[2026-07-11T01:09:33.698+0000] {processor.py:186} INFO - Started process (PID=23043) to work on /opt/airflow/dags/dag_extract_catalogs.py
[2026-07-11T01:09:33.698+0000] {processor.py:914} INFO - Processing file /opt/airflow/dags/dag_extract_catalogs.py for tasks to queue
[2026-07-11T01:09:33.699+0000] {logging_mixin.py:190} INFO - [2026-07-11T01:09:33.699+0000] {dagbag.py:588} INFO - Filling up the DagBag from /opt/airflow/dags/dag_extract_catalogs.py
[2026-07-11T01:09:33.704+0000] {processor.py:925} INFO - DAG(s) 'dag_extract_catalogs' retrieved from /opt/airflow/dags/dag_extract_catalogs.py
[2026-07-11T01:09:33.714+0000] {logging_mixin.py:190} INFO - [2026-07-11T01:09:33.714+0000] {dag.py:3239} INFO - Sync 1 DAGs
[2026-07-11T01:09:33.722+0000] {logging_mixin.py:190} INFO - [2026-07-11T01:09:33.722+0000] {dag.py:4180} INFO - Setting next_dagrun for dag_extract_catalogs to 2026-07-10 01:00:00+00:00, run_after=2026-07-11 01:00:00+00:00
[2026-07-11T01:09:33.726+0000] {processor.py:208} INFO - Processing /opt/airflow/dags/dag_extract_catalogs.py took 0.031 seconds
[2026-07-11T01:29:47.722+0000] {processor.py:186} INFO - Started process (PID=23063) to work on /opt/airflow/dags/dag_extract_catalogs.py
[2026-07-11T01:29:47.722+0000] {processor.py:914} INFO - Processing file /opt/airflow/dags/dag_extract_catalogs.py for tasks to queue
[2026-07-11T01:29:47.723+0000] {logging_mixin.py:190} INFO - [2026-07-11T01:29:47.723+0000] {dagbag.py:588} INFO - Filling up the DagBag from /opt/airflow/dags/dag_extract_catalogs.py
[2026-07-11T01:29:47.728+0000] {processor.py:925} INFO - DAG(s) 'dag_extract_catalogs' retrieved from /opt/airflow/dags/dag_extract_catalogs.py
[2026-07-11T01:29:47.737+0000] {logging_mixin.py:190} INFO - [2026-07-11T01:29:47.737+0000] {dag.py:3239} INFO - Sync 1 DAGs
[2026-07-11T01:29:47.744+0000] {logging_mixin.py:190} INFO - [2026-07-11T01:29:47.744+0000] {dag.py:4180} INFO - Setting next_dagrun for dag_extract_catalogs to 2026-07-10 01:00:00+00:00, run_after=2026-07-11 01:00:00+00:00
[2026-07-11T01:29:47.749+0000] {processor.py:208} INFO - Processing /opt/airflow/dags/dag_extract_catalogs.py took 0.029 seconds
[2026-07-11T01:46:01.296+0000] {processor.py:186} INFO - Started process (PID=23083) to work on /opt/airflow/dags/dag_extract_catalogs.py
[2026-07-11T01:46:01.296+0000] {processor.py:914} INFO - Processing file /opt/airflow/dags/dag_extract_catalogs.py for tasks to queue
[2026-07-11T01:46:01.297+0000] {logging_mixin.py:190} INFO - [2026-07-11T01:46:01.297+0000] {dagbag.py:588} INFO - Filling up the DagBag from /opt/airflow/dags/dag_extract_catalogs.py
[2026-07-11T01:46:01.302+0000] {processor.py:925} INFO - DAG(s) 'dag_extract_catalogs' retrieved from /opt/airflow/dags/dag_extract_catalogs.py
[2026-07-11T01:46:01.313+0000] {logging_mixin.py:190} INFO - [2026-07-11T01:46:01.313+0000] {dag.py:3239} INFO - Sync 1 DAGs
[2026-07-11T01:46:01.320+0000] {logging_mixin.py:190} INFO - [2026-07-11T01:46:01.320+0000] {dag.py:4180} INFO - Setting next_dagrun for dag_extract_catalogs to 2026-07-10 01:00:00+00:00, run_after=2026-07-11 01:00:00+00:00
[2026-07-11T01:46:01.324+0000] {processor.py:208} INFO - Processing /opt/airflow/dags/dag_extract_catalogs.py took 0.032 seconds
[2026-07-11T03:11:22.186+0000] {processor.py:186} INFO - Started process (PID=23103) to work on /opt/airflow/dags/dag_extract_catalogs.py
[2026-07-11T03:11:22.187+0000] {processor.py:914} INFO - Processing file /opt/airflow/dags/dag_extract_catalogs.py for tasks to queue
[2026-07-11T03:11:22.188+0000] {logging_mixin.py:190} INFO - [2026-07-11T03:11:22.188+0000] {dagbag.py:588} INFO - Filling up the DagBag from /opt/airflow/dags/dag_extract_catalogs.py
[2026-07-11T03:11:22.193+0000] {processor.py:925} INFO - DAG(s) 'dag_extract_catalogs' retrieved from /opt/airflow/dags/dag_extract_catalogs.py
[2026-07-11T03:11:22.204+0000] {logging_mixin.py:190} INFO - [2026-07-11T03:11:22.203+0000] {dag.py:3239} INFO - Sync 1 DAGs
[2026-07-11T03:11:22.211+0000] {logging_mixin.py:190} INFO - [2026-07-11T03:11:22.211+0000] {dag.py:4180} INFO - Setting next_dagrun for dag_extract_catalogs to 2026-07-10 01:00:00+00:00, run_after=2026-07-11 01:00:00+00:00
[2026-07-11T03:11:22.216+0000] {processor.py:208} INFO - Processing /opt/airflow/dags/dag_extract_catalogs.py took 0.033 seconds
[2026-07-11T03:11:52.678+0000] {processor.py:186} INFO - Started process (PID=23121) to work on /opt/airflow/dags/dag_extract_catalogs.py
[2026-07-11T03:11:52.680+0000] {processor.py:914} INFO - Processing file /opt/airflow/dags/dag_extract_catalogs.py for tasks to queue
[2026-07-11T03:11:52.681+0000] {logging_mixin.py:190} INFO - [2026-07-11T03:11:52.681+0000] {dagbag.py:588} INFO - Filling up the DagBag from /opt/airflow/dags/dag_extract_catalogs.py
[2026-07-11T03:11:52.689+0000] {processor.py:925} INFO - DAG(s) 'dag_extract_catalogs' retrieved from /opt/airflow/dags/dag_extract_catalogs.py
[2026-07-11T03:11:52.704+0000] {logging_mixin.py:190} INFO - [2026-07-11T03:11:52.704+0000] {dag.py:3239} INFO - Sync 1 DAGs
[2026-07-11T03:11:52.712+0000] {logging_mixin.py:190} INFO - [2026-07-11T03:11:52.712+0000] {dag.py:4180} INFO - Setting next_dagrun for dag_extract_catalogs to 2026-07-10 01:00:00+00:00, run_after=2026-07-11 01:00:00+00:00
[2026-07-11T03:11:52.720+0000] {processor.py:208} INFO - Processing /opt/airflow/dags/dag_extract_catalogs.py took 0.045 seconds
[2026-07-11T03:12:23.236+0000] {processor.py:186} INFO - Started process (PID=23143) to work on /opt/airflow/dags/dag_extract_catalogs.py
[2026-07-11T03:12:23.236+0000] {processor.py:914} INFO - Processing file /opt/airflow/dags/dag_extract_catalogs.py for tasks to queue
[2026-07-11T03:12:23.237+0000] {logging_mixin.py:190} INFO - [2026-07-11T03:12:23.237+0000] {dagbag.py:588} INFO - Filling up the DagBag from /opt/airflow/dags/dag_extract_catalogs.py
[2026-07-11T03:12:23.242+0000] {processor.py:925} INFO - DAG(s) 'dag_extract_catalogs' retrieved from /opt/airflow/dags/dag_extract_catalogs.py
[2026-07-11T03:12:23.252+0000] {logging_mixin.py:190} INFO - [2026-07-11T03:12:23.252+0000] {dag.py:3239} INFO - Sync 1 DAGs
[2026-07-11T03:12:23.259+0000] {logging_mixin.py:190} INFO - [2026-07-11T03:12:23.259+0000] {dag.py:4180} INFO - Setting next_dagrun for dag_extract_catalogs to 2026-07-10 01:00:00+00:00, run_after=2026-07-11 01:00:00+00:00
[2026-07-11T03:12:23.264+0000] {processor.py:208} INFO - Processing /opt/airflow/dags/dag_extract_catalogs.py took 0.031 seconds
[2026-07-11T03:12:53.698+0000] {processor.py:186} INFO - Started process (PID=23163) to work on /opt/airflow/dags/dag_extract_catalogs.py
[2026-07-11T03:12:53.698+0000] {processor.py:914} INFO - Processing file /opt/airflow/dags/dag_extract_catalogs.py for tasks to queue
[2026-07-11T03:12:53.699+0000] {logging_mixin.py:190} INFO - [2026-07-11T03:12:53.699+0000] {dagbag.py:588} INFO - Filling up the DagBag from /opt/airflow/dags/dag_extract_catalogs.py
[2026-07-11T03:12:53.704+0000] {processor.py:925} INFO - DAG(s) 'dag_extract_catalogs' retrieved from /opt/airflow/dags/dag_extract_catalogs.py
[2026-07-11T03:12:53.717+0000] {logging_mixin.py:190} INFO - [2026-07-11T03:12:53.716+0000] {dag.py:3239} INFO - Sync 1 DAGs
[2026-07-11T03:12:53.726+0000] {logging_mixin.py:190} INFO - [2026-07-11T03:12:53.726+0000] {dag.py:4180} INFO - Setting next_dagrun for dag_extract_catalogs to 2026-07-10 01:00:00+00:00, run_after=2026-07-11 01:00:00+00:00
[2026-07-11T03:12:53.732+0000] {processor.py:208} INFO - Processing /opt/airflow/dags/dag_extract_catalogs.py took 0.037 seconds
[2026-07-11T03:13:24.129+0000] {processor.py:186} INFO - Started process (PID=23181) to work on /opt/airflow/dags/dag_extract_catalogs.py
[2026-07-11T03:13:24.130+0000] {processor.py:914} INFO - Processing file /opt/airflow/dags/dag_extract_catalogs.py for tasks to queue
[2026-07-11T03:13:24.131+0000] {logging_mixin.py:190} INFO - [2026-07-11T03:13:24.131+0000] {dagbag.py:588} INFO - Filling up the DagBag from /opt/airflow/dags/dag_extract_catalogs.py
[2026-07-11T03:13:24.138+0000] {processor.py:925} INFO - DAG(s) 'dag_extract_catalogs' retrieved from /opt/airflow/dags/dag_extract_catalogs.py
[2026-07-11T03:13:24.153+0000] {logging_mixin.py:190} INFO - [2026-07-11T03:13:24.153+0000] {dag.py:3239} INFO - Sync 1 DAGs
[2026-07-11T03:13:24.161+0000] {logging_mixin.py:190} INFO - [2026-07-11T03:13:24.160+0000] {dag.py:4180} INFO - Setting next_dagrun for dag_extract_catalogs to 2026-07-10 01:00:00+00:00, run_after=2026-07-11 01:00:00+00:00
[2026-07-11T03:13:24.165+0000] {processor.py:208} INFO - Processing /opt/airflow/dags/dag_extract_catalogs.py took 0.039 seconds
[2026-07-11T03:13:54.700+0000] {processor.py:186} INFO - Started process (PID=23203) to work on /opt/airflow/dags/dag_extract_catalogs.py
[2026-07-11T03:13:54.701+0000] {processor.py:914} INFO - Processing file /opt/airflow/dags/dag_extract_catalogs.py for tasks to queue
[2026-07-11T03:13:54.702+0000] {logging_mixin.py:190} INFO - [2026-07-11T03:13:54.701+0000] {dagbag.py:588} INFO - Filling up the DagBag from /opt/airflow/dags/dag_extract_catalogs.py
[2026-07-11T03:13:54.706+0000] {processor.py:925} INFO - DAG(s) 'dag_extract_catalogs' retrieved from /opt/airflow/dags/dag_extract_catalogs.py
[2026-07-11T03:13:54.717+0000] {logging_mixin.py:190} INFO - [2026-07-11T03:13:54.717+0000] {dag.py:3239} INFO - Sync 1 DAGs
[2026-07-11T03:13:54.723+0000] {logging_mixin.py:190} INFO - [2026-07-11T03:13:54.723+0000] {dag.py:4180} INFO - Setting next_dagrun for dag_extract_catalogs to 2026-07-10 01:00:00+00:00, run_after=2026-07-11 01:00:00+00:00
[2026-07-11T03:13:54.728+0000] {processor.py:208} INFO - Processing /opt/airflow/dags/dag_extract_catalogs.py took 0.030 seconds
[2026-07-11T03:14:25.177+0000] {processor.py:186} INFO - Started process (PID=23223) to work on /opt/airflow/dags/dag_extract_catalogs.py
[2026-07-11T03:14:25.178+0000] {processor.py:914} INFO - Processing file /opt/airflow/dags/dag_extract_catalogs.py for tasks to queue
[2026-07-11T03:14:25.179+0000] {logging_mixin.py:190} INFO - [2026-07-11T03:14:25.179+0000] {dagbag.py:588} INFO - Filling up the DagBag from /opt/airflow/dags/dag_extract_catalogs.py
[2026-07-11T03:14:25.184+0000] {processor.py:925} INFO - DAG(s) 'dag_extract_catalogs' retrieved from /opt/airflow/dags/dag_extract_catalogs.py
[2026-07-11T03:14:25.197+0000] {logging_mixin.py:190} INFO - [2026-07-11T03:14:25.197+0000] {dag.py:3239} INFO - Sync 1 DAGs
[2026-07-11T03:14:25.208+0000] {logging_mixin.py:190} INFO - [2026-07-11T03:14:25.208+0000] {dag.py:4180} INFO - Setting next_dagrun for dag_extract_catalogs to 2026-07-10 01:00:00+00:00, run_after=2026-07-11 01:00:00+00:00
[2026-07-11T03:14:25.214+0000] {processor.py:208} INFO - Processing /opt/airflow/dags/dag_extract_catalogs.py took 0.041 seconds
[2026-07-11T03:14:55.619+0000] {processor.py:186} INFO - Started process (PID=23243) to work on /opt/airflow/dags/dag_extract_catalogs.py
[2026-07-11T03:14:55.619+0000] {processor.py:914} INFO - Processing file /opt/airflow/dags/dag_extract_catalogs.py for tasks to queue
[2026-07-11T03:14:55.620+0000] {logging_mixin.py:190} INFO - [2026-07-11T03:14:55.620+0000] {dagbag.py:588} INFO - Filling up the DagBag from /opt/airflow/dags/dag_extract_catalogs.py
[2026-07-11T03:14:55.625+0000] {processor.py:925} INFO - DAG(s) 'dag_extract_catalogs' retrieved from /opt/airflow/dags/dag_extract_catalogs.py
[2026-07-11T03:14:55.635+0000] {logging_mixin.py:190} INFO - [2026-07-11T03:14:55.635+0000] {dag.py:3239} INFO - Sync 1 DAGs
[2026-07-11T03:14:55.642+0000] {logging_mixin.py:190} INFO - [2026-07-11T03:14:55.642+0000] {dag.py:4180} INFO - Setting next_dagrun for dag_extract_catalogs to 2026-07-10 01:00:00+00:00, run_after=2026-07-11 01:00:00+00:00
[2026-07-11T03:14:55.647+0000] {processor.py:208} INFO - Processing /opt/airflow/dags/dag_extract_catalogs.py took 0.031 seconds
[2026-07-11T03:15:26.042+0000] {processor.py:186} INFO - Started process (PID=23261) to work on /opt/airflow/dags/dag_extract_catalogs.py
[2026-07-11T03:15:26.042+0000] {processor.py:914} INFO - Processing file /opt/airflow/dags/dag_extract_catalogs.py for tasks to queue
[2026-07-11T03:15:26.045+0000] {logging_mixin.py:190} INFO - [2026-07-11T03:15:26.045+0000] {dagbag.py:588} INFO - Filling up the DagBag from /opt/airflow/dags/dag_extract_catalogs.py
[2026-07-11T03:15:26.055+0000] {processor.py:925} INFO - DAG(s) 'dag_extract_catalogs' retrieved from /opt/airflow/dags/dag_extract_catalogs.py
[2026-07-11T03:15:26.074+0000] {logging_mixin.py:190} INFO - [2026-07-11T03:15:26.074+0000] {dag.py:3239} INFO - Sync 1 DAGs
[2026-07-11T03:15:26.087+0000] {logging_mixin.py:190} INFO - [2026-07-11T03:15:26.087+0000] {dag.py:4180} INFO - Setting next_dagrun for dag_extract_catalogs to 2026-07-10 01:00:00+00:00, run_after=2026-07-11 01:00:00+00:00
[2026-07-11T03:15:26.093+0000] {processor.py:208} INFO - Processing /opt/airflow/dags/dag_extract_catalogs.py took 0.055 seconds
[2026-07-11T03:15:56.551+0000] {processor.py:186} INFO - Started process (PID=23283) to work on /opt/airflow/dags/dag_extract_catalogs.py
[2026-07-11T03:15:56.551+0000] {processor.py:914} INFO - Processing file /opt/airflow/dags/dag_extract_catalogs.py for tasks to queue
[2026-07-11T03:15:56.552+0000] {logging_mixin.py:190} INFO - [2026-07-11T03:15:56.552+0000] {dagbag.py:588} INFO - Filling up the DagBag from /opt/airflow/dags/dag_extract_catalogs.py
[2026-07-11T03:15:56.557+0000] {processor.py:925} INFO - DAG(s) 'dag_extract_catalogs' retrieved from /opt/airflow/dags/dag_extract_catalogs.py
[2026-07-11T03:15:56.567+0000] {logging_mixin.py:190} INFO - [2026-07-11T03:15:56.567+0000] {dag.py:3239} INFO - Sync 1 DAGs
[2026-07-11T03:15:56.575+0000] {logging_mixin.py:190} INFO - [2026-07-11T03:15:56.574+0000] {dag.py:4180} INFO - Setting next_dagrun for dag_extract_catalogs to 2026-07-10 01:00:00+00:00, run_after=2026-07-11 01:00:00+00:00
[2026-07-11T03:15:56.579+0000] {processor.py:208} INFO - Processing /opt/airflow/dags/dag_extract_catalogs.py took 0.031 seconds
[2026-07-11T03:16:26.988+0000] {processor.py:186} INFO - Started process (PID=23303) to work on /opt/airflow/dags/dag_extract_catalogs.py
[2026-07-11T03:16:26.988+0000] {processor.py:914} INFO - Processing file /opt/airflow/dags/dag_extract_catalogs.py for tasks to queue
[2026-07-11T03:16:26.989+0000] {logging_mixin.py:190} INFO - [2026-07-11T03:16:26.989+0000] {dagbag.py:588} INFO - Filling up the DagBag from /opt/airflow/dags/dag_extract_catalogs.py
[2026-07-11T03:16:26.994+0000] {processor.py:925} INFO - DAG(s) 'dag_extract_catalogs' retrieved from /opt/airflow/dags/dag_extract_catalogs.py
[2026-07-11T03:16:27.004+0000] {logging_mixin.py:190} INFO - [2026-07-11T03:16:27.004+0000] {dag.py:3239} INFO - Sync 1 DAGs
[2026-07-11T03:16:27.011+0000] {logging_mixin.py:190} INFO - [2026-07-11T03:16:27.011+0000] {dag.py:4180} INFO - Setting next_dagrun for dag_extract_catalogs to 2026-07-10 01:00:00+00:00, run_after=2026-07-11 01:00:00+00:00
[2026-07-11T03:16:27.016+0000] {processor.py:208} INFO - Processing /opt/airflow/dags/dag_extract_catalogs.py took 0.031 seconds
[2026-07-11T03:16:57.502+0000] {processor.py:186} INFO - Started process (PID=23321) to work on /opt/airflow/dags/dag_extract_catalogs.py
[2026-07-11T03:16:57.504+0000] {processor.py:914} INFO - Processing file /opt/airflow/dags/dag_extract_catalogs.py for tasks to queue
[2026-07-11T03:16:57.505+0000] {logging_mixin.py:190} INFO - [2026-07-11T03:16:57.505+0000] {dagbag.py:588} INFO - Filling up the DagBag from /opt/airflow/dags/dag_extract_catalogs.py
[2026-07-11T03:16:57.512+0000] {processor.py:925} INFO - DAG(s) 'dag_extract_catalogs' retrieved from /opt/airflow/dags/dag_extract_catalogs.py
[2026-07-11T03:16:57.526+0000] {logging_mixin.py:190} INFO - [2026-07-11T03:16:57.526+0000] {dag.py:3239} INFO - Sync 1 DAGs
[2026-07-11T03:16:57.537+0000] {logging_mixin.py:190} INFO - [2026-07-11T03:16:57.537+0000] {dag.py:4180} INFO - Setting next_dagrun for dag_extract_catalogs to 2026-07-10 01:00:00+00:00, run_after=2026-07-11 01:00:00+00:00
[2026-07-11T03:16:57.544+0000] {processor.py:208} INFO - Processing /opt/airflow/dags/dag_extract_catalogs.py took 0.047 seconds
[2026-07-11T03:17:28.011+0000] {processor.py:186} INFO - Started process (PID=23341) to work on /opt/airflow/dags/dag_extract_catalogs.py
[2026-07-11T03:17:28.012+0000] {processor.py:914} INFO - Processing file /opt/airflow/dags/dag_extract_catalogs.py for tasks to queue
[2026-07-11T03:17:28.014+0000] {logging_mixin.py:190} INFO - [2026-07-11T03:17:28.014+0000] {dagbag.py:588} INFO - Filling up the DagBag from /opt/airflow/dags/dag_extract_catalogs.py
[2026-07-11T03:17:28.022+0000] {processor.py:925} INFO - DAG(s) 'dag_extract_catalogs' retrieved from /opt/airflow/dags/dag_extract_catalogs.py
[2026-07-11T03:17:28.044+0000] {logging_mixin.py:190} INFO - [2026-07-11T03:17:28.044+0000] {dag.py:3239} INFO - Sync 1 DAGs
[2026-07-11T03:17:28.054+0000] {logging_mixin.py:190} INFO - [2026-07-11T03:17:28.054+0000] {dag.py:4180} INFO - Setting next_dagrun for dag_extract_catalogs to 2026-07-10 01:00:00+00:00, run_after=2026-07-11 01:00:00+00:00
[2026-07-11T03:17:28.167+0000] {processor.py:208} INFO - Processing /opt/airflow/dags/dag_extract_catalogs.py took 0.159 seconds
[2026-07-11T03:17:58.745+0000] {processor.py:186} INFO - Started process (PID=23361) to work on /opt/airflow/dags/dag_extract_catalogs.py
[2026-07-11T03:17:58.745+0000] {processor.py:914} INFO - Processing file /opt/airflow/dags/dag_extract_catalogs.py for tasks to queue
[2026-07-11T03:17:58.746+0000] {logging_mixin.py:190} INFO - [2026-07-11T03:17:58.746+0000] {dagbag.py:588} INFO - Filling up the DagBag from /opt/airflow/dags/dag_extract_catalogs.py
[2026-07-11T03:17:58.752+0000] {processor.py:925} INFO - DAG(s) 'dag_extract_catalogs' retrieved from /opt/airflow/dags/dag_extract_catalogs.py
[2026-07-11T03:17:58.765+0000] {logging_mixin.py:190} INFO - [2026-07-11T03:17:58.765+0000] {dag.py:3239} INFO - Sync 1 DAGs
[2026-07-11T03:17:58.774+0000] {logging_mixin.py:190} INFO - [2026-07-11T03:17:58.774+0000] {dag.py:4180} INFO - Setting next_dagrun for dag_extract_catalogs to 2026-07-10 01:00:00+00:00, run_after=2026-07-11 01:00:00+00:00
[2026-07-11T03:17:58.780+0000] {processor.py:208} INFO - Processing /opt/airflow/dags/dag_extract_catalogs.py took 0.039 seconds
[2026-07-11T03:18:29.346+0000] {processor.py:186} INFO - Started process (PID=23381) to work on /opt/airflow/dags/dag_extract_catalogs.py
[2026-07-11T03:18:29.346+0000] {processor.py:914} INFO - Processing file /opt/airflow/dags/dag_extract_catalogs.py for tasks to queue
[2026-07-11T03:18:29.347+0000] {logging_mixin.py:190} INFO - [2026-07-11T03:18:29.347+0000] {dagbag.py:588} INFO - Filling up the DagBag from /opt/airflow/dags/dag_extract_catalogs.py
[2026-07-11T03:18:29.354+0000] {processor.py:925} INFO - DAG(s) 'dag_extract_catalogs' retrieved from /opt/airflow/dags/dag_extract_catalogs.py
[2026-07-11T03:18:29.367+0000] {logging_mixin.py:190} INFO - [2026-07-11T03:18:29.366+0000] {dag.py:3239} INFO - Sync 1 DAGs
[2026-07-11T03:18:29.446+0000] {logging_mixin.py:190} INFO - [2026-07-11T03:18:29.446+0000] {dag.py:4180} INFO - Setting next_dagrun for dag_extract_catalogs to 2026-07-10 01:00:00+00:00, run_after=2026-07-11 01:00:00+00:00
[2026-07-11T03:18:29.451+0000] {processor.py:208} INFO - Processing /opt/airflow/dags/dag_extract_catalogs.py took 0.109 seconds
[2026-07-11T03:18:59.818+0000] {processor.py:186} INFO - Started process (PID=23401) to work on /opt/airflow/dags/dag_extract_catalogs.py
[2026-07-11T03:18:59.820+0000] {processor.py:914} INFO - Processing file /opt/airflow/dags/dag_extract_catalogs.py for tasks to queue
[2026-07-11T03:18:59.822+0000] {logging_mixin.py:190} INFO - [2026-07-11T03:18:59.822+0000] {dagbag.py:588} INFO - Filling up the DagBag from /opt/airflow/dags/dag_extract_catalogs.py
[2026-07-11T03:18:59.831+0000] {processor.py:925} INFO - DAG(s) 'dag_extract_catalogs' retrieved from /opt/airflow/dags/dag_extract_catalogs.py
[2026-07-11T03:18:59.851+0000] {logging_mixin.py:190} INFO - [2026-07-11T03:18:59.851+0000] {dag.py:3239} INFO - Sync 1 DAGs
[2026-07-11T03:18:59.865+0000] {logging_mixin.py:190} INFO - [2026-07-11T03:18:59.864+0000] {dag.py:4180} INFO - Setting next_dagrun for dag_extract_catalogs to 2026-07-10 01:00:00+00:00, run_after=2026-07-11 01:00:00+00:00
[2026-07-11T03:18:59.971+0000] {processor.py:208} INFO - Processing /opt/airflow/dags/dag_extract_catalogs.py took 0.158 seconds
[2026-07-11T03:19:30.466+0000] {processor.py:186} INFO - Started process (PID=23423) to work on /opt/airflow/dags/dag_extract_catalogs.py
[2026-07-11T03:19:30.466+0000] {processor.py:914} INFO - Processing file /opt/airflow/dags/dag_extract_catalogs.py for tasks to queue
[2026-07-11T03:19:30.467+0000] {logging_mixin.py:190} INFO - [2026-07-11T03:19:30.467+0000] {dagbag.py:588} INFO - Filling up the DagBag from /opt/airflow/dags/dag_extract_catalogs.py
[2026-07-11T03:19:30.532+0000] {processor.py:925} INFO - DAG(s) 'dag_extract_catalogs' retrieved from /opt/airflow/dags/dag_extract_catalogs.py
[2026-07-11T03:19:30.541+0000] {logging_mixin.py:190} INFO - [2026-07-11T03:19:30.541+0000] {dag.py:3239} INFO - Sync 1 DAGs
[2026-07-11T03:19:30.547+0000] {logging_mixin.py:190} INFO - [2026-07-11T03:19:30.547+0000] {dag.py:4180} INFO - Setting next_dagrun for dag_extract_catalogs to 2026-07-10 01:00:00+00:00, run_after=2026-07-11 01:00:00+00:00
[2026-07-11T03:19:30.551+0000] {processor.py:208} INFO - Processing /opt/airflow/dags/dag_extract_catalogs.py took 0.088 seconds
[2026-07-11T03:20:00.826+0000] {processor.py:186} INFO - Started process (PID=23441) to work on /opt/airflow/dags/dag_extract_catalogs.py
[2026-07-11T03:20:00.827+0000] {processor.py:914} INFO - Processing file /opt/airflow/dags/dag_extract_catalogs.py for tasks to queue
[2026-07-11T03:20:00.828+0000] {logging_mixin.py:190} INFO - [2026-07-11T03:20:00.828+0000] {dagbag.py:588} INFO - Filling up the DagBag from /opt/airflow/dags/dag_extract_catalogs.py
[2026-07-11T03:20:00.837+0000] {processor.py:925} INFO - DAG(s) 'dag_extract_catalogs' retrieved from /opt/airflow/dags/dag_extract_catalogs.py
[2026-07-11T03:20:00.854+0000] {logging_mixin.py:190} INFO - [2026-07-11T03:20:00.854+0000] {dag.py:3239} INFO - Sync 1 DAGs
[2026-07-11T03:20:00.864+0000] {logging_mixin.py:190} INFO - [2026-07-11T03:20:00.864+0000] {dag.py:4180} INFO - Setting next_dagrun for dag_extract_catalogs to 2026-07-10 01:00:00+00:00, run_after=2026-07-11 01:00:00+00:00
[2026-07-11T03:20:00.871+0000] {processor.py:208} INFO - Processing /opt/airflow/dags/dag_extract_catalogs.py took 0.049 seconds
[2026-07-11T03:20:31.351+0000] {processor.py:186} INFO - Started process (PID=23463) to work on /opt/airflow/dags/dag_extract_catalogs.py
[2026-07-11T03:20:31.351+0000] {processor.py:914} INFO - Processing file /opt/airflow/dags/dag_extract_catalogs.py for tasks to queue
[2026-07-11T03:20:31.353+0000] {logging_mixin.py:190} INFO - [2026-07-11T03:20:31.352+0000] {dagbag.py:588} INFO - Filling up the DagBag from /opt/airflow/dags/dag_extract_catalogs.py
[2026-07-11T03:20:31.359+0000] {processor.py:925} INFO - DAG(s) 'dag_extract_catalogs' retrieved from /opt/airflow/dags/dag_extract_catalogs.py
[2026-07-11T03:20:31.372+0000] {logging_mixin.py:190} INFO - [2026-07-11T03:20:31.372+0000] {dag.py:3239} INFO - Sync 1 DAGs
[2026-07-11T03:20:31.381+0000] {logging_mixin.py:190} INFO - [2026-07-11T03:20:31.381+0000] {dag.py:4180} INFO - Setting next_dagrun for dag_extract_catalogs to 2026-07-10 01:00:00+00:00, run_after=2026-07-11 01:00:00+00:00
[2026-07-11T03:20:31.387+0000] {processor.py:208} INFO - Processing /opt/airflow/dags/dag_extract_catalogs.py took 0.039 seconds
[2026-07-11T03:21:01.813+0000] {processor.py:186} INFO - Started process (PID=23483) to work on /opt/airflow/dags/dag_extract_catalogs.py
[2026-07-11T03:21:01.814+0000] {processor.py:914} INFO - Processing file /opt/airflow/dags/dag_extract_catalogs.py for tasks to queue
[2026-07-11T03:21:01.815+0000] {logging_mixin.py:190} INFO - [2026-07-11T03:21:01.815+0000] {dagbag.py:588} INFO - Filling up the DagBag from /opt/airflow/dags/dag_extract_catalogs.py
[2026-07-11T03:21:01.821+0000] {processor.py:925} INFO - DAG(s) 'dag_extract_catalogs' retrieved from /opt/airflow/dags/dag_extract_catalogs.py
[2026-07-11T03:21:01.833+0000] {logging_mixin.py:190} INFO - [2026-07-11T03:21:01.833+0000] {dag.py:3239} INFO - Sync 1 DAGs
[2026-07-11T03:21:01.841+0000] {logging_mixin.py:190} INFO - [2026-07-11T03:21:01.840+0000] {dag.py:4180} INFO - Setting next_dagrun for dag_extract_catalogs to 2026-07-10 01:00:00+00:00, run_after=2026-07-11 01:00:00+00:00
[2026-07-11T03:21:01.846+0000] {processor.py:208} INFO - Processing /opt/airflow/dags/dag_extract_catalogs.py took 0.036 seconds
[2026-07-11T03:21:32.297+0000] {processor.py:186} INFO - Started process (PID=23503) to work on /opt/airflow/dags/dag_extract_catalogs.py
[2026-07-11T03:21:32.297+0000] {processor.py:914} INFO - Processing file /opt/airflow/dags/dag_extract_catalogs.py for tasks to queue
[2026-07-11T03:21:32.298+0000] {logging_mixin.py:190} INFO - [2026-07-11T03:21:32.298+0000] {dagbag.py:588} INFO - Filling up the DagBag from /opt/airflow/dags/dag_extract_catalogs.py
[2026-07-11T03:21:32.303+0000] {processor.py:925} INFO - DAG(s) 'dag_extract_catalogs' retrieved from /opt/airflow/dags/dag_extract_catalogs.py
[2026-07-11T03:21:32.315+0000] {logging_mixin.py:190} INFO - [2026-07-11T03:21:32.314+0000] {dag.py:3239} INFO - Sync 1 DAGs
[2026-07-11T03:21:32.322+0000] {logging_mixin.py:190} INFO - [2026-07-11T03:21:32.322+0000] {dag.py:4180} INFO - Setting next_dagrun for dag_extract_catalogs to 2026-07-10 01:00:00+00:00, run_after=2026-07-11 01:00:00+00:00
[2026-07-11T03:21:32.327+0000] {processor.py:208} INFO - Processing /opt/airflow/dags/dag_extract_catalogs.py took 0.033 seconds
[2026-07-11T03:22:02.679+0000] {processor.py:186} INFO - Started process (PID=23521) to work on /opt/airflow/dags/dag_extract_catalogs.py
[2026-07-11T03:22:02.679+0000] {processor.py:914} INFO - Processing file /opt/airflow/dags/dag_extract_catalogs.py for tasks to queue
[2026-07-11T03:22:02.680+0000] {logging_mixin.py:190} INFO - [2026-07-11T03:22:02.680+0000] {dagbag.py:588} INFO - Filling up the DagBag from /opt/airflow/dags/dag_extract_catalogs.py
[2026-07-11T03:22:02.687+0000] {processor.py:925} INFO - DAG(s) 'dag_extract_catalogs' retrieved from /opt/airflow/dags/dag_extract_catalogs.py
[2026-07-11T03:22:02.702+0000] {logging_mixin.py:190} INFO - [2026-07-11T03:22:02.702+0000] {dag.py:3239} INFO - Sync 1 DAGs
[2026-07-11T03:22:02.711+0000] {logging_mixin.py:190} INFO - [2026-07-11T03:22:02.711+0000] {dag.py:4180} INFO - Setting next_dagrun for dag_extract_catalogs to 2026-07-10 01:00:00+00:00, run_after=2026-07-11 01:00:00+00:00
[2026-07-11T03:22:02.716+0000] {processor.py:208} INFO - Processing /opt/airflow/dags/dag_extract_catalogs.py took 0.041 seconds
[2026-07-11T03:22:33.131+0000] {processor.py:186} INFO - Started process (PID=23543) to work on /opt/airflow/dags/dag_extract_catalogs.py
[2026-07-11T03:22:33.131+0000] {processor.py:914} INFO - Processing file /opt/airflow/dags/dag_extract_catalogs.py for tasks to queue
[2026-07-11T03:22:33.133+0000] {logging_mixin.py:190} INFO - [2026-07-11T03:22:33.132+0000] {dagbag.py:588} INFO - Filling up the DagBag from /opt/airflow/dags/dag_extract_catalogs.py
[2026-07-11T03:22:33.138+0000] {processor.py:925} INFO - DAG(s) 'dag_extract_catalogs' retrieved from /opt/airflow/dags/dag_extract_catalogs.py
[2026-07-11T03:22:33.149+0000] {logging_mixin.py:190} INFO - [2026-07-11T03:22:33.149+0000] {dag.py:3239} INFO - Sync 1 DAGs
[2026-07-11T03:22:33.157+0000] {logging_mixin.py:190} INFO - [2026-07-11T03:22:33.157+0000] {dag.py:4180} INFO - Setting next_dagrun for dag_extract_catalogs to 2026-07-10 01:00:00+00:00, run_after=2026-07-11 01:00:00+00:00
[2026-07-11T03:22:33.162+0000] {processor.py:208} INFO - Processing /opt/airflow/dags/dag_extract_catalogs.py took 0.035 seconds
[2026-07-11T03:23:03.500+0000] {processor.py:186} INFO - Started process (PID=23561) to work on /opt/airflow/dags/dag_extract_catalogs.py
[2026-07-11T03:23:03.502+0000] {processor.py:914} INFO - Processing file /opt/airflow/dags/dag_extract_catalogs.py for tasks to queue
[2026-07-11T03:23:03.503+0000] {logging_mixin.py:190} INFO - [2026-07-11T03:23:03.502+0000] {dagbag.py:588} INFO - Filling up the DagBag from /opt/airflow/dags/dag_extract_catalogs.py
[2026-07-11T03:23:03.508+0000] {processor.py:925} INFO - DAG(s) 'dag_extract_catalogs' retrieved from /opt/airflow/dags/dag_extract_catalogs.py
[2026-07-11T03:23:03.523+0000] {logging_mixin.py:190} INFO - [2026-07-11T03:23:03.523+0000] {dag.py:3239} INFO - Sync 1 DAGs
[2026-07-11T03:23:03.531+0000] {logging_mixin.py:190} INFO - [2026-07-11T03:23:03.531+0000] {dag.py:4180} INFO - Setting next_dagrun for dag_extract_catalogs to 2026-07-10 01:00:00+00:00, run_after=2026-07-11 01:00:00+00:00
[2026-07-11T03:23:03.536+0000] {processor.py:208} INFO - Processing /opt/airflow/dags/dag_extract_catalogs.py took 0.039 seconds
[2026-07-11T03:23:33.975+0000] {processor.py:186} INFO - Started process (PID=23583) to work on /opt/airflow/dags/dag_extract_catalogs.py
[2026-07-11T03:23:33.976+0000] {processor.py:914} INFO - Processing file /opt/airflow/dags/dag_extract_catalogs.py for tasks to queue
[2026-07-11T03:23:33.977+0000] {logging_mixin.py:190} INFO - [2026-07-11T03:23:33.977+0000] {dagbag.py:588} INFO - Filling up the DagBag from /opt/airflow/dags/dag_extract_catalogs.py
[2026-07-11T03:23:33.983+0000] {processor.py:925} INFO - DAG(s) 'dag_extract_catalogs' retrieved from /opt/airflow/dags/dag_extract_catalogs.py
[2026-07-11T03:23:33.997+0000] {logging_mixin.py:190} INFO - [2026-07-11T03:23:33.997+0000] {dag.py:3239} INFO - Sync 1 DAGs
[2026-07-11T03:23:34.006+0000] {logging_mixin.py:190} INFO - [2026-07-11T03:23:34.006+0000] {dag.py:4180} INFO - Setting next_dagrun for dag_extract_catalogs to 2026-07-10 01:00:00+00:00, run_after=2026-07-11 01:00:00+00:00
[2026-07-11T03:23:34.011+0000] {processor.py:208} INFO - Processing /opt/airflow/dags/dag_extract_catalogs.py took 0.039 seconds
[2026-07-11T03:24:04.442+0000] {processor.py:186} INFO - Started process (PID=23603) to work on /opt/airflow/dags/dag_extract_catalogs.py
[2026-07-11T03:24:04.442+0000] {processor.py:914} INFO - Processing file /opt/airflow/dags/dag_extract_catalogs.py for tasks to queue
[2026-07-11T03:24:04.443+0000] {logging_mixin.py:190} INFO - [2026-07-11T03:24:04.443+0000] {dagbag.py:588} INFO - Filling up the DagBag from /opt/airflow/dags/dag_extract_catalogs.py
[2026-07-11T03:24:04.449+0000] {processor.py:925} INFO - DAG(s) 'dag_extract_catalogs' retrieved from /opt/airflow/dags/dag_extract_catalogs.py
[2026-07-11T03:24:04.462+0000] {logging_mixin.py:190} INFO - [2026-07-11T03:24:04.462+0000] {dag.py:3239} INFO - Sync 1 DAGs
[2026-07-11T03:24:04.470+0000] {logging_mixin.py:190} INFO - [2026-07-11T03:24:04.470+0000] {dag.py:4180} INFO - Setting next_dagrun for dag_extract_catalogs to 2026-07-10 01:00:00+00:00, run_after=2026-07-11 01:00:00+00:00
[2026-07-11T03:24:04.475+0000] {processor.py:208} INFO - Processing /opt/airflow/dags/dag_extract_catalogs.py took 0.038 seconds
[2026-07-11T03:24:34.847+0000] {processor.py:186} INFO - Started process (PID=23621) to work on /opt/airflow/dags/dag_extract_catalogs.py
[2026-07-11T03:24:34.848+0000] {processor.py:914} INFO - Processing file /opt/airflow/dags/dag_extract_catalogs.py for tasks to queue
[2026-07-11T03:24:34.850+0000] {logging_mixin.py:190} INFO - [2026-07-11T03:24:34.850+0000] {dagbag.py:588} INFO - Filling up the DagBag from /opt/airflow/dags/dag_extract_catalogs.py
[2026-07-11T03:24:34.862+0000] {processor.py:925} INFO - DAG(s) 'dag_extract_catalogs' retrieved from /opt/airflow/dags/dag_extract_catalogs.py
[2026-07-11T03:24:34.878+0000] {logging_mixin.py:190} INFO - [2026-07-11T03:24:34.878+0000] {dag.py:3239} INFO - Sync 1 DAGs
[2026-07-11T03:24:34.889+0000] {logging_mixin.py:190} INFO - [2026-07-11T03:24:34.889+0000] {dag.py:4180} INFO - Setting next_dagrun for dag_extract_catalogs to 2026-07-10 01:00:00+00:00, run_after=2026-07-11 01:00:00+00:00
[2026-07-11T03:24:34.904+0000] {processor.py:208} INFO - Processing /opt/airflow/dags/dag_extract_catalogs.py took 0.061 seconds
[2026-07-11T03:25:05.314+0000] {processor.py:186} INFO - Started process (PID=23643) to work on /opt/airflow/dags/dag_extract_catalogs.py
[2026-07-11T03:25:05.315+0000] {processor.py:914} INFO - Processing file /opt/airflow/dags/dag_extract_catalogs.py for tasks to queue
[2026-07-11T03:25:05.316+0000] {logging_mixin.py:190} INFO - [2026-07-11T03:25:05.316+0000] {dagbag.py:588} INFO - Filling up the DagBag from /opt/airflow/dags/dag_extract_catalogs.py
[2026-07-11T03:25:05.322+0000] {processor.py:925} INFO - DAG(s) 'dag_extract_catalogs' retrieved from /opt/airflow/dags/dag_extract_catalogs.py
[2026-07-11T03:25:05.336+0000] {logging_mixin.py:190} INFO - [2026-07-11T03:25:05.335+0000] {dag.py:3239} INFO - Sync 1 DAGs
[2026-07-11T03:25:05.344+0000] {logging_mixin.py:190} INFO - [2026-07-11T03:25:05.344+0000] {dag.py:4180} INFO - Setting next_dagrun for dag_extract_catalogs to 2026-07-10 01:00:00+00:00, run_after=2026-07-11 01:00:00+00:00
[2026-07-11T03:25:05.350+0000] {processor.py:208} INFO - Processing /opt/airflow/dags/dag_extract_catalogs.py took 0.039 seconds
[2026-07-11T03:25:35.753+0000] {processor.py:186} INFO - Started process (PID=23663) to work on /opt/airflow/dags/dag_extract_catalogs.py
[2026-07-11T03:25:35.754+0000] {processor.py:914} INFO - Processing file /opt/airflow/dags/dag_extract_catalogs.py for tasks to queue
[2026-07-11T03:25:35.755+0000] {logging_mixin.py:190} INFO - [2026-07-11T03:25:35.755+0000] {dagbag.py:588} INFO - Filling up the DagBag from /opt/airflow/dags/dag_extract_catalogs.py
[2026-07-11T03:25:35.760+0000] {processor.py:925} INFO - DAG(s) 'dag_extract_catalogs' retrieved from /opt/airflow/dags/dag_extract_catalogs.py
[2026-07-11T03:25:35.770+0000] {logging_mixin.py:190} INFO - [2026-07-11T03:25:35.770+0000] {dag.py:3239} INFO - Sync 1 DAGs
[2026-07-11T03:25:35.777+0000] {logging_mixin.py:190} INFO - [2026-07-11T03:25:35.777+0000] {dag.py:4180} INFO - Setting next_dagrun for dag_extract_catalogs to 2026-07-10 01:00:00+00:00, run_after=2026-07-11 01:00:00+00:00
[2026-07-11T03:25:35.782+0000] {processor.py:208} INFO - Processing /opt/airflow/dags/dag_extract_catalogs.py took 0.031 seconds
[2026-07-11T03:26:06.159+0000] {processor.py:186} INFO - Started process (PID=23681) to work on /opt/airflow/dags/dag_extract_catalogs.py
[2026-07-11T03:26:06.159+0000] {processor.py:914} INFO - Processing file /opt/airflow/dags/dag_extract_catalogs.py for tasks to queue
[2026-07-11T03:26:06.160+0000] {logging_mixin.py:190} INFO - [2026-07-11T03:26:06.160+0000] {dagbag.py:588} INFO - Filling up the DagBag from /opt/airflow/dags/dag_extract_catalogs.py
[2026-07-11T03:26:06.168+0000] {processor.py:925} INFO - DAG(s) 'dag_extract_catalogs' retrieved from /opt/airflow/dags/dag_extract_catalogs.py
[2026-07-11T03:26:06.182+0000] {logging_mixin.py:190} INFO - [2026-07-11T03:26:06.182+0000] {dag.py:3239} INFO - Sync 1 DAGs
[2026-07-11T03:26:06.192+0000] {logging_mixin.py:190} INFO - [2026-07-11T03:26:06.192+0000] {dag.py:4180} INFO - Setting next_dagrun for dag_extract_catalogs to 2026-07-10 01:00:00+00:00, run_after=2026-07-11 01:00:00+00:00
[2026-07-11T03:26:06.198+0000] {processor.py:208} INFO - Processing /opt/airflow/dags/dag_extract_catalogs.py took 0.042 seconds
[2026-07-11T03:26:36.676+0000] {processor.py:186} INFO - Started process (PID=23701) to work on /opt/airflow/dags/dag_extract_catalogs.py
[2026-07-11T03:26:36.676+0000] {processor.py:914} INFO - Processing file /opt/airflow/dags/dag_extract_catalogs.py for tasks to queue
[2026-07-11T03:26:36.677+0000] {logging_mixin.py:190} INFO - [2026-07-11T03:26:36.677+0000] {dagbag.py:588} INFO - Filling up the DagBag from /opt/airflow/dags/dag_extract_catalogs.py
[2026-07-11T03:26:36.683+0000] {processor.py:925} INFO - DAG(s) 'dag_extract_catalogs' retrieved from /opt/airflow/dags/dag_extract_catalogs.py
[2026-07-11T03:26:36.694+0000] {logging_mixin.py:190} INFO - [2026-07-11T03:26:36.694+0000] {dag.py:3239} INFO - Sync 1 DAGs
[2026-07-11T03:26:36.704+0000] {logging_mixin.py:190} INFO - [2026-07-11T03:26:36.704+0000] {dag.py:4180} INFO - Setting next_dagrun for dag_extract_catalogs to 2026-07-10 01:00:00+00:00, run_after=2026-07-11 01:00:00+00:00
[2026-07-11T03:26:36.709+0000] {processor.py:208} INFO - Processing /opt/airflow/dags/dag_extract_catalogs.py took 0.036 seconds
[2026-07-11T03:27:07.129+0000] {processor.py:186} INFO - Started process (PID=23723) to work on /opt/airflow/dags/dag_extract_catalogs.py
[2026-07-11T03:27:07.129+0000] {processor.py:914} INFO - Processing file /opt/airflow/dags/dag_extract_catalogs.py for tasks to queue
[2026-07-11T03:27:07.130+0000] {logging_mixin.py:190} INFO - [2026-07-11T03:27:07.130+0000] {dagbag.py:588} INFO - Filling up the DagBag from /opt/airflow/dags/dag_extract_catalogs.py
[2026-07-11T03:27:07.135+0000] {processor.py:925} INFO - DAG(s) 'dag_extract_catalogs' retrieved from /opt/airflow/dags/dag_extract_catalogs.py
[2026-07-11T03:27:07.145+0000] {logging_mixin.py:190} INFO - [2026-07-11T03:27:07.145+0000] {dag.py:3239} INFO - Sync 1 DAGs
[2026-07-11T03:27:07.152+0000] {logging_mixin.py:190} INFO - [2026-07-11T03:27:07.152+0000] {dag.py:4180} INFO - Setting next_dagrun for dag_extract_catalogs to 2026-07-10 01:00:00+00:00, run_after=2026-07-11 01:00:00+00:00
[2026-07-11T03:27:07.157+0000] {processor.py:208} INFO - Processing /opt/airflow/dags/dag_extract_catalogs.py took 0.030 seconds
[2026-07-11T03:27:37.566+0000] {processor.py:186} INFO - Started process (PID=23743) to work on /opt/airflow/dags/dag_extract_catalogs.py
[2026-07-11T03:27:37.566+0000] {processor.py:914} INFO - Processing file /opt/airflow/dags/dag_extract_catalogs.py for tasks to queue
[2026-07-11T03:27:37.567+0000] {logging_mixin.py:190} INFO - [2026-07-11T03:27:37.567+0000] {dagbag.py:588} INFO - Filling up the DagBag from /opt/airflow/dags/dag_extract_catalogs.py
[2026-07-11T03:27:37.572+0000] {processor.py:925} INFO - DAG(s) 'dag_extract_catalogs' retrieved from /opt/airflow/dags/dag_extract_catalogs.py
[2026-07-11T03:27:37.582+0000] {logging_mixin.py:190} INFO - [2026-07-11T03:27:37.582+0000] {dag.py:3239} INFO - Sync 1 DAGs
[2026-07-11T03:27:37.589+0000] {logging_mixin.py:190} INFO - [2026-07-11T03:27:37.589+0000] {dag.py:4180} INFO - Setting next_dagrun for dag_extract_catalogs to 2026-07-10 01:00:00+00:00, run_after=2026-07-11 01:00:00+00:00
[2026-07-11T03:27:37.594+0000] {processor.py:208} INFO - Processing /opt/airflow/dags/dag_extract_catalogs.py took 0.031 seconds
[2026-07-11T03:28:08.043+0000] {processor.py:186} INFO - Started process (PID=23763) to work on /opt/airflow/dags/dag_extract_catalogs.py
[2026-07-11T03:28:08.044+0000] {processor.py:914} INFO - Processing file /opt/airflow/dags/dag_extract_catalogs.py for tasks to queue
[2026-07-11T03:28:08.044+0000] {logging_mixin.py:190} INFO - [2026-07-11T03:28:08.044+0000] {dagbag.py:588} INFO - Filling up the DagBag from /opt/airflow/dags/dag_extract_catalogs.py
[2026-07-11T03:28:08.050+0000] {processor.py:925} INFO - DAG(s) 'dag_extract_catalogs' retrieved from /opt/airflow/dags/dag_extract_catalogs.py
[2026-07-11T03:28:08.060+0000] {logging_mixin.py:190} INFO - [2026-07-11T03:28:08.060+0000] {dag.py:3239} INFO - Sync 1 DAGs
[2026-07-11T03:28:08.067+0000] {logging_mixin.py:190} INFO - [2026-07-11T03:28:08.067+0000] {dag.py:4180} INFO - Setting next_dagrun for dag_extract_catalogs to 2026-07-10 01:00:00+00:00, run_after=2026-07-11 01:00:00+00:00
[2026-07-11T03:28:08.072+0000] {processor.py:208} INFO - Processing /opt/airflow/dags/dag_extract_catalogs.py took 0.031 seconds
[2026-07-11T03:28:38.487+0000] {processor.py:186} INFO - Started process (PID=23783) to work on /opt/airflow/dags/dag_extract_catalogs.py
[2026-07-11T03:28:38.487+0000] {processor.py:914} INFO - Processing file /opt/airflow/dags/dag_extract_catalogs.py for tasks to queue
[2026-07-11T03:28:38.488+0000] {logging_mixin.py:190} INFO - [2026-07-11T03:28:38.488+0000] {dagbag.py:588} INFO - Filling up the DagBag from /opt/airflow/dags/dag_extract_catalogs.py
[2026-07-11T03:28:38.493+0000] {processor.py:925} INFO - DAG(s) 'dag_extract_catalogs' retrieved from /opt/airflow/dags/dag_extract_catalogs.py
[2026-07-11T03:28:38.503+0000] {logging_mixin.py:190} INFO - [2026-07-11T03:28:38.503+0000] {dag.py:3239} INFO - Sync 1 DAGs
[2026-07-11T03:28:38.510+0000] {logging_mixin.py:190} INFO - [2026-07-11T03:28:38.510+0000] {dag.py:4180} INFO - Setting next_dagrun for dag_extract_catalogs to 2026-07-10 01:00:00+00:00, run_after=2026-07-11 01:00:00+00:00
[2026-07-11T03:28:38.515+0000] {processor.py:208} INFO - Processing /opt/airflow/dags/dag_extract_catalogs.py took 0.030 seconds
[2026-07-11T03:29:08.935+0000] {processor.py:186} INFO - Started process (PID=23803) to work on /opt/airflow/dags/dag_extract_catalogs.py
[2026-07-11T03:29:08.935+0000] {processor.py:914} INFO - Processing file /opt/airflow/dags/dag_extract_catalogs.py for tasks to queue
[2026-07-11T03:29:08.936+0000] {logging_mixin.py:190} INFO - [2026-07-11T03:29:08.936+0000] {dagbag.py:588} INFO - Filling up the DagBag from /opt/airflow/dags/dag_extract_catalogs.py
[2026-07-11T03:29:08.941+0000] {processor.py:925} INFO - DAG(s) 'dag_extract_catalogs' retrieved from /opt/airflow/dags/dag_extract_catalogs.py
[2026-07-11T03:29:08.952+0000] {logging_mixin.py:190} INFO - [2026-07-11T03:29:08.952+0000] {dag.py:3239} INFO - Sync 1 DAGs
[2026-07-11T03:29:08.959+0000] {logging_mixin.py:190} INFO - [2026-07-11T03:29:08.959+0000] {dag.py:4180} INFO - Setting next_dagrun for dag_extract_catalogs to 2026-07-10 01:00:00+00:00, run_after=2026-07-11 01:00:00+00:00
[2026-07-11T03:29:08.964+0000] {processor.py:208} INFO - Processing /opt/airflow/dags/dag_extract_catalogs.py took 0.031 seconds
[2026-07-11T03:29:39.377+0000] {processor.py:186} INFO - Started process (PID=23821) to work on /opt/airflow/dags/dag_extract_catalogs.py
[2026-07-11T03:29:39.378+0000] {processor.py:914} INFO - Processing file /opt/airflow/dags/dag_extract_catalogs.py for tasks to queue
[2026-07-11T03:29:39.379+0000] {logging_mixin.py:190} INFO - [2026-07-11T03:29:39.379+0000] {dagbag.py:588} INFO - Filling up the DagBag from /opt/airflow/dags/dag_extract_catalogs.py
[2026-07-11T03:29:39.386+0000] {processor.py:925} INFO - DAG(s) 'dag_extract_catalogs' retrieved from /opt/airflow/dags/dag_extract_catalogs.py
[2026-07-11T03:29:39.402+0000] {logging_mixin.py:190} INFO - [2026-07-11T03:29:39.402+0000] {dag.py:3239} INFO - Sync 1 DAGs
[2026-07-11T03:29:39.411+0000] {logging_mixin.py:190} INFO - [2026-07-11T03:29:39.411+0000] {dag.py:4180} INFO - Setting next_dagrun for dag_extract_catalogs to 2026-07-10 01:00:00+00:00, run_after=2026-07-11 01:00:00+00:00
[2026-07-11T03:29:39.418+0000] {processor.py:208} INFO - Processing /opt/airflow/dags/dag_extract_catalogs.py took 0.044 seconds
[2026-07-11T03:30:09.832+0000] {processor.py:186} INFO - Started process (PID=23841) to work on /opt/airflow/dags/dag_extract_catalogs.py
[2026-07-11T03:30:09.833+0000] {processor.py:914} INFO - Processing file /opt/airflow/dags/dag_extract_catalogs.py for tasks to queue
[2026-07-11T03:30:09.834+0000] {logging_mixin.py:190} INFO - [2026-07-11T03:30:09.834+0000] {dagbag.py:588} INFO - Filling up the DagBag from /opt/airflow/dags/dag_extract_catalogs.py
[2026-07-11T03:30:09.842+0000] {processor.py:925} INFO - DAG(s) 'dag_extract_catalogs' retrieved from /opt/airflow/dags/dag_extract_catalogs.py
[2026-07-11T03:30:09.855+0000] {logging_mixin.py:190} INFO - [2026-07-11T03:30:09.855+0000] {dag.py:3239} INFO - Sync 1 DAGs
[2026-07-11T03:30:09.863+0000] {logging_mixin.py:190} INFO - [2026-07-11T03:30:09.863+0000] {dag.py:4180} INFO - Setting next_dagrun for dag_extract_catalogs to 2026-07-10 01:00:00+00:00, run_after=2026-07-11 01:00:00+00:00
[2026-07-11T03:30:09.870+0000] {processor.py:208} INFO - Processing /opt/airflow/dags/dag_extract_catalogs.py took 0.041 seconds
[2026-07-11T03:30:40.315+0000] {processor.py:186} INFO - Started process (PID=23863) to work on /opt/airflow/dags/dag_extract_catalogs.py
[2026-07-11T03:30:40.315+0000] {processor.py:914} INFO - Processing file /opt/airflow/dags/dag_extract_catalogs.py for tasks to queue
[2026-07-11T03:30:40.316+0000] {logging_mixin.py:190} INFO - [2026-07-11T03:30:40.316+0000] {dagbag.py:588} INFO - Filling up the DagBag from /opt/airflow/dags/dag_extract_catalogs.py
[2026-07-11T03:30:40.321+0000] {processor.py:925} INFO - DAG(s) 'dag_extract_catalogs' retrieved from /opt/airflow/dags/dag_extract_catalogs.py
[2026-07-11T03:30:40.332+0000] {logging_mixin.py:190} INFO - [2026-07-11T03:30:40.332+0000] {dag.py:3239} INFO - Sync 1 DAGs
[2026-07-11T03:30:40.339+0000] {logging_mixin.py:190} INFO - [2026-07-11T03:30:40.339+0000] {dag.py:4180} INFO - Setting next_dagrun for dag_extract_catalogs to 2026-07-10 01:00:00+00:00, run_after=2026-07-11 01:00:00+00:00
[2026-07-11T03:30:40.344+0000] {processor.py:208} INFO - Processing /opt/airflow/dags/dag_extract_catalogs.py took 0.031 seconds
[2026-07-11T03:31:10.803+0000] {processor.py:186} INFO - Started process (PID=23883) to work on /opt/airflow/dags/dag_extract_catalogs.py
[2026-07-11T03:31:10.803+0000] {processor.py:914} INFO - Processing file /opt/airflow/dags/dag_extract_catalogs.py for tasks to queue
[2026-07-11T03:31:10.804+0000] {logging_mixin.py:190} INFO - [2026-07-11T03:31:10.804+0000] {dagbag.py:588} INFO - Filling up the DagBag from /opt/airflow/dags/dag_extract_catalogs.py
[2026-07-11T03:31:10.809+0000] {processor.py:925} INFO - DAG(s) 'dag_extract_catalogs' retrieved from /opt/airflow/dags/dag_extract_catalogs.py
[2026-07-11T03:31:10.820+0000] {logging_mixin.py:190} INFO - [2026-07-11T03:31:10.820+0000] {dag.py:3239} INFO - Sync 1 DAGs
[2026-07-11T03:31:10.827+0000] {logging_mixin.py:190} INFO - [2026-07-11T03:31:10.827+0000] {dag.py:4180} INFO - Setting next_dagrun for dag_extract_catalogs to 2026-07-10 01:00:00+00:00, run_after=2026-07-11 01:00:00+00:00
[2026-07-11T03:31:10.832+0000] {processor.py:208} INFO - Processing /opt/airflow/dags/dag_extract_catalogs.py took 0.032 seconds
[2026-07-11T03:31:41.317+0000] {processor.py:186} INFO - Started process (PID=23903) to work on /opt/airflow/dags/dag_extract_catalogs.py
[2026-07-11T03:31:41.317+0000] {processor.py:914} INFO - Processing file /opt/airflow/dags/dag_extract_catalogs.py for tasks to queue
[2026-07-11T03:31:41.318+0000] {logging_mixin.py:190} INFO - [2026-07-11T03:31:41.318+0000] {dagbag.py:588} INFO - Filling up the DagBag from /opt/airflow/dags/dag_extract_catalogs.py
[2026-07-11T03:31:41.323+0000] {processor.py:925} INFO - DAG(s) 'dag_extract_catalogs' retrieved from /opt/airflow/dags/dag_extract_catalogs.py
[2026-07-11T03:31:41.334+0000] {logging_mixin.py:190} INFO - [2026-07-11T03:31:41.333+0000] {dag.py:3239} INFO - Sync 1 DAGs
[2026-07-11T03:31:41.341+0000] {logging_mixin.py:190} INFO - [2026-07-11T03:31:41.341+0000] {dag.py:4180} INFO - Setting next_dagrun for dag_extract_catalogs to 2026-07-10 01:00:00+00:00, run_after=2026-07-11 01:00:00+00:00
[2026-07-11T03:31:41.345+0000] {processor.py:208} INFO - Processing /opt/airflow/dags/dag_extract_catalogs.py took 0.031 seconds
[2026-07-11T03:32:11.819+0000] {processor.py:186} INFO - Started process (PID=23923) to work on /opt/airflow/dags/dag_extract_catalogs.py
[2026-07-11T03:32:11.819+0000] {processor.py:914} INFO - Processing file /opt/airflow/dags/dag_extract_catalogs.py for tasks to queue
[2026-07-11T03:32:11.820+0000] {logging_mixin.py:190} INFO - [2026-07-11T03:32:11.820+0000] {dagbag.py:588} INFO - Filling up the DagBag from /opt/airflow/dags/dag_extract_catalogs.py
[2026-07-11T03:32:11.825+0000] {processor.py:925} INFO - DAG(s) 'dag_extract_catalogs' retrieved from /opt/airflow/dags/dag_extract_catalogs.py
[2026-07-11T03:32:11.836+0000] {logging_mixin.py:190} INFO - [2026-07-11T03:32:11.836+0000] {dag.py:3239} INFO - Sync 1 DAGs
[2026-07-11T03:32:11.843+0000] {logging_mixin.py:190} INFO - [2026-07-11T03:32:11.843+0000] {dag.py:4180} INFO - Setting next_dagrun for dag_extract_catalogs to 2026-07-10 01:00:00+00:00, run_after=2026-07-11 01:00:00+00:00
[2026-07-11T03:32:11.848+0000] {processor.py:208} INFO - Processing /opt/airflow/dags/dag_extract_catalogs.py took 0.031 seconds
[2026-07-11T03:32:42.282+0000] {processor.py:186} INFO - Started process (PID=23943) to work on /opt/airflow/dags/dag_extract_catalogs.py
[2026-07-11T03:32:42.282+0000] {processor.py:914} INFO - Processing file /opt/airflow/dags/dag_extract_catalogs.py for tasks to queue
[2026-07-11T03:32:42.283+0000] {logging_mixin.py:190} INFO - [2026-07-11T03:32:42.283+0000] {dagbag.py:588} INFO - Filling up the DagBag from /opt/airflow/dags/dag_extract_catalogs.py
[2026-07-11T03:32:42.288+0000] {processor.py:925} INFO - DAG(s) 'dag_extract_catalogs' retrieved from /opt/airflow/dags/dag_extract_catalogs.py
[2026-07-11T03:32:42.298+0000] {logging_mixin.py:190} INFO - [2026-07-11T03:32:42.298+0000] {dag.py:3239} INFO - Sync 1 DAGs
[2026-07-11T03:32:42.305+0000] {logging_mixin.py:190} INFO - [2026-07-11T03:32:42.305+0000] {dag.py:4180} INFO - Setting next_dagrun for dag_extract_catalogs to 2026-07-10 01:00:00+00:00, run_after=2026-07-11 01:00:00+00:00
[2026-07-11T03:32:42.310+0000] {processor.py:208} INFO - Processing /opt/airflow/dags/dag_extract_catalogs.py took 0.031 seconds
[2026-07-11T03:33:12.719+0000] {processor.py:186} INFO - Started process (PID=23963) to work on /opt/airflow/dags/dag_extract_catalogs.py
[2026-07-11T03:33:12.720+0000] {processor.py:914} INFO - Processing file /opt/airflow/dags/dag_extract_catalogs.py for tasks to queue
[2026-07-11T03:33:12.721+0000] {logging_mixin.py:190} INFO - [2026-07-11T03:33:12.721+0000] {dagbag.py:588} INFO - Filling up the DagBag from /opt/airflow/dags/dag_extract_catalogs.py
[2026-07-11T03:33:12.726+0000] {processor.py:925} INFO - DAG(s) 'dag_extract_catalogs' retrieved from /opt/airflow/dags/dag_extract_catalogs.py
[2026-07-11T03:33:12.736+0000] {logging_mixin.py:190} INFO - [2026-07-11T03:33:12.736+0000] {dag.py:3239} INFO - Sync 1 DAGs
[2026-07-11T03:33:12.743+0000] {logging_mixin.py:190} INFO - [2026-07-11T03:33:12.743+0000] {dag.py:4180} INFO - Setting next_dagrun for dag_extract_catalogs to 2026-07-10 01:00:00+00:00, run_after=2026-07-11 01:00:00+00:00
[2026-07-11T03:33:12.748+0000] {processor.py:208} INFO - Processing /opt/airflow/dags/dag_extract_catalogs.py took 0.031 seconds
[2026-07-11T03:33:43.119+0000] {processor.py:186} INFO - Started process (PID=23981) to work on /opt/airflow/dags/dag_extract_catalogs.py
[2026-07-11T03:33:43.120+0000] {processor.py:914} INFO - Processing file /opt/airflow/dags/dag_extract_catalogs.py for tasks to queue
[2026-07-11T03:33:43.121+0000] {logging_mixin.py:190} INFO - [2026-07-11T03:33:43.121+0000] {dagbag.py:588} INFO - Filling up the DagBag from /opt/airflow/dags/dag_extract_catalogs.py
[2026-07-11T03:33:43.128+0000] {processor.py:925} INFO - DAG(s) 'dag_extract_catalogs' retrieved from /opt/airflow/dags/dag_extract_catalogs.py
[2026-07-11T03:33:43.143+0000] {logging_mixin.py:190} INFO - [2026-07-11T03:33:43.143+0000] {dag.py:3239} INFO - Sync 1 DAGs
[2026-07-11T03:33:43.150+0000] {logging_mixin.py:190} INFO - [2026-07-11T03:33:43.150+0000] {dag.py:4180} INFO - Setting next_dagrun for dag_extract_catalogs to 2026-07-10 01:00:00+00:00, run_after=2026-07-11 01:00:00+00:00
[2026-07-11T03:33:43.157+0000] {processor.py:208} INFO - Processing /opt/airflow/dags/dag_extract_catalogs.py took 0.040 seconds
[2026-07-11T03:34:13.631+0000] {processor.py:186} INFO - Started process (PID=24003) to work on /opt/airflow/dags/dag_extract_catalogs.py
[2026-07-11T03:34:13.631+0000] {processor.py:914} INFO - Processing file /opt/airflow/dags/dag_extract_catalogs.py for tasks to queue
[2026-07-11T03:34:13.632+0000] {logging_mixin.py:190} INFO - [2026-07-11T03:34:13.632+0000] {dagbag.py:588} INFO - Filling up the DagBag from /opt/airflow/dags/dag_extract_catalogs.py
[2026-07-11T03:34:13.637+0000] {processor.py:925} INFO - DAG(s) 'dag_extract_catalogs' retrieved from /opt/airflow/dags/dag_extract_catalogs.py
[2026-07-11T03:34:13.647+0000] {logging_mixin.py:190} INFO - [2026-07-11T03:34:13.647+0000] {dag.py:3239} INFO - Sync 1 DAGs
[2026-07-11T03:34:13.654+0000] {logging_mixin.py:190} INFO - [2026-07-11T03:34:13.654+0000] {dag.py:4180} INFO - Setting next_dagrun for dag_extract_catalogs to 2026-07-10 01:00:00+00:00, run_after=2026-07-11 01:00:00+00:00
[2026-07-11T03:34:13.659+0000] {processor.py:208} INFO - Processing /opt/airflow/dags/dag_extract_catalogs.py took 0.031 seconds
[2026-07-11T03:34:44.069+0000] {processor.py:186} INFO - Started process (PID=24021) to work on /opt/airflow/dags/dag_extract_catalogs.py
[2026-07-11T03:34:44.071+0000] {processor.py:914} INFO - Processing file /opt/airflow/dags/dag_extract_catalogs.py for tasks to queue
[2026-07-11T03:34:44.072+0000] {logging_mixin.py:190} INFO - [2026-07-11T03:34:44.072+0000] {dagbag.py:588} INFO - Filling up the DagBag from /opt/airflow/dags/dag_extract_catalogs.py
[2026-07-11T03:34:44.077+0000] {processor.py:925} INFO - DAG(s) 'dag_extract_catalogs' retrieved from /opt/airflow/dags/dag_extract_catalogs.py
[2026-07-11T03:34:44.090+0000] {logging_mixin.py:190} INFO - [2026-07-11T03:34:44.090+0000] {dag.py:3239} INFO - Sync 1 DAGs
[2026-07-11T03:34:44.102+0000] {logging_mixin.py:190} INFO - [2026-07-11T03:34:44.102+0000] {dag.py:4180} INFO - Setting next_dagrun for dag_extract_catalogs to 2026-07-10 01:00:00+00:00, run_after=2026-07-11 01:00:00+00:00
[2026-07-11T03:34:44.110+0000] {processor.py:208} INFO - Processing /opt/airflow/dags/dag_extract_catalogs.py took 0.044 seconds
[2026-07-11T03:35:14.596+0000] {processor.py:186} INFO - Started process (PID=24041) to work on /opt/airflow/dags/dag_extract_catalogs.py
[2026-07-11T03:35:14.596+0000] {processor.py:914} INFO - Processing file /opt/airflow/dags/dag_extract_catalogs.py for tasks to queue
[2026-07-11T03:35:14.597+0000] {logging_mixin.py:190} INFO - [2026-07-11T03:35:14.597+0000] {dagbag.py:588} INFO - Filling up the DagBag from /opt/airflow/dags/dag_extract_catalogs.py
[2026-07-11T03:35:14.604+0000] {processor.py:925} INFO - DAG(s) 'dag_extract_catalogs' retrieved from /opt/airflow/dags/dag_extract_catalogs.py
[2026-07-11T03:35:14.615+0000] {logging_mixin.py:190} INFO - [2026-07-11T03:35:14.614+0000] {dag.py:3239} INFO - Sync 1 DAGs
[2026-07-11T03:35:14.622+0000] {logging_mixin.py:190} INFO - [2026-07-11T03:35:14.622+0000] {dag.py:4180} INFO - Setting next_dagrun for dag_extract_catalogs to 2026-07-10 01:00:00+00:00, run_after=2026-07-11 01:00:00+00:00
[2026-07-11T03:35:14.631+0000] {processor.py:208} INFO - Processing /opt/airflow/dags/dag_extract_catalogs.py took 0.038 seconds
[2026-07-11T03:35:45.126+0000] {processor.py:186} INFO - Started process (PID=24063) to work on /opt/airflow/dags/dag_extract_catalogs.py
[2026-07-11T03:35:45.127+0000] {processor.py:914} INFO - Processing file /opt/airflow/dags/dag_extract_catalogs.py for tasks to queue
[2026-07-11T03:35:45.128+0000] {logging_mixin.py:190} INFO - [2026-07-11T03:35:45.128+0000] {dagbag.py:588} INFO - Filling up the DagBag from /opt/airflow/dags/dag_extract_catalogs.py
[2026-07-11T03:35:45.132+0000] {processor.py:925} INFO - DAG(s) 'dag_extract_catalogs' retrieved from /opt/airflow/dags/dag_extract_catalogs.py
[2026-07-11T03:35:45.142+0000] {logging_mixin.py:190} INFO - [2026-07-11T03:35:45.142+0000] {dag.py:3239} INFO - Sync 1 DAGs
[2026-07-11T03:35:45.150+0000] {logging_mixin.py:190} INFO - [2026-07-11T03:35:45.150+0000] {dag.py:4180} INFO - Setting next_dagrun for dag_extract_catalogs to 2026-07-10 01:00:00+00:00, run_after=2026-07-11 01:00:00+00:00
[2026-07-11T03:35:45.154+0000] {processor.py:208} INFO - Processing /opt/airflow/dags/dag_extract_catalogs.py took 0.031 seconds
[2026-07-11T03:36:15.632+0000] {processor.py:186} INFO - Started process (PID=24083) to work on /opt/airflow/dags/dag_extract_catalogs.py
[2026-07-11T03:36:15.632+0000] {processor.py:914} INFO - Processing file /opt/airflow/dags/dag_extract_catalogs.py for tasks to queue
[2026-07-11T03:36:15.633+0000] {logging_mixin.py:190} INFO - [2026-07-11T03:36:15.633+0000] {dagbag.py:588} INFO - Filling up the DagBag from /opt/airflow/dags/dag_extract_catalogs.py
[2026-07-11T03:36:15.638+0000] {processor.py:925} INFO - DAG(s) 'dag_extract_catalogs' retrieved from /opt/airflow/dags/dag_extract_catalogs.py
[2026-07-11T03:36:15.648+0000] {logging_mixin.py:190} INFO - [2026-07-11T03:36:15.647+0000] {dag.py:3239} INFO - Sync 1 DAGs
[2026-07-11T03:36:15.655+0000] {logging_mixin.py:190} INFO - [2026-07-11T03:36:15.654+0000] {dag.py:4180} INFO - Setting next_dagrun for dag_extract_catalogs to 2026-07-10 01:00:00+00:00, run_after=2026-07-11 01:00:00+00:00
[2026-07-11T03:36:15.659+0000] {processor.py:208} INFO - Processing /opt/airflow/dags/dag_extract_catalogs.py took 0.029 seconds
[2026-07-11T03:36:46.161+0000] {processor.py:186} INFO - Started process (PID=24103) to work on /opt/airflow/dags/dag_extract_catalogs.py
[2026-07-11T03:36:46.161+0000] {processor.py:914} INFO - Processing file /opt/airflow/dags/dag_extract_catalogs.py for tasks to queue
[2026-07-11T03:36:46.162+0000] {logging_mixin.py:190} INFO - [2026-07-11T03:36:46.162+0000] {dagbag.py:588} INFO - Filling up the DagBag from /opt/airflow/dags/dag_extract_catalogs.py
[2026-07-11T03:36:46.167+0000] {processor.py:925} INFO - DAG(s) 'dag_extract_catalogs' retrieved from /opt/airflow/dags/dag_extract_catalogs.py
[2026-07-11T03:36:46.177+0000] {logging_mixin.py:190} INFO - [2026-07-11T03:36:46.177+0000] {dag.py:3239} INFO - Sync 1 DAGs
[2026-07-11T03:36:46.184+0000] {logging_mixin.py:190} INFO - [2026-07-11T03:36:46.184+0000] {dag.py:4180} INFO - Setting next_dagrun for dag_extract_catalogs to 2026-07-10 01:00:00+00:00, run_after=2026-07-11 01:00:00+00:00
[2026-07-11T03:36:46.188+0000] {processor.py:208} INFO - Processing /opt/airflow/dags/dag_extract_catalogs.py took 0.030 seconds
[2026-07-11T03:37:16.604+0000] {processor.py:186} INFO - Started process (PID=24121) to work on /opt/airflow/dags/dag_extract_catalogs.py
[2026-07-11T03:37:16.605+0000] {processor.py:914} INFO - Processing file /opt/airflow/dags/dag_extract_catalogs.py for tasks to queue
[2026-07-11T03:37:16.606+0000] {logging_mixin.py:190} INFO - [2026-07-11T03:37:16.606+0000] {dagbag.py:588} INFO - Filling up the DagBag from /opt/airflow/dags/dag_extract_catalogs.py
[2026-07-11T03:37:16.613+0000] {processor.py:925} INFO - DAG(s) 'dag_extract_catalogs' retrieved from /opt/airflow/dags/dag_extract_catalogs.py
[2026-07-11T03:37:16.627+0000] {logging_mixin.py:190} INFO - [2026-07-11T03:37:16.627+0000] {dag.py:3239} INFO - Sync 1 DAGs
[2026-07-11T03:37:16.636+0000] {logging_mixin.py:190} INFO - [2026-07-11T03:37:16.636+0000] {dag.py:4180} INFO - Setting next_dagrun for dag_extract_catalogs to 2026-07-10 01:00:00+00:00, run_after=2026-07-11 01:00:00+00:00
[2026-07-11T03:37:16.640+0000] {processor.py:208} INFO - Processing /opt/airflow/dags/dag_extract_catalogs.py took 0.039 seconds
[2026-07-11T03:37:47.172+0000] {processor.py:186} INFO - Started process (PID=24143) to work on /opt/airflow/dags/dag_extract_catalogs.py
[2026-07-11T03:37:47.173+0000] {processor.py:914} INFO - Processing file /opt/airflow/dags/dag_extract_catalogs.py for tasks to queue
[2026-07-11T03:37:47.174+0000] {logging_mixin.py:190} INFO - [2026-07-11T03:37:47.174+0000] {dagbag.py:588} INFO - Filling up the DagBag from /opt/airflow/dags/dag_extract_catalogs.py
[2026-07-11T03:37:47.178+0000] {processor.py:925} INFO - DAG(s) 'dag_extract_catalogs' retrieved from /opt/airflow/dags/dag_extract_catalogs.py
[2026-07-11T03:37:47.188+0000] {logging_mixin.py:190} INFO - [2026-07-11T03:37:47.188+0000] {dag.py:3239} INFO - Sync 1 DAGs
[2026-07-11T03:37:47.195+0000] {logging_mixin.py:190} INFO - [2026-07-11T03:37:47.195+0000] {dag.py:4180} INFO - Setting next_dagrun for dag_extract_catalogs to 2026-07-10 01:00:00+00:00, run_after=2026-07-11 01:00:00+00:00
[2026-07-11T03:37:47.199+0000] {processor.py:208} INFO - Processing /opt/airflow/dags/dag_extract_catalogs.py took 0.029 seconds
[2026-07-11T03:38:17.682+0000] {processor.py:186} INFO - Started process (PID=24163) to work on /opt/airflow/dags/dag_extract_catalogs.py
[2026-07-11T03:38:17.682+0000] {processor.py:914} INFO - Processing file /opt/airflow/dags/dag_extract_catalogs.py for tasks to queue
[2026-07-11T03:38:17.683+0000] {logging_mixin.py:190} INFO - [2026-07-11T03:38:17.683+0000] {dagbag.py:588} INFO - Filling up the DagBag from /opt/airflow/dags/dag_extract_catalogs.py
[2026-07-11T03:38:17.688+0000] {processor.py:925} INFO - DAG(s) 'dag_extract_catalogs' retrieved from /opt/airflow/dags/dag_extract_catalogs.py
[2026-07-11T03:38:17.698+0000] {logging_mixin.py:190} INFO - [2026-07-11T03:38:17.698+0000] {dag.py:3239} INFO - Sync 1 DAGs
[2026-07-11T03:38:17.705+0000] {logging_mixin.py:190} INFO - [2026-07-11T03:38:17.705+0000] {dag.py:4180} INFO - Setting next_dagrun for dag_extract_catalogs to 2026-07-10 01:00:00+00:00, run_after=2026-07-11 01:00:00+00:00
[2026-07-11T03:38:17.709+0000] {processor.py:208} INFO - Processing /opt/airflow/dags/dag_extract_catalogs.py took 0.030 seconds
[2026-07-11T03:38:48.181+0000] {processor.py:186} INFO - Started process (PID=24183) to work on /opt/airflow/dags/dag_extract_catalogs.py
[2026-07-11T03:38:48.181+0000] {processor.py:914} INFO - Processing file /opt/airflow/dags/dag_extract_catalogs.py for tasks to queue
[2026-07-11T03:38:48.182+0000] {logging_mixin.py:190} INFO - [2026-07-11T03:38:48.182+0000] {dagbag.py:588} INFO - Filling up the DagBag from /opt/airflow/dags/dag_extract_catalogs.py
[2026-07-11T03:38:48.187+0000] {processor.py:925} INFO - DAG(s) 'dag_extract_catalogs' retrieved from /opt/airflow/dags/dag_extract_catalogs.py
[2026-07-11T03:38:48.197+0000] {logging_mixin.py:190} INFO - [2026-07-11T03:38:48.197+0000] {dag.py:3239} INFO - Sync 1 DAGs
[2026-07-11T03:38:48.204+0000] {logging_mixin.py:190} INFO - [2026-07-11T03:38:48.204+0000] {dag.py:4180} INFO - Setting next_dagrun for dag_extract_catalogs to 2026-07-10 01:00:00+00:00, run_after=2026-07-11 01:00:00+00:00
[2026-07-11T03:38:48.208+0000] {processor.py:208} INFO - Processing /opt/airflow/dags/dag_extract_catalogs.py took 0.030 seconds
[2026-07-11T03:39:18.692+0000] {processor.py:186} INFO - Started process (PID=24203) to work on /opt/airflow/dags/dag_extract_catalogs.py
[2026-07-11T03:39:18.692+0000] {processor.py:914} INFO - Processing file /opt/airflow/dags/dag_extract_catalogs.py for tasks to queue
[2026-07-11T03:39:18.693+0000] {logging_mixin.py:190} INFO - [2026-07-11T03:39:18.693+0000] {dagbag.py:588} INFO - Filling up the DagBag from /opt/airflow/dags/dag_extract_catalogs.py
[2026-07-11T03:39:18.699+0000] {processor.py:925} INFO - DAG(s) 'dag_extract_catalogs' retrieved from /opt/airflow/dags/dag_extract_catalogs.py
[2026-07-11T03:39:18.710+0000] {logging_mixin.py:190} INFO - [2026-07-11T03:39:18.710+0000] {dag.py:3239} INFO - Sync 1 DAGs
[2026-07-11T03:39:18.717+0000] {logging_mixin.py:190} INFO - [2026-07-11T03:39:18.717+0000] {dag.py:4180} INFO - Setting next_dagrun for dag_extract_catalogs to 2026-07-10 01:00:00+00:00, run_after=2026-07-11 01:00:00+00:00
[2026-07-11T03:39:18.721+0000] {processor.py:208} INFO - Processing /opt/airflow/dags/dag_extract_catalogs.py took 0.032 seconds
[2026-07-11T03:39:49.204+0000] {processor.py:186} INFO - Started process (PID=24223) to work on /opt/airflow/dags/dag_extract_catalogs.py
[2026-07-11T03:39:49.204+0000] {processor.py:914} INFO - Processing file /opt/airflow/dags/dag_extract_catalogs.py for tasks to queue
[2026-07-11T03:39:49.205+0000] {logging_mixin.py:190} INFO - [2026-07-11T03:39:49.205+0000] {dagbag.py:588} INFO - Filling up the DagBag from /opt/airflow/dags/dag_extract_catalogs.py
[2026-07-11T03:39:49.210+0000] {processor.py:925} INFO - DAG(s) 'dag_extract_catalogs' retrieved from /opt/airflow/dags/dag_extract_catalogs.py
[2026-07-11T03:39:49.220+0000] {logging_mixin.py:190} INFO - [2026-07-11T03:39:49.220+0000] {dag.py:3239} INFO - Sync 1 DAGs
[2026-07-11T03:39:49.227+0000] {logging_mixin.py:190} INFO - [2026-07-11T03:39:49.227+0000] {dag.py:4180} INFO - Setting next_dagrun for dag_extract_catalogs to 2026-07-10 01:00:00+00:00, run_after=2026-07-11 01:00:00+00:00
[2026-07-11T03:39:49.232+0000] {processor.py:208} INFO - Processing /opt/airflow/dags/dag_extract_catalogs.py took 0.030 seconds
[2026-07-11T03:40:19.655+0000] {processor.py:186} INFO - Started process (PID=24243) to work on /opt/airflow/dags/dag_extract_catalogs.py
[2026-07-11T03:40:19.655+0000] {processor.py:914} INFO - Processing file /opt/airflow/dags/dag_extract_catalogs.py for tasks to queue
[2026-07-11T03:40:19.656+0000] {logging_mixin.py:190} INFO - [2026-07-11T03:40:19.656+0000] {dagbag.py:588} INFO - Filling up the DagBag from /opt/airflow/dags/dag_extract_catalogs.py
[2026-07-11T03:40:19.661+0000] {processor.py:925} INFO - DAG(s) 'dag_extract_catalogs' retrieved from /opt/airflow/dags/dag_extract_catalogs.py
[2026-07-11T03:40:19.670+0000] {logging_mixin.py:190} INFO - [2026-07-11T03:40:19.670+0000] {dag.py:3239} INFO - Sync 1 DAGs
[2026-07-11T03:40:19.678+0000] {logging_mixin.py:190} INFO - [2026-07-11T03:40:19.678+0000] {dag.py:4180} INFO - Setting next_dagrun for dag_extract_catalogs to 2026-07-10 01:00:00+00:00, run_after=2026-07-11 01:00:00+00:00
[2026-07-11T03:40:19.682+0000] {processor.py:208} INFO - Processing /opt/airflow/dags/dag_extract_catalogs.py took 0.030 seconds
[2026-07-11T03:40:50.194+0000] {processor.py:186} INFO - Started process (PID=24263) to work on /opt/airflow/dags/dag_extract_catalogs.py
[2026-07-11T03:40:50.194+0000] {processor.py:914} INFO - Processing file /opt/airflow/dags/dag_extract_catalogs.py for tasks to queue
[2026-07-11T03:40:50.195+0000] {logging_mixin.py:190} INFO - [2026-07-11T03:40:50.195+0000] {dagbag.py:588} INFO - Filling up the DagBag from /opt/airflow/dags/dag_extract_catalogs.py
[2026-07-11T03:40:50.200+0000] {processor.py:925} INFO - DAG(s) 'dag_extract_catalogs' retrieved from /opt/airflow/dags/dag_extract_catalogs.py
[2026-07-11T03:40:50.210+0000] {logging_mixin.py:190} INFO - [2026-07-11T03:40:50.210+0000] {dag.py:3239} INFO - Sync 1 DAGs
[2026-07-11T03:40:50.218+0000] {logging_mixin.py:190} INFO - [2026-07-11T03:40:50.218+0000] {dag.py:4180} INFO - Setting next_dagrun for dag_extract_catalogs to 2026-07-10 01:00:00+00:00, run_after=2026-07-11 01:00:00+00:00
[2026-07-11T03:40:50.222+0000] {processor.py:208} INFO - Processing /opt/airflow/dags/dag_extract_catalogs.py took 0.031 seconds
[2026-07-11T03:41:20.625+0000] {processor.py:186} INFO - Started process (PID=24281) to work on /opt/airflow/dags/dag_extract_catalogs.py
[2026-07-11T03:41:20.626+0000] {processor.py:914} INFO - Processing file /opt/airflow/dags/dag_extract_catalogs.py for tasks to queue
[2026-07-11T03:41:20.627+0000] {logging_mixin.py:190} INFO - [2026-07-11T03:41:20.627+0000] {dagbag.py:588} INFO - Filling up the DagBag from /opt/airflow/dags/dag_extract_catalogs.py
[2026-07-11T03:41:20.634+0000] {processor.py:925} INFO - DAG(s) 'dag_extract_catalogs' retrieved from /opt/airflow/dags/dag_extract_catalogs.py
[2026-07-11T03:41:20.647+0000] {logging_mixin.py:190} INFO - [2026-07-11T03:41:20.647+0000] {dag.py:3239} INFO - Sync 1 DAGs
[2026-07-11T03:41:20.654+0000] {logging_mixin.py:190} INFO - [2026-07-11T03:41:20.654+0000] {dag.py:4180} INFO - Setting next_dagrun for dag_extract_catalogs to 2026-07-10 01:00:00+00:00, run_after=2026-07-11 01:00:00+00:00
[2026-07-11T03:41:20.659+0000] {processor.py:208} INFO - Processing /opt/airflow/dags/dag_extract_catalogs.py took 0.037 seconds
[2026-07-11T03:41:51.163+0000] {processor.py:186} INFO - Started process (PID=24301) to work on /opt/airflow/dags/dag_extract_catalogs.py
[2026-07-11T03:41:51.164+0000] {processor.py:914} INFO - Processing file /opt/airflow/dags/dag_extract_catalogs.py for tasks to queue
[2026-07-11T03:41:51.165+0000] {logging_mixin.py:190} INFO - [2026-07-11T03:41:51.165+0000] {dagbag.py:588} INFO - Filling up the DagBag from /opt/airflow/dags/dag_extract_catalogs.py
[2026-07-11T03:41:51.172+0000] {processor.py:925} INFO - DAG(s) 'dag_extract_catalogs' retrieved from /opt/airflow/dags/dag_extract_catalogs.py
[2026-07-11T03:41:51.183+0000] {logging_mixin.py:190} INFO - [2026-07-11T03:41:51.183+0000] {dag.py:3239} INFO - Sync 1 DAGs
[2026-07-11T03:41:51.191+0000] {logging_mixin.py:190} INFO - [2026-07-11T03:41:51.191+0000] {dag.py:4180} INFO - Setting next_dagrun for dag_extract_catalogs to 2026-07-10 01:00:00+00:00, run_after=2026-07-11 01:00:00+00:00
[2026-07-11T03:41:51.198+0000] {processor.py:208} INFO - Processing /opt/airflow/dags/dag_extract_catalogs.py took 0.037 seconds
[2026-07-11T03:42:21.663+0000] {processor.py:186} INFO - Started process (PID=24323) to work on /opt/airflow/dags/dag_extract_catalogs.py
[2026-07-11T03:42:21.664+0000] {processor.py:914} INFO - Processing file /opt/airflow/dags/dag_extract_catalogs.py for tasks to queue
[2026-07-11T03:42:21.665+0000] {logging_mixin.py:190} INFO - [2026-07-11T03:42:21.664+0000] {dagbag.py:588} INFO - Filling up the DagBag from /opt/airflow/dags/dag_extract_catalogs.py
[2026-07-11T03:42:21.669+0000] {processor.py:925} INFO - DAG(s) 'dag_extract_catalogs' retrieved from /opt/airflow/dags/dag_extract_catalogs.py
[2026-07-11T03:42:21.679+0000] {logging_mixin.py:190} INFO - [2026-07-11T03:42:21.679+0000] {dag.py:3239} INFO - Sync 1 DAGs
[2026-07-11T03:42:21.686+0000] {logging_mixin.py:190} INFO - [2026-07-11T03:42:21.686+0000] {dag.py:4180} INFO - Setting next_dagrun for dag_extract_catalogs to 2026-07-10 01:00:00+00:00, run_after=2026-07-11 01:00:00+00:00
[2026-07-11T03:42:21.690+0000] {processor.py:208} INFO - Processing /opt/airflow/dags/dag_extract_catalogs.py took 0.030 seconds
[2026-07-11T03:42:52.149+0000] {processor.py:186} INFO - Started process (PID=24343) to work on /opt/airflow/dags/dag_extract_catalogs.py
[2026-07-11T03:42:52.149+0000] {processor.py:914} INFO - Processing file /opt/airflow/dags/dag_extract_catalogs.py for tasks to queue
[2026-07-11T03:42:52.150+0000] {logging_mixin.py:190} INFO - [2026-07-11T03:42:52.150+0000] {dagbag.py:588} INFO - Filling up the DagBag from /opt/airflow/dags/dag_extract_catalogs.py
[2026-07-11T03:42:52.155+0000] {processor.py:925} INFO - DAG(s) 'dag_extract_catalogs' retrieved from /opt/airflow/dags/dag_extract_catalogs.py
[2026-07-11T03:42:52.165+0000] {logging_mixin.py:190} INFO - [2026-07-11T03:42:52.165+0000] {dag.py:3239} INFO - Sync 1 DAGs
[2026-07-11T03:42:52.172+0000] {logging_mixin.py:190} INFO - [2026-07-11T03:42:52.172+0000] {dag.py:4180} INFO - Setting next_dagrun for dag_extract_catalogs to 2026-07-10 01:00:00+00:00, run_after=2026-07-11 01:00:00+00:00
[2026-07-11T03:42:52.176+0000] {processor.py:208} INFO - Processing /opt/airflow/dags/dag_extract_catalogs.py took 0.030 seconds
[2026-07-11T03:43:22.605+0000] {processor.py:186} INFO - Started process (PID=24363) to work on /opt/airflow/dags/dag_extract_catalogs.py
[2026-07-11T03:43:22.606+0000] {processor.py:914} INFO - Processing file /opt/airflow/dags/dag_extract_catalogs.py for tasks to queue
[2026-07-11T03:43:22.606+0000] {logging_mixin.py:190} INFO - [2026-07-11T03:43:22.606+0000] {dagbag.py:588} INFO - Filling up the DagBag from /opt/airflow/dags/dag_extract_catalogs.py
[2026-07-11T03:43:22.611+0000] {processor.py:925} INFO - DAG(s) 'dag_extract_catalogs' retrieved from /opt/airflow/dags/dag_extract_catalogs.py
[2026-07-11T03:43:22.621+0000] {logging_mixin.py:190} INFO - [2026-07-11T03:43:22.621+0000] {dag.py:3239} INFO - Sync 1 DAGs
[2026-07-11T03:43:22.628+0000] {logging_mixin.py:190} INFO - [2026-07-11T03:43:22.628+0000] {dag.py:4180} INFO - Setting next_dagrun for dag_extract_catalogs to 2026-07-10 01:00:00+00:00, run_after=2026-07-11 01:00:00+00:00
[2026-07-11T03:43:22.633+0000] {processor.py:208} INFO - Processing /opt/airflow/dags/dag_extract_catalogs.py took 0.030 seconds
[2026-07-11T03:43:53.073+0000] {processor.py:186} INFO - Started process (PID=24383) to work on /opt/airflow/dags/dag_extract_catalogs.py
[2026-07-11T03:43:53.074+0000] {processor.py:914} INFO - Processing file /opt/airflow/dags/dag_extract_catalogs.py for tasks to queue
[2026-07-11T03:43:53.074+0000] {logging_mixin.py:190} INFO - [2026-07-11T03:43:53.074+0000] {dagbag.py:588} INFO - Filling up the DagBag from /opt/airflow/dags/dag_extract_catalogs.py
[2026-07-11T03:43:53.079+0000] {processor.py:925} INFO - DAG(s) 'dag_extract_catalogs' retrieved from /opt/airflow/dags/dag_extract_catalogs.py
[2026-07-11T03:43:53.089+0000] {logging_mixin.py:190} INFO - [2026-07-11T03:43:53.089+0000] {dag.py:3239} INFO - Sync 1 DAGs
[2026-07-11T03:43:53.096+0000] {logging_mixin.py:190} INFO - [2026-07-11T03:43:53.096+0000] {dag.py:4180} INFO - Setting next_dagrun for dag_extract_catalogs to 2026-07-10 01:00:00+00:00, run_after=2026-07-11 01:00:00+00:00
[2026-07-11T03:43:53.100+0000] {processor.py:208} INFO - Processing /opt/airflow/dags/dag_extract_catalogs.py took 0.029 seconds
[2026-07-11T03:44:23.555+0000] {processor.py:186} INFO - Started process (PID=24403) to work on /opt/airflow/dags/dag_extract_catalogs.py
[2026-07-11T03:44:23.555+0000] {processor.py:914} INFO - Processing file /opt/airflow/dags/dag_extract_catalogs.py for tasks to queue
[2026-07-11T03:44:23.556+0000] {logging_mixin.py:190} INFO - [2026-07-11T03:44:23.556+0000] {dagbag.py:588} INFO - Filling up the DagBag from /opt/airflow/dags/dag_extract_catalogs.py
[2026-07-11T03:44:23.561+0000] {processor.py:925} INFO - DAG(s) 'dag_extract_catalogs' retrieved from /opt/airflow/dags/dag_extract_catalogs.py
[2026-07-11T03:44:23.571+0000] {logging_mixin.py:190} INFO - [2026-07-11T03:44:23.571+0000] {dag.py:3239} INFO - Sync 1 DAGs
[2026-07-11T03:44:23.578+0000] {logging_mixin.py:190} INFO - [2026-07-11T03:44:23.578+0000] {dag.py:4180} INFO - Setting next_dagrun for dag_extract_catalogs to 2026-07-10 01:00:00+00:00, run_after=2026-07-11 01:00:00+00:00
[2026-07-11T03:44:23.583+0000] {processor.py:208} INFO - Processing /opt/airflow/dags/dag_extract_catalogs.py took 0.030 seconds
[2026-07-11T03:44:54.021+0000] {processor.py:186} INFO - Started process (PID=24421) to work on /opt/airflow/dags/dag_extract_catalogs.py
[2026-07-11T03:44:54.022+0000] {processor.py:914} INFO - Processing file /opt/airflow/dags/dag_extract_catalogs.py for tasks to queue
[2026-07-11T03:44:54.023+0000] {logging_mixin.py:190} INFO - [2026-07-11T03:44:54.023+0000] {dagbag.py:588} INFO - Filling up the DagBag from /opt/airflow/dags/dag_extract_catalogs.py
[2026-07-11T03:44:54.030+0000] {processor.py:925} INFO - DAG(s) 'dag_extract_catalogs' retrieved from /opt/airflow/dags/dag_extract_catalogs.py
[2026-07-11T03:44:54.047+0000] {logging_mixin.py:190} INFO - [2026-07-11T03:44:54.047+0000] {dag.py:3239} INFO - Sync 1 DAGs
[2026-07-11T03:44:54.055+0000] {logging_mixin.py:190} INFO - [2026-07-11T03:44:54.055+0000] {dag.py:4180} INFO - Setting next_dagrun for dag_extract_catalogs to 2026-07-10 01:00:00+00:00, run_after=2026-07-11 01:00:00+00:00
[2026-07-11T03:44:54.060+0000] {processor.py:208} INFO - Processing /opt/airflow/dags/dag_extract_catalogs.py took 0.042 seconds
[2026-07-11T03:45:24.516+0000] {processor.py:186} INFO - Started process (PID=24443) to work on /opt/airflow/dags/dag_extract_catalogs.py
[2026-07-11T03:45:24.516+0000] {processor.py:914} INFO - Processing file /opt/airflow/dags/dag_extract_catalogs.py for tasks to queue
[2026-07-11T03:45:24.517+0000] {logging_mixin.py:190} INFO - [2026-07-11T03:45:24.517+0000] {dagbag.py:588} INFO - Filling up the DagBag from /opt/airflow/dags/dag_extract_catalogs.py
[2026-07-11T03:45:24.522+0000] {processor.py:925} INFO - DAG(s) 'dag_extract_catalogs' retrieved from /opt/airflow/dags/dag_extract_catalogs.py
[2026-07-11T03:45:24.532+0000] {logging_mixin.py:190} INFO - [2026-07-11T03:45:24.532+0000] {dag.py:3239} INFO - Sync 1 DAGs
[2026-07-11T03:45:24.539+0000] {logging_mixin.py:190} INFO - [2026-07-11T03:45:24.539+0000] {dag.py:4180} INFO - Setting next_dagrun for dag_extract_catalogs to 2026-07-10 01:00:00+00:00, run_after=2026-07-11 01:00:00+00:00
[2026-07-11T03:45:24.543+0000] {processor.py:208} INFO - Processing /opt/airflow/dags/dag_extract_catalogs.py took 0.030 seconds
[2026-07-11T03:45:54.975+0000] {processor.py:186} INFO - Started process (PID=24461) to work on /opt/airflow/dags/dag_extract_catalogs.py
[2026-07-11T03:45:54.975+0000] {processor.py:914} INFO - Processing file /opt/airflow/dags/dag_extract_catalogs.py for tasks to queue
[2026-07-11T03:45:54.976+0000] {logging_mixin.py:190} INFO - [2026-07-11T03:45:54.976+0000] {dagbag.py:588} INFO - Filling up the DagBag from /opt/airflow/dags/dag_extract_catalogs.py
[2026-07-11T03:45:54.985+0000] {processor.py:925} INFO - DAG(s) 'dag_extract_catalogs' retrieved from /opt/airflow/dags/dag_extract_catalogs.py
[2026-07-11T03:45:54.997+0000] {logging_mixin.py:190} INFO - [2026-07-11T03:45:54.997+0000] {dag.py:3239} INFO - Sync 1 DAGs
[2026-07-11T03:45:55.005+0000] {logging_mixin.py:190} INFO - [2026-07-11T03:45:55.005+0000] {dag.py:4180} INFO - Setting next_dagrun for dag_extract_catalogs to 2026-07-10 01:00:00+00:00, run_after=2026-07-11 01:00:00+00:00
[2026-07-11T03:45:55.011+0000] {processor.py:208} INFO - Processing /opt/airflow/dags/dag_extract_catalogs.py took 0.039 seconds
[2026-07-11T03:46:25.491+0000] {processor.py:186} INFO - Started process (PID=24483) to work on /opt/airflow/dags/dag_extract_catalogs.py
[2026-07-11T03:46:25.491+0000] {processor.py:914} INFO - Processing file /opt/airflow/dags/dag_extract_catalogs.py for tasks to queue
[2026-07-11T03:46:25.492+0000] {logging_mixin.py:190} INFO - [2026-07-11T03:46:25.492+0000] {dagbag.py:588} INFO - Filling up the DagBag from /opt/airflow/dags/dag_extract_catalogs.py
[2026-07-11T03:46:25.497+0000] {processor.py:925} INFO - DAG(s) 'dag_extract_catalogs' retrieved from /opt/airflow/dags/dag_extract_catalogs.py
[2026-07-11T03:46:25.506+0000] {logging_mixin.py:190} INFO - [2026-07-11T03:46:25.506+0000] {dag.py:3239} INFO - Sync 1 DAGs
[2026-07-11T03:46:25.514+0000] {logging_mixin.py:190} INFO - [2026-07-11T03:46:25.514+0000] {dag.py:4180} INFO - Setting next_dagrun for dag_extract_catalogs to 2026-07-10 01:00:00+00:00, run_after=2026-07-11 01:00:00+00:00
[2026-07-11T03:46:25.518+0000] {processor.py:208} INFO - Processing /opt/airflow/dags/dag_extract_catalogs.py took 0.030 seconds
[2026-07-11T03:46:55.902+0000] {processor.py:186} INFO - Started process (PID=24501) to work on /opt/airflow/dags/dag_extract_catalogs.py
[2026-07-11T03:46:55.903+0000] {processor.py:914} INFO - Processing file /opt/airflow/dags/dag_extract_catalogs.py for tasks to queue
[2026-07-11T03:46:55.904+0000] {logging_mixin.py:190} INFO - [2026-07-11T03:46:55.904+0000] {dagbag.py:588} INFO - Filling up the DagBag from /opt/airflow/dags/dag_extract_catalogs.py
[2026-07-11T03:46:55.910+0000] {processor.py:925} INFO - DAG(s) 'dag_extract_catalogs' retrieved from /opt/airflow/dags/dag_extract_catalogs.py
[2026-07-11T03:46:55.924+0000] {logging_mixin.py:190} INFO - [2026-07-11T03:46:55.924+0000] {dag.py:3239} INFO - Sync 1 DAGs
[2026-07-11T03:46:55.932+0000] {logging_mixin.py:190} INFO - [2026-07-11T03:46:55.931+0000] {dag.py:4180} INFO - Setting next_dagrun for dag_extract_catalogs to 2026-07-10 01:00:00+00:00, run_after=2026-07-11 01:00:00+00:00
[2026-07-11T03:46:55.937+0000] {processor.py:208} INFO - Processing /opt/airflow/dags/dag_extract_catalogs.py took 0.037 seconds
[2026-07-11T03:47:26.468+0000] {processor.py:186} INFO - Started process (PID=24523) to work on /opt/airflow/dags/dag_extract_catalogs.py
[2026-07-11T03:47:26.469+0000] {processor.py:914} INFO - Processing file /opt/airflow/dags/dag_extract_catalogs.py for tasks to queue
[2026-07-11T03:47:26.470+0000] {logging_mixin.py:190} INFO - [2026-07-11T03:47:26.470+0000] {dagbag.py:588} INFO - Filling up the DagBag from /opt/airflow/dags/dag_extract_catalogs.py
[2026-07-11T03:47:26.474+0000] {processor.py:925} INFO - DAG(s) 'dag_extract_catalogs' retrieved from /opt/airflow/dags/dag_extract_catalogs.py
[2026-07-11T03:47:26.484+0000] {logging_mixin.py:190} INFO - [2026-07-11T03:47:26.484+0000] {dag.py:3239} INFO - Sync 1 DAGs
[2026-07-11T03:47:26.491+0000] {logging_mixin.py:190} INFO - [2026-07-11T03:47:26.491+0000] {dag.py:4180} INFO - Setting next_dagrun for dag_extract_catalogs to 2026-07-10 01:00:00+00:00, run_after=2026-07-11 01:00:00+00:00
[2026-07-11T03:47:26.495+0000] {processor.py:208} INFO - Processing /opt/airflow/dags/dag_extract_catalogs.py took 0.029 seconds
[2026-07-11T03:47:56.902+0000] {processor.py:186} INFO - Started process (PID=24543) to work on /opt/airflow/dags/dag_extract_catalogs.py
[2026-07-11T03:47:56.903+0000] {processor.py:914} INFO - Processing file /opt/airflow/dags/dag_extract_catalogs.py for tasks to queue
[2026-07-11T03:47:56.904+0000] {logging_mixin.py:190} INFO - [2026-07-11T03:47:56.903+0000] {dagbag.py:588} INFO - Filling up the DagBag from /opt/airflow/dags/dag_extract_catalogs.py
[2026-07-11T03:47:56.908+0000] {processor.py:925} INFO - DAG(s) 'dag_extract_catalogs' retrieved from /opt/airflow/dags/dag_extract_catalogs.py
[2026-07-11T03:47:56.918+0000] {logging_mixin.py:190} INFO - [2026-07-11T03:47:56.918+0000] {dag.py:3239} INFO - Sync 1 DAGs
[2026-07-11T03:47:56.925+0000] {logging_mixin.py:190} INFO - [2026-07-11T03:47:56.925+0000] {dag.py:4180} INFO - Setting next_dagrun for dag_extract_catalogs to 2026-07-10 01:00:00+00:00, run_after=2026-07-11 01:00:00+00:00
[2026-07-11T03:47:56.930+0000] {processor.py:208} INFO - Processing /opt/airflow/dags/dag_extract_catalogs.py took 0.030 seconds
[2026-07-11T03:48:27.418+0000] {processor.py:186} INFO - Started process (PID=24563) to work on /opt/airflow/dags/dag_extract_catalogs.py
[2026-07-11T03:48:27.419+0000] {processor.py:914} INFO - Processing file /opt/airflow/dags/dag_extract_catalogs.py for tasks to queue
[2026-07-11T03:48:27.420+0000] {logging_mixin.py:190} INFO - [2026-07-11T03:48:27.419+0000] {dagbag.py:588} INFO - Filling up the DagBag from /opt/airflow/dags/dag_extract_catalogs.py
[2026-07-11T03:48:27.424+0000] {processor.py:925} INFO - DAG(s) 'dag_extract_catalogs' retrieved from /opt/airflow/dags/dag_extract_catalogs.py
[2026-07-11T03:48:27.434+0000] {logging_mixin.py:190} INFO - [2026-07-11T03:48:27.434+0000] {dag.py:3239} INFO - Sync 1 DAGs
[2026-07-11T03:48:27.441+0000] {logging_mixin.py:190} INFO - [2026-07-11T03:48:27.441+0000] {dag.py:4180} INFO - Setting next_dagrun for dag_extract_catalogs to 2026-07-10 01:00:00+00:00, run_after=2026-07-11 01:00:00+00:00
[2026-07-11T03:48:27.445+0000] {processor.py:208} INFO - Processing /opt/airflow/dags/dag_extract_catalogs.py took 0.030 seconds
[2026-07-11T03:48:57.812+0000] {processor.py:186} INFO - Started process (PID=24581) to work on /opt/airflow/dags/dag_extract_catalogs.py
[2026-07-11T03:48:57.812+0000] {processor.py:914} INFO - Processing file /opt/airflow/dags/dag_extract_catalogs.py for tasks to queue
[2026-07-11T03:48:57.813+0000] {logging_mixin.py:190} INFO - [2026-07-11T03:48:57.813+0000] {dagbag.py:588} INFO - Filling up the DagBag from /opt/airflow/dags/dag_extract_catalogs.py
[2026-07-11T03:48:57.819+0000] {processor.py:925} INFO - DAG(s) 'dag_extract_catalogs' retrieved from /opt/airflow/dags/dag_extract_catalogs.py
[2026-07-11T03:48:57.833+0000] {logging_mixin.py:190} INFO - [2026-07-11T03:48:57.833+0000] {dag.py:3239} INFO - Sync 1 DAGs
[2026-07-11T03:48:57.840+0000] {logging_mixin.py:190} INFO - [2026-07-11T03:48:57.840+0000] {dag.py:4180} INFO - Setting next_dagrun for dag_extract_catalogs to 2026-07-10 01:00:00+00:00, run_after=2026-07-11 01:00:00+00:00
[2026-07-11T03:48:57.848+0000] {processor.py:208} INFO - Processing /opt/airflow/dags/dag_extract_catalogs.py took 0.039 seconds
[2026-07-11T03:49:28.347+0000] {processor.py:186} INFO - Started process (PID=24601) to work on /opt/airflow/dags/dag_extract_catalogs.py
[2026-07-11T03:49:28.348+0000] {processor.py:914} INFO - Processing file /opt/airflow/dags/dag_extract_catalogs.py for tasks to queue
[2026-07-11T03:49:28.349+0000] {logging_mixin.py:190} INFO - [2026-07-11T03:49:28.349+0000] {dagbag.py:588} INFO - Filling up the DagBag from /opt/airflow/dags/dag_extract_catalogs.py
[2026-07-11T03:49:28.355+0000] {processor.py:925} INFO - DAG(s) 'dag_extract_catalogs' retrieved from /opt/airflow/dags/dag_extract_catalogs.py
[2026-07-11T03:49:28.368+0000] {logging_mixin.py:190} INFO - [2026-07-11T03:49:28.368+0000] {dag.py:3239} INFO - Sync 1 DAGs
[2026-07-11T03:49:28.378+0000] {logging_mixin.py:190} INFO - [2026-07-11T03:49:28.378+0000] {dag.py:4180} INFO - Setting next_dagrun for dag_extract_catalogs to 2026-07-10 01:00:00+00:00, run_after=2026-07-11 01:00:00+00:00
[2026-07-11T03:49:28.383+0000] {processor.py:208} INFO - Processing /opt/airflow/dags/dag_extract_catalogs.py took 0.039 seconds
[2026-07-11T03:49:58.862+0000] {processor.py:186} INFO - Started process (PID=24623) to work on /opt/airflow/dags/dag_extract_catalogs.py
[2026-07-11T03:49:58.862+0000] {processor.py:914} INFO - Processing file /opt/airflow/dags/dag_extract_catalogs.py for tasks to queue
[2026-07-11T03:49:58.863+0000] {logging_mixin.py:190} INFO - [2026-07-11T03:49:58.863+0000] {dagbag.py:588} INFO - Filling up the DagBag from /opt/airflow/dags/dag_extract_catalogs.py
[2026-07-11T03:49:58.868+0000] {processor.py:925} INFO - DAG(s) 'dag_extract_catalogs' retrieved from /opt/airflow/dags/dag_extract_catalogs.py
[2026-07-11T03:49:58.877+0000] {logging_mixin.py:190} INFO - [2026-07-11T03:49:58.877+0000] {dag.py:3239} INFO - Sync 1 DAGs
[2026-07-11T03:49:58.884+0000] {logging_mixin.py:190} INFO - [2026-07-11T03:49:58.884+0000] {dag.py:4180} INFO - Setting next_dagrun for dag_extract_catalogs to 2026-07-10 01:00:00+00:00, run_after=2026-07-11 01:00:00+00:00
[2026-07-11T03:49:58.889+0000] {processor.py:208} INFO - Processing /opt/airflow/dags/dag_extract_catalogs.py took 0.029 seconds
[2026-07-11T03:50:29.333+0000] {processor.py:186} INFO - Started process (PID=24641) to work on /opt/airflow/dags/dag_extract_catalogs.py
[2026-07-11T03:50:29.334+0000] {processor.py:914} INFO - Processing file /opt/airflow/dags/dag_extract_catalogs.py for tasks to queue
[2026-07-11T03:50:29.335+0000] {logging_mixin.py:190} INFO - [2026-07-11T03:50:29.335+0000] {dagbag.py:588} INFO - Filling up the DagBag from /opt/airflow/dags/dag_extract_catalogs.py
[2026-07-11T03:50:29.343+0000] {processor.py:925} INFO - DAG(s) 'dag_extract_catalogs' retrieved from /opt/airflow/dags/dag_extract_catalogs.py
[2026-07-11T03:50:29.357+0000] {logging_mixin.py:190} INFO - [2026-07-11T03:50:29.357+0000] {dag.py:3239} INFO - Sync 1 DAGs
[2026-07-11T03:50:29.364+0000] {logging_mixin.py:190} INFO - [2026-07-11T03:50:29.364+0000] {dag.py:4180} INFO - Setting next_dagrun for dag_extract_catalogs to 2026-07-10 01:00:00+00:00, run_after=2026-07-11 01:00:00+00:00
[2026-07-11T03:50:29.370+0000] {processor.py:208} INFO - Processing /opt/airflow/dags/dag_extract_catalogs.py took 0.040 seconds
[2026-07-11T03:50:59.832+0000] {processor.py:186} INFO - Started process (PID=24661) to work on /opt/airflow/dags/dag_extract_catalogs.py
[2026-07-11T03:50:59.833+0000] {processor.py:914} INFO - Processing file /opt/airflow/dags/dag_extract_catalogs.py for tasks to queue
[2026-07-11T03:50:59.834+0000] {logging_mixin.py:190} INFO - [2026-07-11T03:50:59.834+0000] {dagbag.py:588} INFO - Filling up the DagBag from /opt/airflow/dags/dag_extract_catalogs.py
[2026-07-11T03:50:59.841+0000] {processor.py:925} INFO - DAG(s) 'dag_extract_catalogs' retrieved from /opt/airflow/dags/dag_extract_catalogs.py
[2026-07-11T03:50:59.853+0000] {logging_mixin.py:190} INFO - [2026-07-11T03:50:59.853+0000] {dag.py:3239} INFO - Sync 1 DAGs
[2026-07-11T03:50:59.861+0000] {logging_mixin.py:190} INFO - [2026-07-11T03:50:59.861+0000] {dag.py:4180} INFO - Setting next_dagrun for dag_extract_catalogs to 2026-07-10 01:00:00+00:00, run_after=2026-07-11 01:00:00+00:00
[2026-07-11T03:50:59.952+0000] {processor.py:208} INFO - Processing /opt/airflow/dags/dag_extract_catalogs.py took 0.122 seconds
[2026-07-11T03:51:30.371+0000] {processor.py:186} INFO - Started process (PID=24683) to work on /opt/airflow/dags/dag_extract_catalogs.py
[2026-07-11T03:51:30.372+0000] {processor.py:914} INFO - Processing file /opt/airflow/dags/dag_extract_catalogs.py for tasks to queue
[2026-07-11T03:51:30.373+0000] {logging_mixin.py:190} INFO - [2026-07-11T03:51:30.372+0000] {dagbag.py:588} INFO - Filling up the DagBag from /opt/airflow/dags/dag_extract_catalogs.py
[2026-07-11T03:51:30.377+0000] {processor.py:925} INFO - DAG(s) 'dag_extract_catalogs' retrieved from /opt/airflow/dags/dag_extract_catalogs.py
[2026-07-11T03:51:30.387+0000] {logging_mixin.py:190} INFO - [2026-07-11T03:51:30.387+0000] {dag.py:3239} INFO - Sync 1 DAGs
[2026-07-11T03:51:30.394+0000] {logging_mixin.py:190} INFO - [2026-07-11T03:51:30.394+0000] {dag.py:4180} INFO - Setting next_dagrun for dag_extract_catalogs to 2026-07-10 01:00:00+00:00, run_after=2026-07-11 01:00:00+00:00
[2026-07-11T03:51:30.398+0000] {processor.py:208} INFO - Processing /opt/airflow/dags/dag_extract_catalogs.py took 0.030 seconds
[2026-07-11T03:52:00.936+0000] {processor.py:186} INFO - Started process (PID=24701) to work on /opt/airflow/dags/dag_extract_catalogs.py
[2026-07-11T03:52:00.936+0000] {processor.py:914} INFO - Processing file /opt/airflow/dags/dag_extract_catalogs.py for tasks to queue
[2026-07-11T03:52:00.937+0000] {logging_mixin.py:190} INFO - [2026-07-11T03:52:00.937+0000] {dagbag.py:588} INFO - Filling up the DagBag from /opt/airflow/dags/dag_extract_catalogs.py
[2026-07-11T03:52:00.943+0000] {processor.py:925} INFO - DAG(s) 'dag_extract_catalogs' retrieved from /opt/airflow/dags/dag_extract_catalogs.py
[2026-07-11T03:52:00.954+0000] {logging_mixin.py:190} INFO - [2026-07-11T03:52:00.954+0000] {dag.py:3239} INFO - Sync 1 DAGs
[2026-07-11T03:52:00.962+0000] {logging_mixin.py:190} INFO - [2026-07-11T03:52:00.962+0000] {dag.py:4180} INFO - Setting next_dagrun for dag_extract_catalogs to 2026-07-10 01:00:00+00:00, run_after=2026-07-11 01:00:00+00:00
[2026-07-11T03:52:00.968+0000] {processor.py:208} INFO - Processing /opt/airflow/dags/dag_extract_catalogs.py took 0.035 seconds
[2026-07-11T03:52:31.459+0000] {processor.py:186} INFO - Started process (PID=24723) to work on /opt/airflow/dags/dag_extract_catalogs.py
[2026-07-11T03:52:31.459+0000] {processor.py:914} INFO - Processing file /opt/airflow/dags/dag_extract_catalogs.py for tasks to queue
[2026-07-11T03:52:31.460+0000] {logging_mixin.py:190} INFO - [2026-07-11T03:52:31.460+0000] {dagbag.py:588} INFO - Filling up the DagBag from /opt/airflow/dags/dag_extract_catalogs.py
[2026-07-11T03:52:31.464+0000] {processor.py:925} INFO - DAG(s) 'dag_extract_catalogs' retrieved from /opt/airflow/dags/dag_extract_catalogs.py
[2026-07-11T03:52:31.474+0000] {logging_mixin.py:190} INFO - [2026-07-11T03:52:31.474+0000] {dag.py:3239} INFO - Sync 1 DAGs
[2026-07-11T03:52:31.481+0000] {logging_mixin.py:190} INFO - [2026-07-11T03:52:31.481+0000] {dag.py:4180} INFO - Setting next_dagrun for dag_extract_catalogs to 2026-07-10 01:00:00+00:00, run_after=2026-07-11 01:00:00+00:00
[2026-07-11T03:52:31.542+0000] {processor.py:208} INFO - Processing /opt/airflow/dags/dag_extract_catalogs.py took 0.086 seconds
[2026-07-11T03:53:02.000+0000] {processor.py:186} INFO - Started process (PID=24741) to work on /opt/airflow/dags/dag_extract_catalogs.py
[2026-07-11T03:53:02.000+0000] {processor.py:914} INFO - Processing file /opt/airflow/dags/dag_extract_catalogs.py for tasks to queue
[2026-07-11T03:53:02.002+0000] {logging_mixin.py:190} INFO - [2026-07-11T03:53:02.002+0000] {dagbag.py:588} INFO - Filling up the DagBag from /opt/airflow/dags/dag_extract_catalogs.py
[2026-07-11T03:53:02.011+0000] {processor.py:925} INFO - DAG(s) 'dag_extract_catalogs' retrieved from /opt/airflow/dags/dag_extract_catalogs.py
[2026-07-11T03:53:02.021+0000] {logging_mixin.py:190} INFO - [2026-07-11T03:53:02.021+0000] {dag.py:3239} INFO - Sync 1 DAGs
[2026-07-11T03:53:02.029+0000] {logging_mixin.py:190} INFO - [2026-07-11T03:53:02.029+0000] {dag.py:4180} INFO - Setting next_dagrun for dag_extract_catalogs to 2026-07-10 01:00:00+00:00, run_after=2026-07-11 01:00:00+00:00
[2026-07-11T03:53:02.036+0000] {processor.py:208} INFO - Processing /opt/airflow/dags/dag_extract_catalogs.py took 0.039 seconds
[2026-07-11T03:53:32.623+0000] {processor.py:186} INFO - Started process (PID=24761) to work on /opt/airflow/dags/dag_extract_catalogs.py
[2026-07-11T03:53:32.623+0000] {processor.py:914} INFO - Processing file /opt/airflow/dags/dag_extract_catalogs.py for tasks to queue
[2026-07-11T03:53:32.625+0000] {logging_mixin.py:190} INFO - [2026-07-11T03:53:32.624+0000] {dagbag.py:588} INFO - Filling up the DagBag from /opt/airflow/dags/dag_extract_catalogs.py
[2026-07-11T03:53:32.631+0000] {processor.py:925} INFO - DAG(s) 'dag_extract_catalogs' retrieved from /opt/airflow/dags/dag_extract_catalogs.py
[2026-07-11T03:53:32.643+0000] {logging_mixin.py:190} INFO - [2026-07-11T03:53:32.643+0000] {dag.py:3239} INFO - Sync 1 DAGs
[2026-07-11T03:53:32.712+0000] {logging_mixin.py:190} INFO - [2026-07-11T03:53:32.712+0000] {dag.py:4180} INFO - Setting next_dagrun for dag_extract_catalogs to 2026-07-10 01:00:00+00:00, run_after=2026-07-11 01:00:00+00:00
[2026-07-11T03:53:32.716+0000] {processor.py:208} INFO - Processing /opt/airflow/dags/dag_extract_catalogs.py took 0.096 seconds
[2026-07-11T03:54:03.284+0000] {processor.py:186} INFO - Started process (PID=24783) to work on /opt/airflow/dags/dag_extract_catalogs.py
[2026-07-11T03:54:03.285+0000] {processor.py:914} INFO - Processing file /opt/airflow/dags/dag_extract_catalogs.py for tasks to queue
[2026-07-11T03:54:03.285+0000] {logging_mixin.py:190} INFO - [2026-07-11T03:54:03.285+0000] {dagbag.py:588} INFO - Filling up the DagBag from /opt/airflow/dags/dag_extract_catalogs.py
[2026-07-11T03:54:03.290+0000] {processor.py:925} INFO - DAG(s) 'dag_extract_catalogs' retrieved from /opt/airflow/dags/dag_extract_catalogs.py
[2026-07-11T03:54:03.300+0000] {logging_mixin.py:190} INFO - [2026-07-11T03:54:03.300+0000] {dag.py:3239} INFO - Sync 1 DAGs
[2026-07-11T03:54:03.307+0000] {logging_mixin.py:190} INFO - [2026-07-11T03:54:03.307+0000] {dag.py:4180} INFO - Setting next_dagrun for dag_extract_catalogs to 2026-07-10 01:00:00+00:00, run_after=2026-07-11 01:00:00+00:00
[2026-07-11T03:54:03.312+0000] {processor.py:208} INFO - Processing /opt/airflow/dags/dag_extract_catalogs.py took 0.030 seconds
[2026-07-11T03:54:33.803+0000] {processor.py:186} INFO - Started process (PID=24803) to work on /opt/airflow/dags/dag_extract_catalogs.py
[2026-07-11T03:54:33.803+0000] {processor.py:914} INFO - Processing file /opt/airflow/dags/dag_extract_catalogs.py for tasks to queue
[2026-07-11T03:54:33.804+0000] {logging_mixin.py:190} INFO - [2026-07-11T03:54:33.804+0000] {dagbag.py:588} INFO - Filling up the DagBag from /opt/airflow/dags/dag_extract_catalogs.py
[2026-07-11T03:54:33.809+0000] {processor.py:925} INFO - DAG(s) 'dag_extract_catalogs' retrieved from /opt/airflow/dags/dag_extract_catalogs.py
[2026-07-11T03:54:33.818+0000] {logging_mixin.py:190} INFO - [2026-07-11T03:54:33.818+0000] {dag.py:3239} INFO - Sync 1 DAGs
[2026-07-11T03:54:33.825+0000] {logging_mixin.py:190} INFO - [2026-07-11T03:54:33.825+0000] {dag.py:4180} INFO - Setting next_dagrun for dag_extract_catalogs to 2026-07-10 01:00:00+00:00, run_after=2026-07-11 01:00:00+00:00
[2026-07-11T03:54:33.830+0000] {processor.py:208} INFO - Processing /opt/airflow/dags/dag_extract_catalogs.py took 0.029 seconds
[2026-07-11T03:55:04.310+0000] {processor.py:186} INFO - Started process (PID=24821) to work on /opt/airflow/dags/dag_extract_catalogs.py
[2026-07-11T03:55:04.311+0000] {processor.py:914} INFO - Processing file /opt/airflow/dags/dag_extract_catalogs.py for tasks to queue
[2026-07-11T03:55:04.312+0000] {logging_mixin.py:190} INFO - [2026-07-11T03:55:04.312+0000] {dagbag.py:588} INFO - Filling up the DagBag from /opt/airflow/dags/dag_extract_catalogs.py
[2026-07-11T03:55:04.318+0000] {processor.py:925} INFO - DAG(s) 'dag_extract_catalogs' retrieved from /opt/airflow/dags/dag_extract_catalogs.py
[2026-07-11T03:55:04.330+0000] {logging_mixin.py:190} INFO - [2026-07-11T03:55:04.330+0000] {dag.py:3239} INFO - Sync 1 DAGs
[2026-07-11T03:55:04.337+0000] {logging_mixin.py:190} INFO - [2026-07-11T03:55:04.337+0000] {dag.py:4180} INFO - Setting next_dagrun for dag_extract_catalogs to 2026-07-10 01:00:00+00:00, run_after=2026-07-11 01:00:00+00:00
[2026-07-11T03:55:04.345+0000] {processor.py:208} INFO - Processing /opt/airflow/dags/dag_extract_catalogs.py took 0.038 seconds
[2026-07-11T03:55:34.821+0000] {processor.py:186} INFO - Started process (PID=24841) to work on /opt/airflow/dags/dag_extract_catalogs.py
[2026-07-11T03:55:34.822+0000] {processor.py:914} INFO - Processing file /opt/airflow/dags/dag_extract_catalogs.py for tasks to queue
[2026-07-11T03:55:34.823+0000] {logging_mixin.py:190} INFO - [2026-07-11T03:55:34.823+0000] {dagbag.py:588} INFO - Filling up the DagBag from /opt/airflow/dags/dag_extract_catalogs.py
[2026-07-11T03:55:34.828+0000] {processor.py:925} INFO - DAG(s) 'dag_extract_catalogs' retrieved from /opt/airflow/dags/dag_extract_catalogs.py
[2026-07-11T03:55:34.843+0000] {logging_mixin.py:190} INFO - [2026-07-11T03:55:34.843+0000] {dag.py:3239} INFO - Sync 1 DAGs
[2026-07-11T03:55:34.851+0000] {logging_mixin.py:190} INFO - [2026-07-11T03:55:34.851+0000] {dag.py:4180} INFO - Setting next_dagrun for dag_extract_catalogs to 2026-07-10 01:00:00+00:00, run_after=2026-07-11 01:00:00+00:00
[2026-07-11T03:55:34.858+0000] {processor.py:208} INFO - Processing /opt/airflow/dags/dag_extract_catalogs.py took 0.039 seconds
[2026-07-11T03:56:05.365+0000] {processor.py:186} INFO - Started process (PID=24863) to work on /opt/airflow/dags/dag_extract_catalogs.py
[2026-07-11T03:56:05.366+0000] {processor.py:914} INFO - Processing file /opt/airflow/dags/dag_extract_catalogs.py for tasks to queue
[2026-07-11T03:56:05.367+0000] {logging_mixin.py:190} INFO - [2026-07-11T03:56:05.366+0000] {dagbag.py:588} INFO - Filling up the DagBag from /opt/airflow/dags/dag_extract_catalogs.py
[2026-07-11T03:56:05.371+0000] {processor.py:925} INFO - DAG(s) 'dag_extract_catalogs' retrieved from /opt/airflow/dags/dag_extract_catalogs.py
[2026-07-11T03:56:05.381+0000] {logging_mixin.py:190} INFO - [2026-07-11T03:56:05.381+0000] {dag.py:3239} INFO - Sync 1 DAGs
[2026-07-11T03:56:05.388+0000] {logging_mixin.py:190} INFO - [2026-07-11T03:56:05.388+0000] {dag.py:4180} INFO - Setting next_dagrun for dag_extract_catalogs to 2026-07-10 01:00:00+00:00, run_after=2026-07-11 01:00:00+00:00
[2026-07-11T03:56:05.393+0000] {processor.py:208} INFO - Processing /opt/airflow/dags/dag_extract_catalogs.py took 0.030 seconds
[2026-07-11T03:56:35.923+0000] {processor.py:186} INFO - Started process (PID=24883) to work on /opt/airflow/dags/dag_extract_catalogs.py
[2026-07-11T03:56:35.923+0000] {processor.py:914} INFO - Processing file /opt/airflow/dags/dag_extract_catalogs.py for tasks to queue
[2026-07-11T03:56:35.924+0000] {logging_mixin.py:190} INFO - [2026-07-11T03:56:35.924+0000] {dagbag.py:588} INFO - Filling up the DagBag from /opt/airflow/dags/dag_extract_catalogs.py
[2026-07-11T03:56:35.929+0000] {processor.py:925} INFO - DAG(s) 'dag_extract_catalogs' retrieved from /opt/airflow/dags/dag_extract_catalogs.py
[2026-07-11T03:56:35.938+0000] {logging_mixin.py:190} INFO - [2026-07-11T03:56:35.938+0000] {dag.py:3239} INFO - Sync 1 DAGs
[2026-07-11T03:56:35.945+0000] {logging_mixin.py:190} INFO - [2026-07-11T03:56:35.945+0000] {dag.py:4180} INFO - Setting next_dagrun for dag_extract_catalogs to 2026-07-10 01:00:00+00:00, run_after=2026-07-11 01:00:00+00:00
[2026-07-11T03:56:35.950+0000] {processor.py:208} INFO - Processing /opt/airflow/dags/dag_extract_catalogs.py took 0.030 seconds
[2026-07-11T03:57:06.390+0000] {processor.py:186} INFO - Started process (PID=24901) to work on /opt/airflow/dags/dag_extract_catalogs.py
[2026-07-11T03:57:06.391+0000] {processor.py:914} INFO - Processing file /opt/airflow/dags/dag_extract_catalogs.py for tasks to queue
[2026-07-11T03:57:06.392+0000] {logging_mixin.py:190} INFO - [2026-07-11T03:57:06.392+0000] {dagbag.py:588} INFO - Filling up the DagBag from /opt/airflow/dags/dag_extract_catalogs.py
[2026-07-11T03:57:06.399+0000] {processor.py:925} INFO - DAG(s) 'dag_extract_catalogs' retrieved from /opt/airflow/dags/dag_extract_catalogs.py
[2026-07-11T03:57:06.414+0000] {logging_mixin.py:190} INFO - [2026-07-11T03:57:06.414+0000] {dag.py:3239} INFO - Sync 1 DAGs
[2026-07-11T03:57:06.423+0000] {logging_mixin.py:190} INFO - [2026-07-11T03:57:06.422+0000] {dag.py:4180} INFO - Setting next_dagrun for dag_extract_catalogs to 2026-07-10 01:00:00+00:00, run_after=2026-07-11 01:00:00+00:00
[2026-07-11T03:57:06.428+0000] {processor.py:208} INFO - Processing /opt/airflow/dags/dag_extract_catalogs.py took 0.040 seconds
[2026-07-11T03:57:36.891+0000] {processor.py:186} INFO - Started process (PID=24923) to work on /opt/airflow/dags/dag_extract_catalogs.py
[2026-07-11T03:57:36.891+0000] {processor.py:914} INFO - Processing file /opt/airflow/dags/dag_extract_catalogs.py for tasks to queue
[2026-07-11T03:57:36.892+0000] {logging_mixin.py:190} INFO - [2026-07-11T03:57:36.892+0000] {dagbag.py:588} INFO - Filling up the DagBag from /opt/airflow/dags/dag_extract_catalogs.py
[2026-07-11T03:57:36.897+0000] {processor.py:925} INFO - DAG(s) 'dag_extract_catalogs' retrieved from /opt/airflow/dags/dag_extract_catalogs.py
[2026-07-11T03:57:36.907+0000] {logging_mixin.py:190} INFO - [2026-07-11T03:57:36.907+0000] {dag.py:3239} INFO - Sync 1 DAGs
[2026-07-11T03:57:36.914+0000] {logging_mixin.py:190} INFO - [2026-07-11T03:57:36.914+0000] {dag.py:4180} INFO - Setting next_dagrun for dag_extract_catalogs to 2026-07-10 01:00:00+00:00, run_after=2026-07-11 01:00:00+00:00
[2026-07-11T03:57:36.918+0000] {processor.py:208} INFO - Processing /opt/airflow/dags/dag_extract_catalogs.py took 0.030 seconds
[2026-07-11T03:58:07.399+0000] {processor.py:186} INFO - Started process (PID=24943) to work on /opt/airflow/dags/dag_extract_catalogs.py
[2026-07-11T03:58:07.399+0000] {processor.py:914} INFO - Processing file /opt/airflow/dags/dag_extract_catalogs.py for tasks to queue
[2026-07-11T03:58:07.400+0000] {logging_mixin.py:190} INFO - [2026-07-11T03:58:07.400+0000] {dagbag.py:588} INFO - Filling up the DagBag from /opt/airflow/dags/dag_extract_catalogs.py
[2026-07-11T03:58:07.405+0000] {processor.py:925} INFO - DAG(s) 'dag_extract_catalogs' retrieved from /opt/airflow/dags/dag_extract_catalogs.py
[2026-07-11T03:58:07.416+0000] {logging_mixin.py:190} INFO - [2026-07-11T03:58:07.416+0000] {dag.py:3239} INFO - Sync 1 DAGs
[2026-07-11T03:58:07.422+0000] {logging_mixin.py:190} INFO - [2026-07-11T03:58:07.422+0000] {dag.py:4180} INFO - Setting next_dagrun for dag_extract_catalogs to 2026-07-10 01:00:00+00:00, run_after=2026-07-11 01:00:00+00:00
[2026-07-11T03:58:07.427+0000] {processor.py:208} INFO - Processing /opt/airflow/dags/dag_extract_catalogs.py took 0.030 seconds
[2026-07-11T03:58:37.908+0000] {processor.py:186} INFO - Started process (PID=24963) to work on /opt/airflow/dags/dag_extract_catalogs.py
[2026-07-11T03:58:37.908+0000] {processor.py:914} INFO - Processing file /opt/airflow/dags/dag_extract_catalogs.py for tasks to queue
[2026-07-11T03:58:37.909+0000] {logging_mixin.py:190} INFO - [2026-07-11T03:58:37.909+0000] {dagbag.py:588} INFO - Filling up the DagBag from /opt/airflow/dags/dag_extract_catalogs.py
[2026-07-11T03:58:37.914+0000] {processor.py:925} INFO - DAG(s) 'dag_extract_catalogs' retrieved from /opt/airflow/dags/dag_extract_catalogs.py
[2026-07-11T03:58:37.924+0000] {logging_mixin.py:190} INFO - [2026-07-11T03:58:37.924+0000] {dag.py:3239} INFO - Sync 1 DAGs
[2026-07-11T03:58:37.931+0000] {logging_mixin.py:190} INFO - [2026-07-11T03:58:37.931+0000] {dag.py:4180} INFO - Setting next_dagrun for dag_extract_catalogs to 2026-07-10 01:00:00+00:00, run_after=2026-07-11 01:00:00+00:00
[2026-07-11T03:58:37.936+0000] {processor.py:208} INFO - Processing /opt/airflow/dags/dag_extract_catalogs.py took 0.030 seconds
[2026-07-11T03:59:08.284+0000] {processor.py:186} INFO - Started process (PID=24981) to work on /opt/airflow/dags/dag_extract_catalogs.py
[2026-07-11T03:59:08.285+0000] {processor.py:914} INFO - Processing file /opt/airflow/dags/dag_extract_catalogs.py for tasks to queue
[2026-07-11T03:59:08.286+0000] {logging_mixin.py:190} INFO - [2026-07-11T03:59:08.286+0000] {dagbag.py:588} INFO - Filling up the DagBag from /opt/airflow/dags/dag_extract_catalogs.py
[2026-07-11T03:59:08.294+0000] {processor.py:925} INFO - DAG(s) 'dag_extract_catalogs' retrieved from /opt/airflow/dags/dag_extract_catalogs.py
[2026-07-11T03:59:08.305+0000] {logging_mixin.py:190} INFO - [2026-07-11T03:59:08.305+0000] {dag.py:3239} INFO - Sync 1 DAGs
[2026-07-11T03:59:08.313+0000] {logging_mixin.py:190} INFO - [2026-07-11T03:59:08.313+0000] {dag.py:4180} INFO - Setting next_dagrun for dag_extract_catalogs to 2026-07-10 01:00:00+00:00, run_after=2026-07-11 01:00:00+00:00
[2026-07-11T03:59:08.320+0000] {processor.py:208} INFO - Processing /opt/airflow/dags/dag_extract_catalogs.py took 0.039 seconds
[2026-07-11T03:59:38.848+0000] {processor.py:186} INFO - Started process (PID=25003) to work on /opt/airflow/dags/dag_extract_catalogs.py
[2026-07-11T03:59:38.848+0000] {processor.py:914} INFO - Processing file /opt/airflow/dags/dag_extract_catalogs.py for tasks to queue
[2026-07-11T03:59:38.849+0000] {logging_mixin.py:190} INFO - [2026-07-11T03:59:38.849+0000] {dagbag.py:588} INFO - Filling up the DagBag from /opt/airflow/dags/dag_extract_catalogs.py
[2026-07-11T03:59:38.853+0000] {processor.py:925} INFO - DAG(s) 'dag_extract_catalogs' retrieved from /opt/airflow/dags/dag_extract_catalogs.py
[2026-07-11T03:59:38.863+0000] {logging_mixin.py:190} INFO - [2026-07-11T03:59:38.863+0000] {dag.py:3239} INFO - Sync 1 DAGs
[2026-07-11T03:59:38.870+0000] {logging_mixin.py:190} INFO - [2026-07-11T03:59:38.870+0000] {dag.py:4180} INFO - Setting next_dagrun for dag_extract_catalogs to 2026-07-10 01:00:00+00:00, run_after=2026-07-11 01:00:00+00:00
[2026-07-11T03:59:38.875+0000] {processor.py:208} INFO - Processing /opt/airflow/dags/dag_extract_catalogs.py took 0.030 seconds
[2026-07-11T04:00:09.318+0000] {processor.py:186} INFO - Started process (PID=25023) to work on /opt/airflow/dags/dag_extract_catalogs.py
[2026-07-11T04:00:09.318+0000] {processor.py:914} INFO - Processing file /opt/airflow/dags/dag_extract_catalogs.py for tasks to queue
[2026-07-11T04:00:09.319+0000] {logging_mixin.py:190} INFO - [2026-07-11T04:00:09.319+0000] {dagbag.py:588} INFO - Filling up the DagBag from /opt/airflow/dags/dag_extract_catalogs.py
[2026-07-11T04:00:09.323+0000] {processor.py:925} INFO - DAG(s) 'dag_extract_catalogs' retrieved from /opt/airflow/dags/dag_extract_catalogs.py
[2026-07-11T04:00:09.333+0000] {logging_mixin.py:190} INFO - [2026-07-11T04:00:09.333+0000] {dag.py:3239} INFO - Sync 1 DAGs
[2026-07-11T04:00:09.340+0000] {logging_mixin.py:190} INFO - [2026-07-11T04:00:09.340+0000] {dag.py:4180} INFO - Setting next_dagrun for dag_extract_catalogs to 2026-07-10 01:00:00+00:00, run_after=2026-07-11 01:00:00+00:00
[2026-07-11T04:00:09.345+0000] {processor.py:208} INFO - Processing /opt/airflow/dags/dag_extract_catalogs.py took 0.030 seconds
[2026-07-11T04:00:39.835+0000] {processor.py:186} INFO - Started process (PID=25043) to work on /opt/airflow/dags/dag_extract_catalogs.py
[2026-07-11T04:00:39.835+0000] {processor.py:914} INFO - Processing file /opt/airflow/dags/dag_extract_catalogs.py for tasks to queue
[2026-07-11T04:00:39.836+0000] {logging_mixin.py:190} INFO - [2026-07-11T04:00:39.836+0000] {dagbag.py:588} INFO - Filling up the DagBag from /opt/airflow/dags/dag_extract_catalogs.py
[2026-07-11T04:00:39.841+0000] {processor.py:925} INFO - DAG(s) 'dag_extract_catalogs' retrieved from /opt/airflow/dags/dag_extract_catalogs.py
[2026-07-11T04:00:39.851+0000] {logging_mixin.py:190} INFO - [2026-07-11T04:00:39.851+0000] {dag.py:3239} INFO - Sync 1 DAGs
[2026-07-11T04:00:39.858+0000] {logging_mixin.py:190} INFO - [2026-07-11T04:00:39.858+0000] {dag.py:4180} INFO - Setting next_dagrun for dag_extract_catalogs to 2026-07-10 01:00:00+00:00, run_after=2026-07-11 01:00:00+00:00
[2026-07-11T04:00:39.862+0000] {processor.py:208} INFO - Processing /opt/airflow/dags/dag_extract_catalogs.py took 0.030 seconds
[2026-07-11T04:01:10.289+0000] {processor.py:186} INFO - Started process (PID=25063) to work on /opt/airflow/dags/dag_extract_catalogs.py
[2026-07-11T04:01:10.289+0000] {processor.py:914} INFO - Processing file /opt/airflow/dags/dag_extract_catalogs.py for tasks to queue
[2026-07-11T04:01:10.290+0000] {logging_mixin.py:190} INFO - [2026-07-11T04:01:10.290+0000] {dagbag.py:588} INFO - Filling up the DagBag from /opt/airflow/dags/dag_extract_catalogs.py
[2026-07-11T04:01:10.295+0000] {processor.py:925} INFO - DAG(s) 'dag_extract_catalogs' retrieved from /opt/airflow/dags/dag_extract_catalogs.py
[2026-07-11T04:01:10.305+0000] {logging_mixin.py:190} INFO - [2026-07-11T04:01:10.305+0000] {dag.py:3239} INFO - Sync 1 DAGs
[2026-07-11T04:01:10.311+0000] {logging_mixin.py:190} INFO - [2026-07-11T04:01:10.311+0000] {dag.py:4180} INFO - Setting next_dagrun for dag_extract_catalogs to 2026-07-10 01:00:00+00:00, run_after=2026-07-11 01:00:00+00:00
[2026-07-11T04:01:10.316+0000] {processor.py:208} INFO - Processing /opt/airflow/dags/dag_extract_catalogs.py took 0.030 seconds
[2026-07-11T04:01:40.794+0000] {processor.py:186} INFO - Started process (PID=25083) to work on /opt/airflow/dags/dag_extract_catalogs.py
[2026-07-11T04:01:40.794+0000] {processor.py:914} INFO - Processing file /opt/airflow/dags/dag_extract_catalogs.py for tasks to queue
[2026-07-11T04:01:40.795+0000] {logging_mixin.py:190} INFO - [2026-07-11T04:01:40.795+0000] {dagbag.py:588} INFO - Filling up the DagBag from /opt/airflow/dags/dag_extract_catalogs.py
[2026-07-11T04:01:40.800+0000] {processor.py:925} INFO - DAG(s) 'dag_extract_catalogs' retrieved from /opt/airflow/dags/dag_extract_catalogs.py
[2026-07-11T04:01:40.810+0000] {logging_mixin.py:190} INFO - [2026-07-11T04:01:40.810+0000] {dag.py:3239} INFO - Sync 1 DAGs
[2026-07-11T04:01:40.818+0000] {logging_mixin.py:190} INFO - [2026-07-11T04:01:40.817+0000] {dag.py:4180} INFO - Setting next_dagrun for dag_extract_catalogs to 2026-07-10 01:00:00+00:00, run_after=2026-07-11 01:00:00+00:00
[2026-07-11T04:01:40.822+0000] {processor.py:208} INFO - Processing /opt/airflow/dags/dag_extract_catalogs.py took 0.031 seconds
[2026-07-11T04:02:11.240+0000] {processor.py:186} INFO - Started process (PID=25103) to work on /opt/airflow/dags/dag_extract_catalogs.py
[2026-07-11T04:02:11.241+0000] {processor.py:914} INFO - Processing file /opt/airflow/dags/dag_extract_catalogs.py for tasks to queue
[2026-07-11T04:02:11.242+0000] {logging_mixin.py:190} INFO - [2026-07-11T04:02:11.242+0000] {dagbag.py:588} INFO - Filling up the DagBag from /opt/airflow/dags/dag_extract_catalogs.py
[2026-07-11T04:02:11.247+0000] {processor.py:925} INFO - DAG(s) 'dag_extract_catalogs' retrieved from /opt/airflow/dags/dag_extract_catalogs.py
[2026-07-11T04:02:11.256+0000] {logging_mixin.py:190} INFO - [2026-07-11T04:02:11.256+0000] {dag.py:3239} INFO - Sync 1 DAGs
[2026-07-11T04:02:11.263+0000] {logging_mixin.py:190} INFO - [2026-07-11T04:02:11.263+0000] {dag.py:4180} INFO - Setting next_dagrun for dag_extract_catalogs to 2026-07-10 01:00:00+00:00, run_after=2026-07-11 01:00:00+00:00
[2026-07-11T04:02:11.268+0000] {processor.py:208} INFO - Processing /opt/airflow/dags/dag_extract_catalogs.py took 0.029 seconds
[2026-07-11T04:02:41.741+0000] {processor.py:186} INFO - Started process (PID=25123) to work on /opt/airflow/dags/dag_extract_catalogs.py
[2026-07-11T04:02:41.741+0000] {processor.py:914} INFO - Processing file /opt/airflow/dags/dag_extract_catalogs.py for tasks to queue
[2026-07-11T04:02:41.742+0000] {logging_mixin.py:190} INFO - [2026-07-11T04:02:41.742+0000] {dagbag.py:588} INFO - Filling up the DagBag from /opt/airflow/dags/dag_extract_catalogs.py
[2026-07-11T04:02:41.747+0000] {processor.py:925} INFO - DAG(s) 'dag_extract_catalogs' retrieved from /opt/airflow/dags/dag_extract_catalogs.py
[2026-07-11T04:02:41.757+0000] {logging_mixin.py:190} INFO - [2026-07-11T04:02:41.757+0000] {dag.py:3239} INFO - Sync 1 DAGs
[2026-07-11T04:02:41.764+0000] {logging_mixin.py:190} INFO - [2026-07-11T04:02:41.764+0000] {dag.py:4180} INFO - Setting next_dagrun for dag_extract_catalogs to 2026-07-10 01:00:00+00:00, run_after=2026-07-11 01:00:00+00:00
[2026-07-11T04:02:41.768+0000] {processor.py:208} INFO - Processing /opt/airflow/dags/dag_extract_catalogs.py took 0.030 seconds
[2026-07-11T04:03:12.223+0000] {processor.py:186} INFO - Started process (PID=25143) to work on /opt/airflow/dags/dag_extract_catalogs.py
[2026-07-11T04:03:12.224+0000] {processor.py:914} INFO - Processing file /opt/airflow/dags/dag_extract_catalogs.py for tasks to queue
[2026-07-11T04:03:12.224+0000] {logging_mixin.py:190} INFO - [2026-07-11T04:03:12.224+0000] {dagbag.py:588} INFO - Filling up the DagBag from /opt/airflow/dags/dag_extract_catalogs.py
[2026-07-11T04:03:12.229+0000] {processor.py:925} INFO - DAG(s) 'dag_extract_catalogs' retrieved from /opt/airflow/dags/dag_extract_catalogs.py
[2026-07-11T04:03:12.239+0000] {logging_mixin.py:190} INFO - [2026-07-11T04:03:12.239+0000] {dag.py:3239} INFO - Sync 1 DAGs
[2026-07-11T04:03:12.246+0000] {logging_mixin.py:190} INFO - [2026-07-11T04:03:12.246+0000] {dag.py:4180} INFO - Setting next_dagrun for dag_extract_catalogs to 2026-07-10 01:00:00+00:00, run_after=2026-07-11 01:00:00+00:00
[2026-07-11T04:03:12.250+0000] {processor.py:208} INFO - Processing /opt/airflow/dags/dag_extract_catalogs.py took 0.030 seconds
[2026-07-11T04:03:42.735+0000] {processor.py:186} INFO - Started process (PID=25163) to work on /opt/airflow/dags/dag_extract_catalogs.py
[2026-07-11T04:03:42.735+0000] {processor.py:914} INFO - Processing file /opt/airflow/dags/dag_extract_catalogs.py for tasks to queue
[2026-07-11T04:03:42.736+0000] {logging_mixin.py:190} INFO - [2026-07-11T04:03:42.736+0000] {dagbag.py:588} INFO - Filling up the DagBag from /opt/airflow/dags/dag_extract_catalogs.py
[2026-07-11T04:03:42.741+0000] {processor.py:925} INFO - DAG(s) 'dag_extract_catalogs' retrieved from /opt/airflow/dags/dag_extract_catalogs.py
[2026-07-11T04:03:42.751+0000] {logging_mixin.py:190} INFO - [2026-07-11T04:03:42.751+0000] {dag.py:3239} INFO - Sync 1 DAGs
[2026-07-11T04:03:42.757+0000] {logging_mixin.py:190} INFO - [2026-07-11T04:03:42.757+0000] {dag.py:4180} INFO - Setting next_dagrun for dag_extract_catalogs to 2026-07-10 01:00:00+00:00, run_after=2026-07-11 01:00:00+00:00
[2026-07-11T04:03:42.762+0000] {processor.py:208} INFO - Processing /opt/airflow/dags/dag_extract_catalogs.py took 0.029 seconds
[2026-07-11T04:04:13.165+0000] {processor.py:186} INFO - Started process (PID=25181) to work on /opt/airflow/dags/dag_extract_catalogs.py
[2026-07-11T04:04:13.166+0000] {processor.py:914} INFO - Processing file /opt/airflow/dags/dag_extract_catalogs.py for tasks to queue
[2026-07-11T04:04:13.167+0000] {logging_mixin.py:190} INFO - [2026-07-11T04:04:13.167+0000] {dagbag.py:588} INFO - Filling up the DagBag from /opt/airflow/dags/dag_extract_catalogs.py
[2026-07-11T04:04:13.176+0000] {processor.py:925} INFO - DAG(s) 'dag_extract_catalogs' retrieved from /opt/airflow/dags/dag_extract_catalogs.py
[2026-07-11T04:04:13.187+0000] {logging_mixin.py:190} INFO - [2026-07-11T04:04:13.187+0000] {dag.py:3239} INFO - Sync 1 DAGs
[2026-07-11T04:04:13.196+0000] {logging_mixin.py:190} INFO - [2026-07-11T04:04:13.196+0000] {dag.py:4180} INFO - Setting next_dagrun for dag_extract_catalogs to 2026-07-10 01:00:00+00:00, run_after=2026-07-11 01:00:00+00:00
[2026-07-11T04:04:13.201+0000] {processor.py:208} INFO - Processing /opt/airflow/dags/dag_extract_catalogs.py took 0.039 seconds
[2026-07-11T04:04:43.681+0000] {processor.py:186} INFO - Started process (PID=25203) to work on /opt/airflow/dags/dag_extract_catalogs.py
[2026-07-11T04:04:43.681+0000] {processor.py:914} INFO - Processing file /opt/airflow/dags/dag_extract_catalogs.py for tasks to queue
[2026-07-11T04:04:43.682+0000] {logging_mixin.py:190} INFO - [2026-07-11T04:04:43.682+0000] {dagbag.py:588} INFO - Filling up the DagBag from /opt/airflow/dags/dag_extract_catalogs.py
[2026-07-11T04:04:43.687+0000] {processor.py:925} INFO - DAG(s) 'dag_extract_catalogs' retrieved from /opt/airflow/dags/dag_extract_catalogs.py
[2026-07-11T04:04:43.696+0000] {logging_mixin.py:190} INFO - [2026-07-11T04:04:43.696+0000] {dag.py:3239} INFO - Sync 1 DAGs
[2026-07-11T04:04:43.703+0000] {logging_mixin.py:190} INFO - [2026-07-11T04:04:43.703+0000] {dag.py:4180} INFO - Setting next_dagrun for dag_extract_catalogs to 2026-07-10 01:00:00+00:00, run_after=2026-07-11 01:00:00+00:00
[2026-07-11T04:04:43.708+0000] {processor.py:208} INFO - Processing /opt/airflow/dags/dag_extract_catalogs.py took 0.029 seconds
[2026-07-11T04:05:14.137+0000] {processor.py:186} INFO - Started process (PID=25221) to work on /opt/airflow/dags/dag_extract_catalogs.py
[2026-07-11T04:05:14.137+0000] {processor.py:914} INFO - Processing file /opt/airflow/dags/dag_extract_catalogs.py for tasks to queue
[2026-07-11T04:05:14.139+0000] {logging_mixin.py:190} INFO - [2026-07-11T04:05:14.139+0000] {dagbag.py:588} INFO - Filling up the DagBag from /opt/airflow/dags/dag_extract_catalogs.py
[2026-07-11T04:05:14.144+0000] {processor.py:925} INFO - DAG(s) 'dag_extract_catalogs' retrieved from /opt/airflow/dags/dag_extract_catalogs.py
[2026-07-11T04:05:14.158+0000] {logging_mixin.py:190} INFO - [2026-07-11T04:05:14.157+0000] {dag.py:3239} INFO - Sync 1 DAGs
[2026-07-11T04:05:14.165+0000] {logging_mixin.py:190} INFO - [2026-07-11T04:05:14.165+0000] {dag.py:4180} INFO - Setting next_dagrun for dag_extract_catalogs to 2026-07-10 01:00:00+00:00, run_after=2026-07-11 01:00:00+00:00
[2026-07-11T04:05:14.173+0000] {processor.py:208} INFO - Processing /opt/airflow/dags/dag_extract_catalogs.py took 0.039 seconds
[2026-07-11T04:05:44.695+0000] {processor.py:186} INFO - Started process (PID=25243) to work on /opt/airflow/dags/dag_extract_catalogs.py
[2026-07-11T04:05:44.695+0000] {processor.py:914} INFO - Processing file /opt/airflow/dags/dag_extract_catalogs.py for tasks to queue
[2026-07-11T04:05:44.696+0000] {logging_mixin.py:190} INFO - [2026-07-11T04:05:44.696+0000] {dagbag.py:588} INFO - Filling up the DagBag from /opt/airflow/dags/dag_extract_catalogs.py
[2026-07-11T04:05:44.700+0000] {processor.py:925} INFO - DAG(s) 'dag_extract_catalogs' retrieved from /opt/airflow/dags/dag_extract_catalogs.py
[2026-07-11T04:05:44.710+0000] {logging_mixin.py:190} INFO - [2026-07-11T04:05:44.710+0000] {dag.py:3239} INFO - Sync 1 DAGs
[2026-07-11T04:05:44.717+0000] {logging_mixin.py:190} INFO - [2026-07-11T04:05:44.717+0000] {dag.py:4180} INFO - Setting next_dagrun for dag_extract_catalogs to 2026-07-10 01:00:00+00:00, run_after=2026-07-11 01:00:00+00:00
[2026-07-11T04:05:44.722+0000] {processor.py:208} INFO - Processing /opt/airflow/dags/dag_extract_catalogs.py took 0.030 seconds
[2026-07-11T04:06:15.210+0000] {processor.py:186} INFO - Started process (PID=25263) to work on /opt/airflow/dags/dag_extract_catalogs.py
[2026-07-11T04:06:15.211+0000] {processor.py:914} INFO - Processing file /opt/airflow/dags/dag_extract_catalogs.py for tasks to queue
[2026-07-11T04:06:15.212+0000] {logging_mixin.py:190} INFO - [2026-07-11T04:06:15.211+0000] {dagbag.py:588} INFO - Filling up the DagBag from /opt/airflow/dags/dag_extract_catalogs.py
[2026-07-11T04:06:15.216+0000] {processor.py:925} INFO - DAG(s) 'dag_extract_catalogs' retrieved from /opt/airflow/dags/dag_extract_catalogs.py
[2026-07-11T04:06:15.226+0000] {logging_mixin.py:190} INFO - [2026-07-11T04:06:15.226+0000] {dag.py:3239} INFO - Sync 1 DAGs
[2026-07-11T04:06:15.233+0000] {logging_mixin.py:190} INFO - [2026-07-11T04:06:15.233+0000] {dag.py:4180} INFO - Setting next_dagrun for dag_extract_catalogs to 2026-07-10 01:00:00+00:00, run_after=2026-07-11 01:00:00+00:00
[2026-07-11T04:06:15.238+0000] {processor.py:208} INFO - Processing /opt/airflow/dags/dag_extract_catalogs.py took 0.030 seconds
[2026-07-11T04:06:45.642+0000] {processor.py:186} INFO - Started process (PID=25283) to work on /opt/airflow/dags/dag_extract_catalogs.py
[2026-07-11T04:06:45.643+0000] {processor.py:914} INFO - Processing file /opt/airflow/dags/dag_extract_catalogs.py for tasks to queue
[2026-07-11T04:06:45.644+0000] {logging_mixin.py:190} INFO - [2026-07-11T04:06:45.643+0000] {dagbag.py:588} INFO - Filling up the DagBag from /opt/airflow/dags/dag_extract_catalogs.py
[2026-07-11T04:06:45.648+0000] {processor.py:925} INFO - DAG(s) 'dag_extract_catalogs' retrieved from /opt/airflow/dags/dag_extract_catalogs.py
[2026-07-11T04:06:45.658+0000] {logging_mixin.py:190} INFO - [2026-07-11T04:06:45.658+0000] {dag.py:3239} INFO - Sync 1 DAGs
[2026-07-11T04:06:45.665+0000] {logging_mixin.py:190} INFO - [2026-07-11T04:06:45.665+0000] {dag.py:4180} INFO - Setting next_dagrun for dag_extract_catalogs to 2026-07-10 01:00:00+00:00, run_after=2026-07-11 01:00:00+00:00
[2026-07-11T04:06:45.669+0000] {processor.py:208} INFO - Processing /opt/airflow/dags/dag_extract_catalogs.py took 0.029 seconds
[2026-07-11T04:07:16.132+0000] {processor.py:186} INFO - Started process (PID=25303) to work on /opt/airflow/dags/dag_extract_catalogs.py
[2026-07-11T04:07:16.132+0000] {processor.py:914} INFO - Processing file /opt/airflow/dags/dag_extract_catalogs.py for tasks to queue
[2026-07-11T04:07:16.133+0000] {logging_mixin.py:190} INFO - [2026-07-11T04:07:16.133+0000] {dagbag.py:588} INFO - Filling up the DagBag from /opt/airflow/dags/dag_extract_catalogs.py
[2026-07-11T04:07:16.138+0000] {processor.py:925} INFO - DAG(s) 'dag_extract_catalogs' retrieved from /opt/airflow/dags/dag_extract_catalogs.py
[2026-07-11T04:07:16.148+0000] {logging_mixin.py:190} INFO - [2026-07-11T04:07:16.148+0000] {dag.py:3239} INFO - Sync 1 DAGs
[2026-07-11T04:07:16.155+0000] {logging_mixin.py:190} INFO - [2026-07-11T04:07:16.155+0000] {dag.py:4180} INFO - Setting next_dagrun for dag_extract_catalogs to 2026-07-10 01:00:00+00:00, run_after=2026-07-11 01:00:00+00:00
[2026-07-11T04:07:16.160+0000] {processor.py:208} INFO - Processing /opt/airflow/dags/dag_extract_catalogs.py took 0.030 seconds
[2026-07-11T04:07:46.652+0000] {processor.py:186} INFO - Started process (PID=25323) to work on /opt/airflow/dags/dag_extract_catalogs.py
[2026-07-11T04:07:46.653+0000] {processor.py:914} INFO - Processing file /opt/airflow/dags/dag_extract_catalogs.py for tasks to queue
[2026-07-11T04:07:46.653+0000] {logging_mixin.py:190} INFO - [2026-07-11T04:07:46.653+0000] {dagbag.py:588} INFO - Filling up the DagBag from /opt/airflow/dags/dag_extract_catalogs.py
[2026-07-11T04:07:46.658+0000] {processor.py:925} INFO - DAG(s) 'dag_extract_catalogs' retrieved from /opt/airflow/dags/dag_extract_catalogs.py
[2026-07-11T04:07:46.668+0000] {logging_mixin.py:190} INFO - [2026-07-11T04:07:46.668+0000] {dag.py:3239} INFO - Sync 1 DAGs
[2026-07-11T04:07:46.675+0000] {logging_mixin.py:190} INFO - [2026-07-11T04:07:46.675+0000] {dag.py:4180} INFO - Setting next_dagrun for dag_extract_catalogs to 2026-07-10 01:00:00+00:00, run_after=2026-07-11 01:00:00+00:00
[2026-07-11T04:07:46.680+0000] {processor.py:208} INFO - Processing /opt/airflow/dags/dag_extract_catalogs.py took 0.030 seconds
[2026-07-11T04:08:17.117+0000] {processor.py:186} INFO - Started process (PID=25341) to work on /opt/airflow/dags/dag_extract_catalogs.py
[2026-07-11T04:08:17.118+0000] {processor.py:914} INFO - Processing file /opt/airflow/dags/dag_extract_catalogs.py for tasks to queue
[2026-07-11T04:08:17.119+0000] {logging_mixin.py:190} INFO - [2026-07-11T04:08:17.119+0000] {dagbag.py:588} INFO - Filling up the DagBag from /opt/airflow/dags/dag_extract_catalogs.py
[2026-07-11T04:08:17.125+0000] {processor.py:925} INFO - DAG(s) 'dag_extract_catalogs' retrieved from /opt/airflow/dags/dag_extract_catalogs.py
[2026-07-11T04:08:17.141+0000] {logging_mixin.py:190} INFO - [2026-07-11T04:08:17.141+0000] {dag.py:3239} INFO - Sync 1 DAGs
[2026-07-11T04:08:17.149+0000] {logging_mixin.py:190} INFO - [2026-07-11T04:08:17.149+0000] {dag.py:4180} INFO - Setting next_dagrun for dag_extract_catalogs to 2026-07-10 01:00:00+00:00, run_after=2026-07-11 01:00:00+00:00
[2026-07-11T04:08:17.155+0000] {processor.py:208} INFO - Processing /opt/airflow/dags/dag_extract_catalogs.py took 0.040 seconds
[2026-07-11T04:08:47.605+0000] {processor.py:186} INFO - Started process (PID=25363) to work on /opt/airflow/dags/dag_extract_catalogs.py
[2026-07-11T04:08:47.605+0000] {processor.py:914} INFO - Processing file /opt/airflow/dags/dag_extract_catalogs.py for tasks to queue
[2026-07-11T04:08:47.606+0000] {logging_mixin.py:190} INFO - [2026-07-11T04:08:47.606+0000] {dagbag.py:588} INFO - Filling up the DagBag from /opt/airflow/dags/dag_extract_catalogs.py
[2026-07-11T04:08:47.610+0000] {processor.py:925} INFO - DAG(s) 'dag_extract_catalogs' retrieved from /opt/airflow/dags/dag_extract_catalogs.py
[2026-07-11T04:08:47.621+0000] {logging_mixin.py:190} INFO - [2026-07-11T04:08:47.621+0000] {dag.py:3239} INFO - Sync 1 DAGs
[2026-07-11T04:08:47.628+0000] {logging_mixin.py:190} INFO - [2026-07-11T04:08:47.628+0000] {dag.py:4180} INFO - Setting next_dagrun for dag_extract_catalogs to 2026-07-10 01:00:00+00:00, run_after=2026-07-11 01:00:00+00:00
[2026-07-11T04:08:47.633+0000] {processor.py:208} INFO - Processing /opt/airflow/dags/dag_extract_catalogs.py took 0.031 seconds
[2026-07-11T04:09:18.089+0000] {processor.py:186} INFO - Started process (PID=25383) to work on /opt/airflow/dags/dag_extract_catalogs.py
[2026-07-11T04:09:18.089+0000] {processor.py:914} INFO - Processing file /opt/airflow/dags/dag_extract_catalogs.py for tasks to queue
[2026-07-11T04:09:18.090+0000] {logging_mixin.py:190} INFO - [2026-07-11T04:09:18.090+0000] {dagbag.py:588} INFO - Filling up the DagBag from /opt/airflow/dags/dag_extract_catalogs.py
[2026-07-11T04:09:18.095+0000] {processor.py:925} INFO - DAG(s) 'dag_extract_catalogs' retrieved from /opt/airflow/dags/dag_extract_catalogs.py
[2026-07-11T04:09:18.104+0000] {logging_mixin.py:190} INFO - [2026-07-11T04:09:18.104+0000] {dag.py:3239} INFO - Sync 1 DAGs
[2026-07-11T04:09:18.112+0000] {logging_mixin.py:190} INFO - [2026-07-11T04:09:18.112+0000] {dag.py:4180} INFO - Setting next_dagrun for dag_extract_catalogs to 2026-07-10 01:00:00+00:00, run_after=2026-07-11 01:00:00+00:00
[2026-07-11T04:09:18.116+0000] {processor.py:208} INFO - Processing /opt/airflow/dags/dag_extract_catalogs.py took 0.030 seconds
[2026-07-11T04:09:48.542+0000] {processor.py:186} INFO - Started process (PID=25403) to work on /opt/airflow/dags/dag_extract_catalogs.py
[2026-07-11T04:09:48.542+0000] {processor.py:914} INFO - Processing file /opt/airflow/dags/dag_extract_catalogs.py for tasks to queue
[2026-07-11T04:09:48.543+0000] {logging_mixin.py:190} INFO - [2026-07-11T04:09:48.543+0000] {dagbag.py:588} INFO - Filling up the DagBag from /opt/airflow/dags/dag_extract_catalogs.py
[2026-07-11T04:09:48.548+0000] {processor.py:925} INFO - DAG(s) 'dag_extract_catalogs' retrieved from /opt/airflow/dags/dag_extract_catalogs.py
[2026-07-11T04:09:48.558+0000] {logging_mixin.py:190} INFO - [2026-07-11T04:09:48.558+0000] {dag.py:3239} INFO - Sync 1 DAGs
[2026-07-11T04:09:48.564+0000] {logging_mixin.py:190} INFO - [2026-07-11T04:09:48.564+0000] {dag.py:4180} INFO - Setting next_dagrun for dag_extract_catalogs to 2026-07-10 01:00:00+00:00, run_after=2026-07-11 01:00:00+00:00
[2026-07-11T04:09:48.569+0000] {processor.py:208} INFO - Processing /opt/airflow/dags/dag_extract_catalogs.py took 0.029 seconds
[2026-07-11T04:10:19.027+0000] {processor.py:186} INFO - Started process (PID=25423) to work on /opt/airflow/dags/dag_extract_catalogs.py
[2026-07-11T04:10:19.027+0000] {processor.py:914} INFO - Processing file /opt/airflow/dags/dag_extract_catalogs.py for tasks to queue
[2026-07-11T04:10:19.028+0000] {logging_mixin.py:190} INFO - [2026-07-11T04:10:19.028+0000] {dagbag.py:588} INFO - Filling up the DagBag from /opt/airflow/dags/dag_extract_catalogs.py
[2026-07-11T04:10:19.033+0000] {processor.py:925} INFO - DAG(s) 'dag_extract_catalogs' retrieved from /opt/airflow/dags/dag_extract_catalogs.py
[2026-07-11T04:10:19.043+0000] {logging_mixin.py:190} INFO - [2026-07-11T04:10:19.042+0000] {dag.py:3239} INFO - Sync 1 DAGs
[2026-07-11T04:10:19.049+0000] {logging_mixin.py:190} INFO - [2026-07-11T04:10:19.049+0000] {dag.py:4180} INFO - Setting next_dagrun for dag_extract_catalogs to 2026-07-10 01:00:00+00:00, run_after=2026-07-11 01:00:00+00:00
[2026-07-11T04:10:19.054+0000] {processor.py:208} INFO - Processing /opt/airflow/dags/dag_extract_catalogs.py took 0.030 seconds
[2026-07-11T04:10:49.472+0000] {processor.py:186} INFO - Started process (PID=25443) to work on /opt/airflow/dags/dag_extract_catalogs.py
[2026-07-11T04:10:49.473+0000] {processor.py:914} INFO - Processing file /opt/airflow/dags/dag_extract_catalogs.py for tasks to queue
[2026-07-11T04:10:49.473+0000] {logging_mixin.py:190} INFO - [2026-07-11T04:10:49.473+0000] {dagbag.py:588} INFO - Filling up the DagBag from /opt/airflow/dags/dag_extract_catalogs.py
[2026-07-11T04:10:49.478+0000] {processor.py:925} INFO - DAG(s) 'dag_extract_catalogs' retrieved from /opt/airflow/dags/dag_extract_catalogs.py
[2026-07-11T04:10:49.488+0000] {logging_mixin.py:190} INFO - [2026-07-11T04:10:49.488+0000] {dag.py:3239} INFO - Sync 1 DAGs
[2026-07-11T04:10:49.495+0000] {logging_mixin.py:190} INFO - [2026-07-11T04:10:49.495+0000] {dag.py:4180} INFO - Setting next_dagrun for dag_extract_catalogs to 2026-07-10 01:00:00+00:00, run_after=2026-07-11 01:00:00+00:00
[2026-07-11T04:10:49.499+0000] {processor.py:208} INFO - Processing /opt/airflow/dags/dag_extract_catalogs.py took 0.029 seconds
[2026-07-11T04:11:19.934+0000] {processor.py:186} INFO - Started process (PID=25461) to work on /opt/airflow/dags/dag_extract_catalogs.py
[2026-07-11T04:11:19.935+0000] {processor.py:914} INFO - Processing file /opt/airflow/dags/dag_extract_catalogs.py for tasks to queue
[2026-07-11T04:11:19.936+0000] {logging_mixin.py:190} INFO - [2026-07-11T04:11:19.936+0000] {dagbag.py:588} INFO - Filling up the DagBag from /opt/airflow/dags/dag_extract_catalogs.py
[2026-07-11T04:11:19.942+0000] {processor.py:925} INFO - DAG(s) 'dag_extract_catalogs' retrieved from /opt/airflow/dags/dag_extract_catalogs.py
[2026-07-11T04:11:19.957+0000] {logging_mixin.py:190} INFO - [2026-07-11T04:11:19.957+0000] {dag.py:3239} INFO - Sync 1 DAGs
[2026-07-11T04:11:19.964+0000] {logging_mixin.py:190} INFO - [2026-07-11T04:11:19.964+0000] {dag.py:4180} INFO - Setting next_dagrun for dag_extract_catalogs to 2026-07-10 01:00:00+00:00, run_after=2026-07-11 01:00:00+00:00
[2026-07-11T04:11:19.970+0000] {processor.py:208} INFO - Processing /opt/airflow/dags/dag_extract_catalogs.py took 0.038 seconds
[2026-07-11T04:11:50.467+0000] {processor.py:186} INFO - Started process (PID=25481) to work on /opt/airflow/dags/dag_extract_catalogs.py
[2026-07-11T04:11:50.467+0000] {processor.py:914} INFO - Processing file /opt/airflow/dags/dag_extract_catalogs.py for tasks to queue
[2026-07-11T04:11:50.468+0000] {logging_mixin.py:190} INFO - [2026-07-11T04:11:50.468+0000] {dagbag.py:588} INFO - Filling up the DagBag from /opt/airflow/dags/dag_extract_catalogs.py
[2026-07-11T04:11:50.476+0000] {processor.py:925} INFO - DAG(s) 'dag_extract_catalogs' retrieved from /opt/airflow/dags/dag_extract_catalogs.py
[2026-07-11T04:11:50.490+0000] {logging_mixin.py:190} INFO - [2026-07-11T04:11:50.490+0000] {dag.py:3239} INFO - Sync 1 DAGs
[2026-07-11T04:11:50.498+0000] {logging_mixin.py:190} INFO - [2026-07-11T04:11:50.498+0000] {dag.py:4180} INFO - Setting next_dagrun for dag_extract_catalogs to 2026-07-10 01:00:00+00:00, run_after=2026-07-11 01:00:00+00:00
[2026-07-11T04:11:50.503+0000] {processor.py:208} INFO - Processing /opt/airflow/dags/dag_extract_catalogs.py took 0.039 seconds
[2026-07-11T04:12:20.979+0000] {processor.py:186} INFO - Started process (PID=25501) to work on /opt/airflow/dags/dag_extract_catalogs.py
[2026-07-11T04:12:20.980+0000] {processor.py:914} INFO - Processing file /opt/airflow/dags/dag_extract_catalogs.py for tasks to queue
[2026-07-11T04:12:20.981+0000] {logging_mixin.py:190} INFO - [2026-07-11T04:12:20.981+0000] {dagbag.py:588} INFO - Filling up the DagBag from /opt/airflow/dags/dag_extract_catalogs.py
[2026-07-11T04:12:20.987+0000] {processor.py:925} INFO - DAG(s) 'dag_extract_catalogs' retrieved from /opt/airflow/dags/dag_extract_catalogs.py
[2026-07-11T04:12:21.002+0000] {logging_mixin.py:190} INFO - [2026-07-11T04:12:21.002+0000] {dag.py:3239} INFO - Sync 1 DAGs
[2026-07-11T04:12:21.010+0000] {logging_mixin.py:190} INFO - [2026-07-11T04:12:21.010+0000] {dag.py:4180} INFO - Setting next_dagrun for dag_extract_catalogs to 2026-07-10 01:00:00+00:00, run_after=2026-07-11 01:00:00+00:00
[2026-07-11T04:12:21.015+0000] {processor.py:208} INFO - Processing /opt/airflow/dags/dag_extract_catalogs.py took 0.039 seconds
[2026-07-11T04:12:51.537+0000] {processor.py:186} INFO - Started process (PID=25523) to work on /opt/airflow/dags/dag_extract_catalogs.py
[2026-07-11T04:12:51.538+0000] {processor.py:914} INFO - Processing file /opt/airflow/dags/dag_extract_catalogs.py for tasks to queue
[2026-07-11T04:12:51.538+0000] {logging_mixin.py:190} INFO - [2026-07-11T04:12:51.538+0000] {dagbag.py:588} INFO - Filling up the DagBag from /opt/airflow/dags/dag_extract_catalogs.py
[2026-07-11T04:12:51.543+0000] {processor.py:925} INFO - DAG(s) 'dag_extract_catalogs' retrieved from /opt/airflow/dags/dag_extract_catalogs.py
[2026-07-11T04:12:51.553+0000] {logging_mixin.py:190} INFO - [2026-07-11T04:12:51.553+0000] {dag.py:3239} INFO - Sync 1 DAGs
[2026-07-11T04:12:51.560+0000] {logging_mixin.py:190} INFO - [2026-07-11T04:12:51.559+0000] {dag.py:4180} INFO - Setting next_dagrun for dag_extract_catalogs to 2026-07-10 01:00:00+00:00, run_after=2026-07-11 01:00:00+00:00
[2026-07-11T04:12:51.564+0000] {processor.py:208} INFO - Processing /opt/airflow/dags/dag_extract_catalogs.py took 0.029 seconds
[2026-07-11T04:13:22.049+0000] {processor.py:186} INFO - Started process (PID=25543) to work on /opt/airflow/dags/dag_extract_catalogs.py
[2026-07-11T04:13:22.050+0000] {processor.py:914} INFO - Processing file /opt/airflow/dags/dag_extract_catalogs.py for tasks to queue
[2026-07-11T04:13:22.051+0000] {logging_mixin.py:190} INFO - [2026-07-11T04:13:22.050+0000] {dagbag.py:588} INFO - Filling up the DagBag from /opt/airflow/dags/dag_extract_catalogs.py
[2026-07-11T04:13:22.055+0000] {processor.py:925} INFO - DAG(s) 'dag_extract_catalogs' retrieved from /opt/airflow/dags/dag_extract_catalogs.py
[2026-07-11T04:13:22.065+0000] {logging_mixin.py:190} INFO - [2026-07-11T04:13:22.065+0000] {dag.py:3239} INFO - Sync 1 DAGs
[2026-07-11T04:13:22.072+0000] {logging_mixin.py:190} INFO - [2026-07-11T04:13:22.072+0000] {dag.py:4180} INFO - Setting next_dagrun for dag_extract_catalogs to 2026-07-10 01:00:00+00:00, run_after=2026-07-11 01:00:00+00:00
[2026-07-11T04:13:22.076+0000] {processor.py:208} INFO - Processing /opt/airflow/dags/dag_extract_catalogs.py took 0.029 seconds
[2026-07-11T04:13:52.464+0000] {processor.py:186} INFO - Started process (PID=25561) to work on /opt/airflow/dags/dag_extract_catalogs.py
[2026-07-11T04:13:52.465+0000] {processor.py:914} INFO - Processing file /opt/airflow/dags/dag_extract_catalogs.py for tasks to queue
[2026-07-11T04:13:52.466+0000] {logging_mixin.py:190} INFO - [2026-07-11T04:13:52.466+0000] {dagbag.py:588} INFO - Filling up the DagBag from /opt/airflow/dags/dag_extract_catalogs.py
[2026-07-11T04:13:52.474+0000] {processor.py:925} INFO - DAG(s) 'dag_extract_catalogs' retrieved from /opt/airflow/dags/dag_extract_catalogs.py
[2026-07-11T04:13:52.486+0000] {logging_mixin.py:190} INFO - [2026-07-11T04:13:52.486+0000] {dag.py:3239} INFO - Sync 1 DAGs
[2026-07-11T04:13:52.494+0000] {logging_mixin.py:190} INFO - [2026-07-11T04:13:52.494+0000] {dag.py:4180} INFO - Setting next_dagrun for dag_extract_catalogs to 2026-07-10 01:00:00+00:00, run_after=2026-07-11 01:00:00+00:00
[2026-07-11T04:13:52.501+0000] {processor.py:208} INFO - Processing /opt/airflow/dags/dag_extract_catalogs.py took 0.039 seconds
[2026-07-11T04:14:23.003+0000] {processor.py:186} INFO - Started process (PID=25583) to work on /opt/airflow/dags/dag_extract_catalogs.py
[2026-07-11T04:14:23.004+0000] {processor.py:914} INFO - Processing file /opt/airflow/dags/dag_extract_catalogs.py for tasks to queue
[2026-07-11T04:14:23.004+0000] {logging_mixin.py:190} INFO - [2026-07-11T04:14:23.004+0000] {dagbag.py:588} INFO - Filling up the DagBag from /opt/airflow/dags/dag_extract_catalogs.py
[2026-07-11T04:14:23.009+0000] {processor.py:925} INFO - DAG(s) 'dag_extract_catalogs' retrieved from /opt/airflow/dags/dag_extract_catalogs.py
[2026-07-11T04:14:23.019+0000] {logging_mixin.py:190} INFO - [2026-07-11T04:14:23.019+0000] {dag.py:3239} INFO - Sync 1 DAGs
[2026-07-11T04:14:23.026+0000] {logging_mixin.py:190} INFO - [2026-07-11T04:14:23.025+0000] {dag.py:4180} INFO - Setting next_dagrun for dag_extract_catalogs to 2026-07-10 01:00:00+00:00, run_after=2026-07-11 01:00:00+00:00
[2026-07-11T04:14:23.030+0000] {processor.py:208} INFO - Processing /opt/airflow/dags/dag_extract_catalogs.py took 0.029 seconds
[2026-07-11T04:14:53.517+0000] {processor.py:186} INFO - Started process (PID=25603) to work on /opt/airflow/dags/dag_extract_catalogs.py
[2026-07-11T04:14:53.517+0000] {processor.py:914} INFO - Processing file /opt/airflow/dags/dag_extract_catalogs.py for tasks to queue
[2026-07-11T04:14:53.518+0000] {logging_mixin.py:190} INFO - [2026-07-11T04:14:53.518+0000] {dagbag.py:588} INFO - Filling up the DagBag from /opt/airflow/dags/dag_extract_catalogs.py
[2026-07-11T04:14:53.523+0000] {processor.py:925} INFO - DAG(s) 'dag_extract_catalogs' retrieved from /opt/airflow/dags/dag_extract_catalogs.py
[2026-07-11T04:14:53.533+0000] {logging_mixin.py:190} INFO - [2026-07-11T04:14:53.533+0000] {dag.py:3239} INFO - Sync 1 DAGs
[2026-07-11T04:14:53.539+0000] {logging_mixin.py:190} INFO - [2026-07-11T04:14:53.539+0000] {dag.py:4180} INFO - Setting next_dagrun for dag_extract_catalogs to 2026-07-10 01:00:00+00:00, run_after=2026-07-11 01:00:00+00:00
[2026-07-11T04:14:53.544+0000] {processor.py:208} INFO - Processing /opt/airflow/dags/dag_extract_catalogs.py took 0.029 seconds
[2026-07-11T04:15:24.000+0000] {processor.py:186} INFO - Started process (PID=25623) to work on /opt/airflow/dags/dag_extract_catalogs.py
[2026-07-11T04:15:24.000+0000] {processor.py:914} INFO - Processing file /opt/airflow/dags/dag_extract_catalogs.py for tasks to queue
[2026-07-11T04:15:24.001+0000] {logging_mixin.py:190} INFO - [2026-07-11T04:15:24.001+0000] {dagbag.py:588} INFO - Filling up the DagBag from /opt/airflow/dags/dag_extract_catalogs.py
[2026-07-11T04:15:24.006+0000] {processor.py:925} INFO - DAG(s) 'dag_extract_catalogs' retrieved from /opt/airflow/dags/dag_extract_catalogs.py
[2026-07-11T04:15:24.016+0000] {logging_mixin.py:190} INFO - [2026-07-11T04:15:24.016+0000] {dag.py:3239} INFO - Sync 1 DAGs
[2026-07-11T04:15:24.023+0000] {logging_mixin.py:190} INFO - [2026-07-11T04:15:24.023+0000] {dag.py:4180} INFO - Setting next_dagrun for dag_extract_catalogs to 2026-07-10 01:00:00+00:00, run_after=2026-07-11 01:00:00+00:00
[2026-07-11T04:15:24.027+0000] {processor.py:208} INFO - Processing /opt/airflow/dags/dag_extract_catalogs.py took 0.030 seconds
[2026-07-11T04:15:54.471+0000] {processor.py:186} INFO - Started process (PID=25643) to work on /opt/airflow/dags/dag_extract_catalogs.py
[2026-07-11T04:15:54.471+0000] {processor.py:914} INFO - Processing file /opt/airflow/dags/dag_extract_catalogs.py for tasks to queue
[2026-07-11T04:15:54.472+0000] {logging_mixin.py:190} INFO - [2026-07-11T04:15:54.472+0000] {dagbag.py:588} INFO - Filling up the DagBag from /opt/airflow/dags/dag_extract_catalogs.py
[2026-07-11T04:15:54.477+0000] {processor.py:925} INFO - DAG(s) 'dag_extract_catalogs' retrieved from /opt/airflow/dags/dag_extract_catalogs.py
[2026-07-11T04:15:54.486+0000] {logging_mixin.py:190} INFO - [2026-07-11T04:15:54.486+0000] {dag.py:3239} INFO - Sync 1 DAGs
[2026-07-11T04:15:54.493+0000] {logging_mixin.py:190} INFO - [2026-07-11T04:15:54.493+0000] {dag.py:4180} INFO - Setting next_dagrun for dag_extract_catalogs to 2026-07-10 01:00:00+00:00, run_after=2026-07-11 01:00:00+00:00
[2026-07-11T04:15:54.498+0000] {processor.py:208} INFO - Processing /opt/airflow/dags/dag_extract_catalogs.py took 0.030 seconds
[2026-07-11T04:16:24.887+0000] {processor.py:186} INFO - Started process (PID=25661) to work on /opt/airflow/dags/dag_extract_catalogs.py
[2026-07-11T04:16:24.888+0000] {processor.py:914} INFO - Processing file /opt/airflow/dags/dag_extract_catalogs.py for tasks to queue
[2026-07-11T04:16:24.890+0000] {logging_mixin.py:190} INFO - [2026-07-11T04:16:24.889+0000] {dagbag.py:588} INFO - Filling up the DagBag from /opt/airflow/dags/dag_extract_catalogs.py
[2026-07-11T04:16:24.896+0000] {processor.py:925} INFO - DAG(s) 'dag_extract_catalogs' retrieved from /opt/airflow/dags/dag_extract_catalogs.py
[2026-07-11T04:16:24.911+0000] {logging_mixin.py:190} INFO - [2026-07-11T04:16:24.911+0000] {dag.py:3239} INFO - Sync 1 DAGs
[2026-07-11T04:16:24.919+0000] {logging_mixin.py:190} INFO - [2026-07-11T04:16:24.919+0000] {dag.py:4180} INFO - Setting next_dagrun for dag_extract_catalogs to 2026-07-10 01:00:00+00:00, run_after=2026-07-11 01:00:00+00:00
[2026-07-11T04:16:24.923+0000] {processor.py:208} INFO - Processing /opt/airflow/dags/dag_extract_catalogs.py took 0.039 seconds
[2026-07-11T04:16:55.383+0000] {processor.py:186} INFO - Started process (PID=25681) to work on /opt/airflow/dags/dag_extract_catalogs.py
[2026-07-11T04:16:55.384+0000] {processor.py:914} INFO - Processing file /opt/airflow/dags/dag_extract_catalogs.py for tasks to queue
[2026-07-11T04:16:55.385+0000] {logging_mixin.py:190} INFO - [2026-07-11T04:16:55.385+0000] {dagbag.py:588} INFO - Filling up the DagBag from /opt/airflow/dags/dag_extract_catalogs.py
[2026-07-11T04:16:55.394+0000] {processor.py:925} INFO - DAG(s) 'dag_extract_catalogs' retrieved from /opt/airflow/dags/dag_extract_catalogs.py
[2026-07-11T04:16:55.407+0000] {logging_mixin.py:190} INFO - [2026-07-11T04:16:55.407+0000] {dag.py:3239} INFO - Sync 1 DAGs
[2026-07-11T04:16:55.416+0000] {logging_mixin.py:190} INFO - [2026-07-11T04:16:55.415+0000] {dag.py:4180} INFO - Setting next_dagrun for dag_extract_catalogs to 2026-07-10 01:00:00+00:00, run_after=2026-07-11 01:00:00+00:00
[2026-07-11T04:16:55.420+0000] {processor.py:208} INFO - Processing /opt/airflow/dags/dag_extract_catalogs.py took 0.040 seconds
[2026-07-11T04:17:25.953+0000] {processor.py:186} INFO - Started process (PID=25703) to work on /opt/airflow/dags/dag_extract_catalogs.py
[2026-07-11T04:17:25.953+0000] {processor.py:914} INFO - Processing file /opt/airflow/dags/dag_extract_catalogs.py for tasks to queue
[2026-07-11T04:17:25.954+0000] {logging_mixin.py:190} INFO - [2026-07-11T04:17:25.954+0000] {dagbag.py:588} INFO - Filling up the DagBag from /opt/airflow/dags/dag_extract_catalogs.py
[2026-07-11T04:17:25.959+0000] {processor.py:925} INFO - DAG(s) 'dag_extract_catalogs' retrieved from /opt/airflow/dags/dag_extract_catalogs.py
[2026-07-11T04:17:25.969+0000] {logging_mixin.py:190} INFO - [2026-07-11T04:17:25.969+0000] {dag.py:3239} INFO - Sync 1 DAGs
[2026-07-11T04:17:25.976+0000] {logging_mixin.py:190} INFO - [2026-07-11T04:17:25.976+0000] {dag.py:4180} INFO - Setting next_dagrun for dag_extract_catalogs to 2026-07-10 01:00:00+00:00, run_after=2026-07-11 01:00:00+00:00
[2026-07-11T04:17:25.981+0000] {processor.py:208} INFO - Processing /opt/airflow/dags/dag_extract_catalogs.py took 0.030 seconds
[2026-07-11T04:17:56.469+0000] {processor.py:186} INFO - Started process (PID=25723) to work on /opt/airflow/dags/dag_extract_catalogs.py
[2026-07-11T04:17:56.469+0000] {processor.py:914} INFO - Processing file /opt/airflow/dags/dag_extract_catalogs.py for tasks to queue
[2026-07-11T04:17:56.470+0000] {logging_mixin.py:190} INFO - [2026-07-11T04:17:56.470+0000] {dagbag.py:588} INFO - Filling up the DagBag from /opt/airflow/dags/dag_extract_catalogs.py
[2026-07-11T04:17:56.475+0000] {processor.py:925} INFO - DAG(s) 'dag_extract_catalogs' retrieved from /opt/airflow/dags/dag_extract_catalogs.py
[2026-07-11T04:17:56.485+0000] {logging_mixin.py:190} INFO - [2026-07-11T04:17:56.484+0000] {dag.py:3239} INFO - Sync 1 DAGs
[2026-07-11T04:17:56.491+0000] {logging_mixin.py:190} INFO - [2026-07-11T04:17:56.491+0000] {dag.py:4180} INFO - Setting next_dagrun for dag_extract_catalogs to 2026-07-10 01:00:00+00:00, run_after=2026-07-11 01:00:00+00:00
[2026-07-11T04:17:56.496+0000] {processor.py:208} INFO - Processing /opt/airflow/dags/dag_extract_catalogs.py took 0.030 seconds
[2026-07-11T04:18:26.884+0000] {processor.py:186} INFO - Started process (PID=25741) to work on /opt/airflow/dags/dag_extract_catalogs.py
[2026-07-11T04:18:26.885+0000] {processor.py:914} INFO - Processing file /opt/airflow/dags/dag_extract_catalogs.py for tasks to queue
[2026-07-11T04:18:26.886+0000] {logging_mixin.py:190} INFO - [2026-07-11T04:18:26.886+0000] {dagbag.py:588} INFO - Filling up the DagBag from /opt/airflow/dags/dag_extract_catalogs.py
[2026-07-11T04:18:26.893+0000] {processor.py:925} INFO - DAG(s) 'dag_extract_catalogs' retrieved from /opt/airflow/dags/dag_extract_catalogs.py
[2026-07-11T04:18:26.904+0000] {logging_mixin.py:190} INFO - [2026-07-11T04:18:26.904+0000] {dag.py:3239} INFO - Sync 1 DAGs
[2026-07-11T04:18:26.911+0000] {logging_mixin.py:190} INFO - [2026-07-11T04:18:26.911+0000] {dag.py:4180} INFO - Setting next_dagrun for dag_extract_catalogs to 2026-07-10 01:00:00+00:00, run_after=2026-07-11 01:00:00+00:00
[2026-07-11T04:18:26.919+0000] {processor.py:208} INFO - Processing /opt/airflow/dags/dag_extract_catalogs.py took 0.037 seconds
[2026-07-11T04:18:57.450+0000] {processor.py:186} INFO - Started process (PID=25763) to work on /opt/airflow/dags/dag_extract_catalogs.py
[2026-07-11T04:18:57.450+0000] {processor.py:914} INFO - Processing file /opt/airflow/dags/dag_extract_catalogs.py for tasks to queue
[2026-07-11T04:18:57.451+0000] {logging_mixin.py:190} INFO - [2026-07-11T04:18:57.451+0000] {dagbag.py:588} INFO - Filling up the DagBag from /opt/airflow/dags/dag_extract_catalogs.py
[2026-07-11T04:18:57.455+0000] {processor.py:925} INFO - DAG(s) 'dag_extract_catalogs' retrieved from /opt/airflow/dags/dag_extract_catalogs.py
[2026-07-11T04:18:57.465+0000] {logging_mixin.py:190} INFO - [2026-07-11T04:18:57.465+0000] {dag.py:3239} INFO - Sync 1 DAGs
[2026-07-11T04:18:57.472+0000] {logging_mixin.py:190} INFO - [2026-07-11T04:18:57.472+0000] {dag.py:4180} INFO - Setting next_dagrun for dag_extract_catalogs to 2026-07-10 01:00:00+00:00, run_after=2026-07-11 01:00:00+00:00
[2026-07-11T04:18:57.477+0000] {processor.py:208} INFO - Processing /opt/airflow/dags/dag_extract_catalogs.py took 0.029 seconds
[2026-07-11T04:19:27.946+0000] {processor.py:186} INFO - Started process (PID=25783) to work on /opt/airflow/dags/dag_extract_catalogs.py
[2026-07-11T04:19:27.947+0000] {processor.py:914} INFO - Processing file /opt/airflow/dags/dag_extract_catalogs.py for tasks to queue
[2026-07-11T04:19:27.947+0000] {logging_mixin.py:190} INFO - [2026-07-11T04:19:27.947+0000] {dagbag.py:588} INFO - Filling up the DagBag from /opt/airflow/dags/dag_extract_catalogs.py
[2026-07-11T04:19:27.952+0000] {processor.py:925} INFO - DAG(s) 'dag_extract_catalogs' retrieved from /opt/airflow/dags/dag_extract_catalogs.py
[2026-07-11T04:19:27.962+0000] {logging_mixin.py:190} INFO - [2026-07-11T04:19:27.962+0000] {dag.py:3239} INFO - Sync 1 DAGs
[2026-07-11T04:19:27.969+0000] {logging_mixin.py:190} INFO - [2026-07-11T04:19:27.969+0000] {dag.py:4180} INFO - Setting next_dagrun for dag_extract_catalogs to 2026-07-10 01:00:00+00:00, run_after=2026-07-11 01:00:00+00:00
[2026-07-11T04:19:27.973+0000] {processor.py:208} INFO - Processing /opt/airflow/dags/dag_extract_catalogs.py took 0.029 seconds
[2026-07-11T04:19:58.527+0000] {processor.py:186} INFO - Started process (PID=25803) to work on /opt/airflow/dags/dag_extract_catalogs.py
[2026-07-11T04:19:58.528+0000] {processor.py:914} INFO - Processing file /opt/airflow/dags/dag_extract_catalogs.py for tasks to queue
[2026-07-11T04:19:58.529+0000] {logging_mixin.py:190} INFO - [2026-07-11T04:19:58.528+0000] {dagbag.py:588} INFO - Filling up the DagBag from /opt/airflow/dags/dag_extract_catalogs.py
[2026-07-11T04:19:58.534+0000] {processor.py:925} INFO - DAG(s) 'dag_extract_catalogs' retrieved from /opt/airflow/dags/dag_extract_catalogs.py
[2026-07-11T04:19:58.544+0000] {logging_mixin.py:190} INFO - [2026-07-11T04:19:58.544+0000] {dag.py:3239} INFO - Sync 1 DAGs
[2026-07-11T04:19:58.553+0000] {logging_mixin.py:190} INFO - [2026-07-11T04:19:58.553+0000] {dag.py:4180} INFO - Setting next_dagrun for dag_extract_catalogs to 2026-07-10 01:00:00+00:00, run_after=2026-07-11 01:00:00+00:00
[2026-07-11T04:19:58.559+0000] {processor.py:208} INFO - Processing /opt/airflow/dags/dag_extract_catalogs.py took 0.034 seconds
[2026-07-11T04:20:28.963+0000] {processor.py:186} INFO - Started process (PID=25823) to work on /opt/airflow/dags/dag_extract_catalogs.py
[2026-07-11T04:20:28.963+0000] {processor.py:914} INFO - Processing file /opt/airflow/dags/dag_extract_catalogs.py for tasks to queue
[2026-07-11T04:20:28.964+0000] {logging_mixin.py:190} INFO - [2026-07-11T04:20:28.964+0000] {dagbag.py:588} INFO - Filling up the DagBag from /opt/airflow/dags/dag_extract_catalogs.py
[2026-07-11T04:20:28.971+0000] {processor.py:925} INFO - DAG(s) 'dag_extract_catalogs' retrieved from /opt/airflow/dags/dag_extract_catalogs.py
[2026-07-11T04:20:28.984+0000] {logging_mixin.py:190} INFO - [2026-07-11T04:20:28.983+0000] {dag.py:3239} INFO - Sync 1 DAGs
[2026-07-11T04:20:28.992+0000] {logging_mixin.py:190} INFO - [2026-07-11T04:20:28.992+0000] {dag.py:4180} INFO - Setting next_dagrun for dag_extract_catalogs to 2026-07-10 01:00:00+00:00, run_after=2026-07-11 01:00:00+00:00
[2026-07-11T04:20:28.997+0000] {processor.py:208} INFO - Processing /opt/airflow/dags/dag_extract_catalogs.py took 0.038 seconds
[2026-07-11T04:20:59.444+0000] {processor.py:186} INFO - Started process (PID=25843) to work on /opt/airflow/dags/dag_extract_catalogs.py
[2026-07-11T04:20:59.444+0000] {processor.py:914} INFO - Processing file /opt/airflow/dags/dag_extract_catalogs.py for tasks to queue
[2026-07-11T04:20:59.445+0000] {logging_mixin.py:190} INFO - [2026-07-11T04:20:59.445+0000] {dagbag.py:588} INFO - Filling up the DagBag from /opt/airflow/dags/dag_extract_catalogs.py
[2026-07-11T04:20:59.450+0000] {processor.py:925} INFO - DAG(s) 'dag_extract_catalogs' retrieved from /opt/airflow/dags/dag_extract_catalogs.py
[2026-07-11T04:20:59.461+0000] {logging_mixin.py:190} INFO - [2026-07-11T04:20:59.461+0000] {dag.py:3239} INFO - Sync 1 DAGs
[2026-07-11T04:20:59.468+0000] {logging_mixin.py:190} INFO - [2026-07-11T04:20:59.468+0000] {dag.py:4180} INFO - Setting next_dagrun for dag_extract_catalogs to 2026-07-10 01:00:00+00:00, run_after=2026-07-11 01:00:00+00:00
[2026-07-11T04:20:59.472+0000] {processor.py:208} INFO - Processing /opt/airflow/dags/dag_extract_catalogs.py took 0.031 seconds
[2026-07-11T04:21:29.908+0000] {processor.py:186} INFO - Started process (PID=25863) to work on /opt/airflow/dags/dag_extract_catalogs.py
[2026-07-11T04:21:29.908+0000] {processor.py:914} INFO - Processing file /opt/airflow/dags/dag_extract_catalogs.py for tasks to queue
[2026-07-11T04:21:29.909+0000] {logging_mixin.py:190} INFO - [2026-07-11T04:21:29.909+0000] {dagbag.py:588} INFO - Filling up the DagBag from /opt/airflow/dags/dag_extract_catalogs.py
[2026-07-11T04:21:29.914+0000] {processor.py:925} INFO - DAG(s) 'dag_extract_catalogs' retrieved from /opt/airflow/dags/dag_extract_catalogs.py
[2026-07-11T04:21:29.924+0000] {logging_mixin.py:190} INFO - [2026-07-11T04:21:29.924+0000] {dag.py:3239} INFO - Sync 1 DAGs
[2026-07-11T04:21:29.931+0000] {logging_mixin.py:190} INFO - [2026-07-11T04:21:29.931+0000] {dag.py:4180} INFO - Setting next_dagrun for dag_extract_catalogs to 2026-07-10 01:00:00+00:00, run_after=2026-07-11 01:00:00+00:00
[2026-07-11T04:21:29.936+0000] {processor.py:208} INFO - Processing /opt/airflow/dags/dag_extract_catalogs.py took 0.030 seconds
[2026-07-11T04:22:00.387+0000] {processor.py:186} INFO - Started process (PID=25881) to work on /opt/airflow/dags/dag_extract_catalogs.py
[2026-07-11T04:22:00.388+0000] {processor.py:914} INFO - Processing file /opt/airflow/dags/dag_extract_catalogs.py for tasks to queue
[2026-07-11T04:22:00.389+0000] {logging_mixin.py:190} INFO - [2026-07-11T04:22:00.389+0000] {dagbag.py:588} INFO - Filling up the DagBag from /opt/airflow/dags/dag_extract_catalogs.py
[2026-07-11T04:22:00.395+0000] {processor.py:925} INFO - DAG(s) 'dag_extract_catalogs' retrieved from /opt/airflow/dags/dag_extract_catalogs.py
[2026-07-11T04:22:00.409+0000] {logging_mixin.py:190} INFO - [2026-07-11T04:22:00.409+0000] {dag.py:3239} INFO - Sync 1 DAGs
[2026-07-11T04:22:00.418+0000] {logging_mixin.py:190} INFO - [2026-07-11T04:22:00.418+0000] {dag.py:4180} INFO - Setting next_dagrun for dag_extract_catalogs to 2026-07-10 01:00:00+00:00, run_after=2026-07-11 01:00:00+00:00
[2026-07-11T04:22:00.424+0000] {processor.py:208} INFO - Processing /opt/airflow/dags/dag_extract_catalogs.py took 0.039 seconds
[2026-07-11T04:22:30.833+0000] {processor.py:186} INFO - Started process (PID=25901) to work on /opt/airflow/dags/dag_extract_catalogs.py
[2026-07-11T04:22:30.834+0000] {processor.py:914} INFO - Processing file /opt/airflow/dags/dag_extract_catalogs.py for tasks to queue
[2026-07-11T04:22:30.836+0000] {logging_mixin.py:190} INFO - [2026-07-11T04:22:30.835+0000] {dagbag.py:588} INFO - Filling up the DagBag from /opt/airflow/dags/dag_extract_catalogs.py
[2026-07-11T04:22:30.843+0000] {processor.py:925} INFO - DAG(s) 'dag_extract_catalogs' retrieved from /opt/airflow/dags/dag_extract_catalogs.py
[2026-07-11T04:22:30.856+0000] {logging_mixin.py:190} INFO - [2026-07-11T04:22:30.856+0000] {dag.py:3239} INFO - Sync 1 DAGs
[2026-07-11T04:22:30.863+0000] {logging_mixin.py:190} INFO - [2026-07-11T04:22:30.863+0000] {dag.py:4180} INFO - Setting next_dagrun for dag_extract_catalogs to 2026-07-10 01:00:00+00:00, run_after=2026-07-11 01:00:00+00:00
[2026-07-11T04:22:30.869+0000] {processor.py:208} INFO - Processing /opt/airflow/dags/dag_extract_catalogs.py took 0.039 seconds
[2026-07-11T04:23:01.268+0000] {processor.py:186} INFO - Started process (PID=25921) to work on /opt/airflow/dags/dag_extract_catalogs.py
[2026-07-11T04:23:01.269+0000] {processor.py:914} INFO - Processing file /opt/airflow/dags/dag_extract_catalogs.py for tasks to queue
[2026-07-11T04:23:01.270+0000] {logging_mixin.py:190} INFO - [2026-07-11T04:23:01.270+0000] {dagbag.py:588} INFO - Filling up the DagBag from /opt/airflow/dags/dag_extract_catalogs.py
[2026-07-11T04:23:01.277+0000] {processor.py:925} INFO - DAG(s) 'dag_extract_catalogs' retrieved from /opt/airflow/dags/dag_extract_catalogs.py
[2026-07-11T04:23:01.289+0000] {logging_mixin.py:190} INFO - [2026-07-11T04:23:01.289+0000] {dag.py:3239} INFO - Sync 1 DAGs
[2026-07-11T04:23:01.299+0000] {logging_mixin.py:190} INFO - [2026-07-11T04:23:01.299+0000] {dag.py:4180} INFO - Setting next_dagrun for dag_extract_catalogs to 2026-07-10 01:00:00+00:00, run_after=2026-07-11 01:00:00+00:00
[2026-07-11T04:23:01.306+0000] {processor.py:208} INFO - Processing /opt/airflow/dags/dag_extract_catalogs.py took 0.040 seconds
[2026-07-11T04:23:31.789+0000] {processor.py:186} INFO - Started process (PID=25943) to work on /opt/airflow/dags/dag_extract_catalogs.py
[2026-07-11T04:23:31.789+0000] {processor.py:914} INFO - Processing file /opt/airflow/dags/dag_extract_catalogs.py for tasks to queue
[2026-07-11T04:23:31.790+0000] {logging_mixin.py:190} INFO - [2026-07-11T04:23:31.790+0000] {dagbag.py:588} INFO - Filling up the DagBag from /opt/airflow/dags/dag_extract_catalogs.py
[2026-07-11T04:23:31.795+0000] {processor.py:925} INFO - DAG(s) 'dag_extract_catalogs' retrieved from /opt/airflow/dags/dag_extract_catalogs.py
[2026-07-11T04:23:31.805+0000] {logging_mixin.py:190} INFO - [2026-07-11T04:23:31.805+0000] {dag.py:3239} INFO - Sync 1 DAGs
[2026-07-11T04:23:31.812+0000] {logging_mixin.py:190} INFO - [2026-07-11T04:23:31.812+0000] {dag.py:4180} INFO - Setting next_dagrun for dag_extract_catalogs to 2026-07-10 01:00:00+00:00, run_after=2026-07-11 01:00:00+00:00
[2026-07-11T04:23:31.817+0000] {processor.py:208} INFO - Processing /opt/airflow/dags/dag_extract_catalogs.py took 0.031 seconds
[2026-07-11T04:24:02.230+0000] {processor.py:186} INFO - Started process (PID=25963) to work on /opt/airflow/dags/dag_extract_catalogs.py
[2026-07-11T04:24:02.231+0000] {processor.py:914} INFO - Processing file /opt/airflow/dags/dag_extract_catalogs.py for tasks to queue
[2026-07-11T04:24:02.232+0000] {logging_mixin.py:190} INFO - [2026-07-11T04:24:02.232+0000] {dagbag.py:588} INFO - Filling up the DagBag from /opt/airflow/dags/dag_extract_catalogs.py
[2026-07-11T04:24:02.236+0000] {processor.py:925} INFO - DAG(s) 'dag_extract_catalogs' retrieved from /opt/airflow/dags/dag_extract_catalogs.py
[2026-07-11T04:24:02.247+0000] {logging_mixin.py:190} INFO - [2026-07-11T04:24:02.246+0000] {dag.py:3239} INFO - Sync 1 DAGs
[2026-07-11T04:24:02.253+0000] {logging_mixin.py:190} INFO - [2026-07-11T04:24:02.253+0000] {dag.py:4180} INFO - Setting next_dagrun for dag_extract_catalogs to 2026-07-10 01:00:00+00:00, run_after=2026-07-11 01:00:00+00:00
[2026-07-11T04:24:02.258+0000] {processor.py:208} INFO - Processing /opt/airflow/dags/dag_extract_catalogs.py took 0.030 seconds
[2026-07-11T04:24:32.688+0000] {processor.py:186} INFO - Started process (PID=25983) to work on /opt/airflow/dags/dag_extract_catalogs.py
[2026-07-11T04:24:32.688+0000] {processor.py:914} INFO - Processing file /opt/airflow/dags/dag_extract_catalogs.py for tasks to queue
[2026-07-11T04:24:32.689+0000] {logging_mixin.py:190} INFO - [2026-07-11T04:24:32.689+0000] {dagbag.py:588} INFO - Filling up the DagBag from /opt/airflow/dags/dag_extract_catalogs.py
[2026-07-11T04:24:32.694+0000] {processor.py:925} INFO - DAG(s) 'dag_extract_catalogs' retrieved from /opt/airflow/dags/dag_extract_catalogs.py
[2026-07-11T04:24:32.704+0000] {logging_mixin.py:190} INFO - [2026-07-11T04:24:32.704+0000] {dag.py:3239} INFO - Sync 1 DAGs
[2026-07-11T04:24:32.711+0000] {logging_mixin.py:190} INFO - [2026-07-11T04:24:32.711+0000] {dag.py:4180} INFO - Setting next_dagrun for dag_extract_catalogs to 2026-07-10 01:00:00+00:00, run_after=2026-07-11 01:00:00+00:00
[2026-07-11T04:24:32.716+0000] {processor.py:208} INFO - Processing /opt/airflow/dags/dag_extract_catalogs.py took 0.031 seconds
[2026-07-11T04:25:03.113+0000] {processor.py:186} INFO - Started process (PID=26003) to work on /opt/airflow/dags/dag_extract_catalogs.py
[2026-07-11T04:25:03.113+0000] {processor.py:914} INFO - Processing file /opt/airflow/dags/dag_extract_catalogs.py for tasks to queue
[2026-07-11T04:25:03.114+0000] {logging_mixin.py:190} INFO - [2026-07-11T04:25:03.114+0000] {dagbag.py:588} INFO - Filling up the DagBag from /opt/airflow/dags/dag_extract_catalogs.py
[2026-07-11T04:25:03.119+0000] {processor.py:925} INFO - DAG(s) 'dag_extract_catalogs' retrieved from /opt/airflow/dags/dag_extract_catalogs.py
[2026-07-11T04:25:03.129+0000] {logging_mixin.py:190} INFO - [2026-07-11T04:25:03.129+0000] {dag.py:3239} INFO - Sync 1 DAGs
[2026-07-11T04:25:03.136+0000] {logging_mixin.py:190} INFO - [2026-07-11T04:25:03.136+0000] {dag.py:4180} INFO - Setting next_dagrun for dag_extract_catalogs to 2026-07-10 01:00:00+00:00, run_after=2026-07-11 01:00:00+00:00
[2026-07-11T04:25:03.141+0000] {processor.py:208} INFO - Processing /opt/airflow/dags/dag_extract_catalogs.py took 0.030 seconds
[2026-07-11T04:25:33.576+0000] {processor.py:186} INFO - Started process (PID=26021) to work on /opt/airflow/dags/dag_extract_catalogs.py
[2026-07-11T04:25:33.577+0000] {processor.py:914} INFO - Processing file /opt/airflow/dags/dag_extract_catalogs.py for tasks to queue
[2026-07-11T04:25:33.578+0000] {logging_mixin.py:190} INFO - [2026-07-11T04:25:33.578+0000] {dagbag.py:588} INFO - Filling up the DagBag from /opt/airflow/dags/dag_extract_catalogs.py
[2026-07-11T04:25:33.584+0000] {processor.py:925} INFO - DAG(s) 'dag_extract_catalogs' retrieved from /opt/airflow/dags/dag_extract_catalogs.py
[2026-07-11T04:25:33.596+0000] {logging_mixin.py:190} INFO - [2026-07-11T04:25:33.596+0000] {dag.py:3239} INFO - Sync 1 DAGs
[2026-07-11T04:25:33.604+0000] {logging_mixin.py:190} INFO - [2026-07-11T04:25:33.603+0000] {dag.py:4180} INFO - Setting next_dagrun for dag_extract_catalogs to 2026-07-10 01:00:00+00:00, run_after=2026-07-11 01:00:00+00:00
[2026-07-11T04:25:33.611+0000] {processor.py:208} INFO - Processing /opt/airflow/dags/dag_extract_catalogs.py took 0.039 seconds
[2026-07-11T04:26:04.033+0000] {processor.py:186} INFO - Started process (PID=26041) to work on /opt/airflow/dags/dag_extract_catalogs.py
[2026-07-11T04:26:04.034+0000] {processor.py:914} INFO - Processing file /opt/airflow/dags/dag_extract_catalogs.py for tasks to queue
[2026-07-11T04:26:04.036+0000] {logging_mixin.py:190} INFO - [2026-07-11T04:26:04.036+0000] {dagbag.py:588} INFO - Filling up the DagBag from /opt/airflow/dags/dag_extract_catalogs.py
[2026-07-11T04:26:04.041+0000] {processor.py:925} INFO - DAG(s) 'dag_extract_catalogs' retrieved from /opt/airflow/dags/dag_extract_catalogs.py
[2026-07-11T04:26:04.055+0000] {logging_mixin.py:190} INFO - [2026-07-11T04:26:04.055+0000] {dag.py:3239} INFO - Sync 1 DAGs
[2026-07-11T04:26:04.063+0000] {logging_mixin.py:190} INFO - [2026-07-11T04:26:04.063+0000] {dag.py:4180} INFO - Setting next_dagrun for dag_extract_catalogs to 2026-07-10 01:00:00+00:00, run_after=2026-07-11 01:00:00+00:00
[2026-07-11T04:26:04.130+0000] {processor.py:208} INFO - Processing /opt/airflow/dags/dag_extract_catalogs.py took 0.100 seconds
[2026-07-11T04:26:34.552+0000] {processor.py:186} INFO - Started process (PID=26061) to work on /opt/airflow/dags/dag_extract_catalogs.py
[2026-07-11T04:26:34.553+0000] {processor.py:914} INFO - Processing file /opt/airflow/dags/dag_extract_catalogs.py for tasks to queue
[2026-07-11T04:26:34.554+0000] {logging_mixin.py:190} INFO - [2026-07-11T04:26:34.554+0000] {dagbag.py:588} INFO - Filling up the DagBag from /opt/airflow/dags/dag_extract_catalogs.py
[2026-07-11T04:26:34.561+0000] {processor.py:925} INFO - DAG(s) 'dag_extract_catalogs' retrieved from /opt/airflow/dags/dag_extract_catalogs.py
[2026-07-11T04:26:34.574+0000] {logging_mixin.py:190} INFO - [2026-07-11T04:26:34.574+0000] {dag.py:3239} INFO - Sync 1 DAGs
[2026-07-11T04:26:34.581+0000] {logging_mixin.py:190} INFO - [2026-07-11T04:26:34.581+0000] {dag.py:4180} INFO - Setting next_dagrun for dag_extract_catalogs to 2026-07-10 01:00:00+00:00, run_after=2026-07-11 01:00:00+00:00
[2026-07-11T04:26:34.585+0000] {processor.py:208} INFO - Processing /opt/airflow/dags/dag_extract_catalogs.py took 0.037 seconds
[2026-07-11T04:27:05.093+0000] {processor.py:186} INFO - Started process (PID=26081) to work on /opt/airflow/dags/dag_extract_catalogs.py
[2026-07-11T04:27:05.094+0000] {processor.py:914} INFO - Processing file /opt/airflow/dags/dag_extract_catalogs.py for tasks to queue
[2026-07-11T04:27:05.095+0000] {logging_mixin.py:190} INFO - [2026-07-11T04:27:05.095+0000] {dagbag.py:588} INFO - Filling up the DagBag from /opt/airflow/dags/dag_extract_catalogs.py
[2026-07-11T04:27:05.100+0000] {processor.py:925} INFO - DAG(s) 'dag_extract_catalogs' retrieved from /opt/airflow/dags/dag_extract_catalogs.py
[2026-07-11T04:27:05.112+0000] {logging_mixin.py:190} INFO - [2026-07-11T04:27:05.112+0000] {dag.py:3239} INFO - Sync 1 DAGs
[2026-07-11T04:27:05.181+0000] {logging_mixin.py:190} INFO - [2026-07-11T04:27:05.181+0000] {dag.py:4180} INFO - Setting next_dagrun for dag_extract_catalogs to 2026-07-10 01:00:00+00:00, run_after=2026-07-11 01:00:00+00:00
[2026-07-11T04:27:05.185+0000] {processor.py:208} INFO - Processing /opt/airflow/dags/dag_extract_catalogs.py took 0.095 seconds
[2026-07-11T04:27:35.534+0000] {processor.py:186} INFO - Started process (PID=26101) to work on /opt/airflow/dags/dag_extract_catalogs.py
[2026-07-11T04:27:35.534+0000] {processor.py:914} INFO - Processing file /opt/airflow/dags/dag_extract_catalogs.py for tasks to queue
[2026-07-11T04:27:35.536+0000] {logging_mixin.py:190} INFO - [2026-07-11T04:27:35.536+0000] {dagbag.py:588} INFO - Filling up the DagBag from /opt/airflow/dags/dag_extract_catalogs.py
[2026-07-11T04:27:35.544+0000] {processor.py:925} INFO - DAG(s) 'dag_extract_catalogs' retrieved from /opt/airflow/dags/dag_extract_catalogs.py
[2026-07-11T04:27:35.557+0000] {logging_mixin.py:190} INFO - [2026-07-11T04:27:35.556+0000] {dag.py:3239} INFO - Sync 1 DAGs
[2026-07-11T04:27:35.565+0000] {logging_mixin.py:190} INFO - [2026-07-11T04:27:35.565+0000] {dag.py:4180} INFO - Setting next_dagrun for dag_extract_catalogs to 2026-07-10 01:00:00+00:00, run_after=2026-07-11 01:00:00+00:00
[2026-07-11T04:27:35.631+0000] {processor.py:208} INFO - Processing /opt/airflow/dags/dag_extract_catalogs.py took 0.100 seconds
[2026-07-11T04:28:06.182+0000] {processor.py:186} INFO - Started process (PID=26123) to work on /opt/airflow/dags/dag_extract_catalogs.py
[2026-07-11T04:28:06.182+0000] {processor.py:914} INFO - Processing file /opt/airflow/dags/dag_extract_catalogs.py for tasks to queue
[2026-07-11T04:28:06.183+0000] {logging_mixin.py:190} INFO - [2026-07-11T04:28:06.183+0000] {dagbag.py:588} INFO - Filling up the DagBag from /opt/airflow/dags/dag_extract_catalogs.py
[2026-07-11T04:28:06.251+0000] {processor.py:925} INFO - DAG(s) 'dag_extract_catalogs' retrieved from /opt/airflow/dags/dag_extract_catalogs.py
[2026-07-11T04:28:06.260+0000] {logging_mixin.py:190} INFO - [2026-07-11T04:28:06.260+0000] {dag.py:3239} INFO - Sync 1 DAGs
[2026-07-11T04:28:06.267+0000] {logging_mixin.py:190} INFO - [2026-07-11T04:28:06.267+0000] {dag.py:4180} INFO - Setting next_dagrun for dag_extract_catalogs to 2026-07-10 01:00:00+00:00, run_after=2026-07-11 01:00:00+00:00
[2026-07-11T04:28:06.272+0000] {processor.py:208} INFO - Processing /opt/airflow/dags/dag_extract_catalogs.py took 0.093 seconds
[2026-07-11T04:28:36.656+0000] {processor.py:186} INFO - Started process (PID=26143) to work on /opt/airflow/dags/dag_extract_catalogs.py
[2026-07-11T04:28:36.656+0000] {processor.py:914} INFO - Processing file /opt/airflow/dags/dag_extract_catalogs.py for tasks to queue
[2026-07-11T04:28:36.658+0000] {logging_mixin.py:190} INFO - [2026-07-11T04:28:36.657+0000] {dagbag.py:588} INFO - Filling up the DagBag from /opt/airflow/dags/dag_extract_catalogs.py
[2026-07-11T04:28:36.662+0000] {processor.py:925} INFO - DAG(s) 'dag_extract_catalogs' retrieved from /opt/airflow/dags/dag_extract_catalogs.py
[2026-07-11T04:28:36.673+0000] {logging_mixin.py:190} INFO - [2026-07-11T04:28:36.673+0000] {dag.py:3239} INFO - Sync 1 DAGs
[2026-07-11T04:28:36.680+0000] {logging_mixin.py:190} INFO - [2026-07-11T04:28:36.680+0000] {dag.py:4180} INFO - Setting next_dagrun for dag_extract_catalogs to 2026-07-10 01:00:00+00:00, run_after=2026-07-11 01:00:00+00:00
[2026-07-11T04:28:36.685+0000] {processor.py:208} INFO - Processing /opt/airflow/dags/dag_extract_catalogs.py took 0.033 seconds
[2026-07-11T04:29:07.111+0000] {processor.py:186} INFO - Started process (PID=26163) to work on /opt/airflow/dags/dag_extract_catalogs.py
[2026-07-11T04:29:07.111+0000] {processor.py:914} INFO - Processing file /opt/airflow/dags/dag_extract_catalogs.py for tasks to queue
[2026-07-11T04:29:07.112+0000] {logging_mixin.py:190} INFO - [2026-07-11T04:29:07.112+0000] {dagbag.py:588} INFO - Filling up the DagBag from /opt/airflow/dags/dag_extract_catalogs.py
[2026-07-11T04:29:07.118+0000] {processor.py:925} INFO - DAG(s) 'dag_extract_catalogs' retrieved from /opt/airflow/dags/dag_extract_catalogs.py
[2026-07-11T04:29:07.128+0000] {logging_mixin.py:190} INFO - [2026-07-11T04:29:07.127+0000] {dag.py:3239} INFO - Sync 1 DAGs
[2026-07-11T04:29:07.135+0000] {logging_mixin.py:190} INFO - [2026-07-11T04:29:07.135+0000] {dag.py:4180} INFO - Setting next_dagrun for dag_extract_catalogs to 2026-07-10 01:00:00+00:00, run_after=2026-07-11 01:00:00+00:00
[2026-07-11T04:29:07.140+0000] {processor.py:208} INFO - Processing /opt/airflow/dags/dag_extract_catalogs.py took 0.031 seconds
[2026-07-11T04:29:37.537+0000] {processor.py:186} INFO - Started process (PID=26183) to work on /opt/airflow/dags/dag_extract_catalogs.py
[2026-07-11T04:29:37.537+0000] {processor.py:914} INFO - Processing file /opt/airflow/dags/dag_extract_catalogs.py for tasks to queue
[2026-07-11T04:29:37.538+0000] {logging_mixin.py:190} INFO - [2026-07-11T04:29:37.538+0000] {dagbag.py:588} INFO - Filling up the DagBag from /opt/airflow/dags/dag_extract_catalogs.py
[2026-07-11T04:29:37.543+0000] {processor.py:925} INFO - DAG(s) 'dag_extract_catalogs' retrieved from /opt/airflow/dags/dag_extract_catalogs.py
[2026-07-11T04:29:37.553+0000] {logging_mixin.py:190} INFO - [2026-07-11T04:29:37.553+0000] {dag.py:3239} INFO - Sync 1 DAGs
[2026-07-11T04:29:37.560+0000] {logging_mixin.py:190} INFO - [2026-07-11T04:29:37.560+0000] {dag.py:4180} INFO - Setting next_dagrun for dag_extract_catalogs to 2026-07-10 01:00:00+00:00, run_after=2026-07-11 01:00:00+00:00
[2026-07-11T04:29:37.564+0000] {processor.py:208} INFO - Processing /opt/airflow/dags/dag_extract_catalogs.py took 0.030 seconds
[2026-07-11T04:30:07.966+0000] {processor.py:186} INFO - Started process (PID=26201) to work on /opt/airflow/dags/dag_extract_catalogs.py
[2026-07-11T04:30:07.966+0000] {processor.py:914} INFO - Processing file /opt/airflow/dags/dag_extract_catalogs.py for tasks to queue
[2026-07-11T04:30:07.968+0000] {logging_mixin.py:190} INFO - [2026-07-11T04:30:07.968+0000] {dagbag.py:588} INFO - Filling up the DagBag from /opt/airflow/dags/dag_extract_catalogs.py
[2026-07-11T04:30:07.973+0000] {processor.py:925} INFO - DAG(s) 'dag_extract_catalogs' retrieved from /opt/airflow/dags/dag_extract_catalogs.py
[2026-07-11T04:30:07.987+0000] {logging_mixin.py:190} INFO - [2026-07-11T04:30:07.987+0000] {dag.py:3239} INFO - Sync 1 DAGs
[2026-07-11T04:30:07.996+0000] {logging_mixin.py:190} INFO - [2026-07-11T04:30:07.996+0000] {dag.py:4180} INFO - Setting next_dagrun for dag_extract_catalogs to 2026-07-10 01:00:00+00:00, run_after=2026-07-11 01:00:00+00:00
[2026-07-11T04:30:08.003+0000] {processor.py:208} INFO - Processing /opt/airflow/dags/dag_extract_catalogs.py took 0.040 seconds
[2026-07-11T04:30:38.421+0000] {processor.py:186} INFO - Started process (PID=26221) to work on /opt/airflow/dags/dag_extract_catalogs.py
[2026-07-11T04:30:38.422+0000] {processor.py:914} INFO - Processing file /opt/airflow/dags/dag_extract_catalogs.py for tasks to queue
[2026-07-11T04:30:38.423+0000] {logging_mixin.py:190} INFO - [2026-07-11T04:30:38.423+0000] {dagbag.py:588} INFO - Filling up the DagBag from /opt/airflow/dags/dag_extract_catalogs.py
[2026-07-11T04:30:38.430+0000] {processor.py:925} INFO - DAG(s) 'dag_extract_catalogs' retrieved from /opt/airflow/dags/dag_extract_catalogs.py
[2026-07-11T04:30:38.443+0000] {logging_mixin.py:190} INFO - [2026-07-11T04:30:38.443+0000] {dag.py:3239} INFO - Sync 1 DAGs
[2026-07-11T04:30:38.455+0000] {logging_mixin.py:190} INFO - [2026-07-11T04:30:38.455+0000] {dag.py:4180} INFO - Setting next_dagrun for dag_extract_catalogs to 2026-07-10 01:00:00+00:00, run_after=2026-07-11 01:00:00+00:00
[2026-07-11T04:30:38.459+0000] {processor.py:208} INFO - Processing /opt/airflow/dags/dag_extract_catalogs.py took 0.041 seconds
[2026-07-11T04:31:08.933+0000] {processor.py:186} INFO - Started process (PID=26243) to work on /opt/airflow/dags/dag_extract_catalogs.py
[2026-07-11T04:31:08.934+0000] {processor.py:914} INFO - Processing file /opt/airflow/dags/dag_extract_catalogs.py for tasks to queue
[2026-07-11T04:31:08.935+0000] {logging_mixin.py:190} INFO - [2026-07-11T04:31:08.935+0000] {dagbag.py:588} INFO - Filling up the DagBag from /opt/airflow/dags/dag_extract_catalogs.py
[2026-07-11T04:31:08.939+0000] {processor.py:925} INFO - DAG(s) 'dag_extract_catalogs' retrieved from /opt/airflow/dags/dag_extract_catalogs.py
[2026-07-11T04:31:08.949+0000] {logging_mixin.py:190} INFO - [2026-07-11T04:31:08.949+0000] {dag.py:3239} INFO - Sync 1 DAGs
[2026-07-11T04:31:08.956+0000] {logging_mixin.py:190} INFO - [2026-07-11T04:31:08.956+0000] {dag.py:4180} INFO - Setting next_dagrun for dag_extract_catalogs to 2026-07-10 01:00:00+00:00, run_after=2026-07-11 01:00:00+00:00
[2026-07-11T04:31:08.961+0000] {processor.py:208} INFO - Processing /opt/airflow/dags/dag_extract_catalogs.py took 0.030 seconds
[2026-07-11T04:31:39.491+0000] {processor.py:186} INFO - Started process (PID=26261) to work on /opt/airflow/dags/dag_extract_catalogs.py
[2026-07-11T04:31:39.494+0000] {processor.py:914} INFO - Processing file /opt/airflow/dags/dag_extract_catalogs.py for tasks to queue
[2026-07-11T04:31:39.496+0000] {logging_mixin.py:190} INFO - [2026-07-11T04:31:39.496+0000] {dagbag.py:588} INFO - Filling up the DagBag from /opt/airflow/dags/dag_extract_catalogs.py
[2026-07-11T04:31:39.504+0000] {processor.py:925} INFO - DAG(s) 'dag_extract_catalogs' retrieved from /opt/airflow/dags/dag_extract_catalogs.py
[2026-07-11T04:31:39.521+0000] {logging_mixin.py:190} INFO - [2026-07-11T04:31:39.520+0000] {dag.py:3239} INFO - Sync 1 DAGs
[2026-07-11T04:31:39.533+0000] {logging_mixin.py:190} INFO - [2026-07-11T04:31:39.533+0000] {dag.py:4180} INFO - Setting next_dagrun for dag_extract_catalogs to 2026-07-10 01:00:00+00:00, run_after=2026-07-11 01:00:00+00:00
[2026-07-11T04:31:39.540+0000] {processor.py:208} INFO - Processing /opt/airflow/dags/dag_extract_catalogs.py took 0.053 seconds
[2026-07-11T04:32:09.921+0000] {processor.py:186} INFO - Started process (PID=26281) to work on /opt/airflow/dags/dag_extract_catalogs.py
[2026-07-11T04:32:09.922+0000] {processor.py:914} INFO - Processing file /opt/airflow/dags/dag_extract_catalogs.py for tasks to queue
[2026-07-11T04:32:09.923+0000] {logging_mixin.py:190} INFO - [2026-07-11T04:32:09.923+0000] {dagbag.py:588} INFO - Filling up the DagBag from /opt/airflow/dags/dag_extract_catalogs.py
[2026-07-11T04:32:09.928+0000] {processor.py:925} INFO - DAG(s) 'dag_extract_catalogs' retrieved from /opt/airflow/dags/dag_extract_catalogs.py
[2026-07-11T04:32:09.939+0000] {logging_mixin.py:190} INFO - [2026-07-11T04:32:09.939+0000] {dag.py:3239} INFO - Sync 1 DAGs
[2026-07-11T04:32:09.948+0000] {logging_mixin.py:190} INFO - [2026-07-11T04:32:09.948+0000] {dag.py:4180} INFO - Setting next_dagrun for dag_extract_catalogs to 2026-07-10 01:00:00+00:00, run_after=2026-07-11 01:00:00+00:00
[2026-07-11T04:32:09.953+0000] {processor.py:208} INFO - Processing /opt/airflow/dags/dag_extract_catalogs.py took 0.035 seconds
[2026-07-11T04:32:40.383+0000] {processor.py:186} INFO - Started process (PID=26303) to work on /opt/airflow/dags/dag_extract_catalogs.py
[2026-07-11T04:32:40.383+0000] {processor.py:914} INFO - Processing file /opt/airflow/dags/dag_extract_catalogs.py for tasks to queue
[2026-07-11T04:32:40.384+0000] {logging_mixin.py:190} INFO - [2026-07-11T04:32:40.384+0000] {dagbag.py:588} INFO - Filling up the DagBag from /opt/airflow/dags/dag_extract_catalogs.py
[2026-07-11T04:32:40.389+0000] {processor.py:925} INFO - DAG(s) 'dag_extract_catalogs' retrieved from /opt/airflow/dags/dag_extract_catalogs.py
[2026-07-11T04:32:40.399+0000] {logging_mixin.py:190} INFO - [2026-07-11T04:32:40.398+0000] {dag.py:3239} INFO - Sync 1 DAGs
[2026-07-11T04:32:40.405+0000] {logging_mixin.py:190} INFO - [2026-07-11T04:32:40.405+0000] {dag.py:4180} INFO - Setting next_dagrun for dag_extract_catalogs to 2026-07-10 01:00:00+00:00, run_after=2026-07-11 01:00:00+00:00
[2026-07-11T04:32:40.410+0000] {processor.py:208} INFO - Processing /opt/airflow/dags/dag_extract_catalogs.py took 0.029 seconds
[2026-07-11T04:33:10.784+0000] {processor.py:186} INFO - Started process (PID=26321) to work on /opt/airflow/dags/dag_extract_catalogs.py
[2026-07-11T04:33:10.785+0000] {processor.py:914} INFO - Processing file /opt/airflow/dags/dag_extract_catalogs.py for tasks to queue
[2026-07-11T04:33:10.786+0000] {logging_mixin.py:190} INFO - [2026-07-11T04:33:10.786+0000] {dagbag.py:588} INFO - Filling up the DagBag from /opt/airflow/dags/dag_extract_catalogs.py
[2026-07-11T04:33:10.792+0000] {processor.py:925} INFO - DAG(s) 'dag_extract_catalogs' retrieved from /opt/airflow/dags/dag_extract_catalogs.py
[2026-07-11T04:33:10.804+0000] {logging_mixin.py:190} INFO - [2026-07-11T04:33:10.804+0000] {dag.py:3239} INFO - Sync 1 DAGs
[2026-07-11T04:33:10.812+0000] {logging_mixin.py:190} INFO - [2026-07-11T04:33:10.812+0000] {dag.py:4180} INFO - Setting next_dagrun for dag_extract_catalogs to 2026-07-10 01:00:00+00:00, run_after=2026-07-11 01:00:00+00:00
[2026-07-11T04:33:10.821+0000] {processor.py:208} INFO - Processing /opt/airflow/dags/dag_extract_catalogs.py took 0.040 seconds
[2026-07-11T04:33:41.237+0000] {processor.py:186} INFO - Started process (PID=26343) to work on /opt/airflow/dags/dag_extract_catalogs.py
[2026-07-11T04:33:41.238+0000] {processor.py:914} INFO - Processing file /opt/airflow/dags/dag_extract_catalogs.py for tasks to queue
[2026-07-11T04:33:41.239+0000] {logging_mixin.py:190} INFO - [2026-07-11T04:33:41.239+0000] {dagbag.py:588} INFO - Filling up the DagBag from /opt/airflow/dags/dag_extract_catalogs.py
[2026-07-11T04:33:41.243+0000] {processor.py:925} INFO - DAG(s) 'dag_extract_catalogs' retrieved from /opt/airflow/dags/dag_extract_catalogs.py
[2026-07-11T04:33:41.254+0000] {logging_mixin.py:190} INFO - [2026-07-11T04:33:41.254+0000] {dag.py:3239} INFO - Sync 1 DAGs
[2026-07-11T04:33:41.261+0000] {logging_mixin.py:190} INFO - [2026-07-11T04:33:41.261+0000] {dag.py:4180} INFO - Setting next_dagrun for dag_extract_catalogs to 2026-07-10 01:00:00+00:00, run_after=2026-07-11 01:00:00+00:00
[2026-07-11T04:33:41.266+0000] {processor.py:208} INFO - Processing /opt/airflow/dags/dag_extract_catalogs.py took 0.031 seconds
[2026-07-11T04:34:11.699+0000] {processor.py:186} INFO - Started process (PID=26363) to work on /opt/airflow/dags/dag_extract_catalogs.py
[2026-07-11T04:34:11.699+0000] {processor.py:914} INFO - Processing file /opt/airflow/dags/dag_extract_catalogs.py for tasks to queue
[2026-07-11T04:34:11.700+0000] {logging_mixin.py:190} INFO - [2026-07-11T04:34:11.700+0000] {dagbag.py:588} INFO - Filling up the DagBag from /opt/airflow/dags/dag_extract_catalogs.py
[2026-07-11T04:34:11.705+0000] {processor.py:925} INFO - DAG(s) 'dag_extract_catalogs' retrieved from /opt/airflow/dags/dag_extract_catalogs.py
[2026-07-11T04:34:11.715+0000] {logging_mixin.py:190} INFO - [2026-07-11T04:34:11.715+0000] {dag.py:3239} INFO - Sync 1 DAGs
[2026-07-11T04:34:11.722+0000] {logging_mixin.py:190} INFO - [2026-07-11T04:34:11.722+0000] {dag.py:4180} INFO - Setting next_dagrun for dag_extract_catalogs to 2026-07-10 01:00:00+00:00, run_after=2026-07-11 01:00:00+00:00
[2026-07-11T04:34:11.727+0000] {processor.py:208} INFO - Processing /opt/airflow/dags/dag_extract_catalogs.py took 0.030 seconds
[2026-07-11T04:34:42.163+0000] {processor.py:186} INFO - Started process (PID=26383) to work on /opt/airflow/dags/dag_extract_catalogs.py
[2026-07-11T04:34:42.163+0000] {processor.py:914} INFO - Processing file /opt/airflow/dags/dag_extract_catalogs.py for tasks to queue
[2026-07-11T04:34:42.164+0000] {logging_mixin.py:190} INFO - [2026-07-11T04:34:42.164+0000] {dagbag.py:588} INFO - Filling up the DagBag from /opt/airflow/dags/dag_extract_catalogs.py
[2026-07-11T04:34:42.169+0000] {processor.py:925} INFO - DAG(s) 'dag_extract_catalogs' retrieved from /opt/airflow/dags/dag_extract_catalogs.py
[2026-07-11T04:34:42.179+0000] {logging_mixin.py:190} INFO - [2026-07-11T04:34:42.179+0000] {dag.py:3239} INFO - Sync 1 DAGs
[2026-07-11T04:34:42.186+0000] {logging_mixin.py:190} INFO - [2026-07-11T04:34:42.186+0000] {dag.py:4180} INFO - Setting next_dagrun for dag_extract_catalogs to 2026-07-10 01:00:00+00:00, run_after=2026-07-11 01:00:00+00:00
[2026-07-11T04:34:42.191+0000] {processor.py:208} INFO - Processing /opt/airflow/dags/dag_extract_catalogs.py took 0.031 seconds
[2026-07-11T04:35:12.624+0000] {processor.py:186} INFO - Started process (PID=26403) to work on /opt/airflow/dags/dag_extract_catalogs.py
[2026-07-11T04:35:12.624+0000] {processor.py:914} INFO - Processing file /opt/airflow/dags/dag_extract_catalogs.py for tasks to queue
[2026-07-11T04:35:12.625+0000] {logging_mixin.py:190} INFO - [2026-07-11T04:35:12.625+0000] {dagbag.py:588} INFO - Filling up the DagBag from /opt/airflow/dags/dag_extract_catalogs.py
[2026-07-11T04:35:12.630+0000] {processor.py:925} INFO - DAG(s) 'dag_extract_catalogs' retrieved from /opt/airflow/dags/dag_extract_catalogs.py
[2026-07-11T04:35:12.639+0000] {logging_mixin.py:190} INFO - [2026-07-11T04:35:12.639+0000] {dag.py:3239} INFO - Sync 1 DAGs
[2026-07-11T04:35:12.647+0000] {logging_mixin.py:190} INFO - [2026-07-11T04:35:12.647+0000] {dag.py:4180} INFO - Setting next_dagrun for dag_extract_catalogs to 2026-07-10 01:00:00+00:00, run_after=2026-07-11 01:00:00+00:00
[2026-07-11T04:35:12.652+0000] {processor.py:208} INFO - Processing /opt/airflow/dags/dag_extract_catalogs.py took 0.031 seconds
[2026-07-11T04:35:43.057+0000] {processor.py:186} INFO - Started process (PID=26423) to work on /opt/airflow/dags/dag_extract_catalogs.py
[2026-07-11T04:35:43.058+0000] {processor.py:914} INFO - Processing file /opt/airflow/dags/dag_extract_catalogs.py for tasks to queue
[2026-07-11T04:35:43.059+0000] {logging_mixin.py:190} INFO - [2026-07-11T04:35:43.058+0000] {dagbag.py:588} INFO - Filling up the DagBag from /opt/airflow/dags/dag_extract_catalogs.py
[2026-07-11T04:35:43.063+0000] {processor.py:925} INFO - DAG(s) 'dag_extract_catalogs' retrieved from /opt/airflow/dags/dag_extract_catalogs.py
[2026-07-11T04:35:43.073+0000] {logging_mixin.py:190} INFO - [2026-07-11T04:35:43.073+0000] {dag.py:3239} INFO - Sync 1 DAGs
[2026-07-11T04:35:43.081+0000] {logging_mixin.py:190} INFO - [2026-07-11T04:35:43.081+0000] {dag.py:4180} INFO - Setting next_dagrun for dag_extract_catalogs to 2026-07-10 01:00:00+00:00, run_after=2026-07-11 01:00:00+00:00
[2026-07-11T04:35:43.087+0000] {processor.py:208} INFO - Processing /opt/airflow/dags/dag_extract_catalogs.py took 0.032 seconds
[2026-07-11T04:36:13.510+0000] {processor.py:186} INFO - Started process (PID=26443) to work on /opt/airflow/dags/dag_extract_catalogs.py
[2026-07-11T04:36:13.511+0000] {processor.py:914} INFO - Processing file /opt/airflow/dags/dag_extract_catalogs.py for tasks to queue
[2026-07-11T04:36:13.511+0000] {logging_mixin.py:190} INFO - [2026-07-11T04:36:13.511+0000] {dagbag.py:588} INFO - Filling up the DagBag from /opt/airflow/dags/dag_extract_catalogs.py
[2026-07-11T04:36:13.516+0000] {processor.py:925} INFO - DAG(s) 'dag_extract_catalogs' retrieved from /opt/airflow/dags/dag_extract_catalogs.py
[2026-07-11T04:36:13.526+0000] {logging_mixin.py:190} INFO - [2026-07-11T04:36:13.526+0000] {dag.py:3239} INFO - Sync 1 DAGs
[2026-07-11T04:36:13.533+0000] {logging_mixin.py:190} INFO - [2026-07-11T04:36:13.533+0000] {dag.py:4180} INFO - Setting next_dagrun for dag_extract_catalogs to 2026-07-10 01:00:00+00:00, run_after=2026-07-11 01:00:00+00:00
[2026-07-11T04:36:13.538+0000] {processor.py:208} INFO - Processing /opt/airflow/dags/dag_extract_catalogs.py took 0.030 seconds
[2026-07-11T04:36:44.014+0000] {processor.py:186} INFO - Started process (PID=26463) to work on /opt/airflow/dags/dag_extract_catalogs.py
[2026-07-11T04:36:44.015+0000] {processor.py:914} INFO - Processing file /opt/airflow/dags/dag_extract_catalogs.py for tasks to queue
[2026-07-11T04:36:44.016+0000] {logging_mixin.py:190} INFO - [2026-07-11T04:36:44.015+0000] {dagbag.py:588} INFO - Filling up the DagBag from /opt/airflow/dags/dag_extract_catalogs.py
[2026-07-11T04:36:44.020+0000] {processor.py:925} INFO - DAG(s) 'dag_extract_catalogs' retrieved from /opt/airflow/dags/dag_extract_catalogs.py
[2026-07-11T04:36:44.031+0000] {logging_mixin.py:190} INFO - [2026-07-11T04:36:44.030+0000] {dag.py:3239} INFO - Sync 1 DAGs
[2026-07-11T04:36:44.038+0000] {logging_mixin.py:190} INFO - [2026-07-11T04:36:44.038+0000] {dag.py:4180} INFO - Setting next_dagrun for dag_extract_catalogs to 2026-07-10 01:00:00+00:00, run_after=2026-07-11 01:00:00+00:00
[2026-07-11T04:36:44.042+0000] {processor.py:208} INFO - Processing /opt/airflow/dags/dag_extract_catalogs.py took 0.031 seconds
[2026-07-11T04:37:14.446+0000] {processor.py:186} INFO - Started process (PID=26481) to work on /opt/airflow/dags/dag_extract_catalogs.py
[2026-07-11T04:37:14.446+0000] {processor.py:914} INFO - Processing file /opt/airflow/dags/dag_extract_catalogs.py for tasks to queue
[2026-07-11T04:37:14.447+0000] {logging_mixin.py:190} INFO - [2026-07-11T04:37:14.447+0000] {dagbag.py:588} INFO - Filling up the DagBag from /opt/airflow/dags/dag_extract_catalogs.py
[2026-07-11T04:37:14.455+0000] {processor.py:925} INFO - DAG(s) 'dag_extract_catalogs' retrieved from /opt/airflow/dags/dag_extract_catalogs.py
[2026-07-11T04:37:14.469+0000] {logging_mixin.py:190} INFO - [2026-07-11T04:37:14.469+0000] {dag.py:3239} INFO - Sync 1 DAGs
[2026-07-11T04:37:14.478+0000] {logging_mixin.py:190} INFO - [2026-07-11T04:37:14.478+0000] {dag.py:4180} INFO - Setting next_dagrun for dag_extract_catalogs to 2026-07-10 01:00:00+00:00, run_after=2026-07-11 01:00:00+00:00
[2026-07-11T04:37:14.483+0000] {processor.py:208} INFO - Processing /opt/airflow/dags/dag_extract_catalogs.py took 0.040 seconds
[2026-07-11T04:37:44.908+0000] {processor.py:186} INFO - Started process (PID=26503) to work on /opt/airflow/dags/dag_extract_catalogs.py
[2026-07-11T04:37:44.908+0000] {processor.py:914} INFO - Processing file /opt/airflow/dags/dag_extract_catalogs.py for tasks to queue
[2026-07-11T04:37:44.909+0000] {logging_mixin.py:190} INFO - [2026-07-11T04:37:44.909+0000] {dagbag.py:588} INFO - Filling up the DagBag from /opt/airflow/dags/dag_extract_catalogs.py
[2026-07-11T04:37:44.914+0000] {processor.py:925} INFO - DAG(s) 'dag_extract_catalogs' retrieved from /opt/airflow/dags/dag_extract_catalogs.py
[2026-07-11T04:37:44.925+0000] {logging_mixin.py:190} INFO - [2026-07-11T04:37:44.925+0000] {dag.py:3239} INFO - Sync 1 DAGs
[2026-07-11T04:37:44.933+0000] {logging_mixin.py:190} INFO - [2026-07-11T04:37:44.932+0000] {dag.py:4180} INFO - Setting next_dagrun for dag_extract_catalogs to 2026-07-10 01:00:00+00:00, run_after=2026-07-11 01:00:00+00:00
[2026-07-11T04:37:44.938+0000] {processor.py:208} INFO - Processing /opt/airflow/dags/dag_extract_catalogs.py took 0.033 seconds
[2026-07-11T04:38:15.323+0000] {processor.py:186} INFO - Started process (PID=26523) to work on /opt/airflow/dags/dag_extract_catalogs.py
[2026-07-11T04:38:15.323+0000] {processor.py:914} INFO - Processing file /opt/airflow/dags/dag_extract_catalogs.py for tasks to queue
[2026-07-11T04:38:15.324+0000] {logging_mixin.py:190} INFO - [2026-07-11T04:38:15.324+0000] {dagbag.py:588} INFO - Filling up the DagBag from /opt/airflow/dags/dag_extract_catalogs.py
[2026-07-11T04:38:15.329+0000] {processor.py:925} INFO - DAG(s) 'dag_extract_catalogs' retrieved from /opt/airflow/dags/dag_extract_catalogs.py
[2026-07-11T04:38:15.339+0000] {logging_mixin.py:190} INFO - [2026-07-11T04:38:15.339+0000] {dag.py:3239} INFO - Sync 1 DAGs
[2026-07-11T04:38:15.346+0000] {logging_mixin.py:190} INFO - [2026-07-11T04:38:15.346+0000] {dag.py:4180} INFO - Setting next_dagrun for dag_extract_catalogs to 2026-07-10 01:00:00+00:00, run_after=2026-07-11 01:00:00+00:00
[2026-07-11T04:38:15.351+0000] {processor.py:208} INFO - Processing /opt/airflow/dags/dag_extract_catalogs.py took 0.030 seconds
[2026-07-11T04:38:45.743+0000] {processor.py:186} INFO - Started process (PID=26541) to work on /opt/airflow/dags/dag_extract_catalogs.py
[2026-07-11T04:38:45.744+0000] {processor.py:914} INFO - Processing file /opt/airflow/dags/dag_extract_catalogs.py for tasks to queue
[2026-07-11T04:38:45.745+0000] {logging_mixin.py:190} INFO - [2026-07-11T04:38:45.745+0000] {dagbag.py:588} INFO - Filling up the DagBag from /opt/airflow/dags/dag_extract_catalogs.py
[2026-07-11T04:38:45.750+0000] {processor.py:925} INFO - DAG(s) 'dag_extract_catalogs' retrieved from /opt/airflow/dags/dag_extract_catalogs.py
[2026-07-11T04:38:45.763+0000] {logging_mixin.py:190} INFO - [2026-07-11T04:38:45.762+0000] {dag.py:3239} INFO - Sync 1 DAGs
[2026-07-11T04:38:45.771+0000] {logging_mixin.py:190} INFO - [2026-07-11T04:38:45.771+0000] {dag.py:4180} INFO - Setting next_dagrun for dag_extract_catalogs to 2026-07-10 01:00:00+00:00, run_after=2026-07-11 01:00:00+00:00
[2026-07-11T04:38:45.779+0000] {processor.py:208} INFO - Processing /opt/airflow/dags/dag_extract_catalogs.py took 0.039 seconds
[2026-07-11T04:39:16.237+0000] {processor.py:186} INFO - Started process (PID=26563) to work on /opt/airflow/dags/dag_extract_catalogs.py
[2026-07-11T04:39:16.237+0000] {processor.py:914} INFO - Processing file /opt/airflow/dags/dag_extract_catalogs.py for tasks to queue
[2026-07-11T04:39:16.238+0000] {logging_mixin.py:190} INFO - [2026-07-11T04:39:16.238+0000] {dagbag.py:588} INFO - Filling up the DagBag from /opt/airflow/dags/dag_extract_catalogs.py
[2026-07-11T04:39:16.243+0000] {processor.py:925} INFO - DAG(s) 'dag_extract_catalogs' retrieved from /opt/airflow/dags/dag_extract_catalogs.py
[2026-07-11T04:39:16.253+0000] {logging_mixin.py:190} INFO - [2026-07-11T04:39:16.253+0000] {dag.py:3239} INFO - Sync 1 DAGs
[2026-07-11T04:39:16.260+0000] {logging_mixin.py:190} INFO - [2026-07-11T04:39:16.260+0000] {dag.py:4180} INFO - Setting next_dagrun for dag_extract_catalogs to 2026-07-10 01:00:00+00:00, run_after=2026-07-11 01:00:00+00:00
[2026-07-11T04:39:16.265+0000] {processor.py:208} INFO - Processing /opt/airflow/dags/dag_extract_catalogs.py took 0.031 seconds
[2026-07-11T04:39:46.711+0000] {processor.py:186} INFO - Started process (PID=26583) to work on /opt/airflow/dags/dag_extract_catalogs.py
[2026-07-11T04:39:46.711+0000] {processor.py:914} INFO - Processing file /opt/airflow/dags/dag_extract_catalogs.py for tasks to queue
[2026-07-11T04:39:46.712+0000] {logging_mixin.py:190} INFO - [2026-07-11T04:39:46.712+0000] {dagbag.py:588} INFO - Filling up the DagBag from /opt/airflow/dags/dag_extract_catalogs.py
[2026-07-11T04:39:46.717+0000] {processor.py:925} INFO - DAG(s) 'dag_extract_catalogs' retrieved from /opt/airflow/dags/dag_extract_catalogs.py
[2026-07-11T04:39:46.727+0000] {logging_mixin.py:190} INFO - [2026-07-11T04:39:46.727+0000] {dag.py:3239} INFO - Sync 1 DAGs
[2026-07-11T04:39:46.734+0000] {logging_mixin.py:190} INFO - [2026-07-11T04:39:46.734+0000] {dag.py:4180} INFO - Setting next_dagrun for dag_extract_catalogs to 2026-07-10 01:00:00+00:00, run_after=2026-07-11 01:00:00+00:00
[2026-07-11T04:39:46.739+0000] {processor.py:208} INFO - Processing /opt/airflow/dags/dag_extract_catalogs.py took 0.031 seconds
[2026-07-11T04:40:17.175+0000] {processor.py:186} INFO - Started process (PID=26603) to work on /opt/airflow/dags/dag_extract_catalogs.py
[2026-07-11T04:40:17.175+0000] {processor.py:914} INFO - Processing file /opt/airflow/dags/dag_extract_catalogs.py for tasks to queue
[2026-07-11T04:40:17.176+0000] {logging_mixin.py:190} INFO - [2026-07-11T04:40:17.176+0000] {dagbag.py:588} INFO - Filling up the DagBag from /opt/airflow/dags/dag_extract_catalogs.py
[2026-07-11T04:40:17.181+0000] {processor.py:925} INFO - DAG(s) 'dag_extract_catalogs' retrieved from /opt/airflow/dags/dag_extract_catalogs.py
[2026-07-11T04:40:17.191+0000] {logging_mixin.py:190} INFO - [2026-07-11T04:40:17.191+0000] {dag.py:3239} INFO - Sync 1 DAGs
[2026-07-11T04:40:17.198+0000] {logging_mixin.py:190} INFO - [2026-07-11T04:40:17.198+0000] {dag.py:4180} INFO - Setting next_dagrun for dag_extract_catalogs to 2026-07-10 01:00:00+00:00, run_after=2026-07-11 01:00:00+00:00
[2026-07-11T04:40:17.203+0000] {processor.py:208} INFO - Processing /opt/airflow/dags/dag_extract_catalogs.py took 0.030 seconds
[2026-07-11T04:40:47.593+0000] {processor.py:186} INFO - Started process (PID=26621) to work on /opt/airflow/dags/dag_extract_catalogs.py
[2026-07-11T04:40:47.594+0000] {processor.py:914} INFO - Processing file /opt/airflow/dags/dag_extract_catalogs.py for tasks to queue
[2026-07-11T04:40:47.595+0000] {logging_mixin.py:190} INFO - [2026-07-11T04:40:47.595+0000] {dagbag.py:588} INFO - Filling up the DagBag from /opt/airflow/dags/dag_extract_catalogs.py
[2026-07-11T04:40:47.601+0000] {processor.py:925} INFO - DAG(s) 'dag_extract_catalogs' retrieved from /opt/airflow/dags/dag_extract_catalogs.py
[2026-07-11T04:40:47.617+0000] {logging_mixin.py:190} INFO - [2026-07-11T04:40:47.617+0000] {dag.py:3239} INFO - Sync 1 DAGs
[2026-07-11T04:40:47.626+0000] {logging_mixin.py:190} INFO - [2026-07-11T04:40:47.626+0000] {dag.py:4180} INFO - Setting next_dagrun for dag_extract_catalogs to 2026-07-10 01:00:00+00:00, run_after=2026-07-11 01:00:00+00:00
[2026-07-11T04:40:47.631+0000] {processor.py:208} INFO - Processing /opt/airflow/dags/dag_extract_catalogs.py took 0.041 seconds
[2026-07-11T04:41:18.095+0000] {processor.py:186} INFO - Started process (PID=26643) to work on /opt/airflow/dags/dag_extract_catalogs.py
[2026-07-11T04:41:18.096+0000] {processor.py:914} INFO - Processing file /opt/airflow/dags/dag_extract_catalogs.py for tasks to queue
[2026-07-11T04:41:18.097+0000] {logging_mixin.py:190} INFO - [2026-07-11T04:41:18.097+0000] {dagbag.py:588} INFO - Filling up the DagBag from /opt/airflow/dags/dag_extract_catalogs.py
[2026-07-11T04:41:18.102+0000] {processor.py:925} INFO - DAG(s) 'dag_extract_catalogs' retrieved from /opt/airflow/dags/dag_extract_catalogs.py
[2026-07-11T04:41:18.112+0000] {logging_mixin.py:190} INFO - [2026-07-11T04:41:18.112+0000] {dag.py:3239} INFO - Sync 1 DAGs
[2026-07-11T04:41:18.119+0000] {logging_mixin.py:190} INFO - [2026-07-11T04:41:18.119+0000] {dag.py:4180} INFO - Setting next_dagrun for dag_extract_catalogs to 2026-07-10 01:00:00+00:00, run_after=2026-07-11 01:00:00+00:00
[2026-07-11T04:41:18.124+0000] {processor.py:208} INFO - Processing /opt/airflow/dags/dag_extract_catalogs.py took 0.031 seconds
[2026-07-11T04:41:48.602+0000] {processor.py:186} INFO - Started process (PID=26663) to work on /opt/airflow/dags/dag_extract_catalogs.py
[2026-07-11T04:41:48.602+0000] {processor.py:914} INFO - Processing file /opt/airflow/dags/dag_extract_catalogs.py for tasks to queue
[2026-07-11T04:41:48.603+0000] {logging_mixin.py:190} INFO - [2026-07-11T04:41:48.603+0000] {dagbag.py:588} INFO - Filling up the DagBag from /opt/airflow/dags/dag_extract_catalogs.py
[2026-07-11T04:41:48.608+0000] {processor.py:925} INFO - DAG(s) 'dag_extract_catalogs' retrieved from /opt/airflow/dags/dag_extract_catalogs.py
[2026-07-11T04:41:48.619+0000] {logging_mixin.py:190} INFO - [2026-07-11T04:41:48.618+0000] {dag.py:3239} INFO - Sync 1 DAGs
[2026-07-11T04:41:48.625+0000] {logging_mixin.py:190} INFO - [2026-07-11T04:41:48.625+0000] {dag.py:4180} INFO - Setting next_dagrun for dag_extract_catalogs to 2026-07-10 01:00:00+00:00, run_after=2026-07-11 01:00:00+00:00
[2026-07-11T04:41:48.630+0000] {processor.py:208} INFO - Processing /opt/airflow/dags/dag_extract_catalogs.py took 0.031 seconds
[2026-07-11T04:42:19.028+0000] {processor.py:186} INFO - Started process (PID=26681) to work on /opt/airflow/dags/dag_extract_catalogs.py
[2026-07-11T04:42:19.029+0000] {processor.py:914} INFO - Processing file /opt/airflow/dags/dag_extract_catalogs.py for tasks to queue
[2026-07-11T04:42:19.030+0000] {logging_mixin.py:190} INFO - [2026-07-11T04:42:19.030+0000] {dagbag.py:588} INFO - Filling up the DagBag from /opt/airflow/dags/dag_extract_catalogs.py
[2026-07-11T04:42:19.037+0000] {processor.py:925} INFO - DAG(s) 'dag_extract_catalogs' retrieved from /opt/airflow/dags/dag_extract_catalogs.py
[2026-07-11T04:42:19.051+0000] {logging_mixin.py:190} INFO - [2026-07-11T04:42:19.050+0000] {dag.py:3239} INFO - Sync 1 DAGs
[2026-07-11T04:42:19.059+0000] {logging_mixin.py:190} INFO - [2026-07-11T04:42:19.059+0000] {dag.py:4180} INFO - Setting next_dagrun for dag_extract_catalogs to 2026-07-10 01:00:00+00:00, run_after=2026-07-11 01:00:00+00:00
[2026-07-11T04:42:19.064+0000] {processor.py:208} INFO - Processing /opt/airflow/dags/dag_extract_catalogs.py took 0.040 seconds
[2026-07-11T04:42:49.461+0000] {processor.py:186} INFO - Started process (PID=26701) to work on /opt/airflow/dags/dag_extract_catalogs.py
[2026-07-11T04:42:49.461+0000] {processor.py:914} INFO - Processing file /opt/airflow/dags/dag_extract_catalogs.py for tasks to queue
[2026-07-11T04:42:49.462+0000] {logging_mixin.py:190} INFO - [2026-07-11T04:42:49.462+0000] {dagbag.py:588} INFO - Filling up the DagBag from /opt/airflow/dags/dag_extract_catalogs.py
[2026-07-11T04:42:49.468+0000] {processor.py:925} INFO - DAG(s) 'dag_extract_catalogs' retrieved from /opt/airflow/dags/dag_extract_catalogs.py
[2026-07-11T04:42:49.485+0000] {logging_mixin.py:190} INFO - [2026-07-11T04:42:49.485+0000] {dag.py:3239} INFO - Sync 1 DAGs
[2026-07-11T04:42:49.493+0000] {logging_mixin.py:190} INFO - [2026-07-11T04:42:49.493+0000] {dag.py:4180} INFO - Setting next_dagrun for dag_extract_catalogs to 2026-07-10 01:00:00+00:00, run_after=2026-07-11 01:00:00+00:00
[2026-07-11T04:42:49.500+0000] {processor.py:208} INFO - Processing /opt/airflow/dags/dag_extract_catalogs.py took 0.042 seconds
[2026-07-11T04:43:19.929+0000] {processor.py:186} INFO - Started process (PID=26723) to work on /opt/airflow/dags/dag_extract_catalogs.py
[2026-07-11T04:43:19.929+0000] {processor.py:914} INFO - Processing file /opt/airflow/dags/dag_extract_catalogs.py for tasks to queue
[2026-07-11T04:43:19.930+0000] {logging_mixin.py:190} INFO - [2026-07-11T04:43:19.930+0000] {dagbag.py:588} INFO - Filling up the DagBag from /opt/airflow/dags/dag_extract_catalogs.py
[2026-07-11T04:43:19.934+0000] {processor.py:925} INFO - DAG(s) 'dag_extract_catalogs' retrieved from /opt/airflow/dags/dag_extract_catalogs.py
[2026-07-11T04:43:19.945+0000] {logging_mixin.py:190} INFO - [2026-07-11T04:43:19.945+0000] {dag.py:3239} INFO - Sync 1 DAGs
[2026-07-11T04:43:19.951+0000] {logging_mixin.py:190} INFO - [2026-07-11T04:43:19.951+0000] {dag.py:4180} INFO - Setting next_dagrun for dag_extract_catalogs to 2026-07-10 01:00:00+00:00, run_after=2026-07-11 01:00:00+00:00
[2026-07-11T04:43:19.956+0000] {processor.py:208} INFO - Processing /opt/airflow/dags/dag_extract_catalogs.py took 0.030 seconds
[2026-07-11T04:43:50.374+0000] {processor.py:186} INFO - Started process (PID=26743) to work on /opt/airflow/dags/dag_extract_catalogs.py
[2026-07-11T04:43:50.374+0000] {processor.py:914} INFO - Processing file /opt/airflow/dags/dag_extract_catalogs.py for tasks to queue
[2026-07-11T04:43:50.375+0000] {logging_mixin.py:190} INFO - [2026-07-11T04:43:50.375+0000] {dagbag.py:588} INFO - Filling up the DagBag from /opt/airflow/dags/dag_extract_catalogs.py
[2026-07-11T04:43:50.380+0000] {processor.py:925} INFO - DAG(s) 'dag_extract_catalogs' retrieved from /opt/airflow/dags/dag_extract_catalogs.py
[2026-07-11T04:43:50.390+0000] {logging_mixin.py:190} INFO - [2026-07-11T04:43:50.390+0000] {dag.py:3239} INFO - Sync 1 DAGs
[2026-07-11T04:43:50.397+0000] {logging_mixin.py:190} INFO - [2026-07-11T04:43:50.397+0000] {dag.py:4180} INFO - Setting next_dagrun for dag_extract_catalogs to 2026-07-10 01:00:00+00:00, run_after=2026-07-11 01:00:00+00:00
[2026-07-11T04:43:50.402+0000] {processor.py:208} INFO - Processing /opt/airflow/dags/dag_extract_catalogs.py took 0.030 seconds
[2026-07-11T04:44:20.827+0000] {processor.py:186} INFO - Started process (PID=26763) to work on /opt/airflow/dags/dag_extract_catalogs.py
[2026-07-11T04:44:20.827+0000] {processor.py:914} INFO - Processing file /opt/airflow/dags/dag_extract_catalogs.py for tasks to queue
[2026-07-11T04:44:20.828+0000] {logging_mixin.py:190} INFO - [2026-07-11T04:44:20.828+0000] {dagbag.py:588} INFO - Filling up the DagBag from /opt/airflow/dags/dag_extract_catalogs.py
[2026-07-11T04:44:20.833+0000] {processor.py:925} INFO - DAG(s) 'dag_extract_catalogs' retrieved from /opt/airflow/dags/dag_extract_catalogs.py
[2026-07-11T04:44:20.843+0000] {logging_mixin.py:190} INFO - [2026-07-11T04:44:20.843+0000] {dag.py:3239} INFO - Sync 1 DAGs
[2026-07-11T04:44:20.850+0000] {logging_mixin.py:190} INFO - [2026-07-11T04:44:20.850+0000] {dag.py:4180} INFO - Setting next_dagrun for dag_extract_catalogs to 2026-07-10 01:00:00+00:00, run_after=2026-07-11 01:00:00+00:00
[2026-07-11T04:44:20.855+0000] {processor.py:208} INFO - Processing /opt/airflow/dags/dag_extract_catalogs.py took 0.030 seconds
[2026-07-11T04:44:51.321+0000] {processor.py:186} INFO - Started process (PID=26783) to work on /opt/airflow/dags/dag_extract_catalogs.py
[2026-07-11T04:44:51.322+0000] {processor.py:914} INFO - Processing file /opt/airflow/dags/dag_extract_catalogs.py for tasks to queue
[2026-07-11T04:44:51.323+0000] {logging_mixin.py:190} INFO - [2026-07-11T04:44:51.323+0000] {dagbag.py:588} INFO - Filling up the DagBag from /opt/airflow/dags/dag_extract_catalogs.py
[2026-07-11T04:44:51.327+0000] {processor.py:925} INFO - DAG(s) 'dag_extract_catalogs' retrieved from /opt/airflow/dags/dag_extract_catalogs.py
[2026-07-11T04:44:51.337+0000] {logging_mixin.py:190} INFO - [2026-07-11T04:44:51.337+0000] {dag.py:3239} INFO - Sync 1 DAGs
[2026-07-11T04:44:51.344+0000] {logging_mixin.py:190} INFO - [2026-07-11T04:44:51.344+0000] {dag.py:4180} INFO - Setting next_dagrun for dag_extract_catalogs to 2026-07-10 01:00:00+00:00, run_after=2026-07-11 01:00:00+00:00
[2026-07-11T04:44:51.349+0000] {processor.py:208} INFO - Processing /opt/airflow/dags/dag_extract_catalogs.py took 0.030 seconds
[2026-07-11T04:45:21.758+0000] {processor.py:186} INFO - Started process (PID=26803) to work on /opt/airflow/dags/dag_extract_catalogs.py
[2026-07-11T04:45:21.759+0000] {processor.py:914} INFO - Processing file /opt/airflow/dags/dag_extract_catalogs.py for tasks to queue
[2026-07-11T04:45:21.760+0000] {logging_mixin.py:190} INFO - [2026-07-11T04:45:21.759+0000] {dagbag.py:588} INFO - Filling up the DagBag from /opt/airflow/dags/dag_extract_catalogs.py
[2026-07-11T04:45:21.764+0000] {processor.py:925} INFO - DAG(s) 'dag_extract_catalogs' retrieved from /opt/airflow/dags/dag_extract_catalogs.py
[2026-07-11T04:45:21.774+0000] {logging_mixin.py:190} INFO - [2026-07-11T04:45:21.774+0000] {dag.py:3239} INFO - Sync 1 DAGs
[2026-07-11T04:45:21.781+0000] {logging_mixin.py:190} INFO - [2026-07-11T04:45:21.781+0000] {dag.py:4180} INFO - Setting next_dagrun for dag_extract_catalogs to 2026-07-10 01:00:00+00:00, run_after=2026-07-11 01:00:00+00:00
[2026-07-11T04:45:21.786+0000] {processor.py:208} INFO - Processing /opt/airflow/dags/dag_extract_catalogs.py took 0.030 seconds
[2026-07-11T04:45:52.222+0000] {processor.py:186} INFO - Started process (PID=26823) to work on /opt/airflow/dags/dag_extract_catalogs.py
[2026-07-11T04:45:52.223+0000] {processor.py:914} INFO - Processing file /opt/airflow/dags/dag_extract_catalogs.py for tasks to queue
[2026-07-11T04:45:52.223+0000] {logging_mixin.py:190} INFO - [2026-07-11T04:45:52.223+0000] {dagbag.py:588} INFO - Filling up the DagBag from /opt/airflow/dags/dag_extract_catalogs.py
[2026-07-11T04:45:52.228+0000] {processor.py:925} INFO - DAG(s) 'dag_extract_catalogs' retrieved from /opt/airflow/dags/dag_extract_catalogs.py
[2026-07-11T04:45:52.238+0000] {logging_mixin.py:190} INFO - [2026-07-11T04:45:52.238+0000] {dag.py:3239} INFO - Sync 1 DAGs
[2026-07-11T04:45:52.246+0000] {logging_mixin.py:190} INFO - [2026-07-11T04:45:52.246+0000] {dag.py:4180} INFO - Setting next_dagrun for dag_extract_catalogs to 2026-07-10 01:00:00+00:00, run_after=2026-07-11 01:00:00+00:00
[2026-07-11T04:45:52.250+0000] {processor.py:208} INFO - Processing /opt/airflow/dags/dag_extract_catalogs.py took 0.030 seconds
[2026-07-11T04:46:22.668+0000] {processor.py:186} INFO - Started process (PID=26843) to work on /opt/airflow/dags/dag_extract_catalogs.py
[2026-07-11T04:46:22.668+0000] {processor.py:914} INFO - Processing file /opt/airflow/dags/dag_extract_catalogs.py for tasks to queue
[2026-07-11T04:46:22.669+0000] {logging_mixin.py:190} INFO - [2026-07-11T04:46:22.669+0000] {dagbag.py:588} INFO - Filling up the DagBag from /opt/airflow/dags/dag_extract_catalogs.py
[2026-07-11T04:46:22.674+0000] {processor.py:925} INFO - DAG(s) 'dag_extract_catalogs' retrieved from /opt/airflow/dags/dag_extract_catalogs.py
[2026-07-11T04:46:22.684+0000] {logging_mixin.py:190} INFO - [2026-07-11T04:46:22.684+0000] {dag.py:3239} INFO - Sync 1 DAGs
[2026-07-11T04:46:22.691+0000] {logging_mixin.py:190} INFO - [2026-07-11T04:46:22.691+0000] {dag.py:4180} INFO - Setting next_dagrun for dag_extract_catalogs to 2026-07-10 01:00:00+00:00, run_after=2026-07-11 01:00:00+00:00
[2026-07-11T04:46:22.696+0000] {processor.py:208} INFO - Processing /opt/airflow/dags/dag_extract_catalogs.py took 0.030 seconds
[2026-07-11T04:46:53.118+0000] {processor.py:186} INFO - Started process (PID=26863) to work on /opt/airflow/dags/dag_extract_catalogs.py
[2026-07-11T04:46:53.119+0000] {processor.py:914} INFO - Processing file /opt/airflow/dags/dag_extract_catalogs.py for tasks to queue
[2026-07-11T04:46:53.120+0000] {logging_mixin.py:190} INFO - [2026-07-11T04:46:53.119+0000] {dagbag.py:588} INFO - Filling up the DagBag from /opt/airflow/dags/dag_extract_catalogs.py
[2026-07-11T04:46:53.124+0000] {processor.py:925} INFO - DAG(s) 'dag_extract_catalogs' retrieved from /opt/airflow/dags/dag_extract_catalogs.py
[2026-07-11T04:46:53.135+0000] {logging_mixin.py:190} INFO - [2026-07-11T04:46:53.134+0000] {dag.py:3239} INFO - Sync 1 DAGs
[2026-07-11T04:46:53.142+0000] {logging_mixin.py:190} INFO - [2026-07-11T04:46:53.142+0000] {dag.py:4180} INFO - Setting next_dagrun for dag_extract_catalogs to 2026-07-10 01:00:00+00:00, run_after=2026-07-11 01:00:00+00:00
[2026-07-11T04:46:53.146+0000] {processor.py:208} INFO - Processing /opt/airflow/dags/dag_extract_catalogs.py took 0.030 seconds
[2026-07-11T04:47:23.530+0000] {processor.py:186} INFO - Started process (PID=26883) to work on /opt/airflow/dags/dag_extract_catalogs.py
[2026-07-11T04:47:23.530+0000] {processor.py:914} INFO - Processing file /opt/airflow/dags/dag_extract_catalogs.py for tasks to queue
[2026-07-11T04:47:23.531+0000] {logging_mixin.py:190} INFO - [2026-07-11T04:47:23.531+0000] {dagbag.py:588} INFO - Filling up the DagBag from /opt/airflow/dags/dag_extract_catalogs.py
[2026-07-11T04:47:23.536+0000] {processor.py:925} INFO - DAG(s) 'dag_extract_catalogs' retrieved from /opt/airflow/dags/dag_extract_catalogs.py
[2026-07-11T04:47:23.547+0000] {logging_mixin.py:190} INFO - [2026-07-11T04:47:23.547+0000] {dag.py:3239} INFO - Sync 1 DAGs
[2026-07-11T04:47:23.554+0000] {logging_mixin.py:190} INFO - [2026-07-11T04:47:23.554+0000] {dag.py:4180} INFO - Setting next_dagrun for dag_extract_catalogs to 2026-07-10 01:00:00+00:00, run_after=2026-07-11 01:00:00+00:00
[2026-07-11T04:47:23.559+0000] {processor.py:208} INFO - Processing /opt/airflow/dags/dag_extract_catalogs.py took 0.032 seconds
[2026-07-11T04:47:53.978+0000] {processor.py:186} INFO - Started process (PID=26903) to work on /opt/airflow/dags/dag_extract_catalogs.py
[2026-07-11T04:47:53.979+0000] {processor.py:914} INFO - Processing file /opt/airflow/dags/dag_extract_catalogs.py for tasks to queue
[2026-07-11T04:47:53.979+0000] {logging_mixin.py:190} INFO - [2026-07-11T04:47:53.979+0000] {dagbag.py:588} INFO - Filling up the DagBag from /opt/airflow/dags/dag_extract_catalogs.py
[2026-07-11T04:47:53.984+0000] {processor.py:925} INFO - DAG(s) 'dag_extract_catalogs' retrieved from /opt/airflow/dags/dag_extract_catalogs.py
[2026-07-11T04:47:53.995+0000] {logging_mixin.py:190} INFO - [2026-07-11T04:47:53.995+0000] {dag.py:3239} INFO - Sync 1 DAGs
[2026-07-11T04:47:54.002+0000] {logging_mixin.py:190} INFO - [2026-07-11T04:47:54.002+0000] {dag.py:4180} INFO - Setting next_dagrun for dag_extract_catalogs to 2026-07-10 01:00:00+00:00, run_after=2026-07-11 01:00:00+00:00
[2026-07-11T04:47:54.006+0000] {processor.py:208} INFO - Processing /opt/airflow/dags/dag_extract_catalogs.py took 0.031 seconds
[2026-07-11T04:48:24.447+0000] {processor.py:186} INFO - Started process (PID=26923) to work on /opt/airflow/dags/dag_extract_catalogs.py
[2026-07-11T04:48:24.448+0000] {processor.py:914} INFO - Processing file /opt/airflow/dags/dag_extract_catalogs.py for tasks to queue
[2026-07-11T04:48:24.448+0000] {logging_mixin.py:190} INFO - [2026-07-11T04:48:24.448+0000] {dagbag.py:588} INFO - Filling up the DagBag from /opt/airflow/dags/dag_extract_catalogs.py
[2026-07-11T04:48:24.453+0000] {processor.py:925} INFO - DAG(s) 'dag_extract_catalogs' retrieved from /opt/airflow/dags/dag_extract_catalogs.py
[2026-07-11T04:48:24.463+0000] {logging_mixin.py:190} INFO - [2026-07-11T04:48:24.463+0000] {dag.py:3239} INFO - Sync 1 DAGs
[2026-07-11T04:48:24.471+0000] {logging_mixin.py:190} INFO - [2026-07-11T04:48:24.471+0000] {dag.py:4180} INFO - Setting next_dagrun for dag_extract_catalogs to 2026-07-10 01:00:00+00:00, run_after=2026-07-11 01:00:00+00:00
[2026-07-11T04:48:24.475+0000] {processor.py:208} INFO - Processing /opt/airflow/dags/dag_extract_catalogs.py took 0.031 seconds
[2026-07-11T04:48:54.880+0000] {processor.py:186} INFO - Started process (PID=26941) to work on /opt/airflow/dags/dag_extract_catalogs.py
[2026-07-11T04:48:54.880+0000] {processor.py:914} INFO - Processing file /opt/airflow/dags/dag_extract_catalogs.py for tasks to queue
[2026-07-11T04:48:54.882+0000] {logging_mixin.py:190} INFO - [2026-07-11T04:48:54.882+0000] {dagbag.py:588} INFO - Filling up the DagBag from /opt/airflow/dags/dag_extract_catalogs.py
[2026-07-11T04:48:54.891+0000] {processor.py:925} INFO - DAG(s) 'dag_extract_catalogs' retrieved from /opt/airflow/dags/dag_extract_catalogs.py
[2026-07-11T04:48:54.903+0000] {logging_mixin.py:190} INFO - [2026-07-11T04:48:54.903+0000] {dag.py:3239} INFO - Sync 1 DAGs
[2026-07-11T04:48:54.914+0000] {logging_mixin.py:190} INFO - [2026-07-11T04:48:54.914+0000] {dag.py:4180} INFO - Setting next_dagrun for dag_extract_catalogs to 2026-07-10 01:00:00+00:00, run_after=2026-07-11 01:00:00+00:00
[2026-07-11T04:48:54.919+0000] {processor.py:208} INFO - Processing /opt/airflow/dags/dag_extract_catalogs.py took 0.042 seconds
[2026-07-11T04:49:25.351+0000] {processor.py:186} INFO - Started process (PID=26961) to work on /opt/airflow/dags/dag_extract_catalogs.py
[2026-07-11T04:49:25.351+0000] {processor.py:914} INFO - Processing file /opt/airflow/dags/dag_extract_catalogs.py for tasks to queue
[2026-07-11T04:49:25.352+0000] {logging_mixin.py:190} INFO - [2026-07-11T04:49:25.352+0000] {dagbag.py:588} INFO - Filling up the DagBag from /opt/airflow/dags/dag_extract_catalogs.py
[2026-07-11T04:49:25.360+0000] {processor.py:925} INFO - DAG(s) 'dag_extract_catalogs' retrieved from /opt/airflow/dags/dag_extract_catalogs.py
[2026-07-11T04:49:25.374+0000] {logging_mixin.py:190} INFO - [2026-07-11T04:49:25.374+0000] {dag.py:3239} INFO - Sync 1 DAGs
[2026-07-11T04:49:25.382+0000] {logging_mixin.py:190} INFO - [2026-07-11T04:49:25.381+0000] {dag.py:4180} INFO - Setting next_dagrun for dag_extract_catalogs to 2026-07-10 01:00:00+00:00, run_after=2026-07-11 01:00:00+00:00
[2026-07-11T04:49:25.386+0000] {processor.py:208} INFO - Processing /opt/airflow/dags/dag_extract_catalogs.py took 0.038 seconds
[2026-07-11T04:49:55.864+0000] {processor.py:186} INFO - Started process (PID=26983) to work on /opt/airflow/dags/dag_extract_catalogs.py
[2026-07-11T04:49:55.865+0000] {processor.py:914} INFO - Processing file /opt/airflow/dags/dag_extract_catalogs.py for tasks to queue
[2026-07-11T04:49:55.866+0000] {logging_mixin.py:190} INFO - [2026-07-11T04:49:55.866+0000] {dagbag.py:588} INFO - Filling up the DagBag from /opt/airflow/dags/dag_extract_catalogs.py
[2026-07-11T04:49:55.871+0000] {processor.py:925} INFO - DAG(s) 'dag_extract_catalogs' retrieved from /opt/airflow/dags/dag_extract_catalogs.py
[2026-07-11T04:49:55.880+0000] {logging_mixin.py:190} INFO - [2026-07-11T04:49:55.880+0000] {dag.py:3239} INFO - Sync 1 DAGs
[2026-07-11T04:49:55.888+0000] {logging_mixin.py:190} INFO - [2026-07-11T04:49:55.888+0000] {dag.py:4180} INFO - Setting next_dagrun for dag_extract_catalogs to 2026-07-10 01:00:00+00:00, run_after=2026-07-11 01:00:00+00:00
[2026-07-11T04:49:55.892+0000] {processor.py:208} INFO - Processing /opt/airflow/dags/dag_extract_catalogs.py took 0.030 seconds
[2026-07-11T04:50:26.254+0000] {processor.py:186} INFO - Started process (PID=27003) to work on /opt/airflow/dags/dag_extract_catalogs.py
[2026-07-11T04:50:26.255+0000] {processor.py:914} INFO - Processing file /opt/airflow/dags/dag_extract_catalogs.py for tasks to queue
[2026-07-11T04:50:26.256+0000] {logging_mixin.py:190} INFO - [2026-07-11T04:50:26.256+0000] {dagbag.py:588} INFO - Filling up the DagBag from /opt/airflow/dags/dag_extract_catalogs.py
[2026-07-11T04:50:26.261+0000] {processor.py:925} INFO - DAG(s) 'dag_extract_catalogs' retrieved from /opt/airflow/dags/dag_extract_catalogs.py
[2026-07-11T04:50:26.271+0000] {logging_mixin.py:190} INFO - [2026-07-11T04:50:26.271+0000] {dag.py:3239} INFO - Sync 1 DAGs
[2026-07-11T04:50:26.278+0000] {logging_mixin.py:190} INFO - [2026-07-11T04:50:26.278+0000] {dag.py:4180} INFO - Setting next_dagrun for dag_extract_catalogs to 2026-07-10 01:00:00+00:00, run_after=2026-07-11 01:00:00+00:00
[2026-07-11T04:50:26.283+0000] {processor.py:208} INFO - Processing /opt/airflow/dags/dag_extract_catalogs.py took 0.031 seconds
[2026-07-11T04:50:56.667+0000] {processor.py:186} INFO - Started process (PID=27023) to work on /opt/airflow/dags/dag_extract_catalogs.py
[2026-07-11T04:50:56.668+0000] {processor.py:914} INFO - Processing file /opt/airflow/dags/dag_extract_catalogs.py for tasks to queue
[2026-07-11T04:50:56.669+0000] {logging_mixin.py:190} INFO - [2026-07-11T04:50:56.668+0000] {dagbag.py:588} INFO - Filling up the DagBag from /opt/airflow/dags/dag_extract_catalogs.py
[2026-07-11T04:50:56.673+0000] {processor.py:925} INFO - DAG(s) 'dag_extract_catalogs' retrieved from /opt/airflow/dags/dag_extract_catalogs.py
[2026-07-11T04:50:56.684+0000] {logging_mixin.py:190} INFO - [2026-07-11T04:50:56.684+0000] {dag.py:3239} INFO - Sync 1 DAGs
[2026-07-11T04:50:56.691+0000] {logging_mixin.py:190} INFO - [2026-07-11T04:50:56.691+0000] {dag.py:4180} INFO - Setting next_dagrun for dag_extract_catalogs to 2026-07-10 01:00:00+00:00, run_after=2026-07-11 01:00:00+00:00
[2026-07-11T04:50:56.695+0000] {processor.py:208} INFO - Processing /opt/airflow/dags/dag_extract_catalogs.py took 0.031 seconds
[2026-07-11T04:51:27.101+0000] {processor.py:186} INFO - Started process (PID=27043) to work on /opt/airflow/dags/dag_extract_catalogs.py
[2026-07-11T04:51:27.101+0000] {processor.py:914} INFO - Processing file /opt/airflow/dags/dag_extract_catalogs.py for tasks to queue
[2026-07-11T04:51:27.102+0000] {logging_mixin.py:190} INFO - [2026-07-11T04:51:27.102+0000] {dagbag.py:588} INFO - Filling up the DagBag from /opt/airflow/dags/dag_extract_catalogs.py
[2026-07-11T04:51:27.107+0000] {processor.py:925} INFO - DAG(s) 'dag_extract_catalogs' retrieved from /opt/airflow/dags/dag_extract_catalogs.py
[2026-07-11T04:51:27.117+0000] {logging_mixin.py:190} INFO - [2026-07-11T04:51:27.117+0000] {dag.py:3239} INFO - Sync 1 DAGs
[2026-07-11T04:51:27.124+0000] {logging_mixin.py:190} INFO - [2026-07-11T04:51:27.124+0000] {dag.py:4180} INFO - Setting next_dagrun for dag_extract_catalogs to 2026-07-10 01:00:00+00:00, run_after=2026-07-11 01:00:00+00:00
[2026-07-11T04:51:27.129+0000] {processor.py:208} INFO - Processing /opt/airflow/dags/dag_extract_catalogs.py took 0.030 seconds
[2026-07-11T04:51:57.563+0000] {processor.py:186} INFO - Started process (PID=27063) to work on /opt/airflow/dags/dag_extract_catalogs.py
[2026-07-11T04:51:57.563+0000] {processor.py:914} INFO - Processing file /opt/airflow/dags/dag_extract_catalogs.py for tasks to queue
[2026-07-11T04:51:57.564+0000] {logging_mixin.py:190} INFO - [2026-07-11T04:51:57.564+0000] {dagbag.py:588} INFO - Filling up the DagBag from /opt/airflow/dags/dag_extract_catalogs.py
[2026-07-11T04:51:57.569+0000] {processor.py:925} INFO - DAG(s) 'dag_extract_catalogs' retrieved from /opt/airflow/dags/dag_extract_catalogs.py
[2026-07-11T04:51:57.579+0000] {logging_mixin.py:190} INFO - [2026-07-11T04:51:57.579+0000] {dag.py:3239} INFO - Sync 1 DAGs
[2026-07-11T04:51:57.586+0000] {logging_mixin.py:190} INFO - [2026-07-11T04:51:57.586+0000] {dag.py:4180} INFO - Setting next_dagrun for dag_extract_catalogs to 2026-07-10 01:00:00+00:00, run_after=2026-07-11 01:00:00+00:00
[2026-07-11T04:51:57.591+0000] {processor.py:208} INFO - Processing /opt/airflow/dags/dag_extract_catalogs.py took 0.031 seconds
[2026-07-11T04:52:27.967+0000] {processor.py:186} INFO - Started process (PID=27081) to work on /opt/airflow/dags/dag_extract_catalogs.py
[2026-07-11T04:52:27.970+0000] {processor.py:914} INFO - Processing file /opt/airflow/dags/dag_extract_catalogs.py for tasks to queue
[2026-07-11T04:52:27.971+0000] {logging_mixin.py:190} INFO - [2026-07-11T04:52:27.971+0000] {dagbag.py:588} INFO - Filling up the DagBag from /opt/airflow/dags/dag_extract_catalogs.py
[2026-07-11T04:52:27.977+0000] {processor.py:925} INFO - DAG(s) 'dag_extract_catalogs' retrieved from /opt/airflow/dags/dag_extract_catalogs.py
[2026-07-11T04:52:27.990+0000] {logging_mixin.py:190} INFO - [2026-07-11T04:52:27.990+0000] {dag.py:3239} INFO - Sync 1 DAGs
[2026-07-11T04:52:27.998+0000] {logging_mixin.py:190} INFO - [2026-07-11T04:52:27.998+0000] {dag.py:4180} INFO - Setting next_dagrun for dag_extract_catalogs to 2026-07-10 01:00:00+00:00, run_after=2026-07-11 01:00:00+00:00
[2026-07-11T04:52:28.006+0000] {processor.py:208} INFO - Processing /opt/airflow/dags/dag_extract_catalogs.py took 0.041 seconds
[2026-07-11T04:52:58.472+0000] {processor.py:186} INFO - Started process (PID=27103) to work on /opt/airflow/dags/dag_extract_catalogs.py
[2026-07-11T04:52:58.472+0000] {processor.py:914} INFO - Processing file /opt/airflow/dags/dag_extract_catalogs.py for tasks to queue
[2026-07-11T04:52:58.473+0000] {logging_mixin.py:190} INFO - [2026-07-11T04:52:58.473+0000] {dagbag.py:588} INFO - Filling up the DagBag from /opt/airflow/dags/dag_extract_catalogs.py
[2026-07-11T04:52:58.478+0000] {processor.py:925} INFO - DAG(s) 'dag_extract_catalogs' retrieved from /opt/airflow/dags/dag_extract_catalogs.py
[2026-07-11T04:52:58.488+0000] {logging_mixin.py:190} INFO - [2026-07-11T04:52:58.488+0000] {dag.py:3239} INFO - Sync 1 DAGs
[2026-07-11T04:52:58.495+0000] {logging_mixin.py:190} INFO - [2026-07-11T04:52:58.495+0000] {dag.py:4180} INFO - Setting next_dagrun for dag_extract_catalogs to 2026-07-10 01:00:00+00:00, run_after=2026-07-11 01:00:00+00:00
[2026-07-11T04:52:58.500+0000] {processor.py:208} INFO - Processing /opt/airflow/dags/dag_extract_catalogs.py took 0.031 seconds
[2026-07-11T04:53:28.873+0000] {processor.py:186} INFO - Started process (PID=27123) to work on /opt/airflow/dags/dag_extract_catalogs.py
[2026-07-11T04:53:28.873+0000] {processor.py:914} INFO - Processing file /opt/airflow/dags/dag_extract_catalogs.py for tasks to queue
[2026-07-11T04:53:28.874+0000] {logging_mixin.py:190} INFO - [2026-07-11T04:53:28.874+0000] {dagbag.py:588} INFO - Filling up the DagBag from /opt/airflow/dags/dag_extract_catalogs.py
[2026-07-11T04:53:28.879+0000] {processor.py:925} INFO - DAG(s) 'dag_extract_catalogs' retrieved from /opt/airflow/dags/dag_extract_catalogs.py
[2026-07-11T04:53:28.889+0000] {logging_mixin.py:190} INFO - [2026-07-11T04:53:28.889+0000] {dag.py:3239} INFO - Sync 1 DAGs
[2026-07-11T04:53:28.897+0000] {logging_mixin.py:190} INFO - [2026-07-11T04:53:28.897+0000] {dag.py:4180} INFO - Setting next_dagrun for dag_extract_catalogs to 2026-07-10 01:00:00+00:00, run_after=2026-07-11 01:00:00+00:00
[2026-07-11T04:53:28.901+0000] {processor.py:208} INFO - Processing /opt/airflow/dags/dag_extract_catalogs.py took 0.031 seconds
[2026-07-11T04:53:59.340+0000] {processor.py:186} INFO - Started process (PID=27143) to work on /opt/airflow/dags/dag_extract_catalogs.py
[2026-07-11T04:53:59.340+0000] {processor.py:914} INFO - Processing file /opt/airflow/dags/dag_extract_catalogs.py for tasks to queue
[2026-07-11T04:53:59.341+0000] {logging_mixin.py:190} INFO - [2026-07-11T04:53:59.341+0000] {dagbag.py:588} INFO - Filling up the DagBag from /opt/airflow/dags/dag_extract_catalogs.py
[2026-07-11T04:53:59.346+0000] {processor.py:925} INFO - DAG(s) 'dag_extract_catalogs' retrieved from /opt/airflow/dags/dag_extract_catalogs.py
[2026-07-11T04:53:59.356+0000] {logging_mixin.py:190} INFO - [2026-07-11T04:53:59.356+0000] {dag.py:3239} INFO - Sync 1 DAGs
[2026-07-11T04:53:59.363+0000] {logging_mixin.py:190} INFO - [2026-07-11T04:53:59.363+0000] {dag.py:4180} INFO - Setting next_dagrun for dag_extract_catalogs to 2026-07-10 01:00:00+00:00, run_after=2026-07-11 01:00:00+00:00
[2026-07-11T04:53:59.368+0000] {processor.py:208} INFO - Processing /opt/airflow/dags/dag_extract_catalogs.py took 0.031 seconds
[2026-07-11T04:54:29.786+0000] {processor.py:186} INFO - Started process (PID=27163) to work on /opt/airflow/dags/dag_extract_catalogs.py
[2026-07-11T04:54:29.787+0000] {processor.py:914} INFO - Processing file /opt/airflow/dags/dag_extract_catalogs.py for tasks to queue
[2026-07-11T04:54:29.788+0000] {logging_mixin.py:190} INFO - [2026-07-11T04:54:29.787+0000] {dagbag.py:588} INFO - Filling up the DagBag from /opt/airflow/dags/dag_extract_catalogs.py
[2026-07-11T04:54:29.792+0000] {processor.py:925} INFO - DAG(s) 'dag_extract_catalogs' retrieved from /opt/airflow/dags/dag_extract_catalogs.py
[2026-07-11T04:54:29.803+0000] {logging_mixin.py:190} INFO - [2026-07-11T04:54:29.803+0000] {dag.py:3239} INFO - Sync 1 DAGs
[2026-07-11T04:54:29.809+0000] {logging_mixin.py:190} INFO - [2026-07-11T04:54:29.809+0000] {dag.py:4180} INFO - Setting next_dagrun for dag_extract_catalogs to 2026-07-10 01:00:00+00:00, run_after=2026-07-11 01:00:00+00:00
[2026-07-11T04:54:29.814+0000] {processor.py:208} INFO - Processing /opt/airflow/dags/dag_extract_catalogs.py took 0.030 seconds
[2026-07-11T04:55:00.248+0000] {processor.py:186} INFO - Started process (PID=27183) to work on /opt/airflow/dags/dag_extract_catalogs.py
[2026-07-11T04:55:00.248+0000] {processor.py:914} INFO - Processing file /opt/airflow/dags/dag_extract_catalogs.py for tasks to queue
[2026-07-11T04:55:00.249+0000] {logging_mixin.py:190} INFO - [2026-07-11T04:55:00.249+0000] {dagbag.py:588} INFO - Filling up the DagBag from /opt/airflow/dags/dag_extract_catalogs.py
[2026-07-11T04:55:00.254+0000] {processor.py:925} INFO - DAG(s) 'dag_extract_catalogs' retrieved from /opt/airflow/dags/dag_extract_catalogs.py
[2026-07-11T04:55:00.264+0000] {logging_mixin.py:190} INFO - [2026-07-11T04:55:00.264+0000] {dag.py:3239} INFO - Sync 1 DAGs
[2026-07-11T04:55:00.271+0000] {logging_mixin.py:190} INFO - [2026-07-11T04:55:00.271+0000] {dag.py:4180} INFO - Setting next_dagrun for dag_extract_catalogs to 2026-07-10 01:00:00+00:00, run_after=2026-07-11 01:00:00+00:00
[2026-07-11T04:55:00.276+0000] {processor.py:208} INFO - Processing /opt/airflow/dags/dag_extract_catalogs.py took 0.030 seconds
[2026-07-11T04:55:30.688+0000] {processor.py:186} INFO - Started process (PID=27203) to work on /opt/airflow/dags/dag_extract_catalogs.py
[2026-07-11T04:55:30.688+0000] {processor.py:914} INFO - Processing file /opt/airflow/dags/dag_extract_catalogs.py for tasks to queue
[2026-07-11T04:55:30.689+0000] {logging_mixin.py:190} INFO - [2026-07-11T04:55:30.689+0000] {dagbag.py:588} INFO - Filling up the DagBag from /opt/airflow/dags/dag_extract_catalogs.py
[2026-07-11T04:55:30.694+0000] {processor.py:925} INFO - DAG(s) 'dag_extract_catalogs' retrieved from /opt/airflow/dags/dag_extract_catalogs.py
[2026-07-11T04:55:30.704+0000] {logging_mixin.py:190} INFO - [2026-07-11T04:55:30.704+0000] {dag.py:3239} INFO - Sync 1 DAGs
[2026-07-11T04:55:30.712+0000] {logging_mixin.py:190} INFO - [2026-07-11T04:55:30.712+0000] {dag.py:4180} INFO - Setting next_dagrun for dag_extract_catalogs to 2026-07-10 01:00:00+00:00, run_after=2026-07-11 01:00:00+00:00
[2026-07-11T04:55:30.716+0000] {processor.py:208} INFO - Processing /opt/airflow/dags/dag_extract_catalogs.py took 0.031 seconds
[2026-07-11T04:56:01.145+0000] {processor.py:186} INFO - Started process (PID=27223) to work on /opt/airflow/dags/dag_extract_catalogs.py
[2026-07-11T04:56:01.145+0000] {processor.py:914} INFO - Processing file /opt/airflow/dags/dag_extract_catalogs.py for tasks to queue
[2026-07-11T04:56:01.146+0000] {logging_mixin.py:190} INFO - [2026-07-11T04:56:01.146+0000] {dagbag.py:588} INFO - Filling up the DagBag from /opt/airflow/dags/dag_extract_catalogs.py
[2026-07-11T04:56:01.151+0000] {processor.py:925} INFO - DAG(s) 'dag_extract_catalogs' retrieved from /opt/airflow/dags/dag_extract_catalogs.py
[2026-07-11T04:56:01.161+0000] {logging_mixin.py:190} INFO - [2026-07-11T04:56:01.161+0000] {dag.py:3239} INFO - Sync 1 DAGs
[2026-07-11T04:56:01.168+0000] {logging_mixin.py:190} INFO - [2026-07-11T04:56:01.168+0000] {dag.py:4180} INFO - Setting next_dagrun for dag_extract_catalogs to 2026-07-10 01:00:00+00:00, run_after=2026-07-11 01:00:00+00:00
[2026-07-11T04:56:01.173+0000] {processor.py:208} INFO - Processing /opt/airflow/dags/dag_extract_catalogs.py took 0.030 seconds
[2026-07-11T04:56:31.583+0000] {processor.py:186} INFO - Started process (PID=27243) to work on /opt/airflow/dags/dag_extract_catalogs.py
[2026-07-11T04:56:31.584+0000] {processor.py:914} INFO - Processing file /opt/airflow/dags/dag_extract_catalogs.py for tasks to queue
[2026-07-11T04:56:31.585+0000] {logging_mixin.py:190} INFO - [2026-07-11T04:56:31.585+0000] {dagbag.py:588} INFO - Filling up the DagBag from /opt/airflow/dags/dag_extract_catalogs.py
[2026-07-11T04:56:31.589+0000] {processor.py:925} INFO - DAG(s) 'dag_extract_catalogs' retrieved from /opt/airflow/dags/dag_extract_catalogs.py
[2026-07-11T04:56:31.600+0000] {logging_mixin.py:190} INFO - [2026-07-11T04:56:31.600+0000] {dag.py:3239} INFO - Sync 1 DAGs
[2026-07-11T04:56:31.607+0000] {logging_mixin.py:190} INFO - [2026-07-11T04:56:31.607+0000] {dag.py:4180} INFO - Setting next_dagrun for dag_extract_catalogs to 2026-07-10 01:00:00+00:00, run_after=2026-07-11 01:00:00+00:00
[2026-07-11T04:56:31.612+0000] {processor.py:208} INFO - Processing /opt/airflow/dags/dag_extract_catalogs.py took 0.031 seconds
[2026-07-11T04:57:02.037+0000] {processor.py:186} INFO - Started process (PID=27263) to work on /opt/airflow/dags/dag_extract_catalogs.py
[2026-07-11T04:57:02.037+0000] {processor.py:914} INFO - Processing file /opt/airflow/dags/dag_extract_catalogs.py for tasks to queue
[2026-07-11T04:57:02.038+0000] {logging_mixin.py:190} INFO - [2026-07-11T04:57:02.038+0000] {dagbag.py:588} INFO - Filling up the DagBag from /opt/airflow/dags/dag_extract_catalogs.py
[2026-07-11T04:57:02.043+0000] {processor.py:925} INFO - DAG(s) 'dag_extract_catalogs' retrieved from /opt/airflow/dags/dag_extract_catalogs.py
[2026-07-11T04:57:02.053+0000] {logging_mixin.py:190} INFO - [2026-07-11T04:57:02.053+0000] {dag.py:3239} INFO - Sync 1 DAGs
[2026-07-11T04:57:02.060+0000] {logging_mixin.py:190} INFO - [2026-07-11T04:57:02.060+0000] {dag.py:4180} INFO - Setting next_dagrun for dag_extract_catalogs to 2026-07-10 01:00:00+00:00, run_after=2026-07-11 01:00:00+00:00
[2026-07-11T04:57:02.065+0000] {processor.py:208} INFO - Processing /opt/airflow/dags/dag_extract_catalogs.py took 0.031 seconds
[2026-07-11T04:57:32.495+0000] {processor.py:186} INFO - Started process (PID=27283) to work on /opt/airflow/dags/dag_extract_catalogs.py
[2026-07-11T04:57:32.495+0000] {processor.py:914} INFO - Processing file /opt/airflow/dags/dag_extract_catalogs.py for tasks to queue
[2026-07-11T04:57:32.496+0000] {logging_mixin.py:190} INFO - [2026-07-11T04:57:32.496+0000] {dagbag.py:588} INFO - Filling up the DagBag from /opt/airflow/dags/dag_extract_catalogs.py
[2026-07-11T04:57:32.501+0000] {processor.py:925} INFO - DAG(s) 'dag_extract_catalogs' retrieved from /opt/airflow/dags/dag_extract_catalogs.py
[2026-07-11T04:57:32.511+0000] {logging_mixin.py:190} INFO - [2026-07-11T04:57:32.511+0000] {dag.py:3239} INFO - Sync 1 DAGs
[2026-07-11T04:57:32.518+0000] {logging_mixin.py:190} INFO - [2026-07-11T04:57:32.518+0000] {dag.py:4180} INFO - Setting next_dagrun for dag_extract_catalogs to 2026-07-10 01:00:00+00:00, run_after=2026-07-11 01:00:00+00:00
[2026-07-11T04:57:32.523+0000] {processor.py:208} INFO - Processing /opt/airflow/dags/dag_extract_catalogs.py took 0.030 seconds
[2026-07-11T04:58:02.948+0000] {processor.py:186} INFO - Started process (PID=27303) to work on /opt/airflow/dags/dag_extract_catalogs.py
[2026-07-11T04:58:02.948+0000] {processor.py:914} INFO - Processing file /opt/airflow/dags/dag_extract_catalogs.py for tasks to queue
[2026-07-11T04:58:02.949+0000] {logging_mixin.py:190} INFO - [2026-07-11T04:58:02.949+0000] {dagbag.py:588} INFO - Filling up the DagBag from /opt/airflow/dags/dag_extract_catalogs.py
[2026-07-11T04:58:02.954+0000] {processor.py:925} INFO - DAG(s) 'dag_extract_catalogs' retrieved from /opt/airflow/dags/dag_extract_catalogs.py
[2026-07-11T04:58:02.964+0000] {logging_mixin.py:190} INFO - [2026-07-11T04:58:02.964+0000] {dag.py:3239} INFO - Sync 1 DAGs
[2026-07-11T04:58:02.971+0000] {logging_mixin.py:190} INFO - [2026-07-11T04:58:02.971+0000] {dag.py:4180} INFO - Setting next_dagrun for dag_extract_catalogs to 2026-07-10 01:00:00+00:00, run_after=2026-07-11 01:00:00+00:00
[2026-07-11T04:58:02.975+0000] {processor.py:208} INFO - Processing /opt/airflow/dags/dag_extract_catalogs.py took 0.030 seconds
[2026-07-11T04:58:33.352+0000] {processor.py:186} INFO - Started process (PID=27321) to work on /opt/airflow/dags/dag_extract_catalogs.py
[2026-07-11T04:58:33.355+0000] {processor.py:914} INFO - Processing file /opt/airflow/dags/dag_extract_catalogs.py for tasks to queue
[2026-07-11T04:58:33.355+0000] {logging_mixin.py:190} INFO - [2026-07-11T04:58:33.355+0000] {dagbag.py:588} INFO - Filling up the DagBag from /opt/airflow/dags/dag_extract_catalogs.py
[2026-07-11T04:58:33.361+0000] {processor.py:925} INFO - DAG(s) 'dag_extract_catalogs' retrieved from /opt/airflow/dags/dag_extract_catalogs.py
[2026-07-11T04:58:33.376+0000] {logging_mixin.py:190} INFO - [2026-07-11T04:58:33.376+0000] {dag.py:3239} INFO - Sync 1 DAGs
[2026-07-11T04:58:33.385+0000] {logging_mixin.py:190} INFO - [2026-07-11T04:58:33.385+0000] {dag.py:4180} INFO - Setting next_dagrun for dag_extract_catalogs to 2026-07-10 01:00:00+00:00, run_after=2026-07-11 01:00:00+00:00
[2026-07-11T04:58:33.391+0000] {processor.py:208} INFO - Processing /opt/airflow/dags/dag_extract_catalogs.py took 0.041 seconds
[2026-07-11T04:59:03.717+0000] {processor.py:186} INFO - Started process (PID=27341) to work on /opt/airflow/dags/dag_extract_catalogs.py
[2026-07-11T04:59:03.718+0000] {processor.py:914} INFO - Processing file /opt/airflow/dags/dag_extract_catalogs.py for tasks to queue
[2026-07-11T04:59:03.719+0000] {logging_mixin.py:190} INFO - [2026-07-11T04:59:03.719+0000] {dagbag.py:588} INFO - Filling up the DagBag from /opt/airflow/dags/dag_extract_catalogs.py
[2026-07-11T04:59:03.727+0000] {processor.py:925} INFO - DAG(s) 'dag_extract_catalogs' retrieved from /opt/airflow/dags/dag_extract_catalogs.py
[2026-07-11T04:59:03.742+0000] {logging_mixin.py:190} INFO - [2026-07-11T04:59:03.742+0000] {dag.py:3239} INFO - Sync 1 DAGs
[2026-07-11T04:59:03.750+0000] {logging_mixin.py:190} INFO - [2026-07-11T04:59:03.750+0000] {dag.py:4180} INFO - Setting next_dagrun for dag_extract_catalogs to 2026-07-10 01:00:00+00:00, run_after=2026-07-11 01:00:00+00:00
[2026-07-11T04:59:03.755+0000] {processor.py:208} INFO - Processing /opt/airflow/dags/dag_extract_catalogs.py took 0.040 seconds
[2026-07-11T04:59:34.226+0000] {processor.py:186} INFO - Started process (PID=27363) to work on /opt/airflow/dags/dag_extract_catalogs.py
[2026-07-11T04:59:34.226+0000] {processor.py:914} INFO - Processing file /opt/airflow/dags/dag_extract_catalogs.py for tasks to queue
[2026-07-11T04:59:34.227+0000] {logging_mixin.py:190} INFO - [2026-07-11T04:59:34.227+0000] {dagbag.py:588} INFO - Filling up the DagBag from /opt/airflow/dags/dag_extract_catalogs.py
[2026-07-11T04:59:34.232+0000] {processor.py:925} INFO - DAG(s) 'dag_extract_catalogs' retrieved from /opt/airflow/dags/dag_extract_catalogs.py
[2026-07-11T04:59:34.242+0000] {logging_mixin.py:190} INFO - [2026-07-11T04:59:34.242+0000] {dag.py:3239} INFO - Sync 1 DAGs
[2026-07-11T04:59:34.250+0000] {logging_mixin.py:190} INFO - [2026-07-11T04:59:34.250+0000] {dag.py:4180} INFO - Setting next_dagrun for dag_extract_catalogs to 2026-07-10 01:00:00+00:00, run_after=2026-07-11 01:00:00+00:00
[2026-07-11T04:59:34.349+0000] {processor.py:208} INFO - Processing /opt/airflow/dags/dag_extract_catalogs.py took 0.125 seconds
[2026-07-11T05:00:04.718+0000] {processor.py:186} INFO - Started process (PID=27383) to work on /opt/airflow/dags/dag_extract_catalogs.py
[2026-07-11T05:00:04.718+0000] {processor.py:914} INFO - Processing file /opt/airflow/dags/dag_extract_catalogs.py for tasks to queue
[2026-07-11T05:00:04.719+0000] {logging_mixin.py:190} INFO - [2026-07-11T05:00:04.719+0000] {dagbag.py:588} INFO - Filling up the DagBag from /opt/airflow/dags/dag_extract_catalogs.py
[2026-07-11T05:00:04.724+0000] {processor.py:925} INFO - DAG(s) 'dag_extract_catalogs' retrieved from /opt/airflow/dags/dag_extract_catalogs.py
[2026-07-11T05:00:04.735+0000] {logging_mixin.py:190} INFO - [2026-07-11T05:00:04.735+0000] {dag.py:3239} INFO - Sync 1 DAGs
[2026-07-11T05:00:04.742+0000] {logging_mixin.py:190} INFO - [2026-07-11T05:00:04.742+0000] {dag.py:4180} INFO - Setting next_dagrun for dag_extract_catalogs to 2026-07-10 01:00:00+00:00, run_after=2026-07-11 01:00:00+00:00
[2026-07-11T05:00:04.746+0000] {processor.py:208} INFO - Processing /opt/airflow/dags/dag_extract_catalogs.py took 0.031 seconds
[2026-07-11T05:00:35.275+0000] {processor.py:186} INFO - Started process (PID=27401) to work on /opt/airflow/dags/dag_extract_catalogs.py
[2026-07-11T05:00:35.276+0000] {processor.py:914} INFO - Processing file /opt/airflow/dags/dag_extract_catalogs.py for tasks to queue
[2026-07-11T05:00:35.278+0000] {logging_mixin.py:190} INFO - [2026-07-11T05:00:35.278+0000] {dagbag.py:588} INFO - Filling up the DagBag from /opt/airflow/dags/dag_extract_catalogs.py
[2026-07-11T05:00:35.286+0000] {processor.py:925} INFO - DAG(s) 'dag_extract_catalogs' retrieved from /opt/airflow/dags/dag_extract_catalogs.py
[2026-07-11T05:00:35.298+0000] {logging_mixin.py:190} INFO - [2026-07-11T05:00:35.298+0000] {dag.py:3239} INFO - Sync 1 DAGs
[2026-07-11T05:00:35.307+0000] {logging_mixin.py:190} INFO - [2026-07-11T05:00:35.307+0000] {dag.py:4180} INFO - Setting next_dagrun for dag_extract_catalogs to 2026-07-10 01:00:00+00:00, run_after=2026-07-11 01:00:00+00:00
[2026-07-11T05:00:35.312+0000] {processor.py:208} INFO - Processing /opt/airflow/dags/dag_extract_catalogs.py took 0.040 seconds
[2026-07-11T05:01:05.743+0000] {processor.py:186} INFO - Started process (PID=27423) to work on /opt/airflow/dags/dag_extract_catalogs.py
[2026-07-11T05:01:05.743+0000] {processor.py:914} INFO - Processing file /opt/airflow/dags/dag_extract_catalogs.py for tasks to queue
[2026-07-11T05:01:05.744+0000] {logging_mixin.py:190} INFO - [2026-07-11T05:01:05.744+0000] {dagbag.py:588} INFO - Filling up the DagBag from /opt/airflow/dags/dag_extract_catalogs.py
[2026-07-11T05:01:05.749+0000] {processor.py:925} INFO - DAG(s) 'dag_extract_catalogs' retrieved from /opt/airflow/dags/dag_extract_catalogs.py
[2026-07-11T05:01:05.759+0000] {logging_mixin.py:190} INFO - [2026-07-11T05:01:05.759+0000] {dag.py:3239} INFO - Sync 1 DAGs
[2026-07-11T05:01:05.766+0000] {logging_mixin.py:190} INFO - [2026-07-11T05:01:05.766+0000] {dag.py:4180} INFO - Setting next_dagrun for dag_extract_catalogs to 2026-07-10 01:00:00+00:00, run_after=2026-07-11 01:00:00+00:00
[2026-07-11T05:01:05.833+0000] {processor.py:208} INFO - Processing /opt/airflow/dags/dag_extract_catalogs.py took 0.093 seconds
[2026-07-11T05:01:36.251+0000] {processor.py:186} INFO - Started process (PID=27443) to work on /opt/airflow/dags/dag_extract_catalogs.py
[2026-07-11T05:01:36.251+0000] {processor.py:914} INFO - Processing file /opt/airflow/dags/dag_extract_catalogs.py for tasks to queue
[2026-07-11T05:01:36.252+0000] {logging_mixin.py:190} INFO - [2026-07-11T05:01:36.252+0000] {dagbag.py:588} INFO - Filling up the DagBag from /opt/airflow/dags/dag_extract_catalogs.py
[2026-07-11T05:01:36.257+0000] {processor.py:925} INFO - DAG(s) 'dag_extract_catalogs' retrieved from /opt/airflow/dags/dag_extract_catalogs.py
[2026-07-11T05:01:36.268+0000] {logging_mixin.py:190} INFO - [2026-07-11T05:01:36.268+0000] {dag.py:3239} INFO - Sync 1 DAGs
[2026-07-11T05:01:36.275+0000] {logging_mixin.py:190} INFO - [2026-07-11T05:01:36.275+0000] {dag.py:4180} INFO - Setting next_dagrun for dag_extract_catalogs to 2026-07-10 01:00:00+00:00, run_after=2026-07-11 01:00:00+00:00
[2026-07-11T05:01:36.280+0000] {processor.py:208} INFO - Processing /opt/airflow/dags/dag_extract_catalogs.py took 0.032 seconds
[2026-07-11T05:02:06.751+0000] {processor.py:186} INFO - Started process (PID=27461) to work on /opt/airflow/dags/dag_extract_catalogs.py
[2026-07-11T05:02:06.752+0000] {processor.py:914} INFO - Processing file /opt/airflow/dags/dag_extract_catalogs.py for tasks to queue
[2026-07-11T05:02:06.753+0000] {logging_mixin.py:190} INFO - [2026-07-11T05:02:06.753+0000] {dagbag.py:588} INFO - Filling up the DagBag from /opt/airflow/dags/dag_extract_catalogs.py
[2026-07-11T05:02:06.761+0000] {processor.py:925} INFO - DAG(s) 'dag_extract_catalogs' retrieved from /opt/airflow/dags/dag_extract_catalogs.py
[2026-07-11T05:02:06.774+0000] {logging_mixin.py:190} INFO - [2026-07-11T05:02:06.773+0000] {dag.py:3239} INFO - Sync 1 DAGs
[2026-07-11T05:02:06.840+0000] {logging_mixin.py:190} INFO - [2026-07-11T05:02:06.840+0000] {dag.py:4180} INFO - Setting next_dagrun for dag_extract_catalogs to 2026-07-10 01:00:00+00:00, run_after=2026-07-11 01:00:00+00:00
[2026-07-11T05:02:06.845+0000] {processor.py:208} INFO - Processing /opt/airflow/dags/dag_extract_catalogs.py took 0.096 seconds
[2026-07-11T05:02:37.343+0000] {processor.py:186} INFO - Started process (PID=27483) to work on /opt/airflow/dags/dag_extract_catalogs.py
[2026-07-11T05:02:37.344+0000] {processor.py:914} INFO - Processing file /opt/airflow/dags/dag_extract_catalogs.py for tasks to queue
[2026-07-11T05:02:37.344+0000] {logging_mixin.py:190} INFO - [2026-07-11T05:02:37.344+0000] {dagbag.py:588} INFO - Filling up the DagBag from /opt/airflow/dags/dag_extract_catalogs.py
[2026-07-11T05:02:37.349+0000] {processor.py:925} INFO - DAG(s) 'dag_extract_catalogs' retrieved from /opt/airflow/dags/dag_extract_catalogs.py
[2026-07-11T05:02:37.359+0000] {logging_mixin.py:190} INFO - [2026-07-11T05:02:37.359+0000] {dag.py:3239} INFO - Sync 1 DAGs
[2026-07-11T05:02:37.367+0000] {logging_mixin.py:190} INFO - [2026-07-11T05:02:37.366+0000] {dag.py:4180} INFO - Setting next_dagrun for dag_extract_catalogs to 2026-07-10 01:00:00+00:00, run_after=2026-07-11 01:00:00+00:00
[2026-07-11T05:02:37.371+0000] {processor.py:208} INFO - Processing /opt/airflow/dags/dag_extract_catalogs.py took 0.031 seconds
[2026-07-11T05:03:07.758+0000] {processor.py:186} INFO - Started process (PID=27501) to work on /opt/airflow/dags/dag_extract_catalogs.py
[2026-07-11T05:03:07.759+0000] {processor.py:914} INFO - Processing file /opt/airflow/dags/dag_extract_catalogs.py for tasks to queue
[2026-07-11T05:03:07.760+0000] {logging_mixin.py:190} INFO - [2026-07-11T05:03:07.760+0000] {dagbag.py:588} INFO - Filling up the DagBag from /opt/airflow/dags/dag_extract_catalogs.py
[2026-07-11T05:03:07.765+0000] {processor.py:925} INFO - DAG(s) 'dag_extract_catalogs' retrieved from /opt/airflow/dags/dag_extract_catalogs.py
[2026-07-11T05:03:07.778+0000] {logging_mixin.py:190} INFO - [2026-07-11T05:03:07.778+0000] {dag.py:3239} INFO - Sync 1 DAGs
[2026-07-11T05:03:07.786+0000] {logging_mixin.py:190} INFO - [2026-07-11T05:03:07.786+0000] {dag.py:4180} INFO - Setting next_dagrun for dag_extract_catalogs to 2026-07-10 01:00:00+00:00, run_after=2026-07-11 01:00:00+00:00
[2026-07-11T05:03:07.793+0000] {processor.py:208} INFO - Processing /opt/airflow/dags/dag_extract_catalogs.py took 0.037 seconds
[2026-07-11T05:03:38.263+0000] {processor.py:186} INFO - Started process (PID=27523) to work on /opt/airflow/dags/dag_extract_catalogs.py
[2026-07-11T05:03:38.263+0000] {processor.py:914} INFO - Processing file /opt/airflow/dags/dag_extract_catalogs.py for tasks to queue
[2026-07-11T05:03:38.264+0000] {logging_mixin.py:190} INFO - [2026-07-11T05:03:38.264+0000] {dagbag.py:588} INFO - Filling up the DagBag from /opt/airflow/dags/dag_extract_catalogs.py
[2026-07-11T05:03:38.269+0000] {processor.py:925} INFO - DAG(s) 'dag_extract_catalogs' retrieved from /opt/airflow/dags/dag_extract_catalogs.py
[2026-07-11T05:03:38.279+0000] {logging_mixin.py:190} INFO - [2026-07-11T05:03:38.279+0000] {dag.py:3239} INFO - Sync 1 DAGs
[2026-07-11T05:03:38.286+0000] {logging_mixin.py:190} INFO - [2026-07-11T05:03:38.286+0000] {dag.py:4180} INFO - Setting next_dagrun for dag_extract_catalogs to 2026-07-10 01:00:00+00:00, run_after=2026-07-11 01:00:00+00:00
[2026-07-11T05:03:38.291+0000] {processor.py:208} INFO - Processing /opt/airflow/dags/dag_extract_catalogs.py took 0.031 seconds
[2026-07-11T05:04:08.729+0000] {processor.py:186} INFO - Started process (PID=27543) to work on /opt/airflow/dags/dag_extract_catalogs.py
[2026-07-11T05:04:08.730+0000] {processor.py:914} INFO - Processing file /opt/airflow/dags/dag_extract_catalogs.py for tasks to queue
[2026-07-11T05:04:08.731+0000] {logging_mixin.py:190} INFO - [2026-07-11T05:04:08.731+0000] {dagbag.py:588} INFO - Filling up the DagBag from /opt/airflow/dags/dag_extract_catalogs.py
[2026-07-11T05:04:08.736+0000] {processor.py:925} INFO - DAG(s) 'dag_extract_catalogs' retrieved from /opt/airflow/dags/dag_extract_catalogs.py
[2026-07-11T05:04:08.746+0000] {logging_mixin.py:190} INFO - [2026-07-11T05:04:08.746+0000] {dag.py:3239} INFO - Sync 1 DAGs
[2026-07-11T05:04:08.754+0000] {logging_mixin.py:190} INFO - [2026-07-11T05:04:08.754+0000] {dag.py:4180} INFO - Setting next_dagrun for dag_extract_catalogs to 2026-07-10 01:00:00+00:00, run_after=2026-07-11 01:00:00+00:00
[2026-07-11T05:04:08.759+0000] {processor.py:208} INFO - Processing /opt/airflow/dags/dag_extract_catalogs.py took 0.032 seconds
[2026-07-11T05:04:39.126+0000] {processor.py:186} INFO - Started process (PID=27563) to work on /opt/airflow/dags/dag_extract_catalogs.py
[2026-07-11T05:04:39.127+0000] {processor.py:914} INFO - Processing file /opt/airflow/dags/dag_extract_catalogs.py for tasks to queue
[2026-07-11T05:04:39.127+0000] {logging_mixin.py:190} INFO - [2026-07-11T05:04:39.127+0000] {dagbag.py:588} INFO - Filling up the DagBag from /opt/airflow/dags/dag_extract_catalogs.py
[2026-07-11T05:04:39.132+0000] {processor.py:925} INFO - DAG(s) 'dag_extract_catalogs' retrieved from /opt/airflow/dags/dag_extract_catalogs.py
[2026-07-11T05:04:39.142+0000] {logging_mixin.py:190} INFO - [2026-07-11T05:04:39.142+0000] {dag.py:3239} INFO - Sync 1 DAGs
[2026-07-11T05:04:39.150+0000] {logging_mixin.py:190} INFO - [2026-07-11T05:04:39.149+0000] {dag.py:4180} INFO - Setting next_dagrun for dag_extract_catalogs to 2026-07-10 01:00:00+00:00, run_after=2026-07-11 01:00:00+00:00
[2026-07-11T05:04:39.154+0000] {processor.py:208} INFO - Processing /opt/airflow/dags/dag_extract_catalogs.py took 0.030 seconds
[2026-07-11T05:05:09.579+0000] {processor.py:186} INFO - Started process (PID=27583) to work on /opt/airflow/dags/dag_extract_catalogs.py
[2026-07-11T05:05:09.579+0000] {processor.py:914} INFO - Processing file /opt/airflow/dags/dag_extract_catalogs.py for tasks to queue
[2026-07-11T05:05:09.580+0000] {logging_mixin.py:190} INFO - [2026-07-11T05:05:09.580+0000] {dagbag.py:588} INFO - Filling up the DagBag from /opt/airflow/dags/dag_extract_catalogs.py
[2026-07-11T05:05:09.585+0000] {processor.py:925} INFO - DAG(s) 'dag_extract_catalogs' retrieved from /opt/airflow/dags/dag_extract_catalogs.py
[2026-07-11T05:05:09.595+0000] {logging_mixin.py:190} INFO - [2026-07-11T05:05:09.595+0000] {dag.py:3239} INFO - Sync 1 DAGs
[2026-07-11T05:05:09.602+0000] {logging_mixin.py:190} INFO - [2026-07-11T05:05:09.602+0000] {dag.py:4180} INFO - Setting next_dagrun for dag_extract_catalogs to 2026-07-10 01:00:00+00:00, run_after=2026-07-11 01:00:00+00:00
[2026-07-11T05:05:09.607+0000] {processor.py:208} INFO - Processing /opt/airflow/dags/dag_extract_catalogs.py took 0.031 seconds
[2026-07-11T05:05:40.017+0000] {processor.py:186} INFO - Started process (PID=27603) to work on /opt/airflow/dags/dag_extract_catalogs.py
[2026-07-11T05:05:40.017+0000] {processor.py:914} INFO - Processing file /opt/airflow/dags/dag_extract_catalogs.py for tasks to queue
[2026-07-11T05:05:40.018+0000] {logging_mixin.py:190} INFO - [2026-07-11T05:05:40.018+0000] {dagbag.py:588} INFO - Filling up the DagBag from /opt/airflow/dags/dag_extract_catalogs.py
[2026-07-11T05:05:40.023+0000] {processor.py:925} INFO - DAG(s) 'dag_extract_catalogs' retrieved from /opt/airflow/dags/dag_extract_catalogs.py
[2026-07-11T05:05:40.033+0000] {logging_mixin.py:190} INFO - [2026-07-11T05:05:40.032+0000] {dag.py:3239} INFO - Sync 1 DAGs
[2026-07-11T05:05:40.040+0000] {logging_mixin.py:190} INFO - [2026-07-11T05:05:40.040+0000] {dag.py:4180} INFO - Setting next_dagrun for dag_extract_catalogs to 2026-07-10 01:00:00+00:00, run_after=2026-07-11 01:00:00+00:00
[2026-07-11T05:05:40.045+0000] {processor.py:208} INFO - Processing /opt/airflow/dags/dag_extract_catalogs.py took 0.031 seconds
[2026-07-11T05:06:10.470+0000] {processor.py:186} INFO - Started process (PID=27623) to work on /opt/airflow/dags/dag_extract_catalogs.py
[2026-07-11T05:06:10.470+0000] {processor.py:914} INFO - Processing file /opt/airflow/dags/dag_extract_catalogs.py for tasks to queue
[2026-07-11T05:06:10.471+0000] {logging_mixin.py:190} INFO - [2026-07-11T05:06:10.471+0000] {dagbag.py:588} INFO - Filling up the DagBag from /opt/airflow/dags/dag_extract_catalogs.py
[2026-07-11T05:06:10.476+0000] {processor.py:925} INFO - DAG(s) 'dag_extract_catalogs' retrieved from /opt/airflow/dags/dag_extract_catalogs.py
[2026-07-11T05:06:10.485+0000] {logging_mixin.py:190} INFO - [2026-07-11T05:06:10.485+0000] {dag.py:3239} INFO - Sync 1 DAGs
[2026-07-11T05:06:10.493+0000] {logging_mixin.py:190} INFO - [2026-07-11T05:06:10.492+0000] {dag.py:4180} INFO - Setting next_dagrun for dag_extract_catalogs to 2026-07-10 01:00:00+00:00, run_after=2026-07-11 01:00:00+00:00
[2026-07-11T05:06:10.497+0000] {processor.py:208} INFO - Processing /opt/airflow/dags/dag_extract_catalogs.py took 0.030 seconds
[2026-07-11T05:06:40.910+0000] {processor.py:186} INFO - Started process (PID=27641) to work on /opt/airflow/dags/dag_extract_catalogs.py
[2026-07-11T05:06:40.911+0000] {processor.py:914} INFO - Processing file /opt/airflow/dags/dag_extract_catalogs.py for tasks to queue
[2026-07-11T05:06:40.912+0000] {logging_mixin.py:190} INFO - [2026-07-11T05:06:40.912+0000] {dagbag.py:588} INFO - Filling up the DagBag from /opt/airflow/dags/dag_extract_catalogs.py
[2026-07-11T05:06:40.918+0000] {processor.py:925} INFO - DAG(s) 'dag_extract_catalogs' retrieved from /opt/airflow/dags/dag_extract_catalogs.py
[2026-07-11T05:06:40.928+0000] {logging_mixin.py:190} INFO - [2026-07-11T05:06:40.928+0000] {dag.py:3239} INFO - Sync 1 DAGs
[2026-07-11T05:06:40.937+0000] {logging_mixin.py:190} INFO - [2026-07-11T05:06:40.936+0000] {dag.py:4180} INFO - Setting next_dagrun for dag_extract_catalogs to 2026-07-10 01:00:00+00:00, run_after=2026-07-11 01:00:00+00:00
[2026-07-11T05:06:40.944+0000] {processor.py:208} INFO - Processing /opt/airflow/dags/dag_extract_catalogs.py took 0.037 seconds
[2026-07-11T05:07:11.402+0000] {processor.py:186} INFO - Started process (PID=27661) to work on /opt/airflow/dags/dag_extract_catalogs.py
[2026-07-11T05:07:11.403+0000] {processor.py:914} INFO - Processing file /opt/airflow/dags/dag_extract_catalogs.py for tasks to queue
[2026-07-11T05:07:11.404+0000] {logging_mixin.py:190} INFO - [2026-07-11T05:07:11.404+0000] {dagbag.py:588} INFO - Filling up the DagBag from /opt/airflow/dags/dag_extract_catalogs.py
[2026-07-11T05:07:11.411+0000] {processor.py:925} INFO - DAG(s) 'dag_extract_catalogs' retrieved from /opt/airflow/dags/dag_extract_catalogs.py
[2026-07-11T05:07:11.426+0000] {logging_mixin.py:190} INFO - [2026-07-11T05:07:11.426+0000] {dag.py:3239} INFO - Sync 1 DAGs
[2026-07-11T05:07:11.436+0000] {logging_mixin.py:190} INFO - [2026-07-11T05:07:11.436+0000] {dag.py:4180} INFO - Setting next_dagrun for dag_extract_catalogs to 2026-07-10 01:00:00+00:00, run_after=2026-07-11 01:00:00+00:00
[2026-07-11T05:07:11.441+0000] {processor.py:208} INFO - Processing /opt/airflow/dags/dag_extract_catalogs.py took 0.042 seconds
[2026-07-11T05:07:41.880+0000] {processor.py:186} INFO - Started process (PID=27683) to work on /opt/airflow/dags/dag_extract_catalogs.py
[2026-07-11T05:07:41.880+0000] {processor.py:914} INFO - Processing file /opt/airflow/dags/dag_extract_catalogs.py for tasks to queue
[2026-07-11T05:07:41.881+0000] {logging_mixin.py:190} INFO - [2026-07-11T05:07:41.881+0000] {dagbag.py:588} INFO - Filling up the DagBag from /opt/airflow/dags/dag_extract_catalogs.py
[2026-07-11T05:07:41.886+0000] {processor.py:925} INFO - DAG(s) 'dag_extract_catalogs' retrieved from /opt/airflow/dags/dag_extract_catalogs.py
[2026-07-11T05:07:41.896+0000] {logging_mixin.py:190} INFO - [2026-07-11T05:07:41.896+0000] {dag.py:3239} INFO - Sync 1 DAGs
[2026-07-11T05:07:41.903+0000] {logging_mixin.py:190} INFO - [2026-07-11T05:07:41.903+0000] {dag.py:4180} INFO - Setting next_dagrun for dag_extract_catalogs to 2026-07-10 01:00:00+00:00, run_after=2026-07-11 01:00:00+00:00
[2026-07-11T05:07:41.908+0000] {processor.py:208} INFO - Processing /opt/airflow/dags/dag_extract_catalogs.py took 0.031 seconds
[2026-07-11T05:08:12.350+0000] {processor.py:186} INFO - Started process (PID=27703) to work on /opt/airflow/dags/dag_extract_catalogs.py
[2026-07-11T05:08:12.350+0000] {processor.py:914} INFO - Processing file /opt/airflow/dags/dag_extract_catalogs.py for tasks to queue
[2026-07-11T05:08:12.351+0000] {logging_mixin.py:190} INFO - [2026-07-11T05:08:12.351+0000] {dagbag.py:588} INFO - Filling up the DagBag from /opt/airflow/dags/dag_extract_catalogs.py
[2026-07-11T05:08:12.356+0000] {processor.py:925} INFO - DAG(s) 'dag_extract_catalogs' retrieved from /opt/airflow/dags/dag_extract_catalogs.py
[2026-07-11T05:08:12.366+0000] {logging_mixin.py:190} INFO - [2026-07-11T05:08:12.366+0000] {dag.py:3239} INFO - Sync 1 DAGs
[2026-07-11T05:08:12.373+0000] {logging_mixin.py:190} INFO - [2026-07-11T05:08:12.373+0000] {dag.py:4180} INFO - Setting next_dagrun for dag_extract_catalogs to 2026-07-10 01:00:00+00:00, run_after=2026-07-11 01:00:00+00:00
[2026-07-11T05:08:12.378+0000] {processor.py:208} INFO - Processing /opt/airflow/dags/dag_extract_catalogs.py took 0.031 seconds
[2026-07-11T05:08:42.797+0000] {processor.py:186} INFO - Started process (PID=27723) to work on /opt/airflow/dags/dag_extract_catalogs.py
[2026-07-11T05:08:42.798+0000] {processor.py:914} INFO - Processing file /opt/airflow/dags/dag_extract_catalogs.py for tasks to queue
[2026-07-11T05:08:42.799+0000] {logging_mixin.py:190} INFO - [2026-07-11T05:08:42.799+0000] {dagbag.py:588} INFO - Filling up the DagBag from /opt/airflow/dags/dag_extract_catalogs.py
[2026-07-11T05:08:42.804+0000] {processor.py:925} INFO - DAG(s) 'dag_extract_catalogs' retrieved from /opt/airflow/dags/dag_extract_catalogs.py
[2026-07-11T05:08:42.814+0000] {logging_mixin.py:190} INFO - [2026-07-11T05:08:42.814+0000] {dag.py:3239} INFO - Sync 1 DAGs
[2026-07-11T05:08:42.821+0000] {logging_mixin.py:190} INFO - [2026-07-11T05:08:42.821+0000] {dag.py:4180} INFO - Setting next_dagrun for dag_extract_catalogs to 2026-07-10 01:00:00+00:00, run_after=2026-07-11 01:00:00+00:00
[2026-07-11T05:08:42.826+0000] {processor.py:208} INFO - Processing /opt/airflow/dags/dag_extract_catalogs.py took 0.031 seconds
[2026-07-11T05:09:13.309+0000] {processor.py:186} INFO - Started process (PID=27741) to work on /opt/airflow/dags/dag_extract_catalogs.py
[2026-07-11T05:09:13.310+0000] {processor.py:914} INFO - Processing file /opt/airflow/dags/dag_extract_catalogs.py for tasks to queue
[2026-07-11T05:09:13.311+0000] {logging_mixin.py:190} INFO - [2026-07-11T05:09:13.311+0000] {dagbag.py:588} INFO - Filling up the DagBag from /opt/airflow/dags/dag_extract_catalogs.py
[2026-07-11T05:09:13.317+0000] {processor.py:925} INFO - DAG(s) 'dag_extract_catalogs' retrieved from /opt/airflow/dags/dag_extract_catalogs.py
[2026-07-11T05:09:13.333+0000] {logging_mixin.py:190} INFO - [2026-07-11T05:09:13.332+0000] {dag.py:3239} INFO - Sync 1 DAGs
[2026-07-11T05:09:13.341+0000] {logging_mixin.py:190} INFO - [2026-07-11T05:09:13.341+0000] {dag.py:4180} INFO - Setting next_dagrun for dag_extract_catalogs to 2026-07-10 01:00:00+00:00, run_after=2026-07-11 01:00:00+00:00
[2026-07-11T05:09:13.346+0000] {processor.py:208} INFO - Processing /opt/airflow/dags/dag_extract_catalogs.py took 0.040 seconds
[2026-07-11T05:09:43.876+0000] {processor.py:186} INFO - Started process (PID=27763) to work on /opt/airflow/dags/dag_extract_catalogs.py
[2026-07-11T05:09:43.876+0000] {processor.py:914} INFO - Processing file /opt/airflow/dags/dag_extract_catalogs.py for tasks to queue
[2026-07-11T05:09:43.877+0000] {logging_mixin.py:190} INFO - [2026-07-11T05:09:43.877+0000] {dagbag.py:588} INFO - Filling up the DagBag from /opt/airflow/dags/dag_extract_catalogs.py
[2026-07-11T05:09:43.882+0000] {processor.py:925} INFO - DAG(s) 'dag_extract_catalogs' retrieved from /opt/airflow/dags/dag_extract_catalogs.py
[2026-07-11T05:09:43.893+0000] {logging_mixin.py:190} INFO - [2026-07-11T05:09:43.893+0000] {dag.py:3239} INFO - Sync 1 DAGs
[2026-07-11T05:09:43.899+0000] {logging_mixin.py:190} INFO - [2026-07-11T05:09:43.899+0000] {dag.py:4180} INFO - Setting next_dagrun for dag_extract_catalogs to 2026-07-10 01:00:00+00:00, run_after=2026-07-11 01:00:00+00:00
[2026-07-11T05:09:43.904+0000] {processor.py:208} INFO - Processing /opt/airflow/dags/dag_extract_catalogs.py took 0.031 seconds
[2026-07-11T05:10:14.390+0000] {processor.py:186} INFO - Started process (PID=27783) to work on /opt/airflow/dags/dag_extract_catalogs.py
[2026-07-11T05:10:14.390+0000] {processor.py:914} INFO - Processing file /opt/airflow/dags/dag_extract_catalogs.py for tasks to queue
[2026-07-11T05:10:14.391+0000] {logging_mixin.py:190} INFO - [2026-07-11T05:10:14.391+0000] {dagbag.py:588} INFO - Filling up the DagBag from /opt/airflow/dags/dag_extract_catalogs.py
[2026-07-11T05:10:14.398+0000] {processor.py:925} INFO - DAG(s) 'dag_extract_catalogs' retrieved from /opt/airflow/dags/dag_extract_catalogs.py
[2026-07-11T05:10:14.411+0000] {logging_mixin.py:190} INFO - [2026-07-11T05:10:14.411+0000] {dag.py:3239} INFO - Sync 1 DAGs
[2026-07-11T05:10:14.421+0000] {logging_mixin.py:190} INFO - [2026-07-11T05:10:14.421+0000] {dag.py:4180} INFO - Setting next_dagrun for dag_extract_catalogs to 2026-07-10 01:00:00+00:00, run_after=2026-07-11 01:00:00+00:00
[2026-07-11T05:10:14.427+0000] {processor.py:208} INFO - Processing /opt/airflow/dags/dag_extract_catalogs.py took 0.040 seconds
[2026-07-11T05:10:44.818+0000] {processor.py:186} INFO - Started process (PID=27803) to work on /opt/airflow/dags/dag_extract_catalogs.py
[2026-07-11T05:10:44.818+0000] {processor.py:914} INFO - Processing file /opt/airflow/dags/dag_extract_catalogs.py for tasks to queue
[2026-07-11T05:10:44.819+0000] {logging_mixin.py:190} INFO - [2026-07-11T05:10:44.819+0000] {dagbag.py:588} INFO - Filling up the DagBag from /opt/airflow/dags/dag_extract_catalogs.py
[2026-07-11T05:10:44.824+0000] {processor.py:925} INFO - DAG(s) 'dag_extract_catalogs' retrieved from /opt/airflow/dags/dag_extract_catalogs.py
[2026-07-11T05:10:44.834+0000] {logging_mixin.py:190} INFO - [2026-07-11T05:10:44.834+0000] {dag.py:3239} INFO - Sync 1 DAGs
[2026-07-11T05:10:44.841+0000] {logging_mixin.py:190} INFO - [2026-07-11T05:10:44.841+0000] {dag.py:4180} INFO - Setting next_dagrun for dag_extract_catalogs to 2026-07-10 01:00:00+00:00, run_after=2026-07-11 01:00:00+00:00
[2026-07-11T05:10:44.846+0000] {processor.py:208} INFO - Processing /opt/airflow/dags/dag_extract_catalogs.py took 0.031 seconds
[2026-07-11T05:11:15.263+0000] {processor.py:186} INFO - Started process (PID=27823) to work on /opt/airflow/dags/dag_extract_catalogs.py
[2026-07-11T05:11:15.264+0000] {processor.py:914} INFO - Processing file /opt/airflow/dags/dag_extract_catalogs.py for tasks to queue
[2026-07-11T05:11:15.265+0000] {logging_mixin.py:190} INFO - [2026-07-11T05:11:15.264+0000] {dagbag.py:588} INFO - Filling up the DagBag from /opt/airflow/dags/dag_extract_catalogs.py
[2026-07-11T05:11:15.269+0000] {processor.py:925} INFO - DAG(s) 'dag_extract_catalogs' retrieved from /opt/airflow/dags/dag_extract_catalogs.py
[2026-07-11T05:11:15.280+0000] {logging_mixin.py:190} INFO - [2026-07-11T05:11:15.280+0000] {dag.py:3239} INFO - Sync 1 DAGs
[2026-07-11T05:11:15.287+0000] {logging_mixin.py:190} INFO - [2026-07-11T05:11:15.287+0000] {dag.py:4180} INFO - Setting next_dagrun for dag_extract_catalogs to 2026-07-10 01:00:00+00:00, run_after=2026-07-11 01:00:00+00:00
[2026-07-11T05:11:15.291+0000] {processor.py:208} INFO - Processing /opt/airflow/dags/dag_extract_catalogs.py took 0.030 seconds
[2026-07-11T05:11:45.743+0000] {processor.py:186} INFO - Started process (PID=27843) to work on /opt/airflow/dags/dag_extract_catalogs.py
[2026-07-11T05:11:45.743+0000] {processor.py:914} INFO - Processing file /opt/airflow/dags/dag_extract_catalogs.py for tasks to queue
[2026-07-11T05:11:45.744+0000] {logging_mixin.py:190} INFO - [2026-07-11T05:11:45.744+0000] {dagbag.py:588} INFO - Filling up the DagBag from /opt/airflow/dags/dag_extract_catalogs.py
[2026-07-11T05:11:45.749+0000] {processor.py:925} INFO - DAG(s) 'dag_extract_catalogs' retrieved from /opt/airflow/dags/dag_extract_catalogs.py
[2026-07-11T05:11:45.759+0000] {logging_mixin.py:190} INFO - [2026-07-11T05:11:45.759+0000] {dag.py:3239} INFO - Sync 1 DAGs
[2026-07-11T05:11:45.766+0000] {logging_mixin.py:190} INFO - [2026-07-11T05:11:45.766+0000] {dag.py:4180} INFO - Setting next_dagrun for dag_extract_catalogs to 2026-07-10 01:00:00+00:00, run_after=2026-07-11 01:00:00+00:00
[2026-07-11T05:11:45.772+0000] {processor.py:208} INFO - Processing /opt/airflow/dags/dag_extract_catalogs.py took 0.031 seconds
[2026-07-11T05:12:16.178+0000] {processor.py:186} INFO - Started process (PID=27863) to work on /opt/airflow/dags/dag_extract_catalogs.py
[2026-07-11T05:12:16.178+0000] {processor.py:914} INFO - Processing file /opt/airflow/dags/dag_extract_catalogs.py for tasks to queue
[2026-07-11T05:12:16.179+0000] {logging_mixin.py:190} INFO - [2026-07-11T05:12:16.179+0000] {dagbag.py:588} INFO - Filling up the DagBag from /opt/airflow/dags/dag_extract_catalogs.py
[2026-07-11T05:12:16.184+0000] {processor.py:925} INFO - DAG(s) 'dag_extract_catalogs' retrieved from /opt/airflow/dags/dag_extract_catalogs.py
[2026-07-11T05:12:16.193+0000] {logging_mixin.py:190} INFO - [2026-07-11T05:12:16.193+0000] {dag.py:3239} INFO - Sync 1 DAGs
[2026-07-11T05:12:16.200+0000] {logging_mixin.py:190} INFO - [2026-07-11T05:12:16.200+0000] {dag.py:4180} INFO - Setting next_dagrun for dag_extract_catalogs to 2026-07-10 01:00:00+00:00, run_after=2026-07-11 01:00:00+00:00
[2026-07-11T05:12:16.205+0000] {processor.py:208} INFO - Processing /opt/airflow/dags/dag_extract_catalogs.py took 0.030 seconds
[2026-07-11T05:12:46.559+0000] {processor.py:186} INFO - Started process (PID=27881) to work on /opt/airflow/dags/dag_extract_catalogs.py
[2026-07-11T05:12:46.560+0000] {processor.py:914} INFO - Processing file /opt/airflow/dags/dag_extract_catalogs.py for tasks to queue
[2026-07-11T05:12:46.561+0000] {logging_mixin.py:190} INFO - [2026-07-11T05:12:46.561+0000] {dagbag.py:588} INFO - Filling up the DagBag from /opt/airflow/dags/dag_extract_catalogs.py
[2026-07-11T05:12:46.568+0000] {processor.py:925} INFO - DAG(s) 'dag_extract_catalogs' retrieved from /opt/airflow/dags/dag_extract_catalogs.py
[2026-07-11T05:12:46.584+0000] {logging_mixin.py:190} INFO - [2026-07-11T05:12:46.584+0000] {dag.py:3239} INFO - Sync 1 DAGs
[2026-07-11T05:12:46.593+0000] {logging_mixin.py:190} INFO - [2026-07-11T05:12:46.593+0000] {dag.py:4180} INFO - Setting next_dagrun for dag_extract_catalogs to 2026-07-10 01:00:00+00:00, run_after=2026-07-11 01:00:00+00:00
[2026-07-11T05:12:46.599+0000] {processor.py:208} INFO - Processing /opt/airflow/dags/dag_extract_catalogs.py took 0.043 seconds
[2026-07-11T05:13:17.051+0000] {processor.py:186} INFO - Started process (PID=27903) to work on /opt/airflow/dags/dag_extract_catalogs.py
[2026-07-11T05:13:17.052+0000] {processor.py:914} INFO - Processing file /opt/airflow/dags/dag_extract_catalogs.py for tasks to queue
[2026-07-11T05:13:17.053+0000] {logging_mixin.py:190} INFO - [2026-07-11T05:13:17.053+0000] {dagbag.py:588} INFO - Filling up the DagBag from /opt/airflow/dags/dag_extract_catalogs.py
[2026-07-11T05:13:17.057+0000] {processor.py:925} INFO - DAG(s) 'dag_extract_catalogs' retrieved from /opt/airflow/dags/dag_extract_catalogs.py
[2026-07-11T05:13:17.068+0000] {logging_mixin.py:190} INFO - [2026-07-11T05:13:17.067+0000] {dag.py:3239} INFO - Sync 1 DAGs
[2026-07-11T05:13:17.075+0000] {logging_mixin.py:190} INFO - [2026-07-11T05:13:17.075+0000] {dag.py:4180} INFO - Setting next_dagrun for dag_extract_catalogs to 2026-07-10 01:00:00+00:00, run_after=2026-07-11 01:00:00+00:00
[2026-07-11T05:13:17.080+0000] {processor.py:208} INFO - Processing /opt/airflow/dags/dag_extract_catalogs.py took 0.031 seconds
[2026-07-11T05:13:47.454+0000] {processor.py:186} INFO - Started process (PID=27921) to work on /opt/airflow/dags/dag_extract_catalogs.py
[2026-07-11T05:13:47.455+0000] {processor.py:914} INFO - Processing file /opt/airflow/dags/dag_extract_catalogs.py for tasks to queue
[2026-07-11T05:13:47.456+0000] {logging_mixin.py:190} INFO - [2026-07-11T05:13:47.456+0000] {dagbag.py:588} INFO - Filling up the DagBag from /opt/airflow/dags/dag_extract_catalogs.py
[2026-07-11T05:13:47.463+0000] {processor.py:925} INFO - DAG(s) 'dag_extract_catalogs' retrieved from /opt/airflow/dags/dag_extract_catalogs.py
[2026-07-11T05:13:47.475+0000] {logging_mixin.py:190} INFO - [2026-07-11T05:13:47.475+0000] {dag.py:3239} INFO - Sync 1 DAGs
[2026-07-11T05:13:47.484+0000] {logging_mixin.py:190} INFO - [2026-07-11T05:13:47.484+0000] {dag.py:4180} INFO - Setting next_dagrun for dag_extract_catalogs to 2026-07-10 01:00:00+00:00, run_after=2026-07-11 01:00:00+00:00
[2026-07-11T05:13:47.491+0000] {processor.py:208} INFO - Processing /opt/airflow/dags/dag_extract_catalogs.py took 0.040 seconds
[2026-07-11T05:14:17.924+0000] {processor.py:186} INFO - Started process (PID=27943) to work on /opt/airflow/dags/dag_extract_catalogs.py
[2026-07-11T05:14:17.924+0000] {processor.py:914} INFO - Processing file /opt/airflow/dags/dag_extract_catalogs.py for tasks to queue
[2026-07-11T05:14:17.925+0000] {logging_mixin.py:190} INFO - [2026-07-11T05:14:17.925+0000] {dagbag.py:588} INFO - Filling up the DagBag from /opt/airflow/dags/dag_extract_catalogs.py
[2026-07-11T05:14:17.930+0000] {processor.py:925} INFO - DAG(s) 'dag_extract_catalogs' retrieved from /opt/airflow/dags/dag_extract_catalogs.py
[2026-07-11T05:14:17.940+0000] {logging_mixin.py:190} INFO - [2026-07-11T05:14:17.940+0000] {dag.py:3239} INFO - Sync 1 DAGs
[2026-07-11T05:14:17.948+0000] {logging_mixin.py:190} INFO - [2026-07-11T05:14:17.947+0000] {dag.py:4180} INFO - Setting next_dagrun for dag_extract_catalogs to 2026-07-10 01:00:00+00:00, run_after=2026-07-11 01:00:00+00:00
[2026-07-11T05:14:17.952+0000] {processor.py:208} INFO - Processing /opt/airflow/dags/dag_extract_catalogs.py took 0.031 seconds
[2026-07-11T05:14:48.364+0000] {processor.py:186} INFO - Started process (PID=27963) to work on /opt/airflow/dags/dag_extract_catalogs.py
[2026-07-11T05:14:48.365+0000] {processor.py:914} INFO - Processing file /opt/airflow/dags/dag_extract_catalogs.py for tasks to queue
[2026-07-11T05:14:48.366+0000] {logging_mixin.py:190} INFO - [2026-07-11T05:14:48.365+0000] {dagbag.py:588} INFO - Filling up the DagBag from /opt/airflow/dags/dag_extract_catalogs.py
[2026-07-11T05:14:48.370+0000] {processor.py:925} INFO - DAG(s) 'dag_extract_catalogs' retrieved from /opt/airflow/dags/dag_extract_catalogs.py
[2026-07-11T05:14:48.380+0000] {logging_mixin.py:190} INFO - [2026-07-11T05:14:48.380+0000] {dag.py:3239} INFO - Sync 1 DAGs
[2026-07-11T05:14:48.387+0000] {logging_mixin.py:190} INFO - [2026-07-11T05:14:48.387+0000] {dag.py:4180} INFO - Setting next_dagrun for dag_extract_catalogs to 2026-07-10 01:00:00+00:00, run_after=2026-07-11 01:00:00+00:00
[2026-07-11T05:14:48.392+0000] {processor.py:208} INFO - Processing /opt/airflow/dags/dag_extract_catalogs.py took 0.030 seconds
[2026-07-11T05:15:18.817+0000] {processor.py:186} INFO - Started process (PID=27983) to work on /opt/airflow/dags/dag_extract_catalogs.py
[2026-07-11T05:15:18.817+0000] {processor.py:914} INFO - Processing file /opt/airflow/dags/dag_extract_catalogs.py for tasks to queue
[2026-07-11T05:15:18.818+0000] {logging_mixin.py:190} INFO - [2026-07-11T05:15:18.818+0000] {dagbag.py:588} INFO - Filling up the DagBag from /opt/airflow/dags/dag_extract_catalogs.py
[2026-07-11T05:15:18.823+0000] {processor.py:925} INFO - DAG(s) 'dag_extract_catalogs' retrieved from /opt/airflow/dags/dag_extract_catalogs.py
[2026-07-11T05:15:18.833+0000] {logging_mixin.py:190} INFO - [2026-07-11T05:15:18.833+0000] {dag.py:3239} INFO - Sync 1 DAGs
[2026-07-11T05:15:18.840+0000] {logging_mixin.py:190} INFO - [2026-07-11T05:15:18.840+0000] {dag.py:4180} INFO - Setting next_dagrun for dag_extract_catalogs to 2026-07-10 01:00:00+00:00, run_after=2026-07-11 01:00:00+00:00
[2026-07-11T05:15:18.845+0000] {processor.py:208} INFO - Processing /opt/airflow/dags/dag_extract_catalogs.py took 0.031 seconds
[2026-07-11T05:15:49.157+0000] {processor.py:186} INFO - Started process (PID=28001) to work on /opt/airflow/dags/dag_extract_catalogs.py
[2026-07-11T05:15:49.158+0000] {processor.py:914} INFO - Processing file /opt/airflow/dags/dag_extract_catalogs.py for tasks to queue
[2026-07-11T05:15:49.159+0000] {logging_mixin.py:190} INFO - [2026-07-11T05:15:49.158+0000] {dagbag.py:588} INFO - Filling up the DagBag from /opt/airflow/dags/dag_extract_catalogs.py
[2026-07-11T05:15:49.164+0000] {processor.py:925} INFO - DAG(s) 'dag_extract_catalogs' retrieved from /opt/airflow/dags/dag_extract_catalogs.py
[2026-07-11T05:15:49.178+0000] {logging_mixin.py:190} INFO - [2026-07-11T05:15:49.178+0000] {dag.py:3239} INFO - Sync 1 DAGs
[2026-07-11T05:15:49.186+0000] {logging_mixin.py:190} INFO - [2026-07-11T05:15:49.185+0000] {dag.py:4180} INFO - Setting next_dagrun for dag_extract_catalogs to 2026-07-10 01:00:00+00:00, run_after=2026-07-11 01:00:00+00:00
[2026-07-11T05:15:49.194+0000] {processor.py:208} INFO - Processing /opt/airflow/dags/dag_extract_catalogs.py took 0.041 seconds
[2026-07-11T05:16:19.671+0000] {processor.py:186} INFO - Started process (PID=28023) to work on /opt/airflow/dags/dag_extract_catalogs.py
[2026-07-11T05:16:19.672+0000] {processor.py:914} INFO - Processing file /opt/airflow/dags/dag_extract_catalogs.py for tasks to queue
[2026-07-11T05:16:19.673+0000] {logging_mixin.py:190} INFO - [2026-07-11T05:16:19.672+0000] {dagbag.py:588} INFO - Filling up the DagBag from /opt/airflow/dags/dag_extract_catalogs.py
[2026-07-11T05:16:19.678+0000] {processor.py:925} INFO - DAG(s) 'dag_extract_catalogs' retrieved from /opt/airflow/dags/dag_extract_catalogs.py
[2026-07-11T05:16:19.688+0000] {logging_mixin.py:190} INFO - [2026-07-11T05:16:19.687+0000] {dag.py:3239} INFO - Sync 1 DAGs
[2026-07-11T05:16:19.695+0000] {logging_mixin.py:190} INFO - [2026-07-11T05:16:19.695+0000] {dag.py:4180} INFO - Setting next_dagrun for dag_extract_catalogs to 2026-07-10 01:00:00+00:00, run_after=2026-07-11 01:00:00+00:00
[2026-07-11T05:16:19.700+0000] {processor.py:208} INFO - Processing /opt/airflow/dags/dag_extract_catalogs.py took 0.031 seconds
[2026-07-11T05:16:50.148+0000] {processor.py:186} INFO - Started process (PID=28043) to work on /opt/airflow/dags/dag_extract_catalogs.py
[2026-07-11T05:16:50.149+0000] {processor.py:914} INFO - Processing file /opt/airflow/dags/dag_extract_catalogs.py for tasks to queue
[2026-07-11T05:16:50.150+0000] {logging_mixin.py:190} INFO - [2026-07-11T05:16:50.150+0000] {dagbag.py:588} INFO - Filling up the DagBag from /opt/airflow/dags/dag_extract_catalogs.py
[2026-07-11T05:16:50.155+0000] {processor.py:925} INFO - DAG(s) 'dag_extract_catalogs' retrieved from /opt/airflow/dags/dag_extract_catalogs.py
[2026-07-11T05:16:50.165+0000] {logging_mixin.py:190} INFO - [2026-07-11T05:16:50.165+0000] {dag.py:3239} INFO - Sync 1 DAGs
[2026-07-11T05:16:50.171+0000] {logging_mixin.py:190} INFO - [2026-07-11T05:16:50.171+0000] {dag.py:4180} INFO - Setting next_dagrun for dag_extract_catalogs to 2026-07-10 01:00:00+00:00, run_after=2026-07-11 01:00:00+00:00
[2026-07-11T05:16:50.176+0000] {processor.py:208} INFO - Processing /opt/airflow/dags/dag_extract_catalogs.py took 0.030 seconds
[2026-07-11T05:17:20.601+0000] {processor.py:186} INFO - Started process (PID=28063) to work on /opt/airflow/dags/dag_extract_catalogs.py
[2026-07-11T05:17:20.601+0000] {processor.py:914} INFO - Processing file /opt/airflow/dags/dag_extract_catalogs.py for tasks to queue
[2026-07-11T05:17:20.602+0000] {logging_mixin.py:190} INFO - [2026-07-11T05:17:20.602+0000] {dagbag.py:588} INFO - Filling up the DagBag from /opt/airflow/dags/dag_extract_catalogs.py
[2026-07-11T05:17:20.607+0000] {processor.py:925} INFO - DAG(s) 'dag_extract_catalogs' retrieved from /opt/airflow/dags/dag_extract_catalogs.py
[2026-07-11T05:17:20.617+0000] {logging_mixin.py:190} INFO - [2026-07-11T05:17:20.617+0000] {dag.py:3239} INFO - Sync 1 DAGs
[2026-07-11T05:17:20.624+0000] {logging_mixin.py:190} INFO - [2026-07-11T05:17:20.624+0000] {dag.py:4180} INFO - Setting next_dagrun for dag_extract_catalogs to 2026-07-10 01:00:00+00:00, run_after=2026-07-11 01:00:00+00:00
[2026-07-11T05:17:20.629+0000] {processor.py:208} INFO - Processing /opt/airflow/dags/dag_extract_catalogs.py took 0.031 seconds
[2026-07-11T05:17:51.059+0000] {processor.py:186} INFO - Started process (PID=28083) to work on /opt/airflow/dags/dag_extract_catalogs.py
[2026-07-11T05:17:51.060+0000] {processor.py:914} INFO - Processing file /opt/airflow/dags/dag_extract_catalogs.py for tasks to queue
[2026-07-11T05:17:51.060+0000] {logging_mixin.py:190} INFO - [2026-07-11T05:17:51.060+0000] {dagbag.py:588} INFO - Filling up the DagBag from /opt/airflow/dags/dag_extract_catalogs.py
[2026-07-11T05:17:51.065+0000] {processor.py:925} INFO - DAG(s) 'dag_extract_catalogs' retrieved from /opt/airflow/dags/dag_extract_catalogs.py
[2026-07-11T05:17:51.075+0000] {logging_mixin.py:190} INFO - [2026-07-11T05:17:51.075+0000] {dag.py:3239} INFO - Sync 1 DAGs
[2026-07-11T05:17:51.083+0000] {logging_mixin.py:190} INFO - [2026-07-11T05:17:51.083+0000] {dag.py:4180} INFO - Setting next_dagrun for dag_extract_catalogs to 2026-07-10 01:00:00+00:00, run_after=2026-07-11 01:00:00+00:00
[2026-07-11T05:17:51.087+0000] {processor.py:208} INFO - Processing /opt/airflow/dags/dag_extract_catalogs.py took 0.031 seconds
[2026-07-11T05:18:21.473+0000] {processor.py:186} INFO - Started process (PID=28101) to work on /opt/airflow/dags/dag_extract_catalogs.py
[2026-07-11T05:18:21.473+0000] {processor.py:914} INFO - Processing file /opt/airflow/dags/dag_extract_catalogs.py for tasks to queue
[2026-07-11T05:18:21.474+0000] {logging_mixin.py:190} INFO - [2026-07-11T05:18:21.474+0000] {dagbag.py:588} INFO - Filling up the DagBag from /opt/airflow/dags/dag_extract_catalogs.py
[2026-07-11T05:18:21.482+0000] {processor.py:925} INFO - DAG(s) 'dag_extract_catalogs' retrieved from /opt/airflow/dags/dag_extract_catalogs.py
[2026-07-11T05:18:21.495+0000] {logging_mixin.py:190} INFO - [2026-07-11T05:18:21.495+0000] {dag.py:3239} INFO - Sync 1 DAGs
[2026-07-11T05:18:21.504+0000] {logging_mixin.py:190} INFO - [2026-07-11T05:18:21.504+0000] {dag.py:4180} INFO - Setting next_dagrun for dag_extract_catalogs to 2026-07-10 01:00:00+00:00, run_after=2026-07-11 01:00:00+00:00
[2026-07-11T05:18:21.510+0000] {processor.py:208} INFO - Processing /opt/airflow/dags/dag_extract_catalogs.py took 0.040 seconds
[2026-07-11T05:18:51.973+0000] {processor.py:186} INFO - Started process (PID=28123) to work on /opt/airflow/dags/dag_extract_catalogs.py
[2026-07-11T05:18:51.973+0000] {processor.py:914} INFO - Processing file /opt/airflow/dags/dag_extract_catalogs.py for tasks to queue
[2026-07-11T05:18:51.974+0000] {logging_mixin.py:190} INFO - [2026-07-11T05:18:51.974+0000] {dagbag.py:588} INFO - Filling up the DagBag from /opt/airflow/dags/dag_extract_catalogs.py
[2026-07-11T05:18:51.979+0000] {processor.py:925} INFO - DAG(s) 'dag_extract_catalogs' retrieved from /opt/airflow/dags/dag_extract_catalogs.py
[2026-07-11T05:18:51.989+0000] {logging_mixin.py:190} INFO - [2026-07-11T05:18:51.989+0000] {dag.py:3239} INFO - Sync 1 DAGs
[2026-07-11T05:18:51.996+0000] {logging_mixin.py:190} INFO - [2026-07-11T05:18:51.996+0000] {dag.py:4180} INFO - Setting next_dagrun for dag_extract_catalogs to 2026-07-10 01:00:00+00:00, run_after=2026-07-11 01:00:00+00:00
[2026-07-11T05:18:52.001+0000] {processor.py:208} INFO - Processing /opt/airflow/dags/dag_extract_catalogs.py took 0.030 seconds
[2026-07-11T05:19:22.381+0000] {processor.py:186} INFO - Started process (PID=28141) to work on /opt/airflow/dags/dag_extract_catalogs.py
[2026-07-11T05:19:22.381+0000] {processor.py:914} INFO - Processing file /opt/airflow/dags/dag_extract_catalogs.py for tasks to queue
[2026-07-11T05:19:22.383+0000] {logging_mixin.py:190} INFO - [2026-07-11T05:19:22.382+0000] {dagbag.py:588} INFO - Filling up the DagBag from /opt/airflow/dags/dag_extract_catalogs.py
[2026-07-11T05:19:22.389+0000] {processor.py:925} INFO - DAG(s) 'dag_extract_catalogs' retrieved from /opt/airflow/dags/dag_extract_catalogs.py
[2026-07-11T05:19:22.404+0000] {logging_mixin.py:190} INFO - [2026-07-11T05:19:22.404+0000] {dag.py:3239} INFO - Sync 1 DAGs
[2026-07-11T05:19:22.415+0000] {logging_mixin.py:190} INFO - [2026-07-11T05:19:22.414+0000] {dag.py:4180} INFO - Setting next_dagrun for dag_extract_catalogs to 2026-07-10 01:00:00+00:00, run_after=2026-07-11 01:00:00+00:00
[2026-07-11T05:19:22.420+0000] {processor.py:208} INFO - Processing /opt/airflow/dags/dag_extract_catalogs.py took 0.042 seconds
[2026-07-11T05:19:52.878+0000] {processor.py:186} INFO - Started process (PID=28163) to work on /opt/airflow/dags/dag_extract_catalogs.py
[2026-07-11T05:19:52.879+0000] {processor.py:914} INFO - Processing file /opt/airflow/dags/dag_extract_catalogs.py for tasks to queue
[2026-07-11T05:19:52.879+0000] {logging_mixin.py:190} INFO - [2026-07-11T05:19:52.879+0000] {dagbag.py:588} INFO - Filling up the DagBag from /opt/airflow/dags/dag_extract_catalogs.py
[2026-07-11T05:19:52.884+0000] {processor.py:925} INFO - DAG(s) 'dag_extract_catalogs' retrieved from /opt/airflow/dags/dag_extract_catalogs.py
[2026-07-11T05:19:52.894+0000] {logging_mixin.py:190} INFO - [2026-07-11T05:19:52.894+0000] {dag.py:3239} INFO - Sync 1 DAGs
[2026-07-11T05:19:52.901+0000] {logging_mixin.py:190} INFO - [2026-07-11T05:19:52.901+0000] {dag.py:4180} INFO - Setting next_dagrun for dag_extract_catalogs to 2026-07-10 01:00:00+00:00, run_after=2026-07-11 01:00:00+00:00
[2026-07-11T05:19:52.906+0000] {processor.py:208} INFO - Processing /opt/airflow/dags/dag_extract_catalogs.py took 0.030 seconds
[2026-07-11T05:20:23.271+0000] {processor.py:186} INFO - Started process (PID=28183) to work on /opt/airflow/dags/dag_extract_catalogs.py
[2026-07-11T05:20:23.271+0000] {processor.py:914} INFO - Processing file /opt/airflow/dags/dag_extract_catalogs.py for tasks to queue
[2026-07-11T05:20:23.272+0000] {logging_mixin.py:190} INFO - [2026-07-11T05:20:23.272+0000] {dagbag.py:588} INFO - Filling up the DagBag from /opt/airflow/dags/dag_extract_catalogs.py
[2026-07-11T05:20:23.277+0000] {processor.py:925} INFO - DAG(s) 'dag_extract_catalogs' retrieved from /opt/airflow/dags/dag_extract_catalogs.py
[2026-07-11T05:20:23.287+0000] {logging_mixin.py:190} INFO - [2026-07-11T05:20:23.287+0000] {dag.py:3239} INFO - Sync 1 DAGs
[2026-07-11T05:20:23.294+0000] {logging_mixin.py:190} INFO - [2026-07-11T05:20:23.294+0000] {dag.py:4180} INFO - Setting next_dagrun for dag_extract_catalogs to 2026-07-10 01:00:00+00:00, run_after=2026-07-11 01:00:00+00:00
[2026-07-11T05:20:23.299+0000] {processor.py:208} INFO - Processing /opt/airflow/dags/dag_extract_catalogs.py took 0.030 seconds
[2026-07-11T05:20:53.725+0000] {processor.py:186} INFO - Started process (PID=28203) to work on /opt/airflow/dags/dag_extract_catalogs.py
[2026-07-11T05:20:53.725+0000] {processor.py:914} INFO - Processing file /opt/airflow/dags/dag_extract_catalogs.py for tasks to queue
[2026-07-11T05:20:53.726+0000] {logging_mixin.py:190} INFO - [2026-07-11T05:20:53.726+0000] {dagbag.py:588} INFO - Filling up the DagBag from /opt/airflow/dags/dag_extract_catalogs.py
[2026-07-11T05:20:53.731+0000] {processor.py:925} INFO - DAG(s) 'dag_extract_catalogs' retrieved from /opt/airflow/dags/dag_extract_catalogs.py
[2026-07-11T05:20:53.741+0000] {logging_mixin.py:190} INFO - [2026-07-11T05:20:53.741+0000] {dag.py:3239} INFO - Sync 1 DAGs
[2026-07-11T05:20:53.749+0000] {logging_mixin.py:190} INFO - [2026-07-11T05:20:53.749+0000] {dag.py:4180} INFO - Setting next_dagrun for dag_extract_catalogs to 2026-07-10 01:00:00+00:00, run_after=2026-07-11 01:00:00+00:00
[2026-07-11T05:20:53.753+0000] {processor.py:208} INFO - Processing /opt/airflow/dags/dag_extract_catalogs.py took 0.031 seconds
[2026-07-11T05:21:24.081+0000] {processor.py:186} INFO - Started process (PID=28221) to work on /opt/airflow/dags/dag_extract_catalogs.py
[2026-07-11T05:21:24.083+0000] {processor.py:914} INFO - Processing file /opt/airflow/dags/dag_extract_catalogs.py for tasks to queue
[2026-07-11T05:21:24.084+0000] {logging_mixin.py:190} INFO - [2026-07-11T05:21:24.084+0000] {dagbag.py:588} INFO - Filling up the DagBag from /opt/airflow/dags/dag_extract_catalogs.py
[2026-07-11T05:21:24.090+0000] {processor.py:925} INFO - DAG(s) 'dag_extract_catalogs' retrieved from /opt/airflow/dags/dag_extract_catalogs.py
[2026-07-11T05:21:24.103+0000] {logging_mixin.py:190} INFO - [2026-07-11T05:21:24.103+0000] {dag.py:3239} INFO - Sync 1 DAGs
[2026-07-11T05:21:24.110+0000] {logging_mixin.py:190} INFO - [2026-07-11T05:21:24.110+0000] {dag.py:4180} INFO - Setting next_dagrun for dag_extract_catalogs to 2026-07-10 01:00:00+00:00, run_after=2026-07-11 01:00:00+00:00
[2026-07-11T05:21:24.119+0000] {processor.py:208} INFO - Processing /opt/airflow/dags/dag_extract_catalogs.py took 0.041 seconds
[2026-07-11T05:21:54.545+0000] {processor.py:186} INFO - Started process (PID=28241) to work on /opt/airflow/dags/dag_extract_catalogs.py
[2026-07-11T05:21:54.546+0000] {processor.py:914} INFO - Processing file /opt/airflow/dags/dag_extract_catalogs.py for tasks to queue
[2026-07-11T05:21:54.547+0000] {logging_mixin.py:190} INFO - [2026-07-11T05:21:54.547+0000] {dagbag.py:588} INFO - Filling up the DagBag from /opt/airflow/dags/dag_extract_catalogs.py
[2026-07-11T05:21:54.554+0000] {processor.py:925} INFO - DAG(s) 'dag_extract_catalogs' retrieved from /opt/airflow/dags/dag_extract_catalogs.py
[2026-07-11T05:21:54.566+0000] {logging_mixin.py:190} INFO - [2026-07-11T05:21:54.566+0000] {dag.py:3239} INFO - Sync 1 DAGs
[2026-07-11T05:21:54.573+0000] {logging_mixin.py:190} INFO - [2026-07-11T05:21:54.573+0000] {dag.py:4180} INFO - Setting next_dagrun for dag_extract_catalogs to 2026-07-10 01:00:00+00:00, run_after=2026-07-11 01:00:00+00:00
[2026-07-11T05:21:54.582+0000] {processor.py:208} INFO - Processing /opt/airflow/dags/dag_extract_catalogs.py took 0.039 seconds
[2026-07-11T05:22:25.038+0000] {processor.py:186} INFO - Started process (PID=28263) to work on /opt/airflow/dags/dag_extract_catalogs.py
[2026-07-11T05:22:25.039+0000] {processor.py:914} INFO - Processing file /opt/airflow/dags/dag_extract_catalogs.py for tasks to queue
[2026-07-11T05:22:25.040+0000] {logging_mixin.py:190} INFO - [2026-07-11T05:22:25.039+0000] {dagbag.py:588} INFO - Filling up the DagBag from /opt/airflow/dags/dag_extract_catalogs.py
[2026-07-11T05:22:25.044+0000] {processor.py:925} INFO - DAG(s) 'dag_extract_catalogs' retrieved from /opt/airflow/dags/dag_extract_catalogs.py
[2026-07-11T05:22:25.054+0000] {logging_mixin.py:190} INFO - [2026-07-11T05:22:25.054+0000] {dag.py:3239} INFO - Sync 1 DAGs
[2026-07-11T05:22:25.062+0000] {logging_mixin.py:190} INFO - [2026-07-11T05:22:25.061+0000] {dag.py:4180} INFO - Setting next_dagrun for dag_extract_catalogs to 2026-07-10 01:00:00+00:00, run_after=2026-07-11 01:00:00+00:00
[2026-07-11T05:22:25.066+0000] {processor.py:208} INFO - Processing /opt/airflow/dags/dag_extract_catalogs.py took 0.030 seconds
[2026-07-11T05:22:55.493+0000] {processor.py:186} INFO - Started process (PID=28283) to work on /opt/airflow/dags/dag_extract_catalogs.py
[2026-07-11T05:22:55.493+0000] {processor.py:914} INFO - Processing file /opt/airflow/dags/dag_extract_catalogs.py for tasks to queue
[2026-07-11T05:22:55.494+0000] {logging_mixin.py:190} INFO - [2026-07-11T05:22:55.494+0000] {dagbag.py:588} INFO - Filling up the DagBag from /opt/airflow/dags/dag_extract_catalogs.py
[2026-07-11T05:22:55.499+0000] {processor.py:925} INFO - DAG(s) 'dag_extract_catalogs' retrieved from /opt/airflow/dags/dag_extract_catalogs.py
[2026-07-11T05:22:55.511+0000] {logging_mixin.py:190} INFO - [2026-07-11T05:22:55.510+0000] {dag.py:3239} INFO - Sync 1 DAGs
[2026-07-11T05:22:55.519+0000] {logging_mixin.py:190} INFO - [2026-07-11T05:22:55.519+0000] {dag.py:4180} INFO - Setting next_dagrun for dag_extract_catalogs to 2026-07-10 01:00:00+00:00, run_after=2026-07-11 01:00:00+00:00
[2026-07-11T05:22:55.523+0000] {processor.py:208} INFO - Processing /opt/airflow/dags/dag_extract_catalogs.py took 0.033 seconds
[2026-07-11T05:23:25.973+0000] {processor.py:186} INFO - Started process (PID=28303) to work on /opt/airflow/dags/dag_extract_catalogs.py
[2026-07-11T05:23:25.973+0000] {processor.py:914} INFO - Processing file /opt/airflow/dags/dag_extract_catalogs.py for tasks to queue
[2026-07-11T05:23:25.974+0000] {logging_mixin.py:190} INFO - [2026-07-11T05:23:25.974+0000] {dagbag.py:588} INFO - Filling up the DagBag from /opt/airflow/dags/dag_extract_catalogs.py
[2026-07-11T05:23:25.979+0000] {processor.py:925} INFO - DAG(s) 'dag_extract_catalogs' retrieved from /opt/airflow/dags/dag_extract_catalogs.py
[2026-07-11T05:23:25.990+0000] {logging_mixin.py:190} INFO - [2026-07-11T05:23:25.989+0000] {dag.py:3239} INFO - Sync 1 DAGs
[2026-07-11T05:23:25.996+0000] {logging_mixin.py:190} INFO - [2026-07-11T05:23:25.996+0000] {dag.py:4180} INFO - Setting next_dagrun for dag_extract_catalogs to 2026-07-10 01:00:00+00:00, run_after=2026-07-11 01:00:00+00:00
[2026-07-11T05:23:26.001+0000] {processor.py:208} INFO - Processing /opt/airflow/dags/dag_extract_catalogs.py took 0.031 seconds
[2026-07-11T05:23:56.339+0000] {processor.py:186} INFO - Started process (PID=28321) to work on /opt/airflow/dags/dag_extract_catalogs.py
[2026-07-11T05:23:56.340+0000] {processor.py:914} INFO - Processing file /opt/airflow/dags/dag_extract_catalogs.py for tasks to queue
[2026-07-11T05:23:56.341+0000] {logging_mixin.py:190} INFO - [2026-07-11T05:23:56.341+0000] {dagbag.py:588} INFO - Filling up the DagBag from /opt/airflow/dags/dag_extract_catalogs.py
[2026-07-11T05:23:56.348+0000] {processor.py:925} INFO - DAG(s) 'dag_extract_catalogs' retrieved from /opt/airflow/dags/dag_extract_catalogs.py
[2026-07-11T05:23:56.360+0000] {logging_mixin.py:190} INFO - [2026-07-11T05:23:56.360+0000] {dag.py:3239} INFO - Sync 1 DAGs
[2026-07-11T05:23:56.370+0000] {logging_mixin.py:190} INFO - [2026-07-11T05:23:56.370+0000] {dag.py:4180} INFO - Setting next_dagrun for dag_extract_catalogs to 2026-07-10 01:00:00+00:00, run_after=2026-07-11 01:00:00+00:00
[2026-07-11T05:23:56.375+0000] {processor.py:208} INFO - Processing /opt/airflow/dags/dag_extract_catalogs.py took 0.038 seconds
[2026-07-11T05:24:26.858+0000] {processor.py:186} INFO - Started process (PID=28343) to work on /opt/airflow/dags/dag_extract_catalogs.py
[2026-07-11T05:24:26.859+0000] {processor.py:914} INFO - Processing file /opt/airflow/dags/dag_extract_catalogs.py for tasks to queue
[2026-07-11T05:24:26.860+0000] {logging_mixin.py:190} INFO - [2026-07-11T05:24:26.859+0000] {dagbag.py:588} INFO - Filling up the DagBag from /opt/airflow/dags/dag_extract_catalogs.py
[2026-07-11T05:24:26.864+0000] {processor.py:925} INFO - DAG(s) 'dag_extract_catalogs' retrieved from /opt/airflow/dags/dag_extract_catalogs.py
[2026-07-11T05:24:26.874+0000] {logging_mixin.py:190} INFO - [2026-07-11T05:24:26.874+0000] {dag.py:3239} INFO - Sync 1 DAGs
[2026-07-11T05:24:26.881+0000] {logging_mixin.py:190} INFO - [2026-07-11T05:24:26.881+0000] {dag.py:4180} INFO - Setting next_dagrun for dag_extract_catalogs to 2026-07-10 01:00:00+00:00, run_after=2026-07-11 01:00:00+00:00
[2026-07-11T05:24:26.886+0000] {processor.py:208} INFO - Processing /opt/airflow/dags/dag_extract_catalogs.py took 0.030 seconds
[2026-07-11T05:24:57.351+0000] {processor.py:186} INFO - Started process (PID=28363) to work on /opt/airflow/dags/dag_extract_catalogs.py
[2026-07-11T05:24:57.352+0000] {processor.py:914} INFO - Processing file /opt/airflow/dags/dag_extract_catalogs.py for tasks to queue
[2026-07-11T05:24:57.353+0000] {logging_mixin.py:190} INFO - [2026-07-11T05:24:57.353+0000] {dagbag.py:588} INFO - Filling up the DagBag from /opt/airflow/dags/dag_extract_catalogs.py
[2026-07-11T05:24:57.359+0000] {processor.py:925} INFO - DAG(s) 'dag_extract_catalogs' retrieved from /opt/airflow/dags/dag_extract_catalogs.py
[2026-07-11T05:24:57.372+0000] {logging_mixin.py:190} INFO - [2026-07-11T05:24:57.372+0000] {dag.py:3239} INFO - Sync 1 DAGs
[2026-07-11T05:24:57.380+0000] {logging_mixin.py:190} INFO - [2026-07-11T05:24:57.380+0000] {dag.py:4180} INFO - Setting next_dagrun for dag_extract_catalogs to 2026-07-10 01:00:00+00:00, run_after=2026-07-11 01:00:00+00:00
[2026-07-11T05:24:57.386+0000] {processor.py:208} INFO - Processing /opt/airflow/dags/dag_extract_catalogs.py took 0.038 seconds
[2026-07-11T05:25:27.808+0000] {processor.py:186} INFO - Started process (PID=28383) to work on /opt/airflow/dags/dag_extract_catalogs.py
[2026-07-11T05:25:27.808+0000] {processor.py:914} INFO - Processing file /opt/airflow/dags/dag_extract_catalogs.py for tasks to queue
[2026-07-11T05:25:27.809+0000] {logging_mixin.py:190} INFO - [2026-07-11T05:25:27.809+0000] {dagbag.py:588} INFO - Filling up the DagBag from /opt/airflow/dags/dag_extract_catalogs.py
[2026-07-11T05:25:27.814+0000] {processor.py:925} INFO - DAG(s) 'dag_extract_catalogs' retrieved from /opt/airflow/dags/dag_extract_catalogs.py
[2026-07-11T05:25:27.828+0000] {logging_mixin.py:190} INFO - [2026-07-11T05:25:27.827+0000] {dag.py:3239} INFO - Sync 1 DAGs
[2026-07-11T05:25:27.835+0000] {logging_mixin.py:190} INFO - [2026-07-11T05:25:27.835+0000] {dag.py:4180} INFO - Setting next_dagrun for dag_extract_catalogs to 2026-07-10 01:00:00+00:00, run_after=2026-07-11 01:00:00+00:00
[2026-07-11T05:25:27.840+0000] {processor.py:208} INFO - Processing /opt/airflow/dags/dag_extract_catalogs.py took 0.036 seconds
[2026-07-11T05:25:58.233+0000] {processor.py:186} INFO - Started process (PID=28403) to work on /opt/airflow/dags/dag_extract_catalogs.py
[2026-07-11T05:25:58.233+0000] {processor.py:914} INFO - Processing file /opt/airflow/dags/dag_extract_catalogs.py for tasks to queue
[2026-07-11T05:25:58.234+0000] {logging_mixin.py:190} INFO - [2026-07-11T05:25:58.234+0000] {dagbag.py:588} INFO - Filling up the DagBag from /opt/airflow/dags/dag_extract_catalogs.py
[2026-07-11T05:25:58.239+0000] {processor.py:925} INFO - DAG(s) 'dag_extract_catalogs' retrieved from /opt/airflow/dags/dag_extract_catalogs.py
[2026-07-11T05:25:58.249+0000] {logging_mixin.py:190} INFO - [2026-07-11T05:25:58.248+0000] {dag.py:3239} INFO - Sync 1 DAGs
[2026-07-11T05:25:58.256+0000] {logging_mixin.py:190} INFO - [2026-07-11T05:25:58.256+0000] {dag.py:4180} INFO - Setting next_dagrun for dag_extract_catalogs to 2026-07-10 01:00:00+00:00, run_after=2026-07-11 01:00:00+00:00
[2026-07-11T05:25:58.261+0000] {processor.py:208} INFO - Processing /opt/airflow/dags/dag_extract_catalogs.py took 0.030 seconds
[2026-07-11T05:26:28.699+0000] {processor.py:186} INFO - Started process (PID=28423) to work on /opt/airflow/dags/dag_extract_catalogs.py
[2026-07-11T05:26:28.699+0000] {processor.py:914} INFO - Processing file /opt/airflow/dags/dag_extract_catalogs.py for tasks to queue
[2026-07-11T05:26:28.700+0000] {logging_mixin.py:190} INFO - [2026-07-11T05:26:28.700+0000] {dagbag.py:588} INFO - Filling up the DagBag from /opt/airflow/dags/dag_extract_catalogs.py
[2026-07-11T05:26:28.705+0000] {processor.py:925} INFO - DAG(s) 'dag_extract_catalogs' retrieved from /opt/airflow/dags/dag_extract_catalogs.py
[2026-07-11T05:26:28.715+0000] {logging_mixin.py:190} INFO - [2026-07-11T05:26:28.715+0000] {dag.py:3239} INFO - Sync 1 DAGs
[2026-07-11T05:26:28.722+0000] {logging_mixin.py:190} INFO - [2026-07-11T05:26:28.722+0000] {dag.py:4180} INFO - Setting next_dagrun for dag_extract_catalogs to 2026-07-10 01:00:00+00:00, run_after=2026-07-11 01:00:00+00:00
[2026-07-11T05:26:28.727+0000] {processor.py:208} INFO - Processing /opt/airflow/dags/dag_extract_catalogs.py took 0.030 seconds
[2026-07-11T05:26:59.211+0000] {processor.py:186} INFO - Started process (PID=28443) to work on /opt/airflow/dags/dag_extract_catalogs.py
[2026-07-11T05:26:59.212+0000] {processor.py:914} INFO - Processing file /opt/airflow/dags/dag_extract_catalogs.py for tasks to queue
[2026-07-11T05:26:59.213+0000] {logging_mixin.py:190} INFO - [2026-07-11T05:26:59.213+0000] {dagbag.py:588} INFO - Filling up the DagBag from /opt/airflow/dags/dag_extract_catalogs.py
[2026-07-11T05:26:59.218+0000] {processor.py:925} INFO - DAG(s) 'dag_extract_catalogs' retrieved from /opt/airflow/dags/dag_extract_catalogs.py
[2026-07-11T05:26:59.228+0000] {logging_mixin.py:190} INFO - [2026-07-11T05:26:59.228+0000] {dag.py:3239} INFO - Sync 1 DAGs
[2026-07-11T05:26:59.236+0000] {logging_mixin.py:190} INFO - [2026-07-11T05:26:59.236+0000] {dag.py:4180} INFO - Setting next_dagrun for dag_extract_catalogs to 2026-07-10 01:00:00+00:00, run_after=2026-07-11 01:00:00+00:00
[2026-07-11T05:26:59.242+0000] {processor.py:208} INFO - Processing /opt/airflow/dags/dag_extract_catalogs.py took 0.033 seconds
[2026-07-11T05:27:29.687+0000] {processor.py:186} INFO - Started process (PID=28463) to work on /opt/airflow/dags/dag_extract_catalogs.py
[2026-07-11T05:27:29.688+0000] {processor.py:914} INFO - Processing file /opt/airflow/dags/dag_extract_catalogs.py for tasks to queue
[2026-07-11T05:27:29.689+0000] {logging_mixin.py:190} INFO - [2026-07-11T05:27:29.688+0000] {dagbag.py:588} INFO - Filling up the DagBag from /opt/airflow/dags/dag_extract_catalogs.py
[2026-07-11T05:27:29.694+0000] {processor.py:925} INFO - DAG(s) 'dag_extract_catalogs' retrieved from /opt/airflow/dags/dag_extract_catalogs.py
[2026-07-11T05:27:29.704+0000] {logging_mixin.py:190} INFO - [2026-07-11T05:27:29.703+0000] {dag.py:3239} INFO - Sync 1 DAGs
[2026-07-11T05:27:29.710+0000] {logging_mixin.py:190} INFO - [2026-07-11T05:27:29.710+0000] {dag.py:4180} INFO - Setting next_dagrun for dag_extract_catalogs to 2026-07-10 01:00:00+00:00, run_after=2026-07-11 01:00:00+00:00
[2026-07-11T05:27:29.715+0000] {processor.py:208} INFO - Processing /opt/airflow/dags/dag_extract_catalogs.py took 0.030 seconds
[2026-07-11T05:28:00.105+0000] {processor.py:186} INFO - Started process (PID=28483) to work on /opt/airflow/dags/dag_extract_catalogs.py
[2026-07-11T05:28:00.105+0000] {processor.py:914} INFO - Processing file /opt/airflow/dags/dag_extract_catalogs.py for tasks to queue
[2026-07-11T05:28:00.106+0000] {logging_mixin.py:190} INFO - [2026-07-11T05:28:00.106+0000] {dagbag.py:588} INFO - Filling up the DagBag from /opt/airflow/dags/dag_extract_catalogs.py
[2026-07-11T05:28:00.111+0000] {processor.py:925} INFO - DAG(s) 'dag_extract_catalogs' retrieved from /opt/airflow/dags/dag_extract_catalogs.py
[2026-07-11T05:28:00.121+0000] {logging_mixin.py:190} INFO - [2026-07-11T05:28:00.121+0000] {dag.py:3239} INFO - Sync 1 DAGs
[2026-07-11T05:28:00.127+0000] {logging_mixin.py:190} INFO - [2026-07-11T05:28:00.127+0000] {dag.py:4180} INFO - Setting next_dagrun for dag_extract_catalogs to 2026-07-10 01:00:00+00:00, run_after=2026-07-11 01:00:00+00:00
[2026-07-11T05:28:00.132+0000] {processor.py:208} INFO - Processing /opt/airflow/dags/dag_extract_catalogs.py took 0.030 seconds
[2026-07-11T05:28:30.515+0000] {processor.py:186} INFO - Started process (PID=28503) to work on /opt/airflow/dags/dag_extract_catalogs.py
[2026-07-11T05:28:30.516+0000] {processor.py:914} INFO - Processing file /opt/airflow/dags/dag_extract_catalogs.py for tasks to queue
[2026-07-11T05:28:30.516+0000] {logging_mixin.py:190} INFO - [2026-07-11T05:28:30.516+0000] {dagbag.py:588} INFO - Filling up the DagBag from /opt/airflow/dags/dag_extract_catalogs.py
[2026-07-11T05:28:30.521+0000] {processor.py:925} INFO - DAG(s) 'dag_extract_catalogs' retrieved from /opt/airflow/dags/dag_extract_catalogs.py
[2026-07-11T05:28:30.531+0000] {logging_mixin.py:190} INFO - [2026-07-11T05:28:30.531+0000] {dag.py:3239} INFO - Sync 1 DAGs
[2026-07-11T05:28:30.538+0000] {logging_mixin.py:190} INFO - [2026-07-11T05:28:30.538+0000] {dag.py:4180} INFO - Setting next_dagrun for dag_extract_catalogs to 2026-07-10 01:00:00+00:00, run_after=2026-07-11 01:00:00+00:00
[2026-07-11T05:28:30.543+0000] {processor.py:208} INFO - Processing /opt/airflow/dags/dag_extract_catalogs.py took 0.030 seconds
[2026-07-11T05:29:00.963+0000] {processor.py:186} INFO - Started process (PID=28523) to work on /opt/airflow/dags/dag_extract_catalogs.py
[2026-07-11T05:29:00.963+0000] {processor.py:914} INFO - Processing file /opt/airflow/dags/dag_extract_catalogs.py for tasks to queue
[2026-07-11T05:29:00.964+0000] {logging_mixin.py:190} INFO - [2026-07-11T05:29:00.964+0000] {dagbag.py:588} INFO - Filling up the DagBag from /opt/airflow/dags/dag_extract_catalogs.py
[2026-07-11T05:29:00.969+0000] {processor.py:925} INFO - DAG(s) 'dag_extract_catalogs' retrieved from /opt/airflow/dags/dag_extract_catalogs.py
[2026-07-11T05:29:00.979+0000] {logging_mixin.py:190} INFO - [2026-07-11T05:29:00.979+0000] {dag.py:3239} INFO - Sync 1 DAGs
[2026-07-11T05:29:00.986+0000] {logging_mixin.py:190} INFO - [2026-07-11T05:29:00.986+0000] {dag.py:4180} INFO - Setting next_dagrun for dag_extract_catalogs to 2026-07-10 01:00:00+00:00, run_after=2026-07-11 01:00:00+00:00
[2026-07-11T05:29:00.991+0000] {processor.py:208} INFO - Processing /opt/airflow/dags/dag_extract_catalogs.py took 0.030 seconds
[2026-07-11T05:29:31.335+0000] {processor.py:186} INFO - Started process (PID=28541) to work on /opt/airflow/dags/dag_extract_catalogs.py
[2026-07-11T05:29:31.336+0000] {processor.py:914} INFO - Processing file /opt/airflow/dags/dag_extract_catalogs.py for tasks to queue
[2026-07-11T05:29:31.337+0000] {logging_mixin.py:190} INFO - [2026-07-11T05:29:31.337+0000] {dagbag.py:588} INFO - Filling up the DagBag from /opt/airflow/dags/dag_extract_catalogs.py
[2026-07-11T05:29:31.344+0000] {processor.py:925} INFO - DAG(s) 'dag_extract_catalogs' retrieved from /opt/airflow/dags/dag_extract_catalogs.py
[2026-07-11T05:29:31.356+0000] {logging_mixin.py:190} INFO - [2026-07-11T05:29:31.356+0000] {dag.py:3239} INFO - Sync 1 DAGs
[2026-07-11T05:29:31.364+0000] {logging_mixin.py:190} INFO - [2026-07-11T05:29:31.364+0000] {dag.py:4180} INFO - Setting next_dagrun for dag_extract_catalogs to 2026-07-10 01:00:00+00:00, run_after=2026-07-11 01:00:00+00:00
[2026-07-11T05:29:31.371+0000] {processor.py:208} INFO - Processing /opt/airflow/dags/dag_extract_catalogs.py took 0.039 seconds
[2026-07-11T05:30:01.839+0000] {processor.py:186} INFO - Started process (PID=28563) to work on /opt/airflow/dags/dag_extract_catalogs.py
[2026-07-11T05:30:01.840+0000] {processor.py:914} INFO - Processing file /opt/airflow/dags/dag_extract_catalogs.py for tasks to queue
[2026-07-11T05:30:01.840+0000] {logging_mixin.py:190} INFO - [2026-07-11T05:30:01.840+0000] {dagbag.py:588} INFO - Filling up the DagBag from /opt/airflow/dags/dag_extract_catalogs.py
[2026-07-11T05:30:01.845+0000] {processor.py:925} INFO - DAG(s) 'dag_extract_catalogs' retrieved from /opt/airflow/dags/dag_extract_catalogs.py
[2026-07-11T05:30:01.855+0000] {logging_mixin.py:190} INFO - [2026-07-11T05:30:01.855+0000] {dag.py:3239} INFO - Sync 1 DAGs
[2026-07-11T05:30:01.862+0000] {logging_mixin.py:190} INFO - [2026-07-11T05:30:01.862+0000] {dag.py:4180} INFO - Setting next_dagrun for dag_extract_catalogs to 2026-07-10 01:00:00+00:00, run_after=2026-07-11 01:00:00+00:00
[2026-07-11T05:30:01.867+0000] {processor.py:208} INFO - Processing /opt/airflow/dags/dag_extract_catalogs.py took 0.030 seconds
[2026-07-11T05:30:32.230+0000] {processor.py:186} INFO - Started process (PID=28581) to work on /opt/airflow/dags/dag_extract_catalogs.py
[2026-07-11T05:30:32.231+0000] {processor.py:914} INFO - Processing file /opt/airflow/dags/dag_extract_catalogs.py for tasks to queue
[2026-07-11T05:30:32.232+0000] {logging_mixin.py:190} INFO - [2026-07-11T05:30:32.232+0000] {dagbag.py:588} INFO - Filling up the DagBag from /opt/airflow/dags/dag_extract_catalogs.py
[2026-07-11T05:30:32.238+0000] {processor.py:925} INFO - DAG(s) 'dag_extract_catalogs' retrieved from /opt/airflow/dags/dag_extract_catalogs.py
[2026-07-11T05:30:32.249+0000] {logging_mixin.py:190} INFO - [2026-07-11T05:30:32.249+0000] {dag.py:3239} INFO - Sync 1 DAGs
[2026-07-11T05:30:32.257+0000] {logging_mixin.py:190} INFO - [2026-07-11T05:30:32.257+0000] {dag.py:4180} INFO - Setting next_dagrun for dag_extract_catalogs to 2026-07-10 01:00:00+00:00, run_after=2026-07-11 01:00:00+00:00
[2026-07-11T05:30:32.264+0000] {processor.py:208} INFO - Processing /opt/airflow/dags/dag_extract_catalogs.py took 0.037 seconds
[2026-07-11T05:31:02.688+0000] {processor.py:186} INFO - Started process (PID=28601) to work on /opt/airflow/dags/dag_extract_catalogs.py
[2026-07-11T05:31:02.688+0000] {processor.py:914} INFO - Processing file /opt/airflow/dags/dag_extract_catalogs.py for tasks to queue
[2026-07-11T05:31:02.689+0000] {logging_mixin.py:190} INFO - [2026-07-11T05:31:02.689+0000] {dagbag.py:588} INFO - Filling up the DagBag from /opt/airflow/dags/dag_extract_catalogs.py
[2026-07-11T05:31:02.697+0000] {processor.py:925} INFO - DAG(s) 'dag_extract_catalogs' retrieved from /opt/airflow/dags/dag_extract_catalogs.py
[2026-07-11T05:31:02.710+0000] {logging_mixin.py:190} INFO - [2026-07-11T05:31:02.710+0000] {dag.py:3239} INFO - Sync 1 DAGs
[2026-07-11T05:31:02.717+0000] {logging_mixin.py:190} INFO - [2026-07-11T05:31:02.717+0000] {dag.py:4180} INFO - Setting next_dagrun for dag_extract_catalogs to 2026-07-10 01:00:00+00:00, run_after=2026-07-11 01:00:00+00:00
[2026-07-11T05:31:02.724+0000] {processor.py:208} INFO - Processing /opt/airflow/dags/dag_extract_catalogs.py took 0.039 seconds
[2026-07-11T05:31:33.201+0000] {processor.py:186} INFO - Started process (PID=28623) to work on /opt/airflow/dags/dag_extract_catalogs.py
[2026-07-11T05:31:33.201+0000] {processor.py:914} INFO - Processing file /opt/airflow/dags/dag_extract_catalogs.py for tasks to queue
[2026-07-11T05:31:33.202+0000] {logging_mixin.py:190} INFO - [2026-07-11T05:31:33.202+0000] {dagbag.py:588} INFO - Filling up the DagBag from /opt/airflow/dags/dag_extract_catalogs.py
[2026-07-11T05:31:33.207+0000] {processor.py:925} INFO - DAG(s) 'dag_extract_catalogs' retrieved from /opt/airflow/dags/dag_extract_catalogs.py
[2026-07-11T05:31:33.217+0000] {logging_mixin.py:190} INFO - [2026-07-11T05:31:33.216+0000] {dag.py:3239} INFO - Sync 1 DAGs
[2026-07-11T05:31:33.224+0000] {logging_mixin.py:190} INFO - [2026-07-11T05:31:33.224+0000] {dag.py:4180} INFO - Setting next_dagrun for dag_extract_catalogs to 2026-07-10 01:00:00+00:00, run_after=2026-07-11 01:00:00+00:00
[2026-07-11T05:31:33.228+0000] {processor.py:208} INFO - Processing /opt/airflow/dags/dag_extract_catalogs.py took 0.030 seconds
[2026-07-11T05:32:03.657+0000] {processor.py:186} INFO - Started process (PID=28643) to work on /opt/airflow/dags/dag_extract_catalogs.py
[2026-07-11T05:32:03.657+0000] {processor.py:914} INFO - Processing file /opt/airflow/dags/dag_extract_catalogs.py for tasks to queue
[2026-07-11T05:32:03.658+0000] {logging_mixin.py:190} INFO - [2026-07-11T05:32:03.658+0000] {dagbag.py:588} INFO - Filling up the DagBag from /opt/airflow/dags/dag_extract_catalogs.py
[2026-07-11T05:32:03.663+0000] {processor.py:925} INFO - DAG(s) 'dag_extract_catalogs' retrieved from /opt/airflow/dags/dag_extract_catalogs.py
[2026-07-11T05:32:03.673+0000] {logging_mixin.py:190} INFO - [2026-07-11T05:32:03.673+0000] {dag.py:3239} INFO - Sync 1 DAGs
[2026-07-11T05:32:03.680+0000] {logging_mixin.py:190} INFO - [2026-07-11T05:32:03.680+0000] {dag.py:4180} INFO - Setting next_dagrun for dag_extract_catalogs to 2026-07-10 01:00:00+00:00, run_after=2026-07-11 01:00:00+00:00
[2026-07-11T05:32:03.684+0000] {processor.py:208} INFO - Processing /opt/airflow/dags/dag_extract_catalogs.py took 0.030 seconds
[2026-07-11T05:32:34.118+0000] {processor.py:186} INFO - Started process (PID=28663) to work on /opt/airflow/dags/dag_extract_catalogs.py
[2026-07-11T05:32:34.118+0000] {processor.py:914} INFO - Processing file /opt/airflow/dags/dag_extract_catalogs.py for tasks to queue
[2026-07-11T05:32:34.119+0000] {logging_mixin.py:190} INFO - [2026-07-11T05:32:34.119+0000] {dagbag.py:588} INFO - Filling up the DagBag from /opt/airflow/dags/dag_extract_catalogs.py
[2026-07-11T05:32:34.124+0000] {processor.py:925} INFO - DAG(s) 'dag_extract_catalogs' retrieved from /opt/airflow/dags/dag_extract_catalogs.py
[2026-07-11T05:32:34.134+0000] {logging_mixin.py:190} INFO - [2026-07-11T05:32:34.134+0000] {dag.py:3239} INFO - Sync 1 DAGs
[2026-07-11T05:32:34.141+0000] {logging_mixin.py:190} INFO - [2026-07-11T05:32:34.141+0000] {dag.py:4180} INFO - Setting next_dagrun for dag_extract_catalogs to 2026-07-10 01:00:00+00:00, run_after=2026-07-11 01:00:00+00:00
[2026-07-11T05:32:34.146+0000] {processor.py:208} INFO - Processing /opt/airflow/dags/dag_extract_catalogs.py took 0.031 seconds
[2026-07-11T05:33:04.658+0000] {processor.py:186} INFO - Started process (PID=28683) to work on /opt/airflow/dags/dag_extract_catalogs.py
[2026-07-11T05:33:04.658+0000] {processor.py:914} INFO - Processing file /opt/airflow/dags/dag_extract_catalogs.py for tasks to queue
[2026-07-11T05:33:04.659+0000] {logging_mixin.py:190} INFO - [2026-07-11T05:33:04.659+0000] {dagbag.py:588} INFO - Filling up the DagBag from /opt/airflow/dags/dag_extract_catalogs.py
[2026-07-11T05:33:04.664+0000] {processor.py:925} INFO - DAG(s) 'dag_extract_catalogs' retrieved from /opt/airflow/dags/dag_extract_catalogs.py
[2026-07-11T05:33:04.674+0000] {logging_mixin.py:190} INFO - [2026-07-11T05:33:04.674+0000] {dag.py:3239} INFO - Sync 1 DAGs
[2026-07-11T05:33:04.681+0000] {logging_mixin.py:190} INFO - [2026-07-11T05:33:04.681+0000] {dag.py:4180} INFO - Setting next_dagrun for dag_extract_catalogs to 2026-07-10 01:00:00+00:00, run_after=2026-07-11 01:00:00+00:00
[2026-07-11T05:33:04.685+0000] {processor.py:208} INFO - Processing /opt/airflow/dags/dag_extract_catalogs.py took 0.030 seconds
[2026-07-11T05:33:35.120+0000] {processor.py:186} INFO - Started process (PID=28703) to work on /opt/airflow/dags/dag_extract_catalogs.py
[2026-07-11T05:33:35.120+0000] {processor.py:914} INFO - Processing file /opt/airflow/dags/dag_extract_catalogs.py for tasks to queue
[2026-07-11T05:33:35.121+0000] {logging_mixin.py:190} INFO - [2026-07-11T05:33:35.121+0000] {dagbag.py:588} INFO - Filling up the DagBag from /opt/airflow/dags/dag_extract_catalogs.py
[2026-07-11T05:33:35.126+0000] {processor.py:925} INFO - DAG(s) 'dag_extract_catalogs' retrieved from /opt/airflow/dags/dag_extract_catalogs.py
[2026-07-11T05:33:35.136+0000] {logging_mixin.py:190} INFO - [2026-07-11T05:33:35.136+0000] {dag.py:3239} INFO - Sync 1 DAGs
[2026-07-11T05:33:35.142+0000] {logging_mixin.py:190} INFO - [2026-07-11T05:33:35.142+0000] {dag.py:4180} INFO - Setting next_dagrun for dag_extract_catalogs to 2026-07-10 01:00:00+00:00, run_after=2026-07-11 01:00:00+00:00
[2026-07-11T05:33:35.147+0000] {processor.py:208} INFO - Processing /opt/airflow/dags/dag_extract_catalogs.py took 0.030 seconds
[2026-07-11T05:34:05.633+0000] {processor.py:186} INFO - Started process (PID=28721) to work on /opt/airflow/dags/dag_extract_catalogs.py
[2026-07-11T05:34:05.634+0000] {processor.py:914} INFO - Processing file /opt/airflow/dags/dag_extract_catalogs.py for tasks to queue
[2026-07-11T05:34:05.636+0000] {logging_mixin.py:190} INFO - [2026-07-11T05:34:05.635+0000] {dagbag.py:588} INFO - Filling up the DagBag from /opt/airflow/dags/dag_extract_catalogs.py
[2026-07-11T05:34:05.643+0000] {processor.py:925} INFO - DAG(s) 'dag_extract_catalogs' retrieved from /opt/airflow/dags/dag_extract_catalogs.py
[2026-07-11T05:34:05.655+0000] {logging_mixin.py:190} INFO - [2026-07-11T05:34:05.655+0000] {dag.py:3239} INFO - Sync 1 DAGs
[2026-07-11T05:34:05.663+0000] {logging_mixin.py:190} INFO - [2026-07-11T05:34:05.663+0000] {dag.py:4180} INFO - Setting next_dagrun for dag_extract_catalogs to 2026-07-10 01:00:00+00:00, run_after=2026-07-11 01:00:00+00:00
[2026-07-11T05:34:05.669+0000] {processor.py:208} INFO - Processing /opt/airflow/dags/dag_extract_catalogs.py took 0.041 seconds
[2026-07-11T05:34:36.084+0000] {processor.py:186} INFO - Started process (PID=28743) to work on /opt/airflow/dags/dag_extract_catalogs.py
[2026-07-11T05:34:36.084+0000] {processor.py:914} INFO - Processing file /opt/airflow/dags/dag_extract_catalogs.py for tasks to queue
[2026-07-11T05:34:36.085+0000] {logging_mixin.py:190} INFO - [2026-07-11T05:34:36.085+0000] {dagbag.py:588} INFO - Filling up the DagBag from /opt/airflow/dags/dag_extract_catalogs.py
[2026-07-11T05:34:36.090+0000] {processor.py:925} INFO - DAG(s) 'dag_extract_catalogs' retrieved from /opt/airflow/dags/dag_extract_catalogs.py
[2026-07-11T05:34:36.100+0000] {logging_mixin.py:190} INFO - [2026-07-11T05:34:36.100+0000] {dag.py:3239} INFO - Sync 1 DAGs
[2026-07-11T05:34:36.107+0000] {logging_mixin.py:190} INFO - [2026-07-11T05:34:36.107+0000] {dag.py:4180} INFO - Setting next_dagrun for dag_extract_catalogs to 2026-07-10 01:00:00+00:00, run_after=2026-07-11 01:00:00+00:00
[2026-07-11T05:34:36.171+0000] {processor.py:208} INFO - Processing /opt/airflow/dags/dag_extract_catalogs.py took 0.090 seconds
[2026-07-11T05:35:06.619+0000] {processor.py:186} INFO - Started process (PID=28761) to work on /opt/airflow/dags/dag_extract_catalogs.py
[2026-07-11T05:35:06.620+0000] {processor.py:914} INFO - Processing file /opt/airflow/dags/dag_extract_catalogs.py for tasks to queue
[2026-07-11T05:35:06.622+0000] {logging_mixin.py:190} INFO - [2026-07-11T05:35:06.622+0000] {dagbag.py:588} INFO - Filling up the DagBag from /opt/airflow/dags/dag_extract_catalogs.py
[2026-07-11T05:35:06.629+0000] {processor.py:925} INFO - DAG(s) 'dag_extract_catalogs' retrieved from /opt/airflow/dags/dag_extract_catalogs.py
[2026-07-11T05:35:06.641+0000] {logging_mixin.py:190} INFO - [2026-07-11T05:35:06.641+0000] {dag.py:3239} INFO - Sync 1 DAGs
[2026-07-11T05:35:06.649+0000] {logging_mixin.py:190} INFO - [2026-07-11T05:35:06.649+0000] {dag.py:4180} INFO - Setting next_dagrun for dag_extract_catalogs to 2026-07-10 01:00:00+00:00, run_after=2026-07-11 01:00:00+00:00
[2026-07-11T05:35:06.653+0000] {processor.py:208} INFO - Processing /opt/airflow/dags/dag_extract_catalogs.py took 0.036 seconds
[2026-07-11T05:35:37.225+0000] {processor.py:186} INFO - Started process (PID=28781) to work on /opt/airflow/dags/dag_extract_catalogs.py
[2026-07-11T05:35:37.225+0000] {processor.py:914} INFO - Processing file /opt/airflow/dags/dag_extract_catalogs.py for tasks to queue
[2026-07-11T05:35:37.226+0000] {logging_mixin.py:190} INFO - [2026-07-11T05:35:37.226+0000] {dagbag.py:588} INFO - Filling up the DagBag from /opt/airflow/dags/dag_extract_catalogs.py
[2026-07-11T05:35:37.232+0000] {processor.py:925} INFO - DAG(s) 'dag_extract_catalogs' retrieved from /opt/airflow/dags/dag_extract_catalogs.py
[2026-07-11T05:35:37.243+0000] {logging_mixin.py:190} INFO - [2026-07-11T05:35:37.243+0000] {dag.py:3239} INFO - Sync 1 DAGs
[2026-07-11T05:35:37.310+0000] {logging_mixin.py:190} INFO - [2026-07-11T05:35:37.310+0000] {dag.py:4180} INFO - Setting next_dagrun for dag_extract_catalogs to 2026-07-10 01:00:00+00:00, run_after=2026-07-11 01:00:00+00:00
[2026-07-11T05:35:37.315+0000] {processor.py:208} INFO - Processing /opt/airflow/dags/dag_extract_catalogs.py took 0.093 seconds
[2026-07-11T05:36:07.808+0000] {processor.py:186} INFO - Started process (PID=28803) to work on /opt/airflow/dags/dag_extract_catalogs.py
[2026-07-11T05:36:07.808+0000] {processor.py:914} INFO - Processing file /opt/airflow/dags/dag_extract_catalogs.py for tasks to queue
[2026-07-11T05:36:07.809+0000] {logging_mixin.py:190} INFO - [2026-07-11T05:36:07.809+0000] {dagbag.py:588} INFO - Filling up the DagBag from /opt/airflow/dags/dag_extract_catalogs.py
[2026-07-11T05:36:07.814+0000] {processor.py:925} INFO - DAG(s) 'dag_extract_catalogs' retrieved from /opt/airflow/dags/dag_extract_catalogs.py
[2026-07-11T05:36:07.824+0000] {logging_mixin.py:190} INFO - [2026-07-11T05:36:07.824+0000] {dag.py:3239} INFO - Sync 1 DAGs
[2026-07-11T05:36:07.831+0000] {logging_mixin.py:190} INFO - [2026-07-11T05:36:07.831+0000] {dag.py:4180} INFO - Setting next_dagrun for dag_extract_catalogs to 2026-07-10 01:00:00+00:00, run_after=2026-07-11 01:00:00+00:00
[2026-07-11T05:36:07.902+0000] {processor.py:208} INFO - Processing /opt/airflow/dags/dag_extract_catalogs.py took 0.097 seconds
[2026-07-11T05:36:38.465+0000] {processor.py:186} INFO - Started process (PID=28823) to work on /opt/airflow/dags/dag_extract_catalogs.py
[2026-07-11T05:36:38.465+0000] {processor.py:914} INFO - Processing file /opt/airflow/dags/dag_extract_catalogs.py for tasks to queue
[2026-07-11T05:36:38.466+0000] {logging_mixin.py:190} INFO - [2026-07-11T05:36:38.466+0000] {dagbag.py:588} INFO - Filling up the DagBag from /opt/airflow/dags/dag_extract_catalogs.py
[2026-07-11T05:36:38.529+0000] {processor.py:925} INFO - DAG(s) 'dag_extract_catalogs' retrieved from /opt/airflow/dags/dag_extract_catalogs.py
[2026-07-11T05:36:38.537+0000] {logging_mixin.py:190} INFO - [2026-07-11T05:36:38.537+0000] {dag.py:3239} INFO - Sync 1 DAGs
[2026-07-11T05:36:38.543+0000] {logging_mixin.py:190} INFO - [2026-07-11T05:36:38.543+0000] {dag.py:4180} INFO - Setting next_dagrun for dag_extract_catalogs to 2026-07-10 01:00:00+00:00, run_after=2026-07-11 01:00:00+00:00
[2026-07-11T05:36:38.548+0000] {processor.py:208} INFO - Processing /opt/airflow/dags/dag_extract_catalogs.py took 0.085 seconds
[2026-07-11T05:37:08.961+0000] {processor.py:186} INFO - Started process (PID=28843) to work on /opt/airflow/dags/dag_extract_catalogs.py
[2026-07-11T05:37:08.961+0000] {processor.py:914} INFO - Processing file /opt/airflow/dags/dag_extract_catalogs.py for tasks to queue
[2026-07-11T05:37:08.962+0000] {logging_mixin.py:190} INFO - [2026-07-11T05:37:08.962+0000] {dagbag.py:588} INFO - Filling up the DagBag from /opt/airflow/dags/dag_extract_catalogs.py
[2026-07-11T05:37:08.966+0000] {processor.py:925} INFO - DAG(s) 'dag_extract_catalogs' retrieved from /opt/airflow/dags/dag_extract_catalogs.py
[2026-07-11T05:37:08.976+0000] {logging_mixin.py:190} INFO - [2026-07-11T05:37:08.976+0000] {dag.py:3239} INFO - Sync 1 DAGs
[2026-07-11T05:37:08.983+0000] {logging_mixin.py:190} INFO - [2026-07-11T05:37:08.983+0000] {dag.py:4180} INFO - Setting next_dagrun for dag_extract_catalogs to 2026-07-10 01:00:00+00:00, run_after=2026-07-11 01:00:00+00:00
[2026-07-11T05:37:08.988+0000] {processor.py:208} INFO - Processing /opt/airflow/dags/dag_extract_catalogs.py took 0.029 seconds
[2026-07-11T05:37:39.520+0000] {processor.py:186} INFO - Started process (PID=28863) to work on /opt/airflow/dags/dag_extract_catalogs.py
[2026-07-11T05:37:39.521+0000] {processor.py:914} INFO - Processing file /opt/airflow/dags/dag_extract_catalogs.py for tasks to queue
[2026-07-11T05:37:39.521+0000] {logging_mixin.py:190} INFO - [2026-07-11T05:37:39.521+0000] {dagbag.py:588} INFO - Filling up the DagBag from /opt/airflow/dags/dag_extract_catalogs.py
[2026-07-11T05:37:39.526+0000] {processor.py:925} INFO - DAG(s) 'dag_extract_catalogs' retrieved from /opt/airflow/dags/dag_extract_catalogs.py
[2026-07-11T05:37:39.537+0000] {logging_mixin.py:190} INFO - [2026-07-11T05:37:39.536+0000] {dag.py:3239} INFO - Sync 1 DAGs
[2026-07-11T05:37:39.544+0000] {logging_mixin.py:190} INFO - [2026-07-11T05:37:39.544+0000] {dag.py:4180} INFO - Setting next_dagrun for dag_extract_catalogs to 2026-07-10 01:00:00+00:00, run_after=2026-07-11 01:00:00+00:00
[2026-07-11T05:37:39.549+0000] {processor.py:208} INFO - Processing /opt/airflow/dags/dag_extract_catalogs.py took 0.033 seconds
[2026-07-11T05:38:10.005+0000] {processor.py:186} INFO - Started process (PID=28883) to work on /opt/airflow/dags/dag_extract_catalogs.py
[2026-07-11T05:38:10.005+0000] {processor.py:914} INFO - Processing file /opt/airflow/dags/dag_extract_catalogs.py for tasks to queue
[2026-07-11T05:38:10.006+0000] {logging_mixin.py:190} INFO - [2026-07-11T05:38:10.006+0000] {dagbag.py:588} INFO - Filling up the DagBag from /opt/airflow/dags/dag_extract_catalogs.py
[2026-07-11T05:38:10.011+0000] {processor.py:925} INFO - DAG(s) 'dag_extract_catalogs' retrieved from /opt/airflow/dags/dag_extract_catalogs.py
[2026-07-11T05:38:10.021+0000] {logging_mixin.py:190} INFO - [2026-07-11T05:38:10.021+0000] {dag.py:3239} INFO - Sync 1 DAGs
[2026-07-11T05:38:10.028+0000] {logging_mixin.py:190} INFO - [2026-07-11T05:38:10.027+0000] {dag.py:4180} INFO - Setting next_dagrun for dag_extract_catalogs to 2026-07-10 01:00:00+00:00, run_after=2026-07-11 01:00:00+00:00
[2026-07-11T05:38:10.032+0000] {processor.py:208} INFO - Processing /opt/airflow/dags/dag_extract_catalogs.py took 0.030 seconds
[2026-07-11T05:38:40.476+0000] {processor.py:186} INFO - Started process (PID=28903) to work on /opt/airflow/dags/dag_extract_catalogs.py
[2026-07-11T05:38:40.476+0000] {processor.py:914} INFO - Processing file /opt/airflow/dags/dag_extract_catalogs.py for tasks to queue
[2026-07-11T05:38:40.477+0000] {logging_mixin.py:190} INFO - [2026-07-11T05:38:40.477+0000] {dagbag.py:588} INFO - Filling up the DagBag from /opt/airflow/dags/dag_extract_catalogs.py
[2026-07-11T05:38:40.482+0000] {processor.py:925} INFO - DAG(s) 'dag_extract_catalogs' retrieved from /opt/airflow/dags/dag_extract_catalogs.py
[2026-07-11T05:38:40.491+0000] {logging_mixin.py:190} INFO - [2026-07-11T05:38:40.491+0000] {dag.py:3239} INFO - Sync 1 DAGs
[2026-07-11T05:38:40.498+0000] {logging_mixin.py:190} INFO - [2026-07-11T05:38:40.498+0000] {dag.py:4180} INFO - Setting next_dagrun for dag_extract_catalogs to 2026-07-10 01:00:00+00:00, run_after=2026-07-11 01:00:00+00:00
[2026-07-11T05:38:40.503+0000] {processor.py:208} INFO - Processing /opt/airflow/dags/dag_extract_catalogs.py took 0.030 seconds
[2026-07-11T05:39:10.931+0000] {processor.py:186} INFO - Started process (PID=28921) to work on /opt/airflow/dags/dag_extract_catalogs.py
[2026-07-11T05:39:10.932+0000] {processor.py:914} INFO - Processing file /opt/airflow/dags/dag_extract_catalogs.py for tasks to queue
[2026-07-11T05:39:10.934+0000] {logging_mixin.py:190} INFO - [2026-07-11T05:39:10.933+0000] {dagbag.py:588} INFO - Filling up the DagBag from /opt/airflow/dags/dag_extract_catalogs.py
[2026-07-11T05:39:10.941+0000] {processor.py:925} INFO - DAG(s) 'dag_extract_catalogs' retrieved from /opt/airflow/dags/dag_extract_catalogs.py
[2026-07-11T05:39:10.958+0000] {logging_mixin.py:190} INFO - [2026-07-11T05:39:10.958+0000] {dag.py:3239} INFO - Sync 1 DAGs
[2026-07-11T05:39:10.967+0000] {logging_mixin.py:190} INFO - [2026-07-11T05:39:10.967+0000] {dag.py:4180} INFO - Setting next_dagrun for dag_extract_catalogs to 2026-07-10 01:00:00+00:00, run_after=2026-07-11 01:00:00+00:00
[2026-07-11T05:39:10.972+0000] {processor.py:208} INFO - Processing /opt/airflow/dags/dag_extract_catalogs.py took 0.044 seconds
[2026-07-11T05:39:41.562+0000] {processor.py:186} INFO - Started process (PID=28943) to work on /opt/airflow/dags/dag_extract_catalogs.py
[2026-07-11T05:39:41.563+0000] {processor.py:914} INFO - Processing file /opt/airflow/dags/dag_extract_catalogs.py for tasks to queue
[2026-07-11T05:39:41.563+0000] {logging_mixin.py:190} INFO - [2026-07-11T05:39:41.563+0000] {dagbag.py:588} INFO - Filling up the DagBag from /opt/airflow/dags/dag_extract_catalogs.py
[2026-07-11T05:39:41.568+0000] {processor.py:925} INFO - DAG(s) 'dag_extract_catalogs' retrieved from /opt/airflow/dags/dag_extract_catalogs.py
[2026-07-11T05:39:41.578+0000] {logging_mixin.py:190} INFO - [2026-07-11T05:39:41.578+0000] {dag.py:3239} INFO - Sync 1 DAGs
[2026-07-11T05:39:41.585+0000] {logging_mixin.py:190} INFO - [2026-07-11T05:39:41.585+0000] {dag.py:4180} INFO - Setting next_dagrun for dag_extract_catalogs to 2026-07-10 01:00:00+00:00, run_after=2026-07-11 01:00:00+00:00
[2026-07-11T05:39:41.589+0000] {processor.py:208} INFO - Processing /opt/airflow/dags/dag_extract_catalogs.py took 0.030 seconds
[2026-07-11T05:40:12.025+0000] {processor.py:186} INFO - Started process (PID=28963) to work on /opt/airflow/dags/dag_extract_catalogs.py
[2026-07-11T05:40:12.025+0000] {processor.py:914} INFO - Processing file /opt/airflow/dags/dag_extract_catalogs.py for tasks to queue
[2026-07-11T05:40:12.026+0000] {logging_mixin.py:190} INFO - [2026-07-11T05:40:12.026+0000] {dagbag.py:588} INFO - Filling up the DagBag from /opt/airflow/dags/dag_extract_catalogs.py
[2026-07-11T05:40:12.031+0000] {processor.py:925} INFO - DAG(s) 'dag_extract_catalogs' retrieved from /opt/airflow/dags/dag_extract_catalogs.py
[2026-07-11T05:40:12.041+0000] {logging_mixin.py:190} INFO - [2026-07-11T05:40:12.041+0000] {dag.py:3239} INFO - Sync 1 DAGs
[2026-07-11T05:40:12.048+0000] {logging_mixin.py:190} INFO - [2026-07-11T05:40:12.048+0000] {dag.py:4180} INFO - Setting next_dagrun for dag_extract_catalogs to 2026-07-10 01:00:00+00:00, run_after=2026-07-11 01:00:00+00:00
[2026-07-11T05:40:12.052+0000] {processor.py:208} INFO - Processing /opt/airflow/dags/dag_extract_catalogs.py took 0.030 seconds
[2026-07-11T05:40:42.507+0000] {processor.py:186} INFO - Started process (PID=28983) to work on /opt/airflow/dags/dag_extract_catalogs.py
[2026-07-11T05:40:42.507+0000] {processor.py:914} INFO - Processing file /opt/airflow/dags/dag_extract_catalogs.py for tasks to queue
[2026-07-11T05:40:42.509+0000] {logging_mixin.py:190} INFO - [2026-07-11T05:40:42.509+0000] {dagbag.py:588} INFO - Filling up the DagBag from /opt/airflow/dags/dag_extract_catalogs.py
[2026-07-11T05:40:42.515+0000] {processor.py:925} INFO - DAG(s) 'dag_extract_catalogs' retrieved from /opt/airflow/dags/dag_extract_catalogs.py
[2026-07-11T05:40:42.528+0000] {logging_mixin.py:190} INFO - [2026-07-11T05:40:42.528+0000] {dag.py:3239} INFO - Sync 1 DAGs
[2026-07-11T05:40:42.536+0000] {logging_mixin.py:190} INFO - [2026-07-11T05:40:42.536+0000] {dag.py:4180} INFO - Setting next_dagrun for dag_extract_catalogs to 2026-07-10 01:00:00+00:00, run_after=2026-07-11 01:00:00+00:00
[2026-07-11T05:40:42.541+0000] {processor.py:208} INFO - Processing /opt/airflow/dags/dag_extract_catalogs.py took 0.037 seconds
[2026-07-11T05:41:12.992+0000] {processor.py:186} INFO - Started process (PID=29003) to work on /opt/airflow/dags/dag_extract_catalogs.py
[2026-07-11T05:41:12.992+0000] {processor.py:914} INFO - Processing file /opt/airflow/dags/dag_extract_catalogs.py for tasks to queue
[2026-07-11T05:41:12.993+0000] {logging_mixin.py:190} INFO - [2026-07-11T05:41:12.993+0000] {dagbag.py:588} INFO - Filling up the DagBag from /opt/airflow/dags/dag_extract_catalogs.py
[2026-07-11T05:41:12.998+0000] {processor.py:925} INFO - DAG(s) 'dag_extract_catalogs' retrieved from /opt/airflow/dags/dag_extract_catalogs.py
[2026-07-11T05:41:13.007+0000] {logging_mixin.py:190} INFO - [2026-07-11T05:41:13.007+0000] {dag.py:3239} INFO - Sync 1 DAGs
[2026-07-11T05:41:13.014+0000] {logging_mixin.py:190} INFO - [2026-07-11T05:41:13.014+0000] {dag.py:4180} INFO - Setting next_dagrun for dag_extract_catalogs to 2026-07-10 01:00:00+00:00, run_after=2026-07-11 01:00:00+00:00
[2026-07-11T05:41:13.019+0000] {processor.py:208} INFO - Processing /opt/airflow/dags/dag_extract_catalogs.py took 0.030 seconds
[2026-07-11T05:41:43.551+0000] {processor.py:186} INFO - Started process (PID=29023) to work on /opt/airflow/dags/dag_extract_catalogs.py
[2026-07-11T05:41:43.551+0000] {processor.py:914} INFO - Processing file /opt/airflow/dags/dag_extract_catalogs.py for tasks to queue
[2026-07-11T05:41:43.552+0000] {logging_mixin.py:190} INFO - [2026-07-11T05:41:43.552+0000] {dagbag.py:588} INFO - Filling up the DagBag from /opt/airflow/dags/dag_extract_catalogs.py
[2026-07-11T05:41:43.557+0000] {processor.py:925} INFO - DAG(s) 'dag_extract_catalogs' retrieved from /opt/airflow/dags/dag_extract_catalogs.py
[2026-07-11T05:41:43.567+0000] {logging_mixin.py:190} INFO - [2026-07-11T05:41:43.567+0000] {dag.py:3239} INFO - Sync 1 DAGs
[2026-07-11T05:41:43.574+0000] {logging_mixin.py:190} INFO - [2026-07-11T05:41:43.573+0000] {dag.py:4180} INFO - Setting next_dagrun for dag_extract_catalogs to 2026-07-10 01:00:00+00:00, run_after=2026-07-11 01:00:00+00:00
[2026-07-11T05:41:43.578+0000] {processor.py:208} INFO - Processing /opt/airflow/dags/dag_extract_catalogs.py took 0.030 seconds
[2026-07-11T05:42:14.020+0000] {processor.py:186} INFO - Started process (PID=29041) to work on /opt/airflow/dags/dag_extract_catalogs.py
[2026-07-11T05:42:14.020+0000] {processor.py:914} INFO - Processing file /opt/airflow/dags/dag_extract_catalogs.py for tasks to queue
[2026-07-11T05:42:14.022+0000] {logging_mixin.py:190} INFO - [2026-07-11T05:42:14.022+0000] {dagbag.py:588} INFO - Filling up the DagBag from /opt/airflow/dags/dag_extract_catalogs.py
[2026-07-11T05:42:14.028+0000] {processor.py:925} INFO - DAG(s) 'dag_extract_catalogs' retrieved from /opt/airflow/dags/dag_extract_catalogs.py
[2026-07-11T05:42:14.043+0000] {logging_mixin.py:190} INFO - [2026-07-11T05:42:14.043+0000] {dag.py:3239} INFO - Sync 1 DAGs
[2026-07-11T05:42:14.054+0000] {logging_mixin.py:190} INFO - [2026-07-11T05:42:14.053+0000] {dag.py:4180} INFO - Setting next_dagrun for dag_extract_catalogs to 2026-07-10 01:00:00+00:00, run_after=2026-07-11 01:00:00+00:00
[2026-07-11T05:42:14.058+0000] {processor.py:208} INFO - Processing /opt/airflow/dags/dag_extract_catalogs.py took 0.041 seconds
[2026-07-11T05:42:44.520+0000] {processor.py:186} INFO - Started process (PID=29063) to work on /opt/airflow/dags/dag_extract_catalogs.py
[2026-07-11T05:42:44.520+0000] {processor.py:914} INFO - Processing file /opt/airflow/dags/dag_extract_catalogs.py for tasks to queue
[2026-07-11T05:42:44.521+0000] {logging_mixin.py:190} INFO - [2026-07-11T05:42:44.521+0000] {dagbag.py:588} INFO - Filling up the DagBag from /opt/airflow/dags/dag_extract_catalogs.py
[2026-07-11T05:42:44.526+0000] {processor.py:925} INFO - DAG(s) 'dag_extract_catalogs' retrieved from /opt/airflow/dags/dag_extract_catalogs.py
[2026-07-11T05:42:44.535+0000] {logging_mixin.py:190} INFO - [2026-07-11T05:42:44.535+0000] {dag.py:3239} INFO - Sync 1 DAGs
[2026-07-11T05:42:44.542+0000] {logging_mixin.py:190} INFO - [2026-07-11T05:42:44.542+0000] {dag.py:4180} INFO - Setting next_dagrun for dag_extract_catalogs to 2026-07-10 01:00:00+00:00, run_after=2026-07-11 01:00:00+00:00
[2026-07-11T05:42:44.547+0000] {processor.py:208} INFO - Processing /opt/airflow/dags/dag_extract_catalogs.py took 0.029 seconds
[2026-07-11T05:43:14.993+0000] {processor.py:186} INFO - Started process (PID=29083) to work on /opt/airflow/dags/dag_extract_catalogs.py
[2026-07-11T05:43:14.994+0000] {processor.py:914} INFO - Processing file /opt/airflow/dags/dag_extract_catalogs.py for tasks to queue
[2026-07-11T05:43:14.994+0000] {logging_mixin.py:190} INFO - [2026-07-11T05:43:14.994+0000] {dagbag.py:588} INFO - Filling up the DagBag from /opt/airflow/dags/dag_extract_catalogs.py
[2026-07-11T05:43:14.999+0000] {processor.py:925} INFO - DAG(s) 'dag_extract_catalogs' retrieved from /opt/airflow/dags/dag_extract_catalogs.py
[2026-07-11T05:43:15.009+0000] {logging_mixin.py:190} INFO - [2026-07-11T05:43:15.009+0000] {dag.py:3239} INFO - Sync 1 DAGs
[2026-07-11T05:43:15.016+0000] {logging_mixin.py:190} INFO - [2026-07-11T05:43:15.016+0000] {dag.py:4180} INFO - Setting next_dagrun for dag_extract_catalogs to 2026-07-10 01:00:00+00:00, run_after=2026-07-11 01:00:00+00:00
[2026-07-11T05:43:15.021+0000] {processor.py:208} INFO - Processing /opt/airflow/dags/dag_extract_catalogs.py took 0.030 seconds
[2026-07-11T05:43:45.536+0000] {processor.py:186} INFO - Started process (PID=29103) to work on /opt/airflow/dags/dag_extract_catalogs.py
[2026-07-11T05:43:45.536+0000] {processor.py:914} INFO - Processing file /opt/airflow/dags/dag_extract_catalogs.py for tasks to queue
[2026-07-11T05:43:45.537+0000] {logging_mixin.py:190} INFO - [2026-07-11T05:43:45.537+0000] {dagbag.py:588} INFO - Filling up the DagBag from /opt/airflow/dags/dag_extract_catalogs.py
[2026-07-11T05:43:45.541+0000] {processor.py:925} INFO - DAG(s) 'dag_extract_catalogs' retrieved from /opt/airflow/dags/dag_extract_catalogs.py
[2026-07-11T05:43:45.551+0000] {logging_mixin.py:190} INFO - [2026-07-11T05:43:45.551+0000] {dag.py:3239} INFO - Sync 1 DAGs
[2026-07-11T05:43:45.558+0000] {logging_mixin.py:190} INFO - [2026-07-11T05:43:45.558+0000] {dag.py:4180} INFO - Setting next_dagrun for dag_extract_catalogs to 2026-07-10 01:00:00+00:00, run_after=2026-07-11 01:00:00+00:00
[2026-07-11T05:43:45.563+0000] {processor.py:208} INFO - Processing /opt/airflow/dags/dag_extract_catalogs.py took 0.030 seconds
[2026-07-11T05:44:16.002+0000] {processor.py:186} INFO - Started process (PID=29123) to work on /opt/airflow/dags/dag_extract_catalogs.py
[2026-07-11T05:44:16.002+0000] {processor.py:914} INFO - Processing file /opt/airflow/dags/dag_extract_catalogs.py for tasks to queue
[2026-07-11T05:44:16.003+0000] {logging_mixin.py:190} INFO - [2026-07-11T05:44:16.003+0000] {dagbag.py:588} INFO - Filling up the DagBag from /opt/airflow/dags/dag_extract_catalogs.py
[2026-07-11T05:44:16.008+0000] {processor.py:925} INFO - DAG(s) 'dag_extract_catalogs' retrieved from /opt/airflow/dags/dag_extract_catalogs.py
[2026-07-11T05:44:16.018+0000] {logging_mixin.py:190} INFO - [2026-07-11T05:44:16.017+0000] {dag.py:3239} INFO - Sync 1 DAGs
[2026-07-11T05:44:16.024+0000] {logging_mixin.py:190} INFO - [2026-07-11T05:44:16.024+0000] {dag.py:4180} INFO - Setting next_dagrun for dag_extract_catalogs to 2026-07-10 01:00:00+00:00, run_after=2026-07-11 01:00:00+00:00
[2026-07-11T05:44:16.029+0000] {processor.py:208} INFO - Processing /opt/airflow/dags/dag_extract_catalogs.py took 0.030 seconds
[2026-07-11T05:44:46.471+0000] {processor.py:186} INFO - Started process (PID=29143) to work on /opt/airflow/dags/dag_extract_catalogs.py
[2026-07-11T05:44:46.472+0000] {processor.py:914} INFO - Processing file /opt/airflow/dags/dag_extract_catalogs.py for tasks to queue
[2026-07-11T05:44:46.472+0000] {logging_mixin.py:190} INFO - [2026-07-11T05:44:46.472+0000] {dagbag.py:588} INFO - Filling up the DagBag from /opt/airflow/dags/dag_extract_catalogs.py
[2026-07-11T05:44:46.477+0000] {processor.py:925} INFO - DAG(s) 'dag_extract_catalogs' retrieved from /opt/airflow/dags/dag_extract_catalogs.py
[2026-07-11T05:44:46.487+0000] {logging_mixin.py:190} INFO - [2026-07-11T05:44:46.487+0000] {dag.py:3239} INFO - Sync 1 DAGs
[2026-07-11T05:44:46.494+0000] {logging_mixin.py:190} INFO - [2026-07-11T05:44:46.494+0000] {dag.py:4180} INFO - Setting next_dagrun for dag_extract_catalogs to 2026-07-10 01:00:00+00:00, run_after=2026-07-11 01:00:00+00:00
[2026-07-11T05:44:46.498+0000] {processor.py:208} INFO - Processing /opt/airflow/dags/dag_extract_catalogs.py took 0.029 seconds
[2026-07-11T05:45:16.932+0000] {processor.py:186} INFO - Started process (PID=29163) to work on /opt/airflow/dags/dag_extract_catalogs.py
[2026-07-11T05:45:16.932+0000] {processor.py:914} INFO - Processing file /opt/airflow/dags/dag_extract_catalogs.py for tasks to queue
[2026-07-11T05:45:16.933+0000] {logging_mixin.py:190} INFO - [2026-07-11T05:45:16.933+0000] {dagbag.py:588} INFO - Filling up the DagBag from /opt/airflow/dags/dag_extract_catalogs.py
[2026-07-11T05:45:16.938+0000] {processor.py:925} INFO - DAG(s) 'dag_extract_catalogs' retrieved from /opt/airflow/dags/dag_extract_catalogs.py
[2026-07-11T05:45:16.948+0000] {logging_mixin.py:190} INFO - [2026-07-11T05:45:16.948+0000] {dag.py:3239} INFO - Sync 1 DAGs
[2026-07-11T05:45:16.956+0000] {logging_mixin.py:190} INFO - [2026-07-11T05:45:16.955+0000] {dag.py:4180} INFO - Setting next_dagrun for dag_extract_catalogs to 2026-07-10 01:00:00+00:00, run_after=2026-07-11 01:00:00+00:00
[2026-07-11T05:45:16.960+0000] {processor.py:208} INFO - Processing /opt/airflow/dags/dag_extract_catalogs.py took 0.030 seconds
[2026-07-11T05:45:47.436+0000] {processor.py:186} INFO - Started process (PID=29183) to work on /opt/airflow/dags/dag_extract_catalogs.py
[2026-07-11T05:45:47.437+0000] {processor.py:914} INFO - Processing file /opt/airflow/dags/dag_extract_catalogs.py for tasks to queue
[2026-07-11T05:45:47.437+0000] {logging_mixin.py:190} INFO - [2026-07-11T05:45:47.437+0000] {dagbag.py:588} INFO - Filling up the DagBag from /opt/airflow/dags/dag_extract_catalogs.py
[2026-07-11T05:45:47.442+0000] {processor.py:925} INFO - DAG(s) 'dag_extract_catalogs' retrieved from /opt/airflow/dags/dag_extract_catalogs.py
[2026-07-11T05:45:47.452+0000] {logging_mixin.py:190} INFO - [2026-07-11T05:45:47.452+0000] {dag.py:3239} INFO - Sync 1 DAGs
[2026-07-11T05:45:47.459+0000] {logging_mixin.py:190} INFO - [2026-07-11T05:45:47.459+0000] {dag.py:4180} INFO - Setting next_dagrun for dag_extract_catalogs to 2026-07-10 01:00:00+00:00, run_after=2026-07-11 01:00:00+00:00
[2026-07-11T05:45:47.463+0000] {processor.py:208} INFO - Processing /opt/airflow/dags/dag_extract_catalogs.py took 0.030 seconds
[2026-07-11T05:46:17.929+0000] {processor.py:186} INFO - Started process (PID=29203) to work on /opt/airflow/dags/dag_extract_catalogs.py
[2026-07-11T05:46:17.930+0000] {processor.py:914} INFO - Processing file /opt/airflow/dags/dag_extract_catalogs.py for tasks to queue
[2026-07-11T05:46:17.931+0000] {logging_mixin.py:190} INFO - [2026-07-11T05:46:17.931+0000] {dagbag.py:588} INFO - Filling up the DagBag from /opt/airflow/dags/dag_extract_catalogs.py
[2026-07-11T05:46:17.935+0000] {processor.py:925} INFO - DAG(s) 'dag_extract_catalogs' retrieved from /opt/airflow/dags/dag_extract_catalogs.py
[2026-07-11T05:46:17.945+0000] {logging_mixin.py:190} INFO - [2026-07-11T05:46:17.945+0000] {dag.py:3239} INFO - Sync 1 DAGs
[2026-07-11T05:46:17.952+0000] {logging_mixin.py:190} INFO - [2026-07-11T05:46:17.952+0000] {dag.py:4180} INFO - Setting next_dagrun for dag_extract_catalogs to 2026-07-10 01:00:00+00:00, run_after=2026-07-11 01:00:00+00:00
[2026-07-11T05:46:17.957+0000] {processor.py:208} INFO - Processing /opt/airflow/dags/dag_extract_catalogs.py took 0.030 seconds
[2026-07-11T05:46:48.428+0000] {processor.py:186} INFO - Started process (PID=29221) to work on /opt/airflow/dags/dag_extract_catalogs.py
[2026-07-11T05:46:48.429+0000] {processor.py:914} INFO - Processing file /opt/airflow/dags/dag_extract_catalogs.py for tasks to queue
[2026-07-11T05:46:48.431+0000] {logging_mixin.py:190} INFO - [2026-07-11T05:46:48.431+0000] {dagbag.py:588} INFO - Filling up the DagBag from /opt/airflow/dags/dag_extract_catalogs.py
[2026-07-11T05:46:48.438+0000] {processor.py:925} INFO - DAG(s) 'dag_extract_catalogs' retrieved from /opt/airflow/dags/dag_extract_catalogs.py
[2026-07-11T05:46:48.458+0000] {logging_mixin.py:190} INFO - [2026-07-11T05:46:48.458+0000] {dag.py:3239} INFO - Sync 1 DAGs
[2026-07-11T05:46:48.467+0000] {logging_mixin.py:190} INFO - [2026-07-11T05:46:48.467+0000] {dag.py:4180} INFO - Setting next_dagrun for dag_extract_catalogs to 2026-07-10 01:00:00+00:00, run_after=2026-07-11 01:00:00+00:00
[2026-07-11T05:46:48.473+0000] {processor.py:208} INFO - Processing /opt/airflow/dags/dag_extract_catalogs.py took 0.047 seconds
[2026-07-11T05:47:18.983+0000] {processor.py:186} INFO - Started process (PID=29243) to work on /opt/airflow/dags/dag_extract_catalogs.py
[2026-07-11T05:47:18.983+0000] {processor.py:914} INFO - Processing file /opt/airflow/dags/dag_extract_catalogs.py for tasks to queue
[2026-07-11T05:47:18.984+0000] {logging_mixin.py:190} INFO - [2026-07-11T05:47:18.984+0000] {dagbag.py:588} INFO - Filling up the DagBag from /opt/airflow/dags/dag_extract_catalogs.py
[2026-07-11T05:47:18.989+0000] {processor.py:925} INFO - DAG(s) 'dag_extract_catalogs' retrieved from /opt/airflow/dags/dag_extract_catalogs.py
[2026-07-11T05:47:18.999+0000] {logging_mixin.py:190} INFO - [2026-07-11T05:47:18.999+0000] {dag.py:3239} INFO - Sync 1 DAGs
[2026-07-11T05:47:19.006+0000] {logging_mixin.py:190} INFO - [2026-07-11T05:47:19.005+0000] {dag.py:4180} INFO - Setting next_dagrun for dag_extract_catalogs to 2026-07-10 01:00:00+00:00, run_after=2026-07-11 01:00:00+00:00
[2026-07-11T05:47:19.010+0000] {processor.py:208} INFO - Processing /opt/airflow/dags/dag_extract_catalogs.py took 0.030 seconds
[2026-07-11T05:47:49.502+0000] {processor.py:186} INFO - Started process (PID=29263) to work on /opt/airflow/dags/dag_extract_catalogs.py
[2026-07-11T05:47:49.502+0000] {processor.py:914} INFO - Processing file /opt/airflow/dags/dag_extract_catalogs.py for tasks to queue
[2026-07-11T05:47:49.503+0000] {logging_mixin.py:190} INFO - [2026-07-11T05:47:49.503+0000] {dagbag.py:588} INFO - Filling up the DagBag from /opt/airflow/dags/dag_extract_catalogs.py
[2026-07-11T05:47:49.508+0000] {processor.py:925} INFO - DAG(s) 'dag_extract_catalogs' retrieved from /opt/airflow/dags/dag_extract_catalogs.py
[2026-07-11T05:47:49.518+0000] {logging_mixin.py:190} INFO - [2026-07-11T05:47:49.518+0000] {dag.py:3239} INFO - Sync 1 DAGs
[2026-07-11T05:47:49.525+0000] {logging_mixin.py:190} INFO - [2026-07-11T05:47:49.525+0000] {dag.py:4180} INFO - Setting next_dagrun for dag_extract_catalogs to 2026-07-10 01:00:00+00:00, run_after=2026-07-11 01:00:00+00:00
[2026-07-11T05:47:49.530+0000] {processor.py:208} INFO - Processing /opt/airflow/dags/dag_extract_catalogs.py took 0.031 seconds
[2026-07-11T05:48:19.993+0000] {processor.py:186} INFO - Started process (PID=29283) to work on /opt/airflow/dags/dag_extract_catalogs.py
[2026-07-11T05:48:19.994+0000] {processor.py:914} INFO - Processing file /opt/airflow/dags/dag_extract_catalogs.py for tasks to queue
[2026-07-11T05:48:19.995+0000] {logging_mixin.py:190} INFO - [2026-07-11T05:48:19.994+0000] {dagbag.py:588} INFO - Filling up the DagBag from /opt/airflow/dags/dag_extract_catalogs.py
[2026-07-11T05:48:19.999+0000] {processor.py:925} INFO - DAG(s) 'dag_extract_catalogs' retrieved from /opt/airflow/dags/dag_extract_catalogs.py
[2026-07-11T05:48:20.009+0000] {logging_mixin.py:190} INFO - [2026-07-11T05:48:20.009+0000] {dag.py:3239} INFO - Sync 1 DAGs
[2026-07-11T05:48:20.016+0000] {logging_mixin.py:190} INFO - [2026-07-11T05:48:20.016+0000] {dag.py:4180} INFO - Setting next_dagrun for dag_extract_catalogs to 2026-07-10 01:00:00+00:00, run_after=2026-07-11 01:00:00+00:00
[2026-07-11T05:48:20.021+0000] {processor.py:208} INFO - Processing /opt/airflow/dags/dag_extract_catalogs.py took 0.030 seconds
[2026-07-11T05:48:50.499+0000] {processor.py:186} INFO - Started process (PID=29303) to work on /opt/airflow/dags/dag_extract_catalogs.py
[2026-07-11T05:48:50.499+0000] {processor.py:914} INFO - Processing file /opt/airflow/dags/dag_extract_catalogs.py for tasks to queue
[2026-07-11T05:48:50.500+0000] {logging_mixin.py:190} INFO - [2026-07-11T05:48:50.500+0000] {dagbag.py:588} INFO - Filling up the DagBag from /opt/airflow/dags/dag_extract_catalogs.py
[2026-07-11T05:48:50.505+0000] {processor.py:925} INFO - DAG(s) 'dag_extract_catalogs' retrieved from /opt/airflow/dags/dag_extract_catalogs.py
[2026-07-11T05:48:50.515+0000] {logging_mixin.py:190} INFO - [2026-07-11T05:48:50.515+0000] {dag.py:3239} INFO - Sync 1 DAGs
[2026-07-11T05:48:50.522+0000] {logging_mixin.py:190} INFO - [2026-07-11T05:48:50.522+0000] {dag.py:4180} INFO - Setting next_dagrun for dag_extract_catalogs to 2026-07-10 01:00:00+00:00, run_after=2026-07-11 01:00:00+00:00
[2026-07-11T05:48:50.526+0000] {processor.py:208} INFO - Processing /opt/airflow/dags/dag_extract_catalogs.py took 0.030 seconds
[2026-07-11T05:49:21.011+0000] {processor.py:186} INFO - Started process (PID=29323) to work on /opt/airflow/dags/dag_extract_catalogs.py
[2026-07-11T05:49:21.012+0000] {processor.py:914} INFO - Processing file /opt/airflow/dags/dag_extract_catalogs.py for tasks to queue
[2026-07-11T05:49:21.013+0000] {logging_mixin.py:190} INFO - [2026-07-11T05:49:21.012+0000] {dagbag.py:588} INFO - Filling up the DagBag from /opt/airflow/dags/dag_extract_catalogs.py
[2026-07-11T05:49:21.017+0000] {processor.py:925} INFO - DAG(s) 'dag_extract_catalogs' retrieved from /opt/airflow/dags/dag_extract_catalogs.py
[2026-07-11T05:49:21.027+0000] {logging_mixin.py:190} INFO - [2026-07-11T05:49:21.027+0000] {dag.py:3239} INFO - Sync 1 DAGs
[2026-07-11T05:49:21.034+0000] {logging_mixin.py:190} INFO - [2026-07-11T05:49:21.034+0000] {dag.py:4180} INFO - Setting next_dagrun for dag_extract_catalogs to 2026-07-10 01:00:00+00:00, run_after=2026-07-11 01:00:00+00:00
[2026-07-11T05:49:21.038+0000] {processor.py:208} INFO - Processing /opt/airflow/dags/dag_extract_catalogs.py took 0.029 seconds
[2026-07-11T05:49:51.489+0000] {processor.py:186} INFO - Started process (PID=29343) to work on /opt/airflow/dags/dag_extract_catalogs.py
[2026-07-11T05:49:51.489+0000] {processor.py:914} INFO - Processing file /opt/airflow/dags/dag_extract_catalogs.py for tasks to queue
[2026-07-11T05:49:51.490+0000] {logging_mixin.py:190} INFO - [2026-07-11T05:49:51.490+0000] {dagbag.py:588} INFO - Filling up the DagBag from /opt/airflow/dags/dag_extract_catalogs.py
[2026-07-11T05:49:51.495+0000] {processor.py:925} INFO - DAG(s) 'dag_extract_catalogs' retrieved from /opt/airflow/dags/dag_extract_catalogs.py
[2026-07-11T05:49:51.504+0000] {logging_mixin.py:190} INFO - [2026-07-11T05:49:51.504+0000] {dag.py:3239} INFO - Sync 1 DAGs
[2026-07-11T05:49:51.512+0000] {logging_mixin.py:190} INFO - [2026-07-11T05:49:51.512+0000] {dag.py:4180} INFO - Setting next_dagrun for dag_extract_catalogs to 2026-07-10 01:00:00+00:00, run_after=2026-07-11 01:00:00+00:00
[2026-07-11T05:49:51.516+0000] {processor.py:208} INFO - Processing /opt/airflow/dags/dag_extract_catalogs.py took 0.030 seconds
[2026-07-11T05:50:21.939+0000] {processor.py:186} INFO - Started process (PID=29363) to work on /opt/airflow/dags/dag_extract_catalogs.py
[2026-07-11T05:50:21.940+0000] {processor.py:914} INFO - Processing file /opt/airflow/dags/dag_extract_catalogs.py for tasks to queue
[2026-07-11T05:50:21.941+0000] {logging_mixin.py:190} INFO - [2026-07-11T05:50:21.941+0000] {dagbag.py:588} INFO - Filling up the DagBag from /opt/airflow/dags/dag_extract_catalogs.py
[2026-07-11T05:50:21.946+0000] {processor.py:925} INFO - DAG(s) 'dag_extract_catalogs' retrieved from /opt/airflow/dags/dag_extract_catalogs.py
[2026-07-11T05:50:21.956+0000] {logging_mixin.py:190} INFO - [2026-07-11T05:50:21.956+0000] {dag.py:3239} INFO - Sync 1 DAGs
[2026-07-11T05:50:21.963+0000] {logging_mixin.py:190} INFO - [2026-07-11T05:50:21.962+0000] {dag.py:4180} INFO - Setting next_dagrun for dag_extract_catalogs to 2026-07-10 01:00:00+00:00, run_after=2026-07-11 01:00:00+00:00
[2026-07-11T05:50:21.967+0000] {processor.py:208} INFO - Processing /opt/airflow/dags/dag_extract_catalogs.py took 0.030 seconds
[2026-07-11T05:50:52.429+0000] {processor.py:186} INFO - Started process (PID=29381) to work on /opt/airflow/dags/dag_extract_catalogs.py
[2026-07-11T05:50:52.430+0000] {processor.py:914} INFO - Processing file /opt/airflow/dags/dag_extract_catalogs.py for tasks to queue
[2026-07-11T05:50:52.431+0000] {logging_mixin.py:190} INFO - [2026-07-11T05:50:52.431+0000] {dagbag.py:588} INFO - Filling up the DagBag from /opt/airflow/dags/dag_extract_catalogs.py
[2026-07-11T05:50:52.436+0000] {processor.py:925} INFO - DAG(s) 'dag_extract_catalogs' retrieved from /opt/airflow/dags/dag_extract_catalogs.py
[2026-07-11T05:50:52.450+0000] {logging_mixin.py:190} INFO - [2026-07-11T05:50:52.450+0000] {dag.py:3239} INFO - Sync 1 DAGs
[2026-07-11T05:50:52.457+0000] {logging_mixin.py:190} INFO - [2026-07-11T05:50:52.457+0000] {dag.py:4180} INFO - Setting next_dagrun for dag_extract_catalogs to 2026-07-10 01:00:00+00:00, run_after=2026-07-11 01:00:00+00:00
[2026-07-11T05:50:52.464+0000] {processor.py:208} INFO - Processing /opt/airflow/dags/dag_extract_catalogs.py took 0.037 seconds
[2026-07-11T05:51:22.979+0000] {processor.py:186} INFO - Started process (PID=29403) to work on /opt/airflow/dags/dag_extract_catalogs.py
[2026-07-11T05:51:22.979+0000] {processor.py:914} INFO - Processing file /opt/airflow/dags/dag_extract_catalogs.py for tasks to queue
[2026-07-11T05:51:22.981+0000] {logging_mixin.py:190} INFO - [2026-07-11T05:51:22.981+0000] {dagbag.py:588} INFO - Filling up the DagBag from /opt/airflow/dags/dag_extract_catalogs.py
[2026-07-11T05:51:22.990+0000] {processor.py:925} INFO - DAG(s) 'dag_extract_catalogs' retrieved from /opt/airflow/dags/dag_extract_catalogs.py
[2026-07-11T05:51:22.999+0000] {logging_mixin.py:190} INFO - [2026-07-11T05:51:22.999+0000] {dag.py:3239} INFO - Sync 1 DAGs
[2026-07-11T05:51:23.007+0000] {logging_mixin.py:190} INFO - [2026-07-11T05:51:23.007+0000] {dag.py:4180} INFO - Setting next_dagrun for dag_extract_catalogs to 2026-07-10 01:00:00+00:00, run_after=2026-07-11 01:00:00+00:00
[2026-07-11T05:51:23.011+0000] {processor.py:208} INFO - Processing /opt/airflow/dags/dag_extract_catalogs.py took 0.036 seconds
[2026-07-11T05:51:53.443+0000] {processor.py:186} INFO - Started process (PID=29421) to work on /opt/airflow/dags/dag_extract_catalogs.py
[2026-07-11T05:51:53.444+0000] {processor.py:914} INFO - Processing file /opt/airflow/dags/dag_extract_catalogs.py for tasks to queue
[2026-07-11T05:51:53.445+0000] {logging_mixin.py:190} INFO - [2026-07-11T05:51:53.445+0000] {dagbag.py:588} INFO - Filling up the DagBag from /opt/airflow/dags/dag_extract_catalogs.py
[2026-07-11T05:51:53.452+0000] {processor.py:925} INFO - DAG(s) 'dag_extract_catalogs' retrieved from /opt/airflow/dags/dag_extract_catalogs.py
[2026-07-11T05:51:53.463+0000] {logging_mixin.py:190} INFO - [2026-07-11T05:51:53.463+0000] {dag.py:3239} INFO - Sync 1 DAGs
[2026-07-11T05:51:53.470+0000] {logging_mixin.py:190} INFO - [2026-07-11T05:51:53.470+0000] {dag.py:4180} INFO - Setting next_dagrun for dag_extract_catalogs to 2026-07-10 01:00:00+00:00, run_after=2026-07-11 01:00:00+00:00
[2026-07-11T05:51:53.478+0000] {processor.py:208} INFO - Processing /opt/airflow/dags/dag_extract_catalogs.py took 0.038 seconds
[2026-07-11T05:52:23.967+0000] {processor.py:186} INFO - Started process (PID=29441) to work on /opt/airflow/dags/dag_extract_catalogs.py
[2026-07-11T05:52:23.967+0000] {processor.py:914} INFO - Processing file /opt/airflow/dags/dag_extract_catalogs.py for tasks to queue
[2026-07-11T05:52:23.968+0000] {logging_mixin.py:190} INFO - [2026-07-11T05:52:23.968+0000] {dagbag.py:588} INFO - Filling up the DagBag from /opt/airflow/dags/dag_extract_catalogs.py
[2026-07-11T05:52:23.974+0000] {processor.py:925} INFO - DAG(s) 'dag_extract_catalogs' retrieved from /opt/airflow/dags/dag_extract_catalogs.py
[2026-07-11T05:52:23.987+0000] {logging_mixin.py:190} INFO - [2026-07-11T05:52:23.987+0000] {dag.py:3239} INFO - Sync 1 DAGs
[2026-07-11T05:52:23.995+0000] {logging_mixin.py:190} INFO - [2026-07-11T05:52:23.995+0000] {dag.py:4180} INFO - Setting next_dagrun for dag_extract_catalogs to 2026-07-10 01:00:00+00:00, run_after=2026-07-11 01:00:00+00:00
[2026-07-11T05:52:24.002+0000] {processor.py:208} INFO - Processing /opt/airflow/dags/dag_extract_catalogs.py took 0.038 seconds
[2026-07-11T05:52:54.499+0000] {processor.py:186} INFO - Started process (PID=29463) to work on /opt/airflow/dags/dag_extract_catalogs.py
[2026-07-11T05:52:54.499+0000] {processor.py:914} INFO - Processing file /opt/airflow/dags/dag_extract_catalogs.py for tasks to queue
[2026-07-11T05:52:54.500+0000] {logging_mixin.py:190} INFO - [2026-07-11T05:52:54.500+0000] {dagbag.py:588} INFO - Filling up the DagBag from /opt/airflow/dags/dag_extract_catalogs.py
[2026-07-11T05:52:54.505+0000] {processor.py:925} INFO - DAG(s) 'dag_extract_catalogs' retrieved from /opt/airflow/dags/dag_extract_catalogs.py
[2026-07-11T05:52:54.515+0000] {logging_mixin.py:190} INFO - [2026-07-11T05:52:54.515+0000] {dag.py:3239} INFO - Sync 1 DAGs
[2026-07-11T05:52:54.522+0000] {logging_mixin.py:190} INFO - [2026-07-11T05:52:54.522+0000] {dag.py:4180} INFO - Setting next_dagrun for dag_extract_catalogs to 2026-07-10 01:00:00+00:00, run_after=2026-07-11 01:00:00+00:00
[2026-07-11T05:52:54.526+0000] {processor.py:208} INFO - Processing /opt/airflow/dags/dag_extract_catalogs.py took 0.030 seconds
[2026-07-11T05:53:25.022+0000] {processor.py:186} INFO - Started process (PID=29483) to work on /opt/airflow/dags/dag_extract_catalogs.py
[2026-07-11T05:53:25.023+0000] {processor.py:914} INFO - Processing file /opt/airflow/dags/dag_extract_catalogs.py for tasks to queue
[2026-07-11T05:53:25.024+0000] {logging_mixin.py:190} INFO - [2026-07-11T05:53:25.023+0000] {dagbag.py:588} INFO - Filling up the DagBag from /opt/airflow/dags/dag_extract_catalogs.py
[2026-07-11T05:53:25.028+0000] {processor.py:925} INFO - DAG(s) 'dag_extract_catalogs' retrieved from /opt/airflow/dags/dag_extract_catalogs.py
[2026-07-11T05:53:25.038+0000] {logging_mixin.py:190} INFO - [2026-07-11T05:53:25.038+0000] {dag.py:3239} INFO - Sync 1 DAGs
[2026-07-11T05:53:25.045+0000] {logging_mixin.py:190} INFO - [2026-07-11T05:53:25.045+0000] {dag.py:4180} INFO - Setting next_dagrun for dag_extract_catalogs to 2026-07-10 01:00:00+00:00, run_after=2026-07-11 01:00:00+00:00
[2026-07-11T05:53:25.050+0000] {processor.py:208} INFO - Processing /opt/airflow/dags/dag_extract_catalogs.py took 0.030 seconds
[2026-07-11T05:53:55.466+0000] {processor.py:186} INFO - Started process (PID=29503) to work on /opt/airflow/dags/dag_extract_catalogs.py
[2026-07-11T05:53:55.466+0000] {processor.py:914} INFO - Processing file /opt/airflow/dags/dag_extract_catalogs.py for tasks to queue
[2026-07-11T05:53:55.467+0000] {logging_mixin.py:190} INFO - [2026-07-11T05:53:55.467+0000] {dagbag.py:588} INFO - Filling up the DagBag from /opt/airflow/dags/dag_extract_catalogs.py
[2026-07-11T05:53:55.472+0000] {processor.py:925} INFO - DAG(s) 'dag_extract_catalogs' retrieved from /opt/airflow/dags/dag_extract_catalogs.py
[2026-07-11T05:53:55.482+0000] {logging_mixin.py:190} INFO - [2026-07-11T05:53:55.482+0000] {dag.py:3239} INFO - Sync 1 DAGs
[2026-07-11T05:53:55.489+0000] {logging_mixin.py:190} INFO - [2026-07-11T05:53:55.489+0000] {dag.py:4180} INFO - Setting next_dagrun for dag_extract_catalogs to 2026-07-10 01:00:00+00:00, run_after=2026-07-11 01:00:00+00:00
[2026-07-11T05:53:55.493+0000] {processor.py:208} INFO - Processing /opt/airflow/dags/dag_extract_catalogs.py took 0.030 seconds
[2026-07-11T05:54:25.897+0000] {processor.py:186} INFO - Started process (PID=29521) to work on /opt/airflow/dags/dag_extract_catalogs.py
[2026-07-11T05:54:25.898+0000] {processor.py:914} INFO - Processing file /opt/airflow/dags/dag_extract_catalogs.py for tasks to queue
[2026-07-11T05:54:25.899+0000] {logging_mixin.py:190} INFO - [2026-07-11T05:54:25.899+0000] {dagbag.py:588} INFO - Filling up the DagBag from /opt/airflow/dags/dag_extract_catalogs.py
[2026-07-11T05:54:25.905+0000] {processor.py:925} INFO - DAG(s) 'dag_extract_catalogs' retrieved from /opt/airflow/dags/dag_extract_catalogs.py
[2026-07-11T05:54:25.918+0000] {logging_mixin.py:190} INFO - [2026-07-11T05:54:25.918+0000] {dag.py:3239} INFO - Sync 1 DAGs
[2026-07-11T05:54:25.927+0000] {logging_mixin.py:190} INFO - [2026-07-11T05:54:25.927+0000] {dag.py:4180} INFO - Setting next_dagrun for dag_extract_catalogs to 2026-07-10 01:00:00+00:00, run_after=2026-07-11 01:00:00+00:00
[2026-07-11T05:54:25.934+0000] {processor.py:208} INFO - Processing /opt/airflow/dags/dag_extract_catalogs.py took 0.039 seconds
[2026-07-11T05:54:56.486+0000] {processor.py:186} INFO - Started process (PID=29543) to work on /opt/airflow/dags/dag_extract_catalogs.py
[2026-07-11T05:54:56.486+0000] {processor.py:914} INFO - Processing file /opt/airflow/dags/dag_extract_catalogs.py for tasks to queue
[2026-07-11T05:54:56.487+0000] {logging_mixin.py:190} INFO - [2026-07-11T05:54:56.487+0000] {dagbag.py:588} INFO - Filling up the DagBag from /opt/airflow/dags/dag_extract_catalogs.py
[2026-07-11T05:54:56.491+0000] {processor.py:925} INFO - DAG(s) 'dag_extract_catalogs' retrieved from /opt/airflow/dags/dag_extract_catalogs.py
[2026-07-11T05:54:56.501+0000] {logging_mixin.py:190} INFO - [2026-07-11T05:54:56.501+0000] {dag.py:3239} INFO - Sync 1 DAGs
[2026-07-11T05:54:56.508+0000] {logging_mixin.py:190} INFO - [2026-07-11T05:54:56.508+0000] {dag.py:4180} INFO - Setting next_dagrun for dag_extract_catalogs to 2026-07-10 01:00:00+00:00, run_after=2026-07-11 01:00:00+00:00
[2026-07-11T05:54:56.513+0000] {processor.py:208} INFO - Processing /opt/airflow/dags/dag_extract_catalogs.py took 0.030 seconds
[2026-07-11T05:55:26.950+0000] {processor.py:186} INFO - Started process (PID=29561) to work on /opt/airflow/dags/dag_extract_catalogs.py
[2026-07-11T05:55:26.951+0000] {processor.py:914} INFO - Processing file /opt/airflow/dags/dag_extract_catalogs.py for tasks to queue
[2026-07-11T05:55:26.952+0000] {logging_mixin.py:190} INFO - [2026-07-11T05:55:26.952+0000] {dagbag.py:588} INFO - Filling up the DagBag from /opt/airflow/dags/dag_extract_catalogs.py
[2026-07-11T05:55:26.958+0000] {processor.py:925} INFO - DAG(s) 'dag_extract_catalogs' retrieved from /opt/airflow/dags/dag_extract_catalogs.py
[2026-07-11T05:55:26.973+0000] {logging_mixin.py:190} INFO - [2026-07-11T05:55:26.973+0000] {dag.py:3239} INFO - Sync 1 DAGs
[2026-07-11T05:55:26.982+0000] {logging_mixin.py:190} INFO - [2026-07-11T05:55:26.982+0000] {dag.py:4180} INFO - Setting next_dagrun for dag_extract_catalogs to 2026-07-10 01:00:00+00:00, run_after=2026-07-11 01:00:00+00:00
[2026-07-11T05:55:26.987+0000] {processor.py:208} INFO - Processing /opt/airflow/dags/dag_extract_catalogs.py took 0.039 seconds
[2026-07-11T05:55:57.464+0000] {processor.py:186} INFO - Started process (PID=29581) to work on /opt/airflow/dags/dag_extract_catalogs.py
[2026-07-11T05:55:57.465+0000] {processor.py:914} INFO - Processing file /opt/airflow/dags/dag_extract_catalogs.py for tasks to queue
[2026-07-11T05:55:57.466+0000] {logging_mixin.py:190} INFO - [2026-07-11T05:55:57.466+0000] {dagbag.py:588} INFO - Filling up the DagBag from /opt/airflow/dags/dag_extract_catalogs.py
[2026-07-11T05:55:57.473+0000] {processor.py:925} INFO - DAG(s) 'dag_extract_catalogs' retrieved from /opt/airflow/dags/dag_extract_catalogs.py
[2026-07-11T05:55:57.483+0000] {logging_mixin.py:190} INFO - [2026-07-11T05:55:57.483+0000] {dag.py:3239} INFO - Sync 1 DAGs
[2026-07-11T05:55:57.491+0000] {logging_mixin.py:190} INFO - [2026-07-11T05:55:57.490+0000] {dag.py:4180} INFO - Setting next_dagrun for dag_extract_catalogs to 2026-07-10 01:00:00+00:00, run_after=2026-07-11 01:00:00+00:00
[2026-07-11T05:55:57.498+0000] {processor.py:208} INFO - Processing /opt/airflow/dags/dag_extract_catalogs.py took 0.037 seconds
[2026-07-11T05:56:28.021+0000] {processor.py:186} INFO - Started process (PID=29603) to work on /opt/airflow/dags/dag_extract_catalogs.py
[2026-07-11T05:56:28.022+0000] {processor.py:914} INFO - Processing file /opt/airflow/dags/dag_extract_catalogs.py for tasks to queue
[2026-07-11T05:56:28.023+0000] {logging_mixin.py:190} INFO - [2026-07-11T05:56:28.022+0000] {dagbag.py:588} INFO - Filling up the DagBag from /opt/airflow/dags/dag_extract_catalogs.py
[2026-07-11T05:56:28.027+0000] {processor.py:925} INFO - DAG(s) 'dag_extract_catalogs' retrieved from /opt/airflow/dags/dag_extract_catalogs.py
[2026-07-11T05:56:28.037+0000] {logging_mixin.py:190} INFO - [2026-07-11T05:56:28.037+0000] {dag.py:3239} INFO - Sync 1 DAGs
[2026-07-11T05:56:28.044+0000] {logging_mixin.py:190} INFO - [2026-07-11T05:56:28.044+0000] {dag.py:4180} INFO - Setting next_dagrun for dag_extract_catalogs to 2026-07-10 01:00:00+00:00, run_after=2026-07-11 01:00:00+00:00
[2026-07-11T05:56:28.048+0000] {processor.py:208} INFO - Processing /opt/airflow/dags/dag_extract_catalogs.py took 0.030 seconds
[2026-07-11T05:56:58.506+0000] {processor.py:186} INFO - Started process (PID=29621) to work on /opt/airflow/dags/dag_extract_catalogs.py
[2026-07-11T05:56:58.507+0000] {processor.py:914} INFO - Processing file /opt/airflow/dags/dag_extract_catalogs.py for tasks to queue
[2026-07-11T05:56:58.508+0000] {logging_mixin.py:190} INFO - [2026-07-11T05:56:58.507+0000] {dagbag.py:588} INFO - Filling up the DagBag from /opt/airflow/dags/dag_extract_catalogs.py
[2026-07-11T05:56:58.512+0000] {processor.py:925} INFO - DAG(s) 'dag_extract_catalogs' retrieved from /opt/airflow/dags/dag_extract_catalogs.py
[2026-07-11T05:56:58.526+0000] {logging_mixin.py:190} INFO - [2026-07-11T05:56:58.526+0000] {dag.py:3239} INFO - Sync 1 DAGs
[2026-07-11T05:56:58.533+0000] {logging_mixin.py:190} INFO - [2026-07-11T05:56:58.533+0000] {dag.py:4180} INFO - Setting next_dagrun for dag_extract_catalogs to 2026-07-10 01:00:00+00:00, run_after=2026-07-11 01:00:00+00:00
[2026-07-11T05:56:58.540+0000] {processor.py:208} INFO - Processing /opt/airflow/dags/dag_extract_catalogs.py took 0.037 seconds
[2026-07-11T05:57:29.059+0000] {processor.py:186} INFO - Started process (PID=29643) to work on /opt/airflow/dags/dag_extract_catalogs.py
[2026-07-11T05:57:29.059+0000] {processor.py:914} INFO - Processing file /opt/airflow/dags/dag_extract_catalogs.py for tasks to queue
[2026-07-11T05:57:29.060+0000] {logging_mixin.py:190} INFO - [2026-07-11T05:57:29.060+0000] {dagbag.py:588} INFO - Filling up the DagBag from /opt/airflow/dags/dag_extract_catalogs.py
[2026-07-11T05:57:29.065+0000] {processor.py:925} INFO - DAG(s) 'dag_extract_catalogs' retrieved from /opt/airflow/dags/dag_extract_catalogs.py
[2026-07-11T05:57:29.075+0000] {logging_mixin.py:190} INFO - [2026-07-11T05:57:29.074+0000] {dag.py:3239} INFO - Sync 1 DAGs
[2026-07-11T05:57:29.082+0000] {logging_mixin.py:190} INFO - [2026-07-11T05:57:29.082+0000] {dag.py:4180} INFO - Setting next_dagrun for dag_extract_catalogs to 2026-07-10 01:00:00+00:00, run_after=2026-07-11 01:00:00+00:00
[2026-07-11T05:57:29.086+0000] {processor.py:208} INFO - Processing /opt/airflow/dags/dag_extract_catalogs.py took 0.030 seconds
[2026-07-11T05:57:59.512+0000] {processor.py:186} INFO - Started process (PID=29663) to work on /opt/airflow/dags/dag_extract_catalogs.py
[2026-07-11T05:57:59.512+0000] {processor.py:914} INFO - Processing file /opt/airflow/dags/dag_extract_catalogs.py for tasks to queue
[2026-07-11T05:57:59.513+0000] {logging_mixin.py:190} INFO - [2026-07-11T05:57:59.513+0000] {dagbag.py:588} INFO - Filling up the DagBag from /opt/airflow/dags/dag_extract_catalogs.py
[2026-07-11T05:57:59.518+0000] {processor.py:925} INFO - DAG(s) 'dag_extract_catalogs' retrieved from /opt/airflow/dags/dag_extract_catalogs.py
[2026-07-11T05:57:59.527+0000] {logging_mixin.py:190} INFO - [2026-07-11T05:57:59.527+0000] {dag.py:3239} INFO - Sync 1 DAGs
[2026-07-11T05:57:59.534+0000] {logging_mixin.py:190} INFO - [2026-07-11T05:57:59.534+0000] {dag.py:4180} INFO - Setting next_dagrun for dag_extract_catalogs to 2026-07-10 01:00:00+00:00, run_after=2026-07-11 01:00:00+00:00
[2026-07-11T05:57:59.539+0000] {processor.py:208} INFO - Processing /opt/airflow/dags/dag_extract_catalogs.py took 0.030 seconds
[2026-07-11T05:58:30.014+0000] {processor.py:186} INFO - Started process (PID=29683) to work on /opt/airflow/dags/dag_extract_catalogs.py
[2026-07-11T05:58:30.014+0000] {processor.py:914} INFO - Processing file /opt/airflow/dags/dag_extract_catalogs.py for tasks to queue
[2026-07-11T05:58:30.015+0000] {logging_mixin.py:190} INFO - [2026-07-11T05:58:30.015+0000] {dagbag.py:588} INFO - Filling up the DagBag from /opt/airflow/dags/dag_extract_catalogs.py
[2026-07-11T05:58:30.020+0000] {processor.py:925} INFO - DAG(s) 'dag_extract_catalogs' retrieved from /opt/airflow/dags/dag_extract_catalogs.py
[2026-07-11T05:58:30.030+0000] {logging_mixin.py:190} INFO - [2026-07-11T05:58:30.030+0000] {dag.py:3239} INFO - Sync 1 DAGs
[2026-07-11T05:58:30.037+0000] {logging_mixin.py:190} INFO - [2026-07-11T05:58:30.037+0000] {dag.py:4180} INFO - Setting next_dagrun for dag_extract_catalogs to 2026-07-10 01:00:00+00:00, run_after=2026-07-11 01:00:00+00:00
[2026-07-11T05:58:30.042+0000] {processor.py:208} INFO - Processing /opt/airflow/dags/dag_extract_catalogs.py took 0.030 seconds
[2026-07-11T05:59:00.482+0000] {processor.py:186} INFO - Started process (PID=29703) to work on /opt/airflow/dags/dag_extract_catalogs.py
[2026-07-11T05:59:00.483+0000] {processor.py:914} INFO - Processing file /opt/airflow/dags/dag_extract_catalogs.py for tasks to queue
[2026-07-11T05:59:00.483+0000] {logging_mixin.py:190} INFO - [2026-07-11T05:59:00.483+0000] {dagbag.py:588} INFO - Filling up the DagBag from /opt/airflow/dags/dag_extract_catalogs.py
[2026-07-11T05:59:00.488+0000] {processor.py:925} INFO - DAG(s) 'dag_extract_catalogs' retrieved from /opt/airflow/dags/dag_extract_catalogs.py
[2026-07-11T05:59:00.498+0000] {logging_mixin.py:190} INFO - [2026-07-11T05:59:00.498+0000] {dag.py:3239} INFO - Sync 1 DAGs
[2026-07-11T05:59:00.505+0000] {logging_mixin.py:190} INFO - [2026-07-11T05:59:00.505+0000] {dag.py:4180} INFO - Setting next_dagrun for dag_extract_catalogs to 2026-07-10 01:00:00+00:00, run_after=2026-07-11 01:00:00+00:00
[2026-07-11T05:59:00.510+0000] {processor.py:208} INFO - Processing /opt/airflow/dags/dag_extract_catalogs.py took 0.030 seconds
[2026-07-11T05:59:30.974+0000] {processor.py:186} INFO - Started process (PID=29721) to work on /opt/airflow/dags/dag_extract_catalogs.py
[2026-07-11T05:59:30.975+0000] {processor.py:914} INFO - Processing file /opt/airflow/dags/dag_extract_catalogs.py for tasks to queue
[2026-07-11T05:59:30.976+0000] {logging_mixin.py:190} INFO - [2026-07-11T05:59:30.976+0000] {dagbag.py:588} INFO - Filling up the DagBag from /opt/airflow/dags/dag_extract_catalogs.py
[2026-07-11T05:59:30.982+0000] {processor.py:925} INFO - DAG(s) 'dag_extract_catalogs' retrieved from /opt/airflow/dags/dag_extract_catalogs.py
[2026-07-11T05:59:30.994+0000] {logging_mixin.py:190} INFO - [2026-07-11T05:59:30.994+0000] {dag.py:3239} INFO - Sync 1 DAGs
[2026-07-11T05:59:31.001+0000] {logging_mixin.py:190} INFO - [2026-07-11T05:59:31.000+0000] {dag.py:4180} INFO - Setting next_dagrun for dag_extract_catalogs to 2026-07-10 01:00:00+00:00, run_after=2026-07-11 01:00:00+00:00
[2026-07-11T05:59:31.008+0000] {processor.py:208} INFO - Processing /opt/airflow/dags/dag_extract_catalogs.py took 0.036 seconds
[2026-07-11T06:00:01.564+0000] {processor.py:186} INFO - Started process (PID=29743) to work on /opt/airflow/dags/dag_extract_catalogs.py
[2026-07-11T06:00:01.564+0000] {processor.py:914} INFO - Processing file /opt/airflow/dags/dag_extract_catalogs.py for tasks to queue
[2026-07-11T06:00:01.565+0000] {logging_mixin.py:190} INFO - [2026-07-11T06:00:01.565+0000] {dagbag.py:588} INFO - Filling up the DagBag from /opt/airflow/dags/dag_extract_catalogs.py
[2026-07-11T06:00:01.570+0000] {processor.py:925} INFO - DAG(s) 'dag_extract_catalogs' retrieved from /opt/airflow/dags/dag_extract_catalogs.py
[2026-07-11T06:00:01.580+0000] {logging_mixin.py:190} INFO - [2026-07-11T06:00:01.580+0000] {dag.py:3239} INFO - Sync 1 DAGs
[2026-07-11T06:00:01.587+0000] {logging_mixin.py:190} INFO - [2026-07-11T06:00:01.587+0000] {dag.py:4180} INFO - Setting next_dagrun for dag_extract_catalogs to 2026-07-10 01:00:00+00:00, run_after=2026-07-11 01:00:00+00:00
[2026-07-11T06:00:01.591+0000] {processor.py:208} INFO - Processing /opt/airflow/dags/dag_extract_catalogs.py took 0.030 seconds
[2026-07-11T06:00:32.023+0000] {processor.py:186} INFO - Started process (PID=29763) to work on /opt/airflow/dags/dag_extract_catalogs.py
[2026-07-11T06:00:32.023+0000] {processor.py:914} INFO - Processing file /opt/airflow/dags/dag_extract_catalogs.py for tasks to queue
[2026-07-11T06:00:32.024+0000] {logging_mixin.py:190} INFO - [2026-07-11T06:00:32.024+0000] {dagbag.py:588} INFO - Filling up the DagBag from /opt/airflow/dags/dag_extract_catalogs.py
[2026-07-11T06:00:32.029+0000] {processor.py:925} INFO - DAG(s) 'dag_extract_catalogs' retrieved from /opt/airflow/dags/dag_extract_catalogs.py
[2026-07-11T06:00:32.039+0000] {logging_mixin.py:190} INFO - [2026-07-11T06:00:32.039+0000] {dag.py:3239} INFO - Sync 1 DAGs
[2026-07-11T06:00:32.046+0000] {logging_mixin.py:190} INFO - [2026-07-11T06:00:32.046+0000] {dag.py:4180} INFO - Setting next_dagrun for dag_extract_catalogs to 2026-07-10 01:00:00+00:00, run_after=2026-07-11 01:00:00+00:00
[2026-07-11T06:00:32.051+0000] {processor.py:208} INFO - Processing /opt/airflow/dags/dag_extract_catalogs.py took 0.030 seconds
[2026-07-11T06:01:02.497+0000] {processor.py:186} INFO - Started process (PID=29781) to work on /opt/airflow/dags/dag_extract_catalogs.py
[2026-07-11T06:01:02.498+0000] {processor.py:914} INFO - Processing file /opt/airflow/dags/dag_extract_catalogs.py for tasks to queue
[2026-07-11T06:01:02.499+0000] {logging_mixin.py:190} INFO - [2026-07-11T06:01:02.499+0000] {dagbag.py:588} INFO - Filling up the DagBag from /opt/airflow/dags/dag_extract_catalogs.py
[2026-07-11T06:01:02.507+0000] {processor.py:925} INFO - DAG(s) 'dag_extract_catalogs' retrieved from /opt/airflow/dags/dag_extract_catalogs.py
[2026-07-11T06:01:02.521+0000] {logging_mixin.py:190} INFO - [2026-07-11T06:01:02.521+0000] {dag.py:3239} INFO - Sync 1 DAGs
[2026-07-11T06:01:02.528+0000] {logging_mixin.py:190} INFO - [2026-07-11T06:01:02.528+0000] {dag.py:4180} INFO - Setting next_dagrun for dag_extract_catalogs to 2026-07-10 01:00:00+00:00, run_after=2026-07-11 01:00:00+00:00
[2026-07-11T06:01:02.533+0000] {processor.py:208} INFO - Processing /opt/airflow/dags/dag_extract_catalogs.py took 0.039 seconds
[2026-07-11T06:01:32.977+0000] {processor.py:186} INFO - Started process (PID=29801) to work on /opt/airflow/dags/dag_extract_catalogs.py
[2026-07-11T06:01:32.978+0000] {processor.py:914} INFO - Processing file /opt/airflow/dags/dag_extract_catalogs.py for tasks to queue
[2026-07-11T06:01:32.979+0000] {logging_mixin.py:190} INFO - [2026-07-11T06:01:32.979+0000] {dagbag.py:588} INFO - Filling up the DagBag from /opt/airflow/dags/dag_extract_catalogs.py
[2026-07-11T06:01:32.985+0000] {processor.py:925} INFO - DAG(s) 'dag_extract_catalogs' retrieved from /opt/airflow/dags/dag_extract_catalogs.py
[2026-07-11T06:01:32.998+0000] {logging_mixin.py:190} INFO - [2026-07-11T06:01:32.998+0000] {dag.py:3239} INFO - Sync 1 DAGs
[2026-07-11T06:01:33.005+0000] {logging_mixin.py:190} INFO - [2026-07-11T06:01:33.005+0000] {dag.py:4180} INFO - Setting next_dagrun for dag_extract_catalogs to 2026-07-10 01:00:00+00:00, run_after=2026-07-11 01:00:00+00:00
[2026-07-11T06:01:33.013+0000] {processor.py:208} INFO - Processing /opt/airflow/dags/dag_extract_catalogs.py took 0.039 seconds
[2026-07-11T06:02:03.494+0000] {processor.py:186} INFO - Started process (PID=29821) to work on /opt/airflow/dags/dag_extract_catalogs.py
[2026-07-11T06:02:03.495+0000] {processor.py:914} INFO - Processing file /opt/airflow/dags/dag_extract_catalogs.py for tasks to queue
[2026-07-11T06:02:03.496+0000] {logging_mixin.py:190} INFO - [2026-07-11T06:02:03.495+0000] {dagbag.py:588} INFO - Filling up the DagBag from /opt/airflow/dags/dag_extract_catalogs.py
[2026-07-11T06:02:03.501+0000] {processor.py:925} INFO - DAG(s) 'dag_extract_catalogs' retrieved from /opt/airflow/dags/dag_extract_catalogs.py
[2026-07-11T06:02:03.515+0000] {logging_mixin.py:190} INFO - [2026-07-11T06:02:03.515+0000] {dag.py:3239} INFO - Sync 1 DAGs
[2026-07-11T06:02:03.524+0000] {logging_mixin.py:190} INFO - [2026-07-11T06:02:03.524+0000] {dag.py:4180} INFO - Setting next_dagrun for dag_extract_catalogs to 2026-07-10 01:00:00+00:00, run_after=2026-07-11 01:00:00+00:00
[2026-07-11T06:02:03.530+0000] {processor.py:208} INFO - Processing /opt/airflow/dags/dag_extract_catalogs.py took 0.039 seconds
[2026-07-11T06:02:34.044+0000] {processor.py:186} INFO - Started process (PID=29843) to work on /opt/airflow/dags/dag_extract_catalogs.py
[2026-07-11T06:02:34.045+0000] {processor.py:914} INFO - Processing file /opt/airflow/dags/dag_extract_catalogs.py for tasks to queue
[2026-07-11T06:02:34.046+0000] {logging_mixin.py:190} INFO - [2026-07-11T06:02:34.045+0000] {dagbag.py:588} INFO - Filling up the DagBag from /opt/airflow/dags/dag_extract_catalogs.py
[2026-07-11T06:02:34.050+0000] {processor.py:925} INFO - DAG(s) 'dag_extract_catalogs' retrieved from /opt/airflow/dags/dag_extract_catalogs.py
[2026-07-11T06:02:34.060+0000] {logging_mixin.py:190} INFO - [2026-07-11T06:02:34.060+0000] {dag.py:3239} INFO - Sync 1 DAGs
[2026-07-11T06:02:34.067+0000] {logging_mixin.py:190} INFO - [2026-07-11T06:02:34.067+0000] {dag.py:4180} INFO - Setting next_dagrun for dag_extract_catalogs to 2026-07-10 01:00:00+00:00, run_after=2026-07-11 01:00:00+00:00
[2026-07-11T06:02:34.072+0000] {processor.py:208} INFO - Processing /opt/airflow/dags/dag_extract_catalogs.py took 0.030 seconds
[2026-07-11T06:03:04.549+0000] {processor.py:186} INFO - Started process (PID=29863) to work on /opt/airflow/dags/dag_extract_catalogs.py
[2026-07-11T06:03:04.549+0000] {processor.py:914} INFO - Processing file /opt/airflow/dags/dag_extract_catalogs.py for tasks to queue
[2026-07-11T06:03:04.550+0000] {logging_mixin.py:190} INFO - [2026-07-11T06:03:04.550+0000] {dagbag.py:588} INFO - Filling up the DagBag from /opt/airflow/dags/dag_extract_catalogs.py
[2026-07-11T06:03:04.555+0000] {processor.py:925} INFO - DAG(s) 'dag_extract_catalogs' retrieved from /opt/airflow/dags/dag_extract_catalogs.py
[2026-07-11T06:03:04.565+0000] {logging_mixin.py:190} INFO - [2026-07-11T06:03:04.565+0000] {dag.py:3239} INFO - Sync 1 DAGs
[2026-07-11T06:03:04.572+0000] {logging_mixin.py:190} INFO - [2026-07-11T06:03:04.571+0000] {dag.py:4180} INFO - Setting next_dagrun for dag_extract_catalogs to 2026-07-10 01:00:00+00:00, run_after=2026-07-11 01:00:00+00:00
[2026-07-11T06:03:04.576+0000] {processor.py:208} INFO - Processing /opt/airflow/dags/dag_extract_catalogs.py took 0.030 seconds
[2026-07-11T06:03:35.012+0000] {processor.py:186} INFO - Started process (PID=29883) to work on /opt/airflow/dags/dag_extract_catalogs.py
[2026-07-11T06:03:35.012+0000] {processor.py:914} INFO - Processing file /opt/airflow/dags/dag_extract_catalogs.py for tasks to queue
[2026-07-11T06:03:35.013+0000] {logging_mixin.py:190} INFO - [2026-07-11T06:03:35.013+0000] {dagbag.py:588} INFO - Filling up the DagBag from /opt/airflow/dags/dag_extract_catalogs.py
[2026-07-11T06:03:35.018+0000] {processor.py:925} INFO - DAG(s) 'dag_extract_catalogs' retrieved from /opt/airflow/dags/dag_extract_catalogs.py
[2026-07-11T06:03:35.028+0000] {logging_mixin.py:190} INFO - [2026-07-11T06:03:35.028+0000] {dag.py:3239} INFO - Sync 1 DAGs
[2026-07-11T06:03:35.035+0000] {logging_mixin.py:190} INFO - [2026-07-11T06:03:35.035+0000] {dag.py:4180} INFO - Setting next_dagrun for dag_extract_catalogs to 2026-07-10 01:00:00+00:00, run_after=2026-07-11 01:00:00+00:00
[2026-07-11T06:03:35.040+0000] {processor.py:208} INFO - Processing /opt/airflow/dags/dag_extract_catalogs.py took 0.030 seconds
[2026-07-11T06:04:05.501+0000] {processor.py:186} INFO - Started process (PID=29901) to work on /opt/airflow/dags/dag_extract_catalogs.py
[2026-07-11T06:04:05.501+0000] {processor.py:914} INFO - Processing file /opt/airflow/dags/dag_extract_catalogs.py for tasks to queue
[2026-07-11T06:04:05.504+0000] {logging_mixin.py:190} INFO - [2026-07-11T06:04:05.504+0000] {dagbag.py:588} INFO - Filling up the DagBag from /opt/airflow/dags/dag_extract_catalogs.py
[2026-07-11T06:04:05.513+0000] {processor.py:925} INFO - DAG(s) 'dag_extract_catalogs' retrieved from /opt/airflow/dags/dag_extract_catalogs.py
[2026-07-11T06:04:05.527+0000] {logging_mixin.py:190} INFO - [2026-07-11T06:04:05.526+0000] {dag.py:3239} INFO - Sync 1 DAGs
[2026-07-11T06:04:05.534+0000] {logging_mixin.py:190} INFO - [2026-07-11T06:04:05.534+0000] {dag.py:4180} INFO - Setting next_dagrun for dag_extract_catalogs to 2026-07-10 01:00:00+00:00, run_after=2026-07-11 01:00:00+00:00
[2026-07-11T06:04:05.545+0000] {processor.py:208} INFO - Processing /opt/airflow/dags/dag_extract_catalogs.py took 0.046 seconds
[2026-07-11T06:04:36.056+0000] {processor.py:186} INFO - Started process (PID=29921) to work on /opt/airflow/dags/dag_extract_catalogs.py
[2026-07-11T06:04:36.059+0000] {processor.py:914} INFO - Processing file /opt/airflow/dags/dag_extract_catalogs.py for tasks to queue
[2026-07-11T06:04:36.060+0000] {logging_mixin.py:190} INFO - [2026-07-11T06:04:36.060+0000] {dagbag.py:588} INFO - Filling up the DagBag from /opt/airflow/dags/dag_extract_catalogs.py
[2026-07-11T06:04:36.066+0000] {processor.py:925} INFO - DAG(s) 'dag_extract_catalogs' retrieved from /opt/airflow/dags/dag_extract_catalogs.py
[2026-07-11T06:04:36.081+0000] {logging_mixin.py:190} INFO - [2026-07-11T06:04:36.081+0000] {dag.py:3239} INFO - Sync 1 DAGs
[2026-07-11T06:04:36.089+0000] {logging_mixin.py:190} INFO - [2026-07-11T06:04:36.089+0000] {dag.py:4180} INFO - Setting next_dagrun for dag_extract_catalogs to 2026-07-10 01:00:00+00:00, run_after=2026-07-11 01:00:00+00:00
[2026-07-11T06:04:36.097+0000] {processor.py:208} INFO - Processing /opt/airflow/dags/dag_extract_catalogs.py took 0.044 seconds
[2026-07-11T06:05:06.630+0000] {processor.py:186} INFO - Started process (PID=29943) to work on /opt/airflow/dags/dag_extract_catalogs.py
[2026-07-11T06:05:06.631+0000] {processor.py:914} INFO - Processing file /opt/airflow/dags/dag_extract_catalogs.py for tasks to queue
[2026-07-11T06:05:06.632+0000] {logging_mixin.py:190} INFO - [2026-07-11T06:05:06.632+0000] {dagbag.py:588} INFO - Filling up the DagBag from /opt/airflow/dags/dag_extract_catalogs.py
[2026-07-11T06:05:06.637+0000] {processor.py:925} INFO - DAG(s) 'dag_extract_catalogs' retrieved from /opt/airflow/dags/dag_extract_catalogs.py
[2026-07-11T06:05:06.648+0000] {logging_mixin.py:190} INFO - [2026-07-11T06:05:06.648+0000] {dag.py:3239} INFO - Sync 1 DAGs
[2026-07-11T06:05:06.656+0000] {logging_mixin.py:190} INFO - [2026-07-11T06:05:06.656+0000] {dag.py:4180} INFO - Setting next_dagrun for dag_extract_catalogs to 2026-07-10 01:00:00+00:00, run_after=2026-07-11 01:00:00+00:00
[2026-07-11T06:05:06.661+0000] {processor.py:208} INFO - Processing /opt/airflow/dags/dag_extract_catalogs.py took 0.036 seconds
[2026-07-11T06:05:37.070+0000] {processor.py:186} INFO - Started process (PID=29963) to work on /opt/airflow/dags/dag_extract_catalogs.py
[2026-07-11T06:05:37.071+0000] {processor.py:914} INFO - Processing file /opt/airflow/dags/dag_extract_catalogs.py for tasks to queue
[2026-07-11T06:05:37.071+0000] {logging_mixin.py:190} INFO - [2026-07-11T06:05:37.071+0000] {dagbag.py:588} INFO - Filling up the DagBag from /opt/airflow/dags/dag_extract_catalogs.py
[2026-07-11T06:05:37.076+0000] {processor.py:925} INFO - DAG(s) 'dag_extract_catalogs' retrieved from /opt/airflow/dags/dag_extract_catalogs.py
[2026-07-11T06:05:37.086+0000] {logging_mixin.py:190} INFO - [2026-07-11T06:05:37.086+0000] {dag.py:3239} INFO - Sync 1 DAGs
[2026-07-11T06:05:37.093+0000] {logging_mixin.py:190} INFO - [2026-07-11T06:05:37.093+0000] {dag.py:4180} INFO - Setting next_dagrun for dag_extract_catalogs to 2026-07-10 01:00:00+00:00, run_after=2026-07-11 01:00:00+00:00
[2026-07-11T06:05:37.098+0000] {processor.py:208} INFO - Processing /opt/airflow/dags/dag_extract_catalogs.py took 0.030 seconds
[2026-07-11T06:06:07.521+0000] {processor.py:186} INFO - Started process (PID=29983) to work on /opt/airflow/dags/dag_extract_catalogs.py
[2026-07-11T06:06:07.521+0000] {processor.py:914} INFO - Processing file /opt/airflow/dags/dag_extract_catalogs.py for tasks to queue
[2026-07-11T06:06:07.522+0000] {logging_mixin.py:190} INFO - [2026-07-11T06:06:07.522+0000] {dagbag.py:588} INFO - Filling up the DagBag from /opt/airflow/dags/dag_extract_catalogs.py
[2026-07-11T06:06:07.527+0000] {processor.py:925} INFO - DAG(s) 'dag_extract_catalogs' retrieved from /opt/airflow/dags/dag_extract_catalogs.py
[2026-07-11T06:06:07.537+0000] {logging_mixin.py:190} INFO - [2026-07-11T06:06:07.537+0000] {dag.py:3239} INFO - Sync 1 DAGs
[2026-07-11T06:06:07.544+0000] {logging_mixin.py:190} INFO - [2026-07-11T06:06:07.544+0000] {dag.py:4180} INFO - Setting next_dagrun for dag_extract_catalogs to 2026-07-10 01:00:00+00:00, run_after=2026-07-11 01:00:00+00:00
[2026-07-11T06:06:07.549+0000] {processor.py:208} INFO - Processing /opt/airflow/dags/dag_extract_catalogs.py took 0.030 seconds
[2026-07-11T06:06:37.965+0000] {processor.py:186} INFO - Started process (PID=30003) to work on /opt/airflow/dags/dag_extract_catalogs.py
[2026-07-11T06:06:37.966+0000] {processor.py:914} INFO - Processing file /opt/airflow/dags/dag_extract_catalogs.py for tasks to queue
[2026-07-11T06:06:37.967+0000] {logging_mixin.py:190} INFO - [2026-07-11T06:06:37.966+0000] {dagbag.py:588} INFO - Filling up the DagBag from /opt/airflow/dags/dag_extract_catalogs.py
[2026-07-11T06:06:37.971+0000] {processor.py:925} INFO - DAG(s) 'dag_extract_catalogs' retrieved from /opt/airflow/dags/dag_extract_catalogs.py
[2026-07-11T06:06:37.981+0000] {logging_mixin.py:190} INFO - [2026-07-11T06:06:37.981+0000] {dag.py:3239} INFO - Sync 1 DAGs
[2026-07-11T06:06:37.989+0000] {logging_mixin.py:190} INFO - [2026-07-11T06:06:37.989+0000] {dag.py:4180} INFO - Setting next_dagrun for dag_extract_catalogs to 2026-07-10 01:00:00+00:00, run_after=2026-07-11 01:00:00+00:00
[2026-07-11T06:06:37.993+0000] {processor.py:208} INFO - Processing /opt/airflow/dags/dag_extract_catalogs.py took 0.031 seconds
[2026-07-11T06:07:08.426+0000] {processor.py:186} INFO - Started process (PID=30023) to work on /opt/airflow/dags/dag_extract_catalogs.py
[2026-07-11T06:07:08.427+0000] {processor.py:914} INFO - Processing file /opt/airflow/dags/dag_extract_catalogs.py for tasks to queue
[2026-07-11T06:07:08.428+0000] {logging_mixin.py:190} INFO - [2026-07-11T06:07:08.428+0000] {dagbag.py:588} INFO - Filling up the DagBag from /opt/airflow/dags/dag_extract_catalogs.py
[2026-07-11T06:07:08.433+0000] {processor.py:925} INFO - DAG(s) 'dag_extract_catalogs' retrieved from /opt/airflow/dags/dag_extract_catalogs.py
[2026-07-11T06:07:08.443+0000] {logging_mixin.py:190} INFO - [2026-07-11T06:07:08.443+0000] {dag.py:3239} INFO - Sync 1 DAGs
[2026-07-11T06:07:08.450+0000] {logging_mixin.py:190} INFO - [2026-07-11T06:07:08.450+0000] {dag.py:4180} INFO - Setting next_dagrun for dag_extract_catalogs to 2026-07-10 01:00:00+00:00, run_after=2026-07-11 01:00:00+00:00
[2026-07-11T06:07:08.454+0000] {processor.py:208} INFO - Processing /opt/airflow/dags/dag_extract_catalogs.py took 0.031 seconds
[2026-07-11T06:07:38.845+0000] {processor.py:186} INFO - Started process (PID=30043) to work on /opt/airflow/dags/dag_extract_catalogs.py
[2026-07-11T06:07:38.845+0000] {processor.py:914} INFO - Processing file /opt/airflow/dags/dag_extract_catalogs.py for tasks to queue
[2026-07-11T06:07:38.846+0000] {logging_mixin.py:190} INFO - [2026-07-11T06:07:38.846+0000] {dagbag.py:588} INFO - Filling up the DagBag from /opt/airflow/dags/dag_extract_catalogs.py
[2026-07-11T06:07:38.851+0000] {processor.py:925} INFO - DAG(s) 'dag_extract_catalogs' retrieved from /opt/airflow/dags/dag_extract_catalogs.py
[2026-07-11T06:07:38.861+0000] {logging_mixin.py:190} INFO - [2026-07-11T06:07:38.861+0000] {dag.py:3239} INFO - Sync 1 DAGs
[2026-07-11T06:07:38.868+0000] {logging_mixin.py:190} INFO - [2026-07-11T06:07:38.868+0000] {dag.py:4180} INFO - Setting next_dagrun for dag_extract_catalogs to 2026-07-10 01:00:00+00:00, run_after=2026-07-11 01:00:00+00:00
[2026-07-11T06:07:38.873+0000] {processor.py:208} INFO - Processing /opt/airflow/dags/dag_extract_catalogs.py took 0.030 seconds
[2026-07-11T06:08:09.384+0000] {processor.py:186} INFO - Started process (PID=30063) to work on /opt/airflow/dags/dag_extract_catalogs.py
[2026-07-11T06:08:09.385+0000] {processor.py:914} INFO - Processing file /opt/airflow/dags/dag_extract_catalogs.py for tasks to queue
[2026-07-11T06:08:09.386+0000] {logging_mixin.py:190} INFO - [2026-07-11T06:08:09.386+0000] {dagbag.py:588} INFO - Filling up the DagBag from /opt/airflow/dags/dag_extract_catalogs.py
[2026-07-11T06:08:09.391+0000] {processor.py:925} INFO - DAG(s) 'dag_extract_catalogs' retrieved from /opt/airflow/dags/dag_extract_catalogs.py
[2026-07-11T06:08:09.404+0000] {logging_mixin.py:190} INFO - [2026-07-11T06:08:09.404+0000] {dag.py:3239} INFO - Sync 1 DAGs
[2026-07-11T06:08:09.412+0000] {logging_mixin.py:190} INFO - [2026-07-11T06:08:09.412+0000] {dag.py:4180} INFO - Setting next_dagrun for dag_extract_catalogs to 2026-07-10 01:00:00+00:00, run_after=2026-07-11 01:00:00+00:00
[2026-07-11T06:08:09.516+0000] {processor.py:208} INFO - Processing /opt/airflow/dags/dag_extract_catalogs.py took 0.136 seconds
[2026-07-11T06:08:39.863+0000] {processor.py:186} INFO - Started process (PID=30083) to work on /opt/airflow/dags/dag_extract_catalogs.py
[2026-07-11T06:08:39.863+0000] {processor.py:914} INFO - Processing file /opt/airflow/dags/dag_extract_catalogs.py for tasks to queue
[2026-07-11T06:08:39.864+0000] {logging_mixin.py:190} INFO - [2026-07-11T06:08:39.864+0000] {dagbag.py:588} INFO - Filling up the DagBag from /opt/airflow/dags/dag_extract_catalogs.py
[2026-07-11T06:08:39.869+0000] {processor.py:925} INFO - DAG(s) 'dag_extract_catalogs' retrieved from /opt/airflow/dags/dag_extract_catalogs.py
[2026-07-11T06:08:39.879+0000] {logging_mixin.py:190} INFO - [2026-07-11T06:08:39.879+0000] {dag.py:3239} INFO - Sync 1 DAGs
[2026-07-11T06:08:39.886+0000] {logging_mixin.py:190} INFO - [2026-07-11T06:08:39.886+0000] {dag.py:4180} INFO - Setting next_dagrun for dag_extract_catalogs to 2026-07-10 01:00:00+00:00, run_after=2026-07-11 01:00:00+00:00
[2026-07-11T06:08:39.891+0000] {processor.py:208} INFO - Processing /opt/airflow/dags/dag_extract_catalogs.py took 0.031 seconds
[2026-07-11T06:09:10.361+0000] {processor.py:186} INFO - Started process (PID=30101) to work on /opt/airflow/dags/dag_extract_catalogs.py
[2026-07-11T06:09:10.361+0000] {processor.py:914} INFO - Processing file /opt/airflow/dags/dag_extract_catalogs.py for tasks to queue
[2026-07-11T06:09:10.363+0000] {logging_mixin.py:190} INFO - [2026-07-11T06:09:10.363+0000] {dagbag.py:588} INFO - Filling up the DagBag from /opt/airflow/dags/dag_extract_catalogs.py
[2026-07-11T06:09:10.369+0000] {processor.py:925} INFO - DAG(s) 'dag_extract_catalogs' retrieved from /opt/airflow/dags/dag_extract_catalogs.py
[2026-07-11T06:09:10.381+0000] {logging_mixin.py:190} INFO - [2026-07-11T06:09:10.381+0000] {dag.py:3239} INFO - Sync 1 DAGs
[2026-07-11T06:09:10.389+0000] {logging_mixin.py:190} INFO - [2026-07-11T06:09:10.389+0000] {dag.py:4180} INFO - Setting next_dagrun for dag_extract_catalogs to 2026-07-10 01:00:00+00:00, run_after=2026-07-11 01:00:00+00:00
[2026-07-11T06:09:10.396+0000] {processor.py:208} INFO - Processing /opt/airflow/dags/dag_extract_catalogs.py took 0.038 seconds
[2026-07-11T06:09:40.876+0000] {processor.py:186} INFO - Started process (PID=30123) to work on /opt/airflow/dags/dag_extract_catalogs.py
[2026-07-11T06:09:40.876+0000] {processor.py:914} INFO - Processing file /opt/airflow/dags/dag_extract_catalogs.py for tasks to queue
[2026-07-11T06:09:40.877+0000] {logging_mixin.py:190} INFO - [2026-07-11T06:09:40.877+0000] {dagbag.py:588} INFO - Filling up the DagBag from /opt/airflow/dags/dag_extract_catalogs.py
[2026-07-11T06:09:40.882+0000] {processor.py:925} INFO - DAG(s) 'dag_extract_catalogs' retrieved from /opt/airflow/dags/dag_extract_catalogs.py
[2026-07-11T06:09:40.893+0000] {logging_mixin.py:190} INFO - [2026-07-11T06:09:40.892+0000] {dag.py:3239} INFO - Sync 1 DAGs
[2026-07-11T06:09:40.900+0000] {logging_mixin.py:190} INFO - [2026-07-11T06:09:40.900+0000] {dag.py:4180} INFO - Setting next_dagrun for dag_extract_catalogs to 2026-07-10 01:00:00+00:00, run_after=2026-07-11 01:00:00+00:00
[2026-07-11T06:09:41.001+0000] {processor.py:208} INFO - Processing /opt/airflow/dags/dag_extract_catalogs.py took 0.128 seconds
[2026-07-11T06:10:11.411+0000] {processor.py:186} INFO - Started process (PID=30143) to work on /opt/airflow/dags/dag_extract_catalogs.py
[2026-07-11T06:10:11.412+0000] {processor.py:914} INFO - Processing file /opt/airflow/dags/dag_extract_catalogs.py for tasks to queue
[2026-07-11T06:10:11.413+0000] {logging_mixin.py:190} INFO - [2026-07-11T06:10:11.412+0000] {dagbag.py:588} INFO - Filling up the DagBag from /opt/airflow/dags/dag_extract_catalogs.py
[2026-07-11T06:10:11.418+0000] {processor.py:925} INFO - DAG(s) 'dag_extract_catalogs' retrieved from /opt/airflow/dags/dag_extract_catalogs.py
[2026-07-11T06:10:11.428+0000] {logging_mixin.py:190} INFO - [2026-07-11T06:10:11.428+0000] {dag.py:3239} INFO - Sync 1 DAGs
[2026-07-11T06:10:11.435+0000] {logging_mixin.py:190} INFO - [2026-07-11T06:10:11.435+0000] {dag.py:4180} INFO - Setting next_dagrun for dag_extract_catalogs to 2026-07-10 01:00:00+00:00, run_after=2026-07-11 01:00:00+00:00
[2026-07-11T06:10:11.439+0000] {processor.py:208} INFO - Processing /opt/airflow/dags/dag_extract_catalogs.py took 0.030 seconds
[2026-07-11T06:10:41.909+0000] {processor.py:186} INFO - Started process (PID=30161) to work on /opt/airflow/dags/dag_extract_catalogs.py
[2026-07-11T06:10:41.909+0000] {processor.py:914} INFO - Processing file /opt/airflow/dags/dag_extract_catalogs.py for tasks to queue
[2026-07-11T06:10:41.910+0000] {logging_mixin.py:190} INFO - [2026-07-11T06:10:41.910+0000] {dagbag.py:588} INFO - Filling up the DagBag from /opt/airflow/dags/dag_extract_catalogs.py
[2026-07-11T06:10:41.916+0000] {processor.py:925} INFO - DAG(s) 'dag_extract_catalogs' retrieved from /opt/airflow/dags/dag_extract_catalogs.py
[2026-07-11T06:10:41.928+0000] {logging_mixin.py:190} INFO - [2026-07-11T06:10:41.928+0000] {dag.py:3239} INFO - Sync 1 DAGs
[2026-07-11T06:10:41.997+0000] {logging_mixin.py:190} INFO - [2026-07-11T06:10:41.997+0000] {dag.py:4180} INFO - Setting next_dagrun for dag_extract_catalogs to 2026-07-10 01:00:00+00:00, run_after=2026-07-11 01:00:00+00:00
[2026-07-11T06:10:42.002+0000] {processor.py:208} INFO - Processing /opt/airflow/dags/dag_extract_catalogs.py took 0.096 seconds
[2026-07-11T06:11:12.555+0000] {processor.py:186} INFO - Started process (PID=30183) to work on /opt/airflow/dags/dag_extract_catalogs.py
[2026-07-11T06:11:12.556+0000] {processor.py:914} INFO - Processing file /opt/airflow/dags/dag_extract_catalogs.py for tasks to queue
[2026-07-11T06:11:12.557+0000] {logging_mixin.py:190} INFO - [2026-07-11T06:11:12.557+0000] {dagbag.py:588} INFO - Filling up the DagBag from /opt/airflow/dags/dag_extract_catalogs.py
[2026-07-11T06:11:12.561+0000] {processor.py:925} INFO - DAG(s) 'dag_extract_catalogs' retrieved from /opt/airflow/dags/dag_extract_catalogs.py
[2026-07-11T06:11:12.572+0000] {logging_mixin.py:190} INFO - [2026-07-11T06:11:12.571+0000] {dag.py:3239} INFO - Sync 1 DAGs
[2026-07-11T06:11:12.579+0000] {logging_mixin.py:190} INFO - [2026-07-11T06:11:12.579+0000] {dag.py:4180} INFO - Setting next_dagrun for dag_extract_catalogs to 2026-07-10 01:00:00+00:00, run_after=2026-07-11 01:00:00+00:00
[2026-07-11T06:11:12.583+0000] {processor.py:208} INFO - Processing /opt/airflow/dags/dag_extract_catalogs.py took 0.030 seconds
[2026-07-11T06:11:42.976+0000] {processor.py:186} INFO - Started process (PID=30203) to work on /opt/airflow/dags/dag_extract_catalogs.py
[2026-07-11T06:11:42.977+0000] {processor.py:914} INFO - Processing file /opt/airflow/dags/dag_extract_catalogs.py for tasks to queue
[2026-07-11T06:11:42.977+0000] {logging_mixin.py:190} INFO - [2026-07-11T06:11:42.977+0000] {dagbag.py:588} INFO - Filling up the DagBag from /opt/airflow/dags/dag_extract_catalogs.py
[2026-07-11T06:11:42.982+0000] {processor.py:925} INFO - DAG(s) 'dag_extract_catalogs' retrieved from /opt/airflow/dags/dag_extract_catalogs.py
[2026-07-11T06:11:42.992+0000] {logging_mixin.py:190} INFO - [2026-07-11T06:11:42.992+0000] {dag.py:3239} INFO - Sync 1 DAGs
[2026-07-11T06:11:42.999+0000] {logging_mixin.py:190} INFO - [2026-07-11T06:11:42.999+0000] {dag.py:4180} INFO - Setting next_dagrun for dag_extract_catalogs to 2026-07-10 01:00:00+00:00, run_after=2026-07-11 01:00:00+00:00
[2026-07-11T06:11:43.004+0000] {processor.py:208} INFO - Processing /opt/airflow/dags/dag_extract_catalogs.py took 0.030 seconds
[2026-07-11T06:12:13.453+0000] {processor.py:186} INFO - Started process (PID=30223) to work on /opt/airflow/dags/dag_extract_catalogs.py
[2026-07-11T06:12:13.454+0000] {processor.py:914} INFO - Processing file /opt/airflow/dags/dag_extract_catalogs.py for tasks to queue
[2026-07-11T06:12:13.454+0000] {logging_mixin.py:190} INFO - [2026-07-11T06:12:13.454+0000] {dagbag.py:588} INFO - Filling up the DagBag from /opt/airflow/dags/dag_extract_catalogs.py
[2026-07-11T06:12:13.459+0000] {processor.py:925} INFO - DAG(s) 'dag_extract_catalogs' retrieved from /opt/airflow/dags/dag_extract_catalogs.py
[2026-07-11T06:12:13.470+0000] {logging_mixin.py:190} INFO - [2026-07-11T06:12:13.470+0000] {dag.py:3239} INFO - Sync 1 DAGs
[2026-07-11T06:12:13.477+0000] {logging_mixin.py:190} INFO - [2026-07-11T06:12:13.477+0000] {dag.py:4180} INFO - Setting next_dagrun for dag_extract_catalogs to 2026-07-10 01:00:00+00:00, run_after=2026-07-11 01:00:00+00:00
[2026-07-11T06:12:13.482+0000] {processor.py:208} INFO - Processing /opt/airflow/dags/dag_extract_catalogs.py took 0.031 seconds
[2026-07-11T06:12:43.802+0000] {processor.py:186} INFO - Started process (PID=30241) to work on /opt/airflow/dags/dag_extract_catalogs.py
[2026-07-11T06:12:43.802+0000] {processor.py:914} INFO - Processing file /opt/airflow/dags/dag_extract_catalogs.py for tasks to queue
[2026-07-11T06:12:43.804+0000] {logging_mixin.py:190} INFO - [2026-07-11T06:12:43.804+0000] {dagbag.py:588} INFO - Filling up the DagBag from /opt/airflow/dags/dag_extract_catalogs.py
[2026-07-11T06:12:43.810+0000] {processor.py:925} INFO - DAG(s) 'dag_extract_catalogs' retrieved from /opt/airflow/dags/dag_extract_catalogs.py
[2026-07-11T06:12:43.823+0000] {logging_mixin.py:190} INFO - [2026-07-11T06:12:43.823+0000] {dag.py:3239} INFO - Sync 1 DAGs
[2026-07-11T06:12:43.832+0000] {logging_mixin.py:190} INFO - [2026-07-11T06:12:43.832+0000] {dag.py:4180} INFO - Setting next_dagrun for dag_extract_catalogs to 2026-07-10 01:00:00+00:00, run_after=2026-07-11 01:00:00+00:00
[2026-07-11T06:12:43.838+0000] {processor.py:208} INFO - Processing /opt/airflow/dags/dag_extract_catalogs.py took 0.039 seconds
[2026-07-11T06:13:14.308+0000] {processor.py:186} INFO - Started process (PID=30263) to work on /opt/airflow/dags/dag_extract_catalogs.py
[2026-07-11T06:13:14.308+0000] {processor.py:914} INFO - Processing file /opt/airflow/dags/dag_extract_catalogs.py for tasks to queue
[2026-07-11T06:13:14.309+0000] {logging_mixin.py:190} INFO - [2026-07-11T06:13:14.309+0000] {dagbag.py:588} INFO - Filling up the DagBag from /opt/airflow/dags/dag_extract_catalogs.py
[2026-07-11T06:13:14.314+0000] {processor.py:925} INFO - DAG(s) 'dag_extract_catalogs' retrieved from /opt/airflow/dags/dag_extract_catalogs.py
[2026-07-11T06:13:14.324+0000] {logging_mixin.py:190} INFO - [2026-07-11T06:13:14.324+0000] {dag.py:3239} INFO - Sync 1 DAGs
[2026-07-11T06:13:14.331+0000] {logging_mixin.py:190} INFO - [2026-07-11T06:13:14.331+0000] {dag.py:4180} INFO - Setting next_dagrun for dag_extract_catalogs to 2026-07-10 01:00:00+00:00, run_after=2026-07-11 01:00:00+00:00
[2026-07-11T06:13:14.335+0000] {processor.py:208} INFO - Processing /opt/airflow/dags/dag_extract_catalogs.py took 0.030 seconds
[2026-07-11T06:13:44.785+0000] {processor.py:186} INFO - Started process (PID=30283) to work on /opt/airflow/dags/dag_extract_catalogs.py
[2026-07-11T06:13:44.786+0000] {processor.py:914} INFO - Processing file /opt/airflow/dags/dag_extract_catalogs.py for tasks to queue
[2026-07-11T06:13:44.786+0000] {logging_mixin.py:190} INFO - [2026-07-11T06:13:44.786+0000] {dagbag.py:588} INFO - Filling up the DagBag from /opt/airflow/dags/dag_extract_catalogs.py
[2026-07-11T06:13:44.791+0000] {processor.py:925} INFO - DAG(s) 'dag_extract_catalogs' retrieved from /opt/airflow/dags/dag_extract_catalogs.py
[2026-07-11T06:13:44.801+0000] {logging_mixin.py:190} INFO - [2026-07-11T06:13:44.801+0000] {dag.py:3239} INFO - Sync 1 DAGs
[2026-07-11T06:13:44.809+0000] {logging_mixin.py:190} INFO - [2026-07-11T06:13:44.808+0000] {dag.py:4180} INFO - Setting next_dagrun for dag_extract_catalogs to 2026-07-10 01:00:00+00:00, run_after=2026-07-11 01:00:00+00:00
[2026-07-11T06:13:44.813+0000] {processor.py:208} INFO - Processing /opt/airflow/dags/dag_extract_catalogs.py took 0.031 seconds
[2026-07-11T06:14:15.245+0000] {processor.py:186} INFO - Started process (PID=30303) to work on /opt/airflow/dags/dag_extract_catalogs.py
[2026-07-11T06:14:15.245+0000] {processor.py:914} INFO - Processing file /opt/airflow/dags/dag_extract_catalogs.py for tasks to queue
[2026-07-11T06:14:15.246+0000] {logging_mixin.py:190} INFO - [2026-07-11T06:14:15.246+0000] {dagbag.py:588} INFO - Filling up the DagBag from /opt/airflow/dags/dag_extract_catalogs.py
[2026-07-11T06:14:15.251+0000] {processor.py:925} INFO - DAG(s) 'dag_extract_catalogs' retrieved from /opt/airflow/dags/dag_extract_catalogs.py
[2026-07-11T06:14:15.261+0000] {logging_mixin.py:190} INFO - [2026-07-11T06:14:15.261+0000] {dag.py:3239} INFO - Sync 1 DAGs
[2026-07-11T06:14:15.268+0000] {logging_mixin.py:190} INFO - [2026-07-11T06:14:15.268+0000] {dag.py:4180} INFO - Setting next_dagrun for dag_extract_catalogs to 2026-07-10 01:00:00+00:00, run_after=2026-07-11 01:00:00+00:00
[2026-07-11T06:14:15.273+0000] {processor.py:208} INFO - Processing /opt/airflow/dags/dag_extract_catalogs.py took 0.031 seconds
[2026-07-11T06:14:45.705+0000] {processor.py:186} INFO - Started process (PID=30323) to work on /opt/airflow/dags/dag_extract_catalogs.py
[2026-07-11T06:14:45.705+0000] {processor.py:914} INFO - Processing file /opt/airflow/dags/dag_extract_catalogs.py for tasks to queue
[2026-07-11T06:14:45.706+0000] {logging_mixin.py:190} INFO - [2026-07-11T06:14:45.706+0000] {dagbag.py:588} INFO - Filling up the DagBag from /opt/airflow/dags/dag_extract_catalogs.py
[2026-07-11T06:14:45.712+0000] {processor.py:925} INFO - DAG(s) 'dag_extract_catalogs' retrieved from /opt/airflow/dags/dag_extract_catalogs.py
[2026-07-11T06:14:45.721+0000] {logging_mixin.py:190} INFO - [2026-07-11T06:14:45.721+0000] {dag.py:3239} INFO - Sync 1 DAGs
[2026-07-11T06:14:45.729+0000] {logging_mixin.py:190} INFO - [2026-07-11T06:14:45.729+0000] {dag.py:4180} INFO - Setting next_dagrun for dag_extract_catalogs to 2026-07-10 01:00:00+00:00, run_after=2026-07-11 01:00:00+00:00
[2026-07-11T06:14:45.734+0000] {processor.py:208} INFO - Processing /opt/airflow/dags/dag_extract_catalogs.py took 0.031 seconds
[2026-07-11T06:15:16.101+0000] {processor.py:186} INFO - Started process (PID=30341) to work on /opt/airflow/dags/dag_extract_catalogs.py
[2026-07-11T06:15:16.101+0000] {processor.py:914} INFO - Processing file /opt/airflow/dags/dag_extract_catalogs.py for tasks to queue
[2026-07-11T06:15:16.102+0000] {logging_mixin.py:190} INFO - [2026-07-11T06:15:16.102+0000] {dagbag.py:588} INFO - Filling up the DagBag from /opt/airflow/dags/dag_extract_catalogs.py
[2026-07-11T06:15:16.107+0000] {processor.py:925} INFO - DAG(s) 'dag_extract_catalogs' retrieved from /opt/airflow/dags/dag_extract_catalogs.py
[2026-07-11T06:15:16.118+0000] {logging_mixin.py:190} INFO - [2026-07-11T06:15:16.118+0000] {dag.py:3239} INFO - Sync 1 DAGs
[2026-07-11T06:15:16.126+0000] {logging_mixin.py:190} INFO - [2026-07-11T06:15:16.126+0000] {dag.py:4180} INFO - Setting next_dagrun for dag_extract_catalogs to 2026-07-10 01:00:00+00:00, run_after=2026-07-11 01:00:00+00:00
[2026-07-11T06:15:16.133+0000] {processor.py:208} INFO - Processing /opt/airflow/dags/dag_extract_catalogs.py took 0.035 seconds
[2026-07-11T06:15:46.574+0000] {processor.py:186} INFO - Started process (PID=30361) to work on /opt/airflow/dags/dag_extract_catalogs.py
[2026-07-11T06:15:46.575+0000] {processor.py:914} INFO - Processing file /opt/airflow/dags/dag_extract_catalogs.py for tasks to queue
[2026-07-11T06:15:46.576+0000] {logging_mixin.py:190} INFO - [2026-07-11T06:15:46.576+0000] {dagbag.py:588} INFO - Filling up the DagBag from /opt/airflow/dags/dag_extract_catalogs.py
[2026-07-11T06:15:46.582+0000] {processor.py:925} INFO - DAG(s) 'dag_extract_catalogs' retrieved from /opt/airflow/dags/dag_extract_catalogs.py
[2026-07-11T06:15:46.593+0000] {logging_mixin.py:190} INFO - [2026-07-11T06:15:46.593+0000] {dag.py:3239} INFO - Sync 1 DAGs
[2026-07-11T06:15:46.601+0000] {logging_mixin.py:190} INFO - [2026-07-11T06:15:46.601+0000] {dag.py:4180} INFO - Setting next_dagrun for dag_extract_catalogs to 2026-07-10 01:00:00+00:00, run_after=2026-07-11 01:00:00+00:00
[2026-07-11T06:15:46.609+0000] {processor.py:208} INFO - Processing /opt/airflow/dags/dag_extract_catalogs.py took 0.037 seconds
[2026-07-11T06:16:17.081+0000] {processor.py:186} INFO - Started process (PID=30383) to work on /opt/airflow/dags/dag_extract_catalogs.py
[2026-07-11T06:16:17.081+0000] {processor.py:914} INFO - Processing file /opt/airflow/dags/dag_extract_catalogs.py for tasks to queue
[2026-07-11T06:16:17.082+0000] {logging_mixin.py:190} INFO - [2026-07-11T06:16:17.082+0000] {dagbag.py:588} INFO - Filling up the DagBag from /opt/airflow/dags/dag_extract_catalogs.py
[2026-07-11T06:16:17.087+0000] {processor.py:925} INFO - DAG(s) 'dag_extract_catalogs' retrieved from /opt/airflow/dags/dag_extract_catalogs.py
[2026-07-11T06:16:17.097+0000] {logging_mixin.py:190} INFO - [2026-07-11T06:16:17.097+0000] {dag.py:3239} INFO - Sync 1 DAGs
[2026-07-11T06:16:17.104+0000] {logging_mixin.py:190} INFO - [2026-07-11T06:16:17.104+0000] {dag.py:4180} INFO - Setting next_dagrun for dag_extract_catalogs to 2026-07-10 01:00:00+00:00, run_after=2026-07-11 01:00:00+00:00
[2026-07-11T06:16:17.108+0000] {processor.py:208} INFO - Processing /opt/airflow/dags/dag_extract_catalogs.py took 0.030 seconds
[2026-07-11T06:16:47.583+0000] {processor.py:186} INFO - Started process (PID=30403) to work on /opt/airflow/dags/dag_extract_catalogs.py
[2026-07-11T06:16:47.583+0000] {processor.py:914} INFO - Processing file /opt/airflow/dags/dag_extract_catalogs.py for tasks to queue
[2026-07-11T06:16:47.584+0000] {logging_mixin.py:190} INFO - [2026-07-11T06:16:47.584+0000] {dagbag.py:588} INFO - Filling up the DagBag from /opt/airflow/dags/dag_extract_catalogs.py
[2026-07-11T06:16:47.589+0000] {processor.py:925} INFO - DAG(s) 'dag_extract_catalogs' retrieved from /opt/airflow/dags/dag_extract_catalogs.py
[2026-07-11T06:16:47.599+0000] {logging_mixin.py:190} INFO - [2026-07-11T06:16:47.599+0000] {dag.py:3239} INFO - Sync 1 DAGs
[2026-07-11T06:16:47.606+0000] {logging_mixin.py:190} INFO - [2026-07-11T06:16:47.606+0000] {dag.py:4180} INFO - Setting next_dagrun for dag_extract_catalogs to 2026-07-10 01:00:00+00:00, run_after=2026-07-11 01:00:00+00:00
[2026-07-11T06:16:47.610+0000] {processor.py:208} INFO - Processing /opt/airflow/dags/dag_extract_catalogs.py took 0.030 seconds
[2026-07-11T06:17:18.063+0000] {processor.py:186} INFO - Started process (PID=30423) to work on /opt/airflow/dags/dag_extract_catalogs.py
[2026-07-11T06:17:18.064+0000] {processor.py:914} INFO - Processing file /opt/airflow/dags/dag_extract_catalogs.py for tasks to queue
[2026-07-11T06:17:18.065+0000] {logging_mixin.py:190} INFO - [2026-07-11T06:17:18.065+0000] {dagbag.py:588} INFO - Filling up the DagBag from /opt/airflow/dags/dag_extract_catalogs.py
[2026-07-11T06:17:18.070+0000] {processor.py:925} INFO - DAG(s) 'dag_extract_catalogs' retrieved from /opt/airflow/dags/dag_extract_catalogs.py
[2026-07-11T06:17:18.080+0000] {logging_mixin.py:190} INFO - [2026-07-11T06:17:18.080+0000] {dag.py:3239} INFO - Sync 1 DAGs
[2026-07-11T06:17:18.088+0000] {logging_mixin.py:190} INFO - [2026-07-11T06:17:18.088+0000] {dag.py:4180} INFO - Setting next_dagrun for dag_extract_catalogs to 2026-07-10 01:00:00+00:00, run_after=2026-07-11 01:00:00+00:00
[2026-07-11T06:17:18.092+0000] {processor.py:208} INFO - Processing /opt/airflow/dags/dag_extract_catalogs.py took 0.032 seconds
[2026-07-11T06:17:48.557+0000] {processor.py:186} INFO - Started process (PID=30443) to work on /opt/airflow/dags/dag_extract_catalogs.py
[2026-07-11T06:17:48.558+0000] {processor.py:914} INFO - Processing file /opt/airflow/dags/dag_extract_catalogs.py for tasks to queue
[2026-07-11T06:17:48.559+0000] {logging_mixin.py:190} INFO - [2026-07-11T06:17:48.559+0000] {dagbag.py:588} INFO - Filling up the DagBag from /opt/airflow/dags/dag_extract_catalogs.py
[2026-07-11T06:17:48.563+0000] {processor.py:925} INFO - DAG(s) 'dag_extract_catalogs' retrieved from /opt/airflow/dags/dag_extract_catalogs.py
[2026-07-11T06:17:48.574+0000] {logging_mixin.py:190} INFO - [2026-07-11T06:17:48.574+0000] {dag.py:3239} INFO - Sync 1 DAGs
[2026-07-11T06:17:48.581+0000] {logging_mixin.py:190} INFO - [2026-07-11T06:17:48.581+0000] {dag.py:4180} INFO - Setting next_dagrun for dag_extract_catalogs to 2026-07-10 01:00:00+00:00, run_after=2026-07-11 01:00:00+00:00
[2026-07-11T06:17:48.586+0000] {processor.py:208} INFO - Processing /opt/airflow/dags/dag_extract_catalogs.py took 0.031 seconds
[2026-07-11T06:18:19.044+0000] {processor.py:186} INFO - Started process (PID=30463) to work on /opt/airflow/dags/dag_extract_catalogs.py
[2026-07-11T06:18:19.044+0000] {processor.py:914} INFO - Processing file /opt/airflow/dags/dag_extract_catalogs.py for tasks to queue
[2026-07-11T06:18:19.045+0000] {logging_mixin.py:190} INFO - [2026-07-11T06:18:19.045+0000] {dagbag.py:588} INFO - Filling up the DagBag from /opt/airflow/dags/dag_extract_catalogs.py
[2026-07-11T06:18:19.050+0000] {processor.py:925} INFO - DAG(s) 'dag_extract_catalogs' retrieved from /opt/airflow/dags/dag_extract_catalogs.py
[2026-07-11T06:18:19.060+0000] {logging_mixin.py:190} INFO - [2026-07-11T06:18:19.060+0000] {dag.py:3239} INFO - Sync 1 DAGs
[2026-07-11T06:18:19.067+0000] {logging_mixin.py:190} INFO - [2026-07-11T06:18:19.067+0000] {dag.py:4180} INFO - Setting next_dagrun for dag_extract_catalogs to 2026-07-10 01:00:00+00:00, run_after=2026-07-11 01:00:00+00:00
[2026-07-11T06:18:19.072+0000] {processor.py:208} INFO - Processing /opt/airflow/dags/dag_extract_catalogs.py took 0.031 seconds
[2026-07-11T06:18:49.590+0000] {processor.py:186} INFO - Started process (PID=30483) to work on /opt/airflow/dags/dag_extract_catalogs.py
[2026-07-11T06:18:49.591+0000] {processor.py:914} INFO - Processing file /opt/airflow/dags/dag_extract_catalogs.py for tasks to queue
[2026-07-11T06:18:49.592+0000] {logging_mixin.py:190} INFO - [2026-07-11T06:18:49.592+0000] {dagbag.py:588} INFO - Filling up the DagBag from /opt/airflow/dags/dag_extract_catalogs.py
[2026-07-11T06:18:49.598+0000] {processor.py:925} INFO - DAG(s) 'dag_extract_catalogs' retrieved from /opt/airflow/dags/dag_extract_catalogs.py
[2026-07-11T06:18:49.609+0000] {logging_mixin.py:190} INFO - [2026-07-11T06:18:49.609+0000] {dag.py:3239} INFO - Sync 1 DAGs
[2026-07-11T06:18:49.617+0000] {logging_mixin.py:190} INFO - [2026-07-11T06:18:49.617+0000] {dag.py:4180} INFO - Setting next_dagrun for dag_extract_catalogs to 2026-07-10 01:00:00+00:00, run_after=2026-07-11 01:00:00+00:00
[2026-07-11T06:18:49.622+0000] {processor.py:208} INFO - Processing /opt/airflow/dags/dag_extract_catalogs.py took 0.035 seconds
[2026-07-11T06:19:19.977+0000] {processor.py:186} INFO - Started process (PID=30501) to work on /opt/airflow/dags/dag_extract_catalogs.py
[2026-07-11T06:19:19.978+0000] {processor.py:914} INFO - Processing file /opt/airflow/dags/dag_extract_catalogs.py for tasks to queue
[2026-07-11T06:19:19.979+0000] {logging_mixin.py:190} INFO - [2026-07-11T06:19:19.979+0000] {dagbag.py:588} INFO - Filling up the DagBag from /opt/airflow/dags/dag_extract_catalogs.py
[2026-07-11T06:19:19.986+0000] {processor.py:925} INFO - DAG(s) 'dag_extract_catalogs' retrieved from /opt/airflow/dags/dag_extract_catalogs.py
[2026-07-11T06:19:19.998+0000] {logging_mixin.py:190} INFO - [2026-07-11T06:19:19.998+0000] {dag.py:3239} INFO - Sync 1 DAGs
[2026-07-11T06:19:20.005+0000] {logging_mixin.py:190} INFO - [2026-07-11T06:19:20.005+0000] {dag.py:4180} INFO - Setting next_dagrun for dag_extract_catalogs to 2026-07-10 01:00:00+00:00, run_after=2026-07-11 01:00:00+00:00
[2026-07-11T06:19:20.013+0000] {processor.py:208} INFO - Processing /opt/airflow/dags/dag_extract_catalogs.py took 0.039 seconds
[2026-07-11T06:19:50.488+0000] {processor.py:186} INFO - Started process (PID=30523) to work on /opt/airflow/dags/dag_extract_catalogs.py
[2026-07-11T06:19:50.488+0000] {processor.py:914} INFO - Processing file /opt/airflow/dags/dag_extract_catalogs.py for tasks to queue
[2026-07-11T06:19:50.489+0000] {logging_mixin.py:190} INFO - [2026-07-11T06:19:50.489+0000] {dagbag.py:588} INFO - Filling up the DagBag from /opt/airflow/dags/dag_extract_catalogs.py
[2026-07-11T06:19:50.494+0000] {processor.py:925} INFO - DAG(s) 'dag_extract_catalogs' retrieved from /opt/airflow/dags/dag_extract_catalogs.py
[2026-07-11T06:19:50.504+0000] {logging_mixin.py:190} INFO - [2026-07-11T06:19:50.504+0000] {dag.py:3239} INFO - Sync 1 DAGs
[2026-07-11T06:19:50.511+0000] {logging_mixin.py:190} INFO - [2026-07-11T06:19:50.511+0000] {dag.py:4180} INFO - Setting next_dagrun for dag_extract_catalogs to 2026-07-10 01:00:00+00:00, run_after=2026-07-11 01:00:00+00:00
[2026-07-11T06:19:50.516+0000] {processor.py:208} INFO - Processing /opt/airflow/dags/dag_extract_catalogs.py took 0.030 seconds
[2026-07-11T06:20:20.947+0000] {processor.py:186} INFO - Started process (PID=30543) to work on /opt/airflow/dags/dag_extract_catalogs.py
[2026-07-11T06:20:20.947+0000] {processor.py:914} INFO - Processing file /opt/airflow/dags/dag_extract_catalogs.py for tasks to queue
[2026-07-11T06:20:20.948+0000] {logging_mixin.py:190} INFO - [2026-07-11T06:20:20.948+0000] {dagbag.py:588} INFO - Filling up the DagBag from /opt/airflow/dags/dag_extract_catalogs.py
[2026-07-11T06:20:20.953+0000] {processor.py:925} INFO - DAG(s) 'dag_extract_catalogs' retrieved from /opt/airflow/dags/dag_extract_catalogs.py
[2026-07-11T06:20:20.963+0000] {logging_mixin.py:190} INFO - [2026-07-11T06:20:20.963+0000] {dag.py:3239} INFO - Sync 1 DAGs
[2026-07-11T06:20:20.971+0000] {logging_mixin.py:190} INFO - [2026-07-11T06:20:20.971+0000] {dag.py:4180} INFO - Setting next_dagrun for dag_extract_catalogs to 2026-07-10 01:00:00+00:00, run_after=2026-07-11 01:00:00+00:00
[2026-07-11T06:20:20.975+0000] {processor.py:208} INFO - Processing /opt/airflow/dags/dag_extract_catalogs.py took 0.031 seconds
[2026-07-11T06:20:51.449+0000] {processor.py:186} INFO - Started process (PID=30563) to work on /opt/airflow/dags/dag_extract_catalogs.py
[2026-07-11T06:20:51.450+0000] {processor.py:914} INFO - Processing file /opt/airflow/dags/dag_extract_catalogs.py for tasks to queue
[2026-07-11T06:20:51.451+0000] {logging_mixin.py:190} INFO - [2026-07-11T06:20:51.450+0000] {dagbag.py:588} INFO - Filling up the DagBag from /opt/airflow/dags/dag_extract_catalogs.py
[2026-07-11T06:20:51.456+0000] {processor.py:925} INFO - DAG(s) 'dag_extract_catalogs' retrieved from /opt/airflow/dags/dag_extract_catalogs.py
[2026-07-11T06:20:51.466+0000] {logging_mixin.py:190} INFO - [2026-07-11T06:20:51.465+0000] {dag.py:3239} INFO - Sync 1 DAGs
[2026-07-11T06:20:51.473+0000] {logging_mixin.py:190} INFO - [2026-07-11T06:20:51.472+0000] {dag.py:4180} INFO - Setting next_dagrun for dag_extract_catalogs to 2026-07-10 01:00:00+00:00, run_after=2026-07-11 01:00:00+00:00
[2026-07-11T06:20:51.477+0000] {processor.py:208} INFO - Processing /opt/airflow/dags/dag_extract_catalogs.py took 0.030 seconds
[2026-07-11T06:21:21.845+0000] {processor.py:186} INFO - Started process (PID=30583) to work on /opt/airflow/dags/dag_extract_catalogs.py
[2026-07-11T06:21:21.845+0000] {processor.py:914} INFO - Processing file /opt/airflow/dags/dag_extract_catalogs.py for tasks to queue
[2026-07-11T06:21:21.846+0000] {logging_mixin.py:190} INFO - [2026-07-11T06:21:21.846+0000] {dagbag.py:588} INFO - Filling up the DagBag from /opt/airflow/dags/dag_extract_catalogs.py
[2026-07-11T06:21:21.851+0000] {processor.py:925} INFO - DAG(s) 'dag_extract_catalogs' retrieved from /opt/airflow/dags/dag_extract_catalogs.py
[2026-07-11T06:21:21.861+0000] {logging_mixin.py:190} INFO - [2026-07-11T06:21:21.861+0000] {dag.py:3239} INFO - Sync 1 DAGs
[2026-07-11T06:21:21.868+0000] {logging_mixin.py:190} INFO - [2026-07-11T06:21:21.868+0000] {dag.py:4180} INFO - Setting next_dagrun for dag_extract_catalogs to 2026-07-10 01:00:00+00:00, run_after=2026-07-11 01:00:00+00:00
[2026-07-11T06:21:21.873+0000] {processor.py:208} INFO - Processing /opt/airflow/dags/dag_extract_catalogs.py took 0.030 seconds
[2026-07-11T06:21:52.303+0000] {processor.py:186} INFO - Started process (PID=30603) to work on /opt/airflow/dags/dag_extract_catalogs.py
[2026-07-11T06:21:52.303+0000] {processor.py:914} INFO - Processing file /opt/airflow/dags/dag_extract_catalogs.py for tasks to queue
[2026-07-11T06:21:52.304+0000] {logging_mixin.py:190} INFO - [2026-07-11T06:21:52.304+0000] {dagbag.py:588} INFO - Filling up the DagBag from /opt/airflow/dags/dag_extract_catalogs.py
[2026-07-11T06:21:52.309+0000] {processor.py:925} INFO - DAG(s) 'dag_extract_catalogs' retrieved from /opt/airflow/dags/dag_extract_catalogs.py
[2026-07-11T06:21:52.319+0000] {logging_mixin.py:190} INFO - [2026-07-11T06:21:52.319+0000] {dag.py:3239} INFO - Sync 1 DAGs
[2026-07-11T06:21:52.326+0000] {logging_mixin.py:190} INFO - [2026-07-11T06:21:52.326+0000] {dag.py:4180} INFO - Setting next_dagrun for dag_extract_catalogs to 2026-07-10 01:00:00+00:00, run_after=2026-07-11 01:00:00+00:00
[2026-07-11T06:21:52.331+0000] {processor.py:208} INFO - Processing /opt/airflow/dags/dag_extract_catalogs.py took 0.030 seconds
[2026-07-11T06:22:22.733+0000] {processor.py:186} INFO - Started process (PID=30621) to work on /opt/airflow/dags/dag_extract_catalogs.py
[2026-07-11T06:22:22.733+0000] {processor.py:914} INFO - Processing file /opt/airflow/dags/dag_extract_catalogs.py for tasks to queue
[2026-07-11T06:22:22.734+0000] {logging_mixin.py:190} INFO - [2026-07-11T06:22:22.734+0000] {dagbag.py:588} INFO - Filling up the DagBag from /opt/airflow/dags/dag_extract_catalogs.py
[2026-07-11T06:22:22.740+0000] {processor.py:925} INFO - DAG(s) 'dag_extract_catalogs' retrieved from /opt/airflow/dags/dag_extract_catalogs.py
[2026-07-11T06:22:22.755+0000] {logging_mixin.py:190} INFO - [2026-07-11T06:22:22.755+0000] {dag.py:3239} INFO - Sync 1 DAGs
[2026-07-11T06:22:22.763+0000] {logging_mixin.py:190} INFO - [2026-07-11T06:22:22.763+0000] {dag.py:4180} INFO - Setting next_dagrun for dag_extract_catalogs to 2026-07-10 01:00:00+00:00, run_after=2026-07-11 01:00:00+00:00
[2026-07-11T06:22:22.768+0000] {processor.py:208} INFO - Processing /opt/airflow/dags/dag_extract_catalogs.py took 0.038 seconds
[2026-07-11T06:22:53.230+0000] {processor.py:186} INFO - Started process (PID=30643) to work on /opt/airflow/dags/dag_extract_catalogs.py
[2026-07-11T06:22:53.230+0000] {processor.py:914} INFO - Processing file /opt/airflow/dags/dag_extract_catalogs.py for tasks to queue
[2026-07-11T06:22:53.231+0000] {logging_mixin.py:190} INFO - [2026-07-11T06:22:53.231+0000] {dagbag.py:588} INFO - Filling up the DagBag from /opt/airflow/dags/dag_extract_catalogs.py
[2026-07-11T06:22:53.236+0000] {processor.py:925} INFO - DAG(s) 'dag_extract_catalogs' retrieved from /opt/airflow/dags/dag_extract_catalogs.py
[2026-07-11T06:22:53.249+0000] {logging_mixin.py:190} INFO - [2026-07-11T06:22:53.249+0000] {dag.py:3239} INFO - Sync 1 DAGs
[2026-07-11T06:22:53.256+0000] {logging_mixin.py:190} INFO - [2026-07-11T06:22:53.256+0000] {dag.py:4180} INFO - Setting next_dagrun for dag_extract_catalogs to 2026-07-10 01:00:00+00:00, run_after=2026-07-11 01:00:00+00:00
[2026-07-11T06:22:53.261+0000] {processor.py:208} INFO - Processing /opt/airflow/dags/dag_extract_catalogs.py took 0.034 seconds
[2026-07-11T06:23:23.611+0000] {processor.py:186} INFO - Started process (PID=30663) to work on /opt/airflow/dags/dag_extract_catalogs.py
[2026-07-11T06:23:23.611+0000] {processor.py:914} INFO - Processing file /opt/airflow/dags/dag_extract_catalogs.py for tasks to queue
[2026-07-11T06:23:23.612+0000] {logging_mixin.py:190} INFO - [2026-07-11T06:23:23.612+0000] {dagbag.py:588} INFO - Filling up the DagBag from /opt/airflow/dags/dag_extract_catalogs.py
[2026-07-11T06:23:23.617+0000] {processor.py:925} INFO - DAG(s) 'dag_extract_catalogs' retrieved from /opt/airflow/dags/dag_extract_catalogs.py
[2026-07-11T06:23:23.626+0000] {logging_mixin.py:190} INFO - [2026-07-11T06:23:23.626+0000] {dag.py:3239} INFO - Sync 1 DAGs
[2026-07-11T06:23:23.634+0000] {logging_mixin.py:190} INFO - [2026-07-11T06:23:23.634+0000] {dag.py:4180} INFO - Setting next_dagrun for dag_extract_catalogs to 2026-07-10 01:00:00+00:00, run_after=2026-07-11 01:00:00+00:00
[2026-07-11T06:23:23.638+0000] {processor.py:208} INFO - Processing /opt/airflow/dags/dag_extract_catalogs.py took 0.030 seconds
[2026-07-11T06:23:53.991+0000] {processor.py:186} INFO - Started process (PID=30681) to work on /opt/airflow/dags/dag_extract_catalogs.py
[2026-07-11T06:23:53.992+0000] {processor.py:914} INFO - Processing file /opt/airflow/dags/dag_extract_catalogs.py for tasks to queue
[2026-07-11T06:23:53.993+0000] {logging_mixin.py:190} INFO - [2026-07-11T06:23:53.993+0000] {dagbag.py:588} INFO - Filling up the DagBag from /opt/airflow/dags/dag_extract_catalogs.py
[2026-07-11T06:23:53.999+0000] {processor.py:925} INFO - DAG(s) 'dag_extract_catalogs' retrieved from /opt/airflow/dags/dag_extract_catalogs.py
[2026-07-11T06:23:54.012+0000] {logging_mixin.py:190} INFO - [2026-07-11T06:23:54.012+0000] {dag.py:3239} INFO - Sync 1 DAGs
[2026-07-11T06:23:54.020+0000] {logging_mixin.py:190} INFO - [2026-07-11T06:23:54.020+0000] {dag.py:4180} INFO - Setting next_dagrun for dag_extract_catalogs to 2026-07-10 01:00:00+00:00, run_after=2026-07-11 01:00:00+00:00
[2026-07-11T06:23:54.028+0000] {processor.py:208} INFO - Processing /opt/airflow/dags/dag_extract_catalogs.py took 0.040 seconds
[2026-07-11T06:24:24.504+0000] {processor.py:186} INFO - Started process (PID=30703) to work on /opt/airflow/dags/dag_extract_catalogs.py
[2026-07-11T06:24:24.504+0000] {processor.py:914} INFO - Processing file /opt/airflow/dags/dag_extract_catalogs.py for tasks to queue
[2026-07-11T06:24:24.505+0000] {logging_mixin.py:190} INFO - [2026-07-11T06:24:24.505+0000] {dagbag.py:588} INFO - Filling up the DagBag from /opt/airflow/dags/dag_extract_catalogs.py
[2026-07-11T06:24:24.510+0000] {processor.py:925} INFO - DAG(s) 'dag_extract_catalogs' retrieved from /opt/airflow/dags/dag_extract_catalogs.py
[2026-07-11T06:24:24.521+0000] {logging_mixin.py:190} INFO - [2026-07-11T06:24:24.521+0000] {dag.py:3239} INFO - Sync 1 DAGs
[2026-07-11T06:24:24.528+0000] {logging_mixin.py:190} INFO - [2026-07-11T06:24:24.528+0000] {dag.py:4180} INFO - Setting next_dagrun for dag_extract_catalogs to 2026-07-10 01:00:00+00:00, run_after=2026-07-11 01:00:00+00:00
[2026-07-11T06:24:24.532+0000] {processor.py:208} INFO - Processing /opt/airflow/dags/dag_extract_catalogs.py took 0.031 seconds
[2026-07-11T06:24:54.985+0000] {processor.py:186} INFO - Started process (PID=30723) to work on /opt/airflow/dags/dag_extract_catalogs.py
[2026-07-11T06:24:54.986+0000] {processor.py:914} INFO - Processing file /opt/airflow/dags/dag_extract_catalogs.py for tasks to queue
[2026-07-11T06:24:54.987+0000] {logging_mixin.py:190} INFO - [2026-07-11T06:24:54.986+0000] {dagbag.py:588} INFO - Filling up the DagBag from /opt/airflow/dags/dag_extract_catalogs.py
[2026-07-11T06:24:54.991+0000] {processor.py:925} INFO - DAG(s) 'dag_extract_catalogs' retrieved from /opt/airflow/dags/dag_extract_catalogs.py
[2026-07-11T06:24:55.002+0000] {logging_mixin.py:190} INFO - [2026-07-11T06:24:55.001+0000] {dag.py:3239} INFO - Sync 1 DAGs
[2026-07-11T06:24:55.009+0000] {logging_mixin.py:190} INFO - [2026-07-11T06:24:55.009+0000] {dag.py:4180} INFO - Setting next_dagrun for dag_extract_catalogs to 2026-07-10 01:00:00+00:00, run_after=2026-07-11 01:00:00+00:00
[2026-07-11T06:24:55.014+0000] {processor.py:208} INFO - Processing /opt/airflow/dags/dag_extract_catalogs.py took 0.032 seconds
[2026-07-11T06:25:25.437+0000] {processor.py:186} INFO - Started process (PID=30743) to work on /opt/airflow/dags/dag_extract_catalogs.py
[2026-07-11T06:25:25.438+0000] {processor.py:914} INFO - Processing file /opt/airflow/dags/dag_extract_catalogs.py for tasks to queue
[2026-07-11T06:25:25.438+0000] {logging_mixin.py:190} INFO - [2026-07-11T06:25:25.438+0000] {dagbag.py:588} INFO - Filling up the DagBag from /opt/airflow/dags/dag_extract_catalogs.py
[2026-07-11T06:25:25.444+0000] {processor.py:925} INFO - DAG(s) 'dag_extract_catalogs' retrieved from /opt/airflow/dags/dag_extract_catalogs.py
[2026-07-11T06:25:25.454+0000] {logging_mixin.py:190} INFO - [2026-07-11T06:25:25.453+0000] {dag.py:3239} INFO - Sync 1 DAGs
[2026-07-11T06:25:25.460+0000] {logging_mixin.py:190} INFO - [2026-07-11T06:25:25.460+0000] {dag.py:4180} INFO - Setting next_dagrun for dag_extract_catalogs to 2026-07-10 01:00:00+00:00, run_after=2026-07-11 01:00:00+00:00
[2026-07-11T06:25:25.465+0000] {processor.py:208} INFO - Processing /opt/airflow/dags/dag_extract_catalogs.py took 0.030 seconds
[2026-07-11T06:25:55.895+0000] {processor.py:186} INFO - Started process (PID=30763) to work on /opt/airflow/dags/dag_extract_catalogs.py
[2026-07-11T06:25:55.896+0000] {processor.py:914} INFO - Processing file /opt/airflow/dags/dag_extract_catalogs.py for tasks to queue
[2026-07-11T06:25:55.896+0000] {logging_mixin.py:190} INFO - [2026-07-11T06:25:55.896+0000] {dagbag.py:588} INFO - Filling up the DagBag from /opt/airflow/dags/dag_extract_catalogs.py
[2026-07-11T06:25:55.901+0000] {processor.py:925} INFO - DAG(s) 'dag_extract_catalogs' retrieved from /opt/airflow/dags/dag_extract_catalogs.py
[2026-07-11T06:25:55.911+0000] {logging_mixin.py:190} INFO - [2026-07-11T06:25:55.911+0000] {dag.py:3239} INFO - Sync 1 DAGs
[2026-07-11T06:25:55.918+0000] {logging_mixin.py:190} INFO - [2026-07-11T06:25:55.918+0000] {dag.py:4180} INFO - Setting next_dagrun for dag_extract_catalogs to 2026-07-10 01:00:00+00:00, run_after=2026-07-11 01:00:00+00:00
[2026-07-11T06:25:55.923+0000] {processor.py:208} INFO - Processing /opt/airflow/dags/dag_extract_catalogs.py took 0.030 seconds
[2026-07-11T06:26:26.340+0000] {processor.py:186} INFO - Started process (PID=30783) to work on /opt/airflow/dags/dag_extract_catalogs.py
[2026-07-11T06:26:26.341+0000] {processor.py:914} INFO - Processing file /opt/airflow/dags/dag_extract_catalogs.py for tasks to queue
[2026-07-11T06:26:26.342+0000] {logging_mixin.py:190} INFO - [2026-07-11T06:26:26.341+0000] {dagbag.py:588} INFO - Filling up the DagBag from /opt/airflow/dags/dag_extract_catalogs.py
[2026-07-11T06:26:26.346+0000] {processor.py:925} INFO - DAG(s) 'dag_extract_catalogs' retrieved from /opt/airflow/dags/dag_extract_catalogs.py
[2026-07-11T06:26:26.356+0000] {logging_mixin.py:190} INFO - [2026-07-11T06:26:26.356+0000] {dag.py:3239} INFO - Sync 1 DAGs
[2026-07-11T06:26:26.363+0000] {logging_mixin.py:190} INFO - [2026-07-11T06:26:26.363+0000] {dag.py:4180} INFO - Setting next_dagrun for dag_extract_catalogs to 2026-07-10 01:00:00+00:00, run_after=2026-07-11 01:00:00+00:00
[2026-07-11T06:26:26.368+0000] {processor.py:208} INFO - Processing /opt/airflow/dags/dag_extract_catalogs.py took 0.030 seconds
[2026-07-11T06:26:56.794+0000] {processor.py:186} INFO - Started process (PID=30803) to work on /opt/airflow/dags/dag_extract_catalogs.py
[2026-07-11T06:26:56.794+0000] {processor.py:914} INFO - Processing file /opt/airflow/dags/dag_extract_catalogs.py for tasks to queue
[2026-07-11T06:26:56.795+0000] {logging_mixin.py:190} INFO - [2026-07-11T06:26:56.795+0000] {dagbag.py:588} INFO - Filling up the DagBag from /opt/airflow/dags/dag_extract_catalogs.py
[2026-07-11T06:26:56.800+0000] {processor.py:925} INFO - DAG(s) 'dag_extract_catalogs' retrieved from /opt/airflow/dags/dag_extract_catalogs.py
[2026-07-11T06:26:56.810+0000] {logging_mixin.py:190} INFO - [2026-07-11T06:26:56.810+0000] {dag.py:3239} INFO - Sync 1 DAGs
[2026-07-11T06:26:56.817+0000] {logging_mixin.py:190} INFO - [2026-07-11T06:26:56.817+0000] {dag.py:4180} INFO - Setting next_dagrun for dag_extract_catalogs to 2026-07-10 01:00:00+00:00, run_after=2026-07-11 01:00:00+00:00
[2026-07-11T06:26:56.822+0000] {processor.py:208} INFO - Processing /opt/airflow/dags/dag_extract_catalogs.py took 0.030 seconds
[2026-07-11T06:27:27.230+0000] {processor.py:186} INFO - Started process (PID=30823) to work on /opt/airflow/dags/dag_extract_catalogs.py
[2026-07-11T06:27:27.230+0000] {processor.py:914} INFO - Processing file /opt/airflow/dags/dag_extract_catalogs.py for tasks to queue
[2026-07-11T06:27:27.231+0000] {logging_mixin.py:190} INFO - [2026-07-11T06:27:27.231+0000] {dagbag.py:588} INFO - Filling up the DagBag from /opt/airflow/dags/dag_extract_catalogs.py
[2026-07-11T06:27:27.236+0000] {processor.py:925} INFO - DAG(s) 'dag_extract_catalogs' retrieved from /opt/airflow/dags/dag_extract_catalogs.py
[2026-07-11T06:27:27.246+0000] {logging_mixin.py:190} INFO - [2026-07-11T06:27:27.246+0000] {dag.py:3239} INFO - Sync 1 DAGs
[2026-07-11T06:27:27.253+0000] {logging_mixin.py:190} INFO - [2026-07-11T06:27:27.253+0000] {dag.py:4180} INFO - Setting next_dagrun for dag_extract_catalogs to 2026-07-10 01:00:00+00:00, run_after=2026-07-11 01:00:00+00:00
[2026-07-11T06:27:27.258+0000] {processor.py:208} INFO - Processing /opt/airflow/dags/dag_extract_catalogs.py took 0.031 seconds
[2026-07-11T06:27:57.671+0000] {processor.py:186} INFO - Started process (PID=30843) to work on /opt/airflow/dags/dag_extract_catalogs.py
[2026-07-11T06:27:57.672+0000] {processor.py:914} INFO - Processing file /opt/airflow/dags/dag_extract_catalogs.py for tasks to queue
[2026-07-11T06:27:57.672+0000] {logging_mixin.py:190} INFO - [2026-07-11T06:27:57.672+0000] {dagbag.py:588} INFO - Filling up the DagBag from /opt/airflow/dags/dag_extract_catalogs.py
[2026-07-11T06:27:57.677+0000] {processor.py:925} INFO - DAG(s) 'dag_extract_catalogs' retrieved from /opt/airflow/dags/dag_extract_catalogs.py
[2026-07-11T06:27:57.687+0000] {logging_mixin.py:190} INFO - [2026-07-11T06:27:57.687+0000] {dag.py:3239} INFO - Sync 1 DAGs
[2026-07-11T06:27:57.694+0000] {logging_mixin.py:190} INFO - [2026-07-11T06:27:57.694+0000] {dag.py:4180} INFO - Setting next_dagrun for dag_extract_catalogs to 2026-07-10 01:00:00+00:00, run_after=2026-07-11 01:00:00+00:00
[2026-07-11T06:27:57.699+0000] {processor.py:208} INFO - Processing /opt/airflow/dags/dag_extract_catalogs.py took 0.030 seconds
[2026-07-11T06:28:28.088+0000] {processor.py:186} INFO - Started process (PID=30861) to work on /opt/airflow/dags/dag_extract_catalogs.py
[2026-07-11T06:28:28.089+0000] {processor.py:914} INFO - Processing file /opt/airflow/dags/dag_extract_catalogs.py for tasks to queue
[2026-07-11T06:28:28.090+0000] {logging_mixin.py:190} INFO - [2026-07-11T06:28:28.090+0000] {dagbag.py:588} INFO - Filling up the DagBag from /opt/airflow/dags/dag_extract_catalogs.py
[2026-07-11T06:28:28.100+0000] {processor.py:925} INFO - DAG(s) 'dag_extract_catalogs' retrieved from /opt/airflow/dags/dag_extract_catalogs.py
[2026-07-11T06:28:28.113+0000] {logging_mixin.py:190} INFO - [2026-07-11T06:28:28.113+0000] {dag.py:3239} INFO - Sync 1 DAGs
[2026-07-11T06:28:28.121+0000] {logging_mixin.py:190} INFO - [2026-07-11T06:28:28.121+0000] {dag.py:4180} INFO - Setting next_dagrun for dag_extract_catalogs to 2026-07-10 01:00:00+00:00, run_after=2026-07-11 01:00:00+00:00
[2026-07-11T06:28:28.127+0000] {processor.py:208} INFO - Processing /opt/airflow/dags/dag_extract_catalogs.py took 0.042 seconds
[2026-07-11T06:28:58.573+0000] {processor.py:186} INFO - Started process (PID=30881) to work on /opt/airflow/dags/dag_extract_catalogs.py
[2026-07-11T06:28:58.574+0000] {processor.py:914} INFO - Processing file /opt/airflow/dags/dag_extract_catalogs.py for tasks to queue
[2026-07-11T06:28:58.576+0000] {logging_mixin.py:190} INFO - [2026-07-11T06:28:58.575+0000] {dagbag.py:588} INFO - Filling up the DagBag from /opt/airflow/dags/dag_extract_catalogs.py
[2026-07-11T06:28:58.583+0000] {processor.py:925} INFO - DAG(s) 'dag_extract_catalogs' retrieved from /opt/airflow/dags/dag_extract_catalogs.py
[2026-07-11T06:28:58.597+0000] {logging_mixin.py:190} INFO - [2026-07-11T06:28:58.597+0000] {dag.py:3239} INFO - Sync 1 DAGs
[2026-07-11T06:28:58.604+0000] {logging_mixin.py:190} INFO - [2026-07-11T06:28:58.604+0000] {dag.py:4180} INFO - Setting next_dagrun for dag_extract_catalogs to 2026-07-10 01:00:00+00:00, run_after=2026-07-11 01:00:00+00:00
[2026-07-11T06:28:58.609+0000] {processor.py:208} INFO - Processing /opt/airflow/dags/dag_extract_catalogs.py took 0.039 seconds
[2026-07-11T06:29:29.081+0000] {processor.py:186} INFO - Started process (PID=30903) to work on /opt/airflow/dags/dag_extract_catalogs.py
[2026-07-11T06:29:29.081+0000] {processor.py:914} INFO - Processing file /opt/airflow/dags/dag_extract_catalogs.py for tasks to queue
[2026-07-11T06:29:29.082+0000] {logging_mixin.py:190} INFO - [2026-07-11T06:29:29.082+0000] {dagbag.py:588} INFO - Filling up the DagBag from /opt/airflow/dags/dag_extract_catalogs.py
[2026-07-11T06:29:29.087+0000] {processor.py:925} INFO - DAG(s) 'dag_extract_catalogs' retrieved from /opt/airflow/dags/dag_extract_catalogs.py
[2026-07-11T06:29:29.097+0000] {logging_mixin.py:190} INFO - [2026-07-11T06:29:29.097+0000] {dag.py:3239} INFO - Sync 1 DAGs
[2026-07-11T06:29:29.104+0000] {logging_mixin.py:190} INFO - [2026-07-11T06:29:29.104+0000] {dag.py:4180} INFO - Setting next_dagrun for dag_extract_catalogs to 2026-07-10 01:00:00+00:00, run_after=2026-07-11 01:00:00+00:00
[2026-07-11T06:29:29.109+0000] {processor.py:208} INFO - Processing /opt/airflow/dags/dag_extract_catalogs.py took 0.031 seconds
[2026-07-11T06:29:59.586+0000] {processor.py:186} INFO - Started process (PID=30923) to work on /opt/airflow/dags/dag_extract_catalogs.py
[2026-07-11T06:29:59.586+0000] {processor.py:914} INFO - Processing file /opt/airflow/dags/dag_extract_catalogs.py for tasks to queue
[2026-07-11T06:29:59.587+0000] {logging_mixin.py:190} INFO - [2026-07-11T06:29:59.587+0000] {dagbag.py:588} INFO - Filling up the DagBag from /opt/airflow/dags/dag_extract_catalogs.py
[2026-07-11T06:29:59.593+0000] {processor.py:925} INFO - DAG(s) 'dag_extract_catalogs' retrieved from /opt/airflow/dags/dag_extract_catalogs.py
[2026-07-11T06:29:59.603+0000] {logging_mixin.py:190} INFO - [2026-07-11T06:29:59.603+0000] {dag.py:3239} INFO - Sync 1 DAGs
[2026-07-11T06:29:59.610+0000] {logging_mixin.py:190} INFO - [2026-07-11T06:29:59.610+0000] {dag.py:4180} INFO - Setting next_dagrun for dag_extract_catalogs to 2026-07-10 01:00:00+00:00, run_after=2026-07-11 01:00:00+00:00
[2026-07-11T06:29:59.615+0000] {processor.py:208} INFO - Processing /opt/airflow/dags/dag_extract_catalogs.py took 0.032 seconds
[2026-07-11T06:30:30.007+0000] {processor.py:186} INFO - Started process (PID=30941) to work on /opt/airflow/dags/dag_extract_catalogs.py
[2026-07-11T06:30:30.007+0000] {processor.py:914} INFO - Processing file /opt/airflow/dags/dag_extract_catalogs.py for tasks to queue
[2026-07-11T06:30:30.009+0000] {logging_mixin.py:190} INFO - [2026-07-11T06:30:30.009+0000] {dagbag.py:588} INFO - Filling up the DagBag from /opt/airflow/dags/dag_extract_catalogs.py
[2026-07-11T06:30:30.015+0000] {processor.py:925} INFO - DAG(s) 'dag_extract_catalogs' retrieved from /opt/airflow/dags/dag_extract_catalogs.py
[2026-07-11T06:30:30.032+0000] {logging_mixin.py:190} INFO - [2026-07-11T06:30:30.032+0000] {dag.py:3239} INFO - Sync 1 DAGs
[2026-07-11T06:30:30.043+0000] {logging_mixin.py:190} INFO - [2026-07-11T06:30:30.043+0000] {dag.py:4180} INFO - Setting next_dagrun for dag_extract_catalogs to 2026-07-10 01:00:00+00:00, run_after=2026-07-11 01:00:00+00:00
[2026-07-11T06:30:30.048+0000] {processor.py:208} INFO - Processing /opt/airflow/dags/dag_extract_catalogs.py took 0.043 seconds
[2026-07-11T06:31:00.474+0000] {processor.py:186} INFO - Started process (PID=30961) to work on /opt/airflow/dags/dag_extract_catalogs.py
[2026-07-11T06:31:00.475+0000] {processor.py:914} INFO - Processing file /opt/airflow/dags/dag_extract_catalogs.py for tasks to queue
[2026-07-11T06:31:00.476+0000] {logging_mixin.py:190} INFO - [2026-07-11T06:31:00.476+0000] {dagbag.py:588} INFO - Filling up the DagBag from /opt/airflow/dags/dag_extract_catalogs.py
[2026-07-11T06:31:00.483+0000] {processor.py:925} INFO - DAG(s) 'dag_extract_catalogs' retrieved from /opt/airflow/dags/dag_extract_catalogs.py
[2026-07-11T06:31:00.498+0000] {logging_mixin.py:190} INFO - [2026-07-11T06:31:00.498+0000] {dag.py:3239} INFO - Sync 1 DAGs
[2026-07-11T06:31:00.507+0000] {logging_mixin.py:190} INFO - [2026-07-11T06:31:00.507+0000] {dag.py:4180} INFO - Setting next_dagrun for dag_extract_catalogs to 2026-07-10 01:00:00+00:00, run_after=2026-07-11 01:00:00+00:00
[2026-07-11T06:31:00.512+0000] {processor.py:208} INFO - Processing /opt/airflow/dags/dag_extract_catalogs.py took 0.040 seconds
[2026-07-11T06:31:31.004+0000] {processor.py:186} INFO - Started process (PID=30983) to work on /opt/airflow/dags/dag_extract_catalogs.py
[2026-07-11T06:31:31.004+0000] {processor.py:914} INFO - Processing file /opt/airflow/dags/dag_extract_catalogs.py for tasks to queue
[2026-07-11T06:31:31.005+0000] {logging_mixin.py:190} INFO - [2026-07-11T06:31:31.005+0000] {dagbag.py:588} INFO - Filling up the DagBag from /opt/airflow/dags/dag_extract_catalogs.py
[2026-07-11T06:31:31.010+0000] {processor.py:925} INFO - DAG(s) 'dag_extract_catalogs' retrieved from /opt/airflow/dags/dag_extract_catalogs.py
[2026-07-11T06:31:31.020+0000] {logging_mixin.py:190} INFO - [2026-07-11T06:31:31.020+0000] {dag.py:3239} INFO - Sync 1 DAGs
[2026-07-11T06:31:31.027+0000] {logging_mixin.py:190} INFO - [2026-07-11T06:31:31.027+0000] {dag.py:4180} INFO - Setting next_dagrun for dag_extract_catalogs to 2026-07-10 01:00:00+00:00, run_after=2026-07-11 01:00:00+00:00
[2026-07-11T06:31:31.032+0000] {processor.py:208} INFO - Processing /opt/airflow/dags/dag_extract_catalogs.py took 0.031 seconds
[2026-07-11T06:32:01.422+0000] {processor.py:186} INFO - Started process (PID=31003) to work on /opt/airflow/dags/dag_extract_catalogs.py
[2026-07-11T06:32:01.423+0000] {processor.py:914} INFO - Processing file /opt/airflow/dags/dag_extract_catalogs.py for tasks to queue
[2026-07-11T06:32:01.424+0000] {logging_mixin.py:190} INFO - [2026-07-11T06:32:01.423+0000] {dagbag.py:588} INFO - Filling up the DagBag from /opt/airflow/dags/dag_extract_catalogs.py
[2026-07-11T06:32:01.428+0000] {processor.py:925} INFO - DAG(s) 'dag_extract_catalogs' retrieved from /opt/airflow/dags/dag_extract_catalogs.py
[2026-07-11T06:32:01.438+0000] {logging_mixin.py:190} INFO - [2026-07-11T06:32:01.438+0000] {dag.py:3239} INFO - Sync 1 DAGs
[2026-07-11T06:32:01.445+0000] {logging_mixin.py:190} INFO - [2026-07-11T06:32:01.445+0000] {dag.py:4180} INFO - Setting next_dagrun for dag_extract_catalogs to 2026-07-10 01:00:00+00:00, run_after=2026-07-11 01:00:00+00:00
[2026-07-11T06:32:01.450+0000] {processor.py:208} INFO - Processing /opt/airflow/dags/dag_extract_catalogs.py took 0.030 seconds
[2026-07-11T06:32:31.893+0000] {processor.py:186} INFO - Started process (PID=31023) to work on /opt/airflow/dags/dag_extract_catalogs.py
[2026-07-11T06:32:31.894+0000] {processor.py:914} INFO - Processing file /opt/airflow/dags/dag_extract_catalogs.py for tasks to queue
[2026-07-11T06:32:31.895+0000] {logging_mixin.py:190} INFO - [2026-07-11T06:32:31.894+0000] {dagbag.py:588} INFO - Filling up the DagBag from /opt/airflow/dags/dag_extract_catalogs.py
[2026-07-11T06:32:31.900+0000] {processor.py:925} INFO - DAG(s) 'dag_extract_catalogs' retrieved from /opt/airflow/dags/dag_extract_catalogs.py
[2026-07-11T06:32:31.910+0000] {logging_mixin.py:190} INFO - [2026-07-11T06:32:31.910+0000] {dag.py:3239} INFO - Sync 1 DAGs
[2026-07-11T06:32:31.918+0000] {logging_mixin.py:190} INFO - [2026-07-11T06:32:31.918+0000] {dag.py:4180} INFO - Setting next_dagrun for dag_extract_catalogs to 2026-07-10 01:00:00+00:00, run_after=2026-07-11 01:00:00+00:00
[2026-07-11T06:32:31.922+0000] {processor.py:208} INFO - Processing /opt/airflow/dags/dag_extract_catalogs.py took 0.032 seconds
[2026-07-11T06:33:02.352+0000] {processor.py:186} INFO - Started process (PID=31043) to work on /opt/airflow/dags/dag_extract_catalogs.py
[2026-07-11T06:33:02.352+0000] {processor.py:914} INFO - Processing file /opt/airflow/dags/dag_extract_catalogs.py for tasks to queue
[2026-07-11T06:33:02.353+0000] {logging_mixin.py:190} INFO - [2026-07-11T06:33:02.353+0000] {dagbag.py:588} INFO - Filling up the DagBag from /opt/airflow/dags/dag_extract_catalogs.py
[2026-07-11T06:33:02.358+0000] {processor.py:925} INFO - DAG(s) 'dag_extract_catalogs' retrieved from /opt/airflow/dags/dag_extract_catalogs.py
[2026-07-11T06:33:02.369+0000] {logging_mixin.py:190} INFO - [2026-07-11T06:33:02.369+0000] {dag.py:3239} INFO - Sync 1 DAGs
[2026-07-11T06:33:02.376+0000] {logging_mixin.py:190} INFO - [2026-07-11T06:33:02.376+0000] {dag.py:4180} INFO - Setting next_dagrun for dag_extract_catalogs to 2026-07-10 01:00:00+00:00, run_after=2026-07-11 01:00:00+00:00
[2026-07-11T06:33:02.380+0000] {processor.py:208} INFO - Processing /opt/airflow/dags/dag_extract_catalogs.py took 0.031 seconds
[2026-07-11T06:33:32.803+0000] {processor.py:186} INFO - Started process (PID=31063) to work on /opt/airflow/dags/dag_extract_catalogs.py
[2026-07-11T06:33:32.803+0000] {processor.py:914} INFO - Processing file /opt/airflow/dags/dag_extract_catalogs.py for tasks to queue
[2026-07-11T06:33:32.804+0000] {logging_mixin.py:190} INFO - [2026-07-11T06:33:32.804+0000] {dagbag.py:588} INFO - Filling up the DagBag from /opt/airflow/dags/dag_extract_catalogs.py
[2026-07-11T06:33:32.809+0000] {processor.py:925} INFO - DAG(s) 'dag_extract_catalogs' retrieved from /opt/airflow/dags/dag_extract_catalogs.py
[2026-07-11T06:33:32.820+0000] {logging_mixin.py:190} INFO - [2026-07-11T06:33:32.820+0000] {dag.py:3239} INFO - Sync 1 DAGs
[2026-07-11T06:33:32.827+0000] {logging_mixin.py:190} INFO - [2026-07-11T06:33:32.827+0000] {dag.py:4180} INFO - Setting next_dagrun for dag_extract_catalogs to 2026-07-10 01:00:00+00:00, run_after=2026-07-11 01:00:00+00:00
[2026-07-11T06:33:32.832+0000] {processor.py:208} INFO - Processing /opt/airflow/dags/dag_extract_catalogs.py took 0.032 seconds
[2026-07-11T06:34:03.221+0000] {processor.py:186} INFO - Started process (PID=31083) to work on /opt/airflow/dags/dag_extract_catalogs.py
[2026-07-11T06:34:03.222+0000] {processor.py:914} INFO - Processing file /opt/airflow/dags/dag_extract_catalogs.py for tasks to queue
[2026-07-11T06:34:03.222+0000] {logging_mixin.py:190} INFO - [2026-07-11T06:34:03.222+0000] {dagbag.py:588} INFO - Filling up the DagBag from /opt/airflow/dags/dag_extract_catalogs.py
[2026-07-11T06:34:03.227+0000] {processor.py:925} INFO - DAG(s) 'dag_extract_catalogs' retrieved from /opt/airflow/dags/dag_extract_catalogs.py
[2026-07-11T06:34:03.237+0000] {logging_mixin.py:190} INFO - [2026-07-11T06:34:03.237+0000] {dag.py:3239} INFO - Sync 1 DAGs
[2026-07-11T06:34:03.244+0000] {logging_mixin.py:190} INFO - [2026-07-11T06:34:03.244+0000] {dag.py:4180} INFO - Setting next_dagrun for dag_extract_catalogs to 2026-07-10 01:00:00+00:00, run_after=2026-07-11 01:00:00+00:00
[2026-07-11T06:34:03.249+0000] {processor.py:208} INFO - Processing /opt/airflow/dags/dag_extract_catalogs.py took 0.030 seconds
[2026-07-11T06:34:33.668+0000] {processor.py:186} INFO - Started process (PID=31103) to work on /opt/airflow/dags/dag_extract_catalogs.py
[2026-07-11T06:34:33.668+0000] {processor.py:914} INFO - Processing file /opt/airflow/dags/dag_extract_catalogs.py for tasks to queue
[2026-07-11T06:34:33.669+0000] {logging_mixin.py:190} INFO - [2026-07-11T06:34:33.669+0000] {dagbag.py:588} INFO - Filling up the DagBag from /opt/airflow/dags/dag_extract_catalogs.py
[2026-07-11T06:34:33.674+0000] {processor.py:925} INFO - DAG(s) 'dag_extract_catalogs' retrieved from /opt/airflow/dags/dag_extract_catalogs.py
[2026-07-11T06:34:33.684+0000] {logging_mixin.py:190} INFO - [2026-07-11T06:34:33.684+0000] {dag.py:3239} INFO - Sync 1 DAGs
[2026-07-11T06:34:33.691+0000] {logging_mixin.py:190} INFO - [2026-07-11T06:34:33.691+0000] {dag.py:4180} INFO - Setting next_dagrun for dag_extract_catalogs to 2026-07-10 01:00:00+00:00, run_after=2026-07-11 01:00:00+00:00
[2026-07-11T06:34:33.695+0000] {processor.py:208} INFO - Processing /opt/airflow/dags/dag_extract_catalogs.py took 0.030 seconds
[2026-07-11T06:35:04.139+0000] {processor.py:186} INFO - Started process (PID=31123) to work on /opt/airflow/dags/dag_extract_catalogs.py
[2026-07-11T06:35:04.140+0000] {processor.py:914} INFO - Processing file /opt/airflow/dags/dag_extract_catalogs.py for tasks to queue
[2026-07-11T06:35:04.141+0000] {logging_mixin.py:190} INFO - [2026-07-11T06:35:04.141+0000] {dagbag.py:588} INFO - Filling up the DagBag from /opt/airflow/dags/dag_extract_catalogs.py
[2026-07-11T06:35:04.145+0000] {processor.py:925} INFO - DAG(s) 'dag_extract_catalogs' retrieved from /opt/airflow/dags/dag_extract_catalogs.py
[2026-07-11T06:35:04.156+0000] {logging_mixin.py:190} INFO - [2026-07-11T06:35:04.155+0000] {dag.py:3239} INFO - Sync 1 DAGs
[2026-07-11T06:35:04.163+0000] {logging_mixin.py:190} INFO - [2026-07-11T06:35:04.162+0000] {dag.py:4180} INFO - Setting next_dagrun for dag_extract_catalogs to 2026-07-10 01:00:00+00:00, run_after=2026-07-11 01:00:00+00:00
[2026-07-11T06:35:04.167+0000] {processor.py:208} INFO - Processing /opt/airflow/dags/dag_extract_catalogs.py took 0.030 seconds
[2026-07-11T06:35:34.621+0000] {processor.py:186} INFO - Started process (PID=31143) to work on /opt/airflow/dags/dag_extract_catalogs.py
[2026-07-11T06:35:34.622+0000] {processor.py:914} INFO - Processing file /opt/airflow/dags/dag_extract_catalogs.py for tasks to queue
[2026-07-11T06:35:34.623+0000] {logging_mixin.py:190} INFO - [2026-07-11T06:35:34.622+0000] {dagbag.py:588} INFO - Filling up the DagBag from /opt/airflow/dags/dag_extract_catalogs.py
[2026-07-11T06:35:34.627+0000] {processor.py:925} INFO - DAG(s) 'dag_extract_catalogs' retrieved from /opt/airflow/dags/dag_extract_catalogs.py
[2026-07-11T06:35:34.637+0000] {logging_mixin.py:190} INFO - [2026-07-11T06:35:34.637+0000] {dag.py:3239} INFO - Sync 1 DAGs
[2026-07-11T06:35:34.645+0000] {logging_mixin.py:190} INFO - [2026-07-11T06:35:34.645+0000] {dag.py:4180} INFO - Setting next_dagrun for dag_extract_catalogs to 2026-07-10 01:00:00+00:00, run_after=2026-07-11 01:00:00+00:00
[2026-07-11T06:35:34.649+0000] {processor.py:208} INFO - Processing /opt/airflow/dags/dag_extract_catalogs.py took 0.031 seconds
[2026-07-11T06:36:05.051+0000] {processor.py:186} INFO - Started process (PID=31161) to work on /opt/airflow/dags/dag_extract_catalogs.py
[2026-07-11T06:36:05.052+0000] {processor.py:914} INFO - Processing file /opt/airflow/dags/dag_extract_catalogs.py for tasks to queue
[2026-07-11T06:36:05.053+0000] {logging_mixin.py:190} INFO - [2026-07-11T06:36:05.053+0000] {dagbag.py:588} INFO - Filling up the DagBag from /opt/airflow/dags/dag_extract_catalogs.py
[2026-07-11T06:36:05.060+0000] {processor.py:925} INFO - DAG(s) 'dag_extract_catalogs' retrieved from /opt/airflow/dags/dag_extract_catalogs.py
[2026-07-11T06:36:05.074+0000] {logging_mixin.py:190} INFO - [2026-07-11T06:36:05.074+0000] {dag.py:3239} INFO - Sync 1 DAGs
[2026-07-11T06:36:05.083+0000] {logging_mixin.py:190} INFO - [2026-07-11T06:36:05.082+0000] {dag.py:4180} INFO - Setting next_dagrun for dag_extract_catalogs to 2026-07-10 01:00:00+00:00, run_after=2026-07-11 01:00:00+00:00
[2026-07-11T06:36:05.087+0000] {processor.py:208} INFO - Processing /opt/airflow/dags/dag_extract_catalogs.py took 0.039 seconds
[2026-07-11T06:36:35.528+0000] {processor.py:186} INFO - Started process (PID=31183) to work on /opt/airflow/dags/dag_extract_catalogs.py
[2026-07-11T06:36:35.529+0000] {processor.py:914} INFO - Processing file /opt/airflow/dags/dag_extract_catalogs.py for tasks to queue
[2026-07-11T06:36:35.529+0000] {logging_mixin.py:190} INFO - [2026-07-11T06:36:35.529+0000] {dagbag.py:588} INFO - Filling up the DagBag from /opt/airflow/dags/dag_extract_catalogs.py
[2026-07-11T06:36:35.534+0000] {processor.py:925} INFO - DAG(s) 'dag_extract_catalogs' retrieved from /opt/airflow/dags/dag_extract_catalogs.py
[2026-07-11T06:36:35.544+0000] {logging_mixin.py:190} INFO - [2026-07-11T06:36:35.544+0000] {dag.py:3239} INFO - Sync 1 DAGs
[2026-07-11T06:36:35.551+0000] {logging_mixin.py:190} INFO - [2026-07-11T06:36:35.551+0000] {dag.py:4180} INFO - Setting next_dagrun for dag_extract_catalogs to 2026-07-10 01:00:00+00:00, run_after=2026-07-11 01:00:00+00:00
[2026-07-11T06:36:35.556+0000] {processor.py:208} INFO - Processing /opt/airflow/dags/dag_extract_catalogs.py took 0.030 seconds
[2026-07-11T06:37:05.974+0000] {processor.py:186} INFO - Started process (PID=31203) to work on /opt/airflow/dags/dag_extract_catalogs.py
[2026-07-11T06:37:05.974+0000] {processor.py:914} INFO - Processing file /opt/airflow/dags/dag_extract_catalogs.py for tasks to queue
[2026-07-11T06:37:05.975+0000] {logging_mixin.py:190} INFO - [2026-07-11T06:37:05.975+0000] {dagbag.py:588} INFO - Filling up the DagBag from /opt/airflow/dags/dag_extract_catalogs.py
[2026-07-11T06:37:05.980+0000] {processor.py:925} INFO - DAG(s) 'dag_extract_catalogs' retrieved from /opt/airflow/dags/dag_extract_catalogs.py
[2026-07-11T06:37:05.990+0000] {logging_mixin.py:190} INFO - [2026-07-11T06:37:05.990+0000] {dag.py:3239} INFO - Sync 1 DAGs
[2026-07-11T06:37:05.997+0000] {logging_mixin.py:190} INFO - [2026-07-11T06:37:05.997+0000] {dag.py:4180} INFO - Setting next_dagrun for dag_extract_catalogs to 2026-07-10 01:00:00+00:00, run_after=2026-07-11 01:00:00+00:00
[2026-07-11T06:37:06.002+0000] {processor.py:208} INFO - Processing /opt/airflow/dags/dag_extract_catalogs.py took 0.030 seconds
[2026-07-11T06:37:36.393+0000] {processor.py:186} INFO - Started process (PID=31221) to work on /opt/airflow/dags/dag_extract_catalogs.py
[2026-07-11T06:37:36.393+0000] {processor.py:914} INFO - Processing file /opt/airflow/dags/dag_extract_catalogs.py for tasks to queue
[2026-07-11T06:37:36.395+0000] {logging_mixin.py:190} INFO - [2026-07-11T06:37:36.394+0000] {dagbag.py:588} INFO - Filling up the DagBag from /opt/airflow/dags/dag_extract_catalogs.py
[2026-07-11T06:37:36.401+0000] {processor.py:925} INFO - DAG(s) 'dag_extract_catalogs' retrieved from /opt/airflow/dags/dag_extract_catalogs.py
[2026-07-11T06:37:36.415+0000] {logging_mixin.py:190} INFO - [2026-07-11T06:37:36.415+0000] {dag.py:3239} INFO - Sync 1 DAGs
[2026-07-11T06:37:36.423+0000] {logging_mixin.py:190} INFO - [2026-07-11T06:37:36.422+0000] {dag.py:4180} INFO - Setting next_dagrun for dag_extract_catalogs to 2026-07-10 01:00:00+00:00, run_after=2026-07-11 01:00:00+00:00
[2026-07-11T06:37:36.429+0000] {processor.py:208} INFO - Processing /opt/airflow/dags/dag_extract_catalogs.py took 0.039 seconds
[2026-07-11T06:38:06.982+0000] {processor.py:186} INFO - Started process (PID=31243) to work on /opt/airflow/dags/dag_extract_catalogs.py
[2026-07-11T06:38:06.982+0000] {processor.py:914} INFO - Processing file /opt/airflow/dags/dag_extract_catalogs.py for tasks to queue
[2026-07-11T06:38:06.983+0000] {logging_mixin.py:190} INFO - [2026-07-11T06:38:06.983+0000] {dagbag.py:588} INFO - Filling up the DagBag from /opt/airflow/dags/dag_extract_catalogs.py
[2026-07-11T06:38:06.990+0000] {processor.py:925} INFO - DAG(s) 'dag_extract_catalogs' retrieved from /opt/airflow/dags/dag_extract_catalogs.py
[2026-07-11T06:38:07.002+0000] {logging_mixin.py:190} INFO - [2026-07-11T06:38:07.002+0000] {dag.py:3239} INFO - Sync 1 DAGs
[2026-07-11T06:38:07.009+0000] {logging_mixin.py:190} INFO - [2026-07-11T06:38:07.009+0000] {dag.py:4180} INFO - Setting next_dagrun for dag_extract_catalogs to 2026-07-10 01:00:00+00:00, run_after=2026-07-11 01:00:00+00:00
[2026-07-11T06:38:07.014+0000] {processor.py:208} INFO - Processing /opt/airflow/dags/dag_extract_catalogs.py took 0.036 seconds
[2026-07-11T06:38:37.427+0000] {processor.py:186} INFO - Started process (PID=31261) to work on /opt/airflow/dags/dag_extract_catalogs.py
[2026-07-11T06:38:37.428+0000] {processor.py:914} INFO - Processing file /opt/airflow/dags/dag_extract_catalogs.py for tasks to queue
[2026-07-11T06:38:37.430+0000] {logging_mixin.py:190} INFO - [2026-07-11T06:38:37.430+0000] {dagbag.py:588} INFO - Filling up the DagBag from /opt/airflow/dags/dag_extract_catalogs.py
[2026-07-11T06:38:37.435+0000] {processor.py:925} INFO - DAG(s) 'dag_extract_catalogs' retrieved from /opt/airflow/dags/dag_extract_catalogs.py
[2026-07-11T06:38:37.451+0000] {logging_mixin.py:190} INFO - [2026-07-11T06:38:37.451+0000] {dag.py:3239} INFO - Sync 1 DAGs
[2026-07-11T06:38:37.459+0000] {logging_mixin.py:190} INFO - [2026-07-11T06:38:37.459+0000] {dag.py:4180} INFO - Setting next_dagrun for dag_extract_catalogs to 2026-07-10 01:00:00+00:00, run_after=2026-07-11 01:00:00+00:00
[2026-07-11T06:38:37.467+0000] {processor.py:208} INFO - Processing /opt/airflow/dags/dag_extract_catalogs.py took 0.043 seconds
[2026-07-11T06:39:07.936+0000] {processor.py:186} INFO - Started process (PID=31283) to work on /opt/airflow/dags/dag_extract_catalogs.py
[2026-07-11T06:39:07.937+0000] {processor.py:914} INFO - Processing file /opt/airflow/dags/dag_extract_catalogs.py for tasks to queue
[2026-07-11T06:39:07.937+0000] {logging_mixin.py:190} INFO - [2026-07-11T06:39:07.937+0000] {dagbag.py:588} INFO - Filling up the DagBag from /opt/airflow/dags/dag_extract_catalogs.py
[2026-07-11T06:39:07.942+0000] {processor.py:925} INFO - DAG(s) 'dag_extract_catalogs' retrieved from /opt/airflow/dags/dag_extract_catalogs.py
[2026-07-11T06:39:07.952+0000] {logging_mixin.py:190} INFO - [2026-07-11T06:39:07.952+0000] {dag.py:3239} INFO - Sync 1 DAGs
[2026-07-11T06:39:07.959+0000] {logging_mixin.py:190} INFO - [2026-07-11T06:39:07.959+0000] {dag.py:4180} INFO - Setting next_dagrun for dag_extract_catalogs to 2026-07-10 01:00:00+00:00, run_after=2026-07-11 01:00:00+00:00
[2026-07-11T06:39:07.964+0000] {processor.py:208} INFO - Processing /opt/airflow/dags/dag_extract_catalogs.py took 0.030 seconds
[2026-07-11T06:39:38.407+0000] {processor.py:186} INFO - Started process (PID=31303) to work on /opt/airflow/dags/dag_extract_catalogs.py
[2026-07-11T06:39:38.407+0000] {processor.py:914} INFO - Processing file /opt/airflow/dags/dag_extract_catalogs.py for tasks to queue
[2026-07-11T06:39:38.408+0000] {logging_mixin.py:190} INFO - [2026-07-11T06:39:38.408+0000] {dagbag.py:588} INFO - Filling up the DagBag from /opt/airflow/dags/dag_extract_catalogs.py
[2026-07-11T06:39:38.413+0000] {processor.py:925} INFO - DAG(s) 'dag_extract_catalogs' retrieved from /opt/airflow/dags/dag_extract_catalogs.py
[2026-07-11T06:39:38.424+0000] {logging_mixin.py:190} INFO - [2026-07-11T06:39:38.423+0000] {dag.py:3239} INFO - Sync 1 DAGs
[2026-07-11T06:39:38.430+0000] {logging_mixin.py:190} INFO - [2026-07-11T06:39:38.430+0000] {dag.py:4180} INFO - Setting next_dagrun for dag_extract_catalogs to 2026-07-10 01:00:00+00:00, run_after=2026-07-11 01:00:00+00:00
[2026-07-11T06:39:38.435+0000] {processor.py:208} INFO - Processing /opt/airflow/dags/dag_extract_catalogs.py took 0.030 seconds
[2026-07-11T06:40:08.838+0000] {processor.py:186} INFO - Started process (PID=31323) to work on /opt/airflow/dags/dag_extract_catalogs.py
[2026-07-11T06:40:08.838+0000] {processor.py:914} INFO - Processing file /opt/airflow/dags/dag_extract_catalogs.py for tasks to queue
[2026-07-11T06:40:08.839+0000] {logging_mixin.py:190} INFO - [2026-07-11T06:40:08.839+0000] {dagbag.py:588} INFO - Filling up the DagBag from /opt/airflow/dags/dag_extract_catalogs.py
[2026-07-11T06:40:08.844+0000] {processor.py:925} INFO - DAG(s) 'dag_extract_catalogs' retrieved from /opt/airflow/dags/dag_extract_catalogs.py
[2026-07-11T06:40:08.854+0000] {logging_mixin.py:190} INFO - [2026-07-11T06:40:08.854+0000] {dag.py:3239} INFO - Sync 1 DAGs
[2026-07-11T06:40:08.862+0000] {logging_mixin.py:190} INFO - [2026-07-11T06:40:08.862+0000] {dag.py:4180} INFO - Setting next_dagrun for dag_extract_catalogs to 2026-07-10 01:00:00+00:00, run_after=2026-07-11 01:00:00+00:00
[2026-07-11T06:40:08.866+0000] {processor.py:208} INFO - Processing /opt/airflow/dags/dag_extract_catalogs.py took 0.031 seconds
[2026-07-11T06:40:39.260+0000] {processor.py:186} INFO - Started process (PID=31341) to work on /opt/airflow/dags/dag_extract_catalogs.py
[2026-07-11T06:40:39.261+0000] {processor.py:914} INFO - Processing file /opt/airflow/dags/dag_extract_catalogs.py for tasks to queue
[2026-07-11T06:40:39.262+0000] {logging_mixin.py:190} INFO - [2026-07-11T06:40:39.262+0000] {dagbag.py:588} INFO - Filling up the DagBag from /opt/airflow/dags/dag_extract_catalogs.py
[2026-07-11T06:40:39.268+0000] {processor.py:925} INFO - DAG(s) 'dag_extract_catalogs' retrieved from /opt/airflow/dags/dag_extract_catalogs.py
[2026-07-11T06:40:39.281+0000] {logging_mixin.py:190} INFO - [2026-07-11T06:40:39.281+0000] {dag.py:3239} INFO - Sync 1 DAGs
[2026-07-11T06:40:39.289+0000] {logging_mixin.py:190} INFO - [2026-07-11T06:40:39.289+0000] {dag.py:4180} INFO - Setting next_dagrun for dag_extract_catalogs to 2026-07-10 01:00:00+00:00, run_after=2026-07-11 01:00:00+00:00
[2026-07-11T06:40:39.296+0000] {processor.py:208} INFO - Processing /opt/airflow/dags/dag_extract_catalogs.py took 0.039 seconds
[2026-07-11T06:41:09.768+0000] {processor.py:186} INFO - Started process (PID=31363) to work on /opt/airflow/dags/dag_extract_catalogs.py
[2026-07-11T06:41:09.769+0000] {processor.py:914} INFO - Processing file /opt/airflow/dags/dag_extract_catalogs.py for tasks to queue
[2026-07-11T06:41:09.770+0000] {logging_mixin.py:190} INFO - [2026-07-11T06:41:09.769+0000] {dagbag.py:588} INFO - Filling up the DagBag from /opt/airflow/dags/dag_extract_catalogs.py
[2026-07-11T06:41:09.774+0000] {processor.py:925} INFO - DAG(s) 'dag_extract_catalogs' retrieved from /opt/airflow/dags/dag_extract_catalogs.py
[2026-07-11T06:41:09.784+0000] {logging_mixin.py:190} INFO - [2026-07-11T06:41:09.784+0000] {dag.py:3239} INFO - Sync 1 DAGs
[2026-07-11T06:41:09.791+0000] {logging_mixin.py:190} INFO - [2026-07-11T06:41:09.791+0000] {dag.py:4180} INFO - Setting next_dagrun for dag_extract_catalogs to 2026-07-10 01:00:00+00:00, run_after=2026-07-11 01:00:00+00:00
[2026-07-11T06:41:09.796+0000] {processor.py:208} INFO - Processing /opt/airflow/dags/dag_extract_catalogs.py took 0.030 seconds
[2026-07-11T06:41:40.273+0000] {processor.py:186} INFO - Started process (PID=31383) to work on /opt/airflow/dags/dag_extract_catalogs.py
[2026-07-11T06:41:40.273+0000] {processor.py:914} INFO - Processing file /opt/airflow/dags/dag_extract_catalogs.py for tasks to queue
[2026-07-11T06:41:40.274+0000] {logging_mixin.py:190} INFO - [2026-07-11T06:41:40.274+0000] {dagbag.py:588} INFO - Filling up the DagBag from /opt/airflow/dags/dag_extract_catalogs.py
[2026-07-11T06:41:40.279+0000] {processor.py:925} INFO - DAG(s) 'dag_extract_catalogs' retrieved from /opt/airflow/dags/dag_extract_catalogs.py
[2026-07-11T06:41:40.289+0000] {logging_mixin.py:190} INFO - [2026-07-11T06:41:40.289+0000] {dag.py:3239} INFO - Sync 1 DAGs
[2026-07-11T06:41:40.297+0000] {logging_mixin.py:190} INFO - [2026-07-11T06:41:40.297+0000] {dag.py:4180} INFO - Setting next_dagrun for dag_extract_catalogs to 2026-07-10 01:00:00+00:00, run_after=2026-07-11 01:00:00+00:00
[2026-07-11T06:41:40.301+0000] {processor.py:208} INFO - Processing /opt/airflow/dags/dag_extract_catalogs.py took 0.031 seconds
[2026-07-11T06:42:10.708+0000] {processor.py:186} INFO - Started process (PID=31403) to work on /opt/airflow/dags/dag_extract_catalogs.py
[2026-07-11T06:42:10.708+0000] {processor.py:914} INFO - Processing file /opt/airflow/dags/dag_extract_catalogs.py for tasks to queue
[2026-07-11T06:42:10.709+0000] {logging_mixin.py:190} INFO - [2026-07-11T06:42:10.709+0000] {dagbag.py:588} INFO - Filling up the DagBag from /opt/airflow/dags/dag_extract_catalogs.py
[2026-07-11T06:42:10.714+0000] {processor.py:925} INFO - DAG(s) 'dag_extract_catalogs' retrieved from /opt/airflow/dags/dag_extract_catalogs.py
[2026-07-11T06:42:10.724+0000] {logging_mixin.py:190} INFO - [2026-07-11T06:42:10.724+0000] {dag.py:3239} INFO - Sync 1 DAGs
[2026-07-11T06:42:10.731+0000] {logging_mixin.py:190} INFO - [2026-07-11T06:42:10.731+0000] {dag.py:4180} INFO - Setting next_dagrun for dag_extract_catalogs to 2026-07-10 01:00:00+00:00, run_after=2026-07-11 01:00:00+00:00
[2026-07-11T06:42:10.736+0000] {processor.py:208} INFO - Processing /opt/airflow/dags/dag_extract_catalogs.py took 0.031 seconds
[2026-07-11T06:42:41.157+0000] {processor.py:186} INFO - Started process (PID=31421) to work on /opt/airflow/dags/dag_extract_catalogs.py
[2026-07-11T06:42:41.158+0000] {processor.py:914} INFO - Processing file /opt/airflow/dags/dag_extract_catalogs.py for tasks to queue
[2026-07-11T06:42:41.159+0000] {logging_mixin.py:190} INFO - [2026-07-11T06:42:41.159+0000] {dagbag.py:588} INFO - Filling up the DagBag from /opt/airflow/dags/dag_extract_catalogs.py
[2026-07-11T06:42:41.164+0000] {processor.py:925} INFO - DAG(s) 'dag_extract_catalogs' retrieved from /opt/airflow/dags/dag_extract_catalogs.py
[2026-07-11T06:42:41.177+0000] {logging_mixin.py:190} INFO - [2026-07-11T06:42:41.177+0000] {dag.py:3239} INFO - Sync 1 DAGs
[2026-07-11T06:42:41.185+0000] {logging_mixin.py:190} INFO - [2026-07-11T06:42:41.185+0000] {dag.py:4180} INFO - Setting next_dagrun for dag_extract_catalogs to 2026-07-10 01:00:00+00:00, run_after=2026-07-11 01:00:00+00:00
[2026-07-11T06:42:41.191+0000] {processor.py:208} INFO - Processing /opt/airflow/dags/dag_extract_catalogs.py took 0.038 seconds
[2026-07-11T06:43:11.661+0000] {processor.py:186} INFO - Started process (PID=31443) to work on /opt/airflow/dags/dag_extract_catalogs.py
[2026-07-11T06:43:11.661+0000] {processor.py:914} INFO - Processing file /opt/airflow/dags/dag_extract_catalogs.py for tasks to queue
[2026-07-11T06:43:11.662+0000] {logging_mixin.py:190} INFO - [2026-07-11T06:43:11.662+0000] {dagbag.py:588} INFO - Filling up the DagBag from /opt/airflow/dags/dag_extract_catalogs.py
[2026-07-11T06:43:11.667+0000] {processor.py:925} INFO - DAG(s) 'dag_extract_catalogs' retrieved from /opt/airflow/dags/dag_extract_catalogs.py
[2026-07-11T06:43:11.677+0000] {logging_mixin.py:190} INFO - [2026-07-11T06:43:11.676+0000] {dag.py:3239} INFO - Sync 1 DAGs
[2026-07-11T06:43:11.684+0000] {logging_mixin.py:190} INFO - [2026-07-11T06:43:11.684+0000] {dag.py:4180} INFO - Setting next_dagrun for dag_extract_catalogs to 2026-07-10 01:00:00+00:00, run_after=2026-07-11 01:00:00+00:00
[2026-07-11T06:43:11.750+0000] {processor.py:208} INFO - Processing /opt/airflow/dags/dag_extract_catalogs.py took 0.092 seconds
[2026-07-11T06:43:42.081+0000] {processor.py:186} INFO - Started process (PID=31461) to work on /opt/airflow/dags/dag_extract_catalogs.py
[2026-07-11T06:43:42.082+0000] {processor.py:914} INFO - Processing file /opt/airflow/dags/dag_extract_catalogs.py for tasks to queue
[2026-07-11T06:43:42.083+0000] {logging_mixin.py:190} INFO - [2026-07-11T06:43:42.083+0000] {dagbag.py:588} INFO - Filling up the DagBag from /opt/airflow/dags/dag_extract_catalogs.py
[2026-07-11T06:43:42.089+0000] {processor.py:925} INFO - DAG(s) 'dag_extract_catalogs' retrieved from /opt/airflow/dags/dag_extract_catalogs.py
[2026-07-11T06:43:42.102+0000] {logging_mixin.py:190} INFO - [2026-07-11T06:43:42.102+0000] {dag.py:3239} INFO - Sync 1 DAGs
[2026-07-11T06:43:42.109+0000] {logging_mixin.py:190} INFO - [2026-07-11T06:43:42.109+0000] {dag.py:4180} INFO - Setting next_dagrun for dag_extract_catalogs to 2026-07-10 01:00:00+00:00, run_after=2026-07-11 01:00:00+00:00
[2026-07-11T06:43:42.114+0000] {processor.py:208} INFO - Processing /opt/airflow/dags/dag_extract_catalogs.py took 0.035 seconds
[2026-07-11T06:44:12.548+0000] {processor.py:186} INFO - Started process (PID=31481) to work on /opt/airflow/dags/dag_extract_catalogs.py
[2026-07-11T06:44:12.549+0000] {processor.py:914} INFO - Processing file /opt/airflow/dags/dag_extract_catalogs.py for tasks to queue
[2026-07-11T06:44:12.551+0000] {logging_mixin.py:190} INFO - [2026-07-11T06:44:12.550+0000] {dagbag.py:588} INFO - Filling up the DagBag from /opt/airflow/dags/dag_extract_catalogs.py
[2026-07-11T06:44:12.558+0000] {processor.py:925} INFO - DAG(s) 'dag_extract_catalogs' retrieved from /opt/airflow/dags/dag_extract_catalogs.py
[2026-07-11T06:44:12.569+0000] {logging_mixin.py:190} INFO - [2026-07-11T06:44:12.569+0000] {dag.py:3239} INFO - Sync 1 DAGs
[2026-07-11T06:44:12.636+0000] {logging_mixin.py:190} INFO - [2026-07-11T06:44:12.636+0000] {dag.py:4180} INFO - Setting next_dagrun for dag_extract_catalogs to 2026-07-10 01:00:00+00:00, run_after=2026-07-11 01:00:00+00:00
[2026-07-11T06:44:12.641+0000] {processor.py:208} INFO - Processing /opt/airflow/dags/dag_extract_catalogs.py took 0.096 seconds
[2026-07-11T06:44:43.087+0000] {processor.py:186} INFO - Started process (PID=31503) to work on /opt/airflow/dags/dag_extract_catalogs.py
[2026-07-11T06:44:43.087+0000] {processor.py:914} INFO - Processing file /opt/airflow/dags/dag_extract_catalogs.py for tasks to queue
[2026-07-11T06:44:43.088+0000] {logging_mixin.py:190} INFO - [2026-07-11T06:44:43.088+0000] {dagbag.py:588} INFO - Filling up the DagBag from /opt/airflow/dags/dag_extract_catalogs.py
[2026-07-11T06:44:43.094+0000] {processor.py:925} INFO - DAG(s) 'dag_extract_catalogs' retrieved from /opt/airflow/dags/dag_extract_catalogs.py
[2026-07-11T06:44:43.105+0000] {logging_mixin.py:190} INFO - [2026-07-11T06:44:43.105+0000] {dag.py:3239} INFO - Sync 1 DAGs
[2026-07-11T06:44:43.113+0000] {logging_mixin.py:190} INFO - [2026-07-11T06:44:43.113+0000] {dag.py:4180} INFO - Setting next_dagrun for dag_extract_catalogs to 2026-07-10 01:00:00+00:00, run_after=2026-07-11 01:00:00+00:00
[2026-07-11T06:44:43.201+0000] {processor.py:208} INFO - Processing /opt/airflow/dags/dag_extract_catalogs.py took 0.116 seconds
[2026-07-11T06:45:13.651+0000] {processor.py:186} INFO - Started process (PID=31523) to work on /opt/airflow/dags/dag_extract_catalogs.py
[2026-07-11T06:45:13.652+0000] {processor.py:914} INFO - Processing file /opt/airflow/dags/dag_extract_catalogs.py for tasks to queue
[2026-07-11T06:45:13.653+0000] {logging_mixin.py:190} INFO - [2026-07-11T06:45:13.653+0000] {dagbag.py:588} INFO - Filling up the DagBag from /opt/airflow/dags/dag_extract_catalogs.py
[2026-07-11T06:45:13.716+0000] {processor.py:925} INFO - DAG(s) 'dag_extract_catalogs' retrieved from /opt/airflow/dags/dag_extract_catalogs.py
[2026-07-11T06:45:13.725+0000] {logging_mixin.py:190} INFO - [2026-07-11T06:45:13.724+0000] {dag.py:3239} INFO - Sync 1 DAGs
[2026-07-11T06:45:13.730+0000] {logging_mixin.py:190} INFO - [2026-07-11T06:45:13.730+0000] {dag.py:4180} INFO - Setting next_dagrun for dag_extract_catalogs to 2026-07-10 01:00:00+00:00, run_after=2026-07-11 01:00:00+00:00
[2026-07-11T06:45:13.735+0000] {processor.py:208} INFO - Processing /opt/airflow/dags/dag_extract_catalogs.py took 0.086 seconds
[2026-07-11T06:45:44.116+0000] {processor.py:186} INFO - Started process (PID=31543) to work on /opt/airflow/dags/dag_extract_catalogs.py
[2026-07-11T06:45:44.117+0000] {processor.py:914} INFO - Processing file /opt/airflow/dags/dag_extract_catalogs.py for tasks to queue
[2026-07-11T06:45:44.117+0000] {logging_mixin.py:190} INFO - [2026-07-11T06:45:44.117+0000] {dagbag.py:588} INFO - Filling up the DagBag from /opt/airflow/dags/dag_extract_catalogs.py
[2026-07-11T06:45:44.122+0000] {processor.py:925} INFO - DAG(s) 'dag_extract_catalogs' retrieved from /opt/airflow/dags/dag_extract_catalogs.py
[2026-07-11T06:45:44.132+0000] {logging_mixin.py:190} INFO - [2026-07-11T06:45:44.132+0000] {dag.py:3239} INFO - Sync 1 DAGs
[2026-07-11T06:45:44.140+0000] {logging_mixin.py:190} INFO - [2026-07-11T06:45:44.140+0000] {dag.py:4180} INFO - Setting next_dagrun for dag_extract_catalogs to 2026-07-10 01:00:00+00:00, run_after=2026-07-11 01:00:00+00:00
[2026-07-11T06:45:44.145+0000] {processor.py:208} INFO - Processing /opt/airflow/dags/dag_extract_catalogs.py took 0.031 seconds
[2026-07-11T06:46:14.511+0000] {processor.py:186} INFO - Started process (PID=31563) to work on /opt/airflow/dags/dag_extract_catalogs.py
[2026-07-11T06:46:14.511+0000] {processor.py:914} INFO - Processing file /opt/airflow/dags/dag_extract_catalogs.py for tasks to queue
[2026-07-11T06:46:14.512+0000] {logging_mixin.py:190} INFO - [2026-07-11T06:46:14.512+0000] {dagbag.py:588} INFO - Filling up the DagBag from /opt/airflow/dags/dag_extract_catalogs.py
[2026-07-11T06:46:14.517+0000] {processor.py:925} INFO - DAG(s) 'dag_extract_catalogs' retrieved from /opt/airflow/dags/dag_extract_catalogs.py
[2026-07-11T06:46:14.527+0000] {logging_mixin.py:190} INFO - [2026-07-11T06:46:14.527+0000] {dag.py:3239} INFO - Sync 1 DAGs
[2026-07-11T06:46:14.534+0000] {logging_mixin.py:190} INFO - [2026-07-11T06:46:14.534+0000] {dag.py:4180} INFO - Setting next_dagrun for dag_extract_catalogs to 2026-07-10 01:00:00+00:00, run_after=2026-07-11 01:00:00+00:00
[2026-07-11T06:46:14.539+0000] {processor.py:208} INFO - Processing /opt/airflow/dags/dag_extract_catalogs.py took 0.031 seconds
[2026-07-11T06:46:45.025+0000] {processor.py:186} INFO - Started process (PID=31583) to work on /opt/airflow/dags/dag_extract_catalogs.py
[2026-07-11T06:46:45.026+0000] {processor.py:914} INFO - Processing file /opt/airflow/dags/dag_extract_catalogs.py for tasks to queue
[2026-07-11T06:46:45.027+0000] {logging_mixin.py:190} INFO - [2026-07-11T06:46:45.026+0000] {dagbag.py:588} INFO - Filling up the DagBag from /opt/airflow/dags/dag_extract_catalogs.py
[2026-07-11T06:46:45.032+0000] {processor.py:925} INFO - DAG(s) 'dag_extract_catalogs' retrieved from /opt/airflow/dags/dag_extract_catalogs.py
[2026-07-11T06:46:45.043+0000] {logging_mixin.py:190} INFO - [2026-07-11T06:46:45.043+0000] {dag.py:3239} INFO - Sync 1 DAGs
[2026-07-11T06:46:45.050+0000] {logging_mixin.py:190} INFO - [2026-07-11T06:46:45.050+0000] {dag.py:4180} INFO - Setting next_dagrun for dag_extract_catalogs to 2026-07-10 01:00:00+00:00, run_after=2026-07-11 01:00:00+00:00
[2026-07-11T06:46:45.055+0000] {processor.py:208} INFO - Processing /opt/airflow/dags/dag_extract_catalogs.py took 0.032 seconds
[2026-07-11T06:47:15.511+0000] {processor.py:186} INFO - Started process (PID=31603) to work on /opt/airflow/dags/dag_extract_catalogs.py
[2026-07-11T06:47:15.511+0000] {processor.py:914} INFO - Processing file /opt/airflow/dags/dag_extract_catalogs.py for tasks to queue
[2026-07-11T06:47:15.512+0000] {logging_mixin.py:190} INFO - [2026-07-11T06:47:15.512+0000] {dagbag.py:588} INFO - Filling up the DagBag from /opt/airflow/dags/dag_extract_catalogs.py
[2026-07-11T06:47:15.517+0000] {processor.py:925} INFO - DAG(s) 'dag_extract_catalogs' retrieved from /opt/airflow/dags/dag_extract_catalogs.py
[2026-07-11T06:47:15.527+0000] {logging_mixin.py:190} INFO - [2026-07-11T06:47:15.527+0000] {dag.py:3239} INFO - Sync 1 DAGs
[2026-07-11T06:47:15.534+0000] {logging_mixin.py:190} INFO - [2026-07-11T06:47:15.534+0000] {dag.py:4180} INFO - Setting next_dagrun for dag_extract_catalogs to 2026-07-10 01:00:00+00:00, run_after=2026-07-11 01:00:00+00:00
[2026-07-11T06:47:15.539+0000] {processor.py:208} INFO - Processing /opt/airflow/dags/dag_extract_catalogs.py took 0.030 seconds
[2026-07-11T06:47:45.924+0000] {processor.py:186} INFO - Started process (PID=31621) to work on /opt/airflow/dags/dag_extract_catalogs.py
[2026-07-11T06:47:45.925+0000] {processor.py:914} INFO - Processing file /opt/airflow/dags/dag_extract_catalogs.py for tasks to queue
[2026-07-11T06:47:45.926+0000] {logging_mixin.py:190} INFO - [2026-07-11T06:47:45.926+0000] {dagbag.py:588} INFO - Filling up the DagBag from /opt/airflow/dags/dag_extract_catalogs.py
[2026-07-11T06:47:45.931+0000] {processor.py:925} INFO - DAG(s) 'dag_extract_catalogs' retrieved from /opt/airflow/dags/dag_extract_catalogs.py
[2026-07-11T06:47:45.950+0000] {logging_mixin.py:190} INFO - [2026-07-11T06:47:45.950+0000] {dag.py:3239} INFO - Sync 1 DAGs
[2026-07-11T06:47:45.959+0000] {logging_mixin.py:190} INFO - [2026-07-11T06:47:45.959+0000] {dag.py:4180} INFO - Setting next_dagrun for dag_extract_catalogs to 2026-07-10 01:00:00+00:00, run_after=2026-07-11 01:00:00+00:00
[2026-07-11T06:47:45.964+0000] {processor.py:208} INFO - Processing /opt/airflow/dags/dag_extract_catalogs.py took 0.042 seconds
[2026-07-11T06:48:16.429+0000] {processor.py:186} INFO - Started process (PID=31643) to work on /opt/airflow/dags/dag_extract_catalogs.py
[2026-07-11T06:48:16.429+0000] {processor.py:914} INFO - Processing file /opt/airflow/dags/dag_extract_catalogs.py for tasks to queue
[2026-07-11T06:48:16.430+0000] {logging_mixin.py:190} INFO - [2026-07-11T06:48:16.430+0000] {dagbag.py:588} INFO - Filling up the DagBag from /opt/airflow/dags/dag_extract_catalogs.py
[2026-07-11T06:48:16.435+0000] {processor.py:925} INFO - DAG(s) 'dag_extract_catalogs' retrieved from /opt/airflow/dags/dag_extract_catalogs.py
[2026-07-11T06:48:16.445+0000] {logging_mixin.py:190} INFO - [2026-07-11T06:48:16.445+0000] {dag.py:3239} INFO - Sync 1 DAGs
[2026-07-11T06:48:16.453+0000] {logging_mixin.py:190} INFO - [2026-07-11T06:48:16.453+0000] {dag.py:4180} INFO - Setting next_dagrun for dag_extract_catalogs to 2026-07-10 01:00:00+00:00, run_after=2026-07-11 01:00:00+00:00
[2026-07-11T06:48:16.457+0000] {processor.py:208} INFO - Processing /opt/airflow/dags/dag_extract_catalogs.py took 0.031 seconds
[2026-07-11T06:48:46.874+0000] {processor.py:186} INFO - Started process (PID=31663) to work on /opt/airflow/dags/dag_extract_catalogs.py
[2026-07-11T06:48:46.874+0000] {processor.py:914} INFO - Processing file /opt/airflow/dags/dag_extract_catalogs.py for tasks to queue
[2026-07-11T06:48:46.875+0000] {logging_mixin.py:190} INFO - [2026-07-11T06:48:46.875+0000] {dagbag.py:588} INFO - Filling up the DagBag from /opt/airflow/dags/dag_extract_catalogs.py
[2026-07-11T06:48:46.880+0000] {processor.py:925} INFO - DAG(s) 'dag_extract_catalogs' retrieved from /opt/airflow/dags/dag_extract_catalogs.py
[2026-07-11T06:48:46.890+0000] {logging_mixin.py:190} INFO - [2026-07-11T06:48:46.890+0000] {dag.py:3239} INFO - Sync 1 DAGs
[2026-07-11T06:48:46.897+0000] {logging_mixin.py:190} INFO - [2026-07-11T06:48:46.897+0000] {dag.py:4180} INFO - Setting next_dagrun for dag_extract_catalogs to 2026-07-10 01:00:00+00:00, run_after=2026-07-11 01:00:00+00:00
[2026-07-11T06:48:46.902+0000] {processor.py:208} INFO - Processing /opt/airflow/dags/dag_extract_catalogs.py took 0.030 seconds
[2026-07-11T06:49:17.310+0000] {processor.py:186} INFO - Started process (PID=31681) to work on /opt/airflow/dags/dag_extract_catalogs.py
[2026-07-11T06:49:17.310+0000] {processor.py:914} INFO - Processing file /opt/airflow/dags/dag_extract_catalogs.py for tasks to queue
[2026-07-11T06:49:17.311+0000] {logging_mixin.py:190} INFO - [2026-07-11T06:49:17.311+0000] {dagbag.py:588} INFO - Filling up the DagBag from /opt/airflow/dags/dag_extract_catalogs.py
[2026-07-11T06:49:17.317+0000] {processor.py:925} INFO - DAG(s) 'dag_extract_catalogs' retrieved from /opt/airflow/dags/dag_extract_catalogs.py
[2026-07-11T06:49:17.329+0000] {logging_mixin.py:190} INFO - [2026-07-11T06:49:17.329+0000] {dag.py:3239} INFO - Sync 1 DAGs
[2026-07-11T06:49:17.337+0000] {logging_mixin.py:190} INFO - [2026-07-11T06:49:17.337+0000] {dag.py:4180} INFO - Setting next_dagrun for dag_extract_catalogs to 2026-07-10 01:00:00+00:00, run_after=2026-07-11 01:00:00+00:00
[2026-07-11T06:49:17.342+0000] {processor.py:208} INFO - Processing /opt/airflow/dags/dag_extract_catalogs.py took 0.035 seconds
[2026-07-11T06:49:47.773+0000] {processor.py:186} INFO - Started process (PID=31703) to work on /opt/airflow/dags/dag_extract_catalogs.py
[2026-07-11T06:49:47.773+0000] {processor.py:914} INFO - Processing file /opt/airflow/dags/dag_extract_catalogs.py for tasks to queue
[2026-07-11T06:49:47.774+0000] {logging_mixin.py:190} INFO - [2026-07-11T06:49:47.774+0000] {dagbag.py:588} INFO - Filling up the DagBag from /opt/airflow/dags/dag_extract_catalogs.py
[2026-07-11T06:49:47.779+0000] {processor.py:925} INFO - DAG(s) 'dag_extract_catalogs' retrieved from /opt/airflow/dags/dag_extract_catalogs.py
[2026-07-11T06:49:47.789+0000] {logging_mixin.py:190} INFO - [2026-07-11T06:49:47.789+0000] {dag.py:3239} INFO - Sync 1 DAGs
[2026-07-11T06:49:47.796+0000] {logging_mixin.py:190} INFO - [2026-07-11T06:49:47.796+0000] {dag.py:4180} INFO - Setting next_dagrun for dag_extract_catalogs to 2026-07-10 01:00:00+00:00, run_after=2026-07-11 01:00:00+00:00
[2026-07-11T06:49:47.801+0000] {processor.py:208} INFO - Processing /opt/airflow/dags/dag_extract_catalogs.py took 0.030 seconds
[2026-07-11T06:50:18.206+0000] {processor.py:186} INFO - Started process (PID=31723) to work on /opt/airflow/dags/dag_extract_catalogs.py
[2026-07-11T06:50:18.206+0000] {processor.py:914} INFO - Processing file /opt/airflow/dags/dag_extract_catalogs.py for tasks to queue
[2026-07-11T06:50:18.207+0000] {logging_mixin.py:190} INFO - [2026-07-11T06:50:18.207+0000] {dagbag.py:588} INFO - Filling up the DagBag from /opt/airflow/dags/dag_extract_catalogs.py
[2026-07-11T06:50:18.212+0000] {processor.py:925} INFO - DAG(s) 'dag_extract_catalogs' retrieved from /opt/airflow/dags/dag_extract_catalogs.py
[2026-07-11T06:50:18.222+0000] {logging_mixin.py:190} INFO - [2026-07-11T06:50:18.222+0000] {dag.py:3239} INFO - Sync 1 DAGs
[2026-07-11T06:50:18.229+0000] {logging_mixin.py:190} INFO - [2026-07-11T06:50:18.229+0000] {dag.py:4180} INFO - Setting next_dagrun for dag_extract_catalogs to 2026-07-10 01:00:00+00:00, run_after=2026-07-11 01:00:00+00:00
[2026-07-11T06:50:18.234+0000] {processor.py:208} INFO - Processing /opt/airflow/dags/dag_extract_catalogs.py took 0.030 seconds
[2026-07-11T06:50:48.691+0000] {processor.py:186} INFO - Started process (PID=31743) to work on /opt/airflow/dags/dag_extract_catalogs.py
[2026-07-11T06:50:48.691+0000] {processor.py:914} INFO - Processing file /opt/airflow/dags/dag_extract_catalogs.py for tasks to queue
[2026-07-11T06:50:48.692+0000] {logging_mixin.py:190} INFO - [2026-07-11T06:50:48.692+0000] {dagbag.py:588} INFO - Filling up the DagBag from /opt/airflow/dags/dag_extract_catalogs.py
[2026-07-11T06:50:48.697+0000] {processor.py:925} INFO - DAG(s) 'dag_extract_catalogs' retrieved from /opt/airflow/dags/dag_extract_catalogs.py
[2026-07-11T06:50:48.707+0000] {logging_mixin.py:190} INFO - [2026-07-11T06:50:48.707+0000] {dag.py:3239} INFO - Sync 1 DAGs
[2026-07-11T06:50:48.715+0000] {logging_mixin.py:190} INFO - [2026-07-11T06:50:48.715+0000] {dag.py:4180} INFO - Setting next_dagrun for dag_extract_catalogs to 2026-07-10 01:00:00+00:00, run_after=2026-07-11 01:00:00+00:00
[2026-07-11T06:50:48.720+0000] {processor.py:208} INFO - Processing /opt/airflow/dags/dag_extract_catalogs.py took 0.032 seconds
[2026-07-11T06:51:20.397+0000] {processor.py:186} INFO - Started process (PID=31761) to work on /opt/airflow/dags/dag_extract_catalogs.py
[2026-07-11T06:51:20.400+0000] {processor.py:914} INFO - Processing file /opt/airflow/dags/dag_extract_catalogs.py for tasks to queue
[2026-07-11T06:51:20.401+0000] {logging_mixin.py:190} INFO - [2026-07-11T06:51:20.401+0000] {dagbag.py:588} INFO - Filling up the DagBag from /opt/airflow/dags/dag_extract_catalogs.py
[2026-07-11T06:51:20.410+0000] {processor.py:925} INFO - DAG(s) 'dag_extract_catalogs' retrieved from /opt/airflow/dags/dag_extract_catalogs.py
[2026-07-11T06:51:20.426+0000] {logging_mixin.py:190} INFO - [2026-07-11T06:51:20.425+0000] {dag.py:3239} INFO - Sync 1 DAGs
[2026-07-11T06:51:20.437+0000] {logging_mixin.py:190} INFO - [2026-07-11T06:51:20.437+0000] {dag.py:4180} INFO - Setting next_dagrun for dag_extract_catalogs to 2026-07-10 01:00:00+00:00, run_after=2026-07-11 01:00:00+00:00
[2026-07-11T06:51:20.444+0000] {processor.py:208} INFO - Processing /opt/airflow/dags/dag_extract_catalogs.py took 0.054 seconds
[2026-07-11T08:13:02.283+0000] {processor.py:186} INFO - Started process (PID=31783) to work on /opt/airflow/dags/dag_extract_catalogs.py
[2026-07-11T08:13:02.283+0000] {processor.py:914} INFO - Processing file /opt/airflow/dags/dag_extract_catalogs.py for tasks to queue
[2026-07-11T08:13:02.284+0000] {logging_mixin.py:190} INFO - [2026-07-11T08:13:02.284+0000] {dagbag.py:588} INFO - Filling up the DagBag from /opt/airflow/dags/dag_extract_catalogs.py
[2026-07-11T08:13:02.289+0000] {processor.py:925} INFO - DAG(s) 'dag_extract_catalogs' retrieved from /opt/airflow/dags/dag_extract_catalogs.py
[2026-07-11T08:13:02.299+0000] {logging_mixin.py:190} INFO - [2026-07-11T08:13:02.299+0000] {dag.py:3239} INFO - Sync 1 DAGs
[2026-07-11T08:13:02.306+0000] {logging_mixin.py:190} INFO - [2026-07-11T08:13:02.306+0000] {dag.py:4180} INFO - Setting next_dagrun for dag_extract_catalogs to 2026-07-10 01:00:00+00:00, run_after=2026-07-11 01:00:00+00:00
[2026-07-11T08:13:02.310+0000] {processor.py:208} INFO - Processing /opt/airflow/dags/dag_extract_catalogs.py took 0.031 seconds
[2026-07-11T08:44:45.503+0000] {processor.py:186} INFO - Started process (PID=31803) to work on /opt/airflow/dags/dag_extract_catalogs.py
[2026-07-11T08:44:45.504+0000] {processor.py:914} INFO - Processing file /opt/airflow/dags/dag_extract_catalogs.py for tasks to queue
[2026-07-11T08:44:45.505+0000] {logging_mixin.py:190} INFO - [2026-07-11T08:44:45.505+0000] {dagbag.py:588} INFO - Filling up the DagBag from /opt/airflow/dags/dag_extract_catalogs.py
[2026-07-11T08:44:45.509+0000] {processor.py:925} INFO - DAG(s) 'dag_extract_catalogs' retrieved from /opt/airflow/dags/dag_extract_catalogs.py
[2026-07-11T08:44:45.519+0000] {logging_mixin.py:190} INFO - [2026-07-11T08:44:45.519+0000] {dag.py:3239} INFO - Sync 1 DAGs
[2026-07-11T08:44:45.526+0000] {logging_mixin.py:190} INFO - [2026-07-11T08:44:45.526+0000] {dag.py:4180} INFO - Setting next_dagrun for dag_extract_catalogs to 2026-07-10 01:00:00+00:00, run_after=2026-07-11 01:00:00+00:00
[2026-07-11T08:44:45.531+0000] {processor.py:208} INFO - Processing /opt/airflow/dags/dag_extract_catalogs.py took 0.031 seconds
[2026-07-11T08:52:18.770+0000] {processor.py:186} INFO - Started process (PID=31823) to work on /opt/airflow/dags/dag_extract_catalogs.py
[2026-07-11T08:52:18.771+0000] {processor.py:914} INFO - Processing file /opt/airflow/dags/dag_extract_catalogs.py for tasks to queue
[2026-07-11T08:52:18.771+0000] {logging_mixin.py:190} INFO - [2026-07-11T08:52:18.771+0000] {dagbag.py:588} INFO - Filling up the DagBag from /opt/airflow/dags/dag_extract_catalogs.py
[2026-07-11T08:52:18.776+0000] {processor.py:925} INFO - DAG(s) 'dag_extract_catalogs' retrieved from /opt/airflow/dags/dag_extract_catalogs.py
[2026-07-11T08:52:18.786+0000] {logging_mixin.py:190} INFO - [2026-07-11T08:52:18.786+0000] {dag.py:3239} INFO - Sync 1 DAGs
[2026-07-11T08:52:18.793+0000] {logging_mixin.py:190} INFO - [2026-07-11T08:52:18.793+0000] {dag.py:4180} INFO - Setting next_dagrun for dag_extract_catalogs to 2026-07-10 01:00:00+00:00, run_after=2026-07-11 01:00:00+00:00
[2026-07-11T08:52:18.798+0000] {processor.py:208} INFO - Processing /opt/airflow/dags/dag_extract_catalogs.py took 0.030 seconds
[2026-07-11T09:41:09.735+0000] {processor.py:186} INFO - Started process (PID=31843) to work on /opt/airflow/dags/dag_extract_catalogs.py
[2026-07-11T09:41:09.736+0000] {processor.py:914} INFO - Processing file /opt/airflow/dags/dag_extract_catalogs.py for tasks to queue
[2026-07-11T09:41:09.737+0000] {logging_mixin.py:190} INFO - [2026-07-11T09:41:09.737+0000] {dagbag.py:588} INFO - Filling up the DagBag from /opt/airflow/dags/dag_extract_catalogs.py
[2026-07-11T09:41:09.742+0000] {processor.py:925} INFO - DAG(s) 'dag_extract_catalogs' retrieved from /opt/airflow/dags/dag_extract_catalogs.py
[2026-07-11T09:41:09.753+0000] {logging_mixin.py:190} INFO - [2026-07-11T09:41:09.752+0000] {dag.py:3239} INFO - Sync 1 DAGs
[2026-07-11T09:41:09.760+0000] {logging_mixin.py:190} INFO - [2026-07-11T09:41:09.760+0000] {dag.py:4180} INFO - Setting next_dagrun for dag_extract_catalogs to 2026-07-10 01:00:00+00:00, run_after=2026-07-11 01:00:00+00:00
[2026-07-11T09:41:09.764+0000] {processor.py:208} INFO - Processing /opt/airflow/dags/dag_extract_catalogs.py took 0.032 seconds
[2026-07-11T09:52:52.218+0000] {processor.py:186} INFO - Started process (PID=31861) to work on /opt/airflow/dags/dag_extract_catalogs.py
[2026-07-11T09:52:52.219+0000] {processor.py:914} INFO - Processing file /opt/airflow/dags/dag_extract_catalogs.py for tasks to queue
[2026-07-11T09:52:52.220+0000] {logging_mixin.py:190} INFO - [2026-07-11T09:52:52.220+0000] {dagbag.py:588} INFO - Filling up the DagBag from /opt/airflow/dags/dag_extract_catalogs.py
[2026-07-11T09:52:52.226+0000] {processor.py:925} INFO - DAG(s) 'dag_extract_catalogs' retrieved from /opt/airflow/dags/dag_extract_catalogs.py
[2026-07-11T09:52:52.242+0000] {logging_mixin.py:190} INFO - [2026-07-11T09:52:52.242+0000] {dag.py:3239} INFO - Sync 1 DAGs
[2026-07-11T09:52:52.251+0000] {logging_mixin.py:190} INFO - [2026-07-11T09:52:52.250+0000] {dag.py:4180} INFO - Setting next_dagrun for dag_extract_catalogs to 2026-07-10 01:00:00+00:00, run_after=2026-07-11 01:00:00+00:00
[2026-07-11T09:52:52.255+0000] {processor.py:208} INFO - Processing /opt/airflow/dags/dag_extract_catalogs.py took 0.040 seconds
[2026-07-11T09:53:22.802+0000] {processor.py:186} INFO - Started process (PID=31883) to work on /opt/airflow/dags/dag_extract_catalogs.py
[2026-07-11T09:53:22.803+0000] {processor.py:914} INFO - Processing file /opt/airflow/dags/dag_extract_catalogs.py for tasks to queue
[2026-07-11T09:53:22.803+0000] {logging_mixin.py:190} INFO - [2026-07-11T09:53:22.803+0000] {dagbag.py:588} INFO - Filling up the DagBag from /opt/airflow/dags/dag_extract_catalogs.py
[2026-07-11T09:53:22.808+0000] {processor.py:925} INFO - DAG(s) 'dag_extract_catalogs' retrieved from /opt/airflow/dags/dag_extract_catalogs.py
[2026-07-11T09:53:22.818+0000] {logging_mixin.py:190} INFO - [2026-07-11T09:53:22.818+0000] {dag.py:3239} INFO - Sync 1 DAGs
[2026-07-11T09:53:22.825+0000] {logging_mixin.py:190} INFO - [2026-07-11T09:53:22.825+0000] {dag.py:4180} INFO - Setting next_dagrun for dag_extract_catalogs to 2026-07-10 01:00:00+00:00, run_after=2026-07-11 01:00:00+00:00
[2026-07-11T09:53:22.830+0000] {processor.py:208} INFO - Processing /opt/airflow/dags/dag_extract_catalogs.py took 0.030 seconds
[2026-07-11T10:43:45.039+0000] {processor.py:186} INFO - Started process (PID=31903) to work on /opt/airflow/dags/dag_extract_catalogs.py
[2026-07-11T10:43:45.040+0000] {processor.py:914} INFO - Processing file /opt/airflow/dags/dag_extract_catalogs.py for tasks to queue
[2026-07-11T10:43:45.041+0000] {logging_mixin.py:190} INFO - [2026-07-11T10:43:45.041+0000] {dagbag.py:588} INFO - Filling up the DagBag from /opt/airflow/dags/dag_extract_catalogs.py
[2026-07-11T10:43:45.046+0000] {processor.py:925} INFO - DAG(s) 'dag_extract_catalogs' retrieved from /opt/airflow/dags/dag_extract_catalogs.py
[2026-07-11T10:43:45.057+0000] {logging_mixin.py:190} INFO - [2026-07-11T10:43:45.057+0000] {dag.py:3239} INFO - Sync 1 DAGs
[2026-07-11T10:43:45.064+0000] {logging_mixin.py:190} INFO - [2026-07-11T10:43:45.064+0000] {dag.py:4180} INFO - Setting next_dagrun for dag_extract_catalogs to 2026-07-10 01:00:00+00:00, run_after=2026-07-11 01:00:00+00:00
[2026-07-11T10:43:45.069+0000] {processor.py:208} INFO - Processing /opt/airflow/dags/dag_extract_catalogs.py took 0.032 seconds
[2026-07-11T10:54:19.263+0000] {processor.py:186} INFO - Started process (PID=31921) to work on /opt/airflow/dags/dag_extract_catalogs.py
[2026-07-11T10:54:19.265+0000] {processor.py:914} INFO - Processing file /opt/airflow/dags/dag_extract_catalogs.py for tasks to queue
[2026-07-11T10:54:19.266+0000] {logging_mixin.py:190} INFO - [2026-07-11T10:54:19.266+0000] {dagbag.py:588} INFO - Filling up the DagBag from /opt/airflow/dags/dag_extract_catalogs.py
[2026-07-11T10:54:19.272+0000] {processor.py:925} INFO - DAG(s) 'dag_extract_catalogs' retrieved from /opt/airflow/dags/dag_extract_catalogs.py
[2026-07-11T10:54:19.282+0000] {logging_mixin.py:190} INFO - [2026-07-11T10:54:19.282+0000] {dag.py:3239} INFO - Sync 1 DAGs
[2026-07-11T10:54:19.290+0000] {logging_mixin.py:190} INFO - [2026-07-11T10:54:19.290+0000] {dag.py:4180} INFO - Setting next_dagrun for dag_extract_catalogs to 2026-07-10 01:00:00+00:00, run_after=2026-07-11 01:00:00+00:00
[2026-07-11T10:54:19.299+0000] {processor.py:208} INFO - Processing /opt/airflow/dags/dag_extract_catalogs.py took 0.038 seconds
[2026-07-11T11:42:47.111+0000] {processor.py:186} INFO - Started process (PID=31943) to work on /opt/airflow/dags/dag_extract_catalogs.py
[2026-07-11T11:42:47.112+0000] {processor.py:914} INFO - Processing file /opt/airflow/dags/dag_extract_catalogs.py for tasks to queue
[2026-07-11T11:42:47.112+0000] {logging_mixin.py:190} INFO - [2026-07-11T11:42:47.112+0000] {dagbag.py:588} INFO - Filling up the DagBag from /opt/airflow/dags/dag_extract_catalogs.py
[2026-07-11T11:42:47.118+0000] {processor.py:925} INFO - DAG(s) 'dag_extract_catalogs' retrieved from /opt/airflow/dags/dag_extract_catalogs.py
[2026-07-11T11:42:47.128+0000] {logging_mixin.py:190} INFO - [2026-07-11T11:42:47.128+0000] {dag.py:3239} INFO - Sync 1 DAGs
[2026-07-11T11:42:47.136+0000] {logging_mixin.py:190} INFO - [2026-07-11T11:42:47.136+0000] {dag.py:4180} INFO - Setting next_dagrun for dag_extract_catalogs to 2026-07-10 01:00:00+00:00, run_after=2026-07-11 01:00:00+00:00
[2026-07-11T11:42:47.140+0000] {processor.py:208} INFO - Processing /opt/airflow/dags/dag_extract_catalogs.py took 0.032 seconds
[2026-07-11T11:55:16.480+0000] {processor.py:186} INFO - Started process (PID=31963) to work on /opt/airflow/dags/dag_extract_catalogs.py
[2026-07-11T11:55:16.480+0000] {processor.py:914} INFO - Processing file /opt/airflow/dags/dag_extract_catalogs.py for tasks to queue
[2026-07-11T11:55:16.481+0000] {logging_mixin.py:190} INFO - [2026-07-11T11:55:16.481+0000] {dagbag.py:588} INFO - Filling up the DagBag from /opt/airflow/dags/dag_extract_catalogs.py
[2026-07-11T11:55:16.486+0000] {processor.py:925} INFO - DAG(s) 'dag_extract_catalogs' retrieved from /opt/airflow/dags/dag_extract_catalogs.py
[2026-07-11T11:55:16.495+0000] {logging_mixin.py:190} INFO - [2026-07-11T11:55:16.495+0000] {dag.py:3239} INFO - Sync 1 DAGs
[2026-07-11T11:55:16.503+0000] {logging_mixin.py:190} INFO - [2026-07-11T11:55:16.502+0000] {dag.py:4180} INFO - Setting next_dagrun for dag_extract_catalogs to 2026-07-10 01:00:00+00:00, run_after=2026-07-11 01:00:00+00:00
[2026-07-11T11:55:16.507+0000] {processor.py:208} INFO - Processing /opt/airflow/dags/dag_extract_catalogs.py took 0.030 seconds
[2026-07-11T12:11:26.054+0000] {processor.py:186} INFO - Started process (PID=31983) to work on /opt/airflow/dags/dag_extract_catalogs.py
[2026-07-11T12:11:26.054+0000] {processor.py:914} INFO - Processing file /opt/airflow/dags/dag_extract_catalogs.py for tasks to queue
[2026-07-11T12:11:26.055+0000] {logging_mixin.py:190} INFO - [2026-07-11T12:11:26.055+0000] {dagbag.py:588} INFO - Filling up the DagBag from /opt/airflow/dags/dag_extract_catalogs.py
[2026-07-11T12:11:26.060+0000] {processor.py:925} INFO - DAG(s) 'dag_extract_catalogs' retrieved from /opt/airflow/dags/dag_extract_catalogs.py
[2026-07-11T12:11:26.070+0000] {logging_mixin.py:190} INFO - [2026-07-11T12:11:26.070+0000] {dag.py:3239} INFO - Sync 1 DAGs
[2026-07-11T12:11:26.077+0000] {logging_mixin.py:190} INFO - [2026-07-11T12:11:26.076+0000] {dag.py:4180} INFO - Setting next_dagrun for dag_extract_catalogs to 2026-07-10 01:00:00+00:00, run_after=2026-07-11 01:00:00+00:00
[2026-07-11T12:11:26.081+0000] {processor.py:208} INFO - Processing /opt/airflow/dags/dag_extract_catalogs.py took 0.030 seconds
[2026-07-11T12:56:08.639+0000] {processor.py:186} INFO - Started process (PID=32003) to work on /opt/airflow/dags/dag_extract_catalogs.py
[2026-07-11T12:56:08.639+0000] {processor.py:914} INFO - Processing file /opt/airflow/dags/dag_extract_catalogs.py for tasks to queue
[2026-07-11T12:56:08.640+0000] {logging_mixin.py:190} INFO - [2026-07-11T12:56:08.640+0000] {dagbag.py:588} INFO - Filling up the DagBag from /opt/airflow/dags/dag_extract_catalogs.py
[2026-07-11T12:56:08.645+0000] {processor.py:925} INFO - DAG(s) 'dag_extract_catalogs' retrieved from /opt/airflow/dags/dag_extract_catalogs.py
[2026-07-11T12:56:08.655+0000] {logging_mixin.py:190} INFO - [2026-07-11T12:56:08.655+0000] {dag.py:3239} INFO - Sync 1 DAGs
[2026-07-11T12:56:08.662+0000] {logging_mixin.py:190} INFO - [2026-07-11T12:56:08.662+0000] {dag.py:4180} INFO - Setting next_dagrun for dag_extract_catalogs to 2026-07-10 01:00:00+00:00, run_after=2026-07-11 01:00:00+00:00
[2026-07-11T12:56:08.666+0000] {processor.py:208} INFO - Processing /opt/airflow/dags/dag_extract_catalogs.py took 0.030 seconds
[2026-07-11T13:12:38.166+0000] {processor.py:186} INFO - Started process (PID=32021) to work on /opt/airflow/dags/dag_extract_catalogs.py
[2026-07-11T13:12:38.167+0000] {processor.py:914} INFO - Processing file /opt/airflow/dags/dag_extract_catalogs.py for tasks to queue
[2026-07-11T13:12:38.168+0000] {logging_mixin.py:190} INFO - [2026-07-11T13:12:38.168+0000] {dagbag.py:588} INFO - Filling up the DagBag from /opt/airflow/dags/dag_extract_catalogs.py
[2026-07-11T13:12:38.175+0000] {processor.py:925} INFO - DAG(s) 'dag_extract_catalogs' retrieved from /opt/airflow/dags/dag_extract_catalogs.py
[2026-07-11T13:12:38.190+0000] {logging_mixin.py:190} INFO - [2026-07-11T13:12:38.190+0000] {dag.py:3239} INFO - Sync 1 DAGs
[2026-07-11T13:12:38.198+0000] {logging_mixin.py:190} INFO - [2026-07-11T13:12:38.198+0000] {dag.py:4180} INFO - Setting next_dagrun for dag_extract_catalogs to 2026-07-10 01:00:00+00:00, run_after=2026-07-11 01:00:00+00:00
[2026-07-11T13:12:38.203+0000] {processor.py:208} INFO - Processing /opt/airflow/dags/dag_extract_catalogs.py took 0.039 seconds
[2026-07-11T13:57:05.829+0000] {processor.py:186} INFO - Started process (PID=32041) to work on /opt/airflow/dags/dag_extract_catalogs.py
[2026-07-11T13:57:05.830+0000] {processor.py:914} INFO - Processing file /opt/airflow/dags/dag_extract_catalogs.py for tasks to queue
[2026-07-11T13:57:05.831+0000] {logging_mixin.py:190} INFO - [2026-07-11T13:57:05.831+0000] {dagbag.py:588} INFO - Filling up the DagBag from /opt/airflow/dags/dag_extract_catalogs.py
[2026-07-11T13:57:05.838+0000] {processor.py:925} INFO - DAG(s) 'dag_extract_catalogs' retrieved from /opt/airflow/dags/dag_extract_catalogs.py
[2026-07-11T13:57:05.852+0000] {logging_mixin.py:190} INFO - [2026-07-11T13:57:05.852+0000] {dag.py:3239} INFO - Sync 1 DAGs
[2026-07-11T13:57:05.860+0000] {logging_mixin.py:190} INFO - [2026-07-11T13:57:05.860+0000] {dag.py:4180} INFO - Setting next_dagrun for dag_extract_catalogs to 2026-07-10 01:00:00+00:00, run_after=2026-07-11 01:00:00+00:00
[2026-07-11T13:57:05.867+0000] {processor.py:208} INFO - Processing /opt/airflow/dags/dag_extract_catalogs.py took 0.040 seconds
[2026-07-11T13:57:36.550+0000] {processor.py:186} INFO - Started process (PID=32063) to work on /opt/airflow/dags/dag_extract_catalogs.py
[2026-07-11T13:57:36.551+0000] {processor.py:914} INFO - Processing file /opt/airflow/dags/dag_extract_catalogs.py for tasks to queue
[2026-07-11T13:57:36.552+0000] {logging_mixin.py:190} INFO - [2026-07-11T13:57:36.552+0000] {dagbag.py:588} INFO - Filling up the DagBag from /opt/airflow/dags/dag_extract_catalogs.py
[2026-07-11T13:57:36.557+0000] {processor.py:925} INFO - DAG(s) 'dag_extract_catalogs' retrieved from /opt/airflow/dags/dag_extract_catalogs.py
[2026-07-11T13:57:36.567+0000] {logging_mixin.py:190} INFO - [2026-07-11T13:57:36.567+0000] {dag.py:3239} INFO - Sync 1 DAGs
[2026-07-11T13:57:36.575+0000] {logging_mixin.py:190} INFO - [2026-07-11T13:57:36.575+0000] {dag.py:4180} INFO - Setting next_dagrun for dag_extract_catalogs to 2026-07-10 01:00:00+00:00, run_after=2026-07-11 01:00:00+00:00
[2026-07-11T13:57:36.580+0000] {processor.py:208} INFO - Processing /opt/airflow/dags/dag_extract_catalogs.py took 0.032 seconds
[2026-07-11T14:58:02.138+0000] {processor.py:186} INFO - Started process (PID=32083) to work on /opt/airflow/dags/dag_extract_catalogs.py
[2026-07-11T14:58:02.138+0000] {processor.py:914} INFO - Processing file /opt/airflow/dags/dag_extract_catalogs.py for tasks to queue
[2026-07-11T14:58:02.139+0000] {logging_mixin.py:190} INFO - [2026-07-11T14:58:02.139+0000] {dagbag.py:588} INFO - Filling up the DagBag from /opt/airflow/dags/dag_extract_catalogs.py
[2026-07-11T14:58:02.144+0000] {processor.py:925} INFO - DAG(s) 'dag_extract_catalogs' retrieved from /opt/airflow/dags/dag_extract_catalogs.py
[2026-07-11T14:58:02.154+0000] {logging_mixin.py:190} INFO - [2026-07-11T14:58:02.154+0000] {dag.py:3239} INFO - Sync 1 DAGs
[2026-07-11T14:58:02.162+0000] {logging_mixin.py:190} INFO - [2026-07-11T14:58:02.162+0000] {dag.py:4180} INFO - Setting next_dagrun for dag_extract_catalogs to 2026-07-10 01:00:00+00:00, run_after=2026-07-11 01:00:00+00:00
[2026-07-11T14:58:02.166+0000] {processor.py:208} INFO - Processing /opt/airflow/dags/dag_extract_catalogs.py took 0.031 seconds
[2026-07-11T14:58:32.679+0000] {processor.py:186} INFO - Started process (PID=32103) to work on /opt/airflow/dags/dag_extract_catalogs.py
[2026-07-11T14:58:32.679+0000] {processor.py:914} INFO - Processing file /opt/airflow/dags/dag_extract_catalogs.py for tasks to queue
[2026-07-11T14:58:32.680+0000] {logging_mixin.py:190} INFO - [2026-07-11T14:58:32.680+0000] {dagbag.py:588} INFO - Filling up the DagBag from /opt/airflow/dags/dag_extract_catalogs.py
[2026-07-11T14:58:32.685+0000] {processor.py:925} INFO - DAG(s) 'dag_extract_catalogs' retrieved from /opt/airflow/dags/dag_extract_catalogs.py
[2026-07-11T14:58:32.695+0000] {logging_mixin.py:190} INFO - [2026-07-11T14:58:32.695+0000] {dag.py:3239} INFO - Sync 1 DAGs
[2026-07-11T14:58:32.702+0000] {logging_mixin.py:190} INFO - [2026-07-11T14:58:32.702+0000] {dag.py:4180} INFO - Setting next_dagrun for dag_extract_catalogs to 2026-07-10 01:00:00+00:00, run_after=2026-07-11 01:00:00+00:00
[2026-07-11T14:58:32.706+0000] {processor.py:208} INFO - Processing /opt/airflow/dags/dag_extract_catalogs.py took 0.030 seconds
[2026-07-11T15:00:15.221+0000] {processor.py:186} INFO - Started process (PID=32123) to work on /opt/airflow/dags/dag_extract_catalogs.py
[2026-07-11T15:00:15.221+0000] {processor.py:914} INFO - Processing file /opt/airflow/dags/dag_extract_catalogs.py for tasks to queue
[2026-07-11T15:00:15.222+0000] {logging_mixin.py:190} INFO - [2026-07-11T15:00:15.222+0000] {dagbag.py:588} INFO - Filling up the DagBag from /opt/airflow/dags/dag_extract_catalogs.py
[2026-07-11T15:00:15.227+0000] {processor.py:925} INFO - DAG(s) 'dag_extract_catalogs' retrieved from /opt/airflow/dags/dag_extract_catalogs.py
[2026-07-11T15:00:15.237+0000] {logging_mixin.py:190} INFO - [2026-07-11T15:00:15.237+0000] {dag.py:3239} INFO - Sync 1 DAGs
[2026-07-11T15:00:15.243+0000] {logging_mixin.py:190} INFO - [2026-07-11T15:00:15.243+0000] {dag.py:4180} INFO - Setting next_dagrun for dag_extract_catalogs to 2026-07-10 01:00:00+00:00, run_after=2026-07-11 01:00:00+00:00
[2026-07-11T15:00:15.248+0000] {processor.py:208} INFO - Processing /opt/airflow/dags/dag_extract_catalogs.py took 0.030 seconds
[2026-07-11T15:34:17.548+0000] {processor.py:186} INFO - Started process (PID=32143) to work on /opt/airflow/dags/dag_extract_catalogs.py
[2026-07-11T15:34:17.548+0000] {processor.py:914} INFO - Processing file /opt/airflow/dags/dag_extract_catalogs.py for tasks to queue
[2026-07-11T15:34:17.549+0000] {logging_mixin.py:190} INFO - [2026-07-11T15:34:17.549+0000] {dagbag.py:588} INFO - Filling up the DagBag from /opt/airflow/dags/dag_extract_catalogs.py
[2026-07-11T15:34:17.554+0000] {processor.py:925} INFO - DAG(s) 'dag_extract_catalogs' retrieved from /opt/airflow/dags/dag_extract_catalogs.py
[2026-07-11T15:34:17.564+0000] {logging_mixin.py:190} INFO - [2026-07-11T15:34:17.564+0000] {dag.py:3239} INFO - Sync 1 DAGs
[2026-07-11T15:34:17.571+0000] {logging_mixin.py:190} INFO - [2026-07-11T15:34:17.571+0000] {dag.py:4180} INFO - Setting next_dagrun for dag_extract_catalogs to 2026-07-10 01:00:00+00:00, run_after=2026-07-11 01:00:00+00:00
[2026-07-11T15:34:17.576+0000] {processor.py:208} INFO - Processing /opt/airflow/dags/dag_extract_catalogs.py took 0.031 seconds
[2026-07-11T15:59:12.431+0000] {processor.py:186} INFO - Started process (PID=32161) to work on /opt/airflow/dags/dag_extract_catalogs.py
[2026-07-11T15:59:12.431+0000] {processor.py:914} INFO - Processing file /opt/airflow/dags/dag_extract_catalogs.py for tasks to queue
[2026-07-11T15:59:12.432+0000] {logging_mixin.py:190} INFO - [2026-07-11T15:59:12.432+0000] {dagbag.py:588} INFO - Filling up the DagBag from /opt/airflow/dags/dag_extract_catalogs.py
[2026-07-11T15:59:12.438+0000] {processor.py:925} INFO - DAG(s) 'dag_extract_catalogs' retrieved from /opt/airflow/dags/dag_extract_catalogs.py
[2026-07-11T15:59:12.448+0000] {logging_mixin.py:190} INFO - [2026-07-11T15:59:12.448+0000] {dag.py:3239} INFO - Sync 1 DAGs
[2026-07-11T15:59:12.456+0000] {logging_mixin.py:190} INFO - [2026-07-11T15:59:12.456+0000] {dag.py:4180} INFO - Setting next_dagrun for dag_extract_catalogs to 2026-07-10 01:00:00+00:00, run_after=2026-07-11 01:00:00+00:00
[2026-07-11T15:59:12.463+0000] {processor.py:208} INFO - Processing /opt/airflow/dags/dag_extract_catalogs.py took 0.034 seconds
[2026-07-11T16:33:12.793+0000] {processor.py:186} INFO - Started process (PID=32183) to work on /opt/airflow/dags/dag_extract_catalogs.py
[2026-07-11T16:33:12.794+0000] {processor.py:914} INFO - Processing file /opt/airflow/dags/dag_extract_catalogs.py for tasks to queue
[2026-07-11T16:33:12.794+0000] {logging_mixin.py:190} INFO - [2026-07-11T16:33:12.794+0000] {dagbag.py:588} INFO - Filling up the DagBag from /opt/airflow/dags/dag_extract_catalogs.py
[2026-07-11T16:33:12.800+0000] {processor.py:925} INFO - DAG(s) 'dag_extract_catalogs' retrieved from /opt/airflow/dags/dag_extract_catalogs.py
[2026-07-11T16:33:12.810+0000] {logging_mixin.py:190} INFO - [2026-07-11T16:33:12.810+0000] {dag.py:3239} INFO - Sync 1 DAGs
[2026-07-11T16:33:12.817+0000] {logging_mixin.py:190} INFO - [2026-07-11T16:33:12.817+0000] {dag.py:4180} INFO - Setting next_dagrun for dag_extract_catalogs to 2026-07-10 01:00:00+00:00, run_after=2026-07-11 01:00:00+00:00
[2026-07-11T16:33:12.822+0000] {processor.py:208} INFO - Processing /opt/airflow/dags/dag_extract_catalogs.py took 0.031 seconds
[2026-07-11T17:00:09.743+0000] {processor.py:186} INFO - Started process (PID=32203) to work on /opt/airflow/dags/dag_extract_catalogs.py
[2026-07-11T17:00:09.744+0000] {processor.py:914} INFO - Processing file /opt/airflow/dags/dag_extract_catalogs.py for tasks to queue
[2026-07-11T17:00:09.745+0000] {logging_mixin.py:190} INFO - [2026-07-11T17:00:09.744+0000] {dagbag.py:588} INFO - Filling up the DagBag from /opt/airflow/dags/dag_extract_catalogs.py
[2026-07-11T17:00:09.750+0000] {processor.py:925} INFO - DAG(s) 'dag_extract_catalogs' retrieved from /opt/airflow/dags/dag_extract_catalogs.py
[2026-07-11T17:00:09.761+0000] {logging_mixin.py:190} INFO - [2026-07-11T17:00:09.760+0000] {dag.py:3239} INFO - Sync 1 DAGs
[2026-07-11T17:00:09.768+0000] {logging_mixin.py:190} INFO - [2026-07-11T17:00:09.768+0000] {dag.py:4180} INFO - Setting next_dagrun for dag_extract_catalogs to 2026-07-10 01:00:00+00:00, run_after=2026-07-11 01:00:00+00:00
[2026-07-11T17:00:09.773+0000] {processor.py:208} INFO - Processing /opt/airflow/dags/dag_extract_catalogs.py took 0.033 seconds
[2026-07-11T17:17:33.234+0000] {processor.py:186} INFO - Started process (PID=32221) to work on /opt/airflow/dags/dag_extract_catalogs.py
[2026-07-11T17:17:33.235+0000] {processor.py:914} INFO - Processing file /opt/airflow/dags/dag_extract_catalogs.py for tasks to queue
[2026-07-11T17:17:33.236+0000] {logging_mixin.py:190} INFO - [2026-07-11T17:17:33.236+0000] {dagbag.py:588} INFO - Filling up the DagBag from /opt/airflow/dags/dag_extract_catalogs.py
[2026-07-11T17:17:33.244+0000] {processor.py:925} INFO - DAG(s) 'dag_extract_catalogs' retrieved from /opt/airflow/dags/dag_extract_catalogs.py
[2026-07-11T17:17:33.254+0000] {logging_mixin.py:190} INFO - [2026-07-11T17:17:33.254+0000] {dag.py:3239} INFO - Sync 1 DAGs
[2026-07-11T17:17:33.262+0000] {logging_mixin.py:190} INFO - [2026-07-11T17:17:33.261+0000] {dag.py:4180} INFO - Setting next_dagrun for dag_extract_catalogs to 2026-07-10 01:00:00+00:00, run_after=2026-07-11 01:00:00+00:00
[2026-07-11T17:17:33.269+0000] {processor.py:208} INFO - Processing /opt/airflow/dags/dag_extract_catalogs.py took 0.038 seconds
[2026-07-11T18:01:06.883+0000] {processor.py:186} INFO - Started process (PID=32243) to work on /opt/airflow/dags/dag_extract_catalogs.py
[2026-07-11T18:01:06.884+0000] {processor.py:914} INFO - Processing file /opt/airflow/dags/dag_extract_catalogs.py for tasks to queue
[2026-07-11T18:01:06.884+0000] {logging_mixin.py:190} INFO - [2026-07-11T18:01:06.884+0000] {dagbag.py:588} INFO - Filling up the DagBag from /opt/airflow/dags/dag_extract_catalogs.py
[2026-07-11T18:01:06.889+0000] {processor.py:925} INFO - DAG(s) 'dag_extract_catalogs' retrieved from /opt/airflow/dags/dag_extract_catalogs.py
[2026-07-11T18:01:06.899+0000] {logging_mixin.py:190} INFO - [2026-07-11T18:01:06.899+0000] {dag.py:3239} INFO - Sync 1 DAGs
[2026-07-11T18:01:06.906+0000] {logging_mixin.py:190} INFO - [2026-07-11T18:01:06.906+0000] {dag.py:4180} INFO - Setting next_dagrun for dag_extract_catalogs to 2026-07-10 01:00:00+00:00, run_after=2026-07-11 01:00:00+00:00
[2026-07-11T18:01:06.911+0000] {processor.py:208} INFO - Processing /opt/airflow/dags/dag_extract_catalogs.py took 0.031 seconds
[2026-07-11T18:17:43.457+0000] {processor.py:186} INFO - Started process (PID=32263) to work on /opt/airflow/dags/dag_extract_catalogs.py
[2026-07-11T18:17:43.458+0000] {processor.py:914} INFO - Processing file /opt/airflow/dags/dag_extract_catalogs.py for tasks to queue
[2026-07-11T18:17:43.459+0000] {logging_mixin.py:190} INFO - [2026-07-11T18:17:43.459+0000] {dagbag.py:588} INFO - Filling up the DagBag from /opt/airflow/dags/dag_extract_catalogs.py
[2026-07-11T18:17:43.464+0000] {processor.py:925} INFO - DAG(s) 'dag_extract_catalogs' retrieved from /opt/airflow/dags/dag_extract_catalogs.py
[2026-07-11T18:17:43.473+0000] {logging_mixin.py:190} INFO - [2026-07-11T18:17:43.473+0000] {dag.py:3239} INFO - Sync 1 DAGs
[2026-07-11T18:17:43.481+0000] {logging_mixin.py:190} INFO - [2026-07-11T18:17:43.481+0000] {dag.py:4180} INFO - Setting next_dagrun for dag_extract_catalogs to 2026-07-10 01:00:00+00:00, run_after=2026-07-11 01:00:00+00:00
[2026-07-11T18:17:43.485+0000] {processor.py:208} INFO - Processing /opt/airflow/dags/dag_extract_catalogs.py took 0.030 seconds
[2026-07-11T19:02:04.241+0000] {processor.py:186} INFO - Started process (PID=32283) to work on /opt/airflow/dags/dag_extract_catalogs.py
[2026-07-11T19:02:04.241+0000] {processor.py:914} INFO - Processing file /opt/airflow/dags/dag_extract_catalogs.py for tasks to queue
[2026-07-11T19:02:04.242+0000] {logging_mixin.py:190} INFO - [2026-07-11T19:02:04.242+0000] {dagbag.py:588} INFO - Filling up the DagBag from /opt/airflow/dags/dag_extract_catalogs.py
[2026-07-11T19:02:04.247+0000] {processor.py:925} INFO - DAG(s) 'dag_extract_catalogs' retrieved from /opt/airflow/dags/dag_extract_catalogs.py
[2026-07-11T19:02:04.257+0000] {logging_mixin.py:190} INFO - [2026-07-11T19:02:04.256+0000] {dag.py:3239} INFO - Sync 1 DAGs
[2026-07-11T19:02:04.264+0000] {logging_mixin.py:190} INFO - [2026-07-11T19:02:04.264+0000] {dag.py:4180} INFO - Setting next_dagrun for dag_extract_catalogs to 2026-07-10 01:00:00+00:00, run_after=2026-07-11 01:00:00+00:00
[2026-07-11T19:02:04.268+0000] {processor.py:208} INFO - Processing /opt/airflow/dags/dag_extract_catalogs.py took 0.031 seconds
[2026-07-11T19:02:34.770+0000] {processor.py:186} INFO - Started process (PID=32303) to work on /opt/airflow/dags/dag_extract_catalogs.py
[2026-07-11T19:02:34.770+0000] {processor.py:914} INFO - Processing file /opt/airflow/dags/dag_extract_catalogs.py for tasks to queue
[2026-07-11T19:02:34.771+0000] {logging_mixin.py:190} INFO - [2026-07-11T19:02:34.771+0000] {dagbag.py:588} INFO - Filling up the DagBag from /opt/airflow/dags/dag_extract_catalogs.py
[2026-07-11T19:02:34.776+0000] {processor.py:925} INFO - DAG(s) 'dag_extract_catalogs' retrieved from /opt/airflow/dags/dag_extract_catalogs.py
[2026-07-11T19:02:34.785+0000] {logging_mixin.py:190} INFO - [2026-07-11T19:02:34.785+0000] {dag.py:3239} INFO - Sync 1 DAGs
[2026-07-11T19:02:34.792+0000] {logging_mixin.py:190} INFO - [2026-07-11T19:02:34.792+0000] {dag.py:4180} INFO - Setting next_dagrun for dag_extract_catalogs to 2026-07-10 01:00:00+00:00, run_after=2026-07-11 01:00:00+00:00
[2026-07-11T19:02:34.797+0000] {processor.py:208} INFO - Processing /opt/airflow/dags/dag_extract_catalogs.py took 0.030 seconds
[2026-07-11T20:03:01.474+0000] {processor.py:186} INFO - Started process (PID=32323) to work on /opt/airflow/dags/dag_extract_catalogs.py
[2026-07-11T20:03:01.474+0000] {processor.py:914} INFO - Processing file /opt/airflow/dags/dag_extract_catalogs.py for tasks to queue
[2026-07-11T20:03:01.475+0000] {logging_mixin.py:190} INFO - [2026-07-11T20:03:01.475+0000] {dagbag.py:588} INFO - Filling up the DagBag from /opt/airflow/dags/dag_extract_catalogs.py
[2026-07-11T20:03:01.480+0000] {processor.py:925} INFO - DAG(s) 'dag_extract_catalogs' retrieved from /opt/airflow/dags/dag_extract_catalogs.py
[2026-07-11T20:03:01.491+0000] {logging_mixin.py:190} INFO - [2026-07-11T20:03:01.491+0000] {dag.py:3239} INFO - Sync 1 DAGs
[2026-07-11T20:03:01.499+0000] {logging_mixin.py:190} INFO - [2026-07-11T20:03:01.499+0000] {dag.py:4180} INFO - Setting next_dagrun for dag_extract_catalogs to 2026-07-10 01:00:00+00:00, run_after=2026-07-11 01:00:00+00:00
[2026-07-11T20:03:01.504+0000] {processor.py:208} INFO - Processing /opt/airflow/dags/dag_extract_catalogs.py took 0.032 seconds
[2026-07-11T20:03:31.961+0000] {processor.py:186} INFO - Started process (PID=32343) to work on /opt/airflow/dags/dag_extract_catalogs.py
[2026-07-11T20:03:31.961+0000] {processor.py:914} INFO - Processing file /opt/airflow/dags/dag_extract_catalogs.py for tasks to queue
[2026-07-11T20:03:31.962+0000] {logging_mixin.py:190} INFO - [2026-07-11T20:03:31.962+0000] {dagbag.py:588} INFO - Filling up the DagBag from /opt/airflow/dags/dag_extract_catalogs.py
[2026-07-11T20:03:31.967+0000] {processor.py:925} INFO - DAG(s) 'dag_extract_catalogs' retrieved from /opt/airflow/dags/dag_extract_catalogs.py
[2026-07-11T20:03:31.976+0000] {logging_mixin.py:190} INFO - [2026-07-11T20:03:31.976+0000] {dag.py:3239} INFO - Sync 1 DAGs
[2026-07-11T20:03:31.983+0000] {logging_mixin.py:190} INFO - [2026-07-11T20:03:31.983+0000] {dag.py:4180} INFO - Setting next_dagrun for dag_extract_catalogs to 2026-07-10 01:00:00+00:00, run_after=2026-07-11 01:00:00+00:00
[2026-07-11T20:03:31.988+0000] {processor.py:208} INFO - Processing /opt/airflow/dags/dag_extract_catalogs.py took 0.030 seconds
[2026-07-11T21:03:58.362+0000] {processor.py:186} INFO - Started process (PID=32363) to work on /opt/airflow/dags/dag_extract_catalogs.py
[2026-07-11T21:03:58.363+0000] {processor.py:914} INFO - Processing file /opt/airflow/dags/dag_extract_catalogs.py for tasks to queue
[2026-07-11T21:03:58.364+0000] {logging_mixin.py:190} INFO - [2026-07-11T21:03:58.363+0000] {dagbag.py:588} INFO - Filling up the DagBag from /opt/airflow/dags/dag_extract_catalogs.py
[2026-07-11T21:03:58.369+0000] {processor.py:925} INFO - DAG(s) 'dag_extract_catalogs' retrieved from /opt/airflow/dags/dag_extract_catalogs.py
[2026-07-11T21:03:58.378+0000] {logging_mixin.py:190} INFO - [2026-07-11T21:03:58.378+0000] {dag.py:3239} INFO - Sync 1 DAGs
[2026-07-11T21:03:58.385+0000] {logging_mixin.py:190} INFO - [2026-07-11T21:03:58.385+0000] {dag.py:4180} INFO - Setting next_dagrun for dag_extract_catalogs to 2026-07-10 01:00:00+00:00, run_after=2026-07-11 01:00:00+00:00
[2026-07-11T21:03:58.390+0000] {processor.py:208} INFO - Processing /opt/airflow/dags/dag_extract_catalogs.py took 0.030 seconds
[2026-07-11T21:04:28.845+0000] {processor.py:186} INFO - Started process (PID=32381) to work on /opt/airflow/dags/dag_extract_catalogs.py
[2026-07-11T21:04:28.846+0000] {processor.py:914} INFO - Processing file /opt/airflow/dags/dag_extract_catalogs.py for tasks to queue
[2026-07-11T21:04:28.847+0000] {logging_mixin.py:190} INFO - [2026-07-11T21:04:28.847+0000] {dagbag.py:588} INFO - Filling up the DagBag from /opt/airflow/dags/dag_extract_catalogs.py
[2026-07-11T21:04:28.855+0000] {processor.py:925} INFO - DAG(s) 'dag_extract_catalogs' retrieved from /opt/airflow/dags/dag_extract_catalogs.py
[2026-07-11T21:04:28.867+0000] {logging_mixin.py:190} INFO - [2026-07-11T21:04:28.867+0000] {dag.py:3239} INFO - Sync 1 DAGs
[2026-07-11T21:04:28.874+0000] {logging_mixin.py:190} INFO - [2026-07-11T21:04:28.874+0000] {dag.py:4180} INFO - Setting next_dagrun for dag_extract_catalogs to 2026-07-10 01:00:00+00:00, run_after=2026-07-11 01:00:00+00:00
[2026-07-11T21:04:28.882+0000] {processor.py:208} INFO - Processing /opt/airflow/dags/dag_extract_catalogs.py took 0.040 seconds
[2026-07-11T22:04:55.634+0000] {processor.py:186} INFO - Started process (PID=32403) to work on /opt/airflow/dags/dag_extract_catalogs.py
[2026-07-11T22:04:55.634+0000] {processor.py:914} INFO - Processing file /opt/airflow/dags/dag_extract_catalogs.py for tasks to queue
[2026-07-11T22:04:55.635+0000] {logging_mixin.py:190} INFO - [2026-07-11T22:04:55.635+0000] {dagbag.py:588} INFO - Filling up the DagBag from /opt/airflow/dags/dag_extract_catalogs.py
[2026-07-11T22:04:55.640+0000] {processor.py:925} INFO - DAG(s) 'dag_extract_catalogs' retrieved from /opt/airflow/dags/dag_extract_catalogs.py
[2026-07-11T22:04:55.650+0000] {logging_mixin.py:190} INFO - [2026-07-11T22:04:55.649+0000] {dag.py:3239} INFO - Sync 1 DAGs
[2026-07-11T22:04:55.657+0000] {logging_mixin.py:190} INFO - [2026-07-11T22:04:55.657+0000] {dag.py:4180} INFO - Setting next_dagrun for dag_extract_catalogs to 2026-07-10 01:00:00+00:00, run_after=2026-07-11 01:00:00+00:00
[2026-07-11T22:04:55.661+0000] {processor.py:208} INFO - Processing /opt/airflow/dags/dag_extract_catalogs.py took 0.030 seconds
[2026-07-11T22:05:26.148+0000] {processor.py:186} INFO - Started process (PID=32421) to work on /opt/airflow/dags/dag_extract_catalogs.py
[2026-07-11T22:05:26.148+0000] {processor.py:914} INFO - Processing file /opt/airflow/dags/dag_extract_catalogs.py for tasks to queue
[2026-07-11T22:05:26.150+0000] {logging_mixin.py:190} INFO - [2026-07-11T22:05:26.149+0000] {dagbag.py:588} INFO - Filling up the DagBag from /opt/airflow/dags/dag_extract_catalogs.py
[2026-07-11T22:05:26.155+0000] {processor.py:925} INFO - DAG(s) 'dag_extract_catalogs' retrieved from /opt/airflow/dags/dag_extract_catalogs.py
[2026-07-11T22:05:26.166+0000] {logging_mixin.py:190} INFO - [2026-07-11T22:05:26.166+0000] {dag.py:3239} INFO - Sync 1 DAGs
[2026-07-11T22:05:26.173+0000] {logging_mixin.py:190} INFO - [2026-07-11T22:05:26.173+0000] {dag.py:4180} INFO - Setting next_dagrun for dag_extract_catalogs to 2026-07-10 01:00:00+00:00, run_after=2026-07-11 01:00:00+00:00
[2026-07-11T22:05:26.180+0000] {processor.py:208} INFO - Processing /opt/airflow/dags/dag_extract_catalogs.py took 0.035 seconds
[2026-07-11T23:09:23.840+0000] {processor.py:186} INFO - Started process (PID=32443) to work on /opt/airflow/dags/dag_extract_catalogs.py
[2026-07-11T23:09:23.840+0000] {processor.py:914} INFO - Processing file /opt/airflow/dags/dag_extract_catalogs.py for tasks to queue
[2026-07-11T23:09:23.841+0000] {logging_mixin.py:190} INFO - [2026-07-11T23:09:23.841+0000] {dagbag.py:588} INFO - Filling up the DagBag from /opt/airflow/dags/dag_extract_catalogs.py
[2026-07-11T23:09:23.846+0000] {processor.py:925} INFO - DAG(s) 'dag_extract_catalogs' retrieved from /opt/airflow/dags/dag_extract_catalogs.py
[2026-07-11T23:09:23.856+0000] {logging_mixin.py:190} INFO - [2026-07-11T23:09:23.856+0000] {dag.py:3239} INFO - Sync 1 DAGs
[2026-07-11T23:09:23.864+0000] {logging_mixin.py:190} INFO - [2026-07-11T23:09:23.864+0000] {dag.py:4180} INFO - Setting next_dagrun for dag_extract_catalogs to 2026-07-10 01:00:00+00:00, run_after=2026-07-11 01:00:00+00:00
[2026-07-11T23:09:23.868+0000] {processor.py:208} INFO - Processing /opt/airflow/dags/dag_extract_catalogs.py took 0.032 seconds
[2026-07-11T23:13:12.041+0000] {processor.py:186} INFO - Started process (PID=32461) to work on /opt/airflow/dags/dag_extract_catalogs.py
[2026-07-11T23:13:12.042+0000] {processor.py:914} INFO - Processing file /opt/airflow/dags/dag_extract_catalogs.py for tasks to queue
[2026-07-11T23:13:12.043+0000] {logging_mixin.py:190} INFO - [2026-07-11T23:13:12.043+0000] {dagbag.py:588} INFO - Filling up the DagBag from /opt/airflow/dags/dag_extract_catalogs.py
[2026-07-11T23:13:12.049+0000] {processor.py:925} INFO - DAG(s) 'dag_extract_catalogs' retrieved from /opt/airflow/dags/dag_extract_catalogs.py
[2026-07-11T23:13:12.063+0000] {logging_mixin.py:190} INFO - [2026-07-11T23:13:12.063+0000] {dag.py:3239} INFO - Sync 1 DAGs
[2026-07-11T23:13:12.072+0000] {logging_mixin.py:190} INFO - [2026-07-11T23:13:12.071+0000] {dag.py:4180} INFO - Setting next_dagrun for dag_extract_catalogs to 2026-07-10 01:00:00+00:00, run_after=2026-07-11 01:00:00+00:00
[2026-07-11T23:13:12.077+0000] {processor.py:208} INFO - Processing /opt/airflow/dags/dag_extract_catalogs.py took 0.039 seconds
[2026-07-11T23:25:10.486+0000] {processor.py:186} INFO - Started process (PID=32483) to work on /opt/airflow/dags/dag_extract_catalogs.py
[2026-07-11T23:25:10.487+0000] {processor.py:914} INFO - Processing file /opt/airflow/dags/dag_extract_catalogs.py for tasks to queue
[2026-07-11T23:25:10.488+0000] {logging_mixin.py:190} INFO - [2026-07-11T23:25:10.488+0000] {dagbag.py:588} INFO - Filling up the DagBag from /opt/airflow/dags/dag_extract_catalogs.py
[2026-07-11T23:25:10.493+0000] {processor.py:925} INFO - DAG(s) 'dag_extract_catalogs' retrieved from /opt/airflow/dags/dag_extract_catalogs.py
[2026-07-11T23:25:10.503+0000] {logging_mixin.py:190} INFO - [2026-07-11T23:25:10.503+0000] {dag.py:3239} INFO - Sync 1 DAGs
[2026-07-11T23:25:10.510+0000] {logging_mixin.py:190} INFO - [2026-07-11T23:25:10.510+0000] {dag.py:4180} INFO - Setting next_dagrun for dag_extract_catalogs to 2026-07-10 01:00:00+00:00, run_after=2026-07-11 01:00:00+00:00
[2026-07-11T23:25:10.515+0000] {processor.py:208} INFO - Processing /opt/airflow/dags/dag_extract_catalogs.py took 0.032 seconds
[2026-07-11T23:25:40.964+0000] {processor.py:186} INFO - Started process (PID=32503) to work on /opt/airflow/dags/dag_extract_catalogs.py
[2026-07-11T23:25:40.964+0000] {processor.py:914} INFO - Processing file /opt/airflow/dags/dag_extract_catalogs.py for tasks to queue
[2026-07-11T23:25:40.965+0000] {logging_mixin.py:190} INFO - [2026-07-11T23:25:40.965+0000] {dagbag.py:588} INFO - Filling up the DagBag from /opt/airflow/dags/dag_extract_catalogs.py
[2026-07-11T23:25:40.970+0000] {processor.py:925} INFO - DAG(s) 'dag_extract_catalogs' retrieved from /opt/airflow/dags/dag_extract_catalogs.py
[2026-07-11T23:25:40.981+0000] {logging_mixin.py:190} INFO - [2026-07-11T23:25:40.981+0000] {dag.py:3239} INFO - Sync 1 DAGs
[2026-07-11T23:25:40.988+0000] {logging_mixin.py:190} INFO - [2026-07-11T23:25:40.988+0000] {dag.py:4180} INFO - Setting next_dagrun for dag_extract_catalogs to 2026-07-10 01:00:00+00:00, run_after=2026-07-11 01:00:00+00:00
[2026-07-11T23:25:40.993+0000] {processor.py:208} INFO - Processing /opt/airflow/dags/dag_extract_catalogs.py took 0.031 seconds
