category,source_table,object_id,object_code,original_name,full_name,parent_id,is_folder,deletion_mark
Структура предприятия,raw.r1c_struktura_predpriyatiya,53067224-2b2a-11f0-b80e-005056bde474,00-000971,!Урожай БП (косвенные затраты сезона),,,,false
Структура предприятия,raw.r1c_struktura_predpriyatiya,eab60525-ebdd-11ec-9c42-89a3dcc9992a,00-000377,"(не использовать) 493, Картофель Белароза РС2 2022 Овощеводство",,,,true
Структура предприятия,raw.r1c_struktura_predpriyatiya,9047586e-ebdf-11ec-9c42-89a3dcc9992a,00-000390,"(не использовать) 493, Сидераты Сидераты 2022",,,,true
Структура предприятия,raw.r1c_struktura_predpriyatiya,88a7c085-ebe6-11ec-9c42-89a3dcc9992a,00-000393,"(не использовать) 992, Картофель Гала Элита 2022 Овощеводство",,,,true
Структура предприятия,raw.r1c_struktura_predpriyatiya,09ccb45a-ee5a-11eb-9c3a-00505689ff45,000000225,(не использовать) <Подразделение по умолчанию>,,,,false
Структура предприятия,raw.r1c_struktura_predpriyatiya,fa7e80ea-5720-11f0-b811-005056bde474,00-001050,(не использовать) Служба главного механика,,,,true
Структура предприятия,raw.r1c_struktura_predpriyatiya,09ff978e-0c0c-11ec-9c3a-00505689ff45,000000456,(не использовать) Транспортный отдел привлеченного автопарка АХО,,,,true
Структура предприятия,raw.r1c_struktura_predpriyatiya,71efd94b-ebdd-11ec-9c42-89a3dcc9992a,00-000376,"(не использовать)493, Картофель Белароза РС2 2022 Овощеводство",,,,true
Структура предприятия,raw.r1c_struktura_predpriyatiya,4889a75e-ed62-11ec-9c42-89a3dcc9992a,00-000432,"(не использовать)997, Картофель Гала 8,5 га РС1 (уч15)  2022 Овощеводство",,,,true
Структура предприятия,raw.r1c_struktura_predpriyatiya,71dee031-de17-11e9-80e9-d43d7ec071d4,000000222,(не использовать)АУП,,,,false
Структура предприятия,raw.r1c_struktura_predpriyatiya,b5c133b9-b106-11eb-9c37-00505689ff45,000000224,(не использовать)Подразделение по умолчанию,,,,false
Структура предприятия,raw.r1c_struktura_predpriyatiya,4a536c3b-0c0d-11ec-9c3a-00505689ff45,000000471,(не использовать)Штопель И.Э.,,,,false
Структура предприятия,raw.r1c_struktura_predpriyatiya,2110071c-3001-11f0-b80e-005056bde474,00-000982,100 поле_промежуточное,,,,true
Структура предприятия,raw.r1c_struktura_predpriyatiya,83a30c99-f2f6-11eb-9c3a-00505689ff45,000000348,"100, Залежь 2022 г. (не исп. с 31.12.2022)",,,,false
Структура предприятия,raw.r1c_struktura_predpriyatiya,527d6548-8b9f-11ef-9c5d-00505689ff45,00-000865,"100, Залежь 2024 г. (не исп. с 31.12.2024)",,,,false
Структура предприятия,raw.r1c_struktura_predpriyatiya,f0cdb918-21ed-11f0-b80e-005056bde474,00-000904,"100, Заросли 2025 г. (не исп. с 31.12.2025)",,,,false
Структура предприятия,raw.r1c_struktura_predpriyatiya,1a741a2c-f397-11f0-b81e-005056bde474,00-001163,"100, Заросли 2026 г.",,,,false
Структура предприятия,raw.r1c_struktura_predpriyatiya,4f10d343-4b66-11ec-9c40-00505689c8d9,000000522,"100, Пар (промежуточная культура) 2021 г. (не исп. с 31.12.2021)",,,,false
Структура предприятия,raw.r1c_struktura_predpriyatiya,f43ec51a-e129-11ee-9c4c-005056893620,00-000768,"100, Пар (промежуточная культура) 2024 г. (не исп. с 30.09.2024)",,,,false
Структура предприятия,raw.r1c_struktura_predpriyatiya,3142ff44-f2f7-11eb-9c3a-00505689ff45,000000349,"100, Пар 2022 г. (не исп. с 31.12.2022)",,,,false
Структура предприятия,raw.r1c_struktura_predpriyatiya,53bfb3df-8b9f-11ef-9c5d-00505689ff45,00-000866,"100, Пар под картофель_2024 2024 г. (не исп. с 31.08.2025)",,,,false
Структура предприятия,raw.r1c_struktura_predpriyatiya,b35e21ef-ee7d-11ed-9c4e-00505689ff45,00-000596,"100, Сидераты 2023 г. (не исп. с 31.12.2023)",,,,false
Структура предприятия,raw.r1c_struktura_predpriyatiya,785803d2-a8c8-11f0-b81e-005056bde474,00-001088,"100, Сидераты 2025 г. (не исп. с 31.12.2025)",,,,false
Структура предприятия,raw.r1c_struktura_predpriyatiya,1a741a73-f397-11f0-b81e-005056bde474,00-001164,"100, Сидераты 2026 г.",,,,false
Структура предприятия,raw.r1c_struktura_predpriyatiya,ded18d60-243d-11f0-b80e-005056bde474,00-000914,"1047, ВЗО 2025 г. (не исп. с 31.12.2025)",,,,false
Структура предприятия,raw.r1c_struktura_predpriyatiya,e6e0b494-92b5-11ef-9c5e-00505689ff45,00-000894,"1047, Залежь 2024 г. (не исп. с 31.12.2025)",,,,false
Структура предприятия,raw.r1c_struktura_predpriyatiya,279fe3c8-f399-11f0-b81e-005056bde474,00-001187,"1047, Заросли 2026 г.",,,,false
Структура предприятия,raw.r1c_struktura_predpriyatiya,f63cc279-243d-11f0-b80e-005056bde474,00-000915,"1225, ВЗО 2025 г. (не исп. с 31.12.2025)",,,,false
Структура предприятия,raw.r1c_struktura_predpriyatiya,2987f627-92b6-11ef-9c5e-00505689ff45,00-000895,"1225, Залежь 2024 г. (не исп. с 31.12.2024)",,,,false
Структура предприятия,raw.r1c_struktura_predpriyatiya,6e04d9cf-34a6-11f1-b81f-005056bde474,00-001198,"1225, Заросли 2026 г.",,,,false
Структура предприятия,raw.r1c_struktura_predpriyatiya,3a5c955c-f399-11f0-b81e-005056bde474,00-001188,"1225, Сидераты 2026 г.",,,,false
Структура предприятия,raw.r1c_struktura_predpriyatiya,2acc02e6-243e-11f0-b80e-005056bde474,00-000916,"1226, ВЗО 2025 г. (не исп. с 31.12.2025)",,,,false
Структура предприятия,raw.r1c_struktura_predpriyatiya,5bd28bbc-f399-11f0-b81e-005056bde474,00-001189,"1226, ВЗО 2026 г.",,,,false
Структура предприятия,raw.r1c_struktura_predpriyatiya,5de6e9c8-92b6-11ef-9c5e-00505689ff45,00-000896,"1226, Залежь 2024 г. (не исп. с 31.12.2024)",,,,false
Структура предприятия,raw.r1c_struktura_predpriyatiya,0e9bfb4b-f00b-11ed-9c4e-00505689ff45,00-000598,"157, ВЗО 2023 г. (не исп. с 30.09.2024)",,,,false
Структура предприятия,raw.r1c_struktura_predpriyatiya,aa00652b-f2ee-11eb-9c3a-00505689ff45,000000320,"157, Залежь 2022 г. (не исп. с 31.12.2022)",,,,false
Структура предприятия,raw.r1c_struktura_predpriyatiya,34549511-8fb9-11ef-9c5e-00505689ff45,00-000867,"157, Залежь 2023 г. (не исп. с 31.12.2024)",,,,false
Структура предприятия,raw.r1c_struktura_predpriyatiya,3f3b9d95-21f0-11f0-b80e-005056bde474,00-000905,"157, Заросли 2025 г. (не исп. с 31.12.2025)",,,,false
Структура предприятия,raw.r1c_struktura_predpriyatiya,efb98415-f393-11f0-b81e-005056bde474,00-001128,"157, Заросли 2026 г.",,,,false
Структура предприятия,raw.r1c_struktura_predpriyatiya,3f90d042-21f0-11f0-b80e-005056bde474,00-000907,"157, Пар 2025 г. (не исп. с 30.06.2025)",,,,false
Структура предприятия,raw.r1c_struktura_predpriyatiya,5185adc6-71e0-11f0-b814-005056bde474,00-001058,"157, Пар 2025 г. (не исп. с 31.08.2025)",,,,false
Структура предприятия,raw.r1c_struktura_predpriyatiya,5185ae0d-71e0-11f0-b814-005056bde474,00-001059,"157, Сидераты 2025 г. (не исп. с 31.12.2025)",,,,false
Структура предприятия,raw.r1c_struktura_predpriyatiya,999dae86-a8c6-11f0-b81e-005056bde474,00-001081,"157, Сидераты 2025 г. (не исп. с 31.12.2025)",,,,false
Структура предприятия,raw.r1c_struktura_predpriyatiya,efb984a3-f393-11f0-b81e-005056bde474,00-001130,"157, Сидераты 2026 г.",,,,false
Структура предприятия,raw.r1c_struktura_predpriyatiya,efb9845c-f393-11f0-b81e-005056bde474,00-001129,"157, Сидераты 2026 г. (не исп. с 31.12.2025)",,,,false
Структура предприятия,raw.r1c_struktura_predpriyatiya,e0e4fe32-3006-11f0-b80e-005056bde474,00-000983,173 поле_промежуточное,,,,true
Структура предприятия,raw.r1c_struktura_predpriyatiya,2e797f15-f00b-11ed-9c4e-00505689ff45,00-000599,"173, ВЗО 2023 г. (не исп. с 30.09.2024)",,,,false
Структура предприятия,raw.r1c_struktura_predpriyatiya,727c20ce-f2f0-11eb-9c3a-00505689ff45,000000323,"173, Залежь 2020 г. (не исп. с 31.12.2020)",,,,false
Структура предприятия,raw.r1c_struktura_predpriyatiya,de1946bc-737c-11ec-9c40-00505689c8d9,АК-000354,"173, Залежь 2022 г. (не исп. с 31.12.2022)",,,,false
Структура предприятия,raw.r1c_struktura_predpriyatiya,2fa1965e-9061-11ef-9c5e-00505689ff45,00-000870,"173, Залежь 2023 г. (не исп. с 31.12.2024)",,,,false
Структура предприятия,raw.r1c_struktura_predpriyatiya,9375267f-21f0-11f0-b80e-005056bde474,00-000908,"173, Заросли 2025 г. (не исп. с 31.12.2025)",,,,false
Структура предприятия,raw.r1c_struktura_predpriyatiya,7027113a-f394-11f0-b81e-005056bde474,00-001134,"173, Заросли 2026 г.",,,,false
Структура предприятия,raw.r1c_struktura_predpriyatiya,28f9dcd1-9061-11ef-9c5e-00505689ff45,00-000869,"173, Пар под картофель_2024 2023 г. (не исп. с 31.12.2024)",,,,false
Структура предприятия,raw.r1c_struktura_predpriyatiya,51355387-737c-11ec-9c40-00505689c8d9,АК-000353,"173, Чеснок озимый Георгий Комаров 2022 г. (не исп. с 31.12.2022)",,,,false
Структура предприятия,raw.r1c_struktura_predpriyatiya,4b52aff7-277f-11ec-a9dd-00505689f463,000000479,"174, Залежь 2020 г. (не исп. с 31.12.2020)",,,,false
Структура предприятия,raw.r1c_struktura_predpriyatiya,354e9a70-277f-11ec-a9dd-00505689f463,000000478,"174, Залежь 2020 г. (не исп. с 31.12.2022)",,,,false
Структура предприятия,raw.r1c_struktura_predpriyatiya,5c9c4c64-277f-11ec-a9dd-00505689f463,000000480,"174, Залежь 2020 г. (не исп. с 31.12.2022)",,,,false
Структура предприятия,raw.r1c_struktura_predpriyatiya,dfa5c789-5487-11ed-9c43-cb6d75bb653b,00-000559,"174, Залежь 2022 г. (не исп. с 31.12.2022)",,,,false
Структура предприятия,raw.r1c_struktura_predpriyatiya,dfa5c78d-5487-11ed-9c43-cb6d75bb653b,00-000560,"174, Залежь 2022 г. (не исп. с 31.12.2022)",,,,false
Структура предприятия,raw.r1c_struktura_predpriyatiya,d161b125-9062-11ef-9c5e-00505689ff45,00-000871,"174, Залежь 2024 г. (не исп. с 31.12.2024)",,,,false
Структура предприятия,raw.r1c_struktura_predpriyatiya,1658b562-21f1-11f0-b80e-005056bde474,00-000909,"174, Заросли 2025 г. (не исп. с 31.12.2025)",,,,false
Структура предприятия,raw.r1c_struktura_predpriyatiya,a4394595-f399-11f0-b81e-005056bde474,00-001192,"174, Заросли 2026 г.",,,,false
Структура предприятия,raw.r1c_struktura_predpriyatiya,836a7140-1024-11ee-9c4e-00505689ff45,00-000690,"174, КаГаРс2уч.1 опыт 2023 г. (не исп. с 31.12.2023)",,,,false
Структура предприятия,raw.r1c_struktura_predpriyatiya,836a7d71-1024-11ee-9c4e-00505689ff45,00-000691,"174, КаГаРс2уч.2 опыт 2023 г. (не исп. с 31.12.2023)",,,,false
Структура предприятия,raw.r1c_struktura_predpriyatiya,8ce9147f-e12c-11ee-9c4c-005056893620,00-000769,"174, Пар (промежуточная культура) 2024 г. (не исп. с 30.09.2024)",,,,false
Структура предприятия,raw.r1c_struktura_predpriyatiya,f0410bc6-f513-11f0-b81e-005056bde474,00-001195,"174, Пар (промежуточная культура) 2027 г.",,,,true
Структура предприятия,raw.r1c_struktura_predpriyatiya,ad3c2358-4781-11ec-9c45-00505689c17d,000000533,"174, Пар 2022 г. (не исп. с 31.12.2022)",,,,false
Структура предприятия,raw.r1c_struktura_predpriyatiya,50c897b5-f00b-11ed-9c4e-00505689ff45,00-000601,"174, Пар 2023 г. (не исп. с 31.12.2023)",,,,false
Структура предприятия,raw.r1c_struktura_predpriyatiya,d161b16b-9062-11ef-9c5e-00505689ff45,00-000872,"174, Пар под картофель_2024 2024 г. (не исп. с 31.12.2025)",,,,false
Структура предприятия,raw.r1c_struktura_predpriyatiya,b3f7ca86-e12c-11ee-9c4c-005056893620,00-000771,"174, Сидераты 2024 г. (не исп. с 30.09.2024)",,,,false
Структура предприятия,raw.r1c_struktura_predpriyatiya,278bad60-f514-11f0-b81e-005056bde474,00-001196,"174, Сидераты 2026 г.",,,,false
Структура предприятия,raw.r1c_struktura_predpriyatiya,7acd3290-4781-11ec-9c45-00505689c17d,000000532,"174, Чеснок озимый Георгий Комаров 2022 г. (не исп. с 31.12.2022)",,,,false
Структура предприятия,raw.r1c_struktura_predpriyatiya,568a7d08-3090-11f0-b80e-005056bde474,00-001000,175 поле_промежуточное,,,,true
Структура предприятия,raw.r1c_struktura_predpriyatiya,1aabfc64-f4c1-11ed-9c4e-00505689ff45,00-000652,"175, ВЗО 2023 г. (не исп. с 31.03.2024)",,,,false
Структура предприятия,raw.r1c_struktura_predpriyatiya,d5b5184f-2435-11f0-b80e-005056bde474,00-000913,"175, ВЗО 2025 г. (не исп. с 31.12.2025)",,,,false
Структура предприятия,raw.r1c_struktura_predpriyatiya,bbe98695-f2eb-11eb-9c3a-00505689ff45,000000309,"175, Залежь 2020 г. (не исп. с 31.12.2020)",,,,false
Структура предприятия,raw.r1c_struktura_predpriyatiya,bd80fb0d-9067-11ef-9c5e-00505689ff45,00-000873,"175, Залежь 2024 г.",,,,true
Структура предприятия,raw.r1c_struktura_predpriyatiya,a3437894-f38f-11f0-b81e-005056bde474,00-001108,"175, Заросли 2026 г.",,,,false
Структура предприятия,raw.r1c_struktura_predpriyatiya,574a7c8e-1662-11ee-9c4e-00505689ff45,00-000718,"175, КаАмЭлитУч.1 опыт 2023 г. (не исп. с 31.12.2023)",,,,false
Структура предприятия,raw.r1c_struktura_predpriyatiya,1aabfcbb-f4c1-11ed-9c4e-00505689ff45,00-000654,"175, КаГаРС1уч.23 прод 2023 г. (не исп. с 31.12.2023)",,,,false
Структура предприятия,raw.r1c_struktura_predpriyatiya,5143bbdb-1662-11ee-9c4e-00505689ff45,00-000712,"175, КаГаРС1уч.26 прод 2023 г. (не исп. с 31.12.2023)",,,,false
Структура предприятия,raw.r1c_struktura_predpriyatiya,574a7bab-1662-11ee-9c4e-00505689ff45,00-000714,"175, КаГаРС1уч.29 прод 2023 г. (не исп. с 31.12.2023)",,,,false
Структура предприятия,raw.r1c_struktura_predpriyatiya,5143bb4f-1662-11ee-9c4e-00505689ff45,00-000710,"175, КаГаРС2уч.24 прод 2023 г. (не исп. с 31.12.2023)",,,,false
Структура предприятия,raw.r1c_struktura_predpriyatiya,574a7b65-1662-11ee-9c4e-00505689ff45,00-000713,"175, КаГаРС2уч.28 прод 2023 г. (не исп. с 31.12.2023)",,,,false
Структура предприятия,raw.r1c_struktura_predpriyatiya,5d886780-1662-11ee-9c4e-00505689ff45,00-000721,"175, КаГаРС2уч.3 опыт 2023 г. (не исп. с 31.12.2023)",,,,false
Структура предприятия,raw.r1c_struktura_predpriyatiya,574a7bf1-1662-11ee-9c4e-00505689ff45,00-000715,"175, КаГаРС2уч.30 прод 2023 г. (не исп. с 31.12.2023)",,,,false
Структура предприятия,raw.r1c_struktura_predpriyatiya,574a7c37-1662-11ee-9c4e-00505689ff45,00-000716,"175, КаИнРС2уч.31 прод 2023 г. (не исп. с 31.12.2023)",,,,false
Структура предприятия,raw.r1c_struktura_predpriyatiya,5143bb95-1662-11ee-9c4e-00505689ff45,00-000711,"175, КаКоРС1уч.25 прод 2023 г. (не исп. с 31.12.2023)",,,,false
Структура предприятия,raw.r1c_struktura_predpriyatiya,5d88673a-1662-11ee-9c4e-00505689ff45,00-000720,"175, КаСвС РС2уч.2 опыт 2023 г. (не исп. с 31.12.2023)",,,,false
Структура предприятия,raw.r1c_struktura_predpriyatiya,3864da5c-f15b-11eb-9c3a-00505689ff45,000000279,"175, Картофель Балтик Роуз Элита 2021 г. (не исп. с 01.11.2021)",,,,false
Структура предприятия,raw.r1c_struktura_predpriyatiya,c7af469a-f15d-11eb-9c3a-00505689ff45,000000282,"175, Картофель Гала РС1 (свои) 2021 г. (не исп. с 01.11.2021)",,,,false
Структура предприятия,raw.r1c_struktura_predpriyatiya,de9d842c-f15a-11eb-9c3a-00505689ff45,000000278,"175, Картофель Гала Элита 2021 г. (не исп. с 01.11.2021)",,,,false
Структура предприятия,raw.r1c_struktura_predpriyatiya,81fee552-f15b-11eb-9c3a-00505689ff45,000000281,"175, Картофель Коломба РС1 2021 г. (не исп. с 01.11.2021)",,,,false
Структура предприятия,raw.r1c_struktura_predpriyatiya,1f821467-9a64-11ee-9c4a-005056893620,00-000763,"175, Пар (промежуточная культура) 2024 г. (не исп. с 31.07.2024)",,,,false
Структура предприятия,raw.r1c_struktura_predpriyatiya,e1da92b2-f15e-11eb-9c3a-00505689ff45,000000283,"175, Пар 2020 г. (не исп. с 31.12.2020)",,,,false
Структура предприятия,raw.r1c_struktura_predpriyatiya,d3e86556-2435-11f0-b80e-005056bde474,00-000911,"175, Пар 2025 г. (не исп. с 31.05.2025)",,,,false
Структура предприятия,raw.r1c_struktura_predpriyatiya,da308148-558c-11f0-b811-005056bde474,00-001035,"175, Пар 2025 г. (не исп. с 31.08.2025)",,,,false
Структура предприятия,raw.r1c_struktura_predpriyatiya,463bc4bf-79a7-11ef-9c5d-00505689ff45,00-000841,"175, Пар под картофель_2024 2024 г. (не исп. с 31.12.2024)",,,,false
Структура предприятия,raw.r1c_struktura_predpriyatiya,df13a954-5904-11ec-9c40-00505689c8d9,000000529,"175, Сидераты 2020 г. (не исп. с 31.12.2020)",,,,false
Структура предприятия,raw.r1c_struktura_predpriyatiya,5ac67d75-7379-11ec-9c40-00505689c8d9,АК-000342,"175, Сидераты 2021 г. (не исп. с 01.01.2022)",,,,false
Структура предприятия,raw.r1c_struktura_predpriyatiya,c54df6bb-0db4-11ed-9c43-00505689c8d9,00-000468,"175, Сидераты 2022 г. (не исп. с 31.12.2022)",,,,false
Структура предприятия,raw.r1c_struktura_predpriyatiya,144a014a-f4c1-11ed-9c4e-00505689ff45,00-000651,"175, Сидераты 2023 г. (не исп. с 31.12.2023)",,,,false
Структура предприятия,raw.r1c_struktura_predpriyatiya,d885e24f-e138-11ee-9c4c-005056893620,00-000773,"175, Сидераты 2024 г. (не исп. с 31.07.2024)",,,,false
Структура предприятия,raw.r1c_struktura_predpriyatiya,36c89ca5-a8c7-11f0-b81e-005056bde474,00-001083,"175, Сидераты 2025 г. (не исп. с 31.12.2025)",,,,false
Структура предприятия,raw.r1c_struktura_predpriyatiya,d4115671-558c-11f0-b811-005056bde474,00-001034,"175, Сидераты 2025 г. (не исп. с 31.12.2025)",,,,false
Структура предприятия,raw.r1c_struktura_predpriyatiya,a34378db-f38f-11f0-b81e-005056bde474,00-001109,"175, Сидераты 2026 г.",,,,false
Структура предприятия,raw.r1c_struktura_predpriyatiya,a9bea9d9-f38f-11f0-b81e-005056bde474,00-001110,"175, Сидераты 2026 г. (не исп. с 31.12.2025)",,,,false
Структура предприятия,raw.r1c_struktura_predpriyatiya,a061f0de-f2eb-11eb-9c3a-00505689ff45,000000308,"175, Чеснок озимый Гладиатор 2020 г. (не исп. с 31.12.2020)",,,,false
Структура предприятия,raw.r1c_struktura_predpriyatiya,43b6be79-3007-11f0-b80e-005056bde474,00-000984,176 поле_промежуточное,,,,true
Структура предприятия,raw.r1c_struktura_predpriyatiya,bd9ddc89-7379-11ec-9c40-00505689c8d9,АК-000343,"176, Залежь 2021 г. (не исп. с 01.01.2022)",,,,false
Структура предприятия,raw.r1c_struktura_predpriyatiya,7103568f-0db5-11ed-9c43-00505689c8d9,00-000470,"176, Залежь 2022 г. (не исп. с 31.12.2022)",,,,false
Структура предприятия,raw.r1c_struktura_predpriyatiya,227e055b-f4c0-11ed-9c4e-00505689ff45,00-000648,"176, Залежь 2023 г. (не исп. с 31.03.2024)",,,,false
Структура предприятия,raw.r1c_struktura_predpriyatiya,332f7cd3-906a-11ef-9c5e-00505689ff45,00-000875,"176, Залежь 2024 г. (не исп. с 31.12.2024)",,,,false
Структура предприятия,raw.r1c_struktura_predpriyatiya,75a29ccb-21f1-11f0-b80e-005056bde474,00-000910,"176, Заросли 2025 г. (не исп. с 31.12.2025)",,,,false
Структура предприятия,raw.r1c_struktura_predpriyatiya,541ebb64-f394-11f0-b81e-005056bde474,00-001131,"176, Заросли 2026 г.",,,,false
Структура предприятия,raw.r1c_struktura_predpriyatiya,17a52463-f2ef-11eb-9c3a-00505689ff45,000000321,"176, Картофель Гала РС1 (свои) 2021 г. (не исп. с 01.11.2021)",,,,false
Структура предприятия,raw.r1c_struktura_predpriyatiya,227e05b2-f4c0-11ed-9c4e-00505689ff45,00-000650,"176, Картофель Гала РС2 прод 2023 г.",,,,true
Структура предприятия,raw.r1c_struktura_predpriyatiya,4524e608-e137-11ee-9c4c-005056893620,00-000772,"176, Пар (промежуточная культура) 2024 г. (не исп. с 31.07.2024)",,,,false
Структура предприятия,raw.r1c_struktura_predpriyatiya,355a9e6c-f2ef-11eb-9c3a-00505689ff45,000000322,"176, Пар 2020 г. (не исп. с 31.12.2020)",,,,false
Структура предприятия,raw.r1c_struktura_predpriyatiya,227e0515-f4c0-11ed-9c4e-00505689ff45,00-000647,"176, Пар 2023 г. (не исп. с 31.12.2023)",,,,false
Структура предприятия,raw.r1c_struktura_predpriyatiya,29aac061-558d-11f0-b811-005056bde474,00-001037,"176, Пар 2025 г. (не исп. с 31.08.2025)",,,,false
Структура предприятия,raw.r1c_struktura_predpriyatiya,314722e0-906a-11ef-9c5e-00505689ff45,00-000874,"176, Пар под картофель_2024 2024 г. (не исп. с 31.05.2025)",,,,false
Структура предприятия,raw.r1c_struktura_predpriyatiya,66534d1a-00f2-11ec-9c3a-00505689ff45,000000433,"176, Рожь 2020 г. (не исп. с 31.12.2020)",,,,false
Структура предприятия,raw.r1c_struktura_predpriyatiya,07a14d1e-5905-11ec-9c40-00505689c8d9,000000530,"176, Сидераты 2020 г. (не исп. с 31.12.2020)",,,,false
Структура предприятия,raw.r1c_struktura_predpriyatiya,eb81872b-7379-11ec-9c40-00505689c8d9,АК-000344,"176, Сидераты 2021 г. (не исп. с 01.01.2022)",,,,false
Структура предприятия,raw.r1c_struktura_predpriyatiya,5c75a703-0db5-11ed-9c43-00505689c8d9,00-000469,"176, Сидераты 2022 г. (не исп. с 31.12.2022)",,,,false
Структура предприятия,raw.r1c_struktura_predpriyatiya,e1825733-1663-11ee-9c4e-00505689ff45,00-000722,"176, Сидераты 2023 г. (не исп. с 31.12.2023)",,,,false
Структура предприятия,raw.r1c_struktura_predpriyatiya,29aac01a-558d-11f0-b811-005056bde474,00-001036,"176, Сидераты 2025 г. (не исп. с 31.12.2025)",,,,false
Структура предприятия,raw.r1c_struktura_predpriyatiya,695de9dc-a8c7-11f0-b81e-005056bde474,00-001084,"176, Сидераты 2025 г. (не исп. с 31.12.2025)",,,,false
Структура предприятия,raw.r1c_struktura_predpriyatiya,541ebbab-f394-11f0-b81e-005056bde474,00-001132,"176, Сидераты 2026 г.",,,,false
Структура предприятия,raw.r1c_struktura_predpriyatiya,56c2dbdc-f394-11f0-b81e-005056bde474,00-001133,"176, Сидераты 2026 г. (не исп. с 31.12.2025)",,,,false
Структура предприятия,raw.r1c_struktura_predpriyatiya,a14306d8-3007-11f0-b80e-005056bde474,00-000985,201 поле_промежуточное,,,,true
Структура предприятия,raw.r1c_struktura_predpriyatiya,ef15025a-f2f7-11eb-9c3a-00505689ff45,000000351,"201, Залежь 2020 г. (не исп. с 01.01.2022)",,,,false
Структура предприятия,raw.r1c_struktura_predpriyatiya,bf2f6426-08d2-11ed-9c43-00505689c8d9,00-000464,"201, Залежь 2022 г. (не исп. с 31.12.2022)",,,,false
Структура предприятия,raw.r1c_struktura_predpriyatiya,84ea1e2a-f4c7-11ed-9c4e-00505689ff45,00-000660,"201, Залежь 2023 г. (не исп. с 31.03.2024)",,,,false
Структура предприятия,raw.r1c_struktura_predpriyatiya,0da4ed7c-243f-11f0-b80e-005056bde474,00-000918,"201, Заросли 2025 г. (не исп. с 31.12.2025)",,,,false
Структура предприятия,raw.r1c_struktura_predpriyatiya,7b63d636-f397-11f0-b81e-005056bde474,00-001167,"201, Заросли 2026 г.",,,,false
Структура предприятия,raw.r1c_struktura_predpriyatiya,8602c080-f4c7-11ed-9c4e-00505689ff45,00-000662,"201, КаБрРС1уч.9 прод 2023 г. (не исп. с 31.12.2023)",,,,false
Структура предприятия,raw.r1c_struktura_predpriyatiya,86d27d31-f4c7-11ed-9c4e-00505689ff45,00-000663,"201, КаБрРС2уч.10 прод 2023 г. (не исп. с 31.12.2023)",,,,false
Структура предприятия,raw.r1c_struktura_predpriyatiya,267a3a61-1083-11ee-9c4e-00505689ff45,00-000697,"201, КаВгРС2уч.1 опыт 2023 г. (не исп. с 31.12.2023)",,,,false
Структура предприятия,raw.r1c_struktura_predpriyatiya,267a3aa7-1083-11ee-9c4e-00505689ff45,00-000698,"201, КаВгРС2уч.2 опыт 2023 г. (не исп. с 31.12.2023)",,,,false
Структура предприятия,raw.r1c_struktura_predpriyatiya,267a3aed-1083-11ee-9c4e-00505689ff45,00-000699,"201, КаВгРС2уч.3 опыт 2023 г. (не исп. с 31.12.2023)",,,,false
Структура предприятия,raw.r1c_struktura_predpriyatiya,89685ab6-f4c7-11ed-9c4e-00505689ff45,00-000669,"201, КаВнРС3уч.13 прод 2023 г. (не исп. с 31.12.2023)",,,,false
Структура предприятия,raw.r1c_struktura_predpriyatiya,267a39c4-1083-11ee-9c4e-00505689ff45,00-000694,"201, КаВнРС3уч.14 прод 2023 г. (не исп. с 31.12.2023)",,,,false
Структура предприятия,raw.r1c_struktura_predpriyatiya,dc26d3fb-60e1-11f1-b821-005056bde474,00-001211,"201, КаГалаРС1ПУч.10 2026 г.",,,,false
Структура предприятия,raw.r1c_struktura_predpriyatiya,35eb6ddb-3af4-11f0-b80e-005056bde474,00-001018,"201, КаГалаРС2ПУч.10 2025 г. (не исп. с 31.10.2025)",,,,false
Структура предприятия,raw.r1c_struktura_predpriyatiya,8821c4d0-f4c7-11ed-9c4e-00505689ff45,00-000665,"201, КаКрРС1уч.11 прод 2023 г. (не исп. с 31.12.2023)",,,,false
Структура предприятия,raw.r1c_struktura_predpriyatiya,88f32ed1-f4c7-11ed-9c4e-00505689ff45,00-000667,"201, КаМдРС1уч.12 прод 2023 г. (не исп. с 31.12.2023)",,,,false
Структура предприятия,raw.r1c_struktura_predpriyatiya,3be4e97b-3af4-11f0-b80e-005056bde474,00-001020,"201, КаФламингоРС2ПУч.11 2025 г. (не исп. с 31.10.2025)",,,,false
Структура предприятия,raw.r1c_struktura_predpriyatiya,267a3a0a-1083-11ee-9c4e-00505689ff45,00-000695,"201, Картофель Венди РС3 уч 13 прод 2023 г.",,,,true
Структура предприятия,raw.r1c_struktura_predpriyatiya,9b059f90-e13d-11ee-9c4c-005056893620,00-000774,"201, Пар (промежуточная культура) 2024 г. (не исп. с 31.07.2024)",,,,false
Структура предприятия,raw.r1c_struktura_predpriyatiya,0da4ea8c-243f-11f0-b80e-005056bde474,00-000917,"201, Пар 2025 г. (не исп. с 30.04.2025)",,,,false
Структура предприятия,raw.r1c_struktura_predpriyatiya,35eb6d82-3af4-11f0-b80e-005056bde474,00-001016,"201, Пар 2025 г. (не исп. с 31.05.2025)",,,,false
Структура предприятия,raw.r1c_struktura_predpriyatiya,196161b6-5593-11f0-b811-005056bde474,00-001040,"201, Пар 2025 г. (не исп. с 31.08.2025)",,,,false
Структура предприятия,raw.r1c_struktura_predpriyatiya,765aeabc-d0df-11f0-b81e-005056bde474,00-001092,"201, Пар 2025 г. (не исп. с 31.12.2025)",,,,false
Структура предприятия,raw.r1c_struktura_predpriyatiya,816738ab-f397-11f0-b81e-005056bde474,00-001170,"201, Пар 2026 г.",,,,true
Структура предприятия,raw.r1c_struktura_predpriyatiya,d5a266de-60e1-11f1-b821-005056bde474,00-001209,"201, Пар 2026 г.",,,,false
Структура предприятия,raw.r1c_struktura_predpriyatiya,7b63d67d-f397-11f0-b81e-005056bde474,00-001168,"201, Пар 2026 г. (не исп. с 30.04.2026)",,,,false
Структура предприятия,raw.r1c_struktura_predpriyatiya,8637acb2-7b43-11ef-9c5d-00505689ff45,00-000844,"201, Пар под картофель_2024 2024 г. (не исп. с 31.12.2024)",,,,false
Структура предприятия,raw.r1c_struktura_predpriyatiya,14cf4238-f2f8-11eb-9c3a-00505689ff45,000000352,"201, Сидераты 2020 г. (не исп. с 01.01.2022)",,,,false
Структура предприятия,raw.r1c_struktura_predpriyatiya,d3fbe3bd-08d2-11ed-9c43-00505689c8d9,00-000466,"201, Сидераты 2022 г. (не исп. с 31.12.2022)",,,,false
Структура предприятия,raw.r1c_struktura_predpriyatiya,83d49aba-f4c7-11ed-9c4e-00505689ff45,00-000659,"201, Сидераты 2023 г. (не исп. с 31.12.2023)",,,,false
Структура предприятия,raw.r1c_struktura_predpriyatiya,9b05b318-e13d-11ee-9c4c-005056893620,00-000775,"201, Сидераты 2024 г. (не исп. с 31.07.2024)",,,,false
Структура предприятия,raw.r1c_struktura_predpriyatiya,1961616f-5593-11f0-b811-005056bde474,00-001039,"201, Сидераты 2025 г. (не исп. с 31.12.2025)",,,,false
Структура предприятия,raw.r1c_struktura_predpriyatiya,ae1bd698-a8c7-11f0-b81e-005056bde474,00-001085,"201, Сидераты 2025 г. (не исп. с 31.12.2025)",,,,false
Структура предприятия,raw.r1c_struktura_predpriyatiya,7b63d6c4-f397-11f0-b81e-005056bde474,00-001169,"201, Сидераты 2026 г. (не исп. с 31.12.2025)",,,,false
Структура предприятия,raw.r1c_struktura_predpriyatiya,77b2122c-00ec-11ec-9c3a-00505689ff45,000000260,2020 г.,,,,false
Структура предприятия,raw.r1c_struktura_predpriyatiya,9ef17d7f-5db3-11ec-9c40-00505689c8d9,000000508,2020 г.,,,,false
Структура предприятия,raw.r1c_struktura_predpriyatiya,d8e067d9-f2ea-11eb-9c3a-00505689ff45,АК-000074,2020 г.,,,,false
Структура предприятия,raw.r1c_struktura_predpriyatiya,f26e89e6-4fdc-11ed-9c43-cb6d75bb653b,00-000484,2020 г.,,,,false
Структура предприятия,raw.r1c_struktura_predpriyatiya,00cfc16d-4fdd-11ed-9c43-cb6d75bb653b,00-000486,2021 г.,,,,false
Структура предприятия,raw.r1c_struktura_predpriyatiya,40200741-5db4-11ec-9c40-00505689c8d9,000000501,2021 г.,,,,false
Структура предприятия,raw.r1c_struktura_predpriyatiya,45230e66-f154-11eb-9c3a-00505689ff45,000000239,2021 г.,,,,false
Структура предприятия,raw.r1c_struktura_predpriyatiya,ecf69fd0-5db2-11ec-9c40-00505689c8d9,000000515,2021 г.,,,,false
Структура предприятия,raw.r1c_struktura_predpriyatiya,25c6fd30-4fdd-11ed-9c43-cb6d75bb653b,00-000498,2022 г.,,,,false
Структура предприятия,raw.r1c_struktura_predpriyatiya,49dbe1e2-ebdf-11ec-9c42-89a3dcc9992a,00-000385,2022 г.,,,,false
Структура предприятия,raw.r1c_struktura_predpriyatiya,71efd947-ebdd-11ec-9c42-89a3dcc9992a,00-000374,2022 г.,,,,false
Структура предприятия,raw.r1c_struktura_predpriyatiya,9047586a-ebdf-11ec-9c42-89a3dcc9992a,00-000388,2022 г.,,,,false
Структура предприятия,raw.r1c_struktura_predpriyatiya,b35e21cd-ee7d-11ed-9c4e-00505689ff45,00-000594,2023 г.,,,,false
Структура предприятия,raw.r1c_struktura_predpriyatiya,1f8213c5-9a64-11ee-9c4a-005056893620,00-000761,2024 г.,,,,false
Структура предприятия,raw.r1c_struktura_predpriyatiya,9490832f-1a8b-11f0-b80e-005056bde474,00-000900,2025 г.,,,,false
Структура предприятия,raw.r1c_struktura_predpriyatiya,f0cdb8f4-21ed-11f0-b80e-005056bde474,00-000902,2025 г.,,,,false
Структура предприятия,raw.r1c_struktura_predpriyatiya,3404ad0d-f38d-11f0-b81e-005056bde474,00-001093,2026 г.,,,,false
Структура предприятия,raw.r1c_struktura_predpriyatiya,f0410ba2-f513-11f0-b81e-005056bde474,00-001193,2027 г.,,,,false
Структура предприятия,raw.r1c_struktura_predpriyatiya,da961394-3007-11f0-b80e-005056bde474,00-000986,203 поле_промежуточное,,,,true
Структура предприятия,raw.r1c_struktura_predpriyatiya,29a3f54b-2443-11f0-b80e-005056bde474,00-000919,"203, ВЗО 2025 г. (не исп. с 31.12.2025)",,,,false
Структура предприятия,raw.r1c_struktura_predpriyatiya,2da870b9-f2f6-11eb-9c3a-00505689ff45,000000347,"203, Залежь 2020 г. (не исп. с 31.12.2020)",,,,false
Структура предприятия,raw.r1c_struktura_predpriyatiya,91f5fe4b-737b-11ec-9c40-00505689c8d9,АК-000352,"203, Залежь 2021 г. (не исп. с 31.12.2021)",,,,false
Структура предприятия,raw.r1c_struktura_predpriyatiya,b59ba92b-0666-11ed-9c42-89a3dcc9992a,00-000458,"203, Залежь 2022 г. (не исп. с 31.12.2022)",,,,false
Структура предприятия,raw.r1c_struktura_predpriyatiya,300599c5-f00e-11ed-9c4e-00505689ff45,00-000604,"203, Залежь 2023 г. (не исп. с 31.12.2024)",,,,false
Структура предприятия,raw.r1c_struktura_predpriyatiya,ebd0e358-f396-11f0-b81e-005056bde474,00-001160,"203, Заросли 2026 г.",,,,false
Структура предприятия,raw.r1c_struktura_predpriyatiya,82c2af48-2b55-11f0-b80e-005056bde474,00-000978,"203, КаГалаЭбПУч.3 2025 г. (не исп. с 30.09.2025)",,,,false
Структура предприятия,raw.r1c_struktura_predpriyatiya,82c2ae96-2b55-11f0-b80e-005056bde474,00-000974,"203, КаКарменЭбПУч.1 2025 г. (не исп. с 30.09.2025)",,,,false
Структура предприятия,raw.r1c_struktura_predpriyatiya,82c2aeef-2b55-11f0-b80e-005056bde474,00-000976,"203, КаКарменЭбПУч.2 2025 г. (не исп. с 30.09.2025)",,,,false
Структура предприятия,raw.r1c_struktura_predpriyatiya,3c2bc3c2-0667-11ed-9c42-89a3dcc9992a,00-000460,"203, Картофель Гала Норика М Элита 2022 2022 г. (не исп. с 31.12.2022)",,,,false
Структура предприятия,raw.r1c_struktura_predpriyatiya,929839dd-0667-11ed-9c42-89a3dcc9992a,00-000462,"203, Картофель Коломба HZPC САДОКАС Элита 2022 2022 г. (не исп. с 31.12.2022)",,,,false
Структура предприятия,raw.r1c_struktura_predpriyatiya,d1b99e16-0667-11ed-9c42-89a3dcc9992a,00-000463,"203, Картофель Мадейра Элита  2022 г. (не исп. с 31.12.2022)",,,,false
Структура предприятия,raw.r1c_struktura_predpriyatiya,6fceb7c1-737b-11ec-9c40-00505689c8d9,АК-000351,"203, Пар (промежуточная культура) 2021 г. (не исп. с 31.12.2021)",,,,false
Структура предприятия,raw.r1c_struktura_predpriyatiya,e39a8b44-e13d-11ee-9c4c-005056893620,00-000776,"203, Пар (промежуточная культура) 2024 г. (не исп. с 31.07.2024)",,,,false
Структура предприятия,raw.r1c_struktura_predpriyatiya,0583d8b2-b720-11f0-b81e-005056bde474,00-001089,"203, Пар 2025 г. (не исп. с 31.12.2025)",,,,false
Структура предприятия,raw.r1c_struktura_predpriyatiya,7cbe16dd-2b55-11f0-b80e-005056bde474,00-000972,"203, Пар 2025 г. (не исп. с 31.12.2025)",,,,false
Структура предприятия,raw.r1c_struktura_predpriyatiya,ebd0e39f-f396-11f0-b81e-005056bde474,00-001161,"203, Пар 2026 г. (не исп. с 31.12.2025)",,,,false
Структура предприятия,raw.r1c_struktura_predpriyatiya,540f07dc-8b97-11ef-9c5d-00505689ff45,00-000864,"203, Пар под картофель_2024 2024 г. (не исп. с 30.04.2025)",,,,false
Структура предприятия,raw.r1c_struktura_predpriyatiya,1761855d-f2f6-11eb-9c3a-00505689ff45,000000346,"203, Сидераты 2020 г. (не исп. с 31.12.2020)",,,,false
Структура предприятия,raw.r1c_struktura_predpriyatiya,2e68f430-f00e-11ed-9c4e-00505689ff45,00-000602,"203, Сидераты 2023 г. (не исп. с 31.12.2023)",,,,false
Структура предприятия,raw.r1c_struktura_predpriyatiya,ebd0e3e6-f396-11f0-b81e-005056bde474,00-001162,"203, Сидераты 2026 г.",,,,false
Структура предприятия,raw.r1c_struktura_predpriyatiya,63341d27-f2ed-11eb-9c3a-00505689ff45,000000314,"218, Залежь 2022 г. (не исп. с 31.12.2022)",,,,false
Структура предприятия,raw.r1c_struktura_predpriyatiya,467b1818-f00e-11ed-9c4e-00505689ff45,00-000605,"218, Залежь 2023 г. (не исп. с 31.12.2024)",,,,false
Структура предприятия,raw.r1c_struktura_predpriyatiya,fa9779b4-24c0-11f0-b80e-005056bde474,00-000920,"218, Заросли 2025 г. (не исп. с 31.12.2025)",,,,false
Структура предприятия,raw.r1c_struktura_predpriyatiya,2d4761ab-f392-11f0-b81e-005056bde474,00-001121,"218, Заросли 2026 г.",,,,false
Структура предприятия,raw.r1c_struktura_predpriyatiya,a9278fdd-f2ed-11eb-9c3a-00505689ff45,000000315,"219, Залежь 2022 г. (не исп. с 31.12.2022)",,,,false
Структура предприятия,raw.r1c_struktura_predpriyatiya,9251b80f-f00e-11ed-9c4e-00505689ff45,00-000606,"219, Залежь 2023 г. (не исп. с 31.12.2024)",,,,false
Структура предприятия,raw.r1c_struktura_predpriyatiya,10339854-24c1-11f0-b80e-005056bde474,00-000921,"219, Заросли 2025 г. (не исп. с 31.12.2025)",,,,false
Структура предприятия,raw.r1c_struktura_predpriyatiya,5ab5b7b7-f392-11f0-b81e-005056bde474,00-001122,"219, Заросли 2026 г.",,,,false
Структура предприятия,raw.r1c_struktura_predpriyatiya,8f6219b3-24c1-11f0-b80e-005056bde474,00-000922,"2298, ВЗО 2025 г. (не исп. с 31.12.2025)",,,,false
Структура предприятия,raw.r1c_struktura_predpriyatiya,98e25a48-92b6-11ef-9c5e-00505689ff45,00-000897,"2298, Залежь 2024 г. (не исп. с 31.12.2024)",,,,false
Структура предприятия,raw.r1c_struktura_predpriyatiya,7287420f-f399-11f0-b81e-005056bde474,00-001190,"2298, Заросли 2026 г.",,,,false
Структура предприятия,raw.r1c_struktura_predpriyatiya,aba67b0d-24c1-11f0-b80e-005056bde474,00-000923,"2299, ВЗО 2025 г. (не исп. с 31.12.2025)",,,,false
Структура предприятия,raw.r1c_struktura_predpriyatiya,cdbaa074-92b6-11ef-9c5e-00505689ff45,00-000898,"2299, Залежь 2024 г. (не исп. с 31.12.2024)",,,,false
Структура предприятия,raw.r1c_struktura_predpriyatiya,81e0ed66-f399-11f0-b81e-005056bde474,00-001191,"2299, Заросли 2026 г.",,,,false
Структура предприятия,raw.r1c_struktura_predpriyatiya,2365b8f8-3008-11f0-b80e-005056bde474,00-000987,235 поле_промежуточное,,,,true
Структура предприятия,raw.r1c_struktura_predpriyatiya,682e5269-24c2-11f0-b80e-005056bde474,00-000925,"235, ВЗО 2025 г. (не исп. с 31.12.2025)",,,,false
Структура предприятия,raw.r1c_struktura_predpriyatiya,dafa7301-f390-11f0-b81e-005056bde474,00-001114,"235, ВЗО 2026 г.",,,,false
Структура предприятия,raw.r1c_struktura_predpriyatiya,b966d18a-4b65-11ec-9c40-00505689c8d9,000000521,"235, Залежь 2021 г. (не исп. с 31.12.2021)",,,,false
Структура предприятия,raw.r1c_struktura_predpriyatiya,92acbc63-ebf0-11ec-9c42-89a3dcc9992a,00-000416,"235, Залежь 2022 г. (не исп. с 31.12.2022)",,,,false
Структура предприятия,raw.r1c_struktura_predpriyatiya,682e52b0-24c2-11f0-b80e-005056bde474,00-000926,"235, Заросли 2025 г. (не исп. с 31.12.2025)",,,,false
Структура предприятия,raw.r1c_struktura_predpriyatiya,dafa7348-f390-11f0-b81e-005056bde474,00-001115,"235, Заросли 2026 г.",,,,false
Структура предприятия,raw.r1c_struktura_predpriyatiya,665d138a-23f5-11ef-9c58-00505689ff45,00-000804,"235, КаВгРС1Уч.10 2024 г. (не исп. с 30.09.2024)",,,,false
Структура предприятия,raw.r1c_struktura_predpriyatiya,6c555f21-23f5-11ef-9c58-00505689ff45,00-000806,"235, КаВгРС1Уч.15 2024 г. (не исп. с 30.09.2024)",,,,false
Структура предприятия,raw.r1c_struktura_predpriyatiya,665d0368-23f5-11ef-9c58-00505689ff45,00-000802,"235, КаВгРС1Уч.9 2024 г. (не исп. с 30.09.2024)",,,,false
Структура предприятия,raw.r1c_struktura_predpriyatiya,8e22bb03-ebef-11ec-9c42-89a3dcc9992a,00-000410,"235, Картофель Вега РС1 ЛД 2022 г. (не исп. с 31.12.2022)",,,,false
Структура предприятия,raw.r1c_struktura_predpriyatiya,210310a9-ebf0-11ec-9c42-89a3dcc9992a,00-000413,"235, Картофель Коломба Эл 3 га (уч 9) 2022 г. (не исп. с 31.12.2022)",,,,false
Структура предприятия,raw.r1c_struktura_predpriyatiya,f4ef670f-ebef-11ec-9c42-89a3dcc9992a,00-000412,"235, Картофель Коломба Эл 4га (уч 8) 2022 г. (не исп. с 31.12.2022)",,,,false
Структура предприятия,raw.r1c_struktura_predpriyatiya,ca216d88-ebef-11ec-9c42-89a3dcc9992a,00-000411,"235, Картофель Коломба Эл 6 га (уч 7) 2022 г. (не исп. с 31.12.2022)",,,,false
Структура предприятия,raw.r1c_struktura_predpriyatiya,66ff22aa-ebf0-11ec-9c42-89a3dcc9992a,00-000415,"235, Картофель Ред Соня РС1 2022 г. (не исп. с 31.12.2022)",,,,false
Структура предприятия,raw.r1c_struktura_predpriyatiya,24cb9987-f161-11eb-9c3a-00505689ff45,000000290,"235, Морковь премиум ВайтСатин 2021 г. (не исп. с 01.10.2021)",,,,false
Структура предприятия,raw.r1c_struktura_predpriyatiya,2667963b-4b65-11ec-9c40-00505689c8d9,000000518,"235, Пар (промежуточная культура) 2021 г. (не исп. с 31.12.2021)",,,,false
Структура предприятия,raw.r1c_struktura_predpriyatiya,e806eb81-4b64-11ec-9c40-00505689c8d9,000000517,"235, Пар (промежуточная культура) 2021 г. (не исп. с 31.12.2021)",,,,false
Структура предприятия,raw.r1c_struktura_predpriyatiya,41c231cd-e13e-11ee-9c4c-005056893620,00-000777,"235, Пар (промежуточная культура) 2024 г. (не исп. с 30.04.2024)",,,,false
Структура предприятия,raw.r1c_struktura_predpriyatiya,d99126a0-27d6-11ef-9c59-00505689ff45,00-000834,"235, Пар (промежуточная культура) 2024 г. (не исп. с 31.12.2024)",,,,false
Структура предприятия,raw.r1c_struktura_predpriyatiya,2b1306ef-f2eb-11eb-9c3a-00505689ff45,000000306,"235, Пар 2020 г. (не исп. с 31.12.2020)",,,,false
Структура предприятия,raw.r1c_struktura_predpriyatiya,77fad2fa-4b65-11ec-9c40-00505689c8d9,000000519,"235, Пар 2021 г. (не исп. с 31.12.2021)",,,,false
Структура предприятия,raw.r1c_struktura_predpriyatiya,64f3eddb-24c2-11f0-b80e-005056bde474,00-000924,"235, Пар 2025 г. (не исп. с 31.05.2025)",,,,false
Структура предприятия,raw.r1c_struktura_predpriyatiya,a12f4907-87e6-11ef-9c5d-00505689ff45,00-000860,"235, Пар под картофель_2024 2024 г. (не исп. с 31.05.2025)",,,,false
Структура предприятия,raw.r1c_struktura_predpriyatiya,c09a9eda-f161-11eb-9c3a-00505689ff45,000000292,"235, Свекла премиум Аваланч 2021 г. (не исп. с 01.10.2021)",,,,false
Структура предприятия,raw.r1c_struktura_predpriyatiya,ebdaab9f-f161-11eb-9c3a-00505689ff45,000000294,"235, Свекла премиум Болдор 2021 г. (не исп. с 01.10.2021)",,,,false
Структура предприятия,raw.r1c_struktura_predpriyatiya,04ef3833-f162-11eb-9c3a-00505689ff45,000000296,"235, Свекла сорт Кестрел 2021 г. (не исп. с 01.10.2021)",,,,false
Структура предприятия,raw.r1c_struktura_predpriyatiya,23eb545a-f162-11eb-9c3a-00505689ff45,000000298,"235, Свекла сорт Фалькон 2021 г. (не исп. с 01.10.2021)",,,,false
Структура предприятия,raw.r1c_struktura_predpriyatiya,4f269cc3-f162-11eb-9c3a-00505689ff45,000000300,"235, Сидераты 2020 г. (не исп. с 31.12.2020)",,,,false
Структура предприятия,raw.r1c_struktura_predpriyatiya,ac8e6a8c-ebf0-11ec-9c42-89a3dcc9992a,00-000417,"235, Сидераты 2022 г. (не исп. с 31.12.2022)",,,,false
Структура предприятия,raw.r1c_struktura_predpriyatiya,c97756b3-f00e-11ed-9c4e-00505689ff45,00-000607,"235, Сидераты 2023 г. (не исп. с 31.12.2023)",,,,false
Структура предприятия,raw.r1c_struktura_predpriyatiya,9a4928aa-558d-11f0-b811-005056bde474,00-001038,"235, Сидераты 2025 г. (не исп. с 31.12.2025)",,,,false
Структура предприятия,raw.r1c_struktura_predpriyatiya,dafa738f-f390-11f0-b81e-005056bde474,00-001116,"235, Сидераты 2026 г.",,,,false
Структура предприятия,raw.r1c_struktura_predpriyatiya,d8e067dd-f2ea-11eb-9c3a-00505689ff45,000000305,"235, Чеснок озимый Георгий Комаров 2020 г. (не исп. с 31.12.2020)",,,,false
Структура предприятия,raw.r1c_struktura_predpriyatiya,cf500deb-3008-11f0-b80e-005056bde474,00-000988,312 поле_промежуточное,,,,true
Структура предприятия,raw.r1c_struktura_predpriyatiya,b2d93a21-24c2-11f0-b80e-005056bde474,00-000928,"312, ВЗО 2025 г. (не исп. с 31.12.2025)",,,,false
Структура предприятия,raw.r1c_struktura_predpriyatiya,db413822-f397-11f0-b81e-005056bde474,00-001171,"312, ВЗО 2026 г.",,,,false
Структура предприятия,raw.r1c_struktura_predpriyatiya,4dc72f1c-f2f8-11eb-9c3a-00505689ff45,000000353,"312, Залежь 2022 г. (не исп. с 31.12.2022)",,,,false
Структура предприятия,raw.r1c_struktura_predpriyatiya,5df461ab-e13e-11ee-9c4c-005056893620,00-000778,"312, Пар (промежуточная культура) 2024 г. (не исп. с 31.07.2024)",,,,false
Структура предприятия,raw.r1c_struktura_predpriyatiya,b2d939da-24c2-11f0-b80e-005056bde474,00-000927,"312, Пар 2025 г. (не исп. с 30.06.2025)",,,,false
Структура предприятия,raw.r1c_struktura_predpriyatiya,ca8e38fc-71e4-11f0-b814-005056bde474,00-001060,"312, Пар 2025 г. (не исп. с 31.07.2025)",,,,false
Структура предприятия,raw.r1c_struktura_predpriyatiya,675d3555-8d5c-11f0-b818-005056bde474,00-001071,"312, Пар 2025 г. (не исп. с 31.08.2025)",,,,false
Структура предприятия,raw.r1c_struktura_predpriyatiya,e0da567c-907d-11ef-9c5e-00505689ff45,00-000876,"312, Пар под картофель_2024 2024 г. (не исп. с 31.12.2024)",,,,false
Структура предприятия,raw.r1c_struktura_predpriyatiya,016867e3-f00f-11ed-9c4e-00505689ff45,00-000608,"312, Сидераты 2023 г. (не исп. с 31.12.2023)",,,,false
Структура предприятия,raw.r1c_struktura_predpriyatiya,675d350e-8d5c-11f0-b818-005056bde474,00-001070,"312, Сидераты 2025 г. (не исп. с 31.12.2025)",,,,false
Структура предприятия,raw.r1c_struktura_predpriyatiya,ca8e3943-71e4-11f0-b814-005056bde474,00-001061,"312, Сидераты 2025 г. (не исп. с 31.12.2025)",,,,false
Структура предприятия,raw.r1c_struktura_predpriyatiya,fa1b56aa-a8c7-11f0-b81e-005056bde474,00-001086,"312, Сидераты 2025 г. (не исп. с 31.12.2025)",,,,false
Структура предприятия,raw.r1c_struktura_predpriyatiya,e1b53bf4-f397-11f0-b81e-005056bde474,00-001173,"312, Сидераты 2026 г.",,,,false
Структура предприятия,raw.r1c_struktura_predpriyatiya,e1b53bad-f397-11f0-b81e-005056bde474,00-001172,"312, Сидераты 2026 г. (не исп. с 31.12.2025)",,,,false
Структура предприятия,raw.r1c_struktura_predpriyatiya,e1b53c3b-f397-11f0-b81e-005056bde474,00-001174,"312, Сидераты 2026 г. (не исп. с 31.12.2025)",,,,false
Структура предприятия,raw.r1c_struktura_predpriyatiya,0f1e0dc6-f00f-11ed-9c4e-00505689ff45,00-000609,"313, ВЗО 2023 г. (не исп. с 31.03.2024)",,,,false
Структура предприятия,raw.r1c_struktura_predpriyatiya,49cb61f3-24c3-11f0-b80e-005056bde474,00-000929,"313, ВЗО 2025 г. (не исп. с 31.12.2025)",,,,false
Структура предприятия,raw.r1c_struktura_predpriyatiya,ac75508c-f2f2-11eb-9c3a-00505689ff45,000000334,"313, Залежь 2022 г. (не исп. с 31.12.2022)",,,,false
Структура предприятия,raw.r1c_struktura_predpriyatiya,5f4c75a7-7b45-11ef-9c5d-00505689ff45,00-000846,"313, Залежь 2024 г. (не исп. с 31.12.2024)",,,,false
Структура предприятия,raw.r1c_struktura_predpriyatiya,ad1176ab-f395-11f0-b81e-005056bde474,00-001147,"313, Заросли 2026 г.",,,,false
Структура предприятия,raw.r1c_struktura_predpriyatiya,b259e70e-2f39-11f0-b80e-005056bde474,00-000979,318 поле_промежуточное,,,,true
Структура предприятия,raw.r1c_struktura_predpriyatiya,06f2773a-2f4e-11f0-b80e-005056bde474,00-000980,318 промежуточн.,,,,true
Структура предприятия,raw.r1c_struktura_predpriyatiya,e2b28f46-9081-11ef-9c5e-00505689ff45,00-000877,"318, Залежь 2024 г. (не исп. с 31.12.2024)",,,,false
Структура предприятия,raw.r1c_struktura_predpriyatiya,18dc3187-24c4-11f0-b80e-005056bde474,00-000930,"318, Заросли 2025 г. (не исп. с 31.12.2025)",,,,false
Структура предприятия,raw.r1c_struktura_predpriyatiya,39fe4e71-f38d-11f0-b81e-005056bde474,00-001102,"318, Заросли 2026 г.",,,,false
Структура предприятия,raw.r1c_struktura_predpriyatiya,f7d126a5-6317-11f1-b821-005056bde474,00-001224,"318, КаАлуэтРС1ПУч.8_318 2026 г.",,,,false
Структура предприятия,raw.r1c_struktura_predpriyatiya,2d1aafd5-f4cb-11ed-9c4e-00505689ff45,00-000672,"318, КаБрРС1уч.2 сем 2023 г. (не исп. с 31.12.2023)",,,,false
Структура предприятия,raw.r1c_struktura_predpriyatiya,34fee087-f4cb-11ed-9c4e-00505689ff45,00-000684,"318, КаБрРС1уч.8 прод 2023 г. (не исп. с 31.12.2023)",,,,false
Структура предприятия,raw.r1c_struktura_predpriyatiya,d988219c-23fd-11ef-9c58-00505689ff45,00-000814,"318, КаВгРС1Уч.14 2024 г. (не исп. с 30.09.2024)",,,,false
Структура предприятия,raw.r1c_struktura_predpriyatiya,31a3a25a-f4cb-11ed-9c4e-00505689ff45,00-000680,"318, КаВгЭлитУч.32 семена 2023 г. (не исп. с 31.12.2023)",,,,false
Структура предприятия,raw.r1c_struktura_predpriyatiya,d38f2dc9-23fd-11ef-9c58-00505689ff45,00-000808,"318, КаВнРС1Уч.11 2024 г. (не исп. с 04.10.2024)",,,,false
Структура предприятия,raw.r1c_struktura_predpriyatiya,d607926f-23fd-11ef-9c58-00505689ff45,00-000810,"318, КаВнРС1Уч.12 2024 г. (не исп. с 04.10.2024)",,,,false
Структура предприятия,raw.r1c_struktura_predpriyatiya,2ffeeab0-f4cb-11ed-9c4e-00505689ff45,00-000676,"318, КаВнЭлитУч.4 сем 2023 г. (не исп. с 31.12.2023)",,,,false
Структура предприятия,raw.r1c_struktura_predpriyatiya,d7e87b13-23fd-11ef-9c58-00505689ff45,00-000812,"318, КаГаРС2Уч.13 2024 г. (не исп. с 04.10.2024)",,,,false
Структура предприятия,raw.r1c_struktura_predpriyatiya,2eaf039f-f4cb-11ed-9c4e-00505689ff45,00-000674,"318, КаГаЭлитУч.3 сем 2023 г. (не исп. с 31.12.2023)",,,,false
Структура предприятия,raw.r1c_struktura_predpriyatiya,f7d1277c-6317-11f1-b821-005056bde474,00-001226,"318, КаГалаРС1ПУч.9_318 2026 г.",,,,false
Структура предприятия,raw.r1c_struktura_predpriyatiya,88b14559-3643-11f0-b80e-005056bde474,00-001003,"318, КаГалаРС2ПУч.4  2025 г. (не исп. с 31.10.2025)",,,,false
Структура предприятия,raw.r1c_struktura_predpriyatiya,8ec6d971-3643-11f0-b80e-005056bde474,00-001005,"318, КаГалаРС2ПУч.5  2025 г. (не исп. с 31.10.2025)",,,,false
Структура предприятия,raw.r1c_struktura_predpriyatiya,8ec6d9ca-3643-11f0-b80e-005056bde474,00-001007,"318, КаГалаРС2ПУч.6  2025 г. (не исп. с 31.10.2025)",,,,false
Структура предприятия,raw.r1c_struktura_predpriyatiya,f1c52bcf-6317-11f1-b821-005056bde474,00-001218,"318, КаГалаРС3ПУч.2_318  2026 г.",,,,false
Структура предприятия,raw.r1c_struktura_predpriyatiya,f1c52c28-6317-11f1-b821-005056bde474,00-001220,"318, КаГалаРС3ПУч.3_318  2026 г.",,,,false
Структура предприятия,raw.r1c_struktura_predpriyatiya,f1c52b76-6317-11f1-b821-005056bde474,00-001216,"318, КаКарменРС1ПУч.1_318 2026 г.",,,,false
Структура предприятия,raw.r1c_struktura_predpriyatiya,31a3a2a0-f4cb-11ed-9c4e-00505689ff45,00-000681,"318, КаКоРС1уч.6 прод 2023 г. (не исп. с 31.12.2023)",,,,false
Структура предприятия,raw.r1c_struktura_predpriyatiya,348966e9-f4cb-11ed-9c4e-00505689ff45,00-000682,"318, КаКоРС1уч.7 прод 2023 г. (не исп. с 31.12.2023)",,,,false
Структура предприятия,raw.r1c_struktura_predpriyatiya,2c6acef4-f4cb-11ed-9c4e-00505689ff45,00-000670,"318, КаКоЭлитУч.1 сем 2023 г. (не исп. с 31.12.2023)",,,,false
Структура предприятия,raw.r1c_struktura_predpriyatiya,f7d1264c-6317-11f1-b821-005056bde474,00-001222,"318, КаРедЛедиЭПУч.7_318 2026 г.",,,,false
Структура предприятия,raw.r1c_struktura_predpriyatiya,31003221-f4cb-11ed-9c4e-00505689ff45,00-000678,"318, КаФлЭлитУч.5 сем 2023 г. (не исп. с 31.12.2023)",,,,false
Структура предприятия,raw.r1c_struktura_predpriyatiya,45230e6a-f154-11eb-9c3a-00505689ff45,000000241,"318, Картофель Балтик Роуз Элита 2021 г. (не исп. с 01.10.2021)",,,,false
Структура предприятия,raw.r1c_struktura_predpriyatiya,bd9a3a0a-f155-11eb-9c3a-00505689ff45,000000259,"318, Картофель Вега Элита 2021 г. (не исп. с 01.10.2021)",,,,false
Структура предприятия,raw.r1c_struktura_predpriyatiya,99ba6b0c-f155-11eb-9c3a-00505689ff45,000000257,"318, Картофель Венди РС1 2021 г. (не исп. с 01.10.2021)",,,,false
Структура предприятия,raw.r1c_struktura_predpriyatiya,9696f2c7-f154-11eb-9c3a-00505689ff45,000000247,"318, Картофель Кармен Элита 2021 г. (не исп. с 01.10.2021)",,,,false
Структура предприятия,raw.r1c_struktura_predpriyatiya,79d707e0-f155-11eb-9c3a-00505689ff45,000000255,"318, Картофель Коломба РС1 (свои) участок  6/1, 6/2 2021 г. (не исп. с 01.10.2021)",,,,false
Структура предприятия,raw.r1c_struktura_predpriyatiya,fc85a67b-f154-11eb-9c3a-00505689ff45,000000251,"318, Картофель Коломба Элита (РС1) в бэгах 2021 г. (не исп. с 01.10.2021)",,,,false
Структура предприятия,raw.r1c_struktura_predpriyatiya,c58be726-f154-11eb-9c3a-00505689ff45,000000249,"318, Картофель Коломба Элита (РС1) в бэгах Норика 2021 г. (не исп. с 01.10.2021)",,,,false
Структура предприятия,raw.r1c_struktura_predpriyatiya,5ddcfde1-f155-11eb-9c3a-00505689ff45,000000253,"318, Картофель Коломба Элита (РС1) участок 5/2 Пончики бурт+Демид ящики 2021 г. (не исп. с 01.10.202",,,,false
Структура предприятия,raw.r1c_struktura_predpriyatiya,687af4b5-f154-11eb-9c3a-00505689ff45,000000243,"318, Картофель Рэд Скарлет РС1 2021 г. (не исп. с 01.10.2021)",,,,false
Структура предприятия,raw.r1c_struktura_predpriyatiya,34fee0de-f4cb-11ed-9c4e-00505689ff45,00-000686,"318, Картофель Северное сияние РС1 прод 2023 г.",,,,true
Структура предприятия,raw.r1c_struktura_predpriyatiya,822355eb-f154-11eb-9c3a-00505689ff45,000000245,"318, Картофель Фламинго Элита 2021 г. (не исп. с 01.10.2021)",,,,false
Структура предприятия,raw.r1c_struktura_predpriyatiya,fd453a2f-e13e-11ee-9c4c-005056893620,00-000779,"318, Пар (промежуточная культура) 2024 г. (не исп. с 31.07.2024)",,,,false
Структура предприятия,raw.r1c_struktura_predpriyatiya,12a1a78b-f156-11eb-9c3a-00505689ff45,000000262,"318, Пар 2020 г. (не исп. с 31.12.2020)",,,,false
Структура предприятия,raw.r1c_struktura_predpriyatiya,88b14500-3643-11f0-b80e-005056bde474,00-001001,"318, Пар 2025 г. (не исп. с 31.05.2025)",,,,false
Структура предприятия,raw.r1c_struktura_predpriyatiya,1ede09fb-24c4-11f0-b80e-005056bde474,00-000931,"318, Пар 2025 г. (не исп. с 31.12.2025)",,,,false
Структура предприятия,raw.r1c_struktura_predpriyatiya,ae66c012-5593-11f0-b811-005056bde474,00-001042,"318, Пар 2025 г. (не исп. с 31.12.2025)",,,,false
Структура предприятия,raw.r1c_struktura_predpriyatiya,e079c90c-d0de-11f0-b81e-005056bde474,00-001091,"318, Пар 2025 г. (не исп. с 31.12.2025)",,,,false
Структура предприятия,raw.r1c_struktura_predpriyatiya,3404add1-f38d-11f0-b81e-005056bde474,00-001098,"318, Пар 2026 г.",,,,false
Структура предприятия,raw.r1c_struktura_predpriyatiya,72680ed2-58ff-11f1-b821-005056bde474,00-001201,"318, Пар 2026 г. (не исп. с 01.05.2026)",,,,false
Структура предприятия,raw.r1c_struktura_predpriyatiya,3404ad31-f38d-11f0-b81e-005056bde474,00-001095,"318, Пар 2026 г. (не исп. с 31.12.2025)",,,,false
Структура предприятия,raw.r1c_struktura_predpriyatiya,3404ad78-f38d-11f0-b81e-005056bde474,00-001096,"318, Пар 2026 г. (не исп. с 31.12.2025)",,,,false
Структура предприятия,raw.r1c_struktura_predpriyatiya,e1410a2e-8a5c-11ef-9c5d-00505689ff45,00-000861,"318, Пар под картофель_2024 2024 г. (не исп. с 30.04.2025)",,,,false
Структура предприятия,raw.r1c_struktura_predpriyatiya,e9216726-799c-11ef-9c5d-00505689ff45,00-000840,"318, Пар под картофель_2024 2024 г. (не исп. с 30.04.2025)",,,,false
Структура предприятия,raw.r1c_struktura_predpriyatiya,8d407061-9c4d-11ef-9c5e-00505689ff45,00-000899,"318, Пар под картофель_2024 2024 г. (не исп. с 31.12.2024)",,,,false
Структура предприятия,raw.r1c_struktura_predpriyatiya,620615f8-748a-11ec-9c40-00505689c8d9,АК-000358,"318, Сидераты 2021 г. (не исп. с 01.07.2022)",,,,false
Структура предприятия,raw.r1c_struktura_predpriyatiya,5f2cabb5-3b38-11ed-9c43-cb6d75bb653b,00-000478,"318, Сидераты 2022 г. (не исп. с 31.12.2022)",,,,false
Структура предприятия,raw.r1c_struktura_predpriyatiya,b461e285-f49e-11ed-9c4e-00505689ff45,00-000615,"318, Сидераты 2023 г. (не исп. с 31.12.2023)",,,,false
Структура предприятия,raw.r1c_struktura_predpriyatiya,fd453a77-e13e-11ee-9c4c-005056893620,00-000780,"318, Сидераты 2024 г. (не исп. с 18.05.2024)",,,,false
Структура предприятия,raw.r1c_struktura_predpriyatiya,ae66be81-5593-11f0-b811-005056bde474,00-001041,"318, Сидераты 2025 г. (не исп. с 31.12.2025)",,,,false
Структура предприятия,raw.r1c_struktura_predpriyatiya,39fe4e18-f38d-11f0-b81e-005056bde474,00-001100,"318, Сидераты 2026 г. (не исп. с 01.03.2026)",,,,false
Структура предприятия,raw.r1c_struktura_predpriyatiya,f70e7047-3008-11f0-b80e-005056bde474,00-000989,347 поле_промежуточное,,,,true
Структура предприятия,raw.r1c_struktura_predpriyatiya,94d39b06-24c4-11f0-b80e-005056bde474,00-000932,"347, ВЗО 2025 г. (не исп. с 31.12.2025)",,,,false
Структура предприятия,raw.r1c_struktura_predpriyatiya,bdf9383b-f2f8-11eb-9c3a-00505689ff45,000000355,"347, Залежь 2022 г. (не исп. с 31.12.2022)",,,,false
Структура предприятия,raw.r1c_struktura_predpriyatiya,aab8ead1-9084-11ef-9c5e-00505689ff45,00-000878,"347, Залежь 2024 г. (не исп. с 31.12.2024)",,,,false
Структура предприятия,raw.r1c_struktura_predpriyatiya,6f7753fb-f398-11f0-b81e-005056bde474,00-001178,"347, Заросли 2026 г.",,,,false
Структура предприятия,raw.r1c_struktura_predpriyatiya,1bff153f-e13f-11ee-9c4c-005056893620,00-000781,"347, Пар (промежуточная культура) 2024 г. (не исп. с 31.07.2024)",,,,false
Структура предприятия,raw.r1c_struktura_predpriyatiya,94d39b4d-24c4-11f0-b80e-005056bde474,00-000933,"347, Пар 2025 г. (не исп. с 31.12.2025)",,,,false
Структура предприятия,raw.r1c_struktura_predpriyatiya,aee5cf0f-9084-11ef-9c5e-00505689ff45,00-000879,"347, Пар под картофель_2024 2024 г. (не исп. с 31.12.2024)",,,,false
Структура предприятия,raw.r1c_struktura_predpriyatiya,3d1392ad-f00f-11ed-9c4e-00505689ff45,00-000610,"347, Сидераты 2023 г. (не исп. с 31.12.2023)",,,,false
Структура предприятия,raw.r1c_struktura_predpriyatiya,6f775442-f398-11f0-b81e-005056bde474,00-001179,"347, Сидераты 2026 г.",,,,false
Структура предприятия,raw.r1c_struktura_predpriyatiya,79f458d5-3009-11f0-b80e-005056bde474,00-000990,383 поле_промежуточное,,,,true
Структура предприятия,raw.r1c_struktura_predpriyatiya,67dab665-24c5-11f0-b80e-005056bde474,00-000935,"383, ВЗО 2025 г. (не исп. с 31.12.2025)",,,,false
Структура предприятия,raw.r1c_struktura_predpriyatiya,89b5472d-f2f8-11eb-9c3a-00505689ff45,000000354,"383, Залежь 2022 г. (не исп. с 31.12.2022)",,,,false
Структура предприятия,raw.r1c_struktura_predpriyatiya,8bb69558-f49b-11ed-9c4e-00505689ff45,00-000613,"383, Залежь 2023 г. (не исп. с 31.12.2024)",,,,false
Структура предприятия,raw.r1c_struktura_predpriyatiya,3b781a83-f398-11f0-b81e-005056bde474,00-001175,"383, Заросли 2026 г.",,,,false
Структура предприятия,raw.r1c_struktura_predpriyatiya,4c1b4523-e13f-11ee-9c4c-005056893620,00-000782,"383, Пар (промежуточная культура) 2024 г. (не исп. с 31.12.2024)",,,,false
Структура предприятия,raw.r1c_struktura_predpriyatiya,6194685a-24c5-11f0-b80e-005056bde474,00-000934,"383, Пар 2025 г. (не исп. с 31.07.2025)",,,,false
Структура предприятия,raw.r1c_struktura_predpriyatiya,b649db80-8d5c-11f0-b818-005056bde474,00-001073,"383, Пар 2025 г. (не исп. с 31.08.2025)",,,,false
Структура предприятия,raw.r1c_struktura_predpriyatiya,8a5a361c-f49b-11ed-9c4e-00505689ff45,00-000612,"383, Сидераты 2023 г. (не исп. с 31.12.2023)",,,,false
Структура предприятия,raw.r1c_struktura_predpriyatiya,29f06a1c-a8c8-11f0-b81e-005056bde474,00-001087,"383, Сидераты 2025 г. (не исп. с 31.12.2025)",,,,false
Структура предприятия,raw.r1c_struktura_predpriyatiya,b649db39-8d5c-11f0-b818-005056bde474,00-001072,"383, Сидераты 2025 г. (не исп. с 31.12.2025)",,,,false
Структура предприятия,raw.r1c_struktura_predpriyatiya,3b781aca-f398-11f0-b81e-005056bde474,00-001176,"383, Сидераты 2026 г.",,,,false
Структура предприятия,raw.r1c_struktura_predpriyatiya,3b781b11-f398-11f0-b81e-005056bde474,00-001177,"383, Сидераты 2026 г. (не исп. с 31.12.2025)",,,,false
Структура предприятия,raw.r1c_struktura_predpriyatiya,a21618bc-881b-11ed-9c4c-00505689ff45,00-000579,"383.1, Залежь 2021 г. (не исп. с 30.12.2021)",,,,false
Структура предприятия,raw.r1c_struktura_predpriyatiya,70ab6559-881c-11ed-9c4c-00505689ff45,00-000583,"383.1, Залежь 2023 г. (не исп. с 30.09.2024)",,,,false
Структура предприятия,raw.r1c_struktura_predpriyatiya,e134485e-e13f-11ee-9c4c-005056893620,00-000783,"383.1, Сидераты 2024 г. (не исп. с 31.07.2024)",,,,false
Структура предприятия,raw.r1c_struktura_predpriyatiya,e0c2996b-881b-11ed-9c4c-00505689ff45,00-000580,"383.1, Чеснок озимый Георгий Комаров 2023 г. (не исп. с 31.08.2023)",,,,false
Структура предприятия,raw.r1c_struktura_predpriyatiya,70ab58c8-881c-11ed-9c4c-00505689ff45,00-000582,"383.1, Чеснок озимый Любаша 2023 г. (не исп. с 31.08.2023)",,,,false
Структура предприятия,raw.r1c_struktura_predpriyatiya,485c554b-f4bd-11ed-9c4e-00505689ff45,00-000644,"415, ВЗО 2023 г. (не исп. с 31.03.2024)",,,,false
Структура предприятия,raw.r1c_struktura_predpriyatiya,f0f6bb51-24c5-11f0-b80e-005056bde474,00-000937,"415, ВЗО 2025 г. (не исп. с 31.12.2025)",,,,false
Структура предприятия,raw.r1c_struktura_predpriyatiya,87d16926-f2f7-11eb-9c3a-00505689ff45,000000350,"415, Залежь 2022 г. (не исп. с 31.12.2022)",,,,false
Структура предприятия,raw.r1c_struktura_predpriyatiya,499f36ae-f4bd-11ed-9c4e-00505689ff45,00-000645,"415, Залежь 2023 г. (не исп. с 31.12.2024)",,,,false
Структура предприятия,raw.r1c_struktura_predpriyatiya,81526708-7b47-11ef-9c5d-00505689ff45,00-000847,"415, Залежь 2024 г. (не исп. с 31.12.2024)",,,,false
Структура предприятия,raw.r1c_struktura_predpriyatiya,829e84c9-7b47-11ef-9c5d-00505689ff45,00-000848,"415, Залежь 2024 г. (не исп. с 31.12.2024)",,,,false
Структура предприятия,raw.r1c_struktura_predpriyatiya,42e8e1a2-f397-11f0-b81e-005056bde474,00-001166,"415, Заросли 2026 г.",,,,false
Структура предприятия,raw.r1c_struktura_predpriyatiya,1e5fe459-e140-11ee-9c4c-005056893620,00-000784,"415, Пар (промежуточная культура) 2024 г. (не исп. с 31.07.2024)",,,,false
Структура предприятия,raw.r1c_struktura_predpriyatiya,4a17555f-f4bd-11ed-9c4e-00505689ff45,00-000646,"415, Пар 2023 г. (не исп. с 31.12.2023)",,,,false
Структура предприятия,raw.r1c_struktura_predpriyatiya,eae68568-24c5-11f0-b80e-005056bde474,00-000936,"415, Пар 2025 г. (не исп. с 31.12.2025)",,,,false
Структура предприятия,raw.r1c_struktura_predpriyatiya,42e8e15b-f397-11f0-b81e-005056bde474,00-001165,"415, Пар 2026 г.",,,,false
Структура предприятия,raw.r1c_struktura_predpriyatiya,8b9492bf-3034-11f0-b80e-005056bde474,00-000991,493 поле_промежуточное,,,,true
Структура предприятия,raw.r1c_struktura_predpriyatiya,4148a9ae-f4b9-11ed-9c4e-00505689ff45,00-000641,"493, ВЗО 2023 г. (не исп. с 31.03.2024)",,,,false
Структура предприятия,raw.r1c_struktura_predpriyatiya,9ee7a878-24c6-11f0-b80e-005056bde474,00-000939,"493, ВЗО 2025 г. (не исп. с 31.12.2025)",,,,false
Структура предприятия,raw.r1c_struktura_predpriyatiya,7750e930-f2f5-11eb-9c3a-00505689ff45,000000342,"493, Залежь 2020 г. (не исп. с 31.12.2020)",,,,false
Структура предприятия,raw.r1c_struktura_predpriyatiya,661a295e-7b4f-11ef-9c5d-00505689ff45,00-000849,"493, Залежь 2024 г. (не исп. с 31.12.2024)",,,,false
Структура предприятия,raw.r1c_struktura_predpriyatiya,49dbe1e6-ebdf-11ec-9c42-89a3dcc9992a,00-000387,"493, Залежь ВЗО 2022",,,,true
Структура предприятия,raw.r1c_struktura_predpriyatiya,a5c2c1e9-f396-11f0-b81e-005056bde474,00-001157,"493, Заросли 2026 г.",,,,false
Структура предприятия,raw.r1c_struktura_predpriyatiya,88ddc661-1086-11ee-9c4e-00505689ff45,00-000703,"493, КаВгРС2уч.17 прод 2023 г. (не исп. с 31.12.2023)",,,,false
Структура предприятия,raw.r1c_struktura_predpriyatiya,88ddc6a7-1086-11ee-9c4e-00505689ff45,00-000704,"493, КаВгРС2уч.18 прод 2023 г. (не исп. с 31.12.2023)",,,,false
Структура предприятия,raw.r1c_struktura_predpriyatiya,4225cb14-f4b9-11ed-9c4e-00505689ff45,00-000642,"493, КаВнРС3уч.15 прод 2023 г. (не исп. с 31.12.2023)",,,,false
Структура предприятия,raw.r1c_struktura_predpriyatiya,88ddc61b-1086-11ee-9c4e-00505689ff45,00-000702,"493, КаВнРС3уч.16 прод 2023 г. (не исп. с 31.12.2023)",,,,false
Структура предприятия,raw.r1c_struktura_predpriyatiya,2a9f81ea-ebde-11ec-9c42-89a3dcc9992a,00-000378,"493, Картофель Белароза РС2 2022 г. (не исп. с 31.12.2022)",,,,false
Структура предприятия,raw.r1c_struktura_predpriyatiya,643e6160-ebde-11ec-9c42-89a3dcc9992a,00-000380,"493, Картофель Индиго РС1 ЛД 2022 г. (не исп. с 31.12.2022)",,,,false
Структура предприятия,raw.r1c_struktura_predpriyatiya,d38e900e-ebde-11ec-9c42-89a3dcc9992a,00-000384,"493, Картофель Северное Сияние РС1 2022 г. (не исп. с 31.12.2022)",,,,false
Структура предприятия,raw.r1c_struktura_predpriyatiya,995b7960-ebde-11ec-9c42-89a3dcc9992a,00-000382,"493, Картофель Фламинго РС1 2022 г. (не исп. с 31.12.2022)",,,,false
Структура предприятия,raw.r1c_struktura_predpriyatiya,930369bf-f2f5-11eb-9c3a-00505689ff45,000000344,"493, Многолетние травы 2021 г. (не исп. с 31.12.2021)",,,,false
Структура предприятия,raw.r1c_struktura_predpriyatiya,f537275c-5696-11ed-9c43-cb6d75bb653b,00-000577,"493, Многолетние травы 2022 г. (не исп. с 31.12.2022)",,,,false
Структура предприятия,raw.r1c_struktura_predpriyatiya,6d199c73-e140-11ee-9c4c-005056893620,00-000785,"493, Пар (промежуточная культура) 2024 г. (не исп. с 31.07.2024)",,,,false
Структура предприятия,raw.r1c_struktura_predpriyatiya,2edd0cfd-71e7-11f0-b814-005056bde474,00-001063,"493, Пар 2025 г. (не исп. с 31.08.2025)",,,,false
Структура предприятия,raw.r1c_struktura_predpriyatiya,98c96a01-24c6-11f0-b80e-005056bde474,00-000938,"493, Пар 2025 г. (не исп. с 31.12.2025)",,,,false
Структура предприятия,raw.r1c_struktura_predpriyatiya,a5c2c1a2-f396-11f0-b81e-005056bde474,00-001156,"493, Пар 2026 г.",,,,true
Структура предприятия,raw.r1c_struktura_predpriyatiya,675d03df-7b4f-11ef-9c5d-00505689ff45,00-000850,"493, Пар под картофель_2024 2024 г. (не исп. с 30.06.2025)",,,,false
Структура предприятия,raw.r1c_struktura_predpriyatiya,b289cd85-f2f5-11eb-9c3a-00505689ff45,000000345,"493, Сидераты 2020 г. (не исп. с 31.12.2020)",,,,false
Структура предприятия,raw.r1c_struktura_predpriyatiya,a4f05d43-ebdf-11ec-9c42-89a3dcc9992a,00-000391,"493, Сидераты 2022 г. (не исп. с 31.12.2022)",,,,false
Структура предприятия,raw.r1c_struktura_predpriyatiya,402ed6d9-f4b9-11ed-9c4e-00505689ff45,00-000640,"493, Сидераты 2023 г. (не исп. с 31.12.2023)",,,,false
Структура предприятия,raw.r1c_struktura_predpriyatiya,724d3a15-e140-11ee-9c4c-005056893620,00-000786,"493, Сидераты 2024 г. (не исп. с 31.07.2024)",,,,false
Структура предприятия,raw.r1c_struktura_predpriyatiya,2edd0cb6-71e7-11f0-b814-005056bde474,00-001062,"493, Сидераты 2025 г. (не исп. с 31.12.2025)",,,,false
Структура предприятия,raw.r1c_struktura_predpriyatiya,dd25f07b-a8c6-11f0-b81e-005056bde474,00-001082,"493, Сидераты 2025 г. (не исп. с 31.12.2025)",,,,false
Структура предприятия,raw.r1c_struktura_predpriyatiya,abe5e7b4-f396-11f0-b81e-005056bde474,00-001159,"493, Сидераты 2026 г.",,,,false
Структура предприятия,raw.r1c_struktura_predpriyatiya,a5c2c230-f396-11f0-b81e-005056bde474,00-001158,"493, Сидераты 2026 г. (не исп. с 31.12.2025)",,,,false
Структура предприятия,raw.r1c_struktura_predpriyatiya,ff2b48f8-f4b4-11ed-9c4e-00505689ff45,00-000639,"494, ВЗО 2023 г. (не исп. с 31.03.2024)",,,,false
Структура предприятия,raw.r1c_struktura_predpriyatiya,fb478ed7-24c6-11f0-b80e-005056bde474,00-000941,"494, ВЗО 2025 г. (не исп. с 31.12.2025)",,,,false
Структура предприятия,raw.r1c_struktura_predpriyatiya,3d6a91bd-f2f5-11eb-9c3a-00505689ff45,000000341,"494, Залежь 2020 г. (не исп. с 31.12.2020)",,,,false
Структура предприятия,raw.r1c_struktura_predpriyatiya,1c0382af-548d-11ed-9c43-cb6d75bb653b,00-000565,"494, Залежь 2022 г. (не исп. с 31.12.2022)",,,,false
Структура предприятия,raw.r1c_struktura_predpriyatiya,5fb0fb57-7b50-11ef-9c5d-00505689ff45,00-000851,"494, Залежь 2024 г. (не исп. с 31.12.2024)",,,,false
Структура предприятия,raw.r1c_struktura_predpriyatiya,61b985ba-7b50-11ef-9c5d-00505689ff45,00-000852,"494, Залежь 2024 г. (не исп. с 31.12.2024)",,,,false
Структура предприятия,raw.r1c_struktura_predpriyatiya,7252f89f-f396-11f0-b81e-005056bde474,00-001153,"494, Заросли 2026 г.",,,,false
Структура предприятия,raw.r1c_struktura_predpriyatiya,a0ad1adc-e140-11ee-9c4c-005056893620,00-000787,"494, Пар (промежуточная культура) 2024 г. (не исп. с 31.07.2024)",,,,false
Структура предприятия,raw.r1c_struktura_predpriyatiya,1e3097bb-f2f4-11eb-9c3a-00505689ff45,000000338,"494, Пар 2020 г. (не исп. с 31.12.2020)",,,,false
Структура предприятия,raw.r1c_struktura_predpriyatiya,1c0382ab-548d-11ed-9c43-cb6d75bb653b,00-000564,"494, Пар 2022 г. (не исп. с 31.12.2022)",,,,false
Структура предприятия,raw.r1c_struktura_predpriyatiya,fdd45d90-f4b4-11ed-9c4e-00505689ff45,00-000638,"494, Пар 2023 г. (не исп. с 31.12.2023)",,,,false
Структура предприятия,raw.r1c_struktura_predpriyatiya,fb478e90-24c6-11f0-b80e-005056bde474,00-000940,"494, Пар 2025 г. (не исп. с 31.07.2025)",,,,false
Структура предприятия,raw.r1c_struktura_predpriyatiya,21181a15-8d5a-11f0-b818-005056bde474,00-001069,"494, Пар 2025 г. (не исп. с 31.12.2025)",,,,false
Структура предприятия,raw.r1c_struktura_predpriyatiya,7252f92e-f396-11f0-b81e-005056bde474,00-001155,"494, Пар 2026 г.",,,,true
Структура предприятия,raw.r1c_struktura_predpriyatiya,211819ce-8d5a-11f0-b818-005056bde474,00-001068,"494, Сидераты 2025 г. (не исп. с 31.12.2025)",,,,false
Структура предприятия,raw.r1c_struktura_predpriyatiya,7252f8e6-f396-11f0-b81e-005056bde474,00-001154,"494, Сидераты 2026 г.",,,,false
Структура предприятия,raw.r1c_struktura_predpriyatiya,ff450ca7-f2f4-11eb-9c3a-00505689ff45,000000340,"494, Топинамбур 2022 г. (не исп. с 31.12.2022)",,,,false
Структура предприятия,raw.r1c_struktura_predpriyatiya,f3187fa5-f2f8-11eb-9c3a-00505689ff45,000000356,"505, Залежь 2020 г. (не исп. с 01.07.2022)",,,,false
Структура предприятия,raw.r1c_struktura_predpriyatiya,9ff79473-3e76-11ed-9c43-cb6d75bb653b,00-000479,"505, Залежь 2022 г. (не исп. с 31.12.2022)",,,,false
Структура предприятия,raw.r1c_struktura_predpriyatiya,b1bbb8a2-f4b4-11ed-9c4e-00505689ff45,00-000637,"505, Залежь 2023 г. (не исп. с 31.12.2024)",,,,false
Структура предприятия,raw.r1c_struktura_predpriyatiya,8bbc6403-24c7-11f0-b80e-005056bde474,00-000943,"505, Заросли 2025 г. (не исп. с 31.12.2025)",,,,false
Структура предприятия,raw.r1c_struktura_predpriyatiya,8b26551c-f398-11f0-b81e-005056bde474,00-001181,"505, Заросли 2026 г.",,,,false
Структура предприятия,raw.r1c_struktura_predpriyatiya,c6f7d789-e140-11ee-9c4c-005056893620,00-000788,"505, Пар (промежуточная культура) 2024 г. (не исп. с 31.07.2024)",,,,false
Структура предприятия,raw.r1c_struktura_predpriyatiya,8bbc63bc-24c7-11f0-b80e-005056bde474,00-000942,"505, Пар 2025 г. (не исп. с 31.12.2025)",,,,false
Структура предприятия,raw.r1c_struktura_predpriyatiya,bf394329-9111-11ef-9c5e-00505689ff45,00-000880,"505, Пар под картофель_2024 2024 г. (не исп. с 31.12.2024)",,,,false
Структура предприятия,raw.r1c_struktura_predpriyatiya,b06756cd-f4b4-11ed-9c4e-00505689ff45,00-000636,"505, Сидераты 2023 г. (не исп. с 31.12.2023)",,,,false
Структура предприятия,raw.r1c_struktura_predpriyatiya,8b264e00-f398-11f0-b81e-005056bde474,00-001180,"505, Сидераты 2026 г.",,,,false
Структура предприятия,raw.r1c_struktura_predpriyatiya,c2949e37-24c7-11f0-b80e-005056bde474,00-000944,"575, ВЗО 2025 г. (не исп. с 31.12.2025)",,,,false
Структура предприятия,raw.r1c_struktura_predpriyatiya,cc0a96cd-f398-11f0-b81e-005056bde474,00-001184,"575, ВЗО 2026 г.",,,,false
Структура предприятия,raw.r1c_struktura_predpriyatiya,991a19b7-92b3-11ef-9c5e-00505689ff45,00-000891,"575, Залежь 2024 г. (не исп. с 31.12.2024)",,,,false
Структура предприятия,raw.r1c_struktura_predpriyatiya,f508cd0c-24c7-11f0-b80e-005056bde474,00-000945,"586, ВЗО 2025 г. (не исп. с 31.12.2025)",,,,false
Структура предприятия,raw.r1c_struktura_predpriyatiya,e0d27a15-92b4-11ef-9c5e-00505689ff45,00-000892,"586, Залежь 2024 г. (не исп. с 31.12.2024)",,,,false
Структура предприятия,raw.r1c_struktura_predpriyatiya,e39b0a79-f398-11f0-b81e-005056bde474,00-001185,"586, Заросли 2026 г.",,,,false
Структура предприятия,raw.r1c_struktura_predpriyatiya,d2fad6a0-f2ed-11eb-9c3a-00505689ff45,000000316,"628, Залежь 2022 г. (не исп. с 31.12.2022)",,,,false
Структура предприятия,raw.r1c_struktura_predpriyatiya,90b70d9b-f4b3-11ed-9c4e-00505689ff45,00-000634,"628, Залежь 2023 г. (не исп. с 31.12.2024)",,,,false
Структура предприятия,raw.r1c_struktura_predpriyatiya,3403e17b-24c8-11f0-b80e-005056bde474,00-000946,"628, Заросли 2025 г. (не исп. с 31.12.2025)",,,,false
Структура предприятия,raw.r1c_struktura_predpriyatiya,a1dd4ffe-f392-11f0-b81e-005056bde474,00-001123,"628, Заросли 2026 г.",,,,false
Структура предприятия,raw.r1c_struktura_predpriyatiya,7c1ebc57-f4b3-11ed-9c4e-00505689ff45,00-000633,"629, ВЗО 2023 г. (не исп. с 31.12.2025)",,,,false
Структура предприятия,raw.r1c_struktura_predpriyatiya,fda712e6-f2ed-11eb-9c3a-00505689ff45,000000317,"629, Залежь 2022 г. (не исп. с 31.12.2022)",,,,false
Структура предприятия,raw.r1c_struktura_predpriyatiya,0c4cabba-f393-11f0-b81e-005056bde474,00-001124,"629, Заросли 2026 г.",,,,false
Структура предприятия,raw.r1c_struktura_predpriyatiya,3c5c0b50-f4b4-11ed-9c4e-00505689ff45,00-000635,"630, ВЗО 2023 г. (не исп. с 31.12.2025)",,,,false
Структура предприятия,raw.r1c_struktura_predpriyatiya,ba7b9e65-f398-11f0-b81e-005056bde474,00-001183,"630, Заросли 2026 г.",,,,false
Структура предприятия,raw.r1c_struktura_predpriyatiya,f133dcaa-3034-11f0-b80e-005056bde474,00-000992,751 поле_промежуточное,,,,true
Структура предприятия,raw.r1c_struktura_predpriyatiya,a618c916-f4c4-11ed-9c4e-00505689ff45,00-000656,"751, ВЗО 2023 г. (не исп. с 31.03.2024)",,,,false
Структура предприятия,raw.r1c_struktura_predpriyatiya,3f650db4-24ca-11f0-b80e-005056bde474,00-000948,"751, ВЗО 2025 г. (не исп. с 31.12.2025)",,,,false
Структура предприятия,raw.r1c_struktura_predpriyatiya,1edc076f-f395-11f0-b81e-005056bde474,00-001139,"751, ВЗО 2026 г.",,,,true
Структура предприятия,raw.r1c_struktura_predpriyatiya,9db024d9-f2f1-11eb-9c3a-00505689ff45,000000329,"751, Залежь 2020 г. (не исп. с 31.12.2020)",,,,false
Структура предприятия,raw.r1c_struktura_predpriyatiya,972ab3e2-548d-11ed-9c43-cb6d75bb653b,00-000567,"751, Залежь 2022 г. (не исп. с 31.12.2022)",,,,false
Структура предприятия,raw.r1c_struktura_predpriyatiya,0f912a7b-7b56-11ef-9c5d-00505689ff45,00-000853,"751, Залежь 2024 г. (не исп. с 31.12.2024)",,,,false
Структура предприятия,raw.r1c_struktura_predpriyatiya,3f650d6d-24ca-11f0-b80e-005056bde474,00-000947,"751, Заросли 2025 г. (не исп. с 31.12.2025)",,,,false
Структура предприятия,raw.r1c_struktura_predpriyatiya,1edc0728-f395-11f0-b81e-005056bde474,00-001138,"751, Заросли 2026 г.",,,,false
Структура предприятия,raw.r1c_struktura_predpriyatiya,a7453058-f4c4-11ed-9c4e-00505689ff45,00-000657,"751, КаВгРС2уч.19 прод 2023 г. (не исп. с 31.12.2023)",,,,false
Структура предприятия,raw.r1c_struktura_predpriyatiya,a84268e0-f4c4-11ed-9c4e-00505689ff45,00-000658,"751, КаВгРС2уч.20 прод 2023 г. (не исп. с 31.12.2023)",,,,false
Структура предприятия,raw.r1c_struktura_predpriyatiya,43b7b035-11d6-11ee-9c4e-00505689ff45,00-000705,"751, КаВгРС2уч.21 прод 2023 г. (не исп. с 31.12.2023)",,,,false
Структура предприятия,raw.r1c_struktura_predpriyatiya,49f6f96a-11d6-11ee-9c4e-00505689ff45,00-000706,"751, КаВгРС2уч.22 прод 2023 г. (не исп. с 31.12.2023)",,,,false
Структура предприятия,raw.r1c_struktura_predpriyatiya,33d2f60c-6309-11f1-b821-005056bde474,00-001214,"751, КаГалаРС1ПУч.11_751 2026 г.",,,,false
Структура предприятия,raw.r1c_struktura_predpriyatiya,9ff512bf-3af2-11f0-b80e-005056bde474,00-001014,"751, КаГалаРС2ПУч.9 2025 г. (не исп. с 31.10.2025)",,,,false
Структура предприятия,raw.r1c_struktura_predpriyatiya,9ff51266-3af2-11f0-b80e-005056bde474,00-001012,"751, КаКарменРС1ПУч.8 2025 г. (не исп. с 31.10.2025)",,,,false
Структура предприятия,raw.r1c_struktura_predpriyatiya,9ff5120d-3af2-11f0-b80e-005056bde474,00-001010,"751, КаКарменЭПУч.7 2025 г. (не исп. с 31.10.2025)",,,,false
Структура предприятия,raw.r1c_struktura_predpriyatiya,99e2ee3e-e141-11ee-9c4c-005056893620,00-000789,"751, Пар (промежуточная культура) 2024 г. (не исп. с 30.04.2025)",,,,false
Структура предприятия,raw.r1c_struktura_predpriyatiya,7905b054-f2f1-11eb-9c3a-00505689ff45,000000328,"751, Пар 2020 г. (не исп. с 31.12.2020)",,,,false
Структура предприятия,raw.r1c_struktura_predpriyatiya,972ab3de-548d-11ed-9c43-cb6d75bb653b,00-000566,"751, Пар 2022 г. (не исп. с 31.12.2022)",,,,false
Структура предприятия,raw.r1c_struktura_predpriyatiya,43e60366-24ca-11f0-b80e-005056bde474,00-000949,"751, Пар 2025 г. (не исп. с 30.04.2025)",,,,false
Структура предприятия,raw.r1c_struktura_predpriyatiya,9ff51306-3af2-11f0-b80e-005056bde474,00-001015,"751, Пар 2025 г. (не исп. с 31.12.2025)",,,,false
Структура предприятия,raw.r1c_struktura_predpriyatiya,f253e39f-d0da-11f0-b81e-005056bde474,00-001090,"751, Пар 2025 г. (не исп. с 31.12.2025)",,,,false
Структура предприятия,raw.r1c_struktura_predpriyatiya,1edc07b6-f395-11f0-b81e-005056bde474,00-001140,"751, Пар 2026 г. (не исп. с 31.12.2025)",,,,false
Структура предприятия,raw.r1c_struktura_predpriyatiya,1077442e-7b56-11ef-9c5d-00505689ff45,00-000854,"751, Пар под картофель_2024 2024 г. (не исп. с 31.12.2024)",,,,false
Структура предприятия,raw.r1c_struktura_predpriyatiya,5365a9eb-f2f1-11eb-9c3a-00505689ff45,000000327,"751, Сидераты 2020 г. (не исп. с 01.07.2022)",,,,false
Структура предприятия,raw.r1c_struktura_predpriyatiya,1a27e72c-3e77-11ed-9c43-cb6d75bb653b,00-000480,"751, Сидераты 2022 г. (не исп. с 31.12.2022)",,,,false
Структура предприятия,raw.r1c_struktura_predpriyatiya,a4a64500-f4c4-11ed-9c4e-00505689ff45,00-000655,"751, Сидераты 2023 г. (не исп. с 31.12.2023)",,,,false
Структура предприятия,raw.r1c_struktura_predpriyatiya,9bdfaf6c-e141-11ee-9c4c-005056893620,00-000790,"751, Сидераты 2024 г. (не исп. с 31.07.2024)",,,,false
Структура предприятия,raw.r1c_struktura_predpriyatiya,2d9f4851-6309-11f1-b821-005056bde474,00-001212,"751, Сидераты 2026 г.",,,,false
Структура предприятия,raw.r1c_struktura_predpriyatiya,251ab2bf-f395-11f0-b81e-005056bde474,00-001141,"751, Сидераты 2026 г. (не исп. с 30.04.2026)",,,,false
Структура предприятия,raw.r1c_struktura_predpriyatiya,e0050d05-f675-11eb-9c3a-00505689ff45,000000411,"790 GX 100 500, №7901667",,,,false
Структура предприятия,raw.r1c_struktura_predpriyatiya,eec5909d-f675-11eb-9c3a-00505689ff45,000000412,"790 GX 100 500, №7901668",,,,false
Структура предприятия,raw.r1c_struktura_predpriyatiya,9b406375-f675-11eb-9c3a-00505689ff45,000000410,"790 GX 100 500, №7901678",,,,false
Структура предприятия,raw.r1c_struktura_predpriyatiya,858de024-24ca-11f0-b80e-005056bde474,00-000950,"806, ВЗО 2025 г. (не исп. с 31.12.2025)",,,,false
Структура предприятия,raw.r1c_struktura_predpriyatiya,717636a6-92b5-11ef-9c5e-00505689ff45,00-000893,"806, Залежь 2024 г. (не исп. с 31.12.2024)",,,,false
Структура предприятия,raw.r1c_struktura_predpriyatiya,eeb59d7b-f398-11f0-b81e-005056bde474,00-001186,"806, Заросли 2026 г.",,,,false
Структура предприятия,raw.r1c_struktura_predpriyatiya,bd2ae621-24ca-11f0-b80e-005056bde474,00-000951,"865, ВЗО 2025 г. (не исп. с 31.12.2025)",,,,false
Структура предприятия,raw.r1c_struktura_predpriyatiya,05e9f429-f2ed-11eb-9c3a-00505689ff45,000000313,"865, Залежь 2022 г. (не исп. с 31.12.2022)",,,,false
Структура предприятия,raw.r1c_struktura_predpriyatiya,c15ff8c5-9121-11ef-9c5e-00505689ff45,00-000881,"865, Залежь 2024 г. (не исп. с 31.12.2024)",,,,false
Структура предприятия,raw.r1c_struktura_predpriyatiya,d924a576-f391-11f0-b81e-005056bde474,00-001120,"865, Заросли 2026 г.",,,,false
Структура предприятия,raw.r1c_struktura_predpriyatiya,b1557cb4-e141-11ee-9c4c-005056893620,00-000791,"865, Пар (промежуточная культура) 2024 г. (не исп. с 31.07.2024)",,,,false
Структура предприятия,raw.r1c_struktura_predpriyatiya,4c829c97-f4b3-11ed-9c4e-00505689ff45,00-000632,"865, Пар 2023 г. (не исп. с 31.12.2023)",,,,false
Структура предприятия,raw.r1c_struktura_predpriyatiya,dc7ab6b5-24ca-11f0-b80e-005056bde474,00-000952,"866, ВЗО 2025 г. (не исп. с 31.12.2025)",,,,false
Структура предприятия,raw.r1c_struktura_predpriyatiya,c72ffa0e-f391-11f0-b81e-005056bde474,00-001119,"866, ВЗО 2026 г.",,,,false
Структура предприятия,raw.r1c_struktura_predpriyatiya,808a5c4a-f2ec-11eb-9c3a-00505689ff45,000000312,"866, Залежь 2022 г. (не исп. с 31.12.2022)",,,,false
Структура предприятия,raw.r1c_struktura_predpriyatiya,12310bfd-f4b3-11ed-9c4e-00505689ff45,00-000631,"866, Залежь 2023 г. (не исп. с 31.12.2024)",,,,false
Структура предприятия,raw.r1c_struktura_predpriyatiya,03308dfc-24cb-11f0-b80e-005056bde474,00-000953,"867, ВЗО 2025 г. (не исп. с 31.12.2025)",,,,false
Структура предприятия,raw.r1c_struktura_predpriyatiya,49e417a5-f2ec-11eb-9c3a-00505689ff45,000000311,"867, Залежь 2022 г. (не исп. с 31.12.2022)",,,,false
Структура предприятия,raw.r1c_struktura_predpriyatiya,fcdda393-f4b2-11ed-9c4e-00505689ff45,00-000630,"867, Залежь 2023 г. (не исп. с 31.12.2024)",,,,false
Структура предприятия,raw.r1c_struktura_predpriyatiya,b595f846-f391-11f0-b81e-005056bde474,00-001118,"867, Заросли 2026 г.",,,,false
Структура предприятия,raw.r1c_struktura_predpriyatiya,21a2e687-24cb-11f0-b80e-005056bde474,00-000954,"868, ВЗО 2025 г. (не исп. с 31.12.2025)",,,,false
Структура предприятия,raw.r1c_struktura_predpriyatiya,1c2e9e9f-f2ec-11eb-9c3a-00505689ff45,000000310,"868, Залежь 2022 г. (не исп. с 31.12.2022)",,,,false
Структура предприятия,raw.r1c_struktura_predpriyatiya,da157780-f4b2-11ed-9c4e-00505689ff45,00-000629,"868, Залежь 2023 г. (не исп. с 31.12.2024)",,,,false
Структура предприятия,raw.r1c_struktura_predpriyatiya,f0ab850e-f390-11f0-b81e-005056bde474,00-001117,"868, Заросли 2026 г.",,,,false
Структура предприятия,raw.r1c_struktura_predpriyatiya,85ef68b3-3035-11f0-b80e-005056bde474,00-000993,989 поле_промежуточное,,,,true
Структура предприятия,raw.r1c_struktura_predpriyatiya,75fd8949-737a-11ec-9c40-00505689c8d9,АК-000347,"989, Залежь 2021 г. (не исп. с 31.12.2021)",,,,false
Структура предприятия,raw.r1c_struktura_predpriyatiya,798df3ad-24cb-11f0-b80e-005056bde474,00-000956,"989, Заросли 2025 г. (не исп. с 31.12.2025)",,,,false
Структура предприятия,raw.r1c_struktura_predpriyatiya,45709330-f395-11f0-b81e-005056bde474,00-001142,"989, Заросли 2026 г.",,,,false
Структура предприятия,raw.r1c_struktura_predpriyatiya,94c029ab-2408-11ef-9c58-00505689ff45,00-000816,"989, КаБрРС2Уч.1 2024 г. (не исп. с 30.09.2024)",,,,false
Структура предприятия,raw.r1c_struktura_predpriyatiya,97ca320b-2408-11ef-9c58-00505689ff45,00-000820,"989, КаГаРС1Уч.3 2024 г. (не исп. с 30.09.2024)",,,,false
Структура предприятия,raw.r1c_struktura_predpriyatiya,9656c958-2408-11ef-9c58-00505689ff45,00-000818,"989, КаФлРС1Уч.2 2024 г. (не исп. с 30.09.2024)",,,,false
Структура предприятия,raw.r1c_struktura_predpriyatiya,62f340e9-ed66-11ec-9c42-89a3dcc9992a,00-000444,"989, Картофель Балтик Роуз РС1 16га (уч24)  2022 г. (не исп. с 31.12.2022)",,,,false
Структура предприятия,raw.r1c_struktura_predpriyatiya,9b687483-ed66-11ec-9c42-89a3dcc9992a,00-000446,"989, Картофель Венди РС2 29,6 га (уч25) 2022 г. (не исп. с 31.12.2022)",,,,false
Структура предприятия,raw.r1c_struktura_predpriyatiya,2d2ca966-ed66-11ec-9c42-89a3dcc9992a,00-000442,"989, Картофель Кармен РС1 7га (уч23)  2022 г. (не исп. с 31.12.2022)",,,,false
Структура предприятия,raw.r1c_struktura_predpriyatiya,ef0f8ffa-ed65-11ec-9c42-89a3dcc9992a,00-000440,"989, Картофель Кармен Элита 12,5 га (уч22)  2022 г. (не исп. с 31.12.2022)",,,,false
Структура предприятия,raw.r1c_struktura_predpriyatiya,4dae009a-737a-11ec-9c40-00505689c8d9,АК-000346,"989, Пар (промежуточная культура) 2021 г. (не исп. с 31.12.2021)",,,,false
Структура предприятия,raw.r1c_struktura_predpriyatiya,04dba1fd-e142-11ee-9c4c-005056893620,00-000792,"989, Пар (промежуточная культура) 2024 г. (не исп. с 18.05.2024)",,,,false
Структура предприятия,raw.r1c_struktura_predpriyatiya,e30b0349-f2f1-11eb-9c3a-00505689ff45,000000330,"989, Пар 2020 г. (не исп. с 31.12.2020)",,,,false
Структура предприятия,raw.r1c_struktura_predpriyatiya,bf011093-4b63-11ec-9c40-00505689c8d9,000000514,"989, Пар 2021 ВЗО с сентября 2021",,,,true
Структура предприятия,raw.r1c_struktura_predpriyatiya,c2749d27-ed66-11ec-9c42-89a3dcc9992a,00-000448,"989, Пар 2022 г. (не исп. с 31.12.2022)",,,,false
Структура предприятия,raw.r1c_struktura_predpriyatiya,798df366-24cb-11f0-b80e-005056bde474,00-000955,"989, Пар 2025 г. (не исп. с 31.05.2025)",,,,false
Структура предприятия,raw.r1c_struktura_predpriyatiya,b543a9a5-8a5d-11ef-9c5d-00505689ff45,00-000862,"989, Пар под картофель_2024 2024 г. (не исп. с 31.12.2024)",,,,false
Структура предприятия,raw.r1c_struktura_predpriyatiya,afc665ed-f4b2-11ed-9c4e-00505689ff45,00-000628,"989, Сидераты 2023 г. (не исп. с 31.12.2023)",,,,false
Структура предприятия,raw.r1c_struktura_predpriyatiya,9524ac2a-5589-11f0-b811-005056bde474,00-001028,"989, Сидераты 2025 г. (не исп. с 31.12.2025)",,,,false
Структура предприятия,raw.r1c_struktura_predpriyatiya,45709377-f395-11f0-b81e-005056bde474,00-001143,"989, Сидераты 2026 г.",,,,false
Структура предприятия,raw.r1c_struktura_predpriyatiya,d2fac2f1-3035-11f0-b80e-005056bde474,00-000994,990 поле_промежуточное,,,,true
Структура предприятия,raw.r1c_struktura_predpriyatiya,7f960ad8-f4b2-11ed-9c4e-00505689ff45,00-000627,"990, ВЗО 2023 г. (не исп. с 31.03.2024)",,,,false
Структура предприятия,raw.r1c_struktura_predpriyatiya,75878538-f2f2-11eb-9c3a-00505689ff45,000000333,"990, Залежь 2020 г. (не исп. с 31.12.2020)",,,,false
Структура предприятия,raw.r1c_struktura_predpriyatiya,30763b77-ebef-11ec-9c42-89a3dcc9992a,00-000409,"990, Залежь 2021 г. (не исп. с 31.12.2021)",,,,false
Структура предприятия,raw.r1c_struktura_predpriyatiya,e4f7fe95-737a-11ec-9c40-00505689c8d9,АК-000349,"990, Залежь 2021 г. (не исп. с 31.12.2021)",,,,false
Структура предприятия,raw.r1c_struktura_predpriyatiya,36f43a24-548e-11ed-9c43-cb6d75bb653b,00-000568,"990, Залежь 2022 г. (не исп. с 31.12.2022)",,,,false
Структура предприятия,raw.r1c_struktura_predpriyatiya,1078fcfe-7b57-11ef-9c5d-00505689ff45,00-000855,"990, Залежь 2024 г. (не исп. с 31.12.2024)",,,,false
Структура предприятия,raw.r1c_struktura_predpriyatiya,f8f5eef7-ebee-11ec-9c42-89a3dcc9992a,00-000408,"990, Залежь ВЗО 2022",,,,true
Структура предприятия,raw.r1c_struktura_predpriyatiya,e903a827-24cb-11f0-b80e-005056bde474,00-000957,"990, Заросли 2025 г. (не исп. с 31.12.2025)",,,,false
Структура предприятия,raw.r1c_struktura_predpriyatiya,973d2f0a-f395-11f0-b81e-005056bde474,00-001145,"990, Заросли 2026 г.",,,,false
Структура предприятия,raw.r1c_struktura_predpriyatiya,d3f871b3-ebee-11ec-9c42-89a3dcc9992a,00-000407,"990, Картофель Вега РС1 ЛД 2022 г. (не исп. с 31.12.2022)",,,,false
Структура предприятия,raw.r1c_struktura_predpriyatiya,bfa19b01-737a-11ec-9c40-00505689c8d9,АК-000348,"990, Пар (промежуточная культура) 2021 г. (не исп. с 31.12.2021)",,,,false
Структура предприятия,raw.r1c_struktura_predpriyatiya,d935010a-e143-11ee-9c4c-005056893620,00-000793,"990, Пар (промежуточная культура) 2024 г. (не исп. с 31.07.2024)",,,,false
Структура предприятия,raw.r1c_struktura_predpriyatiya,127db086-7b57-11ef-9c5d-00505689ff45,00-000857,"990, Пар под картофель_2024 2024 г. (не исп. с 31.08.2025)",,,,false
Структура предприятия,raw.r1c_struktura_predpriyatiya,1150fb4d-7b57-11ef-9c5d-00505689ff45,00-000856,"990, Пар под картофель_2024 2024 г. (не исп. с 31.12.2024)",,,,false
Структура предприятия,raw.r1c_struktura_predpriyatiya,4e29a974-f2f2-11eb-9c3a-00505689ff45,000000332,"990, Сидераты 2020 г. (не исп. с 31.12.2020)",,,,false
Структура предприятия,raw.r1c_struktura_predpriyatiya,7e5c111e-f4b2-11ed-9c4e-00505689ff45,00-000626,"990, Сидераты 2023 г. (не исп. с 31.12.2023)",,,,false
Структура предприятия,raw.r1c_struktura_predpriyatiya,9204ae92-a8c4-11f0-b81e-005056bde474,00-001076,"990, Сидераты 2025 г. (не исп. с 31.12.2025)",,,,false
Структура предприятия,raw.r1c_struktura_predpriyatiya,973d2f51-f395-11f0-b81e-005056bde474,00-001146,"990, Сидераты 2026 г.",,,,false
Структура предприятия,raw.r1c_struktura_predpriyatiya,6127d98e-3036-11f0-b80e-005056bde474,00-000995,991 поле_промежуточное,,,,true
Структура предприятия,raw.r1c_struktura_predpriyatiya,e97aa637-87cb-11ef-9c5d-00505689ff45,00-000859,"991, Залежь 2024 г. (не исп. с 31.12.2024)",,,,false
Структура предприятия,raw.r1c_struktura_predpriyatiya,386d6574-24cc-11f0-b80e-005056bde474,00-000959,"991, Заросли 2025 г. (не исп. с 31.12.2025)",,,,false
Структура предприятия,raw.r1c_struktura_predpriyatiya,f1ad2e15-f395-11f0-b81e-005056bde474,00-001150,"991, Заросли 2026 г.",,,,false
Структура предприятия,raw.r1c_struktura_predpriyatiya,f4db30f7-e143-11ee-9c4c-005056893620,00-000794,"991, Пар (промежуточная культура) 2024 г. (не исп. с 31.08.2024)",,,,false
Структура предприятия,raw.r1c_struktura_predpriyatiya,cc34cdf9-f2f3-11eb-9c3a-00505689ff45,000000337,"991, Пар 2020 г. (не исп. с 01.01.2022)",,,,false
Структура предприятия,raw.r1c_struktura_predpriyatiya,70fdc300-0f26-11ed-9c43-cb6d75bb653b,00-000471,"991, Пар 2022 г. (не исп. с 31.12.2022)",,,,false
Структура предприятия,raw.r1c_struktura_predpriyatiya,3204cf53-24cc-11f0-b80e-005056bde474,00-000958,"991, Пар 2025 г. (не исп. с 31.05.2025)",,,,false
Структура предприятия,raw.r1c_struktura_predpriyatiya,86014215-558b-11f0-b811-005056bde474,00-001030,"991, Пар 2025 г. (не исп. с 31.08.2025)",,,,false
Структура предприятия,raw.r1c_struktura_predpriyatiya,f589afd7-f395-11f0-b81e-005056bde474,00-001152,"991, Пар 2026 г.",,,,false
Структура предприятия,raw.r1c_struktura_predpriyatiya,e81caa0a-87cb-11ef-9c5d-00505689ff45,00-000858,"991, Пар под картофель_2024 2024 г. (не исп. с 31.12.2024)",,,,false
Структура предприятия,raw.r1c_struktura_predpriyatiya,4857429e-f4b2-11ed-9c4e-00505689ff45,00-000625,"991, Сидераты 2023 г. (не исп. с 31.12.2023)",,,,false
Структура предприятия,raw.r1c_struktura_predpriyatiya,860141ce-558b-11f0-b811-005056bde474,00-001029,"991, Сидераты 2025 г. (не исп. с 31.12.2025)",,,,false
Структура предприятия,raw.r1c_struktura_predpriyatiya,c8bfdc56-a8c4-11f0-b81e-005056bde474,00-001077,"991, Сидераты 2025 г. (не исп. с 31.12.2025)",,,,false
Структура предприятия,raw.r1c_struktura_predpriyatiya,f3c366a1-f395-11f0-b81e-005056bde474,00-001151,"991, Сидераты 2026 г. (не исп. с 31.12.2025)",,,,false
Структура предприятия,raw.r1c_struktura_predpriyatiya,acec30e9-3036-11f0-b80e-005056bde474,00-000996,992 поле_промежуточное,,,,true
Структура предприятия,raw.r1c_struktura_predpriyatiya,8cd7de04-24cc-11f0-b80e-005056bde474,00-000961,"992, ВЗО 2025 г. (не исп. с 31.12.2025)",,,,false
Структура предприятия,raw.r1c_struktura_predpriyatiya,bae3917f-f38d-11f0-b81e-005056bde474,00-001107,"992, ВЗО 2026 г.",,,,false
Структура предприятия,raw.r1c_struktura_predpriyatiya,bd0ae9e2-5902-11f1-b821-005056bde474,00-001203,"992, КаГалаЭСУч.4_992 2026 г.",,,,false
Структура предприятия,raw.r1c_struktura_predpriyatiya,bd0aea4d-5902-11f1-b821-005056bde474,00-001205,"992, КаМемфисЭСУч.5_992 2026 г.",,,,false
Структура предприятия,raw.r1c_struktura_predpriyatiya,c311f13d-5902-11f1-b821-005056bde474,00-001207,"992, КаРедЛедиЭСУч.6_992 2026 г.",,,,false
Структура предприятия,raw.r1c_struktura_predpriyatiya,2f76ec82-f157-11eb-9c3a-00505689ff45,000000271,"992, Картофель Аметист Супер Супер Элита 2021 г. (не исп. с 01.10.2021)",,,,false
Структура предприятия,raw.r1c_struktura_predpriyatiya,0e2b89cd-f157-11eb-9c3a-00505689ff45,000000269,"992, Картофель Аметист Супер Элита 2021 г. (не исп. с 01.10.2021)",,,,false
Структура предприятия,raw.r1c_struktura_predpriyatiya,66da9640-4d3f-11ed-9c43-cb6d75bb653b,00-000481,"992, Картофель Аметист Супер Элита ЛД 2022 Овощеводство",,,,true
Структура предприятия,raw.r1c_struktura_predpriyatiya,f09340d3-4d41-11ed-9c43-cb6d75bb653b,00-000482,"992, Картофель Аметист Супер Элита ЛД 2022 Овощеводство",,,,false
Структура предприятия,raw.r1c_struktura_predpriyatiya,75253785-f157-11eb-9c3a-00505689ff45,000000273,"992, Картофель Беллароза РС1 2021 г. (не исп. с 01.10.2021)",,,,false
Структура предприятия,raw.r1c_struktura_predpriyatiya,a5c51038-f156-11eb-9c3a-00505689ff45,000000263,"992, Картофель Вега Элита 2021 г. (не исп. с 01.10.2021)",,,,false
Структура предприятия,raw.r1c_struktura_predpriyatiya,8f63c837-f157-11eb-9c3a-00505689ff45,000000275,"992, Картофель Гала РС1 (свои) 2021 г. (не исп. с 01.10.2021)",,,,false
Структура предприятия,raw.r1c_struktura_predpriyatiya,27515c2f-ebe9-11ec-9c42-89a3dcc9992a,00-000404,"992, Картофель Индиго РС1 ЛД 2022 г. (не исп. с 31.12.2022)",,,,false
Структура предприятия,raw.r1c_struktura_predpriyatiya,c7369851-f156-11eb-9c3a-00505689ff45,000000265,"992, Картофель Индиго Элита 2021 г. (не исп. с 01.10.2021)",,,,false
Структура предприятия,raw.r1c_struktura_predpriyatiya,ea2c9054-ebe8-11ec-9c42-89a3dcc9992a,00-000403,"992, Картофель Индиго Элита Дгт  2022 г. (не исп. с 31.12.2022)",,,,false
Структура предприятия,raw.r1c_struktura_predpriyatiya,46d49865-ebe8-11ec-9c42-89a3dcc9992a,00-000401,"992, Картофель Кармен РС1 Лд 2022 г. (не исп. с 31.12.2022)",,,,false
Структура предприятия,raw.r1c_struktura_predpriyatiya,38b651fe-ebe7-11ec-9c42-89a3dcc9992a,00-000395,"992, Картофель Коломба Эл  2022 Овощеводство",,,,true
Структура предприятия,raw.r1c_struktura_predpriyatiya,11238d17-ebe8-11ec-9c42-89a3dcc9992a,00-000399,"992, Картофель Мадейра РС1 2022 г. (не исп. с 31.12.2022)",,,,false
Структура предприятия,raw.r1c_struktura_predpriyatiya,67a736aa-ebe7-11ec-9c42-89a3dcc9992a,00-000397,"992, Картофель Мадейра Элита  2022 Овощеводство",,,,true
Структура предприятия,raw.r1c_struktura_predpriyatiya,efccc7d4-f156-11eb-9c3a-00505689ff45,000000267,"992, Картофель Северное Сияние Элита 2021 г. (не исп. с 01.10.2021)",,,,false
Структура предприятия,raw.r1c_struktura_predpriyatiya,8aadbc0a-4b66-11ec-9c40-00505689c8d9,000000523,"992, Пар (промежуточная культура) 2021 г. (не исп. с 31.12.2021)",,,,false
Структура предприятия,raw.r1c_struktura_predpriyatiya,24afe641-e144-11ee-9c4c-005056893620,00-000795,"992, Пар (промежуточная культура) 2024 г. (не исп. с 30.09.2024)",,,,false
Структура предприятия,raw.r1c_struktura_predpriyatiya,ca6cfbb6-f157-11eb-9c3a-00505689ff45,000000276,"992, Пар 2020 г. (не исп. с 01.09.2021)",,,,false
Структура предприятия,raw.r1c_struktura_predpriyatiya,142dc839-5904-11ec-9c40-00505689c8d9,000000527,"992, Пар 2020 г. (не исп. с 31.12.2022)",,,,false
Структура предприятия,raw.r1c_struktura_predpriyatiya,16ede2f9-4b67-11ec-9c40-00505689c8d9,000000526,"992, Пар 2021 г. (не исп. с 31.12.2021)",,,,false
Структура предприятия,raw.r1c_struktura_predpriyatiya,867a6ec9-24cc-11f0-b80e-005056bde474,00-000960,"992, Пар 2025 г. (не исп. с 31.05.2025)",,,,false
Структура предприятия,raw.r1c_struktura_predpriyatiya,f4caa356-558b-11f0-b811-005056bde474,00-001032,"992, Пар 2025 г. (не исп. с 31.07.2025)",,,,false
Структура предприятия,raw.r1c_struktura_predpriyatiya,5150edd1-8d5d-11f0-b818-005056bde474,00-001075,"992, Пар 2025 г. (не исп. с 31.08.2025)",,,,false
Структура предприятия,raw.r1c_struktura_predpriyatiya,c311f184-5902-11f1-b821-005056bde474,00-001208,"992, Пар 2026 г.",,,,false
Структура предприятия,raw.r1c_struktura_predpriyatiya,b4e38826-f38d-11f0-b81e-005056bde474,00-001105,"992, Пар 2026 г. (не исп. с 30.04.2026)",,,,false
Структура предприятия,raw.r1c_struktura_predpriyatiya,84b787cc-9137-11ef-9c5e-00505689ff45,00-000882,"992, Пар под картофель_2024 2024 г. (не исп. с 31.12.2024)",,,,false
Структура предприятия,raw.r1c_struktura_predpriyatiya,f6277145-4b66-11ec-9c40-00505689c8d9,000000525,"992, Сидераты 2021 г. (не исп. с 31.12.2021)",,,,false
Структура предприятия,raw.r1c_struktura_predpriyatiya,6a05b819-ebe9-11ec-9c42-89a3dcc9992a,00-000405,"992, Сидераты 2022 г. (не исп. с 31.12.2022)",,,,false
Структура предприятия,raw.r1c_struktura_predpriyatiya,357950f8-f4b2-11ed-9c4e-00505689ff45,00-000624,"992, Сидераты 2023 г. (не исп. с 31.12.2023)",,,,false
Структура предприятия,raw.r1c_struktura_predpriyatiya,3fa2019e-a8c5-11f0-b81e-005056bde474,00-001078,"992, Сидераты 2025 г. (не исп. с 31.12.2025)",,,,false
Структура предприятия,raw.r1c_struktura_predpriyatiya,5150ed8a-8d5d-11f0-b818-005056bde474,00-001074,"992, Сидераты 2025 г. (не исп. с 31.12.2025)",,,,false
Структура предприятия,raw.r1c_struktura_predpriyatiya,eecff20e-558b-11f0-b811-005056bde474,00-001031,"992, Сидераты 2025 г. (не исп. с 31.12.2025)",,,,false
Структура предприятия,raw.r1c_struktura_predpriyatiya,b4e38798-f38d-11f0-b81e-005056bde474,00-001103,"992, Сидераты 2026 г. (не исп. с 31.12.2025)",,,,false
Структура предприятия,raw.r1c_struktura_predpriyatiya,b4e387df-f38d-11f0-b81e-005056bde474,00-001104,"992, Сидераты 2026 г. (не исп. с 31.12.2025)",,,,false
Структура предприятия,raw.r1c_struktura_predpriyatiya,f20c89f6-f4b1-11ed-9c4e-00505689ff45,00-000623,"993, ВЗО 2023 г. (не исп. с 31.07.2024)",,,,false
Структура предприятия,raw.r1c_struktura_predpriyatiya,b790cd74-24cc-11f0-b80e-005056bde474,00-000962,"993, ВЗО 2025 г. (не исп. с 31.12.2025)",,,,false
Структура предприятия,raw.r1c_struktura_predpriyatiya,d8f27661-f2f2-11eb-9c3a-00505689ff45,000000335,"993, Залежь 2022 г. (не исп. с 31.12.2022)",,,,false
Структура предприятия,raw.r1c_struktura_predpriyatiya,8466289a-9138-11ef-9c5e-00505689ff45,00-000883,"993, Залежь 2023 г. (не исп. с 31.12.2024)",,,,false
Структура предприятия,raw.r1c_struktura_predpriyatiya,c34e711f-f395-11f0-b81e-005056bde474,00-001148,"993, Заросли 2026 г.",,,,false
Структура предприятия,raw.r1c_struktura_predpriyatiya,16bfe3b1-f2f2-11eb-9c3a-00505689ff45,000000331,"994, Залежь 2022 г. (не исп. с 31.12.2022)",,,,false
Структура предприятия,raw.r1c_struktura_predpriyatiya,cc58d151-f4b1-11ed-9c4e-00505689ff45,00-000622,"994, Залежь 2023 г. (не исп. с 31.12.2024)",,,,false
Структура предприятия,raw.r1c_struktura_predpriyatiya,d2504364-24cc-11f0-b80e-005056bde474,00-000963,"994, Заросли 2025 г. (не исп. с 31.12.2025)",,,,false
Структура предприятия,raw.r1c_struktura_predpriyatiya,58882de3-f395-11f0-b81e-005056bde474,00-001144,"994, Заросли 2026 г.",,,,false
Структура предприятия,raw.r1c_struktura_predpriyatiya,ad3200df-f4b1-11ed-9c4e-00505689ff45,00-000621,"995, ВЗО 2023 г. (не исп. с 31.07.2024)",,,,false
Структура предприятия,raw.r1c_struktura_predpriyatiya,0711e215-24cd-11f0-b80e-005056bde474,00-000964,"995, ВЗО 2025 г. (не исп. с 31.12.2025)",,,,false
Структура предприятия,raw.r1c_struktura_predpriyatiya,04de2d17-f2f3-11eb-9c3a-00505689ff45,000000336,"995, Залежь 2022 г. (не исп. с 31.12.2022)",,,,false
Структура предприятия,raw.r1c_struktura_predpriyatiya,bceee0b7-913a-11ef-9c5e-00505689ff45,00-000884,"995, Залежь 2023 г. (не исп. с 31.12.2024)",,,,false
Структура предприятия,raw.r1c_struktura_predpriyatiya,cf015d5c-f395-11f0-b81e-005056bde474,00-001149,"995, Заросли 2026 г.",,,,false
Структура предприятия,raw.r1c_struktura_predpriyatiya,6095b2f2-f4b1-11ed-9c4e-00505689ff45,00-000620,"996, ВЗО 2023 г. (не исп. с 31.07.2024)",,,,false
Структура предприятия,raw.r1c_struktura_predpriyatiya,61b2c842-24cd-11f0-b80e-005056bde474,00-000965,"996, ВЗО 2025 г. (не исп. с 31.12.2025)",,,,false
Структура предприятия,raw.r1c_struktura_predpriyatiya,bb64271b-f394-11f0-b81e-005056bde474,00-001137,"996, ВЗО 2026 г.",,,,false
Структура предприятия,raw.r1c_struktura_predpriyatiya,1a158600-f2f1-11eb-9c3a-00505689ff45,000000326,"996, Залежь 2020 г. (не исп. с 01.01.2022)",,,,false
Структура предприятия,raw.r1c_struktura_predpriyatiya,86999e91-0f26-11ed-9c43-cb6d75bb653b,00-000472,"996, Залежь 2022 г. (не исп. с 31.12.2022)",,,,false
Структура предприятия,raw.r1c_struktura_predpriyatiya,f471880a-913b-11ef-9c5e-00505689ff45,00-000885,"996, Залежь 2024 г. (не исп. с 31.12.2024)",,,,false
Структура предприятия,raw.r1c_struktura_predpriyatiya,7642063c-34b9-11f1-b81f-005056bde474,00-001199,"996, Заросли 2026 г.",,,,false
Структура предприятия,raw.r1c_struktura_predpriyatiya,68ccc862-e144-11ee-9c4c-005056893620,00-000796,"996, Пар (промежуточная культура) 2024 г. (не исп. с 31.07.2024)",,,,false
Структура предприятия,raw.r1c_struktura_predpriyatiya,f4731f1e-f2f0-11eb-9c3a-00505689ff45,000000325,"996, Пар 2020 г. (не исп. с 01.01.2022)",,,,false
Структура предприятия,raw.r1c_struktura_predpriyatiya,b14de604-0f26-11ed-9c43-cb6d75bb653b,00-000473,"996, Пар 2022 г. (не исп. с 31.12.2022)",,,,false
Структура предприятия,raw.r1c_struktura_predpriyatiya,f5b01bad-913b-11ef-9c5e-00505689ff45,00-000886,"996, Пар под картофель_2024 2024 г. (не исп. с 31.12.2024)",,,,false
Структура предприятия,raw.r1c_struktura_predpriyatiya,5f4fb0f0-f4b1-11ed-9c4e-00505689ff45,00-000619,"996, Сидераты 2023 г. (не исп. с 31.12.2023)",,,,false
Структура предприятия,raw.r1c_struktura_predpriyatiya,fc576576-3036-11f0-b80e-005056bde474,00-000997,997 поле_промежуточное,,,,true
Структура предприятия,raw.r1c_struktura_predpriyatiya,d95d80f5-ed64-11ec-9c42-89a3dcc9992a,00-000437,"997, Залежь 2022 г. (не исп. с 31.12.2022)",,,,false
Структура предприятия,raw.r1c_struktura_predpriyatiya,c9863250-f4b0-11ed-9c4e-00505689ff45,00-000618,"997, Залежь 2023 г. (не исп. с 31.12.2024)",,,,false
Структура предприятия,raw.r1c_struktura_predpriyatiya,f6bdaf18-24cd-11f0-b80e-005056bde474,00-000966,"997, Заросли 2025 г. (не исп. с 31.12.2025)",,,,false
Структура предприятия,raw.r1c_struktura_predpriyatiya,a2c03a05-f394-11f0-b81e-005056bde474,00-001135,"997, Заросли 2026 г.",,,,false
Структура предприятия,raw.r1c_struktura_predpriyatiya,b7b60126-2411-11ef-9c58-00505689ff45,00-000832,"997, КаВгРС1Уч.8 2024 г. (не исп. с 30.09.2024)",,,,false
Структура предприятия,raw.r1c_struktura_predpriyatiya,7e7a8fc0-1084-11ee-9c4e-00505689ff45,00-000700,"997, КаВгРС2уч.1опыт 2023 г. (не исп. с 31.12.2023)",,,,false
Структура предприятия,raw.r1c_struktura_predpriyatiya,7f6a7276-1084-11ee-9c4e-00505689ff45,00-000701,"997, КаВгРС2уч.2опыт 2023 г. (не исп. с 31.12.2023)",,,,false
Структура предприятия,raw.r1c_struktura_predpriyatiya,b08d25ec-2411-11ef-9c58-00505689ff45,00-000824,"997, КаГаРС1Уч.4 2024 г. (не исп. с 30.09.2024)",,,,false
Структура предприятия,raw.r1c_struktura_predpriyatiya,b1c001ce-2411-11ef-9c58-00505689ff45,00-000826,"997, КаГаРС1Уч.5 2024 г. (не исп. с 30.09.2024)",,,,false
Структура предприятия,raw.r1c_struktura_predpriyatiya,b3d336b3-2411-11ef-9c58-00505689ff45,00-000828,"997, КаГаРС1Уч.6 2024 г. (не исп. с 30.09.2024)",,,,false
Структура предприятия,raw.r1c_struktura_predpriyatiya,b5f3618b-2411-11ef-9c58-00505689ff45,00-000830,"997, КаГаРС1Уч.7 2024 г. (не исп. с 30.09.2024)",,,,false
Структура предприятия,raw.r1c_struktura_predpriyatiya,8275cb18-ed62-11ec-9c42-89a3dcc9992a,00-000434,"997, Картофель Гала РС1 7,5 га (уч17)  2022 г. (не исп. с 31.12.2022)",,,,false
Структура предприятия,raw.r1c_struktura_predpriyatiya,01c5ae5b-ed62-11ec-9c42-89a3dcc9992a,00-000430,"997, Картофель Гала РС1 8 га (уч14)  2022 г. (не исп. с 31.12.2022)",,,,false
Структура предприятия,raw.r1c_struktura_predpriyatiya,4e91084a-ed64-11ec-9c42-89a3dcc9992a,00-000436,"997, Картофель Гала РС1 8,5 га (уч15) 2022 г. (не исп. с 31.12.2022)",,,,false
Структура предприятия,raw.r1c_struktura_predpriyatiya,cb11fbff-ed61-11ec-9c42-89a3dcc9992a,00-000428,"997, Картофель Мадейра 8 га РС1 (уч16)  2022 г. (не исп. с 31.12.2022)",,,,false
Структура предприятия,raw.r1c_struktura_predpriyatiya,5bd3b43f-ed61-11ec-9c42-89a3dcc9992a,00-000426,"997, Картофель Мадейра РС1 14га (уч13)  2022 г. (не исп. с 31.12.2022)",,,,false
Структура предприятия,raw.r1c_struktura_predpriyatiya,b8f6d0d3-ed60-11ec-9c42-89a3dcc9992a,00-000422,"997, Картофель Ред Соня 19 га РС1 (уч11)  2022 г. (не исп. с 31.12.2022)",,,,false
Структура предприятия,raw.r1c_struktura_predpriyatiya,f3d38471-ed60-11ec-9c42-89a3dcc9992a,00-000424,"997, Картофель Рэд Соня РС1 20 га (уч12)  2022 г. (не исп. с 31.12.2022)",,,,false
Структура предприятия,raw.r1c_struktura_predpriyatiya,4c4e1eb5-7378-11ec-9c40-00505689c8d9,АК-000340,"997, Пар (промежуточная культура) 2021 г. (не исп. с 31.12.2021)",,,,false
Структура предприятия,raw.r1c_struktura_predpriyatiya,c102f097-e144-11ee-9c4c-005056893620,00-000797,"997, Пар (промежуточная культура) 2024 г. (не исп. с 30.04.2024)",,,,false
Структура предприятия,raw.r1c_struktura_predpriyatiya,114814c5-27c5-11ef-9c59-00505689ff45,00-000833,"997, Пар (промежуточная культура) 2024 г. (не исп. с 31.05.2025)",,,,false
Структура предприятия,raw.r1c_struktura_predpriyatiya,ad19ba0e-2411-11ef-9c58-00505689ff45,00-000822,"997, Пар 2024 г.",,,,true
Структура предприятия,raw.r1c_struktura_predpriyatiya,7a9b0d59-8a62-11ef-9c5d-00505689ff45,00-000863,"997, Пар под картофель_2024 2024 г. (не исп. с 31.05.2025)",,,,false
Структура предприятия,raw.r1c_struktura_predpriyatiya,bbfe5361-f2f0-11eb-9c3a-00505689ff45,000000324,"997, Сидераты 2020 г. (не исп. с 31.12.2020)",,,,false
Структура предприятия,raw.r1c_struktura_predpriyatiya,b511ea7f-7378-11ec-9c40-00505689c8d9,АК-000341,"997, Сидераты 2021 г. (не исп. с 31.12.2021)",,,,false
Структура предприятия,raw.r1c_struktura_predpriyatiya,74c98b18-ed65-11ec-9c42-89a3dcc9992a,00-000438,"997, Сидераты 2022 г. (не исп. с 31.12.2022)",,,,false
Структура предприятия,raw.r1c_struktura_predpriyatiya,c7e35436-f4b0-11ed-9c4e-00505689ff45,00-000617,"997, Сидераты 2023 г. (не исп. с 31.12.2023)",,,,false
Структура предприятия,raw.r1c_struktura_predpriyatiya,c4c136bf-e144-11ee-9c4c-005056893620,00-000798,"997, Сидераты 2024 г. (не исп. с 30.09.2024)",,,,false
Структура предприятия,raw.r1c_struktura_predpriyatiya,8463d2a8-558c-11f0-b811-005056bde474,00-001033,"997, Сидераты 2025 г. (не исп. с 31.12.2025)",,,,false
Структура предприятия,raw.r1c_struktura_predpriyatiya,a2c03a4c-f394-11f0-b81e-005056bde474,00-001136,"997, Сидераты 2026 г.",,,,false
Структура предприятия,raw.r1c_struktura_predpriyatiya,367fef0c-303b-11f0-b80e-005056bde474,00-000998,998 поле_промежуточное,,,,true
Структура предприятия,raw.r1c_struktura_predpriyatiya,6bedf27f-f2ee-11eb-9c3a-00505689ff45,000000319,"998, Залежь 2020 г. (не исп. с 31.12.2020)",,,,false
Структура предприятия,raw.r1c_struktura_predpriyatiya,4339a841-737e-11ec-9c40-00505689c8d9,АК-000355,"998, Залежь 2021 г. (не исп. с 01.07.2022)",,,,false
Структура предприятия,raw.r1c_struktura_predpriyatiya,d3902060-3b37-11ed-9c43-cb6d75bb653b,00-000476,"998, Залежь 2022 г. (не исп. с 31.12.2022)",,,,false
Структура предприятия,raw.r1c_struktura_predpriyatiya,696f998d-9141-11ef-9c5e-00505689ff45,00-000887,"998, Залежь 2024 г. (не исп. с 31.12.2024)",,,,false
Структура предприятия,raw.r1c_struktura_predpriyatiya,3da526a4-24ce-11f0-b80e-005056bde474,00-000968,"998, Заросли 2025 г. (не исп. с 31.12.2025)",,,,false
Структура предприятия,raw.r1c_struktura_predpriyatiya,4b98e470-f393-11f0-b81e-005056bde474,00-001125,"998, Заросли 2026 г.",,,,false
Структура предприятия,raw.r1c_struktura_predpriyatiya,e553a94a-e144-11ee-9c4c-005056893620,00-000799,"998, Пар (промежуточная культура) 2024 г. (не исп. с 31.07.2024)",,,,false
Структура предприятия,raw.r1c_struktura_predpriyatiya,540a91b1-f2ee-11eb-9c3a-00505689ff45,000000318,"998, Пар 2020 г. (не исп. с 31.12.2020)",,,,false
Структура предприятия,raw.r1c_struktura_predpriyatiya,3da5265d-24ce-11f0-b80e-005056bde474,00-000967,"998, Пар 2025 г. (не исп. с 30.06.2025)",,,,false
Структура предприятия,raw.r1c_struktura_predpriyatiya,5eb90261-71ea-11f0-b814-005056bde474,00-001065,"998, Пар 2025 г. (не исп. с 31.08.2025)",,,,false
Структура предприятия,raw.r1c_struktura_predpriyatiya,6c6b1dc4-9141-11ef-9c5e-00505689ff45,00-000888,"998, Пар под картофель_2024 2024 г. (не исп. с 31.12.2024)",,,,false
Структура предприятия,raw.r1c_struktura_predpriyatiya,667e72a9-737e-11ec-9c40-00505689c8d9,АК-000356,"998, Сидераты 2021 г. (не исп. с 01.07.2022)",,,,false
Структура предприятия,raw.r1c_struktura_predpriyatiya,3ac04ea8-3b38-11ed-9c43-cb6d75bb653b,00-000477,"998, Сидераты 2022 г. (не исп. с 31.12.2022)",,,,false
Структура предприятия,raw.r1c_struktura_predpriyatiya,9dee25c7-f4ab-11ed-9c4e-00505689ff45,00-000616,"998, Сидераты 2023 г. (не исп. с 31.12.2023)",,,,false
Структура предприятия,raw.r1c_struktura_predpriyatiya,27c21e37-a8c6-11f0-b81e-005056bde474,00-001079,"998, Сидераты 2025 г. (не исп. с 31.12.2025)",,,,false
Структура предприятия,raw.r1c_struktura_predpriyatiya,5eb9021a-71ea-11f0-b814-005056bde474,00-001064,"998, Сидераты 2025 г. (не исп. с 31.12.2025)",,,,false
Структура предприятия,raw.r1c_struktura_predpriyatiya,4b98e4b7-f393-11f0-b81e-005056bde474,00-001126,"998, Сидераты 2026 г.",,,,false
Структура предприятия,raw.r1c_struktura_predpriyatiya,51c2e250-f393-11f0-b81e-005056bde474,00-001127,"998, Сидераты 2026 г. (не исп. с 31.12.2025)",,,,false
Структура предприятия,raw.r1c_struktura_predpriyatiya,b8eecc6b-303b-11f0-b80e-005056bde474,00-000999,999 поле_промежуточное,,,,true
Структура предприятия,raw.r1c_struktura_predpriyatiya,f80bdb8e-f15f-11eb-9c3a-00505689ff45,000000285,"999, Залежь 2022 г. (не исп. с 31.12.2022)",,,,false
Структура предприятия,raw.r1c_struktura_predpriyatiya,0f3dae26-9148-11ef-9c5e-00505689ff45,00-000889,"999, Залежь 2024 г. (не исп. с 31.12.2024)",,,,false
Структура предприятия,raw.r1c_struktura_predpriyatiya,c80b442d-24ce-11f0-b80e-005056bde474,00-000969,"999, Заросли 2025 г. (не исп. с 31.12.2025)",,,,false
Структура предприятия,raw.r1c_struktura_predpriyatiya,0ae2ca57-f390-11f0-b81e-005056bde474,00-001111,"999, Заросли 2026 г.",,,,false
Структура предприятия,raw.r1c_struktura_predpriyatiya,fac4ec6d-e144-11ee-9c4c-005056893620,00-000800,"999, Пар (промежуточная культура) 2024 г. (не исп. с 31.07.2024)",,,,false
Структура предприятия,raw.r1c_struktura_predpriyatiya,34594f76-f160-11eb-9c3a-00505689ff45,000000286,"999, Пар 2022 г. (не исп. с 31.12.2022)",,,,false
Структура предприятия,raw.r1c_struktura_predpriyatiya,c80b4474-24ce-11f0-b80e-005056bde474,00-000970,"999, Пар 2025 г. (не исп. с 30.06.2025)",,,,false
Структура предприятия,raw.r1c_struktura_predpriyatiya,54fb45c7-71ec-11f0-b814-005056bde474,00-001067,"999, Пар 2025 г. (не исп. с 31.08.2025)",,,,false
Структура предприятия,raw.r1c_struktura_predpriyatiya,107cccee-9148-11ef-9c5e-00505689ff45,00-000890,"999, Пар под картофель_2024 2024 г. (не исп. с 31.12.2024)",,,,false
Структура предприятия,raw.r1c_struktura_predpriyatiya,8fd9cd0f-5904-11ec-9c40-00505689c8d9,000000528,"999, Сидераты 2022 г. (не исп. с 31.12.2022)",,,,false
Структура предприятия,raw.r1c_struktura_predpriyatiya,c4926652-f49a-11ed-9c4e-00505689ff45,00-000611,"999, Сидераты 2023 г. (не исп. с 31.12.2023)",,,,false
Структура предприятия,raw.r1c_struktura_predpriyatiya,54fb4580-71ec-11f0-b814-005056bde474,00-001066,"999, Сидераты 2025 г. (не исп. с 31.12.2025)",,,,false
Структура предприятия,raw.r1c_struktura_predpriyatiya,657dc3f6-a8c6-11f0-b81e-005056bde474,00-001080,"999, Сидераты 2025 г. (не исп. с 31.12.2025)",,,,false
Структура предприятия,raw.r1c_struktura_predpriyatiya,0ae2ca9e-f390-11f0-b81e-005056bde474,00-001112,"999, Сидераты 2026 г.",,,,false
Структура предприятия,raw.r1c_struktura_predpriyatiya,0ae2cae5-f390-11f0-b81e-005056bde474,00-001113,"999, Сидераты 2026 г. (не исп. с 31.12.2025)",,,,false
Структура предприятия,raw.r1c_struktura_predpriyatiya,393b7e3a-72d5-11ec-9c40-00505689c8d9,АК-000334,"AF-3720AA (Ford Transit), Гос.№В196ВУ790",,,,false
Структура предприятия,raw.r1c_struktura_predpriyatiya,ec3da678-72d7-11ec-9c40-00505689c8d9,АК-000338,"Audi A4, Гос.№Р324ВР777",,,,false
Структура предприятия,raw.r1c_struktura_predpriyatiya,6bd634b9-aabd-11f1-b824-005056bde474,00-001230,"BMW, Гос.№Р081УУ69",,,,false
Структура предприятия,raw.r1c_struktura_predpriyatiya,873467f7-7748-11ef-9c5d-00505689ff45,00-000838,"CHERY TIGGO4 Р329УО790, Гос.№Р329УО790",,,,false
Структура предприятия,raw.r1c_struktura_predpriyatiya,c46f62e6-7747-11ef-9c5d-00505689ff45,00-000837,"CHERY TIGGO4 Р357УО790, Гос.№Р357УО790",,,,false
Структура предприятия,raw.r1c_struktura_predpriyatiya,9cd3f345-751d-11ec-9c40-00505689c8d9,АК-000359,"Chevrolet Cruze, Гос.№Р690КЕ123",,,,true
Структура предприятия,raw.r1c_struktura_predpriyatiya,785201e0-72d7-11ec-9c40-00505689c8d9,АК-000337,"Ford Focus, Гос.№О122СУ69",,,,true
Структура предприятия,raw.r1c_struktura_predpriyatiya,2d232d11-8b38-11ec-9c42-00505689c8d9,00-000364,"John Deere, Гос.№6494ХХ50",,,,false
Структура предприятия,raw.r1c_struktura_predpriyatiya,95f0890c-9acf-11ec-9c42-00505689c8d9,00-000365,"KIA SPORTAGE, Гос.№У824ТК62",,,,true
Структура предприятия,raw.r1c_struktura_predpriyatiya,ca7970d5-7521-11ec-9c40-00505689c8d9,00-000362,"Lada Vesta, Гос.№Е194ХР750",,,,true
Структура предприятия,raw.r1c_struktura_predpriyatiya,bee10428-4b0d-11ee-9c4e-00505689ff45,00-000750,"Lovol 2604, Гос.№6492ХХ50",,,,false
Структура предприятия,raw.r1c_struktura_predpriyatiya,f4aff194-4b7f-11f0-b810-005056bde474,00-001022,"Lovol 2604, Гос.№9130ХХ",,,,false
Структура предприятия,raw.r1c_struktura_predpriyatiya,41f8b1ce-4b81-11f0-b810-005056bde474,00-001023,"Lovol 2604, Гос.№9131ХХ",,,,false
Структура предприятия,raw.r1c_struktura_predpriyatiya,5b2937ae-72d8-11ec-9c40-00505689c8d9,АК-000339,"Mercedes GL, Гос.№О109ОО97",,,,true
Структура предприятия,raw.r1c_struktura_predpriyatiya,ad85ec8a-751f-11ec-9c40-00505689c8d9,АК-000361,"Nissan Note, Гос.№Н533АМ50",,,,true
Структура предприятия,raw.r1c_struktura_predpriyatiya,0af311a8-4de7-11ed-9c43-cb6d75bb653b,00-000483,"Opel Astra, Гос.№Т064КХ69",,,,true
Структура предприятия,raw.r1c_struktura_predpriyatiya,e4bb8eec-79aa-11ef-9c5d-00505689ff45,00-000842,"RENAULT DUSTER, Гос.№У608МЕ790",,,,false
Структура предприятия,raw.r1c_struktura_predpriyatiya,e56e9736-79ac-11ef-9c5d-00505689ff45,00-000843,"RENAULT LOGAN STEPWAY, Гос.№У616МЕ790",,,,false
Структура предприятия,raw.r1c_struktura_predpriyatiya,1b7b64fd-9e44-11ee-9c4b-005056893620,00-000764,"SKODA FABIA, Гос.№B427TУ177",,,,true
Структура предприятия,raw.r1c_struktura_predpriyatiya,2edf1ae2-f297-11eb-9c3a-00505689ff45,000000301,"SY пикап, Гос.№У517КУ190",,,,false
Структура предприятия,raw.r1c_struktura_predpriyatiya,80c619dd-72d6-11ec-9c40-00505689c8d9,АК-000336,"VW Jetta, Гос.№Т990СЕ197",,,,true
Структура предприятия,raw.r1c_struktura_predpriyatiya,d2042ab2-72d5-11ec-9c40-00505689c8d9,АК-000335,"VW Touareg, Гос.№Т003КМ199",,,,true
Структура предприятия,raw.r1c_struktura_predpriyatiya,5138630a-0cab-11ec-9c3a-00505689ff45,000000441,_Архив,,,,false
Структура предприятия,raw.r1c_struktura_predpriyatiya,6cfb2e82-58a6-11f0-b811-005056bde474,00-001053,_ИНВЕСТИЦИОННЫЕ ПОДРАЗДЕЛЕНИЯ,,,,false
Структура предприятия,raw.r1c_struktura_predpriyatiya,5a3e2da2-04e0-11ec-9c3a-00505689ff45,АК-000222,_Экспериментальное производство_поля,,,,false
Структура предприятия,raw.r1c_struktura_predpriyatiya,f40aaf4f-e899-11ec-9c42-00505689c8d9,00-000371,_поля(не использовать),,,,false
Структура предприятия,raw.r1c_struktura_predpriyatiya,ac431df3-0c0c-11ec-9c3a-00505689ff45,000000465,АГРО-ТЕХНИЧЕСКАЯ СЛУЖБА,,,,false
Структура предприятия,raw.r1c_struktura_predpriyatiya,9bc17760-571e-11f0-b811-005056bde474,00-001046,АДМИНИСТРАЦИЯ,,,,false
Структура предприятия,raw.r1c_struktura_predpriyatiya,71dee032-de17-11e9-80e9-d43d7ec071d4,000000223,АХО,,,,true
Структура предприятия,raw.r1c_struktura_predpriyatiya,3849aaa5-4923-11f1-b821-005056bde474,00-001200,"Автобус ПАЗ 32053, Гос.№М706ВХ250",,,,false
Структура предприятия,raw.r1c_struktura_predpriyatiya,ab3a7d51-751e-11ec-9c40-00505689c8d9,АК-000360,"Автобус ПАЗ 32053, Гос.№С211КЕ790",,,,false
Структура предприятия,raw.r1c_struktura_predpriyatiya,ad6cc4de-dfd2-11ee-9c4c-005056893620,00-000767,"Автобус ПАЗ 32054-07, Гос.№Х972ОА790",,,,false
Структура предприятия,raw.r1c_struktura_predpriyatiya,f41ad6d2-16e6-11ec-9c3a-00505689ff45,000000475,"Автомобиль Пежо Боксер, Гос.№НЕТ35",,,,false
Структура предприятия,raw.r1c_struktura_predpriyatiya,8ea01c19-2210-11ee-9c4e-00505689ff45,00-000745,"Агрегат дисковый навесной UNIA. ARES L4.100011P3000148, №148",,,,false
Структура предприятия,raw.r1c_struktura_predpriyatiya,7888d22b-2210-11ee-9c4e-00505689ff45,00-000744,"Агрегат дисковый навесной UNIA. ARES L4.100011P3000187, №187",,,,false
Структура предприятия,raw.r1c_struktura_predpriyatiya,4c9112fc-20ca-11ee-9c4e-00505689ff45,00-000741,"Агрегат дисковый навесной UNIA. ARES L4.100011P3000189, №189",,,,false
Структура предприятия,raw.r1c_struktura_predpriyatiya,a388c8db-97d1-11ed-9c4c-00505689ff45,00-000589,Агрономическая служба,,,,false
Структура предприятия,raw.r1c_struktura_predpriyatiya,b9e46f08-97d1-11ed-9c4c-00505689ff45,00-000590,Административно-хозяйственный отдел,,,,false
Структура предприятия,raw.r1c_struktura_predpriyatiya,9b060e60-71d9-11e7-85a2-d43d7eec442d,000000221,Администрация (н),,,,true
Структура предприятия,raw.r1c_struktura_predpriyatiya,fda916ba-97d0-11ed-9c4c-00505689ff45,00-000584,Администрация ЛД,,,,false
Структура предприятия,raw.r1c_struktura_predpriyatiya,c99a593a-571e-11f0-b811-005056bde474,00-001047,Администрация производства,,,,false
Структура предприятия,raw.r1c_struktura_predpriyatiya,93a1e22f-f677-11eb-9c3a-00505689ff45,000000418,"Борона ZIRKON 7/300, №320705",,,,false
Структура предприятия,raw.r1c_struktura_predpriyatiya,444e8728-e978-11ec-9c42-00505689c8d9,00-000372,"Борона БДН-3, №БН36",,,,false
Структура предприятия,raw.r1c_struktura_predpriyatiya,415937ef-f57e-11ec-9c42-89a3dcc9992a,00-000454,"Борона БДН-3,0М, №БН24",,,,false
Структура предприятия,raw.r1c_struktura_predpriyatiya,6055856c-0bbd-11ec-9c3a-00505689ff45,000000447,"Борона БДН-3,0М, №НЕТ23",,,,false
Структура предприятия,raw.r1c_struktura_predpriyatiya,97d9e068-0bbd-11ec-9c3a-00505689ff45,000000448,"Борона БДН-3,0М1, №НЕТ25",,,,false
Структура предприятия,raw.r1c_struktura_predpriyatiya,05cead58-e899-11ec-9c42-00505689c8d9,00-000369,"Борона БДП-6, №БН31",,,,false
Структура предприятия,raw.r1c_struktura_predpriyatiya,3b047281-f678-11eb-9c3a-00505689ff45,000000419,"Борона БДТ-2,5, №НЕТ18",,,,false
Структура предприятия,raw.r1c_struktura_predpriyatiya,b4f1e957-f678-11eb-9c3a-00505689ff45,000000420,"Борона БДТ-7 (Л-114А-02), №2229",,,,false
Структура предприятия,raw.r1c_struktura_predpriyatiya,cfaa1337-f678-11eb-9c3a-00505689ff45,000000421,"Борона БПМ-5 ""ЗУБР"", №50",,,,false
Структура предприятия,raw.r1c_struktura_predpriyatiya,9f5056ac-4dae-11f0-b810-005056bde474,00-001025,"Борона СШГ-19-02, №000301",,,,false
Структура предприятия,raw.r1c_struktura_predpriyatiya,30643e60-f677-11eb-9c3a-00505689ff45,000000417,"Борона-полольник (Expom 12 Shtrigel), №3442",,,,false
Структура предприятия,raw.r1c_struktura_predpriyatiya,8ddf2435-f614-11eb-9c3a-00505689ff45,000000391,"Ботвоудалитель KP 1700, №82100135",,,,false
Структура предприятия,raw.r1c_struktura_predpriyatiya,d4b7785c-f614-11eb-9c3a-00505689ff45,000000392,"Ботвоудалитель RAFALE 4x90, №1004147",,,,false
Структура предприятия,raw.r1c_struktura_predpriyatiya,f1ee9773-f614-11eb-9c3a-00505689ff45,000000393,"Ботвоудалитель БТУ-1,4, №8",,,,false
Структура предприятия,raw.r1c_struktura_predpriyatiya,4693b26a-97d1-11ed-9c4c-00505689ff45,00-000585,Бухгалтерия,,,,true
Структура предприятия,raw.r1c_struktura_predpriyatiya,6029ed45-97d1-11ed-9c4c-00505689ff45,00-000586,Бухгалтерия,,,,false
Структура предприятия,raw.r1c_struktura_predpriyatiya,0e6e2b31-f00b-11ed-9c4e-00505689ff45,00-000597,ВЗО 2023 г.,,,,false
Структура предприятия,raw.r1c_struktura_predpriyatiya,ba7b9e53-f398-11f0-b81e-005056bde474,00-001182,ВЗО 2024 г.,,,,false
Структура предприятия,raw.r1c_struktura_predpriyatiya,d3e88619-2435-11f0-b80e-005056bde474,00-000912,ВЗО 2025 г.,,,,false
Структура предприятия,raw.r1c_struktura_predpriyatiya,bae3916d-f38d-11f0-b81e-005056bde474,00-001106,ВЗО 2026 г.,,,,false
Структура предприятия,raw.r1c_struktura_predpriyatiya,86ed82eb-58a6-11f0-b811-005056bde474,00-001057,Ввод земель в оборот (ВЗО),,,,false
Структура предприятия,raw.r1c_struktura_predpriyatiya,a36f1a1a-171a-11ec-9c3a-00505689ff45,АК-000265,Выращивание,,,,false
Структура предприятия,raw.r1c_struktura_predpriyatiya,0e3144f6-cbbd-11ec-9c42-00505689c8d9,00-000367,"ГАЗ Соболь, Гос.№Х788МН790",,,,false
Структура предприятия,raw.r1c_struktura_predpriyatiya,5abee485-f297-11eb-9c3a-00505689ff45,000000302,"Газель, Гос.№М665АК790",,,,false
Структура предприятия,raw.r1c_struktura_predpriyatiya,d6d8853c-f676-11eb-9c3a-00505689ff45,000000416,"Глубокорыхлитель Kret 7B, №НЕТ16",,,,false
Структура предприятия,raw.r1c_struktura_predpriyatiya,368276d9-6878-11ec-9c40-00505689c8d9,000000534,"Глубокорыхлитель fl-350 Kvemeland, №НЕТ55",,,,false
Структура предприятия,raw.r1c_struktura_predpriyatiya,98abdafe-f676-11eb-9c3a-00505689ff45,000000415,"Грабли-ворошилки ГВР-6, №_21",,,,false
Структура предприятия,raw.r1c_struktura_predpriyatiya,19c07aa5-f676-11eb-9c3a-00505689ff45,000000413,"Грабли-ворошилки ГВР-630, №891",,,,false
Структура предприятия,raw.r1c_struktura_predpriyatiya,5843c897-f615-11eb-9c3a-00505689ff45,000000394,"Гребнеобразователь GF 75-4, №95000607",,,,false
Структура предприятия,raw.r1c_struktura_predpriyatiya,a7946755-2028-11ee-9c4e-00505689ff45,00-000740,"Гребнеобразующая фреза Grimme GF400, №НЕТ17",,,,false
Структура предприятия,raw.r1c_struktura_predpriyatiya,5b91c69e-571e-11f0-b811-005056bde474,00-001043,Департамент экономики,,,,false
Структура предприятия,raw.r1c_struktura_predpriyatiya,469e54eb-252a-11ec-a9db-00505689f463,000000477,"Диски АДУ-6А, №НЕТ31",,,,false
Структура предприятия,raw.r1c_struktura_predpriyatiya,773f3663-f675-11eb-9c3a-00505689ff45,000000409,"Дождевальная машина 75/320 CICLO CYCRO, №590000233_1",,,,false
Структура предприятия,raw.r1c_struktura_predpriyatiya,7eb66fc7-16e6-11ec-9c3a-00505689ff45,000000474,"ЗИЛ, Гос.№ММ3554",,,,false
Структура предприятия,raw.r1c_struktura_predpriyatiya,5e0e204b-4fdd-11ed-9c43-cb6d75bb653b,00-000517,Залежь 2020 г.,,,,false
Структура предприятия,raw.r1c_struktura_predpriyatiya,e47f42ab-5db2-11ec-9c40-00505689c8d9,000000500,Залежь 2020 г.,,,,true
Структура предприятия,raw.r1c_struktura_predpriyatiya,37169431-4fdd-11ed-9c43-cb6d75bb653b,00-000504,Залежь 2021 г.,,,,false
Структура предприятия,raw.r1c_struktura_predpriyatiya,7166738e-5db5-11ec-9c40-00505689c8d9,000000520,Залежь 2021 г.,,,,false
Структура предприятия,raw.r1c_struktura_predpriyatiya,f4fd29c1-5485-11ed-9c43-cb6d75bb653b,00-000556,Залежь 2021 г.,,,,true
Структура предприятия,raw.r1c_struktura_predpriyatiya,49dbe1e4-ebdf-11ec-9c42-89a3dcc9992a,00-000386,Залежь 2022 г.,,,,false
Структура предприятия,raw.r1c_struktura_predpriyatiya,57680869-4fdd-11ed-9c43-cb6d75bb653b,00-000515,Залежь 2022 г.,,,,false
Структура предприятия,raw.r1c_struktura_predpriyatiya,b59ba929-0666-11ed-9c42-89a3dcc9992a,00-000457,Залежь 2022 г.,,,,false
Структура предприятия,raw.r1c_struktura_predpriyatiya,2fd01a5b-f00e-11ed-9c4e-00505689ff45,00-000603,Залежь 2023 г.,,,,false
Структура предприятия,raw.r1c_struktura_predpriyatiya,5f4c574b-7b45-11ef-9c5d-00505689ff45,00-000845,Залежь 2024 г.,,,,false
Структура предприятия,raw.r1c_struktura_predpriyatiya,f0cdb906-21ed-11f0-b80e-005056bde474,00-000903,Заросли 2025 г.,,,,false
Структура предприятия,raw.r1c_struktura_predpriyatiya,39fe4e5f-f38d-11f0-b81e-005056bde474,00-001101,Заросли 2026 г.,,,,false
Структура предприятия,raw.r1c_struktura_predpriyatiya,f3187f2f-0680-11ec-9c3a-00505689ff45,000000437,ИТР производство,,,,false
Структура предприятия,raw.r1c_struktura_predpriyatiya,b434d127-0c0c-11ec-9c3a-00505689ff45,000000466,ИТР эксплуатации сельхозтехники,,,,false
Структура предприятия,raw.r1c_struktura_predpriyatiya,11b4b69c-0bbe-11ec-9c3a-00505689ff45,000000449,"Измельчитель FM-600, №НЕТ26",,,,false
Структура предприятия,raw.r1c_struktura_predpriyatiya,8d0b2fda-39f2-11f0-b80e-005056bde474,00-001008,Инженерно-технический отдел,,,,false
Структура предприятия,raw.r1c_struktura_predpriyatiya,7360315f-97d1-11ed-9c4c-00505689ff45,00-000587,КОММЕРЧЕСКАЯ СЛУЖБА,,,,false
Структура предприятия,raw.r1c_struktura_predpriyatiya,f7d12693-6317-11f1-b821-005056bde474,00-001223,КаАлуэтРС1ПУч.8_318 2026 г.,,,,false
Структура предприятия,raw.r1c_struktura_predpriyatiya,df6fa686-171e-11ee-9c4e-00505689ff45,00-000739,КаБрРС1уч.8 прод 2023 г.,,,,false
Структура предприятия,raw.r1c_struktura_predpriyatiya,934d5f01-2408-11ef-9c58-00505689ff45,00-000815,КаБрРС2Уч.1 2024 г.,,,,false
Структура предприятия,raw.r1c_struktura_predpriyatiya,665d10d5-23f5-11ef-9c58-00505689ff45,00-000803,КаВгРС1Уч.10 2024 г.,,,,false
Структура предприятия,raw.r1c_struktura_predpriyatiya,d9880e7c-23fd-11ef-9c58-00505689ff45,00-000813,КаВгРС1Уч.14 2024 г.,,,,false
Структура предприятия,raw.r1c_struktura_predpriyatiya,6c555d68-23f5-11ef-9c58-00505689ff45,00-000805,КаВгРС1Уч.15 2024 г.,,,,false
Структура предприятия,raw.r1c_struktura_predpriyatiya,b6c250c5-2411-11ef-9c58-00505689ff45,00-000831,КаВгРС1Уч.8 2024 г.,,,,false
Структура предприятия,raw.r1c_struktura_predpriyatiya,665cfcab-23f5-11ef-9c58-00505689ff45,00-000801,КаВгРС1Уч.9 2024 г.,,,,false
Структура предприятия,raw.r1c_struktura_predpriyatiya,dbfc317b-16cd-11ee-9c4e-00505689ff45,00-000735,КаВгРС2уч.17 прод 2023 г.,,,,false
Структура предприятия,raw.r1c_struktura_predpriyatiya,dbfc31aa-16cd-11ee-9c4e-00505689ff45,00-000736,КаВгРС2уч.18 прод 2023 г.,,,,false
Структура предприятия,raw.r1c_struktura_predpriyatiya,12f9c7d1-16c5-11ee-9c4e-00505689ff45,00-000729,КаВгРС2уч.1опыт 2023 г.,,,,false
Структура предприятия,raw.r1c_struktura_predpriyatiya,b125cd52-16c0-11ee-9c4e-00505689ff45,00-000727,КаВгРС2уч.2 опыт 2023 г.,,,,false
Структура предприятия,raw.r1c_struktura_predpriyatiya,1b701e4f-16c9-11ee-9c4e-00505689ff45,00-000731,КаВгРС2уч.20 прод 2023 г.,,,,false
Структура предприятия,raw.r1c_struktura_predpriyatiya,1cf03253-16c9-11ee-9c4e-00505689ff45,00-000732,КаВгРС2уч.21 прод 2023 г.,,,,false
Структура предприятия,raw.r1c_struktura_predpriyatiya,1e399c79-16c9-11ee-9c4e-00505689ff45,00-000733,КаВгРС2уч.22 прод 2023 г.,,,,false
Структура предприятия,raw.r1c_struktura_predpriyatiya,14d8ebd8-16c5-11ee-9c4e-00505689ff45,00-000730,КаВгРС2уч.2опыт 2023 г.,,,,false
Структура предприятия,raw.r1c_struktura_predpriyatiya,b28780cf-16c0-11ee-9c4e-00505689ff45,00-000728,КаВгРС2уч.3 опыт 2023 г.,,,,false
Структура предприятия,raw.r1c_struktura_predpriyatiya,d2bb84b2-23fd-11ef-9c58-00505689ff45,00-000807,КаВнРС1Уч.11 2024 г.,,,,false
Структура предприятия,raw.r1c_struktura_predpriyatiya,d5aea3fe-23fd-11ef-9c58-00505689ff45,00-000809,КаВнРС1Уч.12 2024 г.,,,,false
Структура предприятия,raw.r1c_struktura_predpriyatiya,dbfc314c-16cd-11ee-9c4e-00505689ff45,00-000734,КаВнРС3уч.16 прод 2023 г.,,,,false
Структура предприятия,raw.r1c_struktura_predpriyatiya,97ca2995-2408-11ef-9c58-00505689ff45,00-000819,КаГаРС1Уч.3 2024 г.,,,,false
Структура предприятия,raw.r1c_struktura_predpriyatiya,b08d195f-2411-11ef-9c58-00505689ff45,00-000823,КаГаРС1Уч.4 2024 г.,,,,false
Структура предприятия,raw.r1c_struktura_predpriyatiya,b1bff49c-2411-11ef-9c58-00505689ff45,00-000825,КаГаРС1Уч.5 2024 г.,,,,false
Структура предприятия,raw.r1c_struktura_predpriyatiya,b3d325c4-2411-11ef-9c58-00505689ff45,00-000827,КаГаРС1Уч.6 2024 г.,,,,false
Структура предприятия,raw.r1c_struktura_predpriyatiya,b51aacf1-2411-11ef-9c58-00505689ff45,00-000829,КаГаРС1Уч.7 2024 г.,,,,false
Структура предприятия,raw.r1c_struktura_predpriyatiya,eaa673f2-16b1-11ee-9c4e-00505689ff45,00-000724,КаГаРС1уч.26 прод 2023 г.,,,,false
Структура предприятия,raw.r1c_struktura_predpriyatiya,eaa6743f-16b1-11ee-9c4e-00505689ff45,00-000725,КаГаРС1уч.29 прод 2023 г.,,,,false
Структура предприятия,raw.r1c_struktura_predpriyatiya,d7e871fb-23fd-11ef-9c58-00505689ff45,00-000811,КаГаРС2Уч.13 2024 г.,,,,false
Структура предприятия,raw.r1c_struktura_predpriyatiya,eaa6746e-16b1-11ee-9c4e-00505689ff45,00-000726,КаГаРС2уч.30 прод 2023 г.,,,,false
Структура предприятия,raw.r1c_struktura_predpriyatiya,0af554d5-1696-11ee-9c4e-00505689ff45,00-000723,КаГаРс2уч.2 опыт 2023 г.,,,,false
Структура предприятия,raw.r1c_struktura_predpriyatiya,dc26d3e9-60e1-11f1-b821-005056bde474,00-001210,КаГалаРС1ПУч.10 2026 г.,,,,false
Структура предприятия,raw.r1c_struktura_predpriyatiya,33d2f5fa-6309-11f1-b821-005056bde474,00-001213,КаГалаРС1ПУч.11_751 2026 г.,,,,false
Структура предприятия,raw.r1c_struktura_predpriyatiya,f7d1276a-6317-11f1-b821-005056bde474,00-001225,КаГалаРС1ПУч.9_318 2026 г.,,,,false
Структура предприятия,raw.r1c_struktura_predpriyatiya,35eb6dc9-3af4-11f0-b80e-005056bde474,00-001017,КаГалаРС2ПУч.10 2025 г.,,,,false
Структура предприятия,raw.r1c_struktura_predpriyatiya,88b14547-3643-11f0-b80e-005056bde474,00-001002,КаГалаРС2ПУч.4  2025 г.,,,,false
Структура предприятия,raw.r1c_struktura_predpriyatiya,88b145a0-3643-11f0-b80e-005056bde474,00-001004,КаГалаРС2ПУч.5  2025 г.,,,,false
Структура предприятия,raw.r1c_struktura_predpriyatiya,8ec6d9b8-3643-11f0-b80e-005056bde474,00-001006,КаГалаРС2ПУч.6  2025 г.,,,,false
Структура предприятия,raw.r1c_struktura_predpriyatiya,9ff512ad-3af2-11f0-b80e-005056bde474,00-001013,КаГалаРС2ПУч.9 2025 г.,,,,false
Структура предприятия,raw.r1c_struktura_predpriyatiya,f1c52bbd-6317-11f1-b821-005056bde474,00-001217,КаГалаРС3ПУч.2_318  2026 г.,,,,false
Структура предприятия,raw.r1c_struktura_predpriyatiya,f1c52c16-6317-11f1-b821-005056bde474,00-001219,КаГалаРС3ПУч.3_318  2026 г.,,,,false
Структура предприятия,raw.r1c_struktura_predpriyatiya,bd0ae9d0-5902-11f1-b821-005056bde474,00-001202,КаГалаЭСУч.4_992 2026 г.,,,,false
Структура предприятия,raw.r1c_struktura_predpriyatiya,82c2af36-2b55-11f0-b80e-005056bde474,00-000977,КаГалаЭУч.3 2025 г.,,,,false
Структура предприятия,raw.r1c_struktura_predpriyatiya,f1c52b64-6317-11f1-b821-005056bde474,00-001215,КаКарменРС1ПУч.1_318 2026 г.,,,,false
Структура предприятия,raw.r1c_struktura_predpriyatiya,9ff51254-3af2-11f0-b80e-005056bde474,00-001011,КаКарменРС1ПУч.8 2025 г.,,,,false
Структура предприятия,raw.r1c_struktura_predpriyatiya,99bd6bad-3af2-11f0-b80e-005056bde474,00-001009,КаКарменЭПУч.7 2025 г.,,,,false
Структура предприятия,raw.r1c_struktura_predpriyatiya,82c2ae84-2b55-11f0-b80e-005056bde474,00-000973,КаКарменЭУч.1 2025 г.,,,,false
Структура предприятия,raw.r1c_struktura_predpriyatiya,82c2aedd-2b55-11f0-b80e-005056bde474,00-000975,КаКарменЭУч.2 2025 г.,,,,false
Структура предприятия,raw.r1c_struktura_predpriyatiya,d90ac7c2-171e-11ee-9c4e-00505689ff45,00-000737,КаКоРС1уч.6 прод 2023 г.,,,,false
Структура предприятия,raw.r1c_struktura_predpriyatiya,df6fa657-171e-11ee-9c4e-00505689ff45,00-000738,КаКоРС1уч.7 прод 2023 г.,,,,false
Структура предприятия,raw.r1c_struktura_predpriyatiya,bd0aea3b-5902-11f1-b821-005056bde474,00-001204,КаМемфисЭСУч.5_992 2026 г.,,,,false
Структура предприятия,raw.r1c_struktura_predpriyatiya,f1c52c84-6317-11f1-b821-005056bde474,00-001221,КаРедЛедиЭПУч.7_318 2026 г.,,,,false
Структура предприятия,raw.r1c_struktura_predpriyatiya,c311f12b-5902-11f1-b821-005056bde474,00-001206,КаРедЛедиЭСУч.6_992 2026 г.,,,,false
Структура предприятия,raw.r1c_struktura_predpriyatiya,9656c550-2408-11ef-9c58-00505689ff45,00-000817,КаФлРС1Уч.2 2024 г.,,,,false
Структура предприятия,raw.r1c_struktura_predpriyatiya,35eb6e22-3af4-11f0-b80e-005056bde474,00-001019,КаФламингоРС2ПУч.11 2025 г.,,,,false
Структура предприятия,raw.r1c_struktura_predpriyatiya,4f1d5015-f679-11eb-9c3a-00505689ff45,000000424,"Картофелекопалка GVR 1700, №НЕТ19",,,,false
Структура предприятия,raw.r1c_struktura_predpriyatiya,3197f1bf-f676-11eb-9c3a-00505689ff45,000000414,"Картофелекопалка УКВ-2-90 01, №196",,,,false
Структура предприятия,raw.r1c_struktura_predpriyatiya,4500abc4-13d7-11f1-b81f-005056bde474,00-001197,"Картофелесажалка GL 34 T, №№НЕТ",,,,false
Структура предприятия,raw.r1c_struktura_predpriyatiya,6c34fb8e-f3be-11ec-9c42-89a3dcc9992a,00-000450,"Картофелесажалка GL 430, №БН203",,,,false
Структура предприятия,raw.r1c_struktura_predpriyatiya,d072c486-2813-11ef-9c59-00505689ff45,00-000835,"Картофелесажалка GL 430, №БН204",,,,false
Структура предприятия,raw.r1c_struktura_predpriyatiya,4be7e247-2814-11ef-9c59-00505689ff45,00-000836,"Картофелесажалка GL 430, №БН206",,,,false
Структура предприятия,raw.r1c_struktura_predpriyatiya,b87226bf-f5e7-11eb-9c3a-00505689ff45,000000357,"Картофелесажалка GL 44-T, №НЕТ",,,,false
Структура предприятия,raw.r1c_struktura_predpriyatiya,cc8d39ae-f3ad-11ec-9c42-89a3dcc9992a,00-000449,"Картофелесажалка GL 44-T, №НЕТ202",,,,false
Структура предприятия,raw.r1c_struktura_predpriyatiya,067b036a-f5e9-11eb-9c3a-00505689ff45,000000360,"Картофелесажалка СК-4, №362",,,,false
Структура предприятия,raw.r1c_struktura_predpriyatiya,23e7738f-4dce-11f0-b811-005056bde474,00-001026,"Картофелеуборочный комбайн DEWULF ENDURO, Гос.№9172ХХ50",,,,false
Структура предприятия,raw.r1c_struktura_predpriyatiya,2bea78a5-4b82-11f0-b810-005056bde474,00-001024,"Картофелеуборочный комбайн Dewulf Enduro, №0",,,,true
Структура предприятия,raw.r1c_struktura_predpriyatiya,574a7c7d-1662-11ee-9c4e-00505689ff45,00-000717,Картофель Аметист РС1 опыт 2023 г.,,,,false
Структура предприятия,raw.r1c_struktura_predpriyatiya,1354219c-5db4-11ec-9c40-00505689c8d9,000000495,Картофель Аметист Супер Супер Элита 2021 г.,,,,true
Структура предприятия,raw.r1c_struktura_predpriyatiya,a158afdb-4fdd-11ed-9c43-cb6d75bb653b,00-000524,Картофель Аметист Супер Супер Элита 2021 г.,,,,false
Структура предприятия,raw.r1c_struktura_predpriyatiya,0a4ddbbd-5db4-11ec-9c40-00505689c8d9,000000494,Картофель Аметист Супер Элита 2021 г.,,,,true
Структура предприятия,raw.r1c_struktura_predpriyatiya,0e2b89cb-f157-11eb-9c3a-00505689ff45,АК-000043,Картофель Аметист Супер Элита 2021 г.,,,,false
Структура предприятия,raw.r1c_struktura_predpriyatiya,a158afd9-4fdd-11ed-9c43-cb6d75bb653b,00-000523,Картофель Аметист Супер Элита 2021 г.,,,,false
Структура предприятия,raw.r1c_struktura_predpriyatiya,62f340e7-ed66-11ec-9c42-89a3dcc9992a,00-000443,Картофель Балтик Роуз РС1 16га (уч24)  2022 г.,,,,true
Структура предприятия,raw.r1c_struktura_predpriyatiya,fad23309-4fdd-11ed-9c43-cb6d75bb653b,00-000542,Картофель Балтик Роуз РС1 16га (уч24)  2022 г.,,,,false
Структура предприятия,raw.r1c_struktura_predpriyatiya,85d1b3e9-f4c7-11ed-9c4e-00505689ff45,00-000661,Картофель Балтик Роуз РС1 2023 г.,,,,false
Структура предприятия,raw.r1c_struktura_predpriyatiya,2ebaa33f-15ed-11ee-9c4e-00505689ff45,00-000708,Картофель Балтик Роуз РС1 Уч.10 прод 2023 г.,,,,false
Структура предприятия,raw.r1c_struktura_predpriyatiya,2d1aa862-f4cb-11ed-9c4e-00505689ff45,00-000671,Картофель Балтик Роуз РС1 сем 2023 г.,,,,false
Структура предприятия,raw.r1c_struktura_predpriyatiya,00cfc171-4fdd-11ed-9c43-cb6d75bb653b,00-000488,Картофель Балтик Роуз Элита 2021 г.,,,,false
Структура предприятия,raw.r1c_struktura_predpriyatiya,d0a5a312-5db3-11ec-9c40-00505689c8d9,000000481,Картофель Балтик Роуз Элита 2021 г.,,,,true
Структура предприятия,raw.r1c_struktura_predpriyatiya,3780e89f-4fde-11ed-9c43-cb6d75bb653b,00-000546,Картофель Белароза РС2 2022 г.,,,,false
Структура предприятия,raw.r1c_struktura_predpriyatiya,71efd949-ebdd-11ec-9c42-89a3dcc9992a,00-000375,Картофель Белароза РС2 2022 г.,,,,true
Структура предприятия,raw.r1c_struktura_predpriyatiya,1354219e-5db4-11ec-9c40-00505689c8d9,000000496,Картофель Беллароза РС1 2021 г.,,,,true
Структура предприятия,raw.r1c_struktura_predpriyatiya,a7e61735-4fdd-11ed-9c43-cb6d75bb653b,00-000525,Картофель Беллароза РС1 2021 г.,,,,false
Структура предприятия,raw.r1c_struktura_predpriyatiya,267a3a50-1083-11ee-9c4e-00505689ff45,00-000696,Картофель Вега РС 2 опыты 2023 г.,,,,false
Структура предприятия,raw.r1c_struktura_predpriyatiya,4519714d-4fdd-11ed-9c43-cb6d75bb653b,00-000510,Картофель Вега РС1 ЛД 2022 г.,,,,false
Структура предприятия,raw.r1c_struktura_predpriyatiya,d3f871b1-ebee-11ec-9c42-89a3dcc9992a,00-000406,Картофель Вега РС1 ЛД 2022 г.,,,,true
Структура предприятия,raw.r1c_struktura_predpriyatiya,1f175f82-4fdd-11ed-9c43-cb6d75bb653b,00-000497,Картофель Вега Элита 2021 г.,,,,false
Структура предприятия,raw.r1c_struktura_predpriyatiya,f37e3942-5db3-11ec-9c40-00505689c8d9,000000490,Картофель Вега Элита 2021 г.,,,,true
Структура предприятия,raw.r1c_struktura_predpriyatiya,1b322f6d-1077-11ee-9c4e-00505689ff45,00-000692,Картофель Вега Элита семена 2023 г.,,,,false
Структура предприятия,raw.r1c_struktura_predpriyatiya,1f175f80-4fdd-11ed-9c43-cb6d75bb653b,00-000496,Картофель Венди РС1 2021 г.,,,,false
Структура предприятия,raw.r1c_struktura_predpriyatiya,f37e3940-5db3-11ec-9c40-00505689c8d9,000000489,Картофель Венди РС1 2021 г.,,,,true
Структура предприятия,raw.r1c_struktura_predpriyatiya,89685aa5-f4c7-11ed-9c4e-00505689ff45,00-000668,Картофель Венди РС1 прод 2023 г.,,,,false
Структура предприятия,raw.r1c_struktura_predpriyatiya,9b687481-ed66-11ec-9c42-89a3dcc9992a,00-000445,"Картофель Венди РС2 29,6 га (уч25) 2022 г.",,,,true
Структура предприятия,raw.r1c_struktura_predpriyatiya,fad2330b-4fdd-11ed-9c43-cb6d75bb653b,00-000543,"Картофель Венди РС2 29,6 га (уч25) 2022 г.",,,,false
Структура предприятия,raw.r1c_struktura_predpriyatiya,51cfd1e2-107f-11ee-9c4e-00505689ff45,00-000693,Картофель Венди РС3 прод 2023 г.,,,,false
Структура предприятия,raw.r1c_struktura_predpriyatiya,5f8bec88-14bb-11ee-9c4e-00505689ff45,00-000707,Картофель Венди РС3 уч 14 прод 2023 г.,,,,false
Структура предприятия,raw.r1c_struktura_predpriyatiya,2fe84e37-f4cb-11ed-9c4e-00505689ff45,00-000675,Картофель Венди Элита сем 2023 г.,,,,false
Структура предприятия,raw.r1c_struktura_predpriyatiya,d6508d3b-4fdd-11ed-9c43-cb6d75bb653b,00-000536,Картофель Гала 8 га РС1 (уч14)  2022 г.,,,,false
Структура предприятия,raw.r1c_struktura_predpriyatiya,4889a75c-ed62-11ec-9c42-89a3dcc9992a,00-000431,"Картофель Гала 8,5 га РС1 (уч15)  2022 г.",,,,true
Структура предприятия,raw.r1c_struktura_predpriyatiya,3c2bc3c0-0667-11ed-9c42-89a3dcc9992a,00-000459,Картофель Гала Норика М Элита 2022 2022 г.,,,,true
Структура предприятия,raw.r1c_struktura_predpriyatiya,4df3914d-4fde-11ed-9c43-cb6d75bb653b,00-000549,Картофель Гала Норика М Элита 2022 2022 г.,,,,false
Структура предприятия,raw.r1c_struktura_predpriyatiya,1ae3d1b4-5db4-11ec-9c40-00505689c8d9,000000497,Картофель Гала РС1 (свои) 2021 г.,,,,true
Структура предприятия,raw.r1c_struktura_predpriyatiya,65a31f3a-4fdd-11ed-9c43-cb6d75bb653b,00-000520,Картофель Гала РС1 (свои) 2021 г.,,,,false
Структура предприятия,raw.r1c_struktura_predpriyatiya,6fceb7bf-737b-11ec-9c40-00505689c8d9,АК-000350,Картофель Гала РС1 (свои) 2021 г.,,,,false
Структура предприятия,raw.r1c_struktura_predpriyatiya,8275cb16-ed62-11ec-9c42-89a3dcc9992a,00-000433,"Картофель Гала РС1 7,5 га (уч17)  2022 г.",,,,false
Структура предприятия,raw.r1c_struktura_predpriyatiya,d6508d3d-4fdd-11ed-9c43-cb6d75bb653b,00-000537,"Картофель Гала РС1 7,5 га (уч17)  2022 г.",,,,false
Структура предприятия,raw.r1c_struktura_predpriyatiya,01c5ae59-ed62-11ec-9c42-89a3dcc9992a,00-000429,Картофель Гала РС1 8 га (уч14)  2022 г.,,,,false
Структура предприятия,raw.r1c_struktura_predpriyatiya,4e910848-ed64-11ec-9c42-89a3dcc9992a,00-000435,"Картофель Гала РС1 8,5 га (уч15) 2022 г.",,,,false
Структура предприятия,raw.r1c_struktura_predpriyatiya,d6508d3f-4fdd-11ed-9c43-cb6d75bb653b,00-000538,"Картофель Гала РС1 8,5 га (уч15) 2022 г.",,,,false
Структура предприятия,raw.r1c_struktura_predpriyatiya,1aabfcaa-f4c1-11ed-9c4e-00505689ff45,00-000653,Картофель Гала РС1 прод 2023 г.,,,,false
Структура предприятия,raw.r1c_struktura_predpriyatiya,82a3e6ac-1024-11ee-9c4e-00505689ff45,00-000689,Картофель Гала РС2 опыты 2023 г.,,,,false
Структура предприятия,raw.r1c_struktura_predpriyatiya,227e05a1-f4c0-11ed-9c4e-00505689ff45,00-000649,Картофель Гала РС2 прод 2023 г.,,,,false
Структура предприятия,raw.r1c_struktura_predpriyatiya,5143bb3e-1662-11ee-9c4e-00505689ff45,00-000709,Картофель Гала РС2 прод 2023 г.,,,,false
Структура предприятия,raw.r1c_struktura_predpriyatiya,21d1ef8c-5db4-11ec-9c40-00505689c8d9,000000498,Картофель Гала Элита 2021 г.,,,,true
Структура предприятия,raw.r1c_struktura_predpriyatiya,4dae0098-737a-11ec-9c40-00505689c8d9,АК-000345,Картофель Гала Элита 2021 г.,,,,false
Структура предприятия,raw.r1c_struktura_predpriyatiya,5e0e204d-4fdd-11ed-9c43-cb6d75bb653b,00-000518,Картофель Гала Элита 2021 г.,,,,false
Структура предприятия,raw.r1c_struktura_predpriyatiya,88a7c083-ebe6-11ec-9c42-89a3dcc9992a,00-000392,Картофель Гала Элита 2022 г.,,,,true
Структура предприятия,raw.r1c_struktura_predpriyatiya,2eaef12e-f4cb-11ed-9c4e-00505689ff45,00-000673,Картофель Гала Элита сем 2023 г.,,,,false
Структура предприятия,raw.r1c_struktura_predpriyatiya,643e615e-ebde-11ec-9c42-89a3dcc9992a,00-000379,Картофель Индиго РС1 ЛД 2022 г.,,,,true
Структура предприятия,raw.r1c_struktura_predpriyatiya,af6c6d0d-4fdd-11ed-9c43-cb6d75bb653b,00-000529,Картофель Индиго РС1 ЛД 2022 г.,,,,false
Структура предприятия,raw.r1c_struktura_predpriyatiya,34feddd6-f4cb-11ed-9c4e-00505689ff45,00-000683,Картофель Индиго РС1 прод 2023 г.,,,,false
Структура предприятия,raw.r1c_struktura_predpriyatiya,03ef3c97-5db4-11ec-9c40-00505689c8d9,000000492,Картофель Индиго Элита 2021 г.,,,,true
Структура предприятия,raw.r1c_struktura_predpriyatiya,a158afd5-4fdd-11ed-9c43-cb6d75bb653b,00-000521,Картофель Индиго Элита 2021 г.,,,,false
Структура предприятия,raw.r1c_struktura_predpriyatiya,af6c6d0b-4fdd-11ed-9c43-cb6d75bb653b,00-000528,Картофель Индиго Элита Дгт  2022 г.,,,,false
Структура предприятия,raw.r1c_struktura_predpriyatiya,ea2c9052-ebe8-11ec-9c42-89a3dcc9992a,00-000402,Картофель Индиго Элита Дгт  2022 г.,,,,true
Структура предприятия,raw.r1c_struktura_predpriyatiya,2d2ca964-ed66-11ec-9c42-89a3dcc9992a,00-000441,Картофель Кармен РС1 7га (уч23)  2022 г.,,,,true
Структура предприятия,raw.r1c_struktura_predpriyatiya,fad23307-4fdd-11ed-9c43-cb6d75bb653b,00-000541,Картофель Кармен РС1 7га (уч23)  2022 г.,,,,false
Структура предприятия,raw.r1c_struktura_predpriyatiya,46d49863-ebe8-11ec-9c42-89a3dcc9992a,00-000400,Картофель Кармен РС1 Лд 2022 г.,,,,true
Структура предприятия,raw.r1c_struktura_predpriyatiya,a7e61739-4fdd-11ed-9c43-cb6d75bb653b,00-000527,Картофель Кармен РС1 Лд 2022 г.,,,,false
Структура предприятия,raw.r1c_struktura_predpriyatiya,8807d683-f4c7-11ed-9c4e-00505689ff45,00-000664,Картофель Кармен РС1 прод 2023 г.,,,,false
Структура предприятия,raw.r1c_struktura_predpriyatiya,ef0f8ff8-ed65-11ec-9c42-89a3dcc9992a,00-000439,"Картофель Кармен Элита 12,5 га (уч22)  2022 г.",,,,true
Структура предприятия,raw.r1c_struktura_predpriyatiya,fad23305-4fdd-11ed-9c43-cb6d75bb653b,00-000540,"Картофель Кармен Элита 12,5 га (уч22)  2022 г.",,,,false
Структура предприятия,raw.r1c_struktura_predpriyatiya,085d9411-4fdd-11ed-9c43-cb6d75bb653b,00-000491,Картофель Кармен Элита 2021 г.,,,,false
Структура предприятия,raw.r1c_struktura_predpriyatiya,d915f54c-5db3-11ec-9c40-00505689c8d9,000000484,Картофель Кармен Элита 2021 г.,,,,true
Структура предприятия,raw.r1c_struktura_predpriyatiya,38b651fc-ebe7-11ec-9c42-89a3dcc9992a,00-000394,Картофель Коломба HZPC САДОКАС Элита 2022 2022 г.,,,,true
Структура предприятия,raw.r1c_struktura_predpriyatiya,4df3914f-4fde-11ed-9c43-cb6d75bb653b,00-000550,Картофель Коломба HZPC САДОКАС Элита 2022 2022 г.,,,,false
Структура предприятия,raw.r1c_struktura_predpriyatiya,929839db-0667-11ed-9c42-89a3dcc9992a,00-000461,Картофель Коломба HZPC САДОКАС Элита 2022 2022 г.,,,,true
Структура предприятия,raw.r1c_struktura_predpriyatiya,18867bbc-4fdd-11ed-9c43-cb6d75bb653b,00-000495,"Картофель Коломба РС1 (свои) участок  6/1, 6/2 2021 г.",,,,false
Структура предприятия,raw.r1c_struktura_predpriyatiya,e9fa8497-5db3-11ec-9c40-00505689c8d9,000000488,"Картофель Коломба РС1 (свои) участок  6/1, 6/2 2021 г.",,,,true
Структура предприятия,raw.r1c_struktura_predpriyatiya,290c9e4a-5db4-11ec-9c40-00505689c8d9,000000499,Картофель Коломба РС1 2021 г.,,,,true
Структура предприятия,raw.r1c_struktura_predpriyatiya,65a31f38-4fdd-11ed-9c43-cb6d75bb653b,00-000519,Картофель Коломба РС1 2021 г.,,,,false
Структура предприятия,raw.r1c_struktura_predpriyatiya,31a3a249-f4cb-11ed-9c4e-00505689ff45,00-000679,Картофель Коломба РС1 прод 2023 г.,,,,false
Структура предприятия,raw.r1c_struktura_predpriyatiya,4fa0b4d9-4fdd-11ed-9c43-cb6d75bb653b,00-000513,Картофель Коломба Эл 3 га (уч 9) 2022 г.,,,,false
Структура предприятия,raw.r1c_struktura_predpriyatiya,caad52b4-eca9-11ec-9c42-89a3dcc9992a,00-000420,Картофель Коломба Эл 3 га (уч 9) 2022 г.,,,,true
Структура предприятия,raw.r1c_struktura_predpriyatiya,4fa0b4d7-4fdd-11ed-9c43-cb6d75bb653b,00-000512,Картофель Коломба Эл 4га (уч 8) 2022 г.,,,,false
Структура предприятия,raw.r1c_struktura_predpriyatiya,a539bfac-eca9-11ec-9c42-89a3dcc9992a,00-000419,Картофель Коломба Эл 4га (уч 8) 2022 г.,,,,true
Структура предприятия,raw.r1c_struktura_predpriyatiya,4519714f-4fdd-11ed-9c43-cb6d75bb653b,00-000511,Картофель Коломба Эл 6 га (уч 7) 2022 г.,,,,false
Структура предприятия,raw.r1c_struktura_predpriyatiya,82c12188-eca9-11ec-9c42-89a3dcc9992a,00-000418,Картофель Коломба Эл 6 га (уч 7) 2022 г.,,,,true
Структура предприятия,raw.r1c_struktura_predpriyatiya,0ec7bbd1-4fdd-11ed-9c43-cb6d75bb653b,00-000493,Картофель Коломба Элита (РС1) в бэгах 2021 г.,,,,false
Структура предприятия,raw.r1c_struktura_predpriyatiya,e0dec0ad-5db3-11ec-9c40-00505689c8d9,000000486,Картофель Коломба Элита (РС1) в бэгах 2021 г.,,,,true
Структура предприятия,raw.r1c_struktura_predpriyatiya,0ec7bbcf-4fdd-11ed-9c43-cb6d75bb653b,00-000492,Картофель Коломба Элита (РС1) в бэгах Норика 2021 г.,,,,false
Структура предприятия,raw.r1c_struktura_predpriyatiya,e0dec0ab-5db3-11ec-9c40-00505689c8d9,000000485,Картофель Коломба Элита (РС1) в бэгах Норика 2021 г.,,,,true
Структура предприятия,raw.r1c_struktura_predpriyatiya,18867bba-4fdd-11ed-9c43-cb6d75bb653b,00-000494,Картофель Коломба Элита (РС1) участок 5/2 Пончики бурт+Демид ящики 2021 г.,,,,false
Структура предприятия,raw.r1c_struktura_predpriyatiya,e9fa8495-5db3-11ec-9c40-00505689c8d9,000000487,Картофель Коломба Элита (РС1) участок 5/2 Пончики бурт+Демид ящики 2021 г.,,,,true
Структура предприятия,raw.r1c_struktura_predpriyatiya,b3949a41-f49e-11ed-9c4e-00505689ff45,00-000614,Картофель Коломба Элита сем 2023 г.,,,,false
Структура предприятия,raw.r1c_struktura_predpriyatiya,cb11fbfd-ed61-11ec-9c42-89a3dcc9992a,00-000427,Картофель Мадейра 8 га РС1 (уч16)  2022 г.,,,,false
Структура предприятия,raw.r1c_struktura_predpriyatiya,d6508d39-4fdd-11ed-9c43-cb6d75bb653b,00-000535,Картофель Мадейра 8 га РС1 (уч16)  2022 г.,,,,false
Структура предприятия,raw.r1c_struktura_predpriyatiya,5bd3b43d-ed61-11ec-9c42-89a3dcc9992a,00-000425,Картофель Мадейра РС1 14га (уч13)  2022 г.,,,,false
Структура предприятия,raw.r1c_struktura_predpriyatiya,cf7d4c9c-4fdd-11ed-9c43-cb6d75bb653b,00-000534,Картофель Мадейра РС1 14га (уч13)  2022 г.,,,,false
Структура предприятия,raw.r1c_struktura_predpriyatiya,11238d15-ebe8-11ec-9c42-89a3dcc9992a,00-000398,Картофель Мадейра РС1 2022 г.,,,,true
Структура предприятия,raw.r1c_struktura_predpriyatiya,a7e61737-4fdd-11ed-9c43-cb6d75bb653b,00-000526,Картофель Мадейра РС1 2022 г.,,,,false
Структура предприятия,raw.r1c_struktura_predpriyatiya,88f32422-f4c7-11ed-9c4e-00505689ff45,00-000666,Картофель Мадейра РС1 прод 2023 г.,,,,false
Структура предприятия,raw.r1c_struktura_predpriyatiya,4df39151-4fde-11ed-9c43-cb6d75bb653b,00-000551,Картофель Мадейра Элита  2022 г.,,,,false
Структура предприятия,raw.r1c_struktura_predpriyatiya,67a736a8-ebe7-11ec-9c42-89a3dcc9992a,00-000396,Картофель Мадейра Элита  2022 г.,,,,true
Структура предприятия,raw.r1c_struktura_predpriyatiya,b8f6d0d1-ed60-11ec-9c42-89a3dcc9992a,00-000421,Картофель Ред Соня 19 га РС1 (уч11)  2022 г.,,,,false
Структура предприятия,raw.r1c_struktura_predpriyatiya,cf7d4c98-4fdd-11ed-9c43-cb6d75bb653b,00-000532,Картофель Ред Соня 19 га РС1 (уч11)  2022 г.,,,,false
Структура предприятия,raw.r1c_struktura_predpriyatiya,57680867-4fdd-11ed-9c43-cb6d75bb653b,00-000514,Картофель Ред Соня РС1 2022 г.,,,,false
Структура предприятия,raw.r1c_struktura_predpriyatiya,66ff22a8-ebf0-11ec-9c42-89a3dcc9992a,00-000414,Картофель Ред Соня РС1 2022 г.,,,,true
Структура предприятия,raw.r1c_struktura_predpriyatiya,00cfc173-4fdd-11ed-9c43-cb6d75bb653b,00-000489,Картофель Рэд Скарлет РС1 2021 г.,,,,false
Структура предприятия,raw.r1c_struktura_predpriyatiya,d0a5a314-5db3-11ec-9c40-00505689c8d9,000000482,Картофель Рэд Скарлет РС1 2021 г.,,,,true
Структура предприятия,raw.r1c_struktura_predpriyatiya,f3d3846f-ed60-11ec-9c42-89a3dcc9992a,00-000423,Картофель Рэд Соня РС1 20 га (уч12)  2022 г.,,,,false
Структура предприятия,raw.r1c_struktura_predpriyatiya,3d9f008e-4fde-11ed-9c43-cb6d75bb653b,00-000548,Картофель Северное Сияние РС1 2022 г.,,,,false
Структура предприятия,raw.r1c_struktura_predpriyatiya,d38e900c-ebde-11ec-9c42-89a3dcc9992a,00-000383,Картофель Северное Сияние РС1 2022 г.,,,,true
Структура предприятия,raw.r1c_struktura_predpriyatiya,0a4ddbbb-5db4-11ec-9c40-00505689c8d9,000000493,Картофель Северное Сияние Элита 2021 г.,,,,true
Структура предприятия,raw.r1c_struktura_predpriyatiya,a158afd7-4fdd-11ed-9c43-cb6d75bb653b,00-000522,Картофель Северное Сияние Элита 2021 г.,,,,false
Структура предприятия,raw.r1c_struktura_predpriyatiya,5d886729-1662-11ee-9c4e-00505689ff45,00-000719,Картофель Северное сияние РС1 опыт 2023 г.,,,,false
Структура предприятия,raw.r1c_struktura_predpriyatiya,34fee0cd-f4cb-11ed-9c4e-00505689ff45,00-000685,Картофель Северное сияние РС1 прод 2023 г.,,,,false
Структура предприятия,raw.r1c_struktura_predpriyatiya,3d9f008c-4fde-11ed-9c43-cb6d75bb653b,00-000547,Картофель Фламинго РС1 2022 г.,,,,false
Структура предприятия,raw.r1c_struktura_predpriyatiya,995b795e-ebde-11ec-9c42-89a3dcc9992a,00-000381,Картофель Фламинго РС1 2022 г.,,,,true
Структура предприятия,raw.r1c_struktura_predpriyatiya,085d940f-4fdd-11ed-9c43-cb6d75bb653b,00-000490,Картофель Фламинго Элита 2021 г.,,,,false
Структура предприятия,raw.r1c_struktura_predpriyatiya,d915f54a-5db3-11ec-9c40-00505689c8d9,000000483,Картофель Фламинго Элита 2021 г.,,,,true
Структура предприятия,raw.r1c_struktura_predpriyatiya,31002b68-f4cb-11ed-9c4e-00505689ff45,00-000677,Картофель Фламинго Элита сем 2023 г.,,,,false
Структура предприятия,raw.r1c_struktura_predpriyatiya,ee30480b-250d-11ec-a9db-00505689f463,000000476,"Каток КВНП-10, №НЕТ30",,,,false
Структура предприятия,raw.r1c_struktura_predpriyatiya,0d346fc5-f67a-11eb-9c3a-00505689ff45,000000429,"Каток ККЗ-6-02, №3806",,,,false
Структура предприятия,raw.r1c_struktura_predpriyatiya,5c336ad3-f4bc-11ed-9c4e-00505689ff45,00-000643,Катофель Вега РС 2 прод 2023 г.,,,,false
Структура предприятия,raw.r1c_struktura_predpriyatiya,bc3ac6b0-3103-11ed-9c43-cb6d75bb653b,00-000475,"Комбайн  Dewuif Torro, №НЕТ66",,,,false
Структура предприятия,raw.r1c_struktura_predpriyatiya,348426ae-f679-11eb-9c3a-00505689ff45,000000423,"Комбайн ARCO-2, №26120",,,,false
Структура предприятия,raw.r1c_struktura_predpriyatiya,a9cb8b8a-5f8d-11ee-9c50-00505689ff45,00-000754,"Комбайн Grimme SE 260, №41100742",,,,false
Структура предприятия,raw.r1c_struktura_predpriyatiya,b02c8ee8-5f8d-11ee-9c50-00505689ff45,00-000755,"Комбайн Grimme SE 260, №41100742",,,,false
Структура предприятия,raw.r1c_struktura_predpriyatiya,0ed88fe5-3103-11ed-9c43-cb6d75bb653b,00-000474,"Комбайн Grimme SE 260, №НЕТ76",,,,false
Структура предприятия,raw.r1c_struktura_predpriyatiya,1ee75227-7a0a-11ed-9c4d-00505689c8d9,00-000578,"Комбайн Grimme SE 260, №НЕТ77",,,,false
Структура предприятия,raw.r1c_struktura_predpriyatiya,67add87c-5e0c-11ee-9c4f-00505689ff45,00-000752,"Комбайн Grimme SE-150-60, №41604105",,,,false
Структура предприятия,raw.r1c_struktura_predpriyatiya,6d5e206e-5e0c-11ee-9c4f-00505689ff45,00-000753,"Комбайн Grimme SE-150-60, №41604105",,,,true
Структура предприятия,raw.r1c_struktura_predpriyatiya,363a4b6f-5f8e-11ee-9c50-00505689ff45,00-000756,"Комбайн Grimme SE-150-60, №41604235",,,,false
Структура предприятия,raw.r1c_struktura_predpriyatiya,3abf3343-5f8e-11ee-9c50-00505689ff45,00-000757,"Комбайн Grimme SE-150-60, №41604235",,,,true
Структура предприятия,raw.r1c_struktura_predpriyatiya,9ffb79e3-59ed-11ee-9c4f-00505689ff45,00-000751,"Комбайн Grimme SE-150-60, №41604384",,,,false
Структура предприятия,raw.r1c_struktura_predpriyatiya,974378e6-0a5b-11ec-9c3a-00505689ff45,000000439,"Комбайн Grimme SE-170-60, №НЕТ24",,,,false
Структура предприятия,raw.r1c_struktura_predpriyatiya,ac2bda06-f679-11eb-9c3a-00505689ff45,000000425,"Комбайн КПБ-2, №3",,,,false
Структура предприятия,raw.r1c_struktura_predpriyatiya,c36d1a77-f679-11eb-9c3a-00505689ff45,000000426,"Комбайн КПБ-2, №4",,,,false
Структура предприятия,raw.r1c_struktura_predpriyatiya,d9085c99-f679-11eb-9c3a-00505689ff45,000000427,"Комбайн КПК-3, №6557",,,,false
Структура предприятия,raw.r1c_struktura_predpriyatiya,edfcba11-f679-11eb-9c3a-00505689ff45,000000428,"Комбайн ПКК-2-02, №433",,,,false
Структура предприятия,raw.r1c_struktura_predpriyatiya,9850605f-0c0a-11ec-9c3a-00505689ff45,000000445,Коммерческая служба ЛД,,,,false
Структура предприятия,raw.r1c_struktura_predpriyatiya,38c196d8-f674-11eb-9c3a-00505689ff45,000000404,"Косилка KDT 260S, №53502",,,,false
Структура предприятия,raw.r1c_struktura_predpriyatiya,617926f7-f674-11eb-9c3a-00505689ff45,000000405,"Косилка KDT 340, №54899",,,,false
Структура предприятия,raw.r1c_struktura_predpriyatiya,91edf569-f674-11eb-9c3a-00505689ff45,000000407,"Косилка КИР-1,85, №41",,,,false
Структура предприятия,raw.r1c_struktura_predpriyatiya,79b9849a-f674-11eb-9c3a-00505689ff45,000000406,"Косилка КРН-2,1, №НЕТ15",,,,false
Структура предприятия,raw.r1c_struktura_predpriyatiya,d9859a1c-f615-11eb-9c3a-00505689ff45,000000396,"Культиватор ИКСИОН 4х90, №108149",,,,false
Структура предприятия,raw.r1c_struktura_predpriyatiya,aaa5c6d5-f672-11eb-9c3a-00505689ff45,000000397,"Культиватор ИКСИОН 4х90, №108150",,,,false
Структура предприятия,raw.r1c_struktura_predpriyatiya,65c85b01-f872-11ec-9c42-89a3dcc9992a,00-000455,"Культиватор ИКСИОН 4х90, №БН15",,,,false
Структура предприятия,raw.r1c_struktura_predpriyatiya,b72ccc74-f615-11eb-9c3a-00505689ff45,000000395,"Культиватор КВФ-2,8, №3020",,,,false
Структура предприятия,raw.r1c_struktura_predpriyatiya,cad7d31f-f672-11eb-9c3a-00505689ff45,000000398,"Культиватор КГП 4*90, №НЕТ12",,,,false
Структура предприятия,raw.r1c_struktura_predpriyatiya,86a93cba-f673-11eb-9c3a-00505689ff45,000000399,"Культиватор КОН-2,8, №5",,,,false
Структура предприятия,raw.r1c_struktura_predpriyatiya,ba37f6fc-f673-11eb-9c3a-00505689ff45,000000400,"Культиватор КПМ-4, №НЕТ13",,,,false
Структура предприятия,raw.r1c_struktura_predpriyatiya,d6e26add-f673-11eb-9c3a-00505689ff45,000000401,"Культиватор КПМ-8, №266",,,,false
Структура предприятия,raw.r1c_struktura_predpriyatiya,ebfa8c4b-f673-11eb-9c3a-00505689ff45,000000402,"Культиватор КПМ-8, №365",,,,false
Структура предприятия,raw.r1c_struktura_predpriyatiya,01410a47-f53b-11ec-9c42-89a3dcc9992a,00-000453,"Культиватор КСО-7,4, №БН205",,,,false
Структура предприятия,raw.r1c_struktura_predpriyatiya,06c5c8de-f674-11eb-9c3a-00505689ff45,000000403,"Культиватор КЧН-4У, №НЕТ14",,,,false
Структура предприятия,raw.r1c_struktura_predpriyatiya,1d3ef136-f5f3-11eb-9c3a-00505689ff45,000000368,"Машина ЛКТ-11В, №21",,,,false
Структура предприятия,raw.r1c_struktura_predpriyatiya,9c9615c1-0c0b-11ec-9c3a-00505689ff45,000000454,Медслужба,,,,true
Структура предприятия,raw.r1c_struktura_predpriyatiya,f3187f31-0680-11ec-9c3a-00505689ff45,000000438,Механики производства,,,,false
Структура предприятия,raw.r1c_struktura_predpriyatiya,3780e89d-4fde-11ed-9c43-cb6d75bb653b,00-000545,Многолетние травы 2021 г.,,,,false
Структура предприятия,raw.r1c_struktura_predpriyatiya,be7c757d-548c-11ed-9c43-cb6d75bb653b,00-000562,Многолетние травы 2021 г.,,,,true
Структура предприятия,raw.r1c_struktura_predpriyatiya,fcc33ea9-5db4-11ec-9c40-00505689c8d9,000000512,Многолетние травы 2021 г.,,,,false
Структура предприятия,raw.r1c_struktura_predpriyatiya,f537275a-5696-11ed-9c43-cb6d75bb653b,00-000576,Многолетние травы 2022 г.,,,,true
Структура предприятия,raw.r1c_struktura_predpriyatiya,7f2fc7f0-58a6-11f0-b811-005056bde474,00-001056,Модернизация и капитальный ремонт ОС,,,,false
Структура предприятия,raw.r1c_struktura_predpriyatiya,37169433-4fdd-11ed-9c43-cb6d75bb653b,00-000505,Морковь премиум ВайтСатин 2021 г.,,,,false
Структура предприятия,raw.r1c_struktura_predpriyatiya,40200743-5db4-11ec-9c40-00505689c8d9,000000502,Морковь премиум ВайтСатин 2021 г.,,,,false
Структура предприятия,raw.r1c_struktura_predpriyatiya,aabfae9f-548f-11ed-9c43-cb6d75bb653b,00-000571,Морковь премиум ВайтСатин 2021 г.,,,,true
Структура предприятия,raw.r1c_struktura_predpriyatiya,b33bb913-df95-11ee-9c4c-005056893620,00-000766,"НИВА (Lada 4х4), Гос.№Н998РМ790",,,,true
Структура предприятия,raw.r1c_struktura_predpriyatiya,c5ba9c0d-df8a-11ee-9c4c-005056893620,00-000765,"НИВА , Гос.№Е647ЕУ550",,,,false
Структура предприятия,raw.r1c_struktura_predpriyatiya,fec8db94-f613-11eb-9c3a-00505689ff45,000000390,"Насосная станция F118RRL0 GG, №SM-001766732",,,,false
Структура предприятия,raw.r1c_struktura_predpriyatiya,bff6a91d-426f-11ee-9c4e-00505689ff45,00-000749,Не для себестоимости,,,,false
Структура предприятия,raw.r1c_struktura_predpriyatiya,f3c5fa7c-f674-11eb-9c3a-00505689ff45,000000408,"Обмотчик рулонов Z-577, №55R-010021",,,,false
Структура предприятия,raw.r1c_struktura_predpriyatiya,fd36c3b7-7ca3-11ee-9c4a-005056893620,00-000758,"Оборотный плуг LONGFENG 1LYFT-450 №16980, №16980",,,,false
Структура предприятия,raw.r1c_struktura_predpriyatiya,66d9326d-7ca5-11ee-9c4a-005056893620,00-000760,"Оборотный плуг LONGFENG Raptor 1LYFT-450 №16979, №16979",,,,false
Структура предприятия,raw.r1c_struktura_predpriyatiya,00479d71-7ca4-11ee-9c4a-005056893620,00-000759,"Оборотный плуг LONGFENG Raptor 1LYFT-450 №16980, №16980",,,,false
Структура предприятия,raw.r1c_struktura_predpriyatiya,a033361f-3527-11ee-9c4e-00505689ff45,00-000747,"Оборотный плуг LONGFENG Raptor 1LYFT-450 №16981, №16981",,,,false
Структура предприятия,raw.r1c_struktura_predpriyatiya,b36c9410-3528-11ee-9c4e-00505689ff45,00-000748,"Оборотный плуг LONGFENG Raptor 1LYFT-650 №16212, №16212",,,,false
Структура предприятия,raw.r1c_struktura_predpriyatiya,a326f2b0-0c0b-11ec-9c3a-00505689ff45,000000455,Общежитие,,,,true
Структура предприятия,raw.r1c_struktura_predpriyatiya,dbc40275-957a-11f1-b824-005056bde474,00-001228,"Опрыскиватель UX 5200 Super (лизинговый, май 2026), №БН",,,,false
Структура предприятия,raw.r1c_struktura_predpriyatiya,223192c8-f613-11eb-9c3a-00505689ff45,000000388,"Опрыскиватель ОП-2000, №НЕТ10",,,,false
Структура предприятия,raw.r1c_struktura_predpriyatiya,a65d9d08-f613-11eb-9c3a-00505689ff45,000000389,"Опрыскиватель ТИТАН 3000-24, №НЕТ11",,,,false
Структура предприятия,raw.r1c_struktura_predpriyatiya,9f2d2d09-f612-11eb-9c3a-00505689ff45,000000387,"Опрыскиватель навесной US 1205, №НЕТ9",,,,false
Структура предприятия,raw.r1c_struktura_predpriyatiya,27ad2bc7-066f-11ec-9c3a-00505689ff45,000000434,Основной склад,,,,false
Структура предприятия,raw.r1c_struktura_predpriyatiya,8176057f-97d1-11ed-9c4c-00505689ff45,00-000588,Отдел главного инженера,,,,false
Структура предприятия,raw.r1c_struktura_predpriyatiya,ef004a47-97d1-11ed-9c4c-00505689ff45,00-000592,Отдел главного механика,,,,false
Структура предприятия,raw.r1c_struktura_predpriyatiya,6fa6e9fd-0c0c-11ec-9c3a-00505689ff45,000000442,Отдел механизаторов,,,,false
Структура предприятия,raw.r1c_struktura_predpriyatiya,f3f9fbb3-571e-11f0-b811-005056bde474,00-001049,Отдел по обслуживанию и ремонту систем полива,,,,false
Структура предприятия,raw.r1c_struktura_predpriyatiya,dd6f4f17-5721-11f0-b811-005056bde474,00-001051,Отдел по работе с персоналом,,,,false
Структура предприятия,raw.r1c_struktura_predpriyatiya,c5c55d67-0c0c-11ec-9c3a-00505689ff45,000000467,Отдел по ремонту и обслуживанию автотракторной техники,,,,false
Структура предприятия,raw.r1c_struktura_predpriyatiya,d838c0f9-571e-11f0-b811-005056bde474,00-001048,Отдел производственного транспорта,,,,false
Структура предприятия,raw.r1c_struktura_predpriyatiya,78d3cbed-571e-11f0-b811-005056bde474,00-001045,Отдел собственного транспорта,,,,false
Структура предприятия,raw.r1c_struktura_predpriyatiya,2cad8ba2-a615-11f1-b824-005056bde474,00-001229,Отдел эксплуатации зданий и АХД,,,,false
Структура предприятия,raw.r1c_struktura_predpriyatiya,0073e3a9-97d2-11ed-9c4c-00505689ff45,00-000593,ПРОИЗВОДСТВЕННАЯ СЛУЖБА,,,,false
Структура предприятия,raw.r1c_struktura_predpriyatiya,3404adbf-f38d-11f0-b81e-005056bde474,00-001097,Пар (промежуточная культура) 2026 г.,,,,false
Структура предприятия,raw.r1c_struktura_predpriyatiya,f0410bb4-f513-11f0-b81e-005056bde474,00-001194,Пар (промежуточная культура) 2027 г.,,,,false
Структура предприятия,raw.r1c_struktura_predpriyatiya,e47f42ad-5db2-11ec-9c40-00505689c8d9,000000491,Пар 2020 г.,,,,true
Структура предприятия,raw.r1c_struktura_predpriyatiya,f26e89e8-4fdc-11ed-9c43-cb6d75bb653b,00-000485,Пар 2020 г.,,,,false
Структура предприятия,raw.r1c_struktura_predpriyatiya,2ff1a095-4fdd-11ed-9c43-cb6d75bb653b,00-000503,Пар 2021 г.,,,,false
Структура предприятия,raw.r1c_struktura_predpriyatiya,73f1f624-5485-11ed-9c43-cb6d75bb653b,00-000554,Пар 2021 г.,,,,true
Структура предприятия,raw.r1c_struktura_predpriyatiya,ecf69fd2-5db2-11ec-9c40-00505689c8d9,000000516,Пар 2021 г.,,,,false
Структура предприятия,raw.r1c_struktura_predpriyatiya,34984101-5486-11ed-9c43-cb6d75bb653b,00-000558,Пар 2022 г.,,,,true
Структура предприятия,raw.r1c_struktura_predpriyatiya,c2749d25-ed66-11ec-9c42-89a3dcc9992a,00-000447,Пар 2022 г.,,,,false
Структура предприятия,raw.r1c_struktura_predpriyatiya,e8e7fd26-4fdd-11ed-9c43-cb6d75bb653b,00-000539,Пар 2022 г.,,,,false
Структура предприятия,raw.r1c_struktura_predpriyatiya,508e27b3-f00b-11ed-9c4e-00505689ff45,00-000600,Пар 2023 г.,,,,false
Структура предприятия,raw.r1c_struktura_predpriyatiya,abc41da9-2411-11ef-9c58-00505689ff45,00-000821,Пар 2024 г.,,,,false
Структура предприятия,raw.r1c_struktura_predpriyatiya,3f90d030-21f0-11f0-b80e-005056bde474,00-000906,Пар 2025 г.,,,,false
Структура предприятия,raw.r1c_struktura_predpriyatiya,3404ad1f-f38d-11f0-b81e-005056bde474,00-001094,Пар 2026 г.,,,,false
Структура предприятия,raw.r1c_struktura_predpriyatiya,2ff1a093-4fdd-11ed-9c43-cb6d75bb653b,00-000502,Пар под картофель 2022 2021 г.,,,,false
Структура предприятия,raw.r1c_struktura_predpriyatiya,3e1c6b6a-7380-11ec-9c40-00505689c8d9,АК-000357,Пар под картофель 2022 2021 г.,,,,false
Структура предприятия,raw.r1c_struktura_predpriyatiya,fa403844-5484-11ed-9c43-cb6d75bb653b,00-000552,Пар под картофель 2022 2021 г.,,,,false
Структура предприятия,raw.r1c_struktura_predpriyatiya,1f821431-9a64-11ee-9c4a-005056893620,00-000762,Пар под картофель 2024 (промежуточная культура) 2024 г.,,,,false
Структура предприятия,raw.r1c_struktura_predpriyatiya,28f9dcc0-9061-11ef-9c5e-00505689ff45,00-000868,Пар под картофель_2024 2023 г.,,,,false
Структура предприятия,raw.r1c_struktura_predpriyatiya,e9216715-799c-11ef-9c5d-00505689ff45,00-000839,Пар под картофель_2024 2024 г.,,,,false
Структура предприятия,raw.r1c_struktura_predpriyatiya,18df6955-220f-11ee-9c4e-00505689ff45,00-000742,"Пассивный гребнеобразователь Baselier 4GKS 370 , №40579",,,,false
Структура предприятия,raw.r1c_struktura_predpriyatiya,f2c99868-220f-11ee-9c4e-00505689ff45,00-000743,"Пассивный гребнеобразователь Baselier 4GKS 370 , №40632",,,,false
Структура предприятия,raw.r1c_struktura_predpriyatiya,b84555a5-6878-11ec-9c40-00505689c8d9,000000535,"Плоскорез, №НЕТ56",,,,false
Структура предприятия,raw.r1c_struktura_predpriyatiya,a1d342cf-e899-11ec-9c42-00505689c8d9,00-000370,"Плуг 1 LF-850, №БН32",,,,false
Структура предприятия,raw.r1c_struktura_predpriyatiya,0eef61fb-f611-11eb-9c3a-00505689ff45,000000379,"Плуг FINIST ПЛН-4-35, №40046",,,,false
Структура предприятия,raw.r1c_struktura_predpriyatiya,48339a45-f611-11eb-9c3a-00505689ff45,000000380,"Плуг FINIST ПЛН-8-35, №137122",,,,false
Структура предприятия,raw.r1c_struktura_predpriyatiya,0bbb1d26-f612-11eb-9c3a-00505689ff45,000000386,"Плуг ПЛН-3-35, №НЕТ8",,,,false
Структура предприятия,raw.r1c_struktura_predpriyatiya,eca00181-f611-11eb-9c3a-00505689ff45,000000385,"Плуг ПЛН-4-35 У, №610",,,,false
Структура предприятия,raw.r1c_struktura_predpriyatiya,d145b7f9-f611-11eb-9c3a-00505689ff45,000000384,"Плуг ПЛН-4-35 У, №611",,,,false
Структура предприятия,raw.r1c_struktura_predpriyatiya,770bf190-f611-11eb-9c3a-00505689ff45,000000381,"Плуг ПЛН-5-35В, №317",,,,false
Структура предприятия,raw.r1c_struktura_predpriyatiya,9d9cc3db-f611-11eb-9c3a-00505689ff45,000000382,"Плуг ПЛН-5-35В, №318",,,,false
Структура предприятия,raw.r1c_struktura_predpriyatiya,b8b44b88-f611-11eb-9c3a-00505689ff45,000000383,"Плуг ПЛН-8-35В, №329",,,,false
Структура предприятия,raw.r1c_struktura_predpriyatiya,ed292475-842f-11f1-b824-005056bde474,00-001227,"Погрузчик ROBFORCE AG 740 PS, Гос.№1433ХН50",,,,false
Структура предприятия,raw.r1c_struktura_predpriyatiya,2a69088a-0d94-11ed-9c43-00505689c8d9,00-000467,"Погрузчик TLH 3507-12, Гос.№0259ХХ50",,,,false
Структура предприятия,raw.r1c_struktura_predpriyatiya,649906fe-f610-11eb-9c3a-00505689ff45,000000377,"Погрузчик ТП-10-1, №184",,,,false
Структура предприятия,raw.r1c_struktura_predpriyatiya,8dc307b4-f610-11eb-9c3a-00505689ff45,000000378,"Погрузчик ТП-10-1, №186",,,,false
Структура предприятия,raw.r1c_struktura_predpriyatiya,b90b0561-05b0-11ec-9c3a-00505689ff45,000000238,Поля,,,,false
Структура предприятия,raw.r1c_struktura_predpriyatiya,a777f4f1-1a8b-11f0-b80e-005056bde474,00-000901,Посевная 2025,,,,true
Структура предприятия,raw.r1c_struktura_predpriyatiya,e254f207-3000-11f0-b80e-005056bde474,00-000981,Посевная 2025,,,,false
Структура предприятия,raw.r1c_struktura_predpriyatiya,043750bb-f610-11eb-9c3a-00505689ff45,000000375,"Пресс-подборщик PS 1210 Classic, №НЕТ7",,,,false
Структура предприятия,raw.r1c_struktura_predpriyatiya,2ac35e35-f610-11eb-9c3a-00505689ff45,000000376,"Пресс-подборщик ПРФ-145, №1289",,,,false
Структура предприятия,raw.r1c_struktura_predpriyatiya,752cc4b8-58a6-11f0-b811-005056bde474,00-001055,Приобретение ОС,,,,false
Структура предприятия,raw.r1c_struktura_predpriyatiya,8c860f3a-f60f-11eb-9c3a-00505689ff45,000000373,"Прицеп 2 ПТС-6,5, №1144",,,,false
Структура предприятия,raw.r1c_struktura_predpriyatiya,acac2e2e-f60f-11eb-9c3a-00505689ff45,000000374,"Прицеп 2 ПТС-6,5, №1145",,,,false
Структура предприятия,raw.r1c_struktura_predpriyatiya,6db298b1-f60e-11eb-9c3a-00505689ff45,000000369,"Прицеп 2ПТСЕ-4,5, №1516",,,,false
Структура предприятия,raw.r1c_struktura_predpriyatiya,9ddf9c84-f46e-11ec-9c42-89a3dcc9992a,00-000451,"Прицеп ПТ-7, №ИНВ.№000260",,,,false
Структура предприятия,raw.r1c_struktura_predpriyatiya,c310201c-f46e-11ec-9c42-89a3dcc9992a,00-000452,"Прицеп ПТ-7, №ИНВ.№000261",,,,false
Структура предприятия,raw.r1c_struktura_predpriyatiya,07b31db8-f60f-11eb-9c3a-00505689ff45,000000370,"Прицеп ПТС-12, №370",,,,false
Структура предприятия,raw.r1c_struktura_predpriyatiya,3c6253a6-f60f-11eb-9c3a-00505689ff45,000000371,"Прицеп ПТС-12, №372",,,,false
Структура предприятия,raw.r1c_struktura_predpriyatiya,5905a10e-f60f-11eb-9c3a-00505689ff45,000000372,"Прицеп ПТС-12, №374",,,,false
Структура предприятия,raw.r1c_struktura_predpriyatiya,ee551fc4-f678-11eb-9c3a-00505689ff45,000000422,"Прицеп бочка ПУ-3,5, №279",,,,false
Структура предприятия,raw.r1c_struktura_predpriyatiya,752cc494-58a6-11f0-b811-005056bde474,00-001054,Проектирование и строительство,,,,false
Структура предприятия,raw.r1c_struktura_predpriyatiya,0e900a8f-0c0d-11ec-9c3a-00505689ff45,000000470,Рабочие инженерной службы,,,,false
Структура предприятия,raw.r1c_struktura_predpriyatiya,674fde53-0c0e-11ec-9c3a-00505689ff45,000000472,Рабочие производства,,,,false
Структура предприятия,raw.r1c_struktura_predpriyatiya,5bef447a-f5ef-11eb-9c3a-00505689ff45,000000365,"Разбрасыватель RCW 5500, №НЕТ4",,,,false
Структура предприятия,raw.r1c_struktura_predpriyatiya,7a1008b2-f5ef-11eb-9c3a-00505689ff45,000000366,"Разбрасыватель RN 1000 BORYNA, №1028",,,,false
Структура предприятия,raw.r1c_struktura_predpriyatiya,10153569-e898-11ec-9c42-00505689c8d9,00-000368,"Разбрасыватель X50+ECONOV, №Б/Н30",,,,false
Структура предприятия,raw.r1c_struktura_predpriyatiya,5bcda083-f5f1-11eb-9c3a-00505689ff45,000000367,"Разбрасыватель ZG 1200, №НЕТ5",,,,false
Структура предприятия,raw.r1c_struktura_predpriyatiya,26cc88df-2211-11ee-9c4e-00505689ff45,00-000746,"Растворно-смесительная машина РСМ-11, №080",,,,false
Структура предприятия,raw.r1c_struktura_predpriyatiya,514cc706-ebb7-11ec-9c42-89a3dcc9992a,00-000373,"Растворно-смесительная машина РСМ-11, №БН33",,,,false
Структура предприятия,raw.r1c_struktura_predpriyatiya,01234a0f-00f3-11ec-9c3a-00505689ff45,АК-000212,Рожь 2020 г.,,,,false
Структура предприятия,raw.r1c_struktura_predpriyatiya,4f31ab12-548f-11ed-9c43-cb6d75bb653b,00-000569,Рожь 2020 г.,,,,true
Структура предприятия,raw.r1c_struktura_predpriyatiya,a8010b3c-5db3-11ec-9c40-00505689c8d9,000000513,Рожь 2020 г.,,,,false
Структура предприятия,raw.r1c_struktura_predpriyatiya,b8b22075-4fdd-11ed-9c43-cb6d75bb653b,00-000530,Рожь 2020 г.,,,,false
Структура предприятия,raw.r1c_struktura_predpriyatiya,cf7d4c9a-4fdd-11ed-9c43-cb6d75bb653b,00-000533,Рэд Соня 20 га РС1 (уч12)  2022 г.,,,,false
Структура предприятия,raw.r1c_struktura_predpriyatiya,0352aa36-f5ea-11eb-9c3a-00505689ff45,000000363,"Сажалка ЧСН-4УН, №НЕТ2",,,,false
Структура предприятия,raw.r1c_struktura_predpriyatiya,48364e32-f5ea-11eb-9c3a-00505689ff45,000000364,"Сажалка ЧСН-4УН, №НЕТ3",,,,false
Структура предприятия,raw.r1c_struktura_predpriyatiya,37169435-4fdd-11ed-9c43-cb6d75bb653b,00-000506,Свекла премиум Аваланч 2021 г.,,,,false
Структура предприятия,raw.r1c_struktura_predpriyatiya,40200745-5db4-11ec-9c40-00505689c8d9,000000503,Свекла премиум Аваланч 2021 г.,,,,false
Структура предприятия,raw.r1c_struktura_predpriyatiya,aabfaea1-548f-11ed-9c43-cb6d75bb653b,00-000572,Свекла премиум Аваланч 2021 г.,,,,true
Структура предприятия,raw.r1c_struktura_predpriyatiya,3d58c1f4-4fdd-11ed-9c43-cb6d75bb653b,00-000507,Свекла премиум Болдор 2021 г.,,,,false
Структура предприятия,raw.r1c_struktura_predpriyatiya,4703388c-5db4-11ec-9c40-00505689c8d9,000000504,Свекла премиум Болдор 2021 г.,,,,false
Структура предприятия,raw.r1c_struktura_predpriyatiya,b1a23652-548f-11ed-9c43-cb6d75bb653b,00-000573,Свекла премиум Болдор 2021 г.,,,,true
Структура предприятия,raw.r1c_struktura_predpriyatiya,3d58c1f6-4fdd-11ed-9c43-cb6d75bb653b,00-000508,Свекла сорт Кестрел 2021 г.,,,,false
Структура предприятия,raw.r1c_struktura_predpriyatiya,4703388e-5db4-11ec-9c40-00505689c8d9,000000505,Свекла сорт Кестрел 2021 г.,,,,false
Структура предприятия,raw.r1c_struktura_predpriyatiya,b1a23654-548f-11ed-9c43-cb6d75bb653b,00-000574,Свекла сорт Кестрел 2021 г.,,,,true
Структура предприятия,raw.r1c_struktura_predpriyatiya,3d58c1f8-4fdd-11ed-9c43-cb6d75bb653b,00-000509,Свекла сорт Фалькон 2021 г.,,,,false
Структура предприятия,raw.r1c_struktura_predpriyatiya,4e43493f-5db4-11ec-9c40-00505689c8d9,000000506,Свекла сорт Фалькон 2021 г.,,,,false
Структура предприятия,raw.r1c_struktura_predpriyatiya,b91aab50-548f-11ed-9c43-cb6d75bb653b,00-000575,Свекла сорт Фалькон 2021 г.,,,,true
Структура предприятия,raw.r1c_struktura_predpriyatiya,a39cb98c-f5e8-11eb-9c3a-00505689ff45,000000358,"Сеялка UD 2000, №НЕТ1",,,,false
Структура предприятия,raw.r1c_struktura_predpriyatiya,e6ed7782-f5e8-11eb-9c3a-00505689ff45,000000359,"Сеялка СК-4, №352",,,,false
Структура предприятия,raw.r1c_struktura_predpriyatiya,58340fa9-f5e9-11eb-9c3a-00505689ff45,000000361,"Сеялка СПУ-6Д, №8833",,,,false
Структура предприятия,raw.r1c_struktura_predpriyatiya,b1974103-f5e9-11eb-9c3a-00505689ff45,000000362,"Сеялка СТВ-8К, №1504",,,,false
Структура предприятия,raw.r1c_struktura_predpriyatiya,25c6fd34-4fdd-11ed-9c43-cb6d75bb653b,00-000500,Сидераты 2020 г.,,,,false
Структура предприятия,raw.r1c_struktura_predpriyatiya,4e434941-5db4-11ec-9c40-00505689c8d9,000000507,Сидераты 2020 г.,,,,false
Структура предприятия,raw.r1c_struktura_predpriyatiya,00cfc16f-4fdd-11ed-9c43-cb6d75bb653b,00-000487,Сидераты 2021 г.,,,,false
Структура предприятия,raw.r1c_struktura_predpriyatiya,73f1f622-5485-11ed-9c43-cb6d75bb653b,00-000553,Сидераты 2021 г.,,,,false
Структура предприятия,raw.r1c_struktura_predpriyatiya,7e4ebba2-5db5-11ec-9c40-00505689c8d9,000000524,Сидераты 2021 г.,,,,false
Структура предприятия,raw.r1c_struktura_predpriyatiya,25c6fd32-4fdd-11ed-9c43-cb6d75bb653b,00-000499,Сидераты 2022 г.,,,,false
Структура предприятия,raw.r1c_struktura_predpriyatiya,9047586c-ebdf-11ec-9c42-89a3dcc9992a,00-000389,Сидераты 2022 г.,,,,false
Структура предприятия,raw.r1c_struktura_predpriyatiya,d3fbe3bb-08d2-11ed-9c43-00505689c8d9,00-000465,Сидераты 2022 г.,,,,false
Структура предприятия,raw.r1c_struktura_predpriyatiya,b35e21de-ee7d-11ed-9c4e-00505689ff45,00-000595,Сидераты 2023 г.,,,,false
Структура предприятия,raw.r1c_struktura_predpriyatiya,b0e7a999-e12c-11ee-9c4c-005056893620,00-000770,Сидераты 2024 г.,,,,false
Структура предприятия,raw.r1c_struktura_predpriyatiya,9524ac18-5589-11f0-b811-005056bde474,00-001027,Сидераты 2025 г.,,,,false
Структура предприятия,raw.r1c_struktura_predpriyatiya,39fe4df1-f38d-11f0-b81e-005056bde474,00-001099,Сидераты 2026 г.,,,,false
Структура предприятия,raw.r1c_struktura_predpriyatiya,f6926c17-0c0c-11ec-9c3a-00505689ff45,000000469,Склад Агро,,,,false
Структура предприятия,raw.r1c_struktura_predpriyatiya,d132bdeb-0c0c-11ec-9c3a-00505689ff45,000000468,Склад запчастей СХ,,,,false
Структура предприятия,raw.r1c_struktura_predpriyatiya,5ba0ef86-0c0c-11ec-9c3a-00505689ff45,000000463,Склады запчастей Оборудования,,,,false
Структура предприятия,raw.r1c_struktura_predpriyatiya,6330e313-0c0c-11ec-9c3a-00505689ff45,000000464,Склады стройматериалов и инвентаря,,,,false
Структура предприятия,raw.r1c_struktura_predpriyatiya,6629e023-571e-11f0-b811-005056bde474,00-001044,Служба ИТ,,,,false
Структура предприятия,raw.r1c_struktura_predpriyatiya,8698f877-0c0b-11ec-9c3a-00505689ff45,000000452,Служба безопасности,,,,true
Структура предприятия,raw.r1c_struktura_predpriyatiya,cc82419f-97d1-11ed-9c4c-00505689ff45,00-000591,Служба безопасности,,,,false
Структура предприятия,raw.r1c_struktura_predpriyatiya,94db31da-0c0b-11ec-9c3a-00505689ff45,000000453,Служба персонала,,,,true
Структура предприятия,raw.r1c_struktura_predpriyatiya,75b3a5a3-0bbe-11ec-9c3a-00505689ff45,000000450,"Стрелкорез, №НЕТ27",,,,false
Структура предприятия,raw.r1c_struktura_predpriyatiya,2d196bfe-4fde-11ed-9c43-cb6d75bb653b,00-000544,Топинамбур 2021 г.,,,,false
Структура предприятия,raw.r1c_struktura_predpriyatiya,f3033d8a-5db4-11ec-9c40-00505689c8d9,000000511,Топинамбур 2021 г.,,,,false
Структура предприятия,raw.r1c_struktura_predpriyatiya,1c0382a9-548d-11ed-9c43-cb6d75bb653b,00-000563,Топинамбур 2022 г.,,,,true
Структура предприятия,raw.r1c_struktura_predpriyatiya,ed9536da-4b7f-11f0-b810-005056bde474,00-001021,"Трактор Lovol 2604, Гос.№9130ХХ",,,,false
Структура предприятия,raw.r1c_struktura_predpriyatiya,bb1b1925-f08f-11eb-9c3a-00505689ff45,000000227,"Трактор Valtra T190, Гос.№1879ХР50",,,,false
Структура предприятия,raw.r1c_struktura_predpriyatiya,4165bcd1-f6a8-11eb-9c3a-00505689ff45,000000430,"Трактор К-701, Гос.№1881ХР50",,,,false
Структура предприятия,raw.r1c_struktura_predpriyatiya,53dd886a-f6a8-11eb-9c3a-00505689ff45,000000431,"Трактор К-701, Гос.№1915ХР50",,,,false
Структура предприятия,raw.r1c_struktura_predpriyatiya,17cff2b7-b8c9-11ec-9c42-00505689c8d9,00-000366,"Трактор К-701, Гос.№1919ХР50",,,,false
Структура предприятия,raw.r1c_struktura_predpriyatiya,65332ce1-f092-11eb-9c3a-00505689ff45,000000228,"Трактор К-701, Гос.№Б/НОТЕЦПАФ, Хоз.№Б/Н ОТЕЦ ПАФНУТИЙ",,,,false
Структура предприятия,raw.r1c_struktura_predpriyatiya,12bd5f30-f095-11eb-9c3a-00505689ff45,000000229,"Трактор К-742М, Гос.№1880ХР50",,,,false
Структура предприятия,raw.r1c_struktura_predpriyatiya,7db86bb7-f099-11eb-9c3a-00505689ff45,000000232,"Трактор МТЗ 1221.2, Гос.№1878ХР50",,,,true
Структура предприятия,raw.r1c_struktura_predpriyatiya,b20a861b-f09a-11eb-9c3a-00505689ff45,000000234,"Трактор МТЗ 1221.3, Гос.№1902ХР50",,,,false
Структура предприятия,raw.r1c_struktura_predpriyatiya,50d4a09b-f09a-11eb-9c3a-00505689ff45,000000233,"Трактор МТЗ 1221.3, Гос.№1918ХР50",,,,false
Структура предприятия,raw.r1c_struktura_predpriyatiya,586b970e-f09b-11eb-9c3a-00505689ff45,000000235,"Трактор МТЗ 1523.3, Гос.№1900ХР50",,,,false
Структура предприятия,raw.r1c_struktura_predpriyatiya,ab071f31-f09b-11eb-9c3a-00505689ff45,000000236,"Трактор МТЗ 1523.3, Гос.№1903ХР50",,,,false
Структура предприятия,raw.r1c_struktura_predpriyatiya,8bfbf50e-0a5e-11ec-9c3a-00505689ff45,000000440,"Трактор МТЗ 1523.3, Гос.№1904ХР50",,,,false
Структура предприятия,raw.r1c_struktura_predpriyatiya,7e0b87a1-f096-11eb-9c3a-00505689ff45,000000230,"Трактор МТЗ 80, Гос.№1916ХР50",,,,true
Структура предприятия,raw.r1c_struktura_predpriyatiya,2eab2699-f097-11eb-9c3a-00505689ff45,000000231,"Трактор МТЗ 80, Гос.№1917ХР50",,,,false
Структура предприятия,raw.r1c_struktura_predpriyatiya,a32ac11f-f09c-11eb-9c3a-00505689ff45,000000237,"Трактор МТЗ 82.1, Гос.№1882ХР50",,,,false
Структура предприятия,raw.r1c_struktura_predpriyatiya,428610d0-1203-11ec-9c3a-00505689ff45,000000473,"Трактор МТЗ 82.1, Гос.№1901ХР50",,,,false
Структура предприятия,raw.r1c_struktura_predpriyatiya,10f493f7-0c0c-11ec-9c3a-00505689ff45,000000457,Транспортный отдел собственного  автотранспорта АХО,,,,true
Структура предприятия,raw.r1c_struktura_predpriyatiya,a83e8e35-5727-11f0-b811-005056bde474,00-001052,Цех варки,,,,false
Структура предприятия,raw.r1c_struktura_predpriyatiya,eace97c8-0680-11ec-9c3a-00505689ff45,000000436,Цех глубокой переработки,,,,false
Структура предприятия,raw.r1c_struktura_predpriyatiya,df449dc1-0680-11ec-9c3a-00505689ff45,000000435,Цех легкой переработки,,,,false
Структура предприятия,raw.r1c_struktura_predpriyatiya,d50e3519-1717-11ec-9c3a-00505689ff45,АК-000264,Чеснок,,,,false
Структура предприятия,raw.r1c_struktura_predpriyatiya,2ff1a091-4fdd-11ed-9c43-cb6d75bb653b,00-000501,Чеснок озимый Георгий Комаров 2020 г.,,,,false
Структура предприятия,raw.r1c_struktura_predpriyatiya,9dc71e65-548f-11ed-9c43-cb6d75bb653b,00-000570,Чеснок озимый Георгий Комаров 2020 г.,,,,true
Структура предприятия,raw.r1c_struktura_predpriyatiya,9ef17d81-5db3-11ec-9c40-00505689c8d9,000000509,Чеснок озимый Георгий Комаров 2020 г.,,,,false
Структура предприятия,raw.r1c_struktura_predpriyatiya,d8e067db-f2ea-11eb-9c3a-00505689ff45,АК-000075,Чеснок озимый Георгий Комаров 2020 г.,,,,false
Структура предприятия,raw.r1c_struktura_predpriyatiya,87203edc-5db5-11ec-9c40-00505689c8d9,000000531,Чеснок озимый Георгий Комаров 2021 г.,,,,false
Структура предприятия,raw.r1c_struktura_predpriyatiya,c8453cc1-4fdd-11ed-9c43-cb6d75bb653b,00-000531,Чеснок озимый Георгий Комаров 2021 г.,,,,false
Структура предприятия,raw.r1c_struktura_predpriyatiya,f4fd29bf-5485-11ed-9c43-cb6d75bb653b,00-000555,Чеснок озимый Георгий Комаров 2021 г.,,,,true
Структура предприятия,raw.r1c_struktura_predpriyatiya,06ab3790-5486-11ed-9c43-cb6d75bb653b,00-000557,Чеснок озимый Георгий Комаров 2022 г.,,,,true
Структура предприятия,raw.r1c_struktura_predpriyatiya,72b70b1c-f545-11ed-9c4e-00505689ff45,00-000687,Чеснок озимый Георгий Комаров 2023 г.,,,,false
Структура предприятия,raw.r1c_struktura_predpriyatiya,27d6d81b-5489-11ed-9c43-cb6d75bb653b,00-000561,Чеснок озимый Гладиатор 2020 г.,,,,true
Структура предприятия,raw.r1c_struktura_predpriyatiya,5768086b-4fdd-11ed-9c43-cb6d75bb653b,00-000516,Чеснок озимый Гладиатор 2020 г.,,,,false
Структура предприятия,raw.r1c_struktura_predpriyatiya,9ef17d83-5db3-11ec-9c40-00505689c8d9,000000510,Чеснок озимый Гладиатор 2020 г.,,,,false
Структура предприятия,raw.r1c_struktura_predpriyatiya,a061f0dc-f2eb-11eb-9c3a-00505689ff45,АК-000079,Чеснок озимый Гладиатор 2020 г.,,,,false
Структура предприятия,raw.r1c_struktura_predpriyatiya,704fa85f-881c-11ed-9c4c-00505689ff45,00-000581,Чеснок озимый Любаша 2022 г.,,,,true
Структура предприятия,raw.r1c_struktura_predpriyatiya,74647cbe-f545-11ed-9c4e-00505689ff45,00-000688,Чеснок озимый Любаша 2023 г.,,,,false
Структура предприятия,raw.r1c_struktura_predpriyatiya,39ec3237-6fce-11ec-9c40-00505689c8d9,000000536,не использовать <Подразделение по умолчанию>,,,,false
Структура предприятия,raw.r1c_struktura_predpriyatiya,8371d83a-f5e7-11eb-9c3a-00505689ff45,000000226,не использовать Агротехнический департамент,,,,false
Структура предприятия,raw.r1c_struktura_predpriyatiya,7f27fc5c-0c0b-11ec-9c3a-00505689ff45,000000451,не использовать Бухгалтерия,,,,true
Структура предприятия,raw.r1c_struktura_predpriyatiya,0c2d5c08-fd21-11ec-9c42-89a3dcc9992a,00-000456,не использовать Инвестиционный департамент,,,,false
Структура предприятия,raw.r1c_struktura_predpriyatiya,a8e8f878-0c0a-11ec-9c3a-00505689ff45,000000446,не использовать Инженерный департамент,,,,false
Структура предприятия,raw.r1c_struktura_predpriyatiya,4d579b92-0c0c-11ec-9c3a-00505689ff45,000000462,не использовать Отдел продаж,,,,false
Структура предприятия,raw.r1c_struktura_predpriyatiya,35eb6590-0c0c-11ec-9c3a-00505689ff45,000000460,не использовать Склады семян,,,,false
Структура предприятия,raw.r1c_struktura_predpriyatiya,23dc78d3-0c0c-11ec-9c3a-00505689ff45,000000459,не использовать Транспортный отдел собственного  автотранспорта КД,,,,false
Структура предприятия,raw.r1c_struktura_predpriyatiya,1c66bd7b-0c0c-11ec-9c3a-00505689ff45,000000458,не использоватьТранспортный отдел привлеченного автопарка КД,,,,false
Структура предприятия,raw.r1c_struktura_predpriyatiya,c13bc8d7-8818-11ec-9c41-00505689c8d9,00-000363,"трактор ДТ 75, Гос.№БЕЗНОМЕРА",,,,false
