category,source_table,object_id,object_code,original_name,full_name,parent_id,is_folder,deletion_mark
Номенклатура — current,raw.r1c_nomenclature_current,2154c151-08be-11f1-b81f-005056bde474,00-00013702,Гайка М10,,6dd20a6a-51c7-11f0-b811-005056bde474,false,false
Номенклатура — current,raw.r1c_nomenclature_current,5fe73a23-f404-11ed-9c4e-00505689ff45,00-00008012,Гайка М10х1 коллектора латунь кл17,,9b060c03-71d9-11e7-85a2-d43d7eec442d,false,false
Номенклатура — current,raw.r1c_nomenclature_current,718ad929-4e34-11ed-9c43-cb6d75bb653b,00-00007296,"Гайка М12 *1,25 ГОСТ 5927-70",,9b060c03-71d9-11e7-85a2-d43d7eec442d,false,false
Номенклатура — current,raw.r1c_nomenclature_current,4cb693b5-7cbd-11ef-9c5d-00505689ff45,00-00011127,Гайка М12 колесная,,9b060c03-71d9-11e7-85a2-d43d7eec442d,false,false
Номенклатура — current,raw.r1c_nomenclature_current,3a36dc0e-4dfd-11f1-b821-005056bde474,00-00014242,"Гайка М12, М10, М8 лемеха, отвала ",,45c9e202-0a37-11f0-b80e-005056bde474,false,false
Номенклатура — current,raw.r1c_nomenclature_current,4d8c184b-b30e-11ef-9c5e-00505689ff45,00-00011453,Гайка М12-8 DIN 934,,9b060c03-71d9-11e7-85a2-d43d7eec442d,false,false
Номенклатура — current,raw.r1c_nomenclature_current,21220bea-370b-11f0-b80e-005056bde474,00-00012388,Гайка М12.8,,7aed3420-36f4-11f0-b80e-005056bde474,false,false
Номенклатура — current,raw.r1c_nomenclature_current,e91bb97f-e226-11ef-b80c-005056bde474,00-00011622,Гайка М14 с тефлоном шаровой опоры ,,9b060c03-71d9-11e7-85a2-d43d7eec442d,false,false
Номенклатура — current,raw.r1c_nomenclature_current,c8f53a98-5d97-11f1-b821-005056bde474,00-00014476,"Гайка М14х1,5-6Н МАЗ",,8a8d9eb2-4ea0-11f1-b821-005056bde474,false,false
Номенклатура — current,raw.r1c_nomenclature_current,b3566f99-f811-11ee-9c4c-005056893620,00-00010409,"Гайка М16х1,5 ",,9b060c03-71d9-11e7-85a2-d43d7eec442d,false,false
Номенклатура — current,raw.r1c_nomenclature_current,bd895768-d20f-11f0-b81e-005056bde474,00-00013061,"Гайка М16х8,0 DIN 934 ",,45c9e202-0a37-11f0-b80e-005056bde474,false,false
Номенклатура — current,raw.r1c_nomenclature_current,c0107caa-b30f-11ef-9c5e-00505689ff45,00-00011455,Гайка М20-6Н ,,9b060c03-71d9-11e7-85a2-d43d7eec442d,false,false
Номенклатура — current,raw.r1c_nomenclature_current,92c1e76d-b30d-11ef-9c5e-00505689ff45,00-00011452,Гайка М24 DIN934-8,,9b060c03-71d9-11e7-85a2-d43d7eec442d,false,false
Номенклатура — current,raw.r1c_nomenclature_current,9cda74bd-4aa3-11f1-b821-005056bde474,00-00014220,Гайка М36*4-10 с нейлоном ,,45c9e202-0a37-11f0-b80e-005056bde474,false,false
Номенклатура — current,raw.r1c_nomenclature_current,0cb108ba-5b4b-11f1-b821-005056bde474,00-00014454,Гайка М42х2,,cbedb3c1-4ea6-11f1-b821-005056bde474,false,false
Номенклатура — current,raw.r1c_nomenclature_current,551751ef-f8da-11ef-b80e-005056bde474,00-00011691,Гайка М42х2 низкая БДТ ,,9b060c03-71d9-11e7-85a2-d43d7eec442d,false,false
Номенклатура — current,raw.r1c_nomenclature_current,e2a09468-5b4a-11f1-b821-005056bde474,00-00014453,Гайка М42х2 низкая БДТ 00.622-01,,cbedb3c1-4ea6-11f1-b821-005056bde474,false,false
Номенклатура — current,raw.r1c_nomenclature_current,d86b7fe4-13d8-11f0-b80e-005056bde474,00-00011927,Гайка М42х3 ГОСТ 2524-70 БДТ 00.615.01,,45c9e202-0a37-11f0-b80e-005056bde474,false,false
Номенклатура — current,raw.r1c_nomenclature_current,e7a17f7c-32ba-11f1-b81f-005056bde474,00-00014000,Гайка М8,,9088eead-75dc-11e7-af18-30f7727a492e,false,false
Номенклатура — current,raw.r1c_nomenclature_current,cfaf937f-e064-11ee-9c4c-005056893620,00-00010266,Гайка МТЗ БЗТДиА 1221-3101013,,9b060c03-71d9-11e7-85a2-d43d7eec442d,false,false
Номенклатура — current,raw.r1c_nomenclature_current,9fea4232-e035-11f0-b81e-005056bde474,00-00013253,Гайка Нержавеющая М10 DIN 557 А2 квадратная 15 шт,,caeea65b-372d-11f1-b81f-005056bde474,false,false
Номенклатура — current,raw.r1c_nomenclature_current,d35dd0d9-e02f-11f0-b81e-005056bde474,00-00013232,Гайка Нержавеющая М10 DIN 6923 А2 с зазубринами шестигранная с фланцем 10 шт,,6dd20a6a-51c7-11f0-b811-005056bde474,false,false
Номенклатура — current,raw.r1c_nomenclature_current,0f2d622b-4be1-11ec-9c40-00505689c8d9,АК-00005650,Гайка О 6 мм,,9b060c03-71d9-11e7-85a2-d43d7eec442d,false,false
Номенклатура — current,raw.r1c_nomenclature_current,4d1da970-4be0-11ec-9c40-00505689c8d9,АК-00005647,Гайка О 8 мм,,9b060c03-71d9-11e7-85a2-d43d7eec442d,false,false
Номенклатура — current,raw.r1c_nomenclature_current,3ae53854-cf96-11eb-bd90-fa163e0d31f7,БП-00004212,"Гайка РМ 50х1,5 ",,9b060c03-71d9-11e7-85a2-d43d7eec442d,false,false
Номенклатура — current,raw.r1c_nomenclature_current,8c281e5e-bf04-11eb-1998-fa163e0d31f7,БП-00004039,Гайка внутренняя на шпильку ЗИЛ 130 (М18) (ГАЗ),,9b060c03-71d9-11e7-85a2-d43d7eec442d,false,false
Номенклатура — current,raw.r1c_nomenclature_current,56769add-808f-11ef-9c5d-00505689ff45,00-00011164,Гайка заднего колеса МТЗ ,,45c9e202-0a37-11f0-b80e-005056bde474,false,false
Номенклатура — current,raw.r1c_nomenclature_current,ebb40a2a-3a0e-11eb-dc8d-fa163e0d31f7,БП-00003385,"Гайка задняя М20х1,5-6н стремянки передней КАМАЗ с насечкой",,9b060c03-71d9-11e7-85a2-d43d7eec442d,false,false
Номенклатура — current,raw.r1c_nomenclature_current,1cff4770-3a0f-11eb-dc8d-fa163e0d31f7,БП-00003386,"Гайка задняя М24х2,0 стремянки задней УРАЛ",,9b060c03-71d9-11e7-85a2-d43d7eec442d,false,false
Номенклатура — current,raw.r1c_nomenclature_current,485dfec3-9ad4-11e8-af49-30f7727a492e,00-00001017,"Гайка задняя МТЗ, ЮМЗ",,9b060c03-71d9-11e7-85a2-d43d7eec442d,false,false
Номенклатура — current,raw.r1c_nomenclature_current,5304a265-a494-11ee-9c4c-005056893620,00-00010023,"Гайка кол.УАЗ М14*1,5 24-31029",,9b060c03-71d9-11e7-85a2-d43d7eec442d,false,false
Номенклатура — current,raw.r1c_nomenclature_current,dd441703-f69a-11f0-b81e-005056bde474,00-00013484,"Гайка колеса ЗИЛ-5301 М18*1,5",,45c9e202-0a37-11f0-b80e-005056bde474,false,false
Номенклатура — current,raw.r1c_nomenclature_current,ccfb3313-1fa0-11ec-9c3a-00505689ff45,АК-00005250,"Гайка колеса КАМАЗ,МАЗ Евро М22 5425-3101040",,9b060c03-71d9-11e7-85a2-d43d7eec442d,false,false
Номенклатура — current,raw.r1c_nomenclature_current,cbf9911d-72cd-11e8-af41-30f7727a492e,00-00000920,Гайка колеса М 20*15 ,,9b060c03-71d9-11e7-85a2-d43d7eec442d,false,false
Номенклатура — current,raw.r1c_nomenclature_current,5a3a7060-d18c-11ee-9c4c-005056893620,00-00010212,Гайка колеса Соболь,,9b060c03-71d9-11e7-85a2-d43d7eec442d,false,false
Номенклатура — current,raw.r1c_nomenclature_current,fdb7b6e0-a079-11f0-b81d-005056bde474,00-00012783,Гайка колпачковая DIN 1587 M14,,e857fb59-7295-11f0-b814-005056bde474,false,false
Номенклатура — current,raw.r1c_nomenclature_current,125b7e6e-a07a-11f0-b81d-005056bde474,00-00012784,Гайка колпачковая DIN 1587 M16,,e857fb59-7295-11f0-b814-005056bde474,false,false
Номенклатура — current,raw.r1c_nomenclature_current,b12226b4-622b-11ec-9c40-00505689c8d9,АК-00005813,"Гайка корончатая на рулевой палец М18*1,5 3003032",,9b060c03-71d9-11e7-85a2-d43d7eec442d,false,false
Номенклатура — current,raw.r1c_nomenclature_current,16807d4e-1749-11ed-9c43-cb6d75bb653b,00-00006867,Гайка корончатая палеца задней рессоры 303024-П,,9b060c03-71d9-11e7-85a2-d43d7eec442d,false,false
Номенклатура — current,raw.r1c_nomenclature_current,f469b4a5-1f8a-11ec-9c3a-00505689ff45,АК-00005227,"Гайка крепления передней ступицы МТЗ, ЮМЗ 40-3103017 ",,9b060c03-71d9-11e7-85a2-d43d7eec442d,false,false
Номенклатура — current,raw.r1c_nomenclature_current,c7fd237a-bf04-11eb-1998-fa163e0d31f7,БП-00004040,"Гайка круглая 80-1701045 М45*1,5 Н=14 с буртиком",,9b060c03-71d9-11e7-85a2-d43d7eec442d,false,false
Номенклатура — current,raw.r1c_nomenclature_current,3941ecf3-8f0e-11e8-af45-30f7727a492e,00-00000979,Гайка м 10 ,,9b060c03-71d9-11e7-85a2-d43d7eec442d,false,false
Номенклатура — current,raw.r1c_nomenclature_current,2200c20a-dc06-11e8-af56-30f7727a492e,БП-00004069,Гайка м 10 1эт,,9b060c03-71d9-11e7-85a2-d43d7eec442d,false,false
Номенклатура — current,raw.r1c_nomenclature_current,ec18c9fb-ff61-11e7-af2b-30f7727a492e,00-00000665,Гайка м 12 ,,9b060c03-71d9-11e7-85a2-d43d7eec442d,false,false
Номенклатура — current,raw.r1c_nomenclature_current,2db5c03f-6a41-11e9-af6b-30f7727a492e,00-00001550,"Гайка м 12 *1,25*15 ГАЗ-24 стремянки",,9b060c03-71d9-11e7-85a2-d43d7eec442d,false,false
Номенклатура — current,raw.r1c_nomenclature_current,a98eda30-b33a-11e7-a3e1-94de80168a80,00-00000402,Гайка м 12 1эт,,9b060c03-71d9-11e7-85a2-d43d7eec442d,false,false
Номенклатура — current,raw.r1c_nomenclature_current,cbf9910b-72cd-11e8-af41-30f7727a492e,00-00000912,Гайка м 14х1.5.8,,9b060c03-71d9-11e7-85a2-d43d7eec442d,false,false
Номенклатура — current,raw.r1c_nomenclature_current,2ff2b60d-0010-11ec-9c3a-00505689ff45,АК-00003948,Гайка м 14х1.5.КАМАЗ многоцелевая с нейлоном,,9b060c03-71d9-11e7-85a2-d43d7eec442d,false,false
Номенклатура — current,raw.r1c_nomenclature_current,ce74ba22-1ab5-11eb-c693-fa163e0d31f7,БП-00003185,Гайка м 18х1.5 опоры двигателя ЗИЛ-130 250907 п29,,9b060c03-71d9-11e7-85a2-d43d7eec442d,false,false
Номенклатура — current,raw.r1c_nomenclature_current,2adfefca-003c-11ec-9c3a-00505689ff45,АК-00003997,Гайка м 20х1.5 колеса ЗИЛ 4331-3104058,,9b060c03-71d9-11e7-85a2-d43d7eec442d,false,false
Номенклатура — current,raw.r1c_nomenclature_current,80c903ee-9b99-11e8-af49-30f7727a492e,00-00001044,Гайка м 42*3,,9b060c03-71d9-11e7-85a2-d43d7eec442d,false,false
Номенклатура — current,raw.r1c_nomenclature_current,00c42407-3bbd-11e8-af35-30f7727a492e,00-00000776,Гайка м 42*3-01 оси и упор батарей,,9b060c03-71d9-11e7-85a2-d43d7eec442d,false,false
Номенклатура — current,raw.r1c_nomenclature_current,de1714a4-8a12-11e7-af1d-30f7727a492e,00-00000283,Гайка м 6,,9b060c03-71d9-11e7-85a2-d43d7eec442d,false,false
Номенклатура — current,raw.r1c_nomenclature_current,ad56cc40-646b-11ef-9c5c-00505689ff45,00-00010924,Гайка накидная DKOL M22*1.5,,9b060c03-71d9-11e7-85a2-d43d7eec442d,false,false
Номенклатура — current,raw.r1c_nomenclature_current,06a3dd91-9698-11ea-952a-30f7727a492e,00-00002626,Гайка оцинкованная DIN 934 М10,,9b060c03-71d9-11e7-85a2-d43d7eec442d,false,false
Номенклатура — current,raw.r1c_nomenclature_current,06a3dd92-9698-11ea-952a-30f7727a492e,00-00002627,Гайка оцинкованная DIN 934 М12,,9b060c03-71d9-11e7-85a2-d43d7eec442d,false,false
Номенклатура — current,raw.r1c_nomenclature_current,06a3dd93-9698-11ea-952a-30f7727a492e,00-00002628,Гайка оцинкованная DIN 934 М18,,9b060c03-71d9-11e7-85a2-d43d7eec442d,false,false
Номенклатура — current,raw.r1c_nomenclature_current,06a3dd94-9698-11ea-952a-30f7727a492e,00-00002629,Гайка оцинкованная DIN 934 М20,,9b060c03-71d9-11e7-85a2-d43d7eec442d,false,false
Номенклатура — current,raw.r1c_nomenclature_current,06a3dd95-9698-11ea-952a-30f7727a492e,00-00002630,Гайка оцинкованная DIN 934 М22,,9b060c03-71d9-11e7-85a2-d43d7eec442d,false,false
Номенклатура — current,raw.r1c_nomenclature_current,06a3dd96-9698-11ea-952a-30f7727a492e,00-00002631,Гайка оцинкованная DIN 934 М6,,9b060c03-71d9-11e7-85a2-d43d7eec442d,false,false
Номенклатура — current,raw.r1c_nomenclature_current,06a3dd97-9698-11ea-952a-30f7727a492e,00-00002632,Гайка оцинкованная DIN 934 М8,,9b060c03-71d9-11e7-85a2-d43d7eec442d,false,false
Номенклатура — current,raw.r1c_nomenclature_current,ff5be386-1ab5-11eb-c693-fa163e0d31f7,БП-00003186,Гайка переднего колеса МТЗ,,9b060c03-71d9-11e7-85a2-d43d7eec442d,false,false
Номенклатура — current,raw.r1c_nomenclature_current,92f051fc-0e73-11ee-9c4e-00505689ff45,00-00008167,Гайка переднего колеса МТЗ 40.ТЗ103017,,9b060c03-71d9-11e7-85a2-d43d7eec442d,false,false
Номенклатура — current,raw.r1c_nomenclature_current,3f5d349f-4203-11ec-9c41-00505689db63,АК-00005553,Гайка переднего колеса левая ГАЗ-53 (120-3103018),,9b060c03-71d9-11e7-85a2-d43d7eec442d,false,false
Номенклатура — current,raw.r1c_nomenclature_current,61742ed1-4203-11ec-9c41-00505689db63,АК-00005554,Гайка переднего колеса правая ГАЗ-53 (120-3103018),,9b060c03-71d9-11e7-85a2-d43d7eec442d,false,false
Номенклатура — current,raw.r1c_nomenclature_current,02a00e53-1fa2-11ec-9c3a-00505689ff45,АК-00005252,"Гайка рулевых тяг 5320-3414070 М24*1,5",,9b060c03-71d9-11e7-85a2-d43d7eec442d,false,false
Номенклатура — current,raw.r1c_nomenclature_current,c8c9158d-f92c-11ef-b80e-005056bde474,00-00011730,Гайка с фланцем,,9b060c03-71d9-11e7-85a2-d43d7eec442d,false,false
Номенклатура — current,raw.r1c_nomenclature_current,9135c20c-f8e7-11ef-b80e-005056bde474,00-00011707,Гайка самоконтрящаяся DIN985-NM16-8,,cbedb3c1-4ea6-11f1-b821-005056bde474,false,false
Номенклатура — current,raw.r1c_nomenclature_current,ca216252-f8e7-11ef-b80e-005056bde474,00-00011708,Гайка самоконтрящаяся DIN985-NM20-8 zn,,9b060c03-71d9-11e7-85a2-d43d7eec442d,false,false
Номенклатура — current,raw.r1c_nomenclature_current,06a3dd98-9698-11ea-952a-30f7727a492e,00-00002633,Гайка самоконтрящаяся с нейлоновым кольцом цинк DIN 985 М10,,9b060c03-71d9-11e7-85a2-d43d7eec442d,false,false
Номенклатура — current,raw.r1c_nomenclature_current,06a3dd99-9698-11ea-952a-30f7727a492e,00-00002634,Гайка самоконтрящаяся с нейлоновым кольцом цинк DIN 985 М12,,9b060c03-71d9-11e7-85a2-d43d7eec442d,false,false
Номенклатура — current,raw.r1c_nomenclature_current,06a3dd9a-9698-11ea-952a-30f7727a492e,00-00002635,Гайка самоконтрящаяся с нейлоновым кольцом цинк DIN 985 М14,,9b060c03-71d9-11e7-85a2-d43d7eec442d,false,false
Номенклатура — current,raw.r1c_nomenclature_current,06a3dd9b-9698-11ea-952a-30f7727a492e,00-00002636,Гайка самоконтрящаяся с нейлоновым кольцом цинк DIN 985 М16,,9b060c03-71d9-11e7-85a2-d43d7eec442d,false,false
Номенклатура — current,raw.r1c_nomenclature_current,06a3dd9c-9698-11ea-952a-30f7727a492e,00-00002637,Гайка самоконтрящаяся с нейлоновым кольцом цинк DIN 985 М6,,9b060c03-71d9-11e7-85a2-d43d7eec442d,false,false
Номенклатура — current,raw.r1c_nomenclature_current,06a3dd9d-9698-11ea-952a-30f7727a492e,00-00002638,Гайка самоконтрящаяся с нейлоновым кольцом цинк DIN 985 М8,,9b060c03-71d9-11e7-85a2-d43d7eec442d,false,false
Номенклатура — current,raw.r1c_nomenclature_current,b970c017-ff1e-11ed-9c4e-00505689ff45,00-00008062,"Гайка самостоп М 12х1,25.8",,45c9e202-0a37-11f0-b80e-005056bde474,false,false
Номенклатура — current,raw.r1c_nomenclature_current,a3b1f1f6-2b0d-11f0-b80e-005056bde474,00-00012148,"Гайка самостоп. М12х1,25.8",,45c9e202-0a37-11f0-b80e-005056bde474,false,false
Номенклатура — current,raw.r1c_nomenclature_current,9df04a14-1f93-11ec-9c3a-00505689ff45,АК-00005243,Гайка самостоп.М 10.8,,9b060c03-71d9-11e7-85a2-d43d7eec442d,false,false
Номенклатура — current,raw.r1c_nomenclature_current,8d061e8a-aafa-11ea-bf8d-fa163ee5d2f9,БП-00002751,"Гайка самостоп.М 12 *1,25*8",,9b060c03-71d9-11e7-85a2-d43d7eec442d,false,false
Номенклатура — current,raw.r1c_nomenclature_current,5d06a912-1f93-11ec-9c3a-00505689ff45,АК-00005242,Гайка самостоп.М 12.8,,9b060c03-71d9-11e7-85a2-d43d7eec442d,false,false
Номенклатура — current,raw.r1c_nomenclature_current,d047e7a2-1fa7-11ec-9c3a-00505689ff45,АК-00005261,Гайка стремянки МАЗ М24*2,,9b060c03-71d9-11e7-85a2-d43d7eec442d,false,false
Номенклатура — current,raw.r1c_nomenclature_current,e9a1367b-a084-11f0-b81d-005056bde474,00-00012826,"Гайка шестигранная M 6мм DIN 934, нержавеющая сталь",,e857fb59-7295-11f0-b814-005056bde474,false,false
Номенклатура — current,raw.r1c_nomenclature_current,4ce400a4-463f-11ee-9c4e-00505689ff45,00-00009397,Гайка шестигранная М 6 DN934/10,,9b060c03-71d9-11e7-85a2-d43d7eec442d,false,false
Номенклатура — current,raw.r1c_nomenclature_current,c724380c-e035-11f0-b81e-005056bde474,00-00013254,Гайка шестигранная М10 цинк класс прочности 6 DIN 934 10 штук,,caeea65b-372d-11f1-b81f-005056bde474,false,false
Номенклатура — current,raw.r1c_nomenclature_current,49d276b3-94a7-11f0-b818-005056bde474,00-00012752,Гайка шестигранная колпачковая M12,,e857fb59-7295-11f0-b814-005056bde474,false,false
Номенклатура — current,raw.r1c_nomenclature_current,e5678cd8-3a0d-11eb-dc8d-fa163e0d31f7,БП-00003384,Гайка №16,,9b060c03-71d9-11e7-85a2-d43d7eec442d,false,false
Номенклатура — current,raw.r1c_nomenclature_current,8a1faa49-f70d-11f0-b81e-005056bde474,00-00013591,Гайка+шайба М8,,f8eb77bf-3d8a-11f1-b821-005056bde474,false,false
Номенклатура — current,raw.r1c_nomenclature_current,5ef3de6d-5b0c-11f0-b811-005056bde474,00-00012495,Гайковерт INGCO 850,,f990038e-0a38-11f0-b80e-005056bde474,false,false
Номенклатура — current,raw.r1c_nomenclature_current,360fb608-17d3-11ed-9c43-cb6d75bb653b,00-00006876,Гайконверт Jonnesvau JAI-1114 пневматический ударный композитный 1/2 DR 9500 об/мин ,,9088eeaf-75dc-11e7-af18-30f7727a492e,false,false
Номенклатура — current,raw.r1c_nomenclature_current,533dfbae-ff80-11ed-9c4e-00505689ff45,00-00008069,Гайконверт aк Makita DTW285Z,,9088eeaf-75dc-11e7-af18-30f7727a492e,false,false
Номенклатура — current,raw.r1c_nomenclature_current,76c7e006-8815-11e9-af70-30f7727a492e,00-00001658,Гайконверт механический (УКМ) (головка S=32 33 L=330мм 1х78 6800Нм),,9b060c03-71d9-11e7-85a2-d43d7eec442d,false,false
Номенклатура — current,raw.r1c_nomenclature_current,1fa77055-f2de-11eb-9c3a-00505689ff45,АК-00003305,"Гайтан, КЭ Гербицид ",,5e0b1519-531c-11f0-b811-005056bde474,false,false
Номенклатура — current,raw.r1c_nomenclature_current,404756ff-40bb-11ee-9c4e-00505689ff45,00-00009161,"Гала РС1  Сетка-домик 1,5кг. Без полива",,44afa757-6157-11eb-9c2d-0050560417d5,false,false
Номенклатура — current,raw.r1c_nomenclature_current,40475505-40bb-11ee-9c4e-00505689ff45,00-00009160,"Гала РС1  Сетка-домик 1,5кг. Полив",,44afa757-6157-11eb-9c2d-0050560417d5,false,false
Номенклатура — current,raw.r1c_nomenclature_current,474e6fda-40bb-11ee-9c4e-00505689ff45,00-00009189,Гала РС1  Сетка-домик 2кг. Без полива,,44afa757-6157-11eb-9c2d-0050560417d5,false,false
Номенклатура — current,raw.r1c_nomenclature_current,4719f372-40bb-11ee-9c4e-00505689ff45,00-00009188,Гала РС1  Сетка-домик 2кг. Полив,,44afa757-6157-11eb-9c2d-0050560417d5,false,false
Номенклатура — current,raw.r1c_nomenclature_current,95a06c8d-40ba-11ee-9c4e-00505689ff45,00-00008825,Гала РС1  грязный Сетка на рулоне 2.5кг Без полива,,731f2b5d-6157-11eb-9c2d-0050560417d5,false,false
Номенклатура — current,raw.r1c_nomenclature_current,9569b574-40ba-11ee-9c4e-00505689ff45,00-00008824,Гала РС1  грязный Сетка на рулоне 2.5кг Полив,,731f2b5d-6157-11eb-9c2d-0050560417d5,false,false
Номенклатура — current,raw.r1c_nomenclature_current,815bb440-40ba-11ee-9c4e-00505689ff45,00-00008769,Гала РС1  очищенный в ву 1кг. Без полива,,b60b8b28-6156-11eb-9c2d-0050560417d5,false,false
Номенклатура — current,raw.r1c_nomenclature_current,8127b2bd-40ba-11ee-9c4e-00505689ff45,00-00008768,Гала РС1  очищенный в ву 1кг. Полив,,b60b8b28-6156-11eb-9c2d-0050560417d5,false,false
Номенклатура — current,raw.r1c_nomenclature_current,8728fd67-40ba-11ee-9c4e-00505689ff45,00-00008797,Гала РС1  очищенный в ву 5кг. Без полива,,b60b8b28-6156-11eb-9c2d-0050560417d5,false,false
Номенклатура — current,raw.r1c_nomenclature_current,85ef6648-40ba-11ee-9c4e-00505689ff45,00-00008796,Гала РС1  очищенный в ву 5кг. Полив,,b60b8b28-6156-11eb-9c2d-0050560417d5,false,false
Номенклатура — current,raw.r1c_nomenclature_current,61207187-40ba-11ee-9c4e-00505689ff45,00-00008713,"Гала РС1  пастеризованный 0,5кг. Без полива",,b60b8b28-6156-11eb-9c2d-0050560417d5,false,false
Номенклатура — current,raw.r1c_nomenclature_current,61207185-40ba-11ee-9c4e-00505689ff45,00-00008712,"Гала РС1  пастеризованный 0,5кг. Полив",,b60b8b28-6156-11eb-9c2d-0050560417d5,false,false
Номенклатура — current,raw.r1c_nomenclature_current,b25130ca-40ba-11ee-9c4e-00505689ff45,00-00008965,Гала РС1 грязный  Сетка на завязке 25кг. Без полива,,731f2b5d-6157-11eb-9c2d-0050560417d5,false,false
Номенклатура — current,raw.r1c_nomenclature_current,b25126f4-40ba-11ee-9c4e-00505689ff45,00-00008964,Гала РС1 грязный  Сетка на завязке 25кг. Полив,,731f2b5d-6157-11eb-9c2d-0050560417d5,false,false
Номенклатура — current,raw.r1c_nomenclature_current,a603cf18-40ba-11ee-9c4e-00505689ff45,00-00008909,Гала РС1 грязный  Сетка на рулоне 10кг. Без полива,,731f2b5d-6157-11eb-9c2d-0050560417d5,false,false
Номенклатура — current,raw.r1c_nomenclature_current,a603cf17-40ba-11ee-9c4e-00505689ff45,00-00008908,Гала РС1 грязный  Сетка на рулоне 10кг. Полив,,731f2b5d-6157-11eb-9c2d-0050560417d5,false,false
Номенклатура — current,raw.r1c_nomenclature_current,ad91b3c6-40ba-11ee-9c4e-00505689ff45,00-00008937,Гала РС1 грязный  Сетка на рулоне 25кг. Без полива,,731f2b5d-6157-11eb-9c2d-0050560417d5,false,false
Номенклатура — current,raw.r1c_nomenclature_current,ad5aecf5-40ba-11ee-9c4e-00505689ff45,00-00008936,Гала РС1 грязный  Сетка на рулоне 25кг. Полив,,731f2b5d-6157-11eb-9c2d-0050560417d5,false,false
Номенклатура — current,raw.r1c_nomenclature_current,9bb1320d-40ba-11ee-9c4e-00505689ff45,00-00008853,Гала РС1 грязный  Сетка на рулоне 3кг. Без полива,,731f2b5d-6157-11eb-9c2d-0050560417d5,false,false
Номенклатура — current,raw.r1c_nomenclature_current,9bb1247d-40ba-11ee-9c4e-00505689ff45,00-00008852,Гала РС1 грязный  Сетка на рулоне 3кг. Полив,,731f2b5d-6157-11eb-9c2d-0050560417d5,false,false
Номенклатура — current,raw.r1c_nomenclature_current,a0f95763-40ba-11ee-9c4e-00505689ff45,00-00008881,Гала РС1 грязный  Сетка на рулоне 5кг. Без полива,,731f2b5d-6157-11eb-9c2d-0050560417d5,false,false
Номенклатура — current,raw.r1c_nomenclature_current,a0f95762-40ba-11ee-9c4e-00505689ff45,00-00008880,Гала РС1 грязный  Сетка на рулоне 5кг. Полив,,731f2b5d-6157-11eb-9c2d-0050560417d5,false,false
Номенклатура — current,raw.r1c_nomenclature_current,b44b3e34-40ba-11ee-9c4e-00505689ff45,00-00008993,Гала РС1 грязный  биг-бег 1000кг. Без полива,,731f2b5d-6157-11eb-9c2d-0050560417d5,false,false
Номенклатура — current,raw.r1c_nomenclature_current,b44b3e33-40ba-11ee-9c4e-00505689ff45,00-00008992,Гала РС1 грязный  биг-бег 1000кг. Полив,,731f2b5d-6157-11eb-9c2d-0050560417d5,false,false
Номенклатура — current,raw.r1c_nomenclature_current,ea7c6c49-40ba-11ee-9c4e-00505689ff45,00-00009105,Гала РС1 мытый  Биг-бег 1000кг. Без полива,,44afa757-6157-11eb-9c2d-0050560417d5,false,false
Номенклатура — current,raw.r1c_nomenclature_current,ea7c6c24-40ba-11ee-9c4e-00505689ff45,00-00009104,Гала РС1 мытый  Биг-бег 1000кг. Полив,,44afa757-6157-11eb-9c2d-0050560417d5,false,false
Номенклатура — current,raw.r1c_nomenclature_current,e47580b0-40ba-11ee-9c4e-00505689ff45,00-00009077,Гала РС1 мытый Сетка 25кг. Без полива,,44afa757-6157-11eb-9c2d-0050560417d5,false,false
Номенклатура — current,raw.r1c_nomenclature_current,e47580af-40ba-11ee-9c4e-00505689ff45,00-00009076,Гала РС1 мытый Сетка 25кг. Полив,,44afa757-6157-11eb-9c2d-0050560417d5,false,false
Номенклатура — current,raw.r1c_nomenclature_current,f0c35a59-40ba-11ee-9c4e-00505689ff45,00-00009133,Гала РС1 мытый Сетка на рулоне 2.5кг Без полива,,44afa757-6157-11eb-9c2d-0050560417d5,false,false
Номенклатура — current,raw.r1c_nomenclature_current,f0747b73-40ba-11ee-9c4e-00505689ff45,00-00009132,Гала РС1 мытый Сетка на рулоне 2.5кг Полив,,44afa757-6157-11eb-9c2d-0050560417d5,false,false
Номенклатура — current,raw.r1c_nomenclature_current,da67bbf0-40ba-11ee-9c4e-00505689ff45,00-00009021,"Гала РС1 мытый Сетка-домик 2,5кг. Без полива",,44afa757-6157-11eb-9c2d-0050560417d5,false,false
Номенклатура — current,raw.r1c_nomenclature_current,da67bbee-40ba-11ee-9c4e-00505689ff45,00-00009020,"Гала РС1 мытый Сетка-домик 2,5кг. Полив",,44afa757-6157-11eb-9c2d-0050560417d5,false,false
Номенклатура — current,raw.r1c_nomenclature_current,e03e1319-40ba-11ee-9c4e-00505689ff45,00-00009049,Гала РС1 мытый Сетка-домик 3кг Без полива,,44afa757-6157-11eb-9c2d-0050560417d5,false,false
Номенклатура — current,raw.r1c_nomenclature_current,e010e18b-40ba-11ee-9c4e-00505689ff45,00-00009048,Гала РС1 мытый Сетка-домик 3кг Полив,,44afa757-6157-11eb-9c2d-0050560417d5,false,false
Номенклатура — current,raw.r1c_nomenclature_current,d63b5937-40b9-11ee-9c4e-00505689ff45,00-00008657,Гала РС1 семена  Сетка на завязке 25кг. Без полива,,b60b8b28-6156-11eb-9c2d-0050560417d5,false,false
Номенклатура — current,raw.r1c_nomenclature_current,d63b5936-40b9-11ee-9c4e-00505689ff45,00-00008656,Гала РС1 семена  Сетка на завязке 25кг. Полив,,b60b8b28-6156-11eb-9c2d-0050560417d5,false,false
Номенклатура — current,raw.r1c_nomenclature_current,d41a250b-40b9-11ee-9c4e-00505689ff45,00-00008629,Гала РС1 семена  Сетка на рулоне 25кг. Без полива,,b60b8b28-6156-11eb-9c2d-0050560417d5,false,false
Номенклатура — current,raw.r1c_nomenclature_current,d41a148d-40b9-11ee-9c4e-00505689ff45,00-00008628,Гала РС1 семена  Сетка на рулоне 25кг. Полив,,b60b8b28-6156-11eb-9c2d-0050560417d5,false,false
Номенклатура — current,raw.r1c_nomenclature_current,3e39b0a2-40ba-11ee-9c4e-00505689ff45,00-00008687,Гала РС1 семена  биг-бег 1000кг. Без полива,,b60b8b28-6156-11eb-9c2d-0050560417d5,false,false
Номенклатура — current,raw.r1c_nomenclature_current,dcf58af8-40b9-11ee-9c4e-00505689ff45,00-00008684,Гала РС1 семена  биг-бег 1000кг. Полив,,b60b8b28-6156-11eb-9c2d-0050560417d5,false,false
Номенклатура — current,raw.r1c_nomenclature_current,70b17032-40ba-11ee-9c4e-00505689ff45,00-00008741,"Гала РС1 семена  пастеризованный 0,5кг. Без полива",,b60b8b28-6156-11eb-9c2d-0050560417d5,false,false
Номенклатура — current,raw.r1c_nomenclature_current,7071f4a3-40ba-11ee-9c4e-00505689ff45,00-00008740,"Гала РС1 семена  пастеризованный 0,5кг. Полив",,b60b8b28-6156-11eb-9c2d-0050560417d5,false,false
Номенклатура — current,raw.r1c_nomenclature_current,ca47a9ee-40b9-11ee-9c4e-00505689ff45,00-00008573,Гала РС1 эконом  Сетка на рулоне 2.5кг. Без полива,,44afa757-6157-11eb-9c2d-0050560417d5,false,false
Номенклатура — current,raw.r1c_nomenclature_current,ca47a9ec-40b9-11ee-9c4e-00505689ff45,00-00008572,Гала РС1 эконом  Сетка на рулоне 2.5кг. Полив,,44afa757-6157-11eb-9c2d-0050560417d5,false,false
Номенклатура — current,raw.r1c_nomenclature_current,cfaf2997-40b9-11ee-9c4e-00505689ff45,00-00008601,Гала РС1 эконом  Сетка на рулоне 3кг. Без полива,,44afa757-6157-11eb-9c2d-0050560417d5,false,false
Номенклатура — current,raw.r1c_nomenclature_current,cf89c103-40b9-11ee-9c4e-00505689ff45,00-00008600,Гала РС1 эконом  Сетка на рулоне 3кг. Полив,,44afa757-6157-11eb-9c2d-0050560417d5,false,false
Номенклатура — current,raw.r1c_nomenclature_current,40475701-40bb-11ee-9c4e-00505689ff45,00-00009163,"Гала РС2  Сетка-домик 1,5кг. Без полива",,44afa757-6157-11eb-9c2d-0050560417d5,false,false
Номенклатура — current,raw.r1c_nomenclature_current,40475700-40bb-11ee-9c4e-00505689ff45,00-00009162,"Гала РС2  Сетка-домик 1,5кг. Полив",,44afa757-6157-11eb-9c2d-0050560417d5,false,false
Номенклатура — current,raw.r1c_nomenclature_current,47e028f0-40bb-11ee-9c4e-00505689ff45,00-00009191,Гала РС2  Сетка-домик 2кг. Без полива,,44afa757-6157-11eb-9c2d-0050560417d5,false,false
Номенклатура — current,raw.r1c_nomenclature_current,a0f95765-40ba-11ee-9c4e-00505689ff45,00-00008883,Гала РС2  грязный Сетка на рулоне 5кг. Без полива,,731f2b5d-6157-11eb-9c2d-0050560417d5,false,false
Номенклатура — current,raw.r1c_nomenclature_current,a0f95764-40ba-11ee-9c4e-00505689ff45,00-00008882,Гала РС2  грязный Сетка на рулоне 5кг. Полив,,731f2b5d-6157-11eb-9c2d-0050560417d5,false,false
Номенклатура — current,raw.r1c_nomenclature_current,81c4314b-40ba-11ee-9c4e-00505689ff45,00-00008771,Гала РС2  очищенный в ву 1кг. Без полива,,b60b8b28-6156-11eb-9c2d-0050560417d5,false,false
Номенклатура — current,raw.r1c_nomenclature_current,8187c68e-40ba-11ee-9c4e-00505689ff45,00-00008770,Гала РС2  очищенный в ву 1кг. Полив,,b60b8b28-6156-11eb-9c2d-0050560417d5,false,false
Номенклатура — current,raw.r1c_nomenclature_current,87a6c58c-40ba-11ee-9c4e-00505689ff45,00-00008799,Гала РС2  очищенный в ву 5кг. Без полива,,b60b8b28-6156-11eb-9c2d-0050560417d5,false,false
Номенклатура — current,raw.r1c_nomenclature_current,8729137c-40ba-11ee-9c4e-00505689ff45,00-00008798,Гала РС2  очищенный в ву 5кг. Полив,,b60b8b28-6156-11eb-9c2d-0050560417d5,false,false
Номенклатура — current,raw.r1c_nomenclature_current,61207189-40ba-11ee-9c4e-00505689ff45,00-00008715,"Гала РС2  пастеризованный 0,5кг. Без полива",,b60b8b28-6156-11eb-9c2d-0050560417d5,false,false
Номенклатура — current,raw.r1c_nomenclature_current,61207188-40ba-11ee-9c4e-00505689ff45,00-00008714,"Гала РС2  пастеризованный 0,5кг. Полив",,b60b8b28-6156-11eb-9c2d-0050560417d5,false,false
Номенклатура — current,raw.r1c_nomenclature_current,70f9aa45-40ba-11ee-9c4e-00505689ff45,00-00008743,"Гала РС2  семена пастеризованный 0,5кг. Без полива",,b60b8b28-6156-11eb-9c2d-0050560417d5,false,false
Номенклатура — current,raw.r1c_nomenclature_current,70d5b609-40ba-11ee-9c4e-00505689ff45,00-00008742,"Гала РС2  семена пастеризованный 0,5кг. Полив",,b60b8b28-6156-11eb-9c2d-0050560417d5,false,false
Номенклатура — current,raw.r1c_nomenclature_current,ca47a9f0-40b9-11ee-9c4e-00505689ff45,00-00008575,Гала РС2  эконом  Сетка на рулоне 2.5кг. Без полива,,44afa757-6157-11eb-9c2d-0050560417d5,false,false
Номенклатура — current,raw.r1c_nomenclature_current,ca47a9ef-40b9-11ee-9c4e-00505689ff45,00-00008574,Гала РС2  эконом  Сетка на рулоне 2.5кг. Полив,,44afa757-6157-11eb-9c2d-0050560417d5,false,false
Номенклатура — current,raw.r1c_nomenclature_current,d012451f-40b9-11ee-9c4e-00505689ff45,00-00008603,Гала РС2  эконом  Сетка на рулоне 3кг. Без полива,,44afa757-6157-11eb-9c2d-0050560417d5,false,false
Номенклатура — current,raw.r1c_nomenclature_current,cfe3725a-40b9-11ee-9c4e-00505689ff45,00-00008602,Гала РС2  эконом  Сетка на рулоне 3кг. Полив,,44afa757-6157-11eb-9c2d-0050560417d5,false,false
Номенклатура — current,raw.r1c_nomenclature_current,1ad9ad95-751b-11ef-9c5d-00505689ff45,00-00011081,Гала РС2 в в.упак 5кг. Полив,,d8e31aa9-0bd1-11f0-b80e-005056bde474,false,false
Номенклатура — current,raw.r1c_nomenclature_current,d966bee4-7592-11ef-9c5d-00505689ff45,00-00011082,Гала РС2 в ву 5кг. Полив,,d8e31aa9-0bd1-11f0-b80e-005056bde474,false,false
Номенклатура — current,raw.r1c_nomenclature_current,b25130cc-40ba-11ee-9c4e-00505689ff45,00-00008967,Гала РС2 грязный  Сетка на завязке 25кг. Без полива,,731f2b5d-6157-11eb-9c2d-0050560417d5,false,false
Номенклатура — current,raw.r1c_nomenclature_current,b25130cb-40ba-11ee-9c4e-00505689ff45,00-00008966,Гала РС2 грязный  Сетка на завязке 25кг. Полив,,731f2b5d-6157-11eb-9c2d-0050560417d5,false,false
Номенклатура — current,raw.r1c_nomenclature_current,a603cf1a-40ba-11ee-9c4e-00505689ff45,00-00008911,Гала РС2 грязный  Сетка на рулоне 10кг. Без полива,,731f2b5d-6157-11eb-9c2d-0050560417d5,false,false
Номенклатура — current,raw.r1c_nomenclature_current,a603cf19-40ba-11ee-9c4e-00505689ff45,00-00008910,Гала РС2 грязный  Сетка на рулоне 10кг. Полив,,731f2b5d-6157-11eb-9c2d-0050560417d5,false,false
Номенклатура — current,raw.r1c_nomenclature_current,9603de00-40ba-11ee-9c4e-00505689ff45,00-00008827,Гала РС2 грязный  Сетка на рулоне 2.5кг Без полива,,731f2b5d-6157-11eb-9c2d-0050560417d5,false,false
Номенклатура — current,raw.r1c_nomenclature_current,95d7f985-40ba-11ee-9c4e-00505689ff45,00-00008826,Гала РС2 грязный  Сетка на рулоне 2.5кг Полив,,731f2b5d-6157-11eb-9c2d-0050560417d5,false,false
Номенклатура — current,raw.r1c_nomenclature_current,adce0fe0-40ba-11ee-9c4e-00505689ff45,00-00008939,Гала РС2 грязный  Сетка на рулоне 25кг. Без полива,,731f2b5d-6157-11eb-9c2d-0050560417d5,false,false
Номенклатура — current,raw.r1c_nomenclature_current,ad91cbac-40ba-11ee-9c4e-00505689ff45,00-00008938,Гала РС2 грязный  Сетка на рулоне 25кг. Полив,,13ef6ba2-4b80-11f0-b810-005056bde474,false,false
Номенклатура — current,raw.r1c_nomenclature_current,9c1102a7-40ba-11ee-9c4e-00505689ff45,00-00008855,Гала РС2 грязный  Сетка на рулоне 3кг. Без полива,,731f2b5d-6157-11eb-9c2d-0050560417d5,false,false
Номенклатура — current,raw.r1c_nomenclature_current,9c1102a6-40ba-11ee-9c4e-00505689ff45,00-00008854,Гала РС2 грязный  Сетка на рулоне 3кг. Полив,,731f2b5d-6157-11eb-9c2d-0050560417d5,false,false
Номенклатура — current,raw.r1c_nomenclature_current,b44b5c21-40ba-11ee-9c4e-00505689ff45,00-00008995,Гала РС2 грязный  биг-бег 1000кг. Без полива,,731f2b5d-6157-11eb-9c2d-0050560417d5,false,false
Номенклатура — current,raw.r1c_nomenclature_current,b44b3e4a-40ba-11ee-9c4e-00505689ff45,00-00008994,Гала РС2 грязный  биг-бег 1000кг. Полив,,731f2b5d-6157-11eb-9c2d-0050560417d5,false,false
Номенклатура — current,raw.r1c_nomenclature_current,ebbc3757-40ba-11ee-9c4e-00505689ff45,00-00009107,Гала РС2 мытый  Биг-бег 1000кг. Без полива,,b60b8b28-6156-11eb-9c2d-0050560417d5,false,false
Номенклатура — current,raw.r1c_nomenclature_current,ea7c90aa-40ba-11ee-9c4e-00505689ff45,00-00009106,Гала РС2 мытый  Биг-бег 1000кг. Полив,,44afa757-6157-11eb-9c2d-0050560417d5,false,false
Номенклатура — current,raw.r1c_nomenclature_current,f0c364b1-40ba-11ee-9c4e-00505689ff45,00-00009135,Гала РС2 мытый  Сетка на рулоне 2.5кг Без полива,,44afa757-6157-11eb-9c2d-0050560417d5,false,false
Номенклатура — current,raw.r1c_nomenclature_current,f0c364b0-40ba-11ee-9c4e-00505689ff45,00-00009134,Гала РС2 мытый  Сетка на рулоне 2.5кг Полив,,44afa757-6157-11eb-9c2d-0050560417d5,false,false
Номенклатура — current,raw.r1c_nomenclature_current,e47580b2-40ba-11ee-9c4e-00505689ff45,00-00009079,Гала РС2 мытый Сетка 25кг. Без полива,,44afa757-6157-11eb-9c2d-0050560417d5,false,false
Номенклатура — current,raw.r1c_nomenclature_current,e47580b1-40ba-11ee-9c4e-00505689ff45,00-00009078,Гала РС2 мытый Сетка 25кг. Полив,,03e63608-4b80-11f0-b810-005056bde474,false,false
Номенклатура — current,raw.r1c_nomenclature_current,da67bdd8-40ba-11ee-9c4e-00505689ff45,00-00009023,"Гала РС2 мытый Сетка-домик 2,5кг. Без полива",,44afa757-6157-11eb-9c2d-0050560417d5,false,false
Номенклатура — current,raw.r1c_nomenclature_current,da67bdd7-40ba-11ee-9c4e-00505689ff45,00-00009022,"Гала РС2 мытый Сетка-домик 2,5кг. Полив",,44afa757-6157-11eb-9c2d-0050560417d5,false,false
Номенклатура — current,raw.r1c_nomenclature_current,47911e12-40bb-11ee-9c4e-00505689ff45,00-00009190,Гала РС2 мытый Сетка-домик 2кг. Полив,,03e63608-4b80-11f0-b810-005056bde474,false,false
Номенклатура — current,raw.r1c_nomenclature_current,e099183f-40ba-11ee-9c4e-00505689ff45,00-00009051,Гала РС2 мытый Сетка-домик 3кг Без полива,,44afa757-6157-11eb-9c2d-0050560417d5,false,false
Номенклатура — current,raw.r1c_nomenclature_current,e0503ed5-40ba-11ee-9c4e-00505689ff45,00-00009050,Гала РС2 мытый Сетка-домик 3кг Полив,,03e63608-4b80-11f0-b810-005056bde474,false,false
Номенклатура — current,raw.r1c_nomenclature_current,d63b5939-40b9-11ee-9c4e-00505689ff45,00-00008659,Гала РС2 семена  Сетка на завязке 25кг. Без полива,,b60b8b28-6156-11eb-9c2d-0050560417d5,false,false
Номенклатура — current,raw.r1c_nomenclature_current,d63b5938-40b9-11ee-9c4e-00505689ff45,00-00008658,Гала РС2 семена  Сетка на завязке 25кг. Полив,,b60b8b28-6156-11eb-9c2d-0050560417d5,false,false
Номенклатура — current,raw.r1c_nomenclature_current,d4765341-40b9-11ee-9c4e-00505689ff45,00-00008631,Гала РС2 семена  Сетка на рулоне 25кг. Без полива,,b60b8b28-6156-11eb-9c2d-0050560417d5,false,false
Номенклатура — current,raw.r1c_nomenclature_current,d47649b0-40b9-11ee-9c4e-00505689ff45,00-00008630,Гала РС2 семена  Сетка на рулоне 25кг. Полив,,b60b8b28-6156-11eb-9c2d-0050560417d5,false,false
Номенклатура — current,raw.r1c_nomenclature_current,dcf58af9-40b9-11ee-9c4e-00505689ff45,00-00008685,Гала РС2 семена  биг-бег 1000кг. Без полива,,b60b8b28-6156-11eb-9c2d-0050560417d5,false,false
Номенклатура — current,raw.r1c_nomenclature_current,dcf58afa-40b9-11ee-9c4e-00505689ff45,00-00008686,Гала РС2 семена  биг-бег 1000кг. Полив,,b60b8b28-6156-11eb-9c2d-0050560417d5,false,false
Номенклатура — current,raw.r1c_nomenclature_current,40475703-40bb-11ee-9c4e-00505689ff45,00-00009165,"Гала РС3  Сетка-домик 1,5кг. Без полива",,44afa757-6157-11eb-9c2d-0050560417d5,false,false
Номенклатура — current,raw.r1c_nomenclature_current,40475702-40bb-11ee-9c4e-00505689ff45,00-00009164,"Гала РС3  Сетка-домик 1,5кг. Полив",,44afa757-6157-11eb-9c2d-0050560417d5,false,false
Номенклатура — current,raw.r1c_nomenclature_current,4844ec04-40bb-11ee-9c4e-00505689ff45,00-00009193,Гала РС3  Сетка-домик 2кг. Без полива,,44afa757-6157-11eb-9c2d-0050560417d5,false,false
Номенклатура — current,raw.r1c_nomenclature_current,48161347-40bb-11ee-9c4e-00505689ff45,00-00009192,Гала РС3  Сетка-домик 2кг. Полив,,44afa757-6157-11eb-9c2d-0050560417d5,false,false
Номенклатура — current,raw.r1c_nomenclature_current,8259285d-40ba-11ee-9c4e-00505689ff45,00-00008773,Гала РС3  очищенный в ву 1кг. Без полива,,b60b8b28-6156-11eb-9c2d-0050560417d5,false,false
Номенклатура — current,raw.r1c_nomenclature_current,82069cf3-40ba-11ee-9c4e-00505689ff45,00-00008772,Гала РС3  очищенный в ву 1кг. Полив,,b60b8b28-6156-11eb-9c2d-0050560417d5,false,false
Номенклатура — current,raw.r1c_nomenclature_current,88021f34-40ba-11ee-9c4e-00505689ff45,00-00008801,Гала РС3  очищенный в ву 5кг. Без полива,,b60b8b28-6156-11eb-9c2d-0050560417d5,false,false
Номенклатура — current,raw.r1c_nomenclature_current,6120718b-40ba-11ee-9c4e-00505689ff45,00-00008717,"Гала РС3  пастеризованный 0,5кг. Без полива",,b60b8b28-6156-11eb-9c2d-0050560417d5,false,false
Номенклатура — current,raw.r1c_nomenclature_current,6120718a-40ba-11ee-9c4e-00505689ff45,00-00008716,"Гала РС3  пастеризованный 0,5кг. Полив",,b60b8b28-6156-11eb-9c2d-0050560417d5,false,false
Номенклатура — current,raw.r1c_nomenclature_current,ca47a9f2-40b9-11ee-9c4e-00505689ff45,00-00008577,Гала РС3  эконом  Сетка на рулоне 2.5кг. Без полива,,44afa757-6157-11eb-9c2d-0050560417d5,false,false
Номенклатура — current,raw.r1c_nomenclature_current,ca47a9f1-40b9-11ee-9c4e-00505689ff45,00-00008576,Гала РС3  эконом  Сетка на рулоне 2.5кг. Полив,,44afa757-6157-11eb-9c2d-0050560417d5,false,false
Номенклатура — current,raw.r1c_nomenclature_current,d0696db8-40b9-11ee-9c4e-00505689ff45,00-00008605,Гала РС3  эконом  Сетка на рулоне 3кг. Без полива,,44afa757-6157-11eb-9c2d-0050560417d5,false,false
Номенклатура — current,raw.r1c_nomenclature_current,d03eaade-40b9-11ee-9c4e-00505689ff45,00-00008604,Гала РС3  эконом  Сетка на рулоне 3кг. Полив,,44afa757-6157-11eb-9c2d-0050560417d5,false,false
Номенклатура — current,raw.r1c_nomenclature_current,b25130ce-40ba-11ee-9c4e-00505689ff45,00-00008969,Гала РС3 грязный  Сетка на завязке 25кг. Без полива,,731f2b5d-6157-11eb-9c2d-0050560417d5,false,false
Номенклатура — current,raw.r1c_nomenclature_current,b25130cd-40ba-11ee-9c4e-00505689ff45,00-00008968,Гала РС3 грязный  Сетка на завязке 25кг. Полив,,731f2b5d-6157-11eb-9c2d-0050560417d5,false,false
Номенклатура — current,raw.r1c_nomenclature_current,a84665a6-40ba-11ee-9c4e-00505689ff45,00-00008913,Гала РС3 грязный  Сетка на рулоне 10кг. Без полива,,731f2b5d-6157-11eb-9c2d-0050560417d5,false,false
Номенклатура — current,raw.r1c_nomenclature_current,a84665a5-40ba-11ee-9c4e-00505689ff45,00-00008912,Гала РС3 грязный  Сетка на рулоне 10кг. Полив,,731f2b5d-6157-11eb-9c2d-0050560417d5,false,false
Номенклатура — current,raw.r1c_nomenclature_current,966baa14-40ba-11ee-9c4e-00505689ff45,00-00008829,Гала РС3 грязный  Сетка на рулоне 2.5кг Без полива,,731f2b5d-6157-11eb-9c2d-0050560417d5,false,false
Номенклатура — current,raw.r1c_nomenclature_current,963a68a5-40ba-11ee-9c4e-00505689ff45,00-00008828,Гала РС3 грязный  Сетка на рулоне 2.5кг Полив,,731f2b5d-6157-11eb-9c2d-0050560417d5,false,false
Номенклатура — current,raw.r1c_nomenclature_current,ae3d0918-40ba-11ee-9c4e-00505689ff45,00-00008941,Гала РС3 грязный  Сетка на рулоне 25кг. Без полива,,731f2b5d-6157-11eb-9c2d-0050560417d5,false,false
Номенклатура — current,raw.r1c_nomenclature_current,adce1ede-40ba-11ee-9c4e-00505689ff45,00-00008940,Гала РС3 грязный  Сетка на рулоне 25кг. Полив,,731f2b5d-6157-11eb-9c2d-0050560417d5,false,false
Номенклатура — current,raw.r1c_nomenclature_current,9c1127fc-40ba-11ee-9c4e-00505689ff45,00-00008857,Гала РС3 грязный  Сетка на рулоне 3кг. Без полива,,731f2b5d-6157-11eb-9c2d-0050560417d5,false,false
Номенклатура — current,raw.r1c_nomenclature_current,9c1102a8-40ba-11ee-9c4e-00505689ff45,00-00008856,Гала РС3 грязный  Сетка на рулоне 3кг. Полив,,731f2b5d-6157-11eb-9c2d-0050560417d5,false,false
Номенклатура — current,raw.r1c_nomenclature_current,a23052f6-40ba-11ee-9c4e-00505689ff45,00-00008885,Гала РС3 грязный  Сетка на рулоне 5кг. Без полива,,731f2b5d-6157-11eb-9c2d-0050560417d5,false,false
Номенклатура — current,raw.r1c_nomenclature_current,a23052f5-40ba-11ee-9c4e-00505689ff45,00-00008884,Гала РС3 грязный  Сетка на рулоне 5кг. Полив,,731f2b5d-6157-11eb-9c2d-0050560417d5,false,false
Номенклатура — current,raw.r1c_nomenclature_current,ba6e6cf3-40ba-11ee-9c4e-00505689ff45,00-00008997,Гала РС3 грязный  биг-бег 1000кг. Без полива,,731f2b5d-6157-11eb-9c2d-0050560417d5,false,false
Номенклатура — current,raw.r1c_nomenclature_current,ba43557d-40ba-11ee-9c4e-00505689ff45,00-00008996,Гала РС3 грязный  биг-бег 1000кг. Полив,,731f2b5d-6157-11eb-9c2d-0050560417d5,false,false
Номенклатура — current,raw.r1c_nomenclature_current,ec4bfac0-40ba-11ee-9c4e-00505689ff45,00-00009109,Гала РС3 мытый  Биг-бег 1000кг. Без полива,,44afa757-6157-11eb-9c2d-0050560417d5,false,false
Номенклатура — current,raw.r1c_nomenclature_current,ec09abb1-40ba-11ee-9c4e-00505689ff45,00-00009108,Гала РС3 мытый  Биг-бег 1000кг. Полив,,44afa757-6157-11eb-9c2d-0050560417d5,false,false
Номенклатура — current,raw.r1c_nomenclature_current,f0c364b3-40ba-11ee-9c4e-00505689ff45,00-00009137,Гала РС3 мытый  Сетка на рулоне 2.5кг Без полива,,44afa757-6157-11eb-9c2d-0050560417d5,false,false
Номенклатура — current,raw.r1c_nomenclature_current,f0c364b2-40ba-11ee-9c4e-00505689ff45,00-00009136,Гала РС3 мытый  Сетка на рулоне 2.5кг Полив,,44afa757-6157-11eb-9c2d-0050560417d5,false,false
Номенклатура — current,raw.r1c_nomenclature_current,e47582f7-40ba-11ee-9c4e-00505689ff45,00-00009081,Гала РС3 мытый Сетка 25кг. Без полива,,44afa757-6157-11eb-9c2d-0050560417d5,false,false
Номенклатура — current,raw.r1c_nomenclature_current,e47580b3-40ba-11ee-9c4e-00505689ff45,00-00009080,Гала РС3 мытый Сетка 25кг. Полив,,03e63608-4b80-11f0-b810-005056bde474,false,false
Номенклатура — current,raw.r1c_nomenclature_current,da67bdef-40ba-11ee-9c4e-00505689ff45,00-00009025,"Гала РС3 мытый Сетка-домик 2,5кг. Без полива",,44afa757-6157-11eb-9c2d-0050560417d5,false,false
Номенклатура — current,raw.r1c_nomenclature_current,da67bdd9-40ba-11ee-9c4e-00505689ff45,00-00009024,"Гала РС3 мытый Сетка-домик 2,5кг. Полив",,44afa757-6157-11eb-9c2d-0050560417d5,false,false
Номенклатура — current,raw.r1c_nomenclature_current,e0ef0274-40ba-11ee-9c4e-00505689ff45,00-00009053,Гала РС3 мытый Сетка-домик 3кг Без полива,,44afa757-6157-11eb-9c2d-0050560417d5,false,false
Номенклатура — current,raw.r1c_nomenclature_current,e0b46370-40ba-11ee-9c4e-00505689ff45,00-00009052,Гала РС3 мытый Сетка-домик 3кг Полив,,03e63608-4b80-11f0-b810-005056bde474,false,false
Номенклатура — current,raw.r1c_nomenclature_current,87a6dd7b-40ba-11ee-9c4e-00505689ff45,00-00008800,Гала РС3 очищенный в ву 5кг. Полив,,d8e31aa9-0bd1-11f0-b80e-005056bde474,false,false
Номенклатура — current,raw.r1c_nomenclature_current,d4fc7674-40b9-11ee-9c4e-00505689ff45,00-00008633,Гала РС3 семена  Сетка на рулоне 25кг. Без полива,,b60b8b28-6156-11eb-9c2d-0050560417d5,false,false
Номенклатура — current,raw.r1c_nomenclature_current,d47660e0-40b9-11ee-9c4e-00505689ff45,00-00008632,Гала РС3 семена  Сетка на рулоне 25кг. Полив,,b60b8b28-6156-11eb-9c2d-0050560417d5,false,false
Номенклатура — current,raw.r1c_nomenclature_current,71569174-40ba-11ee-9c4e-00505689ff45,00-00008745,"Гала РС3 семена  пастеризованный 0,5кг. Без полива",,b60b8b28-6156-11eb-9c2d-0050560417d5,false,false
Номенклатура — current,raw.r1c_nomenclature_current,70f9c864-40ba-11ee-9c4e-00505689ff45,00-00008744,"Гала РС3 семена  пастеризованный 0,5кг. Полив",,b60b8b28-6156-11eb-9c2d-0050560417d5,false,false
Номенклатура — current,raw.r1c_nomenclature_current,d63b593b-40b9-11ee-9c4e-00505689ff45,00-00008661,Гала РС3 семена Сетка на завязке 25кг. Без полива,,b60b8b28-6156-11eb-9c2d-0050560417d5,false,false
Номенклатура — current,raw.r1c_nomenclature_current,d63b593a-40b9-11ee-9c4e-00505689ff45,00-00008660,Гала РС3 семена Сетка на завязке 25кг. Полив,,b60b8b28-6156-11eb-9c2d-0050560417d5,false,false
Номенклатура — current,raw.r1c_nomenclature_current,3e39b0b6-40ba-11ee-9c4e-00505689ff45,00-00008689,Гала РС3 семена биг-бег 1000кг. Без полива,,b60b8b28-6156-11eb-9c2d-0050560417d5,false,false
Номенклатура — current,raw.r1c_nomenclature_current,3e39b0b5-40ba-11ee-9c4e-00505689ff45,00-00008688,Гала РС3 семена биг-бег 1000кг. Полив,,b60b8b28-6156-11eb-9c2d-0050560417d5,false,false
Номенклатура — current,raw.r1c_nomenclature_current,9fd6b950-2a4c-11f0-b80e-005056bde474,00-00012130,"ГалаРС1 Белый Мытый  Сетка домик2,5 кг.",,03e63608-4b80-11f0-b810-005056bde474,false,true
Номенклатура — current,raw.r1c_nomenclature_current,95552063-85d4-11f1-b824-005056bde474,00-00014681,ГалаРС2 Белый Грязный  Сетка на рулоне10 кг.,,77174b47-0a33-11f0-b80e-005056bde474,false,false
Номенклатура — current,raw.r1c_nomenclature_current,21f157f5-85be-11f1-b824-005056bde474,00-00014657,"ГалаРС2 Белый Грязный Сетка на рулоне2,5 кг.",,77174b47-0a33-11f0-b80e-005056bde474,false,false
Номенклатура — current,raw.r1c_nomenclature_current,e425ad7d-85bc-11f1-b824-005056bde474,00-00014652,ГалаРС2 Белый Грязный Сетка на рулоне25 кг.,,77174b47-0a33-11f0-b80e-005056bde474,false,false
Номенклатура — current,raw.r1c_nomenclature_current,ebc29a23-a504-11f1-b824-005056bde474,00-00014715,ГалаРС2 Белый Грязный Сетка на рулоне3 кг.,,77174b47-0a33-11f0-b80e-005056bde474,false,false
Номенклатура — current,raw.r1c_nomenclature_current,8062ae18-85cb-11f1-b824-005056bde474,00-00014676,ГалаРС2 Белый Мытый  Сетка на рулоне10 кг. ,,6bd38b8f-0a33-11f0-b80e-005056bde474,false,false
Номенклатура — current,raw.r1c_nomenclature_current,ee69968b-85b1-11f1-b824-005056bde474,00-00014644,ГалаРС2 Белый Мытый Сетка домик3 кг.,,6bd38b8f-0a33-11f0-b80e-005056bde474,false,false
Номенклатура — current,raw.r1c_nomenclature_current,a3f10cb5-85b3-11f1-b824-005056bde474,00-00014648,ГалаРС2 Белый Мытый Сетка домик3 кг. _ЛЕНТА,,6bd38b8f-0a33-11f0-b80e-005056bde474,false,false
Номенклатура — current,raw.r1c_nomenclature_current,a46539c3-2b4f-11f0-b80e-005056bde474,00-00012214,"ГалаРС3 Белый Беби Мытый Сетка домик1,5 кг.",,8da90b45-21be-11f0-b80e-005056bde474,false,false
Номенклатура — current,raw.r1c_nomenclature_current,55f45220-2b53-11f0-b80e-005056bde474,00-00012221,ГалаРС3 Белый Беби Мытый Сетка домик2 кг.,,8da90b45-21be-11f0-b80e-005056bde474,false,false
Номенклатура — current,raw.r1c_nomenclature_current,a8accd24-2b55-11f0-b80e-005056bde474,00-00012230,ГалаРС3 Белый Беби Мытый Сетка на рулоне25 кг.,,8da90b45-21be-11f0-b80e-005056bde474,false,false
Номенклатура — current,raw.r1c_nomenclature_current,d38cce43-2b3f-11f0-b80e-005056bde474,00-00012204,ГалаРС3 Белый Вакуумная упаковка5 кг.,,d8e31aa9-0bd1-11f0-b80e-005056bde474,false,false
Номенклатура — current,raw.r1c_nomenclature_current,97da4fa2-2f1a-11f0-b80e-005056bde474,00-00012299,ГалаРС3 Белый Грязный  Биг-бэг1000 кг.,,77174b47-0a33-11f0-b80e-005056bde474,false,false
Номенклатура — current,raw.r1c_nomenclature_current,a080f70e-2f10-11f0-b80e-005056bde474,00-00012271,"ГалаРС3 Белый Грязный  Сетка на рулоне2,5 кг.",,77174b47-0a33-11f0-b80e-005056bde474,false,false
Номенклатура — current,raw.r1c_nomenclature_current,9dae4aa3-2e56-11f0-b80e-005056bde474,00-00012252,ГалаРС3 Белый Грязный  Сетка на рулоне25 кг.,,77174b47-0a33-11f0-b80e-005056bde474,false,false
Номенклатура — current,raw.r1c_nomenclature_current,e9ca9c0f-2f17-11f0-b80e-005056bde474,00-00012285,ГалаРС3 Белый Грязный  Сетка на рулоне3 кг.,,77174b47-0a33-11f0-b80e-005056bde474,false,false
Номенклатура — current,raw.r1c_nomenclature_current,0af05d8f-2f19-11f0-b80e-005056bde474,00-00012292,ГалаРС3 Белый Грязный  Сетка на рулоне5 кг.,,77174b47-0a33-11f0-b80e-005056bde474,false,false
Номенклатура — current,raw.r1c_nomenclature_current,d4ac4856-2f11-11f0-b80e-005056bde474,00-00012278,"ГалаРС3 Белый Грязный МЛК Сетка на рулоне2,5 кг.",,77174b47-0a33-11f0-b80e-005056bde474,false,false
Номенклатура — current,raw.r1c_nomenclature_current,80fdff3c-2a4d-11f0-b80e-005056bde474,00-00012135,"ГалаРС3 Белый Мытый  Сетка домик2,5 кг.",,6bd38b8f-0a33-11f0-b80e-005056bde474,false,false
Номенклатура — current,raw.r1c_nomenclature_current,5f4cb279-2bfd-11f0-b80e-005056bde474,00-00012237,ГалаРС3 Белый Мытый  Сетка домик3 кг.,,6bd38b8f-0a33-11f0-b80e-005056bde474,false,false
Номенклатура — current,raw.r1c_nomenclature_current,c34efe94-ba26-11f0-b81e-005056bde474,00-00012970,ГалаРС3 Белый Мытый  Сетка домик3 кг. ЛЕНТА FRESH,,6bd38b8f-0a33-11f0-b80e-005056bde474,false,false
Номенклатура — current,raw.r1c_nomenclature_current,68c14843-2c04-11f0-b80e-005056bde474,00-00012245,ГалаРС3 Белый Мытый  Сетка на рулоне10 кг.,,6bd38b8f-0a33-11f0-b80e-005056bde474,false,false
Номенклатура — current,raw.r1c_nomenclature_current,ceca81a5-85d4-11f1-b824-005056bde474,00-00014682,ГалаРС4 Белый Грязный  Сетка на рулоне10 кг.,,77174b47-0a33-11f0-b80e-005056bde474,false,false
Номенклатура — current,raw.r1c_nomenclature_current,495153d1-85be-11f1-b824-005056bde474,00-00014658,"ГалаРС4 Белый Грязный Сетка на рулоне2,5 кг.",,77174b47-0a33-11f0-b80e-005056bde474,false,false
Номенклатура — current,raw.r1c_nomenclature_current,01ce952e-85bd-11f1-b824-005056bde474,00-00014653,ГалаРС4 Белый Грязный Сетка на рулоне25 кг.,,77174b47-0a33-11f0-b80e-005056bde474,false,false
Номенклатура — current,raw.r1c_nomenclature_current,4bee503e-a505-11f1-b824-005056bde474,00-00014716,ГалаРС4 Белый Грязный Сетка на рулоне3 кг.,,77174b47-0a33-11f0-b80e-005056bde474,false,false
Номенклатура — current,raw.r1c_nomenclature_current,2f62378d-85cc-11f1-b824-005056bde474,00-00014677,ГалаРС4 Белый Мытый  Сетка на рулоне10 кг. ,,6bd38b8f-0a33-11f0-b80e-005056bde474,false,false
Номенклатура — current,raw.r1c_nomenclature_current,17755ff1-85b2-11f1-b824-005056bde474,00-00014645,ГалаРС4 Белый Мытый Сетка домик3 кг.,,6bd38b8f-0a33-11f0-b80e-005056bde474,false,false
Номенклатура — current,raw.r1c_nomenclature_current,c743f2e0-85b3-11f1-b824-005056bde474,00-00014649,ГалаРС4 Белый Мытый Сетка домик3 кг. _ЛЕНТА,,6bd38b8f-0a33-11f0-b80e-005056bde474,false,false
Номенклатура — current,raw.r1c_nomenclature_current,88973967-bcb0-11f1-b824-005056bde474,00-00014785,ГалаЭконом Белый Грязный Биг Бэг1000 кг. ,,77174b47-0a33-11f0-b80e-005056bde474,false,false
Номенклатура — current,raw.r1c_nomenclature_current,654b7b62-bcb0-11f1-b824-005056bde474,00-00014784,ГалаЭконом Белый Грязный Сетка на рулоне25 кг. ,,77174b47-0a33-11f0-b80e-005056bde474,false,false
Номенклатура — current,raw.r1c_nomenclature_current,bd30094b-4dde-11f1-b821-005056bde474,00-00014225,Галоши цв.черный/камуфлированный мод.116М (р.36) ЭВА утепл.,,40174bc3-6566-11f1-b821-005056bde474,false,false
Номенклатура — current,raw.r1c_nomenclature_current,20d0ffc1-4df7-11f1-b821-005056bde474,00-00014239,Галоши цв.черный/камуфлированный мод.116М (р.37) ЭВА утепл.,,40174bc3-6566-11f1-b821-005056bde474,false,false
Номенклатура — current,raw.r1c_nomenclature_current,35b9021c-4df7-11f1-b821-005056bde474,00-00014240,Галоши цв.черный/камуфлированный мод.116М (р.38) ЭВА утепл.,,40174bc3-6566-11f1-b821-005056bde474,false,false
Номенклатура — current,raw.r1c_nomenclature_current,4cd32aca-4de7-11f1-b821-005056bde474,00-00014229,Галоши цв.черный/камуфлированный мод.116М (р.39) ЭВА утепл.,,40174bc3-6566-11f1-b821-005056bde474,false,false
Номенклатура — current,raw.r1c_nomenclature_current,38781042-4def-11f1-b821-005056bde474,00-00014233,Галоши цв.черный/камуфлированный мод.116М (р.40) ЭВА утепл.,,40174bc3-6566-11f1-b821-005056bde474,false,false
Номенклатура — current,raw.r1c_nomenclature_current,96b0cebe-4df6-11f1-b821-005056bde474,00-00014236,Галоши цв.черный/камуфлированный мод.116М (р.41) ЭВА утепл.,,40174bc3-6566-11f1-b821-005056bde474,false,false
Номенклатура — current,raw.r1c_nomenclature_current,ccb62aa0-f524-11eb-9c3a-00505689ff45,АК-00003457,Гамаир Инсектицид,,2eaeac4d-5322-11f0-b811-005056bde474,false,false
Номенклатура — current,raw.r1c_nomenclature_current,32f5ced6-f2de-11eb-9c3a-00505689ff45,АК-00003306,"Гамбит,СК Гербицид ",,5e0b1519-531c-11f0-b811-005056bde474,false,false
Номенклатура — current,raw.r1c_nomenclature_current,51ae22bd-c5da-11ee-9c4c-005056893620,00-00010131,Гарелка -насадка GT-19 газовая с пьезоподжигом,,9b060c02-71d9-11e7-85a2-d43d7eec442d,false,false
Номенклатура — current,raw.r1c_nomenclature_current,1c742668-ea6b-11ed-9c4e-00505689ff45,00-00007900,Гарелка ацетиленовая KRASS ГZC-123 2117533,,9b060c03-71d9-11e7-85a2-d43d7eec442d,false,false
Номенклатура — current,raw.r1c_nomenclature_current,33ca7f9c-be03-11eb-b480-fa163e0d31f7,БП-00004012,Гарелка газовая под цант/ баллон ВТОДЕЛО 44110,,f0e4c260-a130-11e8-af4c-30f7727a492e,false,false
Номенклатура — current,raw.r1c_nomenclature_current,9d9ff9f0-9221-11ec-9c42-00505689c8d9,00-00006185,Гарелка газовая портативная,,9b060c03-71d9-11e7-85a2-d43d7eec442d,false,false
Номенклатура — current,raw.r1c_nomenclature_current,678cd820-e14f-11ea-8696-fa163ee5d2f9,БП-00002929,Гарелка газовая с пьезо,,9b060c03-71d9-11e7-85a2-d43d7eec442d,false,false
Номенклатура — current,raw.r1c_nomenclature_current,87227980-56ff-11eb-a997-fa163e0d31f7,БП-00003647,Гарелка для балона ГВ-811,,9b060c03-71d9-11e7-85a2-d43d7eec442d,false,false
Номенклатура — current,raw.r1c_nomenclature_current,344f66ab-dff0-11f0-b81e-005056bde474,00-00013225,"Гарнитура компьютерная Genius HS-220U, кабель 2,4м",,9b060c1e-71d9-11e7-85a2-d43d7eec442d,false,false
Номенклатура — current,raw.r1c_nomenclature_current,3b41b0db-cf58-11f0-b81e-005056bde474,00-00013003,"Гарнитура проводная Logicool H151 [накладные, полуоткрытые, рег. громкости, микр., кабель - 1.8 м; 3",,ce412305-0a38-11f0-b80e-005056bde474,false,false
Номенклатура — current,raw.r1c_nomenclature_current,e42da2cd-15d5-11f0-b80e-005056bde474,00-00011943,Гаситель падения ГП-2,,9b060cbb-71d9-11e7-85a2-d43d7eec442d,false,false
Номенклатура — current,raw.r1c_nomenclature_current,74b8aab7-f2dc-11eb-9c3a-00505689ff45,АК-00003300,"Гаур, КЭ Гербицид ",,5e0b1519-531c-11f0-b811-005056bde474,false,false
Номенклатура — current,raw.r1c_nomenclature_current,93b8eb1b-7fe9-11ef-9c5d-00505689ff45,00-00011153,"Гводи строительные черные 6,0*200",,9088eead-75dc-11e7-af18-30f7727a492e,false,false
Номенклатура — current,raw.r1c_nomenclature_current,0f10b27d-e65e-11e7-a3fa-94de80168a80,00-00000575,Гвозди 100,,9088eead-75dc-11e7-af18-30f7727a492e,false,false
Номенклатура — current,raw.r1c_nomenclature_current,5e926e01-2251-11ee-9c4e-00505689ff45,00-00008345,Гвозди 100 винтовые,,9088eead-75dc-11e7-af18-30f7727a492e,false,false
Номенклатура — current,raw.r1c_nomenclature_current,c4d6daf3-a61b-11ec-9c42-00505689c8d9,00-00006351,Гвозди 30 оцинк.,,9088eead-75dc-11e7-af18-30f7727a492e,false,false
Номенклатура — current,raw.r1c_nomenclature_current,df8d4838-3753-11ee-9c4e-00505689ff45,00-00008410,Гвозди 40 оцинк.,,9088eead-75dc-11e7-af18-30f7727a492e,false,false
Номенклатура — current,raw.r1c_nomenclature_current,b3593080-523e-11ee-9c4e-00505689ff45,00-00009524,Гвозди 50,,9088eead-75dc-11e7-af18-30f7727a492e,false,false
Номенклатура — current,raw.r1c_nomenclature_current,109aa2dd-3754-11ee-9c4e-00505689ff45,00-00008411,Гвозди 50 ершоные,,9088eead-75dc-11e7-af18-30f7727a492e,false,false
Номенклатура — current,raw.r1c_nomenclature_current,5704a525-6d51-11ec-9c40-00505689c8d9,АК-00005886,Гвозди 70,,9088eead-75dc-11e7-af18-30f7727a492e,false,false
Номенклатура — current,raw.r1c_nomenclature_current,97ddddc6-2856-11ed-9c43-cb6d75bb653b,00-00007117,Гвозди 70 винтовые,,9088eead-75dc-11e7-af18-30f7727a492e,false,false
Номенклатура — current,raw.r1c_nomenclature_current,478c242a-0b9f-11eb-3385-fa163ee5d2f9,БП-00003135,Гвозди 80*3,,9088eead-75dc-11e7-af18-30f7727a492e,false,false
Номенклатура — current,raw.r1c_nomenclature_current,0d28a789-6d5a-11ec-9c40-00505689c8d9,АК-00005900,Гвозди 90,,9088eead-75dc-11e7-af18-30f7727a492e,false,false
Номенклатура — current,raw.r1c_nomenclature_current,28ce99a3-f7de-11ec-9c42-89a3dcc9992a,00-00006736,Гвозди 90 винтовые,,9088eead-75dc-11e7-af18-30f7727a492e,false,false
Номенклатура — current,raw.r1c_nomenclature_current,efafbd4b-a5e6-11ec-9c42-00505689c8d9,00-00006340,Гвозди винт  9,,9088eead-75dc-11e7-af18-30f7727a492e,false,false
Номенклатура — current,raw.r1c_nomenclature_current,65e988cf-01bf-11ec-9c3a-00505689ff45,АК-00004112,Гвозди черн 6*200,,9088eead-75dc-11e7-af18-30f7727a492e,false,false
Номенклатура — current,raw.r1c_nomenclature_current,1569a946-374f-11ee-9c4e-00505689ff45,00-00008401,Гвозди шиферные 120,,9088eead-75dc-11e7-af18-30f7727a492e,false,false
Номенклатура — current,raw.r1c_nomenclature_current,5bf99c85-0c2b-11ec-9c3a-00505689ff45,АК-00004882,Гвоздодер ,,f7164898-2ffe-11eb-af80-fa163e0d31f7,false,false
Номенклатура — current,raw.r1c_nomenclature_current,4c2aa824-5a1b-11ef-9c59-00505689ff45,00-00010856,Гвоздодер 300 мм,,f7164898-2ffe-11eb-af80-fa163e0d31f7,false,false
Номенклатура — current,raw.r1c_nomenclature_current,d0479582-09a3-11e9-af60-30f7727a492e,00-00001383,Гвоздодер 400 мм,,9088eead-75dc-11e7-af18-30f7727a492e,false,false
Номенклатура — current,raw.r1c_nomenclature_current,8ad8f200-d320-11eb-5d99-fa163e0d31f7,БП-00004294,Гвоздодер 600 мм,,9088eead-75dc-11e7-af18-30f7727a492e,false,false
Номенклатура — current,raw.r1c_nomenclature_current,06e99628-791a-11f1-b822-005056bde474,00-00014584,"Гвоздь барабанный 2,5/70 мм винтовая накатка MP-650684 MAINPACK",,e857fb59-7295-11f0-b814-005056bde474,false,false
Номенклатура — current,raw.r1c_nomenclature_current,ccb62aa1-f524-11eb-9c3a-00505689ff45,АК-00003458,Гедеон Инсектицид,,f9d67774-531d-11f0-b811-005056bde474,false,false
Номенклатура — current,raw.r1c_nomenclature_current,4ceb5ff4-0622-11ee-9c4e-00505689ff45,00-00008117,Гезагард КС,,5e0b1519-531c-11f0-b811-005056bde474,false,false
Номенклатура — current,raw.r1c_nomenclature_current,b36660bb-bbb0-11ef-9c5f-00505689ff45,00-00011496,Гель антибактериальный,,f0e4c260-a130-11e8-af4c-30f7727a492e,false,false
Номенклатура — current,raw.r1c_nomenclature_current,44f6c8f3-1bc1-11ee-9c4e-00505689ff45,00-00008290,Гель для сантехники 750 мл,,f0e4c260-a130-11e8-af4c-30f7727a492e,false,false
Номенклатура — current,raw.r1c_nomenclature_current,0a4bcaa4-f70b-11f0-b81e-005056bde474,00-00013561,Гель для сантехники 750мл,,f0e4c260-a130-11e8-af4c-30f7727a492e,false,false
Номенклатура — current,raw.r1c_nomenclature_current,8d603fac-d338-11eb-5d99-fa163e0d31f7,БП-00004307,Гель для удаления налета-ржавчины Dolphin/Sani Acid (DO11) 5л.,,f0e4c260-a130-11e8-af4c-30f7727a492e,false,false
Номенклатура — current,raw.r1c_nomenclature_current,c07b67d7-0cb2-11ec-9c3a-00505689ff45,АК-00004915,Гель очищающий Армакон Цитролин ,,f0e4c260-a130-11e8-af4c-30f7727a492e,false,false
Номенклатура — current,raw.r1c_nomenclature_current,3e47c16b-3e3f-11ed-9c43-cb6d75bb653b,00-00007196,Генератор  3032.3771 ПАЗ (аналог 291.3771),,9b060c03-71d9-11e7-85a2-d43d7eec442d,false,false
Номенклатура — current,raw.r1c_nomenclature_current,5f9473a0-766a-11ef-9c5d-00505689ff45,00-00011092,Генератор  ВАЗ 32123,,9b060c03-71d9-11e7-85a2-d43d7eec442d,false,false
Номенклатура — current,raw.r1c_nomenclature_current,ecc29eda-8b04-11eb-4b87-fa163e0d31f7,БП-00003788,"Генератор  МТЗ 1221,КСК-150,ТО-28 дв Д-245.5.245.7.260 1000Вт Радиоволна",,9b060c03-71d9-11e7-85a2-d43d7eec442d,false,false
Номенклатура — current,raw.r1c_nomenclature_current,76c7e007-8815-11e9-af70-30f7727a492e,00-00001659,"Генератор  МТЗ 80,82,Т-70,80 ТО-18М,ТМ-3 дв Д-230,240,242,243,245 14В 50А АВТОМАРКЕТ",,9b060c03-71d9-11e7-85a2-d43d7eec442d,false,false
Номенклатура — current,raw.r1c_nomenclature_current,50d3d3a8-8b05-11eb-4b87-fa163e0d31f7,БП-00003789,"Генератор  МТЗ 80,82,Т-70,80,ТО-18М,ТМ3 дв Д-230,240,242,243,245 14Вт 50А Радиоволна",,9b060c03-71d9-11e7-85a2-d43d7eec442d,false,false
Номенклатура — current,raw.r1c_nomenclature_current,06a76b5d-f334-11ee-9c4c-005056893620,00-00010367,"Генератор  МТЗ Г1150.04.01,1150w.14v",,9b060c03-71d9-11e7-85a2-d43d7eec442d,false,false
Номенклатура — current,raw.r1c_nomenclature_current,64620af8-1747-11ed-9c43-cb6d75bb653b,00-00006862,"Генератор 1312.3771,КАМАЗ,МАЗ,28В,50А",,9b060c03-71d9-11e7-85a2-d43d7eec442d,false,false
Номенклатура — current,raw.r1c_nomenclature_current,939bcf55-4a42-11f1-b821-005056bde474,00-00014202,Генератор 50 amp Krauf ALM4562LK,,45c9e202-0a37-11f0-b80e-005056bde474,false,false
Номенклатура — current,raw.r1c_nomenclature_current,34765a79-0e7f-11ee-9c4e-00505689ff45,00-00008175,"Генератор 9721.3701 МТЗ дв 245,260,14В 1400ВТ",,9b060c03-71d9-11e7-85a2-d43d7eec442d,false,false
Номенклатура — current,raw.r1c_nomenclature_current,26b24cc4-33fa-11eb-0e8a-fa163e0d31f7,БП-00003333,Генератор HUTERDY6500LX электорстартер,,9be0daf4-2e34-11eb-288c-fa163e0d31f7,false,false
Номенклатура — current,raw.r1c_nomenclature_current,aeea2856-84e8-11e8-af44-30f7727a492e,00-00000962,Генератор Г-46 1150 Вт,,9b060c03-71d9-11e7-85a2-d43d7eec442d,false,false
Номенклатура — current,raw.r1c_nomenclature_current,b6d1be6f-99bc-11ea-952a-30f7727a492e,БП-00002717,"Генератор Г273.Г1 (МАЗ-500,64229) дв.236-238 ",,9b060c03-71d9-11e7-85a2-d43d7eec442d,false,false
Номенклатура — current,raw.r1c_nomenclature_current,db0aa7bc-0177-11ea-951c-30f7727a492e,00-00002136,Генератор Г287Д (К-701) 14В 85А,,9b060c03-71d9-11e7-85a2-d43d7eec442d,false,false
Номенклатура — current,raw.r1c_nomenclature_current,6169efb9-cd10-11ec-9c42-00505689c8d9,00-00006503,Генератор Г287Е АТЭ-1 (Китай),,9b060c03-71d9-11e7-85a2-d43d7eec442d,false,false
Номенклатура — current,raw.r1c_nomenclature_current,57ce2dd3-6602-11f0-b811-005056bde474,00-00012579,Генератор МАЗ-4370 дв.Д-245 28V 80A,,45c9e202-0a37-11f0-b80e-005056bde474,false,false
Номенклатура — current,raw.r1c_nomenclature_current,28848459-0040-11ec-9c3a-00505689ff45,АК-00003999,"Генератор МАЗ-4370, МТЗ дв Д-245.30Е2-715,716 Д260 5 28Вт Радиоволна",,9b060c03-71d9-11e7-85a2-d43d7eec442d,false,false
Номенклатура — current,raw.r1c_nomenclature_current,5c8d9bcd-ddc5-11ed-9c4e-00505689ff45,00-00007779,"Генератор МТЗ Г1000,04,1,14v Д-242,243,244,245,260 Беларусь.",,9b060c03-71d9-11e7-85a2-d43d7eec442d,false,false
Номенклатура — current,raw.r1c_nomenclature_current,024a15a8-dd67-11eb-4c99-fa163e0d31f7,БП-00004413,Генератор бензиновый инверторный Elitech БИГ 2600Р,,f0e4c260-a130-11e8-af4c-30f7727a492e,false,false
Номенклатура — current,raw.r1c_nomenclature_current,ca618937-7f55-11ec-9c41-00505689c8d9,00-00006031,Генератор газового пожаротушения,,f0e4c260-a130-11e8-af4c-30f7727a492e,false,false
Номенклатура — current,raw.r1c_nomenclature_current,99541d4b-f630-11ec-9c42-89a3dcc9992a,00-00006701,Генератор дизельный DAEWOO,,de1714af-8a12-11e7-af1d-30f7727a492e,false,false
Номенклатура — current,raw.r1c_nomenclature_current,2445b5c3-9049-11ef-9c5e-00505689ff45,00-00011312,Генератор холодного тумана ULV TORNADO 20 -PRO,,683c72a5-0a38-11f0-b80e-005056bde474,false,false
Номенклатура — current,raw.r1c_nomenclature_current,a8c7eb20-740a-11ee-9c4a-005056893620,00-00009704,Генератор холодного тумана ULV Tornado 10 PRO,,683c72a5-0a38-11f0-b80e-005056bde474,false,false
Номенклатура — current,raw.r1c_nomenclature_current,7d0abbfa-4470-11f1-b821-005056bde474,00-00014172,Геотекстиль Барьер 200,,9088eead-75dc-11e7-af18-30f7727a492e,false,false
Номенклатура — current,raw.r1c_nomenclature_current,5e0b1519-531c-11f0-b811-005056bde474,00-00012475,Гербициды,,9088eeaa-75dc-11e7-af18-30f7727a492e,true,false
Номенклатура — current,raw.r1c_nomenclature_current,8707a900-f9df-11eb-9c3a-00505689ff45,АК-00003906,Герметизированный VRLA свинцово-кислотный Delta DT 1207 (12V/7Ah),,f0e4c260-a130-11e8-af4c-30f7727a492e,false,false
Номенклатура — current,raw.r1c_nomenclature_current,d64c2272-4be4-11ec-9c40-00505689c8d9,АК-00005654,Герметик ,,9b060c03-71d9-11e7-85a2-d43d7eec442d,false,false
Номенклатура — current,raw.r1c_nomenclature_current,d7d41ad6-f70c-11f0-b81e-005056bde474,00-00013584,"Герметик ""Сантехмастергель"" 15гр",,5221e7b6-0a39-11f0-b80e-005056bde474,false,false
Номенклатура — current,raw.r1c_nomenclature_current,9333cae9-9162-11ec-9c42-00505689c8d9,00-00006180,Герметик ГЕРМЕНТ санитарный 280мл прозрачный,,9088eead-75dc-11e7-af18-30f7727a492e,false,false
Номенклатура — current,raw.r1c_nomenclature_current,dca634f0-04fb-11ec-9c3a-00505689ff45,АК-00004690,Герметик Гермент 280мл Универсальный,,9088eead-75dc-11e7-af18-30f7727a492e,false,false
Номенклатура — current,raw.r1c_nomenclature_current,d1f271b2-32b9-11f1-b81f-005056bde474,00-00013991,Герметик ТЕХНОНИКОЛЬ полиуретановый 310мл,,5221e7b6-0a39-11f0-b80e-005056bde474,false,false
Номенклатура — current,raw.r1c_nomenclature_current,8ba04622-d3c1-11ed-9c4e-00505689ff45,00-00007713,Герметик Титан 310 мл,,9088eead-75dc-11e7-af18-30f7727a492e,false,false
Номенклатура — current,raw.r1c_nomenclature_current,258df362-5703-11eb-a997-fa163e0d31f7,БП-00003652,Герметик акриловый морозостойкий белый 300мл,,9b060c03-71d9-11e7-85a2-d43d7eec442d,false,false
Номенклатура — current,raw.r1c_nomenclature_current,b28cf169-a061-11f0-b81d-005056bde474,00-00012778,Герметик белый,,f7d70ffa-7292-11f0-b814-005056bde474,false,false
Номенклатура — current,raw.r1c_nomenclature_current,9decdbb5-04fb-11ec-9c3a-00505689ff45,АК-00004689,Герметик битумный 300мл,,9088eead-75dc-11e7-af18-30f7727a492e,false,false
Номенклатура — current,raw.r1c_nomenclature_current,fb20f986-156b-11e9-af61-30f7727a492e,00-00001435,Герметик битумный MAKROFLEX черный,,9b060c03-71d9-11e7-85a2-d43d7eec442d,false,false
Номенклатура — current,raw.r1c_nomenclature_current,e72a59ef-34b8-11f0-b80e-005056bde474,00-00012332,"Герметик бортов шин, 1000мл (банка с кистью)",,45c9e202-0a37-11f0-b80e-005056bde474,false,false
Номенклатура — current,raw.r1c_nomenclature_current,9f918741-3279-11f1-b81f-005056bde474,00-00013967,Герметик высокотемпературный черный 280 мл KUDO ,,f7d70ffa-7292-11f0-b814-005056bde474,false,false
Номенклатура — current,raw.r1c_nomenclature_current,e94b0ca8-114c-11f1-b81f-005056bde474,00-00013792,Герметик для аквариумов и витрин прозрачный 280 мл KSK-200,,f7d70ffa-7292-11f0-b814-005056bde474,false,false
Номенклатура — current,raw.r1c_nomenclature_current,b2f22d15-9643-11e9-af73-30f7727a492e,00-00001729,Герметик красный ABRO,,9b060c03-71d9-11e7-85a2-d43d7eec442d,false,false
Номенклатура — current,raw.r1c_nomenclature_current,6a62949a-e971-11e8-af5a-30f7727a492e,00-00001354,Герметик красный Felix,,9b060c03-71d9-11e7-85a2-d43d7eec442d,false,false
Номенклатура — current,raw.r1c_nomenclature_current,4fa5211f-d666-11f0-b81e-005056bde474,00-00013091,Герметик прозрачный 280мл KUDO,,f7d70ffa-7292-11f0-b814-005056bde474,false,false
Номенклатура — current,raw.r1c_nomenclature_current,03699ea9-0c32-11ec-9c3a-00505689ff45,АК-00004900,Герметик прокладок силиконовый ABRO,,9b060c03-71d9-11e7-85a2-d43d7eec442d,false,false
Номенклатура — current,raw.r1c_nomenclature_current,693aa5e2-2990-11f0-b80e-005056bde474,00-00012047,Герметик прокладок силиконовый темп,,20296b06-0a38-11f0-b80e-005056bde474,false,false
Номенклатура — current,raw.r1c_nomenclature_current,d7cdf8a2-17da-11ed-9c43-cb6d75bb653b,00-00006887,Герметик радиатора жидкий SL 424.325 мл,,9b060c03-71d9-11e7-85a2-d43d7eec442d,false,false
Номенклатура — current,raw.r1c_nomenclature_current,c4b4bb21-3b4c-11ee-9c4e-00505689ff45,00-00008477,Герметик радиатора жидкий SL 624.325 мл,,9b060c03-71d9-11e7-85a2-d43d7eec442d,false,false
Номенклатура — current,raw.r1c_nomenclature_current,f04ad4ca-84fb-11f1-b824-005056bde474,00-00014627,Герметик силикон белый 280мл,,5221e7b6-0a39-11f0-b80e-005056bde474,false,false
Номенклатура — current,raw.r1c_nomenclature_current,5c9c0774-6ba6-11eb-478b-fa163e0d31f7,БП-00003714,Герметик силиконовый,,9088eead-75dc-11e7-af18-30f7727a492e,false,false
Номенклатура — current,raw.r1c_nomenclature_current,37fd85c3-7399-11ec-9c40-00505689c8d9,АК-00005987,Герметик силиконовый KIMTEK 310 мл,,9088eead-75dc-11e7-af18-30f7727a492e,false,false
Номенклатура — current,raw.r1c_nomenclature_current,46000858-25d2-11ed-9c43-cb6d75bb653b,00-00007074,Герметик силиконовый санитаный прозрачный 260мл DSK-120,,9088eead-75dc-11e7-af18-30f7727a492e,false,false
Номенклатура — current,raw.r1c_nomenclature_current,b1b5d10b-b387-11ee-9c4c-005056893620,00-00010076,Герметик силиконовый термостойкий белый 260мм,,9088eead-75dc-11e7-af18-30f7727a492e,false,false
Номенклатура — current,raw.r1c_nomenclature_current,5901ef09-92f0-11ec-9c42-00505689c8d9,00-00006237,Герметик силиконовый термостойкий черный,,9088eead-75dc-11e7-af18-30f7727a492e,false,false
Номенклатура — current,raw.r1c_nomenclature_current,5a2eab2e-ca13-11eb-2782-fa163e0d31f7,БП-00004145,Герметик системы охлаждения,,9b060c03-71d9-11e7-85a2-d43d7eec442d,false,false
Номенклатура — current,raw.r1c_nomenclature_current,a1407012-bfd0-11eb-c69d-fa163e0d31f7,БП-00004063,"Герметик термостойкий красный, черный, серый",,9b060c03-71d9-11e7-85a2-d43d7eec442d,false,false
Номенклатура — current,raw.r1c_nomenclature_current,10a5b2e0-76c7-11e7-af18-30f7727a492e,00-00000091,Герметик универсальный серый 70 мл,,9088eead-75dc-11e7-af18-30f7727a492e,false,false
Номенклатура — current,raw.r1c_nomenclature_current,769f9cc6-1a22-11e9-af62-30f7727a492e,00-00001450,Герметик универсальный черный ,,9b060c03-71d9-11e7-85a2-d43d7eec442d,false,false
Номенклатура — current,raw.r1c_nomenclature_current,67f1bd3d-e35b-11e9-af7c-30f7727a492e,00-00002012,Герметик- прокладка для автомобиля белый,,9b060c03-71d9-11e7-85a2-d43d7eec442d,false,false
Номенклатура — current,raw.r1c_nomenclature_current,a012369e-17db-11ed-9c43-cb6d75bb653b,00-00006888,Герметик-прокладка  силиконовый высокотемпературный серый 85гр,,9088eead-75dc-11e7-af18-30f7727a492e,false,false
Номенклатура — current,raw.r1c_nomenclature_current,928b492d-ea74-11ed-9c4e-00505689ff45,00-00007905,Герметик-прокладка силиконовый высокотемпературный серый 85г,,9088eead-75dc-11e7-af18-30f7727a492e,false,false
Номенклатура — current,raw.r1c_nomenclature_current,3940ff83-1153-11f1-b81f-005056bde474,00-00013803,"Герметик-фиксатор вал-втулочный, неразъемный, термостойкий (+250 С), 6 мл. AG-AF-04",,f7d70ffa-7292-11f0-b814-005056bde474,false,false
Номенклатура — current,raw.r1c_nomenclature_current,ccb62aa2-f524-11eb-9c3a-00505689ff45,АК-00003459,Герольд Инсектицид,,f9d67774-531d-11f0-b811-005056bde474,false,false
Номенклатура — current,raw.r1c_nomenclature_current,c6a675cc-16f2-11ed-9c43-cb6d75bb653b,00-00006845,Гиберелон ВРП,,e1243393-532a-11f0-b811-005056bde474,false,false
Номенклатура — current,raw.r1c_nomenclature_current,39370d8e-e036-11f0-b81e-005056bde474,00-00013258,Гибкая подводка для воды гигант из нержавеющей стали. 100 см г/г ,,ef51bf95-3d8a-11f1-b821-005056bde474,false,false
Номенклатура — current,raw.r1c_nomenclature_current,2c0f489a-b3d4-11f0-b81e-005056bde474,00-00012911,"Гибкий вал спид. ГВ 20В-01 (МТЗ, ГАЗ, УАЗ) 1570мм",,45c9e202-0a37-11f0-b80e-005056bde474,false,false
Номенклатура — current,raw.r1c_nomenclature_current,455497d4-ea5b-11ed-9c4e-00505689ff45,00-00007889,Гибкий сменный шланг с пружинной оплеткой L=12 300мм для ручных плужерных шприцов 35-204,,9b060c03-71d9-11e7-85a2-d43d7eec442d,false,false
Номенклатура — current,raw.r1c_nomenclature_current,bfa5795e-a6b8-11f1-b824-005056bde474,00-00014744,Гигрометр психрометрический ВИТ-1 с поверкой,,683c72a5-0a38-11f0-b80e-005056bde474,false,false
Номенклатура — current,raw.r1c_nomenclature_current,23a0032f-2b1e-11f0-b80e-005056bde474,00-00012178,Гидр. соединение EL12LOMDCF,,45c9e202-0a37-11f0-b80e-005056bde474,false,false
Номенклатура — current,raw.r1c_nomenclature_current,5770b195-2b1e-11f0-b80e-005056bde474,00-00012180,Гидр. соединение EW08LOMDCF,,45c9e202-0a37-11f0-b80e-005056bde474,false,false
Номенклатура — current,raw.r1c_nomenclature_current,31681da7-2b1d-11f0-b80e-005056bde474,00-00012173,Гидр.соеденение EW12LOMDCF,,45c9e202-0a37-11f0-b80e-005056bde474,false,false
Номенклатура — current,raw.r1c_nomenclature_current,28e66c26-bcec-11ed-9c4d-00505689ff45,00-00007667,Гидр.соединение EL 12LOMOCF,,9b060c03-71d9-11e7-85a2-d43d7eec442d,false,false
Номенклатура — current,raw.r1c_nomenclature_current,f4d37984-dcd2-11f0-b81e-005056bde474,00-00013203,Гидравлическая тележка JHPT3000 Gigant ,,b0f144fe-735f-11f0-b814-005056bde474,false,false
Номенклатура — current,raw.r1c_nomenclature_current,3aadcdc0-2b1e-11f0-b80e-005056bde474,00-00012179,Гидравлическое соед-е для гидр. шлангов,,45c9e202-0a37-11f0-b80e-005056bde474,false,false
Номенклатура — current,raw.r1c_nomenclature_current,56075801-2b1d-11f0-b80e-005056bde474,00-00012175,Гидравлическое соед. EGE12LM18X1.5EDCF,,45c9e202-0a37-11f0-b80e-005056bde474,false,false
Номенклатура — current,raw.r1c_nomenclature_current,2989405f-bbab-11ef-9c5f-00505689ff45,00-00011484,"Гидроаккумулятор 100В 1""",,9b060c03-71d9-11e7-85a2-d43d7eec442d,false,false
Номенклатура — current,raw.r1c_nomenclature_current,932edd3b-f709-11f0-b81e-005056bde474,00-00013548,"Гидроаккумулятор 50В 1"" ""Джилекс""",,3aa470ea-3d8b-11f1-b821-005056bde474,false,false
Номенклатура — current,raw.r1c_nomenclature_current,9b167c87-06bd-11ec-9c3a-00505689ff45,АК-00004847,Гидроаккумулятор для систем водоснабжения Reflex DE 500,,9b060c03-71d9-11e7-85a2-d43d7eec442d,false,false
Номенклатура — current,raw.r1c_nomenclature_current,95879082-04cb-11ec-9c3a-00505689ff45,АК-00004661,Гидроблок РП70-1523.1,,9b060c03-71d9-11e7-85a2-d43d7eec442d,false,false
Номенклатура — current,raw.r1c_nomenclature_current,2e71c76c-7e6b-11ee-9c4a-005056893620,00-00009745,Гидромотор BMRY-315P41AllY10/T10,,9b060c03-71d9-11e7-85a2-d43d7eec442d,false,false
Номенклатура — current,raw.r1c_nomenclature_current,be0d77f5-bc0a-11e9-af77-30f7727a492e,00-00001809,Гидромуфта 240Б-1318010,,9b060c03-71d9-11e7-85a2-d43d7eec442d,false,false
Номенклатура — current,raw.r1c_nomenclature_current,67f1bd30-e35b-11e9-af7c-30f7727a492e,00-00002003,Гидромуфта 240Б-1318010 М постоянного вращения,,9b060c03-71d9-11e7-85a2-d43d7eec442d,false,false
Номенклатура — current,raw.r1c_nomenclature_current,54b84a45-715e-11ed-9c4d-00505689c8d9,00-00007450,Гидронасос шестеренный для СК,,9088eeaf-75dc-11e7-af18-30f7727a492e,false,false
Номенклатура — current,raw.r1c_nomenclature_current,101091e5-615e-11eb-9c2d-0050560417d5,00-00002859,Гидропонная,,f82d265a-615d-11eb-9c2d-0050560417d5,true,false
Номенклатура — current,raw.r1c_nomenclature_current,77465836-0be4-11ed-9c43-00505689c8d9,00-00006822,"Гидрораспределитель МТЗ-1021,1022,1221,952,САЛЕО-ГОМЕЛЬ",,9b060c03-71d9-11e7-85a2-d43d7eec442d,false,false
Номенклатура — current,raw.r1c_nomenclature_current,066011c8-33e0-11eb-0e8a-fa163e0d31f7,БП-00003281,"Гидрораспределитель МТЗ-1221,1523 привода ПВМ САЛЕО-ГОМЕЛЬ",,9b060c03-71d9-11e7-85a2-d43d7eec442d,false,false
Номенклатура — current,raw.r1c_nomenclature_current,a6526bd7-cd11-11ec-9c42-00505689c8d9,00-00006510,Гидрораспределитель Р-160 3/1-222,,9b060c03-71d9-11e7-85a2-d43d7eec442d,false,false
Номенклатура — current,raw.r1c_nomenclature_current,d9431c19-203a-11f0-b80e-005056bde474,00-00011984,Гидрораспределитель Р160-3/1-222,,45c9e202-0a37-11f0-b80e-005056bde474,false,false
Номенклатура — current,raw.r1c_nomenclature_current,39d6a4d3-b2fa-11ef-9c5e-00505689ff45,00-00011448,Гидрораспределитель РOD-HZW_000050,,9b060c03-71d9-11e7-85a2-d43d7eec442d,false,false
Номенклатура — current,raw.r1c_nomenclature_current,6d0ea3fd-08aa-11ef-9c4f-005056893620,00-00010476,Гидрораспределитель РП701523.1 RGR70/ЗАС,,9b060c03-71d9-11e7-85a2-d43d7eec442d,false,false
Номенклатура — current,raw.r1c_nomenclature_current,3d023ea1-b2fb-11ef-9c5e-00505689ff45,00-00011449,Гидроцилиндр ГЦ-01.110.63.170/630,,9b060c03-71d9-11e7-85a2-d43d7eec442d,false,false
Номенклатура — current,raw.r1c_nomenclature_current,9514e6a6-ddb4-11ed-9c4e-00505689ff45,00-00007759,Гидроцилиндр К-700 поворота Ц-125 профмашт700-34-29-000-1,,9b060c03-71d9-11e7-85a2-d43d7eec442d,false,false
Номенклатура — current,raw.r1c_nomenclature_current,90340984-6228-11ec-9c40-00505689c8d9,АК-00005809,Гидроцилиндр МТЗ-1221 гидроподъемника 820-4625010,,9b060c03-71d9-11e7-85a2-d43d7eec442d,false,false
Номенклатура — current,raw.r1c_nomenclature_current,a4ee561b-753f-11e9-af6d-30f7727a492e,00-00001574,"Гидроцилиндр МТЗ-80,532,620,900,1221 рулевой 50*25*200 (без пальцев) под ГОРУ (А)",,9b060c03-71d9-11e7-85a2-d43d7eec442d,false,false
Номенклатура — current,raw.r1c_nomenclature_current,67f1bd40-e35b-11e9-af7c-30f7727a492e,00-00002013,"Гидроцилиндр МТЗ-80,82 ЮМЗ задней навески ЦГ-100.40х200.01-02 ВЗТА Ц100х200-3",,9b060c03-71d9-11e7-85a2-d43d7eec442d,false,false
Номенклатура — current,raw.r1c_nomenclature_current,6d05d205-4885-11ec-9c45-00505689c17d,АК-00005623,Гидроцилиндр Ц90*2,,9b060c03-71d9-11e7-85a2-d43d7eec442d,false,false
Номенклатура — current,raw.r1c_nomenclature_current,c48f3eb1-5d1c-11ee-9c4f-00505689ff45,00-00009586,Гидроцилиндр ЦГ-125.50*400.11-01 700А.34.28.000,,9b060c03-71d9-11e7-85a2-d43d7eec442d,false,false
Номенклатура — current,raw.r1c_nomenclature_current,34678a11-2c06-11f1-b81f-005056bde474,00-00013873,Гидроцилиндр навески МТЗ-1523 (Ц90*50*250),,45c9e202-0a37-11f0-b80e-005056bde474,false,false
Номенклатура — current,raw.r1c_nomenclature_current,62a9c544-a3d0-11ee-9c4c-005056893620,00-00010002,Гидроцилиндр рулевой с ГОРУ L50-3405215A-01,,9b060c03-71d9-11e7-85a2-d43d7eec442d,false,false
Номенклатура — current,raw.r1c_nomenclature_current,9eea2c24-bc0f-11ec-9c42-00505689c8d9,00-00006442,Гильза GL-16 алюминиевая соединительная ИЭК,,9adc9f2a-3d8a-11f1-b821-005056bde474,false,false
Номенклатура — current,raw.r1c_nomenclature_current,17e275f8-bc12-11ec-9c42-00505689c8d9,00-00006447,"Гильза ГА-16 -5,4 алюминиевая КВТ 41449",,9adc9f2a-3d8a-11f1-b821-005056bde474,false,false
Номенклатура — current,raw.r1c_nomenclature_current,6b9e737a-9191-11e9-af72-30f7727a492e,00-00001695,"Гильза с поршнем Д-240,Д-242,Д-243 МОТОРДЕТАЛЬ",,9b060c03-71d9-11e7-85a2-d43d7eec442d,false,false
Номенклатура — current,raw.r1c_nomenclature_current,efe0eed2-6498-11e8-af3d-30f7727a492e,00-00000863,Гильза с поршнем Д-260,,9b060c03-71d9-11e7-85a2-d43d7eec442d,false,false
Номенклатура — current,raw.r1c_nomenclature_current,3bc65566-647b-11ef-9c5c-00505689ff45,00-00010942,"Гильза соединительная изолированная ГСИ 1,5 красная (50 шт) TDM SQ0546-0007",,9b060c03-71d9-11e7-85a2-d43d7eec442d,false,false
Номенклатура — current,raw.r1c_nomenclature_current,a6b250ae-45a6-11ee-9c4e-00505689ff45,00-00009389,"Гильза- поршень МОТОРДЕТАЛЬ Д240,243,240-1000105-С",,9b060c03-71d9-11e7-85a2-d43d7eec442d,false,false
Номенклатура — current,raw.r1c_nomenclature_current,0ed4f850-a61d-11ec-9c42-00505689c8d9,00-00006355,"Гипсокартон  9,5мм 2,5х1,2м Кнауф",,9088eead-75dc-11e7-af18-30f7727a492e,false,false
Номенклатура — current,raw.r1c_nomenclature_current,07ff6383-4c2a-11ec-9c40-00505689c8d9,АК-00005678,"Гипсокартон Волма 12,5мм 2,5х1,2м",,9088eead-75dc-11e7-af18-30f7727a492e,false,false
Номенклатура — current,raw.r1c_nomenclature_current,6ff0cece-d759-11f0-b81e-005056bde474,00-00013096,Гиря 2 кг МАССА-К 200227,,4096eb19-7363-11f0-b814-005056bde474,false,false
Номенклатура — current,raw.r1c_nomenclature_current,ccb62aa3-f524-11eb-9c3a-00505689ff45,АК-00003460,Гладиатор Инсектицид,,f9d67774-531d-11f0-b811-005056bde474,false,false
Номенклатура — current,raw.r1c_nomenclature_current,ccb62aa4-f524-11eb-9c3a-00505689ff45,АК-00003461,Гладиатор Супер Инсектицид,,f9d67774-531d-11f0-b811-005056bde474,false,false
Номенклатура — current,raw.r1c_nomenclature_current,5f2b6fc0-1a1f-11ec-9c3a-00505689ff45,АК-00005075,Глак,,2eaeac4d-5322-11f0-b811-005056bde474,false,false
Номенклатура — current,raw.r1c_nomenclature_current,9c36a603-7e26-11ee-9c4a-005056893620,00-00009725,Глак 1л (дезинфектат),,f0e4c260-a130-11e8-af4c-30f7727a492e,false,false
Номенклатура — current,raw.r1c_nomenclature_current,ccb62aa5-f524-11eb-9c3a-00505689ff45,АК-00003462,Глиокладин Инсектицид,,2eaeac4d-5322-11f0-b811-005056bde474,false,false
Номенклатура — current,raw.r1c_nomenclature_current,de1505cd-3328-11f1-b81f-005056bde474,00-00014012,Глухарь,,3891ada2-0a39-11f0-b80e-005056bde474,false,false
Номенклатура — current,raw.r1c_nomenclature_current,bc30cf36-23d5-11ed-9c43-cb6d75bb653b,00-00007030,Глухарь 8х120,,9088eead-75dc-11e7-af18-30f7727a492e,false,false
Номенклатура — current,raw.r1c_nomenclature_current,8b8055b0-e417-11e9-af7c-30f7727a492e,00-00002022,Глухая заклепка POP-4.8х19,,9b060c03-71d9-11e7-85a2-d43d7eec442d,false,false
Номенклатура — current,raw.r1c_nomenclature_current,5d9b21c6-bfd6-11eb-c69d-fa163e0d31f7,БП-00004070,"Глушитель ГАЗ 4301,3306,ПАЗ 4230 фланец на 3 отв.1,0",,9b060c03-71d9-11e7-85a2-d43d7eec442d,false,false
Номенклатура — current,raw.r1c_nomenclature_current,b29b007e-1145-11f1-b81f-005056bde474,00-00013780,"Глушитель ГАЗ 4301,3309,ПАЗ дизель",,45c9e202-0a37-11f0-b80e-005056bde474,false,false
Номенклатура — current,raw.r1c_nomenclature_current,c883e58a-dca4-11ef-b80c-005056bde474,00-00011588,Глушитель МТЗ 80-1205015-А2,,9b060c03-71d9-11e7-85a2-d43d7eec442d,false,false
Номенклатура — current,raw.r1c_nomenclature_current,5d35e868-f8f0-11ef-b80e-005056bde474,00-00011716,Глушитель для а/м Renault,,9b060c03-71d9-11e7-85a2-d43d7eec442d,false,false
Номенклатура — current,raw.r1c_nomenclature_current,c46372eb-2991-11f0-b80e-005056bde474,00-00012057,Глушитель для а/м Соболь,,20296b06-0a38-11f0-b80e-005056bde474,false,false
Номенклатура — current,raw.r1c_nomenclature_current,3fb70ea1-7fea-11ef-9c5d-00505689ff45,00-00011154,Гн. быстрос гидр. муфты,,9b060c03-71d9-11e7-85a2-d43d7eec442d,false,false
Номенклатура — current,raw.r1c_nomenclature_current,5a56770d-cc54-11f0-b81e-005056bde474,00-00012996,Гнилой картофель,,ee206f1b-243d-11f0-b80e-005056bde474,false,false
Номенклатура — current,raw.r1c_nomenclature_current,c2602e92-e72f-11e9-af7c-30f7727a492e,00-00002061,Головка  ф41 3/4,,9b060c03-71d9-11e7-85a2-d43d7eec442d,false,false
Номенклатура — current,raw.r1c_nomenclature_current,91c6149e-a2eb-11ee-9c4c-005056893620,00-00009977,Головка 1/4 Т6,,9b060c03-71d9-11e7-85a2-d43d7eec442d,false,false
Номенклатура — current,raw.r1c_nomenclature_current,ad11977f-a2eb-11ee-9c4c-005056893620,00-00009978,Головка 1/4 Т8,,9b060c03-71d9-11e7-85a2-d43d7eec442d,false,false
Номенклатура — current,raw.r1c_nomenclature_current,c383ac27-69d6-11ef-9c5c-00505689ff45,00-00011008,Головка 8,,9b060c03-71d9-11e7-85a2-d43d7eec442d,false,false
Номенклатура — current,raw.r1c_nomenclature_current,bfbad1a5-b7ac-11ef-9c5e-00505689ff45,00-00011460,Головка блока цилиндра в сб.66/523/53,,9b060c03-71d9-11e7-85a2-d43d7eec442d,false,false
Номенклатура — current,raw.r1c_nomenclature_current,9b060c6b-71d9-11e7-85a2-d43d7eec442d,00000013   ,Головка муфтовая ГМ-80,,9b060c03-71d9-11e7-85a2-d43d7eec442d,false,false
Номенклатура — current,raw.r1c_nomenclature_current,f53418b1-b494-11f0-b81e-005056bde474,00-00012919,Головка соединительная 16мм красн.,,45c9e202-0a37-11f0-b80e-005056bde474,false,false
Номенклатура — current,raw.r1c_nomenclature_current,96150223-4aa0-11f1-b821-005056bde474,00-00014217,Головка соединительная 22мм (16мм),,45c9e202-0a37-11f0-b80e-005056bde474,false,false
Номенклатура — current,raw.r1c_nomenclature_current,21596d7a-b497-11f0-b81e-005056bde474,00-00012922,Головка соединительная 22мм (2шт в к-те),,45c9e202-0a37-11f0-b80e-005056bde474,false,false
Номенклатура — current,raw.r1c_nomenclature_current,d1e4d6c7-20e3-11ec-9c3a-00505689ff45,АК-00005287,Головка соединительная тормозной системы прицепа 22мм желтая комплект WABCO 452 200 012 0/212 0,,9b060c03-71d9-11e7-85a2-d43d7eec442d,false,false
Номенклатура — current,raw.r1c_nomenclature_current,64cabaf2-04d6-11ec-9c3a-00505689ff45,АК-00004669,Головка соединительная тормозной системы прицепа 22мм желтая с клапаном 07218,,9b060c03-71d9-11e7-85a2-d43d7eec442d,false,false
Номенклатура — current,raw.r1c_nomenclature_current,37003c0e-b2df-11e9-af76-30f7727a492e,00-00001802,Головка торцовая 10 мм Stels,,9b060c03-71d9-11e7-85a2-d43d7eec442d,false,false
Номенклатура — current,raw.r1c_nomenclature_current,37003c0d-b2df-11e9-af76-30f7727a492e,00-00001801,Головка торцовая 22 мм Stels,,9b060c03-71d9-11e7-85a2-d43d7eec442d,false,false
Номенклатура — current,raw.r1c_nomenclature_current,37003c0c-b2df-11e9-af76-30f7727a492e,00-00001800,Головка торцовая 24 мм Stels,,9b060c03-71d9-11e7-85a2-d43d7eec442d,false,false
Номенклатура — current,raw.r1c_nomenclature_current,94f0100f-d831-11ef-b80c-005056bde474,00-00011566,Головка торцовая 38 ударная,,9b060c03-71d9-11e7-85a2-d43d7eec442d,false,false
Номенклатура — current,raw.r1c_nomenclature_current,beb804d9-000f-11ec-9c3a-00505689ff45,АК-00003947,Головка торцовая 42 ударная ,,9b060c03-71d9-11e7-85a2-d43d7eec442d,false,false
Номенклатура — current,raw.r1c_nomenclature_current,2d06ce5c-72a6-11eb-4886-fa163e0d31f7,БП-00003740,Головка торцовая 55 3/4,,9b060c03-71d9-11e7-85a2-d43d7eec442d,false,false
Номенклатура — current,raw.r1c_nomenclature_current,f11db27c-98d4-11ea-952a-30f7727a492e,00-00002670,"Головка торцовая ударная шестигранная 1/2,41 мм 453154 1М",,9b060c03-71d9-11e7-85a2-d43d7eec442d,false,false
Номенклатура — current,raw.r1c_nomenclature_current,ca3be131-1f06-11ed-9c43-cb6d75bb653b,00-00006984,Головка триммерная ,,9b060c03-71d9-11e7-85a2-d43d7eec442d,false,false
Номенклатура — current,raw.r1c_nomenclature_current,9d9bb63a-e47c-11eb-0c9a-fa163e0d31f7,БП-00004433,Головка триммерная Wind 12 (1.6-2.4 мм; под гайку) DDE 910-478,,917ab634-0a38-11f0-b80e-005056bde474,false,false
Номенклатура — current,raw.r1c_nomenclature_current,1d197554-07ac-11eb-1097-fa163ee5d2f9,БП-00003080,Головка тройная вращающаяся конечная 0-100/G07/К,,9b060c03-71d9-11e7-85a2-d43d7eec442d,false,false
Номенклатура — current,raw.r1c_nomenclature_current,215de649-0004-11ec-9c3a-00505689ff45,АК-00003935,Головка тройная вращающаяся конечная 0-100/G07K,,9b060c03-71d9-11e7-85a2-d43d7eec442d,false,false
Номенклатура — current,raw.r1c_nomenclature_current,3f24920a-07ac-11eb-1097-fa163ee5d2f9,БП-00003081,Головка тройная вращающаяся проходная 0-100/G07/Р,,9b060c03-71d9-11e7-85a2-d43d7eec442d,false,false
Номенклатура — current,raw.r1c_nomenclature_current,5213172c-0004-11ec-9c3a-00505689ff45,АК-00003936,Головка тройная вращающаяся проходная 0-100/G07Р,,9b060c03-71d9-11e7-85a2-d43d7eec442d,false,false
Номенклатура — current,raw.r1c_nomenclature_current,8071575d-9aed-11e8-af49-30f7727a492e,00-00001038,Головка усил. ф27 3/4,,9b060c03-71d9-11e7-85a2-d43d7eec442d,false,false
Номенклатура — current,raw.r1c_nomenclature_current,1c65014e-6566-11f1-b821-005056bde474,00-00014493,Головные уборы,,9088eea8-75dc-11e7-af18-30f7727a492e,true,false
Номенклатура — current,raw.r1c_nomenclature_current,07549720-a3d0-11ee-9c4c-005056893620,00-00010001,Горелка газовая АВТОДЕЛО 44111,,9b060c03-71d9-11e7-85a2-d43d7eec442d,false,false
Номенклатура — current,raw.r1c_nomenclature_current,d1571bfa-a3cf-11ee-9c4c-005056893620,00-00010000,Горелка газовая под баллон ROCKFORCE RF-175.275,,9b060c03-71d9-11e7-85a2-d43d7eec442d,false,false
Номенклатура — current,raw.r1c_nomenclature_current,80a53420-6d57-11ec-9c40-00505689c8d9,АК-00005894,Горелка газовая портативная,,9b060c03-71d9-11e7-85a2-d43d7eec442d,false,false
Номенклатура — current,raw.r1c_nomenclature_current,e7a36d46-a621-11ec-9c42-00505689c8d9,00-00006362,Горелка газовая с пьезо,,9088eead-75dc-11e7-af18-30f7727a492e,false,false
Номенклатура — current,raw.r1c_nomenclature_current,253ba5cc-527b-11ec-9c40-00505689c8d9,АК-00005716,Горелка газовая с пьезоподжигом под цанговый балон АВТОДЕПО,,9088eead-75dc-11e7-af18-30f7727a492e,false,false
Номенклатура — current,raw.r1c_nomenclature_current,7f3afb7a-ef21-11f0-b81e-005056bde474,00-00013343,Горелка газовая со шлангом TJ8200-M,,020f2682-7363-11f0-b814-005056bde474,false,false
Номенклатура — current,raw.r1c_nomenclature_current,0d714506-e623-11e7-a3fa-94de80168a80,00-00000542,Горелка газовоздушная,,9088eead-75dc-11e7-af18-30f7727a492e,false,false
Номенклатура — current,raw.r1c_nomenclature_current,131b340c-c733-11ea-9d96-fa163ee5d2f9,БП-00002874,Горелка газовоздушная ГВ,,9b060c03-71d9-11e7-85a2-d43d7eec442d,false,false
Номенклатура — current,raw.r1c_nomenclature_current,2fafe198-dfc8-11f0-b81e-005056bde474,00-00013216,Горелка кровельная,,05b398ee-0a39-11f0-b80e-005056bde474,false,false
Номенклатура — current,raw.r1c_nomenclature_current,2f24fcf6-5b4d-11f1-b821-005056bde474,00-00014458,Горелка пропановая ПГ 57760 КВТ ,,91c7eac6-4ea0-11f1-b821-005056bde474,false,false
Номенклатура — current,raw.r1c_nomenclature_current,cf3349a0-3ac8-11eb-dc8d-fa163e0d31f7,БП-00003405,"Горловина R1,R2 для WK",,9b060c03-71d9-11e7-85a2-d43d7eec442d,false,false
Номенклатура — current,raw.r1c_nomenclature_current,65b39bb2-53e4-11eb-2798-fa163e0d31f7,БП-00003560,Горох овощной Амброзия,,63675cba-491d-11f1-b821-005056bde474,false,false
Номенклатура — current,raw.r1c_nomenclature_current,820efb08-53e4-11eb-2798-fa163e0d31f7,БП-00003561,Горох овощной Глориоза,,63675cba-491d-11f1-b821-005056bde474,false,false
Номенклатура — current,raw.r1c_nomenclature_current,473bc7e0-03ee-11eb-ac9e-fa163ee5d2f9,БП-00003072,Горчица белая РСт,,d6147e34-623c-11f0-b811-005056bde474,false,false
Номенклатура — current,raw.r1c_nomenclature_current,2b89a342-a74e-11eb-c282-fa163e0d31f7,БП-00003899,Горшок для цветов Таити D 16см,,f0e4c260-a130-11e8-af4c-30f7727a492e,false,false
Номенклатура — current,raw.r1c_nomenclature_current,68a1ef00-a74e-11eb-c282-fa163e0d31f7,БП-00003900,Горшок для цветов Таити D 20см,,f0e4c260-a130-11e8-af4c-30f7727a492e,false,false
Номенклатура — current,raw.r1c_nomenclature_current,b3ddfc3e-a74e-11eb-c282-fa163e0d31f7,БП-00003902,Горшок для цветов Таити D 28см,,f0e4c260-a130-11e8-af4c-30f7727a492e,false,false
Номенклатура — current,raw.r1c_nomenclature_current,f28fe38e-a2ec-11ee-9c4c-005056893620,00-00009980,Гофра d 110,,9088eead-75dc-11e7-af18-30f7727a492e,false,false
Номенклатура — current,raw.r1c_nomenclature_current,413b75f5-f92c-11ef-b80e-005056bde474,00-00011727,Гофра глушителя повышенной гибкости,,9b060c03-71d9-11e7-85a2-d43d7eec442d,false,false
Номенклатура — current,raw.r1c_nomenclature_current,d2aed049-038c-11ea-951d-30f7727a492e,00-00002163,Гофра диаметр 32 ПНД черная,,9adc9f2a-3d8a-11f1-b821-005056bde474,false,false
Номенклатура — current,raw.r1c_nomenclature_current,7f4a0e70-326e-11f1-b81f-005056bde474,00-00013954,Гофра для кабеля 20мм ПВХ с зондом 100 метров легкая TDM ELECTRIC SQ0401-0002,,f475f3a8-0a36-11f0-b80e-005056bde474,false,false
Номенклатура — current,raw.r1c_nomenclature_current,3cbb3a30-c980-11ed-9c4e-00505689ff45,00-00007690,Гофрокороб 600*400*400 Т-25В бурый ,,b1879808-4214-11f1-b821-005056bde474,false,false
Номенклатура — current,raw.r1c_nomenclature_current,2513e6fe-ae41-11eb-3192-fa163e0d31f7,БП-00003910,Гофролоток 362*272*172 П-32 ВЕ бурый ,,b1879808-4214-11f1-b821-005056bde474,false,false
Номенклатура — current,raw.r1c_nomenclature_current,317ab904-a638-11ed-9c4c-00505689ff45,00-00007623,Гофролоток 390*280*180 П32 ВЕ ,,b1879808-4214-11f1-b821-005056bde474,false,false
Номенклатура — current,raw.r1c_nomenclature_current,8f6fa3ba-2a86-11eb-259f-fa163e0d31f7,БП-00003215,Гофролоток Т24С бурый 575*390*200,,b1879808-4214-11f1-b821-005056bde474,false,false
Номенклатура — current,raw.r1c_nomenclature_current,b1879808-4214-11f1-b821-005056bde474,00-00014103,Гофроупаковка,,a986fb07-0a39-11f0-b80e-005056bde474,true,false
Номенклатура — current,raw.r1c_nomenclature_current,b99cdaa6-d826-11eb-d199-fa163e0d31f7,БП-00004354,Грабли 12 зуб,,917ab634-0a38-11f0-b80e-005056bde474,false,false
Номенклатура — current,raw.r1c_nomenclature_current,76c7dff9-8815-11e9-af70-30f7727a492e,00-00001649,Грабли 14 зуб,,917ab634-0a38-11f0-b80e-005056bde474,false,false
Номенклатура — current,raw.r1c_nomenclature_current,11f368bc-b236-11eb-6d90-fa163e0d31f7,БП-00003957,Грабли веерные плоские 22 зуба без черенка,,917ab634-0a38-11f0-b80e-005056bde474,false,false
Номенклатура — current,raw.r1c_nomenclature_current,95afc8b8-b235-11eb-6d90-fa163e0d31f7,БП-00003956,Грабли веерные сталь 425 мм 22 плоских зуба без черенка,,917ab634-0a38-11f0-b80e-005056bde474,false,false
Номенклатура — current,raw.r1c_nomenclature_current,cb386bee-b243-11eb-6d90-fa163e0d31f7,БП-00003975,Граблина ГВР 28.601,,9b060c03-71d9-11e7-85a2-d43d7eec442d,false,false
Номенклатура — current,raw.r1c_nomenclature_current,1bf9ab94-52bd-11f1-b821-005056bde474,00-00014395,Гравер PDM170N ATLET ,,c7578db7-735f-11f0-b814-005056bde474,false,false
Номенклатура — current,raw.r1c_nomenclature_current,ba966338-f7ce-11f0-b81e-005056bde474,00-00013604,"Градирня ""Росинка-30/40"" (с щитом управления)",,de1714af-8a12-11e7-af1d-30f7727a492e,false,false
Номенклатура — current,raw.r1c_nomenclature_current,ccb62aa6-f524-11eb-9c3a-00505689ff45,АК-00003463,Грандсил 1447-09-107-223-0-0-0-0 Инсектицид,,668204c4-5324-11f0-b811-005056bde474,false,false
Номенклатура — current,raw.r1c_nomenclature_current,ccb62aa7-f524-11eb-9c3a-00505689ff45,АК-00003464,Грандсил 2345-12-107-476-0-1-0-0 Инсектицид,,668204c4-5324-11f0-b811-005056bde474,false,false
Номенклатура — current,raw.r1c_nomenclature_current,ccb62aa8-f524-11eb-9c3a-00505689ff45,АК-00003465,Гранулам Инсектицид,,f9d67774-531d-11f0-b811-005056bde474,false,false
Номенклатура — current,raw.r1c_nomenclature_current,b89bd277-faae-11f0-b81e-005056bde474,00-00013632,"Графитная смазка, BiBiCare 400 мл / 4420",,45c9e202-0a37-11f0-b80e-005056bde474,false,false
Номенклатура — current,raw.r1c_nomenclature_current,d40d442c-9a77-11ee-9c4a-005056893620,00-00009917,Гребенка ПМБ 00.00.025,,9b060c03-71d9-11e7-85a2-d43d7eec442d,false,false
Номенклатура — current,raw.r1c_nomenclature_current,abbc8ff3-3270-11f1-b81f-005056bde474,00-00013960,Гребенка из оцинкованной стали для ПВХ завес 10шт КурсКлимат ,,5221e7b6-0a39-11f0-b80e-005056bde474,false,false
Номенклатура — current,raw.r1c_nomenclature_current,93296574-437f-11eb-b594-fa163e0d31f7,БП-00003434,Гребенка п/м,,5a3c0c16-097d-11f0-b80e-005056bde474,false,false
Номенклатура — current,raw.r1c_nomenclature_current,e0f49165-8f16-11ec-9c42-00505689c8d9,00-00006141,Гребневой барабан,,9b060c03-71d9-11e7-85a2-d43d7eec442d,false,false
Номенклатура — current,raw.r1c_nomenclature_current,bf8cdabf-84f5-11f1-b824-005056bde474,00-00014608,Греющий кабель внутрь трубы 13Вт/м,,67e18806-3d8a-11f1-b821-005056bde474,false,false
Номенклатура — current,raw.r1c_nomenclature_current,78477e2b-6d31-11f0-b811-005056bde474,00-00012595,"Греющий кабель для обогрева труб, водостоков и кровли, 32 Вт., длина 100 м.",,9088eead-75dc-11e7-af18-30f7727a492e,false,false
Номенклатура — current,raw.r1c_nomenclature_current,ccb62aa9-f524-11eb-9c3a-00505689ff45,АК-00003466,Гризли Инсектицид,,f9d67774-531d-11f0-b811-005056bde474,false,false
Номенклатура — current,raw.r1c_nomenclature_current,ccb62aaa-f524-11eb-9c3a-00505689ff45,АК-00003467,Гринда Инсектицид,,f9d67774-531d-11f0-b811-005056bde474,false,false
Номенклатура — current,raw.r1c_nomenclature_current,6c5f272a-cf62-11eb-bd90-fa163e0d31f7,БП-00004159,Гровер ,,9b060c03-71d9-11e7-85a2-d43d7eec442d,false,false
Номенклатура — current,raw.r1c_nomenclature_current,f0e4c236-a130-11e8-af4c-30f7727a492e,00-00001064,Гровер 10,,9b060c03-71d9-11e7-85a2-d43d7eec442d,false,false
Номенклатура — current,raw.r1c_nomenclature_current,b2f22d11-9643-11e9-af73-30f7727a492e,00-00001725,Гровер 8,,9b060c03-71d9-11e7-85a2-d43d7eec442d,false,false
Номенклатура — current,raw.r1c_nomenclature_current,ccb62aab-f524-11eb-9c3a-00505689ff45,АК-00003468,Гром Инсектицид,,f9d67774-531d-11f0-b811-005056bde474,false,false
Номенклатура — current,raw.r1c_nomenclature_current,9b060c6c-71d9-11e7-85a2-d43d7eec442d,00000007   ,Груз 70-4235011 передний МТЗ-80/82,,9b060c03-71d9-11e7-85a2-d43d7eec442d,false,false
Номенклатура — current,raw.r1c_nomenclature_current,927d98d6-1ab0-11eb-c693-fa163e0d31f7,БП-00003178,Груз фронтальной навески (1100кг) б/у,,9b060c03-71d9-11e7-85a2-d43d7eec442d,false,false
Номенклатура — current,raw.r1c_nomenclature_current,3e82c102-5ed8-11ef-9c5c-00505689ff45,00-00010886,Грунт,,9088eead-75dc-11e7-af18-30f7727a492e,false,false
Номенклатура — current,raw.r1c_nomenclature_current,d19fa8b6-17d7-11ed-9c43-cb6d75bb653b,00-00006883,Грунт  акриловый +отвердитель 55531 gray,,9088eead-75dc-11e7-af18-30f7727a492e,false,false
Номенклатура — current,raw.r1c_nomenclature_current,6d5ac74a-a5b0-11ef-9c5e-00505689ff45,00-00011361,Грунт  универсальный ЮНИС 10 л,,9088eead-75dc-11e7-af18-30f7727a492e,false,false
Номенклатура — current,raw.r1c_nomenclature_current,8bf31051-21fa-11ed-9c43-cb6d75bb653b,00-00006992,Грунт  универсальный акриловый КU-2104,,9088eead-75dc-11e7-af18-30f7727a492e,false,false
Номенклатура — current,raw.r1c_nomenclature_current,8e2feab3-b73e-11ec-9c42-00505689c8d9,00-00006434,Грунт кислотный 400 мл,,9088eead-75dc-11e7-af18-30f7727a492e,false,false
Номенклатура — current,raw.r1c_nomenclature_current,c5b79a10-f633-11ec-9c42-89a3dcc9992a,00-00006706,Грунт серый акриловый 520мл,,9088eead-75dc-11e7-af18-30f7727a492e,false,false
Номенклатура — current,raw.r1c_nomenclature_current,d49efd2a-6b08-11ed-9c4d-00505689c8d9,00-00007394,Грунт эмаль 3 в 1 ,,9088eead-75dc-11e7-af18-30f7727a492e,false,false
Номенклатура — current,raw.r1c_nomenclature_current,acae1968-a602-11f1-b824-005056bde474,00-00014740,"Грунт эмаль 3 в 1 0,75л",,9088eead-75dc-11e7-af18-30f7727a492e,false,false
Номенклатура — current,raw.r1c_nomenclature_current,42a850bf-5a1e-11ef-9c59-00505689ff45,00-00010861,Грунт эмаль 3 в 1 DALI 10л Белая,,9088eead-75dc-11e7-af18-30f7727a492e,false,false
Номенклатура — current,raw.r1c_nomenclature_current,5b580728-5a1e-11ef-9c59-00505689ff45,00-00010862,Грунт эмаль 3 в 1 DALI 2л Белая,,9088eead-75dc-11e7-af18-30f7727a492e,false,false
Номенклатура — current,raw.r1c_nomenclature_current,d7515d6f-23d8-11ed-9c43-cb6d75bb653b,00-00007038,Грунт эмаль 3 в 1 зеленая,,9088eead-75dc-11e7-af18-30f7727a492e,false,false
Номенклатура — current,raw.r1c_nomenclature_current,46ebc56e-d03b-11eb-5d99-fa163e0d31f7,БП-00004235,Грунт эмаль 3 в 1 серая,,9088eead-75dc-11e7-af18-30f7727a492e,false,false
Номенклатура — current,raw.r1c_nomenclature_current,c0f522de-d3c1-11ed-9c4e-00505689ff45,00-00007714,Грунт эмаль аэрозольная 520мл,,9088eead-75dc-11e7-af18-30f7727a492e,false,false
Номенклатура — current,raw.r1c_nomenclature_current,3d8849aa-8503-11f1-b824-005056bde474,00-00014640,"Грунт эмаль по ржавчине 1,7кг",,5221e7b6-0a39-11f0-b80e-005056bde474,false,false
Номенклатура — current,raw.r1c_nomenclature_current,c6a8390f-5a38-11ef-9c59-00505689ff45,00-00010867,Грунт эмаль по ржавчине 3в1 HAMMERTON 10л,,9088eead-75dc-11e7-af18-30f7727a492e,false,false
Номенклатура — current,raw.r1c_nomenclature_current,fb258578-014d-11ee-9c4e-00505689ff45,00-00008099,Грунт эпоксидный 520мл,,9b060c03-71d9-11e7-85a2-d43d7eec442d,false,false
Номенклатура — current,raw.r1c_nomenclature_current,507908e2-b73e-11ec-9c42-00505689c8d9,00-00006433,Грунт-наполнитель толстослойный серый,,9088eead-75dc-11e7-af18-30f7727a492e,false,false
Номенклатура — current,raw.r1c_nomenclature_current,0374acf5-84fc-11f1-b824-005056bde474,00-00014628,"Грунт-эмаль 3 в 1 0,8л",,5221e7b6-0a39-11f0-b80e-005056bde474,false,false
Номенклатура — current,raw.r1c_nomenclature_current,481bcc07-84fc-11f1-b824-005056bde474,00-00014630,Грунт-эмаль аэрозоль по ржавчине 520мл,,5221e7b6-0a39-11f0-b80e-005056bde474,false,false
Номенклатура — current,raw.r1c_nomenclature_current,1b85b983-23d7-11ed-9c43-cb6d75bb653b,00-00007035,Грунт-эмаль по ржавчине ,,9088eead-75dc-11e7-af18-30f7727a492e,false,false
Номенклатура — current,raw.r1c_nomenclature_current,56e16b32-a5d8-11f1-b824-005056bde474,00-00014739,"Грунт-эмаль по ржавчине 3 в 1, 10 кг, зеленая",,f7d70ffa-7292-11f0-b814-005056bde474,false,false
Номенклатура — current,raw.r1c_nomenclature_current,ba1186dc-1474-11ec-9c3a-00505689ff45,АК-00004958,"Грунт-эмаль по ржавчине серая 0,8 кг ",,9088eead-75dc-11e7-af18-30f7727a492e,false,false
Номенклатура — current,raw.r1c_nomenclature_current,55ac183d-23d0-11ed-9c43-cb6d75bb653b,00-00007024,"Грунт-эмаль по ржавчине серая 1,5 кг ",,9088eead-75dc-11e7-af18-30f7727a492e,false,false
Номенклатура — current,raw.r1c_nomenclature_current,e5620834-283d-11ed-9c43-cb6d75bb653b,00-00007088,Грунтовка ГФ 021 по металлу красно-коричневая (подготовка под окраску),,9088eead-75dc-11e7-af18-30f7727a492e,false,false
Номенклатура — current,raw.r1c_nomenclature_current,b554e930-d03c-11eb-5d99-fa163e0d31f7,БП-00004244,Грунтовка глубокого проникновения Церезит СТ-17,,9088eead-75dc-11e7-af18-30f7727a492e,false,false
Номенклатура — current,raw.r1c_nomenclature_current,fcdbe193-17d8-11ed-9c43-cb6d75bb653b,00-00006886,"Грунтовка по металлу серая 0,9 кг",,9088eead-75dc-11e7-af18-30f7727a492e,false,false
Номенклатура — current,raw.r1c_nomenclature_current,86203650-6d51-11ec-9c40-00505689c8d9,АК-00005887,Грунтовка универсальная,,9088eead-75dc-11e7-af18-30f7727a492e,false,false
Номенклатура — current,raw.r1c_nomenclature_current,4697e190-f3ed-11ed-9c4e-00505689ff45,00-00007982,Грунтовка цинконаполненная 650мл аэрозоль,,9088eead-75dc-11e7-af18-30f7727a492e,false,false
Номенклатура — current,raw.r1c_nomenclature_current,055cd1db-0037-11ec-9c3a-00505689ff45,АК-00003991,Группа поршневая ПАЗ-3205 на двигатель ,,9b060c03-71d9-11e7-85a2-d43d7eec442d,false,false
Номенклатура — current,raw.r1c_nomenclature_current,7d112e24-f2d9-11eb-9c3a-00505689ff45,АК-00003285,"Грэмми, КС Фунгицид ",,2eaeac4d-5322-11f0-b811-005056bde474,false,false
Номенклатура — current,raw.r1c_nomenclature_current,a10c087b-08c0-11ed-9c43-00505689c8d9,00-00006806,Грядообразование,,52c3cca5-0968-11f0-b80e-005056bde474,false,false
Номенклатура — current,raw.r1c_nomenclature_current,e514a050-11bb-11ea-9520-30f7727a492e,00-00002213,"Губка ""Пеночка""",,f0e4c260-a130-11e8-af4c-30f7727a492e,false,false
Номенклатура — current,raw.r1c_nomenclature_current,0f4431fc-e7af-11ea-3497-fa163ee5d2f9,БП-00002985,Губка для мытья посуды,,f0e4c260-a130-11e8-af4c-30f7727a492e,false,false
Номенклатура — current,raw.r1c_nomenclature_current,b3ebaf30-04d9-11ec-9c3a-00505689ff45,АК-00004674,Губка для мытья посуды 95*65*30 мм 5 шт,,f0e4c260-a130-11e8-af4c-30f7727a492e,false,false
Номенклатура — current,raw.r1c_nomenclature_current,2f8fdd12-e7af-11ea-3497-fa163ee5d2f9,БП-00002986,Губка мочалка металлическая,,f0e4c260-a130-11e8-af4c-30f7727a492e,false,false
Номенклатура — current,raw.r1c_nomenclature_current,ba3d6c0f-63fb-11ec-9c40-00505689c8d9,АК-00005839,Губка шлифовальная,,9b060c03-71d9-11e7-85a2-d43d7eec442d,false,false
Номенклатура — current,raw.r1c_nomenclature_current,9088ee90-75dc-11e7-af18-30f7727a492e,00-00000042,Губка-стиратель для доски,,9088ee8b-75dc-11e7-af18-30f7727a492e,false,false
Номенклатура — current,raw.r1c_nomenclature_current,f6e4eb3a-f70a-11f0-b81e-005056bde474,00-00013559,Губки для посуды 10шт,,f0e4c260-a130-11e8-af4c-30f7727a492e,false,false
Номенклатура — current,raw.r1c_nomenclature_current,ccb62ab0-f524-11eb-9c3a-00505689ff45,АК-00003473,ДВД Шанс Инсектицид,,2eaeac4d-5322-11f0-b811-005056bde474,false,false
Номенклатура — current,raw.r1c_nomenclature_current,7e2034ce-2b1f-11f0-b80e-005056bde474,00-00012190,ДЕРЖАТЕЛЬ,,45c9e202-0a37-11f0-b80e-005056bde474,false,false
Номенклатура — current,raw.r1c_nomenclature_current,0b7fd2e6-f9e1-11eb-9c3a-00505689ff45,АК-00003912,"ДКС Коробка ответвительная с кабельными вводами IP44, 80х80х40 (53700)",,20e031f3-0a37-11f0-b80e-005056bde474,false,false
Номенклатура — current,raw.r1c_nomenclature_current,ccb62aac-f524-11eb-9c3a-00505689ff45,АК-00003469,Даймонд Супер Инсектицид,,668204c4-5324-11f0-b811-005056bde474,false,false
Номенклатура — current,raw.r1c_nomenclature_current,ccb62aad-f524-11eb-9c3a-00505689ff45,АК-00003470,Данадим 1867-10-101-029-0-0-1-0 Инсектицид,,f9d67774-531d-11f0-b811-005056bde474,false,false
Номенклатура — current,raw.r1c_nomenclature_current,ccb62aae-f524-11eb-9c3a-00505689ff45,АК-00003471,Данадим 2193-11-101-029-0-0-1-0 Инсектицид,,f9d67774-531d-11f0-b811-005056bde474,false,false
Номенклатура — current,raw.r1c_nomenclature_current,ccb62aaf-f524-11eb-9c3a-00505689ff45,АК-00003472,Данадим Пауер Инсектицид,,f9d67774-531d-11f0-b811-005056bde474,false,false
Номенклатура — current,raw.r1c_nomenclature_current,6359a45f-82d2-11ed-9c4c-00505689ff45,00-00007520,Датчик 3/х 3302,,9b060c03-71d9-11e7-85a2-d43d7eec442d,false,false
Номенклатура — current,raw.r1c_nomenclature_current,d677b330-1673-11ef-9c4f-005056893620,00-00010546,Датчик ABS передний ,,9b060c03-71d9-11e7-85a2-d43d7eec442d,false,false
Номенклатура — current,raw.r1c_nomenclature_current,30c12bd1-f694-11f0-b81e-005056bde474,00-00013467,Датчик OMI Omron E3FA-RN11 2M,,484b9c87-7290-11f0-b814-005056bde474,false,false
Номенклатура — current,raw.r1c_nomenclature_current,3078c992-f88f-11ec-9c42-89a3dcc9992a,00-00006750,"Датчик PNP,ИНД 200мА SN8.М18",,9b060c03-71d9-11e7-85a2-d43d7eec442d,false,false
Номенклатура — current,raw.r1c_nomenclature_current,a73b9239-c7cf-11e9-af79-30f7727a492e,00-00001934,Датчик cодержания воды в топливном фильтре (дизель),,9b060c03-71d9-11e7-85a2-d43d7eec442d,false,false
Номенклатура — current,raw.r1c_nomenclature_current,a4f63abf-2c1b-11f1-b81f-005056bde474,00-00013890,Датчик АБС ГАЗон Next передний/задний ,,20296b06-0a38-11f0-b80e-005056bde474,false,false
Номенклатура — current,raw.r1c_nomenclature_current,00a1a708-6468-11ef-9c5c-00505689ff45,00-00010916,Датчик Биг-Бэг NB-2 LE10SF05DRO,,9b060c02-71d9-11e7-85a2-d43d7eec442d,false,false
Номенклатура — current,raw.r1c_nomenclature_current,05e57fb8-ddc6-11ed-9c4e-00505689ff45,00-00007782,Датчик МТЗ уровня топлива ДОТ 680ЧМ-01,,9b060c03-71d9-11e7-85a2-d43d7eec442d,false,false
Номенклатура — current,raw.r1c_nomenclature_current,b80143e6-d598-11f0-b81e-005056bde474,00-00013069,Датчик бесконтактной индуктивный EKF PROXIS-2-12-04-P-NO-2/EKF,,484b9c87-7290-11f0-b814-005056bde474,false,false
Номенклатура — current,raw.r1c_nomenclature_current,8e33b065-d598-11f0-b81e-005056bde474,00-00013068,Датчик бесконтактной индуктивный EKF PROXIS-2-18-08-N-NO-2/EKF,,484b9c87-7290-11f0-b814-005056bde474,false,false
Номенклатура — current,raw.r1c_nomenclature_current,bf8238f1-55d2-11ec-9c40-00505689c8d9,АК-00005736,Датчик герконовый РНА11200,,9b060c03-71d9-11e7-85a2-d43d7eec442d,false,false
Номенклатура — current,raw.r1c_nomenclature_current,f326f0fb-e1b0-11ec-9c42-00505689c8d9,00-00006592,Датчик давления,,9b060c03-71d9-11e7-85a2-d43d7eec442d,false,false
Номенклатура — current,raw.r1c_nomenclature_current,5a981648-3421-11ed-9c43-cb6d75bb653b,00-00007169,Датчик давления RC-U0406,,9b060c03-71d9-11e7-85a2-d43d7eec442d,false,false
Номенклатура — current,raw.r1c_nomenclature_current,3b524c3d-2c1c-11f1-b81f-005056bde474,00-00013893,Датчик давления ДД10-01М,,45c9e202-0a37-11f0-b80e-005056bde474,false,false
Номенклатура — current,raw.r1c_nomenclature_current,d244e4fb-bc26-11ed-9c4d-00505689ff45,00-00007658,Датчик давления МТЗ 2-х контактный экран,,9b060c03-71d9-11e7-85a2-d43d7eec442d,false,false
Номенклатура — current,raw.r1c_nomenclature_current,851ab643-1ddc-11e8-af31-30f7727a492e,00-00000704,Датчик давления МТЗ ЭКРАН ДД20М,,9b060c03-71d9-11e7-85a2-d43d7eec442d,false,false
Номенклатура — current,raw.r1c_nomenclature_current,28083522-9ea7-11f0-b81d-005056bde474,00-00012764,Датчик давления и температуры масла,,45c9e202-0a37-11f0-b80e-005056bde474,false,false
Номенклатура — current,raw.r1c_nomenclature_current,76c1d3cb-1fa4-11ec-9c3a-00505689ff45,АК-00005254,Датчик давления мала ММ111Д/Б МТЗ ,,9b060c03-71d9-11e7-85a2-d43d7eec442d,false,false
Номенклатура — current,raw.r1c_nomenclature_current,284b27a9-1740-11ed-9c43-cb6d75bb653b,00-00006855,"Датчик давления мала ММ355 ЗИЛ-5301,МАЗ 18.3829 ",,9b060c03-71d9-11e7-85a2-d43d7eec442d,false,false
Номенклатура — current,raw.r1c_nomenclature_current,e19007c6-51ab-11e8-af3a-30f7727a492e,00-00000840,Датчик давления масла,,9b060c03-71d9-11e7-85a2-d43d7eec442d,false,false
Номенклатура — current,raw.r1c_nomenclature_current,9ae2a786-1fa6-11ec-9c3a-00505689ff45,АК-00005257,Датчик давления масла ДД6М,,9b060c03-71d9-11e7-85a2-d43d7eec442d,false,false
Номенклатура — current,raw.r1c_nomenclature_current,8d8c2b12-bde4-11eb-b480-fa163e0d31f7,БП-00003990,"Датчик давления масла МАЗ,БЕЛАЗ,К-700,ПАЗ АВТОПРИБОР",,9b060c03-71d9-11e7-85a2-d43d7eec442d,false,false
Номенклатура — current,raw.r1c_nomenclature_current,5bce2819-a495-11ee-9c4c-005056893620,00-00010026,"Датчик давления масла ММ125Д/БКАМАЗ 6052/6042,3829",,9b060c03-71d9-11e7-85a2-d43d7eec442d,false,false
Номенклатура — current,raw.r1c_nomenclature_current,b146d544-378f-11ee-9c4e-00505689ff45,00-00008464,Датчик давления масла ММЗ70КАМАЗ 49.3829/6402.3829,,9b060c03-71d9-11e7-85a2-d43d7eec442d,false,false
Номенклатура — current,raw.r1c_nomenclature_current,c69eb840-1527-11eb-aa97-fa163e0d31f7,БП-00003152,Датчик для влагомера Wile 253,,683c72a5-0a38-11f0-b80e-005056bde474,false,false
Номенклатура — current,raw.r1c_nomenclature_current,43810384-d825-11eb-d199-fa163e0d31f7,БП-00004346,"Датчик для угла поворота 1024,15мм",,9b060c03-71d9-11e7-85a2-d43d7eec442d,false,false
Номенклатура — current,raw.r1c_nomenclature_current,cd46ccdb-2c1b-11f1-b81f-005056bde474,00-00013891,Датчик засор.возд. фильтра ДСФ 65,,45c9e202-0a37-11f0-b80e-005056bde474,false,false
Номенклатура — current,raw.r1c_nomenclature_current,4cc89282-7a40-11ef-9c5d-00505689ff45,00-00011110,Датчик индуктивный R2,,9b060c03-71d9-11e7-85a2-d43d7eec442d,false,false
Номенклатура — current,raw.r1c_nomenclature_current,7340d76e-516e-11ee-9c4e-00505689ff45,00-00009511,Датчик индуктивный М18.16мм PNP Разъем М12,,9b060c03-71d9-11e7-85a2-d43d7eec442d,false,false
Номенклатура — current,raw.r1c_nomenclature_current,8ac517b7-9426-11ee-9c4a-005056893620,00-00009900,Датчик к/в 406,,9b060c03-71d9-11e7-85a2-d43d7eec442d,false,false
Номенклатура — current,raw.r1c_nomenclature_current,14b5ab00-e1b1-11ec-9c42-00505689c8d9,00-00006593,Датчик коленвала,,9b060c03-71d9-11e7-85a2-d43d7eec442d,false,false
Номенклатура — current,raw.r1c_nomenclature_current,8deb5ca2-cf1b-11ee-9c4c-005056893620,00-00010181,Датчик контраста DATASENSING SR-3-W03-PP,,9b060c03-71d9-11e7-85a2-d43d7eec442d,false,false
Номенклатура — current,raw.r1c_nomenclature_current,8ad4ff4d-1f95-11ec-9c3a-00505689ff45,АК-00005244,Датчик оборотов Х833009021000,,9b060c03-71d9-11e7-85a2-d43d7eec442d,false,false
Номенклатура — current,raw.r1c_nomenclature_current,7f1c0b46-b37d-11ee-9c4c-005056893620,00-00010070,Датчик обсол.давления 4216,,9b060c03-71d9-11e7-85a2-d43d7eec442d,false,false
Номенклатура — current,raw.r1c_nomenclature_current,02a482ce-d9dc-11eb-6c92-fa163e0d31f7,БП-00004408,Датчик объема топлива на МТЗ 1523 ДОТ 680Ч-02,,9b060c03-71d9-11e7-85a2-d43d7eec442d,false,false
Номенклатура — current,raw.r1c_nomenclature_current,e25711ee-33fa-11eb-0e8a-fa163e0d31f7,БП-00003335,Датчик освещения,,9adc9f2a-3d8a-11f1-b821-005056bde474,false,false
Номенклатура — current,raw.r1c_nomenclature_current,11f6c42c-6b15-11ed-9c4d-00505689c8d9,00-00007405,"Датчик перконовый DSM2-C525 HS 3-48 VDC 3-220 двухпроводной кабель 2,5м",,20e031f3-0a37-11f0-b80e-005056bde474,false,false
Номенклатура — current,raw.r1c_nomenclature_current,bbb8c16a-bd87-11eb-bd8e-fa163e0d31f7,БП-00003978,Датчик температуры ,,9b060c03-71d9-11e7-85a2-d43d7eec442d,false,false
Номенклатура — current,raw.r1c_nomenclature_current,11585866-0be3-11ed-9c43-00505689c8d9,00-00006819,"Датчик температуры ГАЗ,ЗИЛ,КРАЗ,МАЗ,УАЗ,ЗАЗ охлаждающей жидкости АВТОПРИБОР-КЗАЭ",,9b060c03-71d9-11e7-85a2-d43d7eec442d,false,false
Номенклатура — current,raw.r1c_nomenclature_current,8510c5b4-d12e-11e9-af7a-30f7727a492e,00-00001963,"Датчик температуры МТЗ АВТОПРИБОР-КЗАЭ 301,3828",,9b060c03-71d9-11e7-85a2-d43d7eec442d,false,false
Номенклатура — current,raw.r1c_nomenclature_current,16c6f38a-9888-11eb-9b81-fa163e0d31f7,БП-00003839,Датчик температуры охл.,,9b060c03-71d9-11e7-85a2-d43d7eec442d,false,false
Номенклатура — current,raw.r1c_nomenclature_current,50fb2fda-ed1b-11ea-a29d-fa163ee5d2f9,БП-00003006,Датчик угла наклона ЭСКОРТ ДУ BLE,,de1714af-8a12-11e7-af1d-30f7727a492e,false,false
Номенклатура — current,raw.r1c_nomenclature_current,65ae7826-8f1b-11ec-9c42-00505689c8d9,00-00006142,Датчик угла поворота,,45c9e202-0a37-11f0-b80e-005056bde474,false,false
Номенклатура — current,raw.r1c_nomenclature_current,17a6c5a4-d599-11f0-b81e-005056bde474,00-00013070,"Датчик ультразвуковой, NPN МC18-90N 100-900 мм, разъем М12",,484b9c87-7290-11f0-b814-005056bde474,false,false
Номенклатура — current,raw.r1c_nomenclature_current,0f062d76-d1b3-11f0-b81e-005056bde474,00-00013023,Датчик уровня ДГС-М-300-24-01А,,45c9e202-0a37-11f0-b80e-005056bde474,false,false
Номенклатура — current,raw.r1c_nomenclature_current,4872fa9d-d511-11ec-9c42-00505689c8d9,00-00006538,"Датчик уровня топлива ""ЭСКОРТ-ТD-BLE Base""L-1000",,9b060c03-71d9-11e7-85a2-d43d7eec442d,false,false
Номенклатура — current,raw.r1c_nomenclature_current,1231af54-ed1b-11ea-a29d-fa163ee5d2f9,БП-00003005,Датчик уровня топлива ТД-150,,de1714af-8a12-11e7-af1d-30f7727a492e,false,false
Номенклатура — current,raw.r1c_nomenclature_current,7b7fe008-513e-11ee-9c4e-00505689ff45,00-00009507,Датчик уровня топлива ТД-150 (ИД 0000000785),,9088eeaf-75dc-11e7-af18-30f7727a492e,false,false
Номенклатура — current,raw.r1c_nomenclature_current,6c25cc87-f7fc-11ee-9c4c-005056893620,00-00010404,Датчик фазы распредвала,,9b060c03-71d9-11e7-85a2-d43d7eec442d,false,false
Номенклатура — current,raw.r1c_nomenclature_current,3428d886-75b8-11ef-9c5d-00505689ff45,00-00011083,"Датчик, ИНД, NAMUR, M18*1,Sn8",,9b060c03-71d9-11e7-85a2-d43d7eec442d,false,false
Номенклатура — current,raw.r1c_nomenclature_current,bfdedb4e-f1d4-11f0-b81e-005056bde474,00-00013411,"Датчик, выключатель/Telemecanique XS7E1A1PAM8",,484b9c87-7290-11f0-b814-005056bde474,false,false
Номенклатура — current,raw.r1c_nomenclature_current,05c6d7ef-1962-11ed-9c43-cb6d75bb653b,00-00006955,"Датчик,ИНД, NAMUR, М18Х1,Sn8",,9b060c03-71d9-11e7-85a2-d43d7eec442d,false,false
Номенклатура — current,raw.r1c_nomenclature_current,1f545eff-8f01-11f0-b818-005056bde474,00-00012707,Дверной металлический блок наружный 850х1820,,9b060c02-71d9-11e7-85a2-d43d7eec442d,false,false
Номенклатура — current,raw.r1c_nomenclature_current,6cb0c9d5-8f00-11f0-b818-005056bde474,00-00012704,Дверной металлический блок наружный 850х2050,,9b060c02-71d9-11e7-85a2-d43d7eec442d,false,false
Номенклатура — current,raw.r1c_nomenclature_current,4079610c-8f01-11f0-b818-005056bde474,00-00012708,Дверной металлический блок наружный 880х1880,,9b060c02-71d9-11e7-85a2-d43d7eec442d,false,false
Номенклатура — current,raw.r1c_nomenclature_current,5bbf5424-8f01-11f0-b818-005056bde474,00-00012709,Дверной металлический блок наружный 880х2020,,9b060c02-71d9-11e7-85a2-d43d7eec442d,false,false
Номенклатура — current,raw.r1c_nomenclature_current,aff5db6c-8f00-11f0-b818-005056bde474,00-00012706,Дверной металлический блок наружный 910х2040,,9b060c02-71d9-11e7-85a2-d43d7eec442d,false,false
Номенклатура — current,raw.r1c_nomenclature_current,8155f6ed-8f00-11f0-b818-005056bde474,00-00012705,Дверной металлический блок наружный 950х2050,,9b060c02-71d9-11e7-85a2-d43d7eec442d,false,false
Номенклатура — current,raw.r1c_nomenclature_current,718c9639-a06a-11ec-9c42-00505689c8d9,00-00006299,Дверь,,9b060c03-71d9-11e7-85a2-d43d7eec442d,false,false
Номенклатура — current,raw.r1c_nomenclature_current,d893b8fc-d809-11eb-d199-fa163e0d31f7,БП-00004322,Дверь левая  80-6708010-Б,,9b060c03-71d9-11e7-85a2-d43d7eec442d,false,false
Номенклатура — current,raw.r1c_nomenclature_current,a8c2dcc5-4c29-11ec-9c40-00505689c8d9,АК-00005677,Дверь металлическая 86 правая,,9088eead-75dc-11e7-af18-30f7727a492e,false,false
Номенклатура — current,raw.r1c_nomenclature_current,08aced93-6b0c-11ed-9c4d-00505689c8d9,00-00007400,Дверь металлическая 96 правая,,9088eead-75dc-11e7-af18-30f7727a492e,false,false
Номенклатура — current,raw.r1c_nomenclature_current,68e43f45-3754-11ee-9c4e-00505689ff45,00-00008413,Дверь металлическая 98 правая,,9088eead-75dc-11e7-af18-30f7727a492e,false,false
Номенклатура — current,raw.r1c_nomenclature_current,9208726a-03f2-11eb-ac9e-fa163ee5d2f9,БП-00003077,Дверь откатная без порога  RAL OD_ПХ 2000*3000 80мм правая с креплением рамы,,de1714af-8a12-11e7-af1d-30f7727a492e,false,false
Номенклатура — current,raw.r1c_nomenclature_current,4187f176-1faa-11ec-9c3a-00505689ff45,АК-00005264,Дверь стальная П-7,,9088eead-75dc-11e7-af18-30f7727a492e,false,false
Номенклатура — current,raw.r1c_nomenclature_current,f757a438-1fa9-11ec-9c3a-00505689ff45,АК-00005263,Дверь стальная П-8,,9088eead-75dc-11e7-af18-30f7727a492e,false,false
Номенклатура — current,raw.r1c_nomenclature_current,8e758e38-b69a-11ee-9c4c-005056893620,00-00010079,Двигатель HUSGVARNA 128 в сборе,,9b060c03-71d9-11e7-85a2-d43d7eec442d,false,false
Номенклатура — current,raw.r1c_nomenclature_current,470309b8-ab26-11ef-9c5e-00505689ff45,00-00011391,Двигатель для шуруповерта,,9b060c03-71d9-11e7-85a2-d43d7eec442d,false,false
Номенклатура — current,raw.r1c_nomenclature_current,afcba371-74fb-11ef-9c5d-00505689ff45,00-00011073,Двойной замок внеш.40-60,,9b060c03-71d9-11e7-85a2-d43d7eec442d,false,false
Номенклатура — current,raw.r1c_nomenclature_current,c5508238-74fb-11ef-9c5d-00505689ff45,00-00011074,Двойной замок внутр.40-60,,9b060c03-71d9-11e7-85a2-d43d7eec442d,false,false
Номенклатура — current,raw.r1c_nomenclature_current,c43fdb7a-f7cf-11f0-b81e-005056bde474,00-00013608,Двухъярусная роликовая сортировочная линия,,de1714af-8a12-11e7-af1d-30f7727a492e,false,false
Номенклатура — current,raw.r1c_nomenclature_current,0366650b-0e76-11ed-9c43-cb6d75bb653b,00-00006829,Дезинфекционное средство,,f0e4c260-a130-11e8-af4c-30f7727a492e,false,false
Номенклатура — current,raw.r1c_nomenclature_current,c8feeffd-4263-11ee-9c4e-00505689ff45,00-00009250,Дезинфекция складских помещений,,3e420178-094c-11f0-b80e-005056bde474,false,false
Номенклатура — current,raw.r1c_nomenclature_current,03d3b326-6bcd-11f1-b822-005056bde474,00-00014523,Дезинфицирующее средство Перекись водорода 35% (канистра 34кг) ,,5a3c0c16-097d-11f0-b80e-005056bde474,false,false
Номенклатура — current,raw.r1c_nomenclature_current,7e2dbc25-4dde-11f1-b821-005056bde474,00-00014224,Дезковрик ЭКО 50х80х3см,,f0e4c260-a130-11e8-af4c-30f7727a492e,false,false
Номенклатура — current,raw.r1c_nomenclature_current,ccb62ab1-f524-11eb-9c3a-00505689ff45,АК-00003474,Декстер Инсектицид,,f9d67774-531d-11f0-b811-005056bde474,false,false
Номенклатура — current,raw.r1c_nomenclature_current,f11db283-98d4-11ea-952a-30f7727a492e,00-00002677,Дело Техники 660036 Головка ударная 6-гранная х 36мм 1/2 50/5,,9b060c03-71d9-11e7-85a2-d43d7eec442d,false,false
Номенклатура — current,raw.r1c_nomenclature_current,c1151af6-dddf-11ed-9c4e-00505689ff45,00-00007800,Дело Техники Ключ трубчатый ступенчатый 60мм 6гр L90мм,,9b060c03-71d9-11e7-85a2-d43d7eec442d,false,false
Номенклатура — current,raw.r1c_nomenclature_current,1ff247a5-17dd-11ed-9c43-cb6d75bb653b,00-00006891,Дело Техники Ключ трубчатый штампованный 30х32 ДТ*/50 544320,,9b060c03-71d9-11e7-85a2-d43d7eec442d,false,false
Номенклатура — current,raw.r1c_nomenclature_current,d4549d54-19fc-11f0-b80e-005056bde474,00-00011973,"Дело Техники Набор инструмента 1/2"", 1/4"" 94 предмета ДТ/3 ",,007d76f1-0a39-11f0-b80e-005056bde474,false,false
Номенклатура — current,raw.r1c_nomenclature_current,f11db284-98d4-11ea-952a-30f7727a492e,00-00002678,Дело Техники Набор съемников стопорных колец 180мм х4 шт/тетрон ДТ/16 424041,,9b060c03-71d9-11e7-85a2-d43d7eec442d,false,false
Номенклатура — current,raw.r1c_nomenclature_current,845bacb5-f2dc-11eb-9c3a-00505689ff45,АК-00003301,"Деметра, КЭ Гербицид ",,5e0b1519-531c-11f0-b811-005056bde474,false,false
Номенклатура — current,raw.r1c_nomenclature_current,b7708335-24fc-11ec-a9db-00505689f463,АК-00005355,Демонтаж полива,,52c3cca5-0968-11f0-b80e-005056bde474,false,false
Номенклатура — current,raw.r1c_nomenclature_current,4057a4f0-0a39-11f0-b80e-005056bde474,00-00011871,Дерево,,9088eead-75dc-11e7-af18-30f7727a492e,true,false
Номенклатура — current,raw.r1c_nomenclature_current,d0dae219-0026-11ec-9c3a-00505689ff45,АК-00003960,Держатель  ножа  КИР 03.060,,9b060c03-71d9-11e7-85a2-d43d7eec442d,false,false
Номенклатура — current,raw.r1c_nomenclature_current,ba916b87-31b6-11e8-af34-30f7727a492e,00-00000753,"Держатель  ножей КФВ-2,8",,9b060c03-71d9-11e7-85a2-d43d7eec442d,false,false
Номенклатура — current,raw.r1c_nomenclature_current,8d3d0329-2296-11ec-9c3a-00505689ff45,АК-00005326,Держатель 018.01939,,9b060c03-71d9-11e7-85a2-d43d7eec442d,false,false
Номенклатура — current,raw.r1c_nomenclature_current,dfda51b0-a086-11ec-9c42-00505689c8d9,00-00006322,Держатель вкл.левый 4290104001,,9b060c03-71d9-11e7-85a2-d43d7eec442d,false,false
Номенклатура — current,raw.r1c_nomenclature_current,b3d7e1db-6d49-11ec-9c40-00505689c8d9,АК-00005876,Держатель датчика на пересып,,9b060c03-71d9-11e7-85a2-d43d7eec442d,false,false
Номенклатура — current,raw.r1c_nomenclature_current,3f8891ce-faaf-11f0-b81e-005056bde474,00-00013637,Держатель для мелка сварщика 125x5х12 мм ,,45c9e202-0a37-11f0-b80e-005056bde474,false,false
Номенклатура — current,raw.r1c_nomenclature_current,e87fe681-2f64-11f1-b81f-005056bde474,00-00013946,Держатель для туалетной бумаги метал.хром.без крышки,,f0e4c260-a130-11e8-af4c-30f7727a492e,false,false
Номенклатура — current,raw.r1c_nomenclature_current,f96433cc-55ca-11ec-9c40-00505689c8d9,АК-00005733,Держатель для туалетной бумаги пластик,,917ab634-0a38-11f0-b80e-005056bde474,false,false
Номенклатура — current,raw.r1c_nomenclature_current,e3f32822-0b81-11eb-3385-fa163ee5d2f9,БП-00003120,Держатель клипса быстрого монтажа д-20,,de1714af-8a12-11e7-af1d-30f7727a492e,false,false
Номенклатура — current,raw.r1c_nomenclature_current,239a9899-326e-11f1-b81f-005056bde474,00-00013950,Держатель клипсабыстрогомонтажад20мм упак 100шт 51020MDIY,,f475f3a8-0a36-11f0-b80e-005056bde474,false,false
Номенклатура — current,raw.r1c_nomenclature_current,abf7cbf7-39bf-11ea-9523-30f7727a492e,00-00002391,Держатель кухонного инвентаря серии A-Luxstahl с крючками,,f0e4c260-a130-11e8-af4c-30f7727a492e,false,false
Номенклатура — current,raw.r1c_nomenclature_current,6f326fb1-6a51-11f1-b822-005056bde474,00-00014521,Держатель настенный,,f0e4c260-a130-11e8-af4c-30f7727a492e,false,false
Номенклатура — current,raw.r1c_nomenclature_current,cd9bf381-7f56-11ec-9c41-00505689c8d9,00-00006035,Держатель оцинкованный односторонний,,917ab634-0a38-11f0-b80e-005056bde474,false,false
Номенклатура — current,raw.r1c_nomenclature_current,5e7716f8-f85a-11ef-b80e-005056bde474,00-00011690,Держатель предохранителя флажкового MAXI,,9b060c03-71d9-11e7-85a2-d43d7eec442d,false,false
Номенклатура — current,raw.r1c_nomenclature_current,ee054212-0c3b-11ec-9c3a-00505689ff45,АК-00004905,Держатель предфильтра СОРБЕНТ UNIX Рес 110,,aa0a6e4b-6566-11f1-b821-005056bde474,false,false
Номенклатура — current,raw.r1c_nomenclature_current,6ef183c1-463e-11ee-9c4e-00505689ff45,00-00009396,Держатель скребка справа  ,,9b060c03-71d9-11e7-85a2-d43d7eec442d,false,false
Номенклатура — current,raw.r1c_nomenclature_current,3507d1ac-e71f-11ec-9c42-00505689c8d9,00-00006661,Держатель слева (015.57673),,9b060c03-71d9-11e7-85a2-d43d7eec442d,false,false
Номенклатура — current,raw.r1c_nomenclature_current,c4bab934-429e-11f0-b80f-005056bde474,00-00012443,Держатель сопла MS 15 ,,9b060c03-71d9-11e7-85a2-d43d7eec442d,false,false
Номенклатура — current,raw.r1c_nomenclature_current,5972c64f-e71f-11ec-9c42-00505689c8d9,00-00006662,Держатель справа  (015.57674),,9b060c03-71d9-11e7-85a2-d43d7eec442d,false,false
Номенклатура — current,raw.r1c_nomenclature_current,590d8f55-2656-11ee-9c4e-00505689ff45,00-00008363,Держатель флажкового предохранителя,,9b060c03-71d9-11e7-85a2-d43d7eec442d,false,false
Номенклатура — current,raw.r1c_nomenclature_current,e8f07efe-785b-11e8-af42-30f7727a492e,00-00000944,Держатель форсунки  ARAG проходной 13мм,,9b060c03-71d9-11e7-85a2-d43d7eec442d,false,false
Номенклатура — current,raw.r1c_nomenclature_current,e8f07ef9-785b-11e8-af42-30f7727a492e,00-00000939,Держатель форсунок М714 концевой левый,,9b060c03-71d9-11e7-85a2-d43d7eec442d,false,false
Номенклатура — current,raw.r1c_nomenclature_current,e8f07efa-785b-11e8-af42-30f7727a492e,00-00000940,Держатель форсунок М714 концевой правый,,9b060c03-71d9-11e7-85a2-d43d7eec442d,false,false
Номенклатура — current,raw.r1c_nomenclature_current,79a38108-c607-11e8-af51-30f7727a492e,00-00001218,Держатель электродов 300А,,f7164898-2ffe-11eb-af80-fa163e0d31f7,false,false
Номенклатура — current,raw.r1c_nomenclature_current,ccb62ab2-f524-11eb-9c3a-00505689ff45,АК-00003475,Дерозал Евро Инсектицид,,2eaeac4d-5322-11f0-b811-005056bde474,false,false
Номенклатура — current,raw.r1c_nomenclature_current,ccb62ab3-f524-11eb-9c3a-00505689ff45,АК-00003476,Десант Инсектицид,,f9d67774-531d-11f0-b811-005056bde474,false,false
Номенклатура — current,raw.r1c_nomenclature_current,ef72fd95-1005-11ec-9c3a-00505689ff45,АК-00004936,Дефектовка комбайна на базе,,52c3cca5-0968-11f0-b80e-005056bde474,false,false
Номенклатура — current,raw.r1c_nomenclature_current,222bffcd-107b-11ec-9c3a-00505689ff45,АК-00004937,Дефектовка комбайна на поле,,52c3cca5-0968-11f0-b80e-005056bde474,false,false
Номенклатура — current,raw.r1c_nomenclature_current,f2b1de8f-7877-11e8-af42-30f7727a492e,00-00000958,"Дефектовка,сборка,монтаж оборудования",,2b7f4a51-094c-11f0-b80e-005056bde474,false,false
Номенклатура — current,raw.r1c_nomenclature_current,ccb62ab4-f524-11eb-9c3a-00505689ff45,АК-00003477,Децис Профи Инсектицид,,f9d67774-531d-11f0-b811-005056bde474,false,false
Номенклатура — current,raw.r1c_nomenclature_current,ccb62ab5-f524-11eb-9c3a-00505689ff45,АК-00003478,Децис Эксперт Инсектицид,,f9d67774-531d-11f0-b811-005056bde474,false,false
Номенклатура — current,raw.r1c_nomenclature_current,a41349ec-1ac9-11f0-b80e-005056bde474,00-00011978,Джойстик HKA1- 41QZ,,baf617a9-7290-11f0-b814-005056bde474,false,false
Номенклатура — current,raw.r1c_nomenclature_current,0006c248-1ac8-11f0-b80e-005056bde474,00-00011977,Джойстик HKA1-41QZ,,baf617a9-7290-11f0-b814-005056bde474,false,true
Номенклатура — current,raw.r1c_nomenclature_current,19996c18-7fc8-11ef-9c5d-00505689ff45,00-00011149,Джойстик ID-6029,,9b060c03-71d9-11e7-85a2-d43d7eec442d,false,false
Номенклатура — current,raw.r1c_nomenclature_current,73f2677a-9067-11ef-9c5e-00505689ff45,00-00011322,Джойстик LA167 PA14 на 4 положения с  фиксацией,,20e031f3-0a37-11f0-b80e-005056bde474,false,false
Номенклатура — current,raw.r1c_nomenclature_current,f995cb3a-bc1a-11ed-9c4d-00505689ff45,00-00007654,Джойстик LA167 PA2/4 на 4 положения без фиксации,,20e031f3-0a37-11f0-b80e-005056bde474,false,false
Номенклатура — current,raw.r1c_nomenclature_current,c9f04b36-114c-11f1-b81f-005056bde474,00-00013790,Джойстик LA167-PA24 4 полож. 4NO без фиксации черный IEK BBJ20-PA24-6-22-4-K02,,baf617a9-7290-11f0-b814-005056bde474,false,false
Номенклатура — current,raw.r1c_nomenclature_current,96930008-a5d6-11f1-b824-005056bde474,00-00014736,"Джойстик в сборе, 2NO, 2 полож. фикс.",,baf617a9-7290-11f0-b814-005056bde474,false,false
Номенклатура — current,raw.r1c_nomenclature_current,ec8aed32-b503-11f0-b81e-005056bde474,00-00012938,"Джойстик на четыре позиции, без фиксации",,baf617a9-7290-11f0-b814-005056bde474,false,false
Номенклатура — current,raw.r1c_nomenclature_current,5fac91bc-1a1a-11ec-9c3a-00505689ff45,АК-00005073,Джойстик управления (транспортер),,9b060c03-71d9-11e7-85a2-d43d7eec442d,false,false
Номенклатура — current,raw.r1c_nomenclature_current,331997a9-c737-11ee-9c4c-005056893620,00-00010161,Джостик LA167-PA12 2 полож. с фиксацией,,9b060c03-71d9-11e7-85a2-d43d7eec442d,false,false
Номенклатура — current,raw.r1c_nomenclature_current,0588ea02-ffca-11ed-9c4e-00505689ff45,00-00008084,Джостик LA167-PA24 на поток 4 без фиксации,,9b060c03-71d9-11e7-85a2-d43d7eec442d,false,false
Номенклатура — current,raw.r1c_nomenclature_current,e748a016-ca07-11eb-2782-fa163e0d31f7,БП-00004131,Джостик для траспортера-подборщика,,9b060c03-71d9-11e7-85a2-d43d7eec442d,false,false
Номенклатура — current,raw.r1c_nomenclature_current,ccb62ab6-f524-11eb-9c3a-00505689ff45,АК-00003479,Ди-68 Инсектицид,,f9d67774-531d-11f0-b811-005056bde474,false,false
Номенклатура — current,raw.r1c_nomenclature_current,818601e1-84f1-11f1-b824-005056bde474,00-00014606,Диагностика видеосистемы и устранение неисправности,,1aeb231b-094c-11f0-b80e-005056bde474,false,false
Номенклатура — current,raw.r1c_nomenclature_current,63735896-4852-11f1-b821-005056bde474,00-00014182,Диагностика и настройка холодильного оборудования,,3e420178-094c-11f0-b80e-005056bde474,false,false
Номенклатура — current,raw.r1c_nomenclature_current,13eb4f21-8e22-11f0-b818-005056bde474,00-00012702,Диагностика проблем с кодировкой,,00000000-0000-0000-0000-000000000000,false,false
Номенклатура — current,raw.r1c_nomenclature_current,ccb62ab7-f524-11eb-9c3a-00505689ff45,АК-00003480,Диазин Евро Инсектицид,,f9d67774-531d-11f0-b811-005056bde474,false,false
Номенклатура — current,raw.r1c_nomenclature_current,ccb62ab9-f524-11eb-9c3a-00505689ff45,АК-00003482,Диазинон Экспресс Инсектицид,,f9d67774-531d-11f0-b811-005056bde474,false,false
Номенклатура — current,raw.r1c_nomenclature_current,ccb62ab8-f524-11eb-9c3a-00505689ff45,АК-00003481,Диазинон-600 Инсектицид,,f9d67774-531d-11f0-b811-005056bde474,false,false
Номенклатура — current,raw.r1c_nomenclature_current,ccb62aba-f524-11eb-9c3a-00505689ff45,АК-00003483,Диазол Инсектицид,,f9d67774-531d-11f0-b811-005056bde474,false,false
Номенклатура — current,raw.r1c_nomenclature_current,a4ee5609-753f-11e9-af6d-30f7727a492e,00-00001561,Диаммофоска 10:26:26 (азотно-фосфорнно-калийные),,ab24072a-3b94-11f0-b80e-005056bde474,false,false
Номенклатура — current,raw.r1c_nomenclature_current,d63fdadd-6b9f-11e8-af3e-30f7727a492e,00-00000901,"Диаммофоска NRK 10:23:26,МКР",,ab24072a-3b94-11f0-b80e-005056bde474,false,false
Номенклатура — current,raw.r1c_nomenclature_current,318a4969-e676-11ed-9c4e-00505689ff45,00-00007846,Диафрагма 70-2409021,,9b060c03-71d9-11e7-85a2-d43d7eec442d,false,false
Номенклатура — current,raw.r1c_nomenclature_current,32fb22d1-a221-11e9-af74-30f7727a492e,00-00001740,Диафрагма камеры тормозной тип 20 КАМАЗ БРТ,,9b060c03-71d9-11e7-85a2-d43d7eec442d,false,false
Номенклатура — current,raw.r1c_nomenclature_current,76c7e008-8815-11e9-af70-30f7727a492e,00-00001660,"Диафрагма камеры тормозной тип 24 ЗИЛ,МАЗ 100-35 19250",,9b060c03-71d9-11e7-85a2-d43d7eec442d,false,false
Номенклатура — current,raw.r1c_nomenclature_current,337da47c-c0e6-11e9-af79-30f7727a492e,00-00001860,Диафрагма камеры тормозной тип 30 МАЗ 100-35 19350,,9b060c03-71d9-11e7-85a2-d43d7eec442d,false,false
Номенклатура — current,raw.r1c_nomenclature_current,ccb62abb-f524-11eb-9c3a-00505689ff45,АК-00003484,Дивиденд 1712-09-107-018-0-1-0-0 Инсектицид,,668204c4-5324-11f0-b811-005056bde474,false,false
Номенклатура — current,raw.r1c_nomenclature_current,ccb62abc-f524-11eb-9c3a-00505689ff45,АК-00003485,Дивиденд 2130-11-107-018-0-1-0-0 Инсектицид,,668204c4-5324-11f0-b811-005056bde474,false,false
Номенклатура — current,raw.r1c_nomenclature_current,ccb62abd-f524-11eb-9c3a-00505689ff45,АК-00003486,Дивиденд Суприм Инсектицид,,668204c4-5324-11f0-b811-005056bde474,false,false
Номенклатура — current,raw.r1c_nomenclature_current,ccb62abe-f524-11eb-9c3a-00505689ff45,АК-00003487,Диез 600 Инсектицид,,f9d67774-531d-11f0-b811-005056bde474,false,false
Номенклатура — current,raw.r1c_nomenclature_current,154d0777-7ac1-11e7-af19-30f7727a492e,00-00000140,Дизайн упаковки,,1aeb231b-094c-11f0-b80e-005056bde474,false,false
Номенклатура — current,raw.r1c_nomenclature_current,d559363f-3d8c-11f1-b821-005056bde474,00-00014080,Дизель,,9088ee9f-75dc-11e7-af18-30f7727a492e,true,false
Номенклатура — current,raw.r1c_nomenclature_current,50427c69-1fc6-11ee-9c4e-00505689ff45,00-00008335,Дизельное топливо ,,d559363f-3d8c-11f1-b821-005056bde474,false,false
Номенклатура — current,raw.r1c_nomenclature_current,9b060c6d-71d9-11e7-85a2-d43d7eec442d,00000032   ,"Дизельное топливо  вид III, кл. С",,d559363f-3d8c-11f1-b821-005056bde474,false,false
Номенклатура — current,raw.r1c_nomenclature_current,30e57289-4ba2-11ec-9c40-00505689c8d9,АК-00005643,Дизельное топливо  кл. 5 сорт С,,d559363f-3d8c-11f1-b821-005056bde474,false,false
Номенклатура — current,raw.r1c_nomenclature_current,c458b5c1-a04a-11ec-9c42-00505689c8d9,00-00006291,Дизельное топливо Евро (2ТРК),,d559363f-3d8c-11f1-b821-005056bde474,false,false
Номенклатура — current,raw.r1c_nomenclature_current,5b714a74-3405-11e8-af35-30f7727a492e,00-00000761,Дизельное топливо Евро сорт F,,d559363f-3d8c-11f1-b821-005056bde474,false,false
Номенклатура — current,raw.r1c_nomenclature_current,13d3b0a9-30ed-11ec-b9aa-00505689914b,АК-00005534,Дизельное топливо Евро сорт С,,d559363f-3d8c-11f1-b821-005056bde474,false,false
Номенклатура — current,raw.r1c_nomenclature_current,303a609a-54a4-11eb-4e9e-fa163e0d31f7,БП-00003570,Дизельное топливо ЭКТО,,d559363f-3d8c-11f1-b821-005056bde474,false,false
Номенклатура — current,raw.r1c_nomenclature_current,88c2ea89-b4f4-11ec-9c42-00505689c8d9,00-00006431,Дикошанс.ВР,,5e0b1519-531c-11f0-b811-005056bde474,false,false
Номенклатура — current,raw.r1c_nomenclature_current,ccb62abf-f524-11eb-9c3a-00505689ff45,АК-00003488,Димет Инсектицид,,f9d67774-531d-11f0-b811-005056bde474,false,false
Номенклатура — current,raw.r1c_nomenclature_current,ccb62ac0-f524-11eb-9c3a-00505689ff45,АК-00003489,Диметоат-400 Инсектицид,,f9d67774-531d-11f0-b811-005056bde474,false,false
Номенклатура — current,raw.r1c_nomenclature_current,ccb62ac1-f524-11eb-9c3a-00505689ff45,АК-00003490,Диметрон Инсектицид,,f9d67774-531d-11f0-b811-005056bde474,false,false
Номенклатура — current,raw.r1c_nomenclature_current,ccb62ac2-f524-11eb-9c3a-00505689ff45,АК-00003491,Диметус Инсектицид,,f9d67774-531d-11f0-b811-005056bde474,false,false
Номенклатура — current,raw.r1c_nomenclature_current,ccb62ac3-f524-11eb-9c3a-00505689ff45,АК-00003492,Димефос Инсектицид,,f9d67774-531d-11f0-b811-005056bde474,false,false
Номенклатура — current,raw.r1c_nomenclature_current,38f43323-f386-11ef-b80e-005056bde474,00-00011663,Дин-рейка 1000 мм,,9adc9f2a-3d8a-11f1-b821-005056bde474,false,false
Номенклатура — current,raw.r1c_nomenclature_current,ee7dd49c-af3f-11eb-3192-fa163e0d31f7,БП-00003921,Дин-рейка 20см,,9adc9f2a-3d8a-11f1-b821-005056bde474,false,false
Номенклатура — current,raw.r1c_nomenclature_current,a02ecf63-3e90-11ea-9524-30f7727a492e,00-00002455,Дин-рейка 25см,,9adc9f2a-3d8a-11f1-b821-005056bde474,false,false
Номенклатура — current,raw.r1c_nomenclature_current,ccb62ac4-f524-11eb-9c3a-00505689ff45,АК-00003493,Дино Инсектицид,,f9d67774-531d-11f0-b811-005056bde474,false,false
Номенклатура — current,raw.r1c_nomenclature_current,ccb62ac5-f524-11eb-9c3a-00505689ff45,АК-00003494,Дипломат Инсектицид,,f9d67774-531d-11f0-b811-005056bde474,false,false
Номенклатура — current,raw.r1c_nomenclature_current,83d6ec16-3d4c-11f0-b80e-005056bde474,00-00012417,Диск,,45c9e202-0a37-11f0-b80e-005056bde474,false,false
Номенклатура — current,raw.r1c_nomenclature_current,b6d1be5f-99bc-11ea-952a-30f7727a492e,00-00002705,Диск  бороны БДТ Р33.428.001,,9b060c03-71d9-11e7-85a2-d43d7eec442d,false,false
Номенклатура — current,raw.r1c_nomenclature_current,269773df-e726-11ec-9c42-00505689c8d9,00-00006675,Диск (088.01500),,9b060c03-71d9-11e7-85a2-d43d7eec442d,false,false
Номенклатура — current,raw.r1c_nomenclature_current,48343cee-e726-11ec-9c42-00505689c8d9,00-00006676,Диск (088.01501),,9b060c03-71d9-11e7-85a2-d43d7eec442d,false,false
Номенклатура — current,raw.r1c_nomenclature_current,8b8055d6-e417-11e9-af7c-30f7727a492e,00-00002038,Диск (10113110/270819/0128260),,9b060c03-71d9-11e7-85a2-d43d7eec442d,false,false
Номенклатура — current,raw.r1c_nomenclature_current,8b8055d7-e417-11e9-af7c-30f7727a492e,00-00002039,Диск (10209090/241215/0009497),,9b060c03-71d9-11e7-85a2-d43d7eec442d,false,false
Номенклатура — current,raw.r1c_nomenclature_current,8b8055d8-e417-11e9-af7c-30f7727a492e,00-00002040,Диск (11216463/310118/0001919),,9b060c03-71d9-11e7-85a2-d43d7eec442d,false,false
Номенклатура — current,raw.r1c_nomenclature_current,52d58718-e5c5-11ec-9c42-00505689c8d9,00-00006647,Диск 037.06688,,9b060c03-71d9-11e7-85a2-d43d7eec442d,false,false
Номенклатура — current,raw.r1c_nomenclature_current,f04f42f1-13d7-11f0-b80e-005056bde474,00-00011925,Диск 13.00х15.5 (161-205-6) ЕТ-15 БЗТДиА,,45c9e202-0a37-11f0-b80e-005056bde474,false,false
Номенклатура — current,raw.r1c_nomenclature_current,02b00669-1435-11ef-9c4f-005056893620,00-00010536,Диск 16 лепестков ИЯВТ 106-04.02.009,,45c9e202-0a37-11f0-b80e-005056bde474,false,false
Номенклатура — current,raw.r1c_nomenclature_current,9d2856dc-14ed-11e9-af61-30f7727a492e,00-00001423,"Диск 45*0,75 AGRICOLA аналог из нерж.стали с ворошилками",,9b060c03-71d9-11e7-85a2-d43d7eec442d,false,false
Номенклатура — current,raw.r1c_nomenclature_current,ceb29c3d-905a-11ef-9c5e-00505689ff45,00-00011319,"Диск 5,5*16 6*180 ЕТ109,5 D 138.8 Trebl Silver",,9b060c03-71d9-11e7-85a2-d43d7eec442d,false,false
Номенклатура — current,raw.r1c_nomenclature_current,3a18922b-905a-11ef-9c5e-00505689ff45,00-00011317,"Диск 6,5*16 5*114,3 ЕТ50 d/66 Magneto",,9b060c03-71d9-11e7-85a2-d43d7eec442d,false,false
Номенклатура — current,raw.r1c_nomenclature_current,daeaa922-9059-11ef-9c5e-00505689ff45,00-00011316,"Диск 6,5*16 5*139,7 ЕТ40 d108.6 евродиск Silver",,9b060c03-71d9-11e7-85a2-d43d7eec442d,false,false
Номенклатура — current,raw.r1c_nomenclature_current,36f36fcb-465e-11ee-9c4e-00505689ff45,00-00009407,Диск Jantsa 13.00x18 8/221/275 ET0 (18136) разборный с кольцом,,9b060c03-71d9-11e7-85a2-d43d7eec442d,false,false
Номенклатура — current,raw.r1c_nomenclature_current,6da84bf2-e9d1-11ed-9c4e-00505689ff45,00-00007885,Диск R38,,9b060c03-71d9-11e7-85a2-d43d7eec442d,false,false
Номенклатура — current,raw.r1c_nomenclature_current,44f6f6a2-e652-11eb-0c9a-fa163e0d31f7,БП-00004490,Диск БДМ 580х6 мм Bellota (АДУ-6),,9b060c03-71d9-11e7-85a2-d43d7eec442d,false,false
Номенклатура — current,raw.r1c_nomenclature_current,25dbbf97-2b25-11f0-b80e-005056bde474,00-00012196,Диск БДМ Р33.1905-22,,45c9e202-0a37-11f0-b80e-005056bde474,false,false
Номенклатура — current,raw.r1c_nomenclature_current,851ab660-1ddc-11e8-af31-30f7727a492e,00-00000726,Диск БДТ-7 ст 65г (ромашка),,9b060c03-71d9-11e7-85a2-d43d7eec442d,false,false
Номенклатура — current,raw.r1c_nomenclature_current,100d55cc-f541-11eb-9c3a-00505689ff45,АК-00003838,Диск ИЯВТ (60*60 16 лепестков,,9b060c03-71d9-11e7-85a2-d43d7eec442d,false,false
Номенклатура — current,raw.r1c_nomenclature_current,74796588-4682-11eb-3293-fa163e0d31f7,БП-00003495,Диск ИЯВТ 106-04.02.009,,9b060c03-71d9-11e7-85a2-d43d7eec442d,false,false
Номенклатура — current,raw.r1c_nomenclature_current,be554cf3-0c1d-11ec-9c3a-00505689ff45,АК-00004856,Диск КНР.01.345,,9b060c03-71d9-11e7-85a2-d43d7eec442d,false,false
Номенклатура — current,raw.r1c_nomenclature_current,db33df4b-e065-11ee-9c4c-005056893620,00-00010269,"Диск МТЗ промежуточный (средний,опорный) БЗТДиА ",,9b060c03-71d9-11e7-85a2-d43d7eec442d,false,false
Номенклатура — current,raw.r1c_nomenclature_current,4fbf85d6-e064-11ee-9c4c-005056893620,00-00010265,"Диск МТЗ тормозной безасбестовый ,РФ",,9b060c03-71d9-11e7-85a2-d43d7eec442d,false,false
Номенклатура — current,raw.r1c_nomenclature_current,f9570296-08a4-11ef-9c4f-005056893620,00-00010465,Диск МТЗ тормозной безасбестовый 70-3502040-04,,9b060c03-71d9-11e7-85a2-d43d7eec442d,false,false
Номенклатура — current,raw.r1c_nomenclature_current,ffa3633c-e063-11ee-9c4c-005056893620,00-00010264,Диск МТЗ тормозной нажимной (схлестка) ВЗТЗЧ,,9b060c03-71d9-11e7-85a2-d43d7eec442d,false,false
Номенклатура — current,raw.r1c_nomenclature_current,4431b0bd-e066-11ee-9c4c-005056893620,00-00010270,"Диск МТЗ,Д-260 сцепления (корзина) БЗТДиА ",,9b060c03-71d9-11e7-85a2-d43d7eec442d,false,false
Номенклатура — current,raw.r1c_nomenclature_current,547db96c-b362-11f0-b81e-005056bde474,00-00012898,Диск ПТС-12 (усил.разборный),,45c9e202-0a37-11f0-b80e-005056bde474,false,false
Номенклатура — current,raw.r1c_nomenclature_current,7a1c95fb-f2fa-11ec-9c42-89a3dcc9992a,00-00006697,Диск СК 4.10.03.000 правый,,9b060c03-71d9-11e7-85a2-d43d7eec442d,false,false
Номенклатура — current,raw.r1c_nomenclature_current,553ca06d-f2fa-11ec-9c42-89a3dcc9992a,00-00006696,Диск СК 4.10.03.000-01 левый,,9b060c03-71d9-11e7-85a2-d43d7eec442d,false,false
Номенклатура — current,raw.r1c_nomenclature_current,6c318b0e-b23d-11eb-6d90-fa163e0d31f7,БП-00003965,Диск СК 4.10.03.007,,9b060c03-71d9-11e7-85a2-d43d7eec442d,false,false
Номенклатура — current,raw.r1c_nomenclature_current,f62ffa77-5b66-11f1-b821-005056bde474,00-00014464,Диск абразивный шлифовальный лепестковый вогнутый 125x22.23 мм,,68778e26-7295-11f0-b814-005056bde474,false,false
Номенклатура — current,raw.r1c_nomenclature_current,2989df45-5a18-11ef-9c59-00505689ff45,00-00010842,Диск алмазный 125,,f7164898-2ffe-11eb-af80-fa163e0d31f7,false,false
Номенклатура — current,raw.r1c_nomenclature_current,8c3fea9e-571b-11eb-a997-fa163e0d31f7,БП-00003669,Диск алмазный 125*22,,f7164898-2ffe-11eb-af80-fa163e0d31f7,false,false
Номенклатура — current,raw.r1c_nomenclature_current,58800014-18b0-11ed-9c43-cb6d75bb653b,00-00006946,Диск алмазный 230 мм,,f7164898-2ffe-11eb-af80-fa163e0d31f7,false,false
Номенклатура — current,raw.r1c_nomenclature_current,956a8364-b2fc-11ef-9c5e-00505689ff45,00-00011451,"Диск бороны 430х5,00мм",,9b060c03-71d9-11e7-85a2-d43d7eec442d,false,false
Номенклатура — current,raw.r1c_nomenclature_current,34da368b-e227-11ef-b80c-005056bde474,00-00011623,Диск бороны 5отв. 620х6,,9b060c03-71d9-11e7-85a2-d43d7eec442d,false,false
Номенклатура — current,raw.r1c_nomenclature_current,9b060c6e-71d9-11e7-85a2-d43d7eec442d,00000035   ,Диск высевающий дражированная свекла,,683c72a5-0a38-11f0-b80e-005056bde474,false,false
Номенклатура — current,raw.r1c_nomenclature_current,f630599c-2525-11ed-9c43-cb6d75bb653b,00-00007053,Диск для триммера,,f7164898-2ffe-11eb-af80-fa163e0d31f7,false,false
Номенклатура — current,raw.r1c_nomenclature_current,b228b30f-5ee9-11ef-9c5c-00505689ff45,00-00010899,Диск для триммера Champion C5113,,f7164898-2ffe-11eb-af80-fa163e0d31f7,false,false
Номенклатура — current,raw.r1c_nomenclature_current,38dcf55f-0c2e-11ec-9c3a-00505689ff45,АК-00004893,Диск зачистной,,f7164898-2ffe-11eb-af80-fa163e0d31f7,false,false
Номенклатура — current,raw.r1c_nomenclature_current,f05748e3-114d-11f1-b81f-005056bde474,00-00013801,Диск зачистной для УШМ 125 мм 444125,,68778e26-7295-11f0-b814-005056bde474,false,false
Номенклатура — current,raw.r1c_nomenclature_current,d210a967-3271-11f1-b81f-005056bde474,00-00013963,Диск зачистной по металлу 180x6.0x22.2 уп. 5 шт. Orientcraft ,,68778e26-7295-11f0-b814-005056bde474,false,false
Номенклатура — current,raw.r1c_nomenclature_current,3c94549e-52a5-11f1-b821-005056bde474,00-00014377,Диск зачистной полимерный 125 мм,,68778e26-7295-11f0-b814-005056bde474,false,false
Номенклатура — current,raw.r1c_nomenclature_current,8a014e3d-7cd2-11ef-9c5d-00505689ff45,00-00011139,Диск зубчатый 660-6-D46FTB,,9b060c03-71d9-11e7-85a2-d43d7eec442d,false,false
Номенклатура — current,raw.r1c_nomenclature_current,ca468716-aa1a-11ea-bf8d-fa163ee5d2f9,БП-00002735,Диск колеса задний 14х38  МТЗ-80 DW14Lх38-3107020-01 ,,9b060c03-71d9-11e7-85a2-d43d7eec442d,false,false
Номенклатура — current,raw.r1c_nomenclature_current,d83410db-96af-11ef-9c5e-00505689ff45,00-00011351,"Диск колесный ГАЗ 3307,3309ПАЗ-3205 (6 шпилек) без кольца серый (ОАО ГАЗ)",,9b060c03-71d9-11e7-85a2-d43d7eec442d,false,false
Номенклатура — current,raw.r1c_nomenclature_current,c5531fe2-4269-11ee-9c4e-00505689ff45,00-00009252,Диск колесный МТЗ задний (8 отверстий) под шину 16.9R38 (18.4R38) с козырьком БЗТДиА ,,9b060c03-71d9-11e7-85a2-d43d7eec442d,false,false
Номенклатура — current,raw.r1c_nomenclature_current,76c7e009-8815-11e9-af70-30f7727a492e,00-00001661,Диск колесный МТЗ передний под шину (5 отверстий),,9b060c03-71d9-11e7-85a2-d43d7eec442d,false,false
Номенклатура — current,raw.r1c_nomenclature_current,e6300949-9055-11ef-9c5e-00505689ff45,00-00011313,Диск колесный ПАЗ-3205 8 шпилек (ОАО ГАЗ),,9b060c03-71d9-11e7-85a2-d43d7eec442d,false,false
Номенклатура — current,raw.r1c_nomenclature_current,63a83ea8-faaf-11f0-b81e-005056bde474,00-00013639,"Диск отрезной 115x1,2x22 А54 мет+нерж ",,45c9e202-0a37-11f0-b80e-005056bde474,false,false
Номенклатура — current,raw.r1c_nomenclature_current,c94381e1-0c2d-11ec-9c3a-00505689ff45,АК-00004891,Диск отрезной 125,,f7164898-2ffe-11eb-af80-fa163e0d31f7,false,false
Номенклатура — current,raw.r1c_nomenclature_current,8574383f-faaf-11f0-b81e-005056bde474,00-00013640,Диск отрезной 125x1x22 А54 мет+нерж ,,45c9e202-0a37-11f0-b80e-005056bde474,false,false
Номенклатура — current,raw.r1c_nomenclature_current,a455cd5d-87d7-11ee-9c4a-005056893620,00-00009860,Диск отрезной 150,,f7164898-2ffe-11eb-af80-fa163e0d31f7,false,false
Номенклатура — current,raw.r1c_nomenclature_current,0c7ecc2b-0c2e-11ec-9c3a-00505689ff45,АК-00004892,Диск отрезной 230,,f7164898-2ffe-11eb-af80-fa163e0d31f7,false,false
Номенклатура — current,raw.r1c_nomenclature_current,703c4cf5-17d2-11ed-9c43-cb6d75bb653b,00-00006874,Диск отрезной по металлу 125х1х22 мм,,f7164898-2ffe-11eb-af80-fa163e0d31f7,false,false
Номенклатура — current,raw.r1c_nomenclature_current,98a97c8e-17d2-11ed-9c43-cb6d75bb653b,00-00006875,Диск отрезной по металлу 230х2х22 мм,,f7164898-2ffe-11eb-af80-fa163e0d31f7,false,false
Номенклатура — current,raw.r1c_nomenclature_current,e44e3155-1bc3-11ee-9c4e-00505689ff45,00-00008296,Диск пильный 125мм,,f7164898-2ffe-11eb-af80-fa163e0d31f7,false,false
Номенклатура — current,raw.r1c_nomenclature_current,8bab932d-6d5c-11ec-9c40-00505689c8d9,АК-00005906,Диск пильный 190,,f7164898-2ffe-11eb-af80-fa163e0d31f7,false,false
Номенклатура — current,raw.r1c_nomenclature_current,ab1a505a-1bc3-11ee-9c4e-00505689ff45,00-00008295,Диск пильный цепной 125/22 23/14 зуб,,f7164898-2ffe-11eb-af80-fa163e0d31f7,false,false
Номенклатура — current,raw.r1c_nomenclature_current,9169dfa6-7553-11ed-9c4d-00505689c8d9,00-00007456,Диск по бетону,,f7164898-2ffe-11eb-af80-fa163e0d31f7,false,false
Номенклатура — current,raw.r1c_nomenclature_current,f0b4dd92-5b0d-11f0-b811-005056bde474,00-00012499,Диск по металлу 125 INGCO,,05b398ee-0a39-11f0-b80e-005056bde474,false,false
Номенклатура — current,raw.r1c_nomenclature_current,be8215f6-01f7-11ea-951c-30f7727a492e,00-00002150,Диск полировочный 125,,f7164898-2ffe-11eb-af80-fa163e0d31f7,false,false
Номенклатура — current,raw.r1c_nomenclature_current,866646a9-3377-11ea-9522-30f7727a492e,00-00002354,Диск профессиональный 180 мм по металлу,,f7164898-2ffe-11eb-af80-fa163e0d31f7,false,false
Номенклатура — current,raw.r1c_nomenclature_current,5d80027e-5672-11eb-1f84-fa163e0d31f7,БП-00003612,Диск профессиональный по дереву,,f7164898-2ffe-11eb-af80-fa163e0d31f7,false,false
Номенклатура — current,raw.r1c_nomenclature_current,8d61e5dc-01ae-11f1-b81e-005056bde474,00-00013666,"Диск режущий алмазный, d 125мм, dотв 22-23мм",,68778e26-7295-11f0-b814-005056bde474,false,false
Номенклатура — current,raw.r1c_nomenclature_current,335e482d-f8e6-11ef-b80e-005056bde474,00-00011702,Диск ромашка БДЮ 01.401-02 МРЗ,,9b060c03-71d9-11e7-85a2-d43d7eec442d,false,false
Номенклатура — current,raw.r1c_nomenclature_current,c1a40c1e-e5b8-11ec-9c42-00505689c8d9,00-00006616,Диск сцепления 015-64589,,9b060c03-71d9-11e7-85a2-d43d7eec442d,false,false
Номенклатура — current,raw.r1c_nomenclature_current,58ac4abd-1533-11ec-9c3a-00505689ff45,АК-00004989,Диск сцепления 85-1601090-В,,9b060c03-71d9-11e7-85a2-d43d7eec442d,false,false
Номенклатура — current,raw.r1c_nomenclature_current,337da47d-c0e6-11e9-af79-30f7727a492e,00-00001861,Диск сцепления ЗИЛ 4331 ТАПЗ 4331-1601130,,9b060c03-71d9-11e7-85a2-d43d7eec442d,false,false
Номенклатура — current,raw.r1c_nomenclature_current,6f81ae0a-0b8b-11eb-3385-fa163ee5d2f9,БП-00003125,Диск сцепления МТЗ ,,9b060c03-71d9-11e7-85a2-d43d7eec442d,false,false
Номенклатура — current,raw.r1c_nomenclature_current,d75be6fe-8b05-11eb-4b87-fa163e0d31f7,БП-00003791,"Диск сцепления МТЗ -80,82 MEGAPOWER 85-1601130",,9b060c03-71d9-11e7-85a2-d43d7eec442d,false,false
Номенклатура — current,raw.r1c_nomenclature_current,8654de6e-8b05-11eb-4b87-fa163e0d31f7,БП-00003790,Диск сцепления МТЗ 1221 опорный БЗТДиА,,9b060c03-71d9-11e7-85a2-d43d7eec442d,false,false
Номенклатура — current,raw.r1c_nomenclature_current,e56c3dc9-1534-11ec-9c3a-00505689ff45,АК-00004994,Диск сцепления МТЗ ведомый (демп фер на пружинках) 70-1601130-АЗ,,9b060c03-71d9-11e7-85a2-d43d7eec442d,false,false
Номенклатура — current,raw.r1c_nomenclature_current,23d6b387-e065-11ee-9c4c-005056893620,00-00010267,Диск сцепления МТЗ ведомый безасбестовый БЗТДиА ,,9b060c03-71d9-11e7-85a2-d43d7eec442d,false,false
Номенклатура — current,raw.r1c_nomenclature_current,a333760f-5f71-11ea-9525-30f7727a492e,00-00002506,Диск сцепления МТЗ ведомый безасбестовый элл.навитой БЗТДиА 85-1601130-01,,9b060c03-71d9-11e7-85a2-d43d7eec442d,false,false
Номенклатура — current,raw.r1c_nomenclature_current,dd83d56b-5f47-11e9-af6b-30f7727a492e,00-00001494,Диск сцепления МТЗ ведомый усиленный ТАРА,,9b060c03-71d9-11e7-85a2-d43d7eec442d,false,false
Номенклатура — current,raw.r1c_nomenclature_current,851ab639-1ddc-11e8-af31-30f7727a492e,00-00000696,Диск сцепления МТЗ пруж/усил,,9b060c03-71d9-11e7-85a2-d43d7eec442d,false,false
Номенклатура — current,raw.r1c_nomenclature_current,efe0eed3-6498-11e8-af3d-30f7727a492e,00-00000864,"Диск сцепления МТЗ-1221,1522,922 ведомый безазбестовый",,9b060c03-71d9-11e7-85a2-d43d7eec442d,false,false
Номенклатура — current,raw.r1c_nomenclature_current,8630020b-8772-11ee-9c4a-005056893620,00-00009823,"Диск сцепления МТЗ-80,Д 240",,9b060c03-71d9-11e7-85a2-d43d7eec442d,false,false
Номенклатура — current,raw.r1c_nomenclature_current,8923b436-65fb-11f0-b811-005056bde474,00-00012576,Диск сцепления промежуточный ,,45c9e202-0a37-11f0-b80e-005056bde474,false,false
Номенклатура — current,raw.r1c_nomenclature_current,ecf32d2a-1144-11f1-b81f-005056bde474,00-00013777,Диск сцепления промежуточный 1520-1601085 МТЗ-1221,,45c9e202-0a37-11f0-b80e-005056bde474,false,false
Номенклатура — current,raw.r1c_nomenclature_current,2941c922-34b8-11f0-b80e-005056bde474,00-00012329,Диск тормозной МТЗ 50 метал (схлестка),,45c9e202-0a37-11f0-b80e-005056bde474,false,false
Номенклатура — current,raw.r1c_nomenclature_current,4cfe0685-34b8-11f0-b80e-005056bde474,00-00012330,Диск тормозной МТЗ 50 феродо,,45c9e202-0a37-11f0-b80e-005056bde474,false,false
Номенклатура — current,raw.r1c_nomenclature_current,06f75198-3707-11f0-b80e-005056bde474,00-00012375,Диск тормозной МТЗ 85 феродо н/о МТЗ 1221,,45c9e202-0a37-11f0-b80e-005056bde474,false,false
Номенклатура — current,raw.r1c_nomenclature_current,32a417ea-bc27-11ed-9c4d-00505689ff45,00-00007660,Диск тормозной МТЗ-1221 нажимной (промежуточный)ИПНФ 1522-3502037-Б,,9b060c03-71d9-11e7-85a2-d43d7eec442d,false,false
Номенклатура — current,raw.r1c_nomenclature_current,e9e0d5b1-808f-11ef-9c5d-00505689ff45,00-00011165,"Диск тормозной МТЗ-1221,1523",,9b060c03-71d9-11e7-85a2-d43d7eec442d,false,false
Номенклатура — current,raw.r1c_nomenclature_current,06a06854-bc27-11ed-9c4d-00505689ff45,00-00007659,Диск тормозной МТЗ-16 шлицов с накладками БЗТДиА 70-3502040-01,,9b060c03-71d9-11e7-85a2-d43d7eec442d,false,false
Номенклатура — current,raw.r1c_nomenclature_current,a4ee5610-753f-11e9-af6d-30f7727a492e,00-00001565,"Диск тормозной МТЗ-80,82 клееный (176 мм)",,9b060c03-71d9-11e7-85a2-d43d7eec442d,false,false
Номенклатура — current,raw.r1c_nomenclature_current,a4ee5611-753f-11e9-af6d-30f7727a492e,00-00001566,"Диск тормозной МТЗ-82,1221 Н/О клееный (205 мм)",,9b060c03-71d9-11e7-85a2-d43d7eec442d,false,false
Номенклатура — current,raw.r1c_nomenclature_current,a3337610-5f71-11ea-9525-30f7727a492e,00-00002507,"Диск тормозной МТЗ-82,1221 Н/О нажимной в сборе ВЗТЗЧ 85-3502030",,9b060c03-71d9-11e7-85a2-d43d7eec442d,false,false
Номенклатура — current,raw.r1c_nomenclature_current,f7761237-a49c-11ee-9c4c-005056893620,00-00010041,Диск тормозной перед.вент.280*24 5 отв,,9b060c03-71d9-11e7-85a2-d43d7eec442d,false,false
Номенклатура — current,raw.r1c_nomenclature_current,e3233604-a804-11ef-9c5e-00505689ff45,00-00011383,Диск тормозной передний с покрытием,,9b060c03-71d9-11e7-85a2-d43d7eec442d,false,false
Номенклатура — current,raw.r1c_nomenclature_current,1f658f4d-08a8-11ef-9c4f-005056893620,00-00010475,"Диск тормозной промежуточный МТЗ 4,4 мм",,9b060c03-71d9-11e7-85a2-d43d7eec442d,false,false
Номенклатура — current,raw.r1c_nomenclature_current,29b0a7bc-5b55-11f0-b811-005056bde474,00-00012515,Диск ф115,,05b398ee-0a39-11f0-b80e-005056bde474,false,false
Номенклатура — current,raw.r1c_nomenclature_current,bbd7c813-a61f-11ec-9c42-00505689c8d9,00-00006358,Диск шлифовальный,,9088eead-75dc-11e7-af18-30f7727a492e,false,false
Номенклатура — current,raw.r1c_nomenclature_current,aeba9825-63d4-11f0-b811-005056bde474,00-00012540,Диск шлифовальный к пневмоболгарке,,05b398ee-0a39-11f0-b80e-005056bde474,false,false
Номенклатура — current,raw.r1c_nomenclature_current,3984ffb8-2f18-11ee-9c4e-00505689ff45,00-00008391,Дискование,,52c3cca5-0968-11f0-b80e-005056bde474,false,false
Номенклатура — current,raw.r1c_nomenclature_current,a04d32f7-2f15-11ee-9c4e-00505689ff45,00-00008390,Дискование (почасовая оплата),,52c3cca5-0968-11f0-b80e-005056bde474,false,false
Номенклатура — current,raw.r1c_nomenclature_current,5074a7ea-3400-11eb-0e8a-fa163e0d31f7,БП-00003340,Диспенсер для дезинфицирующих средств наливной с локтевым приводом ,,5a2c2dc7-0a38-11f0-b80e-005056bde474,false,false
Номенклатура — current,raw.r1c_nomenclature_current,ef60b256-16f4-11f1-b81f-005056bde474,00-00013835,"Диспенсер для жидкого мыла LAIMA PROFESSIONAL,0,5 л, нержавеющая сталь, зеркальный",,917ab634-0a38-11f0-b80e-005056bde474,false,false
Номенклатура — current,raw.r1c_nomenclature_current,5d4bf460-c4fe-11ef-9c5f-00505689ff45,00-00011539,Диспенсер для питьевой воды,,917ab634-0a38-11f0-b80e-005056bde474,false,false
Номенклатура — current,raw.r1c_nomenclature_current,9b2ed0bd-c503-11ef-9c5f-00505689ff45,00-00011544,"Диспенсер для питьевой воды LD-AEL-16 31х96,5х33 белый",,917ab634-0a38-11f0-b80e-005056bde474,false,false
Номенклатура — current,raw.r1c_nomenclature_current,07d20aa7-692e-11f0-b811-005056bde474,00-00012584,"Диспенсер для полотенец, пластик",,9b060c02-71d9-11e7-85a2-d43d7eec442d,false,false
Номенклатура — current,raw.r1c_nomenclature_current,dfdf7012-8790-11ee-9c4a-005056893620,00-00009841,Диспенсер для стрейч пленки V110 T08100502 ВОЛГА ПОЛИМЕР,,917ab634-0a38-11f0-b80e-005056bde474,false,false
Номенклатура — current,raw.r1c_nomenclature_current,ccb62ac6-f524-11eb-9c3a-00505689ff45,АК-00003495,Дитокс Инсектицид,,f9d67774-531d-11f0-b811-005056bde474,false,false
Номенклатура — current,raw.r1c_nomenclature_current,37003c0f-b2df-11e9-af76-30f7727a492e,00-00001803,Дихлофос без запаха 180мл,,f0e4c260-a130-11e8-af4c-30f7727a492e,false,false
Номенклатура — current,raw.r1c_nomenclature_current,ccb62ac7-f524-11eb-9c3a-00505689ff45,АК-00003496,Дишанс Инсектицид,,f9d67774-531d-11f0-b811-005056bde474,false,false
Номенклатура — current,raw.r1c_nomenclature_current,bd64cec9-ef2a-11f0-b81e-005056bde474,00-00013359,Диэлектрические бокорезы Inforce 160 мм 1000В,,007d76f1-0a39-11f0-b80e-005056bde474,false,false
Номенклатура — current,raw.r1c_nomenclature_current,d36ff937-ef2a-11f0-b81e-005056bde474,00-00013360,Диэлектрические пассатижи Inforce 180 мм 1000В ,,007d76f1-0a39-11f0-b80e-005056bde474,false,false
Номенклатура — current,raw.r1c_nomenclature_current,b5d6d6a2-a07a-11f0-b81d-005056bde474,00-00012786,Диэлектрические тонкогубцы Inforce 160 мм 1000В,,e588fd02-0a37-11f0-b80e-005056bde474,false,false
Номенклатура — current,raw.r1c_nomenclature_current,7a2de546-0c28-11ec-9c3a-00505689ff45,АК-00004869,Длинногубцы,,f7164898-2ffe-11eb-af80-fa163e0d31f7,false,false
Номенклатура — current,raw.r1c_nomenclature_current,942fff6a-d96f-11eb-6c92-fa163e0d31f7,БП-00004366,Дно гиrиеническое Стандарт производство Р Б ,,65439ec8-d96f-11eb-6c92-fa163e0d31f7,false,false
Номенклатура — current,raw.r1c_nomenclature_current,49b86adf-4217-11f1-b821-005056bde474,00-00014123,Добавки,,b1a6df2f-0a39-11f0-b80e-005056bde474,true,false
Номенклатура — current,raw.r1c_nomenclature_current,afa80044-89b5-11ec-9c42-00505689c8d9,00-00006112,Доводчик на дверь PE-B2W серебро 25-45кг,,f0e4c260-a130-11e8-af4c-30f7727a492e,false,false
Номенклатура — current,raw.r1c_nomenclature_current,e9333565-cc8e-11ec-9c42-00505689c8d9,00-00006487,Доводчик с рычажной тягой,,f0e4c260-a130-11e8-af4c-30f7727a492e,false,false
Номенклатура — current,raw.r1c_nomenclature_current,d9c78c79-1475-11ec-9c3a-00505689ff45,АК-00004959,Дождевик ПОНЧО 130 х 140 см PARK ,,aa0a6e4b-6566-11f1-b821-005056bde474,false,false
Номенклатура — current,raw.r1c_nomenclature_current,fbc96d5c-bfe1-11eb-c69d-fa163e0d31f7,БП-00004088,Дождевик на кнопках для взрослых,,aa0a6e4b-6566-11f1-b821-005056bde474,false,false
Номенклатура — current,raw.r1c_nomenclature_current,0552ace6-b243-11eb-6d90-fa163e0d31f7,БП-00003972,Дозатор Q0 IL c 02.004.0.0918-300-038,,9b060c03-71d9-11e7-85a2-d43d7eec442d,false,false
Номенклатура — current,raw.r1c_nomenclature_current,42c7e0a4-58d8-11ea-8118-d43d7ec071d4,00-00002504,Дозатор автоматический ДАБЗ,,9b060cbb-71d9-11e7-85a2-d43d7eec442d,false,false
Номенклатура — current,raw.r1c_nomenclature_current,abf7cbf2-39bf-11ea-9523-30f7727a492e,00-00002386,Дозатор для жидкого мыла 1000мл,,917ab634-0a38-11f0-b80e-005056bde474,false,false
Номенклатура — current,raw.r1c_nomenclature_current,1d3dce29-2f65-11f1-b81f-005056bde474,00-00013947,Дозатор для жидкого мыла 500мл нерж.сталь,,f0e4c260-a130-11e8-af4c-30f7727a492e,false,false
Номенклатура — current,raw.r1c_nomenclature_current,cdec6828-e7a9-11ea-3497-fa163ee5d2f9,БП-00002969,Дозатор для жидкого мыла пластик прозрачный,,f0e4c260-a130-11e8-af4c-30f7727a492e,false,false
Номенклатура — current,raw.r1c_nomenclature_current,753c2c0c-54ca-11eb-4e9e-fa163e0d31f7,БП-00003574,Дозатор комбинированный WK-09 (адаптация для моркови и корня петрушки),,279c2c04-2e46-11eb-288c-fa163e0d31f7,false,false
Номенклатура — current,raw.r1c_nomenclature_current,666a7c9c-421f-11ec-9c41-00505689db63,АК-00005561,Дозатор комбинированный WK-12 (встраивание 3-х упаковочных машин адаптация для моркови),,279c2c04-2e46-11eb-288c-fa163e0d31f7,false,false
Номенклатура — current,raw.r1c_nomenclature_current,e9233214-2f60-11f1-b81f-005056bde474,00-00013944,Дозатор локтевой Bio/R эконом 1л,,917ab634-0a38-11f0-b80e-005056bde474,false,false
Номенклатура — current,raw.r1c_nomenclature_current,d79908ca-2e5a-11eb-288c-fa163e0d31f7,БП-00003250,"Дозировочный бункер ZB II 25070 (сепаратор земли,расширение регулировки скорости)",,279c2c04-2e46-11eb-288c-fa163e0d31f7,false,false
Номенклатура — current,raw.r1c_nomenclature_current,4bff4010-4221-11ec-9c41-00505689db63,АК-00005562,Дозировочный бункер ZB II 350/70 (диапазон от 1 до 23 тонн в час сепаратор от земли с инвертором),,279c2c04-2e46-11eb-288c-fa163e0d31f7,false,false
Номенклатура — current,raw.r1c_nomenclature_current,ccb62ac8-f524-11eb-9c3a-00505689ff45,АК-00003497,Дозор Инсектицид,,2eaeac4d-5322-11f0-b811-005056bde474,false,false
Номенклатура — current,raw.r1c_nomenclature_current,4db84e5c-52cd-11f0-b811-005056bde474,00-00012470,Долото,,45c9e202-0a37-11f0-b80e-005056bde474,false,false
Номенклатура — current,raw.r1c_nomenclature_current,63ee511f-52cd-11f0-b811-005056bde474,00-00012471,Долото + крепеж,,45c9e202-0a37-11f0-b80e-005056bde474,false,false
Номенклатура — current,raw.r1c_nomenclature_current,d2ac94ec-4205-11ec-9c41-00505689db63,АК-00005560,Долото культиватора А150302200,,9b060c03-71d9-11e7-85a2-d43d7eec442d,false,false
Номенклатура — current,raw.r1c_nomenclature_current,68548b2d-0914-11ef-9c4f-005056893620,00-00010485,Долото левое с наплавкой ,,9b060c03-71d9-11e7-85a2-d43d7eec442d,false,false
Номенклатура — current,raw.r1c_nomenclature_current,4ba24f91-0914-11ef-9c4f-005056893620,00-00010484,Долото правое с наплавкой ,,9b060c03-71d9-11e7-85a2-d43d7eec442d,false,false
Номенклатура — current,raw.r1c_nomenclature_current,3bb8a18d-efac-11f0-b81e-005056bde474,00-00013379,"Домкрат 32 тонны TUV, 2 клапана БелАК ",,007d76f1-0a39-11f0-b80e-005056bde474,false,false
Номенклатура — current,raw.r1c_nomenclature_current,af8d5a11-2b8f-11ec-b9a9-00505689914b,АК-00005477,Домкрат 80-00304-SX STELLOX,,f7164898-2ffe-11eb-af80-fa163e0d31f7,false,false
Номенклатура — current,raw.r1c_nomenclature_current,1bfde865-bc18-11ec-9c42-00505689c8d9,00-00006462,Домкрат бутылочный 5т 236-478 мм ШААЗ Д1-3913010-50,,9b060c03-71d9-11e7-85a2-d43d7eec442d,false,false
Номенклатура — current,raw.r1c_nomenclature_current,2b2bfe0e-ed22-11ea-a29d-fa163ee5d2f9,БП-00003011,Домкрат гидравлический 3т,,9b060c03-71d9-11e7-85a2-d43d7eec442d,false,false
Номенклатура — current,raw.r1c_nomenclature_current,c1eeb866-d755-11f0-b81e-005056bde474,00-00013095,"Домкрат гидравлический бутылочный, 20т Rockforce RF-T92007/DS/(57369)",,f7164898-2ffe-11eb-af80-fa163e0d31f7,false,false
Номенклатура — current,raw.r1c_nomenclature_current,79209006-efab-11f0-b81e-005056bde474,00-00013377,Домкрат гидравлический подкатной 5т низкопрофильный ROCKFORCE RF-TR50001,,007d76f1-0a39-11f0-b80e-005056bde474,false,false
Номенклатура — current,raw.r1c_nomenclature_current,1db050c2-3acf-11eb-dc8d-fa163e0d31f7,БП-00003421,"Домкрат гидровлический бутылочный Т50,30т 285-465мм. Профессионал 43060-30",,007d76f1-0a39-11f0-b80e-005056bde474,false,false
Номенклатура — current,raw.r1c_nomenclature_current,e6c37cdc-e489-11eb-0c9a-fa163e0d31f7,БП-00004469,Домкрат двухштоковый 20 тонн БелАК БАК.20049,,007d76f1-0a39-11f0-b80e-005056bde474,false,false
Номенклатура — current,raw.r1c_nomenclature_current,db669382-bc13-11ec-9c42-00505689c8d9,00-00006449,Домкрат механический 2т,,007d76f1-0a39-11f0-b80e-005056bde474,false,false
Номенклатура — current,raw.r1c_nomenclature_current,602f129b-fdab-11ef-b80e-005056bde474,00-00011739,Домкрат механический 4т,,007d76f1-0a39-11f0-b80e-005056bde474,false,false
Номенклатура — current,raw.r1c_nomenclature_current,b2118d91-efaa-11f0-b81e-005056bde474,00-00013374,"Домкрат реечный 3,5 т с держателем рукоятки и опорой в комплекте,NORDBERG 153 см",,007d76f1-0a39-11f0-b80e-005056bde474,false,false
Номенклатура — current,raw.r1c_nomenclature_current,8b826a40-d818-11eb-d199-fa163e0d31f7,БП-00004342,Доп оборудование к системе мониторинга транспорта,,9b060c1e-71d9-11e7-85a2-d43d7eec442d,true,false
Номенклатура — current,raw.r1c_nomenclature_current,4fb539ca-dbc9-11ee-9c4c-005056893620,00-00010248,Доп.контакт фронтальный DILA XH11,,9b060c03-71d9-11e7-85a2-d43d7eec442d,false,false
Номенклатура — current,raw.r1c_nomenclature_current,5d1fdc83-cb9b-11e8-af53-30f7727a492e,00-00001264,Доска 100х150х6,,9088eead-75dc-11e7-af18-30f7727a492e,false,false
Номенклатура — current,raw.r1c_nomenclature_current,10a5b2d6-76c7-11e7-af18-30f7727a492e,00-00000082,Доска 25х100,,9088eead-75dc-11e7-af18-30f7727a492e,false,false
Номенклатура — current,raw.r1c_nomenclature_current,10a5b2d5-76c7-11e7-af18-30f7727a492e,00-00000081,Доска 50х150,,9088eead-75dc-11e7-af18-30f7727a492e,false,false
Номенклатура — current,raw.r1c_nomenclature_current,3097641f-b0dc-11f0-b81e-005056bde474,00-00012881,Доска 60*90,,9088eead-75dc-11e7-af18-30f7727a492e,false,false
Номенклатура — current,raw.r1c_nomenclature_current,cbf99112-72cd-11e8-af41-30f7727a492e,00-00000914,Доска антисептированная 50х150,,9088eead-75dc-11e7-af18-30f7727a492e,false,false
Номенклатура — current,raw.r1c_nomenclature_current,57bcded8-89ba-11ec-9c42-00505689c8d9,00-00006120,Доска гладильна Ника7 Н7 38*122 см,,917ab634-0a38-11f0-b80e-005056bde474,false,false
Номенклатура — current,raw.r1c_nomenclature_current,9088ee98-75dc-11e7-af18-30f7727a492e,00-00000049,Доска магнитно-маркерная,,9088ee8b-75dc-11e7-af18-30f7727a492e,false,false
Номенклатура — current,raw.r1c_nomenclature_current,2c7df578-8fd9-11ec-9c42-00505689c8d9,00-00006156,Доска магнитно-маркерная 100х200,,9088ee8b-75dc-11e7-af18-30f7727a492e,false,false
Номенклатура — current,raw.r1c_nomenclature_current,df02eb5e-ed2c-11ea-a29d-fa163ee5d2f9,БП-00003016,Доска магнитно-маркерная 60х90,,9088ee8b-75dc-11e7-af18-30f7727a492e,false,false
Номенклатура — current,raw.r1c_nomenclature_current,b0ee2947-c59c-11ee-9c4c-005056893620,00-00010113,"Доска магнитно-маркерная 90/120 лак,алюмин.рама",,9088ee8b-75dc-11e7-af18-30f7727a492e,false,false
Номенклатура — current,raw.r1c_nomenclature_current,cbf99113-72cd-11e8-af41-30f7727a492e,00-00000915,Доска необрезная антисептированная ,,9088eead-75dc-11e7-af18-30f7727a492e,false,false
Номенклатура — current,raw.r1c_nomenclature_current,6268a19a-e52b-11ee-9c4c-005056893620,00-00010284,Доска обрезная 22-25*100 длина 3м,,9088eead-75dc-11e7-af18-30f7727a492e,false,false
Номенклатура — current,raw.r1c_nomenclature_current,cd90d89c-8fa5-11eb-9984-fa163e0d31f7,БП-00003812,Доска обрезная 22-25*150 длина 6м,,9088eead-75dc-11e7-af18-30f7727a492e,false,false
Номенклатура — current,raw.r1c_nomenclature_current,72192b49-c01a-11ee-9c4c-005056893620,00-00010104,Доска обрезная 40/100 длина 6м,,9088eead-75dc-11e7-af18-30f7727a492e,false,false
Номенклатура — current,raw.r1c_nomenclature_current,89b4004e-fe42-11ea-7580-fa163ee5d2f9,БП-00003056,Доска обрезная ЕВ 25*150*6000,,9088eead-75dc-11e7-af18-30f7727a492e,false,false
Номенклатура — current,raw.r1c_nomenclature_current,6d4f0354-fe42-11ea-7580-fa163ee5d2f9,БП-00003055,Доска обрезная ЕВ50*150*6000,,9088eead-75dc-11e7-af18-30f7727a492e,false,false
Номенклатура — current,raw.r1c_nomenclature_current,0a66cce1-0914-11ef-9c4f-005056893620,00-00010483,Доска полевая CL 100089 3411503,,9b060c03-71d9-11e7-85a2-d43d7eec442d,false,false
Номенклатура — current,raw.r1c_nomenclature_current,a61cbbb6-88e7-11e9-af70-30f7727a492e,00-00001677,Доска полевая плуга узкая ПЛЖ 21.500,,9b060c03-71d9-11e7-85a2-d43d7eec442d,false,false
Номенклатура — current,raw.r1c_nomenclature_current,b6d1be60-99bc-11ea-952a-30f7727a492e,00-00002706,Доска полевая плуга широкая  направленная ПЛЖ 51.200-06,,9b060c03-71d9-11e7-85a2-d43d7eec442d,false,false
Номенклатура — current,raw.r1c_nomenclature_current,a61cbbb7-88e7-11e9-af70-30f7727a492e,00-00001678,Доска полевая плуга широкая ПЛЖ 200-06,,9b060c03-71d9-11e7-85a2-d43d7eec442d,false,false
Номенклатура — current,raw.r1c_nomenclature_current,e0a0c25c-dc47-11e8-af56-30f7727a492e,00-00001339,Доска полевая плуга широкая ПЛЖЗ 1200-01,,45c9e202-0a37-11f0-b80e-005056bde474,false,false
Номенклатура — current,raw.r1c_nomenclature_current,9088ee97-75dc-11e7-af18-30f7727a492e,00-00000048,Доска пробковая  деревянная 60х90,,9088ee8b-75dc-11e7-af18-30f7727a492e,false,false
Номенклатура — current,raw.r1c_nomenclature_current,357d2b4c-a025-11eb-c683-fa163e0d31f7,БП-00003885,Доска разделочная,,f0e4c260-a130-11e8-af4c-30f7727a492e,false,false
Номенклатура — current,raw.r1c_nomenclature_current,0b09a98e-b0d7-11ec-9c42-00505689c8d9,00-00006410,Доска разделочная 36*22см,,f0e4c260-a130-11e8-af4c-30f7727a492e,false,false
Номенклатура — current,raw.r1c_nomenclature_current,2258b0b0-b0d7-11ec-9c42-00505689c8d9,00-00006411,Доска разделочная пластик,,f0e4c260-a130-11e8-af4c-30f7727a492e,false,false
Номенклатура — current,raw.r1c_nomenclature_current,dcede76b-5853-11ec-9c40-00505689c8d9,АК-00005750,Доска сухая строганая обработ.антисептиком,,9088eead-75dc-11e7-af18-30f7727a492e,false,false
Номенклатура — current,raw.r1c_nomenclature_current,ccb62aca-f524-11eb-9c3a-00505689ff45,АК-00003499,Доспех 3 Инсектицид,,2eaeac4d-5322-11f0-b811-005056bde474,false,false
Номенклатура — current,raw.r1c_nomenclature_current,ccb62ac9-f524-11eb-9c3a-00505689ff45,АК-00003498,Доспех Инсектицид,,668204c4-5324-11f0-b811-005056bde474,false,false
Номенклатура — current,raw.r1c_nomenclature_current,9088ee9c-75dc-11e7-af18-30f7727a492e,00-00000052,Доставка,,34f83455-094c-11f0-b80e-005056bde474,false,false
Номенклатура — current,raw.r1c_nomenclature_current,d59be9a6-74f4-11ef-9c5d-00505689ff45,00-00011065,Доставка покупателю (Транспортных расходы),,34f83455-094c-11f0-b80e-005056bde474,false,false
Номенклатура — current,raw.r1c_nomenclature_current,3a75e91c-49a0-11eb-a99a-fa163e0d31f7,БП-00003503,Доставка продукции покупателю,,34f83455-094c-11f0-b80e-005056bde474,false,false
Номенклатура — current,raw.r1c_nomenclature_current,45f8c8ec-c562-11e9-af79-30f7727a492e,00-00001924,"Дрель ""Интерскол"" Д-13/750 ЭР",,f990038e-0a38-11f0-b80e-005056bde474,false,false
Номенклатура — current,raw.r1c_nomenclature_current,890c064e-447b-11eb-7b94-fa163e0d31f7,БП-00003471,Дрель аккумуляторная Makita DDF453SYX4,,f990038e-0a38-11f0-b80e-005056bde474,false,false
Номенклатура — current,raw.r1c_nomenclature_current,e392e9ab-4dcc-11ec-9c40-00505689c8d9,АК-00005702,Дрель аккумуляторная Makita DDF485RF,,f990038e-0a38-11f0-b80e-005056bde474,false,false
Номенклатура — current,raw.r1c_nomenclature_current,7c9f3192-e485-11eb-0c9a-fa163e0d31f7,БП-00004456,Дрель ударная Metabo SBE 760 600841510,,f7164898-2ffe-11eb-af80-fa163e0d31f7,false,false
Номенклатура — current,raw.r1c_nomenclature_current,33085145-a5ad-11ef-9c5e-00505689ff45,00-00011358,"Дрель-шуруповерт ""Макита"" аккумулятор G-серия 18 B, 13мм, 42/24Hм",,f7164898-2ffe-11eb-af80-fa163e0d31f7,false,false
Номенклатура — current,raw.r1c_nomenclature_current,028fbb59-e422-11f0-b81e-005056bde474,00-00013296,Дрель-шуруповерт AEG BS18G4-202C 4935478630,,f990038e-0a38-11f0-b80e-005056bde474,false,false
Номенклатура — current,raw.r1c_nomenclature_current,c604ce91-4299-11f0-b80f-005056bde474,00-00012433,"Дрель-шуруповерт аккумуляторная бесщеточная Loner 20V ONE + в кейсе, 20В, 2x4.0Ач",,f990038e-0a38-11f0-b80e-005056bde474,false,false
Номенклатура — current,raw.r1c_nomenclature_current,2e8e1b62-e485-11eb-0c9a-fa163e0d31f7,БП-00004455,Дрель-шуруповерт аккумуляторный Metabo PowerMaxx SB 12 601076500,,f7164898-2ffe-11eb-af80-fa163e0d31f7,false,false
Номенклатура — current,raw.r1c_nomenclature_current,f3be729a-c5de-11ee-9c4c-005056893620,00-00010144,Дрель-шуруповерт аккумуляторный Ресанта ДА-18-2ЛК 75/14/5,,f7164898-2ffe-11eb-af80-fa163e0d31f7,false,false
Номенклатура — current,raw.r1c_nomenclature_current,781b6473-6d4b-11ec-9c40-00505689c8d9,АК-00005880,Дроссели на пневмоцелиндры,,9b060c03-71d9-11e7-85a2-d43d7eec442d,false,false
Номенклатура — current,raw.r1c_nomenclature_current,2deb1438-2b1f-11f0-b80e-005056bde474,00-00012187,Дроссельная шайба,,45c9e202-0a37-11f0-b80e-005056bde474,false,false
Номенклатура — current,raw.r1c_nomenclature_current,141c99cf-3e44-11ed-9c43-cb6d75bb653b,00-00007199,Дроссельнаязаслонка карбюратора,,9b060c03-71d9-11e7-85a2-d43d7eec442d,false,false
Номенклатура — current,raw.r1c_nomenclature_current,ccb62acb-f524-11eb-9c3a-00505689ff45,АК-00003500,Дурсбан Инсектицид,,f9d67774-531d-11f0-b811-005056bde474,false,false
Номенклатура — current,raw.r1c_nomenclature_current,410d19e5-a6b8-11f1-b824-005056bde474,00-00014742,Дуршлаг МТ-057,,f0e4c260-a130-11e8-af4c-30f7727a492e,false,false
Номенклатура — current,raw.r1c_nomenclature_current,12f3e396-d972-11eb-6c92-fa163e0d31f7,БП-00004377,"Дымарь пасечный со съемным мехом и термозащитным экраном (AISI430),тип3, ДП-3со стаканом",,65439ec8-d96f-11eb-6c92-fa163e0d31f7,false,false
Номенклатура — current,raw.r1c_nomenclature_current,fdddf4f4-a69e-11ec-9c42-00505689c8d9,00-00006381,Дымарь электрический с ограждением,,65439ec8-d96f-11eb-6c92-fa163e0d31f7,false,false
Номенклатура — current,raw.r1c_nomenclature_current,bd62f703-7da8-11e7-af19-30f7727a492e,00-00000252,Дырокол,,9088ee8b-75dc-11e7-af18-30f7727a492e,false,false
Номенклатура — current,raw.r1c_nomenclature_current,a2181d9a-6683-11ee-9c50-00505689ff45,00-00009635,Дырокол до 60 листов с линейкой,,9088ee8b-75dc-11e7-af18-30f7727a492e,false,false
Номенклатура — current,raw.r1c_nomenclature_current,ccb62acc-f524-11eb-9c3a-00505689ff45,АК-00003501,Дэлит Про Инсектицид,,668204c4-5324-11f0-b811-005056bde474,false,false
Номенклатура — current,raw.r1c_nomenclature_current,a1fb38b2-42bc-11ec-9c41-00505689db63,АК-00005573,Дюбель,,9088eead-75dc-11e7-af18-30f7727a492e,false,false
Номенклатура — current,raw.r1c_nomenclature_current,fc78c6a0-23d5-11ed-9c43-cb6d75bb653b,00-00007031,Дюбель 12х120,,9088eead-75dc-11e7-af18-30f7727a492e,false,false
Номенклатура — current,raw.r1c_nomenclature_current,9889fdbf-6d5a-11ec-9c40-00505689c8d9,АК-00005903,Дюбель 6х40,,9088eead-75dc-11e7-af18-30f7727a492e,false,false
Номенклатура — current,raw.r1c_nomenclature_current,5b3efbcb-3cdf-11ea-9524-30f7727a492e,00-00002443,Дюбель 6х40 с шурупом (грибовидный),,9088eead-75dc-11e7-af18-30f7727a492e,false,false
Номенклатура — current,raw.r1c_nomenclature_current,ad777eb3-3328-11f1-b81f-005056bde474,00-00014010,Дюбель гв. 6х60,,3891ada2-0a39-11f0-b80e-005056bde474,false,false
Номенклатура — current,raw.r1c_nomenclature_current,66174b6b-a5e7-11ec-9c42-00505689c8d9,00-00006342,Дюбель гвоздь 6*80,,9088eead-75dc-11e7-af18-30f7727a492e,false,false
Номенклатура — current,raw.r1c_nomenclature_current,216a5ac6-68e9-11ee-9c50-00505689ff45,00-00009683,Дюбель гвоздь 6х40,,9088eead-75dc-11e7-af18-30f7727a492e,false,false
Номенклатура — current,raw.r1c_nomenclature_current,d40c0a39-d7a7-11ed-9c4e-00505689ff45,00-00007717,Дюбель гвоздь 6х60,,9088eead-75dc-11e7-af18-30f7727a492e,false,false
Номенклатура — current,raw.r1c_nomenclature_current,bded7068-8497-11ef-9c5d-00505689ff45,00-00011219,Дюбель гвоздь 8х100,,9088eead-75dc-11e7-af18-30f7727a492e,false,false
Номенклатура — current,raw.r1c_nomenclature_current,aeebdb03-3752-11ee-9c4e-00505689ff45,00-00008409,Дюбель с шурупом 8х100,,9088eead-75dc-11e7-af18-30f7727a492e,false,false
Номенклатура — current,raw.r1c_nomenclature_current,f8e485dc-2758-11ec-a9dd-00505689f463,АК-00005410,Дюбель с шурупом 8х60,,9088eead-75dc-11e7-af18-30f7727a492e,false,false
Номенклатура — current,raw.r1c_nomenclature_current,7c0b0350-851b-11ee-9c4a-005056893620,00-00009779,Дюбель тип U 6х52мм,,9088eead-75dc-11e7-af18-30f7727a492e,false,false
Номенклатура — current,raw.r1c_nomenclature_current,7dbb5388-8534-11ee-9c4a-005056893620,00-00009788,Дюбель тип U 8х52мм,,9088eead-75dc-11e7-af18-30f7727a492e,false,false
Номенклатура — current,raw.r1c_nomenclature_current,bfd14006-bc1a-11ed-9c4d-00505689ff45,00-00007653,"Дюбель-хомут 5,10 мм д 5мм нейлон",,20e031f3-0a37-11f0-b80e-005056bde474,false,false
Номенклатура — current,raw.r1c_nomenclature_current,0609368b-a159-11e8-af4c-30f7727a492e,00-00001111,Дюпель гвоздь 6х40,,9088eead-75dc-11e7-af18-30f7727a492e,false,false
Номенклатура — current,raw.r1c_nomenclature_current,61bb8215-f064-11e7-a3ff-94de80168a80,00-00000629,Дюпель гвоздь 6х60,,9088eead-75dc-11e7-af18-30f7727a492e,false,false
Номенклатура — current,raw.r1c_nomenclature_current,4347fdc7-6d5a-11ec-9c40-00505689c8d9,АК-00005901,Дюпель гвоздь 6х80,,9088eead-75dc-11e7-af18-30f7727a492e,false,false
Номенклатура — current,raw.r1c_nomenclature_current,2f81dfcc-30d8-11ed-9c43-cb6d75bb653b,00-00007135,ЕТО,,52c3cca5-0968-11f0-b80e-005056bde474,false,false
Номенклатура — current,raw.r1c_nomenclature_current,ccb62acd-f524-11eb-9c3a-00505689ff45,АК-00003502,Евродим Инсектицид,,f9d67774-531d-11f0-b811-005056bde474,false,false
Номенклатура — current,raw.r1c_nomenclature_current,8eeddebb-299f-11f0-b80e-005056bde474,00-00012074,Еврокуб 1000 л для топлива б/у,,683c72a5-0a38-11f0-b80e-005056bde474,false,false
Номенклатура — current,raw.r1c_nomenclature_current,9b060c70-71d9-11e7-85a2-d43d7eec442d,00000024   ,Еврокуб 980 л для дизельного топлива б/у,,683c72a5-0a38-11f0-b80e-005056bde474,false,false
Номенклатура — current,raw.r1c_nomenclature_current,ccb62ace-f524-11eb-9c3a-00505689ff45,АК-00003503,Европир Инсектицид,,f9d67774-531d-11f0-b811-005056bde474,false,false
Номенклатура — current,raw.r1c_nomenclature_current,4beec974-49bf-11eb-a99a-fa163e0d31f7,БП-00003542,Европотолок 600х400х150мм перфорированный ПЭНД,,9088eeac-75dc-11e7-af18-30f7727a492e,false,false
Номенклатура — current,raw.r1c_nomenclature_current,f4614ca4-50bf-11f0-b811-005056bde474,00-00012463,Египет Белый Вакуумная упаковка5 кг.,,d8e31aa9-0bd1-11f0-b80e-005056bde474,false,false
Номенклатура — current,raw.r1c_nomenclature_current,890676f0-7734-11ee-9c4a-005056893620,00-00009720,Егоза колючая проволока СББ 500625,,9088eead-75dc-11e7-af18-30f7727a492e,false,false
Номенклатура — current,raw.r1c_nomenclature_current,9088ee8c-75dc-11e7-af18-30f7727a492e,00-00000038,Ежедневник,,9088ee8b-75dc-11e7-af18-30f7727a492e,false,false
Номенклатура — current,raw.r1c_nomenclature_current,ccb62acf-f524-11eb-9c3a-00505689ff45,АК-00003504,Елена Инсектицид,,2eaeac4d-5322-11f0-b811-005056bde474,false,false
Номенклатура — current,raw.r1c_nomenclature_current,cd082b38-d31f-11eb-5d99-fa163e0d31f7,БП-00004292,Емкость 1000л,,1b37fa4d-4216-11f1-b821-005056bde474,false,false
Номенклатура — current,raw.r1c_nomenclature_current,831e4bb7-53eb-11ef-9c59-00505689ff45,00-00010752,Емкость AUTO 1000 л синяя ,,1b37fa4d-4216-11f1-b821-005056bde474,false,false
Номенклатура — current,raw.r1c_nomenclature_current,13044c2d-0c0c-11ee-9c4e-00505689ff45,00-00008127,Емкость Т 10000л серия (2625х2305х2305) с отводом из бака,,1b37fa4d-4216-11f1-b821-005056bde474,false,false
Номенклатура — current,raw.r1c_nomenclature_current,30602242-33f9-11eb-0e8a-fa163e0d31f7,БП-00003332,Емкость пластиковая на 1000л ,,9be0daf4-2e34-11eb-288c-fa163e0d31f7,false,false
Номенклатура — current,raw.r1c_nomenclature_current,bee3518a-2e39-11eb-288c-fa163e0d31f7,БП-00003220,Емкость пластиковая на 1000л с крышкой и клапаном 1150х2180х550мм 40 кг синяя,,9be0daf4-2e34-11eb-288c-fa163e0d31f7,false,false
Номенклатура — current,raw.r1c_nomenclature_current,ed35dbde-2e39-11eb-288c-fa163e0d31f7,БП-00003221,Емкость пластиковая на 1000л с крышкой и клапаном 2305х2630мм 230 кг синяя,,9be0daf4-2e34-11eb-288c-fa163e0d31f7,false,false
Номенклатура — current,raw.r1c_nomenclature_current,3f0f6d90-f065-11f0-b81e-005056bde474,00-00013405,"Ерш д25x100x300 сталь 0,20 очистка котлов теплообменников дымоходов труб отверстий OSBORN ",,917ab634-0a38-11f0-b80e-005056bde474,false,false
Номенклатура — current,raw.r1c_nomenclature_current,12756348-5908-11ec-9c40-00505689c8d9,АК-00005778,Ершик для унитаза ,,f0e4c260-a130-11e8-af4c-30f7727a492e,false,false
Номенклатура — current,raw.r1c_nomenclature_current,ced2b2ea-aa2a-11ea-bf8d-fa163ee5d2f9,БП-00002746,Ершик для унитаза с подставкой Уголок,,f0e4c260-a130-11e8-af4c-30f7727a492e,false,false
Номенклатура — current,raw.r1c_nomenclature_current,ceeafd40-238a-11ed-9c43-cb6d75bb653b,00-00007019,Жгут для ремонта бескамерных шин 204*6мм на РЕТ основе,,9b060c03-71d9-11e7-85a2-d43d7eec442d,false,false
Номенклатура — current,raw.r1c_nomenclature_current,f70ffcb2-238b-11ed-9c43-cb6d75bb653b,00-00007022,Жгут для ремонта бескамерных шин AUTOPROFI,,9b060c03-71d9-11e7-85a2-d43d7eec442d,false,false
Номенклатура — current,raw.r1c_nomenclature_current,1ed3a2fc-1a1a-11ec-9c3a-00505689ff45,АК-00005072,Жгут электрический,,9b060c03-71d9-11e7-85a2-d43d7eec442d,false,false
Номенклатура — current,raw.r1c_nomenclature_current,c9a78ab3-55df-11ed-9c43-cb6d75bb653b,00-00007357,Железо горячекатанное,,9088eead-75dc-11e7-af18-30f7727a492e,false,false
Номенклатура — current,raw.r1c_nomenclature_current,6851d85e-b28d-11e9-af76-30f7727a492e,00-00001788,Желоб водосточный (Шоколад),,9b060c03-71d9-11e7-85a2-d43d7eec442d,false,false
Номенклатура — current,raw.r1c_nomenclature_current,c8ce6769-915f-11ec-9c42-00505689c8d9,00-00006169,Желоб водосточный 130 3м ПВХ,,f0e4c260-a130-11e8-af4c-30f7727a492e,false,false
Номенклатура — current,raw.r1c_nomenclature_current,ae3af4bc-d701-11ef-b80c-005056bde474,00-00011552,Жесткий диск 6TБ,,211c2790-35ce-11ea-9522-30f7727a492e,false,false
Номенклатура — current,raw.r1c_nomenclature_current,5358a4cc-bd01-11f1-b824-005056bde474,00-00014788,Жесткий диск SA TA-314Tb WD Purple Pro 7200rpm,,9b060c1e-71d9-11e7-85a2-d43d7eec442d,false,false
Номенклатура — current,raw.r1c_nomenclature_current,2d5dad61-08d3-11f1-b81f-005056bde474,00-00013747,Жесткий диск SATA-3 4Tb Seagate 5400 SkyHawk [ST4000VX016] cache 256MB EU/CN,,ce412305-0a38-11f0-b80e-005056bde474,false,false
Номенклатура — current,raw.r1c_nomenclature_current,73f8827d-505e-11f1-b821-005056bde474,00-00014368,Жесткий диск SATA-3 4Tb Seagate BarraCuda [ST4000DM004] Cache 256MB EU/CN,,ce412305-0a38-11f0-b80e-005056bde474,false,false
Номенклатура — current,raw.r1c_nomenclature_current,09af5f78-f9de-11eb-9c3a-00505689ff45,АК-00003900,Жесткий диск WD Purple 2TБ,,ce412305-0a38-11f0-b80e-005056bde474,false,false
Номенклатура — current,raw.r1c_nomenclature_current,211c279a-35ce-11ea-9522-30f7727a492e,00-00002367,Жесткий диск WD Purple 2TЪ,,211c2790-35ce-11ea-9522-30f7727a492e,false,false
Номенклатура — current,raw.r1c_nomenclature_current,d3db45b9-b370-11ee-9c4c-005056893620,00-00010054,Жесткий диск портативный HDD USB3,,9088ee8b-75dc-11e7-af18-30f7727a492e,false,false
Номенклатура — current,raw.r1c_nomenclature_current,2b4f4ff3-e996-11e9-af7d-30f7727a492e,00-00002091,"Жидкие гвозди ""Момент-монтаж"" суперсильный ",,9088eead-75dc-11e7-af18-30f7727a492e,false,false
Номенклатура — current,raw.r1c_nomenclature_current,a98eda19-b33a-11e7-a3e1-94de80168a80,00-00000379,Жидкий ключ 210мл,,9b060c03-71d9-11e7-85a2-d43d7eec442d,false,false
Номенклатура — current,raw.r1c_nomenclature_current,e2a1bef1-876c-11ee-9c4a-005056893620,00-00009814,Жидкий ключСмазка ВАЛЕРА 420мл,,9b060c03-71d9-11e7-85a2-d43d7eec442d,false,false
Номенклатура — current,raw.r1c_nomenclature_current,34f3d98c-876d-11ee-9c4a-005056893620,00-00009815,Жидкий ключСмазка ВАЛЕРА 650 мл,,9b060c03-71d9-11e7-85a2-d43d7eec442d,false,false
Номенклатура — current,raw.r1c_nomenclature_current,29f7ec24-af54-11eb-3192-fa163e0d31f7,БП-00003943,Жидкость ГУР POWER 1л,,b647196a-3d8e-11f1-b821-005056bde474,false,false
Номенклатура — current,raw.r1c_nomenclature_current,f74dc6a7-1fdc-11ea-9522-30f7727a492e,00-00002275,Жидкость ГУР ST-Up 1л,,b647196a-3d8e-11f1-b821-005056bde474,false,false
Номенклатура — current,raw.r1c_nomenclature_current,a873aea3-f0e5-11ee-9c4c-005056893620,00-00010353,Жидкость для АКПП TOTACHI AFT WS  синт,,a9131b63-3d8d-11f1-b821-005056bde474,false,false
Номенклатура — current,raw.r1c_nomenclature_current,6f2f2480-a02a-11f0-b81d-005056bde474,00-00012766,Жидкость для автоматической трансмиссии,,9b060c03-71d9-11e7-85a2-d43d7eec442d,false,false
Номенклатура — current,raw.r1c_nomenclature_current,b647196a-3d8e-11f1-b821-005056bde474,00-00014093,Жидкость для гидроусилителя,,9088ee9f-75dc-11e7-af18-30f7727a492e,true,false
Номенклатура — current,raw.r1c_nomenclature_current,2200c1fa-dc06-11e8-af56-30f7727a492e,00-00001315,Жидкость для гидроусилителя 1л,,b647196a-3d8e-11f1-b821-005056bde474,false,false
Номенклатура — current,raw.r1c_nomenclature_current,842a8ae5-7618-11e7-af18-30f7727a492e,00-00000070,Жидкость для гидроусилителя руля 325 мм,,b647196a-3d8e-11f1-b821-005056bde474,false,false
Номенклатура — current,raw.r1c_nomenclature_current,154d077d-7ac1-11e7-af19-30f7727a492e,00-00000145,Жидкость для раскоксовки двигателя 330 мл,,59a6c034-3d8e-11f1-b821-005056bde474,false,false
Номенклатура — current,raw.r1c_nomenclature_current,fcced749-f3ec-11ed-9c4e-00505689ff45,00-00007981,"Жидкость для розжига 0,5л",,f0e4c260-a130-11e8-af4c-30f7727a492e,false,false
Номенклатура — current,raw.r1c_nomenclature_current,61bb8207-f064-11e7-a3ff-94de80168a80,00-00000616,Жидкость незамерзающая стеклоочистителя,,9d231a58-3d8d-11f1-b821-005056bde474,false,false
Номенклатура — current,raw.r1c_nomenclature_current,f8a8b94e-f697-11f0-b81e-005056bde474,00-00013472,Жидкость омывания стекол -30С (5л),,9d231a58-3d8d-11f1-b821-005056bde474,false,false
Номенклатура — current,raw.r1c_nomenclature_current,9d231a58-3d8d-11f1-b821-005056bde474,00-00014086,Жидкость омывателя,,9088ee9f-75dc-11e7-af18-30f7727a492e,true,false
Номенклатура — current,raw.r1c_nomenclature_current,fe08f667-101e-11ee-9c4e-00505689ff45,00-00008196,Жидкость омывателя ,,9d231a58-3d8d-11f1-b821-005056bde474,false,false
Номенклатура — current,raw.r1c_nomenclature_current,38280693-0ac7-11ef-9c4f-005056893620,00-00010501,Жидкость охлаждающая низкозамерз Sintec Antifreeze Luxe G12+ red 40,,9d231a58-3d8d-11f1-b821-005056bde474,false,false
Номенклатура — current,raw.r1c_nomenclature_current,82253350-1d78-11ea-9522-30f7727a492e,00-00002256,Жидкость стеклоомывателя ,,9d231a58-3d8d-11f1-b821-005056bde474,false,false
Номенклатура — current,raw.r1c_nomenclature_current,54f014f6-a3bf-11ee-9c4c-005056893620,00-00009984,Жидкость стеклоомывателя 30с,,9d231a58-3d8d-11f1-b821-005056bde474,false,false
Номенклатура — current,raw.r1c_nomenclature_current,154d077c-7ac1-11e7-af19-30f7727a492e,00-00000144,Жидкость стеклоомывателя зимняя,,9d231a58-3d8d-11f1-b821-005056bde474,false,false
Номенклатура — current,raw.r1c_nomenclature_current,16d320b2-5aca-11ef-9c59-00505689ff45,00-00010870,Жидкость стеклоомывающая,,9d231a58-3d8d-11f1-b821-005056bde474,false,false
Номенклатура — current,raw.r1c_nomenclature_current,cca312be-e245-11f0-b81e-005056bde474,00-00013273,"Жилет утепленный ""РЕЙНИР"", цвет: зеленый (52-54)",,6b071c1b-6566-11f1-b821-005056bde474,false,false
Номенклатура — current,raw.r1c_nomenclature_current,e71f36f9-e245-11f0-b81e-005056bde474,00-00013274,"Жилет утепленный ""РЕЙНИР"", цвет: красный (44-46)",,6b071c1b-6566-11f1-b821-005056bde474,false,false
Номенклатура — current,raw.r1c_nomenclature_current,0dbed8c8-e246-11f0-b81e-005056bde474,00-00013275,"Жилет утепленный ""РЕЙНИР"", цвет: красный (52-54)",,6b071c1b-6566-11f1-b821-005056bde474,false,false
Номенклатура — current,raw.r1c_nomenclature_current,e8050a3e-e248-11f0-b81e-005056bde474,00-00013288,"Жилет утепленный ""РЕЙНИР"", цвет: т.синий (44-46)",,6b071c1b-6566-11f1-b821-005056bde474,false,false
Номенклатура — current,raw.r1c_nomenclature_current,05c6f814-e249-11f0-b81e-005056bde474,00-00013289,"Жилет утепленный ""РЕЙНИР"", цвет: т.синий (48-50)",,6b071c1b-6566-11f1-b821-005056bde474,false,false
Номенклатура — current,raw.r1c_nomenclature_current,6b071c1b-6566-11f1-b821-005056bde474,00-00014497,Жилеты,,9088eea8-75dc-11e7-af18-30f7727a492e,true,false
Номенклатура — current,raw.r1c_nomenclature_current,ccb62ad0-f524-11eb-9c3a-00505689ff45,АК-00003505,Жукоед Инсектицид,,f9d67774-531d-11f0-b811-005056bde474,false,false
Номенклатура — current,raw.r1c_nomenclature_current,949224d6-b4e6-11ed-9c4d-00505689ff45,00-00007640,Журнал по технике безопасности,,9088ee8b-75dc-11e7-af18-30f7727a492e,false,false
Номенклатура — current,raw.r1c_nomenclature_current,e2a74fa8-bde1-11eb-b480-fa163e0d31f7,БП-00003986,Журнал предрейсового медосмотра,,9088ee8b-75dc-11e7-af18-30f7727a492e,false,false
Номенклатура — current,raw.r1c_nomenclature_current,86732eb5-4a3c-11e9-af68-30f7727a492e,00-00001479,Журнал приема сдачи,,9088ee8b-75dc-11e7-af18-30f7727a492e,false,false
Номенклатура — current,raw.r1c_nomenclature_current,ef938ee3-7e75-11ee-9c4a-005056893620,00-00009755,Журнал проверок осуществления воинского учета,,9088ee8b-75dc-11e7-af18-30f7727a492e,false,false
Номенклатура — current,raw.r1c_nomenclature_current,f4a4cc3e-b4e7-11ed-9c4d-00505689ff45,00-00007642,Журнал регистрации вводного инструктажа по пожарной безопасности,,9088ee8b-75dc-11e7-af18-30f7727a492e,false,false
Номенклатура — current,raw.r1c_nomenclature_current,6e405796-56dc-11ee-9c4e-00505689ff45,00-00009529,Журнал регистрации выдачи направлений на мед.осмотр,,9088ee8b-75dc-11e7-af18-30f7727a492e,false,false
Номенклатура — current,raw.r1c_nomenclature_current,be4272d1-5b0b-11ee-9c4f-00505689ff45,00-00009555,Журнал регистрации инструктажа на рабочем месте,,9088ee8b-75dc-11e7-af18-30f7727a492e,false,false
Номенклатура — current,raw.r1c_nomenclature_current,ade5823d-56da-11ee-9c4e-00505689ff45,00-00009528,Журнал регистрации инструментов на рабочем месте,,9088ee8b-75dc-11e7-af18-30f7727a492e,false,false
Номенклатура — current,raw.r1c_nomenclature_current,26f7b357-56dd-11ee-9c4e-00505689ff45,00-00009531,Журнал регистрации стажировки на рабочем месте,,9088ee8b-75dc-11e7-af18-30f7727a492e,false,false
Номенклатура — current,raw.r1c_nomenclature_current,e9078dd3-5b0b-11ee-9c4f-00505689ff45,00-00009556,Журнал учета,,9088ee8b-75dc-11e7-af18-30f7727a492e,false,false
Номенклатура — current,raw.r1c_nomenclature_current,b4aa529f-6390-11ee-9c50-00505689ff45,00-00009616,Журнал учета МЦ в разрезе помещений и передач мо лицу,,9088ee8b-75dc-11e7-af18-30f7727a492e,false,false
Номенклатура — current,raw.r1c_nomenclature_current,95daee2a-66b2-11ee-9c50-00505689ff45,00-00009647,Журнал учета внеплан.инструктажа по технике безопасности,,9088ee8b-75dc-11e7-af18-30f7727a492e,false,false
Номенклатура — current,raw.r1c_nomenclature_current,0e61aa9a-57aa-11ee-9c4e-00505689ff45,00-00009541,Журнал учета выдачи направлений,,9088ee8b-75dc-11e7-af18-30f7727a492e,false,false
Номенклатура — current,raw.r1c_nomenclature_current,f5d95962-56dc-11ee-9c4e-00505689ff45,00-00009530,Журнал учета инструкций по охране труда,,9088ee8b-75dc-11e7-af18-30f7727a492e,false,false
Номенклатура — current,raw.r1c_nomenclature_current,8b709862-b0df-11f0-b81e-005056bde474,00-00012894,Журнал учета карточек граждан,,9088ee8b-75dc-11e7-af18-30f7727a492e,false,false
Номенклатура — current,raw.r1c_nomenclature_current,4c1752a7-66b2-11ee-9c50-00505689ff45,00-00009646,Журнал учета огнетушителей,,9088ee8b-75dc-11e7-af18-30f7727a492e,false,false
Номенклатура — current,raw.r1c_nomenclature_current,8a3c0180-56dd-11ee-9c4e-00505689ff45,00-00009532,Журнал учета присвоения группы по электробезопасности,,9088ee8b-75dc-11e7-af18-30f7727a492e,false,false
Номенклатура — current,raw.r1c_nomenclature_current,248353e1-63c0-11f0-b811-005056bde474,00-00012532,Журнал учета противопожарных инструктажей,,9088ee8b-75dc-11e7-af18-30f7727a492e,false,false
Номенклатура — current,raw.r1c_nomenclature_current,5f0eb2d5-b4e7-11ed-9c4d-00505689ff45,00-00007641,Журнал учета путевых листов,,9088ee8b-75dc-11e7-af18-30f7727a492e,false,false
Номенклатура — current,raw.r1c_nomenclature_current,b561a4a4-094b-11f0-b80e-005056bde474,00-00011789,ЗАПЧАСТИ И МАТЕРИАЛЫ ДЛЯ РЕМОНТОВ,,00000000-0000-0000-0000-000000000000,true,false
Номенклатура — current,raw.r1c_nomenclature_current,8f1c4503-42b1-11ef-9c59-00505689ff45,00-00010703,ЗАСЛОНКА ЛЕМЕХА СПРАВА (ИД: 001.00247),,9b060c03-71d9-11e7-85a2-d43d7eec442d,false,false
Номенклатура — current,raw.r1c_nomenclature_current,66ed04f9-c2a9-11ef-9c5f-00505689ff45,00-00011517,ЗВЕЗДОЧКА 1X5/8-Z18,,9b060c03-71d9-11e7-85a2-d43d7eec442d,false,false
Номенклатура — current,raw.r1c_nomenclature_current,851ab62b-1ddc-11e8-af31-30f7727a492e,00-00000686,ЗКК 30*35*46,,9b060c03-71d9-11e7-85a2-d43d7eec442d,false,false
Номенклатура — current,raw.r1c_nomenclature_current,f11db285-98d4-11ea-952a-30f7727a492e,00-00002679,"ЗУБР Съемник раздвижной 2-захватный, 100мм, Профессионал 43310-115-100",,9b060c03-71d9-11e7-85a2-d43d7eec442d,false,false
Номенклатура — current,raw.r1c_nomenclature_current,31faaca8-08be-11f1-b81f-005056bde474,00-00013704,Забивной анкер М10,,6dd20a6a-51c7-11f0-b811-005056bde474,false,false
Номенклатура — current,raw.r1c_nomenclature_current,6851d85c-b28d-11e9-af76-30f7727a492e,00-00001786,Заглушка (Шоколад),,9b060c03-71d9-11e7-85a2-d43d7eec442d,false,false
Номенклатура — current,raw.r1c_nomenclature_current,a8ef5916-f3df-11ed-9c4e-00505689ff45,00-00007975,Заглушка 1/2,,9088eead-75dc-11e7-af18-30f7727a492e,false,false
Номенклатура — current,raw.r1c_nomenclature_current,3d53586b-a5e7-11ec-9c42-00505689c8d9,00-00006341,Заглушка 76,,9088eead-75dc-11e7-af18-30f7727a492e,false,false
Номенклатура — current,raw.r1c_nomenclature_current,836e7233-3289-11ed-9c43-cb6d75bb653b,00-00007149,Заглушка 99М7016,,9088eead-75dc-11e7-af18-30f7727a492e,false,false
Номенклатура — current,raw.r1c_nomenclature_current,69355aa9-3289-11ed-9c43-cb6d75bb653b,00-00007148,Заглушка 99М7057,,9088eead-75dc-11e7-af18-30f7727a492e,false,false
Номенклатура — current,raw.r1c_nomenclature_current,29c41a5c-5b7b-11ee-9c4f-00505689ff45,00-00009577,Заглушка D110,,9088eead-75dc-11e7-af18-30f7727a492e,false,false
Номенклатура — current,raw.r1c_nomenclature_current,d911860a-2ba3-11ec-b9a9-00505689914b,АК-00005487,Заглушка LUX Пломбир УТ000004962,,9b060c03-71d9-11e7-85a2-d43d7eec442d,false,false
Номенклатура — current,raw.r1c_nomenclature_current,442058d8-9040-11ef-9c5e-00505689ff45,00-00011303,Заглушка PPR 32 PN25,,9088eead-75dc-11e7-af18-30f7727a492e,false,false
Номенклатура — current,raw.r1c_nomenclature_current,b84b588d-84fc-11f1-b824-005056bde474,00-00014635,Заглушка ПВХ 110,,5221e7b6-0a39-11f0-b80e-005056bde474,false,false
Номенклатура — current,raw.r1c_nomenclature_current,95d22948-f707-11f0-b81e-005056bde474,00-00013547,Заглушка ПНД 50,,ef51bf95-3d8a-11f1-b821-005056bde474,false,false
Номенклатура — current,raw.r1c_nomenclature_current,66444c93-b7b6-11ef-9c5e-00505689ff45,00-00011462,Заглушка ПНД 63,,9088eead-75dc-11e7-af18-30f7727a492e,false,false
Номенклатура — current,raw.r1c_nomenclature_current,1a40c964-9237-11ec-9c42-00505689c8d9,00-00006201,Заглушка ПП50,,9088eead-75dc-11e7-af18-30f7727a492e,false,false
Номенклатура — current,raw.r1c_nomenclature_current,ea963c7d-bc14-11ec-9c42-00505689c8d9,00-00006452,Заглушка бампера 3302,,9b060c03-71d9-11e7-85a2-d43d7eec442d,false,false
Номенклатура — current,raw.r1c_nomenclature_current,cb4bdb24-a01f-11eb-c683-fa163e0d31f7,БП-00003874,Заглушка для ПНД трубки ,,9088eead-75dc-11e7-af18-30f7727a492e,false,false
Номенклатура — current,raw.r1c_nomenclature_current,e18b54a3-42b5-11ef-9c59-00505689ff45,00-00010717,Заглушка для бака,,9088eead-75dc-11e7-af18-30f7727a492e,false,false
Номенклатура — current,raw.r1c_nomenclature_current,33f0f2f1-5d35-11ee-9c4f-00505689ff45,00-00009592,Заглушка для капельной ленты с кольцом,,3d287ad3-5d34-11ee-9c4f-00505689ff45,false,false
Номенклатура — current,raw.r1c_nomenclature_current,85f26e9e-8333-11ec-9c41-00505689c8d9,00-00006072,Заглушка для коллектора пп25,,9088eead-75dc-11e7-af18-30f7727a492e,false,false
Номенклатура — current,raw.r1c_nomenclature_current,bfcb4ef3-9160-11ec-9c42-00505689c8d9,00-00006174,Заглушка желоба ПВХ,,9088eead-75dc-11e7-af18-30f7727a492e,false,false
Номенклатура — current,raw.r1c_nomenclature_current,0ad48d44-3072-11ed-9c43-cb6d75bb653b,00-00007133,"Заглушка желоба универсальная,белый 10659",,9088eead-75dc-11e7-af18-30f7727a492e,false,false
Номенклатура — current,raw.r1c_nomenclature_current,42db4bbc-f0e3-11ee-9c4c-005056893620,00-00010347,Заглушка к плинтусу ПВХ,,9088eead-75dc-11e7-af18-30f7727a492e,false,false
Номенклатура — current,raw.r1c_nomenclature_current,035684e8-08c0-11f1-b81f-005056bde474,00-00013727,Заглушка ник. 25 НР,,6dd20a6a-51c7-11f0-b811-005056bde474,false,false
Номенклатура — current,raw.r1c_nomenclature_current,24633e0a-5656-11eb-1f84-fa163e0d31f7,БП-00003579,Заглушка никелированная,,9be0daf4-2e34-11eb-288c-fa163e0d31f7,false,false
Номенклатура — current,raw.r1c_nomenclature_current,8666469d-3377-11ea-9522-30f7727a492e,00-00002345,Заглушка никелированная 32ВР,,9088eead-75dc-11e7-af18-30f7727a492e,false,false
Номенклатура — current,raw.r1c_nomenclature_current,795ce669-84f6-11f1-b824-005056bde474,00-00014612,Заглушка пласт 32,,05c8a850-3d8b-11f1-b821-005056bde474,false,false
Номенклатура — current,raw.r1c_nomenclature_current,b431295f-f709-11f0-b81e-005056bde474,00-00013551,Заглушка пласт. 32,,ef51bf95-3d8a-11f1-b821-005056bde474,false,false
Номенклатура — current,raw.r1c_nomenclature_current,0cfb520e-f3f2-11ed-9c4e-00505689ff45,00-00007990,Заглушка пластиковая Д-20,,9088eead-75dc-11e7-af18-30f7727a492e,false,false
Номенклатура — current,raw.r1c_nomenclature_current,b17e64c6-a692-11ec-9c42-00505689c8d9,00-00006372,Заглушка пластиковая Д-40,,9088eead-75dc-11e7-af18-30f7727a492e,false,false
Номенклатура — current,raw.r1c_nomenclature_current,202fd19e-ad97-11ea-d488-fa163ee5d2f9,БП-00002778,"Заглушка с вентелем 6""",,de1714af-8a12-11e7-af1d-30f7727a492e,false,false
Номенклатура — current,raw.r1c_nomenclature_current,be8cfe34-ad97-11ea-d488-fa163ee5d2f9,БП-00002782,"Заглушка с концевая 6""",,9b060c03-71d9-11e7-85a2-d43d7eec442d,false,false
Номенклатура — current,raw.r1c_nomenclature_current,f875d8d3-d290-11ec-9c42-00505689c8d9,00-00006519,"Заглушка с концевая 8""",,9b060c03-71d9-11e7-85a2-d43d7eec442d,false,false
Номенклатура — current,raw.r1c_nomenclature_current,3feb72f8-2aa5-11ec-b9a9-00505689914b,АК-00005428,"Загрузочный транспортер Р-500/120 для WK-12 с увеличенной высотой подачи для упаковки ""домик""",,9b060cbb-71d9-11e7-85a2-d43d7eec442d,false,false
Номенклатура — current,raw.r1c_nomenclature_current,db214872-a622-11ec-9c42-00505689c8d9,00-00006363,Задвижка ,,9088eead-75dc-11e7-af18-30f7727a492e,false,false
Номенклатура — current,raw.r1c_nomenclature_current,e686d748-18d5-11ef-9c4f-005056893620,00-00010576,Задвижка накладная ЗТ-4,,9088eead-75dc-11e7-af18-30f7727a492e,false,false
Номенклатура — current,raw.r1c_nomenclature_current,625195f5-1fb6-11ec-9c3a-00505689ff45,АК-00005269,Задвижка накладная ЗТ-85,,9088eead-75dc-11e7-af18-30f7727a492e,false,false
Номенклатура — current,raw.r1c_nomenclature_current,4c6e4adf-283f-11ed-9c43-cb6d75bb653b,00-00007093,Задвижка под навесной замок,,9088eead-75dc-11e7-af18-30f7727a492e,false,false
Номенклатура — current,raw.r1c_nomenclature_current,f387f450-265a-11ee-9c4e-00505689ff45,00-00008367,Зажигалка,,f0e4c260-a130-11e8-af4c-30f7727a492e,false,false
Номенклатура — current,raw.r1c_nomenclature_current,433b5555-a620-11ec-9c42-00505689c8d9,00-00006360,Зажим ,,9088eead-75dc-11e7-af18-30f7727a492e,false,false
Номенклатура — current,raw.r1c_nomenclature_current,1c6f9c65-6b0d-11ed-9c4d-00505689c8d9,00-00007403,Зажим 5 мм,,f0e4c260-a130-11e8-af4c-30f7727a492e,false,false
Номенклатура — current,raw.r1c_nomenclature_current,ef7b790e-f7d6-11ec-9c42-89a3dcc9992a,00-00006722,Зажим анкер 3АБ 16-25М,,9b060c03-71d9-11e7-85a2-d43d7eec442d,false,false
Номенклатура — current,raw.r1c_nomenclature_current,3d907420-101c-11ee-9c4e-00505689ff45,00-00008194,Зажим анкер 3АБ 16-35 М (РА25х100),,9adc9f2a-3d8a-11f1-b821-005056bde474,false,false
Номенклатура — current,raw.r1c_nomenclature_current,e241f7a4-ad73-11ea-d488-fa163ee5d2f9,БП-00002756,Зажим анкер DN 123 (ф6-10-16-25-35),,9b060c03-71d9-11e7-85a2-d43d7eec442d,false,false
Номенклатура — current,raw.r1c_nomenclature_current,60e52dc3-83b5-11ee-9c4a-005056893620,00-00009772,Зажим анкер ИЭК ЗАБ 16-35 М (РА25х100),,9adc9f2a-3d8a-11f1-b821-005056bde474,false,false
Номенклатура — current,raw.r1c_nomenclature_current,30636d33-87d6-11ee-9c4a-005056893620,00-00009858,Зажим анкер РА 2/25S (2х16/2х25),,9adc9f2a-3d8a-11f1-b821-005056bde474,false,false
Номенклатура — current,raw.r1c_nomenclature_current,e6c3b045-6478-11ef-9c5c-00505689ff45,00-00010933,Зажим анкерный ЗАБ 16-25 (РА25*100) ИЕК,,9adc9f2a-3d8a-11f1-b821-005056bde474,false,false
Номенклатура — current,raw.r1c_nomenclature_current,42ab9fb1-19e7-11f0-b80e-005056bde474,00-00011953,Зажим анкерный ЗАБ 16-35М,,9adc9f2a-3d8a-11f1-b821-005056bde474,false,false
Номенклатура — current,raw.r1c_nomenclature_current,6a8ee763-0c2e-11f1-b81f-005056bde474,00-00013761,Зажим анкерный ЗАН 16-35/1000 (PA 1000) ИЭК,,9adc9f2a-3d8a-11f1-b821-005056bde474,false,false
Номенклатура — current,raw.r1c_nomenclature_current,754719ec-4fab-11ed-9c43-cb6d75bb653b,00-00007313,Зажим анкерный РА 2000Р ВК,,9adc9f2a-3d8a-11f1-b821-005056bde474,false,false
Номенклатура — current,raw.r1c_nomenclature_current,d89857b5-97a0-11f0-b818-005056bde474,00-00012755,Зажим анкерный для проводов DN 123 (SO 25; РА 25х100),,9adc9f2a-3d8a-11f1-b821-005056bde474,false,false
Номенклатура — current,raw.r1c_nomenclature_current,0d22ee34-f6f5-11f0-b81e-005056bde474,00-00013503,Зажим анкерный клиновой PA25х100 2-4x16-35кв.мм,,9adc9f2a-3d8a-11f1-b821-005056bde474,false,false
Номенклатура — current,raw.r1c_nomenclature_current,fed7e866-68e8-11ee-9c50-00505689ff45,00-00009682,Зажим герметичный ответвительный Р616,,9adc9f2a-3d8a-11f1-b821-005056bde474,false,false
Номенклатура — current,raw.r1c_nomenclature_current,e0729fe1-68e8-11ee-9c50-00505689ff45,00-00009681,Зажим герметичный ответвительный Р645,,9adc9f2a-3d8a-11f1-b821-005056bde474,false,false
Номенклатура — current,raw.r1c_nomenclature_current,984cb0de-e7ad-11ea-3497-fa163ee5d2f9,БП-00002980,Зажим для бумаг 15 мм,,9088ee8b-75dc-11e7-af18-30f7727a492e,false,false
Номенклатура — current,raw.r1c_nomenclature_current,78f04c06-e7b1-11ea-3497-fa163ee5d2f9,БП-00002995,Зажим для бумаг 25 мм,,9088ee8b-75dc-11e7-af18-30f7727a492e,false,false
Номенклатура — current,raw.r1c_nomenclature_current,44d1d808-5b68-11f1-b821-005056bde474,00-00014469,Зажим для бумаг 32 мм 12шт/упак,,9088ee8b-75dc-11e7-af18-30f7727a492e,false,false
Номенклатура — current,raw.r1c_nomenclature_current,4d28f6b7-849e-11ef-9c5d-00505689ff45,00-00011230,Зажим для бумаг 32 мм 24шт/упак,,9088ee8b-75dc-11e7-af18-30f7727a492e,false,false
Номенклатура — current,raw.r1c_nomenclature_current,5e85b358-5b68-11f1-b821-005056bde474,00-00014470,Зажим для бумаг 41 мм 12шт/упак,,9088ee8b-75dc-11e7-af18-30f7727a492e,false,false
Номенклатура — current,raw.r1c_nomenclature_current,49304e3c-849f-11ef-9c5d-00505689ff45,00-00011234,Зажим для бумаг 41 мм 24шт/упак,,9088ee8b-75dc-11e7-af18-30f7727a492e,false,false
Номенклатура — current,raw.r1c_nomenclature_current,d6f08a4a-849f-11ef-9c5d-00505689ff45,00-00011236,Зажим для бумаг 51 мм 12шт/упак,,9088ee8b-75dc-11e7-af18-30f7727a492e,false,false
Номенклатура — current,raw.r1c_nomenclature_current,921c8830-17ce-11ed-9c43-cb6d75bb653b,00-00006872,"Зажим для канатов DIN 741 М12 2шт,7-0010330",,f0e4c260-a130-11e8-af4c-30f7727a492e,false,false
Номенклатура — current,raw.r1c_nomenclature_current,29c17124-ef2b-11f0-b81e-005056bde474,00-00013361,Зажим монтажный лягушка,,05b398ee-0a39-11f0-b80e-005056bde474,false,false
Номенклатура — current,raw.r1c_nomenclature_current,64919eae-6b5b-11ed-9c4d-00505689c8d9,00-00007440,Зажим наборный ЗНИ-10мм ,,9adc9f2a-3d8a-11f1-b821-005056bde474,false,false
Номенклатура — current,raw.r1c_nomenclature_current,0d58e548-5a11-11ef-9c59-00505689ff45,00-00010834,"Зажим наборный ЗНИ-2,5мм 2 (JXB24A) серый ИЭК (упак 50шт)",,9adc9f2a-3d8a-11f1-b821-005056bde474,false,false
Номенклатура — current,raw.r1c_nomenclature_current,770d0b7c-c4f3-11ee-9c4c-005056893620,00-00010110,Зажим наборный ЗНИ-4мм ,,9adc9f2a-3d8a-11f1-b821-005056bde474,false,false
Номенклатура — current,raw.r1c_nomenclature_current,22ea0335-e53f-11ee-9c4c-005056893620,00-00010306,Зажим наборный ЗНИ-70мм 2 серый ИЭК (упак 8шт),,9adc9f2a-3d8a-11f1-b821-005056bde474,false,false
Номенклатура — current,raw.r1c_nomenclature_current,444df7cc-f7d7-11ec-9c42-89a3dcc9992a,00-00006723,"Зажим ответв.ЗОИ 16-70/1,5-10 ИЭК",,9b060c03-71d9-11e7-85a2-d43d7eec442d,false,false
Номенклатура — current,raw.r1c_nomenclature_current,fb08a2ce-ad73-11ea-d488-fa163ee5d2f9,БП-00002757,"Зажим ответв.ЗОИ 16-95/2,5-35",,9adc9f2a-3d8a-11f1-b821-005056bde474,false,false
Номенклатура — current,raw.r1c_nomenclature_current,533b5fa9-1ed7-11ed-9c43-cb6d75bb653b,00-00006976,Зажим ответв.ЗОИ 35-150/35-150 ИЭК,,9adc9f2a-3d8a-11f1-b821-005056bde474,false,false
Номенклатура — current,raw.r1c_nomenclature_current,f9bde064-a735-11ef-9c5e-00505689ff45,00-00011372,Зажим ответвительный ,,9088eead-75dc-11e7-af18-30f7727a492e,false,false
Номенклатура — current,raw.r1c_nomenclature_current,7b6c8495-0c2e-11f1-b81f-005056bde474,00-00013762,Зажим ответвительный P 4 NILED 10900341,,9adc9f2a-3d8a-11f1-b821-005056bde474,false,false
Номенклатура — current,raw.r1c_nomenclature_current,870a2265-101c-11ee-9c4e-00505689ff45,00-00008195,Зажим ответвительный Р 4 NILED 10900341,,9adc9f2a-3d8a-11f1-b821-005056bde474,false,false
Номенклатура — current,raw.r1c_nomenclature_current,39db6599-22c2-11ed-9c43-cb6d75bb653b,00-00007000,Зажим ответвительный Р645,,9adc9f2a-3d8a-11f1-b821-005056bde474,false,false
Номенклатура — current,raw.r1c_nomenclature_current,3bd9a6a9-41c1-11ee-9c4e-00505689ff45,00-00009235,Зажим ответительный изолированный ЗОИ 16-95/2 5-35 ИЭК,,9adc9f2a-3d8a-11f1-b821-005056bde474,false,false
Номенклатура — current,raw.r1c_nomenclature_current,0f72444a-4fac-11ed-9c43-cb6d75bb653b,00-00007315,Зажим ответительный изолированный ЗОИ 25-95/25-95 ИЭК,,9adc9f2a-3d8a-11f1-b821-005056bde474,false,false
Номенклатура — current,raw.r1c_nomenclature_current,d2aed04b-038c-11ea-951d-30f7727a492e,00-00002165,Зажим промеж.ЗПН 1500,,9adc9f2a-3d8a-11f1-b821-005056bde474,false,false
Номенклатура — current,raw.r1c_nomenclature_current,26ee8389-19e7-11f0-b80e-005056bde474,00-00011952,Зажим промежуточный PS435,,9adc9f2a-3d8a-11f1-b821-005056bde474,false,false
Номенклатура — current,raw.r1c_nomenclature_current,80b3d49a-3329-11f1-b81f-005056bde474,00-00014016,Зажим троса,,5221e7b6-0a39-11f0-b80e-005056bde474,false,false
Номенклатура — current,raw.r1c_nomenclature_current,87431a12-cdb2-11eb-bd90-fa163e0d31f7,БП-00004152,"Зажим троса ""слоник"" М3 ",,f0e4c260-a130-11e8-af4c-30f7727a492e,false,false
Номенклатура — current,raw.r1c_nomenclature_current,37e90a5b-1544-11f0-b80e-005056bde474,00-00011940,Заказ документов,,9b060c58-71d9-11e7-85a2-d43d7eec442d,false,false
Номенклатура — current,raw.r1c_nomenclature_current,347b3806-7f6c-11ec-9c41-00505689c8d9,00-00006042,Закладки клейкиие пласт 5 цветов 12ммх45,,9088ee8b-75dc-11e7-af18-30f7727a492e,false,false
Номенклатура — current,raw.r1c_nomenclature_current,64b55a5c-4640-11ee-9c4e-00505689ff45,00-00009401,Заклепка  DIN 661 5х20-St,,9b060c03-71d9-11e7-85a2-d43d7eec442d,false,false
Номенклатура — current,raw.r1c_nomenclature_current,42d27a89-4640-11ee-9c4e-00505689ff45,00-00009400,Заклепка  DIN 661 5х24-St,,9b060c03-71d9-11e7-85a2-d43d7eec442d,false,false
Номенклатура — current,raw.r1c_nomenclature_current,538c047b-4641-11ee-9c4e-00505689ff45,00-00009403,Заклепка  DIN 661 5х27-St,,9b060c03-71d9-11e7-85a2-d43d7eec442d,false,false
Номенклатура — current,raw.r1c_nomenclature_current,d5249cb7-19fb-11f0-b80e-005056bde474,00-00011965,"Заклепка 4,0x6",,474861c4-0a39-11f0-b80e-005056bde474,false,false
Номенклатура — current,raw.r1c_nomenclature_current,16fed28f-5f80-11ef-9c5c-00505689ff45,00-00010904,"Заклепка 4,8*8 алюм/ст",,f0e4c260-a130-11e8-af4c-30f7727a492e,false,false
Номенклатура — current,raw.r1c_nomenclature_current,eb98ad17-19fb-11f0-b80e-005056bde474,00-00011966,"Заклепка 4,8x12",,474861c4-0a39-11f0-b80e-005056bde474,false,false
Номенклатура — current,raw.r1c_nomenclature_current,a70c0f19-c5e4-11ee-9c4c-005056893620,00-00010155,Заклепка вытяжная  алюминий сталь 4*10 1000 шт,,9b060c02-71d9-11e7-85a2-d43d7eec442d,false,false
Номенклатура — current,raw.r1c_nomenclature_current,40f3d029-21fb-11ed-9c43-cb6d75bb653b,00-00006994,Заклепка вытяжная DIN7337 алюминий сталь 4*16 ,,9b060c03-71d9-11e7-85a2-d43d7eec442d,false,false
Номенклатура — current,raw.r1c_nomenclature_current,10025212-eb3c-11e9-af7d-30f7727a492e,00-00002117,Заклепка отожженная 6х14,,9b060c03-71d9-11e7-85a2-d43d7eec442d,false,false
Номенклатура — current,raw.r1c_nomenclature_current,b5060a58-5b77-11ee-9c4f-00505689ff45,00-00009574,Заклепка под молоток. Алюминий 3х10мм,,f0e4c260-a130-11e8-af4c-30f7727a492e,false,false
Номенклатура — current,raw.r1c_nomenclature_current,c198b06c-d1e6-11f0-b81e-005056bde474,00-00013048,Заклепка стальная,,45c9e202-0a37-11f0-b80e-005056bde474,false,false
Номенклатура — current,raw.r1c_nomenclature_current,f2cb32b9-0c28-11ec-9c3a-00505689ff45,АК-00004871,Заклепки,,f7164898-2ffe-11eb-af80-fa163e0d31f7,false,false
Номенклатура — current,raw.r1c_nomenclature_current,afdad5a6-80a5-11ec-9c41-00505689c8d9,00-00006048,"Заклепки 4,8х14",,f7164898-2ffe-11eb-af80-fa163e0d31f7,false,false
Номенклатура — current,raw.r1c_nomenclature_current,5da99d3f-4291-11f0-b80f-005056bde474,00-00012427,"Заклепки 4,8х16 500шт.",,e857fb59-7295-11f0-b814-005056bde474,false,false
Номенклатура — current,raw.r1c_nomenclature_current,05db10fc-f634-11ec-9c42-89a3dcc9992a,00-00006707,"Заклепки 4,8х8 мм  50шт",,9088eead-75dc-11e7-af18-30f7727a492e,false,false
Номенклатура — current,raw.r1c_nomenclature_current,9fea17d9-0c2b-11ec-9c3a-00505689ff45,АК-00004883,Заклепочник,,f7164898-2ffe-11eb-af80-fa163e0d31f7,false,false
Номенклатура — current,raw.r1c_nomenclature_current,a05fa112-0aa8-11ea-a46e-94de80168a80,00-00002196,Заклюпочник,,05b398ee-0a39-11f0-b80e-005056bde474,false,false
Номенклатура — current,raw.r1c_nomenclature_current,94cb03c1-326f-11f1-b81f-005056bde474,00-00013956,"Заклёпки вытяжные алюминий-сталь 4,8x16 100 шт BOWT ",,e857fb59-7295-11f0-b814-005056bde474,false,false
Номенклатура — current,raw.r1c_nomenclature_current,ab6bb4b8-326f-11f1-b81f-005056bde474,00-00013957,"Заклёпки вытяжные алюминий-сталь 4,8x6 100 шт BOWT",,e857fb59-7295-11f0-b814-005056bde474,false,false
Номенклатура — current,raw.r1c_nomenclature_current,bfff5ced-326f-11f1-b81f-005056bde474,00-00013958,"Заклёпки вытяжные алюминий-сталь 4,8x8 100 шт BOWT ",,e857fb59-7295-11f0-b814-005056bde474,false,false
Номенклатура — current,raw.r1c_nomenclature_current,78e522a4-29d4-11ec-b9a9-00505689914b,АК-00005418,Залежь 2021,,52c3cca5-0968-11f0-b80e-005056bde474,false,false
Номенклатура — current,raw.r1c_nomenclature_current,ed5d39f3-0db5-11ed-9c43-00505689c8d9,00-00006828,Залежь 2022,,52c3cca5-0968-11f0-b80e-005056bde474,false,false
Номенклатура — current,raw.r1c_nomenclature_current,b2acef0d-516b-11ed-9c43-cb6d75bb653b,00-00007349,Залежь 2022_товар,,52c3cca5-0968-11f0-b80e-005056bde474,false,false
Номенклатура — current,raw.r1c_nomenclature_current,6e1ea160-1c8c-11ee-9c4e-00505689ff45,00-00008325,Залежь 2023_,,52c3cca5-0968-11f0-b80e-005056bde474,false,false
Номенклатура — current,raw.r1c_nomenclature_current,581e1450-e135-11ee-9c4c-005056893620,00-00010276,Залежь 2024_товар,,52c3cca5-0968-11f0-b80e-005056bde474,false,false
Номенклатура — current,raw.r1c_nomenclature_current,e3037b92-8448-11ec-9c41-00505689c8d9,00-00006081,Залежь с октября 2021,,52c3cca5-0968-11f0-b80e-005056bde474,false,false
Номенклатура — current,raw.r1c_nomenclature_current,ccb62ad1-f524-11eb-9c3a-00505689ff45,АК-00003506,Залп Инсектицид,,f9d67774-531d-11f0-b811-005056bde474,false,false
Номенклатура — current,raw.r1c_nomenclature_current,842a8ae6-7618-11e7-af18-30f7727a492e,00-00000071,Замена масла,,3e420178-094c-11f0-b80e-005056bde474,false,false
Номенклатура — current,raw.r1c_nomenclature_current,9b91a201-e22d-11ef-b80c-005056bde474,00-00011628,"Замена ступицы, замена подшипников, замена тормозного диска",,3e420178-094c-11f0-b80e-005056bde474,false,false
Номенклатура — current,raw.r1c_nomenclature_current,256a8c8e-f403-11ed-9c4e-00505689ff45,00-00008008,Заменитель нейтрализатора 3302 дв.УМЗ-4216 Евро-4 УС,,9b060c03-71d9-11e7-85a2-d43d7eec442d,false,false
Номенклатура — current,raw.r1c_nomenclature_current,ccb62ad2-f524-11eb-9c3a-00505689ff45,АК-00003507,Замир Инсектицид,,2eaeac4d-5322-11f0-b811-005056bde474,false,false
Номенклатура — current,raw.r1c_nomenclature_current,f0a7a317-6d47-11ec-9c40-00505689c8d9,АК-00005873,Замки дл цепи Ogniwo wygiete redukcia WZ 08В-1,,9b060c03-71d9-11e7-85a2-d43d7eec442d,false,false
Номенклатура — current,raw.r1c_nomenclature_current,9b060c71-71d9-11e7-85a2-d43d7eec442d,00000055   ,Замок,,9088eead-75dc-11e7-af18-30f7727a492e,false,false
Номенклатура — current,raw.r1c_nomenclature_current,c13b52ae-9043-11ef-9c5e-00505689ff45,00-00011311,Замок  навесной  EXTRA,,f0e4c260-a130-11e8-af4c-30f7727a492e,false,false
Номенклатура — current,raw.r1c_nomenclature_current,9bcd3c8c-bfb2-11eb-c69d-fa163e0d31f7,БП-00004058,Замок  навесной  Полидор 103-60,,f0e4c260-a130-11e8-af4c-30f7727a492e,false,false
Номенклатура — current,raw.r1c_nomenclature_current,d7c91a86-bfac-11eb-c69d-fa163e0d31f7,БП-00004052,Замок  навесной ВС2-26 ЧАЗ,,f0e4c260-a130-11e8-af4c-30f7727a492e,false,false
Номенклатура — current,raw.r1c_nomenclature_current,948c8e98-92b5-11eb-0c80-fa163e0d31f7,БП-00003818,"Замок  навесной, дисковый механизм секрета ВС2М1.37220-1",,f0e4c260-a130-11e8-af4c-30f7727a492e,false,false
Номенклатура — current,raw.r1c_nomenclature_current,450d35f9-a0d2-11ee-9c4c-005056893620,00-00009961,Замок 1-40,,9088eead-75dc-11e7-af18-30f7727a492e,false,false
Номенклатура — current,raw.r1c_nomenclature_current,63cb4e09-a0d2-11ee-9c4c-005056893620,00-00009962,Замок 1-60,,9088eead-75dc-11e7-af18-30f7727a492e,false,false
Номенклатура — current,raw.r1c_nomenclature_current,84f80323-5a02-11ef-9c59-00505689ff45,00-00010786,Замок 20-20/50 (трехгранный ключ) TDM,,9088eead-75dc-11e7-af18-30f7727a492e,false,false
Номенклатура — current,raw.r1c_nomenclature_current,abc247e3-ccae-11ee-9c4c-005056893620,00-00010173,Замок 40 мм,,9088eead-75dc-11e7-af18-30f7727a492e,false,false
Номенклатура — current,raw.r1c_nomenclature_current,d07ece87-ccae-11ee-9c4c-005056893620,00-00010174,Замок 70 мм,,9088eead-75dc-11e7-af18-30f7727a492e,false,false
Номенклатура — current,raw.r1c_nomenclature_current,cf17b5ca-92b4-11eb-0c80-fa163e0d31f7,БП-00003815,"Замок MASTER навесной,всепогодный ",,f0e4c260-a130-11e8-af4c-30f7727a492e,false,false
Номенклатура — current,raw.r1c_nomenclature_current,652d4586-73ff-11ef-9c5d-00505689ff45,00-00011047,Замок Selflex MR04,,f0e4c260-a130-11e8-af4c-30f7727a492e,false,false
Номенклатура — current,raw.r1c_nomenclature_current,5274cee1-73ff-11ef-9c5d-00505689ff45,00-00011046,Замок Selflex MR05,,f0e4c260-a130-11e8-af4c-30f7727a492e,false,false
Номенклатура — current,raw.r1c_nomenclature_current,e9c4110c-d1e6-11f0-b81e-005056bde474,00-00013049,Замок TLG30,,45c9e202-0a37-11f0-b80e-005056bde474,false,false
Номенклатура — current,raw.r1c_nomenclature_current,53dee4b2-7e5e-11ee-9c4a-005056893620,00-00009733,Замок TS40,,f0e4c260-a130-11e8-af4c-30f7727a492e,false,false
Номенклатура — current,raw.r1c_nomenclature_current,3c21f4f4-7e5e-11ee-9c4a-005056893620,00-00009732,Замок TS50,,f0e4c260-a130-11e8-af4c-30f7727a492e,false,false
Номенклатура — current,raw.r1c_nomenclature_current,6a6294b1-e971-11e8-af5a-30f7727a492e,00-00001362,Замок КТУ9*11,,9b060c03-71d9-11e7-85a2-d43d7eec442d,false,false
Номенклатура — current,raw.r1c_nomenclature_current,abf7cc12-39bf-11ea-9523-30f7727a492e,00-00002414,Замок МИ навесной всепогодный 40мм,,f0e4c260-a130-11e8-af4c-30f7727a492e,false,false
Номенклатура — current,raw.r1c_nomenclature_current,4b289db4-92b5-11eb-0c80-fa163e0d31f7,БП-00003817,Замок МСМ навесной ТА2-80 Блистер,,f0e4c260-a130-11e8-af4c-30f7727a492e,false,false
Номенклатура — current,raw.r1c_nomenclature_current,0fe38beb-1a19-11ec-9c3a-00505689ff45,АК-00005071,Замок в цепи,,9b060c03-71d9-11e7-85a2-d43d7eec442d,false,false
Номенклатура — current,raw.r1c_nomenclature_current,38e3fc28-c4e0-11ea-9291-fa163ee5d2f9,БП-00002861,Замок верхний правой двери,,9b060c03-71d9-11e7-85a2-d43d7eec442d,false,false
Номенклатура — current,raw.r1c_nomenclature_current,926a6ec6-3a0b-11eb-dc8d-fa163e0d31f7,БП-00003382,Замок висячий POR-45L,,f0e4c260-a130-11e8-af4c-30f7727a492e,false,false
Номенклатура — current,raw.r1c_nomenclature_current,7023ddeb-70d4-11ec-9c40-00505689c8d9,АК-00005951,Замок врезной ,,f0e4c260-a130-11e8-af4c-30f7727a492e,false,false
Номенклатура — current,raw.r1c_nomenclature_current,7b995e44-92b4-11eb-0c80-fa163e0d31f7,БП-00003814,Замок врезной Т-0523-С-АВ-R 28790,,f0e4c260-a130-11e8-af4c-30f7727a492e,false,false
Номенклатура — current,raw.r1c_nomenclature_current,0f4a0d82-92b5-11eb-0c80-fa163e0d31f7,БП-00003816,Замок врезной ЭВ9-4-2 бриллиант,,f0e4c260-a130-11e8-af4c-30f7727a492e,false,false
Номенклатура — current,raw.r1c_nomenclature_current,cf9d6596-bd91-11eb-bd8e-fa163e0d31f7,БП-00003982,Замок двери левый 80-6105010 УК,,9b060c03-71d9-11e7-85a2-d43d7eec442d,false,false
Номенклатура — current,raw.r1c_nomenclature_current,79793339-733b-11ec-9c40-00505689c8d9,АК-00005968,Замок для двери,,f0e4c260-a130-11e8-af4c-30f7727a492e,false,false
Номенклатура — current,raw.r1c_nomenclature_current,555aa0b4-c4e0-11ea-9291-fa163ee5d2f9,БП-00002862,Замок задней правой двери боковой,,9b060c03-71d9-11e7-85a2-d43d7eec442d,false,false
Номенклатура — current,raw.r1c_nomenclature_current,a5153db1-4b93-11ec-9c40-00505689c8d9,АК-00005632,Замок зажигания ВК 353 КАМАЗ 1202.3704-03,,45c9e202-0a37-11f0-b80e-005056bde474,false,false
Номенклатура — current,raw.r1c_nomenclature_current,1ea96ba0-c4df-11ea-9291-fa163ee5d2f9,БП-00002857,Замок зажигания в сборе,,9b060c03-71d9-11e7-85a2-d43d7eec442d,false,false
Номенклатура — current,raw.r1c_nomenclature_current,10025211-eb3c-11e9-af7d-30f7727a492e,00-00002116,Замок ленты 475 мм,,9b060c03-71d9-11e7-85a2-d43d7eec442d,false,false
Номенклатура — current,raw.r1c_nomenclature_current,5d1fdc88-cb9b-11e8-af53-30f7727a492e,00-00001269,Замок навесной,,f0e4c260-a130-11e8-af4c-30f7727a492e,false,false
Номенклатура — current,raw.r1c_nomenclature_current,8d5ea5fd-5864-11ea-9525-30f7727a492e,00-00002496,Замок навесной  38мм хром/серый,,f0e4c260-a130-11e8-af4c-30f7727a492e,false,false
Номенклатура — current,raw.r1c_nomenclature_current,03a5a904-2029-11ec-9c3a-00505689ff45,АК-00005279,Замок навесной 3Н2-1-01 70мм,,f0e4c260-a130-11e8-af4c-30f7727a492e,false,false
Номенклатура — current,raw.r1c_nomenclature_current,e514a05d-11bb-11ea-9520-30f7727a492e,00-00002222,Замок навесной 3Н2-26 60мм,,f0e4c260-a130-11e8-af4c-30f7727a492e,false,false
Номенклатура — current,raw.r1c_nomenclature_current,abf7cc0c-39bf-11ea-9523-30f7727a492e,00-00002408,Замок навесной 3Н2-М1 60мм,,f0e4c260-a130-11e8-af4c-30f7727a492e,false,false
Номенклатура — current,raw.r1c_nomenclature_current,931819d7-e41e-11ed-9c4e-00505689ff45,00-00007813,Замок навесной УЗК АЛЛЮРИВС1Ч d 5мм 5 ключей,,9088eead-75dc-11e7-af18-30f7727a492e,false,false
Номенклатура — current,raw.r1c_nomenclature_current,87d90746-ec94-11e7-a3ff-94de80168a80,00-00000604,Замок навесной большой,,9088eeaf-75dc-11e7-af18-30f7727a492e,false,false
Номенклатура — current,raw.r1c_nomenclature_current,8b83f098-9d0f-11f0-b81d-005056bde474,00-00012759,Замок накидной 63mm,,f0e4c260-a130-11e8-af4c-30f7727a492e,false,false
Номенклатура — current,raw.r1c_nomenclature_current,8225335c-1d78-11ea-9522-30f7727a492e,00-00002266,Замок накладной,,f0e4c260-a130-11e8-af4c-30f7727a492e,false,false
Номенклатура — current,raw.r1c_nomenclature_current,6cdd6aec-c4df-11ea-9291-fa163ee5d2f9,БП-00002858,Замок нижний  левой двери,,9b060c03-71d9-11e7-85a2-d43d7eec442d,false,false
Номенклатура — current,raw.r1c_nomenclature_current,d3a7e6de-5a03-11ef-9c59-00505689ff45,00-00010789,Замок почтовый 18-20/38 IP31 EKF PROxima,,9088eead-75dc-11e7-af18-30f7727a492e,false,false
Номенклатура — current,raw.r1c_nomenclature_current,b68ab04b-682f-11ee-9c50-00505689ff45,00-00009659,Замок цепи инспекционного стола TS 3012,,9b060c03-71d9-11e7-85a2-d43d7eec442d,false,false
Номенклатура — current,raw.r1c_nomenclature_current,81c7f340-682f-11ee-9c50-00505689ff45,00-00009658,Замок цепи щеточного очистителя,,9b060c03-71d9-11e7-85a2-d43d7eec442d,false,false
Номенклатура — current,raw.r1c_nomenclature_current,6c894b0f-3b42-11ee-9c4e-00505689ff45,00-00008475,Замок шарнирный для шевронной ленты 550,,9b060c03-71d9-11e7-85a2-d43d7eec442d,false,false
Номенклатура — current,raw.r1c_nomenclature_current,375e7bd9-b0ea-11ec-9c42-00505689c8d9,00-00006412,Замок электромагнитный с уголком,,9088eead-75dc-11e7-af18-30f7727a492e,false,false
Номенклатура — current,raw.r1c_nomenclature_current,c28cd540-af3f-11eb-3192-fa163e0d31f7,БП-00003920,Замок-защелка Магикан,,f0e4c260-a130-11e8-af4c-30f7727a492e,false,false
Номенклатура — current,raw.r1c_nomenclature_current,cdb870ec-6157-11eb-9c2d-0050560417d5,00-00002817,Замороженные овощи,,a16cf7b6-6156-11eb-9c2d-0050560417d5,true,false
Номенклатура — current,raw.r1c_nomenclature_current,ccb62ad3-f524-11eb-9c3a-00505689ff45,АК-00003508,Зантара Инсектицид,,2eaeac4d-5322-11f0-b811-005056bde474,false,false
Номенклатура — current,raw.r1c_nomenclature_current,bcd1b390-1963-11ed-9c43-cb6d75bb653b,00-00006962,Запасной фильтр. элемент,,9b060c03-71d9-11e7-85a2-d43d7eec442d,false,false
Номенклатура — current,raw.r1c_nomenclature_current,6851d84f-b28d-11e9-af76-30f7727a492e,00-00001780,Запасной элемент для фильтра RFM 165 G,,9b060c03-71d9-11e7-85a2-d43d7eec442d,false,false
Номенклатура — current,raw.r1c_nomenclature_current,b9d744a7-3ee1-11f1-b821-005056bde474,00-00014098,Запасные части,,378151a1-0a37-11f0-b80e-005056bde474,true,false
Номенклатура — current,raw.r1c_nomenclature_current,5edc1964-cc55-11e8-af53-30f7727a492e,00-00001275,Заплатка для камер,,9b060c03-71d9-11e7-85a2-d43d7eec442d,false,false
Номенклатура — current,raw.r1c_nomenclature_current,c82208c4-e42a-11f0-b81e-005056bde474,00-00013318,Заправочная станция перекачки топлива со счетчиком Petroll cosmic-80 (220 v) 2022,,683c72a5-0a38-11f0-b80e-005056bde474,false,false
Номенклатура — current,raw.r1c_nomenclature_current,f475f3a8-0a36-11f0-b80e-005056bde474,00-00011847,Запчасти для систем видеонаблюдения,,9b060c03-71d9-11e7-85a2-d43d7eec442d,true,false
Номенклатура — current,raw.r1c_nomenclature_current,94c0dfe3-3315-11f1-b81f-005056bde474,00-00014001,Запчасти и расходные материалы,,9b060c03-71d9-11e7-85a2-d43d7eec442d,false,false
Номенклатура — current,raw.r1c_nomenclature_current,9b060c03-71d9-11e7-85a2-d43d7eec442d,00-00000002,Запчасти и расходные материалы,,b561a4a4-094b-11f0-b80e-005056bde474,true,false
Номенклатура — current,raw.r1c_nomenclature_current,d52e5452-0a36-11f0-b80e-005056bde474,00-00011845,Запчасти и расходные материалы для инженерных сетей,,9b060c03-71d9-11e7-85a2-d43d7eec442d,true,false
Номенклатура — current,raw.r1c_nomenclature_current,7aed3420-36f4-11f0-b80e-005056bde474,00-00012359,Запчасти и расходные материалы для поливочных систем,,9b060c03-71d9-11e7-85a2-d43d7eec442d,true,false
Номенклатура — current,raw.r1c_nomenclature_current,cdf73a6c-0a36-11f0-b80e-005056bde474,00-00011844,Запчасти и расходные материалы для производственного оборудования,,9b060c03-71d9-11e7-85a2-d43d7eec442d,true,false
Номенклатура — current,raw.r1c_nomenclature_current,378151a1-0a37-11f0-b80e-005056bde474,00-00011851,Запчасти и расходные материалы для производственного транспорта,,9b060c03-71d9-11e7-85a2-d43d7eec442d,true,false
Номенклатура — current,raw.r1c_nomenclature_current,45c9e202-0a37-11f0-b80e-005056bde474,00-00011852,Запчасти и расходные материалы для сельхозтехники,,9b060c03-71d9-11e7-85a2-d43d7eec442d,true,false
Номенклатура — current,raw.r1c_nomenclature_current,20296b06-0a38-11f0-b80e-005056bde474,00-00011857,Запчасти и расходные материалы для транспортных средств,,9b060c03-71d9-11e7-85a2-d43d7eec442d,true,false
Номенклатура — current,raw.r1c_nomenclature_current,7773d00b-21ec-11f0-b80e-005056bde474,00-00011989,Заросли,,52c3cca5-0968-11f0-b80e-005056bde474,false,false
Номенклатура — current,raw.r1c_nomenclature_current,62c67d9e-f5ce-11f0-b81e-005056bde474,00-00013432,Заросли 2026,,52c3cca5-0968-11f0-b80e-005056bde474,false,false
Номенклатура — current,raw.r1c_nomenclature_current,fb20f990-156b-11e9-af61-30f7727a492e,00-00001439,Зарядное устройство,,e6b715af-0a38-11f0-b80e-005056bde474,false,false
Номенклатура — current,raw.r1c_nomenclature_current,e78e84e8-b4f3-11f0-b81e-005056bde474,00-00012927,Зарядное устройство Epilso EPC-U40,,ccf9f749-7295-11f0-b814-005056bde474,false,false
Номенклатура — current,raw.r1c_nomenclature_current,ea642ee5-2d27-11ee-9c4e-00505689ff45,00-00008385,Заслон,,9b060c03-71d9-11e7-85a2-d43d7eec442d,false,false
Номенклатура — current,raw.r1c_nomenclature_current,c89d9ff1-6b2a-11ed-9c4d-00505689c8d9,00-00007406,Заслонка лемеха слева,,9b060c03-71d9-11e7-85a2-d43d7eec442d,false,false
Номенклатура — current,raw.r1c_nomenclature_current,5af6fb50-4339-11ef-9c59-00505689ff45,00-00010735,Заслонка лемеха слева ИД: 001.00250,,9b060c03-71d9-11e7-85a2-d43d7eec442d,false,false
Номенклатура — current,raw.r1c_nomenclature_current,61abae14-1960-11ed-9c43-cb6d75bb653b,00-00006949,Заслонка лемеха справа ,,9b060c03-71d9-11e7-85a2-d43d7eec442d,false,false
Номенклатура — current,raw.r1c_nomenclature_current,2e74350b-4339-11ef-9c59-00505689ff45,00-00010734,Заслонка лемеха справа ИД: 001.00249,,9b060c03-71d9-11e7-85a2-d43d7eec442d,false,false
Номенклатура — current,raw.r1c_nomenclature_current,3941ecf1-8f0e-11e8-af45-30f7727a492e,00-00000977,Засов,,9088eeaf-75dc-11e7-af18-30f7727a492e,false,false
Номенклатура — current,raw.r1c_nomenclature_current,672bf10a-d973-11eb-6c92-fa163e0d31f7,БП-00004384,Заставочная доска Стандарт производство РБ ,,65439ec8-d96f-11eb-6c92-fa163e0d31f7,false,false
Номенклатура — current,raw.r1c_nomenclature_current,bbaaa04e-6233-11ec-9c40-00505689c8d9,АК-00005823,Затирка Ceresit белый ведро,,9088eead-75dc-11e7-af18-30f7727a492e,false,false
Номенклатура — current,raw.r1c_nomenclature_current,e3f83383-6233-11ec-9c40-00505689c8d9,АК-00005824,Затирка Ceresit белый мрамор ведро,,9088eead-75dc-11e7-af18-30f7727a492e,false,false
Номенклатура — current,raw.r1c_nomenclature_current,889d5fef-6233-11ec-9c40-00505689c8d9,АК-00005822,Затирка Ceresit манхетен ведро,,9088eead-75dc-11e7-af18-30f7727a492e,false,false
Номенклатура — current,raw.r1c_nomenclature_current,a52065d7-a61e-11ec-9c42-00505689c8d9,00-00006357,Затирка №10 манхетен 2кг,,9088eead-75dc-11e7-af18-30f7727a492e,false,false
Номенклатура — current,raw.r1c_nomenclature_current,22480f38-e48b-11eb-0c9a-fa163e0d31f7,БП-00004474,Заточной станок Кратон BG 750/250P 4 02 03 025,,f990038e-0a38-11f0-b80e-005056bde474,false,false
Номенклатура — current,raw.r1c_nomenclature_current,8bcddbdc-7744-11ef-9c5d-00505689ff45,00-00011098,Зачистной диск,,9b060c03-71d9-11e7-85a2-d43d7eec442d,false,false
Номенклатура — current,raw.r1c_nomenclature_current,4b8c36e6-e2be-11ea-4b9d-fa163ee5d2f9,БП-00002955,Защита V33418600,,9b060c03-71d9-11e7-85a2-d43d7eec442d,false,false
Номенклатура — current,raw.r1c_nomenclature_current,618584a2-b2fb-11ef-9c5e-00505689ff45,00-00011450,Защита ИЯВТ ,,9b060c03-71d9-11e7-85a2-d43d7eec442d,false,false
Номенклатура — current,raw.r1c_nomenclature_current,e047afec-9303-11f0-b818-005056bde474,00-00012718,Защита стойки (б/у),,515b983a-72a8-11eb-4886-fa163e0d31f7,false,false
Номенклатура — current,raw.r1c_nomenclature_current,2d784513-4205-11ec-9c41-00505689db63,АК-00005557,Защита стойки А150342697,,9b060c03-71d9-11e7-85a2-d43d7eec442d,false,false
Номенклатура — current,raw.r1c_nomenclature_current,fd964fd7-2b1c-11f0-b80e-005056bde474,00-00012171,Защитн. колпачек гидр. штекера,,45c9e202-0a37-11f0-b80e-005056bde474,false,false
Номенклатура — current,raw.r1c_nomenclature_current,dd6a1e09-e5ac-11e9-af7c-30f7727a492e,00-00002045,Защитная сетка 3х50 м 80грм2 ФУ80,,9088eead-75dc-11e7-af18-30f7727a492e,false,false
Номенклатура — current,raw.r1c_nomenclature_current,ce1526f2-1a17-11ec-9c3a-00505689ff45,АК-00005068,Звезда вала,,9b060c03-71d9-11e7-85a2-d43d7eec442d,false,false
Номенклатура — current,raw.r1c_nomenclature_current,162f1225-6d49-11ec-9c40-00505689c8d9,АК-00005874,Звезда вала (щетка) KOtO tANCUCHOWE TANDEM 08B-1,,9b060c03-71d9-11e7-85a2-d43d7eec442d,false,false
Номенклатура — current,raw.r1c_nomenclature_current,37ab7769-6b2c-11ed-9c4d-00505689c8d9,00-00007410,Звездочка ,,9b060c03-71d9-11e7-85a2-d43d7eec442d,false,false
Номенклатура — current,raw.r1c_nomenclature_current,578950e3-0cc1-11ec-9c3a-00505689ff45,АК-00004921,"Звездочка  ЗТ-40,А 50.08.006-01",,9b060c03-71d9-11e7-85a2-d43d7eec442d,false,false
Номенклатура — current,raw.r1c_nomenclature_current,19adb15d-0cc1-11ec-9c3a-00505689ff45,АК-00004920,"Звездочка  ЗТ-40,А 50.08.400",,9b060c03-71d9-11e7-85a2-d43d7eec442d,false,false
Номенклатура — current,raw.r1c_nomenclature_current,a9126e0b-6b2b-11ed-9c4d-00505689c8d9,00-00007407,Звездочка 1/2X5/16-15 зуб,,9b060c03-71d9-11e7-85a2-d43d7eec442d,false,false
Номенклатура — current,raw.r1c_nomenclature_current,07627e96-6b2c-11ed-9c4d-00505689c8d9,00-00007409,Звездочка 1/2X5/16-16 зуб.,,9b060c03-71d9-11e7-85a2-d43d7eec442d,false,false
Номенклатура — current,raw.r1c_nomenclature_current,cae1ca8a-6b2b-11ed-9c4d-00505689c8d9,00-00007408,Звездочка 1/2Х5/16-14зуб,,9b060c03-71d9-11e7-85a2-d43d7eec442d,false,false
Номенклатура — current,raw.r1c_nomenclature_current,a3c23f13-74fc-11ef-9c5d-00505689ff45,00-00011077,Звездочка 12Т 12Т 12В-1 35,,9b060c03-71d9-11e7-85a2-d43d7eec442d,false,false
Номенклатура — current,raw.r1c_nomenclature_current,1a954075-29c8-11f0-b80e-005056bde474,00-00012108,Звездочка 3/4 зуб.,,45c9e202-0a37-11f0-b80e-005056bde474,false,false
Номенклатура — current,raw.r1c_nomenclature_current,8b6c4478-c2a3-11ef-9c5f-00505689ff45,00-00011515,Звездочка 3/4*1/2-15зуб.,,9b060c03-71d9-11e7-85a2-d43d7eec442d,false,false
Номенклатура — current,raw.r1c_nomenclature_current,441e45fc-c2a3-11ef-9c5f-00505689ff45,00-00011514,Звездочка 3/4х1/2,,9b060c03-71d9-11e7-85a2-d43d7eec442d,false,false
Номенклатура — current,raw.r1c_nomenclature_current,86c97918-1eca-11ed-9c43-cb6d75bb653b,00-00006973,Звездочка 5/8-12ЗУБ ,,9b060c03-71d9-11e7-85a2-d43d7eec442d,false,false
Номенклатура — current,raw.r1c_nomenclature_current,17d5111c-1432-11ef-9c4f-005056893620,00-00010530,Звездочка Z-13,,9b060c03-71d9-11e7-85a2-d43d7eec442d,false,false
Номенклатура — current,raw.r1c_nomenclature_current,12b9fc9b-ff1f-11ed-9c4e-00505689ff45,00-00008063,Звездочка Z-15,,9b060c03-71d9-11e7-85a2-d43d7eec442d,false,false
Номенклатура — current,raw.r1c_nomenclature_current,485dfed6-9ad4-11e8-af49-30f7727a492e,00-00001025,Звездочка ККУ.92.155,,9b060c03-71d9-11e7-85a2-d43d7eec442d,false,false
Номенклатура — current,raw.r1c_nomenclature_current,485dfed3-9ad4-11e8-af49-30f7727a492e,00-00001024,Звездочка КПК 01.03.020,,9b060c03-71d9-11e7-85a2-d43d7eec442d,false,false
Номенклатура — current,raw.r1c_nomenclature_current,6a6294a5-e971-11e8-af5a-30f7727a492e,00-00001358,Звездочка КПК 2.01 комплект,,9b060c03-71d9-11e7-85a2-d43d7eec442d,false,false
Номенклатура — current,raw.r1c_nomenclature_current,ff41e7c1-b0dd-11e8-af4e-30f7727a492e,00-00001177,Звездочка КТ 10.05.071,,9b060c03-71d9-11e7-85a2-d43d7eec442d,false,false
Номенклатура — current,raw.r1c_nomenclature_current,ff41e7b2-b0dd-11e8-af4e-30f7727a492e,00-00001168,Звездочка КТУ-9.15,,9b060c03-71d9-11e7-85a2-d43d7eec442d,false,false
Номенклатура — current,raw.r1c_nomenclature_current,3001913c-e029-11e9-af7c-30f7727a492e,00-00001974,Звездочка ПБИ 2004,,9b060c03-71d9-11e7-85a2-d43d7eec442d,false,false
Номенклатура — current,raw.r1c_nomenclature_current,89bef892-ed20-11ea-a29d-fa163ee5d2f9,БП-00003007,Звездочка ПБИ 2006,,9b060c03-71d9-11e7-85a2-d43d7eec442d,false,false
Номенклатура — current,raw.r1c_nomenclature_current,3001913d-e029-11e9-af7c-30f7727a492e,00-00001975,Звездочка ПБИ 2007,,9b060c03-71d9-11e7-85a2-d43d7eec442d,false,false
Номенклатура — current,raw.r1c_nomenclature_current,0e260993-011d-11ee-9c4e-00505689ff45,00-00008093,Звездочка СО-16 01.05.002,,9b060c03-71d9-11e7-85a2-d43d7eec442d,false,false
Номенклатура — current,raw.r1c_nomenclature_current,07f2a502-3762-11ee-9c4e-00505689ff45,00-00008427,Звездочка СО-16.01.00.014,,9b060c03-71d9-11e7-85a2-d43d7eec442d,false,false
Номенклатура — current,raw.r1c_nomenclature_current,741421eb-3762-11ee-9c4e-00505689ff45,00-00008429,Звездочка СО-16.01.00.015,,9b060c03-71d9-11e7-85a2-d43d7eec442d,false,false
Номенклатура — current,raw.r1c_nomenclature_current,66b10e2a-ed21-11ea-a29d-fa163ee5d2f9,БП-00003010,Звездочка натяжная ККУ.08.150 с осью,,9b060c03-71d9-11e7-85a2-d43d7eec442d,false,false
Номенклатура — current,raw.r1c_nomenclature_current,0748b0c6-e88b-11ef-b80c-005056bde474,00-00011640,Звездочка под втулку тапербуш для цепи 5/16* TS09015,,9b060c03-71d9-11e7-85a2-d43d7eec442d,false,false
Номенклатура — current,raw.r1c_nomenclature_current,2cd7b79c-cd11-11ec-9c42-00505689c8d9,00-00006507,Звено 700А.46.28.071,,9b060c03-71d9-11e7-85a2-d43d7eec442d,false,false
Номенклатура — current,raw.r1c_nomenclature_current,9c4e5182-2a75-11eb-259f-fa163e0d31f7,БП-00003206,"Звено СПР-19,05-3180",,9b060c03-71d9-11e7-85a2-d43d7eec442d,false,false
Номенклатура — current,raw.r1c_nomenclature_current,8f7ef6bc-9b46-11ee-9c4b-005056893620,00-00009942,Звено переходное 08В-2 DH,,9b060c03-71d9-11e7-85a2-d43d7eec442d,false,false
Номенклатура — current,raw.r1c_nomenclature_current,3001913f-e029-11e9-af7c-30f7727a492e,00-00001977,"Звено переходное цепи П-ПР-19,05-3180",,9b060c03-71d9-11e7-85a2-d43d7eec442d,false,false
Номенклатура — current,raw.r1c_nomenclature_current,3001913e-e029-11e9-af7c-30f7727a492e,00-00001976,"Звено переходное цепи П-ПР-25,4-6000",,9b060c03-71d9-11e7-85a2-d43d7eec442d,false,false
Номенклатура — current,raw.r1c_nomenclature_current,ff41e7bd-b0dd-11e8-af4e-30f7727a492e,00-00001175,"Звено соединительное  П ПР-19,05-31,8",,9b060c03-71d9-11e7-85a2-d43d7eec442d,false,false
Номенклатура — current,raw.r1c_nomenclature_current,ff41e7be-b0dd-11e8-af4e-30f7727a492e,00-00001176,"Звено соединительное  П-ПР-25,4-60",,9b060c03-71d9-11e7-85a2-d43d7eec442d,false,false
Номенклатура — current,raw.r1c_nomenclature_current,485dfe9f-9ad4-11e8-af49-30f7727a492e,00-00001001,"Звено соединительное  С-ПР-19,05-31,8",,9b060c03-71d9-11e7-85a2-d43d7eec442d,false,false
Номенклатура — current,raw.r1c_nomenclature_current,485dfea0-9ad4-11e8-af49-30f7727a492e,00-00001002,"Звено соединительное  С-ПР-25,4-60",,9b060c03-71d9-11e7-85a2-d43d7eec442d,false,false
Номенклатура — current,raw.r1c_nomenclature_current,e39670f7-ff27-11ef-b80e-005056bde474,00-00011744,Звено соединительное 08В-1 CL BISON,,9b060c03-71d9-11e7-85a2-d43d7eec442d,false,false
Номенклатура — current,raw.r1c_nomenclature_current,1cf12648-69d4-11ef-9c5c-00505689ff45,00-00011004,Звено соединительное 10В-2 CL BISON,,9b060c03-71d9-11e7-85a2-d43d7eec442d,false,false
Номенклатура — current,raw.r1c_nomenclature_current,c1800089-9b46-11ee-9c4b-005056893620,00-00009943,Звено соединительное 10В-2 DH,,9b060c03-71d9-11e7-85a2-d43d7eec442d,false,false
Номенклатура — current,raw.r1c_nomenclature_current,48a7112e-3762-11ee-9c4e-00505689ff45,00-00008428,Звено соединительное 10В.1,,9b060c03-71d9-11e7-85a2-d43d7eec442d,false,false
Номенклатура — current,raw.r1c_nomenclature_current,1ba518cd-4261-11ee-9c4e-00505689ff45,00-00009249,"Звено соединительное 2ПР 15.875-45,4",,9b060c03-71d9-11e7-85a2-d43d7eec442d,false,false
Номенклатура — current,raw.r1c_nomenclature_current,d92a154c-6468-11ef-9c5c-00505689ff45,00-00010917,Звено соединительное 80Н--1 DH-1,,9b060c03-71d9-11e7-85a2-d43d7eec442d,false,false
Номенклатура — current,raw.r1c_nomenclature_current,72fdbdef-94a7-11ec-9c42-00505689c8d9,00-00006251,"Звено соединительное цепи С-2ПР-15.875-45,4",,9b060c03-71d9-11e7-85a2-d43d7eec442d,false,false
Номенклатура — current,raw.r1c_nomenclature_current,30019141-e029-11e9-af7c-30f7727a492e,00-00001979,"Звено соединительное цепи С-ПР-19,05-3180",,9b060c03-71d9-11e7-85a2-d43d7eec442d,false,false
Номенклатура — current,raw.r1c_nomenclature_current,30019140-e029-11e9-af7c-30f7727a492e,00-00001978,"Звено соединительное цепи С-ПР-25,4-6000",,9b060c03-71d9-11e7-85a2-d43d7eec442d,false,false
Номенклатура — current,raw.r1c_nomenclature_current,47382149-1171-11f1-b81f-005056bde474,00-00013829,Звонок громкого боя SB1-150MM D=150мм 220В IP20 ANDELI ,,20e031f3-0a37-11f0-b80e-005056bde474,false,false
Номенклатура — current,raw.r1c_nomenclature_current,eb18c4a0-89b5-11ec-9c42-00505689c8d9,00-00006113,Звонок дверной беспроводной Космос 26мл до 150м,,9088eead-75dc-11e7-af18-30f7727a492e,false,false
Номенклатура — current,raw.r1c_nomenclature_current,1ea4c56d-a543-11f1-b824-005056bde474,00-00014732,Звуковой оповещатель Марс 220-ЗУ 10469,,34aee2dc-7290-11f0-b814-005056bde474,false,false
Номенклатура — current,raw.r1c_nomenclature_current,734cf151-5a67-11f1-b821-005056bde474,00-00014438,Звуковой оповещатель Марс 220-ЗУ SLT ,,baf617a9-7290-11f0-b814-005056bde474,false,false
Номенклатура — current,raw.r1c_nomenclature_current,c000a247-84a5-11ef-9c5d-00505689ff45,00-00011243,Зеленка маркер Леккер 5 мл,,213391ae-cf6d-11eb-bd90-fa163e0d31f7,false,false
Номенклатура — current,raw.r1c_nomenclature_current,5b4a3e34-9243-11ec-9c42-00505689c8d9,00-00006222,Зелест,,9088eead-75dc-11e7-af18-30f7727a492e,false,false
Номенклатура — current,raw.r1c_nomenclature_current,960f86a2-cc54-11f0-b81e-005056bde474,00-00012997,Зелёный картофель,,ee206f1b-243d-11f0-b80e-005056bde474,false,false
Номенклатура — current,raw.r1c_nomenclature_current,26686664-5fff-11e8-af3d-30f7727a492e,00-00000852,Земля (производство),,ee206f1b-243d-11f0-b80e-005056bde474,false,false
Номенклатура — current,raw.r1c_nomenclature_current,22edf491-cc54-11f0-b81e-005056bde474,00-00012994,Земля (склад),,ee206f1b-243d-11f0-b80e-005056bde474,false,false
Номенклатура — current,raw.r1c_nomenclature_current,2b6b3a2c-5236-11ee-9c4e-00505689ff45,00-00009519,Земля с полей,,ee206f1b-243d-11f0-b80e-005056bde474,false,false
Номенклатура — current,raw.r1c_nomenclature_current,ccb62ad4-f524-11eb-9c3a-00505689ff45,АК-00003509,Зенит Инсектицид,,f9d67774-531d-11f0-b811-005056bde474,false,false
Номенклатура — current,raw.r1c_nomenclature_current,ef0a6fea-f2db-11eb-9c3a-00505689ff45,АК-00003295,Зенкор Ультра Гербицид ,,5e0b1519-531c-11f0-b811-005056bde474,false,false
Номенклатура — current,raw.r1c_nomenclature_current,9e625346-b4ef-11ec-9c42-00505689c8d9,00-00006425,"Зенкошанс,КС",,5e0b1519-531c-11f0-b811-005056bde474,false,false
Номенклатура — current,raw.r1c_nomenclature_current,ccb62ad5-f524-11eb-9c3a-00505689ff45,АК-00003510,Зенон Аэро Инсектицид,,2eaeac4d-5322-11f0-b811-005056bde474,false,false
Номенклатура — current,raw.r1c_nomenclature_current,a1f953d8-0e74-11ee-9c4e-00505689ff45,00-00008171,"Зеркало  КРАЗ,МАЗ основное с подог.и без 443*215 24Вн",,9b060c03-71d9-11e7-85a2-d43d7eec442d,false,false
Номенклатура — current,raw.r1c_nomenclature_current,dd83d56c-5f47-11e9-af6b-30f7727a492e,00-00001495,"Зеркало боковое КАМАЗ,МАЗ основное сверическое без обогрева",,9b060c03-71d9-11e7-85a2-d43d7eec442d,false,false
Номенклатура — current,raw.r1c_nomenclature_current,e8164cfc-bde4-11eb-b480-fa163e0d31f7,БП-00003991,"Зеркало боковое КАМАЗ,ПАЗ,ГАЗ,УРАЛ  широкоугольное сф.без обогрева",,9b060c03-71d9-11e7-85a2-d43d7eec442d,false,false
Номенклатура — current,raw.r1c_nomenclature_current,5edc1965-cc55-11e8-af53-30f7727a492e,00-00001276,Зеркало боковое МТЗ 310*215 мм,,9b060c03-71d9-11e7-85a2-d43d7eec442d,false,false
Номенклатура — current,raw.r1c_nomenclature_current,b580d649-9a3a-11ec-9c42-00505689c8d9,00-00006256,"Зеркало боковое МТЗ,ВМТЗ,ЧТЗ основное сферическое 300х200 мм БОР 207.8201020",,9b060c03-71d9-11e7-85a2-d43d7eec442d,false,false
Номенклатура — current,raw.r1c_nomenclature_current,4ebc2508-2f5f-11f1-b81f-005056bde474,00-00013942,"Зеркало дорожное сферическое, уличное 600мм, с козырьком",,917ab634-0a38-11f0-b80e-005056bde474,false,false
Номенклатура — current,raw.r1c_nomenclature_current,1fba0550-01a1-11ec-9c3a-00505689ff45,АК-00004042,"Зерно ржи, сорт ""Фаленская"" с октября 2020",,f0e4c260-a130-11e8-af4c-30f7727a492e,false,false
Номенклатура — current,raw.r1c_nomenclature_current,09cf1e78-6158-11eb-9c2d-0050560417d5,00-00002820,Зерновые,,323ef7d5-6157-11eb-9c2d-0050560417d5,true,false
Номенклатура — current,raw.r1c_nomenclature_current,86cb97a1-5ece-11ef-9c5c-00505689ff45,00-00010881,Зерносмесь,,f0e4c260-a130-11e8-af4c-30f7727a492e,false,false
Номенклатура — current,raw.r1c_nomenclature_current,ccb62ad6-f524-11eb-9c3a-00505689ff45,АК-00003511,Зим 500 Инсектицид,,2eaeac4d-5322-11f0-b811-005056bde474,false,false
Номенклатура — current,raw.r1c_nomenclature_current,ccb62ad7-f524-11eb-9c3a-00505689ff45,АК-00003512,Зимошанс Инсектицид,,2eaeac4d-5322-11f0-b811-005056bde474,false,false
Номенклатура — current,raw.r1c_nomenclature_current,86a8b36d-32af-11f1-b81f-005056bde474,00-00013975,"Знак Знак е03 ""направление к эвакуационному выходу направо"", 150x300 мм, фотолюм s 2, пленк",,9b060c02-71d9-11e7-85a2-d43d7eec442d,false,false
Номенклатура — current,raw.r1c_nomenclature_current,a34fc7be-32af-11f1-b81f-005056bde474,00-00013976,"Знак Знак е04 ""направление к эвакуационному выходу налево"", 150x300 мм, фотолюм s 2, пленка",,9b060c02-71d9-11e7-85a2-d43d7eec442d,false,false
Номенклатура — current,raw.r1c_nomenclature_current,c24c627f-32af-11f1-b81f-005056bde474,00-00013977,"Знак Знак е22 ""указатель выхода"", 150x300 мм, фотолюм s 2, пленка (гост 12.4.026-2015) 00-0",,9b060c02-71d9-11e7-85a2-d43d7eec442d,false,false
Номенклатура — current,raw.r1c_nomenclature_current,10d24697-4521-11e8-af37-30f7727a492e,00-00000785,Знак аварийной остановки,,9088eeaf-75dc-11e7-af18-30f7727a492e,false,false
Номенклатура — current,raw.r1c_nomenclature_current,ccb62ad8-f524-11eb-9c3a-00505689ff45,АК-00003513,Золон Инсектицид,,f9d67774-531d-11f0-b811-005056bde474,false,false
Номенклатура — current,raw.r1c_nomenclature_current,10b4a503-6227-11ec-9c40-00505689c8d9,АК-00005805,Золотник*колпачок авт.,,9b060c03-71d9-11e7-85a2-d43d7eec442d,false,false
Номенклатура — current,raw.r1c_nomenclature_current,ccb62ad9-f524-11eb-9c3a-00505689ff45,АК-00003514,Золтан Инсектицид,,2eaeac4d-5322-11f0-b811-005056bde474,false,false
Номенклатура — current,raw.r1c_nomenclature_current,982dc348-1527-11eb-aa97-fa163e0d31f7,БП-00003151,Зондовый датчик для влагомера Wile W251 (45см),,683c72a5-0a38-11f0-b80e-005056bde474,false,false
Номенклатура — current,raw.r1c_nomenclature_current,4e498fb4-b243-11eb-6d90-fa163e0d31f7,БП-00003973,Зуб пружинный Akzent KRAJ 600/50-000,,9b060c03-71d9-11e7-85a2-d43d7eec442d,false,false
Номенклатура — current,raw.r1c_nomenclature_current,5ce32900-ca62-11ea-9d96-fa163ee5d2f9,БП-00002891,Зуб сгребания ГВР 14.608,,9b060c03-71d9-11e7-85a2-d43d7eec442d,false,false
Номенклатура — current,raw.r1c_nomenclature_current,de573d9f-0c2a-11ec-9c3a-00505689ff45,АК-00004880,Зубило,,007d76f1-0a39-11f0-b80e-005056bde474,false,false
Номенклатура — current,raw.r1c_nomenclature_current,d6a1d0a4-e424-11f0-b81e-005056bde474,00-00013310,"Зубр Зубило ""МАСТЕР"" SDS-Plus пикообразное для перфораторов, 250мм ",,05b398ee-0a39-11f0-b80e-005056bde474,false,false
Номенклатура — current,raw.r1c_nomenclature_current,ccb62ada-f524-11eb-9c3a-00505689ff45,АК-00003515,Зубр Инсектицид,,f9d67774-531d-11f0-b811-005056bde474,false,false
Номенклатура — current,raw.r1c_nomenclature_current,9b060c72-71d9-11e7-85a2-d43d7eec442d,00000015   ,ИБП PowerCom WOW-850U,,ce412305-0a38-11f0-b80e-005056bde474,false,false
Номенклатура — current,raw.r1c_nomenclature_current,bdb4a42b-094b-11f0-b80e-005056bde474,00-00011790,"ИНВЕНТАРЬ, ХОЗТОВАРЫ, МЦ, ПРОЧИЕ МАТЕРИАЛЫ",,00000000-0000-0000-0000-000000000000,true,false
Номенклатура — current,raw.r1c_nomenclature_current,d13030df-73df-11ee-9c4a-005056893620,00-00009696,Игла Фиишбейн 100,,9b060c03-71d9-11e7-85a2-d43d7eec442d,false,false
Номенклатура — current,raw.r1c_nomenclature_current,dd83d559-5f47-11e9-af6b-30f7727a492e,00-00001481,Игла зашивочной машины,,974cc8a9-4216-11f1-b821-005056bde474,false,false
Номенклатура — current,raw.r1c_nomenclature_current,aa84f8f2-3ac7-11eb-dc8d-fa163e0d31f7,БП-00003399,Игла зашивочной машины Фишбейн 100,,974cc8a9-4216-11f1-b821-005056bde474,false,false
Номенклатура — current,raw.r1c_nomenclature_current,ff63c93d-66f7-11f0-b811-005056bde474,00-00012583,Идентификатор ЕМ-Marin,,9b060c02-71d9-11e7-85a2-d43d7eec442d,false,false
Номенклатура — current,raw.r1c_nomenclature_current,248f8579-c584-11ec-9c42-00505689c8d9,00-00006485,"Идикум,СК",,668204c4-5324-11f0-b811-005056bde474,false,false
Номенклатура — current,raw.r1c_nomenclature_current,65911db3-36e2-11f0-b80e-005056bde474,00-00012343,"Изабион, ВР",,e1243393-532a-11f0-b811-005056bde474,false,false
Номенклатура — current,raw.r1c_nomenclature_current,00c423f2-3bbd-11e8-af35-30f7727a492e,00-00000765,Известь 3 кг,,9088eead-75dc-11e7-af18-30f7727a492e,false,false
Номенклатура — current,raw.r1c_nomenclature_current,69a715ec-09c1-11ed-9c43-00505689c8d9,00-00006812,Известь строительная,,9088eead-75dc-11e7-af18-30f7727a492e,false,false
Номенклатура — current,raw.r1c_nomenclature_current,1b7b16fb-749f-11ee-9c4a-005056893620,00-00009712,Извещатель пожарной дымовой оптико-электронный точечный,,cf1ab97a-749e-11ee-9c4a-005056893620,false,false
Номенклатура — current,raw.r1c_nomenclature_current,1fe87f56-49b4-11eb-a99a-fa163e0d31f7,БП-00003513,Извещатель пожарный радиоканальный дымовой оптико-электдля работы в составе радиосистемы Стрелец-ПРО,,ce7d79f6-49b2-11eb-a99a-fa163e0d31f7,false,false
Номенклатура — current,raw.r1c_nomenclature_current,1c93a117-7f56-11ec-9c41-00505689c8d9,00-00006032,Извещатель пожарный тепловой радиоканальный,,e6b715af-0a38-11f0-b80e-005056bde474,false,false
Номенклатура — current,raw.r1c_nomenclature_current,e7e22274-49b3-11eb-a99a-fa163e0d31f7,БП-00003512,Извещатель радиоканальный дымовой для работы в составе радиосистемы Стрелец-ПРО,,ce7d79f6-49b2-11eb-a99a-fa163e0d31f7,false,false
Номенклатура — current,raw.r1c_nomenclature_current,f86f6af7-749f-11ee-9c4a-005056893620,00-00009718,Извещатель ручной,,cf1ab97a-749e-11ee-9c4a-005056893620,false,false
Номенклатура — current,raw.r1c_nomenclature_current,7ef80ec2-a7f9-11ef-9c5e-00505689ff45,00-00011382,Изготовление клише,,9b060c58-71d9-11e7-85a2-d43d7eec442d,false,false
Номенклатура — current,raw.r1c_nomenclature_current,61bb8216-f064-11e7-a3ff-94de80168a80,00-00000630,"Изготовление ключей, карт доступа",,9b060c58-71d9-11e7-85a2-d43d7eec442d,false,false
Номенклатура — current,raw.r1c_nomenclature_current,b66c69f5-15e0-11f0-b80e-005056bde474,00-00011947,Изготовление москитных сеток ,,9b060c58-71d9-11e7-85a2-d43d7eec442d,false,false
Номенклатура — current,raw.r1c_nomenclature_current,466985ee-5793-11ea-8118-d43d7ec071d4,00-00002477,"Изготовление печати, штрихкодов",,9b060c58-71d9-11e7-85a2-d43d7eec442d,false,false
Номенклатура — current,raw.r1c_nomenclature_current,25e76dba-0e6d-11ee-9c4e-00505689ff45,00-00008157,Изделие из паралона S2015 L-120 D260 вырез по центру d25мм ,,f0e4c260-a130-11e8-af4c-30f7727a492e,false,false
Номенклатура — current,raw.r1c_nomenclature_current,5b6b3a1c-3a27-11ec-9c41-00505689db63,АК-00005540,Измельчение ботвы,,52c3cca5-0968-11f0-b80e-005056bde474,false,false
Номенклатура — current,raw.r1c_nomenclature_current,42070ee2-3fe3-11ec-9c41-00505689db63,АК-00005543,Измельчение кустарниковой растительности,,52c3cca5-0968-11f0-b80e-005056bde474,false,false
Номенклатура — current,raw.r1c_nomenclature_current,ac938e75-76ac-11f0-b814-005056bde474,00-00012697,Измеритель влажности почвы Landtek MC-7828SOIL,,683c72a5-0a38-11f0-b80e-005056bde474,false,false
Номенклатура — current,raw.r1c_nomenclature_current,57f3617a-1527-11eb-aa97-fa163e0d31f7,БП-00003150,Измеритель плотности почвы Wile Wile Soll,,683c72a5-0a38-11f0-b80e-005056bde474,false,false
Номенклатура — current,raw.r1c_nomenclature_current,a21f3c9b-f68e-11f0-b81e-005056bde474,00-00013458,"Измеритель температуры, пирометр, градусник 32...+42С для измер. темп.",,e588fd02-0a37-11f0-b80e-005056bde474,false,false
Номенклатура — current,raw.r1c_nomenclature_current,2911aaca-e47e-11eb-0c9a-fa163e0d31f7,БП-00004437,Измерительная рулетка Gigant GMT 1025 10x25 мм с магнитным захватом,,f7164898-2ffe-11eb-af80-fa163e0d31f7,false,false
Номенклатура — current,raw.r1c_nomenclature_current,683c72a5-0a38-11f0-b80e-005056bde474,00-00011861,Измерительный инвентарь,,9b060c15-71d9-11e7-85a2-d43d7eec442d,true,false
Номенклатура — current,raw.r1c_nomenclature_current,9088ee9d-75dc-11e7-af18-30f7727a492e,00-00000053,Изоком ППИ-П2,,9088eead-75dc-11e7-af18-30f7727a492e,false,false
Номенклатура — current,raw.r1c_nomenclature_current,0d714523-e623-11e7-a3fa-94de80168a80,00-00000554,Изолента,,9088eead-75dc-11e7-af18-30f7727a492e,false,false
Номенклатура — current,raw.r1c_nomenclature_current,deb54280-08bd-11f1-b81f-005056bde474,00-00013694,"Изолента ""UNIBOB"" ПВХ 19мм*20м желто-зеленая",,9adc9f2a-3d8a-11f1-b821-005056bde474,false,false
Номенклатура — current,raw.r1c_nomenclature_current,7a0828f1-17c0-11f1-b81f-005056bde474,00-00013847,Изолента NIT-B15-10/S 5 цветов 5 шт/набор,,9adc9f2a-3d8a-11f1-b821-005056bde474,false,false
Номенклатура — current,raw.r1c_nomenclature_current,0d714524-e623-11e7-a3fa-94de80168a80,00-00000555,Изолента ПВХ,,9088eead-75dc-11e7-af18-30f7727a492e,false,false
Номенклатура — current,raw.r1c_nomenclature_current,13226cb9-4b36-11ee-9c4e-00505689ff45,00-00009484,"Изолента ПВХ  0,13*15 мм черная ИЭК 20м",,9adc9f2a-3d8a-11f1-b821-005056bde474,false,false
Номенклатура — current,raw.r1c_nomenclature_current,bc1f76ac-5a0b-11ef-9c59-00505689ff45,00-00010813,"Изолента ПВХ  0,15*19 мм Желтая 20м TDM",,9adc9f2a-3d8a-11f1-b821-005056bde474,false,false
Номенклатура — current,raw.r1c_nomenclature_current,df49fea8-5a0b-11ef-9c59-00505689ff45,00-00010814,"Изолента ПВХ  0,15*19 мм Зеленая 20м TDM",,9adc9f2a-3d8a-11f1-b821-005056bde474,false,false
Номенклатура — current,raw.r1c_nomenclature_current,f7cb6d60-5a0b-11ef-9c59-00505689ff45,00-00010815,"Изолента ПВХ  0,15*19 мм Красная 20м TDM",,9adc9f2a-3d8a-11f1-b821-005056bde474,false,false
Номенклатура — current,raw.r1c_nomenclature_current,dbd3db62-d03b-11eb-5d99-fa163e0d31f7,БП-00004240,"Изолента ПВХ  0,18*19мм красная",,9adc9f2a-3d8a-11f1-b821-005056bde474,false,false
Номенклатура — current,raw.r1c_nomenclature_current,84318a7a-2b8a-11ec-b9a9-00505689914b,АК-00005469,Изолента ПВХ 19/20 зеленая,,9adc9f2a-3d8a-11f1-b821-005056bde474,false,false
Номенклатура — current,raw.r1c_nomenclature_current,a79e997b-c5e1-11ee-9c4c-005056893620,00-00010145,Изолента ПВХ 19/20 синяя,,9adc9f2a-3d8a-11f1-b821-005056bde474,false,false
Номенклатура — current,raw.r1c_nomenclature_current,0207e441-1597-11ea-9521-30f7727a492e,00-00002242,Изолента ПВХ 19/20 черная,,e857fb59-7295-11f0-b814-005056bde474,false,false
Номенклатура — current,raw.r1c_nomenclature_current,a98eda2d-b33a-11e7-a3e1-94de80168a80,00-00000399,Изолента ПВХ цветная,,9b060c03-71d9-11e7-85a2-d43d7eec442d,false,false
Номенклатура — current,raw.r1c_nomenclature_current,86664687-3377-11ea-9522-30f7727a492e,00-00002325,Изолента хб 100г,,9088eead-75dc-11e7-af18-30f7727a492e,false,false
Номенклатура — current,raw.r1c_nomenclature_current,11a85a80-4b2d-11ed-9c43-cb6d75bb653b,00-00007245,Изолятор SM 35 YIS11-35-10-B,,9adc9f2a-3d8a-11f1-b821-005056bde474,false,false
Номенклатура — current,raw.r1c_nomenclature_current,95c814e8-d974-11eb-6c92-fa163e0d31f7,БП-00004392,"Изолятор НОВЫЙ маточный (сетка) однорамочный (AISI430), ИМС-1",,65439ec8-d96f-11eb-6c92-fa163e0d31f7,false,false
Номенклатура — current,raw.r1c_nomenclature_current,e6bcb5a1-2c40-11f1-b81f-005056bde474,00-00013908,"Изопропиловый спирт абсолютированный 99,7* 5л",,bf64ba06-729b-11f0-b814-005056bde474,false,false
Номенклатура — current,raw.r1c_nomenclature_current,ccb62adb-f524-11eb-9c3a-00505689ff45,АК-00003516,Икарус Инсектицид,,2eaeac4d-5322-11f0-b811-005056bde474,false,false
Номенклатура — current,raw.r1c_nomenclature_current,ccb62adc-f524-11eb-9c3a-00505689ff45,АК-00003517,Имидашанс Инсектицид,,f9d67774-531d-11f0-b811-005056bde474,false,false
Номенклатура — current,raw.r1c_nomenclature_current,ccb62add-f524-11eb-9c3a-00505689ff45,АК-00003518,Имидашанс Плюс Инсектицид,,f9d67774-531d-11f0-b811-005056bde474,false,false
Номенклатура — current,raw.r1c_nomenclature_current,ccb62ade-f524-11eb-9c3a-00505689ff45,АК-00003519,Имидж Инсектицид,,f9d67774-531d-11f0-b811-005056bde474,false,false
Номенклатура — current,raw.r1c_nomenclature_current,ccb62adf-f524-11eb-9c3a-00505689ff45,АК-00003520,Имидж Плюс Инсектицид,,f9d67774-531d-11f0-b811-005056bde474,false,false
Номенклатура — current,raw.r1c_nomenclature_current,ccb62ae0-f524-11eb-9c3a-00505689ff45,АК-00003521,Имидор Инсектицид,,668204c4-5324-11f0-b811-005056bde474,false,false
Номенклатура — current,raw.r1c_nomenclature_current,ccb62ae1-f524-11eb-9c3a-00505689ff45,АК-00003522,Имидор Про Инсектицид,,668204c4-5324-11f0-b811-005056bde474,false,false
Номенклатура — current,raw.r1c_nomenclature_current,ccb62ae2-f524-11eb-9c3a-00505689ff45,АК-00003523,Имиприд Инсектицид,,f9d67774-531d-11f0-b811-005056bde474,false,false
Номенклатура — current,raw.r1c_nomenclature_current,ccb62ae4-f524-11eb-9c3a-00505689ff45,АК-00003525,Импакт 500 Инсектицид,,2eaeac4d-5322-11f0-b811-005056bde474,false,false
Номенклатура — current,raw.r1c_nomenclature_current,ccb62ae3-f524-11eb-9c3a-00505689ff45,АК-00003524,Импакт Инсектицид,,2eaeac4d-5322-11f0-b811-005056bde474,false,false
Номенклатура — current,raw.r1c_nomenclature_current,ccb62ae5-f524-11eb-9c3a-00505689ff45,АК-00003526,Импакт Супер Инсектицид,,2eaeac4d-5322-11f0-b811-005056bde474,false,false
Номенклатура — current,raw.r1c_nomenclature_current,ccb62ae6-f524-11eb-9c3a-00505689ff45,АК-00003527,Импакт Эксклюзив Инсектицид,,2eaeac4d-5322-11f0-b811-005056bde474,false,false
Номенклатура — current,raw.r1c_nomenclature_current,9b060c15-71d9-11e7-85a2-d43d7eec442d,00-00000003,Инвентарь,,bdb4a42b-094b-11f0-b80e-005056bde474,true,false
Номенклатура — current,raw.r1c_nomenclature_current,9088eeaf-75dc-11e7-af18-30f7727a492e,00-00000068,Инвентарь и хозяйственныые принадлежности (НЕ ИСПОЛЬЗОВАТЬ),,9b060c15-71d9-11e7-85a2-d43d7eec442d,true,false
Номенклатура — current,raw.r1c_nomenclature_current,8c37763a-e47d-11eb-0c9a-fa163e0d31f7,БП-00004435,Инвертор сварочный FUBAG IR 220 V.R.D.,,f7164898-2ffe-11eb-af80-fa163e0d31f7,false,false
Номенклатура — current,raw.r1c_nomenclature_current,3ec899e8-efbe-11f0-b81e-005056bde474,00-00013386,Инвертор сварочный Сварог TIG 200 P AC/DC REAL E201B Black маска+педаль+перчатки,,269e9e1e-7364-11f0-b814-005056bde474,false,false
Номенклатура — current,raw.r1c_nomenclature_current,7af5835b-40b9-11ee-9c4e-00505689ff45,00-00008571,Индиго РС3 грязный Сетка на завязке 25кг. Без полива,,f487012f-6156-11eb-9c2d-0050560417d5,false,false
Номенклатура — current,raw.r1c_nomenclature_current,7ae0ef0d-40b9-11ee-9c4e-00505689ff45,00-00008570,Индиго РС3 грязный Сетка на завязке 25кг. Полив,,f487012f-6156-11eb-9c2d-0050560417d5,false,false
Номенклатура — current,raw.r1c_nomenclature_current,7a27d12f-40b9-11ee-9c4e-00505689ff45,00-00008567,Индиго РС3 грязный Сетка на рулоне 25кг. Без полива,,f487012f-6156-11eb-9c2d-0050560417d5,false,false
Номенклатура — current,raw.r1c_nomenclature_current,79f4ce53-40b9-11ee-9c4e-00505689ff45,00-00008566,Индиго РС3 грязный Сетка на рулоне 25кг. Полив,,f487012f-6156-11eb-9c2d-0050560417d5,false,false
Номенклатура — current,raw.r1c_nomenclature_current,8c999f86-40b8-11ee-9c4e-00505689ff45,00-00008559,"Индиго РС3 мытый Сетка - (домик)1,5 кг. Без полива",,f487012f-6156-11eb-9c2d-0050560417d5,false,false
Номенклатура — current,raw.r1c_nomenclature_current,8c7adf0a-40b8-11ee-9c4e-00505689ff45,00-00008558,"Индиго РС3 мытый Сетка - (домик)1,5 кг. Полив",,f487012f-6156-11eb-9c2d-0050560417d5,false,false
Номенклатура — current,raw.r1c_nomenclature_current,8d38686e-40b8-11ee-9c4e-00505689ff45,00-00008563,Индиго РС3 мытый Сетка - (домик)2 кг. Без полива,,f487012f-6156-11eb-9c2d-0050560417d5,false,false
Номенклатура — current,raw.r1c_nomenclature_current,8d08c750-40b8-11ee-9c4e-00505689ff45,00-00008562,Индиго РС3 мытый Сетка - (домик)2 кг. Полив,,f487012f-6156-11eb-9c2d-0050560417d5,false,false
Номенклатура — current,raw.r1c_nomenclature_current,b6c24a07-0c2c-11ec-9c3a-00505689ff45,АК-00004886,Индикатор,,f7164898-2ffe-11eb-af80-fa163e0d31f7,false,false
Номенклатура — current,raw.r1c_nomenclature_current,d6b7f9b8-a07b-11f0-b81d-005056bde474,00-00012791,"Индикатор часового типа с магнитной стойкой (погрешность-0,01мм), в кейсе ER-86302 Эврика ",,7a7a4ab6-7363-11f0-b814-005056bde474,false,false
Номенклатура — current,raw.r1c_nomenclature_current,0dbbaca9-4c21-11ec-9c40-00505689c8d9,АК-00005668,Индикатор чередоания фаз 59266 Mastech MS5900,,20e031f3-0a37-11f0-b80e-005056bde474,false,false
Номенклатура — current,raw.r1c_nomenclature_current,80eb06cb-e10c-11f0-b81e-005056bde474,00-00013263,"Индуктивный датчик, Sn=8 мм, корпус М18x1 Алюминий заподлицо, 10 ... 30 DC NO/NC PNP, IP67, подключе",,baf617a9-7290-11f0-b814-005056bde474,false,false
Номенклатура — current,raw.r1c_nomenclature_current,f1bc088d-5377-11f1-b821-005056bde474,00-00014419,Индукционная варочная поверхность DEXP EH-I4MB/B,,d56a52ab-0a38-11f0-b80e-005056bde474,false,false
Номенклатура — current,raw.r1c_nomenclature_current,379baeab-5d39-11ee-9c4f-00505689ff45,00-00009596,Инжектор Вентури-1 в комплекте с обвязкой и падающим шлангом,,3d287ad3-5d34-11ee-9c4f-00505689ff45,false,false
Номенклатура — current,raw.r1c_nomenclature_current,030208b1-608b-11ef-9c5c-00505689ff45,00-00010912,Инженерно-геодезические изыскания,,2b7f4a61-094c-11f0-b80e-005056bde474,false,false
Номенклатура — current,raw.r1c_nomenclature_current,ccb62ae7-f524-11eb-9c3a-00505689ff45,АК-00003528,Инплант Инсектицид,,2eaeac4d-5322-11f0-b811-005056bde474,false,false
Номенклатура — current,raw.r1c_nomenclature_current,ccb62ae8-f524-11eb-9c3a-00505689ff45,АК-00003529,Инпут Инсектицид,,2eaeac4d-5322-11f0-b811-005056bde474,false,false
Номенклатура — current,raw.r1c_nomenclature_current,a38c91ea-f2d9-11eb-9c3a-00505689ff45,АК-00003286,"Инсайд, СК Фунгицид ",,2eaeac4d-5322-11f0-b811-005056bde474,false,false
Номенклатура — current,raw.r1c_nomenclature_current,f9d67774-531d-11f0-b811-005056bde474,00-00012478,Инсектициды,,9088eeaa-75dc-11e7-af18-30f7727a492e,true,false
Номенклатура — current,raw.r1c_nomenclature_current,d2bcb882-f524-11eb-9c3a-00505689ff45,АК-00003530,Инсектор Инсектицид,,f9d67774-531d-11f0-b811-005056bde474,false,false
Номенклатура — current,raw.r1c_nomenclature_current,3d08af22-07ae-11eb-1097-fa163ee5d2f9,БП-00003083,Инспекционный транспортер с шибером д.5 м,,9be0daf4-2e34-11eb-288c-fa163e0d31f7,false,false
Номенклатура — current,raw.r1c_nomenclature_current,9e85f51a-0e20-11f1-b81f-005056bde474,00-00013766,Инспекция качества товаров категории ФРОВ за 1тс/контейнер за выезд 1 сюрвейера,,2b7f4a51-094c-11f0-b80e-005056bde474,false,false
Номенклатура — current,raw.r1c_nomenclature_current,d2bcb883-f524-11eb-9c3a-00505689ff45,АК-00003531,Инстиво Инсектицид,,f9d67774-531d-11f0-b811-005056bde474,false,false
Номенклатура — current,raw.r1c_nomenclature_current,b4b840db-6479-11ef-9c5c-00505689ff45,00-00010936,Инструмент для затяжки и обрезки хомутов PROxima ttc-210,,20e031f3-0a37-11f0-b80e-005056bde474,false,false
Номенклатура — current,raw.r1c_nomenclature_current,e6f99dcc-e543-11ee-9c4c-005056893620,00-00010317,Инструмент для натяжения и резки ленты ИНСЛ-1.CVF.CT42.OPV ИЭК,,20e031f3-0a37-11f0-b80e-005056bde474,false,false
Номенклатура — current,raw.r1c_nomenclature_current,41e8f038-03bf-11ee-9c4e-00505689ff45,00-00008107,Инструмент для снятия изоляции WS-21 КВТ77667,,20e031f3-0a37-11f0-b80e-005056bde474,false,false
Номенклатура — current,raw.r1c_nomenclature_current,f7164898-2ffe-11eb-af80-fa163e0d31f7,БП-00003269,Инструменты,,b561a4a4-094b-11f0-b80e-005056bde474,true,false
Номенклатура — current,raw.r1c_nomenclature_current,d2bcb884-f524-11eb-9c3a-00505689ff45,АК-00003532,Инта-Вир Инсектицид,,f9d67774-531d-11f0-b811-005056bde474,false,false
Номенклатура — current,raw.r1c_nomenclature_current,d2bcb885-f524-11eb-9c3a-00505689ff45,АК-00003533,Инта-Ц-М Инсектицид,,f9d67774-531d-11f0-b811-005056bde474,false,false
Номенклатура — current,raw.r1c_nomenclature_current,d0795680-f9de-11eb-9c3a-00505689ff45,АК-00003903,Интернет-центр для USB модемов Keenetic 4G (KN-1211) c Mesh Wi-Fi N300,,ce412305-0a38-11f0-b80e-005056bde474,false,false
Номенклатура — current,raw.r1c_nomenclature_current,37003c07-b2df-11e9-af76-30f7727a492e,00-00001795,Интерскол 125/900,,f990038e-0a38-11f0-b80e-005056bde474,false,false
Номенклатура — current,raw.r1c_nomenclature_current,fc9cfd74-86f8-11eb-539b-fa163e0d31f7,БП-00003765,Интерскол 13/780Э,,9b060c1e-71d9-11e7-85a2-d43d7eec442d,false,false
Номенклатура — current,raw.r1c_nomenclature_current,7b99d9e9-f353-11eb-9c3a-00505689ff45,АК-00003310,"Интрада,СК Протравливатель ",,668204c4-5324-11f0-b811-005056bde474,false,false
Номенклатура — current,raw.r1c_nomenclature_current,08e7019b-29d1-11f0-b80e-005056bde474,00-00012111,"Инфинито, КС (62,5+625г/л)",,2eaeac4d-5322-11f0-b811-005056bde474,false,false
Номенклатура — current,raw.r1c_nomenclature_current,c3071846-04cc-11e8-b468-30f7727a492e,00-00000677,"Информационные,рекламные и консультационные услуги",,1aeb231b-094c-11f0-b80e-005056bde474,false,false
Номенклатура — current,raw.r1c_nomenclature_current,d2bcb887-f524-11eb-9c3a-00505689ff45,АК-00003535,Искра Золотая 1964-10-101-035-0-1-1-1 Инсектицид,,f9d67774-531d-11f0-b811-005056bde474,false,false
Номенклатура — current,raw.r1c_nomenclature_current,d2bcb888-f524-11eb-9c3a-00505689ff45,АК-00003536,Искра Золотая 1965-10-101-035-0-1-1-1 Инсектицид,,f9d67774-531d-11f0-b811-005056bde474,false,false
Номенклатура — current,raw.r1c_nomenclature_current,d2bcb886-f524-11eb-9c3a-00505689ff45,АК-00003534,Искра Инсектицид,,f9d67774-531d-11f0-b811-005056bde474,false,false
Номенклатура — current,raw.r1c_nomenclature_current,d2bcb889-f524-11eb-9c3a-00505689ff45,АК-00003537,Искра М Инсектицид,,f9d67774-531d-11f0-b811-005056bde474,false,false
Номенклатура — current,raw.r1c_nomenclature_current,7faa8dc7-c9ff-11e7-a3eb-94de80168a80,00-00000447,Испытание продовольственного сырья,,2b7f4a51-094c-11f0-b80e-005056bde474,false,false
Номенклатура — current,raw.r1c_nomenclature_current,59a59746-5b54-11f1-b821-005056bde474,00-00014460,Источник бесперебойного питания Ippon Back Basic 850 Euro 480Вт 850ВА черный,,e6b715af-0a38-11f0-b80e-005056bde474,false,false
Номенклатура — current,raw.r1c_nomenclature_current,4f74f4e8-0b7f-11eb-3385-fa163ee5d2f9,БП-00003111,Источник вторичного электропитания ББП-60 БК,,de1714af-8a12-11e7-af1d-30f7727a492e,false,false
Номенклатура — current,raw.r1c_nomenclature_current,3f908d62-b508-11f0-b81e-005056bde474,00-00012944,Источник питания 0-32V-10А,,cfd9b301-7290-11f0-b814-005056bde474,false,false
Номенклатура — current,raw.r1c_nomenclature_current,8c42d5fd-98de-11ee-9c4a-005056893620,00-00009908,Источник питания 220в/12в,,20e031f3-0a37-11f0-b80e-005056bde474,false,false
Номенклатура — current,raw.r1c_nomenclature_current,5ba2f083-5052-11f1-b821-005056bde474,00-00014359,Источник питания AC-DC XDR-150E-24,,cfd9b301-7290-11f0-b814-005056bde474,false,false
Номенклатура — current,raw.r1c_nomenclature_current,e798fa99-6f67-11ee-9c4a-005056893620,00-00009687,Источник питания импульсный 220В/12В,,20e031f3-0a37-11f0-b80e-005056bde474,false,false
Номенклатура — current,raw.r1c_nomenclature_current,e1639f4e-b507-11f0-b81e-005056bde474,00-00012943,"Источник питания, Блок питания 24В 16,7А",,cfd9b301-7290-11f0-b814-005056bde474,false,false
Номенклатура — current,raw.r1c_nomenclature_current,65e6463d-52ae-11f1-b821-005056bde474,00-00014388,"Источник питания, Блок питания 24В, 5А, 120Вт",,cfd9b301-7290-11f0-b814-005056bde474,false,false
Номенклатура — current,raw.r1c_nomenclature_current,18a412dc-52ae-11f1-b821-005056bde474,00-00014387,"Источник питания, Блок питания с регулируемым напряжением, 12-24В 3.0-1.5А",,cfd9b301-7290-11f0-b814-005056bde474,false,false
Номенклатура — current,raw.r1c_nomenclature_current,f18c8d9e-7f58-11ec-9c41-00505689c8d9,00-00006037,Источник стабилизированного питания ,,683c72a5-0a38-11f0-b80e-005056bde474,false,false
Номенклатура — current,raw.r1c_nomenclature_current,15327e4d-84a6-11ef-9c5d-00505689ff45,00-00011244,Йод маркер Леккер 5 мл,,213391ae-cf6d-11eb-bd90-fa163e0d31f7,false,false
Номенклатура — current,raw.r1c_nomenclature_current,e1097566-cf6d-11eb-bd90-fa163e0d31f7,БП-00004184,Йода р-р наруж. спирт.5% 25мл,,213391ae-cf6d-11eb-bd90-fa163e0d31f7,false,false
Номенклатура — current,raw.r1c_nomenclature_current,29bca6ab-2b1c-11f0-b80e-005056bde474,00-00012164,"КАБ.СТВОЛ,XAMLM1,РЕГ.ВЫС.GL430",,45c9e202-0a37-11f0-b80e-005056bde474,false,false
Номенклатура — current,raw.r1c_nomenclature_current,677548bf-2b1c-11f0-b80e-005056bde474,00-00012166,"КАБЕЛЬ-УДЛИНИТЕЛЬ,3П.4.5М,SD",,45c9e202-0a37-11f0-b80e-005056bde474,false,false
Номенклатура — current,raw.r1c_nomenclature_current,7cb1fb9a-4ebc-11f1-b821-005056bde474,00-00014347,КАРТОФЕЛЬ. ГОТОВАЯ ПРОДУКЦИЯ,,9b060c27-71d9-11e7-85a2-d43d7eec442d,true,false
Номенклатура — current,raw.r1c_nomenclature_current,346bbb41-306c-11ed-9c43-cb6d75bb653b,00-00007129,"ККТ АТОЛ 1ф черный ФН1,1 36мес USB+БП",,e6b715af-0a38-11f0-b80e-005056bde474,false,false
Номенклатура — current,raw.r1c_nomenclature_current,eb2cf148-bd0a-11f1-b824-005056bde474,00-00014806,КЛИН.РЕМЕНЬ 1785SK 23 КОПЛ.4ШТ,,4151e4bc-4ea0-11f1-b821-005056bde474,false,false
Номенклатура — current,raw.r1c_nomenclature_current,f4d75671-2b1b-11f0-b80e-005056bde474,00-00012162,КОМПЛ.Д.МОНТ.ГО ПЛИТЫ ПРУЖ.КОР,,45c9e202-0a37-11f0-b80e-005056bde474,false,false
Номенклатура — current,raw.r1c_nomenclature_current,c6e456c2-36e5-11f0-b80e-005056bde474,00-00012345,"КОМПЛ.МОНТ.ЗУБ.КОР.ОСЬ ОТ 76,2",,45c9e202-0a37-11f0-b80e-005056bde474,false,false
Номенклатура — current,raw.r1c_nomenclature_current,8699d61d-bd0a-11f1-b824-005056bde474,00-00014803,КОНИЧ.РОЛИКОПОДШИПНИК 33118/Q,,3339b874-4ea0-11f1-b821-005056bde474,false,false
Номенклатура — current,raw.r1c_nomenclature_current,77d67b2f-bd0a-11f1-b824-005056bde474,00-00014802,КОНИЧ.РОЛИКОПОДШИПНИК 33212/Q,,3339b874-4ea0-11f1-b821-005056bde474,false,false
Номенклатура — current,raw.r1c_nomenclature_current,a3744da2-2b1b-11f0-b80e-005056bde474,00-00012159,КОНТАКТН.ШАЙБА ФОРМА M12 ОЦ.,,45c9e202-0a37-11f0-b80e-005056bde474,false,false
Номенклатура — current,raw.r1c_nomenclature_current,afc98133-6058-11ef-9c5c-00505689ff45,00-00010910,"КПП ГАЗ-3307, ПАЗ-3205 квадр.флянец (ОАО ГАЗ)",,9b060c03-71d9-11e7-85a2-d43d7eec442d,false,false
Номенклатура — current,raw.r1c_nomenclature_current,ff613acd-d9e0-11ed-9c4e-00505689ff45,00-00007743,КЦ Бумага лист 26.01,,9b060c03-71d9-11e7-85a2-d43d7eec442d,false,false
Номенклатура — current,raw.r1c_nomenclature_current,ad941568-d9e1-11ed-9c4e-00505689ff45,00-00007744,КЦ Визитка Печать цифровая (46.02),,9b060c03-71d9-11e7-85a2-d43d7eec442d,false,false
Номенклатура — current,raw.r1c_nomenclature_current,b6c112d3-d9e0-11ed-9c4e-00505689ff45,00-00007742,КЦ Гильотивная резка 27.01,,9b060c03-71d9-11e7-85a2-d43d7eec442d,false,false
Номенклатура — current,raw.r1c_nomenclature_current,755f8bc9-d9e0-11ed-9c4e-00505689ff45,00-00007741,"КЦ Печать листовая (А3,А4,42.01)",,9b060c03-71d9-11e7-85a2-d43d7eec442d,false,false
Номенклатура — current,raw.r1c_nomenclature_current,ac474131-d9df-11ed-9c4e-00505689ff45,00-00007739,КЦ Полотно для ролл ал,,9b060c03-71d9-11e7-85a2-d43d7eec442d,false,false
Номенклатура — current,raw.r1c_nomenclature_current,9b060c73-71d9-11e7-85a2-d43d7eec442d,00000044   ,"Кабачок ""Сцилли"" F1",,f0e4c260-a130-11e8-af4c-30f7727a492e,false,false
Номенклатура — current,raw.r1c_nomenclature_current,ca2dc4a1-ce4a-11ed-9c4e-00505689ff45,00-00007697,Кабеленесущая цепь тип 0320.52 KR 100,,9b060c03-71d9-11e7-85a2-d43d7eec442d,false,false
Номенклатура — current,raw.r1c_nomenclature_current,617b5e84-9945-11e7-a3d3-94de80168a80,00-00000326,Кабель,,67e18806-3d8a-11f1-b821-005056bde474,false,false
Номенклатура — current,raw.r1c_nomenclature_current,211c279f-35ce-11ea-9522-30f7727a492e,00-00002372,"Кабель (бухта 305м) Parlan UUTR Cal5e 4х2х0,52 PVC",,211c2790-35ce-11ea-9522-30f7727a492e,false,false
Номенклатура — current,raw.r1c_nomenclature_current,1d645e00-51fe-11ee-9c4e-00505689ff45,00-00009512,Кабель (провод) КСПЭВГ 6х0.35мм,,67e18806-3d8a-11f1-b821-005056bde474,false,false
Номенклатура — current,raw.r1c_nomenclature_current,e7d72815-22cd-11ed-9c43-cb6d75bb653b,00-00007013,"Кабель 3,5 автосмотка 0,75м черный",,67e18806-3d8a-11f1-b821-005056bde474,false,false
Номенклатура — current,raw.r1c_nomenclature_current,a413406a-c735-11ea-9d96-fa163ee5d2f9,БП-00002875,"Кабель 4*2*0,5",,67e18806-3d8a-11f1-b821-005056bde474,false,false
Номенклатура — current,raw.r1c_nomenclature_current,868de27a-20b2-11ec-9c3a-00505689ff45,АК-00005282,Кабель FTP комп экранированный медн. REXANT,,67e18806-3d8a-11f1-b821-005056bde474,false,false
Номенклатура — current,raw.r1c_nomenclature_current,5d08c93e-f6f8-11f0-b81e-005056bde474,00-00013516,"Кабель HDMI-HDMI KEYRON 3m, P2-N030 [premium 8k, v2.1, коннектор металл, оболочка хлопок, круглый, с",,ce412305-0a38-11f0-b80e-005056bde474,false,false
Номенклатура — current,raw.r1c_nomenclature_current,31d9f1e7-cd0d-11ec-9c42-00505689c8d9,00-00006497,Кабель NDMI (M)-NDMI (M)- 10m черный,,67e18806-3d8a-11f1-b821-005056bde474,false,false
Номенклатура — current,raw.r1c_nomenclature_current,5c20f538-6b5f-11ed-9c4d-00505689c8d9,00-00007441,Кабель NYM 3х4,,67e18806-3d8a-11f1-b821-005056bde474,false,false
Номенклатура — current,raw.r1c_nomenclature_current,36f6d8ab-f9e0-11eb-9c3a-00505689ff45,АК-00003909,Кабель ParLan U/UTP Cat5e PVC 4x2x0.52,,67e18806-3d8a-11f1-b821-005056bde474,false,false
Номенклатура — current,raw.r1c_nomenclature_current,160a9de8-52b6-11f1-b821-005056bde474,00-00014393,"Кабель RVV (2G) 16Сх1,0+2/1,6 (10 метров) ",,89da002d-7290-11f0-b814-005056bde474,false,false
Номенклатура — current,raw.r1c_nomenclature_current,fa3b0da1-505c-11f1-b821-005056bde474,00-00014366,"Кабель SkyNet Premium FTP outdoor 4x2x0,51,медный, FLUKE TEST, кат.5e, однож., 100м, box, черный CSP",,f475f3a8-0a36-11f0-b80e-005056bde474,false,false
Номенклатура — current,raw.r1c_nomenclature_current,62a718ff-326e-11f1-b81f-005056bde474,00-00013953,"Кабель SkyNet Premium UTP indoor 4x2x0,51, медный, FLUKE TEST, кат.5e, однож., 305 м, box, серый CSP",,f475f3a8-0a36-11f0-b80e-005056bde474,false,false
Номенклатура — current,raw.r1c_nomenclature_current,0c353959-08d3-11f1-b81f-005056bde474,00-00013743,"Кабель SkyNet Standard [Витая пара U/UTP/4 пары/0,48 mm/CU/кат. 5е/однож./Indoor/305 m/box/(Серый)]",,ce412305-0a38-11f0-b80e-005056bde474,false,false
Номенклатура — current,raw.r1c_nomenclature_current,4e694b8e-bf33-11ed-9c4d-00505689ff45,00-00007675,Кабель USB 2м,,20e031f3-0a37-11f0-b80e-005056bde474,false,false
Номенклатура — current,raw.r1c_nomenclature_current,fe26a970-a734-11ef-9c5e-00505689ff45,00-00011368,Кабель АВбШв 4*25,,67e18806-3d8a-11f1-b821-005056bde474,false,false
Номенклатура — current,raw.r1c_nomenclature_current,1bb812e6-04f7-11ec-9c3a-00505689ff45,АК-00004681,Кабель ВВГ 2*1.5нг ГОСТ,,67e18806-3d8a-11f1-b821-005056bde474,false,false
Номенклатура — current,raw.r1c_nomenclature_current,a870675c-57a0-11ea-9525-30f7727a492e,00-00002481,Кабель ВВГ 2*2.5нг,,67e18806-3d8a-11f1-b821-005056bde474,false,false
Номенклатура — current,raw.r1c_nomenclature_current,a8706755-57a0-11ea-9525-30f7727a492e,00-00002474,Кабель ВВГ 3*1.5нг,,67e18806-3d8a-11f1-b821-005056bde474,false,false
Номенклатура — current,raw.r1c_nomenclature_current,a870675d-57a0-11ea-9525-30f7727a492e,00-00002482,Кабель ВВГ 3*2.5нг,,67e18806-3d8a-11f1-b821-005056bde474,false,false
Номенклатура — current,raw.r1c_nomenclature_current,762a8680-4fb5-11ed-9c43-cb6d75bb653b,00-00007329,Кабель ВВГ Пнг А LS5*16 ГОСТ ККЗ,,67e18806-3d8a-11f1-b821-005056bde474,false,false
Номенклатура — current,raw.r1c_nomenclature_current,05f49718-4fb5-11ed-9c43-cb6d75bb653b,00-00007327,Кабель ВВГ Пнг А LS5*2.5 ГОСТ ККЗ,,67e18806-3d8a-11f1-b821-005056bde474,false,false
Номенклатура — current,raw.r1c_nomenclature_current,81926037-f9e0-11eb-9c3a-00505689ff45,АК-00003910,"Кабель ВВГ-П нг(А)-LS 3х1,5 ок(N, PE)-066 ГОСТ",,67e18806-3d8a-11f1-b821-005056bde474,false,false
Номенклатура — current,raw.r1c_nomenclature_current,2ba46247-0259-11f1-b81e-005056bde474,00-00013668,Кабель ВВГ-Пнг-LS(А) 3х2.5 (бухта 50м) ,,89da002d-7290-11f0-b814-005056bde474,false,false
Номенклатура — current,raw.r1c_nomenclature_current,35533ffa-738d-11ec-9c40-00505689c8d9,АК-00005980,Кабель ВВГ.нг-п 3х4,,67e18806-3d8a-11f1-b821-005056bde474,false,false
Номенклатура — current,raw.r1c_nomenclature_current,41c75cfa-8f1f-11ec-9c42-00505689c8d9,00-00006147,Кабель ВВГиLS 5*4,,67e18806-3d8a-11f1-b821-005056bde474,false,false
Номенклатура — current,raw.r1c_nomenclature_current,6825b7bc-46f4-11ec-9c45-00505689c17d,АК-00005597,Кабель ВВГиLS 5*6,,67e18806-3d8a-11f1-b821-005056bde474,false,false
Номенклатура — current,raw.r1c_nomenclature_current,8376e74e-52bc-11f1-b821-005056bde474,00-00014394,"Кабель ВВГнг LS 5x2,5 ГОСТ - 100 м KARS-33714",,89da002d-7290-11f0-b814-005056bde474,false,false
Номенклатура — current,raw.r1c_nomenclature_current,bad7c9a3-e53b-11ee-9c4c-005056893620,00-00010300,"Кабель ВВГнг(А)-LS 4х25 ОК 0,66 Кв",,67e18806-3d8a-11f1-b821-005056bde474,false,false
Номенклатура — current,raw.r1c_nomenclature_current,fa1fb72c-a01a-11eb-c683-fa163e0d31f7,БП-00003863,Кабель ВВПНГ 2*1.5 ,,67e18806-3d8a-11f1-b821-005056bde474,false,false
Номенклатура — current,raw.r1c_nomenclature_current,9b88237e-6b60-11ed-9c4d-00505689c8d9,00-00007442,Кабель ГОСТ КОНКОРД ВВГнr LS 3*1.5,,67e18806-3d8a-11f1-b821-005056bde474,false,false
Номенклатура — current,raw.r1c_nomenclature_current,69c92d88-b0eb-11ec-9c42-00505689c8d9,00-00006415,"Кабель КВК-П+2х0,5",,20e031f3-0a37-11f0-b80e-005056bde474,false,false
Номенклатура — current,raw.r1c_nomenclature_current,86664698-3377-11ea-9522-30f7727a492e,00-00002340,Кабель КГ 1х16 силовой,,67e18806-3d8a-11f1-b821-005056bde474,false,false
Номенклатура — current,raw.r1c_nomenclature_current,322ff618-04e2-11f0-b80e-005056bde474,00-00011774,"Кабель КГ 5х2,5",,67e18806-3d8a-11f1-b821-005056bde474,false,false
Номенклатура — current,raw.r1c_nomenclature_current,6ca94468-f385-11ef-b80e-005056bde474,00-00011662,Кабель КГ ТП 4х4,,89da002d-7290-11f0-b814-005056bde474,false,false
Номенклатура — current,raw.r1c_nomenclature_current,c0932fbf-a295-11f0-b81d-005056bde474,00-00012837,"Кабель КГТП-ХЛ 5x2,5 мм 100 м ГОСТ",,89da002d-7290-11f0-b814-005056bde474,false,false
Номенклатура — current,raw.r1c_nomenclature_current,cf29f738-b71b-11f0-b81e-005056bde474,00-00012958,"Кабель КГтп-ХЛ 4x1,5 ГОСТ - 100 м ",,89da002d-7290-11f0-b814-005056bde474,false,false
Номенклатура — current,raw.r1c_nomenclature_current,35e79c73-e02e-11f0-b81e-005056bde474,00-00013230,"Кабель КГтп-ХЛ 5x2,5 ГОСТ i-KPP-KGTPHL-525-100",,67e18806-3d8a-11f1-b821-005056bde474,false,false
Номенклатура — current,raw.r1c_nomenclature_current,8e0c5201-87d1-11ee-9c4a-005056893620,00-00009850,"Кабель ККЗ 5х2,5",,67e18806-3d8a-11f1-b821-005056bde474,false,false
Номенклатура — current,raw.r1c_nomenclature_current,211c27a0-35ce-11ea-9522-30f7727a492e,00-00002373,"Кабель ПВСнг(А)-LS 3х0,75",,211c2790-35ce-11ea-9522-30f7727a492e,false,false
Номенклатура — current,raw.r1c_nomenclature_current,d2aed084-038c-11ea-951d-30f7727a492e,00-00002192,Кабель ШВВП,,67e18806-3d8a-11f1-b821-005056bde474,false,false
Номенклатура — current,raw.r1c_nomenclature_current,75438d1e-3fac-11f0-b80e-005056bde474,00-00012420,"Кабель активный USB A (M) - USB A (F), 10m, Ugreen [US121] Черный",,9b060c1e-71d9-11e7-85a2-d43d7eec442d,false,false
Номенклатура — current,raw.r1c_nomenclature_current,378fb983-a5de-11ec-9c42-00505689c8d9,00-00006328,Кабель витая пара (бухта 305м) FTP 4PR24AWG CAT5е наружный,,20e031f3-0a37-11f0-b80e-005056bde474,false,false
Номенклатура — current,raw.r1c_nomenclature_current,e4692cea-98de-11ee-9c4a-005056893620,00-00009910,Кабель витая пара 8 жил,,20e031f3-0a37-11f0-b80e-005056bde474,false,false
Номенклатура — current,raw.r1c_nomenclature_current,80577cb0-5b54-11f1-b821-005056bde474,00-00014461,"Кабель витая пара Bion, кат.5e, 4x2x0,51мм AWG24, CCA, одножильный, PE, для внешней прокладки, 305м,",,9b060c1e-71d9-11e7-85a2-d43d7eec442d,false,false
Номенклатура — current,raw.r1c_nomenclature_current,7b260c5b-a2a9-11f0-b81d-005056bde474,00-00012843,"Кабель гибкий круглый КГтп 3x2,5 ГОСТ",,89da002d-7290-11f0-b814-005056bde474,false,false
Номенклатура — current,raw.r1c_nomenclature_current,9dcdbb8f-c734-11ee-9c4c-005056893620,00-00010159,Кабель греющий,,67e18806-3d8a-11f1-b821-005056bde474,false,false
Номенклатура — current,raw.r1c_nomenclature_current,0e999978-9414-11ee-9c4a-005056893620,00-00009883,Кабель греющий на трубу 4м,,67e18806-3d8a-11f1-b821-005056bde474,false,false
Номенклатура — current,raw.r1c_nomenclature_current,85a2ac59-749f-11ee-9c4a-005056893620,00-00009715,Кабель для ОПС огнестойкий,,cf1ab97a-749e-11ee-9c4a-005056893620,false,false
Номенклатура — current,raw.r1c_nomenclature_current,76772398-b2e8-11ef-9c5e-00505689ff45,00-00011442,Кабель для подключения периферийных устройств USB,,20e031f3-0a37-11f0-b80e-005056bde474,false,false
Номенклатура — current,raw.r1c_nomenclature_current,a7aa39ca-1cd5-11ef-9c58-00505689ff45,00-00010606,Кабель заземления ЭК-800.211,,9b060c03-71d9-11e7-85a2-d43d7eec442d,false,false
Номенклатура — current,raw.r1c_nomenclature_current,d7cb3653-08d2-11f1-b81f-005056bde474,00-00013737,"Кабель интерфейсный SATA Cablexpert, Sata3 7pin / 7pin, медн.проводник, 50см, пакет",,ce412305-0a38-11f0-b80e-005056bde474,false,false
Номенклатура — current,raw.r1c_nomenclature_current,6851d862-b28d-11e9-af76-30f7727a492e,00-00001792,Кабель информационный медь 2 пары,,20e031f3-0a37-11f0-b80e-005056bde474,false,false
Номенклатура — current,raw.r1c_nomenclature_current,07ca3b14-a2b4-11f0-b81d-005056bde474,00-00012847,Кабель микрофонный КММ 7x0.35 мм2,,89da002d-7290-11f0-b814-005056bde474,false,false
Номенклатура — current,raw.r1c_nomenclature_current,ed2e6c2e-b722-11f0-b81e-005056bde474,00-00012961,Кабель нагревательный саморег.,,67e18806-3d8a-11f1-b821-005056bde474,false,false
Номенклатура — current,raw.r1c_nomenclature_current,5f693180-84fa-11f1-b824-005056bde474,00-00014623,Кабель нагревательный саморегул. 17Вт/м,,67e18806-3d8a-11f1-b821-005056bde474,false,false
Номенклатура — current,raw.r1c_nomenclature_current,8dbc692e-49b5-11eb-a99a-fa163e0d31f7,БП-00003520,Кабель не распростроняющий горение с пониженным дымо-и газогорением км,,ce7d79f6-49b2-11eb-a99a-fa163e0d31f7,false,false
Номенклатура — current,raw.r1c_nomenclature_current,85468883-f707-11f0-b81e-005056bde474,00-00013545,Кабель подводный 3*2.5,,67e18806-3d8a-11f1-b821-005056bde474,false,false
Номенклатура — current,raw.r1c_nomenclature_current,d55ce24d-08bd-11f1-b81f-005056bde474,00-00013693,"Кабель подводный для питьевой воды 4х2,5мм 2",,67e18806-3d8a-11f1-b821-005056bde474,false,false
Номенклатура — current,raw.r1c_nomenclature_current,933c197d-7f96-11ed-9c4d-00505689c8d9,00-00007508,Кабель подключения упаковочной машины к дозатору,,20e031f3-0a37-11f0-b80e-005056bde474,false,false
Номенклатура — current,raw.r1c_nomenclature_current,44732316-2535-11ed-9c43-cb6d75bb653b,00-00007065,Кабель подогревательный на трубу саморег.16вт/м,,67e18806-3d8a-11f1-b821-005056bde474,false,false
Номенклатура — current,raw.r1c_nomenclature_current,6914e708-0b81-11eb-3385-fa163ee5d2f9,БП-00003118,"Кабель с медными однопроволочными з жилами ПВСнг(А)-LS 3х1,5 (ож)-0,66",,de1714af-8a12-11e7-af1d-30f7727a492e,false,false
Номенклатура — current,raw.r1c_nomenclature_current,066c9337-8f1e-11ec-9c42-00505689c8d9,00-00006143,Кабель саморегулирующий SST17KCTM2-T-100,,67e18806-3d8a-11f1-b821-005056bde474,false,false
Номенклатура — current,raw.r1c_nomenclature_current,958dd9f9-a2a8-11f0-b81d-005056bde474,00-00012841,"Кабель силовой ВВГ-ПнгА 3х1.5 N,PE ГОСТ",,89da002d-7290-11f0-b814-005056bde474,false,false
Номенклатура — current,raw.r1c_nomenclature_current,bae24453-a2a8-11f0-b81d-005056bde474,00-00012842,"Кабель силовой ВВГ-ПнгА-LS 3х2.5 N,PE ГОСТ",,89da002d-7290-11f0-b814-005056bde474,false,false
Номенклатура — current,raw.r1c_nomenclature_current,2dec87cc-a539-11f1-b824-005056bde474,00-00014728,"Кабель силовой ввгнг(a)-ls 3x2.5 мм2, 15м",,193544c0-7290-11f0-b814-005056bde474,false,false
Номенклатура — current,raw.r1c_nomenclature_current,6dd045bf-76bb-11f0-b814-005056bde474,00-00012698,"Кабель силовой ввгнг(а)-ls 5х6 -0,66 (20м) гост",,67e18806-3d8a-11f1-b821-005056bde474,false,false
Номенклатура — current,raw.r1c_nomenclature_current,38f3d1ef-4b32-11ee-9c4e-00505689ff45,00-00009479,"Кабель силовой гибкий кг 2х1,5",,67e18806-3d8a-11f1-b821-005056bde474,false,false
Номенклатура — current,raw.r1c_nomenclature_current,4c23646b-e53b-11ee-9c4c-005056893620,00-00010299,"Кабель силовой гибкий кг 3х2,5",,67e18806-3d8a-11f1-b821-005056bde474,false,false
Номенклатура — current,raw.r1c_nomenclature_current,edbd0fa0-04e1-11f0-b80e-005056bde474,00-00011773,"Кабель силовой гибкий кг 4х6,0",,67e18806-3d8a-11f1-b821-005056bde474,false,false
Номенклатура — current,raw.r1c_nomenclature_current,e1d45993-1165-11f1-b81f-005056bde474,00-00013817,"Кабель силовой медный негорючий Ввгнг-п 3х1,5",,67e18806-3d8a-11f1-b821-005056bde474,false,false
Номенклатура — current,raw.r1c_nomenclature_current,4672da6e-16ca-11f0-b80e-005056bde474,00-00011951,"Кабель силовой медный негорючий Ввгнг-п 3х2,5",,9088eead-75dc-11e7-af18-30f7727a492e,false,false
Номенклатура — current,raw.r1c_nomenclature_current,5f0a75ea-41c3-11ee-9c4e-00505689ff45,00-00009240,"Кабель силовой медый негорючий +LS BBГ 3х1,5 Круглый",,67e18806-3d8a-11f1-b821-005056bde474,false,false
