category,source_table,object_id,object_code,original_name,full_name,parent_id,is_folder,deletion_mark
Номенклатура — current,raw.r1c_nomenclature_current,adf54170-1019-11ee-9c4e-00505689ff45,00-00008188,"Кабель силовой медый негорючий 2х2,5",,67e18806-3d8a-11f1-b821-005056bde474,false,false
Номенклатура — current,raw.r1c_nomenclature_current,7877da29-e53a-11ee-9c4c-005056893620,00-00010297,"Кабель силовой медый негорючий BBГнг LS 5х2,5 ",,67e18806-3d8a-11f1-b821-005056bde474,false,false
Номенклатура — current,raw.r1c_nomenclature_current,eab18a90-4eaa-11f1-b821-005056bde474,00-00014343,"Кабель силовой медый негорючий BBГнг(А) LS 5х6,0 ",,67e18806-3d8a-11f1-b821-005056bde474,false,false
Номенклатура — current,raw.r1c_nomenclature_current,cedb6b36-04a9-11f0-b80e-005056bde474,00-00011767,"Кабель силовой медый негорючий Bвгнг-п 2х1,5 ",,67e18806-3d8a-11f1-b821-005056bde474,false,false
Номенклатура — current,raw.r1c_nomenclature_current,d3fdb49c-49b5-11eb-a99a-fa163e0d31f7,БП-00003521,Кабель силовой не распростроняющий горение с пониженным дымо-и газогорением км,,ce7d79f6-49b2-11eb-a99a-fa163e0d31f7,false,false
Номенклатура — current,raw.r1c_nomenclature_current,5e22fb05-0259-11f1-b81e-005056bde474,00-00013669,"Кабель соединительный ПВС 3х2,5 (50м)",,89da002d-7290-11f0-b814-005056bde474,false,false
Номенклатура — current,raw.r1c_nomenclature_current,4e175005-a906-11ed-9c4d-00505689ff45,00-00007629,Кабель удлинитель провод конектер USB 5м,,20e031f3-0a37-11f0-b80e-005056bde474,false,false
Номенклатура — current,raw.r1c_nomenclature_current,2090ac9c-5caa-11ec-9c40-00505689c8d9,АК-00005790,Кабель-канал  100х60 ПРАЙМЕР парапетный ИЭК СКК40-100-060-1-К01,,9adc9f2a-3d8a-11f1-b821-005056bde474,false,false
Номенклатура — current,raw.r1c_nomenclature_current,a8706756-57a0-11ea-9525-30f7727a492e,00-00002475,Кабель-канал  16*16 ,,9adc9f2a-3d8a-11f1-b821-005056bde474,false,false
Номенклатура — current,raw.r1c_nomenclature_current,7cd55dbd-f359-11ef-b80e-005056bde474,00-00011656,Кабель-канал  20х10мм,,9adc9f2a-3d8a-11f1-b821-005056bde474,false,false
Номенклатура — current,raw.r1c_nomenclature_current,b2e6382b-87d3-11ee-9c4a-005056893620,00-00009852,Кабель-канал  25х16 (электор),,9adc9f2a-3d8a-11f1-b821-005056bde474,false,false
Номенклатура — current,raw.r1c_nomenclature_current,7c3adf7c-7711-11ed-9c4d-00505689c8d9,00-00007488,Кабель-канал  25х18мм Элекор ИЭК СКК10-025-016-1-КО1,,9adc9f2a-3d8a-11f1-b821-005056bde474,false,false
Номенклатура — current,raw.r1c_nomenclature_current,88852207-5ca6-11ec-9c40-00505689c8d9,АК-00005785,Кабель-канал  25х25 (электор),,9adc9f2a-3d8a-11f1-b821-005056bde474,false,false
Номенклатура — current,raw.r1c_nomenclature_current,234deba0-4c29-11ec-9c40-00505689c8d9,АК-00005675,Кабель-канал  40*16 ,,9adc9f2a-3d8a-11f1-b821-005056bde474,false,false
Номенклатура — current,raw.r1c_nomenclature_current,eb867a6a-738c-11ec-9c40-00505689c8d9,АК-00005979,Кабель-канал  60х40 Элекор ИЭК СКК10-080-040-1-КО1-018,,9adc9f2a-3d8a-11f1-b821-005056bde474,false,false
Номенклатура — current,raw.r1c_nomenclature_current,0207e43a-1597-11ea-9521-30f7727a492e,00-00002235,Кабель-канал УралПак 25*25 ,,9adc9f2a-3d8a-11f1-b821-005056bde474,false,false
Номенклатура — current,raw.r1c_nomenclature_current,0207e42f-1597-11ea-9521-30f7727a492e,00-00002224,Кабель-канал УралПак 40*25 ,,9adc9f2a-3d8a-11f1-b821-005056bde474,false,false
Номенклатура — current,raw.r1c_nomenclature_current,0207e430-1597-11ea-9521-30f7727a492e,00-00002225,Кабель-канал УралПак 60*60 ,,9adc9f2a-3d8a-11f1-b821-005056bde474,false,false
Номенклатура — current,raw.r1c_nomenclature_current,cb575337-f9e0-11eb-9c3a-00505689ff45,АК-00003911,Кабель-канал белый 2-й замок 40х25,,9adc9f2a-3d8a-11f1-b821-005056bde474,false,false
Номенклатура — current,raw.r1c_nomenclature_current,fe3c26a7-5052-11ed-9c43-cb6d75bb653b,00-00007334,Кабельный ввод PG 21 диаметр проводника 15-18 мм IP54,,9adc9f2a-3d8a-11f1-b821-005056bde474,false,false
Номенклатура — current,raw.r1c_nomenclature_current,04b3d51d-7feb-11ef-9c5d-00505689ff45,00-00011155,Кабельный набор с заземлением 200А/2 м,,9adc9f2a-3d8a-11f1-b821-005056bde474,false,false
Номенклатура — current,raw.r1c_nomenclature_current,ad48f96c-a2a9-11f0-b81d-005056bde474,00-00012844,"Кабельный наконечник НШвИ 2,5-12 1,5 мм2 100 штук",,89da002d-7290-11f0-b814-005056bde474,false,false
Номенклатура — current,raw.r1c_nomenclature_current,f19444dc-a2a9-11f0-b81d-005056bde474,00-00012845,"Кабельный наконечник НШвИ 2,5-8 2,5 мм2 100 штук",,89da002d-7290-11f0-b814-005056bde474,false,false
Номенклатура — current,raw.r1c_nomenclature_current,a4ee560c-753f-11e9-af6d-30f7727a492e,00-00001562,Кабина малая МТЗ,,9b060c03-71d9-11e7-85a2-d43d7eec442d,false,false
Номенклатура — current,raw.r1c_nomenclature_current,d2bcb88a-f524-11eb-9c3a-00505689ff45,АК-00003538,Кагатник Инсектицид,,f9d67774-531d-11f0-b811-005056bde474,false,false
Номенклатура — current,raw.r1c_nomenclature_current,7b9b3611-e4a1-11e7-a3fa-94de80168a80,00-00000538,"Кадастровые работы,экспертизы,проектирование",,34f83445-094c-11f0-b80e-005056bde474,false,false
Номенклатура — current,raw.r1c_nomenclature_current,d2bcb88b-f524-11eb-9c3a-00505689ff45,АК-00003539,Казим Инсектицид,,2eaeac4d-5322-11f0-b811-005056bde474,false,false
Номенклатура — current,raw.r1c_nomenclature_current,d2bcb88c-f524-11eb-9c3a-00505689ff45,АК-00003540,Кайзер Инсектицид,,668204c4-5324-11f0-b811-005056bde474,false,false
Номенклатура — current,raw.r1c_nomenclature_current,d2bcb88d-f524-11eb-9c3a-00505689ff45,АК-00003541,Кайзо Инсектицид,,f9d67774-531d-11f0-b811-005056bde474,false,false
Номенклатура — current,raw.r1c_nomenclature_current,d2bcb88e-f524-11eb-9c3a-00505689ff45,АК-00003542,Калаш Инсектицид,,f9d67774-531d-11f0-b811-005056bde474,false,false
Номенклатура — current,raw.r1c_nomenclature_current,fa109b6b-5074-11ed-9c43-cb6d75bb653b,00-00007340,Календарь квартальный,,9088ee8b-75dc-11e7-af18-30f7727a492e,false,false
Номенклатура — current,raw.r1c_nomenclature_current,d2bcb88f-f524-11eb-9c3a-00505689ff45,АК-00003543,Калибел Инсектицид,,2eaeac4d-5322-11f0-b811-005056bde474,false,false
Номенклатура — current,raw.r1c_nomenclature_current,03cf4b11-ed91-11ec-9c42-89a3dcc9992a,00-00006693,"Калибр Цепь пильная 3/8-1,3-56",,9b060c03-71d9-11e7-85a2-d43d7eec442d,false,false
Номенклатура — current,raw.r1c_nomenclature_current,55433522-74e7-11ef-9c5d-00505689ff45,00-00011061,Калибратор для картофеля веерный,,f0e4c260-a130-11e8-af4c-30f7727a492e,false,false
Номенклатура — current,raw.r1c_nomenclature_current,f57a8d74-4399-11eb-b594-fa163e0d31f7,БП-00003457,Калибровочный раствор для солемеров 100 мл,,f0e4c260-a130-11e8-af4c-30f7727a492e,false,false
Номенклатура — current,raw.r1c_nomenclature_current,e02f45e5-e470-11ef-b80c-005056bde474,00-00011639,"Калий хлористый, гранулированный, 60%, МКР ",,237d7baa-3b95-11f0-b80e-005056bde474,false,false
Номенклатура — current,raw.r1c_nomenclature_current,237d7baa-3b95-11f0-b80e-005056bde474,00-00012399,Калийные удобрения (K),,8620e7b8-3b94-11f0-b80e-005056bde474,true,false
Номенклатура — current,raw.r1c_nomenclature_current,ca17f4bb-4b69-11ec-9c40-00505689c8d9,АК-00005631,Калимаг K2O20:MgO9,,237d7baa-3b95-11f0-b80e-005056bde474,false,false
Номенклатура — current,raw.r1c_nomenclature_current,d63fdada-6b9f-11e8-af3e-30f7727a492e,00-00000900,"Калимаг гранулированный,МКР",,237d7baa-3b95-11f0-b80e-005056bde474,false,false
Номенклатура — current,raw.r1c_nomenclature_current,b55bbd5c-3aac-11ef-9c59-00505689ff45,00-00010681,Калимагнезия (40кг) ,,237d7baa-3b95-11f0-b80e-005056bde474,false,false
Номенклатура — current,raw.r1c_nomenclature_current,d2bcb890-f524-11eb-9c3a-00505689ff45,АК-00003544,Калипсо Инсектицид,,f9d67774-531d-11f0-b811-005056bde474,false,false
Номенклатура — current,raw.r1c_nomenclature_current,ead06be9-283e-11ed-9c43-cb6d75bb653b,00-00007091,"Калитка каркас под лист в раме 40*25*1,5",,de1714af-8a12-11e7-af1d-30f7727a492e,false,false
Номенклатура — current,raw.r1c_nomenclature_current,8d12ff74-c4fb-11ef-9c5f-00505689ff45,00-00011536,Калорифер дизельный ДН-52НТСАДР,,9088eeaf-75dc-11e7-af18-30f7727a492e,false,false
Номенклатура — current,raw.r1c_nomenclature_current,0efbca20-6840-11ee-9c50-00505689ff45,00-00009666,Калькулятор карманный Dell 8разр LCD дисплей,,9088ee8b-75dc-11e7-af18-30f7727a492e,false,false
Номенклатура — current,raw.r1c_nomenclature_current,da06f8cf-fe2d-11ed-9c4e-00505689ff45,00-00008056,Калькулятор настольный КОМПАКТ 148х120 мм черный,,9088ee8b-75dc-11e7-af18-30f7727a492e,false,false
Номенклатура — current,raw.r1c_nomenclature_current,454db8fd-814c-11ed-9c4d-00505689c8d9,00-00007511,Калькулятор настольный полноразмерный ATTACHE Economy 12 разр,,9088ee8b-75dc-11e7-af18-30f7727a492e,false,false
Номенклатура — current,raw.r1c_nomenclature_current,cc9baede-d826-11eb-d199-fa163e0d31f7,БП-00004355,Калькулятор настольный полноразмерный CASIO,,9088ee8b-75dc-11e7-af18-30f7727a492e,false,false
Номенклатура — current,raw.r1c_nomenclature_current,f058794e-e7ac-11ea-3497-fa163ee5d2f9,БП-00002978,Калькулятор настольный полноразмерный CITZEN,,683c72a5-0a38-11f0-b80e-005056bde474,false,false
Номенклатура — current,raw.r1c_nomenclature_current,8d7ce28e-7904-11f1-b822-005056bde474,00-00014567,"Камера 11,5/80-15,3 (TR-15)",,0fe397ba-4ea3-11f1-b821-005056bde474,false,false
Номенклатура — current,raw.r1c_nomenclature_current,cbffef7b-80b4-11ef-9c5d-00505689ff45,00-00011177,Камера 11.5/80-15.3 TR-15,,9b060c03-71d9-11e7-85a2-d43d7eec442d,false,false
Номенклатура — current,raw.r1c_nomenclature_current,0b63d8cf-5b4a-11f1-b821-005056bde474,00-00014452,Камера 12.4-52 TR-218A MRB,,0fe397ba-4ea3-11f1-b821-005056bde474,false,false
Номенклатура — current,raw.r1c_nomenclature_current,3895eaa7-754c-11ed-9c4d-00505689c8d9,00-00007452,"Камера 16,0/70-24 TR-218A Kabat",,9b060c03-71d9-11e7-85a2-d43d7eec442d,false,false
Номенклатура — current,raw.r1c_nomenclature_current,f191a317-465e-11ee-9c4e-00505689ff45,00-00009408,Камера 16.5/70-18 V3.04.5 ForeRunner,,9b060c03-71d9-11e7-85a2-d43d7eec442d,false,false
Номенклатура — current,raw.r1c_nomenclature_current,345e6e9a-0196-11f1-b81e-005056bde474,00-00013665,Камера 16.9-24 Marcher TR-218А,,45c9e202-0a37-11f0-b80e-005056bde474,false,false
Номенклатура — current,raw.r1c_nomenclature_current,c144270c-9b2e-11ee-9c4b-005056893620,00-00009921,Камера 16.9-24 TR-216A DDNGAH 10702070/181023/3426148,,9b060c03-71d9-11e7-85a2-d43d7eec442d,false,false
Номенклатура — current,raw.r1c_nomenclature_current,c27270e5-a543-11f1-b824-005056bde474,00-00014733,Камера 16x6-8 JS2,,dbec34ce-3ee1-11f1-b821-005056bde474,false,false
Номенклатура — current,raw.r1c_nomenclature_current,80715756-9aed-11e8-af49-30f7727a492e,00-00001033,Камера 175*16,,9b060c03-71d9-11e7-85a2-d43d7eec442d,false,false
Номенклатура — current,raw.r1c_nomenclature_current,e0a0c24c-dc47-11e8-af56-30f7727a492e,00-00001329,Камера 260*508 ЗИЛ 130,,9b060c03-71d9-11e7-85a2-d43d7eec442d,false,false
Номенклатура — current,raw.r1c_nomenclature_current,ab397371-0326-11ef-9c4f-005056893620,00-00010434,Камера 28.1-26 (720-665),,9b060c03-71d9-11e7-85a2-d43d7eec442d,false,false
Номенклатура — current,raw.r1c_nomenclature_current,45005a1d-6227-11ec-9c40-00505689c8d9,АК-00005806,"Камера 4,00*8 ТР13",,9b060c03-71d9-11e7-85a2-d43d7eec442d,false,false
Номенклатура — current,raw.r1c_nomenclature_current,1641c367-29c5-11f0-b80e-005056bde474,00-00012105,Камера 400/60-15.5 NEXEN,,20296b06-0a38-11f0-b80e-005056bde474,false,false
Номенклатура — current,raw.r1c_nomenclature_current,3c3c043b-29b2-11f0-b80e-005056bde474,00-00012090,Камера 7.00-12,,45c9e202-0a37-11f0-b80e-005056bde474,false,false
Номенклатура — current,raw.r1c_nomenclature_current,aeb821a5-7904-11f1-b822-005056bde474,00-00014568,"Камера ATV 8"" 16х6,50-8",,0fe397ba-4ea3-11f1-b821-005056bde474,false,false
Номенклатура — current,raw.r1c_nomenclature_current,2e7605cd-0e63-11f1-b81f-005056bde474,00-00013775,"Камера ATV 8"" 16х6.50-8",,45c9e202-0a37-11f0-b80e-005056bde474,false,false
Номенклатура — current,raw.r1c_nomenclature_current,d92d1df2-f81c-11ef-b80e-005056bde474,00-00011671,Камера R-16 Газель (Нижнекамск),,9b060c03-71d9-11e7-85a2-d43d7eec442d,false,false
Номенклатура — current,raw.r1c_nomenclature_current,81f4f8dd-f81a-11ef-b80e-005056bde474,00-00011669,Камера R13 инноватор,,9b060c03-71d9-11e7-85a2-d43d7eec442d,false,false
Номенклатура — current,raw.r1c_nomenclature_current,68310a49-3701-11f0-b80e-005056bde474,00-00012369,"Камера ГАЗ 53 240х508 (8,25-20)",,20296b06-0a38-11f0-b80e-005056bde474,false,false
Номенклатура — current,raw.r1c_nomenclature_current,98083f64-bf05-11eb-1998-fa163e0d31f7,БП-00004042,Камера ГАЗ 66 12.00*18,,9b060c03-71d9-11e7-85a2-d43d7eec442d,false,false
Номенклатура — current,raw.r1c_nomenclature_current,9cb147f1-5acc-11ef-9c59-00505689ff45,00-00010873,Камера ГАЗ М665АК R-16,,9b060c03-71d9-11e7-85a2-d43d7eec442d,false,false
Номенклатура — current,raw.r1c_nomenclature_current,ce01a160-a48e-11ee-9c4c-005056893620,00-00010008,"Камера МТЗ 1221 18,4*38 ВЛ32 16,9-38н",,9b060c03-71d9-11e7-85a2-d43d7eec442d,false,false
Номенклатура — current,raw.r1c_nomenclature_current,76c7e00a-8815-11e9-af70-30f7727a492e,00-00001662,"Камера МТЗ-80 БЕЛАРУСЬ колеса заднего с/х Р 13,6-38",,9b060c03-71d9-11e7-85a2-d43d7eec442d,false,false
Номенклатура — current,raw.r1c_nomenclature_current,b07808e4-92b6-11ec-9c42-00505689c8d9,00-00006233,Камера Сordiant R16 АК 175-16 82103499,,9b060c03-71d9-11e7-85a2-d43d7eec442d,false,false
Номенклатура — current,raw.r1c_nomenclature_current,73b2c721-d0ea-11f0-b81e-005056bde474,00-00013018,Камера автомобильная 200 R14.5,,20296b06-0a38-11f0-b80e-005056bde474,false,false
Номенклатура — current,raw.r1c_nomenclature_current,d1d20302-447f-11eb-7b94-fa163e0d31f7,БП-00003481,Камера автомобильная R13,,9b060c03-71d9-11e7-85a2-d43d7eec442d,false,false
Номенклатура — current,raw.r1c_nomenclature_current,44d82bb8-d6f8-11ef-b80c-005056bde474,00-00011550,Камера видеонаблюдения IP,,20e031f3-0a37-11f0-b80e-005056bde474,false,false
Номенклатура — current,raw.r1c_nomenclature_current,6fe45859-bd0f-11f1-b824-005056bde474,00-00014812,"Камера видеонаблюдения IP Hikvision DS-2DE2A404IWG1-E, 2560х1440 pix, 2.8-12 мм, белый (DS-2DE2A404I",,f475f3a8-0a36-11f0-b80e-005056bde474,false,false
Номенклатура — current,raw.r1c_nomenclature_current,4ab1ed8f-11bc-11ee-9c4e-00505689ff45,00-00008228,"Камера для пневмат.колеса 4,8/4,0 380мм",,9b060c03-71d9-11e7-85a2-d43d7eec442d,false,false
Номенклатура — current,raw.r1c_nomenclature_current,a8ab5ec9-f69b-11f0-b81e-005056bde474,00-00013489,Камера задняя МТЗ80 15.5х38,,45c9e202-0a37-11f0-b80e-005056bde474,false,false
Номенклатура — current,raw.r1c_nomenclature_current,e149854c-b371-11f0-b81e-005056bde474,00-00012909,"Камера на автопогрузчик 5,00-8 JS2",,dbec34ce-3ee1-11f1-b821-005056bde474,false,false
Номенклатура — current,raw.r1c_nomenclature_current,5b7955f5-7904-11f1-b822-005056bde474,00-00014566,"Камера на погрузчик 6,00-9",,dbec34ce-3ee1-11f1-b821-005056bde474,false,false
Номенклатура — current,raw.r1c_nomenclature_current,f8d5caa1-d1e8-11f0-b81e-005056bde474,00-00013054,"Камера погрузчик 6,5-10",,45c9e202-0a37-11f0-b80e-005056bde474,false,false
Номенклатура — current,raw.r1c_nomenclature_current,06b3dce3-b372-11f0-b81e-005056bde474,00-00012910,"Камера погрузчик 8,25-15",,dbec34ce-3ee1-11f1-b821-005056bde474,false,false
Номенклатура — current,raw.r1c_nomenclature_current,4863239d-56e9-11ee-9c4e-00505689ff45,00-00009533,Камера телевизионного наблюдения,,9088eeaf-75dc-11e7-af18-30f7727a492e,false,false
Номенклатура — current,raw.r1c_nomenclature_current,42c8acf1-98de-11ee-9c4a-005056893620,00-00009907,Камера телевизионного наблюденияи IP,,20e031f3-0a37-11f0-b80e-005056bde474,false,false
Номенклатура — current,raw.r1c_nomenclature_current,013d2fd3-5f5d-11e9-af6b-30f7727a492e,00-00001532,"Камера тормозная К-700,МАЗ",,9b060c03-71d9-11e7-85a2-d43d7eec442d,false,false
Номенклатура — current,raw.r1c_nomenclature_current,dbec34ce-3ee1-11f1-b821-005056bde474,00-00014100,Камера/шины,,378151a1-0a37-11f0-b80e-005056bde474,true,false
Номенклатура — current,raw.r1c_nomenclature_current,d2bcb891-f524-11eb-9c3a-00505689ff45,АК-00003545,Камикадзе Инсектицид,,f9d67774-531d-11f0-b811-005056bde474,false,false
Номенклатура — current,raw.r1c_nomenclature_current,48f15e30-cc54-11f0-b81e-005056bde474,00-00012995,Камни и ботва,,ee206f1b-243d-11f0-b80e-005056bde474,false,false
Номенклатура — current,raw.r1c_nomenclature_current,97dad3c8-3ace-11eb-dc8d-fa163e0d31f7,БП-00003419,"Камни шлифовальные, набот 10шт.",,f7164898-2ffe-11eb-af80-fa163e0d31f7,false,false
Номенклатура — current,raw.r1c_nomenclature_current,7e192d34-20b1-11ec-9c3a-00505689ff45,АК-00005281,Камоцци 6580 12 соединитель прямой,,9b060c03-71d9-11e7-85a2-d43d7eec442d,false,false
Номенклатура — current,raw.r1c_nomenclature_current,1e3e15f6-5a5f-11eb-0780-fa163e0d31f7,БП-00003677,Кампост,,9b060c3b-71d9-11e7-85a2-d43d7eec442d,false,false
Номенклатура — current,raw.r1c_nomenclature_current,644e5ca0-87e3-11ee-9c4a-005056893620,00-00009862,Канат ПА-Т-3пр-48мм-Б (6м),,9b060c02-71d9-11e7-85a2-d43d7eec442d,false,false
Номенклатура — current,raw.r1c_nomenclature_current,4deb953f-dd46-11ed-9c4e-00505689ff45,00-00007754,Канат ПА-Т-3пр-56мм-Б (6м),,9b060c02-71d9-11e7-85a2-d43d7eec442d,false,false
Номенклатура — current,raw.r1c_nomenclature_current,26a7f048-e153-11ea-8696-fa163ee5d2f9,БП-00002935,Канат джутовый,,a9e60e17-4216-11f1-b821-005056bde474,false,false
Номенклатура — current,raw.r1c_nomenclature_current,9986f2b4-ed91-11ec-9c42-89a3dcc9992a,00-00006694,Канат стальной ф12мм 50м,,9b060c03-71d9-11e7-85a2-d43d7eec442d,false,false
Номенклатура — current,raw.r1c_nomenclature_current,a9e60e17-4216-11f1-b821-005056bde474,00-00014121,Канаты,,b1a6df2f-0a39-11f0-b80e-005056bde474,true,false
Номенклатура — current,raw.r1c_nomenclature_current,6a62948a-e971-11e8-af5a-30f7727a492e,00-00001348,Канистра 10л,,5b1a32aa-4216-11f1-b821-005056bde474,false,false
Номенклатура — current,raw.r1c_nomenclature_current,485dfeba-9ad4-11e8-af49-30f7727a492e,00-00001010,Канистра 20л,,5b1a32aa-4216-11f1-b821-005056bde474,false,false
Номенклатура — current,raw.r1c_nomenclature_current,7d4290c7-9ae5-11f1-b824-005056bde474,00-00014712,Канистра 25л,,5b1a32aa-4216-11f1-b821-005056bde474,false,false
Номенклатура — current,raw.r1c_nomenclature_current,c5aa2e6a-d1b5-11f0-b81e-005056bde474,00-00013025,Канистра 30л пластиковая с крышкой,,5b1a32aa-4216-11f1-b821-005056bde474,false,false
Номенклатура — current,raw.r1c_nomenclature_current,8f1329f6-7eda-11ee-9c4a-005056893620,00-00009763,"Канистра 31,5л ЗТИ",,f0e4c260-a130-11e8-af4c-30f7727a492e,false,false
Номенклатура — current,raw.r1c_nomenclature_current,171817f2-e490-11eb-0c9a-fa163e0d31f7,БП-00004489,Канистра Сорокин 5л,,5b1a32aa-4216-11f1-b821-005056bde474,false,false
Номенклатура — current,raw.r1c_nomenclature_current,77e1021c-f70c-11f0-b81e-005056bde474,00-00013575,Канистра-бутыль пластм с ручкой 20л,,917ab634-0a38-11f0-b80e-005056bde474,false,false
Номенклатура — current,raw.r1c_nomenclature_current,5b1a32aa-4216-11f1-b821-005056bde474,00-00014118,Канистры,,9088eeab-75dc-11e7-af18-30f7727a492e,true,false
Номенклатура — current,raw.r1c_nomenclature_current,d2bcb892-f524-11eb-9c3a-00505689ff45,АК-00003546,Канонир Дуо Инсектицид,,f9d67774-531d-11f0-b811-005056bde474,false,false
Номенклатура — current,raw.r1c_nomenclature_current,9088ee8b-75dc-11e7-af18-30f7727a492e,00-00000037,Канцелярские товары,,bdb4a42b-094b-11f0-b80e-005056bde474,true,false
Номенклатура — current,raw.r1c_nomenclature_current,d2bcb893-f524-11eb-9c3a-00505689ff45,АК-00003547,Капелла Инсектицид,,2eaeac4d-5322-11f0-b811-005056bde474,false,false
Номенклатура — current,raw.r1c_nomenclature_current,a9be8627-1533-11ec-9c3a-00505689ff45,АК-00004990,"Капот МТЗ-80,82  80-8402020-01",,9b060c03-71d9-11e7-85a2-d43d7eec442d,false,false
Номенклатура — current,raw.r1c_nomenclature_current,028d2c54-c737-11ea-9d96-fa163ee5d2f9,БП-00002878,Карабин,,f0e4c260-a130-11e8-af4c-30f7727a492e,false,false
Номенклатура — current,raw.r1c_nomenclature_current,d3c33942-0ba4-11eb-3385-fa163ee5d2f9,БП-00003143,Карабин 8 мм,,f0e4c260-a130-11e8-af4c-30f7727a492e,false,false
Номенклатура — current,raw.r1c_nomenclature_current,eb2c1310-0ba4-11eb-3385-fa163ee5d2f9,БП-00003144,Карабин 9 мм,,f0e4c260-a130-11e8-af4c-30f7727a492e,false,false
Номенклатура — current,raw.r1c_nomenclature_current,a841a9fa-b236-11eb-6d90-fa163e0d31f7,БП-00003959,"Карандаш корректирующий 8 мл,шариковый наконечник",,9088ee8b-75dc-11e7-af18-30f7727a492e,false,false
Номенклатура — current,raw.r1c_nomenclature_current,3f68b9ee-d826-11eb-d199-fa163e0d31f7,БП-00004351,"Карандаш механический PILOT H-187 0,7мм",,9088ee8b-75dc-11e7-af18-30f7727a492e,false,false
Номенклатура — current,raw.r1c_nomenclature_current,45f8c8fc-c562-11e9-af79-30f7727a492e,00-00001933,Карандаш строительный,,9088eead-75dc-11e7-af18-30f7727a492e,false,false
Номенклатура — current,raw.r1c_nomenclature_current,cdac74d8-e7af-11ea-3497-fa163ee5d2f9,БП-00002988,Карандаш чернографитный без ластика,,9088ee8b-75dc-11e7-af18-30f7727a492e,false,false
Номенклатура — current,raw.r1c_nomenclature_current,abf7cc11-39bf-11ea-9523-30f7727a492e,00-00002413,Карандаш чернографитный с ластиком,,9088ee8b-75dc-11e7-af18-30f7727a492e,false,false
Номенклатура — current,raw.r1c_nomenclature_current,d2bcb894-f524-11eb-9c3a-00505689ff45,АК-00003548,Каратель Инсектицид,,f9d67774-531d-11f0-b811-005056bde474,false,false
Номенклатура — current,raw.r1c_nomenclature_current,d2bcb895-f524-11eb-9c3a-00505689ff45,АК-00003549,Каратошанс Инсектицид,,f9d67774-531d-11f0-b811-005056bde474,false,false
Номенклатура — current,raw.r1c_nomenclature_current,d2bcb896-f524-11eb-9c3a-00505689ff45,АК-00003550,Каратэ Зеон Инсектицид,,f9d67774-531d-11f0-b811-005056bde474,false,false
Номенклатура — current,raw.r1c_nomenclature_current,d2bcb897-f524-11eb-9c3a-00505689ff45,АК-00003551,Карачар Инсектицид,,f9d67774-531d-11f0-b811-005056bde474,false,false
Номенклатура — current,raw.r1c_nomenclature_current,370e088b-b0bd-11ec-9c42-00505689c8d9,00-00006406,"Карбамид,марка Б N46",,ecb53465-3b94-11f0-b80e-005056bde474,false,false
Номенклатура — current,raw.r1c_nomenclature_current,d2bcb898-f524-11eb-9c3a-00505689ff45,АК-00003552,Карбезим Инсектицид,,2eaeac4d-5322-11f0-b811-005056bde474,false,false
Номенклатура — current,raw.r1c_nomenclature_current,d2bcb899-f524-11eb-9c3a-00505689ff45,АК-00003553,Карбонар Инсектицид,,2eaeac4d-5322-11f0-b811-005056bde474,false,false
Номенклатура — current,raw.r1c_nomenclature_current,d2bcb89a-f524-11eb-9c3a-00505689ff45,АК-00003554,Карбофос-500 Инсектицид,,f9d67774-531d-11f0-b811-005056bde474,false,false
Номенклатура — current,raw.r1c_nomenclature_current,d2bcb89b-f524-11eb-9c3a-00505689ff45,АК-00003555,Карбофот Инсектицид,,f9d67774-531d-11f0-b811-005056bde474,false,false
Номенклатура — current,raw.r1c_nomenclature_current,d2bcb89c-f524-11eb-9c3a-00505689ff45,АК-00003556,Карбоцин Инсектицид,,f9d67774-531d-11f0-b811-005056bde474,false,false
Номенклатура — current,raw.r1c_nomenclature_current,9b060c75-71d9-11e7-85a2-d43d7eec442d,00000104   ,Карбюратор,,9b060c03-71d9-11e7-85a2-d43d7eec442d,false,false
Номенклатура — current,raw.r1c_nomenclature_current,9afdf8fd-0645-11ec-9c3a-00505689ff45,АК-00004835,"Карбюратор ГАЗ-3307,53,66,3308,3307, ПАЗ-3205,3206 дв ЗМЗ-511,513,5233,5234 ПЕКАР К135МУ",,9b060c03-71d9-11e7-85a2-d43d7eec442d,false,false
Номенклатура — current,raw.r1c_nomenclature_current,45bb1431-a3be-11ee-9c4c-005056893620,00-00009981,"Карбюратор К 135-920 ЗИЛ 130,ГАЗ",,9b060c03-71d9-11e7-85a2-d43d7eec442d,false,false
Номенклатура — current,raw.r1c_nomenclature_current,b8d94070-aabd-11e8-af4e-30f7727a492e,00-00001149,"Карбюратор К 135МУ ГАЗ 53,66,ПАЗ нов.обр",,9b060c03-71d9-11e7-85a2-d43d7eec442d,false,false
Номенклатура — current,raw.r1c_nomenclature_current,f2b1de98-7877-11e8-af42-30f7727a492e,00-00000959,Карданный вал ,,9b060c03-71d9-11e7-85a2-d43d7eec442d,false,false
Номенклатура — current,raw.r1c_nomenclature_current,383506fd-e71a-11ec-9c42-00505689c8d9,00-00006659,Карданный вал  (В95.01240/В95.06224),,9b060c03-71d9-11e7-85a2-d43d7eec442d,false,false
Номенклатура — current,raw.r1c_nomenclature_current,77a3533f-f8b6-11ee-9c4c-005056893620,00-00010420,"Карданный вал (В95.01240, В95.06224)",,9b060c03-71d9-11e7-85a2-d43d7eec442d,false,false
Номенклатура — current,raw.r1c_nomenclature_current,462d2cf4-cf9a-11eb-bd90-fa163e0d31f7,БП-00004214,Карданный вал 72-2203010-А2,,9b060c03-71d9-11e7-85a2-d43d7eec442d,false,false
Номенклатура — current,raw.r1c_nomenclature_current,c08060da-c275-11ea-7580-fa163ee5d2f9,БП-00002844,Карданный вал AGM3*AGD20*1210*0v|1,,9b060c03-71d9-11e7-85a2-d43d7eec442d,false,false
Номенклатура — current,raw.r1c_nomenclature_current,dbdcb3c1-841f-11f1-b824-005056bde474,00-00014604,Карданный вал WWE2280-18 10-6-6,,156f6451-4ea7-11f1-b821-005056bde474,false,false
Номенклатура — current,raw.r1c_nomenclature_current,06dfd814-5a9b-11f1-b821-005056bde474,00-00014447,Карданный вал WWE2580 1610 КВ61/20 1 3/4,,5ffee226-4ea4-11f1-b821-005056bde474,false,false
Номенклатура — current,raw.r1c_nomenclature_current,001928b6-354a-11ef-9c59-00505689ff45,00-00010679,Карданный вал В95.01225,,9b060c03-71d9-11e7-85a2-d43d7eec442d,false,false
Номенклатура — current,raw.r1c_nomenclature_current,ed668446-c14e-11e8-af50-30f7727a492e,00-00001204,Карданный вал МТЗ-82,,9b060c03-71d9-11e7-85a2-d43d7eec442d,false,false
Номенклатура — current,raw.r1c_nomenclature_current,28975451-46e7-11e8-af37-30f7727a492e,00-00000804,Карданный вал Т2,,9b060c03-71d9-11e7-85a2-d43d7eec442d,false,false
Номенклатура — current,raw.r1c_nomenclature_current,28975452-46e7-11e8-af37-30f7727a492e,00-00000805,Карданный вал Т3,,9b060c03-71d9-11e7-85a2-d43d7eec442d,false,false
Номенклатура — current,raw.r1c_nomenclature_current,f0e4c244-a130-11e8-af4c-30f7727a492e,00-00001075,Карданный вал Т3 L=101,,9b060c03-71d9-11e7-85a2-d43d7eec442d,false,false
Номенклатура — current,raw.r1c_nomenclature_current,f0e4c245-a130-11e8-af4c-30f7727a492e,00-00001076,Карданный вал Т3 L=107,,9b060c03-71d9-11e7-85a2-d43d7eec442d,false,false
Номенклатура — current,raw.r1c_nomenclature_current,3941ece0-8f0e-11e8-af45-30f7727a492e,00-00000973,"Карданный вал дп.990 (В95.01336,01341)",,9b060c03-71d9-11e7-85a2-d43d7eec442d,false,false
Номенклатура — current,raw.r1c_nomenclature_current,db0aa7cc-0177-11ea-951c-30f7727a492e,00-00002138,Карданный вал переднего моста V36644110 (Valtra),,9b060c03-71d9-11e7-85a2-d43d7eec442d,false,false
Номенклатура — current,raw.r1c_nomenclature_current,ddbfe50e-3e40-11ed-9c43-cb6d75bb653b,00-00007198,Карданный вал с широкоугольным шарниром,,9b060c03-71d9-11e7-85a2-d43d7eec442d,false,false
Номенклатура — current,raw.r1c_nomenclature_current,fd968550-e719-11ec-9c42-00505689c8d9,00-00006658,Карданный вал сп.уст дп 750м (В95.01241/В95.06224-усиленный только для 6-8 ряд),,9b060c03-71d9-11e7-85a2-d43d7eec442d,false,false
Номенклатура — current,raw.r1c_nomenclature_current,d2bcb89d-f524-11eb-9c3a-00505689ff45,АК-00003557,Кардинал 500 Инсектицид,,2eaeac4d-5322-11f0-b811-005056bde474,false,false
Номенклатура — current,raw.r1c_nomenclature_current,d2bcb89e-f524-11eb-9c3a-00505689ff45,АК-00003558,Кардон Инсектицид,,2eaeac4d-5322-11f0-b811-005056bde474,false,false
Номенклатура — current,raw.r1c_nomenclature_current,e41b295a-cd16-11ec-9c42-00505689c8d9,00-00006513,Каретка с роликами,,9088eead-75dc-11e7-af18-30f7727a492e,false,false
Номенклатура — current,raw.r1c_nomenclature_current,9fab39e4-0625-11ee-9c4e-00505689ff45,00-00008122,Кариал Флекс ВДГ Фунгицид,,2eaeac4d-5322-11f0-b811-005056bde474,false,false
Номенклатура — current,raw.r1c_nomenclature_current,4c7e8458-40bb-11ee-9c4e-00505689ff45,00-00009212,Кармен РС2  Сетка 2кг. Полив,,44afa757-6157-11eb-9c2d-0050560417d5,false,false
Номенклатура — current,raw.r1c_nomenclature_current,465e1e6d-40bb-11ee-9c4e-00505689ff45,00-00009185,"Кармен РС2  Сетка-домик 1,5кг. Без полива",,44afa757-6157-11eb-9c2d-0050560417d5,false,false
Номенклатура — current,raw.r1c_nomenclature_current,461e0e8f-40bb-11ee-9c4e-00505689ff45,00-00009184,"Кармен РС2  Сетка-домик 1,5кг. Полив",,44afa757-6157-11eb-9c2d-0050560417d5,false,false
Номенклатура — current,raw.r1c_nomenclature_current,4cc3247a-40bb-11ee-9c4e-00505689ff45,00-00009213,Кармен РС2  Сетка-домик 2кг. Без полива,,44afa757-6157-11eb-9c2d-0050560417d5,false,false
Номенклатура — current,raw.r1c_nomenclature_current,f00076c6-40ba-11ee-9c4e-00505689ff45,00-00009129,Кармен РС2  мытый Биг-бег 1000кг. Без полива,,44afa757-6157-11eb-9c2d-0050560417d5,false,false
Номенклатура — current,raw.r1c_nomenclature_current,efd8c22f-40ba-11ee-9c4e-00505689ff45,00-00009128,Кармен РС2  мытый Биг-бег 1000кг. Полив,,44afa757-6157-11eb-9c2d-0050560417d5,false,false
Номенклатура — current,raw.r1c_nomenclature_current,df9959de-40ba-11ee-9c4e-00505689ff45,00-00009045,"Кармен РС2  мытый Сетка-домик 2,5кг. Без полива",,44afa757-6157-11eb-9c2d-0050560417d5,false,false
Номенклатура — current,raw.r1c_nomenclature_current,df6a4a8e-40ba-11ee-9c4e-00505689ff45,00-00009044,"Кармен РС2  мытый Сетка-домик 2,5кг. Полив",,44afa757-6157-11eb-9c2d-0050560417d5,false,false
Номенклатура — current,raw.r1c_nomenclature_current,85ef4f41-40ba-11ee-9c4e-00505689ff45,00-00008793,Кармен РС2  очищенный в ву 1кг. Без полива,,b60b8b28-6156-11eb-9c2d-0050560417d5,false,false
Номенклатура — current,raw.r1c_nomenclature_current,85ef4cc7-40ba-11ee-9c4e-00505689ff45,00-00008792,Кармен РС2  очищенный в ву 1кг. Полив,,b60b8b28-6156-11eb-9c2d-0050560417d5,false,false
Номенклатура — current,raw.r1c_nomenclature_current,8badfc11-40ba-11ee-9c4e-00505689ff45,00-00008821,Кармен РС2  очищенный в ву 5кг. Без полива,,b60b8b28-6156-11eb-9c2d-0050560417d5,false,false
Номенклатура — current,raw.r1c_nomenclature_current,8badfc10-40ba-11ee-9c4e-00505689ff45,00-00008820,Кармен РС2  очищенный в ву 5кг. Полив,,b60b8b28-6156-11eb-9c2d-0050560417d5,false,false
Номенклатура — current,raw.r1c_nomenclature_current,612071c3-40ba-11ee-9c4e-00505689ff45,00-00008737,"Кармен РС2  пастеризованный 0,5кг. Без полива",,b60b8b28-6156-11eb-9c2d-0050560417d5,false,false
Номенклатура — current,raw.r1c_nomenclature_current,612071c2-40ba-11ee-9c4e-00505689ff45,00-00008736,"Кармен РС2  пастеризованный 0,5кг. Полив",,b60b8b28-6156-11eb-9c2d-0050560417d5,false,false
Номенклатура — current,raw.r1c_nomenclature_current,cf05a8fe-40b9-11ee-9c4e-00505689ff45,00-00008597,Кармен РС2  эконом  Сетка на рулоне 2.5кг. Без полива,,44afa757-6157-11eb-9c2d-0050560417d5,false,false
Номенклатура — current,raw.r1c_nomenclature_current,ceb0d0f3-40b9-11ee-9c4e-00505689ff45,00-00008596,Кармен РС2  эконом  Сетка на рулоне 2.5кг. Полив,,44afa757-6157-11eb-9c2d-0050560417d5,false,false
Номенклатура — current,raw.r1c_nomenclature_current,d3986044-40b9-11ee-9c4e-00505689ff45,00-00008625,Кармен РС2  эконом  Сетка на рулоне 3кг. Без полива,,44afa757-6157-11eb-9c2d-0050560417d5,false,false
Номенклатура — current,raw.r1c_nomenclature_current,d3984bee-40b9-11ee-9c4e-00505689ff45,00-00008624,Кармен РС2  эконом  Сетка на рулоне 3кг. Полив,,44afa757-6157-11eb-9c2d-0050560417d5,false,false
Номенклатура — current,raw.r1c_nomenclature_current,b44b3e30-40ba-11ee-9c4e-00505689ff45,00-00008989,Кармен РС2 грязный  Сетка на завязке 25кг. Без полива,,731f2b5d-6157-11eb-9c2d-0050560417d5,false,false
Номенклатура — current,raw.r1c_nomenclature_current,b44b3e2f-40ba-11ee-9c4e-00505689ff45,00-00008988,Кармен РС2 грязный  Сетка на завязке 25кг. Полив,,731f2b5d-6157-11eb-9c2d-0050560417d5,false,false
Номенклатура — current,raw.r1c_nomenclature_current,acc755ce-40ba-11ee-9c4e-00505689ff45,00-00008933,Кармен РС2 грязный  Сетка на рулоне 10кг. Без полива,,731f2b5d-6157-11eb-9c2d-0050560417d5,false,false
Номенклатура — current,raw.r1c_nomenclature_current,ac9ab840-40ba-11ee-9c4e-00505689ff45,00-00008932,Кармен РС2 грязный  Сетка на рулоне 10кг. Полив,,731f2b5d-6157-11eb-9c2d-0050560417d5,false,false
Номенклатура — current,raw.r1c_nomenclature_current,9b2c813f-40ba-11ee-9c4e-00505689ff45,00-00008849,Кармен РС2 грязный  Сетка на рулоне 2.5кг Без полива,,731f2b5d-6157-11eb-9c2d-0050560417d5,false,false
Номенклатура — current,raw.r1c_nomenclature_current,9ab64f7a-40ba-11ee-9c4e-00505689ff45,00-00008848,Кармен РС2 грязный  Сетка на рулоне 2.5кг Полив,,731f2b5d-6157-11eb-9c2d-0050560417d5,false,false
Номенклатура — current,raw.r1c_nomenclature_current,b207b477-40ba-11ee-9c4e-00505689ff45,00-00008961,Кармен РС2 грязный  Сетка на рулоне 25кг. Без полива,,731f2b5d-6157-11eb-9c2d-0050560417d5,false,false
Номенклатура — current,raw.r1c_nomenclature_current,b1c7e907-40ba-11ee-9c4e-00505689ff45,00-00008960,Кармен РС2 грязный  Сетка на рулоне 25кг. Полив,,731f2b5d-6157-11eb-9c2d-0050560417d5,false,false
Номенклатура — current,raw.r1c_nomenclature_current,a03f2adf-40ba-11ee-9c4e-00505689ff45,00-00008877,Кармен РС2 грязный  Сетка на рулоне 3кг. Без полива,,731f2b5d-6157-11eb-9c2d-0050560417d5,false,false
Номенклатура — current,raw.r1c_nomenclature_current,a03f24f8-40ba-11ee-9c4e-00505689ff45,00-00008876,Кармен РС2 грязный  Сетка на рулоне 3кг. Полив,,731f2b5d-6157-11eb-9c2d-0050560417d5,false,false
Номенклатура — current,raw.r1c_nomenclature_current,be8a3dd0-40ba-11ee-9c4e-00505689ff45,00-00009017,Кармен РС2 грязный  биг-бег 1000кг. Без полива,,731f2b5d-6157-11eb-9c2d-0050560417d5,false,false
Номенклатура — current,raw.r1c_nomenclature_current,be8a3532-40ba-11ee-9c4e-00505689ff45,00-00009016,Кармен РС2 грязный  биг-бег 1000кг. Полив,,731f2b5d-6157-11eb-9c2d-0050560417d5,false,false
Номенклатура — current,raw.r1c_nomenclature_current,a603cd2e-40ba-11ee-9c4e-00505689ff45,00-00008905,Кармен РС2 грязный Сетка на рулоне 5кг. Без полива,,731f2b5d-6157-11eb-9c2d-0050560417d5,false,false
Номенклатура — current,raw.r1c_nomenclature_current,a603cd1e-40ba-11ee-9c4e-00505689ff45,00-00008904,Кармен РС2 грязный Сетка на рулоне 5кг. Полив,,731f2b5d-6157-11eb-9c2d-0050560417d5,false,false
Номенклатура — current,raw.r1c_nomenclature_current,f0c37103-40ba-11ee-9c4e-00505689ff45,00-00009157,Кармен РС2 мытый  Сетка на рулоне 2.5кг Без полива,,44afa757-6157-11eb-9c2d-0050560417d5,false,false
Номенклатура — current,raw.r1c_nomenclature_current,f0c37102-40ba-11ee-9c4e-00505689ff45,00-00009156,Кармен РС2 мытый  Сетка на рулоне 2.5кг Полив,,44afa757-6157-11eb-9c2d-0050560417d5,false,false
Номенклатура — current,raw.r1c_nomenclature_current,ea7c6bfd-40ba-11ee-9c4e-00505689ff45,00-00009101,Кармен РС2 мытый Сетка 25кг. Без полива,,44afa757-6157-11eb-9c2d-0050560417d5,false,false
Номенклатура — current,raw.r1c_nomenclature_current,e475890d-40ba-11ee-9c4e-00505689ff45,00-00009100,Кармен РС2 мытый Сетка 25кг. Полив,,44afa757-6157-11eb-9c2d-0050560417d5,false,false
Номенклатура — current,raw.r1c_nomenclature_current,e47580ac-40ba-11ee-9c4e-00505689ff45,00-00009073,Кармен РС2 мытыйСетка-домик 3кг Без полива,,44afa757-6157-11eb-9c2d-0050560417d5,false,false
Номенклатура — current,raw.r1c_nomenclature_current,e47580ab-40ba-11ee-9c4e-00505689ff45,00-00009072,Кармен РС2 мытыйСетка-домик 3кг Полив,,44afa757-6157-11eb-9c2d-0050560417d5,false,false
Номенклатура — current,raw.r1c_nomenclature_current,d63b5933-40b9-11ee-9c4e-00505689ff45,00-00008653,Кармен РС2 семена  Сетка на рулоне 25кг. Без полива,,b60b8b28-6156-11eb-9c2d-0050560417d5,false,false
Номенклатура — current,raw.r1c_nomenclature_current,d63b5932-40b9-11ee-9c4e-00505689ff45,00-00008652,Кармен РС2 семена  Сетка на рулоне 25кг. Полив,,b60b8b28-6156-11eb-9c2d-0050560417d5,false,false
Номенклатура — current,raw.r1c_nomenclature_current,74e5e0f3-40ba-11ee-9c4e-00505689ff45,00-00008765,"Кармен РС2 семена  пастеризованный 0,5кг. Без полива",,b60b8b28-6156-11eb-9c2d-0050560417d5,false,false
Номенклатура — current,raw.r1c_nomenclature_current,74aea377-40ba-11ee-9c4e-00505689ff45,00-00008764,"Кармен РС2 семена  пастеризованный 0,5кг. Полив",,b60b8b28-6156-11eb-9c2d-0050560417d5,false,false
Номенклатура — current,raw.r1c_nomenclature_current,dcb066b9-40b9-11ee-9c4e-00505689ff45,00-00008681,Кармен РС2 семена Сетка на завязке 25кг. Без полива,,b60b8b28-6156-11eb-9c2d-0050560417d5,false,false
Номенклатура — current,raw.r1c_nomenclature_current,dc592e51-40b9-11ee-9c4e-00505689ff45,00-00008680,Кармен РС2 семена Сетка на завязке 25кг. Полив,,b60b8b28-6156-11eb-9c2d-0050560417d5,false,false
Номенклатура — current,raw.r1c_nomenclature_current,424243b5-40ba-11ee-9c4e-00505689ff45,00-00008709,Кармен РС2 семена биг-бег 1000кг. Без полива,,b60b8b28-6156-11eb-9c2d-0050560417d5,false,false
Номенклатура — current,raw.r1c_nomenclature_current,420b5fc5-40ba-11ee-9c4e-00505689ff45,00-00008708,Кармен РС2 семена биг-бег 1000кг. Полив,,b60b8b28-6156-11eb-9c2d-0050560417d5,false,false
Номенклатура — current,raw.r1c_nomenclature_current,46c39620-40bb-11ee-9c4e-00505689ff45,00-00009187,"Кармен РС3  Сетка-домик 1,5кг. Без полива",,b60b8b28-6156-11eb-9c2d-0050560417d5,false,false
Номенклатура — current,raw.r1c_nomenclature_current,4692886c-40bb-11ee-9c4e-00505689ff45,00-00009186,"Кармен РС3  Сетка-домик 1,5кг. Полив",,b60b8b28-6156-11eb-9c2d-0050560417d5,false,false
Номенклатура — current,raw.r1c_nomenclature_current,4d32a955-40bb-11ee-9c4e-00505689ff45,00-00009215,Кармен РС3  Сетка-домик 2кг. Без полива,,b60b8b28-6156-11eb-9c2d-0050560417d5,false,false
Номенклатура — current,raw.r1c_nomenclature_current,4cf6b018-40bb-11ee-9c4e-00505689ff45,00-00009214,Кармен РС3  Сетка-домик 2кг. Полив,,b60b8b28-6156-11eb-9c2d-0050560417d5,false,false
Номенклатура — current,raw.r1c_nomenclature_current,85ef5cbd-40ba-11ee-9c4e-00505689ff45,00-00008795,Кармен РС3  очищенный в ву 1кг. Без полива,,b60b8b28-6156-11eb-9c2d-0050560417d5,false,false
Номенклатура — current,raw.r1c_nomenclature_current,85ef546d-40ba-11ee-9c4e-00505689ff45,00-00008794,Кармен РС3  очищенный в ву 1кг. Полив,,b60b8b28-6156-11eb-9c2d-0050560417d5,false,false
Номенклатура — current,raw.r1c_nomenclature_current,8badfc13-40ba-11ee-9c4e-00505689ff45,00-00008823,Кармен РС3  очищенный в ву 5кг. Без полива,,b60b8b28-6156-11eb-9c2d-0050560417d5,false,false
Номенклатура — current,raw.r1c_nomenclature_current,8badfc12-40ba-11ee-9c4e-00505689ff45,00-00008822,Кармен РС3  очищенный в ву 5кг. Полив,,b60b8b28-6156-11eb-9c2d-0050560417d5,false,false
Номенклатура — current,raw.r1c_nomenclature_current,67263f16-40ba-11ee-9c4e-00505689ff45,00-00008739,"Кармен РС3  пастеризованный 0,5кг. Без полива",,b60b8b28-6156-11eb-9c2d-0050560417d5,false,false
Номенклатура — current,raw.r1c_nomenclature_current,67263f15-40ba-11ee-9c4e-00505689ff45,00-00008738,"Кармен РС3  пастеризованный 0,5кг. Полив",,b60b8b28-6156-11eb-9c2d-0050560417d5,false,false
Номенклатура — current,raw.r1c_nomenclature_current,cf4e435e-40b9-11ee-9c4e-00505689ff45,00-00008599,Кармен РС3  эконом  Сетка на рулоне 2.5кг. Без полива,,44afa757-6157-11eb-9c2d-0050560417d5,false,false
Номенклатура — current,raw.r1c_nomenclature_current,cf05ccc9-40b9-11ee-9c4e-00505689ff45,00-00008598,Кармен РС3  эконом  Сетка на рулоне 2.5кг. Полив,,44afa757-6157-11eb-9c2d-0050560417d5,false,false
Номенклатура — current,raw.r1c_nomenclature_current,d41a0382-40b9-11ee-9c4e-00505689ff45,00-00008627,Кармен РС3  эконом  Сетка на рулоне 3кг. Без полива,,44afa757-6157-11eb-9c2d-0050560417d5,false,false
Номенклатура — current,raw.r1c_nomenclature_current,d3ddfca7-40b9-11ee-9c4e-00505689ff45,00-00008626,Кармен РС3  эконом  Сетка на рулоне 3кг. Полив,,44afa757-6157-11eb-9c2d-0050560417d5,false,false
Номенклатура — current,raw.r1c_nomenclature_current,b44b3e32-40ba-11ee-9c4e-00505689ff45,00-00008991,Кармен РС3 грязный  Сетка на завязке 25кг. Без полива,,731f2b5d-6157-11eb-9c2d-0050560417d5,false,false
Номенклатура — current,raw.r1c_nomenclature_current,b44b3e31-40ba-11ee-9c4e-00505689ff45,00-00008990,Кармен РС3 грязный  Сетка на завязке 25кг. Полив,,731f2b5d-6157-11eb-9c2d-0050560417d5,false,false
Номенклатура — current,raw.r1c_nomenclature_current,ad25b5e9-40ba-11ee-9c4e-00505689ff45,00-00008935,Кармен РС3 грязный  Сетка на рулоне 10кг. Без полива,,731f2b5d-6157-11eb-9c2d-0050560417d5,false,false
Номенклатура — current,raw.r1c_nomenclature_current,acf9f6d0-40ba-11ee-9c4e-00505689ff45,00-00008934,Кармен РС3 грязный  Сетка на рулоне 10кг. Полив,,731f2b5d-6157-11eb-9c2d-0050560417d5,false,false
Номенклатура — current,raw.r1c_nomenclature_current,b2511922-40ba-11ee-9c4e-00505689ff45,00-00008963,Кармен РС3 грязный  Сетка на рулоне 25кг. Без полива,,731f2b5d-6157-11eb-9c2d-0050560417d5,false,false
Номенклатура — current,raw.r1c_nomenclature_current,b207cff0-40ba-11ee-9c4e-00505689ff45,00-00008962,Кармен РС3 грязный  Сетка на рулоне 25кг. Полив,,731f2b5d-6157-11eb-9c2d-0050560417d5,false,false
Номенклатура — current,raw.r1c_nomenclature_current,a0f95761-40ba-11ee-9c4e-00505689ff45,00-00008879,Кармен РС3 грязный  Сетка на рулоне 3кг. Без полива,,731f2b5d-6157-11eb-9c2d-0050560417d5,false,false
Номенклатура — current,raw.r1c_nomenclature_current,a0f94a8e-40ba-11ee-9c4e-00505689ff45,00-00008878,Кармен РС3 грязный  Сетка на рулоне 3кг. Полив,,731f2b5d-6157-11eb-9c2d-0050560417d5,false,false
Номенклатура — current,raw.r1c_nomenclature_current,a603cd30-40ba-11ee-9c4e-00505689ff45,00-00008907,Кармен РС3 грязный  Сетка на рулоне 5кг. Без полива,,731f2b5d-6157-11eb-9c2d-0050560417d5,false,false
Номенклатура — current,raw.r1c_nomenclature_current,a603cd2f-40ba-11ee-9c4e-00505689ff45,00-00008906,Кармен РС3 грязный  Сетка на рулоне 5кг. Полив,,731f2b5d-6157-11eb-9c2d-0050560417d5,false,false
Номенклатура — current,raw.r1c_nomenclature_current,bf292ede-40ba-11ee-9c4e-00505689ff45,00-00009019,Кармен РС3 грязный  биг-бег 1000кг. Без полива,,731f2b5d-6157-11eb-9c2d-0050560417d5,false,false
Номенклатура — current,raw.r1c_nomenclature_current,be8a4bdb-40ba-11ee-9c4e-00505689ff45,00-00009018,Кармен РС3 грязный  биг-бег 1000кг. Полив,,731f2b5d-6157-11eb-9c2d-0050560417d5,false,false
Номенклатура — current,raw.r1c_nomenclature_current,9b2c9ce6-40ba-11ee-9c4e-00505689ff45,00-00008851,Кармен РС3 грязный Сетка на рулоне 2.5кг Без полива,,731f2b5d-6157-11eb-9c2d-0050560417d5,false,false
Номенклатура — current,raw.r1c_nomenclature_current,9b2c90a9-40ba-11ee-9c4e-00505689ff45,00-00008850,Кармен РС3 грязный Сетка на рулоне 2.5кг Полив,,731f2b5d-6157-11eb-9c2d-0050560417d5,false,false
Номенклатура — current,raw.r1c_nomenclature_current,f07465d0-40ba-11ee-9c4e-00505689ff45,00-00009131,Кармен РС3 мытый  Биг-бег 1000кг. Без полива,,b60b8b28-6156-11eb-9c2d-0050560417d5,false,false
Номенклатура — current,raw.r1c_nomenclature_current,f0279197-40ba-11ee-9c4e-00505689ff45,00-00009130,Кармен РС3 мытый  Биг-бег 1000кг. Полив,,b60b8b28-6156-11eb-9c2d-0050560417d5,false,false
Номенклатура — current,raw.r1c_nomenclature_current,f0c37105-40ba-11ee-9c4e-00505689ff45,00-00009159,Кармен РС3 мытый  Сетка на рулоне 2.5кг Без полива,,b60b8b28-6156-11eb-9c2d-0050560417d5,false,false
Номенклатура — current,raw.r1c_nomenclature_current,f0c37104-40ba-11ee-9c4e-00505689ff45,00-00009158,Кармен РС3 мытый  Сетка на рулоне 2.5кг Полив,,b60b8b28-6156-11eb-9c2d-0050560417d5,false,false
Номенклатура — current,raw.r1c_nomenclature_current,ea7c6c23-40ba-11ee-9c4e-00505689ff45,00-00009103,Кармен РС3 мытый Сетка 25кг. Без полива,,b60b8b28-6156-11eb-9c2d-0050560417d5,false,false
Номенклатура — current,raw.r1c_nomenclature_current,ea7c6bfe-40ba-11ee-9c4e-00505689ff45,00-00009102,Кармен РС3 мытый Сетка 25кг. Полив,,b60b8b28-6156-11eb-9c2d-0050560417d5,false,false
Номенклатура — current,raw.r1c_nomenclature_current,dfe52aa1-40ba-11ee-9c4e-00505689ff45,00-00009047,"Кармен РС3 мытый Сетка-домик 2,5кг. Без полива",,b60b8b28-6156-11eb-9c2d-0050560417d5,false,false
Номенклатура — current,raw.r1c_nomenclature_current,dfbf97cd-40ba-11ee-9c4e-00505689ff45,00-00009046,"Кармен РС3 мытый Сетка-домик 2,5кг. Полив",,b60b8b28-6156-11eb-9c2d-0050560417d5,false,false
Номенклатура — current,raw.r1c_nomenclature_current,e47580ae-40ba-11ee-9c4e-00505689ff45,00-00009075,Кармен РС3 мытый Сетка-домик 3кг Без полива,,b60b8b28-6156-11eb-9c2d-0050560417d5,false,false
Номенклатура — current,raw.r1c_nomenclature_current,e47580ad-40ba-11ee-9c4e-00505689ff45,00-00009074,Кармен РС3 мытый Сетка-домик 3кг Полив,,b60b8b28-6156-11eb-9c2d-0050560417d5,false,false
Номенклатура — current,raw.r1c_nomenclature_current,dcf58042-40b9-11ee-9c4e-00505689ff45,00-00008683,Кармен РС3 семена  Сетка на завязке 25кг. Без полива,,b60b8b28-6156-11eb-9c2d-0050560417d5,false,false
Номенклатура — current,raw.r1c_nomenclature_current,dcb08187-40b9-11ee-9c4e-00505689ff45,00-00008682,Кармен РС3 семена  Сетка на завязке 25кг. Полив,,b60b8b28-6156-11eb-9c2d-0050560417d5,false,false
Номенклатура — current,raw.r1c_nomenclature_current,d63b5935-40b9-11ee-9c4e-00505689ff45,00-00008655,Кармен РС3 семена  Сетка на рулоне 25кг. Без полива,,b60b8b28-6156-11eb-9c2d-0050560417d5,false,false
Номенклатура — current,raw.r1c_nomenclature_current,d63b5934-40b9-11ee-9c4e-00505689ff45,00-00008654,Кармен РС3 семена  Сетка на рулоне 25кг. Полив,,b60b8b28-6156-11eb-9c2d-0050560417d5,false,false
Номенклатура — current,raw.r1c_nomenclature_current,426a31c9-40ba-11ee-9c4e-00505689ff45,00-00008711,Кармен РС3 семена  биг-бег 1000кг. Без полива,,b60b8b28-6156-11eb-9c2d-0050560417d5,false,false
Номенклатура — current,raw.r1c_nomenclature_current,426a270f-40ba-11ee-9c4e-00505689ff45,00-00008710,Кармен РС3 семена  биг-бег 1000кг. Полив,,b60b8b28-6156-11eb-9c2d-0050560417d5,false,false
Номенклатура — current,raw.r1c_nomenclature_current,7533da9a-40ba-11ee-9c4e-00505689ff45,00-00008767,"Кармен РС3 семена  пастеризованный 0,5кг. Без полива",,b60b8b28-6156-11eb-9c2d-0050560417d5,false,false
Номенклатура — current,raw.r1c_nomenclature_current,74e5f4ce-40ba-11ee-9c4e-00505689ff45,00-00008766,"Кармен РС3 семена  пастеризованный 0,5кг. Полив",,b60b8b28-6156-11eb-9c2d-0050560417d5,false,false
Номенклатура — current,raw.r1c_nomenclature_current,157e67d6-2b45-11f0-b80e-005056bde474,00-00012206,"КарменРС1 Красный Беби Мытый Сетка домик1,5 кг.",,03e63608-4b80-11f0-b810-005056bde474,false,true
Номенклатура — current,raw.r1c_nomenclature_current,ff940264-2b4f-11f0-b80e-005056bde474,00-00012216,КарменРС1 Красный Беби Мытый Сетка домик2 кг.,,03e63608-4b80-11f0-b810-005056bde474,false,true
Номенклатура — current,raw.r1c_nomenclature_current,c791c27b-2b53-11f0-b80e-005056bde474,00-00012224,КарменРС1 Красный Беби Мытый Сетка на рулоне25 кг.,,03e63608-4b80-11f0-b810-005056bde474,false,true
Номенклатура — current,raw.r1c_nomenclature_current,f3fb473d-2b3c-11f0-b80e-005056bde474,00-00012199,КарменРС1 Красный Вакуумная упаковка5 кг.,,d8e31aa9-0bd1-11f0-b80e-005056bde474,false,false
Номенклатура — current,raw.r1c_nomenclature_current,f8ce080a-2f19-11f0-b80e-005056bde474,00-00012294,КарменРС1 Красный Грязный  Биг-бэг1000 кг.,,13ef6ba2-4b80-11f0-b810-005056bde474,false,true
Номенклатура — current,raw.r1c_nomenclature_current,9d9e2c73-2f0f-11f0-b80e-005056bde474,00-00012266,"КарменРС1 Красный Грязный  Сетка на рулоне2,5 кг. ",,13ef6ba2-4b80-11f0-b810-005056bde474,false,true
Номенклатура — current,raw.r1c_nomenclature_current,23f050be-2e55-11f0-b80e-005056bde474,00-00012247,КарменРС1 Красный Грязный  Сетка на рулоне25 кг.,,13ef6ba2-4b80-11f0-b810-005056bde474,false,true
Номенклатура — current,raw.r1c_nomenclature_current,51c91674-2f12-11f0-b80e-005056bde474,00-00012280,КарменРС1 Красный Грязный  Сетка на рулоне3 кг.,,13ef6ba2-4b80-11f0-b810-005056bde474,false,true
Номенклатура — current,raw.r1c_nomenclature_current,33fe46e9-2f18-11f0-b80e-005056bde474,00-00012287,КарменРС1 Красный Грязный  Сетка на рулоне5 кг.,,13ef6ba2-4b80-11f0-b810-005056bde474,false,true
Номенклатура — current,raw.r1c_nomenclature_current,fb0b42d7-2f10-11f0-b80e-005056bde474,00-00012273,"КарменРС1 Красный Грязный 35-50 Сетка на рулоне2,5 кг.",,13ef6ba2-4b80-11f0-b810-005056bde474,false,true
Номенклатура — current,raw.r1c_nomenclature_current,779812e2-24f3-11f0-b80e-005056bde474,00-00012008,"КарменРС1 Красный Мытый  Сетка домик2,5 кг.",,03e63608-4b80-11f0-b810-005056bde474,false,true
Номенклатура — current,raw.r1c_nomenclature_current,b225b511-2bfc-11f0-b80e-005056bde474,00-00012233,КарменРС1 Красный Мытый  Сетка домик3 кг.,,03e63608-4b80-11f0-b810-005056bde474,false,true
Номенклатура — current,raw.r1c_nomenclature_current,da33a0eb-2bfe-11f0-b80e-005056bde474,00-00012240,КарменРС1 Красный Мытый  Сетка на рулоне25 кг.,,03e63608-4b80-11f0-b810-005056bde474,false,true
Номенклатура — current,raw.r1c_nomenclature_current,5ce075c0-2b49-11f0-b80e-005056bde474,00-00012210,"КарменРС2 Красный Беби Мытый Сетка домик1,5 кг.",,8da90b45-21be-11f0-b80e-005056bde474,false,false
Номенклатура — current,raw.r1c_nomenclature_current,3ec6aa77-2b50-11f0-b80e-005056bde474,00-00012217,КарменРС2 Красный Беби Мытый Сетка домик2 кг.,,8da90b45-21be-11f0-b80e-005056bde474,false,false
Номенклатура — current,raw.r1c_nomenclature_current,f8c7c4b2-2b53-11f0-b80e-005056bde474,00-00012225,КарменРС2 Красный Беби Мытый Сетка на рулоне25 кг.,,8da90b45-21be-11f0-b80e-005056bde474,false,false
Номенклатура — current,raw.r1c_nomenclature_current,1726e550-2f1a-11f0-b80e-005056bde474,00-00012295,КарменРС2 Красный Грязный  Биг-бэг1000 кг.,,77174b47-0a33-11f0-b80e-005056bde474,false,false
Номенклатура — current,raw.r1c_nomenclature_current,c9a02150-85be-11f1-b824-005056bde474,00-00014659,КарменРС2 Красный Грязный  Сетка на рулоне10 кг. ,,77174b47-0a33-11f0-b80e-005056bde474,false,false
Номенклатура — current,raw.r1c_nomenclature_current,cdffddbf-2f0f-11f0-b80e-005056bde474,00-00012267,"КарменРС2 Красный Грязный  Сетка на рулоне2,5 кг. ",,77174b47-0a33-11f0-b80e-005056bde474,false,false
Номенклатура — current,raw.r1c_nomenclature_current,5f5f38ba-2e55-11f0-b80e-005056bde474,00-00012248,КарменРС2 Красный Грязный  Сетка на рулоне25 кг.,,77174b47-0a33-11f0-b80e-005056bde474,false,false
Номенклатура — current,raw.r1c_nomenclature_current,90c3a8cc-2f12-11f0-b80e-005056bde474,00-00012281,КарменРС2 Красный Грязный  Сетка на рулоне3 кг.,,77174b47-0a33-11f0-b80e-005056bde474,false,false
Номенклатура — current,raw.r1c_nomenclature_current,50b55dcc-2f18-11f0-b80e-005056bde474,00-00012288,КарменРС2 Красный Грязный  Сетка на рулоне5 кг.,,77174b47-0a33-11f0-b80e-005056bde474,false,false
Номенклатура — current,raw.r1c_nomenclature_current,1c8b5f55-2f11-11f0-b80e-005056bde474,00-00012274,"КарменРС2 Красный Грязный МЛК Сетка на рулоне2,5 кг.",,77174b47-0a33-11f0-b80e-005056bde474,false,false
Номенклатура — current,raw.r1c_nomenclature_current,cb547355-2a4c-11f0-b80e-005056bde474,00-00012131,"КарменРС2 Красный Мытый  Сетка домик2,5 кг.",,6bd38b8f-0a33-11f0-b80e-005056bde474,false,false
Номенклатура — current,raw.r1c_nomenclature_current,89a57af6-2bfc-11f0-b80e-005056bde474,00-00012232,КарменРС2 Красный Мытый  Сетка домик3 кг.,,6bd38b8f-0a33-11f0-b80e-005056bde474,false,false
Номенклатура — current,raw.r1c_nomenclature_current,e5c455c8-ba26-11f0-b81e-005056bde474,00-00012971,КарменРС2 Красный Мытый  Сетка домик3 кг. ЛЕНТА FRESH,,6bd38b8f-0a33-11f0-b80e-005056bde474,false,false
Номенклатура — current,raw.r1c_nomenclature_current,6478a688-85d3-11f1-b824-005056bde474,00-00014678,КарменРС2 Красный Мытый  Сетка на рулоне10 кг. ,,6bd38b8f-0a33-11f0-b80e-005056bde474,false,false
Номенклатура — current,raw.r1c_nomenclature_current,08b1ddfb-2bff-11f0-b80e-005056bde474,00-00012241,КарменРС2 Красный Мытый  Сетка на рулоне25 кг.,,6bd38b8f-0a33-11f0-b80e-005056bde474,false,false
Номенклатура — current,raw.r1c_nomenclature_current,ebd4ad5f-d62f-11ec-9c42-00505689c8d9,00-00006545,Карниз универсальный,,f0e4c260-a130-11e8-af4c-30f7727a492e,false,false
Номенклатура — current,raw.r1c_nomenclature_current,ad7300d6-b0eb-11ec-9c42-00505689c8d9,00-00006416,Карта бесконтактная,,9088eead-75dc-11e7-af18-30f7727a492e,false,false
Номенклатура — current,raw.r1c_nomenclature_current,aeb5b9ba-435d-11ef-9c59-00505689ff45,00-00010746,Карта водителя СКЗИ,,9b060c02-71d9-11e7-85a2-d43d7eec442d,false,false
Номенклатура — current,raw.r1c_nomenclature_current,bdb81024-beea-11eb-1998-fa163e0d31f7,БП-00004018,Карта магнитная ЕМ Martin толстая чтение,,8b826a40-d818-11eb-d199-fa163e0d31f7,false,false
Номенклатура — current,raw.r1c_nomenclature_current,91d228f2-d6f8-11ef-b80c-005056bde474,00-00011551,Карта памяти 128Gb ,,20e031f3-0a37-11f0-b80e-005056bde474,false,false
Номенклатура — current,raw.r1c_nomenclature_current,440f292a-ffc6-11ed-9c4e-00505689ff45,00-00008081,Карта памяти 64Gb SanDisk,,9b060c03-71d9-11e7-85a2-d43d7eec442d,false,false
Номенклатура — current,raw.r1c_nomenclature_current,556ff71a-5bfd-11ec-9c40-00505689c8d9,АК-00005783,Карта тахографа Диамант-2 СКЗИ,,9088ee8b-75dc-11e7-af18-30f7727a492e,false,false
Номенклатура — current,raw.r1c_nomenclature_current,d93b95cf-cc8f-11ec-9c42-00505689c8d9,00-00006489,Карта тонкая с номером,,9088eead-75dc-11e7-af18-30f7727a492e,false,false
Номенклатура — current,raw.r1c_nomenclature_current,a1214030-7d6f-11ea-9528-30f7727a492e,00-00002539,Картер ЗИЛ-5301 сцепления ММЗ  ,,9b060c03-71d9-11e7-85a2-d43d7eec442d,false,false
Номенклатура — current,raw.r1c_nomenclature_current,abf7cbf3-39bf-11ea-9523-30f7727a492e,00-00002387,Картофелечистка 20см ручка пластиковая,,f0e4c260-a130-11e8-af4c-30f7727a492e,false,false
Номенклатура — current,raw.r1c_nomenclature_current,4669860d-5793-11ea-8118-d43d7ec071d4,00-00002489,"Картофелечистка на 18 кг.,трехфазная FP 103.Fama",,9b060cbb-71d9-11e7-85a2-d43d7eec442d,false,false
Номенклатура — current,raw.r1c_nomenclature_current,b60b8b28-6156-11eb-9c2d-0050560417d5,00-00002805,Картофель,,a16cf7b6-6156-11eb-9c2d-0050560417d5,true,false
Номенклатура — current,raw.r1c_nomenclature_current,60c017b3-b1c7-11ec-9c42-00505689c8d9,00-00006419,Картофель ,,9b060c36-71d9-11e7-85a2-d43d7eec442d,false,false
Номенклатура — current,raw.r1c_nomenclature_current,3b648dea-e4dc-11e9-af7c-30f7727a492e,00-00002044,"Картофель  сорт ""Беллороза""",,b60b8b28-6156-11eb-9c2d-0050560417d5,false,false
Номенклатура — current,raw.r1c_nomenclature_current,3b648de3-e4dc-11e9-af7c-30f7727a492e,00-00002043,"Картофель  сорт ""Жуковский """,,b60b8b28-6156-11eb-9c2d-0050560417d5,false,false
Номенклатура — current,raw.r1c_nomenclature_current,2dd51b8b-cf58-11ea-8186-d43d7e2a7a22,БП-00002721,"Картофель  сорт ""КАЛОМБО""",,b60b8b28-6156-11eb-9c2d-0050560417d5,false,false
Номенклатура — current,raw.r1c_nomenclature_current,c3b83a92-cb54-11ea-658b-fa163ee5d2f9,БП-00002897,"Картофель  сорт ""Коломба""",,b60b8b28-6156-11eb-9c2d-0050560417d5,false,false
Номенклатура — current,raw.r1c_nomenclature_current,3a4cf2e9-eb18-11e9-af7d-30f7727a492e,00-00002101,"Картофель  сорт ""Ред Скарлет""",,b60b8b28-6156-11eb-9c2d-0050560417d5,false,false
Номенклатура — current,raw.r1c_nomenclature_current,5bbf5eb5-1a3f-11ec-9c3a-00505689ff45,АК-00005079,Картофель  упак.вес (Беллороза),,03e63608-4b80-11f0-b810-005056bde474,false,false
Номенклатура — current,raw.r1c_nomenclature_current,ace90c93-1a31-11ec-9c3a-00505689ff45,АК-00005076,Картофель  упак.вес (Вега),,03e63608-4b80-11f0-b810-005056bde474,false,false
Номенклатура — current,raw.r1c_nomenclature_current,ac7e9254-1a32-11ec-9c3a-00505689ff45,АК-00005077,Картофель  упак.вес (Гала),,03e63608-4b80-11f0-b810-005056bde474,false,false
Номенклатура — current,raw.r1c_nomenclature_current,02e5169a-4e04-11eb-d19d-fa163e0d31f7,БП-00003551,Картофель  упак.вес (Коломба),,03e63608-4b80-11f0-b810-005056bde474,false,false
Номенклатура — current,raw.r1c_nomenclature_current,703dddd8-1a3d-11ec-9c3a-00505689ff45,АК-00005078,Картофель  упак.вес (Ред Скарлетт),,03e63608-4b80-11f0-b810-005056bde474,false,false
Номенклатура — current,raw.r1c_nomenclature_current,5dbbd42e-ae43-11eb-3192-fa163e0d31f7,БП-00003914,"Картофель ""Аметист"" супер супер элита 5+",,63675cba-491d-11f1-b821-005056bde474,false,false
Номенклатура — current,raw.r1c_nomenclature_current,2704071c-ae43-11eb-3192-fa163e0d31f7,БП-00003912,"Картофель ""Аметист"" супер элита",,63675cba-491d-11f1-b821-005056bde474,false,false
Номенклатура — current,raw.r1c_nomenclature_current,3c11d0f8-ae43-11eb-3192-fa163e0d31f7,БП-00003913,"Картофель ""Аметист"" супер элита 5+",,63675cba-491d-11f1-b821-005056bde474,false,false
Номенклатура — current,raw.r1c_nomenclature_current,fd574064-ae42-11eb-3192-fa163e0d31f7,БП-00003911,"Картофель ""Северное сияние"" элита",,63675cba-491d-11f1-b821-005056bde474,false,false
Номенклатура — current,raw.r1c_nomenclature_current,3549ed55-19fa-11ec-9c3a-00505689ff45,АК-00005055,Картофель 2500 (гала),,03e63608-4b80-11f0-b810-005056bde474,false,false
Номенклатура — current,raw.r1c_nomenclature_current,1ae84ae0-4680-11eb-3293-fa163e0d31f7,БП-00003494,Картофель 2500г,,03e63608-4b80-11f0-b810-005056bde474,false,false
Номенклатура — current,raw.r1c_nomenclature_current,4af28cc3-1ad4-11ec-9c3a-00505689ff45,АК-00005082,Картофель 2500г (Северное сияние),,03e63608-4b80-11f0-b810-005056bde474,false,false
Номенклатура — current,raw.r1c_nomenclature_current,2507c6bc-3628-11eb-e19b-fa163e0d31f7,БП-00003362,Картофель Беби 1500г,,03e63608-4b80-11f0-b810-005056bde474,false,false
Номенклатура — current,raw.r1c_nomenclature_current,242e1005-19fc-11ec-9c3a-00505689ff45,АК-00005057,Картофель Беби 1500г (Гала),,03e63608-4b80-11f0-b810-005056bde474,false,false
Номенклатура — current,raw.r1c_nomenclature_current,403d3a83-b2f2-11ef-9c5e-00505689ff45,00-00011447,Картофель Беби 2кг.,,03e63608-4b80-11f0-b810-005056bde474,false,false
Номенклатура — current,raw.r1c_nomenclature_current,638f288c-3ba5-11f0-b80e-005056bde474,00-00012409,Картофель Вакуумная упаковка 5 кг,,a8d01fbf-30d9-11ec-b9aa-00505689914b,false,false
Номенклатура — current,raw.r1c_nomenclature_current,26faeec3-2b3d-11f0-b80e-005056bde474,00-00012200,Картофель Вакуумная упаковка 5 кг (Перекресток),,a8d01fbf-30d9-11ec-b9aa-00505689914b,false,false
Номенклатура — current,raw.r1c_nomenclature_current,0d4b7624-da63-11f0-b81e-005056bde474,00-00013108,Картофель ГалаРС3 Белый_прямая отгрузка с поля,,477e94ee-ecd1-11f0-b81e-005056bde474,false,false
Номенклатура — current,raw.r1c_nomenclature_current,e8fa36ae-30d9-11e8-af34-30f7727a492e,00-00000746,Картофель Коломбо мелкий,,9b060c36-71d9-11e7-85a2-d43d7eec442d,false,false
Номенклатура — current,raw.r1c_nomenclature_current,3e066b01-2a82-11f0-b80e-005056bde474,00-00012143,Картофель ФламингоРС3 Красный_прямая отгрузка с поля,,477e94ee-ecd1-11f0-b81e-005056bde474,false,false
Номенклатура — current,raw.r1c_nomenclature_current,8da90b45-21be-11f0-b80e-005056bde474,00-00011988,Картофель беби,,65db196c-0a33-11f0-b80e-005056bde474,true,false
Номенклатура — current,raw.r1c_nomenclature_current,ac971775-19fa-11ec-9c3a-00505689ff45,АК-00005056,Картофель белый мытый упак.вес (гала),,03e63608-4b80-11f0-b810-005056bde474,false,false
Номенклатура — current,raw.r1c_nomenclature_current,7fc88dc6-36f9-11eb-e19b-fa163e0d31f7,БП-00003379,Картофель белый мытый упак.вес (коломба),,03e63608-4b80-11f0-b810-005056bde474,false,false
Номенклатура — current,raw.r1c_nomenclature_current,e517dd44-3627-11eb-e19b-fa163e0d31f7,БП-00003360,Картофель белый фас.вес (Вега),,03e63608-4b80-11f0-b810-005056bde474,false,false
Номенклатура — current,raw.r1c_nomenclature_current,c2c0a2ec-1ab4-11ec-9c3a-00505689ff45,АК-00005080,Картофель белый фас.вес (Гала),,03e63608-4b80-11f0-b810-005056bde474,false,false
Номенклатура — current,raw.r1c_nomenclature_current,3591d1db-c2e7-11ef-9c5f-00505689ff45,00-00011525,Картофель в в.упак. 5 кг.,,d8e31aa9-0bd1-11f0-b80e-005056bde474,false,false
Номенклатура — current,raw.r1c_nomenclature_current,a8d01fbf-30d9-11ec-b9aa-00505689914b,АК-00005527,Картофель в вакуумной упаковке,,7cb1fb9a-4ebc-11f1-b821-005056bde474,true,false
Номенклатура — current,raw.r1c_nomenclature_current,45177774-4ffd-11eb-d19d-fa163e0d31f7,БП-00003552,Картофель весовой,,7df3fa23-24f1-11f0-b80e-005056bde474,false,false
Номенклатура — current,raw.r1c_nomenclature_current,09f53c56-30e5-11ec-b9aa-00505689914b,АК-00005532,Картофель вторичное сырье,,d5f1fbeb-094b-11f0-b80e-005056bde474,true,false
Номенклатура — current,raw.r1c_nomenclature_current,738dbce1-0a34-11f0-b80e-005056bde474,00-00011842,Картофель глубокой переработки вареный,,7cb1fb9a-4ebc-11f1-b821-005056bde474,true,false
Номенклатура — current,raw.r1c_nomenclature_current,731f2b5d-6157-11eb-9c2d-0050560417d5,00-00002813,Картофель грязный,,13ef6ba2-4b80-11f0-b810-005056bde474,true,false
Номенклатура — current,raw.r1c_nomenclature_current,394d0470-6a21-11f1-b822-005056bde474,00-00014513,Картофель давальческий				,,d57d3d8b-695c-11f1-b822-005056bde474,false,false
Номенклатура — current,raw.r1c_nomenclature_current,03d3b327-6bcd-11f1-b822-005056bde474,00-00014524,"Картофель давальческий, фасовка 2,5кг						",,d57d3d8b-695c-11f1-b822-005056bde474,false,false
Номенклатура — current,raw.r1c_nomenclature_current,958b1ecc-91e8-11eb-5384-fa163e0d31f7,БП-00003813,Картофель для варки фас.3кг (Гала),,03e63608-4b80-11f0-b810-005056bde474,false,false
Номенклатура — current,raw.r1c_nomenclature_current,22b634f8-5a6c-11eb-0780-fa163e0d31f7,БП-00003678,Картофель красный мытый упак.вес (Беллороза),,03e63608-4b80-11f0-b810-005056bde474,false,false
Номенклатура — current,raw.r1c_nomenclature_current,65db196c-0a33-11f0-b80e-005056bde474,00-00011838,Картофель легкой переработки,,7cb1fb9a-4ebc-11f1-b821-005056bde474,true,false
Номенклатура — current,raw.r1c_nomenclature_current,e4ada58a-1829-11eb-1099-fa163e0d31f7,БП-00003173,Картофель малиновый,,b60b8b28-6156-11eb-9c2d-0050560417d5,false,false
Номенклатура — current,raw.r1c_nomenclature_current,44afa757-6157-11eb-9c2d-0050560417d5,00-00002811,Картофель мытый,,03e63608-4b80-11f0-b810-005056bde474,true,false
Номенклатура — current,raw.r1c_nomenclature_current,6bd38b8f-0a33-11f0-b80e-005056bde474,00-00011839,Картофель мытый,,65db196c-0a33-11f0-b80e-005056bde474,true,false
Номенклатура — current,raw.r1c_nomenclature_current,77174b47-0a33-11f0-b80e-005056bde474,00-00011840,Картофель немытый,,65db196c-0a33-11f0-b80e-005056bde474,true,false
Номенклатура — current,raw.r1c_nomenclature_current,034a7da3-0340-11f0-b80e-005056bde474,00-00011760,Картофель нестандарт (бэби),,7df3fa23-24f1-11f0-b80e-005056bde474,false,false
Номенклатура — current,raw.r1c_nomenclature_current,d6b6b28a-bc58-11ef-9c5f-00505689ff45,00-00011502,Картофель нст (Фламинго),,7df3fa23-24f1-11f0-b80e-005056bde474,false,false
Номенклатура — current,raw.r1c_nomenclature_current,446f4913-bc5b-11ef-9c5f-00505689ff45,00-00011503,Картофель нст (бэби),,7df3fa23-24f1-11f0-b80e-005056bde474,false,false
Номенклатура — current,raw.r1c_nomenclature_current,22d07634-9c53-11eb-9c33-00505689ff45,00-00003238,Картофель первичное сырье,,d5f1fbeb-094b-11f0-b80e-005056bde474,true,false
Номенклатура — current,raw.r1c_nomenclature_current,788e810b-c57e-11ec-9c42-00505689c8d9,00-00006484,"Картофель первой репродукции РС1 ""Кармен""",,63675cba-491d-11f1-b821-005056bde474,false,false
Номенклатура — current,raw.r1c_nomenclature_current,43961eae-d21b-11ec-9c42-00505689c8d9,00-00006518,Картофель первой репродукции РС1 Гала,,63675cba-491d-11f1-b821-005056bde474,false,false
Номенклатура — current,raw.r1c_nomenclature_current,0987eb06-b814-11e7-a3e4-94de80168a80,00-00000430,Картофель продовольственный,,b60b8b28-6156-11eb-9c2d-0050560417d5,false,false
Номенклатура — current,raw.r1c_nomenclature_current,b560722e-fa91-11e7-a403-94de80168a80,00-00000661,Картофель продовольственный 2 сорт,,9b060c2b-71d9-11e7-85a2-d43d7eec442d,false,false
Номенклатура — current,raw.r1c_nomenclature_current,2269d76a-4e3c-11ed-9c43-cb6d75bb653b,00-00007304,Картофель продовольственный ГАЛА,,b60b8b28-6156-11eb-9c2d-0050560417d5,false,false
Номенклатура — current,raw.r1c_nomenclature_current,477e94ee-ecd1-11f0-b81e-005056bde474,00-00013332,Картофель прямая отгрузка с поля,,d5f1fbeb-094b-11f0-b80e-005056bde474,true,false
Номенклатура — current,raw.r1c_nomenclature_current,81a52654-0a33-11f0-b80e-005056bde474,00-00011841,Картофель семена на продажу,,a0d495d4-0987-11f0-b80e-005056bde474,true,false
Номенклатура — current,raw.r1c_nomenclature_current,9b060c40-71d9-11e7-85a2-d43d7eec442d,00000143   ,Картофель семенной,,9b060c36-71d9-11e7-85a2-d43d7eec442d,false,false
Номенклатура — current,raw.r1c_nomenclature_current,cc3d303a-fc0c-11ea-c48d-fa163ee5d2f9,БП-00003028,"Картофель семенной  сорт ""Коломба""",,b60b8b28-6156-11eb-9c2d-0050560417d5,false,false
Номенклатура — current,raw.r1c_nomenclature_current,a91ed5c5-810d-11e9-af6f-30f7727a492e,00-00001610,"Картофель семенной ""Ред Скарлет"" ",,63675cba-491d-11f1-b821-005056bde474,false,false
Номенклатура — current,raw.r1c_nomenclature_current,b3758416-cf66-11eb-bd90-fa163e0d31f7,БП-00004170,Картофель семенной (покупной),,63675cba-491d-11f1-b821-005056bde474,false,false
Номенклатура — current,raw.r1c_nomenclature_current,a91ed5e1-810d-11e9-af6f-30f7727a492e,00-00001619,Картофель семенной Беллароза,,63675cba-491d-11f1-b821-005056bde474,false,false
Номенклатура — current,raw.r1c_nomenclature_current,3d330730-9873-11eb-9b81-fa163e0d31f7,БП-00003833,Картофель семенной ВЕНДИ,,63675cba-491d-11f1-b821-005056bde474,false,false
Номенклатура — current,raw.r1c_nomenclature_current,061dd310-6952-11eb-159e-fa163e0d31f7,БП-00003682,Картофель семенной Коломба,,63675cba-491d-11f1-b821-005056bde474,false,false
Номенклатура — current,raw.r1c_nomenclature_current,5b9940e2-ff88-11ed-9c4e-00505689ff45,00-00008075,"Картофель семенной РС ""Гала""",,63675cba-491d-11f1-b821-005056bde474,false,false
Номенклатура — current,raw.r1c_nomenclature_current,abb4ff66-bd93-11eb-bd8e-fa163e0d31f7,БП-00003984,"Картофель семенной Элита ""Гала""",,63675cba-491d-11f1-b821-005056bde474,false,false
Номенклатура — current,raw.r1c_nomenclature_current,7b8a710e-bde8-11eb-b480-fa163e0d31f7,БП-00004000,"Картофель семенной Элита ""Индиго""",,63675cba-491d-11f1-b821-005056bde474,false,false
Номенклатура — current,raw.r1c_nomenclature_current,5b5b1410-bde8-11eb-b480-fa163e0d31f7,БП-00003999,"Картофель семенной Элита ""Кармен""",,63675cba-491d-11f1-b821-005056bde474,false,false
Номенклатура — current,raw.r1c_nomenclature_current,9d455aac-bde8-11eb-b480-fa163e0d31f7,БП-00004001,"Картофель семенной Элита ""Фламинго""",,63675cba-491d-11f1-b821-005056bde474,false,false
Номенклатура — current,raw.r1c_nomenclature_current,b562e670-fc0c-11ea-c48d-fa163ee5d2f9,БП-00003027,"Картофель семенной сорт ""Беллороза""",,b60b8b28-6156-11eb-9c2d-0050560417d5,false,false
Номенклатура — current,raw.r1c_nomenclature_current,88a3fd18-8eba-11ea-9529-30f7727a492e,00-00002580,"Картофель семенной сорт ""Гала""",,63675cba-491d-11f1-b821-005056bde474,false,false
Номенклатура — current,raw.r1c_nomenclature_current,6036324b-b0c8-11ec-9c42-00505689c8d9,00-00006408,"Картофель семенной сорт ""Мадейра"",РС-1",,63675cba-491d-11f1-b821-005056bde474,false,false
Номенклатура — current,raw.r1c_nomenclature_current,7affda40-b0c7-11ec-9c42-00505689c8d9,00-00006407,"Картофель семенной сорт ""Мадейра"",ЭС",,63675cba-491d-11f1-b821-005056bde474,false,false
Номенклатура — current,raw.r1c_nomenclature_current,7dddee7c-e42d-11ed-9c4e-00505689ff45,00-00007815,Картофель семенной сорт Балтик Роуз РС-1,,63675cba-491d-11f1-b821-005056bde474,false,false
Номенклатура — current,raw.r1c_nomenclature_current,8e92f75e-99f7-11eb-9485-fa163e0d31f7,БП-00003852,Картофель семенной сорт Балтик Роуз класс Е Элита,,63675cba-491d-11f1-b821-005056bde474,false,false
Номенклатура — current,raw.r1c_nomenclature_current,a91ed5d1-810d-11e9-af6f-30f7727a492e,00-00001615,"Картофель семенной сорт Вега,класс Элита",,63675cba-491d-11f1-b821-005056bde474,false,false
Номенклатура — current,raw.r1c_nomenclature_current,5ccd7918-e42e-11ed-9c4e-00505689ff45,00-00007816,"Картофель семенной сорт Венди, класс Е(ВЕ) Элита",,63675cba-491d-11f1-b821-005056bde474,false,false
Номенклатура — current,raw.r1c_nomenclature_current,b79748b4-e5e6-11ed-9c4e-00505689ff45,00-00007826,Картофель семенной сорт Гала класс Е Элита,,63675cba-491d-11f1-b821-005056bde474,false,false
Номенклатура — current,raw.r1c_nomenclature_current,3151d40a-b16a-11ea-8f98-fa163ee5d2f9,БП-00002792,"Картофель семенной сорт Коломба,Элита 30-45/45-60 мм",,63675cba-491d-11f1-b821-005056bde474,false,false
Номенклатура — current,raw.r1c_nomenclature_current,23cbbb38-a6be-11e9-af76-30f7727a492e,00-00001767,"Картофель семенной сорта ""Малиновый""",,9b060c36-71d9-11e7-85a2-d43d7eec442d,false,false
Номенклатура — current,raw.r1c_nomenclature_current,23cbbb37-a6be-11e9-af76-30f7727a492e,00-00001766,"Картофель семенной сорта ""Северное сияние""",,9b060c36-71d9-11e7-85a2-d43d7eec442d,false,false
Номенклатура — current,raw.r1c_nomenclature_current,9b060c41-71d9-11e7-85a2-d43d7eec442d,00000148   ,"Картофель семенной сорта ""Удача"" С/Элита""",,9b060c36-71d9-11e7-85a2-d43d7eec442d,false,false
Номенклатура — current,raw.r1c_nomenclature_current,46b14397-1acd-11ec-9c3a-00505689ff45,АК-00005081,Картофель сетка фасов.5000г (Вега),,03e63608-4b80-11f0-b810-005056bde474,false,false
Номенклатура — current,raw.r1c_nomenclature_current,4d032f08-3628-11eb-e19b-fa163e0d31f7,БП-00003363,Картофель сетка фасов.5000г (Гала),,03e63608-4b80-11f0-b810-005056bde474,false,false
Номенклатура — current,raw.r1c_nomenclature_current,0aedc3b2-3628-11eb-e19b-fa163e0d31f7,БП-00003361,Картофель сирень 1500г (Северное сияние),,03e63608-4b80-11f0-b810-005056bde474,false,false
Номенклатура — current,raw.r1c_nomenclature_current,869f38bb-561e-11ea-8118-d43d7ec071d4,00-00002115,"Картофель сорт  ""Малиновый""",,b60b8b28-6156-11eb-9c2d-0050560417d5,false,false
Номенклатура — current,raw.r1c_nomenclature_current,b02ce145-165e-11ee-9c4e-00505689ff45,00-00008253,Картофель сорт ''Аметист''(РС1) 2 023 без полива,,c8d254cc-0975-11f0-b80e-005056bde474,false,false
Номенклатура — current,raw.r1c_nomenclature_current,81f4a745-3b5d-11ee-9c4e-00505689ff45,00-00008507,Картофель сорт ''Аметист''(РС1) 2 023 полив,,c8d254cc-0975-11f0-b80e-005056bde474,false,false
Номенклатура — current,raw.r1c_nomenclature_current,468867da-efcc-11eb-9c3a-00505689ff45,АК-00003250,Картофель сорт ''Аметист''(Супер Элита) 2 021 ,,5c1802e4-0976-11f0-b80e-005056bde474,false,false
Номенклатура — current,raw.r1c_nomenclature_current,22a68f6d-53a3-11ed-9c43-cb6d75bb653b,00-00007351,Картофель сорт ''Аметист''(Элита)  ,,5c1802e4-0976-11f0-b80e-005056bde474,false,false
Номенклатура — current,raw.r1c_nomenclature_current,d2492925-efcc-11eb-9c3a-00505689ff45,АК-00003251,Картофель сорт ''Аметист''(Элита) 2 021 ,,5c1802e4-0976-11f0-b80e-005056bde474,false,false
Номенклатура — current,raw.r1c_nomenclature_current,80d17c00-4d3b-11ed-9c43-cb6d75bb653b,00-00007287,Картофель сорт ''Аметист''(Элита) 2 022 ,,d29fe044-0975-11f0-b80e-005056bde474,false,false
Номенклатура — current,raw.r1c_nomenclature_current,0a8be40b-efcd-11eb-9c3a-00505689ff45,АК-00003252,Картофель сорт ''Балтик Роуз''(РС1) 2 021 ,,5c1802e4-0976-11f0-b80e-005056bde474,false,false
Номенклатура — current,raw.r1c_nomenclature_current,441f63cd-43b8-11ed-9c43-cb6d75bb653b,00-00007215,Картофель сорт ''Балтик Роуз''(РС2) 2 022 ,,d29fe044-0975-11f0-b80e-005056bde474,false,false
Номенклатура — current,raw.r1c_nomenclature_current,7eb8f6e8-f009-11ed-9c4e-00505689ff45,00-00007935,Картофель сорт ''Балтик Роуз''(РС2) 2 023 без полива,,c8d254cc-0975-11f0-b80e-005056bde474,false,false
Номенклатура — current,raw.r1c_nomenclature_current,07686f0c-32bc-11ee-9c4e-00505689ff45,00-00008397,Картофель сорт ''Балтик Роуз''(РС2) 2 023 полив,,c8d254cc-0975-11f0-b80e-005056bde474,false,false
Номенклатура — current,raw.r1c_nomenclature_current,03df2247-1717-11ee-9c4e-00505689ff45,00-00008275,Картофель сорт ''Балтик Роуз''(РС2+) 2 023 без полива,,c8d254cc-0975-11f0-b80e-005056bde474,false,false
Номенклатура — current,raw.r1c_nomenclature_current,d850b79c-3b5d-11ee-9c4e-00505689ff45,00-00008508,Картофель сорт ''Балтик Роуз''(РС2+) 2 023 полив,,c8d254cc-0975-11f0-b80e-005056bde474,false,false
Номенклатура — current,raw.r1c_nomenclature_current,0aca9793-16b9-11ee-9c4e-00505689ff45,00-00008261,Картофель сорт ''Балтик Роуз''(РС2_) 2 023 полив,,c8d254cc-0975-11f0-b80e-005056bde474,false,false
Номенклатура — current,raw.r1c_nomenclature_current,565bab33-171e-11ee-9c4e-00505689ff45,00-00008278,Картофель сорт ''Балтик Роуз''(РС2_+) 2 023 без полива,,c8d254cc-0975-11f0-b80e-005056bde474,false,false
Номенклатура — current,raw.r1c_nomenclature_current,fd1cd8f1-3b5d-11ee-9c4e-00505689ff45,00-00008509,Картофель сорт ''Балтик Роуз''(РС2_+) 2 023 полив,,c8d254cc-0975-11f0-b80e-005056bde474,false,false
Номенклатура — current,raw.r1c_nomenclature_current,c303f53a-173c-11ee-9c4e-00505689ff45,00-00008279,Картофель сорт ''Балтик Роуз''(РС3) 2 023 без полива,,c8d254cc-0975-11f0-b80e-005056bde474,false,false
Номенклатура — current,raw.r1c_nomenclature_current,36c5854c-3b5e-11ee-9c4e-00505689ff45,00-00008510,Картофель сорт ''Балтик Роуз''(РС3) 2 023 полив,,c8d254cc-0975-11f0-b80e-005056bde474,false,false
Номенклатура — current,raw.r1c_nomenclature_current,0a450e05-2407-11ef-9c58-00505689ff45,00-00010634,Картофель сорт ''Балтик Роуз''(РС3) 2 024 ,,b851025b-0975-11f0-b80e-005056bde474,false,false
Номенклатура — current,raw.r1c_nomenclature_current,7586c6b6-efcd-11eb-9c3a-00505689ff45,АК-00003253,Картофель сорт ''БеллаРоза''(РС2) 2 021 ,,5c1802e4-0976-11f0-b80e-005056bde474,false,false
Номенклатура — current,raw.r1c_nomenclature_current,983bbcb0-060d-11ed-9c42-89a3dcc9992a,00-00006776,Картофель сорт ''БеллаРоза''(РС2) 2 022 ,,d29fe044-0975-11f0-b80e-005056bde474,false,false
Номенклатура — current,raw.r1c_nomenclature_current,7c1540a5-0606-11ed-9c42-89a3dcc9992a,00-00006765,Картофель сорт ''БеллаРоза''(РС3) 2 022 ,,d29fe044-0975-11f0-b80e-005056bde474,false,false
Номенклатура — current,raw.r1c_nomenclature_current,2b4f5003-e996-11e9-af7d-30f7727a492e,00-00002100,Картофель сорт ''Вега,,b60b8b28-6156-11eb-9c2d-0050560417d5,false,false
Номенклатура — current,raw.r1c_nomenclature_current,316ea5c5-f387-11eb-9c3a-00505689ff45,АК-00003329,Картофель сорт ''Вега''(РС1) 2 021 ,,5c1802e4-0976-11f0-b80e-005056bde474,false,false
Номенклатура — current,raw.r1c_nomenclature_current,b6a7f735-f4b6-11ed-9c4e-00505689ff45,00-00008016,Картофель сорт ''Вега''(РС1) 2 022 ,,d29fe044-0975-11f0-b80e-005056bde474,false,false
Номенклатура — current,raw.r1c_nomenclature_current,436ec15b-1076-11ee-9c4e-00505689ff45,00-00008226,Картофель сорт ''Вега''(РС1) 2 023 без полива,,c8d254cc-0975-11f0-b80e-005056bde474,false,false
Номенклатура — current,raw.r1c_nomenclature_current,e06289e3-3b5f-11ee-9c4e-00505689ff45,00-00008522,Картофель сорт ''Вега''(РС1) 2 023 полив,,c8d254cc-0975-11f0-b80e-005056bde474,false,false
Номенклатура — current,raw.r1c_nomenclature_current,35bdb8dc-0608-11ed-9c42-89a3dcc9992a,00-00006768,Картофель сорт ''Вега''(РС2) 2 022 ,,d29fe044-0975-11f0-b80e-005056bde474,false,false
Номенклатура — current,raw.r1c_nomenclature_current,a17ec7e8-23e7-11ef-9c58-00505689ff45,00-00010627,Картофель сорт ''Вега''(РС2) 2 024 ,,b851025b-0975-11f0-b80e-005056bde474,false,false
Номенклатура — current,raw.r1c_nomenclature_current,3c29ab83-23fa-11ef-9c58-00505689ff45,00-00010633,Картофель сорт ''Вега''(РС2+) 2 024 ,,b851025b-0975-11f0-b80e-005056bde474,false,false
Номенклатура — current,raw.r1c_nomenclature_current,a4a7fe0b-23f4-11ef-9c58-00505689ff45,00-00010628,Картофель сорт ''Вега''(РС2_) 2 024 ,,b851025b-0975-11f0-b80e-005056bde474,false,false
Номенклатура — current,raw.r1c_nomenclature_current,2bc7876b-23f5-11ef-9c58-00505689ff45,00-00010629,Картофель сорт ''Вега''(РС2_+) 2 024 ,,b851025b-0975-11f0-b80e-005056bde474,false,false
Номенклатура — current,raw.r1c_nomenclature_current,598c1d89-2411-11ef-9c58-00505689ff45,00-00010641,Картофель сорт ''Вега''(РС2_++) 2 024 ,,b851025b-0975-11f0-b80e-005056bde474,false,false
Номенклатура — current,raw.r1c_nomenclature_current,248c2d9f-16c7-11ee-9c4e-00505689ff45,00-00008266,Картофель сорт ''Вега''(РС3) 2 023 без полива,,c8d254cc-0975-11f0-b80e-005056bde474,false,false
Номенклатура — current,raw.r1c_nomenclature_current,ebd961c9-3b5e-11ee-9c4e-00505689ff45,00-00008514,Картофель сорт ''Вега''(РС3) 2 023 полив,,c8d254cc-0975-11f0-b80e-005056bde474,false,false
Номенклатура — current,raw.r1c_nomenclature_current,25ce4c2e-16c8-11ee-9c4e-00505689ff45,00-00008268,Картофель сорт ''Вега''(РС3++) 2 023 без полива,,c8d254cc-0975-11f0-b80e-005056bde474,false,false
Номенклатура — current,raw.r1c_nomenclature_current,59198273-3b5f-11ee-9c4e-00505689ff45,00-00008518,Картофель сорт ''Вега''(РС3++) 2 023 полив,,c8d254cc-0975-11f0-b80e-005056bde474,false,false
Номенклатура — current,raw.r1c_nomenclature_current,99f05c39-16cd-11ee-9c4e-00505689ff45,00-00008274,Картофель сорт ''Вега''(РС3++_) 2 023 без полива,,c8d254cc-0975-11f0-b80e-005056bde474,false,false
Номенклатура — current,raw.r1c_nomenclature_current,b5066777-3b5e-11ee-9c4e-00505689ff45,00-00008513,Картофель сорт ''Вега''(РС3++_) 2 023 полив,,c8d254cc-0975-11f0-b80e-005056bde474,false,false
Номенклатура — current,raw.r1c_nomenclature_current,d6637f1e-16c8-11ee-9c4e-00505689ff45,00-00008269,Картофель сорт ''Вега''(РС3+_) 2 023 без полива,,c8d254cc-0975-11f0-b80e-005056bde474,false,false
Номенклатура — current,raw.r1c_nomenclature_current,743bbeda-3b5f-11ee-9c4e-00505689ff45,00-00008519,Картофель сорт ''Вега''(РС3+_) 2 023 полив,,c8d254cc-0975-11f0-b80e-005056bde474,false,false
Номенклатура — current,raw.r1c_nomenclature_current,64cb4081-16c4-11ee-9c4e-00505689ff45,00-00008264,Картофель сорт ''Вега''(РС3+о) 2 023 без полива,,c8d254cc-0975-11f0-b80e-005056bde474,false,false
Номенклатура — current,raw.r1c_nomenclature_current,0920492a-3b5f-11ee-9c4e-00505689ff45,00-00008515,Картофель сорт ''Вега''(РС3+о) 2 023 полив,,c8d254cc-0975-11f0-b80e-005056bde474,false,false
Номенклатура — current,raw.r1c_nomenclature_current,9e1aa485-f4bb-11ed-9c4e-00505689ff45,00-00008017,Картофель сорт ''Вега''(РС3_) 2 023 без полива,,c8d254cc-0975-11f0-b80e-005056bde474,false,false
Номенклатура — current,raw.r1c_nomenclature_current,5285b7c5-3b5e-11ee-9c4e-00505689ff45,00-00008511,Картофель сорт ''Вега''(РС3_) 2 023 полив,,c8d254cc-0975-11f0-b80e-005056bde474,false,false
Номенклатура — current,raw.r1c_nomenclature_current,93f9aa36-16c7-11ee-9c4e-00505689ff45,00-00008267,Картофель сорт ''Вега''(РС3_+) 2 023 без полива,,c8d254cc-0975-11f0-b80e-005056bde474,false,false
Номенклатура — current,raw.r1c_nomenclature_current,3e1fba92-3b5f-11ee-9c4e-00505689ff45,00-00008517,Картофель сорт ''Вега''(РС3_+) 2 023 полив,,c8d254cc-0975-11f0-b80e-005056bde474,false,false
Номенклатура — current,raw.r1c_nomenclature_current,088a6044-16c0-11ee-9c4e-00505689ff45,00-00008263,Картофель сорт ''Вега''(РС3_+оп) 2 023 без полива,,c8d254cc-0975-11f0-b80e-005056bde474,false,false
Номенклатура — current,raw.r1c_nomenclature_current,c672c1d7-3b5f-11ee-9c4e-00505689ff45,00-00008521,Картофель сорт ''Вега''(РС3_+оп) 2 023 полив,,c8d254cc-0975-11f0-b80e-005056bde474,false,false
Номенклатура — current,raw.r1c_nomenclature_current,454a0ccd-16cd-11ee-9c4e-00505689ff45,00-00008273,Картофель сорт ''Вега''(РС3_-) 2 023 без полива,,c8d254cc-0975-11f0-b80e-005056bde474,false,false
Номенклатура — current,raw.r1c_nomenclature_current,961e5089-3b5e-11ee-9c4e-00505689ff45,00-00008512,Картофель сорт ''Вега''(РС3_-) 2 023 полив,,c8d254cc-0975-11f0-b80e-005056bde474,false,false
Номенклатура — current,raw.r1c_nomenclature_current,c8f867f6-16c4-11ee-9c4e-00505689ff45,00-00008265,Картофель сорт ''Вега''(РС3_о) 2 023 без полива,,c8d254cc-0975-11f0-b80e-005056bde474,false,false
Номенклатура — current,raw.r1c_nomenclature_current,8b46038d-3b5f-11ee-9c4e-00505689ff45,00-00008520,Картофель сорт ''Вега''(РС3_о) 2 023 полив,,c8d254cc-0975-11f0-b80e-005056bde474,false,false
Номенклатура — current,raw.r1c_nomenclature_current,2291a160-16bf-11ee-9c4e-00505689ff45,00-00008262,Картофель сорт ''Вега''(РС3_оп) 2 023 без полива,,c8d254cc-0975-11f0-b80e-005056bde474,false,false
Номенклатура — current,raw.r1c_nomenclature_current,256c15b7-3b5f-11ee-9c4e-00505689ff45,00-00008516,Картофель сорт ''Вега''(РС3_оп) 2 023 полив,,c8d254cc-0975-11f0-b80e-005056bde474,false,false
Номенклатура — current,raw.r1c_nomenclature_current,c2de052b-f4c8-11ed-9c4e-00505689ff45,00-00008024,Картофель сорт ''Вэнди''(РС1) 2 023 без полива,,c8d254cc-0975-11f0-b80e-005056bde474,false,false
Номенклатура — current,raw.r1c_nomenclature_current,ec9f56b8-3b61-11ee-9c4e-00505689ff45,00-00008527,Картофель сорт ''Вэнди''(РС1) 2 023 полив,,c8d254cc-0975-11f0-b80e-005056bde474,false,false
Номенклатура — current,raw.r1c_nomenclature_current,4bff81e2-efce-11eb-9c3a-00505689ff45,АК-00003254,Картофель сорт ''Вэнди''(РС2) 2 021 ,,5c1802e4-0976-11f0-b80e-005056bde474,false,false
Номенклатура — current,raw.r1c_nomenclature_current,585f5990-f4c7-11ed-9c4e-00505689ff45,00-00008022,Картофель сорт ''Вэнди''(РС2) 2 023 полив,,c8d254cc-0975-11f0-b80e-005056bde474,false,false
Номенклатура — current,raw.r1c_nomenclature_current,494bf712-23f8-11ef-9c58-00505689ff45,00-00010630,Картофель сорт ''Вэнди''(РС2) 2 024 ,,b851025b-0975-11f0-b80e-005056bde474,false,false
Номенклатура — current,raw.r1c_nomenclature_current,072d967f-23f9-11ef-9c58-00505689ff45,00-00010631,Картофель сорт ''Вэнди''(РС2_) 2 024 ,,b851025b-0975-11f0-b80e-005056bde474,false,false
Номенклатура — current,raw.r1c_nomenclature_current,e60314ae-060d-11ed-9c42-89a3dcc9992a,00-00006777,Картофель сорт ''Вэнди''(РС3) 2 022 ,,d29fe044-0975-11f0-b80e-005056bde474,false,false
Номенклатура — current,raw.r1c_nomenclature_current,2e4cffec-16cc-11ee-9c4e-00505689ff45,00-00008271,Картофель сорт ''Вэнди''(РС4) 2 023 без полива,,c8d254cc-0975-11f0-b80e-005056bde474,false,false
Номенклатура — current,raw.r1c_nomenclature_current,fcf53e78-3b5f-11ee-9c4e-00505689ff45,00-00008523,Картофель сорт ''Вэнди''(РС4) 2 023 полив,,c8d254cc-0975-11f0-b80e-005056bde474,false,false
Номенклатура — current,raw.r1c_nomenclature_current,a399a1ad-16cc-11ee-9c4e-00505689ff45,00-00008272,Картофель сорт ''Вэнди''(РС4+) 2 023 без полива,,c8d254cc-0975-11f0-b80e-005056bde474,false,false
Номенклатура — current,raw.r1c_nomenclature_current,d0f9f10a-3b61-11ee-9c4e-00505689ff45,00-00008526,Картофель сорт ''Вэнди''(РС4+) 2 023 полив,,c8d254cc-0975-11f0-b80e-005056bde474,false,false
Номенклатура — current,raw.r1c_nomenclature_current,b349750c-107e-11ee-9c4e-00505689ff45,00-00008227,Картофель сорт ''Вэнди''(РС4_) 2 023 без полива,,c8d254cc-0975-11f0-b80e-005056bde474,false,false
Номенклатура — current,raw.r1c_nomenclature_current,1510bcdd-3b60-11ee-9c4e-00505689ff45,00-00008524,Картофель сорт ''Вэнди''(РС4_) 2 023 полив,,c8d254cc-0975-11f0-b80e-005056bde474,false,false
Номенклатура — current,raw.r1c_nomenclature_current,c008d185-16cb-11ee-9c4e-00505689ff45,00-00008270,Картофель сорт ''Вэнди''(РС4_+) 2 023 без полива,,c8d254cc-0975-11f0-b80e-005056bde474,false,false
Номенклатура — current,raw.r1c_nomenclature_current,2f71c581-3b60-11ee-9c4e-00505689ff45,00-00008525,Картофель сорт ''Вэнди''(РС4_+) 2 023 полив,,c8d254cc-0975-11f0-b80e-005056bde474,false,false
Номенклатура — current,raw.r1c_nomenclature_current,2dd51b8a-cf58-11ea-8186-d43d7e2a7a22,00-00002720,Картофель сорт ''Гала'',,b60b8b28-6156-11eb-9c2d-0050560417d5,false,false
Номенклатура — current,raw.r1c_nomenclature_current,2be370c7-efcb-11eb-9c3a-00505689ff45,АК-00003249,Картофель сорт ''Гала''(РС1) 2 021 ,,5c1802e4-0976-11f0-b80e-005056bde474,false,false
Номенклатура — current,raw.r1c_nomenclature_current,0d016e68-05fe-11ed-9c42-89a3dcc9992a,00-00006761,Картофель сорт ''Гала''(РС1) 2 022 ,,d29fe044-0975-11f0-b80e-005056bde474,false,false
Номенклатура — current,raw.r1c_nomenclature_current,430a1245-f4c8-11ed-9c4e-00505689ff45,00-00008023,Картофель сорт ''Гала''(РС1) 2 023 без полива,,c8d254cc-0975-11f0-b80e-005056bde474,false,false
Номенклатура — current,raw.r1c_nomenclature_current,9dfeb5b1-3b62-11ee-9c4e-00505689ff45,00-00008536,Картофель сорт ''Гала''(РС1) 2 023 полив,,c8d254cc-0975-11f0-b80e-005056bde474,false,false
Номенклатура — current,raw.r1c_nomenclature_current,7918816b-f389-11eb-9c3a-00505689ff45,АК-00003330,Картофель сорт ''Гала''(РС2) 2 021 ,,5c1802e4-0976-11f0-b80e-005056bde474,false,false
Номенклатура — current,raw.r1c_nomenclature_current,ac1b37c5-060b-11ed-9c42-89a3dcc9992a,00-00006770,Картофель сорт ''Гала''(РС2) 2 022 ,,d29fe044-0975-11f0-b80e-005056bde474,false,false
Номенклатура — current,raw.r1c_nomenclature_current,c11620f2-f4c0-11ed-9c4e-00505689ff45,00-00008019,Картофель сорт ''Гала''(РС2) 2 023 без полива,,c8d254cc-0975-11f0-b80e-005056bde474,false,false
Номенклатура — current,raw.r1c_nomenclature_current,096a55cb-3b62-11ee-9c4e-00505689ff45,00-00008528,Картофель сорт ''Гала''(РС2) 2 023 полив,,c8d254cc-0975-11f0-b80e-005056bde474,false,false
Номенклатура — current,raw.r1c_nomenclature_current,fa8ecb4e-2407-11ef-9c58-00505689ff45,00-00010636,Картофель сорт ''Гала''(РС2) 2 024 ,,b851025b-0975-11f0-b80e-005056bde474,false,false
Номенклатура — current,raw.r1c_nomenclature_current,a7d5ce1d-2410-11ef-9c58-00505689ff45,00-00010639,Картофель сорт ''Гала''(РС2+) 2 024 ,,b851025b-0975-11f0-b80e-005056bde474,false,false
Номенклатура — current,raw.r1c_nomenclature_current,c2075383-066e-11ed-9c42-89a3dcc9992a,00-00006779,Картофель сорт ''Гала''(РС2_) 2 022 ,,d29fe044-0975-11f0-b80e-005056bde474,false,false
Номенклатура — current,raw.r1c_nomenclature_current,4c14719e-16a9-11ee-9c4e-00505689ff45,00-00008256,Картофель сорт ''Гала''(РС2_) 2 023 без полива,,c8d254cc-0975-11f0-b80e-005056bde474,false,false
Номенклатура — current,raw.r1c_nomenclature_current,1b6b27f3-3b62-11ee-9c4e-00505689ff45,00-00008529,Картофель сорт ''Гала''(РС2_) 2 023 полив,,c8d254cc-0975-11f0-b80e-005056bde474,false,false
Номенклатура — current,raw.r1c_nomenclature_current,401187c2-240f-11ef-9c58-00505689ff45,00-00010637,Картофель сорт ''Гала''(РС2_) 2 024 ,,b851025b-0975-11f0-b80e-005056bde474,false,false
Номенклатура — current,raw.r1c_nomenclature_current,e7a927ef-066e-11ed-9c42-89a3dcc9992a,00-00006780,Картофель сорт ''Гала''(РС2_+) 2 022 ,,d29fe044-0975-11f0-b80e-005056bde474,false,false
Номенклатура — current,raw.r1c_nomenclature_current,297683c0-16ac-11ee-9c4e-00505689ff45,00-00008258,Картофель сорт ''Гала''(РС2_+) 2 023 без полива,,c8d254cc-0975-11f0-b80e-005056bde474,false,false
Номенклатура — current,raw.r1c_nomenclature_current,2e4181a4-3b62-11ee-9c4e-00505689ff45,00-00008530,Картофель сорт ''Гала''(РС2_+) 2 023 полив,,c8d254cc-0975-11f0-b80e-005056bde474,false,false
Номенклатура — current,raw.r1c_nomenclature_current,96e51856-240f-11ef-9c58-00505689ff45,00-00010638,Картофель сорт ''Гала''(РС2_+) 2 024 ,,b851025b-0975-11f0-b80e-005056bde474,false,false
Номенклатура — current,raw.r1c_nomenclature_current,fd8cead7-066e-11ed-9c42-89a3dcc9992a,00-00006781,Картофель сорт ''Гала''(РС2_++) 2 022 ,,d29fe044-0975-11f0-b80e-005056bde474,false,false
Номенклатура — current,raw.r1c_nomenclature_current,faaa2ed8-2410-11ef-9c58-00505689ff45,00-00010640,Картофель сорт ''Гала''(РС2_++) 2 024 ,,b851025b-0975-11f0-b80e-005056bde474,false,false
Номенклатура — current,raw.r1c_nomenclature_current,d2743246-f4bf-11ed-9c4e-00505689ff45,00-00008018,Картофель сорт ''Гала''(РС3) 2 023 без полива,,c8d254cc-0975-11f0-b80e-005056bde474,false,false
Номенклатура — current,raw.r1c_nomenclature_current,414acded-3b62-11ee-9c4e-00505689ff45,00-00008531,Картофель сорт ''Гала''(РС3) 2 023 полив,,c8d254cc-0975-11f0-b80e-005056bde474,false,false
Номенклатура — current,raw.r1c_nomenclature_current,8dc31c43-23f9-11ef-9c58-00505689ff45,00-00010632,Картофель сорт ''Гала''(РС3) 2 024 ,,b851025b-0975-11f0-b80e-005056bde474,false,false
Номенклатура — current,raw.r1c_nomenclature_current,90e1bcd6-16ad-11ee-9c4e-00505689ff45,00-00008259,Картофель сорт ''Гала''(РС3+) 2 023 без полива,,c8d254cc-0975-11f0-b80e-005056bde474,false,false
Номенклатура — current,raw.r1c_nomenclature_current,8b78b4bf-3b62-11ee-9c4e-00505689ff45,00-00008535,Картофель сорт ''Гала''(РС3+) 2 023 полив,,c8d254cc-0975-11f0-b80e-005056bde474,false,false
Номенклатура — current,raw.r1c_nomenclature_current,1c7c2b03-1660-11ee-9c4e-00505689ff45,00-00008254,Картофель сорт ''Гала''(РС3_) 2 023 без полива,,c8d254cc-0975-11f0-b80e-005056bde474,false,false
Номенклатура — current,raw.r1c_nomenclature_current,50c3df5e-3b62-11ee-9c4e-00505689ff45,00-00008532,Картофель сорт ''Гала''(РС3_) 2 023 полив,,c8d254cc-0975-11f0-b80e-005056bde474,false,false
Номенклатура — current,raw.r1c_nomenclature_current,25229550-169a-11ee-9c4e-00505689ff45,00-00008255,Картофель сорт ''Гала''(РС3_+) 2 023 без полива,,c8d254cc-0975-11f0-b80e-005056bde474,false,false
Номенклатура — current,raw.r1c_nomenclature_current,48f59091-16ab-11ee-9c4e-00505689ff45,00-00008257,Картофель сорт ''Гала''(РС3_++) 2 023 без полива,,c8d254cc-0975-11f0-b80e-005056bde474,false,false
Номенклатура — current,raw.r1c_nomenclature_current,6a65bfa7-3b62-11ee-9c4e-00505689ff45,00-00008533,Картофель сорт ''Гала''(РС3_++) 2 023 полив,,c8d254cc-0975-11f0-b80e-005056bde474,false,false
Номенклатура — current,raw.r1c_nomenclature_current,7b2d6581-16b1-11ee-9c4e-00505689ff45,00-00008260,Картофель сорт ''Гала''(РС3_оп) 2 023 без полива,,c8d254cc-0975-11f0-b80e-005056bde474,false,false
Номенклатура — current,raw.r1c_nomenclature_current,76b91b30-3b62-11ee-9c4e-00505689ff45,00-00008534,Картофель сорт ''Гала''(РС3_оп) 2 023 полив,,c8d254cc-0975-11f0-b80e-005056bde474,false,false
Номенклатура — current,raw.r1c_nomenclature_current,a1f7a765-efce-11eb-9c3a-00505689ff45,АК-00003255,Картофель сорт ''Индиго''(РС1) 2 021 ,,5c1802e4-0976-11f0-b80e-005056bde474,false,false
Номенклатура — current,raw.r1c_nomenclature_current,b3647d8d-060c-11ed-9c42-89a3dcc9992a,00-00006773,Картофель сорт ''Индиго''(РС1_Докагенные технологии) 2 022 ,,d29fe044-0975-11f0-b80e-005056bde474,false,false
Номенклатура — current,raw.r1c_nomenclature_current,81f6e087-0607-11ed-9c42-89a3dcc9992a,00-00006766,Картофель сорт ''Индиго''(РС2) 2 022 ,,d29fe044-0975-11f0-b80e-005056bde474,false,false
Номенклатура — current,raw.r1c_nomenclature_current,762e2dd0-f4ca-11ed-9c4e-00505689ff45,00-00008027,Картофель сорт ''Индиго''(РС3) 2 023 без полива,,c8d254cc-0975-11f0-b80e-005056bde474,false,false
Номенклатура — current,raw.r1c_nomenclature_current,b2258965-3b62-11ee-9c4e-00505689ff45,00-00008537,Картофель сорт ''Индиго''(РС3) 2 023 полив,,c8d254cc-0975-11f0-b80e-005056bde474,false,false
Номенклатура — current,raw.r1c_nomenclature_current,e09de43e-efce-11eb-9c3a-00505689ff45,АК-00003256,Картофель сорт ''Кармен''(РС1) 2 021 ,,5c1802e4-0976-11f0-b80e-005056bde474,false,false
Номенклатура — current,raw.r1c_nomenclature_current,110038dc-060d-11ed-9c42-89a3dcc9992a,00-00006774,Картофель сорт ''Кармен''(РС1) 2 022 ,,d29fe044-0975-11f0-b80e-005056bde474,false,false
Номенклатура — current,raw.r1c_nomenclature_current,0177a282-060c-11ed-9c42-89a3dcc9992a,00-00006772,Картофель сорт ''Кармен''(РС2) 2 022 ,,d29fe044-0975-11f0-b80e-005056bde474,false,false
Номенклатура — current,raw.r1c_nomenclature_current,752238cc-f4c5-11ed-9c4e-00505689ff45,00-00008020,Картофель сорт ''Кармен''(РС2) 2 023 без полива,,c8d254cc-0975-11f0-b80e-005056bde474,false,false
Номенклатура — current,raw.r1c_nomenclature_current,0b015c27-3b63-11ee-9c4e-00505689ff45,00-00008542,Картофель сорт ''Кармен''(РС2) 2 023 полив,,c8d254cc-0975-11f0-b80e-005056bde474,false,false
Номенклатура — current,raw.r1c_nomenclature_current,599d19c0-060d-11ed-9c42-89a3dcc9992a,00-00006775,Картофель сорт ''Кармен''(РС2_ДокаГенные технологии) 2 022 ,,d29fe044-0975-11f0-b80e-005056bde474,false,false
Номенклатура — current,raw.r1c_nomenclature_current,4c33b72b-efcf-11eb-9c3a-00505689ff45,АК-00003258,Картофель сорт ''Коломба''(РС1 в бэгах) 2 021 ,,5c1802e4-0976-11f0-b80e-005056bde474,false,false
Номенклатура — current,raw.r1c_nomenclature_current,01571be4-0602-11ed-9c42-89a3dcc9992a,00-00006762,Картофель сорт ''Коломба''(РС1) 2 022 ,,d29fe044-0975-11f0-b80e-005056bde474,false,false
Номенклатура — current,raw.r1c_nomenclature_current,d8e47bcb-f49c-11ed-9c4e-00505689ff45,00-00008015,Картофель сорт ''Коломба''(РС1) 2 023 без полива,,c8d254cc-0975-11f0-b80e-005056bde474,false,false
Номенклатура — current,raw.r1c_nomenclature_current,f76113ff-3b62-11ee-9c4e-00505689ff45,00-00008541,Картофель сорт ''Коломба''(РС1) 2 023 полив,,c8d254cc-0975-11f0-b80e-005056bde474,false,false
Номенклатура — current,raw.r1c_nomenclature_current,0882ed82-0671-11ed-9c42-89a3dcc9992a,00-00006786,Картофель сорт ''Коломба''(РС1_) 2 022 ,,d29fe044-0975-11f0-b80e-005056bde474,false,false
Номенклатура — current,raw.r1c_nomenclature_current,5ce2f8c1-0673-11ed-9c42-89a3dcc9992a,00-00006787,Картофель сорт ''Коломба''(РС1_+) 2 022 ,,d29fe044-0975-11f0-b80e-005056bde474,false,false
Номенклатура — current,raw.r1c_nomenclature_current,7d207ba4-0673-11ed-9c42-89a3dcc9992a,00-00006788,Картофель сорт ''Коломба''(РС1_++) 2 022 ,,d29fe044-0975-11f0-b80e-005056bde474,false,false
Номенклатура — current,raw.r1c_nomenclature_current,9b9d1982-0673-11ed-9c42-89a3dcc9992a,00-00006789,Картофель сорт ''Коломба''(РС1_+++) 2 022 ,,d29fe044-0975-11f0-b80e-005056bde474,false,false
Номенклатура — current,raw.r1c_nomenclature_current,169154fb-efcf-11eb-9c3a-00505689ff45,АК-00003257,"Картофель сорт ''Коломба''(РС2 (свои) участок  6/1, 6/2) 2 021 ",,5c1802e4-0976-11f0-b80e-005056bde474,false,false
Номенклатура — current,raw.r1c_nomenclature_current,16926ae9-4154-11ec-9c41-00505689db63,АК-00005545,Картофель сорт ''Коломба''(РС2 в бэгах Норика) 2 021 ,,5c1802e4-0976-11f0-b80e-005056bde474,false,false
Номенклатура — current,raw.r1c_nomenclature_current,cb6cdc37-f05f-11eb-9c3a-00505689ff45,АК-00003261,Картофель сорт ''Коломба''(РС2 участок 5/2 Пончики бурт+Демид ящики) 2 021 ,,5c1802e4-0976-11f0-b80e-005056bde474,false,false
Номенклатура — current,raw.r1c_nomenclature_current,246d6b97-47cd-11ec-9c45-00505689c17d,АК-00005617,Картофель сорт ''Коломба''(РС2) 2 021 ,,5c1802e4-0976-11f0-b80e-005056bde474,false,false
Номенклатура — current,raw.r1c_nomenclature_current,d664b77a-f4c9-11ed-9c4e-00505689ff45,00-00008026,Картофель сорт ''Коломба''(РС2) 2 023 без полива,,c8d254cc-0975-11f0-b80e-005056bde474,false,false
Номенклатура — current,raw.r1c_nomenclature_current,c40dbf50-3b62-11ee-9c4e-00505689ff45,00-00008538,Картофель сорт ''Коломба''(РС2) 2 023 полив,,c8d254cc-0975-11f0-b80e-005056bde474,false,false
Номенклатура — current,raw.r1c_nomenclature_current,ccbaefea-171d-11ee-9c4e-00505689ff45,00-00008277,Картофель сорт ''Коломба''(РС2+) 2 023 без полива,,c8d254cc-0975-11f0-b80e-005056bde474,false,false
Номенклатура — current,raw.r1c_nomenclature_current,e6cb32d4-3b62-11ee-9c4e-00505689ff45,00-00008540,Картофель сорт ''Коломба''(РС2+) 2 023 полив,,c8d254cc-0975-11f0-b80e-005056bde474,false,false
Номенклатура — current,raw.r1c_nomenclature_current,4a0a49ce-171d-11ee-9c4e-00505689ff45,00-00008276,Картофель сорт ''Коломба''(РС2_) 2 023 без полива,,c8d254cc-0975-11f0-b80e-005056bde474,false,false
Номенклатура — current,raw.r1c_nomenclature_current,cfe8debd-3b62-11ee-9c4e-00505689ff45,00-00008539,Картофель сорт ''Коломба''(РС2_) 2 023 полив,,c8d254cc-0975-11f0-b80e-005056bde474,false,false
Номенклатура — current,raw.r1c_nomenclature_current,73d59676-0603-11ed-9c42-89a3dcc9992a,00-00006763,Картофель сорт ''Мадейра''(РС1) 2 022 ,,d29fe044-0975-11f0-b80e-005056bde474,false,false
Номенклатура — current,raw.r1c_nomenclature_current,b26949cd-0670-11ed-9c42-89a3dcc9992a,00-00006784,Картофель сорт ''Мадейра''(РС1_) 2 022 ,,d29fe044-0975-11f0-b80e-005056bde474,false,false
Номенклатура — current,raw.r1c_nomenclature_current,d333a311-060b-11ed-9c42-89a3dcc9992a,00-00006771,Картофель сорт ''Мадейра''(РС2) 2 022 ,,d29fe044-0975-11f0-b80e-005056bde474,false,false
Номенклатура — current,raw.r1c_nomenclature_current,045e0b44-f4c7-11ed-9c4e-00505689ff45,00-00008021,Картофель сорт ''Мадейра''(РС2) 2 023 без полива,,c8d254cc-0975-11f0-b80e-005056bde474,false,false
Номенклатура — current,raw.r1c_nomenclature_current,1f4e6ec3-3b63-11ee-9c4e-00505689ff45,00-00008543,Картофель сорт ''Мадейра''(РС2) 2 023 полив,,c8d254cc-0975-11f0-b80e-005056bde474,false,false
Номенклатура — current,raw.r1c_nomenclature_current,70b22d20-0670-11ed-9c42-89a3dcc9992a,00-00006782,Картофель сорт ''Мадейра''(РС2_) 2 022 ,,d29fe044-0975-11f0-b80e-005056bde474,false,false
Номенклатура — current,raw.r1c_nomenclature_current,8bd9462e-0670-11ed-9c42-89a3dcc9992a,00-00006783,Картофель сорт ''Мадейра''(РС2_+) 2 022 ,,d29fe044-0975-11f0-b80e-005056bde474,false,false
Номенклатура — current,raw.r1c_nomenclature_current,3d95564f-0609-11ed-9c42-89a3dcc9992a,00-00006769,Картофель сорт ''Ред Соня''(РС2) 2 022 ,,d29fe044-0975-11f0-b80e-005056bde474,false,false
Номенклатура — current,raw.r1c_nomenclature_current,4aec69ef-066e-11ed-9c42-89a3dcc9992a,00-00006778,Картофель сорт ''Ред Соня''(РС2_) 2 022 ,,d29fe044-0975-11f0-b80e-005056bde474,false,false
Номенклатура — current,raw.r1c_nomenclature_current,d020f59a-0670-11ed-9c42-89a3dcc9992a,00-00006785,Картофель сорт ''Ред Соня''(РС2_+) 2 022 ,,d29fe044-0975-11f0-b80e-005056bde474,false,false
Номенклатура — current,raw.r1c_nomenclature_current,71471120-efcf-11eb-9c3a-00505689ff45,АК-00003259,Картофель сорт ''РедСкарлетт покупной''(РС1) 2 021 ,,5c1802e4-0976-11f0-b80e-005056bde474,false,false
Номенклатура — current,raw.r1c_nomenclature_current,3a4cf2ed-eb18-11e9-af7d-30f7727a492e,00-00002102,Картофель сорт ''Северное сияние'',,b60b8b28-6156-11eb-9c2d-0050560417d5,false,false
Номенклатура — current,raw.r1c_nomenclature_current,f9ba90ad-f389-11eb-9c3a-00505689ff45,АК-00003331,Картофель сорт ''Северное сияние''(РС1) 2 021 ,,5c1802e4-0976-11f0-b80e-005056bde474,false,false
Номенклатура — current,raw.r1c_nomenclature_current,6e8a155c-0605-11ed-9c42-89a3dcc9992a,00-00006764,Картофель сорт ''Северное сияние''(РС2) 2 022 ,,d29fe044-0975-11f0-b80e-005056bde474,false,false
Номенклатура — current,raw.r1c_nomenclature_current,d66d5048-f4ca-11ed-9c4e-00505689ff45,00-00008028,Картофель сорт ''Северное сияние''(РС3) 2 023 без полива,,c8d254cc-0975-11f0-b80e-005056bde474,false,false
Номенклатура — current,raw.r1c_nomenclature_current,313d1860-3b63-11ee-9c4e-00505689ff45,00-00008544,Картофель сорт ''Северное сияние''(РС3) 2 023 полив,,c8d254cc-0975-11f0-b80e-005056bde474,false,false
Номенклатура — current,raw.r1c_nomenclature_current,999cdea7-efcf-11eb-9c3a-00505689ff45,АК-00003260,Картофель сорт ''Фламинго''(РС1) 2 021 ,,5c1802e4-0976-11f0-b80e-005056bde474,false,false
Номенклатура — current,raw.r1c_nomenclature_current,69d5114c-f4c9-11ed-9c4e-00505689ff45,00-00008025,Картофель сорт ''Фламинго''(РС1) 2 023 без полива,,c8d254cc-0975-11f0-b80e-005056bde474,false,false
Номенклатура — current,raw.r1c_nomenclature_current,43149341-3b63-11ee-9c4e-00505689ff45,00-00008545,Картофель сорт ''Фламинго''(РС1) 2 023 полив,,c8d254cc-0975-11f0-b80e-005056bde474,false,false
Номенклатура — current,raw.r1c_nomenclature_current,932c5b2a-7044-11ef-9c5d-00505689ff45,00-00011030,Картофель сорт ''Фламинго''(РС2)  полив,,03e63608-4b80-11f0-b810-005056bde474,false,false
Номенклатура — current,raw.r1c_nomenclature_current,f98764a7-0607-11ed-9c42-89a3dcc9992a,00-00006767,Картофель сорт ''Фламинго''(РС2) 2 022 ,,d29fe044-0975-11f0-b80e-005056bde474,false,false
Номенклатура — current,raw.r1c_nomenclature_current,6b05bcf6-2407-11ef-9c58-00505689ff45,00-00010635,Картофель сорт ''Фламинго''(РС2) 2 024 ,,b851025b-0975-11f0-b80e-005056bde474,false,false
Номенклатура — current,raw.r1c_nomenclature_current,1785f4e9-2a74-11ec-b9a9-00505689914b,АК-00005421,Картофель фуражный 1 сорт (7),,7df3fa23-24f1-11f0-b80e-005056bde474,false,false
Номенклатура — current,raw.r1c_nomenclature_current,1785f4ea-2a74-11ec-b9a9-00505689914b,АК-00005422,Картофель фуражный 2 сорт (6),,7df3fa23-24f1-11f0-b80e-005056bde474,false,false
Номенклатура — current,raw.r1c_nomenclature_current,22c11f8d-2a74-11ec-b9a9-00505689914b,АК-00005423,Картофель фуражный 3 сорт (5),,7df3fa23-24f1-11f0-b80e-005056bde474,false,false
Номенклатура — current,raw.r1c_nomenclature_current,f327ba04-6c9b-11ec-9c40-00505689c8d9,АК-00005859,Картофель фуражный 4 сорт (3),,7df3fa23-24f1-11f0-b80e-005056bde474,false,false
Номенклатура — current,raw.r1c_nomenclature_current,a3088729-2a81-11f0-b80e-005056bde474,00-00012139,Картофель фуражный Балтик РоузРС4 Красный_НКЛ,,0996558d-0987-11f0-b80e-005056bde474,false,true
Номенклатура — current,raw.r1c_nomenclature_current,e3f333f1-2a81-11f0-b80e-005056bde474,00-00012140,Картофель фуражный ВегаРС3 Белый_НКЛ,,0996558d-0987-11f0-b80e-005056bde474,false,true
Номенклатура — current,raw.r1c_nomenclature_current,031a2f6a-2a82-11f0-b80e-005056bde474,00-00012141,Картофель фуражный ВендиРС3 Белый_НКЛ,,0996558d-0987-11f0-b80e-005056bde474,false,true
Номенклатура — current,raw.r1c_nomenclature_current,b9080268-8d68-11f0-b818-005056bde474,00-00012701,Картофель фуражный ГалаРС1 Белый_НКЛ,,0996558d-0987-11f0-b80e-005056bde474,false,false
Номенклатура — current,raw.r1c_nomenclature_current,48277908-2a6f-11f0-b80e-005056bde474,00-00012136,Картофель фуражный КарменРС1 Красный_НКЛ,,0996558d-0987-11f0-b80e-005056bde474,false,true
Номенклатура — current,raw.r1c_nomenclature_current,e63b5929-2a73-11ec-b9a9-00505689914b,АК-00005420,Картофель фуражный высший сорт (10),,7df3fa23-24f1-11f0-b80e-005056bde474,false,false
Номенклатура — current,raw.r1c_nomenclature_current,9f5c070c-6157-11eb-9c2d-0050560417d5,00-00002815,Картофель цветной,,f487012f-6156-11eb-9c2d-0050560417d5,true,false
Номенклатура — current,raw.r1c_nomenclature_current,b019a937-0975-11f0-b80e-005056bde474,00-00011805,Картофель. Урожай с поля.,,dece0a1b-094b-11f0-b80e-005056bde474,true,false
Номенклатура — current,raw.r1c_nomenclature_current,38234040-0acd-11ef-9c4f-005056893620,00-00010502,Картридж  W2070A для НP Color Laser ,,9088ee8b-75dc-11e7-af18-30f7727a492e,false,false
Номенклатура — current,raw.r1c_nomenclature_current,c6346b00-4581-11ee-9c4e-00505689ff45,00-00009382,Картридж (патрон адсорбционный) TRJFL01.900н,,9b060c03-71d9-11e7-85a2-d43d7eec442d,false,false
Номенклатура — current,raw.r1c_nomenclature_current,d1470e31-4885-11ec-9c45-00505689c17d,АК-00005624,Картридж (патрон адсорбционный) ЕКОFIL01.900,,9b060c03-71d9-11e7-85a2-d43d7eec442d,false,false
Номенклатура — current,raw.r1c_nomenclature_current,d0ff58da-32a6-11ed-9c43-cb6d75bb653b,00-00007159,Картридж Aceline NS-CF244X,,9088ee8b-75dc-11e7-af18-30f7727a492e,false,false
Номенклатура — current,raw.r1c_nomenclature_current,35690f2f-32a7-11ed-9c43-cb6d75bb653b,00-00007160,Картридж Aceline NS-W2070A для COLOR LASER,,9088ee8b-75dc-11e7-af18-30f7727a492e,false,false
Номенклатура — current,raw.r1c_nomenclature_current,4fe90c7f-5e01-11ee-9c4f-00505689ff45,00-00009604,Картридж Aceline NS-W2070A для COLOR LASER черный,,9088ee8b-75dc-11e7-af18-30f7727a492e,false,false
Номенклатура — current,raw.r1c_nomenclature_current,d0a37b22-5e00-11ee-9c4f-00505689ff45,00-00009602,Картридж Aceline NS-W2071A для COLOR LASER голубой,,9088ee8b-75dc-11e7-af18-30f7727a492e,false,false
Номенклатура — current,raw.r1c_nomenclature_current,a507b9e6-5e00-11ee-9c4f-00505689ff45,00-00009601,Картридж Aceline NS-W2072A для COLOR LASER желтый,,9088ee8b-75dc-11e7-af18-30f7727a492e,false,false
Номенклатура — current,raw.r1c_nomenclature_current,f609aa77-5e00-11ee-9c4f-00505689ff45,00-00009603,Картридж Aceline NS-W2073A для COLOR LASER пурпурный,,9088ee8b-75dc-11e7-af18-30f7727a492e,false,false
Номенклатура — current,raw.r1c_nomenclature_current,55de3203-da47-11f0-b81e-005056bde474,00-00013104,Картридж Cactus CS-TK1150 для Kyocera P2235d/P2235dn/P2235dw/M2735dw,,ce412305-0a38-11f0-b80e-005056bde474,false,false
Номенклатура — current,raw.r1c_nomenclature_current,afaf30fd-f292-11ef-b80e-005056bde474,00-00011650,Картридж PC-211EV для Pantum M6500,,9088eeaf-75dc-11e7-af18-30f7727a492e,false,false
Номенклатура — current,raw.r1c_nomenclature_current,43b33890-f6f8-11f0-b81e-005056bde474,00-00013513,"Картридж Pantum TL-C2310H Black 1600 стр. для 2300,2302,2307 (Ориг)",,ce412305-0a38-11f0-b80e-005056bde474,false,false
Номенклатура — current,raw.r1c_nomenclature_current,84643278-8490-11ef-9c5d-00505689ff45,00-00011214,Картридж ЭФГ д/холод вода 5мкм,,9088eead-75dc-11e7-af18-30f7727a492e,false,false
Номенклатура — current,raw.r1c_nomenclature_current,cdd0a1c8-d827-11eb-d199-fa163e0d31f7,БП-00004359,Картридж ЭФГ холодная вода 20м,,9088eead-75dc-11e7-af18-30f7727a492e,false,false
Номенклатура — current,raw.r1c_nomenclature_current,6b62ec3c-7405-11ef-9c5d-00505689ff45,00-00011057,Картридж для  воды 20мкр,,9088eead-75dc-11e7-af18-30f7727a492e,false,false
Номенклатура — current,raw.r1c_nomenclature_current,0b2abaf9-a68b-11ec-9c42-00505689c8d9,00-00006365,Картридж для  холодной вода ,,9088eead-75dc-11e7-af18-30f7727a492e,false,false
Номенклатура — current,raw.r1c_nomenclature_current,e7647480-49c4-11eb-a99a-fa163e0d31f7,БП-00003550,Картридж для Color Laser.jet Pro MFP M182n черный 1050 стр.оригинальный,,ce412305-0a38-11f0-b80e-005056bde474,false,false
Номенклатура — current,raw.r1c_nomenclature_current,605ba1ed-d425-11f0-b81e-005056bde474,00-00013065,Картридж лазерный CS-W1500А,,9b060c1e-71d9-11e7-85a2-d43d7eec442d,false,false
Номенклатура — current,raw.r1c_nomenclature_current,2dfafd25-f6f9-11f0-b81e-005056bde474,00-00013517,"Картридж лазерный Cactus CS-C067HBK [черный, совместимый, 3130 стр, 1 шт]",,ce412305-0a38-11f0-b80e-005056bde474,false,false
Номенклатура — current,raw.r1c_nomenclature_current,73de532e-f6f9-11f0-b81e-005056bde474,00-00013524,"Картридж лазерный Cactus CS-C067HC [голубой, совместимый, 2350 стр, 1 шт]",,ce412305-0a38-11f0-b80e-005056bde474,false,false
Номенклатура — current,raw.r1c_nomenclature_current,50dee606-f6f9-11f0-b81e-005056bde474,00-00013520,"Картридж лазерный Cactus CS-C067HM [пурпурный, совместимый, 2350 стр, 1 шт]",,ce412305-0a38-11f0-b80e-005056bde474,false,false
Номенклатура — current,raw.r1c_nomenclature_current,3c9d106c-f6f9-11f0-b81e-005056bde474,00-00013518,"Картридж лазерный Cactus CS-C067HY [желтый, совместимый, 2350 стр, 1 шт]",,ce412305-0a38-11f0-b80e-005056bde474,false,false
Номенклатура — current,raw.r1c_nomenclature_current,62bef4f5-f6f9-11f0-b81e-005056bde474,00-00013522,Картридж лазерный Cactus CSP-W2070X черный (1500стр.) для HP Color Laser 150a/150nw/178nw MFP/179fnw,,ce412305-0a38-11f0-b80e-005056bde474,false,false
Номенклатура — current,raw.r1c_nomenclature_current,5928087b-f6f9-11f0-b81e-005056bde474,00-00013521,Картридж лазерный Cactus CSP-W2071X голубой (1300стр.) для HP Color Laser 150a/150nw/178nw MFP/179fn,,ce412305-0a38-11f0-b80e-005056bde474,false,false
Номенклатура — current,raw.r1c_nomenclature_current,7bd1dc5f-f6f9-11f0-b81e-005056bde474,00-00013525,Картридж лазерный Cactus CSP-W2072X желтый (1300стр.) для HP Color Laser 150a/150nw/178nw MFP/179fnw,,ce412305-0a38-11f0-b80e-005056bde474,false,false
Номенклатура — current,raw.r1c_nomenclature_current,487a21b3-f6f9-11f0-b81e-005056bde474,00-00013519,Картридж лазерный Cactus CSP-W2073X пурпурный (1300стр.) для HP Color Laser 150a/150nw/178nw MFP/179,,ce412305-0a38-11f0-b80e-005056bde474,false,false
Номенклатура — current,raw.r1c_nomenclature_current,3f183097-b2e9-11ef-9c5e-00505689ff45,00-00011444,Картридж лазерный Canon голубой ,,9088ee8b-75dc-11e7-af18-30f7727a492e,false,false
Номенклатура — current,raw.r1c_nomenclature_current,e2016711-b2e8-11ef-9c5e-00505689ff45,00-00011443,Картридж лазерный Canon желтый ,,9088ee8b-75dc-11e7-af18-30f7727a492e,false,false
Номенклатура — current,raw.r1c_nomenclature_current,8b468872-b2e9-11ef-9c5e-00505689ff45,00-00011446,Картридж лазерный Canon пурпурный ,,9088ee8b-75dc-11e7-af18-30f7727a492e,false,false
Номенклатура — current,raw.r1c_nomenclature_current,699b58c4-b2e9-11ef-9c5e-00505689ff45,00-00011445,Картридж лазерный Canon черный ,,9088ee8b-75dc-11e7-af18-30f7727a492e,false,false
Номенклатура — current,raw.r1c_nomenclature_current,f11db2ad-98d4-11ea-952a-30f7727a492e,00-00002686,Картридж лазерный HP 106A W1106A черный для 107/MFP 135/137,,9088ee8b-75dc-11e7-af18-30f7727a492e,false,false
Номенклатура — current,raw.r1c_nomenclature_current,8d7d57fa-c18b-11ec-9c42-00505689c8d9,00-00006472,Картридж лазерный HP 216A W2410A черный для Pro /MFP 182/183,,9088ee8b-75dc-11e7-af18-30f7727a492e,false,false
Номенклатура — current,raw.r1c_nomenclature_current,ffe0f476-e78f-11ee-9c4c-005056893620,00-00010342,Картридж лазерный HP W2210A цветной /MFP 282/283,,9088ee8b-75dc-11e7-af18-30f7727a492e,false,false
Номенклатура — current,raw.r1c_nomenclature_current,822b238a-84ad-11ef-9c5d-00505689ff45,00-00011264,Картридж лазерный Pantum PC-211P,,9088ee8b-75dc-11e7-af18-30f7727a492e,false,false
Номенклатура — current,raw.r1c_nomenclature_current,f11db2ae-98d4-11ea-952a-30f7727a492e,00-00002687,Картридж лазерный КОМУС  CF410A  черный для НР Color LJ M477fnw,,ce412305-0a38-11f0-b80e-005056bde474,false,false
Номенклатура — current,raw.r1c_nomenclature_current,a91ed5f8-810d-11e9-af6f-30f7727a492e,00-00001627,Картридж лазерный Комус,,9088ee8b-75dc-11e7-af18-30f7727a492e,false,false
Номенклатура — current,raw.r1c_nomenclature_current,e244b67f-c002-11ee-9c4c-005056893620,00-00010102,Картридж многоразовый Pantum PC-211EV чил 1600К,,9088ee8b-75dc-11e7-af18-30f7727a492e,false,false
Номенклатура — current,raw.r1c_nomenclature_current,e332480c-c4df-11ea-9291-fa163ee5d2f9,БП-00002860,Картридж турбины,,9b060c03-71d9-11e7-85a2-d43d7eec442d,false,false
Номенклатура — current,raw.r1c_nomenclature_current,5c30541e-33db-11eb-0e8a-fa163e0d31f7,БП-00003278,Картридж фильтра воздушного D66X62мм  LB50/75,,9b060c03-71d9-11e7-85a2-d43d7eec442d,false,false
Номенклатура — current,raw.r1c_nomenclature_current,eaca122c-dc07-11f0-b81e-005056bde474,00-00013155,Каска POCOM3 Hammer шахтерская красная (арт.произ 77516),,1c65014e-6566-11f1-b821-005056bde474,false,false
Номенклатура — current,raw.r1c_nomenclature_current,53f9ae21-dc09-11f0-b81e-005056bde474,00-00013157,Каска TOPFORT Стандарт 201 белая,,1c65014e-6566-11f1-b821-005056bde474,false,false
Номенклатура — current,raw.r1c_nomenclature_current,26f29382-dc08-11f0-b81e-005056bde474,00-00013156,Каска СОМ3-55 FavoriT Termo Rapid красная (арт.произ 76716),,1c65014e-6566-11f1-b821-005056bde474,false,false
Номенклатура — current,raw.r1c_nomenclature_current,9635a367-dc07-11f0-b81e-005056bde474,00-00013154,Каска СОМ3-55 FavoriT Termo Rapid серебристая (арт.произ 76713),,1c65014e-6566-11f1-b821-005056bde474,false,false
Номенклатура — current,raw.r1c_nomenclature_current,f2d27d38-dc0b-11f0-b81e-005056bde474,00-00013158,Каска СОМ3-55 FavoriT Trek Rapid красная (арт.произ 75616),,1c65014e-6566-11f1-b821-005056bde474,false,false
Номенклатура — current,raw.r1c_nomenclature_current,b226426f-523c-11ee-9c4e-00505689ff45,00-00009522,Каска защитная оранжевая Krafter,,1c65014e-6566-11f1-b821-005056bde474,false,false
Номенклатура — current,raw.r1c_nomenclature_current,8104ef42-eddc-11ea-ac8d-fa163ee5d2f9,БП-00003022,Каскад Поводок брезент 20мм 2 метра,,f0e4c260-a130-11e8-af4c-30f7727a492e,false,false
Номенклатура — current,raw.r1c_nomenclature_current,013d2fd9-5f5d-11e9-af6b-30f7727a492e,00-00001538,Кассета воздухоочистителя 700А.19.04.160-,,9b060c03-71d9-11e7-85a2-d43d7eec442d,false,false
Номенклатура — current,raw.r1c_nomenclature_current,d6934ea4-a024-11eb-c683-fa163e0d31f7,БП-00003883,"Кастрюля эмалированная 4,0 л",,f0e4c260-a130-11e8-af4c-30f7727a492e,false,false
Номенклатура — current,raw.r1c_nomenclature_current,f9aa41ae-a024-11eb-c683-fa163e0d31f7,БП-00003884,"Кастрюля эмалированная 5,0 л",,f0e4c260-a130-11e8-af4c-30f7727a492e,false,false
Номенклатура — current,raw.r1c_nomenclature_current,82a69bd0-f7bf-11f0-b81e-005056bde474,00-00013603,Категорирование помещений по взрывопожарной и пожарной опасности,,9b060c58-71d9-11e7-85a2-d43d7eec442d,false,false
Номенклатура — current,raw.r1c_nomenclature_current,2ccac2f2-2a78-11eb-259f-fa163e0d31f7,БП-00003209,Каток гидравлический гребнеупл.4ХШМ75,,de1714af-8a12-11e7-af1d-30f7727a492e,false,false
Номенклатура — current,raw.r1c_nomenclature_current,e6189c7f-c0c0-11e9-af79-30f7727a492e,00-00001823,Каток опорный в сборе ДТ-75,,9b060c03-71d9-11e7-85a2-d43d7eec442d,false,false
Номенклатура — current,raw.r1c_nomenclature_current,ef5e0fd0-c732-11ea-9d96-fa163ee5d2f9,БП-00002873,Катридж для воды,,f0e4c260-a130-11e8-af4c-30f7727a492e,false,false
Номенклатура — current,raw.r1c_nomenclature_current,51af2a07-2c05-11f1-b81f-005056bde474,00-00013870,"Катушка Б116-3705 (ГАЗ 3307, УАЗ, Волга, Газель)",,45c9e202-0a37-11f0-b80e-005056bde474,false,false
Номенклатура — current,raw.r1c_nomenclature_current,1b75bf63-e0e6-11ec-9c42-00505689c8d9,00-00006573,Катушка для триммера ,,f0e4c260-a130-11e8-af4c-30f7727a492e,false,false
Номенклатура — current,raw.r1c_nomenclature_current,c4768af7-1422-11ef-9c4f-005056893620,00-00010522,Катушка металлическая для шланга высокого давления 50м,,9b060c03-71d9-11e7-85a2-d43d7eec442d,false,false
Номенклатура — current,raw.r1c_nomenclature_current,d5b7e0d9-a28f-11f0-b81d-005056bde474,00-00012836,Каучуковый герметик для кровли,,f7d70ffa-7292-11f0-b814-005056bde474,false,false
Номенклатура — current,raw.r1c_nomenclature_current,5479b65d-f355-11eb-9c3a-00505689ff45,АК-00003316,Кафом PKCa 20.5.5,,4d72fc7e-531d-11f0-b811-005056bde474,false,false
Номенклатура — current,raw.r1c_nomenclature_current,b7f063e8-4be9-11ec-9c40-00505689c8d9,АК-00005663,Квадрат 10х10мм,,9b060c03-71d9-11e7-85a2-d43d7eec442d,false,false
Номенклатура — current,raw.r1c_nomenclature_current,d2bcb89f-f524-11eb-9c3a-00505689ff45,АК-00003559,Квадрис Инсектицид,,2eaeac4d-5322-11f0-b811-005056bde474,false,false
Номенклатура — current,raw.r1c_nomenclature_current,3d4b4453-056b-11ec-9c3a-00505689ff45,АК-00004692,Квадрокоптер dji mavic air 2 (до 34 мин до 68 км час) э-х осевой стаб,,9b060c1e-71d9-11e7-85a2-d43d7eec442d,false,false
Номенклатура — current,raw.r1c_nomenclature_current,d2bcb8a0-f524-11eb-9c3a-00505689ff45,АК-00003560,Квестор Инсектицид,,668204c4-5324-11f0-b811-005056bde474,false,false
Номенклатура — current,raw.r1c_nomenclature_current,ff2e8d0c-ffbf-11ed-9c4e-00505689ff45,00-00008078,Квик Линк водорастворимое удобрение,,e1243393-532a-11f0-b811-005056bde474,false,false
Номенклатура — current,raw.r1c_nomenclature_current,12a9d83d-f2dc-11eb-9c3a-00505689ff45,АК-00003296,"Квикстеп, МКЭ Гербицид ",,5e0b1519-531c-11f0-b811-005056bde474,false,false
Номенклатура — current,raw.r1c_nomenclature_current,db6f7344-e184-11ec-9c42-00505689c8d9,00-00006583,Кейс для подготовки проб,,683c72a5-0a38-11f0-b80e-005056bde474,false,false
Номенклатура — current,raw.r1c_nomenclature_current,82cc4c96-d03d-11eb-5d99-fa163e0d31f7,БП-00004250,Кельма ,,9088eead-75dc-11e7-af18-30f7727a492e,false,false
Номенклатура — current,raw.r1c_nomenclature_current,9b060c42-71d9-11e7-85a2-d43d7eec442d,00000158   ,"Керамзит (0,04 м3)",,5a3c0c16-097d-11f0-b80e-005056bde474,false,false
Номенклатура — current,raw.r1c_nomenclature_current,27dab775-6231-11ec-9c40-00505689c8d9,АК-00005816,Керамический гранит неполированный 30*30,,9088eead-75dc-11e7-af18-30f7727a492e,false,false
Номенклатура — current,raw.r1c_nomenclature_current,4cccc610-18b1-11ed-9c43-cb6d75bb653b,00-00006948,Керамогранит,,9088eead-75dc-11e7-af18-30f7727a492e,false,false
Номенклатура — current,raw.r1c_nomenclature_current,a4fe41d0-3477-11ef-9c59-00505689ff45,00-00010669,Кернер,,f7164898-2ffe-11eb-af80-fa163e0d31f7,false,false
Номенклатура — current,raw.r1c_nomenclature_current,ebbaf5dd-f56b-11f0-b81e-005056bde474,00-00013423,Кернер автоматический JTC  /1/20/200-3927,,c7578db7-735f-11f0-b814-005056bde474,false,false
Номенклатура — current,raw.r1c_nomenclature_current,5af6c669-3d8f-11f1-b821-005056bde474,00-00014096,Керосин,,9088ee9f-75dc-11e7-af18-30f7727a492e,true,false
Номенклатура — current,raw.r1c_nomenclature_current,9597b5a3-c25a-11e9-af79-30f7727a492e,00-00001883,Керосин,,5af6c669-3d8f-11f1-b821-005056bde474,false,false
Номенклатура — current,raw.r1c_nomenclature_current,2d1245ce-c27b-11ea-7580-fa163ee5d2f9,БП-00002848,Керосин ТС-1,,9088eeaa-75dc-11e7-af18-30f7727a492e,false,false
Номенклатура — current,raw.r1c_nomenclature_current,d2bcb8a1-f524-11eb-9c3a-00505689ff45,АК-00003561,Кинг Комби 178-01-1763-0 Инсектицид,,668204c4-5324-11f0-b811-005056bde474,false,false
Номенклатура — current,raw.r1c_nomenclature_current,d2bcb8a2-f524-11eb-9c3a-00505689ff45,АК-00003562,Кинг Комби 178-02-1757-0 Инсектицид,,668204c4-5324-11f0-b811-005056bde474,false,false
Номенклатура — current,raw.r1c_nomenclature_current,d2bcb8a3-f524-11eb-9c3a-00505689ff45,АК-00003563,Кинмикс Инсектицид,,f9d67774-531d-11f0-b811-005056bde474,false,false
Номенклатура — current,raw.r1c_nomenclature_current,d2bcb8a4-f524-11eb-9c3a-00505689ff45,АК-00003564,Кинто Дуо Инсектицид,,668204c4-5324-11f0-b811-005056bde474,false,false
Номенклатура — current,raw.r1c_nomenclature_current,d2bcb8a5-f524-11eb-9c3a-00505689ff45,АК-00003565,Кинфос Инсектицид,,f9d67774-531d-11f0-b811-005056bde474,false,false
Номенклатура — current,raw.r1c_nomenclature_current,6ffa4081-4c2a-11ec-9c40-00505689c8d9,АК-00005679,Кирпич М-150 одинарный полнотелый,,9088eead-75dc-11e7-af18-30f7727a492e,false,false
Номенклатура — current,raw.r1c_nomenclature_current,164f5352-92cf-11eb-0c80-fa163e0d31f7,БП-00003832,Кислород 40л,,f0e4c260-a130-11e8-af4c-30f7727a492e,false,false
Номенклатура — current,raw.r1c_nomenclature_current,a510f02a-265c-11ee-9c4e-00505689ff45,00-00008368,Кислота,,f0e4c260-a130-11e8-af4c-30f7727a492e,false,false
Номенклатура — current,raw.r1c_nomenclature_current,7d6099c7-4580-11ee-9c4e-00505689ff45,00-00009379,Кислота паяльная,,9b060c03-71d9-11e7-85a2-d43d7eec442d,false,false
Номенклатура — current,raw.r1c_nomenclature_current,2d76f8bb-a75a-11f1-b824-005056bde474,00-00014762,"Кислотное непенное моющее средство на основе НУК15% и перекиси водорода OST Prof ""Acid FL-NAC"" 22кг",,5a3c0c16-097d-11f0-b80e-005056bde474,false,false
Номенклатура — current,raw.r1c_nomenclature_current,e724cd77-a759-11f1-b824-005056bde474,00-00014761,"Кислотное непенное моющее средство на основе компл. неорган.кислот OST Prof ""Acid CIP"" 23кг",,5a3c0c16-097d-11f0-b80e-005056bde474,false,false
Номенклатура — current,raw.r1c_nomenclature_current,bbbfe3ca-a759-11f1-b824-005056bde474,00-00014760,"Кислотное пенное моющее средство на основе комплекса неорган.кислот OST Prof ""Acid Foam"" 23кг",,5a3c0c16-097d-11f0-b80e-005056bde474,false,false
Номенклатура — current,raw.r1c_nomenclature_current,c38fc6a7-70d5-11ec-9c40-00505689c8d9,АК-00005954,Кисточка,,9088eead-75dc-11e7-af18-30f7727a492e,false,false
Номенклатура — current,raw.r1c_nomenclature_current,315adbb0-18e5-11ef-9c4f-005056893620,00-00010584,"Кисть ""Кедр""1",,9088eead-75dc-11e7-af18-30f7727a492e,false,false
Номенклатура — current,raw.r1c_nomenclature_current,18c07401-18e5-11ef-9c4f-005056893620,00-00010583,"Кисть ""Кедр""2",,9088eead-75dc-11e7-af18-30f7727a492e,false,false
Номенклатура — current,raw.r1c_nomenclature_current,f3b8a118-d1d0-11eb-5d99-fa163e0d31f7,БП-00004255,"Кисть ""Кедр""2,5",,9088eead-75dc-11e7-af18-30f7727a492e,false,false
Номенклатура — current,raw.r1c_nomenclature_current,e20c895c-d1d0-11eb-5d99-fa163e0d31f7,БП-00004254,"Кисть ""Кедр""3",,9088eead-75dc-11e7-af18-30f7727a492e,false,false
Номенклатура — current,raw.r1c_nomenclature_current,a8706765-57a0-11ea-9525-30f7727a492e,00-00002489,"Кисть ""Кедр""4",,9088eead-75dc-11e7-af18-30f7727a492e,false,false
Номенклатура — current,raw.r1c_nomenclature_current,be5333b9-a5e4-11ec-9c42-00505689c8d9,00-00006336,"Кисть ""Кедр""№1 иск.щетина",,9088eead-75dc-11e7-af18-30f7727a492e,false,false
Номенклатура — current,raw.r1c_nomenclature_current,f11ac870-a5e5-11ec-9c42-00505689c8d9,00-00006337,"Кисть ""Кедр""№1,5 иск.щетина",,9088eead-75dc-11e7-af18-30f7727a492e,false,false
Номенклатура — current,raw.r1c_nomenclature_current,17387191-a5e6-11ec-9c42-00505689c8d9,00-00006338,"Кисть ""Кедр""№2 смешанная.щетина",,9088eead-75dc-11e7-af18-30f7727a492e,false,false
Номенклатура — current,raw.r1c_nomenclature_current,d77589b0-84fb-11f1-b824-005056bde474,00-00014626,Кисть 100мм,,5221e7b6-0a39-11f0-b80e-005056bde474,false,false
Номенклатура — current,raw.r1c_nomenclature_current,be2b158a-84fb-11f1-b824-005056bde474,00-00014624,Кисть 35мм,,5221e7b6-0a39-11f0-b80e-005056bde474,false,false
Номенклатура — current,raw.r1c_nomenclature_current,cd6fa624-5a1e-11ef-9c59-00505689ff45,00-00010864,Кисть 50*15мм,,9088eead-75dc-11e7-af18-30f7727a492e,false,false
Номенклатура — current,raw.r1c_nomenclature_current,90374763-cb62-11ee-9c4c-005056893620,00-00010168,Кисть 50х15,,9088eead-75dc-11e7-af18-30f7727a492e,false,false
Номенклатура — current,raw.r1c_nomenclature_current,ee64aa17-a5e3-11ec-9c42-00505689c8d9,00-00006335,Кисть 70*15мм ,,9088eead-75dc-11e7-af18-30f7727a492e,false,false
Номенклатура — current,raw.r1c_nomenclature_current,cd4cda6b-84fb-11f1-b824-005056bde474,00-00014625,Кисть 70мм,,5221e7b6-0a39-11f0-b80e-005056bde474,false,false
Номенклатура — current,raw.r1c_nomenclature_current,00c42403-3bbd-11e8-af35-30f7727a492e,00-00000774,Кисть Стандарт 3,,9088eead-75dc-11e7-af18-30f7727a492e,false,false
Номенклатура — current,raw.r1c_nomenclature_current,5edc197a-cc55-11e8-af53-30f7727a492e,00-00001292,Кисть круглая,,9088eead-75dc-11e7-af18-30f7727a492e,false,false
Номенклатура — current,raw.r1c_nomenclature_current,629bcd6c-5b67-11f1-b821-005056bde474,00-00014466,"Кисть круглая №18, натуральная щетина, деревянная ручка",,c8384141-0a37-11f0-b80e-005056bde474,false,false
Номенклатура — current,raw.r1c_nomenclature_current,a8706766-57a0-11ea-9525-30f7727a492e,00-00002490,Кисть макловица 3*12,,9088eead-75dc-11e7-af18-30f7727a492e,false,false
Номенклатура — current,raw.r1c_nomenclature_current,916c9a25-225f-11ee-9c4e-00505689ff45,00-00008351,Кисть макловица 30*100мм,,9088eead-75dc-11e7-af18-30f7727a492e,false,false
Номенклатура — current,raw.r1c_nomenclature_current,c7c84629-8490-11ef-9c5d-00505689ff45,00-00011215,Кисть макловица 30*120мм,,9088eead-75dc-11e7-af18-30f7727a492e,false,false
Номенклатура — current,raw.r1c_nomenclature_current,d0479578-09a3-11e9-af60-30f7727a492e,00-00001374,Кисть макловица 4*14,,9088eead-75dc-11e7-af18-30f7727a492e,false,false
Номенклатура — current,raw.r1c_nomenclature_current,e7e41d99-5a1e-11ef-9c59-00505689ff45,00-00010865,Кисть макловица 40*140,,9088eead-75dc-11e7-af18-30f7727a492e,false,false
Номенклатура — current,raw.r1c_nomenclature_current,de94be30-18ae-11ed-9c43-cb6d75bb653b,00-00006942,Кисть макловица 40*140мм ,,9088eead-75dc-11e7-af18-30f7727a492e,false,false
Номенклатура — current,raw.r1c_nomenclature_current,6b9e738c-9191-11e9-af72-30f7727a492e,00-00001708,Кисть макловица 5*15,,9088eead-75dc-11e7-af18-30f7727a492e,false,false
Номенклатура — current,raw.r1c_nomenclature_current,bfbef1be-ea71-11eb-da8a-fa163e0d31f7,БП-00004578,Кисть макловица 50*150мм С,,9088eead-75dc-11e7-af18-30f7727a492e,false,false
Номенклатура — current,raw.r1c_nomenclature_current,22662b21-18ad-11ed-9c43-cb6d75bb653b,00-00006940,Кисть макловица 70х150мм ,,9088eead-75dc-11e7-af18-30f7727a492e,false,false
Номенклатура — current,raw.r1c_nomenclature_current,86e315c3-792b-11f1-b822-005056bde474,00-00014599,"Кисть макловица Мини, 30x100 мм /РемоКолор ",,5221e7b6-0a39-11f0-b80e-005056bde474,false,false
Номенклатура — current,raw.r1c_nomenclature_current,15142378-ea72-11eb-da8a-fa163e0d31f7,БП-00004580,Кисть плоская  2.5 63*10мм ВОЛАТ,,9088eead-75dc-11e7-af18-30f7727a492e,false,false
Номенклатура — current,raw.r1c_nomenclature_current,b99e44e7-5ed4-11ef-9c5c-00505689ff45,00-00010882,Кисть плоская 20*15,,9088eead-75dc-11e7-af18-30f7727a492e,false,false
Номенклатура — current,raw.r1c_nomenclature_current,8b3504ad-65e3-11ef-9c5c-00505689ff45,00-00010988,Кисть плоская TOPFORT 40*15,,9088eead-75dc-11e7-af18-30f7727a492e,false,false
Номенклатура — current,raw.r1c_nomenclature_current,c10ca22c-653e-11ef-9c5c-00505689ff45,00-00010975,Кисть плоская TOPFORT 80*15,,9088eead-75dc-11e7-af18-30f7727a492e,false,false
Номенклатура — current,raw.r1c_nomenclature_current,49ac13b6-6f9d-11ec-9c40-00505689c8d9,АК-00005943,"Кисть плоская ПРОФИ 1,5",,9088eead-75dc-11e7-af18-30f7727a492e,false,false
Номенклатура — current,raw.r1c_nomenclature_current,97bc4429-f62c-11e9-9519-30f7727a492e,00-00002128,"Кисть плоская ПРОФИ №2,0",,9088eead-75dc-11e7-af18-30f7727a492e,false,false
Номенклатура — current,raw.r1c_nomenclature_current,2a2d4c4c-6f9d-11ec-9c40-00505689c8d9,АК-00005942,"Кисть плоская ПРОФИ №3,0",,9088eead-75dc-11e7-af18-30f7727a492e,false,false
Номенклатура — current,raw.r1c_nomenclature_current,0c3e17dd-6f9d-11ec-9c40-00505689c8d9,АК-00005941,"Кисть плоская ПРОФИ №4,0",,9088eead-75dc-11e7-af18-30f7727a492e,false,false
Номенклатура — current,raw.r1c_nomenclature_current,f3df4e6e-a74e-11eb-c282-fa163e0d31f7,БП-00003903,Кисть плоская Сибртех 25 мм,,9088eead-75dc-11e7-af18-30f7727a492e,false,false
Номенклатура — current,raw.r1c_nomenclature_current,9b2b87ec-a74e-11eb-c282-fa163e0d31f7,БП-00003901,"Кисть плоская натуральная щетина 2,5*63",,9088eead-75dc-11e7-af18-30f7727a492e,false,false
Номенклатура — current,raw.r1c_nomenclature_current,1fe36c7a-6d60-11ec-9c40-00505689c8d9,АК-00005913,"Кисть радиаторная 2,0",,9088eead-75dc-11e7-af18-30f7727a492e,false,false
Номенклатура — current,raw.r1c_nomenclature_current,cafac203-d634-11ec-9c42-00505689c8d9,00-00006558,Кисть радиаторная 50мм,,9088eead-75dc-11e7-af18-30f7727a492e,false,false
Номенклатура — current,raw.r1c_nomenclature_current,c077f72c-298e-11f0-b80e-005056bde474,00-00012042,Кисть флейцевая,,20296b06-0a38-11f0-b80e-005056bde474,false,false
Номенклатура — current,raw.r1c_nomenclature_current,e5af07a9-a53a-11f1-b824-005056bde474,00-00014729,"Кисть флейцевая ""Стандарт"", 70х6, натуральная щетина, пластиковая ручка// 82506",,c8384141-0a37-11f0-b80e-005056bde474,false,false
Номенклатура — current,raw.r1c_nomenclature_current,91ec3a0c-e154-11ea-8696-fa163ee5d2f9,БП-00002939,Кисть флейцевая 50*12мм,,9088eead-75dc-11e7-af18-30f7727a492e,false,false
Номенклатура — current,raw.r1c_nomenclature_current,9cc08b2c-e154-11ea-8696-fa163ee5d2f9,БП-00002940,Кисть флейцевая 70*12мм,,9088eead-75dc-11e7-af18-30f7727a492e,false,false
Номенклатура — current,raw.r1c_nomenclature_current,265c94bc-9223-11ec-9c42-00505689c8d9,00-00006188,Киянка резиновая 65мм,,f0e4c260-a130-11e8-af4c-30f7727a492e,false,false
Номенклатура — current,raw.r1c_nomenclature_current,b95e9020-bd0f-11f1-b824-005056bde474,00-00014813,Клавиатура + мышь Logitech MK370 клав:черный мышь:черный/черный USB беспроводная BT Multimedia (920-,,9b060c1e-71d9-11e7-85a2-d43d7eec442d,false,false
Номенклатура — current,raw.r1c_nomenclature_current,0ecba455-edca-11ef-b80e-005056bde474,00-00011647,"Клавиатура Acer OKR301, USB, Bluetooth/Радиоканал, белый + серебристый",,ce412305-0a38-11f0-b80e-005056bde474,false,false
Номенклатура — current,raw.r1c_nomenclature_current,3c33f6aa-cd0b-11ec-9c42-00505689c8d9,00-00006492,Клавиатура компьютерная беспроводная +мышь ,,ce412305-0a38-11f0-b80e-005056bde474,false,false
Номенклатура — current,raw.r1c_nomenclature_current,2be6904c-92f6-11ec-9c42-00505689c8d9,00-00006245,Клавиатура компьютерная беспроводная DEXR KW-3001BU,,9088ee8b-75dc-11e7-af18-30f7727a492e,false,false
Номенклатура — current,raw.r1c_nomenclature_current,ca422e80-8798-11ee-9c4a-005056893620,00-00009844,Клавиатура компьютерная проводная ,,ce412305-0a38-11f0-b80e-005056bde474,false,false
Номенклатура — current,raw.r1c_nomenclature_current,5dc29a33-1888-11f1-b81f-005056bde474,00-00013851,Клавиатура ножничная беспроводная 2.4G+BT KEYRON Capella серый,,9b060c1e-71d9-11e7-85a2-d43d7eec442d,false,false
Номенклатура — current,raw.r1c_nomenclature_current,3a2cfb06-f6f8-11f0-b81e-005056bde474,00-00013512,"Клавиатура+мышь проводная Defender LINE C-511 [мембранная, 104 кл., Silent, USB] Black",,ce412305-0a38-11f0-b80e-005056bde474,false,false
Номенклатура — current,raw.r1c_nomenclature_current,d2bcb8a6-f524-11eb-9c3a-00505689ff45,АК-00003566,Клад Инсектицид,,668204c4-5324-11f0-b811-005056bde474,false,false
Номенклатура — current,raw.r1c_nomenclature_current,f77f3fdc-9887-11eb-9b81-fa163e0d31f7,БП-00003838,Клапан EGR,,9b060c03-71d9-11e7-85a2-d43d7eec442d,false,false
Номенклатура — current,raw.r1c_nomenclature_current,542b9598-3e44-11ed-9c43-cb6d75bb653b,00-00007200,Клапан TVH2310931,,9b060c03-71d9-11e7-85a2-d43d7eec442d,false,false
Номенклатура — current,raw.r1c_nomenclature_current,bfef60c2-9889-11eb-9b81-fa163e0d31f7,БП-00003843,Клапан V5/2 (М) ЕВ80,,9b060c03-71d9-11e7-85a2-d43d7eec442d,false,false
Номенклатура — current,raw.r1c_nomenclature_current,960c4a7b-a715-11ef-9c5e-00505689ff45,00-00011364,Клапан ZF1582,,9b060c03-71d9-11e7-85a2-d43d7eec442d,false,false
Номенклатура — current,raw.r1c_nomenclature_current,d05f075c-6c95-11eb-b79a-fa163e0d31f7,БП-00003724,Клапан впускной 29.8*7*122 Fiat Ducato,,9b060c03-71d9-11e7-85a2-d43d7eec442d,false,false
Номенклатура — current,raw.r1c_nomenclature_current,99067f6a-6c95-11eb-b79a-fa163e0d31f7,БП-00003723,Клапан впускной 29.8*7*122 Ford Transit Mondeo,,9b060c03-71d9-11e7-85a2-d43d7eec442d,false,false
Номенклатура — current,raw.r1c_nomenclature_current,93cddaca-7905-11f1-b822-005056bde474,00-00014571,Клапан испарителя кондиционера МТЗ 09-173202-00,,3d02e951-4ea4-11f1-b821-005056bde474,false,false
Номенклатура — current,raw.r1c_nomenclature_current,97d84ced-08bd-11f1-b81f-005056bde474,00-00013686,Клапан обратный мет. 50ВВ 448517,,6dd20a6a-51c7-11f0-b811-005056bde474,false,false
Номенклатура — current,raw.r1c_nomenclature_current,0e2e70e1-bbaf-11ef-9c5f-00505689ff45,00-00011491,Клапан обратный пласт. 32,,9088eead-75dc-11e7-af18-30f7727a492e,false,false
Номенклатура — current,raw.r1c_nomenclature_current,50a7fcba-3b56-11ee-9c4e-00505689ff45,00-00008494,Клапан перепускной 33.1111282,,9b060c03-71d9-11e7-85a2-d43d7eec442d,false,false
Номенклатура — current,raw.r1c_nomenclature_current,667786a9-d210-11f0-b81e-005056bde474,00-00013064,Клапан перепускной МТЗ,,45c9e202-0a37-11f0-b80e-005056bde474,false,false
Номенклатура — current,raw.r1c_nomenclature_current,1d51ccde-2c07-11f1-b81f-005056bde474,00-00013878,Клапан преимущ. F160L Foton,,45c9e202-0a37-11f0-b80e-005056bde474,false,false
Номенклатура — current,raw.r1c_nomenclature_current,311c42d3-5b64-11f0-b811-005056bde474,00-00012518,Клапан рулевого управления,,45c9e202-0a37-11f0-b80e-005056bde474,false,false
Номенклатура — current,raw.r1c_nomenclature_current,0fb78288-50d4-11ef-9c59-00505689ff45,00-00010750,Клапан сливной ДМ-06.280 ПА,,9b060c03-71d9-11e7-85a2-d43d7eec442d,false,false
Номенклатура — current,raw.r1c_nomenclature_current,5330780a-1fa2-11ec-9c3a-00505689ff45,АК-00005253,Клапан сцепления со штангами МАЗ 5551-1602738-10,,9b060c03-71d9-11e7-85a2-d43d7eec442d,false,false
Номенклатура — current,raw.r1c_nomenclature_current,52734c91-1743-11ed-9c43-cb6d75bb653b,00-00006859,Клапан тормозной 32910700,,9b060c03-71d9-11e7-85a2-d43d7eec442d,false,false
Номенклатура — current,raw.r1c_nomenclature_current,9d2bc974-dc8e-11ef-b80c-005056bde474,00-00011576,"Клапан электромагнитный ВСХ-25 1""",,9b060c03-71d9-11e7-85a2-d43d7eec442d,false,false
Номенклатура — current,raw.r1c_nomenclature_current,92af1e32-526e-11f0-b811-005056bde474,00-00012467,Клапан электромагнитный КПП К-742,,9b060c03-71d9-11e7-85a2-d43d7eec442d,false,false
Номенклатура — current,raw.r1c_nomenclature_current,8c14e0c8-ffc6-11ed-9c4e-00505689ff45,00-00008082,Класс защиты IP67,,9b060c03-71d9-11e7-85a2-d43d7eec442d,false,false
Номенклатура — current,raw.r1c_nomenclature_current,79d3987c-af51-11eb-3192-fa163e0d31f7,БП-00003937,"Клеенка декорама, мирелла",,f0e4c260-a130-11e8-af4c-30f7727a492e,false,false
Номенклатура — current,raw.r1c_nomenclature_current,8c86bb86-cf2f-11ef-9c5f-00505689ff45,00-00011545,"Клезол (Clesol), кислотное беспенное моющее средство для мойки оборудования",,f0e4c260-a130-11e8-af4c-30f7727a492e,false,false
Номенклатура — current,raw.r1c_nomenclature_current,e6b7fcda-6231-11ec-9c40-00505689c8d9,АК-00005818,"Клей ""Юникс"" ХХI желтый",,9088eead-75dc-11e7-af18-30f7727a492e,false,false
Номенклатура — current,raw.r1c_nomenclature_current,7b47ae85-5f81-11ef-9c5c-00505689ff45,00-00010906,"Клей 88 0,9л",,9088eead-75dc-11e7-af18-30f7727a492e,false,false
Номенклатура — current,raw.r1c_nomenclature_current,5d460664-5b78-11ee-9c4f-00505689ff45,00-00009575,Клей 88 1л,,9088eead-75dc-11e7-af18-30f7727a492e,false,false
Номенклатура — current,raw.r1c_nomenclature_current,2b585264-7748-11ef-9c5d-00505689ff45,00-00011102,Клей 88LUXE 0.9 Рогнеда,,9088eead-75dc-11e7-af18-30f7727a492e,false,false
Номенклатура — current,raw.r1c_nomenclature_current,3099f0d4-5b67-11f1-b821-005056bde474,00-00014465,"Клей 900-И-1 полиуретановый фасовка мет.тара 1л(0,8 кг)",,f7d70ffa-7292-11f0-b814-005056bde474,false,false
Номенклатура — current,raw.r1c_nomenclature_current,8f6ade3b-0e6d-11ee-9c4e-00505689ff45,00-00008158,Клей Elabond PREMIUM красный,,f0e4c260-a130-11e8-af4c-30f7727a492e,false,false
Номенклатура — current,raw.r1c_nomenclature_current,f6f4d2ac-d824-11eb-d199-fa163e0d31f7,БП-00004345,Клей loctite 406 25 мл,,9b060c03-71d9-11e7-85a2-d43d7eec442d,false,false
Номенклатура — current,raw.r1c_nomenclature_current,6ca582b8-f70c-11f0-b81e-005056bde474,00-00013574,Клей КС Универсальный 9кг,,5221e7b6-0a39-11f0-b80e-005056bde474,false,false
Номенклатура — current,raw.r1c_nomenclature_current,d4b6669a-3279-11f1-b81f-005056bde474,00-00013969,"Клей МОНТАЖ Суперсильный, 400 г МОМЕНТ ",,f7d70ffa-7292-11f0-b814-005056bde474,false,false
Номенклатура — current,raw.r1c_nomenclature_current,7f7c8876-ab3a-11ef-9c5e-00505689ff45,00-00011403,Клей для горячей вулканизации 240мл,,9b060c03-71d9-11e7-85a2-d43d7eec442d,false,false
Номенклатура — current,raw.r1c_nomenclature_current,9350a0b0-527c-11ec-9c40-00505689c8d9,АК-00005720,"Клей для клеевого пистолета белый,светящейся в темноте",,9088eead-75dc-11e7-af18-30f7727a492e,false,false
Номенклатура — current,raw.r1c_nomenclature_current,087e7395-733d-11ec-9c40-00505689c8d9,АК-00005970,"Клей для плитки ""Ceresit"" CM14 ",,9088eead-75dc-11e7-af18-30f7727a492e,false,false
Номенклатура — current,raw.r1c_nomenclature_current,03bf5f95-6d5e-11ec-9c40-00505689c8d9,АК-00005909,"Клей для плитки ""ЮНИКС ХХI""",,9088eead-75dc-11e7-af18-30f7727a492e,false,false
Номенклатура — current,raw.r1c_nomenclature_current,8396aed3-5a18-11ef-9c59-00505689ff45,00-00010844,"Клей для плитки ""ЮНИС 2000"" 25 кг.",,9b060c03-71d9-11e7-85a2-d43d7eec442d,false,false
Номенклатура — current,raw.r1c_nomenclature_current,83ca05f1-f3f9-11ed-9c4e-00505689ff45,00-00008002,Клей космофен 20гр,,f0e4c260-a130-11e8-af4c-30f7727a492e,false,false
Номенклатура — current,raw.r1c_nomenclature_current,a7aa984e-8fa4-11eb-9984-fa163e0d31f7,БП-00003808,Клей момент,,f0e4c260-a130-11e8-af4c-30f7727a492e,false,false
Номенклатура — current,raw.r1c_nomenclature_current,fb20f97b-156b-11e9-af61-30f7727a492e,00-00001427,Клей от грызунов,,f0e4c260-a130-11e8-af4c-30f7727a492e,false,false
Номенклатура — current,raw.r1c_nomenclature_current,0d2e8f93-5b07-11ee-9c4f-00505689ff45,00-00009551,Клей полиуретановый УР-600,,f0e4c260-a130-11e8-af4c-30f7727a492e,false,false
Номенклатура — current,raw.r1c_nomenclature_current,b5bf5127-5b18-11ee-9c4f-00505689ff45,00-00009564,Клей прозрачный,,f0e4c260-a130-11e8-af4c-30f7727a492e,false,false
Номенклатура — current,raw.r1c_nomenclature_current,cd0e3b19-acbf-11ef-9c5e-00505689ff45,00-00011413,Клей резиновый самовулканизующийся,,9b060c03-71d9-11e7-85a2-d43d7eec442d,false,false
Номенклатура — current,raw.r1c_nomenclature_current,5edc1966-cc55-11e8-af53-30f7727a492e,00-00001277,Клей резиновый самовулканизующийся туба 42 мл,,9b060c03-71d9-11e7-85a2-d43d7eec442d,false,false
Номенклатура — current,raw.r1c_nomenclature_current,b117ce3b-3279-11f1-b81f-005056bde474,00-00013968,"Клей секундный универсальный профи, гель, 3 г 246391",,f7d70ffa-7292-11f0-b814-005056bde474,false,false
Номенклатура — current,raw.r1c_nomenclature_current,a4c099f7-84a3-11ef-9c5d-00505689ff45,00-00011240,Клей универсальный с активатором,,9088ee8b-75dc-11e7-af18-30f7727a492e,false,false
Номенклатура — current,raw.r1c_nomenclature_current,a91ed5fa-810d-11e9-af6f-30f7727a492e,00-00001629,Клей фиксатор резьб,,9b060c03-71d9-11e7-85a2-d43d7eec442d,false,false
Номенклатура — current,raw.r1c_nomenclature_current,7e0afaac-5f7f-11ef-9c5c-00505689ff45,00-00010902,Клей фиксатор резьбы 6мл,,f0e4c260-a130-11e8-af4c-30f7727a492e,false,false
Номенклатура — current,raw.r1c_nomenclature_current,b0d1d79d-b509-11f0-b81e-005056bde474,00-00012946,Клей холодная сварка 60г,,9b060c03-71d9-11e7-85a2-d43d7eec442d,false,false
Номенклатура — current,raw.r1c_nomenclature_current,fbc31029-94a6-11f0-b818-005056bde474,00-00012751,Клей цианоакрилатный 50гр.,,f7d70ffa-7292-11f0-b814-005056bde474,false,false
Номенклатура — current,raw.r1c_nomenclature_current,274f35af-84a0-11ef-9c5d-00505689ff45,00-00011237,Клей цианоакрилатный секундный 20г,,f0e4c260-a130-11e8-af4c-30f7727a492e,false,false
Номенклатура — current,raw.r1c_nomenclature_current,cfa697b3-f638-11f0-b81e-005056bde474,00-00013438,Клей-активатор банка с кистью 1000мл,,45c9e202-0a37-11f0-b80e-005056bde474,false,false
Номенклатура — current,raw.r1c_nomenclature_current,281b91b5-08c0-11f1-b81f-005056bde474,00-00013731,Клей-герметик анаэроб.40гр. синий,,6dd20a6a-51c7-11f0-b811-005056bde474,false,false
Номенклатура — current,raw.r1c_nomenclature_current,1f15e067-7886-11e7-af18-30f7727a492e,00-00000137,Клей-карандаш,,9088ee8b-75dc-11e7-af18-30f7727a492e,false,false
Номенклатура — current,raw.r1c_nomenclature_current,2dc0a5c2-d1d1-11eb-5d99-fa163e0d31f7,БП-00004256,Клей-пена 400мл,,9088eead-75dc-11e7-af18-30f7727a492e,false,false
Номенклатура — current,raw.r1c_nomenclature_current,c8bdb085-dddd-11ed-9c4e-00505689ff45,00-00007795,Клей-цемент для холодной вулканизации 250мл,,9088eead-75dc-11e7-af18-30f7727a492e,false,false
Номенклатура — current,raw.r1c_nomenclature_current,3b7f0fbf-4a36-11f1-b821-005056bde474,00-00014193,"Клейкая лента 48мм х 66м, 6шт/уп",,9088ee8b-75dc-11e7-af18-30f7727a492e,false,false
Номенклатура — current,raw.r1c_nomenclature_current,286ba0d6-d7aa-11ed-9c4e-00505689ff45,00-00007722,Клейкая лента армированная 50мм,,9088eead-75dc-11e7-af18-30f7727a492e,false,false
Номенклатура — current,raw.r1c_nomenclature_current,524e52b4-d7aa-11ed-9c4e-00505689ff45,00-00007723,Клейкая лента армированная 80мм,,9088eead-75dc-11e7-af18-30f7727a492e,false,false
Номенклатура — current,raw.r1c_nomenclature_current,ac7b31c0-dca0-11ef-b80c-005056bde474,00-00011585,Клейкая лента двустороняя 38х10м,,9088ee8b-75dc-11e7-af18-30f7727a492e,false,false
Номенклатура — current,raw.r1c_nomenclature_current,4677efad-4dde-11f1-b821-005056bde474,00-00014223,Клейкая лента двустороняя на бумажной основе 12ммх10м,,9088ee8b-75dc-11e7-af18-30f7727a492e,false,false
Номенклатура — current,raw.r1c_nomenclature_current,9b9363fe-04d8-11ec-9c3a-00505689ff45,АК-00004671,Клейкая лента канцелярская 19*33,,9088ee8b-75dc-11e7-af18-30f7727a492e,false,false
Номенклатура — current,raw.r1c_nomenclature_current,12fa380b-a3d4-11ee-9c4c-005056893620,00-00010005,Клейкая лента упаковочная 50мм*50м*40мм,,9088eead-75dc-11e7-af18-30f7727a492e,false,false
Номенклатура — current,raw.r1c_nomenclature_current,6b9e739d-9191-11e9-af72-30f7727a492e,00-00001720,Клейкая лента упаковочная прозрачная,,9088ee8b-75dc-11e7-af18-30f7727a492e,false,false
Номенклатура — current,raw.r1c_nomenclature_current,6ea5e8d8-116f-11f1-b81f-005056bde474,00-00013827,"Клемма ""мама"" изолированная - 4.8мм 0.5-1.5кв.мм (красная) Nord-Yada (РПи-м 1.5-(4.8) ",,193544c0-7290-11f0-b814-005056bde474,false,false
Номенклатура — current,raw.r1c_nomenclature_current,0207e43d-1597-11ea-9521-30f7727a492e,00-00002238,Клемма WAGO 221-412 упаковка 100 шт,,9adc9f2a-3d8a-11f1-b821-005056bde474,false,false
Номенклатура — current,raw.r1c_nomenclature_current,0207e442-1597-11ea-9521-30f7727a492e,00-00002243,Клемма WAGO 221-413 упаковка 50 шт,,9adc9f2a-3d8a-11f1-b821-005056bde474,false,false
Номенклатура — current,raw.r1c_nomenclature_current,af7d5091-4b98-11ec-9c40-00505689c8d9,АК-00005635,Клемма WAGO 222-413 ,,9adc9f2a-3d8a-11f1-b821-005056bde474,false,false
Номенклатура — current,raw.r1c_nomenclature_current,9e865521-629a-11ea-9525-30f7727a492e,00-00002511,Клемма WAGO 222-413 упаковка 50 шт,,9adc9f2a-3d8a-11f1-b821-005056bde474,false,false
Номенклатура — current,raw.r1c_nomenclature_current,5edc1967-cc55-11e8-af53-30f7727a492e,00-00001278,Клемма АКБ латунь блистер,,9b060c03-71d9-11e7-85a2-d43d7eec442d,false,false
Номенклатура — current,raw.r1c_nomenclature_current,d9538dad-0e69-11ee-9c4e-00505689ff45,00-00008153,Клемма аккумулятора (к-т),,9b060c03-71d9-11e7-85a2-d43d7eec442d,false,false
Номенклатура — current,raw.r1c_nomenclature_current,27b0e8e2-f7d9-11ec-9c42-89a3dcc9992a,00-00006728,Клемма вводная силовая КВС 6-50 кв.мм ,,9adc9f2a-3d8a-11f1-b821-005056bde474,false,false
Номенклатура — current,raw.r1c_nomenclature_current,35d4f8a7-5ca8-11ec-9c40-00505689c8d9,АК-00005788,"Клемма для распредилительных коробок 2273-243 на 3 пров сечением 05-2,5 мм2 (упаковка 100шт)",,9adc9f2a-3d8a-11f1-b821-005056bde474,false,false
Номенклатура — current,raw.r1c_nomenclature_current,79a38109-c607-11e8-af51-30f7727a492e,00-00001219,Клемма заземления,,9adc9f2a-3d8a-11f1-b821-005056bde474,false,false
Номенклатура — current,raw.r1c_nomenclature_current,52ef4d1a-faaf-11f0-b81e-005056bde474,00-00013638,Клемма заземления КЗ-300 КРАСС,,45c9e202-0a37-11f0-b80e-005056bde474,false,false
Номенклатура — current,raw.r1c_nomenclature_current,9f810d81-e541-11ee-9c4c-005056893620,00-00010312,"Клемма на 3 проводника (с рычагами) 3х0,08-4/2,5мм 2 (уп 50шт)",,9adc9f2a-3d8a-11f1-b821-005056bde474,false,false
Номенклатура — current,raw.r1c_nomenclature_current,fce603cd-e541-11ee-9c4c-005056893620,00-00010313,"Клемма на 5пр. УПАКОВКА 40шт 5х0,08-4/2,5мм 2 (уп 50шт)",,9adc9f2a-3d8a-11f1-b821-005056bde474,false,false
Номенклатура — current,raw.r1c_nomenclature_current,52be1e89-5a01-11ef-9c59-00505689ff45,00-00010782,"Клемма проходная винтовая OptiClip CTS-2,5-I-24A-(0,2-2,5)-серый",,9adc9f2a-3d8a-11f1-b821-005056bde474,false,false
Номенклатура — current,raw.r1c_nomenclature_current,55c4345d-527a-11ec-9c40-00505689c8d9,АК-00005714,Клемма соед 5-ти проводная (набор 6шт),,9adc9f2a-3d8a-11f1-b821-005056bde474,false,false
Номенклатура — current,raw.r1c_nomenclature_current,a7cf21d4-5ca7-11ec-9c40-00505689c8d9,АК-00005787,Клемма соед WAGO на 4 проводника,,9adc9f2a-3d8a-11f1-b821-005056bde474,false,false
Номенклатура — current,raw.r1c_nomenclature_current,1b633dfe-8831-11ec-9c41-00505689c8d9,00-00006102,Клемма соед WAGO на 5 проводника,,9adc9f2a-3d8a-11f1-b821-005056bde474,false,false
Номенклатура — current,raw.r1c_nomenclature_current,951d4469-527a-11ec-9c40-00505689c8d9,АК-00005715,Клемма соед с рычагом 221-413 3-х проводная (50 шт),,9adc9f2a-3d8a-11f1-b821-005056bde474,false,false
Номенклатура — current,raw.r1c_nomenclature_current,d2aed083-038c-11ea-951d-30f7727a492e,00-00002191,Клемма соед эл.провод,,9adc9f2a-3d8a-11f1-b821-005056bde474,false,false
Номенклатура — current,raw.r1c_nomenclature_current,0225643d-882b-11ec-9c41-00505689c8d9,00-00006093,"Клемма соединительная 3х0,08-4/2,5мм кв.222-413",,9adc9f2a-3d8a-11f1-b821-005056bde474,false,false
Номенклатура — current,raw.r1c_nomenclature_current,4f187a61-6b61-11ed-9c4d-00505689c8d9,00-00007443,Клемма строительно-монтажная СМК 222-413 ЕК,,9adc9f2a-3d8a-11f1-b821-005056bde474,false,false
Номенклатура — current,raw.r1c_nomenclature_current,e9dff311-ab38-11ef-9c5e-00505689ff45,00-00011402,"Клемма электропроводки мама 6,3мм луженая с проводом 2,5мм",,9adc9f2a-3d8a-11f1-b821-005056bde474,false,false
Номенклатура — current,raw.r1c_nomenclature_current,2dca2ecb-b504-11f0-b81e-005056bde474,00-00012939,Клеммная колодка с монтажными штифтами,,89da002d-7290-11f0-b814-005056bde474,false,false
Номенклатура — current,raw.r1c_nomenclature_current,18cdd876-882f-11ec-9c41-00505689c8d9,00-00006099,"Клеммный разъем многоразовый 2 контактный с рычажком 02,-4мм 32А 450В 105грС 221-412",,9adc9f2a-3d8a-11f1-b821-005056bde474,false,false
Номенклатура — current,raw.r1c_nomenclature_current,b42eba2c-882d-11ec-9c41-00505689c8d9,00-00006097,"Клеммный разъем многоразовый 3 контактный с рычажком 02,-4мм 32А 450В 105грС 221-413",,9adc9f2a-3d8a-11f1-b821-005056bde474,false,false
Номенклатура — current,raw.r1c_nomenclature_current,e0e33fbd-dfc8-11f0-b81e-005056bde474,00-00013219,Клеммы соединительные монтажные с рычажком 3-проводные 4мм,,9adc9f2a-3d8a-11f1-b821-005056bde474,false,false
Номенклатура — current,raw.r1c_nomenclature_current,a870675a-57a0-11ea-9525-30f7727a492e,00-00002479,Клемная колодка 12*10,,9adc9f2a-3d8a-11f1-b821-005056bde474,false,false
Номенклатура — current,raw.r1c_nomenclature_current,a8706759-57a0-11ea-9525-30f7727a492e,00-00002478,"Клемная колодка 12*2,5",,9adc9f2a-3d8a-11f1-b821-005056bde474,false,false
Номенклатура — current,raw.r1c_nomenclature_current,e7e524ac-251d-11ed-9c43-cb6d75bb653b,00-00007043,Клемник 3-проводной,,9adc9f2a-3d8a-11f1-b821-005056bde474,false,false
Номенклатура — current,raw.r1c_nomenclature_current,2fe0ede3-60f5-11ee-9c50-00505689ff45,00-00009609,Клещи,,007d76f1-0a39-11f0-b80e-005056bde474,false,false
Номенклатура — current,raw.r1c_nomenclature_current,48876742-7718-11ed-9c4d-00505689c8d9,00-00007495,"Клещи обжимные КО-0,1 1,5-6 мм 2 ИЭК",,20e031f3-0a37-11f0-b80e-005056bde474,false,false
Номенклатура — current,raw.r1c_nomenclature_current,49bfc4e4-b509-11f0-b81e-005056bde474,00-00012945,Клещи переставные 180мм,,f7164898-2ffe-11eb-af80-fa163e0d31f7,false,false
Номенклатура — current,raw.r1c_nomenclature_current,6b7e9739-a07a-11f0-b81d-005056bde474,00-00012785,"Клещи переставные 250 мм на холдере""ДТ""/60/10",,8bb3399b-7362-11f0-b814-005056bde474,false,false
Номенклатура — current,raw.r1c_nomenclature_current,5767f317-a0d4-11ee-9c4c-005056893620,00-00009968,Клещи переставные 300 мм,,007d76f1-0a39-11f0-b80e-005056bde474,false,false
Номенклатура — current,raw.r1c_nomenclature_current,dd913dfb-f56c-11f0-b81e-005056bde474,00-00013427,"Клещи переставные 300 мм на холдере Дело Техники ""ДТ""/40/10 415300",,c7578db7-735f-11f0-b814-005056bde474,false,false
Номенклатура — current,raw.r1c_nomenclature_current,691314fb-f68e-11f0-b81e-005056bde474,00-00013457,"Клещи токовые цифровые автоматические (ACV/DCV, сопр., прозв., емкость, частота) Mastech",,c7578db7-735f-11f0-b814-005056bde474,false,false
Номенклатура — current,raw.r1c_nomenclature_current,ed7937f0-0579-11f0-b80e-005056bde474,00-00011781,Клещи электроизмерительные,,9088eeaf-75dc-11e7-af18-30f7727a492e,false,false
Номенклатура — current,raw.r1c_nomenclature_current,edc51fe1-f811-11ee-9c4c-005056893620,00-00010410,Клин МТЗ-82,,9b060c03-71d9-11e7-85a2-d43d7eec442d,false,false
Номенклатура — current,raw.r1c_nomenclature_current,5e1ed291-3b52-11ee-9c4e-00505689ff45,00-00008484,Клин рулевого управления 4301-3401227,,9b060c03-71d9-11e7-85a2-d43d7eec442d,false,false
Номенклатура — current,raw.r1c_nomenclature_current,d94e281d-7397-11ec-9c40-00505689c8d9,АК-00005986,Клипса 32 ППР,,9adc9f2a-3d8a-11f1-b821-005056bde474,false,false
Номенклатура — current,raw.r1c_nomenclature_current,b15405b4-b964-11ef-9c5f-00505689ff45,00-00011474,Клипса для гофры 20,,9adc9f2a-3d8a-11f1-b821-005056bde474,false,false
Номенклатура — current,raw.r1c_nomenclature_current,9e865523-629a-11ea-9525-30f7727a492e,00-00002513,Клипса для трубы ф20 Рувинил,,9adc9f2a-3d8a-11f1-b821-005056bde474,false,false
Номенклатура — current,raw.r1c_nomenclature_current,0207e440-1597-11ea-9521-30f7727a492e,00-00002241,Клипса для трубы ф25 УралПак,,9adc9f2a-3d8a-11f1-b821-005056bde474,false,false
Номенклатура — current,raw.r1c_nomenclature_current,ba916b7f-31b6-11e8-af34-30f7727a492e,00-00000750,Клипса крепления молдинга,,9b060c03-71d9-11e7-85a2-d43d7eec442d,false,false
Номенклатура — current,raw.r1c_nomenclature_current,d2bcb8a7-f524-11eb-9c3a-00505689ff45,АК-00003567,Клонрин Инсектицид,,f9d67774-531d-11f0-b811-005056bde474,false,false
Номенклатура — current,raw.r1c_nomenclature_current,d2bcb8aa-f524-11eb-9c3a-00505689ff45,АК-00003570,Клотиамет Дуо Инсектицид,,f9d67774-531d-11f0-b811-005056bde474,false,false
Номенклатура — current,raw.r1c_nomenclature_current,d2bcb8a8-f524-11eb-9c3a-00505689ff45,АК-00003568,Клотиамет Инсектицид,,f9d67774-531d-11f0-b811-005056bde474,false,false
Номенклатура — current,raw.r1c_nomenclature_current,d2bcb8a9-f524-11eb-9c3a-00505689ff45,АК-00003569,Клотиамет-С Инсектицид,,f9d67774-531d-11f0-b811-005056bde474,false,false
Номенклатура — current,raw.r1c_nomenclature_current,d2bcb8ab-f524-11eb-9c3a-00505689ff45,АК-00003571,Клотианидин Про Инсектицид,,f9d67774-531d-11f0-b811-005056bde474,false,false
Номенклатура — current,raw.r1c_nomenclature_current,5cecc9a4-bfaa-11eb-c69d-fa163e0d31f7,БП-00004047,Ключ,,f7164898-2ffe-11eb-af80-fa163e0d31f7,false,false
Номенклатура — current,raw.r1c_nomenclature_current,5a94548e-0c29-11ec-9c3a-00505689ff45,АК-00004872,Ключ 22,,f7164898-2ffe-11eb-af80-fa163e0d31f7,false,false
Номенклатура — current,raw.r1c_nomenclature_current,6f733e71-0c29-11ec-9c3a-00505689ff45,АК-00004873,Ключ 24,,f7164898-2ffe-11eb-af80-fa163e0d31f7,false,false
Номенклатура — current,raw.r1c_nomenclature_current,769caae0-0c29-11ec-9c3a-00505689ff45,АК-00004874,Ключ 27,,f7164898-2ffe-11eb-af80-fa163e0d31f7,false,false
Номенклатура — current,raw.r1c_nomenclature_current,7cf1e628-0c29-11ec-9c3a-00505689ff45,АК-00004875,Ключ 30,,f7164898-2ffe-11eb-af80-fa163e0d31f7,false,false
Номенклатура — current,raw.r1c_nomenclature_current,585ed4e8-0c2c-11ec-9c3a-00505689ff45,АК-00004884,Ключ 32,,f7164898-2ffe-11eb-af80-fa163e0d31f7,false,false
Номенклатура — current,raw.r1c_nomenclature_current,e4294e20-5b0f-11f0-b811-005056bde474,00-00012505,Ключ 36,,007d76f1-0a39-11f0-b80e-005056bde474,false,false
Номенклатура — current,raw.r1c_nomenclature_current,fa4ba9be-5b0f-11f0-b811-005056bde474,00-00012506,Ключ 41,,007d76f1-0a39-11f0-b80e-005056bde474,false,false
Номенклатура — current,raw.r1c_nomenclature_current,53b6d6df-d390-11ed-9c4e-00505689ff45,00-00007710,Ключ КШС 168/188,,9b060c03-71d9-11e7-85a2-d43d7eec442d,false,false
Номенклатура — current,raw.r1c_nomenclature_current,dd6b1ae4-4481-11eb-7b94-fa163e0d31f7,БП-00003487,Ключ балонный,,9b060c03-71d9-11e7-85a2-d43d7eec442d,false,false
Номенклатура — current,raw.r1c_nomenclature_current,6a6294a9-e971-11e8-af5a-30f7727a492e,00-00001360,Ключ балонный 27*30 ,,9b060c03-71d9-11e7-85a2-d43d7eec442d,false,false
Номенклатура — current,raw.r1c_nomenclature_current,76c7e00b-8815-11e9-af70-30f7727a492e,00-00001663,"Ключ балонный прямой 22*38 L=440мм ГАЗ-53,ЗИЛ-130 КЗСМИ 10439",,9b060c03-71d9-11e7-85a2-d43d7eec442d,false,false
Номенклатура — current,raw.r1c_nomenclature_current,bb777ea0-ab31-11ef-9c5e-00505689ff45,00-00011397,Ключ гаечный 41х46,,f7164898-2ffe-11eb-af80-fa163e0d31f7,false,false
Номенклатура — current,raw.r1c_nomenclature_current,f287af34-ab33-11ef-9c5e-00505689ff45,00-00011399,Ключ гаечный рожковый двусторонний 36х41,,9b060c03-71d9-11e7-85a2-d43d7eec442d,false,false
Номенклатура — current,raw.r1c_nomenclature_current,7f86abd2-52c7-11f1-b821-005056bde474,00-00014405,Ключ гаечный рожковыйидвусторонний 34х36,,d84f3ef6-735f-11f0-b814-005056bde474,false,false
Номенклатура — current,raw.r1c_nomenclature_current,0d774be1-0c2a-11ec-9c3a-00505689ff45,АК-00004876,Ключ газовый 1,,f7164898-2ffe-11eb-af80-fa163e0d31f7,false,false
Номенклатура — current,raw.r1c_nomenclature_current,166cdaba-0c2a-11ec-9c3a-00505689ff45,АК-00004877,Ключ газовый 2,,f7164898-2ffe-11eb-af80-fa163e0d31f7,false,false
Номенклатура — current,raw.r1c_nomenclature_current,b66c4cdf-949a-11f0-b818-005056bde474,00-00012748,"Ключ динамометрический в кейсе, набор 2шт. (1/4"", 1/2"")",,b498f12b-7362-11f0-b814-005056bde474,false,false
Номенклатура — current,raw.r1c_nomenclature_current,358aaeb8-a6a0-11ec-9c42-00505689c8d9,00-00006384,Ключ для куботейнера с регулировкой зажима оцинкованный,,65439ec8-d96f-11eb-6c92-fa163e0d31f7,false,false
Номенклатура — current,raw.r1c_nomenclature_current,463b5594-4be3-11ec-9c40-00505689c8d9,АК-00005653,Ключ кольцевой ударный 36мм,,9b060c03-71d9-11e7-85a2-d43d7eec442d,false,false
Номенклатура — current,raw.r1c_nomenclature_current,29abaed5-c5e2-11ee-9c4c-005056893620,00-00010147,Ключ комбинированный  10мм GRW10,,f7164898-2ffe-11eb-af80-fa163e0d31f7,false,false
Номенклатура — current,raw.r1c_nomenclature_current,4aa0b133-c5e2-11ee-9c4c-005056893620,00-00010148,Ключ комбинированный  19 мм GRW19,,f7164898-2ffe-11eb-af80-fa163e0d31f7,false,false
Номенклатура — current,raw.r1c_nomenclature_current,6b44827b-c5e2-11ee-9c4c-005056893620,00-00010149,Ключ комбинированный  24 мм GRW24,,007d76f1-0a39-11f0-b80e-005056bde474,false,false
Номенклатура — current,raw.r1c_nomenclature_current,596022c6-c5dc-11ee-9c4c-005056893620,00-00010136,Ключ комбинированный  АвтоDeло 17х17,,f7164898-2ffe-11eb-af80-fa163e0d31f7,false,false
Номенклатура — current,raw.r1c_nomenclature_current,83380b5e-c5dc-11ee-9c4c-005056893620,00-00010137,Ключ комбинированный  АвтоDeло 19х19,,f7164898-2ffe-11eb-af80-fa163e0d31f7,false,false
Номенклатура — current,raw.r1c_nomenclature_current,a5fdc5a0-c5dc-11ee-9c4c-005056893620,00-00010138,Ключ комбинированный  АвтоDeло 32х32,,f7164898-2ffe-11eb-af80-fa163e0d31f7,false,false
Номенклатура — current,raw.r1c_nomenclature_current,26339aea-01bd-11ec-9c3a-00505689ff45,АК-00004110,"Ключ комбинированный ""БМ"" 60мм",,9088eeac-75dc-11e7-af18-30f7727a492e,false,false
Номенклатура — current,raw.r1c_nomenclature_current,763a6dd4-d31f-11eb-5d99-fa163e0d31f7,БП-00004290,Ключ комбинированный 10мм,,9b060c03-71d9-11e7-85a2-d43d7eec442d,false,false
Номенклатура — current,raw.r1c_nomenclature_current,7140f258-a077-11ec-9c42-00505689c8d9,00-00006307,Ключ комбинированный 10мм KING TONY,,f7164898-2ffe-11eb-af80-fa163e0d31f7,false,false
Номенклатура — current,raw.r1c_nomenclature_current,cbfd324a-4be6-11ec-9c40-00505689c8d9,АК-00005656,Ключ комбинированный 10х10мм ,,f7164898-2ffe-11eb-af80-fa163e0d31f7,false,false
Номенклатура — current,raw.r1c_nomenclature_current,b20138bf-4be6-11ec-9c40-00505689c8d9,АК-00005655,Ключ комбинированный 10х10мм L=145мм ,,f7164898-2ffe-11eb-af80-fa163e0d31f7,false,false
Номенклатура — current,raw.r1c_nomenclature_current,8c46f2a0-d31f-11eb-5d99-fa163e0d31f7,БП-00004291,Ключ комбинированный 12мм,,9b060c03-71d9-11e7-85a2-d43d7eec442d,false,false
Номенклатура — current,raw.r1c_nomenclature_current,aa61ecb8-a075-11ec-9c42-00505689c8d9,00-00006304,Ключ комбинированный 13мм AVS,,f7164898-2ffe-11eb-af80-fa163e0d31f7,false,false
Номенклатура — current,raw.r1c_nomenclature_current,865ee698-a075-11ec-9c42-00505689c8d9,00-00006303,Ключ комбинированный 17мм AVS,,f7164898-2ffe-11eb-af80-fa163e0d31f7,false,false
Номенклатура — current,raw.r1c_nomenclature_current,6054736f-a075-11ec-9c42-00505689c8d9,00-00006302,"Ключ комбинированный 19мм AVS/""АТ""",,f7164898-2ffe-11eb-af80-fa163e0d31f7,false,false
Номенклатура — current,raw.r1c_nomenclature_current,9cc8abd2-1ac4-11eb-c693-fa163e0d31f7,БП-00003189,Ключ комбинированный 27мм,,9b060c03-71d9-11e7-85a2-d43d7eec442d,false,false
Номенклатура — current,raw.r1c_nomenclature_current,b2d7cef8-1ac4-11eb-c693-fa163e0d31f7,БП-00003190,Ключ комбинированный 30мм,,9b060c03-71d9-11e7-85a2-d43d7eec442d,false,false
Номенклатура — current,raw.r1c_nomenclature_current,c3ec32ec-1ac4-11eb-c693-fa163e0d31f7,БП-00003191,Ключ комбинированный 32 мм,,9b060c03-71d9-11e7-85a2-d43d7eec442d,false,false
Номенклатура — current,raw.r1c_nomenclature_current,a9549ce9-c5db-11ee-9c4c-005056893620,00-00010135,Ключ комбинированный 9мм,,f7164898-2ffe-11eb-af80-fa163e0d31f7,false,false
Номенклатура — current,raw.r1c_nomenclature_current,4e376b05-36f4-11f0-b80e-005056bde474,00-00012358,Ключ комбинированный HEX/V 17x210 мм,,007d76f1-0a39-11f0-b80e-005056bde474,false,false
Номенклатура — current,raw.r1c_nomenclature_current,fe00cac0-c5e3-11ee-9c4c-005056893620,00-00010153,Ключ комбинированный KENDO 13 мм ,,f7164898-2ffe-11eb-af80-fa163e0d31f7,false,false
Номенклатура — current,raw.r1c_nomenclature_current,ff2b8fb2-c5e1-11ee-9c4c-005056893620,00-00010146,Ключ комбинированный трещеточный 17мм GRW17,,f7164898-2ffe-11eb-af80-fa163e0d31f7,false,false
Номенклатура — current,raw.r1c_nomenclature_current,5083630e-36f3-11f0-b80e-005056bde474,00-00012350,Ключ комбинированный трещеточный 24мм GRF-129,,007d76f1-0a39-11f0-b80e-005056bde474,false,false
Номенклатура — current,raw.r1c_nomenclature_current,46e37a2d-f56a-11f0-b81e-005056bde474,00-00013415,Ключ комбинированный трещоточный 10мм Gigant GRW10,,c7578db7-735f-11f0-b814-005056bde474,false,false
Номенклатура — current,raw.r1c_nomenclature_current,c9678bdd-36f4-11f0-b80e-005056bde474,00-00012362,"Ключ комбинированный х 10 мм ""ДТ""",,007d76f1-0a39-11f0-b80e-005056bde474,false,false
Номенклатура — current,raw.r1c_nomenclature_current,034d5aad-f56d-11f0-b81e-005056bde474,00-00013428,Ключ комбинированный х 10 мм Дело Техники ,,df8be041-0a37-11f0-b80e-005056bde474,false,false
Номенклатура — current,raw.r1c_nomenclature_current,ded25f96-36f4-11f0-b80e-005056bde474,00-00012363,"Ключ комбинированный х 13 мм ""ДТ""",,007d76f1-0a39-11f0-b80e-005056bde474,false,false
Номенклатура — current,raw.r1c_nomenclature_current,f1fa2041-36f4-11f0-b80e-005056bde474,00-00012364,"Ключ комбинированный х 19 мм ""ДТ""",,007d76f1-0a39-11f0-b80e-005056bde474,false,false
Номенклатура — current,raw.r1c_nomenclature_current,172a7ddd-ab36-11ef-9c5e-00505689ff45,00-00011400,Ключ масляного фильтра D=65-110мм,,9b060c03-71d9-11e7-85a2-d43d7eec442d,false,false
Номенклатура — current,raw.r1c_nomenclature_current,e0a0c254-dc47-11e8-af56-30f7727a492e,00-00001335,Ключ накидной 24*27,,9b060c03-71d9-11e7-85a2-d43d7eec442d,false,false
Номенклатура — current,raw.r1c_nomenclature_current,3a1ac0f7-ba6d-11f0-b81e-005056bde474,00-00012976,Ключ насадка 10мм,,f7164898-2ffe-11eb-af80-fa163e0d31f7,false,false
Номенклатура — current,raw.r1c_nomenclature_current,205752a6-ba6d-11f0-b81e-005056bde474,00-00012975,Ключ насадка магнитная 8мм,,f7164898-2ffe-11eb-af80-fa163e0d31f7,false,false
Номенклатура — current,raw.r1c_nomenclature_current,23077179-9228-11ec-9c42-00505689c8d9,00-00006193,Ключ разводной 150мм,,9b060c03-71d9-11e7-85a2-d43d7eec442d,false,false
Номенклатура — current,raw.r1c_nomenclature_current,8ebacbdc-d1d1-11eb-5d99-fa163e0d31f7,БП-00004257,Ключ разводной 200,,f7164898-2ffe-11eb-af80-fa163e0d31f7,false,false
Номенклатура — current,raw.r1c_nomenclature_current,d6aa7c8d-1bc6-11ee-9c4e-00505689ff45,00-00008308,Ключ разводной 250 мм,,f7164898-2ffe-11eb-af80-fa163e0d31f7,false,false
Номенклатура — current,raw.r1c_nomenclature_current,764c3626-f70d-11f0-b81e-005056bde474,00-00013589,Ключ разводной 250мм,,007d76f1-0a39-11f0-b80e-005056bde474,false,false
Номенклатура — current,raw.r1c_nomenclature_current,50846b63-9162-11ec-9c42-00505689c8d9,00-00006179,Ключ разводной 300 мм,,f7164898-2ffe-11eb-af80-fa163e0d31f7,false,false
Номенклатура — current,raw.r1c_nomenclature_current,4eb9a92e-5b0f-11f0-b811-005056bde474,00-00012503,Ключ разводной 450 мм,,007d76f1-0a39-11f0-b80e-005056bde474,false,false
Номенклатура — current,raw.r1c_nomenclature_current,96f26581-e422-11f0-b81e-005056bde474,00-00013299,Ключ разводной с тонкими губками Gigant Professional GPBS-20,,007d76f1-0a39-11f0-b80e-005056bde474,false,false
Номенклатура — current,raw.r1c_nomenclature_current,0f568d01-d631-11ec-9c42-00505689c8d9,00-00006548,"Ключ рожково-накидной, 10мм цинк",,f7164898-2ffe-11eb-af80-fa163e0d31f7,false,false
Номенклатура — current,raw.r1c_nomenclature_current,3958b0fb-e1b2-11ec-9c42-00505689c8d9,00-00006594,Ключ рожковый 17х19мм ,,f7164898-2ffe-11eb-af80-fa163e0d31f7,false,false
Номенклатура — current,raw.r1c_nomenclature_current,e0a0c252-dc47-11e8-af56-30f7727a492e,00-00001333,Ключ рожковый 19*22,,9b060c03-71d9-11e7-85a2-d43d7eec442d,false,false
Номенклатура — current,raw.r1c_nomenclature_current,e0a0c253-dc47-11e8-af56-30f7727a492e,00-00001334,Ключ рожковый 30*32/14385,,9b060c03-71d9-11e7-85a2-d43d7eec442d,false,false
Номенклатура — current,raw.r1c_nomenclature_current,5412ceb2-0011-11ec-9c3a-00505689ff45,АК-00003950,Ключ рожковый односторонний 50мм,,9b060c03-71d9-11e7-85a2-d43d7eec442d,false,false
Номенклатура — current,raw.r1c_nomenclature_current,1839c301-a491-11ee-9c4c-005056893620,00-00010016,Ключ ступицы 55 мм L=150мм Камаз,,9b060c03-71d9-11e7-85a2-d43d7eec442d,false,false
Номенклатура — current,raw.r1c_nomenclature_current,73d9d214-2857-11ed-9c43-cb6d75bb653b,00-00007119,Ключ трубный рычажный КТР-1,,f7164898-2ffe-11eb-af80-fa163e0d31f7,false,false
Номенклатура — current,raw.r1c_nomenclature_current,63f29c9f-a0d5-11ee-9c4c-005056893620,00-00009972,Ключ трубный рычажный КТР-2,,f7164898-2ffe-11eb-af80-fa163e0d31f7,false,false
Номенклатура — current,raw.r1c_nomenclature_current,6be7cbb6-68df-11ee-9c50-00505689ff45,00-00009673,Ключ трубный рычажный КТР-5/15795,,f7164898-2ffe-11eb-af80-fa163e0d31f7,false,false
Номенклатура — current,raw.r1c_nomenclature_current,e217a140-36f3-11f0-b80e-005056bde474,00-00012353,Ключ трубный рычажный №4,,007d76f1-0a39-11f0-b80e-005056bde474,false,false
Номенклатура — current,raw.r1c_nomenclature_current,68b35019-c5d9-11ee-9c4c-005056893620,00-00010129,Ключ трубный № 1 угол 90гр,,f7164898-2ffe-11eb-af80-fa163e0d31f7,false,false
Номенклатура — current,raw.r1c_nomenclature_current,cdbb52f4-251f-11ed-9c43-cb6d75bb653b,00-00007046,Ключ трубный №0,,f7164898-2ffe-11eb-af80-fa163e0d31f7,false,false
Номенклатура — current,raw.r1c_nomenclature_current,843c9fa2-a062-11f0-b81d-005056bde474,00-00012780,Ключ универсальный для электрошкафов КУЭ-02,,d84f3ef6-735f-11f0-b814-005056bde474,false,false
Номенклатура — current,raw.r1c_nomenclature_current,7624420e-0c31-11ec-9c3a-00505689ff45,АК-00004899,Ключ шестигранный Г-образный 12 мм ,,f7164898-2ffe-11eb-af80-fa163e0d31f7,false,false
Номенклатура — current,raw.r1c_nomenclature_current,4100cc7d-0c2d-11ec-9c3a-00505689ff45,АК-00004888,Ключи имбусовые,,f7164898-2ffe-11eb-af80-fa163e0d31f7,false,false
Номенклатура — current,raw.r1c_nomenclature_current,5edc198b-cc55-11e8-af53-30f7727a492e,00-00001307,Ключи комбинированные 8 предметов,,9b060c03-71d9-11e7-85a2-d43d7eec442d,false,false
Номенклатура — current,raw.r1c_nomenclature_current,8714a0d5-b380-11ee-9c4c-005056893620,00-00010075,"Ключи шестигранные 1,5-10 мм 9 предметов",,9b060c03-71d9-11e7-85a2-d43d7eec442d,false,false
Номенклатура — current,raw.r1c_nomenclature_current,291ebc34-7e76-11ee-9c4a-005056893620,00-00009756,Книга по учету бланков спец.воинского учета,,9088ee8b-75dc-11e7-af18-30f7727a492e,false,false
Номенклатура — current,raw.r1c_nomenclature_current,a1fdb1e6-6687-11ee-9c50-00505689ff45,00-00009636,Книга учета 96л в клетку,,9088ee8b-75dc-11e7-af18-30f7727a492e,false,false
Номенклатура — current,raw.r1c_nomenclature_current,a3550fbc-2a9c-11ec-b9a9-00505689914b,АК-00005426,Кнопка 3 полож. 6 контакт. без фикс,,20e031f3-0a37-11f0-b80e-005056bde474,false,false
Номенклатура — current,raw.r1c_nomenclature_current,7bab30a0-4886-11ec-9c45-00505689c17d,АК-00005626,Кнопка 3842.08.39,,9b060c03-71d9-11e7-85a2-d43d7eec442d,false,false
Номенклатура — current,raw.r1c_nomenclature_current,e3945b59-973f-11ed-9c4c-00505689ff45,00-00007576,Кнопка 581.3710,,20296b06-0a38-11f0-b80e-005056bde474,false,false
Номенклатура — current,raw.r1c_nomenclature_current,dd6a1e12-e5ac-11e9-af7c-30f7727a492e,00-00002052,Кнопка ABLFS-22 зелен 1з+1р ИЭК (33994),,20e031f3-0a37-11f0-b80e-005056bde474,false,false
Номенклатура — current,raw.r1c_nomenclature_current,fe713839-23c7-11ea-9522-30f7727a492e,00-00002305,Кнопка ABLFS-22 зелен 1з+1р ИЭК ВВТ30-ABLFS-K06,,20e031f3-0a37-11f0-b80e-005056bde474,false,false
Номенклатура — current,raw.r1c_nomenclature_current,fe71383a-23c7-11ea-9522-30f7727a492e,00-00002306,Кнопка ABLFS-22 кр 1з+1р ИЭК ВВТ30-ABLFS-K04,,20e031f3-0a37-11f0-b80e-005056bde474,false,false
Номенклатура — current,raw.r1c_nomenclature_current,dd6a1e13-e5ac-11e9-af7c-30f7727a492e,00-00002053,Кнопка ABLFS-22 кр. 1з+1р ИЭК (33995),,20e031f3-0a37-11f0-b80e-005056bde474,false,false
Номенклатура — current,raw.r1c_nomenclature_current,47e1f383-a07d-11f0-b81d-005056bde474,00-00012793,"Кнопка APBB-22N ""Пуск-Стоп"" овальная 220В NO+NC",,baf617a9-7290-11f0-b814-005056bde474,false,false
Номенклатура — current,raw.r1c_nomenclature_current,a27beb30-2d00-11f1-b81f-005056bde474,00-00013925,"Кнопка APBB-22N ""Пуск-Стоп"" овальная EKF 220В NO+NC PROxima pbn-apbb-o",,baf617a9-7290-11f0-b814-005056bde474,false,false
Номенклатура — current,raw.r1c_nomenclature_current,e72041b6-d599-11f0-b81e-005056bde474,00-00013071,Кнопка BN22QP1-P/R NC+LED с подсветкой 24В,,baf617a9-7290-11f0-b814-005056bde474,false,false
Номенклатура — current,raw.r1c_nomenclature_current,f0d0406c-2cff-11f1-b81f-005056bde474,00-00013924,"Кнопка BS542 Грибок аварийная с фиксацией поворотная красный, duwi ",,193544c0-7290-11f0-b814-005056bde474,false,false
Номенклатура — current,raw.r1c_nomenclature_current,7c70b2fa-a07e-11f0-b81d-005056bde474,00-00012805,"Кнопка SB7 моноблочная 22мм красная с возвратом, металл, 1НО+1НЗ, IP65",,baf617a9-7290-11f0-b814-005056bde474,false,false
Номенклатура — current,raw.r1c_nomenclature_current,ebf48f1f-03be-11ee-9c4e-00505689ff45,00-00008106,Кнопка d22мм грибок красный неон 240В 1з+1р ИЭК ,,20e031f3-0a37-11f0-b80e-005056bde474,false,false
Номенклатура — current,raw.r1c_nomenclature_current,e00c779d-46f5-11ec-9c45-00505689c17d,АК-00005598,Кнопка d22мм зеленый неон 240В 1з+1р ИЭК ABLFS-22,,20e031f3-0a37-11f0-b80e-005056bde474,false,false
Номенклатура — current,raw.r1c_nomenclature_current,257612f3-46f6-11ec-9c45-00505689c17d,АК-00005599,Кнопка d22мм красный неон 240В 1з+1р ИЭ ABLFS-22красный,,20e031f3-0a37-11f0-b80e-005056bde474,false,false
Номенклатура — current,raw.r1c_nomenclature_current,0dc942c6-5a04-11ef-9c59-00505689ff45,00-00010790,"Кнопка АPBB-22N ""I-O"" d22мм неон/240В 1з+1р ИЭК",,20e031f3-0a37-11f0-b80e-005056bde474,false,false
Номенклатура — current,raw.r1c_nomenclature_current,cf98bf0f-bcf0-11ed-9c4d-00505689ff45,00-00007669,Кнопка АPBB-22N Пуск-Стоп,,20e031f3-0a37-11f0-b80e-005056bde474,false,false
Номенклатура — current,raw.r1c_nomenclature_current,87fda7e5-46fc-11ec-9c45-00505689c17d,АК-00005613,"Кнопка АЕ-22 ""Грибок"" красный ИЭК BBG10-АЕ-К04",,20e031f3-0a37-11f0-b80e-005056bde474,false,false
Номенклатура — current,raw.r1c_nomenclature_current,7b336c26-5a04-11ef-9c59-00505689ff45,00-00010791,"Кнопка АЕ-22 ""Грибок"" с фиксацией красный d22мм240В 1з+1р ИЭК",,20e031f3-0a37-11f0-b80e-005056bde474,false,false
Номенклатура — current,raw.r1c_nomenclature_current,4b9fdb2d-ef1f-11f0-b81e-005056bde474,00-00013335,Кнопка аварийная Грибок B202E,,baf617a9-7290-11f0-b814-005056bde474,false,false
Номенклатура — current,raw.r1c_nomenclature_current,ab7c3e83-a07d-11f0-b81d-005056bde474,00-00012797,"Кнопка аварийная Грибок, возврат поворотом, 1НО+1НЗ, серия B, 250 В",,baf617a9-7290-11f0-b814-005056bde474,false,false
Номенклатура — current,raw.r1c_nomenclature_current,370309d6-d59a-11f0-b81e-005056bde474,00-00013072,Кнопка без фиксации зеленая подсветка ON (OFF) NP2-BW3361 230V LED,,baf617a9-7290-11f0-b814-005056bde474,false,false
Номенклатура — current,raw.r1c_nomenclature_current,d668465b-1a1a-11ec-9c3a-00505689ff45,АК-00005074,Кнопка включения выключения транспортера в сборе,,9b060c03-71d9-11e7-85a2-d43d7eec442d,false,false
Номенклатура — current,raw.r1c_nomenclature_current,ca167034-a07d-11f0-b81d-005056bde474,00-00012798,Кнопка водозащитная зеленая 1НЗ+1НО,,baf617a9-7290-11f0-b814-005056bde474,false,false
Номенклатура — current,raw.r1c_nomenclature_current,555d8bcd-66f7-11f0-b811-005056bde474,00-00012582,Кнопка выхода,,9b060c02-71d9-11e7-85a2-d43d7eec442d,false,false
Номенклатура — current,raw.r1c_nomenclature_current,712fbfef-1164-11f1-b81f-005056bde474,00-00013807,Кнопка звонка 1-клавишная 10А IP54 серая EFZ10-026-30-54,,20e031f3-0a37-11f0-b80e-005056bde474,false,false
Номенклатура — current,raw.r1c_nomenclature_current,4da18523-84f9-11f1-b824-005056bde474,00-00014620,Кнопка звонка круглая,,9adc9f2a-3d8a-11f1-b821-005056bde474,false,false
Номенклатура — current,raw.r1c_nomenclature_current,60b295a7-cc8f-11ec-9c42-00505689c8d9,00-00006488,Кнопка металлическая с подсветкой НР,,9088eead-75dc-11e7-af18-30f7727a492e,false,false
Номенклатура — current,raw.r1c_nomenclature_current,5852a29c-33eb-11eb-0e8a-fa163e0d31f7,БП-00003300,Кнопка переключения хода в сборе с рукояткой,,9b060c03-71d9-11e7-85a2-d43d7eec442d,false,false
Номенклатура — current,raw.r1c_nomenclature_current,7db9abe2-b0dd-11f0-b81e-005056bde474,00-00012886,Кнопки гвоздики 100шт,,9088ee8b-75dc-11e7-af18-30f7727a492e,false,false
Номенклатура — current,raw.r1c_nomenclature_current,9088ee91-75dc-11e7-af18-30f7727a492e,00-00000043,Кнопки для пробковых досок,,9088ee8b-75dc-11e7-af18-30f7727a492e,false,false
Номенклатура — current,raw.r1c_nomenclature_current,abf7cc15-39bf-11ea-9523-30f7727a492e,00-00002417,Кнопки металлические 10мм,,9088ee8b-75dc-11e7-af18-30f7727a492e,false,false
Номенклатура — current,raw.r1c_nomenclature_current,1dafef2c-e7b1-11ea-3497-fa163ee5d2f9,БП-00002993,Кнопки пластиковые цветные 50шт,,9088ee8b-75dc-11e7-af18-30f7727a492e,false,false
Номенклатура — current,raw.r1c_nomenclature_current,5ee997e0-84a4-11ef-9c5d-00505689ff45,00-00011242,Кнопки силовые для пробковых досок 50шт/уп.,,9088ee8b-75dc-11e7-af18-30f7727a492e,false,false
Номенклатура — current,raw.r1c_nomenclature_current,0790ecd0-bfb2-11eb-c69d-fa163e0d31f7,БП-00004056,"Коврик вспененный  0,8 м цветной",,f0e4c260-a130-11e8-af4c-30f7727a492e,false,false
Номенклатура — current,raw.r1c_nomenclature_current,5af47926-056e-11ec-9c3a-00505689ff45,АК-00004695,Коврик для мыши компьютерной 220*180*3мм,,9088ee8b-75dc-11e7-af18-30f7727a492e,false,false
Номенклатура — current,raw.r1c_nomenclature_current,1d598b54-f344-11ef-b80e-005056bde474,00-00011655,Коврик придверный,,f0e4c260-a130-11e8-af4c-30f7727a492e,false,false
Номенклатура — current,raw.r1c_nomenclature_current,798017fb-6d45-11ec-9c40-00505689c8d9,АК-00005867,Коврик резиновый SZP-05-090-001-00 plandeka 760х930,,9b060c03-71d9-11e7-85a2-d43d7eec442d,false,false
Номенклатура — current,raw.r1c_nomenclature_current,0d1efb88-6d46-11ec-9c40-00505689c8d9,АК-00005868,Коврик ударопоглащающий+планка CAREFALL NIEBIESKA 1540*8,,9b060c03-71d9-11e7-85a2-d43d7eec442d,false,false
Номенклатура — current,raw.r1c_nomenclature_current,48dc08fc-16f5-11f1-b81f-005056bde474,00-00013836,"Коврик ячеистый, грязесборный 50х100х1,6см VORTEX ",,9b060c02-71d9-11e7-85a2-d43d7eec442d,false,false
Номенклатура — current,raw.r1c_nomenclature_current,ba916b7d-31b6-11e8-af34-30f7727a492e,00-00000748,Коврики в салон,,9b060c03-71d9-11e7-85a2-d43d7eec442d,false,false
Номенклатура — current,raw.r1c_nomenclature_current,a4c825c8-bf34-11ed-9c4d-00505689ff45,00-00007676,Коврики влаговпитывающие,,9b060c03-71d9-11e7-85a2-d43d7eec442d,false,false
Номенклатура — current,raw.r1c_nomenclature_current,2b4f4ff7-e996-11e9-af7d-30f7727a492e,00-00002095,Ковролин,,9088eead-75dc-11e7-af18-30f7727a492e,false,false
Номенклатура — current,raw.r1c_nomenclature_current,f016eafc-152e-11ec-9c3a-00505689ff45,АК-00004979,Ковш  КПК 0114740,,9b060c03-71d9-11e7-85a2-d43d7eec442d,false,false
Номенклатура — current,raw.r1c_nomenclature_current,8ad8bc9c-a5b6-11ea-7691-fa163ee5d2f9,БП-00002728,Ковш ЖРВИ 735 224 040 (Ложечка),,9b060c03-71d9-11e7-85a2-d43d7eec442d,false,false
Номенклатура — current,raw.r1c_nomenclature_current,64743528-4205-11ec-9c41-00505689db63,АК-00005558,Кожух А150342997,,9b060c03-71d9-11e7-85a2-d43d7eec442d,false,false
Номенклатура — current,raw.r1c_nomenclature_current,3d70a510-5686-11eb-1f84-fa163e0d31f7,БП-00003643,Колба биг блю 20 с картриджем,,9be0daf4-2e34-11eb-288c-fa163e0d31f7,false,false
Номенклатура — current,raw.r1c_nomenclature_current,5a95549b-6d60-11ec-9c40-00505689c8d9,АК-00005914,Колер 100мл,,9088eead-75dc-11e7-af18-30f7727a492e,false,false
Номенклатура — current,raw.r1c_nomenclature_current,99128b50-3754-11ee-9c4e-00505689ff45,00-00008414,Колер 100мл №1 Лимонный,,9088eead-75dc-11e7-af18-30f7727a492e,false,false
Номенклатура — current,raw.r1c_nomenclature_current,bafa8462-3754-11ee-9c4e-00505689ff45,00-00008415,Колер 100мл №12 Салатный,,9088eead-75dc-11e7-af18-30f7727a492e,false,false
Номенклатура — current,raw.r1c_nomenclature_current,55ff8a78-a61e-11ec-9c42-00505689c8d9,00-00006356,Колер 400мл,,9088eead-75dc-11e7-af18-30f7727a492e,false,false
Номенклатура — current,raw.r1c_nomenclature_current,2dd392f5-8491-11ef-9c5d-00505689ff45,00-00011216,Колер 450мл,,9088eead-75dc-11e7-af18-30f7727a492e,false,false
Номенклатура — current,raw.r1c_nomenclature_current,a3f224de-b49d-11f0-b81e-005056bde474,00-00012924,Колесная опора левая,,45c9e202-0a37-11f0-b80e-005056bde474,false,false
Номенклатура — current,raw.r1c_nomenclature_current,315787b9-2b0d-11f0-b80e-005056bde474,00-00012144,Колесная опора левая без колеса,,45c9e202-0a37-11f0-b80e-005056bde474,false,false
Номенклатура — current,raw.r1c_nomenclature_current,9e42ee67-4f06-11f1-b821-005056bde474,00-00014352,Колесная опора левая без колеса (Иксион RSF),,45c9e202-0a37-11f0-b80e-005056bde474,false,false
Номенклатура — current,raw.r1c_nomenclature_current,45f0ec4f-2b0d-11f0-b80e-005056bde474,00-00012145,Колесная опора правая,,45c9e202-0a37-11f0-b80e-005056bde474,false,false
Номенклатура — current,raw.r1c_nomenclature_current,c85b85c6-4f06-11f1-b821-005056bde474,00-00014353,Колесная опора правая без колеса (Иксион RSF),,45c9e202-0a37-11f0-b80e-005056bde474,false,false
Номенклатура — current,raw.r1c_nomenclature_current,de88bd36-8fac-11e7-af23-30f7727a492e,00-00000315,Колесный трактор К-701Р,,ee7ddbef-8d5f-11e7-af20-30f7727a492e,false,false
Номенклатура — current,raw.r1c_nomenclature_current,7faa8dd8-c9ff-11e7-a3eb-94de80168a80,00-00000457,Колесный трактор марки БЕЛАРУС 1221.2,,ee7ddbef-8d5f-11e7-af20-30f7727a492e,false,false
Номенклатура — current,raw.r1c_nomenclature_current,bb4d8b34-e0eb-11ec-9c42-00505689c8d9,00-00006575,Колесо,,9b060c03-71d9-11e7-85a2-d43d7eec442d,false,false
Номенклатура — current,raw.r1c_nomenclature_current,cbf99101-72cd-11e8-af41-30f7727a492e,00-00000910,Колесо 11.2-24 универсал,,9b060c03-71d9-11e7-85a2-d43d7eec442d,false,false
Номенклатура — current,raw.r1c_nomenclature_current,c2be7a42-cf9b-11eb-bd90-fa163e0d31f7,БП-00004216,Колесо 18.4R38 (Стандарт),,9b060c03-71d9-11e7-85a2-d43d7eec442d,false,false
Номенклатура — current,raw.r1c_nomenclature_current,c99553e9-104b-11ee-9c4e-00505689ff45,00-00008219,Колесо 230/95R32 (9.5R32) МТЗ XYWStamaxx/Petlas,,9b060c03-71d9-11e7-85a2-d43d7eec442d,false,false
Номенклатура — current,raw.r1c_nomenclature_current,2f37523e-104b-11ee-9c4e-00505689ff45,00-00008218,Колесо 270/95R48 (11.2R48) МТЗ XYWStamaxx/Petlas,,9b060c03-71d9-11e7-85a2-d43d7eec442d,false,false
Номенклатура — current,raw.r1c_nomenclature_current,9b060c77-71d9-11e7-85a2-d43d7eec442d,00000010   ,"Колесо 9,5К42",,9b060c03-71d9-11e7-85a2-d43d7eec442d,false,false
Номенклатура — current,raw.r1c_nomenclature_current,5edc1987-cc55-11e8-af53-30f7727a492e,00-00001303,Колесо ПП/У бескамерное,,9b060c03-71d9-11e7-85a2-d43d7eec442d,false,false
Номенклатура — current,raw.r1c_nomenclature_current,d6104454-465c-11ee-9c4e-00505689ff45,00-00009406,"Колесо в сборе 16,5/70-18.14PR 153A6 Voltyre Agro КФ-97 TTF Диск13х18 разборный с кольцом",,9b060c03-71d9-11e7-85a2-d43d7eec442d,false,false
Номенклатура — current,raw.r1c_nomenclature_current,931d83d8-b565-11ea-a083-fa163ee5d2f9,БП-00002841,Колесо для садовой тачки  4х8,,f0e4c260-a130-11e8-af4c-30f7727a492e,false,false
Номенклатура — current,raw.r1c_nomenclature_current,140d2665-2b0e-11f0-b80e-005056bde474,00-00012149,Колесо металлическое в сб. с осью без стойки,,45c9e202-0a37-11f0-b80e-005056bde474,false,false
Номенклатура — current,raw.r1c_nomenclature_current,a98eda1f-b33a-11e7-a3e1-94de80168a80,00-00000385,Колесо направляющее ДТ-75 в сборке,,9b060c03-71d9-11e7-85a2-d43d7eec442d,false,false
Номенклатура — current,raw.r1c_nomenclature_current,af4748d0-b241-11eb-6d90-fa163e0d31f7,БП-00003968,"Колесо опорное бороны Aktyvator 18,5*8.50-8",,9b060c03-71d9-11e7-85a2-d43d7eec442d,false,false
Номенклатура — current,raw.r1c_nomenclature_current,ccbb6914-340e-11f1-b81f-005056bde474,00-00014025,Колесо приводное DM 194,,45c9e202-0a37-11f0-b80e-005056bde474,false,false
Номенклатура — current,raw.r1c_nomenclature_current,4e68914a-b491-11f0-b81e-005056bde474,00-00012914,"Коллектор выпускной МТЗ-1221, Д-260",,45c9e202-0a37-11f0-b80e-005056bde474,false,false
Номенклатура — current,raw.r1c_nomenclature_current,5c7378b7-8333-11ec-9c41-00505689c8d9,00-00006071,Коллектор пл 3 выхода 28*20,,9be0daf4-2e34-11eb-288c-fa163e0d31f7,false,false
Номенклатура — current,raw.r1c_nomenclature_current,8955eaae-7403-11ef-9c5d-00505689ff45,00-00011050,Коллектор пл 3 выхода 32*20,,9be0daf4-2e34-11eb-288c-fa163e0d31f7,false,false
Номенклатура — current,raw.r1c_nomenclature_current,c6b46d6a-33f0-11eb-0e8a-fa163e0d31f7,БП-00003324,Коллектор с кранами 2 выхода,,9be0daf4-2e34-11eb-288c-fa163e0d31f7,false,false
Номенклатура — current,raw.r1c_nomenclature_current,9088eea4-75dc-11e7-af18-30f7727a492e,00-00000059,Коллекторное кольцо,,9b060c03-71d9-11e7-85a2-d43d7eec442d,false,false
Номенклатура — current,raw.r1c_nomenclature_current,2fdf6fca-d1d4-11eb-5d99-fa163e0d31f7,БП-00004270,Коллер 100мл,,9088eead-75dc-11e7-af18-30f7727a492e,false,false
Номенклатура — current,raw.r1c_nomenclature_current,d0479592-09a3-11e9-af60-30f7727a492e,00-00001395,Колодка каучук двухместная,,20e031f3-0a37-11f0-b80e-005056bde474,false,false
Номенклатура — current,raw.r1c_nomenclature_current,1f57f577-8503-11f1-b824-005056bde474,00-00014639,Колодка каучук одноместная,,5221e7b6-0a39-11f0-b80e-005056bde474,false,false
Номенклатура — current,raw.r1c_nomenclature_current,db0aa7e5-0177-11ea-951c-30f7727a492e,00-00002146,Колодка каучук трехместная,,20e031f3-0a37-11f0-b80e-005056bde474,false,false
Номенклатура — current,raw.r1c_nomenclature_current,6851d861-b28d-11e9-af76-30f7727a492e,00-00001791,Колодка тормозная 700.17.01.417,,9b060c03-71d9-11e7-85a2-d43d7eec442d,false,false
Номенклатура — current,raw.r1c_nomenclature_current,884f5fb2-876c-11ee-9c4a-005056893620,00-00009813,Колодка тормозная ПАЗ-32053 с АБС 16.3501090,,9b060c03-71d9-11e7-85a2-d43d7eec442d,false,false
Номенклатура — current,raw.r1c_nomenclature_current,b53fdc33-43ff-11ea-9524-30f7727a492e,00-00002467,Колодка тормозная задняя ,,9b060c03-71d9-11e7-85a2-d43d7eec442d,false,false
Номенклатура — current,raw.r1c_nomenclature_current,e19007ca-51ab-11e8-af3a-30f7727a492e,00-00000842,Колодка тормозная задняя ГАЗЕЛЬ,,9b060c03-71d9-11e7-85a2-d43d7eec442d,false,false
Номенклатура — current,raw.r1c_nomenclature_current,5be93e3d-a491-11ee-9c4c-005056893620,00-00010017,Колодка тормозная задняя УАЗ 24-3501090 н,,9b060c03-71d9-11e7-85a2-d43d7eec442d,false,false
Номенклатура — current,raw.r1c_nomenclature_current,dc0e7e9d-a494-11ee-9c4c-005056893620,00-00010024,Колодка тормозная задняя УАЗ 3160-3501090,,9b060c03-71d9-11e7-85a2-d43d7eec442d,false,false
Номенклатура — current,raw.r1c_nomenclature_current,5edc1976-cc55-11e8-af53-30f7727a492e,00-00001290,Колодка тормозная передняя BOXER,,9b060c03-71d9-11e7-85a2-d43d7eec442d,false,false
Номенклатура — current,raw.r1c_nomenclature_current,ba8f2ad7-a49d-11ee-9c4c-005056893620,00-00010045,Колодка тормозная передняя SP1390 SANCSIN BRAKE,,9b060c03-71d9-11e7-85a2-d43d7eec442d,false,false
Номенклатура — current,raw.r1c_nomenclature_current,61bb8210-f064-11e7-a3ff-94de80168a80,00-00000625,Колодка удлинителя,,9088eead-75dc-11e7-af18-30f7727a492e,false,false
Номенклатура — current,raw.r1c_nomenclature_current,a53ce7e8-e14d-11ea-8696-fa163ee5d2f9,БП-00002924,Колодка удлинителя 2гн с/з,,9088eead-75dc-11e7-af18-30f7727a492e,false,false
Номенклатура — current,raw.r1c_nomenclature_current,19025982-d03c-11eb-5d99-fa163e0d31f7,БП-00004241,Колодка удлинителя 3гн с/з,,9088eead-75dc-11e7-af18-30f7727a492e,false,false
Номенклатура — current,raw.r1c_nomenclature_current,95bd88b8-e14d-11ea-8696-fa163ee5d2f9,БП-00002923,Колодка удлинителя 4гн с/з,,9088eead-75dc-11e7-af18-30f7727a492e,false,false
Номенклатура — current,raw.r1c_nomenclature_current,5ac2dc54-e14d-11ea-8696-fa163ee5d2f9,БП-00002922,Колодка удлинителя 6гн с/з,,9088eead-75dc-11e7-af18-30f7727a492e,false,false
Номенклатура — current,raw.r1c_nomenclature_current,9597b5b4-c25a-11e9-af79-30f7727a492e,00-00001899,Колодки,,9b060c03-71d9-11e7-85a2-d43d7eec442d,false,false
Номенклатура — current,raw.r1c_nomenclature_current,ae5c7ac9-2848-11ed-9c43-cb6d75bb653b,00-00007097,Колодки 3302,,9b060c03-71d9-11e7-85a2-d43d7eec442d,false,false
Номенклатура — current,raw.r1c_nomenclature_current,b53fdc32-43ff-11ea-9524-30f7727a492e,00-00002466,Колодки дисковые Hyundai Sarta Fe2.4-2.0,,9b060c03-71d9-11e7-85a2-d43d7eec442d,false,false
Номенклатура — current,raw.r1c_nomenclature_current,93b02b56-9887-11eb-9b81-fa163e0d31f7,БП-00003837,Колодки задние,,9b060c03-71d9-11e7-85a2-d43d7eec442d,false,false
Номенклатура — current,raw.r1c_nomenclature_current,e735c597-80aa-11ec-9c41-00505689c8d9,00-00006055,Колодки передние оригинал,,20296b06-0a38-11f0-b80e-005056bde474,false,false
Номенклатура — current,raw.r1c_nomenclature_current,9597b5b8-c25a-11e9-af79-30f7727a492e,00-00001903,Колодки руч. тормозные BOX3,,9b060c03-71d9-11e7-85a2-d43d7eec442d,false,false
Номенклатура — current,raw.r1c_nomenclature_current,24f9a969-a805-11ef-9c5e-00505689ff45,00-00011384,Колодки тормозные ,,9b060c03-71d9-11e7-85a2-d43d7eec442d,false,false
Номенклатура — current,raw.r1c_nomenclature_current,8a478ee6-33e3-11eb-0e8a-fa163e0d31f7,БП-00003290,"Колодки тормозные ЗИЛ-130,133,433360 задние металлические без ролика 140мм",,9b060c03-71d9-11e7-85a2-d43d7eec442d,false,false
Номенклатура — current,raw.r1c_nomenclature_current,5016da60-33e3-11eb-0e8a-fa163e0d31f7,БП-00003289,"Колодки тормозные ЗИЛ-130,133,433360 передние сварные с роликом 70мм",,9b060c03-71d9-11e7-85a2-d43d7eec442d,false,false
Номенклатура — current,raw.r1c_nomenclature_current,b2323068-edcb-11ea-ac8d-fa163ee5d2f9,БП-00003018,Колодки тормозные Соболь ,,9b060c03-71d9-11e7-85a2-d43d7eec442d,false,false
Номенклатура — current,raw.r1c_nomenclature_current,5f5457f0-13cf-11f0-b80e-005056bde474,00-00011905,Колодки тормозные бараб.задние ,,20296b06-0a38-11f0-b80e-005056bde474,false,false
Номенклатура — current,raw.r1c_nomenclature_current,7a8e764c-4a43-11f1-b821-005056bde474,00-00014204,"Колодки тормозные перед. ВАЗ-2121,2123, 4шт",,20296b06-0a38-11f0-b80e-005056bde474,false,false
Номенклатура — current,raw.r1c_nomenclature_current,66e847c2-2c14-11f1-b81f-005056bde474,00-00013889,Колодки тормозные передняя Газель (к-т) FINWHALE,,20296b06-0a38-11f0-b80e-005056bde474,false,false
Номенклатура — current,raw.r1c_nomenclature_current,4360992a-40bb-11ee-9c4e-00505689ff45,00-00009171,"Коломба РС1 Сетка-домик 1,5кг. Без полива",,b60b8b28-6156-11eb-9c2d-0050560417d5,false,false
Номенклатура — current,raw.r1c_nomenclature_current,432ab43f-40bb-11ee-9c4e-00505689ff45,00-00009170,"Коломба РС1 Сетка-домик 1,5кг. Полив",,b60b8b28-6156-11eb-9c2d-0050560417d5,false,false
Номенклатура — current,raw.r1c_nomenclature_current,499ba638-40bb-11ee-9c4e-00505689ff45,00-00009199,Коломба РС1 Сетка-домик 2кг. Без полива,,b60b8b28-6156-11eb-9c2d-0050560417d5,false,false
Номенклатура — current,raw.r1c_nomenclature_current,4960ce83-40bb-11ee-9c4e-00505689ff45,00-00009198,Коломба РС1 Сетка-домик 2кг. Полив,,b60b8b28-6156-11eb-9c2d-0050560417d5,false,false
Номенклатура — current,raw.r1c_nomenclature_current,b44b3e22-40ba-11ee-9c4e-00505689ff45,00-00008975,Коломба РС1 грязный Сетка на завязке 25кг. Без полива,,731f2b5d-6157-11eb-9c2d-0050560417d5,false,false
Номенклатура — current,raw.r1c_nomenclature_current,b44b3e21-40ba-11ee-9c4e-00505689ff45,00-00008974,Коломба РС1 грязный Сетка на завязке 25кг. Полив,,731f2b5d-6157-11eb-9c2d-0050560417d5,false,false
Номенклатура — current,raw.r1c_nomenclature_current,a84665d0-40ba-11ee-9c4e-00505689ff45,00-00008919,Коломба РС1 грязный Сетка на рулоне 10кг. Без полива,,731f2b5d-6157-11eb-9c2d-0050560417d5,false,false
Номенклатура — current,raw.r1c_nomenclature_current,a84665cf-40ba-11ee-9c4e-00505689ff45,00-00008918,Коломба РС1 грязный Сетка на рулоне 10кг. Полив,,731f2b5d-6157-11eb-9c2d-0050560417d5,false,false
Номенклатура — current,raw.r1c_nomenclature_current,9805831d-40ba-11ee-9c4e-00505689ff45,00-00008835,Коломба РС1 грязный Сетка на рулоне 2.5кг Без полива,,731f2b5d-6157-11eb-9c2d-0050560417d5,false,false
Номенклатура — current,raw.r1c_nomenclature_current,97b4788a-40ba-11ee-9c4e-00505689ff45,00-00008834,Коломба РС1 грязный Сетка на рулоне 2.5кг Полив,,731f2b5d-6157-11eb-9c2d-0050560417d5,false,false
Номенклатура — current,raw.r1c_nomenclature_current,af700a7d-40ba-11ee-9c4e-00505689ff45,00-00008947,Коломба РС1 грязный Сетка на рулоне 25кг. Без полива,,731f2b5d-6157-11eb-9c2d-0050560417d5,false,false
Номенклатура — current,raw.r1c_nomenclature_current,af40f5fc-40ba-11ee-9c4e-00505689ff45,00-00008946,Коломба РС1 грязный Сетка на рулоне 25кг. Полив,,731f2b5d-6157-11eb-9c2d-0050560417d5,false,false
Номенклатура — current,raw.r1c_nomenclature_current,9df1a30e-40ba-11ee-9c4e-00505689ff45,00-00008863,Коломба РС1 грязный Сетка на рулоне 3кг. Без полива,,731f2b5d-6157-11eb-9c2d-0050560417d5,false,false
Номенклатура — current,raw.r1c_nomenclature_current,9db771df-40ba-11ee-9c4e-00505689ff45,00-00008862,Коломба РС1 грязный Сетка на рулоне 3кг. Полив,,731f2b5d-6157-11eb-9c2d-0050560417d5,false,false
Номенклатура — current,raw.r1c_nomenclature_current,a23075a7-40ba-11ee-9c4e-00505689ff45,00-00008891,Коломба РС1 грязный Сетка на рулоне 5кг. Без полива,,731f2b5d-6157-11eb-9c2d-0050560417d5,false,false
Номенклатура — current,raw.r1c_nomenclature_current,a230531f-40ba-11ee-9c4e-00505689ff45,00-00008890,Коломба РС1 грязный Сетка на рулоне 5кг. Полив,,731f2b5d-6157-11eb-9c2d-0050560417d5,false,false
Номенклатура — current,raw.r1c_nomenclature_current,bbca16d0-40ba-11ee-9c4e-00505689ff45,00-00009003,Коломба РС1 грязный биг-бег 1000кг. Без полива,,731f2b5d-6157-11eb-9c2d-0050560417d5,false,false
Номенклатура — current,raw.r1c_nomenclature_current,bb82cf01-40ba-11ee-9c4e-00505689ff45,00-00009002,Коломба РС1 грязный биг-бег 1000кг. Полив,,731f2b5d-6157-11eb-9c2d-0050560417d5,false,false
Номенклатура — current,raw.r1c_nomenclature_current,ed7b54dc-40ba-11ee-9c4e-00505689ff45,00-00009115,Коломба РС1 мытый Биг-бег 1000кг. Без полива,,44afa757-6157-11eb-9c2d-0050560417d5,false,false
Номенклатура — current,raw.r1c_nomenclature_current,ed466288-40ba-11ee-9c4e-00505689ff45,00-00009114,Коломба РС1 мытый Биг-бег 1000кг. Полив,,44afa757-6157-11eb-9c2d-0050560417d5,false,false
Номенклатура — current,raw.r1c_nomenclature_current,e4758900-40ba-11ee-9c4e-00505689ff45,00-00009087,Коломба РС1 мытый Сетка 25кг. Без полива,,44afa757-6157-11eb-9c2d-0050560417d5,false,false
Номенклатура — current,raw.r1c_nomenclature_current,e47588ff-40ba-11ee-9c4e-00505689ff45,00-00009086,Коломба РС1 мытый Сетка 25кг. Полив,,44afa757-6157-11eb-9c2d-0050560417d5,false,false
Номенклатура — current,raw.r1c_nomenclature_current,f0c370f5-40ba-11ee-9c4e-00505689ff45,00-00009143,Коломба РС1 мытый Сетка на рулоне 2.5кг Без полива,,44afa757-6157-11eb-9c2d-0050560417d5,false,false
Номенклатура — current,raw.r1c_nomenclature_current,f0c37052-40ba-11ee-9c4e-00505689ff45,00-00009142,Коломба РС1 мытый Сетка на рулоне 2.5кг Полив,,44afa757-6157-11eb-9c2d-0050560417d5,false,false
Номенклатура — current,raw.r1c_nomenclature_current,dd01b328-40ba-11ee-9c4e-00505689ff45,00-00009031,"Коломба РС1 мытый Сетка-домик 2,5кг. Без полива",,44afa757-6157-11eb-9c2d-0050560417d5,false,false
Номенклатура — current,raw.r1c_nomenclature_current,dccf808a-40ba-11ee-9c4e-00505689ff45,00-00009030,"Коломба РС1 мытый Сетка-домик 2,5кг. Полив",,44afa757-6157-11eb-9c2d-0050560417d5,false,false
Номенклатура — current,raw.r1c_nomenclature_current,e202e7fa-40ba-11ee-9c4e-00505689ff45,00-00009059,Коломба РС1 мытый Сетка-домик 3кг Без полива,,44afa757-6157-11eb-9c2d-0050560417d5,false,false
Номенклатура — current,raw.r1c_nomenclature_current,e1da7537-40ba-11ee-9c4e-00505689ff45,00-00009058,Коломба РС1 мытый Сетка-домик 3кг Полив,,44afa757-6157-11eb-9c2d-0050560417d5,false,false
Номенклатура — current,raw.r1c_nomenclature_current,83a75934-40ba-11ee-9c4e-00505689ff45,00-00008779,Коломба РС1 очищенный в ву 1кг. Без полива,,b60b8b28-6156-11eb-9c2d-0050560417d5,false,false
Номенклатура — current,raw.r1c_nomenclature_current,835d85f6-40ba-11ee-9c4e-00505689ff45,00-00008778,Коломба РС1 очищенный в ву 1кг. Полив,,b60b8b28-6156-11eb-9c2d-0050560417d5,false,false
Номенклатура — current,raw.r1c_nomenclature_current,892b3ad3-40ba-11ee-9c4e-00505689ff45,00-00008807,Коломба РС1 очищенный в ву 5кг. Без полива,,b60b8b28-6156-11eb-9c2d-0050560417d5,false,false
Номенклатура — current,raw.r1c_nomenclature_current,892b2ec9-40ba-11ee-9c4e-00505689ff45,00-00008806,Коломба РС1 очищенный в ву 5кг. Полив,,b60b8b28-6156-11eb-9c2d-0050560417d5,false,false
Номенклатура — current,raw.r1c_nomenclature_current,61207191-40ba-11ee-9c4e-00505689ff45,00-00008723,"Коломба РС1 пастеризованный 0,5кг. Без полива",,b60b8b28-6156-11eb-9c2d-0050560417d5,false,false
Номенклатура — current,raw.r1c_nomenclature_current,61207190-40ba-11ee-9c4e-00505689ff45,00-00008722,"Коломба РС1 пастеризованный 0,5кг. Полив",,b60b8b28-6156-11eb-9c2d-0050560417d5,false,false
Номенклатура — current,raw.r1c_nomenclature_current,d63b5941-40b9-11ee-9c4e-00505689ff45,00-00008667,Коломба РС1 семена Сетка на завязке 25кг. Без полива,,b60b8b28-6156-11eb-9c2d-0050560417d5,false,false
Номенклатура — current,raw.r1c_nomenclature_current,d63b5940-40b9-11ee-9c4e-00505689ff45,00-00008666,Коломба РС1 семена Сетка на завязке 25кг. Полив,,b60b8b28-6156-11eb-9c2d-0050560417d5,false,false
Номенклатура — current,raw.r1c_nomenclature_current,d4fc767a-40b9-11ee-9c4e-00505689ff45,00-00008639,Коломба РС1 семена Сетка на рулоне 25кг. Без полива,,b60b8b28-6156-11eb-9c2d-0050560417d5,false,false
Номенклатура — current,raw.r1c_nomenclature_current,d4fc7679-40b9-11ee-9c4e-00505689ff45,00-00008638,Коломба РС1 семена Сетка на рулоне 25кг. Полив,,b60b8b28-6156-11eb-9c2d-0050560417d5,false,false
Номенклатура — current,raw.r1c_nomenclature_current,3e39bba2-40ba-11ee-9c4e-00505689ff45,00-00008695,Коломба РС1 семена биг-бег 1000кг. Без полива,,b60b8b28-6156-11eb-9c2d-0050560417d5,false,false
Номенклатура — current,raw.r1c_nomenclature_current,3e39b802-40ba-11ee-9c4e-00505689ff45,00-00008694,Коломба РС1 семена биг-бег 1000кг. Полив,,b60b8b28-6156-11eb-9c2d-0050560417d5,false,false
Номенклатура — current,raw.r1c_nomenclature_current,727ec290-40ba-11ee-9c4e-00505689ff45,00-00008751,"Коломба РС1 семена пастеризованный 0,5кг. Без полива",,b60b8b28-6156-11eb-9c2d-0050560417d5,false,false
Номенклатура — current,raw.r1c_nomenclature_current,72522b46-40ba-11ee-9c4e-00505689ff45,00-00008750,"Коломба РС1 семена пастеризованный 0,5кг. Полив",,b60b8b28-6156-11eb-9c2d-0050560417d5,false,false
Номенклатура — current,raw.r1c_nomenclature_current,ca47aa2f-40b9-11ee-9c4e-00505689ff45,00-00008583,Коломба РС1 эконом  Сетка на рулоне 2.5кг. Без полива,,44afa757-6157-11eb-9c2d-0050560417d5,false,false
Номенклатура — current,raw.r1c_nomenclature_current,ca47aa0a-40b9-11ee-9c4e-00505689ff45,00-00008582,Коломба РС1 эконом  Сетка на рулоне 2.5кг. Полив,,44afa757-6157-11eb-9c2d-0050560417d5,false,false
Номенклатура — current,raw.r1c_nomenclature_current,d16b993c-40b9-11ee-9c4e-00505689ff45,00-00008611,Коломба РС1 эконом  Сетка на рулоне 3кг. Без полива,,44afa757-6157-11eb-9c2d-0050560417d5,false,false
Номенклатура — current,raw.r1c_nomenclature_current,d145613a-40b9-11ee-9c4e-00505689ff45,00-00008610,Коломба РС1 эконом  Сетка на рулоне 3кг. Полив,,44afa757-6157-11eb-9c2d-0050560417d5,false,false
Номенклатура — current,raw.r1c_nomenclature_current,43d4e530-40bb-11ee-9c4e-00505689ff45,00-00009173,"Коломба РС2  Сетка-домик 1,5кг. Без полива",,b60b8b28-6156-11eb-9c2d-0050560417d5,false,false
Номенклатура — current,raw.r1c_nomenclature_current,43979023-40bb-11ee-9c4e-00505689ff45,00-00009172,"Коломба РС2  Сетка-домик 1,5кг. Полив",,b60b8b28-6156-11eb-9c2d-0050560417d5,false,false
Номенклатура — current,raw.r1c_nomenclature_current,4a007472-40bb-11ee-9c4e-00505689ff45,00-00009201,Коломба РС2  Сетка-домик 2кг. Без полива,,b60b8b28-6156-11eb-9c2d-0050560417d5,false,false
Номенклатура — current,raw.r1c_nomenclature_current,49cccbb8-40bb-11ee-9c4e-00505689ff45,00-00009200,Коломба РС2  Сетка-домик 2кг. Полив,,b60b8b28-6156-11eb-9c2d-0050560417d5,false,false
Номенклатура — current,raw.r1c_nomenclature_current,eddc0e31-40ba-11ee-9c4e-00505689ff45,00-00009117,Коломба РС2  мытый Биг-бег 1000кг. Без полива,,44afa757-6157-11eb-9c2d-0050560417d5,false,false
Номенклатура — current,raw.r1c_nomenclature_current,eda9341d-40ba-11ee-9c4e-00505689ff45,00-00009116,Коломба РС2  мытый Биг-бег 1000кг. Полив,,44afa757-6157-11eb-9c2d-0050560417d5,false,false
Номенклатура — current,raw.r1c_nomenclature_current,f0c370f7-40ba-11ee-9c4e-00505689ff45,00-00009145,Коломба РС2  мытый Сетка на рулоне 2.5кг. Без полива,,44afa757-6157-11eb-9c2d-0050560417d5,false,false
Номенклатура — current,raw.r1c_nomenclature_current,f0c370f6-40ba-11ee-9c4e-00505689ff45,00-00009144,Коломба РС2  мытый Сетка на рулоне 2.5кг. Полив,,44afa757-6157-11eb-9c2d-0050560417d5,false,false
Номенклатура — current,raw.r1c_nomenclature_current,8414d980-40ba-11ee-9c4e-00505689ff45,00-00008781,Коломба РС2  очищенный в ву 1кг. Без полива,,b60b8b28-6156-11eb-9c2d-0050560417d5,false,false
Номенклатура — current,raw.r1c_nomenclature_current,83ded62f-40ba-11ee-9c4e-00505689ff45,00-00008780,Коломба РС2  очищенный в ву 1кг. Полив,,b60b8b28-6156-11eb-9c2d-0050560417d5,false,false
Номенклатура — current,raw.r1c_nomenclature_current,892b4c90-40ba-11ee-9c4e-00505689ff45,00-00008809,Коломба РС2  очищенный в ву 5кг. Без полива,,b60b8b28-6156-11eb-9c2d-0050560417d5,false,false
Номенклатура — current,raw.r1c_nomenclature_current,892b4674-40ba-11ee-9c4e-00505689ff45,00-00008808,Коломба РС2  очищенный в ву 5кг. Полив,,b60b8b28-6156-11eb-9c2d-0050560417d5,false,false
Номенклатура — current,raw.r1c_nomenclature_current,612071a5-40ba-11ee-9c4e-00505689ff45,00-00008725,"Коломба РС2  пастеризованный 0,5кг. Без полива",,b60b8b28-6156-11eb-9c2d-0050560417d5,false,false
Номенклатура — current,raw.r1c_nomenclature_current,61207192-40ba-11ee-9c4e-00505689ff45,00-00008724,"Коломба РС2  пастеризованный 0,5кг. Полив",,b60b8b28-6156-11eb-9c2d-0050560417d5,false,false
Номенклатура — current,raw.r1c_nomenclature_current,cc9dacbe-40b9-11ee-9c4e-00505689ff45,00-00008585,Коломба РС2  эконом  Сетка на рулоне 2.5кг. Без полива,,44afa757-6157-11eb-9c2d-0050560417d5,false,false
Номенклатура — current,raw.r1c_nomenclature_current,ca47bc27-40b9-11ee-9c4e-00505689ff45,00-00008584,Коломба РС2  эконом  Сетка на рулоне 2.5кг. Полив,,44afa757-6157-11eb-9c2d-0050560417d5,false,false
Номенклатура — current,raw.r1c_nomenclature_current,d1c92f24-40b9-11ee-9c4e-00505689ff45,00-00008613,Коломба РС2  эконом  Сетка на рулоне 3кг. Без полива,,44afa757-6157-11eb-9c2d-0050560417d5,false,false
Номенклатура — current,raw.r1c_nomenclature_current,d19fe305-40b9-11ee-9c4e-00505689ff45,00-00008612,Коломба РС2  эконом  Сетка на рулоне 3кг. Полив,,44afa757-6157-11eb-9c2d-0050560417d5,false,false
Номенклатура — current,raw.r1c_nomenclature_current,b44b3e24-40ba-11ee-9c4e-00505689ff45,00-00008977,Коломба РС2 грязный  Сетка на завязке 25кг. Без полива,,731f2b5d-6157-11eb-9c2d-0050560417d5,false,false
Номенклатура — current,raw.r1c_nomenclature_current,b44b3e23-40ba-11ee-9c4e-00505689ff45,00-00008976,Коломба РС2 грязный  Сетка на завязке 25кг. Полив,,731f2b5d-6157-11eb-9c2d-0050560417d5,false,false
Номенклатура — current,raw.r1c_nomenclature_current,a84665d2-40ba-11ee-9c4e-00505689ff45,00-00008921,Коломба РС2 грязный  Сетка на рулоне 10кг. Без полива,,731f2b5d-6157-11eb-9c2d-0050560417d5,false,false
Номенклатура — current,raw.r1c_nomenclature_current,a84665d1-40ba-11ee-9c4e-00505689ff45,00-00008920,Коломба РС2 грязный  Сетка на рулоне 10кг. Полив,,731f2b5d-6157-11eb-9c2d-0050560417d5,false,false
Номенклатура — current,raw.r1c_nomenclature_current,afda24b0-40ba-11ee-9c4e-00505689ff45,00-00008949,Коломба РС2 грязный  Сетка на рулоне 25кг. Без полива,,731f2b5d-6157-11eb-9c2d-0050560417d5,false,false
Номенклатура — current,raw.r1c_nomenclature_current,afab6f85-40ba-11ee-9c4e-00505689ff45,00-00008948,Коломба РС2 грязный  Сетка на рулоне 25кг. Полив,,731f2b5d-6157-11eb-9c2d-0050560417d5,false,false
Номенклатура — current,raw.r1c_nomenclature_current,9e61e3e9-40ba-11ee-9c4e-00505689ff45,00-00008865,Коломба РС2 грязный  Сетка на рулоне 3кг. Без полива,,731f2b5d-6157-11eb-9c2d-0050560417d5,false,false
Номенклатура — current,raw.r1c_nomenclature_current,9e260ad4-40ba-11ee-9c4e-00505689ff45,00-00008864,Коломба РС2 грязный  Сетка на рулоне 3кг. Полив,,731f2b5d-6157-11eb-9c2d-0050560417d5,false,false
Номенклатура — current,raw.r1c_nomenclature_current,a41bddf9-40ba-11ee-9c4e-00505689ff45,00-00008893,Коломба РС2 грязный  Сетка на рулоне 5кг. Без полива,,731f2b5d-6157-11eb-9c2d-0050560417d5,false,false
Номенклатура — current,raw.r1c_nomenclature_current,a3c1c96b-40ba-11ee-9c4e-00505689ff45,00-00008892,Коломба РС2 грязный  Сетка на рулоне 5кг. Полив,,731f2b5d-6157-11eb-9c2d-0050560417d5,false,false
Номенклатура — current,raw.r1c_nomenclature_current,bc38d0a4-40ba-11ee-9c4e-00505689ff45,00-00009005,Коломба РС2 грязный  биг-бег 1000кг. Без полива,,731f2b5d-6157-11eb-9c2d-0050560417d5,false,false
Номенклатура — current,raw.r1c_nomenclature_current,bbebcb72-40ba-11ee-9c4e-00505689ff45,00-00009004,Коломба РС2 грязный  биг-бег 1000кг. Полив,,731f2b5d-6157-11eb-9c2d-0050560417d5,false,false
Номенклатура — current,raw.r1c_nomenclature_current,985092bd-40ba-11ee-9c4e-00505689ff45,00-00008837,Коломба РС2 грязный Сетка на рулоне 2.5кг. Без полива,,731f2b5d-6157-11eb-9c2d-0050560417d5,false,false
Номенклатура — current,raw.r1c_nomenclature_current,98508437-40ba-11ee-9c4e-00505689ff45,00-00008836,Коломба РС2 грязный Сетка на рулоне 2.5кг. Полив,,731f2b5d-6157-11eb-9c2d-0050560417d5,false,false
Номенклатура — current,raw.r1c_nomenclature_current,e4758902-40ba-11ee-9c4e-00505689ff45,00-00009089,Коломба РС2 мытый  Сетка 25кг. Без полива,,44afa757-6157-11eb-9c2d-0050560417d5,false,false
Номенклатура — current,raw.r1c_nomenclature_current,e4758901-40ba-11ee-9c4e-00505689ff45,00-00009088,Коломба РС2 мытый  Сетка 25кг. Полив,,44afa757-6157-11eb-9c2d-0050560417d5,false,false
Номенклатура — current,raw.r1c_nomenclature_current,dd5a7433-40ba-11ee-9c4e-00505689ff45,00-00009033,"Коломба РС2 мытый Сетка-домик 2,5кг. Без полива",,44afa757-6157-11eb-9c2d-0050560417d5,false,false
Номенклатура — current,raw.r1c_nomenclature_current,dd2f526f-40ba-11ee-9c4e-00505689ff45,00-00009032,"Коломба РС2 мытый Сетка-домик 2,5кг. Полив",,44afa757-6157-11eb-9c2d-0050560417d5,false,false
Номенклатура — current,raw.r1c_nomenclature_current,e242213f-40ba-11ee-9c4e-00505689ff45,00-00009061,Коломба РС2 мытый Сетка-домик 3кг Без полива,,44afa757-6157-11eb-9c2d-0050560417d5,false,false
Номенклатура — current,raw.r1c_nomenclature_current,e2420d31-40ba-11ee-9c4e-00505689ff45,00-00009060,Коломба РС2 мытый Сетка-домик 3кг Полив,,44afa757-6157-11eb-9c2d-0050560417d5,false,false
Номенклатура — current,raw.r1c_nomenclature_current,d63b50e1-40b9-11ee-9c4e-00505689ff45,00-00008641,Коломба РС2 семена  Сетка на рулоне 25кг. Без полива,,b60b8b28-6156-11eb-9c2d-0050560417d5,false,false
Номенклатура — current,raw.r1c_nomenclature_current,d63b50e0-40b9-11ee-9c4e-00505689ff45,00-00008640,Коломба РС2 семена  Сетка на рулоне 25кг. Полив,,b60b8b28-6156-11eb-9c2d-0050560417d5,false,false
Номенклатура — current,raw.r1c_nomenclature_current,72c63d20-40ba-11ee-9c4e-00505689ff45,00-00008753,"Коломба РС2 семена  пастеризованный 0,5кг. Без полива",,b60b8b28-6156-11eb-9c2d-0050560417d5,false,false
Номенклатура — current,raw.r1c_nomenclature_current,72abb059-40ba-11ee-9c4e-00505689ff45,00-00008752,"Коломба РС2 семена  пастеризованный 0,5кг. Полив",,b60b8b28-6156-11eb-9c2d-0050560417d5,false,false
Номенклатура — current,raw.r1c_nomenclature_current,d63b5943-40b9-11ee-9c4e-00505689ff45,00-00008669,Коломба РС2 семена Сетка на завязке 25кг. Без полива,,b60b8b28-6156-11eb-9c2d-0050560417d5,false,false
Номенклатура — current,raw.r1c_nomenclature_current,d63b5942-40b9-11ee-9c4e-00505689ff45,00-00008668,Коломба РС2 семена Сетка на завязке 25кг. Полив,,b60b8b28-6156-11eb-9c2d-0050560417d5,false,false
Номенклатура — current,raw.r1c_nomenclature_current,3e39bce8-40ba-11ee-9c4e-00505689ff45,00-00008697,Коломба РС2 семена биг-бег 1000кг. Без полива,,b60b8b28-6156-11eb-9c2d-0050560417d5,false,false
Номенклатура — current,raw.r1c_nomenclature_current,3e39bce7-40ba-11ee-9c4e-00505689ff45,00-00008696,Коломба РС2 семена биг-бег 1000кг. Полив,,b60b8b28-6156-11eb-9c2d-0050560417d5,false,false
Номенклатура — current,raw.r1c_nomenclature_current,285bacf1-8022-11f1-b823-005056bde474,00-00014602,Коломбо Белый  грязный Сетка на рулоне25 кг.,,77174b47-0a33-11f0-b80e-005056bde474,false,false
Номенклатура — current,raw.r1c_nomenclature_current,1b33121a-49c2-11eb-a99a-fa163e0d31f7,БП-00003547,"Колонки 2,2 SVEN 318 (2х2,5 Вт USB-питание",,ce412305-0a38-11f0-b80e-005056bde474,false,false
Номенклатура — current,raw.r1c_nomenclature_current,879afb3b-cd0b-11ec-9c42-00505689c8d9,00-00006493,"Колонки 2,2 SVEN 431  (2х3 Вт USB-питание",,ce412305-0a38-11f0-b80e-005056bde474,false,false
Номенклатура — current,raw.r1c_nomenclature_current,a81acbe4-70d5-11ec-9c40-00505689c8d9,АК-00005953,Колор,,9088eead-75dc-11e7-af18-30f7727a492e,false,false
Номенклатура — current,raw.r1c_nomenclature_current,d2bcb8ac-f524-11eb-9c3a-00505689ff45,АК-00003572,Колорадо Инсектицид,,f9d67774-531d-11f0-b811-005056bde474,false,false
Номенклатура — current,raw.r1c_nomenclature_current,d2bcb8ad-f524-11eb-9c3a-00505689ff45,АК-00003573,Колосаль Инсектицид,,2eaeac4d-5322-11f0-b811-005056bde474,false,false
Номенклатура — current,raw.r1c_nomenclature_current,d2bcb8ae-f524-11eb-9c3a-00505689ff45,АК-00003574,Колосаль Про Инсектицид,,2eaeac4d-5322-11f0-b811-005056bde474,false,false
Номенклатура — current,raw.r1c_nomenclature_current,4c79b4df-b36e-11f0-b81e-005056bde474,00-00012902,Колпак крышки КПП 53А,,20296b06-0a38-11f0-b80e-005056bde474,false,false
Номенклатура — current,raw.r1c_nomenclature_current,ea906a14-2b1c-11f0-b80e-005056bde474,00-00012170,Колпачек д.гидр. штекера кр.,,45c9e202-0a37-11f0-b80e-005056bde474,false,false
Номенклатура — current,raw.r1c_nomenclature_current,77938fe6-73f4-11ef-9c5d-00505689ff45,00-00011034,Колпачки маслосъемные Volga (комплект=8 шт) Reinz,,9b060c03-71d9-11e7-85a2-d43d7eec442d,false,false
Номенклатура — current,raw.r1c_nomenclature_current,5232e68b-fff8-11eb-9c3a-00505689ff45,АК-00003926,Колпачок WZ 1900733,,9b060c03-71d9-11e7-85a2-d43d7eec442d,false,false
Номенклатура — current,raw.r1c_nomenclature_current,6b9e737b-9191-11e9-af72-30f7727a492e,00-00001696,"Колпачок ЗИЛ-5301,Д-240,МТЗ-80А,82А,100,102 маслоотражательный комплект РК",,9b060c03-71d9-11e7-85a2-d43d7eec442d,false,false
Номенклатура — current,raw.r1c_nomenclature_current,8d5ea61a-5864-11ea-9525-30f7727a492e,00-00002497,Колпачок М12 (ключ19) Серый цвет,,9b060c03-71d9-11e7-85a2-d43d7eec442d,false,false
Номенклатура — current,raw.r1c_nomenclature_current,e5b3b518-5a0c-11ef-9c59-00505689ff45,00-00010819,Колпачок защитный IP65 AD22-D2 для овальной сдвоенной кнопки,,20e031f3-0a37-11f0-b80e-005056bde474,false,false
Номенклатура — current,raw.r1c_nomenclature_current,4b4c7f4a-6c95-11eb-b79a-fa163e0d31f7,БП-00003722,Колпачок маслосъемный 6*12*18.8 Ford Mondeo,,9b060c03-71d9-11e7-85a2-d43d7eec442d,false,false
Номенклатура — current,raw.r1c_nomenclature_current,c8d2e257-2f0a-11ef-9c59-00505689ff45,00-00010651,Колпачок с уплотнительным кольцом черный селкон 114441A-1-CELR,,9b060c03-71d9-11e7-85a2-d43d7eec442d,false,false
Номенклатура — current,raw.r1c_nomenclature_current,66c78c8d-2f0b-11ef-9c59-00505689ff45,00-00010652,Колпачок с уплотнительным кольцом черный селкон 114443A-1-CELR,,9b060c03-71d9-11e7-85a2-d43d7eec442d,false,false
Номенклатура — current,raw.r1c_nomenclature_current,d2bcb8af-f524-11eb-9c3a-00505689ff45,АК-00003575,Колфуго Дуплет Инсектицид,,2eaeac4d-5322-11f0-b811-005056bde474,false,false
Номенклатура — current,raw.r1c_nomenclature_current,d2bcb8b0-f524-11eb-9c3a-00505689ff45,АК-00003576,Колфуго Супер Инсектицид,,2eaeac4d-5322-11f0-b811-005056bde474,false,false
Номенклатура — current,raw.r1c_nomenclature_current,86a1b1c8-17dc-11ed-9c43-cb6d75bb653b,00-00006889,Колье 900мм РК-0204,,9b060c03-71d9-11e7-85a2-d43d7eec442d,false,false
Номенклатура — current,raw.r1c_nomenclature_current,e1675c44-33eb-11eb-0e8a-fa163e0d31f7,БП-00003302,Кольцевое  уплотнение,,9b060c03-71d9-11e7-85a2-d43d7eec442d,false,false
Номенклатура — current,raw.r1c_nomenclature_current,b26306f8-94ee-11ea-9529-30f7727a492e,00-00002598,Кольцо  F334300020120 (КН3946),,9b060c03-71d9-11e7-85a2-d43d7eec442d,false,false
Номенклатура — current,raw.r1c_nomenclature_current,e6189c8e-c0c0-11e9-af79-30f7727a492e,00-00001838,Кольцо (перстенек) 54.31.475 ,,9b060c03-71d9-11e7-85a2-d43d7eec442d,false,false
Номенклатура — current,raw.r1c_nomenclature_current,a73b924f-c7cf-11e9-af79-30f7727a492e,00-00001946,Кольцо (перстенек) ДТ-75  85.31.144 ,,9b060c03-71d9-11e7-85a2-d43d7eec442d,false,false
Номенклатура — current,raw.r1c_nomenclature_current,ed668435-c14e-11e8-af50-30f7727a492e,00-00001193,Кольцо 018-022-25,,9b060c03-71d9-11e7-85a2-d43d7eec442d,false,false
Номенклатура — current,raw.r1c_nomenclature_current,a0ce3d0a-cd0f-11ec-9c42-00505689c8d9,00-00006500,Кольцо 020*025-25-1-3,,9b060c03-71d9-11e7-85a2-d43d7eec442d,false,false
Номенклатура — current,raw.r1c_nomenclature_current,8fd8540f-5801-11e8-af3c-30f7727a492e,00-00000850,"Кольцо 031.0-3,0",,9b060c03-71d9-11e7-85a2-d43d7eec442d,false,false
Номенклатура — current,raw.r1c_nomenclature_current,8fd8540e-5801-11e8-af3c-30f7727a492e,00-00000849,Кольцо 045-051-36,,9b060c03-71d9-11e7-85a2-d43d7eec442d,false,false
Номенклатура — current,raw.r1c_nomenclature_current,5a2a5074-000c-11ec-9c3a-00505689ff45,АК-00003943,Кольцо 070-080-58,,9b060c03-71d9-11e7-85a2-d43d7eec442d,false,false
Номенклатура — current,raw.r1c_nomenclature_current,669f097f-cd0f-11ec-9c42-00505689c8d9,00-00006499,Кольцо 120125*30,,9b060c03-71d9-11e7-85a2-d43d7eec442d,false,false
Номенклатура — current,raw.r1c_nomenclature_current,3941ecee-8f0e-11e8-af45-30f7727a492e,00-00000974,Кольцо 142-2407091,,9b060c03-71d9-11e7-85a2-d43d7eec442d,false,false
Номенклатура — current,raw.r1c_nomenclature_current,efd28324-646a-11ef-9c5c-00505689ff45,00-00010920,Кольцо 20 Din471,,9b060c03-71d9-11e7-85a2-d43d7eec442d,false,false
Номенклатура — current,raw.r1c_nomenclature_current,b26306fa-94ee-11ea-9529-30f7727a492e,00-00002600,Кольцо 31791600 001.11.3340,,9b060c03-71d9-11e7-85a2-d43d7eec442d,false,false
Номенклатура — current,raw.r1c_nomenclature_current,6b105822-a56e-11ea-7691-fa163ee5d2f9,БП-00002725,Кольцо 31864300,,9b060c03-71d9-11e7-85a2-d43d7eec442d,false,false
Номенклатура — current,raw.r1c_nomenclature_current,31f53aa1-20f7-11ec-9c3a-00505689ff45,АК-00005315,Кольцо 34-180200,,9b060c03-71d9-11e7-85a2-d43d7eec442d,false,false
Номенклатура — current,raw.r1c_nomenclature_current,5268964a-a56e-11ea-7691-fa163ee5d2f9,БП-00002724,Кольцо KG4060,,9b060c03-71d9-11e7-85a2-d43d7eec442d,false,false
Номенклатура — current,raw.r1c_nomenclature_current,94f22be4-c2ad-11ef-9c5f-00505689ff45,00-00011522,Кольцо NILOS 6007 AV,,9b060c03-71d9-11e7-85a2-d43d7eec442d,false,false
Номенклатура — current,raw.r1c_nomenclature_current,2dc37c16-e5c6-11ec-9c42-00505689c8d9,00-00006650,Кольцо NL OS 25х47(HG10.02.801Е),,45c9e202-0a37-11f0-b80e-005056bde474,false,false
Номенклатура — current,raw.r1c_nomenclature_current,ee8901b5-a733-11ef-9c5e-00505689ff45,00-00011367,Кольцо ГАЗ-3307 бортовое серое,,9b060c03-71d9-11e7-85a2-d43d7eec442d,false,false
Номенклатура — current,raw.r1c_nomenclature_current,efe0eed4-6498-11e8-af3d-30f7727a492e,00-00000865,Кольцо ЗИЛ-5301 гильзы цилиндров уплотнительное,,9b060c03-71d9-11e7-85a2-d43d7eec442d,false,false
Номенклатура — current,raw.r1c_nomenclature_current,0723f1fd-a5ac-11ef-9c5e-00505689ff45,00-00011357,Кольцо Запорное диска колеса 53-3101027 н,,9b060c03-71d9-11e7-85a2-d43d7eec442d,false,false
Номенклатура — current,raw.r1c_nomenclature_current,ba374cfd-755f-11e9-af6d-30f7727a492e,00-00001605,Кольцо К-700,,9b060c03-71d9-11e7-85a2-d43d7eec442d,false,false
Номенклатура — current,raw.r1c_nomenclature_current,b26306f7-94ee-11ea-9529-30f7727a492e,00-00002597,Кольцо КН3784,,9b060c03-71d9-11e7-85a2-d43d7eec442d,false,false
Номенклатура — current,raw.r1c_nomenclature_current,6655e4c1-20f7-11ec-9c3a-00505689ff45,АК-00005316,Кольцо КН4761,,9b060c03-71d9-11e7-85a2-d43d7eec442d,false,false
Номенклатура — current,raw.r1c_nomenclature_current,eda3df26-2508-11ec-a9db-00505689f463,АК-00005361,Кольцо КН4820,,9b060c03-71d9-11e7-85a2-d43d7eec442d,false,false
Номенклатура — current,raw.r1c_nomenclature_current,90208862-a56e-11ea-7691-fa163ee5d2f9,БП-00002726,Кольцо КН4932,,9b060c03-71d9-11e7-85a2-d43d7eec442d,false,false
Номенклатура — current,raw.r1c_nomenclature_current,597f753c-988b-11eb-9b81-fa163e0d31f7,БП-00003849,Кольцо МТЗ передн.вед. мост ГОСТ 9833-73,,9b060c03-71d9-11e7-85a2-d43d7eec442d,false,false
Номенклатура — current,raw.r1c_nomenclature_current,a3957f4f-646c-11ef-9c5c-00505689ff45,00-00010925,Кольцо врезное 18,,9b060c03-71d9-11e7-85a2-d43d7eec442d,false,false
Номенклатура — current,raw.r1c_nomenclature_current,412f5da6-004e-11ec-9c3a-00505689ff45,АК-00004010,Кольцо гидравлическое M10 USIT,,9b060c03-71d9-11e7-85a2-d43d7eec442d,false,false
Номенклатура — current,raw.r1c_nomenclature_current,f2ef7ead-004f-11ec-9c3a-00505689ff45,АК-00004011,Кольцо гидравлическое M12 USIT,,9b060c03-71d9-11e7-85a2-d43d7eec442d,false,false
Номенклатура — current,raw.r1c_nomenclature_current,133965c1-0050-11ec-9c3a-00505689ff45,АК-00004012,Кольцо гидравлическое M14 USIT,,9b060c03-71d9-11e7-85a2-d43d7eec442d,false,false
Номенклатура — current,raw.r1c_nomenclature_current,6e1c7869-0050-11ec-9c3a-00505689ff45,АК-00004013,Кольцо гидравлическое M16 USIT,,9b060c03-71d9-11e7-85a2-d43d7eec442d,false,false
Номенклатура — current,raw.r1c_nomenclature_current,958d6942-0050-11ec-9c3a-00505689ff45,АК-00004014,Кольцо гидравлическое M18 USIT,,9b060c03-71d9-11e7-85a2-d43d7eec442d,false,false
Номенклатура — current,raw.r1c_nomenclature_current,ee49bdca-0050-11ec-9c3a-00505689ff45,АК-00004015,Кольцо гидравлическое M20 USIT,,9b060c03-71d9-11e7-85a2-d43d7eec442d,false,false
Номенклатура — current,raw.r1c_nomenclature_current,2da79643-0051-11ec-9c3a-00505689ff45,АК-00004016,Кольцо гидравлическое M22 USIT,,9b060c03-71d9-11e7-85a2-d43d7eec442d,false,false
Номенклатура — current,raw.r1c_nomenclature_current,3b8cc10a-0051-11ec-9c3a-00505689ff45,АК-00004017,Кольцо гидравлическое M24 USIT,,9b060c03-71d9-11e7-85a2-d43d7eec442d,false,false
Номенклатура — current,raw.r1c_nomenclature_current,49829c83-0051-11ec-9c3a-00505689ff45,АК-00004018,Кольцо гидравлическое M26 USIT,,9b060c03-71d9-11e7-85a2-d43d7eec442d,false,false
Номенклатура — current,raw.r1c_nomenclature_current,542552d1-0051-11ec-9c3a-00505689ff45,АК-00004019,Кольцо гидравлическое M27 USIT,,9b060c03-71d9-11e7-85a2-d43d7eec442d,false,false
Номенклатура — current,raw.r1c_nomenclature_current,62aa3b43-0051-11ec-9c3a-00505689ff45,АК-00004020,Кольцо гидравлическое M30 USIT,,9b060c03-71d9-11e7-85a2-d43d7eec442d,false,false
Номенклатура — current,raw.r1c_nomenclature_current,77c9828b-0051-11ec-9c3a-00505689ff45,АК-00004021,Кольцо гидравлическое M33 USIT,,9b060c03-71d9-11e7-85a2-d43d7eec442d,false,false
Номенклатура — current,raw.r1c_nomenclature_current,99875515-0051-11ec-9c3a-00505689ff45,АК-00004022,Кольцо гидравлическое M36 USIT,,9b060c03-71d9-11e7-85a2-d43d7eec442d,false,false
Номенклатура — current,raw.r1c_nomenclature_current,c459c0c5-4a43-11f1-b821-005056bde474,00-00014205,Кольцо гильз ЯМЗ-656 уплотнительное 5340-100203101,,45c9e202-0a37-11f0-b80e-005056bde474,false,false
Номенклатура — current,raw.r1c_nomenclature_current,4c3d46ae-c867-11e8-af51-30f7727a492e,00-00001246,Кольцо глушителя ЗИЛ,,9b060c03-71d9-11e7-85a2-d43d7eec442d,false,false
Номенклатура — current,raw.r1c_nomenclature_current,f74dc6bc-1fdc-11ea-9522-30f7727a492e,00-00002281,Кольцо железобетонное КЦ10-9,,9088eead-75dc-11e7-af18-30f7727a492e,false,false
Номенклатура — current,raw.r1c_nomenclature_current,122d09e0-fe41-11ea-7580-fa163ee5d2f9,БП-00003054,Кольцо железобетонное КЦ15-9,,9088eead-75dc-11e7-af18-30f7727a492e,false,false
Номенклатура — current,raw.r1c_nomenclature_current,216bd947-1fe1-11ee-9c4e-00505689ff45,00-00008340,Кольцо литое с переходником,,9b060c03-71d9-11e7-85a2-d43d7eec442d,false,false
Номенклатура — current,raw.r1c_nomenclature_current,efe0eee6-6498-11e8-af3d-30f7727a492e,00-00000879,Кольцо медное,,9b060c03-71d9-11e7-85a2-d43d7eec442d,false,false
Номенклатура — current,raw.r1c_nomenclature_current,a9567147-d1e7-11f0-b81e-005056bde474,00-00013053,Кольцо металлическое 20х10,,45c9e202-0a37-11f0-b80e-005056bde474,false,false
Номенклатура — current,raw.r1c_nomenclature_current,4b0c37a2-cadf-11e9-af79-30f7727a492e,00-00001953,Кольцо обрезиненное 85.31.027,,9b060c03-71d9-11e7-85a2-d43d7eec442d,false,false
Номенклатура — current,raw.r1c_nomenclature_current,8073a488-d1e2-11f0-b81e-005056bde474,00-00013043,Кольцо полиурет. Ш.45,,45c9e202-0a37-11f0-b80e-005056bde474,false,false
Номенклатура — current,raw.r1c_nomenclature_current,9b060c78-71d9-11e7-85a2-d43d7eec442d,00000074   ,Кольцо поршневое,,9b060c03-71d9-11e7-85a2-d43d7eec442d,false,false
Номенклатура — current,raw.r1c_nomenclature_current,769f9cc7-1a22-11e9-af62-30f7727a492e,00-00001451,"Кольцо поршневое Actyon (06).Kyтон (0,5)",,9b060c03-71d9-11e7-85a2-d43d7eec442d,false,false
Номенклатура — current,raw.r1c_nomenclature_current,851ab65e-1ddc-11e8-af31-30f7727a492e,00-00000724,Кольцо поршневое А-41/01,,9b060c03-71d9-11e7-85a2-d43d7eec442d,false,false
Номенклатура — current,raw.r1c_nomenclature_current,be142eef-003a-11ec-9c3a-00505689ff45,АК-00003994,Кольцо силиконовое,,9b060c03-71d9-11e7-85a2-d43d7eec442d,false,false
Номенклатура — current,raw.r1c_nomenclature_current,0998ca2d-c7ab-11e7-a3eb-94de80168a80,00-00000440,Кольцо стопорное,,9b060c03-71d9-11e7-85a2-d43d7eec442d,false,false
Номенклатура — current,raw.r1c_nomenclature_current,a8e48a22-f85a-11f0-b81e-005056bde474,00-00013620,Кольцо стопорное 20мм ГОСТ 13942-86,,738e6e11-728d-11f0-b814-005056bde474,false,false
Номенклатура — current,raw.r1c_nomenclature_current,95231ea9-1154-11f1-b81f-005056bde474,00-00013804,Кольцо стопорное на вал 47 (10шт/уп) BTI DIN 471 ,,738e6e11-728d-11f0-b814-005056bde474,false,false
Номенклатура — current,raw.r1c_nomenclature_current,ad3f81e2-e5c7-11ec-9c42-00505689c8d9,00-00006654,Кольцо типа NL OS 32005 JV,,45c9e202-0a37-11f0-b80e-005056bde474,false,false
Номенклатура — current,raw.r1c_nomenclature_current,7f97b725-45a7-11ee-9c4e-00505689ff45,00-00009392,Кольцо уплотнит.гильзы 50-Т1002022 комплект,,9b060c03-71d9-11e7-85a2-d43d7eec442d,false,false
Номенклатура — current,raw.r1c_nomenclature_current,252944d9-0e73-11ee-9c4e-00505689ff45,00-00008165,Кольцо уплотнит.гильзы МТЗ (силикон)245-1002022,,9b060c03-71d9-11e7-85a2-d43d7eec442d,false,false
Номенклатура — current,raw.r1c_nomenclature_current,abf7cbe3-39bf-11ea-9523-30f7727a492e,00-00002382,Кольцо уплотнительное ,,9b060c03-71d9-11e7-85a2-d43d7eec442d,false,false
Номенклатура — current,raw.r1c_nomenclature_current,617b5e89-9945-11e7-a3d3-94de80168a80,00-00000331,Кольцо уплотнительное 14*20,,9b060c03-71d9-11e7-85a2-d43d7eec442d,false,false
Номенклатура — current,raw.r1c_nomenclature_current,215bf57f-e5c8-11ec-9c42-00505689c8d9,00-00006655,Кольцо уплотнительное 58х3,,9b060c03-71d9-11e7-85a2-d43d7eec442d,false,false
Номенклатура — current,raw.r1c_nomenclature_current,e6189c89-c0c0-11e9-af79-30f7727a492e,00-00001833,Кольцо уплотнительное 85.32.017,,9b060c03-71d9-11e7-85a2-d43d7eec442d,false,false
Номенклатура — current,raw.r1c_nomenclature_current,fb934db9-80c1-11ef-9c5d-00505689ff45,00-00011182,Кольцо уплотнительное М12,,9b060c03-71d9-11e7-85a2-d43d7eec442d,false,false
Номенклатура — current,raw.r1c_nomenclature_current,2f3b1cd7-80c2-11ef-9c5d-00505689ff45,00-00011183,Кольцо уплотнительное М16 USITM,,9b060c03-71d9-11e7-85a2-d43d7eec442d,false,false
Номенклатура — current,raw.r1c_nomenclature_current,54b4166d-80c2-11ef-9c5d-00505689ff45,00-00011184,Кольцо уплотнительное М22 USITM,,9b060c03-71d9-11e7-85a2-d43d7eec442d,false,false
Номенклатура — current,raw.r1c_nomenclature_current,840a07af-80c2-11ef-9c5d-00505689ff45,00-00011185,Кольцо уплотнительное М24 USITM,,9b060c03-71d9-11e7-85a2-d43d7eec442d,false,false
Номенклатура — current,raw.r1c_nomenclature_current,a7c572f3-e1a8-11ec-9c42-00505689c8d9,00-00006586,"Кольцо уплотнительное форсунки ГАЗ, УАЗ (дв. умз-4216)евро-4",,9b060c03-71d9-11e7-85a2-d43d7eec442d,false,false
Номенклатура — current,raw.r1c_nomenclature_current,5e7ac47b-d62b-11ec-9c42-00505689c8d9,00-00006542,Кольцо уплотняющее (манжета),,9b060c03-71d9-11e7-85a2-d43d7eec442d,false,false
Номенклатура — current,raw.r1c_nomenclature_current,8e3a4380-9425-11ee-9c4a-005056893620,00-00009898,Кольцо форсунки,,9b060c03-71d9-11e7-85a2-d43d7eec442d,false,false
Номенклатура — current,raw.r1c_nomenclature_current,7921b7d8-1433-11ef-9c4f-005056893620,00-00010531,Кольцо щеточное ПП 120/500 (безпроставочное),,9b060c03-71d9-11e7-85a2-d43d7eec442d,false,false
Номенклатура — current,raw.r1c_nomenclature_current,d2aed07c-038c-11ea-951d-30f7727a492e,00-00002189,"Командировочные расходы, проживание наемного персонала",,9b060c58-71d9-11e7-85a2-d43d7eec442d,false,false
Номенклатура — current,raw.r1c_nomenclature_current,d2bcb8b1-f524-11eb-9c3a-00505689ff45,АК-00003577,Командор Инсектицид,,f9d67774-531d-11f0-b811-005056bde474,false,false
Номенклатура — current,raw.r1c_nomenclature_current,d2bcb8b2-f524-11eb-9c3a-00505689ff45,АК-00003578,Командор Макси Инсектицид,,f9d67774-531d-11f0-b811-005056bde474,false,false
Номенклатура — current,raw.r1c_nomenclature_current,f60f58ea-2501-11ec-a9db-00505689f463,АК-00005359,Комбанирование/уборка картофеля,,52c3cca5-0968-11f0-b80e-005056bde474,false,false
Номенклатура — current,raw.r1c_nomenclature_current,f2e45966-7649-11ed-9c4d-00505689c8d9,00-00007469,Комбанирование/уборка картофеля  (почасовая оплата),,52c3cca5-0968-11f0-b80e-005056bde474,false,false
Номенклатура — current,raw.r1c_nomenclature_current,c447b5f6-a209-11ed-9c4c-00505689ff45,00-00007591,Комбикорм ПК 1/2 сытный Цуйский,,f0e4c260-a130-11e8-af4c-30f7727a492e,false,false
Номенклатура — current,raw.r1c_nomenclature_current,5ec9dd40-5ece-11ef-9c5c-00505689ff45,00-00010880,Комбикорм д/кур нес кр (Курск) 25кг,,f0e4c260-a130-11e8-af4c-30f7727a492e,false,false
Номенклатура — current,raw.r1c_nomenclature_current,5c05aa9d-c498-11ec-9c42-00505689c8d9,00-00006474,Комбикорм для кур мол ПК3 кр 8до13нд/18-20нд (Рам) 28 кг,,f0e4c260-a130-11e8-af4c-30f7727a492e,false,false
Номенклатура — current,raw.r1c_nomenclature_current,a841089c-cdb1-11eb-bd90-fa163e0d31f7,БП-00004150,Комбикорм для цыплят ПК11 Старт 0до3нд(Рам) 10 кг,,f0e4c260-a130-11e8-af4c-30f7727a492e,false,false
Номенклатура — current,raw.r1c_nomenclature_current,3a5e0036-bde5-11eb-b480-fa163e0d31f7,БП-00003992,"Комбинация приборов  ЗИЛ-4331,433360,5301,,ПАЗ,ЛАЗ  АВТОПРИБОР",,9b060c03-71d9-11e7-85a2-d43d7eec442d,false,false
Номенклатура — current,raw.r1c_nomenclature_current,f4d44c13-04d5-11ec-9c3a-00505689ff45,АК-00004668,"Комбинация приборов  КД 8116,3801-2",,9b060c03-71d9-11e7-85a2-d43d7eec442d,false,false
Номенклатура — current,raw.r1c_nomenclature_current,a1214031-7d6f-11ea-9528-30f7727a492e,00-00002540,Комбинация приборов МТЗ(6 приборов) ВЗЭП КД 8071-4,,9b060c03-71d9-11e7-85a2-d43d7eec442d,false,false
Номенклатура — current,raw.r1c_nomenclature_current,88a22058-1f0d-11ed-9c43-cb6d75bb653b,00-00006989,Комбинация приборов МТЗ-1221 6 приборов (А,,f7164898-2ffe-11eb-af80-fa163e0d31f7,false,false
Номенклатура — current,raw.r1c_nomenclature_current,278b7540-0c27-11ec-9c3a-00505689ff45,АК-00004866,Комбинезон ,,7dc8f772-6566-11f1-b821-005056bde474,false,false
Номенклатура — current,raw.r1c_nomenclature_current,433607b6-f345-11ed-9c4e-00505689ff45,00-00007970,Комбинезон GhemMAX-2  размер L,,7dc8f772-6566-11f1-b821-005056bde474,false,false
Номенклатура — current,raw.r1c_nomenclature_current,7509e6ed-f345-11ed-9c4e-00505689ff45,00-00007971,Комбинезон GhemMAX-2  размер XXXL,,7dc8f772-6566-11f1-b821-005056bde474,false,false
Номенклатура — current,raw.r1c_nomenclature_current,895aba16-d970-11eb-6c92-fa163e0d31f7,БП-00004371,Комбинезон Premiym Line М6056 XL,,7dc8f772-6566-11f1-b821-005056bde474,false,false
Номенклатура — current,raw.r1c_nomenclature_current,a30080eb-0c3b-11ec-9c3a-00505689ff45,АК-00004904,Комбинезон малярный синий размер XXL JPC75B-XXL,,7dc8f772-6566-11f1-b821-005056bde474,false,false
Номенклатура — current,raw.r1c_nomenclature_current,650c2427-5ed5-11ef-9c5c-00505689ff45,00-00010884,Комбинезон многоразовый  защитный,,7dc8f772-6566-11f1-b821-005056bde474,false,false
Номенклатура — current,raw.r1c_nomenclature_current,a4477430-b4f9-11ed-9c4d-00505689ff45,00-00007646,Комбинезон одноразовый защитный,,7dc8f772-6566-11f1-b821-005056bde474,false,false
Номенклатура — current,raw.r1c_nomenclature_current,690b537d-e48a-11f0-b81e-005056bde474,00-00013320,Комбинезон пылезащитный одноразовый 48-54 (L- XL),,7dc8f772-6566-11f1-b821-005056bde474,false,false
Номенклатура — current,raw.r1c_nomenclature_current,f92e24c8-e48a-11f0-b81e-005056bde474,00-00013321,Комбинезон пылезащитный одноразовый 56-62 (XXL- XXXL),,7dc8f772-6566-11f1-b821-005056bde474,false,false
Номенклатура — current,raw.r1c_nomenclature_current,7dc8f772-6566-11f1-b821-005056bde474,00-00014498,Комбинезоны,,9088eea8-75dc-11e7-af18-30f7727a492e,true,false
Номенклатура — current,raw.r1c_nomenclature_current,6b88363a-e47e-11eb-0c9a-fa163e0d31f7,БП-00004438,Комбинированные плоскогубцы Gigant 200 мм GCP 200,,f7164898-2ffe-11eb-af80-fa163e0d31f7,false,false
Номенклатура — current,raw.r1c_nomenclature_current,f9e37847-36f3-11f0-b80e-005056bde474,00-00012354,"Комбинированный ключ, 13 мм",,007d76f1-0a39-11f0-b80e-005056bde474,false,false
Номенклатура — current,raw.r1c_nomenclature_current,ed95ce0d-e423-11f0-b81e-005056bde474,00-00013306,"Комбинированный ключ, 13 мм KENDO 15513",,007d76f1-0a39-11f0-b80e-005056bde474,false,false
Номенклатура — current,raw.r1c_nomenclature_current,11f75a62-36f4-11f0-b80e-005056bde474,00-00012355,"Комбинированный ключ, 17 мм",,007d76f1-0a39-11f0-b80e-005056bde474,false,false
Номенклатура — current,raw.r1c_nomenclature_current,22afe6b4-36f4-11f0-b80e-005056bde474,00-00012356,"Комбинированный ключ, 19 мм",,007d76f1-0a39-11f0-b80e-005056bde474,false,false
Номенклатура — current,raw.r1c_nomenclature_current,c55d3c9d-4214-11f1-b821-005056bde474,00-00014105,Комбиполотно,,a986fb07-0a39-11f0-b80e-005056bde474,true,false
Номенклатура — current,raw.r1c_nomenclature_current,e46670cf-2753-11ec-a9dd-00505689f463,АК-00005405,"Комбиполотно 630мм ""Лесные дали"" 3п2сКартофель Беби (сетка экстр.белая)",,c55d3c9d-4214-11f1-b821-005056bde474,false,false
Номенклатура — current,raw.r1c_nomenclature_current,1fd40a01-2756-11ec-a9dd-00505689f463,АК-00005406,"Комбиполотно 630мм ""Лесные дали"" 3п2сКартофель Беби (сетка экстр.желтая)",,c55d3c9d-4214-11f1-b821-005056bde474,false,false
Номенклатура — current,raw.r1c_nomenclature_current,91e6fe30-2758-11ec-a9dd-00505689f463,АК-00005409,"Комбиполотно 630мм ""Лесные дали"" 3п2сКартофель белый (сетка экстр.белая)",,c55d3c9d-4214-11f1-b821-005056bde474,false,false
Номенклатура — current,raw.r1c_nomenclature_current,2ae0cee4-2757-11ec-a9dd-00505689f463,АК-00005407,"Комбиполотно 630мм ""Лесные дали"" 3п2сКартофель красный (сетка экстр.красная)",,c55d3c9d-4214-11f1-b821-005056bde474,false,false
Номенклатура — current,raw.r1c_nomenclature_current,896e46b3-2759-11ec-a9dd-00505689f463,АК-00005413,"Комбиполотно 630мм ""Лесные дали"" 3п2сКартофель фиолетовый (сетка экстр.красная)",,c55d3c9d-4214-11f1-b821-005056bde474,false,false
Номенклатура — current,raw.r1c_nomenclature_current,b84aede1-66db-11ec-9c40-00505689c8d9,АК-00005848,"Комбиполотно 630мм ""Лесные дали"" Картофель Бэби лента 180мм 50 мкр.глянец",,c55d3c9d-4214-11f1-b821-005056bde474,false,false
Номенклатура — current,raw.r1c_nomenclature_current,e1b9e73b-66db-11ec-9c40-00505689c8d9,АК-00005849,"Комбиполотно 630мм ""Лесные дали"" Картофель Индиго лента 180мм 50 мкр.глянец",,c55d3c9d-4214-11f1-b821-005056bde474,false,false
Номенклатура — current,raw.r1c_nomenclature_current,55c01d58-66db-11ec-9c40-00505689c8d9,АК-00005846,"Комбиполотно 630мм ""Лесные дали"" Картофель Красный ""В""лента 180мм 50 мкр.глянец",,c55d3c9d-4214-11f1-b821-005056bde474,false,false
Номенклатура — current,raw.r1c_nomenclature_current,8294d0bb-66db-11ec-9c40-00505689c8d9,АК-00005847,"Комбиполотно 630мм ""Лесные дали"" Картофель Красный ""С""лента 180мм 50 мкр.глянец",,c55d3c9d-4214-11f1-b821-005056bde474,false,false
Номенклатура — current,raw.r1c_nomenclature_current,171b6b51-66dc-11ec-9c40-00505689c8d9,АК-00005850,"Комбиполотно 630мм ""Лесные дали"" Картофель Северное Сияние лента 180мм 50 мкр.глянец",,c55d3c9d-4214-11f1-b821-005056bde474,false,false
Номенклатура — current,raw.r1c_nomenclature_current,d2440c2e-66da-11ec-9c40-00505689c8d9,АК-00005844,"Комбиполотно 630мм ""Лесные дали"" Картофель белый ""А""лента 180мм 50 мкр.глянец",,c55d3c9d-4214-11f1-b821-005056bde474,false,false
Номенклатура — current,raw.r1c_nomenclature_current,0a55155e-66db-11ec-9c40-00505689c8d9,АК-00005845,"Комбиполотно 630мм ""Лесные дали"" Картофель белый ""В""лента 180мм 50 мкр.глянец",,c55d3c9d-4214-11f1-b821-005056bde474,false,false
Номенклатура — current,raw.r1c_nomenclature_current,4596d446-e799-11ea-3497-fa163ee5d2f9,БП-00002967,"Комбиполотно 630мм Generic Rotato 3п2с, 152вт,экструзия BROWN",,c55d3c9d-4214-11f1-b821-005056bde474,false,false
Номенклатура — current,raw.r1c_nomenclature_current,8bc01dbf-4ef9-11ed-9c43-cb6d75bb653b,00-00007305,"Комбиполотно желтое категория А,В,Агролайн",,c55d3c9d-4214-11f1-b821-005056bde474,false,false
Номенклатура — current,raw.r1c_nomenclature_current,bde2b900-4ef9-11ed-9c43-cb6d75bb653b,00-00007306,"Комбиполотно красное категория А,В,Агролайн",,c55d3c9d-4214-11f1-b821-005056bde474,false,false
Номенклатура — current,raw.r1c_nomenclature_current,d5b95fed-5046-11ed-9c43-cb6d75bb653b,00-00007331,Комбиполотно обезличка,,c55d3c9d-4214-11f1-b821-005056bde474,false,false
Номенклатура — current,raw.r1c_nomenclature_current,398820da-0c24-11ec-9c3a-00505689ff45,АК-00004860,Комиссия,,9b060c58-71d9-11e7-85a2-d43d7eec442d,false,false
Номенклатура — current,raw.r1c_nomenclature_current,52527d8a-0b7e-11eb-3385-fa163ee5d2f9,БП-00003110,Коммутатор 8 портов 100Мбит/с настольный ES-108AV3-EU0101F,,de1714af-8a12-11e7-af1d-30f7727a492e,false,false
Номенклатура — current,raw.r1c_nomenclature_current,1d773731-f9df-11eb-9c3a-00505689ff45,АК-00003904,Коммутатор 8-портовый настольный/настенный не управляемый 10/100/1000 Мбит/с TP-Link TL-SG108 V6,,20e031f3-0a37-11f0-b80e-005056bde474,false,false
Номенклатура — current,raw.r1c_nomenclature_current,addbe582-bd01-11f1-b824-005056bde474,00-00014789,Коммутатор D-Link DES-1018MP v2/A1A,,f475f3a8-0a36-11f0-b80e-005056bde474,false,false
Номенклатура — current,raw.r1c_nomenclature_current,e19690ac-08d2-11f1-b81f-005056bde474,00-00013738,"Коммутатор Keenetic PoE+ Switch 9 (KN-4710) [9x 1 Гбит/с: 1x RJ-45, 8x RJ-45+PoE-out, 30 Вт 802.3af/",,ce412305-0a38-11f0-b80e-005056bde474,false,false
Номенклатура — current,raw.r1c_nomenclature_current,c76c1348-edc4-11ef-b80e-005056bde474,00-00011643,"Коммутатор MikroTik CRS326-24G-2S+IN 24Gigabit Ethernet, 2 SFP+ (10013160/021124/5169968, ЛАТВИЯ)",,20e031f3-0a37-11f0-b80e-005056bde474,false,false
Номенклатура — current,raw.r1c_nomenclature_current,99ce53a3-5b51-11f1-b821-005056bde474,00-00014459,Коммутатор MikroTik netPower 16P Всепогодный POE коммутатор на мачту (CRS318-16P-2S+OUT),,e6b715af-0a38-11f0-b80e-005056bde474,false,false
Номенклатура — current,raw.r1c_nomenclature_current,289b12fb-2829-11f1-b81f-005056bde474,00-00013866,"Коммутатор ТР-LINK TL-SF1005P 5x10/100Base-TX, Unmanaged",,e6b715af-0a38-11f0-b80e-005056bde474,false,false
Номенклатура — current,raw.r1c_nomenclature_current,3941ecfb-8f0e-11e8-af45-30f7727a492e,00-00000987,"Коммутатор для а/м ГАЗ 2410,Газель",,9b060c03-71d9-11e7-85a2-d43d7eec442d,false,false
Номенклатура — current,raw.r1c_nomenclature_current,0381cc6f-98de-11ee-9c4a-005056893620,00-00009906,Коммутатор сетевой 5 портовый,,20e031f3-0a37-11f0-b80e-005056bde474,false,false
Номенклатура — current,raw.r1c_nomenclature_current,211c279d-35ce-11ea-9522-30f7727a492e,00-00002370,Коммутатор сетевой CS-105BV3-EU0101F,,de1714af-8a12-11e7-af1d-30f7727a492e,false,false
Номенклатура — current,raw.r1c_nomenclature_current,d2bcb8b3-f524-11eb-9c3a-00505689ff45,АК-00003579,Компакт Инсектицид,,2eaeac4d-5322-11f0-b811-005056bde474,false,false
Номенклатура — current,raw.r1c_nomenclature_current,8f2966d1-0f8e-11ef-9c4f-005056893620,00-00010505,Компактный ручной растариватель с пылезащитным рукавом OpenBigBag RMX D=180мм,,9088eeaf-75dc-11e7-af18-30f7727a492e,false,false
Номенклатура — current,raw.r1c_nomenclature_current,82aad454-b491-11f0-b81e-005056bde474,00-00012915,Компенсатор Ф65х70/77 L=33,,45c9e202-0a37-11f0-b80e-005056bde474,false,false
Номенклатура — current,raw.r1c_nomenclature_current,49778744-48f2-11eb-2f8d-fa163e0d31f7,БП-00003499,Компенсация затрат по заправке техники топливом,,9b060c58-71d9-11e7-85a2-d43d7eec442d,false,false
Номенклатура — current,raw.r1c_nomenclature_current,4e2f3217-6bb1-11f1-b822-005056bde474,00-00014522,Комплекс работ по разработке и внедрению MVP системы видеоаналитики ,,1aeb231b-094c-11f0-b80e-005056bde474,false,false
Номенклатура — current,raw.r1c_nomenclature_current,da41ee2c-3b96-11f0-b80e-005056bde474,00-00012406,Комплексные удобрения,,cb82635a-3b96-11f0-b80e-005056bde474,true,false
Номенклатура — current,raw.r1c_nomenclature_current,ab24072a-3b94-11f0-b80e-005056bde474,00-00012397,Комплексные удобрения ,,8620e7b8-3b94-11f0-b80e-005056bde474,true,false
Номенклатура — current,raw.r1c_nomenclature_current,6638628f-f70d-11f0-b81e-005056bde474,00-00013588,Комплект ( тюбик30гр+лен15гр),,f8eb77bf-3d8a-11f1-b821-005056bde474,false,false
Номенклатура — current,raw.r1c_nomenclature_current,2f9683f1-08c0-11f1-b81f-005056bde474,00-00013732,Комплект AQUAFLAX NANO тюбик30гр+лен15гр,,6dd20a6a-51c7-11f0-b811-005056bde474,false,false
Номенклатура — current,raw.r1c_nomenclature_current,865e8680-2e35-11eb-288c-fa163e0d31f7,БП-00003218,Комплект Фланец стальной плоский Ду 32 Ру16 Ст20 ГОСТ 12820-80,,9be0daf4-2e34-11eb-288c-fa163e0d31f7,false,false
Номенклатура — current,raw.r1c_nomenclature_current,c5ee215f-4f8c-11ed-9c43-cb6d75bb653b,00-00007309,Комплект автоматики для воздухоохладителя,,de1714af-8a12-11e7-af1d-30f7727a492e,false,false
Номенклатура — current,raw.r1c_nomenclature_current,14a9bfb8-0e74-11ee-9c4e-00505689ff45,00-00008169,Комплект вкладышей Д240 Н2 корен,,9b060c03-71d9-11e7-85a2-d43d7eec442d,false,false
Номенклатура — current,raw.r1c_nomenclature_current,3862bebb-0e74-11ee-9c4e-00505689ff45,00-00008170,Комплект вкладышей Д240 Н2 шатун ,,9b060c03-71d9-11e7-85a2-d43d7eec442d,false,false
Номенклатура — current,raw.r1c_nomenclature_current,c69aa453-0e73-11ee-9c4e-00505689ff45,00-00008168,Комплект вкладышей Д240 Р2 корен,,9b060c03-71d9-11e7-85a2-d43d7eec442d,false,false
Номенклатура — current,raw.r1c_nomenclature_current,32d90e26-0e71-11ee-9c4e-00505689ff45,00-00008159,Комплект вкладышей Д240 Р2 шатун ,,9b060c03-71d9-11e7-85a2-d43d7eec442d,false,false
Номенклатура — current,raw.r1c_nomenclature_current,c8fbde40-0c3a-11ee-9c4e-00505689ff45,00-00008148,Комплект вкладышей Д245 Н2 корен 245-1005100-ЕН2,,9b060c03-71d9-11e7-85a2-d43d7eec442d,false,false
Номенклатура — current,raw.r1c_nomenclature_current,7065b229-0e68-11ee-9c4e-00505689ff45,00-00008149,Комплект вкладышей Д245 Н2 шатун 245-1004140,,9b060c03-71d9-11e7-85a2-d43d7eec442d,false,false
Номенклатура — current,raw.r1c_nomenclature_current,1379dd1c-7cbb-11ef-9c5d-00505689ff45,00-00011123,"Комплект втулок, болтов и гаек реактивных тяг ВАЗ 2121,21213,2123 нива",,9b060c03-71d9-11e7-85a2-d43d7eec442d,false,false
Номенклатура — current,raw.r1c_nomenclature_current,c3e83fae-08bd-11f1-b81f-005056bde474,00-00013691,Комплект греющий кабель в трубу 40м,,67e18806-3d8a-11f1-b821-005056bde474,false,false
Номенклатура — current,raw.r1c_nomenclature_current,2eacefe7-f70b-11f0-b81e-005056bde474,00-00013563,Комплект греющий кабель в трубу 4м 10Вт/м,,67e18806-3d8a-11f1-b821-005056bde474,false,false
Номенклатура — current,raw.r1c_nomenclature_current,6317fcca-d811-11eb-d199-fa163e0d31f7,БП-00004340,"Комплект датчика уровня топлива ""ЭСКОРТ-TD-BLE""L-1000",,8b826a40-d818-11eb-d199-fa163e0d31f7,false,false
Номенклатура — current,raw.r1c_nomenclature_current,176bb43a-5ee6-11ef-9c5c-00505689ff45,00-00010893,Комплект для подключения универсальный FinePower WDS0121,,9b060c03-71d9-11e7-85a2-d43d7eec442d,false,false
Номенклатура — current,raw.r1c_nomenclature_current,5885c48a-e9d3-11ed-9c4e-00505689ff45,00-00007886,Комплект для сдваивания колес 700а.47.04.000 СБ,,9b060c03-71d9-11e7-85a2-d43d7eec442d,false,false
Номенклатура — current,raw.r1c_nomenclature_current,86664688-3377-11ea-9522-30f7727a492e,00-00002326,Комплект для смесителя ,,f0e4c260-a130-11e8-af4c-30f7727a492e,false,false
Номенклатура — current,raw.r1c_nomenclature_current,7c27f459-adf9-11f0-b81e-005056bde474,00-00012870,"Комплект для уборки (щетка, совок)",,f0e4c260-a130-11e8-af4c-30f7727a492e,false,false
Номенклатура — current,raw.r1c_nomenclature_current,088ce885-d5f5-11f0-b81e-005056bde474,00-00013087,Комплект для установки (ГУР) на лада нива,,20296b06-0a38-11f0-b80e-005056bde474,false,false
Номенклатура — current,raw.r1c_nomenclature_current,bafff7ee-32ae-11f1-b81f-005056bde474,00-00013972,"Комплект журналов по пожарной безопасности КЖБ 2 , А4, 10 шт Attache ",,9088ee8b-75dc-11e7-af18-30f7727a492e,false,false
Номенклатура — current,raw.r1c_nomenclature_current,b2a81fab-13cf-11f0-b80e-005056bde474,00-00011907,"Комплект з/частей левого маятникого рычага для а/м ГАЗ2705,2217",,20296b06-0a38-11f0-b80e-005056bde474,false,false
Номенклатура — current,raw.r1c_nomenclature_current,92427cb2-13cf-11f0-b80e-005056bde474,00-00011906,"Комплект з/частей правого маятникого рычага для а/м ГАЗ2705,2217",,20296b06-0a38-11f0-b80e-005056bde474,false,false
Номенклатура — current,raw.r1c_nomenclature_current,cc4fb5b9-2996-11f0-b80e-005056bde474,00-00012071,Комплект з/частей скобы для а/м ГАЗ-3110,,20296b06-0a38-11f0-b80e-005056bde474,false,false
Номенклатура — current,raw.r1c_nomenclature_current,83c2e4e7-4eaa-11f1-b821-005056bde474,00-00014342,Комплект заделок КТУ Теплолюкс,,9adc9f2a-3d8a-11f1-b821-005056bde474,false,false
Номенклатура — current,raw.r1c_nomenclature_current,9f4bcfd2-d82a-11eb-d199-fa163e0d31f7,БП-00004362,Комплект заправочный petroll cosmic 60 для дизельного топлива,,9b060c1e-71d9-11e7-85a2-d43d7eec442d,false,false
Номенклатура — current,raw.r1c_nomenclature_current,ece0606a-53f4-11ef-9c59-00505689ff45,00-00010759,"Комплект клапанов CK-S 500101150 для насоса высокого давления TOR BM 12 18, 15.20, 15.25 6 шт",,9b060c03-71d9-11e7-85a2-d43d7eec442d,false,false
Номенклатура — current,raw.r1c_nomenclature_current,19891d12-6d32-11ec-9c40-00505689c8d9,АК-00005866,Комплект крепежа д/умыв.8*100 КУ-2 РИФ,,f0e4c260-a130-11e8-af4c-30f7727a492e,false,false
Номенклатура — current,raw.r1c_nomenclature_current,054db28b-57a7-11ee-9c4e-00505689ff45,00-00009540,Комплект крепления для трактора МТЗ,,9b060c03-71d9-11e7-85a2-d43d7eec442d,false,false
Номенклатура — current,raw.r1c_nomenclature_current,1601269c-877f-11ee-9c4a-005056893620,00-00009832,"Комплект монтажный независимой вентеляции для двигателей 71 габарита DIN,питание 230VAC",,9b060c03-71d9-11e7-85a2-d43d7eec442d,false,false
Номенклатура — current,raw.r1c_nomenclature_current,a25bb3ef-877c-11ee-9c4a-005056893620,00-00009827,Комплект монтажный независимой вентеляции для двигателей габарита DIN,,9b060c03-71d9-11e7-85a2-d43d7eec442d,false,false
Номенклатура — current,raw.r1c_nomenclature_current,211c27a2-35ce-11ea-9522-30f7727a492e,00-00002375,Комплект монтажных материалов,,211c2790-35ce-11ea-9522-30f7727a492e,false,false
Номенклатура — current,raw.r1c_nomenclature_current,a0153035-73a8-11f1-b822-005056bde474,00-00014548,Комплект на кун. Джойстик управления МТЗ под НШ-32,,45c9e202-0a37-11f0-b80e-005056bde474,false,false
Номенклатура — current,raw.r1c_nomenclature_current,da88f096-e47f-11eb-0c9a-fa163e0d31f7,БП-00004442,"Комплект накидных ключей 75град, 6-32мм, 11шт Hans 16011M",,f7164898-2ffe-11eb-af80-fa163e0d31f7,false,false
Номенклатура — current,raw.r1c_nomenclature_current,466985e2-5793-11ea-8118-d43d7ec071d4,00-00002471,"Комплект оборудования ""Микроклимат-2М"" для активной вентиляции",,9b060cbb-71d9-11e7-85a2-d43d7eec442d,false,false
Номенклатура — current,raw.r1c_nomenclature_current,342be93d-203b-11f0-b80e-005056bde474,00-00011987,Комплект патрубков,,45c9e202-0a37-11f0-b80e-005056bde474,false,false
Номенклатура — current,raw.r1c_nomenclature_current,4dda0409-1962-11ed-9c43-cb6d75bb653b,00-00006956,Комплект пд. 98-1-й (200.49261) ,,9b060c03-71d9-11e7-85a2-d43d7eec442d,false,false
Номенклатура — current,raw.r1c_nomenclature_current,f11db290-98d4-11ea-952a-30f7727a492e,00-00002683,Комплект передачи мощности 28Г 744Р-46.82.000,,9b060cbb-71d9-11e7-85a2-d43d7eec442d,false,false
Номенклатура — current,raw.r1c_nomenclature_current,f450e899-1fd8-11ee-9c4e-00505689ff45,00-00008338,Комплект переходного соединения рег.давления VRF2X=5 Y=53.66 G1/2-G3/8,,9b060c03-71d9-11e7-85a2-d43d7eec442d,false,false
Номенклатура — current,raw.r1c_nomenclature_current,96a40575-3270-11f1-b81f-005056bde474,00-00013959,Комплект планок для полосовой пвх завесы 300мм (5шт) (заклепка 35 шт) Домовой Прошка ,,5221e7b6-0a39-11f0-b80e-005056bde474,false,false
Номенклатура — current,raw.r1c_nomenclature_current,faeda5c1-6f8e-11ec-9c40-00505689c8d9,АК-00005930,"Комплект постельного белья 1,5",,0b9ce000-6f8e-11ec-9c40-00505689c8d9,false,false
Номенклатура — current,raw.r1c_nomenclature_current,15f06b57-2437-11e8-af33-30f7727a492e,00-00000732,Комплект предохранителей цветных,,9b060c03-71d9-11e7-85a2-d43d7eec442d,false,false
Номенклатура — current,raw.r1c_nomenclature_current,747d8bc8-e67e-11ed-9c4e-00505689ff45,00-00007860,Комплект прокладок КПП ГАЗ-53.,,9b060c03-71d9-11e7-85a2-d43d7eec442d,false,false
Номенклатура — current,raw.r1c_nomenclature_current,d434512f-80c8-11ef-9c5d-00505689ff45,00-00011193,Комплект прокладок двигателя ГАЗ-53,,9b060c03-71d9-11e7-85a2-d43d7eec442d,false,false
Номенклатура — current,raw.r1c_nomenclature_current,e729a334-45a6-11ee-9c4e-00505689ff45,00-00009390,Комплект прокладок двигателя Д-240 (паронит),,9b060c03-71d9-11e7-85a2-d43d7eec442d,false,false
Номенклатура — current,raw.r1c_nomenclature_current,9b80a856-1532-11ec-9c3a-00505689ff45,АК-00004986,Комплект прокладок двигателя Д-240 (№3605) 33поз.,,9b060c03-71d9-11e7-85a2-d43d7eec442d,false,false
Номенклатура — current,raw.r1c_nomenclature_current,a999b3c3-e061-11ee-9c4c-005056893620,00-00010259,Комплект прокладок двигателя Д-243/245 с ГБЦ полный  (паронит),,9b060c03-71d9-11e7-85a2-d43d7eec442d,false,false
Номенклатура — current,raw.r1c_nomenclature_current,86391044-f69b-11f0-b81e-005056bde474,00-00013488,Комплект прокладок двигателя Д-260 (малый),,45c9e202-0a37-11f0-b80e-005056bde474,false,false
Номенклатура — current,raw.r1c_nomenclature_current,b04d6bf3-4fb4-11ed-9c43-cb6d75bb653b,00-00007326,Комплект промежуточного подвеса CS 1500+PS1500 ESS4-14ВК,,20e031f3-0a37-11f0-b80e-005056bde474,false,false
Номенклатура — current,raw.r1c_nomenclature_current,d73b7b24-d7df-11ef-b80c-005056bde474,00-00011556,Комплект промежуточной подвески ES 54-14 P(25-120кв.мм),,20e031f3-0a37-11f0-b80e-005056bde474,false,false
Номенклатура — current,raw.r1c_nomenclature_current,99cedfe6-07be-11eb-1097-fa163ee5d2f9,БП-00003097,Комплект расходных материалов для монтажа холодильного агрегата,,de1714af-8a12-11e7-af1d-30f7727a492e,false,false
Номенклатура — current,raw.r1c_nomenclature_current,763b9fd8-07be-11eb-1097-fa163ee5d2f9,БП-00003096,"Комплект расходных материалов для монтажа холодильной камеры 12,0*6,0*4,75",,de1714af-8a12-11e7-af1d-30f7727a492e,false,false
Номенклатура — current,raw.r1c_nomenclature_current,e416dd62-03f2-11eb-ac9e-fa163ee5d2f9,БП-00003078,"Комплект расходных материалов для монтажа холодильной камеры 24,0*12,0*5,6",,de1714af-8a12-11e7-af1d-30f7727a492e,false,false
Номенклатура — current,raw.r1c_nomenclature_current,d70db95e-07be-11eb-1097-fa163ee5d2f9,БП-00003098,"Комплект расходных материалов для обустройства системы вентиляции в камере 12,0*6,0*4,75",,de1714af-8a12-11e7-af1d-30f7727a492e,false,false
Номенклатура — current,raw.r1c_nomenclature_current,38c25920-323a-11ef-9c59-00505689ff45,00-00010660,Комплект светодиодных линеек 48Вт,,20e031f3-0a37-11f0-b80e-005056bde474,false,false
Номенклатура — current,raw.r1c_nomenclature_current,a3262786-3ac5-11eb-dc8d-fa163e0d31f7,БП-00003392,Комплект сменных узлов к автоматической сеткозашивочн.машине R-2 ,,279c2c04-2e46-11eb-288c-fa163e0d31f7,false,false
Номенклатура — current,raw.r1c_nomenclature_current,e4b1a72c-c746-11ea-9d96-fa163ee5d2f9,БП-00002883,Комплект сцепления (260мм) LIK 626303200,,9b060c03-71d9-11e7-85a2-d43d7eec442d,false,false
Номенклатура — current,raw.r1c_nomenclature_current,8db374aa-f707-11f0-b81e-005056bde474,00-00013546,Комплект термоусадок д/кабеля,,9adc9f2a-3d8a-11f1-b821-005056bde474,false,false
Номенклатура — current,raw.r1c_nomenclature_current,cce1d1ea-08bd-11f1-b81f-005056bde474,00-00013692,Комплект термоусадок д/саморегул. кабеля и погруж. насосов 004410,,9adc9f2a-3d8a-11f1-b821-005056bde474,false,false
Номенклатура — current,raw.r1c_nomenclature_current,a55a3635-8774-11ed-9c4c-00505689ff45,00-00007550,Комплект узких колес  на тракторы John Deere 6195M,,9b060c03-71d9-11e7-85a2-d43d7eec442d,false,false
Номенклатура — current,raw.r1c_nomenclature_current,30614eff-ab08-11ef-9c5e-00505689ff45,00-00011387,Комплект уплотнений,,9b060c03-71d9-11e7-85a2-d43d7eec442d,false,false
Номенклатура — current,raw.r1c_nomenclature_current,0217b9f8-07bd-11eb-1097-fa163ee5d2f9,БП-00003090,Комплект холодильной автоматики для СТЕ 502Е,,de1714af-8a12-11e7-af1d-30f7727a492e,false,false
Номенклатура — current,raw.r1c_nomenclature_current,d7eb5332-07bd-11eb-1097-fa163ee5d2f9,БП-00003093,Комплект холодильной автоматики для СТЕ 502Е,,de1714af-8a12-11e7-af1d-30f7727a492e,false,false
Номенклатура — current,raw.r1c_nomenclature_current,5c3a7c16-089e-11ef-9c4f-005056893620,00-00010459,Комплект шестерен МТЗ переднего моста в сборе,,9b060c03-71d9-11e7-85a2-d43d7eec442d,false,false
Номенклатура — current,raw.r1c_nomenclature_current,89e6affc-1a17-11ec-9c3a-00505689ff45,АК-00005067,Комплект щеток,,9b060c03-71d9-11e7-85a2-d43d7eec442d,false,false
Номенклатура — current,raw.r1c_nomenclature_current,795d820a-e030-11f0-b81e-005056bde474,00-00013235,"Комплект/Хомут сантехнический со шпилькой 10x100 и дюбелем д/труб 4"" (108-116мм) гайка М10",,474861c4-0a39-11f0-b80e-005056bde474,false,false
Номенклатура — current,raw.r1c_nomenclature_current,6872e788-8826-11ec-9c41-00505689c8d9,00-00006088,Комплектующие,,9088eead-75dc-11e7-af18-30f7727a492e,false,false
Номенклатура — current,raw.r1c_nomenclature_current,3bb544e6-589a-11ea-8118-d43d7ec071d4,00-00002503,Комплектующие для цеха по переработке,,de1714af-8a12-11e7-af1d-30f7727a492e,false,false
Номенклатура — current,raw.r1c_nomenclature_current,67f1bd43-e35b-11e9-af7c-30f7727a492e,00-00002014,"Компленкт защитных ограждений кабины Л82-8410010 МТЗ-80/82/1221 УК(ограждение боковое правое, отраже",,9b060c03-71d9-11e7-85a2-d43d7eec442d,false,false
Номенклатура — current,raw.r1c_nomenclature_current,8510c5ca-d12e-11e9-af7a-30f7727a492e,00-00001967,Компленкт монтажный тормозных колодок Citroen.Fiat Peugeot 06,,9b060c03-71d9-11e7-85a2-d43d7eec442d,false,false
Номенклатура — current,raw.r1c_nomenclature_current,851ab65f-1ddc-11e8-af31-30f7727a492e,00-00000725,Компленкт прокладок А-41,,9b060c03-71d9-11e7-85a2-d43d7eec442d,false,false
Номенклатура — current,raw.r1c_nomenclature_current,851ab63a-1ddc-11e8-af31-30f7727a492e,00-00000697,Компленкт прокладок КПП МТЗ,,9b060c03-71d9-11e7-85a2-d43d7eec442d,false,false
Номенклатура — current,raw.r1c_nomenclature_current,61bb8219-f064-11e7-a3ff-94de80168a80,00-00000633,Компленкт прокладок двигателя ,,9b060c03-71d9-11e7-85a2-d43d7eec442d,false,false
Номенклатура — current,raw.r1c_nomenclature_current,43dd18d4-55e2-11ed-9c43-cb6d75bb653b,00-00007359,Компрессометр прижимной ,,9b060c03-71d9-11e7-85a2-d43d7eec442d,false,false
Номенклатура — current,raw.r1c_nomenclature_current,013d2fd2-5f5d-11e9-af6b-30f7727a492e,00-00001531,Компрессор 130-3509009-1 в сборе,,9b060c03-71d9-11e7-85a2-d43d7eec442d,false,false
Номенклатура — current,raw.r1c_nomenclature_current,e91823e6-befc-11eb-1998-fa163e0d31f7,БП-00004032,Компрессор 32838600,,9b060c03-71d9-11e7-85a2-d43d7eec442d,false,false
Номенклатура — current,raw.r1c_nomenclature_current,c53b76b0-2524-11ec-a9db-00505689f463,АК-00005393,Компрессор 32944300,,9b060c03-71d9-11e7-85a2-d43d7eec442d,false,false
Номенклатура — current,raw.r1c_nomenclature_current,00c423f6-3bbd-11e8-af35-30f7727a492e,00-00000767,"Компрессор 50л,8бар",,9b060c03-71d9-11e7-85a2-d43d7eec442d,false,false
Номенклатура — current,raw.r1c_nomenclature_current,02a228c9-d1b4-11f0-b81e-005056bde474,00-00013024,Компрессор 8481.3509010,,45c9e202-0a37-11f0-b80e-005056bde474,false,false
Номенклатура — current,raw.r1c_nomenclature_current,195ab9b7-9229-11ec-9c42-00505689c8d9,00-00006195,Компрессор ECO AE-1005-2,,9b060cbb-71d9-11e7-85a2-d43d7eec442d,false,false
Номенклатура — current,raw.r1c_nomenclature_current,0edf9940-d4e0-11e7-a3f3-94de80168a80,00-00000503,Компрессор VCF/110,,9b060cbb-71d9-11e7-85a2-d43d7eec442d,false,false
Номенклатура — current,raw.r1c_nomenclature_current,c550420c-439d-11eb-b594-fa163e0d31f7,БП-00003463,Компрессор VladOx AP-138 (4 канала),,9b060cbb-71d9-11e7-85a2-d43d7eec442d,false,false
Номенклатура — current,raw.r1c_nomenclature_current,ba374cf9-755f-11e9-af6d-30f7727a492e,00-00001603,"Компрессор ДС 320/50 СМ 2,5 320л/мин",,9b060cbb-71d9-11e7-85a2-d43d7eec442d,false,false
Номенклатура — current,raw.r1c_nomenclature_current,b7af8747-a6fe-11f1-b824-005056bde474,00-00014751,Компрессор КМРR-200,,ffd1892d-3d8a-11f1-b821-005056bde474,false,false
Номенклатура — current,raw.r1c_nomenclature_current,ba374ce9-755f-11e9-af6d-30f7727a492e,00-00001597,"Компрессор МТЗ дв Д240,245 (1 цилиндровый) возд.охлажд 144 л/мин",,9b060c03-71d9-11e7-85a2-d43d7eec442d,false,false
Номенклатура — current,raw.r1c_nomenclature_current,7512d30c-d5f3-11f0-b81e-005056bde474,00-00013082,Компрессор МТЗ-1221 Д-260 коллектора,,45c9e202-0a37-11f0-b80e-005056bde474,false,false
Номенклатура — current,raw.r1c_nomenclature_current,ab9693eb-80c3-11ef-9c5d-00505689ff45,00-00011186,Компрессор ПАЗ дв.3М3-523 (1-цилиндровый) возд.охлаж. без шкива,,9b060c03-71d9-11e7-85a2-d43d7eec442d,false,false
Номенклатура — current,raw.r1c_nomenclature_current,3fc7a5ec-33dc-11eb-0e8a-fa163e0d31f7,БП-00003279,Компрессор СБ 4/Ф-500 LB 75,,9b060c03-71d9-11e7-85a2-d43d7eec442d,false,false
Номенклатура — current,raw.r1c_nomenclature_current,39962892-1021-11ee-9c4e-00505689ff45,00-00008202,Компрессор автомобильный ,,f990038e-0a38-11f0-b80e-005056bde474,false,false
Номенклатура — current,raw.r1c_nomenclature_current,7e0e6093-17c3-11ec-9c3a-00505689ff45,АК-00005053,Компрессор автомобильный 10Атм 30л/м 110Вт 10А в кейсе,,9b060c03-71d9-11e7-85a2-d43d7eec442d,false,false
Номенклатура — current,raw.r1c_nomenclature_current,a16d642f-ea5a-11ed-9c4e-00505689ff45,00-00007888,Компрессор двухцилиндровый 85 г/мин с манометром AV-010888,,9b060c03-71d9-11e7-85a2-d43d7eec442d,false,false
Номенклатура — current,raw.r1c_nomenclature_current,916d0834-5dab-11f1-b821-005056bde474,00-00014481,Компрессор для кондиционера 5Н14 А2 24V,,45c9e202-0a37-11f0-b80e-005056bde474,false,false
Номенклатура — current,raw.r1c_nomenclature_current,5c94c590-e487-11eb-0c9a-fa163e0d31f7,БП-00004463,Компрессор масляный поршневой QUATTRO ELEMENTI DV-400-100 771-718,,f7164898-2ffe-11eb-af80-fa163e0d31f7,false,false
Номенклатура — current,raw.r1c_nomenclature_current,1779b11a-4f8c-11ed-9c43-cb6d75bb653b,00-00007307,Компрессорно-конденс.агрегат МГА на базе компрессора BITZER марки 4НЕ-25 Y40 квт приТо=5 гр.С То=5 г,,de1714af-8a12-11e7-af1d-30f7727a492e,false,false
Номенклатура — current,raw.r1c_nomenclature_current,16095b64-07be-11eb-1097-fa163ee5d2f9,БП-00003094,Компрессорно-конденсаторный агрегат на базе компрессора Frascolod Италия марки АКР Q733Y в сборе,,de1714af-8a12-11e7-af1d-30f7727a492e,false,false
Номенклатура — current,raw.r1c_nomenclature_current,867f6150-07bd-11eb-1097-fa163ee5d2f9,БП-00003091,Компрессорно-конденсаторный агрегат на базе компрессора Frascolod Италия марки АКР Z35106Y в сборе,,de1714af-8a12-11e7-af1d-30f7727a492e,false,false
Номенклатура — current,raw.r1c_nomenclature_current,65a77441-8798-11ee-9c4a-005056893620,00-00009843,Компьютер  DEXP Atlas H409 Core i5-12400 ,,ce412305-0a38-11f0-b80e-005056bde474,false,false
Номенклатура — current,raw.r1c_nomenclature_current,9b060c1e-71d9-11e7-85a2-d43d7eec442d,00-00000004,Компьютерная и бытовая техника,,bdb4a42b-094b-11f0-b80e-005056bde474,true,false
Номенклатура — current,raw.r1c_nomenclature_current,ce412305-0a38-11f0-b80e-005056bde474,00-00011864,Компьютерная техника,,9b060c1e-71d9-11e7-85a2-d43d7eec442d,true,false
Номенклатура — current,raw.r1c_nomenclature_current,d2bcb8b4-f524-11eb-9c3a-00505689ff45,АК-00003580,Комфибой Инсектицид,,f9d67774-531d-11f0-b811-005056bde474,false,false
Номенклатура — current,raw.r1c_nomenclature_current,d2bcb8b5-f524-11eb-9c3a-00505689ff45,АК-00003581,Комфорт Инсектицид,,2eaeac4d-5322-11f0-b811-005056bde474,false,false
Номенклатура — current,raw.r1c_nomenclature_current,1aaac0ca-2e5d-11eb-288c-fa163e0d31f7,БП-00003262,Конвейер загрузочный Р-200/25,,279c2c04-2e46-11eb-288c-fa163e0d31f7,false,false
Номенклатура — current,raw.r1c_nomenclature_current,9f96eb12-2e5b-11eb-288c-fa163e0d31f7,БП-00003255,Конвейер загрузочный Р-260/60,,279c2c04-2e46-11eb-288c-fa163e0d31f7,false,false
Номенклатура — current,raw.r1c_nomenclature_current,b8c925e6-2e5b-11eb-288c-fa163e0d31f7,БП-00003256,Конвейер загрузочный Р-300/25,,279c2c04-2e46-11eb-288c-fa163e0d31f7,false,false
Номенклатура — current,raw.r1c_nomenclature_current,00e38002-2e5b-11eb-288c-fa163e0d31f7,БП-00003251,Конвейер загрузочный Р-320/60,,279c2c04-2e46-11eb-288c-fa163e0d31f7,false,false
Номенклатура — current,raw.r1c_nomenclature_current,195e0b70-2e5b-11eb-288c-fa163e0d31f7,БП-00003252,Конвейер загрузочный Р-450/50,,279c2c04-2e46-11eb-288c-fa163e0d31f7,false,false
Номенклатура — current,raw.r1c_nomenclature_current,e44e0772-2e5b-11eb-288c-fa163e0d31f7,БП-00003257,"Конвейер загрузочный Р-500/70 (защитный тент,тормоз)",,279c2c04-2e46-11eb-288c-fa163e0d31f7,false,false
Номенклатура — current,raw.r1c_nomenclature_current,4f39939c-915a-11ec-9c42-00505689c8d9,00-00006159,Конвейер наклонный  Р-340/50 (регулировка скорости),,de1714af-8a12-11e7-af1d-30f7727a492e,false,false
Номенклатура — current,raw.r1c_nomenclature_current,75007fd1-915a-11ec-9c42-00505689c8d9,00-00006160,Конвейер наклонный  Р-430/50 (регулировка скорости),,de1714af-8a12-11e7-af1d-30f7727a492e,false,false
Номенклатура — current,raw.r1c_nomenclature_current,babed9b4-915b-11ec-9c42-00505689c8d9,00-00006163,"Конвейер наклонный  Р-520/50 (регулировка скорости тент,поворотные колеса)",,de1714af-8a12-11e7-af1d-30f7727a492e,false,false
Номенклатура — current,raw.r1c_nomenclature_current,4de7912c-915c-11ec-9c42-00505689c8d9,00-00006165,Конвейер наклонный  Р-550/50 (регулировка скорости тент),,de1714af-8a12-11e7-af1d-30f7727a492e,false,false
Номенклатура — current,raw.r1c_nomenclature_current,f18c759e-f7cf-11f0-b81e-005056bde474,00-00013610,Конвейерная лента,,de1714af-8a12-11e7-af1d-30f7727a492e,false,false
Номенклатура — current,raw.r1c_nomenclature_current,6166d01e-6b07-11ed-9c4d-00505689c8d9,00-00007393,Конвектор  thermor 1500м,,917ab634-0a38-11f0-b80e-005056bde474,false,false
Номенклатура — current,raw.r1c_nomenclature_current,054b28b3-80a4-11ec-9c41-00505689c8d9,00-00006046,Конвектор BALLU 2000,,917ab634-0a38-11f0-b80e-005056bde474,false,false
Номенклатура — current,raw.r1c_nomenclature_current,c192923e-6961-11eb-159e-fa163e0d31f7,БП-00003707,Конвектор BALLU ENZO BEC/EZMR-1000,,917ab634-0a38-11f0-b80e-005056bde474,false,false
Номенклатура — current,raw.r1c_nomenclature_current,2dde356e-a208-11ed-9c4c-00505689ff45,00-00007590,Конвектор BALLU ENZO BEC/EZMR-1500,,917ab634-0a38-11f0-b80e-005056bde474,false,false
Номенклатура — current,raw.r1c_nomenclature_current,89bc1891-e52a-11ee-9c4c-005056893620,00-00010282,Конвектор THERMEX  HUGGE 1000 Вт,,9b060c1e-71d9-11e7-85a2-d43d7eec442d,false,false
Номенклатура — current,raw.r1c_nomenclature_current,d79a24a4-82eb-11ed-9c4c-00505689ff45,00-00007527,Конвектор THERMEX Spot 2000M,,9b060c1e-71d9-11e7-85a2-d43d7eec442d,false,false
Номенклатура — current,raw.r1c_nomenclature_current,0715c02a-86f8-11eb-539b-fa163e0d31f7,БП-00003763,Конвектор электрический,,9b060c1e-71d9-11e7-85a2-d43d7eec442d,false,false
Номенклатура — current,raw.r1c_nomenclature_current,c0cc20a2-8799-11ee-9c4a-005056893620,00-00009845,Конвектор электрический Aceline CH-2000YNC белый,,9b060c1e-71d9-11e7-85a2-d43d7eec442d,false,false
Номенклатура — current,raw.r1c_nomenclature_current,bc590668-6d2f-11ec-9c40-00505689c8d9,АК-00005861,Конвектор электрический серия Stark LHP-M2000,,9088eeaf-75dc-11e7-af18-30f7727a492e,false,false
Номенклатура — current,raw.r1c_nomenclature_current,354a8e37-be80-11ee-9c4c-005056893620,00-00010090,Конверт 110*220,,9088ee8b-75dc-11e7-af18-30f7727a492e,false,false
Номенклатура — current,raw.r1c_nomenclature_current,1f15e05e-7886-11e7-af18-30f7727a492e,00-00000129,Конверт 162*229,,9088ee8b-75dc-11e7-af18-30f7727a492e,false,false
Номенклатура — current,raw.r1c_nomenclature_current,6b9e739a-9191-11e9-af72-30f7727a492e,00-00001717,Конверт 229*324,,9088ee8b-75dc-11e7-af18-30f7727a492e,false,false
Номенклатура — current,raw.r1c_nomenclature_current,a7d8b3fd-f6fa-11f0-b81e-005056bde474,00-00013526,Конвертер-Преобразователь интерфейсов Espada (USB/RS-485),,9b060c1e-71d9-11e7-85a2-d43d7eec442d,false,false
Номенклатура — current,raw.r1c_nomenclature_current,44e07752-cf72-11eb-bd90-fa163e0d31f7,БП-00004192,Кондиционер LENOR,,f0e4c260-a130-11e8-af4c-30f7727a492e,false,false
Номенклатура — current,raw.r1c_nomenclature_current,c03a27b4-4661-11ee-9c4e-00505689ff45,00-00009410,Кондиционер мобильный tcl tac-07cpa/rm mz ,,d56a52ab-0a38-11f0-b80e-005056bde474,false,false
Номенклатура — current,raw.r1c_nomenclature_current,bb9f8ae6-39cf-11ef-9c59-00505689ff45,00-00010680,Кондиционер мобильный tcl tac-09 белый пульт ДУ,,d56a52ab-0a38-11f0-b80e-005056bde474,false,false
Номенклатура — current,raw.r1c_nomenclature_current,488a4475-ce4b-11ed-9c4e-00505689ff45,00-00007698,Конечный присоединительный элемент без болта тип 0180/82 40,,9b060c03-71d9-11e7-85a2-d43d7eec442d,false,false
Номенклатура — current,raw.r1c_nomenclature_current,2b13de12-da94-11ed-9c4e-00505689ff45,00-00007749,Конич.роликоподшипник 30205,,9b060c03-71d9-11e7-85a2-d43d7eec442d,false,false
Номенклатура — current,raw.r1c_nomenclature_current,0c128f49-e181-11ec-9c42-00505689c8d9,00-00006581,Коническая форсунка оранжевая,,9b060c03-71d9-11e7-85a2-d43d7eec442d,false,false
Номенклатура — current,raw.r1c_nomenclature_current,d2bcb8b6-f524-11eb-9c3a-00505689ff45,АК-00003582,Конкорд Инсектицид,,2eaeac4d-5322-11f0-b811-005056bde474,false,false
Номенклатура — current,raw.r1c_nomenclature_current,d2bcb8b7-f524-11eb-9c3a-00505689ff45,АК-00003583,Конкур Инсектицид,,5e0b1519-531c-11f0-b811-005056bde474,false,false
Номенклатура — current,raw.r1c_nomenclature_current,7d5efd0d-f9e1-11eb-9c3a-00505689ff45,АК-00003914,Коннектор 8Р8С UTP 5е(RJ-45),,00000000-0000-0000-0000-000000000000,false,false
Номенклатура — current,raw.r1c_nomenclature_current,5b27117c-a01c-11eb-c683-fa163e0d31f7,БП-00003867,Коннектор пластиковый 3/8-10мм,,9088eead-75dc-11e7-af18-30f7727a492e,false,false
Номенклатура — current,raw.r1c_nomenclature_current,ad9b317e-3acb-11eb-dc8d-fa163e0d31f7,БП-00003411,Коннектор с автостопом  3/4* 18214-29.000.00 Gardena,,f7164898-2ffe-11eb-af80-fa163e0d31f7,false,false
Номенклатура — current,raw.r1c_nomenclature_current,66aef83f-d314-11ee-9c4c-005056893620,00-00010216,Консервы в жестяных банках,,f0e4c260-a130-11e8-af4c-30f7727a492e,false,false
Номенклатура — current,raw.r1c_nomenclature_current,6f9a845e-924e-11ec-9c42-00505689c8d9,00-00006224,Консоль К4 (430/2 шт.) L-500 ,,de1714af-8a12-11e7-af1d-30f7727a492e,false,false
Номенклатура — current,raw.r1c_nomenclature_current,d2bcb8b8-f524-11eb-9c3a-00505689ff45,АК-00003584,Консул Инсектицид,,2eaeac4d-5322-11f0-b811-005056bde474,false,false
Номенклатура — current,raw.r1c_nomenclature_current,a5752583-6a46-11f1-b822-005056bde474,00-00014516,Консультационные и сопроводительные услуги в области подтверждения соответствия,,2b7f4a51-094c-11f0-b80e-005056bde474,false,false
Номенклатура — current,raw.r1c_nomenclature_current,2e7af791-5359-11f1-b821-005056bde474,00-00014409,Консультационные услуги,,2b7f4a61-094c-11f0-b80e-005056bde474,false,false
Номенклатура — current,raw.r1c_nomenclature_current,1aeb231b-094c-11f0-b80e-005056bde474,00-00011793,"Консультационные, бухгалтерские, IT, юридические услуги",,9b060c57-71d9-11e7-85a2-d43d7eec442d,true,false
Номенклатура — current,raw.r1c_nomenclature_current,d2bcb8b9-f524-11eb-9c3a-00505689ff45,АК-00003585,Контадор Инсектицид,,f9d67774-531d-11f0-b811-005056bde474,false,false
Номенклатура — current,raw.r1c_nomenclature_current,c158364f-f88f-11ec-9c42-89a3dcc9992a,00-00006751,Контакт MIKRO TIMER 05-1.0,,9b060c03-71d9-11e7-85a2-d43d7eec442d,false,false
Номенклатура — current,raw.r1c_nomenclature_current,9597b5a1-c25a-11e9-af79-30f7727a492e,00-00001882,"Контактное кольцо ротора,генератор",,9b060c03-71d9-11e7-85a2-d43d7eec442d,false,false
Номенклатура — current,raw.r1c_nomenclature_current,8510c5c9-d12e-11e9-af7a-30f7727a492e,00-00001966,Контактный выключатель CONTACTEUR FEUX,,9b060c03-71d9-11e7-85a2-d43d7eec442d,false,false
Номенклатура — current,raw.r1c_nomenclature_current,f383e4a3-1826-11ef-9c4f-005056893620,00-00010565,Контактор 32А 230В/АСЗ ,,20e031f3-0a37-11f0-b80e-005056bde474,false,false
Номенклатура — current,raw.r1c_nomenclature_current,be956760-a07f-11f0-b81d-005056bde474,00-00012810,Контактор NC1-0901 9А кат. 24В AC 1НЗ AC-3 (R),,193544c0-7290-11f0-b814-005056bde474,false,false
Номенклатура — current,raw.r1c_nomenclature_current,1cef5e58-a07d-11f0-b81d-005056bde474,00-00012792,Контактор NC1-2501 25А 24В/АС3 1НЗ 50Гц (R),,193544c0-7290-11f0-b814-005056bde474,false,false
Номенклатура — current,raw.r1c_nomenclature_current,7494102b-8830-11ec-9c41-00505689c8d9,00-00006101,Контактор ИЭК КМИ-11210 12А 220В/АС3 1НО,,20e031f3-0a37-11f0-b80e-005056bde474,false,false
Номенклатура — current,raw.r1c_nomenclature_current,9de8a967-882f-11ec-9c41-00505689c8d9,00-00006100,Контактор ИЭК КМИ-11210 12А 400В/АС3 1НО,,20e031f3-0a37-11f0-b80e-005056bde474,false,false
Номенклатура — current,raw.r1c_nomenclature_current,a1f2b9cd-e667-11ed-9c4e-00505689ff45,00-00007831,Контактор ИЭК КМИ-46512 65А 230В/АСЗ  ККМ41-035-230-11,,20e031f3-0a37-11f0-b80e-005056bde474,false,false
Номенклатура — current,raw.r1c_nomenclature_current,8572e1d7-f7d5-11ec-9c42-89a3dcc9992a,00-00006720,Контактор КМ-103 12А 220В АСЗ 1НО+1НЗ,,20e031f3-0a37-11f0-b80e-005056bde474,false,false
Номенклатура — current,raw.r1c_nomenclature_current,8225335f-1d78-11ea-9522-30f7727a492e,00-00002269,Контактор КМИ-10910 9А 220В ИЭК,,20e031f3-0a37-11f0-b80e-005056bde474,false,false
Номенклатура — current,raw.r1c_nomenclature_current,fe71383b-23c7-11ea-9522-30f7727a492e,00-00002307,Контактор КМИ-10910 9А 230В/АСЗ 1НО ИЭК ККМ11-009-230-10,,20e031f3-0a37-11f0-b80e-005056bde474,false,false
Номенклатура — current,raw.r1c_nomenclature_current,fe71383c-23c7-11ea-9522-30f7727a492e,00-00002308,Контактор КМИ-10910 9А 24В/АСЗ 1НО ИЭК ККМ11-009-024-10,,20e031f3-0a37-11f0-b80e-005056bde474,false,false
Номенклатура — current,raw.r1c_nomenclature_current,9e86552b-629a-11ea-9525-30f7727a492e,00-00002521,Контактор КМИ-10910 9А 400В ИЭК,,20e031f3-0a37-11f0-b80e-005056bde474,false,false
Номенклатура — current,raw.r1c_nomenclature_current,be8215f3-01f7-11ea-951c-30f7727a492e,00-00002149,Контактор КМИ-10960 9А 220В,,20e031f3-0a37-11f0-b80e-005056bde474,false,false
Номенклатура — current,raw.r1c_nomenclature_current,9e86551f-629a-11ea-9525-30f7727a492e,00-00002509,Контактор КМИ-10960 9А 380В IP54,,20e031f3-0a37-11f0-b80e-005056bde474,false,false
Номенклатура — current,raw.r1c_nomenclature_current,fe71383d-23c7-11ea-9522-30f7727a492e,00-00002309,Контактор КМИ-11210 12А 230В/АСЗ 1НО ИЭК ККМ11-012-230-10,,20e031f3-0a37-11f0-b80e-005056bde474,false,false
Номенклатура — current,raw.r1c_nomenclature_current,f74dc6c8-1fdc-11ea-9522-30f7727a492e,00-00002290,Контактор КМИ-11210 12А 24В,,20e031f3-0a37-11f0-b80e-005056bde474,false,false
Номенклатура — current,raw.r1c_nomenclature_current,fe71383e-23c7-11ea-9522-30f7727a492e,00-00002310,Контактор КМИ-11210 12А 24В/АСЗ 1НО ИЭК ККМ11-012-024-10,,20e031f3-0a37-11f0-b80e-005056bde474,false,false
Номенклатура — current,raw.r1c_nomenclature_current,978ca199-d59a-11f0-b81e-005056bde474,00-00013074,Контактор КМИ-11810 18А 230В 1НО ИЭК,,193544c0-7290-11f0-b814-005056bde474,false,false
Номенклатура — current,raw.r1c_nomenclature_current,f74dc6c7-1fdc-11ea-9522-30f7727a492e,00-00002289,Контактор КМИ-11810 18А 24В,,20e031f3-0a37-11f0-b80e-005056bde474,false,false
Номенклатура — current,raw.r1c_nomenclature_current,bfefd2df-5a09-11ef-9c59-00505689ff45,00-00010803,Контактор КМИ-23210 32А 230В/АСЗ  1НО ИЭК,,20e031f3-0a37-11f0-b80e-005056bde474,false,false
Номенклатура — current,raw.r1c_nomenclature_current,8dab9999-5052-11ed-9c43-cb6d75bb653b,00-00007333,Контактор КМИ-23210 32А 230В/АСЗ  ККМ21-032-230-10,,20e031f3-0a37-11f0-b80e-005056bde474,false,false
Номенклатура — current,raw.r1c_nomenclature_current,afec5b5c-46f6-11ec-9c45-00505689c17d,АК-00005600,Контактор КМИ-23210 32А 400В/АСЗ  ККМ21-032-400-10,,20e031f3-0a37-11f0-b80e-005056bde474,false,false
Номенклатура — current,raw.r1c_nomenclature_current,60f2795e-e10c-11f0-b81e-005056bde474,00-00013262,Контактор ПМЛ-1160ДМ1-18А-220AC-УХЛ4-Б 300494,,193544c0-7290-11f0-b814-005056bde474,false,false
Номенклатура — current,raw.r1c_nomenclature_current,48b9fe55-7e62-11ee-9c4a-005056893620,00-00009740,"Контейнер 0,5 л",,f0e4c260-a130-11e8-af4c-30f7727a492e,false,false
Номенклатура — current,raw.r1c_nomenclature_current,9d42bf1d-683f-11ee-9c50-00505689ff45,00-00009665,Контейнер Saturn 375*225*160 мм,,9088ee8b-75dc-11e7-af18-30f7727a492e,false,false
Номенклатура — current,raw.r1c_nomenclature_current,1500806e-b239-11eb-6d90-fa163e0d31f7,БП-00003961,Контейнер деревянный для хранения с/х продукции 1600*1200*1200,,47267178-4216-11f1-b821-005056bde474,false,false
Номенклатура — current,raw.r1c_nomenclature_current,b7907c3a-84a6-11ef-9c5d-00505689ff45,00-00011248,"Контейнер для аптечки Домашний доктор 6,5л",,9088ee8b-75dc-11e7-af18-30f7727a492e,false,false
Номенклатура — current,raw.r1c_nomenclature_current,bd4c2911-84bd-11ef-9c5d-00505689ff45,00-00011270,"Контейнер п/э 1200*1000*900 сплошной, на колесах, цв.зеленый",,1b37fa4d-4216-11f1-b821-005056bde474,false,false
Номенклатура — current,raw.r1c_nomenclature_current,fb2e2321-584d-11ec-9c40-00505689c8d9,АК-00005748,Контейнер полимерный 11.602F 92PE.C10 1200х800х800,,1b37fa4d-4216-11f1-b821-005056bde474,false,false
Номенклатура — current,raw.r1c_nomenclature_current,fe3ba938-6687-11ee-9c50-00505689ff45,00-00009637,Контейнер полимерный ЛУК 6штук,,9088ee8b-75dc-11e7-af18-30f7727a492e,false,false
Номенклатура — current,raw.r1c_nomenclature_current,76f87728-0cd6-11ec-9c3a-00505689ff45,АК-00004931,Контейнер с чернилами HP GT52,,9088ee8b-75dc-11e7-af18-30f7727a492e,false,false
Номенклатура — current,raw.r1c_nomenclature_current,b6e7c0fc-0cd6-11ec-9c3a-00505689ff45,АК-00004932,Контейнер с чернилами HP GT53XL,,9088ee8b-75dc-11e7-af18-30f7727a492e,false,false
Номенклатура — current,raw.r1c_nomenclature_current,54526b12-4a3d-11f1-b821-005056bde474,00-00014194,"Контейнер универсальный М, 555х390х190 мм с крышкой 31л",,f0e4c260-a130-11e8-af4c-30f7727a492e,false,false
Номенклатура — current,raw.r1c_nomenclature_current,369cfe5e-84a6-11ef-9c5d-00505689ff45,00-00011245,"Контейнер универсальный для хранения 2,5л",,9088ee8b-75dc-11e7-af18-30f7727a492e,false,false
Номенклатура — current,raw.r1c_nomenclature_current,2e3e7f98-683f-11ee-9c50-00505689ff45,00-00009664,Контейнер универсальный для хранения 315*190/115 мм,,9088ee8b-75dc-11e7-af18-30f7727a492e,false,false
Номенклатура — current,raw.r1c_nomenclature_current,a425d39b-d183-11ef-9c5f-00505689ff45,00-00011546,Контейнер универсальный пластиковый,,f0e4c260-a130-11e8-af4c-30f7727a492e,false,false
Номенклатура — current,raw.r1c_nomenclature_current,547ebe4f-ff22-11ef-b80e-005056bde474,00-00011742,Контейнер-бак мусорный 120л. на 2-х колесах с крышкой серый,,1b37fa4d-4216-11f1-b821-005056bde474,false,false
Номенклатура — current,raw.r1c_nomenclature_current,a4b126b5-4ddd-11f1-b821-005056bde474,00-00014222,Контейнер-бак мусорный 240л с педальным приводом Г-образ зеленый ,,917ab634-0a38-11f0-b80e-005056bde474,false,false
Номенклатура — current,raw.r1c_nomenclature_current,0d1c7f5d-c9cc-11f0-b81e-005056bde474,00-00012987,Контейнер-тоннель PA104UV (дезинфекция),,f0e4c260-a130-11e8-af4c-30f7727a492e,false,false
Номенклатура — current,raw.r1c_nomenclature_current,edcc18b4-3d13-11ef-9c59-00505689ff45,00-00010692,Контейнероопрокидыватель КОБ2,,de1714af-8a12-11e7-af1d-30f7727a492e,false,false
Номенклатура — current,raw.r1c_nomenclature_current,874d0454-b374-11ee-9c4c-005056893620,00-00010055,Контейнероопрокидыватель КОБ3,,de1714af-8a12-11e7-af1d-30f7727a492e,false,false
Номенклатура — current,raw.r1c_nomenclature_current,b2494b97-d636-11ec-9c42-00505689c8d9,00-00006564,Контргайка чугун ду 15,,9088eead-75dc-11e7-af18-30f7727a492e,false,false
Номенклатура — current,raw.r1c_nomenclature_current,a079b226-d632-11ec-9c42-00505689c8d9,00-00006551,Контргайка чугун. д.40,,9088eead-75dc-11e7-af18-30f7727a492e,false,false
Номенклатура — current,raw.r1c_nomenclature_current,ad7ffe28-98de-11ee-9c4a-005056893620,00-00009909,Контролер,,20e031f3-0a37-11f0-b80e-005056bde474,false,false
Номенклатура — current,raw.r1c_nomenclature_current,c7f27253-b0ea-11ec-9c42-00505689c8d9,00-00006413,Контролер автономный СКУД,,9088eead-75dc-11e7-af18-30f7727a492e,false,false
Номенклатура — current,raw.r1c_nomenclature_current,d3cd13bc-49b2-11eb-a99a-fa163e0d31f7,БП-00003509,"Контролер радиоканальных устройств Стрелец-ПРО,f-раб 868 МГц",,ce7d79f6-49b2-11eb-a99a-fa163e0d31f7,false,false
Номенклатура — current,raw.r1c_nomenclature_current,a2def17a-5048-11ed-9c43-cb6d75bb653b,00-00007332,Контрольная панель управления Smart Storage SPJ-AGV,,9b060c03-71d9-11e7-85a2-d43d7eec442d,false,false
Номенклатура — current,raw.r1c_nomenclature_current,d2bcb8ba-f524-11eb-9c3a-00505689ff45,АК-00003586,Конфиделин Инсектицид,,f9d67774-531d-11f0-b811-005056bde474,false,false
Номенклатура — current,raw.r1c_nomenclature_current,d2bcb8bb-f524-11eb-9c3a-00505689ff45,АК-00003587,Конфиделин Супер Инсектицид,,f9d67774-531d-11f0-b811-005056bde474,false,false
Номенклатура — current,raw.r1c_nomenclature_current,d2bcb8bc-f524-11eb-9c3a-00505689ff45,АК-00003588,Конфидор Инсектицид,,f9d67774-531d-11f0-b811-005056bde474,false,false
Номенклатура — current,raw.r1c_nomenclature_current,af80e52d-bc18-11ed-9c4d-00505689ff45,00-00007650,"Конфорка электрическая D=145 мм 1квт 220в ЭКЧ 145.1,0",,20e031f3-0a37-11f0-b80e-005056bde474,false,false
Номенклатура — current,raw.r1c_nomenclature_current,eeb61bed-bc18-11ed-9c4d-00505689ff45,00-00007651,"Конфорка электрическая D=180 мм 1,5квт 220в ЭКЧ 180.1,5",,20e031f3-0a37-11f0-b80e-005056bde474,false,false
Номенклатура — current,raw.r1c_nomenclature_current,cd88d4b8-2b1f-11f0-b80e-005056bde474,00-00012194,Концевая пластина блока,,45c9e202-0a37-11f0-b80e-005056bde474,false,false
Номенклатура — current,raw.r1c_nomenclature_current,7c83b814-2b1c-11f0-b80e-005056bde474,00-00012167,Концевик,,45c9e202-0a37-11f0-b80e-005056bde474,false,false
Номенклатура — current,raw.r1c_nomenclature_current,f0c4c907-52c1-11f1-b821-005056bde474,00-00014399,Концевой выключатель TZ-8108 PROxima,,baf617a9-7290-11f0-b814-005056bde474,false,false
Номенклатура — current,raw.r1c_nomenclature_current,266686ef-eda8-11ee-9c4c-005056893620,00-00010344,Концевой выключатель для DZ500/510,,9b060c03-71d9-11e7-85a2-d43d7eec442d,false,false
Номенклатура — current,raw.r1c_nomenclature_current,744f999f-cd17-11ec-9c42-00505689c8d9,00-00006516,Концевой ролик на балку 60х70,,9088eead-75dc-11e7-af18-30f7727a492e,false,false
Номенклатура — current,raw.r1c_nomenclature_current,160be606-a759-11f1-b824-005056bde474,00-00014758,"Концентрированное универсальное нейтральное моющее средство OST Prof ""Neutral"" канистра 23кг ",,5a3c0c16-097d-11f0-b80e-005056bde474,false,false
Номенклатура — current,raw.r1c_nomenclature_current,699886c2-4398-11eb-b594-fa163e0d31f7,БП-00003453,Концентрированный раствор для снижения pH в питательном растворе,,f0e4c260-a130-11e8-af4c-30f7727a492e,false,false
Номенклатура — current,raw.r1c_nomenclature_current,ec1a18fd-e5be-11ec-9c42-00505689c8d9,00-00006628,Копирующее колесо D=400,,9b060c03-71d9-11e7-85a2-d43d7eec442d,false,false
Номенклатура — current,raw.r1c_nomenclature_current,721d5c16-13d6-11f0-b80e-005056bde474,00-00011921,Копирующее колесо Д=400,,45c9e202-0a37-11f0-b80e-005056bde474,false,false
Номенклатура — current,raw.r1c_nomenclature_current,6570d199-1424-11ef-9c4f-005056893620,00-00010526,"Копье L=90см прямое 1/4 внеш,оцинк сталь",,9b060c03-71d9-11e7-85a2-d43d7eec442d,false,false
Номенклатура — current,raw.r1c_nomenclature_current,d2bcb8bd-f524-11eb-9c3a-00505689ff45,АК-00003589,Кораген Инсектицид,,f9d67774-531d-11f0-b811-005056bde474,false,false
Номенклатура — current,raw.r1c_nomenclature_current,d2bcb8be-f524-11eb-9c3a-00505689ff45,АК-00003590,Корадо Инсектицид,,f9d67774-531d-11f0-b811-005056bde474,false,false
Номенклатура — current,raw.r1c_nomenclature_current,d94174c9-90dd-11ed-9c4c-00505689ff45,00-00007554,Кордщетка для дрели дисковая,,f7164898-2ffe-11eb-af80-fa163e0d31f7,false,false
Номенклатура — current,raw.r1c_nomenclature_current,1b4942b7-a541-11f1-b824-005056bde474,00-00014731,Кордщетка чашеобразная мягкая 75мм д/дрели ,,7b43e5b6-7292-11f0-b814-005056bde474,false,false
Номенклатура — current,raw.r1c_nomenclature_current,05f263da-e7aa-11ea-3497-fa163ee5d2f9,БП-00002970,Корзина офисная 10л пластиковая черная,,9088ee8b-75dc-11e7-af18-30f7727a492e,false,false
Номенклатура — current,raw.r1c_nomenclature_current,0ac1bb9d-849f-11ef-9c5d-00505689ff45,00-00011233,Корзина офисная 14л пластиковая черная,,9088ee8b-75dc-11e7-af18-30f7727a492e,false,false
Номенклатура — current,raw.r1c_nomenclature_current,2db5c033-6a41-11e9-af6b-30f7727a492e,00-00001544,"Корзина сцепления ЗИЛ-130,5301 лепестковая",,9b060c03-71d9-11e7-85a2-d43d7eec442d,false,false
Номенклатура — current,raw.r1c_nomenclature_current,efe0eed5-6498-11e8-af3d-30f7727a492e,00-00000866,"Корзина сцепления МТЗ-1221,2022,1522,1523",,9b060c03-71d9-11e7-85a2-d43d7eec442d,false,false
Номенклатура — current,raw.r1c_nomenclature_current,2adff9f0-53e3-11eb-2798-fa163e0d31f7,БП-00003555,Корм Китекат,,f0e4c260-a130-11e8-af4c-30f7727a492e,false,false
Номенклатура — current,raw.r1c_nomenclature_current,aa7b0db7-6262-11ec-9c40-00505689c8d9,АК-00005832,Корм Консервы для кошек,,f0e4c260-a130-11e8-af4c-30f7727a492e,false,false
Номенклатура — current,raw.r1c_nomenclature_current,3e332582-d975-11eb-6c92-fa163e0d31f7,БП-00004394,Корм для пчел Би Фонда 1 кг,,65439ec8-d96f-11eb-6c92-fa163e0d31f7,false,false
Номенклатура — current,raw.r1c_nomenclature_current,7c31f3c2-ede4-11ea-ac8d-fa163ee5d2f9,БП-00003026,"Корм для собак ""Чаппи""",,f0e4c260-a130-11e8-af4c-30f7727a492e,false,false
Номенклатура — current,raw.r1c_nomenclature_current,4d1521d8-c74f-11ea-9d96-fa163ee5d2f9,БП-00002885,Корм для собак 20кг,,f0e4c260-a130-11e8-af4c-30f7727a492e,false,false
Номенклатура — current,raw.r1c_nomenclature_current,1917bae6-5672-11eb-1f84-fa163e0d31f7,БП-00003611,Корм для собак весовой,,f0e4c260-a130-11e8-af4c-30f7727a492e,false,false
Номенклатура — current,raw.r1c_nomenclature_current,47ec5c9e-570f-11eb-a997-fa163e0d31f7,БП-00003662,Корм кошек,,f0e4c260-a130-11e8-af4c-30f7727a492e,false,false
Номенклатура — current,raw.r1c_nomenclature_current,e861e50a-5650-11eb-1f84-fa163e0d31f7,БП-00003577,Корм отруби,,f0e4c260-a130-11e8-af4c-30f7727a492e,false,false
Номенклатура — current,raw.r1c_nomenclature_current,64cc8b56-53e3-11eb-2798-fa163e0d31f7,БП-00003556,Корм пшеница,,f0e4c260-a130-11e8-af4c-30f7727a492e,false,false
Номенклатура — current,raw.r1c_nomenclature_current,be4777b2-5650-11eb-1f84-fa163e0d31f7,БП-00003576,Корм ячмень,,f0e4c260-a130-11e8-af4c-30f7727a492e,false,false
Номенклатура — current,raw.r1c_nomenclature_current,41231dde-d974-11eb-6c92-fa163e0d31f7,БП-00004390,"Кормушка пластиковая 2,4л",,65439ec8-d96f-11eb-6c92-fa163e0d31f7,false,false
Номенклатура — current,raw.r1c_nomenclature_current,51f44f41-a6a4-11ec-9c42-00505689c8d9,00-00006387,"Кормушка пластиковая 3,5 л",,65439ec8-d96f-11eb-6c92-fa163e0d31f7,false,false
Номенклатура — current,raw.r1c_nomenclature_current,50b9342b-16f4-11ed-9c43-cb6d75bb653b,00-00006847,Корневин СП,,e1243393-532a-11f0-b811-005056bde474,false,false
Номенклатура — current,raw.r1c_nomenclature_current,80f2b793-5b3b-11f0-b811-005056bde474,00-00012512,Короб архив 150мм,,9088ee8b-75dc-11e7-af18-30f7727a492e,false,false
Номенклатура — current,raw.r1c_nomenclature_current,15ad22a3-0578-11f1-b81f-005056bde474,00-00013672,Короб архивный 75мм,,9088ee8b-75dc-11e7-af18-30f7727a492e,false,false
Номенклатура — current,raw.r1c_nomenclature_current,690c6020-f6f5-11f0-b81e-005056bde474,00-00013507,"Коробка КМ41234 распаячная для о/п 100х100х50 мм IP55 (RAL7035, 6 гермовводов)",,9adc9f2a-3d8a-11f1-b821-005056bde474,false,false
Номенклатура — current,raw.r1c_nomenclature_current,0207e444-1597-11ea-9521-30f7727a492e,00-00002245,Коробка распред. ОП 100х100х50 IP54 РУВИНИЛ 67050,,9adc9f2a-3d8a-11f1-b821-005056bde474,false,false
Номенклатура — current,raw.r1c_nomenclature_current,091f9401-e538-11ee-9c4c-005056893620,00-00010291,Коробка распред. ОП 100х100х50 IP55 упак ,,9adc9f2a-3d8a-11f1-b821-005056bde474,false,false
Номенклатура — current,raw.r1c_nomenclature_current,9035d107-a056-11ec-9c42-00505689c8d9,00-00006294,Коробка распред. ОП 100х100х50 SDC 67050,,9adc9f2a-3d8a-11f1-b821-005056bde474,false,false
Номенклатура — current,raw.r1c_nomenclature_current,9e865524-629a-11ea-9525-30f7727a492e,00-00002514,Коробка распред. ОП 50х50х40 IP55 РУВИНИЛ 67030,,9adc9f2a-3d8a-11f1-b821-005056bde474,false,false
Номенклатура — current,raw.r1c_nomenclature_current,9789792b-6529-11ef-9c5c-00505689ff45,00-00010965,Коробка распред.40-0210 для О/П безгалогенная  8080*40 (105шт/кор),,9adc9f2a-3d8a-11f1-b821-005056bde474,false,false
Номенклатура — current,raw.r1c_nomenclature_current,571e9130-e538-11ee-9c4c-005056893620,00-00010292,Коробка распред.для  О/П 150х110х70 мм,,9adc9f2a-3d8a-11f1-b821-005056bde474,false,false
Номенклатура — current,raw.r1c_nomenclature_current,d76fe2a3-101b-11ee-9c4e-00505689ff45,00-00008193,Коробка распред.для о/п 85*85*40 мм,,9adc9f2a-3d8a-11f1-b821-005056bde474,false,false
Номенклатура — current,raw.r1c_nomenclature_current,901c2782-e14f-11ea-8696-fa163ee5d2f9,БП-00002930,Коробка распред.о/у 70*70*40,,9adc9f2a-3d8a-11f1-b821-005056bde474,false,false
Номенклатура — current,raw.r1c_nomenclature_current,1def83bd-98df-11ee-9c4a-005056893620,00-00009911,Коробка распределительная,,9adc9f2a-3d8a-11f1-b821-005056bde474,false,false
Номенклатура — current,raw.r1c_nomenclature_current,f95fb5c2-2cf5-11f1-b81f-005056bde474,00-00013917,Коробка распределительная ОП 100х100х50мм 6 вводов IP55 сер. Ruvinil,,9adc9f2a-3d8a-11f1-b821-005056bde474,false,false
Номенклатура — current,raw.r1c_nomenclature_current,ab5fb438-5caa-11ec-9c40-00505689c8d9,АК-00005791,Коробка уст.для блоков 65мм=0 Н=40мм с саморезом 10180С,,20e031f3-0a37-11f0-b80e-005056bde474,false,false
Номенклатура — current,raw.r1c_nomenclature_current,92099b26-2747-11ec-a9dd-00505689f463,АК-00005403,Коронка алмазная Ф30 с центр,,9b060c03-71d9-11e7-85a2-d43d7eec442d,false,false
Номенклатура — current,raw.r1c_nomenclature_current,f1098057-4c28-11ec-9c40-00505689c8d9,АК-00005674,Коронка бимет.121мм,,9088eead-75dc-11e7-af18-30f7727a492e,false,false
Номенклатура — current,raw.r1c_nomenclature_current,4164a5f7-4c23-11ec-9c40-00505689c8d9,АК-00005673,Коронка по бетону,,9088eead-75dc-11e7-af18-30f7727a492e,false,false
Номенклатура — current,raw.r1c_nomenclature_current,039b7eb4-08d3-11f1-b81f-005056bde474,00-00013742,"Корпус ARDOR GAMING Rare M2 ARGB, Midtower, Black, USB 3.0, 0.7мм, TG, Mesh, 4*120 ARGB fan+HUB, без",,ce412305-0a38-11f0-b80e-005056bde474,false,false
Номенклатура — current,raw.r1c_nomenclature_current,00a0def9-e5ad-11ec-9c42-00505689c8d9,00-00006612,Корпус PF206,,9b060c03-71d9-11e7-85a2-d43d7eec442d,false,false
Номенклатура — current,raw.r1c_nomenclature_current,eb53b14c-d96f-11eb-6c92-fa163e0d31f7,БП-00004368,Корпус Дадан Стандарт производство РБ ,,65439ec8-d96f-11eb-6c92-fa163e0d31f7,false,false
Номенклатура — current,raw.r1c_nomenclature_current,893e5b28-2d02-11f1-b81f-005056bde474,00-00013932,Корпус КП 101 1-м. бел. для кнопок ИЭК BKP10-1-K01,,34aee2dc-7290-11f0-b814-005056bde474,false,false
Номенклатура — current,raw.r1c_nomenclature_current,976fac9e-2d02-11f1-b81f-005056bde474,00-00013933,Корпус КП 102 2-м. бел. для кнопок ИЭК BKP10-2-K01,,34aee2dc-7290-11f0-b814-005056bde474,false,false
Номенклатура — current,raw.r1c_nomenclature_current,d621943a-bc19-11ed-9c4d-00505689ff45,00-00007652,Корпус КП101 для кнопок 1 место ИЭК ВКР10,,20e031f3-0a37-11f0-b80e-005056bde474,false,false
Номенклатура — current,raw.r1c_nomenclature_current,44cea6a4-5a0d-11ef-9c59-00505689ff45,00-00010821,Корпус КП101 для кнопок 1 место белый ИЭК,,20e031f3-0a37-11f0-b80e-005056bde474,false,false
Номенклатура — current,raw.r1c_nomenclature_current,a1214032-7d6f-11ea-9528-30f7727a492e,00-00002541,Корпус МТЗ-1221 подшипника РУП МТЗ,,9b060c03-71d9-11e7-85a2-d43d7eec442d,false,false
Номенклатура — current,raw.r1c_nomenclature_current,c8e407c4-d96f-11eb-6c92-fa163e0d31f7,БП-00004367,Корпус Магазин Стандарт производство РБ,,65439ec8-d96f-11eb-6c92-fa163e0d31f7,false,false
Номенклатура — current,raw.r1c_nomenclature_current,5543f645-a48f-11ee-9c4c-005056893620,00-00010010,Корпус вилок 50-1702080,,9b060c03-71d9-11e7-85a2-d43d7eec442d,false,false
Номенклатура — current,raw.r1c_nomenclature_current,4f9fa79d-b703-11f0-b81e-005056bde474,00-00012947,Корпус кнопочный 1 кнопка КП101 пластиковый белый cpb-101-w,,89da002d-7290-11f0-b814-005056bde474,false,false
Номенклатура — current,raw.r1c_nomenclature_current,b26306f6-94ee-11ea-9529-30f7727a492e,00-00002596,Корпус крепления моста 36246000,,9b060c03-71d9-11e7-85a2-d43d7eec442d,false,false
Номенклатура — current,raw.r1c_nomenclature_current,b26306f5-94ee-11ea-9529-30f7727a492e,00-00002595,Корпус крепления моста 37956500,,9b060c03-71d9-11e7-85a2-d43d7eec442d,false,false
Номенклатура — current,raw.r1c_nomenclature_current,9e865532-629a-11ea-9525-30f7727a492e,00-00002527,Корпус металлический 500*350*200 ИЭК,,9088eead-75dc-11e7-af18-30f7727a492e,false,false
Номенклатура — current,raw.r1c_nomenclature_current,34ba618b-d960-11ee-9c4c-005056893620,00-00010228,Корпус металлический ЩМП-3-0 650х500х20мм У2 IP54 IEK,,9b060c03-71d9-11e7-85a2-d43d7eec442d,false,false
Номенклатура — current,raw.r1c_nomenclature_current,78d3832a-d960-11ee-9c4c-005056893620,00-00010229,Корпус металлический ЩМП-4/4 1-0 У2 IP54 ,,9b060c03-71d9-11e7-85a2-d43d7eec442d,false,false
Номенклатура — current,raw.r1c_nomenclature_current,9e865528-629a-11ea-9525-30f7727a492e,00-00002518,"Корпус металлический ЩПН-6,1 IP54",,9088eead-75dc-11e7-af18-30f7727a492e,false,false
Номенклатура — current,raw.r1c_nomenclature_current,88a70cc7-e53d-11ee-9c4c-005056893620,00-00010303,Корпус металлический ЩУ 1/1 1 (310х300х150 мм) У1 IP66 IEK TITAN,,9adc9f2a-3d8a-11f1-b821-005056bde474,false,false
Номенклатура — current,raw.r1c_nomenclature_current,1fc5fd25-f9e3-11eb-9c3a-00505689ff45,АК-00003916,"Корпус металлический настенный IEK ЩМП-3-1 УХЛЗ IP31 GENERICA, 650х500х150(YKM41-03-31-G)",,9adc9f2a-3d8a-11f1-b821-005056bde474,false,false
Номенклатура — current,raw.r1c_nomenclature_current,b26306f4-94ee-11ea-9529-30f7727a492e,00-00002594,Корпус моста 37955910,,9b060c03-71d9-11e7-85a2-d43d7eec442d,false,false
Номенклатура — current,raw.r1c_nomenclature_current,2db365a6-5a0e-11ef-9c59-00505689ff45,00-00010823,Корпус пласт. ЩМПп 350*250*150мм УХЛ 1 IP65 IEK,,9adc9f2a-3d8a-11f1-b821-005056bde474,false,false
Номенклатура — current,raw.r1c_nomenclature_current,5e1e8c93-5a11-11ef-9c59-00505689ff45,00-00010835,Корпус пласт. ЩМПп 400*300*220мм УХЛ 1 IP65 IEK,,9adc9f2a-3d8a-11f1-b821-005056bde474,false,false
Номенклатура — current,raw.r1c_nomenclature_current,4e1ce903-5a0e-11ef-9c59-00505689ff45,00-00010824,Корпус пласт. ЩМПп 500*400*240мм УХЛ 1 IP65 IEK,,9adc9f2a-3d8a-11f1-b821-005056bde474,false,false
Номенклатура — current,raw.r1c_nomenclature_current,d680feda-5a0e-11ef-9c59-00505689ff45,00-00010825,Корпус пласт. ЩМПп 600*400*240мм УХЛ 1 IP65 IEK,,9adc9f2a-3d8a-11f1-b821-005056bde474,false,false
Номенклатура — current,raw.r1c_nomenclature_current,d1216fb4-f7d8-11ec-9c42-89a3dcc9992a,00-00006727,Корпус пластиковый навесной 4 мод КМПн 2*4 МКР42-N-04-30-12,,9088eead-75dc-11e7-af18-30f7727a492e,false,false
Номенклатура — current,raw.r1c_nomenclature_current,ca13a510-6b61-11ed-9c4d-00505689c8d9,00-00007444,Корпус пластиковый навесной 4 мод КМПн2/4,,9adc9f2a-3d8a-11f1-b821-005056bde474,false,false
Номенклатура — current,raw.r1c_nomenclature_current,530950d7-a2d7-11ed-9c4c-00505689ff45,00-00007604,Корпус подшибника PF147 ИЗ 2-Х част,,9b060c03-71d9-11e7-85a2-d43d7eec442d,false,false
Номенклатура — current,raw.r1c_nomenclature_current,e16bbb5f-002f-11ec-9c3a-00505689ff45,АК-00003966,Корпус подшибника БДЮ 01.304А,,9b060c03-71d9-11e7-85a2-d43d7eec442d,false,false
Номенклатура — current,raw.r1c_nomenclature_current,646c47f0-447a-11eb-7b94-fa163e0d31f7,БП-00003468,Корпус подшибника Н 026.016.02 (запчасть),,9b060c03-71d9-11e7-85a2-d43d7eec442d,false,false
Номенклатура — current,raw.r1c_nomenclature_current,3b0ee7cd-4260-11ee-9c4e-00505689ff45,00-00009245,Корпус подшибника ППМ 20.001,,9b060c03-71d9-11e7-85a2-d43d7eec442d,false,false
Номенклатура — current,raw.r1c_nomenclature_current,5a90818d-4260-11ee-9c4e-00505689ff45,00-00009246,Корпус подшибника ППМ 23.002,,9b060c03-71d9-11e7-85a2-d43d7eec442d,false,false
Номенклатура — current,raw.r1c_nomenclature_current,fd237941-7ccd-11ef-9c5d-00505689ff45,00-00011128,Корпус подшипника БДТ 01.305,,9b060c03-71d9-11e7-85a2-d43d7eec442d,false,false
Номенклатура — current,raw.r1c_nomenclature_current,00ca6a00-2b25-11f0-b80e-005056bde474,00-00012195,Корпус подшипника Р33.18.14.200 (со стоп кольцом),,45c9e202-0a37-11f0-b80e-005056bde474,false,false
Номенклатура — current,raw.r1c_nomenclature_current,4d887034-d96e-11ee-9c4c-005056893620,00-00010243,Корпус подшипника режущего узла БДМ (АДУ-6) 4х4.01.110,,9b060c03-71d9-11e7-85a2-d43d7eec442d,false,false
Номенклатура — current,raw.r1c_nomenclature_current,37d3e082-b23d-11eb-6d90-fa163e0d31f7,БП-00003964,Корпус распылителя КР-14 в сборе концевой,,9b060c03-71d9-11e7-85a2-d43d7eec442d,false,false
Номенклатура — current,raw.r1c_nomenclature_current,f5e2e9ba-c4e0-11ea-9291-fa163ee5d2f9,БП-00002865,Корпус термостата в сборе,,9b060c03-71d9-11e7-85a2-d43d7eec442d,false,false
Номенклатура — current,raw.r1c_nomenclature_current,115015de-2516-11ec-a9db-00505689f463,АК-00005381,Корпус тормозной левый 36835010,,9b060c03-71d9-11e7-85a2-d43d7eec442d,false,false
Номенклатура — current,raw.r1c_nomenclature_current,3b0debd0-2516-11ec-a9db-00505689f463,АК-00005382,Корпус тормозной правый 36834810,,9b060c03-71d9-11e7-85a2-d43d7eec442d,false,false
Номенклатура — current,raw.r1c_nomenclature_current,e6189c7e-c0c0-11e9-af79-30f7727a492e,00-00001822,Корпус уплотнения 77.32.012,,9b060c03-71d9-11e7-85a2-d43d7eec442d,false,false
Номенклатура — current,raw.r1c_nomenclature_current,e6189c81-c0c0-11e9-af79-30f7727a492e,00-00001825,Корпус уплотнения каретки 54.31.022,,9b060c03-71d9-11e7-85a2-d43d7eec442d,false,false
