category,source_table,object_id,object_code,original_name,full_name,parent_id,is_folder,deletion_mark
Номенклатура — current,raw.r1c_nomenclature_current,2299b4a8-e2e3-11ef-b80c-005056bde474,00-00011638,Сушка фетровая СФБ2,,de1714af-8a12-11e7-af1d-30f7727a492e,false,false
Номенклатура — current,raw.r1c_nomenclature_current,372faecf-42b4-11ef-9c59-00505689ff45,00-00010710,"Сферическая шайба DIN 6319 C6,4",,9b060c03-71d9-11e7-85a2-d43d7eec442d,false,false
Номенклатура — current,raw.r1c_nomenclature_current,dec771d7-f524-11eb-9c3a-00505689ff45,АК-00003724,Сфинкс Инсектицид,,2eaeac4d-5322-11f0-b811-005056bde474,false,false
Номенклатура — current,raw.r1c_nomenclature_current,5edc1963-cc55-11e8-af53-30f7727a492e,00-00001274,Сход-развал,,9b060c03-71d9-11e7-85a2-d43d7eec442d,false,false
Номенклатура — current,raw.r1c_nomenclature_current,9597b5a9-c25a-11e9-af79-30f7727a492e,00-00001888,Сход-развал 3D,,9b060c03-71d9-11e7-85a2-d43d7eec442d,false,false
Номенклатура — current,raw.r1c_nomenclature_current,dec771d8-f524-11eb-9c3a-00505689ff45,АК-00003725,Сценик Комби Инсектицид,,668204c4-5324-11f0-b811-005056bde474,false,false
Номенклатура — current,raw.r1c_nomenclature_current,fadc3dc0-7dc4-11ec-9c41-00505689c8d9,АК-00006022,"Сцепление МТЗ-1221,1523 лепестковое двухдисковое в сборе ТАЯ",,45c9e202-0a37-11f0-b80e-005056bde474,false,false
Номенклатура — current,raw.r1c_nomenclature_current,51af1469-0e7e-11ee-9c4e-00505689ff45,00-00008173,Сцепление МТЗ-80/82 корзина+диск Tiralli FRO706н,,9b060c03-71d9-11e7-85a2-d43d7eec442d,false,false
Номенклатура — current,raw.r1c_nomenclature_current,fdf68679-36f8-11f0-b80e-005056bde474,00-00012368,Сцепление в сборе ,,45c9e202-0a37-11f0-b80e-005056bde474,false,false
Номенклатура — current,raw.r1c_nomenclature_current,5e5503c6-3328-11f1-b81f-005056bde474,00-00014007,Счетчик ВСКМ-90 д-40,,6dd20a6a-51c7-11f0-b811-005056bde474,false,false
Номенклатура — current,raw.r1c_nomenclature_current,c1af0e8f-3326-11f1-b81f-005056bde474,00-00014002,Счетчик ОСВУ-40,,6dd20a6a-51c7-11f0-b811-005056bde474,false,false
Номенклатура — current,raw.r1c_nomenclature_current,be8215f9-01f7-11ea-951c-30f7727a492e,00-00002152,Счетчик СКВМ-15У,,ef51bf85-3d8a-11f1-b821-005056bde474,false,false
Номенклатура — current,raw.r1c_nomenclature_current,d7eb66e0-c732-11ea-9d96-fa163ee5d2f9,БП-00002872,Счетчик для воды,,f0e4c260-a130-11e8-af4c-30f7727a492e,false,false
Номенклатура — current,raw.r1c_nomenclature_current,c5f44371-c680-11ee-9c4c-005056893620,00-00010158,Счетчик для горячей воды Декаст СТВУ 50.L200 Ду50,,f0e4c260-a130-11e8-af4c-30f7727a492e,false,false
Номенклатура — current,raw.r1c_nomenclature_current,12376c7e-b0eb-11ec-9c42-00505689c8d9,00-00006414,Считыватель бесконтакный,,9088eead-75dc-11e7-af18-30f7727a492e,false,false
Номенклатура — current,raw.r1c_nomenclature_current,b8e12fc1-f4cb-11ed-9c4e-00505689ff45,00-00008029,Считыватель бесконтакный УМКа210,,683c72a5-0a38-11f0-b80e-005056bde474,false,false
Номенклатура — current,raw.r1c_nomenclature_current,c6ba82b6-80a8-11ef-9c5d-00505689ff45,00-00011174,Счищающий палец 28х156,,9b060c03-71d9-11e7-85a2-d43d7eec442d,false,false
Номенклатура — current,raw.r1c_nomenclature_current,7889f75d-0c2a-11ec-9c3a-00505689ff45,АК-00004878,Съемник 3-ст,,f7164898-2ffe-11eb-af80-fa163e0d31f7,false,false
Номенклатура — current,raw.r1c_nomenclature_current,aee8e3f4-1144-11f1-b81f-005056bde474,00-00013776,Съемник 3-х лапый 13-38мм с внутр.захватом,,45c9e202-0a37-11f0-b80e-005056bde474,false,false
Номенклатура — current,raw.r1c_nomenclature_current,3b249b3b-0c31-11ec-9c3a-00505689ff45,АК-00004898,Съемник 3-х лапый шарнирный 150 мм AVS GP36,,f7164898-2ffe-11eb-af80-fa163e0d31f7,false,false
Номенклатура — current,raw.r1c_nomenclature_current,03bdfdb0-efad-11f0-b81e-005056bde474,00-00013380,Съемник гидравлический с выносным насосом СГН-10 КВТ ,,007d76f1-0a39-11f0-b80e-005056bde474,false,false
Номенклатура — current,raw.r1c_nomenclature_current,e529f539-86df-11ed-9c4c-00505689ff45,00-00007547,Съемник масленных фильтров трехлапый ,,9b060c03-71d9-11e7-85a2-d43d7eec442d,false,false
Номенклатура — current,raw.r1c_nomenclature_current,c07a64ff-b497-11f0-b81e-005056bde474,00-00012923,Съемник масленных фильтров цепной RF-619375,,45c9e202-0a37-11f0-b80e-005056bde474,false,false
Номенклатура — current,raw.r1c_nomenclature_current,508083f6-2520-11ed-9c43-cb6d75bb653b,00-00007047,Съемник столорных колец,,f7164898-2ffe-11eb-af80-fa163e0d31f7,false,false
Номенклатура — current,raw.r1c_nomenclature_current,87c67400-0c2a-11ec-9c3a-00505689ff45,АК-00004879,Съемник стоп,,f7164898-2ffe-11eb-af80-fa163e0d31f7,false,false
Номенклатура — current,raw.r1c_nomenclature_current,316d9800-6a20-11f1-b822-005056bde474,00-00014512,Сырьё картофель давальческое,,37565e10-695b-11f1-b822-005056bde474,false,false
Номенклатура — current,raw.r1c_nomenclature_current,dec771d9-f524-11eb-9c3a-00505689ff45,АК-00003726,Сэмпай Инсектицид,,f9d67774-531d-11f0-b811-005056bde474,false,false
Номенклатура — current,raw.r1c_nomenclature_current,56e47e96-ae41-11ef-9c5e-00505689ff45,00-00011425,Сэндвич-панель Теплопремиум 13000х1000х150,,9088eead-75dc-11e7-af18-30f7727a492e,false,true
Номенклатура — current,raw.r1c_nomenclature_current,e36194e0-ae40-11ef-9c5e-00505689ff45,00-00011423,Сэндвич-панель Теплопремиум 1340х1200х120,,9088eead-75dc-11e7-af18-30f7727a492e,false,true
Номенклатура — current,raw.r1c_nomenclature_current,7e01abb9-ae40-11ef-9c5e-00505689ff45,00-00011422,Сэндвич-панель Теплопремиум 1660х1200х120,,9088eead-75dc-11e7-af18-30f7727a492e,false,true
Номенклатура — current,raw.r1c_nomenclature_current,3079993d-ae40-11ef-9c5e-00505689ff45,00-00011421,Сэндвич-панель Теплопремиум 360х1200х120,,9088eead-75dc-11e7-af18-30f7727a492e,false,true
Номенклатура — current,raw.r1c_nomenclature_current,b0962e93-ae3f-11ef-9c5e-00505689ff45,00-00011419,Сэндвич-панель Теплопремиум 5960х1200х120,,9088eead-75dc-11e7-af18-30f7727a492e,false,true
Номенклатура — current,raw.r1c_nomenclature_current,ee692f01-ae3f-11ef-9c5e-00505689ff45,00-00011420,Сэндвич-панель Теплопремиум 5990х1200х120,,9088eead-75dc-11e7-af18-30f7727a492e,false,true
Номенклатура — current,raw.r1c_nomenclature_current,6c2d0f2d-ae3f-11ef-9c5e-00505689ff45,00-00011418,Сэндвич-панель Теплопремиум 6380х1200х120,,9088eead-75dc-11e7-af18-30f7727a492e,false,true
Номенклатура — current,raw.r1c_nomenclature_current,1a450124-ae41-11ef-9c5e-00505689ff45,00-00011424,Сэндвич-панель Теплопремиум 6460х1200х120,,9088eead-75dc-11e7-af18-30f7727a492e,false,true
Номенклатура — current,raw.r1c_nomenclature_current,80d8ec14-bb9f-11ef-9c5f-00505689ff45,00-00011482,Сэндвич-панель Теплопремиум СППС-К 13000х1000х150,,9088eead-75dc-11e7-af18-30f7727a492e,false,false
Номенклатура — current,raw.r1c_nomenclature_current,1415fa0c-bb9f-11ef-9c5f-00505689ff45,00-00011480,Сэндвич-панель Теплопремиум СППС-С 1340х1200х120,,9088eead-75dc-11e7-af18-30f7727a492e,false,false
Номенклатура — current,raw.r1c_nomenclature_current,dc313456-bb9e-11ef-9c5f-00505689ff45,00-00011479,Сэндвич-панель Теплопремиум СППС-С 1660х1200х120,,9088eead-75dc-11e7-af18-30f7727a492e,false,false
Номенклатура — current,raw.r1c_nomenclature_current,a435268e-bb9e-11ef-9c5f-00505689ff45,00-00011478,Сэндвич-панель Теплопремиум СППС-С 360х1200х120,,9088eead-75dc-11e7-af18-30f7727a492e,false,false
Номенклатура — current,raw.r1c_nomenclature_current,09e22453-bb9e-11ef-9c5f-00505689ff45,00-00011476,Сэндвич-панель Теплопремиум СППС-С 5960х1200х120,,9088eead-75dc-11e7-af18-30f7727a492e,false,false
Номенклатура — current,raw.r1c_nomenclature_current,5321e58c-bb9e-11ef-9c5f-00505689ff45,00-00011477,Сэндвич-панель Теплопремиум СППС-С 5990х1200х120,,9088eead-75dc-11e7-af18-30f7727a492e,false,false
Номенклатура — current,raw.r1c_nomenclature_current,a57d8c5f-bb9d-11ef-9c5f-00505689ff45,00-00011475,Сэндвич-панель Теплопремиум СППС-С 6380х1200х120,,9088eead-75dc-11e7-af18-30f7727a492e,false,false
Номенклатура — current,raw.r1c_nomenclature_current,52f40be8-bb9f-11ef-9c5f-00505689ff45,00-00011481,Сэндвич-панель Теплопремиум СППС-С 6460х1200х120,,9088eead-75dc-11e7-af18-30f7727a492e,false,false
Номенклатура — current,raw.r1c_nomenclature_current,c52e5722-07bc-11eb-1097-fa163ee5d2f9,БП-00003089,Сэндвич-панель стеновая PIR ПСТ 467 1185 80 RAL 9003,,de1714af-8a12-11e7-af1d-30f7727a492e,false,false
Номенклатура — current,raw.r1c_nomenclature_current,25bad670-03f2-11eb-ac9e-fa163ee5d2f9,БП-00003076,Сэндвич-панель стеновая PIR ПСТ 552 1185 80 RAL 9003,,de1714af-8a12-11e7-af1d-30f7727a492e,false,false
Номенклатура — current,raw.r1c_nomenclature_current,9ca4ac3e-07bc-11eb-1097-fa163ee5d2f9,БП-00003088,Сэндвич-панель стеновая PIR ПСТ 600 1185 80 RAL 9003,,de1714af-8a12-11e7-af1d-30f7727a492e,false,false
Номенклатура — current,raw.r1c_nomenclature_current,dec771f9-f524-11eb-9c3a-00505689ff45,АК-00003758,ТМТД 021-02-1694-1 Инсектицид,,668204c4-5324-11f0-b811-005056bde474,false,false
Номенклатура — current,raw.r1c_nomenclature_current,dec771fa-f524-11eb-9c3a-00505689ff45,АК-00003759,ТМТД 050-02-994-1 Инсектицид,,668204c4-5324-11f0-b811-005056bde474,false,false
Номенклатура — current,raw.r1c_nomenclature_current,a385d0ca-fe20-11ed-9c4e-00505689ff45,00-00008049,"ТМТД,ВСК Инсектицид",,668204c4-5324-11f0-b811-005056bde474,false,false
Номенклатура — current,raw.r1c_nomenclature_current,dec771f7-f524-11eb-9c3a-00505689ff45,АК-00003756,ТМТД-плюс 2031-10-107-231- Инсектицид,,668204c4-5324-11f0-b811-005056bde474,false,false
Номенклатура — current,raw.r1c_nomenclature_current,dec771f8-f524-11eb-9c3a-00505689ff45,АК-00003757,ТМТД-плюс 2031-10-107-231-0-0-0-0 Инсектицид,,668204c4-5324-11f0-b811-005056bde474,false,false
Номенклатура — current,raw.r1c_nomenclature_current,df8f070a-5ba6-11ed-9c44-005056893f2c,00-00007363,ТО,,52c3cca5-0968-11f0-b80e-005056bde474,false,false
Номенклатура — current,raw.r1c_nomenclature_current,5c3f2ce9-14eb-11ed-9c43-cb6d75bb653b,00-00006842,ТЭН 400 W для  R1.R2 малый,,9b060c03-71d9-11e7-85a2-d43d7eec442d,false,false
Номенклатура — current,raw.r1c_nomenclature_current,aeedab4f-682d-11ee-9c50-00505689ff45,00-00009653,ТЭН 900W для R1.R2 большой,,9b060c03-71d9-11e7-85a2-d43d7eec442d,false,false
Номенклатура — current,raw.r1c_nomenclature_current,dec771da-f524-11eb-9c3a-00505689ff45,АК-00003727,Табазол Инсектицид,,f9d67774-531d-11f0-b811-005056bde474,false,false
Номенклатура — current,raw.r1c_nomenclature_current,dec771db-f524-11eb-9c3a-00505689ff45,АК-00003728,Табачная Инсектицид,,f9d67774-531d-11f0-b811-005056bde474,false,false
Номенклатура — current,raw.r1c_nomenclature_current,ac56dd14-ca0d-11eb-2782-fa163e0d31f7,БП-00004134,"Табличка А4 ""ВОРОВСТВО УРОЖАЯ""",,f0e4c260-a130-11e8-af4c-30f7727a492e,false,false
Номенклатура — current,raw.r1c_nomenclature_current,9b98e1d6-43c6-11ed-9c43-cb6d75bb653b,00-00007222,Табличка адресная ,,f0e4c260-a130-11e8-af4c-30f7727a492e,false,false
Номенклатура — current,raw.r1c_nomenclature_current,3464b287-741a-11ee-9c4a-005056893620,00-00009708,Табличка информационная из ПВХ,,f0e4c260-a130-11e8-af4c-30f7727a492e,false,false
Номенклатура — current,raw.r1c_nomenclature_current,b90f9ddf-749f-11ee-9c4a-005056893620,00-00009716,Табло Выход,,cf1ab97a-749e-11ee-9c4a-005056893620,false,false
Номенклатура — current,raw.r1c_nomenclature_current,39e30eb3-f354-11eb-9c3a-00505689ff45,АК-00003313,Табу Супер СК Протравливатель ,,668204c4-5324-11f0-b811-005056bde474,false,false
Номенклатура — current,raw.r1c_nomenclature_current,1f263696-915e-11ec-9c42-00505689c8d9,00-00006168,Табурет,,9088eeac-75dc-11e7-af18-30f7727a492e,false,false
Номенклатура — current,raw.r1c_nomenclature_current,aa053dfb-17af-11f1-b81f-005056bde474,00-00013844,Табурет Сатурн 18 серый 31000,,9088eeac-75dc-11e7-af18-30f7727a492e,false,false
Номенклатура — current,raw.r1c_nomenclature_current,dec771dc-f524-11eb-9c3a-00505689ff45,АК-00003729,Тагор Инсектицид,,f9d67774-531d-11f0-b811-005056bde474,false,false
Номенклатура — current,raw.r1c_nomenclature_current,e514a057-11bb-11ea-9520-30f7727a492e,00-00002219,Таз,,f0e4c260-a130-11e8-af4c-30f7727a492e,false,false
Номенклатура — current,raw.r1c_nomenclature_current,f3b9cc1e-49bd-11eb-a99a-fa163e0d31f7,БП-00003537,Таз 11 л полипропилен d=34/16см для пищевых продуктов.,,917ab634-0a38-11f0-b80e-005056bde474,false,false
Номенклатура — current,raw.r1c_nomenclature_current,4ea05570-55cb-11ec-9c40-00505689c8d9,АК-00005734,Таз 16л пластик круглый,,f0e4c260-a130-11e8-af4c-30f7727a492e,false,false
Номенклатура — current,raw.r1c_nomenclature_current,dd7d7af5-bbb0-11ef-9c5f-00505689ff45,00-00011497,Таз 60л строительный,,9088eead-75dc-11e7-af18-30f7727a492e,false,false
Номенклатура — current,raw.r1c_nomenclature_current,0cc01e82-49b1-11eb-a99a-fa163e0d31f7,БП-00003505,"Таз 9,5л d=35/16см полипропилен",,1b37fa4d-4216-11f1-b821-005056bde474,false,false
Номенклатура — current,raw.r1c_nomenclature_current,7962cfe0-6f9a-11ec-9c40-00505689c8d9,АК-00005933,Таз пластмассовый 40л строительный,,9088eead-75dc-11e7-af18-30f7727a492e,false,false
Номенклатура — current,raw.r1c_nomenclature_current,a11152a4-a019-11eb-c683-fa163e0d31f7,БП-00003861,Таймер электрический LCD ДИСПЛ TGE-2 OК,,20e031f3-0a37-11f0-b80e-005056bde474,false,false
Номенклатура — current,raw.r1c_nomenclature_current,151b8034-439a-11eb-b594-fa163e0d31f7,БП-00003458,Таймер электрический ТМ31,,683c72a5-0a38-11f0-b80e-005056bde474,false,false
Номенклатура — current,raw.r1c_nomenclature_current,41de7900-439a-11eb-b594-fa163e0d31f7,БП-00003459,Таймер электронный ТМ22,,683c72a5-0a38-11f0-b80e-005056bde474,false,false
Номенклатура — current,raw.r1c_nomenclature_current,dec771dd-f524-11eb-9c3a-00505689ff45,АК-00003730,Тайра Инсектицид,,f9d67774-531d-11f0-b811-005056bde474,false,false
Номенклатура — current,raw.r1c_nomenclature_current,dec771de-f524-11eb-9c3a-00505689ff45,АК-00003731,Тайшин Инсектицид,,f9d67774-531d-11f0-b811-005056bde474,false,false
Номенклатура — current,raw.r1c_nomenclature_current,dec771df-f524-11eb-9c3a-00505689ff45,АК-00003732,Талант Инсектицид,,2eaeac4d-5322-11f0-b811-005056bde474,false,false
Номенклатура — current,raw.r1c_nomenclature_current,2b17bcac-f2da-11eb-9c3a-00505689ff45,АК-00003292,"Талант, СК Фунгицид ",,2eaeac4d-5322-11f0-b811-005056bde474,false,false
Номенклатура — current,raw.r1c_nomenclature_current,62febbc0-cdb2-11eb-bd90-fa163e0d31f7,БП-00004151,Талреп  М10 3.0,,f0e4c260-a130-11e8-af4c-30f7727a492e,false,false
Номенклатура — current,raw.r1c_nomenclature_current,041fe69f-3329-11f1-b81f-005056bde474,00-00014013,Талреп М8,,3891ada2-0a39-11f0-b80e-005056bde474,false,false
Номенклатура — current,raw.r1c_nomenclature_current,96277b2d-2b25-11f0-b80e-005056bde474,00-00012198,Талреп ТЛ-3.00.00Г винт регулировки глубины,,45c9e202-0a37-11f0-b80e-005056bde474,false,false
Номенклатура — current,raw.r1c_nomenclature_current,a005f471-f805-11ee-9c4c-005056893620,00-00010405,Талреп крюк-кольцо М12,,f0e4c260-a130-11e8-af4c-30f7727a492e,false,false
Номенклатура — current,raw.r1c_nomenclature_current,d0479587-09a3-11e9-af60-30f7727a492e,00-00001387,Таль цепная ,,007d76f1-0a39-11f0-b80e-005056bde474,false,false
Номенклатура — current,raw.r1c_nomenclature_current,e7412c1a-faaf-11f0-b81e-005056bde474,00-00013645,Тальковые мелки сварщика 5 шт ЗУБР ,,45c9e202-0a37-11f0-b80e-005056bde474,false,false
Номенклатура — current,raw.r1c_nomenclature_current,3cccb945-b4f2-11ec-9c42-00505689c8d9,00-00006428,Таношанс. ВДГ,,2eaeac4d-5322-11f0-b811-005056bde474,false,false
Номенклатура — current,raw.r1c_nomenclature_current,dec771e0-f524-11eb-9c3a-00505689ff45,АК-00003733,Танрек Инсектицид,,f9d67774-531d-11f0-b811-005056bde474,false,false
Номенклатура — current,raw.r1c_nomenclature_current,5ab55379-6b0c-11ed-9c4d-00505689c8d9,00-00007401,Тапреп 10,,9088eead-75dc-11e7-af18-30f7727a492e,false,false
Номенклатура — current,raw.r1c_nomenclature_current,df6f978d-f7e0-11ec-9c42-89a3dcc9992a,00-00006742,Тапреп 14,,9088eead-75dc-11e7-af18-30f7727a492e,false,false
Номенклатура — current,raw.r1c_nomenclature_current,0752af3e-a620-11ec-9c42-00505689c8d9,00-00006359,Тапреп 8,,9088eead-75dc-11e7-af18-30f7727a492e,false,false
Номенклатура — current,raw.r1c_nomenclature_current,9088eeab-75dc-11e7-af18-30f7727a492e,00-00000064,Тара,,d5f1fbeb-094b-11f0-b80e-005056bde474,true,false
Номенклатура — current,raw.r1c_nomenclature_current,9b060ca5-71d9-11e7-85a2-d43d7eec442d,00000041   ,Тара 19 л,,1b37fa4d-4216-11f1-b821-005056bde474,false,false
Номенклатура — current,raw.r1c_nomenclature_current,dec771e1-f524-11eb-9c3a-00505689ff45,АК-00003734,Таран Инсектицид,,f9d67774-531d-11f0-b811-005056bde474,false,false
Номенклатура — current,raw.r1c_nomenclature_current,9587ebeb-948a-11f0-b818-005056bde474,00-00012744,Тарелка левая LM30,,45c9e202-0a37-11f0-b80e-005056bde474,false,false
Номенклатура — current,raw.r1c_nomenclature_current,72ca1d34-948a-11f0-b818-005056bde474,00-00012743,Тарелка правая LM30,,45c9e202-0a37-11f0-b80e-005056bde474,false,false
Номенклатура — current,raw.r1c_nomenclature_current,592fdc6e-2659-11ee-9c4e-00505689ff45,00-00008365,Тауреб. Крепеж,,9b060c03-71d9-11e7-85a2-d43d7eec442d,false,false
Номенклатура — current,raw.r1c_nomenclature_current,dec771e2-f524-11eb-9c3a-00505689ff45,АК-00003735,Тачигарен Инсектицид,,2eaeac4d-5322-11f0-b811-005056bde474,false,false
Номенклатура — current,raw.r1c_nomenclature_current,8f65d66f-dc97-11ef-b80c-005056bde474,00-00011581,Тачка DDE самосвал четырехколесная с кузовом 200л,,9088eeaf-75dc-11e7-af18-30f7727a492e,false,false
Номенклатура — current,raw.r1c_nomenclature_current,6532dcd7-fe5a-11ed-9c4e-00505689ff45,00-00008057,Тачка садовая 2-х колесная 170кг,,9088eeaf-75dc-11e7-af18-30f7727a492e,false,false
Номенклатура — current,raw.r1c_nomenclature_current,7bd4ca21-6533-11ef-9c5c-00505689ff45,00-00010974,Тачка садовая Polsad грузоподъемность 160 кг объем 78 л ,,9088eeaf-75dc-11e7-af18-30f7727a492e,false,false
Номенклатура — current,raw.r1c_nomenclature_current,7ff0fb2a-8a51-11ec-9c42-00505689c8d9,00-00006136,"Тачка садово-строительная ,усиленная 90л",,9088eeaf-75dc-11e7-af18-30f7727a492e,false,false
Номенклатура — current,raw.r1c_nomenclature_current,19db6240-4c22-11ec-9c40-00505689c8d9,АК-00005670,Тачка строительная  двухколесная 110л,,9088eeaf-75dc-11e7-af18-30f7727a492e,false,false
Номенклатура — current,raw.r1c_nomenclature_current,9b060ca6-71d9-11e7-85a2-d43d7eec442d,00000102   ,Тачка строительная 1 колесо,,9088eeaf-75dc-11e7-af18-30f7727a492e,false,false
Номенклатура — current,raw.r1c_nomenclature_current,d047956e-09a3-11e9-af60-30f7727a492e,00-00001364,Тачка строительная 110л,,9088eeaf-75dc-11e7-af18-30f7727a492e,false,false
Номенклатура — current,raw.r1c_nomenclature_current,d6ac3734-0b92-11ea-a46e-94de80168a80,00-00002200,Твердотельный накопитель SSD 2.5.SATA-3 240gb,,9088ee8b-75dc-11e7-af18-30f7727a492e,false,false
Номенклатура — current,raw.r1c_nomenclature_current,f29c6f9a-08d2-11f1-b81f-005056bde474,00-00013740,Твердотельный накопитель SSD M.2 2280 1Tb A-Data LEGEND 710 [ALEG-710-1TCS] 3D NAND (R2400/W1800MB/s,,ce412305-0a38-11f0-b80e-005056bde474,false,false
Номенклатура — current,raw.r1c_nomenclature_current,dec771e3-f524-11eb-9c3a-00505689ff45,АК-00003736,Тебузан Инсектицид,,2eaeac4d-5322-11f0-b811-005056bde474,false,false
Номенклатура — current,raw.r1c_nomenclature_current,dec771e4-f524-11eb-9c3a-00505689ff45,АК-00003737,Тебузил Инсектицид,,2eaeac4d-5322-11f0-b811-005056bde474,false,false
Номенклатура — current,raw.r1c_nomenclature_current,dec771e5-f524-11eb-9c3a-00505689ff45,АК-00003738,Тебузол Инсектицид,,2eaeac4d-5322-11f0-b811-005056bde474,false,false
Номенклатура — current,raw.r1c_nomenclature_current,dec771e6-f524-11eb-9c3a-00505689ff45,АК-00003739,Тебуконазол Инсектицид,,2eaeac4d-5322-11f0-b811-005056bde474,false,false
Номенклатура — current,raw.r1c_nomenclature_current,dec771e7-f524-11eb-9c3a-00505689ff45,АК-00003740,Тебутин Инсектицид,,668204c4-5324-11f0-b811-005056bde474,false,false
Номенклатура — current,raw.r1c_nomenclature_current,e9d37a20-d805-11eb-d199-fa163e0d31f7,БП-00004310,Телевизор LED 32* (80см) (HD 1366х768),,d56a52ab-0a38-11f0-b80e-005056bde474,false,false
Номенклатура — current,raw.r1c_nomenclature_current,7f4d6a06-925e-11f1-b824-005056bde474,00-00014706,"Телевизор LED 55"" (138 см) Samsung UE55U8000FUXRU [4K UltraHD; Direct LED; 60 Гц; Tizen]",,9b060c1e-71d9-11e7-85a2-d43d7eec442d,false,false
Номенклатура — current,raw.r1c_nomenclature_current,87d9075c-ec94-11e7-a3ff-94de80168a80,00-00000612,Тележка гидравлическая 25000кг 1150мм XILN DF-III,,917ab634-0a38-11f0-b80e-005056bde474,false,false
Номенклатура — current,raw.r1c_nomenclature_current,70350647-8790-11ee-9c4a-005056893620,00-00009840,"Тележка гидравлическая CBY-OF2.0 L1150мм, В=550 мм",,917ab634-0a38-11f0-b80e-005056bde474,false,false
Номенклатура — current,raw.r1c_nomenclature_current,7f290fff-efc4-11f0-b81e-005056bde474,00-00013396,"Тележка гидравлическая CW30 с весами,PROLIFT грузоподъемность 3000кг,1150х555мм, колеса полиуретан ",,b0f144fe-735f-11f0-b814-005056bde474,false,false
Номенклатура — current,raw.r1c_nomenclature_current,7540dccf-5ecb-11ef-9c5c-00505689ff45,00-00010878,"Тележка гидравлическая PROLIFT JC 20, 2000кг,1150*550 мм, ПУ колеса",,917ab634-0a38-11f0-b80e-005056bde474,false,false
Номенклатура — current,raw.r1c_nomenclature_current,1c97229a-03e5-11eb-ac9e-fa163ee5d2f9,БП-00003069,"Тележка гидравлическая АС25 грузоподъемность 2500 кг,колеса резина,вилы 1150х550мм",,917ab634-0a38-11f0-b80e-005056bde474,false,false
Номенклатура — current,raw.r1c_nomenclature_current,9b060c1b-71d9-11e7-85a2-d43d7eec442d,00000142   ,Тележка гидравлическая складская 118205,,917ab634-0a38-11f0-b80e-005056bde474,false,false
Номенклатура — current,raw.r1c_nomenclature_current,36c9c3a2-692e-11f0-b811-005056bde474,00-00012585,Тележка для ящиков 600х400,,9b060c15-71d9-11e7-85a2-d43d7eec442d,false,false
Номенклатура — current,raw.r1c_nomenclature_current,421d7e76-d976-11eb-6c92-fa163e0d31f7,БП-00004402,Тележка-подъемник пасечная,,65439ec8-d96f-11eb-6c92-fa163e0d31f7,false,false
Номенклатура — current,raw.r1c_nomenclature_current,3bb544d3-589a-11ea-8118-d43d7ec071d4,00-00002502,Телескопический транспортер ТТ 17-80 ЭЛ (с электроприводом),,9b060cbb-71d9-11e7-85a2-d43d7eec442d,false,false
Номенклатура — current,raw.r1c_nomenclature_current,5edc1982-cc55-11e8-af53-30f7727a492e,00-00001300,Телефон сотовый Nokia,,e6b715af-0a38-11f0-b80e-005056bde474,false,false
Номенклатура — current,raw.r1c_nomenclature_current,f02c8674-1527-11eb-aa97-fa163e0d31f7,БП-00003153,Температурный датчик для влагомера Wile 651,,683c72a5-0a38-11f0-b80e-005056bde474,false,false
Номенклатура — current,raw.r1c_nomenclature_current,701aa806-7e2a-11ee-9c4a-005056893620,00-00009726,Температурный переключатель Linde 7915495003,,20e031f3-0a37-11f0-b80e-005056bde474,false,false
Номенклатура — current,raw.r1c_nomenclature_current,eaa6f5eb-dbc8-11ee-9c4c-005056893620,00-00010247,Температурный сенсор воздуха снаружи PC 02N5K (11),,9b060c03-71d9-11e7-85a2-d43d7eec442d,false,false
Номенклатура — current,raw.r1c_nomenclature_current,681b066e-6d4a-11ec-9c40-00505689c8d9,АК-00005878,Тен большой 900 Вт,,9b060c03-71d9-11e7-85a2-d43d7eec442d,false,false
Номенклатура — current,raw.r1c_nomenclature_current,4c143670-3ac7-11eb-dc8d-fa163e0d31f7,БП-00003398,Тен нагревательный 400 W,,9b060c03-71d9-11e7-85a2-d43d7eec442d,false,false
Номенклатура — current,raw.r1c_nomenclature_current,5b6476a9-d5a5-11f0-b81e-005056bde474,00-00013077,"Тент ""Тарпикс"" 180г/м2, 10х15м",,e857fb59-7295-11f0-b814-005056bde474,false,false
Номенклатура — current,raw.r1c_nomenclature_current,82dce601-d5a5-11f0-b81e-005056bde474,00-00013078,"Тент ""Тарпикс"" 180г/м2, 10х20м",,e857fb59-7295-11f0-b814-005056bde474,false,false
Номенклатура — current,raw.r1c_nomenclature_current,ebbffd2e-6930-11f0-b811-005056bde474,00-00012588,Тент 180г/м2 усиленный край 3мх5м с люверсами,,f0e4c260-a130-11e8-af4c-30f7727a492e,false,false
Номенклатура — current,raw.r1c_nomenclature_current,2ba78ea3-c4fe-11ef-9c5f-00505689ff45,00-00011538,Тепловая пушка дизельная ТДПН-50000,,e6b715af-0a38-11f0-b80e-005056bde474,false,false
Номенклатура — current,raw.r1c_nomenclature_current,18f82291-d95c-11ee-9c4c-005056893620,00-00010224,Тепловая пушка дизельная прямого нагрева DHG 30.02,,e6b715af-0a38-11f0-b80e-005056bde474,false,false
Номенклатура — current,raw.r1c_nomenclature_current,5d5dbe12-e156-11ea-8696-fa163ee5d2f9,БП-00002943,Тепловая пушка электрическая BALLU BHP-P2-22 (380В) круглая PRORAB-2,,e6b715af-0a38-11f0-b80e-005056bde474,false,false
Номенклатура — current,raw.r1c_nomenclature_current,c2b43d3e-695c-11eb-159e-fa163e0d31f7,БП-00003694,Тепловентилятор,,20e031f3-0a37-11f0-b80e-005056bde474,false,false
Номенклатура — current,raw.r1c_nomenclature_current,2b4f4fe3-e996-11e9-af7d-30f7727a492e,00-00002076,Теплоизлучатель 150 Вт,,20e031f3-0a37-11f0-b80e-005056bde474,false,false
Номенклатура — current,raw.r1c_nomenclature_current,cd482c62-5cad-11ec-9c40-00505689c8d9,АК-00005797,Теплоизлучатель 150 ЛОН,,20e031f3-0a37-11f0-b80e-005056bde474,false,false
Номенклатура — current,raw.r1c_nomenclature_current,5dd3717c-a2a8-11f0-b81d-005056bde474,00-00012840,Теплоизоляция д труб 110x9мм 1м,,6dd20a6a-51c7-11f0-b811-005056bde474,false,false
Номенклатура — current,raw.r1c_nomenclature_current,9cd8555f-93b5-11f0-b818-005056bde474,00-00012726,Теплоноситель (жидкость для системы отопления),,61667ada-9743-11ed-9c4c-00505689ff45,false,false
Номенклатура — current,raw.r1c_nomenclature_current,dec771e8-f524-11eb-9c3a-00505689ff45,АК-00003741,Терапевт Про Инсектицид,,2eaeac4d-5322-11f0-b811-005056bde474,false,false
Номенклатура — current,raw.r1c_nomenclature_current,c7feceae-f636-11f0-b81e-005056bde474,00-00013436,Терминал RP (МАССА-К),,9b060c1e-71d9-11e7-85a2-d43d7eec442d,false,false
Номенклатура — current,raw.r1c_nomenclature_current,5ebe849e-e4b3-11f0-b81e-005056bde474,00-00013324,Терминал сбора данных Mindeo M50,,9b060c1e-71d9-11e7-85a2-d43d7eec442d,false,false
Номенклатура — current,raw.r1c_nomenclature_current,a2a2b9c2-e531-11ee-9c4c-005056893620,00-00010285,Термобокс 20л,,f0e4c260-a130-11e8-af4c-30f7727a492e,false,false
Номенклатура — current,raw.r1c_nomenclature_current,61d24fb4-757e-11ed-9c4d-00505689c8d9,00-00007460,Термогигрометр Aceline DC-108,,683c72a5-0a38-11f0-b80e-005056bde474,false,false
Номенклатура — current,raw.r1c_nomenclature_current,8d81c75a-4399-11eb-b594-fa163e0d31f7,БП-00003456,Термогигрометр DC-803,,683c72a5-0a38-11f0-b80e-005056bde474,false,false
Номенклатура — current,raw.r1c_nomenclature_current,ddded740-757d-11ed-9c4d-00505689c8d9,00-00007459,Термогигрометр REXANT 70-0520,,683c72a5-0a38-11f0-b80e-005056bde474,false,false
Номенклатура — current,raw.r1c_nomenclature_current,a1fde195-dc8c-11ef-b80c-005056bde474,00-00011575,Термогигрометр ТН-30,,683c72a5-0a38-11f0-b80e-005056bde474,false,false
Номенклатура — current,raw.r1c_nomenclature_current,2e658adc-43f1-11e9-af67-30f7727a492e,00-00001478,Термоизлучатель,,20e031f3-0a37-11f0-b80e-005056bde474,false,false
Номенклатура — current,raw.r1c_nomenclature_current,250eb9e5-81d4-11e9-af6f-30f7727a492e,00-00001645,Термометр ,,917ab634-0a38-11f0-b80e-005056bde474,false,false
Номенклатура — current,raw.r1c_nomenclature_current,2d687ea1-4de6-11f1-b821-005056bde474,00-00014228,Термометр для холодильника и мороз.камеры ТС-7АМК (-35+50*С) с поверкой РФ,,683c72a5-0a38-11f0-b80e-005056bde474,false,false
Номенклатура — current,raw.r1c_nomenclature_current,cace9d10-5908-11ec-9c40-00505689c8d9,АК-00005780,Термометр инфракрасный бесконтактный B.Well WF-4000,,683c72a5-0a38-11f0-b80e-005056bde474,false,false
Номенклатура — current,raw.r1c_nomenclature_current,bdcc0553-afb7-11ee-9c4c-005056893620,00-00010052,Термометр контактный ТК-5 06С с зондами,,683c72a5-0a38-11f0-b80e-005056bde474,false,false
Номенклатура — current,raw.r1c_nomenclature_current,110ced54-a61a-11ec-9c42-00505689c8d9,00-00006347,Термометр уличный оконный,,683c72a5-0a38-11f0-b80e-005056bde474,false,false
Номенклатура — current,raw.r1c_nomenclature_current,ca11768c-4dee-11f1-b821-005056bde474,00-00014232,Термометр универсальный ТС-7П-2 складской (-20 до +70*С),,683c72a5-0a38-11f0-b80e-005056bde474,false,false
Номенклатура — current,raw.r1c_nomenclature_current,db8a753c-bde2-11eb-b480-fa163e0d31f7,БП-00003989,Термометр электронный AMRUS AMDT-10,,683c72a5-0a38-11f0-b80e-005056bde474,false,false
Номенклатура — current,raw.r1c_nomenclature_current,6d21621a-cf6b-11f0-b81e-005056bde474,00-00013007,Термометр электронный REXANT комнатно-уличный с часами и выносным датчиком,,683c72a5-0a38-11f0-b80e-005056bde474,false,false
Номенклатура — current,raw.r1c_nomenclature_current,fb8ecc91-08d2-11f1-b81f-005056bde474,00-00013741,Термопаста Arctic Cooling MX-4 в шприце 8гр (2019),,ce412305-0a38-11f0-b80e-005056bde474,false,false
Номенклатура — current,raw.r1c_nomenclature_current,d98cc90a-7620-11ed-9c4d-00505689c8d9,00-00007468,Термопистолет,,917ab634-0a38-11f0-b80e-005056bde474,false,false
Номенклатура — current,raw.r1c_nomenclature_current,3ddce7a7-7421-11ee-9c4a-005056893620,00-00009709,Термопреобразователь сопротивления ДТС214 РТ100.В2 60/0.2,,9b060c03-71d9-11e7-85a2-d43d7eec442d,false,false
Номенклатура — current,raw.r1c_nomenclature_current,10a5b2f6-76c7-11e7-af18-30f7727a492e,00-00000110,Термопринтер штрих-кода TSC TDP-225SU,,e6b715af-0a38-11f0-b80e-005056bde474,false,false
Номенклатура — current,raw.r1c_nomenclature_current,9b060c22-71d9-11e7-85a2-d43d7eec442d,00000161   ,Терморегулятор,,683c72a5-0a38-11f0-b80e-005056bde474,false,false
Номенклатура — current,raw.r1c_nomenclature_current,5fbf2674-95e6-11e7-af26-30f7727a492e,00-00000319,Термостат,,9b060c03-71d9-11e7-85a2-d43d7eec442d,false,false
Номенклатура — current,raw.r1c_nomenclature_current,eb9110df-43c8-11ed-9c43-cb6d75bb653b,00-00007224,"Термостат 50-45С ТМ45АЗ М 22х1,5 FOX",,9b060c03-71d9-11e7-85a2-d43d7eec442d,false,false
Номенклатура — current,raw.r1c_nomenclature_current,b98549ba-82ca-11ed-9c4c-00505689ff45,00-00007515,Термостат CAZ,,9b060c03-71d9-11e7-85a2-d43d7eec442d,false,false
Номенклатура — current,raw.r1c_nomenclature_current,0568b182-34e5-11ed-9c43-cb6d75bb653b,00-00007182,Термостат PSA,,9b060c03-71d9-11e7-85a2-d43d7eec442d,false,false
Номенклатура — current,raw.r1c_nomenclature_current,f785c976-c4fb-11ef-9c5f-00505689ff45,00-00011537,"Термостат ВТ-40 выносной механический (21Н, 52Н, 80Н, 105П, 21Н-Р, 52Н-Р)",,9b060c03-71d9-11e7-85a2-d43d7eec442d,false,false
Номенклатура — current,raw.r1c_nomenclature_current,67a2d2d4-0648-11ec-9c3a-00505689ff45,АК-00004842,"Термостат КАМАЗ, ГАЗ-2410,3302,ЗИЛ-4331 ПРАМО ТС107-01М 80гр",,9b060c03-71d9-11e7-85a2-d43d7eec442d,false,false
Номенклатура — current,raw.r1c_nomenclature_current,efe0eedb-6498-11e8-af3d-30f7727a492e,00-00000872,"Термостат КАМАЗ, ГАЗ-2410,3302,ЗИЛ-4331,5301 ЭЛЕКТОН",,9b060c03-71d9-11e7-85a2-d43d7eec442d,false,false
Номенклатура — current,raw.r1c_nomenclature_current,8b40882e-a3c9-11ee-9c4c-005056893620,00-00009989,"Термостат ТС-107-01/05 (КАМАЗ,УАЗ,ВОЛГА) ТС117-01н",,9b060c03-71d9-11e7-85a2-d43d7eec442d,false,false
Номенклатура — current,raw.r1c_nomenclature_current,b2cc1f7f-973f-11ed-9c4c-00505689ff45,00-00007575,"Термостат ТС108-01 (ГАЗ 53.3307,Т-130,170 ТР 14)",,9b060c03-71d9-11e7-85a2-d43d7eec442d,false,false
Номенклатура — current,raw.r1c_nomenclature_current,a74e30bd-4203-11ec-9c41-00505689db63,АК-00005555,"Термостат ТС108-04 (ЗИЛ-130,4314,131)ТС 108-03",,9b060c03-71d9-11e7-85a2-d43d7eec442d,false,false
Номенклатура — current,raw.r1c_nomenclature_current,25b6f938-13ce-11f0-b80e-005056bde474,00-00011900,Термостат для а/м Газель,,20296b06-0a38-11f0-b80e-005056bde474,false,false
Номенклатура — current,raw.r1c_nomenclature_current,3b8e89ad-4b34-11ed-9c43-cb6d75bb653b,00-00007256,Термостат с фланцем 125V16A250V16A 115c,,20e031f3-0a37-11f0-b80e-005056bde474,false,false
Номенклатура — current,raw.r1c_nomenclature_current,0a0c1183-63d3-11f0-b811-005056bde474,00-00012535,"Термостойкая краска для металла, черная 1000 градусов, аэрозоль 520мл",,a9f29a07-729b-11f0-b814-005056bde474,false,false
Номенклатура — current,raw.r1c_nomenclature_current,c82af36b-0be6-11f1-b81f-005056bde474,00-00013750,"Термотр.лента 55х900, пласт.вт.+1, TTR/NS515 55х900 INX_Рибон",,104f1926-4215-11f1-b821-005056bde474,false,false
Номенклатура — current,raw.r1c_nomenclature_current,712c06ec-566d-11eb-1f84-fa163e0d31f7,БП-00003606,Термоусадка  REXANT клеевая ,,9b060c03-71d9-11e7-85a2-d43d7eec442d,false,false
Номенклатура — current,raw.r1c_nomenclature_current,1afac5b9-5a0c-11ef-9c59-00505689ff45,00-00010816,Термоусадка  ТУТ клеевая 6/2 черная,,20e031f3-0a37-11f0-b80e-005056bde474,false,false
Номенклатура — current,raw.r1c_nomenclature_current,8bf8b0ac-03bd-11ee-9c4e-00505689ff45,00-00008103,Термоусадка  ТУТ клеевая 9/3 черная,,20e031f3-0a37-11f0-b80e-005056bde474,false,false
Номенклатура — current,raw.r1c_nomenclature_current,771facac-5a0c-11ef-9c59-00505689ff45,00-00010817,"Термоусадка клеевая 12,0/4,0 мм, черная (упак. 100шт по 1м) REXANT",,20e031f3-0a37-11f0-b80e-005056bde474,false,false
Номенклатура — current,raw.r1c_nomenclature_current,cd348b81-22c6-11ed-9c43-cb6d75bb653b,00-00007009,Термоусадочная трубка ТТУ 12/6 черная ,,20e031f3-0a37-11f0-b80e-005056bde474,false,false
Номенклатура — current,raw.r1c_nomenclature_current,a6f15320-92a3-11ed-9c4c-00505689ff45,00-00007572,Термоусадочная трубка ТТУ 20/10 черная ,,20e031f3-0a37-11f0-b80e-005056bde474,false,false
Номенклатура — current,raw.r1c_nomenclature_current,f7e8d6de-f7d5-11ec-9c42-89a3dcc9992a,00-00006721,"Термоусадочная трубка ТТУ 5/2,5 черная ",,20e031f3-0a37-11f0-b80e-005056bde474,false,false
Номенклатура — current,raw.r1c_nomenclature_current,09b2d1a6-bc10-11ec-9c42-00505689c8d9,00-00006443,Термоусаживаемая трубка ТТК 12/3 4.1 черная с клеем 1м ИЭК,,20e031f3-0a37-11f0-b80e-005056bde474,false,false
Номенклатура — current,raw.r1c_nomenclature_current,9ac9dbe1-bc11-11ec-9c42-00505689c8d9,00-00006446,Термоусаживаемая трубка ТТК 13/4 4.1 черная с клеем 1м ИЭК,,20e031f3-0a37-11f0-b80e-005056bde474,false,false
Номенклатура — current,raw.r1c_nomenclature_current,032a2ef4-e548-11ee-9c4c-005056893620,00-00010329,Термоусаживаемая трубка ТТК 20/6 4.1 черная с клеем 1м ИЭК,,20e031f3-0a37-11f0-b80e-005056bde474,false,false
Номенклатура — current,raw.r1c_nomenclature_current,516f50dd-5b0c-11ee-9c4f-00505689ff45,00-00009557,Термоэтикетка 58*30 белые ,,104f1926-4215-11f1-b821-005056bde474,false,false
Номенклатура — current,raw.r1c_nomenclature_current,c0c07daf-5b0c-11ee-9c4f-00505689ff45,00-00009558,Термоэтикетка 58*30 белые 900шт,,104f1926-4215-11f1-b821-005056bde474,false,false
Номенклатура — current,raw.r1c_nomenclature_current,2d1119cc-0a92-11f1-b81f-005056bde474,00-00013749,"Термоэтикетка 58*60 3000 шт/рул, белая",,104f1926-4215-11f1-b821-005056bde474,false,false
Номенклатура — current,raw.r1c_nomenclature_current,a5592734-7f01-11ef-9c5d-00505689ff45,00-00011144,"Термоэтикетка 58*60 500 шт/рул, белая",,104f1926-4215-11f1-b821-005056bde474,false,false
Номенклатура — current,raw.r1c_nomenclature_current,79eb8bb6-4396-11eb-b594-fa163e0d31f7,БП-00003451,Термоэтикетка 58*60 эко без печати,,104f1926-4215-11f1-b821-005056bde474,false,false
Номенклатура — current,raw.r1c_nomenclature_current,104f1926-4215-11f1-b821-005056bde474,00-00014110,Термоэтикетки,,a986fb07-0a39-11f0-b80e-005056bde474,true,false
Номенклатура — current,raw.r1c_nomenclature_current,dec771e9-f524-11eb-9c3a-00505689ff45,АК-00003742,Террадим Инсектицид,,f9d67774-531d-11f0-b811-005056bde474,false,false
Номенклатура — current,raw.r1c_nomenclature_current,dec771ea-f524-11eb-9c3a-00505689ff45,АК-00003743,Террадокс Инсектицид,,f9d67774-531d-11f0-b811-005056bde474,false,false
Номенклатура — current,raw.r1c_nomenclature_current,dec771eb-f524-11eb-9c3a-00505689ff45,АК-00003744,Террасил 2123-10-107-435(114)-0-1-0-0 Инсектицид,,668204c4-5324-11f0-b811-005056bde474,false,false
Номенклатура — current,raw.r1c_nomenclature_current,dec771ec-f524-11eb-9c3a-00505689ff45,АК-00003745,Террасил 424-02-1421-1 Инсектицид,,668204c4-5324-11f0-b811-005056bde474,false,false
Номенклатура — current,raw.r1c_nomenclature_current,dec771ed-f524-11eb-9c3a-00505689ff45,АК-00003746,Терция Инсектицид,,668204c4-5324-11f0-b811-005056bde474,false,false
Номенклатура — current,raw.r1c_nomenclature_current,c2602e99-e72f-11e9-af7c-30f7727a492e,00-00002063,Тестер напряжения 70-250В 130905,,20e031f3-0a37-11f0-b80e-005056bde474,false,false
Номенклатура — current,raw.r1c_nomenclature_current,c82c24ce-ca75-11ea-9d96-fa163ee5d2f9,БП-00002894,Тетрадь клетка,,9088ee8b-75dc-11e7-af18-30f7727a492e,false,false
Номенклатура — current,raw.r1c_nomenclature_current,09e754e8-c0a6-11eb-968c-fa163e0d31f7,БП-00004094,Тетрадь на кольцах,,9088ee8b-75dc-11e7-af18-30f7727a492e,false,false
Номенклатура — current,raw.r1c_nomenclature_current,e12c4246-43c2-11ed-9c43-cb6d75bb653b,00-00007220,Тефлон 134-2290,,9b060c03-71d9-11e7-85a2-d43d7eec442d,false,false
Номенклатура — current,raw.r1c_nomenclature_current,d7de5b99-0f53-11ea-9520-30f7727a492e,00-00002202,Тефлоновая лента 50мм,,f0e4c260-a130-11e8-af4c-30f7727a492e,false,false
Номенклатура — current,raw.r1c_nomenclature_current,cf248a0c-3278-11f1-b81f-005056bde474,00-00013964,"Тефлоновая смазка, 520 мл GTL-520",,6a004004-7296-11f0-b814-005056bde474,false,false
Номенклатура — current,raw.r1c_nomenclature_current,8b65d66c-623e-11ec-9c40-00505689c8d9,АК-00005829,Тефлоновое полотно (самокл. W-60mm 110 микрон),,9b060c03-71d9-11e7-85a2-d43d7eec442d,false,false
Номенклатура — current,raw.r1c_nomenclature_current,e59146c4-cb4b-11ee-9c4c-005056893620,00-00010164,Тефлоновое полотно (самокл.W60mm 110 микрон),,9b060c03-71d9-11e7-85a2-d43d7eec442d,false,false
Номенклатура — current,raw.r1c_nomenclature_current,9b060c5a-71d9-11e7-85a2-d43d7eec442d,00000144   ,Техническое обслуживание ,,3e420178-094c-11f0-b80e-005056bde474,false,false
Номенклатура — current,raw.r1c_nomenclature_current,6e37284f-4859-11f1-b821-005056bde474,00-00014183,Техническое обслуживание и ремонт автоматических ворот,,3e420178-094c-11f0-b80e-005056bde474,false,false
Номенклатура — current,raw.r1c_nomenclature_current,731524b9-768c-11e7-af18-30f7727a492e,00-00000080,Техническое обслуживание и ремонт техники,,3e420178-094c-11f0-b80e-005056bde474,false,false
Номенклатура — current,raw.r1c_nomenclature_current,89397f95-7ce0-11e7-af19-30f7727a492e,00-00000147,Техническое обслуживание оборудования,,3e420178-094c-11f0-b80e-005056bde474,false,false
Номенклатура — current,raw.r1c_nomenclature_current,8fd8540c-5801-11e8-af3c-30f7727a492e,00-00000847,Техно спрей,,f0e4c260-a130-11e8-af4c-30f7727a492e,false,false
Номенклатура — current,raw.r1c_nomenclature_current,3bb544bb-589a-11ea-8118-d43d7ec071d4,00-00002494,Технологический загрузочный конвейер ТЗК-2.15-600,,9b060cbb-71d9-11e7-85a2-d43d7eec442d,false,false
Номенклатура — current,raw.r1c_nomenclature_current,46698613-5793-11ea-8118-d43d7ec071d4,00-00002493,Технологический загрузочный конвейер ТЗК-2.75-600,,9b060cbb-71d9-11e7-85a2-d43d7eec442d,false,false
Номенклатура — current,raw.r1c_nomenclature_current,46698612-5793-11ea-8118-d43d7ec071d4,00-00002492,Технологический загрузочный конвейер ТЗК-3.95-600,,9b060cbb-71d9-11e7-85a2-d43d7eec442d,false,false
Номенклатура — current,raw.r1c_nomenclature_current,3bb544bc-589a-11ea-8118-d43d7ec071d4,00-00002495,Технологический загрузочный конвейер ТЗК-4.95-600,,9b060cbb-71d9-11e7-85a2-d43d7eec442d,false,false
Номенклатура — current,raw.r1c_nomenclature_current,b3d168f8-114c-11f1-b81f-005056bde474,00-00013789,"Техпластина 4 мм тмкщ-c 2н (1000x5000 мм, 32 кг) китай ",,1a8d3f94-7293-11f0-b814-005056bde474,false,false
Номенклатура — current,raw.r1c_nomenclature_current,2e857167-a02e-11f0-b81d-005056bde474,00-00012772,Техпластина 4мм ТМКЩ-С 2н,,1a8d3f94-7293-11f0-b814-005056bde474,false,false
Номенклатура — current,raw.r1c_nomenclature_current,a73b9258-c7cf-11e9-af79-30f7727a492e,00-00001950,"Техпластина 4мм ТМКЩ-С(1500х5000 мм-47,8 кг)",,9b060c03-71d9-11e7-85a2-d43d7eec442d,false,false
Номенклатура — current,raw.r1c_nomenclature_current,42cec28f-6532-11ef-9c5c-00505689ff45,00-00010973,"Техпластина армированная кордом тмкщ-с-1*5 мм 2 н(1000*5000мм,40 кг)",,9088eead-75dc-11e7-af18-30f7727a492e,false,false
Номенклатура — current,raw.r1c_nomenclature_current,dec771ee-f524-11eb-9c3a-00505689ff45,АК-00003747,Тиазол Инсектицид,,668204c4-5324-11f0-b811-005056bde474,false,false
Номенклатура — current,raw.r1c_nomenclature_current,dec771ef-f524-11eb-9c3a-00505689ff45,АК-00003748,Тиара Инсектицид,,f9d67774-531d-11f0-b811-005056bde474,false,false
Номенклатура — current,raw.r1c_nomenclature_current,dec771f0-f524-11eb-9c3a-00505689ff45,АК-00003749,Тибор Инсектицид,,f9d67774-531d-11f0-b811-005056bde474,false,false
Номенклатура — current,raw.r1c_nomenclature_current,dec771f1-f524-11eb-9c3a-00505689ff45,АК-00003750,Тилт Инсектицид,,2eaeac4d-5322-11f0-b811-005056bde474,false,false
Номенклатура — current,raw.r1c_nomenclature_current,dec771f2-f524-11eb-9c3a-00505689ff45,АК-00003751,Тимус Инсектицид,,2eaeac4d-5322-11f0-b811-005056bde474,false,false
Номенклатура — current,raw.r1c_nomenclature_current,dec771f3-f524-11eb-9c3a-00505689ff45,АК-00003752,Тир Инсектицид,,2eaeac4d-5322-11f0-b811-005056bde474,false,false
Номенклатура — current,raw.r1c_nomenclature_current,ffa81429-0c26-11ec-9c3a-00505689ff45,АК-00004865,Тиски,,f7164898-2ffe-11eb-af80-fa163e0d31f7,false,false
Номенклатура — current,raw.r1c_nomenclature_current,238da968-e489-11eb-0c9a-fa163e0d31f7,БП-00004467,Тиски WILTON Мастерская WS5 WI63301 125х125,,007d76f1-0a39-11f0-b80e-005056bde474,false,false
Номенклатура — current,raw.r1c_nomenclature_current,0d714505-e623-11e7-a3fa-94de80168a80,00-00000541,Тиски с поворотным механизмом 140мм,,007d76f1-0a39-11f0-b80e-005056bde474,false,false
Номенклатура — current,raw.r1c_nomenclature_current,0c041132-63d5-11f0-b811-005056bde474,00-00012541,Тиски слесарные поворотные 125мм ,,007d76f1-0a39-11f0-b80e-005056bde474,false,false
Номенклатура — current,raw.r1c_nomenclature_current,dec771f4-f524-11eb-9c3a-00505689ff45,АК-00003753,Титан Инсектицид,,f9d67774-531d-11f0-b811-005056bde474,false,false
Номенклатура — current,raw.r1c_nomenclature_current,dec771f5-f524-11eb-9c3a-00505689ff45,АК-00003754,Титул 390 Инсектицид,,2eaeac4d-5322-11f0-b811-005056bde474,false,false
Номенклатура — current,raw.r1c_nomenclature_current,dec771f6-f524-11eb-9c3a-00505689ff45,АК-00003755,Титул Дуо Инсектицид,,2eaeac4d-5322-11f0-b811-005056bde474,false,false
Номенклатура — current,raw.r1c_nomenclature_current,28f8d024-f8b6-11ee-9c4c-005056893620,00-00010418,Тканевый шланг 10Х15Х4000,,9b060c03-71d9-11e7-85a2-d43d7eec442d,false,false
Номенклатура — current,raw.r1c_nomenclature_current,d165d64a-5a1c-11ef-9c59-00505689ff45,00-00010859,"Ткань для мытья пола 100% х/б ш 1,5",,f0e4c260-a130-11e8-af4c-30f7727a492e,false,false
Номенклатура — current,raw.r1c_nomenclature_current,00b74de4-f70b-11f0-b81e-005056bde474,00-00013560,"Ткань для пола 0,7-0,8м",,f0e4c260-a130-11e8-af4c-30f7727a492e,false,false
Номенклатура — current,raw.r1c_nomenclature_current,7fd85b62-82a1-11ec-9c41-00505689c8d9,00-00006066,"Ткань для пола 0,70 8м",,f0e4c260-a130-11e8-af4c-30f7727a492e,false,false
Номенклатура — current,raw.r1c_nomenclature_current,25acbf15-7e60-11ee-9c4a-005056893620,00-00009736,"Ткань для пола х/б 1,5 м",,f0e4c260-a130-11e8-af4c-30f7727a492e,false,false
Номенклатура — current,raw.r1c_nomenclature_current,9426ad0f-1963-11ed-9c43-cb6d75bb653b,00-00006961,Ткань донного тр. бункера SE75-30,,9b060c03-71d9-11e7-85a2-d43d7eec442d,false,false
Номенклатура — current,raw.r1c_nomenclature_current,dec771fb-f524-11eb-9c3a-00505689ff45,АК-00003760,Тод Инсектицид,,f9d67774-531d-11f0-b811-005056bde474,false,false
Номенклатура — current,raw.r1c_nomenclature_current,2f4af519-ef2a-11f0-b81e-005056bde474,00-00013356,Токовые клещи R266C 13-3203 REXANT ,,007d76f1-0a39-11f0-b80e-005056bde474,false,false
Номенклатура — current,raw.r1c_nomenclature_current,8e1575b7-4dcd-11ec-9c40-00505689c8d9,АК-00005704,Токовые клещи цифровые 57767 Mastech M266C,,007d76f1-0a39-11f0-b80e-005056bde474,false,false
Номенклатура — current,raw.r1c_nomenclature_current,1501c5eb-1451-11f0-b80e-005056bde474,00-00011936,Токовые клещи цифровые КВТ КТ,,007d76f1-0a39-11f0-b80e-005056bde474,false,false
Номенклатура — current,raw.r1c_nomenclature_current,9d4b7f6f-33bf-11ef-9c59-00505689ff45,00-00010666,Токоизмерительные клещи ExPert,,007d76f1-0a39-11f0-b80e-005056bde474,false,false
Номенклатура — current,raw.r1c_nomenclature_current,ff41e7c7-b0dd-11e8-af4e-30f7727a492e,00-00001179,Тонер-картридж Panasonik черный,,9088ee8b-75dc-11e7-af18-30f7727a492e,false,false
Номенклатура — current,raw.r1c_nomenclature_current,bdff1a4c-dc63-11ea-5e87-fa163ee5d2f9,БП-00002915,Тонкогубцы 180 мм,,f0e4c260-a130-11e8-af4c-30f7727a492e,false,false
Номенклатура — current,raw.r1c_nomenclature_current,0eb14c29-8836-11ec-9c41-00505689c8d9,00-00006107,Тонометр MediTechMT40 манжета 22-36см большой дисплей,,5a2c2dc7-0a38-11f0-b80e-005056bde474,false,false
Номенклатура — current,raw.r1c_nomenclature_current,ae4737aa-bde1-11eb-b480-fa163e0d31f7,БП-00003985,Тонометр OMRON M2 Basic с адаптором и манжеткой,,5a2c2dc7-0a38-11f0-b80e-005056bde474,false,false
Номенклатура — current,raw.r1c_nomenclature_current,65de5e16-cb53-11ea-658b-fa163ee5d2f9,БП-00002896,Топинамбур,,243bc252-3005-11eb-cb85-fa163e0d31f7,false,false
Номенклатура — current,raw.r1c_nomenclature_current,b13fe11e-ccd3-11ea-998c-fa163ee5d2f9,БП-00002899,Топинамбур,,1f15e05f-7886-11e7-af18-30f7727a492e,false,false
Номенклатура — current,raw.r1c_nomenclature_current,cd81a9e2-2b8b-11ec-b9a9-00505689914b,АК-00005471,Топинамбур 2021,,243bc252-3005-11eb-cb85-fa163e0d31f7,false,false
Номенклатура — current,raw.r1c_nomenclature_current,05d6bf48-25af-11eb-dd87-fa163e0d31f7,БП-00003200,Топинамбур свежий сорт диетический,,243bc252-3005-11eb-cb85-fa163e0d31f7,false,false
Номенклатура — current,raw.r1c_nomenclature_current,08b3b83c-03f0-11eb-ac9e-fa163ee5d2f9,БП-00003075,"Топинамбур семенной сорт ""Десертный""",,63675cba-491d-11f1-b821-005056bde474,false,false
Номенклатура — current,raw.r1c_nomenclature_current,fc461054-03ef-11eb-ac9e-fa163ee5d2f9,БП-00003074,"Топинамбур семенной сорт ""Находка""",,63675cba-491d-11f1-b821-005056bde474,false,false
Номенклатура — current,raw.r1c_nomenclature_current,edab75ca-03ef-11eb-ac9e-fa163ee5d2f9,БП-00003073,"Топинамбур семенной сорт ""Сиренники""",,63675cba-491d-11f1-b821-005056bde474,false,false
Номенклатура — current,raw.r1c_nomenclature_current,f4d3541b-7fcd-11ef-9c5d-00505689ff45,00-00011151,"Топливная рама G21AГазель, соболь NN Газ оригинал ",,9b060c03-71d9-11e7-85a2-d43d7eec442d,false,false
Номенклатура — current,raw.r1c_nomenclature_current,2ef0c22b-3d8f-11f1-b821-005056bde474,00-00014095,Топливные присадки,,9088ee9f-75dc-11e7-af18-30f7727a492e,true,false
Номенклатура — current,raw.r1c_nomenclature_current,dc104bb6-0c2b-11f1-b81f-005056bde474,00-00013754,Топливный фильтр RE541922AAN (P551433;ST10038;SK48672;ST20102),,45c9e202-0a37-11f0-b80e-005056bde474,false,false
Номенклатура — current,raw.r1c_nomenclature_current,61667ada-9743-11ed-9c4c-00505689ff45,00-00007577,Топливо,,bdb4a42b-094b-11f0-b80e-005056bde474,true,false
Номенклатура — current,raw.r1c_nomenclature_current,2305a902-d80c-11eb-d199-fa163e0d31f7,БП-00004328,Топливопровод МТЗ (обработки) 70-1104180,,9b060c03-71d9-11e7-85a2-d43d7eec442d,false,false
Номенклатура — current,raw.r1c_nomenclature_current,337da48d-c0e6-11e9-af79-30f7727a492e,00-00001873,Топливопровод МТЗ бака топливного БЗТДиА 70-1101345-Б1,,9b060c03-71d9-11e7-85a2-d43d7eec442d,false,false
Номенклатура — current,raw.r1c_nomenclature_current,485dfecb-9ad4-11e8-af49-30f7727a492e,00-00001023,Топливопровод в сб 300 мм,,9b060c03-71d9-11e7-85a2-d43d7eec442d,false,false
Номенклатура — current,raw.r1c_nomenclature_current,78edb483-0c2d-11ec-9c3a-00505689ff45,АК-00004890,Топор ,,007d76f1-0a39-11f0-b80e-005056bde474,false,false
Номенклатура — current,raw.r1c_nomenclature_current,80715758-9aed-11e8-af49-30f7727a492e,00-00001035,Топор МАТРИКС-21647,,f7164898-2ffe-11eb-af80-fa163e0d31f7,false,false
Номенклатура — current,raw.r1c_nomenclature_current,88b07443-f7dc-11ec-9c42-89a3dcc9992a,00-00006731,Топор кованный 800г,,f7164898-2ffe-11eb-af80-fa163e0d31f7,false,false
Номенклатура — current,raw.r1c_nomenclature_current,531a7c11-8a52-11ec-9c42-00505689c8d9,00-00006137,Топор кованный деревянное топорище,,f7164898-2ffe-11eb-af80-fa163e0d31f7,false,false
Номенклатура — current,raw.r1c_nomenclature_current,f0e4c266-a130-11e8-af4c-30f7727a492e,00-00001098,Топорище,,9088eeaf-75dc-11e7-af18-30f7727a492e,false,false
Номенклатура — current,raw.r1c_nomenclature_current,dec771fc-f524-11eb-9c3a-00505689ff45,АК-00003761,Топсин-М Инсектицид,,2eaeac4d-5322-11f0-b811-005056bde474,false,false
Номенклатура — current,raw.r1c_nomenclature_current,023b8374-a529-11f1-b824-005056bde474,00-00014721,Торец желтый 12мм Д.51,,738e6e11-728d-11f0-b814-005056bde474,false,false
Номенклатура — current,raw.r1c_nomenclature_current,25d6661e-3d8e-11f1-b821-005056bde474,00-00014090,Тормозная жидкость,,9088ee9f-75dc-11e7-af18-30f7727a492e,true,false
Номенклатура — current,raw.r1c_nomenclature_current,154d0779-7ac1-11e7-af19-30f7727a492e,00-00000141,Тормозная жидкость 455г,,25d6661e-3d8e-11f1-b821-005056bde474,false,false
Номенклатура — current,raw.r1c_nomenclature_current,b5c5db71-b3c6-11e7-a3e2-94de80168a80,00-00000428,Тормозная жидкость 910г,,25d6661e-3d8e-11f1-b821-005056bde474,false,false
Номенклатура — current,raw.r1c_nomenclature_current,b53fdc34-43ff-11ea-9524-30f7727a492e,00-00002468,Тормозная жидкость ATE SL DOT4.1,,25d6661e-3d8e-11f1-b821-005056bde474,false,false
Номенклатура — current,raw.r1c_nomenclature_current,de3879d3-20ea-11ec-9c3a-00505689ff45,АК-00005296,Тормозная жидкость DOT-4 0.91 кг ЛУКОЙЛ 1338295,,25d6661e-3d8e-11f1-b821-005056bde474,false,false
Номенклатура — current,raw.r1c_nomenclature_current,bcc5759a-b232-11eb-6d90-fa163e0d31f7,БП-00003951,Тормозная жидкость DOT-4 BOSCH,,25d6661e-3d8e-11f1-b821-005056bde474,false,false
Номенклатура — current,raw.r1c_nomenclature_current,27ac8730-ddbc-11ed-9c4e-00505689ff45,00-00007766,Тормозная жидкость LUXE DOT-4 ,,25d6661e-3d8e-11f1-b821-005056bde474,false,false
Номенклатура — current,raw.r1c_nomenclature_current,4c113b1c-f401-11ed-9c4e-00505689ff45,00-00008005,Тормозная жидкость ZALMER dot4 modified 4000 0.455 кг,,25d6661e-3d8e-11f1-b821-005056bde474,false,false
Номенклатура — current,raw.r1c_nomenclature_current,25cc5569-43c3-11ed-9c43-cb6d75bb653b,00-00007221,Тормозная лента 134-3033,,9b060c03-71d9-11e7-85a2-d43d7eec442d,false,false
Номенклатура — current,raw.r1c_nomenclature_current,5b38d592-f2dc-11eb-9c3a-00505689ff45,АК-00003299,"Торнадо 500, ВР Гербицид ",,5e0b1519-531c-11f0-b811-005056bde474,false,false
Номенклатура — current,raw.r1c_nomenclature_current,77f721ff-e5c8-11ec-9c42-00505689c8d9,00-00006656,Торцовый фланец с фикс.вращения,,9b060c03-71d9-11e7-85a2-d43d7eec442d,false,false
Номенклатура — current,raw.r1c_nomenclature_current,35944050-3d8e-11f1-b821-005056bde474,00-00014091,Тосол,,9088ee9f-75dc-11e7-af18-30f7727a492e,true,false
Номенклатура — current,raw.r1c_nomenclature_current,e19007c3-51ab-11e8-af3a-30f7727a492e,00-00000837,Тосол ,,35944050-3d8e-11f1-b821-005056bde474,false,false
Номенклатура — current,raw.r1c_nomenclature_current,de48ca8c-0027-11ec-9c3a-00505689ff45,АК-00003961,"Тосол ""Гостовский"" А-40",,35944050-3d8e-11f1-b821-005056bde474,false,false
Номенклатура — current,raw.r1c_nomenclature_current,3dd80704-7081-11e8-af3f-30f7727a492e,00-00000905,Тосол 5 л,,35944050-3d8e-11f1-b821-005056bde474,false,false
Номенклатура — current,raw.r1c_nomenclature_current,86536ae8-fe33-11ea-7580-fa163ee5d2f9,БП-00003043,Тосол WEGO А-40М,,35944050-3d8e-11f1-b821-005056bde474,false,false
Номенклатура — current,raw.r1c_nomenclature_current,a91ed5e6-810d-11e9-af6f-30f7727a492e,00-00001620,Тосол ОЖ-40,,35944050-3d8e-11f1-b821-005056bde474,false,false
Номенклатура — current,raw.r1c_nomenclature_current,4e8da9fb-a07d-11ec-9c42-00505689c8d9,00-00006319,"Точилка 1 отв. ""Shaker"" пластиковый контейнер ",,9088ee8b-75dc-11e7-af18-30f7727a492e,false,false
Номенклатура — current,raw.r1c_nomenclature_current,dcc614df-a07b-11ec-9c42-00505689c8d9,00-00006312,"Точилка ручная ""Deli"" Neon E0545 ",,9088ee8b-75dc-11e7-af18-30f7727a492e,false,false
Номенклатура — current,raw.r1c_nomenclature_current,ff5dc122-87cf-11ee-9c4a-005056893620,00-00009849,Точильный камень,,007d76f1-0a39-11f0-b80e-005056bde474,false,false
Номенклатура — current,raw.r1c_nomenclature_current,b670318c-e480-11eb-0c9a-fa163e0d31f7,БП-00004445,Травокосилка Husqvarna 128R 9527157-67,,e6b715af-0a38-11f0-b80e-005056bde474,false,false
Номенклатура — current,raw.r1c_nomenclature_current,a73b925b-c7cf-11e9-af79-30f7727a492e,00-00001951,Травосмесь,,63675cba-491d-11f1-b821-005056bde474,false,false
Номенклатура — current,raw.r1c_nomenclature_current,e91981a6-8af3-11eb-4b87-fa163e0d31f7,БП-00003782,Травосмесь,,a0d495d4-0987-11f0-b80e-005056bde474,true,false
Номенклатура — current,raw.r1c_nomenclature_current,e26ed5c1-6157-11eb-9c2d-0050560417d5,00-00002818,Травы,,323ef7d5-6157-11eb-9c2d-0050560417d5,true,false
Номенклатура — current,raw.r1c_nomenclature_current,f11db293-98d4-11ea-952a-30f7727a492e,00-00002684,"Трактор ""Кировец"" К-742М",,ee7ddbef-8d5f-11e7-af20-30f7727a492e,false,false
Номенклатура — current,raw.r1c_nomenclature_current,604d04ae-47a0-11ec-9c45-00505689c17d,АК-00005614,Транспондер (борт устр) TRP-4010-00А с черны корпусом ,,8b826a40-d818-11eb-d199-fa163e0d31f7,false,false
Номенклатура — current,raw.r1c_nomenclature_current,719bbea7-ab25-11ef-9c5e-00505689ff45,00-00011390,"Транспондер с маркировкой SONICWAY, модель LE 08 с серым корпусом",,8b826a40-d818-11eb-d199-fa163e0d31f7,false,false
Номенклатура — current,raw.r1c_nomenclature_current,95336868-07ae-11eb-1097-fa163ee5d2f9,БП-00003086,Транспортер ,,9be0daf4-2e34-11eb-288c-fa163e0d31f7,false,false
Номенклатура — current,raw.r1c_nomenclature_current,a679759f-d1e0-11f0-b81e-005056bde474,00-00013037,Транспортер ИГ. 1304-27ПЛ.UBR,,45c9e202-0a37-11f0-b80e-005056bde474,false,false
Номенклатура — current,raw.r1c_nomenclature_current,36697f9e-20f0-11ec-9c3a-00505689ff45,АК-00005306,Транспортер КПК 0114040,,9b060c03-71d9-11e7-85a2-d43d7eec442d,false,false
Номенклатура — current,raw.r1c_nomenclature_current,7655ddeb-b6d7-11ee-9c4c-005056893620,00-00010083,Транспортер ТБ 1000х2000,,de1714af-8a12-11e7-af1d-30f7727a492e,false,false
Номенклатура — current,raw.r1c_nomenclature_current,340d859a-f270-11ee-9c4c-005056893620,00-00010356,Транспортер ТБ 1000х3500,,de1714af-8a12-11e7-af1d-30f7727a492e,false,false
Номенклатура — current,raw.r1c_nomenclature_current,58f8a097-f270-11ee-9c4c-005056893620,00-00010357,Транспортер ТБ 1500х12000,,de1714af-8a12-11e7-af1d-30f7727a492e,false,false
Номенклатура — current,raw.r1c_nomenclature_current,b4770b15-3bd0-11f0-b80e-005056bde474,00-00012415,Транспортер ТБ 400х2500,,de1714af-8a12-11e7-af1d-30f7727a492e,false,false
Номенклатура — current,raw.r1c_nomenclature_current,32a949ab-3bd0-11f0-b80e-005056bde474,00-00012413,Транспортер ТБ 400х3000,,de1714af-8a12-11e7-af1d-30f7727a492e,false,false
Номенклатура — current,raw.r1c_nomenclature_current,61e805a2-b376-11ee-9c4c-005056893620,00-00010066,Транспортер ТБ 400х5500,,de1714af-8a12-11e7-af1d-30f7727a492e,false,false
Номенклатура — current,raw.r1c_nomenclature_current,13149856-1141-11f0-b80e-005056bde474,00-00011891,Транспортер ТБ 500х13000,,de1714af-8a12-11e7-af1d-30f7727a492e,false,false
Номенклатура — current,raw.r1c_nomenclature_current,20b8e741-69ee-11ef-9c5c-00505689ff45,00-00011018,Транспортер ТБ 500х5000,,de1714af-8a12-11e7-af1d-30f7727a492e,false,false
Номенклатура — current,raw.r1c_nomenclature_current,c1c887ad-b374-11ee-9c4c-005056893620,00-00010056,Транспортер ТБ 500х6000,,de1714af-8a12-11e7-af1d-30f7727a492e,false,false
Номенклатура — current,raw.r1c_nomenclature_current,72c5708f-b375-11ee-9c4c-005056893620,00-00010061,Транспортер ТБ 500х7000,,de1714af-8a12-11e7-af1d-30f7727a492e,false,false
Номенклатура — current,raw.r1c_nomenclature_current,b013a0ce-1141-11f0-b80e-005056bde474,00-00011895,Транспортер ТБ 600х13000,,de1714af-8a12-11e7-af1d-30f7727a492e,false,false
Номенклатура — current,raw.r1c_nomenclature_current,932c805b-3d17-11ef-9c59-00505689ff45,00-00010696,Транспортер ТБ 600х2400,,de1714af-8a12-11e7-af1d-30f7727a492e,false,false
Номенклатура — current,raw.r1c_nomenclature_current,68f91b72-1141-11f0-b80e-005056bde474,00-00011893,Транспортер ТБ 600х2500,,de1714af-8a12-11e7-af1d-30f7727a492e,false,false
Номенклатура — current,raw.r1c_nomenclature_current,420e781e-1141-11f0-b80e-005056bde474,00-00011892,Транспортер ТБ 600х3500,,de1714af-8a12-11e7-af1d-30f7727a492e,false,false
Номенклатура — current,raw.r1c_nomenclature_current,b22f6383-69ed-11ef-9c5c-00505689ff45,00-00011015,Транспортер ТБ 600х4500,,de1714af-8a12-11e7-af1d-30f7727a492e,false,false
Номенклатура — current,raw.r1c_nomenclature_current,8d8b39f1-1141-11f0-b80e-005056bde474,00-00011894,Транспортер ТБ 600х6000,,de1714af-8a12-11e7-af1d-30f7727a492e,false,false
Номенклатура — current,raw.r1c_nomenclature_current,809e4749-f270-11ee-9c4c-005056893620,00-00010358,Транспортер ТБ 600х9500,,de1714af-8a12-11e7-af1d-30f7727a492e,false,false
Номенклатура — current,raw.r1c_nomenclature_current,91c4f354-15d5-11f0-b80e-005056bde474,00-00011942,Транспортер ТБ 800х10250,,9b060cbb-71d9-11e7-85a2-d43d7eec442d,false,false
Номенклатура — current,raw.r1c_nomenclature_current,3f125f40-15d6-11f0-b80e-005056bde474,00-00011945,Транспортер ТБ 800х12100,,9b060cbb-71d9-11e7-85a2-d43d7eec442d,false,false
Номенклатура — current,raw.r1c_nomenclature_current,9b71b350-15d6-11f0-b80e-005056bde474,00-00011946,Транспортер ТБ 800х18500,,9b060cbb-71d9-11e7-85a2-d43d7eec442d,false,false
Номенклатура — current,raw.r1c_nomenclature_current,9a0a4ff0-15d4-11f0-b80e-005056bde474,00-00011941,Транспортер ТБ 800х23000,,9b060cbb-71d9-11e7-85a2-d43d7eec442d,false,false
Номенклатура — current,raw.r1c_nomenclature_current,707b597c-4231-11ec-9c41-00505689db63,АК-00005569,Транспортер горизонтальный (дл2700 мм),,00000000-0000-0000-0000-000000000000,false,false
Номенклатура — current,raw.r1c_nomenclature_current,2279b5f7-4231-11ec-9c41-00505689db63,АК-00005567,Транспортер горизонтальный (дл2950 мм),,00000000-0000-0000-0000-000000000000,false,false
Номенклатура — current,raw.r1c_nomenclature_current,462772be-4231-11ec-9c41-00505689db63,АК-00005568,Транспортер горизонтальный (дл8700 мм),,00000000-0000-0000-0000-000000000000,false,false
Номенклатура — current,raw.r1c_nomenclature_current,80549768-2e5b-11eb-288c-fa163e0d31f7,БП-00003254,Транспортер горизонтальный Р-190/50 ,,279c2c04-2e46-11eb-288c-fa163e0d31f7,false,false
Номенклатура — current,raw.r1c_nomenclature_current,23d104ec-54c9-11eb-4e9e-fa163e0d31f7,БП-00003572,Транспортер горизонтальный Р-200/30 ( регулировка скорости),,279c2c04-2e46-11eb-288c-fa163e0d31f7,false,false
Номенклатура — current,raw.r1c_nomenclature_current,c0582fd0-2e5d-11eb-288c-fa163e0d31f7,БП-00003264,Транспортер горизонтальный Р-220/50 (реверс),,279c2c04-2e46-11eb-288c-fa163e0d31f7,false,false
Номенклатура — current,raw.r1c_nomenclature_current,809dffe6-9159-11ec-9c42-00505689c8d9,00-00006157,Транспортер горизонтальный Р-240/50 ,,de1714af-8a12-11e7-af1d-30f7727a492e,false,false
Номенклатура — current,raw.r1c_nomenclature_current,0153ee6c-2e5d-11eb-288c-fa163e0d31f7,БП-00003261,Транспортер горизонтальный Р-250/50 ( регулировка скорости),,279c2c04-2e46-11eb-288c-fa163e0d31f7,false,false
Номенклатура — current,raw.r1c_nomenclature_current,bc3f13c4-2e5c-11eb-288c-fa163e0d31f7,БП-00003259,Транспортер горизонтальный Р-290/80 (реверс),,279c2c04-2e46-11eb-288c-fa163e0d31f7,false,false
Номенклатура — current,raw.r1c_nomenclature_current,c214486a-2aa5-11ec-b9a9-00505689914b,АК-00005429,Транспортер горизонтальный Р-300/60 для грязи,,9b060cbb-71d9-11e7-85a2-d43d7eec442d,false,false
Номенклатура — current,raw.r1c_nomenclature_current,b2761f50-915c-11ec-9c42-00505689c8d9,00-00006166,"Транспортер горизонтальный Р-300/60 для грязи (адаптация ZB увеличенная рама,ссып тент)",,de1714af-8a12-11e7-af1d-30f7727a492e,false,false
Номенклатура — current,raw.r1c_nomenclature_current,3a2301e8-2e5c-11eb-288c-fa163e0d31f7,БП-00003258,"Транспортер горизонтальный Р-320/80 (пневмоперегородка,амортизатор падения, регулировка скорости)",,279c2c04-2e46-11eb-288c-fa163e0d31f7,false,false
Номенклатура — current,raw.r1c_nomenclature_current,d20c5400-2e5c-11eb-288c-fa163e0d31f7,БП-00003260,Транспортер горизонтальный Р-340/80 (реверс),,279c2c04-2e46-11eb-288c-fa163e0d31f7,false,false
Номенклатура — current,raw.r1c_nomenclature_current,5bceac94-2e5b-11eb-288c-fa163e0d31f7,БП-00003253,"Транспортер горизонтальный Р-360/50 (реверс,регулировка скорости)",,279c2c04-2e46-11eb-288c-fa163e0d31f7,false,false
Номенклатура — current,raw.r1c_nomenclature_current,68777dd8-2aa6-11ec-b9a9-00505689914b,АК-00005430,Транспортер горизонтальный Р-380/50 ,,9b060cbb-71d9-11e7-85a2-d43d7eec442d,false,false
Номенклатура — current,raw.r1c_nomenclature_current,af7393e1-915a-11ec-9c42-00505689c8d9,00-00006161,Транспортер горизонтальный Р-500/50 (поворотные колеса),,de1714af-8a12-11e7-af1d-30f7727a492e,false,false
Номенклатура — current,raw.r1c_nomenclature_current,61e904e2-2aa7-11ec-b9a9-00505689914b,АК-00005433,Транспортер горизонтальный Р-580/50 ,,9b060cbb-71d9-11e7-85a2-d43d7eec442d,false,false
Номенклатура — current,raw.r1c_nomenclature_current,6f420061-915b-11ec-9c42-00505689c8d9,00-00006162,Транспортер горизонтальный Р-760/50 ,,de1714af-8a12-11e7-af1d-30f7727a492e,false,false
Номенклатура — current,raw.r1c_nomenclature_current,4669860b-5793-11ea-8118-d43d7ec071d4,00-00002488,Транспортер инспекционный трехручьевой ТИТ-01,,9b060cbb-71d9-11e7-85a2-d43d7eec442d,false,false
Номенклатура — current,raw.r1c_nomenclature_current,e2b1e37e-58f5-11ec-9c40-00505689c8d9,АК-00005770,Транспортер ковшовый КПК 0114910,,9b060c03-71d9-11e7-85a2-d43d7eec442d,false,false
Номенклатура — current,raw.r1c_nomenclature_current,7e8bc21e-4230-11ec-9c41-00505689db63,АК-00005566,Транспортер наклонный L образный (дл2000 мм),,00000000-0000-0000-0000-000000000000,false,false
Номенклатура — current,raw.r1c_nomenclature_current,8d8a5096-4231-11ec-9c41-00505689db63,АК-00005570,Транспортер наклонный L образный (дл2800 мм),,00000000-0000-0000-0000-000000000000,false,false
Номенклатура — current,raw.r1c_nomenclature_current,a80b58a3-4231-11ec-9c41-00505689db63,АК-00005571,Транспортер наклонный L образный (дл3000 мм),,00000000-0000-0000-0000-000000000000,false,false
Номенклатура — current,raw.r1c_nomenclature_current,4669860a-5793-11ea-8118-d43d7ec071d4,00-00002487,Транспортер наклонный ТН-01(Z-образный),,9b060cbb-71d9-11e7-85a2-d43d7eec442d,false,false
Номенклатура — current,raw.r1c_nomenclature_current,5947189a-07ae-11eb-1097-fa163ee5d2f9,БП-00003084,Транспортер наклонный загрузочный,,9be0daf4-2e34-11eb-288c-fa163e0d31f7,false,false
Номенклатура — current,raw.r1c_nomenclature_current,3bb544d0-589a-11ea-8118-d43d7ec071d4,00-00002501,Транспортер отводящий ТЗК-ОТ,,9b060cbb-71d9-11e7-85a2-d43d7eec442d,false,false
Номенклатура — current,raw.r1c_nomenclature_current,f6752bfc-b303-11e7-a3e0-94de80168a80,00-00000368,"Транспортер переборочного стола КСЭ 12,000",,9b060cbb-71d9-11e7-85a2-d43d7eec442d,false,false
Номенклатура — current,raw.r1c_nomenclature_current,8785cf0a-b376-11ee-9c4c-005056893620,00-00010067,Транспортер перегрузочный ТПБ 1000х3000,,de1714af-8a12-11e7-af1d-30f7727a492e,false,false
Номенклатура — current,raw.r1c_nomenclature_current,00ab9da7-69ee-11ef-9c5c-00505689ff45,00-00011017,Транспортер перегрузочный ТПБ 300*2400,,00000000-0000-0000-0000-000000000000,false,false
Номенклатура — current,raw.r1c_nomenclature_current,91c52255-69ed-11ef-9c5c-00505689ff45,00-00011014,Транспортер перегрузочный ТПБ 400*3400,,00000000-0000-0000-0000-000000000000,false,false
Номенклатура — current,raw.r1c_nomenclature_current,3840590d-69ee-11ef-9c5c-00505689ff45,00-00011019,Транспортер перегрузочный ТПБ 600*2400,,00000000-0000-0000-0000-000000000000,false,false
Номенклатура — current,raw.r1c_nomenclature_current,14211ec1-f271-11ee-9c4c-005056893620,00-00010362,Транспортер перегрузочный ТПБ 650х14400,,de1714af-8a12-11e7-af1d-30f7727a492e,false,false
Номенклатура — current,raw.r1c_nomenclature_current,1ae591a9-15d6-11f0-b80e-005056bde474,00-00011944,Транспортер перегрузочный ТПБ 650х15000,,9b060cbb-71d9-11e7-85a2-d43d7eec442d,false,false
Номенклатура — current,raw.r1c_nomenclature_current,0b417f49-b375-11ee-9c4c-005056893620,00-00010058,Транспортер перегрузочный ТПБ 800х10500,,de1714af-8a12-11e7-af1d-30f7727a492e,false,false
Номенклатура — current,raw.r1c_nomenclature_current,46698611-5793-11ea-8118-d43d7ec071d4,00-00002491,Транспортер реверсивный ТК-2.95-600,,9b060cbb-71d9-11e7-85a2-d43d7eec442d,false,false
Номенклатура — current,raw.r1c_nomenclature_current,2c416bd1-4230-11ec-9c41-00505689db63,АК-00005565,Транспортер роликовый с разделением потока,,00000000-0000-0000-0000-000000000000,false,false
Номенклатура — current,raw.r1c_nomenclature_current,c8464d33-1960-11ed-9c43-cb6d75bb653b,00-00006950,Транспортер1-Й  1631-180-35 ,,9b060c03-71d9-11e7-85a2-d43d7eec442d,false,false
Номенклатура — current,raw.r1c_nomenclature_current,85a4d7bb-3bd0-11f0-b80e-005056bde474,00-00012414,Транспортеры отводящие ТОБ1,,de1714af-8a12-11e7-af1d-30f7727a492e,false,false
Номенклатура — current,raw.r1c_nomenclature_current,29d55862-251d-11ec-a9db-00505689f463,АК-00005383,Транспортировка,,52c3cca5-0968-11f0-b80e-005056bde474,false,false
Номенклатура — current,raw.r1c_nomenclature_current,5603d60e-1158-11ec-9c3a-00505689ff45,АК-00004941,Транспортировка воды,,52c3cca5-0968-11f0-b80e-005056bde474,false,false
Номенклатура — current,raw.r1c_nomenclature_current,476e640e-1156-11ec-9c3a-00505689ff45,АК-00004940,Транспортировка грузов,,52c3cca5-0968-11f0-b80e-005056bde474,false,false
Номенклатура — current,raw.r1c_nomenclature_current,b2baba5c-4303-11ed-9c43-cb6d75bb653b,00-00007212,Транспортировка картофеля,,52c3cca5-0968-11f0-b80e-005056bde474,false,false
Номенклатура — current,raw.r1c_nomenclature_current,115e8cf0-ceaf-11f0-b81e-005056bde474,00-00012999,Транспортно-коммерческие услуги (простой),,34f83455-094c-11f0-b80e-005056bde474,false,false
Номенклатура — current,raw.r1c_nomenclature_current,429497ed-7d30-11e7-af19-30f7727a492e,00-00000215,Транспортно-экспедиционные услуги,,34f83455-094c-11f0-b80e-005056bde474,false,false
Номенклатура — current,raw.r1c_nomenclature_current,429497ee-7d30-11e7-af19-30f7727a492e,00-00000216,Транспортные  услуги,,34f83455-094c-11f0-b80e-005056bde474,false,false
Номенклатура — current,raw.r1c_nomenclature_current,931776d6-f489-11ed-9c4e-00505689ff45,00-00008014,Транспортные  услуги оказанные спецтехникой,,34f83455-094c-11f0-b80e-005056bde474,false,false
Номенклатура — current,raw.r1c_nomenclature_current,ee7ddbef-8d5f-11e7-af20-30f7727a492e,00-00000307,Транспортные средства,,9b060cbb-71d9-11e7-85a2-d43d7eec442d,true,false
Номенклатура — current,raw.r1c_nomenclature_current,34f83455-094c-11f0-b80e-005056bde474,00-00011798,Транспортные услуги,,9b060c57-71d9-11e7-85a2-d43d7eec442d,true,false
Номенклатура — current,raw.r1c_nomenclature_current,8435d565-6e25-11ec-9c40-00505689c8d9,АК-00005921,Транспортные услуги_внеш,,34f83455-094c-11f0-b80e-005056bde474,false,false
Номенклатура — current,raw.r1c_nomenclature_current,7ba9f4c9-c739-11ee-9c4c-005056893620,00-00010162,Трансформатор AC/DC 24V (500 Вт),,9088eead-75dc-11e7-af18-30f7727a492e,false,false
Номенклатура — current,raw.r1c_nomenclature_current,eb5e5aa0-6d5b-11ec-9c40-00505689c8d9,АК-00005905,Трап 50 вертик.решетка нерж 10*10,,9088eead-75dc-11e7-af18-30f7727a492e,false,false
Номенклатура — current,raw.r1c_nomenclature_current,492fa0a8-7cbc-11ef-9c5d-00505689ff45,00-00011125,Трапеция рулевая в сборе ВАЗ-2123,,9b060c03-71d9-11e7-85a2-d43d7eec442d,false,false
Номенклатура — current,raw.r1c_nomenclature_current,be734f60-0a27-11f0-b80e-005056bde474,00-00011837,Трафарет,,00000000-0000-0000-0000-000000000000,false,false
Номенклатура — current,raw.r1c_nomenclature_current,54210a3e-1a45-11ee-9c4e-00505689ff45,00-00008281,Тренер водорастворимое удобрение ,,e1243393-532a-11f0-b811-005056bde474,false,false
Номенклатура — current,raw.r1c_nomenclature_current,fc1a204e-08bf-11f1-b81f-005056bde474,00-00013726,"Трехходовый смесительный клапан 1"" VT.MIX03.G06",,6dd20a6a-51c7-11f0-b811-005056bde474,false,false
Номенклатура — current,raw.r1c_nomenclature_current,023d6acf-c5de-11ee-9c4c-005056893620,00-00010142,Трещетка с квадратом 1/4L=150 mm.8 гр АвтоDeло ,,f7164898-2ffe-11eb-af80-fa163e0d31f7,false,false
Номенклатура — current,raw.r1c_nomenclature_current,9d5aac6f-60f7-11ee-9c50-00505689ff45,00-00009611,Трещотка 1/2,,f7164898-2ffe-11eb-af80-fa163e0d31f7,false,false
Номенклатура — current,raw.r1c_nomenclature_current,57701be4-a076-11ec-9c42-00505689c8d9,00-00006306,"Трещотка 1/4 217мм, 72 зубца STELS",,f7164898-2ffe-11eb-af80-fa163e0d31f7,false,false
Номенклатура — current,raw.r1c_nomenclature_current,2cd8df50-87d8-11ee-9c4a-005056893620,00-00009861,Трещотка 3/4,,f7164898-2ffe-11eb-af80-fa163e0d31f7,false,false
Номенклатура — current,raw.r1c_nomenclature_current,0324fd9c-f56b-11f0-b81e-005056bde474,00-00013418,Трещотка флажковая 1/2 72 зубца GRW-12 Gigant ,,c7578db7-735f-11f0-b814-005056bde474,false,false
Номенклатура — current,raw.r1c_nomenclature_current,0a1eadf5-dcdf-11f0-b81e-005056bde474,00-00013205,Трещотка флажковая 1/4 72 зубца GRW-14 Gigant ,,df8be041-0a37-11f0-b80e-005056bde474,false,false
Номенклатура — current,raw.r1c_nomenclature_current,dec771fd-f524-11eb-9c3a-00505689ff45,АК-00003762,ТриАгро Инсектицид,,668204c4-5324-11f0-b811-005056bde474,false,false
Номенклатура — current,raw.r1c_nomenclature_current,e4c213e5-f524-11eb-9c3a-00505689ff45,АК-00003763,Триада Инсектицид,,668204c4-5324-11f0-b811-005056bde474,false,false
Номенклатура — current,raw.r1c_nomenclature_current,e4c213e6-f524-11eb-9c3a-00505689ff45,АК-00003764,Триактив Инсектицид,,668204c4-5324-11f0-b811-005056bde474,false,false
Номенклатура — current,raw.r1c_nomenclature_current,e4c213e7-f524-11eb-9c3a-00505689ff45,АК-00003765,Триафол Инсектицид,,2eaeac4d-5322-11f0-b811-005056bde474,false,false
Номенклатура — current,raw.r1c_nomenclature_current,1e6ec80a-5ee7-11ef-9c5c-00505689ff45,00-00010895,"Триммер бензиновый Huter GGT-555 (2500 Вт, 7 кг.)",,e6b715af-0a38-11f0-b80e-005056bde474,false,false
Номенклатура — current,raw.r1c_nomenclature_current,f24fddb6-a6bb-11f1-b824-005056bde474,00-00014748,Триммер бензиновый Sturm ПРОМО BT162,,f990038e-0a38-11f0-b80e-005056bde474,false,false
Номенклатура — current,raw.r1c_nomenclature_current,e4c213e8-f524-11eb-9c3a-00505689ff45,АК-00003766,Тритон Инсектицид,,668204c4-5324-11f0-b811-005056bde474,false,false
Номенклатура — current,raw.r1c_nomenclature_current,f6b6139e-a01d-11eb-c683-fa163e0d31f7,БП-00003871,Тройник 050х50,,9088eead-75dc-11e7-af18-30f7727a492e,false,false
Номенклатура — current,raw.r1c_nomenclature_current,7879b3a5-4be7-11ec-9c40-00505689c8d9,АК-00005658,Тройник 32х20х32 ППР,,9088eead-75dc-11e7-af18-30f7727a492e,false,false
Номенклатура — current,raw.r1c_nomenclature_current,fc562200-2aed-11ec-b9a9-00505689914b,АК-00005462,Тройник 40х40х40 ППР,,9088eead-75dc-11e7-af18-30f7727a492e,false,false
Номенклатура — current,raw.r1c_nomenclature_current,16a6aa2a-ad98-11ea-d488-fa163ee5d2f9,БП-00002783,"Тройник 6""х6""х8""",,de1714af-8a12-11e7-af1d-30f7727a492e,false,false
Номенклатура — current,raw.r1c_nomenclature_current,f526e0e6-ad96-11ea-d488-fa163ee5d2f9,БП-00002777,"Тройник 8""х6""х8""",,de1714af-8a12-11e7-af1d-30f7727a492e,false,false
Номенклатура — current,raw.r1c_nomenclature_current,8db7964f-6e22-11f1-b822-005056bde474,00-00014536,Тройник PPR 40 ,,2bd105c1-3d8b-11f1-b821-005056bde474,false,false
Номенклатура — current,raw.r1c_nomenclature_current,008e1866-d637-11ec-9c42-00505689c8d9,00-00006566,Тройник PPRC 25,,9088eead-75dc-11e7-af18-30f7727a492e,false,false
Номенклатура — current,raw.r1c_nomenclature_current,ed668447-c14e-11e8-af50-30f7727a492e,00-00001205,Тройник М20*20*20,,9b060c03-71d9-11e7-85a2-d43d7eec442d,false,false
Номенклатура — current,raw.r1c_nomenclature_current,b577a8ea-3635-11eb-e19b-fa163e0d31f7,БП-00003376,Тройник МТЗ отопителя (пробка) ОАО МТЗ 80--8100052А,,9b060c03-71d9-11e7-85a2-d43d7eec442d,false,false
Номенклатура — current,raw.r1c_nomenclature_current,d46326a8-3635-11eb-e19b-fa163e0d31f7,БП-00003377,Тройник МТЗ отопителя (пробка) ОАО МТЗ 80-8100051,,9b060c03-71d9-11e7-85a2-d43d7eec442d,false,false
Номенклатура — current,raw.r1c_nomenclature_current,3c3696ee-4719-11ee-9c4e-00505689ff45,00-00009417,Тройник ПНД 20,,9088eead-75dc-11e7-af18-30f7727a492e,false,false
Номенклатура — current,raw.r1c_nomenclature_current,9feb8dd4-9416-11ee-9c4a-005056893620,00-00009884,Тройник ПНД 20*1/2 НР,,20e031f3-0a37-11f0-b80e-005056bde474,false,false
Номенклатура — current,raw.r1c_nomenclature_current,4ad137a9-2b95-11ee-9c4e-00505689ff45,00-00008375,Тройник ПНД 40,,f0e4c260-a130-11e8-af4c-30f7727a492e,false,false
Номенклатура — current,raw.r1c_nomenclature_current,07e6b29a-08be-11f1-b81f-005056bde474,00-00013699,Тройник ПНД 50,,6dd20a6a-51c7-11f0-b811-005056bde474,false,false
Номенклатура — current,raw.r1c_nomenclature_current,f7bd9cee-08bd-11f1-b81f-005056bde474,00-00013697,Тройник ПНД 50*40*50,,6dd20a6a-51c7-11f0-b811-005056bde474,false,false
Номенклатура — current,raw.r1c_nomenclature_current,c0b89e1f-b7af-11ef-9c5e-00505689ff45,00-00011461,Тройник ПНД 63*50*63,,9088eead-75dc-11e7-af18-30f7727a492e,false,false
Номенклатура — current,raw.r1c_nomenclature_current,da595a4a-33ed-11eb-0e8a-fa163e0d31f7,БП-00003305,Тройник ПНД25,,9be0daf4-2e34-11eb-288c-fa163e0d31f7,false,false
Номенклатура — current,raw.r1c_nomenclature_current,2d244c10-d03a-11eb-5d99-fa163e0d31f7,БП-00004232,Тройник ПНД32,,9be0daf4-2e34-11eb-288c-fa163e0d31f7,false,false
Номенклатура — current,raw.r1c_nomenclature_current,77ea1da3-9239-11ec-9c42-00505689c8d9,00-00006207,Тройник ПП  110*110*110*90,,9088eead-75dc-11e7-af18-30f7727a492e,false,false
Номенклатура — current,raw.r1c_nomenclature_current,ef40609d-a68b-11ec-9c42-00505689c8d9,00-00006367,Тройник ПП  110*110*50*90 гр,,9088eead-75dc-11e7-af18-30f7727a492e,false,false
Номенклатура — current,raw.r1c_nomenclature_current,d6b12c46-9236-11ec-9c42-00505689c8d9,00-00006200,Тройник ПП  50*50*90*90,,9088eead-75dc-11e7-af18-30f7727a492e,false,false
Номенклатура — current,raw.r1c_nomenclature_current,29aefd80-2c30-11ec-b9a9-00505689914b,АК-00005499,Тройник ПП 25*25*25,,9088eead-75dc-11e7-af18-30f7727a492e,false,false
Номенклатура — current,raw.r1c_nomenclature_current,1cc32b81-a693-11ec-9c42-00505689c8d9,00-00006374,Тройник ПП 40*25*40,,9088eead-75dc-11e7-af18-30f7727a492e,false,false
Номенклатура — current,raw.r1c_nomenclature_current,8e075e1d-4718-11ee-9c4e-00505689ff45,00-00009415,Тройник ПП Ду 100*100*100*90,,20e031f3-0a37-11f0-b80e-005056bde474,false,false
Номенклатура — current,raw.r1c_nomenclature_current,31f1d2a6-af62-11eb-3192-fa163e0d31f7,БП-00003946,Тройник ПП Ду 50*50*50*45 гр,,9b060c03-71d9-11e7-85a2-d43d7eec442d,false,false
Номенклатура — current,raw.r1c_nomenclature_current,8666468f-3377-11ea-9522-30f7727a492e,00-00002333,Тройник ПП Ду 50*50*50*90 трехраструбный,,9b060c03-71d9-11e7-85a2-d43d7eec442d,false,false
Номенклатура — current,raw.r1c_nomenclature_current,8666468e-3377-11ea-9522-30f7727a492e,00-00002332,Тройник ПП Ду 50*50*90,,9b060c03-71d9-11e7-85a2-d43d7eec442d,false,false
Номенклатура — current,raw.r1c_nomenclature_current,6c1390e8-a01f-11eb-c683-fa163e0d31f7,БП-00003873,Тройник для кап.линии,,9088eead-75dc-11e7-af18-30f7727a492e,false,false
Номенклатура — current,raw.r1c_nomenclature_current,59902291-5d35-11ee-9c4f-00505689ff45,00-00009593,Тройник для капельной ленты с поджимом,,3d287ad3-5d34-11ee-9c4f-00505689ff45,false,false
Номенклатура — current,raw.r1c_nomenclature_current,392b2822-1117-11ef-9c4f-005056893620,00-00010510,Тройник комбинированный НР 32х12,,9088eead-75dc-11e7-af18-30f7727a492e,false,false
Номенклатура — current,raw.r1c_nomenclature_current,a8c21eb8-903f-11ef-9c5e-00505689ff45,00-00011300,Тройник компрессионный d/32,,9b060c03-71d9-11e7-85a2-d43d7eec442d,false,false
Номенклатура — current,raw.r1c_nomenclature_current,7371012e-d038-11eb-5d99-fa163e0d31f7,БП-00004221,Тройник лат. 20,,9b060c03-71d9-11e7-85a2-d43d7eec442d,false,false
Номенклатура — current,raw.r1c_nomenclature_current,46de577d-f32a-11ed-9c4e-00505689ff45,00-00007940,Тройник никель 1/2,,9088eead-75dc-11e7-af18-30f7727a492e,false,false
Номенклатура — current,raw.r1c_nomenclature_current,1854c1e8-84f6-11f1-b824-005056bde474,00-00014610,Тройник оц 25,,05c8a850-3d8b-11f1-b821-005056bde474,false,false
Номенклатура — current,raw.r1c_nomenclature_current,94c4b125-08bf-11f1-b81f-005056bde474,00-00013716,Тройник пл.50,,6dd20a6a-51c7-11f0-b811-005056bde474,false,false
Номенклатура — current,raw.r1c_nomenclature_current,5792cfa3-84fc-11f1-b824-005056bde474,00-00014631,Тройник пласт 20*3/4НР,,5221e7b6-0a39-11f0-b80e-005056bde474,false,false
Номенклатура — current,raw.r1c_nomenclature_current,ab97ed70-84f6-11f1-b824-005056bde474,00-00014614,Тройник пласт 32,,05c8a850-3d8b-11f1-b821-005056bde474,false,false
Номенклатура — current,raw.r1c_nomenclature_current,cd8c5ce6-84fc-11f1-b824-005056bde474,00-00014636,Тройник пласт 40*32*40,,5221e7b6-0a39-11f0-b80e-005056bde474,false,false
Номенклатура — current,raw.r1c_nomenclature_current,b4b1aeb2-f70c-11f0-b81e-005056bde474,00-00013580,Тройник пласт. 20,,ef51bf95-3d8a-11f1-b821-005056bde474,false,false
Номенклатура — current,raw.r1c_nomenclature_current,b8ab7067-08bf-11f1-b81f-005056bde474,00-00013718,Тройник пласт. 50*32*50,,6dd20a6a-51c7-11f0-b811-005056bde474,false,false
Номенклатура — current,raw.r1c_nomenclature_current,bdfaf911-f70c-11f0-b81e-005056bde474,00-00013581,Тройник пласт.20*1/2ВР,,ef51bf95-3d8a-11f1-b821-005056bde474,false,false
Номенклатура — current,raw.r1c_nomenclature_current,8666469a-3377-11ea-9522-30f7727a492e,00-00002342,Тройник пластиковый 20,,9088eead-75dc-11e7-af18-30f7727a492e,false,false
Номенклатура — current,raw.r1c_nomenclature_current,816faf2c-870a-11eb-539b-fa163e0d31f7,БП-00003774,Тройник пластиковый 25*20*25,,f0e4c260-a130-11e8-af4c-30f7727a492e,false,false
Номенклатура — current,raw.r1c_nomenclature_current,6b1c9391-9920-11ea-952a-30f7727a492e,00-00002689,Тройник пластиковый 32 (15),,9088eead-75dc-11e7-af18-30f7727a492e,false,false
Номенклатура — current,raw.r1c_nomenclature_current,8666469b-3377-11ea-9522-30f7727a492e,00-00002343,Тройник пластиковый 32*20*32,,9b060c03-71d9-11e7-85a2-d43d7eec442d,false,false
Номенклатура — current,raw.r1c_nomenclature_current,2bc05b9f-9ff5-11ee-9c4c-005056893620,00-00009951,Тройник пластиковый 32*3/4 НР,,f0e4c260-a130-11e8-af4c-30f7727a492e,false,false
Номенклатура — current,raw.r1c_nomenclature_current,1324691b-2415-11f0-b80e-005056bde474,00-00011993,Тройник пластиковый 40,,9088eead-75dc-11e7-af18-30f7727a492e,false,false
Номенклатура — current,raw.r1c_nomenclature_current,ba846cc4-147a-11ec-9c3a-00505689ff45,АК-00004962,Тройник с резьбой черн 50,,9b060c03-71d9-11e7-85a2-d43d7eec442d,false,false
Номенклатура — current,raw.r1c_nomenclature_current,6893b23c-e02d-11f0-b81e-005056bde474,00-00013226,Тройник соединительный 32 белый,,5221e7b6-0a39-11f0-b80e-005056bde474,false,false
Номенклатура — current,raw.r1c_nomenclature_current,ef042dee-1688-11ef-9c4f-005056893620,00-00010548,Тройник чугунный 25,,9088eead-75dc-11e7-af18-30f7727a492e,false,false
Номенклатура — current,raw.r1c_nomenclature_current,784f23ac-d03c-11eb-5d99-fa163e0d31f7,БП-00004243,Трос,,9b060c03-71d9-11e7-85a2-d43d7eec442d,false,false
Номенклатура — current,raw.r1c_nomenclature_current,c5df7ff1-002d-11ec-9c3a-00505689ff45,АК-00003963,Трос (Morse L-900 ),,9b060c03-71d9-11e7-85a2-d43d7eec442d,false,false
Номенклатура — current,raw.r1c_nomenclature_current,601d0c94-b242-11eb-6d90-fa163e0d31f7,БП-00003971,Трос 110-4600120-02  L-1500,,9b060c03-71d9-11e7-85a2-d43d7eec442d,false,false
Номенклатура — current,raw.r1c_nomenclature_current,994745fa-a620-11ec-9c42-00505689c8d9,00-00006361,"Трос 2,5мм",,9088eead-75dc-11e7-af18-30f7727a492e,false,false
Номенклатура — current,raw.r1c_nomenclature_current,5b7c2bf4-3329-11f1-b81f-005056bde474,00-00014015,Трос 3мм,,5221e7b6-0a39-11f0-b80e-005056bde474,false,false
Номенклатура — current,raw.r1c_nomenclature_current,80c0a91d-7f59-11ec-9c41-00505689c8d9,00-00006039,Трос DIN 3055 для ратяжки в оплетке ПВХ 1/2,,9b060c03-71d9-11e7-85a2-d43d7eec442d,false,false
Номенклатура — current,raw.r1c_nomenclature_current,781399c1-7fc8-11ef-9c5d-00505689ff45,00-00011150,Трос IT-731133/02/00,,9b060c03-71d9-11e7-85a2-d43d7eec442d,false,false
Номенклатура — current,raw.r1c_nomenclature_current,dcb5c91c-d80d-11eb-d199-fa163e0d31f7,БП-00004338,Трос L-1550 80В-1108300-А-02,,9b060c03-71d9-11e7-85a2-d43d7eec442d,false,false
Номенклатура — current,raw.r1c_nomenclature_current,0a48827a-d80e-11eb-d199-fa163e0d31f7,БП-00004339,Трос L-1660 80В-1108630-А-02 Д-250,,9b060c03-71d9-11e7-85a2-d43d7eec442d,false,false
Номенклатура — current,raw.r1c_nomenclature_current,a7636ccc-6b0c-11ed-9c4d-00505689c8d9,00-00007402,Трос М 4,,f0e4c260-a130-11e8-af4c-30f7727a492e,false,false
Номенклатура — current,raw.r1c_nomenclature_current,d0479585-09a3-11e9-af60-30f7727a492e,00-00001386,Трос М 6,,9b060c03-71d9-11e7-85a2-d43d7eec442d,false,false
Номенклатура — current,raw.r1c_nomenclature_current,87d90758-ec94-11e7-a3ff-94de80168a80,00-00000610,Трос М10,,9b060c03-71d9-11e7-85a2-d43d7eec442d,false,false
Номенклатура — current,raw.r1c_nomenclature_current,87d90757-ec94-11e7-a3ff-94de80168a80,00-00000609,Трос М8,,9b060c03-71d9-11e7-85a2-d43d7eec442d,false,false
Номенклатура — current,raw.r1c_nomenclature_current,73aa65ca-b244-11eb-6d90-fa163e0d31f7,БП-00003977,Трос МТЗ останова двигателя ,,9b060c03-71d9-11e7-85a2-d43d7eec442d,false,false
Номенклатура — current,raw.r1c_nomenclature_current,e322a4f8-a2ea-11ee-9c4c-005056893620,00-00009976,Трос акселератора МАЗ-4370,,9b060c03-71d9-11e7-85a2-d43d7eec442d,false,false
Номенклатура — current,raw.r1c_nomenclature_current,eeb294c8-5c85-11eb-af95-fa163e0d31f7,БП-00003680,"Трос буксировочный (стальной) 40т 10м Крюк/крюк (d 22,5 мм)",,9b060c03-71d9-11e7-85a2-d43d7eec442d,false,false
Номенклатура — current,raw.r1c_nomenclature_current,bab0b4c0-5c85-11eb-af95-fa163e0d31f7,БП-00003679,Трос буксировочный (стальной) 50т 12м Петля/петля (d 24.0 мм),,9b060c03-71d9-11e7-85a2-d43d7eec442d,false,false
Номенклатура — current,raw.r1c_nomenclature_current,6bfac417-ab31-11ef-9c5e-00505689ff45,00-00011396,"Трос буксировочный 12т, 5м",,9b060c03-71d9-11e7-85a2-d43d7eec442d,false,false
Номенклатура — current,raw.r1c_nomenclature_current,591b91c0-dcae-11ef-b80c-005056bde474,00-00011600,"Трос буксировочный 31,5т, 5м петля-петля",,9b060c03-71d9-11e7-85a2-d43d7eec442d,false,false
Номенклатура — current,raw.r1c_nomenclature_current,44b0b4ac-4482-11eb-7b94-fa163e0d31f7,БП-00003489,Трос буксировочный 5т,,9b060c03-71d9-11e7-85a2-d43d7eec442d,false,false
Номенклатура — current,raw.r1c_nomenclature_current,1145b846-87e4-11ee-9c4a-005056893620,00-00009864,Трос буксировочный 63т ,,9b060c03-71d9-11e7-85a2-d43d7eec442d,false,false
Номенклатура — current,raw.r1c_nomenclature_current,99f9f3d9-73bf-11f1-b822-005056bde474,00-00014558,Трос буксировочный 63т 6м петля-петля,,4de4576f-4ea3-11f1-b821-005056bde474,false,false
Номенклатура — current,raw.r1c_nomenclature_current,7fb36fee-4483-11eb-7b94-fa163e0d31f7,БП-00003493,Трос буксировочный 7т,,9b060c03-71d9-11e7-85a2-d43d7eec442d,false,false
Номенклатура — current,raw.r1c_nomenclature_current,5b3efbca-3cdf-11ea-9524-30f7727a492e,00-00002442,Трос в оплетке ПВХ 2/3 мм,,9088eead-75dc-11e7-af18-30f7727a492e,false,false
Номенклатура — current,raw.r1c_nomenclature_current,be0d77fb-bc0a-11e9-af77-30f7727a492e,00-00001813,Трос газа,,9b060c03-71d9-11e7-85a2-d43d7eec442d,false,false
Номенклатура — current,raw.r1c_nomenclature_current,ae1f6184-8700-11eb-539b-fa163e0d31f7,БП-00003767,Трос д/растяжки 3мм,,9b060c03-71d9-11e7-85a2-d43d7eec442d,false,false
Номенклатура — current,raw.r1c_nomenclature_current,0f0e42da-002e-11ec-9c3a-00505689ff45,АК-00003964,Трос дистанционного управления МТЗ,,9b060c03-71d9-11e7-85a2-d43d7eec442d,false,false
Номенклатура — current,raw.r1c_nomenclature_current,0365520a-fdaf-11ef-b80e-005056bde474,00-00011741,"Трос заслонки ТНВД ""глушилка"" длина 1850мм",,9b060c03-71d9-11e7-85a2-d43d7eec442d,false,false
Номенклатура — current,raw.r1c_nomenclature_current,82360fc2-f806-11ee-9c4c-005056893620,00-00010406,Трос канализационный,,f0e4c260-a130-11e8-af4c-30f7727a492e,false,false
Номенклатура — current,raw.r1c_nomenclature_current,fd87f34c-cf73-11eb-bd90-fa163e0d31f7,БП-00004195,"Трос металлополимерный 2,5мм 100 Сибтех 47626 70.0",,9088eead-75dc-11e7-af18-30f7727a492e,false,false
Номенклатура — current,raw.r1c_nomenclature_current,18d719f0-7927-11f1-b822-005056bde474,00-00014591,"Трос металлополимерный ПР-5,0 мм 50 м.п Pobedit ",,1bf68c00-3d8b-11f1-b821-005056bde474,false,false
Номенклатура — current,raw.r1c_nomenclature_current,0b9ffb84-f707-11f0-b81e-005056bde474,00-00013532,Трос нерж.8мм,,9adc9f2a-3d8a-11f1-b821-005056bde474,false,false
Номенклатура — current,raw.r1c_nomenclature_current,87388845-2853-11ed-9c43-cb6d75bb653b,00-00007115,Трос пружинный ф-9мм,,9b060c03-71d9-11e7-85a2-d43d7eec442d,false,false
Номенклатура — current,raw.r1c_nomenclature_current,0238fabf-5a17-11ef-9c59-00505689ff45,00-00010839,Трос пружинный ф-9мм длина 10м,,9b060c03-71d9-11e7-85a2-d43d7eec442d,false,false
Номенклатура — current,raw.r1c_nomenclature_current,c33eba80-80aa-11ec-9c41-00505689c8d9,00-00006054,Трос ручника оригинал,,9b060c03-71d9-11e7-85a2-d43d7eec442d,false,false
Номенклатура — current,raw.r1c_nomenclature_current,9597b5b2-c25a-11e9-af79-30f7727a492e,00-00001897,Трос ручного торм. BOX3/JUMP3/DUC3,,9b060c03-71d9-11e7-85a2-d43d7eec442d,false,false
Номенклатура — current,raw.r1c_nomenclature_current,9597b5b3-c25a-11e9-af79-30f7727a492e,00-00001898,Трос ручного торм. BOX3/JUMP3/DUC3 фургон,,9b060c03-71d9-11e7-85a2-d43d7eec442d,false,false
Номенклатура — current,raw.r1c_nomenclature_current,0d81fe88-73be-11f1-b822-005056bde474,00-00014556,Трос ручного тормоза (к-т) ГАЗ 2217-350880001,,20296b06-0a38-11f0-b80e-005056bde474,false,false
Номенклатура — current,raw.r1c_nomenclature_current,2f024362-13d2-11f0-b80e-005056bde474,00-00011914,Трос ручного тормоза Газ 3302,,20296b06-0a38-11f0-b80e-005056bde474,false,false
Номенклатура — current,raw.r1c_nomenclature_current,6851d857-b28d-11e9-af76-30f7727a492e,00-00001781,Трос сцепления,,9b060c03-71d9-11e7-85a2-d43d7eec442d,false,false
Номенклатура — current,raw.r1c_nomenclature_current,03560a77-4a44-11f1-b821-005056bde474,00-00014206,Трос управ.распределит. МТЗ-1523 1500мм ,,45c9e202-0a37-11f0-b80e-005056bde474,false,false
Номенклатура — current,raw.r1c_nomenclature_current,18505caa-b232-11eb-6d90-fa163e0d31f7,БП-00003950,Трос управляющий L-2000(шариковое окончание) POD-HPZ-000105,,9b060c03-71d9-11e7-85a2-d43d7eec442d,false,false
Номенклатура — current,raw.r1c_nomenclature_current,e683924c-d1e1-11f0-b81e-005056bde474,00-00013040,Труба ,,45c9e202-0a37-11f0-b80e-005056bde474,false,false
Номенклатура — current,raw.r1c_nomenclature_current,67455d95-2aed-11ec-b9a9-00505689914b,АК-00005459,Труба  (стекловолокно) 40 ППР,,9088eead-75dc-11e7-af18-30f7727a492e,false,false
Номенклатура — current,raw.r1c_nomenclature_current,96b3ce58-9164-11ec-9c42-00505689c8d9,00-00006183,Труба  FD гофр  SN340/300 эко,,9088eead-75dc-11e7-af18-30f7727a492e,false,false
Номенклатура — current,raw.r1c_nomenclature_current,5b3efbb5-3cdf-11ea-9524-30f7727a492e,00-00002424,"Труба  ПНД 32*2,4 SDR13.6",,9088eead-75dc-11e7-af18-30f7727a492e,false,false
Номенклатура — current,raw.r1c_nomenclature_current,5b3efbbb-3cdf-11ea-9524-30f7727a492e,00-00002430,"Труба  ПНД 40*3.2,4 SDR13.6,17",,9088eead-75dc-11e7-af18-30f7727a492e,false,false
Номенклатура — current,raw.r1c_nomenclature_current,1d6a8751-7f57-11ec-9c41-00505689c8d9,00-00006036,Труба  ПНД гибкая гофр.д.20 мм легкая с протяжой,,9088eead-75dc-11e7-af18-30f7727a492e,false,false
Номенклатура — current,raw.r1c_nomenclature_current,5bfcf50a-9164-11ec-9c42-00505689c8d9,00-00006182,"Труба  а/ц 150 3,95м",,9088eead-75dc-11e7-af18-30f7727a492e,false,false
Номенклатура — current,raw.r1c_nomenclature_current,4a1473ee-a056-11ec-9c42-00505689c8d9,00-00006293,Труба  черная ПНД Д=20 гофрированная с зондом,,9088eead-75dc-11e7-af18-30f7727a492e,false,false
Номенклатура — current,raw.r1c_nomenclature_current,8cd0c0d9-e720-11ec-9c42-00505689c8d9,00-00006665,Труба 060.05048,,9b060c03-71d9-11e7-85a2-d43d7eec442d,false,false
Номенклатура — current,raw.r1c_nomenclature_current,d2e6053c-8709-11eb-539b-fa163e0d31f7,БП-00003771,Труба 20 горячая 4м ,,9088eead-75dc-11e7-af18-30f7727a492e,false,false
Номенклатура — current,raw.r1c_nomenclature_current,64650d22-33f0-11eb-0e8a-fa163e0d31f7,БП-00003322,Труба 20 горячая 4м SDR6(100),,9be0daf4-2e34-11eb-288c-fa163e0d31f7,false,false
Номенклатура — current,raw.r1c_nomenclature_current,1cd1da32-567b-11eb-1f84-fa163e0d31f7,БП-00003617,Труба 20 стекловолокно ,,9be0daf4-2e34-11eb-288c-fa163e0d31f7,false,false
Номенклатура — current,raw.r1c_nomenclature_current,6a5cf40f-2417-11f0-b80e-005056bde474,00-00011994,Труба 20 стекловолокно 4м,,9088eead-75dc-11e7-af18-30f7727a492e,false,false
Номенклатура — current,raw.r1c_nomenclature_current,8f5b3547-f3f1-11ed-9c4e-00505689ff45,00-00007989,Труба 20 холодная 4м SDR 11(100),,9088eead-75dc-11e7-af18-30f7727a492e,false,false
Номенклатура — current,raw.r1c_nomenclature_current,65d67e78-32b9-11f1-b81f-005056bde474,00-00013987,Труба 20 холодная 4м SDR11,,9088eead-75dc-11e7-af18-30f7727a492e,false,false
Номенклатура — current,raw.r1c_nomenclature_current,8da864c0-6ba6-11eb-478b-fa163e0d31f7,БП-00003715,Труба 25 горячая 4м SDR6(80),,9088eead-75dc-11e7-af18-30f7727a492e,false,false
Номенклатура — current,raw.r1c_nomenclature_current,433635aa-a692-11ec-9c42-00505689c8d9,00-00006370,Труба 25 стекловолокно 4м,,9088eead-75dc-11e7-af18-30f7727a492e,false,false
Номенклатура — current,raw.r1c_nomenclature_current,acc135b6-84ff-11f1-b824-005056bde474,00-00014637,Труба 32 внутренняя 4м SDR6,,5221e7b6-0a39-11f0-b80e-005056bde474,false,false
Номенклатура — current,raw.r1c_nomenclature_current,e2f47924-08bf-11f1-b81f-005056bde474,00-00013723,Труба 32 горячая 4м SDR6 (40),,6dd20a6a-51c7-11f0-b811-005056bde474,false,false
Номенклатура — current,raw.r1c_nomenclature_current,f11db2b7-98d4-11ea-952a-30f7727a492e,00-00002688,Труба 32 горячая 4м SDR6(40),,9088eead-75dc-11e7-af18-30f7727a492e,false,false
Номенклатура — current,raw.r1c_nomenclature_current,b60cb838-2414-11f0-b80e-005056bde474,00-00011992,Труба 32 стекловолокно 4м,,9088eead-75dc-11e7-af18-30f7727a492e,false,false
Номенклатура — current,raw.r1c_nomenclature_current,601165e4-7402-11ef-9c5d-00505689ff45,00-00011049,Труба 32 холодная 4м SDR11 (40),,9088eead-75dc-11e7-af18-30f7727a492e,false,false
Номенклатура — current,raw.r1c_nomenclature_current,ca5c35c7-08bf-11f1-b81f-005056bde474,00-00013720,Труба 40 горячая 4м SDR6 (20),,6dd20a6a-51c7-11f0-b811-005056bde474,false,false
Номенклатура — current,raw.r1c_nomenclature_current,c02f4708-b500-11f0-b81e-005056bde474,00-00012936,Труба 40 горячая 4м SDR6(20),,9088eead-75dc-11e7-af18-30f7727a492e,false,false
Номенклатура — current,raw.r1c_nomenclature_current,0fd96b4c-a692-11ec-9c42-00505689c8d9,00-00006369,Труба 40 стекловолокно 4м,,9088eead-75dc-11e7-af18-30f7727a492e,false,false
Номенклатура — current,raw.r1c_nomenclature_current,3a177386-08be-11f1-b81f-005056bde474,00-00013705,Труба 50 горячая 4м SDR6 (20),,6dd20a6a-51c7-11f0-b811-005056bde474,false,false
Номенклатура — current,raw.r1c_nomenclature_current,2eac76a5-f707-11f0-b81e-005056bde474,00-00013536,Труба 63 холодная 4м SDR11 (12),,dd7218ea-3d8a-11f1-b821-005056bde474,false,false
Номенклатура — current,raw.r1c_nomenclature_current,f808adb3-cd10-11ec-9c42-00505689c8d9,00-00006506,Труба 700.46.28.090-1,,9b060c03-71d9-11e7-85a2-d43d7eec442d,false,false
Номенклатура — current,raw.r1c_nomenclature_current,f67bc9fb-5b70-11f0-b811-005056bde474,00-00012528,Труба AiSI 304 76.1x2.0mm,,e857fb59-7295-11f0-b814-005056bde474,false,false
Номенклатура — current,raw.r1c_nomenclature_current,89355751-e53e-11f0-b81e-005056bde474,00-00013326,Труба FD гофра 340/300 (6м),,9088eead-75dc-11e7-af18-30f7727a492e,false,false
Номенклатура — current,raw.r1c_nomenclature_current,dcb67451-1112-11ef-9c4f-005056893620,00-00010509,Труба PN20 32,,9088eead-75dc-11e7-af18-30f7727a492e,false,false
Номенклатура — current,raw.r1c_nomenclature_current,86485bbb-6e2b-11f1-b822-005056bde474,00-00014538,"Труба PPR 32х5,4мм SDR6 армированная алюмин40х6,7мм SDR6 армированная алюминием (4м)",,22f7fc5f-3d8b-11f1-b821-005056bde474,false,false
Номенклатура — current,raw.r1c_nomenclature_current,e59fabb0-6e22-11f1-b822-005056bde474,00-00014537,"Труба PPR 32х5,4мм SDR6 армированная алюминием (4м)",,22f7fc5f-3d8b-11f1-b821-005056bde474,false,false
Номенклатура — current,raw.r1c_nomenclature_current,8f721eb9-8343-11ec-9c41-00505689c8d9,00-00006079,Труба pгs-5 89х3 5х5000 ,,9088eead-75dc-11e7-af18-30f7727a492e,false,false
Номенклатура — current,raw.r1c_nomenclature_current,374e128b-b222-11ef-9c5e-00505689ff45,00-00011440,Труба Д-260 выхлопная длинная ММЗ,,9b060c03-71d9-11e7-85a2-d43d7eec442d,false,false
Номенклатура — current,raw.r1c_nomenclature_current,5ff11738-2534-11ed-9c43-cb6d75bb653b,00-00007062,"Труба ПВХ 110*3,2*1000",,9088eead-75dc-11e7-af18-30f7727a492e,false,false
Номенклатура — current,raw.r1c_nomenclature_current,425dc719-2534-11ed-9c43-cb6d75bb653b,00-00007061,"Труба ПВХ 110*3,2*3000",,9088eead-75dc-11e7-af18-30f7727a492e,false,false
Номенклатура — current,raw.r1c_nomenclature_current,0e47e055-4472-11f1-b821-005056bde474,00-00014176,"Труба ПВХ 110х3,2х1000",,6dd20a6a-51c7-11f0-b811-005056bde474,false,false
Номенклатура — current,raw.r1c_nomenclature_current,267ab4db-4472-11f1-b821-005056bde474,00-00014177,"Труба ПВХ 110х3,2х2000",,6dd20a6a-51c7-11f0-b811-005056bde474,false,false
Номенклатура — current,raw.r1c_nomenclature_current,f2a2075a-2533-11ed-9c43-cb6d75bb653b,00-00007059,"Труба ПВХ 200*4,9*1000",,9088eead-75dc-11e7-af18-30f7727a492e,false,false
Номенклатура — current,raw.r1c_nomenclature_current,b68fefc3-2533-11ed-9c43-cb6d75bb653b,00-00007058,"Труба ПВХ 200*4,9*3000",,9088eead-75dc-11e7-af18-30f7727a492e,false,false
Номенклатура — current,raw.r1c_nomenclature_current,1b1ead18-2414-11f0-b80e-005056bde474,00-00011991,"Труба ПВХ 200*4,9*6м",,9088eead-75dc-11e7-af18-30f7727a492e,false,false
Номенклатура — current,raw.r1c_nomenclature_current,dee4760b-2d1e-11ee-9c4e-00505689ff45,00-00008382,Труба ПВХ d6мм черная,,9088eead-75dc-11e7-af18-30f7727a492e,false,false
Номенклатура — current,raw.r1c_nomenclature_current,53c03354-e062-11ee-9c4c-005056893620,00-00010261,Труба ПВХ ЛБ-2 Д-10 ,,9b060c03-71d9-11e7-85a2-d43d7eec442d,false,false
Номенклатура — current,raw.r1c_nomenclature_current,412b1cd2-5a0f-11ef-9c59-00505689ff45,00-00010827,"Труба ПВХ гибкая гофр.д.20мм, тяжёлая с протяжкой, 100м, цвет серый (упак.100м)",,20e031f3-0a37-11f0-b80e-005056bde474,false,false
Номенклатура — current,raw.r1c_nomenclature_current,6761c319-a735-11ef-9c5e-00505689ff45,00-00011369,Труба ПВХ гладкая D=40 легкая (10*3метра),,9088eead-75dc-11e7-af18-30f7727a492e,false,false
Номенклатура — current,raw.r1c_nomenclature_current,b15dfc4e-a7bd-11ed-9c4d-00505689ff45,00-00007627,Труба ПНД 20*2 СДР 11,,9be0daf4-2e34-11eb-288c-fa163e0d31f7,false,false
Номенклатура — current,raw.r1c_nomenclature_current,638e58ec-33ee-11eb-0e8a-fa163e0d31f7,БП-00003310,"Труба ПНД 25*2 СДР 13,6",,9be0daf4-2e34-11eb-288c-fa163e0d31f7,false,false
Номенклатура — current,raw.r1c_nomenclature_current,973cf52c-33ee-11eb-0e8a-fa163e0d31f7,БП-00003311,"Труба ПНД 32*2,4 СДР 13,6",,9be0daf4-2e34-11eb-288c-fa163e0d31f7,false,false
Номенклатура — current,raw.r1c_nomenclature_current,b63b85a9-2b95-11ee-9c4e-00505689ff45,00-00008376,Труба ПНД 40,,f0e4c260-a130-11e8-af4c-30f7727a492e,false,false
Номенклатура — current,raw.r1c_nomenclature_current,66e6b364-567f-11eb-1f84-fa163e0d31f7,БП-00003630,"Труба ПНД 40*3,2,4 СДР 13,6,17",,9be0daf4-2e34-11eb-288c-fa163e0d31f7,false,false
Номенклатура — current,raw.r1c_nomenclature_current,a9ea19fb-08bd-11f1-b81f-005056bde474,00-00013688,"Труба ПНД 50*3,7 SDR13,6 (ПЭ100, 12,5атм)",,6dd20a6a-51c7-11f0-b811-005056bde474,false,false
Номенклатура — current,raw.r1c_nomenclature_current,58800c59-f707-11f0-b81e-005056bde474,00-00013540,"Труба ПНД 50*3,7 SDR13.6 (ПЭ100, 12.5атм)",,dd7218ea-3d8a-11f1-b821-005056bde474,false,false
Номенклатура — current,raw.r1c_nomenclature_current,fd0c2826-8499-11ef-9c5d-00505689ff45,00-00011224,"Труба ПНД 50*3,7 СДР 13,6",,9be0daf4-2e34-11eb-288c-fa163e0d31f7,false,false
Номенклатура — current,raw.r1c_nomenclature_current,f87f56ee-5681-11eb-1f84-fa163e0d31f7,БП-00003636,"Труба ПНД 63*47 СДР 13,6",,9be0daf4-2e34-11eb-288c-fa163e0d31f7,false,false
Номенклатура — current,raw.r1c_nomenclature_current,5b0b9615-68e8-11ee-9c50-00505689ff45,00-00009679,Труба ПНД гофриров d32 DKC,,9088eead-75dc-11e7-af18-30f7727a492e,false,false
Номенклатура — current,raw.r1c_nomenclature_current,edf07061-70d1-11ec-9c40-00505689c8d9,АК-00005948,"Труба ПП 110*2,7*0,25м ",,9088eead-75dc-11e7-af18-30f7727a492e,false,false
Номенклатура — current,raw.r1c_nomenclature_current,8405077e-f70c-11f0-b81e-005056bde474,00-00013576,"Труба ПП 110*2,7*1,0м",,05c8a6d8-3d8b-11f1-b821-005056bde474,false,false
Номенклатура — current,raw.r1c_nomenclature_current,dbc1db9f-4719-11ee-9c4e-00505689ff45,00-00009419,"Труба ПП 110*2,7*1м ",,9088eead-75dc-11e7-af18-30f7727a492e,false,false
Номенклатура — current,raw.r1c_nomenclature_current,b0c32f97-147b-11ec-9c3a-00505689ff45,АК-00004963,"Труба ПП 110*2,7*2м ",,9088eead-75dc-11e7-af18-30f7727a492e,false,false
Номенклатура — current,raw.r1c_nomenclature_current,435362cf-c036-11ee-9c4c-005056893620,00-00010106,"Труба ПП 110х2,7х2м",,9088eead-75dc-11e7-af18-30f7727a492e,false,true
Номенклатура — current,raw.r1c_nomenclature_current,593e7c06-af62-11eb-3192-fa163e0d31f7,БП-00003947,"Труба ПП 50*1,8*0,5м",,9088eead-75dc-11e7-af18-30f7727a492e,false,false
Номенклатура — current,raw.r1c_nomenclature_current,86664691-3377-11ea-9522-30f7727a492e,00-00002335,"Труба ПП 50*1,8*1м",,9088eead-75dc-11e7-af18-30f7727a492e,false,false
Номенклатура — current,raw.r1c_nomenclature_current,86664690-3377-11ea-9522-30f7727a492e,00-00002334,"Труба ПП 50*1,8*2м",,9088eead-75dc-11e7-af18-30f7727a492e,false,false
Номенклатура — current,raw.r1c_nomenclature_current,8fac1f78-6d5b-11ec-9c40-00505689c8d9,АК-00005904,Труба ПП 50*90,,9088eead-75dc-11e7-af18-30f7727a492e,false,false
Номенклатура — current,raw.r1c_nomenclature_current,1ca26270-a01d-11eb-c683-fa163e0d31f7,БП-00003868,"Труба ПП Гост d 50X1,8 мм длина 15 см",,9088eead-75dc-11e7-af18-30f7727a492e,false,false
Номенклатура — current,raw.r1c_nomenclature_current,8aea18a4-a018-11eb-c683-fa163e0d31f7,БП-00003857,"Труба ПП Гост d 50X1,8 мм длина 1м",,9088eead-75dc-11e7-af18-30f7727a492e,false,false
Номенклатура — current,raw.r1c_nomenclature_current,c49d084a-a018-11eb-c683-fa163e0d31f7,БП-00003859,"Труба ПП Гост d 50X1,8 мм длина 25 см",,9088eead-75dc-11e7-af18-30f7727a492e,false,false
Номенклатура — current,raw.r1c_nomenclature_current,ac90e7bc-a018-11eb-c683-fa163e0d31f7,БП-00003858,"Труба ПП Гост d 50X1,8 мм длина 50 см",,9088eead-75dc-11e7-af18-30f7727a492e,false,false
Номенклатура — current,raw.r1c_nomenclature_current,eb91cec0-abcc-11ef-9c5e-00505689ff45,00-00011408,"Труба РР арм.стекло, PN20",,9b060c2a-71d9-11e7-85a2-d43d7eec442d,false,false
Номенклатура — current,raw.r1c_nomenclature_current,1b9e7fb3-241c-11f0-b80e-005056bde474,00-00011995,Труба асб. 400мм 5м,,9088eead-75dc-11e7-af18-30f7727a492e,false,false
Номенклатура — current,raw.r1c_nomenclature_current,d634a37b-241d-11f0-b80e-005056bde474,00-00011998,Труба асбест. 400мм 5м,,9be0daf4-2e34-11eb-288c-fa163e0d31f7,false,false
Номенклатура — current,raw.r1c_nomenclature_current,fb0af45e-1cd3-11ef-9c58-00505689ff45,00-00010600,Труба в сборе ЭК-100.730,,9b060c03-71d9-11e7-85a2-d43d7eec442d,false,false
Номенклатура — current,raw.r1c_nomenclature_current,36814d89-a5e8-11ec-9c42-00505689c8d9,00-00006343,Труба вод/газ 76,,9088eead-75dc-11e7-af18-30f7727a492e,false,false
Номенклатура — current,raw.r1c_nomenclature_current,119bad2e-567f-11eb-1f84-fa163e0d31f7,БП-00003629,"Труба водопроводная 32х3,2мм",,9be0daf4-2e34-11eb-288c-fa163e0d31f7,false,false
Номенклатура — current,raw.r1c_nomenclature_current,2f193444-cf64-11eb-bd90-fa163e0d31f7,БП-00004163,"Труба водопроводная 40х2,4мм",,9be0daf4-2e34-11eb-288c-fa163e0d31f7,false,false
Номенклатура — current,raw.r1c_nomenclature_current,f620d126-9160-11ec-9c42-00505689c8d9,00-00006175,Труба водопроводная 80 3м ПВХ,,9088eead-75dc-11e7-af18-30f7727a492e,false,false
Номенклатура — current,raw.r1c_nomenclature_current,8faae4bb-73bd-11f1-b822-005056bde474,00-00014554,Труба выхлопная ГАЗ-231073-1203170-10 Соболь,,20296b06-0a38-11f0-b80e-005056bde474,false,false
Номенклатура — current,raw.r1c_nomenclature_current,0bc6f682-e5fa-11ee-9c4c-005056893620,00-00010335,Труба выхлопная задн.,,9b060c03-71d9-11e7-85a2-d43d7eec442d,false,false
Номенклатура — current,raw.r1c_nomenclature_current,7c2de613-1145-11f1-b81f-005056bde474,00-00013779,Труба выхлопная передн. (бенз Е2),,45c9e202-0a37-11f0-b80e-005056bde474,false,false
Номенклатура — current,raw.r1c_nomenclature_current,09eea7e7-d7ae-11ed-9c4e-00505689ff45,00-00007729,Труба гибкая АНИ 1 112*40/50,,9088eead-75dc-11e7-af18-30f7727a492e,false,false
Номенклатура — current,raw.r1c_nomenclature_current,6aaad520-5a0f-11ef-9c59-00505689ff45,00-00010828,Труба гладкая жесткая ПВХ d20 ИЭК серая (93м) 3м (П),,20e031f3-0a37-11f0-b80e-005056bde474,false,false
Номенклатура — current,raw.r1c_nomenclature_current,da302b29-e030-11f0-b81e-005056bde474,00-00013238,"Труба гладкая, ПП, класс жесткости SN 4, Д110 мм, S=3,4 мм L 2000 мм ",,6dd20a6a-51c7-11f0-b811-005056bde474,false,false
Номенклатура — current,raw.r1c_nomenclature_current,f101691f-e030-11f0-b81e-005056bde474,00-00013239,"Труба гладкая, ПП, класс жесткости SN 4, Д110 мм, S=3,4 мм L 500 мм",,6dd20a6a-51c7-11f0-b811-005056bde474,false,false
Номенклатура — current,raw.r1c_nomenclature_current,d50565a7-a735-11ef-9c5e-00505689ff45,00-00011371,Труба гофр. 40мм ПНД (черная) с зонтом легкая,,9088eead-75dc-11e7-af18-30f7727a492e,false,false
Номенклатура — current,raw.r1c_nomenclature_current,ef308c9a-1165-11f1-b81f-005056bde474,00-00013818,"Труба гофр.20мм ПНД (черная) с зондом легкая, Dвнутр.=14,1мм, упак.100 м",,20e031f3-0a37-11f0-b80e-005056bde474,false,false
Номенклатура — current,raw.r1c_nomenclature_current,4a63b265-f6f5-11f0-b81e-005056bde474,00-00013506,Труба гофр.25мм ПНД (черная) с зондом легкая,,20e031f3-0a37-11f0-b80e-005056bde474,false,false
Номенклатура — current,raw.r1c_nomenclature_current,de2d34d5-8530-11ee-9c4a-005056893620,00-00009786,Труба гофр.двустенная ПНД d50 красн. (уп.50м),,20e031f3-0a37-11f0-b80e-005056bde474,false,false
Номенклатура — current,raw.r1c_nomenclature_current,df12cd8e-c735-11ea-9d96-fa163ee5d2f9,БП-00002876,Труба гофра с протяжкой,,9088eead-75dc-11e7-af18-30f7727a492e,false,false
Номенклатура — current,raw.r1c_nomenclature_current,185e9022-5cab-11ec-9c40-00505689c8d9,АК-00005792,Труба гофрированная 20мм  ПВХ с зондом легкая 12001(100),,20e031f3-0a37-11f0-b80e-005056bde474,false,false
Номенклатура — current,raw.r1c_nomenclature_current,7d57f412-4fae-11ed-9c43-cb6d75bb653b,00-00007320,Труба гофрированная 32мм  ПВХ с зондом легкая 13201,,20e031f3-0a37-11f0-b80e-005056bde474,false,false
Номенклатура — current,raw.r1c_nomenclature_current,9c55efe5-e537-11ee-9c4c-005056893620,00-00010290,Труба гофрированная 50мм  ПНД с зондом легкая ,,20e031f3-0a37-11f0-b80e-005056bde474,false,false
Номенклатура — current,raw.r1c_nomenclature_current,21b002bb-04aa-11f0-b80e-005056bde474,00-00011768,Труба гофрированная ПНД 16мм с зондом легкая,,20e031f3-0a37-11f0-b80e-005056bde474,false,false
Номенклатура — current,raw.r1c_nomenclature_current,7cad2865-6478-11ef-9c5c-00505689ff45,00-00010931,Труба гофрированная ПНД 20мм с зондом (100м) ИЕК черный,,20e031f3-0a37-11f0-b80e-005056bde474,false,false
Номенклатура — current,raw.r1c_nomenclature_current,373d4959-41c0-11ee-9c4e-00505689ff45,00-00009233,Труба гофрированная ПНД 20мм с зондом легкая,,20e031f3-0a37-11f0-b80e-005056bde474,false,false
Номенклатура — current,raw.r1c_nomenclature_current,211c27a1-35ce-11ea-9522-30f7727a492e,00-00002374,Труба гофрированная ПНД Д=16,,211c2790-35ce-11ea-9522-30f7727a492e,false,false
Номенклатура — current,raw.r1c_nomenclature_current,9e865522-629a-11ea-9525-30f7727a492e,00-00002512,Труба гофрированная ПНД Д=20 УралПак,,211c2790-35ce-11ea-9522-30f7727a492e,false,false
Номенклатура — current,raw.r1c_nomenclature_current,9e865526-629a-11ea-9525-30f7727a492e,00-00002516,Труба гофрированная ПНД Д=25 УралПак,,211c2790-35ce-11ea-9522-30f7727a492e,false,false
Номенклатура — current,raw.r1c_nomenclature_current,7a007dd2-4fad-11ed-9c43-cb6d75bb653b,00-00007319,Труба гофрированная ПНД Д=63 ,,20e031f3-0a37-11f0-b80e-005056bde474,false,false
Номенклатура — current,raw.r1c_nomenclature_current,50124bed-a086-11f0-b81d-005056bde474,00-00012829,Труба гофрированная двустенная пвх для подземной укладки кабеля d=40 мм цвет красный 50 м,,89da002d-7290-11f0-b814-005056bde474,false,false
Номенклатура — current,raw.r1c_nomenclature_current,47388109-9161-11ec-9c42-00505689c8d9,00-00006177,Труба дренажная 110,,9088eead-75dc-11e7-af18-30f7727a492e,false,false
Номенклатура — current,raw.r1c_nomenclature_current,3d97662a-ad97-11ea-d488-fa163ee5d2f9,БП-00002779,"Труба из сплава аллюминия диаметром 6"",длина 5,8 м",,de1714af-8a12-11e7-af1d-30f7727a492e,false,false
Номенклатура — current,raw.r1c_nomenclature_current,be47f83a-ad96-11ea-d488-fa163ee5d2f9,БП-00002776,"Труба из сплава аллюминия диаметром 8"",длина 5,8 м",,de1714af-8a12-11e7-af1d-30f7727a492e,false,false
Номенклатура — current,raw.r1c_nomenclature_current,b04b37c8-c036-11ee-9c4c-005056893620,00-00010107,Труба изоком 110 *2м,,9088eead-75dc-11e7-af18-30f7727a492e,false,false
Номенклатура — current,raw.r1c_nomenclature_current,54cda6a4-32b9-11f1-b81f-005056bde474,00-00013986,Труба изоком 110*2м,,9088eead-75dc-11e7-af18-30f7727a492e,false,false
Номенклатура — current,raw.r1c_nomenclature_current,78bfb7ae-32b9-11f1-b81f-005056bde474,00-00013988,Труба изоком 28*2м,,9088eead-75dc-11e7-af18-30f7727a492e,false,false
Номенклатура — current,raw.r1c_nomenclature_current,fa199ec4-2534-11ed-9c43-cb6d75bb653b,00-00007064,Труба изоком 54*2м,,9088eead-75dc-11e7-af18-30f7727a492e,false,false
Номенклатура — current,raw.r1c_nomenclature_current,41e3a65e-08be-11f1-b81f-005056bde474,00-00013706,"Труба изоком 54*2м 008-1062,ЭФ-Тр54/9-2ну",,6dd20a6a-51c7-11f0-b811-005056bde474,false,false
Номенклатура — current,raw.r1c_nomenclature_current,86fb7658-32b9-11f1-b81f-005056bde474,00-00013989,Труба изоком 64*2м,,9088eead-75dc-11e7-af18-30f7727a492e,false,false
Номенклатура — current,raw.r1c_nomenclature_current,30b7395d-f69b-11f0-b81e-005056bde474,00-00013486,"Труба изоляц.термоусадочная 6,4+4,8+3,2+2,4мм",,45c9e202-0a37-11f0-b80e-005056bde474,false,false
Номенклатура — current,raw.r1c_nomenclature_current,00f66617-2b8a-11ec-b9a9-00505689914b,АК-00005467,Труба канал 50-2м ,,9be0daf4-2e34-11eb-288c-fa163e0d31f7,false,false
Номенклатура — current,raw.r1c_nomenclature_current,2f2eda5f-2c36-11ec-b9a9-00505689914b,АК-00005510,"Труба канализационная 110х2,7х1м",,9088eead-75dc-11e7-af18-30f7727a492e,false,false
Номенклатура — current,raw.r1c_nomenclature_current,4e0e2990-2c36-11ec-b9a9-00505689914b,АК-00005511,"Труба канализационная 110х2,7х2м",,9088eead-75dc-11e7-af18-30f7727a492e,false,false
Номенклатура — current,raw.r1c_nomenclature_current,c4d3b1fb-2c36-11ec-b9a9-00505689914b,АК-00005513,"Труба канализационная 110х2,7х500см",,9088eead-75dc-11e7-af18-30f7727a492e,false,false
Номенклатура — current,raw.r1c_nomenclature_current,262fdecb-1cd4-11ef-9c58-00505689ff45,00-00010601,Труба короткая ЭК-100.740,,9b060c03-71d9-11e7-85a2-d43d7eec442d,false,false
Номенклатура — current,raw.r1c_nomenclature_current,4a96eb43-1cd4-11ef-9c58-00505689ff45,00-00010602,Труба короткая опорная ЭК-100.750,,9b060c03-71d9-11e7-85a2-d43d7eec442d,false,false
Номенклатура — current,raw.r1c_nomenclature_current,aeac81c2-0b81-11eb-3385-fa163ee5d2f9,БП-00003119,Труба легкая черная ПНД Д=20 гофрированная с протяжкой,,de1714af-8a12-11e7-af1d-30f7727a492e,false,false
Номенклатура — current,raw.r1c_nomenclature_current,56fab637-646b-11ef-9c5c-00505689ff45,00-00010923,"Труба оцинкованная 15*1,5/15*1,5",,9088eead-75dc-11e7-af18-30f7727a492e,false,false
Номенклатура — current,raw.r1c_nomenclature_current,3e46485a-7927-11f1-b822-005056bde474,00-00014592,"Труба питьевая напорная RTP ПНД ПЭ 100, d 50x3,0 мм (50 метров) РТП 40366",,dd7218ea-3d8a-11f1-b821-005056bde474,false,false
Номенклатура — current,raw.r1c_nomenclature_current,9f5e9d46-2c36-11ec-b9a9-00505689914b,АК-00005512,Труба полипропилен  25 (2м),,9088eead-75dc-11e7-af18-30f7727a492e,false,false
Номенклатура — current,raw.r1c_nomenclature_current,99d6c7e8-d5f5-11f0-b81e-005056bde474,00-00013088,Труба приемная левая ПАЗ 32053-1203011-20 (бенз),,b9d744a7-3ee1-11f1-b821-005056bde474,false,false
Номенклатура — current,raw.r1c_nomenclature_current,b761baa6-d5f5-11f0-b81e-005056bde474,00-00013089,Труба приемная правая ПАЗ 32053-1203010-10 (бенз),,b9d744a7-3ee1-11f1-b821-005056bde474,false,false
Номенклатура — current,raw.r1c_nomenclature_current,e19a3133-d5f5-11f0-b81e-005056bde474,00-00013090,"Труба промежуточная ПАЗ 32053 (Е2, Е3)",,b9d744a7-3ee1-11f1-b821-005056bde474,false,false
Номенклатура — current,raw.r1c_nomenclature_current,d564b1fb-23d6-11ed-9c43-cb6d75bb653b,00-00007034,Труба проф 100х100х4 мм,,9088eead-75dc-11e7-af18-30f7727a492e,false,false
Номенклатура — current,raw.r1c_nomenclature_current,7469278e-884b-11ee-9c4a-005056893620,00-00009872,Труба проф 25х25х2.0,,9088eead-75dc-11e7-af18-30f7727a492e,false,false
Номенклатура — current,raw.r1c_nomenclature_current,30dc5441-884b-11ee-9c4a-005056893620,00-00009871,Труба проф 30х30х2,,9088eead-75dc-11e7-af18-30f7727a492e,false,false
Номенклатура — current,raw.r1c_nomenclature_current,00c423ee-3bbd-11e8-af35-30f7727a492e,00-00000763,"Труба проф 40х20х2,0",,9088eead-75dc-11e7-af18-30f7727a492e,false,false
Номенклатура — current,raw.r1c_nomenclature_current,efd9b423-2855-11ed-9c43-cb6d75bb653b,00-00007116,"Труба проф 40х25х1,5мм",,9088eead-75dc-11e7-af18-30f7727a492e,false,false
Номенклатура — current,raw.r1c_nomenclature_current,87c8f882-fe3f-11ea-7580-fa163ee5d2f9,БП-00003052,Труба проф 50х100х3 мм,,9088eead-75dc-11e7-af18-30f7727a492e,false,false
Номенклатура — current,raw.r1c_nomenclature_current,466985d5-5793-11ea-8118-d43d7ec071d4,00-00002470,Труба проф 50х25х1.5 мм,,9088eead-75dc-11e7-af18-30f7727a492e,false,false
Номенклатура — current,raw.r1c_nomenclature_current,97bc4424-f62c-11e9-9519-30f7727a492e,00-00002124,"Труба проф 60х30х1,5 мм",,9088eead-75dc-11e7-af18-30f7727a492e,false,false
Номенклатура — current,raw.r1c_nomenclature_current,0d71450c-e623-11e7-a3fa-94de80168a80,00-00000546,Труба проф 60х30х2,,9088eead-75dc-11e7-af18-30f7727a492e,false,false
Номенклатура — current,raw.r1c_nomenclature_current,a932fd84-695f-11eb-159e-fa163e0d31f7,БП-00003700,Труба проф 60х60х2,,9088eead-75dc-11e7-af18-30f7727a492e,false,false
Номенклатура — current,raw.r1c_nomenclature_current,08f67de4-6d58-11ec-9c40-00505689c8d9,АК-00005896,Труба профильная 100х100х4 мм,,9088eead-75dc-11e7-af18-30f7727a492e,false,false
Номенклатура — current,raw.r1c_nomenclature_current,32464fb0-32b9-11f1-b81f-005056bde474,00-00013984,"Труба профильная 20*20*1,5мм",,9088eead-75dc-11e7-af18-30f7727a492e,false,false
Номенклатура — current,raw.r1c_nomenclature_current,f3516b50-8a7c-11f1-b824-005056bde474,00-00014686,Труба профильная 20*20*2мм,,3891ada2-0a39-11f0-b80e-005056bde474,false,false
Номенклатура — current,raw.r1c_nomenclature_current,03dc7842-8a7d-11f1-b824-005056bde474,00-00014687,Труба профильная 40*20*2мм,,3891ada2-0a39-11f0-b80e-005056bde474,false,false
Номенклатура — current,raw.r1c_nomenclature_current,42a89329-32b9-11f1-b81f-005056bde474,00-00013985,"Труба профильная 40*40*1,5мм",,9088eead-75dc-11e7-af18-30f7727a492e,false,false
Номенклатура — current,raw.r1c_nomenclature_current,1b2b584c-8a7d-11f1-b824-005056bde474,00-00014688,Труба профильная 40*40*2мм,,3891ada2-0a39-11f0-b80e-005056bde474,false,false
Номенклатура — current,raw.r1c_nomenclature_current,5f6e6ab5-f91c-11ef-b80e-005056bde474,00-00011721,"Труба профильная 40х20х2,0мм",,9088eead-75dc-11e7-af18-30f7727a492e,false,false
Номенклатура — current,raw.r1c_nomenclature_current,d5675e30-5682-11eb-1f84-fa163e0d31f7,БП-00003638,Труба сантехническая диаметр 250  ,,9be0daf4-2e34-11eb-288c-fa163e0d31f7,false,false
Номенклатура — current,raw.r1c_nomenclature_current,b3430d04-e2ce-11ee-9c4c-005056893620,00-00010278,Труба сантехническая диаметр 50  ,,9088eead-75dc-11e7-af18-30f7727a492e,false,false
Номенклатура — current,raw.r1c_nomenclature_current,cd21200e-4fb3-11ed-9c43-cb6d75bb653b,00-00007324,Труба термоусадочная с клеем,,20e031f3-0a37-11f0-b80e-005056bde474,false,false
Номенклатура — current,raw.r1c_nomenclature_current,08222519-1ed8-11ed-9c43-cb6d75bb653b,00-00006978,"Труба термоусадочная с клеем ТТК-3,1 30/10",,20e031f3-0a37-11f0-b80e-005056bde474,false,false
Номенклатура — current,raw.r1c_nomenclature_current,8fb362ff-739b-11ec-9c40-00505689c8d9,АК-00005989,Труба термоусаживаемая d3,,9b060c03-71d9-11e7-85a2-d43d7eec442d,false,false
Номенклатура — current,raw.r1c_nomenclature_current,5edc197b-cc55-11e8-af53-30f7727a492e,00-00001293,Труба топливная 3302,,9b060c03-71d9-11e7-85a2-d43d7eec442d,false,false
Номенклатура — current,raw.r1c_nomenclature_current,28975449-46e7-11e8-af37-30f7727a492e,00-00000802,Труба топливная ГАЗ3309 низкого давления,,9b060c03-71d9-11e7-85a2-d43d7eec442d,false,false
Номенклатура — current,raw.r1c_nomenclature_current,cbf99122-72cd-11e8-af41-30f7727a492e,00-00000923,Труба топливная КАМАЗ низкого давления 3 шт,,9b060c03-71d9-11e7-85a2-d43d7eec442d,false,false
Номенклатура — current,raw.r1c_nomenclature_current,cbf9912b-72cd-11e8-af41-30f7727a492e,00-00000926,Труба тормозная 3302 оттройника к шлангу,,9b060c03-71d9-11e7-85a2-d43d7eec442d,false,false
Номенклатура — current,raw.r1c_nomenclature_current,0a0fef89-82e5-11ed-9c4c-00505689ff45,00-00007526,"Труба шарнира 700А 28.00.020 (К-700,К-744)",,9b060c03-71d9-11e7-85a2-d43d7eec442d,false,false
Номенклатура — current,raw.r1c_nomenclature_current,013d2fda-5f5d-11e9-af6b-30f7727a492e,00-00001539,"Труба шарнира 700А.28.00.020 (К-700, К-744)",,9b060c03-71d9-11e7-85a2-d43d7eec442d,false,false
Номенклатура — current,raw.r1c_nomenclature_current,1a77a9d6-988b-11eb-9b81-fa163e0d31f7,БП-00003848,Труба шкворня (фланец),,9b060c03-71d9-11e7-85a2-d43d7eec442d,false,false
Номенклатура — current,raw.r1c_nomenclature_current,47b45a0e-a018-11eb-c683-fa163e0d31f7,БП-00003856,Труба шумопоглащающая длина 1м,,9088eead-75dc-11e7-af18-30f7727a492e,false,false
Номенклатура — current,raw.r1c_nomenclature_current,a2fa905a-8c7a-11ef-9c5e-00505689ff45,00-00011287,Труба элекросварная 108,,9088eead-75dc-11e7-af18-30f7727a492e,false,false
Номенклатура — current,raw.r1c_nomenclature_current,2bec6ea3-3b58-11ee-9c4e-00505689ff45,00-00008501,Трубка  ПВХ ф12 мм черная,,9b060c03-71d9-11e7-85a2-d43d7eec442d,false,false
Номенклатура — current,raw.r1c_nomenclature_current,13313e7a-f699-11f0-b81e-005056bde474,00-00013475,Трубка ВД Д-240 (к-т 4шт) ,,45c9e202-0a37-11f0-b80e-005056bde474,false,false
Номенклатура — current,raw.r1c_nomenclature_current,67f1bd46-e35b-11e9-af7c-30f7727a492e,00-00002015,Трубка Д-260 передняя водосборная 260-1303031,,9b060c03-71d9-11e7-85a2-d43d7eec442d,false,false
Номенклатура — current,raw.r1c_nomenclature_current,bc641b54-5da6-11f1-b821-005056bde474,00-00014479,Трубка ПАЗ-3205 подвода масла к компр.,,b9d744a7-3ee1-11f1-b821-005056bde474,false,false
Номенклатура — current,raw.r1c_nomenclature_current,ebfcadb1-cfce-11ee-9c4c-005056893620,00-00010197,Трубка ПВХ ф 10 мм черная,,9b060c03-71d9-11e7-85a2-d43d7eec442d,false,false
Номенклатура — current,raw.r1c_nomenclature_current,9037906b-cfce-11ee-9c4c-005056893620,00-00010195,Трубка ПВХ ф 6 мм черная,,9b060c03-71d9-11e7-85a2-d43d7eec442d,false,false
Номенклатура — current,raw.r1c_nomenclature_current,d54ed453-cfce-11ee-9c4c-005056893620,00-00010196,Трубка ПВХ ф 8 мм черная,,45c9e202-0a37-11f0-b80e-005056bde474,false,false
Номенклатура — current,raw.r1c_nomenclature_current,0207e43f-1597-11ea-9521-30f7727a492e,00-00002240,Трубка ПНД гофр с зондом ф25мм ,,20e031f3-0a37-11f0-b80e-005056bde474,false,false
Номенклатура — current,raw.r1c_nomenclature_current,35968cd2-a2a8-11f0-b81d-005056bde474,00-00012839,Трубка клеевая термоусаживаемая ТТЭк 12/4 черная (1 м),,89da002d-7290-11f0-b814-005056bde474,false,false
Номенклатура — current,raw.r1c_nomenclature_current,152ed7b9-a2a8-11f0-b81d-005056bde474,00-00012838,Трубка клеевая термоусаживаемая ТТЭк 8/4 черная 1 м,,89da002d-7290-11f0-b814-005056bde474,false,false
Номенклатура — current,raw.r1c_nomenclature_current,9597b5a8-c25a-11e9-af79-30f7727a492e,00-00001887,Трубка обратки (Евро-4),,9b060c03-71d9-11e7-85a2-d43d7eec442d,false,false
Номенклатура — current,raw.r1c_nomenclature_current,0b3060aa-14ea-11ed-9c43-cb6d75bb653b,00-00006840,Трубка полиуретановая голубая рабочее давление 12бар,,9b060c03-71d9-11e7-85a2-d43d7eec442d,false,false
Номенклатура — current,raw.r1c_nomenclature_current,1b038d0e-f921-11ef-b80e-005056bde474,00-00011724,"Трубка силиконовая прозрачная 8х1,5 50м",,9b060c03-71d9-11e7-85a2-d43d7eec442d,false,false
Номенклатура — current,raw.r1c_nomenclature_current,419313cd-84fa-11f1-b824-005056bde474,00-00014622,Трубка термоус клеевая набор,,caeea65b-372d-11f1-b81f-005056bde474,false,false
Номенклатура — current,raw.r1c_nomenclature_current,aa53daa4-c4fe-11ef-9c5f-00505689ff45,00-00011540,Трубка термоусадочная ,,9b060c03-71d9-11e7-85a2-d43d7eec442d,false,false
Номенклатура — current,raw.r1c_nomenclature_current,504f2f83-c5e4-11ee-9c4c-005056893620,00-00010154,"Трубка термоусадочная 10,0/5,0 мм черная,ролик 2,44м",,20e031f3-0a37-11f0-b80e-005056bde474,false,false
Номенклатура — current,raw.r1c_nomenclature_current,0733363c-9a43-11ec-9c42-00505689c8d9,00-00006278,"Трубка термоусадочная d=2.3.4.5.6.10 мм длина 100мм,120шт в набор JTC-2034",,9b060c03-71d9-11e7-85a2-d43d7eec442d,false,false
Номенклатура — current,raw.r1c_nomenclature_current,dec54908-de02-11ed-9c4e-00505689ff45,00-00007806,Трубка термоусадочная с клеем,,20e031f3-0a37-11f0-b80e-005056bde474,false,false
Номенклатура — current,raw.r1c_nomenclature_current,1c7ac995-2c03-11f1-b81f-005056bde474,00-00013869,Трубка топл. бака со штуцером 330мм 240-1104160,,45c9e202-0a37-11f0-b80e-005056bde474,false,false
Номенклатура — current,raw.r1c_nomenclature_current,f912e331-2c02-11f1-b81f-005056bde474,00-00013868,Трубка топл. бака со штуцером 460мм 240-1104160-02,,45c9e202-0a37-11f0-b80e-005056bde474,false,false
Номенклатура — current,raw.r1c_nomenclature_current,26d7407e-7e6a-11ee-9c4a-005056893620,00-00009744,Трубка топливная (обратка) Ford Transit,,9b060c03-71d9-11e7-85a2-d43d7eec442d,false,false
Номенклатура — current,raw.r1c_nomenclature_current,23a5326f-92eb-11ee-9c4a-005056893620,00-00009879,Трубка топливная ТНВД,,9b060c03-71d9-11e7-85a2-d43d7eec442d,false,false
Номенклатура — current,raw.r1c_nomenclature_current,23312bae-7f0f-11ef-9c5d-00505689ff45,00-00011146,Трубка топливная низкого давления,,9b060c03-71d9-11e7-85a2-d43d7eec442d,false,false
Номенклатура — current,raw.r1c_nomenclature_current,930e5360-ab9e-11ed-9c4d-00505689ff45,00-00007632,Трубка тормозная ,,9b060c03-71d9-11e7-85a2-d43d7eec442d,false,false
Номенклатура — current,raw.r1c_nomenclature_current,a6852709-e423-11f0-b81e-005056bde474,00-00013304,"Трубный рычажный ключ №1, Inforce тип L 06-05-111",,007d76f1-0a39-11f0-b80e-005056bde474,false,false
Номенклатура — current,raw.r1c_nomenclature_current,cb3bd1d8-e423-11f0-b81e-005056bde474,00-00013305,"Трубный рычажный ключ №2, Inforce тип L 06-05-112",,007d76f1-0a39-11f0-b80e-005056bde474,false,false
Номенклатура — current,raw.r1c_nomenclature_current,ec7e18f0-1fe0-11ee-9c4e-00505689ff45,00-00008339,Трубонасадка 045,,9b060c03-71d9-11e7-85a2-d43d7eec442d,false,false
Номенклатура — current,raw.r1c_nomenclature_current,491aa0ed-1422-11ef-9c4f-005056893620,00-00010521,"Трубонасадка 045,280 bar вход 1/4 внут",,9b060c03-71d9-11e7-85a2-d43d7eec442d,false,false
Номенклатура — current,raw.r1c_nomenclature_current,fb93f19f-5db0-11f1-b821-005056bde474,00-00014483,Трубопровод 2522-1602595-б1,,45c9e202-0a37-11f0-b80e-005056bde474,false,false
Номенклатура — current,raw.r1c_nomenclature_current,e514a04d-11bb-11ea-9520-30f7727a492e,00-00002210,Тряпка для пола,,f0e4c260-a130-11e8-af4c-30f7727a492e,false,false
Номенклатура — current,raw.r1c_nomenclature_current,15f06b67-2437-11e8-af33-30f7727a492e,00-00000742,Туалет садовый,,f0e4c260-a130-11e8-af4c-30f7727a492e,false,false
Номенклатура — current,raw.r1c_nomenclature_current,82253348-1d78-11ea-9522-30f7727a492e,00-00002255,"Туалетная кабина ""ЭКОНОМ""",,f0e4c260-a130-11e8-af4c-30f7727a492e,false,false
Номенклатура — current,raw.r1c_nomenclature_current,69b593fe-07d7-11eb-1097-fa163ee5d2f9,БП-00003107,"Туалетная кабина Стандарт ""Экомарка-МД цвет синий",,f0e4c260-a130-11e8-af4c-30f7727a492e,false,false
Номенклатура — current,raw.r1c_nomenclature_current,67c74fcb-acbc-11ef-9c5e-00505689ff45,00-00011410,Туалетный набор,,f0e4c260-a130-11e8-af4c-30f7727a492e,false,false
Номенклатура — current,raw.r1c_nomenclature_current,e4c213e9-f524-11eb-9c3a-00505689ff45,АК-00003767,Туарег Инсектицид,,668204c4-5324-11f0-b811-005056bde474,false,false
Номенклатура — current,raw.r1c_nomenclature_current,9b060ca7-71d9-11e7-85a2-d43d7eec442d,00000095   ,Тумба,,9088eeac-75dc-11e7-af18-30f7727a492e,false,false
Номенклатура — current,raw.r1c_nomenclature_current,9b060ca8-71d9-11e7-85a2-d43d7eec442d,00000096   ,Тумба под оргтехнику,,9088eeac-75dc-11e7-af18-30f7727a492e,false,false
Номенклатура — current,raw.r1c_nomenclature_current,7faa8dcf-c9ff-11e7-a3eb-94de80168a80,00-00000450,Тумба подкатная,,9088eeac-75dc-11e7-af18-30f7727a492e,false,false
Номенклатура — current,raw.r1c_nomenclature_current,cee8deba-6f8c-11ec-9c40-00505689c8d9,АК-00005923,Тумба с ницией 400*400/580,,9088eeac-75dc-11e7-af18-30f7727a492e,false,false
Номенклатура — current,raw.r1c_nomenclature_current,9f0710c8-45a1-11ed-9c43-cb6d75bb653b,00-00007229,Тумблер ,,20e031f3-0a37-11f0-b80e-005056bde474,false,false
Номенклатура — current,raw.r1c_nomenclature_current,ec22ef6e-cf6c-11eb-bd90-fa163e0d31f7,БП-00004178,Турбогематоген 25г ,,213391ae-cf6d-11eb-bd90-fa163e0d31f7,false,false
Номенклатура — current,raw.r1c_nomenclature_current,e4c213ea-f524-11eb-9c3a-00505689ff45,АК-00003768,Турион Инсектицид,,668204c4-5324-11f0-b811-005056bde474,false,false
Номенклатура — current,raw.r1c_nomenclature_current,d41b54c3-f75e-11f0-b81e-005056bde474,00-00013595,Турникет электромеханический,,de1714af-8a12-11e7-af1d-30f7727a492e,false,false
Номенклатура — current,raw.r1c_nomenclature_current,6f107121-f762-11f0-b81e-005056bde474,00-00013600,Турникет_Кабель витая пара 8 жил,,de1714af-8a12-11e7-af1d-30f7727a492e,false,false
Номенклатура — current,raw.r1c_nomenclature_current,b371c96c-f761-11f0-b81e-005056bde474,00-00013598,Турникет_Коммутатор сетевой 5-портовый,,de1714af-8a12-11e7-af1d-30f7727a492e,false,false
Номенклатура — current,raw.r1c_nomenclature_current,04c7bb73-f762-11f0-b81e-005056bde474,00-00013599,Турникет_Пульт управления проводной,,de1714af-8a12-11e7-af1d-30f7727a492e,false,false
Номенклатура — current,raw.r1c_nomenclature_current,02c8d06d-f75f-11f0-b81e-005056bde474,00-00013596,Турникет_Считыватель биометрический (отпечаток пальца),,de1714af-8a12-11e7-af1d-30f7727a492e,false,false
Номенклатура — current,raw.r1c_nomenclature_current,9c366e25-f762-11f0-b81e-005056bde474,00-00013601,Турникет_Шнур ШВВП,,de1714af-8a12-11e7-af1d-30f7727a492e,false,false
Номенклатура — current,raw.r1c_nomenclature_current,fe65340b-f75f-11f0-b81e-005056bde474,00-00013597,Турникет_источник питания,,de1714af-8a12-11e7-af1d-30f7727a492e,false,false
Номенклатура — current,raw.r1c_nomenclature_current,c3cad736-f762-11f0-b81e-005056bde474,00-00013602,Турникет_расходные монтажные материалы КПП,,de1714af-8a12-11e7-af1d-30f7727a492e,false,false
Номенклатура — current,raw.r1c_nomenclature_current,2ba724c9-9074-11ef-9c5e-00505689ff45,00-00011323,Тусо.Коробка расп.для о/п 70*70*40мм,,20e031f3-0a37-11f0-b80e-005056bde474,false,false
Номенклатура — current,raw.r1c_nomenclature_current,717f9ab7-5a0d-11ef-9c59-00505689ff45,00-00010822,Тусо.Щиток о/п на 3 мод.с вертик.двер. 160*100*91мм IP65,,20e031f3-0a37-11f0-b80e-005056bde474,false,false
Номенклатура — current,raw.r1c_nomenclature_current,d0972ebc-b524-11ea-a083-fa163ee5d2f9,БП-00002794,Тэн нагревательный 400W k R2,,9b060c03-71d9-11e7-85a2-d43d7eec442d,false,false
Номенклатура — current,raw.r1c_nomenclature_current,fd7ed42a-b524-11ea-a083-fa163ee5d2f9,БП-00002795,Тэн нагревательный 900W ,,9b060c03-71d9-11e7-85a2-d43d7eec442d,false,false
Номенклатура — current,raw.r1c_nomenclature_current,0efad7ff-c97b-11ed-9c4e-00505689ff45,00-00007689,Тюльпан свежесрезанный,,9b060c02-71d9-11e7-85a2-d43d7eec442d,false,false
Номенклатура — current,raw.r1c_nomenclature_current,337da48e-c0e6-11e9-af79-30f7727a492e,00-00001874,Тяга  МТЗ навески левая (длинная) РЗТЗ 70-4605055,,9b060c03-71d9-11e7-85a2-d43d7eec442d,false,false
Номенклатура — current,raw.r1c_nomenclature_current,337da48f-c0e6-11e9-af79-30f7727a492e,00-00001875,Тяга  МТЗ навески правая (длинная) РЗТЗ 70-4605050,,9b060c03-71d9-11e7-85a2-d43d7eec442d,false,false
Номенклатура — current,raw.r1c_nomenclature_current,84295990-4388-11eb-b594-fa163e0d31f7,БП-00003439,Тяга 700А.46.28.400 правая в сборе,,9b060c03-71d9-11e7-85a2-d43d7eec442d,false,false
Номенклатура — current,raw.r1c_nomenclature_current,55fe63e2-438a-11eb-b594-fa163e0d31f7,БП-00003440,Тяга 700А.46.28.410 левая в сборе,,9b060c03-71d9-11e7-85a2-d43d7eec442d,false,false
Номенклатура — current,raw.r1c_nomenclature_current,1db371c5-203b-11f0-b80e-005056bde474,00-00011986,Тяга 700А.46.28.440,,45c9e202-0a37-11f0-b80e-005056bde474,false,false
Номенклатура — current,raw.r1c_nomenclature_current,54e014f0-153d-11ec-9c3a-00505689ff45,АК-00005000,Тяга КТ 40.03.07.000,,9b060c03-71d9-11e7-85a2-d43d7eec442d,false,false
Номенклатура — current,raw.r1c_nomenclature_current,14c7ecf0-17cb-11ed-9c43-cb6d75bb653b,00-00006870,Тяга МТЗ-1221 ус-ва навесная правая 1220-4605030,,9b060c03-71d9-11e7-85a2-d43d7eec442d,false,false
Номенклатура — current,raw.r1c_nomenclature_current,0083d4f4-dca8-11ef-b80c-005056bde474,00-00011595,Тяга верхняя 1220-4605590,,9b060c03-71d9-11e7-85a2-d43d7eec442d,false,false
Номенклатура — current,raw.r1c_nomenclature_current,e463f69f-8da5-11ec-9c42-00505689c8d9,00-00006140,Тяга выдвижная 700А.46.28.440-1 сварная,,9b060c03-71d9-11e7-85a2-d43d7eec442d,false,false
Номенклатура — current,raw.r1c_nomenclature_current,9f0b0706-2a5e-11eb-b584-fa163e0d31f7,БП-00003202,Тяга длинная Т219 Т219-1,,9b060c03-71d9-11e7-85a2-d43d7eec442d,false,false
Номенклатура — current,raw.r1c_nomenclature_current,cfb2dc16-f8f0-11ef-b80e-005056bde474,00-00011717,Тяга задней подвески ,,9b060c03-71d9-11e7-85a2-d43d7eec442d,false,false
Номенклатура — current,raw.r1c_nomenclature_current,851ab652-1ddc-11e8-af31-30f7727a492e,00-00000715,Тяга навески МТЗ 1/2 5040/45,,9b060c03-71d9-11e7-85a2-d43d7eec442d,false,false
Номенклатура — current,raw.r1c_nomenclature_current,9a218fc7-16b2-11ef-9c4f-005056893620,00-00010555,Тяга нижняя 28О 735-46 28.010,,9b060c03-71d9-11e7-85a2-d43d7eec442d,false,false
Номенклатура — current,raw.r1c_nomenclature_current,b98e477d-16b2-11ef-9c4f-005056893620,00-00010556,Тяга нижняя 28О 735-46 28.010-01,,9b060c03-71d9-11e7-85a2-d43d7eec442d,false,false
Номенклатура — current,raw.r1c_nomenclature_current,6851d858-b28d-11e9-af76-30f7727a492e,00-00001782,Тяга правая,,9b060c03-71d9-11e7-85a2-d43d7eec442d,false,false
Номенклатура — current,raw.r1c_nomenclature_current,37d39d36-73bd-11f1-b822-005056bde474,00-00014553,Тяга продольная Газель 3302-3414010,,20296b06-0a38-11f0-b80e-005056bde474,false,false
Номенклатура — current,raw.r1c_nomenclature_current,7d5f65c0-e157-11ea-8696-fa163ee5d2f9,БП-00002945,Тяга рулевая,,9b060c03-71d9-11e7-85a2-d43d7eec442d,false,false
Номенклатура — current,raw.r1c_nomenclature_current,6e475fcc-ddbf-11ed-9c4e-00505689ff45,00-00007772,Тяга рулевая 1220-3003010,,9b060c03-71d9-11e7-85a2-d43d7eec442d,false,false
Номенклатура — current,raw.r1c_nomenclature_current,97bc443b-f62c-11e9-9519-30f7727a492e,00-00002133,Тяга рулевая ACP0286710,,9b060c03-71d9-11e7-85a2-d43d7eec442d,false,false
Номенклатура — current,raw.r1c_nomenclature_current,b32b61a1-807a-11ea-9528-30f7727a492e,00-00002559,Тяга рулевая Peugeout,,9b060c03-71d9-11e7-85a2-d43d7eec442d,false,false
Номенклатура — current,raw.r1c_nomenclature_current,21dd7d48-1ab6-11eb-c693-fa163e0d31f7,БП-00003187,Тяга рулевая ЗИЛ-130 поперечная,,9b060c03-71d9-11e7-85a2-d43d7eec442d,false,false
Номенклатура — current,raw.r1c_nomenclature_current,a4ee5623-753f-11e9-af6d-30f7727a492e,00-00001582,Тяга рулевая ЗИЛ-130 продольная,,9b060c03-71d9-11e7-85a2-d43d7eec442d,false,false
Номенклатура — current,raw.r1c_nomenclature_current,f5ce865e-bdec-11eb-b480-fa163e0d31f7,БП-00004003,"Тяга рулевая МАЗ-5337,53371,53373,54328,5516,5551,4229 КРАЗ-6510 поперечная L=1500мм БААЗ 6422",,9b060c03-71d9-11e7-85a2-d43d7eec442d,false,false
Номенклатура — current,raw.r1c_nomenclature_current,57f2fb30-bded-11eb-b480-fa163e0d31f7,БП-00004004,"Тяга рулевая МАЗ-533702,543202,54323,5551,555102 продольная L=754мм БААЗ 5551",,9b060c03-71d9-11e7-85a2-d43d7eec442d,false,false
Номенклатура — current,raw.r1c_nomenclature_current,4b0c37a7-cadf-11e9-af79-30f7727a492e,00-00001956,Тяга рулевая МТЗ-1221,,9b060c03-71d9-11e7-85a2-d43d7eec442d,false,false
Номенклатура — current,raw.r1c_nomenclature_current,f2b24692-65fa-11f0-b811-005056bde474,00-00012575,Тяга рулевая ПАЗ-3205 поперечная с наконечн. СБ,,b9d744a7-3ee1-11f1-b821-005056bde474,false,false
Номенклатура — current,raw.r1c_nomenclature_current,d05a98ac-e687-11ed-9c4e-00505689ff45,00-00007872,Тяга рулевая ПАЗ-3205 продольная,,9b060c03-71d9-11e7-85a2-d43d7eec442d,false,false
Номенклатура — current,raw.r1c_nomenclature_current,752dc60c-433a-11ed-9c43-cb6d75bb653b,00-00007213,Тяга рулевого механизма,,9b060c03-71d9-11e7-85a2-d43d7eec442d,false,false
Номенклатура — current,raw.r1c_nomenclature_current,45f8c8e1-c562-11e9-af79-30f7727a492e,00-00001918,Тяга стабилизатора CI-ES-7321,,9b060c03-71d9-11e7-85a2-d43d7eec442d,false,false
Номенклатура — current,raw.r1c_nomenclature_current,10c9b385-a49e-11ee-9c4c-005056893620,00-00010046,Тяга стабилизатора перед.задней подвески SASIC 2304033,,9b060c03-71d9-11e7-85a2-d43d7eec442d,false,false
Номенклатура — current,raw.r1c_nomenclature_current,0dc85fca-e683-11ed-9c4e-00505689ff45,00-00007871,"Тяга управления распредил. Р80,80-4607260",,9b060c03-71d9-11e7-85a2-d43d7eec442d,false,false
Номенклатура — current,raw.r1c_nomenclature_current,5edd1d0c-8a44-11ec-9c42-00505689c8d9,00-00006125,Тяга управления распредил. РП70 Р1221-4607260,,9b060c03-71d9-11e7-85a2-d43d7eec442d,false,false
Номенклатура — current,raw.r1c_nomenclature_current,fe354136-203a-11f0-b80e-005056bde474,00-00011985,Тяга центральная 700А.46.28.010-2,,45c9e202-0a37-11f0-b80e-005056bde474,false,false
Номенклатура — current,raw.r1c_nomenclature_current,568d0d44-252c-11ec-a9db-00505689f463,АК-00005398,Тяжелое дискование,,52c3cca5-0968-11f0-b80e-005056bde474,false,false
Номенклатура — current,raw.r1c_nomenclature_current,a3ea069b-31a2-11ed-9c43-cb6d75bb653b,00-00007141,Тяжёлое дискование (почасовая оплата),,52c3cca5-0968-11f0-b80e-005056bde474,false,false
Номенклатура — current,raw.r1c_nomenclature_current,23cbbb3e-a6be-11e9-af76-30f7727a492e,00-00001768,Тяпка,,f0e4c260-a130-11e8-af4c-30f7727a492e,false,false
Номенклатура — current,raw.r1c_nomenclature_current,ee7ddbf0-8d5f-11e7-af20-30f7727a492e,00-00000308,УАЗ 3303,,ee7ddbef-8d5f-11e7-af20-30f7727a492e,false,false
Номенклатура — current,raw.r1c_nomenclature_current,378c5bdc-1961-11ed-9c43-cb6d75bb653b,00-00006951,"УДЛИНИТЕЛЬ,8П.,ЭКР.,M12X1,3 m (В94.02364) m (В94.02364)",,9b060c03-71d9-11e7-85a2-d43d7eec442d,false,false
Номенклатура — current,raw.r1c_nomenclature_current,bf32856f-b0b3-11ef-9c5e-00505689ff45,00-00011427,УЗО 2/25А 30мА,,20e031f3-0a37-11f0-b80e-005056bde474,false,false
Номенклатура — current,raw.r1c_nomenclature_current,e557e3f0-6b2d-11ed-9c4d-00505689c8d9,00-00007419,УПОРНАЯ ПРУЖИНА (076.01560,,9b060c03-71d9-11e7-85a2-d43d7eec442d,false,false
Номенклатура — current,raw.r1c_nomenclature_current,9b060c57-71d9-11e7-85a2-d43d7eec442d,00-00000011,УСЛУГИ И РАБОТЫ,,00000000-0000-0000-0000-000000000000,true,false
Номенклатура — current,raw.r1c_nomenclature_current,79019447-42b8-11ef-9c59-00505689ff45,00-00010727,УСТАНОВОЧНАЯ ТЯГА (ИД: 101.22436),,9b060c03-71d9-11e7-85a2-d43d7eec442d,false,false
Номенклатура — current,raw.r1c_nomenclature_current,c22dce00-4b54-11f0-b810-005056bde474,00-00012451,УШМ (болгарка) INGCO 125 900Вт,,f990038e-0a38-11f0-b80e-005056bde474,false,false
Номенклатура — current,raw.r1c_nomenclature_current,a933c488-e486-11eb-0c9a-fa163e0d31f7,БП-00004460,УШМ (болгарка) Metabo W 2200-230 606435010,,f7164898-2ffe-11eb-af80-fa163e0d31f7,false,false
Номенклатура — current,raw.r1c_nomenclature_current,397f8b9b-63d5-11f0-b811-005056bde474,00-00012542,УШМ (болгарка) Sturm AG9012TE,,f990038e-0a38-11f0-b80e-005056bde474,false,false
Номенклатура — current,raw.r1c_nomenclature_current,14cc8651-2525-11ed-9c43-cb6d75bb653b,00-00007052,УШМ (болгарка) Ресанта 125/1400Э,,9088eeaf-75dc-11e7-af18-30f7727a492e,false,false
Номенклатура — current,raw.r1c_nomenclature_current,336ca99a-5b0a-11f0-b811-005056bde474,00-00012489,УШМ (болгарка) аккумуляторная INGCO ,,f990038e-0a38-11f0-b80e-005056bde474,false,false
Номенклатура — current,raw.r1c_nomenclature_current,ae3aa60f-5b0e-11f0-b811-005056bde474,00-00012501,УШМ (болгарка) аккумуляторная Total solo,,f990038e-0a38-11f0-b80e-005056bde474,false,false
Номенклатура — current,raw.r1c_nomenclature_current,9acba1ef-9232-11ec-9c42-00505689c8d9,00-00006196,УШМ 9558 Макита 125мм 840Вт,,f990038e-0a38-11f0-b80e-005056bde474,false,false
Номенклатура — current,raw.r1c_nomenclature_current,0925e4c6-447c-11eb-7b94-fa163e0d31f7,БП-00003473,"УШМ Makita,GA9040SFK",,f990038e-0a38-11f0-b80e-005056bde474,false,false
Номенклатура — current,raw.r1c_nomenclature_current,a0738ca0-d03d-11eb-5d99-fa163e0d31f7,БП-00004251,Уайт-спирит,,9088eead-75dc-11e7-af18-30f7727a492e,false,false
Номенклатура — current,raw.r1c_nomenclature_current,5d275ffd-52a5-11f1-b821-005056bde474,00-00014378,"Уайт-спирит, ПЭТ 1л.",,bf64ba06-729b-11f0-b814-005056bde474,false,false
Номенклатура — current,raw.r1c_nomenclature_current,9293dbe0-38dd-11ec-b9aa-00505689914b,АК-00005536,Уборка картофеля,,52c3cca5-0968-11f0-b80e-005056bde474,false,false
Номенклатура — current,raw.r1c_nomenclature_current,d1901807-74d6-11ed-9c4d-00505689c8d9,00-00007451,Уборка картофеля_ручная,,52c3cca5-0968-11f0-b80e-005056bde474,false,false
Номенклатура — current,raw.r1c_nomenclature_current,28a120f2-38df-11ec-b9aa-00505689914b,АК-00005537,Уборка свеклы,,52c3cca5-0968-11f0-b80e-005056bde474,false,false
Номенклатура — current,raw.r1c_nomenclature_current,2ecb0855-252c-11ec-a9db-00505689f463,АК-00005397,Уборка чеснока_механизированная,,52c3cca5-0968-11f0-b80e-005056bde474,false,false
Номенклатура — current,raw.r1c_nomenclature_current,18d6524b-16b3-11ec-9c3a-00505689ff45,АК-00005031,Уборка чеснока_ручная,,52c3cca5-0968-11f0-b80e-005056bde474,false,false
Номенклатура — current,raw.r1c_nomenclature_current,a13d21ac-86f8-11eb-539b-fa163e0d31f7,БП-00003764,Угловая шлифмашина ELITECH МШУ 0912,,f990038e-0a38-11f0-b80e-005056bde474,false,false
Номенклатура — current,raw.r1c_nomenclature_current,c25e11ee-447b-11eb-7b94-fa163e0d31f7,БП-00003472,Угловая шлифмашина Makita 9562 CVH,,f990038e-0a38-11f0-b80e-005056bde474,false,false
Номенклатура — current,raw.r1c_nomenclature_current,3c3e0f60-e47b-11eb-0c9a-fa163e0d31f7,БП-00004428,Угловая шлифмашинка AEG WS13-125SXE 4935451309,,f990038e-0a38-11f0-b80e-005056bde474,false,false
Номенклатура — current,raw.r1c_nomenclature_current,43a93765-74fa-11ef-9c5d-00505689ff45,00-00011070,"Угловой сенсор 45 ° 0,5-4,5V",,9b060c03-71d9-11e7-85a2-d43d7eec442d,false,false
Номенклатура — current,raw.r1c_nomenclature_current,56fe2b91-3b4d-11ee-9c4e-00505689ff45,00-00008478,Углошлифовальная машина DKAG1250.125 мм,,f990038e-0a38-11f0-b80e-005056bde474,false,false
Номенклатура — current,raw.r1c_nomenclature_current,69bba790-5ee5-11ef-9c5c-00505689ff45,00-00010892,"Углошлифовальная машина FinePower AG120S-125;2,1 кг",,f990038e-0a38-11f0-b80e-005056bde474,false,false
Номенклатура — current,raw.r1c_nomenclature_current,c3df8011-32db-11ef-9c59-00505689ff45,00-00010662,"Угол 3/4 32""",,9b060c03-71d9-11e7-85a2-d43d7eec442d,false,false
Номенклатура — current,raw.r1c_nomenclature_current,c53f9ec5-d292-11ec-9c42-00505689c8d9,00-00006521,Угол 45 градусов на 6*трубу,,9b060c03-71d9-11e7-85a2-d43d7eec442d,false,false
Номенклатура — current,raw.r1c_nomenclature_current,e4ce2387-d292-11ec-9c42-00505689c8d9,00-00006522,Угол 45 градусов на 8*трубу,,9b060c03-71d9-11e7-85a2-d43d7eec442d,false,false
Номенклатура — current,raw.r1c_nomenclature_current,9df6436e-d293-11ec-9c42-00505689c8d9,00-00006526,Угол 90 градусов на 6*трубу,,9b060c03-71d9-11e7-85a2-d43d7eec442d,false,false
Номенклатура — current,raw.r1c_nomenclature_current,061f74e2-d293-11ec-9c42-00505689c8d9,00-00006523,Угол 90 градусов на 8*трубу,,9b060c03-71d9-11e7-85a2-d43d7eec442d,false,false
Номенклатура — current,raw.r1c_nomenclature_current,2d454d0a-3289-11ed-9c43-cb6d75bb653b,00-00007147,Угол L157074,,9b060c02-71d9-11e7-85a2-d43d7eec442d,false,false
Номенклатура — current,raw.r1c_nomenclature_current,f06b816a-7e71-11ee-9c4a-005056893620,00-00009748,Угол PPRC 20 90/45,,9b060c03-71d9-11e7-85a2-d43d7eec442d,false,false
Номенклатура — current,raw.r1c_nomenclature_current,5d175cb0-ef13-11ed-9c4e-00505689ff45,00-00007929,Угол PPRC 25 на 90*,,9b060c03-71d9-11e7-85a2-d43d7eec442d,false,false
Номенклатура — current,raw.r1c_nomenclature_current,43099f5c-2b8b-11ec-b9a9-00505689914b,АК-00005470,Угол ПНД 40х40,,9088eead-75dc-11e7-af18-30f7727a492e,false,false
Номенклатура — current,raw.r1c_nomenclature_current,5f5642d4-69d7-11ef-9c5c-00505689ff45,00-00011010,Угол р/пол о/т 40х4,,9088eead-75dc-11e7-af18-30f7727a492e,false,false
Номенклатура — current,raw.r1c_nomenclature_current,afef6770-950a-11ef-9c5e-00505689ff45,00-00011331,Угол р/пол о/т 50х5,,9088eead-75dc-11e7-af18-30f7727a492e,false,false
Номенклатура — current,raw.r1c_nomenclature_current,b6da7221-d632-11ec-9c42-00505689c8d9,00-00006552,Угол чугун д.40,,9088eead-75dc-11e7-af18-30f7727a492e,false,false
Номенклатура — current,raw.r1c_nomenclature_current,f8bbc9c7-2aec-11ec-b9a9-00505689914b,АК-00005457,Уголок 40х90 ППР,,9088eead-75dc-11e7-af18-30f7727a492e,false,false
Номенклатура — current,raw.r1c_nomenclature_current,5fecf6d6-8338-11ec-9c41-00505689c8d9,00-00006075,Уголок ПНД ф32,,9b060c02-71d9-11e7-85a2-d43d7eec442d,false,false
Номенклатура — current,raw.r1c_nomenclature_current,0609368a-a159-11e8-af4c-30f7727a492e,00-00001110,Уголок крепежный,,9088eead-75dc-11e7-af18-30f7727a492e,false,false
Номенклатура — current,raw.r1c_nomenclature_current,307af352-2759-11ec-a9dd-00505689f463,АК-00005411,Уголок крепежный 40х40х60мм,,9088eead-75dc-11e7-af18-30f7727a492e,false,false
Номенклатура — current,raw.r1c_nomenclature_current,57c86357-9224-11ec-9c42-00505689c8d9,00-00006191,Уголок крепежный 50х50,,9088eead-75dc-11e7-af18-30f7727a492e,false,false
Номенклатура — current,raw.r1c_nomenclature_current,ce6286da-6d57-11ec-9c40-00505689c8d9,АК-00005895,Уголок металлический 100х100х7мм,,9088eead-75dc-11e7-af18-30f7727a492e,false,false
Номенклатура — current,raw.r1c_nomenclature_current,4334644f-33c0-11ef-9c59-00505689ff45,00-00010667,Уголок металлический 30х30,,9088eead-75dc-11e7-af18-30f7727a492e,false,false
Номенклатура — current,raw.r1c_nomenclature_current,59f6332c-2ae3-11ec-b9a9-00505689914b,АК-00005439,Уголок ппр белый 32 на 90*,,9b060c03-71d9-11e7-85a2-d43d7eec442d,false,false
Номенклатура — current,raw.r1c_nomenclature_current,765b3b5c-5a17-11ef-9c59-00505689ff45,00-00010840,Уголок р/пол о/т 50х5,,9088eead-75dc-11e7-af18-30f7727a492e,false,false
Номенклатура — current,raw.r1c_nomenclature_current,82253352-1d78-11ea-9522-30f7727a492e,00-00002257,Уголок р/пол с/т 100х7,,9088eead-75dc-11e7-af18-30f7727a492e,false,false
Номенклатура — current,raw.r1c_nomenclature_current,f74dc6b9-1fdc-11ea-9522-30f7727a492e,00-00002279,Уголок р/пол с/т 125х8,,9088eead-75dc-11e7-af18-30f7727a492e,false,false
Номенклатура — current,raw.r1c_nomenclature_current,46814cc9-d7a8-11ed-9c4e-00505689ff45,00-00007718,Уголок р/пол с/т 25х4,,9088eead-75dc-11e7-af18-30f7727a492e,false,false
Номенклатура — current,raw.r1c_nomenclature_current,2b4f4fea-e996-11e9-af7d-30f7727a492e,00-00002083,Уголок р/пол с/т 45х4,,9088eead-75dc-11e7-af18-30f7727a492e,false,false
Номенклатура — current,raw.r1c_nomenclature_current,834cc230-03e3-11eb-ac9e-fa163ee5d2f9,БП-00003065,Уголок р/пол с/т 50х4,,9088eead-75dc-11e7-af18-30f7727a492e,false,false
Номенклатура — current,raw.r1c_nomenclature_current,97bc442a-f62c-11e9-9519-30f7727a492e,00-00002129,Уголок р\пол о\т 32х32,,9088eead-75dc-11e7-af18-30f7727a492e,false,false
Номенклатура — current,raw.r1c_nomenclature_current,81f2667b-903c-11ee-9c4a-005056893620,00-00009877,Уголь марки ДО,,61667ada-9743-11ed-9c4c-00505689ff45,false,false
Номенклатура — current,raw.r1c_nomenclature_current,a99ccc28-9743-11ed-9c4c-00505689ff45,00-00007578,Уголь марки ДПК,,61667ada-9743-11ed-9c4c-00505689ff45,false,false
Номенклатура — current,raw.r1c_nomenclature_current,f2a17d9f-cfa7-11f0-b81e-005056bde474,00-00013008,"Угольник 19, 22, 24 с гайкой",,45c9e202-0a37-11f0-b80e-005056bde474,false,false
Номенклатура — current,raw.r1c_nomenclature_current,df4ccf10-1f8b-11ec-9c3a-00505689ff45,АК-00005228,"Угольник 22(м1,8*1,5)",,9b060c03-71d9-11e7-85a2-d43d7eec442d,false,false
Номенклатура — current,raw.r1c_nomenclature_current,39f69dfc-e682-11ed-9c4e-00505689ff45,00-00007868,"Угольник 27 (М22*1,5)",,9b060c03-71d9-11e7-85a2-d43d7eec442d,false,false
Номенклатура — current,raw.r1c_nomenclature_current,c1e278c5-4a4b-11f1-b821-005056bde474,00-00014211,"Угольник 32 (М27*1,5)",,45c9e202-0a37-11f0-b80e-005056bde474,false,false
Номенклатура — current,raw.r1c_nomenclature_current,2ec81d9a-6e36-11f1-b822-005056bde474,00-00014539,Угольник PPR 32 90 градусов,,2bd105c1-3d8b-11f1-b821-005056bde474,false,false
Номенклатура — current,raw.r1c_nomenclature_current,e0a0b8e3-6e38-11f1-b822-005056bde474,00-00014540,Угольник PPR 40 90 градусов,,2bd105c1-3d8b-11f1-b821-005056bde474,false,false
Номенклатура — current,raw.r1c_nomenclature_current,cd2b45b4-af61-11eb-3192-fa163e0d31f7,БП-00003945,Угольник ник. 15*15Н ,,9b060c03-71d9-11e7-85a2-d43d7eec442d,false,false
Номенклатура — current,raw.r1c_nomenclature_current,b8ec0d7e-33ef-11eb-0e8a-fa163e0d31f7,БП-00003318,Угольник ник.15 с креплением,,9be0daf4-2e34-11eb-288c-fa163e0d31f7,false,false
Номенклатура — current,raw.r1c_nomenclature_current,9a19761a-571d-11eb-a997-fa163e0d31f7,БП-00003671,Угольник ник.63град  с креплением,,9be0daf4-2e34-11eb-288c-fa163e0d31f7,false,false
Номенклатура — current,raw.r1c_nomenclature_current,c474826d-a69c-11ec-9c42-00505689c8d9,00-00006379,Угольник ник.Д-15,,9088eead-75dc-11e7-af18-30f7727a492e,false,false
Номенклатура — current,raw.r1c_nomenclature_current,f9f0590e-f329-11ed-9c4e-00505689ff45,00-00007939,Угольник никель 1/2,,9088eead-75dc-11e7-af18-30f7727a492e,false,false
Номенклатура — current,raw.r1c_nomenclature_current,0ce87578-08c0-11f1-b81f-005056bde474,00-00013728,Угольник пл. 32*90гр (20),,6dd20a6a-51c7-11f0-b811-005056bde474,false,false
Номенклатура — current,raw.r1c_nomenclature_current,5b2a62b5-08be-11f1-b81f-005056bde474,00-00013709,Угольник пл. 50*45гр (8),,6dd20a6a-51c7-11f0-b811-005056bde474,false,false
Номенклатура — current,raw.r1c_nomenclature_current,52763f76-08be-11f1-b81f-005056bde474,00-00013708,Угольник пл. 50*90гр (5),,6dd20a6a-51c7-11f0-b811-005056bde474,false,false
Номенклатура — current,raw.r1c_nomenclature_current,88e92116-84f6-11f1-b824-005056bde474,00-00014613,Угольник пл.32*90гр (20),,05c8a850-3d8b-11f1-b821-005056bde474,false,false
Номенклатура — current,raw.r1c_nomenclature_current,d1ccc7fe-08bf-11f1-b81f-005056bde474,00-00013721,Угольник пл.40*45гр 027-5144 (10),,6dd20a6a-51c7-11f0-b811-005056bde474,false,false
Номенклатура — current,raw.r1c_nomenclature_current,da0ca557-08bf-11f1-b81f-005056bde474,00-00013722,Угольник пл.40*90гр (10),,6dd20a6a-51c7-11f0-b811-005056bde474,false,false
Номенклатура — current,raw.r1c_nomenclature_current,487c37b7-9417-11ee-9c4a-005056893620,00-00009885,Угольник пластиковый 25*1/2 НР ,,9088eead-75dc-11e7-af18-30f7727a492e,false,false
Номенклатура — current,raw.r1c_nomenclature_current,a9e288a5-9239-11ec-9c42-00505689c8d9,00-00006208,Угольник пластиковый 25*90 ,,9088eead-75dc-11e7-af18-30f7727a492e,false,false
Номенклатура — current,raw.r1c_nomenclature_current,6b1c9393-9920-11ea-952a-30f7727a492e,00-00002691,Угольник пластиковый 32*90 гр(20),,9088eead-75dc-11e7-af18-30f7727a492e,false,false
Номенклатура — current,raw.r1c_nomenclature_current,d9f7d621-a692-11ec-9c42-00505689c8d9,00-00006373,Угольник пластиковый 40*90 гр,,9088eead-75dc-11e7-af18-30f7727a492e,false,false
Номенклатура — current,raw.r1c_nomenclature_current,3271f8c0-33f0-11eb-0e8a-fa163e0d31f7,БП-00003321,Угольник пластиковый Д-20*90гр,,9be0daf4-2e34-11eb-288c-fa163e0d31f7,false,false
Номенклатура — current,raw.r1c_nomenclature_current,8c2110b0-f56b-11f0-b81e-005056bde474,00-00013421,Угольник с уровнем 150 мм Inforce 06-11-77,,c7578db7-735f-11f0-b814-005056bde474,false,false
Номенклатура — current,raw.r1c_nomenclature_current,08f8fb40-8fa5-11eb-9984-fa163e0d31f7,БП-00003810,Угольник столярный,,9088eead-75dc-11e7-af18-30f7727a492e,false,false
Номенклатура — current,raw.r1c_nomenclature_current,0c153c5a-252c-11ec-a9db-00505689f463,АК-00005396,Удаление ботвы,,52c3cca5-0968-11f0-b80e-005056bde474,false,false
Номенклатура — current,raw.r1c_nomenclature_current,3d9714ff-3f09-11ed-9c43-cb6d75bb653b,00-00007207,Удаление ботвы/травы ,,52c3cca5-0968-11f0-b80e-005056bde474,false,false
Номенклатура — current,raw.r1c_nomenclature_current,f71777a8-29e0-11ed-9c43-cb6d75bb653b,00-00007125,Удаление стрелок,,52c3cca5-0968-11f0-b80e-005056bde474,false,false
Номенклатура — current,raw.r1c_nomenclature_current,2432a290-6830-11ee-9c50-00505689ff45,00-00009660,Ударопоглащающий материал,,9b060c03-71d9-11e7-85a2-d43d7eec442d,false,false
Номенклатура — current,raw.r1c_nomenclature_current,718297b4-f893-11ec-9c42-89a3dcc9992a,00-00006758,Удерживающая привязь безлямочная УС-1В,,9088eead-75dc-11e7-af18-30f7727a492e,false,false
Номенклатура — current,raw.r1c_nomenclature_current,b7a53d1e-a023-11eb-c683-fa163e0d31f7,БП-00003879,Удлинитель 10 м с/з,,20e031f3-0a37-11f0-b80e-005056bde474,false,false
Номенклатура — current,raw.r1c_nomenclature_current,847aa235-efc5-11f0-b81e-005056bde474,00-00013397,"Удлинитель 1000мм для ершей, стеклопластик, посадка 2 х М12 резьба",,51c0c451-3d8b-11f1-b821-005056bde474,false,false
Номенклатура — current,raw.r1c_nomenclature_current,6c77e75a-a174-11ed-9c4c-00505689ff45,00-00007585,Удлинитель 20м,,20e031f3-0a37-11f0-b80e-005056bde474,false,false
Номенклатура — current,raw.r1c_nomenclature_current,55a357da-5682-11eb-1f84-fa163e0d31f7,БП-00003637,Удлинитель 3 м с/з,,20e031f3-0a37-11f0-b80e-005056bde474,false,false
Номенклатура — current,raw.r1c_nomenclature_current,330eaec0-e7b2-11ea-3497-fa163ee5d2f9,БП-00002997,"Удлинитель 3 розетки с заземлением 3м, 10А,2200 Вт,белый",,20e031f3-0a37-11f0-b80e-005056bde474,false,false
Номенклатура — current,raw.r1c_nomenclature_current,9fb8c512-cdb0-11eb-bd90-fa163e0d31f7,БП-00004149,Удлинитель 3гн 2м с/з черный LUX,,20e031f3-0a37-11f0-b80e-005056bde474,false,false
Номенклатура — current,raw.r1c_nomenclature_current,5dc02869-147f-11ec-9c3a-00505689ff45,АК-00004973,Удлинитель 3гн+USB 5м с/з LUX белый,,20e031f3-0a37-11f0-b80e-005056bde474,false,false
Номенклатура — current,raw.r1c_nomenclature_current,70e03a33-b722-11f0-b81e-005056bde474,00-00012960,Удлинитель 3гп 5м с/з,,917ab634-0a38-11f0-b80e-005056bde474,false,false
Номенклатура — current,raw.r1c_nomenclature_current,c78b38f1-e52a-11ee-9c4c-005056893620,00-00010283,Удлинитель 4 гн 3м,,20e031f3-0a37-11f0-b80e-005056bde474,false,false
Номенклатура — current,raw.r1c_nomenclature_current,2b8003a6-e150-11ea-8696-fa163ee5d2f9,БП-00002932,Удлинитель 4*5м с/з,,20e031f3-0a37-11f0-b80e-005056bde474,false,false
Номенклатура — current,raw.r1c_nomenclature_current,24107669-0af8-11f0-b80e-005056bde474,00-00011880,"Удлинитель КГ 3х2,5кв.мм 30м 16А 4 гнезда IP44",,f0e4c260-a130-11e8-af4c-30f7727a492e,false,false
Номенклатура — current,raw.r1c_nomenclature_current,0e303ea6-e488-11eb-0c9a-fa163e0d31f7,БП-00004465,Удлинитель УШ-10 IP-54 рамка ПВС 2x1 30м UNIVersal 9632793,,20e031f3-0a37-11f0-b80e-005056bde474,false,false
Номенклатура — current,raw.r1c_nomenclature_current,ec0c1cb3-2657-11ee-9c4e-00505689ff45,00-00008364,Удлинитель беспроводного сигнала,,e6b715af-0a38-11f0-b80e-005056bde474,false,false
Номенклатура — current,raw.r1c_nomenclature_current,a01ce4b5-aa82-11e8-af4e-30f7727a492e,00-00001134,Удлинитель вентиля резиновый,,9b060c03-71d9-11e7-85a2-d43d7eec442d,false,false
Номенклатура — current,raw.r1c_nomenclature_current,8e3fa9d4-a0d4-11ee-9c4c-005056893620,00-00009969,Удлинитель на катушке 4*30 м ,,20e031f3-0a37-11f0-b80e-005056bde474,false,false
Номенклатура — current,raw.r1c_nomenclature_current,e043f4cc-56f0-11ee-9c4e-00505689ff45,00-00009537,"Удлинитель на катушке 4*50 м 16А IP20 УК50 2Р+РЕ3*1,5 термозащита GENERICA",,20e031f3-0a37-11f0-b80e-005056bde474,false,false
Номенклатура — current,raw.r1c_nomenclature_current,2fcb2fc8-b63b-11ef-9c5e-00505689ff45,00-00011459,Удлинитель на катушке 50м 4гн. ПВС 2x0.75 ,,20e031f3-0a37-11f0-b80e-005056bde474,false,false
Номенклатура — current,raw.r1c_nomenclature_current,de42efbb-dcd2-11f0-b81e-005056bde474,00-00013202,"Удлинитель на каучуковой рамке с/зКГ 3x2,5 4000Вт 3 розетки 20м Gigant Professional  ",,193544c0-7290-11f0-b814-005056bde474,false,false
Номенклатура — current,raw.r1c_nomenclature_current,a8875b4a-158e-11ec-9c3a-00505689ff45,АК-00005017,Удлинитель на раме 21.5 20м,,20e031f3-0a37-11f0-b80e-005056bde474,false,false
Номенклатура — current,raw.r1c_nomenclature_current,d3a5b8b3-ffdb-11ef-b80e-005056bde474,00-00011757,"Удлинитель на рамке с/з ПВС 3х1,5 16А 20м IP44",,20e031f3-0a37-11f0-b80e-005056bde474,false,false
Номенклатура — current,raw.r1c_nomenclature_current,e901a4ed-ef21-11f0-b81e-005056bde474,00-00013344,"Удлинитель силовой ПВС 3х2, 5 20м Атом",,917ab634-0a38-11f0-b80e-005056bde474,false,false
Номенклатура — current,raw.r1c_nomenclature_current,f4146f1f-b63a-11ef-9c5e-00505689ff45,00-00011458,Удлинитель силовой б/катушки 2x0.75 50м,,20e031f3-0a37-11f0-b80e-005056bde474,false,false
Номенклатура — current,raw.r1c_nomenclature_current,2c2aa124-447b-11eb-7b94-fa163e0d31f7,БП-00003470,"Удлинитель силовой на катушке 4гн ПВС3х1,5IP44",,20e031f3-0a37-11f0-b80e-005056bde474,false,false
Номенклатура — current,raw.r1c_nomenclature_current,1ee3a036-e482-11eb-0c9a-fa163e0d31f7,БП-00004450,"Удлинитель силовой на катушке Inforce К1-О-50 ПВС 2x0.75 50м, 6А, выносная розетка б/з 22050",,20e031f3-0a37-11f0-b80e-005056bde474,false,false
Номенклатура — current,raw.r1c_nomenclature_current,17c9465d-f065-11f0-b81e-005056bde474,00-00013404,"Удлинитель силовой на металл.кат. К4-Е-30 КГ 3x2.5 30м 16А 4 роз. с з/к, защитой и крышк. IP44",,917ab634-0a38-11f0-b80e-005056bde474,false,false
Номенклатура — current,raw.r1c_nomenclature_current,8702c298-ca06-11f0-b81e-005056bde474,00-00012988,Удлиняющая горловина 200мм для Евролос ПРО,,5221e7b6-0a39-11f0-b80e-005056bde474,false,false
Номенклатура — current,raw.r1c_nomenclature_current,4fb3b642-0658-11ec-9c3a-00505689ff45,АК-00004846,Удобрение Стерня-12,,a1653aa0-3b95-11f0-b80e-005056bde474,false,false
Номенклатура — current,raw.r1c_nomenclature_current,4ffa12a8-f356-11eb-9c3a-00505689ff45,АК-00003319,Удобрение азотно-фосфорно-калийное NPK 8.20.30,,ab24072a-3b94-11f0-b80e-005056bde474,false,false
Номенклатура — current,raw.r1c_nomenclature_current,a219a0ca-f356-11eb-9c3a-00505689ff45,АК-00003320,Удобрение азотное серосодержащее марки NS 26.13,,ecb53465-3b94-11f0-b80e-005056bde474,false,false
Номенклатура — current,raw.r1c_nomenclature_current,dd40b80c-439c-11eb-b594-fa163e0d31f7,БП-00003460,Удобрение для цвет. и плодон.Rastea eco-hydro Flores А+В,,f0e4c260-a130-11e8-af4c-30f7727a492e,false,false
Номенклатура — current,raw.r1c_nomenclature_current,1320199a-439d-11eb-b594-fa163e0d31f7,БП-00003461,Удобрение для цвет. и плодон.Rastea eco-hydro Vega А+В ,,f0e4c260-a130-11e8-af4c-30f7727a492e,false,false
Номенклатура — current,raw.r1c_nomenclature_current,e74748c4-4398-11eb-b594-fa163e0d31f7,БП-00003454,Удобрение для цвет. и плодон.Rastea eco-hydro pk classic,,f0e4c260-a130-11e8-af4c-30f7727a492e,false,false
Номенклатура — current,raw.r1c_nomenclature_current,c29d7848-4ed8-11f1-b821-005056bde474,00-00014351,"Удобрение минеральное гранулированное ""КалийМаг"" K2O 45% Mg 5%",,237d7baa-3b95-11f0-b80e-005056bde474,false,false
Номенклатура — current,raw.r1c_nomenclature_current,bb922709-3255-11f1-b81f-005056bde474,00-00013949,"Удобрение минеральное гранулированное ""Калиймаг"" K2O 45% Mg 8%",,237d7baa-3b95-11f0-b80e-005056bde474,false,false
Номенклатура — current,raw.r1c_nomenclature_current,8d6bd8f4-ff8c-11ed-9c4e-00505689ff45,00-00008076,Удобрение органическое на основе куриного пр-ва гранулированный ,,da41ee2c-3b96-11f0-b80e-005056bde474,false,false
Номенклатура — current,raw.r1c_nomenclature_current,e818fff6-f356-11eb-9c3a-00505689ff45,АК-00003321,Удобрение сложное NPK (S) 5.15.30(5),,ab24072a-3b94-11f0-b80e-005056bde474,false,false
Номенклатура — current,raw.r1c_nomenclature_current,47e38f86-0662-11f0-b80e-005056bde474,00-00011786,Удобрения,,232bac5f-0661-11f0-b80e-005056bde474,true,false
Номенклатура — current,raw.r1c_nomenclature_current,3ea157c1-7f59-11ec-9c41-00505689c8d9,00-00006038,Узел крепления УК-ОК-01,,9b060c03-71d9-11e7-85a2-d43d7eec442d,false,false
Номенклатура — current,raw.r1c_nomenclature_current,7af8e1c7-5db1-11f1-b821-005056bde474,00-00014485,Узел механизма гибкого вала ,,45c9e202-0a37-11f0-b80e-005056bde474,false,false
Номенклатура — current,raw.r1c_nomenclature_current,eab1bd50-9a2d-11ec-9c42-00505689c8d9,00-00006252,Узел подшипника БДЮ 01.010А в сборе нового обр. БДТ-3,,9b060c03-71d9-11e7-85a2-d43d7eec442d,false,false
Номенклатура — current,raw.r1c_nomenclature_current,70fbe6b0-0be3-11ed-9c43-00505689c8d9,00-00006820,"Указатель давления КАМАЗ 430,ГАЗ-3306,3309,4301 (АНАЛОГ 061120) АВТОПРИБОР",,9b060c03-71d9-11e7-85a2-d43d7eec442d,false,false
Номенклатура — current,raw.r1c_nomenclature_current,cd6bdead-e547-11ee-9c4c-005056893620,00-00010328,Указатель напряжения Контакт 55СЗ,,20e031f3-0a37-11f0-b80e-005056bde474,false,false
Номенклатура — current,raw.r1c_nomenclature_current,1bcf09f1-cd17-11ec-9c42-00505689c8d9,00-00006514,Улавливатель верх-низ,,9088eead-75dc-11e7-af18-30f7727a492e,false,false
Номенклатура — current,raw.r1c_nomenclature_current,991f3815-a69e-11ec-9c42-00505689c8d9,00-00006380,Улей 10 рамочный 1 корпус+2 магазина Дадан,,65439ec8-d96f-11eb-6c92-fa163e0d31f7,false,false
Номенклатура — current,raw.r1c_nomenclature_current,8a6e1832-17c0-11f1-b81f-005056bde474,00-00013848,"Уличный светильник светодиодный 70Вт, 5700К Холодный белый свет, IP65, 7000лм, серый , STL-70W",,20e031f3-0a37-11f0-b80e-005056bde474,false,false
Номенклатура — current,raw.r1c_nomenclature_current,84b4f132-057b-11ec-9c3a-00505689ff45,АК-00004698,Ультрабук MSI Modern 15 A10M-645XRU,,ce412305-0a38-11f0-b80e-005056bde474,false,false
Номенклатура — current,raw.r1c_nomenclature_current,e01a7243-1555-11ec-9c3a-00505689ff45,АК-00005002,"Ультразвуковой генератор тумана ""Фитотуман Башинком""10",,9b060cbb-71d9-11e7-85a2-d43d7eec442d,false,false
Номенклатура — current,raw.r1c_nomenclature_current,952d2363-1ed1-11ed-9c43-cb6d75bb653b,00-00006975,Ультротонкий уничтожитель летающих насекомых ЭКОСНАЙПЕР,,9088eeaf-75dc-11e7-af18-30f7727a492e,false,false
Номенклатура — current,raw.r1c_nomenclature_current,6b9e7382-9191-11e9-af72-30f7727a492e,00-00001700,Умывальник,,f0e4c260-a130-11e8-af4c-30f7727a492e,false,false
Номенклатура — current,raw.r1c_nomenclature_current,d9754dc8-7404-11ef-9c5d-00505689ff45,00-00011054,"Умывальник ""Анимо 55""",,f0e4c260-a130-11e8-af4c-30f7727a492e,false,false
Номенклатура — current,raw.r1c_nomenclature_current,aa7c1757-d793-11ed-9c4e-00505689ff45,00-00007716,Умывальник с пьедисталом,,f0e4c260-a130-11e8-af4c-30f7727a492e,false,false
Номенклатура — current,raw.r1c_nomenclature_current,1b2e6c99-7711-11ed-9c4d-00505689c8d9,00-00007487,Универсальная коробка для кабельного канала 80*80*25,,20e031f3-0a37-11f0-b80e-005056bde474,false,false
Номенклатура — current,raw.r1c_nomenclature_current,a5e87c9e-aa29-11ea-bf8d-fa163ee5d2f9,БП-00002745,Универсальное чистящее средство CILLIT BANG Мегаблеск+защита с кур-м ,,f0e4c260-a130-11e8-af4c-30f7727a492e,false,false
Номенклатура — current,raw.r1c_nomenclature_current,83c50475-1053-11ee-9c4e-00505689ff45,00-00008224,Универсальное чистящее средство ПЕМОЛЮКС 480гр,,f0e4c260-a130-11e8-af4c-30f7727a492e,false,false
Номенклатура — current,raw.r1c_nomenclature_current,434ba5d3-dcdf-11f0-b81e-005056bde474,00-00013206,"Универсальный набор инструмента с 12-гр. головками, 94 предмета Ombra OMT94S12 ",,d84f3ef6-735f-11f0-b814-005056bde474,false,false
Номенклатура — current,raw.r1c_nomenclature_current,0002c26d-ef2a-11f0-b81e-005056bde474,00-00013355,Универсальный набор инструмента торцевые головки и аксессуары Ombra OMT82S 82 предмета,,007d76f1-0a39-11f0-b80e-005056bde474,false,false
Номенклатура — current,raw.r1c_nomenclature_current,b301a9ec-f9df-11eb-9c3a-00505689ff45,АК-00003907,Универсальный преобразователь напряжения (158) Бастион УПН-1,,20e031f3-0a37-11f0-b80e-005056bde474,false,false
Номенклатура — current,raw.r1c_nomenclature_current,5aa3625c-923b-11ec-9c42-00505689c8d9,00-00006213,Унитаз компакт,,f0e4c260-a130-11e8-af4c-30f7727a492e,false,false
Номенклатура — current,raw.r1c_nomenclature_current,d2aed078-038c-11ea-951d-30f7727a492e,00-00002185,"Унитаз-компакт ""Вита""",,f0e4c260-a130-11e8-af4c-30f7727a492e,false,false
Номенклатура — current,raw.r1c_nomenclature_current,041f7fb8-485d-11f1-b821-005056bde474,00-00014184,Уничтожитель насекомых ЭкоПрибор УЛН 3х20w (с осколобезопасным и лампами) дезинфекция,,f0e4c260-a130-11e8-af4c-30f7727a492e,false,false
Номенклатура — current,raw.r1c_nomenclature_current,a986fb07-0a39-11f0-b80e-005056bde474,00-00011875,Упаковка,,329e264d-097a-11f0-b80e-005056bde474,true,false
Номенклатура — current,raw.r1c_nomenclature_current,e9edc6ae-cf64-11eb-bd90-fa163e0d31f7,БП-00004166,Упаковка ПН (Поддон 1210),,25037614-4216-11f1-b821-005056bde474,false,false
Номенклатура — current,raw.r1c_nomenclature_current,329e264d-097a-11f0-b80e-005056bde474,00-00011812,Упаковка и расходные материалы,,d5f1fbeb-094b-11f0-b80e-005056bde474,true,false
Номенклатура — current,raw.r1c_nomenclature_current,70397792-3f60-11ef-9c59-00505689ff45,00-00010698,Упаковка и фасовка товара,,2b7f4a51-094c-11f0-b80e-005056bde474,false,false
Номенклатура — current,raw.r1c_nomenclature_current,915d6518-3df5-11eb-7b97-fa163e0d31f7,БП-00003428,Упаковочная машина мод BSS-134 серийный номер 1054128 и выгружной транспортер GNR-121Т65 серийный но,,279c2c04-2e46-11eb-288c-fa163e0d31f7,false,false
Номенклатура — current,raw.r1c_nomenclature_current,e6189c82-c0c0-11e9-af79-30f7727a492e,00-00001826,Уплотнение цапфы 112.31.029,,9b060c03-71d9-11e7-85a2-d43d7eec442d,false,false
Номенклатура — current,raw.r1c_nomenclature_current,a4ee5624-753f-11e9-af6d-30f7727a492e,00-00001583,Уплотнитель МТЗ-1221 рулевого пальца КЗРиЛИ,,9b060c03-71d9-11e7-85a2-d43d7eec442d,false,false
Номенклатура — current,raw.r1c_nomenclature_current,f8b24440-3ac6-11eb-dc8d-fa163e0d31f7,БП-00003396,Уплотнитель главного вала Фишбейн100,,9b060c03-71d9-11e7-85a2-d43d7eec442d,false,false
Номенклатура — current,raw.r1c_nomenclature_current,1532c680-3ac7-11eb-dc8d-fa163e0d31f7,БП-00003397,Уплотнитель рычагов Фишбейн100,,9b060c03-71d9-11e7-85a2-d43d7eec442d,false,false
Номенклатура — current,raw.r1c_nomenclature_current,1634d450-d807-11eb-d199-fa163e0d31f7,БП-00004312,Уплотнитель стекла бокового МТЗ F202.2 786503,,9b060c03-71d9-11e7-85a2-d43d7eec442d,false,false
Номенклатура — current,raw.r1c_nomenclature_current,97d6fb8c-2c07-11f1-b81f-005056bde474,00-00013881,Уплотнитель шарнира Ф80-3405109,,45c9e202-0a37-11f0-b80e-005056bde474,false,false
Номенклатура — current,raw.r1c_nomenclature_current,9634e377-2c38-11f1-b81f-005056bde474,00-00013904,Уплотнительное кольцо,,45c9e202-0a37-11f0-b80e-005056bde474,false,false
Номенклатура — current,raw.r1c_nomenclature_current,bdb5c8a6-69ee-11eb-159e-fa163e0d31f7,БП-00003710,Уплотнительное устройство механизма подачи,,9b060c03-71d9-11e7-85a2-d43d7eec442d,false,false
Номенклатура — current,raw.r1c_nomenclature_current,535b739f-cd11-11ec-9c42-00505689c8d9,00-00006508,Упор 700А.46.28.243,,9b060c03-71d9-11e7-85a2-d43d7eec442d,false,false
Номенклатура — current,raw.r1c_nomenclature_current,32fb22dc-a221-11e9-af74-30f7727a492e,00-00001750,Упор вогнутый БДТ 336,,9b060c03-71d9-11e7-85a2-d43d7eec442d,false,false
Номенклатура — current,raw.r1c_nomenclature_current,32fb22dd-a221-11e9-af74-30f7727a492e,00-00001751,Упор выпуклый БДТ 335,,9b060c03-71d9-11e7-85a2-d43d7eec442d,false,false
Номенклатура — current,raw.r1c_nomenclature_current,81437efe-64b5-11e8-af3d-30f7727a492e,00-00000889,Упор левый К-700,,9b060c03-71d9-11e7-85a2-d43d7eec442d,false,false
Номенклатура — current,raw.r1c_nomenclature_current,81437eff-64b5-11e8-af3d-30f7727a492e,00-00000890,Упор правый К-700,,9b060c03-71d9-11e7-85a2-d43d7eec442d,false,false
Номенклатура — current,raw.r1c_nomenclature_current,08096886-6b2e-11ed-9c4d-00505689c8d9,00-00007420,Упорная пружина VULK (076.01893),,9b060c03-71d9-11e7-85a2-d43d7eec442d,false,false
Номенклатура — current,raw.r1c_nomenclature_current,67942072-2a78-11eb-259f-fa163e0d31f7,БП-00003210,Управление гидравлический упл.гребнеупл.ручной,,de1714af-8a12-11e7-af1d-30f7727a492e,false,false
Номенклатура — current,raw.r1c_nomenclature_current,3807381e-23d9-11ed-9c43-cb6d75bb653b,00-00007039,Урна металлическая,,917ab634-0a38-11f0-b80e-005056bde474,false,false
Номенклатура — current,raw.r1c_nomenclature_current,90defb0c-a5e6-11ec-9c42-00505689c8d9,00-00006339,Урна №1,,917ab634-0a38-11f0-b80e-005056bde474,false,false
Номенклатура — current,raw.r1c_nomenclature_current,baf3bbe0-23d2-11ed-9c43-cb6d75bb653b,00-00007027,Урна №4,,917ab634-0a38-11f0-b80e-005056bde474,false,false
Номенклатура — current,raw.r1c_nomenclature_current,a7efbe0a-6d51-11ec-9c40-00505689c8d9,АК-00005888,Уровень 1200мм,,9088eead-75dc-11e7-af18-30f7727a492e,false,false
Номенклатура — current,raw.r1c_nomenclature_current,72b93f03-6d4e-11ec-9c40-00505689c8d9,АК-00005882,Уровень 1500мм,,9088eead-75dc-11e7-af18-30f7727a492e,false,false
Номенклатура — current,raw.r1c_nomenclature_current,86ae4de8-3afc-11ef-9c59-00505689ff45,00-00010686,Уровень 1метр,,9088eead-75dc-11e7-af18-30f7727a492e,false,false
Номенклатура — current,raw.r1c_nomenclature_current,d005de84-8fa4-11eb-9984-fa163e0d31f7,БП-00003809,Уровень 40см,,9088eead-75dc-11e7-af18-30f7727a492e,false,false
Номенклатура — current,raw.r1c_nomenclature_current,bfc94c3f-2526-11ed-9c43-cb6d75bb653b,00-00007057,Уровень 60см,,9088eead-75dc-11e7-af18-30f7727a492e,false,false
Номенклатура — current,raw.r1c_nomenclature_current,892a568c-2b53-11f0-b80e-005056bde474,00-00012223,"Урожай 2025 ГалаРС1 Белый без полива, поле 203, уч.3",,4ee21677-0976-11f0-b80e-005056bde474,false,false
Номенклатура — current,raw.r1c_nomenclature_current,99571f1f-3af3-11f0-b80e-005056bde474,00-00012393,"Урожай 2025 ГалаРС3 Белый с поливом, поле 201, уч.10",,4ee21677-0976-11f0-b80e-005056bde474,false,false
Номенклатура — current,raw.r1c_nomenclature_current,a25f20df-3641-11f0-b80e-005056bde474,00-00012339,"Урожай 2025 ГалаРС3 Белый с поливом, поле 318, уч.4",,4ee21677-0976-11f0-b80e-005056bde474,false,false
Номенклатура — current,raw.r1c_nomenclature_current,3adfaa7d-3af2-11f0-b80e-005056bde474,00-00012392,"Урожай 2025 ГалаРС3 Белый с поливом, поле 751, уч.9",,4ee21677-0976-11f0-b80e-005056bde474,false,false
Номенклатура — current,raw.r1c_nomenclature_current,1995efb3-3643-11f0-b80e-005056bde474,00-00012341,"Урожай 2025 ГалаРС3 Белый с поливом., поле 318, уч.6",,4ee21677-0976-11f0-b80e-005056bde474,false,false
Номенклатура — current,raw.r1c_nomenclature_current,d3bb6e9b-3642-11f0-b80e-005056bde474,00-00012340,"Урожай 2025 ГалаРС3 Белый с поливом_поле 318, уч.5",,4ee21677-0976-11f0-b80e-005056bde474,false,false
Номенклатура — current,raw.r1c_nomenclature_current,16e6f3a3-2b48-11f0-b80e-005056bde474,00-00012209,"Урожай 2025 КарменРС1 Красный без полива, поле 203, уч.1",,4ee21677-0976-11f0-b80e-005056bde474,false,false
Номенклатура — current,raw.r1c_nomenclature_current,05080510-2b55-11f0-b80e-005056bde474,00-00012228,"Урожай 2025 КарменРС1 Красный без полива, поле 203, уч.2",,4ee21677-0976-11f0-b80e-005056bde474,false,false
Номенклатура — current,raw.r1c_nomenclature_current,2c0df931-3af1-11f0-b80e-005056bde474,00-00012390,"Урожай 2025 КарменРС1 Красный с поливом, поле 751, уч.7",,4ee21677-0976-11f0-b80e-005056bde474,false,false
Номенклатура — current,raw.r1c_nomenclature_current,b3525be4-3af1-11f0-b80e-005056bde474,00-00012391,"Урожай 2025 КарменРС2 Красный с поливом, поле 751, уч.8",,4ee21677-0976-11f0-b80e-005056bde474,false,false
Номенклатура — current,raw.r1c_nomenclature_current,076576db-3af4-11f0-b80e-005056bde474,00-00012394,"Урожай 2025 ФламингоРС3 Красный с поливом, поле 201, уч.11",,4ee21677-0976-11f0-b80e-005056bde474,false,false
Номенклатура — current,raw.r1c_nomenclature_current,eddd53e9-ce96-11f0-b81e-005056bde474,00-00012998,Урожай 2026,,00000000-0000-0000-0000-000000000000,false,false
Номенклатура — current,raw.r1c_nomenclature_current,1580ac39-6317-11f1-b821-005056bde474,00-00014491,"Урожай 2026 АлуэтРС2 Красный полив, поле 318, уч.8",,86483da3-343f-11f1-b81f-005056bde474,false,false
Номенклатура — current,raw.r1c_nomenclature_current,30744b8f-34c7-11f1-b81f-005056bde474,00-00014031,"Урожай 2026 ГалаРС1 Белый без полива, поле 992, уч.4",,86483da3-343f-11f1-b81f-005056bde474,false,false
Номенклатура — current,raw.r1c_nomenclature_current,28f9ed7b-60e1-11f1-b821-005056bde474,00-00014487,"Урожай 2026 ГалаРС2 Белый полив, поле 201, уч.10",,86483da3-343f-11f1-b81f-005056bde474,false,false
Номенклатура — current,raw.r1c_nomenclature_current,a25bbb6d-6317-11f1-b821-005056bde474,00-00014492,"Урожай 2026 ГалаРС2 Белый полив, поле 318, уч.9",,86483da3-343f-11f1-b81f-005056bde474,false,false
Номенклатура — current,raw.r1c_nomenclature_current,f07037dd-6308-11f1-b821-005056bde474,00-00014488,"Урожай 2026 ГалаРС2 Белый полив, поле 751, уч.11",,86483da3-343f-11f1-b81f-005056bde474,false,false
Номенклатура — current,raw.r1c_nomenclature_current,c05e315a-34ac-11f1-b81f-005056bde474,00-00014029,"Урожай 2026 ГалаРС4 Белый полив, поле 318, уч.2",,86483da3-343f-11f1-b81f-005056bde474,false,false
Номенклатура — current,raw.r1c_nomenclature_current,897bf101-6312-11f1-b821-005056bde474,00-00014489,"Урожай 2026 ГалаРС4 Белый полив, поле 318, уч.3",,86483da3-343f-11f1-b81f-005056bde474,false,false
Номенклатура — current,raw.r1c_nomenclature_current,a67b8484-34ae-11f1-b81f-005056bde474,00-00014030,"Урожай 2026 КарменРС2 Красный полив, поле 318, уч.1",,86483da3-343f-11f1-b81f-005056bde474,false,false
Номенклатура — current,raw.r1c_nomenclature_current,e59cb66d-34cb-11f1-b81f-005056bde474,00-00014032,"Урожай 2026 МемфисРС1 Красный без полива, поле 992, уч.5",,86483da3-343f-11f1-b81f-005056bde474,false,false
Номенклатура — current,raw.r1c_nomenclature_current,72453a01-5901-11f1-b821-005056bde474,00-00014432,"Урожай 2026 РедЛедиРС1 Красный без полива, поле 992, уч.6",,86483da3-343f-11f1-b81f-005056bde474,false,false
Номенклатура — current,raw.r1c_nomenclature_current,6e6420f4-6316-11f1-b821-005056bde474,00-00014490,"Урожай 2026 РедЛедиРС1 Красный полив, поле 318, уч.7",,86483da3-343f-11f1-b81f-005056bde474,false,false
Номенклатура — current,raw.r1c_nomenclature_current,496bfba0-e724-11ec-9c42-00505689c8d9,00-00006672,Усиление (015.75364),,9b060c03-71d9-11e7-85a2-d43d7eec442d,false,false
Номенклатура — current,raw.r1c_nomenclature_current,8ac0b505-f12d-11f0-b81e-005056bde474,00-00013408,Усилитель беспроводного сигнала,,ce412305-0a38-11f0-b80e-005056bde474,false,false
Номенклатура — current,raw.r1c_nomenclature_current,c3087397-594c-11ef-9c59-00505689ff45,00-00010781,Услуги по ведению кадрового делопроизводства,,1aeb231b-094c-11f0-b80e-005056bde474,false,false
Номенклатура — current,raw.r1c_nomenclature_current,743d39dc-5c9e-11eb-af95-fa163e0d31f7,БП-00003681,Услуги по очистке овощей наемным персоналом,,2b7f4a51-094c-11f0-b80e-005056bde474,false,false
Номенклатура — current,raw.r1c_nomenclature_current,b96609a1-f33c-11ee-9c4c-005056893620,00-00010370,Услуги по переоценке основных средств,,1aeb231b-094c-11f0-b80e-005056bde474,false,false
Номенклатура — current,raw.r1c_nomenclature_current,a7b224d0-e735-11ec-9c42-00505689c8d9,00-00006681,Услуги по питанию работников,,9b060c58-71d9-11e7-85a2-d43d7eec442d,false,false
Номенклатура — current,raw.r1c_nomenclature_current,7f6569a6-d5bd-11f0-b81e-005056bde474,00-00013079,Услуги по пусконаладке,,3e420178-094c-11f0-b80e-005056bde474,false,false
Номенклатура — current,raw.r1c_nomenclature_current,3e420178-094c-11f0-b80e-005056bde474,00-00011799,"Услуги по ремонту, ТО и обслуживанию оборудования, техники, помещений",,9b060c57-71d9-11e7-85a2-d43d7eec442d,true,false
Номенклатура — current,raw.r1c_nomenclature_current,a91ed5df-810d-11e9-af6f-30f7727a492e,00-00001618,Услуги по электронному документообороту,,1aeb231b-094c-11f0-b80e-005056bde474,false,false
Номенклатура — current,raw.r1c_nomenclature_current,67557cdb-b0a2-11ef-9c5e-00505689ff45,00-00011426,Услуги такси,,34f83455-094c-11f0-b80e-005056bde474,false,false
Номенклатура — current,raw.r1c_nomenclature_current,f37eb130-e22b-11ef-b80c-005056bde474,00-00011627,Услуги эвакуатора,,34f83455-094c-11f0-b80e-005056bde474,false,false
Номенклатура — current,raw.r1c_nomenclature_current,9f51c19a-42b3-11ef-9c59-00505689ff45,00-00010707,Установ винт М6*8 914,,9b060c03-71d9-11e7-85a2-d43d7eec442d,false,false
Номенклатура — current,raw.r1c_nomenclature_current,df25b208-535e-11f1-b821-005056bde474,00-00014410,Установка IP-видеокамеры,,1aeb231b-094c-11f0-b80e-005056bde474,false,false
Номенклатура — current,raw.r1c_nomenclature_current,adeeb38e-1e16-11f1-b81f-005056bde474,00-00013855,Установка квик-каплера механического 3507-00-85.80.000 ,,45c9e202-0a37-11f0-b80e-005056bde474,false,false
Номенклатура — current,raw.r1c_nomenclature_current,3b2d9562-1219-11ec-9c3a-00505689ff45,АК-00004947,Установка полива,,52c3cca5-0968-11f0-b80e-005056bde474,false,false
Номенклатура — current,raw.r1c_nomenclature_current,474ddd61-4a40-11f1-b821-005056bde474,00-00014201,Установка тахографа СКЗИ (вкл. активацию и калибровку),,3e420178-094c-11f0-b80e-005056bde474,false,false
Номенклатура — current,raw.r1c_nomenclature_current,3a01c792-6b2d-11ed-9c4d-00505689c8d9,00-00007415,Установочное кольцо,,9b060c03-71d9-11e7-85a2-d43d7eec442d,false,false
Номенклатура — current,raw.r1c_nomenclature_current,274490c8-4478-11eb-7b94-fa163e0d31f7,БП-00003464,Устройство авт. регулирования ACS150-03E-03A3-41.1 кВт АВВ 68581761,,f990038e-0a38-11f0-b80e-005056bde474,false,false
Номенклатура — current,raw.r1c_nomenclature_current,784b6756-a500-11f0-b81e-005056bde474,00-00012864,Устройство площадки из дорожных плит,,34f83445-094c-11f0-b80e-005056bde474,false,false
Номенклатура — current,raw.r1c_nomenclature_current,0fccbf4d-381f-11ee-9c4e-00505689ff45,00-00008469,"Утеплитель ""Техноплекс"" ",,9088eead-75dc-11e7-af18-30f7727a492e,false,false
Номенклатура — current,raw.r1c_nomenclature_current,eada6090-5674-11ec-9c40-00505689c8d9,АК-00005739,"Утеплитель ""Техноплекс"" 1180х580х20",,9088eead-75dc-11e7-af18-30f7727a492e,false,false
Номенклатура — current,raw.r1c_nomenclature_current,2b4f4ff1-e996-11e9-af7d-30f7727a492e,00-00002089,"Утеплитель ""Техноплекс"" 1180х580х30",,9088eead-75dc-11e7-af18-30f7727a492e,false,false
Номенклатура — current,raw.r1c_nomenclature_current,b18ab89e-1bd0-11ee-9c4e-00505689ff45,00-00008314,"Утеплитель ""Техноплекс"" 1180х580х40 ",,9088eead-75dc-11e7-af18-30f7727a492e,false,false
Номенклатура — current,raw.r1c_nomenclature_current,d9b8ca53-01bd-11ec-9c3a-00505689ff45,АК-00004111,"Утеплитель ""Техноплекс"" 1180х580х50",,9088eead-75dc-11e7-af18-30f7727a492e,false,false
Номенклатура — current,raw.r1c_nomenclature_current,8d606566-829e-11ec-9c41-00505689c8d9,00-00006060,Утеплитель 110*579,,9088eead-75dc-11e7-af18-30f7727a492e,false,false
Номенклатура — current,raw.r1c_nomenclature_current,771c10ce-829e-11ec-9c41-00505689c8d9,00-00006059,Утеплитель 54*580,,9088eead-75dc-11e7-af18-30f7727a492e,false,false
Номенклатура — current,raw.r1c_nomenclature_current,0251507e-6838-11ee-9c50-00505689ff45,00-00009662,Утеплитель Рож.Лайт,,9088eead-75dc-11e7-af18-30f7727a492e,false,false
Номенклатура — current,raw.r1c_nomenclature_current,66927d12-d974-11eb-6c92-fa163e0d31f7,БП-00004391,Утеплительный мат с пароизоляцией (подушка) р. 50х50,,65439ec8-d96f-11eb-6c92-fa163e0d31f7,false,false
Номенклатура — current,raw.r1c_nomenclature_current,e26a195a-89b7-11ec-9c42-00505689c8d9,00-00006118,Утюг SCARLET SC S130S06.2000вт белый/лиловый,,d56a52ab-0a38-11f0-b80e-005056bde474,false,false
Номенклатура — current,raw.r1c_nomenclature_current,7653cc33-0bdc-11ed-9c43-00505689c8d9,00-00006814,Ухо КПП,,9b060c03-71d9-11e7-85a2-d43d7eec442d,false,false
Номенклатура — current,raw.r1c_nomenclature_current,bd986dc1-a0d2-11ee-9c4c-005056893620,00-00009964,Ушко 30х75,,9088eead-75dc-11e7-af18-30f7727a492e,false,false
Номенклатура — current,raw.r1c_nomenclature_current,9f7112ce-a0d2-11ee-9c4c-005056893620,00-00009963,Ушко 40х80,,9088eead-75dc-11e7-af18-30f7727a492e,false,false
Номенклатура — current,raw.r1c_nomenclature_current,a73b9251-c7cf-11e9-af79-30f7727a492e,00-00001948,Ушко ДТ-75  77.32.109-1,,9b060c03-71d9-11e7-85a2-d43d7eec442d,false,false
Номенклатура — current,raw.r1c_nomenclature_current,125af827-a623-11ec-9c42-00505689c8d9,00-00006364,Ушко прямое,,9088eead-75dc-11e7-af18-30f7727a492e,false,false
Номенклатура — current,raw.r1c_nomenclature_current,dd83d588-5f47-11e9-af6b-30f7727a492e,00-00001523,Ушко ресоры ЗИЛ-130 передней в сборе 130-2902125,,9b060c03-71d9-11e7-85a2-d43d7eec442d,false,false
Номенклатура — current,raw.r1c_nomenclature_current,e4c213f0-f524-11eb-9c3a-00505689ff45,АК-00003774,ФАС Инсектицид,,f9d67774-531d-11f0-b811-005056bde474,false,false
Номенклатура — current,raw.r1c_nomenclature_current,9495458e-34c7-11ed-9c43-cb6d75bb653b,00-00007174,ФОРС 15Г/КГ ,,f9d67774-531d-11f0-b811-005056bde474,false,false
Номенклатура — current,raw.r1c_nomenclature_current,e4c213eb-f524-11eb-9c3a-00505689ff45,АК-00003769,Фаворит Инсектицид,,f9d67774-531d-11f0-b811-005056bde474,false,false
Номенклатура — current,raw.r1c_nomenclature_current,e4c213ec-f524-11eb-9c3a-00505689ff45,АК-00003770,Фаворит Трио Инсектицид,,2eaeac4d-5322-11f0-b811-005056bde474,false,false
Номенклатура — current,raw.r1c_nomenclature_current,e4c213ed-f524-11eb-9c3a-00505689ff45,АК-00003771,Фагот Инсектицид,,f9d67774-531d-11f0-b811-005056bde474,false,false
Номенклатура — current,raw.r1c_nomenclature_current,4cba13bd-95a2-11ee-9c4a-005056893620,00-00009904,Файл-вкладыш 30мм 10шт/упак,,9088ee8b-75dc-11e7-af18-30f7727a492e,false,false
Номенклатура — current,raw.r1c_nomenclature_current,8fc9c5a4-d826-11eb-d199-fa163e0d31f7,БП-00004352,"Файл-вкладыш А4, 100шт",,9088ee8b-75dc-11e7-af18-30f7727a492e,false,false
Номенклатура — current,raw.r1c_nomenclature_current,e1bdaf9d-04d8-11ec-9c3a-00505689ff45,АК-00004672,"Файл-вкладыш А5 прозрачный 30мм, 50шт",,9088ee8b-75dc-11e7-af18-30f7727a492e,false,false
Номенклатура — current,raw.r1c_nomenclature_current,e4c213ee-f524-11eb-9c3a-00505689ff45,АК-00003772,Фалькон Инсектицид,,2eaeac4d-5322-11f0-b811-005056bde474,false,false
Номенклатура — current,raw.r1c_nomenclature_current,fa2a0efd-5852-11ec-9c40-00505689c8d9,АК-00005749,Фанера  ФК толщина 9мм НШ 1525х1525,,9088eead-75dc-11e7-af18-30f7727a492e,false,false
Номенклатура — current,raw.r1c_nomenclature_current,0baa215f-3757-11ee-9c4e-00505689ff45,00-00008422,"Фанера  толщина 8мм  1,525х1,525 4/4",,9088eead-75dc-11e7-af18-30f7727a492e,false,false
Номенклатура — current,raw.r1c_nomenclature_current,8666467f-3377-11ea-9522-30f7727a492e,00-00002318,"Фанера 10 мм 4/4 1,52х1,52м",,9088eead-75dc-11e7-af18-30f7727a492e,false,false
Номенклатура — current,raw.r1c_nomenclature_current,b688b317-4bec-11ec-9c40-00505689c8d9,АК-00005664,"Фанера 13 мм 1,525х0,3",,9088eead-75dc-11e7-af18-30f7727a492e,false,false
Номенклатура — current,raw.r1c_nomenclature_current,896e449e-d1d4-11eb-5d99-fa163e0d31f7,БП-00004272,"Фанера 18 мм 4/4 1,52х1,52м",,9088eead-75dc-11e7-af18-30f7727a492e,false,false
Номенклатура — current,raw.r1c_nomenclature_current,c730b10a-f7dd-11ec-9c42-89a3dcc9992a,00-00006735,"Фанера 21 мм 4/4 1,52х1,52м",,9088eead-75dc-11e7-af18-30f7727a492e,false,false
Номенклатура — current,raw.r1c_nomenclature_current,97bc442c-f62c-11e9-9519-30f7727a492e,00-00002130,"Фанера 9мм OSB 2,5х1,25м",,9088eead-75dc-11e7-af18-30f7727a492e,false,false
Номенклатура — current,raw.r1c_nomenclature_current,86c8ed97-141c-11ee-9c4e-00505689ff45,00-00008234,Фара  противотуманная 16 диодов OFF-Road 46W12/24В,,9b060c03-71d9-11e7-85a2-d43d7eec442d,false,false
Номенклатура — current,raw.r1c_nomenclature_current,c9c81ba0-41ff-11ec-9c41-00505689db63,АК-00005548,Фара  противотуманная 16 диодов kswsg016fcn квадр 12/24В,,9b060c03-71d9-11e7-85a2-d43d7eec442d,false,false
Номенклатура — current,raw.r1c_nomenclature_current,503c3656-41ff-11ec-9c41-00505689db63,АК-00005547,Фара  противотуманная 9 диодов OFF-Road 27W kswsg009sbg,,9b060c03-71d9-11e7-85a2-d43d7eec442d,false,false
Номенклатура — current,raw.r1c_nomenclature_current,17452e96-4480-11eb-7b94-fa163e0d31f7,БП-00003482,Фара Fiat L+R,,9b060c03-71d9-11e7-85a2-d43d7eec442d,false,false
Номенклатура — current,raw.r1c_nomenclature_current,a4ee5625-753f-11e9-af6d-30f7727a492e,00-00001584,Фара МТЗ ПЕРЕДНЯЯ 12 V,,9b060c03-71d9-11e7-85a2-d43d7eec442d,false,false
Номенклатура — current,raw.r1c_nomenclature_current,c2316836-8b09-11eb-4b87-fa163e0d31f7,БП-00003805,Фара МТЗ ПЕРЕДНЯЯ квадратная (без лампы) РУДЕНОК,,9b060c03-71d9-11e7-85a2-d43d7eec442d,false,false
Номенклатура — current,raw.r1c_nomenclature_current,2eb56c41-1535-11ec-9c3a-00505689ff45,АК-00004995,Фара МТЗ передняя квадратная (без лампы) ,,9b060c03-71d9-11e7-85a2-d43d7eec442d,false,false
Номенклатура — current,raw.r1c_nomenclature_current,a4ee5626-753f-11e9-af6d-30f7727a492e,00-00001585,Фара МТЗ противотуманная пластик,,9b060c03-71d9-11e7-85a2-d43d7eec442d,false,false
Номенклатура — current,raw.r1c_nomenclature_current,91bb0a26-20ec-11ec-9c3a-00505689ff45,АК-00005299,Фара МТЗ противотуманная пластик 12V БЕЛВАР 8724.3106,,9b060c03-71d9-11e7-85a2-d43d7eec442d,false,false
Номенклатура — current,raw.r1c_nomenclature_current,2897544a-46e7-11e8-af37-30f7727a492e,00-00000803,"Фара МТЗ,ЮМЗ,ДТ задняя",,9b060c03-71d9-11e7-85a2-d43d7eec442d,false,false
Номенклатура — current,raw.r1c_nomenclature_current,d5ab796f-20ec-11ec-9c3a-00505689ff45,АК-00005300,"Фара МТЗ,ЮМЗ,ДТ передняя (пластик) РК ФГ305П",,9b060c03-71d9-11e7-85a2-d43d7eec442d,false,false
Номенклатура — current,raw.r1c_nomenclature_current,365cc43a-89c5-11f1-b824-005056bde474,00-00014683,"Фара ПАЗ, ЛИАЗ ближний свет ALS-1077.112.15",,b9d744a7-3ee1-11f1-b821-005056bde474,false,false
Номенклатура — current,raw.r1c_nomenclature_current,c3243f58-bf06-11eb-1998-fa163e0d31f7,БП-00004044,"Фара УАЗ,ПАЗ 12v освар",,9b060c03-71d9-11e7-85a2-d43d7eec442d,false,false
Номенклатура — current,raw.r1c_nomenclature_current,851ab635-1ddc-11e8-af31-30f7727a492e,00-00000694,Фара ФГ-305,,9b060c03-71d9-11e7-85a2-d43d7eec442d,false,false
Номенклатура — current,raw.r1c_nomenclature_current,bf488d6f-2c10-11f1-b81f-005056bde474,00-00013886,Фара квадратная МТЗ 08.7101.000 ФГ-308,,45c9e202-0a37-11f0-b80e-005056bde474,false,false
Номенклатура — current,raw.r1c_nomenclature_current,a020b0dd-0a0c-11f0-b80e-005056bde474,00-00011822,Фара левая+правая UMG комплект,,9b060c03-71d9-11e7-85a2-d43d7eec442d,false,false
Номенклатура — current,raw.r1c_nomenclature_current,ff405070-d80c-11eb-d199-fa163e0d31f7,БП-00004333,Фара передняя круглая МТЗ 12V (пластик) ,,9b060c03-71d9-11e7-85a2-d43d7eec442d,false,false
Номенклатура — current,raw.r1c_nomenclature_current,0066f06d-20e7-11ec-9c3a-00505689ff45,АК-00005292,Фара рабочего света 115*142*55 мм 42W(рассеянный свет) круглая AVTOELECTRICA AE42R-14LED-55PC,,9b060c03-71d9-11e7-85a2-d43d7eec442d,false,false
Номенклатура — current,raw.r1c_nomenclature_current,4e9d6813-bc28-11ed-9c4d-00505689ff45,00-00007663,Фара рабочего света МТЗ круглая 12V БЕЛВАР 8724.31.06,,9b060c03-71d9-11e7-85a2-d43d7eec442d,false,false
Номенклатура — current,raw.r1c_nomenclature_current,e02f011d-2af1-11ec-b9a9-00505689914b,АК-00005465,Фара светодиодная OFF-Road (24W) серия Basic FL-1135 AVS,,9b060c03-71d9-11e7-85a2-d43d7eec442d,false,false
Номенклатура — current,raw.r1c_nomenclature_current,851ab630-1ddc-11e8-af31-30f7727a492e,00-00000689,Фара тракторная квадратная,,9b060c03-71d9-11e7-85a2-d43d7eec442d,false,false
Номенклатура — current,raw.r1c_nomenclature_current,e4c213ef-f524-11eb-9c3a-00505689ff45,АК-00003773,Фараон Инсектицид,,2eaeac4d-5322-11f0-b811-005056bde474,false,false
Номенклатура — current,raw.r1c_nomenclature_current,53dac4a5-e5af-11ed-9c4e-00505689ff45,00-00007825,Фартук ПФХ белый,,88d891c9-6567-11f1-b821-005056bde474,false,false
Номенклатура — current,raw.r1c_nomenclature_current,b65cec42-6688-11ee-9c50-00505689ff45,00-00009639,Фартук брезентовый без кармана,,88d891c9-6567-11f1-b821-005056bde474,false,false
Номенклатура — current,raw.r1c_nomenclature_current,9cffd905-65e7-11ef-9c5c-00505689ff45,00-00011000,Фартук диагональ темно-синий,,88d891c9-6567-11f1-b821-005056bde474,false,false
Номенклатура — current,raw.r1c_nomenclature_current,8f1b94f8-360e-11eb-e19b-fa163e0d31f7,БП-00003346,Фартук для торговли васильковый всеразмерный,,88d891c9-6567-11f1-b821-005056bde474,false,false
Номенклатура — current,raw.r1c_nomenclature_current,b79990ea-8836-11ec-9c41-00505689c8d9,00-00006108,Фартук защитный ПВХ ЩИТ-1 облегченный синий,,88d891c9-6567-11f1-b821-005056bde474,false,false
Номенклатура — current,raw.r1c_nomenclature_current,624da8c4-a9ed-11ec-9c42-00505689c8d9,00-00006403,Фартук многоразовый синий,,88d891c9-6567-11f1-b821-005056bde474,false,false
Номенклатура — current,raw.r1c_nomenclature_current,f6ae64dc-2f63-11f1-b81f-005056bde474,00-00013945,"Фартук одноразовый ПНД 68х110см 6мкм., голубой",,88d891c9-6567-11f1-b821-005056bde474,false,false
Номенклатура — current,raw.r1c_nomenclature_current,7b21ab3b-dfe9-11f0-b81e-005056bde474,00-00013220,Фартук одноразовый в рулоне синий,,88d891c9-6567-11f1-b821-005056bde474,false,false
Номенклатура — current,raw.r1c_nomenclature_current,abf7cc04-39bf-11ea-9523-30f7727a492e,00-00002402,"Фартук одноразовый виниловый, цв.белый",,88d891c9-6567-11f1-b821-005056bde474,false,false
Номенклатура — current,raw.r1c_nomenclature_current,e5801280-e48c-11f0-b81e-005056bde474,00-00013323,"Фартук одноразовый полиэтиленовый 74х120см 10мкм., 5,6гр.белый",,88d891c9-6567-11f1-b821-005056bde474,false,false
Номенклатура — current,raw.r1c_nomenclature_current,9723eb68-3402-11eb-0e8a-fa163e0d31f7,БП-00003341,Фартук прорезиненный удлиненный (мед клиенка),,88d891c9-6567-11f1-b821-005056bde474,false,false
Номенклатура — current,raw.r1c_nomenclature_current,3b85a09c-84a7-11ef-9c5d-00505689ff45,00-00011251,Фартук прорезиненый ткань диагональ ,,88d891c9-6567-11f1-b821-005056bde474,false,false
Номенклатура — current,raw.r1c_nomenclature_current,88d891c9-6567-11f1-b821-005056bde474,00-00014507,Фартуки,,9088eea8-75dc-11e7-af18-30f7727a492e,true,false
Номенклатура — current,raw.r1c_nomenclature_current,76abb387-6479-11ef-9c5c-00505689ff45,00-00010935,"Фасадное крепление КФК 12-47,6 (SF 50,BRPF 70-150-6F) ИЭК",,de1714af-8a12-11e7-af1d-30f7727a492e,false,false
Номенклатура — current,raw.r1c_nomenclature_current,e4c213f1-f524-11eb-9c3a-00505689ff45,АК-00003775,Фаскорд Инсектицид,,f9d67774-531d-11f0-b811-005056bde474,false,false
Номенклатура — current,raw.r1c_nomenclature_current,87d90743-ec94-11e7-a3ff-94de80168a80,00-00000602,Фасонные элементы,,9088eead-75dc-11e7-af18-30f7727a492e,false,false
Номенклатура — current,raw.r1c_nomenclature_current,e4c213f2-f524-11eb-9c3a-00505689ff45,АК-00003776,Фастак Инсектицид,,f9d67774-531d-11f0-b811-005056bde474,false,false
Номенклатура — current,raw.r1c_nomenclature_current,e4c213f3-f524-11eb-9c3a-00505689ff45,АК-00003777,Фасшанс Инсектицид,,f9d67774-531d-11f0-b811-005056bde474,false,false
Номенклатура — current,raw.r1c_nomenclature_current,e4c213f4-f524-11eb-9c3a-00505689ff45,АК-00003778,Фатрин Инсектицид,,f9d67774-531d-11f0-b811-005056bde474,false,false
Номенклатура — current,raw.r1c_nomenclature_current,77cb7148-03ee-11f0-b80e-005056bde474,00-00011764,Фекальный насос GP-19,,9088eeaf-75dc-11e7-af18-30f7727a492e,false,false
Номенклатура — current,raw.r1c_nomenclature_current,6f4b0ffd-5b66-11f1-b821-005056bde474,00-00014463,Фекальный насос Ресанта НФ-24000Л 77/5/4,,ffd1892d-3d8a-11f1-b821-005056bde474,false,false
Номенклатура — current,raw.r1c_nomenclature_current,09676707-251f-11ed-9c43-cb6d75bb653b,00-00007045,Фен 2000Вт,,9088eeaf-75dc-11e7-af18-30f7727a492e,false,false
Номенклатура — current,raw.r1c_nomenclature_current,e5b45bf1-f569-11f0-b81e-005056bde474,00-00013413,Фен технический в кейсе с набором насадок DAEWOO DAF 2200,,43c0c159-7364-11f0-b814-005056bde474,false,false
Номенклатура — current,raw.r1c_nomenclature_current,e4c213f5-f524-11eb-9c3a-00505689ff45,АК-00003779,Феразим Инсектицид,,2eaeac4d-5322-11f0-b811-005056bde474,false,false
Номенклатура — current,raw.r1c_nomenclature_current,32f87a04-f411-11ed-9c4e-00505689ff45,00-00008013,"Фертика безхлорное калийное удобрение ""Эко Калий"" PKMg+S (5:37:10+12) МКР",,ab24072a-3b94-11f0-b80e-005056bde474,false,false
Номенклатура — current,raw.r1c_nomenclature_current,88fe0347-f355-11eb-9c3a-00505689ff45,АК-00003317,Фертикс Марки Б NMgS +FeBMoMnCuZn 16.2.2,,4d72fc7e-531d-11f0-b811-005056bde474,false,false
Номенклатура — current,raw.r1c_nomenclature_current,0e7a3da6-113b-11f0-b80e-005056bde474,00-00011890,Фетр,,9b060c03-71d9-11e7-85a2-d43d7eec442d,false,false
Номенклатура — current,raw.r1c_nomenclature_current,4bd50e80-7858-11ec-9c40-00505689c8d9,АК-00006006,Фетр однотонный твердый 3мм/1м (т мраморный) С41,,9b060c03-71d9-11e7-85a2-d43d7eec442d,false,false
Номенклатура — current,raw.r1c_nomenclature_current,46698610-5793-11ea-8118-d43d7ec071d4,00-00002490,Фетровая сушка СФ-10,,9b060cbb-71d9-11e7-85a2-d43d7eec442d,false,false
Номенклатура — current,raw.r1c_nomenclature_current,c45d245d-09b7-11ed-9c43-00505689c8d9,00-00006809,Фетровое полотно для СФ-10,,9b060c03-71d9-11e7-85a2-d43d7eec442d,false,false
Номенклатура — current,raw.r1c_nomenclature_current,7bb470d2-0002-11ec-9c3a-00505689ff45,АК-00003933,"Фиеста кровать 0,9м ясень темный/ясень светлый (БТС)",,9088eeac-75dc-11e7-af18-30f7727a492e,false,false
Номенклатура — current,raw.r1c_nomenclature_current,6f2a99a6-cd11-11ec-9c42-00505689c8d9,00-00006509,Фиксатор 700А.46.28.254,,9b060c03-71d9-11e7-85a2-d43d7eec442d,false,false
Номенклатура — current,raw.r1c_nomenclature_current,4e432518-0c32-11ec-9c3a-00505689ff45,АК-00004901,Фиксатор резьбы  6 мл ,,9b060c03-71d9-11e7-85a2-d43d7eec442d,false,false
Номенклатура — current,raw.r1c_nomenclature_current,9ed7968e-b371-11f0-b81e-005056bde474,00-00012908,"Фиксатор ремня безопасности ""Газель"" передний левый",,b9d744a7-3ee1-11f1-b821-005056bde474,false,false
Номенклатура — current,raw.r1c_nomenclature_current,741f1534-c4e0-11ea-9291-fa163ee5d2f9,БП-00002863,Фиксатор тормозного диска,,9b060c03-71d9-11e7-85a2-d43d7eec442d,false,false
Номенклатура — current,raw.r1c_nomenclature_current,0afb2959-a087-11ec-9c42-00505689c8d9,00-00006323,Фиксатор штока,,9b060c03-71d9-11e7-85a2-d43d7eec442d,false,false
Номенклатура — current,raw.r1c_nomenclature_current,e4c213f6-f524-11eb-9c3a-00505689ff45,АК-00003780,Фильтерр Инсектицид,,2eaeac4d-5322-11f0-b811-005056bde474,false,false
Номенклатура — current,raw.r1c_nomenclature_current,86664694-3377-11ea-9522-30f7727a492e,00-00002338,Фильтр,,9088eead-75dc-11e7-af18-30f7727a492e,false,false
Номенклатура — current,raw.r1c_nomenclature_current,e24e43f8-856d-11ee-9c4a-005056893620,00-00009804,Фильтр  L214634 JLI,,9b060c03-71d9-11e7-85a2-d43d7eec442d,false,false
Номенклатура — current,raw.r1c_nomenclature_current,d8a142f3-1742-11ed-9c43-cb6d75bb653b,00-00006857,Фильтр  гидравлики 20639610,,9b060c03-71d9-11e7-85a2-d43d7eec442d,false,false
Номенклатура — current,raw.r1c_nomenclature_current,21d96b98-a46e-11e9-af76-30f7727a492e,00-00001765,Фильтр  гидравлики аналог HF35322 P763757 9283 ML1400MG,,9b060c03-71d9-11e7-85a2-d43d7eec442d,false,false
Номенклатура — current,raw.r1c_nomenclature_current,9a65949b-1742-11ed-9c43-cb6d75bb653b,00-00006856,Фильтр  гидравлический 20656300,,9b060c03-71d9-11e7-85a2-d43d7eec442d,false,false
Номенклатура — current,raw.r1c_nomenclature_current,17e15973-16b2-11ef-9c4f-005056893620,00-00010553,Фильтр  гидравлический 5425 СН,,9b060c03-71d9-11e7-85a2-d43d7eec442d,false,false
Номенклатура — current,raw.r1c_nomenclature_current,9823c76b-25d9-11ed-9c43-cb6d75bb653b,00-00007079,Фильтр  гидравлический DONALDSON P171806 (БТЗ),,9b060c03-71d9-11e7-85a2-d43d7eec442d,false,false
Номенклатура — current,raw.r1c_nomenclature_current,599d4d47-16b2-11ef-9c4f-005056893620,00-00010554,Фильтр  гидравлический SXX-200E 12B 2283CH,,9b060c03-71d9-11e7-85a2-d43d7eec442d,false,false
Номенклатура — current,raw.r1c_nomenclature_current,21d96b97-a46e-11e9-af76-30f7727a492e,00-00001764,Фильтр  очистки воздуха (внутренний) аналог AF27681 6492 HP4591,,9b060c03-71d9-11e7-85a2-d43d7eec442d,false,false
Номенклатура — current,raw.r1c_nomenclature_current,21d96b96-a46e-11e9-af76-30f7727a492e,00-00001763,Фильтр  очистки воздуха аналог AF26665 5962 HP4590,,9b060c03-71d9-11e7-85a2-d43d7eec442d,false,false
Номенклатура — current,raw.r1c_nomenclature_current,ae5f6428-0b8b-11eb-3385-fa163ee5d2f9,БП-00003126,Фильтр 03.376,,9b060c03-71d9-11e7-85a2-d43d7eec442d,false,false
Номенклатура — current,raw.r1c_nomenclature_current,544e97e5-7e71-11ee-9c4a-005056893620,00-00009746,Фильтр 32 уг45 вн/вн,,9088eead-75dc-11e7-af18-30f7727a492e,false,false
Номенклатура — current,raw.r1c_nomenclature_current,e8f07efc-785b-11e8-af42-30f7727a492e,00-00000942,Фильтр ARAG цилиндрический,,9b060c03-71d9-11e7-85a2-d43d7eec442d,false,false
Номенклатура — current,raw.r1c_nomenclature_current,10adf724-ef1f-11f0-b81e-005056bde474,00-00013334,Фильтр DAEWOO Hepa DAVC 25HF-11,,eff1fe07-728e-11f0-b814-005056bde474,false,false
Номенклатура — current,raw.r1c_nomenclature_current,5edc1988-cc55-11e8-af53-30f7727a492e,00-00001304,Фильтр J1330403(kyron Rexton),,9b060c03-71d9-11e7-85a2-d43d7eec442d,false,false
Номенклатура — current,raw.r1c_nomenclature_current,a5bc3281-3531-11ef-9c59-00505689ff45,00-00010672,Фильтр L214634 JLI,,9b060c03-71d9-11e7-85a2-d43d7eec442d,false,false
Номенклатура — current,raw.r1c_nomenclature_current,6c702a85-0c3c-11ec-9c3a-00505689ff45,АК-00004907,Фильтр UNIX 521 A1B1E1 (ДОТэко 120 А1В1Е1) СОРБЕНТ Рес 102,,aa0a6e4b-6566-11f1-b821-005056bde474,false,false
Номенклатура — current,raw.r1c_nomenclature_current,7543447a-16b3-11ef-9c4f-005056893620,00-00010559,Фильтр WDK98212МТ,,9b060c03-71d9-11e7-85a2-d43d7eec442d,false,false
Номенклатура — current,raw.r1c_nomenclature_current,a235ce93-a02a-11f0-b81d-005056bde474,00-00012767,Фильтр АКПП,,9b060c03-71d9-11e7-85a2-d43d7eec442d,false,false
Номенклатура — current,raw.r1c_nomenclature_current,10d24693-4521-11e8-af37-30f7727a492e,00-00000781,Фильтр ГУР ЗИЛ,,9b060c03-71d9-11e7-85a2-d43d7eec442d,false,false
Номенклатура — current,raw.r1c_nomenclature_current,21514919-d1b0-11f0-b81e-005056bde474,00-00013021,Фильтр КПП ,,45c9e202-0a37-11f0-b80e-005056bde474,false,false
Номенклатура — current,raw.r1c_nomenclature_current,674aa0d0-e063-11ee-9c4c-005056893620,00-00010262,Фильтр МТЗ очистки воздуха в салоне Беларусь В4702,,9b060c03-71d9-11e7-85a2-d43d7eec442d,false,false
Номенклатура — current,raw.r1c_nomenclature_current,7692d001-173f-11ed-9c43-cb6d75bb653b,00-00006853,Фильтр воздушной кабины МТЗ 1523 DIFA 4702 (50*350*120),,9b060c03-71d9-11e7-85a2-d43d7eec442d,false,false
Номенклатура — current,raw.r1c_nomenclature_current,f0e4c253-a130-11e8-af4c-30f7727a492e,00-00001081,Фильтр воздушный ,,9b060c03-71d9-11e7-85a2-d43d7eec442d,false,false
Номенклатура — current,raw.r1c_nomenclature_current,a73b923f-c7cf-11e9-af79-30f7727a492e,00-00001938,Фильтр воздушный  TSN 9.1.462,,9b060c03-71d9-11e7-85a2-d43d7eec442d,false,false
Номенклатура — current,raw.r1c_nomenclature_current,51086df5-2385-11e9-af63-30f7727a492e,00-00001467,Фильтр воздушный  внешний,,9b060c03-71d9-11e7-85a2-d43d7eec442d,false,false
Номенклатура — current,raw.r1c_nomenclature_current,c822a457-9296-11ed-9c4c-00505689ff45,00-00007564,Фильтр воздушный  внешний DONALDSON (БТЗ),,9b060c03-71d9-11e7-85a2-d43d7eec442d,false,false
Номенклатура — current,raw.r1c_nomenclature_current,14a4d4b7-9297-11ed-9c4c-00505689ff45,00-00007565,Фильтр воздушный  внутренний DONALDSON (БТЗ),,9b060c03-71d9-11e7-85a2-d43d7eec442d,false,false
Номенклатура — current,raw.r1c_nomenclature_current,d63d2ae4-f88c-11ec-9c42-89a3dcc9992a,00-00006747,Фильтр воздушный (Агроникс),,9b060c03-71d9-11e7-85a2-d43d7eec442d,false,false
Номенклатура — current,raw.r1c_nomenclature_current,02de870c-aa1d-11ea-bf8d-fa163ee5d2f9,БП-00002738,Фильтр воздушный (вставка),,9b060c03-71d9-11e7-85a2-d43d7eec442d,false,false
Номенклатура — current,raw.r1c_nomenclature_current,ac526dc9-41b8-11ee-9c4e-00505689ff45,00-00009225,Фильтр воздушный 01,,9b060c03-71d9-11e7-85a2-d43d7eec442d,false,false
Номенклатура — current,raw.r1c_nomenclature_current,9680bc71-34ef-11ed-9c43-cb6d75bb653b,00-00007190,Фильтр воздушный 2108,,9b060c03-71d9-11e7-85a2-d43d7eec442d,false,false
Номенклатура — current,raw.r1c_nomenclature_current,3425e206-f253-11e9-80ee-d43d7ec071d4,00-00002111,Фильтр воздушный 28113-1R100,,9b060c03-71d9-11e7-85a2-d43d7eec442d,false,false
Номенклатура — current,raw.r1c_nomenclature_current,7830c866-34ef-11ed-9c43-cb6d75bb653b,00-00007189,Фильтр воздушный 3302,,9b060c03-71d9-11e7-85a2-d43d7eec442d,false,false
Номенклатура — current,raw.r1c_nomenclature_current,81546695-a2b7-11f0-b81d-005056bde474,00-00012848,Фильтр воздушный AEF-12P,,eff1fe07-728e-11f0-b814-005056bde474,false,false
Номенклатура — current,raw.r1c_nomenclature_current,e4178ad2-3539-11ef-9c59-00505689ff45,00-00010677,Фильтр воздушный AL215053 JLI,,45c9e202-0a37-11f0-b80e-005056bde474,false,false
Номенклатура — current,raw.r1c_nomenclature_current,75df86f3-3539-11ef-9c59-00505689ff45,00-00010675,Фильтр воздушный AL215054 JLI,,45c9e202-0a37-11f0-b80e-005056bde474,false,false
Номенклатура — current,raw.r1c_nomenclature_current,a5cb46bc-856d-11ee-9c4a-005056893620,00-00009803,Фильтр воздушный AL225552 JLI,,9b060c03-71d9-11e7-85a2-d43d7eec442d,false,false
Номенклатура — current,raw.r1c_nomenclature_current,eb9f5814-c4de-11ea-9291-fa163ee5d2f9,БП-00002855,Фильтр воздушный Action,,9b060c03-71d9-11e7-85a2-d43d7eec442d,false,false
Номенклатура — current,raw.r1c_nomenclature_current,87d90745-ec94-11e7-a3ff-94de80168a80,00-00000603,Фильтр воздушный BAKER,,9b060c03-71d9-11e7-85a2-d43d7eec442d,false,false
Номенклатура — current,raw.r1c_nomenclature_current,03e77d94-e67d-11ed-9c4e-00505689ff45,00-00007855,Фильтр воздушный CASE (h297 d133) M Filler A8057,,9b060c03-71d9-11e7-85a2-d43d7eec442d,false,false
Номенклатура — current,raw.r1c_nomenclature_current,3ff4efaa-af4e-11eb-3192-fa163e0d31f7,БП-00003931,Фильтр воздушный EKO-1031,,9b060c03-71d9-11e7-85a2-d43d7eec442d,false,false
Номенклатура — current,raw.r1c_nomenclature_current,6eaf097a-cfa9-11f0-b81e-005056bde474,00-00013011,Фильтр воздушный Jhon Deere,,45c9e202-0a37-11f0-b80e-005056bde474,false,false
Номенклатура — current,raw.r1c_nomenclature_current,521cf007-a49b-11ee-9c4c-005056893620,00-00010035,Фильтр воздушный LADAA Vesta,,9b060c03-71d9-11e7-85a2-d43d7eec442d,false,false
Номенклатура — current,raw.r1c_nomenclature_current,2b948d88-3e3d-11ed-9c43-cb6d75bb653b,00-00007193,Фильтр воздушный LX270,,9b060c03-71d9-11e7-85a2-d43d7eec442d,false,false
Номенклатура — current,raw.r1c_nomenclature_current,109481d9-3e3d-11ed-9c43-cb6d75bb653b,00-00007192,Фильтр воздушный LX272 VW Т3 C11763,,9b060c03-71d9-11e7-85a2-d43d7eec442d,false,false
Номенклатура — current,raw.r1c_nomenclature_current,77a2cd95-a068-11ec-9c42-00505689c8d9,00-00006297,Фильтр воздушный mann-filter C13154,,9b060c03-71d9-11e7-85a2-d43d7eec442d,false,false
Номенклатура — current,raw.r1c_nomenclature_current,de1982be-57af-11ee-9c4e-00505689ff45,00-00009549,Фильтр воздушный ВАЗ 2108-15 инжектор SCT SB201,,9b060c03-71d9-11e7-85a2-d43d7eec442d,false,false
Номенклатура — current,raw.r1c_nomenclature_current,d05be15b-cfe4-11ee-9c4c-005056893620,00-00010201,"Фильтр воздушный ВАЗ 2110,2112 инжектор CANZ GRR04002",,9b060c03-71d9-11e7-85a2-d43d7eec442d,false,false
Номенклатура — current,raw.r1c_nomenclature_current,e824acb6-2994-11f0-b80e-005056bde474,00-00012065,Фильтр воздушный ГАЗ ,,20296b06-0a38-11f0-b80e-005056bde474,false,false
Номенклатура — current,raw.r1c_nomenclature_current,3941ecf4-8f0e-11e8-af45-30f7727a492e,00-00000980,Фильтр воздушный ГАЗдв.402,,9b060c03-71d9-11e7-85a2-d43d7eec442d,false,false
Номенклатура — current,raw.r1c_nomenclature_current,f3bc48ac-08a6-11ef-9c4f-005056893620,00-00010471,"Фильтр воздушный Д260,МТЗ (вставка) Белтиз",,9b060c03-71d9-11e7-85a2-d43d7eec442d,false,false
Номенклатура — current,raw.r1c_nomenclature_current,1e16aa2c-08a7-11ef-9c4f-005056893620,00-00010472,"Фильтр воздушный Д260,МТЗ (основной) Белтиз",,9b060c03-71d9-11e7-85a2-d43d7eec442d,false,false
Номенклатура — current,raw.r1c_nomenclature_current,6a62948f-e971-11e8-af5a-30f7727a492e,00-00001351,Фильтр воздушный ДВС внешний,,9b060c03-71d9-11e7-85a2-d43d7eec442d,false,false
Номенклатура — current,raw.r1c_nomenclature_current,6a629490-e971-11e8-af5a-30f7727a492e,00-00001352,Фильтр воздушный ДВС внутренний,,9b060c03-71d9-11e7-85a2-d43d7eec442d,false,false
Номенклатура — current,raw.r1c_nomenclature_current,ff41e7b6-b0dd-11e8-af4e-30f7727a492e,00-00001170,Фильтр воздушный ЗИЛ 5301,,9b060c03-71d9-11e7-85a2-d43d7eec442d,false,false
Номенклатура — current,raw.r1c_nomenclature_current,231927fa-a48f-11ee-9c4c-005056893620,00-00010009,Фильтр воздушный К-744/Лида-1600 к-т ЕКО 01.86,,9b060c03-71d9-11e7-85a2-d43d7eec442d,false,false
Номенклатура — current,raw.r1c_nomenclature_current,3d176ef8-003b-11ec-9c3a-00505689ff45,АК-00003995,Фильтр воздушный К-744Р2 ЕКО 01.68/1,,9b060c03-71d9-11e7-85a2-d43d7eec442d,false,false
Номенклатура — current,raw.r1c_nomenclature_current,15f06b56-2437-11e8-af33-30f7727a492e,00-00000731,Фильтр воздушный МТЗ (Д-260),,9b060c03-71d9-11e7-85a2-d43d7eec442d,false,false
Номенклатура — current,raw.r1c_nomenclature_current,be18bc74-9a3c-11ec-9c42-00505689c8d9,00-00006261,Фильтр воздушный МТЗ кабины (комплект)РУП МТЗ 80-8104060,,9b060c03-71d9-11e7-85a2-d43d7eec442d,false,false
Номенклатура — current,raw.r1c_nomenclature_current,70c294c5-bc28-11ed-9c4d-00505689ff45,00-00007664,"Фильтр воздушный МТЗ-422,622,1222,1523,2022,3022 кабины.Ливны ЭФВ 202.1109080",,9b060c03-71d9-11e7-85a2-d43d7eec442d,false,false
Номенклатура — current,raw.r1c_nomenclature_current,a4ee5627-753f-11e9-af6d-30f7727a492e,00-00001586,"Фильтр воздушный МТЗ-80,82 кабины",,9b060c03-71d9-11e7-85a2-d43d7eec442d,false,false
Номенклатура — current,raw.r1c_nomenclature_current,61f1b485-e67c-11ed-9c4e-00505689ff45,00-00007854,Фильтр воздушный ЭКОФИЛ EKO-01.209,,9b060c03-71d9-11e7-85a2-d43d7eec442d,false,false
Номенклатура — current,raw.r1c_nomenclature_current,7c59eacc-d629-11ec-9c42-00505689c8d9,00-00006540,Фильтр воздушный а-8057,,9b060c03-71d9-11e7-85a2-d43d7eec442d,false,false
Номенклатура — current,raw.r1c_nomenclature_current,cc94f31a-4478-11eb-7b94-fa163e0d31f7,БП-00003465,Фильтр воздушный в сборе LB50/75,,9b060c03-71d9-11e7-85a2-d43d7eec442d,false,false
Номенклатура — current,raw.r1c_nomenclature_current,953a01ca-2c1c-11f1-b81f-005056bde474,00-00013894,Фильтр воздушный дв. Газель Next,,45c9e202-0a37-11f0-b80e-005056bde474,false,false
Номенклатура — current,raw.r1c_nomenclature_current,49ae50e4-a211-11ed-9c4c-00505689ff45,00-00007598,Фильтр воздушный для насоса V0063C/V01100,,92a306d6-7292-11f0-b814-005056bde474,false,false
Номенклатура — current,raw.r1c_nomenclature_current,2200c20b-dc06-11e8-af56-30f7727a492e,00-00001319,Фильтр воздушный кассета К-700,,9b060c03-71d9-11e7-85a2-d43d7eec442d,false,false
Номенклатура — current,raw.r1c_nomenclature_current,3ac0d06c-623e-11ec-9c40-00505689c8d9,АК-00005828,Фильтр воздушный насоса V0063C/V0100,,9b060c03-71d9-11e7-85a2-d43d7eec442d,false,false
Номенклатура — current,raw.r1c_nomenclature_current,e0a0c258-dc47-11e8-af56-30f7727a492e,00-00001337,Фильтр воздушный эл-т К-701,,9b060c03-71d9-11e7-85a2-d43d7eec442d,false,false
Номенклатура — current,raw.r1c_nomenclature_current,e9666120-33ea-11eb-0e8a-fa163e0d31f7,БП-00003299,Фильтр воздушный(погрузчик) M Filter 133х66х297,,9b060c03-71d9-11e7-85a2-d43d7eec442d,false,false
Номенклатура — current,raw.r1c_nomenclature_current,a664046c-b0c7-11ef-9c5e-00505689ff45,00-00011435,Фильтр высокого давления переключения (трансмиссии) напорный,,9b060c03-71d9-11e7-85a2-d43d7eec442d,false,false
Номенклатура — current,raw.r1c_nomenclature_current,10d24692-4521-11e8-af37-30f7727a492e,00-00000780,Фильтр гидравлика масленный МТЗ,,9b060c03-71d9-11e7-85a2-d43d7eec442d,false,false
Номенклатура — current,raw.r1c_nomenclature_current,3bdff5b1-e4d5-11ed-9c4e-00505689ff45,00-00007823,Фильтр гидравлики 20639610,,9b060c03-71d9-11e7-85a2-d43d7eec442d,false,false
Номенклатура — current,raw.r1c_nomenclature_current,45f8c8f5-c562-11e9-af79-30f7727a492e,00-00001929,Фильтр гидравлический,,9b060c03-71d9-11e7-85a2-d43d7eec442d,false,false
Номенклатура — current,raw.r1c_nomenclature_current,4ad3aa1b-ddba-11ed-9c4e-00505689ff45,00-00007763,Фильтр гидравлический (h180 d73) P763757,,9b060c03-71d9-11e7-85a2-d43d7eec442d,false,false
Номенклатура — current,raw.r1c_nomenclature_current,0fb50b85-e4d5-11ed-9c4e-00505689ff45,00-00007822,Фильтр гидравлический 20856300,,9b060c03-71d9-11e7-85a2-d43d7eec442d,false,false
Номенклатура — current,raw.r1c_nomenclature_current,dacafb4b-088d-11ef-9c4f-005056893620,00-00010455,Фильтр гидравлический Donaldson P555461,,9b060c03-71d9-11e7-85a2-d43d7eec442d,false,false
Номенклатура — current,raw.r1c_nomenclature_current,d99a602f-141c-11ee-9c4e-00505689ff45,00-00008235,Фильтр гидравлический Donaldson P763761,,9b060c03-71d9-11e7-85a2-d43d7eec442d,false,false
Номенклатура — current,raw.r1c_nomenclature_current,70bdbed0-ddba-11ed-9c4e-00505689ff45,00-00007764,Фильтр гидравлический SH55164,,9b060c03-71d9-11e7-85a2-d43d7eec442d,false,false
Номенклатура — current,raw.r1c_nomenclature_current,646e34f5-e061-11ee-9c4c-005056893620,00-00010258,Фильтр гидравлический Амкодор Т-150 ДИФА 5305М,,9b060c03-71d9-11e7-85a2-d43d7eec442d,false,false
Номенклатура — current,raw.r1c_nomenclature_current,3c11ca68-4bca-11ed-9c43-cb6d75bb653b,00-00007261,Фильтр гидравлический Р171737,,9b060c03-71d9-11e7-85a2-d43d7eec442d,false,false
Номенклатура — current,raw.r1c_nomenclature_current,cb6a064b-b0c7-11ef-9c5e-00505689ff45,00-00011436,Фильтр гидравлический возврата масла (Всасывающий фильтр гидравлического подъема),,9b060c03-71d9-11e7-85a2-d43d7eec442d,false,false
Номенклатура — current,raw.r1c_nomenclature_current,8379a38e-18ea-11ef-9c4f-005056893620,00-00010587,Фильтр для вихревой воздуходувки MF-16,,92a306d6-7292-11f0-b814-005056bde474,false,false
Номенклатура — current,raw.r1c_nomenclature_current,9b060ca9-71d9-11e7-85a2-d43d7eec442d,00000026   ,Фильтр для очистки от мех. примесей Piusi Clear,,917ab634-0a38-11f0-b80e-005056bde474,false,false
Номенклатура — current,raw.r1c_nomenclature_current,e514a059-11bb-11ea-9520-30f7727a492e,00-00002221,Фильтр дм 60-24,,9b060c03-71d9-11e7-85a2-d43d7eec442d,false,false
Номенклатура — current,raw.r1c_nomenclature_current,a12bd3cb-d633-11ec-9c42-00505689c8d9,00-00006555,Фильтр косой PPR 40мм,,9b060c03-71d9-11e7-85a2-d43d7eec442d,false,false
Номенклатура — current,raw.r1c_nomenclature_current,cde79910-2ae2-11ec-b9a9-00505689914b,АК-00005436,Фильтр латунный самопромывной с 2-я манометрами zeissler,,9b060c03-71d9-11e7-85a2-d43d7eec442d,false,false
Номенклатура — current,raw.r1c_nomenclature_current,617b5e87-9945-11e7-a3d3-94de80168a80,00-00000329,Фильтр масленный ,,9b060c03-71d9-11e7-85a2-d43d7eec442d,false,false
Номенклатура — current,raw.r1c_nomenclature_current,884563a4-17f1-11ed-9c43-cb6d75bb653b,00-00006917,Фильтр масленный  RE504836,,45c9e202-0a37-11f0-b80e-005056bde474,false,false
Номенклатура — current,raw.r1c_nomenclature_current,087149a2-856f-11ee-9c4a-005056893620,00-00009807,Фильтр масленный  RE504836 JLI,,9b060c03-71d9-11e7-85a2-d43d7eec442d,false,false
Номенклатура — current,raw.r1c_nomenclature_current,d10c9662-8782-11ee-9c4a-005056893620,00-00009837,Фильтр масленный  RE59754 JLI,,9b060c03-71d9-11e7-85a2-d43d7eec442d,false,false
Номенклатура — current,raw.r1c_nomenclature_current,dd6a1e0e-e5ac-11e9-af7c-30f7727a492e,00-00002048,"Фильтр масленный 02,26",,9b060c03-71d9-11e7-85a2-d43d7eec442d,false,false
Номенклатура — current,raw.r1c_nomenclature_current,db0aa7c4-0177-11ea-951c-30f7727a492e,00-00002137,"Фильтр масленный 02,52 К-700,МАЗ дв. ЯМЗ240",,9b060c03-71d9-11e7-85a2-d43d7eec442d,false,false
Номенклатура — current,raw.r1c_nomenclature_current,33349ec3-41b8-11ee-9c4e-00505689ff45,00-00009222,Фильтр масленный 08,,9b060c03-71d9-11e7-85a2-d43d7eec442d,false,false
Номенклатура — current,raw.r1c_nomenclature_current,003b5d9d-3e3e-11ed-9c43-cb6d75bb653b,00-00007195,Фильтр масленный 15208 BN30A,,9b060c03-71d9-11e7-85a2-d43d7eec442d,false,false
Номенклатура — current,raw.r1c_nomenclature_current,35dbe3dd-8770-11ee-9c4a-005056893620,00-00009820,Фильтр масленный 15208-BN3DA,,9b060c03-71d9-11e7-85a2-d43d7eec442d,false,false
Номенклатура — current,raw.r1c_nomenclature_current,ea367d83-284a-11ed-9c43-cb6d75bb653b,00-00007103,Фильтр масленный 2101,,9b060c03-71d9-11e7-85a2-d43d7eec442d,false,false
Номенклатура — current,raw.r1c_nomenclature_current,f41d7511-1423-11ee-9c4e-00505689ff45,00-00008247,Фильтр масленный 2105-1012005 ЕКО02-02GB103,,20296b06-0a38-11f0-b80e-005056bde474,false,false
Номенклатура — current,raw.r1c_nomenclature_current,23e976ce-101f-11ee-9c4e-00505689ff45,00-00008197,Фильтр масленный 2108,,9b060c03-71d9-11e7-85a2-d43d7eec442d,false,false
Номенклатура — current,raw.r1c_nomenclature_current,8158754a-4480-11eb-7b94-fa163e0d31f7,БП-00003483,Фильтр масленный 3302,,9b060c03-71d9-11e7-85a2-d43d7eec442d,false,false
Номенклатура — current,raw.r1c_nomenclature_current,6a9b1e41-85da-11ed-9c4c-00505689ff45,00-00007532,Фильтр масленный AL 169573 JL,,9b060c03-71d9-11e7-85a2-d43d7eec442d,false,false
Номенклатура — current,raw.r1c_nomenclature_current,8f5d72c2-85da-11ed-9c4c-00505689ff45,00-00007533,Фильтр масленный AL 221066 JLI,,9b060c03-71d9-11e7-85a2-d43d7eec442d,false,false
Номенклатура — current,raw.r1c_nomenclature_current,8636d75f-856e-11ee-9c4a-005056893620,00-00009806,Фильтр масленный AL232896 JLI,,9b060c03-71d9-11e7-85a2-d43d7eec442d,false,false
Номенклатура — current,raw.r1c_nomenclature_current,82253344-1d78-11ea-9522-30f7727a492e,00-00002252,Фильтр масленный Action,,9b060c03-71d9-11e7-85a2-d43d7eec442d,false,false
Номенклатура — current,raw.r1c_nomenclature_current,574e3996-82ca-11ed-9c4c-00505689ff45,00-00007514,Фильтр масленный CAZ,,9b060c03-71d9-11e7-85a2-d43d7eec442d,false,false
Номенклатура — current,raw.r1c_nomenclature_current,c41cb9f2-5c6f-11ee-9c4f-00505689ff45,00-00009579,Фильтр масленный D17-002-2+BAN,,9b060c03-71d9-11e7-85a2-d43d7eec442d,false,false
Номенклатура — current,raw.r1c_nomenclature_current,409e8552-bf01-11eb-1998-fa163e0d31f7,БП-00004035,Фильтр масленный DIFA 5101/1,,9b060c03-71d9-11e7-85a2-d43d7eec442d,false,false
Номенклатура — current,raw.r1c_nomenclature_current,4a799496-8f5c-11ea-9529-30f7727a492e,00-00002586,Фильтр масленный DIFA 5102/1,,9b060c03-71d9-11e7-85a2-d43d7eec442d,false,false
Номенклатура — current,raw.r1c_nomenclature_current,1aa6615a-142a-11ee-9c4e-00505689ff45,00-00008252,Фильтр масленный DIFA 5425МК,,9b060c03-71d9-11e7-85a2-d43d7eec442d,false,false
Номенклатура — current,raw.r1c_nomenclature_current,3425e207-f253-11e9-80ee-d43d7ec071d4,00-00002112,"Фильтр масленный HYUNDAI,KIA 26300-35504",,9b060c03-71d9-11e7-85a2-d43d7eec442d,false,false
Номенклатура — current,raw.r1c_nomenclature_current,97c061d8-7a98-11ec-9c41-00505689c8d9,АК-00006020,Фильтр масленный LF16015,,9b060c03-71d9-11e7-85a2-d43d7eec442d,false,false
Номенклатура — current,raw.r1c_nomenclature_current,a97f97f5-8563-11ee-9c4a-005056893620,00-00009792,Фильтр масленный MARSHALL M9720005,,9b060c03-71d9-11e7-85a2-d43d7eec442d,false,false
Номенклатура — current,raw.r1c_nomenclature_current,9597b5bb-c25a-11e9-af79-30f7727a492e,00-00001906,Фильтр масленный Mann HU,,9b060c03-71d9-11e7-85a2-d43d7eec442d,false,false
Номенклатура — current,raw.r1c_nomenclature_current,abf7cbe0-39bf-11ea-9523-30f7727a492e,00-00002380,Фильтр масленный Nissan SM102,,9b060c03-71d9-11e7-85a2-d43d7eec442d,false,false
Номенклатура — current,raw.r1c_nomenclature_current,02a19e68-4bd9-11ed-9c43-cb6d75bb653b,00-00007280,Фильтр масленный RE504836,,9b060c03-71d9-11e7-85a2-d43d7eec442d,false,false
Номенклатура — current,raw.r1c_nomenclature_current,1ff3d361-1422-11ee-9c4e-00505689ff45,00-00008242,Фильтр масленный SAKURA C 1605,,9b060c03-71d9-11e7-85a2-d43d7eec442d,false,false
Номенклатура — current,raw.r1c_nomenclature_current,45625d73-ddb9-11ed-9c4e-00505689ff45,00-00007760,Фильтр масленный SAKURA C 7955,,9b060c03-71d9-11e7-85a2-d43d7eec442d,false,false
Номенклатура — current,raw.r1c_nomenclature_current,abf7cbde-39bf-11ea-9523-30f7727a492e,00-00002379,Фильтр масленный SM102,,9b060c03-71d9-11e7-85a2-d43d7eec442d,false,false
Номенклатура — current,raw.r1c_nomenclature_current,5b1c2a91-a49d-11ee-9c4c-005056893620,00-00010042,Фильтр масленный W7023,,9b060c03-71d9-11e7-85a2-d43d7eec442d,false,false
Номенклатура — current,raw.r1c_nomenclature_current,a360b33b-cb4b-11ee-9c4c-005056893620,00-00010163,Фильтр масленный W712 для насосов V0040C.V0063C.V0100,,8c685a7e-728f-11f0-b814-005056bde474,false,false
Номенклатура — current,raw.r1c_nomenclature_current,ff41e7a4-b0dd-11e8-af4e-30f7727a492e,00-00001158,Фильтр масленный ZP506,,9b060c03-71d9-11e7-85a2-d43d7eec442d,false,false
Номенклатура — current,raw.r1c_nomenclature_current,fd1a675d-0c29-11ee-9c4e-00505689ff45,00-00008131,Фильтр масленный kamatsu sakura c581.1 p502458,,9b060c03-71d9-11e7-85a2-d43d7eec442d,false,false
Номенклатура — current,raw.r1c_nomenclature_current,98c2ff9a-3e3d-11ed-9c43-cb6d75bb653b,00-00007194,Фильтр масленный kamatsu sakura c5811p502458,,9b060c03-71d9-11e7-85a2-d43d7eec442d,false,false
Номенклатура — current,raw.r1c_nomenclature_current,f3d4fc7a-57ae-11ee-9c4e-00505689ff45,00-00009546,Фильтр масленный ВАЗ 2108-15,,9b060c03-71d9-11e7-85a2-d43d7eec442d,false,false
Номенклатура — current,raw.r1c_nomenclature_current,dcc1ee69-4bd4-11ed-9c43-cb6d75bb653b,00-00007279,"Фильтр масленный ГАЗ-2705,3221,33302,33023,2217,2762",,9b060c03-71d9-11e7-85a2-d43d7eec442d,false,false
Номенклатура — current,raw.r1c_nomenclature_current,a4ee5628-753f-11e9-af6d-30f7727a492e,00-00001587,"Фильтр масленный ГАЗ-3310,ЗИЛ-5301",,9b060c03-71d9-11e7-85a2-d43d7eec442d,false,false
Номенклатура — current,raw.r1c_nomenclature_current,8ecd8a53-9670-11ea-952a-30f7727a492e,00-00002608,"Фильтр масленный ГАЗ-3310,ЗИЛ-5301(дв ММЗ-245) ЛААЗ009-1012005",,9b060c03-71d9-11e7-85a2-d43d7eec442d,false,false
Номенклатура — current,raw.r1c_nomenclature_current,6a62948d-e971-11e8-af5a-30f7727a492e,00-00001349,Фильтр масленный ДВС,,9b060c03-71d9-11e7-85a2-d43d7eec442d,false,false
Номенклатура — current,raw.r1c_nomenclature_current,5edc196a-cc55-11e8-af53-30f7727a492e,00-00001281,"Фильтр масленный ЗИЛ-5301,МАЗ-4370",,9b060c03-71d9-11e7-85a2-d43d7eec442d,false,false
Номенклатура — current,raw.r1c_nomenclature_current,5e6af4bc-9a43-11ec-9c42-00505689c8d9,00-00006279,"Фильтр масленный ЗИЛ-5301,МАЗ-4370 (дв ММЗ-260) с гайкой",,9b060c03-71d9-11e7-85a2-d43d7eec442d,false,false
Номенклатура — current,raw.r1c_nomenclature_current,66a3e2aa-1424-11ee-9c4e-00505689ff45,00-00008248,Фильтр масленный КАМАЗ F16015 WK950/26 CLMMNS2992242,,9b060c03-71d9-11e7-85a2-d43d7eec442d,false,false
Номенклатура — current,raw.r1c_nomenclature_current,b47009a2-cfcd-11ee-9c4c-005056893620,00-00010192,Фильтр масленный МАЗ ЯМЗ E3 (ОС-121/146),,9b060c03-71d9-11e7-85a2-d43d7eec442d,false,false
Номенклатура — current,raw.r1c_nomenclature_current,dd77d9de-876f-11ee-9c4a-005056893620,00-00009819,Фильтр масленный МАЗ ЯМЗ E4,,9b060c03-71d9-11e7-85a2-d43d7eec442d,false,false
Номенклатура — current,raw.r1c_nomenclature_current,70e5746e-bfd3-11eb-c69d-fa163e0d31f7,БП-00004065,Фильтр масленный С5811,,9b060c03-71d9-11e7-85a2-d43d7eec442d,false,false
Номенклатура — current,raw.r1c_nomenclature_current,9486d0a2-34e8-11ed-9c43-cb6d75bb653b,00-00007184,Фильтр масленный СAZ,,9b060c03-71d9-11e7-85a2-d43d7eec442d,false,false
Номенклатура — current,raw.r1c_nomenclature_current,4a799498-8f5c-11ea-9529-30f7727a492e,00-00002588,Фильтр масленный гидросистемы DIFA 5305,,9b060c03-71d9-11e7-85a2-d43d7eec442d,false,false
Номенклатура — current,raw.r1c_nomenclature_current,beb0b162-1021-11ee-9c4e-00505689ff45,00-00008203,Фильтр масленный дв.406,,9b060c03-71d9-11e7-85a2-d43d7eec442d,false,false
Номенклатура — current,raw.r1c_nomenclature_current,06b66302-623e-11ec-9c40-00505689c8d9,АК-00005827,Фильтр масленный для насоса V0063C/V0100,,9b060c03-71d9-11e7-85a2-d43d7eec442d,false,false
Номенклатура — current,raw.r1c_nomenclature_current,145aecda-a211-11ed-9c4c-00505689ff45,00-00007597,Фильтр масленный для насоса V0063C/V01100,,9b060c03-71d9-11e7-85a2-d43d7eec442d,false,false
Номенклатура — current,raw.r1c_nomenclature_current,773f5147-f8bc-11ee-9c4c-005056893620,00-00010424,"Фильтр масляный (860113016/D17-002-02/D17-002-02+B/C18AB-1R0658+B, JX1023)",,9b060c03-71d9-11e7-85a2-d43d7eec442d,false,false
Номенклатура — current,raw.r1c_nomenclature_current,86396515-e4d4-11ed-9c4e-00505689ff45,00-00007819,Фильтр масляный 836679586,,9b060c03-71d9-11e7-85a2-d43d7eec442d,false,false
Номенклатура — current,raw.r1c_nomenclature_current,28fbbd2c-d809-11eb-d199-fa163e0d31f7,БП-00004319,Фильтр масляный DIFA 5101/1 ,,9b060c03-71d9-11e7-85a2-d43d7eec442d,false,false
Номенклатура — current,raw.r1c_nomenclature_current,8d45dcd6-088c-11ef-9c4f-005056893620,00-00010450,Фильтр масляный VO CH230 (84-87),,9b060c03-71d9-11e7-85a2-d43d7eec442d,false,false
Номенклатура — current,raw.r1c_nomenclature_current,4bcb4f62-4581-11ee-9c4e-00505689ff45,00-00009381,Фильтр масляный МАЗ  ЯМЗ ЕЗ (ОС-121/146)650-1012075,,9b060c03-71d9-11e7-85a2-d43d7eec442d,false,false
Номенклатура — current,raw.r1c_nomenclature_current,c82d3eb4-0c2d-11ee-9c4e-00505689ff45,00-00008143,Фильтр масляный МАЗ ЯМЗ ЕЗ ОС-121/146,,9b060c03-71d9-11e7-85a2-d43d7eec442d,false,false
Номенклатура — current,raw.r1c_nomenclature_current,92a68286-14eb-11ed-9c43-cb6d75bb653b,00-00006843,Фильтр масляный для Фишбейн 100,,9b060c03-71d9-11e7-85a2-d43d7eec442d,false,false
Номенклатура — current,raw.r1c_nomenclature_current,425cbb06-3ac8-11eb-dc8d-fa163e0d31f7,БП-00003402,Фильтр масляный для Фишбейн100,,9b060c03-71d9-11e7-85a2-d43d7eec442d,false,false
Номенклатура — current,raw.r1c_nomenclature_current,ef6021a5-1422-11ee-9c4e-00505689ff45,00-00008244,Фильтр масляный магистральный ТО 18.28,,9b060c03-71d9-11e7-85a2-d43d7eec442d,false,false
Номенклатура — current,raw.r1c_nomenclature_current,49d8ef48-d629-11ec-9c42-00505689c8d9,00-00006539,Фильтр масляный с-1903,,9b060c03-71d9-11e7-85a2-d43d7eec442d,false,false
Номенклатура — current,raw.r1c_nomenclature_current,4af6261e-4a44-11f1-b821-005056bde474,00-00014208,Фильтр осушитель кондиционера МТЗ-1523,,45c9e202-0a37-11f0-b80e-005056bde474,false,false
Номенклатура — current,raw.r1c_nomenclature_current,ab259d78-7e73-11ee-9c4a-005056893620,00-00009753,Фильтр очистки воды,,f0e4c260-a130-11e8-af4c-30f7727a492e,false,false
Номенклатура — current,raw.r1c_nomenclature_current,831bbc91-2f0a-11ef-9c59-00505689ff45,00-00010650,Фильтр распылителя сито-нержав сталь 80 меш  8079-РР-80,,9b060c03-71d9-11e7-85a2-d43d7eec442d,false,false
Номенклатура — current,raw.r1c_nomenclature_current,5ffcefc2-41b8-11ee-9c4e-00505689ff45,00-00009223,Фильтр салона 214 ,,9b060c03-71d9-11e7-85a2-d43d7eec442d,false,false
Номенклатура — current,raw.r1c_nomenclature_current,fdeb8c9c-0e68-11ee-9c4e-00505689ff45,00-00008151,Фильтр салона GB-9950 для ГАЗ-3302,,9b060c03-71d9-11e7-85a2-d43d7eec442d,false,false
Номенклатура — current,raw.r1c_nomenclature_current,b32b61a5-807a-11ea-9528-30f7727a492e,00-00002562,Фильтр салонный ,,9b060c03-71d9-11e7-85a2-d43d7eec442d,false,false
Номенклатура — current,raw.r1c_nomenclature_current,a73b923c-c7cf-11e9-af79-30f7727a492e,00-00001935,Фильтр салонный  FS127,,9b060c03-71d9-11e7-85a2-d43d7eec442d,false,false
Номенклатура — current,raw.r1c_nomenclature_current,716113d9-284b-11ed-9c43-cb6d75bb653b,00-00007104,Фильтр салонный 2121,,9b060c03-71d9-11e7-85a2-d43d7eec442d,false,false
Номенклатура — current,raw.r1c_nomenclature_current,3425e209-f253-11e9-80ee-d43d7ec071d4,00-00002114,Фильтр салонный 97133-4L000,,9b060c03-71d9-11e7-85a2-d43d7eec442d,false,false
Номенклатура — current,raw.r1c_nomenclature_current,01280302-c4df-11ea-9291-fa163ee5d2f9,БП-00002856,Фильтр салонный Action,,9b060c03-71d9-11e7-85a2-d43d7eec442d,false,false
Номенклатура — current,raw.r1c_nomenclature_current,d3bf9268-25d9-11ed-9c43-cb6d75bb653b,00-00007080,Фильтр салонный BIG БТЗ,,9b060c03-71d9-11e7-85a2-d43d7eec442d,false,false
Номенклатура — current,raw.r1c_nomenclature_current,0f4b1048-088d-11ef-9c4f-005056893620,00-00010452,Фильтр салонный NF6003C,,9b060c03-71d9-11e7-85a2-d43d7eec442d,false,false
Номенклатура — current,raw.r1c_nomenclature_current,9a8774ed-f8ee-11ef-b80e-005056bde474,00-00011715,Фильтр салонный Renault logan,,9b060c03-71d9-11e7-85a2-d43d7eec442d,false,false
Номенклатура — current,raw.r1c_nomenclature_current,d6c84301-1429-11ee-9c4e-00505689ff45,00-00008251,"Фильтр салонный ВАЗ 2123,1118 TSN9722/GB9831",,9b060c03-71d9-11e7-85a2-d43d7eec442d,false,false
Номенклатура — current,raw.r1c_nomenclature_current,c6d41868-2994-11f0-b80e-005056bde474,00-00012064,Фильтр салонный ГАЗ 3302,,20296b06-0a38-11f0-b80e-005056bde474,false,false
Номенклатура — current,raw.r1c_nomenclature_current,82fb8c5f-0886-11ef-9c4f-005056893620,00-00010446,"Фильтр салонный Газель Бизнес дв 2,8",,9b060c03-71d9-11e7-85a2-d43d7eec442d,false,false
Номенклатура — current,raw.r1c_nomenclature_current,0b20eb13-73bd-11f1-b822-005056bde474,00-00014552,Фильтр салонный ЭФВ К-744 ,,45c9e202-0a37-11f0-b80e-005056bde474,false,false
Номенклатура — current,raw.r1c_nomenclature_current,90b751c8-1967-11ed-9c43-cb6d75bb653b,00-00006971,Фильтр сапуна SA12567 ,,9b060c03-71d9-11e7-85a2-d43d7eec442d,false,false
Номенклатура — current,raw.r1c_nomenclature_current,651cbc28-abca-11ef-9c5e-00505689ff45,00-00011407,Фильтр сетчатый 40 вн/нар 300мкм,,9088eead-75dc-11e7-af18-30f7727a492e,false,false
Номенклатура — current,raw.r1c_nomenclature_current,d33131c3-088c-11ef-9c4f-005056893620,00-00010451,Фильтр сменный 000931100817.01,,9b060c03-71d9-11e7-85a2-d43d7eec442d,false,false
Номенклатура — current,raw.r1c_nomenclature_current,cb16be2f-1424-11ef-9c4f-005056893620,00-00010528,Фильтр тонкой очистки 3/4 внутр 3/4 внеш с елочкой 20,,9b060c03-71d9-11e7-85a2-d43d7eec442d,false,false
Номенклатура — current,raw.r1c_nomenclature_current,b2630709-94ee-11ea-9529-30f7727a492e,00-00002604,Фильтр тонкой очистки воды (60 микрон),,de1714af-8a12-11e7-af1d-30f7727a492e,false,false
Номенклатура — current,raw.r1c_nomenclature_current,2200c20d-dc06-11e8-af56-30f7727a492e,00-00001321,Фильтр тонкой очистки дизельный,,9b060c03-71d9-11e7-85a2-d43d7eec442d,false,false
Номенклатура — current,raw.r1c_nomenclature_current,b380da4d-2c29-11f1-b81f-005056bde474,00-00013897,Фильтр топл. КАМАЗ FF5485 WK950/21,,45c9e202-0a37-11f0-b80e-005056bde474,false,false
Номенклатура — current,raw.r1c_nomenclature_current,1f15e05d-7886-11e7-af18-30f7727a492e,00-00000128,Фильтр топливный,,9b060c03-71d9-11e7-85a2-d43d7eec442d,false,false
Номенклатура — current,raw.r1c_nomenclature_current,4f51c9d1-2ba1-11ec-b9a9-00505689914b,АК-00005484,"Фильтр топливный ""Mfilter"" DF 3522, аналог WK 940/16 x",,9b060c03-71d9-11e7-85a2-d43d7eec442d,false,false
Номенклатура — current,raw.r1c_nomenclature_current,879445ad-41b8-11ee-9c4e-00505689ff45,00-00009224,Фильтр топливный 08,,9b060c03-71d9-11e7-85a2-d43d7eec442d,false,false
Номенклатура — current,raw.r1c_nomenclature_current,e5b95d20-284b-11ed-9c43-cb6d75bb653b,00-00007107,Фильтр топливный 2121,,9b060c03-71d9-11e7-85a2-d43d7eec442d,false,false
Номенклатура — current,raw.r1c_nomenclature_current,dc85732b-1025-11ee-9c4e-00505689ff45,00-00008214,Фильтр топливный 214,,9b060c03-71d9-11e7-85a2-d43d7eec442d,false,false
Номенклатура — current,raw.r1c_nomenclature_current,d1ed6c04-284b-11ed-9c43-cb6d75bb653b,00-00007106,Фильтр топливный 3302,,9b060c03-71d9-11e7-85a2-d43d7eec442d,false,false
Номенклатура — current,raw.r1c_nomenclature_current,7586fbf4-7408-11ee-9c4a-005056893620,00-00009703,Фильтр топливный 638.002 802A+BAN,,9b060c03-71d9-11e7-85a2-d43d7eec442d,false,false
Номенклатура — current,raw.r1c_nomenclature_current,b3ff8413-e4d4-11ed-9c4e-00505689ff45,00-00007820,Фильтр топливный 836867591 оригинал,,9b060c03-71d9-11e7-85a2-d43d7eec442d,false,false
Номенклатура — current,raw.r1c_nomenclature_current,9a11eb62-ddb9-11ed-9c4e-00505689ff45,00-00007761,Фильтр топливный 836867591/P551434,,9b060c03-71d9-11e7-85a2-d43d7eec442d,false,false
Номенклатура — current,raw.r1c_nomenclature_current,e5dbe46d-e4d4-11ed-9c4e-00505689ff45,00-00007821,Фильтр топливный 836867595 оригинал,,9b060c03-71d9-11e7-85a2-d43d7eec442d,false,false
Номенклатура — current,raw.r1c_nomenclature_current,bc0014c6-f8bc-11ee-9c4c-005056893620,00-00010425,Фильтр топливный D00-305-02+BAN ,,9b060c03-71d9-11e7-85a2-d43d7eec442d,false,false
Номенклатура — current,raw.r1c_nomenclature_current,c9952cdc-25d8-11ed-9c43-cb6d75bb653b,00-00007076,Фильтр топливный DIFA (БТЗ),,9b060c03-71d9-11e7-85a2-d43d7eec442d,false,false
Номенклатура — current,raw.r1c_nomenclature_current,4a799497-8f5c-11ea-9529-30f7727a492e,00-00002587,Фильтр топливный DIFA 6302 ЕКО-306,,9b060c03-71d9-11e7-85a2-d43d7eec442d,false,false
Номенклатура — current,raw.r1c_nomenclature_current,a460b1ac-0c38-11ee-9c4e-00505689ff45,00-00008145,Фильтр топливный EKO-03.35 (Камаз) Евро2PL-270),,9b060c03-71d9-11e7-85a2-d43d7eec442d,false,false
Номенклатура — current,raw.r1c_nomenclature_current,699fb54a-7397-11ec-9c40-00505689c8d9,АК-00005985,Фильтр топливный Filtron PP 852 (WK 940/11x),,9b060c03-71d9-11e7-85a2-d43d7eec442d,false,false
Номенклатура — current,raw.r1c_nomenclature_current,1cefbcfe-2995-11f0-b80e-005056bde474,00-00012066,Фильтр топливный GB-334,,20296b06-0a38-11f0-b80e-005056bde474,false,false
Номенклатура — current,raw.r1c_nomenclature_current,b3064d28-3539-11ef-9c59-00505689ff45,00-00010676,Фильтр топливный N378886 JLI,,9b060c03-71d9-11e7-85a2-d43d7eec442d,false,false
Номенклатура — current,raw.r1c_nomenclature_current,a33375f6-5f71-11ea-9525-30f7727a492e,00-00002500,Фильтр топливный NANN,,9b060c03-71d9-11e7-85a2-d43d7eec442d,false,false
Номенклатура — current,raw.r1c_nomenclature_current,1c74d532-0c2c-11f1-b81f-005056bde474,00-00013756,Фильтр топливный RE522878AN (P551422;TFS4111;ST20101),,45c9e202-0a37-11f0-b80e-005056bde474,false,false
Номенклатура — current,raw.r1c_nomenclature_current,a1e6714e-73f8-11ee-9c4a-005056893620,00-00009702,Фильтр топливный S000022297+02AN,,9b060c03-71d9-11e7-85a2-d43d7eec442d,false,false
Номенклатура — current,raw.r1c_nomenclature_current,a1af996d-8770-11ee-9c4a-005056893620,00-00009821,Фильтр топливный VCLVO KC-24/RL61.41BA07,,9b060c03-71d9-11e7-85a2-d43d7eec442d,false,false
Номенклатура — current,raw.r1c_nomenclature_current,b8ed67f9-1e18-11f1-b81f-005056bde474,00-00013858,Фильтр топливный Yuchai L6500-1105140,,45c9e202-0a37-11f0-b80e-005056bde474,false,false
Номенклатура — current,raw.r1c_nomenclature_current,ff41e7a5-b0dd-11e8-af4e-30f7727a492e,00-00001159,Фильтр топливный ZP526F,,9b060c03-71d9-11e7-85a2-d43d7eec442d,false,false
Номенклатура — current,raw.r1c_nomenclature_current,02b7d00d-ddba-11ed-9c4e-00505689ff45,00-00007762,Фильтр топливный jcb P551425,,9b060c03-71d9-11e7-85a2-d43d7eec442d,false,false
Номенклатура — current,raw.r1c_nomenclature_current,e7509094-60d0-11ed-9c43-00505689cfb8,00-00007379,Фильтр топливный ВАЗ-2101-09тонкой очистки (с отстойником) НЕВСКИЙ,,9b060c03-71d9-11e7-85a2-d43d7eec442d,false,false
Номенклатура — current,raw.r1c_nomenclature_current,471dd013-25d9-11ed-9c43-cb6d75bb653b,00-00007078,Фильтр топливный ДВС YANZ(БТЗ),,9b060c03-71d9-11e7-85a2-d43d7eec442d,false,false
Номенклатура — current,raw.r1c_nomenclature_current,da80265e-0e7e-11ee-9c4e-00505689ff45,00-00008174,Фильтр топливный Е-4 МАЗ WDK962/ЯМЗ-5340-1117075/ОС4,,9b060c03-71d9-11e7-85a2-d43d7eec442d,false,false
Номенклатура — current,raw.r1c_nomenclature_current,a4ee5629-753f-11e9-af6d-30f7727a492e,00-00001588,"Фильтр топливный ЗИЛ-5301,МТЗ тонкой очистки",,9b060c03-71d9-11e7-85a2-d43d7eec442d,false,false
Номенклатура — current,raw.r1c_nomenclature_current,441af68c-0c2e-11ee-9c4e-00505689ff45,00-00008144,Фильтр топливный МАЗ Е 4 WDK962/1 ЯМЗ-5340-1117075/OC40,,9b060c03-71d9-11e7-85a2-d43d7eec442d,false,false
Номенклатура — current,raw.r1c_nomenclature_current,54b3a328-a48e-11ee-9c4c-005056893620,00-00010007,Фильтр топливный МАЗ Евро- ЯМЗ-650-1117039/MMF035181,,9b060c03-71d9-11e7-85a2-d43d7eec442d,false,false
Номенклатура — current,raw.r1c_nomenclature_current,25481015-cfcd-11ee-9c4c-005056893620,00-00010190,"Фильтр топливный МАЗ ФТ047,FG-1066.8.9193",,9b060c03-71d9-11e7-85a2-d43d7eec442d,false,false
Номенклатура — current,raw.r1c_nomenclature_current,851ab633-1ddc-11e8-af31-30f7727a492e,00-00000692,Фильтр топливный ЮМЗ.СМД,,9b060c03-71d9-11e7-85a2-d43d7eec442d,false,false
Номенклатура — current,raw.r1c_nomenclature_current,430c9c8b-7a98-11ec-9c41-00505689c8d9,АК-00006019,Фильтр топливный водосепаратор FS 19962,,9b060c03-71d9-11e7-85a2-d43d7eec442d,false,false
Номенклатура — current,raw.r1c_nomenclature_current,08e7d89f-0e75-11ee-9c4e-00505689ff45,00-00008172,Фильтр топливный груб.очистки дизель TSN9 3.25 GB 613,,9b060c03-71d9-11e7-85a2-d43d7eec442d,false,false
Номенклатура — current,raw.r1c_nomenclature_current,6a62948e-e971-11e8-af5a-30f7727a492e,00-00001350,Фильтр топливный грубой очистки ,,9b060c03-71d9-11e7-85a2-d43d7eec442d,false,false
Номенклатура — current,raw.r1c_nomenclature_current,88a3fcfc-8eba-11ea-9529-30f7727a492e,00-00002575,Фильтр топливный дополнительный,,9b060c03-71d9-11e7-85a2-d43d7eec442d,false,false
Номенклатура — current,raw.r1c_nomenclature_current,88a3fcfd-8eba-11ea-9529-30f7727a492e,00-00002576,Фильтр топливный основной,,9b060c03-71d9-11e7-85a2-d43d7eec442d,false,false
Номенклатура — current,raw.r1c_nomenclature_current,09e64b61-25d9-11ed-9c43-cb6d75bb653b,00-00007077,Фильтр топливный сепаратор MANN PL270 (БТЗ),,9b060c03-71d9-11e7-85a2-d43d7eec442d,false,false
Номенклатура — current,raw.r1c_nomenclature_current,b08bbc2c-aa1c-11ea-bf8d-fa163ee5d2f9,БП-00002737,Фильтр топливный тонкой очистки ,,9b060c03-71d9-11e7-85a2-d43d7eec442d,false,false
Номенклатура — current,raw.r1c_nomenclature_current,7802adca-bf01-11eb-1998-fa163e0d31f7,БП-00004036,Фильтр топливный тонкой очистки DIFA 6101 ,,9b060c03-71d9-11e7-85a2-d43d7eec442d,false,false
Номенклатура — current,raw.r1c_nomenclature_current,bd5d1802-d80a-11eb-d199-fa163e0d31f7,БП-00004323,Фильтр топливный тонкой очистки DIFA 6301,,9b060c03-71d9-11e7-85a2-d43d7eec442d,false,false
Номенклатура — current,raw.r1c_nomenclature_current,e2e0e93a-fff8-11eb-9c3a-00505689ff45,АК-00003928,Фильтр форсунки 24 ячеек ZF090,,9b060c03-71d9-11e7-85a2-d43d7eec442d,false,false
Номенклатура — current,raw.r1c_nomenclature_current,d4087b9f-e180-11ec-9c42-00505689c8d9,00-00006580,Фильтр форсунки 50м,,9b060c03-71d9-11e7-85a2-d43d7eec442d,false,false
Номенклатура — current,raw.r1c_nomenclature_current,d82fc643-dafc-11ee-9c4c-005056893620,00-00010245,Фильтр элемент главный TG1204.11H.1.1 ,,9b060c03-71d9-11e7-85a2-d43d7eec442d,false,false
Номенклатура — current,raw.r1c_nomenclature_current,0d015673-c2aa-11ef-9c5f-00505689ff45,00-00011519,"Фильтр, запасной элемент ",,9b060c03-71d9-11e7-85a2-d43d7eec442d,false,false
Номенклатура — current,raw.r1c_nomenclature_current,b407c392-d823-11eb-d199-fa163e0d31f7,БП-00004343,"Фильтр,запасной элемент",,9b060c03-71d9-11e7-85a2-d43d7eec442d,false,false
Номенклатура — current,raw.r1c_nomenclature_current,2ca6a5f2-2852-11ed-9c43-cb6d75bb653b,00-00007113,Фильтр-колба магистральный 1/2,,9b060c02-71d9-11e7-85a2-d43d7eec442d,false,false
Номенклатура — current,raw.r1c_nomenclature_current,5e1f3e44-d1b0-11f0-b81e-005056bde474,00-00013022,Фильтр-сепаратор ГОТ PL270 с колбой,,45c9e202-0a37-11f0-b80e-005056bde474,false,false
Номенклатура — current,raw.r1c_nomenclature_current,43480395-7a97-11ec-9c41-00505689c8d9,АК-00006018,Фильтр-элемент воздушный вторичный AF 25491,,9b060c03-71d9-11e7-85a2-d43d7eec442d,false,false
Номенклатура — current,raw.r1c_nomenclature_current,d3414216-7a98-11ec-9c41-00505689c8d9,АК-00006021,Фильтр-элемент воздушный первичный AF 25964,,9b060c03-71d9-11e7-85a2-d43d7eec442d,false,false
Номенклатура — current,raw.r1c_nomenclature_current,038134ad-1964-11ed-9c43-cb6d75bb653b,00-00006963,Фильтрующий элемент ,,9b060c03-71d9-11e7-85a2-d43d7eec442d,false,false
Номенклатура — current,raw.r1c_nomenclature_current,811795f6-4bd9-11ed-9c43-cb6d75bb653b,00-00007282,Фильтрующий элемент  RE522878,,45c9e202-0a37-11f0-b80e-005056bde474,false,false
Номенклатура — current,raw.r1c_nomenclature_current,2e6d5168-856e-11ee-9c4a-005056893620,00-00009805,Фильтрующий элемент  RE522878 JLI,,9b060c03-71d9-11e7-85a2-d43d7eec442d,false,false
Номенклатура — current,raw.r1c_nomenclature_current,5dc9e5b5-4bd9-11ed-9c43-cb6d75bb653b,00-00007281,Фильтрующий элемент  RE541922 JLI,,45c9e202-0a37-11f0-b80e-005056bde474,false,false
Номенклатура — current,raw.r1c_nomenclature_current,42c0f529-8783-11ee-9c4a-005056893620,00-00009838,Фильтрующий элемент  RE62419- JLI,,9b060c03-71d9-11e7-85a2-d43d7eec442d,false,false
Номенклатура — current,raw.r1c_nomenclature_current,85fc1257-8783-11ee-9c4a-005056893620,00-00009839,Фильтрующий элемент  АТ225339- JLI,,9b060c03-71d9-11e7-85a2-d43d7eec442d,false,false
Номенклатура — current,raw.r1c_nomenclature_current,f9ed76ee-cfb8-11f0-b81e-005056bde474,00-00013015,Фильтрующий элемент АТ225338,,45c9e202-0a37-11f0-b80e-005056bde474,false,false
Номенклатура — current,raw.r1c_nomenclature_current,3abe6e49-cfb9-11f0-b81e-005056bde474,00-00013016,Фильтрующий элемент АТ225339,,45c9e202-0a37-11f0-b80e-005056bde474,false,false
Номенклатура — current,raw.r1c_nomenclature_current,d7e06d91-1e18-11f1-b81f-005056bde474,00-00013859,Фильтрующий элемент водомасляного сепаратора D00-305-02,,45c9e202-0a37-11f0-b80e-005056bde474,false,false
Номенклатура — current,raw.r1c_nomenclature_current,a031456a-088d-11ef-9c4f-005056893620,00-00010454,Фильтрующий элемент воздушный Р603665,,9b060c03-71d9-11e7-85a2-d43d7eec442d,false,false
Номенклатура — current,raw.r1c_nomenclature_current,667351b3-088d-11ef-9c4f-005056893620,00-00010453,Фильтрующий элемент воздушный Р608121,,9b060c03-71d9-11e7-85a2-d43d7eec442d,false,false
Номенклатура — current,raw.r1c_nomenclature_current,4a799499-8f5c-11ea-9529-30f7727a492e,00-00002589,Фильтрующий элемент очистки воздуха DIFA 4318,,9b060c03-71d9-11e7-85a2-d43d7eec442d,false,false
Номенклатура — current,raw.r1c_nomenclature_current,4a79949a-8f5c-11ea-9529-30f7727a492e,00-00002590,Фильтрующий элемент очистки воздуха DIFA 4318-01,,9b060c03-71d9-11e7-85a2-d43d7eec442d,false,false
Номенклатура — current,raw.r1c_nomenclature_current,abe14078-d80d-11eb-d199-fa163e0d31f7,БП-00004337,Фильтрующий элемент очистки воздуха DIFA 4343М,,9b060c03-71d9-11e7-85a2-d43d7eec442d,false,false
Номенклатура — current,raw.r1c_nomenclature_current,83753284-d80d-11eb-d199-fa163e0d31f7,БП-00004336,Фильтрующий элемент очистки масла DIFA 5303М,,9b060c03-71d9-11e7-85a2-d43d7eec442d,false,false
Номенклатура — current,raw.r1c_nomenclature_current,cf35a565-ab9d-11ed-9c4d-00505689ff45,00-00007631,Фитинг,,9be0daf4-2e34-11eb-288c-fa163e0d31f7,false,false
Номенклатура — current,raw.r1c_nomenclature_current,da71cc1e-b55e-11ea-a083-fa163ee5d2f9,БП-00002834,Фитинг  DN 06 BANJO 12*1.5  CST арт.804705,,9088eead-75dc-11e7-af18-30f7727a492e,false,false
Номенклатура — current,raw.r1c_nomenclature_current,b46fdc40-b55e-11ea-a083-fa163ee5d2f9,БП-00002833,Фитинг  DN 06 BANJO 14*1.5  CST арт.804706,,9b060c03-71d9-11e7-85a2-d43d7eec442d,false,false
Номенклатура — current,raw.r1c_nomenclature_current,f7adb52c-b55e-11ea-a083-fa163ee5d2f9,БП-00002835,Фитинг  DN 06 BANJO 16*1.5  CST арт.804707,,9088eead-75dc-11e7-af18-30f7727a492e,false,false
Номенклатура — current,raw.r1c_nomenclature_current,84d91638-b55c-11ea-a083-fa163ee5d2f9,БП-00002820,Фитинг  DN 06 DKM (Г) 12*1.5  CST арт.803502,,9088eead-75dc-11e7-af18-30f7727a492e,false,false
Номенклатура — current,raw.r1c_nomenclature_current,7a6984e8-b55d-11ea-a083-fa163ee5d2f9,БП-00002827,Фитинг  DN 06 DKM (Г) 12*1.5 (90) CST арт.803702,,9088eead-75dc-11e7-af18-30f7727a492e,false,false
Номенклатура — current,raw.r1c_nomenclature_current,0099d2d6-50ae-11ee-9c4e-00505689ff45,00-00009496,Фитинг  DN 06 DKM(Г) 18*1.5 12 CST арт.803505,,9088eead-75dc-11e7-af18-30f7727a492e,false,false
Номенклатура — current,raw.r1c_nomenclature_current,39f4e3f2-bef4-11eb-1998-fa163e0d31f7,БП-00004023,Фитинг  DN 06 DKO-L(Г) 14*1.5 8 CST арт.801006,,9b060c03-71d9-11e7-85a2-d43d7eec442d,false,false
Номенклатура — current,raw.r1c_nomenclature_current,ee30cc68-b55a-11ea-a083-fa163ee5d2f9,БП-00002813,Фитинг  DN 06 DKO-L(Г) 16*1.5 10 CST арт.801008,,9088eead-75dc-11e7-af18-30f7727a492e,false,false
Номенклатура — current,raw.r1c_nomenclature_current,11c48df4-b55b-11ea-a083-fa163ee5d2f9,БП-00002814,Фитинг  DN 06 DKO-L(Г) 18*1.5 12 CST арт.801010,,9088eead-75dc-11e7-af18-30f7727a492e,false,false
Номенклатура — current,raw.r1c_nomenclature_current,f30e912d-50ae-11ee-9c4e-00505689ff45,00-00009498,Фитинг  DN 08 DK  (Г) 18*1.5 накидная гайка PRM арт 20111-18-05Т-РМ,,9088eead-75dc-11e7-af18-30f7727a492e,false,false
Номенклатура — current,raw.r1c_nomenclature_current,a46cffbe-b55c-11ea-a083-fa163ee5d2f9,БП-00002821,Фитинг  DN 08 DKM (Г) 16*1.5  CST арт.803507,,9088eead-75dc-11e7-af18-30f7727a492e,false,false
Номенклатура — current,raw.r1c_nomenclature_current,a0937778-b55d-11ea-a083-fa163ee5d2f9,БП-00002828,Фитинг  DN 08 DKM (Г) 16*1.5 (90) CST арт.803707,,9088eead-75dc-11e7-af18-30f7727a492e,false,false
Номенклатура — current,raw.r1c_nomenclature_current,70d3576e-bef4-11eb-1998-fa163e0d31f7,БП-00004024,Фитинг  DN 08 DKO-L(Г) 16*1.5 10 CST арт.801012,,9b060c03-71d9-11e7-85a2-d43d7eec442d,false,false
Номенклатура — current,raw.r1c_nomenclature_current,38f271fc-b55b-11ea-a083-fa163ee5d2f9,БП-00002815,Фитинг  DN 08 DKO-L(Г) 18*1.5 12 CST арт.801014,,9088eead-75dc-11e7-af18-30f7727a492e,false,false
Номенклатура — current,raw.r1c_nomenclature_current,eba0274b-50b1-11ee-9c4e-00505689ff45,00-00009502,Фитинг  DN 10 DK  (Г) 20*1.5 (90)накидная гайка PRM арт 20191-20-06Т-РМ,,9088eead-75dc-11e7-af18-30f7727a492e,false,false
Номенклатура — current,raw.r1c_nomenclature_current,cef58e00-50b0-11ee-9c4e-00505689ff45,00-00009499,Фитинг  DN 10 DK  (Г) 20*1.5 накидная гайка PRM арт 20111-20-06Т-РМ,,9088eead-75dc-11e7-af18-30f7727a492e,false,false
Номенклатура — current,raw.r1c_nomenclature_current,c540da44-b55c-11ea-a083-fa163ee5d2f9,БП-00002822,Фитинг  DN 10 DKM (Г) 14*1.5  CST арт.803509,,9088eead-75dc-11e7-af18-30f7727a492e,false,false
Номенклатура — current,raw.r1c_nomenclature_current,ed786932-b55c-11ea-a083-fa163ee5d2f9,БП-00002823,Фитинг  DN 10 DKM (Г) 16*1.5  CST арт.803510,,9088eead-75dc-11e7-af18-30f7727a492e,false,false
Номенклатура — current,raw.r1c_nomenclature_current,c84d7048-b55d-11ea-a083-fa163ee5d2f9,БП-00002829,Фитинг  DN 10 DKM (Г) 16*1.5 (90) CST арт.803710,,9088eead-75dc-11e7-af18-30f7727a492e,false,false
Номенклатура — current,raw.r1c_nomenclature_current,0c363e12-b55d-11ea-a083-fa163ee5d2f9,БП-00002824,Фитинг  DN 10 DKM (Г) 20*1.5  CST арт.803512,,9088eead-75dc-11e7-af18-30f7727a492e,false,false
Номенклатура — current,raw.r1c_nomenclature_current,cf69ac79-17e7-11ed-9c43-cb6d75bb653b,00-00006898,Фитинг  DN 10 DKO S (Г) 20*1.5 12 CST арт.801017,,9b060c03-71d9-11e7-85a2-d43d7eec442d,false,false
Номенклатура — current,raw.r1c_nomenclature_current,a07bedfa-bef4-11eb-1998-fa163e0d31f7,БП-00004025,Фитинг  DN 10 DKO-L(Г) 18*1.5 12 CST арт.801016,,9b060c03-71d9-11e7-85a2-d43d7eec442d,false,false
Номенклатура — current,raw.r1c_nomenclature_current,27122b44-bef6-11eb-1998-fa163e0d31f7,БП-00004028,Фитинг  DN 10 DKO-L(Г) 18*1.5 12(90) CST арт.801116,,9b060c03-71d9-11e7-85a2-d43d7eec442d,false,false
Номенклатура — current,raw.r1c_nomenclature_current,71a27e70-b55b-11ea-a083-fa163ee5d2f9,БП-00002816,Фитинг  DN 10 DKO-S (Г) 20*1.5 12 CST арт.801017,,9b060c03-71d9-11e7-85a2-d43d7eec442d,false,false
Номенклатура — current,raw.r1c_nomenclature_current,62b13dfd-50b2-11ee-9c4e-00505689ff45,00-00009503,Фитинг  DN 10 DKO-S (Г) 20*1.5 12 PRM арт 20511-20-06Т-РМ,,9088eead-75dc-11e7-af18-30f7727a492e,false,false
Номенклатура — current,raw.r1c_nomenclature_current,993989c8-50b2-11ee-9c4e-00505689ff45,00-00009504,Фитинг  DN 10 DKO-S (Г) 20*1.5 12(90) PRM арт 20591-20-06Т-РМ,,9088eead-75dc-11e7-af18-30f7727a492e,false,false
Номенклатура — current,raw.r1c_nomenclature_current,5adbfee6-bef6-11eb-1998-fa163e0d31f7,БП-00004029,Фитинг  DN 10 DKO-S(Г) 20*1.5 12(90) CST арт.801117,,9b060c03-71d9-11e7-85a2-d43d7eec442d,false,false
Номенклатура — current,raw.r1c_nomenclature_current,27d0a1c8-50b1-11ee-9c4e-00505689ff45,00-00009500,Фитинг  DN 12 DK  (Г) 20*1.5 накидная гайка под ключ 24  PRM арт 20111-20-08Т-РМ,,9088eead-75dc-11e7-af18-30f7727a492e,false,false
Номенклатура — current,raw.r1c_nomenclature_current,039151e6-17ec-11ed-9c43-cb6d75bb653b,00-00006905,Фитинг  DN 12 DK  (Г) 22*1.5 (45)накидная гайка PRM арт 20141-22-08Т-РМ,,9b060c03-71d9-11e7-85a2-d43d7eec442d,false,false
Номенклатура — current,raw.r1c_nomenclature_current,c7780ec0-17ec-11ed-9c43-cb6d75bb653b,00-00006908,Фитинг  DN 12 DK  (Г) 22*1.5 (90)накидная гайка PRM арт 20191-22-08Т-РМ,,9b060c03-71d9-11e7-85a2-d43d7eec442d,false,false
Номенклатура — current,raw.r1c_nomenclature_current,001b611f-17ed-11ed-9c43-cb6d75bb653b,00-00006909,Фитинг  DN 12 DK  (Г) 22*1.5 (90)накидная гайка PRM арт 20191-24-08Т-РМ,,9b060c03-71d9-11e7-85a2-d43d7eec442d,false,false
Номенклатура — current,raw.r1c_nomenclature_current,4a6ae7e2-17eb-11ed-9c43-cb6d75bb653b,00-00006902,Фитинг  DN 12 DK  (Г) 22*1.5 накидная гайка PRM арт 20111-22-08Т-РМ,,9b060c03-71d9-11e7-85a2-d43d7eec442d,false,false
Номенклатура — current,raw.r1c_nomenclature_current,2ab64350-b55d-11ea-a083-fa163ee5d2f9,БП-00002825,Фитинг  DN 12 DKM (Г) 18*1.5  CST арт.803514,,9088eead-75dc-11e7-af18-30f7727a492e,false,false
Номенклатура — current,raw.r1c_nomenclature_current,ee4df830-b55d-11ea-a083-fa163ee5d2f9,БП-00002830,Фитинг  DN 12 DKM (Г) 18*1.5 (90) CST арт.803714,,9088eead-75dc-11e7-af18-30f7727a492e,false,false
Номенклатура — current,raw.r1c_nomenclature_current,460cfffe-b55d-11ea-a083-fa163ee5d2f9,БП-00002826,Фитинг  DN 12 DKM (Г) 20*1.5  CST арт.803515,,9088eead-75dc-11e7-af18-30f7727a492e,false,false
Номенклатура — current,raw.r1c_nomenclature_current,0d18fbd4-b55e-11ea-a083-fa163ee5d2f9,БП-00002831,Фитинг  DN 12 DKM (Г) 20*1.5 (90) CST арт.803715,,9088eead-75dc-11e7-af18-30f7727a492e,false,false
Номенклатура — current,raw.r1c_nomenclature_current,299cbb10-b55e-11ea-a083-fa163ee5d2f9,БП-00002832,Фитинг  DN 12 DKM (Г) 22*1.5 (90) CST арт.803716,,9088eead-75dc-11e7-af18-30f7727a492e,false,false
Номенклатура — current,raw.r1c_nomenclature_current,5b0cd816-50ae-11ee-9c4e-00505689ff45,00-00009497,Фитинг  DN 12 DKM(Г) 20*1.5 90 CST арт.803715,,9088eead-75dc-11e7-af18-30f7727a492e,false,false
Номенклатура — current,raw.r1c_nomenclature_current,4b6536d3-17ee-11ed-9c43-cb6d75bb653b,00-00006913,Фитинг  DN 12 DKO S  (Г) 24*1.5 16 (90) PRM арт 20591-24-08Т-РМ,,9b060c03-71d9-11e7-85a2-d43d7eec442d,false,false
Номенклатура — current,raw.r1c_nomenclature_current,9ec782ba-b55b-11ea-a083-fa163ee5d2f9,БП-00002817,Фитинг  DN 12 DKO-L(Г) 22*1.5 22 CST арт.801021,,9b060c03-71d9-11e7-85a2-d43d7eec442d,false,false
Номенклатура — current,raw.r1c_nomenclature_current,eed6e070-b55b-11ea-a083-fa163ee5d2f9,БП-00002819,Фитинг  DN 12 DKO-L(Г) 26*1.5 18 CST арт.801023,,9088eead-75dc-11e7-af18-30f7727a492e,false,false
Номенклатура — current,raw.r1c_nomenclature_current,b1985709-17ed-11ed-9c43-cb6d75bb653b,00-00006911,Фитинг  DN 12 DKO-S  (Г) 22*1.5 14 накидная гайка PRM арт 20511-22-08Т-РМ,,9b060c03-71d9-11e7-85a2-d43d7eec442d,false,false
Номенклатура — current,raw.r1c_nomenclature_current,c98a587e-b55b-11ea-a083-fa163ee5d2f9,БП-00002818,Фитинг  DN 12 DKO-S (Г) 24*1.5 16 CST арт.801022,,9b060c03-71d9-11e7-85a2-d43d7eec442d,false,false
Номенклатура — current,raw.r1c_nomenclature_current,87c8d2f8-bef6-11eb-1998-fa163e0d31f7,БП-00004030,Фитинг  DN 12 DKO-S(Г) 24*1.5 16(90) CST арт.801122,,9b060c03-71d9-11e7-85a2-d43d7eec442d,false,false
Номенклатура — current,raw.r1c_nomenclature_current,56e3589f-17ec-11ed-9c43-cb6d75bb653b,00-00006906,Фитинг  DN 16 DK  (Г) 27*1.5 (45)накидная гайка PRM арт 20141-27-10Т-РМ,,9b060c03-71d9-11e7-85a2-d43d7eec442d,false,false
Номенклатура — current,raw.r1c_nomenclature_current,81689fa6-50b1-11ee-9c4e-00505689ff45,00-00009501,Фитинг  DN 16 DK  (Г) 27*1.5 накидная гайка  PRM арт 20111-27-10Т-РМ,,9088eead-75dc-11e7-af18-30f7727a492e,false,false
Номенклатура — current,raw.r1c_nomenclature_current,80056de4-17eb-11ed-9c43-cb6d75bb653b,00-00006903,Фитинг  DN 16 DK  (Г) 27*1.5 накидная гайка PRM арт 20111-27-10Т-РМ,,9b060c03-71d9-11e7-85a2-d43d7eec442d,false,false
Номенклатура — current,raw.r1c_nomenclature_current,0bde8230-bef8-11eb-1998-fa163e0d31f7,БП-00004031,Фитинг  DN 16 DKO-L(Г) 26*1.5 18 (90)CST арт.801124,,9b060c03-71d9-11e7-85a2-d43d7eec442d,false,false
Номенклатура — current,raw.r1c_nomenclature_current,8a54b43e-bef5-11eb-1998-fa163e0d31f7,БП-00004026,Фитинг  DN 16 DKO-L(Г) 26*1.5 18 CST арт.801024,,9b060c03-71d9-11e7-85a2-d43d7eec442d,false,false
Номенклатура — current,raw.r1c_nomenclature_current,fa4a2a8c-17ed-11ed-9c43-cb6d75bb653b,00-00006912,Фитинг  DN 16 DKO-S  (Г) 30*2 20  PRM арт 20511-30-10Т-РМ,,9b060c03-71d9-11e7-85a2-d43d7eec442d,false,false
Номенклатура — current,raw.r1c_nomenclature_current,d7625cfe-bef5-11eb-1998-fa163e0d31f7,БП-00004027,"Фитинг  DN 16 DKO-S(Г) 30*2,20 CST арт.801025",,9b060c03-71d9-11e7-85a2-d43d7eec442d,false,false
Номенклатура — current,raw.r1c_nomenclature_current,96cce04e-17ec-11ed-9c43-cb6d75bb653b,00-00006907,Фитинг  DN 20 DK  (Г) 30*1.5 (45)накидная гайка PRM арт 20141-30-12Т-РМ,,9b060c03-71d9-11e7-85a2-d43d7eec442d,false,false
Номенклатура — current,raw.r1c_nomenclature_current,3e3e7de1-17ed-11ed-9c43-cb6d75bb653b,00-00006910,"Фитинг  DN 20 DK  (Г) 30*1.5 (90 )накидная гайка PRM арт 20191-30*1,5-12Т-РМ",,9b060c03-71d9-11e7-85a2-d43d7eec442d,false,false
Номенклатура — current,raw.r1c_nomenclature_current,be09fc4e-17eb-11ed-9c43-cb6d75bb653b,00-00006904,"Фитинг  DN 20 DK  (Г) 30*1.5 накидная гайка PRM арт 20111-30*1,5-12Т-РМ",,9b060c03-71d9-11e7-85a2-d43d7eec442d,false,false
Номенклатура — current,raw.r1c_nomenclature_current,c9c7adb7-aba9-11ed-9c4d-00505689ff45,00-00007637,"Фитинг 2""х90 ",,9be0daf4-2e34-11eb-288c-fa163e0d31f7,false,false
Номенклатура — current,raw.r1c_nomenclature_current,66f8fcf0-be89-11ee-9c4c-005056893620,00-00010095,"Фитинг BSP 1/2"" DN=16",,9b060c03-71d9-11e7-85a2-d43d7eec442d,false,false
Номенклатура — current,raw.r1c_nomenclature_current,e0aefa79-60f4-11ee-9c50-00505689ff45,00-00009608,Фитинг DN 06 DKF (Г) 22*1.5 ,,9088eead-75dc-11e7-af18-30f7727a492e,false,false
Номенклатура — current,raw.r1c_nomenclature_current,66185134-5b73-11ee-9c4f-00505689ff45,00-00009569,Фитинг DN 12 DKOL 18*1.5 ,,9088eead-75dc-11e7-af18-30f7727a492e,false,false
Номенклатура — current,raw.r1c_nomenclature_current,3b7effc2-7906-11f1-b822-005056bde474,00-00014572,Фитинг DN0.8 DKOS(Г) 20*1.5 ,,4d637874-4ea0-11f1-b821-005056bde474,false,false
Номенклатура — current,raw.r1c_nomenclature_current,96899a27-63ec-11f0-b811-005056bde474,00-00012550,Фитинг DN06 DK(Г) 16*1.5 ,,45c9e202-0a37-11f0-b80e-005056bde474,false,false
Номенклатура — current,raw.r1c_nomenclature_current,dd782e1b-65f1-11f0-b811-005056bde474,00-00012552,Фитинг DN06 DKOS(Г) 14*1.5 ,,45c9e202-0a37-11f0-b80e-005056bde474,false,false
Номенклатура — current,raw.r1c_nomenclature_current,c10b71a0-65f1-11f0-b811-005056bde474,00-00012551,Фитинг DN06 DKOS(Г) 16*1.5 ,,45c9e202-0a37-11f0-b80e-005056bde474,false,false
Номенклатура — current,raw.r1c_nomenclature_current,1a712c78-63ec-11f0-b811-005056bde474,00-00012549,Фитинг DN08 BANJO 16,,45c9e202-0a37-11f0-b80e-005056bde474,false,false
Номенклатура — current,raw.r1c_nomenclature_current,06cfea74-65f2-11f0-b811-005056bde474,00-00012553,Фитинг DN08 DK(Г) 16*1.5 ,,45c9e202-0a37-11f0-b80e-005056bde474,false,false
Номенклатура — current,raw.r1c_nomenclature_current,81e5a691-65f2-11f0-b811-005056bde474,00-00012555,Фитинг DN08 DK(Г) 18*1.5 ,,45c9e202-0a37-11f0-b80e-005056bde474,false,false
Номенклатура — current,raw.r1c_nomenclature_current,36c46398-65f2-11f0-b811-005056bde474,00-00012554,Фитинг DN08 DKOS(Г) 16*1.5 ,,45c9e202-0a37-11f0-b80e-005056bde474,false,false
Номенклатура — current,raw.r1c_nomenclature_current,b475661e-65f2-11f0-b811-005056bde474,00-00012556,Фитинг DN08 DKOS(Г) 18*1.5 ,,45c9e202-0a37-11f0-b80e-005056bde474,false,false
Номенклатура — current,raw.r1c_nomenclature_current,d02d0dc6-65f2-11f0-b811-005056bde474,00-00012557,Фитинг DN10 DK(Г) 16*1.5 ,,45c9e202-0a37-11f0-b80e-005056bde474,false,false
Номенклатура — current,raw.r1c_nomenclature_current,fd1bb935-65f2-11f0-b811-005056bde474,00-00012558,Фитинг DN10 DK(Г) 20*1.5 ,,45c9e202-0a37-11f0-b80e-005056bde474,false,false
Номенклатура — current,raw.r1c_nomenclature_current,80ed1dd6-7906-11f1-b822-005056bde474,00-00014573,Фитинг DN10 DKI 18*1.5 ,,4d637874-4ea0-11f1-b821-005056bde474,false,false
Номенклатура — current,raw.r1c_nomenclature_current,f4e3332f-7906-11f1-b822-005056bde474,00-00014574,Фитинг DN10 DKI 18*1.5(90) ,,4d637874-4ea0-11f1-b821-005056bde474,false,false
Номенклатура — current,raw.r1c_nomenclature_current,e1f741ca-7908-11f1-b822-005056bde474,00-00014576,Фитинг DN10 DKOL 22*1.5(90) ,,4d637874-4ea0-11f1-b821-005056bde474,false,false
Номенклатура — current,raw.r1c_nomenclature_current,1cdd89a2-65f3-11f0-b811-005056bde474,00-00012559,Фитинг DN16 DK(Г) 27*1.5 ,,45c9e202-0a37-11f0-b80e-005056bde474,false,false
Номенклатура — current,raw.r1c_nomenclature_current,45ff0441-65f3-11f0-b811-005056bde474,00-00012560,Фитинг DN16 DK(Г) 27*1.5(45),,45c9e202-0a37-11f0-b80e-005056bde474,false,false
Номенклатура — current,raw.r1c_nomenclature_current,441ee7ba-69ef-11eb-159e-fa163e0d31f7,БП-00003711,Фитинг дросель 6М5,,9b060c03-71d9-11e7-85a2-d43d7eec442d,false,false
Номенклатура — current,raw.r1c_nomenclature_current,8530f174-5d35-11ee-9c4f-00505689ff45,00-00009594,Фитинг ремонтный  для капельной ленты ,,3d287ad3-5d34-11ee-9c4f-00505689ff45,false,false
Номенклатура — current,raw.r1c_nomenclature_current,ad2da26a-3421-11ed-9c43-cb6d75bb653b,00-00007171,Фитинг стальной RC-U07020 ,,9b060c03-71d9-11e7-85a2-d43d7eec442d,false,false
Номенклатура — current,raw.r1c_nomenclature_current,35f0b377-2e94-11e9-af63-30f7727a492e,00-00001471,Фитинг тройник ф 8,,9b060c03-71d9-11e7-85a2-d43d7eec442d,false,false
Номенклатура — current,raw.r1c_nomenclature_current,fd228b72-14e8-11ed-9c43-cb6d75bb653b,00-00006837,Фитинг цанговый угловой поворотный наружный резьба G1/8 под трубку 8мм,,9b060c03-71d9-11e7-85a2-d43d7eec442d,false,false
Номенклатура — current,raw.r1c_nomenclature_current,7d15b757-2b1d-11f0-b80e-005056bde474,00-00012176,Фитинг_,,45c9e202-0a37-11f0-b80e-005056bde474,false,false
Номенклатура — current,raw.r1c_nomenclature_current,4ea6d600-565a-11eb-1f84-fa163e0d31f7,БП-00003585,Фитинги для пластика,,9be0daf4-2e34-11eb-288c-fa163e0d31f7,false,false
Номенклатура — current,raw.r1c_nomenclature_current,a59b0e58-567e-11eb-1f84-fa163e0d31f7,БП-00003628,Фитинги для пластиковых труб,,9be0daf4-2e34-11eb-288c-fa163e0d31f7,false,false
Номенклатура — current,raw.r1c_nomenclature_current,64169a04-5658-11eb-1f84-fa163e0d31f7,БП-00003582,"Фитинги,подвотка  для насоса",,9be0daf4-2e34-11eb-288c-fa163e0d31f7,false,false
Номенклатура — current,raw.r1c_nomenclature_current,4cdcc9c8-86c8-11ed-9c4c-00505689ff45,00-00007543,Фито светильник,,20e031f3-0a37-11f0-b80e-005056bde474,false,false
Номенклатура — current,raw.r1c_nomenclature_current,e4c213f7-f524-11eb-9c3a-00505689ff45,АК-00003781,Фитоверм 045-01-191-1 Инсектицид,,f9d67774-531d-11f0-b811-005056bde474,false,false
Номенклатура — current,raw.r1c_nomenclature_current,e4c213f8-f524-11eb-9c3a-00505689ff45,АК-00003782,Фитоверм 045-01-193-1 Инсектицид,,f9d67774-531d-11f0-b811-005056bde474,false,false
Номенклатура — current,raw.r1c_nomenclature_current,e4c213f9-f524-11eb-9c3a-00505689ff45,АК-00003783,Фитоверм 112-01-379-1 Инсектицид,,f9d67774-531d-11f0-b811-005056bde474,false,false
Номенклатура — current,raw.r1c_nomenclature_current,e4c213fa-f524-11eb-9c3a-00505689ff45,АК-00003784,Фитоверм М Инсектицид,,f9d67774-531d-11f0-b811-005056bde474,false,false
Номенклатура — current,raw.r1c_nomenclature_current,e4c213fb-f524-11eb-9c3a-00505689ff45,АК-00003785,Фитоверм Форте Инсектицид,,f9d67774-531d-11f0-b811-005056bde474,false,false
Номенклатура — current,raw.r1c_nomenclature_current,e4c213fc-f524-11eb-9c3a-00505689ff45,АК-00003786,Фитозан Инсектицид,,f9d67774-531d-11f0-b811-005056bde474,false,false
Номенклатура — current,raw.r1c_nomenclature_current,e4c213fd-f524-11eb-9c3a-00505689ff45,АК-00003787,Фитолавин Инсектицид,,2eaeac4d-5322-11f0-b811-005056bde474,false,false
Номенклатура — current,raw.r1c_nomenclature_current,e4c213fe-f524-11eb-9c3a-00505689ff45,АК-00003788,Фитолекарь Инсектицид,,2eaeac4d-5322-11f0-b811-005056bde474,false,false
Номенклатура — current,raw.r1c_nomenclature_current,fb89a034-8ef4-11f0-b818-005056bde474,00-00012703,Фитопатологический анализ клубней картофеля,,2b7f4a61-094c-11f0-b80e-005056bde474,false,false
Номенклатура — current,raw.r1c_nomenclature_current,e4c213ff-f524-11eb-9c3a-00505689ff45,АК-00003789,Фитоспорин-М 1676-09-307-006-0-0-3-1 Инсектицид,,2eaeac4d-5322-11f0-b811-005056bde474,false,false
Номенклатура — current,raw.r1c_nomenclature_current,e4c21400-f524-11eb-9c3a-00505689ff45,АК-00003790,Фитоспорин-М 1677-09-307-006-0-0-3-1 Инсектицид,,2eaeac4d-5322-11f0-b811-005056bde474,false,false
Номенклатура — current,raw.r1c_nomenclature_current,e4c21401-f524-11eb-9c3a-00505689ff45,АК-00003791,Фитоспорин-М 1678-09-307-006-0-0-3-1 Инсектицид,,2eaeac4d-5322-11f0-b811-005056bde474,false,false
Номенклатура — current,raw.r1c_nomenclature_current,7de57441-1794-11ec-9c3a-00505689ff45,АК-00005051,Фитоспорин-М Ж Биофунгицид,,2eaeac4d-5322-11f0-b811-005056bde474,false,false
Номенклатура — current,raw.r1c_nomenclature_current,45cff92e-40bb-11ee-9c4e-00505689ff45,00-00009183,"Фламинго РС1  Сетка-домик 1,5кг. Без полива",,44afa757-6157-11eb-9c2d-0050560417d5,false,false
Номенклатура — current,raw.r1c_nomenclature_current,45cfdae5-40bb-11ee-9c4e-00505689ff45,00-00009182,"Фламинго РС1  Сетка-домик 1,5кг. Полив",,44afa757-6157-11eb-9c2d-0050560417d5,false,false
Номенклатура — current,raw.r1c_nomenclature_current,4c549f94-40bb-11ee-9c4e-00505689ff45,00-00009211,Фламинго РС1  Сетка-домик 2кг. Без полива,,44afa757-6157-11eb-9c2d-0050560417d5,false,false
Номенклатура — current,raw.r1c_nomenclature_current,4c241836-40bb-11ee-9c4e-00505689ff45,00-00009210,Фламинго РС1  Сетка-домик 2кг. Полив,,44afa757-6157-11eb-9c2d-0050560417d5,false,false
Номенклатура — current,raw.r1c_nomenclature_current,85ef4753-40ba-11ee-9c4e-00505689ff45,00-00008791,Фламинго РС1  очищенный в ву 1кг. Без полива,,b60b8b28-6156-11eb-9c2d-0050560417d5,false,false
Номенклатура — current,raw.r1c_nomenclature_current,85ef42ab-40ba-11ee-9c4e-00505689ff45,00-00008790,Фламинго РС1  очищенный в ву 1кг. Полив,,b60b8b28-6156-11eb-9c2d-0050560417d5,false,false
Номенклатура — current,raw.r1c_nomenclature_current,8badfc0f-40ba-11ee-9c4e-00505689ff45,00-00008819,Фламинго РС1  очищенный в ву 5кг. Без полива,,b60b8b28-6156-11eb-9c2d-0050560417d5,false,false
Номенклатура — current,raw.r1c_nomenclature_current,892b4c99-40ba-11ee-9c4e-00505689ff45,00-00008818,Фламинго РС1  очищенный в ву 5кг. Полив,,b60b8b28-6156-11eb-9c2d-0050560417d5,false,false
Номенклатура — current,raw.r1c_nomenclature_current,612071c1-40ba-11ee-9c4e-00505689ff45,00-00008735,"Фламинго РС1  пастеризованный 0,5кг. Без полива",,b60b8b28-6156-11eb-9c2d-0050560417d5,false,false
Номенклатура — current,raw.r1c_nomenclature_current,612071c0-40ba-11ee-9c4e-00505689ff45,00-00008734,"Фламинго РС1  пастеризованный 0,5кг. Полив",,b60b8b28-6156-11eb-9c2d-0050560417d5,false,false
Номенклатура — current,raw.r1c_nomenclature_current,ce9d6e64-40b9-11ee-9c4e-00505689ff45,00-00008595,Фламинго РС1  эконом  Сетка на рулоне 2.5кг. Без полива,,44afa757-6157-11eb-9c2d-0050560417d5,false,false
Номенклатура — current,raw.r1c_nomenclature_current,ce6dd7a9-40b9-11ee-9c4e-00505689ff45,00-00008594,Фламинго РС1  эконом  Сетка на рулоне 2.5кг. Полив,,44afa757-6157-11eb-9c2d-0050560417d5,false,false
Номенклатура — current,raw.r1c_nomenclature_current,d3596dba-40b9-11ee-9c4e-00505689ff45,00-00008623,Фламинго РС1  эконом  Сетка на рулоне 3кг. Без полива,,44afa757-6157-11eb-9c2d-0050560417d5,false,false
Номенклатура — current,raw.r1c_nomenclature_current,d2aea6d5-40b9-11ee-9c4e-00505689ff45,00-00008622,Фламинго РС1  эконом  Сетка на рулоне 3кг. Полив,,44afa757-6157-11eb-9c2d-0050560417d5,false,false
Номенклатура — current,raw.r1c_nomenclature_current,b44b3e2e-40ba-11ee-9c4e-00505689ff45,00-00008987,Фламинго РС1 грязный  Сетка на завязке 25кг. Без полива,,731f2b5d-6157-11eb-9c2d-0050560417d5,false,false
Номенклатура — current,raw.r1c_nomenclature_current,b44b3e2d-40ba-11ee-9c4e-00505689ff45,00-00008986,Фламинго РС1 грязный  Сетка на завязке 25кг. Полив,,731f2b5d-6157-11eb-9c2d-0050560417d5,false,false
Номенклатура — current,raw.r1c_nomenclature_current,ac68f199-40ba-11ee-9c4e-00505689ff45,00-00008931,Фламинго РС1 грязный  Сетка на рулоне 10кг. Без полива,,731f2b5d-6157-11eb-9c2d-0050560417d5,false,false
Номенклатура — current,raw.r1c_nomenclature_current,ac34a7b8-40ba-11ee-9c4e-00505689ff45,00-00008930,Фламинго РС1 грязный  Сетка на рулоне 10кг. Полив,,731f2b5d-6157-11eb-9c2d-0050560417d5,false,false
Номенклатура — current,raw.r1c_nomenclature_current,9ab63dd9-40ba-11ee-9c4e-00505689ff45,00-00008847,Фламинго РС1 грязный  Сетка на рулоне 2.5кг Без полива,,731f2b5d-6157-11eb-9c2d-0050560417d5,false,false
Номенклатура — current,raw.r1c_nomenclature_current,9a6dc915-40ba-11ee-9c4e-00505689ff45,00-00008846,Фламинго РС1 грязный  Сетка на рулоне 2.5кг Полив,,731f2b5d-6157-11eb-9c2d-0050560417d5,false,false
Номенклатура — current,raw.r1c_nomenclature_current,b194868e-40ba-11ee-9c4e-00505689ff45,00-00008959,Фламинго РС1 грязный  Сетка на рулоне 25кг. Без полива,,731f2b5d-6157-11eb-9c2d-0050560417d5,false,false
Номенклатура — current,raw.r1c_nomenclature_current,b15bb570-40ba-11ee-9c4e-00505689ff45,00-00008958,Фламинго РС1 грязный  Сетка на рулоне 25кг. Полив,,731f2b5d-6157-11eb-9c2d-0050560417d5,false,false
Номенклатура — current,raw.r1c_nomenclature_current,a03f19c3-40ba-11ee-9c4e-00505689ff45,00-00008875,Фламинго РС1 грязный  Сетка на рулоне 3кг. Без полива,,731f2b5d-6157-11eb-9c2d-0050560417d5,false,false
Номенклатура — current,raw.r1c_nomenclature_current,9fee78cf-40ba-11ee-9c4e-00505689ff45,00-00008874,Фламинго РС1 грязный  Сетка на рулоне 3кг. Полив,,731f2b5d-6157-11eb-9c2d-0050560417d5,false,false
Номенклатура — current,raw.r1c_nomenclature_current,a603c249-40ba-11ee-9c4e-00505689ff45,00-00008903,Фламинго РС1 грязный  Сетка на рулоне 5кг. Без полива,,731f2b5d-6157-11eb-9c2d-0050560417d5,false,false
Номенклатура — current,raw.r1c_nomenclature_current,a5aace5f-40ba-11ee-9c4e-00505689ff45,00-00008902,Фламинго РС1 грязный  Сетка на рулоне 5кг. Полив,,731f2b5d-6157-11eb-9c2d-0050560417d5,false,false
Номенклатура — current,raw.r1c_nomenclature_current,bdd6e7a8-40ba-11ee-9c4e-00505689ff45,00-00009015,Фламинго РС1 грязный  биг-бег 1000кг. Без полива,,731f2b5d-6157-11eb-9c2d-0050560417d5,false,false
Номенклатура — current,raw.r1c_nomenclature_current,bdd6dc43-40ba-11ee-9c4e-00505689ff45,00-00009014,Фламинго РС1 грязный  биг-бег 1000кг. Полив,,731f2b5d-6157-11eb-9c2d-0050560417d5,false,false
Номенклатура — current,raw.r1c_nomenclature_current,f0c37101-40ba-11ee-9c4e-00505689ff45,00-00009155,Фламинго РС1 мытый  Сетка на рулоне 2.5кг Без полива,,44afa757-6157-11eb-9c2d-0050560417d5,false,false
Номенклатура — current,raw.r1c_nomenclature_current,f0c37100-40ba-11ee-9c4e-00505689ff45,00-00009154,Фламинго РС1 мытый  Сетка на рулоне 2.5кг Полив,,44afa757-6157-11eb-9c2d-0050560417d5,false,false
Номенклатура — current,raw.r1c_nomenclature_current,efb9b90d-40ba-11ee-9c4e-00505689ff45,00-00009127,Фламинго РС1 мытый Биг-бег 1000кг. Без полива,,44afa757-6157-11eb-9c2d-0050560417d5,false,false
Номенклатура — current,raw.r1c_nomenclature_current,ef936214-40ba-11ee-9c4e-00505689ff45,00-00009126,Фламинго РС1 мытый Биг-бег 1000кг. Полив,,44afa757-6157-11eb-9c2d-0050560417d5,false,false
Номенклатура — current,raw.r1c_nomenclature_current,e475890c-40ba-11ee-9c4e-00505689ff45,00-00009099,Фламинго РС1 мытый Сетка 25кг. Без полива,,44afa757-6157-11eb-9c2d-0050560417d5,false,false
Номенклатура — current,raw.r1c_nomenclature_current,e475890b-40ba-11ee-9c4e-00505689ff45,00-00009098,Фламинго РС1 мытый Сетка 25кг. Полив,,44afa757-6157-11eb-9c2d-0050560417d5,false,false
Номенклатура — current,raw.r1c_nomenclature_current,df3b3211-40ba-11ee-9c4e-00505689ff45,00-00009043,"Фламинго РС1 мытый Сетка-домик 2,5кг. Без полива",,44afa757-6157-11eb-9c2d-0050560417d5,false,false
Номенклатура — current,raw.r1c_nomenclature_current,df07cf4c-40ba-11ee-9c4e-00505689ff45,00-00009042,"Фламинго РС1 мытый Сетка-домик 2,5кг. Полив",,44afa757-6157-11eb-9c2d-0050560417d5,false,false
Номенклатура — current,raw.r1c_nomenclature_current,e47580aa-40ba-11ee-9c4e-00505689ff45,00-00009071,Фламинго РС1 мытый Сетка-домик 3кг Без полива,,44afa757-6157-11eb-9c2d-0050560417d5,false,false
Номенклатура — current,raw.r1c_nomenclature_current,e3f0fd34-40ba-11ee-9c4e-00505689ff45,00-00009070,Фламинго РС1 мытый Сетка-домик 3кг Полив,,44afa757-6157-11eb-9c2d-0050560417d5,false,false
Номенклатура — current,raw.r1c_nomenclature_current,d63b5931-40b9-11ee-9c4e-00505689ff45,00-00008651,Фламинго РС1 семена  Сетка на рулоне 25кг. Без полива,,b60b8b28-6156-11eb-9c2d-0050560417d5,false,false
Номенклатура — current,raw.r1c_nomenclature_current,d63b5930-40b9-11ee-9c4e-00505689ff45,00-00008650,Фламинго РС1 семена  Сетка на рулоне 25кг. Полив,,b60b8b28-6156-11eb-9c2d-0050560417d5,false,false
Номенклатура — current,raw.r1c_nomenclature_current,749eec8a-40ba-11ee-9c4e-00505689ff45,00-00008763,"Фламинго РС1 семена  пастеризованный 0,5кг. Без полива",,b60b8b28-6156-11eb-9c2d-0050560417d5,false,false
Номенклатура — current,raw.r1c_nomenclature_current,74734a2a-40ba-11ee-9c4e-00505689ff45,00-00008762,"Фламинго РС1 семена  пастеризованный 0,5кг. Полив",,b60b8b28-6156-11eb-9c2d-0050560417d5,false,false
Номенклатура — current,raw.r1c_nomenclature_current,dc592400-40b9-11ee-9c4e-00505689ff45,00-00008679,Фламинго РС1 семена Сетка на завязке 25кг. Без полива,,b60b8b28-6156-11eb-9c2d-0050560417d5,false,false
Номенклатура — current,raw.r1c_nomenclature_current,dc33132e-40b9-11ee-9c4e-00505689ff45,00-00008678,Фламинго РС1 семена Сетка на завязке 25кг. Полив,,b60b8b28-6156-11eb-9c2d-0050560417d5,false,false
Номенклатура — current,raw.r1c_nomenclature_current,41f4b1e6-40ba-11ee-9c4e-00505689ff45,00-00008707,Фламинго РС1 семена биг-бег 1000кг. Без полива,,b60b8b28-6156-11eb-9c2d-0050560417d5,false,false
Номенклатура — current,raw.r1c_nomenclature_current,41b6356e-40ba-11ee-9c4e-00505689ff45,00-00008706,Фламинго РС1 семена биг-бег 1000кг. Полив,,b60b8b28-6156-11eb-9c2d-0050560417d5,false,false
Номенклатура — current,raw.r1c_nomenclature_current,68aa2e22-03c9-11f0-b80e-005056bde474,00-00011761,Фламинго РС2 (откалибров.картофель),,0996558d-0987-11f0-b80e-005056bde474,false,false
Номенклатура — current,raw.r1c_nomenclature_current,8bb60e8a-737c-11ef-9c5d-00505689ff45,00-00011033,Фламинго РС2 в ву 5кг. Полив,,d8e31aa9-0bd1-11f0-b80e-005056bde474,false,false
Номенклатура — current,raw.r1c_nomenclature_current,b62c4cfd-73fd-11ef-9c5d-00505689ff45,00-00011043,Фламинго РС2 мытый Сетка-домик 3кг Полив,,03e63608-4b80-11f0-b810-005056bde474,false,false
Номенклатура — current,raw.r1c_nomenclature_current,d5184984-2b4f-11f0-b80e-005056bde474,00-00012215,"ФламингоРС3 Красный Беби Мытый Сетка домик1,5 кг.",,03e63608-4b80-11f0-b810-005056bde474,false,true
Номенклатура — current,raw.r1c_nomenclature_current,81b1d017-2b53-11f0-b80e-005056bde474,00-00012222,ФламингоРС3 Красный Беби Мытый Сетка домик2 кг.,,03e63608-4b80-11f0-b810-005056bde474,false,true
Номенклатура — current,raw.r1c_nomenclature_current,dbc93c0d-2b55-11f0-b80e-005056bde474,00-00012231,ФламингоРС3 Красный Беби Мытый Сетка на рулоне25 кг.,,03e63608-4b80-11f0-b810-005056bde474,false,true
Номенклатура — current,raw.r1c_nomenclature_current,15e6f15a-2b40-11f0-b80e-005056bde474,00-00012205,ФламингоРС3 Красный Вакуумная упаковка5 кг.,,d8e31aa9-0bd1-11f0-b80e-005056bde474,false,false
Номенклатура — current,raw.r1c_nomenclature_current,b940babb-2f1a-11f0-b80e-005056bde474,00-00012300,ФламингоРС3 Красный Грязный  Биг-бэг1000 кг.,,13ef6ba2-4b80-11f0-b810-005056bde474,false,true
Номенклатура — current,raw.r1c_nomenclature_current,c0aa7d9c-2f10-11f0-b80e-005056bde474,00-00012272,"ФламингоРС3 Красный Грязный  Сетка на рулоне2,5 кг.",,13ef6ba2-4b80-11f0-b810-005056bde474,false,true
Номенклатура — current,raw.r1c_nomenclature_current,dafed31a-2e56-11f0-b80e-005056bde474,00-00012253,ФламингоРС3 Красный Грязный  Сетка на рулоне25 кг.,,13ef6ba2-4b80-11f0-b810-005056bde474,false,true
Номенклатура — current,raw.r1c_nomenclature_current,00876e3d-2f18-11f0-b80e-005056bde474,00-00012286,ФламингоРС3 Красный Грязный  Сетка на рулоне3 кг.,,13ef6ba2-4b80-11f0-b810-005056bde474,false,true
Номенклатура — current,raw.r1c_nomenclature_current,c2e08556-2f19-11f0-b80e-005056bde474,00-00012293,ФламингоРС3 Красный Грязный  Сетка на рулоне5 кг.,,13ef6ba2-4b80-11f0-b810-005056bde474,false,true
Номенклатура — current,raw.r1c_nomenclature_current,2eefa339-2f12-11f0-b80e-005056bde474,00-00012279,"ФламингоРС3 Красный Грязный 35-50 Сетка на рулоне2,5 кг.",,13ef6ba2-4b80-11f0-b810-005056bde474,false,true
Номенклатура — current,raw.r1c_nomenclature_current,1bbf0ed4-2bfe-11f0-b80e-005056bde474,00-00012239,"ФламингоРС3 Красный Мытый  Сетка домик2,5 кг.",,03e63608-4b80-11f0-b810-005056bde474,false,true
Номенклатура — current,raw.r1c_nomenclature_current,9068a990-2bfd-11f0-b80e-005056bde474,00-00012238,ФламингоРС3 Красный Мытый  Сетка домик3 кг.,,03e63608-4b80-11f0-b810-005056bde474,false,true
Номенклатура — current,raw.r1c_nomenclature_current,8ff29919-2c04-11f0-b80e-005056bde474,00-00012246,ФламингоРС3 Красный Мытый  Сетка на рулоне25 кг.,,03e63608-4b80-11f0-b810-005056bde474,false,true
Номенклатура — current,raw.r1c_nomenclature_current,3854b10b-378c-11ee-9c4e-00505689ff45,00-00008452,Фланец 52-1802078,,9b060c03-71d9-11e7-85a2-d43d7eec442d,false,false
Номенклатура — current,raw.r1c_nomenclature_current,3ebc60c3-c5b2-11ee-9c4c-005056893620,00-00010120,"Фланец 71 В5 (160мм) х045,050,202А,403А 211,311,Х228,238,Х43А,503С.FA43",,9b060c03-71d9-11e7-85a2-d43d7eec442d,false,false
Номенклатура — current,raw.r1c_nomenclature_current,2940cc0c-3636-11eb-e19b-fa163e0d31f7,БП-00003378,Фланец МТЗ опоры промежуточной БЗТДиА,,9b060c03-71d9-11e7-85a2-d43d7eec442d,false,false
Номенклатура — current,raw.r1c_nomenclature_current,d2aed06f-038c-11ea-951d-30f7727a492e,00-00002182,Фланец МТЗ редуктора конечной передачи моста переднего ИПНФ,,9b060c03-71d9-11e7-85a2-d43d7eec442d,false,false
Номенклатура — current,raw.r1c_nomenclature_current,2407fdd6-80c8-11ef-9c5d-00505689ff45,00-00011191,Фланец НШ-32 на РВД 24,,9b060c03-71d9-11e7-85a2-d43d7eec442d,false,false
Номенклатура — current,raw.r1c_nomenclature_current,8510c5b2-d12e-11e9-af7a-30f7727a492e,00-00001962,Фланец-вилка 700 22 01 011 карданного вала,,9b060c03-71d9-11e7-85a2-d43d7eec442d,false,false
Номенклатура — current,raw.r1c_nomenclature_current,4f35f46a-e5c2-11ec-9c42-00505689c8d9,00-00006636,Фланцевый подшипник (201.06533),,9b060c03-71d9-11e7-85a2-d43d7eec442d,false,false
Номенклатура — current,raw.r1c_nomenclature_current,1dfcf4d7-6b2f-11ed-9c4d-00505689c8d9,00-00007424,Фланцевый ролик 75,,9b060c03-71d9-11e7-85a2-d43d7eec442d,false,false
Номенклатура — current,raw.r1c_nomenclature_current,0ac282c8-84ae-11ef-9c5d-00505689ff45,00-00011266,Флеш-память Promera Jet 8 GB,,9088ee8b-75dc-11e7-af18-30f7727a492e,false,false
Номенклатура — current,raw.r1c_nomenclature_current,abf7cc17-39bf-11ea-9523-30f7727a492e,00-00002419,Флеш-память Silcon Power Marvel MO1 16GB blue,,9088ee8b-75dc-11e7-af18-30f7727a492e,false,false
Номенклатура — current,raw.r1c_nomenclature_current,617b5e85-9945-11e7-a3d3-94de80168a80,00-00000327,"Флешка USB FLASH 2,0",,9088ee8b-75dc-11e7-af18-30f7727a492e,false,false
Номенклатура — current,raw.r1c_nomenclature_current,e4c21402-f524-11eb-9c3a-00505689ff45,АК-00003792,Флинт Инсектицид,,2eaeac4d-5322-11f0-b811-005056bde474,false,false
Номенклатура — current,raw.r1c_nomenclature_current,9387b21c-a5aa-11ef-9c5e-00505689ff45,00-00011354,"Флиппер 220,240,260 (170*508) (6,7-20)н",,9b060c02-71d9-11e7-85a2-d43d7eec442d,false,false
Номенклатура — current,raw.r1c_nomenclature_current,e4c21403-f524-11eb-9c3a-00505689ff45,АК-00003793,Флуафол Инсектицид,,2eaeac4d-5322-11f0-b811-005056bde474,false,false
Номенклатура — current,raw.r1c_nomenclature_current,e4c21404-f524-11eb-9c3a-00505689ff45,АК-00003794,Флудимакс Инсектицид,,668204c4-5324-11f0-b811-005056bde474,false,false
Номенклатура — current,raw.r1c_nomenclature_current,e4c21405-f524-11eb-9c3a-00505689ff45,АК-00003795,Флуплант Инсектицид,,2eaeac4d-5322-11f0-b811-005056bde474,false,false
Номенклатура — current,raw.r1c_nomenclature_current,e4c21406-f524-11eb-9c3a-00505689ff45,АК-00003796,Флуцит Инсектицид,,2eaeac4d-5322-11f0-b811-005056bde474,false,false
Номенклатура — current,raw.r1c_nomenclature_current,9b060caa-71d9-11e7-85a2-d43d7eec442d,00000086   ,Флэш накопитель,,ce412305-0a38-11f0-b80e-005056bde474,false,false
Номенклатура — current,raw.r1c_nomenclature_current,12391f80-a2b9-11f0-b81d-005056bde474,00-00012856,"Флюс для пайки , ЛТИ-120, 30 мл, с кисточкой, флакон",,52800251-7295-11f0-b814-005056bde474,false,false
Номенклатура — current,raw.r1c_nomenclature_current,21ca8899-f7d2-11ec-9c42-89a3dcc9992a,00-00006718,Флюс для пайки СКФ спирто-канифольный 30мл,,9b060c02-71d9-11e7-85a2-d43d7eec442d,false,false
Номенклатура — current,raw.r1c_nomenclature_current,e4c21407-f524-11eb-9c3a-00505689ff45,АК-00003797,Фолиант Инсектицид,,2eaeac4d-5322-11f0-b811-005056bde474,false,false
Номенклатура — current,raw.r1c_nomenclature_current,e4c21408-f524-11eb-9c3a-00505689ff45,АК-00003798,Фоликур Инсектицид,,2eaeac4d-5322-11f0-b811-005056bde474,false,false
Номенклатура — current,raw.r1c_nomenclature_current,e4c21409-f524-11eb-9c3a-00505689ff45,АК-00003799,Фолинор Инсектицид,,2eaeac4d-5322-11f0-b811-005056bde474,false,false
Номенклатура — current,raw.r1c_nomenclature_current,87d90747-ec94-11e7-a3ff-94de80168a80,00-00000605,Фонарик светодиодный противоударный,,f0e4c260-a130-11e8-af4c-30f7727a492e,false,false
Номенклатура — current,raw.r1c_nomenclature_current,fcb4ab14-2c10-11f1-b81f-005056bde474,00-00013887,Фонарь 3703.3712 пер.тр. (нов.образ УК) 3713.3712,,45c9e202-0a37-11f0-b80e-005056bde474,false,false
Номенклатура — current,raw.r1c_nomenclature_current,45206364-cfca-11ee-9c4c-005056893620,00-00010187,"Фонарь 4802,3731 габаритный ГАЗ 3731-02",,9b060c03-71d9-11e7-85a2-d43d7eec442d,false,false
Номенклатура — current,raw.r1c_nomenclature_current,f116de25-5b0e-11f0-b811-005056bde474,00-00012502,Фонарь INGCO,,917ab634-0a38-11f0-b80e-005056bde474,false,false
Номенклатура — current,raw.r1c_nomenclature_current,e389d7b4-de3a-11f0-b81e-005056bde474,00-00013212,"Фонарь LH-700 ENOT PRO налобный/ручной ЯРКИЙ ЛУЧ OSRAM P9 700лм, 5реж., клипса/магнит, под акк 18650",,34aee2dc-7290-11f0-b814-005056bde474,false,false
Номенклатура — current,raw.r1c_nomenclature_current,6a0fac76-cfc9-11ee-9c4c-005056893620,00-00010184,Фонарь ФП116 задний (автобусы красн),,9b060c03-71d9-11e7-85a2-d43d7eec442d,false,false
Номенклатура — current,raw.r1c_nomenclature_current,135eead8-ca13-11eb-2782-fa163e0d31f7,БП-00004144,"Фонарь ФП132 задний УАЗ,ГАЗ",,9b060c03-71d9-11e7-85a2-d43d7eec442d,false,false
Номенклатура — current,raw.r1c_nomenclature_current,9c4dbfa8-ca0f-11eb-2782-fa163e0d31f7,БП-00004137,Фонарь ФП209 задний тракторный МК,,9b060c03-71d9-11e7-85a2-d43d7eec442d,false,false
Номенклатура — current,raw.r1c_nomenclature_current,92f8bdaf-849e-11ef-9c5d-00505689ff45,00-00011231,Фонарь ЭРА прожектор АЛЬФА (РА-602),,20e031f3-0a37-11f0-b80e-005056bde474,false,false
Номенклатура — current,raw.r1c_nomenclature_current,8684d1b8-af50-11eb-3192-fa163e0d31f7,БП-00003934,Фонарь аккумулятор. Космос,,f0e4c260-a130-11e8-af4c-30f7727a492e,false,false
Номенклатура — current,raw.r1c_nomenclature_current,d25e4d50-e53c-11ee-9c4c-005056893620,00-00010302,Фонарь аккумулятор. налобный LED53763 4вт черный ,,20e031f3-0a37-11f0-b80e-005056bde474,false,false
Номенклатура — current,raw.r1c_nomenclature_current,e0630523-d62c-11ec-9c42-00505689c8d9,00-00006543,"Фонарь габаритный ""slim"" 3 диода белый 12/24",,9b060c03-71d9-11e7-85a2-d43d7eec442d,false,false
Номенклатура — current,raw.r1c_nomenclature_current,9d251196-dcac-11ef-b80c-005056bde474,00-00011597,Фонарь габаритный 12/24В  оранж.,,20296b06-0a38-11f0-b80e-005056bde474,false,false
Номенклатура — current,raw.r1c_nomenclature_current,f18ae685-cfc9-11ee-9c4c-005056893620,00-00010186,Фонарь габаритный 24В 4462 3731-02,,9b060c03-71d9-11e7-85a2-d43d7eec442d,false,false
Номенклатура — current,raw.r1c_nomenclature_current,bfcbafb0-bde6-11eb-b480-fa163e0d31f7,БП-00003996,Фонарь габаритный Автобус передний 12v ОСВАР ПФ116,,9b060c03-71d9-11e7-85a2-d43d7eec442d,false,false
Номенклатура — current,raw.r1c_nomenclature_current,f29d9e3e-a8e1-11ec-9c42-00505689c8d9,00-00006401,Фонарь габаритный ПАЗ боковой герметичный 12v ОСВАР 4802.3731-02,,9b060c03-71d9-11e7-85a2-d43d7eec442d,false,false
Номенклатура — current,raw.r1c_nomenclature_current,1ba5d3c8-e678-11ed-9c4e-00505689ff45,00-00007853,Фонарь габаритный светодиодный ГФМ-6.3731,,9b060c03-71d9-11e7-85a2-d43d7eec442d,false,false
Номенклатура — current,raw.r1c_nomenclature_current,f7e5d866-f8ed-11ef-b80e-005056bde474,00-00011714,Фонарь заднего колеса для трактора John Deere,,9b060c03-71d9-11e7-85a2-d43d7eec442d,false,false
Номенклатура — current,raw.r1c_nomenclature_current,dd826f88-9886-11eb-9b81-fa163e0d31f7,БП-00003835,Фонарь задний Boxer,,9b060c03-71d9-11e7-85a2-d43d7eec442d,false,false
Номенклатура — current,raw.r1c_nomenclature_current,9597b5a6-c25a-11e9-af79-30f7727a492e,00-00001885,Фонарь задний CITROEN JUMPER,,9b060c03-71d9-11e7-85a2-d43d7eec442d,false,false
Номенклатура — current,raw.r1c_nomenclature_current,769f9cd1-1a22-11e9-af62-30f7727a492e,00-00001461,Фонарь задний MERCEDES W463 07-12,,9b060c03-71d9-11e7-85a2-d43d7eec442d,false,false
Номенклатура — current,raw.r1c_nomenclature_current,ff024f50-b232-11eb-6d90-fa163e0d31f7,БП-00003952,Фонарь задний Автобус стоп-сигнала 12V,,9b060c03-71d9-11e7-85a2-d43d7eec442d,false,false
Номенклатура — current,raw.r1c_nomenclature_current,a4ee562a-753f-11e9-af6d-30f7727a492e,00-00001589,"Фонарь задний КАМАЗ, МАЗ левый 24В",,9b060c03-71d9-11e7-85a2-d43d7eec442d,false,false
Номенклатура — current,raw.r1c_nomenclature_current,a4ee562b-753f-11e9-af6d-30f7727a492e,00-00001590,"Фонарь задний КАМАЗ, МАЗ правый 24В",,9b060c03-71d9-11e7-85a2-d43d7eec442d,false,false
Номенклатура — current,raw.r1c_nomenclature_current,29fee8ed-1534-11ec-9c3a-00505689ff45,АК-00004992,"Фонарь задний МТЗ 7303,3716 пластик РК",,9b060c03-71d9-11e7-85a2-d43d7eec442d,false,false
Номенклатура — current,raw.r1c_nomenclature_current,851ab62f-1ddc-11e8-af31-30f7727a492e,00-00000688,Фонарь задний МТЗ н/о,,9b060c03-71d9-11e7-85a2-d43d7eec442d,false,false
Номенклатура — current,raw.r1c_nomenclature_current,a5936cfe-80a3-11ef-9c5d-00505689ff45,00-00011167,"Фонарь задний прицепа, М-2335",,9b060c03-71d9-11e7-85a2-d43d7eec442d,false,false
Номенклатура — current,raw.r1c_nomenclature_current,aa93dfd6-af50-11eb-3192-fa163e0d31f7,БП-00003935,Фонарь кемпинг,,f0e4c260-a130-11e8-af4c-30f7727a492e,false,false
Номенклатура — current,raw.r1c_nomenclature_current,322518bc-4885-11ec-9c45-00505689c17d,АК-00005622,Фонарь маркерный 43.3731/431.3731 (12В/24В),,9b060c03-71d9-11e7-85a2-d43d7eec442d,false,false
Номенклатура — current,raw.r1c_nomenclature_current,87d90748-ec94-11e7-a3ff-94de80168a80,00-00000606,Фонарь наголовный,,9b060c03-71d9-11e7-85a2-d43d7eec442d,false,false
Номенклатура — current,raw.r1c_nomenclature_current,79a3810b-c607-11e8-af51-30f7727a492e,00-00001221,Фонарь налобный,,f0e4c260-a130-11e8-af4c-30f7727a492e,false,false
Номенклатура — current,raw.r1c_nomenclature_current,0885c760-ef2c-11f0-b81e-005056bde474,00-00013366,Фонарь налобный аккумуляторный светодиодный SА-650 ФОТОН,,917ab634-0a38-11f0-b80e-005056bde474,false,false
Номенклатура — current,raw.r1c_nomenclature_current,09192872-5a0b-11ef-9c59-00505689ff45,00-00010809,"Фонарь налобный светодиодный аккумуляторный 14REDs IP44, пластик, ТН2309 ",,20e031f3-0a37-11f0-b80e-005056bde474,false,false
Номенклатура — current,raw.r1c_nomenclature_current,3dcd8873-bc15-11ec-9c42-00505689c8d9,00-00006453,Фонарь освещения номерного знака,,20296b06-0a38-11f0-b80e-005056bde474,false,false
Номенклатура — current,raw.r1c_nomenclature_current,851ab62e-1ddc-11e8-af31-30f7727a492e,00-00000687,Фонарь передний МТЗ н/о,,9b060c03-71d9-11e7-85a2-d43d7eec442d,false,false
Номенклатура — current,raw.r1c_nomenclature_current,a4ee562c-753f-11e9-af6d-30f7727a492e,00-00001591,Фонарь подсветка номерного знака,,9b060c03-71d9-11e7-85a2-d43d7eec442d,false,false
Номенклатура — current,raw.r1c_nomenclature_current,ee43579c-dcac-11ef-b80c-005056bde474,00-00011598,Фонарь противотуманный УАЗ задний,,9b060c03-71d9-11e7-85a2-d43d7eec442d,false,false
Номенклатура — current,raw.r1c_nomenclature_current,0784947e-3e58-11ed-9c43-cb6d75bb653b,00-00007206,Фонарь ручной,,f0e4c260-a130-11e8-af4c-30f7727a492e,false,false
Номенклатура — current,raw.r1c_nomenclature_current,915fea74-1fbb-11ec-9c3a-00505689ff45,АК-00005274,Фонарь светодиодный,,20e031f3-0a37-11f0-b80e-005056bde474,false,false
Номенклатура — current,raw.r1c_nomenclature_current,932e2280-5acd-11ef-9c59-00505689ff45,00-00010874,Фонарь светодиодный на ПАЗ С211КЕ,,9b060c03-71d9-11e7-85a2-d43d7eec442d,false,false
Номенклатура — current,raw.r1c_nomenclature_current,55d7c2c7-46f9-11ec-9c45-00505689c17d,АК-00005606,Фонарь-прожектор светодиодный 100W 300м фокус алюм IP54 SBF SMARTBAY,,20e031f3-0a37-11f0-b80e-005056bde474,false,false
Номенклатура — current,raw.r1c_nomenclature_current,e4c2140a-f524-11eb-9c3a-00505689ff45,АК-00003800,Форис Инсектицид,,2eaeac4d-5322-11f0-b811-005056bde474,false,false
Номенклатура — current,raw.r1c_nomenclature_current,e4c2140b-f524-11eb-9c3a-00505689ff45,АК-00003801,Форпост Инсектицид,,2eaeac4d-5322-11f0-b811-005056bde474,false,false
Номенклатура — current,raw.r1c_nomenclature_current,e8f07efb-785b-11e8-af42-30f7727a492e,00-00000941,Форсунка ASJ SF 11005,,9b060c03-71d9-11e7-85a2-d43d7eec442d,false,false
Номенклатура — current,raw.r1c_nomenclature_current,14a57ebe-a3cd-11ee-9c4c-005056893620,00-00009995,Форсунка Д-240 (14.112010),,9b060c03-71d9-11e7-85a2-d43d7eec442d,false,false
Номенклатура — current,raw.r1c_nomenclature_current,37613b93-df83-11ee-9c4c-005056893620,00-00010250,"Форсунка ЯМЗ-534,536  ЕВРО-4 (аналог BOSCH 0445120178 АЗПИ А04-022-00-00-00)",,9b060c03-71d9-11e7-85a2-d43d7eec442d,false,false
Номенклатура — current,raw.r1c_nomenclature_current,046d39c1-f5fe-11f0-b81e-005056bde474,00-00013435,"Форсунка гидравлическая B1/8Q-LD-0.2-AD-PP-SS-Ceramic туман, серия Q-LD, угол 40-60 град., расход 5",,9b060c03-71d9-11e7-85a2-d43d7eec442d,false,false
Номенклатура — current,raw.r1c_nomenclature_current,ec75df28-b23c-11eb-6d90-fa163e0d31f7,БП-00003963,Форсунка керамическая 80град.,,9b060c03-71d9-11e7-85a2-d43d7eec442d,false,false
Номенклатура — current,raw.r1c_nomenclature_current,b47bf335-2285-11ef-9c58-00505689ff45,00-00010626,Форсунка распыляющая с углом,,9b060c03-71d9-11e7-85a2-d43d7eec442d,false,false
Номенклатура — current,raw.r1c_nomenclature_current,fc854790-a2d7-11ed-9c4c-00505689ff45,00-00007606,Форсунка с коническим отверстием керамическая,,9b060c03-71d9-11e7-85a2-d43d7eec442d,false,false
Номенклатура — current,raw.r1c_nomenclature_current,404eb604-eda2-11ec-9c42-89a3dcc9992a,00-00006695,Форсунка угловая комплект 12ед 200.75915,,9b060c03-71d9-11e7-85a2-d43d7eec442d,false,false
Номенклатура — current,raw.r1c_nomenclature_current,e4c2140c-f524-11eb-9c3a-00505689ff45,АК-00003802,Форус Инсектицид,,f9d67774-531d-11f0-b811-005056bde474,false,false
