category,source_table,object_id,object_code,original_name,full_name,parent_id,is_folder,deletion_mark
Номенклатура — исходный каталог,raw.catalog_номенклатура,8666467a-3377-11ea-9522-30f7727a492e,           ,,,00000000-0000-0000-0000-000000000000,false,false
Номенклатура — исходный каталог,raw.catalog_номенклатура,fe71382c-23c7-11ea-9522-30f7727a492e,           ,,,00000000-0000-0000-0000-000000000000,false,false
Номенклатура — исходный каталог,raw.catalog_номенклатура,7d84701b-f358-11eb-9c3a-00505689ff45,АК-00003322, NPKS 10.20.30.5, NPKS 10.20.30.5 ,ab24072a-3b94-11f0-b80e-005056bde474,false,false
Номенклатура — исходный каталог,raw.catalog_номенклатура,9acc4075-f358-11eb-9c3a-00505689ff45,АК-00003323, NPKS 5.15.30.5, NPKS 5.15.30.5 ,ab24072a-3b94-11f0-b80e-005056bde474,false,false
Номенклатура — исходный каталог,raw.catalog_номенклатура,c1dac89b-43d3-11ec-9c42-005056893491,АК-00005579," Право использования  ""1С Комплект поддержки"""," Право использования  ""1С Комплект поддержки""",1aeb232b-094c-11f0-b80e-005056bde474,false,false
Номенклатура — исходный каталог,raw.catalog_номенклатура,0207e42d-1597-11ea-9521-30f7727a492e,00-00002223," Право использования  ""1С Контрагент"",Система Главбух"," Право использования  ""1С Контрагент"",Система Главбух",1aeb232b-094c-11f0-b80e-005056bde474,false,false
Номенклатура — исходный каталог,raw.catalog_номенклатура,94f14f2c-fcc9-11ea-0b91-fa163ee5d2f9,БП-00003029, Право использования программы для ЭВМ Контур ED, Право использования программы для ЭВМ Контур ED,1aeb232b-094c-11f0-b80e-005056bde474,false,false
Номенклатура — исходный каталог,raw.catalog_номенклатура,d8249c5c-5f85-11ef-9c5c-00505689ff45,00-00010907, Право использования программы для ЭВМ Контур Доверенность, Право использования программы для ЭВМ Контур Доверенность,1aeb232b-094c-11f0-b80e-005056bde474,false,false
Номенклатура — исходный каталог,raw.catalog_номенклатура,76c7e01a-8815-11e9-af70-30f7727a492e,00-00001676," Право использования электронной подписи в системи ""1С подпись"""," Право использования электронной подписи в системи ""1С подпись""",1aeb232b-094c-11f0-b80e-005056bde474,false,false
Номенклатура — исходный каталог,raw.catalog_номенклатура,cab4790e-9251-11ec-9c42-00505689c8d9,00-00006230," Сендвич н.з.+н.м. 0,8 мм 300/200 1 метр (конденсат)"," Сендвич н.з.+н.м. 0,8 мм 300/200 1 метр (конденсат)",de1714af-8a12-11e7-af1d-30f7727a492e,false,false
Номенклатура — исходный каталог,raw.catalog_номенклатура,d310796c-7689-11eb-9c2e-0050560417d5,00-00003137,"(не использовать) Премиум картофель северное сияние 1 репродукции мытый сетка домик 1,5 кг","Премиум картофель северное сияние 1 репродукции мытый сетка домик 1,5 кг",a40e3031-6159-11eb-9c2d-0050560417d5,false,false
Номенклатура — исходный каталог,raw.catalog_номенклатура,f1d2ff9f-60a5-11eb-9c2d-0050560417d5,00-00002772,(не использовать) Чеснок Российский очищенный 1 кг,Чеснок Российский очищенный 1 кг,7e8851a2-6159-11eb-9c2d-0050560417d5,false,false
Номенклатура — исходный каталог,raw.catalog_номенклатура,af4817e9-60a5-11eb-9c2d-0050560417d5,00-00002771,(не использовать) Чеснок Российский сетка 25 кг,Чеснок Российский сетка 25 кг,6fc30193-6159-11eb-9c2d-0050560417d5,false,false
Номенклатура — исходный каталог,raw.catalog_номенклатура,7bcc636b-60a5-11eb-9c2d-0050560417d5,00-00002770,(не использовать) Чеснок Российский сетка-чулок 1 шт,Чеснок Российский сетка-чулок 1 шт,6fc30193-6159-11eb-9c2d-0050560417d5,false,false
Номенклатура — исходный каталог,raw.catalog_номенклатура,509970d2-2e5d-11eb-288c-fa163e0d31f7,БП-00003263,(не использовать)Наполнитель биг-бэгов NB-1,Наполнитель биг-бэгов NB-1,279c2c04-2e46-11eb-288c-fa163e0d31f7,false,false
Номенклатура — исходный каталог,raw.catalog_номенклатура,66c04461-60a6-11eb-9c2d-0050560417d5,00-00002773,"(не использовать)Премиум картофель северное сияние 1 репродукции мытый сетка домик 1,5 кг","Премиум картофель северное сияние 2 репродукции мытый сетка домик 1,5 кг",a40e3031-6159-11eb-9c2d-0050560417d5,false,false
Номенклатура — исходный каталог,raw.catalog_номенклатура,97e0c3a5-60a6-11eb-9c2d-0050560417d5,00-00002774,(не использовать)Премиум картофель северное сияние 1 репродукции мытый сетка домик 25 кг,Премиум картофель северное сияние 1 репродукции мытый сетка домик 25 кг,a40e3031-6159-11eb-9c2d-0050560417d5,false,false
Номенклатура — исходный каталог,raw.catalog_номенклатура,a44b7ebf-76a0-11eb-9c2e-0050560417d5,00-00003141,(не использовать)Премиум картофель северное сияние 1 репродукции нарезанный дольками 1 кг,Премиум картофель северное сияние 1 репродукции нарезанный дольками 1 кг,cb8d7cf7-6159-11eb-9c2d-0050560417d5,false,false
Номенклатура — исходный каталог,raw.catalog_номенклатура,d84038e9-60a7-11eb-9c2d-0050560417d5,00-00002782,(не использовать)Премиум картофель северное сияние 1 репродукции нарезанный дольками 5 кг,Премиум картофель северное сияние 1 репродукции нарезанный дольками 5 кг,cb8d7cf7-6159-11eb-9c2d-0050560417d5,false,false
Номенклатура — исходный каталог,raw.catalog_номенклатура,bef26faa-60a7-11eb-9c2d-0050560417d5,00-00002781,(не использовать)Премиум картофель северное сияние 1 репродукции нарезанный кубиком 1 кг,Премиум картофель северное сияние 1 репродукции нарезанный кубиком 1 кг,cb8d7cf7-6159-11eb-9c2d-0050560417d5,false,false
Номенклатура — исходный каталог,raw.catalog_номенклатура,12622562-60a7-11eb-9c2d-0050560417d5,00-00002777,(не использовать)Премиум картофель северное сияние 1 репродукции нарезанный кубиком 5 кг,Премиум картофель северное сияние 1 репродукции нарезанный кубиком 5 кг,cb8d7cf7-6159-11eb-9c2d-0050560417d5,false,false
Номенклатура — исходный каталог,raw.catalog_номенклатура,3c6c8d34-76a0-11eb-9c2e-0050560417d5,00-00003139,(не использовать)Премиум картофель северное сияние 1 репродукции нарезанный слайсами 1 кг,Премиум картофель северное сияние 1 репродукции нарезанный слайсами 1 кг,cb8d7cf7-6159-11eb-9c2d-0050560417d5,false,false
Номенклатура — исходный каталог,raw.catalog_номенклатура,7805004d-76a0-11eb-9c2e-0050560417d5,00-00003140,(не использовать)Премиум картофель северное сияние 1 репродукции нарезанный слайсами 5 кг,Премиум картофель северное сияние 1 репродукции нарезанный слайсами 5 кг,cb8d7cf7-6159-11eb-9c2d-0050560417d5,false,false
Номенклатура — исходный каталог,raw.catalog_номенклатура,bf00aa6b-60a6-11eb-9c2d-0050560417d5,00-00002775,(не использовать)Премиум картофель северное сияние 1 репродукции не мытый сетка домик 25 кг,Премиум картофель северное сияние 1 репродукции не мытый сетка домик 25 кг,ae7ed831-6159-11eb-9c2d-0050560417d5,false,false
Номенклатура — исходный каталог,raw.catalog_номенклатура,427ecaa5-60a8-11eb-9c2d-0050560417d5,00-00002783,"(не использовать)Премиум картофель северное сияние 1 репродукции очищенный 0,5 кг","Премиум картофель северное сияние 1 репродукции очищенный 0,5 кг",d653fc54-6159-11eb-9c2d-0050560417d5,false,false
Номенклатура — исходный каталог,raw.catalog_номенклатура,c6d5d208-60a8-11eb-9c2d-0050560417d5,00-00002784,(не использовать)Премиум картофель северное сияние 1 репродукции очищенный 1 кг,Премиум картофель северное сияние 1 репродукции очищенный 1 кг,d653fc54-6159-11eb-9c2d-0050560417d5,false,false
Номенклатура — исходный каталог,raw.catalog_номенклатура,2d645a71-60aa-11eb-9c2d-0050560417d5,00-00002785,(не использовать)Премиум картофель северное сияние 1 репродукции очищенный 5 кг,Премиум картофель северное сияние 1 репродукции очищенный 5 кг,d653fc54-6159-11eb-9c2d-0050560417d5,false,false
Номенклатура — исходный каталог,raw.catalog_номенклатура,8933f97a-60b4-11eb-9c2d-0050560417d5,00-00002786,"(не использовать)Премиум картофель северное сияние 1 репродукции пастеризованный 0,5 кг","Премиум картофель северное сияние 1 репродукции пастеризованный 0,5 кг",dfadb3cf-6159-11eb-9c2d-0050560417d5,false,false
Номенклатура — исходный каталог,raw.catalog_номенклатура,a2c94b08-60b4-11eb-9c2d-0050560417d5,00-00002787,(не использовать)Премиум картофель северное сияние 1 репродукции пастеризованный 1 кг,Премиум картофель северное сияние 1 репродукции пастеризованный 1 кг,dfadb3cf-6159-11eb-9c2d-0050560417d5,false,false
Номенклатура — исходный каталог,raw.catalog_номенклатура,d2999ea4-60b4-11eb-9c2d-0050560417d5,00-00002788,"(не использовать)Премиум картофель северное сияние 1 репродукции пастеризованный 2,5 кг","Премиум картофель северное сияние 1 репродукции пастеризованный 2,5 кг",dfadb3cf-6159-11eb-9c2d-0050560417d5,false,false
Номенклатура — исходный каталог,raw.catalog_номенклатура,007a7b41-768b-11eb-9c2e-0050560417d5,00-00003138,(не использовать)Премиум картофель северное сияние 2 репродукции мытый сетка домик 25 кг,Премиум картофель северное сияние 2 репродукции мытый сетка домик 25 кг,a40e3031-6159-11eb-9c2d-0050560417d5,false,false
Номенклатура — исходный каталог,raw.catalog_номенклатура,d9937bbc-76a0-11eb-9c2e-0050560417d5,00-00003142,(не использовать)Премиум картофель северное сияние 2 репродукции нарезанный дольками 1 кг,Премиум картофель северное сияние 2 репродукции нарезанный дольками 1 кг,cb8d7cf7-6159-11eb-9c2d-0050560417d5,false,false
Номенклатура — исходный каталог,raw.catalog_номенклатура,8e4925cb-60a7-11eb-9c2d-0050560417d5,00-00002780,(не использовать)Премиум картофель северное сияние 2 репродукции нарезанный дольками 5 кг,Премиум картофель северное сияние 2 репродукции нарезанный дольками 5 кг,cb8d7cf7-6159-11eb-9c2d-0050560417d5,false,false
Номенклатура — исходный каталог,raw.catalog_номенклатура,64999aad-60a7-11eb-9c2d-0050560417d5,00-00002779,(не использовать)Премиум картофель северное сияние 2 репродукции нарезанный кубиком 1 кг,Премиум картофель северное сияние 2 репродукции нарезанный кубиком 1 кг,cb8d7cf7-6159-11eb-9c2d-0050560417d5,false,false
Номенклатура — исходный каталог,raw.catalog_номенклатура,2fd746b7-60a7-11eb-9c2d-0050560417d5,00-00002778,(не использовать)Премиум картофель северное сияние 2 репродукции нарезанный кубиком 5 кг,Премиум картофель северное сияние 2 репродукции нарезанный кубиком 5 кг,cb8d7cf7-6159-11eb-9c2d-0050560417d5,false,false
Номенклатура — исходный каталог,raw.catalog_номенклатура,2604f6b0-76a1-11eb-9c2e-0050560417d5,00-00003143,(не использовать)Премиум картофель северное сияние 2 репродукции нарезанный слайсами 1 кг,Премиум картофель северное сияние 2 репродукции нарезанный слайсами 1 кг,cb8d7cf7-6159-11eb-9c2d-0050560417d5,false,false
Номенклатура — исходный каталог,raw.catalog_номенклатура,3c1c45c3-76a1-11eb-9c2e-0050560417d5,00-00003144,(не использовать)Премиум картофель северное сияние 2 репродукции нарезанный слайсами 5 кг,Премиум картофель северное сияние 2 репродукции нарезанный слайсами 5 кг,cb8d7cf7-6159-11eb-9c2d-0050560417d5,false,false
Номенклатура — исходный каталог,raw.catalog_номенклатура,d333ee33-60a6-11eb-9c2d-0050560417d5,00-00002776,(не использовать)Премиум картофель северное сияние 2 репродукции не мытый сетка домик 25 кг,Премиум картофель северное сияние 2 репродукции не мытый сетка домик 25 кг,ae7ed831-6159-11eb-9c2d-0050560417d5,false,false
Номенклатура — исходный каталог,raw.catalog_номенклатура,d0d8faf1-76b8-11eb-9c2e-0050560417d5,00-00003145,"(не использовать)Премиум картофель северное сияние 2 репродукции очищенный 0,5 кг","Премиум картофель северное сияние 2 репродукции очищенный 0,5 кг",d653fc54-6159-11eb-9c2d-0050560417d5,false,false
Номенклатура — исходный каталог,raw.catalog_номенклатура,0596acd3-76b9-11eb-9c2e-0050560417d5,00-00003146,(не использовать)Премиум картофель северное сияние 2 репродукции очищенный 1 кг,Премиум картофель северное сияние 2 репродукции очищенный 1 кг,d653fc54-6159-11eb-9c2d-0050560417d5,false,false
Номенклатура — исходный каталог,raw.catalog_номенклатура,20a726d2-76b9-11eb-9c2e-0050560417d5,00-00003147,(не использовать)Премиум картофель северное сияние 2 репродукции очищенный 5 кг,Премиум картофель северное сияние 2 репродукции очищенный 5 кг,d653fc54-6159-11eb-9c2d-0050560417d5,false,false
Номенклатура — исходный каталог,raw.catalog_номенклатура,6cd8f3bc-76ba-11eb-9c2e-0050560417d5,00-00003148,"(не использовать)Премиум картофель северное сияние 2 репродукции пастеризованный 0,5 кг","Премиум картофель северное сияние 2 репродукции пастеризованный 0,5 кг",dfadb3cf-6159-11eb-9c2d-0050560417d5,false,false
Номенклатура — исходный каталог,raw.catalog_номенклатура,7c40688e-76ba-11eb-9c2e-0050560417d5,00-00003149,(не использовать)Премиум картофель северное сияние 2 репродукции пастеризованный 1 кг,Премиум картофель северное сияние 2 репродукции пастеризованный 1 кг,dfadb3cf-6159-11eb-9c2d-0050560417d5,false,false
Номенклатура — исходный каталог,raw.catalog_номенклатура,88e88644-76ba-11eb-9c2e-0050560417d5,00-00003150,"(не использовать)Премиум картофель северное сияние 2 репродукции пастеризованный 2,5 кг","Премиум картофель северное сияние 2 репродукции пастеризованный 2,5 кг",dfadb3cf-6159-11eb-9c2d-0050560417d5,false,false
Номенклатура — исходный каталог,raw.catalog_номенклатура,59e86441-60a5-11eb-9c2d-0050560417d5,00-00002769,(не использовать)Чеснок Российский сетка-чулок 3 шт,Чеснок Российский сетка-чулок 3 шт,6fc30193-6159-11eb-9c2d-0050560417d5,false,false
Номенклатура — исходный каталог,raw.catalog_номенклатура,42b0f84b-4364-11ee-9c4e-00505689ff45,00-00009284,1 сорт Балтик Роуз РС2 мелкий без полива,1 сорт Балтик Роуз РС2 мелкий без полива,0996558d-0987-11f0-b80e-005056bde474,false,false
Номенклатура — исходный каталог,raw.catalog_номенклатура,a02e0b04-4371-11ee-9c4e-00505689ff45,00-00009347,1 сорт Балтик Роуз РС2 мелкий полив,1 сорт Балтик Роуз РС2 мелкий полив,0996558d-0987-11f0-b80e-005056bde474,false,false
Номенклатура — исходный каталог,raw.catalog_номенклатура,d9e02108-473b-11ee-9c4e-00505689ff45,00-00009420,1 сорт Балтик Роуз РС2 стандарт без полива,1 сорт Балтик Роуз РС2 стандарт без полива,0996558d-0987-11f0-b80e-005056bde474,false,false
Номенклатура — исходный каталог,raw.catalog_номенклатура,e9436de3-473b-11ee-9c4e-00505689ff45,00-00009421,1 сорт Балтик Роуз РС2 стандарт полив,1 сорт Балтик Роуз РС2 стандарт полив,0996558d-0987-11f0-b80e-005056bde474,false,false
Номенклатура — исходный каталог,raw.catalog_номенклатура,42b0f84c-4364-11ee-9c4e-00505689ff45,00-00009285,1 сорт Балтик Роуз РС3 мелкий без полива,1 сорт Балтик Роуз РС3 мелкий без полива,0996558d-0987-11f0-b80e-005056bde474,false,false
Номенклатура — исходный каталог,raw.catalog_номенклатура,a04b35f3-4371-11ee-9c4e-00505689ff45,00-00009348,1 сорт Балтик Роуз РС3 мелкий полив,1 сорт Балтик Роуз РС3 мелкий полив,0996558d-0987-11f0-b80e-005056bde474,false,false
Номенклатура — исходный каталог,raw.catalog_номенклатура,235b9e26-427f-11ee-9c4e-00505689ff45,00-00009254,1 сорт Балтик Роуз РС3 стандарт без полива,1 сорт Балтик Роуз РС3 стандарт без полива,0996558d-0987-11f0-b80e-005056bde474,false,false
Номенклатура — исходный каталог,raw.catalog_номенклатура,9bb2477a-4371-11ee-9c4e-00505689ff45,00-00009316,1 сорт Балтик Роуз РС3 стандарт полив,1 сорт Балтик Роуз РС3 стандарт полив,0996558d-0987-11f0-b80e-005056bde474,false,false
Номенклатура — исходный каталог,raw.catalog_номенклатура,42b0f871-4364-11ee-9c4e-00505689ff45,00-00009286,1 сорт Вега РС3  мелкий без полива,1 сорт Вега РС3  мелкий без полива,0996558d-0987-11f0-b80e-005056bde474,false,false
Номенклатура — исходный каталог,raw.catalog_номенклатура,a07b0bec-4371-11ee-9c4e-00505689ff45,00-00009349,1 сорт Вега РС3  мелкий полив,1 сорт Вега РС3  мелкий полив,0996558d-0987-11f0-b80e-005056bde474,false,false
Номенклатура — исходный каталог,raw.catalog_номенклатура,68970567-427f-11ee-9c4e-00505689ff45,00-00009255,1 сорт Вега РС3  стандарт без полива,1 сорт Вега РС3  стандарт без полива,0996558d-0987-11f0-b80e-005056bde474,false,false
Номенклатура — исходный каталог,raw.catalog_номенклатура,9bd24086-4371-11ee-9c4e-00505689ff45,00-00009317,1 сорт Вега РС3  стандарт полив,1 сорт Вега РС3  стандарт полив,0996558d-0987-11f0-b80e-005056bde474,false,false
Номенклатура — исходный каталог,raw.catalog_номенклатура,42b0f872-4364-11ee-9c4e-00505689ff45,00-00009287,1 сорт Вэнди РС1 мелкий без полива,1 сорт Вэнди РС1 мелкий без полива,0996558d-0987-11f0-b80e-005056bde474,false,false
Номенклатура — исходный каталог,raw.catalog_номенклатура,a0a028a7-4371-11ee-9c4e-00505689ff45,00-00009350,1 сорт Вэнди РС1 мелкий полив,1 сорт Вэнди РС1 мелкий полив,0996558d-0987-11f0-b80e-005056bde474,false,false
Номенклатура — исходный каталог,raw.catalog_номенклатура,9d4dc3a0-427f-11ee-9c4e-00505689ff45,00-00009256,1 сорт Вэнди РС1 стандарт без полива,1 сорт Вэнди РС1 стандарт без полива,0996558d-0987-11f0-b80e-005056bde474,false,false
Номенклатура — исходный каталог,raw.catalog_номенклатура,9c137b21-4371-11ee-9c4e-00505689ff45,00-00009318,1 сорт Вэнди РС1 стандарт полив,1 сорт Вэнди РС1 стандарт полив,0996558d-0987-11f0-b80e-005056bde474,false,false
Номенклатура — исходный каталог,raw.catalog_номенклатура,42b0f897-4364-11ee-9c4e-00505689ff45,00-00009288,1 сорт Вэнди РС4 мелкий без полива,1 сорт Вэнди РС4 мелкий без полива,0996558d-0987-11f0-b80e-005056bde474,false,false
Номенклатура — исходный каталог,raw.catalog_номенклатура,a0bf9bc7-4371-11ee-9c4e-00505689ff45,00-00009351,1 сорт Вэнди РС4 мелкий полив,1 сорт Вэнди РС4 мелкий полив,0996558d-0987-11f0-b80e-005056bde474,false,false
Номенклатура — исходный каталог,raw.catalog_номенклатура,d88c2168-427f-11ee-9c4e-00505689ff45,00-00009257,1 сорт Вэнди РС4 стандарт без полива,1 сорт Вэнди РС4 стандарт без полива,0996558d-0987-11f0-b80e-005056bde474,false,false
Номенклатура — исходный каталог,raw.catalog_номенклатура,9c370cf7-4371-11ee-9c4e-00505689ff45,00-00009319,1 сорт Вэнди РС4 стандарт полив,1 сорт Вэнди РС4 стандарт полив,0996558d-0987-11f0-b80e-005056bde474,false,false
Номенклатура — исходный каталог,raw.catalog_номенклатура,42b0f8aa-4364-11ee-9c4e-00505689ff45,00-00009289,1 сорт Гала РС1 мелкий без полива,1 сорт Гала РС1 мелкий без полива,0996558d-0987-11f0-b80e-005056bde474,false,false
Номенклатура — исходный каталог,raw.catalog_номенклатура,a0e6e8f5-4371-11ee-9c4e-00505689ff45,00-00009352,1 сорт Гала РС1 мелкий полив,1 сорт Гала РС1 мелкий полив,0996558d-0987-11f0-b80e-005056bde474,false,false
Номенклатура — исходный каталог,raw.catalog_номенклатура,fb0f629c-427f-11ee-9c4e-00505689ff45,00-00009258,1 сорт Гала РС1 стандарт без полива,1 сорт Гала РС1 стандарт без полива,0996558d-0987-11f0-b80e-005056bde474,false,false
Номенклатура — исходный каталог,raw.catalog_номенклатура,9c5c3a81-4371-11ee-9c4e-00505689ff45,00-00009320,1 сорт Гала РС1 стандарт полив,1 сорт Гала РС1 стандарт полив,0996558d-0987-11f0-b80e-005056bde474,false,false
Номенклатура — исходный каталог,raw.catalog_номенклатура,42b0f8bd-4364-11ee-9c4e-00505689ff45,00-00009290,1 сорт Гала РС2 мелкий без полива,1 сорт Гала РС2 мелкий без полива,0996558d-0987-11f0-b80e-005056bde474,false,false
Номенклатура — исходный каталог,raw.catalog_номенклатура,a0f5932e-4371-11ee-9c4e-00505689ff45,00-00009353,1 сорт Гала РС2 мелкий полив,1 сорт Гала РС2 мелкий полив,0996558d-0987-11f0-b80e-005056bde474,false,false
Номенклатура — исходный каталог,raw.catalog_номенклатура,fb0f629d-427f-11ee-9c4e-00505689ff45,00-00009259,1 сорт Гала РС2 стандарт без полива,1 сорт Гала РС2 стандарт без полива,0996558d-0987-11f0-b80e-005056bde474,false,false
Номенклатура — исходный каталог,raw.catalog_номенклатура,9c7320f3-4371-11ee-9c4e-00505689ff45,00-00009321,1 сорт Гала РС2 стандарт полив,1 сорт Гала РС2 стандарт полив,0996558d-0987-11f0-b80e-005056bde474,false,false
Номенклатура — исходный каталог,raw.catalog_номенклатура,42b0f8d0-4364-11ee-9c4e-00505689ff45,00-00009291,1 сорт Гала РС3 мелкий без полива,1 сорт Гала РС3 мелкий без полива,0996558d-0987-11f0-b80e-005056bde474,false,false
Номенклатура — исходный каталог,raw.catalog_номенклатура,a12aab7c-4371-11ee-9c4e-00505689ff45,00-00009354,1 сорт Гала РС3 мелкий полив,1 сорт Гала РС3 мелкий полив,0996558d-0987-11f0-b80e-005056bde474,false,false
Номенклатура — исходный каталог,raw.catalog_номенклатура,fb0f643f-427f-11ee-9c4e-00505689ff45,00-00009260,1 сорт Гала РС3 стандарт без полива,1 сорт Гала РС3 стандарт без полива,0996558d-0987-11f0-b80e-005056bde474,false,false
Номенклатура — исходный каталог,raw.catalog_номенклатура,9c732a96-4371-11ee-9c4e-00505689ff45,00-00009322,1 сорт Гала РС3 стандарт полив,1 сорт Гала РС3 стандарт полив,0996558d-0987-11f0-b80e-005056bde474,false,false
Номенклатура — исходный каталог,raw.catalog_номенклатура,42b0f8e3-4364-11ee-9c4e-00505689ff45,00-00009292,1 сорт Индиго РС3 мелкий без полива,1 сорт Индиго РС3 мелкий без полива,0996558d-0987-11f0-b80e-005056bde474,false,false
Номенклатура — исходный каталог,raw.catalog_номенклатура,a151f083-4371-11ee-9c4e-00505689ff45,00-00009355,1 сорт Индиго РС3 мелкий полив,1 сорт Индиго РС3 мелкий полив,0996558d-0987-11f0-b80e-005056bde474,false,false
Номенклатура — исходный каталог,raw.catalog_номенклатура,fb0f695f-427f-11ee-9c4e-00505689ff45,00-00009261,1 сорт Индиго РС3 стандарт без полива,1 сорт Индиго РС3 стандарт без полива,0996558d-0987-11f0-b80e-005056bde474,false,false
Номенклатура — исходный каталог,raw.catalog_номенклатура,9c73351d-4371-11ee-9c4e-00505689ff45,00-00009323,1 сорт Индиго РС3 стандарт полив,1 сорт Индиго РС3 стандарт полив,0996558d-0987-11f0-b80e-005056bde474,false,false
Номенклатура — исходный каталог,raw.catalog_номенклатура,450f6518-4364-11ee-9c4e-00505689ff45,00-00009293,1 сорт Кармен РС2 мелкий без полива,1 сорт Кармен РС2 мелкий без полива,0996558d-0987-11f0-b80e-005056bde474,false,false
Номенклатура — исходный каталог,raw.catalog_номенклатура,a1723b3f-4371-11ee-9c4e-00505689ff45,00-00009356,1 сорт Кармен РС2 мелкий полив,1 сорт Кармен РС2 мелкий полив,0996558d-0987-11f0-b80e-005056bde474,false,false
Номенклатура — исходный каталог,raw.catalog_номенклатура,fb0f7074-427f-11ee-9c4e-00505689ff45,00-00009262,1 сорт Кармен РС2 стандарт без полива,1 сорт Кармен РС2 стандарт без полива,0996558d-0987-11f0-b80e-005056bde474,false,false
Номенклатура — исходный каталог,raw.catalog_номенклатура,9c733d4f-4371-11ee-9c4e-00505689ff45,00-00009324,1 сорт Кармен РС2 стандарт полив,1 сорт Кармен РС2 стандарт полив,0996558d-0987-11f0-b80e-005056bde474,false,false
Номенклатура — исходный каталог,raw.catalog_номенклатура,450f652b-4364-11ee-9c4e-00505689ff45,00-00009294,1 сорт Кармен РС3 мелкий без полива,1 сорт Кармен РС3 мелкий без полива,0996558d-0987-11f0-b80e-005056bde474,false,false
Номенклатура — исходный каталог,raw.catalog_номенклатура,a1a578a9-4371-11ee-9c4e-00505689ff45,00-00009357,1 сорт Кармен РС3 мелкий полив,1 сорт Кармен РС3 мелкий полив,0996558d-0987-11f0-b80e-005056bde474,false,false
Номенклатура — исходный каталог,raw.catalog_номенклатура,fb0f7807-427f-11ee-9c4e-00505689ff45,00-00009263,1 сорт Кармен РС3 стандарт без полива,1 сорт Кармен РС3 стандарт без полива,0996558d-0987-11f0-b80e-005056bde474,false,false
Номенклатура — исходный каталог,raw.catalog_номенклатура,9d0b2190-4371-11ee-9c4e-00505689ff45,00-00009325,1 сорт Кармен РС3 стандарт полив,1 сорт Кармен РС3 стандарт полив,0996558d-0987-11f0-b80e-005056bde474,false,false
Номенклатура — исходный каталог,raw.catalog_номенклатура,450f652c-4364-11ee-9c4e-00505689ff45,00-00009295,1 сорт Коломба РС1 мелкий без полива,1 сорт Коломба РС1 мелкий без полива,0996558d-0987-11f0-b80e-005056bde474,false,false
Номенклатура — исходный каталог,raw.catalog_номенклатура,a1c21ee3-4371-11ee-9c4e-00505689ff45,00-00009358,1 сорт Коломба РС1 мелкий полив,1 сорт Коломба РС1 мелкий полив,0996558d-0987-11f0-b80e-005056bde474,false,false
Номенклатура — исходный каталог,raw.catalog_номенклатура,fb0f7ba1-427f-11ee-9c4e-00505689ff45,00-00009264,1 сорт Коломба РС1 стандарт без полива,1 сорт Коломба РС1 стандарт без полива,0996558d-0987-11f0-b80e-005056bde474,false,false
Номенклатура — исходный каталог,raw.catalog_номенклатура,9d0b3661-4371-11ee-9c4e-00505689ff45,00-00009326,1 сорт Коломба РС1 стандарт полив,1 сорт Коломба РС1 стандарт полив,0996558d-0987-11f0-b80e-005056bde474,false,false
Номенклатура — исходный каталог,raw.catalog_номенклатура,450f652d-4364-11ee-9c4e-00505689ff45,00-00009296,1 сорт Коломба РС2 мелкий без полива,1 сорт Коломба РС2 мелкий без полива,0996558d-0987-11f0-b80e-005056bde474,false,false
Номенклатура — исходный каталог,raw.catalog_номенклатура,a1ec9652-4371-11ee-9c4e-00505689ff45,00-00009359,1 сорт Коломба РС2 мелкий полив,1 сорт Коломба РС2 мелкий полив,0996558d-0987-11f0-b80e-005056bde474,false,false
Номенклатура — исходный каталог,raw.catalog_номенклатура,fb0f7ec9-427f-11ee-9c4e-00505689ff45,00-00009265,1 сорт Коломба РС2 стандарт без полива,1 сорт Коломба РС2 стандарт без полива,0996558d-0987-11f0-b80e-005056bde474,false,false
Номенклатура — исходный каталог,raw.catalog_номенклатура,9d5bed55-4371-11ee-9c4e-00505689ff45,00-00009327,1 сорт Коломба РС2 стандарт полив,1 сорт Коломба РС2 стандарт полив,0996558d-0987-11f0-b80e-005056bde474,false,false
Номенклатура — исходный каталог,raw.catalog_номенклатура,dde6a0f8-41a4-11ee-9c4e-00505689ff45,00-00009217,1 сорт Любаша РС1 стандарт без полива,1 сорт Любаша РС1 стандарт без полива,0996558d-0987-11f0-b80e-005056bde474,false,false
Номенклатура — исходный каталог,raw.catalog_номенклатура,185cb481-41a5-11ee-9c4e-00505689ff45,00-00009218,1 сорт Любаша РС1 стандарт полив,1 сорт Любаша РС1 стандарт полив,0996558d-0987-11f0-b80e-005056bde474,false,false
Номенклатура — исходный каталог,raw.catalog_номенклатура,450f652e-4364-11ee-9c4e-00505689ff45,00-00009297,1 сорт Мадейра РС2 мелкий без полива,1 сорт Мадейра РС2 мелкий без полива,0996558d-0987-11f0-b80e-005056bde474,false,false
Номенклатура — исходный каталог,raw.catalog_номенклатура,a2029595-4371-11ee-9c4e-00505689ff45,00-00009360,1 сорт Мадейра РС2 мелкий полив,1 сорт Мадейра РС2 мелкий полив,0996558d-0987-11f0-b80e-005056bde474,false,false
Номенклатура — исходный каталог,raw.catalog_номенклатура,fb0f7eca-427f-11ee-9c4e-00505689ff45,00-00009266,1 сорт Мадейра РС2 стандарт без полива,1 сорт Мадейра РС2 стандарт без полива,0996558d-0987-11f0-b80e-005056bde474,false,false
Номенклатура — исходный каталог,raw.catalog_номенклатура,9d5bf7d0-4371-11ee-9c4e-00505689ff45,00-00009328,1 сорт Мадейра РС2 стандарт полив,1 сорт Мадейра РС2 стандарт полив,0996558d-0987-11f0-b80e-005056bde474,false,false
Номенклатура — исходный каталог,raw.catalog_номенклатура,450f6553-4364-11ee-9c4e-00505689ff45,00-00009298,1 сорт Северное сияние РС3 мелкий без полива,1 сорт Северное сияние РС3 мелкий без полива,0996558d-0987-11f0-b80e-005056bde474,false,false
Номенклатура — исходный каталог,raw.catalog_номенклатура,a239c81b-4371-11ee-9c4e-00505689ff45,00-00009361,1 сорт Северное сияние РС3 мелкий полив,1 сорт Северное сияние РС3 мелкий полив,0996558d-0987-11f0-b80e-005056bde474,false,false
Номенклатура — исходный каталог,raw.catalog_номенклатура,fb0f7ecb-427f-11ee-9c4e-00505689ff45,00-00009267,1 сорт Северное сияние РС3 стандарт без полива,1 сорт Северное сияние РС3 стандарт без полива,0996558d-0987-11f0-b80e-005056bde474,false,false
Номенклатура — исходный каталог,raw.catalog_номенклатура,9d5c0a55-4371-11ee-9c4e-00505689ff45,00-00009329,1 сорт Северное сияние РС3 стандарт полив,1 сорт Северное сияние РС3 стандарт полив,0996558d-0987-11f0-b80e-005056bde474,false,false
Номенклатура — исходный каталог,raw.catalog_номенклатура,450f6554-4364-11ee-9c4e-00505689ff45,00-00009299,1 сорт Фламинго РС1 мелкий без полива,1 сорт Фламинго РС1 мелкий без полива,0996558d-0987-11f0-b80e-005056bde474,false,false
Номенклатура — исходный каталог,raw.catalog_номенклатура,a2504129-4371-11ee-9c4e-00505689ff45,00-00009362,1 сорт Фламинго РС1 мелкий полив,1 сорт Фламинго РС1 мелкий полив,0996558d-0987-11f0-b80e-005056bde474,false,false
Номенклатура — исходный каталог,raw.catalog_номенклатура,fb0f7ecc-427f-11ee-9c4e-00505689ff45,00-00009268,1 сорт Фламинго РС1 стандарт без полива,1 сорт Фламинго РС1 стандарт без полива,0996558d-0987-11f0-b80e-005056bde474,false,false
Номенклатура — исходный каталог,raw.catalog_номенклатура,9db8d9fb-4371-11ee-9c4e-00505689ff45,00-00009330,1 сорт Фламинго РС1 стандарт полив,1 сорт Фламинго РС1 стандарт полив,0996558d-0987-11f0-b80e-005056bde474,false,false
Номенклатура — исходный каталог,raw.catalog_номенклатура,450f6579-4364-11ee-9c4e-00505689ff45,00-00009300,2 сорт Балтик Роуз РС2 мелкий без полива,2 сорт Балтик Роуз РС2 мелкий без полива,0996558d-0987-11f0-b80e-005056bde474,false,false
Номенклатура — исходный каталог,raw.catalog_номенклатура,a27c0c93-4371-11ee-9c4e-00505689ff45,00-00009363,2 сорт Балтик Роуз РС2 мелкий полив,2 сорт Балтик Роуз РС2 мелкий полив,0996558d-0987-11f0-b80e-005056bde474,false,false
Номенклатура — исходный каталог,raw.catalog_номенклатура,03e330bb-473c-11ee-9c4e-00505689ff45,00-00009422,2 сорт Балтик Роуз РС2 стандарт без полива,2 сорт Балтик Роуз РС2 стандарт без полива,0996558d-0987-11f0-b80e-005056bde474,false,false
Номенклатура — исходный каталог,raw.catalog_номенклатура,9db8e8a5-4371-11ee-9c4e-00505689ff45,00-00009331,2 сорт Балтик Роуз РС2 стандарт полив,2 сорт Балтик Роуз РС2 стандарт полив,0996558d-0987-11f0-b80e-005056bde474,false,false
Номенклатура — исходный каталог,raw.catalog_номенклатура,450f657a-4364-11ee-9c4e-00505689ff45,00-00009301,2 сорт Балтик Роуз РС3 мелкий без полива,2 сорт Балтик Роуз РС3 мелкий без полива,0996558d-0987-11f0-b80e-005056bde474,false,false
Номенклатура — исходный каталог,raw.catalog_номенклатура,a2a31324-4371-11ee-9c4e-00505689ff45,00-00009364,2 сорт Балтик Роуз РС3 мелкий полив,2 сорт Балтик Роуз РС3 мелкий полив,0996558d-0987-11f0-b80e-005056bde474,false,false
Номенклатура — исходный каталог,raw.catalog_номенклатура,3f176976-4364-11ee-9c4e-00505689ff45,00-00009269,2 сорт Балтик Роуз РС3 стандарт без полива,2 сорт Балтик Роуз РС3 стандарт без полива,0996558d-0987-11f0-b80e-005056bde474,false,false
Номенклатура — исходный каталог,raw.catalog_номенклатура,9db8f587-4371-11ee-9c4e-00505689ff45,00-00009332,2 сорт Балтик Роуз РС3 стандарт полив,2 сорт Балтик Роуз РС3 стандарт полив,0996558d-0987-11f0-b80e-005056bde474,false,false
Номенклатура — исходный каталог,raw.catalog_номенклатура,450f659f-4364-11ee-9c4e-00505689ff45,00-00009302,2 сорт Вега РС3  мелкий без полива,2 сорт Вега РС3  мелкий без полива,0996558d-0987-11f0-b80e-005056bde474,false,false
Номенклатура — исходный каталог,raw.catalog_номенклатура,a2bb73f5-4371-11ee-9c4e-00505689ff45,00-00009365,2 сорт Вега РС3  мелкий полив,2 сорт Вега РС3  мелкий полив,0996558d-0987-11f0-b80e-005056bde474,false,false
Номенклатура — исходный каталог,raw.catalog_номенклатура,3f176977-4364-11ee-9c4e-00505689ff45,00-00009270,2 сорт Вега РС3  стандарт без полива,2 сорт Вега РС3  стандарт без полива,0996558d-0987-11f0-b80e-005056bde474,false,false
Номенклатура — исходный каталог,raw.catalog_номенклатура,9e184f09-4371-11ee-9c4e-00505689ff45,00-00009333,2 сорт Вега РС3  стандарт полив,2 сорт Вега РС3  стандарт полив,0996558d-0987-11f0-b80e-005056bde474,false,false
Номенклатура — исходный каталог,raw.catalog_номенклатура,450f65a0-4364-11ee-9c4e-00505689ff45,00-00009303,2 сорт Вэнди РС1 мелкий без полива,2 сорт Вэнди РС1 мелкий без полива,0996558d-0987-11f0-b80e-005056bde474,false,false
Номенклатура — исходный каталог,raw.catalog_номенклатура,a2e220c8-4371-11ee-9c4e-00505689ff45,00-00009366,2 сорт Вэнди РС1 мелкий полив,2 сорт Вэнди РС1 мелкий полив,0996558d-0987-11f0-b80e-005056bde474,false,false
Номенклатура — исходный каталог,raw.catalog_номенклатура,3f176fb1-4364-11ee-9c4e-00505689ff45,00-00009271,2 сорт Вэнди РС1 стандарт без полива,2 сорт Вэнди РС1 стандарт без полива,0996558d-0987-11f0-b80e-005056bde474,false,false
Номенклатура — исходный каталог,raw.catalog_номенклатура,9e1869d1-4371-11ee-9c4e-00505689ff45,00-00009334,2 сорт Вэнди РС1 стандарт полив,2 сорт Вэнди РС1 стандарт полив,0996558d-0987-11f0-b80e-005056bde474,false,false
Номенклатура — исходный каталог,raw.catalog_номенклатура,450f65a1-4364-11ee-9c4e-00505689ff45,00-00009304,2 сорт Вэнди РС4 мелкий без полива,2 сорт Вэнди РС4 мелкий без полива,0996558d-0987-11f0-b80e-005056bde474,false,false
Номенклатура — исходный каталог,raw.catalog_номенклатура,a30c6eb3-4371-11ee-9c4e-00505689ff45,00-00009367,2 сорт Вэнди РС4 мелкий полив,2 сорт Вэнди РС4 мелкий полив,0996558d-0987-11f0-b80e-005056bde474,false,false
Номенклатура — исходный каталог,raw.catalog_номенклатура,40c669af-4364-11ee-9c4e-00505689ff45,00-00009272,2 сорт Вэнди РС4 стандарт без полива,2 сорт Вэнди РС4 стандарт без полива,0996558d-0987-11f0-b80e-005056bde474,false,false
Номенклатура — исходный каталог,raw.catalog_номенклатура,9e7a75a9-4371-11ee-9c4e-00505689ff45,00-00009335,2 сорт Вэнди РС4 стандарт полив,2 сорт Вэнди РС4 стандарт полив,0996558d-0987-11f0-b80e-005056bde474,false,false
Номенклатура — исходный каталог,raw.catalog_номенклатура,450f65a2-4364-11ee-9c4e-00505689ff45,00-00009305,2 сорт Гала РС1 мелкий без полива,2 сорт Гала РС1 мелкий без полива,0996558d-0987-11f0-b80e-005056bde474,false,false
Номенклатура — исходный каталог,raw.catalog_номенклатура,a337c622-4371-11ee-9c4e-00505689ff45,00-00009368,2 сорт Гала РС1 мелкий полив,2 сорт Гала РС1 мелкий полив,0996558d-0987-11f0-b80e-005056bde474,false,false
Номенклатура — исходный каталог,raw.catalog_номенклатура,40f2e118-4364-11ee-9c4e-00505689ff45,00-00009273,2 сорт Гала РС1 стандарт без полива,2 сорт Гала РС1 стандарт без полива,0996558d-0987-11f0-b80e-005056bde474,false,false
Номенклатура — исходный каталог,raw.catalog_номенклатура,9ea5708a-4371-11ee-9c4e-00505689ff45,00-00009336,2 сорт Гала РС1 стандарт полив,2 сорт Гала РС1 стандарт полив,0996558d-0987-11f0-b80e-005056bde474,false,false
Номенклатура — исходный каталог,raw.catalog_номенклатура,450f65a3-4364-11ee-9c4e-00505689ff45,00-00009306,2 сорт Гала РС2 мелкий без полива,2 сорт Гала РС2 мелкий без полива,0996558d-0987-11f0-b80e-005056bde474,false,false
Номенклатура — исходный каталог,raw.catalog_номенклатура,a34e6503-4371-11ee-9c4e-00505689ff45,00-00009369,2 сорт Гала РС2 мелкий полив,2 сорт Гала РС2 мелкий полив,0996558d-0987-11f0-b80e-005056bde474,false,false
Номенклатура — исходный каталог,raw.catalog_номенклатура,4121e8f9-4364-11ee-9c4e-00505689ff45,00-00009274,2 сорт Гала РС2 стандарт без полива,2 сорт Гала РС2 стандарт без полива,0996558d-0987-11f0-b80e-005056bde474,false,false
Номенклатура — исходный каталог,raw.catalog_номенклатура,9ec44fd6-4371-11ee-9c4e-00505689ff45,00-00009337,2 сорт Гала РС2 стандарт полив,2 сорт Гала РС2 стандарт полив,0996558d-0987-11f0-b80e-005056bde474,false,false
Номенклатура — исходный каталог,raw.catalog_номенклатура,450f65a4-4364-11ee-9c4e-00505689ff45,00-00009307,2 сорт Гала РС3 мелкий без полива,2 сорт Гала РС3 мелкий без полива,0996558d-0987-11f0-b80e-005056bde474,false,false
Номенклатура — исходный каталог,raw.catalog_номенклатура,a38004ce-4371-11ee-9c4e-00505689ff45,00-00009370,2 сорт Гала РС3 мелкий полив,2 сорт Гала РС3 мелкий полив,0996558d-0987-11f0-b80e-005056bde474,false,false
Номенклатура — исходный каталог,raw.catalog_номенклатура,414c5c67-4364-11ee-9c4e-00505689ff45,00-00009275,2 сорт Гала РС3 стандарт без полива,2 сорт Гала РС3 стандарт без полива,0996558d-0987-11f0-b80e-005056bde474,false,false
Номенклатура — исходный каталог,raw.catalog_номенклатура,9eea74fc-4371-11ee-9c4e-00505689ff45,00-00009338,2 сорт Гала РС3 стандарт полив,2 сорт Гала РС3 стандарт полив,0996558d-0987-11f0-b80e-005056bde474,false,false
Номенклатура — исходный каталог,raw.catalog_номенклатура,450f65a5-4364-11ee-9c4e-00505689ff45,00-00009308,2 сорт Индиго РС3 мелкий без полива,2 сорт Индиго РС3 мелкий без полива,0996558d-0987-11f0-b80e-005056bde474,false,false
Номенклатура — исходный каталог,raw.catalog_номенклатура,a3b00603-4371-11ee-9c4e-00505689ff45,00-00009371,2 сорт Индиго РС3 мелкий полив,2 сорт Индиго РС3 мелкий полив,0996558d-0987-11f0-b80e-005056bde474,false,false
Номенклатура — исходный каталог,raw.catalog_номенклатура,4184a8d5-4364-11ee-9c4e-00505689ff45,00-00009276,2 сорт Индиго РС3 стандарт без полива,2 сорт Индиго РС3 стандарт без полива,0996558d-0987-11f0-b80e-005056bde474,false,false
Номенклатура — исходный каталог,raw.catalog_номенклатура,9eea929d-4371-11ee-9c4e-00505689ff45,00-00009339,2 сорт Индиго РС3 стандарт полив,2 сорт Индиго РС3 стандарт полив,0996558d-0987-11f0-b80e-005056bde474,false,false
Номенклатура — исходный каталог,raw.catalog_номенклатура,450f65a6-4364-11ee-9c4e-00505689ff45,00-00009309,2 сорт Кармен РС2 мелкий без полива,2 сорт Кармен РС2 мелкий без полива,0996558d-0987-11f0-b80e-005056bde474,false,false
Номенклатура — исходный каталог,raw.catalog_номенклатура,a3c4dd40-4371-11ee-9c4e-00505689ff45,00-00009372,2 сорт Кармен РС2 мелкий полив,2 сорт Кармен РС2 мелкий полив,0996558d-0987-11f0-b80e-005056bde474,false,false
Номенклатура — исходный каталог,raw.catalog_номенклатура,41bbf1c8-4364-11ee-9c4e-00505689ff45,00-00009277,2 сорт Кармен РС2 стандарт без полива,2 сорт Кармен РС2 стандарт без полива,0996558d-0987-11f0-b80e-005056bde474,false,false
Номенклатура — исходный каталог,raw.catalog_номенклатура,9f170f95-4371-11ee-9c4e-00505689ff45,00-00009340,2 сорт Кармен РС2 стандарт полив,2 сорт Кармен РС2 стандарт полив,0996558d-0987-11f0-b80e-005056bde474,false,false
Номенклатура — исходный каталог,raw.catalog_номенклатура,450f65a7-4364-11ee-9c4e-00505689ff45,00-00009310,2 сорт Кармен РС3 мелкий без полива,2 сорт Кармен РС3 мелкий без полива,0996558d-0987-11f0-b80e-005056bde474,false,false
Номенклатура — исходный каталог,raw.catalog_номенклатура,a3f659db-4371-11ee-9c4e-00505689ff45,00-00009373,2 сорт Кармен РС3 мелкий полив,2 сорт Кармен РС3 мелкий полив,0996558d-0987-11f0-b80e-005056bde474,false,false
Номенклатура — исходный каталог,raw.catalog_номенклатура,41d11044-4364-11ee-9c4e-00505689ff45,00-00009278,2 сорт Кармен РС3 стандарт без полива,2 сорт Кармен РС3 стандарт без полива,0996558d-0987-11f0-b80e-005056bde474,false,false
Номенклатура — исходный каталог,raw.catalog_номенклатура,9f374bd7-4371-11ee-9c4e-00505689ff45,00-00009341,2 сорт Кармен РС3 стандарт полив,2 сорт Кармен РС3 стандарт полив,0996558d-0987-11f0-b80e-005056bde474,false,false
Номенклатура — исходный каталог,raw.catalog_номенклатура,450f65a8-4364-11ee-9c4e-00505689ff45,00-00009311,2 сорт Коломба РС1 мелкий без полива,2 сорт Коломба РС1 мелкий без полива,0996558d-0987-11f0-b80e-005056bde474,false,false
Номенклатура — исходный каталог,raw.catalog_номенклатура,a4203062-4371-11ee-9c4e-00505689ff45,00-00009374,2 сорт Коломба РС1 мелкий полив,2 сорт Коломба РС1 мелкий полив,0996558d-0987-11f0-b80e-005056bde474,false,false
Номенклатура — исходный каталог,raw.catalog_номенклатура,41d117f8-4364-11ee-9c4e-00505689ff45,00-00009279,2 сорт Коломба РС1 стандарт без полива,2 сорт Коломба РС1 стандарт без полива,0996558d-0987-11f0-b80e-005056bde474,false,false
Номенклатура — исходный каталог,raw.catalog_номенклатура,9f78e7d3-4371-11ee-9c4e-00505689ff45,00-00009342,2 сорт Коломба РС1 стандарт полив,2 сорт Коломба РС1 стандарт полив,0996558d-0987-11f0-b80e-005056bde474,false,false
Номенклатура — исходный каталог,raw.catalog_номенклатура,450f65a9-4364-11ee-9c4e-00505689ff45,00-00009312,2 сорт Коломба РС2 мелкий без полива,2 сорт Коломба РС2 мелкий без полива,0996558d-0987-11f0-b80e-005056bde474,false,false
Номенклатура — исходный каталог,raw.catalog_номенклатура,a448e405-4371-11ee-9c4e-00505689ff45,00-00009375,2 сорт Коломба РС2 мелкий полив,2 сорт Коломба РС2 мелкий полив,0996558d-0987-11f0-b80e-005056bde474,false,false
Номенклатура — исходный каталог,raw.catalog_номенклатура,42520923-4364-11ee-9c4e-00505689ff45,00-00009280,2 сорт Коломба РС2 стандарт без полива,2 сорт Коломба РС2 стандарт без полива,0996558d-0987-11f0-b80e-005056bde474,false,false
Номенклатура — исходный каталог,raw.catalog_номенклатура,9f92e640-4371-11ee-9c4e-00505689ff45,00-00009343,2 сорт Коломба РС2 стандарт полив,2 сорт Коломба РС2 стандарт полив,0996558d-0987-11f0-b80e-005056bde474,false,false
Номенклатура — исходный каталог,raw.catalog_номенклатура,450f65aa-4364-11ee-9c4e-00505689ff45,00-00009313,2 сорт Мадейра РС2 мелкий без полива,2 сорт Мадейра РС2 мелкий без полива,0996558d-0987-11f0-b80e-005056bde474,false,false
Номенклатура — исходный каталог,raw.catalog_номенклатура,a4677d08-4371-11ee-9c4e-00505689ff45,00-00009376,2 сорт Мадейра РС2 мелкий полив,2 сорт Мадейра РС2 мелкий полив,0996558d-0987-11f0-b80e-005056bde474,false,false
Номенклатура — исходный каталог,raw.catalog_номенклатура,425225e9-4364-11ee-9c4e-00505689ff45,00-00009281,2 сорт Мадейра РС2 стандарт без полива,2 сорт Мадейра РС2 стандарт без полива,0996558d-0987-11f0-b80e-005056bde474,false,false
Номенклатура — исходный каталог,raw.catalog_номенклатура,9fb88ff8-4371-11ee-9c4e-00505689ff45,00-00009344,2 сорт Мадейра РС2 стандарт полив,2 сорт Мадейра РС2 стандарт полив,0996558d-0987-11f0-b80e-005056bde474,false,false
Номенклатура — исходный каталог,raw.catalog_номенклатура,450f65ab-4364-11ee-9c4e-00505689ff45,00-00009314,2 сорт Северное сияние РС3 мелкий без полива,2 сорт Северное сияние РС3 мелкий без полива,0996558d-0987-11f0-b80e-005056bde474,false,false
Номенклатура — исходный каталог,raw.catalog_номенклатура,a4816feb-4371-11ee-9c4e-00505689ff45,00-00009377,2 сорт Северное сияние РС3 мелкий полив,2 сорт Северное сияние РС3 мелкий полив,0996558d-0987-11f0-b80e-005056bde474,false,false
Номенклатура — исходный каталог,raw.catalog_номенклатура,42b0f003-4364-11ee-9c4e-00505689ff45,00-00009282,2 сорт Северное сияние РС3 стандарт без полива,2 сорт Северное сияние РС3 стандарт без полива,0996558d-0987-11f0-b80e-005056bde474,false,false
Номенклатура — исходный каталог,raw.catalog_номенклатура,9fc90417-4371-11ee-9c4e-00505689ff45,00-00009345,2 сорт Северное сияние РС3 стандарт полив,2 сорт Северное сияние РС3 стандарт полив,0996558d-0987-11f0-b80e-005056bde474,false,false
Номенклатура — исходный каталог,raw.catalog_номенклатура,450f65ac-4364-11ee-9c4e-00505689ff45,00-00009315,2 сорт Фламинго РС1 мелкий без полива,2 сорт Фламинго РС1 мелкий без полива,0996558d-0987-11f0-b80e-005056bde474,false,false
Номенклатура — исходный каталог,raw.catalog_номенклатура,a48178aa-4371-11ee-9c4e-00505689ff45,00-00009378,2 сорт Фламинго РС1 мелкий полив,2 сорт Фламинго РС1 мелкий полив,0996558d-0987-11f0-b80e-005056bde474,false,false
Номенклатура — исходный каталог,raw.catalog_номенклатура,42b0f826-4364-11ee-9c4e-00505689ff45,00-00009283,2 сорт Фламинго РС1 стандарт без полива,2 сорт Фламинго РС1 стандарт без полива,0996558d-0987-11f0-b80e-005056bde474,false,false
Номенклатура — исходный каталог,raw.catalog_номенклатура,9fc91525-4371-11ee-9c4e-00505689ff45,00-00009346,2 сорт Фламинго РС1 стандарт полив,2 сорт Фламинго РС1 стандарт полив,0996558d-0987-11f0-b80e-005056bde474,false,false
Номенклатура — исходный каталог,raw.catalog_номенклатура,009cfc5a-ad95-11ea-d488-fa163ee5d2f9,БП-00002775,"790 GX 100/500,ирригатор катушечный","790 GX 100/500,ирригатор катушечный",de1714af-8a12-11e7-af1d-30f7727a492e,false,false
Номенклатура — исходный каталог,raw.catalog_номенклатура,a4be24c4-f58f-11ed-9c4e-00505689ff45,00-00008040,<Рабочее наименование будет сформировано по шаблону>,Чеснок озимый Любаша,00000000-0000-0000-0000-000000000000,false,false
Номенклатура — исходный каталог,raw.catalog_номенклатура,a706f74e-0b7d-11eb-3385-fa163ee5d2f9,БП-00003108,"IP-камера цилиндрическая  DS-1200 С (2,8мм)","IP-камера цилиндрическая  DS-1200 С (2,8мм)",de1714af-8a12-11e7-af1d-30f7727a492e,false,false
Номенклатура — исходный каталог,raw.catalog_номенклатура,211c2796-35ce-11ea-9522-30f7727a492e,00-00002363,"IP-телекамера  DS-1200В (2,8мм)","IP-телекамера  DS-1200В (2,8мм)",211c2790-35ce-11ea-9522-30f7727a492e,false,false
Номенклатура — исходный каталог,raw.catalog_номенклатура,211c2797-35ce-11ea-9522-30f7727a492e,00-00002364,IP-телекамера  DS-1200В (4мм),IP-телекамера  DS-1200В (4мм),211c2790-35ce-11ea-9522-30f7727a492e,false,false
Номенклатура — исходный каталог,raw.catalog_номенклатура,211c2799-35ce-11ea-9522-30f7727a492e,00-00002366,IP-телекамера  DS-1400 (4мм),IP-телекамера  DS-1400 (4мм),211c2790-35ce-11ea-9522-30f7727a492e,false,false
Номенклатура — исходный каталог,raw.catalog_номенклатура,211c2798-35ce-11ea-9522-30f7727a492e,00-00002365,IP-телекамера  DS-1400 (6мм),IP-телекамера  DS-1400 (6мм),211c2790-35ce-11ea-9522-30f7727a492e,false,false
Номенклатура — исходный каталог,raw.catalog_номенклатура,211c2795-35ce-11ea-9522-30f7727a492e,00-00002362,IP-телекамера  DS-1456,IP-телекамера  DS-1456,211c2790-35ce-11ea-9522-30f7727a492e,false,false
Номенклатура — исходный каталог,raw.catalog_номенклатура,c9d406c2-0b7d-11eb-3385-fa163ee5d2f9,БП-00003109,IP-телекамера уличная  DS-1450 (6мм),IP-телекамера уличная  DS-1450 (6мм),de1714af-8a12-11e7-af1d-30f7727a492e,false,false
Номенклатура — исходный каталог,raw.catalog_номенклатура,211c279c-35ce-11ea-9522-30f7727a492e,00-00002369,Ippon Back Basic 1050(403407) ИБП,Ippon Back Basic 1050(403407) ИБП,211c2790-35ce-11ea-9522-30f7727a492e,false,false
Номенклатура — исходный каталог,raw.catalog_номенклатура,be93817c-0b80-11eb-3385-fa163ee5d2f9,БП-00003117,ParLan UUTP Cat5e 4*20*0.52 PVC,ParLan UUTP Cat5e 4*20*0.52 PVC,de1714af-8a12-11e7-af1d-30f7727a492e,false,false
Номенклатура — исходный каталог,raw.catalog_номенклатура,a33375f8-5f71-11ea-9525-30f7727a492e,00-00002501,АКБ Тюмень 60А/Ч,АКБ Тюмень 60А/Ч,9b060c03-71d9-11e7-85a2-d43d7eec442d,false,false
Номенклатура — исходный каталог,raw.catalog_номенклатура,6c9780d0-3764-11ee-9c4e-00505689ff45,00-00008431,АМКО Универсал 12-12-36+ТЕ ,АМКО Универсал 12-12-36+ТЕ,e1243393-532a-11f0-b811-005056bde474,false,false
Номенклатура — исходный каталог,raw.catalog_номенклатура,a5d8e45d-1a44-11ee-9c4e-00505689ff45,00-00008280,АМКО Универсал 20-20-20+ТЕ ,АМКО Универсал 20-20-20+ТЕ,e1243393-532a-11f0-b811-005056bde474,false,false
Номенклатура — исходный каталог,raw.catalog_номенклатура,211c279b-35ce-11ea-9522-30f7727a492e,00-00002368,АОС E2270SWN 21.5*монитор,АОС E2270SWN 21.5*монитор,211c2790-35ce-11ea-9522-30f7727a492e,false,false
Номенклатура — исходный каталог,raw.catalog_номенклатура,b7034439-1153-11ec-9c3a-00505689ff45,АК-00004939,АПК_Погрузочно-разгрузочные работы,АПК_Погрузочно-разгрузочные работы,34f83455-094c-11f0-b80e-005056bde474,false,false
Номенклатура — исходный каталог,raw.catalog_номенклатура,9b77339b-094b-11f0-b80e-005056bde474,00-00011788,АРХИВ,,00000000-0000-0000-0000-000000000000,true,false
Номенклатура — исходный каталог,raw.catalog_номенклатура,3140374b-f51f-11eb-9c3a-00505689ff45,АК-00003332,Абига-Пик Инсектицид ,Абига-Пик Инсектицид ,2eaeac4d-5322-11f0-b811-005056bde474,false,false
Номенклатура — исходный каталог,raw.catalog_номенклатура,ebfc23aa-ed1a-11ea-a29d-fa163ee5d2f9,БП-00003004,Абонентский терминал УМКа302.BС2,Абонентский терминал УМКа302.BС2,de1714af-8a12-11e7-af1d-30f7727a492e,false,false
Номенклатура — исходный каталог,raw.catalog_номенклатура,c6c0d45a-ed1a-11ea-a29d-fa163ee5d2f9,БП-00003003,Абонентский терминал УМКа310.BR,Абонентский терминал УМКа310.BR,de1714af-8a12-11e7-af1d-30f7727a492e,false,false
Номенклатура — исходный каталог,raw.catalog_номенклатура,89397f97-7ce0-11e7-af19-30f7727a492e,00-00000149,Абонирование ячейки абонементного почтового шкафа,Абонирование ячейки абонементного почтового шкафа,9b060c58-71d9-11e7-85a2-d43d7eec442d,false,false
Номенклатура — исходный каталог,raw.catalog_номенклатура,69769310-f51f-11eb-9c3a-00505689ff45,АК-00003333,Абруста Инсектицид ,Абруста Инсектицид ,2eaeac4d-5322-11f0-b811-005056bde474,false,false
Номенклатура — исходный каталог,raw.catalog_номенклатура,8104228a-f51f-11eb-9c3a-00505689ff45,АК-00003334,Аваксс Инсектицид ,Аваксс Инсектицид ,2eaeac4d-5322-11f0-b811-005056bde474,false,false
Номенклатура — исходный каталог,raw.catalog_номенклатура,9e236d5a-f51f-11eb-9c3a-00505689ff45,АК-00003335,Авант Инсектицид ,Авант Инсектицид ,f9d67774-531d-11f0-b811-005056bde474,false,false
Номенклатура — исходный каталог,raw.catalog_номенклатура,a9d5f0ee-f51f-11eb-9c3a-00505689ff45,АК-00003336,Авиаль Инсектицид ,Авиаль Инсектицид ,2eaeac4d-5322-11f0-b811-005056bde474,false,false
Номенклатура — исходный каталог,raw.catalog_номенклатура,987a7974-c4df-11ea-9291-fa163ee5d2f9,БП-00002859,Автолампа H7 Bosch,Автолампа H7 Bosch,9b060c03-71d9-11e7-85a2-d43d7eec442d,false,false
Номенклатура — исходный каталог,raw.catalog_номенклатура,347c9f86-2e5e-11eb-288c-fa163e0d31f7,БП-00003266,"Автоматическая сеткозашивочная машина R-2 (вибрация горловины,вибрация мешка0","Автоматическая сеткозашивочная машина R-2 (вибрация горловины,вибрация мешка0",279c2c04-2e46-11eb-288c-fa163e0d31f7,false,false
Номенклатура — исходный каталог,raw.catalog_номенклатура,60eebc9c-2e46-11eb-288c-fa163e0d31f7,БП-00003249,"Автоматическая упаковочная машина для упаковки типа ""домик"" SP M-3000","Автоматическая упаковочная машина для упаковки типа ""домик"" SP M-3000",279c2c04-2e46-11eb-288c-fa163e0d31f7,false,false
Номенклатура — исходный каталог,raw.catalog_номенклатура,6330f44a-0b80-11eb-3385-fa163ee5d2f9,БП-00003116,Автоматический выключатель 2-х полосный,Автоматический выключатель 2-х полосный,de1714af-8a12-11e7-af1d-30f7727a492e,false,false
Номенклатура — исходный каталог,raw.catalog_номенклатура,533e2893-3bcc-11f0-b80e-005056bde474,00-00012411,"Автопилот СНС, NX510SE","Автопилот СНС, NX510SE",de1714af-8a12-11e7-af1d-30f7727a492e,false,false
Номенклатура — исходный каталог,raw.catalog_номенклатура,82253346-1d78-11ea-9522-30f7727a492e,00-00002254,"Автошина 245/70R16 Salun ""ш""","Автошина 245/70R16 Salun ""ш""",9b060c03-71d9-11e7-85a2-d43d7eec442d,false,false
Номенклатура — исходный каталог,raw.catalog_номенклатура,39f94b10-c286-11ea-7580-fa163ee5d2f9,БП-00002851,Автошина 420/70R24 NORTEC AC 200 TL,Автошина 420/70R24 NORTEC AC 200 TL,9b060c03-71d9-11e7-85a2-d43d7eec442d,false,false
Номенклатура — исходный каталог,raw.catalog_номенклатура,ec539ef7-0009-11ec-9c3a-00505689ff45,АК-00003938,Автошина Агро 150D/153АВ  TL AGRO RAD,Автошина Агро 150D/153АВ  TL AGRO RAD,9b060c03-71d9-11e7-85a2-d43d7eec442d,false,false
Номенклатура — исходный каталог,raw.catalog_номенклатура,b4b0a36b-0009-11ec-9c3a-00505689ff45,АК-00003937,Автошина Агро 170D/173АВ  TL AGRO RAD,Автошина Агро 170D/173АВ  TL AGRO RAD,9b060c03-71d9-11e7-85a2-d43d7eec442d,false,false
Номенклатура — исходный каталог,raw.catalog_номенклатура,ea3d754a-4482-11eb-7b94-fa163e0d31f7,БП-00003491,Автошина КАМА 185/75 R16C,Автошина КАМА 185/75 R16C,9b060c03-71d9-11e7-85a2-d43d7eec442d,false,false
Номенклатура — исходный каталог,raw.catalog_номенклатура,7b34c046-e873-11eb-0092-fa163e0d31f7,БП-00004569,Автошина КАМА 225/70 R15C,Автошина КАМА 225/70 R15C,9b060c03-71d9-11e7-85a2-d43d7eec442d,false,false
Номенклатура — исходный каталог,raw.catalog_номенклатура,abf7cbe6-39bf-11ea-9523-30f7727a492e,00-00002383,Автошина КОРДИАНТ 225/70/15 G112|110C Бизнес CW-2 Ш,Автошина КОРДИАНТ 225/70/15 G112|110C Бизнес CW-2 Ш,9b060c03-71d9-11e7-85a2-d43d7eec442d,false,false
Номенклатура — исходный каталог,raw.catalog_номенклатура,8ecd8a4b-9670-11ea-952a-30f7727a492e,00-00002605,Автошина КОРДИАНТ 225/70/15 G112|110C Бизнес CА-1,Автошина КОРДИАНТ 225/70/15 G112|110C Бизнес CА-1,9b060c03-71d9-11e7-85a2-d43d7eec442d,false,false
Номенклатура — исходный каталог,raw.catalog_номенклатура,a21cecb0-fffe-11eb-9c3a-00505689ff45,АК-00003932,Автошина710/70R38 NORTEC TA-01 инд.166/169 TL Пов.,Автошина710/70R38 NORTEC TA-01 инд.166/169 TL Пов.,9b060c03-71d9-11e7-85a2-d43d7eec442d,false,false
Номенклатура — исходный каталог,raw.catalog_номенклатура,b3db4dfc-f51f-11eb-9c3a-00505689ff45,АК-00003337,Агент Инсектицид ,Агент Инсектицид ,f9d67774-531d-11f0-b811-005056bde474,false,false
Номенклатура — исходный каталог,raw.catalog_номенклатура,d42bceb4-07ba-11eb-1097-fa163ee5d2f9,БП-00003087,Агентское вознагрождение,Агентское вознагрождение,1aeb231b-094c-11f0-b80e-005056bde474,false,false
Номенклатура — исходный каталог,raw.catalog_номенклатура,dc0c49a9-38e0-11ec-b9aa-00505689914b,АК-00005538,"Агрегатирование, наладка комбайна","Агрегатирование, наладка комбайна",3e420178-094c-11f0-b80e-005056bde474,false,false
Номенклатура — исходный каталог,raw.catalog_номенклатура,4954c361-3104-11ed-9c43-cb6d75bb653b,00-00007139,Агрегатироование ,Агрегатироование ,34f83445-094c-11f0-b80e-005056bde474,false,false
Номенклатура — исходный каталог,raw.catalog_номенклатура,c0b5744c-f51f-11eb-9c3a-00505689ff45,АК-00003338,Агротех-Гарант-Альтин Инсектицид ,Агротех-Гарант-Альтин Инсектицид ,2eaeac4d-5322-11f0-b811-005056bde474,false,false
Номенклатура — исходный каталог,raw.catalog_номенклатура,0a69fdbd-3bcd-11f0-b80e-005056bde474,00-00012412,Адаптер СНС для Lovol Most models,Адаптер СНС для Lovol Most models,de1714af-8a12-11e7-af1d-30f7727a492e,false,false
Номенклатура — исходный каталог,raw.catalog_номенклатура,33ac98df-924e-11ec-9c42-00505689c8d9,00-00006223,"Адаптер котла н.з.+н.м. 0,8 мм 300/200 (конденсат)","Адаптер котла н.з.+н.м. 0,8 мм 300/200 (конденсат)",de1714af-8a12-11e7-af1d-30f7727a492e,false,false
Номенклатура — исходный каталог,raw.catalog_номенклатура,cbe27457-f51f-11eb-9c3a-00505689ff45,АК-00003339,Адванс Инсектицид ,Адванс Инсектицид ,2eaeac4d-5322-11f0-b811-005056bde474,false,false
Номенклатура — исходный каталог,raw.catalog_номенклатура,d6747b4d-f51f-11eb-9c3a-00505689ff45,АК-00003340,Адексар Инсектицид ,Адексар Инсектицид ,2eaeac4d-5322-11f0-b811-005056bde474,false,false
Номенклатура — исходный каталог,raw.catalog_номенклатура,ef0c08f4-72ec-11ec-9c40-00505689c8d9,АК-00005963,Административная перевозка,Административная перевозка,34f83455-094c-11f0-b80e-005056bde474,false,false
Номенклатура — исходный каталог,raw.catalog_номенклатура,0b28dbb9-09b0-11ee-9c4e-00505689ff45,00-00008124,Адью Ж гербицид,Адью Ж гербицид,21f489cd-531d-11f0-b811-005056bde474,false,false
Номенклатура — исходный каталог,raw.catalog_номенклатура,e459a8c5-f51f-11eb-9c3a-00505689ff45,АК-00003341,Азорит Инсектицид ,Азорит Инсектицид ,2eaeac4d-5322-11f0-b811-005056bde474,false,false
Номенклатура — исходный каталог,raw.catalog_номенклатура,ed709a77-f51f-11eb-9c3a-00505689ff45,АК-00003342,Азорро Инсектицид ,Азорро Инсектицид ,2eaeac4d-5322-11f0-b811-005056bde474,false,false
Номенклатура — исходный каталог,raw.catalog_номенклатура,ecb53465-3b94-11f0-b80e-005056bde474,00-00012398,Азотные удобрения (N),,8620e7b8-3b94-11f0-b80e-005056bde474,true,false
Номенклатура — исходный каталог,raw.catalog_номенклатура,c3baa733-f358-11eb-9c3a-00505689ff45,АК-00003324,Азотофосфат NP 33.2,Азотофосфат NP 33.2 ,ecb53465-3b94-11f0-b80e-005056bde474,false,false
Номенклатура — исходный каталог,raw.catalog_номенклатура,35333060-f35a-11eb-9c3a-00505689ff45,АК-00003325,Азофоска (нитроаммофоска) NPKS 21.12.12.3,Азофоска (нитроаммофоска) NPKS 21.12.12.3 ,ab24072a-3b94-11f0-b80e-005056bde474,false,false
Номенклатура — исходный каталог,raw.catalog_номенклатура,f72749b4-f51f-11eb-9c3a-00505689ff45,АК-00003343,Айвенго Инсектицид ,Айвенго Инсектицид ,f9d67774-531d-11f0-b811-005056bde474,false,false
Номенклатура — исходный каталог,raw.catalog_номенклатура,006925e8-f520-11eb-9c3a-00505689ff45,АК-00003344,Аканто Плюс Инсектицид ,Аканто Плюс Инсектицид ,2eaeac4d-5322-11f0-b811-005056bde474,false,false
Номенклатура — исходный каталог,raw.catalog_номенклатура,c6b6c3d2-f524-11eb-9c3a-00505689ff45,АК-00003345,Акарин Инсектицид,Акарин Инсектицид,f9d67774-531d-11f0-b811-005056bde474,false,false
Номенклатура — исходный каталог,raw.catalog_номенклатура,21d96b93-a46e-11e9-af76-30f7727a492e,00-00001762,Акварин № 12 (12:12:35:1)20кг,Акварин № 12 (12:12:35:1)20кг,4d72fc7e-531d-11f0-b811-005056bde474,false,false
Номенклатура — исходный каталог,raw.catalog_номенклатура,21d96b90-a46e-11e9-af76-30f7727a492e,00-00001761,Акварин №5 (18-18-18-2)20кг,Акварин №5 (18-18-18-2)20кг,4d72fc7e-531d-11f0-b811-005056bde474,false,false
Номенклатура — исходный каталог,raw.catalog_номенклатура,c6b6c3d3-f524-11eb-9c3a-00505689ff45,АК-00003346,Акиба Инсектицид,Акиба Инсектицид,f9d67774-531d-11f0-b811-005056bde474,false,false
Номенклатура — исходный каталог,raw.catalog_номенклатура,c6b6c3d4-f524-11eb-9c3a-00505689ff45,АК-00003347,Аккорд Инсектицид,Аккорд Инсектицид,f9d67774-531d-11f0-b811-005056bde474,false,false
Номенклатура — исходный каталог,raw.catalog_номенклатура,1d2a08ee-0b9c-11eb-3385-fa163ee5d2f9,БП-00003133,Аккумулятор AFA 100Ач 830А обратный,Аккумулятор AFA 100Ач 830А обратный,9b060c03-71d9-11e7-85a2-d43d7eec442d,false,false
Номенклатура — исходный каталог,raw.catalog_номенклатура,f77ee6aa-0b9b-11eb-3385-fa163ee5d2f9,БП-00003132,Аккумулятор AFA 91Ач 740А обратный,Аккумулятор AFA 91Ач 740А обратный,9b060c03-71d9-11e7-85a2-d43d7eec442d,false,false
Номенклатура — исходный каталог,raw.catalog_номенклатура,f74dc6d5-1fdc-11ea-9522-30f7727a492e,00-00002291,Аккумулятор EXCLUSVE 190 А/ч под болт 6СТ190,Аккумулятор EXCLUSVE 190 А/ч под болт 6СТ190,9b060c03-71d9-11e7-85a2-d43d7eec442d,false,false
Номенклатура — исходный каталог,raw.catalog_номенклатура,7abde238-0b9b-11eb-3385-fa163ee5d2f9,БП-00003130,Аккумулятор KAR H4,Аккумулятор KAR H4,9b060c03-71d9-11e7-85a2-d43d7eec442d,false,false
Номенклатура — исходный каталог,raw.catalog_номенклатура,78afded2-33e2-11eb-0e8a-fa163e0d31f7,БП-00003287,Аккумулятор KARHU 190Ач 6СТ190,Аккумулятор KARHU 190Ач 6СТ190,9b060c03-71d9-11e7-85a2-d43d7eec442d,false,false
Номенклатура — исходный каталог,raw.catalog_номенклатура,c3db9b70-0b7f-11eb-3385-fa163ee5d2f9,БП-00003113,Аккумулятор герметичный свинцово-кислотный 12В 12Ач,Аккумулятор герметичный свинцово-кислотный 12В 12Ач,de1714af-8a12-11e7-af1d-30f7727a492e,false,false
Номенклатура — исходный каталог,raw.catalog_номенклатура,8fe28b8f-29d0-11f0-b80e-005056bde474,00-00012109,"Акробат МЦ, ВДГ (600+90г/кг)","Акробат МЦ, ВДГ (600+90г/кг)",2eaeac4d-5322-11f0-b811-005056bde474,false,false
Номенклатура — исходный каталог,raw.catalog_номенклатура,c6b6c3d5-f524-11eb-9c3a-00505689ff45,АК-00003348,Актара 041-01-170-1 Инсектицид,Актара 041-01-170-1 Инсектицид,f9d67774-531d-11f0-b811-005056bde474,false,false
Номенклатура — исходный каталог,raw.catalog_номенклатура,c6b6c3d6-f524-11eb-9c3a-00505689ff45,АК-00003349,Актара 2083-10-101-018-0-1-1-1 Инсектицид,Актара 2083-10-101-018-0-1-1-1 Инсектицид,f9d67774-531d-11f0-b811-005056bde474,false,false
Номенклатура — исходный каталог,raw.catalog_номенклатура,53c95f0f-be89-11ee-9c4c-005056893620,00-00010094,Активная пена для бесконтактной мойки,Активная пена для бесконтактной мойки,9b060c02-71d9-11e7-85a2-d43d7eec442d,false,false
Номенклатура — исходный каталог,raw.catalog_номенклатура,c6b6c3d7-f524-11eb-9c3a-00505689ff45,АК-00003350,Алатар Инсектицид,Алатар Инсектицид,f9d67774-531d-11f0-b811-005056bde474,false,false
Номенклатура — исходный каталог,raw.catalog_номенклатура,c6b6c3d8-f524-11eb-9c3a-00505689ff45,АК-00003351,Алиос Инсектицид,Алиос Инсектицид,2eaeac4d-5322-11f0-b811-005056bde474,false,false
Номенклатура — исходный каталог,raw.catalog_номенклатура,c6b6c3d9-f524-11eb-9c3a-00505689ff45,АК-00003352,Алиот Инсектицид,Алиот Инсектицид,f9d67774-531d-11f0-b811-005056bde474,false,false
Номенклатура — исходный каталог,raw.catalog_номенклатура,c6b6c3da-f524-11eb-9c3a-00505689ff45,АК-00003353,Алирин-Б 1449-09-107-214(215)-0-0-3-0 Инсектицид,Алирин-Б 1449-09-107-214(215)-0-0-3-0 Инсектицид,2eaeac4d-5322-11f0-b811-005056bde474,false,false
Номенклатура — исходный каталог,raw.catalog_номенклатура,c6b6c3db-f524-11eb-9c3a-00505689ff45,АК-00003354,Алирин-Б 2117-10-307-214(215)(434)-0-0-3-0 Инсектицид,Алирин-Б 2117-10-307-214(215)(434)-0-0-3-0 Инсектицид,2eaeac4d-5322-11f0-b811-005056bde474,false,false
Номенклатура — исходный каталог,raw.catalog_номенклатура,c6b6c3dc-f524-11eb-9c3a-00505689ff45,АК-00003355,АлтАльф Инсектицид,АлтАльф Инсектицид,f9d67774-531d-11f0-b811-005056bde474,false,false
Номенклатура — исходный каталог,raw.catalog_номенклатура,c6b6c3dd-f524-11eb-9c3a-00505689ff45,АК-00003356,Алтын Инсектицид,Алтын Инсектицид,f9d67774-531d-11f0-b811-005056bde474,false,false
Номенклатура — исходный каталог,raw.catalog_номенклатура,c6b6c3de-f524-11eb-9c3a-00505689ff45,АК-00003357,Альбит Инсектицид,Альбит Инсектицид,e1243393-532a-11f0-b811-005056bde474,false,false
Номенклатура — исходный каталог,raw.catalog_номенклатура,c6b6c3df-f524-11eb-9c3a-00505689ff45,АК-00003358,Алькасар Инсектицид,Алькасар Инсектицид,2eaeac4d-5322-11f0-b811-005056bde474,false,false
Номенклатура — исходный каталог,raw.catalog_номенклатура,c6b6c3e0-f524-11eb-9c3a-00505689ff45,АК-00003359,Алькор Инсектицид,Алькор Инсектицид,2eaeac4d-5322-11f0-b811-005056bde474,false,false
Номенклатура — исходный каталог,raw.catalog_номенклатура,c6b6c3e1-f524-11eb-9c3a-00505689ff45,АК-00003360,Алькор Супер Инсектицид,Алькор Супер Инсектицид,2eaeac4d-5322-11f0-b811-005056bde474,false,false
Номенклатура — исходный каталог,raw.catalog_номенклатура,c6b6c3e2-f524-11eb-9c3a-00505689ff45,АК-00003361,Альпари Инсектицид,Альпари Инсектицид,2eaeac4d-5322-11f0-b811-005056bde474,false,false
Номенклатура — исходный каталог,raw.catalog_номенклатура,c6b6c3e3-f524-11eb-9c3a-00505689ff45,АК-00003362,Альтазол Инсектицид,Альтазол Инсектицид,2eaeac4d-5322-11f0-b811-005056bde474,false,false
Номенклатура — исходный каталог,raw.catalog_номенклатура,c6b6c3e4-f524-11eb-9c3a-00505689ff45,АК-00003363,Альто Супер Инсектицид,Альто Супер Инсектицид,2eaeac4d-5322-11f0-b811-005056bde474,false,false
Номенклатура — исходный каталог,raw.catalog_номенклатура,c6b6c3e5-f524-11eb-9c3a-00505689ff45,АК-00003364,Альто Турбо Инсектицид,Альто Турбо Инсектицид,2eaeac4d-5322-11f0-b811-005056bde474,false,false
Номенклатура — исходный каталог,raw.catalog_номенклатура,c6b6c3e6-f524-11eb-9c3a-00505689ff45,АК-00003365,Альтруист Инсектицид,Альтруист Инсектицид,2eaeac4d-5322-11f0-b811-005056bde474,false,false
Номенклатура — исходный каталог,raw.catalog_номенклатура,c6b6c3e7-f524-11eb-9c3a-00505689ff45,АК-00003366,Альтрум Супер Инсектицид,Альтрум Супер Инсектицид,2eaeac4d-5322-11f0-b811-005056bde474,false,false
Номенклатура — исходный каталог,raw.catalog_номенклатура,c6b6c3ed-f524-11eb-9c3a-00505689ff45,АК-00003372,Альфа Ринг Инсектицид,Альфа Ринг Инсектицид,f9d67774-531d-11f0-b811-005056bde474,false,false
Номенклатура — исходный каталог,raw.catalog_номенклатура,c6b6c3ee-f524-11eb-9c3a-00505689ff45,АК-00003373,Альфа Феникс Инсектицид,Альфа Феникс Инсектицид,2eaeac4d-5322-11f0-b811-005056bde474,false,false
Номенклатура — исходный каталог,raw.catalog_номенклатура,c6b6c3e8-f524-11eb-9c3a-00505689ff45,АК-00003367,Альфа-Амиприд Инсектицид,Альфа-Амиприд Инсектицид,f9d67774-531d-11f0-b811-005056bde474,false,false
Номенклатура — исходный каталог,raw.catalog_номенклатура,c6b6c3e9-f524-11eb-9c3a-00505689ff45,АК-00003368,Альфа-Директор Инсектицид,Альфа-Директор Инсектицид,f9d67774-531d-11f0-b811-005056bde474,false,false
Номенклатура — исходный каталог,raw.catalog_номенклатура,c6b6c3ea-f524-11eb-9c3a-00505689ff45,АК-00003369,Альфа-Протравитель Инсектицид,Альфа-Протравитель Инсектицид,668204c4-5324-11f0-b811-005056bde474,false,false
Номенклатура — исходный каталог,raw.catalog_номенклатура,c6b6c3eb-f524-11eb-9c3a-00505689ff45,АК-00003370,Альфа-Серф Инсектицид,Альфа-Серф Инсектицид,f9d67774-531d-11f0-b811-005056bde474,false,false
Номенклатура — исходный каталог,raw.catalog_номенклатура,c6b6c3ec-f524-11eb-9c3a-00505689ff45,АК-00003371,Альфа-Ципи Инсектицид,Альфа-Ципи Инсектицид,f9d67774-531d-11f0-b811-005056bde474,false,false
Номенклатура — исходный каталог,raw.catalog_номенклатура,c6b6c3ef-f524-11eb-9c3a-00505689ff45,АК-00003374,Альфабел Инсектицид,Альфабел Инсектицид,f9d67774-531d-11f0-b811-005056bde474,false,false
Номенклатура — исходный каталог,raw.catalog_номенклатура,c6b6c3f0-f524-11eb-9c3a-00505689ff45,АК-00003375,Альфаплан Инсектицид,Альфаплан Инсектицид,f9d67774-531d-11f0-b811-005056bde474,false,false
Номенклатура — исходный каталог,raw.catalog_номенклатура,c6b6c3f1-f524-11eb-9c3a-00505689ff45,АК-00003376,Альфас Инсектицид,Альфас Инсектицид,f9d67774-531d-11f0-b811-005056bde474,false,false
Номенклатура — исходный каталог,raw.catalog_номенклатура,c6b6c3f2-f524-11eb-9c3a-00505689ff45,АК-00003377,Альфацин Инсектицид,Альфацин Инсектицид,f9d67774-531d-11f0-b811-005056bde474,false,false
Номенклатура — исходный каталог,raw.catalog_номенклатура,c6b6c3f3-f524-11eb-9c3a-00505689ff45,АК-00003378,Альфашанс Инсектицид,Альфашанс Инсектицид,f9d67774-531d-11f0-b811-005056bde474,false,false
Номенклатура — исходный каталог,raw.catalog_номенклатура,ab43db2d-f354-11eb-9c3a-00505689ff45,АК-00003314,Аминомакс Nca 12.6,Аминомакс Nca 12.6 ,ecb53465-3b94-11f0-b80e-005056bde474,false,false
Номенклатура — исходный каталог,raw.catalog_номенклатура,c6b6c3f4-f524-11eb-9c3a-00505689ff45,АК-00003379,Амистар Трио Инсектицид,Амистар Трио Инсектицид,2eaeac4d-5322-11f0-b811-005056bde474,false,false
Номенклатура — исходный каталог,raw.catalog_номенклатура,c6b6c3f5-f524-11eb-9c3a-00505689ff45,АК-00003380,Амистар Экстра Инсектицид,Амистар Экстра Инсектицид,2eaeac4d-5322-11f0-b811-005056bde474,false,false
Номенклатура — исходный каталог,raw.catalog_номенклатура,9f067082-f35a-11eb-9c3a-00505689ff45,АК-00003326,Аммиачная вода (водный аммиак) N 33,Аммиачная вода (водный аммиак) N 33 ,ecb53465-3b94-11f0-b80e-005056bde474,false,false
Номенклатура — исходный каталог,raw.catalog_номенклатура,bd62f6ef-7da8-11e7-af19-30f7727a492e,00-00000238,Аммиачная селитра,Аммиачная селитра,ecb53465-3b94-11f0-b80e-005056bde474,false,false
Номенклатура — исходный каталог,raw.catalog_номенклатура,88a3fd01-8eba-11ea-9529-30f7727a492e,00-00002578,"Аммиачная селитра, марка Б, сорт высший, МКР","Аммиачная селитра, марка Б, сорт высший, МКР",ecb53465-3b94-11f0-b80e-005056bde474,false,false
Номенклатура — исходный каталог,raw.catalog_номенклатура,bed45b3f-f35a-11eb-9c3a-00505689ff45,АК-00003327,Аммофос NP 12.52,Аммофос NP 12:52,46031468-3b95-11f0-b80e-005056bde474,false,false
Номенклатура — исходный каталог,raw.catalog_номенклатура,f45aba12-e157-11ea-8696-fa163ee5d2f9,БП-00002947,Амортизатор задний ASTION,Амортизатор задний ASTION,9b060c03-71d9-11e7-85a2-d43d7eec442d,false,false
Номенклатура — исходный каталог,raw.catalog_номенклатура,a023fb93-fff8-11eb-9c3a-00505689ff45,АК-00003927,Амортизатор с втулкой HG004,Амортизатор с втулкой HG004,9b060c03-71d9-11e7-85a2-d43d7eec442d,false,false
Номенклатура — исходный каталог,raw.catalog_номенклатура,c6b6c3f6-f524-11eb-9c3a-00505689ff45,АК-00003381,Амплиго Инсектицид,Амплиго Инсектицид,f9d67774-531d-11f0-b811-005056bde474,false,false
Номенклатура — исходный каталог,raw.catalog_номенклатура,c6b6c3f7-f524-11eb-9c3a-00505689ff45,АК-00003382,Анемон Инсектицид,Анемон Инсектицид,2eaeac4d-5322-11f0-b811-005056bde474,false,false
Номенклатура — исходный каталог,raw.catalog_номенклатура,c61f05e8-9303-11f0-b818-005056bde474,00-00012717,Анкер М10х95,Анкер М10х95,515b983a-72a8-11eb-4886-fa163e0d31f7,false,false
Номенклатура — исходный каталог,raw.catalog_номенклатура,c6b6c3f8-f524-11eb-9c3a-00505689ff45,АК-00003383,Анкер Трио Инсектицид,Анкер Трио Инсектицид,668204c4-5324-11f0-b811-005056bde474,false,false
Номенклатура — исходный каталог,raw.catalog_номенклатура,a367d404-1759-11eb-aa97-fa163e0d31f7,БП-00003166,Анкер м,Анкер,24750554-1759-11eb-aa97-fa163e0d31f7,false,false
Номенклатура — исходный каталог,raw.catalog_номенклатура,465945a0-22e1-11ec-9c3a-00505689ff45,АК-00005335,Анкерный болт с гайкой М10*100,Анкерный болт с гайкой М10*100,4d12befa-22e0-11ec-9c3a-00505689ff45,false,false
Номенклатура — исходный каталог,raw.catalog_номенклатура,c6b6c3f9-f524-11eb-9c3a-00505689ff45,АК-00003384,Ансамбль Инсектицид,Ансамбль Инсектицид,668204c4-5324-11f0-b811-005056bde474,false,false
Номенклатура — исходный каталог,raw.catalog_номенклатура,6bf9a33e-be7e-11ee-9c4c-005056893620,00-00010089,Антигололед 20кг,Антигололед 20кг,9088eeaa-75dc-11e7-af18-30f7727a492e,false,false
Номенклатура — исходный каталог,raw.catalog_номенклатура,c6b6c3fa-f524-11eb-9c3a-00505689ff45,АК-00003385,Антитлин Инсектицид,Антитлин Инсектицид,f9d67774-531d-11f0-b811-005056bde474,false,false
Номенклатура — исходный каталог,raw.catalog_номенклатура,ec700d82-3d8c-11f1-b821-005056bde474,00-00014084,Антифриз,,9088ee9f-75dc-11e7-af18-30f7727a492e,true,false
Номенклатура — исходный каталог,raw.catalog_номенклатура,95489ec8-1a9d-11ee-9c4e-00505689ff45,00-00008282,АпаСил,АпаСил,e1243393-532a-11f0-b811-005056bde474,false,false
Номенклатура — исходный каталог,raw.catalog_номенклатура,c6b6c3fb-f524-11eb-9c3a-00505689ff45,АК-00003386,Апачи Инсектицид,Апачи Инсектицид,f9d67774-531d-11f0-b811-005056bde474,false,false
Номенклатура — исходный каталог,raw.catalog_номенклатура,b66d313c-d975-11eb-6c92-fa163e0d31f7,БП-00004398,Апирой,Апирой,65439ec8-d96f-11eb-6c92-fa163e0d31f7,false,false
Номенклатура — исходный каталог,raw.catalog_номенклатура,28735a74-f7d0-11f0-b81e-005056bde474,00-00013613,Аппарат промывки и удаления камней барабанного типа,Аппарат промывки и удаления камней барабанного типа,de1714af-8a12-11e7-af1d-30f7727a492e,false,false
Номенклатура — исходный каталог,raw.catalog_номенклатура,b2630706-94ee-11ea-9529-30f7727a492e,00-00002601,Аппарат стационарный настенный MLC-C 1915P,Аппарат стационарный настенный MLC-C 1915P,de1714af-8a12-11e7-af1d-30f7727a492e,false,false
Номенклатура — исходный каталог,raw.catalog_номенклатура,c6b6c3fc-f524-11eb-9c3a-00505689ff45,АК-00003387,Апрон XL Инсектицид,Апрон XL Инсектицид,2eaeac4d-5322-11f0-b811-005056bde474,false,false
Номенклатура — исходный каталог,raw.catalog_номенклатура,cf8ae134-33e2-11eb-0e8a-fa163e0d31f7,БП-00003288,Аптечка для ремонта покрышек и камер,Аптечка для ремонта покрышек и камер,9b060c03-71d9-11e7-85a2-d43d7eec442d,false,false
Номенклатура — исходный каталог,raw.catalog_номенклатура,9088eea3-75dc-11e7-af18-30f7727a492e,00-00000058,Аренда,,9b060c57-71d9-11e7-85a2-d43d7eec442d,true,false
Номенклатура — исходный каталог,raw.catalog_номенклатура,9b060c60-71d9-11e7-85a2-d43d7eec442d,00000004   ,Аренда,Аренда,9088eea3-75dc-11e7-af18-30f7727a492e,false,false
Номенклатура — исходный каталог,raw.catalog_номенклатура,e8f07f1b-785b-11e8-af42-30f7727a492e,00-00000957,Аренда движимого имущества,Аренда движимого имущества,9088eea3-75dc-11e7-af18-30f7727a492e,false,false
Номенклатура — исходный каталог,raw.catalog_номенклатура,9b060c61-71d9-11e7-85a2-d43d7eec442d,00000002   ,Аренда зем. участка 493 и 30992,"Аренда земельных участков с кадастровым номером 50:30:0050305:493 площадью 33,2483 га и с кадастровым номером 50:30:0000000:30992 площадью 48,00 га за январь-июнь 2017 г.",9088eea3-75dc-11e7-af18-30f7727a492e,false,false
Номенклатура — исходный каталог,raw.catalog_номенклатура,9b060c62-71d9-11e7-85a2-d43d7eec442d,00000003   ,Аренда земельного участка 203 и 30990,"Аренда земельных участков с кадастровым номером 50:30:0050304:203 площадью 5625,0 кв. м и кадастровым номером 50:30:0000000:30990 площадью 3663,0 кв.м. за январь-март 2016 г.",9088eea3-75dc-11e7-af18-30f7727a492e,false,false
Номенклатура — исходный каталог,raw.catalog_номенклатура,f62ed057-06ae-11e9-a443-94de80168a80,00-00001363,Аренда земельного участка 50:30:0020309:415,Аренда земельного участка с кадастровым номером 50:30:0020309:415 площадью 35.0 га  ,9088eea3-75dc-11e7-af18-30f7727a492e,false,false
Номенклатура — исходный каталог,raw.catalog_номенклатура,2d91d7ab-8bdc-11e7-a3d2-94de80168a80,00-00000306,Аренда земельного участка 50:30:0050305:493,"Аренда земельного участка с кадастровым номером 50:30:0050305:493 площадью 30,0 га га",9088eea3-75dc-11e7-af18-30f7727a492e,false,false
Номенклатура — исходный каталог,raw.catalog_номенклатура,9b060c63-71d9-11e7-85a2-d43d7eec442d,00000001   ,Аренда земельного участка с кадастровым номером 50:30:0020309:415 площадью 43 га  ,Аренда земельного участка с кадастровым номером 50:30:0020309:415 площадью 43 га  ,9088eea3-75dc-11e7-af18-30f7727a492e,false,false
Номенклатура — исходный каталог,raw.catalog_номенклатура,2b370fe8-1a8a-11eb-c693-fa163e0d31f7,БП-00003174,Аренда земли,Аренда земли,9088eea3-75dc-11e7-af18-30f7727a492e,false,false
Номенклатура — исходный каталог,raw.catalog_номенклатура,42b31548-ebc1-11e7-a3ff-94de80168a80,00-00000599,Аренда манипулятора,Аренда манипулятора,34f83455-094c-11f0-b80e-005056bde474,false,false
Номенклатура — исходный каталог,raw.catalog_номенклатура,01a70c94-3712-11f1-b81f-005056bde474,00-00014036,Аренда помещения,Аренда помещения,9088eea3-75dc-11e7-af18-30f7727a492e,false,false
Номенклатура — исходный каталог,raw.catalog_номенклатура,383b0805-821f-11ef-9c5d-00505689ff45,00-00011201,Аренда помещения под хранение оборудования,Аренда помещения под хранение оборудования,9088eea3-75dc-11e7-af18-30f7727a492e,false,false
Номенклатура — исходный каталог,raw.catalog_номенклатура,a459cff6-48f1-11eb-2f8d-fa163e0d31f7,БП-00003498,Аренда участка пощадь 35 га кадастровый № 50:30:0020309:415,Аренда участка пощадь 35 га кадастровый № 50:30:0020309:415,9088eea3-75dc-11e7-af18-30f7727a492e,false,false
Номенклатура — исходный каталог,raw.catalog_номенклатура,e726f8d6-9727-11e9-a45e-94de80168a80,00-00001735,Аренда хранилища,Аренда хранилища,9088eea3-75dc-11e7-af18-30f7727a492e,false,false
Номенклатура — исходный каталог,raw.catalog_номенклатура,c6b6c3fd-f524-11eb-9c3a-00505689ff45,АК-00003388,Армин Инсектицид,Армин Инсектицид,f9d67774-531d-11f0-b811-005056bde474,false,false
Номенклатура — исходный каталог,raw.catalog_номенклатура,c6b6c3fe-f524-11eb-9c3a-00505689ff45,АК-00003389,Арриво Инсектицид,Арриво Инсектицид,f9d67774-531d-11f0-b811-005056bde474,false,false
Номенклатура — исходный каталог,raw.catalog_номенклатура,c6b6c3ff-f524-11eb-9c3a-00505689ff45,АК-00003390,Аспид Инсектицид,Аспид Инсектицид,f9d67774-531d-11f0-b811-005056bde474,false,false
Номенклатура — исходный каталог,raw.catalog_номенклатура,c6b6c400-f524-11eb-9c3a-00505689ff45,АК-00003391,Атлант Инсектицид,Атлант Инсектицид,2eaeac4d-5322-11f0-b811-005056bde474,false,false
Номенклатура — исходный каталог,raw.catalog_номенклатура,c6b6c401-f524-11eb-9c3a-00505689ff45,АК-00003392,Атлант Супер Инсектицид,Атлант Супер Инсектицид,2eaeac4d-5322-11f0-b811-005056bde474,false,false
Номенклатура — исходный каталог,raw.catalog_номенклатура,c6b6c402-f524-11eb-9c3a-00505689ff45,АК-00003393,Атом Инсектицид,Атом Инсектицид,f9d67774-531d-11f0-b811-005056bde474,false,false
Номенклатура — исходный каталог,raw.catalog_номенклатура,c6b6c403-f524-11eb-9c3a-00505689ff45,АК-00003394,Атрикс Инсектицид,Атрикс Инсектицид,f9d67774-531d-11f0-b811-005056bde474,false,false
Номенклатура — исходный каталог,raw.catalog_номенклатура,c6b6c404-f524-11eb-9c3a-00505689ff45,АК-00003395,Аттик Инсектицид,Аттик Инсектицид,2eaeac4d-5322-11f0-b811-005056bde474,false,false
Номенклатура — исходный каталог,raw.catalog_номенклатура,4ca5ba3a-f520-11f0-b81e-005056bde474,00-00013412,"Аудит по охране труда, контролю мер пожарной безопасности, электробезопасности ","Аудит по охране труда, контролю мер пожарной безопасности, электробезопасности",1aeb231b-094c-11f0-b80e-005056bde474,false,false
Номенклатура — исходный каталог,raw.catalog_номенклатура,f8a11922-0731-11f1-b81f-005056bde474,00-00013675,Аутсорсинговые работы производства Переборка картофеля,Аутсорсинговые работы производства Переборка картофеля,2b7f4a51-094c-11f0-b80e-005056bde474,false,false
Номенклатура — исходный каталог,raw.catalog_номенклатура,761e0af2-a19d-11ef-9c5e-00505689ff45,00-00011353,Аутсорсинговые работы производства Сортировка картофеля,Аутсорсинговые работы производства Сортировка картофеля,2b7f4a51-094c-11f0-b80e-005056bde474,false,false
Номенклатура — исходный каталог,raw.catalog_номенклатура,ec18c9ea-ff61-11e7-af2b-30f7727a492e,00-00000664,Аутсорсинговые работы производства Фасовка картофеля в мешки,Аутсорсинговые работы производства Фасовка картофеля в мешки,2b7f4a51-094c-11f0-b80e-005056bde474,false,false
Номенклатура — исходный каталог,raw.catalog_номенклатура,c6b6c428-f524-11eb-9c3a-00505689ff45,АК-00003431,БФТИМ КС-2 Инсектицид,БФТИМ КС-2 Инсектицид,2eaeac4d-5322-11f0-b811-005056bde474,false,false
Номенклатура — исходный каталог,raw.catalog_номенклатура,c6b6c405-f524-11eb-9c3a-00505689ff45,АК-00003396,Байзафон Инсектицид,Байзафон Инсектицид,2eaeac4d-5322-11f0-b811-005056bde474,false,false
Номенклатура — исходный каталог,raw.catalog_номенклатура,c6b6c406-f524-11eb-9c3a-00505689ff45,АК-00003397,Байлетон Инсектицид,Байлетон Инсектицид,2eaeac4d-5322-11f0-b811-005056bde474,false,false
Номенклатура — исходный каталог,raw.catalog_номенклатура,bb38b20e-49b0-11eb-a99a-fa163e0d31f7,БП-00003504,Бак 45л полипропилен d=42см h=57см с крышкой для пищевых продуктов,Бак 45л полипропилен d=42см h=57см с крышкой для пищевых продуктов,1b37fa4d-4216-11f1-b821-005056bde474,false,false
Номенклатура — исходный каталог,raw.catalog_номенклатура,a3ee6f26-5658-11eb-1f84-fa163e0d31f7,БП-00003583,Бак на 24 литра,Бак на 24 литра,1b37fa4d-4216-11f1-b821-005056bde474,false,false
Номенклатура — исходный каталог,raw.catalog_номенклатура,545c4ce3-18d5-11ef-9c4f-005056893620,00-00010575,Бак пластиковый с крышкой 60 литров,Бак пластиковый с крышкой 60 литров,1b37fa4d-4216-11f1-b821-005056bde474,false,false
Номенклатура — исходный каталог,raw.catalog_номенклатура,704c3d35-8c79-11ef-9c5e-00505689ff45,00-00011286,Бак пластиковый с крышкой 80 литров,Бак пластиковый с крышкой 80 литров,1b37fa4d-4216-11f1-b821-005056bde474,false,false
Номенклатура — исходный каталог,raw.catalog_номенклатура,c6b6c407-f524-11eb-9c3a-00505689ff45,АК-00003398,Баксис Инсектицид,Баксис Инсектицид,2eaeac4d-5322-11f0-b811-005056bde474,false,false
Номенклатура — исходный каталог,raw.catalog_номенклатура,c6b6c408-f524-11eb-9c3a-00505689ff45,АК-00003399,Бактофит 1277-08-307-071-0-0-3-0 Инсектицид,Бактофит 1277-08-307-071-0-0-3-0 Инсектицид,2eaeac4d-5322-11f0-b811-005056bde474,false,false
Номенклатура — исходный каталог,raw.catalog_номенклатура,c6b6c409-f524-11eb-9c3a-00505689ff45,АК-00003400,Бактофит 2389-12-307-071-0-0-3-1 Инсектицид,Бактофит 2389-12-307-071-0-0-3-1 Инсектицид,2eaeac4d-5322-11f0-b811-005056bde474,false,false
Номенклатура — исходный каталог,raw.catalog_номенклатура,e4b1e319-f2d8-11eb-9c3a-00505689ff45,АК-00003284,"Балий, КМЭ Фунгицид ",Балий Фунгицид ,2eaeac4d-5322-11f0-b811-005056bde474,false,false
Номенклатура — исходный каталог,raw.catalog_номенклатура,c6b6c40a-f524-11eb-9c3a-00505689ff45,АК-00003401,Балинт Инсектицид,Балинт Инсектицид,2eaeac4d-5322-11f0-b811-005056bde474,false,false
Номенклатура — исходный каталог,raw.catalog_номенклатура,7c68b85d-9303-11f0-b818-005056bde474,00-00012715,"Балка (б/у) 2700мм, ГТС","Балка (б/у) 2700мм, ГТС",515b983a-72a8-11eb-4886-fa163e0d31f7,false,false
Номенклатура — исходный каталог,raw.catalog_номенклатура,a87d77dc-72a8-11eb-4886-fa163e0d31f7,БП-00003746,Балка 1800/2100 (120.1.5 ),Балка 1800/2100 (120.1.5 ),515b983a-72a8-11eb-4886-fa163e0d31f7,false,false
Номенклатура — исходный каталог,raw.catalog_номенклатура,ced83f8e-72a8-11eb-4886-fa163e0d31f7,БП-00003747,Балка 2700/3250 (150.2.0 ),Балка 2700/3250 (150.2.0 ),515b983a-72a8-11eb-4886-fa163e0d31f7,false,false
Номенклатура — исходный каталог,raw.catalog_номенклатура,6fce1388-1759-11eb-aa97-fa163e0d31f7,БП-00003164,Балка 2700мм,Балка 2700мм,24750554-1759-11eb-aa97-fa163e0d31f7,false,false
Номенклатура — исходный каталог,raw.catalog_номенклатура,dfb7cb4a-22e0-11ec-9c3a-00505689ff45,АК-00005334,Балка 2800/3300 (150.2.0 ),Балка 2800/3300 (150.2.0 ),4d12befa-22e0-11ec-9c3a-00505689ff45,false,false
Номенклатура — исходный каталог,raw.catalog_номенклатура,886ffa1e-1759-11eb-aa97-fa163e0d31f7,БП-00003165,Балка 3600мм,Балка 3600мм,24750554-1759-11eb-aa97-fa163e0d31f7,false,false
Номенклатура — исходный каталог,raw.catalog_номенклатура,ba425a3b-dd47-11ed-9c4e-00505689ff45,00-00007755,Баллон с ацетеленом 5кг,Баллон с ацетеленом 5кг,9b060c02-71d9-11e7-85a2-d43d7eec442d,false,false
Номенклатура — исходный каталог,raw.catalog_номенклатура,0fda3ad5-dd48-11ed-9c4e-00505689ff45,00-00007756,Баллон с кислородом 40л,Баллон с кислородом 40л,9b060c02-71d9-11e7-85a2-d43d7eec442d,false,false
Номенклатура — исходный каталог,raw.catalog_номенклатура,5616636e-c1a7-11ee-9c4c-005056893620,00-00010109,Балтик Роуз РС2 грязный сетка 2кг. Полив,Балтик Роуз РС2 грязный сетка 2кг. Полив,13ef6ba2-4b80-11f0-b810-005056bde474,false,false
Номенклатура — исходный каталог,raw.catalog_номенклатура,e366e943-40ba-11ee-9c4e-00505689ff45,00-00009068,Балтик Роуз РС3 мытый Сетка-домик 3кг Полив,Картофель балтик роуз 3 репродукции отборный мытый сетка домик 3кг под поливом,03e63608-4b80-11f0-b810-005056bde474,false,false
Номенклатура — исходный каталог,raw.catalog_номенклатура,869d92c9-2b49-11f0-b80e-005056bde474,00-00012211,"Балтик РоузРС4 Красный Беби Мытый Сетка домик1,5 кг.","Балтик РоузРС4 Красный Беби Мытый Сетка домик1,5 кг.",03e63608-4b80-11f0-b810-005056bde474,false,true
Номенклатура — исходный каталог,raw.catalog_номенклатура,94241889-2b50-11f0-b80e-005056bde474,00-00012218,Балтик РоузРС4 Красный Беби Мытый Сетка домик2 кг.,Балтик РоузРС4 Красный Беби Мытый Сетка домик2 кг.,03e63608-4b80-11f0-b810-005056bde474,false,true
Номенклатура — исходный каталог,raw.catalog_номенклатура,46e8bade-2b54-11f0-b80e-005056bde474,00-00012226,Балтик РоузРС4 Красный Беби Мытый Сетка на рулоне25 кг.,Балтик РоузРС4 Красный Беби Мытый Сетка на рулоне25 кг.,03e63608-4b80-11f0-b810-005056bde474,false,true
Номенклатура — исходный каталог,raw.catalog_номенклатура,3ef5e25d-2f1a-11f0-b80e-005056bde474,00-00012296,Балтик РоузРС4 Красный Грязный  Биг-бэг1000 кг.,Балтик РоузРС4 Красный Грязный  Биг-бэг1000 кг.,13ef6ba2-4b80-11f0-b810-005056bde474,false,true
Номенклатура — исходный каталог,raw.catalog_номенклатура,eb57003e-2f0f-11f0-b80e-005056bde474,00-00012268,"Балтик РоузРС4 Красный Грязный  Сетка на рулоне2,5 кг.","Балтик РоузРС4 Красный Грязный  Сетка на рулоне2,5 кг.",13ef6ba2-4b80-11f0-b810-005056bde474,false,true
Номенклатура — исходный каталог,raw.catalog_номенклатура,91d42192-2e55-11f0-b80e-005056bde474,00-00012249,Балтик РоузРС4 Красный Грязный  Сетка на рулоне25 кг.,Балтик РоузРС4 Красный Грязный  Сетка на рулоне25 кг.,13ef6ba2-4b80-11f0-b810-005056bde474,false,true
Номенклатура — исходный каталог,raw.catalog_номенклатура,39047ae1-2f17-11f0-b80e-005056bde474,00-00012282,Балтик РоузРС4 Красный Грязный  Сетка на рулоне3 кг.,Балтик РоузРС4 Красный Грязный  Сетка на рулоне3 кг.,13ef6ba2-4b80-11f0-b810-005056bde474,false,true
Номенклатура — исходный каталог,raw.catalog_номенклатура,6c42e691-2f18-11f0-b80e-005056bde474,00-00012289,Балтик РоузРС4 Красный Грязный  Сетка на рулоне5 кг.,Балтик РоузРС4 Красный Грязный  Сетка на рулоне5 кг.,13ef6ba2-4b80-11f0-b810-005056bde474,false,true
Номенклатура — исходный каталог,raw.catalog_номенклатура,7269171e-2f11-11f0-b80e-005056bde474,00-00012275,"Балтик РоузРС4 Красный Грязный 35-50 Сетка на рулоне2,5 кг.","Балтик РоузРС4 Красный Грязный 35-50 Сетка на рулоне2,5 кг.",13ef6ba2-4b80-11f0-b810-005056bde474,false,true
Номенклатура — исходный каталог,raw.catalog_номенклатура,f4c9d321-2a4c-11f0-b80e-005056bde474,00-00012132,"Балтик РоузРС4 Красный Мытый  Сетка домик2,5 кг.","Балтик РоузРС4 Красный Мытый  Сетка домик2,5 кг.",03e63608-4b80-11f0-b810-005056bde474,false,true
Номенклатура — исходный каталог,raw.catalog_номенклатура,ddc9dc89-2bfc-11f0-b80e-005056bde474,00-00012234,Балтик РоузРС4 Красный Мытый  Сетка домик3 кг.,Балтик РоузРС4 Красный Мытый  Сетка домик3 кг.,03e63608-4b80-11f0-b810-005056bde474,false,true
Номенклатура — исходный каталог,raw.catalog_номенклатура,bbad3c46-2c03-11f0-b80e-005056bde474,00-00012242,Балтик РоузРС4 Красный Мытый  Сетка на рулоне25 кг.,Балтик РоузРС4 Красный Мытый  Сетка на рулоне25 кг.,03e63608-4b80-11f0-b810-005056bde474,false,true
Номенклатура — исходный каталог,raw.catalog_номенклатура,1be3c544-d976-11eb-6c92-fa163e0d31f7,БП-00004401,"Бальзам ""АпиМакс""","Бальзам ""АпиМакс""",65439ec8-d96f-11eb-6c92-fa163e0d31f7,false,false
Номенклатура — исходный каталог,raw.catalog_номенклатура,0d7c1ea6-92c8-11eb-0c80-fa163e0d31f7,БП-00003826,Бампер 34664300,Бампер 34664300,9b060c03-71d9-11e7-85a2-d43d7eec442d,false,false
Номенклатура — исходный каталог,raw.catalog_номенклатура,c6b6c40b-f524-11eb-9c3a-00505689ff45,АК-00003402,Бампер Инсектицид,Бампер Инсектицид,2eaeac4d-5322-11f0-b811-005056bde474,false,false
Номенклатура — исходный каталог,raw.catalog_номенклатура,c6b6c40c-f524-11eb-9c3a-00505689ff45,АК-00003403,Банко Инсектицид,Банко Инсектицид,2eaeac4d-5322-11f0-b811-005056bde474,false,false
Номенклатура — исходный каталог,raw.catalog_номенклатура,a667a624-f7cf-11f0-b81e-005056bde474,00-00013607,Барабанная картофелечистка,Барабанная картофелечистка,de1714af-8a12-11e7-af1d-30f7727a492e,false,false
Номенклатура — исходный каталог,raw.catalog_номенклатура,c6b6c40d-f524-11eb-9c3a-00505689ff45,АК-00003404,Баргузин 600 Инсектицид,Баргузин 600 Инсектицид,f9d67774-531d-11f0-b811-005056bde474,false,false
Номенклатура — исходный каталог,raw.catalog_номенклатура,c6b6c40e-f524-11eb-9c3a-00505689ff45,АК-00003405,Баритон Инсектицид,Баритон Инсектицид,668204c4-5324-11f0-b811-005056bde474,false,false
Номенклатура — исходный каталог,raw.catalog_номенклатура,c6b6c40f-f524-11eb-9c3a-00505689ff45,АК-00003406,Барьер Колор Инсектицид,Барьер Колор Инсектицид,2eaeac4d-5322-11f0-b811-005056bde474,false,false
Номенклатура — исходный каталог,raw.catalog_номенклатура,cbd14a60-8b03-11eb-4b87-fa163e0d31f7,БП-00003785,"Бачок омывателя ВАЗ-21213,ГАЗ-2705,3302 НО в сбору Полимер","Бачок омывателя ВАЗ-21213,ГАЗ-2705,3302 НО в сбору Полимер",9b060c03-71d9-11e7-85a2-d43d7eec442d,false,false
Номенклатура — исходный каталог,raw.catalog_номенклатура,b6d1be68-99bc-11ea-952a-30f7727a492e,00-00002712,"Башмак (литой) ПЛН-3,4.5 (35см) Р33 ПЛЕ21.100","Башмак (литой) ПЛН-3,4.5 (35см) Р33 ПЛЕ21.100",9b060c03-71d9-11e7-85a2-d43d7eec442d,false,false
Номенклатура — исходный каталог,raw.catalog_номенклатура,c6b6c410-f524-11eb-9c3a-00505689ff45,АК-00003407,Белт Инсектицид,Белт Инсектицид,f9d67774-531d-11f0-b811-005056bde474,false,false
Номенклатура — исходный каталог,raw.catalog_номенклатура,c6b6c411-f524-11eb-9c3a-00505689ff45,АК-00003408,Беназол Инсектицид,Беназол Инсектицид,2eaeac4d-5322-11f0-b811-005056bde474,false,false
Номенклатура — исходный каталог,raw.catalog_номенклатура,c6b6c412-f524-11eb-9c3a-00505689ff45,АК-00003409,Бенефис Инсектицид,Бенефис Инсектицид,668204c4-5324-11f0-b811-005056bde474,false,false
Номенклатура — исходный каталог,raw.catalog_номенклатура,dd3f2148-3d8c-11f1-b821-005056bde474,00-00014081,Бензин,,9088ee9f-75dc-11e7-af18-30f7727a492e,true,false
Номенклатура — исходный каталог,raw.catalog_номенклатура,c6b6c413-f524-11eb-9c3a-00505689ff45,АК-00003410,Беномил 500 Инсектицид,Беномил 500 Инсектицид,2eaeac4d-5322-11f0-b811-005056bde474,false,false
Номенклатура — исходный каталог,raw.catalog_номенклатура,c6b6c414-f524-11eb-9c3a-00505689ff45,АК-00003411,Бенорад Инсектицид,Бенорад Инсектицид,2eaeac4d-5322-11f0-b811-005056bde474,false,false
Номенклатура — исходный каталог,raw.catalog_номенклатура,c6b6c415-f524-11eb-9c3a-00505689ff45,АК-00003412,Би-58 Новый Инсектицид,Би-58 Новый Инсектицид,f9d67774-531d-11f0-b811-005056bde474,false,false
Номенклатура — исходный каталог,raw.catalog_номенклатура,0bce46a7-4216-11f1-b821-005056bde474,00-00014114,Биг бэги,,9088eeab-75dc-11e7-af18-30f7727a492e,true,false
Номенклатура — исходный каталог,raw.catalog_номенклатура,e602459a-d965-11ee-9c4c-005056893620,00-00010236,Биг-бэг 90*90*170 см ,Биг-бэг 90*90*170 см ,0bce46a7-4216-11f1-b821-005056bde474,false,false
Номенклатура — исходный каталог,raw.catalog_номенклатура,a33375fb-5f71-11ea-9525-30f7727a492e,00-00002503,"Биг-бэг 95*95*170 см 4 ст верх открывание, низ-люк б/у(мягкий контейнер)","Биг-бэг 95*95*170 см 4 ст верх открывание, низ-люк б/у(мягкий контейнер)",0bce46a7-4216-11f1-b821-005056bde474,false,false
Номенклатура — исходный каталог,raw.catalog_номенклатура,c6b6c416-f524-11eb-9c3a-00505689ff45,АК-00003413,Бинадин Инсектицид,Бинадин Инсектицид,f9d67774-531d-11f0-b811-005056bde474,false,false
Номенклатура — исходный каталог,raw.catalog_номенклатура,c6b6c417-f524-11eb-9c3a-00505689ff45,АК-00003414,Бином Инсектицид,Бином Инсектицид,f9d67774-531d-11f0-b811-005056bde474,false,false
Номенклатура — исходный каталог,raw.catalog_номенклатура,c6b6c418-f524-11eb-9c3a-00505689ff45,АК-00003415,Биоcтоп Инсектицид,Биоcтоп Инсектицид,f9d67774-531d-11f0-b811-005056bde474,false,false
Номенклатура — исходный каталог,raw.catalog_номенклатура,b913345a-16f4-11ed-9c43-cb6d75bb653b,00-00006848,Биодукс 10мл.Ж,Биодукс 10мл.Ж,e1243393-532a-11f0-b811-005056bde474,false,false
Номенклатура — исходный каталог,raw.catalog_номенклатура,c6b6c419-f524-11eb-9c3a-00505689ff45,АК-00003416,Биокилл Инсектицид,Биокилл Инсектицид,f9d67774-531d-11f0-b811-005056bde474,false,false
Номенклатура — исходный каталог,raw.catalog_номенклатура,9250311e-8ea0-11ea-9529-30f7727a492e,00-00002573,Биопрепарат Биокомплекс БТУ  1 марка,Биопрепарат Биокомплекс БТУ  1 марка,e1243393-532a-11f0-b811-005056bde474,false,false
Номенклатура — исходный каталог,raw.catalog_номенклатура,7ce2899e-aa1e-11ea-bf8d-fa163ee5d2f9,БП-00002741,Биопрепарат Биокомплекс БТУ (Микофренд)  1 марка,Биопрепарат Биокомплекс БТУ (Микофренд)  1 марка,e1243393-532a-11f0-b811-005056bde474,false,false
Номенклатура — исходный каталог,raw.catalog_номенклатура,6590b9aa-aa1e-11ea-bf8d-fa163ee5d2f9,БП-00002740,Биопрепарат Биокомплекс БТУ (Микохелп)  1 марка,Биопрепарат Биокомплекс БТУ (Микохелп)  1 марка,e1243393-532a-11f0-b811-005056bde474,false,false
Номенклатура — исходный каталог,raw.catalog_номенклатура,e39b45cc-ed2b-11ea-a29d-fa163ee5d2f9,БП-00003014,Биопрепарат Биокомплекс БТУ (Фитохелл) 1 марка,Биопрепарат Биокомплекс БТУ (Фитохелл) 1 марка,e1243393-532a-11f0-b811-005056bde474,false,false
Номенклатура — исходный каталог,raw.catalog_номенклатура,9250311f-8ea0-11ea-9529-30f7727a492e,00-00002574,Биопрепарат Биокомплекс БТУ (универсальный)  1 марка,Биопрепарат Биокомплекс БТУ (универсальный)  1 марка,e1243393-532a-11f0-b811-005056bde474,false,false
Номенклатура — исходный каталог,raw.catalog_номенклатура,9250311d-8ea0-11ea-9529-30f7727a492e,00-00002572,Биопрепарат Биокомплекс БТУ Органик баланс 1 марка,Биопрепарат Биокомплекс БТУ Органик баланс 1 марка,e1243393-532a-11f0-b811-005056bde474,false,false
Номенклатура — исходный каталог,raw.catalog_номенклатура,c6b6c41a-f524-11eb-9c3a-00505689ff45,АК-00003417,Биотлин Бау Инсектицид,Биотлин Бау Инсектицид,f9d67774-531d-11f0-b811-005056bde474,false,false
Номенклатура — исходный каталог,raw.catalog_номенклатура,af552190-5d1b-11ee-9c4f-00505689ff45,00-00009585,Биофунгицид Фитоспорин-АС.Ж,Биофунгицид Фитоспорин-АС.Ж,a1653aa0-3b95-11f0-b80e-005056bde474,false,false
Номенклатура — исходный каталог,raw.catalog_номенклатура,c6b6c41b-f524-11eb-9c3a-00505689ff45,АК-00003418,БисолбиСан Инсектицид,БисолбиСан Инсектицид,2eaeac4d-5322-11f0-b811-005056bde474,false,false
Номенклатура — исходный каталог,raw.catalog_номенклатура,d677d668-3619-11f0-b80e-005056bde474,00-00012337,"БисолбиСан, Ж Биофунгицид (микробиологический препарат)","БисолбиСан, Ж Биофунгицид (микробиологический препарат)",2eaeac4d-5322-11f0-b811-005056bde474,false,false
Номенклатура — исходный каталог,raw.catalog_номенклатура,c3b7c4cc-f350-11eb-9c3a-00505689ff45,АК-00003309,"Бит 90,Ж Адьювант (прилипатель) ","Бит 90,Ж Адьювант (прилипатель) ",21f489cd-531d-11f0-b811-005056bde474,false,false
Номенклатура — исходный каталог,raw.catalog_номенклатура,c6b6c41c-f524-11eb-9c3a-00505689ff45,АК-00003419,Битоксибациллин Инсектицид,Битоксибациллин Инсектицид,f9d67774-531d-11f0-b811-005056bde474,false,false
Номенклатура — исходный каталог,raw.catalog_номенклатура,a481ccb0-f2dc-11eb-9c3a-00505689ff45,АК-00003303,"Бицепс Гарант, КЭ Гербицид ","Бицепс Гарант, КЭ Гербицид ",5e0b1519-531c-11f0-b811-005056bde474,false,false
Номенклатура — исходный каталог,raw.catalog_номенклатура,c6b6c41d-f524-11eb-9c3a-00505689ff45,АК-00003420,Бишка Инсектицид,Бишка Инсектицид,f9d67774-531d-11f0-b811-005056bde474,false,false
Номенклатура — исходный каталог,raw.catalog_номенклатура,4f5687a8-92c3-11eb-0c80-fa163e0d31f7,БП-00003819,Блок ЕЕМ2 (836869357),Блок ЕЕМ2 (836869357),9b060c03-71d9-11e7-85a2-d43d7eec442d,false,false
Номенклатура — исходный каталог,raw.catalog_номенклатура,745caf16-e2b8-11ea-4b9d-fa163ee5d2f9,БП-00002950,Блок управления отопителем ГАЗ-3302 Бизнес Автокомплект 2705-8121020-20,Блок управления отопителем ГАЗ-3302 Бизнес Автокомплект 2705-8121020-20,9b060c03-71d9-11e7-85a2-d43d7eec442d,false,false
Номенклатура — исходный каталог,raw.catalog_номенклатура,10b10626-6158-11eb-9c2d-0050560417d5,00-00002821,Бобовые,,323ef7d5-6157-11eb-9c2d-0050560417d5,true,false
Номенклатура — исходный каталог,raw.catalog_номенклатура,c2e58676-241c-11f0-b80e-005056bde474,00-00011996,Бокс О/У на 4 автомата,Бокс О/У на 4 автомата,9be0daf4-2e34-11eb-288c-fa163e0d31f7,false,false
Номенклатура — исходный каталог,raw.catalog_номенклатура,9a5498c7-0621-11ee-9c4e-00505689ff45,00-00008116,Боксер КЭ,Боксер КЭ,5e0b1519-531c-11f0-b811-005056bde474,false,false
Номенклатура — исходный каталог,raw.catalog_номенклатура,ef27c364-07d1-11eb-1097-fa163ee5d2f9,БП-00003102,Болт М 5х40,Болт М 5х40,9b060c03-71d9-11e7-85a2-d43d7eec442d,false,false
Номенклатура — исходный каталог,raw.catalog_номенклатура,8e405006-fe40-11ea-7580-fa163ee5d2f9,БП-00003053,Болт М 8*30,Болт М 8*30,9b060c03-71d9-11e7-85a2-d43d7eec442d,false,false
Номенклатура — исходный каталог,raw.catalog_номенклатура,b6d1be51-99bc-11ea-952a-30f7727a492e,00-00002699,Болт М12*45 лемеха ГОСТ 7786,Болт М12*45 лемеха ГОСТ 7786,9b060c03-71d9-11e7-85a2-d43d7eec442d,false,false
Номенклатура — исходный каталог,raw.catalog_номенклатура,8b363010-0ba6-11eb-3385-fa163ee5d2f9,БП-00003147,Болт М12*70,Болт М12*70,9b060c03-71d9-11e7-85a2-d43d7eec442d,false,false
Номенклатура — исходный каталог,raw.catalog_номенклатура,622e73e3-fff3-11eb-9c3a-00505689ff45,АК-00003918,Болт М16*100 кл.пр10.9,Болт М16*100 кл.пр10.9,9b060c03-71d9-11e7-85a2-d43d7eec442d,false,false
Номенклатура — исходный каталог,raw.catalog_номенклатура,9cab0391-fff3-11eb-9c3a-00505689ff45,АК-00003919,Болт М16*40,Болт М16*40,9b060c03-71d9-11e7-85a2-d43d7eec442d,false,false
Номенклатура — исходный каталог,raw.catalog_номенклатура,e514a053-11bb-11ea-9520-30f7727a492e,00-00002215,Болт кардана (к-т),Болт кардана (к-т),9b060c03-71d9-11e7-85a2-d43d7eec442d,false,false
Номенклатура — исходный каталог,raw.catalog_номенклатура,96fd0310-1ddf-11eb-589b-fa163e0d31f7,БП-00003199,Болт карданного ЗИЛ вала М14х40+гайка,Болт карданного ЗИЛ вала М14х40+гайка,9b060c03-71d9-11e7-85a2-d43d7eec442d,false,false
Номенклатура — исходный каталог,raw.catalog_номенклатура,627abd93-0017-11ec-9c3a-00505689ff45,АК-00003956,Болт плужный М12х80 + гайка,Болт плужный М12х80 + гайка,9b060c03-71d9-11e7-85a2-d43d7eec442d,false,false
Номенклатура — исходный каталог,raw.catalog_номенклатура,6f661d58-000e-11ec-9c3a-00505689ff45,АК-00003944,Болт поворотного угольника А 12.01.013-02Д18.051,Болт поворотного угольника А 12.01.013-02Д18.051,9b060c03-71d9-11e7-85a2-d43d7eec442d,false,false
Номенклатура — исходный каталог,raw.catalog_номенклатура,8ecd8a6b-9670-11ea-952a-30f7727a492e,00-00002616,"Болт полная резьба,цинк DIN 933 BZ 10*65","Болт полная резьба,цинк DIN 933 BZ 10*65",9b060c03-71d9-11e7-85a2-d43d7eec442d,false,false
Номенклатура — исходный каталог,raw.catalog_номенклатура,8ecd8a6c-9670-11ea-952a-30f7727a492e,00-00002617,"Болт полная резьба,цинк DIN 933 BZ 12*30","Болт полная резьба,цинк DIN 933 BZ 12*30",9b060c03-71d9-11e7-85a2-d43d7eec442d,false,false
Номенклатура — исходный каталог,raw.catalog_номенклатура,8ecd8a6d-9670-11ea-952a-30f7727a492e,00-00002618,"Болт полная резьба,цинк DIN 933 BZ 12*50","Болт полная резьба,цинк DIN 933 BZ 12*50",9b060c03-71d9-11e7-85a2-d43d7eec442d,false,false
Номенклатура — исходный каталог,raw.catalog_номенклатура,8ecd8a6e-9670-11ea-952a-30f7727a492e,00-00002619,"Болт полная резьба,цинк DIN 933 BZ 14*60","Болт полная резьба,цинк DIN 933 BZ 14*60",9b060c03-71d9-11e7-85a2-d43d7eec442d,false,false
Номенклатура — исходный каталог,raw.catalog_номенклатура,06a3dd8b-9698-11ea-952a-30f7727a492e,00-00002620,"Болт полная резьба,цинк DIN 933 BZ 16*40","Болт полная резьба,цинк DIN 933 BZ 16*40",9b060c03-71d9-11e7-85a2-d43d7eec442d,false,false
Номенклатура — исходный каталог,raw.catalog_номенклатура,06a3dd8c-9698-11ea-952a-30f7727a492e,00-00002621,"Болт полная резьба,цинк DIN 933 BZ 16*60","Болт полная резьба,цинк DIN 933 BZ 16*60",9b060c03-71d9-11e7-85a2-d43d7eec442d,false,false
Номенклатура — исходный каталог,raw.catalog_номенклатура,06a3dd8d-9698-11ea-952a-30f7727a492e,00-00002622,"Болт полная резьба,цинк DIN 933 BZ 6*30","Болт полная резьба,цинк DIN 933 BZ 6*30",9b060c03-71d9-11e7-85a2-d43d7eec442d,false,false
Номенклатура — исходный каталог,raw.catalog_номенклатура,06a3dd8e-9698-11ea-952a-30f7727a492e,00-00002623,"Болт полная резьба,цинк DIN 933 BZ 6*50","Болт полная резьба,цинк DIN 933 BZ 6*50",9b060c03-71d9-11e7-85a2-d43d7eec442d,false,false
Номенклатура — исходный каталог,raw.catalog_номенклатура,06a3dd8f-9698-11ea-952a-30f7727a492e,00-00002624,"Болт полная резьба,цинк DIN 933 BZ 8*50","Болт полная резьба,цинк DIN 933 BZ 8*50",9b060c03-71d9-11e7-85a2-d43d7eec442d,false,false
Номенклатура — исходный каталог,raw.catalog_номенклатура,06a3dd90-9698-11ea-952a-30f7727a492e,00-00002625,"Болт полная резьба,цинк DIN 933 BZ 8*70","Болт полная резьба,цинк DIN 933 BZ 8*70",9b060c03-71d9-11e7-85a2-d43d7eec442d,false,false
Номенклатура — исходный каталог,raw.catalog_номенклатура,c6b6c41e-f524-11eb-9c3a-00505689ff45,АК-00003421,Бонтима Инсектицид,Бонтима Инсектицид,2eaeac4d-5322-11f0-b811-005056bde474,false,false
Номенклатура — исходный каталог,raw.catalog_номенклатура,c6b6c41f-f524-11eb-9c3a-00505689ff45,АК-00003422,Борей Инсектицид,Борей Инсектицид,f9d67774-531d-11f0-b811-005056bde474,false,false
Номенклатура — исходный каталог,raw.catalog_номенклатура,c6b6c420-f524-11eb-9c3a-00505689ff45,АК-00003423,Борей Нео Инсектицид,Борей Нео Инсектицид,f9d67774-531d-11f0-b811-005056bde474,false,false
Номенклатура — исходный каталог,raw.catalog_номенклатура,c6b6c421-f524-11eb-9c3a-00505689ff45,АК-00003424,"Борей Нео, СК Инсектицид","Борей Нео, СК Инсектицид",f9d67774-531d-11f0-b811-005056bde474,false,false
Номенклатура — исходный каталог,raw.catalog_номенклатура,2eac653b-f355-11eb-9c3a-00505689ff45,АК-00003315,Боро-Н NB 3.11,Боро-Н NB 3.11 ,4d72fc7e-531d-11f0-b811-005056bde474,false,false
Номенклатура — исходный каталог,raw.catalog_номенклатура,4ecdc9d7-0b3f-11ec-9c3a-00505689ff45,АК-00004851,Боронование ,Боронование ,52c3cca5-0968-11f0-b80e-005056bde474,false,false
Номенклатура — исходный каталог,raw.catalog_номенклатура,7854aefb-6d4f-11ec-9c40-00505689c8d9,АК-00005884,Бочка 65 л,Бочка 65 л,1b37fa4d-4216-11f1-b821-005056bde474,false,false
Номенклатура — исходный каталог,raw.catalog_номенклатура,74ec21c0-241e-11f0-b80e-005056bde474,00-00011999,Бочка 65л,Бочка 65л,9be0daf4-2e34-11eb-288c-fa163e0d31f7,false,false
Номенклатура — исходный каталог,raw.catalog_номенклатура,e514a048-11bb-11ea-9520-30f7727a492e,00-00002205,Бочка металлическая 200л,Бочка металлическая 200л,70760c32-4216-11f1-b821-005056bde474,false,false
Номенклатура — исходный каталог,raw.catalog_номенклатура,82253357-1d78-11ea-9522-30f7727a492e,00-00002261,Бочка пластиковая 227 л,Бочка пластиковая 227 л,1b37fa4d-4216-11f1-b821-005056bde474,false,false
Номенклатура — исходный каталог,raw.catalog_номенклатура,70760c32-4216-11f1-b821-005056bde474,00-00014119,Бочки,,9088eeab-75dc-11e7-af18-30f7727a492e,true,false
Номенклатура — исходный каталог,raw.catalog_номенклатура,c6b6c422-f524-11eb-9c3a-00505689ff45,АК-00003425,Браво Инсектицид,Браво Инсектицид,2eaeac4d-5322-11f0-b811-005056bde474,false,false
Номенклатура — исходный каталог,raw.catalog_номенклатура,bb54f41e-34c6-11ed-9c43-cb6d75bb653b,00-00007173,Брасситрел  Yara Vita П ,Брасситрел  Yara Vita П,4d72fc7e-531d-11f0-b811-005056bde474,false,false
Номенклатура — исходный каталог,raw.catalog_номенклатура,c6b6c423-f524-11eb-9c3a-00505689ff45,АК-00003426,Брейк Инсектицид,Брейк Инсектицид,5e0b1519-531c-11f0-b811-005056bde474,false,false
Номенклатура — исходный каталог,raw.catalog_номенклатура,28f57b16-615e-11eb-9c2d-0050560417d5,00-00002860,Брендированный,,e26ed5c1-6157-11eb-9c2d-0050560417d5,true,false
Номенклатура — исходный каталог,raw.catalog_номенклатура,c6b6c424-f524-11eb-9c3a-00505689ff45,АК-00003427,Броадер Инсектицид,Броадер Инсектицид,2eaeac4d-5322-11f0-b811-005056bde474,false,false
Номенклатура — исходный каталог,raw.catalog_номенклатура,9b060c66-71d9-11e7-85a2-d43d7eec442d,00000092   ,Брус передний МТЗ,Брус передний МТЗ,9b060c03-71d9-11e7-85a2-d43d7eec442d,false,false
Номенклатура — исходный каталог,raw.catalog_номенклатура,5d3ad384-59b2-11ec-9c40-00505689c8d9,АК-00005782,Буксировка техники,Буксировка техники,9088eeaa-75dc-11e7-af18-30f7727a492e,false,false
Номенклатура — исходный каталог,raw.catalog_номенклатура,51e6b2c1-4de2-11f0-b811-005056bde474,00-00012460,Буксировка техники_,Буксировка техники_,52c3cca5-0968-11f0-b80e-005056bde474,false,false
Номенклатура — исходный каталог,raw.catalog_номенклатура,c6b6c425-f524-11eb-9c3a-00505689ff45,АК-00003428,Бункер Инсектицид,Бункер Инсектицид,668204c4-5324-11f0-b811-005056bde474,false,false
Номенклатура — исходный каталог,raw.catalog_номенклатура,07fa5a66-915a-11ec-9c42-00505689c8d9,00-00006158,Бункер модульный ВМ-2525-2 (Каскада 6шт инвертор),Бункер модульный ВМ-2525-2 (Каскада 6шт инвертор),de1714af-8a12-11e7-af1d-30f7727a492e,false,false
Номенклатура — исходный каталог,raw.catalog_номенклатура,18c47a4f-b376-11ee-9c4c-005056893620,00-00010065,Бункер накопительный БНБ1,Бункер накопительный БНБ1,de1714af-8a12-11e7-af1d-30f7727a492e,false,false
Номенклатура — исходный каталог,raw.catalog_номенклатура,c61ac01f-3d17-11ef-9c59-00505689ff45,00-00010697,Бункер накопительный БНБ1 (УТ-00000907),Бункер накопительный БНБ1 (УТ-00000907),de1714af-8a12-11e7-af1d-30f7727a492e,false,false
Номенклатура — исходный каталог,raw.catalog_номенклатура,51d04258-b375-11ee-9c4c-005056893620,00-00010060,Бункер накопительный БНБ6,Бункер накопительный БНБ6,de1714af-8a12-11e7-af1d-30f7727a492e,false,false
Номенклатура — исходный каталог,raw.catalog_номенклатура,165676a7-3d14-11ef-9c59-00505689ff45,00-00010693,Бункер подающий БПБ2,Бункер подающий БПБ2,de1714af-8a12-11e7-af1d-30f7727a492e,false,false
Номенклатура — исходный каталог,raw.catalog_номенклатура,85cd2b51-f25e-11ee-9c4c-005056893620,00-00010354,Бункер подающий БПБ6,Бункер подающий БПБ6,de1714af-8a12-11e7-af1d-30f7727a492e,false,false
Номенклатура — исходный каталог,raw.catalog_номенклатура,c6b6c426-f524-11eb-9c3a-00505689ff45,АК-00003429,Бунчук Инсектицид,Бунчук Инсектицид,f9d67774-531d-11f0-b811-005056bde474,false,false
Номенклатура — исходный каталог,raw.catalog_номенклатура,466985ea-5793-11ea-8118-d43d7ec071d4,00-00002473,Бурение и обустройство  скважины,Бурение и обустройство  скважины,2b7f4a61-094c-11f0-b80e-005056bde474,false,false
Номенклатура — исходный каталог,raw.catalog_номенклатура,c6b6c427-f524-11eb-9c3a-00505689ff45,АК-00003430,Бусидо Инсектицид,Бусидо Инсектицид,f9d67774-531d-11f0-b811-005056bde474,false,false
Номенклатура — исходный каталог,raw.catalog_номенклатура,137796da-f7dd-11ec-9c42-89a3dcc9992a,00-00006734,Бутыль 19л,Бутыль 19л,1b37fa4d-4216-11f1-b821-005056bde474,false,false
Номенклатура — исходный каталог,raw.catalog_номенклатура,89397f96-7ce0-11e7-af19-30f7727a492e,00-00000148,Бухгалтерское сопровождение,Бухгалтерское сопровождение,1aeb231b-094c-11f0-b80e-005056bde474,false,false
Номенклатура — исходный каталог,raw.catalog_номенклатура,3e6ea1cf-f00a-11ed-9c4e-00505689ff45,00-00007936,ВЗО,ВЗО,2b7f4a61-094c-11f0-b80e-005056bde474,false,false
Номенклатура — исходный каталог,raw.catalog_номенклатура,b12b92c9-e135-11ee-9c4c-005056893620,00-00010277,ВЗО 2024,ВЗО 2024,2b7f4a61-094c-11f0-b80e-005056bde474,false,false
Номенклатура — исходный каталог,raw.catalog_номенклатура,588a7391-2435-11f0-b80e-005056bde474,00-00012000,ВЗО 2025,ВЗО 2025,2b7f4a61-094c-11f0-b80e-005056bde474,false,false
Номенклатура — исходный каталог,raw.catalog_номенклатура,8570ace2-f5ce-11f0-b81e-005056bde474,00-00013433,ВЗО 2026,ВЗО 2026,2b7f4a61-094c-11f0-b80e-005056bde474,false,false
Номенклатура — исходный каталог,raw.catalog_номенклатура,c6b6c429-f524-11eb-9c3a-00505689ff45,АК-00003432,Вайбранс Интеграл 041-01-1754-1 Инсектицид,Вайбранс Интеграл 041-01-1754-1 Инсектицид,668204c4-5324-11f0-b811-005056bde474,false,false
Номенклатура — исходный каталог,raw.catalog_номенклатура,c6b6c42a-f524-11eb-9c3a-00505689ff45,АК-00003433,Вайбранс Интеграл 041-02-1753-1 Инсектицид,Вайбранс Интеграл 041-02-1753-1 Инсектицид,668204c4-5324-11f0-b811-005056bde474,false,false
Номенклатура — исходный каталог,raw.catalog_номенклатура,e97a9a68-0624-11ee-9c4e-00505689ff45,00-00008121,Вайбранс Топ КС  Инсектицид,Вайбранс Топ КС  Инсектицид,668204c4-5324-11f0-b811-005056bde474,false,false
Номенклатура — исходный каталог,raw.catalog_номенклатура,0f237c99-615a-11eb-9c2d-0050560417d5,00-00002852,Ваккумированный,,b0cff9fe-6157-11eb-9c2d-0050560417d5,true,false
Номенклатура — исходный каталог,raw.catalog_номенклатура,5fede618-6159-11eb-9c2d-0050560417d5,00-00002839,Ваккумированный,,8ebc4461-6157-11eb-9c2d-0050560417d5,true,false
Номенклатура — исходный каталог,raw.catalog_номенклатура,c307f6c7-6159-11eb-9c2d-0050560417d5,00-00002845,Ваккумированный,,9f5c070c-6157-11eb-9c2d-0050560417d5,true,false
Номенклатура — исходный каталог,raw.catalog_номенклатура,fa501ce3-6158-11eb-9c2d-0050560417d5,00-00002834,Ваккумированный,,5c4201d0-6157-11eb-9c2d-0050560417d5,true,false
Номенклатура — исходный каталог,raw.catalog_номенклатура,2adb8f9f-381c-11ea-9522-30f7727a492e,00-00002376,Вакумный пакет ПЭТ/ПЭ  размер 350х500,Вакумный пакет ПЭТ/ПЭ  размер 350х500,d680eb65-4214-11f1-b821-005056bde474,false,false
Номенклатура — исходный каталог,raw.catalog_номенклатура,2adb8fa0-381c-11ea-9522-30f7727a492e,00-00002377,Вакумный пакет ПЭТ/ПЭ 100мм размер 240х300,Вакумный пакет ПЭТ/ПЭ 100мм размер 240х300,d680eb65-4214-11f1-b821-005056bde474,false,false
Номенклатура — исходный каталог,raw.catalog_номенклатура,40254fa8-92c8-11eb-0c80-fa163e0d31f7,БП-00003827,Вал 34569100,Вал 34569100,9b060c03-71d9-11e7-85a2-d43d7eec442d,false,false
Номенклатура — исходный каталог,raw.catalog_номенклатура,b32b6198-807a-11ea-9528-30f7727a492e,00-00002555,Вал Z20 33656300,Вал Z20 33656300,9b060c03-71d9-11e7-85a2-d43d7eec442d,false,false
Номенклатура — исходный каталог,raw.catalog_номенклатура,4db274dc-8b04-11eb-4b87-fa163e0d31f7,БП-00003786,Вал МТЗ тормозной 38мм БЗТДиА 70-3504055-01,Вал МТЗ тормозной 38мм БЗТДиА 70-3504055-01,9b060c03-71d9-11e7-85a2-d43d7eec442d,false,false
Номенклатура — исходный каталог,raw.catalog_номенклатура,3c04e326-549c-11eb-4e9e-fa163e0d31f7,БП-00003568,Вал ППМ-24.000.СБ,Вал ППМ-24.000.СБ,9b060c03-71d9-11e7-85a2-d43d7eec442d,false,false
Номенклатура — исходный каталог,raw.catalog_номенклатура,055216da-1ddf-11eb-589b-fa163e0d31f7,БП-00003198,Вал ведущий бункера КСП-25 (в сборе),Вал ведущий бункера КСП-25 (в сборе),9b060c03-71d9-11e7-85a2-d43d7eec442d,false,false
Номенклатура — исходный каталог,raw.catalog_номенклатура,c1591a38-988a-11eb-9b81-fa163e0d31f7,БП-00003846,Вал вертикальный МТЗ 80,Вал вертикальный МТЗ 80,9b060c03-71d9-11e7-85a2-d43d7eec442d,false,false
Номенклатура — исходный каталог,raw.catalog_номенклатура,6895fd5a-ae40-11eb-3192-fa163e0d31f7,БП-00003909,Вал для ТП-50,Вал для ТП-50,9b060c03-71d9-11e7-85a2-d43d7eec442d,false,false
Номенклатура — исходный каталог,raw.catalog_номенклатура,2293c5ac-b242-11eb-6d90-fa163e0d31f7,БП-00003970,Вал карданный 5276-080-800.00  6*8 шп.,Вал карданный 5276-080-800.00  6*8 шп.,9b060c03-71d9-11e7-85a2-d43d7eec442d,false,false
Номенклатура — исходный каталог,raw.catalog_номенклатура,db0aa7d8-0177-11ea-951c-30f7727a492e,00-00002141,"Вал карданный КПП К-701,К-744(701.22.08.000-2)","Вал карданный КПП К-701,К-744(701.22.08.000-2)",9b060c03-71d9-11e7-85a2-d43d7eec442d,false,false
Номенклатура — исходный каталог,raw.catalog_номенклатура,b32b619e-807a-11ea-9528-30f7727a492e,00-00002557,Вал рулевой в сборе,Вал рулевой в сборе,9b060c03-71d9-11e7-85a2-d43d7eec442d,false,false
Номенклатура — исходный каталог,raw.catalog_номенклатура,792127b7-c1cd-11ef-9c5f-00505689ff45,00-00011505,Вальцовый калибровщик ВСК-6-1200,Вальцовый калибровщик ВСК-6-1200,279c2c04-2e46-11eb-288c-fa163e0d31f7,false,false
Номенклатура — исходный каталог,raw.catalog_номенклатура,c6b6c42b-f524-11eb-9c3a-00505689ff45,АК-00003434,Вантекс Инсектицид,Вантекс Инсектицид,f9d67774-531d-11f0-b811-005056bde474,false,false
Номенклатура — исходный каталог,raw.catalog_номенклатура,d746a104-d975-11eb-6c92-fa163e0d31f7,БП-00004399,"Варросан, 10 пол","Варросан, 10 пол",65439ec8-d96f-11eb-6c92-fa163e0d31f7,false,false
Номенклатура — исходный каталог,raw.catalog_номенклатура,c6b6c42c-f524-11eb-9c3a-00505689ff45,АК-00003435,Вега Инсектицид,Вега Инсектицид,f9d67774-531d-11f0-b811-005056bde474,false,false
Номенклатура — исходный каталог,raw.catalog_номенклатура,fd209958-f81c-11ef-b80e-005056bde474,00-00011672,"Вега РС2 грязный 2,5 кг. (эконом)","Вега РС2 грязный 2,5 кг. (эконом)",13ef6ba2-4b80-11f0-b810-005056bde474,false,false
Номенклатура — исходный каталог,raw.catalog_номенклатура,03231726-8bbc-11ef-9c5d-00505689ff45,00-00011285,Вега РС2 грязный Сетка на рулоне 25кг Полив,Картофель вега 2 репродукции отборный грязный сетка на рулоне 25кг под поливом,13ef6ba2-4b80-11f0-b810-005056bde474,false,false
Номенклатура — исходный каталог,raw.catalog_номенклатура,52116271-84af-11ef-9c5d-00505689ff45,00-00011269,Вега РС2 мытый 1кг (бэби),Вега РС2 мытый 1кг (бэби),03e63608-4b80-11f0-b810-005056bde474,false,false
Номенклатура — исходный каталог,raw.catalog_номенклатура,ba37bc10-7a92-11ef-9c5d-00505689ff45,00-00011116,Вега РС2 мытый 2кг.(бэби),Вега РС2 мытый 2кг.(бэби),03e63608-4b80-11f0-b810-005056bde474,false,false
Номенклатура — исходный каталог,raw.catalog_номенклатура,81f3afe4-7a92-11ef-9c5d-00505689ff45,00-00011115,Вега РС2 мытый 3кг.,Вега РС2 мытый 3кг.,03e63608-4b80-11f0-b810-005056bde474,false,false
Номенклатура — исходный каталог,raw.catalog_номенклатура,412ee90d-7a55-11ef-9c5d-00505689ff45,00-00011113,Вега РС2 мытый Сетка 25кг. Полив,Вега РС2 мытый Сетка 25кг. Полив,03e63608-4b80-11f0-b810-005056bde474,false,false
Номенклатура — исходный каталог,raw.catalog_номенклатура,e1042338-2b4d-11f0-b80e-005056bde474,00-00012212,"ВегаРС3 Белый Беби Мытый Сетка домик1,5 кг.","ВегаРС3 Белый Беби Мытый Сетка домик1,5 кг.",03e63608-4b80-11f0-b810-005056bde474,false,true
Номенклатура — исходный каталог,raw.catalog_номенклатура,d9c6d0d8-2b50-11f0-b80e-005056bde474,00-00012219,ВегаРС3 Белый Беби Мытый Сетка домик2 кг.,ВегаРС3 Белый Беби Мытый Сетка домик2 кг.,03e63608-4b80-11f0-b810-005056bde474,false,true
Номенклатура — исходный каталог,raw.catalog_номенклатура,900b4766-2b54-11f0-b80e-005056bde474,00-00012227,ВегаРС3 Белый Беби Мытый Сетка на рулоне25 кг.,ВегаРС3 Белый Беби Мытый Сетка на рулоне25 кг.,03e63608-4b80-11f0-b810-005056bde474,false,true
Номенклатура — исходный каталог,raw.catalog_номенклатура,5c881281-2f1a-11f0-b80e-005056bde474,00-00012297,ВегаРС3 Белый Грязный  Биг-бэг1000 кг.,ВегаРС3 Белый Грязный  Биг-бэг1000 кг.,13ef6ba2-4b80-11f0-b810-005056bde474,false,true
Номенклатура — исходный каталог,raw.catalog_номенклатура,1c50fb9f-2f10-11f0-b80e-005056bde474,00-00012269,"ВегаРС3 Белый Грязный  Сетка на рулоне2,5 кг.","ВегаРС3 Белый Грязный  Сетка на рулоне2,5 кг.",13ef6ba2-4b80-11f0-b810-005056bde474,false,true
Номенклатура — исходный каталог,raw.catalog_номенклатура,e11cb11f-2e55-11f0-b80e-005056bde474,00-00012250,ВегаРС3 Белый Грязный  Сетка на рулоне25 кг.,ВегаРС3 Белый Грязный  Сетка на рулоне25 кг.,13ef6ba2-4b80-11f0-b810-005056bde474,false,true
Номенклатура — исходный каталог,raw.catalog_номенклатура,80a82e3d-2f17-11f0-b80e-005056bde474,00-00012283,ВегаРС3 Белый Грязный  Сетка на рулоне3 кг.,ВегаРС3 Белый Грязный  Сетка на рулоне3 кг.,13ef6ba2-4b80-11f0-b810-005056bde474,false,true
Номенклатура — исходный каталог,raw.catalog_номенклатура,92769e71-2f18-11f0-b80e-005056bde474,00-00012290,ВегаРС3 Белый Грязный  Сетка на рулоне5 кг.,ВегаРС3 Белый Грязный  Сетка на рулоне5 кг.,13ef6ba2-4b80-11f0-b810-005056bde474,false,true
Номенклатура — исходный каталог,raw.catalog_номенклатура,9e34f30a-2f11-11f0-b80e-005056bde474,00-00012276,"ВегаРС3 Белый Грязный 35-50 Сетка на рулоне2,5 кг.","ВегаРС3 Белый Грязный 35-50 Сетка на рулоне2,5 кг.",13ef6ba2-4b80-11f0-b810-005056bde474,false,true
Номенклатура — исходный каталог,raw.catalog_номенклатура,1bd0e55b-2a4d-11f0-b80e-005056bde474,00-00012133,"ВегаРС3 Белый Мытый  Сетка домик2,5 кг.","ВегаРС3 Белый Мытый  Сетка домик2,5 кг.",03e63608-4b80-11f0-b810-005056bde474,false,true
Номенклатура — исходный каталог,raw.catalog_номенклатура,0d1f73be-2bfd-11f0-b80e-005056bde474,00-00012235,ВегаРС3 Белый Мытый  Сетка домик3 кг.,ВегаРС3 Белый Мытый  Сетка домик3 кг.,03e63608-4b80-11f0-b810-005056bde474,false,true
Номенклатура — исходный каталог,raw.catalog_номенклатура,063d4327-2c04-11f0-b80e-005056bde474,00-00012243,ВегаРС3 Белый Мытый  Сетка на рулоне25 кг.,ВегаРС3 Белый Мытый  Сетка на рулоне25 кг.,03e63608-4b80-11f0-b810-005056bde474,false,true
Номенклатура — исходный каталог,raw.catalog_номенклатура,7f55610c-a6a3-11ec-9c42-00505689c8d9,00-00006385,Ведро для меда 3л с пластиковой ручкой,Ведро для меда 3л с пластиковой ручкой,65439ec8-d96f-11eb-6c92-fa163e0d31f7,false,false
Номенклатура — исходный каталог,raw.catalog_номенклатура,74ce2819-2b4f-11f0-b80e-005056bde474,00-00012213,"ВендиРС3 Белый Беби Мытый Сетка домик1,5 кг.","ВендиРС3 Белый Беби Мытый Сетка домик1,5 кг.",03e63608-4b80-11f0-b810-005056bde474,false,true
Номенклатура — исходный каталог,raw.catalog_номенклатура,2b32f4dc-2b53-11f0-b80e-005056bde474,00-00012220,ВендиРС3 Белый Беби Мытый Сетка домик2 кг.,ВендиРС3 Белый Беби Мытый Сетка домик2 кг.,03e63608-4b80-11f0-b810-005056bde474,false,true
Номенклатура — исходный каталог,raw.catalog_номенклатура,762f1d0e-2b55-11f0-b80e-005056bde474,00-00012229,ВендиРС3 Белый Беби Мытый Сетка на рулоне25 кг.,ВендиРС3 Белый Беби Мытый Сетка на рулоне25 кг.,03e63608-4b80-11f0-b810-005056bde474,false,true
Номенклатура — исходный каталог,raw.catalog_номенклатура,7d85d67e-2f1a-11f0-b80e-005056bde474,00-00012298,ВендиРС3 Белый Грязный  Биг-бэг1000 кг.,ВендиРС3 Белый Грязный  Биг-бэг1000 кг.,13ef6ba2-4b80-11f0-b810-005056bde474,false,true
Номенклатура — исходный каталог,raw.catalog_номенклатура,76c7a70a-2f10-11f0-b80e-005056bde474,00-00012270,"ВендиРС3 Белый Грязный  Сетка на рулоне2,5 кг.","ВендиРС3 Белый Грязный  Сетка на рулоне2,5 кг.",13ef6ba2-4b80-11f0-b810-005056bde474,false,true
Номенклатура — исходный каталог,raw.catalog_номенклатура,5256f8c4-2e56-11f0-b80e-005056bde474,00-00012251,ВендиРС3 Белый Грязный  Сетка на рулоне25 кг.,ВендиРС3 Белый Грязный  Сетка на рулоне25 кг.,13ef6ba2-4b80-11f0-b810-005056bde474,false,true
Номенклатура — исходный каталог,raw.catalog_номенклатура,c3c335f1-2f17-11f0-b80e-005056bde474,00-00012284,ВендиРС3 Белый Грязный  Сетка на рулоне3 кг.,ВендиРС3 Белый Грязный  Сетка на рулоне3 кг.,13ef6ba2-4b80-11f0-b810-005056bde474,false,true
Номенклатура — исходный каталог,raw.catalog_номенклатура,b768cd73-2f18-11f0-b80e-005056bde474,00-00012291,ВендиРС3 Белый Грязный  Сетка на рулоне5 кг.,ВендиРС3 Белый Грязный  Сетка на рулоне5 кг.,13ef6ba2-4b80-11f0-b810-005056bde474,false,true
Номенклатура — исходный каталог,raw.catalog_номенклатура,b76b3546-2f11-11f0-b80e-005056bde474,00-00012277,"ВендиРС3 Белый Грязный 35-50 Сетка на рулоне2,5 кг.","ВендиРС3 Белый Грязный 35-50 Сетка на рулоне2,5 кг.",13ef6ba2-4b80-11f0-b810-005056bde474,false,true
Номенклатура — исходный каталог,raw.catalog_номенклатура,46925530-2a4d-11f0-b80e-005056bde474,00-00012134,"ВендиРС3 Белый Мытый  Сетка домик2,5 кг.","ВендиРС3 Белый Мытый  Сетка домик2,5 кг.",03e63608-4b80-11f0-b810-005056bde474,false,true
Номенклатура — исходный каталог,raw.catalog_номенклатура,37cd5d3c-2bfd-11f0-b80e-005056bde474,00-00012236,ВендиРС3 Белый Мытый  Сетка домик3 кг.,ВендиРС3 Белый Мытый  Сетка домик3 кг.,03e63608-4b80-11f0-b810-005056bde474,false,true
Номенклатура — исходный каталог,raw.catalog_номенклатура,3b345c7d-2c04-11f0-b80e-005056bde474,00-00012244,ВендиРС3 Белый Мытый  Сетка на рулоне25 кг.,ВендиРС3 Белый Мытый  Сетка на рулоне25 кг.,03e63608-4b80-11f0-b810-005056bde474,false,true
Номенклатура — исходный каталог,raw.catalog_номенклатура,8c965070-000a-11ec-9c3a-00505689ff45,АК-00003939,Вентиль ТК,Вентиль ТК,9b060c03-71d9-11e7-85a2-d43d7eec442d,false,false
Номенклатура — исходный каталог,raw.catalog_номенклатура,1c55086e-ca10-11eb-2782-fa163e0d31f7,БП-00004139,Вентиль камерный для с/х камер,Вентиль камерный для с/х камер,9b060c03-71d9-11e7-85a2-d43d7eec442d,false,false
Номенклатура — исходный каталог,raw.catalog_номенклатура,111e2cc2-fffa-11eb-9c3a-00505689ff45,АК-00003929,Вентиль тракторный V5-01-1 TR618A,Вентиль тракторный V5-01-1 TR618A,9b060c03-71d9-11e7-85a2-d43d7eec442d,false,false
Номенклатура — исходный каталог,raw.catalog_номенклатура,49f513ca-565e-11eb-1f84-fa163e0d31f7,БП-00003594,Вентилятор обдува WOS500,Вентилятор обдува WOS500,9be0daf4-2e34-11eb-288c-fa163e0d31f7,false,false
Номенклатура — исходный каталог,raw.catalog_номенклатура,f8bd25bf-2a8a-11ec-b9a9-00505689914b,АК-00005424,"Вентиляционный канал и две венткамеры высотой 3,6 м из балки,профтрубы и профнастила ","Вентиляционный канал и две венткамеры высотой 3,6 м из балки,профтрубы и профнастила ",de1714af-8a12-11e7-af1d-30f7727a492e,false,false
Номенклатура — исходный каталог,raw.catalog_номенклатура,c6b6c42d-f524-11eb-9c3a-00505689ff45,АК-00003436,Венто 178-02-1230-0 Инсектицид,Венто 178-02-1230-0 Инсектицид,2eaeac4d-5322-11f0-b811-005056bde474,false,false
Номенклатура — исходный каталог,raw.catalog_номенклатура,c6b6c42e-f524-11eb-9c3a-00505689ff45,АК-00003437,Венто 178-02-1762-0 Инсектицид,Венто 178-02-1762-0 Инсектицид,2eaeac4d-5322-11f0-b811-005056bde474,false,false
Номенклатура — исходный каталог,raw.catalog_номенклатура,071173c1-615e-11eb-9c2d-0050560417d5,00-00002858,Весовая,,f82d265a-615d-11eb-9c2d-0050560417d5,true,false
Номенклатура — исходный каталог,raw.catalog_номенклатура,4bf6724d-f7d0-11f0-b81e-005056bde474,00-00013615,Весы с 16 взвешивающими головками,Весы с 16 взвешивающими головками,de1714af-8a12-11e7-af1d-30f7727a492e,false,false
Номенклатура — исходный каталог,raw.catalog_номенклатура,c6b6c42f-f524-11eb-9c3a-00505689ff45,АК-00003438,Виал ТрасТ Инсектицид,Виал ТрасТ Инсектицид,668204c4-5324-11f0-b811-005056bde474,false,false
Номенклатура — исходный каталог,raw.catalog_номенклатура,c6b6c430-f524-11eb-9c3a-00505689ff45,АК-00003439,Виал Трио Инсектицид,Виал Трио Инсектицид,668204c4-5324-11f0-b811-005056bde474,false,false
Номенклатура — исходный каталог,raw.catalog_номенклатура,2ac45550-191e-11f1-b81f-005056bde474,00-00013853,Видеокамера IP HIKVISION DS-2DE2A204IW-DE3(C0)(S6)(C) (DS-2DE2A204IW-DE3(C0)(S6)(C)),Видеокамера IP HIKVISION DS-2DE2A204IW-DE3(C0)(S6)(C) (DS-2DE2A204IW-DE3(C0)(S6)(C)),211c2790-35ce-11ea-9522-30f7727a492e,false,false
Номенклатура — исходный каталог,raw.catalog_номенклатура,a223698d-191d-11f1-b81f-005056bde474,00-00013852,Видеокамера IP HIKVISION DS-2DE3A404IWG-E 2.8-12 mm (DS-2DE3A404IWG-E),Видеокамера IP HIKVISION DS-2DE3A404IWG-E 2.8-12 mm (DS-2DE3A404IWG-E),211c2790-35ce-11ea-9522-30f7727a492e,false,false
Номенклатура — исходный каталог,raw.catalog_номенклатура,211c2791-35ce-11ea-9522-30f7727a492e,00-00002361,Видеорегистратор DS-N332/2,Видеорегистратор DS-N332/2,211c2790-35ce-11ea-9522-30f7727a492e,false,false
Номенклатура — исходный каталог,raw.catalog_номенклатура,0be249a6-1764-11eb-2d86-fa163e0d31f7,БП-00003171,Вилка AG W2600 8х32х38,Вилка AG W2600 8х32х38,9b060c03-71d9-11e7-85a2-d43d7eec442d,false,false
Номенклатура — исходный каталог,raw.catalog_номенклатура,e29ec664-0012-11ec-9c3a-00505689ff45,АК-00003954,Вилка AG WWE2580 8*32*38,Вилка AG WWE2580 8*32*38,9b060c03-71d9-11e7-85a2-d43d7eec442d,false,false
Номенклатура — исходный каталог,raw.catalog_номенклатура,8f552f5c-0012-11ec-9c3a-00505689ff45,АК-00003953,Вилка RG S4 WWE2580,Вилка RG S4 WWE2580,9b060c03-71d9-11e7-85a2-d43d7eec442d,false,false
Номенклатура — исходный каталог,raw.catalog_номенклатура,b5e05660-1763-11eb-2d86-fa163e0d31f7,БП-00003169,Вилка RG S5 W2600,Вилка RG S5 W2600,9b060c03-71d9-11e7-85a2-d43d7eec442d,false,false
Номенклатура — исходный каталог,raw.catalog_номенклатура,a870676b-57a0-11ea-9525-30f7727a492e,00-00002494,Вилка белая,Вилка белая,9b060c03-71d9-11e7-85a2-d43d7eec442d,false,false
Номенклатура — исходный каталог,raw.catalog_номенклатура,a87ef347-0016-11ec-9c3a-00505689ff45,АК-00003955,Вилка двойная  WWE2580 ,Вилка двойная  WWE2580 ,9b060c03-71d9-11e7-85a2-d43d7eec442d,false,false
Номенклатура — исходный каталог,raw.catalog_номенклатура,db0aa7d9-0177-11ea-951c-30f7727a492e,00-00002142,Вилка прицепной скобы К-700 (700.46.30.015-2),Вилка прицепной скобы К-700 (700.46.30.015-2),9b060c03-71d9-11e7-85a2-d43d7eec442d,false,false
Номенклатура — исходный каталог,raw.catalog_номенклатура,8225335d-1d78-11ea-9522-30f7727a492e,00-00002267,Вилка прямая белая с з/к,Вилка прямая белая с з/к,9b060c03-71d9-11e7-85a2-d43d7eec442d,false,false
Номенклатура — исходный каталог,raw.catalog_номенклатура,d87bd7de-a69f-11ec-9c42-00505689c8d9,00-00006383,"Вилка скребок ""Скрейпер"" широкая","Вилка скребок ""Скрейпер"" широкая",65439ec8-d96f-11eb-6c92-fa163e0d31f7,false,false
Номенклатура — исходный каталог,raw.catalog_номенклатура,b32b61a8-807a-11ea-9528-30f7727a492e,00-00002564,Вилка сцепления,Вилка сцепления,9b060c03-71d9-11e7-85a2-d43d7eec442d,false,false
Номенклатура — исходный каталог,raw.catalog_номенклатура,89f8b8c0-8b04-11eb-4b87-fa163e0d31f7,БП-00003787,Вилка сцепления МТЗ-1221 отводки РУП МТЗ,Вилка сцепления МТЗ-1221 отводки РУП МТЗ,9b060c03-71d9-11e7-85a2-d43d7eec442d,false,false
Номенклатура — исходный каталог,raw.catalog_номенклатура,c6b6c431-f524-11eb-9c3a-00505689ff45,АК-00003440,Виннер Инсектицид,Виннер Инсектицид,668204c4-5324-11f0-b811-005056bde474,false,false
Номенклатура — исходный каталог,raw.catalog_номенклатура,97bc4438-f62c-11e9-9519-30f7727a492e,00-00002132,Винт верхний М30х3 правая резьба,Винт верхний М30х3 правая резьба,9b060c03-71d9-11e7-85a2-d43d7eec442d,false,false
Номенклатура — исходный каталог,raw.catalog_номенклатура,351ddd50-565f-11eb-1f84-fa163e0d31f7,БП-00003596,Винт полукруглый 6*25,Винт полукруглый 6*25,9b060c03-71d9-11e7-85a2-d43d7eec442d,false,false
Номенклатура — исходный каталог,raw.catalog_номенклатура,7aeb9304-f7d0-11f0-b81e-005056bde474,00-00013617,Винтовой элеватор,Винтовой элеватор,de1714af-8a12-11e7-af1d-30f7727a492e,false,false
Номенклатура — исходный каталог,raw.catalog_номенклатура,c6b6c432-f524-11eb-9c3a-00505689ff45,АК-00003441,Винцент Инсектицид,Винцент Инсектицид,668204c4-5324-11f0-b811-005056bde474,false,false
Номенклатура — исходный каталог,raw.catalog_номенклатура,c6b6c433-f524-11eb-9c3a-00505689ff45,АК-00003442,Винцит Инсектицид,Винцит Инсектицид,668204c4-5324-11f0-b811-005056bde474,false,false
Номенклатура — исходный каталог,raw.catalog_номенклатура,ccb62a92-f524-11eb-9c3a-00505689ff45,АК-00003443,Винцит Форте Инсектицид,Винцит Форте Инсектицид,668204c4-5324-11f0-b811-005056bde474,false,false
Номенклатура — исходный каталог,raw.catalog_номенклатура,ccb62a93-f524-11eb-9c3a-00505689ff45,АК-00003444,Винцит Экстра Инсектицид,Винцит Экстра Инсектицид,668204c4-5324-11f0-b811-005056bde474,false,false
Номенклатура — исходный каталог,raw.catalog_номенклатура,ccb62a94-f524-11eb-9c3a-00505689ff45,АК-00003445,Виртуоз Инсектицид,Виртуоз Инсектицид,2eaeac4d-5322-11f0-b811-005056bde474,false,false
Номенклатура — исходный каталог,raw.catalog_номенклатура,ccb62a95-f524-11eb-9c3a-00505689ff45,АК-00003446,Вист Инсектицид,Вист Инсектицид,2eaeac4d-5322-11f0-b811-005056bde474,false,false
Номенклатура — исходный каталог,raw.catalog_номенклатура,e1208e64-4687-11eb-3293-fa163e0d31f7,БП-00003497,"Вист дымовая шашка 0,4 кг","Вист дымовая шашка 0,4 кг",2eaeac4d-5322-11f0-b811-005056bde474,false,false
Номенклатура — исходный каталог,raw.catalog_номенклатура,38693b14-1ab2-11eb-c693-fa163e0d31f7,БП-00003181,Вист дымовая шашка 5гр,Вист дымовая шашка 5гр,2eaeac4d-5322-11f0-b811-005056bde474,false,false
Номенклатура — исходный каталог,raw.catalog_номенклатура,ccb62a96-f524-11eb-9c3a-00505689ff45,АК-00003447,Витавакс 200ФФ Инсектицид,Витавакс 200ФФ Инсектицид,668204c4-5324-11f0-b811-005056bde474,false,false
Номенклатура — исходный каталог,raw.catalog_номенклатура,ccb62a97-f524-11eb-9c3a-00505689ff45,АК-00003448,Виталон Инсектицид,Виталон Инсектицид,668204c4-5324-11f0-b811-005056bde474,false,false
Номенклатура — исходный каталог,raw.catalog_номенклатура,ccb62a98-f524-11eb-9c3a-00505689ff45,АК-00003449,Витаплан Инсектицид,Витаплан Инсектицид,2eaeac4d-5322-11f0-b811-005056bde474,false,false
Номенклатура — исходный каталог,raw.catalog_номенклатура,ccb62a99-f524-11eb-9c3a-00505689ff45,АК-00003450,Витарос Инсектицид,Витарос Инсектицид,668204c4-5324-11f0-b811-005056bde474,false,false
Номенклатура — исходный каталог,raw.catalog_номенклатура,ccb62a9a-f524-11eb-9c3a-00505689ff45,АК-00003451,Витасил Инсектицид,Витасил Инсектицид,668204c4-5324-11f0-b811-005056bde474,false,false
Номенклатура — исходный каталог,raw.catalog_номенклатура,ccb62a9b-f524-11eb-9c3a-00505689ff45,АК-00003452,Витацит Инсектицид,Витацит Инсектицид,668204c4-5324-11f0-b811-005056bde474,false,false
Номенклатура — исходный каталог,raw.catalog_номенклатура,dd3f2158-3d8c-11f1-b821-005056bde474,00-00014082,Вода,,9088ee9f-75dc-11e7-af18-30f7727a492e,true,false
Номенклатура — исходный каталог,raw.catalog_номенклатура,1c6eea34-33ef-11eb-0e8a-fa163e0d31f7,БП-00003313,"Водонагреватель ""Термекс""","Водонагреватель ""Термекс""",9be0daf4-2e34-11eb-288c-fa163e0d31f7,false,false
Номенклатура — исходный каталог,raw.catalog_номенклатура,199c723a-29a7-11f0-b80e-005056bde474,00-00012086,Водоумягчитель LT12 DVA,Водоумягчитель LT12 DVA,9b060c02-71d9-11e7-85a2-d43d7eec442d,false,false
Номенклатура — исходный каталог,raw.catalog_номенклатура,55cdeaa4-ed14-11ea-a29d-fa163ee5d2f9,БП-00003000,Воздуховод напорный для напольного хранения овощей В01/15,Воздуховод напорный для напольного хранения овощей В01/15,de1714af-8a12-11e7-af1d-30f7727a492e,false,false
Номенклатура — исходный каталог,raw.catalog_номенклатура,9d7b707e-ed14-11ea-a29d-fa163ee5d2f9,БП-00003001,Воздуховод напорный для напольного хранения овощей В02/15,Воздуховод напорный для напольного хранения овощей В02/15,de1714af-8a12-11e7-af1d-30f7727a492e,false,false
Номенклатура — исходный каталог,raw.catalog_номенклатура,bd3050f6-ed14-11ea-a29d-fa163ee5d2f9,БП-00003002,Воздуховод напорный для напольного хранения овощей В03/15,Воздуховод напорный для напольного хранения овощей В03/15,de1714af-8a12-11e7-af1d-30f7727a492e,false,false
Номенклатура — исходный каталог,raw.catalog_номенклатура,de1714b0-8a12-11e7-af1d-30f7727a492e,00-00000292,Воздуховод напорный для напольного хранения овощей ВО4/15,Воздуховод напорный для напольного хранения овощей ВО4/15,de1714af-8a12-11e7-af1d-30f7727a492e,false,false
Номенклатура — исходный каталог,raw.catalog_номенклатура,de1714b1-8a12-11e7-af1d-30f7727a492e,00-00000293,Воздуховод напорный для напольного хранения овощей ВО5/15,Воздуховод напорный для напольного хранения овощей ВО5/15,de1714af-8a12-11e7-af1d-30f7727a492e,false,false
Номенклатура — исходный каталог,raw.catalog_номенклатура,de1714b2-8a12-11e7-af1d-30f7727a492e,00-00000294,Воздуховод напорный для напольного хранения овощей ВО6/15,Воздуховод напорный для напольного хранения овощей ВО6/15,de1714af-8a12-11e7-af1d-30f7727a492e,false,false
Номенклатура — исходный каталог,raw.catalog_номенклатура,de1714b3-8a12-11e7-af1d-30f7727a492e,00-00000295,Воздуховод напорный для напольного хранения овощей ВО7/15,Воздуховод напорный для напольного хранения овощей ВО7/15,de1714af-8a12-11e7-af1d-30f7727a492e,false,false
Номенклатура — исходный каталог,raw.catalog_номенклатура,de1714b4-8a12-11e7-af1d-30f7727a492e,00-00000296,Воздуховод напорный для напольного хранения овощей ВО8/15,Воздуховод напорный для напольного хранения овощей ВО8/15,de1714af-8a12-11e7-af1d-30f7727a492e,false,false
Номенклатура — исходный каталог,raw.catalog_номенклатура,67b97c75-4f8c-11ed-9c43-cb6d75bb653b,00-00007308,Воздухоохладитель DD-19/0/453A 380V,Воздухоохладитель DD-19/0/453A 380V,de1714af-8a12-11e7-af1d-30f7727a492e,false,false
Номенклатура — исходный каталог,raw.catalog_номенклатура,bcc1e4f0-07d0-11eb-1097-fa163ee5d2f9,БП-00003100,Воздухоохладитель СТЕ 502 Е6 ЕD,Воздухоохладитель СТЕ 502 Е6 ЕD,de1714af-8a12-11e7-af1d-30f7727a492e,false,false
Номенклатура — исходный каталог,raw.catalog_номенклатура,d0edeea6-07d0-11eb-1097-fa163ee5d2f9,БП-00003101,Воздухоохладитель СТЕ 502 Е8 ЕD,Воздухоохладитель СТЕ 502 Е8 ЕD,de1714af-8a12-11e7-af1d-30f7727a492e,false,false
Номенклатура — исходный каталог,raw.catalog_номенклатура,ccb62a9c-f524-11eb-9c3a-00505689ff45,АК-00003453,Волиам Флекси Инсектицид,Волиам Флекси Инсектицид,f9d67774-531d-11f0-b811-005056bde474,false,false
Номенклатура — исходный каталог,raw.catalog_номенклатура,b5c5db64-b3c6-11e7-a3e2-94de80168a80,00-00000418,Ворота откатные 3900*3520,Ворота откатные 3900*3520,de1714af-8a12-11e7-af1d-30f7727a492e,false,false
Номенклатура — исходный каталог,raw.catalog_номенклатура,b2536ade-f25e-11ee-9c4c-005056893620,00-00010355,Ворохоотделитель ВОБ6,Ворохоотделитель ВОБ6,de1714af-8a12-11e7-af1d-30f7727a492e,false,false
Номенклатура — исходный каталог,raw.catalog_номенклатура,33147d94-a6a7-11ec-9c42-00505689c8d9,00-00006396,Воскотопка паровая 6 рамочная электрическая,Воскотопка паровая 6 рамочная электрическая,65439ec8-d96f-11eb-6c92-fa163e0d31f7,false,false
Номенклатура — исходный каталог,raw.catalog_номенклатура,ccb62a9d-f524-11eb-9c3a-00505689ff45,АК-00003454,Восторг Инсектицид,Восторг Инсектицид,f9d67774-531d-11f0-b811-005056bde474,false,false
Номенклатура — исходный каталог,raw.catalog_номенклатура,f22ac9b2-a6a6-11ec-9c42-00505689c8d9,00-00006395,"Вощина Дадан""Улей""","Вощина Дадан""Улей""",65439ec8-d96f-11eb-6c92-fa163e0d31f7,false,false
Номенклатура — исходный каталог,raw.catalog_номенклатура,2cadf8d2-d038-11eb-5d99-fa163e0d31f7,БП-00004219,Врезка 3/4 для резервуаров,Врезка 3/4 для резервуаров,9b060c03-71d9-11e7-85a2-d43d7eec442d,false,false
Номенклатура — исходный каталог,raw.catalog_номенклатура,629b96b6-2e3a-11eb-288c-fa163e0d31f7,БП-00003223,Врезка в бак d=2 удл. (латунь),Врезка в бак d=2 удл. (латунь),9be0daf4-2e34-11eb-288c-fa163e0d31f7,false,false
Номенклатура — исходный каталог,raw.catalog_номенклатура,51d55784-24fb-11ec-a9db-00505689f463,АК-00005354,Вспашка,Вспашка,52c3cca5-0968-11f0-b80e-005056bde474,false,false
Номенклатура — исходный каталог,raw.catalog_номенклатура,8a522a3c-b23b-11eb-6d90-fa163e0d31f7,БП-00003962,Вставка 88.00569 выкл.ложечка среняя черная,Вставка 88.00569 выкл.ложечка среняя черная,9b060c03-71d9-11e7-85a2-d43d7eec442d,false,false
Номенклатура — исходный каталог,raw.catalog_номенклатура,1c15a7b1-2a82-11f0-b80e-005056bde474,00-00012142,Вторичное сырье на крахмал.Гала.Мелкий,Вторичное сырье на крахмал.Гала.Мелкий,e5d35811-095b-11f0-b80e-005056bde474,false,false
Номенклатура — исходный каталог,raw.catalog_номенклатура,763576de-fdbd-11f0-b81e-005056bde474,00-00013656,Вторичное сырье на продажу,,09f53c56-30e5-11ec-b9aa-00505689914b,true,false
Номенклатура — исходный каталог,raw.catalog_номенклатура,e5d35811-095b-11f0-b80e-005056bde474,00-00011800,Вторичное сырьё на крахмал,,09f53c56-30e5-11ec-b9aa-00505689914b,true,false
Номенклатура — исходный каталог,raw.catalog_номенклатура,666c09f6-2a81-11f0-b80e-005056bde474,00-00012138,Вторичное сырьё на крахмал.Кармен.Мелкий,Вторичное сырьё на крахмал.Кармен.Мелкий,e5d35811-095b-11f0-b80e-005056bde474,false,false
Номенклатура — исходный каталог,raw.catalog_номенклатура,2a8c656b-1486-11f0-b80e-005056bde474,00-00011938,Вторичное сырьё на переработку,,09f53c56-30e5-11ec-b9aa-00505689914b,true,false
Номенклатура — исходный каталог,raw.catalog_номенклатура,41e3d0af-2e59-11f0-b80e-005056bde474,00-00012258,Вторичное сырьё на переработку.ЦВ.Гала.Мелкий,Вторичное сырьё на переработку.ЦВ.Гала.Мелкий,2a8c656b-1486-11f0-b80e-005056bde474,false,false
Номенклатура — исходный каталог,raw.catalog_номенклатура,dcd8f66d-2e57-11f0-b80e-005056bde474,00-00012254,Вторичное сырьё на переработку.ЦВ.Кармен.Мелкий,Вторичное сырьё на переработку.ЦВ.Кармен.Мелкий,2a8c656b-1486-11f0-b80e-005056bde474,false,false
Номенклатура — исходный каталог,raw.catalog_номенклатура,8b54b841-2e5a-11f0-b80e-005056bde474,00-00012264,Вторичное сырьё на переработку.ЦГП.Гала.Стандарт,Вторичное сырьё на переработку.ЦГП.Гала.Стандарт,2a8c656b-1486-11f0-b80e-005056bde474,false,false
Номенклатура — исходный каталог,raw.catalog_номенклатура,892ae24b-2e59-11f0-b80e-005056bde474,00-00012260,Вторичное сырьё на переработку.ЦГП.Кармен.Стандарт,Вторичное сырьё на переработку.ЦГП.Кармен.Стандарт,2a8c656b-1486-11f0-b80e-005056bde474,false,false
Номенклатура — исходный каталог,raw.catalog_номенклатура,d0c36be6-fdca-11f0-b81e-005056bde474,00-00013658,Вторичное сырьё на продажу.Гала.Мелкий.,Вторичное сырьё на продажу.Гала.Мелкий.,763576de-fdbd-11f0-b81e-005056bde474,false,false
Номенклатура — исходный каталог,raw.catalog_номенклатура,72147d04-fdca-11f0-b81e-005056bde474,00-00013657,Вторичное сырьё на продажу.Гала.Стандарт.,Вторичное сырьё на продажу.Гала.Стандарт.,763576de-fdbd-11f0-b81e-005056bde474,false,false
Номенклатура — исходный каталог,raw.catalog_номенклатура,e883b555-fdca-11f0-b81e-005056bde474,00-00013659,Вторичное сырьё на продажу.Кармен.Мелкий.,Вторичное сырьё на продажу.Кармен.Мелкий.,763576de-fdbd-11f0-b81e-005056bde474,false,false
Номенклатура — исходный каталог,raw.catalog_номенклатура,ff6adbc4-fdca-11f0-b81e-005056bde474,00-00013660,Вторичное сырьё на продажу.Кармен.Стандарт.,Вторичное сырьё на продажу.Кармен.Стандарт.,763576de-fdbd-11f0-b81e-005056bde474,false,false
Номенклатура — исходный каталог,raw.catalog_номенклатура,a121402f-7d6f-11ea-9528-30f7727a492e,00-00002538,Втулка  МТЗ РБ 1520-2308077,Втулка  МТЗ РБ 1520-2308077,9b060c03-71d9-11e7-85a2-d43d7eec442d,false,false
Номенклатура — исходный каталог,raw.catalog_номенклатура,436423ac-92c7-11eb-0c80-fa163e0d31f7,БП-00003823,Втулка 33150100,Втулка 33150100,9b060c03-71d9-11e7-85a2-d43d7eec442d,false,false
Номенклатура — исходный каталог,raw.catalog_номенклатура,802a52f6-92c8-11eb-0c80-fa163e0d31f7,БП-00003828,Втулка 34086600,Втулка 34086600,9b060c03-71d9-11e7-85a2-d43d7eec442d,false,false
Номенклатура — исходный каталог,raw.catalog_номенклатура,f6b0637a-e485-11eb-0c9a-fa163e0d31f7,БП-00004457,Втулка БЗ нар. резьба 1/4 Metabo 7803009117,Втулка БЗ нар. резьба 1/4 Metabo 7803009117,9b060c03-71d9-11e7-85a2-d43d7eec442d,false,false
Номенклатура — исходный каталог,raw.catalog_номенклатура,ccb62a9e-f524-11eb-9c3a-00505689ff45,АК-00003455,Вулкан Инсектицид,Вулкан Инсектицид,f9d67774-531d-11f0-b811-005056bde474,false,false
Номенклатура — исходный каталог,raw.catalog_номенклатура,05c04168-d742-11f0-b81e-005056bde474,00-00013093,Вывоз условного картофеля,Вывоз условного картофеля,52c3cca5-0968-11f0-b80e-005056bde474,false,false
Номенклатура — исходный каталог,raw.catalog_номенклатура,5b81fb1c-2e5e-11eb-288c-fa163e0d31f7,БП-00003267,Выгрузной транспортер 300/400,Выгрузной транспортер 300/400,279c2c04-2e46-11eb-288c-fa163e0d31f7,false,false
Номенклатура — исходный каталог,raw.catalog_номенклатура,ae2380d0-e790-11ea-3497-fa163ee5d2f9,БП-00002964,Выключатель массы дистанционный 12V СОАТЭ 1300.3737,Выключатель массы дистанционный 12V СОАТЭ 1300.3737,9b060c03-71d9-11e7-85a2-d43d7eec442d,false,false
Номенклатура — исходный каталог,raw.catalog_номенклатура,b1a3ec66-d9db-11eb-6c92-fa163e0d31f7,БП-00004407,Выключатель стола ВК12-51 МТЗ,Выключатель стола ВК12-51 МТЗ,9b060c03-71d9-11e7-85a2-d43d7eec442d,false,false
Номенклатура — исходный каталог,raw.catalog_номенклатура,d2b730e2-447c-11eb-7b94-fa163e0d31f7,БП-00003476,"Вымпел Стартовые провода 500А 3м,хладост.в сумке 5039","Вымпел Стартовые провода 500А 3м,хладост.в сумке 5039",9b060c03-71d9-11e7-85a2-d43d7eec442d,false,false
Номенклатура — исходный каталог,raw.catalog_номенклатура,c4c138a2-3105-11ed-9c43-cb6d75bb653b,00-00007140,Вынужденный простой,Вынужденный простойВынужденный простой,52c3cca5-0968-11f0-b80e-005056bde474,false,false
Номенклатура — исходный каталог,raw.catalog_номенклатура,ee7fa8ea-72a8-11eb-4886-fa163e0d31f7,БП-00003748,Выравнивающая пластина Р100,Выравнивающая пластина Р100,515b983a-72a8-11eb-4886-fa163e0d31f7,false,false
Номенклатура — исходный каталог,raw.catalog_номенклатура,ce70fe91-910f-11ef-9c5e-00505689ff45,00-00011326,Вэнди РС2 мытый Сетка-домик 3кг Полив,Картофель вэнди 2 репродукции отборный мытый сетка домик 3кг под поливом,03e63608-4b80-11f0-b810-005056bde474,false,false
Номенклатура — исходный каталог,raw.catalog_номенклатура,9b060c27-71d9-11e7-85a2-d43d7eec442d,00-00000005,ГОТОВАЯ ПРОДУКЦИЯ,,00000000-0000-0000-0000-000000000000,true,false
Номенклатура — исходный каталог,raw.catalog_номенклатура,d57d3d8b-695c-11f1-b822-005056bde474,00-00014511,ГОТОВАЯ ПРОДУКЦИЯ ДАВАЛЬЧЕСКАЯ,,00000000-0000-0000-0000-000000000000,true,false
Номенклатура — исходный каталог,raw.catalog_номенклатура,9088ee9f-75dc-11e7-af18-30f7727a492e,00-00000054,ГСМ,,dece0a1b-094b-11f0-b80e-005056bde474,true,false
Номенклатура — исходный каталог,raw.catalog_номенклатура,e4720d31-3d8c-11f1-b821-005056bde474,00-00014083,Газ,,9088ee9f-75dc-11e7-af18-30f7727a492e,true,false
Номенклатура — исходный каталог,raw.catalog_номенклатура,ccb62a9f-f524-11eb-9c3a-00505689ff45,АК-00003456,Газель Инсектицид,Газель Инсектицид,f9d67774-531d-11f0-b811-005056bde474,false,false
Номенклатура — исходный каталог,raw.catalog_номенклатура,d2aed06d-038c-11ea-951d-30f7727a492e,00-00002180,Гайка  МТЗ БЗТДиА 80-1701045,Гайка  МТЗ БЗТДиА 80-1701045,9b060c03-71d9-11e7-85a2-d43d7eec442d,false,false
Номенклатура — исходный каталог,raw.catalog_номенклатура,82253353-1d78-11ea-9522-30f7727a492e,00-00002258,Гайка /шайба М 20,Гайка /шайба М 20,9b060c03-71d9-11e7-85a2-d43d7eec442d,false,false
Номенклатура — исходный каталог,raw.catalog_номенклатура,b9fe9ac8-92c8-11eb-0c80-fa163e0d31f7,БП-00003829,Гайка JB8915,Гайка JB8915,9b060c03-71d9-11e7-85a2-d43d7eec442d,false,false
Номенклатура — исходный каталог,raw.catalog_номенклатура,b6d1be52-99bc-11ea-952a-30f7727a492e,00-00002700,Гайка М 12 лемеха ГОСТ 5927,Гайка М 12 лемеха ГОСТ 5927,9b060c03-71d9-11e7-85a2-d43d7eec442d,false,false
Номенклатура — исходный каталог,raw.catalog_номенклатура,8c281e5e-bf04-11eb-1998-fa163e0d31f7,БП-00004039,Гайка внутренняя на шпильку ЗИЛ 130 (М18) (ГАЗ),Гайка внутренняя на шпильку ЗИЛ 130 (М18) (ГАЗ),9b060c03-71d9-11e7-85a2-d43d7eec442d,false,false
Номенклатура — исходный каталог,raw.catalog_номенклатура,c7fd237a-bf04-11eb-1998-fa163e0d31f7,БП-00004040,"Гайка круглая 80-1701045 М45*1,5 Н=14 с буртиком","Гайка круглая 80-1701045 М45*1,5 Н=14 с буртиком",9b060c03-71d9-11e7-85a2-d43d7eec442d,false,false
Номенклатура — исходный каталог,raw.catalog_номенклатура,2ff2b60d-0010-11ec-9c3a-00505689ff45,АК-00003948,Гайка м 14х1.5.КАМАЗ многоцелевая с нейлоном,Гайка м 14х1.5.КАМАЗ многоцелевая с нейлоном,9b060c03-71d9-11e7-85a2-d43d7eec442d,false,false
Номенклатура — исходный каталог,raw.catalog_номенклатура,06a3dd91-9698-11ea-952a-30f7727a492e,00-00002626,Гайка оцинкованная DIN 934 М10,Гайка оцинкованная DIN 934 М10,9b060c03-71d9-11e7-85a2-d43d7eec442d,false,false
Номенклатура — исходный каталог,raw.catalog_номенклатура,06a3dd92-9698-11ea-952a-30f7727a492e,00-00002627,Гайка оцинкованная DIN 934 М12,Гайка оцинкованная DIN 934 М12,9b060c03-71d9-11e7-85a2-d43d7eec442d,false,false
Номенклатура — исходный каталог,raw.catalog_номенклатура,06a3dd93-9698-11ea-952a-30f7727a492e,00-00002628,Гайка оцинкованная DIN 934 М18,Гайка оцинкованная DIN 934 М18,9b060c03-71d9-11e7-85a2-d43d7eec442d,false,false
Номенклатура — исходный каталог,raw.catalog_номенклатура,06a3dd94-9698-11ea-952a-30f7727a492e,00-00002629,Гайка оцинкованная DIN 934 М20,Гайка оцинкованная DIN 934 М20,9b060c03-71d9-11e7-85a2-d43d7eec442d,false,false
Номенклатура — исходный каталог,raw.catalog_номенклатура,06a3dd95-9698-11ea-952a-30f7727a492e,00-00002630,Гайка оцинкованная DIN 934 М22,Гайка оцинкованная DIN 934 М22,9b060c03-71d9-11e7-85a2-d43d7eec442d,false,false
Номенклатура — исходный каталог,raw.catalog_номенклатура,06a3dd96-9698-11ea-952a-30f7727a492e,00-00002631,Гайка оцинкованная DIN 934 М6,Гайка оцинкованная DIN 934 М6,9b060c03-71d9-11e7-85a2-d43d7eec442d,false,false
Номенклатура — исходный каталог,raw.catalog_номенклатура,06a3dd97-9698-11ea-952a-30f7727a492e,00-00002632,Гайка оцинкованная DIN 934 М8,Гайка оцинкованная DIN 934 М8,9b060c03-71d9-11e7-85a2-d43d7eec442d,false,false
Номенклатура — исходный каталог,raw.catalog_номенклатура,06a3dd98-9698-11ea-952a-30f7727a492e,00-00002633,Гайка самоконтрящаяся с нейлоновым кольцом цинк DIN 985 М10,Гайка самоконтрящаяся с нейлоновым кольцом цинк DIN 985 М10,9b060c03-71d9-11e7-85a2-d43d7eec442d,false,false
Номенклатура — исходный каталог,raw.catalog_номенклатура,06a3dd99-9698-11ea-952a-30f7727a492e,00-00002634,Гайка самоконтрящаяся с нейлоновым кольцом цинк DIN 985 М12,Гайка самоконтрящаяся с нейлоновым кольцом цинк DIN 985 М12,9b060c03-71d9-11e7-85a2-d43d7eec442d,false,false
Номенклатура — исходный каталог,raw.catalog_номенклатура,06a3dd9a-9698-11ea-952a-30f7727a492e,00-00002635,Гайка самоконтрящаяся с нейлоновым кольцом цинк DIN 985 М14,Гайка самоконтрящаяся с нейлоновым кольцом цинк DIN 985 М14,9b060c03-71d9-11e7-85a2-d43d7eec442d,false,false
Номенклатура — исходный каталог,raw.catalog_номенклатура,06a3dd9b-9698-11ea-952a-30f7727a492e,00-00002636,Гайка самоконтрящаяся с нейлоновым кольцом цинк DIN 985 М16,Гайка самоконтрящаяся с нейлоновым кольцом цинк DIN 985 М16,9b060c03-71d9-11e7-85a2-d43d7eec442d,false,false
Номенклатура — исходный каталог,raw.catalog_номенклатура,06a3dd9c-9698-11ea-952a-30f7727a492e,00-00002637,Гайка самоконтрящаяся с нейлоновым кольцом цинк DIN 985 М6,Гайка самоконтрящаяся с нейлоновым кольцом цинк DIN 985 М6,9b060c03-71d9-11e7-85a2-d43d7eec442d,false,false
Номенклатура — исходный каталог,raw.catalog_номенклатура,06a3dd9d-9698-11ea-952a-30f7727a492e,00-00002638,Гайка самоконтрящаяся с нейлоновым кольцом цинк DIN 985 М8,Гайка самоконтрящаяся с нейлоновым кольцом цинк DIN 985 М8,9b060c03-71d9-11e7-85a2-d43d7eec442d,false,false
Номенклатура — исходный каталог,raw.catalog_номенклатура,1fa77055-f2de-11eb-9c3a-00505689ff45,АК-00003305,"Гайтан, КЭ Гербицид ","Гайтан, КЭ Гербицид ",5e0b1519-531c-11f0-b811-005056bde474,false,false
Номенклатура — исходный каталог,raw.catalog_номенклатура,ad91cbac-40ba-11ee-9c4e-00505689ff45,00-00008938,Гала РС2 грязный  Сетка на рулоне 25кг. Полив,Картофель гала 2 репродукции отборный грязный сетка на рулоне 25кг. Под поливом,13ef6ba2-4b80-11f0-b810-005056bde474,false,false
Номенклатура — исходный каталог,raw.catalog_номенклатура,e47580b1-40ba-11ee-9c4e-00505689ff45,00-00009078,Гала РС2 мытый Сетка 25кг. Полив,Картофель гала 2 репродукции отборный мытый сетка 25кг под полливом,03e63608-4b80-11f0-b810-005056bde474,false,false
Номенклатура — исходный каталог,raw.catalog_номенклатура,47911e12-40bb-11ee-9c4e-00505689ff45,00-00009190,Гала РС2 мытый Сетка-домик 2кг. Полив,Картофель гала 2 репродукции бэби мытый сетка домик 2кг.. Под поливом,03e63608-4b80-11f0-b810-005056bde474,false,false
Номенклатура — исходный каталог,raw.catalog_номенклатура,e0503ed5-40ba-11ee-9c4e-00505689ff45,00-00009050,Гала РС2 мытый Сетка-домик 3кг Полив,Картофель гала 2 репродукции отборный мытый сетка домик 3кг под поливом,03e63608-4b80-11f0-b810-005056bde474,false,false
Номенклатура — исходный каталог,raw.catalog_номенклатура,e47580b3-40ba-11ee-9c4e-00505689ff45,00-00009080,Гала РС3 мытый Сетка 25кг. Полив,Картофель гала 3 репродукции отборный мытый сетка 25кг под полливом,03e63608-4b80-11f0-b810-005056bde474,false,false
Номенклатура — исходный каталог,raw.catalog_номенклатура,e0b46370-40ba-11ee-9c4e-00505689ff45,00-00009052,Гала РС3 мытый Сетка-домик 3кг Полив,Картофель гала 3 репродукции отборный мытый сетка домик 3кг под поливом,03e63608-4b80-11f0-b810-005056bde474,false,false
Номенклатура — исходный каталог,raw.catalog_номенклатура,9fd6b950-2a4c-11f0-b80e-005056bde474,00-00012130,"ГалаРС1 Белый Мытый  Сетка домик2,5 кг.","ГалаРС1 Белый Мытый  Сетка домик2,5 кг.",03e63608-4b80-11f0-b810-005056bde474,false,true
Номенклатура — исходный каталог,raw.catalog_номенклатура,ccb62aa0-f524-11eb-9c3a-00505689ff45,АК-00003457,Гамаир Инсектицид,Гамаир Инсектицид,2eaeac4d-5322-11f0-b811-005056bde474,false,false
Номенклатура — исходный каталог,raw.catalog_номенклатура,32f5ced6-f2de-11eb-9c3a-00505689ff45,АК-00003306,"Гамбит,СК Гербицид ","Гамбит,СК Гербицид ",5e0b1519-531c-11f0-b811-005056bde474,false,false
Номенклатура — исходный каталог,raw.catalog_номенклатура,51ae22bd-c5da-11ee-9c4c-005056893620,00-00010131,Гарелка -насадка GT-19 газовая с пьезоподжигом,Гарелка -насадка GT-19 газовая с пьезоподжигом,9b060c02-71d9-11e7-85a2-d43d7eec442d,false,false
Номенклатура — исходный каталог,raw.catalog_номенклатура,678cd820-e14f-11ea-8696-fa163ee5d2f9,БП-00002929,Гарелка газовая с пьезо,Гарелка газовая с пьезо,9b060c03-71d9-11e7-85a2-d43d7eec442d,false,false
Номенклатура — исходный каталог,raw.catalog_номенклатура,74b8aab7-f2dc-11eb-9c3a-00505689ff45,АК-00003300,"Гаур, КЭ Гербицид ","Гаур, КЭ Гербицид ",5e0b1519-531c-11f0-b811-005056bde474,false,false
Номенклатура — исходный каталог,raw.catalog_номенклатура,ccb62aa1-f524-11eb-9c3a-00505689ff45,АК-00003458,Гедеон Инсектицид,Гедеон Инсектицид,f9d67774-531d-11f0-b811-005056bde474,false,false
Номенклатура — исходный каталог,raw.catalog_номенклатура,4ceb5ff4-0622-11ee-9c4e-00505689ff45,00-00008117,Гезагард КС,Гезагард КС,5e0b1519-531c-11f0-b811-005056bde474,false,false
Номенклатура — исходный каталог,raw.catalog_номенклатура,ecc29eda-8b04-11eb-4b87-fa163e0d31f7,БП-00003788,"Генератор  МТЗ 1221,КСК-150,ТО-28 дв Д-245.5.245.7.260 1000Вт Радиоволна","Генератор  МТЗ 1221,КСК-150,ТО-28 дв Д-245.5.245.7.260 1000Вт Радиоволна",9b060c03-71d9-11e7-85a2-d43d7eec442d,false,false
Номенклатура — исходный каталог,raw.catalog_номенклатура,50d3d3a8-8b05-11eb-4b87-fa163e0d31f7,БП-00003789,"Генератор  МТЗ 80,82,Т-70,80,ТО-18М,ТМ3 дв Д-230,240,242,243,245 14Вт 50А Радиоволна","Генератор  МТЗ 80,82,Т-70,80,ТО-18М,ТМ3 дв Д-230,240,242,243,245 14Вт 50А Радиоволна",9b060c03-71d9-11e7-85a2-d43d7eec442d,false,false
Номенклатура — исходный каталог,raw.catalog_номенклатура,26b24cc4-33fa-11eb-0e8a-fa163e0d31f7,БП-00003333,Генератор HUTERDY6500LX электорстартер,Генератор HUTERDY6500LX электорстартер,9be0daf4-2e34-11eb-288c-fa163e0d31f7,false,false
Номенклатура — исходный каталог,raw.catalog_номенклатура,b6d1be6f-99bc-11ea-952a-30f7727a492e,БП-00002717,"Генератор Г273.Г1 (МАЗ-500,64229) дв.236-238 ","Генератор Г273.Г1 (МАЗ-500,64229) дв.236-238 ",9b060c03-71d9-11e7-85a2-d43d7eec442d,false,false
Номенклатура — исходный каталог,raw.catalog_номенклатура,db0aa7bc-0177-11ea-951c-30f7727a492e,00-00002136,Генератор Г287Д (К-701) 14В 85А,Генератор Г287Д (К-701) 14В 85А,9b060c03-71d9-11e7-85a2-d43d7eec442d,false,false
Номенклатура — исходный каталог,raw.catalog_номенклатура,99541d4b-f630-11ec-9c42-89a3dcc9992a,00-00006701,Генератор дизельный DAEWOO,Генератор дизельный DAEWOO,de1714af-8a12-11e7-af1d-30f7727a492e,false,false
Номенклатура — исходный каталог,raw.catalog_номенклатура,5e0b1519-531c-11f0-b811-005056bde474,00-00012475,Гербициды,,9088eeaa-75dc-11e7-af18-30f7727a492e,true,false
Номенклатура — исходный каталог,raw.catalog_номенклатура,5a2eab2e-ca13-11eb-2782-fa163e0d31f7,БП-00004145,Герметик системы охлаждения,Герметик системы охлаждения,9b060c03-71d9-11e7-85a2-d43d7eec442d,false,false
Номенклатура — исходный каталог,raw.catalog_номенклатура,ccb62aa2-f524-11eb-9c3a-00505689ff45,АК-00003459,Герольд Инсектицид,Герольд Инсектицид,f9d67774-531d-11f0-b811-005056bde474,false,false
Номенклатура — исходный каталог,raw.catalog_номенклатура,c6a675cc-16f2-11ed-9c43-cb6d75bb653b,00-00006845,Гиберелон ВРП,Гиберелон ВРП,e1243393-532a-11f0-b811-005056bde474,false,false
Номенклатура — исходный каталог,raw.catalog_номенклатура,101091e5-615e-11eb-9c2d-0050560417d5,00-00002859,Гидропонная,,f82d265a-615d-11eb-9c2d-0050560417d5,true,false
Номенклатура — исходный каталог,raw.catalog_номенклатура,066011c8-33e0-11eb-0e8a-fa163e0d31f7,БП-00003281,"Гидрораспределитель МТЗ-1221,1523 привода ПВМ САЛЕО-ГОМЕЛЬ","Гидрораспределитель МТЗ-1221,1523 привода ПВМ САЛЕО-ГОМЕЛЬ",9b060c03-71d9-11e7-85a2-d43d7eec442d,false,false
Номенклатура — исходный каталог,raw.catalog_номенклатура,ccb62aa3-f524-11eb-9c3a-00505689ff45,АК-00003460,Гладиатор Инсектицид,Гладиатор Инсектицид,f9d67774-531d-11f0-b811-005056bde474,false,false
Номенклатура — исходный каталог,raw.catalog_номенклатура,ccb62aa4-f524-11eb-9c3a-00505689ff45,АК-00003461,Гладиатор Супер Инсектицид,Гладиатор Супер Инсектицид,f9d67774-531d-11f0-b811-005056bde474,false,false
Номенклатура — исходный каталог,raw.catalog_номенклатура,5f2b6fc0-1a1f-11ec-9c3a-00505689ff45,АК-00005075,Глак,Глак,2eaeac4d-5322-11f0-b811-005056bde474,false,false
Номенклатура — исходный каталог,raw.catalog_номенклатура,ccb62aa5-f524-11eb-9c3a-00505689ff45,АК-00003462,Глиокладин Инсектицид,Глиокладин Инсектицид,2eaeac4d-5322-11f0-b811-005056bde474,false,false
Номенклатура — исходный каталог,raw.catalog_номенклатура,5a56770d-cc54-11f0-b81e-005056bde474,00-00012996,Гнилой картофель,Гнилой картофель,ee206f1b-243d-11f0-b80e-005056bde474,false,false
Номенклатура — исходный каталог,raw.catalog_номенклатура,9b060c6b-71d9-11e7-85a2-d43d7eec442d,00000013   ,Головка муфтовая ГМ-80,Головка муфтовая ГМ-80,9b060c03-71d9-11e7-85a2-d43d7eec442d,false,false
Номенклатура — исходный каталог,raw.catalog_номенклатура,beb804d9-000f-11ec-9c3a-00505689ff45,АК-00003947,Головка торцовая 42 ударная ,Головка торцовая 42 ударная ,9b060c03-71d9-11e7-85a2-d43d7eec442d,false,false
Номенклатура — исходный каталог,raw.catalog_номенклатура,2d06ce5c-72a6-11eb-4886-fa163e0d31f7,БП-00003740,Головка торцовая 55 3/4,Головка торцовая 55 3/4,9b060c03-71d9-11e7-85a2-d43d7eec442d,false,false
Номенклатура — исходный каталог,raw.catalog_номенклатура,f11db27c-98d4-11ea-952a-30f7727a492e,00-00002670,"Головка торцовая ударная шестигранная 1/2,41 мм 453154 1М","Головка торцовая ударная шестигранная 1/2,41 мм 453154 1М",9b060c03-71d9-11e7-85a2-d43d7eec442d,false,false
Номенклатура — исходный каталог,raw.catalog_номенклатура,1d197554-07ac-11eb-1097-fa163ee5d2f9,БП-00003080,Головка тройная вращающаяся конечная 0-100/G07/К,Головка тройная вращающаяся конечная 0-100/G07/К,9b060c03-71d9-11e7-85a2-d43d7eec442d,false,false
Номенклатура — исходный каталог,raw.catalog_номенклатура,215de649-0004-11ec-9c3a-00505689ff45,АК-00003935,Головка тройная вращающаяся конечная 0-100/G07K,Головка тройная вращающаяся конечная 0-100/G07K,9b060c03-71d9-11e7-85a2-d43d7eec442d,false,false
Номенклатура — исходный каталог,raw.catalog_номенклатура,3f24920a-07ac-11eb-1097-fa163ee5d2f9,БП-00003081,Головка тройная вращающаяся проходная 0-100/G07/Р,Головка тройная вращающаяся проходная 0-100/G07/Р,9b060c03-71d9-11e7-85a2-d43d7eec442d,false,false
Номенклатура — исходный каталог,raw.catalog_номенклатура,5213172c-0004-11ec-9c3a-00505689ff45,АК-00003936,Головка тройная вращающаяся проходная 0-100/G07Р,Головка тройная вращающаяся проходная 0-100/G07Р,9b060c03-71d9-11e7-85a2-d43d7eec442d,false,false
Номенклатура — исходный каталог,raw.catalog_номенклатура,3cbb3a30-c980-11ed-9c4e-00505689ff45,00-00007690,Гофрокороб 600*400*400 Т-25В бурый ,Гофрокороб 600*400*400 Т-25В бурый ,b1879808-4214-11f1-b821-005056bde474,false,false
Номенклатура — исходный каталог,raw.catalog_номенклатура,2513e6fe-ae41-11eb-3192-fa163e0d31f7,БП-00003910,Гофролоток 362*272*172 П-32 ВЕ бурый ,Гофролоток 362*272*172 П-32 ВЕ бурый ,b1879808-4214-11f1-b821-005056bde474,false,false
Номенклатура — исходный каталог,raw.catalog_номенклатура,317ab904-a638-11ed-9c4c-00505689ff45,00-00007623,Гофролоток 390*280*180 П32 ВЕ ,Гофролоток 390*280*180 П32 ВЕ ,b1879808-4214-11f1-b821-005056bde474,false,false
Номенклатура — исходный каталог,raw.catalog_номенклатура,8f6fa3ba-2a86-11eb-259f-fa163e0d31f7,БП-00003215,Гофролоток Т24С бурый 575*390*200,Гофролоток Т24С бурый 575*390*200,b1879808-4214-11f1-b821-005056bde474,false,false
Номенклатура — исходный каталог,raw.catalog_номенклатура,b1879808-4214-11f1-b821-005056bde474,00-00014103,Гофроупаковка,,a986fb07-0a39-11f0-b80e-005056bde474,true,false
Номенклатура — исходный каталог,raw.catalog_номенклатура,cb386bee-b243-11eb-6d90-fa163e0d31f7,БП-00003975,Граблина ГВР 28.601,Граблина ГВР 28.601,9b060c03-71d9-11e7-85a2-d43d7eec442d,false,false
Номенклатура — исходный каталог,raw.catalog_номенклатура,ba966338-f7ce-11f0-b81e-005056bde474,00-00013604,"Градирня ""Росинка-30/40"" (с щитом управления)","Градирня ""Росинка-30/40"" (с щитом управления)",de1714af-8a12-11e7-af1d-30f7727a492e,false,false
Номенклатура — исходный каталог,raw.catalog_номенклатура,ccb62aa6-f524-11eb-9c3a-00505689ff45,АК-00003463,Грандсил 1447-09-107-223-0-0-0-0 Инсектицид,Грандсил 1447-09-107-223-0-0-0-0 Инсектицид,668204c4-5324-11f0-b811-005056bde474,false,false
Номенклатура — исходный каталог,raw.catalog_номенклатура,ccb62aa7-f524-11eb-9c3a-00505689ff45,АК-00003464,Грандсил 2345-12-107-476-0-1-0-0 Инсектицид,Грандсил 2345-12-107-476-0-1-0-0 Инсектицид,668204c4-5324-11f0-b811-005056bde474,false,false
Номенклатура — исходный каталог,raw.catalog_номенклатура,ccb62aa8-f524-11eb-9c3a-00505689ff45,АК-00003465,Гранулам Инсектицид,Гранулам Инсектицид,f9d67774-531d-11f0-b811-005056bde474,false,false
Номенклатура — исходный каталог,raw.catalog_номенклатура,93296574-437f-11eb-b594-fa163e0d31f7,БП-00003434,Гребенка п/м,Гребенка п/м,5a3c0c16-097d-11f0-b80e-005056bde474,false,false
Номенклатура — исходный каталог,raw.catalog_номенклатура,ccb62aa9-f524-11eb-9c3a-00505689ff45,АК-00003466,Гризли Инсектицид,Гризли Инсектицид,f9d67774-531d-11f0-b811-005056bde474,false,false
Номенклатура — исходный каталог,raw.catalog_номенклатура,ccb62aaa-f524-11eb-9c3a-00505689ff45,АК-00003467,Гринда Инсектицид,Гринда Инсектицид,f9d67774-531d-11f0-b811-005056bde474,false,false
Номенклатура — исходный каталог,raw.catalog_номенклатура,ccb62aab-f524-11eb-9c3a-00505689ff45,АК-00003468,Гром Инсектицид,Гром Инсектицид,f9d67774-531d-11f0-b811-005056bde474,false,false
Номенклатура — исходный каталог,raw.catalog_номенклатура,9b060c6c-71d9-11e7-85a2-d43d7eec442d,00000007   ,Груз 70-4235011 передний МТЗ-80/82,Груз 70-4235011 передний МТЗ-80/82,9b060c03-71d9-11e7-85a2-d43d7eec442d,false,false
Номенклатура — исходный каталог,raw.catalog_номенклатура,7d112e24-f2d9-11eb-9c3a-00505689ff45,АК-00003285,"Грэмми, КС Фунгицид ","Грэмми, КС Фунгицид ",2eaeac4d-5322-11f0-b811-005056bde474,false,false
Номенклатура — исходный каталог,raw.catalog_номенклатура,a10c087b-08c0-11ed-9c43-00505689c8d9,00-00006806,Грядообразование,Грядообразование,52c3cca5-0968-11f0-b80e-005056bde474,false,false
Номенклатура — исходный каталог,raw.catalog_номенклатура,ccb62ab0-f524-11eb-9c3a-00505689ff45,АК-00003473,ДВД Шанс Инсектицид,ДВД Шанс Инсектицид,2eaeac4d-5322-11f0-b811-005056bde474,false,false
Номенклатура — исходный каталог,raw.catalog_номенклатура,ccb62aac-f524-11eb-9c3a-00505689ff45,АК-00003469,Даймонд Супер Инсектицид,Даймонд Супер Инсектицид,668204c4-5324-11f0-b811-005056bde474,false,false
Номенклатура — исходный каталог,raw.catalog_номенклатура,ccb62aad-f524-11eb-9c3a-00505689ff45,АК-00003470,Данадим 1867-10-101-029-0-0-1-0 Инсектицид,Данадим 1867-10-101-029-0-0-1-0 Инсектицид,f9d67774-531d-11f0-b811-005056bde474,false,false
Номенклатура — исходный каталог,raw.catalog_номенклатура,ccb62aae-f524-11eb-9c3a-00505689ff45,АК-00003471,Данадим 2193-11-101-029-0-0-1-0 Инсектицид,Данадим 2193-11-101-029-0-0-1-0 Инсектицид,f9d67774-531d-11f0-b811-005056bde474,false,false
Номенклатура — исходный каталог,raw.catalog_номенклатура,ccb62aaf-f524-11eb-9c3a-00505689ff45,АК-00003472,Данадим Пауер Инсектицид,Данадим Пауер Инсектицид,f9d67774-531d-11f0-b811-005056bde474,false,false
Номенклатура — исходный каталог,raw.catalog_номенклатура,00a1a708-6468-11ef-9c5c-00505689ff45,00-00010916,Датчик Биг-Бэг NB-2 LE10SF05DRO,Датчик Биг-Бэг NB-2 LE10SF05DRO,9b060c02-71d9-11e7-85a2-d43d7eec442d,false,false
Номенклатура — исходный каталог,raw.catalog_номенклатура,02a482ce-d9dc-11eb-6c92-fa163e0d31f7,БП-00004408,Датчик объема топлива на МТЗ 1523 ДОТ 680Ч-02,Датчик объема топлива на МТЗ 1523 ДОТ 680Ч-02,9b060c03-71d9-11e7-85a2-d43d7eec442d,false,false
Номенклатура — исходный каталог,raw.catalog_номенклатура,16c6f38a-9888-11eb-9b81-fa163e0d31f7,БП-00003839,Датчик температуры охл.,Датчик температуры охл.,9b060c03-71d9-11e7-85a2-d43d7eec442d,false,false
Номенклатура — исходный каталог,raw.catalog_номенклатура,50fb2fda-ed1b-11ea-a29d-fa163ee5d2f9,БП-00003006,Датчик угла наклона ЭСКОРТ ДУ BLE,Датчик угла наклона ЭСКОРТ ДУ BLE,de1714af-8a12-11e7-af1d-30f7727a492e,false,false
Номенклатура — исходный каталог,raw.catalog_номенклатура,1231af54-ed1b-11ea-a29d-fa163ee5d2f9,БП-00003005,Датчик уровня топлива ТД-150,Датчик уровня топлива ТД-150,de1714af-8a12-11e7-af1d-30f7727a492e,false,false
Номенклатура — исходный каталог,raw.catalog_номенклатура,1f545eff-8f01-11f0-b818-005056bde474,00-00012707,Дверной металлический блок наружный 850х1820,Дверной металлический блок наружный 850х1820,9b060c02-71d9-11e7-85a2-d43d7eec442d,false,false
Номенклатура — исходный каталог,raw.catalog_номенклатура,6cb0c9d5-8f00-11f0-b818-005056bde474,00-00012704,Дверной металлический блок наружный 850х2050,Дверной металлический блок наружный 850х2050,9b060c02-71d9-11e7-85a2-d43d7eec442d,false,false
Номенклатура — исходный каталог,raw.catalog_номенклатура,4079610c-8f01-11f0-b818-005056bde474,00-00012708,Дверной металлический блок наружный 880х1880,Дверной металлический блок наружный 880х1880,9b060c02-71d9-11e7-85a2-d43d7eec442d,false,false
Номенклатура — исходный каталог,raw.catalog_номенклатура,5bbf5424-8f01-11f0-b818-005056bde474,00-00012709,Дверной металлический блок наружный 880х2020,Дверной металлический блок наружный 880х2020,9b060c02-71d9-11e7-85a2-d43d7eec442d,false,false
Номенклатура — исходный каталог,raw.catalog_номенклатура,aff5db6c-8f00-11f0-b818-005056bde474,00-00012706,Дверной металлический блок наружный 910х2040,Дверной металлический блок наружный 910х2040,9b060c02-71d9-11e7-85a2-d43d7eec442d,false,false
Номенклатура — исходный каталог,raw.catalog_номенклатура,8155f6ed-8f00-11f0-b818-005056bde474,00-00012705,Дверной металлический блок наружный 950х2050,Дверной металлический блок наружный 950х2050,9b060c02-71d9-11e7-85a2-d43d7eec442d,false,false
Номенклатура — исходный каталог,raw.catalog_номенклатура,9208726a-03f2-11eb-ac9e-fa163ee5d2f9,БП-00003077,Дверь откатная без порога  RAL OD_ПХ 2000*3000 80мм правая с креплением рамы,Дверь откатная без порога  RAL OD_ПХ 2000*3000 80мм правая с креплением рамы,de1714af-8a12-11e7-af1d-30f7727a492e,false,false
Номенклатура — исходный каталог,raw.catalog_номенклатура,c43fdb7a-f7cf-11f0-b81e-005056bde474,00-00013608,Двухъярусная роликовая сортировочная линия,Двухъярусная роликовая сортировочная линия,de1714af-8a12-11e7-af1d-30f7727a492e,false,false
Номенклатура — исходный каталог,raw.catalog_номенклатура,c8feeffd-4263-11ee-9c4e-00505689ff45,00-00009250,Дезинфекция складских помещений,Дезинфекция складских помещений,3e420178-094c-11f0-b80e-005056bde474,false,false
Номенклатура — исходный каталог,raw.catalog_номенклатура,03d3b326-6bcd-11f1-b822-005056bde474,00-00014523,Дезинфицирующее средство Перекись водорода 35% (канистра 34кг) ,Дезинфицирующее средство Перекись водорода 35% (канистра 34кг),5a3c0c16-097d-11f0-b80e-005056bde474,false,false
Номенклатура — исходный каталог,raw.catalog_номенклатура,ccb62ab1-f524-11eb-9c3a-00505689ff45,АК-00003474,Декстер Инсектицид,Декстер Инсектицид,f9d67774-531d-11f0-b811-005056bde474,false,false
Номенклатура — исходный каталог,raw.catalog_номенклатура,f11db283-98d4-11ea-952a-30f7727a492e,00-00002677,Дело Техники 660036 Головка ударная 6-гранная х 36мм 1/2 50/5,Дело Техники 660036 Головка ударная 6-гранная х 36мм 1/2 50/5,9b060c03-71d9-11e7-85a2-d43d7eec442d,false,false
Номенклатура — исходный каталог,raw.catalog_номенклатура,f11db284-98d4-11ea-952a-30f7727a492e,00-00002678,Дело Техники Набор съемников стопорных колец 180мм х4 шт/тетрон ДТ/16 424041,Дело Техники Набор съемников стопорных колец 180мм х4 шт/тетрон ДТ/16 424041,9b060c03-71d9-11e7-85a2-d43d7eec442d,false,false
Номенклатура — исходный каталог,raw.catalog_номенклатура,845bacb5-f2dc-11eb-9c3a-00505689ff45,АК-00003301,"Деметра, КЭ Гербицид ","Деметра, КЭ Гербицид ",5e0b1519-531c-11f0-b811-005056bde474,false,false
Номенклатура — исходный каталог,raw.catalog_номенклатура,b7708335-24fc-11ec-a9db-00505689f463,АК-00005355,Демонтаж полива,Демонтаж полива,52c3cca5-0968-11f0-b80e-005056bde474,false,false
Номенклатура — исходный каталог,raw.catalog_номенклатура,d0dae219-0026-11ec-9c3a-00505689ff45,АК-00003960,Держатель  ножа  КИР 03.060,Держатель  ножа  КИР 03.060,9b060c03-71d9-11e7-85a2-d43d7eec442d,false,false
Номенклатура — исходный каталог,raw.catalog_номенклатура,e3f32822-0b81-11eb-3385-fa163ee5d2f9,БП-00003120,Держатель клипса быстрого монтажа д-20,Держатель клипса быстрого монтажа д-20,de1714af-8a12-11e7-af1d-30f7727a492e,false,false
Номенклатура — исходный каталог,raw.catalog_номенклатура,ccb62ab2-f524-11eb-9c3a-00505689ff45,АК-00003475,Дерозал Евро Инсектицид,Дерозал Евро Инсектицид,2eaeac4d-5322-11f0-b811-005056bde474,false,false
Номенклатура — исходный каталог,raw.catalog_номенклатура,ccb62ab3-f524-11eb-9c3a-00505689ff45,АК-00003476,Десант Инсектицид,Десант Инсектицид,f9d67774-531d-11f0-b811-005056bde474,false,false
Номенклатура — исходный каталог,raw.catalog_номенклатура,ef72fd95-1005-11ec-9c3a-00505689ff45,АК-00004936,Дефектовка комбайна на базе,Дефектовка комбайна на базе,52c3cca5-0968-11f0-b80e-005056bde474,false,false
Номенклатура — исходный каталог,raw.catalog_номенклатура,222bffcd-107b-11ec-9c3a-00505689ff45,АК-00004937,Дефектовка комбайна на поле,Дефектовка комбайна на поле,52c3cca5-0968-11f0-b80e-005056bde474,false,false
Номенклатура — исходный каталог,raw.catalog_номенклатура,f2b1de8f-7877-11e8-af42-30f7727a492e,00-00000958,"Дефектовка,сборка,монтаж оборудования","Дефектовка,сборка,монтаж оборудования",2b7f4a51-094c-11f0-b80e-005056bde474,false,false
Номенклатура — исходный каталог,raw.catalog_номенклатура,ccb62ab4-f524-11eb-9c3a-00505689ff45,АК-00003477,Децис Профи Инсектицид,Децис Профи Инсектицид,f9d67774-531d-11f0-b811-005056bde474,false,false
Номенклатура — исходный каталог,raw.catalog_номенклатура,ccb62ab5-f524-11eb-9c3a-00505689ff45,АК-00003478,Децис Эксперт Инсектицид,Децис Эксперт Инсектицид,f9d67774-531d-11f0-b811-005056bde474,false,false
Номенклатура — исходный каталог,raw.catalog_номенклатура,e748a016-ca07-11eb-2782-fa163e0d31f7,БП-00004131,Джостик для траспортера-подборщика,Джостик для траспортера-подборщика,9b060c03-71d9-11e7-85a2-d43d7eec442d,false,false
Номенклатура — исходный каталог,raw.catalog_номенклатура,ccb62ab6-f524-11eb-9c3a-00505689ff45,АК-00003479,Ди-68 Инсектицид,Ди-68 Инсектицид,f9d67774-531d-11f0-b811-005056bde474,false,false
Номенклатура — исходный каталог,raw.catalog_номенклатура,63735896-4852-11f1-b821-005056bde474,00-00014182,Диагностика и настройка холодильного оборудования,Диагностика и настройка холодильного оборудования,3e420178-094c-11f0-b80e-005056bde474,false,false
Номенклатура — исходный каталог,raw.catalog_номенклатура,13eb4f21-8e22-11f0-b818-005056bde474,00-00012702,Диагностика проблем с кодировкой,Диагностика проблем с кодировкой,00000000-0000-0000-0000-000000000000,false,false
Номенклатура — исходный каталог,raw.catalog_номенклатура,ccb62ab7-f524-11eb-9c3a-00505689ff45,АК-00003480,Диазин Евро Инсектицид,Диазин Евро Инсектицид,f9d67774-531d-11f0-b811-005056bde474,false,false
Номенклатура — исходный каталог,raw.catalog_номенклатура,ccb62ab9-f524-11eb-9c3a-00505689ff45,АК-00003482,Диазинон Экспресс Инсектицид,Диазинон Экспресс Инсектицид,f9d67774-531d-11f0-b811-005056bde474,false,false
Номенклатура — исходный каталог,raw.catalog_номенклатура,ccb62ab8-f524-11eb-9c3a-00505689ff45,АК-00003481,Диазинон-600 Инсектицид,Диазинон-600 Инсектицид,f9d67774-531d-11f0-b811-005056bde474,false,false
Номенклатура — исходный каталог,raw.catalog_номенклатура,ccb62aba-f524-11eb-9c3a-00505689ff45,АК-00003483,Диазол Инсектицид,Диазол Инсектицид,f9d67774-531d-11f0-b811-005056bde474,false,false
Номенклатура — исходный каталог,raw.catalog_номенклатура,a4ee5609-753f-11e9-af6d-30f7727a492e,00-00001561,Диаммофоска 10:26:26 (азотно-фосфорнно-калийные),Диаммофоска 10:26:26 (азотно-фосфорнно-калийные),ab24072a-3b94-11f0-b80e-005056bde474,false,false
Номенклатура — исходный каталог,raw.catalog_номенклатура,d63fdadd-6b9f-11e8-af3e-30f7727a492e,00-00000901,"Диаммофоска NRK 10:23:26,МКР","Диаммофоска NRK 10:23:26,МКР",ab24072a-3b94-11f0-b80e-005056bde474,false,false
Номенклатура — исходный каталог,raw.catalog_номенклатура,ccb62abb-f524-11eb-9c3a-00505689ff45,АК-00003484,Дивиденд 1712-09-107-018-0-1-0-0 Инсектицид,Дивиденд 1712-09-107-018-0-1-0-0 Инсектицид,668204c4-5324-11f0-b811-005056bde474,false,false
Номенклатура — исходный каталог,raw.catalog_номенклатура,ccb62abc-f524-11eb-9c3a-00505689ff45,АК-00003485,Дивиденд 2130-11-107-018-0-1-0-0 Инсектицид,Дивиденд 2130-11-107-018-0-1-0-0 Инсектицид,668204c4-5324-11f0-b811-005056bde474,false,false
Номенклатура — исходный каталог,raw.catalog_номенклатура,ccb62abd-f524-11eb-9c3a-00505689ff45,АК-00003486,Дивиденд Суприм Инсектицид,Дивиденд Суприм Инсектицид,668204c4-5324-11f0-b811-005056bde474,false,false
Номенклатура — исходный каталог,raw.catalog_номенклатура,ccb62abe-f524-11eb-9c3a-00505689ff45,АК-00003487,Диез 600 Инсектицид,Диез 600 Инсектицид,f9d67774-531d-11f0-b811-005056bde474,false,false
Номенклатура — исходный каталог,raw.catalog_номенклатура,154d0777-7ac1-11e7-af19-30f7727a492e,00-00000140,Дизайн упаковки,Дизайн упаковки,1aeb231b-094c-11f0-b80e-005056bde474,false,false
Номенклатура — исходный каталог,raw.catalog_номенклатура,d559363f-3d8c-11f1-b821-005056bde474,00-00014080,Дизель,,9088ee9f-75dc-11e7-af18-30f7727a492e,true,false
Номенклатура — исходный каталог,raw.catalog_номенклатура,88c2ea89-b4f4-11ec-9c42-00505689c8d9,00-00006431,Дикошанс.ВР,Дикошанс.ВР,5e0b1519-531c-11f0-b811-005056bde474,false,false
Номенклатура — исходный каталог,raw.catalog_номенклатура,ccb62abf-f524-11eb-9c3a-00505689ff45,АК-00003488,Димет Инсектицид,Димет Инсектицид,f9d67774-531d-11f0-b811-005056bde474,false,false
Номенклатура — исходный каталог,raw.catalog_номенклатура,ccb62ac0-f524-11eb-9c3a-00505689ff45,АК-00003489,Диметоат-400 Инсектицид,Диметоат-400 Инсектицид,f9d67774-531d-11f0-b811-005056bde474,false,false
Номенклатура — исходный каталог,raw.catalog_номенклатура,ccb62ac1-f524-11eb-9c3a-00505689ff45,АК-00003490,Диметрон Инсектицид,Диметрон Инсектицид,f9d67774-531d-11f0-b811-005056bde474,false,false
Номенклатура — исходный каталог,raw.catalog_номенклатура,ccb62ac2-f524-11eb-9c3a-00505689ff45,АК-00003491,Диметус Инсектицид,Диметус Инсектицид,f9d67774-531d-11f0-b811-005056bde474,false,false
Номенклатура — исходный каталог,raw.catalog_номенклатура,ccb62ac3-f524-11eb-9c3a-00505689ff45,АК-00003492,Димефос Инсектицид,Димефос Инсектицид,f9d67774-531d-11f0-b811-005056bde474,false,false
Номенклатура — исходный каталог,raw.catalog_номенклатура,ccb62ac4-f524-11eb-9c3a-00505689ff45,АК-00003493,Дино Инсектицид,Дино Инсектицид,f9d67774-531d-11f0-b811-005056bde474,false,false
Номенклатура — исходный каталог,raw.catalog_номенклатура,ccb62ac5-f524-11eb-9c3a-00505689ff45,АК-00003494,Дипломат Инсектицид,Дипломат Инсектицид,f9d67774-531d-11f0-b811-005056bde474,false,false
Номенклатура — исходный каталог,raw.catalog_номенклатура,b6d1be5f-99bc-11ea-952a-30f7727a492e,00-00002705,Диск  бороны БДТ Р33.428.001,Диск  бороны БДТ Р33.428.001,9b060c03-71d9-11e7-85a2-d43d7eec442d,false,false
Номенклатура — исходный каталог,raw.catalog_номенклатура,44f6f6a2-e652-11eb-0c9a-fa163e0d31f7,БП-00004490,Диск БДМ 580х6 мм Bellota (АДУ-6),Диск БДМ 580х6 мм Bellota (АДУ-6),9b060c03-71d9-11e7-85a2-d43d7eec442d,false,false
Номенклатура — исходный каталог,raw.catalog_номенклатура,100d55cc-f541-11eb-9c3a-00505689ff45,АК-00003838,Диск ИЯВТ (60*60 16 лепестков,Диск ИЯВТ (60*60 16 лепестков,9b060c03-71d9-11e7-85a2-d43d7eec442d,false,false
Номенклатура — исходный каталог,raw.catalog_номенклатура,74796588-4682-11eb-3293-fa163e0d31f7,БП-00003495,Диск ИЯВТ 106-04.02.009,Диск ИЯВТ 106-04.02.009,9b060c03-71d9-11e7-85a2-d43d7eec442d,false,false
Номенклатура — исходный каталог,raw.catalog_номенклатура,6c318b0e-b23d-11eb-6d90-fa163e0d31f7,БП-00003965,Диск СК 4.10.03.007,Диск СК 4.10.03.007,9b060c03-71d9-11e7-85a2-d43d7eec442d,false,false
Номенклатура — исходный каталог,raw.catalog_номенклатура,6f81ae0a-0b8b-11eb-3385-fa163ee5d2f9,БП-00003125,Диск сцепления МТЗ ,Диск сцепления МТЗ ,9b060c03-71d9-11e7-85a2-d43d7eec442d,false,false
Номенклатура — исходный каталог,raw.catalog_номенклатура,d75be6fe-8b05-11eb-4b87-fa163e0d31f7,БП-00003791,"Диск сцепления МТЗ -80,82 MEGAPOWER 85-1601130","Диск сцепления МТЗ -80,82 MEGAPOWER 85-1601130",9b060c03-71d9-11e7-85a2-d43d7eec442d,false,false
Номенклатура — исходный каталог,raw.catalog_номенклатура,8654de6e-8b05-11eb-4b87-fa163e0d31f7,БП-00003790,Диск сцепления МТЗ 1221 опорный БЗТДиА,Диск сцепления МТЗ 1221 опорный БЗТДиА,9b060c03-71d9-11e7-85a2-d43d7eec442d,false,false
Номенклатура — исходный каталог,raw.catalog_номенклатура,a333760f-5f71-11ea-9525-30f7727a492e,00-00002506,Диск сцепления МТЗ ведомый безасбестовый элл.навитой БЗТДиА 85-1601130-01,Диск сцепления МТЗ ведомый безасбестовый элл.навитой БЗТДиА 85-1601130-01,9b060c03-71d9-11e7-85a2-d43d7eec442d,false,false
Номенклатура — исходный каталог,raw.catalog_номенклатура,a3337610-5f71-11ea-9525-30f7727a492e,00-00002507,"Диск тормозной МТЗ-82,1221 Н/О нажимной в сборе ВЗТЗЧ 85-3502030","Диск тормозной МТЗ-82,1221 Н/О нажимной в сборе ВЗТЗЧ 85-3502030",9b060c03-71d9-11e7-85a2-d43d7eec442d,false,false
Номенклатура — исходный каталог,raw.catalog_номенклатура,3984ffb8-2f18-11ee-9c4e-00505689ff45,00-00008391,Дискование,Дискование,52c3cca5-0968-11f0-b80e-005056bde474,false,false
Номенклатура — исходный каталог,raw.catalog_номенклатура,a04d32f7-2f15-11ee-9c4e-00505689ff45,00-00008390,Дискование (почасовая оплата),Дискование (почасовая оплата),52c3cca5-0968-11f0-b80e-005056bde474,false,false
Номенклатура — исходный каталог,raw.catalog_номенклатура,07d20aa7-692e-11f0-b811-005056bde474,00-00012584,"Диспенсер для полотенец, пластик","Диспенсер для полотенец, пластик",9b060c02-71d9-11e7-85a2-d43d7eec442d,false,false
Номенклатура — исходный каталог,raw.catalog_номенклатура,ccb62ac6-f524-11eb-9c3a-00505689ff45,АК-00003495,Дитокс Инсектицид,Дитокс Инсектицид,f9d67774-531d-11f0-b811-005056bde474,false,false
Номенклатура — исходный каталог,raw.catalog_номенклатура,ccb62ac7-f524-11eb-9c3a-00505689ff45,АК-00003496,Дишанс Инсектицид,Дишанс Инсектицид,f9d67774-531d-11f0-b811-005056bde474,false,false
Номенклатура — исходный каталог,raw.catalog_номенклатура,b5d6d6a2-a07a-11f0-b81d-005056bde474,00-00012786,Диэлектрические тонкогубцы Inforce 160 мм 1000В,Диэлектрические тонкогубцы Inforce 160 мм 1000В,e588fd02-0a37-11f0-b80e-005056bde474,false,false
Номенклатура — исходный каталог,raw.catalog_номенклатура,942fff6a-d96f-11eb-6c92-fa163e0d31f7,БП-00004366,Дно гиrиеническое Стандарт производство Р Б ,Дно гиrиеническое Стандарт производство РБ ,65439ec8-d96f-11eb-6c92-fa163e0d31f7,false,false
Номенклатура — исходный каталог,raw.catalog_номенклатура,49b86adf-4217-11f1-b821-005056bde474,00-00014123,Добавки,,b1a6df2f-0a39-11f0-b80e-005056bde474,true,false
Номенклатура — исходный каталог,raw.catalog_номенклатура,0552ace6-b243-11eb-6d90-fa163e0d31f7,БП-00003972,Дозатор Q0 IL c 02.004.0.0918-300-038,Дозатор Q0 IL c 02.004.0.0918-300-038,9b060c03-71d9-11e7-85a2-d43d7eec442d,false,false
Номенклатура — исходный каталог,raw.catalog_номенклатура,753c2c0c-54ca-11eb-4e9e-fa163e0d31f7,БП-00003574,Дозатор комбинированный WK-09 (адаптация для моркови и корня петрушки),"Дозатор комбинированный WK-09 (адаптация для моркови и корня петрушки, возможность встраивания 3-х упаковочных машин, увеличенная рама)",279c2c04-2e46-11eb-288c-fa163e0d31f7,false,false
Номенклатура — исходный каталог,raw.catalog_номенклатура,666a7c9c-421f-11ec-9c41-00505689db63,АК-00005561,Дозатор комбинированный WK-12 (встраивание 3-х упаковочных машин адаптация для моркови),Дозатор комбинированный WK-12 (встраивание 3-х упаковочных машин адаптация для моркови),279c2c04-2e46-11eb-288c-fa163e0d31f7,false,false
Номенклатура — исходный каталог,raw.catalog_номенклатура,d79908ca-2e5a-11eb-288c-fa163e0d31f7,БП-00003250,"Дозировочный бункер ZB II 25070 (сепаратор земли,расширение регулировки скорости)","Дозировочный бункер ZB II 25070 (сепаратор земли,расширение регулировки скорости)",279c2c04-2e46-11eb-288c-fa163e0d31f7,false,false
Номенклатура — исходный каталог,raw.catalog_номенклатура,4bff4010-4221-11ec-9c41-00505689db63,АК-00005562,Дозировочный бункер ZB II 350/70 (диапазон от 1 до 23 тонн в час сепаратор от земли с инвертором),Дозировочный бункер ZB II 350/70 (диапазон от 1 до 23 тонн в час сепаратор от земли с инвертором,279c2c04-2e46-11eb-288c-fa163e0d31f7,false,false
Номенклатура — исходный каталог,raw.catalog_номенклатура,ccb62ac8-f524-11eb-9c3a-00505689ff45,АК-00003497,Дозор Инсектицид,Дозор Инсектицид,2eaeac4d-5322-11f0-b811-005056bde474,false,false
Номенклатура — исходный каталог,raw.catalog_номенклатура,b6d1be60-99bc-11ea-952a-30f7727a492e,00-00002706,Доска полевая плуга широкая  направленная ПЛЖ 51.200-06,Доска полевая плуга широкая  направленная ПЛЖ 51.200-06,9b060c03-71d9-11e7-85a2-d43d7eec442d,false,false
Номенклатура — исходный каталог,raw.catalog_номенклатура,ccb62aca-f524-11eb-9c3a-00505689ff45,АК-00003499,Доспех 3 Инсектицид,Доспех 3 Инсектицид,2eaeac4d-5322-11f0-b811-005056bde474,false,false
Номенклатура — исходный каталог,raw.catalog_номенклатура,ccb62ac9-f524-11eb-9c3a-00505689ff45,АК-00003498,Доспех Инсектицид,Доспех Инсектицид,668204c4-5324-11f0-b811-005056bde474,false,false
Номенклатура — исходный каталог,raw.catalog_номенклатура,9088ee9c-75dc-11e7-af18-30f7727a492e,00-00000052,Доставка,Доставка,34f83455-094c-11f0-b80e-005056bde474,false,false
Номенклатура — исходный каталог,raw.catalog_номенклатура,d59be9a6-74f4-11ef-9c5d-00505689ff45,00-00011065,Доставка покупателю (Транспортных расходы),Доставка покупателю (Транспортных расходы),34f83455-094c-11f0-b80e-005056bde474,false,false
Номенклатура — исходный каталог,raw.catalog_номенклатура,3a75e91c-49a0-11eb-a99a-fa163e0d31f7,БП-00003503,Доставка продукции покупателю,Доставка продукции покупателю,34f83455-094c-11f0-b80e-005056bde474,false,false
Номенклатура — исходный каталог,raw.catalog_номенклатура,ccb62acb-f524-11eb-9c3a-00505689ff45,АК-00003500,Дурсбан Инсектицид,Дурсбан Инсектицид,f9d67774-531d-11f0-b811-005056bde474,false,false
Номенклатура — исходный каталог,raw.catalog_номенклатура,12f3e396-d972-11eb-6c92-fa163e0d31f7,БП-00004377,"Дымарь пасечный со съемным мехом и термозащитным экраном (AISI430),тип3, ДП-3со стаканом","Дымарь пасечный со съемным мехом и термозащитным экраном (AISI430),тип3, ДП-3 со стаканом",65439ec8-d96f-11eb-6c92-fa163e0d31f7,false,false
Номенклатура — исходный каталог,raw.catalog_номенклатура,fdddf4f4-a69e-11ec-9c42-00505689c8d9,00-00006381,Дымарь электрический с ограждением,Дымарь электрический с ограждением,65439ec8-d96f-11eb-6c92-fa163e0d31f7,false,false
Номенклатура — исходный каталог,raw.catalog_номенклатура,ccb62acc-f524-11eb-9c3a-00505689ff45,АК-00003501,Дэлит Про Инсектицид,Дэлит Про Инсектицид,668204c4-5324-11f0-b811-005056bde474,false,false
Номенклатура — исходный каталог,raw.catalog_номенклатура,2f81dfcc-30d8-11ed-9c43-cb6d75bb653b,00-00007135,ЕТО,ЕТО,52c3cca5-0968-11f0-b80e-005056bde474,false,false
Номенклатура — исходный каталог,raw.catalog_номенклатура,ccb62acd-f524-11eb-9c3a-00505689ff45,АК-00003502,Евродим Инсектицид,Евродим Инсектицид,f9d67774-531d-11f0-b811-005056bde474,false,false
Номенклатура — исходный каталог,raw.catalog_номенклатура,ccb62ace-f524-11eb-9c3a-00505689ff45,АК-00003503,Европир Инсектицид,Европир Инсектицид,f9d67774-531d-11f0-b811-005056bde474,false,false
Номенклатура — исходный каталог,raw.catalog_номенклатура,ccb62acf-f524-11eb-9c3a-00505689ff45,АК-00003504,Елена Инсектицид,Елена Инсектицид,2eaeac4d-5322-11f0-b811-005056bde474,false,false
Номенклатура — исходный каталог,raw.catalog_номенклатура,cd082b38-d31f-11eb-5d99-fa163e0d31f7,БП-00004292,Емкость 1000л,Емкость 1000л,1b37fa4d-4216-11f1-b821-005056bde474,false,false
Номенклатура — исходный каталог,raw.catalog_номенклатура,831e4bb7-53eb-11ef-9c59-00505689ff45,00-00010752,Емкость AUTO 1000 л синяя ,Емкость AUTO 1000 л синяя ,1b37fa4d-4216-11f1-b821-005056bde474,false,false
Номенклатура — исходный каталог,raw.catalog_номенклатура,13044c2d-0c0c-11ee-9c4e-00505689ff45,00-00008127,Емкость Т 10000л серия (2625х2305х2305) с отводом из бака,Емкость Т 10000л серия (2625х2305х2305) с отводом из бака,1b37fa4d-4216-11f1-b821-005056bde474,false,false
Номенклатура — исходный каталог,raw.catalog_номенклатура,30602242-33f9-11eb-0e8a-fa163e0d31f7,БП-00003332,Емкость пластиковая на 1000л ,Емкость пластиковая на 1000л ,9be0daf4-2e34-11eb-288c-fa163e0d31f7,false,false
Номенклатура — исходный каталог,raw.catalog_номенклатура,bee3518a-2e39-11eb-288c-fa163e0d31f7,БП-00003220,Емкость пластиковая на 1000л с крышкой и клапаном 1150х2180х550мм 40 кг синяя,Емкость пластиковая на 1000л с крышкой и клапаном 1150х2180х550мм 40 кг синяя,9be0daf4-2e34-11eb-288c-fa163e0d31f7,false,false
Номенклатура — исходный каталог,raw.catalog_номенклатура,ed35dbde-2e39-11eb-288c-fa163e0d31f7,БП-00003221,Емкость пластиковая на 1000л с крышкой и клапаном 2305х2630мм 230 кг синяя,Емкость пластиковая на 1000л с крышкой и клапаном 2305х2630мм 230 кг синяя,9be0daf4-2e34-11eb-288c-fa163e0d31f7,false,false
Номенклатура — исходный каталог,raw.catalog_номенклатура,ae3af4bc-d701-11ef-b80c-005056bde474,00-00011552,Жесткий диск 6TБ,Жесткий диск 6TБ,211c2790-35ce-11ea-9522-30f7727a492e,false,false
Номенклатура — исходный каталог,raw.catalog_номенклатура,211c279a-35ce-11ea-9522-30f7727a492e,00-00002367,Жесткий диск WD Purple 2TЪ,Жесткий диск WD Purple 2TЪ,211c2790-35ce-11ea-9522-30f7727a492e,false,false
Номенклатура — исходный каталог,raw.catalog_номенклатура,b647196a-3d8e-11f1-b821-005056bde474,00-00014093,Жидкость для гидроусилителя,,9088ee9f-75dc-11e7-af18-30f7727a492e,true,false
Номенклатура — исходный каталог,raw.catalog_номенклатура,9d231a58-3d8d-11f1-b821-005056bde474,00-00014086,Жидкость омывателя,,9088ee9f-75dc-11e7-af18-30f7727a492e,true,false
Номенклатура — исходный каталог,raw.catalog_номенклатура,ccb62ad0-f524-11eb-9c3a-00505689ff45,АК-00003505,Жукоед Инсектицид,Жукоед Инсектицид,f9d67774-531d-11f0-b811-005056bde474,false,false
Номенклатура — исходный каталог,raw.catalog_номенклатура,b561a4a4-094b-11f0-b80e-005056bde474,00-00011789,ЗАПЧАСТИ И МАТЕРИАЛЫ ДЛЯ РЕМОНТОВ,,00000000-0000-0000-0000-000000000000,true,false
Номенклатура — исходный каталог,raw.catalog_номенклатура,f11db285-98d4-11ea-952a-30f7727a492e,00-00002679,"ЗУБР Съемник раздвижной 2-захватный, 100мм, Профессионал 43310-115-100","ЗУБР Съемник раздвижной 2-захватный, 100мм, Профессионал 43310-115-100",9b060c03-71d9-11e7-85a2-d43d7eec442d,false,false
Номенклатура — исходный каталог,raw.catalog_номенклатура,33f0f2f1-5d35-11ee-9c4f-00505689ff45,00-00009592,Заглушка для капельной ленты с кольцом,Заглушка для капельной ленты с кольцом,3d287ad3-5d34-11ee-9c4f-00505689ff45,false,false
Номенклатура — исходный каталог,raw.catalog_номенклатура,24633e0a-5656-11eb-1f84-fa163e0d31f7,БП-00003579,Заглушка никелированная,Заглушка никелированная,9be0daf4-2e34-11eb-288c-fa163e0d31f7,false,false
Номенклатура — исходный каталог,raw.catalog_номенклатура,202fd19e-ad97-11ea-d488-fa163ee5d2f9,БП-00002778,"Заглушка с вентелем 6""","Заглушка с вентелем 6""",de1714af-8a12-11e7-af1d-30f7727a492e,false,false
Номенклатура — исходный каталог,raw.catalog_номенклатура,37e90a5b-1544-11f0-b80e-005056bde474,00-00011940,Заказ документов,Заказ документов,9b060c58-71d9-11e7-85a2-d43d7eec442d,false,false
Номенклатура — исходный каталог,raw.catalog_номенклатура,a70c0f19-c5e4-11ee-9c4c-005056893620,00-00010155,Заклепка вытяжная  алюминий сталь 4*10 1000 шт,Заклепка вытяжная  алюминий сталь 4*10 1000 шт,9b060c02-71d9-11e7-85a2-d43d7eec442d,false,false
Номенклатура — исходный каталог,raw.catalog_номенклатура,78e522a4-29d4-11ec-b9a9-00505689914b,АК-00005418,Залежь 2021,Залежь 2021,52c3cca5-0968-11f0-b80e-005056bde474,false,false
Номенклатура — исходный каталог,raw.catalog_номенклатура,ed5d39f3-0db5-11ed-9c43-00505689c8d9,00-00006828,Залежь 2022,Залежь 2022,52c3cca5-0968-11f0-b80e-005056bde474,false,false
Номенклатура — исходный каталог,raw.catalog_номенклатура,b2acef0d-516b-11ed-9c43-cb6d75bb653b,00-00007349,Залежь 2022_товар,Залежь 2022_товар,52c3cca5-0968-11f0-b80e-005056bde474,false,false
Номенклатура — исходный каталог,raw.catalog_номенклатура,6e1ea160-1c8c-11ee-9c4e-00505689ff45,00-00008325,Залежь 2023_,Залежь 2023_,52c3cca5-0968-11f0-b80e-005056bde474,false,false
Номенклатура — исходный каталог,raw.catalog_номенклатура,581e1450-e135-11ee-9c4c-005056893620,00-00010276,Залежь 2024_товар,Залежь 2024_товар,52c3cca5-0968-11f0-b80e-005056bde474,false,false
Номенклатура — исходный каталог,raw.catalog_номенклатура,e3037b92-8448-11ec-9c41-00505689c8d9,00-00006081,Залежь с октября 2021,Залежь 2022,52c3cca5-0968-11f0-b80e-005056bde474,false,false
Номенклатура — исходный каталог,raw.catalog_номенклатура,ccb62ad1-f524-11eb-9c3a-00505689ff45,АК-00003506,Залп Инсектицид,Залп Инсектицид,f9d67774-531d-11f0-b811-005056bde474,false,false
Номенклатура — исходный каталог,raw.catalog_номенклатура,842a8ae6-7618-11e7-af18-30f7727a492e,00-00000071,Замена масла,Замена масла,3e420178-094c-11f0-b80e-005056bde474,false,false
Номенклатура — исходный каталог,raw.catalog_номенклатура,9b91a201-e22d-11ef-b80c-005056bde474,00-00011628,"Замена ступицы, замена подшипников, замена тормозного диска","Замена ступицы, замена подшипников, замена тормозного диска",3e420178-094c-11f0-b80e-005056bde474,false,false
Номенклатура — исходный каталог,raw.catalog_номенклатура,ccb62ad2-f524-11eb-9c3a-00505689ff45,АК-00003507,Замир Инсектицид,Замир Инсектицид,2eaeac4d-5322-11f0-b811-005056bde474,false,false
Номенклатура — исходный каталог,raw.catalog_номенклатура,38e3fc28-c4e0-11ea-9291-fa163ee5d2f9,БП-00002861,Замок верхний правой двери,Замок верхний правой двери,9b060c03-71d9-11e7-85a2-d43d7eec442d,false,false
Номенклатура — исходный каталог,raw.catalog_номенклатура,555aa0b4-c4e0-11ea-9291-fa163ee5d2f9,БП-00002862,Замок задней правой двери боковой,Замок задней правой двери боковой,9b060c03-71d9-11e7-85a2-d43d7eec442d,false,false
Номенклатура — исходный каталог,raw.catalog_номенклатура,1ea96ba0-c4df-11ea-9291-fa163ee5d2f9,БП-00002857,Замок зажигания в сборе,Замок зажигания в сборе,9b060c03-71d9-11e7-85a2-d43d7eec442d,false,false
Номенклатура — исходный каталог,raw.catalog_номенклатура,6cdd6aec-c4df-11ea-9291-fa163ee5d2f9,БП-00002858,Замок нижний  левой двери,Замок нижний  левой двери,9b060c03-71d9-11e7-85a2-d43d7eec442d,false,false
Номенклатура — исходный каталог,raw.catalog_номенклатура,ccb62ad3-f524-11eb-9c3a-00505689ff45,АК-00003508,Зантара Инсектицид,Зантара Инсектицид,2eaeac4d-5322-11f0-b811-005056bde474,false,false
Номенклатура — исходный каталог,raw.catalog_номенклатура,7773d00b-21ec-11f0-b80e-005056bde474,00-00011989,Заросли,Заросли,52c3cca5-0968-11f0-b80e-005056bde474,false,false
Номенклатура — исходный каталог,raw.catalog_номенклатура,62c67d9e-f5ce-11f0-b81e-005056bde474,00-00013432,Заросли 2026,Заросли 2026,52c3cca5-0968-11f0-b80e-005056bde474,false,false
Номенклатура — исходный каталог,raw.catalog_номенклатура,672bf10a-d973-11eb-6c92-fa163e0d31f7,БП-00004384,Заставочная доска Стандарт производство РБ ,"Заставочная доска Стандарт производство РБ 
",65439ec8-d96f-11eb-6c92-fa163e0d31f7,false,false
Номенклатура — исходный каталог,raw.catalog_номенклатура,4b8c36e6-e2be-11ea-4b9d-fa163ee5d2f9,БП-00002955,Защита V33418600,Защита V33418600,9b060c03-71d9-11e7-85a2-d43d7eec442d,false,false
Номенклатура — исходный каталог,raw.catalog_номенклатура,e047afec-9303-11f0-b818-005056bde474,00-00012718,Защита стойки (б/у),Защита стойки (б/у),515b983a-72a8-11eb-4886-fa163e0d31f7,false,false
Номенклатура — исходный каталог,raw.catalog_номенклатура,9c4e5182-2a75-11eb-259f-fa163e0d31f7,БП-00003206,"Звено СПР-19,05-3180","Звено СПР-19,05-3180",9b060c03-71d9-11e7-85a2-d43d7eec442d,false,false
Номенклатура — исходный каталог,raw.catalog_номенклатура,960f86a2-cc54-11f0-b81e-005056bde474,00-00012997,Зелёный картофель,Зелёный картофель,ee206f1b-243d-11f0-b80e-005056bde474,false,false
Номенклатура — исходный каталог,raw.catalog_номенклатура,26686664-5fff-11e8-af3d-30f7727a492e,00-00000852,Земля (производство),Земля (производство),ee206f1b-243d-11f0-b80e-005056bde474,false,false
Номенклатура — исходный каталог,raw.catalog_номенклатура,22edf491-cc54-11f0-b81e-005056bde474,00-00012994,Земля (склад),Земля (склад),ee206f1b-243d-11f0-b80e-005056bde474,false,false
Номенклатура — исходный каталог,raw.catalog_номенклатура,2b6b3a2c-5236-11ee-9c4e-00505689ff45,00-00009519,Земля с полей,Земля с полей,ee206f1b-243d-11f0-b80e-005056bde474,false,false
Номенклатура — исходный каталог,raw.catalog_номенклатура,ccb62ad4-f524-11eb-9c3a-00505689ff45,АК-00003509,Зенит Инсектицид,Зенит Инсектицид,f9d67774-531d-11f0-b811-005056bde474,false,false
Номенклатура — исходный каталог,raw.catalog_номенклатура,ef0a6fea-f2db-11eb-9c3a-00505689ff45,АК-00003295,Зенкор Ультра Гербицид ,Зенкор Ультра Гербицид ,5e0b1519-531c-11f0-b811-005056bde474,false,false
Номенклатура — исходный каталог,raw.catalog_номенклатура,9e625346-b4ef-11ec-9c42-00505689c8d9,00-00006425,"Зенкошанс,КС","Зенкошанс,КС",5e0b1519-531c-11f0-b811-005056bde474,false,false
Номенклатура — исходный каталог,raw.catalog_номенклатура,ccb62ad5-f524-11eb-9c3a-00505689ff45,АК-00003510,Зенон Аэро Инсектицид,Зенон Аэро Инсектицид,2eaeac4d-5322-11f0-b811-005056bde474,false,false
Номенклатура — исходный каталог,raw.catalog_номенклатура,09cf1e78-6158-11eb-9c2d-0050560417d5,00-00002820,Зерновые,,323ef7d5-6157-11eb-9c2d-0050560417d5,true,false
Номенклатура — исходный каталог,raw.catalog_номенклатура,ccb62ad6-f524-11eb-9c3a-00505689ff45,АК-00003511,Зим 500 Инсектицид,Зим 500 Инсектицид,2eaeac4d-5322-11f0-b811-005056bde474,false,false
Номенклатура — исходный каталог,raw.catalog_номенклатура,ccb62ad7-f524-11eb-9c3a-00505689ff45,АК-00003512,Зимошанс Инсектицид,Зимошанс Инсектицид,2eaeac4d-5322-11f0-b811-005056bde474,false,false
Номенклатура — исходный каталог,raw.catalog_номенклатура,86a8b36d-32af-11f1-b81f-005056bde474,00-00013975,"Знак Знак е03 ""направление к эвакуационному выходу направо"", 150x300 мм, фотолюм s 2, пленк","Знак Знак е03 ""направление к эвакуационному выходу направо"", 150x300 мм, фотолюм s 2, пленк",9b060c02-71d9-11e7-85a2-d43d7eec442d,false,false
Номенклатура — исходный каталог,raw.catalog_номенклатура,a34fc7be-32af-11f1-b81f-005056bde474,00-00013976,"Знак Знак е04 ""направление к эвакуационному выходу налево"", 150x300 мм, фотолюм s 2, пленка","Знак Знак е04 ""направление к эвакуационному выходу налево"", 150x300 мм, фотолюм s 2, пленка",9b060c02-71d9-11e7-85a2-d43d7eec442d,false,false
Номенклатура — исходный каталог,raw.catalog_номенклатура,c24c627f-32af-11f1-b81f-005056bde474,00-00013977,"Знак Знак е22 ""указатель выхода"", 150x300 мм, фотолюм s 2, пленка (гост 12.4.026-2015) 00-0","Знак Знак е22 ""указатель выхода"", 150x300 мм, фотолюм s 2, пленка",9b060c02-71d9-11e7-85a2-d43d7eec442d,false,false
Номенклатура — исходный каталог,raw.catalog_номенклатура,ccb62ad8-f524-11eb-9c3a-00505689ff45,АК-00003513,Золон Инсектицид,Золон Инсектицид,f9d67774-531d-11f0-b811-005056bde474,false,false
Номенклатура — исходный каталог,raw.catalog_номенклатура,ccb62ad9-f524-11eb-9c3a-00505689ff45,АК-00003514,Золтан Инсектицид,Золтан Инсектицид,2eaeac4d-5322-11f0-b811-005056bde474,false,false
Номенклатура — исходный каталог,raw.catalog_номенклатура,4e498fb4-b243-11eb-6d90-fa163e0d31f7,БП-00003973,Зуб пружинный Akzent KRAJ 600/50-000,Зуб пружинный Akzent KRAJ 600/50-000,9b060c03-71d9-11e7-85a2-d43d7eec442d,false,false
Номенклатура — исходный каталог,raw.catalog_номенклатура,ccb62ada-f524-11eb-9c3a-00505689ff45,АК-00003515,Зубр Инсектицид,Зубр Инсектицид,f9d67774-531d-11f0-b811-005056bde474,false,false
Номенклатура — исходный каталог,raw.catalog_номенклатура,bdb4a42b-094b-11f0-b80e-005056bde474,00-00011790,"ИНВЕНТАРЬ, ХОЗТОВАРЫ, МЦ, ПРОЧИЕ МАТЕРИАЛЫ",,00000000-0000-0000-0000-000000000000,true,false
Номенклатура — исходный каталог,raw.catalog_номенклатура,dd83d559-5f47-11e9-af6b-30f7727a492e,00-00001481,Игла зашивочной машины,Игла зашивочной машины,974cc8a9-4216-11f1-b821-005056bde474,false,false
Номенклатура — исходный каталог,raw.catalog_номенклатура,aa84f8f2-3ac7-11eb-dc8d-fa163e0d31f7,БП-00003399,Игла зашивочной машины Фишбейн 100,Игла зашивочной машины Фишбейн 100,974cc8a9-4216-11f1-b821-005056bde474,false,false
Номенклатура — исходный каталог,raw.catalog_номенклатура,ff63c93d-66f7-11f0-b811-005056bde474,00-00012583,Идентификатор ЕМ-Marin,Идентификатор ЕМ-Marin,9b060c02-71d9-11e7-85a2-d43d7eec442d,false,false
Номенклатура — исходный каталог,raw.catalog_номенклатура,248f8579-c584-11ec-9c42-00505689c8d9,00-00006485,"Идикум,СК","Идикум,СК",668204c4-5324-11f0-b811-005056bde474,false,false
Номенклатура — исходный каталог,raw.catalog_номенклатура,65911db3-36e2-11f0-b80e-005056bde474,00-00012343,"Изабион, ВР","Изабион, ВР",e1243393-532a-11f0-b811-005056bde474,false,false
Номенклатура — исходный каталог,raw.catalog_номенклатура,7ef80ec2-a7f9-11ef-9c5e-00505689ff45,00-00011382,Изготовление клише,Изготовление клише,9b060c58-71d9-11e7-85a2-d43d7eec442d,false,false
Номенклатура — исходный каталог,raw.catalog_номенклатура,61bb8216-f064-11e7-a3ff-94de80168a80,00-00000630,"Изготовление ключей, карт доступа","Изготовление ключей, карт доступа",9b060c58-71d9-11e7-85a2-d43d7eec442d,false,false
Номенклатура — исходный каталог,raw.catalog_номенклатура,b66c69f5-15e0-11f0-b80e-005056bde474,00-00011947,Изготовление москитных сеток ,Изготовление москитных сеток,9b060c58-71d9-11e7-85a2-d43d7eec442d,false,false
Номенклатура — исходный каталог,raw.catalog_номенклатура,466985ee-5793-11ea-8118-d43d7ec071d4,00-00002477,"Изготовление печати, штрихкодов","Изготовление печати, штрихкодов",9b060c58-71d9-11e7-85a2-d43d7eec442d,false,false
Номенклатура — исходный каталог,raw.catalog_номенклатура,5b6b3a1c-3a27-11ec-9c41-00505689db63,АК-00005540,Измельчение ботвы,Измельчение ботвы,52c3cca5-0968-11f0-b80e-005056bde474,false,false
Номенклатура — исходный каталог,raw.catalog_номенклатура,42070ee2-3fe3-11ec-9c41-00505689db63,АК-00005543,Измельчение кустарниковой растительности,Измельчение кустарниковой растительности,52c3cca5-0968-11f0-b80e-005056bde474,false,false
Номенклатура — исходный каталог,raw.catalog_номенклатура,a21f3c9b-f68e-11f0-b81e-005056bde474,00-00013458,"Измеритель температуры, пирометр, градусник 32...+42С для измер. темп.","Измеритель температуры, пирометр, градусник 32...+42С для измер. темп.",e588fd02-0a37-11f0-b80e-005056bde474,false,false
Номенклатура — исходный каталог,raw.catalog_номенклатура,95c814e8-d974-11eb-6c92-fa163e0d31f7,БП-00004392,"Изолятор НОВЫЙ маточный (сетка) однорамочный (AISI430), ИМС-1","Изолятор НОВЫЙ маточный (сетка) однорамочный (AISI430), ИМС-1",65439ec8-d96f-11eb-6c92-fa163e0d31f7,false,false
Номенклатура — исходный каталог,raw.catalog_номенклатура,ccb62adb-f524-11eb-9c3a-00505689ff45,АК-00003516,Икарус Инсектицид,Икарус Инсектицид,2eaeac4d-5322-11f0-b811-005056bde474,false,false
Номенклатура — исходный каталог,raw.catalog_номенклатура,ccb62adc-f524-11eb-9c3a-00505689ff45,АК-00003517,Имидашанс Инсектицид,Имидашанс Инсектицид,f9d67774-531d-11f0-b811-005056bde474,false,false
Номенклатура — исходный каталог,raw.catalog_номенклатура,ccb62add-f524-11eb-9c3a-00505689ff45,АК-00003518,Имидашанс Плюс Инсектицид,Имидашанс Плюс Инсектицид,f9d67774-531d-11f0-b811-005056bde474,false,false
Номенклатура — исходный каталог,raw.catalog_номенклатура,ccb62ade-f524-11eb-9c3a-00505689ff45,АК-00003519,Имидж Инсектицид,Имидж Инсектицид,f9d67774-531d-11f0-b811-005056bde474,false,false
Номенклатура — исходный каталог,raw.catalog_номенклатура,ccb62adf-f524-11eb-9c3a-00505689ff45,АК-00003520,Имидж Плюс Инсектицид,Имидж Плюс Инсектицид,f9d67774-531d-11f0-b811-005056bde474,false,false
Номенклатура — исходный каталог,raw.catalog_номенклатура,ccb62ae0-f524-11eb-9c3a-00505689ff45,АК-00003521,Имидор Инсектицид,Имидор Инсектицид,668204c4-5324-11f0-b811-005056bde474,false,false
Номенклатура — исходный каталог,raw.catalog_номенклатура,ccb62ae1-f524-11eb-9c3a-00505689ff45,АК-00003522,Имидор Про Инсектицид,Имидор Про Инсектицид,668204c4-5324-11f0-b811-005056bde474,false,false
Номенклатура — исходный каталог,raw.catalog_номенклатура,ccb62ae2-f524-11eb-9c3a-00505689ff45,АК-00003523,Имиприд Инсектицид,Имиприд Инсектицид,f9d67774-531d-11f0-b811-005056bde474,false,false
Номенклатура — исходный каталог,raw.catalog_номенклатура,ccb62ae4-f524-11eb-9c3a-00505689ff45,АК-00003525,Импакт 500 Инсектицид,Импакт 500 Инсектицид,2eaeac4d-5322-11f0-b811-005056bde474,false,false
Номенклатура — исходный каталог,raw.catalog_номенклатура,ccb62ae3-f524-11eb-9c3a-00505689ff45,АК-00003524,Импакт Инсектицид,Импакт Инсектицид,2eaeac4d-5322-11f0-b811-005056bde474,false,false
Номенклатура — исходный каталог,raw.catalog_номенклатура,ccb62ae5-f524-11eb-9c3a-00505689ff45,АК-00003526,Импакт Супер Инсектицид,Импакт Супер Инсектицид,2eaeac4d-5322-11f0-b811-005056bde474,false,false
Номенклатура — исходный каталог,raw.catalog_номенклатура,ccb62ae6-f524-11eb-9c3a-00505689ff45,АК-00003527,Импакт Эксклюзив Инсектицид,Импакт Эксклюзив Инсектицид,2eaeac4d-5322-11f0-b811-005056bde474,false,false
Номенклатура — исходный каталог,raw.catalog_номенклатура,7af5835b-40b9-11ee-9c4e-00505689ff45,00-00008571,Индиго РС3 грязный Сетка на завязке 25кг. Без полива,Премиум картофель индиго 3 репродукции не мытый сетка на завязке  25 кг. Без полива,f487012f-6156-11eb-9c2d-0050560417d5,false,false
Номенклатура — исходный каталог,raw.catalog_номенклатура,7ae0ef0d-40b9-11ee-9c4e-00505689ff45,00-00008570,Индиго РС3 грязный Сетка на завязке 25кг. Полив,Премиум картофель индиго 3 репродукции не мытый сетка на завязке  25 кг. Под поливом,f487012f-6156-11eb-9c2d-0050560417d5,false,false
Номенклатура — исходный каталог,raw.catalog_номенклатура,7a27d12f-40b9-11ee-9c4e-00505689ff45,00-00008567,Индиго РС3 грязный Сетка на рулоне 25кг. Без полива,Премиум картофель индиго 3 репродукции не мытый сетка  25 кг. Без полива,f487012f-6156-11eb-9c2d-0050560417d5,false,false
Номенклатура — исходный каталог,raw.catalog_номенклатура,79f4ce53-40b9-11ee-9c4e-00505689ff45,00-00008566,Индиго РС3 грязный Сетка на рулоне 25кг. Полив,Премиум картофель индиго 3 репродукции не мытый сетка  25 кг. Под поливом,f487012f-6156-11eb-9c2d-0050560417d5,false,false
Номенклатура — исходный каталог,raw.catalog_номенклатура,8c999f86-40b8-11ee-9c4e-00505689ff45,00-00008559,"Индиго РС3 мытый Сетка - (домик)1,5 кг. Без полива","Премиум картофель индиго 3 репродукции мытый сетка домик 1,5 кг. Без полива",f487012f-6156-11eb-9c2d-0050560417d5,false,false
Номенклатура — исходный каталог,raw.catalog_номенклатура,8c7adf0a-40b8-11ee-9c4e-00505689ff45,00-00008558,"Индиго РС3 мытый Сетка - (домик)1,5 кг. Полив","Премиум картофель индиго 3 репродукции мытый сетка домик 1,5 кг. Под поливом",f487012f-6156-11eb-9c2d-0050560417d5,false,false
Номенклатура — исходный каталог,raw.catalog_номенклатура,8d38686e-40b8-11ee-9c4e-00505689ff45,00-00008563,Индиго РС3 мытый Сетка - (домик)2 кг. Без полива,Премиум картофель индиго 3 репродукции мытый сетка домик 2 кг. Без полива,f487012f-6156-11eb-9c2d-0050560417d5,false,false
Номенклатура — исходный каталог,raw.catalog_номенклатура,8d08c750-40b8-11ee-9c4e-00505689ff45,00-00008562,Индиго РС3 мытый Сетка - (домик)2 кг. Полив,Премиум картофель индиго 3 репродукции мытый сетка домик 2 кг. Под поливом,f487012f-6156-11eb-9c2d-0050560417d5,false,false
Номенклатура — исходный каталог,raw.catalog_номенклатура,379baeab-5d39-11ee-9c4f-00505689ff45,00-00009596,Инжектор Вентури-1 в комплекте с обвязкой и падающим шлангом,Инжектор Вентури-1 в комплекте с обвязкой и падающим шлангом,3d287ad3-5d34-11ee-9c4f-00505689ff45,false,false
Номенклатура — исходный каталог,raw.catalog_номенклатура,030208b1-608b-11ef-9c5c-00505689ff45,00-00010912,Инженерно-геодезические изыскания,Инженерно-геодезические изыскания,2b7f4a61-094c-11f0-b80e-005056bde474,false,false
Номенклатура — исходный каталог,raw.catalog_номенклатура,ccb62ae7-f524-11eb-9c3a-00505689ff45,АК-00003528,Инплант Инсектицид,Инплант Инсектицид,2eaeac4d-5322-11f0-b811-005056bde474,false,false
Номенклатура — исходный каталог,raw.catalog_номенклатура,ccb62ae8-f524-11eb-9c3a-00505689ff45,АК-00003529,Инпут Инсектицид,Инпут Инсектицид,2eaeac4d-5322-11f0-b811-005056bde474,false,false
Номенклатура — исходный каталог,raw.catalog_номенклатура,a38c91ea-f2d9-11eb-9c3a-00505689ff45,АК-00003286,"Инсайд, СК Фунгицид ","Инсайд, СК Фунгицид ",2eaeac4d-5322-11f0-b811-005056bde474,false,false
Номенклатура — исходный каталог,raw.catalog_номенклатура,f9d67774-531d-11f0-b811-005056bde474,00-00012478,Инсектициды,,9088eeaa-75dc-11e7-af18-30f7727a492e,true,false
Номенклатура — исходный каталог,raw.catalog_номенклатура,d2bcb882-f524-11eb-9c3a-00505689ff45,АК-00003530,Инсектор Инсектицид,Инсектор Инсектицид,f9d67774-531d-11f0-b811-005056bde474,false,false
Номенклатура — исходный каталог,raw.catalog_номенклатура,3d08af22-07ae-11eb-1097-fa163ee5d2f9,БП-00003083,Инспекционный транспортер с шибером д.5 м,Инспекционный транспортер с шибером д.5 м,9be0daf4-2e34-11eb-288c-fa163e0d31f7,false,false
Номенклатура — исходный каталог,raw.catalog_номенклатура,9e85f51a-0e20-11f1-b81f-005056bde474,00-00013766,Инспекция качества товаров категории ФРОВ за 1тс/контейнер за выезд 1 сюрвейера,Инспекция качества товаров категории ФРОВ за 1тс/контейнер за выезд 1 сюрвейера,2b7f4a51-094c-11f0-b80e-005056bde474,false,false
Номенклатура — исходный каталог,raw.catalog_номенклатура,d2bcb883-f524-11eb-9c3a-00505689ff45,АК-00003531,Инстиво Инсектицид,Инстиво Инсектицид,f9d67774-531d-11f0-b811-005056bde474,false,false
Номенклатура — исходный каталог,raw.catalog_номенклатура,d2bcb884-f524-11eb-9c3a-00505689ff45,АК-00003532,Инта-Вир Инсектицид,Инта-Вир Инсектицид,f9d67774-531d-11f0-b811-005056bde474,false,false
Номенклатура — исходный каталог,raw.catalog_номенклатура,d2bcb885-f524-11eb-9c3a-00505689ff45,АК-00003533,Инта-Ц-М Инсектицид,Инта-Ц-М Инсектицид,f9d67774-531d-11f0-b811-005056bde474,false,false
Номенклатура — исходный каталог,raw.catalog_номенклатура,7b99d9e9-f353-11eb-9c3a-00505689ff45,АК-00003310,"Интрада,СК Протравливатель ","Интрада,СК Протравливатель ",668204c4-5324-11f0-b811-005056bde474,false,false
Номенклатура — исходный каталог,raw.catalog_номенклатура,08e7019b-29d1-11f0-b80e-005056bde474,00-00012111,"Инфинито, КС (62,5+625г/л)","Инфинито, КС (62,5+625г/л)",2eaeac4d-5322-11f0-b811-005056bde474,false,false
Номенклатура — исходный каталог,raw.catalog_номенклатура,c3071846-04cc-11e8-b468-30f7727a492e,00-00000677,"Информационные,рекламные и консультационные услуги","Информационные,рекламные и консультационные услуги",1aeb231b-094c-11f0-b80e-005056bde474,false,false
Номенклатура — исходный каталог,raw.catalog_номенклатура,d2bcb887-f524-11eb-9c3a-00505689ff45,АК-00003535,Искра Золотая 1964-10-101-035-0-1-1-1 Инсектицид,Искра Золотая 1964-10-101-035-0-1-1-1 Инсектицид,f9d67774-531d-11f0-b811-005056bde474,false,false
Номенклатура — исходный каталог,raw.catalog_номенклатура,d2bcb888-f524-11eb-9c3a-00505689ff45,АК-00003536,Искра Золотая 1965-10-101-035-0-1-1-1 Инсектицид,Искра Золотая 1965-10-101-035-0-1-1-1 Инсектицид,f9d67774-531d-11f0-b811-005056bde474,false,false
Номенклатура — исходный каталог,raw.catalog_номенклатура,d2bcb886-f524-11eb-9c3a-00505689ff45,АК-00003534,Искра Инсектицид,Искра Инсектицид,f9d67774-531d-11f0-b811-005056bde474,false,false
Номенклатура — исходный каталог,raw.catalog_номенклатура,d2bcb889-f524-11eb-9c3a-00505689ff45,АК-00003537,Искра М Инсектицид,Искра М Инсектицид,f9d67774-531d-11f0-b811-005056bde474,false,false
Номенклатура — исходный каталог,raw.catalog_номенклатура,7faa8dc7-c9ff-11e7-a3eb-94de80168a80,00-00000447,Испытание продовольственного сырья,Испытание продовольственного сырья,2b7f4a51-094c-11f0-b80e-005056bde474,false,false
Номенклатура — исходный каталог,raw.catalog_номенклатура,4f74f4e8-0b7f-11eb-3385-fa163ee5d2f9,БП-00003111,Источник вторичного электропитания ББП-60 БК,Источник вторичного электропитания ББП-60 БК,de1714af-8a12-11e7-af1d-30f7727a492e,false,false
Номенклатура — исходный каталог,raw.catalog_номенклатура,211c279f-35ce-11ea-9522-30f7727a492e,00-00002372,"Кабель (бухта 305м) Parlan UUTR Cal5e 4х2х0,52 PVC","Кабель (бухта 305м) Parlan UUTR Cal5e 4х2х0,52 PVC",211c2790-35ce-11ea-9522-30f7727a492e,false,false
Номенклатура — исходный каталог,raw.catalog_номенклатура,211c27a0-35ce-11ea-9522-30f7727a492e,00-00002373,"Кабель ПВСнг(А)-LS 3х0,75","Кабель ПВСнг(А)-LS 3х0,75",211c2790-35ce-11ea-9522-30f7727a492e,false,false
Номенклатура — исходный каталог,raw.catalog_номенклатура,6914e708-0b81-11eb-3385-fa163ee5d2f9,БП-00003118,"Кабель с медными однопроволочными з жилами ПВСнг(А)-LS 3х1,5 (ож)-0,66","Кабель с медными однопроволочными з жилами ПВСнг(А)-LS 3х1,5 (ож)-0,66",de1714af-8a12-11e7-af1d-30f7727a492e,false,false
Номенклатура — исходный каталог,raw.catalog_номенклатура,d2bcb88a-f524-11eb-9c3a-00505689ff45,АК-00003538,Кагатник Инсектицид,Кагатник Инсектицид,2eaeac4d-5322-11f0-b811-005056bde474,false,false
Номенклатура — исходный каталог,raw.catalog_номенклатура,7b9b3611-e4a1-11e7-a3fa-94de80168a80,00-00000538,"Кадастровые работы,экспертизы,проектирование","Кадастровые работы,экспертизы,проектирование",34f83445-094c-11f0-b80e-005056bde474,false,false
Номенклатура — исходный каталог,raw.catalog_номенклатура,d2bcb88b-f524-11eb-9c3a-00505689ff45,АК-00003539,Казим Инсектицид,Казим Инсектицид,2eaeac4d-5322-11f0-b811-005056bde474,false,false
Номенклатура — исходный каталог,raw.catalog_номенклатура,d2bcb88c-f524-11eb-9c3a-00505689ff45,АК-00003540,Кайзер Инсектицид,Кайзер Инсектицид,668204c4-5324-11f0-b811-005056bde474,false,false
Номенклатура — исходный каталог,raw.catalog_номенклатура,d2bcb88d-f524-11eb-9c3a-00505689ff45,АК-00003541,Кайзо Инсектицид,Кайзо Инсектицид,f9d67774-531d-11f0-b811-005056bde474,false,false
Номенклатура — исходный каталог,raw.catalog_номенклатура,d2bcb88e-f524-11eb-9c3a-00505689ff45,АК-00003542,Калаш Инсектицид,Калаш Инсектицид,f9d67774-531d-11f0-b811-005056bde474,false,false
Номенклатура — исходный каталог,raw.catalog_номенклатура,d2bcb88f-f524-11eb-9c3a-00505689ff45,АК-00003543,Калибел Инсектицид,Калибел Инсектицид,2eaeac4d-5322-11f0-b811-005056bde474,false,false
Номенклатура — исходный каталог,raw.catalog_номенклатура,e02f45e5-e470-11ef-b80c-005056bde474,00-00011639,"Калий хлористый, гранулированный, 60%, МКР ","Калий хлористый, гранулированный, 60%, МКР",237d7baa-3b95-11f0-b80e-005056bde474,false,false
Номенклатура — исходный каталог,raw.catalog_номенклатура,237d7baa-3b95-11f0-b80e-005056bde474,00-00012399,Калийные удобрения (K),,8620e7b8-3b94-11f0-b80e-005056bde474,true,false
Номенклатура — исходный каталог,raw.catalog_номенклатура,ca17f4bb-4b69-11ec-9c40-00505689c8d9,АК-00005631,Калимаг K2O20:MgO9,Калимаг K2O20:MgO9 ,237d7baa-3b95-11f0-b80e-005056bde474,false,false
Номенклатура — исходный каталог,raw.catalog_номенклатура,d63fdada-6b9f-11e8-af3e-30f7727a492e,00-00000900,"Калимаг гранулированный,МКР","Калимаг гранулированный,МКР",237d7baa-3b95-11f0-b80e-005056bde474,false,false
Номенклатура — исходный каталог,raw.catalog_номенклатура,b55bbd5c-3aac-11ef-9c59-00505689ff45,00-00010681,Калимагнезия (40кг) ,Калимагнезия (40кг),237d7baa-3b95-11f0-b80e-005056bde474,false,false
Номенклатура — исходный каталог,raw.catalog_номенклатура,d2bcb890-f524-11eb-9c3a-00505689ff45,АК-00003544,Калипсо Инсектицид,Калипсо Инсектицид,f9d67774-531d-11f0-b811-005056bde474,false,false
Номенклатура — исходный каталог,raw.catalog_номенклатура,ead06be9-283e-11ed-9c43-cb6d75bb653b,00-00007091,"Калитка каркас под лист в раме 40*25*1,5","Калитка каркас под лист в раме 40*25*1,5",de1714af-8a12-11e7-af1d-30f7727a492e,false,false
Номенклатура — исходный каталог,raw.catalog_номенклатура,98083f64-bf05-11eb-1998-fa163e0d31f7,БП-00004042,Камера ГАЗ 66 12.00*18,Камера ГАЗ 66 12.00*18,9b060c03-71d9-11e7-85a2-d43d7eec442d,false,false
Номенклатура — исходный каталог,raw.catalog_номенклатура,d1d20302-447f-11eb-7b94-fa163e0d31f7,БП-00003481,Камера автомобильная R13,Камера автомобильная R13,9b060c03-71d9-11e7-85a2-d43d7eec442d,false,false
Номенклатура — исходный каталог,raw.catalog_номенклатура,d2bcb891-f524-11eb-9c3a-00505689ff45,АК-00003545,Камикадзе Инсектицид,Камикадзе Инсектицид,f9d67774-531d-11f0-b811-005056bde474,false,false
Номенклатура — исходный каталог,raw.catalog_номенклатура,48f15e30-cc54-11f0-b81e-005056bde474,00-00012995,Камни и ботва,Камни и ботва,ee206f1b-243d-11f0-b80e-005056bde474,false,false
Номенклатура — исходный каталог,raw.catalog_номенклатура,644e5ca0-87e3-11ee-9c4a-005056893620,00-00009862,Канат ПА-Т-3пр-48мм-Б (6м),Канат ПА-Т-3пр-48мм-Б (6м),9b060c02-71d9-11e7-85a2-d43d7eec442d,false,false
Номенклатура — исходный каталог,raw.catalog_номенклатура,4deb953f-dd46-11ed-9c4e-00505689ff45,00-00007754,Канат ПА-Т-3пр-56мм-Б (6м),Канат ПА-Т-3пр-56мм-Б (6м),9b060c02-71d9-11e7-85a2-d43d7eec442d,false,false
Номенклатура — исходный каталог,raw.catalog_номенклатура,26a7f048-e153-11ea-8696-fa163ee5d2f9,БП-00002935,Канат джутовый,Канат джутовый,a9e60e17-4216-11f1-b821-005056bde474,false,false
Номенклатура — исходный каталог,raw.catalog_номенклатура,a9e60e17-4216-11f1-b821-005056bde474,00-00014121,Канаты,,b1a6df2f-0a39-11f0-b80e-005056bde474,true,false
Номенклатура — исходный каталог,raw.catalog_номенклатура,6a62948a-e971-11e8-af5a-30f7727a492e,00-00001348,Канистра 10л,Канистра 10л,5b1a32aa-4216-11f1-b821-005056bde474,false,false
Номенклатура — исходный каталог,raw.catalog_номенклатура,485dfeba-9ad4-11e8-af49-30f7727a492e,00-00001010,Канистра 20л,Канистра 20л,5b1a32aa-4216-11f1-b821-005056bde474,false,false
Номенклатура — исходный каталог,raw.catalog_номенклатура,c5aa2e6a-d1b5-11f0-b81e-005056bde474,00-00013025,Канистра 30л пластиковая с крышкой,Канистра 30л пластиковая с крышкой,5b1a32aa-4216-11f1-b821-005056bde474,false,false
Номенклатура — исходный каталог,raw.catalog_номенклатура,171817f2-e490-11eb-0c9a-fa163e0d31f7,БП-00004489,Канистра Сорокин 5л,Канистра Сорокин 5л,5b1a32aa-4216-11f1-b821-005056bde474,false,false
Номенклатура — исходный каталог,raw.catalog_номенклатура,5b1a32aa-4216-11f1-b821-005056bde474,00-00014118,Канистры,,9088eeab-75dc-11e7-af18-30f7727a492e,true,false
Номенклатура — исходный каталог,raw.catalog_номенклатура,d2bcb892-f524-11eb-9c3a-00505689ff45,АК-00003546,Канонир Дуо Инсектицид,Канонир Дуо Инсектицид,f9d67774-531d-11f0-b811-005056bde474,false,false
Номенклатура — исходный каталог,raw.catalog_номенклатура,d2bcb893-f524-11eb-9c3a-00505689ff45,АК-00003547,Капелла Инсектицид,Капелла Инсектицид,2eaeac4d-5322-11f0-b811-005056bde474,false,false
Номенклатура — исходный каталог,raw.catalog_номенклатура,d2bcb894-f524-11eb-9c3a-00505689ff45,АК-00003548,Каратель Инсектицид,Каратель Инсектицид,f9d67774-531d-11f0-b811-005056bde474,false,false
Номенклатура — исходный каталог,raw.catalog_номенклатура,d2bcb895-f524-11eb-9c3a-00505689ff45,АК-00003549,Каратошанс Инсектицид,Каратошанс Инсектицид,f9d67774-531d-11f0-b811-005056bde474,false,false
Номенклатура — исходный каталог,raw.catalog_номенклатура,d2bcb896-f524-11eb-9c3a-00505689ff45,АК-00003550,Каратэ Зеон Инсектицид,Каратэ Зеон Инсектицид,f9d67774-531d-11f0-b811-005056bde474,false,false
Номенклатура — исходный каталог,raw.catalog_номенклатура,d2bcb897-f524-11eb-9c3a-00505689ff45,АК-00003551,Карачар Инсектицид,Карачар Инсектицид,f9d67774-531d-11f0-b811-005056bde474,false,false
Номенклатура — исходный каталог,raw.catalog_номенклатура,370e088b-b0bd-11ec-9c42-00505689c8d9,00-00006406,"Карбамид,марка Б N46","Карбамид,марка Б N46",ecb53465-3b94-11f0-b80e-005056bde474,false,false
Номенклатура — исходный каталог,raw.catalog_номенклатура,d2bcb898-f524-11eb-9c3a-00505689ff45,АК-00003552,Карбезим Инсектицид,Карбезим Инсектицид,2eaeac4d-5322-11f0-b811-005056bde474,false,false
Номенклатура — исходный каталог,raw.catalog_номенклатура,d2bcb899-f524-11eb-9c3a-00505689ff45,АК-00003553,Карбонар Инсектицид,Карбонар Инсектицид,2eaeac4d-5322-11f0-b811-005056bde474,false,false
Номенклатура — исходный каталог,raw.catalog_номенклатура,d2bcb89a-f524-11eb-9c3a-00505689ff45,АК-00003554,Карбофос-500 Инсектицид,Карбофос-500 Инсектицид,f9d67774-531d-11f0-b811-005056bde474,false,false
Номенклатура — исходный каталог,raw.catalog_номенклатура,d2bcb89b-f524-11eb-9c3a-00505689ff45,АК-00003555,Карбофот Инсектицид,Карбофот Инсектицид,f9d67774-531d-11f0-b811-005056bde474,false,false
Номенклатура — исходный каталог,raw.catalog_номенклатура,d2bcb89c-f524-11eb-9c3a-00505689ff45,АК-00003556,Карбоцин Инсектицид,Карбоцин Инсектицид,f9d67774-531d-11f0-b811-005056bde474,false,false
Номенклатура — исходный каталог,raw.catalog_номенклатура,9b060c75-71d9-11e7-85a2-d43d7eec442d,00000104   ,Карбюратор,Карбюратор,9b060c03-71d9-11e7-85a2-d43d7eec442d,false,false
Номенклатура — исходный каталог,raw.catalog_номенклатура,c08060da-c275-11ea-7580-fa163ee5d2f9,БП-00002844,Карданный вал AGM3*AGD20*1210*0v|1,Карданный вал AGM3*AGD20*1210*0v|1,9b060c03-71d9-11e7-85a2-d43d7eec442d,false,false
Номенклатура — исходный каталог,raw.catalog_номенклатура,db0aa7cc-0177-11ea-951c-30f7727a492e,00-00002138,Карданный вал переднего моста V36644110 (Valtra),Карданный вал переднего моста V36644110 (Valtra),9b060c03-71d9-11e7-85a2-d43d7eec442d,false,false
Номенклатура — исходный каталог,raw.catalog_номенклатура,d2bcb89d-f524-11eb-9c3a-00505689ff45,АК-00003557,Кардинал 500 Инсектицид,Кардинал 500 Инсектицид,2eaeac4d-5322-11f0-b811-005056bde474,false,false
Номенклатура — исходный каталог,raw.catalog_номенклатура,d2bcb89e-f524-11eb-9c3a-00505689ff45,АК-00003558,Кардон Инсектицид,Кардон Инсектицид,2eaeac4d-5322-11f0-b811-005056bde474,false,false
Номенклатура — исходный каталог,raw.catalog_номенклатура,9fab39e4-0625-11ee-9c4e-00505689ff45,00-00008122,Кариал Флекс ВДГ Фунгицид,Кариал Флекс ВДГ Фунгицид,2eaeac4d-5322-11f0-b811-005056bde474,false,false
Номенклатура — исходный каталог,raw.catalog_номенклатура,157e67d6-2b45-11f0-b80e-005056bde474,00-00012206,"КарменРС1 Красный Беби Мытый Сетка домик1,5 кг.","КарменРС1 Красный Беби Мытый Сетка домик1,5 кг.",03e63608-4b80-11f0-b810-005056bde474,false,true
Номенклатура — исходный каталог,raw.catalog_номенклатура,ff940264-2b4f-11f0-b80e-005056bde474,00-00012216,КарменРС1 Красный Беби Мытый Сетка домик2 кг.,КарменРС1 Красный Беби Мытый Сетка домик2 кг.,03e63608-4b80-11f0-b810-005056bde474,false,true
Номенклатура — исходный каталог,raw.catalog_номенклатура,c791c27b-2b53-11f0-b80e-005056bde474,00-00012224,КарменРС1 Красный Беби Мытый Сетка на рулоне25 кг.,КарменРС1 Красный Беби Мытый Сетка на рулоне25 кг.,03e63608-4b80-11f0-b810-005056bde474,false,true
Номенклатура — исходный каталог,raw.catalog_номенклатура,f8ce080a-2f19-11f0-b80e-005056bde474,00-00012294,КарменРС1 Красный Грязный  Биг-бэг1000 кг.,КарменРС1 Красный Грязный  Биг-бэг1000 кг.,13ef6ba2-4b80-11f0-b810-005056bde474,false,true
Номенклатура — исходный каталог,raw.catalog_номенклатура,9d9e2c73-2f0f-11f0-b80e-005056bde474,00-00012266,"КарменРС1 Красный Грязный  Сетка на рулоне2,5 кг. ","КарменРС1 Красный Грязный  Сетка на рулоне2,5 кг. ",13ef6ba2-4b80-11f0-b810-005056bde474,false,true
Номенклатура — исходный каталог,raw.catalog_номенклатура,23f050be-2e55-11f0-b80e-005056bde474,00-00012247,КарменРС1 Красный Грязный  Сетка на рулоне25 кг.,КарменРС1 Красный Грязный  Сетка на рулоне25 кг.,13ef6ba2-4b80-11f0-b810-005056bde474,false,true
Номенклатура — исходный каталог,raw.catalog_номенклатура,51c91674-2f12-11f0-b80e-005056bde474,00-00012280,КарменРС1 Красный Грязный  Сетка на рулоне3 кг.,КарменРС1 Красный Грязный  Сетка на рулоне3 кг.,13ef6ba2-4b80-11f0-b810-005056bde474,false,true
Номенклатура — исходный каталог,raw.catalog_номенклатура,33fe46e9-2f18-11f0-b80e-005056bde474,00-00012287,КарменРС1 Красный Грязный  Сетка на рулоне5 кг.,КарменРС1 Красный Грязный  Сетка на рулоне5 кг.,13ef6ba2-4b80-11f0-b810-005056bde474,false,true
Номенклатура — исходный каталог,raw.catalog_номенклатура,fb0b42d7-2f10-11f0-b80e-005056bde474,00-00012273,"КарменРС1 Красный Грязный 35-50 Сетка на рулоне2,5 кг.","КарменРС1 Красный Грязный 35-50 Сетка на рулоне2,5 кг.",13ef6ba2-4b80-11f0-b810-005056bde474,false,true
Номенклатура — исходный каталог,raw.catalog_номенклатура,779812e2-24f3-11f0-b80e-005056bde474,00-00012008,"КарменРС1 Красный Мытый  Сетка домик2,5 кг.","КарменРС1 Красный Мытый  Сетка домик2,5 кг.",03e63608-4b80-11f0-b810-005056bde474,false,true
Номенклатура — исходный каталог,raw.catalog_номенклатура,b225b511-2bfc-11f0-b80e-005056bde474,00-00012233,КарменРС1 Красный Мытый  Сетка домик3 кг.,КарменРС1 Красный Мытый  Сетка домик3 кг.,03e63608-4b80-11f0-b810-005056bde474,false,true
Номенклатура — исходный каталог,raw.catalog_номенклатура,da33a0eb-2bfe-11f0-b80e-005056bde474,00-00012240,КарменРС1 Красный Мытый  Сетка на рулоне25 кг.,КарменРС1 Красный Мытый  Сетка на рулоне25 кг.,03e63608-4b80-11f0-b810-005056bde474,false,true
Номенклатура — исходный каталог,raw.catalog_номенклатура,aeb5b9ba-435d-11ef-9c59-00505689ff45,00-00010746,Карта водителя СКЗИ,Карта водителя СКЗИ,9b060c02-71d9-11e7-85a2-d43d7eec442d,false,false
Номенклатура — исходный каталог,raw.catalog_номенклатура,a1214030-7d6f-11ea-9528-30f7727a492e,00-00002539,Картер ЗИЛ-5301 сцепления ММЗ  ,Картер ЗИЛ-5301 сцепления ММЗ  ,9b060c03-71d9-11e7-85a2-d43d7eec442d,false,false
Номенклатура — исходный каталог,raw.catalog_номенклатура,5bbf5eb5-1a3f-11ec-9c3a-00505689ff45,АК-00005079,Картофель  упак.вес (Беллороза),Картофель  упак.вес ,03e63608-4b80-11f0-b810-005056bde474,false,false
Номенклатура — исходный каталог,raw.catalog_номенклатура,ace90c93-1a31-11ec-9c3a-00505689ff45,АК-00005076,Картофель  упак.вес (Вега),Картофель  упак.вес ,03e63608-4b80-11f0-b810-005056bde474,false,false
Номенклатура — исходный каталог,raw.catalog_номенклатура,ac7e9254-1a32-11ec-9c3a-00505689ff45,АК-00005077,Картофель  упак.вес (Гала),Картофель  упак.вес ,03e63608-4b80-11f0-b810-005056bde474,false,false
Номенклатура — исходный каталог,raw.catalog_номенклатура,02e5169a-4e04-11eb-d19d-fa163e0d31f7,БП-00003551,Картофель  упак.вес (Коломба),Картофель  упак.вес ,03e63608-4b80-11f0-b810-005056bde474,false,false
Номенклатура — исходный каталог,raw.catalog_номенклатура,703dddd8-1a3d-11ec-9c3a-00505689ff45,АК-00005078,Картофель  упак.вес (Ред Скарлетт),Картофель  упак.вес ,03e63608-4b80-11f0-b810-005056bde474,false,false
Номенклатура — исходный каталог,raw.catalog_номенклатура,3549ed55-19fa-11ec-9c3a-00505689ff45,АК-00005055,Картофель 2500 (гала),Картофель 2500г,03e63608-4b80-11f0-b810-005056bde474,false,false
Номенклатура — исходный каталог,raw.catalog_номенклатура,1ae84ae0-4680-11eb-3293-fa163e0d31f7,БП-00003494,Картофель 2500г,Картофель 2500г,03e63608-4b80-11f0-b810-005056bde474,false,false
Номенклатура — исходный каталог,raw.catalog_номенклатура,4af28cc3-1ad4-11ec-9c3a-00505689ff45,АК-00005082,Картофель 2500г (Северное сияние),Картофель 2500г,03e63608-4b80-11f0-b810-005056bde474,false,false
Номенклатура — исходный каталог,raw.catalog_номенклатура,2507c6bc-3628-11eb-e19b-fa163e0d31f7,БП-00003362,Картофель Беби 1500г,Картофель Беби 1500г,03e63608-4b80-11f0-b810-005056bde474,false,false
Номенклатура — исходный каталог,raw.catalog_номенклатура,242e1005-19fc-11ec-9c3a-00505689ff45,АК-00005057,Картофель Беби 1500г (Гала),Картофель Беби 1500г,03e63608-4b80-11f0-b810-005056bde474,false,false
Номенклатура — исходный каталог,raw.catalog_номенклатура,403d3a83-b2f2-11ef-9c5e-00505689ff45,00-00011447,Картофель Беби 2кг.,Картофель Беби,03e63608-4b80-11f0-b810-005056bde474,false,false
Номенклатура — исходный каталог,raw.catalog_номенклатура,0d4b7624-da63-11f0-b81e-005056bde474,00-00013108,Картофель ГалаРС3 Белый_прямая отгрузка с поля,Картофель фуражный ГалаРС3 Белый,477e94ee-ecd1-11f0-b81e-005056bde474,false,false
Номенклатура — исходный каталог,raw.catalog_номенклатура,3e066b01-2a82-11f0-b80e-005056bde474,00-00012143,Картофель ФламингоРС3 Красный_прямая отгрузка с поля,Картофель фуражный ФламингоРС3 Красный_НКЛ,477e94ee-ecd1-11f0-b81e-005056bde474,false,false
Номенклатура — исходный каталог,raw.catalog_номенклатура,ac971775-19fa-11ec-9c3a-00505689ff45,АК-00005056,Картофель белый мытый упак.вес (гала),Картофель белый мытый упак.вес,03e63608-4b80-11f0-b810-005056bde474,false,false
Номенклатура — исходный каталог,raw.catalog_номенклатура,7fc88dc6-36f9-11eb-e19b-fa163e0d31f7,БП-00003379,Картофель белый мытый упак.вес (коломба),Картофель белый мытый упак.вес,03e63608-4b80-11f0-b810-005056bde474,false,false
Номенклатура — исходный каталог,raw.catalog_номенклатура,e517dd44-3627-11eb-e19b-fa163e0d31f7,БП-00003360,Картофель белый фас.вес (Вега),Картофель белый фас.вес,03e63608-4b80-11f0-b810-005056bde474,false,false
Номенклатура — исходный каталог,raw.catalog_номенклатура,c2c0a2ec-1ab4-11ec-9c3a-00505689ff45,АК-00005080,Картофель белый фас.вес (Гала),Картофель белый фас.вес,03e63608-4b80-11f0-b810-005056bde474,false,false
Номенклатура — исходный каталог,raw.catalog_номенклатура,09f53c56-30e5-11ec-b9aa-00505689914b,АК-00005532,Картофель вторичное сырье,,d5f1fbeb-094b-11f0-b80e-005056bde474,true,false
Номенклатура — исходный каталог,raw.catalog_номенклатура,958b1ecc-91e8-11eb-5384-fa163e0d31f7,БП-00003813,Картофель для варки фас.3кг (Гала),Картофель для варки фас.3кг,03e63608-4b80-11f0-b810-005056bde474,false,false
Номенклатура — исходный каталог,raw.catalog_номенклатура,22b634f8-5a6c-11eb-0780-fa163e0d31f7,БП-00003678,Картофель красный мытый упак.вес (Беллороза),Картофель красный мытый упак.вес,03e63608-4b80-11f0-b810-005056bde474,false,false
Номенклатура — исходный каталог,raw.catalog_номенклатура,22d07634-9c53-11eb-9c33-00505689ff45,00-00003238,Картофель первичное сырье,,d5f1fbeb-094b-11f0-b80e-005056bde474,true,false
Номенклатура — исходный каталог,raw.catalog_номенклатура,477e94ee-ecd1-11f0-b81e-005056bde474,00-00013332,Картофель прямая отгрузка с поля,,d5f1fbeb-094b-11f0-b80e-005056bde474,true,false
Номенклатура — исходный каталог,raw.catalog_номенклатура,46b14397-1acd-11ec-9c3a-00505689ff45,АК-00005081,Картофель сетка фасов.5000г (Вега),Картофель сетка фасов.5000г,03e63608-4b80-11f0-b810-005056bde474,false,false
Номенклатура — исходный каталог,raw.catalog_номенклатура,4d032f08-3628-11eb-e19b-fa163e0d31f7,БП-00003363,Картофель сетка фасов.5000г (Гала),Картофель сетка фасов.5000г,03e63608-4b80-11f0-b810-005056bde474,false,false
Номенклатура — исходный каталог,raw.catalog_номенклатура,0aedc3b2-3628-11eb-e19b-fa163e0d31f7,БП-00003361,Картофель сирень 1500г (Северное сияние),Картофель сирень 1500г,03e63608-4b80-11f0-b810-005056bde474,false,false
Номенклатура — исходный каталог,raw.catalog_номенклатура,b02ce145-165e-11ee-9c4e-00505689ff45,00-00008253,Картофель сорт ''Аметист''(РС1) 2 023 без полива,Картофель сорт ''Аметист'',c8d254cc-0975-11f0-b80e-005056bde474,false,false
Номенклатура — исходный каталог,raw.catalog_номенклатура,81f4a745-3b5d-11ee-9c4e-00505689ff45,00-00008507,Картофель сорт ''Аметист''(РС1) 2 023 полив,Картофель сорт ''Аметист'',c8d254cc-0975-11f0-b80e-005056bde474,false,false
Номенклатура — исходный каталог,raw.catalog_номенклатура,7eb8f6e8-f009-11ed-9c4e-00505689ff45,00-00007935,Картофель сорт ''Балтик Роуз''(РС2) 2 023 без полива,Картофель сорт ''Балтик Роуз'',c8d254cc-0975-11f0-b80e-005056bde474,false,false
Номенклатура — исходный каталог,raw.catalog_номенклатура,07686f0c-32bc-11ee-9c4e-00505689ff45,00-00008397,Картофель сорт ''Балтик Роуз''(РС2) 2 023 полив,Картофель сорт ''Балтик Роуз'',c8d254cc-0975-11f0-b80e-005056bde474,false,false
Номенклатура — исходный каталог,raw.catalog_номенклатура,03df2247-1717-11ee-9c4e-00505689ff45,00-00008275,Картофель сорт ''Балтик Роуз''(РС2+) 2 023 без полива,Картофель сорт ''Балтик Роуз'',c8d254cc-0975-11f0-b80e-005056bde474,false,false
Номенклатура — исходный каталог,raw.catalog_номенклатура,d850b79c-3b5d-11ee-9c4e-00505689ff45,00-00008508,Картофель сорт ''Балтик Роуз''(РС2+) 2 023 полив,Картофель сорт ''Балтик Роуз'',c8d254cc-0975-11f0-b80e-005056bde474,false,false
Номенклатура — исходный каталог,raw.catalog_номенклатура,0aca9793-16b9-11ee-9c4e-00505689ff45,00-00008261,Картофель сорт ''Балтик Роуз''(РС2_) 2 023 полив,Картофель сорт ''Балтик Роуз'',c8d254cc-0975-11f0-b80e-005056bde474,false,false
Номенклатура — исходный каталог,raw.catalog_номенклатура,565bab33-171e-11ee-9c4e-00505689ff45,00-00008278,Картофель сорт ''Балтик Роуз''(РС2_+) 2 023 без полива,Картофель сорт ''Балтик Роуз'',c8d254cc-0975-11f0-b80e-005056bde474,false,false
Номенклатура — исходный каталог,raw.catalog_номенклатура,fd1cd8f1-3b5d-11ee-9c4e-00505689ff45,00-00008509,Картофель сорт ''Балтик Роуз''(РС2_+) 2 023 полив,Картофель сорт ''Балтик Роуз'',c8d254cc-0975-11f0-b80e-005056bde474,false,false
Номенклатура — исходный каталог,raw.catalog_номенклатура,c303f53a-173c-11ee-9c4e-00505689ff45,00-00008279,Картофель сорт ''Балтик Роуз''(РС3) 2 023 без полива,Картофель сорт ''Балтик Роуз'',c8d254cc-0975-11f0-b80e-005056bde474,false,false
Номенклатура — исходный каталог,raw.catalog_номенклатура,36c5854c-3b5e-11ee-9c4e-00505689ff45,00-00008510,Картофель сорт ''Балтик Роуз''(РС3) 2 023 полив,Картофель сорт ''Балтик Роуз'',c8d254cc-0975-11f0-b80e-005056bde474,false,false
Номенклатура — исходный каталог,raw.catalog_номенклатура,0a450e05-2407-11ef-9c58-00505689ff45,00-00010634,Картофель сорт ''Балтик Роуз''(РС3) 2 024 ,Картофель сорт ''Балтик Роуз'',b851025b-0975-11f0-b80e-005056bde474,false,false
Номенклатура — исходный каталог,raw.catalog_номенклатура,436ec15b-1076-11ee-9c4e-00505689ff45,00-00008226,Картофель сорт ''Вега''(РС1) 2 023 без полива,Картофель сорт ''Вега'',c8d254cc-0975-11f0-b80e-005056bde474,false,false
Номенклатура — исходный каталог,raw.catalog_номенклатура,e06289e3-3b5f-11ee-9c4e-00505689ff45,00-00008522,Картофель сорт ''Вега''(РС1) 2 023 полив,Картофель сорт ''Вега'',c8d254cc-0975-11f0-b80e-005056bde474,false,false
Номенклатура — исходный каталог,raw.catalog_номенклатура,a17ec7e8-23e7-11ef-9c58-00505689ff45,00-00010627,Картофель сорт ''Вега''(РС2) 2 024 ,Картофель сорт ''Вега'',b851025b-0975-11f0-b80e-005056bde474,false,false
Номенклатура — исходный каталог,raw.catalog_номенклатура,3c29ab83-23fa-11ef-9c58-00505689ff45,00-00010633,Картофель сорт ''Вега''(РС2+) 2 024 ,Картофель сорт ''Вега'',b851025b-0975-11f0-b80e-005056bde474,false,false
Номенклатура — исходный каталог,raw.catalog_номенклатура,a4a7fe0b-23f4-11ef-9c58-00505689ff45,00-00010628,Картофель сорт ''Вега''(РС2_) 2 024 ,Картофель сорт ''Вега'',b851025b-0975-11f0-b80e-005056bde474,false,false
Номенклатура — исходный каталог,raw.catalog_номенклатура,2bc7876b-23f5-11ef-9c58-00505689ff45,00-00010629,Картофель сорт ''Вега''(РС2_+) 2 024 ,Картофель сорт ''Вега'',b851025b-0975-11f0-b80e-005056bde474,false,false
Номенклатура — исходный каталог,raw.catalog_номенклатура,598c1d89-2411-11ef-9c58-00505689ff45,00-00010641,Картофель сорт ''Вега''(РС2_++) 2 024 ,Картофель сорт ''Вега'',b851025b-0975-11f0-b80e-005056bde474,false,false
Номенклатура — исходный каталог,raw.catalog_номенклатура,248c2d9f-16c7-11ee-9c4e-00505689ff45,00-00008266,Картофель сорт ''Вега''(РС3) 2 023 без полива,Картофель сорт ''Вега'',c8d254cc-0975-11f0-b80e-005056bde474,false,false
Номенклатура — исходный каталог,raw.catalog_номенклатура,ebd961c9-3b5e-11ee-9c4e-00505689ff45,00-00008514,Картофель сорт ''Вега''(РС3) 2 023 полив,Картофель сорт ''Вега'',c8d254cc-0975-11f0-b80e-005056bde474,false,false
Номенклатура — исходный каталог,raw.catalog_номенклатура,25ce4c2e-16c8-11ee-9c4e-00505689ff45,00-00008268,Картофель сорт ''Вега''(РС3++) 2 023 без полива,Картофель сорт ''Вега'',c8d254cc-0975-11f0-b80e-005056bde474,false,false
Номенклатура — исходный каталог,raw.catalog_номенклатура,59198273-3b5f-11ee-9c4e-00505689ff45,00-00008518,Картофель сорт ''Вега''(РС3++) 2 023 полив,Картофель сорт ''Вега'',c8d254cc-0975-11f0-b80e-005056bde474,false,false
Номенклатура — исходный каталог,raw.catalog_номенклатура,99f05c39-16cd-11ee-9c4e-00505689ff45,00-00008274,Картофель сорт ''Вега''(РС3++_) 2 023 без полива,Картофель сорт ''Вега'',c8d254cc-0975-11f0-b80e-005056bde474,false,false
Номенклатура — исходный каталог,raw.catalog_номенклатура,b5066777-3b5e-11ee-9c4e-00505689ff45,00-00008513,Картофель сорт ''Вега''(РС3++_) 2 023 полив,Картофель сорт ''Вега'',c8d254cc-0975-11f0-b80e-005056bde474,false,false
Номенклатура — исходный каталог,raw.catalog_номенклатура,d6637f1e-16c8-11ee-9c4e-00505689ff45,00-00008269,Картофель сорт ''Вега''(РС3+_) 2 023 без полива,Картофель сорт ''Вега'',c8d254cc-0975-11f0-b80e-005056bde474,false,false
Номенклатура — исходный каталог,raw.catalog_номенклатура,743bbeda-3b5f-11ee-9c4e-00505689ff45,00-00008519,Картофель сорт ''Вега''(РС3+_) 2 023 полив,Картофель сорт ''Вега'',c8d254cc-0975-11f0-b80e-005056bde474,false,false
Номенклатура — исходный каталог,raw.catalog_номенклатура,64cb4081-16c4-11ee-9c4e-00505689ff45,00-00008264,Картофель сорт ''Вега''(РС3+о) 2 023 без полива,Картофель сорт ''Вега'',c8d254cc-0975-11f0-b80e-005056bde474,false,false
Номенклатура — исходный каталог,raw.catalog_номенклатура,0920492a-3b5f-11ee-9c4e-00505689ff45,00-00008515,Картофель сорт ''Вега''(РС3+о) 2 023 полив,Картофель сорт ''Вега'',c8d254cc-0975-11f0-b80e-005056bde474,false,false
Номенклатура — исходный каталог,raw.catalog_номенклатура,9e1aa485-f4bb-11ed-9c4e-00505689ff45,00-00008017,Картофель сорт ''Вега''(РС3_) 2 023 без полива,Картофель сорт ''Вега'',c8d254cc-0975-11f0-b80e-005056bde474,false,false
Номенклатура — исходный каталог,raw.catalog_номенклатура,5285b7c5-3b5e-11ee-9c4e-00505689ff45,00-00008511,Картофель сорт ''Вега''(РС3_) 2 023 полив,Картофель сорт ''Вега'',c8d254cc-0975-11f0-b80e-005056bde474,false,false
Номенклатура — исходный каталог,raw.catalog_номенклатура,93f9aa36-16c7-11ee-9c4e-00505689ff45,00-00008267,Картофель сорт ''Вега''(РС3_+) 2 023 без полива,Картофель сорт ''Вега'',c8d254cc-0975-11f0-b80e-005056bde474,false,false
Номенклатура — исходный каталог,raw.catalog_номенклатура,3e1fba92-3b5f-11ee-9c4e-00505689ff45,00-00008517,Картофель сорт ''Вега''(РС3_+) 2 023 полив,Картофель сорт ''Вега'',c8d254cc-0975-11f0-b80e-005056bde474,false,false
Номенклатура — исходный каталог,raw.catalog_номенклатура,088a6044-16c0-11ee-9c4e-00505689ff45,00-00008263,Картофель сорт ''Вега''(РС3_+оп) 2 023 без полива,Картофель сорт ''Вега'',c8d254cc-0975-11f0-b80e-005056bde474,false,false
Номенклатура — исходный каталог,raw.catalog_номенклатура,c672c1d7-3b5f-11ee-9c4e-00505689ff45,00-00008521,Картофель сорт ''Вега''(РС3_+оп) 2 023 полив,Картофель сорт ''Вега'',c8d254cc-0975-11f0-b80e-005056bde474,false,false
Номенклатура — исходный каталог,raw.catalog_номенклатура,454a0ccd-16cd-11ee-9c4e-00505689ff45,00-00008273,Картофель сорт ''Вега''(РС3_-) 2 023 без полива,Картофель сорт ''Вега'',c8d254cc-0975-11f0-b80e-005056bde474,false,false
Номенклатура — исходный каталог,raw.catalog_номенклатура,961e5089-3b5e-11ee-9c4e-00505689ff45,00-00008512,Картофель сорт ''Вега''(РС3_-) 2 023 полив,Картофель сорт ''Вега'',c8d254cc-0975-11f0-b80e-005056bde474,false,false
Номенклатура — исходный каталог,raw.catalog_номенклатура,c8f867f6-16c4-11ee-9c4e-00505689ff45,00-00008265,Картофель сорт ''Вега''(РС3_о) 2 023 без полива,Картофель сорт ''Вега'',c8d254cc-0975-11f0-b80e-005056bde474,false,false
Номенклатура — исходный каталог,raw.catalog_номенклатура,8b46038d-3b5f-11ee-9c4e-00505689ff45,00-00008520,Картофель сорт ''Вега''(РС3_о) 2 023 полив,Картофель сорт ''Вега'',c8d254cc-0975-11f0-b80e-005056bde474,false,false
Номенклатура — исходный каталог,raw.catalog_номенклатура,2291a160-16bf-11ee-9c4e-00505689ff45,00-00008262,Картофель сорт ''Вега''(РС3_оп) 2 023 без полива,Картофель сорт ''Вега'',c8d254cc-0975-11f0-b80e-005056bde474,false,false
Номенклатура — исходный каталог,raw.catalog_номенклатура,256c15b7-3b5f-11ee-9c4e-00505689ff45,00-00008516,Картофель сорт ''Вега''(РС3_оп) 2 023 полив,Картофель сорт ''Вега'',c8d254cc-0975-11f0-b80e-005056bde474,false,false
Номенклатура — исходный каталог,raw.catalog_номенклатура,c2de052b-f4c8-11ed-9c4e-00505689ff45,00-00008024,Картофель сорт ''Вэнди''(РС1) 2 023 без полива,Картофель сорт ''Вэнди'',c8d254cc-0975-11f0-b80e-005056bde474,false,false
Номенклатура — исходный каталог,raw.catalog_номенклатура,ec9f56b8-3b61-11ee-9c4e-00505689ff45,00-00008527,Картофель сорт ''Вэнди''(РС1) 2 023 полив,Картофель сорт ''Вэнди'',c8d254cc-0975-11f0-b80e-005056bde474,false,false
Номенклатура — исходный каталог,raw.catalog_номенклатура,585f5990-f4c7-11ed-9c4e-00505689ff45,00-00008022,Картофель сорт ''Вэнди''(РС2) 2 023 полив,Картофель сорт ''Вэнди'',c8d254cc-0975-11f0-b80e-005056bde474,false,false
Номенклатура — исходный каталог,raw.catalog_номенклатура,494bf712-23f8-11ef-9c58-00505689ff45,00-00010630,Картофель сорт ''Вэнди''(РС2) 2 024 ,Картофель сорт ''Вэнди'',b851025b-0975-11f0-b80e-005056bde474,false,false
Номенклатура — исходный каталог,raw.catalog_номенклатура,072d967f-23f9-11ef-9c58-00505689ff45,00-00010631,Картофель сорт ''Вэнди''(РС2_) 2 024 ,Картофель сорт ''Вэнди'',b851025b-0975-11f0-b80e-005056bde474,false,false
Номенклатура — исходный каталог,raw.catalog_номенклатура,2e4cffec-16cc-11ee-9c4e-00505689ff45,00-00008271,Картофель сорт ''Вэнди''(РС4) 2 023 без полива,Картофель сорт ''Вэнди'',c8d254cc-0975-11f0-b80e-005056bde474,false,false
Номенклатура — исходный каталог,raw.catalog_номенклатура,fcf53e78-3b5f-11ee-9c4e-00505689ff45,00-00008523,Картофель сорт ''Вэнди''(РС4) 2 023 полив,Картофель сорт ''Вэнди'',c8d254cc-0975-11f0-b80e-005056bde474,false,false
Номенклатура — исходный каталог,raw.catalog_номенклатура,a399a1ad-16cc-11ee-9c4e-00505689ff45,00-00008272,Картофель сорт ''Вэнди''(РС4+) 2 023 без полива,Картофель сорт ''Вэнди'',c8d254cc-0975-11f0-b80e-005056bde474,false,false
Номенклатура — исходный каталог,raw.catalog_номенклатура,d0f9f10a-3b61-11ee-9c4e-00505689ff45,00-00008526,Картофель сорт ''Вэнди''(РС4+) 2 023 полив,Картофель сорт ''Вэнди'',c8d254cc-0975-11f0-b80e-005056bde474,false,false
Номенклатура — исходный каталог,raw.catalog_номенклатура,b349750c-107e-11ee-9c4e-00505689ff45,00-00008227,Картофель сорт ''Вэнди''(РС4_) 2 023 без полива,Картофель сорт ''Вэнди'',c8d254cc-0975-11f0-b80e-005056bde474,false,false
Номенклатура — исходный каталог,raw.catalog_номенклатура,1510bcdd-3b60-11ee-9c4e-00505689ff45,00-00008524,Картофель сорт ''Вэнди''(РС4_) 2 023 полив,Картофель сорт ''Вэнди'',c8d254cc-0975-11f0-b80e-005056bde474,false,false
Номенклатура — исходный каталог,raw.catalog_номенклатура,c008d185-16cb-11ee-9c4e-00505689ff45,00-00008270,Картофель сорт ''Вэнди''(РС4_+) 2 023 без полива,Картофель сорт ''Вэнди'',c8d254cc-0975-11f0-b80e-005056bde474,false,false
Номенклатура — исходный каталог,raw.catalog_номенклатура,2f71c581-3b60-11ee-9c4e-00505689ff45,00-00008525,Картофель сорт ''Вэнди''(РС4_+) 2 023 полив,Картофель сорт ''Вэнди'',c8d254cc-0975-11f0-b80e-005056bde474,false,false
Номенклатура — исходный каталог,raw.catalog_номенклатура,430a1245-f4c8-11ed-9c4e-00505689ff45,00-00008023,Картофель сорт ''Гала''(РС1) 2 023 без полива,Картофель сорт ''Гала'',c8d254cc-0975-11f0-b80e-005056bde474,false,false
Номенклатура — исходный каталог,raw.catalog_номенклатура,9dfeb5b1-3b62-11ee-9c4e-00505689ff45,00-00008536,Картофель сорт ''Гала''(РС1) 2 023 полив,Картофель сорт ''Гала'',c8d254cc-0975-11f0-b80e-005056bde474,false,false
Номенклатура — исходный каталог,raw.catalog_номенклатура,c11620f2-f4c0-11ed-9c4e-00505689ff45,00-00008019,Картофель сорт ''Гала''(РС2) 2 023 без полива,Картофель сорт ''Гала'',c8d254cc-0975-11f0-b80e-005056bde474,false,false
Номенклатура — исходный каталог,raw.catalog_номенклатура,096a55cb-3b62-11ee-9c4e-00505689ff45,00-00008528,Картофель сорт ''Гала''(РС2) 2 023 полив,Картофель сорт ''Гала'',c8d254cc-0975-11f0-b80e-005056bde474,false,false
Номенклатура — исходный каталог,raw.catalog_номенклатура,fa8ecb4e-2407-11ef-9c58-00505689ff45,00-00010636,Картофель сорт ''Гала''(РС2) 2 024 ,Картофель сорт ''Гала'',b851025b-0975-11f0-b80e-005056bde474,false,false
Номенклатура — исходный каталог,raw.catalog_номенклатура,a7d5ce1d-2410-11ef-9c58-00505689ff45,00-00010639,Картофель сорт ''Гала''(РС2+) 2 024 ,Картофель сорт ''Гала'',b851025b-0975-11f0-b80e-005056bde474,false,false
Номенклатура — исходный каталог,raw.catalog_номенклатура,4c14719e-16a9-11ee-9c4e-00505689ff45,00-00008256,Картофель сорт ''Гала''(РС2_) 2 023 без полива,Картофель сорт ''Гала'',c8d254cc-0975-11f0-b80e-005056bde474,false,false
Номенклатура — исходный каталог,raw.catalog_номенклатура,1b6b27f3-3b62-11ee-9c4e-00505689ff45,00-00008529,Картофель сорт ''Гала''(РС2_) 2 023 полив,Картофель сорт ''Гала'',c8d254cc-0975-11f0-b80e-005056bde474,false,false
Номенклатура — исходный каталог,raw.catalog_номенклатура,401187c2-240f-11ef-9c58-00505689ff45,00-00010637,Картофель сорт ''Гала''(РС2_) 2 024 ,Картофель сорт ''Гала'',b851025b-0975-11f0-b80e-005056bde474,false,false
Номенклатура — исходный каталог,raw.catalog_номенклатура,297683c0-16ac-11ee-9c4e-00505689ff45,00-00008258,Картофель сорт ''Гала''(РС2_+) 2 023 без полива,Картофель сорт ''Гала'',c8d254cc-0975-11f0-b80e-005056bde474,false,false
Номенклатура — исходный каталог,raw.catalog_номенклатура,2e4181a4-3b62-11ee-9c4e-00505689ff45,00-00008530,Картофель сорт ''Гала''(РС2_+) 2 023 полив,Картофель сорт ''Гала'',c8d254cc-0975-11f0-b80e-005056bde474,false,false
Номенклатура — исходный каталог,raw.catalog_номенклатура,96e51856-240f-11ef-9c58-00505689ff45,00-00010638,Картофель сорт ''Гала''(РС2_+) 2 024 ,Картофель сорт ''Гала'',b851025b-0975-11f0-b80e-005056bde474,false,false
Номенклатура — исходный каталог,raw.catalog_номенклатура,faaa2ed8-2410-11ef-9c58-00505689ff45,00-00010640,Картофель сорт ''Гала''(РС2_++) 2 024 ,Картофель сорт ''Гала'',b851025b-0975-11f0-b80e-005056bde474,false,false
Номенклатура — исходный каталог,raw.catalog_номенклатура,d2743246-f4bf-11ed-9c4e-00505689ff45,00-00008018,Картофель сорт ''Гала''(РС3) 2 023 без полива,Картофель сорт ''Гала'',c8d254cc-0975-11f0-b80e-005056bde474,false,false
Номенклатура — исходный каталог,raw.catalog_номенклатура,414acded-3b62-11ee-9c4e-00505689ff45,00-00008531,Картофель сорт ''Гала''(РС3) 2 023 полив,Картофель сорт ''Гала'',c8d254cc-0975-11f0-b80e-005056bde474,false,false
Номенклатура — исходный каталог,raw.catalog_номенклатура,8dc31c43-23f9-11ef-9c58-00505689ff45,00-00010632,Картофель сорт ''Гала''(РС3) 2 024 ,Картофель сорт ''Гала'',b851025b-0975-11f0-b80e-005056bde474,false,false
Номенклатура — исходный каталог,raw.catalog_номенклатура,90e1bcd6-16ad-11ee-9c4e-00505689ff45,00-00008259,Картофель сорт ''Гала''(РС3+) 2 023 без полива,Картофель сорт ''Гала'',c8d254cc-0975-11f0-b80e-005056bde474,false,false
Номенклатура — исходный каталог,raw.catalog_номенклатура,8b78b4bf-3b62-11ee-9c4e-00505689ff45,00-00008535,Картофель сорт ''Гала''(РС3+) 2 023 полив,Картофель сорт ''Гала'',c8d254cc-0975-11f0-b80e-005056bde474,false,false
Номенклатура — исходный каталог,raw.catalog_номенклатура,1c7c2b03-1660-11ee-9c4e-00505689ff45,00-00008254,Картофель сорт ''Гала''(РС3_) 2 023 без полива,Картофель сорт ''Гала'',c8d254cc-0975-11f0-b80e-005056bde474,false,false
Номенклатура — исходный каталог,raw.catalog_номенклатура,50c3df5e-3b62-11ee-9c4e-00505689ff45,00-00008532,Картофель сорт ''Гала''(РС3_) 2 023 полив,Картофель сорт ''Гала'',c8d254cc-0975-11f0-b80e-005056bde474,false,false
Номенклатура — исходный каталог,raw.catalog_номенклатура,25229550-169a-11ee-9c4e-00505689ff45,00-00008255,Картофель сорт ''Гала''(РС3_+) 2 023 без полива,Картофель сорт ''Гала'',c8d254cc-0975-11f0-b80e-005056bde474,false,false
Номенклатура — исходный каталог,raw.catalog_номенклатура,48f59091-16ab-11ee-9c4e-00505689ff45,00-00008257,Картофель сорт ''Гала''(РС3_++) 2 023 без полива,Картофель сорт ''Гала'',c8d254cc-0975-11f0-b80e-005056bde474,false,false
Номенклатура — исходный каталог,raw.catalog_номенклатура,6a65bfa7-3b62-11ee-9c4e-00505689ff45,00-00008533,Картофель сорт ''Гала''(РС3_++) 2 023 полив,Картофель сорт ''Гала'',c8d254cc-0975-11f0-b80e-005056bde474,false,false
Номенклатура — исходный каталог,raw.catalog_номенклатура,7b2d6581-16b1-11ee-9c4e-00505689ff45,00-00008260,Картофель сорт ''Гала''(РС3_оп) 2 023 без полива,Картофель сорт ''Гала'',c8d254cc-0975-11f0-b80e-005056bde474,false,false
Номенклатура — исходный каталог,raw.catalog_номенклатура,76b91b30-3b62-11ee-9c4e-00505689ff45,00-00008534,Картофель сорт ''Гала''(РС3_оп) 2 023 полив,Картофель сорт ''Гала'',c8d254cc-0975-11f0-b80e-005056bde474,false,false
Номенклатура — исходный каталог,raw.catalog_номенклатура,762e2dd0-f4ca-11ed-9c4e-00505689ff45,00-00008027,Картофель сорт ''Индиго''(РС3) 2 023 без полива,Картофель сорт ''Индиго'',c8d254cc-0975-11f0-b80e-005056bde474,false,false
Номенклатура — исходный каталог,raw.catalog_номенклатура,b2258965-3b62-11ee-9c4e-00505689ff45,00-00008537,Картофель сорт ''Индиго''(РС3) 2 023 полив,Картофель сорт ''Индиго'',c8d254cc-0975-11f0-b80e-005056bde474,false,false
Номенклатура — исходный каталог,raw.catalog_номенклатура,752238cc-f4c5-11ed-9c4e-00505689ff45,00-00008020,Картофель сорт ''Кармен''(РС2) 2 023 без полива,Картофель сорт ''Кармен'',c8d254cc-0975-11f0-b80e-005056bde474,false,false
Номенклатура — исходный каталог,raw.catalog_номенклатура,0b015c27-3b63-11ee-9c4e-00505689ff45,00-00008542,Картофель сорт ''Кармен''(РС2) 2 023 полив,Картофель сорт ''Кармен'',c8d254cc-0975-11f0-b80e-005056bde474,false,false
Номенклатура — исходный каталог,raw.catalog_номенклатура,d8e47bcb-f49c-11ed-9c4e-00505689ff45,00-00008015,Картофель сорт ''Коломба''(РС1) 2 023 без полива,Картофель сорт ''Коломба'',c8d254cc-0975-11f0-b80e-005056bde474,false,false
Номенклатура — исходный каталог,raw.catalog_номенклатура,f76113ff-3b62-11ee-9c4e-00505689ff45,00-00008541,Картофель сорт ''Коломба''(РС1) 2 023 полив,Картофель сорт ''Коломба'',c8d254cc-0975-11f0-b80e-005056bde474,false,false
Номенклатура — исходный каталог,raw.catalog_номенклатура,d664b77a-f4c9-11ed-9c4e-00505689ff45,00-00008026,Картофель сорт ''Коломба''(РС2) 2 023 без полива,Картофель сорт ''Коломба'',c8d254cc-0975-11f0-b80e-005056bde474,false,false
Номенклатура — исходный каталог,raw.catalog_номенклатура,c40dbf50-3b62-11ee-9c4e-00505689ff45,00-00008538,Картофель сорт ''Коломба''(РС2) 2 023 полив,Картофель сорт ''Коломба'',c8d254cc-0975-11f0-b80e-005056bde474,false,false
Номенклатура — исходный каталог,raw.catalog_номенклатура,ccbaefea-171d-11ee-9c4e-00505689ff45,00-00008277,Картофель сорт ''Коломба''(РС2+) 2 023 без полива,Картофель сорт ''Коломба'',c8d254cc-0975-11f0-b80e-005056bde474,false,false
Номенклатура — исходный каталог,raw.catalog_номенклатура,e6cb32d4-3b62-11ee-9c4e-00505689ff45,00-00008540,Картофель сорт ''Коломба''(РС2+) 2 023 полив,Картофель сорт ''Коломба'',c8d254cc-0975-11f0-b80e-005056bde474,false,false
Номенклатура — исходный каталог,raw.catalog_номенклатура,4a0a49ce-171d-11ee-9c4e-00505689ff45,00-00008276,Картофель сорт ''Коломба''(РС2_) 2 023 без полива,Картофель сорт ''Коломба'',c8d254cc-0975-11f0-b80e-005056bde474,false,false
Номенклатура — исходный каталог,raw.catalog_номенклатура,cfe8debd-3b62-11ee-9c4e-00505689ff45,00-00008539,Картофель сорт ''Коломба''(РС2_) 2 023 полив,Картофель сорт ''Коломба'',c8d254cc-0975-11f0-b80e-005056bde474,false,false
Номенклатура — исходный каталог,raw.catalog_номенклатура,045e0b44-f4c7-11ed-9c4e-00505689ff45,00-00008021,Картофель сорт ''Мадейра''(РС2) 2 023 без полива,Картофель сорт ''Мадейра'',c8d254cc-0975-11f0-b80e-005056bde474,false,false
Номенклатура — исходный каталог,raw.catalog_номенклатура,1f4e6ec3-3b63-11ee-9c4e-00505689ff45,00-00008543,Картофель сорт ''Мадейра''(РС2) 2 023 полив,Картофель сорт ''Мадейра'',c8d254cc-0975-11f0-b80e-005056bde474,false,false
Номенклатура — исходный каталог,raw.catalog_номенклатура,d66d5048-f4ca-11ed-9c4e-00505689ff45,00-00008028,Картофель сорт ''Северное сияние''(РС3) 2 023 без полива,Картофель сорт ''Северное сияние'',c8d254cc-0975-11f0-b80e-005056bde474,false,false
Номенклатура — исходный каталог,raw.catalog_номенклатура,313d1860-3b63-11ee-9c4e-00505689ff45,00-00008544,Картофель сорт ''Северное сияние''(РС3) 2 023 полив,Картофель сорт ''Северное сияние'',c8d254cc-0975-11f0-b80e-005056bde474,false,false
Номенклатура — исходный каталог,raw.catalog_номенклатура,69d5114c-f4c9-11ed-9c4e-00505689ff45,00-00008025,Картофель сорт ''Фламинго''(РС1) 2 023 без полива,Картофель сорт ''Фламинго'',c8d254cc-0975-11f0-b80e-005056bde474,false,false
Номенклатура — исходный каталог,raw.catalog_номенклатура,43149341-3b63-11ee-9c4e-00505689ff45,00-00008545,Картофель сорт ''Фламинго''(РС1) 2 023 полив,Картофель сорт ''Фламинго'',c8d254cc-0975-11f0-b80e-005056bde474,false,false
Номенклатура — исходный каталог,raw.catalog_номенклатура,932c5b2a-7044-11ef-9c5d-00505689ff45,00-00011030,Картофель сорт ''Фламинго''(РС2)  полив,Картофель сорт ''Фламинго'',03e63608-4b80-11f0-b810-005056bde474,false,false
Номенклатура — исходный каталог,raw.catalog_номенклатура,6b05bcf6-2407-11ef-9c58-00505689ff45,00-00010635,Картофель сорт ''Фламинго''(РС2) 2 024 ,Картофель сорт ''Фламинго'',b851025b-0975-11f0-b80e-005056bde474,false,false
Номенклатура — исходный каталог,raw.catalog_номенклатура,9f5c070c-6157-11eb-9c2d-0050560417d5,00-00002815,Картофель цветной,,f487012f-6156-11eb-9c2d-0050560417d5,true,false
Номенклатура — исходный каталог,raw.catalog_номенклатура,b019a937-0975-11f0-b80e-005056bde474,00-00011805,Картофель. Урожай с поля.,,dece0a1b-094b-11f0-b80e-005056bde474,true,false
Номенклатура — исходный каталог,raw.catalog_номенклатура,e332480c-c4df-11ea-9291-fa163ee5d2f9,БП-00002860,Картридж турбины,Картридж турбины,9b060c03-71d9-11e7-85a2-d43d7eec442d,false,false
Номенклатура — исходный каталог,raw.catalog_номенклатура,5c30541e-33db-11eb-0e8a-fa163e0d31f7,БП-00003278,Картридж фильтра воздушного D66X62мм  LB50/75,Картридж фильтра воздушного D66X62мм  LB50/75,9b060c03-71d9-11e7-85a2-d43d7eec442d,false,false
Номенклатура — исходный каталог,raw.catalog_номенклатура,82a69bd0-f7bf-11f0-b81e-005056bde474,00-00013603,Категорирование помещений по взрывопожарной и пожарной опасности,Категорирование помещений по взрывопожарной и пожарной опасности,9b060c58-71d9-11e7-85a2-d43d7eec442d,false,false
Номенклатура — исходный каталог,raw.catalog_номенклатура,2ccac2f2-2a78-11eb-259f-fa163e0d31f7,БП-00003209,Каток гидравлический гребнеупл.4ХШМ75,Каток гидравлический гребнеупл.4ХШМ75,de1714af-8a12-11e7-af1d-30f7727a492e,false,false
Номенклатура — исходный каталог,raw.catalog_номенклатура,5479b65d-f355-11eb-9c3a-00505689ff45,АК-00003316,Кафом PKCa 20.5.5,Кафом PKCa 20.5.5 ,4d72fc7e-531d-11f0-b811-005056bde474,false,false
Номенклатура — исходный каталог,raw.catalog_номенклатура,d2bcb89f-f524-11eb-9c3a-00505689ff45,АК-00003559,Квадрис Инсектицид,Квадрис Инсектицид,2eaeac4d-5322-11f0-b811-005056bde474,false,false
Номенклатура — исходный каталог,raw.catalog_номенклатура,d2bcb8a0-f524-11eb-9c3a-00505689ff45,АК-00003560,Квестор Инсектицид,Квестор Инсектицид,668204c4-5324-11f0-b811-005056bde474,false,false
Номенклатура — исходный каталог,raw.catalog_номенклатура,ff2e8d0c-ffbf-11ed-9c4e-00505689ff45,00-00008078,Квик Линк водорастворимое удобрение,Квик Линк водорастворимое удобрение,e1243393-532a-11f0-b811-005056bde474,false,false
Номенклатура — исходный каталог,raw.catalog_номенклатура,12a9d83d-f2dc-11eb-9c3a-00505689ff45,АК-00003296,"Квикстеп, МКЭ Гербицид ","Квикстеп, МКЭ Гербицид ",5e0b1519-531c-11f0-b811-005056bde474,false,false
Номенклатура — исходный каталог,raw.catalog_номенклатура,9b060c42-71d9-11e7-85a2-d43d7eec442d,00000158   ,"Керамзит (0,04 м3)","Керамзит (0,04 м3)",5a3c0c16-097d-11f0-b80e-005056bde474,false,false
Номенклатура — исходный каталог,raw.catalog_номенклатура,5af6c669-3d8f-11f1-b821-005056bde474,00-00014096,Керосин,,9088ee9f-75dc-11e7-af18-30f7727a492e,true,false
Номенклатура — исходный каталог,raw.catalog_номенклатура,2d1245ce-c27b-11ea-7580-fa163ee5d2f9,БП-00002848,Керосин ТС-1,Керосин ТС-1,9088eeaa-75dc-11e7-af18-30f7727a492e,false,false
Номенклатура — исходный каталог,raw.catalog_номенклатура,d2bcb8a1-f524-11eb-9c3a-00505689ff45,АК-00003561,Кинг Комби 178-01-1763-0 Инсектицид,Кинг Комби 178-01-1763-0 Инсектицид,668204c4-5324-11f0-b811-005056bde474,false,false
Номенклатура — исходный каталог,raw.catalog_номенклатура,d2bcb8a2-f524-11eb-9c3a-00505689ff45,АК-00003562,Кинг Комби 178-02-1757-0 Инсектицид,Кинг Комби 178-02-1757-0 Инсектицид,668204c4-5324-11f0-b811-005056bde474,false,false
Номенклатура — исходный каталог,raw.catalog_номенклатура,d2bcb8a3-f524-11eb-9c3a-00505689ff45,АК-00003563,Кинмикс Инсектицид,Кинмикс Инсектицид,f9d67774-531d-11f0-b811-005056bde474,false,false
Номенклатура — исходный каталог,raw.catalog_номенклатура,d2bcb8a4-f524-11eb-9c3a-00505689ff45,АК-00003564,Кинто Дуо Инсектицид,Кинто Дуо Инсектицид,668204c4-5324-11f0-b811-005056bde474,false,false
Номенклатура — исходный каталог,raw.catalog_номенклатура,d2bcb8a5-f524-11eb-9c3a-00505689ff45,АК-00003565,Кинфос Инсектицид,Кинфос Инсектицид,f9d67774-531d-11f0-b811-005056bde474,false,false
Номенклатура — исходный каталог,raw.catalog_номенклатура,d2bcb8a6-f524-11eb-9c3a-00505689ff45,АК-00003566,Клад Инсектицид,Клад Инсектицид,668204c4-5324-11f0-b811-005056bde474,false,false
Номенклатура — исходный каталог,raw.catalog_номенклатура,f77f3fdc-9887-11eb-9b81-fa163e0d31f7,БП-00003838,Клапан EGR,Клапан EGR,9b060c03-71d9-11e7-85a2-d43d7eec442d,false,false
Номенклатура — исходный каталог,raw.catalog_номенклатура,bfef60c2-9889-11eb-9b81-fa163e0d31f7,БП-00003843,Клапан V5/2 (М) ЕВ80,Клапан V5/2 (М) ЕВ80,9b060c03-71d9-11e7-85a2-d43d7eec442d,false,false
Номенклатура — исходный каталог,raw.catalog_номенклатура,d2bcb8a7-f524-11eb-9c3a-00505689ff45,АК-00003567,Клонрин Инсектицид,Клонрин Инсектицид,f9d67774-531d-11f0-b811-005056bde474,false,false
Номенклатура — исходный каталог,raw.catalog_номенклатура,d2bcb8aa-f524-11eb-9c3a-00505689ff45,АК-00003570,Клотиамет Дуо Инсектицид,Клотиамет Дуо Инсектицид,f9d67774-531d-11f0-b811-005056bde474,false,false
Номенклатура — исходный каталог,raw.catalog_номенклатура,d2bcb8a8-f524-11eb-9c3a-00505689ff45,АК-00003568,Клотиамет Инсектицид,Клотиамет Инсектицид,f9d67774-531d-11f0-b811-005056bde474,false,false
Номенклатура — исходный каталог,raw.catalog_номенклатура,d2bcb8a9-f524-11eb-9c3a-00505689ff45,АК-00003569,Клотиамет-С Инсектицид,Клотиамет-С Инсектицид,f9d67774-531d-11f0-b811-005056bde474,false,false
Номенклатура — исходный каталог,raw.catalog_номенклатура,d2bcb8ab-f524-11eb-9c3a-00505689ff45,АК-00003571,Клотианидин Про Инсектицид,Клотианидин Про Инсектицид,f9d67774-531d-11f0-b811-005056bde474,false,false
Номенклатура — исходный каталог,raw.catalog_номенклатура,dd6b1ae4-4481-11eb-7b94-fa163e0d31f7,БП-00003487,Ключ балонный,Ключ балонный,9b060c03-71d9-11e7-85a2-d43d7eec442d,false,false
Номенклатура — исходный каталог,raw.catalog_номенклатура,358aaeb8-a6a0-11ec-9c42-00505689c8d9,00-00006384,Ключ для куботейнера с регулировкой зажима оцинкованный,Ключ для куботейнера с регулировкой зажима оцинкованный,65439ec8-d96f-11eb-6c92-fa163e0d31f7,false,false
Номенклатура — исходный каталог,raw.catalog_номенклатура,763a6dd4-d31f-11eb-5d99-fa163e0d31f7,БП-00004290,Ключ комбинированный 10мм,Ключ комбинированный 10мм,9b060c03-71d9-11e7-85a2-d43d7eec442d,false,false
Номенклатура — исходный каталог,raw.catalog_номенклатура,8c46f2a0-d31f-11eb-5d99-fa163e0d31f7,БП-00004291,Ключ комбинированный 12мм,Ключ комбинированный 12мм,9b060c03-71d9-11e7-85a2-d43d7eec442d,false,false
Номенклатура — исходный каталог,raw.catalog_номенклатура,034d5aad-f56d-11f0-b81e-005056bde474,00-00013428,Ключ комбинированный х 10 мм Дело Техники ,Ключ комбинированный х 10 мм Дело Техники ,df8be041-0a37-11f0-b80e-005056bde474,false,false
Номенклатура — исходный каталог,raw.catalog_номенклатура,5412ceb2-0011-11ec-9c3a-00505689ff45,АК-00003950,Ключ рожковый односторонний 50мм,Ключ рожковый односторонний 50мм,9b060c03-71d9-11e7-85a2-d43d7eec442d,false,false
Номенклатура — исходный каталог,raw.catalog_номенклатура,555d8bcd-66f7-11f0-b811-005056bde474,00-00012582,Кнопка выхода,Кнопка выхода,9b060c02-71d9-11e7-85a2-d43d7eec442d,false,false
Номенклатура — исходный каталог,raw.catalog_номенклатура,5852a29c-33eb-11eb-0e8a-fa163e0d31f7,БП-00003300,Кнопка переключения хода в сборе с рукояткой,Кнопка переключения хода в сборе с рукояткой,9b060c03-71d9-11e7-85a2-d43d7eec442d,false,false
Номенклатура — исходный каталог,raw.catalog_номенклатура,48dc08fc-16f5-11f1-b81f-005056bde474,00-00013836,"Коврик ячеистый, грязесборный 50х100х1,6см VORTEX ","Коврик ячеистый, грязесборный 50х100х1,6см VORTEX",9b060c02-71d9-11e7-85a2-d43d7eec442d,false,false
Номенклатура — исходный каталог,raw.catalog_номенклатура,8ad8bc9c-a5b6-11ea-7691-fa163ee5d2f9,БП-00002728,Ковш ЖРВИ 735 224 040 (Ложечка),Ковш ЖРВИ 735 224 040 (Ложечка),9b060c03-71d9-11e7-85a2-d43d7eec442d,false,false
Номенклатура — исходный каталог,raw.catalog_номенклатура,3d70a510-5686-11eb-1f84-fa163e0d31f7,БП-00003643,Колба биг блю 20 с картриджем,Колба биг блю 20 с картриджем,9be0daf4-2e34-11eb-288c-fa163e0d31f7,false,false
Номенклатура — исходный каталог,raw.catalog_номенклатура,9b060c77-71d9-11e7-85a2-d43d7eec442d,00000010   ,"Колесо 9,5К42","Колесо 9,5К42",9b060c03-71d9-11e7-85a2-d43d7eec442d,false,false
Номенклатура — исходный каталог,raw.catalog_номенклатура,af4748d0-b241-11eb-6d90-fa163e0d31f7,БП-00003968,"Колесо опорное бороны Aktyvator 18,5*8.50-8","Колесо опорное бороны Aktyvator 18,5*8.50-8",9b060c03-71d9-11e7-85a2-d43d7eec442d,false,false
Номенклатура — исходный каталог,raw.catalog_номенклатура,5c7378b7-8333-11ec-9c41-00505689c8d9,00-00006071,Коллектор пл 3 выхода 28*20,Коллектор пл 3 выхода 28*20,9be0daf4-2e34-11eb-288c-fa163e0d31f7,false,false
Номенклатура — исходный каталог,raw.catalog_номенклатура,8955eaae-7403-11ef-9c5d-00505689ff45,00-00011050,Коллектор пл 3 выхода 32*20,Коллектор пл 3 выхода 32*20,9be0daf4-2e34-11eb-288c-fa163e0d31f7,false,false
Номенклатура — исходный каталог,raw.catalog_номенклатура,c6b46d6a-33f0-11eb-0e8a-fa163e0d31f7,БП-00003324,Коллектор с кранами 2 выхода,Коллектор с кранами 2 выхода,9be0daf4-2e34-11eb-288c-fa163e0d31f7,false,false
Номенклатура — исходный каталог,raw.catalog_номенклатура,b53fdc33-43ff-11ea-9524-30f7727a492e,00-00002467,Колодка тормозная задняя ,Колодка тормозная задняя ,9b060c03-71d9-11e7-85a2-d43d7eec442d,false,false
Номенклатура — исходный каталог,raw.catalog_номенклатура,b53fdc32-43ff-11ea-9524-30f7727a492e,00-00002466,Колодки дисковые Hyundai Sarta Fe2.4-2.0,Колодки дисковые Hyundai Sarta Fe2.4-2.0,9b060c03-71d9-11e7-85a2-d43d7eec442d,false,false
Номенклатура — исходный каталог,raw.catalog_номенклатура,93b02b56-9887-11eb-9b81-fa163e0d31f7,БП-00003837,Колодки задние,Колодки задние,9b060c03-71d9-11e7-85a2-d43d7eec442d,false,false
Номенклатура — исходный каталог,raw.catalog_номенклатура,8a478ee6-33e3-11eb-0e8a-fa163e0d31f7,БП-00003290,"Колодки тормозные ЗИЛ-130,133,433360 задние металлические без ролика 140мм","Колодки тормозные ЗИЛ-130,133,433360 задние металлические без ролика 140мм",9b060c03-71d9-11e7-85a2-d43d7eec442d,false,false
Номенклатура — исходный каталог,raw.catalog_номенклатура,5016da60-33e3-11eb-0e8a-fa163e0d31f7,БП-00003289,"Колодки тормозные ЗИЛ-130,133,433360 передние сварные с роликом 70мм","Колодки тормозные ЗИЛ-130,133,433360 передние сварные с роликом 70мм",9b060c03-71d9-11e7-85a2-d43d7eec442d,false,false
Номенклатура — исходный каталог,raw.catalog_номенклатура,b44b3e24-40ba-11ee-9c4e-00505689ff45,00-00008977,Коломба РС2 грязный  Сетка на завязке 25кг. Без полива,Картофель коломбо 2 репродукции отборный грязный сетка на завязке 25кг. Без полива,b60b8b28-6156-11eb-9c2d-0050560417d5,false,false
Номенклатура — исходный каталог,raw.catalog_номенклатура,b44b3e23-40ba-11ee-9c4e-00505689ff45,00-00008976,Коломба РС2 грязный  Сетка на завязке 25кг. Полив,Картофель коломбо 2 репродукции отборный грязный сетка на завязке 25кг. Под поливом,b60b8b28-6156-11eb-9c2d-0050560417d5,false,false
Номенклатура — исходный каталог,raw.catalog_номенклатура,a84665d2-40ba-11ee-9c4e-00505689ff45,00-00008921,Коломба РС2 грязный  Сетка на рулоне 10кг. Без полива,Картофель коломбо 2 репродукции отборный грязный сетка на рулоне 10кг. Без полива,b60b8b28-6156-11eb-9c2d-0050560417d5,false,false
Номенклатура — исходный каталог,raw.catalog_номенклатура,a84665d1-40ba-11ee-9c4e-00505689ff45,00-00008920,Коломба РС2 грязный  Сетка на рулоне 10кг. Полив,Картофель коломбо 2 репродукции отборный грязный сетка на рулоне 10кг. Под поливом,b60b8b28-6156-11eb-9c2d-0050560417d5,false,false
Номенклатура — исходный каталог,raw.catalog_номенклатура,afda24b0-40ba-11ee-9c4e-00505689ff45,00-00008949,Коломба РС2 грязный  Сетка на рулоне 25кг. Без полива,Картофель коломбо 2 репродукции отборный грязный сетка на рулоне 25кг.без полива,b60b8b28-6156-11eb-9c2d-0050560417d5,false,false
Номенклатура — исходный каталог,raw.catalog_номенклатура,afab6f85-40ba-11ee-9c4e-00505689ff45,00-00008948,Коломба РС2 грязный  Сетка на рулоне 25кг. Полив,Картофель коломбо 2 репродукции отборный грязный сетка на рулоне 25кг. Под поливом,b60b8b28-6156-11eb-9c2d-0050560417d5,false,false
Номенклатура — исходный каталог,raw.catalog_номенклатура,9e61e3e9-40ba-11ee-9c4e-00505689ff45,00-00008865,Коломба РС2 грязный  Сетка на рулоне 3кг. Без полива,Картофель коломбо 2 репродукции отборный грязный сетка на рулоне 3кг. Без полива,b60b8b28-6156-11eb-9c2d-0050560417d5,false,false
Номенклатура — исходный каталог,raw.catalog_номенклатура,9e260ad4-40ba-11ee-9c4e-00505689ff45,00-00008864,Коломба РС2 грязный  Сетка на рулоне 3кг. Полив,Картофель коломбо 2 репродукции отборный грязный сетка на рулоне 3кг. под поливом,b60b8b28-6156-11eb-9c2d-0050560417d5,false,false
Номенклатура — исходный каталог,raw.catalog_номенклатура,a41bddf9-40ba-11ee-9c4e-00505689ff45,00-00008893,Коломба РС2 грязный  Сетка на рулоне 5кг. Без полива,Картофель коломбо 2 репродукции отборный грязный сетка на рулоне 5кг. Без полива,b60b8b28-6156-11eb-9c2d-0050560417d5,false,false
Номенклатура — исходный каталог,raw.catalog_номенклатура,a3c1c96b-40ba-11ee-9c4e-00505689ff45,00-00008892,Коломба РС2 грязный  Сетка на рулоне 5кг. Полив,Картофель коломбо 2 репродукции отборный грязный сетка на рулоне 5кг. Под поливом,b60b8b28-6156-11eb-9c2d-0050560417d5,false,false
Номенклатура — исходный каталог,raw.catalog_номенклатура,bc38d0a4-40ba-11ee-9c4e-00505689ff45,00-00009005,Коломба РС2 грязный  биг-бег 1000кг. Без полива,Картофель коломбо 2 репродукции отборный грязный биг-бег 1000кг.без полива,b60b8b28-6156-11eb-9c2d-0050560417d5,false,false
Номенклатура — исходный каталог,raw.catalog_номенклатура,bbebcb72-40ba-11ee-9c4e-00505689ff45,00-00009004,Коломба РС2 грязный  биг-бег 1000кг. Полив,Картофель коломбо 2 репродукции отборный грязный биг-бег 1000кг. Под поливом,b60b8b28-6156-11eb-9c2d-0050560417d5,false,false
Номенклатура — исходный каталог,raw.catalog_номенклатура,985092bd-40ba-11ee-9c4e-00505689ff45,00-00008837,Коломба РС2 грязный Сетка на рулоне 2.5кг. Без полива,Картофель коломбо 2 репродукции отборный грязный сетка на рулоне 2.5кг Без полива,b60b8b28-6156-11eb-9c2d-0050560417d5,false,false
Номенклатура — исходный каталог,raw.catalog_номенклатура,98508437-40ba-11ee-9c4e-00505689ff45,00-00008836,Коломба РС2 грязный Сетка на рулоне 2.5кг. Полив,Картофель коломбо 2 репродукции отборный грязный сетка на рулоне 2.5кг под поливом,b60b8b28-6156-11eb-9c2d-0050560417d5,false,false
Номенклатура — исходный каталог,raw.catalog_номенклатура,e4758902-40ba-11ee-9c4e-00505689ff45,00-00009089,Коломба РС2 мытый  Сетка 25кг. Без полива,Картофель коломбо 2 репродукции отборный мытый сетка 25кг без полива,b60b8b28-6156-11eb-9c2d-0050560417d5,false,false
Номенклатура — исходный каталог,raw.catalog_номенклатура,e4758901-40ba-11ee-9c4e-00505689ff45,00-00009088,Коломба РС2 мытый  Сетка 25кг. Полив,Картофель коломбо 2 репродукции отборный мытый сетка 25кг под полливом,b60b8b28-6156-11eb-9c2d-0050560417d5,false,false
Номенклатура — исходный каталог,raw.catalog_номенклатура,dd5a7433-40ba-11ee-9c4e-00505689ff45,00-00009033,"Коломба РС2 мытый Сетка-домик 2,5кг. Без полива",Картофель коломбо 2 репродукции отборный мытый сетка домик 2.5кг без полива,b60b8b28-6156-11eb-9c2d-0050560417d5,false,false
Номенклатура — исходный каталог,raw.catalog_номенклатура,dd2f526f-40ba-11ee-9c4e-00505689ff45,00-00009032,"Коломба РС2 мытый Сетка-домик 2,5кг. Полив",Картофель коломбо 2 репродукции отборный мытый сетка домик 2.5кг под поливом,b60b8b28-6156-11eb-9c2d-0050560417d5,false,false
Номенклатура — исходный каталог,raw.catalog_номенклатура,e242213f-40ba-11ee-9c4e-00505689ff45,00-00009061,Коломба РС2 мытый Сетка-домик 3кг Без полива,Картофель коломбо 2 репродукции отборный мытый сетка домик 3кг без полива,b60b8b28-6156-11eb-9c2d-0050560417d5,false,false
Номенклатура — исходный каталог,raw.catalog_номенклатура,e2420d31-40ba-11ee-9c4e-00505689ff45,00-00009060,Коломба РС2 мытый Сетка-домик 3кг Полив,Картофель коломбо 2 репродукции отборный мытый сетка домик 3кг под поливом,b60b8b28-6156-11eb-9c2d-0050560417d5,false,false
Номенклатура — исходный каталог,raw.catalog_номенклатура,d63b50e1-40b9-11ee-9c4e-00505689ff45,00-00008641,Коломба РС2 семена  Сетка на рулоне 25кг. Без полива,Картофель коломбо 2 репродукции семенной Сетка на рулоне 25кг. Без полива,b60b8b28-6156-11eb-9c2d-0050560417d5,false,false
Номенклатура — исходный каталог,raw.catalog_номенклатура,d63b50e0-40b9-11ee-9c4e-00505689ff45,00-00008640,Коломба РС2 семена  Сетка на рулоне 25кг. Полив,Картофель коломбо 2 репродукции семенной Сетка на рулоне 25кг. Под поливом,b60b8b28-6156-11eb-9c2d-0050560417d5,false,false
Номенклатура — исходный каталог,raw.catalog_номенклатура,72c63d20-40ba-11ee-9c4e-00505689ff45,00-00008753,"Коломба РС2 семена  пастеризованный 0,5кг. Без полива","Картофель коломбо 2 репродукции семенной пастеризованный 0,5кг. Без полива",b60b8b28-6156-11eb-9c2d-0050560417d5,false,false
Номенклатура — исходный каталог,raw.catalog_номенклатура,72abb059-40ba-11ee-9c4e-00505689ff45,00-00008752,"Коломба РС2 семена  пастеризованный 0,5кг. Полив","Картофель коломбо 2 репродукции семенной пастеризованный 0,5кг. Под поливом",b60b8b28-6156-11eb-9c2d-0050560417d5,false,false
Номенклатура — исходный каталог,raw.catalog_номенклатура,d63b5943-40b9-11ee-9c4e-00505689ff45,00-00008669,Коломба РС2 семена Сетка на завязке 25кг. Без полива,Картофель коломбо 2 репродукции семенной Сетка на завязке 25кг. Без полива,b60b8b28-6156-11eb-9c2d-0050560417d5,false,false
Номенклатура — исходный каталог,raw.catalog_номенклатура,d63b5942-40b9-11ee-9c4e-00505689ff45,00-00008668,Коломба РС2 семена Сетка на завязке 25кг. Полив,Картофель коломбо 2 репродукции семенной Сетка на завязке 25кг. Под поливом,b60b8b28-6156-11eb-9c2d-0050560417d5,false,false
Номенклатура — исходный каталог,raw.catalog_номенклатура,3e39bce8-40ba-11ee-9c4e-00505689ff45,00-00008697,Коломба РС2 семена биг-бег 1000кг. Без полива,Картофель коломбо 2 репродукции семенной биг-бег 1000кг. Без полива,b60b8b28-6156-11eb-9c2d-0050560417d5,false,false
Номенклатура — исходный каталог,raw.catalog_номенклатура,3e39bce7-40ba-11ee-9c4e-00505689ff45,00-00008696,Коломба РС2 семена биг-бег 1000кг. Полив,Картофель коломбо 2 репродукции семенной биг-бег 1000кг. Под поливом,b60b8b28-6156-11eb-9c2d-0050560417d5,false,false
Номенклатура — исходный каталог,raw.catalog_номенклатура,d2bcb8ac-f524-11eb-9c3a-00505689ff45,АК-00003572,Колорадо Инсектицид,Колорадо Инсектицид,f9d67774-531d-11f0-b811-005056bde474,false,false
Номенклатура — исходный каталог,raw.catalog_номенклатура,d2bcb8ad-f524-11eb-9c3a-00505689ff45,АК-00003573,Колосаль Инсектицид,Колосаль Инсектицид,2eaeac4d-5322-11f0-b811-005056bde474,false,false
Номенклатура — исходный каталог,raw.catalog_номенклатура,d2bcb8ae-f524-11eb-9c3a-00505689ff45,АК-00003574,Колосаль Про Инсектицид,Колосаль Про Инсектицид,2eaeac4d-5322-11f0-b811-005056bde474,false,false
Номенклатура — исходный каталог,raw.catalog_номенклатура,5232e68b-fff8-11eb-9c3a-00505689ff45,АК-00003926,Колпачок WZ 1900733,Колпачок WZ 1900733,9b060c03-71d9-11e7-85a2-d43d7eec442d,false,false
Номенклатура — исходный каталог,raw.catalog_номенклатура,8d5ea61a-5864-11ea-9525-30f7727a492e,00-00002497,Колпачок М12 (ключ19) Серый цвет,Колпачок М12 (ключ19) Серый цвет,9b060c03-71d9-11e7-85a2-d43d7eec442d,false,false
Номенклатура — исходный каталог,raw.catalog_номенклатура,d2bcb8af-f524-11eb-9c3a-00505689ff45,АК-00003575,Колфуго Дуплет Инсектицид,Колфуго Дуплет Инсектицид,2eaeac4d-5322-11f0-b811-005056bde474,false,false
Номенклатура — исходный каталог,raw.catalog_номенклатура,d2bcb8b0-f524-11eb-9c3a-00505689ff45,АК-00003576,Колфуго Супер Инсектицид,Колфуго Супер Инсектицид,2eaeac4d-5322-11f0-b811-005056bde474,false,false
Номенклатура — исходный каталог,raw.catalog_номенклатура,e1675c44-33eb-11eb-0e8a-fa163e0d31f7,БП-00003302,Кольцевое  уплотнение,Кольцевое  уплотнение,9b060c03-71d9-11e7-85a2-d43d7eec442d,false,false
Номенклатура — исходный каталог,raw.catalog_номенклатура,b26306f8-94ee-11ea-9529-30f7727a492e,00-00002598,Кольцо  F334300020120 (КН3946),Кольцо  F334300020120 (КН3946),9b060c03-71d9-11e7-85a2-d43d7eec442d,false,false
Номенклатура — исходный каталог,raw.catalog_номенклатура,5a2a5074-000c-11ec-9c3a-00505689ff45,АК-00003943,Кольцо 070-080-58,Кольцо 070-080-58,9b060c03-71d9-11e7-85a2-d43d7eec442d,false,false
Номенклатура — исходный каталог,raw.catalog_номенклатура,b26306fa-94ee-11ea-9529-30f7727a492e,00-00002600,Кольцо 31791600 001.11.3340,Кольцо 31791600 001.11.3340,9b060c03-71d9-11e7-85a2-d43d7eec442d,false,false
Номенклатура — исходный каталог,raw.catalog_номенклатура,6b105822-a56e-11ea-7691-fa163ee5d2f9,БП-00002725,Кольцо 31864300,Кольцо 31864300,9b060c03-71d9-11e7-85a2-d43d7eec442d,false,false
Номенклатура — исходный каталог,raw.catalog_номенклатура,5268964a-a56e-11ea-7691-fa163ee5d2f9,БП-00002724,Кольцо KG4060,Кольцо KG4060,9b060c03-71d9-11e7-85a2-d43d7eec442d,false,false
Номенклатура — исходный каталог,raw.catalog_номенклатура,b26306f7-94ee-11ea-9529-30f7727a492e,00-00002597,Кольцо КН3784,Кольцо КН3784,9b060c03-71d9-11e7-85a2-d43d7eec442d,false,false
Номенклатура — исходный каталог,raw.catalog_номенклатура,90208862-a56e-11ea-7691-fa163ee5d2f9,БП-00002726,Кольцо КН4932,Кольцо КН4932,9b060c03-71d9-11e7-85a2-d43d7eec442d,false,false
Номенклатура — исходный каталог,raw.catalog_номенклатура,597f753c-988b-11eb-9b81-fa163e0d31f7,БП-00003849,Кольцо МТЗ передн.вед. мост ГОСТ 9833-73,Кольцо МТЗ передн.вед. мост ГОСТ 9833-73,9b060c03-71d9-11e7-85a2-d43d7eec442d,false,false
Номенклатура — исходный каталог,raw.catalog_номенклатура,9b060c78-71d9-11e7-85a2-d43d7eec442d,00000074   ,Кольцо поршневое,Кольцо поршневое,9b060c03-71d9-11e7-85a2-d43d7eec442d,false,false
Номенклатура — исходный каталог,raw.catalog_номенклатура,abf7cbe3-39bf-11ea-9523-30f7727a492e,00-00002382,Кольцо уплотнительное ,Кольцо уплотнительное ,9b060c03-71d9-11e7-85a2-d43d7eec442d,false,false
Номенклатура — исходный каталог,raw.catalog_номенклатура,d2aed07c-038c-11ea-951d-30f7727a492e,00-00002189,"Командировочные расходы, проживание наемного персонала","Командировочные расходы, проживание наемного персонала",9b060c58-71d9-11e7-85a2-d43d7eec442d,false,false
Номенклатура — исходный каталог,raw.catalog_номенклатура,d2bcb8b1-f524-11eb-9c3a-00505689ff45,АК-00003577,Командор Инсектицид,Командор Инсектицид,f9d67774-531d-11f0-b811-005056bde474,false,false
Номенклатура — исходный каталог,raw.catalog_номенклатура,d2bcb8b2-f524-11eb-9c3a-00505689ff45,АК-00003578,Командор Макси Инсектицид,Командор Макси Инсектицид,f9d67774-531d-11f0-b811-005056bde474,false,false
Номенклатура — исходный каталог,raw.catalog_номенклатура,f60f58ea-2501-11ec-a9db-00505689f463,АК-00005359,Комбанирование/уборка картофеля,Комбанирование/уборка картофеля,52c3cca5-0968-11f0-b80e-005056bde474,false,false
Номенклатура — исходный каталог,raw.catalog_номенклатура,f2e45966-7649-11ed-9c4d-00505689c8d9,00-00007469,Комбанирование/уборка картофеля  (почасовая оплата),Комбанирование/уборка картофеля (почасовая оплата),52c3cca5-0968-11f0-b80e-005056bde474,false,false
Номенклатура — исходный каталог,raw.catalog_номенклатура,a1214031-7d6f-11ea-9528-30f7727a492e,00-00002540,Комбинация приборов МТЗ(6 приборов) ВЗЭП КД 8071-4,Комбинация приборов МТЗ(6 приборов) ВЗЭП КД 8071-4,9b060c03-71d9-11e7-85a2-d43d7eec442d,false,false
Номенклатура — исходный каталог,raw.catalog_номенклатура,c55d3c9d-4214-11f1-b821-005056bde474,00-00014105,Комбиполотно,,a986fb07-0a39-11f0-b80e-005056bde474,true,false
Номенклатура — исходный каталог,raw.catalog_номенклатура,e46670cf-2753-11ec-a9dd-00505689f463,АК-00005405,"Комбиполотно 630мм ""Лесные дали"" 3п2сКартофель Беби (сетка экстр.белая)","Комбиполотно 630мм ""Лесные дали"" 3п2сКартофель Беби (сетка экстр.белая)",c55d3c9d-4214-11f1-b821-005056bde474,false,false
Номенклатура — исходный каталог,raw.catalog_номенклатура,1fd40a01-2756-11ec-a9dd-00505689f463,АК-00005406,"Комбиполотно 630мм ""Лесные дали"" 3п2сКартофель Беби (сетка экстр.желтая)","Комбиполотно 630мм ""Лесные дали"" 3п2сКартофель Беби (сетка экстр.желтая)",c55d3c9d-4214-11f1-b821-005056bde474,false,false
Номенклатура — исходный каталог,raw.catalog_номенклатура,91e6fe30-2758-11ec-a9dd-00505689f463,АК-00005409,"Комбиполотно 630мм ""Лесные дали"" 3п2сКартофель белый (сетка экстр.белая)","Комбиполотно 630мм ""Лесные дали"" 3п2сКартофель белый (сетка экстр.белая)",c55d3c9d-4214-11f1-b821-005056bde474,false,false
Номенклатура — исходный каталог,raw.catalog_номенклатура,2ae0cee4-2757-11ec-a9dd-00505689f463,АК-00005407,"Комбиполотно 630мм ""Лесные дали"" 3п2сКартофель красный (сетка экстр.красная)","Комбиполотно 630мм ""Лесные дали"" 3п2сКартофель красный (сетка экстр.красная)",c55d3c9d-4214-11f1-b821-005056bde474,false,false
Номенклатура — исходный каталог,raw.catalog_номенклатура,896e46b3-2759-11ec-a9dd-00505689f463,АК-00005413,"Комбиполотно 630мм ""Лесные дали"" 3п2сКартофель фиолетовый (сетка экстр.красная)","Комбиполотно 630мм ""Лесные дали"" 3п2сКартофель фиолетовый (сетка экстр.красная)",c55d3c9d-4214-11f1-b821-005056bde474,false,false
Номенклатура — исходный каталог,raw.catalog_номенклатура,b84aede1-66db-11ec-9c40-00505689c8d9,АК-00005848,"Комбиполотно 630мм ""Лесные дали"" Картофель Бэби лента 180мм 50 мкр.глянец","Комбиполотно 630мм ""Лесные дали"" Картофель Бэби лента 180мм 50 мкр.глянец",c55d3c9d-4214-11f1-b821-005056bde474,false,false
Номенклатура — исходный каталог,raw.catalog_номенклатура,e1b9e73b-66db-11ec-9c40-00505689c8d9,АК-00005849,"Комбиполотно 630мм ""Лесные дали"" Картофель Индиго лента 180мм 50 мкр.глянец","Комбиполотно 630мм ""Лесные дали"" Картофель Индиго лента 180мм 50 мкр.глянец",c55d3c9d-4214-11f1-b821-005056bde474,false,false
Номенклатура — исходный каталог,raw.catalog_номенклатура,55c01d58-66db-11ec-9c40-00505689c8d9,АК-00005846,"Комбиполотно 630мм ""Лесные дали"" Картофель Красный ""В""лента 180мм 50 мкр.глянец","Комбиполотно 630мм ""Лесные дали"" Картофель Красный ""В""лента 180мм 50 мкр.глянец",c55d3c9d-4214-11f1-b821-005056bde474,false,false
Номенклатура — исходный каталог,raw.catalog_номенклатура,8294d0bb-66db-11ec-9c40-00505689c8d9,АК-00005847,"Комбиполотно 630мм ""Лесные дали"" Картофель Красный ""С""лента 180мм 50 мкр.глянец","Комбиполотно 630мм ""Лесные дали"" Картофель Красный ""С""лента 180мм 50 мкр.глянец",c55d3c9d-4214-11f1-b821-005056bde474,false,false
Номенклатура — исходный каталог,raw.catalog_номенклатура,171b6b51-66dc-11ec-9c40-00505689c8d9,АК-00005850,"Комбиполотно 630мм ""Лесные дали"" Картофель Северное Сияние лента 180мм 50 мкр.глянец","Комбиполотно 630мм ""Лесные дали"" Картофель Северное Сияние лента 180мм 50 мкр.глянец",c55d3c9d-4214-11f1-b821-005056bde474,false,false
Номенклатура — исходный каталог,raw.catalog_номенклатура,d2440c2e-66da-11ec-9c40-00505689c8d9,АК-00005844,"Комбиполотно 630мм ""Лесные дали"" Картофель белый ""А""лента 180мм 50 мкр.глянец","Комбиполотно 630мм ""Лесные дали"" Картофель белый ""А""лента 180мм 50 мкр.глянец",c55d3c9d-4214-11f1-b821-005056bde474,false,false
Номенклатура — исходный каталог,raw.catalog_номенклатура,0a55155e-66db-11ec-9c40-00505689c8d9,АК-00005845,"Комбиполотно 630мм ""Лесные дали"" Картофель белый ""В""лента 180мм 50 мкр.глянец","Комбиполотно 630мм ""Лесные дали"" Картофель белый ""В""лента 180мм 50 мкр.глянец",c55d3c9d-4214-11f1-b821-005056bde474,false,false
Номенклатура — исходный каталог,raw.catalog_номенклатура,4596d446-e799-11ea-3497-fa163ee5d2f9,БП-00002967,"Комбиполотно 630мм Generic Rotato 3п2с, 152вт,экструзия BROWN","Комбиполотно 630мм Generic Rotato 3п2с, 152вт,экструзия BROWN",c55d3c9d-4214-11f1-b821-005056bde474,false,false
Номенклатура — исходный каталог,raw.catalog_номенклатура,8bc01dbf-4ef9-11ed-9c43-cb6d75bb653b,00-00007305,"Комбиполотно желтое категория А,В,Агролайн","Комбиполотно желтое категория А,В,Агролайн",c55d3c9d-4214-11f1-b821-005056bde474,false,false
Номенклатура — исходный каталог,raw.catalog_номенклатура,bde2b900-4ef9-11ed-9c43-cb6d75bb653b,00-00007306,"Комбиполотно красное категория А,В,Агролайн","Комбиполотно красное категория А,В,Агролайн",c55d3c9d-4214-11f1-b821-005056bde474,false,false
Номенклатура — исходный каталог,raw.catalog_номенклатура,d5b95fed-5046-11ed-9c43-cb6d75bb653b,00-00007331,Комбиполотно обезличка,Комбиполотно обезличка,c55d3c9d-4214-11f1-b821-005056bde474,false,false
Номенклатура — исходный каталог,raw.catalog_номенклатура,398820da-0c24-11ec-9c3a-00505689ff45,АК-00004860,Комиссия,Комиссия,9b060c58-71d9-11e7-85a2-d43d7eec442d,false,false
Номенклатура — исходный каталог,raw.catalog_номенклатура,52527d8a-0b7e-11eb-3385-fa163ee5d2f9,БП-00003110,Коммутатор 8 портов 100Мбит/с настольный ES-108AV3-EU0101F,Коммутатор 8 портов 100Мбит/с настольный ES-108AV3-EU0101F,de1714af-8a12-11e7-af1d-30f7727a492e,false,false
Номенклатура — исходный каталог,raw.catalog_номенклатура,211c279d-35ce-11ea-9522-30f7727a492e,00-00002370,Коммутатор сетевой CS-105BV3-EU0101F,Коммутатор сетевой CS-105BV3-EU0101F,de1714af-8a12-11e7-af1d-30f7727a492e,false,false
Номенклатура — исходный каталог,raw.catalog_номенклатура,d2bcb8b3-f524-11eb-9c3a-00505689ff45,АК-00003579,Компакт Инсектицид,Компакт Инсектицид,2eaeac4d-5322-11f0-b811-005056bde474,false,false
Номенклатура — исходный каталог,raw.catalog_номенклатура,49778744-48f2-11eb-2f8d-fa163e0d31f7,БП-00003499,Компенсация затрат по заправке техники топливом,Компенсация затрат по заправке техники топливом,9b060c58-71d9-11e7-85a2-d43d7eec442d,false,false
Номенклатура — исходный каталог,raw.catalog_номенклатура,4e2f3217-6bb1-11f1-b822-005056bde474,00-00014522,Комплекс работ по разработке и внедрению MVP системы видеоаналитики ,Комплекс работ по разработке и внедрению MVP системы видеоаналитики,1aeb231b-094c-11f0-b80e-005056bde474,false,false
Номенклатура — исходный каталог,raw.catalog_номенклатура,da41ee2c-3b96-11f0-b80e-005056bde474,00-00012406,Комплексные удобрения,,cb82635a-3b96-11f0-b80e-005056bde474,true,false
Номенклатура — исходный каталог,raw.catalog_номенклатура,ab24072a-3b94-11f0-b80e-005056bde474,00-00012397,Комплексные удобрения ,,8620e7b8-3b94-11f0-b80e-005056bde474,true,false
Номенклатура — исходный каталог,raw.catalog_номенклатура,865e8680-2e35-11eb-288c-fa163e0d31f7,БП-00003218,Комплект Фланец стальной плоский Ду 32 Ру16 Ст20 ГОСТ 12820-80,Комплект Фланец стальной плоский Ду 32 Ру16 Ст20 ГОСТ 12820-80,9be0daf4-2e34-11eb-288c-fa163e0d31f7,false,false
Номенклатура — исходный каталог,raw.catalog_номенклатура,c5ee215f-4f8c-11ed-9c43-cb6d75bb653b,00-00007309,Комплект автоматики для воздухоохладителя,Комплект автоматики для воздухоохладителя,de1714af-8a12-11e7-af1d-30f7727a492e,false,false
Номенклатура — исходный каталог,raw.catalog_номенклатура,211c27a2-35ce-11ea-9522-30f7727a492e,00-00002375,Комплект монтажных материалов,Комплект монтажных материалов,211c2790-35ce-11ea-9522-30f7727a492e,false,false
Номенклатура — исходный каталог,raw.catalog_номенклатура,99cedfe6-07be-11eb-1097-fa163ee5d2f9,БП-00003097,Комплект расходных материалов для монтажа холодильного агрегата,Комплект расходных материалов для монтажа холодильного агрегата,de1714af-8a12-11e7-af1d-30f7727a492e,false,false
Номенклатура — исходный каталог,raw.catalog_номенклатура,763b9fd8-07be-11eb-1097-fa163ee5d2f9,БП-00003096,"Комплект расходных материалов для монтажа холодильной камеры 12,0*6,0*4,75","Комплект расходных материалов для монтажа холодильной камеры 12,0*6,0*4,75",de1714af-8a12-11e7-af1d-30f7727a492e,false,false
Номенклатура — исходный каталог,raw.catalog_номенклатура,e416dd62-03f2-11eb-ac9e-fa163ee5d2f9,БП-00003078,"Комплект расходных материалов для монтажа холодильной камеры 24,0*12,0*5,6","Комплект расходных материалов для монтажа холодильной камеры 24,0*12,0*5,6",de1714af-8a12-11e7-af1d-30f7727a492e,false,false
Номенклатура — исходный каталог,raw.catalog_номенклатура,d70db95e-07be-11eb-1097-fa163ee5d2f9,БП-00003098,"Комплект расходных материалов для обустройства системы вентиляции в камере 12,0*6,0*4,75","Комплект расходных материалов для обустройства системы вентиляции в камере 12,0*6,0*4,75",de1714af-8a12-11e7-af1d-30f7727a492e,false,false
Номенклатура — исходный каталог,raw.catalog_номенклатура,a3262786-3ac5-11eb-dc8d-fa163e0d31f7,БП-00003392,Комплект сменных узлов к автоматической сеткозашивочн.машине R-2 ,Комплект сменных узлов к автоматической сеткозашивочн.машине R-2 ,279c2c04-2e46-11eb-288c-fa163e0d31f7,false,false
Номенклатура — исходный каталог,raw.catalog_номенклатура,0217b9f8-07bd-11eb-1097-fa163ee5d2f9,БП-00003090,Комплект холодильной автоматики для СТЕ 502Е,Комплект холодильной автоматики для СТЕ 502Е,de1714af-8a12-11e7-af1d-30f7727a492e,false,false
Номенклатура — исходный каталог,raw.catalog_номенклатура,d7eb5332-07bd-11eb-1097-fa163ee5d2f9,БП-00003093,Комплект холодильной автоматики для СТЕ 502Е,Комплект холодильной автоматики для СТЕ 502Е,de1714af-8a12-11e7-af1d-30f7727a492e,false,false
Номенклатура — исходный каталог,raw.catalog_номенклатура,3bb544e6-589a-11ea-8118-d43d7ec071d4,00-00002503,Комплектующие для цеха по переработке,Комплектующие для цеха по переработке,de1714af-8a12-11e7-af1d-30f7727a492e,false,false
Номенклатура — исходный каталог,raw.catalog_номенклатура,e91823e6-befc-11eb-1998-fa163e0d31f7,БП-00004032,Компрессор 32838600,Компрессор 32838600,9b060c03-71d9-11e7-85a2-d43d7eec442d,false,false
Номенклатура — исходный каталог,raw.catalog_номенклатура,3fc7a5ec-33dc-11eb-0e8a-fa163e0d31f7,БП-00003279,Компрессор СБ 4/Ф-500 LB 75,Компрессор СБ 4/Ф-500 LB 75,9b060c03-71d9-11e7-85a2-d43d7eec442d,false,false
Номенклатура — исходный каталог,raw.catalog_номенклатура,1779b11a-4f8c-11ed-9c43-cb6d75bb653b,00-00007307,Компрессорно-конденс.агрегат МГА на базе компрессора BITZER марки 4НЕ-25 Y40 квт приТо=5 гр.С То=5 г,Компрессорно-конденс.агрегат МГА на базе компрессора BITZER марки 4НЕ-25 Y40 квт приТо=5 гр.С То=5 г,de1714af-8a12-11e7-af1d-30f7727a492e,false,false
Номенклатура — исходный каталог,raw.catalog_номенклатура,16095b64-07be-11eb-1097-fa163ee5d2f9,БП-00003094,Компрессорно-конденсаторный агрегат на базе компрессора Frascolod Италия марки АКР Q733Y в сборе,Компрессорно-конденсаторный агрегат на базе компрессора Frascolod Италия марки АКР Q733Y в сборе,de1714af-8a12-11e7-af1d-30f7727a492e,false,false
Номенклатура — исходный каталог,raw.catalog_номенклатура,867f6150-07bd-11eb-1097-fa163ee5d2f9,БП-00003091,Компрессорно-конденсаторный агрегат на базе компрессора Frascolod Италия марки АКР Z35106Y в сборе,Компрессорно-конденсаторный агрегат на базе компрессора Frascolod Италия марки АКР Z35106Y в сборе,de1714af-8a12-11e7-af1d-30f7727a492e,false,false
Номенклатура — исходный каталог,raw.catalog_номенклатура,d2bcb8b4-f524-11eb-9c3a-00505689ff45,АК-00003580,Комфибой Инсектицид,Комфибой Инсектицид,f9d67774-531d-11f0-b811-005056bde474,false,false
Номенклатура — исходный каталог,raw.catalog_номенклатура,d2bcb8b5-f524-11eb-9c3a-00505689ff45,АК-00003581,Комфорт Инсектицид,Комфорт Инсектицид,2eaeac4d-5322-11f0-b811-005056bde474,false,false
Номенклатура — исходный каталог,raw.catalog_номенклатура,1aaac0ca-2e5d-11eb-288c-fa163e0d31f7,БП-00003262,Конвейер загрузочный Р-200/25,Конвейер загрузочный Р-200/25,279c2c04-2e46-11eb-288c-fa163e0d31f7,false,false
Номенклатура — исходный каталог,raw.catalog_номенклатура,9f96eb12-2e5b-11eb-288c-fa163e0d31f7,БП-00003255,Конвейер загрузочный Р-260/60,Конвейер загрузочный Р-260/60,279c2c04-2e46-11eb-288c-fa163e0d31f7,false,false
Номенклатура — исходный каталог,raw.catalog_номенклатура,b8c925e6-2e5b-11eb-288c-fa163e0d31f7,БП-00003256,Конвейер загрузочный Р-300/25,Конвейер загрузочный Р-300/25,279c2c04-2e46-11eb-288c-fa163e0d31f7,false,false
Номенклатура — исходный каталог,raw.catalog_номенклатура,00e38002-2e5b-11eb-288c-fa163e0d31f7,БП-00003251,Конвейер загрузочный Р-320/60,Конвейер загрузочный Р-320/60,279c2c04-2e46-11eb-288c-fa163e0d31f7,false,false
Номенклатура — исходный каталог,raw.catalog_номенклатура,195e0b70-2e5b-11eb-288c-fa163e0d31f7,БП-00003252,Конвейер загрузочный Р-450/50,Конвейер загрузочный Р-450/50,279c2c04-2e46-11eb-288c-fa163e0d31f7,false,false
Номенклатура — исходный каталог,raw.catalog_номенклатура,e44e0772-2e5b-11eb-288c-fa163e0d31f7,БП-00003257,"Конвейер загрузочный Р-500/70 (защитный тент,тормоз)","Конвейер загрузочный Р-500/70 (защитный тент,тормоз)",279c2c04-2e46-11eb-288c-fa163e0d31f7,false,false
Номенклатура — исходный каталог,raw.catalog_номенклатура,4f39939c-915a-11ec-9c42-00505689c8d9,00-00006159,Конвейер наклонный  Р-340/50 (регулировка скорости),Конвейер наклонный  Р-340/50 (регулировка скорости),de1714af-8a12-11e7-af1d-30f7727a492e,false,false
Номенклатура — исходный каталог,raw.catalog_номенклатура,75007fd1-915a-11ec-9c42-00505689c8d9,00-00006160,Конвейер наклонный  Р-430/50 (регулировка скорости),Конвейер наклонный  Р-430/50 (регулировка скорости),de1714af-8a12-11e7-af1d-30f7727a492e,false,false
Номенклатура — исходный каталог,raw.catalog_номенклатура,babed9b4-915b-11ec-9c42-00505689c8d9,00-00006163,"Конвейер наклонный  Р-520/50 (регулировка скорости тент,поворотные колеса)","Конвейер наклонный  Р-520/50 (регулировка скорости тент,поворотные колеса)",de1714af-8a12-11e7-af1d-30f7727a492e,false,false
Номенклатура — исходный каталог,raw.catalog_номенклатура,4de7912c-915c-11ec-9c42-00505689c8d9,00-00006165,Конвейер наклонный  Р-550/50 (регулировка скорости тент),Конвейер наклонный  Р-550/50 (регулировка скорости тент),de1714af-8a12-11e7-af1d-30f7727a492e,false,false
Номенклатура — исходный каталог,raw.catalog_номенклатура,f18c759e-f7cf-11f0-b81e-005056bde474,00-00013610,Конвейерная лента,Конвейерная лента,de1714af-8a12-11e7-af1d-30f7727a492e,false,false
Номенклатура — исходный каталог,raw.catalog_номенклатура,d2bcb8b6-f524-11eb-9c3a-00505689ff45,АК-00003582,Конкорд Инсектицид,Конкорд Инсектицид,2eaeac4d-5322-11f0-b811-005056bde474,false,false
Номенклатура — исходный каталог,raw.catalog_номенклатура,d2bcb8b7-f524-11eb-9c3a-00505689ff45,АК-00003583,Конкур Инсектицид,Конкур Инсектицид,5e0b1519-531c-11f0-b811-005056bde474,false,false
Номенклатура — исходный каталог,raw.catalog_номенклатура,7d5efd0d-f9e1-11eb-9c3a-00505689ff45,АК-00003914,Коннектор 8Р8С UTP 5е(RJ-45),,00000000-0000-0000-0000-000000000000,false,false
Номенклатура — исходный каталог,raw.catalog_номенклатура,6f9a845e-924e-11ec-9c42-00505689c8d9,00-00006224,Консоль К4 (430/2 шт.) L-500 ,Консоль К4 (430/2 шт.) L-500 ,de1714af-8a12-11e7-af1d-30f7727a492e,false,false
Номенклатура — исходный каталог,raw.catalog_номенклатура,d2bcb8b8-f524-11eb-9c3a-00505689ff45,АК-00003584,Консул Инсектицид,Консул Инсектицид,2eaeac4d-5322-11f0-b811-005056bde474,false,false
Номенклатура — исходный каталог,raw.catalog_номенклатура,a5752583-6a46-11f1-b822-005056bde474,00-00014516,Консультационные и сопроводительные услуги в области подтверждения соответствия,Консультационные и сопроводительные услуги в области подтверждения соответствия,2b7f4a51-094c-11f0-b80e-005056bde474,false,false
Номенклатура — исходный каталог,raw.catalog_номенклатура,2e7af791-5359-11f1-b821-005056bde474,00-00014409,Консультационные услуги,Консультационные услуги,2b7f4a61-094c-11f0-b80e-005056bde474,false,false
Номенклатура — исходный каталог,raw.catalog_номенклатура,1aeb231b-094c-11f0-b80e-005056bde474,00-00011793,"Консультационные, бухгалтерские, IT, юридические услуги",,9b060c57-71d9-11e7-85a2-d43d7eec442d,true,false
Номенклатура — исходный каталог,raw.catalog_номенклатура,d2bcb8b9-f524-11eb-9c3a-00505689ff45,АК-00003585,Контадор Инсектицид,Контадор Инсектицид,f9d67774-531d-11f0-b811-005056bde474,false,false
Номенклатура — исходный каталог,raw.catalog_номенклатура,1500806e-b239-11eb-6d90-fa163e0d31f7,БП-00003961,Контейнер деревянный для хранения с/х продукции 1600*1200*1200,Контейнер деревянный для хранения с/х продукции 1600*1200*1200,47267178-4216-11f1-b821-005056bde474,false,false
Номенклатура — исходный каталог,raw.catalog_номенклатура,bd4c2911-84bd-11ef-9c5d-00505689ff45,00-00011270,"Контейнер п/э 1200*1000*900 сплошной, на колесах, цв.зеленый","Контейнер п/э 1200*1000*900 сплошной, на колесах, цв.зеленый",1b37fa4d-4216-11f1-b821-005056bde474,false,false
Номенклатура — исходный каталог,raw.catalog_номенклатура,fb2e2321-584d-11ec-9c40-00505689c8d9,АК-00005748,Контейнер полимерный 11.602F 92PE.C10 1200х800х800,Контейнер полимерный 11.602F 92PE.C10 1200х800х800,1b37fa4d-4216-11f1-b821-005056bde474,false,false
Номенклатура — исходный каталог,raw.catalog_номенклатура,547ebe4f-ff22-11ef-b80e-005056bde474,00-00011742,Контейнер-бак мусорный 120л. на 2-х колесах с крышкой серый,Контейнер-бак мусорный 120л. на 2-х колесах с крышкой серый,1b37fa4d-4216-11f1-b821-005056bde474,false,false
Номенклатура — исходный каталог,raw.catalog_номенклатура,edcc18b4-3d13-11ef-9c59-00505689ff45,00-00010692,Контейнероопрокидыватель КОБ2,Контейнероопрокидыватель КОБ2,de1714af-8a12-11e7-af1d-30f7727a492e,false,false
Номенклатура — исходный каталог,raw.catalog_номенклатура,874d0454-b374-11ee-9c4c-005056893620,00-00010055,Контейнероопрокидыватель КОБ3,Контейнероопрокидыватель КОБ3,de1714af-8a12-11e7-af1d-30f7727a492e,false,false
Номенклатура — исходный каталог,raw.catalog_номенклатура,d2bcb8ba-f524-11eb-9c3a-00505689ff45,АК-00003586,Конфиделин Инсектицид,Конфиделин Инсектицид,f9d67774-531d-11f0-b811-005056bde474,false,false
Номенклатура — исходный каталог,raw.catalog_номенклатура,d2bcb8bb-f524-11eb-9c3a-00505689ff45,АК-00003587,Конфиделин Супер Инсектицид,Конфиделин Супер Инсектицид,f9d67774-531d-11f0-b811-005056bde474,false,false
Номенклатура — исходный каталог,raw.catalog_номенклатура,d2bcb8bc-f524-11eb-9c3a-00505689ff45,АК-00003588,Конфидор Инсектицид,Конфидор Инсектицид,f9d67774-531d-11f0-b811-005056bde474,false,false
Номенклатура — исходный каталог,raw.catalog_номенклатура,d2bcb8bd-f524-11eb-9c3a-00505689ff45,АК-00003589,Кораген Инсектицид,Кораген Инсектицид,f9d67774-531d-11f0-b811-005056bde474,false,false
Номенклатура — исходный каталог,raw.catalog_номенклатура,d2bcb8be-f524-11eb-9c3a-00505689ff45,АК-00003590,Корадо Инсектицид,Корадо Инсектицид,f9d67774-531d-11f0-b811-005056bde474,false,false
Номенклатура — исходный каталог,raw.catalog_номенклатура,3e332582-d975-11eb-6c92-fa163e0d31f7,БП-00004394,Корм для пчел Би Фонда 1 кг,Корм для пчел Би Фонда 1 кг,65439ec8-d96f-11eb-6c92-fa163e0d31f7,false,false
Номенклатура — исходный каталог,raw.catalog_номенклатура,41231dde-d974-11eb-6c92-fa163e0d31f7,БП-00004390,"Кормушка пластиковая 2,4л","Кормушка пластиковая 2,4л",65439ec8-d96f-11eb-6c92-fa163e0d31f7,false,false
Номенклатура — исходный каталог,raw.catalog_номенклатура,51f44f41-a6a4-11ec-9c42-00505689c8d9,00-00006387,"Кормушка пластиковая 3,5 л","Кормушка пластиковая 3,5 л",65439ec8-d96f-11eb-6c92-fa163e0d31f7,false,false
Номенклатура — исходный каталог,raw.catalog_номенклатура,50b9342b-16f4-11ed-9c43-cb6d75bb653b,00-00006847,Корневин СП,Корневин СП,e1243393-532a-11f0-b811-005056bde474,false,false
Номенклатура — исходный каталог,raw.catalog_номенклатура,eb53b14c-d96f-11eb-6c92-fa163e0d31f7,БП-00004368,Корпус Дадан Стандарт производство РБ ,Корпус Дадан Стандарт производство РБ ,65439ec8-d96f-11eb-6c92-fa163e0d31f7,false,false
Номенклатура — исходный каталог,raw.catalog_номенклатура,a1214032-7d6f-11ea-9528-30f7727a492e,00-00002541,Корпус МТЗ-1221 подшипника РУП МТЗ,Корпус МТЗ-1221 подшипника РУП МТЗ,9b060c03-71d9-11e7-85a2-d43d7eec442d,false,false
Номенклатура — исходный каталог,raw.catalog_номенклатура,c8e407c4-d96f-11eb-6c92-fa163e0d31f7,БП-00004367,Корпус Магазин Стандарт производство РБ,Корпус Магазин Стандарт производство РБ,65439ec8-d96f-11eb-6c92-fa163e0d31f7,false,false
Номенклатура — исходный каталог,raw.catalog_номенклатура,b26306f6-94ee-11ea-9529-30f7727a492e,00-00002596,Корпус крепления моста 36246000,Корпус крепления моста 36246000,9b060c03-71d9-11e7-85a2-d43d7eec442d,false,false
Номенклатура — исходный каталог,raw.catalog_номенклатура,b26306f5-94ee-11ea-9529-30f7727a492e,00-00002595,Корпус крепления моста 37956500,Корпус крепления моста 37956500,9b060c03-71d9-11e7-85a2-d43d7eec442d,false,false
Номенклатура — исходный каталог,raw.catalog_номенклатура,b26306f4-94ee-11ea-9529-30f7727a492e,00-00002594,Корпус моста 37955910,Корпус моста 37955910,9b060c03-71d9-11e7-85a2-d43d7eec442d,false,false
Номенклатура — исходный каталог,raw.catalog_номенклатура,646c47f0-447a-11eb-7b94-fa163e0d31f7,БП-00003468,Корпус подшибника Н 026.016.02 (запчасть),Корпус подшибника Н 026.016.02 (запчасть),9b060c03-71d9-11e7-85a2-d43d7eec442d,false,false
Номенклатура — исходный каталог,raw.catalog_номенклатура,37d3e082-b23d-11eb-6d90-fa163e0d31f7,БП-00003964,Корпус распылителя КР-14 в сборе концевой,Корпус распылителя КР-14 в сборе концевой,9b060c03-71d9-11e7-85a2-d43d7eec442d,false,false
Номенклатура — исходный каталог,raw.catalog_номенклатура,f5e2e9ba-c4e0-11ea-9291-fa163ee5d2f9,БП-00002865,Корпус термостата в сборе,Корпус термостата в сборе,9b060c03-71d9-11e7-85a2-d43d7eec442d,false,false
Номенклатура — исходный каталог,raw.catalog_номенклатура,50c0ef5a-ca10-11eb-2782-fa163e0d31f7,БП-00004140,Корпус фильтра тонкой оч.топлива 245-1117081,Корпус фильтра тонкой оч.топлива 245-1117081,9b060c03-71d9-11e7-85a2-d43d7eec442d,false,false
Номенклатура — исходный каталог,raw.catalog_номенклатура,720d8f49-af1f-11f0-b81e-005056bde474,00-00012877,Котел автоматический Pellet Black 135кВт 2R-700,Котел автоматический Pellet Black 135кВт 2R-700,de1714af-8a12-11e7-af1d-30f7727a492e,false,false
Номенклатура — исходный каталог,raw.catalog_номенклатура,56df479b-924f-11ec-9c42-00505689c8d9,00-00006227,"Котел отопительный водогрейный КУППЕР ПРО-42 (2018)",Котел отопительный водогрейный КУППЕР ПРО-42 (2018),de1714af-8a12-11e7-af1d-30f7727a492e,false,false
Номенклатура — исходный каталог,raw.catalog_номенклатура,06a3dd9e-9698-11ea-952a-30f7727a492e,00-00002639,Краги спилковые пятипальные красные КРА202,Краги спилковые пятипальные красные КРА202,9b060c03-71d9-11e7-85a2-d43d7eec442d,false,false
Номенклатура — исходный каталог,raw.catalog_номенклатура,8666469f-3377-11ea-9522-30f7727a492e,00-00002347,Кран 15 бабочка Г-Ш,Кран 15 бабочка Г-Ш,9b060c03-71d9-11e7-85a2-d43d7eec442d,false,false
Номенклатура — исходный каталог,raw.catalog_номенклатура,4bab0f66-d03a-11eb-5d99-fa163e0d31f7,БП-00004233,Кран 20 бабочка Г-Ш,Кран 20 бабочка Г-Ш,9b060c03-71d9-11e7-85a2-d43d7eec442d,false,false
Номенклатура — исходный каталог,raw.catalog_номенклатура,c64fefd0-d039-11eb-5d99-fa163e0d31f7,БП-00004230,Кран 20 ручка Г-Г,Кран 20 ручка Г-Г,9b060c03-71d9-11e7-85a2-d43d7eec442d,false,false
Номенклатура — исходный каталог,raw.catalog_номенклатура,ee4cace4-5686-11eb-1f84-fa163e0d31f7,БП-00003644,Кран ПНД муфта-муфта 32,Кран ПНД муфта-муфта 32,9be0daf4-2e34-11eb-288c-fa163e0d31f7,false,false
Номенклатура — исходный каталог,raw.catalog_номенклатура,6d66e022-5681-11eb-1f84-fa163e0d31f7,БП-00003634,Кран ПНД муфта-муфта 63,Кран ПНД муфта-муфта 63,9be0daf4-2e34-11eb-288c-fa163e0d31f7,false,false
Номенклатура — исходный каталог,raw.catalog_номенклатура,4971e60c-567d-11eb-1f84-fa163e0d31f7,БП-00003626,Кран латун. шар 40 ручка,Кран латун. шар 40 ручка,9be0daf4-2e34-11eb-288c-fa163e0d31f7,false,false
Номенклатура — исходный каталог,raw.catalog_номенклатура,9657c6f0-d038-11eb-5d99-fa163e0d31f7,БП-00004222,Кран латунный шаровый 20 ручка,Кран латунный шаровый 20 ручка,9b060c03-71d9-11e7-85a2-d43d7eec442d,false,false
Номенклатура — исходный каталог,raw.catalog_номенклатура,2020a488-d039-11eb-5d99-fa163e0d31f7,БП-00004225,Кран латунный шаровый 32 ручка,Кран латунный шаровый 32 ручка,9b060c03-71d9-11e7-85a2-d43d7eec442d,false,false
Номенклатура — исходный каталог,raw.catalog_номенклатура,86664692-3377-11ea-9522-30f7727a492e,00-00002336,Кран латунный шаровый 40 ручка,Кран латунный шаровый 40 ручка,9b060c03-71d9-11e7-85a2-d43d7eec442d,false,false
Номенклатура — исходный каталог,raw.catalog_номенклатура,5018905a-a6a5-11ec-9c42-00505689c8d9,00-00006390,Кран металлический,Кран металлический,65439ec8-d96f-11eb-6c92-fa163e0d31f7,false,false
Номенклатура — исходный каталог,raw.catalog_номенклатура,685a7902-af61-11eb-3192-fa163e0d31f7,БП-00003944,Кран мини 3-х проходной для стир. машин 448510,Кран мини 3-х проходной для стир. машин 448510,9b060c03-71d9-11e7-85a2-d43d7eec442d,false,false
Номенклатура — исходный каталог,raw.catalog_номенклатура,f1888e98-33ed-11eb-0e8a-fa163e0d31f7,БП-00003306,Кран муфта-муфта 25,Кран муфта-муфта 25,9be0daf4-2e34-11eb-288c-fa163e0d31f7,false,false
Номенклатура — исходный каталог,raw.catalog_номенклатура,99fcde10-33f0-11eb-0e8a-fa163e0d31f7,БП-00003323,Кран пластиковый 20,Кран пластиковый 20,9be0daf4-2e34-11eb-288c-fa163e0d31f7,false,false
Номенклатура — исходный каталог,raw.catalog_номенклатура,31123980-33f1-11eb-0e8a-fa163e0d31f7,БП-00003325,Кран пластиковый 20 1/2 НР,Кран пластиковый 20 1/2 НР,9be0daf4-2e34-11eb-288c-fa163e0d31f7,false,false
Номенклатура — исходный каталог,raw.catalog_номенклатура,1b7de8d6-567d-11eb-1f84-fa163e0d31f7,БП-00003625,Кран пластиковый 32(5),Кран пластиковый 32(5),9be0daf4-2e34-11eb-288c-fa163e0d31f7,false,false
Номенклатура — исходный каталог,raw.catalog_номенклатура,04e9d761-5d35-11ee-9c4f-00505689ff45,00-00009591,Кран стартовый лайфлет-лента стандарт,Кран стартовый лайфлет-лента стандарт,3d287ad3-5d34-11ee-9c4f-00505689ff45,false,false
Номенклатура — исходный каталог,raw.catalog_номенклатура,72884398-a6a6-11ec-9c42-00505689c8d9,00-00006394,Крашка для стола 1м,Крашка для стола 1м,65439ec8-d96f-11eb-6c92-fa163e0d31f7,false,false
Номенклатура — исходный каталог,raw.catalog_номенклатура,d2bcb8bf-f524-11eb-9c3a-00505689ff45,АК-00003591,Кредо Инсектицид,Кредо Инсектицид,2eaeac4d-5322-11f0-b811-005056bde474,false,false
Номенклатура — исходный каталог,raw.catalog_номенклатура,b756edc8-f2d9-11eb-9c3a-00505689ff45,АК-00003287,"Кредо, СК Фунгицид ","Кредо, СК Фунгицид ",2eaeac4d-5322-11f0-b811-005056bde474,false,false
Номенклатура — исходный каталог,raw.catalog_номенклатура,9fdc3fea-5657-11eb-1f84-fa163e0d31f7,БП-00003581,Крепеж,Крепеж,9be0daf4-2e34-11eb-288c-fa163e0d31f7,false,false
Номенклатура — исходный каталог,raw.catalog_номенклатура,99ab8b8e-924e-11ec-9c42-00505689c8d9,00-00006225,Крепеж д.300 (серый) ,Крепеж д.300 (серый) ,de1714af-8a12-11e7-af1d-30f7727a492e,false,false
Номенклатура — исходный каталог,raw.catalog_номенклатура,31dbd380-5705-11eb-a997-fa163e0d31f7,БП-00003653,Крепление сантехническое набор,Крепление сантехническое набор,9be0daf4-2e34-11eb-288c-fa163e0d31f7,false,false
Номенклатура — исходный каталог,raw.catalog_номенклатура,3cde2af0-33e0-11eb-0e8a-fa163e0d31f7,БП-00003282,Крестовина  КАМАЗ вала карданного большая (57х152 мм),Крестовина  КАМАЗ вала карданного большая (57х152 мм),9b060c03-71d9-11e7-85a2-d43d7eec442d,false,false
Номенклатура — исходный каталог,raw.catalog_номенклатура,f74dc6d8-1fdc-11ea-9522-30f7727a492e,00-00002292,Крестовина  УАЗ вала карданного с масленкой и стопорными кольцами,Крестовина  УАЗ вала карданного с масленкой и стопорными кольцами,9b060c03-71d9-11e7-85a2-d43d7eec442d,false,false
Номенклатура — исходный каталог,raw.catalog_номенклатура,3beefafc-0012-11ec-9c3a-00505689ff45,АК-00003952,Крестовина в сборе W2580,Крестовина в сборе W2580,9b060c03-71d9-11e7-85a2-d43d7eec442d,false,false
Номенклатура — исходный каталог,raw.catalog_номенклатура,e6b21846-1763-11eb-2d86-fa163e0d31f7,БП-00003170,Крестовина в сборе W2600,Крестовина в сборе W2600,9b060c03-71d9-11e7-85a2-d43d7eec442d,false,false
Номенклатура — исходный каталог,raw.catalog_номенклатура,57c9eb3e-d038-11eb-5d99-fa163e0d31f7,БП-00004220,Крестовина ник. 20,Крестовина ник. 20,9b060c03-71d9-11e7-85a2-d43d7eec442d,false,false
Номенклатура — исходный каталог,raw.catalog_номенклатура,a8ad66d8-92c7-11eb-0c80-fa163e0d31f7,БП-00003825,Кронштейн  36073100,Кронштейн  36073100,9b060c03-71d9-11e7-85a2-d43d7eec442d,false,false
Номенклатура — исходный каталог,raw.catalog_номенклатура,7ef4d0a6-92c7-11eb-0c80-fa163e0d31f7,БП-00003824,Кронштейн  36073200,Кронштейн  36073200,9b060c03-71d9-11e7-85a2-d43d7eec442d,false,false
Номенклатура — исходный каталог,raw.catalog_номенклатура,db0aa7ba-0177-11ea-951c-30f7727a492e,00-00002134,Кронштейн  генератора ЯМЗ-240,Кронштейн  генератора ЯМЗ-240,9b060c03-71d9-11e7-85a2-d43d7eec442d,false,false
Номенклатура — исходный каталог,raw.catalog_номенклатура,15953454-fccf-11ea-0b91-fa163ee5d2f9,БП-00003031,Кронштейн КПБ-2-103400А,Кронштейн КПБ-2-103400А,9b060c03-71d9-11e7-85a2-d43d7eec442d,false,false
Номенклатура — исходный каталог,raw.catalog_номенклатура,26acbe06-fccf-11ea-0b91-fa163ee5d2f9,БП-00003032,Кронштейн КПБ-2-103400А-01,Кронштейн КПБ-2-103400А-01,9b060c03-71d9-11e7-85a2-d43d7eec442d,false,false
Номенклатура — исходный каталог,raw.catalog_номенклатура,bf7c62da-fccf-11ea-0b91-fa163ee5d2f9,БП-00003035,Кронштейн КПБ-260-2-0103280,Кронштейн КПБ-260-2-0103280,9b060c03-71d9-11e7-85a2-d43d7eec442d,false,false
Номенклатура — исходный каталог,raw.catalog_номенклатура,90db224e-b23d-11eb-6d90-fa163e0d31f7,БП-00003966,Кронштейн СК 4.10.03.100,Кронштейн СК 4.10.03.100,9b060c03-71d9-11e7-85a2-d43d7eec442d,false,false
Номенклатура — исходный каталог,raw.catalog_номенклатура,aba0c37c-b23d-11eb-6d90-fa163e0d31f7,БП-00003967,Кронштейн СК 4.10.03.200,Кронштейн СК 4.10.03.200,9b060c03-71d9-11e7-85a2-d43d7eec442d,false,false
Номенклатура — исходный каталог,raw.catalog_номенклатура,151b6eda-befd-11eb-1998-fa163e0d31f7,БП-00004033,Кронштейн компрессора 35398020,Кронштейн компрессора 35398020,9b060c03-71d9-11e7-85a2-d43d7eec442d,false,false
Номенклатура — исходный каталог,raw.catalog_номенклатура,97bc4428-f62c-11e9-9519-30f7727a492e,00-00002127,Круг лепест 125х22мм п/металлу зерно 40,Круг лепест 125х22мм п/металлу зерно 40,9b060c03-71d9-11e7-85a2-d43d7eec442d,false,false
Номенклатура — исходный каталог,raw.catalog_номенклатура,866646a7-3377-11ea-9522-30f7727a492e,00-00002352,Круг лепест 125х22мм п/металлу зерно 60,Круг лепест 125х22мм п/металлу зерно 60,9b060c03-71d9-11e7-85a2-d43d7eec442d,false,false
Номенклатура — исходный каталог,raw.catalog_номенклатура,866646a8-3377-11ea-9522-30f7727a492e,00-00002353,Круг лепест 125х22мм п/металлу зерно 80,Круг лепест 125х22мм п/металлу зерно 80,9b060c03-71d9-11e7-85a2-d43d7eec442d,false,false
Номенклатура — исходный каталог,raw.catalog_номенклатура,501fff54-ff7f-11ed-9c4e-00505689ff45,00-00008068,"Круг отрезной  метал.230х2,0х22А","Круг отрезной  метал.230х2,0х22А",9b060c02-71d9-11e7-85a2-d43d7eec442d,false,false
Номенклатура — исходный каталог,raw.catalog_номенклатура,9b060c1a-71d9-11e7-85a2-d43d7eec442d,00000157   ,"Круг отрезной 125х1,2х22","Круг отрезной 125х1,2х22",9b060c03-71d9-11e7-85a2-d43d7eec442d,false,false
Номенклатура — исходный каталог,raw.catalog_номенклатура,d2bcb8c0-f524-11eb-9c3a-00505689ff45,АК-00003592,Круйзер Рапс Р Инсектицид,Круйзер Рапс Р Инсектицид,668204c4-5324-11f0-b811-005056bde474,false,false
Номенклатура — исходный каталог,raw.catalog_номенклатура,129f92ca-d970-11eb-6c92-fa163e0d31f7,БП-00004369,Крыша Стандарт производство РБ ,Крыша Стандарт производство РБ ,65439ec8-d96f-11eb-6c92-fa163e0d31f7,false,false
Номенклатура — исходный каталог,raw.catalog_номенклатура,1626e802-695a-11eb-159e-fa163e0d31f7,БП-00003684,Крышка не формованная для поддона 1260х600х60,Крышка не формованная для поддона 1260х600х60,25037614-4216-11f1-b821-005056bde474,false,false
Номенклатура — исходный каталог,raw.catalog_номенклатура,24a7239c-447a-11eb-7b94-fa163e0d31f7,БП-00003467,Крышка подшибника Н 026.116 (запчасть),Крышка подшибника Н 026.116 (запчасть),9b060c03-71d9-11e7-85a2-d43d7eec442d,false,false
Номенклатура — исходный каталог,raw.catalog_номенклатура,2a80a86c-af53-11eb-3192-fa163e0d31f7,БП-00003941,Крышка расширительного бачка Газель,Крышка расширительного бачка Газель,9b060c03-71d9-11e7-85a2-d43d7eec442d,false,false
Номенклатура — исходный каталог,raw.catalog_номенклатура,adc30910-d972-11eb-6c92-fa163e0d31f7,БП-00004380,Куботейнер 12л,Куботейнер 12л,65439ec8-d96f-11eb-6c92-fa163e0d31f7,false,false
Номенклатура — исходный каталог,raw.catalog_номенклатура,1b9d7f9f-a6a4-11ec-9c42-00505689c8d9,00-00006386,Куботейнер 23л,Куботейнер 23л,65439ec8-d96f-11eb-6c92-fa163e0d31f7,false,false
Номенклатура — исходный каталог,raw.catalog_номенклатура,e2ed8f83-3fde-11ec-9c41-00505689db63,АК-00005542,Культивация,Культивация,52c3cca5-0968-11f0-b80e-005056bde474,false,false
Номенклатура — исходный каталог,raw.catalog_номенклатура,466985e9-5793-11ea-8118-d43d7ec071d4,00-00002472,Культуртехнические работы ,Культуртехнические работы ,2b7f4a61-094c-11f0-b80e-005056bde474,false,false
Номенклатура — исходный каталог,raw.catalog_номенклатура,d2bcb8c1-f524-11eb-9c3a-00505689ff45,АК-00003593,Кунгфу Инсектицид,Кунгфу Инсектицид,f9d67774-531d-11f0-b811-005056bde474,false,false
Номенклатура — исходный каталог,raw.catalog_номенклатура,d2bcb8c2-f524-11eb-9c3a-00505689ff45,АК-00003594,Кунгфу Супер Инсектицид,Кунгфу Супер Инсектицид,f9d67774-531d-11f0-b811-005056bde474,false,false
Номенклатура — исходный каталог,raw.catalog_номенклатура,8aa2a117-ff38-11ef-b80e-005056bde474,00-00011745,Курьерские услуги,Курьерские услуги,34f83455-094c-11f0-b80e-005056bde474,false,false
Номенклатура — исходный каталог,raw.catalog_номенклатура,2baee99b-a061-11f0-b81d-005056bde474,00-00012777,Кусачки 1PK-5101-E антистатические Pro'sKit ProsKit ,Кусачки 1PK-5101-E антистатические Pro'sKit ProsKit ,887c5af7-51c7-11f0-b811-005056bde474,false,false
Номенклатура — исходный каталог,raw.catalog_номенклатура,d2bcb8c3-f524-11eb-9c3a-00505689ff45,АК-00003595,Кэнсел Инсектицид,Кэнсел Инсектицид,2eaeac4d-5322-11f0-b811-005056bde474,false,false
Номенклатура — исходный каталог,raw.catalog_номенклатура,f6752bf8-b303-11e7-a3e0-94de80168a80,00-00000367,Лабораторная диагностика и  гельминтологическая экспертиза образцов,Лабораторная диагностика и  гельминтологическая экспертиза образцов,2b7f4a51-094c-11f0-b80e-005056bde474,false,false
Номенклатура — исходный каталог,raw.catalog_номенклатура,461567b4-f350-11eb-9c3a-00505689ff45,АК-00003307,"Лазурит Супер,КНЭ Гербицид ","Лазурит Супер,КНЭ Гербицид ",5e0b1519-531c-11f0-b811-005056bde474,false,false
Номенклатура — исходный каталог,raw.catalog_номенклатура,5c790281-09b0-11ee-9c4e-00505689ff45,00-00008125,Лазурит Ультра СК Гербицид ,Лазурит Ультра СК Гербицид ,5e0b1519-531c-11f0-b811-005056bde474,false,false
Номенклатура — исходный каталог,raw.catalog_номенклатура,cbbdc86f-5d34-11ee-9c4f-00505689ff45,00-00009590,"Лайфлет диаметр 110мм,4 атм,Корея","Лайфлет диаметр 110мм,4 атм,Корея",3d287ad3-5d34-11ee-9c4f-00505689ff45,false,false
Номенклатура — исходный каталог,raw.catalog_номенклатура,d2bcb8c4-f524-11eb-9c3a-00505689ff45,АК-00003596,Ламадор Инсектицид,Ламадор Инсектицид,668204c4-5324-11f0-b811-005056bde474,false,false
Номенклатура — исходный каталог,raw.catalog_номенклатура,d2bcb8c5-f524-11eb-9c3a-00505689ff45,АК-00003597,Ламадор Про Инсектицид,Ламадор Про Инсектицид,668204c4-5324-11f0-b811-005056bde474,false,false
Номенклатура — исходный каталог,raw.catalog_номенклатура,604a56a8-871e-11eb-539b-fa163e0d31f7,БП-00003780,Лампа 12V автомобильная без цокаля,Лампа 12V автомобильная без цокаля,9b060c03-71d9-11e7-85a2-d43d7eec442d,false,false
Номенклатура — исходный каталог,raw.catalog_номенклатура,54a534c6-8b06-11eb-4b87-fa163e0d31f7,БП-00003792,Лампа 12v -R5W BA15s увеличенный срок службы Long Life HNG 12150,Лампа 12v -R5W BA15s увеличенный срок службы Long Life HNG 12150,9b060c03-71d9-11e7-85a2-d43d7eec442d,false,false
Номенклатура — исходный каталог,raw.catalog_номенклатура,8dd99aea-af53-11eb-3192-fa163e0d31f7,БП-00003942,Лампа 12v -Н7 55W РХ26d  OSRAM,Лампа 12v -Н7 55W РХ26d  OSRAM,9b060c03-71d9-11e7-85a2-d43d7eec442d,false,false
Номенклатура — исходный каталог,raw.catalog_номенклатура,8d5ea61c-5864-11ea-9525-30f7727a492e,00-00002499,Лампа voleo Н4,Лампа voleo Н4,9b060c03-71d9-11e7-85a2-d43d7eec442d,false,false
Номенклатура — исходный каталог,raw.catalog_номенклатура,d2bcb8c7-f524-11eb-9c3a-00505689ff45,АК-00003599,Ланнат 20 Л Инсектицид,Ланнат 20 Л Инсектицид,f9d67774-531d-11f0-b811-005056bde474,false,false
Номенклатура — исходный каталог,raw.catalog_номенклатура,d2bcb8c6-f524-11eb-9c3a-00505689ff45,АК-00003598,Ланнат Инсектицид,Ланнат Инсектицид,f9d67774-531d-11f0-b811-005056bde474,false,false
Номенклатура — исходный каталог,raw.catalog_номенклатура,d2bcb8c8-f524-11eb-9c3a-00505689ff45,АК-00003600,Ланта Инсектицид,Ланта Инсектицид,2eaeac4d-5322-11f0-b811-005056bde474,false,false
Номенклатура — исходный каталог,raw.catalog_номенклатура,4ea129d0-c4fb-11ea-9291-fa163ee5d2f9,БП-00002870,"Лапа КПЭ,КТС 410мм наплавл. Рубцовск","Лапа КПЭ,КТС 410мм наплавл. Рубцовск",9b060c03-71d9-11e7-85a2-d43d7eec442d,false,false
Номенклатура — исходный каталог,raw.catalog_номенклатура,a3337609-5f71-11ea-9525-30f7727a492e,00-00002504,"Лапы на Мотор-редуктор С212-Р-36,8-S1-ВЗМ(крот)","Лапы на Мотор-редуктор С212-Р-36,8-S1-ВЗМ(крот)",9b060c03-71d9-11e7-85a2-d43d7eec442d,false,false
Номенклатура — исходный каталог,raw.catalog_номенклатура,d2bcb8c9-f524-11eb-9c3a-00505689ff45,АК-00003601,Ларимар Инсектицид,Ларимар Инсектицид,2eaeac4d-5322-11f0-b811-005056bde474,false,false
Номенклатура — исходный каталог,raw.catalog_номенклатура,49c12aa1-6159-11eb-9c2d-0050560417d5,00-00002838,Легкая переработка,,8ebc4461-6157-11eb-9c2d-0050560417d5,true,false
Номенклатура — исходный каталог,raw.catalog_номенклатура,9aceaff5-6159-11eb-9c2d-0050560417d5,00-00002842,Легкая переработка,,9f5c070c-6157-11eb-9c2d-0050560417d5,true,false
Номенклатура — исходный каталог,raw.catalog_номенклатура,c2e17b14-6158-11eb-9c2d-0050560417d5,00-00002831,Легкая переработка,,5c4201d0-6157-11eb-9c2d-0050560417d5,true,false
Номенклатура — исходный каталог,raw.catalog_номенклатура,f51bb399-6159-11eb-9c2d-0050560417d5,00-00002849,Легкая переработка,,b0cff9fe-6157-11eb-9c2d-0050560417d5,true,false
Номенклатура — исходный каталог,raw.catalog_номенклатура,b6d1be61-99bc-11ea-952a-30f7727a492e,00-00002707,Лемех наплавленный ПНЧС 01-700  Алмаз Premium,Лемех наплавленный ПНЧС 01-700  Алмаз Premium,9b060c03-71d9-11e7-85a2-d43d7eec442d,false,false
Номенклатура — исходный каталог,raw.catalog_номенклатура,9e776d6c-8b06-11eb-4b87-fa163e0d31f7,БП-00003793,Лената МТЗ ВОМ без рычага широкая (56мм) БЗТДиА,Лената МТЗ ВОМ без рычага широкая (56мм) БЗТДиА,9b060c03-71d9-11e7-85a2-d43d7eec442d,false,false
Номенклатура — исходный каталог,raw.catalog_номенклатура,d97f3a70-8b06-11eb-4b87-fa163e0d31f7,БП-00003794,Лента МТЗ ВОМ с рычагом узкая 34 мм,Лента МТЗ ВОМ с рычагом узкая 34 мм,9b060c03-71d9-11e7-85a2-d43d7eec442d,false,false
Номенклатура — исходный каталог,raw.catalog_номенклатура,3ca52361-7405-11ef-9c5d-00505689ff45,00-00011056,Лента ФУМ,Лента ФУМ,9be0daf4-2e34-11eb-288c-fa163e0d31f7,false,false
Номенклатура — исходный каталог,raw.catalog_номенклатура,63f770de-567b-11eb-1f84-fa163e0d31f7,БП-00003618,Лента ФУМ 15м*19мм ,Лента ФУМ 15м*19мм ,9be0daf4-2e34-11eb-288c-fa163e0d31f7,false,false
Номенклатура — исходный каталог,raw.catalog_номенклатура,b7a9210f-18e0-11ef-9c4f-005056893620,00-00010580,"Лента ФУМ 16м*19мм *0,25 мм","Лента ФУМ 16м*19мм *0,25 мм",9b060c02-71d9-11e7-85a2-d43d7eec442d,false,false
Номенклатура — исходный каталог,raw.catalog_номенклатура,ad596fd4-5680-11eb-1f84-fa163e0d31f7,БП-00003633,Лента ФУМ 20м*12мм ,Лента ФУМ 20м*12мм ,9be0daf4-2e34-11eb-288c-fa163e0d31f7,false,false
Номенклатура — исходный каталог,raw.catalog_номенклатура,c2553314-33ee-11eb-0e8a-fa163e0d31f7,БП-00003312,"Лента Фум 12мм*0,1мм*20м","Лента Фум 12мм*0,1мм*20м",9be0daf4-2e34-11eb-288c-fa163e0d31f7,false,false
Номенклатура — исходный каталог,raw.catalog_номенклатура,504529f3-5d34-11ee-9c4f-00505689ff45,00-00009588,Лента капельная Neo-Drip 1.6л 6mil шаг 10см,Лента капельная Neo-Drip 1.6л 6mil шаг 10см,3d287ad3-5d34-11ee-9c4f-00505689ff45,false,false
Номенклатура — исходный каталог,raw.catalog_номенклатура,86dbaa64-5d34-11ee-9c4f-00505689ff45,00-00009589,Лента капельная Neo-Drip 1.6л 6mil шаг 20см,Лента капельная Neo-Drip 1.6л 6mil шаг 20см,3d287ad3-5d34-11ee-9c4f-00505689ff45,false,false
Номенклатура — исходный каталог,raw.catalog_номенклатура,5a86ecd9-427f-11ea-9524-30f7727a492e,00-00002461,"Лента конвейерная 2Л-2-БКНЛ-65-2-1,5/1,5 в кольце 630*6050*5 мм","Лента конвейерная 2Л-2-БКНЛ-65-2-1,5/1,5 в кольце 630*6050*5 мм",9b060c03-71d9-11e7-85a2-d43d7eec442d,false,false
Номенклатура — исходный каталог,raw.catalog_номенклатура,a14732b8-2e3e-11eb-288c-fa163e0d31f7,БП-00003241,Лента конвейерная резинотканевая 4-300х1-ТК-200-1/1 НБ HIMPT толщ. 3-4 мм,Лента конвейерная резинотканевая 4-300х1-ТК-200-1/1 НБ HIMPT толщ. 3-4 мм,9b060c03-71d9-11e7-85a2-d43d7eec442d,false,false
Номенклатура — исходный каталог,raw.catalog_номенклатура,b8a3b0cb-4214-11f1-b821-005056bde474,00-00014104,Лента ламинированная,,a986fb07-0a39-11f0-b80e-005056bde474,true,false
Номенклатура — исходный каталог,raw.catalog_номенклатура,1778d156-b80b-11f0-b81e-005056bde474,00-00012962,"Лента ламинированная 120мм Картофель ""Лесные дали"" белый","Лента ламинированная 120мм Картофель ""Лесные дали"" белый",b8a3b0cb-4214-11f1-b821-005056bde474,false,false
Номенклатура — исходный каталог,raw.catalog_номенклатура,92ca95f3-b80b-11f0-b81e-005056bde474,00-00012963,"Лента ламинированная 120мм Картофель ""Лесные дали"" красный","Лента ламинированная 120мм Картофель ""Лесные дали"" красный",b8a3b0cb-4214-11f1-b821-005056bde474,false,false
Номенклатура — исходный каталог,raw.catalog_номенклатура,a7e99d1e-9a67-11ee-9c4a-005056893620,00-00009916,Лента ламинированная 120мм Картофель Обезличка,Лента ламинированная 120мм Картофель Обезличка,b8a3b0cb-4214-11f1-b821-005056bde474,false,false
Номенклатура — исходный каталог,raw.catalog_номенклатура,8aad7368-a4db-11f0-b81e-005056bde474,00-00012863,Лента ламинированная 160 FRESH для варки (1000м),Лента ламинированная 160 FRESH для варки (1000м),b8a3b0cb-4214-11f1-b821-005056bde474,false,false
Номенклатура — исходный каталог,raw.catalog_номенклатура,9aa85f6a-a4da-11f0-b81e-005056bde474,00-00012862,Лента ламинированная 160 FRESH для жарки (1000м),Лента ламинированная 160 FRESH для жарки (1000м),b8a3b0cb-4214-11f1-b821-005056bde474,false,false
Номенклатура — исходный каталог,raw.catalog_номенклатура,7fd63d24-fcfd-11f0-b81e-005056bde474,00-00013650,"Лента полипропиленовая 12x0,5 мм, 500 м., 125 кгс, белая","Лента полипропиленовая 12x0,5 мм, 500 м., 125 кгс, белая",9b060c02-71d9-11e7-85a2-d43d7eec442d,false,false
Номенклатура — исходный каталог,raw.catalog_номенклатура,4f1ed016-a3ee-11ee-9c4c-005056893620,00-00010006,Лента прошивная 70мм,Лента прошивная 70мм,974cc8a9-4216-11f1-b821-005056bde474,false,false
Номенклатура — исходный каталог,raw.catalog_номенклатура,595a7022-fe3d-11ea-7580-fa163ee5d2f9,БП-00003047,Лента узкая для WR-30 6000/85,Лента узкая для WR-30 6000/85,9b060c03-71d9-11e7-85a2-d43d7eec442d,false,false
Номенклатура — исходный каталог,raw.catalog_номенклатура,d2bcb8ca-f524-11eb-9c3a-00505689ff45,АК-00003602,Лепидоцид 2066-10-301-071-0-0-3-1 Инсектицид,Лепидоцид 2066-10-301-071-0-0-3-1 Инсектицид,f9d67774-531d-11f0-b811-005056bde474,false,false
Номенклатура — исходный каталог,raw.catalog_номенклатура,d2bcb8cb-f524-11eb-9c3a-00505689ff45,АК-00003603,Лепидоцид 2072-10-301-071-0-0-3-1 Инсектицид,Лепидоцид 2072-10-301-071-0-0-3-1 Инсектицид,f9d67774-531d-11f0-b811-005056bde474,false,false
Номенклатура — исходный каталог,raw.catalog_номенклатура,d2bcb8cc-f524-11eb-9c3a-00505689ff45,АК-00003604,Лепидоцид 2073-10-301-071-0-0-3-1 Инсектицид,Лепидоцид 2073-10-301-071-0-0-3-1 Инсектицид,f9d67774-531d-11f0-b811-005056bde474,false,false
Номенклатура — исходный каталог,raw.catalog_номенклатура,d2bcb8cd-f524-11eb-9c3a-00505689ff45,АК-00003605,Лептоцид Инсектицид,Лептоцид Инсектицид,f9d67774-531d-11f0-b811-005056bde474,false,false
Номенклатура — исходный каталог,raw.catalog_номенклатура,ce46395e-d973-11eb-6c92-fa163e0d31f7,БП-00004387,Летковый заградитепь,"Летковый заградитепь 
",65439ec8-d96f-11eb-6c92-fa163e0d31f7,false,false
Номенклатура — исходный каталог,raw.catalog_номенклатура,aa3e29ea-d973-11eb-6c92-fa163e0d31f7,БП-00004386,Летковый заградитепь с задвижкой 185 мм ,"Летковый заградитепь с задвижкой 185 мм 
",65439ec8-d96f-11eb-6c92-fa163e0d31f7,false,false
Номенклатура — исходный каталог,raw.catalog_номенклатура,49d4f76e-d973-11eb-6c92-fa163e0d31f7,БП-00004383,Летковый заградитепь с задвижкой из нержавеющей стали 230 мм ,"Летковый заградитепь с задвижкой из нержавеющей стали 230 мм 
",65439ec8-d96f-11eb-6c92-fa163e0d31f7,false,false
Номенклатура — исходный каталог,raw.catalog_номенклатура,9eb73144-36df-11f0-b80e-005056bde474,00-00012342,"Либертадор, СК","Либертадор, СК",2eaeac4d-5322-11f0-b811-005056bde474,false,false
Номенклатура — исходный каталог,raw.catalog_номенклатура,3a1db1b9-f7d0-11f0-b81e-005056bde474,00-00013614,Линия воздушной чистки,Линия воздушной чистки,de1714af-8a12-11e7-af1d-30f7727a492e,false,false
Номенклатура — исходный каталог,raw.catalog_номенклатура,2c252172-6146-11ef-9c5c-00505689ff45,00-00010913,Линия для упаковки овощей NEWTEC (Кормплектация 2),Линия для упаковки овощей NEWTEC (Кормплектация 2),de1714af-8a12-11e7-af1d-30f7727a492e,false,false
Номенклатура — исходный каталог,raw.catalog_номенклатура,691c148c-f7d0-11f0-b81e-005056bde474,00-00013616,Линия термоусадки,Линия термоусадки,de1714af-8a12-11e7-af1d-30f7727a492e,false,false
Номенклатура — исходный каталог,raw.catalog_номенклатура,4d72fc7e-531d-11f0-b811-005056bde474,00-00012477,Листовые подкормки ,,9088eeaa-75dc-11e7-af18-30f7727a492e,true,false
Номенклатура — исходный каталог,raw.catalog_номенклатура,8d152ac4-3d8d-11f1-b821-005056bde474,00-00014085,Литол,,9088ee9f-75dc-11e7-af18-30f7727a492e,true,false
Номенклатура — исходный каталог,raw.catalog_номенклатура,5121e35a-9884-11e7-a3d3-94de80168a80,00-00000325,Лицензирование на право использования програмного обеспечения ,Лицензирование на право использования програмного обеспечения ,1aeb232b-094c-11f0-b80e-005056bde474,false,false
Номенклатура — исходный каталог,raw.catalog_номенклатура,4a26b8dc-52b4-11f1-b821-005056bde474,00-00014391,Лицензия Kaspersky Endpoint Security для бизнеса – Стандартный Russian Edition. 15-19 Node 1 year,Лицензия Kaspersky Endpoint Security для бизнеса – Стандартный Russian Edition. 15-19 Node 1 year Renewal License,1aeb232b-094c-11f0-b80e-005056bde474,false,false
Номенклатура — исходный каталог,raw.catalog_номенклатура,86158734-d973-11eb-6c92-fa163e0d31f7,БП-00004385,Ловушка для шершней ,"Ловушка для шершней 
",65439ec8-d96f-11eb-6c92-fa163e0d31f7,false,false
Номенклатура — исходный каталог,raw.catalog_номенклатура,3a3cfff6-695a-11eb-159e-fa163e0d31f7,БП-00003685,Лоток для поддона 1260х600х60,Лоток для поддона 1260х600х60,25037614-4216-11f1-b821-005056bde474,false,false
Номенклатура — исходный каталог,raw.catalog_номенклатура,25285f6c-4901-11eb-2f8d-fa163e0d31f7,БП-00003501,Лук,Лук,11fe6148-4901-11eb-2f8d-fa163e0d31f7,false,false
Номенклатура — исходный каталог,raw.catalog_номенклатура,8aba610e-4901-11eb-2f8d-fa163e0d31f7,БП-00003502,Лук в в/у,Лук в вакуумной упаковке,11fe6148-4901-11eb-2f8d-fa163e0d31f7,false,false
Номенклатура — исходный каталог,raw.catalog_номенклатура,1c634379-3dd6-11ee-9c4e-00505689ff45,00-00008547,Любаша РС1 Сетка - чулок (3шт.)  Без полива,Чеснок Любаша 1 репродукции сетка-чулок 3шт ( вложений в коробку может быть 30 шт/50шт/60шт.). Без полива,dd7c8b71-6156-11eb-9c2d-0050560417d5,false,false
Номенклатура — исходный каталог,raw.catalog_номенклатура,f570e737-3dd4-11ee-9c4e-00505689ff45,00-00008546,Любаша РС1 Сетка - чулок (3шт.)  Полив,Чеснок Любаша 1 репродукции сетка-чулок 3шт ( вложений в коробку может быть 30 шт/50шт/60шт.). Под поливом,dd7c8b71-6156-11eb-9c2d-0050560417d5,false,false
Номенклатура — исходный каталог,raw.catalog_номенклатура,394a3d76-3dd6-11ee-9c4e-00505689ff45,00-00008549,Любаша РС1 весовой Коробка 3 кг Без полива,Чеснок Любаша 1 репродукции коробка 3 кг Без полива,dd7c8b71-6156-11eb-9c2d-0050560417d5,false,false
Номенклатура — исходный каталог,raw.catalog_номенклатура,394a3d74-3dd6-11ee-9c4e-00505689ff45,00-00008548,Любаша РС1 весовой Коробка 3 кг Полив,Чеснок Любаша 1 репродукции коробка 3 кг. Под поливом,dd7c8b71-6156-11eb-9c2d-0050560417d5,false,false
Номенклатура — исходный каталог,raw.catalog_номенклатура,394a3d78-3dd6-11ee-9c4e-00505689ff45,00-00008551,Любаша РС1 весовой Коробка 5 кг Без полива,Чеснок Любаша 1 репродукции коробка 5 кг Без полива,dd7c8b71-6156-11eb-9c2d-0050560417d5,false,false
Номенклатура — исходный каталог,raw.catalog_номенклатура,394a3d77-3dd6-11ee-9c4e-00505689ff45,00-00008550,Любаша РС1 весовой Коробка 5 кг Полив,Чеснок Любаша 1 репродукции коробка 5 кг. Под поливом,dd7c8b71-6156-11eb-9c2d-0050560417d5,false,false
Номенклатура — исходный каталог,raw.catalog_номенклатура,394a3d7a-3dd6-11ee-9c4e-00505689ff45,00-00008553,Любаша РС1 весовой Коробка 6 кг Без полива,Чеснок Любаша 1 репродукции коробка 6 кг Без полива,dd7c8b71-6156-11eb-9c2d-0050560417d5,false,false
Номенклатура — исходный каталог,raw.catalog_номенклатура,394a3d79-3dd6-11ee-9c4e-00505689ff45,00-00008552,Любаша РС1 весовой Коробка 6 кг Полив,Чеснок Любаша 1 репродукции коробка 6 кг. Под поливом,dd7c8b71-6156-11eb-9c2d-0050560417d5,false,false
Номенклатура — исходный каталог,raw.catalog_номенклатура,394a3d7c-3dd6-11ee-9c4e-00505689ff45,00-00008555,Любаша РС1 весовой Сетка на завязке 25кг Без полива,Чеснок Любаша 1 репродукции сетка на завязке 25кг. Без полива,dd7c8b71-6156-11eb-9c2d-0050560417d5,false,false
Номенклатура — исходный каталог,raw.catalog_номенклатура,394a3d7b-3dd6-11ee-9c4e-00505689ff45,00-00008554,Любаша РС1 весовой Сетка на завязке 25кг Полив,Чеснок Любаша 1 репродукции сетка на завязке 25кг. Под поливом,dd7c8b71-6156-11eb-9c2d-0050560417d5,false,false
Номенклатура — исходный каталог,raw.catalog_номенклатура,d2bcb8ce-f524-11eb-9c3a-00505689ff45,АК-00003606,Лямбда-С Инсектицид,Лямбда-С Инсектицид,f9d67774-531d-11f0-b811-005056bde474,false,false
Номенклатура — исходный каталог,raw.catalog_номенклатура,d2bcb8cf-f524-11eb-9c3a-00505689ff45,АК-00003607,Лямдекс Инсектицид,Лямдекс Инсектицид,f9d67774-531d-11f0-b811-005056bde474,false,false
Номенклатура — исходный каталог,raw.catalog_номенклатура,f11db27d-98d4-11ea-952a-30f7727a492e,00-00002671,М 838 Мультиметр цифровой 57599,М 838 Мультиметр цифровой 57599,9b060c03-71d9-11e7-85a2-d43d7eec442d,false,false
Номенклатура — исходный каталог,raw.catalog_номенклатура,99dcdff4-14e3-11ed-9c43-cb6d75bb653b,00-00006835,МИР Кальций-бор ,МИР Кальций-бор,e1243393-532a-11f0-b811-005056bde474,false,false
Номенклатура — исходный каталог,raw.catalog_номенклатура,50d44b25-bfdd-11f0-b81e-005056bde474,00-00012981,"МКР 95*95*180 см 4 ст верх-сборка, низ-люк ","МКР 95*95*180 см 4 ст верх-сборка, низ-люк ",0bce46a7-4216-11f1-b821-005056bde474,false,false
Номенклатура — исходный каталог,raw.catalog_номенклатура,d2bcb8d0-f524-11eb-9c3a-00505689ff45,АК-00003608,Маврик Инсектицид,Маврик Инсектицид,f9d67774-531d-11f0-b811-005056bde474,false,false
Номенклатура — исходный каталог,raw.catalog_номенклатура,d2bcb8d1-f524-11eb-9c3a-00505689ff45,АК-00003609,Магнат Тотал Инсектицид,Магнат Тотал Инсектицид,2eaeac4d-5322-11f0-b811-005056bde474,false,false
Номенклатура — исходный каталог,raw.catalog_номенклатура,d2bcb8d2-f524-11eb-9c3a-00505689ff45,АК-00003610,Магнелло Инсектицид,Магнелло Инсектицид,2eaeac4d-5322-11f0-b811-005056bde474,false,false
Номенклатура — исходный каталог,raw.catalog_номенклатура,7aa09abf-3b95-11f0-b80e-005056bde474,00-00012401,Магниевые удобрения (Mg),,8620e7b8-3b94-11f0-b80e-005056bde474,true,false
Номенклатура — исходный каталог,raw.catalog_номенклатура,44228a10-40bb-11ee-9c4e-00505689ff45,00-00009175,"Мадейра РС2  Сетка-домик 1,5кг. Без полива",Картофель мадейра 2 репродукции бэби мытый сетка домик 1.5кг Без полива,b60b8b28-6156-11eb-9c2d-0050560417d5,false,false
Номенклатура — исходный каталог,raw.catalog_номенклатура,4408cd7f-40bb-11ee-9c4e-00505689ff45,00-00009174,"Мадейра РС2  Сетка-домик 1,5кг. Полив",Картофель мадейра 2 репродукции бэби мытый сетка домик 1.5кг. Под поливом,b60b8b28-6156-11eb-9c2d-0050560417d5,false,false
Номенклатура — исходный каталог,raw.catalog_номенклатура,4a87f185-40bb-11ee-9c4e-00505689ff45,00-00009203,Мадейра РС2  Сетка-домик 2кг. Без полива,Картофель мадейра 2 репродукции бэби мытый сетка домик 2кг. Без полива,b60b8b28-6156-11eb-9c2d-0050560417d5,false,false
Номенклатура — исходный каталог,raw.catalog_номенклатура,4a4c955d-40bb-11ee-9c4e-00505689ff45,00-00009202,Мадейра РС2  Сетка-домик 2кг. Полив,Картофель мадейра 2 репродукции бэби мытый сетка домик 2кг.. Под поливом,b60b8b28-6156-11eb-9c2d-0050560417d5,false,false
Номенклатура — исходный каталог,raw.catalog_номенклатура,847a2a4e-40ba-11ee-9c4e-00505689ff45,00-00008783,Мадейра РС2  очищенный в ву 1кг. Без полива,Картофель мадейра 2 репродукции очищенный в ву 1кг. Без полива,b60b8b28-6156-11eb-9c2d-0050560417d5,false,false
Номенклатура — исходный каталог,raw.catalog_номенклатура,84492b32-40ba-11ee-9c4e-00505689ff45,00-00008782,Мадейра РС2  очищенный в ву 1кг. Полив,Картофель мадейра 2 репродукции очищенный в ву 1кг. Под поливом,b60b8b28-6156-11eb-9c2d-0050560417d5,false,false
Номенклатура — исходный каталог,raw.catalog_номенклатура,892b4c92-40ba-11ee-9c4e-00505689ff45,00-00008811,Мадейра РС2  очищенный в ву 5кг. Без полива,Картофель мадейра 2 репродукции очищенный в ву 5кг. Без полива,b60b8b28-6156-11eb-9c2d-0050560417d5,false,false
Номенклатура — исходный каталог,raw.catalog_номенклатура,892b4c91-40ba-11ee-9c4e-00505689ff45,00-00008810,Мадейра РС2  очищенный в ву 5кг. Полив,Картофель мадейра 2 репродукции очищенный в ву 5кг. Под поливом,b60b8b28-6156-11eb-9c2d-0050560417d5,false,false
Номенклатура — исходный каталог,raw.catalog_номенклатура,612071a7-40ba-11ee-9c4e-00505689ff45,00-00008727,"Мадейра РС2  пастеризованный 0,5кг. Без полива","Картофель мадейра 2 репродукции пастеризованный 0,5кг. Без полива",b60b8b28-6156-11eb-9c2d-0050560417d5,false,false
Номенклатура — исходный каталог,raw.catalog_номенклатура,612071a6-40ba-11ee-9c4e-00505689ff45,00-00008726,"Мадейра РС2  пастеризованный 0,5кг. Полив","Картофель мадейра 2 репродукции пастеризованный 0,5кг. Под поливом",b60b8b28-6156-11eb-9c2d-0050560417d5,false,false
Номенклатура — исходный каталог,raw.catalog_номенклатура,cd059513-40b9-11ee-9c4e-00505689ff45,00-00008587,Мадейра РС2  эконом  Сетка на рулоне 2.5кг. Без полива,Картофель мадейра 2 репродукции эконом семенной сетка на рулоне 2.5кг Без полива,b60b8b28-6156-11eb-9c2d-0050560417d5,false,false
Номенклатура — исходный каталог,raw.catalog_номенклатура,cccf85df-40b9-11ee-9c4e-00505689ff45,00-00008586,Мадейра РС2  эконом  Сетка на рулоне 2.5кг. Полив,Картофель мадейра 2 репродукции эконом семенной сетка на рулоне 2.5кг Под поливом,b60b8b28-6156-11eb-9c2d-0050560417d5,false,false
Номенклатура — исходный каталог,raw.catalog_номенклатура,d1fa3832-40b9-11ee-9c4e-00505689ff45,00-00008615,Мадейра РС2  эконом  Сетка на рулоне 3кг. Без полива,Картофель мадейра 2 репродукции эконом семенной сетка на рулоне 3кг. Без полива,b60b8b28-6156-11eb-9c2d-0050560417d5,false,false
Номенклатура — исходный каталог,raw.catalog_номенклатура,d1fa2d8d-40b9-11ee-9c4e-00505689ff45,00-00008614,Мадейра РС2  эконом  Сетка на рулоне 3кг. Полив,Картофель мадейра 2 репродукции эконом семенной сетка на рулоне 3кг. Под поливом,b60b8b28-6156-11eb-9c2d-0050560417d5,false,false
Номенклатура — исходный каталог,raw.catalog_номенклатура,a84665d4-40ba-11ee-9c4e-00505689ff45,00-00008923,Мадейра РС2 грязный  Сетка на рулоне 10кг. Без полива,Картофель мадейра 2 репродукции отборный грязный сетка на рулоне 10кг. Без полива,b60b8b28-6156-11eb-9c2d-0050560417d5,false,false
Номенклатура — исходный каталог,raw.catalog_номенклатура,a84665d3-40ba-11ee-9c4e-00505689ff45,00-00008922,Мадейра РС2 грязный  Сетка на рулоне 10кг. Полив,Картофель мадейра 2 репродукции отборный грязный сетка на рулоне 10кг. Под поливом,b60b8b28-6156-11eb-9c2d-0050560417d5,false,false
Номенклатура — исходный каталог,raw.catalog_номенклатура,b02b9d4a-40ba-11ee-9c4e-00505689ff45,00-00008951,Мадейра РС2 грязный  Сетка на рулоне 25кг. Без полива,Картофель мадейра 2 репродукции отборный грязный сетка на рулоне 25кг.без полива,b60b8b28-6156-11eb-9c2d-0050560417d5,false,false
Номенклатура — исходный каталог,raw.catalog_номенклатура,b0049a3d-40ba-11ee-9c4e-00505689ff45,00-00008950,Мадейра РС2 грязный  Сетка на рулоне 25кг. Полив,Картофель мадейра 2 репродукции отборный грязный сетка на рулоне 25кг. Под поливом,b60b8b28-6156-11eb-9c2d-0050560417d5,false,false
Номенклатура — исходный каталог,raw.catalog_номенклатура,9ea7fd92-40ba-11ee-9c4e-00505689ff45,00-00008867,Мадейра РС2 грязный  Сетка на рулоне 3кг. Без полива,Картофель мадейра 2 репродукции отборный грязный сетка на рулоне 3кг. Без полива,b60b8b28-6156-11eb-9c2d-0050560417d5,false,false
Номенклатура — исходный каталог,raw.catalog_номенклатура,9e92f564-40ba-11ee-9c4e-00505689ff45,00-00008866,Мадейра РС2 грязный  Сетка на рулоне 3кг. Полив,Картофель мадейра 2 репродукции отборный грязный сетка на рулоне 3кг. под поливом,b60b8b28-6156-11eb-9c2d-0050560417d5,false,false
Номенклатура — исходный каталог,raw.catalog_номенклатура,a479505e-40ba-11ee-9c4e-00505689ff45,00-00008895,Мадейра РС2 грязный  Сетка на рулоне 5кг. Без полива,Картофель мадейра 2 репродукции отборный грязный сетка на рулоне 5кг. Без полива,b60b8b28-6156-11eb-9c2d-0050560417d5,false,false
Номенклатура — исходный каталог,raw.catalog_номенклатура,a441ac9d-40ba-11ee-9c4e-00505689ff45,00-00008894,Мадейра РС2 грязный  Сетка на рулоне 5кг. Полив,Картофель мадейра 2 репродукции отборный грязный сетка на рулоне 5кг. Под поливом,b60b8b28-6156-11eb-9c2d-0050560417d5,false,false
Номенклатура — исходный каталог,raw.catalog_номенклатура,bc8d7c35-40ba-11ee-9c4e-00505689ff45,00-00009007,Мадейра РС2 грязный  биг-бег 1000кг. Без полива,Картофель мадейра 2 репродукции отборный грязный биг-бег 1000кг.без полива,b60b8b28-6156-11eb-9c2d-0050560417d5,false,false
Номенклатура — исходный каталог,raw.catalog_номенклатура,bc6d5bd2-40ba-11ee-9c4e-00505689ff45,00-00009006,Мадейра РС2 грязный  биг-бег 1000кг. Полив,Картофель мадейра 2 репродукции отборный грязный биг-бег 1000кг. Под поливом,b60b8b28-6156-11eb-9c2d-0050560417d5,false,false
Номенклатура — исходный каталог,raw.catalog_номенклатура,b44b3e26-40ba-11ee-9c4e-00505689ff45,00-00008979,Мадейра РС2 грязный Сетка на завязке 25кг. Без полива,Картофель мадейра 2 репродукции отборный грязный сетка на завязке 25кг. Без полива,b60b8b28-6156-11eb-9c2d-0050560417d5,false,false
Номенклатура — исходный каталог,raw.catalog_номенклатура,b44b3e25-40ba-11ee-9c4e-00505689ff45,00-00008978,Мадейра РС2 грязный Сетка на завязке 25кг. Полив,Картофель мадейра 2 репродукции отборный грязный сетка на завязке 25кг. Под поливом,b60b8b28-6156-11eb-9c2d-0050560417d5,false,false
Номенклатура — исходный каталог,raw.catalog_номенклатура,98e7fac7-40ba-11ee-9c4e-00505689ff45,00-00008839,Мадейра РС2 грязный Сетка на рулоне 2.5кг Без полива,Картофель мадейра 2 репродукции отборный грязный сетка на рулоне 2.5кг Без полива,b60b8b28-6156-11eb-9c2d-0050560417d5,false,false
Номенклатура — исходный каталог,raw.catalog_номенклатура,9850a068-40ba-11ee-9c4e-00505689ff45,00-00008838,Мадейра РС2 грязный Сетка на рулоне 2.5кг Полив,Картофель мадейра 2 репродукции отборный грязный сетка на рулоне 2.5кг под поливом,b60b8b28-6156-11eb-9c2d-0050560417d5,false,false
Номенклатура — исходный каталог,raw.catalog_номенклатура,ee41343e-40ba-11ee-9c4e-00505689ff45,00-00009119,Мадейра РС2 мытый  Биг-бег 1000кг. Без полива,Картофель мадейра 2 репродукции отборный мытый  Биг-бег 1000кг.Без полива,b60b8b28-6156-11eb-9c2d-0050560417d5,false,false
Номенклатура — исходный каталог,raw.catalog_номенклатура,ee0748e4-40ba-11ee-9c4e-00505689ff45,00-00009118,Мадейра РС2 мытый  Биг-бег 1000кг. Полив,Картофель мадейра 2 репродукции отборный мытый  Биг-бег 1000кг.под поливом,b60b8b28-6156-11eb-9c2d-0050560417d5,false,false
Номенклатура — исходный каталог,raw.catalog_номенклатура,f0c370f9-40ba-11ee-9c4e-00505689ff45,00-00009147,Мадейра РС2 мытый  Сетка на рулоне 2.5кг Без полива,Картофель мадейра 2 репродукции отборный мытый  Сетка на рулоне 2.5кг без полива,b60b8b28-6156-11eb-9c2d-0050560417d5,false,false
Номенклатура — исходный каталог,raw.catalog_номенклатура,f0c370f8-40ba-11ee-9c4e-00505689ff45,00-00009146,Мадейра РС2 мытый  Сетка на рулоне 2.5кг Полив,Картофель мадейра 2 репродукции отборный мытый  Сетка на рулоне 2.5кг под поливом,b60b8b28-6156-11eb-9c2d-0050560417d5,false,false
Номенклатура — исходный каталог,raw.catalog_номенклатура,e4758904-40ba-11ee-9c4e-00505689ff45,00-00009091,Мадейра РС2 мытый Сетка 25кг. Без полива,Картофель мадейра 2 репродукции отборный мытый сетка 25кг без полива,b60b8b28-6156-11eb-9c2d-0050560417d5,false,false
Номенклатура — исходный каталог,raw.catalog_номенклатура,e4758903-40ba-11ee-9c4e-00505689ff45,00-00009090,Мадейра РС2 мытый Сетка 25кг. Полив,Картофель мадейра 2 репродукции отборный мытый сетка 25кг под полливом,b60b8b28-6156-11eb-9c2d-0050560417d5,false,false
Номенклатура — исходный каталог,raw.catalog_номенклатура,ddbf8e27-40ba-11ee-9c4e-00505689ff45,00-00009035,"Мадейра РС2 мытый Сетка-домик 2,5кг. Без полива",Картофель мадейра 2 репродукции отборный мытый сетка домик 2.5кг без полива,b60b8b28-6156-11eb-9c2d-0050560417d5,false,false
Номенклатура — исходный каталог,raw.catalog_номенклатура,dd9620a0-40ba-11ee-9c4e-00505689ff45,00-00009034,"Мадейра РС2 мытый Сетка-домик 2,5кг. Полив",Картофель мадейра 2 репродукции отборный мытый сетка домик 2.5кг под поливом,b60b8b28-6156-11eb-9c2d-0050560417d5,false,false
Номенклатура — исходный каталог,raw.catalog_номенклатура,e2ec82e8-40ba-11ee-9c4e-00505689ff45,00-00009063,Мадейра РС2 мытый Сетка-домик 3кг Без полива,Картофель мадейра 2 репродукции отборный мытый сетка домик 3кг без полива,b60b8b28-6156-11eb-9c2d-0050560417d5,false,false
Номенклатура — исходный каталог,raw.catalog_номенклатура,e295d69f-40ba-11ee-9c4e-00505689ff45,00-00009062,Мадейра РС2 мытый Сетка-домик 3кг Полив,Картофель мадейра 2 репродукции отборный мытый сетка домик 3кг под поливом,b60b8b28-6156-11eb-9c2d-0050560417d5,false,false
Номенклатура — исходный каталог,raw.catalog_номенклатура,d63b5945-40b9-11ee-9c4e-00505689ff45,00-00008671,Мадейра РС2 семена  Сетка на завязке 25кг. Без полива,Картофель мадейра 2 репродукции семенной Сетка на завязке 25кг. Без полива,b60b8b28-6156-11eb-9c2d-0050560417d5,false,false
Номенклатура — исходный каталог,raw.catalog_номенклатура,d63b5944-40b9-11ee-9c4e-00505689ff45,00-00008670,Мадейра РС2 семена  Сетка на завязке 25кг. Полив,Картофель мадейра 2 репродукции семенной Сетка на завязке 25кг. Под поливом,b60b8b28-6156-11eb-9c2d-0050560417d5,false,false
Номенклатура — исходный каталог,raw.catalog_номенклатура,d63b5929-40b9-11ee-9c4e-00505689ff45,00-00008643,Мадейра РС2 семена  Сетка на рулоне 25кг. Без полива,Картофель мадейра 2 репродукции семенной Сетка на рулоне 25кг. Без полива,b60b8b28-6156-11eb-9c2d-0050560417d5,false,false
Номенклатура — исходный каталог,raw.catalog_номенклатура,d63b5910-40b9-11ee-9c4e-00505689ff45,00-00008642,Мадейра РС2 семена  Сетка на рулоне 25кг. Полив,Картофель мадейра 2 репродукции семенной Сетка на рулоне 25кг. Под поливом,b60b8b28-6156-11eb-9c2d-0050560417d5,false,false
Номенклатура — исходный каталог,raw.catalog_номенклатура,3e39bcea-40ba-11ee-9c4e-00505689ff45,00-00008699,Мадейра РС2 семена  биг-бег 1000кг. Без полива,Картофель мадейра 2 репродукции семенной биг-бег 1000кг. Без полива,b60b8b28-6156-11eb-9c2d-0050560417d5,false,false
Номенклатура — исходный каталог,raw.catalog_номенклатура,3e39bce9-40ba-11ee-9c4e-00505689ff45,00-00008698,Мадейра РС2 семена  биг-бег 1000кг. Полив,Картофель мадейра 2 репродукции семенной биг-бег 1000кг. Под поливом,b60b8b28-6156-11eb-9c2d-0050560417d5,false,false
Номенклатура — исходный каталог,raw.catalog_номенклатура,73308f4f-40ba-11ee-9c4e-00505689ff45,00-00008755,"Мадейра РС2 семена  пастеризованный 0,5кг. Без полива","Картофель мадейра 2 репродукции семенной пастеризованный 0,5кг. Без полива",b60b8b28-6156-11eb-9c2d-0050560417d5,false,false
Номенклатура — исходный каталог,raw.catalog_номенклатура,72fe7635-40ba-11ee-9c4e-00505689ff45,00-00008754,"Мадейра РС2 семена  пастеризованный 0,5кг. Полив","Картофель мадейра 2 репродукции семенной пастеризованный 0,5кг. Под поливом",b60b8b28-6156-11eb-9c2d-0050560417d5,false,false
Номенклатура — исходный каталог,raw.catalog_номенклатура,d2bcb8d4-f524-11eb-9c3a-00505689ff45,АК-00003612,Максим XL Инсектицид,Максим XL Инсектицид,668204c4-5324-11f0-b811-005056bde474,false,false
Номенклатура — исходный каталог,raw.catalog_номенклатура,d2bcb8d5-f524-11eb-9c3a-00505689ff45,АК-00003613,Максим Дачник Инсектицид,Максим Дачник Инсектицид,668204c4-5324-11f0-b811-005056bde474,false,false
Номенклатура — исходный каталог,raw.catalog_номенклатура,d2bcb8d3-f524-11eb-9c3a-00505689ff45,АК-00003611,Максим Инсектицид,Максим Инсектицид,668204c4-5324-11f0-b811-005056bde474,false,false
Номенклатура — исходный каталог,raw.catalog_номенклатура,d8be819f-f524-11eb-9c3a-00505689ff45,АК-00003614,Максим Плюс Инсектицид,Максим Плюс Инсектицид,668204c4-5324-11f0-b811-005056bde474,false,false
Номенклатура — исходный каталог,raw.catalog_номенклатура,d8be81a0-f524-11eb-9c3a-00505689ff45,АК-00003615,Максим Форте Инсектицид,Максим Форте Инсектицид,668204c4-5324-11f0-b811-005056bde474,false,false
Номенклатура — исходный каталог,raw.catalog_номенклатура,d8be81a1-f524-11eb-9c3a-00505689ff45,АК-00003616,Максим Экстрим Инсектицид,Максим Экстрим Инсектицид,668204c4-5324-11f0-b811-005056bde474,false,false
Номенклатура — исходный каталог,raw.catalog_номенклатура,9a3ffa7c-af62-11eb-3192-fa163e0d31f7,БП-00003948,Манжет 50*25 ,Манжет 50*25 ,9b060c03-71d9-11e7-85a2-d43d7eec442d,false,false
Номенклатура — исходный каталог,raw.catalog_номенклатура,3319c9e5-29d1-11f0-b80e-005056bde474,00-00012112,"Манзат, ВДГ (750 г/кг)","Манзат, ВДГ (750 г/кг)",2eaeac4d-5322-11f0-b811-005056bde474,false,false
Номенклатура — исходный каталог,raw.catalog_номенклатура,022e7a95-6158-11eb-9c2d-0050560417d5,00-00002819,Масличные,,323ef7d5-6157-11eb-9c2d-0050560417d5,true,false
Номенклатура — исходный каталог,raw.catalog_номенклатура,a9131b63-3d8d-11f1-b821-005056bde474,00-00014087,Масло,,9088ee9f-75dc-11e7-af18-30f7727a492e,true,false
Номенклатура — исходный каталог,raw.catalog_номенклатура,c87e1bbf-3d8d-11f1-b821-005056bde474,00-00014088,Масло гидравлическое,,9088ee9f-75dc-11e7-af18-30f7727a492e,true,false
Номенклатура — исходный каталог,raw.catalog_номенклатура,32fb22d6-a221-11e9-af74-30f7727a492e,00-00001745,"Масло подсолнечное ""Чюдесная семечка""","Масло подсолнечное ""Чюдесная семечка""",9088eeaa-75dc-11e7-af18-30f7727a492e,false,false
Номенклатура — исходный каталог,raw.catalog_номенклатура,d82f5c7a-07aa-11eb-1097-fa163ee5d2f9,БП-00003079,Масляный бак 35л,Масляный бак 35л,9b060c03-71d9-11e7-85a2-d43d7eec442d,false,false
Номенклатура — исходный каталог,raw.catalog_номенклатура,1493259a-07ae-11eb-1097-fa163ee5d2f9,БП-00003082,Машина абразивная для очистки овощей,Машина абразивная для очистки овощей,9be0daf4-2e34-11eb-288c-fa163e0d31f7,false,false
Номенклатура — исходный каталог,raw.catalog_номенклатура,1644e978-f7d0-11f0-b81e-005056bde474,00-00013612,Машина для замачивания винтового типа,Машина для замачивания винтового типа,de1714af-8a12-11e7-af1d-30f7727a492e,false,false
Номенклатура — исходный каталог,raw.catalog_номенклатура,df64fde2-e26a-11ef-b80c-005056bde474,00-00011636,Машина для полировки овощей МПБ1,Машина для полировки овощей МПБ1,00000000-0000-0000-0000-000000000000,false,false
Номенклатура — исходный каталог,raw.catalog_номенклатура,647016fb-f7cf-11f0-b81e-005056bde474,00-00013605,Машина для полировки с крупной абразивной крошкой,Машина для полировки с крупной абразивной крошкой,de1714af-8a12-11e7-af1d-30f7727a492e,false,false
Номенклатура — исходный каталог,raw.catalog_номенклатура,22af71ca-1531-11eb-aa97-fa163e0d31f7,БП-00003160,Машина для резки овощей CHD-100 (кубик 4х4 мм),Машина для резки овощей CHD-100 (кубик 4х4 мм),9be0daf4-2e34-11eb-288c-fa163e0d31f7,false,false
Номенклатура — исходный каталог,raw.catalog_номенклатура,5568b662-1531-11eb-aa97-fa163e0d31f7,БП-00003161,Машина для резки овощей соломкой и слайсами CHD40 ,Машина для резки овощей соломкой и слайсами CHD40 ,9be0daf4-2e34-11eb-288c-fa163e0d31f7,false,false
Номенклатура — исходный каталог,raw.catalog_номенклатура,7b6bbe94-07ae-11eb-1097-fa163ee5d2f9,БП-00003085,Машина для сульфитации картофеля,Машина для сульфитации картофеля,9be0daf4-2e34-11eb-288c-fa163e0d31f7,false,false
Номенклатура — исходный каталог,raw.catalog_номенклатура,a2177058-1530-11eb-aa97-fa163e0d31f7,БП-00003159,Машина для шелушения чеснока ST 150,Машина для шелушения чеснока ST 150,9be0daf4-2e34-11eb-288c-fa163e0d31f7,false,false
Номенклатура — исходный каталог,raw.catalog_номенклатура,7805005f-b6da-11ee-9c4c-005056893620,00-00010086,Машина упаковочная CB-148 левосторонняя,Машина упаковочная CB-148 левосторонняя,de1714af-8a12-11e7-af1d-30f7727a492e,false,false
Номенклатура — исходный каталог,raw.catalog_номенклатура,15fc94e0-b6dc-11ee-9c4c-005056893620,00-00010088,Машина упаковочная Htech AR25_R01.O,Машина упаковочная Htech AR25_R01.O,de1714af-8a12-11e7-af1d-30f7727a492e,false,false
Номенклатура — исходный каталог,raw.catalog_номенклатура,06722d6f-2fa0-11ef-9c59-00505689ff45,00-00010653,Машина упаковочная Htech AR25_R01.O с доп.опциями,Машина упаковочная Htech AR25_R01.O с доп.опциями,de1714af-8a12-11e7-af1d-30f7727a492e,false,false
Номенклатура — исходный каталог,raw.catalog_номенклатура,53daeb73-b6da-11ee-9c4c-005056893620,00-00010085,Машина упаковочная NP 350,Машина упаковочная NP 350,de1714af-8a12-11e7-af1d-30f7727a492e,false,false
Номенклатура — исходный каталог,raw.catalog_номенклатура,d8be81a2-f524-11eb-9c3a-00505689ff45,АК-00003617,Маэстро Инсектицид,Маэстро Инсектицид,2eaeac4d-5322-11f0-b811-005056bde474,false,false
Номенклатура — исходный каталог,raw.catalog_номенклатура,278edaf2-1f0d-11ed-9c43-cb6d75bb653b,00-00006987,Маяк импульсный 12/24V (16 светодиодов) 1 режим на магните желтый LED LT,Маяк импульсный 12/24V (16 светодиодов) 1 режим на магните желтый LED LT,9b060c02-71d9-11e7-85a2-d43d7eec442d,false,false
Номенклатура — исходный каталог,raw.catalog_номенклатура,94aa0560-1eed-11ed-9c43-cb6d75bb653b,00-00006981,Мегафол 10л кан*2 (10131010/190422/3206774 Италия),Мегафол 10л кан*2 (10131010/190422/3206774 Италия),e1243393-532a-11f0-b811-005056bde474,false,false
Номенклатура — исходный каталог,raw.catalog_номенклатура,d8be81a3-f524-11eb-9c3a-00505689ff45,АК-00003618,Медветокс Инсектицид,Медветокс Инсектицид,f9d67774-531d-11f0-b811-005056bde474,false,false
Номенклатура — исходный каталог,raw.catalog_номенклатура,0e76ed81-7a01-11ec-9c41-00505689c8d9,АК-00006016,Медицинский осмотр и питание  работников,Медицинский осмотр и питание  работников,9b060c58-71d9-11e7-85a2-d43d7eec442d,false,false
Номенклатура — исходный каталог,raw.catalog_номенклатура,8b765bfc-16e6-11ec-9c3a-00505689ff45,АК-00005049,"Медогонка 3 рамочная,кассеты поворотные АВВ 100 с подставкой","Медогонка 3 рамочная,кассеты поворотные АВВ 100 с подставкой",65439ec8-d96f-11eb-6c92-fa163e0d31f7,false,false
Номенклатура — исходный каталог,raw.catalog_номенклатура,5a7ca9e8-1152-11ec-9c3a-00505689ff45,АК-00004938,Междурядная обработка,Междурядная обработка,52c3cca5-0968-11f0-b80e-005056bde474,false,false
Номенклатура — исходный каталог,raw.catalog_номенклатура,c7e398cc-f2d9-11eb-9c3a-00505689ff45,АК-00003288,"Метаксил, СП Фунгицид ","Метаксил, СП Фунгицид ",2eaeac4d-5322-11f0-b811-005056bde474,false,false
Номенклатура — исходный каталог,raw.catalog_номенклатура,acb9f97c-b4f3-11ec-9c42-00505689c8d9,00-00006430,Меташанс.СП,Меташанс.СП,2eaeac4d-5322-11f0-b811-005056bde474,false,false
Номенклатура — исходный каталог,raw.catalog_номенклатура,d31eff6c-d971-11eb-6c92-fa163e0d31f7,БП-00004376,Мех съемный к дымарю (иск) МДПК-1,Мех съемный к дымарю (иск) МДПК-1,65439ec8-d96f-11eb-6c92-fa163e0d31f7,false,false
Номенклатура — исходный каталог,raw.catalog_номенклатура,9981f6ce-33e0-11eb-0e8a-fa163e0d31f7,БП-00003283,"Механизм рулевой ЗИЛ-5301,5301-3400020-10","Механизм рулевой ЗИЛ-5301,5301-3400020-10",9b060c03-71d9-11e7-85a2-d43d7eec442d,false,false
Номенклатура — исходный каталог,raw.catalog_номенклатура,e9efd4eb-4214-11f1-b821-005056bde474,00-00014107,Мешки из РР,,a986fb07-0a39-11f0-b80e-005056bde474,true,false
Номенклатура — исходный каталог,raw.catalog_номенклатура,23bb9b4e-d975-11eb-6c92-fa163e0d31f7,БП-00004393,Мешок для извлечения меда из забруса,Мешок для извлечения меда из забруса,65439ec8-d96f-11eb-6c92-fa163e0d31f7,false,false
Номенклатура — исходный каталог,raw.catalog_номенклатура,e6189ca5-c0c0-11e9-af79-30f7727a492e,00-00001854,Мешок из полипропилена 55*95 белый,Мешок из полипропилена 55*95 белый,e9efd4eb-4214-11f1-b821-005056bde474,false,false
Номенклатура — исходный каталог,raw.catalog_номенклатура,0edf992d-d4e0-11e7-a3f3-94de80168a80,00-00000498,Мешок сетчатый из полиэтелена,Мешок сетчатый из полиэтелена,e9efd4eb-4214-11f1-b821-005056bde474,false,false
Номенклатура — исходный каталог,raw.catalog_номенклатура,ae486391-4099-11ec-9c41-00505689db63,АК-00005544,Мешок сетчатый из полиэтелена  на рулоне 54*78 фиолетовый,Мешок сетчатый из полиэтелена  на рулоне 54*78 фиолетовый,e9efd4eb-4214-11f1-b821-005056bde474,false,false
Номенклатура — исходный каталог,raw.catalog_номенклатура,38de7d98-17f5-11ea-9521-30f7727a492e,00-00002251,Мешок сетчатый из полиэтелена 45+75 фиолетовый,Мешок сетчатый из полиэтелена 45+75 фиолетовый,e9efd4eb-4214-11f1-b821-005056bde474,false,false
Номенклатура — исходный каталог,raw.catalog_номенклатура,a1653aa0-3b95-11f0-b80e-005056bde474,00-00012402,Микробиологические препараты,,8620e7b8-3b94-11f0-b80e-005056bde474,true,false
Номенклатура — исходный каталог,raw.catalog_номенклатура,f0c5bb41-615d-11eb-9c2d-0050560417d5,00-00002856,Микрозелень,,f487012f-6156-11eb-9c2d-0050560417d5,true,false
Номенклатура — исходный каталог,raw.catalog_номенклатура,18440119-f356-11eb-9c3a-00505689ff45,АК-00003318,Микроудобрение силиплант универсальный ,Микроудобрение силиплант универсальный  ,e1243393-532a-11f0-b811-005056bde474,false,false
