category,source_table,object_id,object_code,original_name,full_name,parent_id,is_folder,deletion_mark
Номенклатура — current,raw.r1c_nomenclature_current,9f9a576c-056c-11ec-9c3a-00505689ff45,АК-00004694,Мышь компьютерная беспроводная,,9088ee8b-75dc-11e7-af18-30f7727a492e,false,false
Номенклатура — current,raw.r1c_nomenclature_current,d2aed063-038c-11ea-951d-30f7727a492e,00-00002175,"Мышь оптическая,проводная USB черныйи красный",,ce412305-0a38-11f0-b80e-005056bde474,false,false
Номенклатура — current,raw.r1c_nomenclature_current,ba7f1956-1ab3-11eb-c693-fa163e0d31f7,БП-00003182,"Мягкий специализированный контейнер МКР 1,8Л4-0,8ППП вентилируемый с одноцветным логотипом",,0bce46a7-4216-11f1-b821-005056bde474,false,false
Номенклатура — current,raw.r1c_nomenclature_current,7ceb8de9-5364-11f1-b821-005056bde474,00-00014414,НАПОРНЫЙ ШЛАНГ НВД4,,45c9e202-0a37-11f0-b80e-005056bde474,false,false
Номенклатура — current,raw.r1c_nomenclature_current,0b42e604-efab-11f0-b81e-005056bde474,00-00013375,НАСОС NO4221 ручной роторный для раздачи масла из бочек объемом 60-220л. NORDBERG  ,,007d76f1-0a39-11f0-b80e-005056bde474,false,false
Номенклатура — current,raw.r1c_nomenclature_current,0564ead4-c2a3-11ef-9c5f-00505689ff45,00-00011513,НАТЯЖНАЯ ЗВЁЗДОЧКА,,9b060c03-71d9-11e7-85a2-d43d7eec442d,false,false
Номенклатура — current,raw.r1c_nomenclature_current,9d580ced-0c2a-11ee-9c4e-00505689ff45,00-00008133,НШ 10 В3 плоский левый н,,45c9e202-0a37-11f0-b80e-005056bde474,false,false
Номенклатура — current,raw.r1c_nomenclature_current,e0a0c25e-dc47-11e8-af56-30f7727a492e,00-00001341,"НШ 100 АЗ Насос левый,круглый ",,9b060c03-71d9-11e7-85a2-d43d7eec442d,false,false
Номенклатура — current,raw.r1c_nomenclature_current,100fe7fb-52cc-11f0-b811-005056bde474,00-00012469,НШ 100А-3 (круг.) Левый,,45c9e202-0a37-11f0-b80e-005056bde474,false,false
Номенклатура — current,raw.r1c_nomenclature_current,b6764e5b-203a-11f0-b80e-005056bde474,00-00011983,НШ 100А-3Л-насос,,45c9e202-0a37-11f0-b80e-005056bde474,false,false
Номенклатура — current,raw.r1c_nomenclature_current,f0e4c24b-a130-11e8-af4c-30f7727a492e,00-00001078,НШ 14Г Л Насос левый ,,45c9e202-0a37-11f0-b80e-005056bde474,false,false
Номенклатура — current,raw.r1c_nomenclature_current,f5dd1a8a-812f-11e9-af6f-30f7727a492e,00-00001640,НШ 32 АЗ круглый правый,,9b060c03-71d9-11e7-85a2-d43d7eec442d,false,false
Номенклатура — current,raw.r1c_nomenclature_current,460d4b50-e2ba-11ea-4b9d-fa163ee5d2f9,БП-00002952,НШ 32 В3 плоский правый МТЗ насос масляный,,9b060c03-71d9-11e7-85a2-d43d7eec442d,false,false
Номенклатура — current,raw.r1c_nomenclature_current,485dfec7-9ad4-11e8-af49-30f7727a492e,00-00001019,НШ 32 круглый правый,,9b060c03-71d9-11e7-85a2-d43d7eec442d,false,false
Номенклатура — current,raw.r1c_nomenclature_current,e8f07f05-785b-11e8-af42-30f7727a492e,00-00000947,НШ 32 плоский правый,,9b060c03-71d9-11e7-85a2-d43d7eec442d,false,false
Номенклатура — current,raw.r1c_nomenclature_current,e468c469-9487-11f1-b824-005056bde474,00-00014709,Набивка асбестовая АП-31 10x10мм гост 5152-84 (бухта 10 кг),,a66cdcc3-422e-11f1-b821-005056bde474,false,false
Номенклатура — current,raw.r1c_nomenclature_current,d33e24c7-5b09-11f0-b811-005056bde474,00-00012488,Набор  инструмента Total,,007d76f1-0a39-11f0-b80e-005056bde474,false,false
Номенклатура — current,raw.r1c_nomenclature_current,fe58a1f2-e2bd-11ea-4b9d-fa163ee5d2f9,БП-00002954,Набор  ремонтный  KIT.REPAIR,,9b060c03-71d9-11e7-85a2-d43d7eec442d,false,false
Номенклатура — current,raw.r1c_nomenclature_current,2200c1f2-dc06-11e8-af56-30f7727a492e,00-00001310,Набор  ремонтный двс 74ЕТА Valtra Т190,,9b060c03-71d9-11e7-85a2-d43d7eec442d,false,false
Номенклатура — current,raw.r1c_nomenclature_current,c38bc0db-03ee-11f0-b80e-005056bde474,00-00011765,"Набор ""MASTER"": Биты с торцевой головкой, в держателе, 9 предметов 26089-H9",,f7164898-2ffe-11eb-af80-fa163e0d31f7,false,false
Номенклатура — current,raw.r1c_nomenclature_current,71a9e4ff-c255-11ed-9c4d-00505689ff45,00-00007678,Набор 8-ми сегментных лезвий 18 мм 10шт G-1101,,9088eead-75dc-11e7-af18-30f7727a492e,false,false
Номенклатура — current,raw.r1c_nomenclature_current,555be19d-17d5-11ed-9c43-cb6d75bb653b,00-00006880,Набор Stayer комбинированных и разводных гаечных ключей 16 шт 6-30мм ,,9088eeaf-75dc-11e7-af18-30f7727a492e,false,false
Номенклатура — current,raw.r1c_nomenclature_current,7f784ea2-a060-11f0-b81d-005056bde474,00-00012775,Набор Лотков для крепежа (12 шт. лотков 225х125х125 мм,,e857fb59-7295-11f0-b814-005056bde474,false,false
Номенклатура — current,raw.r1c_nomenclature_current,db7f5fc1-0100-11f1-b81e-005056bde474,00-00013662,Набор ПРОФИ 16 натяжитель + клещи + скрепа 16мм 500 шт. ПАРТНЕРПАК ВИ-2453,,c7578db7-735f-11f0-b814-005056bde474,false,false
Номенклатура — current,raw.r1c_nomenclature_current,00037286-438d-11eb-b594-fa163e0d31f7,БП-00003441,Набор ТО 1000,,f7164898-2ffe-11eb-af80-fa163e0d31f7,false,false
Номенклатура — current,raw.r1c_nomenclature_current,a89c0c60-84ab-11ef-9c5d-00505689ff45,00-00011260,Набор Текстовыделителей 4 цв.,,9088ee8b-75dc-11e7-af18-30f7727a492e,false,false
Номенклатура — current,raw.r1c_nomenclature_current,97b67f3f-36f3-11f0-b80e-005056bde474,00-00012351,Набор автомобильного инструмента 216 предметов GAS 216,,007d76f1-0a39-11f0-b80e-005056bde474,false,false
Номенклатура — current,raw.r1c_nomenclature_current,4b0c37ac-cadf-11e9-af79-30f7727a492e,00-00001958,Набор автомобильных лампочек,,9b060c03-71d9-11e7-85a2-d43d7eec442d,false,false
Номенклатура — current,raw.r1c_nomenclature_current,5d1fdc8b-cb9b-11e8-af53-30f7727a492e,00-00001272,Набор бит 1/4 32 предмета,,f7164898-2ffe-11eb-af80-fa163e0d31f7,false,false
Номенклатура — current,raw.r1c_nomenclature_current,c0bc96ac-bfe2-11eb-c69d-fa163e0d31f7,БП-00004089,Набор бит GROSS Pz2*50 сталь,,f7164898-2ffe-11eb-af80-fa163e0d31f7,false,false
Номенклатура — current,raw.r1c_nomenclature_current,921bde32-95bb-11ef-9c5e-00505689ff45,00-00011345,Набор бит с торцевыми головками 10*65,,f7164898-2ffe-11eb-af80-fa163e0d31f7,false,false
Номенклатура — current,raw.r1c_nomenclature_current,a56dd09b-95ba-11ef-9c5e-00505689ff45,00-00011344,Набор бит с торцевыми головками 8*42,,f7164898-2ffe-11eb-af80-fa163e0d31f7,false,false
Номенклатура — current,raw.r1c_nomenclature_current,212449d3-52f9-11ee-9c4e-00505689ff45,00-00009527,Набор боковой на ленточный транспортер с ручным приводом,,9b060c03-71d9-11e7-85a2-d43d7eec442d,false,false
Номенклатура — current,raw.r1c_nomenclature_current,aa7edf53-86e0-11ed-9c4c-00505689ff45,00-00007549,"Набор воронок 4 шт 50,75,95,115 мм",,9b060c03-71d9-11e7-85a2-d43d7eec442d,false,false
Номенклатура — current,raw.r1c_nomenclature_current,0dde6458-b70c-11f0-b81e-005056bde474,00-00012953,Набор втулочных наконечников 400 шт. НШВИ в боксе (E-400),,89da002d-7290-11f0-b814-005056bde474,false,false
Номенклатура — current,raw.r1c_nomenclature_current,0816cece-f149-11f0-b81e-005056bde474,00-00013410,Набор гелевых ручек,,9088ee8b-75dc-11e7-af18-30f7727a492e,false,false
Номенклатура — current,raw.r1c_nomenclature_current,d057a3ca-e22f-11ef-b80c-005056bde474,00-00011630,"Набор головки ударные 25 предметов 1/4"", 1/2""",,007d76f1-0a39-11f0-b80e-005056bde474,false,false
Номенклатура — current,raw.r1c_nomenclature_current,79c1d0ed-535d-11f0-b811-005056bde474,00-00012485,Набор головок 10-32 мм 1/2,,007d76f1-0a39-11f0-b80e-005056bde474,false,false
Номенклатура — current,raw.r1c_nomenclature_current,70f29d50-5b05-11f0-b811-005056bde474,00-00012486,Набор головок 10-32 мм 3/4,,007d76f1-0a39-11f0-b80e-005056bde474,false,false
Номенклатура — current,raw.r1c_nomenclature_current,a8195ecd-5b0f-11f0-b811-005056bde474,00-00012504,Набор головок с трещотками,,007d76f1-0a39-11f0-b80e-005056bde474,false,false
Номенклатура — current,raw.r1c_nomenclature_current,28975444-46e7-11e8-af37-30f7727a492e,00-00000797,Набор головок торцевых,,9b060c03-71d9-11e7-85a2-d43d7eec442d,false,false
Номенклатура — current,raw.r1c_nomenclature_current,f11db27a-98d4-11ea-952a-30f7727a492e,00-00002668,Набор головок торцевых 1/2 6-ти гранных 10-32 мм ударных глубоких 15 предметов JTC-K4151,,9b060c03-71d9-11e7-85a2-d43d7eec442d,false,false
Номенклатура — current,raw.r1c_nomenclature_current,a2331c25-17d3-11ed-9c43-cb6d75bb653b,00-00006877,Набор головок торцевых 3/4 6-ти гранных 19-50 мм у 21 предмет JTC-Н621М,,9088eeaf-75dc-11e7-af18-30f7727a492e,false,false
Номенклатура — current,raw.r1c_nomenclature_current,55eb6915-ef2b-11f0-b81e-005056bde474,00-00013362,Набор диэлектр. отверток Профи,,007d76f1-0a39-11f0-b80e-005056bde474,false,false
Номенклатура — current,raw.r1c_nomenclature_current,7e2ece59-527b-11ec-9c40-00505689c8d9,АК-00005717,Набор диэлектр.отверток ПРОФИ НИО-08 78619 ,,f7164898-2ffe-11eb-af80-fa163e0d31f7,false,false
Номенклатура — current,raw.r1c_nomenclature_current,8a6b0f9a-e547-11ee-9c4c-005056893620,00-00010327,Набор диэлектрического инструмента СТАНДАРТ НИИ*01,,20e031f3-0a37-11f0-b80e-005056bde474,false,false
Номенклатура — current,raw.r1c_nomenclature_current,f63d995a-a05f-11f0-b81d-005056bde474,00-00012774,"Набор для демонтажа сальников и колец, ложемент, KING TONY ",,421dc3f0-0a38-11f0-b80e-005056bde474,false,false
Номенклатура — current,raw.r1c_nomenclature_current,6fb34674-a021-11eb-c683-fa163e0d31f7,БП-00003878,Набор для капельниц в трубку,,9088eead-75dc-11e7-af18-30f7727a492e,false,false
Номенклатура — current,raw.r1c_nomenclature_current,db13820f-03bf-11ee-9c4e-00505689ff45,00-00008109,Набор для пайки паяльник импульсный с подставкой,,20e031f3-0a37-11f0-b80e-005056bde474,false,false
Номенклатура — current,raw.r1c_nomenclature_current,5d1fdc84-cb9b-11e8-af53-30f7727a492e,00-00001265,Набор для пола (ведро-швабра),,f0e4c260-a130-11e8-af4c-30f7727a492e,false,false
Номенклатура — current,raw.r1c_nomenclature_current,f308647e-80dd-11ef-9c5d-00505689ff45,00-00011199,Набор для продува кабины НН-090-SET-8mm,,9b060c03-71d9-11e7-85a2-d43d7eec442d,false,false
Номенклатура — current,raw.r1c_nomenclature_current,50b9803e-33e4-11eb-0e8a-fa163e0d31f7,БП-00003291,Набор для ремонта бескамерных шин АВТОСТОП АВ-1011,,f7164898-2ffe-11eb-af80-fa163e0d31f7,false,false
Номенклатура — current,raw.r1c_nomenclature_current,aa729be8-238b-11ed-9c43-cb6d75bb653b,00-00007021,Набор для ремонта бескамерных шин БХЗ,,9b060c03-71d9-11e7-85a2-d43d7eec442d,false,false
Номенклатура — current,raw.r1c_nomenclature_current,76a5aa44-4a44-11f1-b821-005056bde474,00-00014209,Набор для ремонта ветр.стекол,,45c9e202-0a37-11f0-b80e-005056bde474,false,false
Номенклатура — current,raw.r1c_nomenclature_current,0d845c04-4ddf-11f1-b821-005056bde474,00-00014226,Набор для уборки швабра плоская с ведром для отжима ,,f0e4c260-a130-11e8-af4c-30f7727a492e,false,false
Номенклатура — current,raw.r1c_nomenclature_current,068c7dfb-4df7-11f1-b821-005056bde474,00-00014238,Набор для уборки щетка для пола с совком,,f0e4c260-a130-11e8-af4c-30f7727a492e,false,false
Номенклатура — current,raw.r1c_nomenclature_current,e514a054-11bb-11ea-9520-30f7727a492e,00-00002216,Набор досок,,f0e4c260-a130-11e8-af4c-30f7727a492e,false,false
Номенклатура — current,raw.r1c_nomenclature_current,8c9247db-4ba1-11ec-9c40-00505689c8d9,АК-00005642,Набор жгутов усиленных для ремонта бескамерных шин L 18 (30шт),,9b060c03-71d9-11e7-85a2-d43d7eec442d,false,false
Номенклатура — current,raw.r1c_nomenclature_current,4af48e7c-33ea-11eb-0e8a-fa163e0d31f7,БП-00003298,Набор заплат для ремонта резиновых изделий 32 пр.,,f7164898-2ffe-11eb-af80-fa163e0d31f7,false,false
Номенклатура — current,raw.r1c_nomenclature_current,bd11b083-7cb1-11ef-9c5d-00505689ff45,00-00011120,"Набор зарядное устройство Ryobi ONE RC18120 + Аккумулятор 5,0Ач",,e6b715af-0a38-11f0-b80e-005056bde474,false,false
Номенклатура — current,raw.r1c_nomenclature_current,e3abb730-5b05-11f0-b811-005056bde474,00-00012487,Набор зубил ,,007d76f1-0a39-11f0-b80e-005056bde474,false,false
Номенклатура — current,raw.r1c_nomenclature_current,b2d2cb6e-1ac5-11eb-c693-fa163e0d31f7,БП-00003194,Набор зубил и выколоток 13 предметов ROCKFORCE,,9b060c03-71d9-11e7-85a2-d43d7eec442d,false,false
Номенклатура — current,raw.r1c_nomenclature_current,1992bcb2-be8a-11ee-9c4c-005056893620,00-00010098,Набор зубил и кернеров 16 предметов в чехле,,9b060c03-71d9-11e7-85a2-d43d7eec442d,false,false
Номенклатура — current,raw.r1c_nomenclature_current,1f43788a-e231-11ef-b80c-005056bde474,00-00011634,Набор зубил и кернеров 5 предметов в чехле,,9b060c03-71d9-11e7-85a2-d43d7eec442d,false,false
Номенклатура — current,raw.r1c_nomenclature_current,9c3c4eb9-5a78-11f1-b821-005056bde474,00-00014440,"Набор зубил и кернеров в чехле, ЗУБР Профессионал 16 предметов",,27f6efe9-4ea3-11f1-b821-005056bde474,false,false
Номенклатура — current,raw.r1c_nomenclature_current,391c449e-5a79-11f1-b821-005056bde474,00-00014443,"Набор зубил, пробойников и керн 12пр YT-4714",,27f6efe9-4ea3-11f1-b821-005056bde474,false,false
Номенклатура — current,raw.r1c_nomenclature_current,0ac90818-e1a7-11ec-9c42-00505689c8d9,00-00006584,"Набор инструментов ""Семейный"" 6434",,f7164898-2ffe-11eb-af80-fa163e0d31f7,false,false
Номенклатура — current,raw.r1c_nomenclature_current,57b878c3-4dc7-11ec-9c40-00505689c8d9,АК-00005693,Набор инструментов 82 предмета 6 гран. FORCE 4821R-5 1/4.1/2,,f7164898-2ffe-11eb-af80-fa163e0d31f7,false,false
Номенклатура — current,raw.r1c_nomenclature_current,583f6fd3-488e-11ec-9c45-00505689c17d,АК-00005629,Набор инструментов 82 предмета CAS 82,,f7164898-2ffe-11eb-af80-fa163e0d31f7,false,false
Номенклатура — current,raw.r1c_nomenclature_current,1c131578-3acb-11eb-dc8d-fa163e0d31f7,БП-00003409,Набор инструментов 94 пр. SL,,f7164898-2ffe-11eb-af80-fa163e0d31f7,false,false
Номенклатура — current,raw.r1c_nomenclature_current,6b53604d-306e-11ed-9c43-cb6d75bb653b,00-00007130,Набор инструментов 94 предмета 1/2* 8 1/4*06-07-10,,f7164898-2ffe-11eb-af80-fa163e0d31f7,false,false
Номенклатура — current,raw.r1c_nomenclature_current,7bc719c8-e481-11eb-0c9a-fa163e0d31f7,БП-00004448,"Набор инструментов Inforce 108 предметов 1/2"", 1/4"" 06-07-12",,f7164898-2ffe-11eb-af80-fa163e0d31f7,false,false
Номенклатура — current,raw.r1c_nomenclature_current,72fbbdde-1ac5-11eb-c693-fa163e0d31f7,БП-00003193,"Набор инструментов универсальный 1/4,1/2DR 46100 Jonnesway S04H524142S",,9b060c03-71d9-11e7-85a2-d43d7eec442d,false,false
Номенклатура — current,raw.r1c_nomenclature_current,5ca95560-566f-11eb-1f84-fa163e0d31f7,БП-00003607,Набор инструментов универсальный 97 предметов KING TONY 7598MR,,f7164898-2ffe-11eb-af80-fa163e0d31f7,false,false
Номенклатура — current,raw.r1c_nomenclature_current,779eca66-32b3-11ed-9c43-cb6d75bb653b,00-00007162,Набор картриджей Сanon CLI-471 для PIXMA MG5740/6840/7740,,9088ee8b-75dc-11e7-af18-30f7727a492e,false,false
Номенклатура — current,raw.r1c_nomenclature_current,9ce92edc-c5e3-11ee-9c4c-005056893620,00-00010152,Набор кернов и зубил M6410SS 5пр 47113,,f7164898-2ffe-11eb-af80-fa163e0d31f7,false,false
Номенклатура — current,raw.r1c_nomenclature_current,89397faf-7ce0-11e7-af19-30f7727a492e,00-00000167,Набор ключей,,9b060c03-71d9-11e7-85a2-d43d7eec442d,false,false
Номенклатура — current,raw.r1c_nomenclature_current,6f0da923-9221-11ec-9c42-00505689c8d9,00-00006184,Набор ключей 6-22 мм 12шт,,007d76f1-0a39-11f0-b80e-005056bde474,false,false
Номенклатура — current,raw.r1c_nomenclature_current,bf19a46a-33c1-11ef-9c59-00505689ff45,00-00010668,Набор ключей импульс.удлин. 9шт. 1-5-10мм,,9b060c03-71d9-11e7-85a2-d43d7eec442d,false,false
Номенклатура — current,raw.r1c_nomenclature_current,a84bf3c3-2522-11ec-a9db-00505689f463,АК-00005390,Набор ключей комбинированных  АВТОДЕЛО №22 (6-32мм),,9b060c03-71d9-11e7-85a2-d43d7eec442d,false,false
Номенклатура — current,raw.r1c_nomenclature_current,f012714d-3b4e-11ee-9c4e-00505689ff45,00-00008481,Набор ключей комбинированных 22 шт Дело ТЕХНИКИ в сумке,,9b060c03-71d9-11e7-85a2-d43d7eec442d,false,false
Номенклатура — current,raw.r1c_nomenclature_current,6b9e7384-9191-11e9-af72-30f7727a492e,00-00001702,Набор ключей комбинированных 9шт,,9b060c03-71d9-11e7-85a2-d43d7eec442d,false,false
Номенклатура — current,raw.r1c_nomenclature_current,28975445-46e7-11e8-af37-30f7727a492e,00-00000798,Набор ключей комбинированных в сумке АВТОДЕЛО,,9b060c03-71d9-11e7-85a2-d43d7eec442d,false,false
Номенклатура — current,raw.r1c_nomenclature_current,2dd332f1-ffdb-11ef-b80e-005056bde474,00-00011756,"Набор ключей комбинированных, трещеточных 8шт.",,f7164898-2ffe-11eb-af80-fa163e0d31f7,false,false
Номенклатура — current,raw.r1c_nomenclature_current,47fee986-52ce-11f0-b811-005056bde474,00-00012473,"Набор ключей рожковых, 6-32мм",,007d76f1-0a39-11f0-b80e-005056bde474,false,false
Номенклатура — current,raw.r1c_nomenclature_current,a46861cf-f56a-11f0-b81e-005056bde474,00-00013416,Набор ключей шестигр. 9 шт. Дюймовых grf-121Gigant ,,0084b43e-7360-11f0-b814-005056bde474,false,false
Номенклатура — current,raw.r1c_nomenclature_current,a02000d4-fb52-11ef-b80e-005056bde474,00-00011736,Набор ключей шестигр. с шаром 10шт,,f7164898-2ffe-11eb-af80-fa163e0d31f7,false,false
Номенклатура — current,raw.r1c_nomenclature_current,1dcdc9c8-a075-11ec-9c42-00505689c8d9,00-00006301,Набор ключей шестигранных (10пр) Дело техники,,f7164898-2ffe-11eb-af80-fa163e0d31f7,false,false
Номенклатура — current,raw.r1c_nomenclature_current,53cd38e8-225f-11ee-9c4e-00505689ff45,00-00008350,"Набор ключей шестигранных 2,0 12мм",,f7164898-2ffe-11eb-af80-fa163e0d31f7,false,false
Номенклатура — current,raw.r1c_nomenclature_current,7e581add-e22f-11ef-b80c-005056bde474,00-00011629,Набор ключей шестигранных дюймовых удлиненных 13шт,,f7164898-2ffe-11eb-af80-fa163e0d31f7,false,false
Номенклатура — current,raw.r1c_nomenclature_current,699dc3bf-238b-11ed-9c43-cb6d75bb653b,00-00007020,"Набор колец резиновых 53,0мм  408шт",,9b060c03-71d9-11e7-85a2-d43d7eec442d,false,false
Номенклатура — current,raw.r1c_nomenclature_current,afd1c008-1bd3-11ee-9c4e-00505689ff45,00-00008324,Набор кольцевых пил 19-64,,f7164898-2ffe-11eb-af80-fa163e0d31f7,false,false
Номенклатура — current,raw.r1c_nomenclature_current,ae85b703-63d3-11f0-b811-005056bde474,00-00012537,Набор комбинированных трещеточных ключей 8шт GCRWS 8,,007d76f1-0a39-11f0-b80e-005056bde474,false,false
Номенклатура — current,raw.r1c_nomenclature_current,7583cc2e-629d-11ee-9c50-00505689ff45,00-00009613,Набор крепления рычага клапана TOTALPARTS,,9b060c03-71d9-11e7-85a2-d43d7eec442d,false,false
Номенклатура — current,raw.r1c_nomenclature_current,9088ee8f-75dc-11e7-af18-30f7727a492e,00-00000041,Набор маркеров,,9088ee8b-75dc-11e7-af18-30f7727a492e,false,false
Номенклатура — current,raw.r1c_nomenclature_current,9be7fa06-7dc7-11ec-9c41-00505689c8d9,АК-00006027,Набор маркеров для досок 3мм 4шт/уп,,9088ee8b-75dc-11e7-af18-30f7727a492e,false,false
Номенклатура — current,raw.r1c_nomenclature_current,f0e4c231-a130-11e8-af4c-30f7727a492e,00-00001059,Набор метчиков,,9b060c03-71d9-11e7-85a2-d43d7eec442d,false,false
Номенклатура — current,raw.r1c_nomenclature_current,00a31db9-0f5c-11ee-9c4e-00505689ff45,00-00008177,Набор метчиков и плашек ,,f7164898-2ffe-11eb-af80-fa163e0d31f7,false,false
Номенклатура — current,raw.r1c_nomenclature_current,dae97931-a02d-11f0-b81d-005056bde474,00-00012771,Набор метчиков и плашек 51 предмета STD051 Gigant ,,550325c1-0edf-11f0-b80e-005056bde474,false,false
Номенклатура — current,raw.r1c_nomenclature_current,951f8386-e488-11eb-0c9a-fa163e0d31f7,БП-00004466,"Набор метчиков и плашек М2-М18 WIEDERKRAFT 110 предметов, метрическая резьба WDK-DTM3110",,f7164898-2ffe-11eb-af80-fa163e0d31f7,false,false
Номенклатура — current,raw.r1c_nomenclature_current,05a8db33-e42f-11f0-b81e-005056bde474,00-00013319,"Набор метчиков машинных ZALTAR YELLOW RING HSS-E, DIN 371/376, Тип B, 7 пр., M3 -M12 ZA-05112",,550325c1-0edf-11f0-b80e-005056bde474,false,false
Номенклатура — current,raw.r1c_nomenclature_current,e0a7d9b0-527b-11ec-9c40-00505689c8d9,АК-00005718,Набор наконечников НШВИ №4 79492,,f7164898-2ffe-11eb-af80-fa163e0d31f7,false,false
Номенклатура — current,raw.r1c_nomenclature_current,d9348188-b4f4-11f0-b81e-005056bde474,00-00012929,Набор напильников и надфилей 10шт. Inforce,,0d64eb52-7363-11f0-b814-005056bde474,false,false
Номенклатура — current,raw.r1c_nomenclature_current,5edc1970-cc55-11e8-af53-30f7727a492e,00-00001287,Набор насадок 1/2 DR 6-гранных,,9b060c03-71d9-11e7-85a2-d43d7eec442d,false,false
Номенклатура — current,raw.r1c_nomenclature_current,5c2f4071-ef29-11f0-b81e-005056bde474,00-00013352,"Набор насадок на шуруповерт KRANZ PH2, PZ2 с магнитным держателем 50 мм, головка 8 мм, 10 мм",,007d76f1-0a39-11f0-b80e-005056bde474,false,false
Номенклатура — current,raw.r1c_nomenclature_current,5cc69d3c-b236-11eb-6d90-fa163e0d31f7,БП-00003958,Набор настольный 10 предметов вишня,,9088ee8b-75dc-11e7-af18-30f7727a492e,false,false
Номенклатура — current,raw.r1c_nomenclature_current,d2aed07a-038c-11ea-951d-30f7727a492e,00-00002187,Набор отверток,,007d76f1-0a39-11f0-b80e-005056bde474,false,false
Номенклатура — current,raw.r1c_nomenclature_current,f54e1292-c348-11eb-c697-fa163e0d31f7,БП-00004124,Набор отверток 6 шт,,f7164898-2ffe-11eb-af80-fa163e0d31f7,false,false
Номенклатура — current,raw.r1c_nomenclature_current,a9a309dd-b4f5-11f0-b81e-005056bde474,00-00012932,Набор отверток 6шт. SHTOK,,421dc3e0-0a38-11f0-b80e-005056bde474,false,false
Номенклатура — current,raw.r1c_nomenclature_current,d79f0c79-60f6-11ee-9c50-00505689ff45,00-00009610,Набор отверток диэлектрических,,9b060c03-71d9-11e7-85a2-d43d7eec442d,false,false
Номенклатура — current,raw.r1c_nomenclature_current,adbd6302-4dca-11ec-9c40-00505689c8d9,АК-00005695,Набор отверток для точных работ 9шт SHT310,,f7164898-2ffe-11eb-af80-fa163e0d31f7,false,false
Номенклатура — current,raw.r1c_nomenclature_current,549c48db-b4f4-11f0-b81e-005056bde474,00-00012928,Набор отверток с магнитным наконечником 11 предметов Gigant,,421dc3e0-0a38-11f0-b80e-005056bde474,false,false
Номенклатура — current,raw.r1c_nomenclature_current,ec194543-8839-11ec-9c41-00505689c8d9,00-00006110,Набор пластырей,,213391ae-cf6d-11eb-bd90-fa163e0d31f7,false,false
Номенклатура — current,raw.r1c_nomenclature_current,cfcffdb6-bc15-11ec-9c42-00505689c8d9,00-00006456,Набор предохранителей ,,9b060c03-71d9-11e7-85a2-d43d7eec442d,false,false
Номенклатура — current,raw.r1c_nomenclature_current,9597b5b9-c25a-11e9-af79-30f7727a492e,00-00001904,Набор предохранителей TESLA F1131,,9b060c03-71d9-11e7-85a2-d43d7eec442d,false,false
Номенклатура — current,raw.r1c_nomenclature_current,102d2634-13d2-11f0-b80e-005056bde474,00-00011913,Набор прокладок для ремонта заднего моста,,20296b06-0a38-11f0-b80e-005056bde474,false,false
Номенклатура — current,raw.r1c_nomenclature_current,9ae54d5c-bfd8-11eb-c69d-fa163e0d31f7,БП-00004074,Набор прокладок сантехнических  д/смесителя (силик),,f0e4c260-a130-11e8-af4c-30f7727a492e,false,false
Номенклатура — current,raw.r1c_nomenclature_current,85d830fc-ab4e-11e8-af4e-30f7727a492e,00-00001153,Набор резиновых колец-48103,,9b060c03-71d9-11e7-85a2-d43d7eec442d,false,false
Номенклатура — current,raw.r1c_nomenclature_current,a54a8594-17d5-11ed-9c43-cb6d75bb653b,00-00006881,Набор резиновых прокладок 225шт пластиковый кейс,,9b060c03-71d9-11e7-85a2-d43d7eec442d,false,false
Номенклатура — current,raw.r1c_nomenclature_current,d89dbf32-6a4c-11f1-b822-005056bde474,00-00014518,Набор салфеток 30х30 (5шт),,f0e4c260-a130-11e8-af4c-30f7727a492e,false,false
Номенклатура — current,raw.r1c_nomenclature_current,739966e1-f6d4-11f0-b81e-005056bde474,00-00013494,"Набор сверел по металлу, кирпичу, дереву 18шт 3,4,5,6,8,10мм G-11120",,05b398ee-0a39-11f0-b80e-005056bde474,false,false
Номенклатура — current,raw.r1c_nomenclature_current,855a1bad-0c2e-11ec-9c3a-00505689ff45,АК-00004894,Набор сверл ,,05b398ee-0a39-11f0-b80e-005056bde474,false,false
Номенклатура — current,raw.r1c_nomenclature_current,b05d9e00-2d02-11f1-b81f-005056bde474,00-00013934,Набор сверл по бетону 8 шт. D 3-10 мм Inforce 11-01-902-8,,78d8d6fe-7293-11f0-b814-005056bde474,false,false
Номенклатура — current,raw.r1c_nomenclature_current,2798a8a4-3ad0-11eb-dc8d-fa163e0d31f7,БП-00003424,"Набор сверл по металлу ""Мастерс"" 25шт с1-13 мм",,f7164898-2ffe-11eb-af80-fa163e0d31f7,false,false
Номенклатура — current,raw.r1c_nomenclature_current,be0d9095-ffda-11ef-b80e-005056bde474,00-00011754,Набор сверл по металлу 100 шт ,,f7164898-2ffe-11eb-af80-fa163e0d31f7,false,false
Номенклатура — current,raw.r1c_nomenclature_current,49e1d268-e486-11eb-0c9a-fa163e0d31f7,БП-00004458,Набор сверл по металлу 25 шт. (d 1-13 мм) HSS-R Metabo 627152000,,f7164898-2ffe-11eb-af80-fa163e0d31f7,false,false
Номенклатура — current,raw.r1c_nomenclature_current,6160935f-dde1-11ed-9c4e-00505689ff45,00-00007804,Набор сверл по металлу 41275мм 72379,,f7164898-2ffe-11eb-af80-fa163e0d31f7,false,false
Номенклатура — current,raw.r1c_nomenclature_current,d5de5681-2d00-11f1-b81f-005056bde474,00-00013926,"Набор сверл-метчиков Титановое покрытие из быстрорежущей стали, 6 шт EUROSTAR ",,c7578db7-735f-11f0-b814-005056bde474,false,false
Номенклатура — current,raw.r1c_nomenclature_current,3686a20c-17d0-11ed-9c43-cb6d75bb653b,00-00006873,Набор сверла/биты 100 шт кейс,,f7164898-2ffe-11eb-af80-fa163e0d31f7,false,false
Номенклатура — current,raw.r1c_nomenclature_current,cf41bda2-e230-11ef-b80c-005056bde474,00-00011633,Набор свёрел HSS 25мм,,f7164898-2ffe-11eb-af80-fa163e0d31f7,false,false
Номенклатура — current,raw.r1c_nomenclature_current,984adf9e-f56c-11f0-b81e-005056bde474,00-00013426,"Набор свёрл ступенчатых, 3 пр., ZALTAR HSS TiN, Gr.1/2/3, диаметр 4-12, 4-20, 6-30 мм, прямая канавк",,78d8d6fe-7293-11f0-b814-005056bde474,false,false
Номенклатура — current,raw.r1c_nomenclature_current,861c0a8b-a5d4-11f1-b824-005056bde474,00-00014735,Набор струбцин F-образных 50 х 200 мм 4 шт ,,30914716-7363-11f0-b814-005056bde474,false,false
Номенклатура — current,raw.r1c_nomenclature_current,3658aad6-535d-11f0-b811-005056bde474,00-00012484,Набор съемников ,,007d76f1-0a39-11f0-b80e-005056bde474,false,false
Номенклатура — current,raw.r1c_nomenclature_current,7d42d6be-ab36-11ef-9c5e-00505689ff45,00-00011401,Набор съемников 180мм стопорных колец,,9b060c03-71d9-11e7-85a2-d43d7eec442d,false,false
Номенклатура — current,raw.r1c_nomenclature_current,caff5d5a-4b35-11ee-9c4e-00505689ff45,00-00009483,Набор термоусадочных трубок Гермокомплект Мульти (КВТ),,9adc9f2a-3d8a-11f1-b821-005056bde474,false,false
Номенклатура — current,raw.r1c_nomenclature_current,92fea5e3-efc3-11f0-b81e-005056bde474,00-00013395,"Набор торсионных бит 50мм(PH1,PH2x2,PH3,PZ1,PZ2,PZ3,T30,SL5.5,H4) ",,c7578db7-735f-11f0-b814-005056bde474,false,false
Номенклатура — current,raw.r1c_nomenclature_current,32dc1a66-03ee-11f0-b80e-005056bde474,00-00011763,"Набор торцевых безударных головок 3/8"" 7-19 мм G-11328",,f7164898-2ffe-11eb-af80-fa163e0d31f7,false,false
Номенклатура — current,raw.r1c_nomenclature_current,329dbedb-9d13-11f0-b81d-005056bde474,00-00012760,Набор торцевых головок 1/4 DR глубоких 4-13мм 10 предметов ER-95150,,ed5a25da-735f-11f0-b814-005056bde474,false,false
Номенклатура — current,raw.r1c_nomenclature_current,244cdeb2-5278-11ec-9c40-00505689c8d9,АК-00005708,Набор торцевых ключей шестигранных с шаром 10 пар 55287,,9b060c03-71d9-11e7-85a2-d43d7eec442d,false,false
Номенклатура — current,raw.r1c_nomenclature_current,d6965285-f56a-11f0-b81e-005056bde474,00-00013417,"Набор торцевых ударных головок 1/2"" 10-24 мм Gigant G-11323",,ed5a25da-735f-11f0-b814-005056bde474,false,false
Номенклатура — current,raw.r1c_nomenclature_current,381d17e9-4dce-11ec-9c40-00505689c8d9,АК-00005705,Набор трубок термоус.Navigator ТУТ NST-4-12-10-34M,,9b060c03-71d9-11e7-85a2-d43d7eec442d,false,false
Номенклатура — current,raw.r1c_nomenclature_current,2d5923af-ddde-11ed-9c4e-00505689ff45,00-00007796,Набор трубок термоусадочных №3 ТУТнг4 цвета 288 штук,,f0e4c260-a130-11e8-af4c-30f7727a492e,false,false
Номенклатура — current,raw.r1c_nomenclature_current,7a931b12-52ce-11f0-b811-005056bde474,00-00012474,Набор ударных отверток 6шт,,007d76f1-0a39-11f0-b80e-005056bde474,false,false
Номенклатура — current,raw.r1c_nomenclature_current,5bfa0c33-17d4-11ed-9c43-cb6d75bb653b,00-00006878,"Набор ударных отверток MATRIX 6 шт РН1х75,РН2х100,РН3х150,SL 5*75.SL6*100.SL8*150",,9088eeaf-75dc-11e7-af18-30f7727a492e,false,false
Номенклатура — current,raw.r1c_nomenclature_current,85497674-ef29-11f0-b81e-005056bde474,00-00013353,Набор удлиненных ключей TORX с отверстием MKSS Toolbox ,,007d76f1-0a39-11f0-b80e-005056bde474,false,false
Номенклатура — current,raw.r1c_nomenclature_current,6e6581a9-65f6-11f0-b811-005056bde474,00-00012571,Набор уплотнительных резиновых колец (больш),,45c9e202-0a37-11f0-b80e-005056bde474,false,false
Номенклатура — current,raw.r1c_nomenclature_current,bfc77a0e-a48f-11ee-9c4c-005056893620,00-00010011,"Набор фланцевых колец НШ 10.32У,32У (МТЗ,ЮМЗ)",,9b060c03-71d9-11e7-85a2-d43d7eec442d,false,false
Номенклатура — current,raw.r1c_nomenclature_current,f811ca26-000e-11ec-9c3a-00505689ff45,АК-00003945,Набор фланцевых колец НШ 10.50 (ДТ75),,9b060c03-71d9-11e7-85a2-d43d7eec442d,false,false
Номенклатура — current,raw.r1c_nomenclature_current,14930dbe-6b5a-11ed-9c4d-00505689c8d9,00-00007436,Набор черных клеевых термоус. трубок,,9088eead-75dc-11e7-af18-30f7727a492e,false,false
Номенклатура — current,raw.r1c_nomenclature_current,e675d559-c25e-11ed-9c4d-00505689ff45,00-00007680,Набор черных клеевых термоусадочных трубок №6-29-0106,,9adc9f2a-3d8a-11f1-b821-005056bde474,false,false
Номенклатура — current,raw.r1c_nomenclature_current,2178d362-ef29-11f0-b81e-005056bde474,00-00013351,Набор шестигранных длинных ключей с шаром 9 шт Inforce ,,007d76f1-0a39-11f0-b80e-005056bde474,false,false
Номенклатура — current,raw.r1c_nomenclature_current,e514a058-11bb-11ea-9520-30f7727a492e,00-00002220,Набор шестигранных ключей коротких с шаром 9 пре,,9b060c03-71d9-11e7-85a2-d43d7eec442d,false,false
Номенклатура — current,raw.r1c_nomenclature_current,12263bd7-0be5-11ed-9c43-00505689c8d9,00-00006825,Набор шплинтов 555 шт СИБРТЕХ,,9b060c03-71d9-11e7-85a2-d43d7eec442d,false,false
Номенклатура — current,raw.r1c_nomenclature_current,8388ca28-e484-11eb-0c9a-fa163e0d31f7,БП-00004453,"Набор экстракторов для болтов с сорванной внутренней резьбой 5-16 мм (25 штук, кейс) JTC 4733",,f7164898-2ffe-11eb-af80-fa163e0d31f7,false,false
Номенклатура — current,raw.r1c_nomenclature_current,6666cacc-07d4-11eb-1097-fa163ee5d2f9,БП-00003104,Навигационный приемник GARMIN e Trex 30х,,8b826a40-d818-11eb-d199-fa163e0d31f7,false,false
Номенклатура — current,raw.r1c_nomenclature_current,0f885580-dbf7-11ea-5e87-fa163ee5d2f9,БП-00002910,Навигационный приемник GARMIN еTrex 30х,,8b826a40-d818-11eb-d199-fa163e0d31f7,false,false
Номенклатура — current,raw.r1c_nomenclature_current,2b4f4ff0-e996-11e9-af7d-30f7727a492e,00-00002088,Нагель ,,9088eead-75dc-11e7-af18-30f7727a492e,false,false
Номенклатура — current,raw.r1c_nomenclature_current,662a5775-4ba0-11ec-9c40-00505689c8d9,АК-00005641,Нагеля,,9088eead-75dc-11e7-af18-30f7727a492e,false,false
Номенклатура — current,raw.r1c_nomenclature_current,a5ae1665-a21c-11ed-9c4c-00505689ff45,00-00007602,Нагиль ,,9088eead-75dc-11e7-af18-30f7727a492e,false,false
Номенклатура — current,raw.r1c_nomenclature_current,c9eea622-e47a-11eb-0c9a-fa163e0d31f7,БП-00004427,Нагнетатель густой смазки пневматический HG-68213M AEsT,,f7164898-2ffe-11eb-af80-fa163e0d31f7,false,false
Номенклатура — current,raw.r1c_nomenclature_current,e1331d0c-abc4-11ef-9c5e-00505689ff45,00-00011405,Нагреватель воздуха дизельный непрямого нагрева 82 кВт,,9b060c2a-71d9-11e7-85a2-d43d7eec442d,false,false
Номенклатура — current,raw.r1c_nomenclature_current,d3ca9272-0e72-11ee-9c4e-00505689ff45,00-00008164,Наклейка Габариты/крупно Габаритный груз,,9b060c03-71d9-11e7-85a2-d43d7eec442d,false,false
Номенклатура — current,raw.r1c_nomenclature_current,1dec753b-63e3-11ec-9c40-00505689c8d9,АК-00005835,Наклейка Инвалид наружняя 15х15см,,9b060c03-71d9-11e7-85a2-d43d7eec442d,false,false
Номенклатура — current,raw.r1c_nomenclature_current,a4ee561d-753f-11e9-af6d-30f7727a492e,00-00001576,"Наклейка-знак виниловая ""Тихоходное транспортное средство""",,9b060c03-71d9-11e7-85a2-d43d7eec442d,false,false
Номенклатура — current,raw.r1c_nomenclature_current,fe94ac0e-2a81-11eb-259f-fa163e0d31f7,БП-00003211,Наклейки на пленке,,76f9e9b5-0987-11f0-b80e-005056bde474,false,false
Номенклатура — current,raw.r1c_nomenclature_current,e3f0b70f-2aa6-11ec-b9a9-00505689914b,АК-00005431,Наклонный конвейер  Р-330/50 (регулировка скорости (инверторг) защитный тент),,de1714af-8a12-11e7-af1d-30f7727a492e,false,false
Номенклатура — current,raw.r1c_nomenclature_current,96e6e7cc-2aa7-11ec-b9a9-00505689914b,АК-00005434,Наклонный конвейер  Р-420/60 ,,de1714af-8a12-11e7-af1d-30f7727a492e,false,false
Номенклатура — current,raw.r1c_nomenclature_current,f1986812-4221-11ec-9c41-00505689db63,АК-00005564,Наклонный конвейер  Р-450/50 ,,de1714af-8a12-11e7-af1d-30f7727a492e,false,false
Номенклатура — current,raw.r1c_nomenclature_current,e3202fd5-84f8-11f1-b824-005056bde474,00-00014618,Наконечник,,caeea65b-372d-11f1-b81f-005056bde474,false,false
Номенклатура — current,raw.r1c_nomenclature_current,de3c23c0-7717-11ed-9c4d-00505689c8d9,00-00007494,"Наконечник  НКИ 2-6 кольцо 1,5-2,5 мм",,9adc9f2a-3d8a-11f1-b821-005056bde474,false,false
Номенклатура — current,raw.r1c_nomenclature_current,eec47fef-5cae-11ec-9c40-00505689c8d9,АК-00005799,"Наконечник -гильза Е1508 1,5мм2 с изолированным францем ИЭК (100шт)",,9adc9f2a-3d8a-11f1-b821-005056bde474,false,false
Номенклатура — current,raw.r1c_nomenclature_current,1c743309-5caf-11ec-9c40-00505689c8d9,АК-00005800,"Наконечник -гильза Е2508 2,5мм2 с изолированным францем ИЭК (100шт)",,9adc9f2a-3d8a-11f1-b821-005056bde474,false,false
Номенклатура — current,raw.r1c_nomenclature_current,268cc845-6670-11ee-9c50-00505689ff45,00-00009626,Наконечник 2НБ-2.70-120мм КВТ 65818,,9adc9f2a-3d8a-11f1-b821-005056bde474,false,false
Номенклатура — current,raw.r1c_nomenclature_current,8c8aa298-652c-11ef-9c5c-00505689ff45,00-00010970,Наконечник DL-70 алюминиевый кабельный ИЭК,,9adc9f2a-3d8a-11f1-b821-005056bde474,false,false
Номенклатура — current,raw.r1c_nomenclature_current,d3e58975-9074-11ef-9c5e-00505689ff45,00-00011325,Наконечник DTL-50 медно-алюмин.кабельный ИЭК,,9b060c03-71d9-11e7-85a2-d43d7eec442d,false,false
Номенклатура — current,raw.r1c_nomenclature_current,2232e742-97a1-11f0-b818-005056bde474,00-00012756,Наконечник DТL-25 медно-алюминиевый кабельный ИЭК,,9adc9f2a-3d8a-11f1-b821-005056bde474,false,false
Номенклатура — current,raw.r1c_nomenclature_current,2909494f-e669-11ed-9c4e-00505689ff45,00-00007834,Наконечник JG медный луженый кабельный ИЭК UNP40-025-07-08,,9adc9f2a-3d8a-11f1-b821-005056bde474,false,false
Номенклатура — current,raw.r1c_nomenclature_current,af6bccd2-d960-11ee-9c4c-005056893620,00-00010230,Наконечник JG-25 медный луженый кабельный ИЭК ,,9adc9f2a-3d8a-11f1-b821-005056bde474,false,false
Номенклатура — current,raw.r1c_nomenclature_current,69b4ce51-c260-11ed-9c4d-00505689ff45,00-00007684,Наконечник LG-50 медный луженый кабельный ИЭК LNP40-050-10-10,,9adc9f2a-3d8a-11f1-b821-005056bde474,false,false
Номенклатура — current,raw.r1c_nomenclature_current,a169d7dc-2cf8-11f1-b81f-005056bde474,00-00013921,Наконечник Navigator 71 910 NET-E4009-B10 Е-гильзы НШВИ серый (10 шт/упак) 19574,,9adc9f2a-3d8a-11f1-b821-005056bde474,false,false
Номенклатура — current,raw.r1c_nomenclature_current,7d0b8012-f34f-11ee-9c4c-005056893620,00-00010378,"Наконечник REXANT 0,5 мм ",,9b060c03-71d9-11e7-85a2-d43d7eec442d,false,false
Номенклатура — current,raw.r1c_nomenclature_current,5b3efbc8-3cdf-11ea-9524-30f7727a492e,00-00002440,"Наконечник REXANT 6,5 мм кольцевой изолированный",,9b060c03-71d9-11e7-85a2-d43d7eec442d,false,false
Номенклатура — current,raw.r1c_nomenclature_current,49f6ee62-566c-11eb-1f84-fa163e0d31f7,БП-00003603,"Наконечник REXANT 8,0 мм ",,9b060c03-71d9-11e7-85a2-d43d7eec442d,false,false
Номенклатура — current,raw.r1c_nomenclature_current,2e71907e-1fa5-11ec-9c3a-00505689ff45,АК-00005255,Наконечник МАЗ цилиндра силового ЦГ80280340520411,,9b060c03-71d9-11e7-85a2-d43d7eec442d,false,false
Номенклатура — current,raw.r1c_nomenclature_current,d5cc5578-ef1f-11f0-b81e-005056bde474,00-00013338,"Наконечник НКИ 1,25-4 кольцо 0,5-1,5мм ",,193544c0-7290-11f0-b814-005056bde474,false,false
Номенклатура — current,raw.r1c_nomenclature_current,80877597-b70e-11f0-b81e-005056bde474,00-00012955,"Наконечник НКИ-Т 2,5–6 кольцо в термоусаживаемой манжете 100шт",,89da002d-7290-11f0-b814-005056bde474,false,false
Номенклатура — current,raw.r1c_nomenclature_current,811cee35-4b33-11ed-9c43-cb6d75bb653b,00-00007254,"Наконечник НКИ1 25-4 кольцо 0,5-1мм (100шт)",,9adc9f2a-3d8a-11f1-b821-005056bde474,false,false
Номенклатура — current,raw.r1c_nomenclature_current,9021133c-19e7-11f0-b80e-005056bde474,00-00011955,Наконечник НШАМ-16 кВт,,9adc9f2a-3d8a-11f1-b821-005056bde474,false,false
Номенклатура — current,raw.r1c_nomenclature_current,93b7d744-114d-11f1-b81f-005056bde474,00-00013798,"Наконечник НШВИ 4,0- 9 79446",,193544c0-7290-11f0-b814-005056bde474,false,false
Номенклатура — current,raw.r1c_nomenclature_current,b16a59f3-5a04-11ef-9c59-00505689ff45,00-00010792,"Наконечник НШВИ(2) 1,5-12 (КВТ)",,89da002d-7290-11f0-b814-005056bde474,false,false
Номенклатура — current,raw.r1c_nomenclature_current,4ae23cb5-5a05-11ef-9c59-00505689ff45,00-00010795,"Наконечник НШВИ(2) 1,5-8 коричневый (100шт/упак) IEK",,9adc9f2a-3d8a-11f1-b821-005056bde474,false,false
Номенклатура — current,raw.r1c_nomenclature_current,01922829-5a09-11ef-9c59-00505689ff45,00-00010798,"Наконечник НШВИ(2) 2,5-10 (КВТ)",,9adc9f2a-3d8a-11f1-b821-005056bde474,false,false
Номенклатура — current,raw.r1c_nomenclature_current,178d2a26-5a09-11ef-9c59-00505689ff45,00-00010799,"Наконечник НШВИ(2) 2,5-13 (КВТ)",,9adc9f2a-3d8a-11f1-b821-005056bde474,false,false
Номенклатура — current,raw.r1c_nomenclature_current,4ae45a17-bcf0-11ed-9c4d-00505689ff45,00-00007668,Наконечник алюминиевый  DL-25 LNP10-025-07-08,,9adc9f2a-3d8a-11f1-b821-005056bde474,false,false
Номенклатура — current,raw.r1c_nomenclature_current,5f35b1d4-652b-11ef-9c5c-00505689ff45,00-00010969,Наконечник алюминиевый ТА 95-12-13 (опрес.) КВТ,,9adc9f2a-3d8a-11f1-b821-005056bde474,false,false
Номенклатура — current,raw.r1c_nomenclature_current,669ecb8e-bc11-11ec-9c42-00505689c8d9,00-00006445,Наконечник алюминиевый кабельный ИЭК DL-16,,9adc9f2a-3d8a-11f1-b821-005056bde474,false,false
Номенклатура — current,raw.r1c_nomenclature_current,449cc95f-4b2c-11ed-9c43-cb6d75bb653b,00-00007243,Наконечник алюминиевый кабельный ИЭК DL-70,,9adc9f2a-3d8a-11f1-b821-005056bde474,false,false
Номенклатура — current,raw.r1c_nomenclature_current,ab6b36b2-d961-11ee-9c4c-005056893620,00-00010233,Наконечник алюминиевый кабельный ИЭК DTL-50,,9adc9f2a-3d8a-11f1-b821-005056bde474,false,false
Номенклатура — current,raw.r1c_nomenclature_current,fedb75d1-92a0-11ed-9c4c-00505689ff45,00-00007568,Наконечник алюминиевый кабельный ТА 85-12-13,,9adc9f2a-3d8a-11f1-b821-005056bde474,false,false
Номенклатура — current,raw.r1c_nomenclature_current,0e5a1359-c260-11ed-9c4d-00505689ff45,00-00007683,Наконечник алюминиевый под опрес DL-50 LNP10-050-09-10,,9adc9f2a-3d8a-11f1-b821-005056bde474,false,false
Номенклатура — current,raw.r1c_nomenclature_current,755d7d24-92c5-11eb-0c80-fa163e0d31f7,БП-00003820,Наконечник в сборе с шаром,,9b060c03-71d9-11e7-85a2-d43d7eec442d,false,false
Номенклатура — current,raw.r1c_nomenclature_current,8a1376af-ef20-11f0-b81e-005056bde474,00-00013340,"Наконечник вилочный изолированный НВИ 1,5-4, LD404-154 (ОПТ упаковка 100 шт)",,89da002d-7290-11f0-b814-005056bde474,false,false
Номенклатура — current,raw.r1c_nomenclature_current,ec323058-56ec-11ee-9c4e-00505689ff45,00-00009535,"Наконечник втулочн  НШвИ 2,5-12 ",,9adc9f2a-3d8a-11f1-b821-005056bde474,false,false
Номенклатура — current,raw.r1c_nomenclature_current,360bf895-4b37-11ee-9c4e-00505689ff45,00-00009487,Наконечник втулочн  НШвИ 4-12 КВТ,,9adc9f2a-3d8a-11f1-b821-005056bde474,false,false
Номенклатура — current,raw.r1c_nomenclature_current,4da4baa7-4fb4-11ed-9c43-cb6d75bb653b,00-00007325,"Наконечник гильза 2,5-8 Е 2508",,9adc9f2a-3d8a-11f1-b821-005056bde474,false,false
Номенклатура — current,raw.r1c_nomenclature_current,9d20e678-cdaf-11eb-bd90-fa163e0d31f7,БП-00004148,Наконечник гильза 4 10.0,,9adc9f2a-3d8a-11f1-b821-005056bde474,false,false
Номенклатура — current,raw.r1c_nomenclature_current,6a7567b4-5054-11ed-9c43-cb6d75bb653b,00-00007336,Наконечник гильза Е 4009 4мм2,,9adc9f2a-3d8a-11f1-b821-005056bde474,false,false
Номенклатура — current,raw.r1c_nomenclature_current,cb3d5f8d-8f1e-11ec-9c42-00505689c8d9,00-00006145,Наконечник гильза Е10-12 10мм2 с изолированным фланцем (100шт),,9adc9f2a-3d8a-11f1-b821-005056bde474,false,false
Номенклатура — current,raw.r1c_nomenclature_current,35ee66aa-e541-11ee-9c4c-005056893620,00-00010311,Наконечник гильза Е16-12 16мм2 с изолированным фланцем (100шт),,9adc9f2a-3d8a-11f1-b821-005056bde474,false,false
Номенклатура — current,raw.r1c_nomenclature_current,c6287a8d-4fb5-11ed-9c43-cb6d75bb653b,00-00007330,Наконечник гильза НШВИ 25-16 (уп 50шт),,9adc9f2a-3d8a-11f1-b821-005056bde474,false,false
Номенклатура — current,raw.r1c_nomenclature_current,9e865533-629a-11ea-9525-30f7727a492e,00-00002528,Наконечник гильза изогнутая 6-12  Е6012 Navigator,,9adc9f2a-3d8a-11f1-b821-005056bde474,false,false
Номенклатура — current,raw.r1c_nomenclature_current,9e865534-629a-11ea-9525-30f7727a492e,00-00002529,Наконечник гильза изогнутая 6-18  Е6018 Navigator,,9adc9f2a-3d8a-11f1-b821-005056bde474,false,false
Номенклатура — current,raw.r1c_nomenclature_current,6f21640c-8f1e-11ec-9c42-00505689c8d9,00-00006144,Наконечник гильза с изолированным фланцем (100шт),,9adc9f2a-3d8a-11f1-b821-005056bde474,false,false
Номенклатура — current,raw.r1c_nomenclature_current,5d1f5901-be8a-11ee-9c4c-005056893620,00-00010099,Наконечник для подкачки грузовых шин под шланг 8мм,,9b060c03-71d9-11e7-85a2-d43d7eec442d,false,false
Номенклатура — current,raw.r1c_nomenclature_current,226784cd-5a0a-11ef-9c59-00505689ff45,00-00010805,"Наконечник кольцевой  НКИ 1,5-4 (КВТ)",,9adc9f2a-3d8a-11f1-b821-005056bde474,false,false
Номенклатура — current,raw.r1c_nomenclature_current,3e4ad358-5a0a-11ef-9c59-00505689ff45,00-00010806,"Наконечник кольцевой  НКИ 1,5-5 (КВТ)",,9adc9f2a-3d8a-11f1-b821-005056bde474,false,false
Номенклатура — current,raw.r1c_nomenclature_current,6bf4ebb9-5a0a-11ef-9c59-00505689ff45,00-00010807,"Наконечник кольцевой  НКИ 2,5-6 (КВТ)",,9adc9f2a-3d8a-11f1-b821-005056bde474,false,false
Номенклатура — current,raw.r1c_nomenclature_current,9f5adb44-7717-11ed-9c4d-00505689c8d9,00-00007493,"Наконечник кольцевой  НКИ 2-6 кольцо 1,5-2,5",,9adc9f2a-3d8a-11f1-b821-005056bde474,false,false
Номенклатура — current,raw.r1c_nomenclature_current,5b3efbc7-3cdf-11ea-9524-30f7727a492e,00-00002439,Наконечник медный 25 мм,,9b060c03-71d9-11e7-85a2-d43d7eec442d,false,false
Номенклатура — current,raw.r1c_nomenclature_current,b5faf842-566c-11eb-1f84-fa163e0d31f7,БП-00003604,Наконечник медный 70 мм,,9b060c03-71d9-11e7-85a2-d43d7eec442d,false,false
Номенклатура — current,raw.r1c_nomenclature_current,9e865535-629a-11ea-9525-30f7727a492e,00-00002530,Наконечник медный ТМЛ 16-10-8 луженый КВТ,,9b060c03-71d9-11e7-85a2-d43d7eec442d,false,false
Номенклатура — current,raw.r1c_nomenclature_current,775cbb14-d7e5-11ef-b80c-005056bde474,00-00011559,Наконечник медный ТМЛ 95-10-15 луженый КВТ,,9adc9f2a-3d8a-11f1-b821-005056bde474,false,false
Номенклатура — current,raw.r1c_nomenclature_current,af356a82-1ed7-11ed-9c43-cb6d75bb653b,00-00006977,Наконечник медный ТМЛ-У 70--8  КВТ 66695,,9adc9f2a-3d8a-11f1-b821-005056bde474,false,false
Номенклатура — current,raw.r1c_nomenclature_current,a3de22a2-be89-11ee-9c4c-005056893620,00-00010096,Наконечник на шланг для подкачки колес елочка 8мм,,9b060c03-71d9-11e7-85a2-d43d7eec442d,false,false
Номенклатура — current,raw.r1c_nomenclature_current,502afe3c-b70b-11f0-b81e-005056bde474,00-00012950,"Наконечник нки 1,25-3 кольцо 0,5-1,5мм (100шт/упак)",,89da002d-7290-11f0-b814-005056bde474,false,false
Номенклатура — current,raw.r1c_nomenclature_current,0f2b683c-ddc1-11ed-9c4e-00505689ff45,00-00007776,Наконечник поперечной рулевой тяги лев.ЗИЛ.4331-341-4059,,9b060c03-71d9-11e7-85a2-d43d7eec442d,false,false
Номенклатура — current,raw.r1c_nomenclature_current,d07231a1-ddc0-11ed-9c4e-00505689ff45,00-00007775,Наконечник поперечной рулевой тяги пр.4331-341-4058,,9b060c03-71d9-11e7-85a2-d43d7eec442d,false,false
Номенклатура — current,raw.r1c_nomenclature_current,b32b61a2-807a-11ea-9528-30f7727a492e,00-00002560,Наконечник рулевой  ,,9b060c03-71d9-11e7-85a2-d43d7eec442d,false,false
Номенклатура — current,raw.r1c_nomenclature_current,a1d9583e-e157-11ea-8696-fa163ee5d2f9,БП-00002946,Наконечник рулевой  L+R,,9b060c03-71d9-11e7-85a2-d43d7eec442d,false,false
Номенклатура — current,raw.r1c_nomenclature_current,45f8c8df-c562-11e9-af79-30f7727a492e,00-00001916,Наконечник рулевой  левый CI-ES-5119,,9b060c03-71d9-11e7-85a2-d43d7eec442d,false,false
Номенклатура — current,raw.r1c_nomenclature_current,45f8c8e0-c562-11e9-af79-30f7727a492e,00-00001917,Наконечник рулевой  правый CI-ES-5120,,9b060c03-71d9-11e7-85a2-d43d7eec442d,false,false
Номенклатура — current,raw.r1c_nomenclature_current,e51b5f69-1672-11ef-9c4f-005056893620,00-00010543,Наконечник рулевой тяги  левый CIE0867L,,9b060c03-71d9-11e7-85a2-d43d7eec442d,false,false
Номенклатура — current,raw.r1c_nomenclature_current,344de263-6c79-11f0-b811-005056bde474,00-00012593,Наконечник рулевой тяги L,,20296b06-0a38-11f0-b80e-005056bde474,false,false
Номенклатура — current,raw.r1c_nomenclature_current,4b6d5450-6c79-11f0-b811-005056bde474,00-00012594,Наконечник рулевой тяги R,,20296b06-0a38-11f0-b80e-005056bde474,false,false
Номенклатура — current,raw.r1c_nomenclature_current,851ab629-1ddc-11e8-af31-30f7727a492e,00-00000684,Наконечник рулевой тяги МТЗ левый,,9b060c03-71d9-11e7-85a2-d43d7eec442d,false,false
Номенклатура — current,raw.r1c_nomenclature_current,11caaeaa-f332-11ee-9c4c-005056893620,00-00010363,Наконечник рулевой тяги МТЗ левый 26 мм (шарнир А),,9b060c03-71d9-11e7-85a2-d43d7eec442d,false,false
Номенклатура — current,raw.r1c_nomenclature_current,28975446-46e7-11e8-af37-30f7727a492e,00-00000799,Наконечник рулевой тяги МТЗ правый,,9b060c03-71d9-11e7-85a2-d43d7eec442d,false,false
Номенклатура — current,raw.r1c_nomenclature_current,fb921a62-e060-11ee-9c4c-005056893620,00-00010257,Наконечник рулевой тяги МТЗ правый 26 мм (шарнир А),,9b060c03-71d9-11e7-85a2-d43d7eec442d,false,false
Номенклатура — current,raw.r1c_nomenclature_current,e108f354-429e-11f0-b80f-005056bde474,00-00012444,"Наконечник сварочный прямой М6 d1,2мм ",,e857fb59-7295-11f0-b814-005056bde474,false,false
Номенклатура — current,raw.r1c_nomenclature_current,1e8dc27e-ea6c-11ed-9c4e-00505689ff45,00-00007901,Наконечник усиленный для плунжерного  шприца NO9005,,45c9e202-0a37-11f0-b80e-005056bde474,false,false
Номенклатура — current,raw.r1c_nomenclature_current,a01ce4b7-aa82-11e8-af4e-30f7727a492e,00-00001136,Наконечник шланга подкачки,,9b060c03-71d9-11e7-85a2-d43d7eec442d,false,false
Номенклатура — current,raw.r1c_nomenclature_current,feffb840-bcf3-11ed-9c4d-00505689ff45,00-00007672,Наконечник шлифтовый плоский   НШП-25 квт,,9adc9f2a-3d8a-11f1-b821-005056bde474,false,false
Номенклатура — current,raw.r1c_nomenclature_current,4c3d4693-c867-11e8-af51-30f7727a492e,00-00001230,Наконечник шприца,,9088eeaf-75dc-11e7-af18-30f7727a492e,false,false
Номенклатура — current,raw.r1c_nomenclature_current,65d0ae8f-86df-11ed-9c4c-00505689ff45,00-00007546,Наконечник шприца 4 лепестка стандарт,,9b060c02-71d9-11e7-85a2-d43d7eec442d,false,false
Номенклатура — current,raw.r1c_nomenclature_current,6ad9e743-0c3a-11ee-9c4e-00505689ff45,00-00008147,Наконечник шприца ТНП,,9b060c03-71d9-11e7-85a2-d43d7eec442d,false,false
Номенклатура — current,raw.r1c_nomenclature_current,83791a61-65f8-11f0-b811-005056bde474,00-00012573,Наконечник шприца ТНП 42011,,45c9e202-0a37-11f0-b80e-005056bde474,false,false
Номенклатура — current,raw.r1c_nomenclature_current,f2b0501c-c27d-11ea-7580-fa163ee5d2f9,БП-00002849,Наконечник шприца для консистентной смазки,,9b060c03-71d9-11e7-85a2-d43d7eec442d,false,false
Номенклатура — current,raw.r1c_nomenclature_current,919dd15d-92a1-11ed-9c4c-00505689ff45,00-00007569,Наконечник штифтовый алюмин.луженый НШАГ 16-14 EKF,,9adc9f2a-3d8a-11f1-b821-005056bde474,false,false
Номенклатура — current,raw.r1c_nomenclature_current,b187c249-c260-11ed-9c4d-00505689ff45,00-00007685,Наконечник штифтовый алюмин.луженый НШАП-50 квт 50312,,9adc9f2a-3d8a-11f1-b821-005056bde474,false,false
Номенклатура — current,raw.r1c_nomenclature_current,f50ff6a4-5a04-11ef-9c59-00505689ff45,00-00010794,"Наконечник штыревой НШВИ 0,75-8 (КВТ)",,9adc9f2a-3d8a-11f1-b821-005056bde474,false,false
Номенклатура — current,raw.r1c_nomenclature_current,d92a2f68-5a04-11ef-9c59-00505689ff45,00-00010793,"Наконечник штыревой НШВИ 1,5-12 (КВТ)",,9adc9f2a-3d8a-11f1-b821-005056bde474,false,false
Номенклатура — current,raw.r1c_nomenclature_current,de2f36e5-5a08-11ef-9c59-00505689ff45,00-00010797,"Наконечник штыревой НШВИ 1,5-8 (КВТ)",,9adc9f2a-3d8a-11f1-b821-005056bde474,false,false
Номенклатура — current,raw.r1c_nomenclature_current,34944a4a-5a09-11ef-9c59-00505689ff45,00-00010800,"Наконечник штыревой НШВИ 2,5-12 (КВТ)",,9adc9f2a-3d8a-11f1-b821-005056bde474,false,false
Номенклатура — current,raw.r1c_nomenclature_current,08375870-6522-11ef-9c5c-00505689ff45,00-00010956,"Наконечник штыревой НШВИ 4,0-12 (КВТ)",,9adc9f2a-3d8a-11f1-b821-005056bde474,false,false
Номенклатура — current,raw.r1c_nomenclature_current,95413d25-5a05-11ef-9c59-00505689ff45,00-00010796,"Наконечник штыревой НШВИ(2)  0,75-8 (КВТ)",,9adc9f2a-3d8a-11f1-b821-005056bde474,false,false
Номенклатура — current,raw.r1c_nomenclature_current,9e522450-a087-11f0-b81d-005056bde474,00-00012832,"Наконечник штырьевой круглый НШВИ 1,5-8 мм 100 шт",,89da002d-7290-11f0-b814-005056bde474,false,false
Номенклатура — current,raw.r1c_nomenclature_current,9e865529-629a-11ea-9525-30f7727a492e,00-00002519,Наконечник-гильза   Е6018 ИЕК,,9adc9f2a-3d8a-11f1-b821-005056bde474,false,false
Номенклатура — current,raw.r1c_nomenclature_current,0207e445-1597-11ea-9521-30f7727a492e,00-00002246,"Наконечник-гильза  1,5-8 Е150В ",,9adc9f2a-3d8a-11f1-b821-005056bde474,false,false
Номенклатура — current,raw.r1c_nomenclature_current,0207e446-1597-11ea-9521-30f7727a492e,00-00002247,"Наконечник-гильза  2,5-8 Е250В ",,9adc9f2a-3d8a-11f1-b821-005056bde474,false,false
Номенклатура — current,raw.r1c_nomenclature_current,76bb1cbe-4b9a-11ec-9c40-00505689c8d9,АК-00005637,Наконечник-гильза Е1008 1мм2 с изолированным фланцем,,9adc9f2a-3d8a-11f1-b821-005056bde474,false,false
Номенклатура — current,raw.r1c_nomenclature_current,c5316b14-4b36-11ee-9c4e-00505689ff45,00-00009486,"Наконечник-штырь  НШВИ 1,5-12 КВТ",,9adc9f2a-3d8a-11f1-b821-005056bde474,false,false
Номенклатура — current,raw.r1c_nomenclature_current,9e865542-629a-11ea-9525-30f7727a492e,00-00002536,"Наконечник-штырь  НШвИ(2) д 0,75",,9adc9f2a-3d8a-11f1-b821-005056bde474,false,false
Номенклатура — current,raw.r1c_nomenclature_current,bd7a324a-af40-11eb-3192-fa163e0d31f7,БП-00003924,Наконечник-штырь  НШвИ(2) д 10-12,,9adc9f2a-3d8a-11f1-b821-005056bde474,false,false
Номенклатура — current,raw.r1c_nomenclature_current,88ffbf12-af40-11eb-3192-fa163e0d31f7,БП-00003923,Наконечник-штырь  НШвИ(2) д 16,,9adc9f2a-3d8a-11f1-b821-005056bde474,false,false
Номенклатура — current,raw.r1c_nomenclature_current,a02ecf66-3e90-11ea-9524-30f7727a492e,00-00002458,"Наконечник-штырь  НШвИ(2) д2,5-10 квт",,9adc9f2a-3d8a-11f1-b821-005056bde474,false,false
Номенклатура — current,raw.r1c_nomenclature_current,3d2b3ca9-2aa8-11ec-b9a9-00505689914b,АК-00005435,Накопитель Биг-Бэг NB-1,,0bce46a7-4216-11f1-b821-005056bde474,false,false
Номенклатура — current,raw.r1c_nomenclature_current,21354fd7-7dc6-11ec-9c41-00505689c8d9,АК-00006023,Накопитель вертикальный складной на 4 отделения серый,,9088ee8b-75dc-11e7-af18-30f7727a492e,false,false
Номенклатура — current,raw.r1c_nomenclature_current,20d7e43e-8826-11ec-9c41-00505689c8d9,00-00006087,Наличник 220/07,,9088eead-75dc-11e7-af18-30f7727a492e,false,false
Номенклатура — current,raw.r1c_nomenclature_current,ab04bb0d-9223-11ec-9c42-00505689c8d9,00-00006189,Напиль 92,,9088eead-75dc-11e7-af18-30f7727a492e,false,false
Номенклатура — current,raw.r1c_nomenclature_current,516b8c7c-1bc7-11ee-9c4e-00505689ff45,00-00008310,Напильник круглый 250мм,,f7164898-2ffe-11eb-af80-fa163e0d31f7,false,false
Номенклатура — current,raw.r1c_nomenclature_current,f0e4c251-a130-11e8-af4c-30f7727a492e,00-00001080,"Напильник круглый 4,0 штиль",,9b060c03-71d9-11e7-85a2-d43d7eec442d,false,false
Номенклатура — current,raw.r1c_nomenclature_current,7faa8dde-c9ff-11e7-a3eb-94de80168a80,00-00000462,"Напильник круглый 4,8 штиль",,9b060c03-71d9-11e7-85a2-d43d7eec442d,false,false
Номенклатура — current,raw.r1c_nomenclature_current,7ca29c11-a20c-11ed-9c4c-00505689ff45,00-00007596,Напильник плоский Чемпион,,f7164898-2ffe-11eb-af80-fa163e0d31f7,false,false
Номенклатура — current,raw.r1c_nomenclature_current,1a7f5395-1bc7-11ee-9c4e-00505689ff45,00-00008309,Напильник полукруглый 250 №1,,f7164898-2ffe-11eb-af80-fa163e0d31f7,false,false
Номенклатура — current,raw.r1c_nomenclature_current,73d18452-d7b3-11ed-9c4e-00505689ff45,00-00007733,Напильник трегранный 200мм,,007d76f1-0a39-11f0-b80e-005056bde474,false,false
Номенклатура — current,raw.r1c_nomenclature_current,451bf5a8-d7b3-11ed-9c4e-00505689ff45,00-00007732,Напильник трегранный 250мм,,007d76f1-0a39-11f0-b80e-005056bde474,false,false
Номенклатура — current,raw.r1c_nomenclature_current,e9409d64-f270-11ee-9c4c-005056893620,00-00010361,Наполнитель Биг-Бегов НББ2,,de1714af-8a12-11e7-af1d-30f7727a492e,false,false
Номенклатура — current,raw.r1c_nomenclature_current,716912cd-a20a-11ed-9c4c-00505689ff45,00-00007592,Наполнитель древесный впитывающий,,9b060c02-71d9-11e7-85a2-d43d7eec442d,false,false
Номенклатура — current,raw.r1c_nomenclature_current,04b06812-3608-11eb-e19b-fa163e0d31f7,БП-00003345,"Напольная двухкамерная вакуум-упаковочная машина HVC 720S/2B-G SS(нерж,газ)",,9be0daf4-2e34-11eb-288c-fa163e0d31f7,false,false
Номенклатура — current,raw.r1c_nomenclature_current,05187d20-5150-11ee-9c4e-00505689ff45,00-00009510,"Напольные воздуховоды для хранения овощей толщиной 1,5 мм дл 17,8 м",,de1714af-8a12-11e7-af1d-30f7727a492e,false,false
Номенклатура — current,raw.r1c_nomenclature_current,30019160-e029-11e9-af7c-30f7727a492e,00-00001984,"Напольный вентиляционный канал ВК1 (400х780мм)S=2,0 мм",,de1714af-8a12-11e7-af1d-30f7727a492e,false,false
Номенклатура — current,raw.r1c_nomenclature_current,67f1bd28-e35b-11e9-af7c-30f7727a492e,00-00002001,"Напольный вентиляционный канал ВК10 (695х1320мм)S=1,5 мм",,de1714af-8a12-11e7-af1d-30f7727a492e,false,false
Номенклатура — current,raw.r1c_nomenclature_current,30019169-e029-11e9-af7c-30f7727a492e,00-00001993,"Напольный вентиляционный канал ВК10 (695х1320мм)S=2,0 мм",,de1714af-8a12-11e7-af1d-30f7727a492e,false,false
Номенклатура — current,raw.r1c_nomenclature_current,67f1bd29-e35b-11e9-af7c-30f7727a492e,00-00002002,"Напольный вентиляционный канал ВК11 (1380х725мм)S=1,5 мм",,de1714af-8a12-11e7-af1d-30f7727a492e,false,false
Номенклатура — current,raw.r1c_nomenclature_current,3001916a-e029-11e9-af7c-30f7727a492e,00-00001994,"Напольный вентиляционный канал ВК11 (1380х725мм)S=2,0 мм",,de1714af-8a12-11e7-af1d-30f7727a492e,false,false
Номенклатура — current,raw.r1c_nomenclature_current,30019161-e029-11e9-af7c-30f7727a492e,00-00001985,"Напольный вентиляционный канал ВК2 (433х810мм)S=2,0 мм",,de1714af-8a12-11e7-af1d-30f7727a492e,false,false
Номенклатура — current,raw.r1c_nomenclature_current,30019162-e029-11e9-af7c-30f7727a492e,00-00001986,"Напольный вентиляционный канал ВК3 (469х860мм)S=2,0 мм",,de1714af-8a12-11e7-af1d-30f7727a492e,false,false
Номенклатура — current,raw.r1c_nomenclature_current,30019163-e029-11e9-af7c-30f7727a492e,00-00001987,"Напольный вентиляционный канал ВК4 (500х930мм)S=2,0 мм",,de1714af-8a12-11e7-af1d-30f7727a492e,false,false
Номенклатура — current,raw.r1c_nomenclature_current,67f1bd23-e35b-11e9-af7c-30f7727a492e,00-00001996,"Напольный вентиляционный канал ВК5 (533х1000мм)S=1,5 мм",,de1714af-8a12-11e7-af1d-30f7727a492e,false,false
Номенклатура — current,raw.r1c_nomenclature_current,30019164-e029-11e9-af7c-30f7727a492e,00-00001988,"Напольный вентиляционный канал ВК5 (533х1000мм)S=2,0 мм",,de1714af-8a12-11e7-af1d-30f7727a492e,false,false
Номенклатура — current,raw.r1c_nomenclature_current,67f1bd24-e35b-11e9-af7c-30f7727a492e,00-00001997,"Напольный вентиляционный канал ВК6 (568х1060мм)S=1,5 мм",,de1714af-8a12-11e7-af1d-30f7727a492e,false,false
Номенклатура — current,raw.r1c_nomenclature_current,30019165-e029-11e9-af7c-30f7727a492e,00-00001989,"Напольный вентиляционный канал ВК6 (568х1060мм)S=2,0 мм",,de1714af-8a12-11e7-af1d-30f7727a492e,false,false
Номенклатура — current,raw.r1c_nomenclature_current,67f1bd25-e35b-11e9-af7c-30f7727a492e,00-00001998,"Напольный вентиляционный канал ВК7 (602х1130мм)S=1,5 мм",,de1714af-8a12-11e7-af1d-30f7727a492e,false,false
Номенклатура — current,raw.r1c_nomenclature_current,30019166-e029-11e9-af7c-30f7727a492e,00-00001990,"Напольный вентиляционный канал ВК7 (602х1130мм)S=2,0 мм",,de1714af-8a12-11e7-af1d-30f7727a492e,false,false
Номенклатура — current,raw.r1c_nomenclature_current,67f1bd26-e35b-11e9-af7c-30f7727a492e,00-00001999,"Напольный вентиляционный канал ВК8 (630х1190мм)S=1,5мм",,de1714af-8a12-11e7-af1d-30f7727a492e,false,false
Номенклатура — current,raw.r1c_nomenclature_current,30019167-e029-11e9-af7c-30f7727a492e,00-00001991,"Напольный вентиляционный канал ВК8 (630х1190мм)S=2,0 мм",,de1714af-8a12-11e7-af1d-30f7727a492e,false,false
Номенклатура — current,raw.r1c_nomenclature_current,67f1bd27-e35b-11e9-af7c-30f7727a492e,00-00002000,"Напольный вентиляционный канал ВК9 (660х1260мм)S=1,5мм",,de1714af-8a12-11e7-af1d-30f7727a492e,false,false
Номенклатура — current,raw.r1c_nomenclature_current,30019168-e029-11e9-af7c-30f7727a492e,00-00001992,"Напольный вентиляционный канал ВК9 (660х1260мм)S=2,0 мм",,de1714af-8a12-11e7-af1d-30f7727a492e,false,false
Номенклатура — current,raw.r1c_nomenclature_current,87c91ccb-514f-11ee-9c4e-00505689ff45,00-00009508,"Напорный вентилятор 900мм двигатель 5,5 квт 1440 об/мин",,de1714af-8a12-11e7-af1d-30f7727a492e,false,false
Номенклатура — current,raw.r1c_nomenclature_current,913e8884-e5c5-11ec-9c42-00505689c8d9,00-00006648,Напорный фильтр (889.12958),,9b060c03-71d9-11e7-85a2-d43d7eec442d,false,false
Номенклатура — current,raw.r1c_nomenclature_current,6fb764f6-e71e-11ec-9c42-00505689c8d9,00-00006660,Направляющая (015.52343),,9b060c03-71d9-11e7-85a2-d43d7eec442d,false,false
Номенклатура — current,raw.r1c_nomenclature_current,25700246-e5bf-11ec-9c42-00505689c8d9,00-00006629,Направляющая (100.95016),,9b060c03-71d9-11e7-85a2-d43d7eec442d,false,false
Номенклатура — current,raw.r1c_nomenclature_current,2200c210-dc06-11e8-af56-30f7727a492e,00-00001322,Направляющая клапана,,9b060c03-71d9-11e7-85a2-d43d7eec442d,false,false
Номенклатура — current,raw.r1c_nomenclature_current,d3dd1c22-e721-11ec-9c42-00505689c8d9,00-00006667,Направляющая ленты,,9b060c03-71d9-11e7-85a2-d43d7eec442d,false,false
Номенклатура — current,raw.r1c_nomenclature_current,b32b61a9-807a-11ea-9528-30f7727a492e,00-00002565,Направляющая подшипника,,9b060c03-71d9-11e7-85a2-d43d7eec442d,false,false
Номенклатура — current,raw.r1c_nomenclature_current,97223ca9-e5bc-11ec-9c42-00505689c8d9,00-00006622,Направляющий ролик,,9b060c03-71d9-11e7-85a2-d43d7eec442d,false,false
Номенклатура — current,raw.r1c_nomenclature_current,e4d5b54a-7924-11f1-b822-005056bde474,00-00014589,Напульсный магнитный держатель Forceberg шт 9-4014048F,,c7578db7-735f-11f0-b814-005056bde474,false,false
Номенклатура — current,raw.r1c_nomenclature_current,0c35bbde-1169-11f1-b81f-005056bde474,00-00013824,Наральник к KRET 1435/30-200/0,,45c9e202-0a37-11f0-b80e-005056bde474,false,false
Номенклатура — current,raw.r1c_nomenclature_current,08611dc9-615c-11eb-9c2d-0050560417d5,00-00002853,Нарезка,,0f237c99-615a-11eb-9c2d-0050560417d5,true,false
Номенклатура — current,raw.r1c_nomenclature_current,1875b407-6159-11eb-9c2d-0050560417d5,00-00002835,Нарезка,,fa501ce3-6158-11eb-9c2d-0050560417d5,true,false
Номенклатура — current,raw.r1c_nomenclature_current,6f7b2a2f-6158-11eb-9c2d-0050560417d5,00-00002826,Нарезка,,5c259cfe-6158-11eb-9c2d-0050560417d5,true,false
Номенклатура — current,raw.r1c_nomenclature_current,cb8d7cf7-6159-11eb-9c2d-0050560417d5,00-00002846,Нарезка,,c307f6c7-6159-11eb-9c2d-0050560417d5,true,false
Номенклатура — current,raw.r1c_nomenclature_current,cc6cfc34-17ef-11ed-9c43-cb6d75bb653b,00-00006914,Нарезка РВД 1SN/2SN до 1 включительно,,9b060c03-71d9-11e7-85a2-d43d7eec442d,false,false
Номенклатура — current,raw.r1c_nomenclature_current,56051ab9-5a89-11f1-b821-005056bde474,00-00014444,"Нарукавник многоразовый EVA синий 0,1мм",,f30e9604-6566-11f1-b821-005056bde474,false,false
Номенклатура — current,raw.r1c_nomenclature_current,f30e9604-6566-11f1-b821-005056bde474,00-00014503,Нарукавники,,9088eea8-75dc-11e7-af18-30f7727a492e,true,false
Номенклатура — current,raw.r1c_nomenclature_current,bee2d815-17a8-11f1-b81f-005056bde474,00-00013843,Нарукавники Профхим К80Щ50,,f30e9604-6566-11f1-b821-005056bde474,false,false
Номенклатура — current,raw.r1c_nomenclature_current,a4ebc9d7-dc19-11f0-b81e-005056bde474,00-00013199,Нарукавники брезентовые (МПТ),,f30e9604-6566-11f1-b821-005056bde474,false,false
Номенклатура — current,raw.r1c_nomenclature_current,5605d5f2-6689-11ee-9c50-00505689ff45,00-00009641,Нарукавники защитные брезентовые,,f30e9604-6566-11f1-b821-005056bde474,false,false
Номенклатура — current,raw.r1c_nomenclature_current,fec1906d-55cb-11ec-9c40-00505689c8d9,АК-00005735,Нарукавники защитные от кислот КЩС,,f30e9604-6566-11f1-b821-005056bde474,false,false
Номенклатура — current,raw.r1c_nomenclature_current,7599c34c-65e7-11ef-9c5c-00505689ff45,00-00010999,"Нарукавники защитные от кислот КЩС,пс",,f30e9604-6566-11f1-b821-005056bde474,false,false
Номенклатура — current,raw.r1c_nomenclature_current,6bccbc9b-e55b-11f0-b81e-005056bde474,00-00013331,Нарукавники мед.клеенка,,f30e9604-6566-11f1-b821-005056bde474,false,false
Номенклатура — current,raw.r1c_nomenclature_current,9db32168-814d-11ed-9c4d-00505689c8d9,00-00007512,Нарукавники многоразовый Рукас полиуретановый 46х22 ,,f30e9604-6566-11f1-b821-005056bde474,false,false
Номенклатура — current,raw.r1c_nomenclature_current,2d5f0a72-6bce-11f1-b822-005056bde474,00-00014525,"Нарукавники одноразовые полиэтиленовые, ц.синий (100шт/уп)",,f30e9604-6566-11f1-b821-005056bde474,false,false
Номенклатура — current,raw.r1c_nomenclature_current,abf7cbff-39bf-11ea-9523-30f7727a492e,00-00002397,"Нарукавники одноразовые полиэтиленовые, цв.белый",,f30e9604-6566-11f1-b821-005056bde474,false,false
Номенклатура — current,raw.r1c_nomenclature_current,b19a4b08-47a5-11ec-9c45-00505689c17d,АК-00005615,Нарукавники прорезиненные (мед клеенка),,f30e9604-6566-11f1-b821-005056bde474,false,false
Номенклатура — current,raw.r1c_nomenclature_current,5ca5cdba-d20e-11f0-b81e-005056bde474,00-00013057,Насадка для плунжерного шприца ,,45c9e202-0a37-11f0-b80e-005056bde474,false,false
Номенклатура — current,raw.r1c_nomenclature_current,2b0f347b-d630-11ec-9c42-00505689c8d9,00-00006546,Насадка для швабры,,f0e4c260-a130-11e8-af4c-30f7727a492e,false,false
Номенклатура — current,raw.r1c_nomenclature_current,9f8ad120-a024-11eb-c683-fa163e0d31f7,БП-00003882,Насадка для швабры МОП хлопок ,,f0e4c260-a130-11e8-af4c-30f7727a492e,false,false
Номенклатура — current,raw.r1c_nomenclature_current,a01ce4b6-aa82-11e8-af4e-30f7727a492e,00-00001135,Насадка насоса,,9b060c03-71d9-11e7-85a2-d43d7eec442d,false,false
Номенклатура — current,raw.r1c_nomenclature_current,04bc38e0-1423-11ef-9c4f-005056893620,00-00010523,Насадка пенная с длинным нипелем KW,,9b060c03-71d9-11e7-85a2-d43d7eec442d,false,false
Номенклатура — current,raw.r1c_nomenclature_current,21cb5eef-18a7-11ed-9c43-cb6d75bb653b,00-00006936,"Насос 3TF 90/6 каб.1,5м центробежный Belamos",,9088eeaf-75dc-11e7-af18-30f7727a492e,false,false
Номенклатура — current,raw.r1c_nomenclature_current,62f8be31-dc91-11ef-b80c-005056bde474,00-00011579,"Насос DWP 1500/22 19,5м/28куб/каб.10м",,f0e4c260-a130-11e8-af4c-30f7727a492e,false,false
Номенклатура — current,raw.r1c_nomenclature_current,bb685a90-e727-11ec-9c42-00505689c8d9,00-00006680,Насос POLY,,9b060c03-71d9-11e7-85a2-d43d7eec442d,false,false
Номенклатура — current,raw.r1c_nomenclature_current,748b9744-d985-11ef-b80c-005056bde474,00-00011570,Насос ГУРа с клапаном ПАЗ-32053,,9b060c03-71d9-11e7-85a2-d43d7eec442d,false,false
Номенклатура — current,raw.r1c_nomenclature_current,013d2fd4-5f5d-11e9-af6b-30f7727a492e,00-00001533,Насос НШ 100А-ЗЛ 700А.16.02.060,,9b060c03-71d9-11e7-85a2-d43d7eec442d,false,false
Номенклатура — current,raw.r1c_nomenclature_current,5c98bd29-7927-11f1-b822-005056bde474,00-00014593,"Насос ЭЦВ 4-20-60 (пр. часть, двиг.7,5 кВт) UNIPUMP 53456",,e6c2f988-3d8a-11f1-b821-005056bde474,false,false
Номенклатура — current,raw.r1c_nomenclature_current,7281f582-9ea8-11f0-b81d-005056bde474,00-00012765,Насос аксильно-поршневой - 721.2.63LA9DS/53R-VSC12N00,,45c9e202-0a37-11f0-b80e-005056bde474,false,false
Номенклатура — current,raw.r1c_nomenclature_current,710cb993-2521-11ec-a9db-00505689f463,АК-00005386,"Насос бензиновый ГАЗ 66/53,ПАЗ 13-1106010",,9b060c03-71d9-11e7-85a2-d43d7eec442d,false,false
Номенклатура — current,raw.r1c_nomenclature_current,10bac15a-fe33-11ea-7580-fa163ee5d2f9,БП-00003041,Насос бочковой рычажный GROZ,,9b060c03-71d9-11e7-85a2-d43d7eec442d,false,false
Номенклатура — current,raw.r1c_nomenclature_current,7e2c2a34-0003-11ec-9c3a-00505689ff45,АК-00003934,Насос вакумный КО-510 левый,,9b060c03-71d9-11e7-85a2-d43d7eec442d,false,false
Номенклатура — current,raw.r1c_nomenclature_current,769f9cc5-1a22-11e9-af62-30f7727a492e,00-00001449,Насос водяной ,,9b060c03-71d9-11e7-85a2-d43d7eec442d,false,false
Номенклатура — current,raw.r1c_nomenclature_current,2200c1f5-dc06-11e8-af56-30f7727a492e,00-00001313,Насос водяной Valtra 190,,9b060c03-71d9-11e7-85a2-d43d7eec442d,false,false
Номенклатура — current,raw.r1c_nomenclature_current,89fad211-1fd5-11e9-af63-30f7727a492e,00-00001464,Насос водяной WP6517,,9b060c03-71d9-11e7-85a2-d43d7eec442d,false,false
Номенклатура — current,raw.r1c_nomenclature_current,5ef247f0-ca0f-11eb-2782-fa163e0d31f7,БП-00004136,Насос водяной ГАЗ 66/53-1307010,,9b060c03-71d9-11e7-85a2-d43d7eec442d,false,false
Номенклатура — current,raw.r1c_nomenclature_current,4b364c92-c287-11ea-7580-fa163ee5d2f9,БП-00002853,Насос водяной Д-260 с большим шкивом БЗА,,9b060c03-71d9-11e7-85a2-d43d7eec442d,false,false
Номенклатура — current,raw.r1c_nomenclature_current,5aeff49f-f699-11f0-b81e-005056bde474,00-00013476,Насос водяной Д260 МТЗ-1221  ,,45c9e202-0a37-11f0-b80e-005056bde474,false,false
Номенклатура — current,raw.r1c_nomenclature_current,f2f97945-1e38-11f1-b81f-005056bde474,00-00013864,Насос водяной МТЗ 80 ,,45c9e202-0a37-11f0-b80e-005056bde474,false,false
Номенклатура — current,raw.r1c_nomenclature_current,b30a5fbb-f333-11ee-9c4c-005056893620,00-00010366,"Насос водяной МТЗ,Д-243,Д-244,Д-245.5(шкив 1 ручей,помпа БЗА",,9b060c03-71d9-11e7-85a2-d43d7eec442d,false,false
Номенклатура — current,raw.r1c_nomenclature_current,e6189c96-c0c0-11e9-af79-30f7727a492e,00-00001846,Насос водяной СМД-18 18Н-13С2 Китай,,9b060c03-71d9-11e7-85a2-d43d7eec442d,false,false
Номенклатура — current,raw.r1c_nomenclature_current,12b4a940-34b9-11f0-b80e-005056bde474,00-00012333,Насос водяной ваз 21213,,20296b06-0a38-11f0-b80e-005056bde474,false,false
Номенклатура — current,raw.r1c_nomenclature_current,70cd77cb-1fd6-11ee-9c4e-00505689ff45,00-00008336,Насос высокого давления 14л/мин 170 бар RC 14.16 N,,9b060c03-71d9-11e7-85a2-d43d7eec442d,false,false
Номенклатура — current,raw.r1c_nomenclature_current,c69c62a3-435f-11ef-9c59-00505689ff45,00-00010747,Насос гидроусилителя руля ГАЗ 66,,9b060c03-71d9-11e7-85a2-d43d7eec442d,false,false
Номенклатура — current,raw.r1c_nomenclature_current,9b060c8b-71d9-11e7-85a2-d43d7eec442d,00000135   ,Насос для внесения консервантов НВУ-10,,f0e4c260-a130-11e8-af4c-30f7727a492e,false,false
Номенклатура — current,raw.r1c_nomenclature_current,4902a35e-5683-11eb-1f84-fa163e0d31f7,БП-00003639,Насос для грязной воды,,9be0daf4-2e34-11eb-288c-fa163e0d31f7,false,false
Номенклатура — current,raw.r1c_nomenclature_current,de9a4d40-5b63-11f0-b811-005056bde474,00-00012516,Насос для перекачки топлива,,45c9e202-0a37-11f0-b80e-005056bde474,false,false
Номенклатура — current,raw.r1c_nomenclature_current,485dfec6-9ad4-11e8-af49-30f7727a492e,00-00001018,Насос дозатор 100 (МТЗ 82),,9b060c03-71d9-11e7-85a2-d43d7eec442d,false,false
Номенклатура — current,raw.r1c_nomenclature_current,6a382ef9-f332-11ee-9c4c-005056893620,00-00010364,Насос дозатор МТЗ (гидроруль) DOC 160 ADS1,,9b060c03-71d9-11e7-85a2-d43d7eec442d,false,false
Номенклатура — current,raw.r1c_nomenclature_current,444a38f6-ff1a-11ed-9c4e-00505689ff45,00-00008061,"Насос дозатор МТЗ 1221,ДП Д160-14,20-02",,9b060c03-71d9-11e7-85a2-d43d7eec442d,false,false
Номенклатура — current,raw.r1c_nomenclature_current,742e10ae-3635-11eb-e19b-fa163e0d31f7,БП-00003375,"Насос дозатор МТЗ 82,82 ЮМЗ,ДП Д100-14,20-02",,9b060c03-71d9-11e7-85a2-d43d7eec442d,false,false
Номенклатура — current,raw.r1c_nomenclature_current,abd831f4-1a11-11ec-9c3a-00505689ff45,АК-00005066,Насос дренажно канализационный с режущим ножом NB-1500N,,f0e4c260-a130-11e8-af4c-30f7727a492e,false,false
Номенклатура — current,raw.r1c_nomenclature_current,5e5a09bc-739c-11ec-9c40-00505689c8d9,АК-00005991,Насос дренажный,,f0e4c260-a130-11e8-af4c-30f7727a492e,false,false
Номенклатура — current,raw.r1c_nomenclature_current,b5988183-739c-11ec-9c40-00505689c8d9,АК-00005992,Насос дренажный Беламос DWP 1800CS,,f0e4c260-a130-11e8-af4c-30f7727a492e,false,false
Номенклатура — current,raw.r1c_nomenclature_current,616692d6-0646-11ec-9c3a-00505689ff45,АК-00004837,"Насос масляный ГАЗ-53,ЗМЗ 53-11-1011010",,9b060c03-71d9-11e7-85a2-d43d7eec442d,false,false
Номенклатура — current,raw.r1c_nomenclature_current,769f9cc9-1a22-11e9-af62-30f7727a492e,00-00001453,Насос масляный двигателя (ORG),,9b060c03-71d9-11e7-85a2-d43d7eec442d,false,false
Номенклатура — current,raw.r1c_nomenclature_current,90808e04-ca09-11eb-2782-fa163e0d31f7,БП-00004132,Насос мембранно-поршневой ВР 125К,,f0e4c260-a130-11e8-af4c-30f7727a492e,false,false
Номенклатура — current,raw.r1c_nomenclature_current,5c32f26e-e696-11eb-0c9a-fa163e0d31f7,БП-00004493,"Насос омывателя 24V 2.5атм. ПРАМО 1124.5208100-04 КАМАЗ,МАЗ,ЗИЛ",,9b060c03-71d9-11e7-85a2-d43d7eec442d,false,false
Номенклатура — current,raw.r1c_nomenclature_current,0e39fcac-3b52-11ee-9c4e-00505689ff45,00-00008483,Насос отопителя салона d=18 мм 12В 322 3780 Еврораз,,9b060c03-71d9-11e7-85a2-d43d7eec442d,false,false
Номенклатура — current,raw.r1c_nomenclature_current,368ad8aa-a3c0-11ee-9c4c-005056893620,00-00009986,Насос отопителя салона d=18 мм 24В ДП-63.21.378010,,9b060c03-71d9-11e7-85a2-d43d7eec442d,false,false
Номенклатура — current,raw.r1c_nomenclature_current,81d79602-bd90-11eb-bd8e-fa163e0d31f7,БП-00003980,Насос перекачки топлива 12В АВТОДЕЛО,,9b060c03-71d9-11e7-85a2-d43d7eec442d,false,false
Номенклатура — current,raw.r1c_nomenclature_current,accb4216-ea76-11ed-9c4e-00505689ff45,00-00007913,Насос перекачки топлива Стандарт -М 12В 50л/мин бак 11014,,9b060c03-71d9-11e7-85a2-d43d7eec442d,false,false
Номенклатура — current,raw.r1c_nomenclature_current,06e88be2-ea77-11ed-9c4e-00505689ff45,00-00007914,Насос перекачки топлива бочковой ручной роторный Гефест БАК 00110,,9b060c03-71d9-11e7-85a2-d43d7eec442d,false,false
Номенклатура — current,raw.r1c_nomenclature_current,bbc1191c-efa8-11f0-b81e-005056bde474,00-00013369,Насос перекачки топлива/масла из бочки ручной рычажный Airline AT-GG-13,,45c9e202-0a37-11f0-b80e-005056bde474,false,false
Номенклатура — current,raw.r1c_nomenclature_current,8225335a-1d78-11ea-9522-30f7727a492e,00-00002264,Насос погружной,,f0e4c260-a130-11e8-af4c-30f7727a492e,false,false
Номенклатура — current,raw.r1c_nomenclature_current,4e2dd264-d7ab-11ed-9c4e-00505689ff45,00-00007724,Насос погружной DWP 1300 с ножом,,9088eeaf-75dc-11e7-af18-30f7727a492e,false,false
Номенклатура — current,raw.r1c_nomenclature_current,51a11d69-f35f-11ee-9c4c-005056893620,00-00010391,Насос погружной DWP 1800,,9be0daf4-2e34-11eb-288c-fa163e0d31f7,false,false
Номенклатура — current,raw.r1c_nomenclature_current,7f6dc471-8498-11ef-9c5d-00505689ff45,00-00011220,Насос погружной DWP 1800 с ножом,,9088eeaf-75dc-11e7-af18-30f7727a492e,false,false
Номенклатура — current,raw.r1c_nomenclature_current,6c5ea09a-33ed-11eb-0e8a-fa163e0d31f7,БП-00003304,Насос погружной DWP 2200,,9be0daf4-2e34-11eb-288c-fa163e0d31f7,false,false
Номенклатура — current,raw.r1c_nomenclature_current,4e8e4d0e-33ed-11eb-0e8a-fa163e0d31f7,БП-00003303,"Насос погружной DWP 450 8,5м",,9be0daf4-2e34-11eb-288c-fa163e0d31f7,false,false
Номенклатура — current,raw.r1c_nomenclature_current,5b3efbb9-3cdf-11ea-9524-30f7727a492e,00-00002428,Насос погружной DWP 450 8м,,f0e4c260-a130-11e8-af4c-30f7727a492e,false,false
Номенклатура — current,raw.r1c_nomenclature_current,856ebf86-c34c-11eb-c697-fa163e0d31f7,БП-00004127,Насос погружной для перекачки дизельного топлива,,f0e4c260-a130-11e8-af4c-30f7727a492e,false,false
Номенклатура — current,raw.r1c_nomenclature_current,387e806a-f707-11f0-b81e-005056bde474,00-00013537,Насос погружной чугун. 17000л,,ffd1892d-3d8a-11f1-b821-005056bde474,false,false
Номенклатура — current,raw.r1c_nomenclature_current,d6c4c0bb-a3cc-11ee-9c4c-005056893620,00-00009994,"Насос подкачивающий УТН-3 МТЗ 80,ЮМЗ,СМД-18н",,9b060c03-71d9-11e7-85a2-d43d7eec442d,false,false
Номенклатура — current,raw.r1c_nomenclature_current,2e99407a-2c28-11f1-b81f-005056bde474,00-00013896,Насос подкачки PDA-010 корпус ,,45c9e202-0a37-11f0-b80e-005056bde474,false,false
Номенклатура — current,raw.r1c_nomenclature_current,4c9aae5e-c52c-11ec-9c42-00505689c8d9,00-00006477,Насос подкачки Д-245 солдатик BOSCH,,9b060c03-71d9-11e7-85a2-d43d7eec442d,false,false
Номенклатура — current,raw.r1c_nomenclature_current,5b9e63f7-1e38-11f1-b81f-005056bde474,00-00013863,"Насос подкачки Д-260,245 ТННД ",,45c9e202-0a37-11f0-b80e-005056bde474,false,false
Номенклатура — current,raw.r1c_nomenclature_current,efe0eee7-6498-11e8-af3d-30f7727a492e,00-00000880,Насос подкачки МТЗ ,,9b060c03-71d9-11e7-85a2-d43d7eec442d,false,false
Номенклатура — current,raw.r1c_nomenclature_current,3c0c3b28-d210-11f0-b81e-005056bde474,00-00013063,Насос подкачки ТННД МТЗ 80,,45c9e202-0a37-11f0-b80e-005056bde474,false,false
Номенклатура — current,raw.r1c_nomenclature_current,f903020d-6384-11ee-9c50-00505689ff45,00-00009614,Насос ручной гидравлический МРА 25+RV,,9b060c03-71d9-11e7-85a2-d43d7eec442d,false,false
Номенклатура — current,raw.r1c_nomenclature_current,1073dcb1-a07b-11f0-b81d-005056bde474,00-00012787,Насос ручной для дизельного топлива и масла Petroll НS-25A 9038,,abfc5cc8-7362-11f0-b814-005056bde474,false,false
Номенклатура — current,raw.r1c_nomenclature_current,370a23e8-2523-11ec-a9db-00505689f463,АК-00005391,"Насос ручной для масла,топлива в бочку 30 л/м ротор",,9b060c03-71d9-11e7-85a2-d43d7eec442d,false,false
Номенклатура — current,raw.r1c_nomenclature_current,0c23969d-ea6d-11ed-9c4e-00505689ff45,00-00007903,"Насос рычажный ручной для масла,для бочек 50-205л ",,9b060c03-71d9-11e7-85a2-d43d7eec442d,false,false
Номенклатура — current,raw.r1c_nomenclature_current,67462480-5683-11eb-1f84-fa163e0d31f7,БП-00003640,Насос садовый,,9be0daf4-2e34-11eb-288c-fa163e0d31f7,false,false
Номенклатура — current,raw.r1c_nomenclature_current,c7119ffc-cfcc-11ee-9c4c-005056893620,00-00010189,Насос сепаратора PrelLine (помпаа) АТ PL270420N,,9b060c03-71d9-11e7-85a2-d43d7eec442d,false,false
Номенклатура — current,raw.r1c_nomenclature_current,81f9fd50-08bd-11f1-b81f-005056bde474,00-00013684,Насос скважинный 4TF150/27,,6dd20a6a-51c7-11f0-b811-005056bde474,false,false
Номенклатура — current,raw.r1c_nomenclature_current,73e22818-cfb9-11f0-b81e-005056bde474,00-00013017,Насос топливный ,,45c9e202-0a37-11f0-b80e-005056bde474,false,false
Номенклатура — current,raw.r1c_nomenclature_current,9459cbe0-df82-11ee-9c4c-005056893620,00-00010249,Насос топливный ЯМЗ-53443 высокого давления с шестерней в сборе ЕВРО-5 АВТОДИЗЕЛЬ 53443.1111008-20,,9b060c03-71d9-11e7-85a2-d43d7eec442d,false,false
Номенклатура — current,raw.r1c_nomenclature_current,19421273-f6d5-11f0-b81e-005056bde474,00-00013498,Насос фекальный QUATTRO ELEMENTI Sewage 2500F,,6dd20a6a-51c7-11f0-b811-005056bde474,false,false
Номенклатура — current,raw.r1c_nomenclature_current,05eebf4a-ff57-11ef-b80e-005056bde474,00-00011749,Насос фекальный Sewage 2500F,,9088eeaf-75dc-11e7-af18-30f7727a492e,false,false
Номенклатура — current,raw.r1c_nomenclature_current,8aa3b6dc-4294-11f0-b80f-005056bde474,00-00012431,Насос фекальный Вихрь ФН-1500Л 68/5/5,,ffd1892d-3d8a-11f1-b821-005056bde474,false,false
Номенклатура — current,raw.r1c_nomenclature_current,dec8a488-5719-11eb-a997-fa163e0d31f7,БП-00003665,Насос фекальный с измельчителем JEMIX CUT-1500,,f0e4c260-a130-11e8-af4c-30f7727a492e,false,false
Номенклатура — current,raw.r1c_nomenclature_current,4918eb37-926f-11ed-9c4c-00505689ff45,00-00007560,Насос центроб.фекальный Калибр электрический НПЦ-1100НФ00000,,9b060c03-71d9-11e7-85a2-d43d7eec442d,false,false
Номенклатура — current,raw.r1c_nomenclature_current,747189ab-a69b-11ec-9c42-00505689c8d9,00-00006376,Насос цирк VALTEC RS 32/6-180 с гайками,,e6b715af-0a38-11f0-b80e-005056bde474,false,false
Номенклатура — current,raw.r1c_nomenclature_current,72392b14-9ea6-11f0-b81d-005056bde474,00-00012763,Насос шестеренный,,45c9e202-0a37-11f0-b80e-005056bde474,false,false
Номенклатура — current,raw.r1c_nomenclature_current,76c7e00c-8815-11e9-af70-30f7727a492e,00-00001664,"Насос шестеренчатый МТЗ,Т-150К,Т-130,170,Т-330,500 Гидросила",,9b060c03-71d9-11e7-85a2-d43d7eec442d,false,false
Номенклатура — current,raw.r1c_nomenclature_current,20ad55e1-e067-11ee-9c4c-005056893620,00-00010272,Насос шестеренчатый НШ 32МЧ-4 GP 3BH32R-204A,,9b060c03-71d9-11e7-85a2-d43d7eec442d,false,false
Номенклатура — current,raw.r1c_nomenclature_current,05c179a8-9a3b-11ec-9c42-00505689c8d9,00-00006257,Насос шестеренчатый НШ100А-3Л левый ВЗТА НШ100А-ЗЛ,,9b060c03-71d9-11e7-85a2-d43d7eec442d,false,false
Номенклатура — current,raw.r1c_nomenclature_current,65bee864-8b07-11eb-4b87-fa163e0d31f7,БП-00003796,Насос шестеренчатый НШ10У 6-ти шлицевой правый МГП НШ10У-3,,9b060c03-71d9-11e7-85a2-d43d7eec442d,false,false
Номенклатура — current,raw.r1c_nomenclature_current,a52e707a-33e4-11eb-0e8a-fa163e0d31f7,БП-00003292,Насос шестеренчатый НШ14М-3Л левый Гидросила,,9b060c03-71d9-11e7-85a2-d43d7eec442d,false,false
Номенклатура — current,raw.r1c_nomenclature_current,9151bfc4-8b07-11eb-4b87-fa163e0d31f7,БП-00003797,Насос шестеренчатый НШ32М-3 правый Гидросила,,9b060c03-71d9-11e7-85a2-d43d7eec442d,false,false
Номенклатура — current,raw.r1c_nomenclature_current,ac4c07ed-4073-11f0-b80e-005056bde474,00-00012424,Насос-дозатор Д80/160-19.24-02,,45c9e202-0a37-11f0-b80e-005056bde474,false,false
Номенклатура — current,raw.r1c_nomenclature_current,11717ad6-ad9c-11ea-d488-fa163ee5d2f9,БП-00002784,Насосная станция МОР 123 с двигателем IVECO №45 ТМЗ(172 лс) с насосом Rovatti F34 K125/2E-CF,,de1714af-8a12-11e7-af1d-30f7727a492e,false,false
Номенклатура — current,raw.r1c_nomenclature_current,86664695-3377-11ea-9522-30f7727a492e,00-00002339,Настенный комплект для смесителя ,,f0e4c260-a130-11e8-af4c-30f7727a492e,false,false
Номенклатура — current,raw.r1c_nomenclature_current,9b060c8c-71d9-11e7-85a2-d43d7eec442d,00000039   ,Настольный кулер,,f0e4c260-a130-11e8-af4c-30f7727a492e,false,false
Номенклатура — current,raw.r1c_nomenclature_current,d8fabbdd-4ddb-11f0-b811-005056bde474,00-00012458,Настройка техники,,52c3cca5-0968-11f0-b80e-005056bde474,false,false
Номенклатура — current,raw.r1c_nomenclature_current,fe71382d-23c7-11ea-9522-30f7727a492e,00-00002299,"Натрий метабисульфат ""ч"" пищевой Е223",,49b86adf-4217-11f1-b821-005056bde474,false,false
Номенклатура — current,raw.r1c_nomenclature_current,c9837679-1748-11ed-9c43-cb6d75bb653b,00-00006866,Натяжитель 260-1310105,,9b060c03-71d9-11e7-85a2-d43d7eec442d,false,false
Номенклатура — current,raw.r1c_nomenclature_current,205f3427-a492-11ee-9c4c-005056893620,00-00010019,Натяжитель ремня ДВС Dauko APV 1137,,9b060c03-71d9-11e7-85a2-d43d7eec442d,false,false
Номенклатура — current,raw.r1c_nomenclature_current,10d2469d-4521-11e8-af37-30f7727a492e,00-00000787,"Натяжитель ремня МТЗ 1221,Д-260",,9b060c03-71d9-11e7-85a2-d43d7eec442d,false,false
Номенклатура — current,raw.r1c_nomenclature_current,16cad224-f333-11ee-9c4c-005056893620,00-00010365,Натяжитель ремня МТЗ 260-1310105,,9b060c03-71d9-11e7-85a2-d43d7eec442d,false,false
Номенклатура — current,raw.r1c_nomenclature_current,769f9cca-1a22-11e9-af62-30f7727a492e,00-00001454,Натяжитель цепи масленного насоса (механический),,9b060c03-71d9-11e7-85a2-d43d7eec442d,false,false
Номенклатура — current,raw.r1c_nomenclature_current,a7bb6aeb-34dc-11ed-9c43-cb6d75bb653b,00-00007180,Натяжной ролик цепи,,9b060c03-71d9-11e7-85a2-d43d7eec442d,false,false
Номенклатура — current,raw.r1c_nomenclature_current,ecca73ed-cd0b-11ec-9c42-00505689c8d9,00-00006494,Наушники игровые беспроводные 20-20000гц микр.регул.громкости,,ce412305-0a38-11f0-b80e-005056bde474,false,false
Номенклатура — current,raw.r1c_nomenclature_current,39907a45-615e-11eb-9c2d-0050560417d5,00-00002861,Не брендированный,,e26ed5c1-6157-11eb-9c2d-0050560417d5,true,false
Номенклатура — current,raw.r1c_nomenclature_current,452977be-6158-11eb-9c2d-0050560417d5,00-00002824,Не мытый,,28920bdf-6158-11eb-9c2d-0050560417d5,true,false
Номенклатура — current,raw.r1c_nomenclature_current,6fc30193-6159-11eb-9c2d-0050560417d5,00-00002840,Не мытый,,49c12aa1-6159-11eb-9c2d-0050560417d5,true,false
Номенклатура — current,raw.r1c_nomenclature_current,ae7ed831-6159-11eb-9c2d-0050560417d5,00-00002844,Не мытый,,9aceaff5-6159-11eb-9c2d-0050560417d5,true,false
Номенклатура — current,raw.r1c_nomenclature_current,d6e04fa2-6158-11eb-9c2d-0050560417d5,00-00002833,Не мытый,,c2e17b14-6158-11eb-9c2d-0050560417d5,true,false
Номенклатура — current,raw.r1c_nomenclature_current,fdc4fd36-6159-11eb-9c2d-0050560417d5,00-00002851,Не мытый,,f51bb399-6159-11eb-9c2d-0050560417d5,true,false
Номенклатура — current,raw.r1c_nomenclature_current,306e94b2-6159-11eb-9c2d-0050560417d5,00-00002836,Не нарезка,,fa501ce3-6158-11eb-9c2d-0050560417d5,true,false
Номенклатура — current,raw.r1c_nomenclature_current,778e3f97-6158-11eb-9c2d-0050560417d5,00-00002827,Не нарезка,,5c259cfe-6158-11eb-9c2d-0050560417d5,true,false
Номенклатура — current,raw.r1c_nomenclature_current,7e8851a2-6159-11eb-9c2d-0050560417d5,00-00002841,Не нарезка,,5fede618-6159-11eb-9c2d-0050560417d5,true,false
Номенклатура — current,raw.r1c_nomenclature_current,95537843-615d-11eb-9c2d-0050560417d5,00-00002854,Не нарезка,,0f237c99-615a-11eb-9c2d-0050560417d5,true,false
Номенклатура — current,raw.r1c_nomenclature_current,d653fc54-6159-11eb-9c2d-0050560417d5,00-00002847,Не нарезка,,c307f6c7-6159-11eb-9c2d-0050560417d5,true,false
Номенклатура — current,raw.r1c_nomenclature_current,818414b3-2858-11ed-9c43-cb6d75bb653b,00-00007121,"Нейтрализатор ржавчины 0,5 л",,f0e4c260-a130-11e8-af4c-30f7727a492e,false,false
Номенклатура — current,raw.r1c_nomenclature_current,d8be81aa-f524-11eb-9c3a-00505689ff45,АК-00003625,Неофрал Инсектицид,,f9d67774-531d-11f0-b811-005056bde474,false,false
Номенклатура — current,raw.r1c_nomenclature_current,9c5b4df5-c4f4-11ef-9c5f-00505689ff45,00-00011532,Неразборное зубчатое колесо М25S1240Q6,,9b060c03-71d9-11e7-85a2-d43d7eec442d,false,false
Номенклатура — current,raw.r1c_nomenclature_current,a05e778a-947c-11f0-b818-005056bde474,00-00012735,"Неразборное зубчатое кольцо M2511, Z=12",,878c0548-728d-11f0-b814-005056bde474,false,false
Номенклатура — current,raw.r1c_nomenclature_current,01e6b532-947d-11f0-b818-005056bde474,00-00012737,"Неразборное зубчатое кольцо ScanBelt, Z=12",,878c0548-728d-11f0-b814-005056bde474,false,false
Номенклатура — current,raw.r1c_nomenclature_current,58da3ad8-b71d-11f0-b81e-005056bde474,00-00012959,Несамоходный подъемник ножничного типа от аккумуляторов Grost Tower 300-3.9 DC 212160,,9b060c15-71d9-11e7-85a2-d43d7eec442d,false,false
Номенклатура — current,raw.r1c_nomenclature_current,c4dac853-e722-11ec-9c42-00505689c8d9,00-00006671,Несущая балка оси,,9b060c03-71d9-11e7-85a2-d43d7eec442d,false,false
Номенклатура — current,raw.r1c_nomenclature_current,edb9af16-edc8-11ef-b80e-005056bde474,00-00011644,Неттоп Hightech ( i5-12400/H610I/SSD 256GB/DDR4 8 GB/120W),,20e031f3-0a37-11f0-b80e-005056bde474,false,false
Номенклатура — current,raw.r1c_nomenclature_current,48598133-c1e1-11ef-9c5f-00505689ff45,00-00011506,Неустойка сч.76.06,,1aeb231b-094c-11f0-b80e-005056bde474,false,false
Номенклатура — current,raw.r1c_nomenclature_current,598efc46-792b-11f1-b822-005056bde474,00-00014597,Нефтехимик НЕФРАС 80/ 120 ТУ 10Л НСТУ10000,,5221e7b6-0a39-11f0-b80e-005056bde474,false,false
Номенклатура — current,raw.r1c_nomenclature_current,2b8d7da2-f56b-11f0-b81e-005056bde474,00-00013419,Никелированные пассатижи 180 мм Inforce 06-18-42,,5df06684-7362-11f0-b814-005056bde474,false,false
Номенклатура — current,raw.r1c_nomenclature_current,7b76ba53-f32a-11ed-9c4e-00505689ff45,00-00007941,Ниппель 1/2,,9088eead-75dc-11e7-af18-30f7727a492e,false,false
Номенклатура — current,raw.r1c_nomenclature_current,d75266ea-2b8b-11ec-b9a9-00505689914b,АК-00005472,"Ниппель 2""-1 1/4 ",,9088eead-75dc-11e7-af18-30f7727a492e,false,false
Номенклатура — current,raw.r1c_nomenclature_current,d83bfed3-7c57-11f1-b822-005056bde474,00-00014601,"Ниппель 22*1,5",,9b060c02-71d9-11e7-85a2-d43d7eec442d,false,false
Номенклатура — current,raw.r1c_nomenclature_current,8f6938f3-1424-11ef-9c4f-005056893620,00-00010527,Ниппель соединительный AR4 1/4F,,9b060c03-71d9-11e7-85a2-d43d7eec442d,false,false
Номенклатура — current,raw.r1c_nomenclature_current,0edf992e-d4e0-11e7-a3f3-94de80168a80,00-00000499,Нити из полиэстера белые,,974cc8a9-4216-11f1-b821-005056bde474,false,false
Номенклатура — current,raw.r1c_nomenclature_current,ee472de7-d30e-11ed-9c4e-00505689ff45,00-00007703,Нитка прошивная,,974cc8a9-4216-11f1-b821-005056bde474,false,false
Номенклатура — current,raw.r1c_nomenclature_current,ba916b98-31b6-11e8-af34-30f7727a492e,00-00000759,Нитки 210 ЛШ суровые,,974cc8a9-4216-11f1-b821-005056bde474,false,false
Номенклатура — current,raw.r1c_nomenclature_current,974cc8a9-4216-11f1-b821-005056bde474,00-00014120,Нитки и иглы,,b1a6df2f-0a39-11f0-b80e-005056bde474,true,false
Номенклатура — current,raw.r1c_nomenclature_current,e6189ca7-c0c0-11e9-af79-30f7727a492e,00-00001856,Нитки из полиэстера белые,,974cc8a9-4216-11f1-b821-005056bde474,false,false
Номенклатура — current,raw.r1c_nomenclature_current,7556e76e-fccc-11ea-0b91-fa163ee5d2f9,БП-00003030,Нитки из полиэфирные ЛШ-210,,974cc8a9-4216-11f1-b821-005056bde474,false,false
Номенклатура — current,raw.r1c_nomenclature_current,cb33f0fc-dcfc-11e8-af56-30f7727a492e,00-00001346,Нитки швейные марки 12/4,,974cc8a9-4216-11f1-b821-005056bde474,false,false
Номенклатура — current,raw.r1c_nomenclature_current,2dad2021-b1c9-11ec-9c42-00505689c8d9,00-00006420,Нитроаммофоска МКР 16:16:16,,ab24072a-3b94-11f0-b80e-005056bde474,false,false
Номенклатура — current,raw.r1c_nomenclature_current,6a1c3e59-f707-11f0-b81e-005056bde474,00-00013542,Нить для герметезации 100м Тангит,,f8eb77bf-3d8a-11f1-b821-005056bde474,false,false
Номенклатура — current,raw.r1c_nomenclature_current,3bf0fdff-2b98-11ee-9c4e-00505689ff45,00-00008380,Нить полиамидная ,,f0e4c260-a130-11e8-af4c-30f7727a492e,false,false
Номенклатура — current,raw.r1c_nomenclature_current,72ea19c6-f707-11f0-b81e-005056bde474,00-00013543,Нить сантехническая льняная 110м VT.FLAX,,f8eb77bf-3d8a-11f1-b821-005056bde474,false,false
Номенклатура — current,raw.r1c_nomenclature_current,e83a44be-cb4d-11ee-9c4c-005056893620,00-00010166,Нихром для вакуумников DZ (W 10мм),,9b060c03-71d9-11e7-85a2-d43d7eec442d,false,false
Номенклатура — current,raw.r1c_nomenclature_current,d8be81ab-f524-11eb-9c3a-00505689ff45,АК-00003626,Новактион Инсектицид,,f9d67774-531d-11f0-b811-005056bde474,false,false
Номенклатура — current,raw.r1c_nomenclature_current,d8be81ac-f524-11eb-9c3a-00505689ff45,АК-00003627,Новус-Ф Инсектицид,,2eaeac4d-5322-11f0-b811-005056bde474,false,false
Номенклатура — current,raw.r1c_nomenclature_current,e514a056-11bb-11ea-9520-30f7727a492e,00-00002218,Нож ,,f0e4c260-a130-11e8-af4c-30f7727a492e,false,false
Номенклатура — current,raw.r1c_nomenclature_current,393a0b0a-c349-11eb-c697-fa163e0d31f7,БП-00004125,Нож  кухонный для овощей и фруктов,,f0e4c260-a130-11e8-af4c-30f7727a492e,false,false
Номенклатура — current,raw.r1c_nomenclature_current,8597d5be-cf73-11eb-bd90-fa163e0d31f7,БП-00004194,Нож  обойный с крутящимся фиксатором,,f0e4c260-a130-11e8-af4c-30f7727a492e,false,false
Номенклатура — current,raw.r1c_nomenclature_current,35476c34-43c2-11ed-9c43-cb6d75bb653b,00-00007217,Нож 134-1315В,,9b060c03-71d9-11e7-85a2-d43d7eec442d,false,false
Номенклатура — current,raw.r1c_nomenclature_current,59d4d343-43c2-11ed-9c43-cb6d75bb653b,00-00007218,Нож 134-340,,9b060c03-71d9-11e7-85a2-d43d7eec442d,false,false
Номенклатура — current,raw.r1c_nomenclature_current,dc4ef29f-95bb-11ef-9c5e-00505689ff45,00-00011347,Нож 18мм выдвижное лезвие,,9b060c03-71d9-11e7-85a2-d43d7eec442d,false,false
Номенклатура — current,raw.r1c_nomenclature_current,a62e6d4a-1f91-11ec-9c3a-00505689ff45,АК-00005237,Нож RUM 007936,,9b060c03-71d9-11e7-85a2-d43d7eec442d,false,false
Номенклатура — current,raw.r1c_nomenclature_current,87cff1d8-447a-11eb-7b94-fa163e0d31f7,БП-00003469,Нож КИР 03.403А,,9b060c03-71d9-11e7-85a2-d43d7eec442d,false,false
Номенклатура — current,raw.r1c_nomenclature_current,e4f418e2-d978-11eb-6c92-fa163e0d31f7,БП-00004404,"Нож НП-120/220 (с паузой, от 220В) Алюм. и Нерж.",,65439ec8-d96f-11eb-6c92-fa163e0d31f7,false,false
Номенклатура — current,raw.r1c_nomenclature_current,2b4f4fe9-e996-11e9-af7d-30f7727a492e,00-00002082,Нож выдвижной метал.напр. 18мм,,f0e4c260-a130-11e8-af4c-30f7727a492e,false,false
Номенклатура — current,raw.r1c_nomenclature_current,70e96167-5ee9-11ef-9c5c-00505689ff45,00-00010898,Нож для триммера Champion C5103,,9b060c02-71d9-11e7-85a2-d43d7eec442d,false,false
Номенклатура — current,raw.r1c_nomenclature_current,d9271540-84a6-11ef-9c5d-00505689ff45,00-00011249,Нож для чистки овощей 9см,,f0e4c260-a130-11e8-af4c-30f7727a492e,false,false
Номенклатура — current,raw.r1c_nomenclature_current,1e963d10-9969-11e7-af26-30f7727a492e,00-00000341,Нож канцелярский,,9088ee8b-75dc-11e7-af18-30f7727a492e,false,false
Номенклатура — current,raw.r1c_nomenclature_current,16d8c934-65e7-11ef-9c5c-00505689ff45,00-00010998,Нож кухонный  поварской 20 см ,,f0e4c260-a130-11e8-af4c-30f7727a492e,false,false
Номенклатура — current,raw.r1c_nomenclature_current,10e2f12c-cf91-11eb-bd90-fa163e0d31f7,БП-00004202,Нож левый (КГП),,9b060c03-71d9-11e7-85a2-d43d7eec442d,false,false
Номенклатура — current,raw.r1c_nomenclature_current,cec452d4-65e6-11ef-9c5c-00505689ff45,00-00010997,Нож нерж Шеф поварской 15 см TM Appetite,,f0e4c260-a130-11e8-af4c-30f7727a492e,false,false
Номенклатура — current,raw.r1c_nomenclature_current,e35876da-dc63-11ea-5e87-fa163ee5d2f9,БП-00002916,Нож пластиковая ручка,,f0e4c260-a130-11e8-af4c-30f7727a492e,false,false
Номенклатура — current,raw.r1c_nomenclature_current,efd5f132-cf90-11eb-bd90-fa163e0d31f7,БП-00004201,Нож правый (КГП),,9b060c03-71d9-11e7-85a2-d43d7eec442d,false,false
Номенклатура — current,raw.r1c_nomenclature_current,85fa51cf-0024-11ec-9c3a-00505689ff45,АК-00003959,Нож протеворежущий КИР 06 403,,9b060c03-71d9-11e7-85a2-d43d7eec442d,false,false
Номенклатура — current,raw.r1c_nomenclature_current,03bbe1f7-0f8f-11ef-9c4f-005056893620,00-00010506,Нож ручной OpenBigBag KF с длинной ручкой для растаривания Биг Бэгов,,9088eeaf-75dc-11e7-af18-30f7727a492e,false,false
Номенклатура — current,raw.r1c_nomenclature_current,de7f00cd-5278-11ec-9c40-00505689c8d9,АК-00005710,"Нож с отламывающимся лезвием 25 мм, фиксирующий винт с антискользящим покрытием",,f0e4c260-a130-11e8-af4c-30f7727a492e,false,false
Номенклатура — current,raw.r1c_nomenclature_current,7f9fba0e-ca61-11ea-9d96-fa163ee5d2f9,БП-00002889,"Нож скользящий I=105/49,4 левый MINO-000-005",,9b060c03-71d9-11e7-85a2-d43d7eec442d,false,false
Номенклатура — current,raw.r1c_nomenclature_current,af3d6072-ca61-11ea-9d96-fa163ee5d2f9,БП-00002890,"Нож скользящий I=105/49,4 правый  MINO-000-005",,9b060c03-71d9-11e7-85a2-d43d7eec442d,false,false
Номенклатура — current,raw.r1c_nomenclature_current,2d5ab7e8-3279-11f1-b81f-005056bde474,00-00013965,Нож трапециевидный с лезвиями двух видов Inforce ,,d73b6fcf-7362-11f0-b814-005056bde474,false,false
Номенклатура — current,raw.r1c_nomenclature_current,061a5da6-5666-11eb-1f84-fa163e0d31f7,БП-00003601,Нож универсальный,,f0e4c260-a130-11e8-af4c-30f7727a492e,false,false
Номенклатура — current,raw.r1c_nomenclature_current,f039e372-e48a-11eb-0c9a-fa163e0d31f7,БП-00004473,"Нож-фреза для бензо- и электрокосы (d=230 мм, 4 лопасти, посадка 25.4 мм) Зубр 70130-4",,917ab634-0a38-11f0-b80e-005056bde474,false,false
Номенклатура — current,raw.r1c_nomenclature_current,95c58fec-4b9f-11ec-9c40-00505689c8d9,АК-00005640,Ножи плюс нож,,f0e4c260-a130-11e8-af4c-30f7727a492e,false,false
Номенклатура — current,raw.r1c_nomenclature_current,df2a6d14-2cfe-11f1-b81f-005056bde474,00-00013922,"Ножницы ""Heavy Duty"", 210 мм, суперпрочные, BRAUBERG титановое покрытие, 2-х сторонняя заточка, 2367",,e3f77b5e-7362-11f0-b814-005056bde474,false,false
Номенклатура — current,raw.r1c_nomenclature_current,6becf213-8d55-11ef-9c5e-00505689ff45,00-00011295,Ножницы 160 мм с пластиковой элипт ручкой,,9088ee8b-75dc-11e7-af18-30f7727a492e,false,false
Номенклатура — current,raw.r1c_nomenclature_current,b4986660-84aa-11ef-9c5d-00505689ff45,00-00011257,Ножницы 169 мм с пластиковой прорезиновой ручкой,,9088ee8b-75dc-11e7-af18-30f7727a492e,false,false
Номенклатура — current,raw.r1c_nomenclature_current,da26ff8e-e7b0-11ea-3497-fa163ee5d2f9,БП-00002992,Ножницы 195 мм с пластиковой прорезиновой ручкой,,9088ee8b-75dc-11e7-af18-30f7727a492e,false,false
Номенклатура — current,raw.r1c_nomenclature_current,c2ab813e-4392-11eb-b594-fa163e0d31f7,БП-00003444,Ножницы 215 мм с пластиковой прорезиновой ручкой,,9088ee8b-75dc-11e7-af18-30f7727a492e,false,false
Номенклатура — current,raw.r1c_nomenclature_current,8375b0fd-a2ec-11ee-9c4c-005056893620,00-00009979,Ножницы для пластика,,f7164898-2ffe-11eb-af80-fa163e0d31f7,false,false
Номенклатура — current,raw.r1c_nomenclature_current,4ae1fa13-3328-11f1-b81f-005056bde474,00-00014006,Ножницы для резки до 42мм,,007d76f1-0a39-11f0-b80e-005056bde474,false,false
Номенклатура — current,raw.r1c_nomenclature_current,290d9490-aeab-11ec-9c42-00505689c8d9,00-00006405,Ножницы м/пл. d-42 мм Matrix,,f7164898-2ffe-11eb-af80-fa163e0d31f7,false,false
Номенклатура — current,raw.r1c_nomenclature_current,d1266093-a07c-11ec-9c42-00505689c8d9,00-00006316,Ножницы офисные 155мм ,,9088ee8b-75dc-11e7-af18-30f7727a492e,false,false
Номенклатура — current,raw.r1c_nomenclature_current,3b09e19d-b0de-11f0-b81e-005056bde474,00-00012889,Ножницы офисные 180 мм ,,9088ee8b-75dc-11e7-af18-30f7727a492e,false,false
Номенклатура — current,raw.r1c_nomenclature_current,cbea47f0-f7df-11ec-9c42-89a3dcc9992a,00-00006739,Ножницы по металлу,,f7164898-2ffe-11eb-af80-fa163e0d31f7,false,false
Номенклатура — current,raw.r1c_nomenclature_current,30cabf18-b4f5-11f0-b81e-005056bde474,00-00012930,"Ножницы по металлу, прямой рез Inforce",,e3f77b5e-7362-11f0-b814-005056bde474,false,false
Номенклатура — current,raw.r1c_nomenclature_current,73e681a8-ca51-11ea-9d96-fa163ee5d2f9,БП-00002887,Ножницы секторные НСТ-40 КВТ 53809,,917ab634-0a38-11f0-b80e-005056bde474,false,false
Номенклатура — current,raw.r1c_nomenclature_current,75d29862-a6b8-11f1-b824-005056bde474,00-00014743,"Ножницы хозяйственные, двухкомпонентные ручки, 135мм",,f0e4c260-a130-11e8-af4c-30f7727a492e,false,false
Номенклатура — current,raw.r1c_nomenclature_current,65d77971-5b0e-11f0-b811-005056bde474,00-00012500,Ножовка 240,,007d76f1-0a39-11f0-b80e-005056bde474,false,false
Номенклатура — current,raw.r1c_nomenclature_current,c5f80fdb-6d53-11ec-9c40-00505689c8d9,АК-00005889,Ножовка 550мм,,9088eead-75dc-11e7-af18-30f7727a492e,false,false
Номенклатура — current,raw.r1c_nomenclature_current,2f1faafd-429d-11f0-b80f-005056bde474,00-00012438,"Ножовка по дереву PIRANHA 400 мм, каленый зуб, 2-х комп. ",,f7164898-2ffe-11eb-af80-fa163e0d31f7,false,false
Номенклатура — current,raw.r1c_nomenclature_current,e6fdd6fe-9221-11ec-9c42-00505689c8d9,00-00006186,Ножовка по металлу 300мм,,f7164898-2ffe-11eb-af80-fa163e0d31f7,false,false
Номенклатура — current,raw.r1c_nomenclature_current,d8be81ad-f524-11eb-9c3a-00505689ff45,АК-00003628,Нор-Би Инсектицид,,668204c4-5324-11f0-b811-005056bde474,false,false
Номенклатура — current,raw.r1c_nomenclature_current,c2602e9e-e72f-11e9-af7c-30f7727a492e,00-00002068,Носки шерстяные (27),,aa0a6e4b-6566-11f1-b821-005056bde474,false,false
Номенклатура — current,raw.r1c_nomenclature_current,9088eea2-75dc-11e7-af18-30f7727a492e,00-00000057,Нотариальные действия,,1aeb231b-094c-11f0-b80e-005056bde474,false,false
Номенклатура — current,raw.r1c_nomenclature_current,9b060c8f-71d9-11e7-85a2-d43d7eec442d,00000087   ,Ноутбук,,ce412305-0a38-11f0-b80e-005056bde474,false,false
Номенклатура — current,raw.r1c_nomenclature_current,23392f3d-0d9a-11f1-b81f-005056bde474,00-00013764,Ноутбук ASUS Vivobook 16 (X1605VA-MB2104)(WUXGA/IPS) i5 13420H/16384/SSD 512/UMA/DOS/Cool Silver,,ce412305-0a38-11f0-b80e-005056bde474,false,false
Номенклатура — current,raw.r1c_nomenclature_current,7c74a2e0-49c3-11eb-a99a-fa163e0d31f7,БП-00003549,Ноутбук Acer Aspire 3 c сумкой,,ce412305-0a38-11f0-b80e-005056bde474,false,false
Номенклатура — current,raw.r1c_nomenclature_current,14576fb8-c74a-11ea-9d96-fa163ee5d2f9,БП-00002884,Ноутбук Acer Aspire 3(A315-22G-95AG) (FHD)A9 9420e 8192|SSD 256 AMD R530 2GB LinuxBlack,,ce412305-0a38-11f0-b80e-005056bde474,false,false
Номенклатура — current,raw.r1c_nomenclature_current,32a8e44a-c254-11ed-9c4d-00505689ff45,00-00007677,Ноутбук Acer Aspire 3(A315-59-77HY) Silm.15.6 IPS серебристый,,ce412305-0a38-11f0-b80e-005056bde474,false,false
Номенклатура — current,raw.r1c_nomenclature_current,18787756-d699-11ef-b80c-005056bde474,00-00011548,"Ноутбук Acer Extensa 15 EX215-34-33AF 15.6"", TN, Intel Core i3",,ce412305-0a38-11f0-b80e-005056bde474,false,false
Номенклатура — current,raw.r1c_nomenclature_current,0969ffd2-5974-11eb-a997-fa163e0d31f7,БП-00003673,Ноутбук HP17 ca0150ur HD+A6 9225/4096/SSD 128AND Radeon c cумкой,,ce412305-0a38-11f0-b80e-005056bde474,false,false
Номенклатура — current,raw.r1c_nomenclature_current,bd62f6ea-7da8-11e7-af19-30f7727a492e,00-00000236,Ноутбук LENOVO ,,ce412305-0a38-11f0-b80e-005056bde474,false,false
Номенклатура — current,raw.r1c_nomenclature_current,d2aed064-038c-11ea-951d-30f7727a492e,00-00002176,Ноутбук LENOVO серый,,ce412305-0a38-11f0-b80e-005056bde474,false,false
Номенклатура — current,raw.r1c_nomenclature_current,999dcbb7-652f-11ef-9c5c-00505689ff45,00-00010972,"Ноутбук Lenovo IdeaPad 1 15AMN7 82VG00MQUE 15/6, 2023, TN,AMD Ryzen 3 732  (1)",,ce412305-0a38-11f0-b80e-005056bde474,false,false
Номенклатура — current,raw.r1c_nomenclature_current,004e74af-75c6-11ef-9c5d-00505689ff45,00-00011084,"Ноутбук Lenovo IdeaPad 1 15AMN7 82VG00MQUE 15/6, 2023, TN,AMD Ryzen 3 732  (2)",,ce412305-0a38-11f0-b80e-005056bde474,false,false
Номенклатура — current,raw.r1c_nomenclature_current,80bc9037-5e5d-11f0-b811-005056bde474,00-00012529,"Ноутбук Lenovo IdeaPad Slim 3 15AMN8 15.6"", 2024, IPS, AMD Ryzen 5 7520U 2.8ГГц, 4-ядерный, 16ГБ",,9b060c1e-71d9-11e7-85a2-d43d7eec442d,false,false
Номенклатура — current,raw.r1c_nomenclature_current,e01f0fe8-dc62-11ea-5e87-fa163ee5d2f9,БП-00002912,Ноутбук MSI (GF75 9RCX-407XRU FND|IPS)i5 9300H/8182 1ТbNY GTX1050Ti 4Gb Dos|Blak,,ce412305-0a38-11f0-b80e-005056bde474,false,false
Номенклатура — current,raw.r1c_nomenclature_current,e981b1f7-92f4-11ec-9c42-00505689c8d9,00-00006242,Ноутбук MSI MODERN 15 с чехлом,,ce412305-0a38-11f0-b80e-005056bde474,false,false
Номенклатура — current,raw.r1c_nomenclature_current,3e6d7f9c-a6a6-11ec-9c42-00505689c8d9,00-00006393,Нуклеус на 6 рамок Дадан с кормушкой,,65439ec8-d96f-11eb-6c92-fa163e0d31f7,false,false
Номенклатура — current,raw.r1c_nomenclature_current,d8be81ae-f524-11eb-9c3a-00505689ff45,АК-00003629,Нуприд 600 Инсектицид,,f9d67774-531d-11f0-b811-005056bde474,false,false
Номенклатура — current,raw.r1c_nomenclature_current,d8be81af-f524-11eb-9c3a-00505689ff45,АК-00003630,Нурбел Инсектицид,,f9d67774-531d-11f0-b811-005056bde474,false,false
Номенклатура — current,raw.r1c_nomenclature_current,d8be81b0-f524-11eb-9c3a-00505689ff45,АК-00003631,Нуримет Экстра Инсектицид,,f9d67774-531d-11f0-b811-005056bde474,false,false
Номенклатура — current,raw.r1c_nomenclature_current,a53bfdb8-bfbc-11ec-9c42-00505689c8d9,00-00006468,Нутривант Плюс.Зерновой 19-19-19 ,,ab24072a-3b94-11f0-b80e-005056bde474,false,false
Номенклатура — current,raw.r1c_nomenclature_current,6ba91fff-bfbd-11ec-9c42-00505689c8d9,00-00006471,Нутривант Плюс.Зерновой 6-23-35 ,,ab24072a-3b94-11f0-b80e-005056bde474,false,false
Номенклатура — current,raw.r1c_nomenclature_current,f5a2f18d-bfbc-11ec-9c42-00505689c8d9,00-00006469,Нутривант Плюс.Картофель 0-43-28 ,,46031468-3b95-11f0-b80e-005056bde474,false,false
Номенклатура — current,raw.r1c_nomenclature_current,d8be81b1-f524-11eb-9c3a-00505689ff45,АК-00003632,Ньюстар Инсектицид,,f9d67774-531d-11f0-b811-005056bde474,false,false
Номенклатура — current,raw.r1c_nomenclature_current,de1714af-8a12-11e7-af1d-30f7727a492e,00-00000291,ОБОРУДОВАНИЕ К УСТАНОВКЕ,,00000000-0000-0000-0000-000000000000,true,false
Номенклатура — current,raw.r1c_nomenclature_current,9e1662c7-bd03-11f1-b824-005056bde474,00-00014791,"ОПОНЫЙ РОЛИК 75 С БОРТИКОМ, SPF Premium",,2c493784-4ea0-11f1-b821-005056bde474,false,false
Номенклатура — current,raw.r1c_nomenclature_current,689c48ee-bd09-11f1-b824-005056bde474,00-00014797,ОПОРНАЯ ВТУЛКА,,3de35f82-4ea0-11f1-b821-005056bde474,false,false
Номенклатура — current,raw.r1c_nomenclature_current,b43e72e2-bd03-11f1-b824-005056bde474,00-00014792,"ОПОРНЫЙ РОЛИК 95 С БОРТИКОМ, SPF Premium",,2c493784-4ea0-11f1-b821-005056bde474,false,false
Номенклатура — current,raw.r1c_nomenclature_current,542fd99c-870a-11eb-539b-fa163e0d31f7,БП-00003773,Обвод пластиковый 25 раструбный,,9088eead-75dc-11e7-af18-30f7727a492e,false,false
Номенклатура — current,raw.r1c_nomenclature_current,6e61c71b-bc16-11ec-9c42-00505689c8d9,00-00006458,Обезжириватель,,9b060c03-71d9-11e7-85a2-d43d7eec442d,false,false
Номенклатура — current,raw.r1c_nomenclature_current,7c34990b-5b67-11f1-b821-005056bde474,00-00014467,"Обезжириватель, ПЭТ 1 л.",,bf64ba06-729b-11f0-b814-005056bde474,false,false
Номенклатура — current,raw.r1c_nomenclature_current,b1bb7465-5b73-11ee-9c4f-00505689ff45,00-00009570,Обжим шланга DN 10-20мм,,9088eead-75dc-11e7-af18-30f7727a492e,false,false
Номенклатура — current,raw.r1c_nomenclature_current,570db688-4dcc-11ec-9c40-00505689c8d9,АК-00005700,Обжимник ручной Knipex KN-975110,,007d76f1-0a39-11f0-b80e-005056bde474,false,false
Номенклатура — current,raw.r1c_nomenclature_current,2baec1b9-ffcb-11ed-9c4e-00505689ff45,00-00008086,Облучатель бактерицидный ОБНО1-30-002 с защ.экраном,,20e031f3-0a37-11f0-b80e-005056bde474,false,false
Номенклатура — current,raw.r1c_nomenclature_current,a1def881-f92c-11ef-b80e-005056bde474,00-00011729,Обманка лямбда-зонда с мини катализатором,,9b060c03-71d9-11e7-85a2-d43d7eec442d,false,false
Номенклатура — current,raw.r1c_nomenclature_current,6007d652-ce77-11eb-bd90-fa163e0d31f7,БП-00004154,Обмотчик рулонов Mttal-Fach Z237,,b1dadcf4-8eda-11e7-af22-30f7727a492e,false,false
Номенклатура — current,raw.r1c_nomenclature_current,9b060c21-71d9-11e7-85a2-d43d7eec442d,00000160   ,Обогреватель инфракр.,,e6b715af-0a38-11f0-b80e-005056bde474,false,false
Номенклатура — current,raw.r1c_nomenclature_current,3a22aba8-695d-11eb-159e-fa163e0d31f7,БП-00003695,Обогреватель инфракр.BALLU,,e6b715af-0a38-11f0-b80e-005056bde474,false,false
Номенклатура — current,raw.r1c_nomenclature_current,fe713832-23c7-11ea-9522-30f7727a492e,00-00002300,"Обогреватель инфракрасный электрический 0,8 кВт 220В BIN-APL-0.8Ballu HC-1098371",,917ab634-0a38-11f0-b80e-005056bde474,false,false
Номенклатура — current,raw.r1c_nomenclature_current,fe713833-23c7-11ea-9522-30f7727a492e,00-00002301,Обогреватель инфракрасный электрический 1 кВт 220В BIN-APL-1.0 Ballu ,,917ab634-0a38-11f0-b80e-005056bde474,false,false
Номенклатура — current,raw.r1c_nomenclature_current,a9c519ac-879a-11ee-9c4a-005056893620,00-00009848,Обогреватель масляный Сеntex CT-6206 белый,,e6b715af-0a38-11f0-b80e-005056bde474,false,false
Номенклатура — current,raw.r1c_nomenclature_current,e9038e36-29c4-11f0-b80e-005056bde474,00-00012104,Ободная лента 16.5-18 КФ-97),,45c9e202-0a37-11f0-b80e-005056bde474,false,false
Номенклатура — current,raw.r1c_nomenclature_current,c1236ea9-a733-11ef-9c5e-00505689ff45,00-00011366,"Ободная лента 6,7-20",,9b060c03-71d9-11e7-85a2-d43d7eec442d,false,false
Номенклатура — current,raw.r1c_nomenclature_current,9b060cbb-71d9-11e7-85a2-d43d7eec442d,00-00000013,Оборудование,,de1714af-8a12-11e7-af1d-30f7727a492e,true,false
Номенклатура — current,raw.r1c_nomenclature_current,c9beacd6-514f-11ee-9c4e-00505689ff45,00-00009509,Обратный гравитационный клапан диаметром 900 мм,,917ab634-0a38-11f0-b80e-005056bde474,false,false
Номенклатура — current,raw.r1c_nomenclature_current,dae9eef4-5655-11eb-1f84-fa163e0d31f7,БП-00003578,Обратный клапан,,9be0daf4-2e34-11eb-288c-fa163e0d31f7,false,false
Номенклатура — current,raw.r1c_nomenclature_current,21d96b80-a46e-11e9-af76-30f7727a492e,00-00001757,Обращение с ТКО,,9b060c58-71d9-11e7-85a2-d43d7eec442d,false,false
Номенклатура — current,raw.r1c_nomenclature_current,40174bc3-6566-11f1-b821-005056bde474,00-00014495,Обувь,,9088eea8-75dc-11e7-af18-30f7727a492e,true,false
Номенклатура — current,raw.r1c_nomenclature_current,0123293c-570a-11eb-a997-fa163e0d31f7,БП-00003654,Обувь женская,,40174bc3-6566-11f1-b821-005056bde474,false,false
Номенклатура — current,raw.r1c_nomenclature_current,6f2576da-6509-11ef-9c5c-00505689ff45,00-00010953,Обустройство каркаса из профиля 40*40,,34f83445-094c-11f0-b80e-005056bde474,false,false
Номенклатура — current,raw.r1c_nomenclature_current,4a39a8fa-03e8-11eb-ac9e-fa163ee5d2f9,БП-00003070,Обустройство топинговых бетонных полов ,,34f83445-094c-11f0-b80e-005056bde474,false,false
Номенклатура — current,raw.r1c_nomenclature_current,e947fde0-6509-11ef-9c5c-00505689ff45,00-00010954,Обшифка стен профлистом,,34f83445-094c-11f0-b80e-005056bde474,false,false
Номенклатура — current,raw.r1c_nomenclature_current,87d9073d-ec94-11e7-a3ff-94de80168a80,00-00000601,Общестроительные и отделочные работы ,,34f83445-094c-11f0-b80e-005056bde474,false,false
Номенклатура — current,raw.r1c_nomenclature_current,67f1bd4b-e35b-11e9-af7c-30f7727a492e,00-00002018,Общестроительные и отделочные работы работы овощехранилища д.Демидово,,34f83445-094c-11f0-b80e-005056bde474,false,false
Номенклатура — current,raw.r1c_nomenclature_current,e514a055-11bb-11ea-9520-30f7727a492e,00-00002217,Овощечистка,,f0e4c260-a130-11e8-af4c-30f7727a492e,false,false
Номенклатура — current,raw.r1c_nomenclature_current,1b32a0e8-7896-11ee-9c4a-005056893620,00-00009723,Овощечистка 107*68 с плавающим  лезвием ,,f0e4c260-a130-11e8-af4c-30f7727a492e,false,false
Номенклатура — current,raw.r1c_nomenclature_current,ca3dd783-d75d-11f0-b81e-005056bde474,00-00013098,Овощечистка VIVA горизонтальная Attribute AGV042,,5a3c0c16-097d-11f0-b80e-005056bde474,false,false
Номенклатура — current,raw.r1c_nomenclature_current,fb04d0d5-4b9b-11ec-9c40-00505689c8d9,АК-00005639,Овощечистка керамическим горизонтальным лезвием ,,f0e4c260-a130-11e8-af4c-30f7727a492e,false,false
Номенклатура — current,raw.r1c_nomenclature_current,84612ff6-4b5d-11ec-9c40-00505689c8d9,АК-00005630,Овощечистка пиллер Ardigas без блистера,,f0e4c260-a130-11e8-af4c-30f7727a492e,false,false
Номенклатура — current,raw.r1c_nomenclature_current,6317285e-52a6-11f1-b821-005056bde474,00-00014380,Овощечистка р-р 135*66 см с пластиковой ручкой с горизонтальным лезвием 008573,,5a3c0c16-097d-11f0-b80e-005056bde474,false,false
Номенклатура — current,raw.r1c_nomenclature_current,abf7cbf8-39bf-11ea-9523-30f7727a492e,00-00002392,Овощечистка ширина 6см ручка пластиковая,,f0e4c260-a130-11e8-af4c-30f7727a492e,false,false
Номенклатура — current,raw.r1c_nomenclature_current,a16cf7b6-6156-11eb-9c2d-0050560417d5,00-00002804,Овощи,,8f9c0826-6156-11eb-9c2d-0050560417d5,true,false
Номенклатура — current,raw.r1c_nomenclature_current,9b060c2b-71d9-11e7-85a2-d43d7eec442d,00-00000008,Овощи (Товар),,9b060c2a-71d9-11e7-85a2-d43d7eec442d,true,false
Номенклатура — current,raw.r1c_nomenclature_current,a4ee561e-753f-11e9-af6d-30f7727a492e,00-00001577,Огнетушитель 2 кг(закачной) порошковый с манометром АВСЕ ЯРПОЖИНВЕСТ,,9b060c02-71d9-11e7-85a2-d43d7eec442d,false,false
Номенклатура — current,raw.r1c_nomenclature_current,89397fb7-7ce0-11e7-af19-30f7727a492e,00-00000175,Огнетушитель ОП-5,,9b060c02-71d9-11e7-85a2-d43d7eec442d,false,false
Номенклатура — current,raw.r1c_nomenclature_current,b1d32aca-bdee-11eb-b480-fa163e0d31f7,БП-00004009,Огнетушитель ОП-50,,9b060c02-71d9-11e7-85a2-d43d7eec442d,false,false
Номенклатура — current,raw.r1c_nomenclature_current,66d61492-bdee-11eb-b480-fa163e0d31f7,БП-00004007,Огнетушитель порошковый ОП-2,,9b060c02-71d9-11e7-85a2-d43d7eec442d,false,false
Номенклатура — current,raw.r1c_nomenclature_current,9a4d3404-bdee-11eb-b480-fa163e0d31f7,БП-00004008,Огнетушитель порошковый ОП-4,,9b060c02-71d9-11e7-85a2-d43d7eec442d,false,false
Номенклатура — current,raw.r1c_nomenclature_current,c880a8db-e677-11ed-9c4e-00505689ff45,00-00007852,Огнетушитель порошковый ОП-8,,9b060c02-71d9-11e7-85a2-d43d7eec442d,false,false
Номенклатура — current,raw.r1c_nomenclature_current,45f8c8d4-c562-11e9-af79-30f7727a492e,00-00001908,Огнетушитель углегислый ОУ-5,,9b060c02-71d9-11e7-85a2-d43d7eec442d,false,false
Номенклатура — current,raw.r1c_nomenclature_current,f0b252af-e425-11f0-b81e-005056bde474,00-00013315,Огнетушитель углекислотный ОУ-3,,9b060c02-71d9-11e7-85a2-d43d7eec442d,false,false
Номенклатура — current,raw.r1c_nomenclature_current,9b060c90-71d9-11e7-85a2-d43d7eec442d,00000066   ,"Огнетушитель, аптечка",,9088eeaf-75dc-11e7-af18-30f7727a492e,false,false
Номенклатура — current,raw.r1c_nomenclature_current,e34820d9-924e-11ec-9c42-00505689c8d9,00-00006226,"Оголовок с дефлектором н.з.+н.м. 0,5 мм 300/200 (конденсат)Оголовок с дефлектором н.з.+н.м. 0,5",,de1714af-8a12-11e7-af1d-30f7727a492e,false,false
Номенклатура — current,raw.r1c_nomenclature_current,b317e7b4-08bd-11f1-b81f-005056bde474,00-00013689,Оголовок скважинный ОСП 140-160 6006,,6dd20a6a-51c7-11f0-b811-005056bde474,false,false
Номенклатура — current,raw.r1c_nomenclature_current,4ea25ad7-cd17-11ec-9c42-00505689c8d9,00-00006515,Ограничитель верхний двойной,,9088eead-75dc-11e7-af18-30f7727a492e,false,false
Номенклатура — current,raw.r1c_nomenclature_current,155ad068-6f8e-11ec-9c40-00505689c8d9,АК-00005926,"Одеяло 1,5 сп 300гр",,0b9ce000-6f8e-11ec-9c40-00505689c8d9,false,false
Номенклатура — current,raw.r1c_nomenclature_current,51f87113-6f9e-11ec-9c40-00505689c8d9,АК-00005946,Одеяло п/шерстяное,,0b9ce000-6f8e-11ec-9c40-00505689c8d9,false,false
Номенклатура — current,raw.r1c_nomenclature_current,afd03583-f054-11ef-b80e-005056bde474,00-00011649,Оказание IT услуг,,1aeb231b-094c-11f0-b80e-005056bde474,false,false
Номенклатура — current,raw.r1c_nomenclature_current,2d252892-6e21-11ec-9c40-00505689c8d9,АК-00005920,Оказание внешних услуг_Комбанирование,,2b7f4a61-094c-11f0-b80e-005056bde474,false,false
Номенклатура — current,raw.r1c_nomenclature_current,fd4fa834-01cf-11f1-b81e-005056bde474,00-00013667,Оказание внешних услуг_Чистка снега,,2b7f4a61-094c-11f0-b80e-005056bde474,false,false
Номенклатура — current,raw.r1c_nomenclature_current,fb37903d-430a-11f1-b821-005056bde474,00-00014171,Оказание услуг по чистке канализационной трубы,,3e420178-094c-11f0-b80e-005056bde474,false,false
Номенклатура — current,raw.r1c_nomenclature_current,d8f418f8-f045-11f0-b81e-005056bde474,00-00013399,Оказание услуг средствами механизации фронтальный погрузчик,,34f83455-094c-11f0-b80e-005056bde474,false,false
Номенклатура — current,raw.r1c_nomenclature_current,8ddc1b95-f04b-11f0-b81e-005056bde474,00-00013401,Оказание услуг средствами механизации- крана-манипулятора КАМАЗ,,34f83455-094c-11f0-b80e-005056bde474,false,false
Номенклатура — current,raw.r1c_nomenclature_current,68dc1729-26a3-11ec-a9db-00505689f463,АК-00005401,Окно ARTEC-60 (фурнитура AXOR_K-3 белый/белый,,9088eead-75dc-11e7-af18-30f7727a492e,false,false
Номенклатура — current,raw.r1c_nomenclature_current,18ef9cad-55a9-11ec-9c40-00505689c8d9,АК-00005724,Окно Новотекс-58 (фурнитура MACO 400х1  400 белый/белый,,9088eead-75dc-11e7-af18-30f7727a492e,false,false
Номенклатура — current,raw.r1c_nomenclature_current,4d0de831-55a9-11ec-9c40-00505689c8d9,АК-00005725,Окно Новотекс-58 (фурнитура MACO 400х2  100 белый/белый,,9088eead-75dc-11e7-af18-30f7727a492e,false,false
Номенклатура — current,raw.r1c_nomenclature_current,8567ffb3-55a9-11ec-9c40-00505689c8d9,АК-00005726,Окно Новотекс-58 (фурнитура MACO 660х1  960 белый/белый,,9088eead-75dc-11e7-af18-30f7727a492e,false,false
Номенклатура — current,raw.r1c_nomenclature_current,b31885be-55a9-11ec-9c40-00505689c8d9,АК-00005727,Окно Новотекс-58 (фурнитура MACO 880х1  740 белый/белый,,9088eead-75dc-11e7-af18-30f7727a492e,false,false
Номенклатура — current,raw.r1c_nomenclature_current,8f688ac4-5b19-11ee-9c4f-00505689ff45,00-00009568,Окно пластиковое 1000х1200,,9088eead-75dc-11e7-af18-30f7727a492e,false,false
Номенклатура — current,raw.r1c_nomenclature_current,6da45a22-5b19-11ee-9c4f-00505689ff45,00-00009567,Окно пластиковое 900х570,,9088eead-75dc-11e7-af18-30f7727a492e,false,false
Номенклатура — current,raw.r1c_nomenclature_current,48369ba3-5b19-11ee-9c4f-00505689ff45,00-00009566,Окно пластиковое 980х1690,,9088eead-75dc-11e7-af18-30f7727a492e,false,false
Номенклатура — current,raw.r1c_nomenclature_current,5bea05f3-de3a-11f0-b81e-005056bde474,00-00013208,Оловоотсос паяльный металлический SPARTA ,,43c0c159-7364-11f0-b814-005056bde474,false,false
Номенклатура — current,raw.r1c_nomenclature_current,f2f2edd5-63fd-11ec-9c40-00505689c8d9,АК-00005840,Омыватель зимний -25 SNOWY РЕАК 5л,,9d231a58-3d8d-11f1-b821-005056bde474,false,false
Номенклатура — current,raw.r1c_nomenclature_current,d0de055b-3756-11ee-9c4e-00505689ff45,00-00008421,Ондутис А-100,,9088eead-75dc-11e7-af18-30f7727a492e,false,false
Номенклатура — current,raw.r1c_nomenclature_current,bc9ff253-e89a-11ec-9c42-00505689c8d9,00-00006685,Опашка полей,,52c3cca5-0968-11f0-b80e-005056bde474,false,false
Номенклатура — current,raw.r1c_nomenclature_current,765fc76b-29ef-11ec-b9a9-00505689914b,АК-00005419,Оператор комбайна ARCO-2,,52c3cca5-0968-11f0-b80e-005056bde474,false,false
Номенклатура — current,raw.r1c_nomenclature_current,d8be81b2-f524-11eb-9c3a-00505689ff45,АК-00003633,Оперкот Инсектицид,,f9d67774-531d-11f0-b811-005056bde474,false,false
Номенклатура — current,raw.r1c_nomenclature_current,31572c0f-f690-11f0-b81e-005056bde474,00-00013463,Оплетка для выпайки (диспенсер)СР-30Y 3.0мм 2м,,52800251-7295-11f0-b814-005056bde474,false,false
Номенклатура — current,raw.r1c_nomenclature_current,55301bca-2ae7-11ec-b9a9-00505689914b,АК-00005447,Оплетка на руль OXFORD нат кожа перфорация черный,,9b060c03-71d9-11e7-85a2-d43d7eec442d,false,false
Номенклатура — current,raw.r1c_nomenclature_current,d8be81b3-f524-11eb-9c3a-00505689ff45,АК-00003634,Оплот Инсектицид,,668204c4-5324-11f0-b811-005056bde474,false,false
Номенклатура — current,raw.r1c_nomenclature_current,d8be81b4-f524-11eb-9c3a-00505689ff45,АК-00003635,Оплот Трио Инсектицид,,668204c4-5324-11f0-b811-005056bde474,false,false
Номенклатура — current,raw.r1c_nomenclature_current,7f7fe157-17a0-11f1-b81f-005056bde474,00-00013839,Оповещатель комбинированный свето-звуковой уличный Элтех-Сервис О-220,,34aee2dc-7290-11f0-b814-005056bde474,false,false
Номенклатура — current,raw.r1c_nomenclature_current,67cf396f-5b49-11f1-b821-005056bde474,00-00014451,Опора,,a11572a6-4ea6-11f1-b821-005056bde474,false,false
Номенклатура — current,raw.r1c_nomenclature_current,c6d7d7d7-5740-11ec-9c40-00505689c8d9,АК-00005744,Опора М12х100 D40 резьбовая,,f0e4c260-a130-11e8-af4c-30f7727a492e,false,false
Номенклатура — current,raw.r1c_nomenclature_current,9597b5b5-c25a-11e9-af79-30f7727a492e,00-00001900,Опора аморт. BOX3/JUMP3 левая,,9b060c03-71d9-11e7-85a2-d43d7eec442d,false,false
Номенклатура — current,raw.r1c_nomenclature_current,9597b5b6-c25a-11e9-af79-30f7727a492e,00-00001901,Опора аморт. BOX3/JUMP3 правая,,9b060c03-71d9-11e7-85a2-d43d7eec442d,false,false
Номенклатура — current,raw.r1c_nomenclature_current,6412a859-a49e-11ee-9c4c-005056893620,00-00010047,Опора аморт. КВ65528 SNR с подшип,,9b060c03-71d9-11e7-85a2-d43d7eec442d,false,false
Номенклатура — current,raw.r1c_nomenclature_current,b9a49712-0646-11ec-9c3a-00505689ff45,АК-00004838,"Опора вала карданного ГАЗ-3310,3309,53 В СБОРЕ 53А-2202081",,9b060c03-71d9-11e7-85a2-d43d7eec442d,false,false
Номенклатура — current,raw.r1c_nomenclature_current,20eef54f-e67f-11ed-9c4e-00505689ff45,00-00007862,"Опора вала карданного в сборе ГАЗ,ПАЗ,МАЗ34370 2202081",,9b060c03-71d9-11e7-85a2-d43d7eec442d,false,false
Номенклатура — current,raw.r1c_nomenclature_current,bbbcad70-c4e0-11ea-9291-fa163ee5d2f9,БП-00002864,Опора двигателя левая,,9b060c03-71d9-11e7-85a2-d43d7eec442d,false,false
Номенклатура — current,raw.r1c_nomenclature_current,ce557e82-c59b-11ee-9c4c-005056893620,00-00010112,Опора для датчика 16,,9b060c03-71d9-11e7-85a2-d43d7eec442d,false,false
Номенклатура — current,raw.r1c_nomenclature_current,c228e365-f3f2-11ed-9c4e-00505689ff45,00-00007991,Опора пластиковая ,,9088eead-75dc-11e7-af18-30f7727a492e,false,false
Номенклатура — current,raw.r1c_nomenclature_current,7f7f9936-571a-11eb-a997-fa163e0d31f7,БП-00003666,Опора пластиковая 20,,9be0daf4-2e34-11eb-288c-fa163e0d31f7,false,false
Номенклатура — current,raw.r1c_nomenclature_current,c765328a-8706-11eb-539b-fa163e0d31f7,БП-00003770,Опора пластиковая 20 мм,,9088eead-75dc-11e7-af18-30f7727a492e,false,false
Номенклатура — current,raw.r1c_nomenclature_current,4eb40d54-6ba7-11eb-478b-fa163e0d31f7,БП-00003717,Опора пластиковая 25,,9088eead-75dc-11e7-af18-30f7727a492e,false,false
Номенклатура — current,raw.r1c_nomenclature_current,8c8a3c59-4716-11ee-9c4e-00505689ff45,00-00009413,Опора пластиковая 32,,9088eead-75dc-11e7-af18-30f7727a492e,false,false
Номенклатура — current,raw.r1c_nomenclature_current,fa54c198-567c-11eb-1f84-fa163e0d31f7,БП-00003624,Опора пластиковая 40(50),,9b060c02-71d9-11e7-85a2-d43d7eec442d,false,false
Номенклатура — current,raw.r1c_nomenclature_current,a73b9248-c7cf-11e9-af79-30f7727a492e,00-00001941,Опора правая К-700 (700А 46.28.530 ),,9b060c03-71d9-11e7-85a2-d43d7eec442d,false,false
Номенклатура — current,raw.r1c_nomenclature_current,013d2fd1-5f5d-11e9-af6b-30f7727a492e,00-00001530,Опора промежуточная 700А 22.20.000 в сборе нов.обр.(А),,9b060c03-71d9-11e7-85a2-d43d7eec442d,false,false
Номенклатура — current,raw.r1c_nomenclature_current,f31df414-0c2c-11ee-9c4e-00505689ff45,00-00008140,Опора промежуточная МТЗ 80,,9b060c03-71d9-11e7-85a2-d43d7eec442d,false,false
Номенклатура — current,raw.r1c_nomenclature_current,8ed15824-78f6-11ec-9c40-00505689c8d9,АК-00006008,Опора сендвича 300*200 н.з. 1мм (конденсат),,9b060c03-71d9-11e7-85a2-d43d7eec442d,false,false
Номенклатура — current,raw.r1c_nomenclature_current,769f9cbf-1a22-11e9-af62-30f7727a492e,00-00001443,Опора шаровая ,,9b060c03-71d9-11e7-85a2-d43d7eec442d,false,false
Номенклатура — current,raw.r1c_nomenclature_current,f5dd1a74-812f-11e9-af6f-30f7727a492e,00-00001636,Опора шаровая peugeot,,9b060c03-71d9-11e7-85a2-d43d7eec442d,false,false
Номенклатура — current,raw.r1c_nomenclature_current,893803e8-102f-11ee-9c4e-00505689ff45,00-00008217,Опора шаровая ВАЗ 21214 верхняя Конвейерная с накл фланцем с защитным БелМаг ВМ0164,,9b060c03-71d9-11e7-85a2-d43d7eec442d,false,false
Номенклатура — current,raw.r1c_nomenclature_current,0d3ce347-102f-11ee-9c4e-00505689ff45,00-00008216,Опора шаровая ВАЗ 21214 верхняя Сс пыль и крепежом LADA 21214,,9b060c03-71d9-11e7-85a2-d43d7eec442d,false,false
Номенклатура — current,raw.r1c_nomenclature_current,f605315d-7669-11ef-9c5d-00505689ff45,00-00011089,Опора шаровая ВАЗ 32123 верхняя ,,9b060c03-71d9-11e7-85a2-d43d7eec442d,false,false
Номенклатура — current,raw.r1c_nomenclature_current,875a3a03-f400-11ed-9c4e-00505689ff45,00-00008004,"Опора шаровая для а/м ГАЗ-2705,2217 верхняя",,20296b06-0a38-11f0-b80e-005056bde474,false,false
Номенклатура — current,raw.r1c_nomenclature_current,45dfdf24-f400-11ed-9c4e-00505689ff45,00-00008003,"Опора шаровая для а/м ГАЗ-2705,2217 нижняя",,9b060c03-71d9-11e7-85a2-d43d7eec442d,false,false
Номенклатура — current,raw.r1c_nomenclature_current,d1c0d681-b375-11ee-9c4c-005056893620,00-00010063,"Опорная рама для калибровки (ПАБ12, Лесные Дали)",,de1714af-8a12-11e7-af1d-30f7727a492e,false,false
Номенклатура — current,raw.r1c_nomenclature_current,89fe6d82-4339-11ef-9c59-00505689ff45,00-00010736,Опорная труба лемеха,,9b060c03-71d9-11e7-85a2-d43d7eec442d,false,false
Номенклатура — current,raw.r1c_nomenclature_current,c4ceb72e-1962-11ed-9c43-cb6d75bb653b,00-00006957,Опорный ролик 75 ,,9b060c03-71d9-11e7-85a2-d43d7eec442d,false,false
Номенклатура — current,raw.r1c_nomenclature_current,e7588e0a-1962-11ed-9c43-cb6d75bb653b,00-00006958,Опорный ролик 95 ,,9b060c03-71d9-11e7-85a2-d43d7eec442d,false,false
Номенклатура — current,raw.r1c_nomenclature_current,13ae5d14-1963-11ed-9c43-cb6d75bb653b,00-00006959,Опорный ролик D 75 (603.00004),,9b060c03-71d9-11e7-85a2-d43d7eec442d,false,false
Номенклатура — current,raw.r1c_nomenclature_current,2b6a02b9-6b30-11ed-9c4d-00505689c8d9,00-00007429,Опорный ролик D 95 (603.00054),,9b060c03-71d9-11e7-85a2-d43d7eec442d,false,false
Номенклатура — current,raw.r1c_nomenclature_current,b1160059-42b2-11ef-9c59-00505689ff45,00-00010705,Опорный ролик D 95 (603.00060),,9b060c03-71d9-11e7-85a2-d43d7eec442d,false,false
Номенклатура — current,raw.r1c_nomenclature_current,c554ea45-6f7a-11ef-9c5c-00505689ff45,00-00011028,"Опорный ролик с бортиком Д.95 (088.00463,100.47273)",,9b060c03-71d9-11e7-85a2-d43d7eec442d,false,false
Номенклатура — current,raw.r1c_nomenclature_current,54ac263c-1963-11ed-9c43-cb6d75bb653b,00-00006960,"Опорный ролик с бортиком Д.95 (602.00054)",,9b060c03-71d9-11e7-85a2-d43d7eec442d,false,false
Номенклатура — current,raw.r1c_nomenclature_current,e2fd5d1e-c29f-11ef-9c5f-00505689ff45,00-00011511,Опорный ролик с бортиком удл. Д75,,9b060c03-71d9-11e7-85a2-d43d7eec442d,false,false
Номенклатура — current,raw.r1c_nomenclature_current,91efa81f-2b1f-11f0-b80e-005056bde474,00-00012191,Опорный уголок HDS130,,45c9e202-0a37-11f0-b80e-005056bde474,false,false
Номенклатура — current,raw.r1c_nomenclature_current,a993cd56-e5be-11ec-9c42-00505689c8d9,00-00006627,Опорный щиток,,9b060c03-71d9-11e7-85a2-d43d7eec442d,false,false
Номенклатура — current,raw.r1c_nomenclature_current,2f739e7c-bf04-11eb-1998-fa163e0d31f7,БП-00004038,Оправка поршневых колец 53-175 мм Н=75мм АВТОДЕЛО,,9b060c03-71d9-11e7-85a2-d43d7eec442d,false,false
Номенклатура — current,raw.r1c_nomenclature_current,2305361f-915c-11ec-9c42-00505689c8d9,00-00006164,Опрокидыватель контейнеров WS-1612,,de1714af-8a12-11e7-af1d-30f7727a492e,false,false
Номенклатура — current,raw.r1c_nomenclature_current,3bb544ce-589a-11ea-8118-d43d7ec071d4,00-00002499,Опрокидыватель контейнеров ОК-12,,9b060cbb-71d9-11e7-85a2-d43d7eec442d,false,false
Номенклатура — current,raw.r1c_nomenclature_current,33f8eb59-1161-11ec-9c3a-00505689ff45,АК-00004943,Опрыскивание,,52c3cca5-0968-11f0-b80e-005056bde474,false,false
Номенклатура — current,raw.r1c_nomenclature_current,dd179065-4fc9-11ee-9c4e-00505689ff45,00-00009488,Опрыскивание (почасовая),,52c3cca5-0968-11f0-b80e-005056bde474,false,false
Номенклатура — current,raw.r1c_nomenclature_current,4628a739-87e7-11ee-9c4a-005056893620,00-00009866,"Опрыскиватель ""Жук"" 10л",,9088eeaf-75dc-11e7-af18-30f7727a492e,false,false
Номенклатура — current,raw.r1c_nomenclature_current,a6c75faa-6f9d-11ec-9c40-00505689c8d9,АК-00005944,"Опрыскиватель 0,5л",,9088eead-75dc-11e7-af18-30f7727a492e,false,false
Номенклатура — current,raw.r1c_nomenclature_current,4d2788db-1bc6-11ee-9c4e-00505689ff45,00-00008306,"Опрыскиватель 0,65л",,f7164898-2ffe-11eb-af80-fa163e0d31f7,false,false
Номенклатура — current,raw.r1c_nomenclature_current,24c24afd-1bc6-11ee-9c4e-00505689ff45,00-00008305,Опрыскиватель 2л,,f7164898-2ffe-11eb-af80-fa163e0d31f7,false,false
Номенклатура — current,raw.r1c_nomenclature_current,6b9e7383-9191-11e9-af72-30f7727a492e,00-00001701,Опрыскиватель 5л,,f0e4c260-a130-11e8-af4c-30f7727a492e,false,false
Номенклатура — current,raw.r1c_nomenclature_current,0c2bd0fd-0c3d-11ec-9c3a-00505689ff45,АК-00004908,Опрыскиватель Champion PS242,,f0e4c260-a130-11e8-af4c-30f7727a492e,false,false
Номенклатура — current,raw.r1c_nomenclature_current,d0dcd490-41b8-11ee-9c4e-00505689ff45,00-00009226,Оптика 2121,,9b060c03-71d9-11e7-85a2-d43d7eec442d,false,false
Номенклатура — current,raw.r1c_nomenclature_current,c9aa1cb6-bde5-11eb-b480-fa163e0d31f7,БП-00003993,"Оптика ВАЗ-2101,ГАЗ,ЗИЛ,УАЗ МАЗ,КАМАЗ,КРАЗ,ПАЗ АВТОСВЕТ",,9b060c03-71d9-11e7-85a2-d43d7eec442d,false,false
Номенклатура — current,raw.r1c_nomenclature_current,d8be81b5-f524-11eb-9c3a-00505689ff45,АК-00003636,Оптимо Инсектицид,,2eaeac4d-5322-11f0-b811-005056bde474,false,false
Номенклатура — current,raw.r1c_nomenclature_current,275a0270-505b-11f1-b821-005056bde474,00-00014365,Оптический бесконтактный датчик PROXIS-3D-20-30-N-NO+NC-2,,484b9c87-7290-11f0-b814-005056bde474,false,false
Номенклатура — current,raw.r1c_nomenclature_current,d8be81b6-f524-11eb-9c3a-00505689ff45,АК-00003637,Оргамика С Инсектицид,,2eaeac4d-5322-11f0-b811-005056bde474,false,false
Номенклатура — current,raw.r1c_nomenclature_current,996b7cd4-e487-11eb-0c9a-fa163e0d31f7,БП-00004464,Органайзер вертикальный c 30-ю малыми выдвижными отделениями Stanley 1-93-980,,9088ee8b-75dc-11e7-af18-30f7727a492e,false,false
Номенклатура — current,raw.r1c_nomenclature_current,d8be81b7-f524-11eb-9c3a-00505689ff45,АК-00003638,"Органза, КС Инсектицид",,f9d67774-531d-11f0-b811-005056bde474,false,false
Номенклатура — current,raw.r1c_nomenclature_current,46c7cb4a-6374-11ef-9c5c-00505689ff45,00-00010914,Организация выдача сертификата (Рутокен-Лайт) ,,1aeb231b-094c-11f0-b80e-005056bde474,false,false
Номенклатура — current,raw.r1c_nomenclature_current,cb82635a-3b96-11f0-b80e-005056bde474,00-00012405,Органические удобрения,,47e38f86-0662-11f0-b80e-005056bde474,true,false
Номенклатура — current,raw.r1c_nomenclature_current,0928dc56-d321-11eb-5d99-fa163e0d31f7,БП-00004295,"Оргстекло 1,5мх1,7мх4мм",,9088eead-75dc-11e7-af18-30f7727a492e,false,false
Номенклатура — current,raw.r1c_nomenclature_current,eb50f7ae-f2d9-11eb-9c3a-00505689ff45,АК-00003289,"Ордан, СП Фунгицид ",,2eaeac4d-5322-11f0-b811-005056bde474,false,false
Номенклатура — current,raw.r1c_nomenclature_current,d8be81b8-f524-11eb-9c3a-00505689ff45,АК-00003639,Ориус 5 Инсектицид,,2eaeac4d-5322-11f0-b811-005056bde474,false,false
Номенклатура — current,raw.r1c_nomenclature_current,d8be81b9-f524-11eb-9c3a-00505689ff45,АК-00003640,Ориус 6 Инсектицид,,2eaeac4d-5322-11f0-b811-005056bde474,false,false
Номенклатура — current,raw.r1c_nomenclature_current,b7c87e5e-011a-11ee-9c4e-00505689ff45,00-00008087,Осадкомер,,683c72a5-0a38-11f0-b80e-005056bde474,false,false
Номенклатура — current,raw.r1c_nomenclature_current,ca9f926a-653f-11ef-9c5c-00505689ff45,00-00010980,Освежитель воздуха CHIRTON,,f0e4c260-a130-11e8-af4c-30f7727a492e,false,false
Номенклатура — current,raw.r1c_nomenclature_current,d8be81ba-f524-11eb-9c3a-00505689ff45,АК-00003641,Осирис Инсектицид,,2eaeac4d-5322-11f0-b811-005056bde474,false,false
Номенклатура — current,raw.r1c_nomenclature_current,1fc6a97d-3d4b-11f0-b80e-005056bde474,00-00012416,Ось ,,45c9e202-0a37-11f0-b80e-005056bde474,false,false
Номенклатура — current,raw.r1c_nomenclature_current,e6189c85-c0c0-11e9-af79-30f7727a492e,00-00001829,Ось  85.31.116,,9b060c03-71d9-11e7-85a2-d43d7eec442d,false,false
Номенклатура — current,raw.r1c_nomenclature_current,b66b80bd-a2f5-11ed-9c4c-00505689ff45,00-00007611,Ось 700А 46.28.219-2,,9b060c03-71d9-11e7-85a2-d43d7eec442d,false,false
Номенклатура — current,raw.r1c_nomenclature_current,a1d5285f-1434-11ef-9c4f-005056893620,00-00010534,"Ось БДН-3,0М-0,2.00.029",,9b060c03-71d9-11e7-85a2-d43d7eec442d,false,false
Номенклатура — current,raw.r1c_nomenclature_current,17a2a91d-173a-11ed-9c43-cb6d75bb653b,00-00006850,"Ось ЗТ-40,А 50.00.008",,9b060c03-71d9-11e7-85a2-d43d7eec442d,false,false
Номенклатура — current,raw.r1c_nomenclature_current,ca7a1847-1530-11ec-9c3a-00505689ff45,АК-00004984,Ось КПБ-260-2-0103290А,,9b060c03-71d9-11e7-85a2-d43d7eec442d,false,false
Номенклатура — current,raw.r1c_nomenclature_current,bd0e5033-ddc6-11ed-9c4e-00505689ff45,00-00007784,Ось МТЗ-  качания РЗТ 1222-3000012,,9b060c03-71d9-11e7-85a2-d43d7eec442d,false,false
Номенклатура — current,raw.r1c_nomenclature_current,a1214033-7d6f-11ea-9528-30f7727a492e,00-00002542,Ось МТЗ-1221/1523 качания ВЗТЗЧ 1222-3000012,,9b060c03-71d9-11e7-85a2-d43d7eec442d,false,false
Номенклатура — current,raw.r1c_nomenclature_current,68f84ee6-e065-11ee-9c4c-005056893620,00-00010268,Ось МТЗ-качания ВЗТЗЧ 1222-3000012,,9b060c03-71d9-11e7-85a2-d43d7eec442d,false,false
Номенклатура — current,raw.r1c_nomenclature_current,32fb22df-a221-11e9-af74-30f7727a492e,00-00001753,Ось батареи 1700 мм,,9b060c03-71d9-11e7-85a2-d43d7eec442d,false,false
Номенклатура — current,raw.r1c_nomenclature_current,1b357ac1-0030-11ec-9c3a-00505689ff45,АК-00003967,Ось батареи 1700 мм БДЮ 01.625,,9b060c03-71d9-11e7-85a2-d43d7eec442d,false,false
Номенклатура — current,raw.r1c_nomenclature_current,54bedc29-0030-11ec-9c3a-00505689ff45,АК-00003968,Ось батареи 1920 мм БДЮ 16.626,,9b060c03-71d9-11e7-85a2-d43d7eec442d,false,false
Номенклатура — current,raw.r1c_nomenclature_current,485dfeaf-9ad4-11e8-af49-30f7727a492e,00-00001007,Ось батареи БДТ 3,,9b060c03-71d9-11e7-85a2-d43d7eec442d,false,false
Номенклатура — current,raw.r1c_nomenclature_current,32fb22de-a221-11e9-af74-30f7727a492e,00-00001752,Ось батареи БДТ 3 1450 мм,,9b060c03-71d9-11e7-85a2-d43d7eec442d,false,false
Номенклатура — current,raw.r1c_nomenclature_current,ba374cff-755f-11e9-af6d-30f7727a492e,00-00001607,"Ось в сборе (разрезная) К-700,702",,9b060c03-71d9-11e7-85a2-d43d7eec442d,false,false
Номенклатура — current,raw.r1c_nomenclature_current,e5ed5b0f-cd0f-11ec-9c42-00505689c8d9,00-00006501,Ось в сборе 700А 28.00.010,,9b060c03-71d9-11e7-85a2-d43d7eec442d,false,false
Номенклатура — current,raw.r1c_nomenclature_current,ce094422-e682-11ed-9c4e-00505689ff45,00-00007870,Ось задняя Ford Transit BSG 30350056,,9b060c03-71d9-11e7-85a2-d43d7eec442d,false,false
Номенклатура — current,raw.r1c_nomenclature_current,e6189c84-c0c0-11e9-af79-30f7727a492e,00-00001828,Ось катка 85.31.118 с гайками,,9b060c03-71d9-11e7-85a2-d43d7eec442d,false,false
Номенклатура — current,raw.r1c_nomenclature_current,e6189c83-c0c0-11e9-af79-30f7727a492e,00-00001827,Ось качания 85.31.117,,9b060c03-71d9-11e7-85a2-d43d7eec442d,false,false
Номенклатура — current,raw.r1c_nomenclature_current,09a7cf64-c52c-11ec-9c42-00505689c8d9,00-00006476,Ось качания МТЗ-1221,,9b060c03-71d9-11e7-85a2-d43d7eec442d,false,false
Номенклатура — current,raw.r1c_nomenclature_current,e6189c7d-c0c0-11e9-af79-30f7727a492e,00-00001821,Ось коленчатая 85.32.011,,9b060c03-71d9-11e7-85a2-d43d7eec442d,false,false
Номенклатура — current,raw.r1c_nomenclature_current,26d86787-4a44-11f1-b821-005056bde474,00-00014207,Ось коромысел в СБ 240-1007100,,45c9e202-0a37-11f0-b80e-005056bde474,false,false
Номенклатура — current,raw.r1c_nomenclature_current,ddaa1667-13cf-11f0-b80e-005056bde474,00-00011908,Ось нижних рычагов Соболь,,20296b06-0a38-11f0-b80e-005056bde474,false,false
Номенклатура — current,raw.r1c_nomenclature_current,a73b9250-c7cf-11e9-af79-30f7727a492e,00-00001947,Ось с крышкой ДТ-75  85.31.016А,,9b060c03-71d9-11e7-85a2-d43d7eec442d,false,false
Номенклатура — current,raw.r1c_nomenclature_current,a86cc3ee-23d4-11ed-9c43-cb6d75bb653b,00-00007029,Отбеливатель,,f0e4c260-a130-11e8-af4c-30f7727a492e,false,false
Номенклатура — current,raw.r1c_nomenclature_current,7b1769e7-1052-11ee-9c4e-00505689ff45,00-00008220,Отбеливатель Белизна-гель,,f0e4c260-a130-11e8-af4c-30f7727a492e,false,false
Номенклатура — current,raw.r1c_nomenclature_current,2fa488e9-152f-11ec-9c3a-00505689ff45,АК-00004980,Отбойник  КПК 0109040А,,9b060c03-71d9-11e7-85a2-d43d7eec442d,false,false
Номенклатура — current,raw.r1c_nomenclature_current,45f8c8e4-c562-11e9-af79-30f7727a492e,00-00001921,Отбойник амортизатора,,9b060c03-71d9-11e7-85a2-d43d7eec442d,false,false
Номенклатура — current,raw.r1c_nomenclature_current,81cd959c-de3a-11f0-b81e-005056bde474,00-00013209,Отбойный молоток Sturm DH2516P,,f8fbae3c-7363-11f0-b814-005056bde474,false,false
Номенклатура — current,raw.r1c_nomenclature_current,8bde6e03-5f2a-11f1-b821-005056bde474,00-00014486,Отбор и полный клубневой анализ картофеля,,2b7f4a61-094c-11f0-b80e-005056bde474,false,false
Номенклатура — current,raw.r1c_nomenclature_current,220a7a7d-c5dd-11ee-9c4c-005056893620,00-00010139,Отваертка крестовая  АвтоDeло PH1*100 мм на держателе,,f7164898-2ffe-11eb-af80-fa163e0d31f7,false,false
Номенклатура — current,raw.r1c_nomenclature_current,62e36173-c5dd-11ee-9c4c-005056893620,00-00010140,Отваертка шлицевая АвтоDeло 5х100 мм на держателе,,f7164898-2ffe-11eb-af80-fa163e0d31f7,false,false
Номенклатура — current,raw.r1c_nomenclature_current,9865e053-c5dd-11ee-9c4c-005056893620,00-00010141,Отваертка шлицевая АвтоDeло 6х38 мм на держателе,,f7164898-2ffe-11eb-af80-fa163e0d31f7,false,false
Номенклатура — current,raw.r1c_nomenclature_current,69c71f53-7cd1-11ef-9c5d-00505689ff45,00-00011136,Отвал РЗЗ.П.401-А,,9b060c03-71d9-11e7-85a2-d43d7eec442d,false,false
Номенклатура — current,raw.r1c_nomenclature_current,89397fbe-7ce0-11e7-af19-30f7727a492e,00-00000182,Отвал плуга П-401,,45c9e202-0a37-11f0-b80e-005056bde474,false,false
Номенклатура — current,raw.r1c_nomenclature_current,9bb60d71-f359-11ee-9c4c-005056893620,00-00010381,Отвал с тремя отверстиями LT6L.4-10,,9b060c03-71d9-11e7-85a2-d43d7eec442d,false,false
Номенклатура — current,raw.r1c_nomenclature_current,e8bf2c5f-f359-11ee-9c4c-005056893620,00-00010382,Отвал с тремя отверстиями LT6R.4-10,,9b060c03-71d9-11e7-85a2-d43d7eec442d,false,false
Номенклатура — current,raw.r1c_nomenclature_current,a61cbbba-88e7-11e9-af70-30f7727a492e,00-00001681,"Отвал цельный ПЛН-3-3,5, 4-4-35",,9b060c03-71d9-11e7-85a2-d43d7eec442d,false,false
Номенклатура — current,raw.r1c_nomenclature_current,f872939d-c5e2-11ee-9c4c-005056893620,00-00010150,Отвертка PH2х150 с магнитным наконечником GS PH2150,,f7164898-2ffe-11eb-af80-fa163e0d31f7,false,false
Номенклатура — current,raw.r1c_nomenclature_current,43b1ed5f-c5e3-11ee-9c4c-005056893620,00-00010151,Отвертка SL 3х100 с магнитным наконечником GS SL3100,,f7164898-2ffe-11eb-af80-fa163e0d31f7,false,false
Номенклатура — current,raw.r1c_nomenclature_current,e40804ad-3237-11ef-9c59-00505689ff45,00-00010657,Отвертка двухсторонняя,,9088eead-75dc-11e7-af18-30f7727a492e,false,false
Номенклатура — current,raw.r1c_nomenclature_current,e8f78072-e14f-11ea-8696-fa163ee5d2f9,БП-00002931,"Отвертка диэлектрическая SL3,0* 80мм ",,20e031f3-0a37-11f0-b80e-005056bde474,false,false
Номенклатура — current,raw.r1c_nomenclature_current,52d9e4e3-1bc4-11ee-9c4e-00505689ff45,00-00008298,Отвертка индикатор,,f7164898-2ffe-11eb-af80-fa163e0d31f7,false,false
Номенклатура — current,raw.r1c_nomenclature_current,f927842f-c5da-11ee-9c4c-005056893620,00-00010133,Отвертка индикаторная 140мм,,f7164898-2ffe-11eb-af80-fa163e0d31f7,false,false
Номенклатура — current,raw.r1c_nomenclature_current,d0479588-09a3-11e9-af60-30f7727a492e,00-00001388,Отвертка крестовая 2*100,,9088eead-75dc-11e7-af18-30f7727a492e,false,false
Номенклатура — current,raw.r1c_nomenclature_current,825d65c8-bfe0-11eb-c69d-fa163e0d31f7,БП-00004084,Отвертка крестовая 2*150,,f7164898-2ffe-11eb-af80-fa163e0d31f7,false,false
Номенклатура — current,raw.r1c_nomenclature_current,d0479583-09a3-11e9-af60-30f7727a492e,00-00001384,Отвертка крестовая 6*150,,f7164898-2ffe-11eb-af80-fa163e0d31f7,false,false
Номенклатура — current,raw.r1c_nomenclature_current,d0479584-09a3-11e9-af60-30f7727a492e,00-00001385,Отвертка крестовая 8*150,,9088eead-75dc-11e7-af18-30f7727a492e,false,false
Номенклатура — current,raw.r1c_nomenclature_current,0609367f-a159-11e8-af4c-30f7727a492e,00-00001101,Отвертка плоская,,9b060c03-71d9-11e7-85a2-d43d7eec442d,false,false
Номенклатура — current,raw.r1c_nomenclature_current,2c5780b2-c736-11ea-9d96-fa163ee5d2f9,БП-00002877,Отвертка плоская 8х150мм,,9b060c03-71d9-11e7-85a2-d43d7eec442d,false,false
Номенклатура — current,raw.r1c_nomenclature_current,43fe5879-bcf4-11ed-9c4d-00505689ff45,00-00007673,Отвертка пробник ОП-1 TPR10,,20e031f3-0a37-11f0-b80e-005056bde474,false,false
Номенклатура — current,raw.r1c_nomenclature_current,ca3a0ac8-03bd-11ee-9c4e-00505689ff45,00-00008104,Отвертка пробник ОП-2Э ИЭК,,20e031f3-0a37-11f0-b80e-005056bde474,false,false
Номенклатура — current,raw.r1c_nomenclature_current,5d1fdc8c-cb9b-11e8-af53-30f7727a492e,00-00001273,Отвертка реверсивная 250нн с набором бит. подсвет,,f7164898-2ffe-11eb-af80-fa163e0d31f7,false,false
Номенклатура — current,raw.r1c_nomenclature_current,6b9e738b-9191-11e9-af72-30f7727a492e,00-00001707,Отвертка шлицевая 100мм SL-6,,9088eead-75dc-11e7-af18-30f7727a492e,false,false
Номенклатура — current,raw.r1c_nomenclature_current,d0479572-09a3-11e9-af60-30f7727a492e,00-00001368,Отвертка шлицевая 150мм SL-6,,9088eead-75dc-11e7-af18-30f7727a492e,false,false
Номенклатура — current,raw.r1c_nomenclature_current,42576f87-a07b-11f0-b81d-005056bde474,00-00012788,Отвертка-индикатор 75 мм 6875-17150 с прищепкой Ресанта ,,421dc3e0-0a38-11f0-b80e-005056bde474,false,false
Номенклатура — current,raw.r1c_nomenclature_current,e0c7a04a-0c2c-11ec-9c3a-00505689ff45,АК-00004887,Отвертки,,f7164898-2ffe-11eb-af80-fa163e0d31f7,false,false
Номенклатура — current,raw.r1c_nomenclature_current,6e1a6184-a01d-11eb-c683-fa163e0d31f7,БП-00003869,Отвод,,9088eead-75dc-11e7-af18-30f7727a492e,false,false
Номенклатура — current,raw.r1c_nomenclature_current,7e05c167-2534-11ed-9c43-cb6d75bb653b,00-00007063,Отвод ПВХ 110*90гр,,9088eead-75dc-11e7-af18-30f7727a492e,false,false
Номенклатура — current,raw.r1c_nomenclature_current,cca79371-4471-11f1-b821-005056bde474,00-00014174,Отвод ПВХ 110х30гр,,6dd20a6a-51c7-11f0-b811-005056bde474,false,false
Номенклатура — current,raw.r1c_nomenclature_current,b4ec402a-4471-11f1-b821-005056bde474,00-00014173,Отвод ПВХ 110х45гр,,6dd20a6a-51c7-11f0-b811-005056bde474,false,false
Номенклатура — current,raw.r1c_nomenclature_current,22e50a2d-2534-11ed-9c43-cb6d75bb653b,00-00007060,Отвод ПВХ 200*90гр,,9088eead-75dc-11e7-af18-30f7727a492e,false,false
Номенклатура — current,raw.r1c_nomenclature_current,8b61ca2a-567b-11eb-1f84-fa163e0d31f7,БП-00003619,Отвод ПНД,,9be0daf4-2e34-11eb-288c-fa163e0d31f7,false,false
Номенклатура — current,raw.r1c_nomenclature_current,d4f169ba-567c-11eb-1f84-fa163e0d31f7,БП-00003623,Отвод ПНД 25,,9be0daf4-2e34-11eb-288c-fa163e0d31f7,false,false
Номенклатура — current,raw.r1c_nomenclature_current,0fa841a6-567c-11eb-1f84-fa163e0d31f7,БП-00003621,Отвод ПНД 32,,9be0daf4-2e34-11eb-288c-fa163e0d31f7,false,false
Номенклатура — current,raw.r1c_nomenclature_current,5f993ce6-ad77-11ea-d488-fa163ee5d2f9,БП-00002766,Отвод ПНД 32,,9088eead-75dc-11e7-af18-30f7727a492e,false,false
Номенклатура — current,raw.r1c_nomenclature_current,6486028a-ad76-11ea-d488-fa163ee5d2f9,БП-00002763,Отвод ПНД 32*3/4 ВР,,9088eead-75dc-11e7-af18-30f7727a492e,false,false
Номенклатура — current,raw.r1c_nomenclature_current,5b3efbbe-3cdf-11ea-9524-30f7727a492e,00-00002433,Отвод ПНД 40,,9088eead-75dc-11e7-af18-30f7727a492e,false,false
Номенклатура — current,raw.r1c_nomenclature_current,5b3efbbf-3cdf-11ea-9524-30f7727a492e,00-00002434,Отвод ПНД 40*1 1/2 ВР,,9088eead-75dc-11e7-af18-30f7727a492e,false,false
Номенклатура — current,raw.r1c_nomenclature_current,eb229912-08bd-11f1-b81f-005056bde474,00-00013696,Отвод ПНД 50,,6dd20a6a-51c7-11f0-b811-005056bde474,false,false
Номенклатура — current,raw.r1c_nomenclature_current,29d6a38b-2b89-11ec-b9a9-00505689914b,АК-00005466,Отвод ПНД 63,,9088eead-75dc-11e7-af18-30f7727a492e,false,false
Номенклатура — current,raw.r1c_nomenclature_current,455ea87e-f707-11f0-b81e-005056bde474,00-00013538,Отвод ПНД 63*2 ВР,,ef51bf95-3d8a-11f1-b821-005056bde474,false,false
Номенклатура — current,raw.r1c_nomenclature_current,ee8bef99-f706-11f0-b81e-005056bde474,00-00013529,Отвод ПНД 63*2 НР,,ef51bf95-3d8a-11f1-b821-005056bde474,false,false
Номенклатура — current,raw.r1c_nomenclature_current,baf126c9-7927-11f1-b822-005056bde474,00-00014595,Отвод ПНД компрессионный присоединительный 50-50121001215050 VALFEX  ,,dd7218fa-3d8a-11f1-b821-005056bde474,false,false
Номенклатура — current,raw.r1c_nomenclature_current,5b3efbb8-3cdf-11ea-9524-30f7727a492e,00-00002427,Отвод ПНД32,,9088eead-75dc-11e7-af18-30f7727a492e,false,false
Номенклатура — current,raw.r1c_nomenclature_current,b3dfad88-4719-11ee-9c4e-00505689ff45,00-00009418,Отвод ПП 110*45,,9088eead-75dc-11e7-af18-30f7727a492e,false,false
Номенклатура — current,raw.r1c_nomenclature_current,8c9708eb-f70c-11f0-b81e-005056bde474,00-00013577,Отвод ПП 110*45гр,,dd7218ea-3d8a-11f1-b821-005056bde474,false,false
Номенклатура — current,raw.r1c_nomenclature_current,e85f7e72-147b-11ec-9c3a-00505689ff45,АК-00004964,Отвод ПП 110*90гр. ,,9088eead-75dc-11e7-af18-30f7727a492e,false,false
Номенклатура — current,raw.r1c_nomenclature_current,b39203de-2c35-11ec-b9a9-00505689914b,АК-00005508,Отвод ПП 25*90,,9088eead-75dc-11e7-af18-30f7727a492e,false,false
Номенклатура — current,raw.r1c_nomenclature_current,4f8cc42b-849a-11ef-9c5d-00505689ff45,00-00011227,Отвод ПП 50*11/2 НР,,9088eead-75dc-11e7-af18-30f7727a492e,false,false
Номенклатура — current,raw.r1c_nomenclature_current,8666468b-3377-11ea-9522-30f7727a492e,00-00002329,Отвод ПП 50*45,,9b060c03-71d9-11e7-85a2-d43d7eec442d,false,false
Номенклатура — current,raw.r1c_nomenclature_current,94fa7aec-84fc-11f1-b824-005056bde474,00-00014633,Отвод ПП 50*45гр,,5221e7b6-0a39-11f0-b80e-005056bde474,false,false
Номенклатура — current,raw.r1c_nomenclature_current,8666468d-3377-11ea-9522-30f7727a492e,00-00002331,Отвод ПП 50*67гр,,9b060c03-71d9-11e7-85a2-d43d7eec442d,false,false
Номенклатура — current,raw.r1c_nomenclature_current,8666468c-3377-11ea-9522-30f7727a492e,00-00002330,Отвод ПП 50*90гр,,9088eead-75dc-11e7-af18-30f7727a492e,false,false
Номенклатура — current,raw.r1c_nomenclature_current,c8bd5e96-1012-11ee-9c4e-00505689ff45,00-00008182,Отвод ПП ду 100*90,,9088eead-75dc-11e7-af18-30f7727a492e,false,false
Номенклатура — current,raw.r1c_nomenclature_current,80b106a4-8c7b-11ef-9c5e-00505689ff45,00-00011288,Отвод бесшовный стальной 108*4,,9be0daf4-2e34-11eb-288c-fa163e0d31f7,false,false
Номенклатура — current,raw.r1c_nomenclature_current,30a1465c-923b-11ec-9c42-00505689c8d9,00-00006212,Отвод для унитаза гофр.,,f0e4c260-a130-11e8-af4c-30f7727a492e,false,false
Номенклатура — current,raw.r1c_nomenclature_current,8343c792-903f-11ef-9c5e-00505689ff45,00-00011299,Отвод компрессионный d/32,,9088eead-75dc-11e7-af18-30f7727a492e,false,false
Номенклатура — current,raw.r1c_nomenclature_current,a9bb3411-e030-11f0-b81e-005056bde474,00-00013236,Отвод наружной канализации D 110/45град,,6dd20a6a-51c7-11f0-b811-005056bde474,false,false
Номенклатура — current,raw.r1c_nomenclature_current,c1825ff3-e030-11f0-b81e-005056bde474,00-00013237,Отвод наружной канализации D 110/87град,,6dd20a6a-51c7-11f0-b811-005056bde474,false,false
Номенклатура — current,raw.r1c_nomenclature_current,23d97f2e-9161-11ec-9c42-00505689c8d9,00-00006176,Отвод соединения трубы 67780 ПВХ,,f0e4c260-a130-11e8-af4c-30f7727a492e,false,false
Номенклатура — current,raw.r1c_nomenclature_current,2767c815-a691-11ec-9c42-00505689c8d9,00-00006368,Отвод стальной 76,,f0e4c260-a130-11e8-af4c-30f7727a492e,false,false
Номенклатура — current,raw.r1c_nomenclature_current,769f9cd2-1a22-11e9-af62-30f7727a492e,00-00001462,Отвод шов гнутый стальной,,f0e4c260-a130-11e8-af4c-30f7727a492e,false,false
Номенклатура — current,raw.r1c_nomenclature_current,fc76e56a-e061-11ee-9c4c-005056893620,00-00010260,Отводка МТЗ в сборе с подшипником (выжимной подшипник),,9b060c03-71d9-11e7-85a2-d43d7eec442d,false,false
Номенклатура — current,raw.r1c_nomenclature_current,ff41e7b8-b0dd-11e8-af4e-30f7727a492e,00-00001172,Отводка в сборе ЗИЛ 130 триал,,9b060c03-71d9-11e7-85a2-d43d7eec442d,false,false
Номенклатура — current,raw.r1c_nomenclature_current,12903a69-d1e2-11f0-b81e-005056bde474,00-00013041,Отделитель,,45c9e202-0a37-11f0-b80e-005056bde474,false,false
Номенклатура — current,raw.r1c_nomenclature_current,a4ee560e-753f-11e9-af6d-30f7727a492e,00-00001564,Отопитель,,9b060c03-71d9-11e7-85a2-d43d7eec442d,false,false
Номенклатура — current,raw.r1c_nomenclature_current,6e3f1980-f639-11f0-b81e-005056bde474,00-00013440,Отопитель МТЗ-1523 в сб. под кондиционер,,45c9e202-0a37-11f0-b80e-005056bde474,false,false
Номенклатура — current,raw.r1c_nomenclature_current,9ac55ec8-7f55-11ec-9c41-00505689c8d9,00-00006030,Отражатель для ИПДЛ,,f0e4c260-a130-11e8-af4c-30f7727a492e,false,false
Номенклатура — current,raw.r1c_nomenclature_current,74770e78-7744-11ef-9c5d-00505689ff45,00-00011097,Отрезной диск,,9b060c03-71d9-11e7-85a2-d43d7eec442d,false,false
Номенклатура — current,raw.r1c_nomenclature_current,c3f7fbee-24f0-11ec-a9db-00505689f463,АК-00005336,Отруби пшеничные,,f0e4c260-a130-11e8-af4c-30f7727a492e,false,false
Номенклатура — current,raw.r1c_nomenclature_current,ee206f1b-243d-11f0-b80e-005056bde474,00-00012001,Отходы производства,,d5f1fbeb-094b-11f0-b80e-005056bde474,true,false
Номенклатура — current,raw.r1c_nomenclature_current,a350ef41-c35b-11ef-9c5f-00505689ff45,00-00011526,"Офисный стул Изо на ножках, со спинкой, без подлокотников",,9088eeac-75dc-11e7-af18-30f7727a492e,false,false
Номенклатура — current,raw.r1c_nomenclature_current,59a6c034-3d8e-11f1-b821-005056bde474,00-00014092,Очистители,,9088ee9f-75dc-11e7-af18-30f7727a492e,true,false
Номенклатура — current,raw.r1c_nomenclature_current,d088df5c-cb69-11e7-a3ed-94de80168a80,00-00000475,Очиститель  монтажной пены,,9088eead-75dc-11e7-af18-30f7727a492e,false,false
Номенклатура — current,raw.r1c_nomenclature_current,e59565b7-f3ed-11ed-9c4e-00505689ff45,00-00007986,"Очиститель аэрозоль, 520мл",,9b060c03-71d9-11e7-85a2-d43d7eec442d,false,false
Номенклатура — current,raw.r1c_nomenclature_current,e1900792-51ab-11e8-af3a-30f7727a492e,00-00000836,Очиститель быстрый,,59a6c034-3d8e-11f1-b821-005056bde474,false,false
Номенклатура — current,raw.r1c_nomenclature_current,c9cfe886-718c-11ee-9c4a-005056893620,00-00009689,Очиститель двигателя 400 мл,,59a6c034-3d8e-11f1-b821-005056bde474,false,false
Номенклатура — current,raw.r1c_nomenclature_current,afa88070-570e-11eb-a997-fa163e0d31f7,БП-00003661,Очиститель инжектора,,9b060c03-71d9-11e7-85a2-d43d7eec442d,false,false
Номенклатура — current,raw.r1c_nomenclature_current,a176819b-82d3-11ed-9c4c-00505689ff45,00-00007522,Очиститель карбюратора,,f0e4c260-a130-11e8-af4c-30f7727a492e,false,false
Номенклатура — current,raw.r1c_nomenclature_current,27f8c25f-bc16-11ec-9c42-00505689c8d9,00-00006457,Очиститель кузова,,9b060c03-71d9-11e7-85a2-d43d7eec442d,false,false
Номенклатура — current,raw.r1c_nomenclature_current,e6e36fd6-32da-11ef-9c59-00505689ff45,00-00010661,Очиститель мото цепи 650 мл,,59a6c034-3d8e-11f1-b821-005056bde474,false,false
Номенклатура — current,raw.r1c_nomenclature_current,e190078f-51ab-11e8-af3a-30f7727a492e,00-00000833,Очиститель мяггкий масл. сист (5 мин),,59a6c034-3d8e-11f1-b821-005056bde474,false,false
Номенклатура — current,raw.r1c_nomenclature_current,84f81311-8481-11ef-9c5d-00505689ff45,00-00011209,Очиститель пены,,9088eead-75dc-11e7-af18-30f7727a492e,false,false
Номенклатура — current,raw.r1c_nomenclature_current,89fa7f18-5ac9-11ef-9c59-00505689ff45,00-00010869,Очиститель салона,,59a6c034-3d8e-11f1-b821-005056bde474,false,false
Номенклатура — current,raw.r1c_nomenclature_current,a4bae59a-0b9b-11eb-3385-fa163ee5d2f9,БП-00003131,Очиститель топливной системы,,9b060c03-71d9-11e7-85a2-d43d7eec442d,false,false
Номенклатура — current,raw.r1c_nomenclature_current,f3eb1a0b-114c-11f1-b81f-005056bde474,00-00013793,"Очиститель тормозных дисков, 650 мл Ln1498",,6a004004-7296-11f0-b814-005056bde474,false,false
Номенклатура — current,raw.r1c_nomenclature_current,9186e755-57af-11ee-9c4e-00505689ff45,00-00009548,Очиститель тормозов 500 мл VWSL 002RU,,59a6c034-3d8e-11f1-b821-005056bde474,false,false
Номенклатура — current,raw.r1c_nomenclature_current,a6ffa770-f85e-11f0-b81e-005056bde474,00-00013626,Очиститель тормозов 500мл спрей   ,,bf64ba06-729b-11f0-b814-005056bde474,false,false
Номенклатура — current,raw.r1c_nomenclature_current,a289a944-4bd4-11ed-9c43-cb6d75bb653b,00-00007278,Очиститель тормозов BRAKE 0.3 кг,,59a6c034-3d8e-11f1-b821-005056bde474,false,false
Номенклатура — current,raw.r1c_nomenclature_current,8a38e72d-114c-11f1-b81f-005056bde474,00-00013787,Очиститель тормозов Экстра 650 мл GT-11,,6a004004-7296-11f0-b814-005056bde474,false,false
Номенклатура — current,raw.r1c_nomenclature_current,bf907440-a49e-11ee-9c4c-005056893620,00-00010048,Очиститель тормозов деталей сцепления 650мл,,59a6c034-3d8e-11f1-b821-005056bde474,false,false
Номенклатура — current,raw.r1c_nomenclature_current,45fe56f0-1148-11f1-b81f-005056bde474,00-00013781,Очиститель электрических контактов 520 мл 3ton ТС-565 ,,bf64ba06-729b-11f0-b814-005056bde474,false,false
Номенклатура — current,raw.r1c_nomenclature_current,36c05d93-1421-11ee-9c4e-00505689ff45,00-00008240,Очиститель электроконтактов 520мл,,9b060c03-71d9-11e7-85a2-d43d7eec442d,false,false
Номенклатура — current,raw.r1c_nomenclature_current,d081d506-03eb-11eb-ac9e-fa163ee5d2f9,БП-00003071,Очистка земельных участков от кустарников методом мульчирования,,2b7f4a61-094c-11f0-b80e-005056bde474,false,false
Номенклатура — current,raw.r1c_nomenclature_current,939d067b-00e8-11f1-b81e-005056bde474,00-00013661,Очистка снега,,3e420178-094c-11f0-b80e-005056bde474,false,false
Номенклатура — current,raw.r1c_nomenclature_current,16a8e894-6963-11eb-159e-fa163e0d31f7,БП-00003709,"Очистка,обустройство и уборка территории ",,3e420178-094c-11f0-b80e-005056bde474,false,false
Номенклатура — current,raw.r1c_nomenclature_current,31db7b36-1486-11f0-b80e-005056bde474,00-00011939,Очистки для дальнейшей переработки,,09f53c56-30e5-11ec-b9aa-00505689914b,true,false
Номенклатура — current,raw.r1c_nomenclature_current,62a8818d-0fcd-11ec-9c3a-00505689ff45,АК-00004933,Очистки картофеля (отходы),,ee206f1b-243d-11f0-b80e-005056bde474,false,false
Номенклатура — current,raw.r1c_nomenclature_current,42f5779a-2914-11ec-a9de-00505689f463,АК-00005417,Очистки картофеля для переработки,,31db7b36-1486-11f0-b80e-005056bde474,false,false
Номенклатура — current,raw.r1c_nomenclature_current,b67fdb69-5106-11f1-b821-005056bde474,00-00014369,Очистки моркови (отходы),,ee206f1b-243d-11f0-b80e-005056bde474,false,false
Номенклатура — current,raw.r1c_nomenclature_current,2fc745c2-2d0d-11ec-b9a9-00505689914b,АК-00005524,"Очистки свеклы, отходы",,429834f4-30e5-11ec-b9aa-00505689914b,false,false
Номенклатура — current,raw.r1c_nomenclature_current,09cd5f88-60ca-11ed-9c43-00505689cfb8,00-00007374,"Очистки чеснока, отходы",,429834f4-30e5-11ec-b9aa-00505689914b,false,false
Номенклатура — current,raw.r1c_nomenclature_current,1960aa6d-6567-11f1-b821-005056bde474,00-00014504,Очки,,9088eea8-75dc-11e7-af18-30f7727a492e,true,false
Номенклатура — current,raw.r1c_nomenclature_current,06093698-a159-11e8-af4c-30f7727a492e,00-00001120,Очки газосварочные,,05b398ee-0a39-11f0-b80e-005056bde474,false,false
Номенклатура — current,raw.r1c_nomenclature_current,8dbc03ec-0cb3-11ec-9c3a-00505689ff45,АК-00004917,Очки заащитные закрытые  прозрачные,,1960aa6d-6567-11f1-b821-005056bde474,false,false
Номенклатура — current,raw.r1c_nomenclature_current,ea155bb4-03e1-11eb-ac9e-fa163ee5d2f9,БП-00003063,Очки защитные ,,1960aa6d-6567-11f1-b821-005056bde474,false,false
Номенклатура — current,raw.r1c_nomenclature_current,038306e1-e48c-11f0-b81e-005056bde474,00-00013322,"Очки защитные герметичные POCOM3 3НГ1 PANORAMA (2С-1, 2 РС) прозрачные",,1960aa6d-6567-11f1-b821-005056bde474,false,false
Номенклатура — current,raw.r1c_nomenclature_current,d94c0b3f-60f1-11ee-9c50-00505689ff45,00-00009607,Очки защитные закрытого типа ,,1960aa6d-6567-11f1-b821-005056bde474,false,false
Номенклатура — current,raw.r1c_nomenclature_current,b5cb6a7b-60f1-11ee-9c50-00505689ff45,00-00009606,Очки защитные закрытого типа с прямой вентиляцией,,1960aa6d-6567-11f1-b821-005056bde474,false,false
Номенклатура — current,raw.r1c_nomenclature_current,dcf30fa4-aa2b-11ea-bf8d-fa163ee5d2f9,БП-00002748,Очки защитные закрытые РОСОМ3 3Н55 SPARK прозрачные,,1960aa6d-6567-11f1-b821-005056bde474,false,false
Номенклатура — current,raw.r1c_nomenclature_current,72b52024-3ad0-11eb-dc8d-fa163e0d31f7,БП-00003425,Очки защитные открытые ,,1960aa6d-6567-11f1-b821-005056bde474,false,false
Номенклатура — current,raw.r1c_nomenclature_current,f3b6e7dd-dc0d-11f0-b81e-005056bde474,00-00013165,Очки защитные открытые UVEX Ай-5 прозрачные 9183265,,1960aa6d-6567-11f1-b821-005056bde474,false,false
Номенклатура — current,raw.r1c_nomenclature_current,0bf726c0-dc0d-11f0-b81e-005056bde474,00-00013164,Очки защитные открытые АМПАРО Фокус затемненные (арт.произв.210328),,1960aa6d-6567-11f1-b821-005056bde474,false,false
Номенклатура — current,raw.r1c_nomenclature_current,d66ce836-dc0c-11f0-b81e-005056bde474,00-00013163,Очки защитные открытые прозрачные Классик ТИМ ОЧК201 КN,,1960aa6d-6567-11f1-b821-005056bde474,false,false
Номенклатура — current,raw.r1c_nomenclature_current,a0374fd6-eddc-11ea-ac8d-fa163ee5d2f9,БП-00003023,Ошейник от блох и клещей,,f0e4c260-a130-11e8-af4c-30f7727a492e,false,false
Номенклатура — current,raw.r1c_nomenclature_current,bff008f2-42b5-11ef-9c59-00505689ff45,00-00010716,ПАЛЕЦ С БУРТИКОМ Д.СОЕДИНИТЕЛЯ (200.85433),,9b060c03-71d9-11e7-85a2-d43d7eec442d,false,false
Номенклатура — current,raw.r1c_nomenclature_current,38b9f463-09b4-11e9-af60-30f7727a492e,00-00001399,"ПВС 2*1,5",,9088eead-75dc-11e7-af18-30f7727a492e,false,false
Номенклатура — current,raw.r1c_nomenclature_current,a870676a-57a0-11ea-9525-30f7727a492e,00-00002493,"ПВС 3*2,5",,9088eead-75dc-11e7-af18-30f7727a492e,false,false
Номенклатура — current,raw.r1c_nomenclature_current,76aca44e-077f-11f1-b81f-005056bde474,00-00013677,"ПВС 3*2,5 (ККЗ)",,67e18806-3d8a-11f1-b821-005056bde474,false,false
Номенклатура — current,raw.r1c_nomenclature_current,c6c81cfe-84ff-11f1-b824-005056bde474,00-00014638,"ПВС 4*0,75 ГОСТ",,5221e7b6-0a39-11f0-b80e-005056bde474,false,false
Номенклатура — current,raw.r1c_nomenclature_current,78409aac-23da-11ed-9c43-cb6d75bb653b,00-00007041,"ПВС 4х2,5 ГОСТ",,9088eead-75dc-11e7-af18-30f7727a492e,false,false
Номенклатура — current,raw.r1c_nomenclature_current,769c986a-d03b-11eb-5d99-fa163e0d31f7,БП-00004237,"ПВС 5*1,5",,9088eead-75dc-11e7-af18-30f7727a492e,false,false
Номенклатура — current,raw.r1c_nomenclature_current,79a38103-c607-11e8-af51-30f7727a492e,00-00001214,"ПВС 5*2,5",,9088eead-75dc-11e7-af18-30f7727a492e,false,false
Номенклатура — current,raw.r1c_nomenclature_current,68daaff9-077f-11f1-b81f-005056bde474,00-00013676,ПВС 5*6 ККЗ,,67e18806-3d8a-11f1-b821-005056bde474,false,false
Номенклатура — current,raw.r1c_nomenclature_current,bd5aaaa9-3270-11f1-b81f-005056bde474,00-00013961,ПВХ завеса стандартная 2.5x300 (бухта 50м) КурсКлимат ,,5221e7b6-0a39-11f0-b80e-005056bde474,false,false
Номенклатура — current,raw.r1c_nomenclature_current,cc9cf33d-f8b4-11ee-9c4c-005056893620,00-00010413,ПЕРЛОНОВЫЙ СОЕДИНИТЕЛЬ,,9b060c03-71d9-11e7-85a2-d43d7eec442d,false,false
Номенклатура — current,raw.r1c_nomenclature_current,2f29bbd9-2b1b-11f0-b80e-005056bde474,00-00012156,"ПОДПРУЖ.ЗУБ 1РЯД, БЕЗ СОШНИКА",,45c9e202-0a37-11f0-b80e-005056bde474,false,false
Номенклатура — current,raw.r1c_nomenclature_current,f7c42d40-a2b9-11f0-b81d-005056bde474,00-00012858,ПП ящик 500x310x250 синий,,9b060c15-71d9-11e7-85a2-d43d7eec442d,false,false
Номенклатура — current,raw.r1c_nomenclature_current,0a586e3e-bd0b-11f1-b824-005056bde474,00-00014807,ПРИВОДНОЕ КОЛЬЦО,,2c493784-4ea0-11f1-b821-005056bde474,false,false
Номенклатура — current,raw.r1c_nomenclature_current,5a684b75-42b6-11ef-9c59-00505689ff45,00-00010720,ПРУТОК 10Х1621,,9b060c03-71d9-11e7-85a2-d43d7eec442d,false,false
Номенклатура — current,raw.r1c_nomenclature_current,668c5362-d1e6-11f0-b81e-005056bde474,00-00013046,ПРУТОК 11Х1650,,45c9e202-0a37-11f0-b80e-005056bde474,false,false
Номенклатура — current,raw.r1c_nomenclature_current,87d9073c-ec94-11e7-a3ff-94de80168a80,00-00000600,ПТС(П) т 100 RAL/RAL,,9088eead-75dc-11e7-af18-30f7727a492e,false,false
Номенклатура — current,raw.r1c_nomenclature_current,c1696ee6-e14d-11ea-8696-fa163ee5d2f9,БП-00002925,"ПУГНП 3х2,5",,9088eead-75dc-11e7-af18-30f7727a492e,false,false
Номенклатура — current,raw.r1c_nomenclature_current,34c78234-ea70-11eb-da8a-fa163e0d31f7,БП-00004573,Пакет  майка 38х68,,f0e4c260-a130-11e8-af4c-30f7727a492e,false,false
Номенклатура — current,raw.r1c_nomenclature_current,7ffb166e-cf75-11eb-bd90-fa163e0d31f7,БП-00004198,"Пакет ""маечка"" 30х55",,f0e4c260-a130-11e8-af4c-30f7727a492e,false,false
Номенклатура — current,raw.r1c_nomenclature_current,c1a6c992-dd8e-11eb-4c99-fa163e0d31f7,БП-00004418,Пакет 65х40,,f0e4c260-a130-11e8-af4c-30f7727a492e,false,false
Номенклатура — current,raw.r1c_nomenclature_current,66b3d690-2c3e-11f1-b81f-005056bde474,00-00013905,Пакет в упаковке крафт С4 декстрин 229х324 80г 200шт/уп,,9088ee8b-75dc-11e7-af18-30f7727a492e,false,false
Номенклатура — current,raw.r1c_nomenclature_current,61655bf5-9419-11ee-9c4a-005056893620,00-00009890,Пакет для мусора 120л 10шт,,f0e4c260-a130-11e8-af4c-30f7727a492e,false,false
Номенклатура — current,raw.r1c_nomenclature_current,a2d6091e-f3ec-11ed-9c4e-00505689ff45,00-00007979,Пакет для мусора 200л 10шт,,f0e4c260-a130-11e8-af4c-30f7727a492e,false,false
Номенклатура — current,raw.r1c_nomenclature_current,a88a9028-f3ed-11ed-9c4e-00505689ff45,00-00007985,Пакет для мусора 240л 10шт,,f0e4c260-a130-11e8-af4c-30f7727a492e,false,false
Номенклатура — current,raw.r1c_nomenclature_current,b73b89f4-9419-11ee-9c4a-005056893620,00-00009891,Пакет для мусора 30л 30шт,,f0e4c260-a130-11e8-af4c-30f7727a492e,false,false
Номенклатура — current,raw.r1c_nomenclature_current,1aacb5fc-9162-11ec-9c42-00505689c8d9,00-00006178,Пакет для мусора 60л 20шт,,f0e4c260-a130-11e8-af4c-30f7727a492e,false,false
Номенклатура — current,raw.r1c_nomenclature_current,5b492e0a-2a84-11eb-259f-fa163e0d31f7,БП-00003214,Пакет крафт с круч.ручкой 350*150*450 70г/м2 KPК035 с изображением,,d680eb65-4214-11f1-b821-005056bde474,false,false
Номенклатура — current,raw.r1c_nomenclature_current,d61dccea-2a83-11eb-259f-fa163e0d31f7,БП-00003212,Пакет крафт с прямоугольным дном 180*120*290 50г/м KPD118,,d680eb65-4214-11f1-b821-005056bde474,false,false
Номенклатура — current,raw.r1c_nomenclature_current,e2c2fb38-b0dc-11f0-b81e-005056bde474,00-00012883,Пакет крафт с прямоугольным дном 250*353 50 шт / упак5782,,d680eb65-4214-11f1-b821-005056bde474,false,false
Номенклатура — current,raw.r1c_nomenclature_current,161b20c2-2a84-11eb-259f-fa163e0d31f7,БП-00003213,Пакет крафт с прямоугольным дном 80*50*170  KPD008,,d680eb65-4214-11f1-b821-005056bde474,false,false
Номенклатура — current,raw.r1c_nomenclature_current,a436ce66-8838-11ec-9c41-00505689c8d9,00-00006109,Пакет перевязочный с одной подушечкой,,213391ae-cf6d-11eb-bd90-fa163e0d31f7,false,false
Номенклатура — current,raw.r1c_nomenclature_current,61066cec-522b-11ee-9c4e-00505689ff45,00-00009518,Пакет с вырубной ручкой 31х40 ламинация,,d680eb65-4214-11f1-b821-005056bde474,false,false
Номенклатура — current,raw.r1c_nomenclature_current,18898b83-4a3e-11f1-b821-005056bde474,00-00014197,Пакет с закмком (zip-lock) 30х40см 35мкм 100шт/уп,,f0e4c260-a130-11e8-af4c-30f7727a492e,false,false
Номенклатура — current,raw.r1c_nomenclature_current,d680eb65-4214-11f1-b821-005056bde474,00-00014106,Пакеты,,a986fb07-0a39-11f0-b80e-005056bde474,true,false
Номенклатура — current,raw.r1c_nomenclature_current,e6189cad-c0c0-11e9-af79-30f7727a492e,00-00001858,"Палатка торговая разборная Домик 2,5х2 Д25",,917ab634-0a38-11f0-b80e-005056bde474,false,false
Номенклатура — current,raw.r1c_nomenclature_current,5e9cf53c-8bfa-11eb-8588-fa163e0d31f7,БП-00003807,Палета 1200*1000 б/у,,25037614-4216-11f1-b821-005056bde474,false,false
Номенклатура — current,raw.r1c_nomenclature_current,81437f07-64b5-11e8-af3d-30f7727a492e,00-00000894,Палец  рулевого гидроцилиндра К-700,,9b060c03-71d9-11e7-85a2-d43d7eec442d,false,false
Номенклатура — current,raw.r1c_nomenclature_current,a4ee561f-753f-11e9-af6d-30f7727a492e,00-00001578,Палец  рулевой тяги ЗИЛ-130 поперечной  в сборе (комплет на наконечник),,9b060c03-71d9-11e7-85a2-d43d7eec442d,false,false
Номенклатура — current,raw.r1c_nomenclature_current,0c0127cb-1748-11ed-9c43-cb6d75bb653b,00-00006863,Палец 142-4605076,,9b060c03-71d9-11e7-85a2-d43d7eec442d,false,false
Номенклатура — current,raw.r1c_nomenclature_current,bf5380ce-4bdc-11ed-9c43-cb6d75bb653b,00-00007283,Палец 16х40 KG01197762,,9b060c03-71d9-11e7-85a2-d43d7eec442d,false,false
Номенклатура — current,raw.r1c_nomenclature_current,85813358-20f9-11ec-9c3a-00505689ff45,АК-00005322,Палец 32974900,,9b060c03-71d9-11e7-85a2-d43d7eec442d,false,false
Номенклатура — current,raw.r1c_nomenclature_current,0f0820f7-2515-11ec-a9db-00505689f463,АК-00005378,Палец 33482900,,9b060c03-71d9-11e7-85a2-d43d7eec442d,false,false
Номенклатура — current,raw.r1c_nomenclature_current,fb1bd922-cd11-11ec-9c42-00505689c8d9,00-00006512,Палец 700.46.30.012-1,,9b060c03-71d9-11e7-85a2-d43d7eec442d,false,false
Номенклатура — current,raw.r1c_nomenclature_current,dbbfdb31-cd11-11ec-9c42-00505689c8d9,00-00006511,Палец 700.46.30.013,,9b060c03-71d9-11e7-85a2-d43d7eec442d,false,false
Номенклатура — current,raw.r1c_nomenclature_current,2ca10aee-2514-11ec-a9db-00505689f463,АК-00005374,Палец ACV0081850,,9b060c03-71d9-11e7-85a2-d43d7eec442d,false,false
Номенклатура — current,raw.r1c_nomenclature_current,8f150475-250e-11ec-a9db-00505689f463,АК-00005369,Палец D40 AGG0087350,,9b060c03-71d9-11e7-85a2-d43d7eec442d,false,false
Номенклатура — current,raw.r1c_nomenclature_current,f0eedb7f-d1e0-11f0-b81e-005056bde474,00-00013038,Палец L-186,,45c9e202-0a37-11f0-b80e-005056bde474,false,false
Номенклатура — current,raw.r1c_nomenclature_current,dd83d574-5f47-11e9-af6b-30f7727a492e,00-00001503,Палец ЗИЛ-130 ушка рессоры передней,,9b060c03-71d9-11e7-85a2-d43d7eec442d,false,false
Номенклатура — current,raw.r1c_nomenclature_current,b84e5cde-6fc6-11f1-b822-005056bde474,00-00014546,"Палец КСО-7,4.00.001",,45c9e202-0a37-11f0-b80e-005056bde474,false,false
Номенклатура — current,raw.r1c_nomenclature_current,cda60060-e78e-11ea-3497-fa163ee5d2f9,БП-00002960,Палец МТЗ ВЗТЗЧ  А61.10.002,,9b060c03-71d9-11e7-85a2-d43d7eec442d,false,false
Номенклатура — current,raw.r1c_nomenclature_current,5edc196d-cc55-11e8-af53-30f7727a492e,00-00001284,Палец МТЗ винта задней навески,,9b060c03-71d9-11e7-85a2-d43d7eec442d,false,false
Номенклатура — current,raw.r1c_nomenclature_current,44d51342-20ec-11ec-9c3a-00505689ff45,АК-00005298,Палец МТЗ рулевого гидроцилиндра 130мм в сборе ВЗТЗЧ  102-3405 103 СБ,,9b060c03-71d9-11e7-85a2-d43d7eec442d,false,false
Номенклатура — current,raw.r1c_nomenclature_current,cb0da156-8b07-11eb-4b87-fa163e0d31f7,БП-00003798,Палец МТЗ рычага ленты ВОМ (с резьбой) САЗ 50-4202078,,9b060c03-71d9-11e7-85a2-d43d7eec442d,false,false
Номенклатура — current,raw.r1c_nomenclature_current,380ea2d7-4886-11ec-9c45-00505689c17d,АК-00005625,Палец МТЗ-1221 (D37*133L 1=125) 1255-4605009,,9b060c03-71d9-11e7-85a2-d43d7eec442d,false,false
Номенклатура — current,raw.r1c_nomenclature_current,a2ae5e3c-6227-11ec-9c40-00505689c8d9,АК-00005807,Палец МТЗ-1523 навески 1522-4605037,,9b060c03-71d9-11e7-85a2-d43d7eec442d,false,false
Номенклатура — current,raw.r1c_nomenclature_current,337da48c-c0e6-11e9-af79-30f7727a492e,00-00001872,Палец МТЗ-80 тяги крепления расходов А 50-4605049,,9b060c03-71d9-11e7-85a2-d43d7eec442d,false,false
Номенклатура — current,raw.r1c_nomenclature_current,f2fe725e-f69b-11f0-b81e-005056bde474,00-00013490,Палец ЭО-2621/26 03.5600.300 (50х465),,45c9e202-0a37-11f0-b80e-005056bde474,false,false
Номенклатура — current,raw.r1c_nomenclature_current,498f5ee0-250d-11ec-a9db-00505689f463,АК-00005367,Палец верхний цилиндра подъема задней навески,,9b060c03-71d9-11e7-85a2-d43d7eec442d,false,false
Номенклатура — current,raw.r1c_nomenclature_current,9117682f-1e37-11f1-b81f-005056bde474,00-00013860,"Палец маховика М12*1,25 длинный",,45c9e202-0a37-11f0-b80e-005056bde474,false,false
Номенклатура — current,raw.r1c_nomenclature_current,42a30d4d-a4ba-11ee-9c4c-005056893620,00-00010049,Палец опорный эксцентрика колодок в сборе,,9b060c03-71d9-11e7-85a2-d43d7eec442d,false,false
Номенклатура — current,raw.r1c_nomenclature_current,ba61606b-5229-11e9-af69-30f7727a492e,00-00001480,"Палец поршневой  Д245, Д260 мотордеталь",,9b060c03-71d9-11e7-85a2-d43d7eec442d,false,false
Номенклатура — current,raw.r1c_nomenclature_current,812b6970-b243-11eb-6d90-fa163e0d31f7,БП-00003974,Палец пружинный ПБ 16.01.607,,9b060c03-71d9-11e7-85a2-d43d7eec442d,false,false
Номенклатура — current,raw.r1c_nomenclature_current,1215c15e-1f89-11ec-9c3a-00505689ff45,АК-00005223,Палец резьбовой рул.цилиндра 102*3405 103СБ 150мм,,9b060c03-71d9-11e7-85a2-d43d7eec442d,false,false
Номенклатура — current,raw.r1c_nomenclature_current,fc1ac571-d1d7-11f0-b81e-005056bde474,00-00013033,Палец с буртиком,,45c9e202-0a37-11f0-b80e-005056bde474,false,false
Номенклатура — current,raw.r1c_nomenclature_current,03c90217-e1ad-11ec-9c42-00505689c8d9,00-00006590,Палец суппорта 3105-3501214 с болтом ,,9b060c03-71d9-11e7-85a2-d43d7eec442d,false,false
Номенклатура — current,raw.r1c_nomenclature_current,2b4f4fda-e996-11e9-af7d-30f7727a492e,00-00002069,Палец суппорта верхний,,9b060c03-71d9-11e7-85a2-d43d7eec442d,false,false
Номенклатура — current,raw.r1c_nomenclature_current,2b4f4fdb-e996-11e9-af7d-30f7727a492e,00-00002070,Палец суппорта нижний,,9b060c03-71d9-11e7-85a2-d43d7eec442d,false,false
Номенклатура — current,raw.r1c_nomenclature_current,ad8b3d47-538e-11f1-b821-005056bde474,00-00014423,Паллетоукладчик РМ 800-6,,279c2c04-2e46-11eb-288c-fa163e0d31f7,false,false
Номенклатура — current,raw.r1c_nomenclature_current,ace2c14e-4339-11ef-9c59-00505689ff45,00-00010737,"Пальцевый диск ВНУТР.ДИАМ 30 ММ,ШАГ 32 (001.00524)",,9b060c03-71d9-11e7-85a2-d43d7eec442d,false,false
Номенклатура — current,raw.r1c_nomenclature_current,1cb3d1cb-08d3-11f1-b81f-005056bde474,00-00013745,Память DIMM DDR4 16384MBx2 3200MHz Kingston Fury Beast Black [KF432C16BB1K2/32WP],,ce412305-0a38-11f0-b80e-005056bde474,false,false
Номенклатура — current,raw.r1c_nomenclature_current,ce0f0257-334b-11f1-b81f-005056bde474,00-00014023,Память SODIMM DDR4 16384MB 3200MHz PC25600 QUMO 16 ГБ [QUM4S-16G3200N22] CL22,,ce412305-0a38-11f0-b80e-005056bde474,false,false
Номенклатура — current,raw.r1c_nomenclature_current,373348b4-72a7-11eb-4886-fa163e0d31f7,БП-00003742,Пандус металлический 1000*1300*185 Л П/У,,9b060c1e-71d9-11e7-85a2-d43d7eec442d,false,false
Номенклатура — current,raw.r1c_nomenclature_current,93d598ee-f632-11ec-9c42-89a3dcc9992a,00-00006702,Панель ПАЗ-3205 левой боковины средняя нижняя,,9b060c03-71d9-11e7-85a2-d43d7eec442d,false,false
Номенклатура — current,raw.r1c_nomenclature_current,4b77065c-f68f-11f0-b81e-005056bde474,00-00013460,"Панелька, PIN:14,10А, 250 ВАС, Монтаж:DIN. 94.Р4SРА",,baf617a9-7290-11f0-b814-005056bde474,false,false
Номенклатура — current,raw.r1c_nomenclature_current,3d56fa03-938a-11ee-9c4a-005056893620,00-00009880,Папка вкладыш с перфорацией,,9088ee8b-75dc-11e7-af18-30f7727a492e,false,false
Номенклатура — current,raw.r1c_nomenclature_current,9ee7f9c8-b4e8-11ed-9c4d-00505689ff45,00-00007645,Папка конверт на кнопке,,9088ee8b-75dc-11e7-af18-30f7727a492e,false,false
Номенклатура — current,raw.r1c_nomenclature_current,1e5c2fa7-b4e8-11ed-9c4d-00505689ff45,00-00007643,Папка конверт на молнии,,9088ee8b-75dc-11e7-af18-30f7727a492e,false,false
Номенклатура — current,raw.r1c_nomenclature_current,32b9709d-84a8-11ef-9c5d-00505689ff45,00-00011253,Папка регистратор Attache ,,9088ee8b-75dc-11e7-af18-30f7727a492e,false,false
Номенклатура — current,raw.r1c_nomenclature_current,af47ed00-6689-11ee-9c50-00505689ff45,00-00009642,Папка регистратор без уголка 75 мм,,9088ee8b-75dc-11e7-af18-30f7727a492e,false,false
Номенклатура — current,raw.r1c_nomenclature_current,bd62f705-7da8-11e7-af19-30f7727a492e,00-00000254,Папка с арочным механизмом,,9088ee8b-75dc-11e7-af18-30f7727a492e,false,false
Номенклатура — current,raw.r1c_nomenclature_current,6b9e739b-9191-11e9-af72-30f7727a492e,00-00001718,Папка скорос-тель синий,,9088ee8b-75dc-11e7-af18-30f7727a492e,false,false
Номенклатура — current,raw.r1c_nomenclature_current,bd62f704-7da8-11e7-af19-30f7727a492e,00-00000253,Папка скоросшиватель,,9088ee8b-75dc-11e7-af18-30f7727a492e,false,false
Номенклатура — current,raw.r1c_nomenclature_current,4d460904-b4e8-11ed-9c4d-00505689ff45,00-00007644,Папка уголок,,9088ee8b-75dc-11e7-af18-30f7727a492e,false,false
Номенклатура — current,raw.r1c_nomenclature_current,1f15e05a-7886-11e7-af18-30f7727a492e,00-00000125,Папка файлов,,9088ee8b-75dc-11e7-af18-30f7727a492e,false,false
Номенклатура — current,raw.r1c_nomenclature_current,fc76f472-84a6-11ef-9c5d-00505689ff45,00-00011250,Папка файловая Attache,,9088ee8b-75dc-11e7-af18-30f7727a492e,false,false
Номенклатура — current,raw.r1c_nomenclature_current,ba686c80-dc98-11ef-b80c-005056bde474,00-00011582,Папка-планшет д/бумаг А5,,9088ee8b-75dc-11e7-af18-30f7727a492e,false,false
Номенклатура — current,raw.r1c_nomenclature_current,262485a8-6689-11ee-9c50-00505689ff45,00-00009640,Папка-планшет для бумаг,,9088ee8b-75dc-11e7-af18-30f7727a492e,false,false
Номенклатура — current,raw.r1c_nomenclature_current,3f84a73c-e7ac-11ea-3497-fa163ee5d2f9,БП-00002976,Папка-регистратор без мет. уголка,,9088ee8b-75dc-11e7-af18-30f7727a492e,false,false
Номенклатура — current,raw.r1c_nomenclature_current,59d228b7-b0dc-11f0-b81e-005056bde474,00-00012882,Папка-регистратор мрамор 80 мм,,9088ee8b-75dc-11e7-af18-30f7727a492e,false,false
Номенклатура — current,raw.r1c_nomenclature_current,46e9f13a-f21d-11eb-9c3a-00505689ff45,АК-00003281,Пар 2021,,52c3cca5-0968-11f0-b80e-005056bde474,false,false
Номенклатура — current,raw.r1c_nomenclature_current,4d4c591d-08d7-11ed-9c43-00505689c8d9,00-00006808,Пар 2022,,52c3cca5-0968-11f0-b80e-005056bde474,false,false
Номенклатура — current,raw.r1c_nomenclature_current,961e614c-516b-11ed-9c43-cb6d75bb653b,00-00007348,Пар 2022_товар,,00000000-0000-0000-0000-000000000000,false,false
Номенклатура — current,raw.r1c_nomenclature_current,fb7add37-f569-11ed-9c4e-00505689ff45,00-00008035,Пар 2023,,52c3cca5-0968-11f0-b80e-005056bde474,false,false
Номенклатура — current,raw.r1c_nomenclature_current,8237c1c2-8830-11ee-9c4a-005056893620,00-00009868,Пар 2023_товар,,00000000-0000-0000-0000-000000000000,false,false
Номенклатура — current,raw.r1c_nomenclature_current,0582de4c-e135-11ee-9c4c-005056893620,00-00010275,Пар 2024_товар,,00000000-0000-0000-0000-000000000000,false,false
Номенклатура — current,raw.r1c_nomenclature_current,e9b9cc5e-21ee-11f0-b80e-005056bde474,00-00011990,Пар 2025,,52c3cca5-0968-11f0-b80e-005056bde474,false,false
Номенклатура — current,raw.r1c_nomenclature_current,253b4e30-f5ce-11f0-b81e-005056bde474,00-00013431,Пар 2026,,52c3cca5-0968-11f0-b80e-005056bde474,false,false
Номенклатура — current,raw.r1c_nomenclature_current,e5d9d80d-737f-11ec-9c40-00505689c8d9,АК-00005975,Пар под картофель 2022,,52c3cca5-0968-11f0-b80e-005056bde474,false,false
Номенклатура — current,raw.r1c_nomenclature_current,489a4c69-9a5c-11ee-9c4a-005056893620,00-00009914,Пар под картофель 2024_товар (промежуточная),,00000000-0000-0000-0000-000000000000,false,false
Номенклатура — current,raw.r1c_nomenclature_current,0a339a8f-6f9c-11ec-9c40-00505689c8d9,АК-00005937,Пар с октября 2021,,52c3cca5-0968-11f0-b80e-005056bde474,false,false
Номенклатура — current,raw.r1c_nomenclature_current,7b0b42a0-92d0-11ec-9c42-00505689c8d9,00-00006236,Парацетамол 500мг № 20 таб.,,213391ae-cf6d-11eb-bd90-fa163e0d31f7,false,false
Номенклатура — current,raw.r1c_nomenclature_current,479b0ee4-cf6d-11eb-bd90-fa163e0d31f7,БП-00004180,Парацетамол таб 500мг,,213391ae-cf6d-11eb-bd90-fa163e0d31f7,false,false
Номенклатура — current,raw.r1c_nomenclature_current,9af54d15-29a6-11f0-b80e-005056bde474,00-00012085,Пароконвектомат UNOX XEBL-16EU-E1RS,,9b060cbb-71d9-11e7-85a2-d43d7eec442d,false,false
Номенклатура — current,raw.r1c_nomenclature_current,55632279-0034-11ec-9c3a-00505689ff45,АК-00003988,"Паронит ПМБ 1 0,8 мм (1,0*1,5м) ",,9b060c03-71d9-11e7-85a2-d43d7eec442d,false,false
Номенклатура — current,raw.r1c_nomenclature_current,241097f1-0034-11ec-9c3a-00505689ff45,АК-00003987,"Паронит ПМБ 1 1.0 мм (1,0*1,5м) ",,9b060c03-71d9-11e7-85a2-d43d7eec442d,false,false
Номенклатура — current,raw.r1c_nomenclature_current,e47016cc-000b-11ec-9c3a-00505689ff45,АК-00003941,Паронит ПМБ 1мм 100*170,,9b060c03-71d9-11e7-85a2-d43d7eec442d,false,false
Номенклатура — current,raw.r1c_nomenclature_current,fe36db62-9487-11f1-b824-005056bde474,00-00014710,Паронит ПОН-Б 2.0 мм 500х500 ГОСТ,,a66cdcc3-422e-11f1-b821-005056bde474,false,false
Номенклатура — current,raw.r1c_nomenclature_current,6851d863-b28d-11e9-af76-30f7727a492e,00-00001793,Паронит листовой,,f0e4c260-a130-11e8-af4c-30f7727a492e,false,false
Номенклатура — current,raw.r1c_nomenclature_current,e5258661-e66f-11ed-9c4e-00505689ff45,00-00007845,Партнер-электро кабель 1*16,,9088eead-75dc-11e7-af18-30f7727a492e,false,false
Номенклатура — current,raw.r1c_nomenclature_current,fd5fbe71-0c27-11ec-9c3a-00505689ff45,АК-00004867,Пассатижи,,f7164898-2ffe-11eb-af80-fa163e0d31f7,false,false
Номенклатура — current,raw.r1c_nomenclature_current,d41d3258-a074-11ec-9c42-00505689c8d9,00-00006300,"Пассатижи ""АТ"" 180мм Standart",,007d76f1-0a39-11f0-b80e-005056bde474,false,false
Номенклатура — current,raw.r1c_nomenclature_current,730bc1ea-f3f8-11ed-9c4e-00505689ff45,00-00008001,Пассатижи 180мм ,,007d76f1-0a39-11f0-b80e-005056bde474,false,false
Номенклатура — current,raw.r1c_nomenclature_current,2b9db9fe-4dcf-11ec-9c40-00505689c8d9,АК-00005707,Пассатижи 180мм CombMax С5.2 Н2.2 К12,,007d76f1-0a39-11f0-b80e-005056bde474,false,false
Номенклатура — current,raw.r1c_nomenclature_current,7361ee3e-d7b2-11ed-9c4e-00505689ff45,00-00007730,Пассатижи 200мм ,,007d76f1-0a39-11f0-b80e-005056bde474,false,false
Номенклатура — current,raw.r1c_nomenclature_current,812cfa42-63d4-11f0-b811-005056bde474,00-00012539,Пассатижи никелированные 180мм ,,007d76f1-0a39-11f0-b80e-005056bde474,false,false
Номенклатура — current,raw.r1c_nomenclature_current,7be934ea-f707-11f0-b81e-005056bde474,00-00013544,"Паста ""AquaflaxNano"" 80гр. 008-9675",,f8eb77bf-3d8a-11f1-b821-005056bde474,false,false
Номенклатура — current,raw.r1c_nomenclature_current,b49c8d61-d635-11ec-9c42-00505689c8d9,00-00006561,Паста 70гр. Pastum,,f0e4c260-a130-11e8-af4c-30f7727a492e,false,false
Номенклатура — current,raw.r1c_nomenclature_current,e29e4457-1bbf-11ee-9c4e-00505689ff45,00-00008287,Паста для мытья рук,,f0e4c260-a130-11e8-af4c-30f7727a492e,false,false
Номенклатура — current,raw.r1c_nomenclature_current,5af461b2-52c7-11f1-b821-005056bde474,00-00014404,"Паста для очистки рук, ведро 11л.",,f7d70ffa-7292-11f0-b814-005056bde474,false,false
Номенклатура — current,raw.r1c_nomenclature_current,7e9df146-b234-11eb-6d90-fa163e0d31f7,БП-00003954,Паста очищающая с абразивом для очистки рук,,f0e4c260-a130-11e8-af4c-30f7727a492e,false,false
Номенклатура — current,raw.r1c_nomenclature_current,61bb8214-f064-11e7-a3ff-94de80168a80,00-00000628,Паста притирочная Профи,,9b060c03-71d9-11e7-85a2-d43d7eec442d,false,false
Номенклатура — current,raw.r1c_nomenclature_current,36ae5dc4-6159-11eb-9c2d-0050560417d5,00-00002837,Пастеризованная,,fa501ce3-6158-11eb-9c2d-0050560417d5,true,false
Номенклатура — current,raw.r1c_nomenclature_current,8ba9b0b0-6158-11eb-9c2d-0050560417d5,00-00002828,Пастеризованный,,5c259cfe-6158-11eb-9c2d-0050560417d5,true,false
Номенклатура — current,raw.r1c_nomenclature_current,a4d52082-615d-11eb-9c2d-0050560417d5,00-00002855,Пастеризованный,,0f237c99-615a-11eb-9c2d-0050560417d5,true,false
Номенклатура — current,raw.r1c_nomenclature_current,dfadb3cf-6159-11eb-9c2d-0050560417d5,00-00002848,Пастеризованный,,c307f6c7-6159-11eb-9c2d-0050560417d5,true,false
Номенклатура — current,raw.r1c_nomenclature_current,a870675e-57a0-11ea-9525-30f7727a492e,00-00002483,Патрон Е27 подвесной карболитовый,,9adc9f2a-3d8a-11f1-b821-005056bde474,false,false
Номенклатура — current,raw.r1c_nomenclature_current,e8a17cd4-c4fe-11ef-9c5f-00505689ff45,00-00011541,Патрон Е27 подвесной с проводом,,9adc9f2a-3d8a-11f1-b821-005056bde474,false,false
Номенклатура — current,raw.r1c_nomenclature_current,fbd016ac-33fa-11eb-0e8a-fa163e0d31f7,БП-00003336,Патрон Е40,,9adc9f2a-3d8a-11f1-b821-005056bde474,false,false
Номенклатура — current,raw.r1c_nomenclature_current,6279af98-b74a-11e9-af77-30f7727a492e,00-00001805,Патрон подвесной,,9adc9f2a-3d8a-11f1-b821-005056bde474,false,false
Номенклатура — current,raw.r1c_nomenclature_current,8c21dc5e-7718-11ed-9c4d-00505689c8d9,00-00007496,Патрон с проводами 2*15 см ,,9adc9f2a-3d8a-11f1-b821-005056bde474,false,false
Номенклатура — current,raw.r1c_nomenclature_current,234f3a98-41c5-11ee-9c4e-00505689ff45,00-00009244,Патрон с проводами 2*15 см  Ecola GX70,,9adc9f2a-3d8a-11f1-b821-005056bde474,false,false
Номенклатура — current,raw.r1c_nomenclature_current,014004d0-101b-11ee-9c4e-00505689ff45,00-00008190,Патрон электрическй потолочный прямой Е27 19437,,9adc9f2a-3d8a-11f1-b821-005056bde474,false,false
Номенклатура — current,raw.r1c_nomenclature_current,e440458e-2991-11f0-b80e-005056bde474,00-00012058,Патрубки отопителя ГАЗ,,20296b06-0a38-11f0-b80e-005056bde474,false,false
Номенклатура — current,raw.r1c_nomenclature_current,4ba3774f-1413-11ef-9c4f-005056893620,00-00010515,Патрубок (шланг) радиатора МТЗ нижний силиконовый,,9b060c03-71d9-11e7-85a2-d43d7eec442d,false,false
Номенклатура — current,raw.r1c_nomenclature_current,467763cd-4887-11ec-9c45-00505689c17d,АК-00005627,Патрубок 260-1109009,,9b060c03-71d9-11e7-85a2-d43d7eec442d,false,false
Номенклатура — current,raw.r1c_nomenclature_current,2200c1ef-dc06-11e8-af56-30f7727a492e,00-00001309,Патрубок 34882100,,9b060c03-71d9-11e7-85a2-d43d7eec442d,false,false
Номенклатура — current,raw.r1c_nomenclature_current,6851d85a-b28d-11e9-af76-30f7727a492e,00-00001784,Патрубок ЗИЛ-5301 МТЗ насоса масляного отводящий мм3,,9b060c03-71d9-11e7-85a2-d43d7eec442d,false,false
Номенклатура — current,raw.r1c_nomenclature_current,b2f22d19-9643-11e9-af73-30f7727a492e,00-00001733,Патрубок ЗИЛ-5301 ТКР большой,,9b060c03-71d9-11e7-85a2-d43d7eec442d,false,false
Номенклатура — current,raw.r1c_nomenclature_current,81506df6-bdec-11eb-b480-fa163e0d31f7,БП-00004002,"Патрубок МАЗ-533605,630303,533702 радиатора ЕВРО-2 комплект 5шт силиконовые ТК МЕХАНИК",,9b060c03-71d9-11e7-85a2-d43d7eec442d,false,false
Номенклатура — current,raw.r1c_nomenclature_current,143741e6-ddc7-11ed-9c4e-00505689ff45,00-00007785,Патрубок МТЗ к НШ32М-3 Беларусь,,9b060c03-71d9-11e7-85a2-d43d7eec442d,false,false
Номенклатура — current,raw.r1c_nomenclature_current,b2f22d0e-9643-11e9-af73-30f7727a492e,00-00001722,Патрубок МТЗ под НШ32А-3,,9b060c03-71d9-11e7-85a2-d43d7eec442d,false,false
Номенклатура — current,raw.r1c_nomenclature_current,983e7642-e47b-11eb-0c9a-fa163e0d31f7,БП-00004429,Патрубок верхний,,9b060c03-71d9-11e7-85a2-d43d7eec442d,false,false
Номенклатура — current,raw.r1c_nomenclature_current,710bbad4-d80b-11eb-d199-fa163e0d31f7,БП-00004325,Патрубок гидросистемы МТЗ Д80-4607100,,9b060c03-71d9-11e7-85a2-d43d7eec442d,false,false
Номенклатура — current,raw.r1c_nomenclature_current,c215ceb6-5c75-11ee-9c4f-00505689ff45,00-00009583,Патрубок интеркулера длинный,,9b060c03-71d9-11e7-85a2-d43d7eec442d,false,false
Номенклатура — current,raw.r1c_nomenclature_current,b8d9406c-aabd-11e8-af4e-30f7727a492e,00-00001147,Патрубок отводящий МТЗ ,,9b060c03-71d9-11e7-85a2-d43d7eec442d,false,false
Номенклатура — current,raw.r1c_nomenclature_current,f9aafd5a-6603-11f0-b811-005056bde474,00-00012580,Патрубок отопит к-т 9шт. ГАЗ-3302 дв.,,45c9e202-0a37-11f0-b80e-005056bde474,false,false
Номенклатура — current,raw.r1c_nomenclature_current,f4f1f5d1-4718-11ee-9c4e-00505689ff45,00-00009416,Патрубок пер. ПП 50*110,,9088eead-75dc-11e7-af18-30f7727a492e,false,false
Номенклатура — current,raw.r1c_nomenclature_current,a984566b-84fc-11f1-b824-005056bde474,00-00014634,Патрубок переходной ПП 32*50,,5221e7b6-0a39-11f0-b80e-005056bde474,false,false
Номенклатура — current,raw.r1c_nomenclature_current,7e478fca-84fc-11f1-b824-005056bde474,00-00014632,Патрубок переходной ПП 50*110,,5221e7b6-0a39-11f0-b80e-005056bde474,false,false
Номенклатура — current,raw.r1c_nomenclature_current,91da9ca6-3705-11f0-b80e-005056bde474,00-00012371,Патрубок радиатора ГАЗ-53,,20296b06-0a38-11f0-b80e-005056bde474,false,false
Номенклатура — current,raw.r1c_nomenclature_current,31dc9159-6604-11f0-b811-005056bde474,00-00012581,Патрубок радиатора Газель дв. УМЗ-А274,,20296b06-0a38-11f0-b80e-005056bde474,false,false
Номенклатура — current,raw.r1c_nomenclature_current,52ffa264-378d-11ee-9c4e-00505689ff45,00-00008455,Патрубок радиатора МТЗ 1221 (4шт),,9b060c03-71d9-11e7-85a2-d43d7eec442d,false,false
Номенклатура — current,raw.r1c_nomenclature_current,c96d6bee-08aa-11ef-9c4f-005056893620,00-00010477,Патрубок радиатора МТЗ верхний силиконовый,,9b060c03-71d9-11e7-85a2-d43d7eec442d,false,false
Номенклатура — current,raw.r1c_nomenclature_current,e8f07f07-785b-11e8-af42-30f7727a492e,00-00000949,Патрубок радиатора МТЗ ниж,,45c9e202-0a37-11f0-b80e-005056bde474,false,false
Номенклатура — current,raw.r1c_nomenclature_current,549e771a-e67d-11ed-9c4e-00505689ff45,00-00007856,Патрубок радиатора МТЗ-80 (к-т 3 шт) синий силикон,,9b060c03-71d9-11e7-85a2-d43d7eec442d,false,false
Номенклатура — current,raw.r1c_nomenclature_current,d8492edc-1fa5-11ec-9c3a-00505689ff45,АК-00005256,Патрубок радиатора ПАЗ3205-1303010 к-т синий,,9b060c03-71d9-11e7-85a2-d43d7eec442d,false,false
Номенклатура — current,raw.r1c_nomenclature_current,86c96780-0c29-11ee-9c4e-00505689ff45,00-00008130,Патрубок радиатора УАЗ к-т 3 шт 90л синий 451д,,9b060c03-71d9-11e7-85a2-d43d7eec442d,false,false
Номенклатура — current,raw.r1c_nomenclature_current,fe069134-e2bb-11ea-4b9d-fa163ee5d2f9,БП-00002953,Патрубок радиатора нижний КАМАЗ силикон,,9b060c03-71d9-11e7-85a2-d43d7eec442d,false,false
Номенклатура — current,raw.r1c_nomenclature_current,a27feb94-bfdd-11eb-c69d-fa163e0d31f7,БП-00004081,Патрубок силиконовый прямой 60мм,,9b060c03-71d9-11e7-85a2-d43d7eec442d,false,false
Номенклатура — current,raw.r1c_nomenclature_current,af623549-45a7-11ee-9c4e-00505689ff45,00-00009393,Патрубок силиконовый прямой 80мм L=500мм,,9b060c03-71d9-11e7-85a2-d43d7eec442d,false,false
Номенклатура — current,raw.r1c_nomenclature_current,3dd80706-7081-11e8-af3f-30f7727a492e,00-00000907,Патрубок теплообменника КАМАЗ ЕВРО,,9b060c03-71d9-11e7-85a2-d43d7eec442d,false,false
Номенклатура — current,raw.r1c_nomenclature_current,527b6d2c-3faf-11f0-b80e-005056bde474,00-00012423,Патч-корд Cablexpert PP12-10M [U/UTP/CCA/кат. 5е/многож./ 10 m/(Серый)],,9b060c1e-71d9-11e7-85a2-d43d7eec442d,false,false
Номенклатура — current,raw.r1c_nomenclature_current,9b060c91-71d9-11e7-85a2-d43d7eec442d,00000016   ,"Патч-корд UTP 5 e кат., 10м (кабель)",,9088eead-75dc-11e7-af18-30f7727a492e,false,false
Номенклатура — current,raw.r1c_nomenclature_current,9b060c92-71d9-11e7-85a2-d43d7eec442d,00000017   ,"Патч-корд UTP 5 e кат., 5м (кабель)",,9088eead-75dc-11e7-af18-30f7727a492e,false,false
Номенклатура — current,raw.r1c_nomenclature_current,cd455c1b-a065-11f0-b81d-005056bde474,00-00012781,Паяльная станция 853D USB 2A с блоком питания,,43c0c159-7364-11f0-b814-005056bde474,false,false
Номенклатура — current,raw.r1c_nomenclature_current,577766e7-0c2d-11ec-9c3a-00505689ff45,АК-00004889,Паяльник,,f7164898-2ffe-11eb-af80-fa163e0d31f7,false,false
Номенклатура — current,raw.r1c_nomenclature_current,9bd01db9-43c2-11ed-9c43-cb6d75bb653b,00-00007219,Паяльник внутренний 134-328А,,9b060c03-71d9-11e7-85a2-d43d7eec442d,false,false
Номенклатура — current,raw.r1c_nomenclature_current,b0808852-f3f7-11ed-9c4e-00505689ff45,00-00007999,Паяльник импульсный 150 Вт,,f990038e-0a38-11f0-b80e-005056bde474,false,false
Номенклатура — current,raw.r1c_nomenclature_current,e0de018e-f7d1-11ec-9c42-89a3dcc9992a,00-00006717,Паяльник импульсный HS-SOT 30-*70w/220v,,f7164898-2ffe-11eb-af80-fa163e0d31f7,false,false
Номенклатура — current,raw.r1c_nomenclature_current,e6e861b1-43c1-11ed-9c43-cb6d75bb653b,00-00007216,Паяльник наружный 134-327А,,9b060c03-71d9-11e7-85a2-d43d7eec442d,false,false
Номенклатура — current,raw.r1c_nomenclature_current,bb34ab01-de3a-11f0-b81e-005056bde474,00-00013211,Паяльник регулируемый МЕГЕОН 00180,,43c0c159-7364-11f0-b814-005056bde474,false,false
Номенклатура — current,raw.r1c_nomenclature_current,e2eac5b3-d82a-11ef-b80c-005056bde474,00-00011562,Пеллеты ,,61667ada-9743-11ed-9c4c-00505689ff45,false,false
Номенклатура — current,raw.r1c_nomenclature_current,f11f3811-ad7c-11ef-9c5e-00505689ff45,00-00011416,Пеллеты 15кг,,61667ada-9743-11ed-9c4c-00505689ff45,false,false
Номенклатура — current,raw.r1c_nomenclature_current,9fc92889-f70b-11f0-b81e-005056bde474,00-00013565,Пеллеты 25кг,,61667ada-9743-11ed-9c4c-00505689ff45,false,false
Номенклатура — current,raw.r1c_nomenclature_current,b68e30dd-f9d1-11e7-a402-94de80168a80,00-00000640,Пемолюкс,,f0e4c260-a130-11e8-af4c-30f7727a492e,false,false
Номенклатура — current,raw.r1c_nomenclature_current,e514a04e-11bb-11ea-9520-30f7727a492e,00-00002211,Пемолюкс,,f0e4c260-a130-11e8-af4c-30f7727a492e,false,false
Номенклатура — current,raw.r1c_nomenclature_current,fc2cce8b-7dcd-11e7-af19-30f7727a492e,00-00000268,Пена монтажная,,9088eead-75dc-11e7-af18-30f7727a492e,false,false
Номенклатура — current,raw.r1c_nomenclature_current,46968fc2-7404-11ef-9c5d-00505689ff45,00-00011052,"Пена монтажная 0,85 Профи",,9088eead-75dc-11e7-af18-30f7727a492e,false,false
Номенклатура — current,raw.r1c_nomenclature_current,97f56f55-70d2-11ec-9c40-00505689c8d9,АК-00005949,Пена монтажная MAKROFLEX мега 65 профи 850 мл ,,9088eead-75dc-11e7-af18-30f7727a492e,false,false
Номенклатура — current,raw.r1c_nomenclature_current,5748107e-733c-11ec-9c40-00505689c8d9,АК-00005969,Пена монтажная MAKROFLEX профи  750 мл ,,9088eead-75dc-11e7-af18-30f7727a492e,false,false
Номенклатура — current,raw.r1c_nomenclature_current,6e78451d-8481-11ef-9c5d-00505689ff45,00-00011208,Пена монтажная TECH TOP 65 профи 840 мл ,,9088eead-75dc-11e7-af18-30f7727a492e,false,false
Номенклатура — current,raw.r1c_nomenclature_current,21eb2797-3afb-11ef-9c59-00505689ff45,00-00010683,Пена монтажная TECH TOP 65 профи 850 мл ,,9088eead-75dc-11e7-af18-30f7727a492e,false,false
Номенклатура — current,raw.r1c_nomenclature_current,8258c7ac-381f-11ee-9c4e-00505689ff45,00-00008470,Пена монтажная Технониколь 70 ПРОФИ 885г,,9088eead-75dc-11e7-af18-30f7727a492e,false,false
Номенклатура — current,raw.r1c_nomenclature_current,3ea1b995-5810-11f1-b821-005056bde474,00-00014425,"Пеннкоцеб, СП",,2eaeac4d-5322-11f0-b811-005056bde474,false,false
Номенклатура — current,raw.r1c_nomenclature_current,a1214043-7d6f-11ea-9528-30f7727a492e,00-00002549,Пенный агент ARAG,,9088eeaa-75dc-11e7-af18-30f7727a492e,false,false
Номенклатура — current,raw.r1c_nomenclature_current,721a0d55-5a64-11f1-b821-005056bde474,00-00014436,"Пеногенератор (пенная насадка) для мойки высокого давления, 250 бар GreenWorks ",,e6b715af-0a38-11f0-b80e-005056bde474,false,false
Номенклатура — current,raw.r1c_nomenclature_current,ea7a54c3-be88-11ee-9c4c-005056893620,00-00010093,Пенокомплект SMFC001/05 1509,,9088eead-75dc-11e7-af18-30f7727a492e,false,false
Номенклатура — current,raw.r1c_nomenclature_current,d17c3404-17dc-11ed-9c43-cb6d75bb653b,00-00006890,Пенокомплект К 900 Ф 25045 РК-0103-25045,,9088eead-75dc-11e7-af18-30f7727a492e,false,false
Номенклатура — current,raw.r1c_nomenclature_current,c1c54945-a702-11f1-b824-005056bde474,00-00014753,Пенообразователь для бесконтактной мойки,,05b398ee-0a39-11f0-b80e-005056bde474,false,false
Номенклатура — current,raw.r1c_nomenclature_current,f6a515c5-7e73-11ee-9c4a-005056893620,00-00009754,Пенопласт 5см 1х1 плотность 25,,9088eead-75dc-11e7-af18-30f7727a492e,false,false
Номенклатура — current,raw.r1c_nomenclature_current,d8be81bb-f524-11eb-9c3a-00505689ff45,АК-00003642,Пеон Инсектицид,,2eaeac4d-5322-11f0-b811-005056bde474,false,false
Номенклатура — current,raw.r1c_nomenclature_current,0cae23fd-2991-11f0-b80e-005056bde474,00-00012052,Первичное сырье 2025 Балтик РоузРС4 Красный_28-35_без полива,,0996558d-0987-11f0-b80e-005056bde474,false,true
Номенклатура — current,raw.r1c_nomenclature_current,fb3140f3-298f-11f0-b80e-005056bde474,00-00012044,Первичное сырье 2025 Балтик РоузРС4 Красный_28-35_с поливом,,0996558d-0987-11f0-b80e-005056bde474,false,true
Номенклатура — current,raw.r1c_nomenclature_current,c88256db-2990-11f0-b80e-005056bde474,00-00012050,Первичное сырье 2025 Балтик РоузРС4 Красный_35-50_без полива,,0996558d-0987-11f0-b80e-005056bde474,false,true
Номенклатура — current,raw.r1c_nomenclature_current,aa7816d7-298f-11f0-b80e-005056bde474,00-00012043,Первичное сырье 2025 Балтик РоузРС4 Красный_35-50_с поливом,,0996558d-0987-11f0-b80e-005056bde474,false,true
Номенклатура — current,raw.r1c_nomenclature_current,8385465e-2990-11f0-b80e-005056bde474,00-00012048,Первичное сырье 2025 Балтик РоузРС4 Красный_50-70_без полива,,0996558d-0987-11f0-b80e-005056bde474,false,true
Номенклатура — current,raw.r1c_nomenclature_current,c563969a-298a-11f0-b80e-005056bde474,00-00012041,Первичное сырье 2025 Балтик РоузРС4 Красный_50-70_с поливом,,0996558d-0987-11f0-b80e-005056bde474,false,true
Номенклатура — current,raw.r1c_nomenclature_current,55797efd-2990-11f0-b80e-005056bde474,00-00012046,Первичное сырье 2025 Балтик РоузРС4 Красный_70+_без полива,,0996558d-0987-11f0-b80e-005056bde474,false,true
Номенклатура — current,raw.r1c_nomenclature_current,6f319ea5-298a-11f0-b80e-005056bde474,00-00012040,Первичное сырье 2025 Балтик РоузРС4 Красный_70+_с поливом,,0996558d-0987-11f0-b80e-005056bde474,false,true
Номенклатура — current,raw.r1c_nomenclature_current,49b528be-2991-11f0-b80e-005056bde474,00-00012055,Первичное сырье 2025 Балтик РоузРС4 Красный_НКЛ_без полива,,0996558d-0987-11f0-b80e-005056bde474,false,true
Номенклатура — current,raw.r1c_nomenclature_current,25fa5162-2990-11f0-b80e-005056bde474,00-00012045,Первичное сырье 2025 Балтик РоузРС4 Красный_НКЛ_с поливом,,0996558d-0987-11f0-b80e-005056bde474,false,true
Номенклатура — current,raw.r1c_nomenclature_current,a5d76d23-29a4-11f0-b80e-005056bde474,00-00012082,Первичное сырье 2025 ВегаРС3 Белый_28-35_без полива,,645132c2-0987-11f0-b80e-005056bde474,false,true
Номенклатура — current,raw.r1c_nomenclature_current,4280308c-29a3-11f0-b80e-005056bde474,00-00012077,Первичное сырье 2025 ВегаРС3 Белый_28-35_с поливом,,645132c2-0987-11f0-b80e-005056bde474,false,true
Номенклатура — current,raw.r1c_nomenclature_current,60a855d0-29a4-11f0-b80e-005056bde474,00-00012081,Первичное сырье 2025 ВегаРС3 Белый_35-50_без полива,,645132c2-0987-11f0-b80e-005056bde474,false,true
Номенклатура — current,raw.r1c_nomenclature_current,15d34718-29a2-11f0-b80e-005056bde474,00-00012076,Первичное сырье 2025 ВегаРС3 Белый_35-50_с поливом,,645132c2-0987-11f0-b80e-005056bde474,false,true
Номенклатура — current,raw.r1c_nomenclature_current,2a5a05ab-29a4-11f0-b80e-005056bde474,00-00012080,Первичное сырье 2025 ВегаРС3 Белый_50-70_без полива,,645132c2-0987-11f0-b80e-005056bde474,false,true
Номенклатура — current,raw.r1c_nomenclature_current,b313d612-29a1-11f0-b80e-005056bde474,00-00012075,Первичное сырье 2025 ВегаРС3 Белый_50-70_с поливом,,645132c2-0987-11f0-b80e-005056bde474,false,true
Номенклатура — current,raw.r1c_nomenclature_current,f4c56e1f-29a3-11f0-b80e-005056bde474,00-00012079,Первичное сырье 2025 ВегаРС3 Белый_70+_без полива,,645132c2-0987-11f0-b80e-005056bde474,false,true
Номенклатура — current,raw.r1c_nomenclature_current,7b42f85f-2995-11f0-b80e-005056bde474,00-00012067,Первичное сырье 2025 ВегаРС3 Белый_70+_с поливом,,645132c2-0987-11f0-b80e-005056bde474,false,true
Номенклатура — current,raw.r1c_nomenclature_current,014cfa0a-29a5-11f0-b80e-005056bde474,00-00012083,Первичное сырье 2025 ВегаРС3 Белый_НКЛ_без полива,,645132c2-0987-11f0-b80e-005056bde474,false,true
Номенклатура — current,raw.r1c_nomenclature_current,80d06e08-29a3-11f0-b80e-005056bde474,00-00012078,Первичное сырье 2025 ВегаРС3 Белый_НКЛ_с поливом,,645132c2-0987-11f0-b80e-005056bde474,false,true
Номенклатура — current,raw.r1c_nomenclature_current,1891c1a0-29bf-11f0-b80e-005056bde474,00-00012096,Первичное сырье 2025 ВендиРС3 Белый_28-35_без полива,,645132c2-0987-11f0-b80e-005056bde474,false,true
Номенклатура — current,raw.r1c_nomenclature_current,5a2d2b23-29b7-11f0-b80e-005056bde474,00-00012091,Первичное сырье 2025 ВендиРС3 Белый_28-35_с поливом,,645132c2-0987-11f0-b80e-005056bde474,false,true
Номенклатура — current,raw.r1c_nomenclature_current,6331fa80-29be-11f0-b80e-005056bde474,00-00012095,Первичное сырье 2025 ВендиРС3 Белый_35-50_без полива,,645132c2-0987-11f0-b80e-005056bde474,false,true
Номенклатура — current,raw.r1c_nomenclature_current,b270e988-29a7-11f0-b80e-005056bde474,00-00012088,Первичное сырье 2025 ВендиРС3 Белый_35-50_с поливом,,645132c2-0987-11f0-b80e-005056bde474,false,true
Номенклатура — current,raw.r1c_nomenclature_current,13c90b77-29b8-11f0-b80e-005056bde474,00-00012094,Первичное сырье 2025 ВендиРС3 Белый_50-70_без полива,,645132c2-0987-11f0-b80e-005056bde474,false,true
Номенклатура — current,raw.r1c_nomenclature_current,818c0d31-29a7-11f0-b80e-005056bde474,00-00012087,Первичное сырье 2025 ВендиРС3 Белый_50-70_с поливом,,645132c2-0987-11f0-b80e-005056bde474,false,true
Номенклатура — current,raw.r1c_nomenclature_current,e668225b-29b7-11f0-b80e-005056bde474,00-00012093,Первичное сырье 2025 ВендиРС3 Белый_70+_без полива,,645132c2-0987-11f0-b80e-005056bde474,false,true
Номенклатура — current,raw.r1c_nomenclature_current,7a35d86c-29a5-11f0-b80e-005056bde474,00-00012084,Первичное сырье 2025 ВендиРС3 Белый_70+_с поливом,,645132c2-0987-11f0-b80e-005056bde474,false,true
Номенклатура — current,raw.r1c_nomenclature_current,778924fb-29bf-11f0-b80e-005056bde474,00-00012097,Первичное сырье 2025 ВендиРС3 Белый_НКЛ_без полива,,645132c2-0987-11f0-b80e-005056bde474,false,true
Номенклатура — current,raw.r1c_nomenclature_current,b39600ef-29b7-11f0-b80e-005056bde474,00-00012092,Первичное сырье 2025 ВендиРС3 Белый_НКЛ_с поливом,,645132c2-0987-11f0-b80e-005056bde474,false,true
Номенклатура — current,raw.r1c_nomenclature_current,08946d5b-24f2-11f0-b80e-005056bde474,00-00012007,Первичное сырье 2025 ГалаРС1 Белый_28-35_без полива,,0996558d-0987-11f0-b80e-005056bde474,false,true
Номенклатура — current,raw.r1c_nomenclature_current,ae79c205-259c-11f0-b80e-005056bde474,00-00012013,Первичное сырье 2025 ГалаРС1 Белый_28-35_с поливом,,0996558d-0987-11f0-b80e-005056bde474,false,true
Номенклатура — current,raw.r1c_nomenclature_current,d8ba8318-24f1-11f0-b80e-005056bde474,00-00012006,Первичное сырье 2025 ГалаРС1 Белый_35-50_без полива,,0996558d-0987-11f0-b80e-005056bde474,false,true
Номенклатура — current,raw.r1c_nomenclature_current,1904f1ff-259b-11f0-b80e-005056bde474,00-00012012,Первичное сырье 2025 ГалаРС1 Белый_35-50_с поливом,,0996558d-0987-11f0-b80e-005056bde474,false,true
Номенклатура — current,raw.r1c_nomenclature_current,24aeb961-24e6-11f0-b80e-005056bde474,00-00012004,Первичное сырье 2025 ГалаРС1 Белый_50-70_без полива,,0996558d-0987-11f0-b80e-005056bde474,false,true
Номенклатура — current,raw.r1c_nomenclature_current,e1fb28f0-259a-11f0-b80e-005056bde474,00-00012011,Первичное сырье 2025 ГалаРС1 Белый_50-70_с поливом,,0996558d-0987-11f0-b80e-005056bde474,false,true
Номенклатура — current,raw.r1c_nomenclature_current,0b145d25-24e5-11f0-b80e-005056bde474,00-00012003,Первичное сырье 2025 ГалаРС1 Белый_70+_без полива,,0996558d-0987-11f0-b80e-005056bde474,false,true
Номенклатура — current,raw.r1c_nomenclature_current,65d4d459-259a-11f0-b80e-005056bde474,00-00012010,Первичное сырье 2025 ГалаРС1 Белый_70+_с поливом,,0996558d-0987-11f0-b80e-005056bde474,false,true
Номенклатура — current,raw.r1c_nomenclature_current,1c1ed4a1-259a-11f0-b80e-005056bde474,00-00012009,Первичное сырье 2025 ГалаРС1 Белый_НКЛ_без полива,,0996558d-0987-11f0-b80e-005056bde474,false,true
Номенклатура — current,raw.r1c_nomenclature_current,0845c9f7-259d-11f0-b80e-005056bde474,00-00012014,Первичное сырье 2025 ГалаРС1 Белый_НКЛ_с поливом,,0996558d-0987-11f0-b80e-005056bde474,false,true
Номенклатура — current,raw.r1c_nomenclature_current,f98e7dc1-2a3e-11f0-b80e-005056bde474,00-00012118,Первичное сырье 2025 ГалаРС3 Белый_28-35_без полива,,0996558d-0987-11f0-b80e-005056bde474,false,true
Номенклатура — current,raw.r1c_nomenclature_current,d805e07d-2a3e-11f0-b80e-005056bde474,00-00012117,Первичное сырье 2025 ГалаРС3 Белый_35-50_без полива,,0996558d-0987-11f0-b80e-005056bde474,false,true
Номенклатура — current,raw.r1c_nomenclature_current,b5a5758a-29c0-11f0-b80e-005056bde474,00-00012100,Первичное сырье 2025 ГалаРС3 Белый_35-50_с поливом,,0996558d-0987-11f0-b80e-005056bde474,false,true
Номенклатура — current,raw.r1c_nomenclature_current,b22ca9f0-2a3e-11f0-b80e-005056bde474,00-00012116,Первичное сырье 2025 ГалаРС3 Белый_50-70_без полива,,0996558d-0987-11f0-b80e-005056bde474,false,true
Номенклатура — current,raw.r1c_nomenclature_current,908175bd-2a3e-11f0-b80e-005056bde474,00-00012115,Первичное сырье 2025 ГалаРС3 Белый_70+_без полива,,0996558d-0987-11f0-b80e-005056bde474,false,true
Номенклатура — current,raw.r1c_nomenclature_current,adfdbb44-29bf-11f0-b80e-005056bde474,00-00012098,Первичное сырье 2025 ГалаРС3 Белый_70+_с поливом,,0996558d-0987-11f0-b80e-005056bde474,false,true
Номенклатура — current,raw.r1c_nomenclature_current,19c7f22d-2a3f-11f0-b80e-005056bde474,00-00012119,Первичное сырье 2025 ГалаРС3 Белый_НКЛ_без полива,,0996558d-0987-11f0-b80e-005056bde474,false,true
Номенклатура — current,raw.r1c_nomenclature_current,d6c44940-25a6-11f0-b80e-005056bde474,00-00012023,Первичное сырье 2025 КарменРС1 Красный_28-35_без полива,,0996558d-0987-11f0-b80e-005056bde474,false,true
Номенклатура — current,raw.r1c_nomenclature_current,ce8fd98c-25a5-11f0-b80e-005056bde474,00-00012018,Первичное сырье 2025 КарменРС1 Красный_28-35_с поливом,,0996558d-0987-11f0-b80e-005056bde474,false,true
Номенклатура — current,raw.r1c_nomenclature_current,b077f2f7-25a6-11f0-b80e-005056bde474,00-00012022,Первичное сырье 2025 КарменРС1 Красный_35-50_без полива,,0996558d-0987-11f0-b80e-005056bde474,false,true
Номенклатура — current,raw.r1c_nomenclature_current,9c19656e-25a5-11f0-b80e-005056bde474,00-00012017,Первичное сырье 2025 КарменРС1 Красный_35-50_с поливом,,0996558d-0987-11f0-b80e-005056bde474,false,true
Номенклатура — current,raw.r1c_nomenclature_current,767336e3-25a6-11f0-b80e-005056bde474,00-00012021,Первичное сырье 2025 КарменРС1 Красный_50-70_без полива,,0996558d-0987-11f0-b80e-005056bde474,false,true
Номенклатура — current,raw.r1c_nomenclature_current,8749edd4-259e-11f0-b80e-005056bde474,00-00012016,Первичное сырье 2025 КарменРС1 Красный_50-70_с поливом,,0996558d-0987-11f0-b80e-005056bde474,false,true
Номенклатура — current,raw.r1c_nomenclature_current,33427e0d-25a6-11f0-b80e-005056bde474,00-00012020,Первичное сырье 2025 КарменРС1 Красный_70+_без полива,,0996558d-0987-11f0-b80e-005056bde474,false,true
Номенклатура — current,raw.r1c_nomenclature_current,5305b159-259e-11f0-b80e-005056bde474,00-00012015,Первичное сырье 2025 КарменРС1 Красный_70+_с поливом,,0996558d-0987-11f0-b80e-005056bde474,false,true
Номенклатура — current,raw.r1c_nomenclature_current,fed5be20-25a6-11f0-b80e-005056bde474,00-00012024,Первичное сырье 2025 КарменРС1 Красный_НКЛ_без полива,,0996558d-0987-11f0-b80e-005056bde474,false,true
Номенклатура — current,raw.r1c_nomenclature_current,09cd2d32-25a6-11f0-b80e-005056bde474,00-00012019,Первичное сырье 2025 КарменРС1 Красный_НКЛ_с поливом,,0996558d-0987-11f0-b80e-005056bde474,false,true
Номенклатура — current,raw.r1c_nomenclature_current,13657b7a-25ab-11f0-b80e-005056bde474,00-00012033,Первичное сырье 2025 КарменРС2 Красный_28-35_без полива,,0996558d-0987-11f0-b80e-005056bde474,false,true
Номенклатура — current,raw.r1c_nomenclature_current,cc43e33a-25aa-11f0-b80e-005056bde474,00-00012032,Первичное сырье 2025 КарменРС2 Красный_35-50_без полива,,0996558d-0987-11f0-b80e-005056bde474,false,true
Номенклатура — current,raw.r1c_nomenclature_current,753db950-25a7-11f0-b80e-005056bde474,00-00012027,Первичное сырье 2025 КарменРС2 Красный_35-50_с поливом,,0996558d-0987-11f0-b80e-005056bde474,false,true
Номенклатура — current,raw.r1c_nomenclature_current,6de61f1e-25aa-11f0-b80e-005056bde474,00-00012031,Первичное сырье 2025 КарменРС2 Красный_50-70_без полива,,0996558d-0987-11f0-b80e-005056bde474,false,true
Номенклатура — current,raw.r1c_nomenclature_current,33d833f1-25aa-11f0-b80e-005056bde474,00-00012030,Первичное сырье 2025 КарменРС2 Красный_70+_без полива,,0996558d-0987-11f0-b80e-005056bde474,false,true
Номенклатура — current,raw.r1c_nomenclature_current,21bf2c5b-25a7-11f0-b80e-005056bde474,00-00012025,Первичное сырье 2025 КарменРС2 Красный_70+_с поливом,,0996558d-0987-11f0-b80e-005056bde474,false,true
Номенклатура — current,raw.r1c_nomenclature_current,35e479f2-25ab-11f0-b80e-005056bde474,00-00012034,Первичное сырье 2025 КарменРС2 Красный_НКЛ_без полива,,0996558d-0987-11f0-b80e-005056bde474,false,true
Номенклатура — current,raw.r1c_nomenclature_current,6f8026e6-2a40-11f0-b80e-005056bde474,00-00012128,Первичное сырье 2025 ФламингоРС3 Красный_28-35_без полива,,0996558d-0987-11f0-b80e-005056bde474,false,true
Номенклатура — current,raw.r1c_nomenclature_current,9d66f56e-2a3f-11f0-b80e-005056bde474,00-00012123,Первичное сырье 2025 ФламингоРС3 Красный_28-35_с поливом,,0996558d-0987-11f0-b80e-005056bde474,false,true
Номенклатура — current,raw.r1c_nomenclature_current,408da03f-2a40-11f0-b80e-005056bde474,00-00012127,Первичное сырье 2025 ФламингоРС3 Красный_35-50_без полива,,0996558d-0987-11f0-b80e-005056bde474,false,true
Номенклатура — current,raw.r1c_nomenclature_current,7e65eaf2-2a3f-11f0-b80e-005056bde474,00-00012122,Первичное сырье 2025 ФламингоРС3 Красный_35-50_с поливом,,0996558d-0987-11f0-b80e-005056bde474,false,true
Номенклатура — current,raw.r1c_nomenclature_current,fd21f849-2a3f-11f0-b80e-005056bde474,00-00012126,Первичное сырье 2025 ФламингоРС3 Красный_50-70_без полива,,0996558d-0987-11f0-b80e-005056bde474,false,true
Номенклатура — current,raw.r1c_nomenclature_current,5d52e219-2a3f-11f0-b80e-005056bde474,00-00012121,Первичное сырье 2025 ФламингоРС3 Красный_50-70_с поливом,,0996558d-0987-11f0-b80e-005056bde474,false,true
Номенклатура — current,raw.r1c_nomenclature_current,dffff311-2a3f-11f0-b80e-005056bde474,00-00012125,Первичное сырье 2025 ФламингоРС3 Красный_70+_без полива,,0996558d-0987-11f0-b80e-005056bde474,false,true
Номенклатура — current,raw.r1c_nomenclature_current,42f732d1-2a3f-11f0-b80e-005056bde474,00-00012120,Первичное сырье 2025 ФламингоРС3 Красный_70+_с поливом,,0996558d-0987-11f0-b80e-005056bde474,false,true
Номенклатура — current,raw.r1c_nomenclature_current,8d3dffa5-2a40-11f0-b80e-005056bde474,00-00012129,Первичное сырье 2025 ФламингоРС3 Красный_НКЛ_без полива,,0996558d-0987-11f0-b80e-005056bde474,false,true
Номенклатура — current,raw.r1c_nomenclature_current,b7abe69c-2a3f-11f0-b80e-005056bde474,00-00012124,Первичное сырье 2025 ФламингоРС3 Красный_НКЛ_с поливом,,0996558d-0987-11f0-b80e-005056bde474,false,true
Номенклатура — current,raw.r1c_nomenclature_current,0d5c61a9-85c8-11f1-b824-005056bde474,00-00014670,Первичное сырье АлуэтРС2 Красный_мелкий,,f8a8a955-4b5e-11f0-b810-005056bde474,false,false
Номенклатура — current,raw.r1c_nomenclature_current,b9092c50-85c8-11f1-b824-005056bde474,00-00014674,Первичное сырье АлуэтРС2 Красный_некалибр,,f8a8a955-4b5e-11f0-b810-005056bde474,false,false
Номенклатура — current,raw.r1c_nomenclature_current,6354ce00-85c7-11f1-b824-005056bde474,00-00014665,Первичное сырье АлуэтРС2 Красный_стандарт,,f8a8a955-4b5e-11f0-b810-005056bde474,false,false
Номенклатура — current,raw.r1c_nomenclature_current,09ee9426-58c6-11f1-b821-005056bde474,00-00014431,Первичное сырье ГалаРС1 Белый_стандарт,,f8a8a955-4b5e-11f0-b810-005056bde474,false,false
Номенклатура — current,raw.r1c_nomenclature_current,a1de6a66-85c7-11f1-b824-005056bde474,00-00014667,Первичное сырье ГалаРС2 Белый_мелкий,,f8a8a955-4b5e-11f0-b810-005056bde474,false,false
Номенклатура — current,raw.r1c_nomenclature_current,56d5fb1e-85c8-11f1-b824-005056bde474,00-00014672,Первичное сырье ГалаРС2 Белый_некалибр,,f8a8a955-4b5e-11f0-b810-005056bde474,false,false
Номенклатура — current,raw.r1c_nomenclature_current,bb28d824-85c6-11f1-b824-005056bde474,00-00014663,Первичное сырье ГалаРС2 Белый_стандарт,,f8a8a955-4b5e-11f0-b810-005056bde474,false,false
Номенклатура — current,raw.r1c_nomenclature_current,6dcc5254-2a3e-11f0-b80e-005056bde474,00-00012114,Первичное сырье ГалаРС3 Белый_некалиброванный,,f8a8a955-4b5e-11f0-b810-005056bde474,false,false
Номенклатура — current,raw.r1c_nomenclature_current,e1f56ca7-29bf-11f0-b80e-005056bde474,00-00012099,Первичное сырье ГалаРС3 Белый_стандарт,,f8a8a955-4b5e-11f0-b810-005056bde474,false,false
Номенклатура — current,raw.r1c_nomenclature_current,c5c5602e-85c7-11f1-b824-005056bde474,00-00014668,Первичное сырье ГалаРС4 Белый_мелкий,,f8a8a955-4b5e-11f0-b810-005056bde474,false,false
Номенклатура — current,raw.r1c_nomenclature_current,704e98ab-85c8-11f1-b824-005056bde474,00-00014673,Первичное сырье ГалаРС4 Белый_некалибр,,f8a8a955-4b5e-11f0-b810-005056bde474,false,false
Номенклатура — current,raw.r1c_nomenclature_current,f77822e2-85c6-11f1-b824-005056bde474,00-00014664,Первичное сырье ГалаРС4 Белый_стандарт,,f8a8a955-4b5e-11f0-b810-005056bde474,false,false
Номенклатура — current,raw.r1c_nomenclature_current,f52f9023-85c7-11f1-b824-005056bde474,00-00014669,Первичное сырье КарменРС2 Красный_мелкий,,f8a8a955-4b5e-11f0-b810-005056bde474,false,false
Номенклатура — current,raw.r1c_nomenclature_current,d033f8f9-25a7-11f0-b80e-005056bde474,00-00012029,Первичное сырье КарменРС2 Красный_некалиброванный,,f8a8a955-4b5e-11f0-b810-005056bde474,false,false
Номенклатура — current,raw.r1c_nomenclature_current,49d03a9e-25a7-11f0-b80e-005056bde474,00-00012026,Первичное сырье КарменРС2 Красный_стандарт,,f8a8a955-4b5e-11f0-b810-005056bde474,false,false
Номенклатура — current,raw.r1c_nomenclature_current,88aa678e-85c7-11f1-b824-005056bde474,00-00014666,Первичное сырье РедЛедиРС1 Красный_мелкий,,f8a8a955-4b5e-11f0-b810-005056bde474,false,false
Номенклатура — current,raw.r1c_nomenclature_current,33c61cba-85c8-11f1-b824-005056bde474,00-00014671,Первичное сырье РедЛедиРС1 Красный_некалибр,,f8a8a955-4b5e-11f0-b810-005056bde474,false,false
Номенклатура — current,raw.r1c_nomenclature_current,661b7a7d-85c5-11f1-b824-005056bde474,00-00014662,Первичное сырье РедЛедиРС1 Красный_стандарт,,f8a8a955-4b5e-11f0-b810-005056bde474,false,false
Номенклатура — current,raw.r1c_nomenclature_current,44781a99-fdbd-11f0-b81e-005056bde474,00-00013655,Первичное сырье из хранилища,,22d07634-9c53-11eb-9c33-00505689ff45,true,false
Номенклатура — current,raw.r1c_nomenclature_current,02274c43-4b5f-11f0-b810-005056bde474,00-00012453,Первичное сырье покупное,,22d07634-9c53-11eb-9c33-00505689ff45,true,false
Номенклатура — current,raw.r1c_nomenclature_current,93277f8a-5107-11f1-b821-005056bde474,00-00014371,Первичное сырье покупное _Морковь,,f67c282d-5106-11f1-b821-005056bde474,false,false
Номенклатура — current,raw.r1c_nomenclature_current,ee815c70-3f24-11f1-b821-005056bde474,00-00014101,Первичное сырье покупное Белый_первый сорт,,02274c43-4b5f-11f0-b810-005056bde474,false,false
Номенклатура — current,raw.r1c_nomenclature_current,3b3bdf8b-3af5-11f0-b80e-005056bde474,00-00012395,Первичное сырье покупное Египет Белый_НКЛ_1 сорт,,02274c43-4b5f-11f0-b810-005056bde474,false,false
Номенклатура — current,raw.r1c_nomenclature_current,e518f632-5ac7-11f1-b821-005056bde474,00-00014448,Первичное сырье покупное Кармен Красный_НКЛ_1 сорт,,02274c43-4b5f-11f0-b810-005056bde474,false,false
Номенклатура — current,raw.r1c_nomenclature_current,2e6f5eb0-4b51-11f0-b810-005056bde474,00-00012450,Первичное сырье покупное Краснодар Белый_НКЛ_1 сорт,,02274c43-4b5f-11f0-b810-005056bde474,false,false
Номенклатура — current,raw.r1c_nomenclature_current,088e1750-59df-11f1-b821-005056bde474,00-00014435,Первичное сырье покупное Красный_первый сорт,,0996558d-0987-11f0-b80e-005056bde474,false,false
Номенклатура — current,raw.r1c_nomenclature_current,3eb8c590-5ac8-11f1-b821-005056bde474,00-00014449,Первичное сырье покупное Прайм Белый_НКЛ_2 сорт,,02274c43-4b5f-11f0-b810-005056bde474,false,false
Номенклатура — current,raw.r1c_nomenclature_current,50a46286-5ac8-11f1-b821-005056bde474,00-00014450,Первичное сырье покупное Прайм Белый_НКЛ_нестандарт,,02274c43-4b5f-11f0-b810-005056bde474,false,false
Номенклатура — current,raw.r1c_nomenclature_current,f8a8a955-4b5e-11f0-b810-005056bde474,00-00012452,Первичное сырье. Закладка с поля,,22d07634-9c53-11eb-9c33-00505689ff45,true,false
Номенклатура — current,raw.r1c_nomenclature_current,89369b27-a2a3-11f1-b824-005056bde474,00-00014714,Первичное сырьё из хранилища.Алуэт.Мелкий,,44781a99-fdbd-11f0-b81e-005056bde474,false,false
Номенклатура — current,raw.r1c_nomenclature_current,428a3767-2a3e-11f0-b80e-005056bde474,00-00012113,Первичное сырьё из хранилища.Гала.Мелкий,,44781a99-fdbd-11f0-b81e-005056bde474,false,false
Номенклатура — current,raw.r1c_nomenclature_current,80529469-8f3d-11f1-b824-005056bde474,00-00014702,Первичное сырьё из хранилища.Кармен.Мелкий,,44781a99-fdbd-11f0-b81e-005056bde474,false,false
Номенклатура — current,raw.r1c_nomenclature_current,6ec5ba22-a2a3-11f1-b824-005056bde474,00-00014713,Первичное сырьё из хранилища.РедЛеди.Мелкий,,44781a99-fdbd-11f0-b81e-005056bde474,false,false
Номенклатура — current,raw.r1c_nomenclature_current,81437efc-64b5-11e8-af3d-30f7727a492e,00-00000888,Перевозка,,34f83455-094c-11f0-b80e-005056bde474,false,false
Номенклатура — current,raw.r1c_nomenclature_current,d0d6881e-72d7-11ec-9c40-00505689c8d9,АК-00005961,Перевозка Audi A4,,34f83455-094c-11f0-b80e-005056bde474,false,false
Номенклатура — current,raw.r1c_nomenclature_current,b4efadd4-aabb-11f1-b824-005056bde474,00-00014763,Перевозка BMW,,34f83455-094c-11f0-b80e-005056bde474,false,false
Номенклатура — current,raw.r1c_nomenclature_current,69cd8175-7744-11ef-9c5d-00505689ff45,00-00011096,Перевозка CHERY TIGGO4,,34f83455-094c-11f0-b80e-005056bde474,false,false
Номенклатура — current,raw.r1c_nomenclature_current,5e0a3d94-751d-11ec-9c40-00505689c8d9,АК-00005998,Перевозка Chevrolet Cruze,,34f83455-094c-11f0-b80e-005056bde474,false,false
Номенклатура — current,raw.r1c_nomenclature_current,589c4aa1-72d7-11ec-9c40-00505689c8d9,АК-00005960,Перевозка Ford Focus,,34f83455-094c-11f0-b80e-005056bde474,false,false
Номенклатура — current,raw.r1c_nomenclature_current,907cd3b9-7521-11ec-9c40-00505689c8d9,АК-00006001,Перевозка LADA VESTA,,34f83455-094c-11f0-b80e-005056bde474,false,false
Номенклатура — current,raw.r1c_nomenclature_current,3e6d5dcd-72d8-11ec-9c40-00505689c8d9,АК-00005962,Перевозка Mercedes GL,,34f83455-094c-11f0-b80e-005056bde474,false,false
Номенклатура — current,raw.r1c_nomenclature_current,803caff3-751f-11ec-9c40-00505689c8d9,АК-00006000,Перевозка Nissan Note,,34f83455-094c-11f0-b80e-005056bde474,false,false
Номенклатура — current,raw.r1c_nomenclature_current,796909c8-79ab-11ef-9c5d-00505689ff45,00-00011108,Перевозка RENAULT DUSTER,,34f83455-094c-11f0-b80e-005056bde474,false,false
Номенклатура — current,raw.r1c_nomenclature_current,2db27150-79ac-11ef-9c5d-00505689ff45,00-00011109,Перевозка RENAULT LOGAN STEPWAY,,34f83455-094c-11f0-b80e-005056bde474,false,false
Номенклатура — current,raw.r1c_nomenclature_current,8348bd10-98f3-11ee-9c4a-005056893620,00-00009913,Перевозка SKODA FABIA,,34f83455-094c-11f0-b80e-005056bde474,false,false
Номенклатура — current,raw.r1c_nomenclature_current,5b107cbd-72d6-11ec-9c40-00505689c8d9,АК-00005959,Перевозка VW Jetta,,34f83455-094c-11f0-b80e-005056bde474,false,false
Номенклатура — current,raw.r1c_nomenclature_current,9ce4785a-72d5-11ec-9c40-00505689c8d9,АК-00005958,Перевозка VW Touareg,,34f83455-094c-11f0-b80e-005056bde474,false,false
Номенклатура — current,raw.r1c_nomenclature_current,e2720bff-df87-11ee-9c4c-005056893620,00-00010252,Перевозка Нива,,34f83455-094c-11f0-b80e-005056bde474,false,false
Номенклатура — current,raw.r1c_nomenclature_current,8490e091-df94-11ee-9c4c-005056893620,00-00010253,Перевозка Нива (Lada 4х4),,34f83455-094c-11f0-b80e-005056bde474,false,false
Номенклатура — current,raw.r1c_nomenclature_current,9087f862-751e-11ec-9c40-00505689c8d9,АК-00005999,Перевозка ПАЗ 32053,,34f83455-094c-11f0-b80e-005056bde474,false,false
Номенклатура — current,raw.r1c_nomenclature_current,c3a72683-dfd1-11ee-9c4c-005056893620,00-00010254,Перевозка ПАЗ 32054-07,,34f83455-094c-11f0-b80e-005056bde474,false,false
Номенклатура — current,raw.r1c_nomenclature_current,fdf7ca5f-ae5a-11f0-b81e-005056bde474,00-00012872,Перевозка сотрудников ,,34f83455-094c-11f0-b80e-005056bde474,false,false
Номенклатура — current,raw.r1c_nomenclature_current,64995536-2f5c-11ec-b9aa-00505689914b,АК-00005525,Перевозка химии,,34f83455-094c-11f0-b80e-005056bde474,false,false
Номенклатура — current,raw.r1c_nomenclature_current,b86f7dab-24fd-11ec-a9db-00505689f463,АК-00005356,Перевозка чеснока,,34f83455-094c-11f0-b80e-005056bde474,false,false
Номенклатура — current,raw.r1c_nomenclature_current,c43c8c32-72d4-11ec-9c40-00505689c8d9,АК-00005957,Перевозки AF-3720AA (Ford Transit),,34f83455-094c-11f0-b80e-005056bde474,false,false
Номенклатура — current,raw.r1c_nomenclature_current,1f9cdd5b-30da-11ed-9c43-cb6d75bb653b,00-00007136,Перегон,,52c3cca5-0968-11f0-b80e-005056bde474,false,false
Номенклатура — current,raw.r1c_nomenclature_current,485dfed9-9ad4-11e8-af49-30f7727a492e,00-00001026,Передача ДТ-75 бортовая правая,,9b060c03-71d9-11e7-85a2-d43d7eec442d,false,false
Номенклатура — current,raw.r1c_nomenclature_current,9597b5ad-c25a-11e9-af79-30f7727a492e,00-00001892,Передний бампер центральный черный,,9b060c03-71d9-11e7-85a2-d43d7eec442d,false,false
Номенклатура — current,raw.r1c_nomenclature_current,9b060c93-71d9-11e7-85a2-d43d7eec442d,00000025   ,Перекачивающая станция для диз.топлива Piusi ST,,9088eead-75dc-11e7-af18-30f7727a492e,false,false
Номенклатура — current,raw.r1c_nomenclature_current,cfc97b52-6771-11ee-9c50-00505689ff45,00-00009652,"Перекись водорода 3% 11,4 кг",,213391ae-cf6d-11eb-bd90-fa163e0d31f7,false,false
Номенклатура — current,raw.r1c_nomenclature_current,35636b0b-2389-11ed-9c43-cb6d75bb653b,00-00007014,"Переключатель  подрулевой МТЗ-82,1221,указателей поворота А",,9b060c03-71d9-11e7-85a2-d43d7eec442d,false,false
Номенклатура — current,raw.r1c_nomenclature_current,039fda95-a8e1-11ec-9c42-00505689c8d9,00-00006398,"Переключатель  подрулевой ПАЗ,КАВЗ указателей поворота АВТОАРМАТУРА 1112.3769-01",,9b060c03-71d9-11e7-85a2-d43d7eec442d,false,false
Номенклатура — current,raw.r1c_nomenclature_current,8013f8f9-ef1f-11f0-b81e-005056bde474,00-00013336,"Переключатель 0-1, с фиксацией, 1НО+1НЗ, 250 В AC, 4 А",,193544c0-7290-11f0-b814-005056bde474,false,false
Номенклатура — current,raw.r1c_nomenclature_current,e35ff92c-a07d-11f0-b81d-005056bde474,00-00012799,"Переключатель 2-0-1, с фиксацией, 2НО, серия B, 250В AC, 4 А",,baf617a9-7290-11f0-b814-005056bde474,false,false
Номенклатура — current,raw.r1c_nomenclature_current,e1a32e9b-4b23-11ee-9c4e-00505689ff45,00-00009476,Переключатель ALC-22 длин рукоят.2 фикс  положения,,20e031f3-0a37-11f0-b80e-005056bde474,false,false
Номенклатура — current,raw.r1c_nomenclature_current,9e865540-629a-11ea-9525-30f7727a492e,00-00002534,Переключатель ALCLR-22 на з положения ИЭК,,20e031f3-0a37-11f0-b80e-005056bde474,false,false
Номенклатура — current,raw.r1c_nomenclature_current,64dffe01-a07d-11f0-b81d-005056bde474,00-00012794,Переключатель BD21 2P короткая ручка NO IP65,,baf617a9-7290-11f0-b814-005056bde474,false,false
Номенклатура — current,raw.r1c_nomenclature_current,145b7b14-b505-11f0-b81e-005056bde474,00-00012942,Переключатель LAY5-BK2365 на 2 полож. зел. ИЭК,,baf617a9-7290-11f0-b814-005056bde474,false,false
Номенклатура — current,raw.r1c_nomenclature_current,96100d63-5a11-11ef-9c59-00505689ff45,00-00010836,Переключатель АС-22 на 2 фиксир.положения I-O 1з+1р ИЭК,,20e031f3-0a37-11f0-b80e-005056bde474,false,false
Номенклатура — current,raw.r1c_nomenclature_current,894de0ce-0c1d-11ec-9c3a-00505689ff45,АК-00004855,Переключатель ПК12-21-821 (крестовой),,9b060c03-71d9-11e7-85a2-d43d7eec442d,false,false
Номенклатура — current,raw.r1c_nomenclature_current,44ea4725-1f8f-11ec-9c3a-00505689ff45,АК-00005232,Переключатель включения ПВМ (клавиша),,9b060c03-71d9-11e7-85a2-d43d7eec442d,false,false
Номенклатура — current,raw.r1c_nomenclature_current,f4c223b5-a07d-11f0-b81d-005056bde474,00-00012800,"Переключатель двухпозиц. трехфазный 0-1 25А, 400 В ",,baf617a9-7290-11f0-b814-005056bde474,false,false
Номенклатура — current,raw.r1c_nomenclature_current,45f8c8f3-c562-11e9-af79-30f7727a492e,00-00001928,Переключатель зажигания,,9b060c03-71d9-11e7-85a2-d43d7eec442d,false,false
Номенклатура — current,raw.r1c_nomenclature_current,f74dc6d9-1fdc-11ea-9522-30f7727a492e,00-00002293,"Переключатель клавиша ВАЗ-2105,2106,2121 освещения АВТОАРМАТУРА П147-04.29",,9b060c03-71d9-11e7-85a2-d43d7eec442d,false,false
Номенклатура — current,raw.r1c_nomenclature_current,f27f5fd4-f7d0-11ec-9c42-89a3dcc9992a,00-00006715,Переключатель клавишный черн.3 положения,,20e031f3-0a37-11f0-b80e-005056bde474,false,false
Номенклатура — current,raw.r1c_nomenclature_current,e2fecf68-9d25-11f0-b81d-005056bde474,00-00012761,Переключатель крестовой ПК-12-21-822,,baf617a9-7290-11f0-b814-005056bde474,false,false
Номенклатура — current,raw.r1c_nomenclature_current,d749251b-a2b7-11f0-b81d-005056bde474,00-00012849,"Переключатель кулачковый ПК-1-23 25А 3P ""1-0-2"" с блокировкой IP65",,baf617a9-7290-11f0-b814-005056bde474,false,false
Номенклатура — current,raw.r1c_nomenclature_current,789f7c4e-a07d-11f0-b81d-005056bde474,00-00012795,Переключатель кулачковый ПК-1-42 25А 2P,,baf617a9-7290-11f0-b814-005056bde474,false,false
Номенклатура — current,raw.r1c_nomenclature_current,305f8429-e549-11ee-9c4c-005056893620,00-00010332,Переключатель кулачковый ПКП10-13/О 10А 3Р 400В ИЭК,,20e031f3-0a37-11f0-b80e-005056bde474,false,false
Номенклатура — current,raw.r1c_nomenclature_current,fd680ecd-5a01-11ef-9c59-00505689ff45,00-00010784,"Переключатель кулачковый ПКП10-13/У 10A ""откл-вкл"" 3Р/400В ИЭК",,20e031f3-0a37-11f0-b80e-005056bde474,false,false
Номенклатура — current,raw.r1c_nomenclature_current,bd15fe03-e548-11ee-9c4c-005056893620,00-00010331,Переключатель кулачковый ПКП10-13/У 10А откл вклI 3Р 400В ИЭК,,20e031f3-0a37-11f0-b80e-005056bde474,false,false
Номенклатура — current,raw.r1c_nomenclature_current,9290757a-46fa-11ec-9c45-00505689c17d,АК-00005609,Переключатель кулачковый ПКП10-33/0 10А на з положения I-0-11 400В ИЭК,,20e031f3-0a37-11f0-b80e-005056bde474,false,false
Номенклатура — current,raw.r1c_nomenclature_current,31d41e82-652a-11ef-9c5c-00505689ff45,00-00010967,Переключатель кулачковый ПКП25-13/У 25A 3P/400B ИЭК,,20e031f3-0a37-11f0-b80e-005056bde474,false,false
Номенклатура — current,raw.r1c_nomenclature_current,bc9957a5-41c2-11ee-9c4e-00505689ff45,00-00009238,Переключатель кулачковый ПКП25-33/O 25A 1-0-2 3P/400B ИЭК,,20e031f3-0a37-11f0-b80e-005056bde474,false,false
Номенклатура — current,raw.r1c_nomenclature_current,0d36c639-a07e-11f0-b81d-005056bde474,00-00012801,Переключатель кулачковый ПКП32-11 /У 32А откл-вкл 1Р/400В ИЭК,,baf617a9-7290-11f0-b814-005056bde474,false,false
Номенклатура — current,raw.r1c_nomenclature_current,dd6a1e11-e5ac-11e9-af7c-30f7727a492e,00-00002051,Переключатель кулачковый ПКП32-33 на з положения ИЭК,,20e031f3-0a37-11f0-b80e-005056bde474,false,false
Номенклатура — current,raw.r1c_nomenclature_current,bc2e9e60-652c-11ef-9c5c-00505689ff45,00-00010971,Переключатель кулачковый ПКП32-33/У 32А 1-0-2 3Р/400В ИЭК,,20e031f3-0a37-11f0-b80e-005056bde474,false,false
Номенклатура — current,raw.r1c_nomenclature_current,0aaac89d-47b3-11ec-9c45-00505689c17d,АК-00005616,Переключатель ножной ПН1.00.00,,9b060c03-71d9-11e7-85a2-d43d7eec442d,false,false
Номенклатура — current,raw.r1c_nomenclature_current,fa1105f3-a2b7-11f0-b81d-005056bde474,00-00012850,Переключатель полюсов реверс. трехфазный 1-0-2 25А,,baf617a9-7290-11f0-b814-005056bde474,false,false
Номенклатура — current,raw.r1c_nomenclature_current,98d3a8b1-f6f6-11f0-b81e-005056bde474,00-00013508,Переключатель проходной 1-кл. 1п ОП,,20e031f3-0a37-11f0-b80e-005056bde474,false,false
Номенклатура — current,raw.r1c_nomenclature_current,7e7fb7ac-3e44-11ed-9c43-cb6d75bb653b,00-00007201,Переключатель ревеса 20/16,,9b060c03-71d9-11e7-85a2-d43d7eec442d,false,false
Номенклатура — current,raw.r1c_nomenclature_current,37c2c4dc-3710-11f1-b81f-005056bde474,00-00014035,"Переменная арендная плата (электроснабжение, водоснабжение,теплоснабжение, водоотведение)",,9088eea3-75dc-11e7-af18-30f7727a492e,false,false
Номенклатура — current,raw.r1c_nomenclature_current,8ace57db-141d-11ee-9c4e-00505689ff45,00-00008237,Перемычка АКБ под болт,,9b060c03-71d9-11e7-85a2-d43d7eec442d,false,false
Номенклатура — current,raw.r1c_nomenclature_current,f75d9e00-8332-11ec-9c41-00505689c8d9,00-00006069,Переход 5/8 мм*1/2,,9088eead-75dc-11e7-af18-30f7727a492e,false,false
Номенклатура — current,raw.r1c_nomenclature_current,1875bb47-8333-11ec-9c41-00505689c8d9,00-00006070,Переход 5/8 мм*3/8,,9088eead-75dc-11e7-af18-30f7727a492e,false,false
Номенклатура — current,raw.r1c_nomenclature_current,b869f722-8c7b-11ef-9c5e-00505689ff45,00-00011289,Переход эксцентр. ПВХ 160*110,,9088eead-75dc-11e7-af18-30f7727a492e,false,false
Номенклатура — current,raw.r1c_nomenclature_current,b0be652b-5364-11f1-b821-005056bde474,00-00014418,Переходник,,45c9e202-0a37-11f0-b80e-005056bde474,false,false
Номенклатура — current,raw.r1c_nomenclature_current,4b243a3c-e032-11f0-b81e-005056bde474,00-00013246,"Переходник 1""х3/4"" вн.-нар.",,ef51bf95-3d8a-11f1-b821-005056bde474,false,false
Номенклатура — current,raw.r1c_nomenclature_current,14c00c83-9042-11ef-9c5e-00505689ff45,00-00011306,Переходник 1/2М-рапид муфта,,9088eead-75dc-11e7-af18-30f7727a492e,false,false
Номенклатура — current,raw.r1c_nomenclature_current,c8e7e8e7-c5bc-11ee-9c4c-005056893620,00-00010126,"Переходник 2"" х32",,9088eead-75dc-11e7-af18-30f7727a492e,false,false
Номенклатура — current,raw.r1c_nomenclature_current,52d7df65-6e39-11f1-b822-005056bde474,00-00014542,Переходник 3/4x1/2 вн.-нар. VTr.592.N.0504,,2bd105c1-3d8b-11f1-b821-005056bde474,false,false
Номенклатура — current,raw.r1c_nomenclature_current,ea4261c3-85e2-11ed-9c4c-00505689ff45,00-00007535,Переходник LM-E10 быстросъемная мама-елка 10мм,,9b060c03-71d9-11e7-85a2-d43d7eec442d,false,false
Номенклатура — current,raw.r1c_nomenclature_current,12d2da06-85e3-11ed-9c4c-00505689ff45,00-00007536,Переходник LР-E10 быстросъемная папа-елка 10мм,,9b060c03-71d9-11e7-85a2-d43d7eec442d,false,false
Номенклатура — current,raw.r1c_nomenclature_current,a11d6d0a-dddc-11ed-9c4e-00505689ff45,00-00007793,Переходник UM-E10 быстросъемная мама-елка 10мм,,9b060c03-71d9-11e7-85a2-d43d7eec442d,false,false
Номенклатура — current,raw.r1c_nomenclature_current,4d877cec-bf06-11eb-1998-fa163e0d31f7,БП-00004043,"Переходник МТЗ-1221,Д-260 на турбокомпрессор ММЗ",,9b060c03-71d9-11e7-85a2-d43d7eec442d,false,false
Номенклатура — current,raw.r1c_nomenclature_current,f74dc6c0-1fdc-11ea-9522-30f7727a492e,00-00002284,Переходник Т-1/4 мм,,9088eead-75dc-11e7-af18-30f7727a492e,false,false
Номенклатура — current,raw.r1c_nomenclature_current,4b0b27f8-d634-11ec-9c42-00505689c8d9,00-00006557,Переходник бутылоч. 110*50 (редукция),,9b060c03-71d9-11e7-85a2-d43d7eec442d,false,false
Номенклатура — current,raw.r1c_nomenclature_current,f11db27b-98d4-11ea-952a-30f7727a492e,00-00002669,Переходник для компрессора М 1/4быстросъемный штуцер наружная резьба JTC-Д20РМА,,9b060c03-71d9-11e7-85a2-d43d7eec442d,false,false
Номенклатура — current,raw.r1c_nomenclature_current,3cb68259-d5f4-11f0-b81e-005056bde474,00-00013084,Переходник для компрессора елочка 8мм,,45c9e202-0a37-11f0-b80e-005056bde474,false,false
Номенклатура — current,raw.r1c_nomenclature_current,714d7cce-d291-11ec-9c42-00505689c8d9,00-00006520,Переходник для подключения к дождевальной машине 6*,,9b060c03-71d9-11e7-85a2-d43d7eec442d,false,false
Номенклатура — current,raw.r1c_nomenclature_current,83e03c66-5656-11eb-1f84-fa163e0d31f7,БП-00003580,Переходник лат,,9be0daf4-2e34-11eb-288c-fa163e0d31f7,false,false
Номенклатура — current,raw.r1c_nomenclature_current,97b21e26-ba70-11f0-b81e-005056bde474,00-00012980,Переходник ник. 25х15,,9088eead-75dc-11e7-af18-30f7727a492e,false,false
Номенклатура — current,raw.r1c_nomenclature_current,cc7363a2-e5fa-11ee-9c4c-005056893620,00-00010337,Переходник отопителя для а/м ГАЗ d16мм,,9b060c03-71d9-11e7-85a2-d43d7eec442d,false,false
Номенклатура — current,raw.r1c_nomenclature_current,86d09564-ad97-11ea-d488-fa163ee5d2f9,БП-00002781,"Переходник с 6""на 4""(папа)",,de1714af-8a12-11e7-af1d-30f7727a492e,false,false
Номенклатура — current,raw.r1c_nomenclature_current,696a90e2-ad97-11ea-d488-fa163ee5d2f9,БП-00002780,"Переходник с 8""на 6""(мама)",,9b060c03-71d9-11e7-85a2-d43d7eec442d,false,false
Номенклатура — current,raw.r1c_nomenclature_current,cefb4944-a084-11f0-b81d-005056bde474,00-00012825,"Переходник с наружной резьбой 20xR 1/2""",,baf617a9-7290-11f0-b814-005056bde474,false,false
Номенклатура — current,raw.r1c_nomenclature_current,6a81be90-e5c6-11ec-9c42-00505689c8d9,00-00006651,Перпоновый соединитель,,9b060c03-71d9-11e7-85a2-d43d7eec442d,false,false
Номенклатура — current,raw.r1c_nomenclature_current,e8881203-cd0a-11ec-9c42-00505689c8d9,00-00006491,Персональный компьютер DEXP Mars E335,,ce412305-0a38-11f0-b80e-005056bde474,false,false
Номенклатура — current,raw.r1c_nomenclature_current,202b562e-e14e-11ea-8696-fa163ee5d2f9,БП-00002926,"Перфоратор ""Интерскол"" П-20/550ЭР",,f990038e-0a38-11f0-b80e-005056bde474,false,false
Номенклатура — current,raw.r1c_nomenclature_current,1f9488fd-e422-11f0-b81e-005056bde474,00-00013297,Перфоратор AEG KH 24 IE 4935451555,,f990038e-0a38-11f0-b80e-005056bde474,false,false
Номенклатура — current,raw.r1c_nomenclature_current,f7825281-3820-11ee-9c4e-00505689ff45,00-00008472,Перфоратор KRESS KU 320 1100вт 26мм,,9088eeaf-75dc-11e7-af18-30f7727a492e,false,false
Номенклатура — current,raw.r1c_nomenclature_current,ccd27f60-2524-11ed-9c43-cb6d75bb653b,00-00007051,Перфоратор KRESS KU 320 800вт 26мм,,9088eeaf-75dc-11e7-af18-30f7727a492e,false,false
Номенклатура — current,raw.r1c_nomenclature_current,0a5f8666-a0d4-11ee-9c4c-005056893620,00-00009967,Перфоратор KRESS KU 332 1100вт ,,9088eeaf-75dc-11e7-af18-30f7727a492e,false,false
Номенклатура — current,raw.r1c_nomenclature_current,347d65fe-e429-11f0-b81e-005056bde474,00-00013317,Перфоратор Keyang SDS-plus HD26-800T,,f990038e-0a38-11f0-b80e-005056bde474,false,false
Номенклатура — current,raw.r1c_nomenclature_current,2622cc79-4dcd-11ec-9c40-00505689c8d9,АК-00005703,Перфоратор Makita HR 2470,,f990038e-0a38-11f0-b80e-005056bde474,false,false
Номенклатура — current,raw.r1c_nomenclature_current,33c1f4db-e425-11f0-b81e-005056bde474,00-00013311,"Перфоратор SDS Max 1350 Вт, ЗУБР Профессионал 45 мм ЗПМ-45-1350 ЭВ",,f990038e-0a38-11f0-b80e-005056bde474,false,false
Номенклатура — current,raw.r1c_nomenclature_current,1038a2a5-08be-11f1-b81f-005056bde474,00-00013700,"Перфорированный лоток Система КМ 50*150*0,7 3м",,6dd20a6a-51c7-11f0-b811-005056bde474,false,false
Номенклатура — current,raw.r1c_nomenclature_current,25b31fa7-6567-11f1-b821-005056bde474,00-00014505,Перчатки,,9088eea8-75dc-11e7-af18-30f7727a492e,true,false
Номенклатура — current,raw.r1c_nomenclature_current,2b276ebd-43c5-11ec-9c42-005056893491,АК-00005577,Перчатки  10 класс 5 нитей ПВХ точка,,25b31fa7-6567-11f1-b821-005056bde474,false,false
Номенклатура — current,raw.r1c_nomenclature_current,691684e3-653f-11ef-9c5c-00505689ff45,00-00010978,"Перчатки Латекс н/с,н/о, текстур беж/натур",,25b31fa7-6567-11f1-b821-005056bde474,false,false
Номенклатура — current,raw.r1c_nomenclature_current,b5c5db70-b3c6-11e7-a3e2-94de80168a80,00-00000427,Перчатки ХБВ точка,,25b31fa7-6567-11f1-b821-005056bde474,false,false
Номенклатура — current,raw.r1c_nomenclature_current,6279af96-b74a-11e9-af77-30f7727a492e,00-00001804,Перчатки двойной вязки,,25b31fa7-6567-11f1-b821-005056bde474,false,false
Номенклатура — current,raw.r1c_nomenclature_current,3e5d698e-1ad7-11ec-9c3a-00505689ff45,АК-00005083,Перчатки двойной облив ,,25b31fa7-6567-11f1-b821-005056bde474,false,false
Номенклатура — current,raw.r1c_nomenclature_current,d2031d38-f70a-11f0-b81e-005056bde474,00-00013556,Перчатки двойной облив Утепленные,,25b31fa7-6567-11f1-b821-005056bde474,false,false
Номенклатура — current,raw.r1c_nomenclature_current,b398575f-ef2b-11f0-b81e-005056bde474,00-00013365,"Перчатки диэлектрические класс 0 ГОСТ 12.4.307-2016, размер 3",,25b31fa7-6567-11f1-b821-005056bde474,false,false
Номенклатура — current,raw.r1c_nomenclature_current,babcf562-dc02-11f0-b81e-005056bde474,00-00013151,Перчатки защитные TOPFORT Шелдер Н КП с полным нитриловым покрытием р.10,,25b31fa7-6567-11f1-b821-005056bde474,false,false
Номенклатура — current,raw.r1c_nomenclature_current,ee3afef7-dc02-11f0-b81e-005056bde474,00-00013152,Перчатки защитные TOPFORT Шелдер Н КП с полным нитриловым покрытием р.9,,25b31fa7-6567-11f1-b821-005056bde474,false,false
Номенклатура — current,raw.r1c_nomenclature_current,418585a4-dc14-11f0-b81e-005056bde474,00-00013197,Перчатки защитные диэлектрические штанцованные,,25b31fa7-6567-11f1-b821-005056bde474,false,false
Номенклатура — current,raw.r1c_nomenclature_current,3ddd5bf7-0cb4-11ec-9c3a-00505689ff45,АК-00004918,"Перчатки защитные латекс Экстра р.9,5-10,0",,25b31fa7-6567-11f1-b821-005056bde474,false,false
Номенклатура — current,raw.r1c_nomenclature_current,f3d8391f-6689-11ee-9c50-00505689ff45,00-00009643,Перчатки защитные нейлоновые с ПВХ,,25b31fa7-6567-11f1-b821-005056bde474,false,false
Номенклатура — current,raw.r1c_nomenclature_current,0debcdee-dc00-11f0-b81e-005056bde474,00-00013147,Перчатки защитные от повыш.темпер.ManipulaAPAMAKC СЛИМ ГРИП (KVG50/MG311) р10,,25b31fa7-6567-11f1-b821-005056bde474,false,false
Номенклатура — current,raw.r1c_nomenclature_current,9326f178-dbff-11f0-b81e-005056bde474,00-00013146,Перчатки защитные от повыш.темпер.ManipulaAPAMAKC СЛИМ ГРИП (KVG50/MG311) р9,,25b31fa7-6567-11f1-b821-005056bde474,false,false
Номенклатура — current,raw.r1c_nomenclature_current,e79f7bc7-d38c-11ed-9c4e-00505689ff45,00-00007707,Перчатки защитные от порезов,,25b31fa7-6567-11f1-b821-005056bde474,false,false
Номенклатура — current,raw.r1c_nomenclature_current,8fd3ae60-216a-11ef-9c58-00505689ff45,00-00010623,Перчатки защитные полное нитриловое покрытие резинка,,25b31fa7-6567-11f1-b821-005056bde474,false,false
Номенклатура — current,raw.r1c_nomenclature_current,6ecaae58-7f21-11eb-b484-fa163e0d31f7,БП-00003757,Перчатки защитные трикотажные ПВХ точка 4 нити черные,,25b31fa7-6567-11f1-b821-005056bde474,false,false
Номенклатура — current,raw.r1c_nomenclature_current,e07b6aba-dc01-11f0-b81e-005056bde474,00-00013149,Перчатки защитные трикотажные ПВХ точка 5 нит 52 г.10 кл р8 бел.,,25b31fa7-6567-11f1-b821-005056bde474,false,false
Номенклатура — current,raw.r1c_nomenclature_current,1dbc2777-dc02-11f0-b81e-005056bde474,00-00013150,Перчатки защитные трикотажные ПВХ точка 5 нит 52 г.10 кл черн.р10,,25b31fa7-6567-11f1-b821-005056bde474,false,false
Номенклатура — current,raw.r1c_nomenclature_current,129d923c-84a4-11ef-9c5d-00505689ff45,00-00011241,Перчатки защитные трикотажные ПВХ точка 5 нит 52 г.10 кл черн.р9 5 пар/упак,,25b31fa7-6567-11f1-b821-005056bde474,false,false
Номенклатура — current,raw.r1c_nomenclature_current,fda6488c-dbfe-11f0-b81e-005056bde474,00-00013143,Перчатки защитные трикотажные ПВХ точка 6 нит 62 г.10 кл овер.,,25b31fa7-6567-11f1-b821-005056bde474,false,false
Номенклатура — current,raw.r1c_nomenclature_current,1716c4be-9235-11ec-9c42-00505689c8d9,00-00006198,Перчатки защитные трикотажные с латексной заливкой 13 класс,,25b31fa7-6567-11f1-b821-005056bde474,false,false
Номенклатура — current,raw.r1c_nomenclature_current,b86b9f90-7f21-11eb-b484-fa163e0d31f7,БП-00003758,Перчатки защитные трикотажные утепленные двойные черные,,25b31fa7-6567-11f1-b821-005056bde474,false,false
Номенклатура — current,raw.r1c_nomenclature_current,f9766f12-ccb7-11ee-9c4c-005056893620,00-00010176,Перчатки зима-30,,25b31fa7-6567-11f1-b821-005056bde474,false,false
Номенклатура — current,raw.r1c_nomenclature_current,51b44172-d970-11eb-6c92-fa163e0d31f7,БП-00004370,Перчатки кож со стяж Вологда разм L,,25b31fa7-6567-11f1-b821-005056bde474,false,false
Номенклатура — current,raw.r1c_nomenclature_current,2a13210e-ccb8-11ee-9c4c-005056893620,00-00010177,Перчатки кожанные,,25b31fa7-6567-11f1-b821-005056bde474,false,false
Номенклатура — current,raw.r1c_nomenclature_current,a378021e-33da-11eb-0e8a-fa163e0d31f7,БП-00003276,Перчатки латексные белые размер S,,25b31fa7-6567-11f1-b821-005056bde474,false,false
Номенклатура — current,raw.r1c_nomenclature_current,c0c00056-33da-11eb-0e8a-fa163e0d31f7,БП-00003277,Перчатки латексные белые размер М,,25b31fa7-6567-11f1-b821-005056bde474,false,false
Номенклатура — current,raw.r1c_nomenclature_current,36147eb5-f344-11ed-9c4e-00505689ff45,00-00007969,Перчатки манипула химопрен,,25b31fa7-6567-11f1-b821-005056bde474,false,false
Номенклатура — current,raw.r1c_nomenclature_current,331f8791-ef22-11f0-b81e-005056bde474,00-00013345,"Перчатки маслобензостойкие тонкие ЗУБР МЕХАНИК, размер L",,25b31fa7-6567-11f1-b821-005056bde474,false,false
Номенклатура — current,raw.r1c_nomenclature_current,3b3dff69-8d54-11ef-9c5e-00505689ff45,00-00011293,"Перчатки мед.смотр.латекс, нест.25пар/упак",,25b31fa7-6567-11f1-b821-005056bde474,false,false
Номенклатура — current,raw.r1c_nomenclature_current,5e78388f-71ab-11ee-9c4a-005056893620,00-00009690,Перчатки неопреновые противокислотные,,25b31fa7-6567-11f1-b821-005056bde474,false,false
Номенклатура — current,raw.r1c_nomenclature_current,e0683adb-f70a-11f0-b81e-005056bde474,00-00013557,Перчатки нитриловые 10шт,,25b31fa7-6567-11f1-b821-005056bde474,false,false
Номенклатура — current,raw.r1c_nomenclature_current,6b1c939b-9920-11ea-952a-30f7727a492e,00-00002698,Перчатки нитриловые смотровые тонкие,,25b31fa7-6567-11f1-b821-005056bde474,false,false
Номенклатура — current,raw.r1c_nomenclature_current,085def6e-65e4-11ef-9c5c-00505689ff45,00-00010990,Перчатки одноразовые  латекс  Libry 25 пар/упак,,25b31fa7-6567-11f1-b821-005056bde474,false,false
Номенклатура — current,raw.r1c_nomenclature_current,a61d1db5-6540-11ef-9c5c-00505689ff45,00-00010983,Перчатки одноразовые  латекс неопудренные 50 пар /уп,,25b31fa7-6567-11f1-b821-005056bde474,false,false
Номенклатура — current,raw.r1c_nomenclature_current,8aad174b-668a-11ee-9c50-00505689ff45,00-00009644,Перчатки одноразовые ТПЭ цвет черный,,25b31fa7-6567-11f1-b821-005056bde474,false,false
Номенклатура — current,raw.r1c_nomenclature_current,abf7cc05-39bf-11ea-9523-30f7727a492e,00-00002403,Перчатки одноразовые виниловые,,25b31fa7-6567-11f1-b821-005056bde474,false,false
Номенклатура — current,raw.r1c_nomenclature_current,74ff3073-fe2d-11ed-9c4e-00505689ff45,00-00008055,Перчатки одноразовые латекс,,25b31fa7-6567-11f1-b821-005056bde474,false,false
Номенклатура — current,raw.r1c_nomenclature_current,0c03fe3e-d320-11eb-5d99-fa163e0d31f7,БП-00004293,Перчатки полиэфирные с нитральным покрытием,,25b31fa7-6567-11f1-b821-005056bde474,false,false
Номенклатура — current,raw.r1c_nomenclature_current,9facbf92-1bc2-11ee-9c4e-00505689ff45,00-00008293,Перчатки резиновые ,,f0e4c260-a130-11e8-af4c-30f7727a492e,false,false
Номенклатура — current,raw.r1c_nomenclature_current,c2e934e0-d337-11eb-5d99-fa163e0d31f7,БП-00004305,Перчатки резиновые PACLAN Professional латекс желтые ,,f0e4c260-a130-11e8-af4c-30f7727a492e,false,false
Номенклатура — current,raw.r1c_nomenclature_current,59d84239-dc14-11f0-b81e-005056bde474,00-00013198,Перчатки резиновые диэлектрические класс защиты 0 латексные размер 2,,25b31fa7-6567-11f1-b821-005056bde474,false,false
Номенклатура — current,raw.r1c_nomenclature_current,a7300eba-dc01-11f0-b81e-005056bde474,00-00013148,Перчатки резиновые диэлектрические класс защиты 0 латексные размер 3,,25b31fa7-6567-11f1-b821-005056bde474,false,false
Номенклатура — current,raw.r1c_nomenclature_current,33418552-d339-11eb-5d99-fa163e0d31f7,БП-00004308,Перчатки резиновыеVileda Profes латекс хлопк. ,,f0e4c260-a130-11e8-af4c-30f7727a492e,false,false
Номенклатура — current,raw.r1c_nomenclature_current,5b871b9f-01c3-11ec-9c3a-00505689ff45,АК-00004117,Перчатки с ПВХ белые,,25b31fa7-6567-11f1-b821-005056bde474,false,false
Номенклатура — current,raw.r1c_nomenclature_current,1fe9e1b2-fab0-11f0-b81e-005056bde474,00-00013646,"Перчатки трик. с ПВХ 6 нит. 10 класс, черные",,25b31fa7-6567-11f1-b821-005056bde474,false,false
Номенклатура — current,raw.r1c_nomenclature_current,a67a0ba4-3ad0-11eb-dc8d-fa163e0d31f7,БП-00003426,Перчатки трикотажные 10 класс ,,25b31fa7-6567-11f1-b821-005056bde474,false,false
Номенклатура — current,raw.r1c_nomenclature_current,b68e30df-f9d1-11e7-a402-94de80168a80,00-00000642,Перчатки универсальные,,25b31fa7-6567-11f1-b821-005056bde474,false,false
Номенклатура — current,raw.r1c_nomenclature_current,32577e36-3acc-11eb-dc8d-fa163e0d31f7,БП-00003412,Перчатки утепленные 15 класс GL 15,,25b31fa7-6567-11f1-b821-005056bde474,false,false
Номенклатура — current,raw.r1c_nomenclature_current,64b8bf29-ea6d-11ed-9c4e-00505689ff45,00-00007904,Перчатки х/б 10 класс ПВХ,,25b31fa7-6567-11f1-b821-005056bde474,false,false
Номенклатура — current,raw.r1c_nomenclature_current,df23a45c-bfe0-11eb-c69d-fa163e0d31f7,БП-00004086,Перчатки х/б Супер люкс,,25b31fa7-6567-11f1-b821-005056bde474,false,false
Номенклатура — current,raw.r1c_nomenclature_current,9b060c46-71d9-11e7-85a2-d43d7eec442d,00000152   ,Перчатки х/б с ПВХ,,25b31fa7-6567-11f1-b821-005056bde474,false,false
Номенклатура — current,raw.r1c_nomenclature_current,55cf5af3-e248-11f0-b81e-005056bde474,00-00013285,Перчатки х/б с латексным покрытием 13кл,,25b31fa7-6567-11f1-b821-005056bde474,false,false
Номенклатура — current,raw.r1c_nomenclature_current,c754a440-f70a-11f0-b81e-005056bde474,00-00013555,Перчатки хб пвх шахматный облив,,25b31fa7-6567-11f1-b821-005056bde474,false,false
Номенклатура — current,raw.r1c_nomenclature_current,dd6a1e0b-e5ac-11e9-af7c-30f7727a492e,00-00002047,Перчатки хозяйственные,,25b31fa7-6567-11f1-b821-005056bde474,false,false
Номенклатура — current,raw.r1c_nomenclature_current,abf7cc02-39bf-11ea-9523-30f7727a492e,00-00002400,Перчатки хозяйственные латексные с хлопковым напылением ЭКОНОМ,,25b31fa7-6567-11f1-b821-005056bde474,false,false
Номенклатура — current,raw.r1c_nomenclature_current,d02eb37e-570d-11eb-a997-fa163e0d31f7,БП-00003660,Пескобетон М300,,9088eead-75dc-11e7-af18-30f7727a492e,false,false
Номенклатура — current,raw.r1c_nomenclature_current,aaa2799c-5a18-11ef-9c59-00505689ff45,00-00010845,Пескобетон М300 40кг ,,9088eead-75dc-11e7-af18-30f7727a492e,false,false
Номенклатура — current,raw.r1c_nomenclature_current,ee6bb5a4-0be1-11ed-9c43-00505689c8d9,00-00006817,Песок,,9088eead-75dc-11e7-af18-30f7727a492e,false,false
Номенклатура — current,raw.r1c_nomenclature_current,9d24704e-9043-11ef-9c5e-00505689ff45,00-00011310,Петли левые дверные,,9088eead-75dc-11e7-af18-30f7727a492e,false,false
Номенклатура — current,raw.r1c_nomenclature_current,9088eeae-75dc-11e7-af18-30f7727a492e,00-00000067,Петля,,9088eead-75dc-11e7-af18-30f7727a492e,false,false
Номенклатура — current,raw.r1c_nomenclature_current,c3c8b33f-8491-11ef-9c5d-00505689ff45,00-00011218,Петля 100,,9088eead-75dc-11e7-af18-30f7727a492e,false,false
Номенклатура — current,raw.r1c_nomenclature_current,e514a04b-11bb-11ea-9520-30f7727a492e,00-00002208,Петля 65х110 левая,,9088eead-75dc-11e7-af18-30f7727a492e,false,false
Номенклатура — current,raw.r1c_nomenclature_current,dd6a1e0a-e5ac-11e9-af7c-30f7727a492e,00-00002046,Петля 91562,,9088eead-75dc-11e7-af18-30f7727a492e,false,false
Номенклатура — current,raw.r1c_nomenclature_current,164ffbc8-18d6-11ef-9c4f-005056893620,00-00010577,Петля ПК 50х40,,9088eead-75dc-11e7-af18-30f7727a492e,false,false
Номенклатура — current,raw.r1c_nomenclature_current,29a01ae6-bfd8-11eb-c69d-fa163e0d31f7,БП-00004073,Петля ПН-130 левая,,9088eead-75dc-11e7-af18-30f7727a492e,false,false
Номенклатура — current,raw.r1c_nomenclature_current,26362dd7-93b7-11f0-b818-005056bde474,00-00012728,Петля ПН5-60,,9088eead-75dc-11e7-af18-30f7727a492e,false,false
Номенклатура — current,raw.r1c_nomenclature_current,100bbe8c-93b7-11f0-b818-005056bde474,00-00012727,Петля ПНУ65,,9088eead-75dc-11e7-af18-30f7727a492e,false,false
Номенклатура — current,raw.r1c_nomenclature_current,a9bddbb7-378e-11ee-9c4e-00505689ff45,00-00008461,Петля УАЗ 469 боков верх.прав 469-6106012,,9b060c03-71d9-11e7-85a2-d43d7eec442d,false,false
Номенклатура — current,raw.r1c_nomenclature_current,96db44be-b364-11f1-b824-005056bde474,00-00014772,"Петля УЗК 40х40 ПН5-40 накладная 1,5мм ",,f0e4c260-a130-11e8-af4c-30f7727a492e,false,false
Номенклатура — current,raw.r1c_nomenclature_current,2b4f4fef-e996-11e9-af7d-30f7727a492e,00-00002087,Петля гаражная 25,,9088eead-75dc-11e7-af18-30f7727a492e,false,false
Номенклатура — current,raw.r1c_nomenclature_current,2b4f4fee-e996-11e9-af7d-30f7727a492e,00-00002086,Петля гаражная 30,,9088eead-75dc-11e7-af18-30f7727a492e,false,false
Номенклатура — current,raw.r1c_nomenclature_current,9cc6d5bc-2857-11ed-9c43-cb6d75bb653b,00-00007120,Петля гаражная 40,,9088eead-75dc-11e7-af18-30f7727a492e,false,false
Номенклатура — current,raw.r1c_nomenclature_current,5d1fdc89-cb9b-11e8-af53-30f7727a492e,00-00001270,Петля гаражная для сварки,,f0e4c260-a130-11e8-af4c-30f7727a492e,false,false
Номенклатура — current,raw.r1c_nomenclature_current,40c6de0f-7f96-11ed-9c4d-00505689c8d9,00-00007507,Петля дверцы сеткозашивочной машины В2,,9b060c02-71d9-11e7-85a2-d43d7eec442d,false,false
Номенклатура — current,raw.r1c_nomenclature_current,2cd742fc-a5d7-11f1-b824-005056bde474,00-00014737,Петля карточная 50x40 б/п,,e857fb59-7295-11f0-b814-005056bde474,false,false
Номенклатура — current,raw.r1c_nomenclature_current,04264579-70d5-11ec-9c40-00505689c8d9,АК-00005952,Петля не врезная,,9088eead-75dc-11e7-af18-30f7727a492e,false,false
Номенклатура — current,raw.r1c_nomenclature_current,f743cd38-9889-11eb-9b81-fa163e0d31f7,БП-00003844,Петля промышленная для R2,,9b060c03-71d9-11e7-85a2-d43d7eec442d,false,false
Номенклатура — current,raw.r1c_nomenclature_current,650093d3-a079-11ec-9c42-00505689c8d9,00-00006310,Петля угловая 30 гр,,9088eead-75dc-11e7-af18-30f7727a492e,false,false
Номенклатура — current,raw.r1c_nomenclature_current,59e7fbb4-733a-11ec-9c40-00505689c8d9,АК-00005966,Петля-стрела ПС120,,9088eead-75dc-11e7-af18-30f7727a492e,false,false
Номенклатура — current,raw.r1c_nomenclature_current,7c68123e-1451-11f0-b80e-005056bde474,00-00011937,Петролл Комплект заправочный 12v,,007d76f1-0a39-11f0-b80e-005056bde474,false,false
Номенклатура — current,raw.r1c_nomenclature_current,1a275a12-1ab4-11eb-c693-fa163e0d31f7,БП-00003183,"Печатная форма ""Лесные дали""",,5a3c0c16-097d-11f0-b80e-005056bde474,false,false
Номенклатура — current,raw.r1c_nomenclature_current,66c37929-0a47-11f0-b80e-005056bde474,00-00011877,Печать на бумаге,,9b060c58-71d9-11e7-85a2-d43d7eec442d,false,false
Номенклатура — current,raw.r1c_nomenclature_current,a05fa114-0aa8-11ea-a46e-94de80168a80,00-00002198,Печать самонабивная,,9088ee8b-75dc-11e7-af18-30f7727a492e,false,false
Номенклатура — current,raw.r1c_nomenclature_current,b609df30-b4fa-11ed-9c4d-00505689ff45,00-00007647,Печенье разное,,949ce154-6158-11eb-9c2d-0050560417d5,false,false
Номенклатура — current,raw.r1c_nomenclature_current,6c4ba0ed-523e-11ee-9c4e-00505689ff45,00-00009523,Пика по бетону SDS,,9088eead-75dc-11e7-af18-30f7727a492e,false,false
Номенклатура — current,raw.r1c_nomenclature_current,d8be81bc-f524-11eb-9c3a-00505689ff45,АК-00003643,Пикет Инсектицид,,f9d67774-531d-11f0-b811-005056bde474,false,false
Номенклатура — current,raw.r1c_nomenclature_current,70373564-8484-11ef-9c5d-00505689ff45,00-00011213,Пила интерскол ДП 235/2000М,,f990038e-0a38-11f0-b80e-005056bde474,false,false
Номенклатура — current,raw.r1c_nomenclature_current,4f5a9c04-3afc-11ef-9c59-00505689ff45,00-00010685,Пила по пенобетону ,,9088eead-75dc-11e7-af18-30f7727a492e,false,false
Номенклатура — current,raw.r1c_nomenclature_current,0d71451b-e623-11e7-a3fa-94de80168a80,00-00000550,Пилка для лобзика,,9088eead-75dc-11e7-af18-30f7727a492e,false,false
Номенклатура — current,raw.r1c_nomenclature_current,b1da5038-147d-11ec-9c3a-00505689ff45,АК-00004970,Пилка для лобзика GEPARD дерево Т144DP 75мм 2шт,,f7164898-2ffe-11eb-af80-fa163e0d31f7,false,false
Номенклатура — current,raw.r1c_nomenclature_current,60aa7bd7-147d-11ec-9c3a-00505689ff45,АК-00004968,Пилка для лобзика GEPARD металл Т118А 50мм 2шт,,f7164898-2ffe-11eb-af80-fa163e0d31f7,false,false
Номенклатура — current,raw.r1c_nomenclature_current,7eacb9bc-147d-11ec-9c3a-00505689ff45,АК-00004969,Пилка для лобзика GEPARD металл Т118АF 50мм 2шт,,f7164898-2ffe-11eb-af80-fa163e0d31f7,false,false
Номенклатура — current,raw.r1c_nomenclature_current,50814693-e568-11e7-a3fa-94de80168a80,00-00000539,Пиломатериалы,,9088eead-75dc-11e7-af18-30f7727a492e,false,false
Номенклатура — current,raw.r1c_nomenclature_current,0dab9f69-f2de-11eb-9c3a-00505689ff45,АК-00003304,"Пилот, ВСК Гербицид ",,5e0b1519-531c-11f0-b811-005056bde474,false,false
Номенклатура — current,raw.r1c_nomenclature_current,d8be81bd-f524-11eb-9c3a-00505689ff45,АК-00003644,Пионер Инсектицид,,2eaeac4d-5322-11f0-b811-005056bde474,false,false
Номенклатура — current,raw.r1c_nomenclature_current,d8be81be-f524-11eb-9c3a-00505689ff45,АК-00003645,Пиринекс 281-01-527-1 Инсектицид,,f9d67774-531d-11f0-b811-005056bde474,false,false
Номенклатура — current,raw.r1c_nomenclature_current,d8be81bf-f524-11eb-9c3a-00505689ff45,АК-00003646,Пиринекс 281-01-536-1 (взамен ранее выданного свидетельства от 29.12.2012 № 2494) Инсектицид,,f9d67774-531d-11f0-b811-005056bde474,false,false
Номенклатура — current,raw.r1c_nomenclature_current,eae11cba-25c6-11f0-b80e-005056bde474,00-00012037,Пистолен для монтажной пены,,9b060c15-71d9-11e7-85a2-d43d7eec442d,false,false
Номенклатура — current,raw.r1c_nomenclature_current,b2630708-94ee-11ea-9529-30f7727a492e,00-00002603,Пистолет (EU) ECOLINE+копье 80см+форсунка,,de1714af-8a12-11e7-af1d-30f7727a492e,false,false
Номенклатура — current,raw.r1c_nomenclature_current,822b253e-1423-11ef-9c4f-005056893620,00-00010524,"Пистолет SPG04 250bar 25 1/min 22х1,5 внеш,вращ 1/4 внут",,9b060c03-71d9-11e7-85a2-d43d7eec442d,false,false
Номенклатура — current,raw.r1c_nomenclature_current,89cb3b1c-4bd1-11ed-9c43-cb6d75bb653b,00-00007272,Пистолет tg-3 для подкачки шин 5001,,9b060c03-71d9-11e7-85a2-d43d7eec442d,false,false
Номенклатура — current,raw.r1c_nomenclature_current,93040b90-ea6c-11ed-9c4e-00505689ff45,00-00007902,Пистолет tg-3 для подкачки шин Pegas -5001,,9b060c03-71d9-11e7-85a2-d43d7eec442d,false,false
Номенклатура — current,raw.r1c_nomenclature_current,2b4f4ff2-e996-11e9-af7d-30f7727a492e,00-00002090,Пистолет для герметиков,,9088eead-75dc-11e7-af18-30f7727a492e,false,false
Номенклатура — current,raw.r1c_nomenclature_current,0d714522-e623-11e7-a3fa-94de80168a80,00-00000553,Пистолет для монтажной пены,,9b060c03-71d9-11e7-85a2-d43d7eec442d,false,false
Номенклатура — current,raw.r1c_nomenclature_current,eee5dbd0-70d2-11ec-9c40-00505689c8d9,АК-00005950,Пистолет для монтажной пены Шабашка,,f7164898-2ffe-11eb-af80-fa163e0d31f7,false,false
Номенклатура — current,raw.r1c_nomenclature_current,00c423fb-3bbd-11e8-af35-30f7727a492e,00-00000771,Пистолет для подкачки,,9088eead-75dc-11e7-af18-30f7727a492e,false,false
Номенклатура — current,raw.r1c_nomenclature_current,2200c20c-dc06-11e8-af56-30f7727a492e,00-00001320,Пистолет для подкачки шин МАТРИКС-57322,,9b060c03-71d9-11e7-85a2-d43d7eec442d,false,false
Номенклатура — current,raw.r1c_nomenclature_current,e5a45498-a014-11eb-c683-fa163e0d31f7,БП-00003854,Пистолет для продува АТ с насадкой 200 мм,,9b060c03-71d9-11e7-85a2-d43d7eec442d,false,false
Номенклатура — current,raw.r1c_nomenclature_current,d50d01b6-03e3-11eb-ac9e-fa163ee5d2f9,БП-00003067,Пистолет для скоб и гвоздей,,917ab634-0a38-11f0-b80e-005056bde474,false,false
Номенклатура — current,raw.r1c_nomenclature_current,9b060c94-71d9-11e7-85a2-d43d7eec442d,00000028   ,Пистолет заправочный Petroll,,9b060c03-71d9-11e7-85a2-d43d7eec442d,false,false
Номенклатура — current,raw.r1c_nomenclature_current,e05a64b4-5b18-11ee-9c4f-00505689ff45,00-00009565,Пистолет клеевой ,,9088eead-75dc-11e7-af18-30f7727a492e,false,false
Номенклатура — current,raw.r1c_nomenclature_current,7f793944-5278-11ec-9c40-00505689c8d9,АК-00005709,Пистолет клеевой 11мм 20/200 Вт,,9088eead-75dc-11e7-af18-30f7727a492e,false,false
Номенклатура — current,raw.r1c_nomenclature_current,d570c100-52bd-11f1-b821-005056bde474,00-00014397,Пистолет клеевой TC-GG EINHELL ,,020f2682-7363-11f0-b814-005056bde474,false,false
Номенклатура — current,raw.r1c_nomenclature_current,faf24fe7-1827-11ef-9c4f-005056893620,00-00010566,Пистолет насадка для мойки,,9b060c02-71d9-11e7-85a2-d43d7eec442d,false,false
Номенклатура — current,raw.r1c_nomenclature_current,6b00ac5f-1bc3-11ee-9c4e-00505689ff45,00-00008294,Пистолет продувочный ,,f7164898-2ffe-11eb-af80-fa163e0d31f7,false,false
Номенклатура — current,raw.r1c_nomenclature_current,1b80660a-32b5-11f1-b81f-005056bde474,00-00013981,Пистолет продувочный + удлиненное сопло Gigant BG140WIN,,020f2682-7363-11f0-b814-005056bde474,false,false
Номенклатура — current,raw.r1c_nomenclature_current,d3750d1b-d5f4-11f0-b81e-005056bde474,00-00013086,Пистолет продувочный 1/4 длина трубки 500мм 15атм.,,45c9e202-0a37-11f0-b80e-005056bde474,false,false
Номенклатура — current,raw.r1c_nomenclature_current,fb8de5b1-224f-11ee-9c4e-00505689ff45,00-00008343,Пистолет продувочный 250мм,,f7164898-2ffe-11eb-af80-fa163e0d31f7,false,false
Номенклатура — current,raw.r1c_nomenclature_current,adbf0ece-2250-11ee-9c4e-00505689ff45,00-00008344,Пистолет продувочный 270мм,,f7164898-2ffe-11eb-af80-fa163e0d31f7,false,false
Номенклатура — current,raw.r1c_nomenclature_current,77db02e2-250c-11ec-a9db-00505689f463,АК-00005364,Пистолет продувочный в блистере PAS-5,,f7164898-2ffe-11eb-af80-fa163e0d31f7,false,false
Номенклатура — current,raw.r1c_nomenclature_current,2200c1fb-dc06-11e8-af56-30f7727a492e,00-00001316,Пистолет продувочный с удлиненным соплом пневматический 135 мм МАТРИКС-57332,,9b060c03-71d9-11e7-85a2-d43d7eec442d,false,false
Номенклатура — current,raw.r1c_nomenclature_current,866646a1-3377-11ea-9522-30f7727a492e,00-00002349,Пистолет распылитель,,9088eead-75dc-11e7-af18-30f7727a492e,false,false
Номенклатура — current,raw.r1c_nomenclature_current,2b4f4fe5-e996-11e9-af7d-30f7727a492e,00-00002078,Пистолет скобозабивной,,9088eead-75dc-11e7-af18-30f7727a492e,false,false
Номенклатура — current,raw.r1c_nomenclature_current,8ddba82f-6a4f-11f1-b822-005056bde474,00-00014519,Пистолет-разбрызгиватель ,,f0e4c260-a130-11e8-af4c-30f7727a492e,false,false
Номенклатура — current,raw.r1c_nomenclature_current,f98fd582-4b94-11ec-9c40-00505689c8d9,АК-00005634,"Пистолет-разбрызгиватель комб.7 реж., латун.шток ""Дон г""7216//42305",,f0e4c260-a130-11e8-af4c-30f7727a492e,false,false
Номенклатура — current,raw.r1c_nomenclature_current,a784a3ce-5b57-11f1-b821-005056bde474,00-00014462,"Пистолет-распылитель 20 см, под шланги 1/2"",3/4"" с регулировкой угла распыления, пластик",,f0e4c260-a130-11e8-af4c-30f7727a492e,false,false
Номенклатура — current,raw.r1c_nomenclature_current,12228502-ea71-11eb-da8a-fa163e0d31f7,БП-00004576,Пистолет-распылитель GRINDA пласт 8-427370,,f0e4c260-a130-11e8-af4c-30f7727a492e,false,false
Номенклатура — current,raw.r1c_nomenclature_current,8cb1c5d4-e4b3-11f0-b81e-005056bde474,00-00013325,Пистолетная рукоятка для Mindeo M50,,9b060c1e-71d9-11e7-85a2-d43d7eec442d,false,false
Номенклатура — current,raw.r1c_nomenclature_current,8b6df4f0-f68c-11f0-b81e-005056bde474,00-00013443,"Плавкие вставки 5х20 ВПБ 0,16А 250В (10шт) Предохранитель быстродействующий",,baf617a9-7290-11f0-b814-005056bde474,false,false
Номенклатура — current,raw.r1c_nomenclature_current,62d6a2a6-f68d-11f0-b81e-005056bde474,00-00013449,"Плавкие вставки 5х20 ВПБ 0,25А 250В (10шт) Предохранитель быстродействующий",,baf617a9-7290-11f0-b814-005056bde474,false,false
Номенклатура — current,raw.r1c_nomenclature_current,e1730760-f68c-11f0-b81e-005056bde474,00-00013446,"Плавкие вставки 5х20 ВПБ 0,5А 250В (10шт) Предохранитель быстродействующий",,baf617a9-7290-11f0-b814-005056bde474,false,false
Номенклатура — current,raw.r1c_nomenclature_current,a5e51850-f68c-11f0-b81e-005056bde474,00-00013444,"Плавкие вставки 5х20 ВПБ 1,25А 250В (10шт) Предохранитель быстродействующий",,baf617a9-7290-11f0-b814-005056bde474,false,false
Номенклатура — current,raw.r1c_nomenclature_current,c0fabe61-f68c-11f0-b81e-005056bde474,00-00013445,"Плавкие вставки 5х20 ВПБ 1,6А 250В (10шт) Предохранитель быстродействующий",,baf617a9-7290-11f0-b814-005056bde474,false,false
Номенклатура — current,raw.r1c_nomenclature_current,8b62617a-f68d-11f0-b81e-005056bde474,00-00013451,Плавкие вставки 5х20 ВПБ 10А 250В (10шт) Предохранитель быстродействующий,,baf617a9-7290-11f0-b814-005056bde474,false,false
Номенклатура — current,raw.r1c_nomenclature_current,d81a76b1-f68d-11f0-b81e-005056bde474,00-00013455,Плавкие вставки 5х20 ВПБ 1А 250В (10шт) Предохранитель быстродействующий,,baf617a9-7290-11f0-b814-005056bde474,false,false
Номенклатура — current,raw.r1c_nomenclature_current,b44f8e27-f68d-11f0-b81e-005056bde474,00-00013453,Плавкие вставки 5х20 ВПБ 2А 250В (10шт) Предохранитель быстродействующий,,baf617a9-7290-11f0-b814-005056bde474,false,false
Номенклатура — current,raw.r1c_nomenclature_current,50c85c65-f68d-11f0-b81e-005056bde474,00-00013448,"Плавкие вставки 5х20 ВПБ 3,15А 250В (10шт) Предохранитель быстродействующий",,baf617a9-7290-11f0-b814-005056bde474,false,false
Номенклатура — current,raw.r1c_nomenclature_current,9d6d473d-f68d-11f0-b81e-005056bde474,00-00013452,Плавкие вставки 5х20 ВПБ 4А 250В (10шт) Предохранитель быстродействующий,,baf617a9-7290-11f0-b814-005056bde474,false,false
Номенклатура — current,raw.r1c_nomenclature_current,c71b52b0-f68d-11f0-b81e-005056bde474,00-00013454,Плавкие вставки 5х20 ВПБ 5А 250В (10шт) Предохранитель быстродействующий,,baf617a9-7290-11f0-b814-005056bde474,false,false
Номенклатура — current,raw.r1c_nomenclature_current,77361594-f68d-11f0-b81e-005056bde474,00-00013450,Плавкие вставки 5х20 ВПБ 6А 250В (10шт) Предохранитель быстродействующий,,baf617a9-7290-11f0-b814-005056bde474,false,false
Номенклатура — current,raw.r1c_nomenclature_current,ef760412-f68c-11f0-b81e-005056bde474,00-00013447,Плавкие вставки 5х20 ВПБ 8А 250В (10шт) Предохранитель быстродействующий,,baf617a9-7290-11f0-b814-005056bde474,false,false
Номенклатура — current,raw.r1c_nomenclature_current,6e6afdd1-f92c-11ef-b80e-005056bde474,00-00011728,Пламегаситель коллекторный,,9b060c03-71d9-11e7-85a2-d43d7eec442d,false,false
Номенклатура — current,raw.r1c_nomenclature_current,d1d320a4-ab08-11ef-9c5e-00505689ff45,00-00011388,План эвакуации,,917ab634-0a38-11f0-b80e-005056bde474,false,false
Номенклатура — current,raw.r1c_nomenclature_current,a0ccfbfe-3fd6-11ed-9c43-cb6d75bb653b,00-00007210,Планетарка стартера,,9b060c03-71d9-11e7-85a2-d43d7eec442d,false,false
Номенклатура — current,raw.r1c_nomenclature_current,e8dbc57f-84ac-11ef-9c5d-00505689ff45,00-00011263,"Планинг недатированный 295-100, картон,56 л",,9088ee8b-75dc-11e7-af18-30f7727a492e,false,false
Номенклатура — current,raw.r1c_nomenclature_current,b10b9784-dfef-11f0-b81e-005056bde474,00-00013224,"Планинг недатированный 490х350мм, 12л",,9088ee8b-75dc-11e7-af18-30f7727a492e,false,false
Номенклатура — current,raw.r1c_nomenclature_current,30115b90-ca76-11ea-9d96-fa163ee5d2f9,БП-00002895,Планка,,9088eead-75dc-11e7-af18-30f7727a492e,false,false
Номенклатура — current,raw.r1c_nomenclature_current,5d944c16-3422-11ed-9c43-cb6d75bb653b,00-00007172,Планка КПК-3-0116476 ,,9b060c03-71d9-11e7-85a2-d43d7eec442d,false,false
Номенклатура — current,raw.r1c_nomenclature_current,db0aa7bb-0177-11ea-951c-30f7727a492e,00-00002135,Планка ЯМЗ-240 (240Б-3701790-Б),,9b060c03-71d9-11e7-85a2-d43d7eec442d,false,false
Номенклатура — current,raw.r1c_nomenclature_current,1449b120-cf64-11eb-bd90-fa163e0d31f7,БП-00004162,Планка конька плоского 190х190 Optima 0.5Zn,,9088eead-75dc-11e7-af18-30f7727a492e,false,false
Номенклатура — current,raw.r1c_nomenclature_current,0f195e1c-04fa-11ec-9c3a-00505689ff45,АК-00004685,Планка примыкания,,9088eead-75dc-11e7-af18-30f7727a492e,false,false
Номенклатура — current,raw.r1c_nomenclature_current,013d2fdd-5f5d-11e9-af6b-30f7727a492e,00-00001542,Планка стопорная 700.22.00.015-1,,9b060c03-71d9-11e7-85a2-d43d7eec442d,false,false
Номенклатура — current,raw.r1c_nomenclature_current,ba374d00-755f-11e9-af6d-30f7727a492e,00-00001608,Планка стопорная К-700.,,9b060c03-71d9-11e7-85a2-d43d7eec442d,false,false
Номенклатура — current,raw.r1c_nomenclature_current,8e1b562b-7cbb-11ef-9c5d-00505689ff45,00-00011124,Планки распорные задних колодок ВАЗ 2101 с рычагами,,9b060c03-71d9-11e7-85a2-d43d7eec442d,false,false
Номенклатура — current,raw.r1c_nomenclature_current,bff17fae-349f-11f0-b80e-005056bde474,00-00012323,Плановое ТО,,8eaa909a-349f-11f0-b80e-005056bde474,false,false
Номенклатура — current,raw.r1c_nomenclature_current,0d9c80b2-dde1-11ed-9c4e-00505689ff45,00-00007803,"Планшайба для УШМ резьба М14,посадка 22,2мм",,9b060c03-71d9-11e7-85a2-d43d7eec442d,false,false
Номенклатура — current,raw.r1c_nomenclature_current,56105e68-e7ae-11ea-3497-fa163ee5d2f9,БП-00002982,"Планшет пластиковый Комус с крышкой,черный",,9088ee8b-75dc-11e7-af18-30f7727a492e,false,false
Номенклатура — current,raw.r1c_nomenclature_current,4941b6a8-1c3f-11ec-9c3a-00505689ff45,АК-00005180,Планшетный компьютер ГлоШАШ7VT,,ce412305-0a38-11f0-b80e-005056bde474,false,false
Номенклатура — current,raw.r1c_nomenclature_current,7284f4af-74fe-11ef-9c5d-00505689ff45,00-00011079,Пластиков. лента Т40L 400*5350 м,,9b060c03-71d9-11e7-85a2-d43d7eec442d,false,false
Номенклатура — current,raw.r1c_nomenclature_current,1b37fa4d-4216-11f1-b821-005056bde474,00-00014115,Пластиковая тара,,9088eeab-75dc-11e7-af18-30f7727a492e,true,false
Номенклатура — current,raw.r1c_nomenclature_current,5466af30-5364-11f1-b821-005056bde474,00-00014411,Пластиковая форсунка,,45c9e202-0a37-11f0-b80e-005056bde474,false,false
Номенклатура — current,raw.r1c_nomenclature_current,13b4c224-e424-11f0-b81e-005056bde474,00-00013307,Пластиковый труборез 0-63 мм NEO Tools 02-075,,007d76f1-0a39-11f0-b80e-005056bde474,false,false
Номенклатура — current,raw.r1c_nomenclature_current,1fbee02d-f8e7-11ef-b80e-005056bde474,00-00011706,Пластина БДТ 02.404,,9b060c03-71d9-11e7-85a2-d43d7eec442d,false,false
Номенклатура — current,raw.r1c_nomenclature_current,8c68134c-f8e3-11ef-b80e-005056bde474,00-00011697,Пластина БДТ 02.413,,9b060c03-71d9-11e7-85a2-d43d7eec442d,false,false
Номенклатура — current,raw.r1c_nomenclature_current,c37019fa-1759-11eb-aa97-fa163e0d31f7,БП-00003167,Пластина выравнивания,,24750554-1759-11eb-aa97-fa163e0d31f7,false,false
Номенклатура — current,raw.r1c_nomenclature_current,5f728f2c-7f55-11ec-9c41-00505689c8d9,00-00006029,Пластина для упаковки 4-х отражателей,,f0e4c260-a130-11e8-af4c-30f7727a492e,false,false
Номенклатура — current,raw.r1c_nomenclature_current,59dec570-437f-11eb-b594-fa163e0d31f7,БП-00003433,Пластина зажимная 300мм ,,5a3c0c16-097d-11f0-b80e-005056bde474,false,false
Номенклатура — current,raw.r1c_nomenclature_current,b8e3c474-20ef-11ec-9c3a-00505689ff45,АК-00005304,Пластина лемеха КПК 0104401,,9b060c03-71d9-11e7-85a2-d43d7eec442d,false,false
Номенклатура — current,raw.r1c_nomenclature_current,ea65f791-20ef-11ec-9c3a-00505689ff45,АК-00005305,Пластина лемеха КПК 0104402,,9b060c03-71d9-11e7-85a2-d43d7eec442d,false,false
Номенклатура — current,raw.r1c_nomenclature_current,97add5ff-4640-11ee-9c4e-00505689ff45,00-00009402,Пластина металическая ,,9b060c03-71d9-11e7-85a2-d43d7eec442d,false,false
Номенклатура — current,raw.r1c_nomenclature_current,c9090478-463f-11ee-9c4e-00505689ff45,00-00009398,Пластина металическая 015.42488,,9b060c03-71d9-11e7-85a2-d43d7eec442d,false,false
Номенклатура — current,raw.r1c_nomenclature_current,f6810496-463f-11ee-9c4e-00505689ff45,00-00009399,Пластина металическая 015.42489,,9b060c03-71d9-11e7-85a2-d43d7eec442d,false,false
Номенклатура — current,raw.r1c_nomenclature_current,f936749a-0017-11ec-9c3a-00505689ff45,АК-00003957,Пластина прижимная ,,9b060c03-71d9-11e7-85a2-d43d7eec442d,false,false
Номенклатура — current,raw.r1c_nomenclature_current,9d6c12aa-9303-11f0-b818-005056bde474,00-00012716,Пластина регулировочная,,515b983a-72a8-11eb-4886-fa163e0d31f7,false,false
Номенклатура — current,raw.r1c_nomenclature_current,145be6c0-08d3-11f1-b81f-005056bde474,00-00013744,Плата ASRock LGA1700 B760M PG LIGHTNING/D4 4xDDR4 PCI-Ex16 DP/HDMI SATA3 2xM2 USB3.2 Gen1 Type-C mAT,,ce412305-0a38-11f0-b80e-005056bde474,false,false
Номенклатура — current,raw.r1c_nomenclature_current,bce24b9d-2849-11ed-9c43-cb6d75bb653b,00-00007100,Плафон номерного знака,,9b060c03-71d9-11e7-85a2-d43d7eec442d,false,false
Номенклатура — current,raw.r1c_nomenclature_current,bb5f0999-0c28-11ec-9c3a-00505689ff45,АК-00004870,Плашки,,f7164898-2ffe-11eb-af80-fa163e0d31f7,false,false
Номенклатура — current,raw.r1c_nomenclature_current,b73a4ed1-1052-11ee-9c4e-00505689ff45,00-00008221,Плащ Тайфун зеленый 48-50,,5bb71de3-6567-11f1-b821-005056bde474,false,false
Номенклатура — current,raw.r1c_nomenclature_current,16de69aa-570d-11eb-a997-fa163e0d31f7,БП-00003658,Плащ ФОРЕСТ цв.желтый,,5bb71de3-6567-11f1-b821-005056bde474,false,false
Номенклатура — current,raw.r1c_nomenclature_current,9d33f4cb-b366-11f1-b824-005056bde474,00-00014778,Плащ влагозащитный  ПВХ Poseidon син. 48-50/170-176,,5bb71de3-6567-11f1-b821-005056bde474,false,false
Номенклатура — current,raw.r1c_nomenclature_current,b420b8c7-b366-11f1-b824-005056bde474,00-00014780,Плащ влагозащитный  ПВХ Poseidon син. 52-54/170-176 ,,5bb71de3-6567-11f1-b821-005056bde474,false,false
Номенклатура — current,raw.r1c_nomenclature_current,aa7bc9a7-b366-11f1-b824-005056bde474,00-00014779,"Плащ влагозащитный Komfi EVA, синий, 75x120, 110мк",,5bb71de3-6567-11f1-b821-005056bde474,false,false
Номенклатура — current,raw.r1c_nomenclature_current,c5fd1d75-b366-11f1-b824-005056bde474,00-00014781,"Плащ влагозащитный Komfi EVA, фиолетовый, 75x120, 110мк",,5bb71de3-6567-11f1-b821-005056bde474,false,false
Номенклатура — current,raw.r1c_nomenclature_current,7d41b4b6-b366-11f1-b824-005056bde474,00-00014776,Плащ влагозащитный ПВХ Poseidon син 52-54/182-188,,5bb71de3-6567-11f1-b821-005056bde474,false,false
Номенклатура — current,raw.r1c_nomenclature_current,8b808034-b366-11f1-b824-005056bde474,00-00014777,Плащ влагозащитный сигнальный ПВХ Ext-V  желт СОП 52-54/170-176,,5bb71de3-6567-11f1-b821-005056bde474,false,false
Номенклатура — current,raw.r1c_nomenclature_current,6fe7c3eb-b366-11f1-b824-005056bde474,00-00014775,Плащ влагозащитный сигнальный ПВХ Ext-V желт СОП 60-62/170-176,,5bb71de3-6567-11f1-b821-005056bde474,false,false
Номенклатура — current,raw.r1c_nomenclature_current,7fe933dc-25d2-11ed-9c43-cb6d75bb653b,00-00007075,Плащ-дождевик влагозащитный БЕРТА,,5bb71de3-6567-11f1-b821-005056bde474,false,false
Номенклатура — current,raw.r1c_nomenclature_current,66236ed0-3ace-11eb-dc8d-fa163e0d31f7,БП-00003418,Плащ-дождевик полиэтиленовый универсальный размер,,5bb71de3-6567-11f1-b821-005056bde474,false,false
Номенклатура — current,raw.r1c_nomenclature_current,5bb71de3-6567-11f1-b821-005056bde474,00-00014506,Плащи и дождевики,,9088eea8-75dc-11e7-af18-30f7727a492e,true,false
Номенклатура — current,raw.r1c_nomenclature_current,24fc4586-04f8-11ec-9c3a-00505689ff45,АК-00004683,Пленка ТехноНиколь гидроиз. 50кв.м,,9088eead-75dc-11e7-af18-30f7727a492e,false,false
Номенклатура — current,raw.r1c_nomenclature_current,6aabb11a-dc99-11ef-b80c-005056bde474,00-00011583,Пленка для ламинирования (A4/60мкм) 50шт/упак,,f0e4c260-a130-11e8-af4c-30f7727a492e,false,false
Номенклатура — current,raw.r1c_nomenclature_current,5abd3e01-1470-11ec-9c3a-00505689ff45,АК-00004953,Пленка для ламинирования Aceline (A4/100мкм) глянцевые,,f0e4c260-a130-11e8-af4c-30f7727a492e,false,false
Номенклатура — current,raw.r1c_nomenclature_current,388a9611-1470-11ec-9c3a-00505689ff45,АК-00004952,Пленка для ламинирования Aceline (A4/80мкм) глянцевые,,f0e4c260-a130-11e8-af4c-30f7727a492e,false,false
Номенклатура — current,raw.r1c_nomenclature_current,d1849210-c4f6-11ea-9291-fa163ee5d2f9,БП-00002867,"Пленка для сенажа 25m,500х1800м AGROCROP",,76f9e9b5-0987-11f0-b80e-005056bde474,false,false
Номенклатура — current,raw.r1c_nomenclature_current,ba463c24-ad82-11ea-d488-fa163ee5d2f9,БП-00002767,"Пленка для сенажа белая 5сл-0,5мх1800м Groptera",,76f9e9b5-0987-11f0-b80e-005056bde474,false,false
Номенклатура — current,raw.r1c_nomenclature_current,06a03b6e-ba16-11f0-b81e-005056bde474,00-00012964,Пленка п/э 100мкм 3м,,9088eead-75dc-11e7-af18-30f7727a492e,false,false
Номенклатура — current,raw.r1c_nomenclature_current,272a5ab6-b4fa-11f0-b81e-005056bde474,00-00012935,Пленка п/э 150мкм 3м,,9088eead-75dc-11e7-af18-30f7727a492e,false,false
Номенклатура — current,raw.r1c_nomenclature_current,9e4d5d41-32ba-11f1-b81f-005056bde474,00-00013996,Пленка п/э 200мкм 3м,,f0e4c260-a130-11e8-af4c-30f7727a492e,false,false
Номенклатура — current,raw.r1c_nomenclature_current,f5dd1a8b-812f-11e9-af6f-30f7727a492e,00-00001641,Пленка п/э стрейч 2 кг,,01c24358-4215-11f1-b821-005056bde474,false,false
Номенклатура — current,raw.r1c_nomenclature_current,f5dd1a8c-812f-11e9-af6f-30f7727a492e,00-00001642,"Пленка п/э стрейч 2,11 кг",,9088eead-75dc-11e7-af18-30f7727a492e,false,false
Номенклатура — current,raw.r1c_nomenclature_current,a2429385-93ac-11f0-b818-005056bde474,00-00012724,Пленка полиэтиленовая 100мх 3м,,9088eead-75dc-11e7-af18-30f7727a492e,false,false
Номенклатура — current,raw.r1c_nomenclature_current,b020c6a7-9222-11ec-9c42-00505689c8d9,00-00006187,Пленка полиэтиленовая 200мх 3м,,9b060c02-71d9-11e7-85a2-d43d7eec442d,false,false
Номенклатура — current,raw.r1c_nomenclature_current,4dbe4f18-c4f9-11ea-9291-fa163ee5d2f9,БП-00002869,Пленка полиэтиленовая 210х6мх50м,,76f9e9b5-0987-11f0-b80e-005056bde474,false,false
Номенклатура — current,raw.r1c_nomenclature_current,993b0e6d-4215-11f1-b821-005056bde474,00-00014113,Пленка ра/ре,,a986fb07-0a39-11f0-b80e-005056bde474,true,false
Номенклатура — current,raw.r1c_nomenclature_current,2022e722-d693-11f0-b81e-005056bde474,00-00013092,Пленка ра/ре 100мкм 568мм,,993b0e6d-4215-11f1-b821-005056bde474,false,false
Номенклатура — current,raw.r1c_nomenclature_current,bc7851fe-cf45-11f0-b81e-005056bde474,00-00013000,Пленка ра/ре 200мкм 422мм,,993b0e6d-4215-11f1-b821-005056bde474,false,false
Номенклатура — current,raw.r1c_nomenclature_current,045f159f-cf47-11f0-b81e-005056bde474,00-00013002,Пленка ра/ре 200мкм 590мм,,993b0e6d-4215-11f1-b821-005056bde474,false,false
Номенклатура — current,raw.r1c_nomenclature_current,d8492b9d-cf46-11f0-b81e-005056bde474,00-00013001,Пленка ра/ре 65мкм 400мм,,993b0e6d-4215-11f1-b821-005056bde474,false,false
Номенклатура — current,raw.r1c_nomenclature_current,84b5f90e-53e1-11eb-2798-fa163e0d31f7,БП-00003553,Пленка стрейч 500х23 мм (бизнес),,01c24358-4215-11f1-b821-005056bde474,false,false
Номенклатура — current,raw.r1c_nomenclature_current,b8fc29f4-53e1-11eb-2798-fa163e0d31f7,БП-00003554,Пленка стрейч 500х23 мм (премиум),,01c24358-4215-11f1-b821-005056bde474,false,false
Номенклатура — current,raw.r1c_nomenclature_current,8c3c968c-6c8d-11eb-b79a-fa163e0d31f7,БП-00003721,Пленка стрейч вторичная машинная 15кг,,01c24358-4215-11f1-b821-005056bde474,false,false
Номенклатура — current,raw.r1c_nomenclature_current,4ac2afb6-6fc2-11f1-b822-005056bde474,00-00014544,Пленка_TM-PLY T9210 F 420 300 250 I3C P,,993b0e6d-4215-11f1-b821-005056bde474,false,false
Номенклатура — current,raw.r1c_nomenclature_current,1659ae27-6fc2-11f1-b822-005056bde474,00-00014543,Пленка_TM-PLY T9235 F 398 600 090 I3C P,,993b0e6d-4215-11f1-b821-005056bde474,false,false
Номенклатура — current,raw.r1c_nomenclature_current,d8be81c0-f524-11eb-9c3a-00505689ff45,АК-00003647,Пленум Инсектицид,,f9d67774-531d-11f0-b811-005056bde474,false,false
Номенклатура — current,raw.r1c_nomenclature_current,15e0ac7c-5dfe-11ee-9c4f-00505689ff45,00-00009600,"Плинтус Джокер 3,(3,05м) пластик",,9088eead-75dc-11e7-af18-30f7727a492e,false,false
Номенклатура — current,raw.r1c_nomenclature_current,e559c157-8825-11ec-9c41-00505689c8d9,00-00006086,Плинтус Дуб Рустик,,9088eead-75dc-11e7-af18-30f7727a492e,false,false
Номенклатура — current,raw.r1c_nomenclature_current,c2763e4d-6afb-11ed-9c4d-00505689c8d9,00-00007389,Плинтус Комфорт,,9088eead-75dc-11e7-af18-30f7727a492e,false,false
Номенклатура — current,raw.r1c_nomenclature_current,e273254e-f0e2-11ee-9c4c-005056893620,00-00010345,Плинтус кабель канал,,9088eead-75dc-11e7-af18-30f7727a492e,false,false
Номенклатура — current,raw.r1c_nomenclature_current,82e3039d-9e35-11e9-af74-30f7727a492e,00-00001737,Плита ЭПТ-1,,d56a52ab-0a38-11f0-b80e-005056bde474,false,false
Номенклатура — current,raw.r1c_nomenclature_current,723510dd-1478-11ec-9c3a-00505689ff45,АК-00004960,Плита газовая 4-х конф. GEFEST-ПГ-900К17,,d56a52ab-0a38-11f0-b80e-005056bde474,false,false
Номенклатура — current,raw.r1c_nomenclature_current,9ee25396-4660-11ee-9c4e-00505689ff45,00-00009409,Плита электрическая  Gefest es 511mo35 комфорок 4,,d56a52ab-0a38-11f0-b80e-005056bde474,false,false
Номенклатура — current,raw.r1c_nomenclature_current,9cb87ef6-29fd-11ed-9c43-cb6d75bb653b,00-00007126,"Плита электрическая Flama AE 1403 B эмаль,сталь конф 4,5л ящик коричневый",,d56a52ab-0a38-11f0-b80e-005056bde474,false,false
Номенклатура — current,raw.r1c_nomenclature_current,9f0c989f-17e4-11ed-9c43-cb6d75bb653b,00-00006895,Плитка дорожная 2П 30.18-30 ТУ,,9088eead-75dc-11e7-af18-30f7727a492e,false,false
Номенклатура — current,raw.r1c_nomenclature_current,8f4dc272-6231-11ec-9c40-00505689c8d9,АК-00005817,Плитка настенная 20*30 белая премиум,,9088eead-75dc-11e7-af18-30f7727a492e,false,false
Номенклатура — current,raw.r1c_nomenclature_current,2f13e62c-2526-11ed-9c43-cb6d75bb653b,00-00007054,Плиткорез,,9088eeaf-75dc-11e7-af18-30f7727a492e,false,false
Номенклатура — current,raw.r1c_nomenclature_current,1eeee2cb-c6ae-11f0-b81e-005056bde474,00-00012986,"Пломба пластиковая номерная, одноразовая",,5a3c0c16-097d-11f0-b80e-005056bde474,false,false
Номенклатура — current,raw.r1c_nomenclature_current,42fb7f6c-792b-11f1-b822-005056bde474,00-00014596,Плоская кисть 50 мм FB-50 Gigant ,,5221e7b6-0a39-11f0-b80e-005056bde474,false,false
Номенклатура — current,raw.r1c_nomenclature_current,37003c0a-b2df-11e9-af76-30f7727a492e,00-00001798,Плоскогубцы 160 мм,,9b060c03-71d9-11e7-85a2-d43d7eec442d,false,false
Номенклатура — current,raw.r1c_nomenclature_current,e66046bf-82a0-11ec-9c41-00505689c8d9,00-00006065,Плоскогубцы 180 мм,,007d76f1-0a39-11f0-b80e-005056bde474,false,false
Номенклатура — current,raw.r1c_nomenclature_current,9dcae3e4-bfe0-11eb-c69d-fa163e0d31f7,БП-00004085,Плоскогубцы 200 мм,,9088eead-75dc-11e7-af18-30f7727a492e,false,false
Номенклатура — current,raw.r1c_nomenclature_current,24ff432b-6b62-11ed-9c4d-00505689c8d9,00-00007445,Площадка ПМ 22Х16Х4 под винт бел,,20e031f3-0a37-11f0-b80e-005056bde474,false,false
Номенклатура — current,raw.r1c_nomenclature_current,147a59e7-f695-11f0-b81e-005056bde474,00-00013470,"Площадка для крепления стяжки с монтажным отверстием ПМО 15х10 черн., 100шт.",,e857fb59-7295-11f0-b814-005056bde474,false,false
Номенклатура — current,raw.r1c_nomenclature_current,f5d20976-b375-11ee-9c4c-005056893620,00-00010064,"Площадка для обслуживания (ПАБ15, Лесные Дали)",,de1714af-8a12-11e7-af1d-30f7727a492e,false,false
Номенклатура — current,raw.r1c_nomenclature_current,a29cb5b6-f270-11ee-9c4c-005056893620,00-00010359,"Площадка для обслуживания (ПАБ23-01, Лесные Дали)",,de1714af-8a12-11e7-af1d-30f7727a492e,false,false
Номенклатура — current,raw.r1c_nomenclature_current,c866afd6-f270-11ee-9c4c-005056893620,00-00010360,"Площадка для обслуживания (ПАБ23-02, Лесные Дали)",,de1714af-8a12-11e7-af1d-30f7727a492e,false,false
Номенклатура — current,raw.r1c_nomenclature_current,6b41a5db-4b36-11ee-9c4e-00505689ff45,00-00009485,Площадка для стяжки под винт  23*16 мм (100шт),,20e031f3-0a37-11f0-b80e-005056bde474,false,false
Номенклатура — current,raw.r1c_nomenclature_current,46698601-5793-11ea-8118-d43d7ec071d4,00-00002481,Плуг навесной FINST ПЛН-4.35 Р33.04.00.000-01 (без предплужников),,9b060cbb-71d9-11e7-85a2-d43d7eec442d,false,false
Номенклатура — current,raw.r1c_nomenclature_current,466985fe-5793-11ea-8118-d43d7ec071d4,00-00002480,Плуг навесной FINST ПЛН-8.35 Р33.137.00.000-01 (без предплужников),,9b060cbb-71d9-11e7-85a2-d43d7eec442d,false,false
Номенклатура — current,raw.r1c_nomenclature_current,f11db27e-98d4-11ea-952a-30f7727a492e,00-00002672,"Пневматический ударный гайковерт 1/2""7000 об/мин,1200 Нм 55372 Ombra OMP11212",,9b060c03-71d9-11e7-85a2-d43d7eec442d,false,false
Номенклатура — current,raw.r1c_nomenclature_current,a0a2dd22-94a6-11f0-b818-005056bde474,00-00012750,Пневматический шприц для смазки,,9d7ba1ab-7362-11f0-b814-005056bde474,false,false
Номенклатура — current,raw.r1c_nomenclature_current,77179c04-e486-11eb-0c9a-fa163e0d31f7,БП-00004459,"Пневмогайковерт Metabo DSSW 360 Set 1/2""+10 головок 604118500",,f7164898-2ffe-11eb-af80-fa163e0d31f7,false,false
Номенклатура — current,raw.r1c_nomenclature_current,8fe4956e-ab32-11ef-9c5e-00505689ff45,00-00011398,Пневмогайконверт ударный 1/2 8500 об/мин ,,9088eeaf-75dc-11e7-af18-30f7727a492e,false,false
Номенклатура — current,raw.r1c_nomenclature_current,1f31a3fd-e230-11ef-b80c-005056bde474,00-00011631,Пневмогайконверт ударный 3/4 7000 об/мин Rockforce,,9088eeaf-75dc-11e7-af18-30f7727a492e,false,false
Номенклатура — current,raw.r1c_nomenclature_current,5d8f00d2-14e9-11ed-9c43-cb6d75bb653b,00-00006838,Пневмоглушитель на основе спеченной бронзы наружная резьба G1/8,,9b060c03-71d9-11e7-85a2-d43d7eec442d,false,false
Номенклатура — current,raw.r1c_nomenclature_current,0a2134d4-7925-11f1-b822-005056bde474,00-00014590,Пневмоинструмент OPTIPRO CN 70 CN70PRO,,020f2682-7363-11f0-b814-005056bde474,false,false
Номенклатура — current,raw.r1c_nomenclature_current,3cc37fa5-6d4b-11ec-9c40-00505689c8d9,АК-00005879,Пневмоклапан Zawor V5/2 M EB80,,9b060c03-71d9-11e7-85a2-d43d7eec442d,false,false
Номенклатура — current,raw.r1c_nomenclature_current,c4032dac-4bcf-11ed-9c43-cb6d75bb653b,00-00007267,Пневмопистолет DCL170/4 продувочный удлиненный 170 л/м,,9b060c03-71d9-11e7-85a2-d43d7eec442d,false,false
Номенклатура — current,raw.r1c_nomenclature_current,03d38a73-a544-11f1-b824-005056bde474,00-00014734,Пневмопистолет для подкачки шин TIG-1,,020f2682-7363-11f0-b814-005056bde474,false,false
Номенклатура — current,raw.r1c_nomenclature_current,e0e093f8-114d-11f1-b81f-005056bde474,00-00013800,Пневмораспределитель 4V210-08 DC24V ,,3fa5d5b3-728e-11f0-b814-005056bde474,false,false
Номенклатура — current,raw.r1c_nomenclature_current,10d49127-855e-11ee-9c4a-005056893620,00-00009791,"Пневмоцилиндр серии MS ISO6432 диаметр поршня 25мм,ход 100мм,гильза нерж",,9b060c03-71d9-11e7-85a2-d43d7eec442d,false,false
Номенклатура — current,raw.r1c_nomenclature_current,a9437e8d-0259-11f1-b81e-005056bde474,00-00013670,Пневмошланг PVC 10ммх20м,,8ed18205-728e-11f0-b814-005056bde474,false,false
Номенклатура — current,raw.r1c_nomenclature_current,598b92c2-3acb-11eb-dc8d-fa163e0d31f7,БП-00003410,Пневмошлифмашина прямая GL25000+набор 100117,,f7164898-2ffe-11eb-af80-fa163e0d31f7,false,false
Номенклатура — current,raw.r1c_nomenclature_current,2b4f4ff6-e996-11e9-af7d-30f7727a492e,00-00002094,Побелка,,9088eead-75dc-11e7-af18-30f7727a492e,false,false
Номенклатура — current,raw.r1c_nomenclature_current,06093680-a159-11e8-af4c-30f7727a492e,00-00001102,Побелка 5 кг,,9088eead-75dc-11e7-af18-30f7727a492e,false,false
Номенклатура — current,raw.r1c_nomenclature_current,82236f6c-5a1a-11ef-9c59-00505689ff45,00-00010852,Побелка клеевая 15 кг,,9088eead-75dc-11e7-af18-30f7727a492e,false,false
Номенклатура — current,raw.r1c_nomenclature_current,3d480fa1-6b2e-11ed-9c4d-00505689c8d9,00-00007421,Поводок прутка,,9b060c03-71d9-11e7-85a2-d43d7eec442d,false,false
Номенклатура — current,raw.r1c_nomenclature_current,335562d1-1024-11ee-9c4e-00505689ff45,00-00008210,Поводок с/о 3302,,9b060c03-71d9-11e7-85a2-d43d7eec442d,false,false
Номенклатура — current,raw.r1c_nomenclature_current,64a09ff7-5a10-11ef-9c59-00505689ff45,00-00010830,Поворот открывающийся на 90гр. CI20G (упак.50шт) ИЭК,,9b060c03-71d9-11e7-85a2-d43d7eec442d,false,false
Номенклатура — current,raw.r1c_nomenclature_current,ac085d30-2ae7-11ec-b9a9-00505689914b,АК-00005448,Поворотник правый,,9b060c03-71d9-11e7-85a2-d43d7eec442d,false,false
Номенклатура — current,raw.r1c_nomenclature_current,5b961ba2-fb51-11ef-b80e-005056bde474,00-00011735,Поворотные слесарные тиски 150мм,,9088eeaf-75dc-11e7-af18-30f7727a492e,false,false
Номенклатура — current,raw.r1c_nomenclature_current,78fc2f00-2e5e-11eb-288c-fa163e0d31f7,БП-00003268,Поворотный стол ТО-120,,de1714af-8a12-11e7-af1d-30f7727a492e,false,false
Номенклатура — current,raw.r1c_nomenclature_current,a01d92fa-f742-11ee-9c4c-005056893620,00-00010400,Повторитель поворота,,9b060c03-71d9-11e7-85a2-d43d7eec442d,false,false
Номенклатура — current,raw.r1c_nomenclature_current,10a5b2f8-76c7-11e7-af18-30f7727a492e,00-00000112,Погрузка,,34f83455-094c-11f0-b80e-005056bde474,false,false
Номенклатура — current,raw.r1c_nomenclature_current,e4702b68-f048-11f0-b81e-005056bde474,00-00013400,Погрузка-разгрузка,,34f83455-094c-11f0-b80e-005056bde474,false,false
Номенклатура — current,raw.r1c_nomenclature_current,ec18c9e7-ff61-11e7-af2b-30f7727a492e,00-00000663,Погрузочно-разгрузочные работы,,34f83455-094c-11f0-b80e-005056bde474,false,false
Номенклатура — current,raw.r1c_nomenclature_current,fdfd13ba-ca10-11eb-2782-fa163e0d31f7,БП-00004141,"Погрузчик Камера 8,25*15",,9b060c03-71d9-11e7-85a2-d43d7eec442d,false,false
Номенклатура — current,raw.r1c_nomenclature_current,f4ec90b5-d978-11ef-b80c-005056bde474,00-00011569,Подарки детские,,f0e4c260-a130-11e8-af4c-30f7727a492e,false,false
Номенклатура — current,raw.r1c_nomenclature_current,ea00252c-3288-11ed-9c43-cb6d75bb653b,00-00007146,Подвеска  AL222036,,9b060c03-71d9-11e7-85a2-d43d7eec442d,false,false
Номенклатура — current,raw.r1c_nomenclature_current,92d67fb5-73f5-11ef-9c5d-00505689ff45,00-00011037,Подвесной подшипник карданного вала 1846 FEBI,,9b060c03-71d9-11e7-85a2-d43d7eec442d,false,false
Номенклатура — current,raw.r1c_nomenclature_current,869710dd-847f-11ef-9c5d-00505689ff45,00-00011203,Подводка ГГ 100 мм,,9088eead-75dc-11e7-af18-30f7727a492e,false,false
Номенклатура — current,raw.r1c_nomenclature_current,b6a7f66c-923d-11ec-9c42-00505689c8d9,00-00006219,Подводка ГГ 100 см,,9088eead-75dc-11e7-af18-30f7727a492e,false,false
Номенклатура — current,raw.r1c_nomenclature_current,a8706768-57a0-11ea-9525-30f7727a492e,00-00002492,Подводка ГГ 200 см,,9088eead-75dc-11e7-af18-30f7727a492e,false,false
Номенклатура — current,raw.r1c_nomenclature_current,673bff42-847f-11ef-9c5d-00505689ff45,00-00011202,Подводка ГГ 40 см,,9088eead-75dc-11e7-af18-30f7727a492e,false,false
Номенклатура — current,raw.r1c_nomenclature_current,93dd02bd-923b-11ec-9c42-00505689c8d9,00-00006214,Подводка ГГ 50 см,,9088eead-75dc-11e7-af18-30f7727a492e,false,false
Номенклатура — current,raw.r1c_nomenclature_current,02476307-18e1-11ef-9c4f-005056893620,00-00010582,Подводка ГГ 60 см,,9088eead-75dc-11e7-af18-30f7727a492e,false,false
Номенклатура — current,raw.r1c_nomenclature_current,a8706767-57a0-11ea-9525-30f7727a492e,00-00002491,Подводка Ш-Г 100 см,,9088eead-75dc-11e7-af18-30f7727a492e,false,false
Номенклатура — current,raw.r1c_nomenclature_current,dcdfbd98-33ef-11eb-0e8a-fa163e0d31f7,БП-00003319,Подводка Ш-Г 100см,,9be0daf4-2e34-11eb-288c-fa163e0d31f7,false,false
Номенклатура — current,raw.r1c_nomenclature_current,86664682-3377-11ea-9522-30f7727a492e,00-00002321,Подводка Ш-Г 150см (гибкая),,9088eead-75dc-11e7-af18-30f7727a492e,false,false
Номенклатура — current,raw.r1c_nomenclature_current,6ab243d8-8720-11eb-539b-fa163e0d31f7,БП-00003781,Подводка Ш-Г 200см (гибкая),,9088eead-75dc-11e7-af18-30f7727a492e,false,false
Номенклатура — current,raw.r1c_nomenclature_current,a01f4128-847f-11ef-9c5d-00505689ff45,00-00011204,Подводка Ш-Г 50см,,9be0daf4-2e34-11eb-288c-fa163e0d31f7,false,false
Номенклатура — current,raw.r1c_nomenclature_current,0eaa2fc6-870a-11eb-539b-fa163e0d31f7,БП-00003772,Подводка для воды 30с Г-Г,,9088eead-75dc-11e7-af18-30f7727a492e,false,false
Номенклатура — current,raw.r1c_nomenclature_current,574abfd0-9236-11ec-9c42-00505689c8d9,00-00006199,Подводка для смесителя Елочка 100см,,9088eead-75dc-11e7-af18-30f7727a492e,false,false
Номенклатура — current,raw.r1c_nomenclature_current,e1b82299-18e0-11ef-9c4f-005056893620,00-00010581,Подводка для смесителя Елочка 60см,,9088eead-75dc-11e7-af18-30f7727a492e,false,false
