category,source_table,object_id,object_code,original_name,full_name,parent_id,is_folder,deletion_mark
Номенклатура — current,raw.r1c_nomenclature_current,b44b3e2a-40ba-11ee-9c4e-00505689ff45,00-00008983,Балтик Роуз РС2 грязный Сетка на завязке 25кг. Без полива,,731f2b5d-6157-11eb-9c2d-0050560417d5,false,false
Номенклатура — current,raw.r1c_nomenclature_current,b44b3e29-40ba-11ee-9c4e-00505689ff45,00-00008982,Балтик Роуз РС2 грязный Сетка на завязке 25кг. Полив,,731f2b5d-6157-11eb-9c2d-0050560417d5,false,false
Номенклатура — current,raw.r1c_nomenclature_current,ab82c87f-40ba-11ee-9c4e-00505689ff45,00-00008927,Балтик Роуз РС2 грязный Сетка на рулоне 10кг. Без полива,,731f2b5d-6157-11eb-9c2d-0050560417d5,false,false
Номенклатура — current,raw.r1c_nomenclature_current,ab4f1703-40ba-11ee-9c4e-00505689ff45,00-00008926,Балтик Роуз РС2 грязный Сетка на рулоне 10кг. Полив,,731f2b5d-6157-11eb-9c2d-0050560417d5,false,false
Номенклатура — current,raw.r1c_nomenclature_current,99bf887c-40ba-11ee-9c4e-00505689ff45,00-00008843,Балтик Роуз РС2 грязный Сетка на рулоне 2.5кг. Без полива,,731f2b5d-6157-11eb-9c2d-0050560417d5,false,false
Номенклатура — current,raw.r1c_nomenclature_current,98e81aaa-40ba-11ee-9c4e-00505689ff45,00-00008842,Балтик Роуз РС2 грязный Сетка на рулоне 2.5кг. Полив,,731f2b5d-6157-11eb-9c2d-0050560417d5,false,false
Номенклатура — current,raw.r1c_nomenclature_current,b0d7fd37-40ba-11ee-9c4e-00505689ff45,00-00008955,Балтик Роуз РС2 грязный Сетка на рулоне 25кг. Без полива,,731f2b5d-6157-11eb-9c2d-0050560417d5,false,false
Номенклатура — current,raw.r1c_nomenclature_current,b0d7f0bb-40ba-11ee-9c4e-00505689ff45,00-00008954,Балтик Роуз РС2 грязный Сетка на рулоне 25кг. Полив,,731f2b5d-6157-11eb-9c2d-0050560417d5,false,false
Номенклатура — current,raw.r1c_nomenclature_current,9f7e4102-40ba-11ee-9c4e-00505689ff45,00-00008871,Балтик Роуз РС2 грязный Сетка на рулоне 3кг. Без полива,,731f2b5d-6157-11eb-9c2d-0050560417d5,false,false
Номенклатура — current,raw.r1c_nomenclature_current,9f4c6f9b-40ba-11ee-9c4e-00505689ff45,00-00008870,Балтик Роуз РС2 грязный Сетка на рулоне 3кг. Полив,,731f2b5d-6157-11eb-9c2d-0050560417d5,false,false
Номенклатура — current,raw.r1c_nomenclature_current,a4e0e6a0-40ba-11ee-9c4e-00505689ff45,00-00008899,Балтик Роуз РС2 грязный Сетка на рулоне 5кг. Без полива,,731f2b5d-6157-11eb-9c2d-0050560417d5,false,false
Номенклатура — current,raw.r1c_nomenclature_current,a4e0e0ff-40ba-11ee-9c4e-00505689ff45,00-00008898,Балтик Роуз РС2 грязный Сетка на рулоне 5кг. Полив,,731f2b5d-6157-11eb-9c2d-0050560417d5,false,false
Номенклатура — current,raw.r1c_nomenclature_current,bd7e871f-40ba-11ee-9c4e-00505689ff45,00-00009011,Балтик Роуз РС2 грязный биг-бег 1000кг. Без полива,,731f2b5d-6157-11eb-9c2d-0050560417d5,false,false
Номенклатура — current,raw.r1c_nomenclature_current,bd46b669-40ba-11ee-9c4e-00505689ff45,00-00009010,Балтик Роуз РС2 грязный биг-бег 1000кг. Полив,,731f2b5d-6157-11eb-9c2d-0050560417d5,false,false
Номенклатура — current,raw.r1c_nomenclature_current,5616636e-c1a7-11ee-9c4c-005056893620,00-00010109,Балтик Роуз РС2 грязный сетка 2кг. Полив,,13ef6ba2-4b80-11f0-b810-005056bde474,false,false
Номенклатура — current,raw.r1c_nomenclature_current,eeea8900-40ba-11ee-9c4e-00505689ff45,00-00009123,Балтик Роуз РС2 мытый  Биг-бег 1000кг. Без полива,,44afa757-6157-11eb-9c2d-0050560417d5,false,false
Номенклатура — current,raw.r1c_nomenclature_current,eeb2450d-40ba-11ee-9c4e-00505689ff45,00-00009122,Балтик Роуз РС2 мытый  Биг-бег 1000кг. Полив,,44afa757-6157-11eb-9c2d-0050560417d5,false,false
Номенклатура — current,raw.r1c_nomenclature_current,e4758908-40ba-11ee-9c4e-00505689ff45,00-00009095,Балтик Роуз РС2 мытый Сетка 25кг. Без полива,,44afa757-6157-11eb-9c2d-0050560417d5,false,false
Номенклатура — current,raw.r1c_nomenclature_current,e4758907-40ba-11ee-9c4e-00505689ff45,00-00009094,Балтик Роуз РС2 мытый Сетка 25кг. Полив,,44afa757-6157-11eb-9c2d-0050560417d5,false,false
Номенклатура — current,raw.r1c_nomenclature_current,f0c370fd-40ba-11ee-9c4e-00505689ff45,00-00009151,Балтик Роуз РС2 мытый Сетка на рулоне 2.5кг. Без полива,,44afa757-6157-11eb-9c2d-0050560417d5,false,false
Номенклатура — current,raw.r1c_nomenclature_current,f0c370fc-40ba-11ee-9c4e-00505689ff45,00-00009150,Балтик Роуз РС2 мытый Сетка на рулоне 2.5кг. Полив,,44afa757-6157-11eb-9c2d-0050560417d5,false,false
Номенклатура — current,raw.r1c_nomenclature_current,de79353f-40ba-11ee-9c4e-00505689ff45,00-00009039,"Балтик Роуз РС2 мытый Сетка-домик 2,5кг. Без полива",,44afa757-6157-11eb-9c2d-0050560417d5,false,false
Номенклатура — current,raw.r1c_nomenclature_current,de488296-40ba-11ee-9c4e-00505689ff45,00-00009038,"Балтик Роуз РС2 мытый Сетка-домик 2,5кг. Полив",,44afa757-6157-11eb-9c2d-0050560417d5,false,false
Номенклатура — current,raw.r1c_nomenclature_current,e366deb9-40ba-11ee-9c4e-00505689ff45,00-00009067,Балтик Роуз РС2 мытый Сетка-домик 3кг Без полива,,44afa757-6157-11eb-9c2d-0050560417d5,false,false
Номенклатура — current,raw.r1c_nomenclature_current,e366d174-40ba-11ee-9c4e-00505689ff45,00-00009066,Балтик Роуз РС2 мытый Сетка-домик 3кг Полив,,44afa757-6157-11eb-9c2d-0050560417d5,false,false
Номенклатура — current,raw.r1c_nomenclature_current,855d7cdd-40ba-11ee-9c4e-00505689ff45,00-00008787,Балтик Роуз РС2 очищенный в ву 1кг. Без полива,,b60b8b28-6156-11eb-9c2d-0050560417d5,false,false
Номенклатура — current,raw.r1c_nomenclature_current,85267db9-40ba-11ee-9c4e-00505689ff45,00-00008786,Балтик Роуз РС2 очищенный в ву 1кг. Полив,,b60b8b28-6156-11eb-9c2d-0050560417d5,false,false
Номенклатура — current,raw.r1c_nomenclature_current,892b4c96-40ba-11ee-9c4e-00505689ff45,00-00008815,Балтик Роуз РС2 очищенный в ву 5кг. Без полива,,b60b8b28-6156-11eb-9c2d-0050560417d5,false,false
Номенклатура — current,raw.r1c_nomenclature_current,892b4c95-40ba-11ee-9c4e-00505689ff45,00-00008814,Балтик Роуз РС2 очищенный в ву 5кг. Полив,,b60b8b28-6156-11eb-9c2d-0050560417d5,false,false
Номенклатура — current,raw.r1c_nomenclature_current,612071ab-40ba-11ee-9c4e-00505689ff45,00-00008731,"Балтик Роуз РС2 пастеризованный 0,5кг. Без полива",,b60b8b28-6156-11eb-9c2d-0050560417d5,false,false
Номенклатура — current,raw.r1c_nomenclature_current,612071aa-40ba-11ee-9c4e-00505689ff45,00-00008730,"Балтик Роуз РС2 пастеризованный 0,5кг. Полив",,b60b8b28-6156-11eb-9c2d-0050560417d5,false,false
Номенклатура — current,raw.r1c_nomenclature_current,dbc1b240-40b9-11ee-9c4e-00505689ff45,00-00008675,Балтик Роуз РС2 семена Сетка на завязке 25кг. Без полива,,b60b8b28-6156-11eb-9c2d-0050560417d5,false,false
Номенклатура — current,raw.r1c_nomenclature_current,db9666a7-40b9-11ee-9c4e-00505689ff45,00-00008674,Балтик Роуз РС2 семена Сетка на завязке 25кг. Полив,,b60b8b28-6156-11eb-9c2d-0050560417d5,false,false
Номенклатура — current,raw.r1c_nomenclature_current,d63b592d-40b9-11ee-9c4e-00505689ff45,00-00008647,Балтик Роуз РС2 семена Сетка на рулоне 25кг. Без полива,,b60b8b28-6156-11eb-9c2d-0050560417d5,false,false
Номенклатура — current,raw.r1c_nomenclature_current,d63b592c-40b9-11ee-9c4e-00505689ff45,00-00008646,Балтик Роуз РС2 семена Сетка на рулоне 25кг. Полив,,b60b8b28-6156-11eb-9c2d-0050560417d5,false,false
Номенклатура — current,raw.r1c_nomenclature_current,4149dbac-40ba-11ee-9c4e-00505689ff45,00-00008703,Балтик Роуз РС2 семена биг-бег 1000кг. Без полива,,b60b8b28-6156-11eb-9c2d-0050560417d5,false,false
Номенклатура — current,raw.r1c_nomenclature_current,41221bee-40ba-11ee-9c4e-00505689ff45,00-00008702,Балтик Роуз РС2 семена биг-бег 1000кг. Полив,,b60b8b28-6156-11eb-9c2d-0050560417d5,false,false
Номенклатура — current,raw.r1c_nomenclature_current,73f55a6c-40ba-11ee-9c4e-00505689ff45,00-00008759,"Балтик Роуз РС2 семена пастеризованный 0,5кг. Без полива",,b60b8b28-6156-11eb-9c2d-0050560417d5,false,false
Номенклатура — current,raw.r1c_nomenclature_current,73cb6c15-40ba-11ee-9c4e-00505689ff45,00-00008758,"Балтик Роуз РС2 семена пастеризованный 0,5кг. Полив",,b60b8b28-6156-11eb-9c2d-0050560417d5,false,false
Номенклатура — current,raw.r1c_nomenclature_current,cdd37423-40b9-11ee-9c4e-00505689ff45,00-00008591,Балтик Роуз РС2 эконом  Сетка на рулоне 2.5кг. Без полива,,44afa757-6157-11eb-9c2d-0050560417d5,false,false
Номенклатура — current,raw.r1c_nomenclature_current,cda6f8f6-40b9-11ee-9c4e-00505689ff45,00-00008590,Балтик Роуз РС2 эконом  Сетка на рулоне 2.5кг. Полив,,44afa757-6157-11eb-9c2d-0050560417d5,false,false
Номенклатура — current,raw.r1c_nomenclature_current,d2ae8a2e-40b9-11ee-9c4e-00505689ff45,00-00008619,Балтик Роуз РС2 эконом  Сетка на рулоне 3кг. Без полива,,44afa757-6157-11eb-9c2d-0050560417d5,false,false
Номенклатура — current,raw.r1c_nomenclature_current,d1fa5230-40b9-11ee-9c4e-00505689ff45,00-00008618,Балтик Роуз РС2 эконом  Сетка на рулоне 3кг. Полив,,44afa757-6157-11eb-9c2d-0050560417d5,false,false
Номенклатура — current,raw.r1c_nomenclature_current,ef43f26f-40ba-11ee-9c4e-00505689ff45,00-00009125,Балтик Роуз РС3  мытый Биг-бег 1000кг. Без полива,,44afa757-6157-11eb-9c2d-0050560417d5,false,false
Номенклатура — current,raw.r1c_nomenclature_current,eeea9c0c-40ba-11ee-9c4e-00505689ff45,00-00009124,Балтик Роуз РС3  мытый Биг-бег 1000кг. Полив,,44afa757-6157-11eb-9c2d-0050560417d5,false,false
Номенклатура — current,raw.r1c_nomenclature_current,d63b592f-40b9-11ee-9c4e-00505689ff45,00-00008649,Балтик Роуз РС3  семенаСетка на рулоне 25кг. Без полива,,b60b8b28-6156-11eb-9c2d-0050560417d5,false,false
Номенклатура — current,raw.r1c_nomenclature_current,d63b592e-40b9-11ee-9c4e-00505689ff45,00-00008648,Балтик Роуз РС3  семенаСетка на рулоне 25кг. Полив,,b60b8b28-6156-11eb-9c2d-0050560417d5,false,false
Номенклатура — current,raw.r1c_nomenclature_current,4593ca1a-40bb-11ee-9c4e-00505689ff45,00-00009181,"Балтик Роуз РС3 Сетка-домик 1,5кг. Без полива",,b60b8b28-6156-11eb-9c2d-0050560417d5,false,false
Номенклатура — current,raw.r1c_nomenclature_current,455cefee-40bb-11ee-9c4e-00505689ff45,00-00009180,"Балтик Роуз РС3 Сетка-домик 1,5кг. Полив",,b60b8b28-6156-11eb-9c2d-0050560417d5,false,false
Номенклатура — current,raw.r1c_nomenclature_current,4be6006b-40bb-11ee-9c4e-00505689ff45,00-00009209,Балтик Роуз РС3 Сетка-домик 2кг. Без полива,,b60b8b28-6156-11eb-9c2d-0050560417d5,false,false
Номенклатура — current,raw.r1c_nomenclature_current,4ba9d4af-40bb-11ee-9c4e-00505689ff45,00-00009208,Балтик Роуз РС3 Сетка-домик 2кг. Полив,,b60b8b28-6156-11eb-9c2d-0050560417d5,false,false
Номенклатура — current,raw.r1c_nomenclature_current,0765b600-7510-11ef-9c5d-00505689ff45,00-00011080,Балтик Роуз РС3 в в/упак. 5кг. Полив,,d8e31aa9-0bd1-11f0-b80e-005056bde474,false,false
Номенклатура — current,raw.r1c_nomenclature_current,ac05c3e2-40ba-11ee-9c4e-00505689ff45,00-00008929,Балтик Роуз РС3 грязный  Сетка на рулоне 10кг. Без полива,,731f2b5d-6157-11eb-9c2d-0050560417d5,false,false
Номенклатура — current,raw.r1c_nomenclature_current,abd58efe-40ba-11ee-9c4e-00505689ff45,00-00008928,Балтик Роуз РС3 грязный  Сетка на рулоне 10кг. Полив,,731f2b5d-6157-11eb-9c2d-0050560417d5,false,false
Номенклатура — current,raw.r1c_nomenclature_current,b44b3e2c-40ba-11ee-9c4e-00505689ff45,00-00008985,Балтик Роуз РС3 грязный Сетка на завязке 25кг. Без полива,,731f2b5d-6157-11eb-9c2d-0050560417d5,false,false
Номенклатура — current,raw.r1c_nomenclature_current,b44b3e2b-40ba-11ee-9c4e-00505689ff45,00-00008984,Балтик Роуз РС3 грязный Сетка на завязке 25кг. Полив,,731f2b5d-6157-11eb-9c2d-0050560417d5,false,false
Номенклатура — current,raw.r1c_nomenclature_current,9a1d3010-40ba-11ee-9c4e-00505689ff45,00-00008845,Балтик Роуз РС3 грязный Сетка на рулоне 2.5кг Без полива,,731f2b5d-6157-11eb-9c2d-0050560417d5,false,false
Номенклатура — current,raw.r1c_nomenclature_current,9a1d14a0-40ba-11ee-9c4e-00505689ff45,00-00008844,Балтик Роуз РС3 грязный Сетка на рулоне 2.5кг Полив,,731f2b5d-6157-11eb-9c2d-0050560417d5,false,false
Номенклатура — current,raw.r1c_nomenclature_current,b15b98ec-40ba-11ee-9c4e-00505689ff45,00-00008957,Балтик Роуз РС3 грязный Сетка на рулоне 25кг. Без полива,,731f2b5d-6157-11eb-9c2d-0050560417d5,false,false
Номенклатура — current,raw.r1c_nomenclature_current,b0d80833-40ba-11ee-9c4e-00505689ff45,00-00008956,Балтик Роуз РС3 грязный Сетка на рулоне 25кг. Полив,,731f2b5d-6157-11eb-9c2d-0050560417d5,false,false
Номенклатура — current,raw.r1c_nomenclature_current,9fee6248-40ba-11ee-9c4e-00505689ff45,00-00008873,Балтик Роуз РС3 грязный Сетка на рулоне 3кг. Без полива,,731f2b5d-6157-11eb-9c2d-0050560417d5,false,false
Номенклатура — current,raw.r1c_nomenclature_current,9fb0015f-40ba-11ee-9c4e-00505689ff45,00-00008872,Балтик Роуз РС3 грязный Сетка на рулоне 3кг. Полив,,731f2b5d-6157-11eb-9c2d-0050560417d5,false,false
Номенклатура — current,raw.r1c_nomenclature_current,a5aab6cd-40ba-11ee-9c4e-00505689ff45,00-00008901,Балтик Роуз РС3 грязный Сетка на рулоне 5кг. Без полива,,731f2b5d-6157-11eb-9c2d-0050560417d5,false,false
Номенклатура — current,raw.r1c_nomenclature_current,a4e0eadf-40ba-11ee-9c4e-00505689ff45,00-00008900,Балтик Роуз РС3 грязный Сетка на рулоне 5кг. Полив,,731f2b5d-6157-11eb-9c2d-0050560417d5,false,false
Номенклатура — current,raw.r1c_nomenclature_current,bdd6cfe8-40ba-11ee-9c4e-00505689ff45,00-00009013,Балтик Роуз РС3 грязный биг-бег 1000кг. Без полива,,731f2b5d-6157-11eb-9c2d-0050560417d5,false,false
Номенклатура — current,raw.r1c_nomenclature_current,bda41a6a-40ba-11ee-9c4e-00505689ff45,00-00009012,Балтик Роуз РС3 грязный биг-бег 1000кг. Полив,,731f2b5d-6157-11eb-9c2d-0050560417d5,false,false
Номенклатура — current,raw.r1c_nomenclature_current,e475890a-40ba-11ee-9c4e-00505689ff45,00-00009097,Балтик Роуз РС3 мытый Сетка 25кг. Без полива,,44afa757-6157-11eb-9c2d-0050560417d5,false,false
Номенклатура — current,raw.r1c_nomenclature_current,e4758909-40ba-11ee-9c4e-00505689ff45,00-00009096,Балтик Роуз РС3 мытый Сетка 25кг. Полив,,44afa757-6157-11eb-9c2d-0050560417d5,false,false
Номенклатура — current,raw.r1c_nomenclature_current,f0c370ff-40ba-11ee-9c4e-00505689ff45,00-00009153,Балтик Роуз РС3 мытый Сетка на рулоне 2.5кг Без полива,,44afa757-6157-11eb-9c2d-0050560417d5,false,false
Номенклатура — current,raw.r1c_nomenclature_current,f0c370fe-40ba-11ee-9c4e-00505689ff45,00-00009152,Балтик Роуз РС3 мытый Сетка на рулоне 2.5кг Полив,,44afa757-6157-11eb-9c2d-0050560417d5,false,false
Номенклатура — current,raw.r1c_nomenclature_current,ded14412-40ba-11ee-9c4e-00505689ff45,00-00009041,"Балтик Роуз РС3 мытый Сетка-домик 2,5кг. Без полива",,44afa757-6157-11eb-9c2d-0050560417d5,false,false
Номенклатура — current,raw.r1c_nomenclature_current,dea0dbfe-40ba-11ee-9c4e-00505689ff45,00-00009040,"Балтик Роуз РС3 мытый Сетка-домик 2,5кг. Полив",,44afa757-6157-11eb-9c2d-0050560417d5,false,false
Номенклатура — current,raw.r1c_nomenclature_current,e3f0f268-40ba-11ee-9c4e-00505689ff45,00-00009069,Балтик Роуз РС3 мытый Сетка-домик 3кг Без полива,,44afa757-6157-11eb-9c2d-0050560417d5,false,false
Номенклатура — current,raw.r1c_nomenclature_current,e366e943-40ba-11ee-9c4e-00505689ff45,00-00009068,Балтик Роуз РС3 мытый Сетка-домик 3кг Полив,,03e63608-4b80-11f0-b810-005056bde474,false,false
Номенклатура — current,raw.r1c_nomenclature_current,855d9398-40ba-11ee-9c4e-00505689ff45,00-00008789,Балтик Роуз РС3 очищенный в ву 1кг. Без полива,,b60b8b28-6156-11eb-9c2d-0050560417d5,false,false
Номенклатура — current,raw.r1c_nomenclature_current,855d88b7-40ba-11ee-9c4e-00505689ff45,00-00008788,Балтик Роуз РС3 очищенный в ву 1кг. Полив,,b60b8b28-6156-11eb-9c2d-0050560417d5,false,false
Номенклатура — current,raw.r1c_nomenclature_current,892b4c98-40ba-11ee-9c4e-00505689ff45,00-00008817,Балтик Роуз РС3 очищенный в ву 5кг. Без полива,,b60b8b28-6156-11eb-9c2d-0050560417d5,false,false
Номенклатура — current,raw.r1c_nomenclature_current,892b4c97-40ba-11ee-9c4e-00505689ff45,00-00008816,Балтик Роуз РС3 очищенный в ву 5кг. Полив,,b60b8b28-6156-11eb-9c2d-0050560417d5,false,false
Номенклатура — current,raw.r1c_nomenclature_current,612071ad-40ba-11ee-9c4e-00505689ff45,00-00008733,"Балтик Роуз РС3 пастеризованный 0,5кг. Без полива",,b60b8b28-6156-11eb-9c2d-0050560417d5,false,false
Номенклатура — current,raw.r1c_nomenclature_current,612071ac-40ba-11ee-9c4e-00505689ff45,00-00008732,"Балтик Роуз РС3 пастеризованный 0,5кг. Полив",,b60b8b28-6156-11eb-9c2d-0050560417d5,false,false
Номенклатура — current,raw.r1c_nomenclature_current,dc088227-40b9-11ee-9c4e-00505689ff45,00-00008677,Балтик Роуз РС3 семена Сетка на завязке 25кг. Без полива,,b60b8b28-6156-11eb-9c2d-0050560417d5,false,false
Номенклатура — current,raw.r1c_nomenclature_current,dbd6c4b4-40b9-11ee-9c4e-00505689ff45,00-00008676,Балтик Роуз РС3 семена Сетка на завязке 25кг. Полив,,b60b8b28-6156-11eb-9c2d-0050560417d5,false,false
Номенклатура — current,raw.r1c_nomenclature_current,4178b041-40ba-11ee-9c4e-00505689ff45,00-00008705,Балтик Роуз РС3 семена биг-бег 1000кг. Без полива,,b60b8b28-6156-11eb-9c2d-0050560417d5,false,false
Номенклатура — current,raw.r1c_nomenclature_current,417892a6-40ba-11ee-9c4e-00505689ff45,00-00008704,Балтик Роуз РС3 семена биг-бег 1000кг. Полив,,b60b8b28-6156-11eb-9c2d-0050560417d5,false,false
Номенклатура — current,raw.r1c_nomenclature_current,744e9bbf-40ba-11ee-9c4e-00505689ff45,00-00008761,"Балтик Роуз РС3 семена пастеризованный 0,5кг. Без полива",,b60b8b28-6156-11eb-9c2d-0050560417d5,false,false
Номенклатура — current,raw.r1c_nomenclature_current,741cfee2-40ba-11ee-9c4e-00505689ff45,00-00008760,"Балтик Роуз РС3 семена пастеризованный 0,5кг. Полив",,b60b8b28-6156-11eb-9c2d-0050560417d5,false,false
Номенклатура — current,raw.r1c_nomenclature_current,cdd37e66-40b9-11ee-9c4e-00505689ff45,00-00008593,Балтик Роуз РС3 эконом  Сетка на рулоне 2.5кг. Без полива,,44afa757-6157-11eb-9c2d-0050560417d5,false,false
Номенклатура — current,raw.r1c_nomenclature_current,cdd3786e-40b9-11ee-9c4e-00505689ff45,00-00008592,Балтик Роуз РС3 эконом  Сетка на рулоне 2.5кг. Полив,,44afa757-6157-11eb-9c2d-0050560417d5,false,false
Номенклатура — current,raw.r1c_nomenclature_current,d2ae98f7-40b9-11ee-9c4e-00505689ff45,00-00008621,Балтик Роуз РС3 эконом  Сетка на рулоне 3кг. Без полива,,44afa757-6157-11eb-9c2d-0050560417d5,false,false
Номенклатура — current,raw.r1c_nomenclature_current,d2ae90f5-40b9-11ee-9c4e-00505689ff45,00-00008620,Балтик Роуз РС3 эконом  Сетка на рулоне 3кг. Полив,,44afa757-6157-11eb-9c2d-0050560417d5,false,false
Номенклатура — current,raw.r1c_nomenclature_current,869d92c9-2b49-11f0-b80e-005056bde474,00-00012211,"Балтик РоузРС4 Красный Беби Мытый Сетка домик1,5 кг.",,03e63608-4b80-11f0-b810-005056bde474,false,true
Номенклатура — current,raw.r1c_nomenclature_current,94241889-2b50-11f0-b80e-005056bde474,00-00012218,Балтик РоузРС4 Красный Беби Мытый Сетка домик2 кг.,,03e63608-4b80-11f0-b810-005056bde474,false,true
Номенклатура — current,raw.r1c_nomenclature_current,46e8bade-2b54-11f0-b80e-005056bde474,00-00012226,Балтик РоузРС4 Красный Беби Мытый Сетка на рулоне25 кг.,,03e63608-4b80-11f0-b810-005056bde474,false,true
Номенклатура — current,raw.r1c_nomenclature_current,9b38bc4b-2b3d-11f0-b80e-005056bde474,00-00012201,Балтик РоузРС4 Красный Вакуумная упаковка5 кг.,,d8e31aa9-0bd1-11f0-b80e-005056bde474,false,false
Номенклатура — current,raw.r1c_nomenclature_current,3ef5e25d-2f1a-11f0-b80e-005056bde474,00-00012296,Балтик РоузРС4 Красный Грязный  Биг-бэг1000 кг.,,13ef6ba2-4b80-11f0-b810-005056bde474,false,true
Номенклатура — current,raw.r1c_nomenclature_current,eb57003e-2f0f-11f0-b80e-005056bde474,00-00012268,"Балтик РоузРС4 Красный Грязный  Сетка на рулоне2,5 кг.",,13ef6ba2-4b80-11f0-b810-005056bde474,false,true
Номенклатура — current,raw.r1c_nomenclature_current,91d42192-2e55-11f0-b80e-005056bde474,00-00012249,Балтик РоузРС4 Красный Грязный  Сетка на рулоне25 кг.,,13ef6ba2-4b80-11f0-b810-005056bde474,false,true
Номенклатура — current,raw.r1c_nomenclature_current,39047ae1-2f17-11f0-b80e-005056bde474,00-00012282,Балтик РоузРС4 Красный Грязный  Сетка на рулоне3 кг.,,13ef6ba2-4b80-11f0-b810-005056bde474,false,true
Номенклатура — current,raw.r1c_nomenclature_current,6c42e691-2f18-11f0-b80e-005056bde474,00-00012289,Балтик РоузРС4 Красный Грязный  Сетка на рулоне5 кг.,,13ef6ba2-4b80-11f0-b810-005056bde474,false,true
Номенклатура — current,raw.r1c_nomenclature_current,7269171e-2f11-11f0-b80e-005056bde474,00-00012275,"Балтик РоузРС4 Красный Грязный 35-50 Сетка на рулоне2,5 кг.",,13ef6ba2-4b80-11f0-b810-005056bde474,false,true
Номенклатура — current,raw.r1c_nomenclature_current,f4c9d321-2a4c-11f0-b80e-005056bde474,00-00012132,"Балтик РоузРС4 Красный Мытый  Сетка домик2,5 кг.",,03e63608-4b80-11f0-b810-005056bde474,false,true
Номенклатура — current,raw.r1c_nomenclature_current,ddc9dc89-2bfc-11f0-b80e-005056bde474,00-00012234,Балтик РоузРС4 Красный Мытый  Сетка домик3 кг.,,03e63608-4b80-11f0-b810-005056bde474,false,true
Номенклатура — current,raw.r1c_nomenclature_current,bbad3c46-2c03-11f0-b80e-005056bde474,00-00012242,Балтик РоузРС4 Красный Мытый  Сетка на рулоне25 кг.,,03e63608-4b80-11f0-b810-005056bde474,false,true
Номенклатура — current,raw.r1c_nomenclature_current,1be3c544-d976-11eb-6c92-fa163e0d31f7,БП-00004401,"Бальзам ""АпиМакс""",,65439ec8-d96f-11eb-6c92-fa163e0d31f7,false,false
Номенклатура — current,raw.r1c_nomenclature_current,0d7c1ea6-92c8-11eb-0c80-fa163e0d31f7,БП-00003826,Бампер 34664300,,9b060c03-71d9-11e7-85a2-d43d7eec442d,false,false
Номенклатура — current,raw.r1c_nomenclature_current,c6b6c40b-f524-11eb-9c3a-00505689ff45,АК-00003402,Бампер Инсектицид,,2eaeac4d-5322-11f0-b811-005056bde474,false,false
Номенклатура — current,raw.r1c_nomenclature_current,5e40a9d3-6058-11ef-9c5c-00505689ff45,00-00010909,Бампер ПАЗ-3205 задний Н/О пластик белый ,,9b060c03-71d9-11e7-85a2-d43d7eec442d,false,false
Номенклатура — current,raw.r1c_nomenclature_current,67fb1be5-0649-11ec-9c3a-00505689ff45,АК-00004843,Бампер ПАЗ-3205 передний Н/О пластик белый 3205-2803012,,9b060c03-71d9-11e7-85a2-d43d7eec442d,false,false
Номенклатура — current,raw.r1c_nomenclature_current,c6b6c40c-f524-11eb-9c3a-00505689ff45,АК-00003403,Банко Инсектицид,,2eaeac4d-5322-11f0-b811-005056bde474,false,false
Номенклатура — current,raw.r1c_nomenclature_current,50e2f285-0cc2-11ec-9c3a-00505689ff45,АК-00004923,Барабан КТ 40.01.03.000 передний,,9b060c03-71d9-11e7-85a2-d43d7eec442d,false,false
Номенклатура — current,raw.r1c_nomenclature_current,77893a0e-0cc2-11ec-9c3a-00505689ff45,АК-00004924,Барабан КТ 40.01.03.000-01 задний,,9b060c03-71d9-11e7-85a2-d43d7eec442d,false,false
Номенклатура — current,raw.r1c_nomenclature_current,4db93fd2-14da-11ed-9c43-cb6d75bb653b,00-00006834,Барабан для транспортера наклонного,,9b060c03-71d9-11e7-85a2-d43d7eec442d,false,false
Номенклатура — current,raw.r1c_nomenclature_current,66b54b1a-e665-11ed-9c4e-00505689ff45,00-00007828,Барабан приводной 89мм Вал 25мм 1400мм,,9b060c03-71d9-11e7-85a2-d43d7eec442d,false,false
Номенклатура — current,raw.r1c_nomenclature_current,fe404aa3-da48-11f0-b81e-005056bde474,00-00013107,Барабан решетчатый 222х1025 (со шпоночным пазом),,cffe077a-728d-11f0-b814-005056bde474,false,false
Номенклатура — current,raw.r1c_nomenclature_current,e53107c9-da48-11f0-b81e-005056bde474,00-00013106,Барабан решетчатый 222х906 (без шпоночного паза),,cffe077a-728d-11f0-b814-005056bde474,false,false
Номенклатура — current,raw.r1c_nomenclature_current,a667a624-f7cf-11f0-b81e-005056bde474,00-00013607,Барабанная картофелечистка,,de1714af-8a12-11e7-af1d-30f7727a492e,false,false
Номенклатура — current,raw.r1c_nomenclature_current,c6b6c40d-f524-11eb-9c3a-00505689ff45,АК-00003404,Баргузин 600 Инсектицид,,f9d67774-531d-11f0-b811-005056bde474,false,false
Номенклатура — current,raw.r1c_nomenclature_current,c6b6c40e-f524-11eb-9c3a-00505689ff45,АК-00003405,Баритон Инсектицид,,668204c4-5324-11f0-b811-005056bde474,false,false
Номенклатура — current,raw.r1c_nomenclature_current,c6b6c40f-f524-11eb-9c3a-00505689ff45,АК-00003406,Барьер Колор Инсектицид,,2eaeac4d-5322-11f0-b811-005056bde474,false,false
Номенклатура — current,raw.r1c_nomenclature_current,9b060c1f-71d9-11e7-85a2-d43d7eec442d,00000162   ,Батарейка,,9088ee8b-75dc-11e7-af18-30f7727a492e,false,false
Номенклатура — current,raw.r1c_nomenclature_current,caab22af-1023-11ee-9c4e-00505689ff45,00-00008208,Батарейка автомобильная,,9b060c03-71d9-11e7-85a2-d43d7eec442d,false,false
Номенклатура — current,raw.r1c_nomenclature_current,3bd99bb2-f339-11ef-b80e-005056bde474,00-00011652,Бахилы одноразовые,,30ec1dbe-6566-11f1-b821-005056bde474,false,false
Номенклатура — current,raw.r1c_nomenclature_current,ea2fa438-923d-11ec-9c42-00505689c8d9,00-00006220,Бачок Комфорт 18л,,f0e4c260-a130-11e8-af4c-30f7727a492e,false,false
Номенклатура — current,raw.r1c_nomenclature_current,a11047c1-e063-11ee-9c4c-005056893620,00-00010263,Бачок МТЗ в сборе 822-1602120,,9b060c03-71d9-11e7-85a2-d43d7eec442d,false,false
Номенклатура — current,raw.r1c_nomenclature_current,5d789838-1ab6-11eb-c693-fa163e0d31f7,БП-00003188,Бачок МТЗ-1221 расширительный 80П-1311010-А,,45c9e202-0a37-11f0-b80e-005056bde474,false,false
Номенклатура — current,raw.r1c_nomenclature_current,cbd14a60-8b03-11eb-4b87-fa163e0d31f7,БП-00003785,"Бачок омывателя ВАЗ-21213,ГАЗ-2705,3302 НО в сбору Полимер",,9b060c03-71d9-11e7-85a2-d43d7eec442d,false,false
Номенклатура — current,raw.r1c_nomenclature_current,66507fb9-1f0d-11ed-9c43-cb6d75bb653b,00-00006988,"Бачок омывателя ГАЗ-2705,3302 2.4л 12V в сборе ТЕХНОПЛАС",,9b060c03-71d9-11e7-85a2-d43d7eec442d,false,false
Номенклатура — current,raw.r1c_nomenclature_current,2ca0b24a-8a48-11ec-9c42-00505689c8d9,00-00006134,"Бачок омывателя СЭАТ-00.12В МТЗ 1,5л",,9b060c03-71d9-11e7-85a2-d43d7eec442d,false,false
Номенклатура — current,raw.r1c_nomenclature_current,1ebefa58-d96c-11ee-9c4c-005056893620,00-00010239,Башмак (литой)  Р33 ПЛЕ21.100 М,,9b060c03-71d9-11e7-85a2-d43d7eec442d,false,false
Номенклатура — current,raw.r1c_nomenclature_current,b6d1be68-99bc-11ea-952a-30f7727a492e,00-00002712,"Башмак (литой) ПЛН-3,4.5 (35см) Р33 ПЛЕ21.100",,9b060c03-71d9-11e7-85a2-d43d7eec442d,false,false
Номенклатура — current,raw.r1c_nomenclature_current,173478f7-7cd3-11ef-9c5d-00505689ff45,00-00011141,Башмак ПЛЕ-21.201,,9b060c03-71d9-11e7-85a2-d43d7eec442d,false,false
Номенклатура — current,raw.r1c_nomenclature_current,9f30c54a-42b9-11ef-9c59-00505689ff45,00-00010728,"Бегунок ГАЗ, ЗИЛ с резистором",,9b060c03-71d9-11e7-85a2-d43d7eec442d,false,false
Номенклатура — current,raw.r1c_nomenclature_current,2abc3fb7-25ce-11ed-9c43-cb6d75bb653b,00-00007071,Бейсболка ГК Спецобъединение,,1c65014e-6566-11f1-b821-005056bde474,false,false
Номенклатура — current,raw.r1c_nomenclature_current,0fb79dfd-dc0c-11f0-b81e-005056bde474,00-00013159,Бейсболка сер,,1c65014e-6566-11f1-b821-005056bde474,false,false
Номенклатура — current,raw.r1c_nomenclature_current,65a86487-dc0c-11f0-b81e-005056bde474,00-00013161,Бейсболка черная,,1c65014e-6566-11f1-b821-005056bde474,false,false
Номенклатура — current,raw.r1c_nomenclature_current,6b1c9398-9920-11ea-952a-30f7727a492e,00-00002695,Белизна,,f0e4c260-a130-11e8-af4c-30f7727a492e,false,false
Номенклатура — current,raw.r1c_nomenclature_current,681361f2-e532-11ee-9c4c-005056893620,00-00010287,Белизна 2 литра,,f0e4c260-a130-11e8-af4c-30f7727a492e,false,false
Номенклатура — current,raw.r1c_nomenclature_current,c6b6c410-f524-11eb-9c3a-00505689ff45,АК-00003407,Белт Инсектицид,,f9d67774-531d-11f0-b811-005056bde474,false,false
Номенклатура — current,raw.r1c_nomenclature_current,c6b6c411-f524-11eb-9c3a-00505689ff45,АК-00003408,Беназол Инсектицид,,2eaeac4d-5322-11f0-b811-005056bde474,false,false
Номенклатура — current,raw.r1c_nomenclature_current,fea4381d-3fd8-11ed-9c43-cb6d75bb653b,00-00007211,Бендикс стартера,,9b060c03-71d9-11e7-85a2-d43d7eec442d,false,false
Номенклатура — current,raw.r1c_nomenclature_current,c6b6c412-f524-11eb-9c3a-00505689ff45,АК-00003409,Бенефис Инсектицид,,668204c4-5324-11f0-b811-005056bde474,false,false
Номенклатура — current,raw.r1c_nomenclature_current,be0d77fd-bc0a-11e9-af77-30f7727a492e,00-00001815,Бензикс,,9b060c03-71d9-11e7-85a2-d43d7eec442d,false,false
Номенклатура — current,raw.r1c_nomenclature_current,dd3f2148-3d8c-11f1-b821-005056bde474,00-00014081,Бензин,,9088ee9f-75dc-11e7-af18-30f7727a492e,true,false
Номенклатура — current,raw.r1c_nomenclature_current,10a5b2de-76c7-11e7-af18-30f7727a492e,00-00000090,Бензин Аи-92,,dd3f2148-3d8c-11f1-b821-005056bde474,false,false
Номенклатура — current,raw.r1c_nomenclature_current,3cd8f199-2679-11ec-a9db-00505689f463,АК-00005399,Бензин Аи-95 с фирменной присадкой,,d6f7e20c-0988-11f0-b80e-005056bde474,false,true
Номенклатура — current,raw.r1c_nomenclature_current,9b060c64-71d9-11e7-85a2-d43d7eec442d,00000058   ,Бензин Аи-95-К5,,dd3f2148-3d8c-11f1-b821-005056bde474,false,false
Номенклатура — current,raw.r1c_nomenclature_current,88a3fd1e-8eba-11ea-9529-30f7727a492e,00-00002582,Бензин Премиум ЕВРО-95,,dd3f2148-3d8c-11f1-b821-005056bde474,false,false
Номенклатура — current,raw.r1c_nomenclature_current,6ee51a07-ba7e-11ec-9c42-00505689c8d9,00-00006439,Бензин ЭКТО-100,,dd3f2148-3d8c-11f1-b821-005056bde474,false,false
Номенклатура — current,raw.r1c_nomenclature_current,16302dbc-c6a4-11ea-5a93-fa163ee5d2f9,БП-00002871,Бензин ЭКТО-92,,dd3f2148-3d8c-11f1-b821-005056bde474,false,false
Номенклатура — current,raw.r1c_nomenclature_current,88a3fd1d-8eba-11ea-9529-30f7727a492e,00-00002581,Бензин ЭКТО-95,,dd3f2148-3d8c-11f1-b821-005056bde474,false,false
Номенклатура — current,raw.r1c_nomenclature_current,c8184551-0c25-11ec-9c3a-00505689ff45,АК-00004862,Бензиновый триммер MTD,,917ab634-0a38-11f0-b80e-005056bde474,false,false
Номенклатура — current,raw.r1c_nomenclature_current,ccd18fa8-5b66-11f0-b811-005056bde474,00-00012521,Бензокоса Champion T433-2 12.5 кВт,,f990038e-0a38-11f0-b80e-005056bde474,false,false
Номенклатура — current,raw.r1c_nomenclature_current,f6132896-5b66-11f0-b811-005056bde474,00-00012522,"Бензокоса Champion T523-2 1,4 кВт",,f990038e-0a38-11f0-b80e-005056bde474,false,false
Номенклатура — current,raw.r1c_nomenclature_current,69e5e6cb-2524-11ed-9c43-cb6d75bb653b,00-00007050,Бензокоса HUTER GCT 2500T 2-х тактный двигатель,,9088eeaf-75dc-11e7-af18-30f7727a492e,false,false
Номенклатура — current,raw.r1c_nomenclature_current,16588126-2524-11ed-9c43-cb6d75bb653b,00-00007049,"Бензокоса ИНСТАР БТК 71043 (2,4л.с) нож+ремень",,9088eeaf-75dc-11e7-af18-30f7727a492e,false,false
Номенклатура — current,raw.r1c_nomenclature_current,772c1f18-a704-11f1-b824-005056bde474,00-00014755,Бензопила Redverg Basic GC-58C,,f990038e-0a38-11f0-b80e-005056bde474,false,false
Номенклатура — current,raw.r1c_nomenclature_current,842a8ae9-7618-11e7-af18-30f7727a492e,00-00000073,Бензопила STIHL,,f7164898-2ffe-11eb-af80-fa163e0d31f7,false,false
Номенклатура — current,raw.r1c_nomenclature_current,c6b6c413-f524-11eb-9c3a-00505689ff45,АК-00003410,Беномил 500 Инсектицид,,2eaeac4d-5322-11f0-b811-005056bde474,false,false
Номенклатура — current,raw.r1c_nomenclature_current,c6b6c414-f524-11eb-9c3a-00505689ff45,АК-00003411,Бенорад Инсектицид,,2eaeac4d-5322-11f0-b811-005056bde474,false,false
Номенклатура — current,raw.r1c_nomenclature_current,f2d1c08c-e428-11f0-b81e-005056bde474,00-00013316,Бесщеточный аккумуляторный шуруповерт Keyang  DD18BL-W (Set),,f990038e-0a38-11f0-b80e-005056bde474,false,false
Номенклатура — current,raw.r1c_nomenclature_current,7dc8a59a-6d5f-11ec-9c40-00505689c8d9,АК-00005912,Бетон-контакт,,9088eead-75dc-11e7-af18-30f7727a492e,false,false
Номенклатура — current,raw.r1c_nomenclature_current,6851d845-b28d-11e9-af76-30f7727a492e,00-00001774,Би-58 Новый,,f9d67774-531d-11f0-b811-005056bde474,false,false
Номенклатура — current,raw.r1c_nomenclature_current,c6b6c415-f524-11eb-9c3a-00505689ff45,АК-00003412,Би-58 Новый Инсектицид,,f9d67774-531d-11f0-b811-005056bde474,false,false
Номенклатура — current,raw.r1c_nomenclature_current,0bce46a7-4216-11f1-b821-005056bde474,00-00014114,Биг бэги,,9088eeab-75dc-11e7-af18-30f7727a492e,true,false
Номенклатура — current,raw.r1c_nomenclature_current,e602459a-d965-11ee-9c4c-005056893620,00-00010236,Биг-бэг 90*90*170 см ,,0bce46a7-4216-11f1-b821-005056bde474,false,false
Номенклатура — current,raw.r1c_nomenclature_current,a33375fb-5f71-11ea-9525-30f7727a492e,00-00002503,"Биг-бэг 95*95*170 см 4 ст верх открывание, низ-люк б/у(мягкий контейнер)",,0bce46a7-4216-11f1-b821-005056bde474,false,false
Номенклатура — current,raw.r1c_nomenclature_current,e3909461-b0dd-11f0-b81e-005056bde474,00-00012888,Бизнес-тетрадь А4 96 л,,9088ee8b-75dc-11e7-af18-30f7727a492e,false,false
Номенклатура — current,raw.r1c_nomenclature_current,c6b6c416-f524-11eb-9c3a-00505689ff45,АК-00003413,Бинадин Инсектицид,,f9d67774-531d-11f0-b811-005056bde474,false,false
Номенклатура — current,raw.r1c_nomenclature_current,c6b6c417-f524-11eb-9c3a-00505689ff45,АК-00003414,Бином Инсектицид,,f9d67774-531d-11f0-b811-005056bde474,false,false
Номенклатура — current,raw.r1c_nomenclature_current,9cfddca4-cf6d-11eb-bd90-fa163e0d31f7,БП-00004182,Бинт медицинский стерильный 7мх14см,,213391ae-cf6d-11eb-bd90-fa163e0d31f7,false,false
Номенклатура — current,raw.r1c_nomenclature_current,c6b6c418-f524-11eb-9c3a-00505689ff45,АК-00003415,Биоcтоп Инсектицид,,f9d67774-531d-11f0-b811-005056bde474,false,false
Номенклатура — current,raw.r1c_nomenclature_current,b913345a-16f4-11ed-9c43-cb6d75bb653b,00-00006848,Биодукс 10мл.Ж,,e1243393-532a-11f0-b811-005056bde474,false,false
Номенклатура — current,raw.r1c_nomenclature_current,c6b6c419-f524-11eb-9c3a-00505689ff45,АК-00003416,Биокилл Инсектицид,,f9d67774-531d-11f0-b811-005056bde474,false,false
Номенклатура — current,raw.r1c_nomenclature_current,9250311e-8ea0-11ea-9529-30f7727a492e,00-00002573,Биопрепарат Биокомплекс БТУ  1 марка,,e1243393-532a-11f0-b811-005056bde474,false,false
Номенклатура — current,raw.r1c_nomenclature_current,7ce2899e-aa1e-11ea-bf8d-fa163ee5d2f9,БП-00002741,Биопрепарат Биокомплекс БТУ (Микофренд)  1 марка,,e1243393-532a-11f0-b811-005056bde474,false,false
Номенклатура — current,raw.r1c_nomenclature_current,6590b9aa-aa1e-11ea-bf8d-fa163ee5d2f9,БП-00002740,Биопрепарат Биокомплекс БТУ (Микохелп)  1 марка,,e1243393-532a-11f0-b811-005056bde474,false,false
Номенклатура — current,raw.r1c_nomenclature_current,e39b45cc-ed2b-11ea-a29d-fa163ee5d2f9,БП-00003014,Биопрепарат Биокомплекс БТУ (Фитохелл) 1 марка,,e1243393-532a-11f0-b811-005056bde474,false,false
Номенклатура — current,raw.r1c_nomenclature_current,9250311f-8ea0-11ea-9529-30f7727a492e,00-00002574,Биопрепарат Биокомплекс БТУ (универсальный)  1 марка,,e1243393-532a-11f0-b811-005056bde474,false,false
Номенклатура — current,raw.r1c_nomenclature_current,9250311d-8ea0-11ea-9529-30f7727a492e,00-00002572,Биопрепарат Биокомплекс БТУ Органик баланс 1 марка,,e1243393-532a-11f0-b811-005056bde474,false,false
Номенклатура — current,raw.r1c_nomenclature_current,246a0fee-1bc2-11ee-9c4e-00505689ff45,00-00008291,"Биосепт 0,8л",,f0e4c260-a130-11e8-af4c-30f7727a492e,false,false
Номенклатура — current,raw.r1c_nomenclature_current,c6b6c41a-f524-11eb-9c3a-00505689ff45,АК-00003417,Биотлин Бау Инсектицид,,f9d67774-531d-11f0-b811-005056bde474,false,false
Номенклатура — current,raw.r1c_nomenclature_current,af552190-5d1b-11ee-9c4f-00505689ff45,00-00009585,Биофунгицид Фитоспорин-АС.Ж,,a1653aa0-3b95-11f0-b80e-005056bde474,false,false
Номенклатура — current,raw.r1c_nomenclature_current,a0863fe9-2d2a-11ee-9c4e-00505689ff45,00-00008388,Бирка для кабеля,,f0e4c260-a130-11e8-af4c-30f7727a492e,false,false
Номенклатура — current,raw.r1c_nomenclature_current,9088ee93-75dc-11e7-af18-30f7727a492e,00-00000045,Бирка для ключей,,9088ee8b-75dc-11e7-af18-30f7727a492e,false,false
Номенклатура — current,raw.r1c_nomenclature_current,3d4e9919-dfef-11f0-b81e-005056bde474,00-00013223,Бирки для ключей 10шт/упак,,f0e4c260-a130-11e8-af4c-30f7727a492e,false,false
Номенклатура — current,raw.r1c_nomenclature_current,56586aa4-39d8-11ea-9523-30f7727a492e,00-00002422,Бирки для ключей пластиковые,,f0e4c260-a130-11e8-af4c-30f7727a492e,false,false
Номенклатура — current,raw.r1c_nomenclature_current,c6b6c41b-f524-11eb-9c3a-00505689ff45,АК-00003418,БисолбиСан Инсектицид,,2eaeac4d-5322-11f0-b811-005056bde474,false,false
Номенклатура — current,raw.r1c_nomenclature_current,d677d668-3619-11f0-b80e-005056bde474,00-00012337,"БисолбиСан, Ж Биофунгицид (микробиологический препарат)",,2eaeac4d-5322-11f0-b811-005056bde474,false,false
Номенклатура — current,raw.r1c_nomenclature_current,c3b7c4cc-f350-11eb-9c3a-00505689ff45,АК-00003309,"Бит 90,Ж Адьювант (прилипатель) ",,21f489cd-531d-11f0-b811-005056bde474,false,false
Номенклатура — current,raw.r1c_nomenclature_current,45f8c8f0-c562-11e9-af79-30f7727a492e,00-00001927,Бита ,,9088eead-75dc-11e7-af18-30f7727a492e,false,false
Номенклатура — current,raw.r1c_nomenclature_current,c23ebe64-e154-11ea-8696-fa163ee5d2f9,БП-00002941,Бита 50 РН-2,,f7164898-2ffe-11eb-af80-fa163e0d31f7,false,false
Номенклатура — current,raw.r1c_nomenclature_current,04529809-69d7-11ef-9c5c-00505689ff45,00-00011009,Бита 50РН 2,,05b398ee-0a39-11f0-b80e-005056bde474,false,false
Номенклатура — current,raw.r1c_nomenclature_current,e858c2c2-a61a-11ec-9c42-00505689c8d9,00-00006350,Бита 70 РН-2,,9088eead-75dc-11e7-af18-30f7727a492e,false,false
Номенклатура — current,raw.r1c_nomenclature_current,72ebcf0f-114d-11f1-b81f-005056bde474,00-00013797,"Бита KRAFTOOL с торцевой головкой, намагниченная, 10 мм 26391-10",,78d8d6fe-7293-11f0-b814-005056bde474,false,false
Номенклатура — current,raw.r1c_nomenclature_current,d01710e5-7919-11f1-b822-005056bde474,00-00014583,Бита PH2х50мм 5 шт Inforce 11-01-292,,c7578db7-735f-11f0-b814-005056bde474,false,false
Номенклатура — current,raw.r1c_nomenclature_current,fac19b4f-4dcb-11ec-9c40-00505689c8d9,АК-00005699,Бита РHх 90мм 5шт 11-01-294,,9088eead-75dc-11e7-af18-30f7727a492e,false,false
Номенклатура — current,raw.r1c_nomenclature_current,10a5b2e5-76c7-11e7-af18-30f7727a492e,00-00000095,Бита РН 2,,05b398ee-0a39-11f0-b80e-005056bde474,false,false
Номенклатура — current,raw.r1c_nomenclature_current,ecb2a1da-5585-11ef-9c59-00505689ff45,00-00010776,Бита РН 2*127,,05b398ee-0a39-11f0-b80e-005056bde474,false,false
Номенклатура — current,raw.r1c_nomenclature_current,d91fda85-5585-11ef-9c59-00505689ff45,00-00010775,Бита РН 2*150,,05b398ee-0a39-11f0-b80e-005056bde474,false,false
Номенклатура — current,raw.r1c_nomenclature_current,4f812fb4-01c0-11ec-9c3a-00505689ff45,АК-00004115,Бита Т-30,,05b398ee-0a39-11f0-b80e-005056bde474,false,false
Номенклатура — current,raw.r1c_nomenclature_current,5f9d6679-2028-11ec-9c3a-00505689ff45,АК-00005278,Бита ТОРХ 30*50,,05b398ee-0a39-11f0-b80e-005056bde474,false,false
Номенклатура — current,raw.r1c_nomenclature_current,53df4a71-a536-11f1-b824-005056bde474,00-00014725,Бита двухсторонняя PZ2,,c8384141-0a37-11f0-b80e-005056bde474,false,false
Номенклатура — current,raw.r1c_nomenclature_current,ed1d4835-4dc7-11ec-9c40-00505689c8d9,АК-00005694,Бита для шуроповерта Рz1 50мм 10шт G-11168,,9088eead-75dc-11e7-af18-30f7727a492e,false,false
Номенклатура — current,raw.r1c_nomenclature_current,c6b6c41c-f524-11eb-9c3a-00505689ff45,АК-00003419,Битоксибациллин Инсектицид,,f9d67774-531d-11f0-b811-005056bde474,false,false
Номенклатура — current,raw.r1c_nomenclature_current,fcb7fd0d-7918-11f1-b822-005056bde474,00-00014580,Биты для шуруповерта 10 шт. PH2 Gigant GBS 11030,,c7578db7-735f-11f0-b814-005056bde474,false,false
Номенклатура — current,raw.r1c_nomenclature_current,220bb864-114c-11f1-b81f-005056bde474,00-00013783,Биты кровельные 8мм 84613 2 шт ,,78d8d6fe-7293-11f0-b814-005056bde474,false,false
Номенклатура — current,raw.r1c_nomenclature_current,ddab07fc-d630-11ec-9c42-00505689c8d9,00-00006547,"Биты с торцевыми головками, сталь Crv, 1/4 Е10мм-65мм",,f7164898-2ffe-11eb-af80-fa163e0d31f7,false,false
Номенклатура — current,raw.r1c_nomenclature_current,a481ccb0-f2dc-11eb-9c3a-00505689ff45,АК-00003303,"Бицепс Гарант, КЭ Гербицид ",,5e0b1519-531c-11f0-b811-005056bde474,false,false
Номенклатура — current,raw.r1c_nomenclature_current,c6b6c41d-f524-11eb-9c3a-00505689ff45,АК-00003420,Бишка Инсектицид,,f9d67774-531d-11f0-b811-005056bde474,false,false
Номенклатура — current,raw.r1c_nomenclature_current,abea8326-bccd-11f1-b824-005056bde474,00-00014787,Бланк Вкладыш к трудовой книжке (новый 2023г),,9088ee8b-75dc-11e7-af18-30f7727a492e,false,false
Номенклатура — current,raw.r1c_nomenclature_current,cd524334-b397-11ee-9c4c-005056893620,00-00010077,Блок 1роз.+1кл.выкл. ОУ,,20e031f3-0a37-11f0-b80e-005056bde474,false,false
Номенклатура — current,raw.r1c_nomenclature_current,4f5687a8-92c3-11eb-0c80-fa163e0d31f7,БП-00003819,Блок ЕЕМ2 (836869357),,9b060c03-71d9-11e7-85a2-d43d7eec442d,false,false
Номенклатура — current,raw.r1c_nomenclature_current,54629b58-f9df-11eb-9c3a-00505689ff45,АК-00003905,Блок бесперебойного питания без корпуса ББП-60 БК,,20e031f3-0a37-11f0-b80e-005056bde474,false,false
Номенклатура — current,raw.r1c_nomenclature_current,2b4f4ff9-e996-11e9-af7d-30f7727a492e,00-00002096,Блок газобетонный перегородочный 625х85х250 ГОСТ 31360-2007 эконом,,9088eead-75dc-11e7-af18-30f7727a492e,false,false
Номенклатура — current,raw.r1c_nomenclature_current,be0d77fa-bc0a-11e9-af77-30f7727a492e,00-00001812,Блок газобетонный ровный ГОСТ 31360-2007 эконом,,9088eead-75dc-11e7-af18-30f7727a492e,false,false
Номенклатура — current,raw.r1c_nomenclature_current,3c851e15-5075-11ed-9c43-cb6d75bb653b,00-00007341,Блок для записей,,9088ee8b-75dc-11e7-af18-30f7727a492e,false,false
Номенклатура — current,raw.r1c_nomenclature_current,90b1965c-e7b0-11ea-3497-fa163ee5d2f9,БП-00002991,Блок для записей в подставке белый,,9088ee8b-75dc-11e7-af18-30f7727a492e,false,false
Номенклатура — current,raw.r1c_nomenclature_current,d73d985a-84ab-11ef-9c5d-00505689ff45,00-00011261,Блок для записей в подставке цветной,,9088ee8b-75dc-11e7-af18-30f7727a492e,false,false
Номенклатура — current,raw.r1c_nomenclature_current,7b82a161-6b0b-11ed-9c4d-00505689c8d9,00-00007398,"Блок оконный ПВХ 0,6х0,6м",,9088eead-75dc-11e7-af18-30f7727a492e,false,false
Номенклатура — current,raw.r1c_nomenclature_current,45cb2a02-3754-11ee-9c4e-00505689ff45,00-00008412,"Блок оконный ПВХ 0,9х0,6м",,9088eead-75dc-11e7-af18-30f7727a492e,false,false
Номенклатура — current,raw.r1c_nomenclature_current,58403b84-6b0b-11ed-9c4d-00505689c8d9,00-00007397,"Блок оконный ПВХ 1,0х1,2м",,9088eead-75dc-11e7-af18-30f7727a492e,false,false
Номенклатура — current,raw.r1c_nomenclature_current,88c84df9-86c8-11ed-9c4c-00505689ff45,00-00007544,Блок питания ,,9b060c03-71d9-11e7-85a2-d43d7eec442d,false,false
Номенклатура — current,raw.r1c_nomenclature_current,147ba30e-21fd-11ed-9c43-cb6d75bb653b,00-00006996,Блок питания 24В DR-75W-24 PROxima,,20e031f3-0a37-11f0-b80e-005056bde474,false,false
Номенклатура — current,raw.r1c_nomenclature_current,debc3eed-1ed8-11ed-9c43-cb6d75bb653b,00-00006979,Блок питания 24В DRP-240W-24V-EKF ,,20e031f3-0a37-11f0-b80e-005056bde474,false,false
Номенклатура — current,raw.r1c_nomenclature_current,41d49d03-94a6-11f0-b818-005056bde474,00-00012749,Блок питания ARS-400-24,,cfd9b301-7290-11f0-b814-005056bde474,false,false
Номенклатура — current,raw.r1c_nomenclature_current,4c04ce15-638e-11ee-9c50-00505689ff45,00-00009615,Блок питания DR-120W-24-24ВМ120ВТ,,9b060c03-71d9-11e7-85a2-d43d7eec442d,false,false
Номенклатура — current,raw.r1c_nomenclature_current,ed060652-a2b8-11f0-b81d-005056bde474,00-00012855,Блок питания LUXDriver 600Вт 24В,,cfd9b301-7290-11f0-b814-005056bde474,false,false
Номенклатура — current,raw.r1c_nomenclature_current,7b63a4c3-f7da-11ec-9c42-89a3dcc9992a,00-00006730,Блок питания для светодиодной ленты 38W IP20 12V B2L038ESB,,9b060c03-71d9-11e7-85a2-d43d7eec442d,false,false
Номенклатура — current,raw.r1c_nomenclature_current,982e7da3-b70b-11f0-b81e-005056bde474,00-00012952,Блок питания на DIN-рейку NDR-480-24,,cfd9b301-7290-11f0-b814-005056bde474,false,false
Номенклатура — current,raw.r1c_nomenclature_current,40f1c22e-749f-11ee-9c4a-005056893620,00-00009713,Блок питания под резерв,,cf1ab97a-749e-11ee-9c4a-005056893620,false,false
Номенклатура — current,raw.r1c_nomenclature_current,076e01b8-49b3-11eb-a99a-fa163e0d31f7,БП-00003510,"Блок питания резервированный БП-12/0,5",,ce7d79f6-49b2-11eb-a99a-fa163e0d31f7,false,false
Номенклатура — current,raw.r1c_nomenclature_current,86db9002-d1de-11f0-b81e-005056bde474,00-00013035,Блок подшипников UK209+H2309Х,,45c9e202-0a37-11f0-b80e-005056bde474,false,false
Номенклатура — current,raw.r1c_nomenclature_current,f5d080ed-8770-11ee-9c4a-005056893620,00-00009822,"Блок предохранителей КАМАЗ БПР-13,5",,9b060c03-71d9-11e7-85a2-d43d7eec442d,false,false
Номенклатура — current,raw.r1c_nomenclature_current,d48a6f34-d7e4-11ef-b80c-005056bde474,00-00011558,Блок распределительный РБД-400А ИЭК,,20e031f3-0a37-11f0-b80e-005056bde474,false,false
Номенклатура — current,raw.r1c_nomenclature_current,d5bb4169-d95e-11ee-9c4c-005056893620,00-00010226,Блок распределительный на DIN рейку РБД 160А ,,9b060c03-71d9-11e7-85a2-d43d7eec442d,false,false
Номенклатура — current,raw.r1c_nomenclature_current,2bacd31d-4fab-11ed-9c43-cb6d75bb653b,00-00007312,Блок распределительный на DIN рейку РБД 250А ИЭК,,20e031f3-0a37-11f0-b80e-005056bde474,false,false
Номенклатура — current,raw.r1c_nomenclature_current,6d14707a-1025-11ee-9c4e-00505689ff45,00-00008212,Блок с/подонн 3302,,9b060c03-71d9-11e7-85a2-d43d7eec442d,false,false
Номенклатура — current,raw.r1c_nomenclature_current,a8136038-5ed7-11ef-9c5c-00505689ff45,00-00010885,Блок управлен с/п 214 ,,20296b06-0a38-11f0-b80e-005056bde474,false,false
Номенклатура — current,raw.r1c_nomenclature_current,745caf16-e2b8-11ea-4b9d-fa163ee5d2f9,БП-00002950,Блок управления отопителем ГАЗ-3302 Бизнес Автокомплект 2705-8121020-20,,9b060c03-71d9-11e7-85a2-d43d7eec442d,false,false
Номенклатура — current,raw.r1c_nomenclature_current,8aced222-6c8a-11eb-b79a-fa163e0d31f7,БП-00003720,Блок фотобарабана для Panasonic,,e6b715af-0a38-11f0-b80e-005056bde474,false,false
Номенклатура — current,raw.r1c_nomenclature_current,2b4f4fe0-e996-11e9-af7d-30f7727a492e,00-00002074,Блок яч. бетона 625х150х250,,9088eead-75dc-11e7-af18-30f7727a492e,false,false
Номенклатура — current,raw.r1c_nomenclature_current,9b060c65-71d9-11e7-85a2-d43d7eec442d,00000043   ,Блок-контейнер металл БК-01,,9b060cbb-71d9-11e7-85a2-d43d7eec442d,false,false
Номенклатура — current,raw.r1c_nomenclature_current,abf7cc13-39bf-11ea-9523-30f7727a492e,00-00002415,Блок-кубик КОМУС в стакане 9х9х5 цветной блок,,9088ee8b-75dc-11e7-af18-30f7727a492e,false,false
Номенклатура — current,raw.r1c_nomenclature_current,e4b93f8a-4394-11eb-b594-fa163e0d31f7,БП-00003449,Блок-кубик КОМУС с клеем краем 76*76,,9088ee8b-75dc-11e7-af18-30f7727a492e,false,false
Номенклатура — current,raw.r1c_nomenclature_current,74046871-a2e9-11ee-9c4c-005056893620,00-00009974,Блоки контактные,,20e031f3-0a37-11f0-b80e-005056bde474,false,false
Номенклатура — current,raw.r1c_nomenclature_current,acc8adc8-e7ae-11ea-3497-fa163ee5d2f9,БП-00002983,"Блокнот А5,40л клетка, металлический гребень",,9088ee8b-75dc-11e7-af18-30f7727a492e,false,false
Номенклатура — current,raw.r1c_nomenclature_current,10b10626-6158-11eb-9c2d-0050560417d5,00-00002821,Бобовые,,323ef7d5-6157-11eb-9c2d-0050560417d5,true,false
Номенклатура — current,raw.r1c_nomenclature_current,61f00705-13e3-11f1-b81f-005056bde474,00-00013834,Бойлер для горячих напитков (термопод) Willmark WWB-1612S,,917ab634-0a38-11f0-b80e-005056bde474,false,false
Номенклатура — current,raw.r1c_nomenclature_current,8b8055ad-e417-11e9-af7c-30f7727a492e,00-00002019,Боковая часть ткани PU-ПЛАСТ(11207270/020819/0005950),,9b060c03-71d9-11e7-85a2-d43d7eec442d,false,false
Номенклатура — current,raw.r1c_nomenclature_current,8b8055ae-e417-11e9-af7c-30f7727a492e,00-00002020,Боковая часть ткани PU-ПЛАСТ(11207270/060419/0003071),,9b060c03-71d9-11e7-85a2-d43d7eec442d,false,false
Номенклатура — current,raw.r1c_nomenclature_current,9597b5ac-c25a-11e9-af79-30f7727a492e,00-00001891,Боковина переднего бампера левая черная,,9b060c03-71d9-11e7-85a2-d43d7eec442d,false,false
Номенклатура — current,raw.r1c_nomenclature_current,9597b5ab-c25a-11e9-af79-30f7727a492e,00-00001890,Боковина переднего бампера правая черная,,9b060c03-71d9-11e7-85a2-d43d7eec442d,false,false
Номенклатура — current,raw.r1c_nomenclature_current,b5561c70-e71f-11ec-9c42-00505689c8d9,00-00006664,Боковой щиток слева (015.77592),,9b060c03-71d9-11e7-85a2-d43d7eec442d,false,false
Номенклатура — current,raw.r1c_nomenclature_current,982378e4-e71f-11ec-9c42-00505689c8d9,00-00006663,Боковой щиток справа  (015.77593),,9b060c03-71d9-11e7-85a2-d43d7eec442d,false,false
Номенклатура — current,raw.r1c_nomenclature_current,3b3d289f-a0d5-11ee-9c4c-005056893620,00-00009971,Бокорез 150мм,,f7164898-2ffe-11eb-af80-fa163e0d31f7,false,false
Номенклатура — current,raw.r1c_nomenclature_current,55e73742-e14e-11ea-8696-fa163ee5d2f9,БП-00002927,Бокорез диэлектрический 180,,f7164898-2ffe-11eb-af80-fa163e0d31f7,false,false
Номенклатура — current,raw.r1c_nomenclature_current,24ed45ee-0c28-11ec-9c3a-00505689ff45,АК-00004868,Бокорезы,,007d76f1-0a39-11f0-b80e-005056bde474,false,false
Номенклатура — current,raw.r1c_nomenclature_current,f83bbaf4-fb52-11ef-b80e-005056bde474,00-00011737,Бокорезы 160мм,,f7164898-2ffe-11eb-af80-fa163e0d31f7,false,false
Номенклатура — current,raw.r1c_nomenclature_current,c8e94ca5-4dce-11ec-9c40-00505689c8d9,АК-00005706,"Бокорезы 160мм двухкомпонент.ручки С6,0 Н2.0 К11,0",,007d76f1-0a39-11f0-b80e-005056bde474,false,false
Номенклатура — current,raw.r1c_nomenclature_current,2eca8c43-4bdb-11ec-9c40-00505689c8d9,АК-00005644,Бокс 2/4 ,,9adc9f2a-3d8a-11f1-b821-005056bde474,false,false
Номенклатура — current,raw.r1c_nomenclature_current,beb9ca2c-b0b4-11ef-9c5e-00505689ff45,00-00011430,Бокс 8 модулей наружный ,,9adc9f2a-3d8a-11f1-b821-005056bde474,false,false
Номенклатура — current,raw.r1c_nomenclature_current,0207e43e-1597-11ea-9521-30f7727a492e,00-00002239,Бокс Tekfor 12М накладной прозрачная черная дверца,,9adc9f2a-3d8a-11f1-b821-005056bde474,false,false
Номенклатура — current,raw.r1c_nomenclature_current,5510eadd-b964-11ef-9c5f-00505689ff45,00-00011473,Бокс О/У на 4 авт.,,9adc9f2a-3d8a-11f1-b821-005056bde474,false,false
Номенклатура — current,raw.r1c_nomenclature_current,c2e58676-241c-11f0-b80e-005056bde474,00-00011996,Бокс О/У на 4 автомата,,9be0daf4-2e34-11eb-288c-fa163e0d31f7,false,false
Номенклатура — current,raw.r1c_nomenclature_current,6c549ce5-6b58-11ed-9c4d-00505689c8d9,00-00007433,Бокс ОП Тусо 10мод. IP65 сер/дым.двер. Рувинит 69011,,9adc9f2a-3d8a-11f1-b821-005056bde474,false,false
Номенклатура — current,raw.r1c_nomenclature_current,f22c8e83-6b57-11ed-9c4d-00505689c8d9,00-00007432,Бокс ОП Тусо 3мод. IP65 с вертикальной дверью,,9adc9f2a-3d8a-11f1-b821-005056bde474,false,false
Номенклатура — current,raw.r1c_nomenclature_current,f6ba2fe3-7711-11ed-9c4d-00505689c8d9,00-00007489,Бокс ЩРН-П 8 модулей навесн.пластик. IP41 ИЭК МКР12N-08-40-20 ,,9adc9f2a-3d8a-11f1-b821-005056bde474,false,false
Номенклатура — current,raw.r1c_nomenclature_current,016717aa-5a0f-11ef-9c59-00505689ff45,00-00010826,Бокс открытой проводки на 10 модулей 250*200*107мм IP65,,9adc9f2a-3d8a-11f1-b821-005056bde474,false,false
Номенклатура — current,raw.r1c_nomenclature_current,467c728f-1019-11ee-9c4e-00505689ff45,00-00008187,Бокс с прозр.крышкой КМПн2/2для 2-х авт выкл наружн.уст.ИЭК,,9adc9f2a-3d8a-11f1-b821-005056bde474,false,false
Номенклатура — current,raw.r1c_nomenclature_current,9a5498c7-0621-11ee-9c4e-00505689ff45,00-00008116,Боксер КЭ,,5e0b1519-531c-11f0-b811-005056bde474,false,false
Номенклатура — current,raw.r1c_nomenclature_current,c921ed5f-32ba-11f1-b81f-005056bde474,00-00013998,Болт,,9088eead-75dc-11e7-af18-30f7727a492e,false,false
Номенклатура — current,raw.r1c_nomenclature_current,98eefdfe-bfab-11eb-c69d-fa163e0d31f7,БП-00004049,"Болт  М10х1,5х40 мебельный с квадратным подголовком",,9b060c03-71d9-11e7-85a2-d43d7eec442d,false,false
Номенклатура — current,raw.r1c_nomenclature_current,9ae33a8a-cf91-11eb-bd90-fa163e0d31f7,БП-00004204,"Болт  М12х1,25х40,88",,9b060c03-71d9-11e7-85a2-d43d7eec442d,false,false
Номенклатура — current,raw.r1c_nomenclature_current,d18ba007-7feb-11ef-9c5d-00505689ff45,00-00011157,Болт  М12х120,,9b060c03-71d9-11e7-85a2-d43d7eec442d,false,false
Номенклатура — current,raw.r1c_nomenclature_current,0249b850-370b-11f0-b80e-005056bde474,00-00012387,"Болт  М12х50,88",,7aed3420-36f4-11f0-b80e-005056bde474,false,false
Номенклатура — current,raw.r1c_nomenclature_current,f2af5ef2-c390-11ef-9c5f-00505689ff45,00-00011527,"Болт 10х40-12,9 подголовник DIN 608",,9b060c03-71d9-11e7-85a2-d43d7eec442d,false,false
Номенклатура — current,raw.r1c_nomenclature_current,c372bc1d-0328-11ef-9c4f-005056893620,00-00010440,"Болт 14 х 80 * 12,9 оц. DIN 931 (GB-T5782)",,9b060c03-71d9-11e7-85a2-d43d7eec442d,false,false
Номенклатура — current,raw.r1c_nomenclature_current,a19d1713-0328-11ef-9c4f-005056893620,00-00010439,"Болт 14 х100 * 10,9 оц. ГОСТ 7798 (DZ20-051)",,9b060c03-71d9-11e7-85a2-d43d7eec442d,false,false
Номенклатура — current,raw.r1c_nomenclature_current,34a297ca-0328-11ef-9c4f-005056893620,00-00010436,"Болт 20 х 90 * 12,9 DIN 931(шт) (DZ20-014)",,9b060c03-71d9-11e7-85a2-d43d7eec442d,false,false
Номенклатура — current,raw.r1c_nomenclature_current,5d9a20a4-0328-11ef-9c4f-005056893620,00-00010437,"Болт 20 х170мм.*10,9 оц. DIN 933(шт) (DZ20-073)",,9b060c03-71d9-11e7-85a2-d43d7eec442d,false,false
Номенклатура — current,raw.r1c_nomenclature_current,81930be6-0328-11ef-9c4f-005056893620,00-00010438,"Болт 20 х190мм.*10,9 оц. DIN 931(шт) (DZ20-075)",,9b060c03-71d9-11e7-85a2-d43d7eec442d,false,false
Номенклатура — current,raw.r1c_nomenclature_current,063b2cc5-0328-11ef-9c4f-005056893620,00-00010435,"Болт 20х 80мм* 12,9 DIN 931 (DZ20-088A)",,9b060c03-71d9-11e7-85a2-d43d7eec442d,false,false
Номенклатура — current,raw.r1c_nomenclature_current,c0d70be4-2b8c-11ec-b9a9-00505689914b,АК-00005473,Болт 5х40 цинк,,9b060c03-71d9-11e7-85a2-d43d7eec442d,false,false
Номенклатура — current,raw.r1c_nomenclature_current,0937a7ee-45a3-11ed-9c43-cb6d75bb653b,00-00007231,Болт 5х75,,9b060c03-71d9-11e7-85a2-d43d7eec442d,false,false
Номенклатура — current,raw.r1c_nomenclature_current,36b2114b-e722-11ec-9c42-00505689c8d9,00-00006669,Болт 6-гр.М 16х260 931-8.8 оц,,9b060c03-71d9-11e7-85a2-d43d7eec442d,false,false
Номенклатура — current,raw.r1c_nomenclature_current,4405539f-d632-11ec-9c42-00505689c8d9,00-00006549,Болт 6х15,,9b060c03-71d9-11e7-85a2-d43d7eec442d,false,false
Номенклатура — current,raw.r1c_nomenclature_current,da978702-32ba-11f1-b81f-005056bde474,00-00013999,Болт 8х100,,9088eead-75dc-11e7-af18-30f7727a492e,false,false
Номенклатура — current,raw.r1c_nomenclature_current,2ce92611-429e-11f0-b80f-005056bde474,00-00012440,Болт DIN933 с шестигранной головкой оцинк. М10x30 20 шт,,e857fb59-7295-11f0-b814-005056bde474,false,false
Номенклатура — current,raw.r1c_nomenclature_current,769f9cc3-1a22-11e9-af62-30f7727a492e,00-00001447,Болт ГБЦ 6659901112,,9b060c03-71d9-11e7-85a2-d43d7eec442d,false,false
Номенклатура — current,raw.r1c_nomenclature_current,769f9cc4-1a22-11e9-af62-30f7727a492e,00-00001448,Болт ГБЦ Ssang yong (2.0-2.7),,9b060c03-71d9-11e7-85a2-d43d7eec442d,false,false
Номенклатура — current,raw.r1c_nomenclature_current,2200c1f3-dc06-11e8-af56-30f7727a492e,00-00001311,Болт ГБЦ Valtra 190,,9b060c03-71d9-11e7-85a2-d43d7eec442d,false,false
Номенклатура — current,raw.r1c_nomenclature_current,a4ee5619-753f-11e9-af6d-30f7727a492e,00-00001572,"Болт ЗИЛ-4331 крепления вала карданного с гайкой, шайбой в сборе",,9b060c03-71d9-11e7-85a2-d43d7eec442d,false,false
Номенклатура — current,raw.r1c_nomenclature_current,6851d859-b28d-11e9-af76-30f7727a492e,00-00001783,Болт К-700,,9b060c03-71d9-11e7-85a2-d43d7eec442d,false,false
Номенклатура — current,raw.r1c_nomenclature_current,2db5c03c-6a41-11e9-af6b-30f7727a492e,00-00001547,"Болт М 1*1,25 *70 ВАЗ-2108, КАМАЗ рычага нижнего подвески передней ТТМ",,9b060c03-71d9-11e7-85a2-d43d7eec442d,false,false
Номенклатура — current,raw.r1c_nomenclature_current,e6189cb1-c0c0-11e9-af79-30f7727a492e,00-00001859,"Болт М 10*1,0х30 ГАЗ-3110,3302,2217 УАЗ вала карданного в сборе ",,9b060c03-71d9-11e7-85a2-d43d7eec442d,false,false
Номенклатура — current,raw.r1c_nomenclature_current,442edf24-ad8b-11ea-d488-fa163ee5d2f9,БП-00002769,"Болт М 10*1,25х35 КАМАЗ вала карданного в сборе ",,9b060c03-71d9-11e7-85a2-d43d7eec442d,false,false
Номенклатура — current,raw.r1c_nomenclature_current,6bbe9206-4bca-11ed-9c43-cb6d75bb653b,00-00007262,Болт М 10*50,,9b060c03-71d9-11e7-85a2-d43d7eec442d,false,false
Номенклатура — current,raw.r1c_nomenclature_current,ace254a7-4bca-11ed-9c43-cb6d75bb653b,00-00007263,Болт М 10*85,,9b060c03-71d9-11e7-85a2-d43d7eec442d,false,false
Номенклатура — current,raw.r1c_nomenclature_current,76c7e003-8815-11e9-af70-30f7727a492e,00-00001655,"Болт М 12*1,25х30 ГАЗ-3307,3308 вала карданного в сборе ЭТНА",,9b060c03-71d9-11e7-85a2-d43d7eec442d,false,false
Номенклатура — current,raw.r1c_nomenclature_current,85e86a60-aa17-11ea-bf8d-fa163ee5d2f9,БП-00002733,"Болт М 12*1,25х40.88 (NR-350407)",,9b060c03-71d9-11e7-85a2-d43d7eec442d,false,false
Номенклатура — current,raw.r1c_nomenclature_current,afe6507e-6502-11ef-9c5c-00505689ff45,00-00010945,Болт М 12*30,,9b060c03-71d9-11e7-85a2-d43d7eec442d,false,false
Номенклатура — current,raw.r1c_nomenclature_current,efe0eef1-6498-11e8-af3d-30f7727a492e,00-00000886,"Болт М 14*1,5 10.9",,9b060c03-71d9-11e7-85a2-d43d7eec442d,false,false
Номенклатура — current,raw.r1c_nomenclature_current,efe0eeef-6498-11e8-af3d-30f7727a492e,00-00000884,"Болт М 14*1,5*45-12,9",,9b060c03-71d9-11e7-85a2-d43d7eec442d,false,false
Номенклатура — current,raw.r1c_nomenclature_current,39bcf16f-4bdd-11ed-9c43-cb6d75bb653b,00-00007285,Болт М 16 х40 KG00480261,,9b060c03-71d9-11e7-85a2-d43d7eec442d,false,false
Номенклатура — current,raw.r1c_nomenclature_current,2db5c03d-6a41-11e9-af6b-30f7727a492e,00-00001548,"Болт М 16*1,5 *50 кронштейна балансира надрамника КАМАЗ,МАЗ",,9b060c03-71d9-11e7-85a2-d43d7eec442d,false,false
Номенклатура — current,raw.r1c_nomenclature_current,efe0eef0-6498-11e8-af3d-30f7727a492e,00-00000885,"Болт М 16*1,5 10.9",,9b060c03-71d9-11e7-85a2-d43d7eec442d,false,false
Номенклатура — current,raw.r1c_nomenclature_current,efe0eeee-6498-11e8-af3d-30f7727a492e,00-00000883,"Болт М 16*1,5*52-12,9",,9b060c03-71d9-11e7-85a2-d43d7eec442d,false,false
Номенклатура — current,raw.r1c_nomenclature_current,3941ecf6-8f0e-11e8-af45-30f7727a492e,00-00000982,"Болт М 18*1,5*50 барабана прицепа",,9b060c03-71d9-11e7-85a2-d43d7eec442d,false,false
Номенклатура — current,raw.r1c_nomenclature_current,80c903e5-9b99-11e8-af49-30f7727a492e,00-00001043,"Болт М 20*1,5* 113 полуприцепа МАЗ 372935",,9b060c03-71d9-11e7-85a2-d43d7eec442d,false,false
Номенклатура — current,raw.r1c_nomenclature_current,3941ecf2-8f0e-11e8-af45-30f7727a492e,00-00000978,Болт М 20*120,,9b060c03-71d9-11e7-85a2-d43d7eec442d,false,false
Номенклатура — current,raw.r1c_nomenclature_current,851ab640-1ddc-11e8-af31-30f7727a492e,00-00000703,Болт М 20*50 1 эт,,9b060c03-71d9-11e7-85a2-d43d7eec442d,false,false
Номенклатура — current,raw.r1c_nomenclature_current,3b210079-7550-11ed-9c4d-00505689c8d9,00-00007455,Болт М 5*14,,9b060c03-71d9-11e7-85a2-d43d7eec442d,false,false
Номенклатура — current,raw.r1c_nomenclature_current,596c2dfb-3236-11ef-9c59-00505689ff45,00-00010655,Болт М 5х20 с внутр. шестигран,,9b060c03-71d9-11e7-85a2-d43d7eec442d,false,false
Номенклатура — current,raw.r1c_nomenclature_current,3971d933-189c-11ed-9c43-cb6d75bb653b,00-00006921,Болт М 5х30,,9b060c03-71d9-11e7-85a2-d43d7eec442d,false,false
Номенклатура — current,raw.r1c_nomenclature_current,ef27c364-07d1-11eb-1097-fa163ee5d2f9,БП-00003102,Болт М 5х40,,9b060c03-71d9-11e7-85a2-d43d7eec442d,false,false
Номенклатура — current,raw.r1c_nomenclature_current,48b9d264-ba23-11f0-b81e-005056bde474,00-00012967,Болт М 5х60,,9b060c03-71d9-11e7-85a2-d43d7eec442d,false,false
Номенклатура — current,raw.r1c_nomenclature_current,6bcc29d6-189c-11ed-9c43-cb6d75bb653b,00-00006922,Болт М 6х30,,9b060c03-71d9-11e7-85a2-d43d7eec442d,false,false
Номенклатура — current,raw.r1c_nomenclature_current,76103608-f7de-11ec-9c42-89a3dcc9992a,00-00006737,Болт М 6х40,,9b060c03-71d9-11e7-85a2-d43d7eec442d,false,false
Номенклатура — current,raw.r1c_nomenclature_current,9f0bdf89-189c-11ed-9c43-cb6d75bb653b,00-00006923,Болт М 6х60,,9b060c03-71d9-11e7-85a2-d43d7eec442d,false,false
Номенклатура — current,raw.r1c_nomenclature_current,37003c08-b2df-11e9-af76-30f7727a492e,00-00001796,Болт М 8*25,,9b060c03-71d9-11e7-85a2-d43d7eec442d,false,false
Номенклатура — current,raw.r1c_nomenclature_current,5d1fdc86-cb9b-11e8-af53-30f7727a492e,00-00001267,Болт М 8*25,,9b060c03-71d9-11e7-85a2-d43d7eec442d,false,false
Номенклатура — current,raw.r1c_nomenclature_current,8e405006-fe40-11ea-7580-fa163ee5d2f9,БП-00003053,Болт М 8*30,,9b060c03-71d9-11e7-85a2-d43d7eec442d,false,false
Номенклатура — current,raw.r1c_nomenclature_current,dd6a1e18-e5ac-11e9-af7c-30f7727a492e,00-00002058,Болт М 8*35,,9b060c03-71d9-11e7-85a2-d43d7eec442d,false,false
Номенклатура — current,raw.r1c_nomenclature_current,79a380f8-c607-11e8-af51-30f7727a492e,00-00001206,Болт М 8*40,,9b060c03-71d9-11e7-85a2-d43d7eec442d,false,false
Номенклатура — current,raw.r1c_nomenclature_current,de1714a1-8a12-11e7-af1d-30f7727a492e,00-00000280,Болт М 8*70,,9b060c03-71d9-11e7-85a2-d43d7eec442d,false,false
Номенклатура — current,raw.r1c_nomenclature_current,f8f4e42c-4bca-11ed-9c43-cb6d75bb653b,00-00007264,"Болт М 8х1,25 200274-П29",,9b060c03-71d9-11e7-85a2-d43d7eec442d,false,false
Номенклатура — current,raw.r1c_nomenclature_current,d421fa34-bfab-11eb-c69d-fa163e0d31f7,БП-00004050,"Болт М 8х1,5х20 накладки бампера облицовочный",,9b060c03-71d9-11e7-85a2-d43d7eec442d,false,false
Номенклатура — current,raw.r1c_nomenclature_current,c45b6437-f890-11ec-9c42-89a3dcc9992a,00-00006754,"Болт М 8х20*8,8 DIN603",,9b060c03-71d9-11e7-85a2-d43d7eec442d,false,false
Номенклатура — current,raw.r1c_nomenclature_current,e152c45b-d29e-11ec-9c42-00505689c8d9,00-00006531,Болт М 8х25 DIN603,,9b060c03-71d9-11e7-85a2-d43d7eec442d,false,false
Номенклатура — current,raw.r1c_nomenclature_current,0eba1f25-189d-11ed-9c43-cb6d75bb653b,00-00006924,Болт М 8х40,,9b060c03-71d9-11e7-85a2-d43d7eec442d,false,false
Номенклатура — current,raw.r1c_nomenclature_current,94f28ddf-2ae4-11ec-b9a9-00505689914b,АК-00005441,Болт М 8х50 мм шестигранный оцинкованный,,9b060c03-71d9-11e7-85a2-d43d7eec442d,false,false
Номенклатура — current,raw.r1c_nomenclature_current,bbfab364-2ae4-11ec-b9a9-00505689914b,АК-00005442,Болт М 8х55 мм шестигранный оцинкованный,,9b060c03-71d9-11e7-85a2-d43d7eec442d,false,false
Номенклатура — current,raw.r1c_nomenclature_current,dad2c5d7-2ae4-11ec-b9a9-00505689914b,АК-00005443,Болт М 8х60 мм шестигранный оцинкованный,,9b060c03-71d9-11e7-85a2-d43d7eec442d,false,false
Номенклатура — current,raw.r1c_nomenclature_current,4cf2b163-189d-11ed-9c43-cb6d75bb653b,00-00006925,Болт М 8х80,,9b060c03-71d9-11e7-85a2-d43d7eec442d,false,false
Номенклатура — current,raw.r1c_nomenclature_current,013d2fdc-5f5d-11e9-af6b-30f7727a492e,00-00001541,"Болт М10*1,5*40 ГОСТ 7811-70 установки промопоры и КП (К-700)",,9b060c03-71d9-11e7-85a2-d43d7eec442d,false,false
Номенклатура — current,raw.r1c_nomenclature_current,9ff4e75a-bfc7-11eb-c69d-fa163e0d31f7,БП-00004061,Болт М10*100,,9b060c03-71d9-11e7-85a2-d43d7eec442d,false,false
Номенклатура — current,raw.r1c_nomenclature_current,8f194728-189d-11ed-9c43-cb6d75bb653b,00-00006926,"Болт М10*100 оцинкованный кп 8,8",,9b060c03-71d9-11e7-85a2-d43d7eec442d,false,false
Номенклатура — current,raw.r1c_nomenclature_current,2c321e1a-1cd3-11ef-9c58-00505689ff45,00-00010598,"Болт М10*110,88",,9b060c03-71d9-11e7-85a2-d43d7eec442d,false,false
Номенклатура — current,raw.r1c_nomenclature_current,6b9e738e-9191-11e9-af72-30f7727a492e,00-00001709,Болт М10*150,,9b060c03-71d9-11e7-85a2-d43d7eec442d,false,false
Номенклатура — current,raw.r1c_nomenclature_current,049cac98-1cd3-11ef-9c58-00505689ff45,00-00010597,"Болт М10*20,88",,9b060c03-71d9-11e7-85a2-d43d7eec442d,false,false
Номенклатура — current,raw.r1c_nomenclature_current,a98eda11-b33a-11e7-a3e1-94de80168a80,00-00000372,Болт М10*30,,9b060c03-71d9-11e7-85a2-d43d7eec442d,false,false
Номенклатура — current,raw.r1c_nomenclature_current,04e42a0f-7ff1-11ef-9c5d-00505689ff45,00-00011162,"Болт М10*30,88",,9b060c03-71d9-11e7-85a2-d43d7eec442d,false,false
Номенклатура — current,raw.r1c_nomenclature_current,ee33c220-bfd5-11eb-c69d-fa163e0d31f7,БП-00004068,Болт М10*35,,9b060c03-71d9-11e7-85a2-d43d7eec442d,false,false
Номенклатура — current,raw.r1c_nomenclature_current,a61cbbbb-88e7-11e9-af70-30f7727a492e,00-00001682,Болт М10*40 ЛЕМЕШНЫЙ,,9b060c03-71d9-11e7-85a2-d43d7eec442d,false,false
Номенклатура — current,raw.r1c_nomenclature_current,ff41e7d3-b0dd-11e8-af4e-30f7727a492e,00-00001187,Болт М10*50,,9b060c03-71d9-11e7-85a2-d43d7eec442d,false,false
Номенклатура — current,raw.r1c_nomenclature_current,5d1fdc85-cb9b-11e8-af53-30f7727a492e,00-00001266,Болт М10*90,,9b060c03-71d9-11e7-85a2-d43d7eec442d,false,false
Номенклатура — current,raw.r1c_nomenclature_current,57ef2650-9a3a-11ec-9c42-00505689c8d9,00-00006255,Болт М10х1х28 МТЗ-82 вала карданного с гайкой РБ 52-2203020,,9b060c03-71d9-11e7-85a2-d43d7eec442d,false,false
Номенклатура — current,raw.r1c_nomenclature_current,b23b3b88-63d5-11f0-b811-005056bde474,00-00012543,Болт М10х40+гайка+шайба с шестигр.головкой оцинк.,,e857fb59-7295-11f0-b814-005056bde474,false,false
Номенклатура — current,raw.r1c_nomenclature_current,2c6eeff0-65f6-11f0-b811-005056bde474,00-00012570,"Болт М10х70х1,25 коллектора камаз",,45c9e202-0a37-11f0-b80e-005056bde474,false,false
Номенклатура — current,raw.r1c_nomenclature_current,e95175de-189d-11ed-9c43-cb6d75bb653b,00-00006927,Болт М10х90,,9b060c03-71d9-11e7-85a2-d43d7eec442d,false,false
Номенклатура — current,raw.r1c_nomenclature_current,1c79d5ce-bfc8-11eb-c69d-fa163e0d31f7,БП-00004062,Болт М12*100,,9b060c03-71d9-11e7-85a2-d43d7eec442d,false,false
Номенклатура — current,raw.r1c_nomenclature_current,de94e433-e224-11ef-b80c-005056bde474,00-00011617,Болт М12*25 DIN931,,9b060c03-71d9-11e7-85a2-d43d7eec442d,false,false
Номенклатура — current,raw.r1c_nomenclature_current,bc25d171-7cd3-11ef-9c5d-00505689ff45,00-00011143,Болт М12*25.58.019 ГОСТ,,9b060c03-71d9-11e7-85a2-d43d7eec442d,false,false
Номенклатура — current,raw.r1c_nomenclature_current,efe0eebf-6498-11e8-af3d-30f7727a492e,00-00000857,Болт М12*30,,9b060c03-71d9-11e7-85a2-d43d7eec442d,false,false
Номенклатура — current,raw.r1c_nomenclature_current,a61cbbbc-88e7-11e9-af70-30f7727a492e,00-00001683,Болт М12*45 ЛЕМЕШНЫЙ,,9b060c03-71d9-11e7-85a2-d43d7eec442d,false,false
Номенклатура — current,raw.r1c_nomenclature_current,b6d1be51-99bc-11ea-952a-30f7727a492e,00-00002699,Болт М12*45 лемеха ГОСТ 7786,,9b060c03-71d9-11e7-85a2-d43d7eec442d,false,false
Номенклатура — current,raw.r1c_nomenclature_current,9663dd3c-cf61-11eb-bd90-fa163e0d31f7,БП-00004156,Болт М12*50,,9b060c03-71d9-11e7-85a2-d43d7eec442d,false,false
Номенклатура — current,raw.r1c_nomenclature_current,8b363010-0ba6-11eb-3385-fa163ee5d2f9,БП-00003147,Болт М12*70,,9b060c03-71d9-11e7-85a2-d43d7eec442d,false,false
Номенклатура — current,raw.r1c_nomenclature_current,1a344747-1f93-11ec-9c3a-00505689ff45,АК-00005241,"Болт М12*80,88",,9b060c03-71d9-11e7-85a2-d43d7eec442d,false,false
Номенклатура — current,raw.r1c_nomenclature_current,6da3d4cd-3709-11f0-b80e-005056bde474,00-00012384,Болт М12х1.25х100 КАМАЗ крон.двиг.задн.,,45c9e202-0a37-11f0-b80e-005056bde474,false,false
Номенклатура — current,raw.r1c_nomenclature_current,85456c4e-2b0d-11f0-b80e-005056bde474,00-00012147,Болт М12х1.25х40.88,,45c9e202-0a37-11f0-b80e-005056bde474,false,false
Номенклатура — current,raw.r1c_nomenclature_current,bc93b833-f35b-11ee-9c4c-005056893620,00-00010390,Болт М12х45 DZ20-102 ,,9b060c03-71d9-11e7-85a2-d43d7eec442d,false,false
Номенклатура — current,raw.r1c_nomenclature_current,1156d21e-d1d3-11f0-b81e-005056bde474,00-00013029,Болт М12х50 DIN 608 12.9 с гайкой,,45c9e202-0a37-11f0-b80e-005056bde474,false,false
Номенклатура — current,raw.r1c_nomenclature_current,4e169806-189e-11ed-9c43-cb6d75bb653b,00-00006928,Болт М12х90,,9b060c03-71d9-11e7-85a2-d43d7eec442d,false,false
Номенклатура — current,raw.r1c_nomenclature_current,bfae4f3a-ea74-11ed-9c4e-00505689ff45,00-00007906,Болт М14 оцинкованный,,9b060c03-71d9-11e7-85a2-d43d7eec442d,false,false
Номенклатура — current,raw.r1c_nomenclature_current,ff41e7cd-b0dd-11e8-af4e-30f7727a492e,00-00001181,Болт М14*60,,9b060c03-71d9-11e7-85a2-d43d7eec442d,false,false
Номенклатура — current,raw.r1c_nomenclature_current,3822689b-e224-11ef-b80c-005056bde474,00-00011615,Болт М16*100 DIN931,,9b060c03-71d9-11e7-85a2-d43d7eec442d,false,false
Номенклатура — current,raw.r1c_nomenclature_current,622e73e3-fff3-11eb-9c3a-00505689ff45,АК-00003918,Болт М16*100 кл.пр10.9,,9b060c03-71d9-11e7-85a2-d43d7eec442d,false,false
Номенклатура — current,raw.r1c_nomenclature_current,ff41e7d2-b0dd-11e8-af4e-30f7727a492e,00-00001186,Болт М16*120,,9b060c03-71d9-11e7-85a2-d43d7eec442d,false,false
Номенклатура — current,raw.r1c_nomenclature_current,a2147d7e-4a44-11f1-b821-005056bde474,00-00014210,Болт М16*2*65 пневморессоры BPW 102.598,,45c9e202-0a37-11f0-b80e-005056bde474,false,false
Номенклатура — current,raw.r1c_nomenclature_current,9cab0391-fff3-11eb-9c3a-00505689ff45,АК-00003919,Болт М16*40,,9b060c03-71d9-11e7-85a2-d43d7eec442d,false,false
Номенклатура — current,raw.r1c_nomenclature_current,f0e4c232-a130-11e8-af4c-30f7727a492e,00-00001060,Болт М16*50,,9b060c03-71d9-11e7-85a2-d43d7eec442d,false,false
Номенклатура — current,raw.r1c_nomenclature_current,ff41e7d1-b0dd-11e8-af4e-30f7727a492e,00-00001185,Болт М16*70,,9b060c03-71d9-11e7-85a2-d43d7eec442d,false,false
Номенклатура — current,raw.r1c_nomenclature_current,cb0d8b14-cf61-11eb-bd90-fa163e0d31f7,БП-00004157,Болт М16*90,,9b060c03-71d9-11e7-85a2-d43d7eec442d,false,false
Номенклатура — current,raw.r1c_nomenclature_current,f6c64bc1-5b4b-11f1-b821-005056bde474,00-00014456,Болт М16х100 DIN931,,cbedb3c1-4ea6-11f1-b821-005056bde474,false,false
Номенклатура — current,raw.r1c_nomenclature_current,a2acbbf7-1168-11f1-b81f-005056bde474,00-00013822,"Болт М18х120-8,8 DIN931",,45c9e202-0a37-11f0-b80e-005056bde474,false,false
Номенклатура — current,raw.r1c_nomenclature_current,79b55668-189e-11ed-9c43-cb6d75bb653b,00-00006929,Болт М18х90,,9b060c03-71d9-11e7-85a2-d43d7eec442d,false,false
Номенклатура — current,raw.r1c_nomenclature_current,1fbd5b64-f8ed-11ef-b80e-005056bde474,00-00011713,Болт М20 х180 DIN 931,,9b060c03-71d9-11e7-85a2-d43d7eec442d,false,false
Номенклатура — current,raw.r1c_nomenclature_current,4b0c37a3-cadf-11e9-af79-30f7727a492e,00-00001954,Болт М20*180,,9b060c03-71d9-11e7-85a2-d43d7eec442d,false,false
Номенклатура — current,raw.r1c_nomenclature_current,928ad44c-b636-11ef-9c5e-00505689ff45,00-00011456,Болт М20*70 гост,,9b060c03-71d9-11e7-85a2-d43d7eec442d,false,false
Номенклатура — current,raw.r1c_nomenclature_current,2135301c-b637-11ef-9c5e-00505689ff45,00-00011457,Болт М20*80 гост,,9b060c03-71d9-11e7-85a2-d43d7eec442d,false,false
Номенклатура — current,raw.r1c_nomenclature_current,bfa1dba8-189e-11ed-9c43-cb6d75bb653b,00-00006931,Болт М20х100,,9b060c03-71d9-11e7-85a2-d43d7eec442d,false,false
Номенклатура — current,raw.r1c_nomenclature_current,9e56f0b0-13d9-11f0-b80e-005056bde474,00-00011932,Болт М20х70 ГОСТ,,45c9e202-0a37-11f0-b80e-005056bde474,false,false
Номенклатура — current,raw.r1c_nomenclature_current,9d64ff38-189e-11ed-9c43-cb6d75bb653b,00-00006930,Болт М20х80,,9b060c03-71d9-11e7-85a2-d43d7eec442d,false,false
Номенклатура — current,raw.r1c_nomenclature_current,b34160c5-13d9-11f0-b80e-005056bde474,00-00011933,Болт М20х80 ГОСТ,,45c9e202-0a37-11f0-b80e-005056bde474,false,false
Номенклатура — current,raw.r1c_nomenclature_current,d89f2c62-189e-11ed-9c43-cb6d75bb653b,00-00006932,Болт М22х100,,9b060c03-71d9-11e7-85a2-d43d7eec442d,false,false
Номенклатура — current,raw.r1c_nomenclature_current,839b5505-e224-11ef-b80c-005056bde474,00-00011616,Болт М22х120 DIN931,,9b060c03-71d9-11e7-85a2-d43d7eec442d,false,false
Номенклатура — current,raw.r1c_nomenclature_current,b8247f31-b30e-11ef-9c5e-00505689ff45,00-00011454,Болт М24*340,,9b060c03-71d9-11e7-85a2-d43d7eec442d,false,false
Номенклатура — current,raw.r1c_nomenclature_current,8810ecdb-51ff-11ee-9c4e-00505689ff45,00-00009516,Болт М24-8g75.58/0112 ГОСТ 7798-70,,9b060c03-71d9-11e7-85a2-d43d7eec442d,false,false
Номенклатура — current,raw.r1c_nomenclature_current,ab6b60d2-6765-11ee-9c50-00505689ff45,00-00009651,Болт М7х67 мм крепления топливных форсунок,,9b060c03-71d9-11e7-85a2-d43d7eec442d,false,false
Номенклатура — current,raw.r1c_nomenclature_current,662f6ae5-ddc7-11ed-9c4e-00505689ff45,00-00007786,Болт МТЗ колеса 1221-3101011,,9b060c03-71d9-11e7-85a2-d43d7eec442d,false,false
Номенклатура — current,raw.r1c_nomenclature_current,dd83d563-5f47-11e9-af6b-30f7727a492e,00-00001486,Болт МТЗ корпуса вилок КПП призонный М12х42 САЗ 50-1702092,,9b060c03-71d9-11e7-85a2-d43d7eec442d,false,false
Номенклатура — current,raw.r1c_nomenclature_current,1da428a5-003a-11ec-9c3a-00505689ff45,АК-00003993,Болт МТЗ крепления кронштейна,,9b060c03-71d9-11e7-85a2-d43d7eec442d,false,false
Номенклатура — current,raw.r1c_nomenclature_current,10d246a8-4521-11e8-af37-30f7727a492e,00-00000792,Болт МТЗ серьги РУП МТЗ,,9b060c03-71d9-11e7-85a2-d43d7eec442d,false,false
Номенклатура — current,raw.r1c_nomenclature_current,e8886012-65fb-11f0-b811-005056bde474,00-00012577,Болт МТЗ40,,45c9e202-0a37-11f0-b80e-005056bde474,false,false
Номенклатура — current,raw.r1c_nomenclature_current,5b3efbcc-3cdf-11ea-9524-30f7727a492e,00-00002444,Болт анкерный с крючком 10х60,,9088eead-75dc-11e7-af18-30f7727a492e,false,false
Номенклатура — current,raw.r1c_nomenclature_current,efe0eee0-6498-11e8-af3d-30f7727a492e,00-00000875,Болт башмачный с гайкой М16 Т-130,,9b060c03-71d9-11e7-85a2-d43d7eec442d,false,false
Номенклатура — current,raw.r1c_nomenclature_current,bf4ba688-3785-11ee-9c4e-00505689ff45,00-00008442,Болт головки блока цил.5340-100301602 ЯМЗ-534,,9b060c03-71d9-11e7-85a2-d43d7eec442d,false,false
Номенклатура — current,raw.r1c_nomenclature_current,4feb5470-e677-11ed-9c4e-00505689ff45,00-00007850,"Болт заднего колеса 40-3104021 ЮМЗ,МТЗ",,9b060c03-71d9-11e7-85a2-d43d7eec442d,false,false
Номенклатура — current,raw.r1c_nomenclature_current,7f19cd62-3785-11ee-9c4e-00505689ff45,00-00008441,"Болт задней рессоры М16*1,5*305 6520-2912132",,9b060c03-71d9-11e7-85a2-d43d7eec442d,false,false
Номенклатура — current,raw.r1c_nomenclature_current,6d801f7c-b36f-11f0-b81e-005056bde474,00-00012904,Болт задней ступицы МТЗ-80 ,,45c9e202-0a37-11f0-b80e-005056bde474,false,false
Номенклатура — current,raw.r1c_nomenclature_current,940384a3-5f7e-11ef-9c5c-00505689ff45,00-00010901,Болт кабельный 12*40,,9088eead-75dc-11e7-af18-30f7727a492e,false,false
Номенклатура — current,raw.r1c_nomenclature_current,063eb5fd-5f7e-11ef-9c5c-00505689ff45,00-00010900,Болт кабельный 8*30,,9088eead-75dc-11e7-af18-30f7727a492e,false,false
Номенклатура — current,raw.r1c_nomenclature_current,e514a053-11bb-11ea-9520-30f7727a492e,00-00002215,Болт кардана (к-т),,9b060c03-71d9-11e7-85a2-d43d7eec442d,false,false
Номенклатура — current,raw.r1c_nomenclature_current,96fd0310-1ddf-11eb-589b-fa163e0d31f7,БП-00003199,Болт карданного ЗИЛ вала М14х40+гайка,,9b060c03-71d9-11e7-85a2-d43d7eec442d,false,false
Номенклатура — current,raw.r1c_nomenclature_current,a3109bca-3b57-11ee-9c4e-00505689ff45,00-00008499,"Болт карданный М16х1,5х50 NAN 020.058",,9b060c03-71d9-11e7-85a2-d43d7eec442d,false,false
Номенклатура — current,raw.r1c_nomenclature_current,6d88f88b-e67f-11ed-9c4e-00505689ff45,00-00007863,Болт карданный в сборе ГАЗ 53-2201026,,9b060c03-71d9-11e7-85a2-d43d7eec442d,false,false
Номенклатура — current,raw.r1c_nomenclature_current,b76331bc-65f8-11f0-b811-005056bde474,00-00012574,"Болт карданный с гайкой М10*1,25 ",,45c9e202-0a37-11f0-b80e-005056bde474,false,false
Номенклатура — current,raw.r1c_nomenclature_current,9ea31953-1424-11ee-9c4e-00505689ff45,00-00008249,"Болт карданный с гайкой М12*1,25-22 ",,9b060c03-71d9-11e7-85a2-d43d7eec442d,false,false
Номенклатура — current,raw.r1c_nomenclature_current,7ba3c154-bfdc-11eb-c69d-fa163e0d31f7,БП-00004077,"Болт карданный с гайкой М14*1,5 межосевой",,9b060c03-71d9-11e7-85a2-d43d7eec442d,false,false
Номенклатура — current,raw.r1c_nomenclature_current,85d8310b-ab4e-11e8-af4e-30f7727a492e,00-00001157,Болт карданный с гайкой МТЗ,,9b060c03-71d9-11e7-85a2-d43d7eec442d,false,false
Номенклатура — current,raw.r1c_nomenclature_current,b5813b64-e688-11ed-9c4e-00505689ff45,00-00007874,Болт карданный с гайкой МТЗ (УАЗ) 52-2203020,,9b060c03-71d9-11e7-85a2-d43d7eec442d,false,false
Номенклатура — current,raw.r1c_nomenclature_current,28373083-8a47-11ec-9c42-00505689c8d9,00-00006131,Болт карданный с гайкой МТЗ(УАЗ) 52-2203020,,9b060c03-71d9-11e7-85a2-d43d7eec442d,false,false
Номенклатура — current,raw.r1c_nomenclature_current,429497ec-7d30-11e7-af19-30f7727a492e,00-00000214,Болт карданный ф 10 МТЗ,,9b060c03-71d9-11e7-85a2-d43d7eec442d,false,false
Номенклатура — current,raw.r1c_nomenclature_current,aeea2867-84e8-11e8-af44-30f7727a492e,00-00000971,Болт карданный ф 12 МТЗ,,9b060c03-71d9-11e7-85a2-d43d7eec442d,false,false
Номенклатура — current,raw.r1c_nomenclature_current,485dfec8-9ad4-11e8-af49-30f7727a492e,00-00001020,Болт карданный ф 16 ,,9b060c03-71d9-11e7-85a2-d43d7eec442d,false,false
Номенклатура — current,raw.r1c_nomenclature_current,e992d240-08a5-11ef-9c4f-005056893620,00-00010468,"Болт колеса заднего МТЗ,ЮМЗ ",,9b060c03-71d9-11e7-85a2-d43d7eec442d,false,false
Номенклатура — current,raw.r1c_nomenclature_current,5fbf2677-95e6-11e7-af26-30f7727a492e,00-00000322,Болт колесный,,9b060c03-71d9-11e7-85a2-d43d7eec442d,false,false
Номенклатура — current,raw.r1c_nomenclature_current,867d9dd8-5d97-11f1-b821-005056bde474,00-00014475,"Болт крепления бок.ножа М20х1,5 Т-130",,8a8d9eb2-4ea0-11f1-b821-005056bde474,false,false
Номенклатура — current,raw.r1c_nomenclature_current,efe0eee3-6498-11e8-af3d-30f7727a492e,00-00000876,Болт крепления катка М 20,,9b060c03-71d9-11e7-85a2-d43d7eec442d,false,false
Номенклатура — current,raw.r1c_nomenclature_current,e0a0c25f-dc47-11e8-af56-30f7727a492e,00-00001342,Болт крепления лемеха М12*40,,9b060c03-71d9-11e7-85a2-d43d7eec442d,false,false
Номенклатура — current,raw.r1c_nomenclature_current,01c645f4-4dfd-11f1-b821-005056bde474,00-00014241,Болт крепления лемеха М12х35/40/45 высокопрочный,,45c9e202-0a37-11f0-b80e-005056bde474,false,false
Номенклатура — current,raw.r1c_nomenclature_current,ba3fbffa-d20e-11f0-b81e-005056bde474,00-00013058,Болт крепления лемеха М12х65 с гайкой,,45c9e202-0a37-11f0-b80e-005056bde474,false,false
Номенклатура — current,raw.r1c_nomenclature_current,52aba84d-4a3f-11f1-b821-005056bde474,00-00014200,Болт крепления лемеха М12х90 высокопрочный,,45c9e202-0a37-11f0-b80e-005056bde474,false,false
Номенклатура — current,raw.r1c_nomenclature_current,e0a0c260-dc47-11e8-af56-30f7727a492e,00-00001343,Болт крепления отвала  М10*45,,45c9e202-0a37-11f0-b80e-005056bde474,false,false
Номенклатура — current,raw.r1c_nomenclature_current,21d96b8b-a46e-11e9-af76-30f7727a492e,00-00001760,Болт крепления резца с гайкой,,9b060c03-71d9-11e7-85a2-d43d7eec442d,false,false
Номенклатура — current,raw.r1c_nomenclature_current,3ae4300c-f35b-11ee-9c4c-005056893620,00-00010388,Болт крепления стойки плуга M20x80,,9b060c03-71d9-11e7-85a2-d43d7eec442d,false,false
Номенклатура — current,raw.r1c_nomenclature_current,7a62452a-f35b-11ee-9c4c-005056893620,00-00010389,Болт крепления стойки плуга M20x95,,9b060c03-71d9-11e7-85a2-d43d7eec442d,false,false
Номенклатура — current,raw.r1c_nomenclature_current,89397fb8-7ce0-11e7-af19-30f7727a492e,00-00000176,Болт лемешный 10*40,,45c9e202-0a37-11f0-b80e-005056bde474,false,false
Номенклатура — current,raw.r1c_nomenclature_current,89397fb9-7ce0-11e7-af19-30f7727a492e,00-00000177,Болт лемешный 12*45,,45c9e202-0a37-11f0-b80e-005056bde474,false,false
Номенклатура — current,raw.r1c_nomenclature_current,b6d1be6a-99bc-11ea-952a-30f7727a492e,00-00002714,Болт лемешный 12*70,,45c9e202-0a37-11f0-b80e-005056bde474,false,false
Номенклатура — current,raw.r1c_nomenclature_current,b6d1be6b-99bc-11ea-952a-30f7727a492e,00-00002715,Болт лемешный 12*75,,45c9e202-0a37-11f0-b80e-005056bde474,false,false
Номенклатура — current,raw.r1c_nomenclature_current,e6d1f2b0-0328-11ef-9c4f-005056893620,00-00010441,Болт лемешный 12х40мм.(1кг.) (DZ20-133),,9b060c03-71d9-11e7-85a2-d43d7eec442d,false,false
Номенклатура — current,raw.r1c_nomenclature_current,4fb43e07-d20f-11f0-b81e-005056bde474,00-00013060,"Болт лонжерона МТЗ М16х2,0х120",,45c9e202-0a37-11f0-b80e-005056bde474,false,false
Номенклатура — current,raw.r1c_nomenclature_current,1ea7cf3b-f35b-11ee-9c4c-005056893620,00-00010387,Болт наконечника плуга M10x40,,9b060c03-71d9-11e7-85a2-d43d7eec442d,false,false
Номенклатура — current,raw.r1c_nomenclature_current,f806ff3e-b961-11ef-9c5f-00505689ff45,00-00011471,Болт наконечника плуга M12x40,,9b060c03-71d9-11e7-85a2-d43d7eec442d,false,false
Номенклатура — current,raw.r1c_nomenclature_current,e6189c7c-c0c0-11e9-af79-30f7727a492e,00-00001820,Болт натяжной 77.32.102,,9b060c03-71d9-11e7-85a2-d43d7eec442d,false,false
Номенклатура — current,raw.r1c_nomenclature_current,4a1934fe-a083-11f0-b81d-005056bde474,00-00012812,Болт нержавеющий 10x80 мм DIN933 с гайкой и шайбой,,e857fb59-7295-11f0-b814-005056bde474,false,false
Номенклатура — current,raw.r1c_nomenclature_current,6432dd21-e034-11f0-b81e-005056bde474,00-00013249,"Болт нержавеющий 10x80 мм DIN933 с гайкой и шайбой, 10шт.",,e857fb59-7295-11f0-b814-005056bde474,false,false
Номенклатура — current,raw.r1c_nomenclature_current,8fc837af-a083-11f0-b81d-005056bde474,00-00012813,Болт нержавеющий 6x70 мм DIN933,,e857fb59-7295-11f0-b814-005056bde474,false,false
Номенклатура — current,raw.r1c_nomenclature_current,82db6309-e034-11f0-b81e-005056bde474,00-00013250,Болт нержавеющий 6x70 мм DIN933 50шт,,e857fb59-7295-11f0-b814-005056bde474,false,false
Номенклатура — current,raw.r1c_nomenclature_current,a7b966c3-a083-11f0-b81d-005056bde474,00-00012814,Болт нержавеющий 8x80 мм DIN933 с гайкой и шайбой,,e857fb59-7295-11f0-b814-005056bde474,false,false
Номенклатура — current,raw.r1c_nomenclature_current,65e6c01f-0e73-11ee-9c4e-00505689ff45,00-00008166,Болт переднего колеса МТЗ 40.ТЗ103016,,9b060c03-71d9-11e7-85a2-d43d7eec442d,false,false
Номенклатура — current,raw.r1c_nomenclature_current,606b502c-cf91-11eb-bd90-fa163e0d31f7,БП-00004203,Болт плужный М10х25 + гайка,,9b060c03-71d9-11e7-85a2-d43d7eec442d,false,false
Номенклатура — current,raw.r1c_nomenclature_current,627abd93-0017-11ec-9c3a-00505689ff45,АК-00003956,Болт плужный М12х80 + гайка,,9b060c03-71d9-11e7-85a2-d43d7eec442d,false,false
Номенклатура — current,raw.r1c_nomenclature_current,6f661d58-000e-11ec-9c3a-00505689ff45,АК-00003944,Болт поворотного угольника А 12.01.013-02Д18.051,,9b060c03-71d9-11e7-85a2-d43d7eec442d,false,false
Номенклатура — current,raw.r1c_nomenclature_current,8ecd8a6b-9670-11ea-952a-30f7727a492e,00-00002616,"Болт полная резьба,цинк DIN 933 BZ 10*65",,9b060c03-71d9-11e7-85a2-d43d7eec442d,false,false
Номенклатура — current,raw.r1c_nomenclature_current,8ecd8a6c-9670-11ea-952a-30f7727a492e,00-00002617,"Болт полная резьба,цинк DIN 933 BZ 12*30",,9b060c03-71d9-11e7-85a2-d43d7eec442d,false,false
Номенклатура — current,raw.r1c_nomenclature_current,8ecd8a6d-9670-11ea-952a-30f7727a492e,00-00002618,"Болт полная резьба,цинк DIN 933 BZ 12*50",,9b060c03-71d9-11e7-85a2-d43d7eec442d,false,false
Номенклатура — current,raw.r1c_nomenclature_current,8ecd8a6e-9670-11ea-952a-30f7727a492e,00-00002619,"Болт полная резьба,цинк DIN 933 BZ 14*60",,9b060c03-71d9-11e7-85a2-d43d7eec442d,false,false
Номенклатура — current,raw.r1c_nomenclature_current,06a3dd8b-9698-11ea-952a-30f7727a492e,00-00002620,"Болт полная резьба,цинк DIN 933 BZ 16*40",,9b060c03-71d9-11e7-85a2-d43d7eec442d,false,false
Номенклатура — current,raw.r1c_nomenclature_current,06a3dd8c-9698-11ea-952a-30f7727a492e,00-00002621,"Болт полная резьба,цинк DIN 933 BZ 16*60",,9b060c03-71d9-11e7-85a2-d43d7eec442d,false,false
Номенклатура — current,raw.r1c_nomenclature_current,06a3dd8d-9698-11ea-952a-30f7727a492e,00-00002622,"Болт полная резьба,цинк DIN 933 BZ 6*30",,9b060c03-71d9-11e7-85a2-d43d7eec442d,false,false
Номенклатура — current,raw.r1c_nomenclature_current,06a3dd8e-9698-11ea-952a-30f7727a492e,00-00002623,"Болт полная резьба,цинк DIN 933 BZ 6*50",,9b060c03-71d9-11e7-85a2-d43d7eec442d,false,false
Номенклатура — current,raw.r1c_nomenclature_current,06a3dd8f-9698-11ea-952a-30f7727a492e,00-00002624,"Болт полная резьба,цинк DIN 933 BZ 8*50",,9b060c03-71d9-11e7-85a2-d43d7eec442d,false,false
Номенклатура — current,raw.r1c_nomenclature_current,06a3dd90-9698-11ea-952a-30f7727a492e,00-00002625,"Болт полная резьба,цинк DIN 933 BZ 8*70",,9b060c03-71d9-11e7-85a2-d43d7eec442d,false,false
Номенклатура — current,raw.r1c_nomenclature_current,a17c99b0-1961-11ed-9c43-cb6d75bb653b,00-00006953,Болт с буртиком F соединитель.,,9b060c03-71d9-11e7-85a2-d43d7eec442d,false,false
Номенклатура — current,raw.r1c_nomenclature_current,b0253292-565e-11eb-1f84-fa163e0d31f7,БП-00003595,Болт с гайкой,,9088eead-75dc-11e7-af18-30f7727a492e,false,false
Номенклатура — current,raw.r1c_nomenclature_current,a8e905e2-0913-11ef-9c4f-005056893620,00-00010482,Болт с гайкой М 12х50 DIN 608 12.9,,9b060c03-71d9-11e7-85a2-d43d7eec442d,false,false
Номенклатура — current,raw.r1c_nomenclature_current,f798e90d-7ccf-11ef-9c5d-00505689ff45,00-00011131,"Болт с гайкой М10х45 - 8,8 ",,9b060c03-71d9-11e7-85a2-d43d7eec442d,false,false
Номенклатура — current,raw.r1c_nomenclature_current,5766fada-7ccf-11ef-9c5d-00505689ff45,00-00011130,Болт с гайкой М12х45 - 10.9 DIN608,,9b060c03-71d9-11e7-85a2-d43d7eec442d,false,false
Номенклатура — current,raw.r1c_nomenclature_current,a8f78455-ddc7-11ed-9c4e-00505689ff45,00-00007787,Болт с гайкой МТЗ вала карданного А 52-2203020,,9b060c03-71d9-11e7-85a2-d43d7eec442d,false,false
Номенклатура — current,raw.r1c_nomenclature_current,fb20f991-156b-11e9-af61-30f7727a492e,00-00001440,Болт с гайкой и шайбой,,9b060c03-71d9-11e7-85a2-d43d7eec442d,false,false
Номенклатура — current,raw.r1c_nomenclature_current,020acac2-56ff-11eb-a997-fa163e0d31f7,БП-00003646,Болт с гайкой и шайбой веовой,,9088eead-75dc-11e7-af18-30f7727a492e,false,false
Номенклатура — current,raw.r1c_nomenclature_current,8de00ed0-2b1b-11f0-b80e-005056bde474,00-00012158,Болт с полу-гол. M12х60-8.8-оц.,,45c9e202-0a37-11f0-b80e-005056bde474,false,false
Номенклатура — current,raw.r1c_nomenclature_current,d99be96a-4714-11ee-9c4e-00505689ff45,00-00009412,Болт с расширенной головкой М6*27 DIN604-10.9,,9b060c03-71d9-11e7-85a2-d43d7eec442d,false,false
Номенклатура — current,raw.r1c_nomenclature_current,f5f793e7-4be0-11ec-9c40-00505689c8d9,АК-00005649,Болт с шестигр. гол. 6*30,,9b060c03-71d9-11e7-85a2-d43d7eec442d,false,false
Номенклатура — current,raw.r1c_nomenclature_current,c93ab632-829f-11ec-9c41-00505689c8d9,00-00006062,Болт с шестигр. гол. 6*50,,9b060c03-71d9-11e7-85a2-d43d7eec442d,false,false
Номенклатура — current,raw.r1c_nomenclature_current,f829f154-4bdf-11ec-9c40-00505689c8d9,АК-00005646,Болт с шестигр. гол. 8*30,,9b060c03-71d9-11e7-85a2-d43d7eec442d,false,false
Номенклатура — current,raw.r1c_nomenclature_current,35918720-5d90-11f1-b821-005056bde474,00-00014474,Болт срезной М12х90,,8a8d9eb2-4ea0-11f1-b821-005056bde474,false,false
Номенклатура — current,raw.r1c_nomenclature_current,973c2431-1f8a-11ec-9c3a-00505689ff45,АК-00005226,"Болт ступ. переднего колеса ЮМЗ 40-3103016 М18*50*1,5",,9b060c03-71d9-11e7-85a2-d43d7eec442d,false,false
Номенклатура — current,raw.r1c_nomenclature_current,5205120f-1fa0-11ec-9c3a-00505689ff45,АК-00005249,Болт ступицы МАЗ 5432-3104050/51 Евро L=105/85,,9b060c03-71d9-11e7-85a2-d43d7eec442d,false,false
Номенклатура — current,raw.r1c_nomenclature_current,dd83d564-5f47-11e9-af6b-30f7727a492e,00-00001487,Болт ступицы МТЗ задней (А),,9b060c03-71d9-11e7-85a2-d43d7eec442d,false,false
Номенклатура — current,raw.r1c_nomenclature_current,b2db088d-7fec-11ef-9c5d-00505689ff45,00-00011159,Болт стяжной ,,9b060c03-71d9-11e7-85a2-d43d7eec442d,false,false
Номенклатура — current,raw.r1c_nomenclature_current,ad253286-3285-11ed-9c43-cb6d75bb653b,00-00007144,Болт стяжной 19М8100,,9b060c03-71d9-11e7-85a2-d43d7eec442d,false,false
Номенклатура — current,raw.r1c_nomenclature_current,8402f0f2-3285-11ed-9c43-cb6d75bb653b,00-00007143,Болт стяжной 19М9144,,9b060c03-71d9-11e7-85a2-d43d7eec442d,false,false
Номенклатура — current,raw.r1c_nomenclature_current,b4e5e41f-13d1-11f0-b80e-005056bde474,00-00011911,Болт суппорта направляющий ,,20296b06-0a38-11f0-b80e-005056bde474,false,false
Номенклатура — current,raw.r1c_nomenclature_current,14bb551f-f911-11ef-b80e-005056bde474,00-00011720,Болт сход-развальный,,9b060c03-71d9-11e7-85a2-d43d7eec442d,false,false
Номенклатура — current,raw.r1c_nomenclature_current,81437f02-64b5-11e8-af3d-30f7727a492e,00-00000891,Болт центральный Д-260,,9b060c03-71d9-11e7-85a2-d43d7eec442d,false,false
Номенклатура — current,raw.r1c_nomenclature_current,da814255-65f4-11f0-b811-005056bde474,00-00012566,"Болт центровой рессоры  М12,16 L=175-280",,45c9e202-0a37-11f0-b80e-005056bde474,false,false
Номенклатура — current,raw.r1c_nomenclature_current,8b8055c6-e417-11e9-af7c-30f7727a492e,00-00002033,"Болт цил. гол.912М8х20-8,8 ОЦ",,9b060c03-71d9-11e7-85a2-d43d7eec442d,false,false
Номенклатура — current,raw.r1c_nomenclature_current,2200c1f4-dc06-11e8-af56-30f7727a492e,00-00001312,Болт шатунный Valtra 190,,9b060c03-71d9-11e7-85a2-d43d7eec442d,false,false
Номенклатура — current,raw.r1c_nomenclature_current,cd579b60-bfaa-11eb-c69d-fa163e0d31f7,БП-00004048,Болт шестигранный,,9b060c03-71d9-11e7-85a2-d43d7eec442d,false,false
Номенклатура — current,raw.r1c_nomenclature_current,b3026515-7746-11ef-9c5d-00505689ff45,00-00011099,"Болт штуцер М12х1,5 трубки топливной STARTEC",,9b060c03-71d9-11e7-85a2-d43d7eec442d,false,false
Номенклатура — current,raw.r1c_nomenclature_current,6638d0e6-17c9-11ed-9c43-cb6d75bb653b,00-00006868,"Болт штуцер М16х1,5 трубки топливной STARTEC",,9b060c03-71d9-11e7-85a2-d43d7eec442d,false,false
Номенклатура — current,raw.r1c_nomenclature_current,0f786e2c-65fc-11f0-b811-005056bde474,00-00012578,"Болт штуцер М20х1,5 трубки топливной STARTEC",,45c9e202-0a37-11f0-b80e-005056bde474,false,false
Номенклатура — current,raw.r1c_nomenclature_current,7aec9d8c-cfcd-11ee-9c4c-005056893620,00-00010191,"Болт эксцентрика в сб  (к-т 2 шт) ГАЗ -3307,ПАЗ 3501068",,9b060c03-71d9-11e7-85a2-d43d7eec442d,false,false
Номенклатура — current,raw.r1c_nomenclature_current,36fb0f63-876c-11ee-9c4a-005056893620,00-00009812,Болт эксцентрика в сб ГАЗ 53.3307,,9b060c03-71d9-11e7-85a2-d43d7eec442d,false,false
Номенклатура — current,raw.r1c_nomenclature_current,00d3cd78-5b18-11ee-9c4f-00505689ff45,00-00009563,"Болт, гайкой, шайба М6",,9b060c03-71d9-11e7-85a2-d43d7eec442d,false,false
Номенклатура — current,raw.r1c_nomenclature_current,5adc6ad6-7e69-11ee-9c4a-005056893620,00-00009743,Болты М5 нерж.,,9b060c03-71d9-11e7-85a2-d43d7eec442d,false,false
Номенклатура — current,raw.r1c_nomenclature_current,0a36bc78-42b4-11ef-9c59-00505689ff45,00-00010709,Болты с шестигранной головкой М6*27 DIN604-10,,9b060c03-71d9-11e7-85a2-d43d7eec442d,false,false
Номенклатура — current,raw.r1c_nomenclature_current,0707d82a-b0c4-11ef-9c5e-00505689ff45,00-00011434,Большая боковая панель LT6.4-17AN,,9b060c03-71d9-11e7-85a2-d43d7eec442d,false,false
Номенклатура — current,raw.r1c_nomenclature_current,4d06f54b-f359-11ee-9c4c-005056893620,00-00010380,Большое острие плуга LT6L.4-9 (левое),,45c9e202-0a37-11f0-b80e-005056bde474,false,false
Номенклатура — current,raw.r1c_nomenclature_current,4e01aeda-f35a-11ee-9c4c-005056893620,00-00010384,Большое острие плуга LT6R.4-9 (правое),,45c9e202-0a37-11f0-b80e-005056bde474,false,false
Номенклатура — current,raw.r1c_nomenclature_current,c6b6c41e-f524-11eb-9c3a-00505689ff45,АК-00003421,Бонтима Инсектицид,,2eaeac4d-5322-11f0-b811-005056bde474,false,false
Номенклатура — current,raw.r1c_nomenclature_current,c6b6c41f-f524-11eb-9c3a-00505689ff45,АК-00003422,Борей Инсектицид,,f9d67774-531d-11f0-b811-005056bde474,false,false
Номенклатура — current,raw.r1c_nomenclature_current,c6b6c420-f524-11eb-9c3a-00505689ff45,АК-00003423,Борей Нео Инсектицид,,f9d67774-531d-11f0-b811-005056bde474,false,false
Номенклатура — current,raw.r1c_nomenclature_current,c6b6c421-f524-11eb-9c3a-00505689ff45,АК-00003424,"Борей Нео, СК Инсектицид",,f9d67774-531d-11f0-b811-005056bde474,false,false
Номенклатура — current,raw.r1c_nomenclature_current,2eac653b-f355-11eb-9c3a-00505689ff45,АК-00003315,Боро-Н NB 3.11,,4d72fc7e-531d-11f0-b811-005056bde474,false,false
Номенклатура — current,raw.r1c_nomenclature_current,a16f36f5-5364-11f1-b821-005056bde474,00-00014417,Бороздник 08 без копир.кол,,45c9e202-0a37-11f0-b80e-005056bde474,false,false
Номенклатура — current,raw.r1c_nomenclature_current,a605b005-13d6-11f0-b80e-005056bde474,00-00011922,Бороздник 08 без копир.кол.,,45c9e202-0a37-11f0-b80e-005056bde474,false,false
Номенклатура — current,raw.r1c_nomenclature_current,de88bd38-8fac-11e7-af23-30f7727a492e,00-00000316,Борона дисковая мелиоративная БДН,,b1dadcf4-8eda-11e7-af22-30f7727a492e,false,false
Номенклатура — current,raw.r1c_nomenclature_current,4ecdc9d7-0b3f-11ec-9c3a-00505689ff45,АК-00004851,Боронование ,,52c3cca5-0968-11f0-b80e-005056bde474,false,false
Номенклатура — current,raw.r1c_nomenclature_current,816d5137-ce4a-11ed-9c4e-00505689ff45,00-00007696,Борт левый на стрелу СТПК 80-04 (крот),,9b060c03-71d9-11e7-85a2-d43d7eec442d,false,false
Номенклатура — current,raw.r1c_nomenclature_current,4b14a916-ce4a-11ed-9c4e-00505689ff45,00-00007695,Борт правый на стрелу СТПК 80-04 (крот),,9b060c03-71d9-11e7-85a2-d43d7eec442d,false,false
Номенклатура — current,raw.r1c_nomenclature_current,3bb544c2-589a-11ea-8118-d43d7ec071d4,00-00002497,Ботводробитель AVR RAFALE 4х90 (сер № 1004147),,9b060cbb-71d9-11e7-85a2-d43d7eec442d,false,false
Номенклатура — current,raw.r1c_nomenclature_current,7dc22e0c-c297-11ef-9c5f-00505689ff45,00-00011508,Ботвозатягив. ролик 35,,9b060c03-71d9-11e7-85a2-d43d7eec442d,false,false
Номенклатура — current,raw.r1c_nomenclature_current,c2602e9d-e72f-11e9-af7c-30f7727a492e,00-00002067,Ботинки UVEX ОРИДЖИН 8451/9 черные,,40174bc3-6566-11f1-b821-005056bde474,false,false
Номенклатура — current,raw.r1c_nomenclature_current,0a2a57db-dc13-11f0-b81e-005056bde474,00-00013187,"Ботинки КОМУС ПРОФ 3 КПП, ПУ/НР р.42",,40174bc3-6566-11f1-b821-005056bde474,false,false
Номенклатура — current,raw.r1c_nomenclature_current,1f249cec-dc13-11f0-b81e-005056bde474,00-00013188,"Ботинки КОМУС ПРОФ 3 КПП, ПУ/НР р.43",,40174bc3-6566-11f1-b821-005056bde474,false,false
Номенклатура — current,raw.r1c_nomenclature_current,2c7dcebd-dc13-11f0-b81e-005056bde474,00-00013189,"Ботинки КОМУС ПРОФ 3 КПП, ПУ/НР р.44",,40174bc3-6566-11f1-b821-005056bde474,false,false
Номенклатура — current,raw.r1c_nomenclature_current,b19ad55f-dc13-11f0-b81e-005056bde474,00-00013192,Ботинки Профи р.41 (мод.51),,40174bc3-6566-11f1-b821-005056bde474,false,false
Номенклатура — current,raw.r1c_nomenclature_current,c29457b3-dc13-11f0-b81e-005056bde474,00-00013193,Ботинки Профи р.42 (мод.51),,40174bc3-6566-11f1-b821-005056bde474,false,false
Номенклатура — current,raw.r1c_nomenclature_current,d7423ab1-dc13-11f0-b81e-005056bde474,00-00013194,Ботинки Профи р.43 (мод.51),,40174bc3-6566-11f1-b821-005056bde474,false,false
Номенклатура — current,raw.r1c_nomenclature_current,e6d6f750-dc13-11f0-b81e-005056bde474,00-00013195,Ботинки Профи р.46 (мод.51),,40174bc3-6566-11f1-b821-005056bde474,false,false
Номенклатура — current,raw.r1c_nomenclature_current,0197d204-dc14-11f0-b81e-005056bde474,00-00013196,Ботинки Профи с мет/поднос р.45 (мод.51),,40174bc3-6566-11f1-b821-005056bde474,false,false
Номенклатура — current,raw.r1c_nomenclature_current,50ff7a34-dc13-11f0-b81e-005056bde474,00-00013190,Ботинки Трекбот 1801 р.42,,40174bc3-6566-11f1-b821-005056bde474,false,false
Номенклатура — current,raw.r1c_nomenclature_current,8fe09fbd-dc13-11f0-b81e-005056bde474,00-00013191,Ботинки Трекбот 1801 р.43,,40174bc3-6566-11f1-b821-005056bde474,false,false
Номенклатура — current,raw.r1c_nomenclature_current,7bf27f30-e240-11f0-b81e-005056bde474,00-00013264,"Ботинки кожаные утепленные СТИКС ПУ, металлический подносок (38)",,40174bc3-6566-11f1-b821-005056bde474,false,false
Номенклатура — current,raw.r1c_nomenclature_current,9049e736-e240-11f0-b81e-005056bde474,00-00013265,"Ботинки кожаные утепленные СТИКС ПУ, металлический подносок (39)",,40174bc3-6566-11f1-b821-005056bde474,false,false
Номенклатура — current,raw.r1c_nomenclature_current,adb5f499-e240-11f0-b81e-005056bde474,00-00013266,"Ботинки кожаные утепленные СТИКС ПУ, металлический подносок (40)",,40174bc3-6566-11f1-b821-005056bde474,false,false
Номенклатура — current,raw.r1c_nomenclature_current,c41bba15-e240-11f0-b81e-005056bde474,00-00013267,"Ботинки кожаные утепленные СТИКС ПУ, металлический подносок (42)",,40174bc3-6566-11f1-b821-005056bde474,false,false
Номенклатура — current,raw.r1c_nomenclature_current,ff46d7a1-e240-11f0-b81e-005056bde474,00-00013268,"Ботинки кожаные утепленные СТИКС ПУ, металлический подносок (43)",,40174bc3-6566-11f1-b821-005056bde474,false,false
Номенклатура — current,raw.r1c_nomenclature_current,1d347196-e241-11f0-b81e-005056bde474,00-00013269,"Ботинки кожаные утепленные СТИКС ПУ, металлический подносок (44)",,40174bc3-6566-11f1-b821-005056bde474,false,false
Номенклатура — current,raw.r1c_nomenclature_current,4b4abbd0-dbff-11f0-b81e-005056bde474,00-00013145,"Ботинки от электродуги 9408ККС ПУ/НР, КП,АС, черный 43",,40174bc3-6566-11f1-b821-005056bde474,false,false
Номенклатура — current,raw.r1c_nomenclature_current,25959c86-dbff-11f0-b81e-005056bde474,00-00013144,"Ботинки от электродуги 9408ККС ПУ/НР, КП,АС, черный 45",,40174bc3-6566-11f1-b821-005056bde474,false,false
Номенклатура — current,raw.r1c_nomenclature_current,37817987-dc12-11f0-b81e-005056bde474,00-00013176,Ботинки рабочие (мод.12) с мет/поднос р.36,,40174bc3-6566-11f1-b821-005056bde474,false,false
Номенклатура — current,raw.r1c_nomenclature_current,4aff9f8e-dc12-11f0-b81e-005056bde474,00-00013177,Ботинки рабочие (мод.12) с мет/поднос р.37,,40174bc3-6566-11f1-b821-005056bde474,false,false
Номенклатура — current,raw.r1c_nomenclature_current,60abd1b1-dc12-11f0-b81e-005056bde474,00-00013178,Ботинки рабочие (мод.12) с мет/поднос р.38,,40174bc3-6566-11f1-b821-005056bde474,false,false
Номенклатура — current,raw.r1c_nomenclature_current,6f369dca-dc12-11f0-b81e-005056bde474,00-00013179,Ботинки рабочие (мод.12) с мет/поднос р.39,,40174bc3-6566-11f1-b821-005056bde474,false,false
Номенклатура — current,raw.r1c_nomenclature_current,7ed88278-dc12-11f0-b81e-005056bde474,00-00013180,Ботинки рабочие (мод.12) с мет/поднос р.40,,40174bc3-6566-11f1-b821-005056bde474,false,false
Номенклатура — current,raw.r1c_nomenclature_current,908ea828-dc12-11f0-b81e-005056bde474,00-00013181,Ботинки рабочие (мод.12) с мет/поднос р.41,,40174bc3-6566-11f1-b821-005056bde474,false,false
Номенклатура — current,raw.r1c_nomenclature_current,9d761046-dc12-11f0-b81e-005056bde474,00-00013182,Ботинки рабочие (мод.12) с мет/поднос р.42,,40174bc3-6566-11f1-b821-005056bde474,false,false
Номенклатура — current,raw.r1c_nomenclature_current,adf6f1a5-dc12-11f0-b81e-005056bde474,00-00013183,Ботинки рабочие (мод.12) с мет/поднос р.43,,40174bc3-6566-11f1-b821-005056bde474,false,false
Номенклатура — current,raw.r1c_nomenclature_current,c7f7ff96-dc12-11f0-b81e-005056bde474,00-00013184,Ботинки рабочие (мод.12) с мет/поднос р.44,,40174bc3-6566-11f1-b821-005056bde474,false,false
Номенклатура — current,raw.r1c_nomenclature_current,d9261df5-dc12-11f0-b81e-005056bde474,00-00013185,Ботинки рабочие (мод.12) с мет/поднос р.45,,40174bc3-6566-11f1-b821-005056bde474,false,false
Номенклатура — current,raw.r1c_nomenclature_current,e6de3216-dc12-11f0-b81e-005056bde474,00-00013186,Ботинки рабочие (мод.12) с мет/поднос р.46,,40174bc3-6566-11f1-b821-005056bde474,false,false
Номенклатура — current,raw.r1c_nomenclature_current,1539a8cf-dc0e-11f0-b81e-005056bde474,00-00013166,Ботинки рабочие (мод.13) р.40,,40174bc3-6566-11f1-b821-005056bde474,false,false
Номенклатура — current,raw.r1c_nomenclature_current,29d61388-dc0e-11f0-b81e-005056bde474,00-00013167,Ботинки рабочие (мод.13) р.42,,40174bc3-6566-11f1-b821-005056bde474,false,false
Номенклатура — current,raw.r1c_nomenclature_current,3e76f171-dc0e-11f0-b81e-005056bde474,00-00013168,Ботинки рабочие (мод.13) р.43,,40174bc3-6566-11f1-b821-005056bde474,false,false
Номенклатура — current,raw.r1c_nomenclature_current,64123c1f-dc0e-11f0-b81e-005056bde474,00-00013169,Ботинки рабочие (мод.13) р.44,,40174bc3-6566-11f1-b821-005056bde474,false,false
Номенклатура — current,raw.r1c_nomenclature_current,78b7cbd7-dc0e-11f0-b81e-005056bde474,00-00013170,Ботинки рабочие (мод.13) р.45,,40174bc3-6566-11f1-b821-005056bde474,false,false
Номенклатура — current,raw.r1c_nomenclature_current,bb7cd30d-55e3-11ed-9c43-cb6d75bb653b,00-00007361,Ботинки утепленные,,40174bc3-6566-11f1-b821-005056bde474,false,false
Номенклатура — current,raw.r1c_nomenclature_current,b6a9ebea-a496-11ee-9c4c-005056893620,00-00010028,"Ботинки утепленные Унты ""Монгол""",,40174bc3-6566-11f1-b821-005056bde474,false,false
Номенклатура — current,raw.r1c_nomenclature_current,9f3048f6-bbac-11ef-9c5f-00505689ff45,00-00011486,Бочата лат. 1/4,,9088eead-75dc-11e7-af18-30f7727a492e,false,false
Номенклатура — current,raw.r1c_nomenclature_current,1d1b5cd3-3820-11ee-9c4e-00505689ff45,00-00008471,Бочата ник. Д-50,,9088eead-75dc-11e7-af18-30f7727a492e,false,false
Номенклатура — current,raw.r1c_nomenclature_current,1cb25115-08c0-11f1-b81f-005056bde474,00-00013730,Бочата ник.25,,6dd20a6a-51c7-11f0-b811-005056bde474,false,false
Номенклатура — current,raw.r1c_nomenclature_current,8f56acf4-08bd-11f1-b81f-005056bde474,00-00013685,Бочата ник.50,,6dd20a6a-51c7-11f0-b811-005056bde474,false,false
Номенклатура — current,raw.r1c_nomenclature_current,5310dab3-d636-11ec-9c42-00505689c8d9,00-00006562,Бочата оцинкованные Ду 32,,9088eead-75dc-11e7-af18-30f7727a492e,false,false
Номенклатура — current,raw.r1c_nomenclature_current,7854aefb-6d4f-11ec-9c40-00505689c8d9,АК-00005884,Бочка 65 л,,1b37fa4d-4216-11f1-b821-005056bde474,false,false
Номенклатура — current,raw.r1c_nomenclature_current,74ec21c0-241e-11f0-b80e-005056bde474,00-00011999,Бочка 65л,,9be0daf4-2e34-11eb-288c-fa163e0d31f7,false,false
Номенклатура — current,raw.r1c_nomenclature_current,e514a048-11bb-11ea-9520-30f7727a492e,00-00002205,Бочка металлическая 200л,,70760c32-4216-11f1-b821-005056bde474,false,false
Номенклатура — current,raw.r1c_nomenclature_current,dd804f9a-4a3d-11f1-b821-005056bde474,00-00014196,Бочка п/э 30л с винтовой крышкой синяя БПЗ 30,,f0e4c260-a130-11e8-af4c-30f7727a492e,false,false
Номенклатура — current,raw.r1c_nomenclature_current,82253357-1d78-11ea-9522-30f7727a492e,00-00002261,Бочка пластиковая 227 л,,1b37fa4d-4216-11f1-b821-005056bde474,false,false
Номенклатура — current,raw.r1c_nomenclature_current,70760c32-4216-11f1-b821-005056bde474,00-00014119,Бочки,,9088eeab-75dc-11e7-af18-30f7727a492e,true,false
Номенклатура — current,raw.r1c_nomenclature_current,978d177d-2c2f-11ec-b9a9-00505689914b,АК-00005498,Бочонок 3/4,,9088eead-75dc-11e7-af18-30f7727a492e,false,false
Номенклатура — current,raw.r1c_nomenclature_current,09f38186-af4f-11eb-3192-fa163e0d31f7,БП-00003932,Бочонок переходной 1/2 ,,f0e4c260-a130-11e8-af4c-30f7727a492e,false,false
Номенклатура — current,raw.r1c_nomenclature_current,194ae1fb-1689-11ef-9c4f-005056893620,00-00010549,Бочонок стальной 25,,9088eead-75dc-11e7-af18-30f7727a492e,false,false
Номенклатура — current,raw.r1c_nomenclature_current,c6b6c422-f524-11eb-9c3a-00505689ff45,АК-00003425,Браво Инсектицид,,2eaeac4d-5322-11f0-b811-005056bde474,false,false
Номенклатура — current,raw.r1c_nomenclature_current,bb54f41e-34c6-11ed-9c43-cb6d75bb653b,00-00007173,Брасситрел  Yara Vita П ,,4d72fc7e-531d-11f0-b811-005056bde474,false,false
Номенклатура — current,raw.r1c_nomenclature_current,c6b6c423-f524-11eb-9c3a-00505689ff45,АК-00003426,Брейк Инсектицид,,5e0b1519-531c-11f0-b811-005056bde474,false,false
Номенклатура — current,raw.r1c_nomenclature_current,28f57b16-615e-11eb-9c2d-0050560417d5,00-00002860,Брендированный,,e26ed5c1-6157-11eb-9c2d-0050560417d5,true,false
Номенклатура — current,raw.r1c_nomenclature_current,04201988-cf6e-11eb-bd90-fa163e0d31f7,БП-00004185,Бриллиантовый зеленый р-р сп. 1% 10мл.,,213391ae-cf6d-11eb-bd90-fa163e0d31f7,false,false
Номенклатура — current,raw.r1c_nomenclature_current,c6b6c424-f524-11eb-9c3a-00505689ff45,АК-00003427,Броадер Инсектицид,,2eaeac4d-5322-11f0-b811-005056bde474,false,false
Номенклатура — current,raw.r1c_nomenclature_current,33db638f-1016-11ee-9c4e-00505689ff45,00-00008185,Брус  100х100 6 м,,9088eead-75dc-11e7-af18-30f7727a492e,false,false
Номенклатура — current,raw.r1c_nomenclature_current,85764898-6839-11ee-9c50-00505689ff45,00-00009663,Брус  100х150 длина 6 м,,9088eead-75dc-11e7-af18-30f7727a492e,false,false
Номенклатура — current,raw.r1c_nomenclature_current,06ff5064-3028-11ec-b9aa-00505689914b,АК-00005526,Брус КПК-3-0116510,,9b060c03-71d9-11e7-85a2-d43d7eec442d,false,false
Номенклатура — current,raw.r1c_nomenclature_current,cbf99111-72cd-11e8-af41-30f7727a492e,00-00000913,Брус антисентированный 100х100 ,,9088eead-75dc-11e7-af18-30f7727a492e,false,false
Номенклатура — current,raw.r1c_nomenclature_current,8bca918a-23d6-11ed-9c43-cb6d75bb653b,00-00007033,Брус антисентированный 100х100 6 м,,9088eead-75dc-11e7-af18-30f7727a492e,false,false
Номенклатура — current,raw.r1c_nomenclature_current,dd5abe4a-6d59-11ec-9c40-00505689c8d9,АК-00005899,Брус коробочный,,9088eead-75dc-11e7-af18-30f7727a492e,false,false
Номенклатура — current,raw.r1c_nomenclature_current,9b060c66-71d9-11e7-85a2-d43d7eec442d,00000092   ,Брус передний МТЗ,,9b060c03-71d9-11e7-85a2-d43d7eec442d,false,false
Номенклатура — current,raw.r1c_nomenclature_current,7924d209-ccb7-11ee-9c4c-005056893620,00-00010175,Брусок абразивный 150мм,,9088eead-75dc-11e7-af18-30f7727a492e,false,false
Номенклатура — current,raw.r1c_nomenclature_current,17902906-6f9c-11ec-9c40-00505689c8d9,АК-00005938,Брусок для шлифования,,9088eead-75dc-11e7-af18-30f7727a492e,false,false
Номенклатура — current,raw.r1c_nomenclature_current,dbfae006-1bd0-11ee-9c4e-00505689ff45,00-00008315,Брусок нестроганый 40х30 длина 3м,,9088eead-75dc-11e7-af18-30f7727a492e,false,false
Номенклатура — current,raw.r1c_nomenclature_current,128103c5-d7ac-11ed-9c4e-00505689ff45,00-00007726,Брусок нестроганый 40х50 длина 3м,,9088eead-75dc-11e7-af18-30f7727a492e,false,false
Номенклатура — current,raw.r1c_nomenclature_current,f5cfb6f6-1015-11ee-9c4e-00505689ff45,00-00008184,Брусок нестроганый 50х50 длина 3м,,9088eead-75dc-11e7-af18-30f7727a492e,false,false
Номенклатура — current,raw.r1c_nomenclature_current,a9f4aff8-8fa5-11eb-9984-fa163e0d31f7,БП-00003811,Брусок нестроганый 50х50 длина 6м,,9088eead-75dc-11e7-af18-30f7727a492e,false,false
Номенклатура — current,raw.r1c_nomenclature_current,0bf4fa6d-9b37-11ee-9c4b-005056893620,00-00009924,Брызговик 2121,,9b060c03-71d9-11e7-85a2-d43d7eec442d,false,false
Номенклатура — current,raw.r1c_nomenclature_current,df8d6854-d80b-11eb-d199-fa163e0d31f7,БП-00004327,Брызговик МТЗ крыла заднего  85-8404040-А,,9b060c03-71d9-11e7-85a2-d43d7eec442d,false,false
Номенклатура — current,raw.r1c_nomenclature_current,7864a6e6-101f-11ee-9c4e-00505689ff45,00-00008199,Брызговик универсальный,,9b060c03-71d9-11e7-85a2-d43d7eec442d,false,false
Номенклатура — current,raw.r1c_nomenclature_current,55ed7cfe-6566-11f1-b821-005056bde474,00-00014496,Брюки,,9088eea8-75dc-11e7-af18-30f7727a492e,true,false
Номенклатура — current,raw.r1c_nomenclature_current,c2602e9b-e72f-11e9-af7c-30f7727a492e,00-00002065,Брюки CERVA ОЛЬЗА серые Софтшелл,,55ed7cfe-6566-11f1-b821-005056bde474,false,false
Номенклатура — current,raw.r1c_nomenclature_current,e29cac2b-f340-11ed-9c4e-00505689ff45,00-00007953,Брюки Турбо размер (48-50/3-4),,55ed7cfe-6566-11f1-b821-005056bde474,false,false
Номенклатура — current,raw.r1c_nomenclature_current,11274069-f341-11ed-9c4e-00505689ff45,00-00007954,Брюки Турбо размер (52-54/3-4),,55ed7cfe-6566-11f1-b821-005056bde474,false,false
Номенклатура — current,raw.r1c_nomenclature_current,3612ef21-f341-11ed-9c4e-00505689ff45,00-00007955,Брюки Турбо размер (52-54/5-6),,55ed7cfe-6566-11f1-b821-005056bde474,false,false
Номенклатура — current,raw.r1c_nomenclature_current,6abd4c6a-f341-11ed-9c4e-00505689ff45,00-00007956,Брюки Турбо размер (56-58/3-4),,55ed7cfe-6566-11f1-b821-005056bde474,false,false
Номенклатура — current,raw.r1c_nomenclature_current,8dc7f11c-f341-11ed-9c4e-00505689ff45,00-00007957,Брюки Турбо размер (56-58/5-6),,55ed7cfe-6566-11f1-b821-005056bde474,false,false
Номенклатура — current,raw.r1c_nomenclature_current,ce78fedd-f341-11ed-9c4e-00505689ff45,00-00007958,Брюки Турбо размер (60-62/3-4),,55ed7cfe-6566-11f1-b821-005056bde474,false,false
Номенклатура — current,raw.r1c_nomenclature_current,f44380a5-f341-11ed-9c4e-00505689ff45,00-00007959,Брюки Турбо размер (60-62/5-6),,55ed7cfe-6566-11f1-b821-005056bde474,false,false
Номенклатура — current,raw.r1c_nomenclature_current,28399fde-f342-11ed-9c4e-00505689ff45,00-00007960,Брюки Турбо размер (64-66/5-6),,55ed7cfe-6566-11f1-b821-005056bde474,false,false
Номенклатура — current,raw.r1c_nomenclature_current,58890edf-e245-11f0-b81e-005056bde474,00-00013270,"Брюки мужские ""Охрана"" зимние черные (48-50, 170-176)",,55ed7cfe-6566-11f1-b821-005056bde474,false,false
Номенклатура — current,raw.r1c_nomenclature_current,76681cfc-e245-11f0-b81e-005056bde474,00-00013271,"Брюки мужские ""Охрана"" зимние черные (52-54, 170-176)",,55ed7cfe-6566-11f1-b821-005056bde474,false,false
Номенклатура — current,raw.r1c_nomenclature_current,9dabb7dc-e245-11f0-b81e-005056bde474,00-00013272,"Брюки мужские ""Охрана"" зимние черные (56-58, 182-188)",,55ed7cfe-6566-11f1-b821-005056bde474,false,false
Номенклатура — current,raw.r1c_nomenclature_current,f4670d54-6479-11ef-9c5c-00505689ff45,00-00010937,Бугель Б-20 201 (2 шт/упак) IEK,,20e031f3-0a37-11f0-b80e-005056bde474,false,false
Номенклатура — current,raw.r1c_nomenclature_current,5d3ad384-59b2-11ec-9c40-00505689c8d9,АК-00005782,Буксировка техники,,9088eeaa-75dc-11e7-af18-30f7727a492e,false,false
Номенклатура — current,raw.r1c_nomenclature_current,51e6b2c1-4de2-11f0-b811-005056bde474,00-00012460,Буксировка техники_,,52c3cca5-0968-11f0-b80e-005056bde474,false,false
Номенклатура — current,raw.r1c_nomenclature_current,9bf86a28-849d-11ef-9c5d-00505689ff45,00-00011228,"Бумага SvetoCopy (А4, марка С, 80 г/кв.м 500 л)",,9088eead-75dc-11e7-af18-30f7727a492e,false,false
Номенклатура — current,raw.r1c_nomenclature_current,858b9822-b0db-11f0-b81e-005056bde474,00-00012878,"Бумага КОМУС ДОКУМЕНТ  (А4, марка С, 80 г/кв.м 500 л)",,9088eead-75dc-11e7-af18-30f7727a492e,false,false
Номенклатура — current,raw.r1c_nomenclature_current,dc4b0bfa-6931-11f0-b811-005056bde474,00-00012589,Бумага для заметок с клеевым краем,,9088ee8b-75dc-11e7-af18-30f7727a492e,false,false
Номенклатура — current,raw.r1c_nomenclature_current,6b9e7398-9191-11e9-af72-30f7727a492e,00-00001715,Бумага копировальная фиолетовая,,9088ee8b-75dc-11e7-af18-30f7727a492e,false,false
Номенклатура — current,raw.r1c_nomenclature_current,7b9396ab-3757-11ee-9c4e-00505689ff45,00-00008423,Бумага наждачная  №0,,9088eead-75dc-11e7-af18-30f7727a492e,false,false
Номенклатура — current,raw.r1c_nomenclature_current,807eefde-b73f-11ec-9c42-00505689c8d9,00-00006436,Бумага наждачная  №120,,9088eead-75dc-11e7-af18-30f7727a492e,false,false
Номенклатура — current,raw.r1c_nomenclature_current,d0c92143-f2f3-11ed-9c4e-00505689ff45,00-00007938,Бумага наждачная  №16 775мм,,9088eead-75dc-11e7-af18-30f7727a492e,false,false
Номенклатура — current,raw.r1c_nomenclature_current,995ba6e8-b73f-11ec-9c42-00505689c8d9,00-00006437,Бумага наждачная  №600,,9088eead-75dc-11e7-af18-30f7727a492e,false,false
Номенклатура — current,raw.r1c_nomenclature_current,61db42b7-f633-11ec-9c42-89a3dcc9992a,00-00006703,Бумага наждачная водостойкая Р-1000,,9088eead-75dc-11e7-af18-30f7727a492e,false,false
Номенклатура — current,raw.r1c_nomenclature_current,009f0d58-5b0e-11ee-9c4f-00505689ff45,00-00009560,Бумага наждачная водостойкая Р-240,,9088eead-75dc-11e7-af18-30f7727a492e,false,false
Номенклатура — current,raw.r1c_nomenclature_current,7d8557ca-f633-11ec-9c42-89a3dcc9992a,00-00006704,Бумага наждачная водостойкая Р-400,,9088eead-75dc-11e7-af18-30f7727a492e,false,false
Номенклатура — current,raw.r1c_nomenclature_current,9335c9a4-f633-11ec-9c42-89a3dcc9992a,00-00006705,Бумага наждачная водостойкая Р-800,,9088eead-75dc-11e7-af18-30f7727a492e,false,false
Номенклатура — current,raw.r1c_nomenclature_current,10a5b2fa-76c7-11e7-af18-30f7727a492e,00-00000113,Бумага печатная,,9088ee8b-75dc-11e7-af18-30f7727a492e,false,false
Номенклатура — current,raw.r1c_nomenclature_current,d4379dd8-e7ae-11ea-3497-fa163ee5d2f9,БП-00002984,Бумага туалетная,,f0e4c260-a130-11e8-af4c-30f7727a492e,false,false
Номенклатура — current,raw.r1c_nomenclature_current,ec002f04-653e-11ef-9c5c-00505689ff45,00-00010976,Бумага туалетная Luscan 2 сл бел 32 рул/уп,,f0e4c260-a130-11e8-af4c-30f7727a492e,false,false
Номенклатура — current,raw.r1c_nomenclature_current,bfb1384e-0e44-11f1-b81f-005056bde474,00-00013768,"Бумага цветная Комус Color (зеленый), 80г, А4,500л",,9088ee8b-75dc-11e7-af18-30f7727a492e,false,false
Номенклатура — current,raw.r1c_nomenclature_current,90e6aef6-0e44-11f1-b81f-005056bde474,00-00013767,"Бумага цветная Комус Color (красный), 80г, А4,500л",,9088ee8b-75dc-11e7-af18-30f7727a492e,false,false
Номенклатура — current,raw.r1c_nomenclature_current,15e18cc6-0e49-11f1-b81f-005056bde474,00-00013769,"Бумага цветная Комус Color (лимон), 80г, А4,500л",,9088ee8b-75dc-11e7-af18-30f7727a492e,false,false
Номенклатура — current,raw.r1c_nomenclature_current,0c330a6b-5b69-11f1-b821-005056bde474,00-00014471,"Бумага цветная Комус Color (океан пастель), 80г, А4,500л",,9088ee8b-75dc-11e7-af18-30f7727a492e,false,false
Номенклатура — current,raw.r1c_nomenclature_current,26790c38-6d54-11ec-9c40-00505689c8d9,АК-00005890,Бумага шлиф.водостойкая 230*280мм,,9088eead-75dc-11e7-af18-30f7727a492e,false,false
Номенклатура — current,raw.r1c_nomenclature_current,c6b6c425-f524-11eb-9c3a-00505689ff45,АК-00003428,Бункер Инсектицид,,668204c4-5324-11f0-b811-005056bde474,false,false
Номенклатура — current,raw.r1c_nomenclature_current,07fa5a66-915a-11ec-9c42-00505689c8d9,00-00006158,Бункер модульный ВМ-2525-2 (Каскада 6шт инвертор),,de1714af-8a12-11e7-af1d-30f7727a492e,false,false
Номенклатура — current,raw.r1c_nomenclature_current,18c47a4f-b376-11ee-9c4c-005056893620,00-00010065,Бункер накопительный БНБ1,,de1714af-8a12-11e7-af1d-30f7727a492e,false,false
Номенклатура — current,raw.r1c_nomenclature_current,c61ac01f-3d17-11ef-9c59-00505689ff45,00-00010697,Бункер накопительный БНБ1 (УТ-00000907),,de1714af-8a12-11e7-af1d-30f7727a492e,false,false
Номенклатура — current,raw.r1c_nomenclature_current,51d04258-b375-11ee-9c4c-005056893620,00-00010060,Бункер накопительный БНБ6,,de1714af-8a12-11e7-af1d-30f7727a492e,false,false
Номенклатура — current,raw.r1c_nomenclature_current,165676a7-3d14-11ef-9c59-00505689ff45,00-00010693,Бункер подающий БПБ2,,de1714af-8a12-11e7-af1d-30f7727a492e,false,false
Номенклатура — current,raw.r1c_nomenclature_current,85cd2b51-f25e-11ee-9c4c-005056893620,00-00010354,Бункер подающий БПБ6,,de1714af-8a12-11e7-af1d-30f7727a492e,false,false
Номенклатура — current,raw.r1c_nomenclature_current,46698608-5793-11ea-8118-d43d7ec071d4,00-00002485,Бункер приемный (малый) ПНБм-01,,9b060cbb-71d9-11e7-85a2-d43d7eec442d,false,false
Номенклатура — current,raw.r1c_nomenclature_current,f6752bfe-b303-11e7-a3e0-94de80168a80,00-00000369,Бункер приемный ПБ-4,,9b060cbb-71d9-11e7-85a2-d43d7eec442d,false,false
Номенклатура — current,raw.r1c_nomenclature_current,c6b6c426-f524-11eb-9c3a-00505689ff45,АК-00003429,Бунчук Инсектицид,,f9d67774-531d-11f0-b811-005056bde474,false,false
Номенклатура — current,raw.r1c_nomenclature_current,cedf6754-7553-11ed-9c4d-00505689c8d9,00-00007457,Бур ,,9088eead-75dc-11e7-af18-30f7727a492e,false,false
Номенклатура — current,raw.r1c_nomenclature_current,61806462-fe3f-11ea-7580-fa163ee5d2f9,БП-00003051,Бур 10х160,,9088eead-75dc-11e7-af18-30f7727a492e,false,false
Номенклатура — current,raw.r1c_nomenclature_current,0a49b2d8-23d8-11ed-9c43-cb6d75bb653b,00-00007036,Бур 12х150,,9088eead-75dc-11e7-af18-30f7727a492e,false,false
Номенклатура — current,raw.r1c_nomenclature_current,5b3efbc2-3cdf-11ea-9524-30f7727a492e,00-00002436,Бур 32х1000,,05b398ee-0a39-11f0-b80e-005056bde474,false,false
Номенклатура — current,raw.r1c_nomenclature_current,627d29c4-e150-11ea-8696-fa163ee5d2f9,БП-00002933,Бур 6*160,,9088eead-75dc-11e7-af18-30f7727a492e,false,false
Номенклатура — current,raw.r1c_nomenclature_current,bd8162b6-3328-11f1-b81f-005056bde474,00-00014011,Бур 6х160,,05b398ee-0a39-11f0-b80e-005056bde474,false,false
Номенклатура — current,raw.r1c_nomenclature_current,7a00d257-3751-11ee-9c4e-00505689ff45,00-00008406,Бур 8*160,,9088eead-75dc-11e7-af18-30f7727a492e,false,false
Номенклатура — current,raw.r1c_nomenclature_current,a02bb0e5-9ff6-11ee-9c4c-005056893620,00-00009953,Бур 8*210,,9088eead-75dc-11e7-af18-30f7727a492e,false,false
Номенклатура — current,raw.r1c_nomenclature_current,b20e8018-01c1-11ec-9c3a-00505689ff45,АК-00004116,Бур Hitachi 6*210,,f7164898-2ffe-11eb-af80-fa163e0d31f7,false,false
Номенклатура — current,raw.r1c_nomenclature_current,bf3d0e58-4dc4-11ec-9c40-00505689c8d9,АК-00005685,Бур SDS + 12х210 AAKSDS12210,,9088eead-75dc-11e7-af18-30f7727a492e,false,false
Номенклатура — current,raw.r1c_nomenclature_current,eced9532-4dc4-11ec-9c40-00505689c8d9,АК-00005686,Бур SDS + 24х460 AAKSDS24460,,9088eead-75dc-11e7-af18-30f7727a492e,false,false
Номенклатура — current,raw.r1c_nomenclature_current,1478c3ec-4dc5-11ec-9c40-00505689c8d9,АК-00005687,Бур SDS + 6х210 AAKSDS6210,,9088eead-75dc-11e7-af18-30f7727a492e,false,false
Номенклатура — current,raw.r1c_nomenclature_current,363306b4-4dc5-11ec-9c40-00505689c8d9,АК-00005688,Бур SDS + 8х160 AAKSDS8160,,9088eead-75dc-11e7-af18-30f7727a492e,false,false
Номенклатура — current,raw.r1c_nomenclature_current,3f7b68c9-4dc6-11ec-9c40-00505689c8d9,АК-00005690,Бур SDS +Extreme2 20х1000х950мм по бетону DT9601,,9088eead-75dc-11e7-af18-30f7727a492e,false,false
Номенклатура — current,raw.r1c_nomenclature_current,25eddb79-f70d-11f0-b81e-005056bde474,00-00013586,Бур SDS+ 8*110,,caeea65b-372d-11f1-b81f-005056bde474,false,false
Номенклатура — current,raw.r1c_nomenclature_current,74b3e89b-e425-11f0-b81e-005056bde474,00-00013313,Бур SDS+ф10х400/460 усиленный,,05b398ee-0a39-11f0-b80e-005056bde474,false,false
Номенклатура — current,raw.r1c_nomenclature_current,82253355-1d78-11ea-9522-30f7727a492e,00-00002260,Бур СДС + 14х210,,05b398ee-0a39-11f0-b80e-005056bde474,false,false
Номенклатура — current,raw.r1c_nomenclature_current,9b060c20-71d9-11e7-85a2-d43d7eec442d,00000163   ,Бур СДС + 16х1000,,05b398ee-0a39-11f0-b80e-005056bde474,false,false
Номенклатура — current,raw.r1c_nomenclature_current,82253354-1d78-11ea-9522-30f7727a492e,00-00002259,Бур СДС + 16х210,,05b398ee-0a39-11f0-b80e-005056bde474,false,false
Номенклатура — current,raw.r1c_nomenclature_current,abed8f08-a61a-11ec-9c42-00505689c8d9,00-00006349,Бур СДС + 6х160,,9088eead-75dc-11e7-af18-30f7727a492e,false,false
Номенклатура — current,raw.r1c_nomenclature_current,87a03811-a61a-11ec-9c42-00505689c8d9,00-00006348,Бур СДС + 8х160,,9088eead-75dc-11e7-af18-30f7727a492e,false,false
Номенклатура — current,raw.r1c_nomenclature_current,61bb8218-f064-11e7-a3ff-94de80168a80,00-00000632,Бур по бетону,,9088eead-75dc-11e7-af18-30f7727a492e,false,false
Номенклатура — current,raw.r1c_nomenclature_current,cb466870-852e-11ee-9c4a-005056893620,00-00009782,Бур по бетону 6х110,,9088eead-75dc-11e7-af18-30f7727a492e,false,false
Номенклатура — current,raw.r1c_nomenclature_current,f7644e64-852e-11ee-9c4a-005056893620,00-00009783,Бур по бетону 8х110,,9088eead-75dc-11e7-af18-30f7727a492e,false,false
Номенклатура — current,raw.r1c_nomenclature_current,b03a1882-e424-11f0-b81e-005056bde474,00-00013309,Бур проломной SDS МАХ Strong стс-031 50x1000 стс,,05b398ee-0a39-11f0-b80e-005056bde474,false,false
Номенклатура — current,raw.r1c_nomenclature_current,6ed3d412-4dcb-11ec-9c40-00505689c8d9,АК-00005697,Бур усиленный SDS-plus 10х210 GRD 11007,,9088eead-75dc-11e7-af18-30f7727a492e,false,false
Номенклатура — current,raw.r1c_nomenclature_current,9743e083-4dcb-11ec-9c40-00505689c8d9,АК-00005698,Бур усиленный SDS-plus 6х110 GRD 11001,,9088eead-75dc-11e7-af18-30f7727a492e,false,false
Номенклатура — current,raw.r1c_nomenclature_current,466985ea-5793-11ea-8118-d43d7ec071d4,00-00002473,Бурение и обустройство  скважины,,2b7f4a61-094c-11f0-b80e-005056bde474,false,false
Номенклатура — current,raw.r1c_nomenclature_current,c6b6c427-f524-11eb-9c3a-00505689ff45,АК-00003430,Бусидо Инсектицид,,f9d67774-531d-11f0-b811-005056bde474,false,false
Номенклатура — current,raw.r1c_nomenclature_current,137796da-f7dd-11ec-9c42-89a3dcc9992a,00-00006734,Бутыль 19л,,1b37fa4d-4216-11f1-b821-005056bde474,false,false
Номенклатура — current,raw.r1c_nomenclature_current,9e43a9aa-e1b2-11ec-9c42-00505689c8d9,00-00006595,Бутыль для воды,,f0e4c260-a130-11e8-af4c-30f7727a492e,false,false
Номенклатура — current,raw.r1c_nomenclature_current,abf7cc09-39bf-11ea-9523-30f7727a492e,00-00002405,Бух бланки Накладная А5,,9088ee8b-75dc-11e7-af18-30f7727a492e,false,false
Номенклатура — current,raw.r1c_nomenclature_current,abf7cc14-39bf-11ea-9523-30f7727a492e,00-00002416,Бух бланки Приходный кассовый ордер,,9088ee8b-75dc-11e7-af18-30f7727a492e,false,false
Номенклатура — current,raw.r1c_nomenclature_current,d92d652a-e48d-11eb-0c9a-fa163e0d31f7,БП-00004483,Бух бланки Путевой лист груз. автомобиля 100листов,,9088ee8b-75dc-11e7-af18-30f7727a492e,false,false
Номенклатура — current,raw.r1c_nomenclature_current,2efd0ec4-e48e-11eb-0c9a-fa163e0d31f7,БП-00004486,Бух бланки Путевой лист легкового. автомобиля 100листов,,9088ee8b-75dc-11e7-af18-30f7727a492e,false,false
Номенклатура — current,raw.r1c_nomenclature_current,abf7cc18-39bf-11ea-9523-30f7727a492e,00-00002420,Бух бланки расходный кассовый ордер,,9088ee8b-75dc-11e7-af18-30f7727a492e,false,false
Номенклатура — current,raw.r1c_nomenclature_current,9088ee8d-75dc-11e7-af18-30f7727a492e,00-00000039,Бух книга в клетку,,9088ee8b-75dc-11e7-af18-30f7727a492e,false,false
Номенклатура — current,raw.r1c_nomenclature_current,4b5010f2-4395-11eb-b594-fa163e0d31f7,БП-00003450,Бух книга журнал по технике безопасности,,9088ee8b-75dc-11e7-af18-30f7727a492e,false,false
Номенклатура — current,raw.r1c_nomenclature_current,56586aa3-39d8-11ea-9523-30f7727a492e,00-00002421,Бух книга журнал приема-сдачи ключей от сл.помещ,,9088ee8b-75dc-11e7-af18-30f7727a492e,false,false
Номенклатура — current,raw.r1c_nomenclature_current,a1acd120-e48e-11eb-0c9a-fa163e0d31f7,БП-00004488,Бух книга журнал учета путевых листов,,9088ee8b-75dc-11e7-af18-30f7727a492e,false,false
Номенклатура — current,raw.r1c_nomenclature_current,3ddd309c-e48c-11eb-0c9a-fa163e0d31f7,БП-00004478,Бух книга регистрации кореспонденции,,9088ee8b-75dc-11e7-af18-30f7727a492e,false,false
Номенклатура — current,raw.r1c_nomenclature_current,7faa8dd2-c9ff-11e7-a3eb-94de80168a80,00-00000453,Бухгалтерский шкаф металлический,,9088eeac-75dc-11e7-af18-30f7727a492e,false,false
Номенклатура — current,raw.r1c_nomenclature_current,89397f96-7ce0-11e7-af19-30f7727a492e,00-00000148,Бухгалтерское сопровождение,,1aeb231b-094c-11f0-b80e-005056bde474,false,false
Номенклатура — current,raw.r1c_nomenclature_current,423dc17e-8334-11ec-9c41-00505689c8d9,00-00006074,Быстро съем,,917ab634-0a38-11f0-b80e-005056bde474,false,false
Номенклатура — current,raw.r1c_nomenclature_current,51d42268-6e21-11f1-b822-005056bde474,00-00014528,"Быстросъем автомат внутренняя резьба U107-1F 1/2""",,2bd105c1-3d8b-11f1-b821-005056bde474,false,false
Номенклатура — current,raw.r1c_nomenclature_current,c8c92038-19fa-11f0-b80e-005056bde474,00-00011958,Быстросъем автомат.наружная резьба 1/4,,b57c67f6-728e-11f0-b814-005056bde474,false,false
Номенклатура — current,raw.r1c_nomenclature_current,5e3ad72c-e482-11eb-0c9a-fa163e0d31f7,БП-00004451,"Быстросъемное соединение (рапид ""мама"" - ""елочка"" 1/2"") Jonnesway GM-04AH 49479",,917ab634-0a38-11f0-b80e-005056bde474,false,false
Номенклатура — current,raw.r1c_nomenclature_current,617c71a6-19fb-11f0-b80e-005056bde474,00-00011961,Быстросъемное соединение мама наружная резьба 1/2,,b57c67f6-728e-11f0-b814-005056bde474,false,false
Номенклатура — current,raw.r1c_nomenclature_current,fc726b35-e0c9-11e7-a3f8-94de80168a80,00-00000535,"Быстрый очиститель 0,5л",,9b060c03-71d9-11e7-85a2-d43d7eec442d,false,false
Номенклатура — current,raw.r1c_nomenclature_current,fb20f98d-156b-11e9-af61-30f7727a492e,00-00001436,Быстрый старт,,9b060c03-71d9-11e7-85a2-d43d7eec442d,false,false
Номенклатура — current,raw.r1c_nomenclature_current,d56a52ab-0a38-11f0-b80e-005056bde474,00-00011865,Бытовая техника,,9b060c1e-71d9-11e7-85a2-d43d7eec442d,true,false
Номенклатура — current,raw.r1c_nomenclature_current,917ab634-0a38-11f0-b80e-005056bde474,00-00011862,Бытовой инвентарь,,9b060c15-71d9-11e7-85a2-d43d7eec442d,true,false
Номенклатура — current,raw.r1c_nomenclature_current,826a8b4b-3176-11f0-b80e-005056bde474,00-00012316,В96.00313 РАД.ШАРИКОПОДШ.UK209+H2309X,,45c9e202-0a37-11f0-b80e-005056bde474,false,false
Номенклатура — current,raw.r1c_nomenclature_current,c91bdc41-3176-11f0-b80e-005056bde474,00-00012317,В96.00391 ПОДШИПНИК Y-YEL 208-2RF,,45c9e202-0a37-11f0-b80e-005056bde474,false,false
Номенклатура — current,raw.r1c_nomenclature_current,c22966b4-d1d0-11eb-5d99-fa163e0d31f7,БП-00004253,ВАЛИК ЗАПАСНОЙ ПОЛИАКРИЛ 48/250ММ,,9088eead-75dc-11e7-af18-30f7727a492e,false,false
Номенклатура — current,raw.r1c_nomenclature_current,9ae0c46a-d188-11ee-9c4c-005056893620,00-00010211,ВД-1 Весовой индикатор CAS-2001а,,9b060c03-71d9-11e7-85a2-d43d7eec442d,false,false
Номенклатура — current,raw.r1c_nomenclature_current,70137034-d188-11ee-9c4c-005056893620,00-00010210,ВД-1 Тензодатчик,,9b060c03-71d9-11e7-85a2-d43d7eec442d,false,false
Номенклатура — current,raw.r1c_nomenclature_current,5c8f6dc2-d1d4-11eb-5d99-fa163e0d31f7,БП-00004271,ВД-40 100мл,,9088eead-75dc-11e7-af18-30f7727a492e,false,false
Номенклатура — current,raw.r1c_nomenclature_current,f0775f80-224e-11ee-9c4e-00505689ff45,00-00008342,ВД-40 200мл,,9088eead-75dc-11e7-af18-30f7727a492e,false,false
Номенклатура — current,raw.r1c_nomenclature_current,72f74e81-f7e1-11ec-9c42-89a3dcc9992a,00-00006743,ВД-40 420мл,,9088eead-75dc-11e7-af18-30f7727a492e,false,false
Номенклатура — current,raw.r1c_nomenclature_current,2d6208d0-a173-11ed-9c4c-00505689ff45,00-00007583,ВД-40 520мл,,9088eead-75dc-11e7-af18-30f7727a492e,false,false
Номенклатура — current,raw.r1c_nomenclature_current,ea200f43-6a4f-11f1-b822-005056bde474,00-00014520,ВД-60 200мл,,f0e4c260-a130-11e8-af4c-30f7727a492e,false,false
Номенклатура — current,raw.r1c_nomenclature_current,3e6ea1cf-f00a-11ed-9c4e-00505689ff45,00-00007936,ВЗО,,2b7f4a61-094c-11f0-b80e-005056bde474,false,false
Номенклатура — current,raw.r1c_nomenclature_current,b12b92c9-e135-11ee-9c4c-005056893620,00-00010277,ВЗО 2024,,2b7f4a61-094c-11f0-b80e-005056bde474,false,false
Номенклатура — current,raw.r1c_nomenclature_current,588a7391-2435-11f0-b80e-005056bde474,00-00012000,ВЗО 2025,,2b7f4a61-094c-11f0-b80e-005056bde474,false,false
Номенклатура — current,raw.r1c_nomenclature_current,8570ace2-f5ce-11f0-b81e-005056bde474,00-00013433,ВЗО 2026,,2b7f4a61-094c-11f0-b80e-005056bde474,false,false
Номенклатура — current,raw.r1c_nomenclature_current,8ed7d4bb-6b2d-11ed-9c4d-00505689c8d9,00-00007417,"ВТУЛКА С БУРТИКОМ,ВНЕШНЯЯ",,9b060c03-71d9-11e7-85a2-d43d7eec442d,false,false
Номенклатура — current,raw.r1c_nomenclature_current,b3398b8e-6b2d-11ed-9c4d-00505689c8d9,00-00007418,"ВТУЛКА,ВНУТРЕННЯЯ",,9b060c03-71d9-11e7-85a2-d43d7eec442d,false,false
Номенклатура — current,raw.r1c_nomenclature_current,a438aced-2b1f-11f0-b80e-005056bde474,00-00012192,ВХОДНАЯ ПЛАСТИНА ГИДР.БЛОКА,,45c9e202-0a37-11f0-b80e-005056bde474,false,false
Номенклатура — current,raw.r1c_nomenclature_current,af14fb0e-f8b5-11ee-9c4c-005056893620,00-00010416,ВШГ М12*240 DIN931-10.9,,9b060c03-71d9-11e7-85a2-d43d7eec442d,false,false
Номенклатура — current,raw.r1c_nomenclature_current,37d00c4f-3756-11ee-9c4e-00505689ff45,00-00008420,"Вагонка 2,7 АВ",,9088eead-75dc-11e7-af18-30f7727a492e,false,false
Номенклатура — current,raw.r1c_nomenclature_current,130c8882-3756-11ee-9c4e-00505689ff45,00-00008419,"Вагонка 3,3 АВ",,9088eead-75dc-11e7-af18-30f7727a492e,false,false
Номенклатура — current,raw.r1c_nomenclature_current,c6b6c429-f524-11eb-9c3a-00505689ff45,АК-00003432,Вайбранс Интеграл 041-01-1754-1 Инсектицид,,668204c4-5324-11f0-b811-005056bde474,false,false
Номенклатура — current,raw.r1c_nomenclature_current,c6b6c42a-f524-11eb-9c3a-00505689ff45,АК-00003433,Вайбранс Интеграл 041-02-1753-1 Инсектицид,,668204c4-5324-11f0-b811-005056bde474,false,false
Номенклатура — current,raw.r1c_nomenclature_current,e97a9a68-0624-11ee-9c4e-00505689ff45,00-00008121,Вайбранс Топ КС  Инсектицид,,668204c4-5324-11f0-b811-005056bde474,false,false
Номенклатура — current,raw.r1c_nomenclature_current,0f237c99-615a-11eb-9c2d-0050560417d5,00-00002852,Ваккумированный,,b0cff9fe-6157-11eb-9c2d-0050560417d5,true,false
Номенклатура — current,raw.r1c_nomenclature_current,5c259cfe-6158-11eb-9c2d-0050560417d5,00-00002825,Ваккумированный,,44afa757-6157-11eb-9c2d-0050560417d5,true,false
Номенклатура — current,raw.r1c_nomenclature_current,5fede618-6159-11eb-9c2d-0050560417d5,00-00002839,Ваккумированный,,8ebc4461-6157-11eb-9c2d-0050560417d5,true,false
Номенклатура — current,raw.r1c_nomenclature_current,c307f6c7-6159-11eb-9c2d-0050560417d5,00-00002845,Ваккумированный,,9f5c070c-6157-11eb-9c2d-0050560417d5,true,false
Номенклатура — current,raw.r1c_nomenclature_current,fa501ce3-6158-11eb-9c2d-0050560417d5,00-00002834,Ваккумированный,,5c4201d0-6157-11eb-9c2d-0050560417d5,true,false
Номенклатура — current,raw.r1c_nomenclature_current,2adb8f9f-381c-11ea-9522-30f7727a492e,00-00002376,Вакумный пакет ПЭТ/ПЭ  размер 350х500,,d680eb65-4214-11f1-b821-005056bde474,false,false
Номенклатура — current,raw.r1c_nomenclature_current,2adb8fa0-381c-11ea-9522-30f7727a492e,00-00002377,Вакумный пакет ПЭТ/ПЭ 100мм размер 240х300,,d680eb65-4214-11f1-b821-005056bde474,false,false
Номенклатура — current,raw.r1c_nomenclature_current,c2602e93-e72f-11e9-af7c-30f7727a492e,00-00002062,"Вакумный упаковщик Kitort КТ-1502-1(12 л/мин,110Вт пленка в комплекте)",,9b060cbb-71d9-11e7-85a2-d43d7eec442d,false,false
Номенклатура — current,raw.r1c_nomenclature_current,46698604-5793-11ea-8118-d43d7ec071d4,00-00002482,Вакуум-упаковочная машина Henkelman.Marlin.,,9b060cbb-71d9-11e7-85a2-d43d7eec442d,false,false
Номенклатура — current,raw.r1c_nomenclature_current,851ab64e-1ddc-11e8-af31-30f7727a492e,00-00000711,Вал  первичный 48-1701032-А МТЗ ,,9b060c03-71d9-11e7-85a2-d43d7eec442d,false,false
Номенклатура — current,raw.r1c_nomenclature_current,6325ea2c-d588-11ee-9c4c-005056893620,00-00010223,Вал (Агроникс),,9b060c03-71d9-11e7-85a2-d43d7eec442d,false,false
Номенклатура — current,raw.r1c_nomenclature_current,001d1b31-bd0a-11f1-b824-005056bde474,00-00014800,Вал (ТПК Аванта),,2c493784-4ea0-11f1-b821-005056bde474,false,false
Номенклатура — current,raw.r1c_nomenclature_current,40254fa8-92c8-11eb-0c80-fa163e0d31f7,БП-00003827,Вал 34569100,,9b060c03-71d9-11e7-85a2-d43d7eec442d,false,false
Номенклатура — current,raw.r1c_nomenclature_current,6cfafc56-d825-11eb-d199-fa163e0d31f7,БП-00004347,Вал 35х66,,9b060c03-71d9-11e7-85a2-d43d7eec442d,false,false
Номенклатура — current,raw.r1c_nomenclature_current,a30ac12a-328f-11ed-9c43-cb6d75bb653b,00-00007150,Вал AGM5 SD25 1210 S4GA/S5 (без вилок и крестовин),,9b060c03-71d9-11e7-85a2-d43d7eec442d,false,false
Номенклатура — current,raw.r1c_nomenclature_current,b32b6198-807a-11ea-9528-30f7727a492e,00-00002555,Вал Z20 33656300,,9b060c03-71d9-11e7-85a2-d43d7eec442d,false,false
Номенклатура — current,raw.r1c_nomenclature_current,e1f9d11f-f8e2-11ef-b80e-005056bde474,00-00011695,Вал БДТ 02.611-06,,9b060c03-71d9-11e7-85a2-d43d7eec442d,false,false
Номенклатура — current,raw.r1c_nomenclature_current,cbbe9f71-f8e2-11ef-b80e-005056bde474,00-00011694,Вал БДТ 02.611-09,,9b060c03-71d9-11e7-85a2-d43d7eec442d,false,false
Номенклатура — current,raw.r1c_nomenclature_current,dd83d565-5f47-11e9-af6b-30f7727a492e,00-00001488,Вал КПП МТЗ внутренний (А),,9b060c03-71d9-11e7-85a2-d43d7eec442d,false,false
Номенклатура — current,raw.r1c_nomenclature_current,dd83d566-5f47-11e9-af6b-30f7727a492e,00-00001489,Вал КПП МТЗ вторичный РУП МТЗ,,9b060c03-71d9-11e7-85a2-d43d7eec442d,false,false
Номенклатура — current,raw.r1c_nomenclature_current,dd83d567-5f47-11e9-af6b-30f7727a492e,00-00001490,Вал КПП МТЗ силовой БЗТАиТ,,9b060c03-71d9-11e7-85a2-d43d7eec442d,false,false
Номенклатура — current,raw.r1c_nomenclature_current,dd83d568-5f47-11e9-af6b-30f7727a492e,00-00001491,Вал МТЗ ВОМ шлицевой цельный 8-шлицов,,9b060c03-71d9-11e7-85a2-d43d7eec442d,false,false
Номенклатура — current,raw.r1c_nomenclature_current,dd83d569-5f47-11e9-af6b-30f7727a492e,00-00001492,Вал МТЗ МАЗ-4370 вилок включения РЗТЗ,,9b060c03-71d9-11e7-85a2-d43d7eec442d,false,false
Номенклатура — current,raw.r1c_nomenclature_current,4db274dc-8b04-11eb-4b87-fa163e0d31f7,БП-00003786,Вал МТЗ тормозной 38мм БЗТДиА 70-3504055-01,,9b060c03-71d9-11e7-85a2-d43d7eec442d,false,false
Номенклатура — current,raw.r1c_nomenclature_current,a072335a-5904-11ec-9c40-00505689c8d9,АК-00005773,Вал МТЗ-1221 гидроподъемника поворотный ИГНФ 1221-4635014,,9b060c03-71d9-11e7-85a2-d43d7eec442d,false,false
Номенклатура — current,raw.r1c_nomenclature_current,3c04e326-549c-11eb-4e9e-fa163e0d31f7,БП-00003568,Вал ППМ-24.000.СБ,,9b060c03-71d9-11e7-85a2-d43d7eec442d,false,false
Номенклатура — current,raw.r1c_nomenclature_current,a3b3b64c-f2fa-11ec-9c42-89a3dcc9992a,00-00006698,Вал СК 4.50.00.08,,9b060c03-71d9-11e7-85a2-d43d7eec442d,false,false
Номенклатура — current,raw.r1c_nomenclature_current,5ded176b-56eb-11ee-9c4e-00505689ff45,00-00009534,Вал СО-16.01.00.008,,9b060c03-71d9-11e7-85a2-d43d7eec442d,false,false
Номенклатура — current,raw.r1c_nomenclature_current,c05dc639-bc17-11ec-9c42-00505689c8d9,00-00006461,Вал барабанный КА-00019251,,9b060c03-71d9-11e7-85a2-d43d7eec442d,false,false
Номенклатура — current,raw.r1c_nomenclature_current,b51a962c-011c-11ee-9c4e-00505689ff45,00-00008091,Вал барабанный задний,,9b060c03-71d9-11e7-85a2-d43d7eec442d,false,false
Номенклатура — current,raw.r1c_nomenclature_current,923609f1-011c-11ee-9c4e-00505689ff45,00-00008090,Вал барабанный приводной передний,,9b060c03-71d9-11e7-85a2-d43d7eec442d,false,false
Номенклатура — current,raw.r1c_nomenclature_current,abdae6f7-04db-11ec-9c3a-00505689ff45,АК-00004676,Вал ведомый КНР 01.120 в сборе,,9b060c03-71d9-11e7-85a2-d43d7eec442d,false,false
Номенклатура — current,raw.r1c_nomenclature_current,6851d84a-b28d-11e9-af76-30f7727a492e,00-00001777,Вал ведущий 700 А 17 01 010+ящик,,9b060c03-71d9-11e7-85a2-d43d7eec442d,false,false
Номенклатура — current,raw.r1c_nomenclature_current,055216da-1ddf-11eb-589b-fa163e0d31f7,БП-00003198,Вал ведущий бункера КСП-25 (в сборе),,9b060c03-71d9-11e7-85a2-d43d7eec442d,false,false
Номенклатура — current,raw.r1c_nomenclature_current,c1591a38-988a-11eb-9b81-fa163e0d31f7,БП-00003846,Вал вертикальный МТЗ 80,,9b060c03-71d9-11e7-85a2-d43d7eec442d,false,false
Номенклатура — current,raw.r1c_nomenclature_current,a91ed5cd-810d-11e9-af6f-30f7727a492e,00-00001613,"Вал гибкий спидометра ГАЗ53,3307,КРАЗ L=1570 ММ АВТОПАРТНЕР",,9b060c03-71d9-11e7-85a2-d43d7eec442d,false,false
Номенклатура — current,raw.r1c_nomenclature_current,76c7e004-8815-11e9-af70-30f7727a492e,00-00001656,Вал гибкий спидометра ЗИЛ-130 L=1800 мм,,9b060c03-71d9-11e7-85a2-d43d7eec442d,false,false
Номенклатура — current,raw.r1c_nomenclature_current,6895fd5a-ae40-11eb-3192-fa163e0d31f7,БП-00003909,Вал для ТП-50,,9b060c03-71d9-11e7-85a2-d43d7eec442d,false,false
Номенклатура — current,raw.r1c_nomenclature_current,b38b000e-a750-11eb-c282-fa163e0d31f7,БП-00003905,Вал для сухой очистки СО-16,,9b060c03-71d9-11e7-85a2-d43d7eec442d,false,false
Номенклатура — current,raw.r1c_nomenclature_current,376c81a5-0c2d-11ee-9c4e-00505689ff45,00-00008141,Вал карданный (72-2203010),,9b060c03-71d9-11e7-85a2-d43d7eec442d,false,false
Номенклатура — current,raw.r1c_nomenclature_current,fabe8ef0-a3be-11ee-9c4c-005056893620,00-00009983,Вал карданный (72-2203010) БЕЛКАРД,,9b060c03-71d9-11e7-85a2-d43d7eec442d,false,false
Номенклатура — current,raw.r1c_nomenclature_current,2293c5ac-b242-11eb-6d90-fa163e0d31f7,БП-00003970,Вал карданный 5276-080-800.00  6*8 шп.,,9b060c03-71d9-11e7-85a2-d43d7eec442d,false,false
Номенклатура — current,raw.r1c_nomenclature_current,93b4c8e1-7371-11f0-b814-005056bde474,00-00012696,Вал карданный 700 А.22.03.000-3,,9b060c03-71d9-11e7-85a2-d43d7eec442d,false,false
Номенклатура — current,raw.r1c_nomenclature_current,1be884d2-4e34-11ed-9c43-cb6d75bb653b,00-00007295,Вал карданный 701.22.08.000-2,,9b060c03-71d9-11e7-85a2-d43d7eec442d,false,false
Номенклатура — current,raw.r1c_nomenclature_current,02ba6898-1671-11ef-9c4f-005056893620,00-00010538,"Вал карданный ВАЗ 2121,21213 задний 2123 перед задний ШРУС 21214-2201012",,9b060c03-71d9-11e7-85a2-d43d7eec442d,false,false
Номенклатура — current,raw.r1c_nomenclature_current,db0aa7d8-0177-11ea-951c-30f7727a492e,00-00002141,"Вал карданный КПП К-701,К-744(701.22.08.000-2)",,9b060c03-71d9-11e7-85a2-d43d7eec442d,false,false
Номенклатура — current,raw.r1c_nomenclature_current,10d246a9-4521-11e8-af37-30f7727a492e,00-00000793,"Вал карданный МТЗ 1221,1522,1253 переднего моста",,9b060c03-71d9-11e7-85a2-d43d7eec442d,false,false
Номенклатура — current,raw.r1c_nomenclature_current,10d246aa-4521-11e8-af37-30f7727a492e,00-00000794,"Вал карданный МТЗ-80,82,1221 привода щетки в кожухе",,9b060c03-71d9-11e7-85a2-d43d7eec442d,false,false
Номенклатура — current,raw.r1c_nomenclature_current,af52d24c-ad8b-11ea-d488-fa163ee5d2f9,БП-00002770,Вал карданный МТЗ-82 переднего моста (4 отверстия) L=626 мм АДС STANDART,,9b060c03-71d9-11e7-85a2-d43d7eec442d,false,false
Номенклатура — current,raw.r1c_nomenclature_current,47a4188e-d807-11eb-d199-fa163e0d31f7,БП-00004313,Вал коленчатый 243-1005015,,9b060c03-71d9-11e7-85a2-d43d7eec442d,false,false
Номенклатура — current,raw.r1c_nomenclature_current,b0877636-0036-11ec-9c3a-00505689ff45,АК-00003990,Вал коленчатый ПАЗ-3205 с вкладышами (ЗМЗ-5234) ЗМЗ 523.1005014,,9b060c03-71d9-11e7-85a2-d43d7eec442d,false,false
Номенклатура — current,raw.r1c_nomenclature_current,eca9a44c-1419-11ef-9c4f-005056893620,00-00010519,Вал кулачковый 20017-12,,9b060c03-71d9-11e7-85a2-d43d7eec442d,false,false
Номенклатура — current,raw.r1c_nomenclature_current,10650341-9b3a-11ee-9c4b-005056893620,00-00009928,Вал петлителя Фишбейн 100,,9b060c03-71d9-11e7-85a2-d43d7eec442d,false,false
Номенклатура — current,raw.r1c_nomenclature_current,d9a1f4c4-1f04-11ed-9c43-cb6d75bb653b,00-00006982,Вал поддерживающий ТБР 20.200.01,,9b060c03-71d9-11e7-85a2-d43d7eec442d,false,false
Номенклатура — current,raw.r1c_nomenclature_current,7f3b8f1e-53f7-11ef-9c59-00505689ff45,00-00010764,Вал привода сепаратора земли 1200 мм с вырезом под шпонку,,9b060c03-71d9-11e7-85a2-d43d7eec442d,false,false
Номенклатура — current,raw.r1c_nomenclature_current,ad60506f-3789-11ee-9c4e-00505689ff45,00-00008451,Вал раздаточной коробки 72-1802063,,9b060c03-71d9-11e7-85a2-d43d7eec442d,false,false
Номенклатура — current,raw.r1c_nomenclature_current,b32b619e-807a-11ea-9528-30f7727a492e,00-00002557,Вал рулевой в сборе,,9b060c03-71d9-11e7-85a2-d43d7eec442d,false,false
Номенклатура — current,raw.r1c_nomenclature_current,851ab651-1ddc-11e8-af31-30f7727a492e,00-00000714,Вал рулевой шлицевой МТЗ ,,9b060c03-71d9-11e7-85a2-d43d7eec442d,false,false
Номенклатура — current,raw.r1c_nomenclature_current,d634975c-6f68-11eb-d19d-fa163e0d31f7,БП-00003735,Вал с образивом,,9b060c03-71d9-11e7-85a2-d43d7eec442d,false,false
Номенклатура — current,raw.r1c_nomenclature_current,b87f0225-ae5e-11f0-b81e-005056bde474,00-00012873,Вал с шайбами из нержавеющей стали ВСШ-00,,cffe077a-728d-11f0-b814-005056bde474,false,false
Номенклатура — current,raw.r1c_nomenclature_current,def6c5ee-fe21-11ed-9c4e-00505689ff45,00-00008050,Вал сепаратора земли круглый 1200 мм,,9b060c03-71d9-11e7-85a2-d43d7eec442d,false,false
Номенклатура — current,raw.r1c_nomenclature_current,ad965997-6d46-11ec-9c40-00505689c8d9,АК-00005870,Вал щетки Walek Fi 20,,9b060c03-71d9-11e7-85a2-d43d7eec442d,false,false
Номенклатура — current,raw.r1c_nomenclature_current,f98c7436-e721-11ec-9c42-00505689c8d9,00-00006668,Валец,,9b060c03-71d9-11e7-85a2-d43d7eec442d,false,false
Номенклатура — current,raw.r1c_nomenclature_current,7f920b08-d1d7-11f0-b81e-005056bde474,00-00013031,Валец очищающий,,45c9e202-0a37-11f0-b80e-005056bde474,false,false
Номенклатура — current,raw.r1c_nomenclature_current,7d07b3f0-1474-11ec-9c3a-00505689ff45,АК-00004957,Валик 100мм СИБРТЕХ,,9088eead-75dc-11e7-af18-30f7727a492e,false,false
Номенклатура — current,raw.r1c_nomenclature_current,f996140b-65e2-11ef-9c5c-00505689ff45,00-00010985,Валик 110мм D=16мм полиэстер Сибртех,,9088eead-75dc-11e7-af18-30f7727a492e,false,false
Номенклатура — current,raw.r1c_nomenclature_current,bbdd62ff-3755-11ee-9c4e-00505689ff45,00-00008418,Валик 180 мм ворс 18мм,,9088eead-75dc-11e7-af18-30f7727a492e,false,false
Номенклатура — current,raw.r1c_nomenclature_current,b4cc8ab7-6f9c-11ec-9c40-00505689c8d9,АК-00005940,Валик акриловый 240 мм,,9088eead-75dc-11e7-af18-30f7727a492e,false,false
Номенклатура — current,raw.r1c_nomenclature_current,8bece19f-3755-11ee-9c4e-00505689ff45,00-00008417,Валик запасной полиакр.48/180 мм,,9088eead-75dc-11e7-af18-30f7727a492e,false,false
Номенклатура — current,raw.r1c_nomenclature_current,b485cf2a-6c57-11f0-b811-005056bde474,00-00012592,Валик меховой 200 мм,,9088eead-75dc-11e7-af18-30f7727a492e,false,false
Номенклатура — current,raw.r1c_nomenclature_current,250eb9e6-81d4-11e9-af6f-30f7727a492e,00-00001646,Валик меховой 250 мм,,9088eead-75dc-11e7-af18-30f7727a492e,false,false
Номенклатура — current,raw.r1c_nomenclature_current,d0479579-09a3-11e9-af60-30f7727a492e,00-00001375,Валик поролоновый 240 мм,,9088eead-75dc-11e7-af18-30f7727a492e,false,false
Номенклатура — current,raw.r1c_nomenclature_current,281b0fee-ede4-11ea-ac8d-fa163ee5d2f9,БП-00003025,Валик с ручкой,,9088eead-75dc-11e7-af18-30f7727a492e,false,false
Номенклатура — current,raw.r1c_nomenclature_current,4329bd98-6540-11ef-9c5c-00505689ff45,00-00010981,Валик с ручкой полиакрил Профи 2050 мм бюгель 8,,9088eead-75dc-11e7-af18-30f7727a492e,false,false
Номенклатура — current,raw.r1c_nomenclature_current,f3ae1309-65e4-11ef-9c5c-00505689ff45,00-00010992,Валик с ручкой полиамидный Blue TOPFORT 250мм бюгель 8,,9088eead-75dc-11e7-af18-30f7727a492e,false,false
Номенклатура — current,raw.r1c_nomenclature_current,233271f4-5a1c-11ef-9c59-00505689ff45,00-00010858,Валик сменный 250мм,,9088eead-75dc-11e7-af18-30f7727a492e,false,false
Номенклатура — current,raw.r1c_nomenclature_current,bda9cc47-5a1b-11ef-9c59-00505689ff45,00-00010857,Валик фасадный 250мм ворс 18мм,,9088eead-75dc-11e7-af18-30f7727a492e,false,false
Номенклатура — current,raw.r1c_nomenclature_current,370ff3b1-2252-11ee-9c4e-00505689ff45,00-00008346,Валик фасадный полиакрил 18/250мм,,9088eead-75dc-11e7-af18-30f7727a492e,false,false
Номенклатура — current,raw.r1c_nomenclature_current,00b92128-d1d4-11eb-5d99-fa163e0d31f7,БП-00004269,Валик фасадный полиакрил 48/250мм,,9088eead-75dc-11e7-af18-30f7727a492e,false,false
Номенклатура — current,raw.r1c_nomenclature_current,5f8f9e2f-2252-11ee-9c4e-00505689ff45,00-00008347,Валик фасадный сменный 18/250мм,,9088eead-75dc-11e7-af18-30f7727a492e,false,false
Номенклатура — current,raw.r1c_nomenclature_current,792127b7-c1cd-11ef-9c5f-00505689ff45,00-00011505,Вальцовый калибровщик ВСК-6-1200,,279c2c04-2e46-11eb-288c-fa163e0d31f7,false,false
Номенклатура — current,raw.r1c_nomenclature_current,abf7cbee-39bf-11ea-9523-30f7727a492e,00-00002384,Ванна моечная 1 секционная ВМ1/6-э,,9b060cbb-71d9-11e7-85a2-d43d7eec442d,false,false
Номенклатура — current,raw.r1c_nomenclature_current,90631941-6d61-11ec-9c40-00505689c8d9,АК-00005919,Ванночка для краски ,,9088eead-75dc-11e7-af18-30f7727a492e,false,false
Номенклатура — current,raw.r1c_nomenclature_current,d1b62894-d1d3-11eb-5d99-fa163e0d31f7,БП-00004268,Ванночка для краски большая,,9088eead-75dc-11e7-af18-30f7727a492e,false,false
Номенклатура — current,raw.r1c_nomenclature_current,c6b6c42b-f524-11eb-9c3a-00505689ff45,АК-00003434,Вантекс Инсектицид,,f9d67774-531d-11f0-b811-005056bde474,false,false
Номенклатура — current,raw.r1c_nomenclature_current,69fbc89f-52ab-11f1-b821-005056bde474,00-00014382,Варистор S14K320 84Дж 320В,,baf617a9-7290-11f0-b814-005056bde474,false,false
Номенклатура — current,raw.r1c_nomenclature_current,d746a104-d975-11eb-6c92-fa163e0d31f7,БП-00004399,"Варросан, 10 пол",,65439ec8-d96f-11eb-6c92-fa163e0d31f7,false,false
Номенклатура — current,raw.r1c_nomenclature_current,b974d0c6-cf6e-11eb-bd90-fa163e0d31f7,БП-00004190,Вата хирургическая стерильная 100г.,,213391ae-cf6d-11eb-bd90-fa163e0d31f7,false,false
Номенклатура — current,raw.r1c_nomenclature_current,8c571e42-3fac-11f0-b80e-005056bde474,00-00012421,"Веб-камера Logitech HD Pro Webcam C922 Pro Stream 1920x1080 (2Мп, 60FPS, автофокус, 2xMic, USB 2.0)",,9b060c1e-71d9-11e7-85a2-d43d7eec442d,false,false
Номенклатура — current,raw.r1c_nomenclature_current,c6b6c42c-f524-11eb-9c3a-00505689ff45,АК-00003435,Вега Инсектицид,,f9d67774-531d-11f0-b811-005056bde474,false,false
Номенклатура — current,raw.r1c_nomenclature_current,cd8eaa03-4b12-11ee-9c4e-00505689ff45,00-00009460,"Вега РС1  Сетка-домик 1,5кг. Без полива",,44afa757-6157-11eb-9c2d-0050560417d5,false,false
Номенклатура — current,raw.r1c_nomenclature_current,cd8e8f32-4b12-11ee-9c4e-00505689ff45,00-00009459,"Вега РС1  Сетка-домик 1,5кг. Полив",,44afa757-6157-11eb-9c2d-0050560417d5,false,false
Номенклатура — current,raw.r1c_nomenclature_current,ce236fdb-4b12-11ee-9c4e-00505689ff45,00-00009462,Вега РС1  Сетка-домик 2кг. Без полива,,44afa757-6157-11eb-9c2d-0050560417d5,false,false
Номенклатура — current,raw.r1c_nomenclature_current,cddc0925-4b12-11ee-9c4e-00505689ff45,00-00009461,Вега РС1  Сетка-домик 2кг. Полив,,44afa757-6157-11eb-9c2d-0050560417d5,false,false
Номенклатура — current,raw.r1c_nomenclature_current,2be95eb4-4b00-11ee-9c4e-00505689ff45,00-00009432,Вега РС1  очищенный в ву 5кг. Без полива,,b60b8b28-6156-11eb-9c2d-0050560417d5,false,false
Номенклатура — current,raw.r1c_nomenclature_current,6151b540-4b00-11ee-9c4e-00505689ff45,00-00009434,"Вега РС1  пастеризованный 0,5кг. Без полива",,b60b8b28-6156-11eb-9c2d-0050560417d5,false,false
Номенклатура — current,raw.r1c_nomenclature_current,cd548c3c-4b12-11ee-9c4e-00505689ff45,00-00009458,"Вега РС1  пастеризованный 0,5кг. Полив",,b60b8b28-6156-11eb-9c2d-0050560417d5,false,false
Номенклатура — current,raw.r1c_nomenclature_current,d07862dc-4b12-11ee-9c4e-00505689ff45,00-00009474,"Вега РС1  семена пастеризованный 0,5кг. Без полива",,b60b8b28-6156-11eb-9c2d-0050560417d5,false,false
Номенклатура — current,raw.r1c_nomenclature_current,d0628746-4b12-11ee-9c4e-00505689ff45,00-00009473,"Вега РС1  семена пастеризованный 0,5кг. Полив",,b60b8b28-6156-11eb-9c2d-0050560417d5,false,false
Номенклатура — current,raw.r1c_nomenclature_current,ce8492ee-4b12-11ee-9c4e-00505689ff45,00-00009464,Вега РС1  эконом  Сетка на рулоне 2.5кг. Без полива,,44afa757-6157-11eb-9c2d-0050560417d5,false,false
Номенклатура — current,raw.r1c_nomenclature_current,ce4118d0-4b12-11ee-9c4e-00505689ff45,00-00009463,Вега РС1  эконом  Сетка на рулоне 2.5кг. Полив,,44afa757-6157-11eb-9c2d-0050560417d5,false,false
Номенклатура — current,raw.r1c_nomenclature_current,cef7c8a4-4b12-11ee-9c4e-00505689ff45,00-00009466,Вега РС1  эконом  Сетка на рулоне 3кг. Без полива,,44afa757-6157-11eb-9c2d-0050560417d5,false,false
Номенклатура — current,raw.r1c_nomenclature_current,ceb518a6-4b12-11ee-9c4e-00505689ff45,00-00009465,Вега РС1  эконом  Сетка на рулоне 3кг. Полив,,44afa757-6157-11eb-9c2d-0050560417d5,false,false
Номенклатура — current,raw.r1c_nomenclature_current,19d676d8-4b04-11ee-9c4e-00505689ff45,00-00009446,Вега РС1 грязный  Сетка на завязке 25кг. Без полива,,731f2b5d-6157-11eb-9c2d-0050560417d5,false,false
Номенклатура — current,raw.r1c_nomenclature_current,19b117b9-4b04-11ee-9c4e-00505689ff45,00-00009445,Вега РС1 грязный  Сетка на завязке 25кг. Полив,,731f2b5d-6157-11eb-9c2d-0050560417d5,false,false
Номенклатура — current,raw.r1c_nomenclature_current,181f87e7-4b04-11ee-9c4e-00505689ff45,00-00009436,Вега РС1 грязный  Сетка на рулоне 10кг. Без полива,,731f2b5d-6157-11eb-9c2d-0050560417d5,false,false
Номенклатура — current,raw.r1c_nomenclature_current,17decfe6-4b04-11ee-9c4e-00505689ff45,00-00009435,Вега РС1 грязный  Сетка на рулоне 10кг. Полив,,731f2b5d-6157-11eb-9c2d-0050560417d5,false,false
Номенклатура — current,raw.r1c_nomenclature_current,19373398-4b04-11ee-9c4e-00505689ff45,00-00009442,Вега РС1 грязный  Сетка на рулоне 2.5кг Без полива,,731f2b5d-6157-11eb-9c2d-0050560417d5,false,false
Номенклатура — current,raw.r1c_nomenclature_current,1912345f-4b04-11ee-9c4e-00505689ff45,00-00009441,Вега РС1 грязный  Сетка на рулоне 2.5кг Полив,,731f2b5d-6157-11eb-9c2d-0050560417d5,false,false
Номенклатура — current,raw.r1c_nomenclature_current,198545f6-4b04-11ee-9c4e-00505689ff45,00-00009444,Вега РС1 грязный  Сетка на рулоне 25кг. Без полива,,731f2b5d-6157-11eb-9c2d-0050560417d5,false,false
Номенклатура — current,raw.r1c_nomenclature_current,195a3164-4b04-11ee-9c4e-00505689ff45,00-00009443,Вега РС1 грязный  Сетка на рулоне 25кг. Полив,,731f2b5d-6157-11eb-9c2d-0050560417d5,false,false
Номенклатура — current,raw.r1c_nomenclature_current,18f1ab11-4b04-11ee-9c4e-00505689ff45,00-00009440,Вега РС1 грязный  Сетка на рулоне 3кг. Без полива,,731f2b5d-6157-11eb-9c2d-0050560417d5,false,false
Номенклатура — current,raw.r1c_nomenclature_current,18be2d49-4b04-11ee-9c4e-00505689ff45,00-00009439,Вега РС1 грязный  Сетка на рулоне 3кг. Полив,,731f2b5d-6157-11eb-9c2d-0050560417d5,false,false
Номенклатура — current,raw.r1c_nomenclature_current,1a2c47c1-4b04-11ee-9c4e-00505689ff45,00-00009448,Вега РС1 грязный  биг-бег 1000кг. Без полива,,731f2b5d-6157-11eb-9c2d-0050560417d5,false,false
Номенклатура — current,raw.r1c_nomenclature_current,1a0da8f9-4b04-11ee-9c4e-00505689ff45,00-00009447,Вега РС1 грязный  биг-бег 1000кг. Полив,,731f2b5d-6157-11eb-9c2d-0050560417d5,false,false
Номенклатура — current,raw.r1c_nomenclature_current,188f3a16-4b04-11ee-9c4e-00505689ff45,00-00009438,Вега РС1 грязный Сетка на рулоне 5кг. Без полива,,731f2b5d-6157-11eb-9c2d-0050560417d5,false,false
Номенклатура — current,raw.r1c_nomenclature_current,185ec942-4b04-11ee-9c4e-00505689ff45,00-00009437,Вега РС1 грязный Сетка на рулоне 5кг. Полив,,731f2b5d-6157-11eb-9c2d-0050560417d5,false,false
Номенклатура — current,raw.r1c_nomenclature_current,cc968e0f-4b12-11ee-9c4e-00505689ff45,00-00009455,Вега РС1 мытый  Биг-бег 1000кг. Без полива,,44afa757-6157-11eb-9c2d-0050560417d5,false,false
Номенклатура — current,raw.r1c_nomenclature_current,cc750594-4b12-11ee-9c4e-00505689ff45,00-00009454,Вега РС1 мытый  Биг-бег 1000кг. Полив,,44afa757-6157-11eb-9c2d-0050560417d5,false,false
Номенклатура — current,raw.r1c_nomenclature_current,ccdc35e3-4b12-11ee-9c4e-00505689ff45,00-00009457,Вега РС1 мытый  Сетка на рулоне 2.5кг Без полива,,44afa757-6157-11eb-9c2d-0050560417d5,false,false
Номенклатура — current,raw.r1c_nomenclature_current,ccdc264f-4b12-11ee-9c4e-00505689ff45,00-00009456,Вега РС1 мытый  Сетка на рулоне 2.5кг Полив,,44afa757-6157-11eb-9c2d-0050560417d5,false,false
Номенклатура — current,raw.r1c_nomenclature_current,cc4329ed-4b12-11ee-9c4e-00505689ff45,00-00009453,Вега РС1 мытый Сетка 25кг. Без полива,,44afa757-6157-11eb-9c2d-0050560417d5,false,false
Номенклатура — current,raw.r1c_nomenclature_current,cbe31b8e-4b12-11ee-9c4e-00505689ff45,00-00009452,Вега РС1 мытый Сетка 25кг. Полив,,44afa757-6157-11eb-9c2d-0050560417d5,false,false
Номенклатура — current,raw.r1c_nomenclature_current,39c7cf3d-4b22-11ee-9c4e-00505689ff45,00-00009475,"Вега РС1 мытый Сетка-домик 2,5кг. Без полива",,44afa757-6157-11eb-9c2d-0050560417d5,false,false
Номенклатура — current,raw.r1c_nomenclature_current,cbacb7f7-4b12-11ee-9c4e-00505689ff45,00-00009451,Вега РС1 мытый Сетка-домик 3кг Без полива,,44afa757-6157-11eb-9c2d-0050560417d5,false,false
Номенклатура — current,raw.r1c_nomenclature_current,c84a1057-4b12-11ee-9c4e-00505689ff45,00-00009450,Вега РС1 мытый Сетка-домик 3кг Полив,,44afa757-6157-11eb-9c2d-0050560417d5,false,false
Номенклатура — current,raw.r1c_nomenclature_current,4dea045f-4b00-11ee-9c4e-00505689ff45,00-00009433,Вега РС1 очищенный в ву 1кг. Без полива,,b60b8b28-6156-11eb-9c2d-0050560417d5,false,false
Номенклатура — current,raw.r1c_nomenclature_current,cfcfb803-4b12-11ee-9c4e-00505689ff45,00-00009470,Вега РС1 семена  Сетка на завязке 25кг. Без полива,,b60b8b28-6156-11eb-9c2d-0050560417d5,false,false
Номенклатура — current,raw.r1c_nomenclature_current,cfa7e6cd-4b12-11ee-9c4e-00505689ff45,00-00009469,Вега РС1 семена  Сетка на завязке 25кг. Полив,,b60b8b28-6156-11eb-9c2d-0050560417d5,false,false
Номенклатура — current,raw.r1c_nomenclature_current,cf715536-4b12-11ee-9c4e-00505689ff45,00-00009468,Вега РС1 семена  Сетка на рулоне 25кг. Без полива,,b60b8b28-6156-11eb-9c2d-0050560417d5,false,false
Номенклатура — current,raw.r1c_nomenclature_current,cf33a243-4b12-11ee-9c4e-00505689ff45,00-00009467,Вега РС1 семена  Сетка на рулоне 25кг. Полив,,b60b8b28-6156-11eb-9c2d-0050560417d5,false,false
Номенклатура — current,raw.r1c_nomenclature_current,d0354c0a-4b12-11ee-9c4e-00505689ff45,00-00009472,Вега РС1 семена  биг-бег 1000кг. Без полива,,b60b8b28-6156-11eb-9c2d-0050560417d5,false,false
Номенклатура — current,raw.r1c_nomenclature_current,d0046209-4b12-11ee-9c4e-00505689ff45,00-00009471,Вега РС1 семена  биг-бег 1000кг. Полив,,b60b8b28-6156-11eb-9c2d-0050560417d5,false,false
Номенклатура — current,raw.r1c_nomenclature_current,80edacc0-7a9e-11ef-9c5d-00505689ff45,00-00011117,Вега РС2 в в.упак 5кг.,,d8e31aa9-0bd1-11f0-b80e-005056bde474,false,false
Номенклатура — current,raw.r1c_nomenclature_current,fd209958-f81c-11ef-b80e-005056bde474,00-00011672,"Вега РС2 грязный 2,5 кг. (эконом)",,13ef6ba2-4b80-11f0-b810-005056bde474,false,false
Номенклатура — current,raw.r1c_nomenclature_current,03231726-8bbc-11ef-9c5d-00505689ff45,00-00011285,Вега РС2 грязный Сетка на рулоне 25кг Полив,,13ef6ba2-4b80-11f0-b810-005056bde474,false,false
Номенклатура — current,raw.r1c_nomenclature_current,52116271-84af-11ef-9c5d-00505689ff45,00-00011269,Вега РС2 мытый 1кг (бэби),,03e63608-4b80-11f0-b810-005056bde474,false,false
Номенклатура — current,raw.r1c_nomenclature_current,ba37bc10-7a92-11ef-9c5d-00505689ff45,00-00011116,Вега РС2 мытый 2кг.(бэби),,03e63608-4b80-11f0-b810-005056bde474,false,false
Номенклатура — current,raw.r1c_nomenclature_current,81f3afe4-7a92-11ef-9c5d-00505689ff45,00-00011115,Вега РС2 мытый 3кг.,,03e63608-4b80-11f0-b810-005056bde474,false,false
Номенклатура — current,raw.r1c_nomenclature_current,412ee90d-7a55-11ef-9c5d-00505689ff45,00-00011113,Вега РС2 мытый Сетка 25кг. Полив,,03e63608-4b80-11f0-b810-005056bde474,false,false
Номенклатура — current,raw.r1c_nomenclature_current,44bd2339-40bb-11ee-9c4e-00505689ff45,00-00009177,"Вега РС3  Сетка-домик 1,5кг. Без полива",,44afa757-6157-11eb-9c2d-0050560417d5,false,false
Номенклатура — current,raw.r1c_nomenclature_current,4469ba1c-40bb-11ee-9c4e-00505689ff45,00-00009176,"Вега РС3  Сетка-домик 1,5кг. Полив",,44afa757-6157-11eb-9c2d-0050560417d5,false,false
Номенклатура — current,raw.r1c_nomenclature_current,4b07847c-40bb-11ee-9c4e-00505689ff45,00-00009205,Вега РС3  Сетка-домик 2кг. Без полива,,44afa757-6157-11eb-9c2d-0050560417d5,false,false
Номенклатура — current,raw.r1c_nomenclature_current,4acd04f0-40bb-11ee-9c4e-00505689ff45,00-00009204,Вега РС3  Сетка-домик 2кг. Полив,,44afa757-6157-11eb-9c2d-0050560417d5,false,false
Номенклатура — current,raw.r1c_nomenclature_current,84f504c2-40ba-11ee-9c4e-00505689ff45,00-00008785,Вега РС3  очищенный в ву 1кг. Без полива,,b60b8b28-6156-11eb-9c2d-0050560417d5,false,false
Номенклатура — current,raw.r1c_nomenclature_current,84b46cf1-40ba-11ee-9c4e-00505689ff45,00-00008784,Вега РС3  очищенный в ву 1кг. Полив,,b60b8b28-6156-11eb-9c2d-0050560417d5,false,false
Номенклатура — current,raw.r1c_nomenclature_current,892b4c94-40ba-11ee-9c4e-00505689ff45,00-00008813,Вега РС3  очищенный в ву 5кг. Без полива,,b60b8b28-6156-11eb-9c2d-0050560417d5,false,false
Номенклатура — current,raw.r1c_nomenclature_current,892b4c93-40ba-11ee-9c4e-00505689ff45,00-00008812,Вега РС3  очищенный в ву 5кг. Полив,,b60b8b28-6156-11eb-9c2d-0050560417d5,false,false
Номенклатура — current,raw.r1c_nomenclature_current,612071a9-40ba-11ee-9c4e-00505689ff45,00-00008729,"Вега РС3  пастеризованный 0,5кг. Без полива",,b60b8b28-6156-11eb-9c2d-0050560417d5,false,false
Номенклатура — current,raw.r1c_nomenclature_current,612071a8-40ba-11ee-9c4e-00505689ff45,00-00008728,"Вега РС3  пастеризованный 0,5кг. Полив",,b60b8b28-6156-11eb-9c2d-0050560417d5,false,false
Номенклатура — current,raw.r1c_nomenclature_current,739e2f6c-40ba-11ee-9c4e-00505689ff45,00-00008757,"Вега РС3  семена пастеризованный 0,5кг. Без полива",,b60b8b28-6156-11eb-9c2d-0050560417d5,false,false
Номенклатура — current,raw.r1c_nomenclature_current,736b06d1-40ba-11ee-9c4e-00505689ff45,00-00008756,"Вега РС3  семена пастеризованный 0,5кг. Полив",,b60b8b28-6156-11eb-9c2d-0050560417d5,false,false
Номенклатура — current,raw.r1c_nomenclature_current,cd7c0ae2-40b9-11ee-9c4e-00505689ff45,00-00008589,Вега РС3  эконом  Сетка на рулоне 2.5кг. Без полива,,44afa757-6157-11eb-9c2d-0050560417d5,false,false
Номенклатура — current,raw.r1c_nomenclature_current,cd3cc13b-40b9-11ee-9c4e-00505689ff45,00-00008588,Вега РС3  эконом  Сетка на рулоне 2.5кг. Полив,,44afa757-6157-11eb-9c2d-0050560417d5,false,false
Номенклатура — current,raw.r1c_nomenclature_current,d1fa4b2a-40b9-11ee-9c4e-00505689ff45,00-00008617,Вега РС3  эконом  Сетка на рулоне 3кг. Без полива,,44afa757-6157-11eb-9c2d-0050560417d5,false,false
Номенклатура — current,raw.r1c_nomenclature_current,d1fa40af-40b9-11ee-9c4e-00505689ff45,00-00008616,Вега РС3  эконом  Сетка на рулоне 3кг. Полив,,44afa757-6157-11eb-9c2d-0050560417d5,false,false
Номенклатура — current,raw.r1c_nomenclature_current,b44b3e28-40ba-11ee-9c4e-00505689ff45,00-00008981,Вега РС3 грязный  Сетка на завязке 25кг. Без полива,,731f2b5d-6157-11eb-9c2d-0050560417d5,false,false
Номенклатура — current,raw.r1c_nomenclature_current,b44b3e27-40ba-11ee-9c4e-00505689ff45,00-00008980,Вега РС3 грязный  Сетка на завязке 25кг. Полив,,731f2b5d-6157-11eb-9c2d-0050560417d5,false,false
Номенклатура — current,raw.r1c_nomenclature_current,a8466fbd-40ba-11ee-9c4e-00505689ff45,00-00008925,Вега РС3 грязный  Сетка на рулоне 10кг. Без полива,,731f2b5d-6157-11eb-9c2d-0050560417d5,false,false
Номенклатура — current,raw.r1c_nomenclature_current,a84665d5-40ba-11ee-9c4e-00505689ff45,00-00008924,Вега РС3 грязный  Сетка на рулоне 10кг. Полив,,731f2b5d-6157-11eb-9c2d-0050560417d5,false,false
Номенклатура — current,raw.r1c_nomenclature_current,98e80ff0-40ba-11ee-9c4e-00505689ff45,00-00008841,Вега РС3 грязный  Сетка на рулоне 2.5кг Без полива,,731f2b5d-6157-11eb-9c2d-0050560417d5,false,false
Номенклатура — current,raw.r1c_nomenclature_current,98e80545-40ba-11ee-9c4e-00505689ff45,00-00008840,Вега РС3 грязный  Сетка на рулоне 2.5кг Полив,,731f2b5d-6157-11eb-9c2d-0050560417d5,false,false
Номенклатура — current,raw.r1c_nomenclature_current,b08b7f39-40ba-11ee-9c4e-00505689ff45,00-00008953,Вега РС3 грязный  Сетка на рулоне 25кг. Без полива,,731f2b5d-6157-11eb-9c2d-0050560417d5,false,false
Номенклатура — current,raw.r1c_nomenclature_current,b0642ec0-40ba-11ee-9c4e-00505689ff45,00-00008952,Вега РС3 грязный  Сетка на рулоне 25кг. Полив,,731f2b5d-6157-11eb-9c2d-0050560417d5,false,false
Номенклатура — current,raw.r1c_nomenclature_current,9ef4e9be-40ba-11ee-9c4e-00505689ff45,00-00008869,Вега РС3 грязный  Сетка на рулоне 3кг. Без полива,,731f2b5d-6157-11eb-9c2d-0050560417d5,false,false
Номенклатура — current,raw.r1c_nomenclature_current,9ef4d5e6-40ba-11ee-9c4e-00505689ff45,00-00008868,Вега РС3 грязный  Сетка на рулоне 3кг. Полив,,731f2b5d-6157-11eb-9c2d-0050560417d5,false,false
Номенклатура — current,raw.r1c_nomenclature_current,bcfb55a3-40ba-11ee-9c4e-00505689ff45,00-00009009,Вега РС3 грязный  биг-бег 1000кг. Без полива,,731f2b5d-6157-11eb-9c2d-0050560417d5,false,false
Номенклатура — current,raw.r1c_nomenclature_current,bccbb053-40ba-11ee-9c4e-00505689ff45,00-00009008,Вега РС3 грязный  биг-бег 1000кг. Полив,,731f2b5d-6157-11eb-9c2d-0050560417d5,false,false
Номенклатура — current,raw.r1c_nomenclature_current,a4ce0987-40ba-11ee-9c4e-00505689ff45,00-00008897,Вега РС3 грязный Сетка на рулоне 5кг. Без полива,,731f2b5d-6157-11eb-9c2d-0050560417d5,false,false
Номенклатура — current,raw.r1c_nomenclature_current,a4a464df-40ba-11ee-9c4e-00505689ff45,00-00008896,Вега РС3 грязный Сетка на рулоне 5кг. Полив,,731f2b5d-6157-11eb-9c2d-0050560417d5,false,false
Номенклатура — current,raw.r1c_nomenclature_current,ee8a80ec-40ba-11ee-9c4e-00505689ff45,00-00009121,Вега РС3 мытый  Биг-бег 1000кг. Без полива,,44afa757-6157-11eb-9c2d-0050560417d5,false,false
Номенклатура — current,raw.r1c_nomenclature_current,ee6cc46e-40ba-11ee-9c4e-00505689ff45,00-00009120,Вега РС3 мытый  Биг-бег 1000кг. Полив,,44afa757-6157-11eb-9c2d-0050560417d5,false,false
Номенклатура — current,raw.r1c_nomenclature_current,f0c370fb-40ba-11ee-9c4e-00505689ff45,00-00009149,Вега РС3 мытый  Сетка на рулоне 2.5кг Без полива,,44afa757-6157-11eb-9c2d-0050560417d5,false,false
Номенклатура — current,raw.r1c_nomenclature_current,f0c370fa-40ba-11ee-9c4e-00505689ff45,00-00009148,Вега РС3 мытый  Сетка на рулоне 2.5кг Полив,,44afa757-6157-11eb-9c2d-0050560417d5,false,false
Номенклатура — current,raw.r1c_nomenclature_current,e4758906-40ba-11ee-9c4e-00505689ff45,00-00009093,Вега РС3 мытый Сетка 25кг. Без полива,,44afa757-6157-11eb-9c2d-0050560417d5,false,false
Номенклатура — current,raw.r1c_nomenclature_current,e4758905-40ba-11ee-9c4e-00505689ff45,00-00009092,Вега РС3 мытый Сетка 25кг. Полив,,44afa757-6157-11eb-9c2d-0050560417d5,false,false
Номенклатура — current,raw.r1c_nomenclature_current,de1656af-40ba-11ee-9c4e-00505689ff45,00-00009037,"Вега РС3 мытый Сетка-домик 2,5кг. Без полива",,44afa757-6157-11eb-9c2d-0050560417d5,false,false
Номенклатура — current,raw.r1c_nomenclature_current,dded8fcb-40ba-11ee-9c4e-00505689ff45,00-00009036,"Вега РС3 мытый Сетка-домик 2,5кг. Полив",,44afa757-6157-11eb-9c2d-0050560417d5,false,false
Номенклатура — current,raw.r1c_nomenclature_current,e2eca234-40ba-11ee-9c4e-00505689ff45,00-00009065,Вега РС3 мытый Сетка-домик 3кг Без полива,,44afa757-6157-11eb-9c2d-0050560417d5,false,false
Номенклатура — current,raw.r1c_nomenclature_current,e2ec9a32-40ba-11ee-9c4e-00505689ff45,00-00009064,Вега РС3 мытый Сетка-домик 3кг Полив,,44afa757-6157-11eb-9c2d-0050560417d5,false,false
Номенклатура — current,raw.r1c_nomenclature_current,db5df2f2-40b9-11ee-9c4e-00505689ff45,00-00008673,Вега РС3 семена  Сетка на завязке 25кг. Без полива,,b60b8b28-6156-11eb-9c2d-0050560417d5,false,false
Номенклатура — current,raw.r1c_nomenclature_current,d63b6765-40b9-11ee-9c4e-00505689ff45,00-00008672,Вега РС3 семена  Сетка на завязке 25кг. Полив,,b60b8b28-6156-11eb-9c2d-0050560417d5,false,false
Номенклатура — current,raw.r1c_nomenclature_current,d63b592b-40b9-11ee-9c4e-00505689ff45,00-00008645,Вега РС3 семена  Сетка на рулоне 25кг. Без полива,,b60b8b28-6156-11eb-9c2d-0050560417d5,false,false
Номенклатура — current,raw.r1c_nomenclature_current,d63b592a-40b9-11ee-9c4e-00505689ff45,00-00008644,Вега РС3 семена  Сетка на рулоне 25кг. Полив,,b60b8b28-6156-11eb-9c2d-0050560417d5,false,false
Номенклатура — current,raw.r1c_nomenclature_current,40ef4294-40ba-11ee-9c4e-00505689ff45,00-00008701,Вега РС3 семена  биг-бег 1000кг. Без полива,,b60b8b28-6156-11eb-9c2d-0050560417d5,false,false
Номенклатура — current,raw.r1c_nomenclature_current,3e39c321-40ba-11ee-9c4e-00505689ff45,00-00008700,Вега РС3 семена  биг-бег 1000кг. Полив,,b60b8b28-6156-11eb-9c2d-0050560417d5,false,false
Номенклатура — current,raw.r1c_nomenclature_current,e1042338-2b4d-11f0-b80e-005056bde474,00-00012212,"ВегаРС3 Белый Беби Мытый Сетка домик1,5 кг.",,03e63608-4b80-11f0-b810-005056bde474,false,true
Номенклатура — current,raw.r1c_nomenclature_current,d9c6d0d8-2b50-11f0-b80e-005056bde474,00-00012219,ВегаРС3 Белый Беби Мытый Сетка домик2 кг.,,03e63608-4b80-11f0-b810-005056bde474,false,true
Номенклатура — current,raw.r1c_nomenclature_current,900b4766-2b54-11f0-b80e-005056bde474,00-00012227,ВегаРС3 Белый Беби Мытый Сетка на рулоне25 кг.,,03e63608-4b80-11f0-b810-005056bde474,false,true
Номенклатура — current,raw.r1c_nomenclature_current,a4f2c391-2b3e-11f0-b80e-005056bde474,00-00012202,ВегаРС3 Белый Вакуумная упаковка5 кг.,,d8e31aa9-0bd1-11f0-b80e-005056bde474,false,false
Номенклатура — current,raw.r1c_nomenclature_current,5c881281-2f1a-11f0-b80e-005056bde474,00-00012297,ВегаРС3 Белый Грязный  Биг-бэг1000 кг.,,13ef6ba2-4b80-11f0-b810-005056bde474,false,true
Номенклатура — current,raw.r1c_nomenclature_current,1c50fb9f-2f10-11f0-b80e-005056bde474,00-00012269,"ВегаРС3 Белый Грязный  Сетка на рулоне2,5 кг.",,13ef6ba2-4b80-11f0-b810-005056bde474,false,true
Номенклатура — current,raw.r1c_nomenclature_current,e11cb11f-2e55-11f0-b80e-005056bde474,00-00012250,ВегаРС3 Белый Грязный  Сетка на рулоне25 кг.,,13ef6ba2-4b80-11f0-b810-005056bde474,false,true
Номенклатура — current,raw.r1c_nomenclature_current,80a82e3d-2f17-11f0-b80e-005056bde474,00-00012283,ВегаРС3 Белый Грязный  Сетка на рулоне3 кг.,,13ef6ba2-4b80-11f0-b810-005056bde474,false,true
Номенклатура — current,raw.r1c_nomenclature_current,92769e71-2f18-11f0-b80e-005056bde474,00-00012290,ВегаРС3 Белый Грязный  Сетка на рулоне5 кг.,,13ef6ba2-4b80-11f0-b810-005056bde474,false,true
Номенклатура — current,raw.r1c_nomenclature_current,9e34f30a-2f11-11f0-b80e-005056bde474,00-00012276,"ВегаРС3 Белый Грязный 35-50 Сетка на рулоне2,5 кг.",,13ef6ba2-4b80-11f0-b810-005056bde474,false,true
Номенклатура — current,raw.r1c_nomenclature_current,1bd0e55b-2a4d-11f0-b80e-005056bde474,00-00012133,"ВегаРС3 Белый Мытый  Сетка домик2,5 кг.",,03e63608-4b80-11f0-b810-005056bde474,false,true
Номенклатура — current,raw.r1c_nomenclature_current,0d1f73be-2bfd-11f0-b80e-005056bde474,00-00012235,ВегаРС3 Белый Мытый  Сетка домик3 кг.,,03e63608-4b80-11f0-b810-005056bde474,false,true
Номенклатура — current,raw.r1c_nomenclature_current,063d4327-2c04-11f0-b80e-005056bde474,00-00012243,ВегаРС3 Белый Мытый  Сетка на рулоне25 кг.,,03e63608-4b80-11f0-b810-005056bde474,false,true
Номенклатура — current,raw.r1c_nomenclature_current,9e479cf6-c349-11eb-c697-fa163e0d31f7,БП-00004126,Ведро 10л ,,f0e4c260-a130-11e8-af4c-30f7727a492e,false,false
Номенклатура — current,raw.r1c_nomenclature_current,bc9076a2-49bd-11eb-a99a-fa163e0d31f7,БП-00003536,"Ведро 11 л полипропилен d=28,5см h=27см с крышкой для пищевых продуктов.",,917ab634-0a38-11f0-b80e-005056bde474,false,false
Номенклатура — current,raw.r1c_nomenclature_current,f41c1831-5a1c-11ef-9c59-00505689ff45,00-00010860,Ведро 12л ,,f0e4c260-a130-11e8-af4c-30f7727a492e,false,false
Номенклатура — current,raw.r1c_nomenclature_current,9df0d052-49bd-11eb-a99a-fa163e0d31f7,БП-00003535,Ведро 16 л полипропилен d=32см h=30см с крышкой для пищевых продуктов.,,917ab634-0a38-11f0-b80e-005056bde474,false,false
Номенклатура — current,raw.r1c_nomenclature_current,78a77021-f33e-11ef-b80e-005056bde474,00-00011654,Ведро 2 л с крышкой,,917ab634-0a38-11f0-b80e-005056bde474,false,false
Номенклатура — current,raw.r1c_nomenclature_current,7f55610c-a6a3-11ec-9c42-00505689c8d9,00-00006385,Ведро для меда 3л с пластиковой ручкой,,65439ec8-d96f-11eb-6c92-fa163e0d31f7,false,false
Номенклатура — current,raw.r1c_nomenclature_current,4209182c-a024-11eb-c683-fa163e0d31f7,БП-00003881,Ведро для мытья пола,,f0e4c260-a130-11e8-af4c-30f7727a492e,false,false
Номенклатура — current,raw.r1c_nomenclature_current,8bfe23b6-9258-11f1-b824-005056bde474,00-00014705,"Ведро из высокопрочного пищевого пластика 7,7 л",,f0e4c260-a130-11e8-af4c-30f7727a492e,false,false
Номенклатура — current,raw.r1c_nomenclature_current,9373ef58-4de7-11f1-b821-005056bde474,00-00014230,Ведро мусорное пластик 19л прям сер.с пед. и черн.крыш.мрамор ,,917ab634-0a38-11f0-b80e-005056bde474,false,false
Номенклатура — current,raw.r1c_nomenclature_current,9b060c67-71d9-11e7-85a2-d43d7eec442d,00000101   ,Ведро оц. 12 л.,,917ab634-0a38-11f0-b80e-005056bde474,false,false
Номенклатура — current,raw.r1c_nomenclature_current,cb515303-e422-11f0-b81e-005056bde474,00-00013300,Ведро оцинкованное 12 л Gigant GMB-12,,917ab634-0a38-11f0-b80e-005056bde474,false,false
Номенклатура — current,raw.r1c_nomenclature_current,d0479576-09a3-11e9-af60-30f7727a492e,00-00001372,Ведро оцинкованное 12л,,f0e4c260-a130-11e8-af4c-30f7727a492e,false,false
Номенклатура — current,raw.r1c_nomenclature_current,45f8c8f9-c562-11e9-af79-30f7727a492e,00-00001931,Ведро оцинкованное 15л,,f0e4c260-a130-11e8-af4c-30f7727a492e,false,false
Номенклатура — current,raw.r1c_nomenclature_current,b204a2ca-fe2c-11ed-9c4e-00505689ff45,00-00008053,Ведро оцинкованное 7л,,f0e4c260-a130-11e8-af4c-30f7727a492e,false,false
Номенклатура — current,raw.r1c_nomenclature_current,a0733d33-55ca-11ec-9c40-00505689c8d9,АК-00005732,Ведро оцинкованное 9л,,f0e4c260-a130-11e8-af4c-30f7727a492e,false,false
Номенклатура — current,raw.r1c_nomenclature_current,50dc2b9b-1a0c-11ec-9c3a-00505689ff45,АК-00005062,Ведро пластиковое с ручкой 10л ,,f0e4c260-a130-11e8-af4c-30f7727a492e,false,false
Номенклатура — current,raw.r1c_nomenclature_current,59b06088-d7ad-11ed-9c4e-00505689ff45,00-00007728,"Ведро пластиковое с ручкой 11,3 л ",,f0e4c260-a130-11e8-af4c-30f7727a492e,false,false
Номенклатура — current,raw.r1c_nomenclature_current,6bf07f4b-9418-11ee-9c4a-005056893620,00-00009887,Ведро с отжимом 14л,,f0e4c260-a130-11e8-af4c-30f7727a492e,false,false
Номенклатура — current,raw.r1c_nomenclature_current,9b060c68-71d9-11e7-85a2-d43d7eec442d,00000051   ,Ведро строительное,,917ab634-0a38-11f0-b80e-005056bde474,false,false
Номенклатура — current,raw.r1c_nomenclature_current,45f8c8f8-c562-11e9-af79-30f7727a492e,00-00001930,Ведро строительное 20 л,,f0e4c260-a130-11e8-af4c-30f7727a492e,false,false
Номенклатура — current,raw.r1c_nomenclature_current,4a399c11-f70c-11f0-b81e-005056bde474,00-00013572,Ведро строительное 20л,,917ab634-0a38-11f0-b80e-005056bde474,false,false
Номенклатура — current,raw.r1c_nomenclature_current,a1192d50-4392-11eb-b594-fa163e0d31f7,БП-00003443,Ведро строительное пластиковое 20 л,,f0e4c260-a130-11e8-af4c-30f7727a492e,false,false
Номенклатура — current,raw.r1c_nomenclature_current,d39cf4dc-f358-11ee-9c4c-005056893620,00-00010379,Веерообразный отвал LT6L.4-1,,9b060c03-71d9-11e7-85a2-d43d7eec442d,false,false
Номенклатура — current,raw.r1c_nomenclature_current,a6a60d52-3417-11f1-b81f-005056bde474,00-00014026,Веерообразный отвал LT6L.4-1AN,,45c9e202-0a37-11f0-b80e-005056bde474,false,false
Номенклатура — current,raw.r1c_nomenclature_current,17a1f4fc-f35a-11ee-9c4c-005056893620,00-00010383,Веерообразный отвал LT6R.4-1,,9b060c03-71d9-11e7-85a2-d43d7eec442d,false,false
Номенклатура — current,raw.r1c_nomenclature_current,bf9e8f9b-3417-11f1-b81f-005056bde474,00-00014027,Веерообразный отвал LT6R.4-1AN,,45c9e202-0a37-11f0-b80e-005056bde474,false,false
Номенклатура — current,raw.r1c_nomenclature_current,74ce2819-2b4f-11f0-b80e-005056bde474,00-00012213,"ВендиРС3 Белый Беби Мытый Сетка домик1,5 кг.",,03e63608-4b80-11f0-b810-005056bde474,false,true
Номенклатура — current,raw.r1c_nomenclature_current,2b32f4dc-2b53-11f0-b80e-005056bde474,00-00012220,ВендиРС3 Белый Беби Мытый Сетка домик2 кг.,,03e63608-4b80-11f0-b810-005056bde474,false,true
Номенклатура — current,raw.r1c_nomenclature_current,762f1d0e-2b55-11f0-b80e-005056bde474,00-00012229,ВендиРС3 Белый Беби Мытый Сетка на рулоне25 кг.,,03e63608-4b80-11f0-b810-005056bde474,false,true
Номенклатура — current,raw.r1c_nomenclature_current,9338629d-2b3f-11f0-b80e-005056bde474,00-00012203,ВендиРС3 Белый Вакуумная упаковка5 кг.,,d8e31aa9-0bd1-11f0-b80e-005056bde474,false,false
Номенклатура — current,raw.r1c_nomenclature_current,7d85d67e-2f1a-11f0-b80e-005056bde474,00-00012298,ВендиРС3 Белый Грязный  Биг-бэг1000 кг.,,13ef6ba2-4b80-11f0-b810-005056bde474,false,true
Номенклатура — current,raw.r1c_nomenclature_current,76c7a70a-2f10-11f0-b80e-005056bde474,00-00012270,"ВендиРС3 Белый Грязный  Сетка на рулоне2,5 кг.",,13ef6ba2-4b80-11f0-b810-005056bde474,false,true
Номенклатура — current,raw.r1c_nomenclature_current,5256f8c4-2e56-11f0-b80e-005056bde474,00-00012251,ВендиРС3 Белый Грязный  Сетка на рулоне25 кг.,,13ef6ba2-4b80-11f0-b810-005056bde474,false,true
Номенклатура — current,raw.r1c_nomenclature_current,c3c335f1-2f17-11f0-b80e-005056bde474,00-00012284,ВендиРС3 Белый Грязный  Сетка на рулоне3 кг.,,13ef6ba2-4b80-11f0-b810-005056bde474,false,true
Номенклатура — current,raw.r1c_nomenclature_current,b768cd73-2f18-11f0-b80e-005056bde474,00-00012291,ВендиРС3 Белый Грязный  Сетка на рулоне5 кг.,,13ef6ba2-4b80-11f0-b810-005056bde474,false,true
Номенклатура — current,raw.r1c_nomenclature_current,b76b3546-2f11-11f0-b80e-005056bde474,00-00012277,"ВендиРС3 Белый Грязный 35-50 Сетка на рулоне2,5 кг.",,13ef6ba2-4b80-11f0-b810-005056bde474,false,true
Номенклатура — current,raw.r1c_nomenclature_current,46925530-2a4d-11f0-b80e-005056bde474,00-00012134,"ВендиРС3 Белый Мытый  Сетка домик2,5 кг.",,03e63608-4b80-11f0-b810-005056bde474,false,true
Номенклатура — current,raw.r1c_nomenclature_current,37cd5d3c-2bfd-11f0-b80e-005056bde474,00-00012236,ВендиРС3 Белый Мытый  Сетка домик3 кг.,,03e63608-4b80-11f0-b810-005056bde474,false,true
Номенклатура — current,raw.r1c_nomenclature_current,3b345c7d-2c04-11f0-b80e-005056bde474,00-00012244,ВендиРС3 Белый Мытый  Сетка на рулоне25 кг.,,03e63608-4b80-11f0-b810-005056bde474,false,true
Номенклатура — current,raw.r1c_nomenclature_current,0d17d685-dcaf-11ef-b80c-005056bde474,00-00011602,Венец маховика Д-240ст 145зуб.,,9b060c03-71d9-11e7-85a2-d43d7eec442d,false,false
Номенклатура — current,raw.r1c_nomenclature_current,444117ac-f70c-11f0-b81e-005056bde474,00-00013571,Веник,,917ab634-0a38-11f0-b80e-005056bde474,false,false
Номенклатура — current,raw.r1c_nomenclature_current,0d21a15c-e48e-11eb-0c9a-fa163e0d31f7,БП-00004484,Веник 2-прошивной высшая категория,,f0e4c260-a130-11e8-af4c-30f7727a492e,false,false
Номенклатура — current,raw.r1c_nomenclature_current,8f7a1ae0-e7a9-11ea-3497-fa163ee5d2f9,БП-00002968,Веник 5-прошивной,,f0e4c260-a130-11e8-af4c-30f7727a492e,false,false
Номенклатура — current,raw.r1c_nomenclature_current,af24ceaa-a025-11eb-c683-fa163e0d31f7,БП-00003887,Веник СОРГО,,f0e4c260-a130-11e8-af4c-30f7727a492e,false,false
Номенклатура — current,raw.r1c_nomenclature_current,49886cf5-fa0a-11e7-a403-94de80168a80,00-00000659,Веник пластиковый,,f0e4c260-a130-11e8-af4c-30f7727a492e,false,false
Номенклатура — current,raw.r1c_nomenclature_current,7217dff5-2759-11ec-a9dd-00505689f463,АК-00005412,Веник с палкой Сербия,,f0e4c260-a130-11e8-af4c-30f7727a492e,false,false
Номенклатура — current,raw.r1c_nomenclature_current,7cbbdc1c-5907-11ec-9c40-00505689c8d9,АК-00005776,Веник трехпрошивной Люкс,,f0e4c260-a130-11e8-af4c-30f7727a492e,false,false
Номенклатура — current,raw.r1c_nomenclature_current,8c965070-000a-11ec-9c3a-00505689ff45,АК-00003939,Вентиль ТК,,9b060c03-71d9-11e7-85a2-d43d7eec442d,false,false
Номенклатура — current,raw.r1c_nomenclature_current,9a9be9ce-0e71-11ee-9c4e-00505689ff45,00-00008160,Вентиль безкамерной шины L=16*90 V3.20-4 для грузо,,9b060c03-71d9-11e7-85a2-d43d7eec442d,false,false
Номенклатура — current,raw.r1c_nomenclature_current,e1a80a51-d0ed-11f0-b81e-005056bde474,00-00013019,Вентиль бескамерной шины L=27*79 для JCB,,45c9e202-0a37-11f0-b80e-005056bde474,false,false
Номенклатура — current,raw.r1c_nomenclature_current,1c55086e-ca10-11eb-2782-fa163e0d31f7,БП-00004139,Вентиль камерный для с/х камер,,9b060c03-71d9-11e7-85a2-d43d7eec442d,false,false
Номенклатура — current,raw.r1c_nomenclature_current,32c8f487-3328-11f1-b81f-005056bde474,00-00014005,Вентиль пл.32,,6dd20a6a-51c7-11f0-b811-005056bde474,false,false
Номенклатура — current,raw.r1c_nomenclature_current,d96a42f5-4268-11ee-9c4e-00505689ff45,00-00009251,Вентиль с подложкой для спецтехники и и тракторов холодной вулканизации ТК,,9b060c03-71d9-11e7-85a2-d43d7eec442d,false,false
Номенклатура — current,raw.r1c_nomenclature_current,111e2cc2-fffa-11eb-9c3a-00505689ff45,АК-00003929,Вентиль тракторный V5-01-1 TR618A,,9b060c03-71d9-11e7-85a2-d43d7eec442d,false,false
Номенклатура — current,raw.r1c_nomenclature_current,961be00e-773d-11ef-9c5d-00505689ff45,00-00011094,Вентилятор (500мм/380В)YWF4D-500S-137/50-G,,e6b715af-0a38-11f0-b80e-005056bde474,false,false
Номенклатура — current,raw.r1c_nomenclature_current,657c59ac-d59a-11f0-b81e-005056bde474,00-00013073,"Вентилятор 24В, 120х120х25мм, подш.скольжения, 2600 об/мин",,baf617a9-7290-11f0-b814-005056bde474,false,false
Номенклатура — current,raw.r1c_nomenclature_current,24648212-cf67-11eb-bd90-fa163e0d31f7,БП-00004171,Вентилятор белый напольный Aceline SFVE-1641,,e6b715af-0a38-11f0-b80e-005056bde474,false,false
Номенклатура — current,raw.r1c_nomenclature_current,82e3039c-9e35-11e9-af74-30f7727a492e,00-00001736,Вентилятор белый напольный Gentek CT-5015,,e6b715af-0a38-11f0-b80e-005056bde474,false,false
Номенклатура — current,raw.r1c_nomenclature_current,49f513ca-565e-11eb-1f84-fa163e0d31f7,БП-00003594,Вентилятор обдува WOS500,,9be0daf4-2e34-11eb-288c-fa163e0d31f7,false,false
Номенклатура — current,raw.r1c_nomenclature_current,59128bf7-2b9f-11ec-b9a9-00505689914b,АК-00005483,Вентилятор осевой низкого давления в стальном корпусе ОВ 2Е 300,,e6b715af-0a38-11f0-b80e-005056bde474,false,false
Номенклатура — current,raw.r1c_nomenclature_current,b36408a8-f334-11ee-9c4c-005056893620,00-00010369,Вентилятор отопителя МТЗ ИЖКС 632546.004,,9b060c03-71d9-11e7-85a2-d43d7eec442d,false,false
Номенклатура — current,raw.r1c_nomenclature_current,e9899411-ef8e-11f0-b81e-005056bde474,00-00013367,"Вентилятор радиальный РОВЕН ВР-80-75-4,0-О-РН-0,75/1500/220-380-Пр0-У2",,5825c493-3d8b-11f1-b821-005056bde474,false,false
Номенклатура — current,raw.r1c_nomenclature_current,80c903dd-9b99-11e8-af49-30f7727a492e,00-00001042,Вентилятор разгонный с ТЕН 2 квт,,9b060c15-71d9-11e7-85a2-d43d7eec442d,false,false
Номенклатура — current,raw.r1c_nomenclature_current,ba916b92-31b6-11e8-af34-30f7727a492e,00-00000758,Вентилятор разгонный с ТЕН 2 квт,,9b060c15-71d9-11e7-85a2-d43d7eec442d,false,false
Номенклатура — current,raw.r1c_nomenclature_current,2cd4adf6-6228-11ec-9c40-00505689c8d9,АК-00005808,Вентилятор салона 12В 2*12см,,9b060c03-71d9-11e7-85a2-d43d7eec442d,false,false
Номенклатура — current,raw.r1c_nomenclature_current,1e027189-04d0-11ec-9c3a-00505689ff45,АК-00004664,Вентилятор черный напольный RIX RSF-4002В,,e6b715af-0a38-11f0-b80e-005056bde474,false,false
Номенклатура — current,raw.r1c_nomenclature_current,f8bd25bf-2a8a-11ec-b9a9-00505689914b,АК-00005424,"Вентиляционный канал и две венткамеры высотой 3,6 м из балки,профтрубы и профнастила ",,de1714af-8a12-11e7-af1d-30f7727a492e,false,false
Номенклатура — current,raw.r1c_nomenclature_current,c6b6c42d-f524-11eb-9c3a-00505689ff45,АК-00003436,Венто 178-02-1230-0 Инсектицид,,2eaeac4d-5322-11f0-b811-005056bde474,false,false
Номенклатура — current,raw.r1c_nomenclature_current,c6b6c42e-f524-11eb-9c3a-00505689ff45,АК-00003437,Венто 178-02-1762-0 Инсектицид,,2eaeac4d-5322-11f0-b811-005056bde474,false,false
Номенклатура — current,raw.r1c_nomenclature_current,1efbb189-a095-11ee-9c4c-005056893620,00-00009955,Веревка в ПВХ 3мм,,f0e4c260-a130-11e8-af4c-30f7727a492e,false,false
Номенклатура — current,raw.r1c_nomenclature_current,8b3fef14-f921-11ef-b80e-005056bde474,00-00011725,Веревка плетенная ПП 6мм (200м) черная,,f0e4c260-a130-11e8-af4c-30f7727a492e,false,false
Номенклатура — current,raw.r1c_nomenclature_current,44c4cd01-92b5-11ec-9c42-00505689c8d9,00-00006232,"Веревка хозяйственная D-7мм, L-20м",,f0e4c260-a130-11e8-af4c-30f7727a492e,false,false
Номенклатура — current,raw.r1c_nomenclature_current,071173c1-615e-11eb-9c2d-0050560417d5,00-00002858,Весовая,,f82d265a-615d-11eb-9c2d-0050560417d5,true,false
Номенклатура — current,raw.r1c_nomenclature_current,55009064-cf69-11f0-b81e-005056bde474,00-00013005,Весы M-ER 326AFL-32.5 LCD 3057 (Зав.28050690),,683c72a5-0a38-11f0-b80e-005056bde474,false,false
Номенклатура — current,raw.r1c_nomenclature_current,01714ea6-72a7-11eb-4886-fa163e0d31f7,БП-00003741,"Весы МП 2000 ВЕДА Ф-1 ""Циклоп 07Л П/У""",,683c72a5-0a38-11f0-b80e-005056bde474,false,false
Номенклатура — current,raw.r1c_nomenclature_current,337da484-c0e6-11e9-af79-30f7727a492e,00-00001866,Весы бытовые товарные ST-TCS-150,,683c72a5-0a38-11f0-b80e-005056bde474,false,false
Номенклатура — current,raw.r1c_nomenclature_current,f529c34f-757e-11ed-9c4d-00505689c8d9,00-00007461,Весы кухонные Polaris PKS 1053DG Chalk электронные,,683c72a5-0a38-11f0-b80e-005056bde474,false,false
Номенклатура — current,raw.r1c_nomenclature_current,fc9ea2a4-017f-11ef-9c4f-005056893620,00-00010433,Весы напольные ECON ECO-BS003,,683c72a5-0a38-11f0-b80e-005056bde474,false,false
Номенклатура — current,raw.r1c_nomenclature_current,2553ae03-2ccf-11f1-b81f-005056bde474,00-00013912,Весы настольные для простого взвешивания МАССА-К МК- 6.2-А21-2 50343,,683c72a5-0a38-11f0-b80e-005056bde474,false,false
Номенклатура — current,raw.r1c_nomenclature_current,c0de3223-ae90-11f0-b81e-005056bde474,00-00012876,Весы низкопрофильные с пандусом-2000 Элефант,,683c72a5-0a38-11f0-b80e-005056bde474,false,false
Номенклатура — current,raw.r1c_nomenclature_current,0813d4ff-f637-11f0-b81e-005056bde474,00-00013437,Весы паллетные МАССА 4D-U-1-2000,,9b060c15-71d9-11e7-85a2-d43d7eec442d,false,false
Номенклатура — current,raw.r1c_nomenclature_current,9b060c69-71d9-11e7-85a2-d43d7eec442d,00000038   ,Весы платформенные СКЕЙЛ,,683c72a5-0a38-11f0-b80e-005056bde474,false,false
Номенклатура — current,raw.r1c_nomenclature_current,b53fdc3d-43ff-11ea-9524-30f7727a492e,00-00002469,Весы платформенные СКЕЙЛ ЗСКП-1520,,683c72a5-0a38-11f0-b80e-005056bde474,false,false
Номенклатура — current,raw.r1c_nomenclature_current,4bf6724d-f7d0-11f0-b81e-005056bde474,00-00013615,Весы с 16 взвешивающими головками,,de1714af-8a12-11e7-af1d-30f7727a492e,false,false
Номенклатура — current,raw.r1c_nomenclature_current,55b4a412-c981-11ed-9c4e-00505689ff45,00-00007691,Весы товарные МИДЛ МП 60 МДА Ф-3 (10/20 400*500) Восточный базар 518 нерж,,683c72a5-0a38-11f0-b80e-005056bde474,false,false
Номенклатура — current,raw.r1c_nomenclature_current,f84ce8ce-d9ee-11ee-9c4c-005056893620,00-00010244,Весы товарные МИДЛ МП 60 МЖА Ф-3 (10/20 400*500) Красная армия,,683c72a5-0a38-11f0-b80e-005056bde474,false,false
Номенклатура — current,raw.r1c_nomenclature_current,30d667ca-8d55-11ef-9c5e-00505689ff45,00-00011294,Весы фасовочные напольные ,,683c72a5-0a38-11f0-b80e-005056bde474,false,false
Номенклатура — current,raw.r1c_nomenclature_current,52fd10cc-4393-11eb-b594-fa163e0d31f7,БП-00003445,Ветошь,,f0e4c260-a130-11e8-af4c-30f7727a492e,false,false
Номенклатура — current,raw.r1c_nomenclature_current,7faa8dd1-c9ff-11e7-a3eb-94de80168a80,00-00000452,Вешалка,,9088eeac-75dc-11e7-af18-30f7727a492e,false,false
Номенклатура — current,raw.r1c_nomenclature_current,08260025-a0d2-11ee-9c4c-005056893620,00-00009960,Вешалка для одежды,,f0e4c260-a130-11e8-af4c-30f7727a492e,false,false
Номенклатура — current,raw.r1c_nomenclature_current,a3dceac7-7e5d-11ee-9c4a-005056893620,00-00009729,Вешалка настенная 3 крючка,,f0e4c260-a130-11e8-af4c-30f7727a492e,false,false
Номенклатура — current,raw.r1c_nomenclature_current,be9a86f4-7e5d-11ee-9c4a-005056893620,00-00009730,Вешалка настенная 4 крючка,,f0e4c260-a130-11e8-af4c-30f7727a492e,false,false
Номенклатура — current,raw.r1c_nomenclature_current,81af0c43-7e5d-11ee-9c4a-005056893620,00-00009728,Вешалка настенная 5 крючков,,f0e4c260-a130-11e8-af4c-30f7727a492e,false,false
Номенклатура — current,raw.r1c_nomenclature_current,4d1f9ae3-89b5-11ec-9c42-00505689c8d9,00-00006111,Вешалка настенная ТС1 №20 черная,,f0e4c260-a130-11e8-af4c-30f7727a492e,false,false
Номенклатура — current,raw.r1c_nomenclature_current,a4aaf96b-4def-11f1-b821-005056bde474,00-00014234,"Вешалка настенная УЗК_Крючок двухрожковый, хром",,917ab634-0a38-11f0-b80e-005056bde474,false,false
Номенклатура — current,raw.r1c_nomenclature_current,e398eb68-ffc5-11ed-9c4e-00505689ff45,00-00008080,Взлетная площадка квадрокоптера,,9b060c03-71d9-11e7-85a2-d43d7eec442d,false,false
Номенклатура — current,raw.r1c_nomenclature_current,c6b6c42f-f524-11eb-9c3a-00505689ff45,АК-00003438,Виал ТрасТ Инсектицид,,668204c4-5324-11f0-b811-005056bde474,false,false
Номенклатура — current,raw.r1c_nomenclature_current,c6b6c430-f524-11eb-9c3a-00505689ff45,АК-00003439,Виал Трио Инсектицид,,668204c4-5324-11f0-b811-005056bde474,false,false
Номенклатура — current,raw.r1c_nomenclature_current,79883dbd-5b65-11f0-b811-005056bde474,00-00012520,Виброгаситель,,45c9e202-0a37-11f0-b80e-005056bde474,false,false
Номенклатура — current,raw.r1c_nomenclature_current,31fcca0f-ef8f-11f0-b81e-005056bde474,00-00013368,Виброизолятор Элком ДО 38 03.07.000011,,5ecf8cfa-3d8b-11f1-b821-005056bde474,false,false
Номенклатура — current,raw.r1c_nomenclature_current,622dcf12-04da-11ec-9c3a-00505689ff45,АК-00004675,Видеодомофон комплект Falcon Eye FE-4CHP2AVP-505 (выз.панель в компл),,d56a52ab-0a38-11f0-b80e-005056bde474,false,false
Номенклатура — current,raw.r1c_nomenclature_current,2ac45550-191e-11f1-b81f-005056bde474,00-00013853,Видеокамера IP HIKVISION DS-2DE2A204IW-DE3(C0)(S6)(C) (DS-2DE2A204IW-DE3(C0)(S6)(C)),,211c2790-35ce-11ea-9522-30f7727a492e,false,false
Номенклатура — current,raw.r1c_nomenclature_current,a223698d-191d-11f1-b81f-005056bde474,00-00013852,Видеокамера IP HIKVISION DS-2DE3A404IWG-E 2.8-12 mm (DS-2DE3A404IWG-E),,211c2790-35ce-11ea-9522-30f7727a492e,false,false
Номенклатура — current,raw.r1c_nomenclature_current,e99cd613-08d2-11f1-b81f-005056bde474,00-00013739,Видеокарта PCI-E Gigabyte GeForce RTX 4060 AERO OC 8192MB 128bit GDDR6 [GV-N4060AERO OC-8GD] HDMI DP,,ce412305-0a38-11f0-b80e-005056bde474,false,false
Номенклатура — current,raw.r1c_nomenclature_current,4bd20512-49c1-11eb-a99a-fa163e0d31f7,БП-00003546,Видеокарта PCI-E Gigabyte Gef-orce GT 710 1024MB 64 bit,,ce412305-0a38-11f0-b80e-005056bde474,false,false
Номенклатура — current,raw.r1c_nomenclature_current,d47a5dcb-8a84-11f1-b824-005056bde474,00-00014690,Видеорегистратор 64-х канальный Hikvision DS-7764NI-V4 IP до 16ТБ,,211c2790-35ce-11ea-9522-30f7727a492e,false,false
Номенклатура — current,raw.r1c_nomenclature_current,211c2791-35ce-11ea-9522-30f7727a492e,00-00002361,Видеорегистратор DS-N332/2,,211c2790-35ce-11ea-9522-30f7727a492e,false,false
Номенклатура — current,raw.r1c_nomenclature_current,90977a34-98dd-11ee-9c4a-005056893620,00-00009905,Видеорегистратор IP 6 канальный,,20e031f3-0a37-11f0-b80e-005056bde474,false,false
Номенклатура — current,raw.r1c_nomenclature_current,ce56b8a6-11d2-11ee-9c4e-00505689ff45,00-00008229,Визитки,,9088ee8b-75dc-11e7-af18-30f7727a492e,false,false
Номенклатура — current,raw.r1c_nomenclature_current,f2b1de99-7877-11e8-af42-30f7727a492e,00-00000960,Вилка ,,9b060c03-71d9-11e7-85a2-d43d7eec442d,false,false
Номенклатура — current,raw.r1c_nomenclature_current,66360d9b-46f3-11ec-9c45-00505689c17d,АК-00005594,Вилка  015 3Р+РЕ+N 16А  380V IP44 ИЭК,,7b923ee5-3d8a-11f1-b821-005056bde474,false,false
Номенклатура — current,raw.r1c_nomenclature_current,e6378261-22c4-11ed-9c43-cb6d75bb653b,00-00007003,Вилка  380V IP44 ИЭК ССИ-025 3Р+РЕ+N 32А  ,,7b923ee5-3d8a-11f1-b821-005056bde474,false,false
Номенклатура — current,raw.r1c_nomenclature_current,da92c62d-46f3-11ec-9c45-00505689c17d,АК-00005595,Вилка  СП 16А 380В 3Р+E+N CCИ-415 IP44,,7b923ee5-3d8a-11f1-b821-005056bde474,false,false
Номенклатура — current,raw.r1c_nomenclature_current,6279af99-b74a-11e9-af77-30f7727a492e,00-00001806,Вилка  б/з,,7b923ee5-3d8a-11f1-b821-005056bde474,false,false
Номенклатура — current,raw.r1c_nomenclature_current,38b9f461-09b4-11e9-af60-30f7727a492e,00-00001397,Вилка  с/э Макел,,7b923ee5-3d8a-11f1-b821-005056bde474,false,false
Номенклатура — current,raw.r1c_nomenclature_current,95db1ff4-1748-11ed-9c43-cb6d75bb653b,00-00006865,Вилка 120-4605620,,9b060c03-71d9-11e7-85a2-d43d7eec442d,false,false
Номенклатура — current,raw.r1c_nomenclature_current,4cef423a-52ca-11f0-b811-005056bde474,00-00012468,Вилка 1321-2707050-Б1,,45c9e202-0a37-11f0-b80e-005056bde474,false,false
Номенклатура — current,raw.r1c_nomenclature_current,437a0ffb-00ec-11ec-9c3a-00505689ff45,АК-00004039,Вилка 1321-2707111-А,,9b060c03-71d9-11e7-85a2-d43d7eec442d,false,false
Номенклатура — current,raw.r1c_nomenclature_current,398fae66-5a02-11ef-9c59-00505689ff45,00-00010785,Вилка 515 стац.3Р+РЕ+N16A 330B IP44 ИЭК,,7b923ee5-3d8a-11f1-b821-005056bde474,false,false
Номенклатура — current,raw.r1c_nomenclature_current,38b6112e-b70c-11f0-b81e-005056bde474,00-00012954,Вилка 615 скрытая 3Р+РЕ+N 16А 380В IP44,,193544c0-7290-11f0-b814-005056bde474,false,false
Номенклатура — current,raw.r1c_nomenclature_current,98202212-a2f4-11ed-9c4c-00505689ff45,00-00007607,Вилка 700А 46.28.054-2,,9b060c03-71d9-11e7-85a2-d43d7eec442d,false,false
Номенклатура — current,raw.r1c_nomenclature_current,ff41e7c4-b0dd-11e8-af4e-30f7727a492e,00-00001178,Вилка AG W23001 3/4 20,,9b060c03-71d9-11e7-85a2-d43d7eec442d,false,false
Номенклатура — current,raw.r1c_nomenclature_current,2554ea38-3290-11ed-9c43-cb6d75bb653b,00-00007152,Вилка AG W2500 1 3/8 21,,9b060c03-71d9-11e7-85a2-d43d7eec442d,false,false
Номенклатура — current,raw.r1c_nomenclature_current,0be249a6-1764-11eb-2d86-fa163e0d31f7,БП-00003171,Вилка AG W2600 8х32х38,,9b060c03-71d9-11e7-85a2-d43d7eec442d,false,false
Номенклатура — current,raw.r1c_nomenclature_current,e29ec664-0012-11ec-9c3a-00505689ff45,АК-00003954,Вилка AG WWE2580 8*32*38,,9b060c03-71d9-11e7-85a2-d43d7eec442d,false,false
Номенклатура — current,raw.r1c_nomenclature_current,8f552f5c-0012-11ec-9c3a-00505689ff45,АК-00003953,Вилка RG S4 WWE2580,,9b060c03-71d9-11e7-85a2-d43d7eec442d,false,false
Номенклатура — current,raw.r1c_nomenclature_current,b5e05660-1763-11eb-2d86-fa163e0d31f7,БП-00003169,Вилка RG S5 W2600,,9b060c03-71d9-11e7-85a2-d43d7eec442d,false,false
Номенклатура — current,raw.r1c_nomenclature_current,7a550a17-e067-11ee-9c4c-005056893620,00-00010273,Вилка МТЗ ВЗТЗЧ 1321-2707050-Б1,,9b060c03-71d9-11e7-85a2-d43d7eec442d,false,false
Номенклатура — current,raw.r1c_nomenclature_current,2db5c03e-6a41-11e9-af6b-30f7727a492e,00-00001549,"Вилка МТЗ,МАЗ-4370, отводки (А)",,9b060c03-71d9-11e7-85a2-d43d7eec442d,false,false
Номенклатура — current,raw.r1c_nomenclature_current,56bc6ed0-8483-11ef-9c5d-00505689ff45,00-00011211,Вилка бел. с/з ,,9b060c03-71d9-11e7-85a2-d43d7eec442d,false,false
Номенклатура — current,raw.r1c_nomenclature_current,b52a21f9-b0d6-11ec-9c42-00505689c8d9,00-00006409,Вилка бел. с/з Makel,,9b060c03-71d9-11e7-85a2-d43d7eec442d,false,false
Номенклатура — current,raw.r1c_nomenclature_current,a870676b-57a0-11ea-9525-30f7727a492e,00-00002494,Вилка белая,,9b060c03-71d9-11e7-85a2-d43d7eec442d,false,false
Номенклатура — current,raw.r1c_nomenclature_current,a87ef347-0016-11ec-9c3a-00505689ff45,АК-00003955,Вилка двойная  WWE2580 ,,9b060c03-71d9-11e7-85a2-d43d7eec442d,false,false
Номенклатура — current,raw.r1c_nomenclature_current,74029d08-0772-11ea-951f-30f7727a492e,00-00002194,Вилка кабельная  16А 3Р+Е +N 380V ИЭК ,,7b923ee5-3d8a-11f1-b821-005056bde474,false,false
Номенклатура — current,raw.r1c_nomenclature_current,97bc441d-f62c-11e9-9519-30f7727a492e,00-00002120,Вилка кабельная 16А 3Р+Е+N 380V ИЭК,,7b923ee5-3d8a-11f1-b821-005056bde474,false,false
Номенклатура — current,raw.r1c_nomenclature_current,9e86551e-629a-11ea-9525-30f7727a492e,00-00002508,Вилка кабельная ССИ-015 16А 3Р+РЕ+N IP54 ИЭК,,7b923ee5-3d8a-11f1-b821-005056bde474,false,false
Номенклатура — current,raw.r1c_nomenclature_current,db0aa7e4-0177-11ea-951c-30f7727a492e,00-00002145,Вилка каучковая,,7b923ee5-3d8a-11f1-b821-005056bde474,false,false
Номенклатура — current,raw.r1c_nomenclature_current,a8706757-57a0-11ea-9525-30f7727a492e,00-00002476,Вилка каучковая прямая,,7b923ee5-3d8a-11f1-b821-005056bde474,false,false
Номенклатура — current,raw.r1c_nomenclature_current,a8706758-57a0-11ea-9525-30f7727a492e,00-00002477,Вилка каучковая угловая,,7b923ee5-3d8a-11f1-b821-005056bde474,false,false
Номенклатура — current,raw.r1c_nomenclature_current,b5b2fc4c-5a0c-11ef-9c59-00505689ff45,00-00010818,"Вилка каучук с боковым вводом ВБу3-1-0м ""ОМЕГА"" IP44 (упак 30шт.)",,7b923ee5-3d8a-11f1-b821-005056bde474,false,false
Номенклатура — current,raw.r1c_nomenclature_current,a2222954-01ac-11ec-9c3a-00505689ff45,АК-00004079,Вилка мобильная EKF ,,f0e4c260-a130-11e8-af4c-30f7727a492e,false,false
Номенклатура — current,raw.r1c_nomenclature_current,7a05c5bc-2b18-11f0-b80e-005056bde474,00-00012151,Вилка на внутренний профиль (треугольник),,45c9e202-0a37-11f0-b80e-005056bde474,false,false
Номенклатура — current,raw.r1c_nomenclature_current,56e16a50-a01b-11eb-c683-fa163e0d31f7,БП-00003864,Вилка однофазная,,7b923ee5-3d8a-11f1-b821-005056bde474,false,false
Номенклатура — current,raw.r1c_nomenclature_current,82c30665-a085-11f0-b81d-005056bde474,00-00012827,Вилка перен. 3Р+РЕ+N 16А 380В IP67,,193544c0-7290-11f0-b814-005056bde474,false,false
Номенклатура — current,raw.r1c_nomenclature_current,ed235b62-a083-11f0-b81d-005056bde474,00-00012817,Вилка переносная 0252 3Р+РЕ+N 32А 380В IP67,,193544c0-7290-11f0-b814-005056bde474,false,false
Номенклатура — current,raw.r1c_nomenclature_current,fee61491-a083-11f0-b81d-005056bde474,00-00012818,Вилка переносная 035 3Р+РЕ+N 63А 380В IP67,,193544c0-7290-11f0-b814-005056bde474,false,false
Номенклатура — current,raw.r1c_nomenclature_current,ed7d21d2-e546-11ee-9c4c-005056893620,00-00010325,Вилка переносная 16А 220В 1Р+РЕ+N IP44 ,,7b923ee5-3d8a-11f1-b821-005056bde474,false,false
Номенклатура — current,raw.r1c_nomenclature_current,ce461329-22c1-11ed-9c43-cb6d75bb653b,00-00006999,Вилка переносная 32А 220В IP44 023-6,,7b923ee5-3d8a-11f1-b821-005056bde474,false,false
Номенклатура — current,raw.r1c_nomenclature_current,7ef3078c-52c1-11f1-b821-005056bde474,00-00014398,Вилка переносная 3Р+РЕ+N 16А 380В IP44,,193544c0-7290-11f0-b814-005056bde474,false,false
Номенклатура — current,raw.r1c_nomenclature_current,8a4b140c-1165-11f1-b81f-005056bde474,00-00013813,Вилка переносная 3р+N+PE  16А 380В IP44 PCE 015-6,,7b923ee5-3d8a-11f1-b821-005056bde474,false,false
Номенклатура — current,raw.r1c_nomenclature_current,99e4da24-1165-11f1-b81f-005056bde474,00-00013814,Вилка переносная 3р+N+PE  32А 380В IP44 PCE 025-6,,7b923ee5-3d8a-11f1-b821-005056bde474,false,false
Номенклатура — current,raw.r1c_nomenclature_current,ded282ae-41c1-11ee-9c4e-00505689ff45,00-00009236,Вилка переносная ССИ-015 16А 200/346-240/415В+3Р+РЕ+N IP44 ,,7b923ee5-3d8a-11f1-b821-005056bde474,false,false
Номенклатура — current,raw.r1c_nomenclature_current,ebf9ce13-22c3-11ed-9c43-cb6d75bb653b,00-00007001,Вилка переносная ССИ-015 16А 220В IP44 ,,7b923ee5-3d8a-11f1-b821-005056bde474,false,false
Номенклатура — current,raw.r1c_nomenclature_current,b66aa797-a087-11f0-b81d-005056bde474,00-00012833,Вилка переносная ССИ-015 16А 3Р+РЕ+N 380В IP44,,193544c0-7290-11f0-b814-005056bde474,false,false
Номенклатура — current,raw.r1c_nomenclature_current,db0aa7d9-0177-11ea-951c-30f7727a492e,00-00002142,Вилка прицепной скобы К-700 (700.46.30.015-2),,9b060c03-71d9-11e7-85a2-d43d7eec442d,false,false
Номенклатура — current,raw.r1c_nomenclature_current,8225335d-1d78-11ea-9522-30f7727a492e,00-00002267,Вилка прямая белая с з/к,,9b060c03-71d9-11e7-85a2-d43d7eec442d,false,false
Номенклатура — current,raw.r1c_nomenclature_current,f248843f-a540-11f1-b824-005056bde474,00-00014730,"Вилка прямая влагозащищенная, с/з, 16 А, IP44 каучук 111-001",,89da002d-7290-11f0-b814-005056bde474,false,false
Номенклатура — current,raw.r1c_nomenclature_current,7d3f8364-03c0-11ee-9c4e-00505689ff45,00-00008110,Вилка с боковым вводом ОМЕГА IP44,,7b923ee5-3d8a-11f1-b821-005056bde474,false,false
Номенклатура — current,raw.r1c_nomenclature_current,3c4a5988-2d03-11f1-b81f-005056bde474,00-00013937,Вилка силовая 3Р+РЕ+N 16А 380В IP44 67515,,193544c0-7290-11f0-b814-005056bde474,false,false
Номенклатура — current,raw.r1c_nomenclature_current,0f10b286-e65e-11e7-a3fa-94de80168a80,00-00000580,Вилка силовая переносная 16 А,,7b923ee5-3d8a-11f1-b821-005056bde474,false,false
Номенклатура — current,raw.r1c_nomenclature_current,be821601-01f7-11ea-951c-30f7727a492e,00-00002159,Вилка силовая переносная 16А 3Р ИЭК,,7b923ee5-3d8a-11f1-b821-005056bde474,false,false
Номенклатура — current,raw.r1c_nomenclature_current,c3cc1d03-8f21-11ec-9c42-00505689c8d9,00-00006153,Вилка силовая переносная 16А IP44 3р+з+п 015-6,,7b923ee5-3d8a-11f1-b821-005056bde474,false,false
Номенклатура — current,raw.r1c_nomenclature_current,bdef2c1e-d03b-11eb-5d99-fa163e0d31f7,БП-00004239,Вилка силовая переносная 3Р 16А ИЭК,,7b923ee5-3d8a-11f1-b821-005056bde474,false,false
Номенклатура — current,raw.r1c_nomenclature_current,198f01ac-e14f-11ea-8696-fa163ee5d2f9,БП-00002928,Вилка силовая переносная 3Р+РЕ+Н 16А ИЭК,,7b923ee5-3d8a-11f1-b821-005056bde474,false,false
Номенклатура — current,raw.r1c_nomenclature_current,d87bd7de-a69f-11ec-9c42-00505689c8d9,00-00006383,"Вилка скребок ""Скрейпер"" широкая",,65439ec8-d96f-11eb-6c92-fa163e0d31f7,false,false
Номенклатура — current,raw.r1c_nomenclature_current,72d01183-01b2-11ec-9c3a-00505689ff45,АК-00004107,Вилка стационарная  5/16А ССИ-515,,f0e4c260-a130-11e8-af4c-30f7727a492e,false,false
Номенклатура — current,raw.r1c_nomenclature_current,faaecd78-a07e-11f0-b81d-005056bde474,00-00012809,Вилка стационарная 515 3Р+РЕ+N 16А 380В IP44,,193544c0-7290-11f0-b814-005056bde474,false,false
Номенклатура — current,raw.r1c_nomenclature_current,d1564555-22c5-11ed-9c43-cb6d75bb653b,00-00007005,Вилка стационарная ССИ-515 16А 3Р+РЕ+N 380В IP44 ИЭК,,7b923ee5-3d8a-11f1-b821-005056bde474,false,false
Номенклатура — current,raw.r1c_nomenclature_current,15c7c015-22c6-11ed-9c43-cb6d75bb653b,00-00007006,Вилка стационарная ССИ-525 32А 3Р+РЕ+N 415В IP44 ИЭК,,7b923ee5-3d8a-11f1-b821-005056bde474,false,false
Номенклатура — current,raw.r1c_nomenclature_current,b32b61a8-807a-11ea-9528-30f7727a492e,00-00002564,Вилка сцепления,,9b060c03-71d9-11e7-85a2-d43d7eec442d,false,false
Номенклатура — current,raw.r1c_nomenclature_current,89f8b8c0-8b04-11eb-4b87-fa163e0d31f7,БП-00003787,Вилка сцепления МТЗ-1221 отводки РУП МТЗ,,9b060c03-71d9-11e7-85a2-d43d7eec442d,false,false
Номенклатура — current,raw.r1c_nomenclature_current,79a38104-c607-11e8-af51-30f7727a492e,00-00001215,Вилка угловая с/э,,7b923ee5-3d8a-11f1-b821-005056bde474,false,false
Номенклатура — current,raw.r1c_nomenclature_current,0fb4c054-83b4-11ee-9c4a-005056893620,00-00009771,Вилка эл.каб. ИЭК ССИ-024 32А 380В IP44,,7b923ee5-3d8a-11f1-b821-005056bde474,false,false
Номенклатура — current,raw.r1c_nomenclature_current,796038ff-8381-11ee-9c4a-005056893620,00-00009768,Вилка эл.каб.ИЭК ССИ-015 16А 380В IP44 ,,7b923ee5-3d8a-11f1-b821-005056bde474,false,false
Номенклатура — current,raw.r1c_nomenclature_current,2c36ce8a-e66d-11ed-9c4e-00505689ff45,00-00007840,Вилка электрическая наружная уст.16А 3Р+РЕ+N 380B IP44CCИ 515,,7b923ee5-3d8a-11f1-b821-005056bde474,false,false
Номенклатура — current,raw.r1c_nomenclature_current,95a9269d-6b59-11ed-9c4d-00505689c8d9,00-00007435,Вилка электрическая с боковым вводом с заземл. IP44 ВБу3-1-0 каучук ИЭК,,7b923ee5-3d8a-11f1-b821-005056bde474,false,false
Номенклатура — current,raw.r1c_nomenclature_current,b9af1af6-0e68-11ee-9c4e-00505689ff45,00-00008150,Вилка-розетка ПС 300 МТЗ оригинал,,9b060c03-71d9-11e7-85a2-d43d7eec442d,false,false
Номенклатура — current,raw.r1c_nomenclature_current,b68e30eb-f9d1-11e7-a402-94de80168a80,00-00000653,Вилы,,f0e4c260-a130-11e8-af4c-30f7727a492e,false,false
Номенклатура — current,raw.r1c_nomenclature_current,c6b6c431-f524-11eb-9c3a-00505689ff45,АК-00003440,Виннер Инсектицид,,668204c4-5324-11f0-b811-005056bde474,false,false
Номенклатура — current,raw.r1c_nomenclature_current,14880d7c-e5c0-11ec-9c42-00505689c8d9,00-00006632,Винт 6-гр м8х25,,9b060c03-71d9-11e7-85a2-d43d7eec442d,false,false
Номенклатура — current,raw.r1c_nomenclature_current,d124ed22-a2f4-11ed-9c4c-00505689ff45,00-00007608,Винт 700 46.28.053,,9b060c03-71d9-11e7-85a2-d43d7eec442d,false,false
Номенклатура — current,raw.r1c_nomenclature_current,61a05a01-6502-11ef-9c5c-00505689ff45,00-00010944,Винт DIN  603 М 16*60,,9b060c03-71d9-11e7-85a2-d43d7eec442d,false,false
Номенклатура — current,raw.r1c_nomenclature_current,e18bcdf3-556a-11ef-9c59-00505689ff45,00-00010768,Винт DIN  7985,,9b060c03-71d9-11e7-85a2-d43d7eec442d,false,false
Номенклатура — current,raw.r1c_nomenclature_current,3cde13c2-6502-11ef-9c5c-00505689ff45,00-00010943,Винт DIN  7991 М 6*20,,9b060c03-71d9-11e7-85a2-d43d7eec442d,false,false
Номенклатура — current,raw.r1c_nomenclature_current,b2f22d16-9643-11e9-af73-30f7727a492e,00-00001730,Винт ВОМ,,9b060c03-71d9-11e7-85a2-d43d7eec442d,false,false
Номенклатура — current,raw.r1c_nomenclature_current,3ad565f0-d1d8-11f0-b81e-005056bde474,00-00013034,Винт М 6*8,,9b060c03-71d9-11e7-85a2-d43d7eec442d,false,false
Номенклатура — current,raw.r1c_nomenclature_current,10d246a4-4521-11e8-af37-30f7727a492e,00-00000790,Винт МТЗ тяги верхней с пальцем РЗТЗ,,9b060c03-71d9-11e7-85a2-d43d7eec442d,false,false
Номенклатура — current,raw.r1c_nomenclature_current,dd83d56a-5f47-11e9-af6b-30f7727a492e,00-00001493,"Винт МТЗ-80,82 установленный РУП МТЗ",,9b060c03-71d9-11e7-85a2-d43d7eec442d,false,false
Номенклатура — current,raw.r1c_nomenclature_current,cbf9912a-72cd-11e8-af41-30f7727a492e,00-00000925,Винт барабана тормоз ГАЗ-3302,,9b060c03-71d9-11e7-85a2-d43d7eec442d,false,false
Номенклатура — current,raw.r1c_nomenclature_current,97bc4438-f62c-11e9-9519-30f7727a492e,00-00002132,Винт верхний М30х3 правая резьба,,9b060c03-71d9-11e7-85a2-d43d7eec442d,false,false
Номенклатура — current,raw.r1c_nomenclature_current,ceda67f5-5f7f-11ef-9c5c-00505689ff45,00-00010903,Винт внутренний М10*40,,9b060c03-71d9-11e7-85a2-d43d7eec442d,false,false
Номенклатура — current,raw.r1c_nomenclature_current,351ddd50-565f-11eb-1f84-fa163e0d31f7,БП-00003596,Винт полукруглый 6*25,,9b060c03-71d9-11e7-85a2-d43d7eec442d,false,false
Номенклатура — current,raw.r1c_nomenclature_current,30351ba9-2ae5-11ec-b9a9-00505689914b,АК-00005444,Винт потай М10х40 мм под внутренний шестигранник оцинкованный,,9b060c03-71d9-11e7-85a2-d43d7eec442d,false,false
Номенклатура — current,raw.r1c_nomenclature_current,53b8a6d8-f34d-11ee-9c4c-005056893620,00-00010372,Винт потай М5х16,,9b060c03-71d9-11e7-85a2-d43d7eec442d,false,false
Номенклатура — current,raw.r1c_nomenclature_current,ec27f9a6-34d7-11ed-9c43-cb6d75bb653b,00-00007175,Винт с потайной головкой М 10х25 DIN604,,9b060c03-71d9-11e7-85a2-d43d7eec442d,false,false
Номенклатура — current,raw.r1c_nomenclature_current,afa5a4a0-42af-11ef-9c59-00505689ff45,00-00010699,Винт с потайной головкой М10Х25 DIN604,,9b060c03-71d9-11e7-85a2-d43d7eec442d,false,false
Номенклатура — current,raw.r1c_nomenclature_current,48041d76-8576-11ef-9c5d-00505689ff45,00-00011282,"Винт с цилиндрической головкой ,цинк М8*25",,9b060c03-71d9-11e7-85a2-d43d7eec442d,false,false
Номенклатура — current,raw.r1c_nomenclature_current,01b015ff-a2f5-11ed-9c4c-00505689ff45,00-00007609,Винт стяжной 700 46.28.023-1,,9b060c03-71d9-11e7-85a2-d43d7eec442d,false,false
Номенклатура — current,raw.r1c_nomenclature_current,986b9f59-cd10-11ec-9c42-00505689c8d9,00-00006504,Винт стяжной 700А.46.28.053,,9b060c03-71d9-11e7-85a2-d43d7eec442d,false,false
Номенклатура — current,raw.r1c_nomenclature_current,8ab8c108-f8b4-11ee-9c4c-005056893620,00-00010412,Винт элеватора.,,9b060c03-71d9-11e7-85a2-d43d7eec442d,false,false
Номенклатура — current,raw.r1c_nomenclature_current,7aeb9304-f7d0-11f0-b81e-005056bde474,00-00013617,Винтовой элеватор,,de1714af-8a12-11e7-af1d-30f7727a492e,false,false
Номенклатура — current,raw.r1c_nomenclature_current,c6b6c432-f524-11eb-9c3a-00505689ff45,АК-00003441,Винцент Инсектицид,,668204c4-5324-11f0-b811-005056bde474,false,false
Номенклатура — current,raw.r1c_nomenclature_current,c6b6c433-f524-11eb-9c3a-00505689ff45,АК-00003442,Винцит Инсектицид,,668204c4-5324-11f0-b811-005056bde474,false,false
Номенклатура — current,raw.r1c_nomenclature_current,ccb62a92-f524-11eb-9c3a-00505689ff45,АК-00003443,Винцит Форте Инсектицид,,668204c4-5324-11f0-b811-005056bde474,false,false
Номенклатура — current,raw.r1c_nomenclature_current,ccb62a93-f524-11eb-9c3a-00505689ff45,АК-00003444,Винцит Экстра Инсектицид,,668204c4-5324-11f0-b811-005056bde474,false,false
Номенклатура — current,raw.r1c_nomenclature_current,ccb62a94-f524-11eb-9c3a-00505689ff45,АК-00003445,Виртуоз Инсектицид,,2eaeac4d-5322-11f0-b811-005056bde474,false,false
Номенклатура — current,raw.r1c_nomenclature_current,0a8e912c-ff7d-11ed-9c4e-00505689ff45,00-00008066,Вискомуфта 836864264,,9b060c03-71d9-11e7-85a2-d43d7eec442d,false,false
Номенклатура — current,raw.r1c_nomenclature_current,ccb62a95-f524-11eb-9c3a-00505689ff45,АК-00003446,Вист Инсектицид,,2eaeac4d-5322-11f0-b811-005056bde474,false,false
Номенклатура — current,raw.r1c_nomenclature_current,e1208e64-4687-11eb-3293-fa163e0d31f7,БП-00003497,"Вист дымовая шашка 0,4 кг",,2eaeac4d-5322-11f0-b811-005056bde474,false,false
Номенклатура — current,raw.r1c_nomenclature_current,38693b14-1ab2-11eb-c693-fa163e0d31f7,БП-00003181,Вист дымовая шашка 5гр,,2eaeac4d-5322-11f0-b811-005056bde474,false,false
Номенклатура — current,raw.r1c_nomenclature_current,ccb62a96-f524-11eb-9c3a-00505689ff45,АК-00003447,Витавакс 200ФФ Инсектицид,,668204c4-5324-11f0-b811-005056bde474,false,false
Номенклатура — current,raw.r1c_nomenclature_current,ccb62a97-f524-11eb-9c3a-00505689ff45,АК-00003448,Виталон Инсектицид,,668204c4-5324-11f0-b811-005056bde474,false,false
Номенклатура — current,raw.r1c_nomenclature_current,ccb62a98-f524-11eb-9c3a-00505689ff45,АК-00003449,Витаплан Инсектицид,,2eaeac4d-5322-11f0-b811-005056bde474,false,false
Номенклатура — current,raw.r1c_nomenclature_current,ccb62a99-f524-11eb-9c3a-00505689ff45,АК-00003450,Витарос Инсектицид,,668204c4-5324-11f0-b811-005056bde474,false,false
Номенклатура — current,raw.r1c_nomenclature_current,ccb62a9a-f524-11eb-9c3a-00505689ff45,АК-00003451,Витасил Инсектицид,,668204c4-5324-11f0-b811-005056bde474,false,false
Номенклатура — current,raw.r1c_nomenclature_current,ccb62a9b-f524-11eb-9c3a-00505689ff45,АК-00003452,Витацит Инсектицид,,668204c4-5324-11f0-b811-005056bde474,false,false
Номенклатура — current,raw.r1c_nomenclature_current,e24e70eb-18e7-11ef-9c4f-005056893620,00-00010585,Вихревая воздуходувка EVL 117/22 3 ф.,,9b060c03-71d9-11e7-85a2-d43d7eec442d,false,false
Номенклатура — current,raw.r1c_nomenclature_current,d2aed079-038c-11ea-951d-30f7727a492e,00-00002186,Вкладыш сперфорацией ,,9088ee8b-75dc-11e7-af18-30f7727a492e,false,false
Номенклатура — current,raw.r1c_nomenclature_current,0998ca2a-c7ab-11e7-a3eb-94de80168a80,00-00000437,Вкладыш шатунный  МТЗ,,9b060c03-71d9-11e7-85a2-d43d7eec442d,false,false
Номенклатура — current,raw.r1c_nomenclature_current,2dea293e-d80b-11eb-d199-fa163e0d31f7,БП-00004324,Вкладыши Д-245 ЗИЛ-5301 коренные Д245-1005100-ЕН1,,9b060c03-71d9-11e7-85a2-d43d7eec442d,false,false
Номенклатура — current,raw.r1c_nomenclature_current,fb20f982-156b-11e9-af61-30f7727a492e,00-00001431,Вкладыши Д-245 ЗИЛ-5301 коренные Н1 ЗМЗ-ДАЙДО,,9b060c03-71d9-11e7-85a2-d43d7eec442d,false,false
Номенклатура — current,raw.r1c_nomenclature_current,fb20f983-156b-11e9-af61-30f7727a492e,00-00001432,Вкладыши Д-245 ЗИЛ-5301 шатунные Н1 ЗМЗ-ДАЙДО,,9b060c03-71d9-11e7-85a2-d43d7eec442d,false,false
Номенклатура — current,raw.r1c_nomenclature_current,efe0eed0-6498-11e8-af3d-30f7727a492e,00-00000861,Вкладыши Д-260 коренные Н1 ЗМЗ-ДАЙДО,,9b060c03-71d9-11e7-85a2-d43d7eec442d,false,false
Номенклатура — current,raw.r1c_nomenclature_current,efe0eed1-6498-11e8-af3d-30f7727a492e,00-00000862,Вкладыши Д-260 шатунные Н1 ЗМЗ-ДАЙДО,,9b060c03-71d9-11e7-85a2-d43d7eec442d,false,false
Номенклатура — current,raw.r1c_nomenclature_current,ba374ce8-755f-11e9-af6d-30f7727a492e,00-00001596,"Вкладыши МТЗ,Д-50 коренные Н1 ДАЙДО МЕТАЛЛ РУСЬ",,9b060c03-71d9-11e7-85a2-d43d7eec442d,false,false
Номенклатура — current,raw.r1c_nomenclature_current,87b9cb48-6c97-11eb-b79a-fa163e0d31f7,БП-00003731,Вкладыши коренные FORD D2FE.F3FA HJBA.SRFA.JXFA.H9FD 2.0/2.4L,,9b060c03-71d9-11e7-85a2-d43d7eec442d,false,false
Номенклатура — current,raw.r1c_nomenclature_current,cf4f658a-6c97-11eb-b79a-fa163e0d31f7,БП-00003732,"Вкладыши шатунные FORD,ABF A/D3FA/D6BA",,9b060c03-71d9-11e7-85a2-d43d7eec442d,false,false
Номенклатура — current,raw.r1c_nomenclature_current,39dafe8e-1525-11eb-aa97-fa163e0d31f7,БП-00003149,Влагомер сена и силоса Wile 26,,683c72a5-0a38-11f0-b80e-005056bde474,false,false
Номенклатура — current,raw.r1c_nomenclature_current,e1cb3b28-42b6-11ef-9c59-00505689ff45,00-00010722,Внешний ремень 50/35,,9b060c03-71d9-11e7-85a2-d43d7eec442d,false,false
Номенклатура — current,raw.r1c_nomenclature_current,1988fe8e-76b3-11eb-d395-fa163e0d31f7,БП-00003749,Внешний смотчик СБЗет СМТ-01,,917ab634-0a38-11f0-b80e-005056bde474,false,false
Номенклатура — current,raw.r1c_nomenclature_current,dd3f2158-3d8c-11f1-b821-005056bde474,00-00014082,Вода,,9088ee9f-75dc-11e7-af18-30f7727a492e,true,false
Номенклатура — current,raw.r1c_nomenclature_current,6a62949d-e971-11e8-af5a-30f7727a492e,00-00001355,Вода дистилированная ,,dd3f2158-3d8c-11f1-b821-005056bde474,false,false
Номенклатура — current,raw.r1c_nomenclature_current,7a24d7ea-3acc-11eb-dc8d-fa163e0d31f7,БП-00003413,Вода дистилированная 19л. GL-104 ,,f0e4c260-a130-11e8-af4c-30f7727a492e,false,false
Номенклатура — current,raw.r1c_nomenclature_current,2169b45f-efc1-11f0-b81e-005056bde474,00-00013389,Вода дистилированная 5л.,,dd3f2158-3d8c-11f1-b821-005056bde474,false,false
Номенклатура — current,raw.r1c_nomenclature_current,dd404cfe-8498-11ef-9c5d-00505689ff45,00-00011221,"Вода минеральная Легенда Гор Архыз 0,5л газ",,f0e4c260-a130-11e8-af4c-30f7727a492e,false,false
Номенклатура — current,raw.r1c_nomenclature_current,9b060c6a-71d9-11e7-85a2-d43d7eec442d,00000040   ,Вода питьевая 19 л,,f0e4c260-a130-11e8-af4c-30f7727a492e,false,false
Номенклатура — current,raw.r1c_nomenclature_current,1c6eea34-33ef-11eb-0e8a-fa163e0d31f7,БП-00003313,"Водонагреватель ""Термекс""",,9be0daf4-2e34-11eb-288c-fa163e0d31f7,false,false
Номенклатура — current,raw.r1c_nomenclature_current,76995936-bd92-11eb-bd8e-fa163e0d31f7,БП-00003983,"Водонагреватель накопительный ""Термекс"" 100 литров",,e6b715af-0a38-11f0-b80e-005056bde474,false,false
Номенклатура — current,raw.r1c_nomenclature_current,a5db5db0-b503-11f0-b81e-005056bde474,00-00012937,"Водонепроницаемый цилиндрический разъем, 3 контакта, М8х1",,89da002d-7290-11f0-b814-005056bde474,false,false
Номенклатура — current,raw.r1c_nomenclature_current,61d9c7ed-1fba-11ec-9c3a-00505689ff45,АК-00005273,Водосгон ,,9088eead-75dc-11e7-af18-30f7727a492e,false,false
Номенклатура — current,raw.r1c_nomenclature_current,6890a25a-a0d0-11ee-9c4c-005056893620,00-00009957,Водосгон 40см,,9088eead-75dc-11e7-af18-30f7727a492e,false,false
Номенклатура — current,raw.r1c_nomenclature_current,85d9eccd-a0d0-11ee-9c4c-005056893620,00-00009958,Водосгон 50см,,9088eead-75dc-11e7-af18-30f7727a492e,false,false
Номенклатура — current,raw.r1c_nomenclature_current,28782bce-a0d1-11ee-9c4c-005056893620,00-00009959,Водосгон 550 мм б/черенка,,9088eead-75dc-11e7-af18-30f7727a492e,false,false
Номенклатура — current,raw.r1c_nomenclature_current,925c913d-f70a-11f0-b81e-005056bde474,00-00013553,Водосгон для пола,,917ab634-0a38-11f0-b80e-005056bde474,false,false
Номенклатура — current,raw.r1c_nomenclature_current,ac2e782e-ea6f-11eb-da8a-fa163e0d31f7,БП-00004571,Водосгон для пола Klintek JALI 50 см,,9088eead-75dc-11e7-af18-30f7727a492e,false,false
Номенклатура — current,raw.r1c_nomenclature_current,f96f34dd-395d-11f1-b81f-005056bde474,00-00014038,Водосгон для пола_,,917ab634-0a38-11f0-b80e-005056bde474,false,false
Номенклатура — current,raw.r1c_nomenclature_current,556a0cfe-af52-11eb-3192-fa163e0d31f7,БП-00003940,Водосгон для стекол ,,9088eead-75dc-11e7-af18-30f7727a492e,false,false
Номенклатура — current,raw.r1c_nomenclature_current,199c723a-29a7-11f0-b80e-005056bde474,00-00012086,Водоумягчитель LT12 DVA,,9b060c02-71d9-11e7-85a2-d43d7eec442d,false,false
Номенклатура — current,raw.r1c_nomenclature_current,81370ae1-abc4-11ef-9c5e-00505689ff45,00-00011404,Воздуховод гибкий алюминиевый гофрированный,,9b060c2a-71d9-11e7-85a2-d43d7eec442d,false,false
Номенклатура — current,raw.r1c_nomenclature_current,55cdeaa4-ed14-11ea-a29d-fa163ee5d2f9,БП-00003000,Воздуховод напорный для напольного хранения овощей В01/15,,de1714af-8a12-11e7-af1d-30f7727a492e,false,false
Номенклатура — current,raw.r1c_nomenclature_current,9d7b707e-ed14-11ea-a29d-fa163ee5d2f9,БП-00003001,Воздуховод напорный для напольного хранения овощей В02/15,,de1714af-8a12-11e7-af1d-30f7727a492e,false,false
Номенклатура — current,raw.r1c_nomenclature_current,bd3050f6-ed14-11ea-a29d-fa163ee5d2f9,БП-00003002,Воздуховод напорный для напольного хранения овощей В03/15,,de1714af-8a12-11e7-af1d-30f7727a492e,false,false
Номенклатура — current,raw.r1c_nomenclature_current,de1714b0-8a12-11e7-af1d-30f7727a492e,00-00000292,Воздуховод напорный для напольного хранения овощей ВО4/15,,de1714af-8a12-11e7-af1d-30f7727a492e,false,false
Номенклатура — current,raw.r1c_nomenclature_current,de1714b1-8a12-11e7-af1d-30f7727a492e,00-00000293,Воздуховод напорный для напольного хранения овощей ВО5/15,,de1714af-8a12-11e7-af1d-30f7727a492e,false,false
Номенклатура — current,raw.r1c_nomenclature_current,de1714b2-8a12-11e7-af1d-30f7727a492e,00-00000294,Воздуховод напорный для напольного хранения овощей ВО6/15,,de1714af-8a12-11e7-af1d-30f7727a492e,false,false
Номенклатура — current,raw.r1c_nomenclature_current,de1714b3-8a12-11e7-af1d-30f7727a492e,00-00000295,Воздуховод напорный для напольного хранения овощей ВО7/15,,de1714af-8a12-11e7-af1d-30f7727a492e,false,false
Номенклатура — current,raw.r1c_nomenclature_current,de1714b4-8a12-11e7-af1d-30f7727a492e,00-00000296,Воздуховод напорный для напольного хранения овощей ВО8/15,,de1714af-8a12-11e7-af1d-30f7727a492e,false,false
Номенклатура — current,raw.r1c_nomenclature_current,5b771b7d-ffda-11ef-b80e-005056bde474,00-00011753,Воздуходувка аккумуляторная Champion 18В 4Ач +АКБ,,9088eeaf-75dc-11e7-af18-30f7727a492e,false,false
Номенклатура — current,raw.r1c_nomenclature_current,34ba41b0-8506-11f1-b824-005056bde474,00-00014642,Воздуходувка для компьютера UNC воздуходувка аккумуляторная мощная ,,ce412305-0a38-11f0-b80e-005056bde474,false,false
Номенклатура — current,raw.r1c_nomenclature_current,ea5f43c3-17bf-11f1-b81f-005056bde474,00-00013845,"Воздуходувка садовая аккумуляторная DEKO DKBL20, 20В, 2x4.0Ач 063-4313",,f990038e-0a38-11f0-b80e-005056bde474,false,false
Номенклатура — current,raw.r1c_nomenclature_current,67b97c75-4f8c-11ed-9c43-cb6d75bb653b,00-00007308,Воздухоохладитель DD-19/0/453A 380V,,de1714af-8a12-11e7-af1d-30f7727a492e,false,false
Номенклатура — current,raw.r1c_nomenclature_current,bcc1e4f0-07d0-11eb-1097-fa163ee5d2f9,БП-00003100,Воздухоохладитель СТЕ 502 Е6 ЕD,,de1714af-8a12-11e7-af1d-30f7727a492e,false,false
Номенклатура — current,raw.r1c_nomenclature_current,d0edeea6-07d0-11eb-1097-fa163ee5d2f9,БП-00003101,Воздухоохладитель СТЕ 502 Е8 ЕD,,de1714af-8a12-11e7-af1d-30f7727a492e,false,false
Номенклатура — current,raw.r1c_nomenclature_current,5f5924d6-18ea-11ef-9c4f-005056893620,00-00010586,Воздушный нож E-flow 600 SS,,9b060c03-71d9-11e7-85a2-d43d7eec442d,false,false
Номенклатура — current,raw.r1c_nomenclature_current,4cf5709d-0c2c-11f1-b81f-005056bde474,00-00013757,Воздушный фильтр AL225552AN (ST86085),,45c9e202-0a37-11f0-b80e-005056bde474,false,false
Номенклатура — current,raw.r1c_nomenclature_current,ff2c1480-0c2b-11f1-b81f-005056bde474,00-00013755,Воздушный фильтр JOHN DEERE к-т (оригинал) AL215053+AL215054,,45c9e202-0a37-11f0-b80e-005056bde474,false,false
Номенклатура — current,raw.r1c_nomenclature_current,ccb62a9c-f524-11eb-9c3a-00505689ff45,АК-00003453,Волиам Флекси Инсектицид,,f9d67774-531d-11f0-b811-005056bde474,false,false
Номенклатура — current,raw.r1c_nomenclature_current,6d9fb82e-4386-11eb-b594-fa163e0d31f7,БП-00003437,Волокно конопли,,9088eead-75dc-11e7-af18-30f7727a492e,false,false
Номенклатура — current,raw.r1c_nomenclature_current,6851d85b-b28d-11e9-af76-30f7727a492e,00-00001785,Воронка (Шоколад),,9b060c03-71d9-11e7-85a2-d43d7eec442d,false,false
Номенклатура — current,raw.r1c_nomenclature_current,61a0b8f2-2c41-11f1-b81f-005056bde474,00-00013910,"Воронка 250мм, полипропилен",,a9175198-7293-11f0-b814-005056bde474,false,false
Номенклатура — current,raw.r1c_nomenclature_current,6b4d04fd-9160-11ec-9c42-00505689c8d9,00-00006172,Воронка желоба торцевая универсальная с уплотнителем,,9b060c03-71d9-11e7-85a2-d43d7eec442d,false,false
Номенклатура — current,raw.r1c_nomenclature_current,372d39d4-9160-11ec-9c42-00505689c8d9,00-00006171,Воронка желоба центр 80 с уплотнителем,,9b060c03-71d9-11e7-85a2-d43d7eec442d,false,false
Номенклатура — current,raw.r1c_nomenclature_current,3c34a366-bfdd-11eb-c69d-fa163e0d31f7,БП-00004080,Воронка заливная с гибким носиком ,,9b060c03-71d9-11e7-85a2-d43d7eec442d,false,false
Номенклатура — current,raw.r1c_nomenclature_current,fec94675-63dd-11ec-9c40-00505689c8d9,АК-00005833,Воронка сборная D135мм непроливайка ,,9b060c03-71d9-11e7-85a2-d43d7eec442d,false,false
Номенклатура — current,raw.r1c_nomenclature_current,cb476ea6-f7dc-11ec-9c42-89a3dcc9992a,00-00006732,Воронка ф 120мм,,9b060c03-71d9-11e7-85a2-d43d7eec442d,false,false
Номенклатура — current,raw.r1c_nomenclature_current,e77a167e-f7dc-11ec-9c42-89a3dcc9992a,00-00006733,Воронка ф 160мм,,9b060c03-71d9-11e7-85a2-d43d7eec442d,false,false
Номенклатура — current,raw.r1c_nomenclature_current,d58181e0-22be-11ed-9c43-cb6d75bb653b,00-00006997,Воронка центральная универсальная,,9b060c03-71d9-11e7-85a2-d43d7eec442d,false,false
Номенклатура — current,raw.r1c_nomenclature_current,8c8ad1cb-3071-11ed-9c43-cb6d75bb653b,00-00007132,"Воронка центральная универсальная,белый 12461",,9b060c03-71d9-11e7-85a2-d43d7eec442d,false,false
Номенклатура — current,raw.r1c_nomenclature_current,28f95983-29dc-11ed-9c43-cb6d75bb653b,00-00007124,Ворота откатные 3000*1750 мм на 3-х винтовых сваях,,9b060cbb-71d9-11e7-85a2-d43d7eec442d,false,false
Номенклатура — current,raw.r1c_nomenclature_current,b5c5db64-b3c6-11e7-a3e2-94de80168a80,00-00000418,Ворота откатные 3900*3520,,de1714af-8a12-11e7-af1d-30f7727a492e,false,false
Номенклатура — current,raw.r1c_nomenclature_current,9a61f11f-283e-11ed-9c43-cb6d75bb653b,00-00007090,Ворота откатные 4500*1750 на 3-х винтовых сваях,,9b060cbb-71d9-11e7-85a2-d43d7eec442d,false,false
Номенклатура — current,raw.r1c_nomenclature_current,98d9ca73-c2a2-11ef-9c5f-00505689ff45,00-00011512,Воротничковый опорный ролик,,9b060c03-71d9-11e7-85a2-d43d7eec442d,false,false
Номенклатура — current,raw.r1c_nomenclature_current,f4ad3a58-c4f6-11ee-9c4c-005056893620,00-00010111,Вороток (инструмент),,f7164898-2ffe-11eb-af80-fa163e0d31f7,false,false
Номенклатура — current,raw.r1c_nomenclature_current,b2536ade-f25e-11ee-9c4c-005056893620,00-00010355,Ворохоотделитель ВОБ6,,de1714af-8a12-11e7-af1d-30f7727a492e,false,false
Номенклатура — current,raw.r1c_nomenclature_current,33147d94-a6a7-11ec-9c42-00505689c8d9,00-00006396,Воскотопка паровая 6 рамочная электрическая,,65439ec8-d96f-11eb-6c92-fa163e0d31f7,false,false
Номенклатура — current,raw.r1c_nomenclature_current,ccb62a9d-f524-11eb-9c3a-00505689ff45,АК-00003454,Восторг Инсектицид,,f9d67774-531d-11f0-b811-005056bde474,false,false
Номенклатура — current,raw.r1c_nomenclature_current,f22ac9b2-a6a6-11ec-9c42-00505689c8d9,00-00006395,"Вощина Дадан""Улей""",,65439ec8-d96f-11eb-6c92-fa163e0d31f7,false,false
Номенклатура — current,raw.r1c_nomenclature_current,2cadf8d2-d038-11eb-5d99-fa163e0d31f7,БП-00004219,Врезка 3/4 для резервуаров,,9b060c03-71d9-11e7-85a2-d43d7eec442d,false,false
Номенклатура — current,raw.r1c_nomenclature_current,629b96b6-2e3a-11eb-288c-fa163e0d31f7,БП-00003223,Врезка в бак d=2 удл. (латунь),,9be0daf4-2e34-11eb-288c-fa163e0d31f7,false,false
Номенклатура — current,raw.r1c_nomenclature_current,fa0f5476-da92-11ed-9c4e-00505689ff45,00-00007747,Всасывающий фильтр.в сборе,,9b060c03-71d9-11e7-85a2-d43d7eec442d,false,false
Номенклатура — current,raw.r1c_nomenclature_current,51d55784-24fb-11ec-a9db-00505689f463,АК-00005354,Вспашка,,52c3cca5-0968-11f0-b80e-005056bde474,false,false
Номенклатура — current,raw.r1c_nomenclature_current,8a522a3c-b23b-11eb-6d90-fa163e0d31f7,БП-00003962,Вставка 88.00569 выкл.ложечка среняя черная,,9b060c03-71d9-11e7-85a2-d43d7eec442d,false,false
Номенклатура — current,raw.r1c_nomenclature_current,86664699-3377-11ea-9522-30f7727a492e,00-00002341,Вставка СКР-10-25,,9088eead-75dc-11e7-af18-30f7727a492e,false,false
Номенклатура — current,raw.r1c_nomenclature_current,25c5403f-2e58-11f0-b80e-005056bde474,00-00012255,Вторичное сырье Балтик РоузРС4 Красный_28-35,,0996558d-0987-11f0-b80e-005056bde474,false,true
Номенклатура — current,raw.r1c_nomenclature_current,a6e0083e-2e59-11f0-b80e-005056bde474,00-00012261,Вторичное сырье Балтик РоузРС4 Красный_НКЛ,,0996558d-0987-11f0-b80e-005056bde474,false,true
Номенклатура — current,raw.r1c_nomenclature_current,576e9c8f-2e58-11f0-b80e-005056bde474,00-00012256,Вторичное сырье ВегаРС3 Белый_28-35,,0996558d-0987-11f0-b80e-005056bde474,false,true
Номенклатура — current,raw.r1c_nomenclature_current,ca1fd8ce-2e59-11f0-b80e-005056bde474,00-00012262,Вторичное сырье ВегаРС3 Белый_НКЛ,,0996558d-0987-11f0-b80e-005056bde474,false,true
Номенклатура — current,raw.r1c_nomenclature_current,1557993a-2e59-11f0-b80e-005056bde474,00-00012257,Вторичное сырье ВендиРС3 Белый_28-35,,0996558d-0987-11f0-b80e-005056bde474,false,true
Номенклатура — current,raw.r1c_nomenclature_current,6d0105c3-2e5a-11f0-b80e-005056bde474,00-00012263,Вторичное сырье ВендиРС3 Белый_НКЛ,,0996558d-0987-11f0-b80e-005056bde474,false,true
Номенклатура — current,raw.r1c_nomenclature_current,2e868086-2b46-11f0-b80e-005056bde474,00-00012207,Вторичное сырье КарменРС1 Красный_28-35,,0996558d-0987-11f0-b80e-005056bde474,false,true
Номенклатура — current,raw.r1c_nomenclature_current,6a78e816-2b46-11f0-b80e-005056bde474,00-00012208,Вторичное сырье КарменРС1 Красный_НКЛ,,0996558d-0987-11f0-b80e-005056bde474,false,true
Номенклатура — current,raw.r1c_nomenclature_current,6ff023f0-2e59-11f0-b80e-005056bde474,00-00012259,Вторичное сырье ФламингоРС3 Красный_28-35,,0996558d-0987-11f0-b80e-005056bde474,false,true
Номенклатура — current,raw.r1c_nomenclature_current,b3bd6b3c-2e5a-11f0-b80e-005056bde474,00-00012265,Вторичное сырье ФламингоРС3 Красный_НКЛ,,0996558d-0987-11f0-b80e-005056bde474,false,true
Номенклатура — current,raw.r1c_nomenclature_current,1c15a7b1-2a82-11f0-b80e-005056bde474,00-00012142,Вторичное сырье на крахмал.Гала.Мелкий,,e5d35811-095b-11f0-b80e-005056bde474,false,false
Номенклатура — current,raw.r1c_nomenclature_current,763576de-fdbd-11f0-b81e-005056bde474,00-00013656,Вторичное сырье на продажу,,09f53c56-30e5-11ec-b9aa-00505689914b,true,false
Номенклатура — current,raw.r1c_nomenclature_current,e5d35811-095b-11f0-b80e-005056bde474,00-00011800,Вторичное сырьё на крахмал,,09f53c56-30e5-11ec-b9aa-00505689914b,true,false
Номенклатура — current,raw.r1c_nomenclature_current,4862236f-8f3a-11f1-b824-005056bde474,00-00014701,Вторичное сырьё на крахмал.Алуэт.Мелкий,,e5d35811-095b-11f0-b80e-005056bde474,false,false
Номенклатура — current,raw.r1c_nomenclature_current,666c09f6-2a81-11f0-b80e-005056bde474,00-00012138,Вторичное сырьё на крахмал.Кармен.Мелкий,,e5d35811-095b-11f0-b80e-005056bde474,false,false
Номенклатура — current,raw.r1c_nomenclature_current,3190516c-8f3a-11f1-b824-005056bde474,00-00014700,Вторичное сырьё на крахмал.РедЛеди.Мелкий,,e5d35811-095b-11f0-b80e-005056bde474,false,false
Номенклатура — current,raw.r1c_nomenclature_current,2a8c656b-1486-11f0-b80e-005056bde474,00-00011938,Вторичное сырьё на переработку,,09f53c56-30e5-11ec-b9aa-00505689914b,true,false
Номенклатура — current,raw.r1c_nomenclature_current,d45b0252-8f39-11f1-b824-005056bde474,00-00014699,Вторичное сырьё на переработку.ЦВ.Алуэт.Мелкий,,2a8c656b-1486-11f0-b80e-005056bde474,false,false
Номенклатура — current,raw.r1c_nomenclature_current,41e3d0af-2e59-11f0-b80e-005056bde474,00-00012258,Вторичное сырьё на переработку.ЦВ.Гала.Мелкий,,2a8c656b-1486-11f0-b80e-005056bde474,false,false
Номенклатура — current,raw.r1c_nomenclature_current,dcd8f66d-2e57-11f0-b80e-005056bde474,00-00012254,Вторичное сырьё на переработку.ЦВ.Кармен.Мелкий,,2a8c656b-1486-11f0-b80e-005056bde474,false,false
Номенклатура — current,raw.r1c_nomenclature_current,8fe420be-8f39-11f1-b824-005056bde474,00-00014697,Вторичное сырьё на переработку.ЦВ.РедЛеди.Мелкий,,2a8c656b-1486-11f0-b80e-005056bde474,false,false
Номенклатура — current,raw.r1c_nomenclature_current,b77bb49d-8f39-11f1-b824-005056bde474,00-00014698,Вторичное сырьё на переработку.ЦГП.Алуэт.Стандарт ,,2a8c656b-1486-11f0-b80e-005056bde474,false,false
Номенклатура — current,raw.r1c_nomenclature_current,8b54b841-2e5a-11f0-b80e-005056bde474,00-00012264,Вторичное сырьё на переработку.ЦГП.Гала.Стандарт,,2a8c656b-1486-11f0-b80e-005056bde474,false,false
Номенклатура — current,raw.r1c_nomenclature_current,892ae24b-2e59-11f0-b80e-005056bde474,00-00012260,Вторичное сырьё на переработку.ЦГП.Кармен.Стандарт,,2a8c656b-1486-11f0-b80e-005056bde474,false,false
Номенклатура — current,raw.r1c_nomenclature_current,570e245f-8f39-11f1-b824-005056bde474,00-00014696,Вторичное сырьё на переработку.ЦГП.РедЛеди.Стандарт ,,2a8c656b-1486-11f0-b80e-005056bde474,false,false
Номенклатура — current,raw.r1c_nomenclature_current,072102fe-8f39-11f1-b824-005056bde474,00-00014695,Вторичное сырьё на продажу.Алуэт.Мелкий.,,763576de-fdbd-11f0-b81e-005056bde474,false,false
Номенклатура — current,raw.r1c_nomenclature_current,ebdd629e-8f38-11f1-b824-005056bde474,00-00014694,Вторичное сырьё на продажу.Алуэт.Стандарт.,,763576de-fdbd-11f0-b81e-005056bde474,false,false
Номенклатура — current,raw.r1c_nomenclature_current,d0c36be6-fdca-11f0-b81e-005056bde474,00-00013658,Вторичное сырьё на продажу.Гала.Мелкий.,,763576de-fdbd-11f0-b81e-005056bde474,false,false
Номенклатура — current,raw.r1c_nomenclature_current,72147d04-fdca-11f0-b81e-005056bde474,00-00013657,Вторичное сырьё на продажу.Гала.Стандарт.,,763576de-fdbd-11f0-b81e-005056bde474,false,false
Номенклатура — current,raw.r1c_nomenclature_current,e883b555-fdca-11f0-b81e-005056bde474,00-00013659,Вторичное сырьё на продажу.Кармен.Мелкий.,,763576de-fdbd-11f0-b81e-005056bde474,false,false
Номенклатура — current,raw.r1c_nomenclature_current,ff6adbc4-fdca-11f0-b81e-005056bde474,00-00013660,Вторичное сырьё на продажу.Кармен.Стандарт.,,763576de-fdbd-11f0-b81e-005056bde474,false,false
Номенклатура — current,raw.r1c_nomenclature_current,c61b14af-8f38-11f1-b824-005056bde474,00-00014693,Вторичное сырьё на продажу.РедЛеди.Мелкий.,,763576de-fdbd-11f0-b81e-005056bde474,false,false
Номенклатура — current,raw.r1c_nomenclature_current,9be7933e-8f38-11f1-b824-005056bde474,00-00014692,Вторичное сырьё на продажу.РедЛеди.Стандарт.,,763576de-fdbd-11f0-b81e-005056bde474,false,false
Номенклатура — current,raw.r1c_nomenclature_current,4b2c9041-6bfa-11ed-9c4d-00505689c8d9,00-00007447,Второй просеивающий транспортер SB-UBL 1531-240-35 (Агроникс),,9b060c03-71d9-11e7-85a2-d43d7eec442d,false,false
Номенклатура — current,raw.r1c_nomenclature_current,9479096b-280c-11ec-a9dd-00505689f463,АК-00005415,Втулка ,,45c9e202-0a37-11f0-b80e-005056bde474,false,false
Номенклатура — current,raw.r1c_nomenclature_current,e6189c87-c0c0-11e9-af79-30f7727a492e,00-00001831,Втулка  77.31.111,,9b060c03-71d9-11e7-85a2-d43d7eec442d,false,false
Номенклатура — current,raw.r1c_nomenclature_current,c28097df-1f92-11ec-9c3a-00505689ff45,АК-00005240,Втулка  RUM 007769К,,9b060c03-71d9-11e7-85a2-d43d7eec442d,false,false
Номенклатура — current,raw.r1c_nomenclature_current,ba374cfc-755f-11e9-af6d-30f7727a492e,00-00001604,Втулка  К-700,,9b060c03-71d9-11e7-85a2-d43d7eec442d,false,false
Номенклатура — current,raw.r1c_nomenclature_current,337da489-c0e6-11e9-af79-30f7727a492e,00-00001869,"Втулка  МТЗ -80,82 распорная оси тяг продол. навески задн.РУП МТЗ 50-4605018-Б",,9b060c03-71d9-11e7-85a2-d43d7eec442d,false,false
Номенклатура — current,raw.r1c_nomenclature_current,1030a04e-089e-11ef-9c4f-005056893620,00-00010458,Втулка  МТЗ БЗТДиА 100-4617114,,9b060c03-71d9-11e7-85a2-d43d7eec442d,false,false
Номенклатура — current,raw.r1c_nomenclature_current,337da487-c0e6-11e9-af79-30f7727a492e,00-00001867,Втулка  МТЗ БЗТДиА 70-4605047-01,,9b060c03-71d9-11e7-85a2-d43d7eec442d,false,false
Номенклатура — current,raw.r1c_nomenclature_current,a121402f-7d6f-11ea-9528-30f7727a492e,00-00002538,Втулка  МТЗ РБ 1520-2308077,,9b060c03-71d9-11e7-85a2-d43d7eec442d,false,false
Номенклатура — current,raw.r1c_nomenclature_current,337da488-c0e6-11e9-af79-30f7727a492e,00-00001868,Втулка  МТЗ РЗТЗ  50-2401032,,9b060c03-71d9-11e7-85a2-d43d7eec442d,false,false
Номенклатура — current,raw.r1c_nomenclature_current,6bd7cb18-362e-11eb-e19b-fa163e0d31f7,БП-00003364,Втулка  МТЗ промежуточной опоры БЗТДиА ,,9b060c03-71d9-11e7-85a2-d43d7eec442d,false,false
Номенклатура — current,raw.r1c_nomenclature_current,a4ee561a-753f-11e9-af6d-30f7727a492e,00-00001573,Втулка  МТЗ-1221 рулевого пальца РУП МТЗ,,9b060c03-71d9-11e7-85a2-d43d7eec442d,false,false
Номенклатура — current,raw.r1c_nomenclature_current,a73b924d-c7cf-11e9-af79-30f7727a492e,00-00001944,Втулка  большая ДТ-75 (77.30.136А),,9b060c03-71d9-11e7-85a2-d43d7eec442d,false,false
Номенклатура — current,raw.r1c_nomenclature_current,00c42406-3bbd-11e8-af35-30f7727a492e,00-00000775,Втулка  подшибника БДО-01.802,,9b060c03-71d9-11e7-85a2-d43d7eec442d,false,false
Номенклатура — current,raw.r1c_nomenclature_current,851ab650-1ddc-11e8-af31-30f7727a492e,00-00000713,Втулка  рулевая шпицевая МТЗ,,9b060c03-71d9-11e7-85a2-d43d7eec442d,false,false
Номенклатура — current,raw.r1c_nomenclature_current,ca203b3d-d1d7-11f0-b81e-005056bde474,00-00013032,Втулка (037.03042),,45c9e202-0a37-11f0-b80e-005056bde474,false,false
Номенклатура — current,raw.r1c_nomenclature_current,3ca0493a-d1e7-11f0-b81e-005056bde474,00-00013051,Втулка (037.03253),,45c9e202-0a37-11f0-b80e-005056bde474,false,false
Номенклатура — current,raw.r1c_nomenclature_current,a865bb9d-2991-11f0-b80e-005056bde474,00-00012056,"Втулка (сталь) ф61х90 L=32 сферическая, нейтролизатора",,20296b06-0a38-11f0-b80e-005056bde474,false,false
Номенклатура — current,raw.r1c_nomenclature_current,53330f84-e5c0-11ec-9c42-00505689c8d9,00-00006633,Втулка 031.02755,,9b060c03-71d9-11e7-85a2-d43d7eec442d,false,false
Номенклатура — current,raw.r1c_nomenclature_current,35863928-41bb-11ee-9c4e-00505689ff45,00-00009229,Втулка 2517 TAPER BUSH F60.SIT,,9b060c03-71d9-11e7-85a2-d43d7eec442d,false,false
Номенклатура — current,raw.r1c_nomenclature_current,436423ac-92c7-11eb-0c80-fa163e0d31f7,БП-00003823,Втулка 33150100,,9b060c03-71d9-11e7-85a2-d43d7eec442d,false,false
Номенклатура — current,raw.r1c_nomenclature_current,802a52f6-92c8-11eb-0c80-fa163e0d31f7,БП-00003828,Втулка 34086600,,9b060c03-71d9-11e7-85a2-d43d7eec442d,false,false
Номенклатура — current,raw.r1c_nomenclature_current,146bf04f-cd10-11ec-9c42-00505689c8d9,00-00006502,Втулка 700. 28.00.023,,9b060c03-71d9-11e7-85a2-d43d7eec442d,false,false
Номенклатура — current,raw.r1c_nomenclature_current,ce6f3693-e5c1-11ec-9c42-00505689c8d9,00-00006634,Втулка 896.00247,,9b060c03-71d9-11e7-85a2-d43d7eec442d,false,false
Номенклатура — current,raw.r1c_nomenclature_current,d3ea95b5-250c-11ec-a9db-00505689f463,АК-00005366,Втулка LA9238,,9b060c03-71d9-11e7-85a2-d43d7eec442d,false,false
Номенклатура — current,raw.r1c_nomenclature_current,20c3ca85-13d9-11f0-b80e-005056bde474,00-00011929,Втулка БДН-3.0М.02.00.012-01,,45c9e202-0a37-11f0-b80e-005056bde474,false,false
Номенклатура — current,raw.r1c_nomenclature_current,e4bac1cf-7cce-11ef-9c5d-00505689ff45,00-00011129,Втулка БДТ,,9b060c03-71d9-11e7-85a2-d43d7eec442d,false,false
Номенклатура — current,raw.r1c_nomenclature_current,f6b0637a-e485-11eb-0c9a-fa163e0d31f7,БП-00004457,Втулка БЗ нар. резьба 1/4 Metabo 7803009117,,9b060c03-71d9-11e7-85a2-d43d7eec442d,false,false
Номенклатура — current,raw.r1c_nomenclature_current,e176563b-1739-11ed-9c43-cb6d75bb653b,00-00006849,"Втулка ЗТ-40,А 50.00.007",,9b060c03-71d9-11e7-85a2-d43d7eec442d,false,false
Номенклатура — current,raw.r1c_nomenclature_current,3001914c-e029-11e9-af7c-30f7727a492e,00-00001980,Втулка ИЯВТ 104.02.01.000,,9b060c03-71d9-11e7-85a2-d43d7eec442d,false,false
Номенклатура — current,raw.r1c_nomenclature_current,0f48ded1-b221-11ef-9c5e-00505689ff45,00-00011439,"Втулка МТЗ,ЮМЗ бруса (под ось качания) ВОМ",,9b060c03-71d9-11e7-85a2-d43d7eec442d,false,false
Номенклатура — current,raw.r1c_nomenclature_current,7833acd0-2c06-11f1-b81f-005056bde474,00-00013874,Втулка Ф80-3405107,,45c9e202-0a37-11f0-b80e-005056bde474,false,false
Номенклатура — current,raw.r1c_nomenclature_current,7265c76f-08ab-11ef-9c4f-005056893620,00-00010479,Втулка бруса МТЗ ВЗТЗЧ 40-3001022,,9b060c03-71d9-11e7-85a2-d43d7eec442d,false,false
Номенклатура — current,raw.r1c_nomenclature_current,4d80aa68-ddc6-11ed-9c4e-00505689ff45,00-00007783,"Втулка бруса МТЗ,Беларусь 40-3001022",,9b060c03-71d9-11e7-85a2-d43d7eec442d,false,false
Номенклатура — current,raw.r1c_nomenclature_current,ed6905df-9b39-11ee-9c4b-005056893620,00-00009927,Втулка вала петлителя Фишбейн 100,,9b060c03-71d9-11e7-85a2-d43d7eec442d,false,false
Номенклатура — current,raw.r1c_nomenclature_current,cf21d21c-1964-11ed-9c43-cb6d75bb653b,00-00006966,Втулка внутренняя,,9b060c03-71d9-11e7-85a2-d43d7eec442d,false,false
Номенклатура — current,raw.r1c_nomenclature_current,c684187c-152f-11ec-9c3a-00505689ff45,АК-00004982,Втулка закрепительная Н2309,,9b060c03-71d9-11e7-85a2-d43d7eec442d,false,false
Номенклатура — current,raw.r1c_nomenclature_current,41984ac2-ef20-11f0-b81e-005056bde474,00-00013339,Втулка коническая Taper Lock/Taper Bush 1610-32,,738e6e11-728d-11f0-b814-005056bde474,false,false
Номенклатура — current,raw.r1c_nomenclature_current,a3143afe-e102-11f0-b81e-005056bde474,00-00013261,Втулка коническая Taper Lock/Taper Bush 1610-35,,738e6e11-728d-11f0-b814-005056bde474,false,false
Номенклатура — current,raw.r1c_nomenclature_current,e6189c86-c0c0-11e9-af79-30f7727a492e,00-00001830,Втулка малая 77.30.133,,9b060c03-71d9-11e7-85a2-d43d7eec442d,false,false
Номенклатура — current,raw.r1c_nomenclature_current,81437f05-64b5-11e8-af3d-30f7727a492e,00-00000892,Втулка пальца гидроцилиндра К-700,,9b060c03-71d9-11e7-85a2-d43d7eec442d,false,false
Номенклатура — current,raw.r1c_nomenclature_current,0d43746b-7857-11ec-9c40-00505689c8d9,АК-00006005,Втулка переходная Ф22-Ф24,,9b060c03-71d9-11e7-85a2-d43d7eec442d,false,false
Номенклатура — current,raw.r1c_nomenclature_current,792e06a5-5b64-11f0-b811-005056bde474,00-00012519,Втулка подшипника,,45c9e202-0a37-11f0-b80e-005056bde474,false,false
Номенклатура — current,raw.r1c_nomenclature_current,4541546c-2c07-11f1-b81f-005056bde474,00-00013879,Втулка проходная Ф80-3405102,,45c9e202-0a37-11f0-b80e-005056bde474,false,false
Номенклатура — current,raw.r1c_nomenclature_current,46a79408-a507-11ec-9c42-00505689c8d9,00-00006324,Втулка рамы МТЗ ЮМЗ,,9b060c03-71d9-11e7-85a2-d43d7eec442d,false,false
Номенклатура — current,raw.r1c_nomenclature_current,e6189c8a-c0c0-11e9-af79-30f7727a492e,00-00001834,Втулка распорная 77.32.117,,9b060c03-71d9-11e7-85a2-d43d7eec442d,false,false
Номенклатура — current,raw.r1c_nomenclature_current,467a45e2-1419-11ee-9c4e-00505689ff45,00-00008230,Втулка распредвала к/т (3+1+1) 240-1002067/68/69,,9b060c03-71d9-11e7-85a2-d43d7eec442d,false,false
Номенклатура — current,raw.r1c_nomenclature_current,45f8c8d9-c562-11e9-af79-30f7727a492e,00-00001910,Втулка рессорная (1369388080),,9b060c03-71d9-11e7-85a2-d43d7eec442d,false,false
Номенклатура — current,raw.r1c_nomenclature_current,45f8c8da-c562-11e9-af79-30f7727a492e,00-00001911,Втулка рессоры подвески (15389),,9b060c03-71d9-11e7-85a2-d43d7eec442d,false,false
Номенклатура — current,raw.r1c_nomenclature_current,36ac3bd2-1967-11ed-9c43-cb6d75bb653b,00-00006969,Втулка с буртиком,,9b060c03-71d9-11e7-85a2-d43d7eec442d,false,false
Номенклатура — current,raw.r1c_nomenclature_current,20940911-42b5-11ef-9c59-00505689ff45,00-00010713,"Втулка с буртиком, внешняя",,9b060c03-71d9-11e7-85a2-d43d7eec442d,false,false
Номенклатура — current,raw.r1c_nomenclature_current,45f8c8dd-c562-11e9-af79-30f7727a492e,00-00001914,Втулка стабилизатора (2300038),,9b060c03-71d9-11e7-85a2-d43d7eec442d,false,false
Номенклатура — current,raw.r1c_nomenclature_current,3da6ae6d-e88b-11ef-b80c-005056bde474,00-00011641,Втулка тепербуш 1008-20 мм ,,9b060c03-71d9-11e7-85a2-d43d7eec442d,false,false
Номенклатура — current,raw.r1c_nomenclature_current,1c67b562-0c1f-11ec-9c3a-00505689ff45,АК-00004857,Втулка тепербуш 1610-35 мм ,,9b060c03-71d9-11e7-85a2-d43d7eec442d,false,false
Номенклатура — current,raw.r1c_nomenclature_current,8071575f-9aed-11e8-af49-30f7727a492e,00-00001040,Втулка цапфа верхняя МТЗ,,9b060c03-71d9-11e7-85a2-d43d7eec442d,false,false
Номенклатура — current,raw.r1c_nomenclature_current,02ee66c9-e5fd-11ee-9c4c-005056893620,00-00010338,Втягивающее реле,,9b060c03-71d9-11e7-85a2-d43d7eec442d,false,false
Номенклатура — current,raw.r1c_nomenclature_current,ccb62a9e-f524-11eb-9c3a-00505689ff45,АК-00003455,Вулкан Инсектицид,,f9d67774-531d-11f0-b811-005056bde474,false,false
Номенклатура — current,raw.r1c_nomenclature_current,e6141ba4-3acd-11eb-dc8d-fa163e0d31f7,БП-00003417,Вулканизатор V4 настольный с 1м нагревательным элементом V4,,9b060c1e-71d9-11e7-85a2-d43d7eec442d,false,false
Номенклатура — current,raw.r1c_nomenclature_current,edd0fa59-e5b8-11ec-9c42-00505689c8d9,00-00006617,Входной щиток справа,,9b060c03-71d9-11e7-85a2-d43d7eec442d,false,false
Номенклатура — current,raw.r1c_nomenclature_current,05c04168-d742-11f0-b81e-005056bde474,00-00013093,Вывоз условного картофеля,,52c3cca5-0968-11f0-b80e-005056bde474,false,false
Номенклатура — current,raw.r1c_nomenclature_current,5b81fb1c-2e5e-11eb-288c-fa163e0d31f7,БП-00003267,Выгрузной транспортер 300/400,,279c2c04-2e46-11eb-288c-fa163e0d31f7,false,false
Номенклатура — current,raw.r1c_nomenclature_current,440b6adf-b1d2-11ec-9c42-00505689c8d9,00-00006422,Вызывная видеопанель,,20e031f3-0a37-11f0-b80e-005056bde474,false,false
Номенклатура — current,raw.r1c_nomenclature_current,04457f67-882c-11ec-9c41-00505689c8d9,00-00006095,Выкл.ДИФ тока (УЗО) 4Р 40А 30мА АС EZ9R34440,,9b060c03-71d9-11e7-85a2-d43d7eec442d,false,false
Номенклатура — current,raw.r1c_nomenclature_current,7faa8de3-c9ff-11e7-a3eb-94de80168a80,00-00000464,Выключатель,,4eb91fd4-34e1-11f1-b81f-005056bde474,false,false
Номенклатура — current,raw.r1c_nomenclature_current,1aed06a4-e546-11ee-9c4c-005056893620,00-00010322,Выключатель  о/п 1 кл.IP54 ВС20-1-0 10А серия ФОРС ,,4eb91fd4-34e1-11f1-b81f-005056bde474,false,false
Номенклатура — current,raw.r1c_nomenclature_current,5b3efbd2-3cdf-11ea-9524-30f7727a492e,00-00002450,Выключатель  о/п 1 кл.IP54 ИЭК ФОРС ,,4eb91fd4-34e1-11f1-b81f-005056bde474,false,false
Номенклатура — current,raw.r1c_nomenclature_current,468c46fc-e546-11ee-9c4c-005056893620,00-00010323,Выключатель  о/п 2 кл.IP54 ВС20-1-0 10А серия ФОРС ,,4eb91fd4-34e1-11f1-b81f-005056bde474,false,false
Номенклатура — current,raw.r1c_nomenclature_current,262d4e07-3751-11ee-9c4e-00505689ff45,00-00008404,Выключатель 1 кл ,,4eb91fd4-34e1-11f1-b81f-005056bde474,false,false
Номенклатура — current,raw.r1c_nomenclature_current,37b28b2e-e14d-11ea-8696-fa163ee5d2f9,БП-00002921,Выключатель 1 кл о/у,,4eb91fd4-34e1-11f1-b81f-005056bde474,false,false
Номенклатура — current,raw.r1c_nomenclature_current,d2aed04c-038c-11ea-951d-30f7727a492e,00-00002166,Выключатель 1 кл.ИЭК ФОРС,,4eb91fd4-34e1-11f1-b81f-005056bde474,false,false
Номенклатура — current,raw.r1c_nomenclature_current,0207e43b-1597-11ea-9521-30f7727a492e,00-00002236,Выключатель 1 кл.ОП ФОРС ВС20-1-0 ИЭК,,4eb91fd4-34e1-11f1-b81f-005056bde474,false,false
Номенклатура — current,raw.r1c_nomenclature_current,0ca842ab-1166-11f1-b81f-005056bde474,00-00013820,Выключатель 1-кл. 1п ОП Aquatic 10А IP54 ВС-20-1-0-А сер. IEK,,4eb91fd4-34e1-11f1-b81f-005056bde474,false,false
Номенклатура — current,raw.r1c_nomenclature_current,f3f79f1e-f6d4-11f0-b81e-005056bde474,00-00013497,Выключатель 1-кл. ОП Форс 10А 250А IP54 BC20-1-0-ФСр ИЭК ,,4eb91fd4-34e1-11f1-b81f-005056bde474,false,false
Номенклатура — current,raw.r1c_nomenclature_current,a8706763-57a0-11ea-9525-30f7727a492e,00-00002488,Выключатель 2 кл о/у,,4eb91fd4-34e1-11f1-b81f-005056bde474,false,false
Номенклатура — current,raw.r1c_nomenclature_current,7a4a8f96-738c-11ec-9c40-00505689c8d9,АК-00005978,Выключатель 2-клавишный ВА10-002b,,4eb91fd4-34e1-11f1-b81f-005056bde474,false,false
Номенклатура — current,raw.r1c_nomenclature_current,4ef5965e-b70a-11f0-b81e-005056bde474,00-00012949,Выключатель НА ВЗМАХ руки(с датчиком движения),,baf617a9-7290-11f0-b814-005056bde474,false,false
Номенклатура — current,raw.r1c_nomenclature_current,2fd56258-f70c-11f0-b81e-005056bde474,00-00013569,Выключатель ОУ 1кл,,4eb91fd4-34e1-11f1-b81f-005056bde474,false,false
Номенклатура — current,raw.r1c_nomenclature_current,250d2b98-771a-11ed-9c4d-00505689c8d9,00-00007499,Выключатель УЗО ВД1-63 40А 2Р 30мА,,8c9e4a2d-3d8a-11f1-b821-005056bde474,false,false
Номенклатура — current,raw.r1c_nomenclature_current,1511ac6a-04e1-11f0-b80e-005056bde474,00-00011772,Выключатель автом. ВА47-60М 1Р 6А 6кА С ИЭК,,82baf3cf-3d8a-11f1-b821-005056bde474,false,false
Номенклатура — current,raw.r1c_nomenclature_current,fe713836-23c7-11ea-9522-30f7727a492e,00-00002302,"Выключатель автоматический 1п С 10А 4,5кА ВА47-29 ИЭК МVA20-I010-C",,82baf3cf-3d8a-11f1-b821-005056bde474,false,false
Номенклатура — current,raw.r1c_nomenclature_current,fe713842-23c7-11ea-9522-30f7727a492e,00-00002312,"Выключатель автоматический 1п С 6А 4,5кА ВА47-29 ИЭК МVA20-I006-C",,82baf3cf-3d8a-11f1-b821-005056bde474,false,false
Номенклатура — current,raw.r1c_nomenclature_current,767ab686-bc12-11ec-9c42-00505689c8d9,00-00006448,Выключатель автоматический 3п  125А 35кА ВА-88-35 ИЭК,,82baf3cf-3d8a-11f1-b821-005056bde474,false,false
Номенклатура — current,raw.r1c_nomenclature_current,a02ecf67-3e90-11ea-9524-30f7727a492e,00-00002459,"Выключатель автоматический 3п С 10А 4,5кА EASY9 SchE",,82baf3cf-3d8a-11f1-b821-005056bde474,false,false
Номенклатура — current,raw.r1c_nomenclature_current,9e865530-629a-11ea-9525-30f7727a492e,00-00002525,Выключатель автоматический ABB SH201L 25A,,82baf3cf-3d8a-11f1-b821-005056bde474,false,false
Номенклатура — current,raw.r1c_nomenclature_current,9e865531-629a-11ea-9525-30f7727a492e,00-00002526,Выключатель автоматический dikraft 1п  16A,,82baf3cf-3d8a-11f1-b821-005056bde474,false,false
Номенклатура — current,raw.r1c_nomenclature_current,4e2a2e7f-b0b4-11ef-9c5e-00505689ff45,00-00011429,Выключатель автоматический ВА 47-29 1/10А,,82baf3cf-3d8a-11f1-b821-005056bde474,false,false
Номенклатура — current,raw.r1c_nomenclature_current,f9aea5a5-b0b3-11ef-9c5e-00505689ff45,00-00011428,Выключатель автоматический ВА 47-29 3/16А,,82baf3cf-3d8a-11f1-b821-005056bde474,false,false
Номенклатура — current,raw.r1c_nomenclature_current,32180868-e668-11ed-9c4e-00505689ff45,00-00007832,Выключатель автоматический ВА 51-35М2-340010 125А -1500-690АС-УХЛЗ КЭАЗ 108355 ,,82baf3cf-3d8a-11f1-b821-005056bde474,false,false
Номенклатура — current,raw.r1c_nomenclature_current,3b347ad6-d95f-11ee-9c4c-005056893620,00-00010227,Выключатель автоматический ВА 57-35 340010 100А -1250-690А С УХЛЗ КЭАЗ,,82baf3cf-3d8a-11f1-b821-005056bde474,false,false
Номенклатура — current,raw.r1c_nomenclature_current,72c82e04-6671-11ee-9c50-00505689ff45,00-00009629,Выключатель автоматический ВА 57-39 340010 250А КЭАЗ 109876,,82baf3cf-3d8a-11f1-b821-005056bde474,false,false
Номенклатура — current,raw.r1c_nomenclature_current,bdfdf2c6-4fab-11ed-9c43-cb6d75bb653b,00-00007314,Выключатель автоматический ВА 88-33 125А ИЭК,,82baf3cf-3d8a-11f1-b821-005056bde474,false,false
Номенклатура — current,raw.r1c_nomenclature_current,4ca1762b-de02-11ed-9c4e-00505689ff45,00-00007805,Выключатель автоматический ВА 88-35 250А ИЭК,,82baf3cf-3d8a-11f1-b821-005056bde474,false,false
Номенклатура — current,raw.r1c_nomenclature_current,e4bab2df-f9df-11eb-9c3a-00505689ff45,АК-00003908,"Выключатель автоматический ВА47-29 1Р 6А 4,5кА",,82baf3cf-3d8a-11f1-b821-005056bde474,false,false
Номенклатура — current,raw.r1c_nomenclature_current,bfc673df-c25f-11ed-9c4d-00505689ff45,00-00007682,Выключатель автоматический ВА5135М2-340010 200А-2500-890АС-УХЛЗ-КЭАЗ 108359,,82baf3cf-3d8a-11f1-b821-005056bde474,false,false
Номенклатура — current,raw.r1c_nomenclature_current,6c759e0d-a49d-11ee-9c4c-005056893620,00-00010043,"Выключатель автоматический для защиты двигателя 0,63-1А",,20e031f3-0a37-11f0-b80e-005056bde474,false,false
Номенклатура — current,raw.r1c_nomenclature_current,a162eb7d-a49d-11ee-9c4c-005056893620,00-00010044,"Выключатель автоматический для защиты двигателя 1-1,6А",,20e031f3-0a37-11f0-b80e-005056bde474,false,false
Номенклатура — current,raw.r1c_nomenclature_current,3f7306f1-18eb-11ef-9c4f-005056893620,00-00010592,Выключатель автоматический для защиты двигателя 3п 9.0-14.0А 15кА ВА-431 DEKraft 21230DEK,,9b060c03-71d9-11e7-85a2-d43d7eec442d,false,false
Номенклатура — current,raw.r1c_nomenclature_current,f3d8fe36-04e3-11f0-b80e-005056bde474,00-00011778,Выключатель автоматический для защиты двигателя 6-10А ,,9b060c03-71d9-11e7-85a2-d43d7eec442d,false,false
Номенклатура — current,raw.r1c_nomenclature_current,fe713837-23c7-11ea-9522-30f7727a492e,00-00002303,"Выключатель автоматический модульный 3п С 16А 4,5кА ВА-101 DeKraft 11078DEK",,82baf3cf-3d8a-11f1-b821-005056bde474,false,false
Номенклатура — current,raw.r1c_nomenclature_current,fe713838-23c7-11ea-9522-30f7727a492e,00-00002304,"Выключатель автоматический модульный 3п С 25А 4,5кА ВА-101 DeKraft 11080DEK",,82baf3cf-3d8a-11f1-b821-005056bde474,false,false
Номенклатура — current,raw.r1c_nomenclature_current,4f7fc624-4fb5-11ed-9c43-cb6d75bb653b,00-00007328,Выключатель автоматический модульный 3п С 40А ,,82baf3cf-3d8a-11f1-b821-005056bde474,false,false
Номенклатура — current,raw.r1c_nomenclature_current,9e86552e-629a-11ea-9525-30f7727a492e,00-00002523,"Выключатель автоматический модульный 3п С 63А 4,5кА ВА-47-29 ИЭК",,82baf3cf-3d8a-11f1-b821-005056bde474,false,false
Номенклатура — current,raw.r1c_nomenclature_current,9e865520-629a-11ea-9525-30f7727a492e,00-00002510,Выключатель автоматический эл С 25А  EASY9 SchE,,82baf3cf-3d8a-11f1-b821-005056bde474,false,false
Номенклатура — current,raw.r1c_nomenclature_current,a91ed5fc-810d-11e9-af6f-30f7727a492e,00-00001630,Выключатель автомобильный 3 полюс 16А,,9b060c03-71d9-11e7-85a2-d43d7eec442d,false,false
Номенклатура — current,raw.r1c_nomenclature_current,6114ae14-90dd-11ed-9c4c-00505689ff45,00-00007553,Выключатель габаритных огней,,9b060c03-71d9-11e7-85a2-d43d7eec442d,false,false
Номенклатура — current,raw.r1c_nomenclature_current,0d903bcc-644c-11ee-9c50-00505689ff45,00-00009619,Выключатель дефферинциального тока УЗО АВВ F20AAC 4P 63A 30мА,,8c9e4a2d-3d8a-11f1-b821-005056bde474,false,false
Номенклатура — current,raw.r1c_nomenclature_current,821ab930-20ea-11ec-9c3a-00505689ff45,АК-00005295,"Выключатель заднего хода ГАЗЗ-3110,3302,МТЗ МЭМЗ ВК12-31",,9b060c03-71d9-11e7-85a2-d43d7eec442d,false,false
Номенклатура — current,raw.r1c_nomenclature_current,5b3efbc9-3cdf-11ea-9524-30f7727a492e,00-00002441,Выключатель защита двиг ПРК 32-10 ИЭК 100,,20e031f3-0a37-11f0-b80e-005056bde474,false,false
Номенклатура — current,raw.r1c_nomenclature_current,d2aed082-038c-11ea-951d-30f7727a492e,00-00002190,Выключатель клавишный,,4eb91fd4-34e1-11f1-b81f-005056bde474,false,false
Номенклатура — current,raw.r1c_nomenclature_current,9dba3d9e-92ce-11eb-0c80-fa163e0d31f7,БП-00003831,Выключатель кнопочный,,4eb91fd4-34e1-11f1-b81f-005056bde474,false,false
Номенклатура — current,raw.r1c_nomenclature_current,06f6185a-e180-11ec-9c42-00505689c8d9,00-00006578,Выключатель конечный (300.84705),,9b060c03-71d9-11e7-85a2-d43d7eec442d,false,false
Номенклатура — current,raw.r1c_nomenclature_current,5edc198a-cc55-11e8-af53-30f7727a492e,00-00001306,Выключатель массы 318Б,,9b060c03-71d9-11e7-85a2-d43d7eec442d,false,false
Номенклатура — current,raw.r1c_nomenclature_current,013d2fd5-5f5d-11e9-af6b-30f7727a492e,00-00001534,Выключатель массы ВК-86ОВ 24V,,9b060c03-71d9-11e7-85a2-d43d7eec442d,false,false
Номенклатура — current,raw.r1c_nomenclature_current,312af93e-a3cc-11ee-9c4c-005056893620,00-00009991,Выключатель массы дистанцион 12/24В 1212.3737-04,,9b060c03-71d9-11e7-85a2-d43d7eec442d,false,false
Номенклатура — current,raw.r1c_nomenclature_current,ae2380d0-e790-11ea-3497-fa163ee5d2f9,БП-00002964,Выключатель массы дистанционный 12V СОАТЭ 1300.3737,,9b060c03-71d9-11e7-85a2-d43d7eec442d,false,false
Номенклатура — current,raw.r1c_nomenclature_current,1b8359da-3b54-11ee-9c4e-00505689ff45,00-00008487,Выключатель массы дистанционный 1410.3737 24в завод н,,9b060c03-71d9-11e7-85a2-d43d7eec442d,false,false
Номенклатура — current,raw.r1c_nomenclature_current,337da48a-c0e6-11e9-af79-30f7727a492e,00-00001870,Выключатель массы дистанционный МТЗ 12/24V50А 2-х контактный экран,,9b060c03-71d9-11e7-85a2-d43d7eec442d,false,false
Номенклатура — current,raw.r1c_nomenclature_current,805ee000-bc26-11ed-9c4d-00505689ff45,00-00007657,Выключатель массы дистанционный МТЗ 12V50А 3-х контактный экран,,9b060c03-71d9-11e7-85a2-d43d7eec442d,false,false
Номенклатура — current,raw.r1c_nomenclature_current,3941ecf7-8f0e-11e8-af45-30f7727a492e,00-00000983,Выключатель массы кнопка ЗИЛ-130,,9b060c03-71d9-11e7-85a2-d43d7eec442d,false,false
Номенклатура — current,raw.r1c_nomenclature_current,905aa67f-e66d-11ed-9c4e-00505689ff45,00-00007841,Выключатель нагрузки 3п 100А NH4 R CHNT 398042,,20e031f3-0a37-11f0-b80e-005056bde474,false,false
Номенклатура — current,raw.r1c_nomenclature_current,7817acc8-1838-11ef-9c4f-005056893620,00-00010572,Выключатель света з/х Камаз.ЗИЛ,,9b060c03-71d9-11e7-85a2-d43d7eec442d,false,false
Номенклатура — current,raw.r1c_nomenclature_current,b1a3ec66-d9db-11eb-6c92-fa163e0d31f7,БП-00004407,Выключатель стола ВК12-51 МТЗ,,9b060c03-71d9-11e7-85a2-d43d7eec442d,false,false
Номенклатура — current,raw.r1c_nomenclature_current,72a1a147-f894-11ec-9c42-89a3dcc9992a,00-00006760,Выключатель-разъединитель ВЗ32И-31 В31250 100А ИЭК SRK01-111-100,,82baf3cf-3d8a-11f1-b821-005056bde474,false,false
Номенклатура — current,raw.r1c_nomenclature_current,19ec1cad-22c0-11ed-9c43-cb6d75bb653b,00-00006998,Выключатель-разъединитель ВРЗ2И-31 В71250 100А ИЭК SRK01-211-100,,82baf3cf-3d8a-11f1-b821-005056bde474,false,false
Номенклатура — current,raw.r1c_nomenclature_current,6f2689e9-a07e-11ec-9c42-00505689c8d9,00-00006320,Выколотка 8мм(блистер) 405 АвтоDело,,f7164898-2ffe-11eb-af80-fa163e0d31f7,false,false
Номенклатура — current,raw.r1c_nomenclature_current,d2b730e2-447c-11eb-7b94-fa163e0d31f7,БП-00003476,"Вымпел Стартовые провода 500А 3м,хладост.в сумке 5039",,9b060c03-71d9-11e7-85a2-d43d7eec442d,false,false
Номенклатура — current,raw.r1c_nomenclature_current,c4c138a2-3105-11ed-9c43-cb6d75bb653b,00-00007140,Вынужденный простой,,52c3cca5-0968-11f0-b80e-005056bde474,false,false
Номенклатура — current,raw.r1c_nomenclature_current,2200c212-dc06-11e8-af56-30f7727a492e,00-00001324,Выпускной клапан 836646356,,9b060c03-71d9-11e7-85a2-d43d7eec442d,false,false
Номенклатура — current,raw.r1c_nomenclature_current,2200c211-dc06-11e8-af56-30f7727a492e,00-00001323,Выпускной клапан 836646357,,9b060c03-71d9-11e7-85a2-d43d7eec442d,false,false
Номенклатура — current,raw.r1c_nomenclature_current,ee7fa8ea-72a8-11eb-4886-fa163e0d31f7,БП-00003748,Выравнивающая пластина Р100,,515b983a-72a8-11eb-4886-fa163e0d31f7,false,false
Номенклатура — current,raw.r1c_nomenclature_current,36716cf7-269f-11ec-a9db-00505689f463,АК-00005400,"Вышка Промышленник ВСП 1,2х2,0 h=5,3м ВП1252",,917ab634-0a38-11f0-b80e-005056bde474,false,false
Номенклатура — current,raw.r1c_nomenclature_current,40475705-40bb-11ee-9c4e-00505689ff45,00-00009167,"Вэнди РС1  Сетка-домик 1,5кг. Без полива",,b60b8b28-6156-11eb-9c2d-0050560417d5,false,false
Номенклатура — current,raw.r1c_nomenclature_current,40475704-40bb-11ee-9c4e-00505689ff45,00-00009166,"Вэнди РС1  Сетка-домик 1,5кг. Полив",,b60b8b28-6156-11eb-9c2d-0050560417d5,false,false
Номенклатура — current,raw.r1c_nomenclature_current,48c107bc-40bb-11ee-9c4e-00505689ff45,00-00009195,Вэнди РС1  Сетка-домик 2кг. Без полива,,b60b8b28-6156-11eb-9c2d-0050560417d5,false,false
Номенклатура — current,raw.r1c_nomenclature_current,4890aba7-40bb-11ee-9c4e-00505689ff45,00-00009194,Вэнди РС1  Сетка-домик 2кг. Полив,,b60b8b28-6156-11eb-9c2d-0050560417d5,false,false
Номенклатура — current,raw.r1c_nomenclature_current,82cff149-40ba-11ee-9c4e-00505689ff45,00-00008775,Вэнди РС1  очищенный в ву 1кг. Без полива,,b60b8b28-6156-11eb-9c2d-0050560417d5,false,false
Номенклатура — current,raw.r1c_nomenclature_current,829eae31-40ba-11ee-9c4e-00505689ff45,00-00008774,Вэнди РС1  очищенный в ву 1кг. Полив,,b60b8b28-6156-11eb-9c2d-0050560417d5,false,false
Номенклатура — current,raw.r1c_nomenclature_current,8851da85-40ba-11ee-9c4e-00505689ff45,00-00008803,Вэнди РС1  очищенный в ву 5кг. Без полива,,b60b8b28-6156-11eb-9c2d-0050560417d5,false,false
Номенклатура — current,raw.r1c_nomenclature_current,8851bdfb-40ba-11ee-9c4e-00505689ff45,00-00008802,Вэнди РС1  очищенный в ву 5кг. Полив,,b60b8b28-6156-11eb-9c2d-0050560417d5,false,false
Номенклатура — current,raw.r1c_nomenclature_current,6120718d-40ba-11ee-9c4e-00505689ff45,00-00008719,"Вэнди РС1  пастеризованный 0,5кг. Без полива",,b60b8b28-6156-11eb-9c2d-0050560417d5,false,false
Номенклатура — current,raw.r1c_nomenclature_current,6120718c-40ba-11ee-9c4e-00505689ff45,00-00008718,"Вэнди РС1  пастеризованный 0,5кг. Полив",,b60b8b28-6156-11eb-9c2d-0050560417d5,false,false
Номенклатура — current,raw.r1c_nomenclature_current,ca47a9f5-40b9-11ee-9c4e-00505689ff45,00-00008579,Вэнди РС1  эконом  Сетка на рулоне 2.5кг. Без полива,,44afa757-6157-11eb-9c2d-0050560417d5,false,false
Номенклатура — current,raw.r1c_nomenclature_current,ca47a9f4-40b9-11ee-9c4e-00505689ff45,00-00008578,Вэнди РС1  эконом  Сетка на рулоне 2.5кг. Полив,,44afa757-6157-11eb-9c2d-0050560417d5,false,false
Номенклатура — current,raw.r1c_nomenclature_current,d0c199fa-40b9-11ee-9c4e-00505689ff45,00-00008607,Вэнди РС1  эконом  Сетка на рулоне 3кг. Без полива,,44afa757-6157-11eb-9c2d-0050560417d5,false,false
Номенклатура — current,raw.r1c_nomenclature_current,d080da63-40b9-11ee-9c4e-00505689ff45,00-00008606,Вэнди РС1  эконом  Сетка на рулоне 3кг. Полив,,44afa757-6157-11eb-9c2d-0050560417d5,false,false
Номенклатура — current,raw.r1c_nomenclature_current,b44b3e1e-40ba-11ee-9c4e-00505689ff45,00-00008971,Вэнди РС1 грязный  Сетка на завязке 25кг. Без полива,,731f2b5d-6157-11eb-9c2d-0050560417d5,false,false
Номенклатура — current,raw.r1c_nomenclature_current,b25130cf-40ba-11ee-9c4e-00505689ff45,00-00008970,Вэнди РС1 грязный  Сетка на завязке 25кг. Полив,,731f2b5d-6157-11eb-9c2d-0050560417d5,false,false
Номенклатура — current,raw.r1c_nomenclature_current,a84665a8-40ba-11ee-9c4e-00505689ff45,00-00008915,Вэнди РС1 грязный  Сетка на рулоне 10кг. Без полива,,731f2b5d-6157-11eb-9c2d-0050560417d5,false,false
Номенклатура — current,raw.r1c_nomenclature_current,a84665a7-40ba-11ee-9c4e-00505689ff45,00-00008914,Вэнди РС1 грязный  Сетка на рулоне 10кг. Полив,,731f2b5d-6157-11eb-9c2d-0050560417d5,false,false
Номенклатура — current,raw.r1c_nomenclature_current,96ee1310-40ba-11ee-9c4e-00505689ff45,00-00008831,Вэнди РС1 грязный  Сетка на рулоне 2.5кг Без полива,,731f2b5d-6157-11eb-9c2d-0050560417d5,false,false
Номенклатура — current,raw.r1c_nomenclature_current,969c45c7-40ba-11ee-9c4e-00505689ff45,00-00008830,Вэнди РС1 грязный  Сетка на рулоне 2.5кг Полив,,731f2b5d-6157-11eb-9c2d-0050560417d5,false,false
Номенклатура — current,raw.r1c_nomenclature_current,aea3a6d8-40ba-11ee-9c4e-00505689ff45,00-00008943,Вэнди РС1 грязный  Сетка на рулоне 25кг. Без полива,,731f2b5d-6157-11eb-9c2d-0050560417d5,false,false
Номенклатура — current,raw.r1c_nomenclature_current,ae7dd228-40ba-11ee-9c4e-00505689ff45,00-00008942,Вэнди РС1 грязный  Сетка на рулоне 25кг. Полив,,731f2b5d-6157-11eb-9c2d-0050560417d5,false,false
Номенклатура — current,raw.r1c_nomenclature_current,9cec10e3-40ba-11ee-9c4e-00505689ff45,00-00008859,Вэнди РС1 грязный  Сетка на рулоне 3кг. Без полива,,731f2b5d-6157-11eb-9c2d-0050560417d5,false,false
Номенклатура — current,raw.r1c_nomenclature_current,9ca8b874-40ba-11ee-9c4e-00505689ff45,00-00008858,Вэнди РС1 грязный  Сетка на рулоне 3кг. Полив,,731f2b5d-6157-11eb-9c2d-0050560417d5,false,false
Номенклатура — current,raw.r1c_nomenclature_current,a23052f8-40ba-11ee-9c4e-00505689ff45,00-00008887,Вэнди РС1 грязный  Сетка на рулоне 5кг. Без полива,,731f2b5d-6157-11eb-9c2d-0050560417d5,false,false
Номенклатура — current,raw.r1c_nomenclature_current,a23052f7-40ba-11ee-9c4e-00505689ff45,00-00008886,Вэнди РС1 грязный  Сетка на рулоне 5кг. Полив,,731f2b5d-6157-11eb-9c2d-0050560417d5,false,false
Номенклатура — current,raw.r1c_nomenclature_current,bad927f8-40ba-11ee-9c4e-00505689ff45,00-00008999,Вэнди РС1 грязный  биг-бег 1000кг. Без полива,,731f2b5d-6157-11eb-9c2d-0050560417d5,false,false
Номенклатура — current,raw.r1c_nomenclature_current,ba6e89fe-40ba-11ee-9c4e-00505689ff45,00-00008998,Вэнди РС1 грязный  биг-бег 1000кг. Полив,,731f2b5d-6157-11eb-9c2d-0050560417d5,false,false
Номенклатура — current,raw.r1c_nomenclature_current,ecbe3009-40ba-11ee-9c4e-00505689ff45,00-00009111,Вэнди РС1 мытый  Биг-бег 1000кг. Без полива,,44afa757-6157-11eb-9c2d-0050560417d5,false,false
Номенклатура — current,raw.r1c_nomenclature_current,ec731b13-40ba-11ee-9c4e-00505689ff45,00-00009110,Вэнди РС1 мытый  Биг-бег 1000кг. Полив,,44afa757-6157-11eb-9c2d-0050560417d5,false,false
Номенклатура — current,raw.r1c_nomenclature_current,f0c365ae-40ba-11ee-9c4e-00505689ff45,00-00009139,Вэнди РС1 мытый  Сетка на рулоне 2.5кг Без полива,,44afa757-6157-11eb-9c2d-0050560417d5,false,false
Номенклатура — current,raw.r1c_nomenclature_current,f0c364b4-40ba-11ee-9c4e-00505689ff45,00-00009138,Вэнди РС1 мытый  Сетка на рулоне 2.5кг Полив,,44afa757-6157-11eb-9c2d-0050560417d5,false,false
Номенклатура — current,raw.r1c_nomenclature_current,e47588fc-40ba-11ee-9c4e-00505689ff45,00-00009083,Вэнди РС1 мытый Сетка 25кг. Без полива,,44afa757-6157-11eb-9c2d-0050560417d5,false,false
Номенклатура — current,raw.r1c_nomenclature_current,e47588fb-40ba-11ee-9c4e-00505689ff45,00-00009082,Вэнди РС1 мытый Сетка 25кг. Полив,,44afa757-6157-11eb-9c2d-0050560417d5,false,false
Номенклатура — current,raw.r1c_nomenclature_current,dc1b598b-40ba-11ee-9c4e-00505689ff45,00-00009027,"Вэнди РС1 мытый Сетка-домик 2,5кг Без полива",,44afa757-6157-11eb-9c2d-0050560417d5,false,false
Номенклатура — current,raw.r1c_nomenclature_current,dbe55ed7-40ba-11ee-9c4e-00505689ff45,00-00009026,"Вэнди РС1 мытый Сетка-домик 2,5кг Полив",,44afa757-6157-11eb-9c2d-0050560417d5,false,false
Номенклатура — current,raw.r1c_nomenclature_current,e1542740-40ba-11ee-9c4e-00505689ff45,00-00009055,Вэнди РС1 мытый Сетка-домик 3кг Без полива,,44afa757-6157-11eb-9c2d-0050560417d5,false,false
Номенклатура — current,raw.r1c_nomenclature_current,e1107e5d-40ba-11ee-9c4e-00505689ff45,00-00009054,Вэнди РС1 мытый Сетка-домик 3кг Полив,,44afa757-6157-11eb-9c2d-0050560417d5,false,false
Номенклатура — current,raw.r1c_nomenclature_current,d63b593d-40b9-11ee-9c4e-00505689ff45,00-00008663,Вэнди РС1 семена  Сетка на завязке 25кг. Без полива,,b60b8b28-6156-11eb-9c2d-0050560417d5,false,false
Номенклатура — current,raw.r1c_nomenclature_current,d63b593c-40b9-11ee-9c4e-00505689ff45,00-00008662,Вэнди РС1 семена  Сетка на завязке 25кг. Полив,,b60b8b28-6156-11eb-9c2d-0050560417d5,false,false
Номенклатура — current,raw.r1c_nomenclature_current,d4fc7676-40b9-11ee-9c4e-00505689ff45,00-00008635,Вэнди РС1 семена  Сетка на рулоне 25кг. Без полива,,b60b8b28-6156-11eb-9c2d-0050560417d5,false,false
Номенклатура — current,raw.r1c_nomenclature_current,d4fc7675-40b9-11ee-9c4e-00505689ff45,00-00008634,Вэнди РС1 семена  Сетка на рулоне 25кг. Полив,,b60b8b28-6156-11eb-9c2d-0050560417d5,false,false
Номенклатура — current,raw.r1c_nomenclature_current,3e39b0b8-40ba-11ee-9c4e-00505689ff45,00-00008691,Вэнди РС1 семена  биг-бег 1000кг. Без полива,,b60b8b28-6156-11eb-9c2d-0050560417d5,false,false
Номенклатура — current,raw.r1c_nomenclature_current,3e39b0b7-40ba-11ee-9c4e-00505689ff45,00-00008690,Вэнди РС1 семена  биг-бег 1000кг. Полив,,b60b8b28-6156-11eb-9c2d-0050560417d5,false,false
Номенклатура — current,raw.r1c_nomenclature_current,71b99d9d-40ba-11ee-9c4e-00505689ff45,00-00008747,"Вэнди РС1 семена  пастеризованный 0,5кг. Без полива",,b60b8b28-6156-11eb-9c2d-0050560417d5,false,false
Номенклатура — current,raw.r1c_nomenclature_current,718f3424-40ba-11ee-9c4e-00505689ff45,00-00008746,"Вэнди РС1 семена  пастеризованный 0,5кг. Полив",,b60b8b28-6156-11eb-9c2d-0050560417d5,false,false
Номенклатура — current,raw.r1c_nomenclature_current,ce70fe91-910f-11ef-9c5e-00505689ff45,00-00011326,Вэнди РС2 мытый Сетка-домик 3кг Полив,,03e63608-4b80-11f0-b810-005056bde474,false,false
Номенклатура — current,raw.r1c_nomenclature_current,42e897a4-40bb-11ee-9c4e-00505689ff45,00-00009169,"Вэнди РС4  Сетка-домик 1,5кг. Без полива",,44afa757-6157-11eb-9c2d-0050560417d5,false,false
Номенклатура — current,raw.r1c_nomenclature_current,404762d9-40bb-11ee-9c4e-00505689ff45,00-00009168,"Вэнди РС4  Сетка-домик 1,5кг. Полив",,44afa757-6157-11eb-9c2d-0050560417d5,false,false
Номенклатура — current,raw.r1c_nomenclature_current,4932893f-40bb-11ee-9c4e-00505689ff45,00-00009197,Вэнди РС4  Сетка-домик 2кг. Без полива,,44afa757-6157-11eb-9c2d-0050560417d5,false,false
Номенклатура — current,raw.r1c_nomenclature_current,48fb891e-40bb-11ee-9c4e-00505689ff45,00-00009196,Вэнди РС4  Сетка-домик 2кг. Полив,,44afa757-6157-11eb-9c2d-0050560417d5,false,false
Номенклатура — current,raw.r1c_nomenclature_current,bb53cd1a-40ba-11ee-9c4e-00505689ff45,00-00009001,Вэнди РС4  грязный биг-бег 1000кг. Без полива,,731f2b5d-6157-11eb-9c2d-0050560417d5,false,false
Номенклатура — current,raw.r1c_nomenclature_current,bb1cf2f2-40ba-11ee-9c4e-00505689ff45,00-00009000,Вэнди РС4  грязный биг-бег 1000кг. Полив,,731f2b5d-6157-11eb-9c2d-0050560417d5,false,false
Номенклатура — current,raw.r1c_nomenclature_current,83268a65-40ba-11ee-9c4e-00505689ff45,00-00008777,Вэнди РС4  очищенный в ву 1кг. Без полива,,b60b8b28-6156-11eb-9c2d-0050560417d5,false,false
Номенклатура — current,raw.r1c_nomenclature_current,830f1ded-40ba-11ee-9c4e-00505689ff45,00-00008776,Вэнди РС4  очищенный в ву 1кг. Полив,,b60b8b28-6156-11eb-9c2d-0050560417d5,false,false
Номенклатура — current,raw.r1c_nomenclature_current,88a02382-40ba-11ee-9c4e-00505689ff45,00-00008805,Вэнди РС4  очищенный в ву 5кг. Без полива,,b60b8b28-6156-11eb-9c2d-0050560417d5,false,false
Номенклатура — current,raw.r1c_nomenclature_current,88a011bd-40ba-11ee-9c4e-00505689ff45,00-00008804,Вэнди РС4  очищенный в ву 5кг. Полив,,b60b8b28-6156-11eb-9c2d-0050560417d5,false,false
Номенклатура — current,raw.r1c_nomenclature_current,6120718f-40ba-11ee-9c4e-00505689ff45,00-00008721,"Вэнди РС4  пастеризованный 0,5кг. Без полива",,b60b8b28-6156-11eb-9c2d-0050560417d5,false,false
Номенклатура — current,raw.r1c_nomenclature_current,6120718e-40ba-11ee-9c4e-00505689ff45,00-00008720,"Вэнди РС4  пастеризованный 0,5кг. Полив",,b60b8b28-6156-11eb-9c2d-0050560417d5,false,false
Номенклатура — current,raw.r1c_nomenclature_current,ca47aa09-40b9-11ee-9c4e-00505689ff45,00-00008581,Вэнди РС4  эконом  Сетка на рулоне 2.5кг. Без полива,,44afa757-6157-11eb-9c2d-0050560417d5,false,false
Номенклатура — current,raw.r1c_nomenclature_current,ca47a9f6-40b9-11ee-9c4e-00505689ff45,00-00008580,Вэнди РС4  эконом  Сетка на рулоне 2.5кг. Полив,,44afa757-6157-11eb-9c2d-0050560417d5,false,false
Номенклатура — current,raw.r1c_nomenclature_current,d11e700c-40b9-11ee-9c4e-00505689ff45,00-00008609,Вэнди РС4  эконом  Сетка на рулоне 3кг. Без полива,,44afa757-6157-11eb-9c2d-0050560417d5,false,false
Номенклатура — current,raw.r1c_nomenclature_current,d0ebd56d-40b9-11ee-9c4e-00505689ff45,00-00008608,Вэнди РС4  эконом  Сетка на рулоне 3кг. Полив,,44afa757-6157-11eb-9c2d-0050560417d5,false,false
Номенклатура — current,raw.r1c_nomenclature_current,b44b3e20-40ba-11ee-9c4e-00505689ff45,00-00008973,Вэнди РС4 грязный  Сетка на завязке 25кг. Без полива,,731f2b5d-6157-11eb-9c2d-0050560417d5,false,false
Номенклатура — current,raw.r1c_nomenclature_current,b44b3e1f-40ba-11ee-9c4e-00505689ff45,00-00008972,Вэнди РС4 грязный  Сетка на завязке 25кг. Полив,,731f2b5d-6157-11eb-9c2d-0050560417d5,false,false
Номенклатура — current,raw.r1c_nomenclature_current,a84665ce-40ba-11ee-9c4e-00505689ff45,00-00008917,Вэнди РС4 грязный  Сетка на рулоне 10кг. Без полива,,731f2b5d-6157-11eb-9c2d-0050560417d5,false,false
Номенклатура — current,raw.r1c_nomenclature_current,a84665a9-40ba-11ee-9c4e-00505689ff45,00-00008916,Вэнди РС4 грязный  Сетка на рулоне 10кг. Полив,,731f2b5d-6157-11eb-9c2d-0050560417d5,false,false
Номенклатура — current,raw.r1c_nomenclature_current,af16f144-40ba-11ee-9c4e-00505689ff45,00-00008945,Вэнди РС4 грязный  Сетка на рулоне 25кг. Без полива,,731f2b5d-6157-11eb-9c2d-0050560417d5,false,false
Номенклатура — current,raw.r1c_nomenclature_current,aecd3db8-40ba-11ee-9c4e-00505689ff45,00-00008944,Вэнди РС4 грязный  Сетка на рулоне 25кг. Полив,,731f2b5d-6157-11eb-9c2d-0050560417d5,false,false
Номенклатура — current,raw.r1c_nomenclature_current,9d826413-40ba-11ee-9c4e-00505689ff45,00-00008861,Вэнди РС4 грязный  Сетка на рулоне 3кг. Без полива,,731f2b5d-6157-11eb-9c2d-0050560417d5,false,false
Номенклатура — current,raw.r1c_nomenclature_current,9d4023e5-40ba-11ee-9c4e-00505689ff45,00-00008860,Вэнди РС4 грязный  Сетка на рулоне 3кг. Полив,,731f2b5d-6157-11eb-9c2d-0050560417d5,false,false
Номенклатура — current,raw.r1c_nomenclature_current,a23052fa-40ba-11ee-9c4e-00505689ff45,00-00008889,Вэнди РС4 грязный  Сетка на рулоне 5кг. Без полива,,731f2b5d-6157-11eb-9c2d-0050560417d5,false,false
Номенклатура — current,raw.r1c_nomenclature_current,a23052f9-40ba-11ee-9c4e-00505689ff45,00-00008888,Вэнди РС4 грязный  Сетка на рулоне 5кг. Полив,,731f2b5d-6157-11eb-9c2d-0050560417d5,false,false
Номенклатура — current,raw.r1c_nomenclature_current,977b3ba9-40ba-11ee-9c4e-00505689ff45,00-00008833,Вэнди РС4 грязный Сетка на рулоне 2.5кг Без полива,,731f2b5d-6157-11eb-9c2d-0050560417d5,false,false
Номенклатура — current,raw.r1c_nomenclature_current,971ce7fb-40ba-11ee-9c4e-00505689ff45,00-00008832,Вэнди РС4 грязный Сетка на рулоне 2.5кг Полив,,731f2b5d-6157-11eb-9c2d-0050560417d5,false,false
Номенклатура — current,raw.r1c_nomenclature_current,ed1a4726-40ba-11ee-9c4e-00505689ff45,00-00009113,Вэнди РС4 мытый  Биг-бег 1000кг. Без полива,,44afa757-6157-11eb-9c2d-0050560417d5,false,false
Номенклатура — current,raw.r1c_nomenclature_current,ecece099-40ba-11ee-9c4e-00505689ff45,00-00009112,Вэнди РС4 мытый  Биг-бег 1000кг. Полив,,44afa757-6157-11eb-9c2d-0050560417d5,false,false
Номенклатура — current,raw.r1c_nomenclature_current,f0c36c25-40ba-11ee-9c4e-00505689ff45,00-00009141,Вэнди РС4 мытый  Сетка на рулоне 2.5кг Без полива,,44afa757-6157-11eb-9c2d-0050560417d5,false,false
Номенклатура — current,raw.r1c_nomenclature_current,f0c36879-40ba-11ee-9c4e-00505689ff45,00-00009140,Вэнди РС4 мытый  Сетка на рулоне 2.5кг Полив,,44afa757-6157-11eb-9c2d-0050560417d5,false,false
Номенклатура — current,raw.r1c_nomenclature_current,e47588fe-40ba-11ee-9c4e-00505689ff45,00-00009085,Вэнди РС4 мытый Сетка 25кг. Без полива,,44afa757-6157-11eb-9c2d-0050560417d5,false,false
Номенклатура — current,raw.r1c_nomenclature_current,e47588fd-40ba-11ee-9c4e-00505689ff45,00-00009084,Вэнди РС4 мытый Сетка 25кг. Полив,,44afa757-6157-11eb-9c2d-0050560417d5,false,false
Номенклатура — current,raw.r1c_nomenclature_current,dc5fd7d4-40ba-11ee-9c4e-00505689ff45,00-00009029,"Вэнди РС4 мытый Сетка-домик 2,5кг Без полива",,44afa757-6157-11eb-9c2d-0050560417d5,false,false
Номенклатура — current,raw.r1c_nomenclature_current,dc5fbdb4-40ba-11ee-9c4e-00505689ff45,00-00009028,"Вэнди РС4 мытый Сетка-домик 2,5кг Полив",,44afa757-6157-11eb-9c2d-0050560417d5,false,false
Номенклатура — current,raw.r1c_nomenclature_current,e1a2d155-40ba-11ee-9c4e-00505689ff45,00-00009057,Вэнди РС4 мытый Сетка-домик 3кг Без полива,,44afa757-6157-11eb-9c2d-0050560417d5,false,false
Номенклатура — current,raw.r1c_nomenclature_current,e17663f6-40ba-11ee-9c4e-00505689ff45,00-00009056,Вэнди РС4 мытый Сетка-домик 3кг Полив,,44afa757-6157-11eb-9c2d-0050560417d5,false,false
Номенклатура — current,raw.r1c_nomenclature_current,d4fc7678-40b9-11ee-9c4e-00505689ff45,00-00008637,Вэнди РС4 семена  Сетка на рулоне 25кг. Без полива,,b60b8b28-6156-11eb-9c2d-0050560417d5,false,false
Номенклатура — current,raw.r1c_nomenclature_current,d4fc7677-40b9-11ee-9c4e-00505689ff45,00-00008636,Вэнди РС4 семена  Сетка на рулоне 25кг. Полив,,b60b8b28-6156-11eb-9c2d-0050560417d5,false,false
Номенклатура — current,raw.r1c_nomenclature_current,721e15d0-40ba-11ee-9c4e-00505689ff45,00-00008749,"Вэнди РС4 семена  пастеризованный 0,5кг. Без полива",,b60b8b28-6156-11eb-9c2d-0050560417d5,false,false
Номенклатура — current,raw.r1c_nomenclature_current,71e20761-40ba-11ee-9c4e-00505689ff45,00-00008748,"Вэнди РС4 семена  пастеризованный 0,5кг. Полив",,b60b8b28-6156-11eb-9c2d-0050560417d5,false,false
Номенклатура — current,raw.r1c_nomenclature_current,d63b593f-40b9-11ee-9c4e-00505689ff45,00-00008665,Вэнди РС4 семена Сетка на завязке 25кг. Без полива,,b60b8b28-6156-11eb-9c2d-0050560417d5,false,false
Номенклатура — current,raw.r1c_nomenclature_current,d63b593e-40b9-11ee-9c4e-00505689ff45,00-00008664,Вэнди РС4 семена Сетка на завязке 25кг. Полив,,b60b8b28-6156-11eb-9c2d-0050560417d5,false,false
Номенклатура — current,raw.r1c_nomenclature_current,3e39b456-40ba-11ee-9c4e-00505689ff45,00-00008693,Вэнди РС4 семена биг-бег 1000кг. Без полива,,b60b8b28-6156-11eb-9c2d-0050560417d5,false,false
Номенклатура — current,raw.r1c_nomenclature_current,3e39b0d7-40ba-11ee-9c4e-00505689ff45,00-00008692,Вэнди РС4 семена биг-бег 1000кг. Полив,,b60b8b28-6156-11eb-9c2d-0050560417d5,false,false
Номенклатура — current,raw.r1c_nomenclature_current,ebb25c24-2b1e-11f0-b80e-005056bde474,00-00012184,ГИДР.ШЛАНГ-3000-НВД6-2SN,,45c9e202-0a37-11f0-b80e-005056bde474,false,false
Номенклатура — current,raw.r1c_nomenclature_current,726ed460-2b1e-11f0-b80e-005056bde474,00-00012181,ГИДРОЛИНИЯ,,45c9e202-0a37-11f0-b80e-005056bde474,false,false
Номенклатура — current,raw.r1c_nomenclature_current,524284dc-1e18-11f1-b81f-005056bde474,00-00013856,ГЛАВНЫЙ ФИЛЬТР ЭЛЕМЕНТ TG1204.11H.1.1,,45c9e202-0a37-11f0-b80e-005056bde474,false,false
Номенклатура — current,raw.r1c_nomenclature_current,9739ed1e-2b1c-11f0-b80e-005056bde474,00-00012168,ГО ПЛИТЫ- XLВЫПУКЛ.ГРЕБ.90-4Р.,,45c9e202-0a37-11f0-b80e-005056bde474,false,false
Номенклатура — current,raw.r1c_nomenclature_current,9b060c27-71d9-11e7-85a2-d43d7eec442d,00-00000005,ГОТОВАЯ ПРОДУКЦИЯ,,00000000-0000-0000-0000-000000000000,true,false
Номенклатура — current,raw.r1c_nomenclature_current,d57d3d8b-695c-11f1-b822-005056bde474,00-00014511,ГОТОВАЯ ПРОДУКЦИЯ ДАВАЛЬЧЕСКАЯ,,00000000-0000-0000-0000-000000000000,true,false
Номенклатура — current,raw.r1c_nomenclature_current,9088ee9f-75dc-11e7-af18-30f7727a492e,00-00000054,ГСМ,,dece0a1b-094b-11f0-b80e-005056bde474,true,false
Номенклатура — current,raw.r1c_nomenclature_current,17aab825-1533-11ec-9c3a-00505689ff45,АК-00004988,ГУР 70-3400020,,9b060c03-71d9-11e7-85a2-d43d7eec442d,false,false
Номенклатура — current,raw.r1c_nomenclature_current,e4720d31-3d8c-11f1-b821-005056bde474,00-00014083,Газ,,9088ee9f-75dc-11e7-af18-30f7727a492e,true,false
Номенклатура — current,raw.r1c_nomenclature_current,e4b67bae-be02-11eb-b480-fa163e0d31f7,БП-00004011,Газ для плит 220 гр. баллон цантовый,,e4720d31-3d8c-11f1-b821-005056bde474,false,false
Номенклатура — current,raw.r1c_nomenclature_current,2b4f4ffc-e996-11e9-af7d-30f7727a492e,00-00002099,Газ пропан-бутан  50л,,e4720d31-3d8c-11f1-b821-005056bde474,false,false
Номенклатура — current,raw.r1c_nomenclature_current,4e576f9e-7747-11ef-9c5d-00505689ff45,00-00011101,Газ универсальный ,,e4720d31-3d8c-11f1-b821-005056bde474,false,false
Номенклатура — current,raw.r1c_nomenclature_current,a07db857-4dcc-11ec-9c40-00505689c8d9,АК-00005701,Газ универсальный для портативных газовых приборов 7434,,e4720d31-3d8c-11f1-b821-005056bde474,false,false
Номенклатура — current,raw.r1c_nomenclature_current,ccb62a9f-f524-11eb-9c3a-00505689ff45,АК-00003456,Газель Инсектицид,,f9d67774-531d-11f0-b811-005056bde474,false,false
Номенклатура — current,raw.r1c_nomenclature_current,29dc58ee-ef21-11f0-b81e-005056bde474,00-00013342,Газовый баллон МАПП PRO TJ141M,,8374e631-729b-11f0-b814-005056bde474,false,false
Номенклатура — current,raw.r1c_nomenclature_current,f61509b3-23d9-11ed-9c43-cb6d75bb653b,00-00007040,Газонокасилка бензиновая HUTER GLM5,,9088eeaf-75dc-11e7-af18-30f7727a492e,false,false
Номенклатура — current,raw.r1c_nomenclature_current,db721c82-d1e5-11f0-b81e-005056bde474,00-00013044,Гайка,,45c9e202-0a37-11f0-b80e-005056bde474,false,false
Номенклатура — current,raw.r1c_nomenclature_current,604829b0-1434-11ef-9c4f-005056893620,00-00010533,Гайка  ИЯВТ 106-04.02.802,,9b060c03-71d9-11e7-85a2-d43d7eec442d,false,false
Номенклатура — current,raw.r1c_nomenclature_current,d2aed06d-038c-11ea-951d-30f7727a492e,00-00002180,Гайка  МТЗ БЗТДиА 80-1701045,,9b060c03-71d9-11e7-85a2-d43d7eec442d,false,false
Номенклатура — current,raw.r1c_nomenclature_current,2db5c040-6a41-11e9-af6b-30f7727a492e,00-00001551,Гайка  МТЗ вала промежуточного БЗТДиА,,9b060c03-71d9-11e7-85a2-d43d7eec442d,false,false
Номенклатура — current,raw.r1c_nomenclature_current,337da48b-c0e6-11e9-af79-30f7727a492e,00-00001871,Гайка  МТЗ оси навески РФ А04.02.020-01,,9b060c03-71d9-11e7-85a2-d43d7eec442d,false,false
Номенклатура — current,raw.r1c_nomenclature_current,2e0ba9bc-ddc9-11ed-9c4e-00505689ff45,00-00007790,"Гайка  МТЗ, БЗТДиА 1221-3101013",,9b060c03-71d9-11e7-85a2-d43d7eec442d,false,false
Номенклатура — current,raw.r1c_nomenclature_current,eb09a1f8-ba23-11f0-b81e-005056bde474,00-00012968,Гайка + шайба,,9088eead-75dc-11e7-af18-30f7727a492e,false,false
Номенклатура — current,raw.r1c_nomenclature_current,82253353-1d78-11ea-9522-30f7727a492e,00-00002258,Гайка /шайба М 20,,9b060c03-71d9-11e7-85a2-d43d7eec442d,false,false
Номенклатура — current,raw.r1c_nomenclature_current,9a9c1fa6-2ae5-11ec-b9a9-00505689914b,АК-00005445,Гайка 5 цинк ,,9b060c03-71d9-11e7-85a2-d43d7eec442d,false,false
Номенклатура — current,raw.r1c_nomenclature_current,e6189c8b-c0c0-11e9-af79-30f7727a492e,00-00001835,Гайка 85.32.114,,9b060c03-71d9-11e7-85a2-d43d7eec442d,false,false
Номенклатура — current,raw.r1c_nomenclature_current,b9fe9ac8-92c8-11eb-0c80-fa163e0d31f7,БП-00003829,Гайка JB8915,,9b060c03-71d9-11e7-85a2-d43d7eec442d,false,false
Номенклатура — current,raw.r1c_nomenclature_current,37bb23c8-523b-11ee-9c4e-00505689ff45,00-00009521,Гайка d 24 шайба,,9088eead-75dc-11e7-af18-30f7727a492e,false,false
Номенклатура — current,raw.r1c_nomenclature_current,5093cadc-13d9-11f0-b80e-005056bde474,00-00011930,Гайка БДН-3-0М-02.00.015М,,45c9e202-0a37-11f0-b80e-005056bde474,false,false
Номенклатура — current,raw.r1c_nomenclature_current,c3824501-f8e5-11ef-b80e-005056bde474,00-00011701,Гайка БДТ 00.622,,9b060c03-71d9-11e7-85a2-d43d7eec442d,false,false
Номенклатура — current,raw.r1c_nomenclature_current,6fc7569a-13d8-11f0-b80e-005056bde474,00-00011926,Гайка ИЯВТ 106-04.02.802,,45c9e202-0a37-11f0-b80e-005056bde474,false,false
Номенклатура — current,raw.r1c_nomenclature_current,7c26326d-3766-11ee-9c4e-00505689ff45,00-00008433,"Гайка М 10 *1,25 КАМАЗ многоцелевая",,45c9e202-0a37-11f0-b80e-005056bde474,false,false
Номенклатура — current,raw.r1c_nomenclature_current,5c10e6c9-1cd3-11ef-9c58-00505689ff45,00-00010599,Гайка М 10.8,,9b060c03-71d9-11e7-85a2-d43d7eec442d,false,false
Номенклатура — current,raw.r1c_nomenclature_current,b6d1be52-99bc-11ea-952a-30f7727a492e,00-00002700,Гайка М 12 лемеха ГОСТ 5927,,9b060c03-71d9-11e7-85a2-d43d7eec442d,false,false
Номенклатура — current,raw.r1c_nomenclature_current,f826df00-7e64-11ee-9c4a-005056893620,00-00009741,"Гайка М 14*1,5 крепления колеса",,9b060c03-71d9-11e7-85a2-d43d7eec442d,false,false
Номенклатура — current,raw.r1c_nomenclature_current,15dd23de-cf62-11eb-bd90-fa163e0d31f7,БП-00004158,Гайка М 16,,9b060c03-71d9-11e7-85a2-d43d7eec442d,false,false
Номенклатура — current,raw.r1c_nomenclature_current,d98c3e96-82ec-11ed-9c4c-00505689ff45,00-00007528,Гайка М 18,,9b060c03-71d9-11e7-85a2-d43d7eec442d,false,false
Номенклатура — current,raw.r1c_nomenclature_current,0609368f-a159-11e8-af4c-30f7727a492e,00-00001113,Гайка М 20,,9b060c03-71d9-11e7-85a2-d43d7eec442d,false,false
Номенклатура — current,raw.r1c_nomenclature_current,efe0eee4-6498-11e8-af3d-30f7727a492e,00-00000877,Гайка М 20 1 эт,,9b060c03-71d9-11e7-85a2-d43d7eec442d,false,false
Номенклатура — current,raw.r1c_nomenclature_current,9724944c-189f-11ed-9c43-cb6d75bb653b,00-00006933,Гайка М 22,,9b060c03-71d9-11e7-85a2-d43d7eec442d,false,false
Номенклатура — current,raw.r1c_nomenclature_current,76c7e005-8815-11e9-af70-30f7727a492e,00-00001657,"Гайка М 22х1,5х35 стремянки рессоры задней ЗИЛ-130,4331 РААЗ",,9b060c03-71d9-11e7-85a2-d43d7eec442d,false,false
Номенклатура — current,raw.r1c_nomenclature_current,79e7c73f-51fe-11ee-9c4e-00505689ff45,00-00009513,Гайка М 24-6Н 5.0112 ГОСТ 5915-70,,9b060c03-71d9-11e7-85a2-d43d7eec442d,false,false
Номенклатура — current,raw.r1c_nomenclature_current,6fb916cc-e225-11ef-b80c-005056bde474,00-00011618,"Гайка М 30х1,5 левая",,9b060c03-71d9-11e7-85a2-d43d7eec442d,false,false
Номенклатура — current,raw.r1c_nomenclature_current,7c572024-e225-11ef-b80c-005056bde474,00-00011619,"Гайка М 30х1,5 правая",,9b060c03-71d9-11e7-85a2-d43d7eec442d,false,false
Номенклатура — current,raw.r1c_nomenclature_current,a73b924e-c7cf-11e9-af79-30f7727a492e,00-00001945,Гайка М 30х2 (на 016 ось),,9b060c03-71d9-11e7-85a2-d43d7eec442d,false,false
Номенклатура — current,raw.r1c_nomenclature_current,81437f06-64b5-11e8-af3d-30f7727a492e,00-00000893,Гайка М 36*3 К-700,,9b060c03-71d9-11e7-85a2-d43d7eec442d,false,false
Номенклатура — current,raw.r1c_nomenclature_current,ffbb2f1d-189f-11ed-9c43-cb6d75bb653b,00-00006934,Гайка М 5,,9b060c03-71d9-11e7-85a2-d43d7eec442d,false,false
Номенклатура — current,raw.r1c_nomenclature_current,37003c09-b2df-11e9-af76-30f7727a492e,00-00001797,Гайка М 8 ,,9b060c03-71d9-11e7-85a2-d43d7eec442d,false,false
Номенклатура — current,raw.r1c_nomenclature_current,3986e490-d29f-11ec-9c42-00505689c8d9,00-00006532,Гайка М 8х6 оц.ГОСТ5927-70,,9b060c03-71d9-11e7-85a2-d43d7eec442d,false,false
Номенклатура — current,raw.r1c_nomenclature_current,5c32ca70-4bcb-11ed-9c43-cb6d75bb653b,00-00007265,Гайка М-10,,9b060c03-71d9-11e7-85a2-d43d7eec442d,false,false
