category,source_table,object_id,object_code,original_name,full_name,parent_id,is_folder,deletion_mark
Номенклатура — current,raw.r1c_nomenclature_current,a4ee5612-753f-11e9-af6d-30f7727a492e,00-00001567,Ремкомплект МТЗ -1221 наконечника рулевой тяги (с пальцем),,9b060c03-71d9-11e7-85a2-d43d7eec442d,false,false
Номенклатура — current,raw.r1c_nomenclature_current,d61d12f2-988b-11eb-9b81-fa163e0d31f7,БП-00003851,"Ремкомплект МТЗ-80,82,100,102 тормозов  70-350 РК",,9b060c03-71d9-11e7-85a2-d43d7eec442d,false,false
Номенклатура — current,raw.r1c_nomenclature_current,337da480-c0e6-11e9-af79-30f7727a492e,00-00001864,"Ремкомплект МТЗ-80,82,82А моста переднего ведущего (полный)  72-230 РК",,9b060c03-71d9-11e7-85a2-d43d7eec442d,false,false
Номенклатура — current,raw.r1c_nomenclature_current,5d953603-000f-11ec-9c3a-00505689ff45,АК-00003946,Ремкомплект НШ-10,,9b060c03-71d9-11e7-85a2-d43d7eec442d,false,false
Номенклатура — current,raw.r1c_nomenclature_current,979eb1dc-a495-11ee-9c4c-005056893620,00-00010027,Ремкомплект НШ-32,,9b060c03-71d9-11e7-85a2-d43d7eec442d,false,false
Номенклатура — current,raw.r1c_nomenclature_current,30019159-e029-11e9-af7c-30f7727a492e,00-00001982,Ремкомплект главного тормозного цилиндра,,9b060c03-71d9-11e7-85a2-d43d7eec442d,false,false
Номенклатура — current,raw.r1c_nomenclature_current,5d40cb75-dddc-11ed-9c4e-00505689ff45,00-00007792,Ремкомплект для б/к шин в кейсе ATRK-4,,9b060c03-71d9-11e7-85a2-d43d7eec442d,false,false
Номенклатура — current,raw.r1c_nomenclature_current,a87a2cb7-2996-11f0-b80e-005056bde474,00-00012070,Ремкомплект для подключения радиатора отопителя салона,,20296b06-0a38-11f0-b80e-005056bde474,false,false
Номенклатура — current,raw.r1c_nomenclature_current,12ef990c-a495-11ee-9c4c-005056893620,00-00010025,Ремкомплект крана подпедального 100-3514109,,9b060c03-71d9-11e7-85a2-d43d7eec442d,false,false
Номенклатура — current,raw.r1c_nomenclature_current,1bd74358-78f7-11ec-9c40-00505689c8d9,АК-00006009,Ремкомплект крепежа,,9b060c03-71d9-11e7-85a2-d43d7eec442d,false,false
Номенклатура — current,raw.r1c_nomenclature_current,0606d531-3786-11ee-9c4e-00505689ff45,00-00008443,Ремкомплект масляного фильтра МАЗ 201-1017010,,9b060c03-71d9-11e7-85a2-d43d7eec442d,false,false
Номенклатура — current,raw.r1c_nomenclature_current,533161cb-a3cf-11ee-9c4c-005056893620,00-00009999,Ремкомплект наконечника МТЗ -1221-3003010,,9b060c03-71d9-11e7-85a2-d43d7eec442d,false,false
Номенклатура — current,raw.r1c_nomenclature_current,0f3907ca-089d-11ef-9c4f-005056893620,00-00010456,Ремкомплект наконечника рулевой тяги МТЗ -1220-3003010 с пальцем,,9b060c03-71d9-11e7-85a2-d43d7eec442d,false,false
Номенклатура — current,raw.r1c_nomenclature_current,edc62faf-d832-11ef-b80c-005056bde474,00-00011568,"Ремкомплект опоры промежуточной МТЗ 80,82",,9b060c03-71d9-11e7-85a2-d43d7eec442d,false,false
Номенклатура — current,raw.r1c_nomenclature_current,bd62f6f2-7da8-11e7-af19-30f7727a492e,00-00000240,Ремкомплект переднего суппорта,,9b060c03-71d9-11e7-85a2-d43d7eec442d,false,false
Номенклатура — current,raw.r1c_nomenclature_current,357264c4-ddbf-11ed-9c4e-00505689ff45,00-00007771,"Ремкомплект сальников коленвала Д-240 50*70*,100*125",,9b060c03-71d9-11e7-85a2-d43d7eec442d,false,false
Номенклатура — current,raw.r1c_nomenclature_current,80a4e633-c52c-11ec-9c42-00505689c8d9,00-00006478,Ремкомплект силового цилиндра ЦС 125,,9b060c03-71d9-11e7-85a2-d43d7eec442d,false,false
Номенклатура — current,raw.r1c_nomenclature_current,9f1fb0c2-dcaf-11ef-b80c-005056bde474,00-00011603,Ремкомплект силового цилиндра ЦС-90,,9b060c03-71d9-11e7-85a2-d43d7eec442d,false,false
Номенклатура — current,raw.r1c_nomenclature_current,a11404fe-80ba-11ef-9c5d-00505689ff45,00-00011179,Ремкомплект ступицы 32210-32214 F8 220x275 M20,,45c9e202-0a37-11f0-b80e-005056bde474,false,false
Номенклатура — current,raw.r1c_nomenclature_current,125774d0-13b2-11f0-b80e-005056bde474,00-00011898,Ремкомплект ступицы заднего колеса,,20296b06-0a38-11f0-b80e-005056bde474,false,false
Номенклатура — current,raw.r1c_nomenclature_current,a7c938e5-13af-11f0-b80e-005056bde474,00-00011897,Ремкомплект ступицы переднего колеса,,20296b06-0a38-11f0-b80e-005056bde474,false,false
Номенклатура — current,raw.r1c_nomenclature_current,9597b5b1-c25a-11e9-af79-30f7727a492e,00-00001896,Ремкомплект суппорта BOX3/JUMP3 R15 пер.(резинки),,9b060c03-71d9-11e7-85a2-d43d7eec442d,false,false
Номенклатура — current,raw.r1c_nomenclature_current,9597b5b0-c25a-11e9-af79-30f7727a492e,00-00001895,Ремкомплект суппорта BOX3/JUMP3/DUC244/250 пер.пальцы,,9b060c03-71d9-11e7-85a2-d43d7eec442d,false,false
Номенклатура — current,raw.r1c_nomenclature_current,6ba08b3f-f738-11ee-9c4c-005056893620,00-00010398,Ремкомплект топливного насоса ТНВД МТЗ,,9b060c03-71d9-11e7-85a2-d43d7eec442d,false,false
Номенклатура — current,raw.r1c_nomenclature_current,093fd512-8a46-11ec-9c42-00505689c8d9,00-00006129,Ремкомплект топливного фильтра МАЗ 236-1117001,,9b060c03-71d9-11e7-85a2-d43d7eec442d,false,false
Номенклатура — current,raw.r1c_nomenclature_current,92c630e2-7f10-11ef-9c5d-00505689ff45,00-00011147,Ремкомплект трубки ПВХ Ф6 (соединитель) осевой ,,9b060c03-71d9-11e7-85a2-d43d7eec442d,false,false
Номенклатура — current,raw.r1c_nomenclature_current,4355afc3-cfce-11ee-9c4c-005056893620,00-00010194,Ремкомплект трубки ПВХ ф10-ф12 (соединитель) осевой ,,9b060c03-71d9-11e7-85a2-d43d7eec442d,false,false
Номенклатура — current,raw.r1c_nomenclature_current,f12cbd01-3b57-11ee-9c4e-00505689ff45,00-00008500,Ремкомплект трубки ПВХ ф12 (соединитель) осевой фитинг,,9b060c03-71d9-11e7-85a2-d43d7eec442d,false,false
Номенклатура — current,raw.r1c_nomenclature_current,2344f964-cfce-11ee-9c4c-005056893620,00-00010193,Ремкомплект трубки ПВХ ф8-ф10 (соединитель) осевой ,,9b060c03-71d9-11e7-85a2-d43d7eec442d,false,false
Номенклатура — current,raw.r1c_nomenclature_current,8417cdfe-2c10-11f1-b81f-005056bde474,00-00013885,Ремкомплект шарниров рул.цил.РК63/Ц63,,45c9e202-0a37-11f0-b80e-005056bde474,false,false
Номенклатура — current,raw.r1c_nomenclature_current,cf25f2b3-0041-11ec-9c3a-00505689ff45,АК-00004001,Ремонтное соединение тип Елочка,,9b060c03-71d9-11e7-85a2-d43d7eec442d,false,false
Номенклатура — current,raw.r1c_nomenclature_current,85691d32-1002-11ec-9c3a-00505689ff45,АК-00004935,Ремонтные работы на базе,,52c3cca5-0968-11f0-b80e-005056bde474,false,false
Номенклатура — current,raw.r1c_nomenclature_current,d3e95460-1001-11ec-9c3a-00505689ff45,АК-00004934,Ремонтные работы на поле,,52c3cca5-0968-11f0-b80e-005056bde474,false,false
Номенклатура — current,raw.r1c_nomenclature_current,8eaa909a-349f-11f0-b80e-005056bde474,00-00012322,Ремонтные работы собственные,,9b060c57-71d9-11e7-85a2-d43d7eec442d,true,false
Номенклатура — current,raw.r1c_nomenclature_current,e1c3f03e-ab24-11ef-9c5e-00505689ff45,00-00011389,Ремонтный набор масляной системы,,9b060c03-71d9-11e7-85a2-d43d7eec442d,false,false
Номенклатура — current,raw.r1c_nomenclature_current,6b9e7378-9191-11e9-af72-30f7727a492e,00-00001694,"Репа ""Орбита""",,dd91457a-3004-11eb-cb85-fa163e0d31f7,false,false
Номенклатура — current,raw.r1c_nomenclature_current,1c443ed5-9c61-11e7-a3d4-94de80168a80,00-00000350,"Репа ""Снежный шар""",,dd91457a-3004-11eb-cb85-fa163e0d31f7,false,false
Номенклатура — current,raw.r1c_nomenclature_current,a06f361c-6a28-11f1-b822-005056bde474,00-00014514,Репеллент MOSQ.Ср.проф.защ.реп.аэр.150 мл.,,9b060c02-71d9-11e7-85a2-d43d7eec442d,false,false
Номенклатура — current,raw.r1c_nomenclature_current,11d808cc-1ac6-11eb-c693-fa163e0d31f7,БП-00003195,Ресанта Мультиметр М830В DT 830B 61/10/218,,9b060c03-71d9-11e7-85a2-d43d7eec442d,false,false
Номенклатура — current,raw.r1c_nomenclature_current,d68767a4-057b-11f0-b80e-005056bde474,00-00011783,Ресивер РВ900.10.11 10бар верт.,,9b060c03-71d9-11e7-85a2-d43d7eec442d,false,false
Номенклатура — current,raw.r1c_nomenclature_current,3d0c166b-5586-11ef-9c59-00505689ff45,00-00010777,Респиратор ,,edb1c2ef-6566-11f1-b821-005056bde474,false,false
Номенклатура — current,raw.r1c_nomenclature_current,857251e4-0cb0-11ec-9c3a-00505689ff45,АК-00004912,Респиратор Алина-АВ  до 12 ПДК с клапаном выдоха,,edb1c2ef-6566-11f1-b821-005056bde474,false,false
Номенклатура — current,raw.r1c_nomenclature_current,09a8019b-0cb0-11ec-9c3a-00505689ff45,АК-00004911,Респиратор БРИЗ-КАМА  до 4ПДК с клапаном,,edb1c2ef-6566-11f1-b821-005056bde474,false,false
Номенклатура — current,raw.r1c_nomenclature_current,b62b7464-8483-11ef-9c5d-00505689ff45,00-00011212,Респиратор У2-К,,edb1c2ef-6566-11f1-b821-005056bde474,false,false
Номенклатура — current,raw.r1c_nomenclature_current,9964d8b0-e248-11f0-b81e-005056bde474,00-00013286,Респиратор противоаэрозольный НР3-0111 с клапаном FFP1 NR D (аналог 3М 8112),,edb1c2ef-6566-11f1-b821-005056bde474,false,false
Номенклатура — current,raw.r1c_nomenclature_current,c8448a85-e248-11f0-b81e-005056bde474,00-00013287,Респиратор противоаэрозольный НР3-0113 с клапаном FFP3 NR D (аналог 3М 8132),,edb1c2ef-6566-11f1-b821-005056bde474,false,false
Номенклатура — current,raw.r1c_nomenclature_current,85f2ca78-f064-11f0-b81e-005056bde474,00-00013402,"Респиратор с клапаном (10 шт.), FFP2 NR D",,edb1c2ef-6566-11f1-b821-005056bde474,false,false
Номенклатура — current,raw.r1c_nomenclature_current,34319c0e-aa2c-11ea-bf8d-fa163ee5d2f9,БП-00002749,Респиратор-маска VMASK KN95 FFP2 до 12ПДК с клапаном,,edb1c2ef-6566-11f1-b821-005056bde474,false,false
Номенклатура — current,raw.r1c_nomenclature_current,3bb544bf-589a-11ea-8118-d43d7ec071d4,00-00002496,Рефконтейнер Thermo king 5821570 2005к,,9b060cbb-71d9-11e7-85a2-d43d7eec442d,false,false
Номенклатура — current,raw.r1c_nomenclature_current,8760c791-e289-11f0-b81e-005056bde474,00-00013293,Решетка алюмин. 300х400,,9088eead-75dc-11e7-af18-30f7727a492e,false,false
Номенклатура — current,raw.r1c_nomenclature_current,60cff614-e289-11f0-b81e-005056bde474,00-00013292,Решетка алюмин. 700х700,,9088eead-75dc-11e7-af18-30f7727a492e,false,false
Номенклатура — current,raw.r1c_nomenclature_current,c9a1b123-9485-11f0-b818-005056bde474,00-00012739,"Решетка водоприемная Gidrolica РВ-30.35,8.50 - щелевая пластик",,9088eead-75dc-11e7-af18-30f7727a492e,false,false
Номенклатура — current,raw.r1c_nomenclature_current,eb6dd3a2-3f21-11ed-9c43-cb6d75bb653b,00-00007208,Решетка гравитационная,,9b060c03-71d9-11e7-85a2-d43d7eec442d,false,false
Номенклатура — current,raw.r1c_nomenclature_current,f4d296f0-2b9e-11ec-b9a9-00505689914b,АК-00005482,Решетка инерционная встраиваемая наружняя АРИВ 500*500,,9be0daf4-2e34-11eb-288c-fa163e0d31f7,false,false
Номенклатура — current,raw.r1c_nomenclature_current,cda49fe4-d80c-11eb-d199-fa163e0d31f7,БП-00004332,Решетка капота верхняя МТЗ,,9b060c03-71d9-11e7-85a2-d43d7eec442d,false,false
Номенклатура — current,raw.r1c_nomenclature_current,22ec5526-0adf-11f0-b80e-005056bde474,00-00011878,Решетка металлическая жалюзийная с фланцем 600х600,,9b060c03-71d9-11e7-85a2-d43d7eec442d,false,false
Номенклатура — current,raw.r1c_nomenclature_current,b21d65ed-e289-11f0-b81e-005056bde474,00-00013294,Решетка наружняя круглая 160мм,,9088eead-75dc-11e7-af18-30f7727a492e,false,false
Номенклатура — current,raw.r1c_nomenclature_current,d988fd4e-e289-11f0-b81e-005056bde474,00-00013295,Решетка переточная РП 200х200,,9088eead-75dc-11e7-af18-30f7727a492e,false,false
Номенклатура — current,raw.r1c_nomenclature_current,90b0df02-c59e-11ee-9c4c-005056893620,00-00010115,Решетка радиатора 214,,9b060c03-71d9-11e7-85a2-d43d7eec442d,false,false
Номенклатура — current,raw.r1c_nomenclature_current,e83525c6-1533-11ec-9c3a-00505689ff45,АК-00004991,Решетка радиатора МТЗ-80-8401080,,9b060c03-71d9-11e7-85a2-d43d7eec442d,false,false
Номенклатура — current,raw.r1c_nomenclature_current,c2ff40e6-d972-11eb-6c92-fa163e0d31f7,БП-00004381,Решетка разделительная ,,65439ec8-d96f-11eb-6c92-fa163e0d31f7,false,false
Номенклатура — current,raw.r1c_nomenclature_current,162e5680-d973-11eb-6c92-fa163e0d31f7,БП-00004382,"Решетка разделительная пластиковая,тол(41,8х49см) для 10-рам улья",,65439ec8-d96f-11eb-6c92-fa163e0d31f7,false,false
Номенклатура — current,raw.r1c_nomenclature_current,627dd49c-9511-11ef-9c5e-00505689ff45,00-00011335,Решетка чугунная РЧВ Optima400 D400 волна,,9088eead-75dc-11e7-af18-30f7727a492e,false,false
Номенклатура — current,raw.r1c_nomenclature_current,e27db976-9511-11ef-9c5e-00505689ff45,00-00011340,Решетка чугунная РЧВ Optima500 D400 волна,,9088eead-75dc-11e7-af18-30f7727a492e,false,false
Номенклатура — current,raw.r1c_nomenclature_current,b132f1c2-e5c6-11ec-9c42-00505689c8d9,00-00006652,Решетчатая выкладывающая ложечка,,9b060c03-71d9-11e7-85a2-d43d7eec442d,false,false
Номенклатура — current,raw.r1c_nomenclature_current,2477455f-0603-11ee-9c4e-00505689ff45,00-00008115,Ридомил Голд МЦ.ВДГ,,2eaeac4d-5322-11f0-b811-005056bde474,false,false
Номенклатура — current,raw.r1c_nomenclature_current,0088672b-0603-11ee-9c4e-00505689ff45,00-00008114,Ридомил Голд Р.ВДГ,,2eaeac4d-5322-11f0-b811-005056bde474,false,false
Номенклатура — current,raw.r1c_nomenclature_current,d8be81e9-f524-11eb-9c3a-00505689ff45,АК-00003688,Ризоплан Инсектицид,,2eaeac4d-5322-11f0-b811-005056bde474,false,false
Номенклатура — current,raw.r1c_nomenclature_current,d8be81ea-f524-11eb-9c3a-00505689ff45,АК-00003689,Рикошет Инсектицид,,f9d67774-531d-11f0-b811-005056bde474,false,false
Номенклатура — current,raw.r1c_nomenclature_current,d8be81eb-f524-11eb-9c3a-00505689ff45,АК-00003690,Рогор-С Инсектицид,,f9d67774-531d-11f0-b811-005056bde474,false,false
Номенклатура — current,raw.r1c_nomenclature_current,23b179ea-fe31-11ea-7580-fa163ee5d2f9,БП-00003039,"Рожь озимая ""Фаленская 4"" РСт",,63675cba-491d-11f1-b821-005056bde474,false,false
Номенклатура — current,raw.r1c_nomenclature_current,25f0900b-f6d4-11f0-b81e-005056bde474,00-00013492,"Роз. 1-местн. ОУ с заз.конт. IP54, с прозрачной крышкой, серия",,7b923ed5-3d8a-11f1-b821-005056bde474,false,false
Номенклатура — current,raw.r1c_nomenclature_current,43658ceb-f6d4-11f0-b81e-005056bde474,00-00013493,Роз. 2-местн. ОУ с заз.конт. IP54,,7b923ed5-3d8a-11f1-b821-005056bde474,false,false
Номенклатура — current,raw.r1c_nomenclature_current,e7bb9828-4b33-11ed-9c43-cb6d75bb653b,00-00007255,Роз. 2К+3 нем.стандарт 773759,,7b923ed5-3d8a-11f1-b821-005056bde474,false,false
Номенклатура — current,raw.r1c_nomenclature_current,cb38e816-01b3-11ec-9c3a-00505689ff45,АК-00004108,Розетка  кабельная 215-16А-6h-380AC-3P+PE+N-IP44,,7b923ed5-3d8a-11f1-b821-005056bde474,false,false
Номенклатура — current,raw.r1c_nomenclature_current,d1718b39-5053-11ed-9c43-cb6d75bb653b,00-00007335,Розетка  о/у с/з белая FA 16-003b,,7b923ed5-3d8a-11f1-b821-005056bde474,false,false
Номенклатура — current,raw.r1c_nomenclature_current,e8baf0d0-2cf5-11f1-b81f-005056bde474,00-00013916,Розетка (колодка) двухместная с защитными крышками РБ32-1-0м ОМЕГА IP44,,7b923ed5-3d8a-11f1-b821-005056bde474,false,false
Номенклатура — current,raw.r1c_nomenclature_current,8aa6d2d2-d962-11ee-9c4c-005056893620,00-00010234,Розетка (колодка) четырехместная с защитными крышками ОМЕГА IP44,,7b923ed5-3d8a-11f1-b821-005056bde474,false,false
Номенклатура — current,raw.r1c_nomenclature_current,22fcffa2-5a0d-11ef-9c59-00505689ff45,00-00010820,"Розетка 1 О/П IP54 с з/к, с крышкой РСб20-3-ФСр 16А серия ""ФОРС"" цвет:серый/чёрный",,7b923ed5-3d8a-11f1-b821-005056bde474,false,false
Номенклатура — current,raw.r1c_nomenclature_current,afaf3585-2cf5-11f1-b81f-005056bde474,00-00013913,Розетка 1-м ОП Aquatic РСш12-2-А 16А IP54 с заземл. с крышкой сер. IEK,,7b923ed5-3d8a-11f1-b821-005056bde474,false,false
Номенклатура — current,raw.r1c_nomenclature_current,e5ce074f-a535-11f1-b824-005056bde474,00-00014724,"Розетка 1-местн. переносная каучук, P16-386",,193544c0-7290-11f0-b814-005056bde474,false,false
Номенклатура — current,raw.r1c_nomenclature_current,45ae8441-3751-11ee-9c4e-00505689ff45,00-00008405,Розетка 1гн ,,7b923ed5-3d8a-11f1-b821-005056bde474,false,false
Номенклатура — current,raw.r1c_nomenclature_current,170080d4-e14d-11ea-8696-fa163ee5d2f9,БП-00002920,Розетка 1гн о/у с/з,,7b923ed5-3d8a-11f1-b821-005056bde474,false,false
Номенклатура — current,raw.r1c_nomenclature_current,86664680-3377-11ea-9522-30f7727a492e,00-00002319,Розетка 2гн о/у с/з,,7b923ed5-3d8a-11f1-b821-005056bde474,false,false
Номенклатура — current,raw.r1c_nomenclature_current,0207e443-1597-11ea-9521-30f7727a492e,00-00002244,Розетка 2м ОП форс РСБ22-3-ФСР,,7b923ed5-3d8a-11f1-b821-005056bde474,false,false
Номенклатура — current,raw.r1c_nomenclature_current,986cc085-ffd9-11ef-b80e-005056bde474,00-00011752,Розетка 3-местн. ОУ IP54,,7b923ed5-3d8a-11f1-b821-005056bde474,false,false
Номенклатура — current,raw.r1c_nomenclature_current,2af53235-4291-11f0-b80f-005056bde474,00-00012426,Розетка 3-местн. ОУ с земл. P54,,7b923ed5-3d8a-11f1-b821-005056bde474,false,false
Номенклатура — current,raw.r1c_nomenclature_current,a3f46da8-b0be-11ef-9c5e-00505689ff45,00-00011433,Розетка О/У 16А 250 В белая,,7b923ed5-3d8a-11f1-b821-005056bde474,false,false
Номенклатура — current,raw.r1c_nomenclature_current,38de7d87-17f5-11ea-9521-30f7727a492e,00-00002250,Розетка ОП  16А 380B  3Р+РЕ+N ССИ-114IP44 ИЭК PSN12-016-4,,7b923ed5-3d8a-11f1-b821-005056bde474,false,false
Номенклатура — current,raw.r1c_nomenclature_current,38de7d86-17f5-11ea-9521-30f7727a492e,00-00002249,Розетка ОП  16А 380B  3Р+РЕ+N ССИ-115 ИЭК,,7b923ed5-3d8a-11f1-b821-005056bde474,false,false
Номенклатура — current,raw.r1c_nomenclature_current,01695930-83ae-11ee-9c4a-005056893620,00-00009770,Розетка ОП ИЭК ССИ-124 32А 380В IP44,,7b923ed5-3d8a-11f1-b821-005056bde474,false,false
Номенклатура — current,raw.r1c_nomenclature_current,7425da6f-8519-11ee-9c4a-005056893620,00-00009777,Розетка ОП РА16 ,,7b923ed5-3d8a-11f1-b821-005056bde474,false,false
Номенклатура — current,raw.r1c_nomenclature_current,7e9618b5-84f9-11f1-b824-005056bde474,00-00014621,Розетка ОУ 1гн с/з,,7b923ed5-3d8a-11f1-b821-005056bde474,false,false
Номенклатура — current,raw.r1c_nomenclature_current,daf4fdc2-a07f-11f0-b81d-005056bde474,00-00012811,Розетка встраиваемая ССИ-414 16А-6ч/380-415В 3Р+PЕ IP44,,193544c0-7290-11f0-b814-005056bde474,false,false
Номенклатура — current,raw.r1c_nomenclature_current,84f5f2e4-dfc8-11f0-b81e-005056bde474,00-00013218,Розетка двойная накладная с заземлением,,7b923ed5-3d8a-11f1-b821-005056bde474,false,false
Номенклатура — current,raw.r1c_nomenclature_current,4865d2e4-a084-11f0-b81d-005056bde474,00-00012821,Розетка каб 63А 3Р+N+Е IP44 перен.,,193544c0-7290-11f0-b814-005056bde474,false,false
Номенклатура — current,raw.r1c_nomenclature_current,27023f90-8536-11ee-9c4a-005056893620,00-00009789,Розетка каб. 32А 380B  3Р+Е+N ССИ-225 ИЭК,,7b923ed5-3d8a-11f1-b821-005056bde474,false,false
Номенклатура — current,raw.r1c_nomenclature_current,7fb55ede-1165-11f1-b81f-005056bde474,00-00013812,Розетка кабельная 3р+N+PE 16А 380В IP44 (на кабель) PCE 215-6,,7b923ed5-3d8a-11f1-b821-005056bde474,false,false
Номенклатура — current,raw.r1c_nomenclature_current,c7157292-1165-11f1-b81f-005056bde474,00-00013815,Розетка кабельная 3р+N+PE 32А 380В IP44 PCE 225-6,,7b923ed5-3d8a-11f1-b821-005056bde474,false,false
Номенклатура — current,raw.r1c_nomenclature_current,fde09159-4b32-11ed-9c43-cb6d75bb653b,00-00007253,"Розетка каучук 3-я РБ33-1,0м с защитными крышками",,7b923ed5-3d8a-11f1-b821-005056bde474,false,false
Номенклатура — current,raw.r1c_nomenclature_current,2c3c3085-e545-11ee-9c4c-005056893620,00-00010320,"Розетка каучук 3-я РБ33-1,0м с защитными крышками ОМЕГА IP44 (упак 20шт)",,7b923ed5-3d8a-11f1-b821-005056bde474,false,false
Номенклатура — current,raw.r1c_nomenclature_current,c89d8837-01ac-11ec-9c3a-00505689ff45,АК-00004080,Розетка мобильная EKF ,,f0e4c260-a130-11e8-af4c-30f7727a492e,false,false
Номенклатура — current,raw.r1c_nomenclature_current,e84c76a2-01ac-11ec-9c3a-00505689ff45,АК-00004081,Розетка мобильная IEK ,,f0e4c260-a130-11e8-af4c-30f7727a492e,false,false
Номенклатура — current,raw.r1c_nomenclature_current,fcbe1022-6b58-11ed-9c4d-00505689c8d9,00-00007434,Розетка наружная с заземлением с крышкой IP54,,7b923ed5-3d8a-11f1-b821-005056bde474,false,false
Номенклатура — current,raw.r1c_nomenclature_current,7395f064-87d2-11ee-9c4a-005056893620,00-00009851,Розетка наружной установки,,7b923ed5-3d8a-11f1-b821-005056bde474,false,false
Номенклатура — current,raw.r1c_nomenclature_current,12a13d49-a2b8-11f0-b81d-005056bde474,00-00012851,"Розетка низкая, 4-фиксатора, для панели, 24 полюса, 16А",,193544c0-7290-11f0-b814-005056bde474,false,false
Номенклатура — current,raw.r1c_nomenclature_current,9cb1790e-a085-11f0-b81d-005056bde474,00-00012828,Розетка перен. 3Р+РЕ+N 16А 380В IP67,,193544c0-7290-11f0-b814-005056bde474,false,false
Номенклатура — current,raw.r1c_nomenclature_current,52d35a37-2d03-11f1-b81f-005056bde474,00-00013938,Розетка переносная 215 3Р+РЕ+N 16А 380В IP44 Б0032863,,193544c0-7290-11f0-b814-005056bde474,false,false
Номенклатура — current,raw.r1c_nomenclature_current,2d484c21-52c2-11f1-b821-005056bde474,00-00014400,Розетка переносная 215 ЗР+РЕ+N 16А 380В IP44,,89da002d-7290-11f0-b814-005056bde474,false,false
Номенклатура — current,raw.r1c_nomenclature_current,1296e586-a084-11f0-b81d-005056bde474,00-00012819,Розетка переносная 2252 3Р+РЕ+N 32А 380В IP67,,193544c0-7290-11f0-b814-005056bde474,false,false
Номенклатура — current,raw.r1c_nomenclature_current,d8314924-6529-11ef-9c5c-00505689ff45,00-00010966,Розетка переносная ССИ-215 16А-6ч/200/346-240/415В,,7b923ed5-3d8a-11f1-b821-005056bde474,false,false
Номенклатура — current,raw.r1c_nomenclature_current,87b04016-52ac-11f1-b821-005056bde474,00-00014384,"Розетка с безвинтовыми клеммами push-in для реле 55.33, таймера 85.03",,89da002d-7290-11f0-b814-005056bde474,false,false
Номенклатура — current,raw.r1c_nomenclature_current,6b46e1b3-a2b8-11f0-b81d-005056bde474,00-00012853,"Розетка с клеммами push-in для реле 55.33, 85.03 и модулей",,89da002d-7290-11f0-b814-005056bde474,false,false
Номенклатура — current,raw.r1c_nomenclature_current,7428c1cf-52b3-11f1-b821-005056bde474,00-00014390,"Розетка с клеммами push-in для реле 55.34, 55.32, 85.02, 85.04 и модулей 99.02, 86., 94P4SM",,89da002d-7290-11f0-b814-005056bde474,false,false
Номенклатура — current,raw.r1c_nomenclature_current,995c6664-d03b-11eb-5d99-fa163e0d31f7,БП-00004238,Розетка силовая переносная 3Р+РЕ 16А ИЭК,,7b923ed5-3d8a-11f1-b821-005056bde474,false,false
Номенклатура — current,raw.r1c_nomenclature_current,30eb52cd-6529-11ef-9c5c-00505689ff45,00-00010963,Розетка стационарная ССИ-115 16А-6ч/200/346-240/415В,,7b923ed5-3d8a-11f1-b821-005056bde474,false,false
Номенклатура — current,raw.r1c_nomenclature_current,75efd8a7-b70b-11f0-b81e-005056bde474,00-00012951,Розетка стационарная ССИ-125 32А 3Р+РЕ+N 380В IP44,,193544c0-7290-11f0-b814-005056bde474,false,false
Номенклатура — current,raw.r1c_nomenclature_current,95723348-a07d-11f0-b81d-005056bde474,00-00012796,Розетка стационарная наружная 115 3Р+РЕ+N 16А 380В IP44,,193544c0-7290-11f0-b814-005056bde474,false,false
Номенклатура — current,raw.r1c_nomenclature_current,267546aa-a084-11f0-b81d-005056bde474,00-00012820,Розетка стационарная наружная 135 3Р+РЕ+N 63А 380В IP67,,193544c0-7290-11f0-b814-005056bde474,false,false
Номенклатура — current,raw.r1c_nomenclature_current,3047036f-d544-11ee-9c4c-005056893620,00-00010220,Розы в ассортименте,,9b060c02-71d9-11e7-85a2-d43d7eec442d,false,false
Номенклатура — current,raw.r1c_nomenclature_current,289e364d-e5c5-11ec-9c42-00505689c8d9,00-00006646,Рол цепь E-3/4Х1/2*-176-1 В95-06045,,9b060c03-71d9-11e7-85a2-d43d7eec442d,false,false
Номенклатура — current,raw.r1c_nomenclature_current,daec2f79-011c-11ee-9c4e-00505689ff45,00-00008092,Ролик ,,9b060c03-71d9-11e7-85a2-d43d7eec442d,false,false
Номенклатура — current,raw.r1c_nomenclature_current,d68d7b87-6b2e-11ed-9c4d-00505689c8d9,00-00007423,Ролик (121000785,,9b060c03-71d9-11e7-85a2-d43d7eec442d,false,false
Номенклатура — current,raw.r1c_nomenclature_current,dfb5ae18-a528-11f1-b824-005056bde474,00-00014720,Ролик (ЗФ 00.000-аналог),,cffe077a-728d-11f0-b814-005056bde474,false,false
Номенклатура — current,raw.r1c_nomenclature_current,ab5839f3-a528-11f1-b824-005056bde474,00-00014718,Ролик (КН650 01.03.000-01-аналог),,cffe077a-728d-11f0-b814-005056bde474,false,false
Номенклатура — current,raw.r1c_nomenclature_current,c3d5968d-a528-11f1-b824-005056bde474,00-00014719,Ролик (КН650 01.03.000-аналог),,cffe077a-728d-11f0-b814-005056bde474,false,false
Номенклатура — current,raw.r1c_nomenclature_current,8795e223-a528-11f1-b824-005056bde474,00-00014717,Ролик (КН650 01.04.100-аналог),,cffe077a-728d-11f0-b814-005056bde474,false,false
Номенклатура — current,raw.r1c_nomenclature_current,5b484a2b-14d9-11ed-9c43-cb6d75bb653b,00-00006830,Ролик 01-00001023,,9b060c03-71d9-11e7-85a2-d43d7eec442d,false,false
Номенклатура — current,raw.r1c_nomenclature_current,b10b7af9-e5aa-11ec-9c42-00505689c8d9,00-00006601,Ролик 088.01370,,9b060c03-71d9-11e7-85a2-d43d7eec442d,false,false
Номенклатура — current,raw.r1c_nomenclature_current,b2aa307a-0cc3-11ec-9c3a-00505689ff45,АК-00004926,Ролик 3Ф 00.00.000,,9b060c03-71d9-11e7-85a2-d43d7eec442d,false,false
Номенклатура — current,raw.r1c_nomenclature_current,0c3f7edf-0cc4-11ec-9c3a-00505689ff45,АК-00004927,Ролик 3Ф 00.00.000-01,,9b060c03-71d9-11e7-85a2-d43d7eec442d,false,false
Номенклатура — current,raw.r1c_nomenclature_current,851ab65b-1ddc-11e8-af31-30f7727a492e,00-00000721,Ролик 85.33.001,,9b060c03-71d9-11e7-85a2-d43d7eec442d,false,false
Номенклатура — current,raw.r1c_nomenclature_current,27086ea9-1965-11ed-9c43-cb6d75bb653b,00-00006968,Ролик 95 ,,9b060c03-71d9-11e7-85a2-d43d7eec442d,false,false
Номенклатура — current,raw.r1c_nomenclature_current,23d707e2-74f9-11ef-9c5d-00505689ff45,00-00011067,Ролик CI D90 WC,,9b060c03-71d9-11e7-85a2-d43d7eec442d,false,false
Номенклатура — current,raw.r1c_nomenclature_current,fa556087-74f8-11ef-9c5d-00505689ff45,00-00011066,Ролик D90,,9b060c03-71d9-11e7-85a2-d43d7eec442d,false,false
Номенклатура — current,raw.r1c_nomenclature_current,0cd9f2c4-74fc-11ef-9c5d-00505689ff45,00-00011076,Ролик S D90 NC D16,,9b060c03-71d9-11e7-85a2-d43d7eec442d,false,false
Номенклатура — current,raw.r1c_nomenclature_current,e3dc316c-74fb-11ef-9c5d-00505689ff45,00-00011075,Ролик WC90,,9b060c03-71d9-11e7-85a2-d43d7eec442d,false,false
Номенклатура — current,raw.r1c_nomenclature_current,822c25c1-646a-11ef-9c5c-00505689ff45,00-00010918,Ролик Б-125-М2 08.06.000 СБ,,9b060c03-71d9-11e7-85a2-d43d7eec442d,false,false
Номенклатура — current,raw.r1c_nomenclature_current,f8269f4f-0cc1-11ec-9c3a-00505689ff45,АК-00004922,Ролик ЗТ-40 01.04.000 направляющий,,9b060c03-71d9-11e7-85a2-d43d7eec442d,false,false
Номенклатура — current,raw.r1c_nomenclature_current,5e071a7e-bc18-11ec-9c42-00505689c8d9,00-00006463,Ролик КА-00009848,,9b060c03-71d9-11e7-85a2-d43d7eec442d,false,false
Номенклатура — current,raw.r1c_nomenclature_current,695539b2-20f4-11ec-9c3a-00505689ff45,АК-00005313,Ролик КПК 0102240,,9b060c03-71d9-11e7-85a2-d43d7eec442d,false,false
Номенклатура — current,raw.r1c_nomenclature_current,aa09dcf3-20f2-11ec-9c3a-00505689ff45,АК-00005312,Ролик КПК 0102240-01,,9b060c03-71d9-11e7-85a2-d43d7eec442d,false,false
Номенклатура — current,raw.r1c_nomenclature_current,93883874-20f4-11ec-9c3a-00505689ff45,АК-00005314,Ролик КПК 0102240-02,,9b060c03-71d9-11e7-85a2-d43d7eec442d,false,false
Номенклатура — current,raw.r1c_nomenclature_current,2855630d-20f1-11ec-9c3a-00505689ff45,АК-00005308,Ролик КПК 0103240,,9b060c03-71d9-11e7-85a2-d43d7eec442d,false,false
Номенклатура — current,raw.r1c_nomenclature_current,80715750-9aed-11e8-af49-30f7727a492e,00-00001029,Ролик КПК 0103410,,9b060c03-71d9-11e7-85a2-d43d7eec442d,false,false
Номенклатура — current,raw.r1c_nomenclature_current,8071574f-9aed-11e8-af49-30f7727a492e,00-00001028,Ролик КПК 0103420,,9b060c03-71d9-11e7-85a2-d43d7eec442d,false,false
Номенклатура — current,raw.r1c_nomenclature_current,51809bc6-20f1-11ec-9c3a-00505689ff45,АК-00005309,Ролик КПК 0118030,,9b060c03-71d9-11e7-85a2-d43d7eec442d,false,false
Номенклатура — current,raw.r1c_nomenclature_current,aac50800-6d4b-11ec-9c40-00505689c8d9,АК-00005881,Ролик ПВХ для инспекционного стола,,9b060c03-71d9-11e7-85a2-d43d7eec442d,false,false
Номенклатура — current,raw.r1c_nomenclature_current,ce34f8b3-20f0-11ec-9c3a-00505689ff45,АК-00005307,Ролик ППК 0103130,,9b060c03-71d9-11e7-85a2-d43d7eec442d,false,false
Номенклатура — current,raw.r1c_nomenclature_current,80715751-9aed-11e8-af49-30f7727a492e,00-00001030,Ролик ППК 0103130-02,,9b060c03-71d9-11e7-85a2-d43d7eec442d,false,false
Номенклатура — current,raw.r1c_nomenclature_current,67f1bd33-e35b-11e9-af7c-30f7727a492e,00-00002004,Ролик ППК 0103140,,9b060c03-71d9-11e7-85a2-d43d7eec442d,false,false
Номенклатура — current,raw.r1c_nomenclature_current,67f1bd34-e35b-11e9-af7c-30f7727a492e,00-00002005,Ролик ППК 0103140-01,,9b060c03-71d9-11e7-85a2-d43d7eec442d,false,false
Номенклатура — current,raw.r1c_nomenclature_current,21b5e3f3-20f2-11ec-9c3a-00505689ff45,АК-00005310,Ролик ППК 0103150,,9b060c03-71d9-11e7-85a2-d43d7eec442d,false,false
Номенклатура — current,raw.r1c_nomenclature_current,7198ca86-fccf-11ea-0b91-fa163ee5d2f9,БП-00003034,Ролик ППК0103130-03,,9b060c03-71d9-11e7-85a2-d43d7eec442d,false,false
Номенклатура — current,raw.r1c_nomenclature_current,5937ff84-fccf-11ea-0b91-fa163ee5d2f9,БП-00003033,Ролик ППК0103140-03,,9b060c03-71d9-11e7-85a2-d43d7eec442d,false,false
Номенклатура — current,raw.r1c_nomenclature_current,931cd120-9888-11eb-9b81-fa163e0d31f7,БП-00003842,Ролик боковой двери верхний,,9b060c03-71d9-11e7-85a2-d43d7eec442d,false,false
Номенклатура — current,raw.r1c_nomenclature_current,7c0fb722-9888-11eb-9b81-fa163e0d31f7,БП-00003841,Ролик боковой двери нижний,,9b060c03-71d9-11e7-85a2-d43d7eec442d,false,false
Номенклатура — current,raw.r1c_nomenclature_current,c8dd3298-73fe-11ef-9c5d-00505689ff45,00-00011044,Ролик в сборе (по эскизу),,9b060c03-71d9-11e7-85a2-d43d7eec442d,false,false
Номенклатура — current,raw.r1c_nomenclature_current,e02fcf2b-73fe-11ef-9c5d-00505689ff45,00-00011045,Ролик в сборе (по эскизу) мод.2,,9b060c03-71d9-11e7-85a2-d43d7eec442d,false,false
Номенклатура — current,raw.r1c_nomenclature_current,f6b11f30-29a1-11ef-9c59-00505689ff45,00-00010643,Ролик в сборе СР-3015,,9b060c03-71d9-11e7-85a2-d43d7eec442d,false,false
Номенклатура — current,raw.r1c_nomenclature_current,8c38da6a-6830-11ee-9c50-00505689ff45,00-00009661,Ролик в сборе инспекционного стола TS 3012,,9b060c03-71d9-11e7-85a2-d43d7eec442d,false,false
Номенклатура — current,raw.r1c_nomenclature_current,46417109-bc17-11ec-9c42-00505689c8d9,00-00006459,Ролик в сборе передний,,9b060c03-71d9-11e7-85a2-d43d7eec442d,false,false
Номенклатура — current,raw.r1c_nomenclature_current,62f8d642-011c-11ee-9c4e-00505689ff45,00-00008089,Ролик внутренний,,9b060c03-71d9-11e7-85a2-d43d7eec442d,false,false
Номенклатура — current,raw.r1c_nomenclature_current,93444f44-73df-11ee-9c4a-005056893620,00-00009695,Ролик вытяжной обрезиненный R-2,,9b060c03-71d9-11e7-85a2-d43d7eec442d,false,false
Номенклатура — current,raw.r1c_nomenclature_current,3abc8720-2d02-11f1-b81f-005056bde474,00-00013929,Ролик для гидравлических тележек 80x70мм нейлоновый с шариковым подшипником Gigant G-04-09-01,,cffe077a-728d-11f0-b814-005056bde474,false,false
Номенклатура — current,raw.r1c_nomenclature_current,35230fbb-f639-11f0-b81e-005056bde474,00-00013439,Ролик для ремонта шин с деревянной ручкой JTC-3460,,45c9e202-0a37-11f0-b80e-005056bde474,false,false
Номенклатура — current,raw.r1c_nomenclature_current,1fbadce4-ef28-11f0-b81e-005056bde474,00-00013348,Ролик монтажный RM50 PROxima rm-50,,05b398ee-0a39-11f0-b80e-005056bde474,false,false
Номенклатура — current,raw.r1c_nomenclature_current,4fb9224a-114d-11f1-b81f-005056bde474,00-00013796,Ролик нагрузочный 80x93 Nylon (с пш) (AC/DF),,cffe077a-728d-11f0-b814-005056bde474,false,false
Номенклатура — current,raw.r1c_nomenclature_current,5edc198c-cc55-11e8-af53-30f7727a492e,00-00001308,Ролик натяжителя ,,cffe077a-728d-11f0-b814-005056bde474,false,false
Номенклатура — current,raw.r1c_nomenclature_current,9cb74a25-8a44-11ec-9c42-00505689c8d9,00-00006126,Ролик натяжной ВАЗ 2108/99 ВТ008,,9b060c03-71d9-11e7-85a2-d43d7eec442d,false,false
Номенклатура — current,raw.r1c_nomenclature_current,041721fa-80a5-11ec-9c41-00505689c8d9,00-00006047,"Ролик натяжной ремня ГРМ Н/О GATES ВАЗ-2105,2108 ",,9b060c03-71d9-11e7-85a2-d43d7eec442d,false,false
Номенклатура — current,raw.r1c_nomenclature_current,7b78abbb-6d49-11ec-9c40-00505689c8d9,АК-00005875,Ролик опорный ROLKA BOCZNA PODPOROWA D90,,9b060c03-71d9-11e7-85a2-d43d7eec442d,false,false
Номенклатура — current,raw.r1c_nomenclature_current,96e69f42-e721-11ec-9c42-00505689c8d9,00-00006666,Ролик поворотный,,9b060c03-71d9-11e7-85a2-d43d7eec442d,false,false
Номенклатура — current,raw.r1c_nomenclature_current,fd25103f-bc0c-11ec-9c42-00505689c8d9,00-00006441,"Ролик подвилочный 82мм ширина 70мм до 850кг,подшипник",,9088eead-75dc-11e7-af18-30f7727a492e,false,false
Номенклатура — current,raw.r1c_nomenclature_current,021db467-c2ad-11ef-9c5f-00505689ff45,00-00011520,Ролик поддерживающий ,,9b060c03-71d9-11e7-85a2-d43d7eec442d,false,false
Номенклатура — current,raw.r1c_nomenclature_current,4cfc45a2-36c0-11ee-9c4e-00505689ff45,00-00008398,Ролик поддерживающий 115х50,,9b060c03-71d9-11e7-85a2-d43d7eec442d,false,false
Номенклатура — current,raw.r1c_nomenclature_current,c2602e8c-e72f-11e9-af7c-30f7727a492e,00-00002060,Ролик поддерживающий 225х50,,9b060c03-71d9-11e7-85a2-d43d7eec442d,false,false
Номенклатура — current,raw.r1c_nomenclature_current,a333760c-5f71-11ea-9525-30f7727a492e,00-00002505,Ролик полотна СПР.00.030-01 (в сборе),,9b060c03-71d9-11e7-85a2-d43d7eec442d,false,false
Номенклатура — current,raw.r1c_nomenclature_current,9b4b42ea-6f98-11ec-9c40-00505689c8d9,АК-00005932,Ролик режущий для плиткореза,,9088eead-75dc-11e7-af18-30f7727a492e,false,false
Номенклатура — current,raw.r1c_nomenclature_current,812e5206-6b2f-11ed-9c4d-00505689c8d9,00-00007426,Ролик с бортиком 90 в ком.,,9b060c03-71d9-11e7-85a2-d43d7eec442d,false,false
Номенклатура — current,raw.r1c_nomenclature_current,0be54f29-e5c7-11ec-9c42-00505689c8d9,00-00006653,Ролик цепь E-DIN 5/8х3/8-108.1,,9b060c03-71d9-11e7-85a2-d43d7eec442d,false,false
Номенклатура — current,raw.r1c_nomenclature_current,6a2857a8-e5ab-11ec-9c42-00505689c8d9,00-00006604,Ролик цепь E-DIN 5/8х3/8-39.1,,9b060c03-71d9-11e7-85a2-d43d7eec442d,false,false
Номенклатура — current,raw.r1c_nomenclature_current,a5489548-bd0a-11f1-b824-005056bde474,00-00014804,"Ролик. цепь-1 1/4""-100H-1SY-58",,2c493784-4ea0-11f1-b821-005056bde474,false,false
Номенклатура — current,raw.r1c_nomenclature_current,a33375f9-5f71-11ea-9525-30f7727a492e,00-00002502,Ролики обводной,,9b060c03-71d9-11e7-85a2-d43d7eec442d,false,false
Номенклатура — current,raw.r1c_nomenclature_current,3413c064-2e46-11eb-288c-fa163e0d31f7,БП-00003248,Роликовая сортировка RS-312HZ1 (диапазон 20-120мм),,279c2c04-2e46-11eb-288c-fa163e0d31f7,false,false
Номенклатура — current,raw.r1c_nomenclature_current,c03f0218-bd0a-11f1-b824-005056bde474,00-00014805,Роликовая цепь - Е - 3/4Х1/2-72  -1,,2c493784-4ea0-11f1-b821-005056bde474,false,false
Номенклатура — current,raw.r1c_nomenclature_current,992ffaa2-6b30-11ed-9c4d-00505689c8d9,00-00007430,Роликовая цепь - Е - АSA60-H-3/4-124-1,,9b060c03-71d9-11e7-85a2-d43d7eec442d,false,false
Номенклатура — current,raw.r1c_nomenclature_current,33f36fea-bd0a-11f1-b824-005056bde474,00-00014801,Роликовая цепь - Е-3/4*1/2-47-1-2,,2c493784-4ea0-11f1-b821-005056bde474,false,false
Номенклатура — current,raw.r1c_nomenclature_current,3bb544cf-589a-11ea-8118-d43d7ec071d4,00-00002500,Роликовый инспекционный стол РИ-ЗТ,,9b060cbb-71d9-11e7-85a2-d43d7eec442d,false,false
Номенклатура — current,raw.r1c_nomenclature_current,eb6b63e2-6f65-11eb-d19d-fa163e0d31f7,БП-00003734,Роллеты в сборе РО/55пм белые 2000*2600,,9088eeac-75dc-11e7-af18-30f7727a492e,false,false
Номенклатура — current,raw.r1c_nomenclature_current,d8be81ec-f524-11eb-9c3a-00505689ff45,АК-00003691,Ромбус Инсектицид,,2eaeac4d-5322-11f0-b811-005056bde474,false,false
Номенклатура — current,raw.r1c_nomenclature_current,7615977c-6e82-11ee-9c4a-005056893620,00-00009686,"Ронилан, КС  ",,2eaeac4d-5322-11f0-b811-005056bde474,false,false
Номенклатура — current,raw.r1c_nomenclature_current,2822a371-3faf-11f0-b80e-005056bde474,00-00012422,"Роутер Cudy LT500 [3G, 4G, 150 Мбит/с, Wi-Fi 802.11n,ac, 2.4 ГГц, 5 ГГц, 4 LAN, SIM-слот]",,9b060c1e-71d9-11e7-85a2-d43d7eec442d,false,false
Номенклатура — current,raw.r1c_nomenclature_current,99077788-5a40-11eb-0780-fa163e0d31f7,БП-00003676,Роутер Keenelic 4G Wi Fi ,,ce7d79f6-49b2-11eb-a99a-fa163e0d31f7,false,false
Номенклатура — current,raw.r1c_nomenclature_current,114ea6a3-18a9-11ed-9c43-cb6d75bb653b,00-00006937,Роутер мегафон 4G MR150-10,,9088eeaf-75dc-11e7-af18-30f7727a492e,false,false
Номенклатура — current,raw.r1c_nomenclature_current,77ee4f97-486b-11ef-9c59-00505689ff45,00-00010749,Рубанок электрический,,f990038e-0a38-11f0-b80e-005056bde474,false,false
Номенклатура — current,raw.r1c_nomenclature_current,9b060c49-71d9-11e7-85a2-d43d7eec442d,00000159   ,Рубероид РПП-300 (15),,9088eead-75dc-11e7-af18-30f7727a492e,false,false
Номенклатура — current,raw.r1c_nomenclature_current,16062eea-1011-11ee-9c4e-00505689ff45,00-00008181,Рубероид РПП-350,,9088eead-75dc-11e7-af18-30f7727a492e,false,false
Номенклатура — current,raw.r1c_nomenclature_current,0fab6a8d-6677-11ee-9c50-00505689ff45,00-00009631,Рубильник ВР32-35 8302320 250А УХЛЗ КЗАЗ,,82baf3cf-3d8a-11f1-b821-005056bde474,false,false
Номенклатура — current,raw.r1c_nomenclature_current,d8be81ed-f524-11eb-9c3a-00505689ff45,АК-00003692,Рубин Инсектицид,,2eaeac4d-5322-11f0-b811-005056bde474,false,false
Номенклатура — current,raw.r1c_nomenclature_current,c0879c4a-36eb-11f0-b80e-005056bde474,00-00012348,Рувинил бокс ОП IP65,,34aee2dc-7290-11f0-b814-005056bde474,false,false
Номенклатура — current,raw.r1c_nomenclature_current,1011b12e-5b08-11ee-9c4f-00505689ff45,00-00009553,"Рукав 5/16"" DN=08 350bar",,9b060c03-71d9-11e7-85a2-d43d7eec442d,false,false
Номенклатура — current,raw.r1c_nomenclature_current,be821600-01f7-11ea-951c-30f7727a492e,00-00002158,Рукав 9 мм 3 класс,,20e031f3-0a37-11f0-b80e-005056bde474,false,false
Номенклатура — current,raw.r1c_nomenclature_current,c1c78884-18af-11ed-9c43-cb6d75bb653b,00-00006945,Рукав 9мм 3 класс ГОСТ 20атмас.кислородный,,9b060c02-71d9-11e7-85a2-d43d7eec442d,false,false
Номенклатура — current,raw.r1c_nomenclature_current,e6189c9e-c0c0-11e9-af79-30f7727a492e,00-00001850,Рукав РВД 16-1SN S32 DK (M27*1.5) 13MПа 2050,,9b060c03-71d9-11e7-85a2-d43d7eec442d,false,false
Номенклатура — current,raw.r1c_nomenclature_current,e6189c9c-c0c0-11e9-af79-30f7727a492e,00-00001848,Рукав РВД Semperit 08-2SN S19DK (M16*1.5) 35MПа 1450,,9b060c03-71d9-11e7-85a2-d43d7eec442d,false,false
Номенклатура — current,raw.r1c_nomenclature_current,e6189c9d-c0c0-11e9-af79-30f7727a492e,00-00001849,Рукав РВД Semperit 16-2SN S32 DK (M27*1.5) 25MПа 0450,,9b060c03-71d9-11e7-85a2-d43d7eec442d,false,false
Номенклатура — current,raw.r1c_nomenclature_current,748a0a54-4aa3-11f1-b821-005056bde474,00-00014219,Рукав Ф12 мм с нитяным усилием (16 атм),,45c9e202-0a37-11f0-b80e-005056bde474,false,false
Номенклатура — current,raw.r1c_nomenclature_current,9c43b041-be88-11ee-9c4c-005056893620,00-00010092,Рукав бензостойкий Fuel oil D=16 P=20 bar,,9b060c03-71d9-11e7-85a2-d43d7eec442d,false,false
Номенклатура — current,raw.r1c_nomenclature_current,24ae3bdf-50ab-11ee-9c4e-00505689ff45,00-00009490,Рукав высокого давления 2SN DN 06 P=400 PRM арт. PM-2SN06-BSC,,9088eead-75dc-11e7-af18-30f7727a492e,false,false
Номенклатура — current,raw.r1c_nomenclature_current,104e97a0-b559-11ea-a083-fa163ee5d2f9,БП-00002805,Рукав высокого давления 2SN DN 06 P=400 VRS арт. VS-2SN06-STD,,9088eead-75dc-11e7-af18-30f7727a492e,false,false
Номенклатура — current,raw.r1c_nomenclature_current,37cd62ca-b559-11ea-a083-fa163ee5d2f9,БП-00002806,Рукав высокого давления 2SN DN 08 P=350 VRS арт. VS-2SN08-STD,,9088eead-75dc-11e7-af18-30f7727a492e,false,false
Номенклатура — current,raw.r1c_nomenclature_current,1ba01d3e-7617-11ed-9c4d-00505689c8d9,00-00007467,Рукав высокого давления 2SN DN 08 P=350 арт.. PM-2SN08-BSС,,9b060c03-71d9-11e7-85a2-d43d7eec442d,false,false
Номенклатура — current,raw.r1c_nomenclature_current,22fee5d1-17e6-11ed-9c43-cb6d75bb653b,00-00006896,Рукав высокого давления 2SN DN 10 P=330 PRM арт. PM-2SN10-BSC,,9b060c03-71d9-11e7-85a2-d43d7eec442d,false,false
Номенклатура — current,raw.r1c_nomenclature_current,5cc37e2a-b559-11ea-a083-fa163ee5d2f9,БП-00002807,Рукав высокого давления 2SN DN 10 P=330 VRS арт. VS-2SN10-STD,,9b060c03-71d9-11e7-85a2-d43d7eec442d,false,false
Номенклатура — current,raw.r1c_nomenclature_current,4c58c668-50ac-11ee-9c4e-00505689ff45,00-00009491,Рукав высокого давления 2SN DN 12 P=275 PRM арт.PM-2SN12-BSC,,9b060c03-71d9-11e7-85a2-d43d7eec442d,false,false
Номенклатура — current,raw.r1c_nomenclature_current,841332e0-b559-11ea-a083-fa163ee5d2f9,БП-00002808,Рукав высокого давления 2SN DN 12 P=275 VRS арт. VS-2SN12-STD,,9088eead-75dc-11e7-af18-30f7727a492e,false,false
Номенклатура — current,raw.r1c_nomenclature_current,725c69f9-17e6-11ed-9c43-cb6d75bb653b,00-00006897,Рукав высокого давления 2SN DN 16 P=250 PRM арт. PM-2SN16-BSC,,9b060c03-71d9-11e7-85a2-d43d7eec442d,false,false
Номенклатура — current,raw.r1c_nomenclature_current,f5b0cd52-bef1-11eb-1998-fa163e0d31f7,БП-00004019,Рукав высокого давления 2SN DN 16 P=250 VRS арт. VS-2SN16-STD,,9b060c03-71d9-11e7-85a2-d43d7eec442d,false,false
Номенклатура — current,raw.r1c_nomenclature_current,e84ee2f5-141f-11ef-9c4f-005056893620,00-00010520,"Рукав высокого давления 2SNN8 22х1,5г-22х1,5 ",,9b060c03-71d9-11e7-85a2-d43d7eec442d,false,false
Номенклатура — current,raw.r1c_nomenclature_current,755980c4-a569-11ea-7691-fa163ee5d2f9,БП-00002719,Рукав высокого давления М16х1.5К=19(1010мм),,9b060c03-71d9-11e7-85a2-d43d7eec442d,false,false
Номенклатура — current,raw.r1c_nomenclature_current,965bf392-a569-11ea-7691-fa163ee5d2f9,БП-00002720,Рукав высокого давления М20х1.5К=24(1210мм),,9b060c03-71d9-11e7-85a2-d43d7eec442d,false,false
Номенклатура — current,raw.r1c_nomenclature_current,b8df86e0-a569-11ea-7691-fa163ee5d2f9,БП-00002721,Рукав высокого давления М20х1.5К=24(810мм),,9b060c03-71d9-11e7-85a2-d43d7eec442d,false,false
Номенклатура — current,raw.r1c_nomenclature_current,0acce81d-b0be-11ef-9c5e-00505689ff45,00-00011432,Рукав высокого давления РВД 1250 мм,,9b060c03-71d9-11e7-85a2-d43d7eec442d,false,false
Номенклатура — current,raw.r1c_nomenclature_current,3626809a-f360-11ef-b80e-005056bde474,00-00011660,Рукав высокого давления РВД 1500 мм,,9b060c03-71d9-11e7-85a2-d43d7eec442d,false,false
Номенклатура — current,raw.r1c_nomenclature_current,185e85b0-3331-11ed-9c43-cb6d75bb653b,00-00007166,Рукав для автоцистерны 50*64 мм TankOil 10бар 14350032,,9b060c03-71d9-11e7-85a2-d43d7eec442d,false,false
Номенклатура — current,raw.r1c_nomenclature_current,c29267da-332f-11ed-9c43-cb6d75bb653b,00-00007164,Рукав для автоцистерны ф28*38 мм TankOil 10бар 14350018,,9b060c03-71d9-11e7-85a2-d43d7eec442d,false,false
Номенклатура — current,raw.r1c_nomenclature_current,ec2cdf04-3330-11ed-9c43-cb6d75bb653b,00-00007165,Рукав для автоцистерны ф42*53 мм TankOil 10бар 14350028,,9b060c03-71d9-11e7-85a2-d43d7eec442d,false,false
Номенклатура — current,raw.r1c_nomenclature_current,468cddd5-3331-11ed-9c43-cb6d75bb653b,00-00007167,"Рукав для автоцистерны ф63,5*75 мм TankOil 10бар 14350040",,9b060c03-71d9-11e7-85a2-d43d7eec442d,false,false
Номенклатура — current,raw.r1c_nomenclature_current,4da049b1-5b69-11f0-b811-005056bde474,00-00012524,Рукав для воды нап/вс ф250мм (4м),,9b060c03-71d9-11e7-85a2-d43d7eec442d,false,false
Номенклатура — current,raw.r1c_nomenclature_current,99a1c4af-9d32-11f0-b81d-005056bde474,00-00012762,"Рукав маслобензост. напорный антистат. TOBOL-AS, 20 Бар, вн. д. 19 мм,10 м TL020TB-AS",,45c9e202-0a37-11f0-b80e-005056bde474,false,false
Номенклатура — current,raw.r1c_nomenclature_current,a6e8f44b-0ae3-11f0-b80e-005056bde474,00-00011879,"Рукав напорный особопрочный, Ф50мм 2"" 25м",,9b060c03-71d9-11e7-85a2-d43d7eec442d,false,false
Номенклатура — current,raw.r1c_nomenclature_current,9f4f609b-1013-11ee-9c4e-00505689ff45,00-00008183,Рукав напорный пожарный ГР-5-80 (D-80мм L-20м),,9b060c02-71d9-11e7-85a2-d43d7eec442d,false,false
Номенклатура — current,raw.r1c_nomenclature_current,8841330f-84f5-11f1-b824-005056bde474,00-00014607,Рукав пожарный напорный ГР-50 в сборе с головками,,05c8a850-3d8b-11f1-b821-005056bde474,false,false
Номенклатура — current,raw.r1c_nomenclature_current,3941ecef-8f0e-11e8-af45-30f7727a492e,00-00000975,Рукав полуоси левый МТЗ-1221,,9b060c03-71d9-11e7-85a2-d43d7eec442d,false,false
Номенклатура — current,raw.r1c_nomenclature_current,90b21f6f-0afe-11ec-9c3a-00505689ff45,АК-00004850,Рукав с нит. усил. 20х29мм (16 атм),,9b060c03-71d9-11e7-85a2-d43d7eec442d,false,false
Номенклатура — current,raw.r1c_nomenclature_current,805723c4-0041-11ec-9c3a-00505689ff45,АК-00004000,Рукав с нитяным усилением 100 113мм гост 10362-2017,,9b060c03-71d9-11e7-85a2-d43d7eec442d,false,false
Номенклатура — current,raw.r1c_nomenclature_current,48e3a02e-0e6a-11ee-9c4e-00505689ff45,00-00008155,Рукав ф 10 мм с нитяным усилием (16 атм),,9b060c03-71d9-11e7-85a2-d43d7eec442d,false,false
Номенклатура — current,raw.r1c_nomenclature_current,cbf99123-72cd-11e8-af41-30f7727a492e,00-00000924,Рукав ф 10*17 мм атмосф.,,9b060c03-71d9-11e7-85a2-d43d7eec442d,false,false
Номенклатура — current,raw.r1c_nomenclature_current,d331f124-01ae-11ec-9c3a-00505689ff45,АК-00004098,"Рукав ф 10*17,5 мм (14,7)",,9b060c03-71d9-11e7-85a2-d43d7eec442d,false,false
Номенклатура — current,raw.r1c_nomenclature_current,6f430688-dca4-11ef-b80c-005056bde474,00-00011586,Рукав ф 14 мм с нитяным усилием (16 атм),,9b060c03-71d9-11e7-85a2-d43d7eec442d,false,false
Номенклатура — current,raw.r1c_nomenclature_current,969de6fe-dca4-11ef-b80c-005056bde474,00-00011587,Рукав ф 16 мм с нитяным усилием (16 атм),,9b060c03-71d9-11e7-85a2-d43d7eec442d,false,false
Номенклатура — current,raw.r1c_nomenclature_current,3dd80705-7081-11e8-af3f-30f7727a492e,00-00000906,Рукав ф 16*25 мм,,9b060c03-71d9-11e7-85a2-d43d7eec442d,false,false
Номенклатура — current,raw.r1c_nomenclature_current,3137beb4-73c1-11f1-b822-005056bde474,00-00014561,Рукав ф 18 мм с нитяным усилием (16 атм),,45c9e202-0a37-11f0-b80e-005056bde474,false,false
Номенклатура — current,raw.r1c_nomenclature_current,e19007c5-51ab-11e8-af3a-30f7727a492e,00-00000839,Рукав ф 40,,9b060c03-71d9-11e7-85a2-d43d7eec442d,false,false
Номенклатура — current,raw.r1c_nomenclature_current,e19007c4-51ab-11e8-af3a-30f7727a492e,00-00000838,Рукав ф 50,,9b060c03-71d9-11e7-85a2-d43d7eec442d,false,false
Номенклатура — current,raw.r1c_nomenclature_current,e0a0c246-dc47-11e8-af56-30f7727a492e,00-00001325,Рукав ф 58,,9b060c03-71d9-11e7-85a2-d43d7eec442d,false,false
Номенклатура — current,raw.r1c_nomenclature_current,20d24bb2-0e6a-11ee-9c4e-00505689ff45,00-00008154,Рукав ф 6 мм с нитяным усилием (16 атм),,9b060c03-71d9-11e7-85a2-d43d7eec442d,false,false
Номенклатура — current,raw.r1c_nomenclature_current,02b89c11-3b56-11ee-9c4e-00505689ff45,00-00008493,Рукав ф 8 мм с нитяным усилием (10 атм),,9b060c03-71d9-11e7-85a2-d43d7eec442d,false,false
Номенклатура — current,raw.r1c_nomenclature_current,1d40d406-01af-11ec-9c3a-00505689ff45,АК-00004105,"Рукав ф 8*15,5мм ",,9b060c03-71d9-11e7-85a2-d43d7eec442d,false,false
Номенклатура — current,raw.r1c_nomenclature_current,5ac22bb6-f69b-11f0-b81e-005056bde474,00-00013487,Рукав ф20 мм с нитяным усилием (16 атм),,45c9e202-0a37-11f0-b80e-005056bde474,false,false
Номенклатура — current,raw.r1c_nomenclature_current,31955b80-5d9a-11f1-b821-005056bde474,00-00014478,Рукав ф22 мм с нитяным усилием (16 атм),,45c9e202-0a37-11f0-b80e-005056bde474,false,false
Номенклатура — current,raw.r1c_nomenclature_current,4124f6fb-f857-11ef-b80e-005056bde474,00-00011688,Рукав ф42 мм с нитяным усилием (3 атм),,9b060c03-71d9-11e7-85a2-d43d7eec442d,false,false
Номенклатура — current,raw.r1c_nomenclature_current,b56b6954-8833-11ec-9c41-00505689c8d9,00-00006105,Рукоятка деревянная 120см с резьбой 9650,,f7164898-2ffe-11eb-af80-fa163e0d31f7,false,false
Номенклатура — current,raw.r1c_nomenclature_current,4d5cdd26-7f22-11eb-b484-fa163e0d31f7,БП-00003759,Рукоятка для щеток 120см алюминевая,,917ab634-0a38-11f0-b80e-005056bde474,false,false
Номенклатура — current,raw.r1c_nomenclature_current,0efa3a7e-a024-11eb-c683-fa163e0d31f7,БП-00003880,Рукоятка пластиковая 120см ,,f0e4c260-a130-11e8-af4c-30f7727a492e,false,false
Номенклатура — current,raw.r1c_nomenclature_current,be439ca5-17d6-11ed-9c43-cb6d75bb653b,00-00006882,Рулевой механизм  PM2000,,9b060c03-71d9-11e7-85a2-d43d7eec442d,false,false
Номенклатура — current,raw.r1c_nomenclature_current,b025f4e5-9a32-11ec-9c42-00505689c8d9,00-00006253,Рулевой механизм с сервисблком SAD PM2000/SHB (Гидроруль)К-744,,9b060c03-71d9-11e7-85a2-d43d7eec442d,false,false
Номенклатура — current,raw.r1c_nomenclature_current,4b0c37a4-cadf-11e9-af79-30f7727a492e,00-00001955,Рулетка 10 м,,f0e4c260-a130-11e8-af4c-30f7727a492e,false,false
Номенклатура — current,raw.r1c_nomenclature_current,9597b5a4-c25a-11e9-af79-30f7727a492e,00-00001884,Рулетка 3м,,f0e4c260-a130-11e8-af4c-30f7727a492e,false,false
Номенклатура — current,raw.r1c_nomenclature_current,e7476bd6-9223-11ec-9c42-00505689c8d9,00-00006190,Рулетка 5м,,683c72a5-0a38-11f0-b80e-005056bde474,false,false
Номенклатура — current,raw.r1c_nomenclature_current,45f8c8ef-c562-11e9-af79-30f7727a492e,00-00001926,Рулетка 8м,,f0e4c260-a130-11e8-af4c-30f7727a492e,false,false
Номенклатура — current,raw.r1c_nomenclature_current,eb8b1954-52c2-11f1-b821-005056bde474,00-00014401,"Рулетка Ergonomisch 10 м x 25 мм, магнитный обрезиненный зацеп GROSS ",,9bdf0c3e-7363-11f0-b814-005056bde474,false,false
Номенклатура — current,raw.r1c_nomenclature_current,76958986-b4f5-11f0-b81e-005056bde474,00-00012931,Рулетка компактная 5х25 Inforce,,9bdf0c3e-7363-11f0-b814-005056bde474,false,false
Номенклатура — current,raw.r1c_nomenclature_current,f62707cd-8d53-11ef-9c5e-00505689ff45,00-00011292,"Рулетка обрезин., серия Спринт, автостоп, нейлон,10м*25мм",,f0e4c260-a130-11e8-af4c-30f7727a492e,false,false
Номенклатура — current,raw.r1c_nomenclature_current,c9738260-e481-11eb-0c9a-fa163e0d31f7,БП-00004449,Рулетка с нейлоновым ярким покрытием и магнитным зацепом 7.5x27мм Inforce 06-11-49,,f7164898-2ffe-11eb-af80-fa163e0d31f7,false,false
Номенклатура — current,raw.r1c_nomenclature_current,8b33ee82-d38e-11ed-9c4e-00505689ff45,00-00007708,"Рулон шлифовальный на тканевой основе,водостойкий 775мм",,9b060c02-71d9-11e7-85a2-d43d7eec442d,false,false
Номенклатура — current,raw.r1c_nomenclature_current,962c4f17-86e8-11ef-9c5d-00505689ff45,00-00011283,"Рулон шлифовальный на тканевой основе,водостойкий 800мм, 30м",,9b060c02-71d9-11e7-85a2-d43d7eec442d,false,false
Номенклатура — current,raw.r1c_nomenclature_current,d41c8e8a-34e8-11ed-9c43-cb6d75bb653b,00-00007185,Ручка КПП,,9b060c03-71d9-11e7-85a2-d43d7eec442d,false,false
Номенклатура — current,raw.r1c_nomenclature_current,7fd1e7de-09de-11e9-af60-30f7727a492e,00-00001400,Ручка гелевая,,9088ee8b-75dc-11e7-af18-30f7727a492e,false,false
Номенклатура — current,raw.r1c_nomenclature_current,82253358-1d78-11ea-9522-30f7727a492e,00-00002262,Ручка деревянная,,9088eead-75dc-11e7-af18-30f7727a492e,false,false
Номенклатура — current,raw.r1c_nomenclature_current,9db1901d-18ac-11ed-9c43-cb6d75bb653b,00-00006939,Ручка для валика 250х8мм,,f0e4c260-a130-11e8-af4c-30f7727a492e,false,false
Номенклатура — current,raw.r1c_nomenclature_current,91fd567f-283f-11ed-9c43-cb6d75bb653b,00-00007094,Ручка для калитки круглая ,,9b060c02-71d9-11e7-85a2-d43d7eec442d,false,false
Номенклатура — current,raw.r1c_nomenclature_current,f0e4c265-a130-11e8-af4c-30f7727a492e,00-00001097,Ручка для кувалды,,f0e4c260-a130-11e8-af4c-30f7727a492e,false,false
Номенклатура — current,raw.r1c_nomenclature_current,6aa67e40-2e1b-11ef-9c59-00505689ff45,00-00010646,Ручка для лопат,,9088eead-75dc-11e7-af18-30f7727a492e,false,false
Номенклатура — current,raw.r1c_nomenclature_current,50ec2b62-5073-11ed-9c43-cb6d75bb653b,00-00007338,Ручка для окна,,f0e4c260-a130-11e8-af4c-30f7727a492e,false,false
Номенклатура — current,raw.r1c_nomenclature_current,708af8e4-4482-11eb-7b94-fa163e0d31f7,БП-00003490,Ручка задней двери 3302,,9b060c03-71d9-11e7-85a2-d43d7eec442d,false,false
Номенклатура — current,raw.r1c_nomenclature_current,6b9e7399-9191-11e9-af72-30f7727a492e,00-00001716,"Ручка корректирующая, шариковый наконечник",,9088ee8b-75dc-11e7-af18-30f7727a492e,false,false
Номенклатура — current,raw.r1c_nomenclature_current,27d6ccc9-7339-11ec-9c40-00505689c8d9,АК-00005964,Ручка на круглой основе,,9088eead-75dc-11e7-af18-30f7727a492e,false,false
Номенклатура — current,raw.r1c_nomenclature_current,d2b593c4-c59e-11ee-9c4c-005056893620,00-00010116,Ручка наружная L,,9b060c03-71d9-11e7-85a2-d43d7eec442d,false,false
Номенклатура — current,raw.r1c_nomenclature_current,62af006e-9042-11ef-9c5e-00505689ff45,00-00011307,Ручка скоба,,9b060c02-71d9-11e7-85a2-d43d7eec442d,false,false
Номенклатура — current,raw.r1c_nomenclature_current,b0a54a81-6f9e-11ec-9c40-00505689c8d9,АК-00005947,Ручка телескопическая,,9088eead-75dc-11e7-af18-30f7727a492e,false,false
Номенклатура — current,raw.r1c_nomenclature_current,1f15e066-7886-11e7-af18-30f7727a492e,00-00000136,Ручка шариковая,,9088ee8b-75dc-11e7-af18-30f7727a492e,false,false
Номенклатура — current,raw.r1c_nomenclature_current,cacb2a43-3d58-11f0-b80e-005056bde474,00-00012418,Ручной навигатор GPSMAP 65,,683c72a5-0a38-11f0-b80e-005056bde474,false,false
Номенклатура — current,raw.r1c_nomenclature_current,5c4fb8ae-0ba4-11eb-3385-fa163ee5d2f9,БП-00003141,Рым-Болт DIN 580,,9b060c03-71d9-11e7-85a2-d43d7eec442d,false,false
Номенклатура — current,raw.r1c_nomenclature_current,1b88875b-f6f5-11f0-b81e-005056bde474,00-00013504,Рым-болт М10,,9adc9f2a-3d8a-11f1-b821-005056bde474,false,false
Номенклатура — current,raw.r1c_nomenclature_current,2a24289c-e725-11ec-9c42-00505689c8d9,00-00006674,Рым-болт М10х60,,9b060c03-71d9-11e7-85a2-d43d7eec442d,false,false
Номенклатура — current,raw.r1c_nomenclature_current,25d0ad6b-f707-11f0-b81e-005056bde474,00-00013535,Рым-болт нерж. м12*120,,9adc9f2a-3d8a-11f1-b821-005056bde474,false,false
Номенклатура — current,raw.r1c_nomenclature_current,3223c095-17ce-11ed-9c43-cb6d75bb653b,00-00006871,Рым-гайка  DIN 582 М16 1шт-ярлык 105816,,9b060c03-71d9-11e7-85a2-d43d7eec442d,false,false
Номенклатура — current,raw.r1c_nomenclature_current,2dd648aa-f6f5-11f0-b81e-005056bde474,00-00013505,Рым-гайка М10,,9adc9f2a-3d8a-11f1-b821-005056bde474,false,false
Номенклатура — current,raw.r1c_nomenclature_current,95fe7304-93bd-11f0-b818-005056bde474,00-00012731,Рым-гайка М14,,474861c4-0a39-11f0-b80e-005056bde474,false,false
Номенклатура — current,raw.r1c_nomenclature_current,ba81ba84-cf90-11eb-bd90-fa163e0d31f7,БП-00004200,Рыхлитель,,9b060c03-71d9-11e7-85a2-d43d7eec442d,false,false
Номенклатура — current,raw.r1c_nomenclature_current,dbc4e089-13d5-11f0-b80e-005056bde474,00-00011919,Рычаг,,45c9e202-0a37-11f0-b80e-005056bde474,false,false
Номенклатура — current,raw.r1c_nomenclature_current,8cff8e6f-a2f5-11ed-9c4c-00505689ff45,00-00007610,Рычаг 700А 46.28.097,,9b060c03-71d9-11e7-85a2-d43d7eec442d,false,false
Номенклатура — current,raw.r1c_nomenclature_current,7fcc178d-f8b5-11ee-9c4c-005056893620,00-00010415,Рычаг ИД 015.72256,,9b060c03-71d9-11e7-85a2-d43d7eec442d,false,false
Номенклатура — current,raw.r1c_nomenclature_current,6ab896d4-20f2-11ec-9c3a-00505689ff45,АК-00005311,Рычаг КПК 0109240,,9b060c03-71d9-11e7-85a2-d43d7eec442d,false,false
Номенклатура — current,raw.r1c_nomenclature_current,f6752be2-b303-11e7-a3e0-94de80168a80,00-00000352,Рычаг МТЗ ВОМ Б3ТД и А,,9b060c03-71d9-11e7-85a2-d43d7eec442d,false,false
Номенклатура — current,raw.r1c_nomenclature_current,2db5c038-6a41-11e9-af6b-30f7727a492e,00-00001545,Рычаг МТЗ КПП РУП МТЗ,,9b060c03-71d9-11e7-85a2-d43d7eec442d,false,false
Номенклатура — current,raw.r1c_nomenclature_current,a51f6286-2514-11ec-a9db-00505689f463,АК-00005376,Рычаг задней навески левый 35471520,,9b060c03-71d9-11e7-85a2-d43d7eec442d,false,false
Номенклатура — current,raw.r1c_nomenclature_current,795e931f-2514-11ec-a9db-00505689f463,АК-00005375,Рычаг задней навески правый 35471420,,9b060c03-71d9-11e7-85a2-d43d7eec442d,false,false
Номенклатура — current,raw.r1c_nomenclature_current,53d08633-f910-11ef-b80e-005056bde474,00-00011718,Рычаг задней подвески L=R,,9b060c03-71d9-11e7-85a2-d43d7eec442d,false,false
Номенклатура — current,raw.r1c_nomenclature_current,7fa87de8-f92b-11ef-b80e-005056bde474,00-00011726,Рычаг задней подвески R Renault,,9b060c03-71d9-11e7-85a2-d43d7eec442d,false,false
Номенклатура — current,raw.r1c_nomenclature_current,a4ee5613-753f-11e9-af6d-30f7727a492e,00-00001568,Рычаг корзины сцепления МТЗ усиленный БЗТДиА,,9b060c03-71d9-11e7-85a2-d43d7eec442d,false,false
Номенклатура — current,raw.r1c_nomenclature_current,81437f0d-64b5-11e8-af3d-30f7727a492e,00-00000898,Рычаг левый К-700,,9b060c03-71d9-11e7-85a2-d43d7eec442d,false,false
Номенклатура — current,raw.r1c_nomenclature_current,9d75e5aa-7cbc-11ef-9c5d-00505689ff45,00-00011126,Рычаг маятниковый Ваз 2123 в сборе на подшипниках,,9b060c03-71d9-11e7-85a2-d43d7eec442d,false,false
Номенклатура — current,raw.r1c_nomenclature_current,2906733a-a56e-11ea-7691-fa163ee5d2f9,БП-00002723,Рычаг навески левый верхний 37723000,,9b060c03-71d9-11e7-85a2-d43d7eec442d,false,false
Номенклатура — current,raw.r1c_nomenclature_current,2080f925-20fa-11ec-9c3a-00505689ff45,АК-00005325,Рычаг навески правый верхний 37723100,,9b060c03-71d9-11e7-85a2-d43d7eec442d,false,false
Номенклатура — current,raw.r1c_nomenclature_current,cbbeff0c-3b55-11ee-9c4e-00505689ff45,00-00008492,Рычаг натяжной МТЗ 1221-8114070,,9b060c03-71d9-11e7-85a2-d43d7eec442d,false,false
Номенклатура — current,raw.r1c_nomenclature_current,ac4ab28e-a49c-11ee-9c4c-005056893620,00-00010040,Рычаг нижний левый,,9b060c03-71d9-11e7-85a2-d43d7eec442d,false,false
Номенклатура — current,raw.r1c_nomenclature_current,485dee85-3b53-11ee-9c4e-00505689ff45,00-00008486,Рычаг передн.верх  Л ASIMA ASI78928,,9b060c03-71d9-11e7-85a2-d43d7eec442d,false,false
Номенклатура — current,raw.r1c_nomenclature_current,6fee6187-a49c-11ee-9c4c-005056893620,00-00010039,Рычаг подвески передний  правый в сборе,,9b060c03-71d9-11e7-85a2-d43d7eec442d,false,false
Номенклатура — current,raw.r1c_nomenclature_current,a73b9242-c7cf-11e9-af79-30f7727a492e,00-00001939,Рычаг подвески передний верхний левый SsangYong,,9b060c03-71d9-11e7-85a2-d43d7eec442d,false,false
Номенклатура — current,raw.r1c_nomenclature_current,a73b9243-c7cf-11e9-af79-30f7727a492e,00-00001940,Рычаг подвески передний верхний правый SsangYong,,9b060c03-71d9-11e7-85a2-d43d7eec442d,false,false
Номенклатура — current,raw.r1c_nomenclature_current,81437f0e-64b5-11e8-af3d-30f7727a492e,00-00000899,Рычаг правый К-700,,9b060c03-71d9-11e7-85a2-d43d7eec442d,false,false
Номенклатура — current,raw.r1c_nomenclature_current,733553bb-8565-11ee-9c4a-005056893620,00-00009797,"Рычаг регулировочный ПАЗ-3205,КРАЗ РТ-40.07/06",,9b060c03-71d9-11e7-85a2-d43d7eec442d,false,false
Номенклатура — current,raw.r1c_nomenclature_current,ba3506dd-1cd4-11ef-9c58-00505689ff45,00-00010603,Рычаг синхронизации с кронштейном в сборе ЭК-100.155,,9b060c03-71d9-11e7-85a2-d43d7eec442d,false,false
Номенклатура — current,raw.r1c_nomenclature_current,76c7e00f-8815-11e9-af70-30f7727a492e,00-00001667,Рычаг стеклоочистителя ВАЗ-2101-2107 345мм Автоприбор СЛ193-5205800-01,,9b060c03-71d9-11e7-85a2-d43d7eec442d,false,false
Номенклатура — current,raw.r1c_nomenclature_current,84e1a25c-9a3b-11ec-9c42-00505689c8d9,00-00006258,Рычаг стеклоочистителя ВАЗ-2111 245мм крючок 3х8 двери задка Автоприбор 63.5205800,,9b060c03-71d9-11e7-85a2-d43d7eec442d,false,false
Номенклатура — current,raw.r1c_nomenclature_current,d6886608-d808-11eb-d199-fa163e0d31f7,БП-00004318,Рычаг стеклоочистителя МТЗ с щеткой (2рычага+1 щетка) в сборе 787.000.030,,9b060c03-71d9-11e7-85a2-d43d7eec442d,false,false
Номенклатура — current,raw.r1c_nomenclature_current,033babf8-4bca-11ed-9c43-cb6d75bb653b,00-00007260,Рычаг тормоза 700.23.00.020-1,,9b060c03-71d9-11e7-85a2-d43d7eec442d,false,false
Номенклатура — current,raw.r1c_nomenclature_current,6ec850f0-bde6-11eb-b480-fa163e0d31f7,БП-00003995,"Рычаг тормоза регулировочный ПАЗ-3205,КРАЗ,КАВЗ автомат правый МЗТА РТ-40-06",,9b060c03-71d9-11e7-85a2-d43d7eec442d,false,false
Номенклатура — current,raw.r1c_nomenclature_current,dd042b21-ddbc-11ed-9c4e-00505689ff45,00-00007768,"С/Х прицепы 9,00х16 Камера н",,9b060c03-71d9-11e7-85a2-d43d7eec442d,false,false
Номенклатура — current,raw.r1c_nomenclature_current,bb6bc250-03da-11eb-ac9e-fa163ee5d2f9,БП-00003060,С/б задней подвески,,9b060c03-71d9-11e7-85a2-d43d7eec442d,false,false
Номенклатура — current,raw.r1c_nomenclature_current,617e486c-e157-11ea-8696-fa163ee5d2f9,БП-00002944,С/б задний  переднего рычага ,,9b060c03-71d9-11e7-85a2-d43d7eec442d,false,false
Номенклатура — current,raw.r1c_nomenclature_current,45f8c8dc-c562-11e9-af79-30f7727a492e,00-00001913,С/б пер. рычага задний (31091),,9b060c03-71d9-11e7-85a2-d43d7eec442d,false,false
Номенклатура — current,raw.r1c_nomenclature_current,45f8c8db-c562-11e9-af79-30f7727a492e,00-00001912,С/б пер. рычага передний  (2250004),,9b060c03-71d9-11e7-85a2-d43d7eec442d,false,false
Номенклатура — current,raw.r1c_nomenclature_current,2d265699-6f3d-11ef-9c5c-00505689ff45,00-00011026,С/х шина 11.2-20 Ф-35 нс8 Волтайр,,9b060c03-71d9-11e7-85a2-d43d7eec442d,false,false
Номенклатура — current,raw.r1c_nomenclature_current,cf5a11a7-e5bd-11ec-9c42-00505689c8d9,00-00006625,"С/х шина 11.5/80-15,3 ВКТ AS S04 8PR TL",,9b060c03-71d9-11e7-85a2-d43d7eec442d,false,false
Номенклатура — current,raw.r1c_nomenclature_current,07b85c52-b300-11f0-b81e-005056bde474,00-00012897,"С/х шина 16,5/70-18 КФ-97 Белшина",,0695341b-4ea3-11f1-b821-005056bde474,false,false
Номенклатура — current,raw.r1c_nomenclature_current,9c79ffc4-b2ff-11f0-b81e-005056bde474,00-00012895,С/х шина 420/70 R24 Белшина,,0695341b-4ea3-11f1-b821-005056bde474,false,false
Номенклатура — current,raw.r1c_nomenclature_current,845562c0-e652-11eb-0c9a-fa163e0d31f7,БП-00004491,СБО 005 Корпус БДМ обслуживаемый,,9b060c03-71d9-11e7-85a2-d43d7eec442d,false,false
Номенклатура — current,raw.r1c_nomenclature_current,81c13e39-f852-11ef-b80e-005056bde474,00-00011682,СВ 48/148 Цилиндр 3 фазы CD85N16-125-B,,3fa5d5b3-728e-11f0-b814-005056bde474,false,false
Номенклатура — current,raw.r1c_nomenclature_current,0353addb-761e-11f1-b822-005056bde474,00-00014564,СВ 48/148 Цилиндр CD85N20-50-B,,3fa5d5b3-728e-11f0-b814-005056bde474,false,false
Номенклатура — current,raw.r1c_nomenclature_current,7969cb7b-f84e-11ef-b80e-005056bde474,00-00011677,СВ-148 Датчик В.070.0060,,9b060c03-71d9-11e7-85a2-d43d7eec442d,false,false
Номенклатура — current,raw.r1c_nomenclature_current,c77f81f9-f7d9-11f0-b81e-005056bde474,00-00013618,СВ-148 Принтер-этикетировщик левосторонний СЕА55,,de1714af-8a12-11e7-af1d-30f7727a492e,false,false
Номенклатура — current,raw.r1c_nomenclature_current,d92beb96-f7d9-11f0-b81e-005056bde474,00-00013619,СВ-148 Принтер-этикетировщик правосторонний СЕА55,,de1714af-8a12-11e7-af1d-30f7727a492e,false,false
Номенклатура — current,raw.r1c_nomenclature_current,20e50e36-f853-11ef-b80e-005056bde474,00-00011685,СВ-148 Присоска,,e857fb59-7295-11f0-b814-005056bde474,false,false
Номенклатура — current,raw.r1c_nomenclature_current,dff12fe6-761d-11f1-b822-005056bde474,00-00014563,СВ-148 Ремень 5ф К.020.0177,,a149240d-728d-11f0-b814-005056bde474,false,false
Номенклатура — current,raw.r1c_nomenclature_current,ca8b37ca-f84e-11ef-b80e-005056bde474,00-00011678,СВ-148 Ремень К.020.0178,,a149240d-728d-11f0-b814-005056bde474,false,false
Номенклатура — current,raw.r1c_nomenclature_current,a35002a2-f84d-11ef-b80e-005056bde474,00-00011675,СВ-148 ТЭН горизонтальной сварки ,,6b09a573-7290-11f0-b814-005056bde474,false,false
Номенклатура — current,raw.r1c_nomenclature_current,f36fa2fd-f84d-11ef-b80e-005056bde474,00-00011676,СВ-148 ТЭН для отверстий,,6b09a573-7290-11f0-b814-005056bde474,false,false
Номенклатура — current,raw.r1c_nomenclature_current,b24dca98-f852-11ef-b80e-005056bde474,00-00011683,СВ-148 Термопара L.010.0083,,484b9c87-7290-11f0-b814-005056bde474,false,false
Номенклатура — current,raw.r1c_nomenclature_current,d1f3feba-f852-11ef-b80e-005056bde474,00-00011684,СВ-148 Термопара L.010.0091,,9b060c03-71d9-11e7-85a2-d43d7eec442d,false,false
Номенклатура — current,raw.r1c_nomenclature_current,d45321c5-93fa-11f0-b818-005056bde474,00-00012733,СВ-48 Зажим,,e857fb59-7295-11f0-b814-005056bde474,false,false
Номенклатура — current,raw.r1c_nomenclature_current,89706601-761d-11f1-b822-005056bde474,00-00014562,СВ-48 Комплект цепи протяжки упаковки 60-002900,,b45a19a1-728d-11f0-b814-005056bde474,false,false
Номенклатура — current,raw.r1c_nomenclature_current,7885b815-93fa-11f0-b818-005056bde474,00-00012732,СВ-48 Нож 48-2024,,e857fb59-7295-11f0-b814-005056bde474,false,false
Номенклатура — current,raw.r1c_nomenclature_current,fbed41c3-f84e-11ef-b80e-005056bde474,00-00011679,СВ-48 Нож сетки 48-0413,,e857fb59-7295-11f0-b814-005056bde474,false,false
Номенклатура — current,raw.r1c_nomenclature_current,b7c4a450-f851-11ef-b80e-005056bde474,00-00011680,СВ-48 Нож сетки ответная часть 48-0414,,e857fb59-7295-11f0-b814-005056bde474,false,false
Номенклатура — current,raw.r1c_nomenclature_current,732b0037-f84d-11ef-b80e-005056bde474,00-00011674,СВ-48 ТЭН вертикальный фаза1,,9b060c03-71d9-11e7-85a2-d43d7eec442d,false,false
Номенклатура — current,raw.r1c_nomenclature_current,8ff0e21b-4ebc-11f1-b821-005056bde474,00-00014348,СВЕКЛА. ГОТОВАЯ ПРОДУКЦИЯ,,9b060c27-71d9-11e7-85a2-d43d7eec442d,true,false
Номенклатура — current,raw.r1c_nomenclature_current,dc310c8c-42b3-11ef-9c59-00505689ff45,00-00010708,СД ремня рзм40/шап32,,9b060c03-71d9-11e7-85a2-d43d7eec442d,false,false
Номенклатура — current,raw.r1c_nomenclature_current,64a78f62-f2b7-11ef-b80e-005056bde474,00-00011651,СДЭК,,34f83455-094c-11f0-b80e-005056bde474,false,false
Номенклатура — current,raw.r1c_nomenclature_current,0d86e29e-bd04-11f1-b824-005056bde474,00-00014793,"СЕП.ТРАНСПОРТЁР 40/1000/4856, SPF Premium",,2c493784-4ea0-11f1-b821-005056bde474,false,false
Номенклатура — current,raw.r1c_nomenclature_current,63479bba-bd04-11f1-b824-005056bde474,00-00014794,"СЕП.ТРАНСПОРТЁР 40/1640/13054/200, SPF Premium",,2c493784-4ea0-11f1-b821-005056bde474,false,false
Номенклатура — current,raw.r1c_nomenclature_current,9088eeaa-75dc-11e7-af18-30f7727a492e,00-00000063,СЗР,,232bac5f-0661-11f0-b80e-005056bde474,true,false
Номенклатура — current,raw.r1c_nomenclature_current,232bac5f-0661-11f0-b80e-005056bde474,00-00011784,СЗР и удобрения,,dece0a1b-094b-11f0-b80e-005056bde474,true,false
Номенклатура — current,raw.r1c_nomenclature_current,407bd34c-f8bc-11ee-9c4c-005056893620,00-00010423,СМАЗКА (STRONG) EP3 (тюбик400 гр) (УТ-01202557),,06edb888-3d8e-11f1-b821-005056bde474,false,false
Номенклатура — current,raw.r1c_nomenclature_current,9188b053-8149-11ee-9c4a-005056893620,00-00009765,"СМАРТ S-2413 (ОЕМ комплект), GSM система мониторинга",,de1714af-8a12-11e7-af1d-30f7727a492e,false,false
Номенклатура — current,raw.r1c_nomenclature_current,fb004a65-d510-11ec-9c42-00505689c8d9,00-00006537,"СМАРТ S-2423 (ОЕМ комплект), GSM система мониторинга",,8b826a40-d818-11eb-d199-fa163e0d31f7,false,false
Номенклатура — current,raw.r1c_nomenclature_current,715d98b5-77af-11ec-9c40-00505689c8d9,АК-00006002,СМАРТ S-2425 GSM система мониторинга,,8b826a40-d818-11eb-d199-fa163e0d31f7,false,false
Номенклатура — current,raw.r1c_nomenclature_current,d83239aa-8149-11ee-9c4a-005056893620,00-00009766,СМАРТ S-2433 GSM система мониторинга,,8b826a40-d818-11eb-d199-fa163e0d31f7,false,false
Номенклатура — current,raw.r1c_nomenclature_current,1ff0b911-77b0-11ec-9c40-00505689c8d9,АК-00006003,СМАРТ МАХ S-2425 (ОЕМ комплект),,8b826a40-d818-11eb-d199-fa163e0d31f7,false,false
Номенклатура — current,raw.r1c_nomenclature_current,c2fe523c-6b2c-11ed-9c4d-00505689c8d9,00-00007413,СОЕДИНИТЕЛЬ РЕМНЯ ШАГ40/ШАП32,,9b060c03-71d9-11e7-85a2-d43d7eec442d,false,false
Номенклатура — current,raw.r1c_nomenclature_current,e72420fe-a065-11ec-9c42-00505689c8d9,00-00006295,СТ 70 Р герметичный прокалывающий зажим,,9b060c03-71d9-11e7-85a2-d43d7eec442d,false,false
Номенклатура — current,raw.r1c_nomenclature_current,c70a1e13-5138-11ee-9c4e-00505689ff45,00-00009505,СТАРТ S-2011 GSM система мониторинга,,8b826a40-d818-11eb-d199-fa163e0d31f7,false,false
Номенклатура — current,raw.r1c_nomenclature_current,a21e0f94-bd09-11f1-b824-005056bde474,00-00014798,"СТОПОРН.КОЛЬЦО A 75X2,5 DIN471",,63cb8210-4ea0-11f1-b821-005056bde474,false,false
Номенклатура — current,raw.r1c_nomenclature_current,6f108e46-2b1b-11f0-b80e-005056bde474,00-00012157,СТРЕЛЬЧАТАЯ РЫХЛ.ЛАПА 100,,45c9e202-0a37-11f0-b80e-005056bde474,false,false
Номенклатура — current,raw.r1c_nomenclature_current,37565e10-695b-11f1-b822-005056bde474,00-00014510,СЫРЬЁ И МАТЕРИАЛЫ ДАВЛЬЧЕСКИЕ,,00000000-0000-0000-0000-000000000000,true,false
Номенклатура — current,raw.r1c_nomenclature_current,dece0a1b-094b-11f0-b80e-005056bde474,00-00011792,СЫРЬЕ И МАТЕРИАЛЫ ВЫРАЩИВАНИЕ,,00000000-0000-0000-0000-000000000000,true,false
Номенклатура — current,raw.r1c_nomenclature_current,d5f1fbeb-094b-11f0-b80e-005056bde474,00-00011791,СЫРЬЕ И МАТЕРИАЛЫ ПРОИЗВОДСТВО,,00000000-0000-0000-0000-000000000000,true,false
Номенклатура — current,raw.r1c_nomenclature_current,93005f44-d826-11eb-d199-fa163e0d31f7,БП-00004353,Савок для мусора,,f0e4c260-a130-11e8-af4c-30f7727a492e,false,false
Номенклатура — current,raw.r1c_nomenclature_current,577d469c-e7ab-11ea-3497-fa163ee5d2f9,БП-00002973,Савок с длинной ручкой 80 см,,f0e4c260-a130-11e8-af4c-30f7727a492e,false,false
Номенклатура — current,raw.r1c_nomenclature_current,466985fb-5793-11ea-8118-d43d7ec071d4,00-00002479,Сажалка для чеснока,,9b060cbb-71d9-11e7-85a2-d43d7eec442d,false,false
Номенклатура — current,raw.r1c_nomenclature_current,cbf81f37-7666-11ef-9c5d-00505689ff45,00-00011086,Сайлентблок 21214 нижние БелМаг 4 шт,,9b060c03-71d9-11e7-85a2-d43d7eec442d,false,false
Номенклатура — current,raw.r1c_nomenclature_current,1e431c85-766a-11ef-9c5d-00505689ff45,00-00011090,Сайлентблок для а/м ВАЗ 32123 комплект,,9b060c03-71d9-11e7-85a2-d43d7eec442d,false,false
Номенклатура — current,raw.r1c_nomenclature_current,486324f6-13ce-11f0-b80e-005056bde474,00-00011901,Сайлентблок для а/м Соболь верхний,,20296b06-0a38-11f0-b80e-005056bde474,false,false
Номенклатура — current,raw.r1c_nomenclature_current,94f595e2-f402-11ed-9c4e-00505689ff45,00-00008007,Сайлентблок для а/м Соболь верхний 2217-2904172,,9b060c03-71d9-11e7-85a2-d43d7eec442d,false,false
Номенклатура — current,raw.r1c_nomenclature_current,603f0fa1-13ce-11f0-b80e-005056bde474,00-00011902,Сайлентблок для а/м Соболь нижний,,20296b06-0a38-11f0-b80e-005056bde474,false,false
Номенклатура — current,raw.r1c_nomenclature_current,ca9f85b8-f910-11ef-b80e-005056bde474,00-00011719,Сайлентблок задней подвески L=R ,,9b060c03-71d9-11e7-85a2-d43d7eec442d,false,false
Номенклатура — current,raw.r1c_nomenclature_current,84717c76-f0e4-11ee-9c4c-005056893620,00-00010349,Сайлентблок рычага подвески перед L/R CVT-3,,9b060c03-71d9-11e7-85a2-d43d7eec442d,false,false
Номенклатура — current,raw.r1c_nomenclature_current,5049ba86-f0e4-11ee-9c4c-005056893620,00-00010348,Сайлентблок рычага подвески перед низ,,9b060c03-71d9-11e7-85a2-d43d7eec442d,false,false
Номенклатура — current,raw.r1c_nomenclature_current,d8be81ee-f524-11eb-9c3a-00505689ff45,АК-00003693,Сайрен Инсектицид,,f9d67774-531d-11f0-b811-005056bde474,false,false
Номенклатура — current,raw.r1c_nomenclature_current,d9f078ec-53e4-11eb-2798-fa163e0d31f7,БП-00003564,Салат Гранд рапидс,,63675cba-491d-11f1-b821-005056bde474,false,false
Номенклатура — current,raw.r1c_nomenclature_current,9597b5b7-c25a-11e9-af79-30f7727a492e,00-00001902,Салент.рессоры BOX3/JUMP3/DUC3 (зад) к-т,,9b060c03-71d9-11e7-85a2-d43d7eec442d,false,false
Номенклатура — current,raw.r1c_nomenclature_current,60003df4-0c2c-11f1-b81f-005056bde474,00-00013758,Салонный фильтр L214634AN (ST86086),,45c9e202-0a37-11f0-b80e-005056bde474,false,false
Номенклатура — current,raw.r1c_nomenclature_current,bc3078ed-c108-11ee-9c4c-005056893620,00-00010108,Салфетка автомобильная,,f0e4c260-a130-11e8-af4c-30f7727a492e,false,false
Номенклатура — current,raw.r1c_nomenclature_current,e514a04f-11bb-11ea-9520-30f7727a492e,00-00002212,Салфетка вискозная,,f0e4c260-a130-11e8-af4c-30f7727a492e,false,false
Номенклатура — current,raw.r1c_nomenclature_current,5baa84a1-332b-11f1-b81f-005056bde474,00-00014021,Салфетки в рулоне,,f0e4c260-a130-11e8-af4c-30f7727a492e,false,false
Номенклатура — current,raw.r1c_nomenclature_current,ec18ca00-ff61-11e7-af2b-30f7727a492e,00-00000670,Салфетки влажные,,f0e4c260-a130-11e8-af4c-30f7727a492e,false,false
Номенклатура — current,raw.r1c_nomenclature_current,09ea0400-2d02-11f1-b81f-005056bde474,00-00013927,Салфетки для обезжиривания ПЭ труб и фитингов перед сваркой с содержанием изопропанола 95% GasFusion,,bf64ba06-729b-11f0-b814-005056bde474,false,false
Номенклатура — current,raw.r1c_nomenclature_current,b3b18232-a3d3-11ee-9c4c-005056893620,00-00010004,Салфетки для экранов 100 штук 130*150,,9088ee8b-75dc-11e7-af18-30f7727a492e,false,false
Номенклатура — current,raw.r1c_nomenclature_current,673468e3-2f65-11f1-b81f-005056bde474,00-00013948,Салфетки хоз. из микрофирбы 4шт/уп,,f0e4c260-a130-11e8-af4c-30f7727a492e,false,false
Номенклатура — current,raw.r1c_nomenclature_current,5f2dd64c-d808-11eb-d199-fa163e0d31f7,БП-00004315,"Сальник  2,2*50*70*10",,9b060c03-71d9-11e7-85a2-d43d7eec442d,false,false
Номенклатура — current,raw.r1c_nomenclature_current,f3b78a65-fff7-11eb-9c3a-00505689ff45,АК-00003925,Сальник  WZ 1900030,,9b060c03-71d9-11e7-85a2-d43d7eec442d,false,false
Номенклатура — current,raw.r1c_nomenclature_current,9c4eaf4c-250c-11ec-a9db-00505689f463,АК-00005365,Сальник  КН1411,,9b060c03-71d9-11e7-85a2-d43d7eec442d,false,false
Номенклатура — current,raw.r1c_nomenclature_current,bd3a40fc-20f7-11ec-9c3a-00505689ff45,АК-00005317,Сальник  КН3632,,9b060c03-71d9-11e7-85a2-d43d7eec442d,false,false
Номенклатура — current,raw.r1c_nomenclature_current,1f3157a7-1743-11ed-9c43-cb6d75bb653b,00-00006858,Сальник  КН4967,,9b060c03-71d9-11e7-85a2-d43d7eec442d,false,false
Номенклатура — current,raw.r1c_nomenclature_current,2db5c043-6a41-11e9-af6b-30f7727a492e,00-00001554,"Сальник  трактор, МТЗ 2,2*50*70*10 гост",,9b060c03-71d9-11e7-85a2-d43d7eec442d,false,false
Номенклатура — current,raw.r1c_nomenclature_current,abf7cbe2-39bf-11ea-9523-30f7727a492e,00-00002381,Сальник (VKH1410),,9b060c03-71d9-11e7-85a2-d43d7eec442d,false,false
Номенклатура — current,raw.r1c_nomenclature_current,63bacee0-0033-11ec-9c3a-00505689ff45,АК-00003986,Сальник (манжета армированная) 2-60*85*10,,9b060c03-71d9-11e7-85a2-d43d7eec442d,false,false
Номенклатура — current,raw.r1c_nomenclature_current,a1214036-7d6f-11ea-9528-30f7727a492e,00-00002545,Сальник 1.2-38*58*10 Viton CAVETTO 2.2-38*58-1,,9b060c03-71d9-11e7-85a2-d43d7eec442d,false,false
Номенклатура — current,raw.r1c_nomenclature_current,a1214035-7d6f-11ea-9528-30f7727a492e,00-00002544,Сальник 1.2-38*58*10 ГОСТ 8752-79 ЧРТИ,,9b060c03-71d9-11e7-85a2-d43d7eec442d,false,false
Номенклатура — current,raw.r1c_nomenclature_current,a8e4e52e-45a5-11ee-9c4e-00505689ff45,00-00009387,Сальник 110*135,,9b060c03-71d9-11e7-85a2-d43d7eec442d,false,false
Номенклатура — current,raw.r1c_nomenclature_current,7d0bfddc-73bb-11f1-b822-005056bde474,00-00014551,Сальник 120х150 МАЗ задн.ступ.,,39477ecf-4ea0-11f1-b821-005056bde474,false,false
Номенклатура — current,raw.r1c_nomenclature_current,ac4fde0d-105c-11f0-b80e-005056bde474,00-00011887,Сальник 150*10*100,,9b060c03-71d9-11e7-85a2-d43d7eec442d,false,false
Номенклатура — current,raw.r1c_nomenclature_current,dc1bd7b7-1532-11ec-9c3a-00505689ff45,АК-00004987,"Сальник 2,2-75*100-10",,9b060c03-71d9-11e7-85a2-d43d7eec442d,false,false
Номенклатура — current,raw.r1c_nomenclature_current,901bbfbe-e698-11eb-0c9a-fa163e0d31f7,БП-00004502,Сальник 2.2-38х58х10 Viton CAVETTO 2.2-38х58-1,,9b060c03-71d9-11e7-85a2-d43d7eec442d,false,false
Номенклатура — current,raw.r1c_nomenclature_current,dd83d57f-5f47-11e9-af6b-30f7727a492e,00-00001514,Сальник 2.2-45*65*10 ГОСТ 8752-79 ЧРТИ,,9b060c03-71d9-11e7-85a2-d43d7eec442d,false,false
Номенклатура — current,raw.r1c_nomenclature_current,4c3d4696-c867-11e8-af51-30f7727a492e,00-00001233,Сальник 28*47 1эт,,9b060c03-71d9-11e7-85a2-d43d7eec442d,false,false
Номенклатура — current,raw.r1c_nomenclature_current,d7c33622-f3e0-11ed-9c4e-00505689ff45,00-00007976,Сальник 35*62,,9b060c03-71d9-11e7-85a2-d43d7eec442d,false,false
Номенклатура — current,raw.r1c_nomenclature_current,ed668444-c14e-11e8-af50-30f7727a492e,00-00001202,Сальник 35*65*10,,9b060c03-71d9-11e7-85a2-d43d7eec442d,false,false
Номенклатура — current,raw.r1c_nomenclature_current,851ab62a-1ddc-11e8-af31-30f7727a492e,00-00000685,Сальник 38*58,,9b060c03-71d9-11e7-85a2-d43d7eec442d,false,false
Номенклатура — current,raw.r1c_nomenclature_current,a4d9b698-4479-11eb-7b94-fa163e0d31f7,БП-00003466,Сальник 40*60,,9b060c03-71d9-11e7-85a2-d43d7eec442d,false,false
Номенклатура — current,raw.r1c_nomenclature_current,ed668445-c14e-11e8-af50-30f7727a492e,00-00001203,Сальник 45*65 1эт.,,9b060c03-71d9-11e7-85a2-d43d7eec442d,false,false
Номенклатура — current,raw.r1c_nomenclature_current,2b52fff0-92c6-11eb-0c80-fa163e0d31f7,БП-00003821,Сальник 45*65-25 Уплотнение RWDR-Combi,,9b060c03-71d9-11e7-85a2-d43d7eec442d,false,false
Номенклатура — current,raw.r1c_nomenclature_current,4c3d46ad-c867-11e8-af51-30f7727a492e,00-00001245,Сальник 50*72,,9b060c03-71d9-11e7-85a2-d43d7eec442d,false,false
Номенклатура — current,raw.r1c_nomenclature_current,5d96fc0c-e47c-11eb-0c9a-fa163e0d31f7,БП-00004432,Сальник 55*80,,9b060c03-71d9-11e7-85a2-d43d7eec442d,false,false
Номенклатура — current,raw.r1c_nomenclature_current,aeea2855-84e8-11e8-af44-30f7727a492e,00-00000961,Сальник 60*72,,9b060c03-71d9-11e7-85a2-d43d7eec442d,false,false
Номенклатура — current,raw.r1c_nomenclature_current,fffc6e17-99f5-11e7-af26-30f7727a492e,00-00000347,Сальник 60*85,,9b060c03-71d9-11e7-85a2-d43d7eec442d,false,false
Номенклатура — current,raw.r1c_nomenclature_current,ce6d6c45-a490-11ee-9c4c-005056893620,00-00010015,Сальник 60*85*10 УАЗ 3741 ступицы перед,,9b060c03-71d9-11e7-85a2-d43d7eec442d,false,false
Номенклатура — current,raw.r1c_nomenclature_current,485dfebd-9ad4-11e8-af49-30f7727a492e,00-00001011,Сальник 60*90*10,,9b060c03-71d9-11e7-85a2-d43d7eec442d,false,false
Номенклатура — current,raw.r1c_nomenclature_current,485dfebe-9ad4-11e8-af49-30f7727a492e,00-00001012,Сальник 60*90*8,,9b060c03-71d9-11e7-85a2-d43d7eec442d,false,false
Номенклатура — current,raw.r1c_nomenclature_current,429497f6-7d30-11e7-af19-30f7727a492e,00-00000222,Сальник 65*90,,9b060c03-71d9-11e7-85a2-d43d7eec442d,false,false
Номенклатура — current,raw.r1c_nomenclature_current,9d41b875-d832-11ef-b80c-005056bde474,00-00011567,Сальник 75*100,,9b060c03-71d9-11e7-85a2-d43d7eec442d,false,false
Номенклатура — current,raw.r1c_nomenclature_current,89397fd3-7ce0-11e7-af19-30f7727a492e,00-00000203,Сальник 85*110,,9b060c03-71d9-11e7-85a2-d43d7eec442d,false,false
Номенклатура — current,raw.r1c_nomenclature_current,6250eb77-9a47-11ec-9c42-00505689c8d9,00-00006286,Сальник 90*120*13  КПП-154 LINK,,9b060c03-71d9-11e7-85a2-d43d7eec442d,false,false
Номенклатура — current,raw.r1c_nomenclature_current,001c8046-1f86-11ec-9c3a-00505689ff45,АК-00005219,"Сальник 92*120*2,2",,9b060c03-71d9-11e7-85a2-d43d7eec442d,false,false
Номенклатура — current,raw.r1c_nomenclature_current,bcc2cc19-16c9-11f0-b80e-005056bde474,00-00011950,Сальник MG 20 диаметр проводника 9-14мм IP68,,9b060c03-71d9-11e7-85a2-d43d7eec442d,false,false
Номенклатура — current,raw.r1c_nomenclature_current,03f6d6b2-5a03-11ef-9c59-00505689ff45,00-00010788,Сальник PG 16 диаметр проводника  10-14мм IP54 ИЭК (упак.20шт),,20e031f3-0a37-11f0-b80e-005056bde474,false,false
Номенклатура — current,raw.r1c_nomenclature_current,c7d098f4-04ae-11f0-b80e-005056bde474,00-00011771,Сальник PG 21 диаметр проводника  15-18мм IP54 ИЭК,,20e031f3-0a37-11f0-b80e-005056bde474,false,false
Номенклатура — current,raw.r1c_nomenclature_current,951ec5c0-5a10-11ef-9c59-00505689ff45,00-00010831,Сальник PG 29 диаметр проводника  18-25мм IP54 ИЭК,,20e031f3-0a37-11f0-b80e-005056bde474,false,false
Номенклатура — current,raw.r1c_nomenclature_current,60481678-6529-11ef-9c5c-00505689ff45,00-00010964,Сальник PG25 IP54 EKF,,9b060c03-71d9-11e7-85a2-d43d7eec442d,false,false
Номенклатура — current,raw.r1c_nomenclature_current,769f9cd0-1a22-11e9-af62-30f7727a492e,00-00001460,Сальник SsangYong new ActuonSports 2012,,9b060c03-71d9-11e7-85a2-d43d7eec442d,false,false
Номенклатура — current,raw.r1c_nomenclature_current,6123aa64-3789-11ee-9c4e-00505689ff45,00-00008450,Сальник Viton CAVETTO 38*58,,9b060c03-71d9-11e7-85a2-d43d7eec442d,false,false
Номенклатура — current,raw.r1c_nomenclature_current,b63deb03-0885-11ef-9c4f-005056893620,00-00010443,Сальник ГАЗ переднего моста (газель 4х4),,9b060c03-71d9-11e7-85a2-d43d7eec442d,false,false
Номенклатура — current,raw.r1c_nomenclature_current,dd83d580-5f47-11e9-af6b-30f7727a492e,00-00001515,Сальник ЗИЛ КПП крышки заднего подшипника вала вторичного 58*84*16 РОСИЧЪ,,9b060c03-71d9-11e7-85a2-d43d7eec442d,false,false
Номенклатура — current,raw.r1c_nomenclature_current,d710ed7c-e698-11eb-0c9a-fa163e0d31f7,БП-00004503,Сальник ЗИЛ-130 компрессора 24х46х13.5 РОСИЧЪ 120-3509070,,9b060c03-71d9-11e7-85a2-d43d7eec442d,false,false
Номенклатура — current,raw.r1c_nomenclature_current,ba374ced-755f-11e9-af6d-30f7727a492e,00-00001601,Сальник ЗИЛ-5301 картера масляного резино-пробка комплект 2 шт. АВТОПРОКЛАДКА,,9b060c03-71d9-11e7-85a2-d43d7eec442d,false,false
Номенклатура — current,raw.r1c_nomenclature_current,302e49bd-d62b-11ec-9c42-00505689c8d9,00-00006541,Сальник К310/370/210/470,,9b060c03-71d9-11e7-85a2-d43d7eec442d,false,false
Номенклатура — current,raw.r1c_nomenclature_current,0063f8ae-e699-11eb-0c9a-fa163e0d31f7,БП-00004504,Сальник КАМАЗ гидромуфты 2.2-100х125х12 Viton CAVETTO 740.1318166,,9b060c03-71d9-11e7-85a2-d43d7eec442d,false,false
Номенклатура — current,raw.r1c_nomenclature_current,d2aed06e-038c-11ea-951d-30f7727a492e,00-00002181,Сальник КАМАЗ гидромуфты2.2-100х125х12 Viton CAVETTO ,,9b060c03-71d9-11e7-85a2-d43d7eec442d,false,false
Номенклатура — current,raw.r1c_nomenclature_current,dd83d582-5f47-11e9-af6b-30f7727a492e,00-00001517,"Сальник МАЗ -4370, МТЗ хвостовика 1,2-80*105*10 Viton CAVETTO 1.2-80*105",,9b060c03-71d9-11e7-85a2-d43d7eec442d,false,false
Номенклатура — current,raw.r1c_nomenclature_current,dd83d583-5f47-11e9-af6b-30f7727a492e,00-00001518,"Сальник МАЗ -4370, МТЗ хвостовика 2,2-80*105*10 Viton CAVETTO 2.2-80*105*10",,9b060c03-71d9-11e7-85a2-d43d7eec442d,false,false
Номенклатура — current,raw.r1c_nomenclature_current,dd83d581-5f47-11e9-af6b-30f7727a492e,00-00001516,"Сальник МАЗ КПП -202 вала вторичного 2,2-100*125*12 РОСИЧЪ",,9b060c03-71d9-11e7-85a2-d43d7eec442d,false,false
Номенклатура — current,raw.r1c_nomenclature_current,7ba1daa4-e699-11eb-0c9a-fa163e0d31f7,БП-00004507,Сальник МАЗ КПП вала первичного 2.2-25х42х10 Viton CAVETTO 240-1307090,,9b060c03-71d9-11e7-85a2-d43d7eec442d,false,false
Номенклатура — current,raw.r1c_nomenclature_current,a5d96d0a-e699-11eb-0c9a-fa163e0d31f7,БП-00004508,Сальник МАЗ КПП вала первичного 2.2-25х42х10 РОСИЧЪ 240-1307090,,9b060c03-71d9-11e7-85a2-d43d7eec442d,false,false
Номенклатура — current,raw.r1c_nomenclature_current,ca080eb6-e699-11eb-0c9a-fa163e0d31f7,БП-00004509,Сальник МАЗ механизма рулевого 2.2-45х65х10 Viton CAVETTO 64229-3401081,,9b060c03-71d9-11e7-85a2-d43d7eec442d,false,false
Номенклатура — current,raw.r1c_nomenclature_current,edd4ba56-e699-11eb-0c9a-fa163e0d31f7,БП-00004510,Сальник МАЗ распределителя ГУРа 1.2-30х52-1 ГОСТ 8752-79 ЧРТИ 5336-3416049,,9b060c03-71d9-11e7-85a2-d43d7eec442d,false,false
Номенклатура — current,raw.r1c_nomenclature_current,4775f20a-e69a-11eb-0c9a-fa163e0d31f7,БП-00004511,Сальник МАЗ распределителя ГУРа 2.2-30х52-1 ГОСТ 8752-79 ЧРТИ 5336-3416049,,9b060c03-71d9-11e7-85a2-d43d7eec442d,false,false
Номенклатура — current,raw.r1c_nomenclature_current,f79163f4-e790-11ea-3497-fa163ee5d2f9,БП-00002965,"Сальник МАЗ ступицы задней 1,2-120х150х13 РОСИЧЪ ",,9b060c03-71d9-11e7-85a2-d43d7eec442d,false,false
Номенклатура — current,raw.r1c_nomenclature_current,ca0b1a6e-fe2f-11ea-7580-fa163ee5d2f9,БП-00003038,"Сальник МАЗ ступицы задней 2,2-120х150 КТТ 5336-3104038",,9b060c03-71d9-11e7-85a2-d43d7eec442d,false,false
Номенклатура — current,raw.r1c_nomenclature_current,143263aa-e791-11ea-3497-fa163ee5d2f9,БП-00002966,"Сальник МАЗ ступицы задней 2,2-120х150х12 РОСИЧЪ ",,9b060c03-71d9-11e7-85a2-d43d7eec442d,false,false
Номенклатура — current,raw.r1c_nomenclature_current,337da481-c0e6-11e9-af79-30f7727a492e,00-00001865,"Сальник МАЗ хвостовика 1,2-75*100*10 ГОСТ",,9b060c03-71d9-11e7-85a2-d43d7eec442d,false,false
Номенклатура — current,raw.r1c_nomenclature_current,6d3c6a78-e69a-11eb-0c9a-fa163e0d31f7,БП-00004512,Сальник МАЗ хвостовика 85х110х12 Viton CAVETTO 5432-2402052,,9b060c03-71d9-11e7-85a2-d43d7eec442d,false,false
Номенклатура — current,raw.r1c_nomenclature_current,8ba688fe-e69a-11eb-0c9a-fa163e0d31f7,БП-00004513,"Сальник МАЗ-4370,МТЗ хвостовика 1.2-80х105х10 Viton CAVETTO 1.2-80х105",,9b060c03-71d9-11e7-85a2-d43d7eec442d,false,false
Номенклатура — current,raw.r1c_nomenclature_current,10d246a1-4521-11e8-af37-30f7727a492e,00-00000789,"Сальник УАЗ 3163,3741 ступицы колеса 60*85",,9b060c03-71d9-11e7-85a2-d43d7eec442d,false,false
Номенклатура — current,raw.r1c_nomenclature_current,6daf2f66-d9db-11eb-6c92-fa163e0d31f7,БП-00004406,Сальник УАЗ 3741 ступицы передней 60*85*10,,9b060c03-71d9-11e7-85a2-d43d7eec442d,false,false
Номенклатура — current,raw.r1c_nomenclature_current,32fb22d0-a221-11e9-af74-30f7727a492e,00-00001739,Сальник ЯМЗ привода вентилятора 35*60*10,,9b060c03-71d9-11e7-85a2-d43d7eec442d,false,false
Номенклатура — current,raw.r1c_nomenclature_current,6da483ca-fe3c-11ea-7580-fa163ee5d2f9,БП-00003045,"Сальник задней ступицы ЗИЛ -130  142*168*16,5",,9b060c03-71d9-11e7-85a2-d43d7eec442d,false,false
Номенклатура — current,raw.r1c_nomenclature_current,a46d97d7-a3cd-11ee-9c4c-005056893620,00-00009996,Сальник картера 2 ш. МТЗ-80 Росичь 240-1401059/65,,9b060c03-71d9-11e7-85a2-d43d7eec442d,false,false
Номенклатура — current,raw.r1c_nomenclature_current,efe0eeda-6498-11e8-af3d-30f7727a492e,00-00000871,Сальник коленвала Д-260 задний,,9b060c03-71d9-11e7-85a2-d43d7eec442d,false,false
Номенклатура — current,raw.r1c_nomenclature_current,2b2438c4-e699-11eb-0c9a-fa163e0d31f7,БП-00004505,"Сальник коленвала Д-260,Д-65 передний 1.2-65х90х10 ГОСТ 8752-79 ЧРТИ 269-1003055",,9b060c03-71d9-11e7-85a2-d43d7eec442d,false,false
Номенклатура — current,raw.r1c_nomenclature_current,56568ef2-e699-11eb-0c9a-fa163e0d31f7,БП-00004506,Сальник коленвала ЗИЛ-5301 передний 50х70х10 Viton CAVETTO 240-1002055,,9b060c03-71d9-11e7-85a2-d43d7eec442d,false,false
Номенклатура — current,raw.r1c_nomenclature_current,a1214037-7d6f-11ea-9528-30f7727a492e,00-00002546,"Сальник коленвала ЗИЛ-5301, МТЗ задний 100х125х12 Viton CAVETTO 240-1002305",,9b060c03-71d9-11e7-85a2-d43d7eec442d,false,false
Номенклатура — current,raw.r1c_nomenclature_current,b2f22d0f-9643-11e9-af73-30f7727a492e,00-00001723,Сальник коленвала ЯМЗ передний 64*95*10,,9b060c03-71d9-11e7-85a2-d43d7eec442d,false,false
Номенклатура — current,raw.r1c_nomenclature_current,766327be-6c96-11eb-b79a-fa163e0d31f7,БП-00003727,Сальник коленвала задний Citroen.Peugeot,,9b060c03-71d9-11e7-85a2-d43d7eec442d,false,false
Номенклатура — current,raw.r1c_nomenclature_current,a51c8d7a-6c96-11eb-b79a-fa163e0d31f7,БП-00003728,Сальник коленвала передний Citroen.Peugeot,,9b060c03-71d9-11e7-85a2-d43d7eec442d,false,false
Номенклатура — current,raw.r1c_nomenclature_current,b15ee5d0-33eb-11eb-0e8a-fa163e0d31f7,БП-00003301,"Сальник маслосъемный 90х110х7,5",,9b060c03-71d9-11e7-85a2-d43d7eec442d,false,false
Номенклатура — current,raw.r1c_nomenclature_current,e6189c95-c0c0-11e9-af79-30f7727a492e,00-00001845,"Сальник маховика А-01,Д-65,Д-440,СМД14.72, Д-240, Т-25",,9b060c03-71d9-11e7-85a2-d43d7eec442d,false,false
Номенклатура — current,raw.r1c_nomenclature_current,e6189c94-c0c0-11e9-af79-30f7727a492e,00-00001844,Сальник маховика СМД 40*62,,9b060c03-71d9-11e7-85a2-d43d7eec442d,false,false
Номенклатура — current,raw.r1c_nomenclature_current,2220b213-6d4a-11ec-9c40-00505689c8d9,АК-00005877,Сальник на зубчатую рейку USZCZELKA PODAJNKA WORKA FISCHBEIN,,9b060c03-71d9-11e7-85a2-d43d7eec442d,false,false
Номенклатура — current,raw.r1c_nomenclature_current,8be09faf-4201-11ec-9c41-00505689db63,АК-00005549,Сальник передней ступицы КАМАЗ 130*154*15 (864136),,9b060c03-71d9-11e7-85a2-d43d7eec442d,false,false
Номенклатура — current,raw.r1c_nomenclature_current,b32b61ab-807a-11ea-9528-30f7727a492e,00-00002567,Сальник привода L,,9b060c03-71d9-11e7-85a2-d43d7eec442d,false,false
Номенклатура — current,raw.r1c_nomenclature_current,b32b61aa-807a-11ea-9528-30f7727a492e,00-00002566,Сальник привода R,,9b060c03-71d9-11e7-85a2-d43d7eec442d,false,false
Номенклатура — current,raw.r1c_nomenclature_current,7e4a8be1-e682-11ed-9c4e-00505689ff45,00-00007869,"Сальник хвостовика  42*75*16,4 УАЗ 3160,31519",,9b060c03-71d9-11e7-85a2-d43d7eec442d,false,false
Номенклатура — current,raw.r1c_nomenclature_current,87bdaf9d-754e-11ed-9c4d-00505689c8d9,00-00007454,Сальниковая набивка ,,9b060c03-71d9-11e7-85a2-d43d7eec442d,false,false
Номенклатура — current,raw.r1c_nomenclature_current,e6189c8d-c0c0-11e9-af79-30f7727a492e,00-00001837,Сальниковая набивка СMD55-0134,,9b060c03-71d9-11e7-85a2-d43d7eec442d,false,false
Номенклатура — current,raw.r1c_nomenclature_current,df7948f0-32af-11f1-b81f-005056bde474,00-00013978,Самоклеящаяся этикетка 200х60мм Выход-EXIT DPA-DBA ЭРА INFO-DBA-015 ,,9b060c02-71d9-11e7-85a2-d43d7eec442d,false,false
Номенклатура — current,raw.r1c_nomenclature_current,ec256b19-4b2b-11ed-9c43-cb6d75bb653b,00-00007241,Самонесущий изолир.провод СИП-4.4*16 ,,67e18806-3d8a-11f1-b821-005056bde474,false,false
Номенклатура — current,raw.r1c_nomenclature_current,122c5e41-4b2c-11ed-9c43-cb6d75bb653b,00-00007242,Самонесущий изолир.провод СИП-4.4*70,,67e18806-3d8a-11f1-b821-005056bde474,false,false
Номенклатура — current,raw.r1c_nomenclature_current,dbbddf0e-d1d2-11eb-5d99-fa163e0d31f7,БП-00004263,Саморез  41,,9088eead-75dc-11e7-af18-30f7727a492e,false,false
Номенклатура — current,raw.r1c_nomenclature_current,6c1241a1-3752-11ee-9c4e-00505689ff45,00-00008408,Саморез 102,,9088eead-75dc-11e7-af18-30f7727a492e,false,false
Номенклатура — current,raw.r1c_nomenclature_current,6e743e2e-1fb5-11ec-9c3a-00505689ff45,АК-00005268,Саморез 25,,9088eead-75dc-11e7-af18-30f7727a492e,false,false
Номенклатура — current,raw.r1c_nomenclature_current,e1b0ac0e-2c34-11ec-b9a9-00505689914b,АК-00005507,"Саморез 3,5*25 мм крупная резьба",,9088eead-75dc-11e7-af18-30f7727a492e,false,false
Номенклатура — current,raw.r1c_nomenclature_current,b4d64779-2c34-11ec-b9a9-00505689914b,АК-00005506,"Саморез 3,5*32 мм крупная резьба",,9088eead-75dc-11e7-af18-30f7727a492e,false,false
Номенклатура — current,raw.r1c_nomenclature_current,ac29c08d-8519-11ee-9c4a-005056893620,00-00009778,"Саморез 3,5*55 мм ",,9088eead-75dc-11e7-af18-30f7727a492e,false,false
Номенклатура — current,raw.r1c_nomenclature_current,0de53996-1fb5-11ec-9c3a-00505689ff45,АК-00005267,Саморез 32,,9088eead-75dc-11e7-af18-30f7727a492e,false,false
Номенклатура — current,raw.r1c_nomenclature_current,6b9e738a-9191-11e9-af72-30f7727a492e,00-00001706,Саморез 35,,9088eead-75dc-11e7-af18-30f7727a492e,false,false
Номенклатура — current,raw.r1c_nomenclature_current,669cff55-6d5a-11ec-9c40-00505689c8d9,АК-00005902,Саморез 41,,9088eead-75dc-11e7-af18-30f7727a492e,false,false
Номенклатура — current,raw.r1c_nomenclature_current,2b17e0b7-f385-11ef-b80e-005056bde474,00-00011661,"Саморез 5,5х32 мм",,9088eead-75dc-11e7-af18-30f7727a492e,false,false
Номенклатура — current,raw.r1c_nomenclature_current,4e903839-18d6-11ef-9c4f-005056893620,00-00010578,Саморез 51,,9088eead-75dc-11e7-af18-30f7727a492e,false,false
Номенклатура — current,raw.r1c_nomenclature_current,b9c455ae-d1d2-11eb-5d99-fa163e0d31f7,БП-00004262,Саморез 64,,9088eead-75dc-11e7-af18-30f7727a492e,false,false
Номенклатура — current,raw.r1c_nomenclature_current,89d648fc-d1d2-11eb-5d99-fa163e0d31f7,БП-00004260,Саморез 70,,9088eead-75dc-11e7-af18-30f7727a492e,false,false
Номенклатура — current,raw.r1c_nomenclature_current,38895a74-5584-11ef-9c59-00505689ff45,00-00010769,Саморез ГШС цинк,,9b060c03-71d9-11e7-85a2-d43d7eec442d,false,false
Номенклатура — current,raw.r1c_nomenclature_current,ef00fee3-a538-11f1-b824-005056bde474,00-00014727,Саморез желтый цинк POZY 5x60 Фасовка 250шт,,00000000-0000-0000-0000-000000000000,false,false
Номенклатура — current,raw.r1c_nomenclature_current,0e97d313-f70c-11f0-b81e-005056bde474,00-00013566,Саморез кров 19,,474861c4-0a39-11f0-b80e-005056bde474,false,false
Номенклатура — current,raw.r1c_nomenclature_current,16f5864a-f70c-11f0-b81e-005056bde474,00-00013567,Саморез кров 25,,474861c4-0a39-11f0-b80e-005056bde474,false,false
Номенклатура — current,raw.r1c_nomenclature_current,225c31b5-f70c-11f0-b81e-005056bde474,00-00013568,Саморез кров 32,,474861c4-0a39-11f0-b80e-005056bde474,false,false
Номенклатура — current,raw.r1c_nomenclature_current,5fe19e5f-04fa-11ec-9c3a-00505689ff45,АК-00004686,Саморез кровельный ,,9088eead-75dc-11e7-af18-30f7727a492e,false,false
Номенклатура — current,raw.r1c_nomenclature_current,e8697cdc-3afc-11ef-9c59-00505689ff45,00-00010687,Саморез кровельный 19,,9088eead-75dc-11e7-af18-30f7727a492e,false,false
Номенклатура — current,raw.r1c_nomenclature_current,86a8d764-6afd-11ed-9c4d-00505689c8d9,00-00007391,Саморез кровельный 25,,9088eead-75dc-11e7-af18-30f7727a492e,false,false
Номенклатура — current,raw.r1c_nomenclature_current,55a9e374-cf64-11eb-bd90-fa163e0d31f7,БП-00004164,"Саморез кровельный 4,8х29 цинк (250) сверло№1",,9088eead-75dc-11e7-af18-30f7727a492e,false,false
Номенклатура — current,raw.r1c_nomenclature_current,b1527d3d-95bb-11ef-9c5e-00505689ff45,00-00011346,"Саморез кровельный 4,8х35 цинк (250) сверло№1",,9088eead-75dc-11e7-af18-30f7727a492e,false,false
Номенклатура — current,raw.r1c_nomenclature_current,94f77376-a02c-11f0-b81d-005056bde474,00-00012768,Саморез кровельный 5.5х32 сверло,,9088eead-75dc-11e7-af18-30f7727a492e,false,false
Номенклатура — current,raw.r1c_nomenclature_current,06cd975f-7404-11ef-9c5d-00505689ff45,00-00011051,Саморез оксид.75мм,,9088eead-75dc-11e7-af18-30f7727a492e,false,false
Номенклатура — current,raw.r1c_nomenclature_current,f1ed22a4-ef0d-11ed-9c4e-00505689ff45,00-00007924,Саморез п.ш. 2х25,,9088eead-75dc-11e7-af18-30f7727a492e,false,false
Номенклатура — current,raw.r1c_nomenclature_current,2c0fdedd-ef0e-11ed-9c4e-00505689ff45,00-00007925,Саморез п.ш. 2х50,,9088eead-75dc-11e7-af18-30f7727a492e,false,false
Номенклатура — current,raw.r1c_nomenclature_current,80e3bcc5-8503-11f1-b824-005056bde474,00-00014641,Саморез п/ш 16,,474861c4-0a39-11f0-b80e-005056bde474,false,false
Номенклатура — current,raw.r1c_nomenclature_current,b2f22d14-9643-11e9-af73-30f7727a492e,00-00001728,Саморез по дереву 100,,9088eead-75dc-11e7-af18-30f7727a492e,false,false
Номенклатура — current,raw.r1c_nomenclature_current,72d8d216-2b8e-11ec-b9a9-00505689914b,АК-00005476,Саморез по дереву черный,,9088eead-75dc-11e7-af18-30f7727a492e,false,false
Номенклатура — current,raw.r1c_nomenclature_current,4d31121d-c5ba-11ee-9c4c-005056893620,00-00010125,"Саморез по металлу 5,5х19 RAL 9003 (250) сверло №3",,9088eead-75dc-11e7-af18-30f7727a492e,false,false
Номенклатура — current,raw.r1c_nomenclature_current,b9caa76a-17c1-11ec-9c3a-00505689ff45,АК-00005052,Саморез прес-шайба ,,9088eead-75dc-11e7-af18-30f7727a492e,false,false
Номенклатура — current,raw.r1c_nomenclature_current,ccda5be4-7748-11ef-9c5d-00505689ff45,00-00011104,"Саморез с прессшайбой 4,2*19 головка п/сферическая сверло",,9088eead-75dc-11e7-af18-30f7727a492e,false,false
Номенклатура — current,raw.r1c_nomenclature_current,44f4e26b-283e-11ed-9c43-cb6d75bb653b,00-00007089,Саморез цветной RAL,,9088eead-75dc-11e7-af18-30f7727a492e,false,false
Номенклатура — current,raw.r1c_nomenclature_current,9b060c9b-71d9-11e7-85a2-d43d7eec442d,00000049   ,Саморезы,,9088eead-75dc-11e7-af18-30f7727a492e,false,false
Номенклатура — current,raw.r1c_nomenclature_current,55dbd608-556a-11ef-9c59-00505689ff45,00-00010767,Саморезы  ПШ 13 мм ,,9088eead-75dc-11e7-af18-30f7727a492e,false,false
Номенклатура — current,raw.r1c_nomenclature_current,f62c3e24-5569-11ef-9c59-00505689ff45,00-00010766,"Саморезы  черные 3,5*25 по дереву",,9088eead-75dc-11e7-af18-30f7727a492e,false,false
Номенклатура — current,raw.r1c_nomenclature_current,82164e83-a5af-11ef-9c5e-00505689ff45,00-00011359,Саморезы 35,,9088eead-75dc-11e7-af18-30f7727a492e,false,false
Номенклатура — current,raw.r1c_nomenclature_current,ddf215cc-0ba5-11eb-3385-fa163ee5d2f9,БП-00003146,"Саморезы 4,2*16",,9088eead-75dc-11e7-af18-30f7727a492e,false,false
Номенклатура — current,raw.r1c_nomenclature_current,3f70addc-af42-11eb-3192-fa163e0d31f7,БП-00003926,"Саморезы 4,2*19",,9088eead-75dc-11e7-af18-30f7727a492e,false,false
Номенклатура — current,raw.r1c_nomenclature_current,649e227c-7f56-11ec-9c41-00505689c8d9,00-00006033,"Саморезы 4,2*19 полусфера-пресшайба",,9088eead-75dc-11e7-af18-30f7727a492e,false,false
Номенклатура — current,raw.r1c_nomenclature_current,456c8584-71ac-11ee-9c4a-005056893620,00-00009691,"Саморезы 4,2*32 пш",,9088eead-75dc-11e7-af18-30f7727a492e,false,false
Номенклатура — current,raw.r1c_nomenclature_current,94aea5ca-7f56-11ec-9c41-00505689c8d9,00-00006034,"Саморезы 4,2*38 полусфера-пресшайба",,9088eead-75dc-11e7-af18-30f7727a492e,false,false
Номенклатура — current,raw.r1c_nomenclature_current,cab589e3-381e-11ee-9c4e-00505689ff45,00-00008468,"Саморезы 4,2*70",,9088eead-75dc-11e7-af18-30f7727a492e,false,false
Номенклатура — current,raw.r1c_nomenclature_current,250eb9e7-81d4-11e9-af6f-30f7727a492e,00-00001647,"Саморезы 4,8*19",,9088eead-75dc-11e7-af18-30f7727a492e,false,false
Номенклатура — current,raw.r1c_nomenclature_current,fc2cce89-7dcd-11e7-af19-30f7727a492e,00-00000266,Саморезы 51,,9088eead-75dc-11e7-af18-30f7727a492e,false,false
Номенклатура — current,raw.r1c_nomenclature_current,bca0bb3f-a5af-11ef-9c5e-00505689ff45,00-00011360,Саморезы 55,,9088eead-75dc-11e7-af18-30f7727a492e,false,false
Номенклатура — current,raw.r1c_nomenclature_current,9a759422-0ba5-11eb-3385-fa163ee5d2f9,БП-00003145,"Саморезы 6,3*38",,9088eead-75dc-11e7-af18-30f7727a492e,false,false
Номенклатура — current,raw.r1c_nomenclature_current,617b5e8b-9945-11e7-a3d3-94de80168a80,00-00000333,Саморезы 64,,9088eead-75dc-11e7-af18-30f7727a492e,false,false
Номенклатура — current,raw.r1c_nomenclature_current,fc2cce8a-7dcd-11e7-af19-30f7727a492e,00-00000267,Саморезы 70,,9088eead-75dc-11e7-af18-30f7727a492e,false,false
Номенклатура — current,raw.r1c_nomenclature_current,7b6e7c3a-e150-11ea-8696-fa163ee5d2f9,БП-00002934,Саморезы 76,,9088eead-75dc-11e7-af18-30f7727a492e,false,false
Номенклатура — current,raw.r1c_nomenclature_current,ba2ae6ea-9042-11ef-9c5e-00505689ff45,00-00011308,Саморезы ЛФС цинк ,,9088eead-75dc-11e7-af18-30f7727a492e,false,false
Номенклатура — current,raw.r1c_nomenclature_current,f6b5d151-9042-11ef-9c5e-00505689ff45,00-00011309,Саморезы кровельные  3*25,,9088eead-75dc-11e7-af18-30f7727a492e,false,false
Номенклатура — current,raw.r1c_nomenclature_current,dc7cc0cf-f34a-11ee-9c4c-005056893620,00-00010371,Саморезы кровельные цинк ,,9088eead-75dc-11e7-af18-30f7727a492e,false,false
Номенклатура — current,raw.r1c_nomenclature_current,d8abba57-1fb4-11ec-9c3a-00505689ff45,АК-00005266,Саморезы п/ш 19,,9088eead-75dc-11e7-af18-30f7727a492e,false,false
Номенклатура — current,raw.r1c_nomenclature_current,45f8c8fb-c562-11e9-af79-30f7727a492e,00-00001932,Саморезы п/ш 41,,9088eead-75dc-11e7-af18-30f7727a492e,false,false
Номенклатура — current,raw.r1c_nomenclature_current,8ecf6575-bfb9-11ec-9c42-00505689c8d9,00-00006466,Саморезы п/ш 51,,9088eead-75dc-11e7-af18-30f7727a492e,false,false
Номенклатура — current,raw.r1c_nomenclature_current,de23a7fb-dfc7-11f0-b81e-005056bde474,00-00013214,Саморезы по металлу с пресс-шайбов 4.2х16мм,,474861c4-0a39-11f0-b80e-005056bde474,false,false
Номенклатура — current,raw.r1c_nomenclature_current,50bbf7d0-7919-11f1-b822-005056bde474,00-00014581,"Саморезы пот/г кр/ш оксидир. 1кг, 3,5x51 ",,e857fb59-7295-11f0-b814-005056bde474,false,false
Номенклатура — current,raw.r1c_nomenclature_current,3f05ed30-1474-11ec-9c3a-00505689ff45,АК-00004956,Саморезы прес шайба 16 сверло,,9088eead-75dc-11e7-af18-30f7727a492e,false,false
Номенклатура — current,raw.r1c_nomenclature_current,0582ef45-dfc8-11f0-b81e-005056bde474,00-00013215,Саморезы универсальные оцин 6х40мм,,474861c4-0a39-11f0-b80e-005056bde474,false,false
Номенклатура — current,raw.r1c_nomenclature_current,4e5a1573-326e-11f1-b81f-005056bde474,00-00013952,Саморезы универсальные пот/г цинк 4x40 200 шт 123830,,f475f3a8-0a36-11f0-b80e-005056bde474,false,false
Номенклатура — current,raw.r1c_nomenclature_current,d07bb406-b364-11f1-b824-005056bde474,00-00014773,"Саморезыс буром 3,9х16 (500 шт) - ведро мал ",,474861c4-0a39-11f0-b80e-005056bde474,false,false
Номенклатура — current,raw.r1c_nomenclature_current,d8be81ef-f524-11eb-9c3a-00505689ff45,АК-00003694,Самум Инсектицид,,f9d67774-531d-11f0-b811-005056bde474,false,false
Номенклатура — current,raw.r1c_nomenclature_current,d8be81f0-f524-11eb-9c3a-00505689ff45,АК-00003695,Самурай Инсектицид,,f9d67774-531d-11f0-b811-005056bde474,false,false
Номенклатура — current,raw.r1c_nomenclature_current,960e964c-2b97-11ee-9c4e-00505689ff45,00-00008379,СантехМастер гель 35гр.,,f0e4c260-a130-11e8-af4c-30f7727a492e,false,false
Номенклатура — current,raw.r1c_nomenclature_current,d2038164-5b4e-11f0-b811-005056bde474,00-00012513,Сапоги ПВХ мужские цв.черный р.45,,40174bc3-6566-11f1-b821-005056bde474,false,false
Номенклатура — current,raw.r1c_nomenclature_current,5d6f3930-570d-11eb-a997-fa163e0d31f7,БП-00003659,Сапоги ПВХ утепл.цвет синий,,40174bc3-6566-11f1-b821-005056bde474,false,false
Номенклатура — current,raw.r1c_nomenclature_current,9bce0c50-dc0e-11f0-b81e-005056bde474,00-00013171,Сапоги Профи (р.40) мод.50,,40174bc3-6566-11f1-b821-005056bde474,false,false
Номенклатура — current,raw.r1c_nomenclature_current,b51c8aa7-dc0e-11f0-b81e-005056bde474,00-00013172,Сапоги Профи (р.42) мод.50,,40174bc3-6566-11f1-b821-005056bde474,false,false
Номенклатура — current,raw.r1c_nomenclature_current,d478c097-dc0e-11f0-b81e-005056bde474,00-00013173,Сапоги Профи (р.43) мод.50,,40174bc3-6566-11f1-b821-005056bde474,false,false
Номенклатура — current,raw.r1c_nomenclature_current,2b9d86fe-dc0f-11f0-b81e-005056bde474,00-00013174,Сапоги Профи (р.44) мод.50,,40174bc3-6566-11f1-b821-005056bde474,false,false
Номенклатура — current,raw.r1c_nomenclature_current,fc4d089c-dc11-11f0-b81e-005056bde474,00-00013175,Сапоги Профи (р.45) мод.50,,40174bc3-6566-11f1-b821-005056bde474,false,false
Номенклатура — current,raw.r1c_nomenclature_current,d8be81f1-f524-11eb-9c3a-00505689ff45,АК-00003696,Сарфун Инсектицид,,2eaeac4d-5322-11f0-b811-005056bde474,false,false
Номенклатура — current,raw.r1c_nomenclature_current,7d2d1a5d-0cb1-11ec-9c3a-00505689ff45,АК-00004913,Сахар рафинад РУССКИЙ,,9088ee8b-75dc-11e7-af18-30f7727a492e,false,false
Номенклатура — current,raw.r1c_nomenclature_current,0c4954c4-8cdb-11f1-b824-005056bde474,00-00014691,Сборка/монтаж и подключение дождевальной машины марки TL ,,3e420178-094c-11f0-b80e-005056bde474,false,false
Номенклатура — current,raw.r1c_nomenclature_current,bd5d6186-5975-11eb-a997-fa163e0d31f7,БП-00003674,Сборный системный блок,,ce412305-0a38-11f0-b80e-005056bde474,false,false
Номенклатура — current,raw.r1c_nomenclature_current,9f2deb32-429e-11f0-b80f-005056bde474,00-00012442,Сварочная маска МС-5М 65/76 Ресанта,,9b060c15-71d9-11e7-85a2-d43d7eec442d,false,false
Номенклатура — current,raw.r1c_nomenclature_current,6d4b604b-03e4-11f0-b80e-005056bde474,00-00011762,"Сварочная проволока порошковая E71T-GS 0,8мм 5кг",,9088eead-75dc-11e7-af18-30f7727a492e,false,false
Номенклатура — current,raw.r1c_nomenclature_current,01992959-650a-11ef-9c5c-00505689ff45,00-00010955,Сварочные работы,,3e420178-094c-11f0-b80e-005056bde474,false,false
Номенклатура — current,raw.r1c_nomenclature_current,d02a612d-faae-11f0-b81e-005056bde474,00-00013633,"Сварочные электроды ESAB OK 46.00 3,0 x 350 мм 1,0 кг 4600303WZ0",,45c9e202-0a37-11f0-b80e-005056bde474,false,false
Номенклатура — current,raw.r1c_nomenclature_current,5131238f-0c4a-11ec-9c3a-00505689ff45,АК-00004910,Сварочный аппарат,,f990038e-0a38-11f0-b80e-005056bde474,false,false
Номенклатура — current,raw.r1c_nomenclature_current,468a3b4d-e424-11f0-b81e-005056bde474,00-00013308,Сварочный аппарат для пласт труб ST-2000 QUATTRO ELEMENTI 2000Вт н-ки 20-63 мм,,f990038e-0a38-11f0-b80e-005056bde474,false,false
Номенклатура — current,raw.r1c_nomenclature_current,79a3810a-c607-11e8-af51-30f7727a492e,00-00001220,Сварочный аппарат инвератор,,f990038e-0a38-11f0-b80e-005056bde474,false,false
Номенклатура — current,raw.r1c_nomenclature_current,a4854639-e425-11f0-b81e-005056bde474,00-00013314,Сварочный аппарат инверторный Ресанта САИ 250 65/6,,f990038e-0a38-11f0-b80e-005056bde474,false,false
Номенклатура — current,raw.r1c_nomenclature_current,9b060c9d-71d9-11e7-85a2-d43d7eec442d,00000080   ,Сварочный аппарат с материалами,,f990038e-0a38-11f0-b80e-005056bde474,false,false
Номенклатура — current,raw.r1c_nomenclature_current,d5519ec4-6156-11eb-9c2d-0050560417d5,00-00002806,Свекла,,a16cf7b6-6156-11eb-9c2d-0050560417d5,true,false
Номенклатура — current,raw.r1c_nomenclature_current,22fbf5d6-f21c-11eb-9c3a-00505689ff45,АК-00003276,Свекла Кестрел ЭП_2021,,00000000-0000-0000-0000-000000000000,false,false
Номенклатура — current,raw.r1c_nomenclature_current,392d6c3c-f21c-11eb-9c3a-00505689ff45,АК-00003277,Свекла Фалькон ЭП_2021,,00000000-0000-0000-0000-000000000000,false,false
Номенклатура — current,raw.r1c_nomenclature_current,8ea12649-60a2-11eb-9c2d-0050560417d5,00-00002755,Свекла отборная мытая1 кг,,cdd7a98c-6158-11eb-9c2d-0050560417d5,false,false
Номенклатура — current,raw.r1c_nomenclature_current,b7dfd74d-7681-11eb-9c2e-0050560417d5,00-00003136,Свекла отборная нарезанная кубиками 1кг,,1875b407-6159-11eb-9c2d-0050560417d5,false,false
Номенклатура — current,raw.r1c_nomenclature_current,2e822a29-60a3-11eb-9c2d-0050560417d5,00-00002758,Свекла отборная нарезанная кубиками 5 кг,,1875b407-6159-11eb-9c2d-0050560417d5,false,false
Номенклатура — current,raw.r1c_nomenclature_current,6210e357-60a3-11eb-9c2d-0050560417d5,00-00002759,Свекла отборная нарезанная слайсами 1 кг,,1875b407-6159-11eb-9c2d-0050560417d5,false,false
Номенклатура — current,raw.r1c_nomenclature_current,78c318b9-60a3-11eb-9c2d-0050560417d5,00-00002760,Свекла отборная нарезанная слайсами 5 кг,,1875b407-6159-11eb-9c2d-0050560417d5,false,false
Номенклатура — current,raw.r1c_nomenclature_current,9ce5a857-60a3-11eb-9c2d-0050560417d5,00-00002761,Свекла отборная нарезанная соломкой 1 кг,,1875b407-6159-11eb-9c2d-0050560417d5,false,false
Номенклатура — current,raw.r1c_nomenclature_current,b59614f1-60a3-11eb-9c2d-0050560417d5,00-00002762,Свекла отборная нарезанная соломкой 5 кг,,1875b407-6159-11eb-9c2d-0050560417d5,false,false
Номенклатура — current,raw.r1c_nomenclature_current,1a47b37c-60a4-11eb-9c2d-0050560417d5,00-00002763,"Свекла отборная очищенная 0,5 кг",,306e94b2-6159-11eb-9c2d-0050560417d5,false,false
Номенклатура — current,raw.r1c_nomenclature_current,3d4c2c42-60a4-11eb-9c2d-0050560417d5,00-00002764,Свекла отборная очищенная 1 кг,,306e94b2-6159-11eb-9c2d-0050560417d5,false,false
Номенклатура — current,raw.r1c_nomenclature_current,9a91a042-60a4-11eb-9c2d-0050560417d5,00-00002765,Свекла отборная очищенная 5 кг,,306e94b2-6159-11eb-9c2d-0050560417d5,false,false
Номенклатура — current,raw.r1c_nomenclature_current,c6f493bd-60a4-11eb-9c2d-0050560417d5,00-00002766,"Свекла отборная пастеризованная 0,5 кг",,36ae5dc4-6159-11eb-9c2d-0050560417d5,false,false
Номенклатура — current,raw.r1c_nomenclature_current,e2cfa0f9-60a4-11eb-9c2d-0050560417d5,00-00002767,Свекла отборная пастеризованная 1 кг,,36ae5dc4-6159-11eb-9c2d-0050560417d5,false,false
Номенклатура — current,raw.r1c_nomenclature_current,0494a0a4-60a5-11eb-9c2d-0050560417d5,00-00002768,"Свекла отборная пастеризованная 2,5 кг",,36ae5dc4-6159-11eb-9c2d-0050560417d5,false,false
Номенклатура — current,raw.r1c_nomenclature_current,ca7c3584-60a2-11eb-9c2d-0050560417d5,00-00002756,Свекла отборная сетка 25 кг,,d6e04fa2-6158-11eb-9c2d-0050560417d5,false,false
Номенклатура — current,raw.r1c_nomenclature_current,cdbf41d0-30df-11ec-b9aa-00505689914b,АК-00005528,Свекла очищенная,,c692e2ca-3004-11eb-cb85-fa163e0d31f7,true,false
Номенклатура — current,raw.r1c_nomenclature_current,5e15dd6e-f21c-11eb-9c3a-00505689ff45,АК-00003278,Свекла премиум Аваланч ЭП_2021,,00000000-0000-0000-0000-000000000000,false,false
Номенклатура — current,raw.r1c_nomenclature_current,736e5e29-f21c-11eb-9c3a-00505689ff45,АК-00003279,Свекла премиум Болдор ЭП_2021,,00000000-0000-0000-0000-000000000000,false,false
Номенклатура — current,raw.r1c_nomenclature_current,5c4201d0-6157-11eb-9c2d-0050560417d5,00-00002812,Свекла столовая,,d5519ec4-6156-11eb-9c2d-0050560417d5,true,false
Номенклатура — current,raw.r1c_nomenclature_current,71b9278c-cdb2-11ea-c089-fa163ee5d2f9,БП-00002906,"Свекла столовая ""Пестрая грядка"" 0,5гр",,041cd0c4-491d-11f1-b821-005056bde474,false,false
Номенклатура — current,raw.r1c_nomenclature_current,053ba6bf-30e0-11ec-b9aa-00505689914b,АК-00005529,Свекла фасовка,,c692e2ca-3004-11eb-cb85-fa163e0d31f7,true,false
Номенклатура — current,raw.r1c_nomenclature_current,f24409bf-e0da-11ec-9c42-00505689c8d9,00-00006571,Свекла фураж 1 сорт (7),,429834f4-30e5-11ec-b9aa-00505689914b,false,false
Номенклатура — current,raw.r1c_nomenclature_current,eec8b18c-63d3-11f0-b811-005056bde474,00-00012538,Сверлильные тиски DV75,,007d76f1-0a39-11f0-b80e-005056bde474,false,false
Номенклатура — current,raw.r1c_nomenclature_current,10a5b2ea-76c7-11e7-af18-30f7727a492e,00-00000100,Сверло,,9088eead-75dc-11e7-af18-30f7727a492e,false,false
Номенклатура — current,raw.r1c_nomenclature_current,6b691319-2b9c-11ec-b9a9-00505689914b,АК-00005481,Сверло 10,,f7164898-2ffe-11eb-af80-fa163e0d31f7,false,false
Номенклатура — current,raw.r1c_nomenclature_current,ae5b1c4b-1bc7-11ee-9c4e-00505689ff45,00-00008311,"Сверло 3,0мм",,f7164898-2ffe-11eb-af80-fa163e0d31f7,false,false
Номенклатура — current,raw.r1c_nomenclature_current,bce2d659-2ba5-11ec-b9a9-00505689914b,АК-00005489,"Сверло 4,0мм",,f7164898-2ffe-11eb-af80-fa163e0d31f7,false,false
Номенклатура — current,raw.r1c_nomenclature_current,5c23ada9-2b9c-11ec-b9a9-00505689914b,АК-00005480,Сверло 5,,f7164898-2ffe-11eb-af80-fa163e0d31f7,false,false
Номенклатура — current,raw.r1c_nomenclature_current,b2e4646e-2ba5-11ec-b9a9-00505689914b,АК-00005488,Сверло 6,,f7164898-2ffe-11eb-af80-fa163e0d31f7,false,false
Номенклатура — current,raw.r1c_nomenclature_current,377a352c-42b7-11ef-9c59-00505689ff45,00-00010723,Сверло d16,,9088eead-75dc-11e7-af18-30f7727a492e,false,false
Номенклатура — current,raw.r1c_nomenclature_current,5edc197c-cc55-11e8-af53-30f7727a492e,00-00001294,"Сверло Кедр 6,5",,9088eead-75dc-11e7-af18-30f7727a492e,false,false
Номенклатура — current,raw.r1c_nomenclature_current,5edc197d-cc55-11e8-af53-30f7727a492e,00-00001295,"Сверло Кедр 7,0",,9088eead-75dc-11e7-af18-30f7727a492e,false,false
Номенклатура — current,raw.r1c_nomenclature_current,5edc197e-cc55-11e8-af53-30f7727a492e,00-00001296,"Сверло Кедр 7,5",,9088eead-75dc-11e7-af18-30f7727a492e,false,false
Номенклатура — current,raw.r1c_nomenclature_current,5edc197f-cc55-11e8-af53-30f7727a492e,00-00001297,"Сверло Кедр 8,0",,9088eead-75dc-11e7-af18-30f7727a492e,false,false
Номенклатура — current,raw.r1c_nomenclature_current,5edc1980-cc55-11e8-af53-30f7727a492e,00-00001298,"Сверло Кедр 8,5",,9088eead-75dc-11e7-af18-30f7727a492e,false,false
Номенклатура — current,raw.r1c_nomenclature_current,5edc1981-cc55-11e8-af53-30f7727a492e,00-00001299,"Сверло Кедр 9,5",,9088eead-75dc-11e7-af18-30f7727a492e,false,false
Номенклатура — current,raw.r1c_nomenclature_current,2b4f4ffb-e996-11e9-af7d-30f7727a492e,00-00002098,"Сверло СССР сред. 3,3",,9088eead-75dc-11e7-af18-30f7727a492e,false,false
Номенклатура — current,raw.r1c_nomenclature_current,2b4f4ffa-e996-11e9-af7d-30f7727a492e,00-00002097,"Сверло СССР сред. 4,3",,9088eead-75dc-11e7-af18-30f7727a492e,false,false
Номенклатура — current,raw.r1c_nomenclature_current,ff41e7d0-b0dd-11e8-af4e-30f7727a492e,00-00001184,"Сверло кедр  ф6,0",,f0e4c260-a130-11e8-af4c-30f7727a492e,false,false
Номенклатура — current,raw.r1c_nomenclature_current,036ee848-695c-11eb-159e-fa163e0d31f7,БП-00003691,Сверло перовое 30х152 мм ,,f7164898-2ffe-11eb-af80-fa163e0d31f7,false,false
Номенклатура — current,raw.r1c_nomenclature_current,68dc9578-1bd0-11ee-9c4e-00505689ff45,00-00008313,Сверло по дереву 3мм,,f7164898-2ffe-11eb-af80-fa163e0d31f7,false,false
Номенклатура — current,raw.r1c_nomenclature_current,4e1ccf97-1bd0-11ee-9c4e-00505689ff45,00-00008312,Сверло по дереву 4мм,,f7164898-2ffe-11eb-af80-fa163e0d31f7,false,false
Номенклатура — current,raw.r1c_nomenclature_current,d2a53504-1bd2-11ee-9c4e-00505689ff45,00-00008319,Сверло по дереву 5мм,,f7164898-2ffe-11eb-af80-fa163e0d31f7,false,false
Номенклатура — current,raw.r1c_nomenclature_current,0699ac51-1bd3-11ee-9c4e-00505689ff45,00-00008321,Сверло по дереву 6мм,,f7164898-2ffe-11eb-af80-fa163e0d31f7,false,false
Номенклатура — current,raw.r1c_nomenclature_current,eed48261-1bd2-11ee-9c4e-00505689ff45,00-00008320,Сверло по дереву 8мм,,f7164898-2ffe-11eb-af80-fa163e0d31f7,false,false
Номенклатура — current,raw.r1c_nomenclature_current,0dfdb138-cdb4-11eb-bd90-fa163e0d31f7,БП-00004153,Сверло по дереву перовое 25мм 6 гранн хвосто//Матрикс 70416,,f7164898-2ffe-11eb-af80-fa163e0d31f7,false,false
Номенклатура — current,raw.r1c_nomenclature_current,bf5c5bdf-4dc6-11ec-9c40-00505689c8d9,АК-00005691,"Сверло по металлу 3,5х70х39мм Extreme2  DT5041",,9088eead-75dc-11e7-af18-30f7727a492e,false,false
Номенклатура — current,raw.r1c_nomenclature_current,9fedfe62-565a-11eb-1f84-fa163e0d31f7,БП-00003586,Сверло по металлу 35мм ,,9088eead-75dc-11e7-af18-30f7727a492e,false,false
Номенклатура — current,raw.r1c_nomenclature_current,c736c7eb-f634-11ec-9c42-89a3dcc9992a,00-00006709,"Сверло по металлу 4,0х75 мм",,9088eead-75dc-11e7-af18-30f7727a492e,false,false
Номенклатура — current,raw.r1c_nomenclature_current,a3e9deba-5585-11ef-9c59-00505689ff45,00-00010774,Сверло по металлу 5*86 мм,,9088eead-75dc-11e7-af18-30f7727a492e,false,false
Номенклатура — current,raw.r1c_nomenclature_current,ff23ed33-f634-11ec-9c42-89a3dcc9992a,00-00006710,"Сверло по металлу 5,0х104 мм 6-гранный хвостовик ЗУБР",,9088eead-75dc-11e7-af18-30f7727a492e,false,false
Номенклатура — current,raw.r1c_nomenclature_current,f14f21ec-4dc6-11ec-9c40-00505689c8d9,АК-00005692,Сверло по металлу 5х86х46мм Extreme2  DT5046,,9088eead-75dc-11e7-af18-30f7727a492e,false,false
Номенклатура — current,raw.r1c_nomenclature_current,20058f8a-f635-11ec-9c42-89a3dcc9992a,00-00006711,"Сверло по металлу 6,0х93 мм",,9088eead-75dc-11e7-af18-30f7727a492e,false,false
Номенклатура — current,raw.r1c_nomenclature_current,945c80b0-f635-11ec-9c42-89a3dcc9992a,00-00006712,"Сверло по металлу 7,0 мм HSS Cobalt ROCKFORGE RF-DB70H",,9088eead-75dc-11e7-af18-30f7727a492e,false,false
Номенклатура — current,raw.r1c_nomenclature_current,24932615-5585-11ef-9c59-00505689ff45,00-00010772,Сверло по металлу 9*125 мм,,20e031f3-0a37-11f0-b80e-005056bde474,false,false
Номенклатура — current,raw.r1c_nomenclature_current,7576ac33-e423-11f0-b81e-005056bde474,00-00013303,Сверло по металлу HSS 10x133 DBM Gigant 11023,,05b398ee-0a39-11f0-b80e-005056bde474,false,false
Номенклатура — current,raw.r1c_nomenclature_current,0c9e74bd-7749-11ef-9c5d-00505689ff45,00-00011106,"Сверло по металлу кобальт 2,0 мм",,9088eead-75dc-11e7-af18-30f7727a492e,false,false
Номенклатура — current,raw.r1c_nomenclature_current,a023e046-f7df-11ee-9c4c-005056893620,00-00010401,"Сверло по металлу кобальт 4,8х86 мм",,9088eead-75dc-11e7-af18-30f7727a492e,false,false
Номенклатура — current,raw.r1c_nomenclature_current,36968e9b-1bd3-11ee-9c4e-00505689ff45,00-00008322,"Сверло по металлу ф 5,0",,9088eead-75dc-11e7-af18-30f7727a492e,false,false
Номенклатура — current,raw.r1c_nomenclature_current,5bf3145c-1bd3-11ee-9c4e-00505689ff45,00-00008323,"Сверло по металлу ф 6,0 мм",,9088eead-75dc-11e7-af18-30f7727a492e,false,false
Номенклатура — current,raw.r1c_nomenclature_current,8d7628ad-7748-11ef-9c5d-00505689ff45,00-00011103,Сверло по металлу шлифованные HSS-G 10 mm,,20e031f3-0a37-11f0-b80e-005056bde474,false,false
Номенклатура — current,raw.r1c_nomenclature_current,6f2e5b19-2d02-11f1-b81f-005056bde474,00-00013931,"Сверло по нерж.стали 5,0 мм Р6М5К5 в блистере GRAFF ",,78d8d6fe-7293-11f0-b814-005056bde474,false,false
Номенклатура — current,raw.r1c_nomenclature_current,52c475f4-116f-11f1-b81f-005056bde474,00-00013826,"Сверло по нерж.стали 6,0 мм Р6М5К5",,78d8d6fe-7293-11f0-b814-005056bde474,false,false
Номенклатура — current,raw.r1c_nomenclature_current,995b85df-114c-11f1-b81f-005056bde474,00-00013788,"Сверло по нерж.стали 8,0 мм Р6М5К5 в блистере GRAFF ",,78d8d6fe-7293-11f0-b814-005056bde474,false,false
Номенклатура — current,raw.r1c_nomenclature_current,c9731790-695b-11eb-159e-fa163e0d31f7,БП-00003690,Сверло спиральное 6,,f7164898-2ffe-11eb-af80-fa163e0d31f7,false,false
Номенклатура — current,raw.r1c_nomenclature_current,ad71ef14-695e-11eb-159e-fa163e0d31f7,БП-00003699,Сверло спиральное 8,,f7164898-2ffe-11eb-af80-fa163e0d31f7,false,false
Номенклатура — current,raw.r1c_nomenclature_current,54c78aef-5b77-11ee-9c4f-00505689ff45,00-00009573,Сверло спиральное кобальтовое 3 мм,,f7164898-2ffe-11eb-af80-fa163e0d31f7,false,false
Номенклатура — current,raw.r1c_nomenclature_current,e1d11892-80a6-11ec-9c41-00505689c8d9,00-00006050,"Сверло спиральное кобальтовое 4,2мм",,f7164898-2ffe-11eb-af80-fa163e0d31f7,false,false
Номенклатура — current,raw.r1c_nomenclature_current,5af7790a-695b-11eb-159e-fa163e0d31f7,БП-00003687,"Сверло спиральное с ц/х 3,0мм",,f7164898-2ffe-11eb-af80-fa163e0d31f7,false,false
Номенклатура — current,raw.r1c_nomenclature_current,90f7f70a-695b-11eb-159e-fa163e0d31f7,БП-00003688,Сверло спиральное с ц/х 5мм,,f7164898-2ffe-11eb-af80-fa163e0d31f7,false,false
Номенклатура — current,raw.r1c_nomenclature_current,aba7f5d2-695b-11eb-159e-fa163e0d31f7,БП-00003689,"Сверло спиральное с ц/х 8,0мм",,f7164898-2ffe-11eb-af80-fa163e0d31f7,false,false
Номенклатура — current,raw.r1c_nomenclature_current,1159a416-2521-11ed-9c43-cb6d75bb653b,00-00007048,Сверло ступенчатое 4-12 мм,,f7164898-2ffe-11eb-af80-fa163e0d31f7,false,false
Номенклатура — current,raw.r1c_nomenclature_current,42170e8d-5a18-11ef-9c59-00505689ff45,00-00010843,Сверло ступенчатое 4-20 мм,,f7164898-2ffe-11eb-af80-fa163e0d31f7,false,false
Номенклатура — current,raw.r1c_nomenclature_current,973fb9b6-3acd-11eb-dc8d-fa163e0d31f7,БП-00003416,Сверло ступенчатое 4-32 мм,,f7164898-2ffe-11eb-af80-fa163e0d31f7,false,false
Номенклатура — current,raw.r1c_nomenclature_current,41f73bcd-5585-11ef-9c59-00505689ff45,00-00010773,Сверло ступенчатое 4-39 мм,,f7164898-2ffe-11eb-af80-fa163e0d31f7,false,false
Номенклатура — current,raw.r1c_nomenclature_current,b8bd0a8a-5279-11ec-9c40-00505689c8d9,АК-00005712,Сверло ступенчатое с шестигранным хвостиком 4-32мм,,9088eead-75dc-11e7-af18-30f7727a492e,false,false
Номенклатура — current,raw.r1c_nomenclature_current,bdc0d492-56fe-11eb-a997-fa163e0d31f7,БП-00003645,Сверло ф 10,,9088eead-75dc-11e7-af18-30f7727a492e,false,false
Номенклатура — current,raw.r1c_nomenclature_current,6b9e738f-9191-11e9-af72-30f7727a492e,00-00001710,"Сверло ф 3,5",,9088eead-75dc-11e7-af18-30f7727a492e,false,false
Номенклатура — current,raw.r1c_nomenclature_current,6b9e7390-9191-11e9-af72-30f7727a492e,00-00001711,"Сверло ф 4,0",,9088eead-75dc-11e7-af18-30f7727a492e,false,false
Номенклатура — current,raw.r1c_nomenclature_current,2b4f4fec-e996-11e9-af7d-30f7727a492e,00-00002085,"Сверло ф 4,5мм",,9088eead-75dc-11e7-af18-30f7727a492e,false,false
Номенклатура — current,raw.r1c_nomenclature_current,fc2cce8d-7dcd-11e7-af19-30f7727a492e,00-00000270,Сверло ф3,,9088eead-75dc-11e7-af18-30f7727a492e,false,false
Номенклатура — current,raw.r1c_nomenclature_current,595bffcd-e425-11f0-b81e-005056bde474,00-00013312,Сверло ц/х 6.7 Р6М5 с* 112390,,05b398ee-0a39-11f0-b80e-005056bde474,false,false
Номенклатура — current,raw.r1c_nomenclature_current,8071575b-9aed-11e8-af49-30f7727a492e,00-00001036,"Сверло ц/х ф 3,6",,f0e4c260-a130-11e8-af4c-30f7727a492e,false,false
Номенклатура — current,raw.r1c_nomenclature_current,8071575c-9aed-11e8-af49-30f7727a492e,00-00001037,"Сверло ц/х ф 4,5",,f0e4c260-a130-11e8-af4c-30f7727a492e,false,false
Номенклатура — current,raw.r1c_nomenclature_current,33a29990-c5e5-11ee-9c4c-005056893620,00-00010157,Сверло ц/х ф 4.3 P6M5 ,,9b060c02-71d9-11e7-85a2-d43d7eec442d,false,false
Номенклатура — current,raw.r1c_nomenclature_current,f82eb957-c5e4-11ee-9c4c-005056893620,00-00010156,"Сверло ц/х ф 5,5 P6M5 98225",,9b060c02-71d9-11e7-85a2-d43d7eec442d,false,false
Номенклатура — current,raw.r1c_nomenclature_current,80715754-9aed-11e8-af49-30f7727a492e,00-00001031,"Сверло ц/х ф13,7",,f0e4c260-a130-11e8-af4c-30f7727a492e,false,false
Номенклатура — current,raw.r1c_nomenclature_current,80715755-9aed-11e8-af49-30f7727a492e,00-00001032,"Сверло ц/х ф15,0",,f0e4c260-a130-11e8-af4c-30f7727a492e,false,false
Номенклатура — current,raw.r1c_nomenclature_current,a0eba154-9074-11ef-9c5e-00505689ff45,00-00011324,Светильник 61086 DSP-04-1200-IP65-2*T8-G13,,438dfe16-34e1-11f1-b81f-005056bde474,false,false
Номенклатура — current,raw.r1c_nomenclature_current,5ff4a99f-6e1b-11f1-b822-005056bde474,00-00014527,Светильник LED ДБО 4012 36Вт 4000К IP20 1200мм призма IEK,,438dfe16-34e1-11f1-b81f-005056bde474,false,false
Номенклатура — current,raw.r1c_nomenclature_current,018bdb0d-17a1-11f1-b81f-005056bde474,00-00013840,Светильник LED ДБО 4014 36Вт 6500К IP20 1200мм призма IEK,,438dfe16-34e1-11f1-b81f-005056bde474,false,false
Номенклатура — current,raw.r1c_nomenclature_current,addc44d2-53eb-11eb-2798-fa163e0d31f7,БП-00003565,Светильник ДСП 02-70-003,,f0e4c260-a130-11e8-af4c-30f7727a492e,false,false
Номенклатура — current,raw.r1c_nomenclature_current,c59150b8-53eb-11eb-2798-fa163e0d31f7,БП-00003566,Светильник ДСП 02-70-004,,f0e4c260-a130-11e8-af4c-30f7727a492e,false,false
Номенклатура — current,raw.r1c_nomenclature_current,6035cea0-04ae-11f0-b80e-005056bde474,00-00011770,Светильник ДСП 2101 под LED лампу 1хt8 600мм ip65 iek,,438dfe16-34e1-11f1-b81f-005056bde474,false,false
Номенклатура — current,raw.r1c_nomenclature_current,e4810a39-4b32-11ee-9c4e-00505689ff45,00-00009480,Светильник ДСП 2201 под LED лампу 1хt8 1200мм ip65 iek,,438dfe16-34e1-11f1-b81f-005056bde474,false,false
Номенклатура — current,raw.r1c_nomenclature_current,7b4352f0-882e-11ec-9c41-00505689c8d9,00-00006098,Светильник НПП1107 круг-ресничка 100вт IP54 белый,,438dfe16-34e1-11f1-b81f-005056bde474,false,false
Номенклатура — current,raw.r1c_nomenclature_current,fc213421-04a7-11f0-b80e-005056bde474,00-00011766,Светильник НПП1402 черный/овал с реш. 60Вт IP54 ,,438dfe16-34e1-11f1-b81f-005056bde474,false,false
Номенклатура — current,raw.r1c_nomenclature_current,50623f7d-647a-11ef-9c5c-00505689ff45,00-00010939,Светильник Онлайт 90 474 OSF-03-1500-5K-LED 90474,,438dfe16-34e1-11f1-b81f-005056bde474,false,false
Номенклатура — current,raw.r1c_nomenclature_current,288d23fe-647a-11ef-9c5c-00505689ff45,00-00010938,Светильник Онлайт 90 475 OSF-03-150-5K-LED 90475,,438dfe16-34e1-11f1-b81f-005056bde474,false,false
Номенклатура — current,raw.r1c_nomenclature_current,1d7741e8-695e-11eb-159e-fa163e0d31f7,БП-00003698,Светильник влагозащитный,,438dfe16-34e1-11f1-b81f-005056bde474,false,false
Номенклатура — current,raw.r1c_nomenclature_current,b8bb29e4-147f-11ec-9c3a-00505689ff45,АК-00004974,Светильник люм. влагозащищенный  TLWP1,,438dfe16-34e1-11f1-b81f-005056bde474,false,false
Номенклатура — current,raw.r1c_nomenclature_current,7faa8dd4-c9ff-11e7-a3eb-94de80168a80,00-00000455,Светильник настольный,,9088eeac-75dc-11e7-af18-30f7727a492e,false,false
Номенклатура — current,raw.r1c_nomenclature_current,ce4e71e9-f359-11ef-b80e-005056bde474,00-00011657,Светильник пластиковый белый шар,,438dfe16-34e1-11f1-b81f-005056bde474,false,false
Номенклатура — current,raw.r1c_nomenclature_current,5909f500-a175-11ed-9c4c-00505689ff45,00-00007586,Светильник прищепка ,,438dfe16-34e1-11f1-b81f-005056bde474,false,false
Номенклатура — current,raw.r1c_nomenclature_current,ef0c1e08-147f-11ec-9c3a-00505689ff45,АК-00004975,Светильник прищепка Smartbay черный,,438dfe16-34e1-11f1-b81f-005056bde474,false,false
Номенклатура — current,raw.r1c_nomenclature_current,fa074c53-41c4-11ee-9c4e-00505689ff45,00-00009243,Светильник с/д 20W 4200К 4К 111*42 прозр Ecola GX70,,438dfe16-34e1-11f1-b81f-005056bde474,false,false
Номенклатура — current,raw.r1c_nomenclature_current,b670c3f2-bfd9-11eb-c69d-fa163e0d31f7,БП-00004076,Светильник с/д 27W 6500К,,438dfe16-34e1-11f1-b81f-005056bde474,false,false
Номенклатура — current,raw.r1c_nomenclature_current,0207e439-1597-11ea-9521-30f7727a492e,00-00002234,Светильник с/д ASD СПП-157 32 Вт 6500К 1200мм,,438dfe16-34e1-11f1-b81f-005056bde474,false,false
Номенклатура — current,raw.r1c_nomenclature_current,0207e437-1597-11ea-9521-30f7727a492e,00-00002232,Светильник с/д UNIEL  70W 6500К ,,438dfe16-34e1-11f1-b81f-005056bde474,false,false
Номенклатура — current,raw.r1c_nomenclature_current,d2aed047-038c-11ea-951d-30f7727a492e,00-00002161,Светильник с/д UNIEL консольный ULV-R 22H 70W 6500К IP6,,438dfe16-34e1-11f1-b81f-005056bde474,false,false
Номенклатура — current,raw.r1c_nomenclature_current,b8f4cf2f-852f-11ee-9c4a-005056893620,00-00009785,Светильник с/д ДКУ-100Вт 6400К,,438dfe16-34e1-11f1-b81f-005056bde474,false,false
Номенклатура — current,raw.r1c_nomenclature_current,c076d740-3750-11ee-9c4e-00505689ff45,00-00008403,Светильник с/д линейный ,,438dfe16-34e1-11f1-b81f-005056bde474,false,false
Номенклатура — current,raw.r1c_nomenclature_current,f02d7c4f-241c-11f0-b80e-005056bde474,00-00011997,Светильник с/д линейный 18Вт ,,9be0daf4-2e34-11eb-288c-fa163e0d31f7,false,false
Номенклатура — current,raw.r1c_nomenclature_current,b94d39e8-695d-11eb-159e-fa163e0d31f7,БП-00003696,Светильник с/д линейный 18Вт 64000К,,438dfe16-34e1-11f1-b81f-005056bde474,false,false
Номенклатура — current,raw.r1c_nomenclature_current,2c9ba4b6-8483-11ef-9c5d-00505689ff45,00-00011210,Светильник с/д линейный 18Вт 6500К,,438dfe16-34e1-11f1-b81f-005056bde474,false,false
Номенклатура — current,raw.r1c_nomenclature_current,be8215fb-01f7-11ea-951c-30f7727a492e,00-00002154,Светильник с/д линейный 36W 6500К,,438dfe16-34e1-11f1-b81f-005056bde474,false,false
Номенклатура — current,raw.r1c_nomenclature_current,db5a5d2c-695d-11eb-159e-fa163e0d31f7,БП-00003697,Светильник с/д линейный 40Вт 6500К,,438dfe16-34e1-11f1-b81f-005056bde474,false,false
Номенклатура — current,raw.r1c_nomenclature_current,810c20fa-077f-11f1-b81f-005056bde474,00-00013678,Светильник св/д линейный опал 100Вт/6500К 1200мм/1950,,438dfe16-34e1-11f1-b81f-005056bde474,false,false
Номенклатура — current,raw.r1c_nomenclature_current,a28834e4-33fa-11eb-0e8a-fa163e0d31f7,БП-00003334,Светильник светодиодный ,,438dfe16-34e1-11f1-b81f-005056bde474,false,false
Номенклатура — current,raw.r1c_nomenclature_current,0aae94c3-7384-11ec-9c40-00505689c8d9,АК-00005977,"Светильник светодиодный  ДБО 4011 18Вт,,4000К.IP20,800мм,призма ИЭК",,438dfe16-34e1-11f1-b81f-005056bde474,false,false
Номенклатура — current,raw.r1c_nomenclature_current,3d3de9cb-5ca7-11ec-9c40-00505689c8d9,АК-00005786,"Светильник светодиодный  ДБО 4012 30Вт,,4000К.IP20,1200мм,призма ИЭК",,438dfe16-34e1-11f1-b81f-005056bde474,false,false
Номенклатура — current,raw.r1c_nomenclature_current,6a1660ec-4b32-11ed-9c43-cb6d75bb653b,00-00007252,"Светильник светодиодный  ДБО 4014 36Вт,,6500К.IP20,1200мм,призма ИЭК",,438dfe16-34e1-11f1-b81f-005056bde474,false,false
Номенклатура — current,raw.r1c_nomenclature_current,7f2670b6-e7aa-11ea-3497-fa163ee5d2f9,БП-00002971,"Светильник светодиодный IEK ДБО 5001 18Вт,1200Лм,4000К.IP20,600мм,сталь",,438dfe16-34e1-11f1-b81f-005056bde474,false,false
Номенклатура — current,raw.r1c_nomenclature_current,b80a94bd-46f8-11ec-9c45-00505689c17d,АК-00005605,"Светильник светодиодный IEK ДПБ 3003 18Вт,IP54,4000К круг бел",,438dfe16-34e1-11f1-b81f-005056bde474,false,false
Номенклатура — current,raw.r1c_nomenclature_current,2b8dea48-1165-11f1-b81f-005056bde474,00-00013808,Светильник светодиодный SPO-5-20-6K-M (F) 18Вт 6500К IP20 1710лм 600х75х25 матов. сталь/бел. Эра Б00,,438dfe16-34e1-11f1-b81f-005056bde474,false,false
Номенклатура — current,raw.r1c_nomenclature_current,488321db-1165-11f1-b81f-005056bde474,00-00013809,Светильник светодиодный SPO-5-40-4K-M (F) 36Вт 4000К IP20 2400лм 1200х75х25 матов. сталь/бел. Эра,,438dfe16-34e1-11f1-b81f-005056bde474,false,false
Номенклатура — current,raw.r1c_nomenclature_current,6f4cf195-1165-11f1-b81f-005056bde474,00-00013811,Светильник светодиодный SPO-6-36-6K-P (4) 595х595х19 36Вт 3060лм 6500К IP20 панель призма (с драйвер,,438dfe16-34e1-11f1-b81f-005056bde474,false,false
Номенклатура — current,raw.r1c_nomenclature_current,593a29ad-0cb2-11ec-9c3a-00505689ff45,АК-00004914,Светильник светодиодный ЭРА SPO-531-0-65K-018 IP20 18Вт 1400Лм 6500К опал,,438dfe16-34e1-11f1-b81f-005056bde474,false,false
Номенклатура — current,raw.r1c_nomenclature_current,44cbbf64-429f-11f0-b80f-005056bde474,00-00012446,Светильник светодиодный аварийный непостоянный 90LED,,34aee2dc-7290-11f0-b814-005056bde474,false,false
Номенклатура — current,raw.r1c_nomenclature_current,4e25249a-dfee-11f0-b81e-005056bde474,00-00013221,Светильник светодиодный для ноутбука Гелеос,,9b060c1e-71d9-11e7-85a2-d43d7eec442d,false,false
Номенклатура — current,raw.r1c_nomenclature_current,38a138d3-92a2-11ed-9c4c-00505689ff45,00-00007571,Светильник светодиодный прожектор ЕК СДО 07-30 серый,,438dfe16-34e1-11f1-b81f-005056bde474,false,false
Номенклатура — current,raw.r1c_nomenclature_current,31c20107-41c4-11ee-9c4e-00505689ff45,00-00009242,Светильник светодиодный уличный консольный дневной белый свет 6500К Угол 110 гр,,438dfe16-34e1-11f1-b81f-005056bde474,false,false
Номенклатура — current,raw.r1c_nomenclature_current,a74be553-ef1f-11f0-b81e-005056bde474,00-00013337,"Светодиодный низковольтный прожектор FAD-0030-30-12V с зажимами ""крокодил""",,34aee2dc-7290-11f0-b814-005056bde474,false,false
Номенклатура — current,raw.r1c_nomenclature_current,5ff1a563-f6d5-11f0-b81e-005056bde474,00-00013500,Светодиодный фонарь прожектор аккумуляторный PA-601 АЛЬФА ручной мощный,,9b060c15-71d9-11e7-85a2-d43d7eec442d,false,false
Номенклатура — current,raw.r1c_nomenclature_current,a01ce4b8-aa82-11e8-af4e-30f7727a492e,00-00001137,Свеча А-11,,9b060c03-71d9-11e7-85a2-d43d7eec442d,false,false
Номенклатура — current,raw.r1c_nomenclature_current,112f8e15-264a-11ee-9c4e-00505689ff45,00-00008362,Свеча для двухтактных дв-лей,,9b060c03-71d9-11e7-85a2-d43d7eec442d,false,false
Номенклатура — current,raw.r1c_nomenclature_current,f98d170c-af4f-11eb-3192-fa163e0d31f7,БП-00003933,Свеча зажигания  ,,20296b06-0a38-11f0-b80e-005056bde474,false,false
Номенклатура — current,raw.r1c_nomenclature_current,9929b291-2849-11ed-9c43-cb6d75bb653b,00-00007099,Свеча зажигания  406 дв,,45c9e202-0a37-11f0-b80e-005056bde474,false,false
Номенклатура — current,raw.r1c_nomenclature_current,4318723a-b37d-11ee-9c4c-005056893620,00-00010069,Свеча зажигания  Brisk,,9b060c03-71d9-11e7-85a2-d43d7eec442d,false,false
Номенклатура — current,raw.r1c_nomenclature_current,ca6fd388-1020-11ee-9c4e-00505689ff45,00-00008201,Свеча зажигания  V-Line 13,,9b060c03-71d9-11e7-85a2-d43d7eec442d,false,false
Номенклатура — current,raw.r1c_nomenclature_current,4dc9657f-101f-11ee-9c4e-00505689ff45,00-00008198,Свеча зажигания  V8,,9b060c03-71d9-11e7-85a2-d43d7eec442d,false,false
Номенклатура — current,raw.r1c_nomenclature_current,8e1292ce-4582-11ee-9c4e-00505689ff45,00-00009384,"Свеча зажигания  А11 ЗИЛ-130,ГАЗ-53",,9b060c03-71d9-11e7-85a2-d43d7eec442d,false,false
Номенклатура — current,raw.r1c_nomenclature_current,d1f89da0-20ee-11ec-9c3a-00505689ff45,АК-00005302,"Свеча зажигания  ГАЗ,ЗИЛ АИ-76 А11(блистер) комплект ЗАЗС А11",,9b060c03-71d9-11e7-85a2-d43d7eec442d,false,false
Номенклатура — current,raw.r1c_nomenclature_current,9de62d52-a8e1-11ec-9c42-00505689c8d9,00-00006400,Свеча зажигания  ГАЗ-2410 BRISK NR17YC SUPER,,9b060c03-71d9-11e7-85a2-d43d7eec442d,false,false
Номенклатура — current,raw.r1c_nomenclature_current,fec13281-b37e-11ee-9c4c-005056893620,00-00010073,Свеча зажигания 08,,9b060c03-71d9-11e7-85a2-d43d7eec442d,false,false
Номенклатура — current,raw.r1c_nomenclature_current,33ee88a5-0886-11ef-9c4f-005056893620,00-00010445,Свеча зажигания BRISK LDK7RTCU,,9b060c03-71d9-11e7-85a2-d43d7eec442d,false,false
Номенклатура — current,raw.r1c_nomenclature_current,5368e46c-e480-11eb-0c9a-fa163e0d31f7,БП-00004444,Свеча зажигания HQT-1 Husqvarna 5774840-01,,9b060c03-71d9-11e7-85a2-d43d7eec442d,false,false
Номенклатура — current,raw.r1c_nomenclature_current,4e34b459-1026-11ee-9c4e-00505689ff45,00-00008215,Свеча зажигания NGK,,9b060c03-71d9-11e7-85a2-d43d7eec442d,false,false
Номенклатура — current,raw.r1c_nomenclature_current,1414d878-e487-11eb-0c9a-fa163e0d31f7,БП-00004462,Свеча зажигания O-P17 Oregon 77-302-1,,9b060c03-71d9-11e7-85a2-d43d7eec442d,false,false
Номенклатура — current,raw.r1c_nomenclature_current,ba916b7e-31b6-11e8-af34-30f7727a492e,00-00000749,Свеча накаливания,,9b060c03-71d9-11e7-85a2-d43d7eec442d,false,false
Номенклатура — current,raw.r1c_nomenclature_current,f85e7b66-4481-11eb-7b94-fa163e0d31f7,БП-00003488,Свечи,,9b060c03-71d9-11e7-85a2-d43d7eec442d,false,false
Номенклатура — current,raw.r1c_nomenclature_current,b530932c-18ea-11ef-9c4f-005056893620,00-00010588,"Сгон 2"" нр-нр",,9b060c03-71d9-11e7-85a2-d43d7eec442d,false,false
Номенклатура — current,raw.r1c_nomenclature_current,7b3e4640-d636-11ec-9c42-00505689c8d9,00-00006563,Сгон Ду 15 сталь,,9088eead-75dc-11e7-af18-30f7727a492e,false,false
Номенклатура — current,raw.r1c_nomenclature_current,86664693-3377-11ea-9522-30f7727a492e,00-00002337,Сгон Ду 40,,9088eead-75dc-11e7-af18-30f7727a492e,false,false
Номенклатура — current,raw.r1c_nomenclature_current,fffa7f53-fe2b-11ed-9c4e-00505689ff45,00-00008051,Сгон для пола 75см Лайт металл/резина,,9088eead-75dc-11e7-af18-30f7727a492e,false,false
Номенклатура — current,raw.r1c_nomenclature_current,99bdc2fb-653f-11ef-9c5c-00505689ff45,00-00010979,Сгон для пола YORK металлический 55см,,9088eead-75dc-11e7-af18-30f7727a492e,false,false
Номенклатура — current,raw.r1c_nomenclature_current,9bb37492-bbab-11ef-9c5f-00505689ff45,00-00011485,Сгон разъемный прямой 25 Г-Ш,,9088eead-75dc-11e7-af18-30f7727a492e,false,false
Номенклатура — current,raw.r1c_nomenclature_current,d88cc2ce-f706-11f0-b81e-005056bde474,00-00013527,Сгон разъемный прямой 50 Г-Ш,,ef51bf95-3d8a-11f1-b821-005056bde474,false,false
Номенклатура — current,raw.r1c_nomenclature_current,4254d7a4-d039-11eb-5d99-fa163e0d31f7,БП-00004226,Сгон стальной 32,,9088eead-75dc-11e7-af18-30f7727a492e,false,false
Номенклатура — current,raw.r1c_nomenclature_current,8ca6fdb5-a7d8-11ef-9c5e-00505689ff45,00-00011379,"Сгон стальной оцинкованный 2"" (ДУ 50мм)",,9b060c03-71d9-11e7-85a2-d43d7eec442d,false,false
Номенклатура — current,raw.r1c_nomenclature_current,78e0e7d6-d632-11ec-9c42-00505689c8d9,00-00006550,Сгон чугун д.40,,9088eead-75dc-11e7-af18-30f7727a492e,false,false
Номенклатура — current,raw.r1c_nomenclature_current,7ab2d4f6-40b9-11ee-9c4e-00505689ff45,00-00008569,Северное сияние РС3 грязный Сетка на завязке 25кг. Без полива,,f487012f-6156-11eb-9c2d-0050560417d5,false,false
Номенклатура — current,raw.r1c_nomenclature_current,7a535574-40b9-11ee-9c4e-00505689ff45,00-00008568,Северное сияние РС3 грязный Сетка на завязке 25кг. Полив,,f487012f-6156-11eb-9c2d-0050560417d5,false,false
Номенклатура — current,raw.r1c_nomenclature_current,79d1099b-40b9-11ee-9c4e-00505689ff45,00-00008565,Северное сияние РС3 грязный Сетка на рулоне 25кг. Без полива,,f487012f-6156-11eb-9c2d-0050560417d5,false,false
Номенклатура — current,raw.r1c_nomenclature_current,79975801-40b9-11ee-9c4e-00505689ff45,00-00008564,Северное сияние РС3 грязный Сетка на рулоне 25кг. Полив,,f487012f-6156-11eb-9c2d-0050560417d5,false,false
Номенклатура — current,raw.r1c_nomenclature_current,8c3b6559-40b8-11ee-9c4e-00505689ff45,00-00008557,"Северное сияние РС3 мытый Сетка - (домик)1,5 кг. Без полива",,f487012f-6156-11eb-9c2d-0050560417d5,false,false
Номенклатура — current,raw.r1c_nomenclature_current,8ae51b1c-40b8-11ee-9c4e-00505689ff45,00-00008556,"Северное сияние РС3 мытый Сетка - (домик)1,5 кг. Полив",,f487012f-6156-11eb-9c2d-0050560417d5,false,false
Номенклатура — current,raw.r1c_nomenclature_current,8ce4895c-40b8-11ee-9c4e-00505689ff45,00-00008561,Северное сияние РС3 мытый Сетка - (домик)2 кг. Без полива,,f487012f-6156-11eb-9c2d-0050560417d5,false,false
Номенклатура — current,raw.r1c_nomenclature_current,8cc76e7b-40b8-11ee-9c4e-00505689ff45,00-00008560,Северное сияние РС3 мытый Сетка - (домик)2 кг. Полив,,f487012f-6156-11eb-9c2d-0050560417d5,false,false
Номенклатура — current,raw.r1c_nomenclature_current,61d648dc-2c2f-11ec-b9a9-00505689914b,АК-00005496,Седелка 40,,9088eead-75dc-11e7-af18-30f7727a492e,false,false
Номенклатура — current,raw.r1c_nomenclature_current,6ad69a99-2c2f-11ec-b9a9-00505689914b,АК-00005497,Седелка 50,,9088eead-75dc-11e7-af18-30f7727a492e,false,false
Номенклатура — current,raw.r1c_nomenclature_current,bbb57148-08bd-11f1-b81f-005056bde474,00-00013690,Седелка 50*1/2,,6dd20a6a-51c7-11f0-b811-005056bde474,false,false
Номенклатура — current,raw.r1c_nomenclature_current,fe4a62c8-2c32-11ec-b9a9-00505689914b,АК-00005503,Седелка 63*3/4,,9088eead-75dc-11e7-af18-30f7727a492e,false,false
Номенклатура — current,raw.r1c_nomenclature_current,d8be81f2-f524-11eb-9c3a-00505689ff45,АК-00003697,Сейф Инсектицид,,2eaeac4d-5322-11f0-b811-005056bde474,false,false
Номенклатура — current,raw.r1c_nomenclature_current,7faa8dd3-c9ff-11e7-a3eb-94de80168a80,00-00000454,Сейф офисный,,9088eeac-75dc-11e7-af18-30f7727a492e,false,false
Номенклатура — current,raw.r1c_nomenclature_current,693954a0-dc63-11ea-5e87-fa163ee5d2f9,БП-00002913,Секатор ,,f0e4c260-a130-11e8-af4c-30f7727a492e,false,false
Номенклатура — current,raw.r1c_nomenclature_current,affddd63-146e-11ec-9c3a-00505689ff45,АК-00004950,Секатор проф. титановый ци 0233,,f0e4c260-a130-11e8-af4c-30f7727a492e,false,false
Номенклатура — current,raw.r1c_nomenclature_current,7998b7f0-dc63-11ea-5e87-fa163ee5d2f9,БП-00002914,Секатор тефлон,,f0e4c260-a130-11e8-af4c-30f7727a492e,false,false
Номенклатура — current,raw.r1c_nomenclature_current,e7464451-146e-11ec-9c3a-00505689ff45,АК-00004951,Секатор усиленный TRUPER 18460,,f0e4c260-a130-11e8-af4c-30f7727a492e,false,false
Номенклатура — current,raw.r1c_nomenclature_current,c99589f0-16f0-11ed-9c43-cb6d75bb653b,00-00006844,Сексор влажности снаружи ЕЕ061(14),,9b060c03-71d9-11e7-85a2-d43d7eec442d,false,false
Номенклатура — current,raw.r1c_nomenclature_current,7c2aa50f-13d9-11f0-b80e-005056bde474,00-00011931,Секция БДН-3.0М-02.00.000-03,,45c9e202-0a37-11f0-b80e-005056bde474,false,false
Номенклатура — current,raw.r1c_nomenclature_current,71638284-a490-11ee-9c4c-005056893620,00-00010013,Секция РП70/8-0МРК без фиксац.подъема,,9b060c03-71d9-11e7-85a2-d43d7eec442d,false,false
Номенклатура — current,raw.r1c_nomenclature_current,65b5bbf2-45aa-11ee-9c4e-00505689ff45,00-00009395,Секция РП70/81МРК с фиксац.подъема,,9b060c03-71d9-11e7-85a2-d43d7eec442d,false,false
Номенклатура — current,raw.r1c_nomenclature_current,943d1d14-a0d3-11ee-9c4c-005056893620,00-00009965,Секция нагревательная 3м,,9088eead-75dc-11e7-af18-30f7727a492e,false,false
Номенклатура — current,raw.r1c_nomenclature_current,d8be81f3-f524-11eb-9c3a-00505689ff45,АК-00003698,Селест Топ Инсектицид,,668204c4-5324-11f0-b811-005056bde474,false,false
Номенклатура — current,raw.r1c_nomenclature_current,d33cb028-ffc6-11ed-9c4e-00505689ff45,00-00008083,Селиконовый чехол пульта,,9b060c03-71d9-11e7-85a2-d43d7eec442d,false,false
Номенклатура — current,raw.r1c_nomenclature_current,bffe04db-2131-11f1-b81f-005056bde474,00-00013865,Селитра известково-аммиачная гранулированная,,ecb53465-3b94-11f0-b80e-005056bde474,false,false
Номенклатура — current,raw.r1c_nomenclature_current,bffeb1f7-d728-11ef-b80c-005056bde474,00-00011553,Селитра калиевая ,,237d7baa-3b95-11f0-b80e-005056bde474,false,false
Номенклатура — current,raw.r1c_nomenclature_current,b1dadcf4-8eda-11e7-af22-30f7727a492e,00-00000312,Сельскохозяйственная техника,,9b060cbb-71d9-11e7-85a2-d43d7eec442d,true,false
Номенклатура — current,raw.r1c_nomenclature_current,2b7f4a61-094c-11f0-b80e-005056bde474,00-00011796,Сельскохозяйственные услуги,,9b060c57-71d9-11e7-85a2-d43d7eec442d,true,false
Номенклатура — current,raw.r1c_nomenclature_current,b14f2f38-29c2-11f0-b80e-005056bde474,00-00012102,Сельхозшина 12.00-16 Алтайшина Л-163 8PR,,0695341b-4ea3-11f1-b821-005056bde474,false,false
Номенклатура — current,raw.r1c_nomenclature_current,7fd6b4da-6f3c-11ef-9c5c-00505689ff45,00-00011024,Сельхозшина 360/70R24 Белшина BEL-89 122A8TT,,9b060c03-71d9-11e7-85a2-d43d7eec442d,false,false
Номенклатура — current,raw.r1c_nomenclature_current,c7af093a-0156-11ef-9c4f-005056893620,00-00010428,Сельхозшина 420/70-24 Бел-90 ТТ,,9b060c03-71d9-11e7-85a2-d43d7eec442d,false,false
Номенклатура — current,raw.r1c_nomenclature_current,98d1c06c-0156-11ef-9c4f-005056893620,00-00010427,Сельхозшина 600/50-22.5 (24/50-22.5) Бел-91 12PR 160A6 Бел-91 TТ,,9b060c03-71d9-11e7-85a2-d43d7eec442d,false,false
Номенклатура — current,raw.r1c_nomenclature_current,36fb808a-e4d6-11ed-9c4e-00505689ff45,00-00007824,Сельхозшина 710/70 RЗВ,,9b060c03-71d9-11e7-85a2-d43d7eec442d,false,false
Номенклатура — current,raw.r1c_nomenclature_current,413f6c71-615e-11eb-9c2d-0050560417d5,00-00002862,Семена,,28f57b16-615e-11eb-9c2d-0050560417d5,true,false
Номенклатура — current,raw.r1c_nomenclature_current,ba634bfc-b160-11ea-8f98-fa163ee5d2f9,БП-00002785,"Семена  райграса однолетнего ""Изорский"",РС3",,63675cba-491d-11f1-b821-005056bde474,false,false
Номенклатура — current,raw.r1c_nomenclature_current,2226118a-7478-11ec-9c40-00505689c8d9,АК-00005995,Семена Георгий Комаров РС1,,9a747e53-095c-11f0-b80e-005056bde474,false,false
Номенклатура — current,raw.r1c_nomenclature_current,fd11b6a0-747e-11ec-9c40-00505689c8d9,АК-00005996,Семена Горчица Рст,,d6147e34-623c-11f0-b811-005056bde474,false,false
Номенклатура — current,raw.r1c_nomenclature_current,a2cbedfa-86bf-11ed-9c4c-00505689ff45,00-00007541,Семена Любаша РС1,,413f6c71-615e-11eb-9c2d-0050560417d5,false,false
Номенклатура — current,raw.r1c_nomenclature_current,b32b618f-807a-11ea-9528-30f7727a492e,00-00002550,Семена Морковь Вайт Сатин F1 100шт,,13953529-491d-11f1-b821-005056bde474,false,false
Номенклатура — current,raw.r1c_nomenclature_current,b32b6190-807a-11ea-9528-30f7727a492e,00-00002551,Семена Морковь Мелло Йелло F1 100шт,,13953529-491d-11f1-b821-005056bde474,false,false
Номенклатура — current,raw.r1c_nomenclature_current,732c3624-ed12-11eb-0d8c-fa163e0d31f7,БП-00004582,Семена Морковь Перпл Сан F1 100шт,,13953529-491d-11f1-b821-005056bde474,false,false
Номенклатура — current,raw.r1c_nomenclature_current,9cede28c-ed12-11eb-0d8c-fa163e0d31f7,БП-00004583,Семена Морковь Ред Сан F1 100шт,,13953529-491d-11f1-b821-005056bde474,false,false
Номенклатура — current,raw.r1c_nomenclature_current,e4da227c-ed12-11eb-0d8c-fa163e0d31f7,БП-00004584,Семена Свекла столовая Аваланч 50шт,,041cd0c4-491d-11f1-b821-005056bde474,false,false
Номенклатура — current,raw.r1c_nomenclature_current,8d7add54-ed13-11eb-0d8c-fa163e0d31f7,БП-00004585,Семена Свекла столовая Болдор 50шт,,041cd0c4-491d-11f1-b821-005056bde474,false,false
Номенклатура — current,raw.r1c_nomenclature_current,c523489a-ed13-11eb-0d8c-fa163e0d31f7,БП-00004586,Семена Свекла столовая Кестрел F1 50шт SAKATA,,041cd0c4-491d-11f1-b821-005056bde474,false,false
Номенклатура — current,raw.r1c_nomenclature_current,06cbf774-ed14-11eb-0d8c-fa163e0d31f7,БП-00004587,Семена Свекла столовая Фалькон F1 50шт SAKATA,,041cd0c4-491d-11f1-b821-005056bde474,false,false
Номенклатура — current,raw.r1c_nomenclature_current,3a75bd10-b162-11ea-8f98-fa163ee5d2f9,БП-00002790,"Семена донника желтого ""Катек"",РС2",,63675cba-491d-11f1-b821-005056bde474,false,false
Номенклатура — current,raw.r1c_nomenclature_current,a91ed5f0-810d-11e9-af6f-30f7727a492e,00-00001625,"Семена донника желтого Альшевский""",,63675cba-491d-11f1-b821-005056bde474,false,false
Номенклатура — current,raw.r1c_nomenclature_current,a8195561-d360-11ec-9c42-00505689c8d9,00-00006533,Семена картофеля,,9a747e53-095c-11f0-b80e-005056bde474,false,false
Номенклатура — current,raw.r1c_nomenclature_current,93cfd0cc-b161-11ea-8f98-fa163ee5d2f9,БП-00002789,"Семена клевера лугового ""Дымковский"" РС2",,63675cba-491d-11f1-b821-005056bde474,false,false
Номенклатура — current,raw.r1c_nomenclature_current,3bebf228-b161-11ea-8f98-fa163ee5d2f9,БП-00002787,"Семена костреца безостого ""СибНИИСХоз 189,РС2",,63675cba-491d-11f1-b821-005056bde474,false,false
Номенклатура — current,raw.r1c_nomenclature_current,a91ed5ef-810d-11e9-af6f-30f7727a492e,00-00001624,"Семена люцерны изменчивой ""Вега-87""РСт",,63675cba-491d-11f1-b821-005056bde474,false,false
Номенклатура — current,raw.r1c_nomenclature_current,f7b05fd7-2f1f-11f0-b80e-005056bde474,00-00012301,Семена на продажу Балтик РоузРС4 Красный Биг-бэг1000 кг.,,81a52654-0a33-11f0-b80e-005056bde474,false,false
Номенклатура — current,raw.r1c_nomenclature_current,719fc880-2f20-11f0-b80e-005056bde474,00-00012302,Семена на продажу ВегаРС3 Белый Биг-бэг1000 кг.,,81a52654-0a33-11f0-b80e-005056bde474,false,false
Номенклатура — current,raw.r1c_nomenclature_current,96756211-2f20-11f0-b80e-005056bde474,00-00012303,Семена на продажу ВендиРС3 Белый Биг-бэг1000 кг.,,81a52654-0a33-11f0-b80e-005056bde474,false,false
Номенклатура — current,raw.r1c_nomenclature_current,b617e3cc-2f20-11f0-b80e-005056bde474,00-00012304,Семена на продажу ГалаРС1 Белый Биг-бэг1000 кг.,,81a52654-0a33-11f0-b80e-005056bde474,false,false
Номенклатура — current,raw.r1c_nomenclature_current,2e23ad0d-2f21-11f0-b80e-005056bde474,00-00012305,Семена на продажу ГалаРС3 Белый Биг-бэг1000 кг.,,81a52654-0a33-11f0-b80e-005056bde474,false,false
Номенклатура — current,raw.r1c_nomenclature_current,bd540c98-2f22-11f0-b80e-005056bde474,00-00012307,Семена на продажу КарменРС1 Красный Биг-бэг1000 кг.,,81a52654-0a33-11f0-b80e-005056bde474,false,false
Номенклатура — current,raw.r1c_nomenclature_current,f6a7164d-2f22-11f0-b80e-005056bde474,00-00012308,Семена на продажу КарменРС2 Красный Биг-бэг1000 кг.,,81a52654-0a33-11f0-b80e-005056bde474,false,false
Номенклатура — current,raw.r1c_nomenclature_current,6ab13749-2f22-11f0-b80e-005056bde474,00-00012306,Семена на продажу ФламингоРС3 Красный Биг-бэг1000 кг.,,81a52654-0a33-11f0-b80e-005056bde474,false,false
Номенклатура — current,raw.r1c_nomenclature_current,65779e12-b161-11ea-8f98-fa163ee5d2f9,БП-00002788,"Семена овсянницы луговой ""Свердловская 37"" РС2",,63675cba-491d-11f1-b821-005056bde474,false,false
Номенклатура — current,raw.r1c_nomenclature_current,1d13e5dd-504d-11f1-b821-005056bde474,00-00014357,Семена покупн АлуэтРС1 Красный,,e31791be-491c-11f1-b821-005056bde474,false,false
Номенклатура — current,raw.r1c_nomenclature_current,9733f634-5055-11f1-b821-005056bde474,00-00014361,Семена покупн ГалаРС3 Белый,,e31791be-491c-11f1-b821-005056bde474,false,false
Номенклатура — current,raw.r1c_nomenclature_current,1ba5d00d-505a-11f1-b821-005056bde474,00-00014362,Семена покупн ГалаЭ Белый,,e31791be-491c-11f1-b821-005056bde474,false,false
Номенклатура — current,raw.r1c_nomenclature_current,8cabe651-505a-11f1-b821-005056bde474,00-00014364,Семена покупн МемфисЭ Красный,,e31791be-491c-11f1-b821-005056bde474,false,false
Номенклатура — current,raw.r1c_nomenclature_current,61fb3824-505a-11f1-b821-005056bde474,00-00014363,Семена покупн Ред ЛедиЭ Красный,,e31791be-491c-11f1-b821-005056bde474,false,false
Номенклатура — current,raw.r1c_nomenclature_current,1f15e05f-7886-11e7-af18-30f7727a492e,00-00000130,Семена покупные,,9048c8c6-095c-11f0-b80e-005056bde474,true,false
Номенклатура — current,raw.r1c_nomenclature_current,e31791be-491c-11f1-b821-005056bde474,00-00014185,Семена покупные. Картофель,,1f15e05f-7886-11e7-af18-30f7727a492e,true,false
Номенклатура — current,raw.r1c_nomenclature_current,13953529-491d-11f1-b821-005056bde474,00-00014187,Семена покупные. Морковь,,1f15e05f-7886-11e7-af18-30f7727a492e,true,false
Номенклатура — current,raw.r1c_nomenclature_current,041cd0c4-491d-11f1-b821-005056bde474,00-00014186,Семена покупные. Свекла,,1f15e05f-7886-11e7-af18-30f7727a492e,true,false
Номенклатура — current,raw.r1c_nomenclature_current,d56a405e-2fde-11f0-b80e-005056bde474,00-00012309,Семена собств Балтик РоузРС3 Красный,,a093a313-095c-11f0-b80e-005056bde474,false,false
Номенклатура — current,raw.r1c_nomenclature_current,2946ceb2-2fdf-11f0-b80e-005056bde474,00-00012310,Семена собств ВегаРС2 Белый,,a093a313-095c-11f0-b80e-005056bde474,false,false
Номенклатура — current,raw.r1c_nomenclature_current,45536276-2fdf-11f0-b80e-005056bde474,00-00012311,Семена собств ВендиРС2 Белый,,a093a313-095c-11f0-b80e-005056bde474,false,false
Номенклатура — current,raw.r1c_nomenclature_current,a6c841eb-2fdf-11f0-b80e-005056bde474,00-00012312,Семена собств ГалаРС1 Белый,,a093a313-095c-11f0-b80e-005056bde474,false,false
Номенклатура — current,raw.r1c_nomenclature_current,1360869d-2fe0-11f0-b80e-005056bde474,00-00012313,Семена собств ГалаРС2 Белый,,a093a313-095c-11f0-b80e-005056bde474,false,false
Номенклатура — current,raw.r1c_nomenclature_current,d1c07196-4922-11f1-b821-005056bde474,00-00014191,Семена собств ГалаРС3 Белый,,a093a313-095c-11f0-b80e-005056bde474,false,false
Номенклатура — current,raw.r1c_nomenclature_current,42393b1f-8977-11f0-b818-005056bde474,00-00012700,Семена собств КарменРС1 Красный,,a093a313-095c-11f0-b80e-005056bde474,false,false
Номенклатура — current,raw.r1c_nomenclature_current,609fccf3-85c3-11f1-b824-005056bde474,00-00014661,Семена собств МемфисРС1 Красный,,a093a313-095c-11f0-b80e-005056bde474,false,false
Номенклатура — current,raw.r1c_nomenclature_current,98dc92ae-adb2-11f1-b824-005056bde474,00-00014767,Семена собств РедЛедиРС1 Красный,,a093a313-095c-11f0-b80e-005056bde474,false,false
Номенклатура — current,raw.r1c_nomenclature_current,4a57271b-2fe0-11f0-b80e-005056bde474,00-00012314,Семена собств ФламингоРС2 Красный,,a093a313-095c-11f0-b80e-005056bde474,false,false
Номенклатура — current,raw.r1c_nomenclature_current,a093a313-095c-11f0-b80e-005056bde474,00-00011803,Семена собственные,,9048c8c6-095c-11f0-b80e-005056bde474,true,false
Номенклатура — current,raw.r1c_nomenclature_current,ec56367e-b160-11ea-8f98-fa163ee5d2f9,БП-00002786,"Семена тимофеевки луговой ""Ленинградская 204,РС1",,63675cba-491d-11f1-b821-005056bde474,false,false
Номенклатура — current,raw.r1c_nomenclature_current,6b392b9e-b162-11ea-8f98-fa163ee5d2f9,БП-00002791,"Семена травосмеси ""ВЕЛЕС РЕСУРС""",,63675cba-491d-11f1-b821-005056bde474,false,false
Номенклатура — current,raw.r1c_nomenclature_current,46a51ca4-1ace-11eb-c693-fa163e0d31f7,БП-00003197,Семена хрена,,63675cba-491d-11f1-b821-005056bde474,false,false
Номенклатура — current,raw.r1c_nomenclature_current,9f6a86f8-6158-11eb-9c2d-0050560417d5,00-00002830,Семенной,,731f2b5d-6157-11eb-9c2d-0050560417d5,true,false
Номенклатура — current,raw.r1c_nomenclature_current,9048c8c6-095c-11f0-b80e-005056bde474,00-00011801,Семенной материал,,dece0a1b-094b-11f0-b80e-005056bde474,true,false
Номенклатура — current,raw.r1c_nomenclature_current,5411da87-615e-11eb-9c2d-0050560417d5,00-00002864,Сенаж,,39907a45-615e-11eb-9c2d-0050560417d5,true,false
Номенклатура — current,raw.r1c_nomenclature_current,c640ca6c-fd6e-11ea-7580-fa163ee5d2f9,БП-00003036,Сенаж,,e91981a6-8af3-11eb-4b87-fa163e0d31f7,false,false
Номенклатура — current,raw.r1c_nomenclature_current,89a49a3f-9251-11ec-9c42-00505689c8d9,00-00006229,"Сендвич тройник 90 гр. н.з..+н.м. 0,8 мм (конденсат) 300/200",,de1714af-8a12-11e7-af1d-30f7727a492e,false,false
Номенклатура — current,raw.r1c_nomenclature_current,494dbdef-615e-11eb-9c2d-0050560417d5,00-00002863,Сено,,28f57b16-615e-11eb-9c2d-0050560417d5,true,false
Номенклатура — current,raw.r1c_nomenclature_current,5a48197b-615e-11eb-9c2d-0050560417d5,00-00002865,Сено,,39907a45-615e-11eb-9c2d-0050560417d5,true,false
Номенклатура — current,raw.r1c_nomenclature_current,edb8f4d0-e3a5-11ea-438e-fa163ee5d2f9,БП-00002956,Сено,,e91981a6-8af3-11eb-4b87-fa163e0d31f7,false,false
Номенклатура — current,raw.r1c_nomenclature_current,d8be81f4-f524-11eb-9c3a-00505689ff45,АК-00003699,Сенсей Инсектицид,,f9d67774-531d-11f0-b811-005056bde474,false,false
Номенклатура — current,raw.r1c_nomenclature_current,b4695150-d825-11eb-d199-fa163e0d31f7,БП-00004349,Сенсор PNP.D30,,9b060c03-71d9-11e7-85a2-d43d7eec442d,false,false
Номенклатура — current,raw.r1c_nomenclature_current,d0b6263d-250f-11ec-a9db-00505689f463,АК-00005372,Сенсор задней навески нижний 60kN 33303900,,9b060c03-71d9-11e7-85a2-d43d7eec442d,false,false
Номенклатура — current,raw.r1c_nomenclature_current,a73b923d-c7cf-11e9-af79-30f7727a492e,00-00001936,Сепаратор SY22047008B00,,9b060c03-71d9-11e7-85a2-d43d7eec442d,false,false
Номенклатура — current,raw.r1c_nomenclature_current,2b9f952a-b375-11ee-9c4c-005056893620,00-00010059,Сепаратор ботвы СББ1,,de1714af-8a12-11e7-af1d-30f7727a492e,false,false
Номенклатура — current,raw.r1c_nomenclature_current,59546844-1530-11eb-aa97-fa163e0d31f7,БП-00003158,Сепаратор для чеснока RM-180 WD,,9be0daf4-2e34-11eb-288c-fa163e0d31f7,false,false
Номенклатура — current,raw.r1c_nomenclature_current,8985a212-cb5c-11f0-b81e-005056bde474,00-00012989,Септик Евролос ПРО 25+,,5221e7b6-0a39-11f0-b80e-005056bde474,false,false
Номенклатура — current,raw.r1c_nomenclature_current,429497f8-7d30-11e7-af19-30f7727a492e,00-00000224,"Сервисные услуги,юридические создание логотипа",,1aeb231b-094c-11f0-b80e-005056bde474,false,false
Номенклатура — current,raw.r1c_nomenclature_current,a21a8113-94a7-11f0-b818-005056bde474,00-00012753,Сервисный набор для замены моторного масла,,421dc3f0-0a38-11f0-b80e-005056bde474,false,false
Номенклатура — current,raw.r1c_nomenclature_current,e93ad33e-6f9a-11ec-9c40-00505689c8d9,АК-00005934,Серлянка строительная 50мм*45м,,9088eead-75dc-11e7-af18-30f7727a492e,false,false
Номенклатура — current,raw.r1c_nomenclature_current,c1f99c27-a619-11ec-9c42-00505689c8d9,00-00006346,Серпянка 45мм*50м,,9088eead-75dc-11e7-af18-30f7727a492e,false,false
Номенклатура — current,raw.r1c_nomenclature_current,d8be81f5-f524-11eb-9c3a-00505689ff45,АК-00003700,Сертикор Инсектицид,,2eaeac4d-5322-11f0-b811-005056bde474,false,false
Номенклатура — current,raw.r1c_nomenclature_current,89397f9b-7ce0-11e7-af19-30f7727a492e,00-00000153,Сертификация,,2b7f4a51-094c-11f0-b80e-005056bde474,false,false
Номенклатура — current,raw.r1c_nomenclature_current,06c4cd6a-bf05-11eb-1998-fa163e0d31f7,БП-00004041,Серьга 1220-4605107,,9b060c03-71d9-11e7-85a2-d43d7eec442d,false,false
Номенклатура — current,raw.r1c_nomenclature_current,4d0b7074-5dae-11f1-b821-005056bde474,00-00014482,Серьга 700-01.04-Л,,45c9e202-0a37-11f0-b80e-005056bde474,false,false
Номенклатура — current,raw.r1c_nomenclature_current,28975447-46e7-11e8-af37-30f7727a492e,00-00000800,Серьга МТЗ механизма задней навески,,9b060c03-71d9-11e7-85a2-d43d7eec442d,false,false
Номенклатура — current,raw.r1c_nomenclature_current,4edab5d1-a5e0-11ec-9c42-00505689c8d9,00-00006332,Сетевой фильтр ,,9088eead-75dc-11e7-af18-30f7727a492e,false,false
Номенклатура — current,raw.r1c_nomenclature_current,3f423b43-cd0c-11ec-9c42-00505689c8d9,00-00006495,"Сетевой фильтр 1,8 м/10А 6 разеток",,f0e4c260-a130-11e8-af4c-30f7727a492e,false,false
Номенклатура — current,raw.r1c_nomenclature_current,565ec16a-f6f8-11f0-b81e-005056bde474,00-00013515,Сетевой фильтр DEXP Standard 630B [6 розеток/3 м/10A/(Черный)],,ce412305-0a38-11f0-b80e-005056bde474,false,false
Номенклатура — current,raw.r1c_nomenclature_current,a7502f3f-04d0-11ec-9c3a-00505689ff45,АК-00004665,Сетевой фильтр FinePower стандарт 530в (5 разеток),,917ab634-0a38-11f0-b80e-005056bde474,false,false
Номенклатура — current,raw.r1c_nomenclature_current,2d2ea2fb-55ca-11ec-9c40-00505689c8d9,АК-00005730,Сетевой фильтр ITP Leader,,f0e4c260-a130-11e8-af4c-30f7727a492e,false,false
Номенклатура — current,raw.r1c_nomenclature_current,9b060c9e-71d9-11e7-85a2-d43d7eec442d,00000014   ,Сетевой фильтр Ippon BK232 Black 3м,,917ab634-0a38-11f0-b80e-005056bde474,false,false
Номенклатура — current,raw.r1c_nomenclature_current,62e8425d-55ca-11ec-9c40-00505689c8d9,АК-00005731,Сетевой фильтр КУБ 5м (6разеток) 16А белый,,f0e4c260-a130-11e8-af4c-30f7727a492e,false,false
Номенклатура — current,raw.r1c_nomenclature_current,04fef3c6-95a2-11ee-9c4a-005056893620,00-00009903,Сетевой фильтр СТАРТ С/УД-Ф SP5*3 ZVT ,,9088eead-75dc-11e7-af18-30f7727a492e,false,false
Номенклатура — current,raw.r1c_nomenclature_current,056e9dbf-04d1-11ec-9c3a-00505689ff45,АК-00004666,Сетевой фильтр ЭРА SF(5 разеток) 4метра,,917ab634-0a38-11f0-b80e-005056bde474,false,false
Номенклатура — current,raw.r1c_nomenclature_current,7509fbd6-7919-11f1-b822-005056bde474,00-00014582,Сетевой шуруповерт HID2145P Hanskonner ,,12f277c8-7364-11f0-b814-005056bde474,false,false
Номенклатура — current,raw.r1c_nomenclature_current,44ab97ee-1aaf-11eb-c693-fa163e0d31f7,БП-00003176,Сетка X- NET PA белая,,76f9e9b5-0987-11f0-b80e-005056bde474,false,false
Номенклатура — current,raw.r1c_nomenclature_current,350dba44-d03d-11eb-5d99-fa163e0d31f7,БП-00004248,Сетка абразивная 115*280,,9088eead-75dc-11e7-af18-30f7727a492e,false,false
Номенклатура — current,raw.r1c_nomenclature_current,f7e20323-4b9a-11ec-9c40-00505689c8d9,АК-00005638,Сетка для защиты строительных лесов (4м х 100м),,9088eead-75dc-11e7-af18-30f7727a492e,false,false
Номенклатура — current,raw.r1c_nomenclature_current,d2c44808-0ba7-11eb-3385-fa163ee5d2f9,БП-00003148,Сетка затемнение,,f0e4c260-a130-11e8-af4c-30f7727a492e,false,false
Номенклатура — current,raw.r1c_nomenclature_current,86663413-9596-11ee-9c4a-005056893620,00-00009902,Сетка марки BIFORCE артСЗ-2,,f0e4c260-a130-11e8-af4c-30f7727a492e,false,false
Номенклатура — current,raw.r1c_nomenclature_current,f1a47bac-4214-11f1-b821-005056bde474,00-00014108,Сетка мешок,,a986fb07-0a39-11f0-b80e-005056bde474,true,false
Номенклатура — current,raw.r1c_nomenclature_current,c5c57cde-69f4-11eb-159e-fa163e0d31f7,БП-00003712,Сетка мешок из полиэтилена 50*80 фиолетовый,,76f9e9b5-0987-11f0-b80e-005056bde474,false,false
Номенклатура — current,raw.r1c_nomenclature_current,b32ac694-7bea-11ef-9c5d-00505689ff45,00-00011119,Сетка мешок на завязках 50*80 фиолетовая (2000),,f1a47bac-4214-11f1-b821-005056bde474,false,false
Номенклатура — current,raw.r1c_nomenclature_current,a41690e8-315f-11f0-b80e-005056bde474,00-00012315,Сетка мешок на рулоне,,f1a47bac-4214-11f1-b821-005056bde474,false,false
Номенклатура — current,raw.r1c_nomenclature_current,39492ac8-a750-11eb-c282-fa163e0d31f7,БП-00003904,Сетка мешок на рулоне 31*39 желтая К (4000) ,,f1a47bac-4214-11f1-b821-005056bde474,false,false
Номенклатура — current,raw.r1c_nomenclature_current,38df1cfe-3f64-11eb-6384-fa163e0d31f7,БП-00003429,Сетка мешок на рулоне 31*39 желтая усиленная (Y) 4000шт/рул,,f1a47bac-4214-11f1-b821-005056bde474,false,false
Номенклатура — current,raw.r1c_nomenclature_current,e36f506f-22de-11ec-9c3a-00505689ff45,АК-00005330,Сетка мешок на рулоне 31*39 красная (К) (4000),,f1a47bac-4214-11f1-b821-005056bde474,false,false
Номенклатура — current,raw.r1c_nomenclature_current,1cc7c335-f584-11ee-9c4c-005056893620,00-00010394,Сетка мешок на рулоне 31*39 фиолетовая 3500/рул,,f1a47bac-4214-11f1-b821-005056bde474,false,false
Номенклатура — current,raw.r1c_nomenclature_current,3c68e560-f584-11ee-9c4c-005056893620,00-00010395,Сетка мешок на рулоне 31*39 фиолетовая 4000,,f1a47bac-4214-11f1-b821-005056bde474,false,false
Номенклатура — current,raw.r1c_nomenclature_current,4cb6780a-07d6-11eb-1097-fa163ee5d2f9,БП-00003106,Сетка мешок на рулоне 31*39 фиолетовый,,f1a47bac-4214-11f1-b821-005056bde474,false,false
Номенклатура — current,raw.r1c_nomenclature_current,d39fd666-3f64-11eb-6384-fa163e0d31f7,БП-00003431,Сетка мешок на рулоне 34*50 желтая (К) 3500/рул,,f1a47bac-4214-11f1-b821-005056bde474,false,false
Номенклатура — current,raw.r1c_nomenclature_current,4019b95f-22df-11ec-9c3a-00505689ff45,АК-00005331,Сетка мешок на рулоне 34*50 красная (С) (3000),,f1a47bac-4214-11f1-b821-005056bde474,false,false
Номенклатура — current,raw.r1c_nomenclature_current,2f04aad4-07d6-11eb-1097-fa163ee5d2f9,БП-00003105,Сетка мешок на рулоне 34*50 фиолетовый,,f1a47bac-4214-11f1-b821-005056bde474,false,false
Номенклатура — current,raw.r1c_nomenclature_current,4307cf0d-73eb-11ee-9c4a-005056893620,00-00009698,Сетка мешок на рулоне 50*80 фиолетовая (К) 2000 шт/рул,,f1a47bac-4214-11f1-b821-005056bde474,false,false
Номенклатура — current,raw.r1c_nomenclature_current,df912d37-e615-11ee-9c4c-005056893620,00-00010339,Сетка мешок на рулоне 50*80 фиолетовая 3000 шт/рул,,f1a47bac-4214-11f1-b821-005056bde474,false,false
Номенклатура — current,raw.r1c_nomenclature_current,1fd4dcbb-5df8-11ee-9c4f-00505689ff45,00-00009597,Сетка мешок на рулоне 54*78 фиолетовая (S) 2000 шт/рул,,f1a47bac-4214-11f1-b821-005056bde474,false,false
Номенклатура — current,raw.r1c_nomenclature_current,5cc8dbb9-7257-11ee-9c4a-005056893620,00-00009694,Сетка мешок на рулоне 54*78 фиолетовая (К) 2000 шт/рул,,f1a47bac-4214-11f1-b821-005056bde474,false,false
Номенклатура — current,raw.r1c_nomenclature_current,cb33f0fa-dcfc-11e8-af56-30f7727a492e,00-00001344,Сетка мешок на рулоне 54*78 фиолетовый,,f1a47bac-4214-11f1-b821-005056bde474,false,false
Номенклатура — current,raw.r1c_nomenclature_current,7faa8dcc-c9ff-11e7-a3eb-94de80168a80,00-00000448,Сетка овощная,,76f9e9b5-0987-11f0-b80e-005056bde474,false,false
Номенклатура — current,raw.r1c_nomenclature_current,22a2accd-9040-11ee-9c4a-005056893620,00-00009878,Сетка овощная 50*80,,f1a47bac-4214-11f1-b821-005056bde474,false,false
Номенклатура — current,raw.r1c_nomenclature_current,561668b2-5702-11eb-a997-fa163e0d31f7,БП-00003651,Сетка оцинкованная,,9088eead-75dc-11e7-af18-30f7727a492e,false,false
Номенклатура — current,raw.r1c_nomenclature_current,96413dc6-fe3e-11ea-7580-fa163ee5d2f9,БП-00003048,"Сетка оцинкованная рабица 50х50 рул 1,5х10м",,9088eead-75dc-11e7-af18-30f7727a492e,false,false
Номенклатура — current,raw.r1c_nomenclature_current,765947d9-4215-11f1-b821-005056bde474,00-00014112,Сетка паллетная,,a986fb07-0a39-11f0-b80e-005056bde474,true,false
Номенклатура — current,raw.r1c_nomenclature_current,af8d5fcb-9792-11f0-b818-005056bde474,00-00012754,Сетка паллетная 1000м/рул,,765947d9-4215-11f1-b821-005056bde474,false,false
Номенклатура — current,raw.r1c_nomenclature_current,6a629493-e971-11e8-af5a-30f7727a492e,00-00001353,Сетка паллетная без растяжения,,765947d9-4215-11f1-b821-005056bde474,false,false
Номенклатура — current,raw.r1c_nomenclature_current,d0b75f49-5c76-11ee-9c4f-00505689ff45,00-00009584,Сетка пластиковая 15*15 2х50,,9088eead-75dc-11e7-af18-30f7727a492e,false,false
Номенклатура — current,raw.r1c_nomenclature_current,c31caf4f-60f9-11ee-9c50-00505689ff45,00-00009612,Сетка полипропиленовая Бифорс СЗ-2. Рулон 2х50м,,9088eead-75dc-11e7-af18-30f7727a492e,false,false
Номенклатура — current,raw.r1c_nomenclature_current,a37ec0de-69d7-11ef-9c5c-00505689ff45,00-00011011,"Сетка рабица оцинк.50*50 рул 1,8*10м",,9088eead-75dc-11e7-af18-30f7727a492e,false,false
Номенклатура — current,raw.r1c_nomenclature_current,4e436ee6-4215-11f1-b821-005056bde474,00-00014111,Сетка рукав,,a986fb07-0a39-11f0-b80e-005056bde474,true,false
Номенклатура — current,raw.r1c_nomenclature_current,97bc442d-f62c-11e9-9519-30f7727a492e,00-00002131,"Сетка сварн.оцинкованная 1,0х25м  (12,5х25х1,6 мм)",,9088eead-75dc-11e7-af18-30f7727a492e,false,false
Номенклатура — current,raw.r1c_nomenclature_current,f74dc6c5-1fdc-11ea-9522-30f7727a492e,00-00002288,"Сетка сварн.оцинкованная 1,0х25м  (25х25х1,6 мм)",,9088eead-75dc-11e7-af18-30f7727a492e,false,false
Номенклатура — current,raw.r1c_nomenclature_current,3a1c45dd-f920-11ef-b80e-005056bde474,00-00011723,"Сетка сварная оцинк.1,0х15м (12,5х12,5х1,2)",,9088eead-75dc-11e7-af18-30f7727a492e,false,false
Номенклатура — current,raw.r1c_nomenclature_current,f14ecc5c-c279-11ea-7580-fa163ee5d2f9,БП-00002846,Сетка сеновязальная 123х3000(290),,76f9e9b5-0987-11f0-b80e-005056bde474,false,false
Номенклатура — current,raw.r1c_nomenclature_current,08c779be-fe3f-11ea-7580-fa163ee5d2f9,БП-00003049,Сетка фасадная (100м*4),,9088eead-75dc-11e7-af18-30f7727a492e,false,false
Номенклатура — current,raw.r1c_nomenclature_current,48320575-329b-11ed-9c43-cb6d75bb653b,00-00007155,Сетка фасадная 080 размер рулона 4*50,,9088eead-75dc-11e7-af18-30f7727a492e,false,false
Номенклатура — current,raw.r1c_nomenclature_current,547c659c-5f80-11ed-9c43-00505689cfb8,00-00007373,Сетка фасадная зеленая 3х50,,9088eead-75dc-11e7-af18-30f7727a492e,false,false
Номенклатура — current,raw.r1c_nomenclature_current,91494768-2aea-11ec-b9a9-00505689914b,АК-00005453,Сетка фасадная зеленая 4х100м Фасад35,,9088eead-75dc-11e7-af18-30f7727a492e,false,false
Номенклатура — current,raw.r1c_nomenclature_current,8c136cd2-a85f-11ed-9c4d-00505689ff45,00-00007628,Сетка-мешок на рулоне 34х50 см красная (К) 3500/рул,,f1a47bac-4214-11f1-b821-005056bde474,false,false
Номенклатура — current,raw.r1c_nomenclature_current,2ea17b10-160b-11ec-9c3a-00505689ff45,АК-00005020,Сетка-мешок на рулоне 41*60 фиолетовая (2500),,f1a47bac-4214-11f1-b821-005056bde474,false,false
Номенклатура — current,raw.r1c_nomenclature_current,b77d98ac-adef-11f0-b81e-005056bde474,00-00012867,Сетка-рукав пвд Д-пак 220мм Желтая (700м),,4e436ee6-4215-11f1-b821-005056bde474,false,false
Номенклатура — current,raw.r1c_nomenclature_current,92d91af8-adef-11f0-b81e-005056bde474,00-00012866,Сетка-рукав пвд Д-пак 220мм Красная (700м),,4e436ee6-4215-11f1-b821-005056bde474,false,false
Номенклатура — current,raw.r1c_nomenclature_current,689d24fd-9a67-11ee-9c4a-005056893620,00-00009915,Сетка-рукав экструзионная 220мм желтая L,,4e436ee6-4215-11f1-b821-005056bde474,false,false
Номенклатура — current,raw.r1c_nomenclature_current,9b9719e4-a597-11ee-9c4c-005056893620,00-00010050,Сетка-рукав экструзионная 220мм красная L,,4e436ee6-4215-11f1-b821-005056bde474,false,false
Номенклатура — current,raw.r1c_nomenclature_current,50e52306-d03d-11eb-5d99-fa163e0d31f7,БП-00004249,Сеткодержатель,,9088eead-75dc-11e7-af18-30f7727a492e,false,false
Номенклатура — current,raw.r1c_nomenclature_current,2e658ad1-43f1-11e9-af67-30f7727a492e,00-00001475,Сетчатое полотно из полиэтилена белый ,,76f9e9b5-0987-11f0-b80e-005056bde474,false,false
Номенклатура — current,raw.r1c_nomenclature_current,3160a14b-bfbd-11ec-9c42-00505689c8d9,00-00006470,Сиамино ,,e1243393-532a-11f0-b811-005056bde474,false,false
Номенклатура — current,raw.r1c_nomenclature_current,95a4841f-1eec-11ed-9c43-cb6d75bb653b,00-00006980,Сивег 5л*4 (10121010/110522/3232237 Италия),,e1243393-532a-11f0-b811-005056bde474,false,false
Номенклатура — current,raw.r1c_nomenclature_current,d60bcf28-749e-11ee-9c4a-005056893620,00-00009711,Сигнал 20М,,cf1ab97a-749e-11ee-9c4a-005056893620,false,false
Номенклатура — current,raw.r1c_nomenclature_current,48b1debd-d82f-11ef-b80c-005056bde474,00-00011564,Сигнал заднего хода 12-24V,,9b060c03-71d9-11e7-85a2-d43d7eec442d,false,false
Номенклатура — current,raw.r1c_nomenclature_current,b9c07673-dcae-11ef-b80c-005056bde474,00-00011601,Сигнал звуковой 12V ,,9b060c03-71d9-11e7-85a2-d43d7eec442d,false,false
Номенклатура — current,raw.r1c_nomenclature_current,a91ed5ce-810d-11e9-af6f-30f7727a492e,00-00001614,Сигнал звуковой 12V 435 Hz 1шт SEGER WD-50F,,9b060c03-71d9-11e7-85a2-d43d7eec442d,false,false
Номенклатура — current,raw.r1c_nomenclature_current,750a0c97-1148-11f1-b81f-005056bde474,00-00013782,"Сигнал звуковой ВАЗ, УАЗ, ГАЗ 12В высокий тон 20.3721-01 06.1215",,34aee2dc-7290-11f0-b814-005056bde474,false,false
Номенклатура — current,raw.r1c_nomenclature_current,7e7fc81f-9a42-11ec-9c42-00505689c8d9,00-00006276,Сигнал звуковой ГАЗ-24 высокий тон ЛЭТЗ С303,,9b060c03-71d9-11e7-85a2-d43d7eec442d,false,false
Номенклатура — current,raw.r1c_nomenclature_current,ac3ec3df-9a42-11ec-9c42-00505689c8d9,00-00006277,Сигнал звуковой ГАЗ-24 низкий тон ЛЭТЗ С302,,9b060c03-71d9-11e7-85a2-d43d7eec442d,false,false
Номенклатура — current,raw.r1c_nomenclature_current,bfbb1d0b-9a3b-11ec-9c42-00505689c8d9,00-00006259,Сигнал звуковой КАМАЗ комплект С306Д/307Д,,9b060c03-71d9-11e7-85a2-d43d7eec442d,false,false
Номенклатура — current,raw.r1c_nomenclature_current,dc7d41c5-a083-11f0-b81d-005056bde474,00-00012816,Сигнализатор звуковой ND16-22FS d22мм красн. LED AC/DC 24В,,baf617a9-7290-11f0-b814-005056bde474,false,false
Номенклатура — current,raw.r1c_nomenclature_current,a4ee560d-753f-11e9-af6d-30f7727a492e,00-00001563,Сиденье,,9b060c03-71d9-11e7-85a2-d43d7eec442d,false,false
Номенклатура — current,raw.r1c_nomenclature_current,9ce04585-e066-11ee-9c4c-005056893620,00-00010271,Сиденье МТЗ УК в сборе 80В-68000000 СБ,,9b060c03-71d9-11e7-85a2-d43d7eec442d,false,false
Номенклатура — current,raw.r1c_nomenclature_current,091d7a47-9a3c-11ec-9c42-00505689c8d9,00-00006260,Сиденье МТЗ с подлокотниками БЗТДиА 80-6800010-01,,9b060c03-71d9-11e7-85a2-d43d7eec442d,false,false
Номенклатура — current,raw.r1c_nomenclature_current,d6147e34-623c-11f0-b811-005056bde474,00-00012530,Сидераты,,9048c8c6-095c-11f0-b80e-005056bde474,true,false
Номенклатура — current,raw.r1c_nomenclature_current,3581f107-f21d-11eb-9c3a-00505689ff45,АК-00003280,Сидераты 2021,,d6147e34-623c-11f0-b811-005056bde474,false,false
Номенклатура — current,raw.r1c_nomenclature_current,2e797f99-08d3-11ed-9c43-00505689c8d9,00-00006807,Сидераты 2022,,d6147e34-623c-11f0-b811-005056bde474,false,false
Номенклатура — current,raw.r1c_nomenclature_current,6a164b01-516b-11ed-9c43-cb6d75bb653b,00-00007347,Сидераты 2022_товар,,d6147e34-623c-11f0-b811-005056bde474,false,false
Номенклатура — current,raw.r1c_nomenclature_current,bec53bbf-f568-11ed-9c4e-00505689ff45,00-00008034,Сидераты 2023,,d6147e34-623c-11f0-b811-005056bde474,false,false
Номенклатура — current,raw.r1c_nomenclature_current,93680d34-6d94-11ee-9c4a-005056893620,00-00009685,Сидераты 2023_товар,,d6147e34-623c-11f0-b811-005056bde474,false,false
Номенклатура — current,raw.r1c_nomenclature_current,44d41745-e12d-11ee-9c4c-005056893620,00-00010274,Сидераты 2024_товар,,d6147e34-623c-11f0-b811-005056bde474,false,false
Номенклатура — current,raw.r1c_nomenclature_current,f39145e5-623c-11f0-b811-005056bde474,00-00012531,Сидераты 2025,,d6147e34-623c-11f0-b811-005056bde474,false,false
Номенклатура — current,raw.r1c_nomenclature_current,a6dd8300-f5ce-11f0-b81e-005056bde474,00-00013434,Сидераты 2026,,d6147e34-623c-11f0-b811-005056bde474,false,false
Номенклатура — current,raw.r1c_nomenclature_current,276424db-74f8-11ec-9c40-00505689c8d9,АК-00005997,Сидераты с октября 2021,,d6147e34-623c-11f0-b811-005056bde474,false,false
Номенклатура — current,raw.r1c_nomenclature_current,d8be81f6-f524-11eb-9c3a-00505689ff45,АК-00003701,Сидоприд Инсектицид,,668204c4-5324-11f0-b811-005056bde474,false,false
Номенклатура — current,raw.r1c_nomenclature_current,e6d74a8e-80a5-11ec-9c41-00505689c8d9,00-00006049,Силикон белый ,,9b060c03-71d9-11e7-85a2-d43d7eec442d,false,false
Номенклатура — current,raw.r1c_nomenclature_current,58bc6de8-f2db-11eb-9c3a-00505689ff45,АК-00003294,Силиплант Регулятор роста ,,e1243393-532a-11f0-b811-005056bde474,false,false
Номенклатура — current,raw.r1c_nomenclature_current,498ac84d-b4f3-11ec-9c42-00505689c8d9,00-00006429,Сильвошанс..ВЭ,,21f489cd-531d-11f0-b811-005056bde474,false,false
Номенклатура — current,raw.r1c_nomenclature_current,10051637-4e35-11ed-9c43-cb6d75bb653b,00-00007298,Сильфон 701.10.00.060,,9b060c03-71d9-11e7-85a2-d43d7eec442d,false,false
Номенклатура — current,raw.r1c_nomenclature_current,5c5eb3e4-f350-11eb-9c3a-00505689ff45,АК-00003308,"Симба, КЭ Гербицид ",,5e0b1519-531c-11f0-b811-005056bde474,false,false
Номенклатура — current,raw.r1c_nomenclature_current,1029c742-f68e-11f0-b81e-005056bde474,00-00013456,Симистор 16А 600В 50мА ВТА16-600BRG,,baf617a9-7290-11f0-b814-005056bde474,false,false
Номенклатура — current,raw.r1c_nomenclature_current,1c53b9b3-f354-11eb-9c3a-00505689ff45,АК-00003312,"Синклер, СК Протравливатель ",,668204c4-5324-11f0-b811-005056bde474,false,false
Номенклатура — current,raw.r1c_nomenclature_current,b2ccd76f-f39c-11ef-b80e-005056bde474,00-00011664,Синтетическая смазка H1 Alugrease FG2,,06edb888-3d8e-11f1-b821-005056bde474,false,false
Номенклатура — current,raw.r1c_nomenclature_current,d65bd9e5-749f-11ee-9c4a-005056893620,00-00009717,Сирена,,cf1ab97a-749e-11ee-9c4a-005056893620,false,false
Номенклатура — current,raw.r1c_nomenclature_current,67a59d74-49b4-11eb-a99a-fa163e0d31f7,БП-00003514,Сирена-ПРО. Оповещатель звуковой радиоканальный,,ce7d79f6-49b2-11eb-a99a-fa163e0d31f7,false,false
Номенклатура — current,raw.r1c_nomenclature_current,d8be81f7-f524-11eb-9c3a-00505689ff45,АК-00003702,Сирокко Инсектицид,,f9d67774-531d-11f0-b811-005056bde474,false,false
Номенклатура — current,raw.r1c_nomenclature_current,1dee1ea6-ed14-11ea-a29d-fa163ee5d2f9,БП-00002999,Система вентиляционно-климатическая марки Вентоглас,,de1714af-8a12-11e7-af1d-30f7727a492e,false,false
Номенклатура — current,raw.r1c_nomenclature_current,211c2790-35ce-11ea-9522-30f7727a492e,00-00002360,Система видеонаблюдения,,de1714af-8a12-11e7-af1d-30f7727a492e,true,false
Номенклатура — current,raw.r1c_nomenclature_current,3d287ad3-5d34-11ee-9c4f-00505689ff45,00-00009587,Система капельного полива для чеснока,,de1714af-8a12-11e7-af1d-30f7727a492e,true,false
Номенклатура — current,raw.r1c_nomenclature_current,61757ce0-be02-11eb-b480-fa163e0d31f7,БП-00004010,Система навесная центральная KRET для Т-150,,9b060c03-71d9-11e7-85a2-d43d7eec442d,false,false
Номенклатура — current,raw.r1c_nomenclature_current,227084c6-e47d-11eb-0c9a-fa163e0d31f7,БП-00004434,"Система хранения DEKO DKTB10, 6 выдвижных ящиков 065-0815",,05b398ee-0a39-11f0-b80e-005056bde474,false,false
Номенклатура — current,raw.r1c_nomenclature_current,74cb6cf3-da47-11f0-b81e-005056bde474,00-00013105,Системный блок Hightech (i3-12100/ H610M-K D4/ DDR4 2х8Gb/ SSD 512Gb/ 400W),,ce412305-0a38-11f0-b80e-005056bde474,false,false
Номенклатура — current,raw.r1c_nomenclature_current,5c6b1f2e-bd0f-11f1-b824-005056bde474,00-00014811,Системный блок Hightech (i5-12400/ B760M DS3H/ DDR4 1x16Gb/ SSD 1000Gb M.2 NVMe/ HDD 4Tb/ RTX 5070Ti,,9b060c1e-71d9-11e7-85a2-d43d7eec442d,false,false
Номенклатура — current,raw.r1c_nomenclature_current,d8be81f8-f524-11eb-9c3a-00505689ff45,АК-00003703,Систива Инсектицид,,668204c4-5324-11f0-b811-005056bde474,false,false
Номенклатура — current,raw.r1c_nomenclature_current,054a4987-6682-11ee-9c50-00505689ff45,00-00009633,Ситевой фильтр (5 разеток) серый,,f0e4c260-a130-11e8-af4c-30f7727a492e,false,false
Номенклатура — current,raw.r1c_nomenclature_current,c8044a2b-16e5-11ec-9c3a-00505689ff45,АК-00005046,Сито фильтр двойной 200мм (нержавейка),,917ab634-0a38-11f0-b80e-005056bde474,false,false
Номенклатура — current,raw.r1c_nomenclature_current,dffae1c8-6d31-11ec-9c40-00505689c8d9,АК-00005865,Сифон Wirguin д/умыв.1 1/4*40/50 с гофрой и трубой,,f0e4c260-a130-11e8-af4c-30f7727a492e,false,false
Номенклатура — current,raw.r1c_nomenclature_current,9fdf2b5c-33f1-11eb-0e8a-fa163e0d31f7,БП-00003326,Сифон АНИ д/мойки 1 1/2*40/50,,9be0daf4-2e34-11eb-288c-fa163e0d31f7,false,false
Номенклатура — current,raw.r1c_nomenclature_current,08073718-7405-11ef-9c5d-00505689ff45,00-00011055,Сифон АНИ д/умывальника 1 1/4*40/50,,9be0daf4-2e34-11eb-288c-fa163e0d31f7,false,false
Номенклатура — current,raw.r1c_nomenclature_current,9a7abc93-f70c-11f0-b81e-005056bde474,00-00013578,Сифон АНИ для умывальника 1 1/4*40/50,,5221e7b6-0a39-11f0-b80e-005056bde474,false,false
Номенклатура — current,raw.r1c_nomenclature_current,8666468a-3377-11ea-9522-30f7727a492e,00-00002328,Сифон для умывальника ,,f0e4c260-a130-11e8-af4c-30f7727a492e,false,false
Номенклатура — current,raw.r1c_nomenclature_current,5917a286-2b8a-11ec-b9a9-00505689914b,АК-00005468,"Сифон-142 с нерж.чашкой 70мм,уд/выпуск гоф-600мм/",,9be0daf4-2e34-11eb-288c-fa163e0d31f7,false,false
Номенклатура — current,raw.r1c_nomenclature_current,d8be81f9-f524-11eb-9c3a-00505689ff45,АК-00003704,Скальпель Инсектицид,,2eaeac4d-5322-11f0-b811-005056bde474,false,false
Номенклатура — current,raw.r1c_nomenclature_current,2c7d7544-17c1-11f1-b81f-005056bde474,00-00013849,Скамья ССТ 1200x300 ЛДСП ТИТАН МЕТА ,,9088eeac-75dc-11e7-af18-30f7727a492e,false,false
Номенклатура — current,raw.r1c_nomenclature_current,f9520122-23d1-11ed-9c43-cb6d75bb653b,00-00007026,"Скамья садовая 1,2 м",,9088eeaf-75dc-11e7-af18-30f7727a492e,false,false
Номенклатура — current,raw.r1c_nomenclature_current,d8be81fa-f524-11eb-9c3a-00505689ff45,АК-00003705,Скарлет Инсектицид,,668204c4-5324-11f0-b811-005056bde474,false,false
Номенклатура — current,raw.r1c_nomenclature_current,aac5f8c4-871c-11eb-539b-fa163e0d31f7,БП-00003779,Скатерть-клеенка столовая,,f0e4c260-a130-11e8-af4c-30f7727a492e,false,false
Номенклатура — current,raw.r1c_nomenclature_current,d8be81fb-f524-11eb-9c3a-00505689ff45,АК-00003706,Скиф Инсектицид,,2eaeac4d-5322-11f0-b811-005056bde474,false,false
Номенклатура — current,raw.r1c_nomenclature_current,70115dfe-0b98-11eb-3385-fa163ee5d2f9,БП-00003128,"Скоба ""шакле"" 10мм",,9b060c03-71d9-11e7-85a2-d43d7eec442d,false,false
Номенклатура — current,raw.r1c_nomenclature_current,82fb7080-0b98-11eb-3385-fa163ee5d2f9,БП-00003129,"Скоба ""шакле"" 12мм",,9b060c03-71d9-11e7-85a2-d43d7eec442d,false,false
Номенклатура — current,raw.r1c_nomenclature_current,35bec508-03e4-11eb-ac9e-fa163ee5d2f9,БП-00003068,Скоба 10х10(1000шт),,9088eead-75dc-11e7-af18-30f7727a492e,false,false
Номенклатура — current,raw.r1c_nomenclature_current,9b060c4b-71d9-11e7-85a2-d43d7eec442d,00000155   ,Скоба 10х14 (1000шт),,9088ee8b-75dc-11e7-af18-30f7727a492e,false,false
Номенклатура — current,raw.r1c_nomenclature_current,f11db2ac-98d4-11ea-952a-30f7727a492e,00-00002685,Скоба 10х5(1000шт),,9088ee8b-75dc-11e7-af18-30f7727a492e,false,false
Номенклатура — current,raw.r1c_nomenclature_current,384f2814-04fc-11ec-9c3a-00505689ff45,АК-00004691,Скоба 10х8 (1000шт),,9088eead-75dc-11e7-af18-30f7727a492e,false,false
Номенклатура — current,raw.r1c_nomenclature_current,fb6bd20b-3757-11ee-9c4e-00505689ff45,00-00008424,Скоба 12мм (1000 шт),,9088eead-75dc-11e7-af18-30f7727a492e,false,false
Номенклатура — current,raw.r1c_nomenclature_current,19bd8a59-24fb-11ec-a9db-00505689f463,АК-00005353,Скоба М16,,9b060c03-71d9-11e7-85a2-d43d7eec442d,false,false
Номенклатура — current,raw.r1c_nomenclature_current,8c134ce6-7ff1-11ef-9c5d-00505689ff45,00-00011163,Скоба М16 80х80,,45c9e202-0a37-11f0-b80e-005056bde474,false,false
Номенклатура — current,raw.r1c_nomenclature_current,7d29b977-a07c-11ec-9c42-00505689c8d9,00-00006315,Скоба для степлера № 10,,9088ee8b-75dc-11e7-af18-30f7727a492e,false,false
Номенклатура — current,raw.r1c_nomenclature_current,e6189c79-c0c0-11e9-af79-30f7727a492e,00-00001819,Скоба для степлера № 24/6 (1000шт),,9088ee8b-75dc-11e7-af18-30f7727a492e,false,false
Номенклатура — current,raw.r1c_nomenclature_current,a9f5a344-1a0a-11ec-9c3a-00505689ff45,АК-00005059,"Скоба для степлера № 24/6/,26/6 (1000шт)",,9088ee8b-75dc-11e7-af18-30f7727a492e,false,false
Номенклатура — current,raw.r1c_nomenclature_current,b12e2963-84a8-11ef-9c5d-00505689ff45,00-00011254,Скоба для степлера №10 1000шт,,9088ee8b-75dc-11e7-af18-30f7727a492e,false,false
Номенклатура — current,raw.r1c_nomenclature_current,6e02575d-6409-11ec-9c40-00505689c8d9,АК-00005843,Скоба для степлера №24/6 1000шт,,9088ee8b-75dc-11e7-af18-30f7727a492e,false,false
Номенклатура — current,raw.r1c_nomenclature_current,594492a7-6b5a-11ed-9c4d-00505689c8d9,00-00007437,Скоба металлическая  D19-20 мм,,20e031f3-0a37-11f0-b80e-005056bde474,false,false
Номенклатура — current,raw.r1c_nomenclature_current,343f9e4a-4fad-11ed-9c43-cb6d75bb653b,00-00007318,Скоба металлическая 2-х лапковая D60-63 СМД,,20e031f3-0a37-11f0-b80e-005056bde474,false,false
Номенклатура — current,raw.r1c_nomenclature_current,481e3c65-8da5-11ec-9c42-00505689c8d9,00-00006139,Скоба прицепная  700.46.30.000 в сборе,,9b060c03-71d9-11e7-85a2-d43d7eec442d,false,false
Номенклатура — current,raw.r1c_nomenclature_current,db0aa7da-0177-11ea-951c-30f7727a492e,00-00002143,Скоба прицепная (голая) К-700  (700.46.30.010-1),,9b060c03-71d9-11e7-85a2-d43d7eec442d,false,false
Номенклатура — current,raw.r1c_nomenclature_current,42fcb5e6-e537-11ee-9c4c-005056893620,00-00010289,Скоба с внутренним диаметром 25мм  двухлапковая метал,,20e031f3-0a37-11f0-b80e-005056bde474,false,false
Номенклатура — current,raw.r1c_nomenclature_current,d57ecdae-41c0-11ee-9c4e-00505689ff45,00-00009234,Скоба с внутренним диаметром 32мм  двухлапковая метал,,20e031f3-0a37-11f0-b80e-005056bde474,false,false
Номенклатура — current,raw.r1c_nomenclature_current,22390bbc-a736-11ef-9c5e-00505689ff45,00-00011373,Скоба с внутренним диаметром 40 мм  двухлапковая метал,,20e031f3-0a37-11f0-b80e-005056bde474,false,false
Номенклатура — current,raw.r1c_nomenclature_current,dbe3d2d0-d960-11ee-9c4c-005056893620,00-00010231,Скоба с внутренним диаметром 50 мм  двухлапковая метал,,20e031f3-0a37-11f0-b80e-005056bde474,false,false
Номенклатура — current,raw.r1c_nomenclature_current,8c4a07ae-03e2-11eb-ac9e-fa163ee5d2f9,БП-00003064,Скоба такелажная 10мм,,f0e4c260-a130-11e8-af4c-30f7727a492e,false,false
Номенклатура — current,raw.r1c_nomenclature_current,1cf3fdfb-f707-11f0-b81e-005056bde474,00-00013534,Скоба такелажная 12мм нерж.,,9adc9f2a-3d8a-11f1-b821-005056bde474,false,false
Номенклатура — current,raw.r1c_nomenclature_current,3f366e10-4be2-11ec-9c40-00505689c8d9,АК-00005652,Скоба такелажная 8 цинк,,f0e4c260-a130-11e8-af4c-30f7727a492e,false,false
Номенклатура — current,raw.r1c_nomenclature_current,587450f4-93bd-11f0-b818-005056bde474,00-00012730,Скоба такелажная М10,,474861c4-0a39-11f0-b80e-005056bde474,false,false
Номенклатура — current,raw.r1c_nomenclature_current,474b1b0a-93bd-11f0-b818-005056bde474,00-00012729,Скоба такелажная М18,,474861c4-0a39-11f0-b80e-005056bde474,false,false
Номенклатура — current,raw.r1c_nomenclature_current,c24a94c4-5d8a-11f1-b821-005056bde474,00-00014472,Скоба тормозная Соболь в сб. левая,,20296b06-0a38-11f0-b80e-005056bde474,false,false
Номенклатура — current,raw.r1c_nomenclature_current,4af23b9a-73be-11f1-b822-005056bde474,00-00014557,Скоба тормозная Соболь в сб. правая,,20296b06-0a38-11f0-b80e-005056bde474,false,false
Номенклатура — current,raw.r1c_nomenclature_current,a092eb62-b0dd-11f0-b81e-005056bde474,00-00012887,Скобы  24/6,,9088eead-75dc-11e7-af18-30f7727a492e,false,false
Номенклатура — current,raw.r1c_nomenclature_current,4c3d4691-c867-11e8-af51-30f7727a492e,00-00001228,Скобы 10 *10,,9088eead-75dc-11e7-af18-30f7727a492e,false,false
Номенклатура — current,raw.r1c_nomenclature_current,2b4f4fe6-e996-11e9-af7d-30f7727a492e,00-00002079,Скобы 10 *14,,9088eead-75dc-11e7-af18-30f7727a492e,false,false
Номенклатура — current,raw.r1c_nomenclature_current,de9d1f78-17c6-11ec-9c3a-00505689ff45,АК-00005054,Скобы ассорти,,f0e4c260-a130-11e8-af4c-30f7727a492e,false,false
Номенклатура — current,raw.r1c_nomenclature_current,42ec47ae-d806-11eb-d199-fa163e0d31f7,БП-00004311,Сковорода глубокая диаметр 28см антипрегарное покрытие,,f0e4c260-a130-11e8-af4c-30f7727a492e,false,false
Номенклатура — current,raw.r1c_nomenclature_current,6416d3c7-971c-11f1-b824-005056bde474,00-00014711,Скоросшиватель картон,,9088ee8b-75dc-11e7-af18-30f7727a492e,false,false
Номенклатура — current,raw.r1c_nomenclature_current,674b7072-adf5-11f0-b81e-005056bde474,00-00012868,Скоросшиватель пластиковый А4,,9088ee8b-75dc-11e7-af18-30f7727a492e,false,false
Номенклатура — current,raw.r1c_nomenclature_current,10a5b2d7-76c7-11e7-af18-30f7727a492e,00-00000083,Скотч,,f0e4c260-a130-11e8-af4c-30f7727a492e,false,false
Номенклатура — current,raw.r1c_nomenclature_current,76e5892b-3478-11ef-9c59-00505689ff45,00-00010671,Скотч армированный,,f0e4c260-a130-11e8-af4c-30f7727a492e,false,false
Номенклатура — current,raw.r1c_nomenclature_current,5d26c7d3-013f-11ee-9c4e-00505689ff45,00-00008096,Скотч малярный,,f0e4c260-a130-11e8-af4c-30f7727a492e,false,false
Номенклатура — current,raw.r1c_nomenclature_current,0a93bfc8-d7b3-11ed-9c4e-00505689ff45,00-00007731,Скотч прозрачный 48мм 132 м,,f0e4c260-a130-11e8-af4c-30f7727a492e,false,false
Номенклатура — current,raw.r1c_nomenclature_current,5416cbc3-f70c-11f0-b81e-005056bde474,00-00013573,Скотч прозрачный 48х132м,,9088ee8b-75dc-11e7-af18-30f7727a492e,false,false
Номенклатура — current,raw.r1c_nomenclature_current,77c5ccba-e724-11ec-9c42-00505689c8d9,00-00006673,Скребок (018.02471),,9b060c03-71d9-11e7-85a2-d43d7eec442d,false,false
Номенклатура — current,raw.r1c_nomenclature_current,59b98c93-42b2-11ef-9c59-00505689ff45,00-00010704,Скребок (ИД: 004.00008),,9b060c03-71d9-11e7-85a2-d43d7eec442d,false,false
Номенклатура — current,raw.r1c_nomenclature_current,49af19d4-7b36-11ef-9c5d-00505689ff45,00-00011118,Скребок для очистки гязи ленточного транспортера нижний,,9b060c03-71d9-11e7-85a2-d43d7eec442d,false,false
Номенклатура — current,raw.r1c_nomenclature_current,83e8b353-6b2c-11ed-9c4d-00505689c8d9,00-00007412,Скребок слева,,9b060c03-71d9-11e7-85a2-d43d7eec442d,false,false
Номенклатура — current,raw.r1c_nomenclature_current,667fc49d-6b2c-11ed-9c4d-00505689c8d9,00-00007411,Скребок справа,,9b060c03-71d9-11e7-85a2-d43d7eec442d,false,false
Номенклатура — current,raw.r1c_nomenclature_current,219195b5-7859-11ec-9c40-00505689c8d9,АК-00006007,Скрепа 2К эластичная (комплект 30 кг),,9b060c03-71d9-11e7-85a2-d43d7eec442d,false,false
Номенклатура — current,raw.r1c_nomenclature_current,8e3962be-d7e3-11ef-b80c-005056bde474,00-00011557,Скрепа СГ-20 ИЭК,,20e031f3-0a37-11f0-b80e-005056bde474,false,false
Номенклатура — current,raw.r1c_nomenclature_current,ece6da69-e538-11ee-9c4c-005056893620,00-00010293,Скрепа для ленты NC 20 (COT36 A200) NILED 12200031 (уп 100шт),,20e031f3-0a37-11f0-b80e-005056bde474,false,false
Номенклатура — current,raw.r1c_nomenclature_current,a70f05f1-a28f-11f0-b81d-005056bde474,00-00012835,Скрепа для ленты NC 20-TE,,e857fb59-7295-11f0-b814-005056bde474,false,false
Номенклатура — current,raw.r1c_nomenclature_current,fda5d703-e53a-11ee-9c4c-005056893620,00-00010298,Скрепа для ленты NВ 20  NILED 12200051 (уп 100шт),,20e031f3-0a37-11f0-b80e-005056bde474,false,false
Номенклатура — current,raw.r1c_nomenclature_current,7868fa90-666f-11ee-9c50-00505689ff45,00-00009625,Скрепа-бутель СУ-20 ИЭК,,20e031f3-0a37-11f0-b80e-005056bde474,false,false
Номенклатура — current,raw.r1c_nomenclature_current,03919243-938b-11ee-9c4a-005056893620,00-00009882,Скрепки 32мм никел. треугольные,,9088ee8b-75dc-11e7-af18-30f7727a492e,false,false
Номенклатура — current,raw.r1c_nomenclature_current,81fd791e-b0de-11f0-b81e-005056bde474,00-00012891,Скрепки 33мм оцинкованные ,,9088ee8b-75dc-11e7-af18-30f7727a492e,false,false
Номенклатура — current,raw.r1c_nomenclature_current,bea5303c-938a-11ee-9c4a-005056893620,00-00009881,Скрепки 50мм гофрированные,,9088ee8b-75dc-11e7-af18-30f7727a492e,false,false
Номенклатура — current,raw.r1c_nomenclature_current,abf7cc0d-39bf-11ea-9523-30f7727a492e,00-00002409,Скрепки Зебра полимер 28мм,,9088ee8b-75dc-11e7-af18-30f7727a492e,false,false
Номенклатура — current,raw.r1c_nomenclature_current,ae0c0baa-e7b1-11ea-3497-fa163ee5d2f9,БП-00002996,Скрепки оцинкованные 28мм,,9088ee8b-75dc-11e7-af18-30f7727a492e,false,false
Номенклатура — current,raw.r1c_nomenclature_current,321f292c-6683-11ee-9c50-00505689ff45,00-00009634,Скрепки оцинкованные 50 мм,,9088ee8b-75dc-11e7-af18-30f7727a492e,false,false
Номенклатура — current,raw.r1c_nomenclature_current,c2dd54dc-b0de-11f0-b81e-005056bde474,00-00012892,Скрепки оцинкованные 78мм,,9088ee8b-75dc-11e7-af18-30f7727a492e,false,false
Номенклатура — current,raw.r1c_nomenclature_current,6141f942-e7b1-11ea-3497-fa163ee5d2f9,БП-00002994,Скрепочница магнитная с металлическими скрепками,,9088ee8b-75dc-11e7-af18-30f7727a492e,false,false
Номенклатура — current,raw.r1c_nomenclature_current,1ba330cd-fe20-11ed-9c4e-00505689ff45,00-00008048,"Скутум, СК Протравливатель ",,668204c4-5324-11f0-b811-005056bde474,false,false
Номенклатура — current,raw.r1c_nomenclature_current,87bf999d-1212-11ec-9c3a-00505689ff45,АК-00004946,Слесарные работы,,52c3cca5-0968-11f0-b80e-005056bde474,false,false
Номенклатура — current,raw.r1c_nomenclature_current,3f63d41f-2757-11ec-a9dd-00505689f463,АК-00005408,Слесарный инструмент (удлинитель для коронки),,9b060c03-71d9-11e7-85a2-d43d7eec442d,false,false
Номенклатура — current,raw.r1c_nomenclature_current,914f7bd4-695a-11eb-159e-fa163e0d31f7,БП-00003686,Сливной клапан для поддона,,25037614-4216-11f1-b821-005056bde474,false,false
Номенклатура — current,raw.r1c_nomenclature_current,3a4f2aca-0bdc-11ed-9c43-00505689c8d9,00-00006813,Слотболт М10х25,,9b060c03-71d9-11e7-85a2-d43d7eec442d,false,false
Номенклатура — current,raw.r1c_nomenclature_current,bd41e167-0c27-11ee-9c4e-00505689ff45,00-00008129,"Смазка  Efele Blue EP2 туба картридж 0,37 кг",,06edb888-3d8e-11f1-b821-005056bde474,false,false
Номенклатура — current,raw.r1c_nomenclature_current,12efdf61-2551-11ed-9c43-cb6d75bb653b,00-00007067,Смазка  Grease LEP2 400гр,,06edb888-3d8e-11f1-b821-005056bde474,false,false
Номенклатура — current,raw.r1c_nomenclature_current,c0620577-2551-11ed-9c43-cb6d75bb653b,00-00007068,Смазка  Grease LEP3 картридж  400гр,,06edb888-3d8e-11f1-b821-005056bde474,false,false
Номенклатура — current,raw.r1c_nomenclature_current,25b47201-73f8-11ee-9c4a-005056893620,00-00009701,Смазка  pakelo multiplex ep grease 0.4 л,,06edb888-3d8e-11f1-b821-005056bde474,false,false
Номенклатура — current,raw.r1c_nomenclature_current,d82ac210-47a5-11f1-b821-005056bde474,00-00014180,Смазка 158 синяя (18кг),,06edb888-3d8e-11f1-b821-005056bde474,false,false
Номенклатура — current,raw.r1c_nomenclature_current,5901d423-7eda-11ee-9c4a-005056893620,00-00009762,"Смазка ARGO EN-3000 EP2 туба-картридж 0,37 кг",,06edb888-3d8e-11f1-b821-005056bde474,false,false
Номенклатура — current,raw.r1c_nomenclature_current,7a15e5f7-be88-11ee-9c4c-005056893620,00-00010091,Смазка ARGO elite blue EP2,,06edb888-3d8e-11f1-b821-005056bde474,false,false
Номенклатура — current,raw.r1c_nomenclature_current,a645095d-47a4-11f1-b821-005056bde474,00-00014178,"Смазка EP-2 молибденовая 0,37кг картридж",,06edb888-3d8e-11f1-b821-005056bde474,false,false
Номенклатура — current,raw.r1c_nomenclature_current,11b978e3-0019-11ec-9c3a-00505689ff45,АК-00003958,Смазка GNV Grease Blue Power,,06edb888-3d8e-11f1-b821-005056bde474,false,false
Номенклатура — current,raw.r1c_nomenclature_current,8580a5dc-9394-11f0-b818-005056bde474,00-00012723,Смазка LGMT 3/1 SKF,,e46ce0bf-7299-11f0-b814-005056bde474,false,false
Номенклатура — current,raw.r1c_nomenclature_current,5dfd9243-9298-11ed-9c4c-00505689ff45,00-00007567,Смазка RCLF Grease Р7180 LX ER2 400гр,,06edb888-3d8e-11f1-b821-005056bde474,false,false
Номенклатура — current,raw.r1c_nomenclature_current,26f5f7d7-0ac4-11ef-9c4f-005056893620,00-00010494,Смазка Sintec multi Grease EР 2-100 400гр,,06edb888-3d8e-11f1-b821-005056bde474,false,false
Номенклатура — current,raw.r1c_nomenclature_current,a5bd58b1-63e2-11f0-b811-005056bde474,00-00012548,Смазка Sintec multi Grease EР 2-150 ,,06edb888-3d8e-11f1-b821-005056bde474,false,false
Номенклатура — current,raw.r1c_nomenclature_current,f833fa62-0ac3-11ef-9c4f-005056893620,00-00010493,Смазка Sintec multi Grease EР 2-150 390гр,,06edb888-3d8e-11f1-b821-005056bde474,false,false
Номенклатура — current,raw.r1c_nomenclature_current,7ab10a94-5660-11eb-1f84-fa163e0d31f7,БП-00003597,Смазка WD40 ,,06edb888-3d8e-11f1-b821-005056bde474,false,false
Номенклатура — current,raw.r1c_nomenclature_current,a91ed5e8-810d-11e9-af6f-30f7727a492e,00-00001622,Смазка WEGO Grease EP2 Complex,,06edb888-3d8e-11f1-b821-005056bde474,false,false
Номенклатура — current,raw.r1c_nomenclature_current,cebb16b8-e9c4-11ed-9c4e-00505689ff45,00-00007883,Смазка ГРИЗ-ГАРД пластичная VC85723-004  труба 400гр.желтая ,,06edb888-3d8e-11f1-b821-005056bde474,false,false
Номенклатура — current,raw.r1c_nomenclature_current,67461f72-82d1-11ed-9c4c-00505689ff45,00-00007518,Смазка Литол,,06edb888-3d8e-11f1-b821-005056bde474,false,false
Номенклатура — current,raw.r1c_nomenclature_current,02326d4c-34b7-11f0-b80e-005056bde474,00-00012327,Смазка ШРУС-4 850гр,,20296b06-0a38-11f0-b80e-005056bde474,false,false
Номенклатура — current,raw.r1c_nomenclature_current,c37a7623-bd05-11f1-b824-005056bde474,00-00014796,"Смазка ШРУС-4 FELIX, туба, 300 гр",,06edb888-3d8e-11f1-b821-005056bde474,false,false
Номенклатура — current,raw.r1c_nomenclature_current,cd095abd-3afb-11ef-9c59-00505689ff45,00-00010684,Смазка аэрозоль 100мл ,,9088eead-75dc-11e7-af18-30f7727a492e,false,false
Номенклатура — current,raw.r1c_nomenclature_current,e0505dfa-ef20-11f0-b81e-005056bde474,00-00013341,"Смазка белая грязеотталкивающая с PTFE, аэрозоль со смарт-распылителем 520 мл SN4525",,6a004004-7296-11f0-b814-005056bde474,false,false
Номенклатура — current,raw.r1c_nomenclature_current,0f055416-3767-11ee-9c4e-00505689ff45,00-00008435,Смазка водостойкая RUBIN 2л МС-1520,,06edb888-3d8e-11f1-b821-005056bde474,false,false
Номенклатура — current,raw.r1c_nomenclature_current,ab41b05d-f68f-11f0-b81e-005056bde474,00-00013461,"Смазка водостойкая, защищающая цепные механизмы от коррозии, 250мл спрей",,6a004004-7296-11f0-b814-005056bde474,false,false
Номенклатура — current,raw.r1c_nomenclature_current,ca2f065a-ab9f-11ed-9c4d-00505689ff45,00-00007634,"Смазка высокотемпературная 0,39л",,06edb888-3d8e-11f1-b821-005056bde474,false,false
Номенклатура — current,raw.r1c_nomenclature_current,7979baf0-80c9-11ef-9c5d-00505689ff45,00-00011194,Смазка высокотемпературная 2000гр. МС-1000,,06edb888-3d8e-11f1-b821-005056bde474,false,false
Номенклатура — current,raw.r1c_nomenclature_current,0bf218b0-68de-11ee-9c50-00505689ff45,00-00009670,Смазка высокотемпературная nano grease blue multipurpose ht grease xhp 222 4,,06edb888-3d8e-11f1-b821-005056bde474,false,false
Номенклатура — current,raw.r1c_nomenclature_current,ab1d5049-a491-11ee-9c4c-005056893620,00-00010018,Смазка высокотемпературная МС-1510 400гр,,9b060c03-71d9-11e7-85a2-d43d7eec442d,false,false
Номенклатура — current,raw.r1c_nomenclature_current,84e58247-876d-11ee-9c4a-005056893620,00-00009816,Смазка графитная синтетическая 850гр,,06edb888-3d8e-11f1-b821-005056bde474,false,false
Номенклатура — current,raw.r1c_nomenclature_current,9b060c9f-71d9-11e7-85a2-d43d7eec442d,00000006   ,Смазка графитовая,,06edb888-3d8e-11f1-b821-005056bde474,false,false
Номенклатура — current,raw.r1c_nomenclature_current,f6ccdc9b-2c3f-11f1-b81f-005056bde474,00-00013906,Смазка графитовая/аэрозоль 335мл,,6a004004-7296-11f0-b814-005056bde474,false,false
Номенклатура — current,raw.r1c_nomenclature_current,26654e6f-a49c-11ee-9c4c-005056893620,00-00010038,Смазка для направляющих пальцев суппорта,,06edb888-3d8e-11f1-b821-005056bde474,false,false
Номенклатура — current,raw.r1c_nomenclature_current,2894bd12-ff55-11ef-b80e-005056bde474,00-00011746,Смазка для роликовых цепей и лебедок 450мл,,06edb888-3d8e-11f1-b821-005056bde474,false,false
Номенклатура — current,raw.r1c_nomenclature_current,76c7e010-8815-11e9-af70-30f7727a492e,00-00001668,Смазка для центральной системы GR MU EP OO,,06edb888-3d8e-11f1-b821-005056bde474,false,false
Номенклатура — current,raw.r1c_nomenclature_current,6dacd7d2-ef22-11f0-b81e-005056bde474,00-00013346,Смазка для цепей (PTFE) (аэрозоль) 520 мл,,6a004004-7296-11f0-b814-005056bde474,false,false
Номенклатура — current,raw.r1c_nomenclature_current,e1900790-51ab-11e8-af3a-30f7727a492e,00-00000834,Смазка для цепей вилочного погрузчика,,06edb888-3d8e-11f1-b821-005056bde474,false,false
Номенклатура — current,raw.r1c_nomenclature_current,8510c5a9-d12e-11e9-af7a-30f7727a492e,00-00001959,Смазка для цепей и открытых передач (аэрозоль) AIMOL Gear Grease 500мл,,06edb888-3d8e-11f1-b821-005056bde474,false,false
Номенклатура — current,raw.r1c_nomenclature_current,2240197a-a20c-11ed-9c4c-00505689ff45,00-00007595,Смазка для шины,,06edb888-3d8e-11f1-b821-005056bde474,false,false
Номенклатура — current,raw.r1c_nomenclature_current,0525f829-d210-11f0-b81e-005056bde474,00-00013062,Смазка для электроконтактов 400мл,,45c9e202-0a37-11f0-b80e-005056bde474,false,false
Номенклатура — current,raw.r1c_nomenclature_current,91476b90-2990-11f0-b80e-005056bde474,00-00012049,Смазка картридж 400гр,,20296b06-0a38-11f0-b80e-005056bde474,false,false
Номенклатура — current,raw.r1c_nomenclature_current,8ee00be9-47a5-11f1-b821-005056bde474,00-00014179,Смазка консистентная Grease EP2  Blue 390гр,,06edb888-3d8e-11f1-b821-005056bde474,false,false
Номенклатура — current,raw.r1c_nomenclature_current,c477bb86-a7d4-11ef-9c5e-00505689ff45,00-00011378,Смазка консистентная blue 400гр.,,06edb888-3d8e-11f1-b821-005056bde474,false,false
Номенклатура — current,raw.r1c_nomenclature_current,e1900791-51ab-11e8-af3a-30f7727a492e,00-00000835,Смазка консистентная синяя,,06edb888-3d8e-11f1-b821-005056bde474,false,false
Номенклатура — current,raw.r1c_nomenclature_current,5360fa7c-e227-11ef-b80c-005056bde474,00-00011624,Смазка литиевая ,,06edb888-3d8e-11f1-b821-005056bde474,false,false
Номенклатура — current,raw.r1c_nomenclature_current,8f2c7212-bfae-11eb-c69d-fa163e0d31f7,БП-00004053,Смазка литиевая  SHELL с молибденом Gadus,,06edb888-3d8e-11f1-b821-005056bde474,false,false
Номенклатура — current,raw.r1c_nomenclature_current,1b85769e-bf02-11eb-1998-fa163e0d31f7,БП-00004037,Смазка литиевая Газпромнефть LX EP 2 (картридж),,06edb888-3d8e-11f1-b821-005056bde474,false,false
Номенклатура — current,raw.r1c_nomenclature_current,3d41f78b-f890-11ec-9c42-89a3dcc9992a,00-00006752,"Смазка литиевая консистентная для ЗНУ и др.узлов (туба 0,4 кг)",,06edb888-3d8e-11f1-b821-005056bde474,false,false
Номенклатура — current,raw.r1c_nomenclature_current,f7798ec8-a493-11ee-9c4c-005056893620,00-00010022,"Смазка медная 1,4 мл.АС-4571",,06edb888-3d8e-11f1-b821-005056bde474,false,false
Номенклатура — current,raw.r1c_nomenclature_current,3743c176-33e1-11eb-0e8a-fa163e0d31f7,БП-00003285,Смазка медная 400 мл.ЭЛТРАНС EL-0510.04,,06edb888-3d8e-11f1-b821-005056bde474,false,false
Номенклатура — current,raw.r1c_nomenclature_current,53626b39-903e-11ef-9c5e-00505689ff45,00-00011296,Смазка медная 400мл аэрозоль,,06edb888-3d8e-11f1-b821-005056bde474,false,false
Номенклатура — current,raw.r1c_nomenclature_current,c57fa587-903e-11ef-9c5e-00505689ff45,00-00011297,Смазка медная 520мл,,06edb888-3d8e-11f1-b821-005056bde474,false,false
Номенклатура — current,raw.r1c_nomenclature_current,021b3256-0ac5-11ef-9c4f-005056893620,00-00010496,Смазка медная Sintec DR Active Copper GREASE 400 мл,,06edb888-3d8e-11f1-b821-005056bde474,false,false
Номенклатура — current,raw.r1c_nomenclature_current,42d83fbf-63d3-11f0-b811-005056bde474,00-00012536,Смазка медная/аэрозоль 210мл,,6a004004-7296-11f0-b814-005056bde474,false,false
Номенклатура — current,raw.r1c_nomenclature_current,dfbfe83e-68de-11ee-9c50-00505689ff45,00-00009672,Смазка многофункциональная МС1000 200г туба 1104,,06edb888-3d8e-11f1-b821-005056bde474,false,false
Номенклатура — current,raw.r1c_nomenclature_current,06e5889c-1024-11ee-9c4e-00505689ff45,00-00008209,Смазка многоцелевая ,,06edb888-3d8e-11f1-b821-005056bde474,false,false
Номенклатура — current,raw.r1c_nomenclature_current,46757292-4bd0-11ed-9c43-cb6d75bb653b,00-00007269,Смазка многоцелевая LV-40,,6a004004-7296-11f0-b814-005056bde474,false,false
Номенклатура — current,raw.r1c_nomenclature_current,1a993559-114d-11f1-b81f-005056bde474,00-00013794,"Смазка многоцелевая LV-40, 1 000 мл Ln2453",,6a004004-7296-11f0-b814-005056bde474,false,false
Номенклатура — current,raw.r1c_nomenclature_current,ff8297af-dc84-11ef-b80c-005056bde474,00-00011574,Смазка многоцелевая RC-40 400 мл ,,f0e4c260-a130-11e8-af4c-30f7727a492e,false,false
Номенклатура — current,raw.r1c_nomenclature_current,e2cc12ea-4bd0-11ed-9c43-cb6d75bb653b,00-00007270,Смазка многоцелевая nano grease multipurpose ht высокотемперат.синяя xhp 222 ,,06edb888-3d8e-11f1-b821-005056bde474,false,false
Номенклатура — current,raw.r1c_nomenclature_current,d09d485c-bfa9-11eb-c69d-fa163e0d31f7,БП-00004046,Смазка многоцелевая Валера ,,06edb888-3d8e-11f1-b821-005056bde474,false,false
Номенклатура — current,raw.r1c_nomenclature_current,a2f5a975-0ac4-11ef-9c4f-005056893620,00-00010495,Смазка многоцелевая проникающая  Sintec DR Active DR 40 520мл,,06edb888-3d8e-11f1-b821-005056bde474,false,false
Номенклатура — current,raw.r1c_nomenclature_current,c94cd278-c5da-11ee-9c4c-005056893620,00-00010132,Смазка многоцелевая проникающая RM-40 450 мл,,9b060c02-71d9-11e7-85a2-d43d7eec442d,false,false
Номенклатура — current,raw.r1c_nomenclature_current,753c4bdf-a7d4-11ef-9c5e-00505689ff45,00-00011377,Смазка молибденовая 520мл,,06edb888-3d8e-11f1-b821-005056bde474,false,false
Номенклатура — current,raw.r1c_nomenclature_current,2b4f4fdd-e996-11e9-af7d-30f7727a492e,00-00002072,Смазка мс 1600,,06edb888-3d8e-11f1-b821-005056bde474,false,false
Номенклатура — current,raw.r1c_nomenclature_current,3fc3f7a0-4bd4-11ed-9c43-cb6d75bb653b,00-00007277,Смазка петель синтетическая адрезионная,,06edb888-3d8e-11f1-b821-005056bde474,false,false
Номенклатура — current,raw.r1c_nomenclature_current,6a4a8170-3b49-11ee-9c4e-00505689ff45,00-00008476,Смазка пластичная GRESON LIT EP 2.0 9 кг,,06edb888-3d8e-11f1-b821-005056bde474,false,false
Номенклатура — current,raw.r1c_nomenclature_current,e9a17fba-17f1-11ed-9c43-cb6d75bb653b,00-00006918,Смазка пластичная ГРИЗ ГАРД туба 400гр,,06edb888-3d8e-11f1-b821-005056bde474,false,false
Номенклатура — current,raw.r1c_nomenclature_current,0efaa8a3-a74f-11ef-9c5e-00505689ff45,00-00011376,Смазка проникающая DG-40 335мл,,06edb888-3d8e-11f1-b821-005056bde474,false,false
Номенклатура — current,raw.r1c_nomenclature_current,250eb9e4-81d4-11e9-af6f-30f7727a492e,00-00001644,Смазка проникающая HG40 аэрозоль,,06edb888-3d8e-11f1-b821-005056bde474,false,false
Номенклатура — current,raw.r1c_nomenclature_current,b53701c7-82d4-11ed-9c4c-00505689ff45,00-00007525,Смазка силиконовая,,06edb888-3d8e-11f1-b821-005056bde474,false,false
Номенклатура — current,raw.r1c_nomenclature_current,e2933539-cfaa-11f0-b81e-005056bde474,00-00013013,Смазка силиконовая Si-M 400мл,,45c9e202-0a37-11f0-b80e-005056bde474,false,false
Номенклатура — current,raw.r1c_nomenclature_current,eec7f254-f85c-11f0-b81e-005056bde474,00-00013625,Смазка силиконовая для резиновых уплотнений REZIN,,e46ce0bf-7299-11f0-b814-005056bde474,false,false
Номенклатура — current,raw.r1c_nomenclature_current,0c6702ec-82d1-11ed-9c4c-00505689ff45,00-00007517,Смазка синяя ВПМ,,06edb888-3d8e-11f1-b821-005056bde474,false,false
Номенклатура — current,raw.r1c_nomenclature_current,bd14fe82-33e1-11eb-0e8a-fa163e0d31f7,БП-00003286,Смазка универсальная  400 мл.WD-40.WD-40.04,,06edb888-3d8e-11f1-b821-005056bde474,false,false
Номенклатура — current,raw.r1c_nomenclature_current,6d694c2a-63e3-11ec-9c40-00505689c8d9,АК-00005836,Смазка универсальная  WD-40 100 мл. аэрозоль,,06edb888-3d8e-11f1-b821-005056bde474,false,false
Номенклатура — current,raw.r1c_nomenclature_current,d4351f30-a075-11ec-9c42-00505689c8d9,00-00006305,Смазка универсальная  WD-40 400 мл. ,,06edb888-3d8e-11f1-b821-005056bde474,false,false
Номенклатура — current,raw.r1c_nomenclature_current,e34776b5-fb53-11ef-b80e-005056bde474,00-00011738,Смазка универсальная силиконовая,,06edb888-3d8e-11f1-b821-005056bde474,false,false
Номенклатура — current,raw.r1c_nomenclature_current,a6785204-59a0-11f1-b821-005056bde474,00-00014433,"Смазка цепи спортивная, 400 мл ",,6a004004-7296-11f0-b814-005056bde474,false,false
Номенклатура — current,raw.r1c_nomenclature_current,8dd7f473-0bde-11ed-9c43-00505689c8d9,00-00006815,Смазка цепная,,06edb888-3d8e-11f1-b821-005056bde474,false,false
Номенклатура — current,raw.r1c_nomenclature_current,06edb888-3d8e-11f1-b821-005056bde474,00-00014089,Смазки,,9088ee9f-75dc-11e7-af18-30f7727a492e,true,false
Номенклатура — current,raw.r1c_nomenclature_current,384bd46f-6b12-11ed-9c4d-00505689c8d9,00-00007404,Смартфон Samsung S22 256GB черный фантом ПИ,,e6b715af-0a38-11f0-b80e-005056bde474,false,false
Номенклатура — current,raw.r1c_nomenclature_current,8afde2b1-8346-11f0-b814-005056bde474,00-00012699,Смартфон realme C71 8/128GB зеленый,,00000000-0000-0000-0000-000000000000,false,false
Номенклатура — current,raw.r1c_nomenclature_current,f7ffc344-6e21-11f1-b822-005056bde474,00-00014531,Сменные нагреватели для сварочных аппаратов D 32 10032,,2bd105c1-3d8b-11f1-b821-005056bde474,false,false
Номенклатура — current,raw.r1c_nomenclature_current,1ee2aefd-6e22-11f1-b822-005056bde474,00-00014532,Сменные нагреватели для сварочных аппаратов D 40 10033,,2bd105c1-3d8b-11f1-b821-005056bde474,false,false
Номенклатура — current,raw.r1c_nomenclature_current,bb7a23fc-9418-11ee-9c4a-005056893620,00-00009888,Сменный блок классика,,f0e4c260-a130-11e8-af4c-30f7727a492e,false,false
Номенклатура — current,raw.r1c_nomenclature_current,ce68cd22-88f7-11e9-a45c-94de80168a80,00-00001688,Смеситель,,f0e4c260-a130-11e8-af4c-30f7727a492e,false,false
Номенклатура — current,raw.r1c_nomenclature_current,1df3844a-d828-11eb-d199-fa163e0d31f7,БП-00004361,Смеситель для ванны,,9088eead-75dc-11e7-af18-30f7727a492e,false,false
Номенклатура — current,raw.r1c_nomenclature_current,b7a119ed-923b-11ec-9c42-00505689c8d9,00-00006215,Смеситель для душа,,f0e4c260-a130-11e8-af4c-30f7727a492e,false,false
Номенклатура — current,raw.r1c_nomenclature_current,8533ea1a-33ef-11eb-0e8a-fa163e0d31f7,БП-00003316,Смеситель для кухни,,9be0daf4-2e34-11eb-288c-fa163e0d31f7,false,false
Номенклатура — current,raw.r1c_nomenclature_current,21b8fb8d-9239-11ec-9c42-00505689c8d9,00-00006206,Смеситель для раковины,,f0e4c260-a130-11e8-af4c-30f7727a492e,false,false
Номенклатура — current,raw.r1c_nomenclature_current,9410f032-33ef-11eb-0e8a-fa163e0d31f7,БП-00003317,Смеситель для умывальника,,9be0daf4-2e34-11eb-288c-fa163e0d31f7,false,false
Номенклатура — current,raw.r1c_nomenclature_current,94fee113-923d-11ec-9c42-00505689c8d9,00-00006218,Смеситель моно,,f0e4c260-a130-11e8-af4c-30f7727a492e,false,false
Номенклатура — current,raw.r1c_nomenclature_current,7d0e8bea-aa2b-11ea-bf8d-fa163ee5d2f9,БП-00002747,Смеситель одноручный для душа Phoenix 0402.613 JGNO620 ,,f0e4c260-a130-11e8-af4c-30f7727a492e,false,false
Номенклатура — current,raw.r1c_nomenclature_current,b783af10-aa28-11ea-bf8d-fa163ee5d2f9,БП-00002744,Смеситель одноручный для мойки Phoenix 0402.610 JGNO420 излив 25 см,,f0e4c260-a130-11e8-af4c-30f7727a492e,false,false
Номенклатура — current,raw.r1c_nomenclature_current,78984fa4-89ee-11ee-9c4a-005056893620,00-00009874,Смесь кормовая,,f0e4c260-a130-11e8-af4c-30f7727a492e,false,false
Номенклатура — current,raw.r1c_nomenclature_current,10a5b2f3-76c7-11e7-af18-30f7727a492e,00-00000108,Смесь литой бетон М300,,9088eead-75dc-11e7-af18-30f7727a492e,false,false
Номенклатура — current,raw.r1c_nomenclature_current,1b46562b-5a3a-11ef-9c59-00505689ff45,00-00010868,Снегозадержатель трубчатый 3м,,9088eead-75dc-11e7-af18-30f7727a492e,false,false
Номенклатура — current,raw.r1c_nomenclature_current,d8be81fc-f524-11eb-9c3a-00505689ff45,АК-00003707,Снейк Инсектицид,,f9d67774-531d-11f0-b811-005056bde474,false,false
Номенклатура — current,raw.r1c_nomenclature_current,c6a2fa5c-a025-11eb-c683-fa163e0d31f7,БП-00003888,Совок для мусора,,f0e4c260-a130-11e8-af4c-30f7727a492e,false,false
Номенклатура — current,raw.r1c_nomenclature_current,59b8a99b-5908-11ec-9c40-00505689c8d9,АК-00005779,Сода кальцинированная 600 гр РК,,f0e4c260-a130-11e8-af4c-30f7727a492e,false,false
Номенклатура — current,raw.r1c_nomenclature_current,be0d77fc-bc0a-11e9-af77-30f7727a492e,00-00001814,Сода пищевая 500г,,9088eeaa-75dc-11e7-af18-30f7727a492e,false,false
Номенклатура — current,raw.r1c_nomenclature_current,6a62ce12-f048-11ef-b80e-005056bde474,00-00011648,Содержание производственных помещений,,3e420178-094c-11f0-b80e-005056bde474,false,false
Номенклатура — current,raw.r1c_nomenclature_current,b521c367-87d5-11ee-9c4a-005056893620,00-00009857,"Соед. клем 2х2,5 с контакт. пастой",,9adc9f2a-3d8a-11f1-b821-005056bde474,false,false
Номенклатура — current,raw.r1c_nomenclature_current,6b1c333f-87d5-11ee-9c4a-005056893620,00-00009856,"Соед. клем 3х2,5 с контакт. пастой",,9adc9f2a-3d8a-11f1-b821-005056bde474,false,false
Номенклатура — current,raw.r1c_nomenclature_current,f917df68-6f7a-11ef-9c5c-00505689ff45,00-00011029,Соед. пруток,,9b060c03-71d9-11e7-85a2-d43d7eec442d,false,false
Номенклатура — current,raw.r1c_nomenclature_current,47ef6b77-6b2f-11ed-9c4d-00505689c8d9,00-00007425,Соед.элемент ткб 32-М6-22,,9b060c03-71d9-11e7-85a2-d43d7eec442d,false,false
Номенклатура — current,raw.r1c_nomenclature_current,2da6b77a-7616-11ed-9c4d-00505689c8d9,00-00007466,Соединение М18х1.5,,9088eead-75dc-11e7-af18-30f7727a492e,false,false
Номенклатура — current,raw.r1c_nomenclature_current,051dfc2a-9160-11ec-9c42-00505689c8d9,00-00006170,Соединение желоба с уплотнителем,,9b060c02-71d9-11e7-85a2-d43d7eec442d,false,false
Номенклатура — current,raw.r1c_nomenclature_current,a0a732ec-ea70-11eb-da8a-fa163e0d31f7,БП-00004574,Соединитель  GRINDA 3/4 8-426326,,f0e4c260-a130-11e8-af4c-30f7727a492e,false,false
Номенклатура — current,raw.r1c_nomenclature_current,2ba0e4fa-a021-11eb-c683-fa163e0d31f7,БП-00003877,Соединитель  для кап.линии,,9088eead-75dc-11e7-af18-30f7727a492e,false,false
Номенклатура — current,raw.r1c_nomenclature_current,8225335b-1d78-11ea-9522-30f7727a492e,00-00002265,Соединитель 1/2,,f0e4c260-a130-11e8-af4c-30f7727a492e,false,false
Номенклатура — current,raw.r1c_nomenclature_current,866646a2-3377-11ea-9522-30f7727a492e,00-00002350,Соединитель 3/4,,f0e4c260-a130-11e8-af4c-30f7727a492e,false,false
Номенклатура — current,raw.r1c_nomenclature_current,c6fa4ee5-3afe-11ef-9c59-00505689ff45,00-00010689,Соединитель 3/4 с аквастопом,,9088eead-75dc-11e7-af18-30f7727a492e,false,false
Номенклатура — current,raw.r1c_nomenclature_current,330c43ea-566d-11eb-1f84-fa163e0d31f7,БП-00003605,Соединитель болт. СБ-2 70-120мм,,9b060c03-71d9-11e7-85a2-d43d7eec442d,false,false
Номенклатура — current,raw.r1c_nomenclature_current,bc007d19-e02f-11f0-b81e-005056bde474,00-00013231,"Соединитель быстросъемный 1/2""",,6dd20a6a-51c7-11f0-b811-005056bde474,false,false
Номенклатура — current,raw.r1c_nomenclature_current,94a44b38-923a-11ec-9c42-00505689c8d9,00-00006210,Соединитель для шланга 20мм,,f0e4c260-a130-11e8-af4c-30f7727a492e,false,false
Номенклатура — current,raw.r1c_nomenclature_current,441eb1f8-3072-11ed-9c43-cb6d75bb653b,00-00007134,Соединитель желоба белый 12459,,9b060c02-71d9-11e7-85a2-d43d7eec442d,false,false
Номенклатура — current,raw.r1c_nomenclature_current,d80b928f-e034-11f0-b81e-005056bde474,00-00013252,Соединитель к бесконтактному выключателю CS S255R-3,,193544c0-7290-11f0-b814-005056bde474,false,false
Номенклатура — current,raw.r1c_nomenclature_current,4021c40b-3aff-11ef-9c59-00505689ff45,00-00010691,Соединитель лат 20*20,,9088eead-75dc-11e7-af18-30f7727a492e,false,false
Номенклатура — current,raw.r1c_nomenclature_current,83e1c1b7-5a19-11ef-9c59-00505689ff45,00-00010849,Соединитель лат 25*20,,f0e4c260-a130-11e8-af4c-30f7727a492e,false,false
Номенклатура — current,raw.r1c_nomenclature_current,0b08feef-d0c5-11ee-9c4c-005056893620,00-00010208,Соединитель лат 25*25,,9088eead-75dc-11e7-af18-30f7727a492e,false,false
Номенклатура — current,raw.r1c_nomenclature_current,e6e63762-6b2c-11ed-9c4d-00505689c8d9,00-00007414,Соединитель ремня шаг40/шап32 (015.41493,,9b060c03-71d9-11e7-85a2-d43d7eec442d,false,false
Номенклатура — current,raw.r1c_nomenclature_current,8071574e-9aed-11e8-af49-30f7727a492e,00-00001027,Соединитель транспортера КПК 0103609,,9b060c03-71d9-11e7-85a2-d43d7eec442d,false,false
Номенклатура — current,raw.r1c_nomenclature_current,03f5f803-647b-11ef-9c5c-00505689ff45,00-00010941,Соединительная гильза изолированная ( СГИ L-26мм) 08-0721,,9b060c03-71d9-11e7-85a2-d43d7eec442d,false,false
Номенклатура — current,raw.r1c_nomenclature_current,abd1f2b1-b70e-11f0-b81e-005056bde474,00-00012956,Соединительная клемма с рычажком 222-413 3-х проводная 0.08-2.5 мм. 400В. 32А без пасты 20 шт.,,89da002d-7290-11f0-b814-005056bde474,false,false
Номенклатура — current,raw.r1c_nomenclature_current,5d126e14-09b2-11ee-9c4e-00505689ff45,00-00008126,"Сойлент, ВР",,21f489cd-531d-11f0-b811-005056bde474,false,false
Номенклатура — current,raw.r1c_nomenclature_current,88bd4006-439d-11eb-b594-fa163e0d31f7,БП-00003462,Солемер TDS-E3,,e6b715af-0a38-11f0-b80e-005056bde474,false,false
Номенклатура — current,raw.r1c_nomenclature_current,d8be81fd-f524-11eb-9c3a-00505689ff45,АК-00003708,Солигор Инсектицид,,2eaeac4d-5322-11f0-b811-005056bde474,false,false
Номенклатура — current,raw.r1c_nomenclature_current,ba916b8a-31b6-11e8-af34-30f7727a492e,00-00000754,Солидол ,,8d152ac4-3d8d-11f1-b821-005056bde474,false,false
Номенклатура — current,raw.r1c_nomenclature_current,7f0e523c-7554-11ed-9c4d-00505689c8d9,00-00007458,Соль 25кг,,9088eeaa-75dc-11e7-af18-30f7727a492e,false,false
Номенклатура — current,raw.r1c_nomenclature_current,6cebe410-ede2-11ea-ac8d-fa163ee5d2f9,БП-00003024,Соль крупная,,9088eeaa-75dc-11e7-af18-30f7727a492e,false,false
Номенклатура — current,raw.r1c_nomenclature_current,fb97db69-429e-11f0-b80f-005056bde474,00-00012445,Сопло газораспределительное d12 ,,020f2682-7363-11f0-b814-005056bde474,false,false
Номенклатура — current,raw.r1c_nomenclature_current,6bdc46d1-429a-11f0-b80f-005056bde474,00-00012436,"Сопло для горелки коническое 25-AK, медь E-Cu (5 шт, 15 мм)",,020f2682-7363-11f0-b814-005056bde474,false,false
Номенклатура — current,raw.r1c_nomenclature_current,323ef7d5-6157-11eb-9c2d-0050560417d5,00-00002810,Сопутствующие культуры,,8f9c0826-6156-11eb-9c2d-0050560417d5,true,false
Номенклатура — current,raw.r1c_nomenclature_current,e0bfb017-acf6-11f1-b824-005056bde474,00-00014765,Сор с полей,,ee206f1b-243d-11f0-b80e-005056bde474,false,false
Номенклатура — current,raw.r1c_nomenclature_current,c1103010-4221-11ec-9c41-00505689db63,АК-00005563,"Сортировка ленточная SO-120(лента 45+удлинение транспортера на 1 метр,реверс,пневмоамортизатор)",,279c2c04-2e46-11eb-288c-fa163e0d31f7,false,false
Номенклатура — current,raw.r1c_nomenclature_current,843ba3d4-e726-11ec-9c42-00505689c8d9,00-00006677,Сошниковый диск 4/500,,9b060c03-71d9-11e7-85a2-d43d7eec442d,false,false
Номенклатура — current,raw.r1c_nomenclature_current,0b9ce000-6f8e-11ec-9c40-00505689c8d9,АК-00005925,Спальные принадлежности,,bdb4a42b-094b-11f0-b80e-005056bde474,true,false
Номенклатура — current,raw.r1c_nomenclature_current,3c81ceda-f6d5-11f0-b81e-005056bde474,00-00013499,"Спец Рукав пож. напорный 20 м.п. с головкой ГР-50, 1.0 МПа для ПК Диам. 50 мм ОГН-РУК1",,6dd20a6a-51c7-11f0-b811-005056bde474,false,false
Номенклатура — current,raw.r1c_nomenclature_current,0fb0bc1f-774a-11ef-9c5d-00505689ff45,00-00011107,Спецкрепеж,,9088eead-75dc-11e7-af18-30f7727a492e,false,false
Номенклатура — current,raw.r1c_nomenclature_current,9088eea8-75dc-11e7-af18-30f7727a492e,00-00000062,Спецодежда,,bdb4a42b-094b-11f0-b80e-005056bde474,true,false
Номенклатура — current,raw.r1c_nomenclature_current,76c7e011-8815-11e9-af70-30f7727a492e,00-00001669,"Спидометр ЗИЛ-130,131 СП201",,9b060c03-71d9-11e7-85a2-d43d7eec442d,false,false
Номенклатура — current,raw.r1c_nomenclature_current,e6100b51-92f6-11ec-9c42-00505689c8d9,00-00006246,Спикерфон Yealink CP700 wth dorgle Teams,,e6b715af-0a38-11f0-b80e-005056bde474,false,false
Номенклатура — current,raw.r1c_nomenclature_current,53ead90e-3fac-11f0-b80e-005056bde474,00-00012419,Спикерфон Yealink CP900 with dongle UC,,9b060c1e-71d9-11e7-85a2-d43d7eec442d,false,false
Номенклатура — current,raw.r1c_nomenclature_current,d8be81fe-f524-11eb-9c3a-00505689ff45,АК-00003709,Спинтор 240 Инсектицид,,f9d67774-531d-11f0-b811-005056bde474,false,false
Номенклатура — current,raw.r1c_nomenclature_current,8b8055c3-e417-11e9-af7c-30f7727a492e,00-00002030,Спир.PU-валец (полиурет)2000,,9b060c03-71d9-11e7-85a2-d43d7eec442d,false,false
Номенклатура — current,raw.r1c_nomenclature_current,527f0c50-53f7-11ef-9c59-00505689ff45,00-00010763,Спиральный отсеиватель 800 мм,,9b060c03-71d9-11e7-85a2-d43d7eec442d,false,false
Номенклатура — current,raw.r1c_nomenclature_current,96a8eb6c-e665-11ed-9c4e-00505689ff45,00-00007829,Спиральный отсеиватель 920 мм,,9b060c03-71d9-11e7-85a2-d43d7eec442d,false,false
Номенклатура — current,raw.r1c_nomenclature_current,dec771c9-f524-11eb-9c3a-00505689ff45,АК-00003710,Спирит Инсектицид,,2eaeac4d-5322-11f0-b811-005056bde474,false,false
Номенклатура — current,raw.r1c_nomenclature_current,d7633134-332b-11f1-b81f-005056bde474,00-00014022,"Спирт изопропиловый 0,5л",,bf64ba06-729b-11f0-b814-005056bde474,false,false
Номенклатура — current,raw.r1c_nomenclature_current,e5d695f1-6f9d-11ec-9c40-00505689c8d9,АК-00005945,Спички туристические,,f0e4c260-a130-11e8-af4c-30f7727a492e,false,false
Номенклатура — current,raw.r1c_nomenclature_current,dec771ca-f524-11eb-9c3a-00505689ff45,АК-00003711,Споробактерин Инсектицид,,2eaeac4d-5322-11f0-b811-005056bde474,false,false
Номенклатура — current,raw.r1c_nomenclature_current,434125ea-eddc-11ea-ac8d-fa163ee5d2f9,БП-00003021,Спрей блох и клещей 250мм ,,f0e4c260-a130-11e8-af4c-30f7727a492e,false,false
Номенклатура — current,raw.r1c_nomenclature_current,9088ee92-75dc-11e7-af18-30f7727a492e,00-00000044,Спрей для чистки маркерных досок,,9088ee8b-75dc-11e7-af18-30f7727a492e,false,false
Номенклатура — current,raw.r1c_nomenclature_current,061ca6ac-6b30-11ed-9c4d-00505689c8d9,00-00007428,"Средний ремень 302DN 60/39,8",,9b060c03-71d9-11e7-85a2-d43d7eec442d,false,false
Номенклатура — current,raw.r1c_nomenclature_current,5c807ecb-de48-11ef-b80c-005056bde474,00-00011614,Средство ПЭТ кослотное спец.средство для кафеля,,f0e4c260-a130-11e8-af4c-30f7727a492e,false,false
Номенклатура — current,raw.r1c_nomenclature_current,a63dd709-de37-11ef-b80c-005056bde474,00-00011612,Средство Триосепт-Окси СпецСинтез,,f0e4c260-a130-11e8-af4c-30f7727a492e,false,false
Номенклатура — current,raw.r1c_nomenclature_current,1ab29812-4647-11ee-9c4e-00505689ff45,00-00009405,"Средство дезинфицирующее ""ИНВАДЕЗ"" ",,f0e4c260-a130-11e8-af4c-30f7727a492e,false,false
Номенклатура — current,raw.r1c_nomenclature_current,9ccd051e-bfc5-11eb-c69d-fa163e0d31f7,БП-00004059,Средство для ванны Mr.Muskle,,f0e4c260-a130-11e8-af4c-30f7727a492e,false,false
Номенклатура — current,raw.r1c_nomenclature_current,23c12191-de36-11ef-b80c-005056bde474,00-00011610,Средство для дезинфекции при низких температурах,,f0e4c260-a130-11e8-af4c-30f7727a492e,false,false
Номенклатура — current,raw.r1c_nomenclature_current,1f34f0fa-e7ab-11ea-3497-fa163ee5d2f9,БП-00002972,Средство для мытья пола ,,f0e4c260-a130-11e8-af4c-30f7727a492e,false,false
Номенклатура — current,raw.r1c_nomenclature_current,15122735-f70b-11f0-b81e-005056bde474,00-00013562,Средство для мытья полов 1л,,f0e4c260-a130-11e8-af4c-30f7727a492e,false,false
Номенклатура — current,raw.r1c_nomenclature_current,a05c0374-a026-11eb-c683-fa163e0d31f7,БП-00003890,Средство для мытья посуды,,f0e4c260-a130-11e8-af4c-30f7727a492e,false,false
Номенклатура — current,raw.r1c_nomenclature_current,55d1effd-b10e-11f1-b824-005056bde474,00-00014771,"Средство для мытья посуды, 5л",,f0e4c260-a130-11e8-af4c-30f7727a492e,false,false
Номенклатура — current,raw.r1c_nomenclature_current,147f20c8-49c0-11eb-a99a-fa163e0d31f7,БП-00003545,"Средство для мытья рабочих поверхностей ""MDF-43"" 1л",,f0e4c260-a130-11e8-af4c-30f7727a492e,false,false
Номенклатура — current,raw.r1c_nomenclature_current,74fae95c-32ba-11f1-b81f-005056bde474,00-00013994,"Средство для мытья стекол 0,6л",,f0e4c260-a130-11e8-af4c-30f7727a492e,false,false
Номенклатура — current,raw.r1c_nomenclature_current,8d306470-32ba-11f1-b81f-005056bde474,00-00013995,"Средство для очистки различных поверхностей 0,6л",,f0e4c260-a130-11e8-af4c-30f7727a492e,false,false
Номенклатура — current,raw.r1c_nomenclature_current,55b0e0df-89b6-11ec-9c42-00505689c8d9,00-00006115,Средство для плит 5 литров,,f0e4c260-a130-11e8-af4c-30f7727a492e,false,false
Номенклатура — current,raw.r1c_nomenclature_current,47831564-d337-11eb-5d99-fa163e0d31f7,БП-00004303,Средство для прочистки труб от засоров  гранулированное 600гр.,,f0e4c260-a130-11e8-af4c-30f7727a492e,false,false
Номенклатура — current,raw.r1c_nomenclature_current,7856abc4-d337-11eb-5d99-fa163e0d31f7,БП-00004304,Средство для прочистки труб от засоров 280гр.,,f0e4c260-a130-11e8-af4c-30f7727a492e,false,false
Номенклатура — current,raw.r1c_nomenclature_current,9bbe8816-e7ab-11ea-3497-fa163ee5d2f9,БП-00002974,Средство для сантехники ,,f0e4c260-a130-11e8-af4c-30f7727a492e,false,false
Номенклатура — current,raw.r1c_nomenclature_current,2ceaa068-b10e-11f1-b824-005056bde474,00-00014770,Средство для сантехники Luscan гель с кислотой 5 л,,f0e4c260-a130-11e8-af4c-30f7727a492e,false,false
Номенклатура — current,raw.r1c_nomenclature_current,4394097b-5b76-11ee-9c4f-00505689ff45,00-00009572,Средство для септика,,f0e4c260-a130-11e8-af4c-30f7727a492e,false,false
Номенклатура — current,raw.r1c_nomenclature_current,0823dc08-a026-11eb-c683-fa163e0d31f7,БП-00003889,Средство для стекол,,f0e4c260-a130-11e8-af4c-30f7727a492e,false,false
Номенклатура — current,raw.r1c_nomenclature_current,2cdecd92-04d8-11ec-9c3a-00505689ff45,АК-00004670,Средство для стекол 5 литров,,f0e4c260-a130-11e8-af4c-30f7727a492e,false,false
Номенклатура — current,raw.r1c_nomenclature_current,7ef83ae5-4df6-11f1-b821-005056bde474,00-00014235,Средство для стирки 5л,,f0e4c260-a130-11e8-af4c-30f7727a492e,false,false
Номенклатура — current,raw.r1c_nomenclature_current,72f54cc7-8c7c-11ef-9c5e-00505689ff45,00-00011291,Средство для туалета 750 мл,,f0e4c260-a130-11e8-af4c-30f7727a492e,false,false
Номенклатура — current,raw.r1c_nomenclature_current,1c5d77d2-fa8d-11f0-b81e-005056bde474,00-00013630,Средство для уборки 5 литров (концентрат),,f0e4c260-a130-11e8-af4c-30f7727a492e,false,false
Номенклатура — current,raw.r1c_nomenclature_current,00638899-de37-11ef-b80c-005056bde474,00-00011611,Средство для удаления стойких жировых и белковых загрязнений,,f0e4c260-a130-11e8-af4c-30f7727a492e,false,false
Номенклатура — current,raw.r1c_nomenclature_current,1eeea2f2-1a0d-11ec-9c3a-00505689ff45,АК-00005063,Средство для чистки металла HELP нержав.сталь 500мл.,,f0e4c260-a130-11e8-af4c-30f7727a492e,false,false
Номенклатура — current,raw.r1c_nomenclature_current,b952733d-65e4-11ef-9c5c-00505689ff45,00-00010991,"Средство для чистки плит Azelit Антижир 600 мл (СВЧ, грили, коптильни)",,f0e4c260-a130-11e8-af4c-30f7727a492e,false,false
Номенклатура — current,raw.r1c_nomenclature_current,1a8f8e91-d831-11ef-b80c-005056bde474,00-00011565,Средство для чистки рук,,f0e4c260-a130-11e8-af4c-30f7727a492e,false,false
Номенклатура — current,raw.r1c_nomenclature_current,decefaca-49bf-11eb-a99a-fa163e0d31f7,БП-00003544,"Средство для чистки сантехники и кафеля ""SANITAL"" 1л",,f0e4c260-a130-11e8-af4c-30f7727a492e,false,false
Номенклатура — current,raw.r1c_nomenclature_current,067f7b78-dd8e-11eb-4c99-fa163e0d31f7,БП-00004415,Средство для чистки труб 5 минут SANF 750г. ,,f0e4c260-a130-11e8-af4c-30f7727a492e,false,false
Номенклатура — current,raw.r1c_nomenclature_current,3c0e6c7c-dd8e-11eb-4c99-fa163e0d31f7,БП-00004416,Средство для чистки труб TIRET 500мл.,,f0e4c260-a130-11e8-af4c-30f7727a492e,false,false
Номенклатура — current,raw.r1c_nomenclature_current,c85223d2-de47-11ef-b80c-005056bde474,00-00011613,Средство моющее с дез.эффектом на основе хлора,,f0e4c260-a130-11e8-af4c-30f7727a492e,false,false
Номенклатура — current,raw.r1c_nomenclature_current,fb20f98e-156b-11e9-af61-30f7727a492e,00-00001437,"Средство от грызунов ""Чистыйдом""",,f0e4c260-a130-11e8-af4c-30f7727a492e,false,false
Номенклатура — current,raw.r1c_nomenclature_current,d4c7c74c-09c0-11ed-9c43-00505689c8d9,00-00006811,Средство от комаров,,f0e4c260-a130-11e8-af4c-30f7727a492e,false,false
Номенклатура — current,raw.r1c_nomenclature_current,be8215f7-01f7-11ea-951c-30f7727a492e,00-00002151,Средство от крыс и мышей 100 гр,,f0e4c260-a130-11e8-af4c-30f7727a492e,false,false
Номенклатура — current,raw.r1c_nomenclature_current,39d4d6e1-668b-11ee-9c50-00505689ff45,00-00009645,Средство от насекомых липкая лента от мух,,f0e4c260-a130-11e8-af4c-30f7727a492e,false,false
Номенклатура — current,raw.r1c_nomenclature_current,81438318-dd8e-11eb-4c99-fa163e0d31f7,БП-00004417,Средство чистящее для прочистки труб Мистер Мускул 70г.,,f0e4c260-a130-11e8-af4c-30f7727a492e,false,false
Номенклатура — current,raw.r1c_nomenclature_current,a701359b-92f0-11ec-9c42-00505689c8d9,00-00006238,Средтво для тысячи применений 400мл,,9088eead-75dc-11e7-af18-30f7727a492e,false,false
Номенклатура — current,raw.r1c_nomenclature_current,be02d058-250e-11ec-a9db-00505689f463,АК-00005370,Срезка стрелок чеснока,,52c3cca5-0968-11f0-b80e-005056bde474,false,false
Номенклатура — current,raw.r1c_nomenclature_current,f12a3a78-c574-11ec-9c42-00505689c8d9,00-00006483,Срывная муфта BL 15735,,9b060c03-71d9-11e7-85a2-d43d7eec442d,false,false
Номенклатура — current,raw.r1c_nomenclature_current,40fad19a-f442-11ef-b80e-005056bde474,00-00011666,Стабилизатор Hybrid-30 000/3 Энергия,,9088eeaf-75dc-11e7-af18-30f7727a492e,false,false
Номенклатура — current,raw.r1c_nomenclature_current,25a33da7-e548-11f0-b81e-005056bde474,00-00013327,Стабилизатор напряжения настенный серии Ecoline 5 кВа IEK,,92d515e4-3d8a-11f1-b821-005056bde474,false,false
Номенклатура — current,raw.r1c_nomenclature_current,59d79584-1165-11f1-b81f-005056bde474,00-00013810,Стабилизатор напряжения серии HOME 2 кВА (СНР1-0-2) IEK,,92d515e4-3d8a-11f1-b821-005056bde474,false,false
Номенклатура — current,raw.r1c_nomenclature_current,f4554666-f402-11ef-b80e-005056bde474,00-00011665,Стабилизатор напряжения трехфазный РУБИН ЦСН-15 000/3 (15000ВА),,9b060c03-71d9-11e7-85a2-d43d7eec442d,false,false
Номенклатура — current,raw.r1c_nomenclature_current,2db5c044-6a41-11e9-af6b-30f7727a492e,00-00001555,Стакан МТЗ 50-1701195,,9b060c03-71d9-11e7-85a2-d43d7eec442d,false,false
Номенклатура — current,raw.r1c_nomenclature_current,2db5c045-6a41-11e9-af6b-30f7727a492e,00-00001556,Стакан МТЗ подшипника 7610,,9b060c03-71d9-11e7-85a2-d43d7eec442d,false,false
Номенклатура — current,raw.r1c_nomenclature_current,dd83d584-5f47-11e9-af6b-30f7727a492e,00-00001519,Стакан МТЗ подшипника передачи главной моста заднего РУП МТЗ 50Х-2407042,,9b060c03-71d9-11e7-85a2-d43d7eec442d,false,false
Номенклатура — current,raw.r1c_nomenclature_current,e3b124ee-d50b-11ec-9c42-00505689c8d9,00-00006536,Стакан одноразовый 50шт,,9b060c02-71d9-11e7-85a2-d43d7eec442d,false,false
Номенклатура — current,raw.r1c_nomenclature_current,83265659-3421-11ed-9c43-cb6d75bb653b,00-00007170,Стакан фитинга стального RC-U0738,,9b060c03-71d9-11e7-85a2-d43d7eec442d,false,false
Номенклатура — current,raw.r1c_nomenclature_current,9088ee9b-75dc-11e7-af18-30f7727a492e,00-00000051,Сталь угловая,,9088eead-75dc-11e7-af18-30f7727a492e,false,false
Номенклатура — current,raw.r1c_nomenclature_current,a824bd50-1cf6-11ef-9c58-00505689ff45,00-00010618,Сталь шпоночная 3х3 ст 45 гост 8787-68,,9b060c03-71d9-11e7-85a2-d43d7eec442d,false,false
Номенклатура — current,raw.r1c_nomenclature_current,e144a27b-1cf6-11ef-9c58-00505689ff45,00-00010619,Сталь шпоночная 5х5 ст 45 гост 8787-68,,9b060c03-71d9-11e7-85a2-d43d7eec442d,false,false
Номенклатура — current,raw.r1c_nomenclature_current,8efd8628-d971-11eb-6c92-fa163e0d31f7,БП-00004375,Стамеска многофункциональная нержавеющая BeeTools,,65439ec8-d96f-11eb-6c92-fa163e0d31f7,false,false
Номенклатура — current,raw.r1c_nomenclature_current,93c7da90-d972-11eb-6c92-fa163e0d31f7,БП-00004379,Стамеска многофункциональная нержавеющая в оправе BeeTools,,65439ec8-d96f-11eb-6c92-fa163e0d31f7,false,false
Номенклатура — current,raw.r1c_nomenclature_current,539352de-d971-11eb-6c92-fa163e0d31f7,БП-00004374,Стамеска пасечника из нержавеющей стали (кн). СП-5.00 ,,65439ec8-d96f-11eb-6c92-fa163e0d31f7,false,false
Номенклатура — current,raw.r1c_nomenclature_current,65a57cfe-6d61-11ec-9c40-00505689c8d9,АК-00005918,Стамеска-долото 12мм,,9088eead-75dc-11e7-af18-30f7727a492e,false,false
Номенклатура — current,raw.r1c_nomenclature_current,4da26153-6d61-11ec-9c40-00505689c8d9,АК-00005917,Стамеска-долото 18мм,,9088eead-75dc-11e7-af18-30f7727a492e,false,false
Номенклатура — current,raw.r1c_nomenclature_current,a7df266f-f3ee-11ed-9c4e-00505689ff45,00-00007987,Стамеска-долото 32мм,,9088eead-75dc-11e7-af18-30f7727a492e,false,false
Номенклатура — current,raw.r1c_nomenclature_current,f7e91492-437e-11eb-b594-fa163e0d31f7,БП-00003432,Стандартная ПВХ пленка 3*300 мм,,76f9e9b5-0987-11f0-b80e-005056bde474,false,false
Номенклатура — current,raw.r1c_nomenclature_current,fed79272-36f2-11f0-b80e-005056bde474,00-00012349,Станок сверлильный настольный F-DP2501A 50300,,f990038e-0a38-11f0-b80e-005056bde474,false,false
Номенклатура — current,raw.r1c_nomenclature_current,4fa88af4-e48e-11eb-0c9a-fa163e0d31f7,БП-00004487,Станок сверлильный с тисками Энкор Корвет-47 90470,,f990038e-0a38-11f0-b80e-005056bde474,false,false
Номенклатура — current,raw.r1c_nomenclature_current,a8390f4a-36f4-11f0-b80e-005056bde474,00-00012361,Станок точильно-шлифовальный BG 1535 L в кор. 1319379,,f990038e-0a38-11f0-b80e-005056bde474,false,false
Номенклатура — current,raw.r1c_nomenclature_current,0a1a0298-8417-11f1-b824-005056bde474,00-00014603,Станция оптической сортировки овощей DUAL6003W Al,,279c2c04-2e46-11eb-288c-fa163e0d31f7,false,false
Номенклатура — current,raw.r1c_nomenclature_current,95ca6698-e155-11ea-8696-fa163ee5d2f9,БП-00002942,Стартер ,,9b060c03-71d9-11e7-85a2-d43d7eec442d,false,false
Номенклатура — current,raw.r1c_nomenclature_current,1e6bccb9-ddbe-11ed-9c4e-00505689ff45,00-00007770,Стартер 12в 16240,,9b060c03-71d9-11e7-85a2-d43d7eec442d,false,false
Номенклатура — current,raw.r1c_nomenclature_current,9e3f8638-3784-11ee-9c4e-00505689ff45,00-00008438,"Стартер 2,2 квт ssangyolg ST640006",,9b060c03-71d9-11e7-85a2-d43d7eec442d,false,false
Номенклатура — current,raw.r1c_nomenclature_current,44c95018-2a8f-11ec-b9a9-00505689914b,АК-00005425,Стартер 3266А00101,,9b060c03-71d9-11e7-85a2-d43d7eec442d,false,false
Номенклатура — current,raw.r1c_nomenclature_current,cd903241-41b6-11ee-9c4e-00505689ff45,00-00009219,Стартер 4216,,9b060c03-71d9-11e7-85a2-d43d7eec442d,false,false
Номенклатура — current,raw.r1c_nomenclature_current,10a36839-e689-11ed-9c4e-00505689ff45,00-00007875,Стартер Tesia Technics TT15926,,9b060c03-71d9-11e7-85a2-d43d7eec442d,false,false
Номенклатура — current,raw.r1c_nomenclature_current,08a1d7e0-0648-11ec-9c3a-00505689ff45,АК-00004841,"Стартер ГАЗ,ПАЗ дв ЗМЗ511.10.513.10.73,5234.10 редукторный 12В z=9.2.0 квт АТЭ-1 6042.3708",,9b060c03-71d9-11e7-85a2-d43d7eec442d,false,false
Номенклатура — current,raw.r1c_nomenclature_current,dd83d585-5f47-11e9-af6b-30f7727a492e,00-00001520,"Стартер МТЗ дв. ММЗ Д-243,245,246 24V 4,5 Квт z=10 PRESTOLITE",,9b060c03-71d9-11e7-85a2-d43d7eec442d,false,false
Номенклатура — current,raw.r1c_nomenclature_current,d4c36bc2-089d-11ef-9c4f-005056893620,00-00010457,"Стартер МТЗ,ПАЗ-4234 ,ЛЗА-40810 12 В дв.Д243,245",,9b060c03-71d9-11e7-85a2-d43d7eec442d,false,false
Номенклатура — current,raw.r1c_nomenclature_current,a1214038-7d6f-11ea-9528-30f7727a492e,00-00002547,"Стартер МТЗ-1221,22,ЗИЛ,ГАЗ,МАЗ,ПАЗ дв.ММЗ ЕВРО-2 Д243,245,260 24В 5,2 КВТ укороченный БАТЭ 7402.370",,9b060c03-71d9-11e7-85a2-d43d7eec442d,false,false
Номенклатура — current,raw.r1c_nomenclature_current,83fe2d4c-8b09-11eb-4b87-fa163e0d31f7,БП-00003804,"Стартер МТЗ-80,82 ГАЗ,ПАЗ дв ММЗ,Д240,245,260,12В 2,7 кВт АТЭ-1 9142780",,9b060c03-71d9-11e7-85a2-d43d7eec442d,false,false
Номенклатура — current,raw.r1c_nomenclature_current,dd83d586-5f47-11e9-af6b-30f7727a492e,00-00001521,"Стартер МТЗ-80.ВОЛ 82,100 дв. ММЗ Д-243 12В  4,0 Квт  ЭЛЕКТРОМ 121.3778",,9b060c03-71d9-11e7-85a2-d43d7eec442d,false,false
Номенклатура — current,raw.r1c_nomenclature_current,9597b59d-c25a-11e9-af79-30f7727a492e,00-00001878,Стартер Пежо,,9b060c03-71d9-11e7-85a2-d43d7eec442d,false,false
Номенклатура — current,raw.r1c_nomenclature_current,21f4b0cb-60cf-11ed-9c43-00505689cfb8,00-00007378,"Стартер СТ 230А1 (ГАЗ 53,66,3307 аналог 8802.3708)",,9b060c03-71d9-11e7-85a2-d43d7eec442d,false,false
Номенклатура — current,raw.r1c_nomenclature_current,851ab634-1ddc-11e8-af31-30f7727a492e,00-00000693,Стартер СТ 362 А 12V,,9b060c03-71d9-11e7-85a2-d43d7eec442d,false,false
Номенклатура — current,raw.r1c_nomenclature_current,4b32fc64-1423-11ee-9c4e-00505689ff45,00-00008245,"Стартер редукторный 12В 2,7кВт STRON МТЗ 9142780",,9b060c03-71d9-11e7-85a2-d43d7eec442d,false,false
Номенклатура — current,raw.r1c_nomenclature_current,c0894524-cfa9-11f0-b81e-005056bde474,00-00013012,"Стартер редукторный 12В 3,2кВт МТЗ ",,45c9e202-0a37-11f0-b80e-005056bde474,false,false
Номенклатура — current,raw.r1c_nomenclature_current,e6f6a003-f859-11ef-b80e-005056bde474,00-00011689,"Стартер редукторный 12В 4,9кВт МТЗ 9182780",,9b060c03-71d9-11e7-85a2-d43d7eec442d,false,false
Номенклатура — current,raw.r1c_nomenclature_current,b622a0de-acc0-11ef-9c5e-00505689ff45,00-00011414,Стартер редукторный 24В ,,9b060c03-71d9-11e7-85a2-d43d7eec442d,false,false
Номенклатура — current,raw.r1c_nomenclature_current,152172d4-dca5-11ef-b80c-005056bde474,00-00011589,Стартер редукторный ГАЗ-53 ,,9b060c03-71d9-11e7-85a2-d43d7eec442d,false,false
Номенклатура — current,raw.r1c_nomenclature_current,dd83d587-5f47-11e9-af6b-30f7727a492e,00-00001522,Стекло МТЗ двери верхнее УК,,9b060c03-71d9-11e7-85a2-d43d7eec442d,false,false
Номенклатура — current,raw.r1c_nomenclature_current,9089df52-33e8-11eb-0e8a-fa163e0d31f7,БП-00003297,"Стекло МТЗ-1522,1523 двери левой 2522-6708013",,9b060c03-71d9-11e7-85a2-d43d7eec442d,false,false
Номенклатура — current,raw.r1c_nomenclature_current,a73b9249-c7cf-11e9-af79-30f7727a492e,00-00001942,Стекло двери  575*510 К-700 (700 67.08.114 ),,9b060c03-71d9-11e7-85a2-d43d7eec442d,false,false
Номенклатура — current,raw.r1c_nomenclature_current,2b4f4fe7-e996-11e9-af7d-30f7727a492e,00-00002080,Стекло жидкое,,9088eead-75dc-11e7-af18-30f7727a492e,false,false
Номенклатура — current,raw.r1c_nomenclature_current,8ca6ef7b-6a36-11f1-b822-005056bde474,00-00014515,Стекло лобовое,,5333aa1e-4ea4-11f1-b821-005056bde474,false,false
Номенклатура — current,raw.r1c_nomenclature_current,ed668438-c14e-11e8-af50-30f7727a492e,00-00001194,Стекло пер/задн МТЗ 70-6700012 МК(1044*655),,9b060c03-71d9-11e7-85a2-d43d7eec442d,false,false
Номенклатура — current,raw.r1c_nomenclature_current,ac13f14c-af42-11eb-3192-fa163e0d31f7,БП-00003927,Стекло переднее Fiat,,9b060c03-71d9-11e7-85a2-d43d7eec442d,false,false
Номенклатура — current,raw.r1c_nomenclature_current,31368ef8-43d5-11ec-9c42-005056893491,АК-00005580,Стекло(1456*887) двери левой МТЗ-1523,,9b060c03-71d9-11e7-85a2-d43d7eec442d,false,false
Номенклатура — current,raw.r1c_nomenclature_current,0084eb3a-d1d2-11eb-5d99-fa163e0d31f7,БП-00004259,Стеклоизол для верхних слоев 10м,,9088eead-75dc-11e7-af18-30f7727a492e,false,false
Номенклатура — current,raw.r1c_nomenclature_current,250830e2-ad76-11ea-d488-fa163ee5d2f9,БП-00002762,Стеклоомыватель,,9d231a58-3d8d-11f1-b821-005056bde474,false,false
Номенклатура — current,raw.r1c_nomenclature_current,24cf6b97-1150-11e8-af2e-30f7727a492e,00-00000682,Стеклоочиститель,,9d231a58-3d8d-11f1-b821-005056bde474,false,false
Номенклатура — current,raw.r1c_nomenclature_current,cd8199ff-8a47-11ec-9c42-00505689c8d9,00-00006133,Стеклоочиститель 96.5205 МТЗ-80,,9b060c03-71d9-11e7-85a2-d43d7eec442d,false,false
Номенклатура — current,raw.r1c_nomenclature_current,063e7380-d9dd-11eb-6c92-fa163e0d31f7,БП-00004411,"Стеклоочиститель в сб.ПАЗ33205 л/пр 562-5205100,02",,9b060c03-71d9-11e7-85a2-d43d7eec442d,false,false
Номенклатура — current,raw.r1c_nomenclature_current,24512f13-9a46-11ec-9c42-00505689c8d9,00-00006283,Стеклоочиститель в сб.СЛ135А (МАЗ-500.5335),,9b060c03-71d9-11e7-85a2-d43d7eec442d,false,false
Номенклатура — current,raw.r1c_nomenclature_current,b7898d84-3787-11ee-9c4e-00505689ff45,00-00008449,Стеклоподъемник ГАЗ-3302 левый Н/О3302-6104011,,9b060c03-71d9-11e7-85a2-d43d7eec442d,false,false
Номенклатура — current,raw.r1c_nomenclature_current,a73b924a-c7cf-11e9-af79-30f7727a492e,00-00001943,Стеклоподъемник правый К-700 (700 67.08.390 ),,9b060c03-71d9-11e7-85a2-d43d7eec442d,false,false
Номенклатура — current,raw.r1c_nomenclature_current,9829c83c-03da-11eb-ac9e-fa163ee5d2f9,БП-00003059,Стеклоподъемник электрический (безмотора),,9b060c03-71d9-11e7-85a2-d43d7eec442d,false,false
Номенклатура — current,raw.r1c_nomenclature_current,ebd9f498-d7b3-11ed-9c4e-00505689ff45,00-00007734,Стеклорез,,007d76f1-0a39-11f0-b80e-005056bde474,false,false
Номенклатура — current,raw.r1c_nomenclature_current,24750554-1759-11eb-aa97-fa163e0d31f7,БП-00003162,Стелаж,,de1714af-8a12-11e7-af1d-30f7727a492e,true,false
Номенклатура — current,raw.r1c_nomenclature_current,515b983a-72a8-11eb-4886-fa163e0d31f7,БП-00003744,Стелажная конструкция,,de1714af-8a12-11e7-af1d-30f7727a492e,true,false
Номенклатура — current,raw.r1c_nomenclature_current,4d12befa-22e0-11ec-9c3a-00505689ff45,АК-00005332,Стелажная конструкция в сборе,,de1714af-8a12-11e7-af1d-30f7727a492e,true,false
Номенклатура — current,raw.r1c_nomenclature_current,51db93ae-49be-11eb-a99a-fa163e0d31f7,БП-00003538,"Стеллаж СК 1500/500/СК Э(L-1500, S=500, H=1800,4)",,9088eeac-75dc-11e7-af18-30f7727a492e,false,false
Номенклатура — current,raw.r1c_nomenclature_current,1938788f-4f9a-11ed-9c43-cb6d75bb653b,00-00007311,Стеллаж горка 2 секции,,9088eeac-75dc-11e7-af18-30f7727a492e,false,false
Номенклатура — current,raw.r1c_nomenclature_current,5e19d2ef-f57e-11ee-9c4c-005056893620,00-00010393,Стеллаж канц открытый высокий ШКЗ1.15,,9088eeac-75dc-11e7-af18-30f7727a492e,false,false
Номенклатура — current,raw.r1c_nomenclature_current,7faa8dd5-c9ff-11e7-a3eb-94de80168a80,00-00000456,Стеллаж металлический,,9088eeac-75dc-11e7-af18-30f7727a492e,false,false
Номенклатура — current,raw.r1c_nomenclature_current,5c9d8c74-adf7-11f0-b81e-005056bde474,00-00012869,Стеллаж металлический Р_МС-265 с 5-ю полками 1000х600х2000,,24750554-1759-11eb-aa97-fa163e0d31f7,false,false
Номенклатура — current,raw.r1c_nomenclature_current,099cb5b6-ed2d-11ea-a29d-fa163ee5d2f9,БП-00003017,Стеллаж металлический с 4-мя полками 1000х300х1800,,9088eeac-75dc-11e7-af18-30f7727a492e,false,false
Номенклатура — current,raw.r1c_nomenclature_current,3cbe8d78-aa27-11ea-bf8d-fa163ee5d2f9,БП-00002743,Стеллаж открытый низкий Л-934 орех,,9088eeac-75dc-11e7-af18-30f7727a492e,false,false
Номенклатура — current,raw.r1c_nomenclature_current,484b4752-740c-11ee-9c4a-005056893620,00-00009706,"Стенд информационный ""Уголок охраны труда 20 пакетов""",,f0e4c260-a130-11e8-af4c-30f7727a492e,false,false
Номенклатура — current,raw.r1c_nomenclature_current,14aec582-740c-11ee-9c4a-005056893620,00-00009705,"Стенд информационный ""Уголок пожарной безопасности 750*850",,f0e4c260-a130-11e8-af4c-30f7727a492e,false,false
Номенклатура — current,raw.r1c_nomenclature_current,7a6b43e6-4392-11eb-b594-fa163e0d31f7,БП-00003442,Стенд информационный Информация комбин. 735*735 серый,,f0e4c260-a130-11e8-af4c-30f7727a492e,false,false
Номенклатура — current,raw.r1c_nomenclature_current,466985ec-5793-11ea-8118-d43d7ec071d4,00-00002475,"Стенд информационный Информация,6 отд. 750х750 синий,настенный",,f0e4c260-a130-11e8-af4c-30f7727a492e,false,false
Номенклатура — current,raw.r1c_nomenclature_current,cd18dd8f-849d-11ef-9c5d-00505689ff45,00-00011229,Стенд информационный Комус Информация 2 плоских кармана,,f0e4c260-a130-11e8-af4c-30f7727a492e,false,false
Номенклатура — current,raw.r1c_nomenclature_current,34158101-d9e0-11ed-9c4e-00505689ff45,00-00007740,Стенд ролл ал,,9b060c03-71d9-11e7-85a2-d43d7eec442d,false,false
Номенклатура — current,raw.r1c_nomenclature_current,9af96cab-8499-11ef-9c5d-00505689ff45,00-00011223,Стенд-плакат  информационный Охрана труда 910*700,,f0e4c260-a130-11e8-af4c-30f7727a492e,false,false
Номенклатура — current,raw.r1c_nomenclature_current,5ccf4294-644d-11ee-9c50-00505689ff45,00-00009621,Стенд-плакат  информационный Охрана труда 950*625 ,,f0e4c260-a130-11e8-af4c-30f7727a492e,false,false
Номенклатура — current,raw.r1c_nomenclature_current,24022792-644d-11ee-9c50-00505689ff45,00-00009620,Стенд-плакат  информационный Первая помощь 910*700 ,,f0e4c260-a130-11e8-af4c-30f7727a492e,false,false
Номенклатура — current,raw.r1c_nomenclature_current,7d393e23-8499-11ef-9c5d-00505689ff45,00-00011222,Стенд-плакат  информационный Пожарная безопасность 910*700 ,,f0e4c260-a130-11e8-af4c-30f7727a492e,false,false
Номенклатура — current,raw.r1c_nomenclature_current,0e1f351e-b0df-11f0-b81e-005056bde474,00-00012893,Степлер Attache  до 15 лист. черный,,9088ee8b-75dc-11e7-af18-30f7727a492e,false,false
Номенклатура — current,raw.r1c_nomenclature_current,7fa4e43c-84aa-11ef-9c5d-00505689ff45,00-00011256,Степлер Attache 8215 до 25 лист. черный,,9088ee8b-75dc-11e7-af18-30f7727a492e,false,false
Номенклатура — current,raw.r1c_nomenclature_current,dfba4742-b0db-11f0-b81e-005056bde474,00-00012879,Степлер Attache № 24/6 (1000шт),,9088ee8b-75dc-11e7-af18-30f7727a492e,false,false
Номенклатура — current,raw.r1c_nomenclature_current,3a7d67af-a07c-11ec-9c42-00505689c8d9,00-00006313,Степлер EК 2167 №10,,9088ee8b-75dc-11e7-af18-30f7727a492e,false,false
Номенклатура — current,raw.r1c_nomenclature_current,50d9a8ab-a07c-11ec-9c42-00505689c8d9,00-00006314,Степлер EК 2175 №10,,9088ee8b-75dc-11e7-af18-30f7727a492e,false,false
Номенклатура — current,raw.r1c_nomenclature_current,7d66e0df-6840-11ee-9c50-00505689ff45,00-00009667,Степлер Комус 8*24 до 20 листов красный,,9088ee8b-75dc-11e7-af18-30f7727a492e,false,false
Номенклатура — current,raw.r1c_nomenclature_current,905f9d54-4393-11eb-b594-fa163e0d31f7,БП-00003446,Степлер до 25 листов черный,,9088ee8b-75dc-11e7-af18-30f7727a492e,false,false
Номенклатура — current,raw.r1c_nomenclature_current,865b2343-3e4f-11ed-9c43-cb6d75bb653b,00-00007203,Степлер металлический 4-8мм,,9088ee8b-75dc-11e7-af18-30f7727a492e,false,false
Номенклатура — current,raw.r1c_nomenclature_current,82629a38-dfc7-11f0-b81e-005056bde474,00-00013213,Степлер ручной Matrix скобы 53,,007d76f1-0a39-11f0-b80e-005056bde474,false,false
Номенклатура — current,raw.r1c_nomenclature_current,927f4954-84a6-11ef-9c5d-00505689ff45,00-00011247,Степлер с регулировкой 4-14 мм,,9088ee8b-75dc-11e7-af18-30f7727a492e,false,false
Номенклатура — current,raw.r1c_nomenclature_current,0c0d7777-d1e7-11f0-b81e-005056bde474,00-00013050,Стержень 15х45,,45c9e202-0a37-11f0-b80e-005056bde474,false,false
Номенклатура — current,raw.r1c_nomenclature_current,49563336-d827-11eb-d199-fa163e0d31f7,БП-00004356,"Стержень микрографический 0,7 , 12 грифелей",,9088ee8b-75dc-11e7-af18-30f7727a492e,false,false
Номенклатура — current,raw.r1c_nomenclature_current,7fd1e7df-09de-11e9-af60-30f7727a492e,00-00001401,Стержень шариковый,,9088ee8b-75dc-11e7-af18-30f7727a492e,false,false
Номенклатура — current,raw.r1c_nomenclature_current,a1a3eb54-6d60-11ec-9c40-00505689c8d9,АК-00005915,"Стержень-удлинитель телескопический 1,5-3м",,9088eead-75dc-11e7-af18-30f7727a492e,false,false
Номенклатура — current,raw.r1c_nomenclature_current,c9413c3f-2d02-11f1-b81f-005056bde474,00-00013935,"Стержни клеевые, прозрачные, 11х200мм, 12 шт./упак. //MATRIX ",,f7d70ffa-7292-11f0-b814-005056bde474,false,false
Номенклатура — current,raw.r1c_nomenclature_current,dec771cb-f524-11eb-9c3a-00505689ff45,АК-00003712,Стернифаг Инсектицид,,2eaeac4d-5322-11f0-b811-005056bde474,false,false
Номенклатура — current,raw.r1c_nomenclature_current,17ca0776-b0dd-11f0-b81e-005056bde474,00-00012884,Стикеры куб 76*51,,9088ee8b-75dc-11e7-af18-30f7727a492e,false,false
Номенклатура — current,raw.r1c_nomenclature_current,9dc3e879-7dc6-11ec-9c41-00505689c8d9,АК-00006024,Стикеры куб 76х76 ,,9088ee8b-75dc-11e7-af18-30f7727a492e,false,false
Номенклатура — current,raw.r1c_nomenclature_current,4f7a4f3d-04d9-11ec-9c3a-00505689ff45,АК-00004673,Стикеры миникуб 51х51 радуга 25 л,,9088ee8b-75dc-11e7-af18-30f7727a492e,false,false
Номенклатура — current,raw.r1c_nomenclature_current,9597b59f-c25a-11e9-af79-30f7727a492e,00-00001880,Стики хитс пупле Лейбл фиолетовый,,9b060c03-71d9-11e7-85a2-d43d7eec442d,false,false
Номенклатура — current,raw.r1c_nomenclature_current,06cfe8be-3b97-11f0-b80e-005056bde474,00-00012408,Стимуляторы и регуляторы роста,,9b77339b-094b-11f0-b80e-005056bde474,true,true
Номенклатура — current,raw.r1c_nomenclature_current,a36d96df-3b96-11f0-b80e-005056bde474,00-00012404,Стимуляторы и регуляторы роста,,9b77339b-094b-11f0-b80e-005056bde474,true,true
Номенклатура — current,raw.r1c_nomenclature_current,e1243393-532a-11f0-b811-005056bde474,00-00012483,Стимуляторы роста ,,9088eeaa-75dc-11e7-af18-30f7727a492e,true,false
Номенклатура — current,raw.r1c_nomenclature_current,dec771cc-f524-11eb-9c3a-00505689ff45,АК-00003713,Стингер Инсектицид,,668204c4-5324-11f0-b811-005056bde474,false,false
Номенклатура — current,raw.r1c_nomenclature_current,dec771cd-f524-11eb-9c3a-00505689ff45,АК-00003714,Стингер Трио Инсектицид,,668204c4-5324-11f0-b811-005056bde474,false,false
Номенклатура — current,raw.r1c_nomenclature_current,f6e0fc0a-c20d-11eb-968c-fa163e0d31f7,БП-00004123,Стиральная машина BEKO WRE 6512 ZSW фронтальная 6кг белая,,d56a52ab-0a38-11f0-b80e-005056bde474,false,false
Номенклатура — current,raw.r1c_nomenclature_current,ee59f88f-68fa-11ef-9c5c-00505689ff45,00-00011001,"Стиральная машина DEXP WM-F610DHE/WBSu (фронтальная, 6кг, 1000об/мин, 59.5 см*85 см*46см) белый, чер",,d56a52ab-0a38-11f0-b80e-005056bde474,false,false
Номенклатура — current,raw.r1c_nomenclature_current,ab864c0a-5378-11f1-b821-005056bde474,00-00014422,"Стиральная машина DEXP WM-F612DМА/WBSI (фронтальная,12кг, 1400об/мин, 59.5 см*85 см*59см) белый,чер",,d56a52ab-0a38-11f0-b80e-005056bde474,false,false
Номенклатура — current,raw.r1c_nomenclature_current,f210a41a-66e4-11ec-9c40-00505689c8d9,АК-00005851,"Стиральная машина DEXP фрональная 6 кг,1000 об*мин 59,5*85*47см белый",,d56a52ab-0a38-11f0-b80e-005056bde474,false,false
Номенклатура — current,raw.r1c_nomenclature_current,1c2e2cd6-c41a-11eb-c697-fa163e0d31f7,БП-00004129,Стиральный порошек,,f0e4c260-a130-11e8-af4c-30f7727a492e,false,false
Номенклатура — current,raw.r1c_nomenclature_current,dec771ce-f524-11eb-9c3a-00505689ff45,АК-00003715,Стожар Инсектицид,,f9d67774-531d-11f0-b811-005056bde474,false,false
Номенклатура — current,raw.r1c_nomenclature_current,b6d1be69-99bc-11ea-952a-30f7727a492e,00-00002713,Стойка (литье) Р33.ПЛЕ.31.301,,9b060c03-71d9-11e7-85a2-d43d7eec442d,false,false
Номенклатура — current,raw.r1c_nomenclature_current,053025d3-f2fb-11ec-9c42-89a3dcc9992a,00-00006699,Стойка S-образная 32*10 в сборе с наконечником 1417/00-033/0 арт КПЦ02.050,,9b060c03-71d9-11e7-85a2-d43d7eec442d,false,false
Номенклатура — current,raw.r1c_nomenclature_current,75cc8271-d96c-11ee-9c4c-005056893620,00-00010240,Стойка S-образная 40х12 в КПМ 47.1202.02.02.002.01,,9b060c03-71d9-11e7-85a2-d43d7eec442d,false,false
Номенклатура — current,raw.r1c_nomenclature_current,9ff1f7db-4205-11ec-9c41-00505689db63,АК-00005559,Стойка А150181897,,9b060c03-71d9-11e7-85a2-d43d7eec442d,false,false
Номенклатура — current,raw.r1c_nomenclature_current,16ec0954-f8e5-11ef-b80e-005056bde474,00-00011698,Стойка БДТ 02.130,,9b060c03-71d9-11e7-85a2-d43d7eec442d,false,false
Номенклатура — current,raw.r1c_nomenclature_current,b3aea62c-6671-11ee-9c50-00505689ff45,00-00009630,Стойка Ж/Б СВ-110-5,,20e031f3-0a37-11f0-b80e-005056bde474,false,false
Номенклатура — current,raw.r1c_nomenclature_current,85d830fb-ab4e-11e8-af4e-30f7727a492e,00-00001152,"Стойка КПС-4,КРН Н.043.11.401-03",,9b060c03-71d9-11e7-85a2-d43d7eec442d,false,false
Номенклатура — current,raw.r1c_nomenclature_current,d9c1503f-7cd2-11ef-9c5d-00505689ff45,00-00011140,Стойка ПЛК.02.01.404,,9b060c03-71d9-11e7-85a2-d43d7eec442d,false,false
Номенклатура — current,raw.r1c_nomenclature_current,f4baeacd-f8e6-11ef-b80e-005056bde474,00-00011705,Стойка батареи дисковой БДТ 02.110,,9b060c03-71d9-11e7-85a2-d43d7eec442d,false,false
Номенклатура — current,raw.r1c_nomenclature_current,a318c754-aaff-11ea-bf8d-fa163ee5d2f9,БП-00002753,Стойка плуга ПЛН-5-35,,9b060c03-71d9-11e7-85a2-d43d7eec442d,false,false
Номенклатура — current,raw.r1c_nomenclature_current,bf2875de-aaff-11ea-bf8d-fa163ee5d2f9,БП-00002754,Стойка плуга ПЛН-8-40,,9b060c03-71d9-11e7-85a2-d43d7eec442d,false,false
Номенклатура — current,raw.r1c_nomenclature_current,628bca34-4dfd-11f1-b821-005056bde474,00-00014243,Стойка плуга Р33.ПЛЕ.31.301,,45c9e202-0a37-11f0-b80e-005056bde474,false,false
Номенклатура — current,raw.r1c_nomenclature_current,dba007bb-d96d-11ee-9c4c-005056893620,00-00010242,Стойка поворота режущего узла  (55мм) 4х4 01.021.00.000,,9b060c03-71d9-11e7-85a2-d43d7eec442d,false,false
Номенклатура — current,raw.r1c_nomenclature_current,6dc84ddb-2b25-11f0-b80e-005056bde474,00-00012197,Стойка поворота режущего узла БДМ (55мм) АДУ-6,,45c9e202-0a37-11f0-b80e-005056bde474,false,false
Номенклатура — current,raw.r1c_nomenclature_current,da2a1eb6-e652-11eb-0c9a-fa163e0d31f7,БП-00004492,Стойка поворота режущего узла БДМ (55мм) УР-101.00.000 (АДУ-6),,9b060c03-71d9-11e7-85a2-d43d7eec442d,false,false
Номенклатура — current,raw.r1c_nomenclature_current,ffbfdf1a-189b-11ed-9c43-cb6d75bb653b,00-00006920,Стойка пружинная 2479-CЗА-ST (S-образная)  КПМ 45х12,,9b060c03-71d9-11e7-85a2-d43d7eec442d,false,false
Номенклатура — current,raw.r1c_nomenclature_current,874135c0-13d2-11f0-b80e-005056bde474,00-00011916,Стойка стабилизатора в сборе,,20296b06-0a38-11f0-b80e-005056bde474,false,false
Номенклатура — current,raw.r1c_nomenclature_current,2a5fa580-5740-11ec-9c40-00505689c8d9,АК-00005741,Стол 1000х500 высота 400мм порошковая покраска RAL 9005,,9088eeac-75dc-11e7-af18-30f7727a492e,false,false
Номенклатура — current,raw.r1c_nomenclature_current,75714dd3-5740-11ec-9c40-00505689c8d9,АК-00005743,Стол 1400х500 высота 100мм порошковая покраска RAL 9005,,9088eeac-75dc-11e7-af18-30f7727a492e,false,false
Номенклатура — current,raw.r1c_nomenclature_current,4fa0453a-5740-11ec-9c40-00505689c8d9,АК-00005742,Стол 1500х500 высота 200мм порошковая покраска RAL 9005,,9088eeac-75dc-11e7-af18-30f7727a492e,false,false
Номенклатура — current,raw.r1c_nomenclature_current,8ed10e43-16f5-11f1-b81f-005056bde474,00-00013837,Стол ССТ 1200x600 ЛДСП ТИТАН МЕТА ,,9088eeac-75dc-11e7-af18-30f7727a492e,false,false
Номенклатура — current,raw.r1c_nomenclature_current,1e2c30fb-16e6-11ec-9c3a-00505689ff45,АК-00005047,"Стол для распечатки 0,5м без крышки",,9088eeac-75dc-11e7-af18-30f7727a492e,false,false
Номенклатура — current,raw.r1c_nomenclature_current,e718fc12-69ed-11ef-9c5c-00505689ff45,00-00011016,Стол инспекционный СИБ11,,de1714af-8a12-11e7-af1d-30f7727a492e,false,false
Номенклатура — current,raw.r1c_nomenclature_current,96ced0ae-8540-11ef-9c5d-00505689ff45,00-00011271,Стол инспекционный СИБ11 (товар),,00000000-0000-0000-0000-000000000000,false,false
Номенклатура — current,raw.r1c_nomenclature_current,582151c3-b6d7-11ee-9c4c-005056893620,00-00010082,Стол инспекционный СИБ6,,de1714af-8a12-11e7-af1d-30f7727a492e,false,false
Номенклатура — current,raw.r1c_nomenclature_current,c80fc462-54c9-11eb-4e9e-fa163e0d31f7,БП-00003573,Стол инспекционный для сидячей работы TS-3012 (двойноеразделение) ,,279c2c04-2e46-11eb-288c-fa163e0d31f7,false,false
Номенклатура — current,raw.r1c_nomenclature_current,ab6aa4a1-666d-11ee-9c50-00505689ff45,00-00009622,Стол канцелярский с подвесной тумбой СК27.15 дуб молочный,,9088eeac-75dc-11e7-af18-30f7727a492e,false,false
Номенклатура — current,raw.r1c_nomenclature_current,7faa8dd0-c9ff-11e7-a3eb-94de80168a80,00-00000451,Стол офисный черный,,9088eeac-75dc-11e7-af18-30f7727a492e,false,false
Номенклатура — current,raw.r1c_nomenclature_current,d63fdaea-6b9f-11e8-af3e-30f7727a492e,00-00000902,Стол переборочный КСЭ,,9088eeac-75dc-11e7-af18-30f7727a492e,false,false
Номенклатура — current,raw.r1c_nomenclature_current,c863e3cb-915d-11ec-9c42-00505689c8d9,00-00006167,Стол пластиковый ,,9088eeac-75dc-11e7-af18-30f7727a492e,false,false
Номенклатура — current,raw.r1c_nomenclature_current,d2a87c76-89ba-11ec-9c42-00505689c8d9,00-00006122,Стол пластиковый квадратный 80х80 белый,,9088eeac-75dc-11e7-af18-30f7727a492e,false,false
Номенклатура — current,raw.r1c_nomenclature_current,88f2110c-76b3-11eb-d395-fa163e0d31f7,БП-00003750,Стол пластиковый квадратный шоколадный,,9088eeac-75dc-11e7-af18-30f7727a492e,false,false
Номенклатура — current,raw.r1c_nomenclature_current,20063dea-49bc-11eb-a99a-fa163e0d31f7,БП-00003528,Стол пристенный СПП 9/6-оц ,,9088eeac-75dc-11e7-af18-30f7727a492e,false,false
Номенклатура — current,raw.r1c_nomenclature_current,2e4c0344-49bc-11eb-a99a-fa163e0d31f7,БП-00003529,Стол пристенный СПП 9/6-э,,9088eeac-75dc-11e7-af18-30f7727a492e,false,false
Номенклатура — current,raw.r1c_nomenclature_current,abf7cbf1-39bf-11ea-9523-30f7727a492e,00-00002385,Стол пристенный СПРП-1206 ц с бортом,,9088eeac-75dc-11e7-af18-30f7727a492e,false,false
Номенклатура — current,raw.r1c_nomenclature_current,abf7cbf6-39bf-11ea-9523-30f7727a492e,00-00002390,Стол пристенный СПРП-1506 ц с бортом,,9088eeac-75dc-11e7-af18-30f7727a492e,false,false
Номенклатура — current,raw.r1c_nomenclature_current,abf7cbf9-39bf-11ea-9523-30f7727a492e,00-00002393,Стол пристенный СПРП-906 ц с бортом,,9088eeac-75dc-11e7-af18-30f7727a492e,false,false
Номенклатура — current,raw.r1c_nomenclature_current,abf7cbf4-39bf-11ea-9523-30f7727a492e,00-00002388,Стол пристенный для сбора отходов  СППО 9/6-э левый,,9088eeac-75dc-11e7-af18-30f7727a492e,false,false
Номенклатура — current,raw.r1c_nomenclature_current,ce5fdb5e-49bb-11eb-a99a-fa163e0d31f7,БП-00003527,Стол пристенный для сбора отходов  СППО 9/6-э правый,,9088eeac-75dc-11e7-af18-30f7727a492e,false,false
Номенклатура — current,raw.r1c_nomenclature_current,7faa8dce-c9ff-11e7-a3eb-94de80168a80,00-00000449,Стол рабочий,,9088eeac-75dc-11e7-af18-30f7727a492e,false,false
Номенклатура — current,raw.r1c_nomenclature_current,29c05178-283d-11ed-9c43-cb6d75bb653b,00-00007086,"Столб 60*60*1,5мм Н2800",,9088eead-75dc-11e7-af18-30f7727a492e,false,false
Номенклатура — current,raw.r1c_nomenclature_current,bab157a0-4ad2-11ed-9c43-cb6d75bb653b,00-00007234,"Столб 60*60*1,5мм Н3500",,9088eead-75dc-11e7-af18-30f7727a492e,false,false
Номенклатура — current,raw.r1c_nomenclature_current,f1fa6880-6b0a-11ed-9c4d-00505689c8d9,00-00007396,"Столб заборный 60мм 2,5м",,9088eead-75dc-11e7-af18-30f7727a492e,false,false
Номенклатура — current,raw.r1c_nomenclature_current,21defaee-e6e8-11ea-ec95-fa163ee5d2f9,БП-00002957,Стоп Шок Модели А180*250 см,,9088eeac-75dc-11e7-af18-30f7727a492e,false,false
Номенклатура — current,raw.r1c_nomenclature_current,f8c40d8a-d975-11eb-6c92-fa163e0d31f7,БП-00004400,Стопмоль,,65439ec8-d96f-11eb-6c92-fa163e0d31f7,false,false
Номенклатура — current,raw.r1c_nomenclature_current,b60a9a9a-4ad3-11ed-9c43-cb6d75bb653b,00-00007235,"Стопор (упор в грунт) длиной 500мм прут ф16,14 мм",,9088eead-75dc-11e7-af18-30f7727a492e,false,false
Номенклатура — current,raw.r1c_nomenclature_current,24fb3f1f-283f-11ed-9c43-cb6d75bb653b,00-00007092,Стопор пружинный 220мм оцинкованный,,9b060c03-71d9-11e7-85a2-d43d7eec442d,false,false
Номенклатура — current,raw.r1c_nomenclature_current,c9ae8b2c-bd09-11f1-b824-005056bde474,00-00014799,Стопорн. кольцо J 62х2 DIN472 (SPP.00301),,63cb8210-4ea0-11f1-b821-005056bde474,false,false
Номенклатура — current,raw.r1c_nomenclature_current,6829ca97-4bdd-11ed-9c43-cb6d75bb653b,00-00007286,Стопорная гайка KG01067961,,9b060c03-71d9-11e7-85a2-d43d7eec442d,false,false
Номенклатура — current,raw.r1c_nomenclature_current,8e6b7888-e5b8-11ec-9c42-00505689c8d9,00-00006615,Стопорная шайба ,,9b060c03-71d9-11e7-85a2-d43d7eec442d,false,false
Номенклатура — current,raw.r1c_nomenclature_current,a0dc37e7-e5c2-11ec-9c42-00505689c8d9,00-00006637,Стопорное кольцо ,,9b060c03-71d9-11e7-85a2-d43d7eec442d,false,false
Номенклатура — current,raw.r1c_nomenclature_current,4860d691-1cf7-11ef-9c58-00505689ff45,00-00010622,Стопорное кольцо d 25мм ГОСТ 13943-86,,9b060c03-71d9-11e7-85a2-d43d7eec442d,false,false
Номенклатура — current,raw.r1c_nomenclature_current,28af028b-1cf7-11ef-9c58-00505689ff45,00-00010621,Стопорное кольцо d 40мм ГОСТ 13943-86,,9b060c03-71d9-11e7-85a2-d43d7eec442d,false,false
Номенклатура — current,raw.r1c_nomenclature_current,0a3a9028-1cf7-11ef-9c58-00505689ff45,00-00010620,Стопорное кольцо d 47мм ГОСТ 13943-86,,9b060c03-71d9-11e7-85a2-d43d7eec442d,false,false
Номенклатура — current,raw.r1c_nomenclature_current,f0284203-e764-11ee-9c4c-005056893620,00-00010340,Стопорное кольцо d20мм ГОСТ 13942-86,,9b060c03-71d9-11e7-85a2-d43d7eec442d,false,false
Номенклатура — current,raw.r1c_nomenclature_current,8b8055d9-e417-11e9-af7c-30f7727a492e,00-00002041,"Стопорное кольцо А 40х1,75.471 (10113110/270819/0128260)",,9b060c03-71d9-11e7-85a2-d43d7eec442d,false,false
Номенклатура — current,raw.r1c_nomenclature_current,8b8055da-e417-11e9-af7c-30f7727a492e,00-00002042,"Стопорное кольцо А 40х1,75.471 (10113110/280119/0009484)",,9b060c03-71d9-11e7-85a2-d43d7eec442d,false,false
Номенклатура — current,raw.r1c_nomenclature_current,d2aed054-038c-11ea-951d-30f7727a492e,00-00002171,"Стопорное кольцо наружное 35х1,5 DIN 471",,9b060c03-71d9-11e7-85a2-d43d7eec442d,false,false
Номенклатура — current,raw.r1c_nomenclature_current,dec771cf-f524-11eb-9c3a-00505689ff45,АК-00003716,Страйк Инсектицид,,f9d67774-531d-11f0-b811-005056bde474,false,false
Номенклатура — current,raw.r1c_nomenclature_current,dec771d0-f524-11eb-9c3a-00505689ff45,АК-00003717,Страйк Форте Инсектицид,,f9d67774-531d-11f0-b811-005056bde474,false,false
Номенклатура — current,raw.r1c_nomenclature_current,99db7c71-1e19-11e8-af31-30f7727a492e,00-00000728,Страхование груза,,34f83455-094c-11f0-b80e-005056bde474,false,false
Номенклатура — current,raw.r1c_nomenclature_current,d088df60-cb69-11e7-a3ed-94de80168a80,00-00000478,Страхование транспортного срества,,9b060c58-71d9-11e7-85a2-d43d7eec442d,false,false
Номенклатура — current,raw.r1c_nomenclature_current,01c24358-4215-11f1-b821-005056bde474,00-00014109,Стрейч пленка,,a986fb07-0a39-11f0-b80e-005056bde474,true,false
Номенклатура — current,raw.r1c_nomenclature_current,67583fe6-9a8f-11ee-9c4a-005056893620,00-00009918,Стрейч пленка 500*20 мкм втор. сырье (вес 2 кг нетто),,01c24358-4215-11f1-b821-005056bde474,false,false
Номенклатура — current,raw.r1c_nomenclature_current,79807fe3-5b36-11f0-b811-005056bde474,00-00012511,"Стрейч пленка для руч.упак. 50х17 1,75кг",,01c24358-4215-11f1-b821-005056bde474,false,false
Номенклатура — current,raw.r1c_nomenclature_current,c99ee36d-dc1e-11f0-b81e-005056bde474,00-00013200,Стрейч пленка ручная 500мм 20мкм 2 кг/рул,,01c24358-4215-11f1-b821-005056bde474,false,false
Номенклатура — current,raw.r1c_nomenclature_current,b8f272cf-003b-11ec-9c3a-00505689ff45,АК-00003996,Стремянка  передн. Камаз 5320-2902408 без гаек,,9b060c03-71d9-11e7-85a2-d43d7eec442d,false,false
Номенклатура — current,raw.r1c_nomenclature_current,944caff3-003c-11ec-9c3a-00505689ff45,АК-00003998,Стремянка  передн.рессоры зад.длин.L230мм130-2902408,,9b060c03-71d9-11e7-85a2-d43d7eec442d,false,false
Номенклатура — current,raw.r1c_nomenclature_current,d0105732-505d-11f1-b821-005056bde474,00-00014367,Стремянка 3 ступенчатая стальная Ярус,,917ab634-0a38-11f0-b80e-005056bde474,false,false
Номенклатура — current,raw.r1c_nomenclature_current,f447ae8e-a74c-11eb-c282-fa163e0d31f7,БП-00003896,Стремянка 6 ступеней алюмин. с органайзером,,917ab634-0a38-11f0-b80e-005056bde474,false,false
Номенклатура — current,raw.r1c_nomenclature_current,a44bcb48-e489-11eb-0c9a-fa163e0d31f7,БП-00004468,Стремянка Алюмет MD M8204 двухсторонняя стальная ,,f0e4c260-a130-11e8-af4c-30f7727a492e,false,false
Номенклатура — current,raw.r1c_nomenclature_current,2f36725c-5b17-11ee-9c4f-00505689ff45,00-00009562,Стремянка ГАЗ-3302 рессоры ,,9b060c03-71d9-11e7-85a2-d43d7eec442d,false,false
Номенклатура — current,raw.r1c_nomenclature_current,76c7e012-8815-11e9-af70-30f7727a492e,00-00001670,"Стремянка ЗИЛ-130 рессоры задней L=465 мм,М22х1,5 мм ДЗМ",,9b060c03-71d9-11e7-85a2-d43d7eec442d,false,false
Номенклатура — current,raw.r1c_nomenclature_current,79706484-3a10-11eb-dc8d-fa163e0d31f7,БП-00003390,Стремянка ЗИЛ-130 рессоры передней ,,9b060c03-71d9-11e7-85a2-d43d7eec442d,false,false
Номенклатура — current,raw.r1c_nomenclature_current,aeacb7c4-3a10-11eb-dc8d-fa163e0d31f7,БП-00003391,Стремянка ЗИЛ-130 ушка рессоры передняя,,9b060c03-71d9-11e7-85a2-d43d7eec442d,false,false
Номенклатура — current,raw.r1c_nomenclature_current,7988cba6-3a0f-11eb-dc8d-fa163e0d31f7,БП-00003387,"Стремянка ЗИЛ-4331рессоры передней длинная L=210 мм,М20х1,5 мм ДЗМ",,9b060c03-71d9-11e7-85a2-d43d7eec442d,false,false
Номенклатура — current,raw.r1c_nomenclature_current,a43ab2d8-3a0f-11eb-dc8d-fa163e0d31f7,БП-00003388,"Стремянка ЗИЛ-4331рессоры передней короткая L=175 мм,М20х1,5 мм ДЗМ",,9b060c03-71d9-11e7-85a2-d43d7eec442d,false,false
Номенклатура — current,raw.r1c_nomenclature_current,32eda29c-e5a9-11ec-9c42-00505689c8d9,00-00006596,"Стремянка М 16 оцинкованная,037 03066",,9b060c03-71d9-11e7-85a2-d43d7eec442d,false,false
Номенклатура — current,raw.r1c_nomenclature_current,36556ec5-1fa7-11ec-9c3a-00505689ff45,АК-00005259,Стремянка МАЗ рессоры передней 5335-2902409N24*2L=270мм,,9b060c03-71d9-11e7-85a2-d43d7eec442d,false,false
Номенклатура — current,raw.r1c_nomenclature_current,abccad56-ef28-11f0-b81e-005056bde474,00-00013349,"Стремянка свободностоящая, 6 ступеней Gigant ",,917ab634-0a38-11f0-b80e-005056bde474,false,false
Номенклатура — current,raw.r1c_nomenclature_current,f0095122-03d9-11eb-ac9e-fa163ee5d2f9,БП-00003058,Стремянка ф 22 L200,,9b060c03-71d9-11e7-85a2-d43d7eec442d,false,false
Номенклатура — current,raw.r1c_nomenclature_current,415efd38-f56c-11f0-b81e-005056bde474,00-00013425,"Стриппер для проводов 0,2-6 мм2 Super № 5, wcn51000005 Weicon-Tools ",,c7578db7-735f-11f0-b814-005056bde474,false,false
Номенклатура — current,raw.r1c_nomenclature_current,a8ba09e0-a066-11f0-b81d-005056bde474,00-00012782,Стриппер №150 Weicon-Tools ,,e588fd02-0a37-11f0-b80e-005056bde474,false,false
Номенклатура — current,raw.r1c_nomenclature_current,18842b3e-1166-11f1-b81f-005056bde474,00-00013821,Строительно-монтажная клемма СМК 222-413 IEK,,9adc9f2a-3d8a-11f1-b821-005056bde474,false,false
Номенклатура — current,raw.r1c_nomenclature_current,c458eafd-5a10-11ef-9c59-00505689ff45,00-00010832,Строительно-монтажная клемма СМК 222-413 ЕК,,9adc9f2a-3d8a-11f1-b821-005056bde474,false,false
Номенклатура — current,raw.r1c_nomenclature_current,d6c6307f-5a10-11ef-9c59-00505689ff45,00-00010833,Строительно-монтажная клемма СМК 222-415 ЕК,,9adc9f2a-3d8a-11f1-b821-005056bde474,false,false
Номенклатура — current,raw.r1c_nomenclature_current,9088eead-75dc-11e7-af18-30f7727a492e,00-00000066,Строительные материалы,,b561a4a4-094b-11f0-b80e-005056bde474,true,false
Номенклатура — current,raw.r1c_nomenclature_current,7cfba52b-e0bf-11f0-b81e-005056bde474,00-00013260,Строительные материалы ,,34f83445-094c-11f0-b80e-005056bde474,false,false
Номенклатура — current,raw.r1c_nomenclature_current,34f83445-094c-11f0-b80e-005056bde474,00-00011797,Строительные услуги,,9b060c57-71d9-11e7-85a2-d43d7eec442d,true,false
Номенклатура — current,raw.r1c_nomenclature_current,db0da872-c255-11ed-9c4d-00505689ff45,00-00007679,Строительный нож  18 мм в металлическом корпусе с винтовым зажимом ,,9088eead-75dc-11e7-af18-30f7727a492e,false,false
Номенклатура — current,raw.r1c_nomenclature_current,49b20337-b380-11ee-9c4c-005056893620,00-00010074,Строительный нож 10лезвий в наборе GWK 622,,9088eead-75dc-11e7-af18-30f7727a492e,false,false
Номенклатура — current,raw.r1c_nomenclature_current,30d6870a-e923-11ea-4391-fa163ee5d2f9,БП-00002998,Строительство ангара 20х74х9м,,34f83445-094c-11f0-b80e-005056bde474,false,false
Номенклатура — current,raw.r1c_nomenclature_current,d2229cc7-92d6-11f0-b818-005056bde474,00-00012711,"Строп 8-4СЦ-3,15 (1500)",,917ab634-0a38-11f0-b80e-005056bde474,false,false
Номенклатура — current,raw.r1c_nomenclature_current,0050f74a-92d7-11f0-b818-005056bde474,00-00012713,"Строп СТП - 1,0 (1500)",,917ab634-0a38-11f0-b80e-005056bde474,false,false
Номенклатура — current,raw.r1c_nomenclature_current,fa21c27d-92d6-11f0-b818-005056bde474,00-00012712,"Строп СТП - 1,0 (3000)",,917ab634-0a38-11f0-b80e-005056bde474,false,false
Номенклатура — current,raw.r1c_nomenclature_current,9cc66fc1-a2b2-11f0-b81d-005056bde474,00-00012846,Строп круглопрядный четырехветвевой 4стк 3т / 4000 мм (4м) ,,e857fb59-7295-11f0-b814-005056bde474,false,false
Номенклатура — current,raw.r1c_nomenclature_current,7c46f211-a084-11f0-b81d-005056bde474,00-00012822,Строп круглопрядный четырехветвевой 4стк 3т / 6000 мм (6м),,e857fb59-7295-11f0-b814-005056bde474,false,false
Номенклатура — current,raw.r1c_nomenclature_current,c1bf9cc5-a5df-11ec-9c42-00505689c8d9,00-00006331,Строп текстильный СТП-2т 4м,,9088eead-75dc-11e7-af18-30f7727a492e,false,false
Номенклатура — current,raw.r1c_nomenclature_current,67a1cc6c-f7e0-11ec-9c42-89a3dcc9992a,00-00006741,Строп текстильный СТП-3т 2м,,9088eead-75dc-11e7-af18-30f7727a492e,false,false
Номенклатура — current,raw.r1c_nomenclature_current,cb6686e0-f7e1-11ec-9c42-89a3dcc9992a,00-00006744,Строп текстильный СТП-3т 8м,,9088eead-75dc-11e7-af18-30f7727a492e,false,false
Номенклатура — current,raw.r1c_nomenclature_current,0ff9cada-d322-11eb-5d99-fa163e0d31f7,БП-00004297,Строп текстильный СТП-5т 8м,,917ab634-0a38-11f0-b80e-005056bde474,false,false
Номенклатура — current,raw.r1c_nomenclature_current,34b28dee-d322-11eb-5d99-fa163e0d31f7,БП-00004298,Строп текстильный СТП-6т 8м,,917ab634-0a38-11f0-b80e-005056bde474,false,false
Номенклатура — current,raw.r1c_nomenclature_current,270971ec-9393-11f0-b818-005056bde474,00-00012722,"Строп текстильный петлевой СТП-5,0/5,0м",,917ab634-0a38-11f0-b80e-005056bde474,false,false
Номенклатура — current,raw.r1c_nomenclature_current,3e36ba33-f7e0-11ec-9c42-89a3dcc9992a,00-00006740,"Строп цепной 4СЦ-2,36т",,917ab634-0a38-11f0-b80e-005056bde474,false,false
Номенклатура — current,raw.r1c_nomenclature_current,1045a7a6-86fc-11eb-539b-fa163e0d31f7,БП-00003766,Стропа,,f0e4c260-a130-11e8-af4c-30f7727a492e,false,false
Номенклатура — current,raw.r1c_nomenclature_current,c2cf8294-73bf-11f1-b822-005056bde474,00-00014559,Стропа текстильная 3000кг 2м 90мм СТП3020,,4de4576f-4ea3-11f1-b821-005056bde474,false,false
Номенклатура — current,raw.r1c_nomenclature_current,b6a7a9e1-1bc5-11ee-9c4e-00505689ff45,00-00008303,Струбцина F-образная 200/50/260мм,,007d76f1-0a39-11f0-b80e-005056bde474,false,false
Номенклатура — current,raw.r1c_nomenclature_current,7feef086-1bc5-11ee-9c4e-00505689ff45,00-00008302,Струбцина клещеобразная 42мм,,007d76f1-0a39-11f0-b80e-005056bde474,false,false
Номенклатура — current,raw.r1c_nomenclature_current,9b060ca3-71d9-11e7-85a2-d43d7eec442d,00000009   ,Струна 70-4235015,,9b060c03-71d9-11e7-85a2-d43d7eec442d,false,false
Номенклатура — current,raw.r1c_nomenclature_current,57c606ed-ad7d-11ef-9c5e-00505689ff45,00-00011417,Стул,,9088eeac-75dc-11e7-af18-30f7727a492e,false,false
Номенклатура — current,raw.r1c_nomenclature_current,9b060ca4-71d9-11e7-85a2-d43d7eec442d,00000097   ,Стул изо,,9088eeac-75dc-11e7-af18-30f7727a492e,false,false
Номенклатура — current,raw.r1c_nomenclature_current,9bb4dc15-e228-11ef-b80c-005056bde474,00-00011625,Ступица 2039/83-02-100.00,,9b060c03-71d9-11e7-85a2-d43d7eec442d,false,false
Номенклатура — current,raw.r1c_nomenclature_current,c840ef40-0cc0-11ec-9c3a-00505689ff45,АК-00004919,"Ступица ЗТ-40,А 50.08.200 СБ",,9b060c03-71d9-11e7-85a2-d43d7eec442d,false,false
Номенклатура — current,raw.r1c_nomenclature_current,b85f7dc3-e226-11ef-b80c-005056bde474,00-00011621,Ступица в сборе левая,,9b060c03-71d9-11e7-85a2-d43d7eec442d,false,false
Номенклатура — current,raw.r1c_nomenclature_current,ae458f13-e226-11ef-b80c-005056bde474,00-00011620,Ступица в сборе правая,,9b060c03-71d9-11e7-85a2-d43d7eec442d,false,false
Номенклатура — current,raw.r1c_nomenclature_current,d495483a-d825-11eb-d199-fa163e0d31f7,БП-00004350,Ступица диска,,45c9e202-0a37-11f0-b80e-005056bde474,false,false
Номенклатура — current,raw.r1c_nomenclature_current,c3a5440b-e5c5-11ec-9c42-00505689c8d9,00-00006649,Ступица диска (889.03662),,9b060c03-71d9-11e7-85a2-d43d7eec442d,false,false
Номенклатура — current,raw.r1c_nomenclature_current,1e4a3e32-fe3c-11ea-7580-fa163ee5d2f9,БП-00003044,Ступица задняя 130-3104015,,9b060c03-71d9-11e7-85a2-d43d7eec442d,false,false
Номенклатура — current,raw.r1c_nomenclature_current,93b65eb8-d18c-11ee-9c4c-005056893620,00-00010213,Ступица колеса Соболь 4х4,,9b060c03-71d9-11e7-85a2-d43d7eec442d,false,false
Номенклатура — current,raw.r1c_nomenclature_current,bf45cfad-13d6-11f0-b80e-005056bde474,00-00011923,Ступица оси,,45c9e202-0a37-11f0-b80e-005056bde474,false,false
Номенклатура — current,raw.r1c_nomenclature_current,cea855c2-4480-11eb-7b94-fa163e0d31f7,БП-00003485,Ступица передняя,,9b060c03-71d9-11e7-85a2-d43d7eec442d,false,false
Номенклатура — current,raw.r1c_nomenclature_current,950ba52e-80aa-11ec-9c41-00505689c8d9,00-00006053,Ступица передняя SKF,,9b060c03-71d9-11e7-85a2-d43d7eec442d,false,false
Номенклатура — current,raw.r1c_nomenclature_current,6f755bdd-2b90-11ec-b9a9-00505689914b,АК-00005478,Ступица передняя VKBA 7085 SKF,,9b060c03-71d9-11e7-85a2-d43d7eec442d,false,false
Номенклатура — current,raw.r1c_nomenclature_current,025aec63-3b53-11ee-9c4e-00505689ff45,00-00008485,Ступица передняя Л/ПР ASIMA ASI55040,,9b060c03-71d9-11e7-85a2-d43d7eec442d,false,false
Номенклатура — current,raw.r1c_nomenclature_current,1bb6b934-d18d-11ee-9c4c-005056893620,00-00010215,Ступица передняя левая,,9b060c03-71d9-11e7-85a2-d43d7eec442d,false,false
Номенклатура — current,raw.r1c_nomenclature_current,8610aeb8-3291-11ed-9c43-cb6d75bb653b,00-00007154,Ступица приводной звездочки диам 40мм DEWULF,,9b060c03-71d9-11e7-85a2-d43d7eec442d,false,false
Номенклатура — current,raw.r1c_nomenclature_current,5127cf67-7cd0-11ef-9c5d-00505689ff45,00-00011132,Ступица режущего узла AgroPoint IL50-98/4T-M22,,9b060c03-71d9-11e7-85a2-d43d7eec442d,false,false
Номенклатура — current,raw.r1c_nomenclature_current,3941ecf0-8f0e-11e8-af45-30f7727a492e,00-00000976,Ступица эпицикла МТЗ-1221,,9b060c03-71d9-11e7-85a2-d43d7eec442d,false,false
Номенклатура — current,raw.r1c_nomenclature_current,513128ac-a618-11ec-9c42-00505689c8d9,00-00006344,Стусло,,9088eead-75dc-11e7-af18-30f7727a492e,false,false
Номенклатура — current,raw.r1c_nomenclature_current,ef434bce-d013-11ee-9c4c-005056893620,00-00010206,Стыковка конвейерной ленты у заказчика 650 мм,,9b060c03-71d9-11e7-85a2-d43d7eec442d,false,false
Номенклатура — current,raw.r1c_nomenclature_current,25fbaa5b-65f5-11f0-b811-005056bde474,00-00012567,Стяжка МТЗ в сборе 1522,,45c9e202-0a37-11f0-b80e-005056bde474,false,false
Номенклатура — current,raw.r1c_nomenclature_current,efa437a6-ddc8-11ed-9c4e-00505689ff45,00-00007789,Стяжка МТЗ устройства навесного РЗТ,,9b060c03-71d9-11e7-85a2-d43d7eec442d,false,false
Номенклатура — current,raw.r1c_nomenclature_current,28975448-46e7-11e8-af37-30f7727a492e,00-00000801,Стяжка МТЗ-1221 навески с кронштейном,,9b060c03-71d9-11e7-85a2-d43d7eec442d,false,false
Номенклатура — current,raw.r1c_nomenclature_current,61cee1b1-1111-11ef-9c4f-005056893620,00-00010507,Стяжка груза 25мм х 3м,,9b060c03-71d9-11e7-85a2-d43d7eec442d,false,false
Номенклатура — current,raw.r1c_nomenclature_current,8a0518a9-1111-11ef-9c4f-005056893620,00-00010508,Стяжка груза 25мм х 4м,,9b060c03-71d9-11e7-85a2-d43d7eec442d,false,false
Номенклатура — current,raw.r1c_nomenclature_current,d2aed069-038c-11ea-951d-30f7727a492e,00-00002178,Стяжка груза 5т*10м усиленная,,9b060c03-71d9-11e7-85a2-d43d7eec442d,false,false
Номенклатура — current,raw.r1c_nomenclature_current,d32f5362-f694-11f0-b81e-005056bde474,00-00013469,Стяжка кабельная неразъемная 2.5х150мм 100шт.,,e857fb59-7295-11f0-b814-005056bde474,false,false
Номенклатура — current,raw.r1c_nomenclature_current,02e8fb7d-2840-11ed-9c43-cb6d75bb653b,00-00007096,Стяжка на калитку не съемная,,9b060c02-71d9-11e7-85a2-d43d7eec442d,false,false
Номенклатура — current,raw.r1c_nomenclature_current,92f46a27-2d28-11ee-9c4e-00505689ff45,00-00008386,Стяжки 5х400 100шт,,9b060c02-71d9-11e7-85a2-d43d7eec442d,false,false
Номенклатура — current,raw.r1c_nomenclature_current,6713f9cb-efc1-11f0-b81e-005056bde474,00-00013390,Стяжки нейлоновые КСС 3х150 черный 100шт,,e857fb59-7295-11f0-b814-005056bde474,false,false
Номенклатура — current,raw.r1c_nomenclature_current,7425113c-41bf-11ee-9c4e-00505689ff45,00-00009231,Стяжки нейлоновые КСС 4х200 100шт,,9adc9f2a-3d8a-11f1-b821-005056bde474,false,false
Номенклатура — current,raw.r1c_nomenclature_current,40d81eea-ff7e-11ed-9c4e-00505689ff45,00-00008067,Стяжки нейлоновые КСС 5х300ч упакк 100 шт,,f0e4c260-a130-11e8-af4c-30f7727a492e,false,false
Номенклатура — current,raw.r1c_nomenclature_current,ecb2dd80-ea5b-11ed-9c4e-00505689ff45,00-00007891,Стяжки нейлоновые КСС 5х500 100шт,,f0e4c260-a130-11e8-af4c-30f7727a492e,false,false
Номенклатура — current,raw.r1c_nomenclature_current,393cd884-ea68-11ed-9c4e-00505689ff45,00-00007892,Стяжки нейлоновые НСС 3х200 100шт,,f0e4c260-a130-11e8-af4c-30f7727a492e,false,false
Номенклатура — current,raw.r1c_nomenclature_current,82d23b0d-f693-11f0-b81e-005056bde474,00-00013464,"Стяжки пластиковые, хомуты 3,6х300",,e857fb59-7295-11f0-b814-005056bde474,false,false
Номенклатура — current,raw.r1c_nomenclature_current,4423e022-4338-11ef-9c59-00505689ff45,00-00010733,Стяжной винт (100.49252),,9b060c03-71d9-11e7-85a2-d43d7eec442d,false,false
Номенклатура — current,raw.r1c_nomenclature_current,21d96b6a-a46e-11e9-af76-30f7727a492e,00-00001754,Сульфат Аммония,,4d72fc7e-531d-11f0-b811-005056bde474,false,false
Номенклатура — current,raw.r1c_nomenclature_current,69764e06-a5b7-11ea-7691-fa163ee5d2f9,БП-00002729,Сульфат Аммония гранулированный МКР,,4d72fc7e-531d-11f0-b811-005056bde474,false,false
Номенклатура — current,raw.r1c_nomenclature_current,36060f38-5042-11f1-b821-005056bde474,00-00014356,Сульфат аммония гранулированный,,ecb53465-3b94-11f0-b80e-005056bde474,false,false
Номенклатура — current,raw.r1c_nomenclature_current,e1c0bd5e-6471-11ef-9c5c-00505689ff45,00-00010926,Сульфат калия мешки,,4d72fc7e-531d-11f0-b811-005056bde474,false,false
Номенклатура — current,raw.r1c_nomenclature_current,390e2984-d1c9-11ec-9c42-00505689c8d9,00-00006517,"Сульфат магния,марка эпсомит гранулированный MgSO₄",,7aa09abf-3b95-11f0-b80e-005056bde474,false,false
Номенклатура — current,raw.r1c_nomenclature_current,eb4595ab-f35a-11eb-9c3a-00505689ff45,АК-00003328,Сульфонитрат аммония NS 26.5,,ecb53465-3b94-11f0-b80e-005056bde474,false,false
Номенклатура — current,raw.r1c_nomenclature_current,dec771d1-f524-11eb-9c3a-00505689ff45,АК-00003718,Суми-альфа Инсектицид,,f9d67774-531d-11f0-b811-005056bde474,false,false
Номенклатура — current,raw.r1c_nomenclature_current,dec771d2-f524-11eb-9c3a-00505689ff45,АК-00003719,Сумиджу Инсектицид,,f9d67774-531d-11f0-b811-005056bde474,false,false
Номенклатура — current,raw.r1c_nomenclature_current,dec771d3-f524-11eb-9c3a-00505689ff45,АК-00003720,Сумитион Инсектицид,,f9d67774-531d-11f0-b811-005056bde474,false,false
Номенклатура — current,raw.r1c_nomenclature_current,1bdbfce0-056c-11ec-9c3a-00505689ff45,АК-00004693,Сумка Aceline HT1505NG для ноутбука,,9088ee8b-75dc-11e7-af18-30f7727a492e,false,false
Номенклатура — current,raw.r1c_nomenclature_current,47b45dee-92f5-11ec-9c42-00505689c8d9,00-00006243,Сумка Aceline HT1509NВ для ноутбука черная,,ce412305-0a38-11f0-b80e-005056bde474,false,false
Номенклатура — current,raw.r1c_nomenclature_current,a0c42aa3-056e-11ec-9c3a-00505689ff45,АК-00004696,Сумка Aceline HT1701NВ черная для ноутбука,,9088ee8b-75dc-11e7-af18-30f7727a492e,false,false
Номенклатура — current,raw.r1c_nomenclature_current,c59480a2-ef27-11f0-b81e-005056bde474,00-00013347,Сумка для инструмента с ремнем 360x150x230 мм Dr. IRON ,,f7164898-2ffe-11eb-af80-fa163e0d31f7,false,false
Номенклатура — current,raw.r1c_nomenclature_current,d1f3c884-a0d4-11ee-9c4c-005056893620,00-00009970,Сумка-пояс одинарная 20 карманов ,,917ab634-0a38-11f0-b80e-005056bde474,false,false
Номенклатура — current,raw.r1c_nomenclature_current,ce2708ba-71ac-11ee-9c4a-005056893620,00-00009693,Сумка-пояс одинарная 7 карманов Matrix,,917ab634-0a38-11f0-b80e-005056bde474,false,false
Номенклатура — current,raw.r1c_nomenclature_current,dec771d4-f524-11eb-9c3a-00505689ff45,АК-00003721,Супер Альянс Инсектицид,,2eaeac4d-5322-11f0-b811-005056bde474,false,false
Номенклатура — current,raw.r1c_nomenclature_current,dec771d5-f524-11eb-9c3a-00505689ff45,АК-00003722,Супер Док Инсектицид,,2eaeac4d-5322-11f0-b811-005056bde474,false,false
Номенклатура — current,raw.r1c_nomenclature_current,dec771d6-f524-11eb-9c3a-00505689ff45,АК-00003723,Суперкилл Инсектицид,,f9d67774-531d-11f0-b811-005056bde474,false,false
Номенклатура — current,raw.r1c_nomenclature_current,d7f8c999-2515-11ec-a9db-00505689f463,АК-00005380,Суппорт (кронштейн нижний левый) 34157900,,9b060c03-71d9-11e7-85a2-d43d7eec442d,false,false
Номенклатура — current,raw.r1c_nomenclature_current,a221f0c7-2515-11ec-a9db-00505689f463,АК-00005379,Суппорт (кронштейн нижний правый) 34158000,,9b060c03-71d9-11e7-85a2-d43d7eec442d,false,false
Номенклатура — current,raw.r1c_nomenclature_current,6a20248a-9887-11eb-9b81-fa163e0d31f7,БП-00003836,Суппорт задний L,,9b060c03-71d9-11e7-85a2-d43d7eec442d,false,false
Номенклатура — current,raw.r1c_nomenclature_current,5edc1983-cc55-11e8-af53-30f7727a492e,00-00001301,"Супротек-актив регуляр бензин,дизель,газ",,9b060c03-71d9-11e7-85a2-d43d7eec442d,false,false
Номенклатура — current,raw.r1c_nomenclature_current,fcf84918-7729-11ef-9c5d-00505689ff45,00-00011093,"Суховей, ВР",,5e0b1519-531c-11f0-b811-005056bde474,false,false
Номенклатура — current,raw.r1c_nomenclature_current,1e7bbcd3-6157-11eb-9c2d-0050560417d5,00-00002809,Сушеные овощи,,a16cf7b6-6156-11eb-9c2d-0050560417d5,true,false
Номенклатура — current,raw.r1c_nomenclature_current,e2d625b3-5906-11ec-9c40-00505689c8d9,АК-00005775,Сушилка для белья складная 176х54х108 см,,f0e4c260-a130-11e8-af4c-30f7727a492e,false,false
Номенклатура — current,raw.r1c_nomenclature_current,7b8b2f4a-327a-11f1-b81f-005056bde474,00-00013971,"Сушилка для рук SONNEN Hd-m6667, 2000 Вт, Уф, погружного типа, время сушки 10 секунд, пластик, 60722",,d56a52ab-0a38-11f0-b80e-005056bde474,false,false
Номенклатура — current,raw.r1c_nomenclature_current,338ed0d7-2aa7-11ec-b9a9-00505689914b,АК-00005432,Сушка DR-10100 (контактные элементы из нержавеющей стали),,f0e4c260-a130-11e8-af4c-30f7727a492e,false,false
