category,original_name,source_tables,distinct_ids,source_rows
Номенклатура — current,"Фламинго РС1 семена  пастеризованный 0,5кг. Без полива",raw.r1c_nomenclature_current,1,1
Номенклатура — current,"Фламинго РС1 семена  пастеризованный 0,5кг. Полив",raw.r1c_nomenclature_current,1,1
Номенклатура — current,Фламинго РС1 семена Сетка на завязке 25кг. Без полива,raw.r1c_nomenclature_current,1,1
Номенклатура — current,Фламинго РС1 семена Сетка на завязке 25кг. Полив,raw.r1c_nomenclature_current,1,1
Номенклатура — current,Фламинго РС1 семена биг-бег 1000кг. Без полива,raw.r1c_nomenclature_current,1,1
Номенклатура — current,Фламинго РС1 семена биг-бег 1000кг. Полив,raw.r1c_nomenclature_current,1,1
Номенклатура — current,Фламинго РС2 (откалибров.картофель),raw.r1c_nomenclature_current,1,1
Номенклатура — current,Фламинго РС2 в ву 5кг. Полив,raw.r1c_nomenclature_current,1,1
Номенклатура — current,Фламинго РС2 мытый Сетка-домик 3кг Полив,raw.r1c_nomenclature_current,1,1
Номенклатура — current,"ФламингоРС3 Красный Беби Мытый Сетка домик1,5 кг.",raw.r1c_nomenclature_current,1,1
Номенклатура — current,ФламингоРС3 Красный Беби Мытый Сетка домик2 кг.,raw.r1c_nomenclature_current,1,1
Номенклатура — current,ФламингоРС3 Красный Беби Мытый Сетка на рулоне25 кг.,raw.r1c_nomenclature_current,1,1
Номенклатура — current,ФламингоРС3 Красный Вакуумная упаковка5 кг.,raw.r1c_nomenclature_current,1,1
Номенклатура — current,ФламингоРС3 Красный Грязный  Биг-бэг1000 кг.,raw.r1c_nomenclature_current,1,1
Номенклатура — current,"ФламингоРС3 Красный Грязный  Сетка на рулоне2,5 кг.",raw.r1c_nomenclature_current,1,1
Номенклатура — current,ФламингоРС3 Красный Грязный  Сетка на рулоне25 кг.,raw.r1c_nomenclature_current,1,1
Номенклатура — current,ФламингоРС3 Красный Грязный  Сетка на рулоне3 кг.,raw.r1c_nomenclature_current,1,1
Номенклатура — current,ФламингоРС3 Красный Грязный  Сетка на рулоне5 кг.,raw.r1c_nomenclature_current,1,1
Номенклатура — current,"ФламингоРС3 Красный Грязный 35-50 Сетка на рулоне2,5 кг.",raw.r1c_nomenclature_current,1,1
Номенклатура — current,"ФламингоРС3 Красный Мытый  Сетка домик2,5 кг.",raw.r1c_nomenclature_current,1,1
Номенклатура — current,ФламингоРС3 Красный Мытый  Сетка домик3 кг.,raw.r1c_nomenclature_current,1,1
Номенклатура — current,ФламингоРС3 Красный Мытый  Сетка на рулоне25 кг.,raw.r1c_nomenclature_current,1,1
Номенклатура — current,Фланец 52-1802078,raw.r1c_nomenclature_current,1,1
Номенклатура — current,"Фланец 71 В5 (160мм) х045,050,202А,403А 211,311,Х228,238,Х43А,503С.FA43",raw.r1c_nomenclature_current,1,1
Номенклатура — current,Фланец МТЗ опоры промежуточной БЗТДиА,raw.r1c_nomenclature_current,1,1
Номенклатура — current,Фланец МТЗ редуктора конечной передачи моста переднего ИПНФ,raw.r1c_nomenclature_current,1,1
Номенклатура — current,Фланец НШ-32 на РВД 24,raw.r1c_nomenclature_current,1,1
Номенклатура — current,Фланец-вилка 700 22 01 011 карданного вала,raw.r1c_nomenclature_current,1,1
Номенклатура — current,Фланцевый подшипник (201.06533),raw.r1c_nomenclature_current,1,1
Номенклатура — current,Фланцевый ролик 75,raw.r1c_nomenclature_current,1,1
Номенклатура — current,Флеш-память Promera Jet 8 GB,raw.r1c_nomenclature_current,1,1
Номенклатура — current,Флеш-память Silcon Power Marvel MO1 16GB blue,raw.r1c_nomenclature_current,1,1
Номенклатура — current,"Флешка USB FLASH 2,0",raw.r1c_nomenclature_current,1,1
Номенклатура — current,Флинт Инсектицид,raw.r1c_nomenclature_current,1,1
Номенклатура — current,"Флиппер 220,240,260 (170*508) (6,7-20)н",raw.r1c_nomenclature_current,1,1
Номенклатура — current,Флуафол Инсектицид,raw.r1c_nomenclature_current,1,1
Номенклатура — current,Флудимакс Инсектицид,raw.r1c_nomenclature_current,1,1
Номенклатура — current,Флуплант Инсектицид,raw.r1c_nomenclature_current,1,1
Номенклатура — current,Флуцит Инсектицид,raw.r1c_nomenclature_current,1,1
Номенклатура — current,Флэш накопитель,raw.r1c_nomenclature_current,1,1
Номенклатура — current,"Флюс для пайки , ЛТИ-120, 30 мл, с кисточкой, флакон",raw.r1c_nomenclature_current,1,1
Номенклатура — current,Флюс для пайки СКФ спирто-канифольный 30мл,raw.r1c_nomenclature_current,1,1
Номенклатура — current,Фолиант Инсектицид,raw.r1c_nomenclature_current,1,1
Номенклатура — current,Фоликур Инсектицид,raw.r1c_nomenclature_current,1,1
Номенклатура — current,Фолинор Инсектицид,raw.r1c_nomenclature_current,1,1
Номенклатура — current,Фонарик светодиодный противоударный,raw.r1c_nomenclature_current,1,1
Номенклатура — current,Фонарь 3703.3712 пер.тр. (нов.образ УК) 3713.3712,raw.r1c_nomenclature_current,1,1
Номенклатура — current,"Фонарь 4802,3731 габаритный ГАЗ 3731-02",raw.r1c_nomenclature_current,1,1
Номенклатура — current,Фонарь INGCO,raw.r1c_nomenclature_current,1,1
Номенклатура — current,"Фонарь LH-700 ENOT PRO налобный/ручной ЯРКИЙ ЛУЧ OSRAM P9 700лм, 5реж., клипса/магнит, под акк 18650",raw.r1c_nomenclature_current,1,1
Номенклатура — current,Фонарь ФП116 задний (автобусы красн),raw.r1c_nomenclature_current,1,1
Номенклатура — current,"Фонарь ФП132 задний УАЗ,ГАЗ",raw.r1c_nomenclature_current,1,1
Номенклатура — current,Фонарь ФП209 задний тракторный МК,raw.r1c_nomenclature_current,1,1
Номенклатура — current,Фонарь ЭРА прожектор АЛЬФА (РА-602),raw.r1c_nomenclature_current,1,1
Номенклатура — current,Фонарь аккумулятор. Космос,raw.r1c_nomenclature_current,1,1
Номенклатура — current,Фонарь аккумулятор. налобный LED53763 4вт черный ,raw.r1c_nomenclature_current,1,1
Номенклатура — current,"Фонарь габаритный ""slim"" 3 диода белый 12/24",raw.r1c_nomenclature_current,1,1
Номенклатура — current,Фонарь габаритный 12/24В  оранж.,raw.r1c_nomenclature_current,1,1
Номенклатура — current,Фонарь габаритный 24В 4462 3731-02,raw.r1c_nomenclature_current,1,1
Номенклатура — current,Фонарь габаритный Автобус передний 12v ОСВАР ПФ116,raw.r1c_nomenclature_current,1,1
Номенклатура — current,Фонарь габаритный ПАЗ боковой герметичный 12v ОСВАР 4802.3731-02,raw.r1c_nomenclature_current,1,1
Номенклатура — current,Фонарь габаритный светодиодный ГФМ-6.3731,raw.r1c_nomenclature_current,1,1
Номенклатура — current,Фонарь заднего колеса для трактора John Deere,raw.r1c_nomenclature_current,1,1
Номенклатура — current,Фонарь задний Boxer,raw.r1c_nomenclature_current,1,1
Номенклатура — current,Фонарь задний CITROEN JUMPER,raw.r1c_nomenclature_current,1,1
Номенклатура — current,Фонарь задний MERCEDES W463 07-12,raw.r1c_nomenclature_current,1,1
Номенклатура — current,Фонарь задний Автобус стоп-сигнала 12V,raw.r1c_nomenclature_current,1,1
Номенклатура — current,"Фонарь задний КАМАЗ, МАЗ левый 24В",raw.r1c_nomenclature_current,1,1
Номенклатура — current,"Фонарь задний КАМАЗ, МАЗ правый 24В",raw.r1c_nomenclature_current,1,1
Номенклатура — current,"Фонарь задний МТЗ 7303,3716 пластик РК",raw.r1c_nomenclature_current,1,1
Номенклатура — current,Фонарь задний МТЗ н/о,raw.r1c_nomenclature_current,1,1
Номенклатура — current,"Фонарь задний прицепа, М-2335",raw.r1c_nomenclature_current,1,1
Номенклатура — current,Фонарь кемпинг,raw.r1c_nomenclature_current,1,1
Номенклатура — current,Фонарь маркерный 43.3731/431.3731 (12В/24В),raw.r1c_nomenclature_current,1,1
Номенклатура — current,Фонарь наголовный,raw.r1c_nomenclature_current,1,1
Номенклатура — current,Фонарь налобный,raw.r1c_nomenclature_current,1,1
Номенклатура — current,Фонарь налобный аккумуляторный светодиодный SА-650 ФОТОН,raw.r1c_nomenclature_current,1,1
Номенклатура — current,"Фонарь налобный светодиодный аккумуляторный 14REDs IP44, пластик, ТН2309 ",raw.r1c_nomenclature_current,1,1
Номенклатура — current,Фонарь освещения номерного знака,raw.r1c_nomenclature_current,1,1
Номенклатура — current,Фонарь передний МТЗ н/о,raw.r1c_nomenclature_current,1,1
Номенклатура — current,Фонарь подсветка номерного знака,raw.r1c_nomenclature_current,1,1
Номенклатура — current,Фонарь противотуманный УАЗ задний,raw.r1c_nomenclature_current,1,1
Номенклатура — current,Фонарь ручной,raw.r1c_nomenclature_current,1,1
Номенклатура — current,Фонарь светодиодный,raw.r1c_nomenclature_current,1,1
Номенклатура — current,Фонарь светодиодный на ПАЗ С211КЕ,raw.r1c_nomenclature_current,1,1
Номенклатура — current,Фонарь-прожектор светодиодный 100W 300м фокус алюм IP54 SBF SMARTBAY,raw.r1c_nomenclature_current,1,1
Номенклатура — current,Форис Инсектицид,raw.r1c_nomenclature_current,1,1
Номенклатура — current,Форпост Инсектицид,raw.r1c_nomenclature_current,1,1
Номенклатура — current,Форсунка ASJ SF 11005,raw.r1c_nomenclature_current,1,1
Номенклатура — current,Форсунка Д-240 (14.112010),raw.r1c_nomenclature_current,1,1
Номенклатура — current,"Форсунка ЯМЗ-534,536  ЕВРО-4 (аналог BOSCH 0445120178 АЗПИ А04-022-00-00-00)",raw.r1c_nomenclature_current,1,1
Номенклатура — current,"Форсунка гидравлическая B1/8Q-LD-0.2-AD-PP-SS-Ceramic туман, серия Q-LD, угол 40-60 град., расход 5",raw.r1c_nomenclature_current,1,1
Номенклатура — current,Форсунка керамическая 80град.,raw.r1c_nomenclature_current,1,1
Номенклатура — current,Форсунка распыляющая с углом,raw.r1c_nomenclature_current,1,1
Номенклатура — current,Форсунка с коническим отверстием керамическая,raw.r1c_nomenclature_current,1,1
Номенклатура — current,Форсунка угловая комплект 12ед 200.75915,raw.r1c_nomenclature_current,1,1
Номенклатура — current,Форус Инсектицид,raw.r1c_nomenclature_current,1,1
Номенклатура — current,Фостран Инсектицид,raw.r1c_nomenclature_current,1,1
Номенклатура — current,Фосфит Италполлина ,raw.r1c_nomenclature_current,1,1
Номенклатура — current,"Фосфит-1,водорастворимое удобрение",raw.r1c_nomenclature_current,1,1
Номенклатура — current,Фосфоритная мука,raw.r1c_nomenclature_current,1,1
Номенклатура — current,Фосфорные удобрения (P),raw.r1c_nomenclature_current,1,1
Номенклатура — current,Фотобарабан Panasonik KX-FAD473A7 Black,raw.r1c_nomenclature_current,1,1
Номенклатура — current,Фотореле ФР 600 серый макс.нагрузка 1300Вт IP44.IEK LFR20-800-1300-003,raw.r1c_nomenclature_current,1,1
Номенклатура — current,Фотореле ФР 601 серый макс.нагрузка 2200 ВА IP44 IEK,raw.r1c_nomenclature_current,1,1
Номенклатура — current,"Фотоэлектрический датчик цилиндрический d18 L69мм, материал корпуса: никелированная латунь, диффуз.",raw.r1c_nomenclature_current,1,1
Номенклатура — current,Фракционирующий сегмент(11207270/230319/0002674,raw.r1c_nomenclature_current,1,1
Номенклатура — current,Фракционирующий сегмент(11207270/260718/0006499),raw.r1c_nomenclature_current,1,1
Номенклатура — current,Фрезерование,raw.r1c_nomenclature_current,1,1
Номенклатура — current,Фреон,raw.r1c_nomenclature_current,1,1
Номенклатура — current,"Фреон (хладон) R134А баллон13,6 кг",raw.r1c_nomenclature_current,1,1
Номенклатура — current,Фрикц.привод Д.194 с фланцем,raw.r1c_nomenclature_current,1,1
Номенклатура — current,Фрикционный диск К92/4 91х150х3,raw.r1c_nomenclature_current,1,1
Номенклатура — current,Фугорка чугунная 50*40 127-3643,raw.r1c_nomenclature_current,1,1
Номенклатура — current,Фунгицид Бордоская жидкость от болезней растений,raw.r1c_nomenclature_current,1,1
Номенклатура — current,Фунгициды,raw.r1c_nomenclature_current,1,1
Номенклатура — current,Фундазол Инсектицид,raw.r1c_nomenclature_current,1,1
Номенклатура — current,Фураж,raw.r1c_nomenclature_current,1,1
Номенклатура — current,Фурнитура для чугунных труб,raw.r1c_nomenclature_current,1,1
Номенклатура — current,Фурнитура трубка ПВХ ф 8 мм (к-т),raw.r1c_nomenclature_current,1,1
Номенклатура — current,Футболка черная размер 7XL,raw.r1c_nomenclature_current,1,1
Номенклатура — current,Футболка черная размер L,raw.r1c_nomenclature_current,1,1
Номенклатура — current,Футболка черная размер XL,raw.r1c_nomenclature_current,1,1
Номенклатура — current,Футболка черная размер XXL,raw.r1c_nomenclature_current,1,1
Номенклатура — current,Футболка черная размер XXXL,raw.r1c_nomenclature_current,1,1
Номенклатура — current,Футболка черная размер XXXXL,raw.r1c_nomenclature_current,1,1
Номенклатура — current,Футболка черная размер XXXXXL,raw.r1c_nomenclature_current,1,1
Номенклатура — current,Футболка черная размер М,raw.r1c_nomenclature_current,1,1
Номенклатура — current,Футболки,raw.r1c_nomenclature_current,1,1
Номенклатура — current,"Футорка 20Х1,5 внутренняя 30х1,5 наружная ГАЗ-53,3307 ЗИЛ,КРАЗ левая с гайкой в сборе",raw.r1c_nomenclature_current,1,1
Номенклатура — current,"Футорка 20Х1,5 внутренняя 30х1,5 наружная ГАЗ-53,3307 ЗИЛ,КРАЗ правая с гайкой в сборе",raw.r1c_nomenclature_current,1,1
Номенклатура — current,Футорка 3/4х1/2 (латунь),raw.r1c_nomenclature_current,1,1
Номенклатура — current,Футорка задней проставки 2822-3104037,raw.r1c_nomenclature_current,1,1
Номенклатура — current,Футорка левая  ЗИЛ 130-3104055(200-3101046),raw.r1c_nomenclature_current,1,1
Номенклатура — current,Футорка ник. 15*20,raw.r1c_nomenclature_current,1,1
Номенклатура — current,Футорка ник. 15*3/8,raw.r1c_nomenclature_current,1,1
Номенклатура — current,Футорка правая ЗИЛ 130-3104054,raw.r1c_nomenclature_current,1,1
Номенклатура — current,Футорка чугунная 25*15,raw.r1c_nomenclature_current,1,1
Номенклатура — current,Футорка чугунная 50*32,raw.r1c_nomenclature_current,1,1
Номенклатура — current,Футорка+гайка+шпилька ЗИЛ-130 лев./прав. (комплект),raw.r1c_nomenclature_current,1,1
Номенклатура — current,Фуфанон Инсектицид,raw.r1c_nomenclature_current,1,1
Номенклатура — current,Фуфанон Эксперт Инсектицид,raw.r1c_nomenclature_current,1,1
Номенклатура — current,Фуфанон-Нова Инсектицид,raw.r1c_nomenclature_current,1,1
Номенклатура — current,Фьюри Инсектицид,raw.r1c_nomenclature_current,1,1
Номенклатура — current,Фюзилад Форте КЭ,raw.r1c_nomenclature_current,1,1
Номенклатура — current,"Хаб (разветвитель) Buro BU-HUB4-0.5-U3.0, черный",raw.r1c_nomenclature_current,1,1
Номенклатура — current,"Хакер, ВРГ Гербицид ",raw.r1c_nomenclature_current,1,1
Номенклатура — current,Халат н/с процедурный на кнопке белый,raw.r1c_nomenclature_current,1,1
Номенклатура — current,Халат рабочий женский/у02-ХЛ белый (р 48-50),raw.r1c_nomenclature_current,1,1
Номенклатура — current,Халат рабочий женский/у02-ХЛ белый (р 52-54),raw.r1c_nomenclature_current,1,1
Номенклатура — current,Халат рабочий женский/у02-ХЛ белый (р 56-58),raw.r1c_nomenclature_current,1,1
Номенклатура — current,Халат рабочий женский/у02-ХЛ синий (р 48-50),raw.r1c_nomenclature_current,1,1
Номенклатура — current,Халат рабочий женский/у02-ХЛ синий (р 52-54),raw.r1c_nomenclature_current,1,1
Номенклатура — current,Халат рабочий женский/у02-ХЛ синий (р 60-62),raw.r1c_nomenclature_current,1,1
Номенклатура — current,Халат рабочий мужской /у02-ХЛ белый (р 48-50),raw.r1c_nomenclature_current,1,1
Номенклатура — current,Халат рабочий мужской /у02-ХЛ белый (р 52-54),raw.r1c_nomenclature_current,1,1
Номенклатура — current,Халат рабочий мужской /у02-ХЛ белый (р 56-58),raw.r1c_nomenclature_current,1,1
Номенклатура — current,Халат рабочий мужской /у02-ХЛ белый (р 60-62),raw.r1c_nomenclature_current,1,1
Номенклатура — current,"Халат стерил., ЕВРО, дл.140см, пл.25 р.52-54",raw.r1c_nomenclature_current,1,1
Номенклатура — current,Халаты,raw.r1c_nomenclature_current,1,1
Номенклатура — current,Хвостик 2022-4202017-01,raw.r1c_nomenclature_current,1,1
Номенклатура — current,"Хвостовик  МТЗ ВОМ 2022-4202016-01 (6 шлиц, 540 об/мин)",raw.r1c_nomenclature_current,1,1
Номенклатура — current,Хвостовик 80-4202019Б,raw.r1c_nomenclature_current,1,1
Номенклатура — current,Хвостовик МТЗ 8 шлицов БЗТДиА,raw.r1c_nomenclature_current,1,1
Номенклатура — current,Хвостовик МТЗ-2022 вала отбора мощности 6-шлицов,raw.r1c_nomenclature_current,1,1
Номенклатура — current,Хеликовекс Инсектицид,raw.r1c_nomenclature_current,1,1
Номенклатура — current,Химия,raw.r1c_nomenclature_current,1,1
Номенклатура — current,Хинуфур Инсектицид,raw.r1c_nomenclature_current,1,1
Номенклатура — current,"Хладоген ""Фреон-134А""",raw.r1c_nomenclature_current,1,1
Номенклатура — current,Хлорные таблетки ,raw.r1c_nomenclature_current,1,1
Номенклатура — current,Хлорпирифос Инсектицид,raw.r1c_nomenclature_current,1,1
Номенклатура — current,Хозяйственные принадлежности для производства,raw.r1c_nomenclature_current,1,1
Номенклатура — current,Хозяйственные работы,raw.r1c_nomenclature_current,1,1
Номенклатура — current,Хозяйственные товары,raw.r1c_nomenclature_current,1,1
Номенклатура — current,Холодильник ACELINE S201AMG,raw.r1c_nomenclature_current,1,1
Номенклатура — current,Холодильник DEXP RF-CD170NNAW белый,raw.r1c_nomenclature_current,1,1
Номенклатура — current,Холодильник DEXP RF-CL205NMGW белый,raw.r1c_nomenclature_current,1,1
Номенклатура — current,Холодильник DEXP RF-SD090MAW белый,raw.r1c_nomenclature_current,1,1
Номенклатура — current,Холодильник DEXP RF-TD210NNAW белый,raw.r1c_nomenclature_current,1,1
Номенклатура — current,Холодильник DEXP TF27SD белый,raw.r1c_nomenclature_current,1,1
Номенклатура — current,"Холодильник DEXP В2-26АМG [НМК/54,5х179 белый",raw.r1c_nomenclature_current,1,1
Номенклатура — current,Холодильник INDESIT DS 320W белый,raw.r1c_nomenclature_current,1,1
Номенклатура — current,Холодильник INDESIT ITS 4180W белый,raw.r1c_nomenclature_current,1,1
Номенклатура — current,Холодильник INDESIT St 145,raw.r1c_nomenclature_current,1,1
Номенклатура — current,Холодильник Бирюза 50,raw.r1c_nomenclature_current,1,1
Номенклатура — current,Холодильник Позис RK-102 МК/60*162/63/245Л/ХК Капельное цвет белый,raw.r1c_nomenclature_current,1,1
Номенклатура — current,Холодильник автомобильный Meyvel AF-A85,raw.r1c_nomenclature_current,1,1
Номенклатура — current,Холодильник однокамерный NORDFROST NR 506W белый,raw.r1c_nomenclature_current,1,1
Номенклатура — current,Холодная сварка POXPCL  14гр прозрачный,raw.r1c_nomenclature_current,1,1
Номенклатура — current,Холстик для 10 рам брезентовый,raw.r1c_nomenclature_current,1,1
Номенклатура — current,Холстик р.50х70 (х/б двунитка),raw.r1c_nomenclature_current,1,1
Номенклатура — current,Хомут  18*25мм бабочка,raw.r1c_nomenclature_current,1,1
Номенклатура — current,Хомут  20*32мм бабочка,raw.r1c_nomenclature_current,1,1
Номенклатура — current,Хомут (002.00405,raw.r1c_nomenclature_current,1,1
Номенклатура — current,Хомут 10-16,raw.r1c_nomenclature_current,1,1
Номенклатура — current,"Хомут 12,0 мм 16-32мм",raw.r1c_nomenclature_current,1,1
Номенклатура — current,"Хомут 12,0 мм 19-44мм",raw.r1c_nomenclature_current,1,1
Номенклатура — current,"Хомут 12,7мм 16-32мм",raw.r1c_nomenclature_current,1,1
Номенклатура — current,Хомут 12-22,raw.r1c_nomenclature_current,1,1
Номенклатура — current,Хомут 16-25мм бабочка,raw.r1c_nomenclature_current,1,1
Номенклатура — current,Хомут 16-25мм бабочка 37835-16-25-200,raw.r1c_nomenclature_current,1,1
Номенклатура — current,Хомут 16-27,raw.r1c_nomenclature_current,1,1
Номенклатура — current,Хомут 16-28,raw.r1c_nomenclature_current,1,1
Номенклатура — current,"Хомут 2,5*100 нейлон (100шт) IEK",raw.r1c_nomenclature_current,1,1
Номенклатура — current,Хомут 20-32 мм бабочка,raw.r1c_nomenclature_current,1,1
Номенклатура — current,Хомут 25 нержавеющий,raw.r1c_nomenclature_current,1,1
Номенклатура — current,Хомут 25-40,raw.r1c_nomenclature_current,1,1
Номенклатура — current,Хомут 29-31мм силовой одноболтовый,raw.r1c_nomenclature_current,1,1
Номенклатура — current,"Хомут 3,6*150 нейлон (100шт) IEK",raw.r1c_nomenclature_current,1,1
Номенклатура — current,"Хомут 3,6*290 мм полиамидный белый",raw.r1c_nomenclature_current,1,1
Номенклатура — current,Хомут 35-50,raw.r1c_nomenclature_current,1,1
Номенклатура — current,"Хомут 4,8*200 нейлон (100шт) IEK",raw.r1c_nomenclature_current,1,1
Номенклатура — current,Хомут 4.8x390 бел. нейл. уп.100шт,raw.r1c_nomenclature_current,1,1
Номенклатура — current,Хомут 40-56,raw.r1c_nomenclature_current,1,1
Номенклатура — current,Хомут 50-70,raw.r1c_nomenclature_current,1,1
Номенклатура — current,Хомут 56-59 силовой одноболтовый,raw.r1c_nomenclature_current,1,1
Номенклатура — current,Хомут 60-80,raw.r1c_nomenclature_current,1,1
Номенклатура — current,Хомут L154075,raw.r1c_nomenclature_current,1,1
Номенклатура — current,"Хомут P6,6 стандартный белый 4.8х 390 (100шт)",raw.r1c_nomenclature_current,1,1
Номенклатура — current,"Хомут P6,6 стандартный черный 4.8х 200 (100шт)",raw.r1c_nomenclature_current,1,1
Номенклатура — current,"Хомут P6,6 стандартный черный 7.8х 365 (100шт)",raw.r1c_nomenclature_current,1,1
Номенклатура — current,"Хомут P6.6 стандартный, черный, 4,6x160 (упак. 100 шт) DKC",raw.r1c_nomenclature_current,1,1
Номенклатура — current,"Хомут P6.6 стандартный, черный, 4,8x200 (упак. 100 шт) DKC",raw.r1c_nomenclature_current,1,1
Номенклатура — current,"Хомут P6.6 стандартный, черный, 4,8x430 (упак. 100 шт)",raw.r1c_nomenclature_current,1,1
Номенклатура — current,"Хомут P6.6 стандартный, черный, 9,0x780 (упак. 100 шт)",raw.r1c_nomenclature_current,1,1
Номенклатура — current,"Хомут PL6.6 стандартный черный 3,6/280 упак 100шт",raw.r1c_nomenclature_current,1,1
Номенклатура — current,"Хомут RL6,6 2,6х200 25207 белый (100шт)",raw.r1c_nomenclature_current,1,1
Номенклатура — current,"Хомут RL6,6 4,8х250 25216 белый (100шт)",raw.r1c_nomenclature_current,1,1
Номенклатура — current,"Хомут RL6,6 стандартный черный 3,6х280 25310 (100шт)",raw.r1c_nomenclature_current,1,1
Номенклатура — current,"Хомут RL6,6 стандартный черный 4,8х290 25317 (100шт)",raw.r1c_nomenclature_current,1,1
Номенклатура — current,"Хомут RL8,4х290 черный 25317 (100шт)",raw.r1c_nomenclature_current,1,1
Номенклатура — current,Хомут d14,raw.r1c_nomenclature_current,1,1
Номенклатура — current,Хомут ХОТ-168,raw.r1c_nomenclature_current,1,1
Номенклатура — current,Хомут в комплекте ,raw.r1c_nomenclature_current,1,1
Номенклатура — current,Хомут в комплекте 1 (32-37),raw.r1c_nomenclature_current,1,1
Номенклатура — current,Хомут в комплекте 1 1/2 (47-52),raw.r1c_nomenclature_current,1,1
Номенклатура — current,Хомут в комплекте 1 1/4 (40-45),raw.r1c_nomenclature_current,1,1
Номенклатура — current,"Хомут в комплекте 1"" (32-35)",raw.r1c_nomenclature_current,1,1
Номенклатура — current,Хомут в комплекте 1/2,raw.r1c_nomenclature_current,1,1
Номенклатура — current,"Хомут в комплекте 11/2"" (48-53)",raw.r1c_nomenclature_current,1,1
Номенклатура — current,"Хомут в комплекте 11/4"" (40-45)",raw.r1c_nomenclature_current,1,1
Номенклатура — current,Хомут в комплекте 2 (58-62),raw.r1c_nomenclature_current,1,1
Номенклатура — current,"Хомут в комплекте 2 1/2"" (73-80)",raw.r1c_nomenclature_current,1,1
Номенклатура — current,Хомут в комплекте 3/4 (25-29),raw.r1c_nomenclature_current,1,1
Номенклатура — current,"Хомут в комплекте Двн 47-52мм (Ду 1 1/2"")",raw.r1c_nomenclature_current,1,1
Номенклатура — current,Хомут глушителя 53-1201015,raw.r1c_nomenclature_current,1,1
Номенклатура — current,Хомут для СИП ХС-180 (100 шт/упак) ИЕК,raw.r1c_nomenclature_current,1,1
Номенклатура — current,Хомут для прутка Д.12,raw.r1c_nomenclature_current,1,1
Номенклатура — current,Хомут для сплошной об-ки 200.77075(11207270/040719/0005232,raw.r1c_nomenclature_current,1,1
Номенклатура — current,Хомут для сплошной об-ки 200.77075(11207270/161119/0009138,raw.r1c_nomenclature_current,1,1
Номенклатура — current,"Хомут кабельный 2,5*100 черные 100шт",raw.r1c_nomenclature_current,1,1
Номенклатура — current,"Хомут кабельный 3,5*150",raw.r1c_nomenclature_current,1,1
Номенклатура — current,"Хомут кабельный 3,5*200 нейл.черный 100 шт",raw.r1c_nomenclature_current,1,1
Номенклатура — current,"Хомут кабельный 3,6*300",raw.r1c_nomenclature_current,1,1
Номенклатура — current,"Хомут кабельный 4,5*400 нейл.белый 100 шт",raw.r1c_nomenclature_current,1,1
Номенклатура — current,Хомут кабельный нейлоновый 8*300 мм упак 1000 шт,raw.r1c_nomenclature_current,1,1
Номенклатура — current,Хомут крепл.возд.балона ресс.,raw.r1c_nomenclature_current,1,1
Номенклатура — current,Хомут ленточный 012-022 мм (9мм) червячный нержавеющая сталь,raw.r1c_nomenclature_current,1,1
Номенклатура — current,Хомут ленточный 016-027 мм NORMA 016-027,raw.r1c_nomenclature_current,1,1
Номенклатура — current,Хомут ленточный червячный  010-016мм,raw.r1c_nomenclature_current,1,1
Номенклатура — current,Хомут ленточный червячный  020-032мм,raw.r1c_nomenclature_current,1,1
Номенклатура — current,Хомут металл. в комплекте 32-37,raw.r1c_nomenclature_current,1,1
Номенклатура — current,Хомут металл.1 с гайкой,raw.r1c_nomenclature_current,1,1
Номенклатура — current,"Хомут металлический 25-40мм, болтовое крепление",raw.r1c_nomenclature_current,1,1
Номенклатура — current,Хомут на 6*трубу,raw.r1c_nomenclature_current,1,1
Номенклатура — current,Хомут на 8*трубу,raw.r1c_nomenclature_current,1,1
Номенклатура — current,"Хомут нейлоновый 2,5*160 (100шт)",raw.r1c_nomenclature_current,1,1
Номенклатура — current,"Хомут нейлоновый 3,6*200мм (100шт)",raw.r1c_nomenclature_current,1,1
Номенклатура — current,"Хомут нейлоновый 3,6*200мм черный ИЭК",raw.r1c_nomenclature_current,1,1
Номенклатура — current,"Хомут нейлоновый 4,8*200",raw.r1c_nomenclature_current,1,1
Номенклатура — current,"Хомут нейлоновый 4,8*350",raw.r1c_nomenclature_current,1,1
Номенклатура — current,"Хомут нейлоновый 4,8*400 (100шт) ИЭК",raw.r1c_nomenclature_current,1,1
Номенклатура — current,Хомут нейлоновый 5*250,raw.r1c_nomenclature_current,1,1
Номенклатура — current,Хомут нейлоновый 5*350,raw.r1c_nomenclature_current,1,1
Номенклатура — current,Хомут нейлоновый 5*400,raw.r1c_nomenclature_current,1,1
Номенклатура — current,Хомут нержавеющий,raw.r1c_nomenclature_current,1,1
Номенклатура — current,Хомут оцинкованный ЭК-100.190-01,raw.r1c_nomenclature_current,1,1
Номенклатура — current,Хомут пластик. 8*400 мм (50шт) ,raw.r1c_nomenclature_current,1,1
Номенклатура — current,Хомут пластиковый  150,raw.r1c_nomenclature_current,1,1
Номенклатура — current,"Хомут пластиковый  150*2,5",raw.r1c_nomenclature_current,1,1
Номенклатура — current,"Хомут пластиковый  200*4,8",raw.r1c_nomenclature_current,1,1
Номенклатура — current,"Хомут пластиковый  250*7,2",raw.r1c_nomenclature_current,1,1
Номенклатура — current,Хомут пластиковый  3*200,raw.r1c_nomenclature_current,1,1
Номенклатура — current,"Хомут пластиковый 180*3,6 (стяжка)",raw.r1c_nomenclature_current,1,1
Номенклатура — current,Хомут пластиковый Д-50,raw.r1c_nomenclature_current,1,1
Номенклатура — current,"Хомут пластиковый белый 250*4,8 100шт",raw.r1c_nomenclature_current,1,1
Номенклатура — current,Хомут пластиковый белый 400*48,raw.r1c_nomenclature_current,1,1
Номенклатура — current,"Хомут пластиковый черный PL6.6 290*4,8 ",raw.r1c_nomenclature_current,1,1
Номенклатура — current,Хомут с дюбелем 2 1/2 tim,raw.r1c_nomenclature_current,1,1
Номенклатура — current,Хомут сантехнический 1/2,raw.r1c_nomenclature_current,1,1
Номенклатура — current,Хомут сантехнический д/труб 25-38(3/4) ,raw.r1c_nomenclature_current,1,1
Номенклатура — current,Хомут сантехнический д/труб 39-46(1 1/4) ,raw.r1c_nomenclature_current,1,1
Номенклатура — current,"Хомут сантехнический для труб с гайкой 1"" 32-35 М8, 5 шт G/1/80",raw.r1c_nomenclature_current,1,1
Номенклатура — current,Хомут силовой 140-148мм,raw.r1c_nomenclature_current,1,1
Номенклатура — current,Хомут силовой 162-174мм,raw.r1c_nomenclature_current,1,1
Номенклатура — current,Хомут силовой 175-187мм,raw.r1c_nomenclature_current,1,1
Номенклатура — current,Хомут силовой 240-250/30мм,raw.r1c_nomenclature_current,1,1
Номенклатура — current,Хомут силовой 55-65мм,raw.r1c_nomenclature_current,1,1
Номенклатура — current,Хомут силовой двухболтовый 105-115/24 W1,raw.r1c_nomenclature_current,1,1
Номенклатура — current,Хомут силовой двухболтовый 110-120/24 W1,raw.r1c_nomenclature_current,1,1
Номенклатура — current,Хомут силовой одноболтовый 17-19/18 W1,raw.r1c_nomenclature_current,1,1
Номенклатура — current,Хомут силовой одноболтовый 175-187,raw.r1c_nomenclature_current,1,1
Номенклатура — current,Хомут силовой одноболтовый 19-21/18 W1,raw.r1c_nomenclature_current,1,1
Номенклатура — current,Хомут силовой одноболтовый 20-22 мм,raw.r1c_nomenclature_current,1,1
Номенклатура — current,Хомут силовой одноболтовый 227-239,raw.r1c_nomenclature_current,1,1
Номенклатура — current,Хомут силовой одноболтовый 32-35/20 W1,raw.r1c_nomenclature_current,1,1
Номенклатура — current,Хомут силовой одноболтовый 36-39/20 W1,raw.r1c_nomenclature_current,1,1
Номенклатура — current,Хомут силовой шарнирный 252-266 W1,raw.r1c_nomenclature_current,1,1
Номенклатура — current,"Хомут стяжка кабельная нейлоновая 1002,5мм",raw.r1c_nomenclature_current,1,1
Номенклатура — current,Хомут трубный х-т комплект 1 1/4 39-46 М8 G/1/73,raw.r1c_nomenclature_current,1,1
Номенклатура — current,Хомут укоса У-3,raw.r1c_nomenclature_current,1,1
Номенклатура — current,Хомут усиленный,raw.r1c_nomenclature_current,1,1
Номенклатура — current,Хомут усиленный 17-19 мм оцинков.железо,raw.r1c_nomenclature_current,1,1
Номенклатура — current,Хомут усиленный 20-22 мм оцинков.железо,raw.r1c_nomenclature_current,1,1
Номенклатура — current,Хомут усиленный 23-25 мм оцинков.железо,raw.r1c_nomenclature_current,1,1
Номенклатура — current,Хомут усиленный 26-28 мм оцинков.железо,raw.r1c_nomenclature_current,1,1
Номенклатура — current,Хомут черв 10*16,raw.r1c_nomenclature_current,1,1
Номенклатура — current,Хомут черв 12*20,raw.r1c_nomenclature_current,1,1
Номенклатура — current,Хомут черв 16*25,raw.r1c_nomenclature_current,1,1
Номенклатура — current,Хомут черв 20*32,raw.r1c_nomenclature_current,1,1
Номенклатура — current,Хомут черв 25*40,raw.r1c_nomenclature_current,1,1
Номенклатура — current,Хомут черв 32*50,raw.r1c_nomenclature_current,1,1
Номенклатура — current,Хомут черв 32*76,raw.r1c_nomenclature_current,1,1
Номенклатура — current,Хомут черв 40*60,raw.r1c_nomenclature_current,1,1
Номенклатура — current,Хомут черв 50*70,raw.r1c_nomenclature_current,1,1
Номенклатура — current,Хомут черв 8*16,raw.r1c_nomenclature_current,1,1
Номенклатура — current,Хомут червячный  08-16/9 W2 (AISI 430),raw.r1c_nomenclature_current,1,1
Номенклатура — current,Хомут червячный  10-16/9 W2 (AISI 430),raw.r1c_nomenclature_current,1,1
Номенклатура — current,Хомут червячный  10-16/9 мм W1 25 шт G/1/25,raw.r1c_nomenclature_current,1,1
Номенклатура — current,Хомут червячный  12-20/9 W2 ,raw.r1c_nomenclature_current,1,1
Номенклатура — current,Хомут червячный  12-22 мм,raw.r1c_nomenclature_current,1,1
Номенклатура — current,Хомут червячный  16-25/9 W2 ,raw.r1c_nomenclature_current,1,1
Номенклатура — current,Хомут червячный  16-25/9 W2 (AISI 430),raw.r1c_nomenclature_current,1,1
Номенклатура — current,Хомут червячный  16-25/9 мм W1 25 шт G/1/28,raw.r1c_nomenclature_current,1,1
Номенклатура — current,Хомут червячный  20-32/9 W2 (AISI 430),raw.r1c_nomenclature_current,1,1
Номенклатура — current,Хомут червячный  20-32/9 мм W1 25 шт G/1/30,raw.r1c_nomenclature_current,1,1
Номенклатура — current,Хомут червячный  25-40/9 мм W1 25 шт G/1/31,raw.r1c_nomenclature_current,1,1
Номенклатура — current,Хомут червячный  25-40/9 нерж. W2 ,raw.r1c_nomenclature_current,1,1
Номенклатура — current,Хомут червячный  30-45/9 мм W1 25 шт G/1/32,raw.r1c_nomenclature_current,1,1
Номенклатура — current,Хомут червячный  32-50/9 W2 ,raw.r1c_nomenclature_current,1,1
Номенклатура — current,Хомут червячный  40-60/9 мм W2 25 шт G/1/46,raw.r1c_nomenclature_current,1,1
Номенклатура — current,Хомут червячный  50-70/9 W2 ,raw.r1c_nomenclature_current,1,1
Номенклатура — current,Хомут червячный  70-90/9 W2 ,raw.r1c_nomenclature_current,1,1
Номенклатура — current,Хомут червячный  8-12/9 мм W1 25 шт G/1/24,raw.r1c_nomenclature_current,1,1
Номенклатура — current,Хомут червячный  90-110/9 W2 ,raw.r1c_nomenclature_current,1,1
Номенклатура — current,Хомут червячный 08-16/9 нерж W2,raw.r1c_nomenclature_current,1,1
Номенклатура — current,Хомут червячный 10-16/9 нерж W2,raw.r1c_nomenclature_current,1,1
Номенклатура — current,Хомут червячный 12-20 мм,raw.r1c_nomenclature_current,1,1
Номенклатура — current,Хомут червячный 15-20 мм,raw.r1c_nomenclature_current,1,1
Номенклатура — current,Хомут червячный 16-25/9 нерж W2,raw.r1c_nomenclature_current,1,1
Номенклатура — current,Хомут червячный 16-25мм,raw.r1c_nomenclature_current,1,1
Номенклатура — current,Хомут червячный 20-39/9 нерж W2,raw.r1c_nomenclature_current,1,1
Номенклатура — current,Хомут червячный 40-60/9 нерж W2,raw.r1c_nomenclature_current,1,1
Номенклатура — current,Хомут червячный 50-70/9 нерж W2,raw.r1c_nomenclature_current,1,1
Номенклатура — current,Хомут червячный 60-80 мм,raw.r1c_nomenclature_current,1,1
Номенклатура — current,Хомут червячный 60-80мм,raw.r1c_nomenclature_current,1,1
Номенклатура — current,Хомут червячный 70-90/9 нерж W2,raw.r1c_nomenclature_current,1,1
Номенклатура — current,Хомут червячный 70-90мм,raw.r1c_nomenclature_current,1,1
Номенклатура — current,Хомут червячный 80-100/9 нерж W2,raw.r1c_nomenclature_current,1,1
Номенклатура — current,Хомут червячный 80-100мм,raw.r1c_nomenclature_current,1,1
Номенклатура — current,Хомут червячный ТОРЕХ 12-20/9 W2 37D503 ,raw.r1c_nomenclature_current,1,1
Номенклатура — current,Хомут червячный ТОРЕХ 25-38/9 W2 37D506 ,raw.r1c_nomenclature_current,1,1
Номенклатура — current,Хомут червячный ТОРЕХ 35-50/9 W2 37D507 ,raw.r1c_nomenclature_current,1,1
Номенклатура — current,Хомут червячный ТОРЕХ 50-70/9 W2 37D509 ,raw.r1c_nomenclature_current,1,1
Номенклатура — current,Хомут-стяжка 200/250/370х5 мм пластик (100шт),raw.r1c_nomenclature_current,1,1
Номенклатура — current,"Хомут-стяжка 3,6х300 мм черн",raw.r1c_nomenclature_current,1,1
Номенклатура — current,"Хомут-стяжка 4,8*250 ленточная (100шт) ",raw.r1c_nomenclature_current,1,1
Номенклатура — current,Хомут-стяжка белая 3*160 мм пластиковая,raw.r1c_nomenclature_current,1,1
Номенклатура — current,Хомут-стяжка белая 5х300 мм пластиковая,raw.r1c_nomenclature_current,1,1
Номенклатура — current,"Хомут-стяжка ленточная 3,6*200 черный,100 шт",raw.r1c_nomenclature_current,1,1
Номенклатура — current,"Хомут-стяжка ленточная 3,6*300 белый,100 шт",raw.r1c_nomenclature_current,1,1
Номенклатура — current,"Хомут-стяжка ленточная 7,6*400 белый,Gigant 100 шт G/1/23",raw.r1c_nomenclature_current,1,1
Номенклатура — current,Хомут-стяжка черная 4*300 мм пластиковая,raw.r1c_nomenclature_current,1,1
Номенклатура — current,Хомут-стяжка черная 4х200 мм пластиковая,raw.r1c_nomenclature_current,1,1
Номенклатура — current,Хомут-стяжка черная 5*350 мм пластиковая,raw.r1c_nomenclature_current,1,1
Номенклатура — current,"Хомуты (стяжкаи) кабельные 4,8*400мм черные,10 шт",raw.r1c_nomenclature_current,1,1
Номенклатура — current,Хомуты ШРУСа 20-50 и 50-120 мм,raw.r1c_nomenclature_current,1,1
Номенклатура — current,Хранение груза,raw.r1c_nomenclature_current,1,1
Номенклатура — current,Хранение оборудования,raw.r1c_nomenclature_current,1,1
Номенклатура — current,ЦГП Линия варки овощей. Автоклав горизонтальный АПГ-1200,raw.r1c_nomenclature_current,1,1
Номенклатура — current,ЦГП Линия варки овощей. Блочно-модульная паровая котельная ECO-PAR-1500K ,raw.r1c_nomenclature_current,1,1
Номенклатура — current,ЦГП Линия варки овощей. Дозатор весовой JW-AM14,raw.r1c_nomenclature_current,1,1
Номенклатура — current,"ЦГП Линия варки овощей. Дозирующий бункер БДН 400-70 горловина с шибер, пневмоцилиндр",raw.r1c_nomenclature_current,1,1
Номенклатура — current,ЦГП Линия варки овощей. Комплект ЗИП для линии дозирования и упаковки,raw.r1c_nomenclature_current,1,1
Номенклатура — current,ЦГП Линия варки овощей. Комплект металлоконструкций для выравнивания высот оборудования,raw.r1c_nomenclature_current,1,1
Номенклатура — current,ЦГП Линия варки овощей. Конвеер инспекционный ВОС427 (ЦВО),raw.r1c_nomenclature_current,1,1
Номенклатура — current,ЦГП Линия варки овощей. Машина очистительная с дозатором ВОС 215-02 (ЦВО) 1,raw.r1c_nomenclature_current,1,1
Номенклатура — current,ЦГП Линия варки овощей. Машина очистительная с дозатором ВОС 215-02 (ЦВО) 2,raw.r1c_nomenclature_current,1,1
Номенклатура — current,ЦГП Линия варки овощей. Машина упаковочная термоформовочная DRZ 420,raw.r1c_nomenclature_current,1,1
Номенклатура — current,ЦГП Линия варки овощей. Опрокидыватель контейнеров гидравлический,raw.r1c_nomenclature_current,1,1
Номенклатура — current,ЦИЛИНДР ДВ.ДЕЙСТВИЯ 100 ВЕДУЩ.,raw.r1c_nomenclature_current,1,1
Номенклатура — current,ЦЛП Линия упаковки овощей (линия 1 Демидово) Линия для упаковки овощей NEWTEC (Комплектация 1),raw.r1c_nomenclature_current,1,1
Номенклатура — current,ЦЛП Линия упаковки овощей (линия 1 Демидово). Машина упаковочная CB-148 правосторонняя,raw.r1c_nomenclature_current,1,1
Номенклатура — current,ЦЛП Линия упаковки овощей (линия 1 Демидово).Машина упаковочная Htech AR25_L01.O,raw.r1c_nomenclature_current,1,1
Номенклатура — current,ЦЛП Линия упаковки овощей (линия 3 Демидово) Групповой упаковщик Htech 1,raw.r1c_nomenclature_current,1,1
Номенклатура — current,Цанга М8,raw.r1c_nomenclature_current,1,1
Номенклатура — current,Цапфа 77.30.018А,raw.r1c_nomenclature_current,1,1
Номенклатура — current,Цапфа МТЗ,raw.r1c_nomenclature_current,1,1
Номенклатура — current,Цезарь Инсектицид,raw.r1c_nomenclature_current,1,1
Номенклатура — current,Цема-Беаринг NBR 1/4*13.7420.572 кольцо резинометаллическое 20шт,raw.r1c_nomenclature_current,1,1
Номенклатура — current,Цема-Беаринг NBR М10 10.7161.5 кольцо резинометаллическое 20шт,raw.r1c_nomenclature_current,1,1
Номенклатура — current,Цема-Беаринг NBR М12 12.7181.5 кольцо резинометаллическое 20шт,raw.r1c_nomenclature_current,1,1
Номенклатура — current,Цема-Беаринг NBR М14 14.7221.5 кольцо резинометаллическое 20шт,raw.r1c_nomenclature_current,1,1
Номенклатура — current,Цема-Беаринг NBR М16 16.7241.5 кольцо резинометаллическое 20шт,raw.r1c_nomenclature_current,1,1
Номенклатура — current,Цема-Беаринг NBR М18 18.7261.5 кольцо резинометаллическое 20шт,raw.r1c_nomenclature_current,1,1
Номенклатура — current,Цемент М-500 40кг.,raw.r1c_nomenclature_current,1,1
Номенклатура — current,Цемент М-500 50кг.,raw.r1c_nomenclature_current,1,1
Номенклатура — current,Цемент М-500 5кг.,raw.r1c_nomenclature_current,1,1
Номенклатура — current,Цемент глушителя 170г,raw.r1c_nomenclature_current,1,1
Номенклатура — current,Центральная панель управления,raw.r1c_nomenclature_current,1,1
Номенклатура — current,Центральный винт навески 33392120,raw.r1c_nomenclature_current,1,1
Номенклатура — current,Цеп 265мм RUM 007808,raw.r1c_nomenclature_current,1,1
Номенклатура — current,Цеп 310мм RUM 007809,raw.r1c_nomenclature_current,1,1
Номенклатура — current,Цеп короткий  RUM 007772,raw.r1c_nomenclature_current,1,1
Номенклатура — current,Цеп левый  RUM 007773,raw.r1c_nomenclature_current,1,1
Номенклатура — current,Цеп правый RUM 007774,raw.r1c_nomenclature_current,1,1
Номенклатура — current,Цепеллин Инсектицид,raw.r1c_nomenclature_current,1,1
Номенклатура — current,"Цепи ПР 25,4 звено соединительное",raw.r1c_nomenclature_current,1,1
Номенклатура — current,"Цепи Чемпион 62(1,6)",raw.r1c_nomenclature_current,1,1
Номенклатура — current,Цепи с замком LANCUCH 08В-1,raw.r1c_nomenclature_current,1,1
Номенклатура — current,Цепь 08В-1 DH,raw.r1c_nomenclature_current,1,1
Номенклатура — current,"Цепь 1,5-67-325 ",raw.r1c_nomenclature_current,1,1
Номенклатура — current,Цепь 1.3/4*ASA 42 звена бесконечная,raw.r1c_nomenclature_current,1,1
Номенклатура — current,Цепь 10В-2DH,raw.r1c_nomenclature_current,1,1
Номенклатура — current,Цепь 12В-1 22L,raw.r1c_nomenclature_current,1,1
Номенклатура — current,"Цепь 2ПР 15.875-45,4",raw.r1c_nomenclature_current,1,1
Номенклатура — current,Цепь 2ПР 15.875-45.4,raw.r1c_nomenclature_current,1,1
Номенклатура — current,Цепь 2ПР-25,raw.r1c_nomenclature_current,1,1
Номенклатура — current,"Цепь 5/8""Е 52 Т40 (SPP.00988-аналог) ",raw.r1c_nomenclature_current,1,1
Номенклатура — current,Цепь В95.03007,raw.r1c_nomenclature_current,1,1
Номенклатура — current,Цепь В95.03102,raw.r1c_nomenclature_current,1,1
Номенклатура — current,Цепь В95.03215,raw.r1c_nomenclature_current,1,1
Номенклатура — current,Цепь В95.03302,raw.r1c_nomenclature_current,1,1
Номенклатура — current,Цепь ИД: B95.06010,raw.r1c_nomenclature_current,1,1
Номенклатура — current,"Цепь ПР 19,05-31,8",raw.r1c_nomenclature_current,1,1
Номенклатура — current,"Цепь ПР 25,4 (1,7м)",raw.r1c_nomenclature_current,1,1
Номенклатура — current,"Цепь ПР 25,4 (3,02м)",raw.r1c_nomenclature_current,1,1
Номенклатура — current,"Цепь ПР 25,4 полузвено",raw.r1c_nomenclature_current,1,1
Номенклатура — current,"Цепь ПР 25,4-60,69",raw.r1c_nomenclature_current,1,1
Номенклатура — current,"Цепь ПР 25,4-60,87",raw.r1c_nomenclature_current,1,1
Номенклатура — current,Цепь Штиль 67,raw.r1c_nomenclature_current,1,1
Номенклатура — current,"Цепь грузоподъемная 1,5т (5м)",raw.r1c_nomenclature_current,1,1
Номенклатура — current,Цепь для РИ-ЭТ,raw.r1c_nomenclature_current,1,1
Номенклатура — current,Цепь инспекционного стола TS 3012,raw.r1c_nomenclature_current,1,1
Номенклатура — current,Цепь на транспортер роликовый с разделителем потоков 24м,raw.r1c_nomenclature_current,1,1
Номенклатура — current,Цепь приводная роликовая 10В-1 арт.0620239,raw.r1c_nomenclature_current,1,1
Номенклатура — current,Цепь регулировки сорта для роликовой сортировки с замками в сборе,raw.r1c_nomenclature_current,1,1
Номенклатура — current,Цепь роликовая 10В-2 BISON,raw.r1c_nomenclature_current,1,1
Номенклатура — current,"Цепь роликовая ПР 25,4-60 70 зв",raw.r1c_nomenclature_current,1,1
Номенклатура — current,"Цепь роликовая ПР-25,4,60 70  зв (1,778м)",raw.r1c_nomenclature_current,1,1
Номенклатура — current,"Цепь роликовая ПР19,05-31,8 264 зв",raw.r1c_nomenclature_current,1,1
Номенклатура — current,Цепь с замком,raw.r1c_nomenclature_current,1,1
Номенклатура — current,Цепь щеточного очистителя,raw.r1c_nomenclature_current,1,1
Номенклатура — current,Цех переработки и вакуумирования овощей,raw.r1c_nomenclature_current,1,1
Номенклатура — current,Цех сортировки и упаковки овощей,raw.r1c_nomenclature_current,1,1
Номенклатура — current,Ци-Альфа Инсектицид,raw.r1c_nomenclature_current,1,1
Номенклатура — current,Цианоакрилатный клей 20гр СА-00.200,raw.r1c_nomenclature_current,1,1
Номенклатура — current,Циклон Инсектицид,raw.r1c_nomenclature_current,1,1
Номенклатура — current,"Цилиндр С 100/40*200-3,44 Гидросила",raw.r1c_nomenclature_current,1,1
Номенклатура — current,Цилиндр двойного давления,raw.r1c_nomenclature_current,1,1
Номенклатура — current,Цилиндр открывания двери Н/О в сборе ПАЗ-3205,raw.r1c_nomenclature_current,1,1
Номенклатура — current,"Цилиндр сцепления  МТЗ,главный Беларусь 2022-1602810А",raw.r1c_nomenclature_current,1,1
Номенклатура — current,Цилиндр сцепления гл. МТЗ-2022 ,raw.r1c_nomenclature_current,1,1
Номенклатура — current,Цилиндр сцепления главный ,raw.r1c_nomenclature_current,1,1
Номенклатура — current,Цилиндр сцепления рабочий 3307-1602510,raw.r1c_nomenclature_current,1,1
Номенклатура — current,Цилиндр сцепления рабочий МТЗ -1523 FENOX P2602,raw.r1c_nomenclature_current,1,1
Номенклатура — current,"Цилиндр сцепления рабочий МТЗ,Беларусь 822-1602550Б",raw.r1c_nomenclature_current,1,1
Номенклатура — current,Цилиндр сцепления рабочий дв.4216 Евро-4,raw.r1c_nomenclature_current,1,1
Номенклатура — current,Цилиндр тормозной 30181510,raw.r1c_nomenclature_current,1,1
Номенклатура — current,Цилиндр тормозной главный 30294610,raw.r1c_nomenclature_current,1,1
Номенклатура — current,Цилиндр тормозной задний,raw.r1c_nomenclature_current,1,1
Номенклатура — current,Цилиндр тормозной рабочий МТЗ,raw.r1c_nomenclature_current,1,1
Номенклатура — current,Цилиндров. механ. APECS,raw.r1c_nomenclature_current,1,1
Номенклатура — current,Цимус 010(011)-02-1574-1 Инсектицид,raw.r1c_nomenclature_current,1,1
Номенклатура — current,Цимус 2520-13-107-028-0-1-3-0 Инсектицид,raw.r1c_nomenclature_current,1,1
Номенклатура — current,Цинкарь,raw.r1c_nomenclature_current,1,1
Номенклатура — current,Цинкарь опрыскиватель,raw.r1c_nomenclature_current,1,1
Номенклатура — current,Циперон Инсектицид,raw.r1c_nomenclature_current,1,1
Номенклатура — current,Циперус Инсектицид,raw.r1c_nomenclature_current,1,1
Номенклатура — current,Ципи Инсектицид,raw.r1c_nomenclature_current,1,1
Номенклатура — current,Ципи Плюс Инсектицид,raw.r1c_nomenclature_current,1,1
Номенклатура — current,Циракс Инсектицид,raw.r1c_nomenclature_current,1,1
Номенклатура — current,"Циркон, Р Регулятор роста ",raw.r1c_nomenclature_current,1,1
Номенклатура — current,Цитодеф-100 ВРП 100г/кг вегетация,raw.r1c_nomenclature_current,1,1
Номенклатура — current,Цитокс Инсектицид,raw.r1c_nomenclature_current,1,1
Номенклатура — current,Цунами Инсектицид,raw.r1c_nomenclature_current,1,1
Номенклатура — current,ЧИСТИК (ИД: 004.00010),raw.r1c_nomenclature_current,1,1
Номенклатура — current,Чай,raw.r1c_nomenclature_current,1,1
Номенклатура — current,Чайник HOMESTAR HS-1010 нержавейка синий,raw.r1c_nomenclature_current,1,1
Номенклатура — current,Чайник PHILIPS HD 4646/00,raw.r1c_nomenclature_current,1,1
Номенклатура — current,"Чайник SCARLET нержавеющая сталь 1,8л",raw.r1c_nomenclature_current,1,1
Номенклатура — current,"Чайник электрический Aceline SS1800 нержаввеющая сталь 1,8л",raw.r1c_nomenclature_current,1,1
Номенклатура — current,"Чайник электрический Centek CT-1009 красный 1,7 л",raw.r1c_nomenclature_current,1,1
Номенклатура — current,"Чайник электрический DEXP DW 1,5л зеленый",raw.r1c_nomenclature_current,1,1
Номенклатура — current,"Чайник электрический DEXP MЕВ-201 1,7л",raw.r1c_nomenclature_current,1,1
Номенклатура — current,Чайник электрический GEMLUX GL-K101SS,raw.r1c_nomenclature_current,1,1
Номенклатура — current,Чайник электрический GOODHELPER KPS 182C белый,raw.r1c_nomenclature_current,1,1
Номенклатура — current,"Чайник электрический Tefal Glass Kettle KI770D30 стекло/металл 1,7л",raw.r1c_nomenclature_current,1,1
Номенклатура — current,"Чайник электрический Tefal KII50D30 серебристый 1,7л",raw.r1c_nomenclature_current,1,1
Номенклатура — current,"Чайник электрический Vitek VT-7019 серебристый 1,7л",raw.r1c_nomenclature_current,1,1
Номенклатура — current,Чайник электрический стальной,raw.r1c_nomenclature_current,1,1
Номенклатура — current,Чайник электрический черный,raw.r1c_nomenclature_current,1,1
Номенклатура — current,Частотный преобразователь 380В 1.5кВт,raw.r1c_nomenclature_current,1,1
Номенклатура — current,Часы кварцевые настенные круглые 32см,raw.r1c_nomenclature_current,1,1
Номенклатура — current,Часы настенные Troyka 78771783 круглые,raw.r1c_nomenclature_current,1,1
Номенклатура — current,Чашка МТЗ -1221 рулевого пальца РКП МТЗ,raw.r1c_nomenclature_current,1,1
Номенклатура — current,Чашка керамическая,raw.r1c_nomenclature_current,1,1
Номенклатура — current,Чашка уплотнительная тарельчатая Ф80-3405108,raw.r1c_nomenclature_current,1,1
Номенклатура — current,Чека МТЗ задней навески в сборе САЗ,raw.r1c_nomenclature_current,1,1
Номенклатура — current,Червячный редуктор NMRW 063-25/80B14,raw.r1c_nomenclature_current,1,1
Номенклатура — current,Черенок 25,raw.r1c_nomenclature_current,1,1
Номенклатура — current,Черенок 25*1250 (дерев),raw.r1c_nomenclature_current,1,1
Номенклатура — current,Черенок 30,raw.r1c_nomenclature_current,1,1
Номенклатура — current,Черенок 40,raw.r1c_nomenclature_current,1,1
Номенклатура — current,Черенок деревянный 1 с пластиковая резьба,raw.r1c_nomenclature_current,1,1
Номенклатура — current,Черенок с резьбой,raw.r1c_nomenclature_current,1,1
Номенклатура — current,Чернила,raw.r1c_nomenclature_current,1,1
Номенклатура — current,Чернила Cactus 100 мл черный,raw.r1c_nomenclature_current,1,1
Номенклатура — current,Чеснок,raw.r1c_nomenclature_current,1,1
Номенклатура — current,Чеснок озимый Георгий Комаров 2022 Овощеводство,raw.r1c_nomenclature_current,1,1
Номенклатура — current,Чеснок озимый Георгий Комаров 2 020 ,raw.r1c_nomenclature_current,1,1
Номенклатура — current,Чеснок озимый Георгий Комаров 2 021 ,raw.r1c_nomenclature_current,1,1
Номенклатура — current,Чеснок озимый Георгий Комаров 2 022 ,raw.r1c_nomenclature_current,1,1
Номенклатура — current,Чеснок озимый Георгий Комаров 2 023 ,raw.r1c_nomenclature_current,1,1
Номенклатура — current,Чеснок озимый Георгий Комаров 2 023 без полива,raw.r1c_nomenclature_current,1,1
Номенклатура — current,Чеснок озимый Гладиатор 2 020 ,raw.r1c_nomenclature_current,1,1
Номенклатура — current,Чеснок озимый Любаша 2 023 ,raw.r1c_nomenclature_current,1,1
Номенклатура — current,Чеснок озимый Любаша 2 023 без полива,raw.r1c_nomenclature_current,1,1
Номенклатура — current,Чеснок озимый Любаша 2 023 полив,raw.r1c_nomenclature_current,1,1
Номенклатура — current,Чеснок очищенный,raw.r1c_nomenclature_current,1,1
Номенклатура — current,Чеснок продовольственный,raw.r1c_nomenclature_current,1,1
Номенклатура — current,Чеснок фасованный,raw.r1c_nomenclature_current,1,1
Номенклатура — current,Чеснок фасованный 50 гр,raw.r1c_nomenclature_current,1,1
Номенклатура — current,Чехол 80-6702243 резиновый,raw.r1c_nomenclature_current,1,1
Номенклатура — current,Чехол МТЗ рычага КПП (А),raw.r1c_nomenclature_current,1,1
Номенклатура — current,Чехол МТЗ торм.кожуха 80-3502202,raw.r1c_nomenclature_current,1,1
Номенклатура — current,Чехол кулисы КПП 80-6702243-А,raw.r1c_nomenclature_current,1,1
Номенклатура — current,Чехол уплотнения каретки с пружиной,raw.r1c_nomenclature_current,1,1
Номенклатура — current,Чехол уплотнения направления колеса 54.32.025,raw.r1c_nomenclature_current,1,1
Номенклатура — current,Чизелевание-глубокорыхление,raw.r1c_nomenclature_current,1,1
Номенклатура — current,"Чист средство 0,6л",raw.r1c_nomenclature_current,1,1
Номенклатура — current,Чистка снега,raw.r1c_nomenclature_current,1,1
Номенклатура — current,Чистка сухая ЧСБ3,raw.r1c_nomenclature_current,1,1
Номенклатура — current,Чистка сухая ЧСБ3 УТ-00003823,raw.r1c_nomenclature_current,1,1
Номенклатура — current,Чистящее средство (Доместос) 1000мл,raw.r1c_nomenclature_current,1,1
Номенклатура — current,"Чистящее средство 0,5л",raw.r1c_nomenclature_current,1,1
Номенклатура — current,"Чистящее средство 0,6л",raw.r1c_nomenclature_current,1,1
Номенклатура — current,"Чистящее средство 0,75л",raw.r1c_nomenclature_current,1,1
Номенклатура — current,Чистящее средство 400гр,raw.r1c_nomenclature_current,1,1
Номенклатура — current,Чистящее средство 475гр,raw.r1c_nomenclature_current,1,1
Номенклатура — current,Чистящее средство для кухни ,raw.r1c_nomenclature_current,1,1
Номенклатура — current,ШАРОВ.КРОНШТЕЙН С УГЛ.ДАТЧИКОМ,raw.r1c_nomenclature_current,1,1
Номенклатура — current,"ШГА М12 DIN934-10,9",raw.r1c_nomenclature_current,1,1
Номенклатура — current,ШЛАНГ-3200-НВД6-2SC-450БАР,raw.r1c_nomenclature_current,1,1
Номенклатура — current,ШЛАНГ-5500-НВД6-2SC-480БАР,raw.r1c_nomenclature_current,1,1
Номенклатура — current,Шабер,raw.r1c_nomenclature_current,1,1
Номенклатура — current,Шайба  ,raw.r1c_nomenclature_current,1,1
Номенклатура — current,Шайба  32072600,raw.r1c_nomenclature_current,1,1
Номенклатура — current,Шайба  32975400,raw.r1c_nomenclature_current,1,1
Номенклатура — current,Шайба  36802100,raw.r1c_nomenclature_current,1,1
Номенклатура — current,Шайба  8,raw.r1c_nomenclature_current,1,1
Номенклатура — current,Шайба  DIN 9021 увеличенная d6,raw.r1c_nomenclature_current,1,1
Номенклатура — current,Шайба  ИЯВТ 106-04.02.04,raw.r1c_nomenclature_current,1,1
Номенклатура — current,Шайба  ИЯВТ 106-04.02.060,raw.r1c_nomenclature_current,1,1
Номенклатура — current,Шайба -гровер ф 16мм,raw.r1c_nomenclature_current,1,1
Номенклатура — current,Шайба 088.01171,raw.r1c_nomenclature_current,1,1
Номенклатура — current,Шайба 12 DIN127,raw.r1c_nomenclature_current,1,1
Номенклатура — current,Шайба 12.0115 ГОСТ,raw.r1c_nomenclature_current,1,1
Номенклатура — current,Шайба 16 DIN127,raw.r1c_nomenclature_current,1,1
Номенклатура — current,Шайба 24.01.0112,raw.r1c_nomenclature_current,1,1
Номенклатура — current,Шайба 24М4242,raw.r1c_nomenclature_current,1,1
Номенклатура — current,Шайба DIN9021 кузовная оцинк. M1,raw.r1c_nomenclature_current,1,1
Номенклатура — current,Шайба БДЛ 02.401,raw.r1c_nomenclature_current,1,1
Номенклатура — current,"Шайба БДН-3,0М-0,2.06 000",raw.r1c_nomenclature_current,1,1
Номенклатура — current,Шайба БДН-3.0М.02.00.028,raw.r1c_nomenclature_current,1,1
Номенклатура — current,Шайба БДТ 02.106,raw.r1c_nomenclature_current,1,1
Номенклатура — current,Шайба БДТ 02.111-01,raw.r1c_nomenclature_current,1,1
Номенклатура — current,"Шайба ВНУТРЕННЯЯ БДТ 03,109",raw.r1c_nomenclature_current,1,1
Номенклатура — current,"Шайба КСО-7,4.00.013 + гайка М36 DIN985",raw.r1c_nomenclature_current,1,1
Номенклатура — current,Шайба М 10,raw.r1c_nomenclature_current,1,1
Номенклатура — current,Шайба М 16 KG01267761,raw.r1c_nomenclature_current,1,1
Номенклатура — current,Шайба М 20 1эт,raw.r1c_nomenclature_current,1,1
Номенклатура — current,Шайба М 24-65Г.0112 ГОСТ 6402-70,raw.r1c_nomenclature_current,1,1
Номенклатура — current,Шайба М 5,raw.r1c_nomenclature_current,1,1
Номенклатура — current,Шайба М 6,raw.r1c_nomenclature_current,1,1
Номенклатура — current,Шайба М 8,raw.r1c_nomenclature_current,1,1
Номенклатура — current,Шайба М10,raw.r1c_nomenclature_current,1,1
Номенклатура — current,Шайба М22,raw.r1c_nomenclature_current,1,1
Номенклатура — current,Шайба М5,raw.r1c_nomenclature_current,1,1
Номенклатура — current,Шайба МТЗ -1221 рулевого пальца РКП МТЗ,raw.r1c_nomenclature_current,1,1
Номенклатура — current,Шайба МТЗ 1221 мех-ма задн.нпвески 80-4605047,raw.r1c_nomenclature_current,1,1
Номенклатура — current,Шайба МТЗ 2022-4202059,raw.r1c_nomenclature_current,1,1
Номенклатура — current,Шайба МТЗ 50-1701254,raw.r1c_nomenclature_current,1,1
Номенклатура — current,Шайба МТЗ оси задней навески САЗ 50-4605068-Б1,raw.r1c_nomenclature_current,1,1
Номенклатура — current,Шайба МТЗ рул.управ (Ф22*40*2) сталь 85-3401176-01,raw.r1c_nomenclature_current,1,1
Номенклатура — current,Шайба О 6мм,raw.r1c_nomenclature_current,1,1
Номенклатура — current,Шайба в кг ,raw.r1c_nomenclature_current,1,1
Номенклатура — current,Шайба гравер  М20,raw.r1c_nomenclature_current,1,1
Номенклатура — current,Шайба гравер 8,raw.r1c_nomenclature_current,1,1
Номенклатура — current,Шайба гравер оцинкованная( DIN 125) М10,raw.r1c_nomenclature_current,1,1
Номенклатура — current,Шайба гравер оцинкованная( DIN 125) М12,raw.r1c_nomenclature_current,1,1
Номенклатура — current,Шайба гравер оцинкованная( DIN 125) М14,raw.r1c_nomenclature_current,1,1
Номенклатура — current,Шайба гравер оцинкованная( DIN 125) М16,raw.r1c_nomenclature_current,1,1
Номенклатура — current,Шайба гравер оцинкованная( DIN 125) М18,raw.r1c_nomenclature_current,1,1
Номенклатура — current,Шайба гравер оцинкованная( DIN 125) М20,raw.r1c_nomenclature_current,1,1
Номенклатура — current,Шайба гравер оцинкованная( DIN 125) М22,raw.r1c_nomenclature_current,1,1
Номенклатура — current,Шайба гравер оцинкованная( DIN 125) М6,raw.r1c_nomenclature_current,1,1
Номенклатура — current,Шайба гравер оцинкованная( DIN 125) М8,raw.r1c_nomenclature_current,1,1
Номенклатура — current,Шайба гравер оцинкованная( DIN 127) М10,raw.r1c_nomenclature_current,1,1
Номенклатура — current,Шайба гравер оцинкованная( DIN 127) М12,raw.r1c_nomenclature_current,1,1
Номенклатура — current,Шайба гравер оцинкованная( DIN 127) М14,raw.r1c_nomenclature_current,1,1
Номенклатура — current,Шайба гравер оцинкованная( DIN 127) М16,raw.r1c_nomenclature_current,1,1
Номенклатура — current,Шайба гравер оцинкованная( DIN 127) М18,raw.r1c_nomenclature_current,1,1
Номенклатура — current,Шайба гравер оцинкованная( DIN 127) М20,raw.r1c_nomenclature_current,1,1
Номенклатура — current,Шайба гравер оцинкованная( DIN 127) М22,raw.r1c_nomenclature_current,1,1
Номенклатура — current,Шайба гравер оцинкованная( DIN 127) М6,raw.r1c_nomenclature_current,1,1
Номенклатура — current,Шайба гравер оцинкованная( DIN 127) М8,raw.r1c_nomenclature_current,1,1
Номенклатура — current,Шайба гровер 20 ГОСТ (DIN127),raw.r1c_nomenclature_current,1,1
Номенклатура — current,Шайба гроверная М10,raw.r1c_nomenclature_current,1,1
Номенклатура — current,Шайба гроверная М8,raw.r1c_nomenclature_current,1,1
Номенклатура — current,"Шайба медная 10*14*1,5",raw.r1c_nomenclature_current,1,1
Номенклатура — current,"Шайба медная 10*16*2,0",raw.r1c_nomenclature_current,1,1
Номенклатура — current,Шайба медная 12,raw.r1c_nomenclature_current,1,1
Номенклатура — current,"Шайба медная 12*16*1,5",raw.r1c_nomenclature_current,1,1
Номенклатура — current,Шайба медная 14,raw.r1c_nomenclature_current,1,1
Номенклатура — current,"Шайба медная 14*18*1,5",raw.r1c_nomenclature_current,1,1
Номенклатура — current,"Шайба медная 14*20*1,5",raw.r1c_nomenclature_current,1,1
Номенклатура — current,Шайба медная 16,raw.r1c_nomenclature_current,1,1
Номенклатура — current,"Шайба медная 16*20*1,5",raw.r1c_nomenclature_current,1,1
Номенклатура — current,"Шайба медная 18*22*1,5",raw.r1c_nomenclature_current,1,1
Номенклатура — current,"Шайба медная 18*24*1,5",raw.r1c_nomenclature_current,1,1
Номенклатура — current,Шайба медная 20,raw.r1c_nomenclature_current,1,1
Номенклатура — current,"Шайба медная 20*27*1,5",raw.r1c_nomenclature_current,1,1
Номенклатура — current,Шайба медная 22,raw.r1c_nomenclature_current,1,1
Номенклатура — current,"Шайба медная 22*26*1,5",raw.r1c_nomenclature_current,1,1
Номенклатура — current,Шайба медная 24,raw.r1c_nomenclature_current,1,1
Номенклатура — current,"Шайба медная 24*30*1,5",raw.r1c_nomenclature_current,1,1
Номенклатура — current,"Шайба медная 27*32*1,5",raw.r1c_nomenclature_current,1,1
Номенклатура — current,"Шайба медная 30*36*1,5",raw.r1c_nomenclature_current,1,1
Номенклатура — current,Шайба медная набор 16 размеров 160 шт. (кейс),raw.r1c_nomenclature_current,1,1
Номенклатура — current,Шайба медная набор 30 размеров 570 шт. (кейс),raw.r1c_nomenclature_current,1,1
Номенклатура — current,Шайба медная суппорта ВАЗ 2101-207 М10,raw.r1c_nomenclature_current,1,1
Номенклатура — current,"Шайба медная форсунки, распылителя Ф9,3",raw.r1c_nomenclature_current,1,1
Номенклатура — current,Шайба медная16,raw.r1c_nomenclature_current,1,1
Номенклатура — current,"Шайба наружная БДТ 01,304",raw.r1c_nomenclature_current,1,1
Номенклатура — current,Шайба оцинкованная усиленная М6,raw.r1c_nomenclature_current,1,1
Номенклатура — current,Шайба пл. ф 16мм оцинкованная,raw.r1c_nomenclature_current,1,1
Номенклатура — current,Шайба плоская 12520GT,raw.r1c_nomenclature_current,1,1
Номенклатура — current,Шайба плоская 16 DIN125,raw.r1c_nomenclature_current,1,1
Номенклатура — current,Шайба плоская М10,raw.r1c_nomenclature_current,1,1
Номенклатура — current,Шайба плоская оцинкованная( DIN 125) М8,raw.r1c_nomenclature_current,1,1
Номенклатура — current,Шайба пружинная DIN 127 М10 нержав. сталь,raw.r1c_nomenclature_current,1,1
Номенклатура — current,"Шайба пружинная ф 22,ф24",raw.r1c_nomenclature_current,1,1
Номенклатура — current,Шайба пружинная ф10,raw.r1c_nomenclature_current,1,1
Номенклатура — current,Шайба пружинная ф16,raw.r1c_nomenclature_current,1,1
Номенклатура — current,Шайба регулировочная сход-развала ,raw.r1c_nomenclature_current,1,1
Номенклатура — current,Шайба регулировочная сход-развала для а/м ГАЗ-2217,raw.r1c_nomenclature_current,1,1
Номенклатура — current,"Шайба регулировочная, сход-развал для а/м ГАЗ 2217",raw.r1c_nomenclature_current,1,1
Номенклатура — current,Шайба с уплотнительным кольцом,raw.r1c_nomenclature_current,1,1
Номенклатура — current,Шайба стопорная Ф80-3405103,raw.r1c_nomenclature_current,1,1
Номенклатура — current,Шайба увеличенная О 8мм ,raw.r1c_nomenclature_current,1,1
Номенклатура — current,Шайба увеличенная оцинкованная DIN 9021 М10,raw.r1c_nomenclature_current,1,1
Номенклатура — current,Шайба увеличенная оцинкованная DIN 9021 М12,raw.r1c_nomenclature_current,1,1
Номенклатура — current,Шайба увеличенная оцинкованная DIN 9021 М14,raw.r1c_nomenclature_current,1,1
Номенклатура — current,Шайба увеличенная оцинкованная DIN 9021 М16,raw.r1c_nomenclature_current,1,1
Номенклатура — current,Шайба увеличенная оцинкованная DIN 9021 М18,raw.r1c_nomenclature_current,1,1
Номенклатура — current,Шайба увеличенная оцинкованная DIN 9021 М20,raw.r1c_nomenclature_current,1,1
Номенклатура — current,Шайба увеличенная оцинкованная DIN 9021 М6,raw.r1c_nomenclature_current,1,1
Номенклатура — current,Шайба увеличенная оцинкованная DIN 9021 М8,raw.r1c_nomenclature_current,1,1
Номенклатура — current,Шайба усиленная ,raw.r1c_nomenclature_current,1,1
Номенклатура — current,Шайба усиленная 8,raw.r1c_nomenclature_current,1,1
Номенклатура — current,Шайба усиленная М6,raw.r1c_nomenclature_current,1,1
Номенклатура — current,Шайба форсунки Д-245,raw.r1c_nomenclature_current,1,1
Номенклатура — current,Шайба шкворня 6520-3001022/23 регулировочная,raw.r1c_nomenclature_current,1,1
Номенклатура — current,Шакл буксировочный 68т ,raw.r1c_nomenclature_current,1,1
Номенклатура — current,Шаман Инсектицид,raw.r1c_nomenclature_current,1,1
Номенклатура — current,Шампунь для бесконтактной мойки 1л,raw.r1c_nomenclature_current,1,1
Номенклатура — current,Шампура 30см 5 штук,raw.r1c_nomenclature_current,1,1
Номенклатура — current,Шанс 90 Ж,raw.r1c_nomenclature_current,1,1
Номенклатура — current,Шансил Инсектицид,raw.r1c_nomenclature_current,1,1
Номенклатура — current,Шансил Трио Инсектицид,raw.r1c_nomenclature_current,1,1
Номенклатура — current,Шансил Ультра Инсектицид,raw.r1c_nomenclature_current,1,1
Номенклатура — current,"Шансометокс Трио,КС",raw.r1c_nomenclature_current,1,1
Номенклатура — current,Шантус ВДГ,raw.r1c_nomenclature_current,1,1
Номенклатура — current,Шапочка Шарлотка белая,raw.r1c_nomenclature_current,1,1
Номенклатура — current,Шапочка медицинская Шарлотка голубая,raw.r1c_nomenclature_current,1,1
Номенклатура — current,Шапочка-берет одноразова ,raw.r1c_nomenclature_current,1,1
Номенклатура — current,Шар навески KHU Cat.4-3.85 37 57FE/ZN10C,raw.r1c_nomenclature_current,1,1
Номенклатура — current,Шар нижней навески Cat 4,raw.r1c_nomenclature_current,1,1
Номенклатура — current,Шарик L35138,raw.r1c_nomenclature_current,1,1
Номенклатура — current,Шарикоподшипник 203-KRR-AH02,raw.r1c_nomenclature_current,1,1
Номенклатура — current,Шарикоподшипник AS 206,raw.r1c_nomenclature_current,1,1
Номенклатура — current,Шарикоподшипник YAR 206-2RF,raw.r1c_nomenclature_current,1,1
Номенклатура — current,Шарикоподшипник YEL 209-2FF,raw.r1c_nomenclature_current,1,1
Номенклатура — current,Шарнир ,raw.r1c_nomenclature_current,1,1
Номенклатура — current,Шарнир 700.46.28.080,raw.r1c_nomenclature_current,1,1
Номенклатура — current,Шарнир 700А.46.28.040-1,raw.r1c_nomenclature_current,1,1
Номенклатура — current,Шарнир 80-3003020-02,raw.r1c_nomenclature_current,1,1
Номенклатура — current,Шарнир 80-3003020-03,raw.r1c_nomenclature_current,1,1
Номенклатура — current,Шарнир поворотного кулака СОБОЛЬ п/прив правый,raw.r1c_nomenclature_current,1,1
Номенклатура — current,Шарнир рулевой МТЗ,raw.r1c_nomenclature_current,1,1
Номенклатура — current,Шарнир рулевой для а/м ГАЗ,raw.r1c_nomenclature_current,1,1
Номенклатура — current,Шарнир тяг рулевой трапеции для а/м ГАЗ,raw.r1c_nomenclature_current,1,1
Номенклатура — current,Шарнир тяги (яблоко) W1522-4605558 D=38мм,raw.r1c_nomenclature_current,1,1
Номенклатура — current,Шарнир тяги (яблоко) W1522-4605558-01 D=29мм,raw.r1c_nomenclature_current,1,1
Номенклатура — current,Шарнирный вал,raw.r1c_nomenclature_current,1,1
Номенклатура — current,Шаровая опора FK0261,raw.r1c_nomenclature_current,1,1
Номенклатура — current,Шаровая опора L  артиул CBT83,raw.r1c_nomenclature_current,1,1
Номенклатура — current,Шаровая опора R  артиул CBT82,raw.r1c_nomenclature_current,1,1
Номенклатура — current,Шаровая опора нижняя,raw.r1c_nomenclature_current,1,1
Номенклатура — current,Шаровой кран LD Pride 47.20.В-Н.Р (white) ,raw.r1c_nomenclature_current,1,1
Номенклатура — current,"Шаровый кран ГОСТ, PN40, Ду 40, ВР 1 1/2"" рычаг 8755",raw.r1c_nomenclature_current,1,1
Номенклатура — current,Шарошки 52 предмета,raw.r1c_nomenclature_current,1,1
Номенклатура — current,Шарпей Инсектицид,raw.r1c_nomenclature_current,1,1
Номенклатура — current,"Шарпей, МЭ Инсектицид",raw.r1c_nomenclature_current,1,1
Номенклатура — current,Шашка дымовая серная,raw.r1c_nomenclature_current,1,1
Номенклатура — current,Шашки ВИСТ (400г),raw.r1c_nomenclature_current,1,1
Номенклатура — current,Швабра губчатая д/пола отжимная металл ручка,raw.r1c_nomenclature_current,1,1
Номенклатура — current,Швабра деревянная,raw.r1c_nomenclature_current,1,1
Номенклатура — current,Швабра механическая,raw.r1c_nomenclature_current,1,1
Номенклатура — current,Швабра с отжимом насадка PVA 27 см. один ролик рукоятка 65-120см,raw.r1c_nomenclature_current,1,1
Номенклатура — current,Швабра-лентяйка,raw.r1c_nomenclature_current,1,1
Номенклатура — current,Швабра-тряпкодержатель (насадка 20см) черенок (дерево),raw.r1c_nomenclature_current,1,1
Номенклатура — current,Швеллер 12,raw.r1c_nomenclature_current,1,1
Номенклатура — current,Швеллер 16,raw.r1c_nomenclature_current,1,1
Номенклатура — current,Швеллер № 10,raw.r1c_nomenclature_current,1,1
Номенклатура — current,Швеллер №12,raw.r1c_nomenclature_current,1,1
Номенклатура — current,Шестерня  170*1212 ,raw.r1c_nomenclature_current,1,1
Номенклатура — current,Шестерня  48,raw.r1c_nomenclature_current,1,1
Номенклатура — current,Шестерня  50*1701045,raw.r1c_nomenclature_current,1,1
Номенклатура — current,Шестерня  50*1701198,raw.r1c_nomenclature_current,1,1
Номенклатура — current,Шестерня  50*1701214,raw.r1c_nomenclature_current,1,1
Номенклатура — current,Шестерня  50*1701216,raw.r1c_nomenclature_current,1,1
Номенклатура — current,Шестерня  50*1701218,raw.r1c_nomenclature_current,1,1
Номенклатура — current,Шестерня  70*1701082,raw.r1c_nomenclature_current,1,1
Номенклатура — current,Шестерня  72-2308061 редуктора ком.пер.ведомая,raw.r1c_nomenclature_current,1,1
Номенклатура — current,Шестерня  72-2308062 редуктора конеч.передняя,raw.r1c_nomenclature_current,1,1
Номенклатура — current,"Шестерня  ГАЗ-53 коленвала,распределительного комплект ЗМЗ 511.1000106",raw.r1c_nomenclature_current,1,1
Номенклатура — current,Шестерня  КПП МТЗ 1-й передачи и заднего хода скользящая Z=17 А,raw.r1c_nomenclature_current,1,1
Номенклатура — current,"Шестерня  КПП МТЗ 3,6,9-й передачи скользящая Z=21 А",raw.r1c_nomenclature_current,1,1
Номенклатура — current,Шестерня  МАЗ ведущая бортовой передачи,raw.r1c_nomenclature_current,1,1
Номенклатура — current,Шестерня  МАЗ редуктора колесного,raw.r1c_nomenclature_current,1,1
Номенклатура — current,"Шестерня  МАЗ, МТЗ редуктора колесного ведона",raw.r1c_nomenclature_current,1,1
Номенклатура — current,Шестерня МТЗ дефференциала комплект ,raw.r1c_nomenclature_current,1,1
Номенклатура — current,Шестерня МТЗ дефференциала моста заднего ведущая левая А,raw.r1c_nomenclature_current,1,1
Номенклатура — current,Шестерня МТЗ дефференциала моста заднего ведущая правая А,raw.r1c_nomenclature_current,1,1
Номенклатура — current,Шестигранная гайка М6 DIN934/10,raw.r1c_nomenclature_current,1,1
Номенклатура — current,"Шина  11,2*20 8PR 114A6 Voltyre Ф-35 TTF",raw.r1c_nomenclature_current,1,1
Номенклатура — current,"Шина  15,5-38 Ф-2АД нс8",raw.r1c_nomenclature_current,1,1
Номенклатура — current,Шина  420/70R24 NORTEC AC200 130А8*127В TL,raw.r1c_nomenclature_current,1,1
Номенклатура — current,Шина  460/70R24 159А8/159В Garlisle Ground Force 717 Steel Belt TL 10131010/111023/3341023,raw.r1c_nomenclature_current,1,1
Номенклатура — current,Шина  460/70R24 159А8/159В Garlisle Ground Force 717 Steel Belt TL 10131010/220523/3180713,raw.r1c_nomenclature_current,1,1
Номенклатура — current,Шина  710/70R38 169A8/166D Titan AG5SV FiexControl TL,raw.r1c_nomenclature_current,1,1
Номенклатура — current,Шина  710/70R38 Волтайр AGRO DR 109 169A8/166D б/к,raw.r1c_nomenclature_current,1,1
Номенклатура — current,Шина  нулевая ШНИ 6х9-6 Д-Ж РЕ земля  ИЭК,raw.r1c_nomenclature_current,1,1
Номенклатура — current,"Шина ""0"" на DIN-рейку 6х9-10",raw.r1c_nomenclature_current,1,1
Номенклатура — current,Шина 11.5/80-15.3 14PR ,raw.r1c_nomenclature_current,1,1
Номенклатура — current,"Шина 15,5R38 Белшина Ф-2А 134A8 PR8 TT",raw.r1c_nomenclature_current,1,1
Номенклатура — current,"Шина 16"" 40см 0,325 67зв",raw.r1c_nomenclature_current,1,1
Номенклатура — current,"Шина 16,5/70-18 10PR 149A6 КАМА",raw.r1c_nomenclature_current,1,1
Номенклатура — current,Шина 28.1R26 ВЛ-41 158А8 12PR TT Волтайр,raw.r1c_nomenclature_current,1,1
Номенклатура — current,Шина 6.50-16 Волтайр R 387-1 нс 6 с/к,raw.r1c_nomenclature_current,1,1
Номенклатура — current,Шина 9.00-16 10PR 125A6 Белшина ПТ-5М,raw.r1c_nomenclature_current,1,1
Номенклатура — current,Шина Cordiant Winter Drive PW-1 175/70 R13 зима,raw.r1c_nomenclature_current,1,1
Номенклатура — current,Шина DDE для бензопилы сварная 16/40см,raw.r1c_nomenclature_current,1,1
Номенклатура — current,Шина N НОЛЬ в комб  DIN изол Стойка ШНИ 8х12-12 КС С ИЭК,raw.r1c_nomenclature_current,1,1
Номенклатура — current,Шина N нулевая 8х9 на изоляции синяя,raw.r1c_nomenclature_current,1,1
Номенклатура — current,Шина N нулевая на DIN изол ШНИ 6х9-12Д-С- ИЭК,raw.r1c_nomenclature_current,1,1
Номенклатура — current,Шина N нулевая на DIN изол ШНИ 8х9-16Д-С- ИЭК,raw.r1c_nomenclature_current,1,1
Номенклатура — current,Шина N нулевая на DIN рейку в корпусе 2х7 групп ИЭК,raw.r1c_nomenclature_current,1,1
Номенклатура — current,"Шина АД31"" 40*5 алюминий",raw.r1c_nomenclature_current,1,1
Номенклатура — current,"Шина АШ 18,4 R24",raw.r1c_nomenclature_current,1,1
Номенклатура — current,Шина М1Т 20х3,raw.r1c_nomenclature_current,1,1
Номенклатура — current,"Шина РЕ ""земля"" ШНИ 6х9-8-Д-Ж ИЭК",raw.r1c_nomenclature_current,1,1
Номенклатура — current,Шина РЕ земля в комб  DIN изол Стойка ШНИ 8х12-12 КС Ж ИЭК,raw.r1c_nomenclature_current,1,1
Номенклатура — current,Шина РЕ земля на  DIN изол  ШНИ 6х9-12 Д Ж ИЭК,raw.r1c_nomenclature_current,1,1
Номенклатура — current,"Шина РЕ""земля"" ШНИ 8*12-4-У2-Ж желтый",raw.r1c_nomenclature_current,1,1
Номенклатура — current,"Шина С/Х 11,5/80-15,3 Petlas UN 1 135A8 12PR TL",raw.r1c_nomenclature_current,1,1
Номенклатура — current,"Шина Чемпион 62(1,6)",raw.r1c_nomenclature_current,1,1
Номенклатура — current,Шина медн.М1 4х30х4000,raw.r1c_nomenclature_current,1,1
Номенклатура — current,Шина медн.М1 Т 3х20х3000 мм,raw.r1c_nomenclature_current,1,1
Номенклатура — current,Шина на DIN рейку в корпусе кросс-модуль 4х15,raw.r1c_nomenclature_current,1,1
Номенклатура — current,Шина нулевая 63.12 DIN рейку ЭКФ,raw.r1c_nomenclature_current,1,1
Номенклатура — current,Шина нулевая ШНИ 6х9-6 Д-С ИЭК,raw.r1c_nomenclature_current,1,1
Номенклатура — current,Шина нулевая ШНИ 6х9-8-Д-С,raw.r1c_nomenclature_current,1,1
Номенклатура — current,Шина нулевая в изоляторе на ДИН-рейку 8х12,raw.r1c_nomenclature_current,1,1
Номенклатура — current,"Шина нулевая в комб.""Стойка""ШНИ 6*8-8 кс-с ИЭК",raw.r1c_nomenclature_current,1,1
Номенклатура — current,"Шина с/х 16,5/70-18 КФ-97 АШК 10сл",raw.r1c_nomenclature_current,1,1
Номенклатура — current,Шина с/х 710/70R38 169A8/166D Titan AG53V,raw.r1c_nomenclature_current,1,1
Номенклатура — current,Шина соединительная PIN (штырь) 3р 63А дл 1м ИЭК,raw.r1c_nomenclature_current,1,1
Номенклатура — current,Шина соединительная PIN 1ф 63А дл 1м ИЭК,raw.r1c_nomenclature_current,1,1
Номенклатура — current,Шина соединительная PIN 3ф 63А дл 1м ИЭК,raw.r1c_nomenclature_current,1,1
Номенклатура — current,Шина соединительная типа PIN (12штырей) 3Р 63А 22см IEK YNS21-3-063-22-12,raw.r1c_nomenclature_current,1,1
Номенклатура — current,Шина соединительная типа PIN 3Р 100А (дл.1м),raw.r1c_nomenclature_current,1,1
Номенклатура — current,Шина цельнолитая 6.50-10 Composit (без бурта),raw.r1c_nomenclature_current,1,1
Номенклатура — current,Шина цельнолитая 8.15-15 (28x9-15) Composit (без бурта),raw.r1c_nomenclature_current,1,1
Номенклатура — current,"Шинкомплект 6,00-9",raw.r1c_nomenclature_current,1,1
Номенклатура — current,Шиномонтаж,raw.r1c_nomenclature_current,1,1
Номенклатура — current,Ширлан СК Фунгицид,raw.r1c_nomenclature_current,1,1
Номенклатура — current,"Шифер СВ-40 1,13*1,75м",raw.r1c_nomenclature_current,1,1
Номенклатура — current,Шифер плоский 3000*1500*8мм,raw.r1c_nomenclature_current,1,1
Номенклатура — current,Шкаф COFFRET KAEDRA 24 MOD (A) 13983,raw.r1c_nomenclature_current,1,1
Номенклатура — current,Шкаф гардеробный,raw.r1c_nomenclature_current,1,1
Номенклатура — current,Шкаф для бумаг 4 полки  850*400*1860,raw.r1c_nomenclature_current,1,1
Номенклатура — current,Шкаф для бумаг практик 1 дверный 472*458*1830,raw.r1c_nomenclature_current,1,1
Номенклатура — current,Шкаф для документов,raw.r1c_nomenclature_current,1,1
Номенклатура — current,Шкаф для ключей Cobalt К-96 для  96 ключей,raw.r1c_nomenclature_current,1,1
Номенклатура — current,Шкаф для ключей А32К для 32 ключей,raw.r1c_nomenclature_current,1,1
Номенклатура — current,Шкаф для ключей АКО KEY-40 на 40 ключей с брелками,raw.r1c_nomenclature_current,1,1
Номенклатура — current,Шкаф для ключей АКО KEY-60 на 60 ключей с брелками,raw.r1c_nomenclature_current,1,1
Номенклатура — current,Шкаф для ключей на 20 ключей с брелоками,raw.r1c_nomenclature_current,1,1
Номенклатура — current,Шкаф для одежды ШРК-22/800,raw.r1c_nomenclature_current,1,1
Номенклатура — current,Шкаф для одежды металлический ЗМИ_ШМ-22 (800),raw.r1c_nomenclature_current,1,1
Номенклатура — current,Шкаф для сумок ШРМ-312,raw.r1c_nomenclature_current,1,1
Номенклатура — current,Шкаф комбинированный 755*376/2000 ДСП 16мм,raw.r1c_nomenclature_current,1,1
Номенклатура — current,Шкаф металлический 20 ключей 160х80х200,raw.r1c_nomenclature_current,1,1
Номенклатура — current,Шкаф металлический для бумаг АКО SL 65T 460х340х630,raw.r1c_nomenclature_current,1,1
Номенклатура — current,Шкаф металлический с монтажной платой,raw.r1c_nomenclature_current,1,1
Номенклатура — current,Шкаф морозильный Бирюса 116 белый,raw.r1c_nomenclature_current,1,1
Номенклатура — current,Шкаф с источником бесперебойного питания,raw.r1c_nomenclature_current,1,1
Номенклатура — current,Шкаф хозяйственный N_ШМС-6 756*450*1850 ,raw.r1c_nomenclature_current,1,1
Номенклатура — current,Шкворень ЗИЛ-130 в сборе комплект 2шт ТК МЕХАНИК 130-3000101,raw.r1c_nomenclature_current,1,1
Номенклатура — current,"Шкворень МАЗ,КРАЗ  комплект на кулак 500А-3001019",raw.r1c_nomenclature_current,1,1
Номенклатура — current,"Шкворень МАЗ-64221,МЗКТ в сборе комплект на кулак ТК МЕХАНИК ",raw.r1c_nomenclature_current,1,1
Номенклатура — current,Шкворень МТЗ-ВЗТЗЧ 50-4605079Б,raw.r1c_nomenclature_current,1,1
Номенклатура — current,Шкив ,raw.r1c_nomenclature_current,1,1
Номенклатура — current,Шкив D50 ,raw.r1c_nomenclature_current,1,1
Номенклатура — current,Шкив генератора INA,raw.r1c_nomenclature_current,1,1
Номенклатура — current,Шкив зубчатый под втулку 32-8М-20 ТВ 1610 ST (PHP 32-8M-20 TB),raw.r1c_nomenclature_current,1,1
Номенклатура — current,Шкив зубчатый с ребордами 8М-20 F Z 32,raw.r1c_nomenclature_current,1,1
Номенклатура — current,Шкив клиновый SPB 3XO224  (TB2517) BEA ITALY,raw.r1c_nomenclature_current,1,1
Номенклатура — current,Шкив компрессора кондиционера,raw.r1c_nomenclature_current,1,1
Номенклатура — current,"Шкурка на тканевой основе, KK18XW, зерн, 16Н Р80, бобина водостойкая",raw.r1c_nomenclature_current,1,1
Номенклатура — current,Шлагбаум автоматический,raw.r1c_nomenclature_current,1,1
Номенклатура — current,Шланг ,raw.r1c_nomenclature_current,1,1
Номенклатура — current,Шланг  воздушный быстросъемный MATRIX,raw.r1c_nomenclature_current,1,1
Номенклатура — current,Шланг 1 метр,raw.r1c_nomenclature_current,1,1
Номенклатура — current,Шланг 1*  50м,raw.r1c_nomenclature_current,1,1
Номенклатура — current,"Шланг 1,45 м",raw.r1c_nomenclature_current,1,1
Номенклатура — current,"Шланг 1,5 метра",raw.r1c_nomenclature_current,1,1
Номенклатура — current,Шланг 10мм,raw.r1c_nomenclature_current,1,1
Номенклатура — current,Шланг 24РВД (2250),raw.r1c_nomenclature_current,1,1
Номенклатура — current,Шланг 3/4 25м,raw.r1c_nomenclature_current,1,1
Номенклатура — current,Шланг 3/4 50м,raw.r1c_nomenclature_current,1,1
Номенклатура — current,Шланг 32,raw.r1c_nomenclature_current,1,1
Номенклатура — current,Шланг 4800-NW10-2SC,raw.r1c_nomenclature_current,1,1
Номенклатура — current,Шланг PrimoFlex 3/4-50м Karcher 2.645-143,raw.r1c_nomenclature_current,1,1
Номенклатура — current,"Шланг d=16 мм вода,тосол в оплетке ИПТ Волжский Ш-16х1000",raw.r1c_nomenclature_current,1,1
Номенклатура — current,"Шланг d=20х29,0-1,6 маслобензостойкий 1м ГОСТ 10362-76 ВРТ",raw.r1c_nomenclature_current,1,1
Номенклатура — current,"Шланг ВД двухоплеточный (EU) 2SN-06.гайка-гайка, 50m.400bar для PORTOTECNIKA. KRANZLE",raw.r1c_nomenclature_current,1,1
Номенклатура — current,Шланг Диаметр 50 мм,raw.r1c_nomenclature_current,1,1
Номенклатура — current,Шланг КАМАЗ манометра 5320-382904,raw.r1c_nomenclature_current,1,1
Номенклатура — current,Шланг ПВХ 100мм (20м),raw.r1c_nomenclature_current,1,1
Номенклатура — current,Шланг ПВХ Refittex 20 бар д19*26 мм,raw.r1c_nomenclature_current,1,1
Номенклатура — current,Шланг ПВХ Д35мм 1 метр,raw.r1c_nomenclature_current,1,1
Номенклатура — current,Шланг армированный 16,raw.r1c_nomenclature_current,1,1
Номенклатура — current,Шланг арт.078,raw.r1c_nomenclature_current,1,1
Номенклатура — current,Шланг бензостойкий,raw.r1c_nomenclature_current,1,1
Номенклатура — current,"Шланг воздушный с фитингами рапид, 20бар, 9x15мм, 25м FOXWELD AERO",raw.r1c_nomenclature_current,1,1
Номенклатура — current,Шланг высокого давления 12м. DAEWOO ,raw.r1c_nomenclature_current,1,1
Номенклатура — current,Шланг гибкий для шприца 300мм,raw.r1c_nomenclature_current,1,1
Номенклатура — current,Шланг гидравлический высокого давления,raw.r1c_nomenclature_current,1,1
Номенклатура — current,Шланг гофр. D40,raw.r1c_nomenclature_current,1,1
Номенклатура — current,Шланг диаметр 51 мм,raw.r1c_nomenclature_current,1,1
Номенклатура — current,"Шланг для воздуха,воды,фунгицидов ПВХ Ф 25,0 мм ",raw.r1c_nomenclature_current,1,1
Номенклатура — current,"Шланг для душа 1,48см",raw.r1c_nomenclature_current,1,1
Номенклатура — current,Шланг для пистолета подкачки шин,raw.r1c_nomenclature_current,1,1
Номенклатура — current,Шланг для шприца ТНП ЭВРИКА ER-44401-9Sn,raw.r1c_nomenclature_current,1,1
Номенклатура — current,Шланг кислородный Ф12 (20атм),raw.r1c_nomenclature_current,1,1
Номенклатура — current,Шланг компр. 8х12-10м спиральный,raw.r1c_nomenclature_current,1,1
Номенклатура — current,Шланг компрессора 10*16 мм 20м резиновый воздушный армированный,raw.r1c_nomenclature_current,1,1
Номенклатура — current,Шланг компрессора 12*18 мм 50м резиновый воздушный армированный,raw.r1c_nomenclature_current,1,1
Номенклатура — current,Шланг компрессорный 10м,raw.r1c_nomenclature_current,1,1
Номенклатура — current,Шланг компрессорный 5м,raw.r1c_nomenclature_current,1,1
Номенклатура — current,Шланг маслобензостойкий d=8,raw.r1c_nomenclature_current,1,1
Номенклатура — current,"Шланг маслобензостойкий ПВХ  d=12,5мм",raw.r1c_nomenclature_current,1,1
Номенклатура — current,"Шланг маслобензостойкий ПВХ  d=16,0мм",raw.r1c_nomenclature_current,1,1
Номенклатура — current,"Шланг маслобензостойкий ПВХ  d=32,0мм",raw.r1c_nomenclature_current,1,1
Номенклатура — current,"Шланг маслобензостойкий ПВХ  d=40,0мм",raw.r1c_nomenclature_current,1,1
Номенклатура — current,Шланг напорно-всасывающий 75 мм (4м) с гайками,raw.r1c_nomenclature_current,1,1
Номенклатура — current,Шланг напорный армированный нитью ДУ-10,raw.r1c_nomenclature_current,1,1
Номенклатура — current,"Шланг невматический в возвратной катушке, длина 10+1м, резьба 1/4""",raw.r1c_nomenclature_current,1,1
Номенклатура — current,Шланг отопителя,raw.r1c_nomenclature_current,1,1
Номенклатура — current,"Шланг пневматический 8,0х14,0мм с быстросъемными фитингами",raw.r1c_nomenclature_current,1,1
Номенклатура — current,Шланг пневматический витой М16 L=4.5м (желтый) WABCO 452 711 007 0,raw.r1c_nomenclature_current,1,1
Номенклатура — current,"Шланг пневматический маслостойкий 10м, 8х14 мм, Gigant резина G-PS17010",raw.r1c_nomenclature_current,1,1
Номенклатура — current,Шланг пневматический спиральный высокого давления (8х12 мм; 10 м; полиуретановый) МАСТАК 680-08110SQ,raw.r1c_nomenclature_current,1,1
Номенклатура — current,Шланг подкачки 12м. (5320-3029010-12) КАМАЗ,raw.r1c_nomenclature_current,1,1
Номенклатура — current,"Шланг подкачки колеса ЗИЛ,МАЗ,КАМАЗ 12м в оплетке ТК МЕХАНИК",raw.r1c_nomenclature_current,1,1
Номенклатура — current,Шланг пожарный 65 мм с гайками (20м),raw.r1c_nomenclature_current,1,1
Номенклатура — current,Шланг полив ф25мм,raw.r1c_nomenclature_current,1,1
Номенклатура — current,Шланг полив черный 3/4*50м,raw.r1c_nomenclature_current,1,1
Номенклатура — current,Шланг полив черный ф25мм*50м,raw.r1c_nomenclature_current,1,1
Номенклатура — current,"Шланг поливочный 3/4 25м, 30бар",raw.r1c_nomenclature_current,1,1
Номенклатура — current,"Шланг поливочный армированный 3 слойный Standard 3/4"", 50м PALISAD  ",raw.r1c_nomenclature_current,1,1
Номенклатура — current,"Шланг поливочный спиральный 11,2м",raw.r1c_nomenclature_current,1,1
Номенклатура — current,Шланг прозрачный 12х16 5м ,raw.r1c_nomenclature_current,1,1
Номенклатура — current,Шланг резиновый d 20мм,raw.r1c_nomenclature_current,1,1
Номенклатура — current,Шланг резиновый газ 9мм черный,raw.r1c_nomenclature_current,1,1
Номенклатура — current,Шланг силиконовый (Рукав) D16мм,raw.r1c_nomenclature_current,1,1
Номенклатура — current,Шланг силиконовый (Рукав) D18мм,raw.r1c_nomenclature_current,1,1
Номенклатура — current,Шланг силиконовый (Рукав) D8мм,raw.r1c_nomenclature_current,1,1
Номенклатура — current,Шланг силиконовый D25мм,raw.r1c_nomenclature_current,1,1
Номенклатура — current,Шланг спирально-витой НВС ф 19мм,raw.r1c_nomenclature_current,1,1
Номенклатура — current,Шланг спирально-витой НВС ф 32мм,raw.r1c_nomenclature_current,1,1
Номенклатура — current,Шланг спиральный 20бар,raw.r1c_nomenclature_current,1,1
Номенклатура — current,Шланг спиральный 8мм 12мм 5м PU ASN-5,raw.r1c_nomenclature_current,1,1
Номенклатура — current,Шланг спиральный НВС 50мм из ПВХ,raw.r1c_nomenclature_current,1,1
Номенклатура — current,Шланг спиральный НВС ф25мм из ПВХ,raw.r1c_nomenclature_current,1,1
Номенклатура — current,Шланг спиральный НВС ф50мм их ПВХ,raw.r1c_nomenclature_current,1,1
Номенклатура — current,Шланг спиральный возд. 10м МАТРИКС-57004,raw.r1c_nomenclature_current,1,1
Номенклатура — current,Шланг спиральный возд. 15м МАТРИКС-57006,raw.r1c_nomenclature_current,1,1
Номенклатура — current,Шланг спиральный для пневмоинструмента SPE 10,raw.r1c_nomenclature_current,1,1
Номенклатура — current,Шланг спиральный для пневмоинструмента SPE 20,raw.r1c_nomenclature_current,1,1
Номенклатура — current,Шланг спиральный полиуретан 10м 10-14мм с быстросъемными соед. ,raw.r1c_nomenclature_current,1,1
Номенклатура — current,Шланг спиральный черный полиуретановый с быстросъемными соединениями профи 20бар 812мм 20м,raw.r1c_nomenclature_current,1,1
Номенклатура — current,"Шланг тормозной  3302,2705 промежуточный (от ГТЦ до рамы)",raw.r1c_nomenclature_current,1,1
Номенклатура — current,Шланг тормозной для а/м ГАЗ 3302 промежуточный,raw.r1c_nomenclature_current,1,1
Номенклатура — current,Шланг тормозной на ПАЗ С211КЕ,raw.r1c_nomenclature_current,1,1
Номенклатура — current,Шланг шприца,raw.r1c_nomenclature_current,1,1
Номенклатура — current,Шланг-400-375бар,raw.r1c_nomenclature_current,1,1
Номенклатура — current,Шлиф-шкурка на тканевой основе водостойкая,raw.r1c_nomenclature_current,1,1
Номенклатура — current,"Шлиф-шкурка на тканевой основе водостойкая 0,775 ",raw.r1c_nomenclature_current,1,1
Номенклатура — current,"Шлиф-шкурка на тканевой основе водостойкая в рулоне №63, 775мм х30м",raw.r1c_nomenclature_current,1,1
Номенклатура — current,"Шлиф-шкурка на тканевой основе водостойкая в рулоне №80, 775мм х20м",raw.r1c_nomenclature_current,1,1
Номенклатура — current,Шлифмашина угл AEG WS8-125 4935451402,raw.r1c_nomenclature_current,1,1
Номенклатура — current,Шлифовальная машина Ресанта,raw.r1c_nomenclature_current,1,1
Номенклатура — current,Шлифовальная шкурка КК19XW 100Hш 775мм ,raw.r1c_nomenclature_current,1,1
Номенклатура — current,"Шлифовальный круг 250x32x32 25a (электрокорунд, белый) для NM-250",raw.r1c_nomenclature_current,1,1
Номенклатура — current,Шлифовальный круг 250х32х32,raw.r1c_nomenclature_current,1,1
Номенклатура — current,Шлицевая втулка ПСБ-60Г,raw.r1c_nomenclature_current,1,1
Номенклатура — current,Шлюз сетевой,raw.r1c_nomenclature_current,1,1
Номенклатура — current,Шляпа дпя пчеловода (хлопок+ткань сзади),raw.r1c_nomenclature_current,1,1
Номенклатура — current,Шнековый пресс сепаратор СТ 280,raw.r1c_nomenclature_current,1,1
Номенклатура — current,Шнур МТЗ управления шторкой 70-1310121,raw.r1c_nomenclature_current,1,1
Номенклатура — current,Шнур плетеный капроновый д-6мм,raw.r1c_nomenclature_current,1,1
Номенклатура — current,Шнур пористый уплотнительный резиновый 10 мм 20 метров 24270-шнур*порист_10мм*20м,raw.r1c_nomenclature_current,1,1
Номенклатура — current,Шнур разметочный 30м,raw.r1c_nomenclature_current,1,1
Номенклатура — current,"Шнур хозяйственный д-6мм 20 метров, цветной",raw.r1c_nomenclature_current,1,1
Номенклатура — current,Шпагат 1/2 50м,raw.r1c_nomenclature_current,1,1
Номенклатура — current,Шпагат 500 м,raw.r1c_nomenclature_current,1,1
Номенклатура — current,Шпагат ПП фибриллированный крученый 2200 текс,raw.r1c_nomenclature_current,1,1
Номенклатура — current,Шпагат полипропиленовый,raw.r1c_nomenclature_current,1,1
Номенклатура — current,Шпаклевка UNI NOVOL 1105,raw.r1c_nomenclature_current,1,1
Номенклатура — current,Шпаклевка Финишная  ,raw.r1c_nomenclature_current,1,1
Номенклатура — current,Шпаклевка базовая Старатели,raw.r1c_nomenclature_current,1,1
Номенклатура — current,Шпатель 100мм,raw.r1c_nomenclature_current,1,1
Номенклатура — current,Шпатель 100мм фасадный,raw.r1c_nomenclature_current,1,1
Номенклатура — current,Шпатель 150мм,raw.r1c_nomenclature_current,1,1
Номенклатура — current,Шпатель 250мм,raw.r1c_nomenclature_current,1,1
Номенклатура — current,Шпатель 300мм,raw.r1c_nomenclature_current,1,1
Номенклатура — current,Шпатель 350мм,raw.r1c_nomenclature_current,1,1
Номенклатура — current,Шпатель 40мм,raw.r1c_nomenclature_current,1,1
Номенклатура — current,Шпатель 60мм,raw.r1c_nomenclature_current,1,1
Номенклатура — current,Шпатель 80мм,raw.r1c_nomenclature_current,1,1
Номенклатура — current,Шпатель евро металлический,raw.r1c_nomenclature_current,1,1
Номенклатура — current,Шпатель нержавейка КЕДР,raw.r1c_nomenclature_current,1,1
Номенклатура — current,Шпатель нержавейка ПРОФИ 100мм духкомп.ручка КЕДР,raw.r1c_nomenclature_current,1,1
Номенклатура — current,Шпатель фасадный 150мм ,raw.r1c_nomenclature_current,1,1
Номенклатура — current,Шпатель фасадный зубчатый сталь 300мм с пластиковой ручкой,raw.r1c_nomenclature_current,1,1
Номенклатура — current,Шпательная лопатка из нержавеющей стали,raw.r1c_nomenclature_current,1,1
Номенклатура — current,"Шпатлевка  мягкая Унисофт  0,25кг",raw.r1c_nomenclature_current,1,1
Номенклатура — current,Шпилька М10,raw.r1c_nomenclature_current,1,1
Номенклатура — current,Шпилька М10*1м,raw.r1c_nomenclature_current,1,1
Номенклатура — current,"Шпилька М10х1,5х1000",raw.r1c_nomenclature_current,1,1
Номенклатура — current,"Шпилька М12х1,5х35х1,35",raw.r1c_nomenclature_current,1,1
Номенклатура — current,Шпилька М20*15 700.23.00.089,raw.r1c_nomenclature_current,1,1
Номенклатура — current,Шпилька М6,raw.r1c_nomenclature_current,1,1
Номенклатура — current,Шпилька М8,raw.r1c_nomenclature_current,1,1
Номенклатура — current,Шпилька М8х25 трубы приемной,raw.r1c_nomenclature_current,1,1
Номенклатура — current,Шпилька задняя МТЗ,raw.r1c_nomenclature_current,1,1
Номенклатура — current,Шпилька задняя левая ЗИЛ 130-3104051,raw.r1c_nomenclature_current,1,1
Номенклатура — current,Шпилька колеса левая ГАЗ 53 (51-3103009),raw.r1c_nomenclature_current,1,1
Номенклатура — current,Шпилька колеса правая ГАЗ 53 (51-3103008),raw.r1c_nomenclature_current,1,1
Номенклатура — current,Шпилька нержавеющая м16 метровая резьбовая din 975 ,raw.r1c_nomenclature_current,1,1
Номенклатура — current,Шпилька резьбовая М 18,raw.r1c_nomenclature_current,1,1
Номенклатура — current,"Шпилька резьбовая М10x1000мм нерж.сталь (А2), DIN 976",raw.r1c_nomenclature_current,1,1
Номенклатура — current,Шпилька резьбовая М14x1000 мм цинк,raw.r1c_nomenclature_current,1,1
Номенклатура — current,Шпилька резьбовая М16,raw.r1c_nomenclature_current,1,1
Номенклатура — current,Шпилька резьбовая М16x1000 мм DIN975,raw.r1c_nomenclature_current,1,1
Номенклатура — current,Шпилька резьбовая М20,raw.r1c_nomenclature_current,1,1
Номенклатура — current,Шпилька резьбовая М22,raw.r1c_nomenclature_current,1,1
Номенклатура — current,Шпилька резьбовая М24,raw.r1c_nomenclature_current,1,1
Номенклатура — current,"Шпилька резьбовая усиленная 10x2000, DIN 975",raw.r1c_nomenclature_current,1,1
Номенклатура — current,"Шпилька ступицы 887А-3103016 ПТС2,4",raw.r1c_nomenclature_current,1,1
Номенклатура — current,Шпилько колеса УАЗ,raw.r1c_nomenclature_current,1,1
Номенклатура — current,Шпингалет,raw.r1c_nomenclature_current,1,1
Номенклатура — current,Шпиндель,raw.r1c_nomenclature_current,1,1
Номенклатура — current,Шплинт ,raw.r1c_nomenclature_current,1,1
Номенклатура — current,Шплинт JE9301,raw.r1c_nomenclature_current,1,1
Номенклатура — current,Шплинт В99-02431,raw.r1c_nomenclature_current,1,1
Номенклатура — current,Шплинт МТЗ задней навески РУП МТЗ А61.07.001,raw.r1c_nomenclature_current,1,1
Номенклатура — current,Шплинт зуба Aktyvator ,raw.r1c_nomenclature_current,1,1
Номенклатура — current,Шплинт набор 6 размеров 144шт (кейс),raw.r1c_nomenclature_current,1,1
Номенклатура — current,Шплинт набор 6 размеров 150шт (кейс),raw.r1c_nomenclature_current,1,1
Номенклатура — current,Шпонка на двойную звезду СС-16,raw.r1c_nomenclature_current,1,1
Номенклатура — current,Шприц 445 мл СТЕЛС 53205,raw.r1c_nomenclature_current,1,1
Номенклатура — current,Шприц для консистентной смазки 400мл,raw.r1c_nomenclature_current,1,1
Номенклатура — current,"Шприц для консистентной смазки, 2-х плунжерный, 400 мл.Ombra A90056  ",raw.r1c_nomenclature_current,1,1
Номенклатура — current,Шприц маслозаливной 400мл,raw.r1c_nomenclature_current,1,1
Номенклатура — current,Шприц рычажно-плужерный 400 см.куб,raw.r1c_nomenclature_current,1,1
Номенклатура — current,Шприц рычажно-плужерный 500мл,raw.r1c_nomenclature_current,1,1
Номенклатура — current,Шрус кардан для а/м ВАЗ 32123,raw.r1c_nomenclature_current,1,1
Номенклатура — current,Штамп самонаборный 1-4 стр 48х18,raw.r1c_nomenclature_current,1,1
Номенклатура — current,Штамп самонаборный 1-6стр 70*32,raw.r1c_nomenclature_current,1,1
Номенклатура — current,Штамп самонаборный пластиковый 2стр 69*10мм Colop,raw.r1c_nomenclature_current,1,1
Номенклатура — current,Штамп самонаборный пластиковый 3стр 38*14 мм Colop,raw.r1c_nomenclature_current,1,1
Номенклатура — current,Штамп самонаборный пластиковый 8/6стр 69*30 мм рамка,raw.r1c_nomenclature_current,1,1
Номенклатура — current,Штамп стандартный Pr. С20_3.42 со сл. КОПИЯ ВЕРНА подпись___Colop,raw.r1c_nomenclature_current,1,1
Номенклатура — current,Штамп стандартный со сл. СОГЛАСОВАНО,raw.r1c_nomenclature_current,1,1
Номенклатура — current,Штамп стандартный со словом ОПЛАЧЕНО,raw.r1c_nomenclature_current,1,1
Номенклатура — current,Штангенциркуль 150мм 31662,raw.r1c_nomenclature_current,1,1
Номенклатура — current,Штангенциркуль 200 мм CLP 200 Gigant ,raw.r1c_nomenclature_current,1,1
Номенклатура — current,"Штангенциркуль цифровой Inforce 0-150мм/0-6""*0.01мм/0.0005"" 06-11-39",raw.r1c_nomenclature_current,1,1
Номенклатура — current,"Штанги реактивные задней подвески ВАЗ-2121, 21214,2123 (комплект)",raw.r1c_nomenclature_current,1,1
Номенклатура — current,Штанги реакттивные  Chervy Niva Bestparts 5 шт,raw.r1c_nomenclature_current,1,1
Номенклатура — current,Штапик,raw.r1c_nomenclature_current,1,1
Номенклатура — current,Штатив для светодиодных прожекторов 2*50 вт,raw.r1c_nomenclature_current,1,1
Номенклатура — current,"Штекер SVK-НВД12,5-250бар",raw.r1c_nomenclature_current,1,1
Номенклатура — current,Штифт 100.00578,raw.r1c_nomenclature_current,1,1
Номенклатура — current,Штифт направляющий,raw.r1c_nomenclature_current,1,1
Номенклатура — current,"Штифт направляющий ГБЦ ММЗ Д-245,240-1002046",raw.r1c_nomenclature_current,1,1
Номенклатура — current,Штифт пружинный 10х65,raw.r1c_nomenclature_current,1,1
Номенклатура — current,Штифт пружинный 16х60,raw.r1c_nomenclature_current,1,1
Номенклатура — current,Штифт пружинный 8х50,raw.r1c_nomenclature_current,1,1
Номенклатура — current,Штифт распортный 10х50,raw.r1c_nomenclature_current,1,1
Номенклатура — current,Штифт рычага КПП ГАЗ-53,raw.r1c_nomenclature_current,1,1
Номенклатура — current,Шторка в ванную комнату,raw.r1c_nomenclature_current,1,1
Номенклатура — current,Шторы,raw.r1c_nomenclature_current,1,1
Номенклатура — current,Штраф за простой на загрузке,raw.r1c_nomenclature_current,1,1
Номенклатура — current,Штрафные санкции по договору лизинга,raw.r1c_nomenclature_current,1,1
Номенклатура — current,Штукатурка Ротбанд,raw.r1c_nomenclature_current,1,1
Номенклатура — current,Штукатурка цемент.ЦЕМЕНТУМ (Холсим) 25 кг,raw.r1c_nomenclature_current,1,1
Номенклатура — current,Штуцер ,raw.r1c_nomenclature_current,1,1
Номенклатура — current,Штуцер  перех.д.шл. 1.2 нар.- 10мм ,raw.r1c_nomenclature_current,1,1
Номенклатура — current,Штуцер  перех.д.шл. 1.2 нар.-20мм латунь,raw.r1c_nomenclature_current,1,1
Номенклатура — current,Штуцер 18х1.5,raw.r1c_nomenclature_current,1,1
Номенклатура — current,Штуцер 18х1/2 (латунь),raw.r1c_nomenclature_current,1,1
Номенклатура — current,Штуцер 24-К/2 насоса-дозатора рулевого управления МТЗ,raw.r1c_nomenclature_current,1,1
Номенклатура — current,Штуцер 25*25,raw.r1c_nomenclature_current,1,1
Номенклатура — current,Штуцер 25*32,raw.r1c_nomenclature_current,1,1
Номенклатура — current,Штуцер 3/4*20,raw.r1c_nomenclature_current,1,1
Номенклатура — current,Штуцер 3/4*25,raw.r1c_nomenclature_current,1,1
Номенклатура — current,Штуцер 32*32,raw.r1c_nomenclature_current,1,1
Номенклатура — current,Штуцер НР 12х20,raw.r1c_nomenclature_current,1,1
Номенклатура — current,Штуцер ЯМЗ-534 форсунки АВТОДИЗЕЛЬ 5340.1112150-20,raw.r1c_nomenclature_current,1,1
Номенклатура — current,Штуцер ассортимент,raw.r1c_nomenclature_current,1,1
Номенклатура — current,"Штуцер для РВД переходной 24/32 М 20*1,5-М27-1,5",raw.r1c_nomenclature_current,1,1
Номенклатура — current,Штуцер для соединения РВД 22/22,raw.r1c_nomenclature_current,1,1
Номенклатура — current,Штуцер для соединения РВД 24/24,raw.r1c_nomenclature_current,1,1
Номенклатура — current,Штуцер для соединения РВД 24/BSP3/8/1/2 3/4 гидроуз,raw.r1c_nomenclature_current,1,1
Номенклатура — current,Штуцер для соединения РВД 27/27,raw.r1c_nomenclature_current,1,1
Номенклатура — current,Штуцер для соединения РВД 32/32,raw.r1c_nomenclature_current,1,1
Номенклатура — current,Штуцер для соединения РВД 36/36,raw.r1c_nomenclature_current,1,1
Номенклатура — current,Штуцер для соединения РВД32/24,raw.r1c_nomenclature_current,1,1
Номенклатура — current,"Штуцер для шланга латунь, внутр. резьба 16*1/2",raw.r1c_nomenclature_current,1,1
Номенклатура — current,Штуцер лат ВP 15*16,raw.r1c_nomenclature_current,1,1
Номенклатура — current,Штуцер лат ВP 15*18,raw.r1c_nomenclature_current,1,1
Номенклатура — current,Штуцер лат ВP 20*25,raw.r1c_nomenclature_current,1,1
Номенклатура — current,Штуцер лат НР 20*15,raw.r1c_nomenclature_current,1,1
Номенклатура — current,Штуцер лат НР 20*20,raw.r1c_nomenclature_current,1,1
Номенклатура — current,Штуцер лат НР 20*25,raw.r1c_nomenclature_current,1,1
Номенклатура — current,Штуцер лат. НР 20*20,raw.r1c_nomenclature_current,1,1
Номенклатура — current,Штуцер лат. НР20*25,raw.r1c_nomenclature_current,1,1
Номенклатура — current,Штуцер латунный резьбовой,raw.r1c_nomenclature_current,1,1
Номенклатура — current,Штуцер никель 20*20,raw.r1c_nomenclature_current,1,1
Номенклатура — current,Штуцер перех. 24*33,raw.r1c_nomenclature_current,1,1
Номенклатура — current,Штуцер перех. 27*20,raw.r1c_nomenclature_current,1,1
Номенклатура — current,"Штуцер перех. М16*1,5",raw.r1c_nomenclature_current,1,1
Номенклатура — current,"Штуцер под топливный болт М10-16*1,5 ",raw.r1c_nomenclature_current,1,1
Номенклатура — current,"Штуцер под шланг 2"" нр х 50 мм",raw.r1c_nomenclature_current,1,1
Номенклатура — current,"Штуцер соед. 14*1,5",raw.r1c_nomenclature_current,1,1
Номенклатура — current,"Штуцер соед. 24*1,5",raw.r1c_nomenclature_current,1,1
Номенклатура — current,"Штуцер соед. 27*1,5",raw.r1c_nomenclature_current,1,1
Номенклатура — current,Штуцер шланга д25,raw.r1c_nomenclature_current,1,1
Номенклатура — current,Штуцер шланга д32,raw.r1c_nomenclature_current,1,1
Номенклатура — current,Штццер 25*32,raw.r1c_nomenclature_current,1,1
Номенклатура — current,Шубка поролоновый 250 мм,raw.r1c_nomenclature_current,1,1
Номенклатура — current,Шуруп,raw.r1c_nomenclature_current,1,1
Номенклатура — current,Шуруп 8*120,raw.r1c_nomenclature_current,1,1
Номенклатура — current,Шуруп 8*80,raw.r1c_nomenclature_current,1,1
Номенклатура — current,Шуруп кольцо с дюпелями,raw.r1c_nomenclature_current,1,1
Номенклатура — current,"Шуруп по бетону 7,5*112",raw.r1c_nomenclature_current,1,1
Номенклатура — current,"Шуруп по бетону 7,5*132",raw.r1c_nomenclature_current,1,1
Номенклатура — current,"Шуруп по бетону 7,5*152",raw.r1c_nomenclature_current,1,1
Номенклатура — current,Шуруп шестигранный 8*50 с дюпелями,raw.r1c_nomenclature_current,1,1
Номенклатура — current,Шуруповерт 18В,raw.r1c_nomenclature_current,1,1
Номенклатура — current,Шуруповерт FAVOURITE 18B ,raw.r1c_nomenclature_current,1,1
Номенклатура — current,Шуруповерт FAVOURITE DC 18EL 18B 2Ач,raw.r1c_nomenclature_current,1,1
Номенклатура — current,Шуруповерт FAVOURITE DC 24EL 24B 2Ач,raw.r1c_nomenclature_current,1,1
Номенклатура — current,Шуруповерт INGCO SOLO 11078,raw.r1c_nomenclature_current,1,1
Номенклатура — current,Шуруповерт Интерскол Да-18,raw.r1c_nomenclature_current,1,1
Номенклатура — current,Шуруповерт Макита,raw.r1c_nomenclature_current,1,1
Номенклатура — current,Шуруповерт Ресанта ДА-20ЛК2 Ач,raw.r1c_nomenclature_current,1,1
Номенклатура — current,Щебень ,raw.r1c_nomenclature_current,1,1
Номенклатура — current,Щебень известковый,raw.r1c_nomenclature_current,1,1
Номенклатура — current,Щеколда,raw.r1c_nomenclature_current,1,1
Номенклатура — current,"Щелочное высокопенное моющее средство OST Prof ""Termo"" канистра 23кг ",raw.r1c_nomenclature_current,1,1
Номенклатура — current,"Щелочное пенное моющее средство на основе активного Хлора OST Prof ""Foam Cl Standart"" канистра 23кг ",raw.r1c_nomenclature_current,1,1
Номенклатура — current,Щетка ,raw.r1c_nomenclature_current,1,1
Номенклатура — current,Щетка  металлическая  4 рядная,raw.r1c_nomenclature_current,1,1
Номенклатура — current,Щетка - сметка 280мм деревянная,raw.r1c_nomenclature_current,1,1
Номенклатура — current,Щетка SZCZOTKA WALKOWA 550,raw.r1c_nomenclature_current,1,1
Номенклатура — current,Щетка волнистая СО-16.01.00.011,raw.r1c_nomenclature_current,1,1
Номенклатура — current,Щетка для УШМ 100,raw.r1c_nomenclature_current,1,1
Номенклатура — current,Щетка для УШМ 125,raw.r1c_nomenclature_current,1,1
Номенклатура — current,Щетка для УШМ 65,raw.r1c_nomenclature_current,1,1
Номенклатура — current,Щетка для УШМ 75мм М14 чашка,raw.r1c_nomenclature_current,1,1
Номенклатура — current,Щетка для дрели 50мм,raw.r1c_nomenclature_current,1,1
Номенклатура — current,Щетка для мойки автомобиля,raw.r1c_nomenclature_current,1,1
Номенклатура — current,Щетка для мытья рук,raw.r1c_nomenclature_current,1,1
Номенклатура — current,Щетка для подметания  1000*50*80 мм без черенка,raw.r1c_nomenclature_current,1,1
Номенклатура — current,Щетка для подметания  600*50*80 мм без черенка,raw.r1c_nomenclature_current,1,1
Номенклатура — current,Щетка для подметания  800*50*80 мм без черенка,raw.r1c_nomenclature_current,1,1
Номенклатура — current,Щетка для подметания палубная полотерная 220*75*20 мм без черенка,raw.r1c_nomenclature_current,1,1
Номенклатура — current,Щетка для пола ,raw.r1c_nomenclature_current,1,1
Номенклатура — current,Щетка для пола без рукоятки,raw.r1c_nomenclature_current,1,1
Номенклатура — current,Щетка для пола с рукояткой 110см,raw.r1c_nomenclature_current,1,1
Номенклатура — current,Щетка для посуды,raw.r1c_nomenclature_current,1,1
Номенклатура — current,Щетка для снега со скребком 60см,raw.r1c_nomenclature_current,1,1
Номенклатура — current,"Щетка ерш д160x95x160, сталь 0,50, м12 очистка котлов теплообменников дымоходов труб отверстий",raw.r1c_nomenclature_current,1,1
Номенклатура — current,Щетка зачистная металлическая,raw.r1c_nomenclature_current,1,1
Номенклатура — current,Щетка крацовка 125мм,raw.r1c_nomenclature_current,1,1
Номенклатура — current,"Щетка крацовка чаша 100мм,М14 для УШМ 70971",raw.r1c_nomenclature_current,1,1
Номенклатура — current,"Щетка крацовка чаша 100мм,М14 для УШМ 70972",raw.r1c_nomenclature_current,1,1
Номенклатура — current,Щетка металлическая  5 рядная,raw.r1c_nomenclature_current,1,1
Номенклатура — current,Щетка металлическая  6 рядная,raw.r1c_nomenclature_current,1,1
Номенклатура — current,Щетка металлическая  пластмассовая с ручкой,raw.r1c_nomenclature_current,1,1
Номенклатура — current,"Щетка металлическая ручная, латунная проволока 0,3мм ER-44140 ",raw.r1c_nomenclature_current,1,1
Номенклатура — current,Щетка металлическая с деревянной ручкой,raw.r1c_nomenclature_current,1,1
Номенклатура — current,Щетка металлическая с пластиковой ручкой,raw.r1c_nomenclature_current,1,1
Номенклатура — current,Щетка мягкая с совком,raw.r1c_nomenclature_current,1,1
Номенклатура — current,"Щетка насадка для пола,улицы 60см без палки",raw.r1c_nomenclature_current,1,1
Номенклатура — current,Щетка по металлу 4 ряд.,raw.r1c_nomenclature_current,1,1
Номенклатура — current,"Щетка пчеловода длинная , искусственная щетина, пластиковая ручка",raw.r1c_nomenclature_current,1,1
Номенклатура — current,"Щетка пчеловода короткая , натуральная щетина, деревянная ручка",raw.r1c_nomenclature_current,1,1
Номенклатура — current,Щетка радиал.125,raw.r1c_nomenclature_current,1,1
Номенклатура — current,Щетка с/о,raw.r1c_nomenclature_current,1,1
Номенклатура — current,Щетка сметка,raw.r1c_nomenclature_current,1,1
Номенклатура — current,Щетка стеклоочистителя ,raw.r1c_nomenclature_current,1,1
Номенклатура — current,Щетка стеклоочистителя 400 мм OL-16,raw.r1c_nomenclature_current,1,1
Номенклатура — current,"Щетка стеклоочистителя 410 мм КАМАЗ,ГАЗ-3307,682",raw.r1c_nomenclature_current,1,1
Номенклатура — current,Щетка стеклоочистителя 500 мм,raw.r1c_nomenclature_current,1,1
Номенклатура — current,"Щетка стеклоочистителя 510 мм МАЗ,ЗИЛ,Краз",raw.r1c_nomenclature_current,1,1
Номенклатура — current,Щетка стеклоочистителя 53 ,raw.r1c_nomenclature_current,1,1
Номенклатура — current,Щетка стеклоочистителя 550/475 мм,raw.r1c_nomenclature_current,1,1
Номенклатура — current,Щетка стеклоочистителя 600 мм,raw.r1c_nomenclature_current,1,1
Номенклатура — current,Щетка стеклоочистителя 900 мм под болт,raw.r1c_nomenclature_current,1,1
Номенклатура — current,Щетка стеклоочистителя ВАЗ-2101-2107 330мм комплект CHAMPION E33*B02,raw.r1c_nomenclature_current,1,1
Номенклатура — current,"Щетка стеклоочистителя ВАЗ-2101-2107, УРАЛ задняя 2108,09  УАЗ-3160,3162 330 мм",raw.r1c_nomenclature_current,1,1
Номенклатура — current,"Щетка стеклоочистителя ГАЗ-53,ЗИЛ-130 300мм АВТОПРИБОР",raw.r1c_nomenclature_current,1,1
Номенклатура — current,Щетка стеклоочистителя МТЗ УК большая кабина 660мм 335205-900,raw.r1c_nomenclature_current,1,1
Номенклатура — current,Щетка стеклоочистителя МТЗ-УК 660 мм,raw.r1c_nomenclature_current,1,1
Номенклатура — current,"Щетка стеклоочистителя ПАЗ-3205,ЛИАЗ-5256 С АТО L=700мм",raw.r1c_nomenclature_current,1,1
Номенклатура — current,Щетка стеклоочистителя зимняя,raw.r1c_nomenclature_current,1,1
Номенклатура — current,Щетка строительная 400мм б/черенка ,raw.r1c_nomenclature_current,1,1
Номенклатура — current,Щетка строительная 500мм б/черенка ,raw.r1c_nomenclature_current,1,1
Номенклатура — current,Щетка техническая 40см,raw.r1c_nomenclature_current,1,1
Номенклатура — current,Щетка техническая 50см,raw.r1c_nomenclature_current,1,1
Номенклатура — current,Щетка техническая 60см,raw.r1c_nomenclature_current,1,1
Номенклатура — current,Щетка техническая_40см,raw.r1c_nomenclature_current,1,1
Номенклатура — current,"Щетка универсальная 140х60, салатовая",raw.r1c_nomenclature_current,1,1
Номенклатура — current,Щетка чашка 65,raw.r1c_nomenclature_current,1,1
Номенклатура — current,Щетки стартера JASX 71-72,raw.r1c_nomenclature_current,1,1
Номенклатура — current,Щеточный очиститель S-16110,raw.r1c_nomenclature_current,1,1
Номенклатура — current,Щеточный узел,raw.r1c_nomenclature_current,1,1
Номенклатура — current,Щеттка зачистная металлическая,raw.r1c_nomenclature_current,1,1
Номенклатура — current,Щит ЩМП-02 (250х300х140),raw.r1c_nomenclature_current,1,1
Номенклатура — current,Щит ЩМП-03 (350х300х155) с замком,raw.r1c_nomenclature_current,1,1
Номенклатура — current,Щит ЩМП-07 (700х500х220) с замком,raw.r1c_nomenclature_current,1,1
Номенклатура — current,Щит ЩРН-12 (265х310х120),raw.r1c_nomenclature_current,1,1
Номенклатура — current,Щит ЩРН-24 300х310х120,raw.r1c_nomenclature_current,1,1
Номенклатура — current,Щит ЩРН-М 1000х585х300 IP55,raw.r1c_nomenclature_current,1,1
Номенклатура — current,Щит ЩРН-М 370х325х180 IP54,raw.r1c_nomenclature_current,1,1
Номенклатура — current,Щит ЩРНг-12 (265*310*120) IP54,raw.r1c_nomenclature_current,1,1
Номенклатура — current,Щит комплектный ЩПО-К 613-15,raw.r1c_nomenclature_current,1,1
Номенклатура — current,Щит металлический навесной ЩРН-12 ,raw.r1c_nomenclature_current,1,1
Номенклатура — current,Щит с монтажной панелью ЩМП-40.40.15 (ЩМП-05)IP31 PROxima mb22-05,raw.r1c_nomenclature_current,1,1
Номенклатура — current,Щит управления 2-мя воздухоохладителями с электрооттайкой,raw.r1c_nomenclature_current,1,1
Номенклатура — current,Щит управления CPA Q 7.33Y ,raw.r1c_nomenclature_current,1,1
Номенклатура — current,Щит управления АКР Z35.106Y ,raw.r1c_nomenclature_current,1,1
Номенклатура — current,Щит ученораспределительный ЩУ-1/1-0 NКМ51-N-01-54,raw.r1c_nomenclature_current,1,1
Номенклатура — current,Щиток защит.лицевой с креплением на каске защит. КБТ ВИЗИОН Energo 4197,raw.r1c_nomenclature_current,1,1
Номенклатура — current,Щиток защитный,raw.r1c_nomenclature_current,1,1
Номенклатура — current,Щиток защитный лицевой НБТ ВИЗИОН,raw.r1c_nomenclature_current,1,1
Номенклатура — current,Щуп для проверки уровня масла в двигателях VAG,raw.r1c_nomenclature_current,1,1
Номенклатура — current,Щёткодержатель стартера,raw.r1c_nomenclature_current,1,1
Номенклатура — current,ЭВРИКА Быстроразъем пневматический с клапаном с наружной резьбой 1/2 ER-SE1-4SM,raw.r1c_nomenclature_current,1,1
Номенклатура — current,ЭЛЕМЕНТ ФИЛЬТРА БЕЗОПАСНОСТИ TG1204.11H.1.2 ,raw.r1c_nomenclature_current,1,1
Номенклатура — current,ЭЛЕМЕНТ ФИЛЬТРА ЗАДНЕГО ВСАСЫВАНИЯ МАСЛА TS08581020019 ,raw.r1c_nomenclature_current,1,1
Номенклатура — current,"ЭТЮД О/У Выключатель 1-клавишный 10 АХ,белый",raw.r1c_nomenclature_current,1,1
Номенклатура — current,ЭТЮД О/У двойная розетка без заземл.и без шторок 16А 250В,raw.r1c_nomenclature_current,1,1
Номенклатура — current,"Эикетка Wg Чеснок ""Лесные дали""",raw.r1c_nomenclature_current,1,1
Номенклатура — current,Экономикс Колор Инсектицид,raw.r1c_nomenclature_current,1,1
Номенклатура — current,Эксцентрик 20мм,raw.r1c_nomenclature_current,1,1
Номенклатура — current,Эксцентриковый диск,raw.r1c_nomenclature_current,1,1
Номенклатура — current,Эл-нт фильтр воздушный  (Д-260 4318.01.64) МТЗ,raw.r1c_nomenclature_current,1,1
Номенклатура — current,"Эл-нт фильтр топливный ЕКО-03.36 ЗИл 5301,4370 (Д-260)",raw.r1c_nomenclature_current,1,1
Номенклатура — current,Эл-нт фильтр топливный тон.оч (умывал) 03.03 ГАЗ 53,raw.r1c_nomenclature_current,1,1
Номенклатура — current,Эл. плита Лысьва ЭП42-22/220,raw.r1c_nomenclature_current,1,1
Номенклатура — current,Эл.вилка кабельная 16А 3Р+Е+N 380V АВВ,raw.r1c_nomenclature_current,1,1
Номенклатура — current,Эл.вилка с/з белая MAKREL 10002,raw.r1c_nomenclature_current,1,1
Номенклатура — current,Эластомерная муфта,raw.r1c_nomenclature_current,1,1
Номенклатура — current,Элек.DEKraft авто.выкл.1 полюс 32А 11057DEK,raw.r1c_nomenclature_current,1,1
Номенклатура — current,Элек.DEKraft авто.выкл.3 полюс 40А 11082DEK,raw.r1c_nomenclature_current,1,1
Номенклатура — current,"Электрическая плита Flama L FE 14010-W (50см эмал.сталь,конфорки 4 шт)",raw.r1c_nomenclature_current,1,1
Номенклатура — current,Электрический водонагреватель TYDOS R ABS 100V,raw.r1c_nomenclature_current,1,1
Номенклатура — current,Электрический инструмент,raw.r1c_nomenclature_current,1,1
Номенклатура — current,Электрический щит управления,raw.r1c_nomenclature_current,1,1
Номенклатура — current,Электрическое табло Импульс-410 R-RSP-RNCI (расписание звонков+внешняя сирена),raw.r1c_nomenclature_current,1,1
Номенклатура — current,"Электрод сварочный д2,0мм 1 кг МОНОЛИТ РЦ",raw.r1c_nomenclature_current,1,1
Номенклатура — current,"Электрод сварочный д3,0мм 1 кг по чугуну  МОНОЛИТ ЦЧ-4",raw.r1c_nomenclature_current,1,1
Номенклатура — current,"Электрод сварочный д3,0мм 2,5 кг плазма МОНОЛИТ СЗСЭ УОНИ13/55",raw.r1c_nomenclature_current,1,1
Номенклатура — current,Электродвигатель 12V 4800 об. 1.4А,raw.r1c_nomenclature_current,1,1
Номенклатура — current,"Электродвигатель 5АИ 71 В6 0,55/1000 IM 2081",raw.r1c_nomenclature_current,1,1
Номенклатура — current,"Электродвигатель 5АИ 80 В4 1,5/1500 IM 2081",raw.r1c_nomenclature_current,1,1
Номенклатура — current,Электродвигатель 5АИ 90 L4 2.2/1500 IM 2081,raw.r1c_nomenclature_current,1,1
Номенклатура — current,"Электродвигатель W21 AL 80,0,75 KW 4 Пол В34Т",raw.r1c_nomenclature_current,1,1
Номенклатура — current,Электродвигатель W21 AL S132S 5.5 KW 4 Пол В35Т,raw.r1c_nomenclature_current,1,1
Номенклатура — current,Электродвигатель АИР 100L6 2.2квт*1000об/мин 1081 лапы,raw.r1c_nomenclature_current,1,1
Номенклатура — current,Электродвигатель АИР 100S2V.2 220/380-50 IM2081-PK.B/K31E-AAA IE1,raw.r1c_nomenclature_current,1,1
Номенклатура — current,Электродвигатель АИР 63В.2 У2 220/380-50 IM2081-PK.B/K31E-AAA ,raw.r1c_nomenclature_current,1,1
Номенклатура — current,"Электродвигатель АИР 7184 0,75квт*1500об/мин 2081 комб.",raw.r1c_nomenclature_current,1,1
Номенклатура — current,"Электродвигатель АИР 8084 1,5квт*1500об/мин 2081 комб.",raw.r1c_nomenclature_current,1,1
Номенклатура — current,"Электродвигатель АИС 80 С4 1,1 кВт/1500 об/мин. IM 2081",raw.r1c_nomenclature_current,1,1
Номенклатура — current,"Электродвигатель МS100L-1.-4,2/1500-В3",raw.r1c_nomenclature_current,1,1
Номенклатура — current,Электродвигатель МS6324-0.18/1500-В34,raw.r1c_nomenclature_current,1,1
Номенклатура — current,Электродвигатель МS7124-0.37/1500-В34,raw.r1c_nomenclature_current,1,1
Номенклатура — current,Электродвигатель МS7134-0.55/1500-В34,raw.r1c_nomenclature_current,1,1
Номенклатура — current,"Электродвигатель МS8014-0,55/1500-В34",raw.r1c_nomenclature_current,1,1
Номенклатура — current,"Электродвигатель МS8024-0,75/1500-В34",raw.r1c_nomenclature_current,1,1
Номенклатура — current,"Электродвигатель МS8024-0,75/1500-В35",raw.r1c_nomenclature_current,1,1
Номенклатура — current,"Электродвигатель МS90L-2-4,2,2/1500-В35",raw.r1c_nomenclature_current,1,1
Номенклатура — current,"Электродвигатель МS90L-4.-1,5/1500-В34",raw.r1c_nomenclature_current,1,1
Номенклатура — current,Электродвигатель МS90L-4.1/1500-В34,raw.r1c_nomenclature_current,1,1
Номенклатура — current,Электродвигатель МS90S -2.1.5/3000-В34,raw.r1c_nomenclature_current,1,1
Номенклатура — current,Электродвигатель МS90S -4.1.1/1500-В34,raw.r1c_nomenclature_current,1,1
Номенклатура — current,Электродвигатель МS90S4-1.1/1500-В5,raw.r1c_nomenclature_current,1,1
Номенклатура — current,Электродвигатель отопителя 197 3730 ГАЗ-3302мтз320,raw.r1c_nomenclature_current,1,1
Номенклатура — current,Электродвигатель с тормозом МSEJB034-1.1/1500-B34,raw.r1c_nomenclature_current,1,1
Номенклатура — current,Электрододержатель с кабелем 3м в сборе КГ16 TDH_ATL_C16_3MH,raw.r1c_nomenclature_current,1,1
Номенклатура — current,Электроды ,raw.r1c_nomenclature_current,1,1
Номенклатура — current,Электроды 2мм МР-3 1кг,raw.r1c_nomenclature_current,1,1
Номенклатура — current,Электроды 3 (1кг),raw.r1c_nomenclature_current,1,1
Номенклатура — current,"Электроды 3,2мм (5кг)",raw.r1c_nomenclature_current,1,1
Номенклатура — current,Электроды 3мм МР-3 1кг,raw.r1c_nomenclature_current,1,1
Номенклатура — current,"Электроды 3мм МР-3 2,5кг",raw.r1c_nomenclature_current,1,1
Номенклатура — current,Электроды 46.00 (4 мм; 5 кг) IWET-4050O-46,raw.r1c_nomenclature_current,1,1
Номенклатура — current,Электроды 4мм (1кг),raw.r1c_nomenclature_current,1,1
Номенклатура — current,Электроды АНО-21  3мм ,raw.r1c_nomenclature_current,1,1
Номенклатура — current,Электроды Арсенал 2мм ,raw.r1c_nomenclature_current,1,1
Номенклатура — current,"Электроды Арсенал 3 мм 2,5 кг",raw.r1c_nomenclature_current,1,1
Номенклатура — current,Электроды Арсенал 3мм ,raw.r1c_nomenclature_current,1,1
Номенклатура — current,Электроды Арсенал 4 мм ,raw.r1c_nomenclature_current,1,1
Номенклатура — current,"Электроды Арсенал-3мм (2,5 кг)",raw.r1c_nomenclature_current,1,1
Номенклатура — current,"Электроды ЛБ-52У 3,2 мм 4,5 кг",raw.r1c_nomenclature_current,1,1
Номенклатура — current,"Электроды ЛБ-52У 4,0 мм 6 кг",raw.r1c_nomenclature_current,1,1
Номенклатура — current,Электроды МР-3 (3 мм; 5 кг) IWET-3050M,raw.r1c_nomenclature_current,1,1
Номенклатура — current,Электроды МР-3 ЛЮКС 3мм,raw.r1c_nomenclature_current,1,1
Номенклатура — current,Электроды МР-3 ЛЮКС 4мм,raw.r1c_nomenclature_current,1,1
Номенклатура — current,Электроды МР-3 синий Ф3,raw.r1c_nomenclature_current,1,1
Номенклатура — current,Электроды МР-3 синий ФЗ Арсенал СЗСЭ,raw.r1c_nomenclature_current,1,1
Номенклатура — current,Электроды МР-3С 4 (5кг),raw.r1c_nomenclature_current,1,1
Номенклатура — current,Электроды Монолит Арсенал ф3,raw.r1c_nomenclature_current,1,1
Номенклатура — current,"Электроды Монолит РЦ 3,0мм 1кг",raw.r1c_nomenclature_current,1,1
Номенклатура — current,"Электроды Монолит РЦ 3,0мм 2,5 кг",raw.r1c_nomenclature_current,1,1
Номенклатура — current,Электроды ОК-46 4мм (5кг),raw.r1c_nomenclature_current,1,1
Номенклатура — current,Электроды ЦЛ-11 плазма д.3,raw.r1c_nomenclature_current,1,1
Номенклатура — current,"Электроды вольфрамовые WL-20-175 диам. 2,4 мм синий AC/DC упаковка 10 шт G-X-601",raw.r1c_nomenclature_current,1,1
Номенклатура — current,"Электроды вольфрамовые WT-20-175 диам. 1,6 мм красный DC",raw.r1c_nomenclature_current,1,1
Номенклатура — current,Электроды по нержавейке,raw.r1c_nomenclature_current,1,1
Номенклатура — current,Электроды по чугуну 3мм,raw.r1c_nomenclature_current,1,1
Номенклатура — current,Электроды сварочные,raw.r1c_nomenclature_current,1,1
Номенклатура — current,"Электроды сварочные МР-3 с рутиловым покрытием, d2",raw.r1c_nomenclature_current,1,1
Номенклатура — current,"Электроды сварочные ОК-46 3,0*350мм",raw.r1c_nomenclature_current,1,1
Номенклатура — current,"Электроды сварочные ОК-46 4,0*350мм",raw.r1c_nomenclature_current,1,1
Номенклатура — current,"Электролит 1,34 г/куб.см 4л OIL RIGHT 5622",raw.r1c_nomenclature_current,1,1
Номенклатура — current,"Электролит корректирующий р1,33 5л пнд",raw.r1c_nomenclature_current,1,1
Номенклатура — current,Электромагнит дозатора 47.1160.00,raw.r1c_nomenclature_current,1,1
Номенклатура — current,Электромагнит останова (12В),raw.r1c_nomenclature_current,1,1
Номенклатура — current,Электромагнит пуска 37098868 (24В),raw.r1c_nomenclature_current,1,1
Номенклатура — current,Электромагнит пуска ТНВД (12В),raw.r1c_nomenclature_current,1,1
Номенклатура — current,Электромонтажные работы материал поставщика,raw.r1c_nomenclature_current,1,1
Номенклатура — current,Электронная нагрузочная вилка Ring цифровой дисплей 12В RBA15,raw.r1c_nomenclature_current,1,1
Номенклатура — current,Электронная поставка 1С Предприятие 8 ERP,raw.r1c_nomenclature_current,1,1
Номенклатура — current,Электроплитка 1 конфорочная Centek СТ-1506 белая,raw.r1c_nomenclature_current,1,1
Номенклатура — current,Электроплитка 2-х конфорочная,raw.r1c_nomenclature_current,1,1
Номенклатура — current,Электроразъем с индукцией 24V AC/DC,raw.r1c_nomenclature_current,1,1
Номенклатура — current,Электростанция дизельная с электростартером и коннектором автоматики DS 14000 DAC ES 431746,raw.r1c_nomenclature_current,1,1
Номенклатура — current,Электротовары (не использовать),raw.r1c_nomenclature_current,1,1
Номенклатура — current,"Электроточило ""Диолд ЭТ-250-01""",raw.r1c_nomenclature_current,1,1
Номенклатура — current,Электроэнергия,raw.r1c_nomenclature_current,1,1
Номенклатура — current,Элемент 201-1105538 ФГОТ (Х/Б нить),raw.r1c_nomenclature_current,1,1
Номенклатура — current,Элемент 201-1117038-А ФТОТ (металлическая сетка),raw.r1c_nomenclature_current,1,1
Номенклатура — current,Элемент 240-1017040 ФТОМ (металлическая сетка),raw.r1c_nomenclature_current,1,1
Номенклатура — current,Элемент 8401.1170220-03,raw.r1c_nomenclature_current,1,1
Номенклатура — current,Элемент В4355 фильтрующий ,raw.r1c_nomenclature_current,1,1
Номенклатура — current,Элемент воздушного фильтра KF73553PR,raw.r1c_nomenclature_current,1,1
Номенклатура — current,Элемент к плинтусу ПВХ,raw.r1c_nomenclature_current,1,1
Номенклатура — current,Элемент питания 4шт,raw.r1c_nomenclature_current,1,1
Номенклатура — current,Элемент сепарационный,raw.r1c_nomenclature_current,1,1
Номенклатура — current,"Элемент фильтр масленный ЗИЛ 5301 ,МТЗ топливный ЕКО-02,24/02.28",raw.r1c_nomenclature_current,1,1
Номенклатура — current,"Элемент фильтр масленный ЗИЛ 5301, МТЗ ЕКО-02.24/02.26",raw.r1c_nomenclature_current,1,1
Номенклатура — current,Элемент фильтр масленный ЯМЗ 238.240-1017040/5303,raw.r1c_nomenclature_current,1,1
Номенклатура — current,"Элемент фильтр.очистки масла ЕКО 02.22,028",raw.r1c_nomenclature_current,1,1
Номенклатура — current,Элемент фильтр.очистки масла ЕКО 02.25,raw.r1c_nomenclature_current,1,1
Номенклатура — current,Элемент фильтр.топливный W962120338T81093ST357,raw.r1c_nomenclature_current,1,1
Номенклатура — current,Элемент фильтр.топливный ГАЗ 53,raw.r1c_nomenclature_current,1,1
Номенклатура — current,Элемент фильтр.топливный МТЗ Р532 НФ306.03.61,raw.r1c_nomenclature_current,1,1
Номенклатура — current,Элемент фильтр.топливный НФ-303 МАЗ,raw.r1c_nomenclature_current,1,1
Номенклатура — current,Элемент фильтра,raw.r1c_nomenclature_current,1,1
Номенклатура — current,Элемент фильтра TS06453015207a,raw.r1c_nomenclature_current,1,1
Номенклатура — current,Элемент фильтрующий  RE522878,raw.r1c_nomenclature_current,1,1
Номенклатура — current,Элемент фильтрующий  RE522878 JLI,raw.r1c_nomenclature_current,1,1
Номенклатура — current,Элемент фильтрующий  RE541922,raw.r1c_nomenclature_current,1,1
Номенклатура — current,Элемент фильтрующий  RE541922 JLI,raw.r1c_nomenclature_current,1,1
Номенклатура — current,Элемент фильтрующий  RE62419 JLI,raw.r1c_nomenclature_current,1,1
Номенклатура — current,Элемент фильтрующий  возд. ЕКО 01.21НФ103 для  ГАЗ 3102/3307/53,raw.r1c_nomenclature_current,1,1
Номенклатура — current,Элемент фильтрующий  возд. ЕКО 01.73/FA512H с дном,raw.r1c_nomenclature_current,1,1
Номенклатура — current,Элемент фильтрующий  возд. ЕКО 02 43 ЕКО-202,raw.r1c_nomenclature_current,1,1
Номенклатура — current,Элемент фильтрующий  возд. Т330-1109560-01,raw.r1c_nomenclature_current,1,1
Номенклатура — current,Элемент фильтрующий  сч. масла К-701  М5205К,raw.r1c_nomenclature_current,1,1
Номенклатура — current,Элемент фильтрующий  сч.воздуха (кассета) К-701  В4343М,raw.r1c_nomenclature_current,1,1
Номенклатура — current,Элемент фильтрующий 107х200 мм (красный),raw.r1c_nomenclature_current,1,1
Номенклатура — current,Элемент фильтрующий 38х125 мм (синий),raw.r1c_nomenclature_current,1,1
Номенклатура — current,"Элемент фильтрующий ГАЗ-2410,3102,3302 воздушный под карбюратор Ливны 3102-1109013-02",raw.r1c_nomenclature_current,1,1
Номенклатура — current,Элемент фильтрующий ГАЗ-53 масляный ,raw.r1c_nomenclature_current,1,1
Номенклатура — current,Элемент фильтрующий ГАЗ-53 масляный металл DIFA 53-1012040,raw.r1c_nomenclature_current,1,1
Номенклатура — current,"Элемент фильтрующий ЗИЛ 5301 ,МТЗ топливный DIFA 240-1117030",raw.r1c_nomenclature_current,1,1
Номенклатура — current,"Элемент фильтрующий ЗИЛ 5301 ,МТЗ топливный ЭКОФИ",raw.r1c_nomenclature_current,1,1
Номенклатура — current,Элемент фильтрующий ЗИЛ 5301 ДТ-75воздушный комплект,raw.r1c_nomenclature_current,1,1
Номенклатура — current,Элемент фильтрующий ММЗ Гура DIFA  PEГОТМАС-601Т-1-23,raw.r1c_nomenclature_current,1,1
Номенклатура — current,Элемент фильтрующий ММЗ Д-260 воздушный  комплект DIFA 260-1109300,raw.r1c_nomenclature_current,1,1
Номенклатура — current,Элемент фильтрующий ММЗ Д-260 воздушный комплект,raw.r1c_nomenclature_current,1,1
Номенклатура — current,Элемент фильтрующий ММЗ Д-260 масляный НЕВСКИЙ ФИЛЬТР 260-1017060 NF1502,raw.r1c_nomenclature_current,1,1
Номенклатура — current,Элемент фильтрующий МТЗ масляный в КПП (45 шт комплект),raw.r1c_nomenclature_current,1,1
Номенклатура — current,Элемент фильтрующий МТЗ масляный гидросистемы ЛААЗ,raw.r1c_nomenclature_current,1,1
Номенклатура — current,Элемент фильтрующий ТОПЛ.нить. ЕКО 03.52.201.1105040,raw.r1c_nomenclature_current,1,1
Номенклатура — current,Элемент фильтрующий ЯМЗ топлив. грубой очистки х/б пряжа КОСТРОМСКОЙ ФИЛЬТР,raw.r1c_nomenclature_current,1,1
Номенклатура — current,Элемент фильтрующий ЯМЗ топлив.тонкой очистки DIFA 201-1117040,raw.r1c_nomenclature_current,1,1
Номенклатура — current,Элемент фильтрующий ЯМЗ-238.240.8401 масляный тонкой очистки EKOFIL 240-1017040-A2 EKO-0252,raw.r1c_nomenclature_current,1,1
Номенклатура — current,Элемент фильтрующий воздушный К-701,raw.r1c_nomenclature_current,1,1
Номенклатура — current,Элемент фильтрующий воздушный НФ-113.114н МАЗ,raw.r1c_nomenclature_current,1,1
Номенклатура — current,"Элемент фильтрующий масл.. ЕКО 02.24/02.26 для  ЗИЛ-5301,МТЗ",raw.r1c_nomenclature_current,1,1
Номенклатура — current,Элемент фильтрующий масл.И-413 240-1017040-АЗ,raw.r1c_nomenclature_current,1,1
Номенклатура — current,Элемент фильтрующий масленый ГАЗ 53 НФ-202с,raw.r1c_nomenclature_current,1,1
Номенклатура — current,Элемент фильтрующий масленый ЕСО 02.82 гидравл.МТЗ,raw.r1c_nomenclature_current,1,1
Номенклатура — current,"Элемент фильтрующий масляный. ЕКО-02,43 ЕКО-202  ГАЗ 52",raw.r1c_nomenclature_current,1,1
Номенклатура — current,Элемент фильтрующий очистки топл.ЯМЗ,raw.r1c_nomenclature_current,1,1
Номенклатура — current,Элемент фильтрующий топлив. грубой сч.ЯМЗ,raw.r1c_nomenclature_current,1,1
Номенклатура — current,Элемент фильтрующий топливный W962/12/03/38/T6109/ST357,raw.r1c_nomenclature_current,1,1
Номенклатура — current,"Эмаль ""Стакрил""",raw.r1c_nomenclature_current,1,1
Номенклатура — current,Эмаль НЦ-132 черная,raw.r1c_nomenclature_current,1,1
Номенклатура — current,"Эмаль ПФ-115 2,7 кг",raw.r1c_nomenclature_current,1,1
Номенклатура — current,Эмаль ПФ-115 Крафор красная,raw.r1c_nomenclature_current,1,1
Номенклатура — current,Эмаль ПФ-115 белая,raw.r1c_nomenclature_current,1,1
Номенклатура — current,Эмаль ПФ-115 белая глянцевая,raw.r1c_nomenclature_current,1,1
Номенклатура — current,Эмаль ПФ-115 коричневая,raw.r1c_nomenclature_current,1,1
Номенклатура — current,Эмаль ПФ-115 св.голубая,raw.r1c_nomenclature_current,1,1
Номенклатура — current,Эмаль ПФ-115 синяя,raw.r1c_nomenclature_current,1,1
Номенклатура — current,Эмаль ПФ-115 цветная,raw.r1c_nomenclature_current,1,1
Номенклатура — current,Эмаль акриловая ,raw.r1c_nomenclature_current,1,1
Номенклатура — current,Эмаль алкидная KUDO белая матовая 520мл,raw.r1c_nomenclature_current,1,1
Номенклатура — current,Эмаль алкидная ПФ-115 бирюзовый,raw.r1c_nomenclature_current,1,1
Номенклатура — current,Эмаль алкидная ПФ-115 светло-серый,raw.r1c_nomenclature_current,1,1
Номенклатура — current,Эмаль аэрозольная,raw.r1c_nomenclature_current,1,1
Номенклатура — current,Эмаль аэрозольная 520мл,raw.r1c_nomenclature_current,1,1
Номенклатура — current,Эмаль аэрозольная 520мл белый глянцевый,raw.r1c_nomenclature_current,1,1
Номенклатура — current,Эмаль металлик универсальная серебро KU-1026,raw.r1c_nomenclature_current,1,1
Номенклатура — current,"Эместо Квантум,КС",raw.r1c_nomenclature_current,1,1
Номенклатура — current,Эминент Инсектицид,raw.r1c_nomenclature_current,1,1
Номенклатура — current,"Энергоаккумулятор KAМАЗ ЕВРО-2,3 МАЗ 3024 SORL 25-3519301",raw.r1c_nomenclature_current,1,1
Номенклатура — current,Энергоаккумулятор ТИП 20*20 ,raw.r1c_nomenclature_current,1,1
Номенклатура — current,Энергоаккумулятор ТИП 24*24 100-3519200 ,raw.r1c_nomenclature_current,1,1
Номенклатура — current,Энлиль Инсектицид,raw.r1c_nomenclature_current,1,1
Номенклатура — current,"Эпоксидный клей в шприце, 3 минуты, 3+3 мл",raw.r1c_nomenclature_current,1,1
Номенклатура — current,"Эскудо, ВДГ Гербицид ",raw.r1c_nomenclature_current,1,1
Номенклатура — current,Эсперо Инсектицид,raw.r1c_nomenclature_current,1,1
Номенклатура — current,Эссентрик 33338000,raw.r1c_nomenclature_current,1,1
Номенклатура — current,Этикет-лента термо,raw.r1c_nomenclature_current,1,1
Номенклатура — current,Этикетки для термопринтера,raw.r1c_nomenclature_current,1,1
Номенклатура — current,Эфория КС  Инсектицид,raw.r1c_nomenclature_current,1,1
Номенклатура — current,Юниформ Инсектицид,raw.r1c_nomenclature_current,1,1
Номенклатура — current,Юридические услуги,raw.r1c_nomenclature_current,1,1
Номенклатура — current,Яблоко упорное  77.32.108,raw.r1c_nomenclature_current,1,1
Номенклатура — current,Якорь стартера,raw.r1c_nomenclature_current,1,1
Номенклатура — current,ЯрПена Средство для бесконтактной мойки CHERPY ПРСБП_СН022,raw.r1c_nomenclature_current,1,1
Номенклатура — current,Ящик  650х415х395мм ,raw.r1c_nomenclature_current,1,1
Номенклатура — current,"Ящик 600х400х200 мм перфорированный, для овощей и фруктов, ПЭНД (2Д)",raw.r1c_nomenclature_current,1,1
Номенклатура — current,Ящик 600х400х200 мм сплошной мясо-молочный ПЭНД (м/м 2.1(2),raw.r1c_nomenclature_current,1,1
Номенклатура — current,"Ящик 600х400х250 мм перфорированные бока идно, колбасный, ПЭНД (ЯК-253)",raw.r1c_nomenclature_current,1,1
Номенклатура — current,"Ящик 600х400х260 мм перфорированные бока сплошное дно, колбасный, ПЭНД (ЯК-255)",raw.r1c_nomenclature_current,1,1
Номенклатура — current,Ящик 600х400х350 мм сплошной мясо-молочный ПЭНД (м/м 3.1),raw.r1c_nomenclature_current,1,1
Номенклатура — current,Ящик для инструмента TOPEX 22*79R128,raw.r1c_nomenclature_current,1,1
Номенклатура — current,Ящик для инструмента пластик 19,raw.r1c_nomenclature_current,1,1
Номенклатура — current,Ящик для инструментов,raw.r1c_nomenclature_current,1,1
Номенклатура — current,"Ящик для инструментов 18 ”, с органайзерами СИБРТЕХ ",raw.r1c_nomenclature_current,1,1
Номенклатура — current,"Ящик п/э 600х400х140мм сплошной без ручек, серый",raw.r1c_nomenclature_current,1,1
Номенклатура — current,Ящик пластиковый красный  341х207х143мм Стелла V-3,raw.r1c_nomenclature_current,1,1
Номенклатура — current,"Ящик пластиковый синий  502х305х184мм Стелла V-4
",raw.r1c_nomenclature_current,1,1
Номенклатура — current,Ящик пластиковый черный 600х400х200мм ,raw.r1c_nomenclature_current,1,1
Номенклатура — current,Ящик под овощи из доски 25*100мм,raw.r1c_nomenclature_current,1,1
Номенклатура — current,Ящик под овощи из доски 40*100мм,raw.r1c_nomenclature_current,1,1
Номенклатура — current,"Ящик полимерный 600х400х220 стенки сплошные, дно гладкое, 2 открытые ручки, цв. серый 32478",raw.r1c_nomenclature_current,1,1
Номенклатура — current,Ящик почтовый ONIX_ЯК1 215х85х320,raw.r1c_nomenclature_current,1,1
Номенклатура — current,Ящик почтовый АЛЬФА ЛЮКС,raw.r1c_nomenclature_current,1,1
Номенклатура — current,Ящики деревянные,raw.r1c_nomenclature_current,1,1
Номенклатура — current,"вафельное полотно 40 см х 50 м, 125 гр/м2, GVL-200",raw.r1c_nomenclature_current,1,1
Номенклатура — current,"водоснабжение,теплоснабжение, водоочистка",raw.r1c_nomenclature_current,1,1
Номенклатура — current,возведение перегородки из металлопрофиля,raw.r1c_nomenclature_current,1,1
Номенклатура — current,гайка барашковая din 315 м8,raw.r1c_nomenclature_current,1,1
Номенклатура — current,гидр. соед. Фитинг,raw.r1c_nomenclature_current,1,1
Номенклатура — current,гидро соед. GE 12LM18х18х1.5EDOMDCF,raw.r1c_nomenclature_current,1,1
Номенклатура — current,гидроцилиндр силовой JTC-8P10250 10250мм для опркидывателя кары,raw.r1c_nomenclature_current,1,1
Номенклатура — current,гиря образцовая Мир Весов Го-20м1 (m1-20кг) 11009,raw.r1c_nomenclature_current,1,1
Номенклатура — current,госпошлина,raw.r1c_nomenclature_current,1,1
Номенклатура — current,картофель очищенный в вакууме,raw.r1c_nomenclature_current,1,1
Номенклатура — current,клапан обратный,raw.r1c_nomenclature_current,1,1
Номенклатура — current,комбинированный ключ Cr-V 10 мм,raw.r1c_nomenclature_current,1,1
Номенклатура — current,коронка кольцевая 45 мм Gigant G-11309,raw.r1c_nomenclature_current,1,1
Номенклатура — current,круг лепестковый плоск. 125х22 А 40 14А 40/Р40 ,raw.r1c_nomenclature_current,1,1
Номенклатура — current,крыльчатка вентилятора,raw.r1c_nomenclature_current,1,1
Номенклатура — current,ложка для варений и солений,raw.r1c_nomenclature_current,1,1
Номенклатура — current,масло гидравлическое (бочка) 000170297 - JD HY-Gard ,raw.r1c_nomenclature_current,1,1
Номенклатура — current,масло промывочное,raw.r1c_nomenclature_current,1,1
Номенклатура — current,масло редукторное CLP 150,raw.r1c_nomenclature_current,1,1
Номенклатура — current,морковь очищенная в вакууме,raw.r1c_nomenclature_current,1,1
Номенклатура — current,мотыга с черенком,raw.r1c_nomenclature_current,1,1
Номенклатура — current,набор для компрессора Total,raw.r1c_nomenclature_current,1,1
Номенклатура — current,набор шпателей,raw.r1c_nomenclature_current,1,1
Номенклатура — current,натяжное приспособление,raw.r1c_nomenclature_current,1,1
Номенклатура — current,не использовать Картофель Белый Вакуумная упаковка5 кг.,raw.r1c_nomenclature_current,1,1
Номенклатура — current,охлаждающая жидкость niro coolant green -40c ,raw.r1c_nomenclature_current,1,1
Номенклатура — current,"преобразователь частоты Веспер E5-MINI-S1L  0,75кВт 220В",raw.r1c_nomenclature_current,1,1
Номенклатура — current,расходные материалы,raw.r1c_nomenclature_current,1,1
Номенклатура — current,реле времени PO-415 F&F EA02.001.018,raw.r1c_nomenclature_current,1,1
Номенклатура — current,с/х диск 12х24 БЗТДиА 8/190/145/ЕТ-переменный,raw.r1c_nomenclature_current,1,1
Номенклатура — current,с/х шина 460/70Р24 (17.5LR24) LINGLONG LR451 159A8/159B,raw.r1c_nomenclature_current,1,1
Номенклатура — current,свекла в вакууме,raw.r1c_nomenclature_current,1,1
Номенклатура — current,светильник Camelion kd-017A 2G7 черный,raw.r1c_nomenclature_current,1,1
Номенклатура — current,сгон (склиз) износостойкий 55см,raw.r1c_nomenclature_current,1,1
Номенклатура — current,сезон 2021,raw.r1c_nomenclature_current,1,1
Номенклатура — current,сезон 2022,raw.r1c_nomenclature_current,1,1
Номенклатура — current,сезон 2023,raw.r1c_nomenclature_current,1,1
Номенклатура — current,сезон 2024,raw.r1c_nomenclature_current,1,1
Номенклатура — current,сезон 2025,raw.r1c_nomenclature_current,1,1
Номенклатура — current,сезон 2026,raw.r1c_nomenclature_current,1,1
Номенклатура — current,сенсор ультразвуковой М30,raw.r1c_nomenclature_current,1,1
Номенклатура — current,сетевой фильтр ПВС 3х0.75 5 роз.3 м 10 Power Cube ,raw.r1c_nomenclature_current,1,1
Номенклатура — current,скатерть на стол,raw.r1c_nomenclature_current,1,1
Номенклатура — current,скребок,raw.r1c_nomenclature_current,1,1
Номенклатура — current,"стартер дв. ЯМЗ 236, 238, 7511/24В 11 зуб",raw.r1c_nomenclature_current,1,1
Номенклатура — current,стол туристический ,raw.r1c_nomenclature_current,1,1
Номенклатура — current,стяжки нейлоновые 4х300,raw.r1c_nomenclature_current,1,1
Номенклатура — current,титановые трапециевидные лезвия 10 штук в упаковке Inforce ,raw.r1c_nomenclature_current,1,1
Номенклатура — current,трубка подвода воздуха,raw.r1c_nomenclature_current,1,1
Номенклатура — current,"турбокомпрессор Д-245,245.1 (ЗИЛ,ЛАЗ,МТЗ,ПАЗ) БЗА № 224",raw.r1c_nomenclature_current,1,1
Номенклатура — current,услуги низкорамным тралом,raw.r1c_nomenclature_current,1,1
Номенклатура — current,"услуги связи, интернет",raw.r1c_nomenclature_current,1,1
Номенклатура — current,фильтр AL221066AN (ST39027),raw.r1c_nomenclature_current,1,1
Номенклатура — current,фильтр AL232896AN ,raw.r1c_nomenclature_current,1,1
Номенклатура — current,фильтр RE504836AN (P550779;SFO0836;ST10038),raw.r1c_nomenclature_current,1,1
Номенклатура — current,фрикционная муфта D=194 (076.04013),raw.r1c_nomenclature_current,1,1
Номенклатура — current,"шкив зубчатый под втулку 8M-20 32, 8M-20-32TB 8M-20-32TBBEA",raw.r1c_nomenclature_current,1,1
Номенклатура — current,шпилька м10x1000 А2,raw.r1c_nomenclature_current,1,1
Номенклатура — current,я_Урожай 2025,raw.r1c_nomenclature_current,1,1
Номенклатура — current,яя_,raw.r1c_nomenclature_current,1,1
Номенклатура — current,яя_1 сорт Аваланч РС1 крупный мытый,raw.r1c_nomenclature_current,1,1
Номенклатура — current,яя_1 сорт Аваланч РС1 крупный нельзя мыть,raw.r1c_nomenclature_current,1,1
Номенклатура — current,яя_1 сорт Аваланч РС1 мелкий мытый,raw.r1c_nomenclature_current,1,1
Номенклатура — current,яя_1 сорт Аваланч РС1 мелкий нельзя мыть,raw.r1c_nomenclature_current,1,1
Номенклатура — current,яя_1 сорт Аваланч РС1 стандарт мытый,raw.r1c_nomenclature_current,1,1
Номенклатура — current,яя_1 сорт Аваланч РС1 стандарт нельзя мыть,raw.r1c_nomenclature_current,1,1
Номенклатура — current,яя_1 сорт Аметист РС0 крупный не мытый,raw.r1c_nomenclature_current,1,1
Номенклатура — current,яя_1 сорт Аметист РС0 мелкий не мытый,raw.r1c_nomenclature_current,1,1
Номенклатура — current,яя_1 сорт Аметист РС0 стандарт нельзя мыть,raw.r1c_nomenclature_current,1,1
Номенклатура — current,яя_1 сорт Аметист РС7 крупный мытый,raw.r1c_nomenclature_current,1,1
Номенклатура — current,яя_1 сорт Аметист РС7 крупный не мытый,raw.r1c_nomenclature_current,1,1
Номенклатура — current,яя_1 сорт Аметист РС7 мелкий мытый,raw.r1c_nomenclature_current,1,1
Номенклатура — current,яя_1 сорт Аметист РС7 мелкий не мытый,raw.r1c_nomenclature_current,1,1
Номенклатура — current,яя_1 сорт Аметист РС7 стандарт мытый,raw.r1c_nomenclature_current,1,1
Номенклатура — current,яя_1 сорт Аметист РС7 стандарт нельзя мыть,raw.r1c_nomenclature_current,1,1
Номенклатура — current,яя_1 сорт Аметист РС9 крупный мытый,raw.r1c_nomenclature_current,1,1
Номенклатура — current,яя_1 сорт Аметист РС9 мелкий мытый,raw.r1c_nomenclature_current,1,1
Номенклатура — current,яя_1 сорт Аметист РС9 стандарт мытый,raw.r1c_nomenclature_current,1,1
Номенклатура — current,яя_1 сорт Балтик Роуз РС1 крупный мытый,raw.r1c_nomenclature_current,1,1
Номенклатура — current,яя_1 сорт Балтик Роуз РС1 крупный не мытый,raw.r1c_nomenclature_current,1,1
Номенклатура — current,яя_1 сорт Балтик Роуз РС1 мелкий мытый,raw.r1c_nomenclature_current,1,1
Номенклатура — current,яя_1 сорт Балтик Роуз РС1 мелкий не мытый,raw.r1c_nomenclature_current,1,1
Номенклатура — current,яя_1 сорт Балтик Роуз РС1 стандарт мытый,raw.r1c_nomenclature_current,1,1
Номенклатура — current,яя_1 сорт Балтик Роуз РС1 стандарт нельзя мыть,raw.r1c_nomenclature_current,1,1
Номенклатура — current,яя_1 сорт Балтик Роуз РС2 крупный без полива,raw.r1c_nomenclature_current,1,1
Номенклатура — current,яя_1 сорт Балтик Роуз РС2 мелкий мытый,raw.r1c_nomenclature_current,1,1
Номенклатура — current,яя_1 сорт Балтик Роуз РС2 мелкий не мытый,raw.r1c_nomenclature_current,1,1
Номенклатура — current,яя_1 сорт Балтик Роуз РС2 стандарт не мытый,raw.r1c_nomenclature_current,1,1
Номенклатура — current,яя_1 сорт БеллаРоза РС1 крупный мытый,raw.r1c_nomenclature_current,1,1
Номенклатура — current,яя_1 сорт БеллаРоза РС1 крупный не мытый,raw.r1c_nomenclature_current,1,1
Номенклатура — current,яя_1 сорт БеллаРоза РС1 мелкий мытый,raw.r1c_nomenclature_current,1,1
Номенклатура — current,яя_1 сорт БеллаРоза РС1 мелкий не мытый,raw.r1c_nomenclature_current,1,1
Номенклатура — current,яя_1 сорт БеллаРоза РС1 стандарт мытый,raw.r1c_nomenclature_current,1,1
