category,original_name,source_tables,distinct_ids,source_rows
Номенклатура — исходный каталог,Подшипник 480205 (UC 205),raw.catalog_номенклатура,1,1
Номенклатура — исходный каталог,Подшипник 480206 (UC 206),raw.catalog_номенклатура,1,1
Номенклатура — исходный каталог,Подшипник 480208 (UC 208),raw.catalog_номенклатура,1,1
Номенклатура — исходный каталог,Подшипник 6-180206С-17 ГПЗ-34,raw.catalog_номенклатура,1,1
Номенклатура — исходный каталог,Подшипник 6-2007109 А (32009) ГПЗ/СПЗ-4,raw.catalog_номенклатура,1,1
Номенклатура — исходный каталог,Подшипник 6-27307 А (31307),raw.catalog_номенклатура,1,1
Номенклатура — исходный каталог,Подшипник 6-7212 А (30212) ГПЗ/СПЗ-4,raw.catalog_номенклатура,1,1
Номенклатура — исходный каталог,Подшипник 6-7507 А (32207) ГПЗ/СПЗ-4,raw.catalog_номенклатура,1,1
Номенклатура — исходный каталог,Подшипник 6-7508 А (32208) ГПЗ,raw.catalog_номенклатура,1,1
Номенклатура — исходный каталог,Подшипник 6-7509 А (32209) ГПЗ,raw.catalog_номенклатура,1,1
Номенклатура — исходный каталог,Подшипник 6-7610 А (32310) ГПЗ,raw.catalog_номенклатура,1,1
Номенклатура — исходный каталог,Подшипник 6015 (6-115 А) ГПЗ/СПЗ-4,raw.catalog_номенклатура,1,1
Номенклатура — исходный каталог,Подшипник 6200-2RS ART ,raw.catalog_номенклатура,1,1
Номенклатура — исходный каталог,Подшипник 6202-C-2HRS,raw.catalog_номенклатура,1,1
Номенклатура — исходный каталог,Подшипник 6203 2RS (6-180203 АС17) ГПЗ,raw.catalog_номенклатура,1,1
Номенклатура — исходный каталог,Подшипник 6203 2RS(6-180203 АС17) ГПЗ,raw.catalog_номенклатура,1,1
Номенклатура — исходный каталог,Подшипник 6203-C-2HRS,raw.catalog_номенклатура,1,1
Номенклатура — исходный каталог,Подшипник 6204 2RS SKF,raw.catalog_номенклатура,1,1
Номенклатура — исходный каталог,Подшипник 6204 2RS(6-180204 АС17) ГПЗ,raw.catalog_номенклатура,1,1
Номенклатура — исходный каталог,Подшипник 6204 ZZ (6-80204 АС17) ГПЗ/СПЗ-4,raw.catalog_номенклатура,1,1
Номенклатура — исходный каталог,"Подшипник 6204-2RS/C3, 62042RS/C3ZWZ",raw.catalog_номенклатура,1,1
Номенклатура — исходный каталог,Подшипник 6205 (6-205 А) ГПЗ,raw.catalog_номенклатура,1,1
Номенклатура — исходный каталог,Подшипник 6205 2RS (6-180205 АС17) ГПЗ,raw.catalog_номенклатура,1,1
Номенклатура — исходный каталог,Подшипник 6205 2RS(6-180205 АС17) ГПЗ,raw.catalog_номенклатура,1,1
Номенклатура — исходный каталог,Подшипник 6206 (6-206 А) ГПЗ/ГПЗ-34,raw.catalog_номенклатура,1,1
Номенклатура — исходный каталог,Подшипник 6206 2RS (6-180206 АС17) ГПЗ,raw.catalog_номенклатура,1,1
Номенклатура — исходный каталог,Подшипник 6206-2Z SKF,raw.catalog_номенклатура,1,1
Номенклатура — исходный каталог,Подшипник 6207 (6-207) ГПЗ,raw.catalog_номенклатура,1,1
Номенклатура — исходный каталог,Подшипник 6207 2RS (6-180207 С17) ГПЗ,raw.catalog_номенклатура,1,1
Номенклатура — исходный каталог,Подшипник 6207 2RS(180207) ,raw.catalog_номенклатура,1,1
Номенклатура — исходный каталог,Подшипник 6208 (6-208 А) ГПЗ/СПЗ-4,raw.catalog_номенклатура,1,1
Номенклатура — исходный каталог,Подшипник 6208 2RS(180208) ,raw.catalog_номенклатура,1,1
Номенклатура — исходный каталог,Подшипник 6209 ZZ (80209),raw.catalog_номенклатура,1,1
Номенклатура — исходный каталог,Подшипник 6210 (210),raw.catalog_номенклатура,1,1
Номенклатура — исходный каталог,Подшипник 6210 2RS (6-180210 С17)  ГПЗ/СПЗ-4,raw.catalog_номенклатура,1,1
Номенклатура — исходный каталог,Подшипник 6210 2RS ГПЗ/СПЗ-4,raw.catalog_номенклатура,1,1
Номенклатура — исходный каталог,Подшипник 6211 (6-211 А) ГПЗ,raw.catalog_номенклатура,1,1
Номенклатура — исходный каталог,Подшипник 6212 (6-212 А) ГПЗ/КПК,raw.catalog_номенклатура,1,1
Номенклатура — исходный каталог,Подшипник 6217 (6-217 А) ГПЗ/СПЗ-4,raw.catalog_номенклатура,1,1
Номенклатура — исходный каталог,Подшипник 62206-2RS ,raw.catalog_номенклатура,1,1
Номенклатура — исходный каталог,Подшипник 6300 2RS 2NSE9,raw.catalog_номенклатура,1,1
Номенклатура — исходный каталог,Подшипник 6304-2RS ART,raw.catalog_номенклатура,1,1
Номенклатура — исходный каталог,Подшипник 6305 2RS (180305),raw.catalog_номенклатура,1,1
Номенклатура — исходный каталог,Подшипник 6306 2RS (6-180306 АС17)  ГПЗ/СПЗ-4,raw.catalog_номенклатура,1,1
Номенклатура — исходный каталог,Подшипник 6306 N (50306),raw.catalog_номенклатура,1,1
Номенклатура — исходный каталог,Подшипник 6307 (6-307 А) ГПЗ/СПЗ-4,raw.catalog_номенклатура,1,1
Номенклатура — исходный каталог,Подшипник 6308 2RS (6-180308 С17)  ГПЗ/СПЗ-4,raw.catalog_номенклатура,1,1
Номенклатура — исходный каталог,Подшипник 6309 (6-309 А) ГПЗ,raw.catalog_номенклатура,1,1
Номенклатура — исходный каталог,Подшипник 6310 Z (60310),raw.catalog_номенклатура,1,1
Номенклатура — исходный каталог,Подшипник 6311 (311),raw.catalog_номенклатура,1,1
Номенклатура — исходный каталог,Подшипник 6311 (6-311 А) ГПЗ/СПЗ-4,raw.catalog_номенклатура,1,1
Номенклатура — исходный каталог,Подшипник 6408 (6-408 А) ГПЗ/СПЗ-4,raw.catalog_номенклатура,1,1
Номенклатура — исходный каталог,Подшипник 6409 (6-409) ГПЗ,raw.catalog_номенклатура,1,1
Номенклатура — исходный каталог,Подшипник 7306 А (30306) ГПЗ,raw.catalog_номенклатура,1,1
Номенклатура — исходный каталог,Подшипник 7310 (30310),raw.catalog_номенклатура,1,1
Номенклатура — исходный каталог,Подшипник 7506 А (32206) ГПЗ/СПЗ-4,raw.catalog_номенклатура,1,1
Номенклатура — исходный каталог,Подшипник 7508 ролик радиал.конич 1-ряд ,raw.catalog_номенклатура,1,1
Номенклатура — исходный каталог,Подшипник 7514 А (32214) ГПЗ,raw.catalog_номенклатура,1,1
Номенклатура — исходный каталог,Подшипник 7524 А,raw.catalog_номенклатура,1,1
Номенклатура — исходный каталог,Подшипник 80203 SKF,raw.catalog_номенклатура,1,1
Номенклатура — исходный каталог,Подшипник 8110 (51110),raw.catalog_номенклатура,1,1
Номенклатура — исходный каталог,Подшипник 941/20,raw.catalog_номенклатура,1,1
Номенклатура — исходный каталог,Подшипник AEL205,raw.catalog_номенклатура,1,1
Номенклатура — исходный каталог,Подшипник LA5962,raw.catalog_номенклатура,1,1
Номенклатура — исходный каталог,Подшипник RHP-UC 208,raw.catalog_номенклатура,1,1
Номенклатура — исходный каталог,Подшипник RUM 007545,raw.catalog_номенклатура,1,1
Номенклатура — исходный каталог,Подшипник UC 206 (CFAFT),raw.catalog_номенклатура,1,1
Номенклатура — исходный каталог,Подшипник UC206 ,raw.catalog_номенклатура,1,1
Номенклатура — исходный каталог,Подшипник UCF 208 (480208),raw.catalog_номенклатура,1,1
Номенклатура — исходный каталог,Подшипник UCFC 205 AПП,raw.catalog_номенклатура,1,1
Номенклатура — исходный каталог,Подшипник UCFL 208 BBC-R,raw.catalog_номенклатура,1,1
Номенклатура — исходный каталог,Подшипник UCPА 206,raw.catalog_номенклатура,1,1
Номенклатура — исходный каталог,Подшипник UCPА 208 STC,raw.catalog_номенклатура,1,1
Номенклатура — исходный каталог,Подшипник UCPА 210,raw.catalog_номенклатура,1,1
Номенклатура — исходный каталог,Подшипник Y YET 205Д=25,raw.catalog_номенклатура,1,1
Номенклатура — исходный каталог,Подшипник YET205,raw.catalog_номенклатура,1,1
Номенклатура — исходный каталог,Подшипник YSA 209 2FK,raw.catalog_номенклатура,1,1
Номенклатура — исходный каталог,"Подшипник ГАЗ-66,3308,МТЗ-80,82,920 кулака поворотного ГПЗ 27307",raw.catalog_номенклатура,1,1
Номенклатура — исходный каталог,"Подшипник КПП ГАЗ-66,3310 вала вторичного; редуктора моста МАЗ-5440,6430 664910Е",raw.catalog_номенклатура,1,1
Номенклатура — исходный каталог,Подшипник КПП КАМАЗ делителя ВОЛЖСКИЙ СТАНДАРТ 664913 Е,raw.catalog_номенклатура,1,1
Номенклатура — исходный каталог,"Подшипник КР ВАЗ-2121 вала вторичного, КПП МАЗ 12507 (NF2207)",raw.catalog_номенклатура,1,1
Номенклатура — исходный каталог,Подшипник МАЗ  ШС-25,raw.catalog_номенклатура,1,1
Номенклатура — исходный каталог,Подшипник МТЗ сателлита ВОМ 3КК20х26х34Е,raw.catalog_номенклатура,1,1
Номенклатура — исходный каталог,Подшипник НСН 30204,raw.catalog_номенклатура,1,1
Номенклатура — исходный каталог,Подшипник НСН 30205,raw.catalog_номенклатура,1,1
Номенклатура — исходный каталог,Подшипник ШС-25 МАЗ,raw.catalog_номенклатура,1,1
Номенклатура — исходный каталог,Подшипник ШС-30 сил.цилиндр.,raw.catalog_номенклатура,1,1
Номенклатура — исходный каталог,Подшипник ШС-35 МАЗ разж.кулака 4370.256,raw.catalog_номенклатура,1,1
Номенклатура — исходный каталог,Подшипник ШС-50,raw.catalog_номенклатура,1,1
Номенклатура — исходный каталог,Подшипник ШСП 25 К (GE 25 ES),raw.catalog_номенклатура,1,1
Номенклатура — исходный каталог,Подшипник ШСП 30 К (GE 30 ES) ГПЗ/СПЗ-4,raw.catalog_номенклатура,1,1
Номенклатура — исходный каталог,Подшипник ШСП 40 К (GE 40 ES) ГПЗ/СПЗ-4,raw.catalog_номенклатура,1,1
Номенклатура — исходный каталог,Подшипник барабанного вала  КА-00019252,raw.catalog_номенклатура,1,1
Номенклатура — исходный каталог,"Подшипник заднего,среднего моста ВОЛЖСКИЙ СТАНДАРТ 7216-6А (30216) КАМАЗ,МТЗ-1221 ",raw.catalog_номенклатура,1,1
Номенклатура — исходный каталог,Подшипник корпусный 211UC,raw.catalog_номенклатура,1,1
Номенклатура — исходный каталог,"Подшипник насоса водяного КАМАЗ-65115,6522 МТЗ-1221,Д-260;дв.Д-245 маховика ГПЗ 1160305",raw.catalog_номенклатура,1,1
Номенклатура — исходный каталог,Подшипник подвесной  ГАЗ-3302; лебедки КАМАЗ ГПЗ,raw.catalog_номенклатура,1,1
Номенклатура — исходный каталог,Подшипник поддерживающий КСП (область бункер),raw.catalog_номенклатура,1,1
Номенклатура — исходный каталог,Подшипник привода R,raw.catalog_номенклатура,1,1
Номенклатура — исходный каталог,Подшипник редуктора пер.моста МТЗ-82,raw.catalog_номенклатура,1,1
Номенклатура — исходный каталог,Подшипник ролик радиал.конич.1 ряд 7508,raw.catalog_номенклатура,1,1
Номенклатура — исходный каталог,Подшипник ступицы КАМАЗ-4310 ГПЗ 7218-6А (30218),raw.catalog_номенклатура,1,1
Номенклатура — исходный каталог,"Подшипник ступицы МАЗ задней внутренний BPW 20т оси ,внутреннийГПЗ 7524",raw.catalog_номенклатура,1,1
Номенклатура — исходный каталог,Подшипник ступицы задней ГАЗ 3302,raw.catalog_номенклатура,1,1
Номенклатура — исходный каталог,Подшипник ступицы передней ,raw.catalog_номенклатура,1,1
Номенклатура — исходный каталог,Подшипник ступицы передней Citroen,raw.catalog_номенклатура,1,1
Номенклатура — исходный каталог,Подшипниковый узел UCF 206 BBC-R,raw.catalog_номенклатура,1,1
Номенклатура — исходный каталог,Подшипниковый узел UCFC 206 APP-GROUP,raw.catalog_номенклатура,1,1
Номенклатура — исходный каталог,Подшипниковый узел UCFL 205 ,raw.catalog_номенклатура,1,1
Номенклатура — исходный каталог,Подшипниковый узел UCFL 205 ART,raw.catalog_номенклатура,1,1
Номенклатура — исходный каталог,Подшипниковый узел UCP 205 NIS Y,raw.catalog_номенклатура,1,1
Номенклатура — исходный каталог,Подшипниковый узел UCP 205 АПП,raw.catalog_номенклатура,1,1
Номенклатура — исходный каталог,Подшипниковый узел UCPА 209 NIS ,raw.catalog_номенклатура,1,1
Номенклатура — исходный каталог,Подъёмная машина,raw.catalog_номенклатура,1,1
Номенклатура — исходный каталог,Подъёмная машина из нержавеющей стали,raw.catalog_номенклатура,1,1
Номенклатура — исходный каталог,Подъёмник для отходов,raw.catalog_номенклатура,1,1
Номенклатура — исходный каталог,Покрышка ИН-142Б Нижнекамск 14-ти слойная с камерой 260/508,raw.catalog_номенклатура,1,1
Номенклатура — исходный каталог,Поларис Инсектицид,raw.catalog_номенклатура,1,1
Номенклатура — исходный каталог,Полив овощей,raw.catalog_номенклатура,1,1
Номенклатура — исходный каталог,Полив_F118RRL0 GG,raw.catalog_номенклатура,1,1
Номенклатура — исходный каталог,"Полидон NP 15-51-0, Ж",raw.catalog_номенклатура,1,1
Номенклатура — исходный каталог,Полидон NPK 15-30-0,raw.catalog_номенклатура,1,1
Номенклатура — исходный каталог,"Полидон NPK 17-17-17, Ж",raw.catalog_номенклатура,1,1
Номенклатура — исходный каталог,Полидон NPK 18-18-9,raw.catalog_номенклатура,1,1
Номенклатура — исходный каталог,"Полидон NPK 5-20-40, Ж",raw.catalog_номенклатура,1,1
Номенклатура — исходный каталог,"Полидон Амино Старт, Ж",raw.catalog_номенклатура,1,1
Номенклатура — исходный каталог,"Полидон Бор (В15%, Мо-0,5%)",raw.catalog_номенклатура,1,1
Номенклатура — исходный каталог,Полидон Кафопол,raw.catalog_номенклатура,1,1
Номенклатура — исходный каталог,"Полиуретан листовой 10мм (500х500мм,-3,1 кг красный)",raw.catalog_номенклатура,1,1
Номенклатура — исходный каталог,"Полифем, Ж Фунгицид ",raw.catalog_номенклатура,1,1
Номенклатура — исходный каталог,"Полифем,Ж Смачиватель ",raw.catalog_номенклатура,1,1
Номенклатура — исходный каталог,Полотно КПК 0600002,raw.catalog_номенклатура,1,1
Номенклатура — исходный каталог,Полотно бесконечное 500х14300 (Кострома),raw.catalog_номенклатура,1,1
Номенклатура — исходный каталог,Полуось (037-03114),raw.catalog_номенклатура,1,1
Номенклатура — исходный каталог,Полуось МТЗ переднего моста ,raw.catalog_номенклатура,1,1
Номенклатура — исходный каталог,Поперечина МТЗ -1221 задней навески РУП МТЗ 1220-4605025,raw.catalog_номенклатура,1,1
Номенклатура — исходный каталог,Поплавковый выключатель FOX VVF H05.3м (пищевой),raw.catalog_номенклатура,1,1
Номенклатура — исходный каталог,Посев трав/овощей/сидератов,raw.catalog_номенклатура,1,1
Номенклатура — исходный каталог,Почтовые расходы,raw.catalog_номенклатура,1,1
Номенклатура — исходный каталог,"Право использования СКЗИ ""КриптоПро CSP""",raw.catalog_номенклатура,1,1
Номенклатура — исходный каталог,Право на использование програмного обеспечения,raw.catalog_номенклатура,1,1
Номенклатура — исходный каталог,"Право ограниченного пользования частями земельных участков, принадлежащих Правообладателю ",raw.catalog_номенклатура,1,1
Номенклатура — исходный каталог,Право пользования программными продуктами,raw.catalog_номенклатура,1,1
Номенклатура — исходный каталог,Праушина прямая 90*40,raw.catalog_номенклатура,1,1
Номенклатура — исходный каталог,Предоставление манипулятора,raw.catalog_номенклатура,1,1
Номенклатура — исходный каталог,Предохранитель 10А флажковый стандарт REXANT 80-7100,raw.catalog_номенклатура,1,1
Номенклатура — исходный каталог,Предохранитель 15А флажковый стандарт REXANT 80-7101,raw.catalog_номенклатура,1,1
Номенклатура — исходный каталог,Предохранитель 20А флажковый стандарт REXANT 80-7102,raw.catalog_номенклатура,1,1
Номенклатура — исходный каталог,Предохранитель 25А флажковый стандарт REXANT 80-7103,raw.catalog_номенклатура,1,1
Номенклатура — исходный каталог,Предохранитель 5-30А плоский 106 шт в боксе JTC-2023,raw.catalog_номенклатура,1,1
Номенклатура — исходный каталог,Предохранитель вставка плавкая 60.90АФ57.710.001,raw.catalog_номенклатура,1,1
Номенклатура — исходный каталог,Предохранитель ножевой (8шт в к-те),raw.catalog_номенклатура,1,1
Номенклатура — исходный каталог,Премис Двести Инсектицид,raw.catalog_номенклатура,1,1
Номенклатура — исходный каталог,Премиум овощи,raw.catalog_номенклатура,1,1
Номенклатура — исходный каталог,"Преобразователь напряжения  24в,12в 21375901",raw.catalog_номенклатура,1,1
Номенклатура — исходный каталог,"Преобразователь напряжения КВАНТ ПН 5,0В/4,5А",raw.catalog_номенклатура,1,1
Номенклатура — исходный каталог,"Препарат ""Уникал-Р"" (Метавайт)",raw.catalog_номенклатура,1,1
Номенклатура — исходный каталог,Препарат Липосам биоприлипатель ll группа,raw.catalog_номенклатура,1,1
Номенклатура — исходный каталог,Пресс-масленка ГМ10-П,raw.catalog_номенклатура,1,1
Номенклатура — исходный каталог,Приаксор Инсектицид,raw.catalog_номенклатура,1,1
Номенклатура — исходный каталог,Привент Инсектицид,raw.catalog_номенклатура,1,1
Номенклатура — исходный каталог,Привод вентелятора 2-х руч. ЯМЗ -238НБ 1308011-В3,raw.catalog_номенклатура,1,1
Номенклатура — исходный каталог,Привод вспомогательных агрегатов 240-1029326,raw.catalog_номенклатура,1,1
Номенклатура — исходный каталог,Приемник ЗТ-40А.52.12.000,raw.catalog_номенклатура,1,1
Номенклатура — исходный каталог,Призматическая шпонка,raw.catalog_номенклатура,1,1
Номенклатура — исходный каталог,Призматическая шпонка А 8х8х4 DIN6885,raw.catalog_номенклатура,1,1
Номенклатура — исходный каталог,Прикатывание,raw.catalog_номенклатура,1,1
Номенклатура — исходный каталог,Прилипатели ,raw.catalog_номенклатура,1,1
Номенклатура — исходный каталог,Примэкс Инсектицид,raw.catalog_номенклатура,1,1
Номенклатура — исходный каталог,"Пробка радиатора ЗИЛ-130,131,433360 ",raw.catalog_номенклатура,1,1
Номенклатура — исходный каталог,Пробка топливного бака МТЗ 082-113010,raw.catalog_номенклатура,1,1
Номенклатура — исходный каталог,Пробная копка,raw.catalog_номенклатура,1,1
Номенклатура — исходный каталог,"Пробойник для лайфлета,Корея",raw.catalog_номенклатура,1,1
Номенклатура — исходный каталог,Проведение комплексного технического обслуживания холодильного оборудования,raw.catalog_номенклатура,1,1
Номенклатура — исходный каталог,Проведение пусконаладочных работ,raw.catalog_номенклатура,1,1
Номенклатура — исходный каталог,"Провод высоковольтный ГАЗ-53,ЗИЛ-130 комплект TSN RAIDER",raw.catalog_номенклатура,1,1
Номенклатура — исходный каталог,Провода в/в 406,raw.catalog_номенклатура,1,1
Номенклатура — исходный каталог,Провода прикуривания ,raw.catalog_номенклатура,1,1
Номенклатура — исходный каталог,"Провода прикуривания Airline EXPERT SA-750-05E 750А, 5м, 12/24В",raw.catalog_номенклатура,1,1
Номенклатура — исходный каталог,Проволока,raw.catalog_номенклатура,1,1
Номенклатура — исходный каталог,"Проволока вязальная 1,2мм 200 м",raw.catalog_номенклатура,1,1
Номенклатура — исходный каталог,"Проволока сдвоенная 5х0,35мм",raw.catalog_номенклатура,1,1
Номенклатура — исходный каталог,"Прогноз, Инсектицид",raw.catalog_номенклатура,1,1
Номенклатура — исходный каталог,Прозаро Инсектицид,raw.catalog_номенклатура,1,1
Номенклатура — исходный каталог,Прозаро Квантум Инсектицид,raw.catalog_номенклатура,1,1
Номенклатура — исходный каталог,Прозрачная потолочина из вандурина для 10-ти рамочного улья (Панорама),raw.catalog_номенклатура,1,1
Номенклатура — исходный каталог,Производственные услуги,raw.catalog_номенклатура,1,1
Номенклатура — исходный каталог,Прокладка 201-1105552,raw.catalog_номенклатура,1,1
Номенклатура — исходный каталог,Прокладка 240-1002265,raw.catalog_номенклатура,1,1
Номенклатура — исходный каталог,Прокладка 701.10.00.019,raw.catalog_номенклатура,1,1
Номенклатура — исходный каталог,Прокладка EGR,raw.catalog_номенклатура,1,1
Номенклатура — исходный каталог,"Прокладка ГАЗ-3307,53 трубы приемной (кольцо толстое)",raw.catalog_номенклатура,1,1
Номенклатура — исходный каталог,Прокладка ГАЗ-53 картера масляного АВТОПРОКЛАДКА 13-1009070РП,raw.catalog_номенклатура,1,1
Номенклатура — исходный каталог,Прокладка Д-260 коллектора выпускного перфометалл КВАДРАТИС 260-1303026,raw.catalog_номенклатура,1,1
Номенклатура — исходный каталог,Прокладка ЯМЗ 240 клапанной крышки (раздельная) МБС зеленая АВТОРЕСУРС,raw.catalog_номенклатура,1,1
Номенклатура — исходный каталог,Прокладка ЯМЗ колпака фильтра масляного силикон СТРОЙМАШ ,raw.catalog_номенклатура,1,1
Номенклатура — исходный каталог,Прокладка ЯМЗ привода вентилятора РД236-1308108,raw.catalog_номенклатура,1,1
Номенклатура — исходный каталог,Прокладка водяного насоса Д-260 ,raw.catalog_номенклатура,1,1
Номенклатура — исходный каталог,Прокладка головки блока ЯМЗ-240 раздельная АВТОДИЗЕЛЬ 240-1003213,raw.catalog_номенклатура,1,1
Номенклатура — исходный каталог,Прокладка головки блока ЯМЗ-240 уплотнительная АВТОДИЗЕЛЬ 240-1003218,raw.catalog_номенклатура,1,1
Номенклатура — исходный каталог,"Прокладка двигателя ЗМЗ-511,513,5234 полный комплект Профессиональная серия",raw.catalog_номенклатура,1,1
Номенклатура — исходный каталог,Прокладка клапонной крышки ,raw.catalog_номенклатура,1,1
Номенклатура — исходный каталог,Прокладка клапонной крышки МТЗ Д245ЕЗ 245-1003109,raw.catalog_номенклатура,1,1
Номенклатура — исходный каталог,Прокладка клапонной крышки МТЗ80 (240-1003108)Д245ЕЗ,raw.catalog_номенклатура,1,1
Номенклатура — исходный каталог,Прокладка колпака масл.фильтра 201-1012083 (ЯМЗ-240),raw.catalog_номенклатура,1,1
Номенклатура — исходный каталог,Прокладка лапки Фишбейн 100,raw.catalog_номенклатура,1,1
Номенклатура — исходный каталог,Прокладка резиновая колбы профи,raw.catalog_номенклатура,1,1
Номенклатура — исходный каталог,Прокладка сливной пробки масленного поддона,raw.catalog_номенклатура,1,1
Номенклатура — исходный каталог,Пропи Плюс Инсектицид,raw.catalog_номенклатура,1,1
Номенклатура — исходный каталог,ПропиШанс Инсектицид,raw.catalog_номенклатура,1,1
Номенклатура — исходный каталог,Пропишанс Супер Инсектицид,raw.catalog_номенклатура,1,1
Номенклатура — исходный каталог,Пропульс Инсектицид,raw.catalog_номенклатура,1,1
Номенклатура — исходный каталог,Протект Форте Инсектицид,raw.catalog_номенклатура,1,1
Номенклатура — исходный каталог,Протравители,raw.catalog_номенклатура,1,1
Номенклатура — исходный каталог,Профессиональные бокорезы 180мм,raw.catalog_номенклатура,1,1
Номенклатура — исходный каталог,Профи Супер Инсектицид,raw.catalog_номенклатура,1,1
Номенклатура — исходный каталог,Профикс Инсектицид,raw.catalog_номенклатура,1,1
Номенклатура — исходный каталог,Прочие материалы для производства,raw.catalog_номенклатура,1,1
Номенклатура — исходный каталог,Прочие услуги,raw.catalog_номенклатура,1,1
Номенклатура — исходный каталог,Пружина МТЗ-82 промопоры БЗТДиА 72-2209021,raw.catalog_номенклатура,1,1
Номенклатура — исходный каталог,Пружина растяжения ,raw.catalog_номенклатура,1,1
Номенклатура — исходный каталог,"Пружина тэна  R-2, R-2 (старого образца,короткая)",raw.catalog_номенклатура,1,1
Номенклатура — исходный каталог,Пруток КПБ 0109611А-01,raw.catalog_номенклатура,1,1
Номенклатура — исходный каталог,Пруток КПК 0103608-01,raw.catalog_номенклатура,1,1
Номенклатура — исходный каталог,Псевдобактерин-2 Инсектицид,raw.catalog_номенклатура,1,1
Номенклатура — исходный каталог,Псевдобактерин-3 Инсектицид,raw.catalog_номенклатура,1,1
Номенклатура — исходный каталог,Псевдобактерин-9 Инсектицид,raw.catalog_номенклатура,1,1
Номенклатура — исходный каталог,Пульт управления ,raw.catalog_номенклатура,1,1
Номенклатура — исходный каталог,Пульт управления ПУ ЭВТ-И1 (9 кВт),raw.catalog_номенклатура,1,1
Номенклатура — исходный каталог,Пускатель магнитный КМИ 25А 220В с кнопками,raw.catalog_номенклатура,1,1
Номенклатура — исходный каталог,Пускатель магнитный КМИ 9А 220В с кнопками,raw.catalog_номенклатура,1,1
Номенклатура — исходный каталог,Пуш сало,raw.catalog_номенклатура,1,1
Номенклатура — исходный каталог,Пчелопакет четыре рамки,raw.catalog_номенклатура,1,1
Номенклатура — исходный каталог,Пыльник пальца суппорта 2108,raw.catalog_номенклатура,1,1
Номенклатура — исходный каталог,Пыльник рулевой рейки,raw.catalog_номенклатура,1,1
Номенклатура — исходный каталог,Пыльник шрус внутренний,raw.catalog_номенклатура,1,1
Номенклатура — исходный каталог,Р/К суппорта 3302,raw.catalog_номенклатура,1,1
Номенклатура — исходный каталог,РВД 2SN BSP 3/4 BSP 3/4(90) 1.6/19,raw.catalog_номенклатура,1,1
Номенклатура — исходный каталог,РВД Шланг 24(1850),raw.catalog_номенклатура,1,1
Номенклатура — исходный каталог,РВД шланг 32 (1850),raw.catalog_номенклатура,1,1
Номенклатура — исходный каталог,РВД шланг 32-1650,raw.catalog_номенклатура,1,1
Номенклатура — исходный каталог,РОЛ. ЦЕПЬ-Е-DIN-5/8Х3/8-57-1-2,raw.catalog_номенклатура,1,1
Номенклатура — исходный каталог,РОЛИК 200.50894 ,raw.catalog_номенклатура,1,1
Номенклатура — исходный каталог,РОЛИК Д.100 ,raw.catalog_номенклатура,1,1
Номенклатура — исходный каталог,Работа 790 GX 100 500,raw.catalog_номенклатура,1,1
Номенклатура — исходный каталог,Работа SY пикап,raw.catalog_номенклатура,1,1
Номенклатура — исходный каталог,Работа БДН-3.0М,raw.catalog_номенклатура,1,1
Номенклатура — исходный каталог,Работа ГАЗ Соболь ,raw.catalog_номенклатура,1,1
Номенклатура — исходный каталог,Работа Газели,raw.catalog_номенклатура,1,1
Номенклатура — исходный каталог,Работа Гребнеобразователя (культиватора) GF 75-4,raw.catalog_номенклатура,1,1
Номенклатура — исходный каталог,Работа УКВ-2-90 01,raw.catalog_номенклатура,1,1
Номенклатура — исходный каталог,Работа автомобиля ЗИЛ ММ3554 (б/у),raw.catalog_номенклатура,1,1
Номенклатура — исходный каталог,Работа автомобиля Пежо Боксер,raw.catalog_номенклатура,1,1
Номенклатура — исходный каталог,Работа бороны ZIRKON 7/300,raw.catalog_номенклатура,1,1
Номенклатура — исходный каталог,Работа бороны БДП-6,raw.catalog_номенклатура,1,1
Номенклатура — исходный каталог,"Работа бороны БДТ-2,5",raw.catalog_номенклатура,1,1
Номенклатура — исходный каталог,Работа бороны БДТ-7,raw.catalog_номенклатура,1,1
Номенклатура — исходный каталог,"Работа бороны БПМ-5 ""ЗУБР""",raw.catalog_номенклатура,1,1
Номенклатура — исходный каталог,Работа бороны СШГ-19-02,raw.catalog_номенклатура,1,1
Номенклатура — исходный каталог,Работа бороны-полольника Активатор (Expom 12 Shtrigel),raw.catalog_номенклатура,1,1
Номенклатура — исходный каталог,Работа ботвоудалителя (мульчировщика) KP 1700,raw.catalog_номенклатура,1,1
Номенклатура — исходный каталог,Работа ботвоудалителя (мульчировщика) RAFALE 4x90,raw.catalog_номенклатура,1,1
Номенклатура — исходный каталог,"Работа ботвоудалителя (мульчировщика) БТУ-1,4",raw.catalog_номенклатура,1,1
Номенклатура — исходный каталог,Работа бочки ЛКТ-11В,raw.catalog_номенклатура,1,1
Номенклатура — исходный каталог,Работа глубокорыхлителя (чизеля),raw.catalog_номенклатура,1,1
Номенклатура — исходный каталог,Работа глубокорыхлителя Kret 7B,raw.catalog_номенклатура,1,1
Номенклатура — исходный каталог,Работа грабель-ворошилок ГВР-6,raw.catalog_номенклатура,1,1
Номенклатура — исходный каталог,Работа грабель-ворошилок ГВР-630,raw.catalog_номенклатура,1,1
Номенклатура — исходный каталог,Работа дисков АДУ-6а,raw.catalog_номенклатура,1,1
Номенклатура — исходный каталог,Работа дождевальной машины 75/320 CICLO CYCRO,raw.catalog_номенклатура,1,1
Номенклатура — исходный каталог,Работа измельчителя (мульчировщика) FM-600,raw.catalog_номенклатура,1,1
Номенклатура — исходный каталог,Работа картофелесажалки GL 430,raw.catalog_номенклатура,1,1
Номенклатура — исходный каталог,Работа картофелесажалки GL 44-T,raw.catalog_номенклатура,1,1
Номенклатура — исходный каталог,Работа катка КВНП-10,raw.catalog_номенклатура,1,1
Номенклатура — исходный каталог,Работа катка ККЗ-6-02,raw.catalog_номенклатура,1,1
Номенклатура — исходный каталог,Работа комбайна ARCO-2,raw.catalog_номенклатура,1,1
Номенклатура — исходный каталог,Работа комбайна Dewuif Torro,raw.catalog_номенклатура,1,1
Номенклатура — исходный каталог,Работа комбайна Dewulf Enduro,raw.catalog_номенклатура,1,1
Номенклатура — исходный каталог,Работа комбайна GVR 1700,raw.catalog_номенклатура,1,1
Номенклатура — исходный каталог,Работа комбайна Grimme SE 260,raw.catalog_номенклатура,1,1
Номенклатура — исходный каталог,Работа комбайна Grimme SE-150-60,raw.catalog_номенклатура,1,1
Номенклатура — исходный каталог,Работа комбайна Grimme SE-170-60,raw.catalog_номенклатура,1,1
Номенклатура — исходный каталог,Работа комбайна КПБ-2,raw.catalog_номенклатура,1,1
Номенклатура — исходный каталог,Работа комбайна КПК-3,raw.catalog_номенклатура,1,1
Номенклатура — исходный каталог,Работа комбайна ПКК-2-02,raw.catalog_номенклатура,1,1
Номенклатура — исходный каталог,Работа косилки KDT 260S,raw.catalog_номенклатура,1,1
Номенклатура — исходный каталог,Работа косилки KDT 340,raw.catalog_номенклатура,1,1
Номенклатура — исходный каталог,"Работа косилки КИР-1,85",raw.catalog_номенклатура,1,1
Номенклатура — исходный каталог,"Работа косилки КРН-2,1",raw.catalog_номенклатура,1,1
Номенклатура — исходный каталог,Работа культиватора ИКСИОН 4х90,raw.catalog_номенклатура,1,1
Номенклатура — исходный каталог,"Работа культиватора КВФ-2,8",raw.catalog_номенклатура,1,1
Номенклатура — исходный каталог,Работа культиватора КГП 4*90,raw.catalog_номенклатура,1,1
Номенклатура — исходный каталог,"Работа культиватора КОН-2,8",raw.catalog_номенклатура,1,1
Номенклатура — исходный каталог,Работа культиватора КПМ-4,raw.catalog_номенклатура,1,1
Номенклатура — исходный каталог,Работа культиватора КПМ-8,raw.catalog_номенклатура,1,1
Номенклатура — исходный каталог,"Работа культиватора КСО-7,4",raw.catalog_номенклатура,1,1
Номенклатура — исходный каталог,Работа культиватора КЧН-4У,raw.catalog_номенклатура,1,1
Номенклатура — исходный каталог,Работа машины ЛКТ-11В,raw.catalog_номенклатура,1,1
Номенклатура — исходный каталог,Работа на  поливе,raw.catalog_номенклатура,1,1
Номенклатура — исходный каталог,Работа насосной станции F118RRL0 GG,raw.catalog_номенклатура,1,1
Номенклатура — исходный каталог,Работа обмотчика Z-577,raw.catalog_номенклатура,1,1
Номенклатура — исходный каталог,Работа опрыскивателя ОП-2000,raw.catalog_номенклатура,1,1
Номенклатура — исходный каталог,Работа опрыскивателя ТИТАН 3000-24,raw.catalog_номенклатура,1,1
Номенклатура — исходный каталог,Работа опрыскивателя навесного US 1205,raw.catalog_номенклатура,1,1
Номенклатура — исходный каталог,Работа плоскореза,raw.catalog_номенклатура,1,1
Номенклатура — исходный каталог,Работа плуга 1 LF-850,raw.catalog_номенклатура,1,1
Номенклатура — исходный каталог,Работа плуга FINIST ПЛН-4-35,raw.catalog_номенклатура,1,1
Номенклатура — исходный каталог,Работа плуга FINIST ПЛН-8-35,raw.catalog_номенклатура,1,1
Номенклатура — исходный каталог,Работа плуга ПЛН-3-35,raw.catalog_номенклатура,1,1
Номенклатура — исходный каталог,Работа плуга ПЛН-4-35 У,raw.catalog_номенклатура,1,1
Номенклатура — исходный каталог,Работа плуга ПЛН-5-35В,raw.catalog_номенклатура,1,1
Номенклатура — исходный каталог,Работа плуга ПЛН-8-35В,raw.catalog_номенклатура,1,1
Номенклатура — исходный каталог,Работа по скашиванию травы/сидератов,raw.catalog_номенклатура,1,1
Номенклатура — исходный каталог,Работа погрузчика TLH 3507-12,raw.catalog_номенклатура,1,1
Номенклатура — исходный каталог,Работа погрузчика ТП-10-1,raw.catalog_номенклатура,1,1
Номенклатура — исходный каталог,Работа пресс-подборщик PS 1210 Classic,raw.catalog_номенклатура,1,1
Номенклатура — исходный каталог,Работа пресс-подборщик ПРФ-145,raw.catalog_номенклатура,1,1
Номенклатура — исходный каталог,"Работа прицепа 2 ПТС-6,5",raw.catalog_номенклатура,1,1
Номенклатура — исходный каталог,"Работа прицепа 2ПТСЕ-4,5",raw.catalog_номенклатура,1,1
Номенклатура — исходный каталог,Работа прицепа ПТ-7,raw.catalog_номенклатура,1,1
Номенклатура — исходный каталог,"Работа прицепа ПУ-3,5",raw.catalog_номенклатура,1,1
Номенклатура — исходный каталог,Работа разбрасывателя RCW 5500,raw.catalog_номенклатура,1,1
Номенклатура — исходный каталог,Работа разбрасывателя RN 1000 BORYNA,raw.catalog_номенклатура,1,1
Номенклатура — исходный каталог,Работа разбрасывателя X50+ECONOV,raw.catalog_номенклатура,1,1
Номенклатура — исходный каталог,Работа разбрасывателя ZG 1200,raw.catalog_номенклатура,1,1
Номенклатура — исходный каталог,Работа растворно-смесительной машины ,raw.catalog_номенклатура,1,1
Номенклатура — исходный каталог,Работа сажалки GL-34 T,raw.catalog_номенклатура,1,1
Номенклатура — исходный каталог,Работа сажалки ЧСН-4УН,raw.catalog_номенклатура,1,1
Номенклатура — исходный каталог,Работа сеялки UD 2000,raw.catalog_номенклатура,1,1
Номенклатура — исходный каталог,Работа сеялки СК-4,raw.catalog_номенклатура,1,1
Номенклатура — исходный каталог,Работа сеялки СПУ-6Д,raw.catalog_номенклатура,1,1
Номенклатура — исходный каталог,Работа сеялки СТВ-8К,raw.catalog_номенклатура,1,1
Номенклатура — исходный каталог,Работа стрелкореза,raw.catalog_номенклатура,1,1
Номенклатура — исходный каталог,Работа трактора John Deere,raw.catalog_номенклатура,1,1
Номенклатура — исходный каталог,Работа трактора Lovol 2604,raw.catalog_номенклатура,1,1
Номенклатура — исходный каталог,Работа трактора Valtra T190,raw.catalog_номенклатура,1,1
Номенклатура — исходный каталог,Работа трактора ДТ 75,raw.catalog_номенклатура,1,1
Номенклатура — исходный каталог,Работа трактора К-701,raw.catalog_номенклатура,1,1
Номенклатура — исходный каталог,Работа трактора К-742М,raw.catalog_номенклатура,1,1
Номенклатура — исходный каталог,Работа трактора МТЗ 1221.2,raw.catalog_номенклатура,1,1
Номенклатура — исходный каталог,Работа трактора МТЗ 1221.3,raw.catalog_номенклатура,1,1
Номенклатура — исходный каталог,Работа трактора МТЗ 1523.3,raw.catalog_номенклатура,1,1
Номенклатура — исходный каталог,Работа трактора МТЗ 80,raw.catalog_номенклатура,1,1
Номенклатура — исходный каталог,Работа трактора МТЗ 82.1,raw.catalog_номенклатура,1,1
Номенклатура — исходный каталог,Работы,raw.catalog_номенклатура,1,1
Номенклатура — исходный каталог,Работы по изготовлению и монтажу дверных и оконных блоков,raw.catalog_номенклатура,1,1
Номенклатура — исходный каталог,Работы по краевым обработкам,raw.catalog_номенклатура,1,1
Номенклатура — исходный каталог,Рад.шарикоподшипник 6204-2RS-8,raw.catalog_номенклатура,1,1
Номенклатура — исходный каталог,Радиальный актуатор AGR2460,raw.catalog_номенклатура,1,1
Номенклатура — исходный каталог,Радиальный шарикоподшипник 6004-2RS,raw.catalog_номенклатура,1,1
Номенклатура — исходный каталог,Радиальный шарикоподшипник 6005-2RS,raw.catalog_номенклатура,1,1
Номенклатура — исходный каталог,Радиальный шарикоподшипник 6206-2RS,raw.catalog_номенклатура,1,1
Номенклатура — исходный каталог,Радиальный шарикоподшипник 6208-2RS,raw.catalog_номенклатура,1,1
Номенклатура — исходный каталог,"Радиальный шарикоподшипник, сепаратор из листовой стали, двусторонние контактные уплотнения",raw.catalog_номенклатура,1,1
Номенклатура — исходный каталог,Радиатор ,raw.catalog_номенклатура,1,1
Номенклатура — исходный каталог,"Радиатор водяной 701.13.01.000 (К701.918.1569) 16,5л 204 трубкки латунь 2-х ряд. БМЗ",raw.catalog_номенклатура,1,1
Номенклатура — исходный каталог,Радиатор маслянный ACV0286430,raw.catalog_номенклатура,1,1
Номенклатура — исходный каталог,Радиатор отопителя МТЗ УК 80-8101900,raw.catalog_номенклатура,1,1
Номенклатура — исходный каталог,Радиатор трехрядный ПАЗ 3205-1301010-20,raw.catalog_номенклатура,1,1
Номенклатура — исходный каталог,"Радиостанция двусторонней связи UV-82 Baofeng, 8 Вт",raw.catalog_номенклатура,1,1
Номенклатура — исходный каталог,Радифарм,raw.catalog_номенклатура,1,1
Номенклатура — исходный каталог,Разбрасывание минеральных удобрений,raw.catalog_номенклатура,1,1
Номенклатура — исходный каталог,Развертка 50мм,raw.catalog_номенклатура,1,1
Номенклатура — исходный каталог,Разводной ключ с тонкими губками 200 мм Inforce 06-05-99,raw.catalog_номенклатура,1,1
Номенклатура — исходный каталог,"Разгонный вентилятор VRE-560(A1370-6D/1,1А/4оц2/сет/некр) ",raw.catalog_номенклатура,1,1
Номенклатура — исходный каталог,"Разгонный вентилятор VRE-560(A1370-6D/1,1А/4оц2/сет/некр) с ТЭН",raw.catalog_номенклатура,1,1
Номенклатура — исходный каталог,Разгрузочный лоток с калибровки РЛКБ3,raw.catalog_номенклатура,1,1
Номенклатура — исходный каталог,Разработка  концепции планировки и застройки участка,raw.catalog_номенклатура,1,1
Номенклатура — исходный каталог,"Разработка архитектурно-градостроительной концепции развития территории,проэктно-изыскательские рабо",raw.catalog_номенклатура,1,1
Номенклатура — исходный каталог,Разработка эмблемы и логотипа для футбольной команды ФК ПОЧИНКИ,raw.catalog_номенклатура,1,1
Номенклатура — исходный каталог,Разъем трактора с кабелем и переходником,raw.catalog_номенклатура,1,1
Номенклатура — исходный каталог,Разъем электрический прицепа ISO 1724 7-полосный МТЗ,raw.catalog_номенклатура,1,1
Номенклатура — исходный каталог,Разъемное соединение рапид (штуцер) елочка 10 мм с обжатым кольцом 10*15 мм 180162,raw.catalog_номенклатура,1,1
Номенклатура — исходный каталог,Разъемное соединение рапид (штуцер) елочка 8 мм с обжатым кольцом 8*13 мм блистер 180161 В,raw.catalog_номенклатура,1,1
Номенклатура — исходный каталог,Раксил Ультра Инсектицид,raw.catalog_номенклатура,1,1
Номенклатура — исходный каталог,Раксон Инсектицид,raw.catalog_номенклатура,1,1
Номенклатура — исходный каталог,Ракурс Инсектицид,raw.catalog_номенклатура,1,1
Номенклатура — исходный каталог,Рама 2500/1100 (100.1.5 2 анкера),raw.catalog_номенклатура,1,1
Номенклатура — исходный каталог,Рама 3500/1000 (100.1.5 2 анкера),raw.catalog_номенклатура,1,1
Номенклатура — исходный каталог,Рама П90 3500мм,raw.catalog_номенклатура,1,1
Номенклатура — исходный каталог,Рама б/у П100-2250мм ГТС,raw.catalog_номенклатура,1,1
Номенклатура — исходный каталог,Рамка  МТЗ-1221 радиатора,raw.catalog_номенклатура,1,1
Номенклатура — исходный каталог,Рамка Дадан НОВАЩЕННАЯ,raw.catalog_номенклатура,1,1
Номенклатура — исходный каталог,Рамка Магазин НОВАЩЕННАЯ,raw.catalog_номенклатура,1,1
Номенклатура — исходный каталог,Рамка магазинная для секционного меда 100*110*25,raw.catalog_номенклатура,1,1
Номенклатура — исходный каталог,Рамка секционная для сотового меда 67*115*37 (50шт),raw.catalog_номенклатура,1,1
Номенклатура — исходный каталог,Рамконос на 6 рамок с деревянными ручками,raw.catalog_номенклатура,1,1
Номенклатура — исходный каталог,Раназол Ультра Инсектицид,raw.catalog_номенклатура,1,1
Номенклатура — исходный каталог,Ранголи-Ципрос Инсектицид,raw.catalog_номенклатура,1,1
Номенклатура — исходный каталог,Ранкона АЙ-МИКС Инсектицид,raw.catalog_номенклатура,1,1
Номенклатура — исходный каталог,Ранкона Инсектицид,raw.catalog_номенклатура,1,1
Номенклатура — исходный каталог,Раскос 1522-4605060,raw.catalog_номенклатура,1,1
Номенклатура — исходный каталог,"Раскос МТЗ,ЮМЗ механический САЗ 50-4605012",raw.catalog_номенклатура,1,1
Номенклатура — исходный каталог,Раскос МТЗ-1221 устройства навесного 1220-4605610,raw.catalog_номенклатура,1,1
Номенклатура — исходный каталог,Раскос механический  МТЗ-1221 1220-4605012,raw.catalog_номенклатура,1,1
Номенклатура — исходный каталог,"Раскос навески вертикальный (левый,правый)",raw.catalog_номенклатура,1,1
Номенклатура — исходный каталог,Распорный штифт DIN1481-8х60,raw.catalog_номенклатура,1,1
Номенклатура — исходный каталог,Распределитель пневматический 24В с электрическим управлением 5/2 G1/8.620,raw.catalog_номенклатура,1,1
Номенклатура — исходный каталог,Распределитель с редуктором 700А.34.22.000-1 с сошкой,raw.catalog_номенклатура,1,1
Номенклатура — исходный каталог,Распылитель AirMx 110-04,raw.catalog_номенклатура,1,1
Номенклатура — исходный каталог,"Распыляющая форсунка,200.75914",raw.catalog_номенклатура,1,1
Номенклатура — исходный каталог,Расходный материал,raw.catalog_номенклатура,1,1
Номенклатура — исходный каталог,Рация TURBOSKY T8,raw.catalog_номенклатура,1,1
Номенклатура — исходный каталог,"Рация двусторонней связи UV-82 Baofeng, 8 Вт",raw.catalog_номенклатура,1,1
Номенклатура — исходный каталог,"Раёк, КЭ Фунгицид ",raw.catalog_номенклатура,1,1
Номенклатура — исходный каталог,Реактив на алюминий LCK 301,raw.catalog_номенклатура,1,1
Номенклатура — исходный каталог,Реактив на амиачный азот LCK 303,raw.catalog_номенклатура,1,1
Номенклатура — исходный каталог,Реактив на бор LCK 307,raw.catalog_номенклатура,1,1
Номенклатура — исходный каталог,Реактив на железо LCK 321,raw.catalog_номенклатура,1,1
Номенклатура — исходный каталог,Реактив на калий LCK 327,raw.catalog_номенклатура,1,1
Номенклатура — исходный каталог,Реактив на калий LCK 328,raw.catalog_номенклатура,1,1
Номенклатура — исходный каталог,Реактив на молибден LCK 330,raw.catalog_номенклатура,1,1
Номенклатура — исходный каталог,Реактив на нитратный азот LCK 339,raw.catalog_номенклатура,1,1
Номенклатура — исходный каталог,Реактив на нитратный азот LCK 340 высокой концентрации,raw.catalog_номенклатура,1,1
Номенклатура — исходный каталог,Реактив на фосфор LCK 049,raw.catalog_номенклатура,1,1
Номенклатура — исходный каталог,Реактивы,raw.catalog_номенклатура,1,1
Номенклатура — исходный каталог,"Ревус Топ, СК  Фунгицид ",raw.catalog_номенклатура,1,1
Номенклатура — исходный каталог,"Реглон Форте, ВР Гербицид ",raw.catalog_номенклатура,1,1
Номенклатура — исходный каталог,Регулятор давления с манометром 1/4*,raw.catalog_номенклатура,1,1
Номенклатура — исходный каталог,Регулятор разряжения,raw.catalog_номенклатура,1,1
Номенклатура — исходный каталог,Редиго Про Инсектицид,raw.catalog_номенклатура,1,1
Номенклатура — исходный каталог,Редис,raw.catalog_номенклатура,1,1
Номенклатура — исходный каталог,Редуктор TRC02-40.6-P80B5,raw.catalog_номенклатура,1,1
Номенклатура — исходный каталог,Редуктор КА37-12-14/9085,raw.catalog_номенклатура,1,1
Номенклатура — исходный каталог,Редуктор газовый РДСГ 1-1.2,raw.catalog_номенклатура,1,1
Номенклатура — исходный каталог,Редуктор для баллона,raw.catalog_номенклатура,1,1
Номенклатура — исходный каталог,Редуктор заднего МОМ,raw.catalog_номенклатура,1,1
Номенклатура — исходный каталог,Редут Инсектицид,raw.catalog_номенклатура,1,1
Номенклатура — исходный каталог,Резак ацетилен,raw.catalog_номенклатура,1,1
Номенклатура — исходный каталог,"Резак пропановый,разрез металла до 200мм ДОНМЕТ Р3",raw.catalog_номенклатура,1,1
Номенклатура — исходный каталог,Резец (зуб) мульчерный MS25G (приварной),raw.catalog_номенклатура,1,1
Номенклатура — исходный каталог,"Резина сырая (2мм) 200мм каландрованная, рулон-масса 500гр БХ3 2БК-11Р2",raw.catalog_номенклатура,1,1
Номенклатура — исходный каталог,Резина сырая (2мм) 270х180мм полоса БХ3 2БК-11П2,raw.catalog_номенклатура,1,1
Номенклатура — исходный каталог,"Резинка силиконовая под сварочную планку 730*21,5*3*11",raw.catalog_номенклатура,1,1
Номенклатура — исходный каталог,Резиновое покрытие 1000*500,raw.catalog_номенклатура,1,1
Номенклатура — исходный каталог,Резиновое покрытие 60*40,raw.catalog_номенклатура,1,1
Номенклатура — исходный каталог,Резиновое покрытие с ворсом 800*500,raw.catalog_номенклатура,1,1
Номенклатура — исходный каталог,Резиновый бич,raw.catalog_номенклатура,1,1
Номенклатура — исходный каталог,Резиновый нож,raw.catalog_номенклатура,1,1
Номенклатура — исходный каталог,Резонатор 3317,raw.catalog_номенклатура,1,1
Номенклатура — исходный каталог,Резьба стальная 32,raw.catalog_номенклатура,1,1
Номенклатура — исходный каталог,Резьбовой болт,raw.catalog_номенклатура,1,1
Номенклатура — исходный каталог,Рекрут Инсектицид,raw.catalog_номенклатура,1,1
Номенклатура — исходный каталог,Рекс Дуо Инсектицид,raw.catalog_номенклатура,1,1
Номенклатура — исходный каталог,Рекс Плюс Инсектицид,raw.catalog_номенклатура,1,1
Номенклатура — исходный каталог,Рекс С Инсектицид,raw.catalog_номенклатура,1,1
Номенклатура — исходный каталог,Реле 4-контактное н/о 98.3747-111 для блоков,raw.catalog_номенклатура,1,1
Номенклатура — исходный каталог,Реле давления Grundfos MDR5/5 R5,raw.catalog_номенклатура,1,1
Номенклатура — исходный каталог,"Реле поворота МТЗ-1221,1522,80,82,ЮМЗ 12V РЕЛКО ЭРП-1-РК",raw.catalog_номенклатура,1,1
Номенклатура — исходный каталог,"Реле поворота РС 401,24V",raw.catalog_номенклатура,1,1
Номенклатура — исходный каталог,"Реле поворота РС 950 П ЗИЛ 4331,5301",raw.catalog_номенклатура,1,1
Номенклатура — исходный каталог,Реле стартера 12В МТЗ,raw.catalog_номенклатура,1,1
Номенклатура — исходный каталог,Реле электромагнитное 12V 4-х контактное 30А замык. карман под кронтейн АВАР 75.3777-11,raw.catalog_номенклатура,1,1
Номенклатура — исходный каталог,Реле электромагнитное 24V 4-х контактное с ушком  АВАР 751.3777-10/9 П-190,raw.catalog_номенклатура,1,1
Номенклатура — исходный каталог,Ременный шкив,raw.catalog_номенклатура,1,1
Номенклатура — исходный каталог,Ремень  SPA/Е-1180 ,raw.catalog_номенклатура,1,1
Номенклатура — исходный каталог,Ремень (код товара 21650005),raw.catalog_номенклатура,1,1
Номенклатура — исходный каталог,"Ремень 1045*11*10(ГАЗ 53 вент,ЯМЗ-7511)",raw.catalog_номенклатура,1,1
Номенклатура — исходный каталог,Ремень 1050 А,raw.catalog_номенклатура,1,1
Номенклатура — исходный каталог,Ремень 10АО730С,raw.catalog_номенклатура,1,1
Номенклатура — исходный каталог,Ремень 14х13-1320,raw.catalog_номенклатура,1,1
Номенклатура — исходный каталог,"Ремень 1500 Ах11х10 ПАЗ,ЗИЛ генератора",raw.catalog_номенклатура,1,1
Номенклатура — исходный каталог,Ремень 1600*11*10(ГАЗ 66 ПАЗ ),raw.catalog_номенклатура,1,1
Номенклатура — исходный каталог,Ремень 1775*11*10(ГАЗ 66 ПАЗ ),raw.catalog_номенклатура,1,1
Номенклатура — исходный каталог,Ремень 1800  С(В),raw.catalog_номенклатура,1,1
Номенклатура — исходный каталог,Ремень 2000,raw.catalog_номенклатура,1,1
Номенклатура — исходный каталог,Ремень 214,raw.catalog_номенклатура,1,1
Номенклатура — исходный каталог,Ремень 3050 Б,raw.catalog_номенклатура,1,1
Номенклатура — исходный каталог,Ремень 45*22*2600,raw.catalog_номенклатура,1,1
Номенклатура — исходный каталог,Ремень 600,raw.catalog_номенклатура,1,1
Номенклатура — исходный каталог,Ремень В/Б-1650  (В/Е 1650),raw.catalog_номенклатура,1,1
Номенклатура — исходный каталог,Ремень В/Б-3000,raw.catalog_номенклатура,1,1
Номенклатура — исходный каталог,"Ремень МТЗ 80,100 BRT ASK 1250-11х10",raw.catalog_номенклатура,1,1
Номенклатура — исходный каталог,Ремень ХРА 1432,raw.catalog_номенклатура,1,1
Номенклатура — исходный каталог,Ремень ЯМЗ вентилятора BRT ASK 1180-11х10,raw.catalog_номенклатура,1,1
Номенклатура — исходный каталог,"Ремень ЯМЗ-240Б,8421, КАМАЗ-741,К-701 RUBENA 1320-14х13",raw.catalog_номенклатура,1,1
Номенклатура — исходный каталог,"Ремень ЯМЗ-240Б,8421,КАМАЗ-741,К-701 MEGAPOWER 1320-14x13",raw.catalog_номенклатура,1,1
Номенклатура — исходный каталог,Ремень генератора Н4М ARKANA,raw.catalog_номенклатура,1,1
Номенклатура — исходный каталог,Ремень зубчатый 14М 966 HTD 54мм,raw.catalog_номенклатура,1,1
Номенклатура — исходный каталог,Ремень клиновой  В/Б-1250,raw.catalog_номенклатура,1,1
Номенклатура — исходный каталог,Ремень клиновой AVX10X730,raw.catalog_номенклатура,1,1
Номенклатура — исходный каталог,Ремень клиновый 900*10 ,raw.catalog_номенклатура,1,1
Номенклатура — исходный каталог,Ремень клиновый SPA-1180 Lp (11*10-1180) PIX,raw.catalog_номенклатура,1,1
Номенклатура — исходный каталог,Ремень клиновый SPВ-1250 Lp  HIMPT,raw.catalog_номенклатура,1,1
Номенклатура — исходный каталог,Ремень клиновый SPВ-1250 Lp  PIX,raw.catalog_номенклатура,1,1
Номенклатура — исходный каталог,Ремень клиновый А-1120,raw.catalog_номенклатура,1,1
Номенклатура — исходный каталог,Ремень клиновый А-1700 Lp 1670Li,raw.catalog_номенклатура,1,1
Номенклатура — исходный каталог,Ремень клиновый ХPA-1250 Lp (11*10-1250) PIX зуб,raw.catalog_номенклатура,1,1
Номенклатура — исходный каталог,Ремень кондиционера МТЗ А-1700,raw.catalog_номенклатура,1,1
Номенклатура — исходный каталог,Ремень привода 6РК1683,raw.catalog_номенклатура,1,1
Номенклатура — исходный каталог,Ремень привода вентелятора КАМАЗ 1475LA*13 AVX Htvtym,raw.catalog_номенклатура,1,1
Номенклатура — исходный каталог,Ремень приводной МТЗ 50-52 Д-240  BRT ASK 1220-16х11,raw.catalog_номенклатура,1,1
Номенклатура — исходный каталог,Ремень приводной клиновой А-1160,raw.catalog_номенклатура,1,1
Номенклатура — исходный каталог,Ремень приводной клиновой А-1250,raw.catalog_номенклатура,1,1
Номенклатура — исходный каталог,Ремень приводной клиновой В-1250,raw.catalog_номенклатура,1,1
Номенклатура — исходный каталог,Ремень резиновый 13мм,raw.catalog_номенклатура,1,1
Номенклатура — исходный каталог,Ремкомплект  гидрораспределителя РП70-1221 МТЗ САЛЕО-ГОМЕЛЬ,raw.catalog_номенклатура,1,1
Номенклатура — исходный каталог,"Ремкомплект МТЗ-80,82,100,102 тормозов  70-350 РК",raw.catalog_номенклатура,1,1
Номенклатура — исходный каталог,Ремкомплект НШ-10,raw.catalog_номенклатура,1,1
Номенклатура — исходный каталог,Ремкомплект НШ-32,raw.catalog_номенклатура,1,1
Номенклатура — исходный каталог,Ремкомплект крана подпедального 100-3514109,raw.catalog_номенклатура,1,1
Номенклатура — исходный каталог,Ремкомплект крепежа,raw.catalog_номенклатура,1,1
Номенклатура — исходный каталог,Ремкомплект наконечника МТЗ -1221-3003010,raw.catalog_номенклатура,1,1
Номенклатура — исходный каталог,Ремкомплект силового цилиндра ЦС 125,raw.catalog_номенклатура,1,1
Номенклатура — исходный каталог,Ремкомплект топливного фильтра МАЗ 236-1117001,raw.catalog_номенклатура,1,1
Номенклатура — исходный каталог,Ремонтное соединение тип Елочка,raw.catalog_номенклатура,1,1
Номенклатура — исходный каталог,Ремонтные работы на базе,raw.catalog_номенклатура,1,1
Номенклатура — исходный каталог,Ремонтные работы на поле,raw.catalog_номенклатура,1,1
Номенклатура — исходный каталог,Ремонтные работы собственные,raw.catalog_номенклатура,1,1
Номенклатура — исходный каталог,Репеллент MOSQ.Ср.проф.защ.реп.аэр.150 мл.,raw.catalog_номенклатура,1,1
Номенклатура — исходный каталог,Решетка гравитационная,raw.catalog_номенклатура,1,1
Номенклатура — исходный каталог,Решетка инерционная встраиваемая наружняя АРИВ 500*500,raw.catalog_номенклатура,1,1
Номенклатура — исходный каталог,Решетка радиатора МТЗ-80-8401080,raw.catalog_номенклатура,1,1
Номенклатура — исходный каталог,Решетка разделительная ,raw.catalog_номенклатура,1,1
Номенклатура — исходный каталог,"Решетка разделительная пластиковая,тол(41,8х49см) для 10-рам улья",raw.catalog_номенклатура,1,1
Номенклатура — исходный каталог,Решетчатая выкладывающая ложечка,raw.catalog_номенклатура,1,1
Номенклатура — исходный каталог,Ридомил Голд МЦ.ВДГ,raw.catalog_номенклатура,1,1
Номенклатура — исходный каталог,Ридомил Голд Р.ВДГ,raw.catalog_номенклатура,1,1
Номенклатура — исходный каталог,Ризоплан Инсектицид,raw.catalog_номенклатура,1,1
Номенклатура — исходный каталог,Розы в ассортименте,raw.catalog_номенклатура,1,1
Номенклатура — исходный каталог,Рол цепь E-3/4Х1/2*-176-1 В95-06045,raw.catalog_номенклатура,1,1
Номенклатура — исходный каталог,Ролик 01-00001023,raw.catalog_номенклатура,1,1
Номенклатура — исходный каталог,Ролик 088.01370,raw.catalog_номенклатура,1,1
Номенклатура — исходный каталог,Ролик 3Ф 00.00.000,raw.catalog_номенклатура,1,1
Номенклатура — исходный каталог,Ролик 3Ф 00.00.000-01,raw.catalog_номенклатура,1,1
Номенклатура — исходный каталог,Ролик 95 ,raw.catalog_номенклатура,1,1
Номенклатура — исходный каталог,Ролик ЗТ-40 01.04.000 направляющий,raw.catalog_номенклатура,1,1
Номенклатура — исходный каталог,Ролик КА-00009848,raw.catalog_номенклатура,1,1
Номенклатура — исходный каталог,Ролик КПК 0102240,raw.catalog_номенклатура,1,1
Номенклатура — исходный каталог,Ролик КПК 0102240-01,raw.catalog_номенклатура,1,1
Номенклатура — исходный каталог,Ролик КПК 0102240-02,raw.catalog_номенклатура,1,1
Номенклатура — исходный каталог,Ролик КПК 0103240,raw.catalog_номенклатура,1,1
Номенклатура — исходный каталог,Ролик КПК 0118030,raw.catalog_номенклатура,1,1
Номенклатура — исходный каталог,Ролик ПВХ для инспекционного стола,raw.catalog_номенклатура,1,1
Номенклатура — исходный каталог,Ролик ППК 0103130,raw.catalog_номенклатура,1,1
Номенклатура — исходный каталог,Ролик ППК 0103150,raw.catalog_номенклатура,1,1
Номенклатура — исходный каталог,Ролик ППК0103130-03,raw.catalog_номенклатура,1,1
Номенклатура — исходный каталог,Ролик ППК0103140-03,raw.catalog_номенклатура,1,1
Номенклатура — исходный каталог,Ролик боковой двери верхний,raw.catalog_номенклатура,1,1
Номенклатура — исходный каталог,Ролик боковой двери нижний,raw.catalog_номенклатура,1,1
Номенклатура — исходный каталог,Ролик в сборе передний,raw.catalog_номенклатура,1,1
Номенклатура — исходный каталог,Ролик вытяжной обрезиненный R-2,raw.catalog_номенклатура,1,1
Номенклатура — исходный каталог,Ролик натяжной ВАЗ 2108/99 ВТ008,raw.catalog_номенклатура,1,1
Номенклатура — исходный каталог,"Ролик натяжной ремня ГРМ Н/О GATES ВАЗ-2105,2108 ",raw.catalog_номенклатура,1,1
Номенклатура — исходный каталог,Ролик опорный ROLKA BOCZNA PODPOROWA D90,raw.catalog_номенклатура,1,1
Номенклатура — исходный каталог,Ролик поворотный,raw.catalog_номенклатура,1,1
Номенклатура — исходный каталог,Ролик полотна СПР.00.030-01 (в сборе),raw.catalog_номенклатура,1,1
Номенклатура — исходный каталог,Ролик цепь E-DIN 5/8х3/8-108.1,raw.catalog_номенклатура,1,1
Номенклатура — исходный каталог,Ролик цепь E-DIN 5/8х3/8-39.1,raw.catalog_номенклатура,1,1
Номенклатура — исходный каталог,Ролики обводной,raw.catalog_номенклатура,1,1
Номенклатура — исходный каталог,Роликовая сортировка RS-312HZ1 (диапазон 20-120мм),raw.catalog_номенклатура,1,1
Номенклатура — исходный каталог,Ромбус Инсектицид,raw.catalog_номенклатура,1,1
Номенклатура — исходный каталог,"Ронилан, КС  ",raw.catalog_номенклатура,1,1
Номенклатура — исходный каталог,Рубин Инсектицид,raw.catalog_номенклатура,1,1
Номенклатура — исходный каталог,Рукав 9мм 3 класс ГОСТ 20атмас.кислородный,raw.catalog_номенклатура,1,1
Номенклатура — исходный каталог,Рукав высокого давления 2SN DN 10 P=330 PRM арт. PM-2SN10-BSC,raw.catalog_номенклатура,1,1
Номенклатура — исходный каталог,Рукав высокого давления 2SN DN 16 P=250 PRM арт. PM-2SN16-BSC,raw.catalog_номенклатура,1,1
Номенклатура — исходный каталог,Рукав высокого давления 2SN DN 16 P=250 VRS арт. VS-2SN16-STD,raw.catalog_номенклатура,1,1
Номенклатура — исходный каталог,Рукав высокого давления М16х1.5К=19(1010мм),raw.catalog_номенклатура,1,1
Номенклатура — исходный каталог,Рукав высокого давления М20х1.5К=24(1210мм),raw.catalog_номенклатура,1,1
Номенклатура — исходный каталог,Рукав высокого давления М20х1.5К=24(810мм),raw.catalog_номенклатура,1,1
Номенклатура — исходный каталог,Рукав для автоцистерны 50*64 мм TankOil 10бар 14350032,raw.catalog_номенклатура,1,1
Номенклатура — исходный каталог,Рукав для автоцистерны ф28*38 мм TankOil 10бар 14350018,raw.catalog_номенклатура,1,1
Номенклатура — исходный каталог,Рукав для автоцистерны ф42*53 мм TankOil 10бар 14350028,raw.catalog_номенклатура,1,1
Номенклатура — исходный каталог,"Рукав для автоцистерны ф63,5*75 мм TankOil 10бар 14350040",raw.catalog_номенклатура,1,1
Номенклатура — исходный каталог,Рукав напорный пожарный ГР-5-80 (D-80мм L-20м),raw.catalog_номенклатура,1,1
Номенклатура — исходный каталог,Рукав с нит. усил. 20х29мм (16 атм),raw.catalog_номенклатура,1,1
Номенклатура — исходный каталог,Рукав с нитяным усилением 100 113мм гост 10362-2017,raw.catalog_номенклатура,1,1
Номенклатура — исходный каталог,"Рукав ф 10*17,5 мм (14,7)",raw.catalog_номенклатура,1,1
Номенклатура — исходный каталог,"Рукав ф 8*15,5мм ",raw.catalog_номенклатура,1,1
Номенклатура — исходный каталог,Рулевой механизм  PM2000,raw.catalog_номенклатура,1,1
Номенклатура — исходный каталог,Рулевой механизм с сервисблком SAD PM2000/SHB (Гидроруль)К-744,raw.catalog_номенклатура,1,1
Номенклатура — исходный каталог,"Рулон шлифовальный на тканевой основе,водостойкий 775мм",raw.catalog_номенклатура,1,1
Номенклатура — исходный каталог,"Рулон шлифовальный на тканевой основе,водостойкий 800мм, 30м",raw.catalog_номенклатура,1,1
Номенклатура — исходный каталог,Ручка КПП,raw.catalog_номенклатура,1,1
Номенклатура — исходный каталог,Ручка для калитки круглая ,raw.catalog_номенклатура,1,1
Номенклатура — исходный каталог,Ручка задней двери 3302,raw.catalog_номенклатура,1,1
Номенклатура — исходный каталог,Ручка скоба,raw.catalog_номенклатура,1,1
Номенклатура — исходный каталог,Рым-Болт DIN 580,raw.catalog_номенклатура,1,1
Номенклатура — исходный каталог,Рым-болт М10х60,raw.catalog_номенклатура,1,1
Номенклатура — исходный каталог,Рым-гайка  DIN 582 М16 1шт-ярлык 105816,raw.catalog_номенклатура,1,1
Номенклатура — исходный каталог,Рычаг 700А 46.28.097,raw.catalog_номенклатура,1,1
Номенклатура — исходный каталог,Рычаг ИД 015.72256,raw.catalog_номенклатура,1,1
Номенклатура — исходный каталог,Рычаг КПК 0109240,raw.catalog_номенклатура,1,1
Номенклатура — исходный каталог,Рычаг навески левый верхний 37723000,raw.catalog_номенклатура,1,1
Номенклатура — исходный каталог,Рычаг навески правый верхний 37723100,raw.catalog_номенклатура,1,1
Номенклатура — исходный каталог,Рычаг натяжной МТЗ 1221-8114070,raw.catalog_номенклатура,1,1
Номенклатура — исходный каталог,Рычаг нижний левый,raw.catalog_номенклатура,1,1
Номенклатура — исходный каталог,Рычаг передн.верх  Л ASIMA ASI78928,raw.catalog_номенклатура,1,1
Номенклатура — исходный каталог,Рычаг подвески передний  правый в сборе,raw.catalog_номенклатура,1,1
Номенклатура — исходный каталог,"Рычаг регулировочный ПАЗ-3205,КРАЗ РТ-40.07/06",raw.catalog_номенклатура,1,1
Номенклатура — исходный каталог,Рычаг синхронизации с кронштейном в сборе ЭК-100.155,raw.catalog_номенклатура,1,1
Номенклатура — исходный каталог,Рычаг стеклоочистителя ВАЗ-2111 245мм крючок 3х8 двери задка Автоприбор 63.5205800,raw.catalog_номенклатура,1,1
Номенклатура — исходный каталог,Рычаг тормоза 700.23.00.020-1,raw.catalog_номенклатура,1,1
Номенклатура — исходный каталог,"С/Х прицепы 9,00х16 Камера н",raw.catalog_номенклатура,1,1
Номенклатура — исходный каталог,С/б задний  переднего рычага ,raw.catalog_номенклатура,1,1
Номенклатура — исходный каталог,С/х шина 11.2-20 Ф-35 нс8 Волтайр,raw.catalog_номенклатура,1,1
Номенклатура — исходный каталог,"С/х шина 11.5/80-15,3 ВКТ AS S04 8PR TL",raw.catalog_номенклатура,1,1
Номенклатура — исходный каталог,СБО 005 Корпус БДМ обслуживаемый,raw.catalog_номенклатура,1,1
Номенклатура — исходный каталог,СВ-148 Принтер-этикетировщик левосторонний СЕА55,raw.catalog_номенклатура,1,1
Номенклатура — исходный каталог,СВ-148 Принтер-этикетировщик правосторонний СЕА55,raw.catalog_номенклатура,1,1
Номенклатура — исходный каталог,СД ремня рзм40/шап32,raw.catalog_номенклатура,1,1
Номенклатура — исходный каталог,СДЭК,raw.catalog_номенклатура,1,1
Номенклатура — исходный каталог,СЗР,raw.catalog_номенклатура,1,1
Номенклатура — исходный каталог,СЗР и удобрения,raw.catalog_номенклатура,1,1
Номенклатура — исходный каталог,"СМАРТ S-2413 (ОЕМ комплект), GSM система мониторинга",raw.catalog_номенклатура,1,1
Номенклатура — исходный каталог,СОЕДИНИТЕЛЬ РЕМНЯ ШАГ40/ШАП32,raw.catalog_номенклатура,1,1
Номенклатура — исходный каталог,СТ 70 Р герметичный прокалывающий зажим,raw.catalog_номенклатура,1,1
Номенклатура — исходный каталог,СЫРЬЁ И МАТЕРИАЛЫ ДАВЛЬЧЕСКИЕ,raw.catalog_номенклатура,1,1
Номенклатура — исходный каталог,СЫРЬЕ И МАТЕРИАЛЫ ВЫРАЩИВАНИЕ,raw.catalog_номенклатура,1,1
Номенклатура — исходный каталог,СЫРЬЕ И МАТЕРИАЛЫ ПРОИЗВОДСТВО,raw.catalog_номенклатура,1,1
Номенклатура — исходный каталог,Сайлентблок для а/м Соболь верхний 2217-2904172,raw.catalog_номенклатура,1,1
Номенклатура — исходный каталог,Сайлентблок рычага подвески перед L/R CVT-3,raw.catalog_номенклатура,1,1
Номенклатура — исходный каталог,Сайлентблок рычага подвески перед низ,raw.catalog_номенклатура,1,1
Номенклатура — исходный каталог,Сальник  WZ 1900030,raw.catalog_номенклатура,1,1
Номенклатура — исходный каталог,Сальник  КН3632,raw.catalog_номенклатура,1,1
Номенклатура — исходный каталог,Сальник  КН4967,raw.catalog_номенклатура,1,1
Номенклатура — исходный каталог,Сальник (VKH1410),raw.catalog_номенклатура,1,1
Номенклатура — исходный каталог,Сальник (манжета армированная) 2-60*85*10,raw.catalog_номенклатура,1,1
Номенклатура — исходный каталог,Сальник 1.2-38*58*10 Viton CAVETTO 2.2-38*58-1,raw.catalog_номенклатура,1,1
Номенклатура — исходный каталог,Сальник 1.2-38*58*10 ГОСТ 8752-79 ЧРТИ,raw.catalog_номенклатура,1,1
Номенклатура — исходный каталог,Сальник 110*135,raw.catalog_номенклатура,1,1
Номенклатура — исходный каталог,"Сальник 2,2-75*100-10",raw.catalog_номенклатура,1,1
Номенклатура — исходный каталог,Сальник 2.2-38х58х10 Viton CAVETTO 2.2-38х58-1,raw.catalog_номенклатура,1,1
Номенклатура — исходный каталог,Сальник 35*62,raw.catalog_номенклатура,1,1
Номенклатура — исходный каталог,Сальник 40*60,raw.catalog_номенклатура,1,1
Номенклатура — исходный каталог,Сальник 45*65-25 Уплотнение RWDR-Combi,raw.catalog_номенклатура,1,1
Номенклатура — исходный каталог,Сальник 55*80,raw.catalog_номенклатура,1,1
Номенклатура — исходный каталог,Сальник 60*85*10 УАЗ 3741 ступицы перед,raw.catalog_номенклатура,1,1
Номенклатура — исходный каталог,Сальник 90*120*13  КПП-154 LINK,raw.catalog_номенклатура,1,1
Номенклатура — исходный каталог,"Сальник 92*120*2,2",raw.catalog_номенклатура,1,1
Номенклатура — исходный каталог,Сальник PG25 IP54 EKF,raw.catalog_номенклатура,1,1
Номенклатура — исходный каталог,Сальник Viton CAVETTO 38*58,raw.catalog_номенклатура,1,1
Номенклатура — исходный каталог,Сальник ГАЗ переднего моста (газель 4х4),raw.catalog_номенклатура,1,1
Номенклатура — исходный каталог,Сальник ЗИЛ-130 компрессора 24х46х13.5 РОСИЧЪ 120-3509070,raw.catalog_номенклатура,1,1
Номенклатура — исходный каталог,Сальник К310/370/210/470,raw.catalog_номенклатура,1,1
Номенклатура — исходный каталог,Сальник КАМАЗ гидромуфты 2.2-100х125х12 Viton CAVETTO 740.1318166,raw.catalog_номенклатура,1,1
Номенклатура — исходный каталог,Сальник КАМАЗ гидромуфты2.2-100х125х12 Viton CAVETTO ,raw.catalog_номенклатура,1,1
Номенклатура — исходный каталог,Сальник МАЗ КПП вала первичного 2.2-25х42х10 Viton CAVETTO 240-1307090,raw.catalog_номенклатура,1,1
Номенклатура — исходный каталог,Сальник МАЗ КПП вала первичного 2.2-25х42х10 РОСИЧЪ 240-1307090,raw.catalog_номенклатура,1,1
Номенклатура — исходный каталог,Сальник МАЗ механизма рулевого 2.2-45х65х10 Viton CAVETTO 64229-3401081,raw.catalog_номенклатура,1,1
Номенклатура — исходный каталог,Сальник МАЗ распределителя ГУРа 1.2-30х52-1 ГОСТ 8752-79 ЧРТИ 5336-3416049,raw.catalog_номенклатура,1,1
Номенклатура — исходный каталог,Сальник МАЗ распределителя ГУРа 2.2-30х52-1 ГОСТ 8752-79 ЧРТИ 5336-3416049,raw.catalog_номенклатура,1,1
Номенклатура — исходный каталог,"Сальник МАЗ ступицы задней 1,2-120х150х13 РОСИЧЪ ",raw.catalog_номенклатура,1,1
Номенклатура — исходный каталог,"Сальник МАЗ ступицы задней 2,2-120х150 КТТ 5336-3104038",raw.catalog_номенклатура,1,1
Номенклатура — исходный каталог,"Сальник МАЗ ступицы задней 2,2-120х150х12 РОСИЧЪ ",raw.catalog_номенклатура,1,1
Номенклатура — исходный каталог,Сальник МАЗ хвостовика 85х110х12 Viton CAVETTO 5432-2402052,raw.catalog_номенклатура,1,1
Номенклатура — исходный каталог,"Сальник МАЗ-4370,МТЗ хвостовика 1.2-80х105х10 Viton CAVETTO 1.2-80х105",raw.catalog_номенклатура,1,1
Номенклатура — исходный каталог,Сальник УАЗ 3741 ступицы передней 60*85*10,raw.catalog_номенклатура,1,1
Номенклатура — исходный каталог,"Сальник задней ступицы ЗИЛ -130  142*168*16,5",raw.catalog_номенклатура,1,1
Номенклатура — исходный каталог,Сальник картера 2 ш. МТЗ-80 Росичь 240-1401059/65,raw.catalog_номенклатура,1,1
Номенклатура — исходный каталог,"Сальник коленвала Д-260,Д-65 передний 1.2-65х90х10 ГОСТ 8752-79 ЧРТИ 269-1003055",raw.catalog_номенклатура,1,1
Номенклатура — исходный каталог,Сальник коленвала ЗИЛ-5301 передний 50х70х10 Viton CAVETTO 240-1002055,raw.catalog_номенклатура,1,1
Номенклатура — исходный каталог,"Сальник коленвала ЗИЛ-5301, МТЗ задний 100х125х12 Viton CAVETTO 240-1002305",raw.catalog_номенклатура,1,1
Номенклатура — исходный каталог,"Сальник маслосъемный 90х110х7,5",raw.catalog_номенклатура,1,1
Номенклатура — исходный каталог,Сальник на зубчатую рейку USZCZELKA PODAJNKA WORKA FISCHBEIN,raw.catalog_номенклатура,1,1
Номенклатура — исходный каталог,Сальник передней ступицы КАМАЗ 130*154*15 (864136),raw.catalog_номенклатура,1,1
Номенклатура — исходный каталог,Сальник привода L,raw.catalog_номенклатура,1,1
Номенклатура — исходный каталог,Сальник привода R,raw.catalog_номенклатура,1,1
Номенклатура — исходный каталог,"Сальник хвостовика  42*75*16,4 УАЗ 3160,31519",raw.catalog_номенклатура,1,1
Номенклатура — исходный каталог,Сальниковая набивка ,raw.catalog_номенклатура,1,1
Номенклатура — исходный каталог,Самоклеящаяся этикетка 200х60мм Выход-EXIT DPA-DBA ЭРА INFO-DBA-015 ,raw.catalog_номенклатура,1,1
Номенклатура — исходный каталог,Саморез ГШС цинк,raw.catalog_номенклатура,1,1
Номенклатура — исходный каталог,Сарфун Инсектицид,raw.catalog_номенклатура,1,1
Номенклатура — исходный каталог,Сварочные работы,raw.catalog_номенклатура,1,1
Номенклатура — исходный каталог,Свекла,raw.catalog_номенклатура,1,1
Номенклатура — исходный каталог,Свекла Кестрел ЭП_2021,raw.catalog_номенклатура,1,1
Номенклатура — исходный каталог,Свекла Фалькон ЭП_2021,raw.catalog_номенклатура,1,1
Номенклатура — исходный каталог,Свекла отборная мытая1 кг,raw.catalog_номенклатура,1,1
Номенклатура — исходный каталог,Свекла отборная нарезанная кубиками 1кг,raw.catalog_номенклатура,1,1
Номенклатура — исходный каталог,Свекла отборная нарезанная кубиками 5 кг,raw.catalog_номенклатура,1,1
Номенклатура — исходный каталог,Свекла отборная нарезанная слайсами 1 кг,raw.catalog_номенклатура,1,1
Номенклатура — исходный каталог,Свекла отборная нарезанная слайсами 5 кг,raw.catalog_номенклатура,1,1
Номенклатура — исходный каталог,Свекла отборная нарезанная соломкой 1 кг,raw.catalog_номенклатура,1,1
Номенклатура — исходный каталог,Свекла отборная нарезанная соломкой 5 кг,raw.catalog_номенклатура,1,1
Номенклатура — исходный каталог,"Свекла отборная очищенная 0,5 кг",raw.catalog_номенклатура,1,1
Номенклатура — исходный каталог,Свекла отборная очищенная 1 кг,raw.catalog_номенклатура,1,1
Номенклатура — исходный каталог,Свекла отборная очищенная 5 кг,raw.catalog_номенклатура,1,1
Номенклатура — исходный каталог,"Свекла отборная пастеризованная 0,5 кг",raw.catalog_номенклатура,1,1
Номенклатура — исходный каталог,Свекла отборная пастеризованная 1 кг,raw.catalog_номенклатура,1,1
Номенклатура — исходный каталог,"Свекла отборная пастеризованная 2,5 кг",raw.catalog_номенклатура,1,1
Номенклатура — исходный каталог,Свекла отборная сетка 25 кг,raw.catalog_номенклатура,1,1
Номенклатура — исходный каталог,Свекла премиум Аваланч ЭП_2021,raw.catalog_номенклатура,1,1
Номенклатура — исходный каталог,Свекла премиум Болдор ЭП_2021,raw.catalog_номенклатура,1,1
Номенклатура — исходный каталог,Свекла столовая,raw.catalog_номенклатура,1,1
Номенклатура — исходный каталог,Сверло ц/х ф 4.3 P6M5 ,raw.catalog_номенклатура,1,1
Номенклатура — исходный каталог,"Сверло ц/х ф 5,5 P6M5 98225",raw.catalog_номенклатура,1,1
Номенклатура — исходный каталог,Светильник с/д линейный 18Вт ,raw.catalog_номенклатура,1,1
Номенклатура — исходный каталог,Свеча для двухтактных дв-лей,raw.catalog_номенклатура,1,1
Номенклатура — исходный каталог,Свеча зажигания  Brisk,raw.catalog_номенклатура,1,1
Номенклатура — исходный каталог,Свеча зажигания  V-Line 13,raw.catalog_номенклатура,1,1
Номенклатура — исходный каталог,Свеча зажигания  V8,raw.catalog_номенклатура,1,1
Номенклатура — исходный каталог,"Свеча зажигания  А11 ЗИЛ-130,ГАЗ-53",raw.catalog_номенклатура,1,1
Номенклатура — исходный каталог,"Свеча зажигания  ГАЗ,ЗИЛ АИ-76 А11(блистер) комплект ЗАЗС А11",raw.catalog_номенклатура,1,1
Номенклатура — исходный каталог,Свеча зажигания  ГАЗ-2410 BRISK NR17YC SUPER,raw.catalog_номенклатура,1,1
Номенклатура — исходный каталог,Свеча зажигания 08,raw.catalog_номенклатура,1,1
Номенклатура — исходный каталог,Свеча зажигания BRISK LDK7RTCU,raw.catalog_номенклатура,1,1
Номенклатура — исходный каталог,Свеча зажигания HQT-1 Husqvarna 5774840-01,raw.catalog_номенклатура,1,1
Номенклатура — исходный каталог,Свеча зажигания NGK,raw.catalog_номенклатура,1,1
Номенклатура — исходный каталог,Свеча зажигания O-P17 Oregon 77-302-1,raw.catalog_номенклатура,1,1
Номенклатура — исходный каталог,Свечи,raw.catalog_номенклатура,1,1
Номенклатура — исходный каталог,"Сгон 2"" нр-нр",raw.catalog_номенклатура,1,1
Номенклатура — исходный каталог,Северное сияние РС3 грязный Сетка на завязке 25кг. Без полива,raw.catalog_номенклатура,1,1
Номенклатура — исходный каталог,Северное сияние РС3 грязный Сетка на завязке 25кг. Полив,raw.catalog_номенклатура,1,1
Номенклатура — исходный каталог,Северное сияние РС3 грязный Сетка на рулоне 25кг. Без полива,raw.catalog_номенклатура,1,1
Номенклатура — исходный каталог,Северное сияние РС3 грязный Сетка на рулоне 25кг. Полив,raw.catalog_номенклатура,1,1
Номенклатура — исходный каталог,"Северное сияние РС3 мытый Сетка - (домик)1,5 кг. Без полива",raw.catalog_номенклатура,1,1
Номенклатура — исходный каталог,"Северное сияние РС3 мытый Сетка - (домик)1,5 кг. Полив",raw.catalog_номенклатура,1,1
Номенклатура — исходный каталог,Северное сияние РС3 мытый Сетка - (домик)2 кг. Без полива,raw.catalog_номенклатура,1,1
Номенклатура — исходный каталог,Северное сияние РС3 мытый Сетка - (домик)2 кг. Полив,raw.catalog_номенклатура,1,1
Номенклатура — исходный каталог,Сейф Инсектицид,raw.catalog_номенклатура,1,1
Номенклатура — исходный каталог,Сексор влажности снаружи ЕЕ061(14),raw.catalog_номенклатура,1,1
Номенклатура — исходный каталог,Секция РП70/8-0МРК без фиксац.подъема,raw.catalog_номенклатура,1,1
Номенклатура — исходный каталог,Секция РП70/81МРК с фиксац.подъема,raw.catalog_номенклатура,1,1
Номенклатура — исходный каталог,Селест Топ Инсектицид,raw.catalog_номенклатура,1,1
Номенклатура — исходный каталог,Селиконовый чехол пульта,raw.catalog_номенклатура,1,1
Номенклатура — исходный каталог,Селитра известково-аммиачная гранулированная,raw.catalog_номенклатура,1,1
Номенклатура — исходный каталог,Селитра калиевая ,raw.catalog_номенклатура,1,1
Номенклатура — исходный каталог,Сельскохозяйственные услуги,raw.catalog_номенклатура,1,1
Номенклатура — исходный каталог,Сельхозшина 360/70R24 Белшина BEL-89 122A8TT,raw.catalog_номенклатура,1,1
Номенклатура — исходный каталог,Сельхозшина 420/70-24 Бел-90 ТТ,raw.catalog_номенклатура,1,1
Номенклатура — исходный каталог,Сельхозшина 600/50-22.5 (24/50-22.5) Бел-91 12PR 160A6 Бел-91 TТ,raw.catalog_номенклатура,1,1
Номенклатура — исходный каталог,Сельхозшина 710/70 RЗВ,raw.catalog_номенклатура,1,1
Номенклатура — исходный каталог,Семена,raw.catalog_номенклатура,1,1
Номенклатура — исходный каталог,Семена Любаша РС1,raw.catalog_номенклатура,1,1
Номенклатура — исходный каталог,Семена покупные,raw.catalog_номенклатура,1,1
Номенклатура — исходный каталог,Семена покупные. Картофель,raw.catalog_номенклатура,1,1
Номенклатура — исходный каталог,Семена покупные. Морковь,raw.catalog_номенклатура,1,1
Номенклатура — исходный каталог,Семена покупные. Свекла,raw.catalog_номенклатура,1,1
Номенклатура — исходный каталог,Семена собств Балтик РоузРС3 Красный,raw.catalog_номенклатура,1,1
Номенклатура — исходный каталог,Семена собств ВегаРС2 Белый,raw.catalog_номенклатура,1,1
Номенклатура — исходный каталог,Семена собств ВендиРС2 Белый,raw.catalog_номенклатура,1,1
Номенклатура — исходный каталог,Семена собств ГалаРС1 Белый,raw.catalog_номенклатура,1,1
Номенклатура — исходный каталог,Семена собств ГалаРС2 Белый,raw.catalog_номенклатура,1,1
Номенклатура — исходный каталог,Семена собств ГалаРС3 Белый,raw.catalog_номенклатура,1,1
Номенклатура — исходный каталог,Семена собств КарменРС1 Красный,raw.catalog_номенклатура,1,1
Номенклатура — исходный каталог,Семена собств ФламингоРС2 Красный,raw.catalog_номенклатура,1,1
Номенклатура — исходный каталог,Семена собственные,raw.catalog_номенклатура,1,1
Номенклатура — исходный каталог,Семенной материал,raw.catalog_номенклатура,1,1
Номенклатура — исходный каталог,Сенаж,raw.catalog_номенклатура,2,2
Номенклатура — исходный каталог,"Сендвич тройник 90 гр. н.з..+н.м. 0,8 мм (конденсат) 300/200",raw.catalog_номенклатура,1,1
Номенклатура — исходный каталог,Сено,raw.catalog_номенклатура,3,3
Номенклатура — исходный каталог,Сепаратор ботвы СББ1,raw.catalog_номенклатура,1,1
Номенклатура — исходный каталог,Сепаратор для чеснока RM-180 WD,raw.catalog_номенклатура,1,1
Номенклатура — исходный каталог,"Сервисные услуги,юридические создание логотипа",raw.catalog_номенклатура,1,1
Номенклатура — исходный каталог,Сервисный набор для замены моторного масла,raw.catalog_номенклатура,1,1
Номенклатура — исходный каталог,Сертикор Инсектицид,raw.catalog_номенклатура,1,1
Номенклатура — исходный каталог,Сертификация,raw.catalog_номенклатура,1,1
Номенклатура — исходный каталог,Серьга 1220-4605107,raw.catalog_номенклатура,1,1
Номенклатура — исходный каталог,Сетка мешок,raw.catalog_номенклатура,1,1
Номенклатура — исходный каталог,Сетка мешок на завязках 50*80 фиолетовая (2000),raw.catalog_номенклатура,1,1
Номенклатура — исходный каталог,Сетка мешок на рулоне,raw.catalog_номенклатура,1,1
Номенклатура — исходный каталог,Сетка мешок на рулоне 31*39 желтая К (4000) ,raw.catalog_номенклатура,1,1
Номенклатура — исходный каталог,Сетка мешок на рулоне 31*39 желтая усиленная (Y) 4000шт/рул,raw.catalog_номенклатура,1,1
Номенклатура — исходный каталог,Сетка мешок на рулоне 31*39 красная (К) (4000),raw.catalog_номенклатура,1,1
Номенклатура — исходный каталог,Сетка мешок на рулоне 31*39 фиолетовая 3500/рул,raw.catalog_номенклатура,1,1
Номенклатура — исходный каталог,Сетка мешок на рулоне 31*39 фиолетовая 4000,raw.catalog_номенклатура,1,1
Номенклатура — исходный каталог,Сетка мешок на рулоне 31*39 фиолетовый,raw.catalog_номенклатура,1,1
Номенклатура — исходный каталог,Сетка мешок на рулоне 34*50 желтая (К) 3500/рул,raw.catalog_номенклатура,1,1
Номенклатура — исходный каталог,Сетка мешок на рулоне 34*50 красная (С) (3000),raw.catalog_номенклатура,1,1
Номенклатура — исходный каталог,Сетка мешок на рулоне 34*50 фиолетовый,raw.catalog_номенклатура,1,1
Номенклатура — исходный каталог,Сетка мешок на рулоне 50*80 фиолетовая (К) 2000 шт/рул,raw.catalog_номенклатура,1,1
Номенклатура — исходный каталог,Сетка мешок на рулоне 50*80 фиолетовая 3000 шт/рул,raw.catalog_номенклатура,1,1
Номенклатура — исходный каталог,Сетка мешок на рулоне 54*78 фиолетовая (S) 2000 шт/рул,raw.catalog_номенклатура,1,1
Номенклатура — исходный каталог,Сетка мешок на рулоне 54*78 фиолетовая (К) 2000 шт/рул,raw.catalog_номенклатура,1,1
Номенклатура — исходный каталог,Сетка мешок на рулоне 54*78 фиолетовый,raw.catalog_номенклатура,1,1
Номенклатура — исходный каталог,Сетка овощная 50*80,raw.catalog_номенклатура,1,1
Номенклатура — исходный каталог,Сетка паллетная,raw.catalog_номенклатура,1,1
Номенклатура — исходный каталог,Сетка паллетная 1000м/рул,raw.catalog_номенклатура,1,1
Номенклатура — исходный каталог,Сетка паллетная без растяжения,raw.catalog_номенклатура,1,1
Номенклатура — исходный каталог,Сетка рукав,raw.catalog_номенклатура,1,1
Номенклатура — исходный каталог,Сетка-мешок на рулоне 34х50 см красная (К) 3500/рул,raw.catalog_номенклатура,1,1
Номенклатура — исходный каталог,Сетка-мешок на рулоне 41*60 фиолетовая (2500),raw.catalog_номенклатура,1,1
Номенклатура — исходный каталог,Сетка-рукав пвд Д-пак 220мм Желтая (700м),raw.catalog_номенклатура,1,1
Номенклатура — исходный каталог,Сетка-рукав пвд Д-пак 220мм Красная (700м),raw.catalog_номенклатура,1,1
Номенклатура — исходный каталог,Сетка-рукав экструзионная 220мм желтая L,raw.catalog_номенклатура,1,1
Номенклатура — исходный каталог,Сетка-рукав экструзионная 220мм красная L,raw.catalog_номенклатура,1,1
Номенклатура — исходный каталог,Сиамино ,raw.catalog_номенклатура,1,1
Номенклатура — исходный каталог,Сивег 5л*4 (10121010/110522/3232237 Италия),raw.catalog_номенклатура,1,1
Номенклатура — исходный каталог,Сигнал звуковой ГАЗ-24 высокий тон ЛЭТЗ С303,raw.catalog_номенклатура,1,1
Номенклатура — исходный каталог,Сигнал звуковой ГАЗ-24 низкий тон ЛЭТЗ С302,raw.catalog_номенклатура,1,1
Номенклатура — исходный каталог,Сигнал звуковой КАМАЗ комплект С306Д/307Д,raw.catalog_номенклатура,1,1
Номенклатура — исходный каталог,Сиденье МТЗ УК в сборе 80В-68000000 СБ,raw.catalog_номенклатура,1,1
Номенклатура — исходный каталог,Сиденье МТЗ с подлокотниками БЗТДиА 80-6800010-01,raw.catalog_номенклатура,1,1
Номенклатура — исходный каталог,Сидераты,raw.catalog_номенклатура,1,1
Номенклатура — исходный каталог,Сидоприд Инсектицид,raw.catalog_номенклатура,1,1
Номенклатура — исходный каталог,Силикон белый ,raw.catalog_номенклатура,1,1
Номенклатура — исходный каталог,Силиплант Регулятор роста ,raw.catalog_номенклатура,1,1
Номенклатура — исходный каталог,Сильвошанс..ВЭ,raw.catalog_номенклатура,1,1
Номенклатура — исходный каталог,Сильфон 701.10.00.060,raw.catalog_номенклатура,1,1
Номенклатура — исходный каталог,"Симба, КЭ Гербицид ",raw.catalog_номенклатура,1,1
Номенклатура — исходный каталог,"Синклер, СК Протравливатель ",raw.catalog_номенклатура,1,1
Номенклатура — исходный каталог,Система вентиляционно-климатическая марки Вентоглас,raw.catalog_номенклатура,1,1
Номенклатура — исходный каталог,Система видеонаблюдения,raw.catalog_номенклатура,1,1
Номенклатура — исходный каталог,Система капельного полива для чеснока,raw.catalog_номенклатура,1,1
Номенклатура — исходный каталог,Систива Инсектицид,raw.catalog_номенклатура,1,1
Номенклатура — исходный каталог,Сифон АНИ д/мойки 1 1/2*40/50,raw.catalog_номенклатура,1,1
Номенклатура — исходный каталог,Сифон АНИ д/умывальника 1 1/4*40/50,raw.catalog_номенклатура,1,1
Номенклатура — исходный каталог,"Сифон-142 с нерж.чашкой 70мм,уд/выпуск гоф-600мм/",raw.catalog_номенклатура,1,1
Номенклатура — исходный каталог,Скальпель Инсектицид,raw.catalog_номенклатура,1,1
Номенклатура — исходный каталог,Скарлет Инсектицид,raw.catalog_номенклатура,1,1
Номенклатура — исходный каталог,Скиф Инсектицид,raw.catalog_номенклатура,1,1
Номенклатура — исходный каталог,"Скоба ""шакле"" 10мм",raw.catalog_номенклатура,1,1
Номенклатура — исходный каталог,"Скоба ""шакле"" 12мм",raw.catalog_номенклатура,1,1
Номенклатура — исходный каталог,Скоба прицепная  700.46.30.000 в сборе,raw.catalog_номенклатура,1,1
Номенклатура — исходный каталог,Скоба прицепная (голая) К-700  (700.46.30.010-1),raw.catalog_номенклатура,1,1
Номенклатура — исходный каталог,Скребок (018.02471),raw.catalog_номенклатура,1,1
Номенклатура — исходный каталог,Скребок (ИД: 004.00008),raw.catalog_номенклатура,1,1
Номенклатура — исходный каталог,Скребок слева,raw.catalog_номенклатура,1,1
Номенклатура — исходный каталог,Скребок справа,raw.catalog_номенклатура,1,1
Номенклатура — исходный каталог,Скрепа 2К эластичная (комплект 30 кг),raw.catalog_номенклатура,1,1
Номенклатура — исходный каталог,"Скутум, СК Протравливатель ",raw.catalog_номенклатура,1,1
Номенклатура — исходный каталог,Слесарные работы,raw.catalog_номенклатура,1,1
Номенклатура — исходный каталог,Сливной клапан для поддона,raw.catalog_номенклатура,1,1
Номенклатура — исходный каталог,Слотболт М10х25,raw.catalog_номенклатура,1,1
Номенклатура — исходный каталог,Смазка высокотемпературная МС-1510 400гр,raw.catalog_номенклатура,1,1
Номенклатура — исходный каталог,Смазка многоцелевая проникающая RM-40 450 мл,raw.catalog_номенклатура,1,1
Номенклатура — исходный каталог,Смазки,raw.catalog_номенклатура,1,1
Номенклатура — исходный каталог,Смартфон realme C71 8/128GB зеленый,raw.catalog_номенклатура,1,1
Номенклатура — исходный каталог,Смеситель для кухни,raw.catalog_номенклатура,1,1
Номенклатура — исходный каталог,Смеситель для умывальника,raw.catalog_номенклатура,1,1
Номенклатура — исходный каталог,Сода пищевая 500г,raw.catalog_номенклатура,1,1
Номенклатура — исходный каталог,Содержание производственных помещений,raw.catalog_номенклатура,1,1
Номенклатура — исходный каталог,Соед. пруток,raw.catalog_номенклатура,1,1
Номенклатура — исходный каталог,Соед.элемент ткб 32-М6-22,raw.catalog_номенклатура,1,1
Номенклатура — исходный каталог,Соединение желоба с уплотнителем,raw.catalog_номенклатура,1,1
Номенклатура — исходный каталог,Соединитель болт. СБ-2 70-120мм,raw.catalog_номенклатура,1,1
Номенклатура — исходный каталог,Соединитель желоба белый 12459,raw.catalog_номенклатура,1,1
Номенклатура — исходный каталог,Соединитель ремня шаг40/шап32 (015.41493,raw.catalog_номенклатура,1,1
Номенклатура — исходный каталог,Соединительная гильза изолированная ( СГИ L-26мм) 08-0721,raw.catalog_номенклатура,1,1
Номенклатура — исходный каталог,"Сойлент, ВР",raw.catalog_номенклатура,1,1
Номенклатура — исходный каталог,Солигор Инсектицид,raw.catalog_номенклатура,1,1
Номенклатура — исходный каталог,Соль 25кг,raw.catalog_номенклатура,1,1
Номенклатура — исходный каталог,Соль крупная,raw.catalog_номенклатура,1,1
Номенклатура — исходный каталог,Сопутствующие культуры,raw.catalog_номенклатура,1,1
Номенклатура — исходный каталог,"Сортировка ленточная SO-120(лента 45+удлинение транспортера на 1 метр,реверс,пневмоамортизатор)",raw.catalog_номенклатура,1,1
Номенклатура — исходный каталог,Сошниковый диск 4/500,raw.catalog_номенклатура,1,1
Номенклатура — исходный каталог,Спиральный отсеиватель 800 мм,raw.catalog_номенклатура,1,1
Номенклатура — исходный каталог,Спиральный отсеиватель 920 мм,raw.catalog_номенклатура,1,1
Номенклатура — исходный каталог,Спирит Инсектицид,raw.catalog_номенклатура,1,1
Номенклатура — исходный каталог,Споробактерин Инсектицид,raw.catalog_номенклатура,1,1
Номенклатура — исходный каталог,"Средний ремень 302DN 60/39,8",raw.catalog_номенклатура,1,1
Номенклатура — исходный каталог,Срезка стрелок чеснока,raw.catalog_номенклатура,1,1
Номенклатура — исходный каталог,Срывная муфта BL 15735,raw.catalog_номенклатура,1,1
Номенклатура — исходный каталог,Стакан одноразовый 50шт,raw.catalog_номенклатура,1,1
Номенклатура — исходный каталог,Стакан фитинга стального RC-U0738,raw.catalog_номенклатура,1,1
Номенклатура — исходный каталог,Сталь шпоночная 3х3 ст 45 гост 8787-68,raw.catalog_номенклатура,1,1
Номенклатура — исходный каталог,Сталь шпоночная 5х5 ст 45 гост 8787-68,raw.catalog_номенклатура,1,1
Номенклатура — исходный каталог,Стамеска многофункциональная нержавеющая BeeTools,raw.catalog_номенклатура,1,1
Номенклатура — исходный каталог,Стамеска многофункциональная нержавеющая в оправе BeeTools,raw.catalog_номенклатура,1,1
Номенклатура — исходный каталог,Стамеска пасечника из нержавеющей стали (кн). СП-5.00 ,raw.catalog_номенклатура,1,1
Номенклатура — исходный каталог,Стартер ,raw.catalog_номенклатура,1,1
Номенклатура — исходный каталог,Стартер 12в 16240,raw.catalog_номенклатура,1,1
Номенклатура — исходный каталог,"Стартер 2,2 квт ssangyolg ST640006",raw.catalog_номенклатура,1,1
Номенклатура — исходный каталог,Стартер 4216,raw.catalog_номенклатура,1,1
Номенклатура — исходный каталог,Стартер Tesia Technics TT15926,raw.catalog_номенклатура,1,1
Номенклатура — исходный каталог,"Стартер ГАЗ,ПАЗ дв ЗМЗ511.10.513.10.73,5234.10 редукторный 12В z=9.2.0 квт АТЭ-1 6042.3708",raw.catalog_номенклатура,1,1
Номенклатура — исходный каталог,"Стартер МТЗ,ПАЗ-4234 ,ЛЗА-40810 12 В дв.Д243,245",raw.catalog_номенклатура,1,1
Номенклатура — исходный каталог,"Стартер МТЗ-1221,22,ЗИЛ,ГАЗ,МАЗ,ПАЗ дв.ММЗ ЕВРО-2 Д243,245,260 24В 5,2 КВТ укороченный БАТЭ 7402.370",raw.catalog_номенклатура,1,1
Номенклатура — исходный каталог,"Стартер МТЗ-80,82 ГАЗ,ПАЗ дв ММЗ,Д240,245,260,12В 2,7 кВт АТЭ-1 9142780",raw.catalog_номенклатура,1,1
Номенклатура — исходный каталог,"Стартер СТ 230А1 (ГАЗ 53,66,3307 аналог 8802.3708)",raw.catalog_номенклатура,1,1
Номенклатура — исходный каталог,"Стартер редукторный 12В 2,7кВт STRON МТЗ 9142780",raw.catalog_номенклатура,1,1
Номенклатура — исходный каталог,"Стекло МТЗ-1522,1523 двери левой 2522-6708013",raw.catalog_номенклатура,1,1
Номенклатура — исходный каталог,Стекло переднее Fiat,raw.catalog_номенклатура,1,1
Номенклатура — исходный каталог,Стекло(1456*887) двери левой МТЗ-1523,raw.catalog_номенклатура,1,1
Номенклатура — исходный каталог,Стеклоочиститель 96.5205 МТЗ-80,raw.catalog_номенклатура,1,1
Номенклатура — исходный каталог,"Стеклоочиститель в сб.ПАЗ33205 л/пр 562-5205100,02",raw.catalog_номенклатура,1,1
Номенклатура — исходный каталог,Стеклоочиститель в сб.СЛ135А (МАЗ-500.5335),raw.catalog_номенклатура,1,1
Номенклатура — исходный каталог,Стеклоподъемник ГАЗ-3302 левый Н/О3302-6104011,raw.catalog_номенклатура,1,1
Номенклатура — исходный каталог,Стелаж,raw.catalog_номенклатура,1,1
Номенклатура — исходный каталог,Стелажная конструкция,raw.catalog_номенклатура,1,1
Номенклатура — исходный каталог,Стелажная конструкция в сборе,raw.catalog_номенклатура,1,1
Номенклатура — исходный каталог,Стеллаж металлический Р_МС-265 с 5-ю полками 1000х600х2000,raw.catalog_номенклатура,1,1
Номенклатура — исходный каталог,Стенд ролл ал,raw.catalog_номенклатура,1,1
Номенклатура — исходный каталог,Стернифаг Инсектицид,raw.catalog_номенклатура,1,1
Номенклатура — исходный каталог,Стимуляторы роста ,raw.catalog_номенклатура,1,1
Номенклатура — исходный каталог,Стингер Инсектицид,raw.catalog_номенклатура,1,1
Номенклатура — исходный каталог,Стингер Трио Инсектицид,raw.catalog_номенклатура,1,1
Номенклатура — исходный каталог,Стойка (литье) Р33.ПЛЕ.31.301,raw.catalog_номенклатура,1,1
Номенклатура — исходный каталог,Стойка S-образная 32*10 в сборе с наконечником 1417/00-033/0 арт КПЦ02.050,raw.catalog_номенклатура,1,1
Номенклатура — исходный каталог,Стойка S-образная 40х12 в КПМ 47.1202.02.02.002.01,raw.catalog_номенклатура,1,1
Номенклатура — исходный каталог,Стойка А150181897,raw.catalog_номенклатура,1,1
Номенклатура — исходный каталог,Стойка поворота режущего узла  (55мм) 4х4 01.021.00.000,raw.catalog_номенклатура,1,1
Номенклатура — исходный каталог,Стойка поворота режущего узла БДМ (55мм) УР-101.00.000 (АДУ-6),raw.catalog_номенклатура,1,1
Номенклатура — исходный каталог,Стойка пружинная 2479-CЗА-ST (S-образная)  КПМ 45х12,raw.catalog_номенклатура,1,1
Номенклатура — исходный каталог,Стол инспекционный СИБ11,raw.catalog_номенклатура,1,1
Номенклатура — исходный каталог,Стол инспекционный СИБ11 (товар),raw.catalog_номенклатура,1,1
Номенклатура — исходный каталог,Стол инспекционный СИБ6,raw.catalog_номенклатура,1,1
Номенклатура — исходный каталог,Стол инспекционный для сидячей работы TS-3012 (двойноеразделение) ,raw.catalog_номенклатура,1,1
Номенклатура — исходный каталог,Стопмоль,raw.catalog_номенклатура,1,1
Номенклатура — исходный каталог,Стопор пружинный 220мм оцинкованный,raw.catalog_номенклатура,1,1
Номенклатура — исходный каталог,Стопорная гайка KG01067961,raw.catalog_номенклатура,1,1
Номенклатура — исходный каталог,Стопорная шайба ,raw.catalog_номенклатура,1,1
Номенклатура — исходный каталог,Стопорное кольцо ,raw.catalog_номенклатура,1,1
Номенклатура — исходный каталог,Стопорное кольцо d 25мм ГОСТ 13943-86,raw.catalog_номенклатура,1,1
Номенклатура — исходный каталог,Стопорное кольцо d 40мм ГОСТ 13943-86,raw.catalog_номенклатура,1,1
Номенклатура — исходный каталог,Стопорное кольцо d 47мм ГОСТ 13943-86,raw.catalog_номенклатура,1,1
Номенклатура — исходный каталог,Стопорное кольцо d20мм ГОСТ 13942-86,raw.catalog_номенклатура,1,1
Номенклатура — исходный каталог,"Стопорное кольцо наружное 35х1,5 DIN 471",raw.catalog_номенклатура,1,1
Номенклатура — исходный каталог,Страхование груза,raw.catalog_номенклатура,1,1
Номенклатура — исходный каталог,Страхование транспортного срества,raw.catalog_номенклатура,1,1
Номенклатура — исходный каталог,Стрейч пленка,raw.catalog_номенклатура,1,1
Номенклатура — исходный каталог,Стрейч пленка 500*20 мкм втор. сырье (вес 2 кг нетто),raw.catalog_номенклатура,1,1
Номенклатура — исходный каталог,"Стрейч пленка для руч.упак. 50х17 1,75кг",raw.catalog_номенклатура,1,1
Номенклатура — исходный каталог,Стрейч пленка ручная 500мм 20мкм 2 кг/рул,raw.catalog_номенклатура,1,1
Номенклатура — исходный каталог,Стремянка  передн. Камаз 5320-2902408 без гаек,raw.catalog_номенклатура,1,1
Номенклатура — исходный каталог,Стремянка  передн.рессоры зад.длин.L230мм130-2902408,raw.catalog_номенклатура,1,1
Номенклатура — исходный каталог,Стремянка ГАЗ-3302 рессоры ,raw.catalog_номенклатура,1,1
Номенклатура — исходный каталог,"Стремянка М 16 оцинкованная,037 03066",raw.catalog_номенклатура,1,1
Номенклатура — исходный каталог,Стремянка МАЗ рессоры передней 5335-2902409N24*2L=270мм,raw.catalog_номенклатура,1,1
Номенклатура — исходный каталог,Стриппер №150 Weicon-Tools ,raw.catalog_номенклатура,1,1
Номенклатура — исходный каталог,Строительные материалы ,raw.catalog_номенклатура,1,1
Номенклатура — исходный каталог,Строительные услуги,raw.catalog_номенклатура,1,1
Номенклатура — исходный каталог,Строительство ангара 20х74х9м,raw.catalog_номенклатура,1,1
Номенклатура — исходный каталог,Струна 70-4235015,raw.catalog_номенклатура,1,1
Номенклатура — исходный каталог,"Ступица ЗТ-40,А 50.08.200 СБ",raw.catalog_номенклатура,1,1
Номенклатура — исходный каталог,Ступица диска (889.03662),raw.catalog_номенклатура,1,1
Номенклатура — исходный каталог,Ступица задняя 130-3104015,raw.catalog_номенклатура,1,1
Номенклатура — исходный каталог,Ступица колеса Соболь 4х4,raw.catalog_номенклатура,1,1
Номенклатура — исходный каталог,Ступица передняя,raw.catalog_номенклатура,1,1
Номенклатура — исходный каталог,Ступица передняя SKF,raw.catalog_номенклатура,1,1
Номенклатура — исходный каталог,Ступица передняя Л/ПР ASIMA ASI55040,raw.catalog_номенклатура,1,1
Номенклатура — исходный каталог,Ступица передняя левая,raw.catalog_номенклатура,1,1
Номенклатура — исходный каталог,Ступица приводной звездочки диам 40мм DEWULF,raw.catalog_номенклатура,1,1
Номенклатура — исходный каталог,Стыковка конвейерной ленты у заказчика 650 мм,raw.catalog_номенклатура,1,1
Номенклатура — исходный каталог,Стяжка МТЗ устройства навесного РЗТ,raw.catalog_номенклатура,1,1
Номенклатура — исходный каталог,Стяжка груза 25мм х 3м,raw.catalog_номенклатура,1,1
Номенклатура — исходный каталог,Стяжка груза 25мм х 4м,raw.catalog_номенклатура,1,1
Номенклатура — исходный каталог,Стяжка груза 5т*10м усиленная,raw.catalog_номенклатура,1,1
Номенклатура — исходный каталог,Стяжка на калитку не съемная,raw.catalog_номенклатура,1,1
Номенклатура — исходный каталог,Стяжки 5х400 100шт,raw.catalog_номенклатура,1,1
Номенклатура — исходный каталог,Стяжной винт (100.49252),raw.catalog_номенклатура,1,1
Номенклатура — исходный каталог,Сульфат Аммония,raw.catalog_номенклатура,1,1
Номенклатура — исходный каталог,Сульфат Аммония гранулированный МКР,raw.catalog_номенклатура,1,1
Номенклатура — исходный каталог,Сульфат аммония гранулированный,raw.catalog_номенклатура,1,1
Номенклатура — исходный каталог,Сульфат калия мешки,raw.catalog_номенклатура,1,1
Номенклатура — исходный каталог,"Сульфат магния,марка эпсомит гранулированный MgSO₄",raw.catalog_номенклатура,1,1
Номенклатура — исходный каталог,Сульфонитрат аммония NS 26.5,raw.catalog_номенклатура,1,1
Номенклатура — исходный каталог,Супер Альянс Инсектицид,raw.catalog_номенклатура,1,1
Номенклатура — исходный каталог,Супер Док Инсектицид,raw.catalog_номенклатура,1,1
Номенклатура — исходный каталог,Суппорт задний L,raw.catalog_номенклатура,1,1
Номенклатура — исходный каталог,"Суховей, ВР",raw.catalog_номенклатура,1,1
Номенклатура — исходный каталог,Сушеные овощи,raw.catalog_номенклатура,1,1
Номенклатура — исходный каталог,Сушка фетровая СФБ2,raw.catalog_номенклатура,1,1
Номенклатура — исходный каталог,"Сферическая шайба DIN 6319 C6,4",raw.catalog_номенклатура,1,1
Номенклатура — исходный каталог,Сфинкс Инсектицид,raw.catalog_номенклатура,1,1
Номенклатура — исходный каталог,Сценик Комби Инсектицид,raw.catalog_номенклатура,1,1
Номенклатура — исходный каталог,Сцепление МТЗ-80/82 корзина+диск Tiralli FRO706н,raw.catalog_номенклатура,1,1
Номенклатура — исходный каталог,Съемник масленных фильтров трехлапый ,raw.catalog_номенклатура,1,1
Номенклатура — исходный каталог,Сырьё картофель давальческое,raw.catalog_номенклатура,1,1
Номенклатура — исходный каталог,Сэндвич-панель стеновая PIR ПСТ 467 1185 80 RAL 9003,raw.catalog_номенклатура,1,1
Номенклатура — исходный каталог,Сэндвич-панель стеновая PIR ПСТ 552 1185 80 RAL 9003,raw.catalog_номенклатура,1,1
Номенклатура — исходный каталог,Сэндвич-панель стеновая PIR ПСТ 600 1185 80 RAL 9003,raw.catalog_номенклатура,1,1
Номенклатура — исходный каталог,ТМТД 021-02-1694-1 Инсектицид,raw.catalog_номенклатура,1,1
Номенклатура — исходный каталог,ТМТД 050-02-994-1 Инсектицид,raw.catalog_номенклатура,1,1
Номенклатура — исходный каталог,"ТМТД,ВСК Инсектицид",raw.catalog_номенклатура,1,1
Номенклатура — исходный каталог,ТМТД-плюс 2031-10-107-231- Инсектицид,raw.catalog_номенклатура,1,1
Номенклатура — исходный каталог,ТМТД-плюс 2031-10-107-231-0-0-0-0 Инсектицид,raw.catalog_номенклатура,1,1
Номенклатура — исходный каталог,ТО,raw.catalog_номенклатура,1,1
Номенклатура — исходный каталог,ТЭН 400 W для  R1.R2 малый,raw.catalog_номенклатура,1,1
Номенклатура — исходный каталог,ТЭН 900W для R1.R2 большой,raw.catalog_номенклатура,1,1
Номенклатура — исходный каталог,Табу Супер СК Протравливатель ,raw.catalog_номенклатура,1,1
Номенклатура — исходный каталог,"Таз 9,5л d=35/16см полипропилен",raw.catalog_номенклатура,1,1
Номенклатура — исходный каталог,Талант Инсектицид,raw.catalog_номенклатура,1,1
Номенклатура — исходный каталог,"Талант, СК Фунгицид ",raw.catalog_номенклатура,1,1
Номенклатура — исходный каталог,Таношанс. ВДГ,raw.catalog_номенклатура,1,1
Номенклатура — исходный каталог,Тара,raw.catalog_номенклатура,1,1
Номенклатура — исходный каталог,Тара 19 л,raw.catalog_номенклатура,1,1
Номенклатура — исходный каталог,Тауреб. Крепеж,raw.catalog_номенклатура,1,1
Номенклатура — исходный каталог,Тачигарен Инсектицид,raw.catalog_номенклатура,1,1
Номенклатура — исходный каталог,Тебузан Инсектицид,raw.catalog_номенклатура,1,1
Номенклатура — исходный каталог,Тебузил Инсектицид,raw.catalog_номенклатура,1,1
Номенклатура — исходный каталог,Тебузол Инсектицид,raw.catalog_номенклатура,1,1
Номенклатура — исходный каталог,Тебуконазол Инсектицид,raw.catalog_номенклатура,1,1
Номенклатура — исходный каталог,Тебутин Инсектицид,raw.catalog_номенклатура,1,1
Номенклатура — исходный каталог,Тележка-подъемник пасечная,raw.catalog_номенклатура,1,1
Номенклатура — исходный каталог,Температурный сенсор воздуха снаружи PC 02N5K (11),raw.catalog_номенклатура,1,1
Номенклатура — исходный каталог,Тен большой 900 Вт,raw.catalog_номенклатура,1,1
Номенклатура — исходный каталог,Терапевт Про Инсектицид,raw.catalog_номенклатура,1,1
Номенклатура — исходный каталог,Термопреобразователь сопротивления ДТС214 РТ100.В2 60/0.2,raw.catalog_номенклатура,1,1
Номенклатура — исходный каталог,Термостат,raw.catalog_номенклатура,1,1
Номенклатура — исходный каталог,"Термостат 50-45С ТМ45АЗ М 22х1,5 FOX",raw.catalog_номенклатура,1,1
Номенклатура — исходный каталог,Термостат CAZ,raw.catalog_номенклатура,1,1
Номенклатура — исходный каталог,Термостат PSA,raw.catalog_номенклатура,1,1
Номенклатура — исходный каталог,"Термостат ВТ-40 выносной механический (21Н, 52Н, 80Н, 105П, 21Н-Р, 52Н-Р)",raw.catalog_номенклатура,1,1
Номенклатура — исходный каталог,"Термостат КАМАЗ, ГАЗ-2410,3302,ЗИЛ-4331 ПРАМО ТС107-01М 80гр",raw.catalog_номенклатура,1,1
Номенклатура — исходный каталог,"Термостат КАМАЗ, ГАЗ-2410,3302,ЗИЛ-4331,5301 ЭЛЕКТОН",raw.catalog_номенклатура,1,1
Номенклатура — исходный каталог,"Термостат ТС-107-01/05 (КАМАЗ,УАЗ,ВОЛГА) ТС117-01н",raw.catalog_номенклатура,1,1
Номенклатура — исходный каталог,"Термостат ТС108-01 (ГАЗ 53.3307,Т-130,170 ТР 14)",raw.catalog_номенклатура,1,1
Номенклатура — исходный каталог,"Термостат ТС108-04 (ЗИЛ-130,4314,131)ТС 108-03",raw.catalog_номенклатура,1,1
Номенклатура — исходный каталог,"Термотр.лента 55х900, пласт.вт.+1, TTR/NS515 55х900 INX_Рибон",raw.catalog_номенклатура,1,1
Номенклатура — исходный каталог,Термоусадка  REXANT клеевая ,raw.catalog_номенклатура,1,1
Номенклатура — исходный каталог,Термоэтикетка 58*30 белые ,raw.catalog_номенклатура,1,1
Номенклатура — исходный каталог,Термоэтикетка 58*30 белые 900шт,raw.catalog_номенклатура,1,1
Номенклатура — исходный каталог,"Термоэтикетка 58*60 3000 шт/рул, белая",raw.catalog_номенклатура,1,1
Номенклатура — исходный каталог,"Термоэтикетка 58*60 500 шт/рул, белая",raw.catalog_номенклатура,1,1
Номенклатура — исходный каталог,Термоэтикетка 58*60 эко без печати,raw.catalog_номенклатура,1,1
Номенклатура — исходный каталог,Термоэтикетки,raw.catalog_номенклатура,1,1
Номенклатура — исходный каталог,Террасил 2123-10-107-435(114)-0-1-0-0 Инсектицид,raw.catalog_номенклатура,1,1
Номенклатура — исходный каталог,Террасил 424-02-1421-1 Инсектицид,raw.catalog_номенклатура,1,1
Номенклатура — исходный каталог,Терция Инсектицид,raw.catalog_номенклатура,1,1
Номенклатура — исходный каталог,Тефлон 134-2290,raw.catalog_номенклатура,1,1
Номенклатура — исходный каталог,Тефлоновое полотно (самокл. W-60mm 110 микрон),raw.catalog_номенклатура,1,1
Номенклатура — исходный каталог,Тефлоновое полотно (самокл.W60mm 110 микрон),raw.catalog_номенклатура,1,1
Номенклатура — исходный каталог,Техническое обслуживание ,raw.catalog_номенклатура,1,1
Номенклатура — исходный каталог,Техническое обслуживание и ремонт автоматических ворот,raw.catalog_номенклатура,1,1
Номенклатура — исходный каталог,Техническое обслуживание и ремонт техники,raw.catalog_номенклатура,1,1
Номенклатура — исходный каталог,Техническое обслуживание оборудования,raw.catalog_номенклатура,1,1
Номенклатура — исходный каталог,Тиазол Инсектицид,raw.catalog_номенклатура,1,1
Номенклатура — исходный каталог,Тилт Инсектицид,raw.catalog_номенклатура,1,1
Номенклатура — исходный каталог,Тимус Инсектицид,raw.catalog_номенклатура,1,1
Номенклатура — исходный каталог,Тир Инсектицид,raw.catalog_номенклатура,1,1
Номенклатура — исходный каталог,Титул 390 Инсектицид,raw.catalog_номенклатура,1,1
Номенклатура — исходный каталог,Титул Дуо Инсектицид,raw.catalog_номенклатура,1,1
Номенклатура — исходный каталог,Тканевый шланг 10Х15Х4000,raw.catalog_номенклатура,1,1
Номенклатура — исходный каталог,Ткань донного тр. бункера SE75-30,raw.catalog_номенклатура,1,1
Номенклатура — исходный каталог,Топинамбур,raw.catalog_номенклатура,1,1
Номенклатура — исходный каталог,"Топливная рама G21AГазель, соболь NN Газ оригинал ",raw.catalog_номенклатура,1,1
Номенклатура — исходный каталог,Топливные присадки,raw.catalog_номенклатура,1,1
Номенклатура — исходный каталог,Топливопровод в сб 300 мм,raw.catalog_номенклатура,1,1
Номенклатура — исходный каталог,Топсин-М Инсектицид,raw.catalog_номенклатура,1,1
Номенклатура — исходный каталог,Тормозная жидкость,raw.catalog_номенклатура,1,1
Номенклатура — исходный каталог,Тормозная лента 134-3033,raw.catalog_номенклатура,1,1
Номенклатура — исходный каталог,"Торнадо 500, ВР Гербицид ",raw.catalog_номенклатура,1,1
Номенклатура — исходный каталог,Торцовый фланец с фикс.вращения,raw.catalog_номенклатура,1,1
Номенклатура — исходный каталог,Тосол,raw.catalog_номенклатура,1,1
Номенклатура — исходный каталог,Травы,raw.catalog_номенклатура,1,1
Номенклатура — исходный каталог,Транспортер ,raw.catalog_номенклатура,1,1
Номенклатура — исходный каталог,Транспортер КПК 0114040,raw.catalog_номенклатура,1,1
Номенклатура — исходный каталог,Транспортер ТБ 1000х2000,raw.catalog_номенклатура,1,1
Номенклатура — исходный каталог,Транспортер ТБ 1000х3500,raw.catalog_номенклатура,1,1
Номенклатура — исходный каталог,Транспортер ТБ 1500х12000,raw.catalog_номенклатура,1,1
Номенклатура — исходный каталог,Транспортер ТБ 400х2500,raw.catalog_номенклатура,1,1
Номенклатура — исходный каталог,Транспортер ТБ 400х3000,raw.catalog_номенклатура,1,1
Номенклатура — исходный каталог,Транспортер ТБ 400х5500,raw.catalog_номенклатура,1,1
Номенклатура — исходный каталог,Транспортер ТБ 500х13000,raw.catalog_номенклатура,1,1
Номенклатура — исходный каталог,Транспортер ТБ 500х5000,raw.catalog_номенклатура,1,1
Номенклатура — исходный каталог,Транспортер ТБ 500х6000,raw.catalog_номенклатура,1,1
Номенклатура — исходный каталог,Транспортер ТБ 500х7000,raw.catalog_номенклатура,1,1
Номенклатура — исходный каталог,Транспортер ТБ 600х13000,raw.catalog_номенклатура,1,1
Номенклатура — исходный каталог,Транспортер ТБ 600х2400,raw.catalog_номенклатура,1,1
Номенклатура — исходный каталог,Транспортер ТБ 600х2500,raw.catalog_номенклатура,1,1
Номенклатура — исходный каталог,Транспортер ТБ 600х3500,raw.catalog_номенклатура,1,1
Номенклатура — исходный каталог,Транспортер ТБ 600х4500,raw.catalog_номенклатура,1,1
Номенклатура — исходный каталог,Транспортер ТБ 600х6000,raw.catalog_номенклатура,1,1
Номенклатура — исходный каталог,Транспортер ТБ 600х9500,raw.catalog_номенклатура,1,1
Номенклатура — исходный каталог,Транспортер ТБ 800х10250,raw.catalog_номенклатура,1,1
Номенклатура — исходный каталог,Транспортер ТБ 800х12100,raw.catalog_номенклатура,1,1
Номенклатура — исходный каталог,Транспортер ТБ 800х18500,raw.catalog_номенклатура,1,1
Номенклатура — исходный каталог,Транспортер ТБ 800х23000,raw.catalog_номенклатура,1,1
Номенклатура — исходный каталог,Транспортер горизонтальный (дл2700 мм),raw.catalog_номенклатура,1,1
Номенклатура — исходный каталог,Транспортер горизонтальный (дл2950 мм),raw.catalog_номенклатура,1,1
Номенклатура — исходный каталог,Транспортер горизонтальный (дл8700 мм),raw.catalog_номенклатура,1,1
Номенклатура — исходный каталог,Транспортер горизонтальный Р-190/50 ,raw.catalog_номенклатура,1,1
Номенклатура — исходный каталог,Транспортер горизонтальный Р-200/30 ( регулировка скорости),raw.catalog_номенклатура,1,1
Номенклатура — исходный каталог,Транспортер горизонтальный Р-220/50 (реверс),raw.catalog_номенклатура,1,1
Номенклатура — исходный каталог,Транспортер горизонтальный Р-240/50 ,raw.catalog_номенклатура,1,1
Номенклатура — исходный каталог,Транспортер горизонтальный Р-250/50 ( регулировка скорости),raw.catalog_номенклатура,1,1
Номенклатура — исходный каталог,Транспортер горизонтальный Р-290/80 (реверс),raw.catalog_номенклатура,1,1
Номенклатура — исходный каталог,"Транспортер горизонтальный Р-300/60 для грязи (адаптация ZB увеличенная рама,ссып тент)",raw.catalog_номенклатура,1,1
Номенклатура — исходный каталог,"Транспортер горизонтальный Р-320/80 (пневмоперегородка,амортизатор падения, регулировка скорости)",raw.catalog_номенклатура,1,1
Номенклатура — исходный каталог,Транспортер горизонтальный Р-340/80 (реверс),raw.catalog_номенклатура,1,1
Номенклатура — исходный каталог,"Транспортер горизонтальный Р-360/50 (реверс,регулировка скорости)",raw.catalog_номенклатура,1,1
Номенклатура — исходный каталог,Транспортер горизонтальный Р-500/50 (поворотные колеса),raw.catalog_номенклатура,1,1
Номенклатура — исходный каталог,Транспортер горизонтальный Р-760/50 ,raw.catalog_номенклатура,1,1
Номенклатура — исходный каталог,Транспортер ковшовый КПК 0114910,raw.catalog_номенклатура,1,1
Номенклатура — исходный каталог,Транспортер наклонный L образный (дл2000 мм),raw.catalog_номенклатура,1,1
Номенклатура — исходный каталог,Транспортер наклонный L образный (дл2800 мм),raw.catalog_номенклатура,1,1
Номенклатура — исходный каталог,Транспортер наклонный L образный (дл3000 мм),raw.catalog_номенклатура,1,1
Номенклатура — исходный каталог,Транспортер наклонный загрузочный,raw.catalog_номенклатура,1,1
Номенклатура — исходный каталог,"Транспортер переборочного стола КСЭ 12,000",raw.catalog_номенклатура,1,1
Номенклатура — исходный каталог,Транспортер перегрузочный ТПБ 1000х3000,raw.catalog_номенклатура,1,1
Номенклатура — исходный каталог,Транспортер перегрузочный ТПБ 300*2400,raw.catalog_номенклатура,1,1
Номенклатура — исходный каталог,Транспортер перегрузочный ТПБ 400*3400,raw.catalog_номенклатура,1,1
Номенклатура — исходный каталог,Транспортер перегрузочный ТПБ 600*2400,raw.catalog_номенклатура,1,1
Номенклатура — исходный каталог,Транспортер перегрузочный ТПБ 650х14400,raw.catalog_номенклатура,1,1
Номенклатура — исходный каталог,Транспортер перегрузочный ТПБ 650х15000,raw.catalog_номенклатура,1,1
Номенклатура — исходный каталог,Транспортер перегрузочный ТПБ 800х10500,raw.catalog_номенклатура,1,1
Номенклатура — исходный каталог,Транспортер реверсивный ТК-2.95-600,raw.catalog_номенклатура,1,1
Номенклатура — исходный каталог,Транспортер роликовый с разделением потока,raw.catalog_номенклатура,1,1
Номенклатура — исходный каталог,Транспортер1-Й  1631-180-35 ,raw.catalog_номенклатура,1,1
Номенклатура — исходный каталог,Транспортеры отводящие ТОБ1,raw.catalog_номенклатура,1,1
Номенклатура — исходный каталог,Транспортировка,raw.catalog_номенклатура,1,1
Номенклатура — исходный каталог,Транспортировка воды,raw.catalog_номенклатура,1,1
Номенклатура — исходный каталог,Транспортировка грузов,raw.catalog_номенклатура,1,1
Номенклатура — исходный каталог,Транспортировка картофеля,raw.catalog_номенклатура,1,1
Номенклатура — исходный каталог,Транспортно-коммерческие услуги (простой),raw.catalog_номенклатура,1,1
Номенклатура — исходный каталог,Транспортно-экспедиционные услуги,raw.catalog_номенклатура,1,1
Номенклатура — исходный каталог,Транспортные  услуги,raw.catalog_номенклатура,1,1
Номенклатура — исходный каталог,Транспортные  услуги оказанные спецтехникой,raw.catalog_номенклатура,1,1
Номенклатура — исходный каталог,Транспортные услуги,raw.catalog_номенклатура,1,1
Номенклатура — исходный каталог,Транспортные услуги_внеш,raw.catalog_номенклатура,1,1
Номенклатура — исходный каталог,Трапеция рулевая в сборе ВАЗ-2123,raw.catalog_номенклатура,1,1
Номенклатура — исходный каталог,Трафарет,raw.catalog_номенклатура,1,1
Номенклатура — исходный каталог,Тренер водорастворимое удобрение ,raw.catalog_номенклатура,1,1
Номенклатура — исходный каталог,Трещотка флажковая 1/4 72 зубца GRW-14 Gigant ,raw.catalog_номенклатура,1,1
Номенклатура — исходный каталог,ТриАгро Инсектицид,raw.catalog_номенклатура,1,1
Номенклатура — исходный каталог,Триада Инсектицид,raw.catalog_номенклатура,1,1
Номенклатура — исходный каталог,Триактив Инсектицид,raw.catalog_номенклатура,1,1
Номенклатура — исходный каталог,Триафол Инсектицид,raw.catalog_номенклатура,1,1
Номенклатура — исходный каталог,Тритон Инсектицид,raw.catalog_номенклатура,1,1
Номенклатура — исходный каталог,"Тройник 6""х6""х8""",raw.catalog_номенклатура,1,1
Номенклатура — исходный каталог,"Тройник 8""х6""х8""",raw.catalog_номенклатура,1,1
Номенклатура — исходный каталог,Тройник М20*20*20,raw.catalog_номенклатура,1,1
Номенклатура — исходный каталог,Тройник ПНД25,raw.catalog_номенклатура,1,1
Номенклатура — исходный каталог,Тройник ПНД32,raw.catalog_номенклатура,1,1
Номенклатура — исходный каталог,Тройник ПП Ду 50*50*50*45 гр,raw.catalog_номенклатура,1,1
Номенклатура — исходный каталог,Тройник ПП Ду 50*50*50*90 трехраструбный,raw.catalog_номенклатура,1,1
Номенклатура — исходный каталог,Тройник ПП Ду 50*50*90,raw.catalog_номенклатура,1,1
Номенклатура — исходный каталог,Тройник для капельной ленты с поджимом,raw.catalog_номенклатура,1,1
Номенклатура — исходный каталог,Тройник компрессионный d/32,raw.catalog_номенклатура,1,1
Номенклатура — исходный каталог,Тройник лат. 20,raw.catalog_номенклатура,1,1
Номенклатура — исходный каталог,Тройник пластиковый 32*20*32,raw.catalog_номенклатура,1,1
Номенклатура — исходный каталог,Тройник с резьбой черн 50,raw.catalog_номенклатура,1,1
Номенклатура — исходный каталог,Трос,raw.catalog_номенклатура,1,1
Номенклатура — исходный каталог,Трос (Morse L-900 ),raw.catalog_номенклатура,1,1
Номенклатура — исходный каталог,Трос 110-4600120-02  L-1500,raw.catalog_номенклатура,1,1
Номенклатура — исходный каталог,Трос DIN 3055 для ратяжки в оплетке ПВХ 1/2,raw.catalog_номенклатура,1,1
Номенклатура — исходный каталог,Трос IT-731133/02/00,raw.catalog_номенклатура,1,1
Номенклатура — исходный каталог,Трос М 6,raw.catalog_номенклатура,1,1
Номенклатура — исходный каталог,Трос М10,raw.catalog_номенклатура,1,1
Номенклатура — исходный каталог,Трос М8,raw.catalog_номенклатура,1,1
Номенклатура — исходный каталог,Трос МТЗ останова двигателя ,raw.catalog_номенклатура,1,1
Номенклатура — исходный каталог,Трос акселератора МАЗ-4370,raw.catalog_номенклатура,1,1
Номенклатура — исходный каталог,"Трос буксировочный 12т, 5м",raw.catalog_номенклатура,1,1
Номенклатура — исходный каталог,Трос буксировочный 5т,raw.catalog_номенклатура,1,1
Номенклатура — исходный каталог,Трос буксировочный 63т ,raw.catalog_номенклатура,1,1
Номенклатура — исходный каталог,Трос буксировочный 7т,raw.catalog_номенклатура,1,1
Номенклатура — исходный каталог,Трос газа,raw.catalog_номенклатура,1,1
Номенклатура — исходный каталог,Трос д/растяжки 3мм,raw.catalog_номенклатура,1,1
Номенклатура — исходный каталог,Трос дистанционного управления МТЗ,raw.catalog_номенклатура,1,1
Номенклатура — исходный каталог,Трос пружинный ф-9мм,raw.catalog_номенклатура,1,1
Номенклатура — исходный каталог,Трос пружинный ф-9мм длина 10м,raw.catalog_номенклатура,1,1
Номенклатура — исходный каталог,Трос ручника оригинал,raw.catalog_номенклатура,1,1
Номенклатура — исходный каталог,Трос сцепления,raw.catalog_номенклатура,1,1
Номенклатура — исходный каталог,Трос управляющий L-2000(шариковое окончание) POD-HPZ-000105,raw.catalog_номенклатура,1,1
Номенклатура — исходный каталог,Труба 060.05048,raw.catalog_номенклатура,1,1
Номенклатура — исходный каталог,Труба 20 горячая 4м SDR6(100),raw.catalog_номенклатура,1,1
Номенклатура — исходный каталог,Труба 20 стекловолокно ,raw.catalog_номенклатура,1,1
Номенклатура — исходный каталог,Труба 700.46.28.090-1,raw.catalog_номенклатура,1,1
Номенклатура — исходный каталог,Труба Д-260 выхлопная длинная ММЗ,raw.catalog_номенклатура,1,1
Номенклатура — исходный каталог,Труба ПВХ ЛБ-2 Д-10 ,raw.catalog_номенклатура,1,1
Номенклатура — исходный каталог,Труба ПНД 20*2 СДР 11,raw.catalog_номенклатура,1,1
Номенклатура — исходный каталог,"Труба ПНД 25*2 СДР 13,6",raw.catalog_номенклатура,1,1
Номенклатура — исходный каталог,"Труба ПНД 32*2,4 СДР 13,6",raw.catalog_номенклатура,1,1
Номенклатура — исходный каталог,"Труба ПНД 40*3,2,4 СДР 13,6,17",raw.catalog_номенклатура,1,1
Номенклатура — исходный каталог,"Труба ПНД 50*3,7 СДР 13,6",raw.catalog_номенклатура,1,1
Номенклатура — исходный каталог,"Труба ПНД 63*47 СДР 13,6",raw.catalog_номенклатура,1,1
Номенклатура — исходный каталог,Труба асбест. 400мм 5м,raw.catalog_номенклатура,1,1
Номенклатура — исходный каталог,Труба в сборе ЭК-100.730,raw.catalog_номенклатура,1,1
Номенклатура — исходный каталог,"Труба водопроводная 32х3,2мм",raw.catalog_номенклатура,1,1
Номенклатура — исходный каталог,"Труба водопроводная 40х2,4мм",raw.catalog_номенклатура,1,1
Номенклатура — исходный каталог,Труба выхлопная задн.,raw.catalog_номенклатура,1,1
Номенклатура — исходный каталог,Труба гофрированная ПНД Д=16,raw.catalog_номенклатура,1,1
Номенклатура — исходный каталог,Труба гофрированная ПНД Д=20 УралПак,raw.catalog_номенклатура,1,1
Номенклатура — исходный каталог,Труба гофрированная ПНД Д=25 УралПак,raw.catalog_номенклатура,1,1
Номенклатура — исходный каталог,"Труба из сплава аллюминия диаметром 6"",длина 5,8 м",raw.catalog_номенклатура,1,1
Номенклатура — исходный каталог,"Труба из сплава аллюминия диаметром 8"",длина 5,8 м",raw.catalog_номенклатура,1,1
Номенклатура — исходный каталог,Труба канал 50-2м ,raw.catalog_номенклатура,1,1
Номенклатура — исходный каталог,Труба короткая ЭК-100.740,raw.catalog_номенклатура,1,1
Номенклатура — исходный каталог,Труба короткая опорная ЭК-100.750,raw.catalog_номенклатура,1,1
Номенклатура — исходный каталог,Труба легкая черная ПНД Д=20 гофрированная с протяжкой,raw.catalog_номенклатура,1,1
Номенклатура — исходный каталог,Труба сантехническая диаметр 250  ,raw.catalog_номенклатура,1,1
Номенклатура — исходный каталог,Труба термоусаживаемая d3,raw.catalog_номенклатура,1,1
Номенклатура — исходный каталог,Труба топливная 3302,raw.catalog_номенклатура,1,1
Номенклатура — исходный каталог,Труба топливная ГАЗ3309 низкого давления,raw.catalog_номенклатура,1,1
Номенклатура — исходный каталог,Труба топливная КАМАЗ низкого давления 3 шт,raw.catalog_номенклатура,1,1
Номенклатура — исходный каталог,Труба тормозная 3302 оттройника к шлангу,raw.catalog_номенклатура,1,1
Номенклатура — исходный каталог,"Труба шарнира 700А 28.00.020 (К-700,К-744)",raw.catalog_номенклатура,1,1
Номенклатура — исходный каталог,"Труба шарнира 700А.28.00.020 (К-700, К-744)",raw.catalog_номенклатура,1,1
Номенклатура — исходный каталог,Труба шкворня (фланец),raw.catalog_номенклатура,1,1
Номенклатура — исходный каталог,Трубка  ПВХ ф12 мм черная,raw.catalog_номенклатура,1,1
Номенклатура — исходный каталог,Трубка ПВХ ф 10 мм черная,raw.catalog_номенклатура,1,1
Номенклатура — исходный каталог,Трубка ПВХ ф 6 мм черная,raw.catalog_номенклатура,1,1
Номенклатура — исходный каталог,Трубка полиуретановая голубая рабочее давление 12бар,raw.catalog_номенклатура,1,1
Номенклатура — исходный каталог,Трубка термоусадочная ,raw.catalog_номенклатура,1,1
Номенклатура — исходный каталог,"Трубка термоусадочная d=2.3.4.5.6.10 мм длина 100мм,120шт в набор JTC-2034",raw.catalog_номенклатура,1,1
Номенклатура — исходный каталог,Трубка топливная (обратка) Ford Transit,raw.catalog_номенклатура,1,1
Номенклатура — исходный каталог,Трубка топливная ТНВД,raw.catalog_номенклатура,1,1
Номенклатура — исходный каталог,Трубка топливная низкого давления,raw.catalog_номенклатура,1,1
Номенклатура — исходный каталог,Трубка тормозная ,raw.catalog_номенклатура,1,1
Номенклатура — исходный каталог,Трубонасадка 045,raw.catalog_номенклатура,1,1
Номенклатура — исходный каталог,"Трубонасадка 045,280 bar вход 1/4 внут",raw.catalog_номенклатура,1,1
Номенклатура — исходный каталог,Туарег Инсектицид,raw.catalog_номенклатура,1,1
Номенклатура — исходный каталог,Турион Инсектицид,raw.catalog_номенклатура,1,1
Номенклатура — исходный каталог,Турникет электромеханический,raw.catalog_номенклатура,1,1
Номенклатура — исходный каталог,Турникет_Кабель витая пара 8 жил,raw.catalog_номенклатура,1,1
Номенклатура — исходный каталог,Турникет_Коммутатор сетевой 5-портовый,raw.catalog_номенклатура,1,1
Номенклатура — исходный каталог,Турникет_Пульт управления проводной,raw.catalog_номенклатура,1,1
Номенклатура — исходный каталог,Турникет_Считыватель биометрический (отпечаток пальца),raw.catalog_номенклатура,1,1
Номенклатура — исходный каталог,Турникет_Шнур ШВВП,raw.catalog_номенклатура,1,1
Номенклатура — исходный каталог,Турникет_источник питания,raw.catalog_номенклатура,1,1
Номенклатура — исходный каталог,Турникет_расходные монтажные материалы КПП,raw.catalog_номенклатура,1,1
Номенклатура — исходный каталог,Тэн нагревательный 400W k R2,raw.catalog_номенклатура,1,1
Номенклатура — исходный каталог,Тэн нагревательный 900W ,raw.catalog_номенклатура,1,1
Номенклатура — исходный каталог,Тюльпан свежесрезанный,raw.catalog_номенклатура,1,1
Номенклатура — исходный каталог,Тяга 700А.46.28.410 левая в сборе,raw.catalog_номенклатура,1,1
Номенклатура — исходный каталог,Тяга КТ 40.03.07.000,raw.catalog_номенклатура,1,1
Номенклатура — исходный каталог,Тяга МТЗ-1221 ус-ва навесная правая 1220-4605030,raw.catalog_номенклатура,1,1
Номенклатура — исходный каталог,Тяга верхняя 1220-4605590,raw.catalog_номенклатура,1,1
Номенклатура — исходный каталог,Тяга выдвижная 700А.46.28.440-1 сварная,raw.catalog_номенклатура,1,1
Номенклатура — исходный каталог,Тяга длинная Т219 Т219-1,raw.catalog_номенклатура,1,1
Номенклатура — исходный каталог,Тяга задней подвески ,raw.catalog_номенклатура,1,1
Номенклатура — исходный каталог,Тяга навески МТЗ 1/2 5040/45,raw.catalog_номенклатура,1,1
Номенклатура — исходный каталог,Тяга нижняя 28О 735-46 28.010,raw.catalog_номенклатура,1,1
Номенклатура — исходный каталог,Тяга нижняя 28О 735-46 28.010-01,raw.catalog_номенклатура,1,1
Номенклатура — исходный каталог,Тяга правая,raw.catalog_номенклатура,1,1
Номенклатура — исходный каталог,Тяга рулевая,raw.catalog_номенклатура,1,1
Номенклатура — исходный каталог,Тяга рулевая 1220-3003010,raw.catalog_номенклатура,1,1
Номенклатура — исходный каталог,Тяга рулевая ACP0286710,raw.catalog_номенклатура,1,1
Номенклатура — исходный каталог,Тяга рулевая Peugeout,raw.catalog_номенклатура,1,1
Номенклатура — исходный каталог,Тяга рулевая ЗИЛ-130 поперечная,raw.catalog_номенклатура,1,1
Номенклатура — исходный каталог,Тяга рулевая ЗИЛ-130 продольная,raw.catalog_номенклатура,1,1
Номенклатура — исходный каталог,"Тяга рулевая МАЗ-5337,53371,53373,54328,5516,5551,4229 КРАЗ-6510 поперечная L=1500мм БААЗ 6422",raw.catalog_номенклатура,1,1
Номенклатура — исходный каталог,"Тяга рулевая МАЗ-533702,543202,54323,5551,555102 продольная L=754мм БААЗ 5551",raw.catalog_номенклатура,1,1
Номенклатура — исходный каталог,Тяга рулевая МТЗ-1221,raw.catalog_номенклатура,1,1
Номенклатура — исходный каталог,Тяга рулевая ПАЗ-3205 продольная,raw.catalog_номенклатура,1,1
Номенклатура — исходный каталог,Тяга рулевого механизма,raw.catalog_номенклатура,1,1
Номенклатура — исходный каталог,Тяга стабилизатора CI-ES-7321,raw.catalog_номенклатура,1,1
Номенклатура — исходный каталог,Тяга стабилизатора перед.задней подвески SASIC 2304033,raw.catalog_номенклатура,1,1
Номенклатура — исходный каталог,"Тяга управления распредил. Р80,80-4607260",raw.catalog_номенклатура,1,1
Номенклатура — исходный каталог,Тяга управления распредил. РП70 Р1221-4607260,raw.catalog_номенклатура,1,1
Номенклатура — исходный каталог,Тяжелое дискование,raw.catalog_номенклатура,1,1
Номенклатура — исходный каталог,Тяжёлое дискование (почасовая оплата),raw.catalog_номенклатура,1,1
Номенклатура — исходный каталог,"УДЛИНИТЕЛЬ,8П.,ЭКР.,M12X1,3 m (В94.02364) m (В94.02364)",raw.catalog_номенклатура,1,1
Номенклатура — исходный каталог,УПОРНАЯ ПРУЖИНА (076.01560,raw.catalog_номенклатура,1,1
Номенклатура — исходный каталог,УСЛУГИ И РАБОТЫ,raw.catalog_номенклатура,1,1
Номенклатура — исходный каталог,УСТАНОВОЧНАЯ ТЯГА (ИД: 101.22436),raw.catalog_номенклатура,1,1
Номенклатура — исходный каталог,Уборка картофеля,raw.catalog_номенклатура,1,1
Номенклатура — исходный каталог,Уборка картофеля_ручная,raw.catalog_номенклатура,1,1
Номенклатура — исходный каталог,Уборка свеклы,raw.catalog_номенклатура,1,1
Номенклатура — исходный каталог,Уборка чеснока_механизированная,raw.catalog_номенклатура,1,1
Номенклатура — исходный каталог,Уборка чеснока_ручная,raw.catalog_номенклатура,1,1
Номенклатура — исходный каталог,"Угловой сенсор 45 ° 0,5-4,5V",raw.catalog_номенклатура,1,1
Номенклатура — исходный каталог,"Угол 3/4 32""",raw.catalog_номенклатура,1,1
Номенклатура — исходный каталог,Угол 45 градусов на 6*трубу,raw.catalog_номенклатура,1,1
Номенклатура — исходный каталог,Угол 45 градусов на 8*трубу,raw.catalog_номенклатура,1,1
Номенклатура — исходный каталог,Угол 90 градусов на 6*трубу,raw.catalog_номенклатура,1,1
Номенклатура — исходный каталог,Угол 90 градусов на 8*трубу,raw.catalog_номенклатура,1,1
Номенклатура — исходный каталог,Угол L157074,raw.catalog_номенклатура,1,1
Номенклатура — исходный каталог,Угол PPRC 20 90/45,raw.catalog_номенклатура,1,1
Номенклатура — исходный каталог,Угол PPRC 25 на 90*,raw.catalog_номенклатура,1,1
Номенклатура — исходный каталог,Уголок ПНД ф32,raw.catalog_номенклатура,1,1
Номенклатура — исходный каталог,Уголок ппр белый 32 на 90*,raw.catalog_номенклатура,1,1
Номенклатура — исходный каталог,"Угольник 22(м1,8*1,5)",raw.catalog_номенклатура,1,1
Номенклатура — исходный каталог,"Угольник 27 (М22*1,5)",raw.catalog_номенклатура,1,1
Номенклатура — исходный каталог,Угольник ник. 15*15Н ,raw.catalog_номенклатура,1,1
Номенклатура — исходный каталог,Угольник ник.15 с креплением,raw.catalog_номенклатура,1,1
Номенклатура — исходный каталог,Угольник ник.63град  с креплением,raw.catalog_номенклатура,1,1
Номенклатура — исходный каталог,Угольник пластиковый Д-20*90гр,raw.catalog_номенклатура,1,1
Номенклатура — исходный каталог,Удаление ботвы,raw.catalog_номенклатура,1,1
Номенклатура — исходный каталог,Удаление ботвы/травы ,raw.catalog_номенклатура,1,1
Номенклатура — исходный каталог,Удаление стрелок,raw.catalog_номенклатура,1,1
Номенклатура — исходный каталог,Ударопоглащающий материал,raw.catalog_номенклатура,1,1
Номенклатура — исходный каталог,Удлинитель вентиля резиновый,raw.catalog_номенклатура,1,1
Номенклатура — исходный каталог,Удобрение Стерня-12,raw.catalog_номенклатура,1,1
Номенклатура — исходный каталог,Удобрение азотно-фосфорно-калийное NPK 8.20.30,raw.catalog_номенклатура,1,1
Номенклатура — исходный каталог,Удобрение азотное серосодержащее марки NS 26.13,raw.catalog_номенклатура,1,1
Номенклатура — исходный каталог,"Удобрение минеральное гранулированное ""КалийМаг"" K2O 45% Mg 5%",raw.catalog_номенклатура,1,1
Номенклатура — исходный каталог,"Удобрение минеральное гранулированное ""Калиймаг"" K2O 45% Mg 8%",raw.catalog_номенклатура,1,1
Номенклатура — исходный каталог,Удобрение органическое на основе куриного пр-ва гранулированный ,raw.catalog_номенклатура,1,1
Номенклатура — исходный каталог,Удобрение сложное NPK (S) 5.15.30(5),raw.catalog_номенклатура,1,1
Номенклатура — исходный каталог,Удобрения,raw.catalog_номенклатура,1,1
Номенклатура — исходный каталог,Узел крепления УК-ОК-01,raw.catalog_номенклатура,1,1
Номенклатура — исходный каталог,Узел подшипника БДЮ 01.010А в сборе нового обр. БДТ-3,raw.catalog_номенклатура,1,1
Номенклатура — исходный каталог,"Указатель давления КАМАЗ 430,ГАЗ-3306,3309,4301 (АНАЛОГ 061120) АВТОПРИБОР",raw.catalog_номенклатура,1,1
Номенклатура — исходный каталог,Улей 10 рамочный 1 корпус+2 магазина Дадан,raw.catalog_номенклатура,1,1
Номенклатура — исходный каталог,"Ультразвуковой генератор тумана ""Фитотуман Башинком""10",raw.catalog_номенклатура,1,1
Номенклатура — исходный каталог,Упаковка,raw.catalog_номенклатура,1,1
Номенклатура — исходный каталог,Упаковка ПН (Поддон 1210),raw.catalog_номенклатура,1,1
Номенклатура — исходный каталог,Упаковка и расходные материалы,raw.catalog_номенклатура,1,1
Номенклатура — исходный каталог,Упаковка и фасовка товара,raw.catalog_номенклатура,1,1
Номенклатура — исходный каталог,Упаковочная машина мод BSS-134 серийный номер 1054128 и выгружной транспортер GNR-121Т65 серийный но,raw.catalog_номенклатура,1,1
Номенклатура — исходный каталог,Уплотнение цапфы 112.31.029,raw.catalog_номенклатура,1,1
Номенклатура — исходный каталог,Уплотнитель МТЗ-1221 рулевого пальца КЗРиЛИ,raw.catalog_номенклатура,1,1
Номенклатура — исходный каталог,Уплотнитель главного вала Фишбейн100,raw.catalog_номенклатура,1,1
Номенклатура — исходный каталог,Уплотнитель рычагов Фишбейн100,raw.catalog_номенклатура,1,1
Номенклатура — исходный каталог,Уплотнитель стекла бокового МТЗ F202.2 786503,raw.catalog_номенклатура,1,1
Номенклатура — исходный каталог,Уплотнительное устройство механизма подачи,raw.catalog_номенклатура,1,1
Номенклатура — исходный каталог,Упор 700А.46.28.243,raw.catalog_номенклатура,1,1
Номенклатура — исходный каталог,Упор вогнутый БДТ 336,raw.catalog_номенклатура,1,1
Номенклатура — исходный каталог,Упор выпуклый БДТ 335,raw.catalog_номенклатура,1,1
Номенклатура — исходный каталог,Упор левый К-700,raw.catalog_номенклатура,1,1
Номенклатура — исходный каталог,Упор правый К-700,raw.catalog_номенклатура,1,1
Номенклатура — исходный каталог,Упорная пружина VULK (076.01893),raw.catalog_номенклатура,1,1
Номенклатура — исходный каталог,Управление гидравлический упл.гребнеупл.ручной,raw.catalog_номенклатура,1,1
Номенклатура — исходный каталог,"Урожай 2025 ГалаРС1 Белый без полива, поле 203, уч.3",raw.catalog_номенклатура,1,1
Номенклатура — исходный каталог,"Урожай 2025 ГалаРС3 Белый с поливом, поле 201, уч.10",raw.catalog_номенклатура,1,1
Номенклатура — исходный каталог,"Урожай 2025 ГалаРС3 Белый с поливом, поле 318, уч.4",raw.catalog_номенклатура,1,1
Номенклатура — исходный каталог,"Урожай 2025 ГалаРС3 Белый с поливом, поле 751, уч.9",raw.catalog_номенклатура,1,1
Номенклатура — исходный каталог,"Урожай 2025 ГалаРС3 Белый с поливом., поле 318, уч.6",raw.catalog_номенклатура,1,1
Номенклатура — исходный каталог,"Урожай 2025 ГалаРС3 Белый с поливом_поле 318, уч.5",raw.catalog_номенклатура,1,1
Номенклатура — исходный каталог,"Урожай 2025 КарменРС1 Красный без полива, поле 203, уч.1",raw.catalog_номенклатура,1,1
Номенклатура — исходный каталог,"Урожай 2025 КарменРС1 Красный без полива, поле 203, уч.2",raw.catalog_номенклатура,1,1
Номенклатура — исходный каталог,"Урожай 2025 КарменРС1 Красный с поливом, поле 751, уч.7",raw.catalog_номенклатура,1,1
Номенклатура — исходный каталог,"Урожай 2025 КарменРС2 Красный с поливом, поле 751, уч.8",raw.catalog_номенклатура,1,1
Номенклатура — исходный каталог,"Урожай 2025 ФламингоРС3 Красный с поливом, поле 201, уч.11",raw.catalog_номенклатура,1,1
Номенклатура — исходный каталог,Урожай 2026,raw.catalog_номенклатура,1,1
Номенклатура — исходный каталог,Усиление (015.75364),raw.catalog_номенклатура,1,1
Номенклатура — исходный каталог,Услуги по ведению кадрового делопроизводства,raw.catalog_номенклатура,1,1
Номенклатура — исходный каталог,Услуги по очистке овощей наемным персоналом,raw.catalog_номенклатура,1,1
Номенклатура — исходный каталог,Услуги по переоценке основных средств,raw.catalog_номенклатура,1,1
Номенклатура — исходный каталог,Услуги по питанию работников,raw.catalog_номенклатура,1,1
Номенклатура — исходный каталог,Услуги по пусконаладке,raw.catalog_номенклатура,1,1
Номенклатура — исходный каталог,"Услуги по ремонту, ТО и обслуживанию оборудования, техники, помещений",raw.catalog_номенклатура,1,1
Номенклатура — исходный каталог,Услуги по электронному документообороту,raw.catalog_номенклатура,1,1
Номенклатура — исходный каталог,Услуги такси,raw.catalog_номенклатура,1,1
Номенклатура — исходный каталог,Услуги эвакуатора,raw.catalog_номенклатура,1,1
Номенклатура — исходный каталог,Установ винт М6*8 914,raw.catalog_номенклатура,1,1
Номенклатура — исходный каталог,Установка IP-видеокамеры,raw.catalog_номенклатура,1,1
Номенклатура — исходный каталог,Установка полива,raw.catalog_номенклатура,1,1
Номенклатура — исходный каталог,Установка тахографа СКЗИ (вкл. активацию и калибровку),raw.catalog_номенклатура,1,1
Номенклатура — исходный каталог,Установочное кольцо,raw.catalog_номенклатура,1,1
Номенклатура — исходный каталог,Устройство площадки из дорожных плит,raw.catalog_номенклатура,1,1
Номенклатура — исходный каталог,Утеплительный мат с пароизоляцией (подушка) р. 50х50,raw.catalog_номенклатура,1,1
Номенклатура — исходный каталог,Ухо КПП,raw.catalog_номенклатура,1,1
Номенклатура — исходный каталог,Ушко ДТ-75  77.32.109-1,raw.catalog_номенклатура,1,1
Номенклатура — исходный каталог,Ушко ресоры ЗИЛ-130 передней в сборе 130-2902125,raw.catalog_номенклатура,1,1
Номенклатура — исходный каталог,Фаворит Трио Инсектицид,raw.catalog_номенклатура,1,1
Номенклатура — исходный каталог,Фалькон Инсектицид,raw.catalog_номенклатура,1,1
Номенклатура — исходный каталог,Фара  противотуманная 16 диодов OFF-Road 46W12/24В,raw.catalog_номенклатура,1,1
Номенклатура — исходный каталог,Фара  противотуманная 16 диодов kswsg016fcn квадр 12/24В,raw.catalog_номенклатура,1,1
Номенклатура — исходный каталог,Фара  противотуманная 9 диодов OFF-Road 27W kswsg009sbg,raw.catalog_номенклатура,1,1
Номенклатура — исходный каталог,Фара Fiat L+R,raw.catalog_номенклатура,1,1
Номенклатура — исходный каталог,Фара МТЗ ПЕРЕДНЯЯ 12 V,raw.catalog_номенклатура,1,1
Номенклатура — исходный каталог,Фара МТЗ ПЕРЕДНЯЯ квадратная (без лампы) РУДЕНОК,raw.catalog_номенклатура,1,1
Номенклатура — исходный каталог,Фара МТЗ передняя квадратная (без лампы) ,raw.catalog_номенклатура,1,1
Номенклатура — исходный каталог,Фара МТЗ противотуманная пластик,raw.catalog_номенклатура,1,1
Номенклатура — исходный каталог,Фара МТЗ противотуманная пластик 12V БЕЛВАР 8724.3106,raw.catalog_номенклатура,1,1
Номенклатура — исходный каталог,"Фара МТЗ,ЮМЗ,ДТ задняя",raw.catalog_номенклатура,1,1
Номенклатура — исходный каталог,"Фара МТЗ,ЮМЗ,ДТ передняя (пластик) РК ФГ305П",raw.catalog_номенклатура,1,1
Номенклатура — исходный каталог,"Фара УАЗ,ПАЗ 12v освар",raw.catalog_номенклатура,1,1
Номенклатура — исходный каталог,Фара ФГ-305,raw.catalog_номенклатура,1,1
Номенклатура — исходный каталог,Фара левая+правая UMG комплект,raw.catalog_номенклатура,1,1
Номенклатура — исходный каталог,Фара передняя круглая МТЗ 12V (пластик) ,raw.catalog_номенклатура,1,1
Номенклатура — исходный каталог,Фара рабочего света 115*142*55 мм 42W(рассеянный свет) круглая AVTOELECTRICA AE42R-14LED-55PC,raw.catalog_номенклатура,1,1
Номенклатура — исходный каталог,Фара рабочего света МТЗ круглая 12V БЕЛВАР 8724.31.06,raw.catalog_номенклатура,1,1
Номенклатура — исходный каталог,Фара светодиодная OFF-Road (24W) серия Basic FL-1135 AVS,raw.catalog_номенклатура,1,1
Номенклатура — исходный каталог,Фара тракторная квадратная,raw.catalog_номенклатура,1,1
Номенклатура — исходный каталог,Фараон Инсектицид,raw.catalog_номенклатура,1,1
Номенклатура — исходный каталог,"Фасадное крепление КФК 12-47,6 (SF 50,BRPF 70-150-6F) ИЭК",raw.catalog_номенклатура,1,1
Номенклатура — исходный каталог,Феразим Инсектицид,raw.catalog_номенклатура,1,1
Номенклатура — исходный каталог,"Фертика безхлорное калийное удобрение ""Эко Калий"" PKMg+S (5:37:10+12) МКР",raw.catalog_номенклатура,1,1
Номенклатура — исходный каталог,Фертикс Марки Б NMgS +FeBMoMnCuZn 16.2.2,raw.catalog_номенклатура,1,1
Номенклатура — исходный каталог,Фетр,raw.catalog_номенклатура,1,1
Номенклатура — исходный каталог,Фетр однотонный твердый 3мм/1м (т мраморный) С41,raw.catalog_номенклатура,1,1
Номенклатура — исходный каталог,Фетровая сушка СФ-10,raw.catalog_номенклатура,1,1
Номенклатура — исходный каталог,Фетровое полотно для СФ-10,raw.catalog_номенклатура,1,1
Номенклатура — исходный каталог,Фиксатор 700А.46.28.254,raw.catalog_номенклатура,1,1
Номенклатура — исходный каталог,Фиксатор резьбы  6 мл ,raw.catalog_номенклатура,1,1
Номенклатура — исходный каталог,Фиксатор тормозного диска,raw.catalog_номенклатура,1,1
Номенклатура — исходный каталог,Фиксатор штока,raw.catalog_номенклатура,1,1
Номенклатура — исходный каталог,Фильтерр Инсектицид,raw.catalog_номенклатура,1,1
Номенклатура — исходный каталог,Фильтр  L214634 JLI,raw.catalog_номенклатура,1,1
Номенклатура — исходный каталог,Фильтр  гидравлики 20639610,raw.catalog_номенклатура,1,1
Номенклатура — исходный каталог,Фильтр  гидравлики аналог HF35322 P763757 9283 ML1400MG,raw.catalog_номенклатура,1,1
Номенклатура — исходный каталог,Фильтр  гидравлический 20656300,raw.catalog_номенклатура,1,1
Номенклатура — исходный каталог,Фильтр  гидравлический 5425 СН,raw.catalog_номенклатура,1,1
Номенклатура — исходный каталог,Фильтр  гидравлический DONALDSON P171806 (БТЗ),raw.catalog_номенклатура,1,1
Номенклатура — исходный каталог,Фильтр  гидравлический SXX-200E 12B 2283CH,raw.catalog_номенклатура,1,1
Номенклатура — исходный каталог,Фильтр  очистки воздуха (внутренний) аналог AF27681 6492 HP4591,raw.catalog_номенклатура,1,1
Номенклатура — исходный каталог,Фильтр  очистки воздуха аналог AF26665 5962 HP4590,raw.catalog_номенклатура,1,1
Номенклатура — исходный каталог,Фильтр 03.376,raw.catalog_номенклатура,1,1
Номенклатура — исходный каталог,Фильтр ARAG цилиндрический,raw.catalog_номенклатура,1,1
Номенклатура — исходный каталог,Фильтр J1330403(kyron Rexton),raw.catalog_номенклатура,1,1
Номенклатура — исходный каталог,Фильтр L214634 JLI,raw.catalog_номенклатура,1,1
Номенклатура — исходный каталог,Фильтр WDK98212МТ,raw.catalog_номенклатура,1,1
Номенклатура — исходный каталог,Фильтр АКПП,raw.catalog_номенклатура,1,1
Номенклатура — исходный каталог,Фильтр ГУР ЗИЛ,raw.catalog_номенклатура,1,1
Номенклатура — исходный каталог,Фильтр МТЗ очистки воздуха в салоне Беларусь В4702,raw.catalog_номенклатура,1,1
Номенклатура — исходный каталог,Фильтр воздушной кабины МТЗ 1523 DIFA 4702 (50*350*120),raw.catalog_номенклатура,1,1
Номенклатура — исходный каталог,Фильтр воздушный ,raw.catalog_номенклатура,1,1
Номенклатура — исходный каталог,Фильтр воздушный  TSN 9.1.462,raw.catalog_номенклатура,1,1
Номенклатура — исходный каталог,Фильтр воздушный  внешний,raw.catalog_номенклатура,1,1
Номенклатура — исходный каталог,Фильтр воздушный  внешний DONALDSON (БТЗ),raw.catalog_номенклатура,1,1
Номенклатура — исходный каталог,Фильтр воздушный  внутренний DONALDSON (БТЗ),raw.catalog_номенклатура,1,1
Номенклатура — исходный каталог,Фильтр воздушный (Агроникс),raw.catalog_номенклатура,1,1
Номенклатура — исходный каталог,Фильтр воздушный (вставка),raw.catalog_номенклатура,1,1
Номенклатура — исходный каталог,Фильтр воздушный 01,raw.catalog_номенклатура,1,1
Номенклатура — исходный каталог,Фильтр воздушный 2108,raw.catalog_номенклатура,1,1
Номенклатура — исходный каталог,Фильтр воздушный 28113-1R100,raw.catalog_номенклатура,1,1
Номенклатура — исходный каталог,Фильтр воздушный 3302,raw.catalog_номенклатура,1,1
Номенклатура — исходный каталог,Фильтр воздушный AL225552 JLI,raw.catalog_номенклатура,1,1
Номенклатура — исходный каталог,Фильтр воздушный Action,raw.catalog_номенклатура,1,1
Номенклатура — исходный каталог,Фильтр воздушный BAKER,raw.catalog_номенклатура,1,1
Номенклатура — исходный каталог,Фильтр воздушный CASE (h297 d133) M Filler A8057,raw.catalog_номенклатура,1,1
Номенклатура — исходный каталог,Фильтр воздушный EKO-1031,raw.catalog_номенклатура,1,1
Номенклатура — исходный каталог,Фильтр воздушный LADAA Vesta,raw.catalog_номенклатура,1,1
Номенклатура — исходный каталог,Фильтр воздушный LX270,raw.catalog_номенклатура,1,1
Номенклатура — исходный каталог,Фильтр воздушный LX272 VW Т3 C11763,raw.catalog_номенклатура,1,1
Номенклатура — исходный каталог,Фильтр воздушный mann-filter C13154,raw.catalog_номенклатура,1,1
Номенклатура — исходный каталог,Фильтр воздушный ВАЗ 2108-15 инжектор SCT SB201,raw.catalog_номенклатура,1,1
Номенклатура — исходный каталог,"Фильтр воздушный ВАЗ 2110,2112 инжектор CANZ GRR04002",raw.catalog_номенклатура,1,1
Номенклатура — исходный каталог,Фильтр воздушный ГАЗдв.402,raw.catalog_номенклатура,1,1
Номенклатура — исходный каталог,"Фильтр воздушный Д260,МТЗ (вставка) Белтиз",raw.catalog_номенклатура,1,1
Номенклатура — исходный каталог,"Фильтр воздушный Д260,МТЗ (основной) Белтиз",raw.catalog_номенклатура,1,1
Номенклатура — исходный каталог,Фильтр воздушный ДВС внешний,raw.catalog_номенклатура,1,1
Номенклатура — исходный каталог,Фильтр воздушный ДВС внутренний,raw.catalog_номенклатура,1,1
Номенклатура — исходный каталог,Фильтр воздушный ЗИЛ 5301,raw.catalog_номенклатура,1,1
Номенклатура — исходный каталог,Фильтр воздушный К-744/Лида-1600 к-т ЕКО 01.86,raw.catalog_номенклатура,1,1
Номенклатура — исходный каталог,Фильтр воздушный К-744Р2 ЕКО 01.68/1,raw.catalog_номенклатура,1,1
Номенклатура — исходный каталог,Фильтр воздушный МТЗ (Д-260),raw.catalog_номенклатура,1,1
Номенклатура — исходный каталог,Фильтр воздушный МТЗ кабины (комплект)РУП МТЗ 80-8104060,raw.catalog_номенклатура,1,1
Номенклатура — исходный каталог,"Фильтр воздушный МТЗ-422,622,1222,1523,2022,3022 кабины.Ливны ЭФВ 202.1109080",raw.catalog_номенклатура,1,1
Номенклатура — исходный каталог,"Фильтр воздушный МТЗ-80,82 кабины",raw.catalog_номенклатура,1,1
Номенклатура — исходный каталог,Фильтр воздушный ЭКОФИЛ EKO-01.209,raw.catalog_номенклатура,1,1
Номенклатура — исходный каталог,Фильтр воздушный а-8057,raw.catalog_номенклатура,1,1
Номенклатура — исходный каталог,Фильтр воздушный в сборе LB50/75,raw.catalog_номенклатура,1,1
Номенклатура — исходный каталог,Фильтр воздушный кассета К-700,raw.catalog_номенклатура,1,1
Номенклатура — исходный каталог,Фильтр воздушный насоса V0063C/V0100,raw.catalog_номенклатура,1,1
Номенклатура — исходный каталог,Фильтр воздушный эл-т К-701,raw.catalog_номенклатура,1,1
Номенклатура — исходный каталог,Фильтр воздушный(погрузчик) M Filter 133х66х297,raw.catalog_номенклатура,1,1
Номенклатура — исходный каталог,Фильтр высокого давления переключения (трансмиссии) напорный,raw.catalog_номенклатура,1,1
Номенклатура — исходный каталог,Фильтр гидравлика масленный МТЗ,raw.catalog_номенклатура,1,1
Номенклатура — исходный каталог,Фильтр гидравлики 20639610,raw.catalog_номенклатура,1,1
Номенклатура — исходный каталог,Фильтр гидравлический,raw.catalog_номенклатура,1,1
Номенклатура — исходный каталог,Фильтр гидравлический (h180 d73) P763757,raw.catalog_номенклатура,1,1
Номенклатура — исходный каталог,Фильтр гидравлический 20856300,raw.catalog_номенклатура,1,1
Номенклатура — исходный каталог,Фильтр гидравлический Donaldson P555461,raw.catalog_номенклатура,1,1
Номенклатура — исходный каталог,Фильтр гидравлический Donaldson P763761,raw.catalog_номенклатура,1,1
Номенклатура — исходный каталог,Фильтр гидравлический SH55164,raw.catalog_номенклатура,1,1
Номенклатура — исходный каталог,Фильтр гидравлический Амкодор Т-150 ДИФА 5305М,raw.catalog_номенклатура,1,1
Номенклатура — исходный каталог,Фильтр гидравлический Р171737,raw.catalog_номенклатура,1,1
Номенклатура — исходный каталог,Фильтр гидравлический возврата масла (Всасывающий фильтр гидравлического подъема),raw.catalog_номенклатура,1,1
Номенклатура — исходный каталог,Фильтр дм 60-24,raw.catalog_номенклатура,1,1
Номенклатура — исходный каталог,Фильтр косой PPR 40мм,raw.catalog_номенклатура,1,1
Номенклатура — исходный каталог,Фильтр латунный самопромывной с 2-я манометрами zeissler,raw.catalog_номенклатура,1,1
Номенклатура — исходный каталог,Фильтр масленный ,raw.catalog_номенклатура,1,1
Номенклатура — исходный каталог,Фильтр масленный  RE504836 JLI,raw.catalog_номенклатура,1,1
Номенклатура — исходный каталог,Фильтр масленный  RE59754 JLI,raw.catalog_номенклатура,1,1
Номенклатура — исходный каталог,"Фильтр масленный 02,26",raw.catalog_номенклатура,1,1
Номенклатура — исходный каталог,"Фильтр масленный 02,52 К-700,МАЗ дв. ЯМЗ240",raw.catalog_номенклатура,1,1
Номенклатура — исходный каталог,Фильтр масленный 08,raw.catalog_номенклатура,1,1
Номенклатура — исходный каталог,Фильтр масленный 15208 BN30A,raw.catalog_номенклатура,1,1
Номенклатура — исходный каталог,Фильтр масленный 15208-BN3DA,raw.catalog_номенклатура,1,1
Номенклатура — исходный каталог,Фильтр масленный 2101,raw.catalog_номенклатура,1,1
Номенклатура — исходный каталог,Фильтр масленный 2108,raw.catalog_номенклатура,1,1
Номенклатура — исходный каталог,Фильтр масленный 3302,raw.catalog_номенклатура,1,1
Номенклатура — исходный каталог,Фильтр масленный AL 169573 JL,raw.catalog_номенклатура,1,1
Номенклатура — исходный каталог,Фильтр масленный AL 221066 JLI,raw.catalog_номенклатура,1,1
Номенклатура — исходный каталог,Фильтр масленный AL232896 JLI,raw.catalog_номенклатура,1,1
Номенклатура — исходный каталог,Фильтр масленный Action,raw.catalog_номенклатура,1,1
Номенклатура — исходный каталог,Фильтр масленный CAZ,raw.catalog_номенклатура,1,1
Номенклатура — исходный каталог,Фильтр масленный D17-002-2+BAN,raw.catalog_номенклатура,1,1
Номенклатура — исходный каталог,Фильтр масленный DIFA 5101/1,raw.catalog_номенклатура,1,1
Номенклатура — исходный каталог,Фильтр масленный DIFA 5102/1,raw.catalog_номенклатура,1,1
Номенклатура — исходный каталог,Фильтр масленный DIFA 5425МК,raw.catalog_номенклатура,1,1
Номенклатура — исходный каталог,"Фильтр масленный HYUNDAI,KIA 26300-35504",raw.catalog_номенклатура,1,1
Номенклатура — исходный каталог,Фильтр масленный LF16015,raw.catalog_номенклатура,1,1
Номенклатура — исходный каталог,Фильтр масленный MARSHALL M9720005,raw.catalog_номенклатура,1,1
Номенклатура — исходный каталог,Фильтр масленный Mann HU,raw.catalog_номенклатура,1,1
Номенклатура — исходный каталог,Фильтр масленный Nissan SM102,raw.catalog_номенклатура,1,1
Номенклатура — исходный каталог,Фильтр масленный RE504836,raw.catalog_номенклатура,1,1
Номенклатура — исходный каталог,Фильтр масленный SAKURA C 1605,raw.catalog_номенклатура,1,1
Номенклатура — исходный каталог,Фильтр масленный SAKURA C 7955,raw.catalog_номенклатура,1,1
Номенклатура — исходный каталог,Фильтр масленный SM102,raw.catalog_номенклатура,1,1
Номенклатура — исходный каталог,Фильтр масленный W7023,raw.catalog_номенклатура,1,1
Номенклатура — исходный каталог,Фильтр масленный ZP506,raw.catalog_номенклатура,1,1
Номенклатура — исходный каталог,Фильтр масленный kamatsu sakura c581.1 p502458,raw.catalog_номенклатура,1,1
Номенклатура — исходный каталог,Фильтр масленный kamatsu sakura c5811p502458,raw.catalog_номенклатура,1,1
Номенклатура — исходный каталог,Фильтр масленный ВАЗ 2108-15,raw.catalog_номенклатура,1,1
Номенклатура — исходный каталог,"Фильтр масленный ГАЗ-2705,3221,33302,33023,2217,2762",raw.catalog_номенклатура,1,1
Номенклатура — исходный каталог,"Фильтр масленный ГАЗ-3310,ЗИЛ-5301",raw.catalog_номенклатура,1,1
Номенклатура — исходный каталог,"Фильтр масленный ГАЗ-3310,ЗИЛ-5301(дв ММЗ-245) ЛААЗ009-1012005",raw.catalog_номенклатура,1,1
Номенклатура — исходный каталог,Фильтр масленный ДВС,raw.catalog_номенклатура,1,1
Номенклатура — исходный каталог,"Фильтр масленный ЗИЛ-5301,МАЗ-4370",raw.catalog_номенклатура,1,1
Номенклатура — исходный каталог,"Фильтр масленный ЗИЛ-5301,МАЗ-4370 (дв ММЗ-260) с гайкой",raw.catalog_номенклатура,1,1
Номенклатура — исходный каталог,Фильтр масленный КАМАЗ F16015 WK950/26 CLMMNS2992242,raw.catalog_номенклатура,1,1
Номенклатура — исходный каталог,Фильтр масленный МАЗ ЯМЗ E3 (ОС-121/146),raw.catalog_номенклатура,1,1
Номенклатура — исходный каталог,Фильтр масленный МАЗ ЯМЗ E4,raw.catalog_номенклатура,1,1
Номенклатура — исходный каталог,Фильтр масленный С5811,raw.catalog_номенклатура,1,1
Номенклатура — исходный каталог,Фильтр масленный СAZ,raw.catalog_номенклатура,1,1
Номенклатура — исходный каталог,Фильтр масленный гидросистемы DIFA 5305,raw.catalog_номенклатура,1,1
Номенклатура — исходный каталог,Фильтр масленный дв.406,raw.catalog_номенклатура,1,1
Номенклатура — исходный каталог,Фильтр масленный для насоса V0063C/V0100,raw.catalog_номенклатура,1,1
Номенклатура — исходный каталог,Фильтр масленный для насоса V0063C/V01100,raw.catalog_номенклатура,1,1
Номенклатура — исходный каталог,"Фильтр масляный (860113016/D17-002-02/D17-002-02+B/C18AB-1R0658+B, JX1023)",raw.catalog_номенклатура,1,1
Номенклатура — исходный каталог,Фильтр масляный 836679586,raw.catalog_номенклатура,1,1
Номенклатура — исходный каталог,Фильтр масляный DIFA 5101/1 ,raw.catalog_номенклатура,1,1
Номенклатура — исходный каталог,Фильтр масляный VO CH230 (84-87),raw.catalog_номенклатура,1,1
Номенклатура — исходный каталог,Фильтр масляный МАЗ  ЯМЗ ЕЗ (ОС-121/146)650-1012075,raw.catalog_номенклатура,1,1
Номенклатура — исходный каталог,Фильтр масляный МАЗ ЯМЗ ЕЗ ОС-121/146,raw.catalog_номенклатура,1,1
Номенклатура — исходный каталог,Фильтр масляный для Фишбейн 100,raw.catalog_номенклатура,1,1
Номенклатура — исходный каталог,Фильтр масляный для Фишбейн100,raw.catalog_номенклатура,1,1
Номенклатура — исходный каталог,Фильтр масляный магистральный ТО 18.28,raw.catalog_номенклатура,1,1
Номенклатура — исходный каталог,Фильтр масляный с-1903,raw.catalog_номенклатура,1,1
Номенклатура — исходный каталог,Фильтр распылителя сито-нержав сталь 80 меш  8079-РР-80,raw.catalog_номенклатура,1,1
Номенклатура — исходный каталог,Фильтр салона 214 ,raw.catalog_номенклатура,1,1
Номенклатура — исходный каталог,Фильтр салона GB-9950 для ГАЗ-3302,raw.catalog_номенклатура,1,1
Номенклатура — исходный каталог,Фильтр салонный ,raw.catalog_номенклатура,1,1
Номенклатура — исходный каталог,Фильтр салонный  FS127,raw.catalog_номенклатура,1,1
Номенклатура — исходный каталог,Фильтр салонный 2121,raw.catalog_номенклатура,1,1
Номенклатура — исходный каталог,Фильтр салонный 97133-4L000,raw.catalog_номенклатура,1,1
Номенклатура — исходный каталог,Фильтр салонный Action,raw.catalog_номенклатура,1,1
Номенклатура — исходный каталог,Фильтр салонный BIG БТЗ,raw.catalog_номенклатура,1,1
Номенклатура — исходный каталог,Фильтр салонный NF6003C,raw.catalog_номенклатура,1,1
Номенклатура — исходный каталог,Фильтр салонный Renault logan,raw.catalog_номенклатура,1,1
Номенклатура — исходный каталог,"Фильтр салонный ВАЗ 2123,1118 TSN9722/GB9831",raw.catalog_номенклатура,1,1
Номенклатура — исходный каталог,"Фильтр салонный Газель Бизнес дв 2,8",raw.catalog_номенклатура,1,1
Номенклатура — исходный каталог,Фильтр сапуна SA12567 ,raw.catalog_номенклатура,1,1
