category,original_name,source_tables,distinct_ids,source_rows
Номенклатура — current,Ремень 1775*11*10(ГАЗ 66 ПАЗ ),raw.r1c_nomenclature_current,1,1
Номенклатура — current,Ремень 1800  С(В),raw.r1c_nomenclature_current,1,1
Номенклатура — current,Ремень 1900  Б PIX,raw.r1c_nomenclature_current,1,1
Номенклатура — current,Ремень 1900  С,raw.r1c_nomenclature_current,1,1
Номенклатура — current,Ремень 1900В( Б),raw.r1c_nomenclature_current,1,1
Номенклатура — current,Ремень 2000,raw.r1c_nomenclature_current,1,1
Номенклатура — current,Ремень 214,raw.r1c_nomenclature_current,1,1
Номенклатура — current,Ремень 3000 Б,raw.r1c_nomenclature_current,1,1
Номенклатура — current,Ремень 3050 Б,raw.r1c_nomenclature_current,1,1
Номенклатура — current,Ремень 45*22*2600,raw.r1c_nomenclature_current,1,1
Номенклатура — current,Ремень 600,raw.r1c_nomenclature_current,1,1
Номенклатура — current,Ремень 850 А,raw.r1c_nomenclature_current,1,1
Номенклатура — current,Ремень 887 Б,raw.r1c_nomenclature_current,1,1
Номенклатура — current,Ремень 937 Б,raw.r1c_nomenclature_current,1,1
Номенклатура — current,Ремень 987 Б,raw.r1c_nomenclature_current,1,1
Номенклатура — current,Ремень Audi/Seat VW 10х730,raw.r1c_nomenclature_current,1,1
Номенклатура — current,Ремень В/Б-1650  (В/Е 1650),raw.r1c_nomenclature_current,1,1
Номенклатура — current,Ремень В/Б-3000,raw.r1c_nomenclature_current,1,1
Номенклатура — current,Ремень ГАЗ-3302 безопасности левый с кронштейном,raw.r1c_nomenclature_current,1,1
Номенклатура — current,Ремень ЗИЛ-5301 генератора,raw.r1c_nomenclature_current,1,1
Номенклатура — current,"Ремень МТЗ 80,100 BRT ASK 1250-11х10",raw.r1c_nomenclature_current,1,1
Номенклатура — current,Ремень МТЗ-1221 1220х16х11,raw.r1c_nomenclature_current,1,1
Номенклатура — current,Ремень МТЗ-80 1250х11х10,raw.r1c_nomenclature_current,1,1
Номенклатура — current,"Ремень МТЗ-80, МТЗ-100 1250-11х10",raw.r1c_nomenclature_current,1,1
Номенклатура — current,"Ремень ПАЗ,ЗИЛ генератора 1500 Ах11х10",raw.r1c_nomenclature_current,1,1
Номенклатура — current,Ремень Х17 1180(6847),raw.r1c_nomenclature_current,1,1
Номенклатура — current,Ремень ХРА 1432,raw.r1c_nomenclature_current,1,1
Номенклатура — current,Ремень ЯМЗ вентилятора BRT ASK 1180-11х10,raw.r1c_nomenclature_current,1,1
Номенклатура — current,Ремень ЯМЗ насоса водяного зубчатый,raw.r1c_nomenclature_current,1,1
Номенклатура — current,"Ремень ЯМЗ-240Б,8421, КАМАЗ-741,К-701 RUBENA 1320-14х13",raw.r1c_nomenclature_current,1,1
Номенклатура — current,"Ремень ЯМЗ-240Б,8421,КАМАЗ-741,К-701 MEGAPOWER 1320-14x13",raw.r1c_nomenclature_current,1,1
Номенклатура — current,Ремень вентилятора 11х10-1250 МТЗ профиль А-1250,raw.r1c_nomenclature_current,1,1
Номенклатура — current,Ремень вентиляторный 1650 х11х10,raw.r1c_nomenclature_current,1,1
Номенклатура — current,Ремень вибрации WK,raw.r1c_nomenclature_current,1,1
Номенклатура — current,Ремень водяного насоса ЯМЗ 1180 А,raw.r1c_nomenclature_current,1,1
Номенклатура — current,Ремень генератора Valtra 190,raw.r1c_nomenclature_current,1,1
Номенклатура — current,Ремень генератора Н4М ARKANA,raw.r1c_nomenclature_current,1,1
Номенклатура — current,"Ремень генератора ПАЗ, ЗИЛ Ах11х10",raw.r1c_nomenclature_current,1,1
Номенклатура — current,Ремень зубчатый 14М 966 HTD 54мм,raw.r1c_nomenclature_current,1,1
Номенклатура — current,Ремень зубчатый 8М 2000 HTD 20мм,raw.r1c_nomenclature_current,1,1
Номенклатура — current,Ремень зубчатый 8М 600 HTD 20мм,raw.r1c_nomenclature_current,1,1
Номенклатура — current,Ремень клиновой  В/Б-1250,raw.r1c_nomenclature_current,1,1
Номенклатура — current,Ремень клиновой AVX10X730,raw.r1c_nomenclature_current,1,1
Номенклатура — current,Ремень клиновый ,raw.r1c_nomenclature_current,1,1
Номенклатура — current,Ремень клиновый 1125*13AVX,raw.r1c_nomenclature_current,1,1
Номенклатура — current,Ремень клиновый 1473J 16 580,raw.r1c_nomenclature_current,1,1
Номенклатура — current,Ремень клиновый 900*10 ,raw.r1c_nomenclature_current,1,1
Номенклатура — current,Ремень клиновый GATES SPA 1600 DELTA NARROW,raw.r1c_nomenclature_current,1,1
Номенклатура — current,Ремень клиновый SPA-1180 Lp (11*10-1180) PIX,raw.r1c_nomenclature_current,1,1
Номенклатура — current,Ремень клиновый SPВ-1250 Lp  HIMPT,raw.r1c_nomenclature_current,1,1
Номенклатура — current,Ремень клиновый SPВ-1250 Lp  PIX,raw.r1c_nomenclature_current,1,1
Номенклатура — current,Ремень клиновый А-1120,raw.r1c_nomenclature_current,1,1
Номенклатура — current,Ремень клиновый А-1200,raw.r1c_nomenclature_current,1,1
Номенклатура — current,Ремень клиновый А-1220 Lp 1190Li ГОСТ 1284-89 НМРТ,raw.r1c_nomenclature_current,1,1
Номенклатура — current,Ремень клиновый А-1700 Lp 1670Li,raw.r1c_nomenclature_current,1,1
Номенклатура — current,Ремень клиновый В83 17х2160LP2120LI HIPOWER,raw.r1c_nomenclature_current,1,1
Номенклатура — current,Ремень клиновый ХPA-1250 Lp (11*10-1250) PIX зуб,raw.r1c_nomenclature_current,1,1
Номенклатура — current,Ремень клиновый усиленный SPВ-1950 EXra POWER SANLUX,raw.r1c_nomenclature_current,1,1
Номенклатура — current,Ремень кондиционера МТЗ А-1700,raw.r1c_nomenclature_current,1,1
Номенклатура — current,Ремень крепления груза,raw.r1c_nomenclature_current,1,1
Номенклатура — current,"Ремень крепления груза с храповиком 10 м, 5 т Airline ",raw.r1c_nomenclature_current,1,1
Номенклатура — current,Ремень круглый 13*2820мм,raw.r1c_nomenclature_current,1,1
Номенклатура — current,Ремень плоский 110*1150мм,raw.r1c_nomenclature_current,1,1
Номенклатура — current,Ремень поликлиновой ГАЗ 3302,raw.r1c_nomenclature_current,1,1
Номенклатура — current,Ремень поликлиновый 8РК1653,raw.r1c_nomenclature_current,1,1
Номенклатура — current,Ремень поликлиновый 8РК1740 DONGL,raw.r1c_nomenclature_current,1,1
Номенклатура — current,Ремень полиуретановый Т10 780,raw.r1c_nomenclature_current,1,1
Номенклатура — current,Ремень привода ,raw.r1c_nomenclature_current,1,1
Номенклатура — current,Ремень привода 6РК1683,raw.r1c_nomenclature_current,1,1
Номенклатура — current,Ремень привода вакумной крыльчатки,raw.r1c_nomenclature_current,1,1
Номенклатура — current,Ремень привода вентелятора КАМАЗ 1475LA*13 AVX Htvtym,raw.r1c_nomenclature_current,1,1
Номенклатура — current,Ремень приводной 1423202 AGRI(661093.0),raw.r1c_nomenclature_current,1,1
Номенклатура — current,Ремень приводной 16Х11-1220  В-1220 Lw,raw.r1c_nomenclature_current,1,1
Номенклатура — current,Ремень приводной МТЗ 50-52 Д-240  BRT ASK 1220-16х11,raw.r1c_nomenclature_current,1,1
Номенклатура — current,Ремень приводной генератора двигателя,raw.r1c_nomenclature_current,1,1
Номенклатура — current,"Ремень приводной зубчатый HTD 2000 8М, ширина - 20мм",raw.r1c_nomenclature_current,1,1
Номенклатура — current,Ремень приводной клиновой ,raw.r1c_nomenclature_current,1,1
Номенклатура — current,Ремень приводной клиновой А-1120,raw.r1c_nomenclature_current,1,1
Номенклатура — current,Ремень приводной клиновой А-1160,raw.r1c_nomenclature_current,1,1
Номенклатура — current,Ремень приводной клиновой А-1250,raw.r1c_nomenclature_current,1,1
Номенклатура — current,Ремень приводной клиновой А-1700,raw.r1c_nomenclature_current,1,1
Номенклатура — current,Ремень приводной клиновой В-1250,raw.r1c_nomenclature_current,1,1
Номенклатура — current,Ремень приводной клиновый ford transit 2.2D 11,raw.r1c_nomenclature_current,1,1
Номенклатура — current,Ремень приводной клиновый А-1250,raw.r1c_nomenclature_current,1,1
Номенклатура — current,Ремень протяжной сетки для R2,raw.r1c_nomenclature_current,1,1
Номенклатура — current,Ремень резиновый 13мм,raw.r1c_nomenclature_current,1,1
Номенклатура — current,"Ремень стяжной  (35мм, 1т, 6м) ",raw.r1c_nomenclature_current,1,1
Номенклатура — current,"Ремень стяжной  (50мм, 5т, 10м) ",raw.r1c_nomenclature_current,1,1
Номенклатура — current,Ремень стяжной для крепления груза 4/8т 10м GSR-014,raw.r1c_nomenclature_current,1,1
Номенклатура — current,"Ремень стяжной для крепления груза 6м, 2,0/4,0тн кольцевой РОМЕК 50.20.1.к",raw.r1c_nomenclature_current,1,1
Номенклатура — current,"Ремень стяжной с крюками (50мм, 5т, 12м) СТРОП-ПРО SP03011",raw.r1c_nomenclature_current,1,1
Номенклатура — current,Ремень элеватора 40 красные ковши,raw.r1c_nomenclature_current,1,1
Номенклатура — current,Ремкомплект,raw.r1c_nomenclature_current,1,1
Номенклатура — current,Ремкомплект  гидрораспределителя РП70-1221 МТЗ САЛЕО-ГОМЕЛЬ,raw.r1c_nomenclature_current,1,1
Номенклатура — current,Ремкомплект  распределителя Р80 -3/1-222 с клапаном,raw.r1c_nomenclature_current,1,1
Номенклатура — current,Ремкомплект  распределителя Р80 МТЗ,raw.r1c_nomenclature_current,1,1
Номенклатура — current,Ремкомплект  распределителя РП70 МТЗ,raw.r1c_nomenclature_current,1,1
Номенклатура — current,Ремкомплект  распределителя РП70 полный с клапаном,raw.r1c_nomenclature_current,1,1
Номенклатура — current,Ремкомплект  реактивных штанг,raw.r1c_nomenclature_current,1,1
Номенклатура — current,Ремкомплект BMR-P41/T10,raw.r1c_nomenclature_current,1,1
Номенклатура — current,"Ремкомплект Д-260 насоса водяного (вал,крыльчатка) РК 260-1307010*РК",raw.r1c_nomenclature_current,1,1
Номенклатура — current,Ремкомплект Д-260 центрифуги,raw.r1c_nomenclature_current,1,1
Номенклатура — current,"Ремкомплект МТЗ ,ЮМЗ,Т-40  наконечника рулевого (с пальцем)",raw.r1c_nomenclature_current,1,1
Номенклатура — current,Ремкомплект МТЗ -1221 наконечника рулевой тяги (с пальцем),raw.r1c_nomenclature_current,1,1
Номенклатура — current,"Ремкомплект МТЗ-80,82,100,102 тормозов  70-350 РК",raw.r1c_nomenclature_current,1,1
Номенклатура — current,"Ремкомплект МТЗ-80,82,82А моста переднего ведущего (полный)  72-230 РК",raw.r1c_nomenclature_current,1,1
Номенклатура — current,Ремкомплект НШ-10,raw.r1c_nomenclature_current,1,1
Номенклатура — current,Ремкомплект НШ-32,raw.r1c_nomenclature_current,1,1
Номенклатура — current,Ремкомплект главного тормозного цилиндра,raw.r1c_nomenclature_current,1,1
Номенклатура — current,Ремкомплект для б/к шин в кейсе ATRK-4,raw.r1c_nomenclature_current,1,1
Номенклатура — current,Ремкомплект для подключения радиатора отопителя салона,raw.r1c_nomenclature_current,1,1
Номенклатура — current,Ремкомплект крана подпедального 100-3514109,raw.r1c_nomenclature_current,1,1
Номенклатура — current,Ремкомплект крепежа,raw.r1c_nomenclature_current,1,1
Номенклатура — current,Ремкомплект масляного фильтра МАЗ 201-1017010,raw.r1c_nomenclature_current,1,1
Номенклатура — current,Ремкомплект наконечника МТЗ -1221-3003010,raw.r1c_nomenclature_current,1,1
Номенклатура — current,Ремкомплект наконечника рулевой тяги МТЗ -1220-3003010 с пальцем,raw.r1c_nomenclature_current,1,1
Номенклатура — current,"Ремкомплект опоры промежуточной МТЗ 80,82",raw.r1c_nomenclature_current,1,1
Номенклатура — current,Ремкомплект переднего суппорта,raw.r1c_nomenclature_current,1,1
Номенклатура — current,"Ремкомплект сальников коленвала Д-240 50*70*,100*125",raw.r1c_nomenclature_current,1,1
Номенклатура — current,Ремкомплект силового цилиндра ЦС 125,raw.r1c_nomenclature_current,1,1
Номенклатура — current,Ремкомплект силового цилиндра ЦС-90,raw.r1c_nomenclature_current,1,1
Номенклатура — current,Ремкомплект ступицы 32210-32214 F8 220x275 M20,raw.r1c_nomenclature_current,1,1
Номенклатура — current,Ремкомплект ступицы заднего колеса,raw.r1c_nomenclature_current,1,1
Номенклатура — current,Ремкомплект ступицы переднего колеса,raw.r1c_nomenclature_current,1,1
Номенклатура — current,Ремкомплект суппорта BOX3/JUMP3 R15 пер.(резинки),raw.r1c_nomenclature_current,1,1
Номенклатура — current,Ремкомплект суппорта BOX3/JUMP3/DUC244/250 пер.пальцы,raw.r1c_nomenclature_current,1,1
Номенклатура — current,Ремкомплект топливного насоса ТНВД МТЗ,raw.r1c_nomenclature_current,1,1
Номенклатура — current,Ремкомплект топливного фильтра МАЗ 236-1117001,raw.r1c_nomenclature_current,1,1
Номенклатура — current,Ремкомплект трубки ПВХ Ф6 (соединитель) осевой ,raw.r1c_nomenclature_current,1,1
Номенклатура — current,Ремкомплект трубки ПВХ ф10-ф12 (соединитель) осевой ,raw.r1c_nomenclature_current,1,1
Номенклатура — current,Ремкомплект трубки ПВХ ф12 (соединитель) осевой фитинг,raw.r1c_nomenclature_current,1,1
Номенклатура — current,Ремкомплект трубки ПВХ ф8-ф10 (соединитель) осевой ,raw.r1c_nomenclature_current,1,1
Номенклатура — current,Ремкомплект шарниров рул.цил.РК63/Ц63,raw.r1c_nomenclature_current,1,1
Номенклатура — current,Ремонтное соединение тип Елочка,raw.r1c_nomenclature_current,1,1
Номенклатура — current,Ремонтные работы на базе,raw.r1c_nomenclature_current,1,1
Номенклатура — current,Ремонтные работы на поле,raw.r1c_nomenclature_current,1,1
Номенклатура — current,Ремонтные работы собственные,raw.r1c_nomenclature_current,1,1
Номенклатура — current,Ремонтный набор масляной системы,raw.r1c_nomenclature_current,1,1
Номенклатура — current,"Репа ""Орбита""",raw.r1c_nomenclature_current,1,1
Номенклатура — current,"Репа ""Снежный шар""",raw.r1c_nomenclature_current,1,1
Номенклатура — current,Репеллент MOSQ.Ср.проф.защ.реп.аэр.150 мл.,raw.r1c_nomenclature_current,1,1
Номенклатура — current,Ресанта Мультиметр М830В DT 830B 61/10/218,raw.r1c_nomenclature_current,1,1
Номенклатура — current,Ресивер РВ900.10.11 10бар верт.,raw.r1c_nomenclature_current,1,1
Номенклатура — current,Респиратор ,raw.r1c_nomenclature_current,1,1
Номенклатура — current,Респиратор Алина-АВ  до 12 ПДК с клапаном выдоха,raw.r1c_nomenclature_current,1,1
Номенклатура — current,Респиратор БРИЗ-КАМА  до 4ПДК с клапаном,raw.r1c_nomenclature_current,1,1
Номенклатура — current,Респиратор У2-К,raw.r1c_nomenclature_current,1,1
Номенклатура — current,Респиратор противоаэрозольный НР3-0111 с клапаном FFP1 NR D (аналог 3М 8112),raw.r1c_nomenclature_current,1,1
Номенклатура — current,Респиратор противоаэрозольный НР3-0113 с клапаном FFP3 NR D (аналог 3М 8132),raw.r1c_nomenclature_current,1,1
Номенклатура — current,"Респиратор с клапаном (10 шт.), FFP2 NR D",raw.r1c_nomenclature_current,1,1
Номенклатура — current,Респиратор-маска VMASK KN95 FFP2 до 12ПДК с клапаном,raw.r1c_nomenclature_current,1,1
Номенклатура — current,Рефконтейнер Thermo king 5821570 2005к,raw.r1c_nomenclature_current,1,1
Номенклатура — current,Решетка алюмин. 300х400,raw.r1c_nomenclature_current,1,1
Номенклатура — current,Решетка алюмин. 700х700,raw.r1c_nomenclature_current,1,1
Номенклатура — current,"Решетка водоприемная Gidrolica РВ-30.35,8.50 - щелевая пластик",raw.r1c_nomenclature_current,1,1
Номенклатура — current,Решетка гравитационная,raw.r1c_nomenclature_current,1,1
Номенклатура — current,Решетка инерционная встраиваемая наружняя АРИВ 500*500,raw.r1c_nomenclature_current,1,1
Номенклатура — current,Решетка капота верхняя МТЗ,raw.r1c_nomenclature_current,1,1
Номенклатура — current,Решетка металлическая жалюзийная с фланцем 600х600,raw.r1c_nomenclature_current,1,1
Номенклатура — current,Решетка наружняя круглая 160мм,raw.r1c_nomenclature_current,1,1
Номенклатура — current,Решетка переточная РП 200х200,raw.r1c_nomenclature_current,1,1
Номенклатура — current,Решетка радиатора 214,raw.r1c_nomenclature_current,1,1
Номенклатура — current,Решетка радиатора МТЗ-80-8401080,raw.r1c_nomenclature_current,1,1
Номенклатура — current,Решетка разделительная ,raw.r1c_nomenclature_current,1,1
Номенклатура — current,"Решетка разделительная пластиковая,тол(41,8х49см) для 10-рам улья",raw.r1c_nomenclature_current,1,1
Номенклатура — current,Решетка чугунная РЧВ Optima400 D400 волна,raw.r1c_nomenclature_current,1,1
Номенклатура — current,Решетка чугунная РЧВ Optima500 D400 волна,raw.r1c_nomenclature_current,1,1
Номенклатура — current,Решетчатая выкладывающая ложечка,raw.r1c_nomenclature_current,1,1
Номенклатура — current,Ридомил Голд МЦ.ВДГ,raw.r1c_nomenclature_current,1,1
Номенклатура — current,Ридомил Голд Р.ВДГ,raw.r1c_nomenclature_current,1,1
Номенклатура — current,Ризоплан Инсектицид,raw.r1c_nomenclature_current,1,1
Номенклатура — current,Рикошет Инсектицид,raw.r1c_nomenclature_current,1,1
Номенклатура — current,Рогор-С Инсектицид,raw.r1c_nomenclature_current,1,1
Номенклатура — current,"Рожь озимая ""Фаленская 4"" РСт",raw.r1c_nomenclature_current,1,1
Номенклатура — current,"Роз. 1-местн. ОУ с заз.конт. IP54, с прозрачной крышкой, серия",raw.r1c_nomenclature_current,1,1
Номенклатура — current,Роз. 2-местн. ОУ с заз.конт. IP54,raw.r1c_nomenclature_current,1,1
Номенклатура — current,Роз. 2К+3 нем.стандарт 773759,raw.r1c_nomenclature_current,1,1
Номенклатура — current,Розетка  кабельная 215-16А-6h-380AC-3P+PE+N-IP44,raw.r1c_nomenclature_current,1,1
Номенклатура — current,Розетка  о/у с/з белая FA 16-003b,raw.r1c_nomenclature_current,1,1
Номенклатура — current,Розетка (колодка) двухместная с защитными крышками РБ32-1-0м ОМЕГА IP44,raw.r1c_nomenclature_current,1,1
Номенклатура — current,Розетка (колодка) четырехместная с защитными крышками ОМЕГА IP44,raw.r1c_nomenclature_current,1,1
Номенклатура — current,"Розетка 1 О/П IP54 с з/к, с крышкой РСб20-3-ФСр 16А серия ""ФОРС"" цвет:серый/чёрный",raw.r1c_nomenclature_current,1,1
Номенклатура — current,Розетка 1-м ОП Aquatic РСш12-2-А 16А IP54 с заземл. с крышкой сер. IEK,raw.r1c_nomenclature_current,1,1
Номенклатура — current,"Розетка 1-местн. переносная каучук, P16-386",raw.r1c_nomenclature_current,1,1
Номенклатура — current,Розетка 1гн ,raw.r1c_nomenclature_current,1,1
Номенклатура — current,Розетка 1гн о/у с/з,raw.r1c_nomenclature_current,1,1
Номенклатура — current,Розетка 2гн о/у с/з,raw.r1c_nomenclature_current,1,1
Номенклатура — current,Розетка 2м ОП форс РСБ22-3-ФСР,raw.r1c_nomenclature_current,1,1
Номенклатура — current,Розетка 3-местн. ОУ IP54,raw.r1c_nomenclature_current,1,1
Номенклатура — current,Розетка 3-местн. ОУ с земл. P54,raw.r1c_nomenclature_current,1,1
Номенклатура — current,Розетка О/У 16А 250 В белая,raw.r1c_nomenclature_current,1,1
Номенклатура — current,Розетка ОП  16А 380B  3Р+РЕ+N ССИ-114IP44 ИЭК PSN12-016-4,raw.r1c_nomenclature_current,1,1
Номенклатура — current,Розетка ОП  16А 380B  3Р+РЕ+N ССИ-115 ИЭК,raw.r1c_nomenclature_current,1,1
Номенклатура — current,Розетка ОП ИЭК ССИ-124 32А 380В IP44,raw.r1c_nomenclature_current,1,1
Номенклатура — current,Розетка ОП РА16 ,raw.r1c_nomenclature_current,1,1
Номенклатура — current,Розетка ОУ 1гн с/з,raw.r1c_nomenclature_current,1,1
Номенклатура — current,Розетка встраиваемая ССИ-414 16А-6ч/380-415В 3Р+PЕ IP44,raw.r1c_nomenclature_current,1,1
Номенклатура — current,Розетка двойная накладная с заземлением,raw.r1c_nomenclature_current,1,1
Номенклатура — current,Розетка каб 63А 3Р+N+Е IP44 перен.,raw.r1c_nomenclature_current,1,1
Номенклатура — current,Розетка каб. 32А 380B  3Р+Е+N ССИ-225 ИЭК,raw.r1c_nomenclature_current,1,1
Номенклатура — current,Розетка кабельная 3р+N+PE 16А 380В IP44 (на кабель) PCE 215-6,raw.r1c_nomenclature_current,1,1
Номенклатура — current,Розетка кабельная 3р+N+PE 32А 380В IP44 PCE 225-6,raw.r1c_nomenclature_current,1,1
Номенклатура — current,"Розетка каучук 3-я РБ33-1,0м с защитными крышками",raw.r1c_nomenclature_current,1,1
Номенклатура — current,"Розетка каучук 3-я РБ33-1,0м с защитными крышками ОМЕГА IP44 (упак 20шт)",raw.r1c_nomenclature_current,1,1
Номенклатура — current,Розетка мобильная EKF ,raw.r1c_nomenclature_current,1,1
Номенклатура — current,Розетка мобильная IEK ,raw.r1c_nomenclature_current,1,1
Номенклатура — current,Розетка наружная с заземлением с крышкой IP54,raw.r1c_nomenclature_current,1,1
Номенклатура — current,Розетка наружной установки,raw.r1c_nomenclature_current,1,1
Номенклатура — current,"Розетка низкая, 4-фиксатора, для панели, 24 полюса, 16А",raw.r1c_nomenclature_current,1,1
Номенклатура — current,Розетка перен. 3Р+РЕ+N 16А 380В IP67,raw.r1c_nomenclature_current,1,1
Номенклатура — current,Розетка переносная 215 3Р+РЕ+N 16А 380В IP44 Б0032863,raw.r1c_nomenclature_current,1,1
Номенклатура — current,Розетка переносная 215 ЗР+РЕ+N 16А 380В IP44,raw.r1c_nomenclature_current,1,1
Номенклатура — current,Розетка переносная 2252 3Р+РЕ+N 32А 380В IP67,raw.r1c_nomenclature_current,1,1
Номенклатура — current,Розетка переносная ССИ-215 16А-6ч/200/346-240/415В,raw.r1c_nomenclature_current,1,1
Номенклатура — current,"Розетка с безвинтовыми клеммами push-in для реле 55.33, таймера 85.03",raw.r1c_nomenclature_current,1,1
Номенклатура — current,"Розетка с клеммами push-in для реле 55.33, 85.03 и модулей",raw.r1c_nomenclature_current,1,1
Номенклатура — current,"Розетка с клеммами push-in для реле 55.34, 55.32, 85.02, 85.04 и модулей 99.02, 86., 94P4SM",raw.r1c_nomenclature_current,1,1
Номенклатура — current,Розетка силовая переносная 3Р+РЕ 16А ИЭК,raw.r1c_nomenclature_current,1,1
Номенклатура — current,Розетка стационарная ССИ-115 16А-6ч/200/346-240/415В,raw.r1c_nomenclature_current,1,1
Номенклатура — current,Розетка стационарная ССИ-125 32А 3Р+РЕ+N 380В IP44,raw.r1c_nomenclature_current,1,1
Номенклатура — current,Розетка стационарная наружная 115 3Р+РЕ+N 16А 380В IP44,raw.r1c_nomenclature_current,1,1
Номенклатура — current,Розетка стационарная наружная 135 3Р+РЕ+N 63А 380В IP67,raw.r1c_nomenclature_current,1,1
Номенклатура — current,Розы в ассортименте,raw.r1c_nomenclature_current,1,1
Номенклатура — current,Рол цепь E-3/4Х1/2*-176-1 В95-06045,raw.r1c_nomenclature_current,1,1
Номенклатура — current,Ролик ,raw.r1c_nomenclature_current,1,1
Номенклатура — current,Ролик (121000785,raw.r1c_nomenclature_current,1,1
Номенклатура — current,Ролик (ЗФ 00.000-аналог),raw.r1c_nomenclature_current,1,1
Номенклатура — current,Ролик (КН650 01.03.000-01-аналог),raw.r1c_nomenclature_current,1,1
Номенклатура — current,Ролик (КН650 01.03.000-аналог),raw.r1c_nomenclature_current,1,1
Номенклатура — current,Ролик (КН650 01.04.100-аналог),raw.r1c_nomenclature_current,1,1
Номенклатура — current,Ролик 01-00001023,raw.r1c_nomenclature_current,1,1
Номенклатура — current,Ролик 088.01370,raw.r1c_nomenclature_current,1,1
Номенклатура — current,Ролик 3Ф 00.00.000,raw.r1c_nomenclature_current,1,1
Номенклатура — current,Ролик 3Ф 00.00.000-01,raw.r1c_nomenclature_current,1,1
Номенклатура — current,Ролик 85.33.001,raw.r1c_nomenclature_current,1,1
Номенклатура — current,Ролик 95 ,raw.r1c_nomenclature_current,1,1
Номенклатура — current,Ролик CI D90 WC,raw.r1c_nomenclature_current,1,1
Номенклатура — current,Ролик D90,raw.r1c_nomenclature_current,1,1
Номенклатура — current,Ролик S D90 NC D16,raw.r1c_nomenclature_current,1,1
Номенклатура — current,Ролик WC90,raw.r1c_nomenclature_current,1,1
Номенклатура — current,Ролик Б-125-М2 08.06.000 СБ,raw.r1c_nomenclature_current,1,1
Номенклатура — current,Ролик ЗТ-40 01.04.000 направляющий,raw.r1c_nomenclature_current,1,1
Номенклатура — current,Ролик КА-00009848,raw.r1c_nomenclature_current,1,1
Номенклатура — current,Ролик КПК 0102240,raw.r1c_nomenclature_current,1,1
Номенклатура — current,Ролик КПК 0102240-01,raw.r1c_nomenclature_current,1,1
Номенклатура — current,Ролик КПК 0102240-02,raw.r1c_nomenclature_current,1,1
Номенклатура — current,Ролик КПК 0103240,raw.r1c_nomenclature_current,1,1
Номенклатура — current,Ролик КПК 0103410,raw.r1c_nomenclature_current,1,1
Номенклатура — current,Ролик КПК 0103420,raw.r1c_nomenclature_current,1,1
Номенклатура — current,Ролик КПК 0118030,raw.r1c_nomenclature_current,1,1
Номенклатура — current,Ролик ПВХ для инспекционного стола,raw.r1c_nomenclature_current,1,1
Номенклатура — current,Ролик ППК 0103130,raw.r1c_nomenclature_current,1,1
Номенклатура — current,Ролик ППК 0103130-02,raw.r1c_nomenclature_current,1,1
Номенклатура — current,Ролик ППК 0103140,raw.r1c_nomenclature_current,1,1
Номенклатура — current,Ролик ППК 0103140-01,raw.r1c_nomenclature_current,1,1
Номенклатура — current,Ролик ППК 0103150,raw.r1c_nomenclature_current,1,1
Номенклатура — current,Ролик ППК0103130-03,raw.r1c_nomenclature_current,1,1
Номенклатура — current,Ролик ППК0103140-03,raw.r1c_nomenclature_current,1,1
Номенклатура — current,Ролик боковой двери верхний,raw.r1c_nomenclature_current,1,1
Номенклатура — current,Ролик боковой двери нижний,raw.r1c_nomenclature_current,1,1
Номенклатура — current,Ролик в сборе (по эскизу),raw.r1c_nomenclature_current,1,1
Номенклатура — current,Ролик в сборе (по эскизу) мод.2,raw.r1c_nomenclature_current,1,1
Номенклатура — current,Ролик в сборе СР-3015,raw.r1c_nomenclature_current,1,1
Номенклатура — current,Ролик в сборе инспекционного стола TS 3012,raw.r1c_nomenclature_current,1,1
Номенклатура — current,Ролик в сборе передний,raw.r1c_nomenclature_current,1,1
Номенклатура — current,Ролик внутренний,raw.r1c_nomenclature_current,1,1
Номенклатура — current,Ролик вытяжной обрезиненный R-2,raw.r1c_nomenclature_current,1,1
Номенклатура — current,Ролик для гидравлических тележек 80x70мм нейлоновый с шариковым подшипником Gigant G-04-09-01,raw.r1c_nomenclature_current,1,1
Номенклатура — current,Ролик для ремонта шин с деревянной ручкой JTC-3460,raw.r1c_nomenclature_current,1,1
Номенклатура — current,Ролик монтажный RM50 PROxima rm-50,raw.r1c_nomenclature_current,1,1
Номенклатура — current,Ролик нагрузочный 80x93 Nylon (с пш) (AC/DF),raw.r1c_nomenclature_current,1,1
Номенклатура — current,Ролик натяжителя ,raw.r1c_nomenclature_current,1,1
Номенклатура — current,Ролик натяжной ВАЗ 2108/99 ВТ008,raw.r1c_nomenclature_current,1,1
Номенклатура — current,"Ролик натяжной ремня ГРМ Н/О GATES ВАЗ-2105,2108 ",raw.r1c_nomenclature_current,1,1
Номенклатура — current,Ролик опорный ROLKA BOCZNA PODPOROWA D90,raw.r1c_nomenclature_current,1,1
Номенклатура — current,Ролик поворотный,raw.r1c_nomenclature_current,1,1
Номенклатура — current,"Ролик подвилочный 82мм ширина 70мм до 850кг,подшипник",raw.r1c_nomenclature_current,1,1
Номенклатура — current,Ролик поддерживающий ,raw.r1c_nomenclature_current,1,1
Номенклатура — current,Ролик поддерживающий 115х50,raw.r1c_nomenclature_current,1,1
Номенклатура — current,Ролик поддерживающий 225х50,raw.r1c_nomenclature_current,1,1
Номенклатура — current,Ролик полотна СПР.00.030-01 (в сборе),raw.r1c_nomenclature_current,1,1
Номенклатура — current,Ролик режущий для плиткореза,raw.r1c_nomenclature_current,1,1
Номенклатура — current,Ролик с бортиком 90 в ком.,raw.r1c_nomenclature_current,1,1
Номенклатура — current,Ролик цепь E-DIN 5/8х3/8-108.1,raw.r1c_nomenclature_current,1,1
Номенклатура — current,Ролик цепь E-DIN 5/8х3/8-39.1,raw.r1c_nomenclature_current,1,1
Номенклатура — current,"Ролик. цепь-1 1/4""-100H-1SY-58",raw.r1c_nomenclature_current,1,1
Номенклатура — current,Ролики обводной,raw.r1c_nomenclature_current,1,1
Номенклатура — current,Роликовая сортировка RS-312HZ1 (диапазон 20-120мм),raw.r1c_nomenclature_current,1,1
Номенклатура — current,Роликовая цепь - Е - 3/4Х1/2-72  -1,raw.r1c_nomenclature_current,1,1
Номенклатура — current,Роликовая цепь - Е - АSA60-H-3/4-124-1,raw.r1c_nomenclature_current,1,1
Номенклатура — current,Роликовая цепь - Е-3/4*1/2-47-1-2,raw.r1c_nomenclature_current,1,1
Номенклатура — current,Роликовый инспекционный стол РИ-ЗТ,raw.r1c_nomenclature_current,1,1
Номенклатура — current,Роллеты в сборе РО/55пм белые 2000*2600,raw.r1c_nomenclature_current,1,1
Номенклатура — current,Ромбус Инсектицид,raw.r1c_nomenclature_current,1,1
Номенклатура — current,"Ронилан, КС  ",raw.r1c_nomenclature_current,1,1
Номенклатура — current,"Роутер Cudy LT500 [3G, 4G, 150 Мбит/с, Wi-Fi 802.11n,ac, 2.4 ГГц, 5 ГГц, 4 LAN, SIM-слот]",raw.r1c_nomenclature_current,1,1
Номенклатура — current,Роутер Keenelic 4G Wi Fi ,raw.r1c_nomenclature_current,1,1
Номенклатура — current,Роутер мегафон 4G MR150-10,raw.r1c_nomenclature_current,1,1
Номенклатура — current,Рубанок электрический,raw.r1c_nomenclature_current,1,1
Номенклатура — current,Рубероид РПП-300 (15),raw.r1c_nomenclature_current,1,1
Номенклатура — current,Рубероид РПП-350,raw.r1c_nomenclature_current,1,1
Номенклатура — current,Рубильник ВР32-35 8302320 250А УХЛЗ КЗАЗ,raw.r1c_nomenclature_current,1,1
Номенклатура — current,Рубин Инсектицид,raw.r1c_nomenclature_current,1,1
Номенклатура — current,Рувинил бокс ОП IP65,raw.r1c_nomenclature_current,1,1
Номенклатура — current,"Рукав 5/16"" DN=08 350bar",raw.r1c_nomenclature_current,1,1
Номенклатура — current,Рукав 9 мм 3 класс,raw.r1c_nomenclature_current,1,1
Номенклатура — current,Рукав 9мм 3 класс ГОСТ 20атмас.кислородный,raw.r1c_nomenclature_current,1,1
Номенклатура — current,Рукав РВД 16-1SN S32 DK (M27*1.5) 13MПа 2050,raw.r1c_nomenclature_current,1,1
Номенклатура — current,Рукав РВД Semperit 08-2SN S19DK (M16*1.5) 35MПа 1450,raw.r1c_nomenclature_current,1,1
Номенклатура — current,Рукав РВД Semperit 16-2SN S32 DK (M27*1.5) 25MПа 0450,raw.r1c_nomenclature_current,1,1
Номенклатура — current,Рукав Ф12 мм с нитяным усилием (16 атм),raw.r1c_nomenclature_current,1,1
Номенклатура — current,Рукав бензостойкий Fuel oil D=16 P=20 bar,raw.r1c_nomenclature_current,1,1
Номенклатура — current,Рукав высокого давления 2SN DN 06 P=400 PRM арт. PM-2SN06-BSC,raw.r1c_nomenclature_current,1,1
Номенклатура — current,Рукав высокого давления 2SN DN 06 P=400 VRS арт. VS-2SN06-STD,raw.r1c_nomenclature_current,1,1
Номенклатура — current,Рукав высокого давления 2SN DN 08 P=350 VRS арт. VS-2SN08-STD,raw.r1c_nomenclature_current,1,1
Номенклатура — current,Рукав высокого давления 2SN DN 08 P=350 арт.. PM-2SN08-BSС,raw.r1c_nomenclature_current,1,1
Номенклатура — current,Рукав высокого давления 2SN DN 10 P=330 PRM арт. PM-2SN10-BSC,raw.r1c_nomenclature_current,1,1
Номенклатура — current,Рукав высокого давления 2SN DN 10 P=330 VRS арт. VS-2SN10-STD,raw.r1c_nomenclature_current,1,1
Номенклатура — current,Рукав высокого давления 2SN DN 12 P=275 PRM арт.PM-2SN12-BSC,raw.r1c_nomenclature_current,1,1
Номенклатура — current,Рукав высокого давления 2SN DN 12 P=275 VRS арт. VS-2SN12-STD,raw.r1c_nomenclature_current,1,1
Номенклатура — current,Рукав высокого давления 2SN DN 16 P=250 PRM арт. PM-2SN16-BSC,raw.r1c_nomenclature_current,1,1
Номенклатура — current,Рукав высокого давления 2SN DN 16 P=250 VRS арт. VS-2SN16-STD,raw.r1c_nomenclature_current,1,1
Номенклатура — current,"Рукав высокого давления 2SNN8 22х1,5г-22х1,5 ",raw.r1c_nomenclature_current,1,1
Номенклатура — current,Рукав высокого давления М16х1.5К=19(1010мм),raw.r1c_nomenclature_current,1,1
Номенклатура — current,Рукав высокого давления М20х1.5К=24(1210мм),raw.r1c_nomenclature_current,1,1
Номенклатура — current,Рукав высокого давления М20х1.5К=24(810мм),raw.r1c_nomenclature_current,1,1
Номенклатура — current,Рукав высокого давления РВД 1250 мм,raw.r1c_nomenclature_current,1,1
Номенклатура — current,Рукав высокого давления РВД 1500 мм,raw.r1c_nomenclature_current,1,1
Номенклатура — current,Рукав для автоцистерны 50*64 мм TankOil 10бар 14350032,raw.r1c_nomenclature_current,1,1
Номенклатура — current,Рукав для автоцистерны ф28*38 мм TankOil 10бар 14350018,raw.r1c_nomenclature_current,1,1
Номенклатура — current,Рукав для автоцистерны ф42*53 мм TankOil 10бар 14350028,raw.r1c_nomenclature_current,1,1
Номенклатура — current,"Рукав для автоцистерны ф63,5*75 мм TankOil 10бар 14350040",raw.r1c_nomenclature_current,1,1
Номенклатура — current,Рукав для воды нап/вс ф250мм (4м),raw.r1c_nomenclature_current,1,1
Номенклатура — current,"Рукав маслобензост. напорный антистат. TOBOL-AS, 20 Бар, вн. д. 19 мм,10 м TL020TB-AS",raw.r1c_nomenclature_current,1,1
Номенклатура — current,"Рукав напорный особопрочный, Ф50мм 2"" 25м",raw.r1c_nomenclature_current,1,1
Номенклатура — current,Рукав напорный пожарный ГР-5-80 (D-80мм L-20м),raw.r1c_nomenclature_current,1,1
Номенклатура — current,Рукав пожарный напорный ГР-50 в сборе с головками,raw.r1c_nomenclature_current,1,1
Номенклатура — current,Рукав полуоси левый МТЗ-1221,raw.r1c_nomenclature_current,1,1
Номенклатура — current,Рукав с нит. усил. 20х29мм (16 атм),raw.r1c_nomenclature_current,1,1
Номенклатура — current,Рукав с нитяным усилением 100 113мм гост 10362-2017,raw.r1c_nomenclature_current,1,1
Номенклатура — current,Рукав ф 10 мм с нитяным усилием (16 атм),raw.r1c_nomenclature_current,1,1
Номенклатура — current,Рукав ф 10*17 мм атмосф.,raw.r1c_nomenclature_current,1,1
Номенклатура — current,"Рукав ф 10*17,5 мм (14,7)",raw.r1c_nomenclature_current,1,1
Номенклатура — current,Рукав ф 14 мм с нитяным усилием (16 атм),raw.r1c_nomenclature_current,1,1
Номенклатура — current,Рукав ф 16 мм с нитяным усилием (16 атм),raw.r1c_nomenclature_current,1,1
Номенклатура — current,Рукав ф 16*25 мм,raw.r1c_nomenclature_current,1,1
Номенклатура — current,Рукав ф 18 мм с нитяным усилием (16 атм),raw.r1c_nomenclature_current,1,1
Номенклатура — current,Рукав ф 40,raw.r1c_nomenclature_current,1,1
Номенклатура — current,Рукав ф 50,raw.r1c_nomenclature_current,1,1
Номенклатура — current,Рукав ф 58,raw.r1c_nomenclature_current,1,1
Номенклатура — current,Рукав ф 6 мм с нитяным усилием (16 атм),raw.r1c_nomenclature_current,1,1
Номенклатура — current,Рукав ф 8 мм с нитяным усилием (10 атм),raw.r1c_nomenclature_current,1,1
Номенклатура — current,"Рукав ф 8*15,5мм ",raw.r1c_nomenclature_current,1,1
Номенклатура — current,Рукав ф20 мм с нитяным усилием (16 атм),raw.r1c_nomenclature_current,1,1
Номенклатура — current,Рукав ф22 мм с нитяным усилием (16 атм),raw.r1c_nomenclature_current,1,1
Номенклатура — current,Рукав ф42 мм с нитяным усилием (3 атм),raw.r1c_nomenclature_current,1,1
Номенклатура — current,Рукоятка деревянная 120см с резьбой 9650,raw.r1c_nomenclature_current,1,1
Номенклатура — current,Рукоятка для щеток 120см алюминевая,raw.r1c_nomenclature_current,1,1
Номенклатура — current,Рукоятка пластиковая 120см ,raw.r1c_nomenclature_current,1,1
Номенклатура — current,Рулевой механизм  PM2000,raw.r1c_nomenclature_current,1,1
Номенклатура — current,Рулевой механизм с сервисблком SAD PM2000/SHB (Гидроруль)К-744,raw.r1c_nomenclature_current,1,1
Номенклатура — current,Рулетка 10 м,raw.r1c_nomenclature_current,1,1
Номенклатура — current,Рулетка 3м,raw.r1c_nomenclature_current,1,1
Номенклатура — current,Рулетка 5м,raw.r1c_nomenclature_current,1,1
Номенклатура — current,Рулетка 8м,raw.r1c_nomenclature_current,1,1
Номенклатура — current,"Рулетка Ergonomisch 10 м x 25 мм, магнитный обрезиненный зацеп GROSS ",raw.r1c_nomenclature_current,1,1
Номенклатура — current,Рулетка компактная 5х25 Inforce,raw.r1c_nomenclature_current,1,1
Номенклатура — current,"Рулетка обрезин., серия Спринт, автостоп, нейлон,10м*25мм",raw.r1c_nomenclature_current,1,1
Номенклатура — current,Рулетка с нейлоновым ярким покрытием и магнитным зацепом 7.5x27мм Inforce 06-11-49,raw.r1c_nomenclature_current,1,1
Номенклатура — current,"Рулон шлифовальный на тканевой основе,водостойкий 775мм",raw.r1c_nomenclature_current,1,1
Номенклатура — current,"Рулон шлифовальный на тканевой основе,водостойкий 800мм, 30м",raw.r1c_nomenclature_current,1,1
Номенклатура — current,Ручка КПП,raw.r1c_nomenclature_current,1,1
Номенклатура — current,Ручка гелевая,raw.r1c_nomenclature_current,1,1
Номенклатура — current,Ручка деревянная,raw.r1c_nomenclature_current,1,1
Номенклатура — current,Ручка для валика 250х8мм,raw.r1c_nomenclature_current,1,1
Номенклатура — current,Ручка для калитки круглая ,raw.r1c_nomenclature_current,1,1
Номенклатура — current,Ручка для кувалды,raw.r1c_nomenclature_current,1,1
Номенклатура — current,Ручка для лопат,raw.r1c_nomenclature_current,1,1
Номенклатура — current,Ручка для окна,raw.r1c_nomenclature_current,1,1
Номенклатура — current,Ручка задней двери 3302,raw.r1c_nomenclature_current,1,1
Номенклатура — current,"Ручка корректирующая, шариковый наконечник",raw.r1c_nomenclature_current,1,1
Номенклатура — current,Ручка на круглой основе,raw.r1c_nomenclature_current,1,1
Номенклатура — current,Ручка наружная L,raw.r1c_nomenclature_current,1,1
Номенклатура — current,Ручка скоба,raw.r1c_nomenclature_current,1,1
Номенклатура — current,Ручка телескопическая,raw.r1c_nomenclature_current,1,1
Номенклатура — current,Ручка шариковая,raw.r1c_nomenclature_current,1,1
Номенклатура — current,Ручной навигатор GPSMAP 65,raw.r1c_nomenclature_current,1,1
Номенклатура — current,Рым-Болт DIN 580,raw.r1c_nomenclature_current,1,1
Номенклатура — current,Рым-болт М10,raw.r1c_nomenclature_current,1,1
Номенклатура — current,Рым-болт М10х60,raw.r1c_nomenclature_current,1,1
Номенклатура — current,Рым-болт нерж. м12*120,raw.r1c_nomenclature_current,1,1
Номенклатура — current,Рым-гайка  DIN 582 М16 1шт-ярлык 105816,raw.r1c_nomenclature_current,1,1
Номенклатура — current,Рым-гайка М10,raw.r1c_nomenclature_current,1,1
Номенклатура — current,Рым-гайка М14,raw.r1c_nomenclature_current,1,1
Номенклатура — current,Рыхлитель,raw.r1c_nomenclature_current,1,1
Номенклатура — current,Рычаг,raw.r1c_nomenclature_current,1,1
Номенклатура — current,Рычаг 700А 46.28.097,raw.r1c_nomenclature_current,1,1
Номенклатура — current,Рычаг ИД 015.72256,raw.r1c_nomenclature_current,1,1
Номенклатура — current,Рычаг КПК 0109240,raw.r1c_nomenclature_current,1,1
Номенклатура — current,Рычаг МТЗ ВОМ Б3ТД и А,raw.r1c_nomenclature_current,1,1
Номенклатура — current,Рычаг МТЗ КПП РУП МТЗ,raw.r1c_nomenclature_current,1,1
Номенклатура — current,Рычаг задней навески левый 35471520,raw.r1c_nomenclature_current,1,1
Номенклатура — current,Рычаг задней навески правый 35471420,raw.r1c_nomenclature_current,1,1
Номенклатура — current,Рычаг задней подвески L=R,raw.r1c_nomenclature_current,1,1
Номенклатура — current,Рычаг задней подвески R Renault,raw.r1c_nomenclature_current,1,1
Номенклатура — current,Рычаг корзины сцепления МТЗ усиленный БЗТДиА,raw.r1c_nomenclature_current,1,1
Номенклатура — current,Рычаг левый К-700,raw.r1c_nomenclature_current,1,1
Номенклатура — current,Рычаг маятниковый Ваз 2123 в сборе на подшипниках,raw.r1c_nomenclature_current,1,1
Номенклатура — current,Рычаг навески левый верхний 37723000,raw.r1c_nomenclature_current,1,1
Номенклатура — current,Рычаг навески правый верхний 37723100,raw.r1c_nomenclature_current,1,1
Номенклатура — current,Рычаг натяжной МТЗ 1221-8114070,raw.r1c_nomenclature_current,1,1
Номенклатура — current,Рычаг нижний левый,raw.r1c_nomenclature_current,1,1
Номенклатура — current,Рычаг передн.верх  Л ASIMA ASI78928,raw.r1c_nomenclature_current,1,1
Номенклатура — current,Рычаг подвески передний  правый в сборе,raw.r1c_nomenclature_current,1,1
Номенклатура — current,Рычаг подвески передний верхний левый SsangYong,raw.r1c_nomenclature_current,1,1
Номенклатура — current,Рычаг подвески передний верхний правый SsangYong,raw.r1c_nomenclature_current,1,1
Номенклатура — current,Рычаг правый К-700,raw.r1c_nomenclature_current,1,1
Номенклатура — current,"Рычаг регулировочный ПАЗ-3205,КРАЗ РТ-40.07/06",raw.r1c_nomenclature_current,1,1
Номенклатура — current,Рычаг синхронизации с кронштейном в сборе ЭК-100.155,raw.r1c_nomenclature_current,1,1
Номенклатура — current,Рычаг стеклоочистителя ВАЗ-2101-2107 345мм Автоприбор СЛ193-5205800-01,raw.r1c_nomenclature_current,1,1
Номенклатура — current,Рычаг стеклоочистителя ВАЗ-2111 245мм крючок 3х8 двери задка Автоприбор 63.5205800,raw.r1c_nomenclature_current,1,1
Номенклатура — current,Рычаг стеклоочистителя МТЗ с щеткой (2рычага+1 щетка) в сборе 787.000.030,raw.r1c_nomenclature_current,1,1
Номенклатура — current,Рычаг тормоза 700.23.00.020-1,raw.r1c_nomenclature_current,1,1
Номенклатура — current,"Рычаг тормоза регулировочный ПАЗ-3205,КРАЗ,КАВЗ автомат правый МЗТА РТ-40-06",raw.r1c_nomenclature_current,1,1
Номенклатура — current,"С/Х прицепы 9,00х16 Камера н",raw.r1c_nomenclature_current,1,1
Номенклатура — current,С/б задней подвески,raw.r1c_nomenclature_current,1,1
Номенклатура — current,С/б задний  переднего рычага ,raw.r1c_nomenclature_current,1,1
Номенклатура — current,С/б пер. рычага задний (31091),raw.r1c_nomenclature_current,1,1
Номенклатура — current,С/б пер. рычага передний  (2250004),raw.r1c_nomenclature_current,1,1
Номенклатура — current,С/х шина 11.2-20 Ф-35 нс8 Волтайр,raw.r1c_nomenclature_current,1,1
Номенклатура — current,"С/х шина 11.5/80-15,3 ВКТ AS S04 8PR TL",raw.r1c_nomenclature_current,1,1
Номенклатура — current,"С/х шина 16,5/70-18 КФ-97 Белшина",raw.r1c_nomenclature_current,1,1
Номенклатура — current,С/х шина 420/70 R24 Белшина,raw.r1c_nomenclature_current,1,1
Номенклатура — current,СБО 005 Корпус БДМ обслуживаемый,raw.r1c_nomenclature_current,1,1
Номенклатура — current,СВ 48/148 Цилиндр 3 фазы CD85N16-125-B,raw.r1c_nomenclature_current,1,1
Номенклатура — current,СВ 48/148 Цилиндр CD85N20-50-B,raw.r1c_nomenclature_current,1,1
Номенклатура — current,СВ-148 Датчик В.070.0060,raw.r1c_nomenclature_current,1,1
Номенклатура — current,СВ-148 Принтер-этикетировщик левосторонний СЕА55,raw.r1c_nomenclature_current,1,1
Номенклатура — current,СВ-148 Принтер-этикетировщик правосторонний СЕА55,raw.r1c_nomenclature_current,1,1
Номенклатура — current,СВ-148 Присоска,raw.r1c_nomenclature_current,1,1
Номенклатура — current,СВ-148 Ремень 5ф К.020.0177,raw.r1c_nomenclature_current,1,1
Номенклатура — current,СВ-148 Ремень К.020.0178,raw.r1c_nomenclature_current,1,1
Номенклатура — current,СВ-148 ТЭН горизонтальной сварки ,raw.r1c_nomenclature_current,1,1
Номенклатура — current,СВ-148 ТЭН для отверстий,raw.r1c_nomenclature_current,1,1
Номенклатура — current,СВ-148 Термопара L.010.0083,raw.r1c_nomenclature_current,1,1
Номенклатура — current,СВ-148 Термопара L.010.0091,raw.r1c_nomenclature_current,1,1
Номенклатура — current,СВ-48 Зажим,raw.r1c_nomenclature_current,1,1
Номенклатура — current,СВ-48 Комплект цепи протяжки упаковки 60-002900,raw.r1c_nomenclature_current,1,1
Номенклатура — current,СВ-48 Нож 48-2024,raw.r1c_nomenclature_current,1,1
Номенклатура — current,СВ-48 Нож сетки 48-0413,raw.r1c_nomenclature_current,1,1
Номенклатура — current,СВ-48 Нож сетки ответная часть 48-0414,raw.r1c_nomenclature_current,1,1
Номенклатура — current,СВ-48 ТЭН вертикальный фаза1,raw.r1c_nomenclature_current,1,1
Номенклатура — current,СВЕКЛА. ГОТОВАЯ ПРОДУКЦИЯ,raw.r1c_nomenclature_current,1,1
Номенклатура — current,СД ремня рзм40/шап32,raw.r1c_nomenclature_current,1,1
Номенклатура — current,СДЭК,raw.r1c_nomenclature_current,1,1
Номенклатура — current,"СЕП.ТРАНСПОРТЁР 40/1000/4856, SPF Premium",raw.r1c_nomenclature_current,1,1
Номенклатура — current,"СЕП.ТРАНСПОРТЁР 40/1640/13054/200, SPF Premium",raw.r1c_nomenclature_current,1,1
Номенклатура — current,СЗР,raw.r1c_nomenclature_current,1,1
Номенклатура — current,СЗР и удобрения,raw.r1c_nomenclature_current,1,1
Номенклатура — current,СМАЗКА (STRONG) EP3 (тюбик400 гр) (УТ-01202557),raw.r1c_nomenclature_current,1,1
Номенклатура — current,"СМАРТ S-2413 (ОЕМ комплект), GSM система мониторинга",raw.r1c_nomenclature_current,1,1
Номенклатура — current,"СМАРТ S-2423 (ОЕМ комплект), GSM система мониторинга",raw.r1c_nomenclature_current,1,1
Номенклатура — current,СМАРТ S-2425 GSM система мониторинга,raw.r1c_nomenclature_current,1,1
Номенклатура — current,СМАРТ S-2433 GSM система мониторинга,raw.r1c_nomenclature_current,1,1
Номенклатура — current,СМАРТ МАХ S-2425 (ОЕМ комплект),raw.r1c_nomenclature_current,1,1
Номенклатура — current,СОЕДИНИТЕЛЬ РЕМНЯ ШАГ40/ШАП32,raw.r1c_nomenclature_current,1,1
Номенклатура — current,СТ 70 Р герметичный прокалывающий зажим,raw.r1c_nomenclature_current,1,1
Номенклатура — current,СТАРТ S-2011 GSM система мониторинга,raw.r1c_nomenclature_current,1,1
Номенклатура — current,"СТОПОРН.КОЛЬЦО A 75X2,5 DIN471",raw.r1c_nomenclature_current,1,1
Номенклатура — current,СТРЕЛЬЧАТАЯ РЫХЛ.ЛАПА 100,raw.r1c_nomenclature_current,1,1
Номенклатура — current,СЫРЬЁ И МАТЕРИАЛЫ ДАВЛЬЧЕСКИЕ,raw.r1c_nomenclature_current,1,1
Номенклатура — current,СЫРЬЕ И МАТЕРИАЛЫ ВЫРАЩИВАНИЕ,raw.r1c_nomenclature_current,1,1
Номенклатура — current,СЫРЬЕ И МАТЕРИАЛЫ ПРОИЗВОДСТВО,raw.r1c_nomenclature_current,1,1
Номенклатура — current,Савок для мусора,raw.r1c_nomenclature_current,1,1
Номенклатура — current,Савок с длинной ручкой 80 см,raw.r1c_nomenclature_current,1,1
Номенклатура — current,Сажалка для чеснока,raw.r1c_nomenclature_current,1,1
Номенклатура — current,Сайлентблок 21214 нижние БелМаг 4 шт,raw.r1c_nomenclature_current,1,1
Номенклатура — current,Сайлентблок для а/м ВАЗ 32123 комплект,raw.r1c_nomenclature_current,1,1
Номенклатура — current,Сайлентблок для а/м Соболь верхний,raw.r1c_nomenclature_current,1,1
Номенклатура — current,Сайлентблок для а/м Соболь верхний 2217-2904172,raw.r1c_nomenclature_current,1,1
Номенклатура — current,Сайлентблок для а/м Соболь нижний,raw.r1c_nomenclature_current,1,1
Номенклатура — current,Сайлентблок задней подвески L=R ,raw.r1c_nomenclature_current,1,1
Номенклатура — current,Сайлентблок рычага подвески перед L/R CVT-3,raw.r1c_nomenclature_current,1,1
Номенклатура — current,Сайлентблок рычага подвески перед низ,raw.r1c_nomenclature_current,1,1
Номенклатура — current,Сайрен Инсектицид,raw.r1c_nomenclature_current,1,1
Номенклатура — current,Салат Гранд рапидс,raw.r1c_nomenclature_current,1,1
Номенклатура — current,Салент.рессоры BOX3/JUMP3/DUC3 (зад) к-т,raw.r1c_nomenclature_current,1,1
Номенклатура — current,Салонный фильтр L214634AN (ST86086),raw.r1c_nomenclature_current,1,1
Номенклатура — current,Салфетка автомобильная,raw.r1c_nomenclature_current,1,1
Номенклатура — current,Салфетка вискозная,raw.r1c_nomenclature_current,1,1
Номенклатура — current,Салфетки в рулоне,raw.r1c_nomenclature_current,1,1
Номенклатура — current,Салфетки влажные,raw.r1c_nomenclature_current,1,1
Номенклатура — current,Салфетки для обезжиривания ПЭ труб и фитингов перед сваркой с содержанием изопропанола 95% GasFusion,raw.r1c_nomenclature_current,1,1
Номенклатура — current,Салфетки для экранов 100 штук 130*150,raw.r1c_nomenclature_current,1,1
Номенклатура — current,Салфетки хоз. из микрофирбы 4шт/уп,raw.r1c_nomenclature_current,1,1
Номенклатура — current,"Сальник  2,2*50*70*10",raw.r1c_nomenclature_current,1,1
Номенклатура — current,Сальник  WZ 1900030,raw.r1c_nomenclature_current,1,1
Номенклатура — current,Сальник  КН1411,raw.r1c_nomenclature_current,1,1
Номенклатура — current,Сальник  КН3632,raw.r1c_nomenclature_current,1,1
Номенклатура — current,Сальник  КН4967,raw.r1c_nomenclature_current,1,1
Номенклатура — current,"Сальник  трактор, МТЗ 2,2*50*70*10 гост",raw.r1c_nomenclature_current,1,1
Номенклатура — current,Сальник (VKH1410),raw.r1c_nomenclature_current,1,1
Номенклатура — current,Сальник (манжета армированная) 2-60*85*10,raw.r1c_nomenclature_current,1,1
Номенклатура — current,Сальник 1.2-38*58*10 Viton CAVETTO 2.2-38*58-1,raw.r1c_nomenclature_current,1,1
Номенклатура — current,Сальник 1.2-38*58*10 ГОСТ 8752-79 ЧРТИ,raw.r1c_nomenclature_current,1,1
Номенклатура — current,Сальник 110*135,raw.r1c_nomenclature_current,1,1
Номенклатура — current,Сальник 120х150 МАЗ задн.ступ.,raw.r1c_nomenclature_current,1,1
Номенклатура — current,Сальник 150*10*100,raw.r1c_nomenclature_current,1,1
Номенклатура — current,"Сальник 2,2-75*100-10",raw.r1c_nomenclature_current,1,1
Номенклатура — current,Сальник 2.2-38х58х10 Viton CAVETTO 2.2-38х58-1,raw.r1c_nomenclature_current,1,1
Номенклатура — current,Сальник 2.2-45*65*10 ГОСТ 8752-79 ЧРТИ,raw.r1c_nomenclature_current,1,1
Номенклатура — current,Сальник 28*47 1эт,raw.r1c_nomenclature_current,1,1
Номенклатура — current,Сальник 35*62,raw.r1c_nomenclature_current,1,1
Номенклатура — current,Сальник 35*65*10,raw.r1c_nomenclature_current,1,1
Номенклатура — current,Сальник 38*58,raw.r1c_nomenclature_current,1,1
Номенклатура — current,Сальник 40*60,raw.r1c_nomenclature_current,1,1
Номенклатура — current,Сальник 45*65 1эт.,raw.r1c_nomenclature_current,1,1
Номенклатура — current,Сальник 45*65-25 Уплотнение RWDR-Combi,raw.r1c_nomenclature_current,1,1
Номенклатура — current,Сальник 50*72,raw.r1c_nomenclature_current,1,1
Номенклатура — current,Сальник 55*80,raw.r1c_nomenclature_current,1,1
Номенклатура — current,Сальник 60*72,raw.r1c_nomenclature_current,1,1
Номенклатура — current,Сальник 60*85,raw.r1c_nomenclature_current,1,1
Номенклатура — current,Сальник 60*85*10 УАЗ 3741 ступицы перед,raw.r1c_nomenclature_current,1,1
Номенклатура — current,Сальник 60*90*10,raw.r1c_nomenclature_current,1,1
Номенклатура — current,Сальник 60*90*8,raw.r1c_nomenclature_current,1,1
Номенклатура — current,Сальник 65*90,raw.r1c_nomenclature_current,1,1
Номенклатура — current,Сальник 75*100,raw.r1c_nomenclature_current,1,1
Номенклатура — current,Сальник 85*110,raw.r1c_nomenclature_current,1,1
Номенклатура — current,Сальник 90*120*13  КПП-154 LINK,raw.r1c_nomenclature_current,1,1
Номенклатура — current,"Сальник 92*120*2,2",raw.r1c_nomenclature_current,1,1
Номенклатура — current,Сальник MG 20 диаметр проводника 9-14мм IP68,raw.r1c_nomenclature_current,1,1
Номенклатура — current,Сальник PG 16 диаметр проводника  10-14мм IP54 ИЭК (упак.20шт),raw.r1c_nomenclature_current,1,1
Номенклатура — current,Сальник PG 21 диаметр проводника  15-18мм IP54 ИЭК,raw.r1c_nomenclature_current,1,1
Номенклатура — current,Сальник PG 29 диаметр проводника  18-25мм IP54 ИЭК,raw.r1c_nomenclature_current,1,1
Номенклатура — current,Сальник PG25 IP54 EKF,raw.r1c_nomenclature_current,1,1
Номенклатура — current,Сальник SsangYong new ActuonSports 2012,raw.r1c_nomenclature_current,1,1
Номенклатура — current,Сальник Viton CAVETTO 38*58,raw.r1c_nomenclature_current,1,1
Номенклатура — current,Сальник ГАЗ переднего моста (газель 4х4),raw.r1c_nomenclature_current,1,1
Номенклатура — current,Сальник ЗИЛ КПП крышки заднего подшипника вала вторичного 58*84*16 РОСИЧЪ,raw.r1c_nomenclature_current,1,1
Номенклатура — current,Сальник ЗИЛ-130 компрессора 24х46х13.5 РОСИЧЪ 120-3509070,raw.r1c_nomenclature_current,1,1
Номенклатура — current,Сальник ЗИЛ-5301 картера масляного резино-пробка комплект 2 шт. АВТОПРОКЛАДКА,raw.r1c_nomenclature_current,1,1
Номенклатура — current,Сальник К310/370/210/470,raw.r1c_nomenclature_current,1,1
Номенклатура — current,Сальник КАМАЗ гидромуфты 2.2-100х125х12 Viton CAVETTO 740.1318166,raw.r1c_nomenclature_current,1,1
Номенклатура — current,Сальник КАМАЗ гидромуфты2.2-100х125х12 Viton CAVETTO ,raw.r1c_nomenclature_current,1,1
Номенклатура — current,"Сальник МАЗ -4370, МТЗ хвостовика 1,2-80*105*10 Viton CAVETTO 1.2-80*105",raw.r1c_nomenclature_current,1,1
Номенклатура — current,"Сальник МАЗ -4370, МТЗ хвостовика 2,2-80*105*10 Viton CAVETTO 2.2-80*105*10",raw.r1c_nomenclature_current,1,1
Номенклатура — current,"Сальник МАЗ КПП -202 вала вторичного 2,2-100*125*12 РОСИЧЪ",raw.r1c_nomenclature_current,1,1
Номенклатура — current,Сальник МАЗ КПП вала первичного 2.2-25х42х10 Viton CAVETTO 240-1307090,raw.r1c_nomenclature_current,1,1
Номенклатура — current,Сальник МАЗ КПП вала первичного 2.2-25х42х10 РОСИЧЪ 240-1307090,raw.r1c_nomenclature_current,1,1
Номенклатура — current,Сальник МАЗ механизма рулевого 2.2-45х65х10 Viton CAVETTO 64229-3401081,raw.r1c_nomenclature_current,1,1
Номенклатура — current,Сальник МАЗ распределителя ГУРа 1.2-30х52-1 ГОСТ 8752-79 ЧРТИ 5336-3416049,raw.r1c_nomenclature_current,1,1
Номенклатура — current,Сальник МАЗ распределителя ГУРа 2.2-30х52-1 ГОСТ 8752-79 ЧРТИ 5336-3416049,raw.r1c_nomenclature_current,1,1
Номенклатура — current,"Сальник МАЗ ступицы задней 1,2-120х150х13 РОСИЧЪ ",raw.r1c_nomenclature_current,1,1
Номенклатура — current,"Сальник МАЗ ступицы задней 2,2-120х150 КТТ 5336-3104038",raw.r1c_nomenclature_current,1,1
Номенклатура — current,"Сальник МАЗ ступицы задней 2,2-120х150х12 РОСИЧЪ ",raw.r1c_nomenclature_current,1,1
Номенклатура — current,"Сальник МАЗ хвостовика 1,2-75*100*10 ГОСТ",raw.r1c_nomenclature_current,1,1
Номенклатура — current,Сальник МАЗ хвостовика 85х110х12 Viton CAVETTO 5432-2402052,raw.r1c_nomenclature_current,1,1
Номенклатура — current,"Сальник МАЗ-4370,МТЗ хвостовика 1.2-80х105х10 Viton CAVETTO 1.2-80х105",raw.r1c_nomenclature_current,1,1
Номенклатура — current,"Сальник УАЗ 3163,3741 ступицы колеса 60*85",raw.r1c_nomenclature_current,1,1
Номенклатура — current,Сальник УАЗ 3741 ступицы передней 60*85*10,raw.r1c_nomenclature_current,1,1
Номенклатура — current,Сальник ЯМЗ привода вентилятора 35*60*10,raw.r1c_nomenclature_current,1,1
Номенклатура — current,"Сальник задней ступицы ЗИЛ -130  142*168*16,5",raw.r1c_nomenclature_current,1,1
Номенклатура — current,Сальник картера 2 ш. МТЗ-80 Росичь 240-1401059/65,raw.r1c_nomenclature_current,1,1
Номенклатура — current,Сальник коленвала Д-260 задний,raw.r1c_nomenclature_current,1,1
Номенклатура — current,"Сальник коленвала Д-260,Д-65 передний 1.2-65х90х10 ГОСТ 8752-79 ЧРТИ 269-1003055",raw.r1c_nomenclature_current,1,1
Номенклатура — current,Сальник коленвала ЗИЛ-5301 передний 50х70х10 Viton CAVETTO 240-1002055,raw.r1c_nomenclature_current,1,1
Номенклатура — current,"Сальник коленвала ЗИЛ-5301, МТЗ задний 100х125х12 Viton CAVETTO 240-1002305",raw.r1c_nomenclature_current,1,1
Номенклатура — current,Сальник коленвала ЯМЗ передний 64*95*10,raw.r1c_nomenclature_current,1,1
Номенклатура — current,Сальник коленвала задний Citroen.Peugeot,raw.r1c_nomenclature_current,1,1
Номенклатура — current,Сальник коленвала передний Citroen.Peugeot,raw.r1c_nomenclature_current,1,1
Номенклатура — current,"Сальник маслосъемный 90х110х7,5",raw.r1c_nomenclature_current,1,1
Номенклатура — current,"Сальник маховика А-01,Д-65,Д-440,СМД14.72, Д-240, Т-25",raw.r1c_nomenclature_current,1,1
Номенклатура — current,Сальник маховика СМД 40*62,raw.r1c_nomenclature_current,1,1
Номенклатура — current,Сальник на зубчатую рейку USZCZELKA PODAJNKA WORKA FISCHBEIN,raw.r1c_nomenclature_current,1,1
Номенклатура — current,Сальник передней ступицы КАМАЗ 130*154*15 (864136),raw.r1c_nomenclature_current,1,1
Номенклатура — current,Сальник привода L,raw.r1c_nomenclature_current,1,1
Номенклатура — current,Сальник привода R,raw.r1c_nomenclature_current,1,1
Номенклатура — current,"Сальник хвостовика  42*75*16,4 УАЗ 3160,31519",raw.r1c_nomenclature_current,1,1
Номенклатура — current,Сальниковая набивка ,raw.r1c_nomenclature_current,1,1
Номенклатура — current,Сальниковая набивка СMD55-0134,raw.r1c_nomenclature_current,1,1
Номенклатура — current,Самоклеящаяся этикетка 200х60мм Выход-EXIT DPA-DBA ЭРА INFO-DBA-015 ,raw.r1c_nomenclature_current,1,1
Номенклатура — current,Самонесущий изолир.провод СИП-4.4*16 ,raw.r1c_nomenclature_current,1,1
Номенклатура — current,Самонесущий изолир.провод СИП-4.4*70,raw.r1c_nomenclature_current,1,1
Номенклатура — current,Саморез  41,raw.r1c_nomenclature_current,1,1
Номенклатура — current,Саморез 102,raw.r1c_nomenclature_current,1,1
Номенклатура — current,Саморез 25,raw.r1c_nomenclature_current,1,1
Номенклатура — current,"Саморез 3,5*25 мм крупная резьба",raw.r1c_nomenclature_current,1,1
Номенклатура — current,"Саморез 3,5*32 мм крупная резьба",raw.r1c_nomenclature_current,1,1
Номенклатура — current,"Саморез 3,5*55 мм ",raw.r1c_nomenclature_current,1,1
Номенклатура — current,Саморез 32,raw.r1c_nomenclature_current,1,1
Номенклатура — current,Саморез 35,raw.r1c_nomenclature_current,1,1
Номенклатура — current,Саморез 41,raw.r1c_nomenclature_current,1,1
Номенклатура — current,"Саморез 5,5х32 мм",raw.r1c_nomenclature_current,1,1
Номенклатура — current,Саморез 51,raw.r1c_nomenclature_current,1,1
Номенклатура — current,Саморез 64,raw.r1c_nomenclature_current,1,1
Номенклатура — current,Саморез 70,raw.r1c_nomenclature_current,1,1
Номенклатура — current,Саморез ГШС цинк,raw.r1c_nomenclature_current,1,1
Номенклатура — current,Саморез желтый цинк POZY 5x60 Фасовка 250шт,raw.r1c_nomenclature_current,1,1
Номенклатура — current,Саморез кров 19,raw.r1c_nomenclature_current,1,1
Номенклатура — current,Саморез кров 25,raw.r1c_nomenclature_current,1,1
Номенклатура — current,Саморез кров 32,raw.r1c_nomenclature_current,1,1
Номенклатура — current,Саморез кровельный ,raw.r1c_nomenclature_current,1,1
Номенклатура — current,Саморез кровельный 19,raw.r1c_nomenclature_current,1,1
Номенклатура — current,Саморез кровельный 25,raw.r1c_nomenclature_current,1,1
Номенклатура — current,"Саморез кровельный 4,8х29 цинк (250) сверло№1",raw.r1c_nomenclature_current,1,1
Номенклатура — current,"Саморез кровельный 4,8х35 цинк (250) сверло№1",raw.r1c_nomenclature_current,1,1
Номенклатура — current,Саморез кровельный 5.5х32 сверло,raw.r1c_nomenclature_current,1,1
Номенклатура — current,Саморез оксид.75мм,raw.r1c_nomenclature_current,1,1
Номенклатура — current,Саморез п.ш. 2х25,raw.r1c_nomenclature_current,1,1
Номенклатура — current,Саморез п.ш. 2х50,raw.r1c_nomenclature_current,1,1
Номенклатура — current,Саморез п/ш 16,raw.r1c_nomenclature_current,1,1
Номенклатура — current,Саморез по дереву 100,raw.r1c_nomenclature_current,1,1
Номенклатура — current,Саморез по дереву черный,raw.r1c_nomenclature_current,1,1
Номенклатура — current,"Саморез по металлу 5,5х19 RAL 9003 (250) сверло №3",raw.r1c_nomenclature_current,1,1
Номенклатура — current,Саморез прес-шайба ,raw.r1c_nomenclature_current,1,1
Номенклатура — current,"Саморез с прессшайбой 4,2*19 головка п/сферическая сверло",raw.r1c_nomenclature_current,1,1
Номенклатура — current,Саморез цветной RAL,raw.r1c_nomenclature_current,1,1
Номенклатура — current,Саморезы,raw.r1c_nomenclature_current,1,1
Номенклатура — current,Саморезы  ПШ 13 мм ,raw.r1c_nomenclature_current,1,1
Номенклатура — current,"Саморезы  черные 3,5*25 по дереву",raw.r1c_nomenclature_current,1,1
Номенклатура — current,Саморезы 35,raw.r1c_nomenclature_current,1,1
Номенклатура — current,"Саморезы 4,2*16",raw.r1c_nomenclature_current,1,1
Номенклатура — current,"Саморезы 4,2*19",raw.r1c_nomenclature_current,1,1
Номенклатура — current,"Саморезы 4,2*19 полусфера-пресшайба",raw.r1c_nomenclature_current,1,1
Номенклатура — current,"Саморезы 4,2*32 пш",raw.r1c_nomenclature_current,1,1
Номенклатура — current,"Саморезы 4,2*38 полусфера-пресшайба",raw.r1c_nomenclature_current,1,1
Номенклатура — current,"Саморезы 4,2*70",raw.r1c_nomenclature_current,1,1
Номенклатура — current,"Саморезы 4,8*19",raw.r1c_nomenclature_current,1,1
Номенклатура — current,Саморезы 51,raw.r1c_nomenclature_current,1,1
Номенклатура — current,Саморезы 55,raw.r1c_nomenclature_current,1,1
Номенклатура — current,"Саморезы 6,3*38",raw.r1c_nomenclature_current,1,1
Номенклатура — current,Саморезы 64,raw.r1c_nomenclature_current,1,1
Номенклатура — current,Саморезы 70,raw.r1c_nomenclature_current,1,1
Номенклатура — current,Саморезы 76,raw.r1c_nomenclature_current,1,1
Номенклатура — current,Саморезы ЛФС цинк ,raw.r1c_nomenclature_current,1,1
Номенклатура — current,Саморезы кровельные  3*25,raw.r1c_nomenclature_current,1,1
Номенклатура — current,Саморезы кровельные цинк ,raw.r1c_nomenclature_current,1,1
Номенклатура — current,Саморезы п/ш 19,raw.r1c_nomenclature_current,1,1
Номенклатура — current,Саморезы п/ш 41,raw.r1c_nomenclature_current,1,1
Номенклатура — current,Саморезы п/ш 51,raw.r1c_nomenclature_current,1,1
Номенклатура — current,Саморезы по металлу с пресс-шайбов 4.2х16мм,raw.r1c_nomenclature_current,1,1
Номенклатура — current,"Саморезы пот/г кр/ш оксидир. 1кг, 3,5x51 ",raw.r1c_nomenclature_current,1,1
Номенклатура — current,Саморезы прес шайба 16 сверло,raw.r1c_nomenclature_current,1,1
Номенклатура — current,Саморезы универсальные оцин 6х40мм,raw.r1c_nomenclature_current,1,1
Номенклатура — current,Саморезы универсальные пот/г цинк 4x40 200 шт 123830,raw.r1c_nomenclature_current,1,1
Номенклатура — current,"Саморезыс буром 3,9х16 (500 шт) - ведро мал ",raw.r1c_nomenclature_current,1,1
Номенклатура — current,Самум Инсектицид,raw.r1c_nomenclature_current,1,1
Номенклатура — current,Самурай Инсектицид,raw.r1c_nomenclature_current,1,1
Номенклатура — current,СантехМастер гель 35гр.,raw.r1c_nomenclature_current,1,1
Номенклатура — current,Сапоги ПВХ мужские цв.черный р.45,raw.r1c_nomenclature_current,1,1
Номенклатура — current,Сапоги ПВХ утепл.цвет синий,raw.r1c_nomenclature_current,1,1
Номенклатура — current,Сапоги Профи (р.40) мод.50,raw.r1c_nomenclature_current,1,1
Номенклатура — current,Сапоги Профи (р.42) мод.50,raw.r1c_nomenclature_current,1,1
Номенклатура — current,Сапоги Профи (р.43) мод.50,raw.r1c_nomenclature_current,1,1
Номенклатура — current,Сапоги Профи (р.44) мод.50,raw.r1c_nomenclature_current,1,1
Номенклатура — current,Сапоги Профи (р.45) мод.50,raw.r1c_nomenclature_current,1,1
Номенклатура — current,Сарфун Инсектицид,raw.r1c_nomenclature_current,1,1
Номенклатура — current,Сахар рафинад РУССКИЙ,raw.r1c_nomenclature_current,1,1
Номенклатура — current,Сборка/монтаж и подключение дождевальной машины марки TL ,raw.r1c_nomenclature_current,1,1
Номенклатура — current,Сборный системный блок,raw.r1c_nomenclature_current,1,1
Номенклатура — current,Сварочная маска МС-5М 65/76 Ресанта,raw.r1c_nomenclature_current,1,1
Номенклатура — current,"Сварочная проволока порошковая E71T-GS 0,8мм 5кг",raw.r1c_nomenclature_current,1,1
Номенклатура — current,Сварочные работы,raw.r1c_nomenclature_current,1,1
Номенклатура — current,"Сварочные электроды ESAB OK 46.00 3,0 x 350 мм 1,0 кг 4600303WZ0",raw.r1c_nomenclature_current,1,1
Номенклатура — current,Сварочный аппарат,raw.r1c_nomenclature_current,1,1
Номенклатура — current,Сварочный аппарат для пласт труб ST-2000 QUATTRO ELEMENTI 2000Вт н-ки 20-63 мм,raw.r1c_nomenclature_current,1,1
Номенклатура — current,Сварочный аппарат инвератор,raw.r1c_nomenclature_current,1,1
Номенклатура — current,Сварочный аппарат инверторный Ресанта САИ 250 65/6,raw.r1c_nomenclature_current,1,1
Номенклатура — current,Сварочный аппарат с материалами,raw.r1c_nomenclature_current,1,1
Номенклатура — current,Свекла,raw.r1c_nomenclature_current,1,1
Номенклатура — current,Свекла Кестрел ЭП_2021,raw.r1c_nomenclature_current,1,1
Номенклатура — current,Свекла Фалькон ЭП_2021,raw.r1c_nomenclature_current,1,1
Номенклатура — current,Свекла отборная мытая1 кг,raw.r1c_nomenclature_current,1,1
Номенклатура — current,Свекла отборная нарезанная кубиками 1кг,raw.r1c_nomenclature_current,1,1
Номенклатура — current,Свекла отборная нарезанная кубиками 5 кг,raw.r1c_nomenclature_current,1,1
Номенклатура — current,Свекла отборная нарезанная слайсами 1 кг,raw.r1c_nomenclature_current,1,1
Номенклатура — current,Свекла отборная нарезанная слайсами 5 кг,raw.r1c_nomenclature_current,1,1
Номенклатура — current,Свекла отборная нарезанная соломкой 1 кг,raw.r1c_nomenclature_current,1,1
Номенклатура — current,Свекла отборная нарезанная соломкой 5 кг,raw.r1c_nomenclature_current,1,1
Номенклатура — current,"Свекла отборная очищенная 0,5 кг",raw.r1c_nomenclature_current,1,1
Номенклатура — current,Свекла отборная очищенная 1 кг,raw.r1c_nomenclature_current,1,1
Номенклатура — current,Свекла отборная очищенная 5 кг,raw.r1c_nomenclature_current,1,1
Номенклатура — current,"Свекла отборная пастеризованная 0,5 кг",raw.r1c_nomenclature_current,1,1
Номенклатура — current,Свекла отборная пастеризованная 1 кг,raw.r1c_nomenclature_current,1,1
Номенклатура — current,"Свекла отборная пастеризованная 2,5 кг",raw.r1c_nomenclature_current,1,1
Номенклатура — current,Свекла отборная сетка 25 кг,raw.r1c_nomenclature_current,1,1
Номенклатура — current,Свекла очищенная,raw.r1c_nomenclature_current,1,1
Номенклатура — current,Свекла премиум Аваланч ЭП_2021,raw.r1c_nomenclature_current,1,1
Номенклатура — current,Свекла премиум Болдор ЭП_2021,raw.r1c_nomenclature_current,1,1
Номенклатура — current,Свекла столовая,raw.r1c_nomenclature_current,1,1
Номенклатура — current,"Свекла столовая ""Пестрая грядка"" 0,5гр",raw.r1c_nomenclature_current,1,1
Номенклатура — current,Свекла фасовка,raw.r1c_nomenclature_current,1,1
Номенклатура — current,Свекла фураж 1 сорт (7),raw.r1c_nomenclature_current,1,1
Номенклатура — current,Сверлильные тиски DV75,raw.r1c_nomenclature_current,1,1
Номенклатура — current,Сверло,raw.r1c_nomenclature_current,1,1
Номенклатура — current,Сверло 10,raw.r1c_nomenclature_current,1,1
Номенклатура — current,"Сверло 3,0мм",raw.r1c_nomenclature_current,1,1
Номенклатура — current,"Сверло 4,0мм",raw.r1c_nomenclature_current,1,1
Номенклатура — current,Сверло 5,raw.r1c_nomenclature_current,1,1
Номенклатура — current,Сверло 6,raw.r1c_nomenclature_current,1,1
Номенклатура — current,Сверло d16,raw.r1c_nomenclature_current,1,1
Номенклатура — current,"Сверло Кедр 6,5",raw.r1c_nomenclature_current,1,1
Номенклатура — current,"Сверло Кедр 7,0",raw.r1c_nomenclature_current,1,1
Номенклатура — current,"Сверло Кедр 7,5",raw.r1c_nomenclature_current,1,1
Номенклатура — current,"Сверло Кедр 8,0",raw.r1c_nomenclature_current,1,1
Номенклатура — current,"Сверло Кедр 8,5",raw.r1c_nomenclature_current,1,1
Номенклатура — current,"Сверло Кедр 9,5",raw.r1c_nomenclature_current,1,1
Номенклатура — current,"Сверло СССР сред. 3,3",raw.r1c_nomenclature_current,1,1
Номенклатура — current,"Сверло СССР сред. 4,3",raw.r1c_nomenclature_current,1,1
Номенклатура — current,"Сверло кедр  ф6,0",raw.r1c_nomenclature_current,1,1
Номенклатура — current,Сверло перовое 30х152 мм ,raw.r1c_nomenclature_current,1,1
Номенклатура — current,Сверло по дереву 3мм,raw.r1c_nomenclature_current,1,1
Номенклатура — current,Сверло по дереву 4мм,raw.r1c_nomenclature_current,1,1
Номенклатура — current,Сверло по дереву 5мм,raw.r1c_nomenclature_current,1,1
Номенклатура — current,Сверло по дереву 6мм,raw.r1c_nomenclature_current,1,1
Номенклатура — current,Сверло по дереву 8мм,raw.r1c_nomenclature_current,1,1
Номенклатура — current,Сверло по дереву перовое 25мм 6 гранн хвосто//Матрикс 70416,raw.r1c_nomenclature_current,1,1
Номенклатура — current,"Сверло по металлу 3,5х70х39мм Extreme2  DT5041",raw.r1c_nomenclature_current,1,1
Номенклатура — current,Сверло по металлу 35мм ,raw.r1c_nomenclature_current,1,1
Номенклатура — current,"Сверло по металлу 4,0х75 мм",raw.r1c_nomenclature_current,1,1
Номенклатура — current,Сверло по металлу 5*86 мм,raw.r1c_nomenclature_current,1,1
Номенклатура — current,"Сверло по металлу 5,0х104 мм 6-гранный хвостовик ЗУБР",raw.r1c_nomenclature_current,1,1
Номенклатура — current,Сверло по металлу 5х86х46мм Extreme2  DT5046,raw.r1c_nomenclature_current,1,1
Номенклатура — current,"Сверло по металлу 6,0х93 мм",raw.r1c_nomenclature_current,1,1
Номенклатура — current,"Сверло по металлу 7,0 мм HSS Cobalt ROCKFORGE RF-DB70H",raw.r1c_nomenclature_current,1,1
Номенклатура — current,Сверло по металлу 9*125 мм,raw.r1c_nomenclature_current,1,1
Номенклатура — current,Сверло по металлу HSS 10x133 DBM Gigant 11023,raw.r1c_nomenclature_current,1,1
Номенклатура — current,"Сверло по металлу кобальт 2,0 мм",raw.r1c_nomenclature_current,1,1
Номенклатура — current,"Сверло по металлу кобальт 4,8х86 мм",raw.r1c_nomenclature_current,1,1
Номенклатура — current,"Сверло по металлу ф 5,0",raw.r1c_nomenclature_current,1,1
Номенклатура — current,"Сверло по металлу ф 6,0 мм",raw.r1c_nomenclature_current,1,1
Номенклатура — current,Сверло по металлу шлифованные HSS-G 10 mm,raw.r1c_nomenclature_current,1,1
Номенклатура — current,"Сверло по нерж.стали 5,0 мм Р6М5К5 в блистере GRAFF ",raw.r1c_nomenclature_current,1,1
Номенклатура — current,"Сверло по нерж.стали 6,0 мм Р6М5К5",raw.r1c_nomenclature_current,1,1
Номенклатура — current,"Сверло по нерж.стали 8,0 мм Р6М5К5 в блистере GRAFF ",raw.r1c_nomenclature_current,1,1
Номенклатура — current,Сверло спиральное 6,raw.r1c_nomenclature_current,1,1
Номенклатура — current,Сверло спиральное 8,raw.r1c_nomenclature_current,1,1
Номенклатура — current,Сверло спиральное кобальтовое 3 мм,raw.r1c_nomenclature_current,1,1
Номенклатура — current,"Сверло спиральное кобальтовое 4,2мм",raw.r1c_nomenclature_current,1,1
Номенклатура — current,"Сверло спиральное с ц/х 3,0мм",raw.r1c_nomenclature_current,1,1
Номенклатура — current,Сверло спиральное с ц/х 5мм,raw.r1c_nomenclature_current,1,1
Номенклатура — current,"Сверло спиральное с ц/х 8,0мм",raw.r1c_nomenclature_current,1,1
Номенклатура — current,Сверло ступенчатое 4-12 мм,raw.r1c_nomenclature_current,1,1
Номенклатура — current,Сверло ступенчатое 4-20 мм,raw.r1c_nomenclature_current,1,1
Номенклатура — current,Сверло ступенчатое 4-32 мм,raw.r1c_nomenclature_current,1,1
Номенклатура — current,Сверло ступенчатое 4-39 мм,raw.r1c_nomenclature_current,1,1
Номенклатура — current,Сверло ступенчатое с шестигранным хвостиком 4-32мм,raw.r1c_nomenclature_current,1,1
Номенклатура — current,Сверло ф 10,raw.r1c_nomenclature_current,1,1
Номенклатура — current,"Сверло ф 3,5",raw.r1c_nomenclature_current,1,1
Номенклатура — current,"Сверло ф 4,0",raw.r1c_nomenclature_current,1,1
Номенклатура — current,"Сверло ф 4,5мм",raw.r1c_nomenclature_current,1,1
Номенклатура — current,Сверло ф3,raw.r1c_nomenclature_current,1,1
Номенклатура — current,Сверло ц/х 6.7 Р6М5 с* 112390,raw.r1c_nomenclature_current,1,1
Номенклатура — current,"Сверло ц/х ф 3,6",raw.r1c_nomenclature_current,1,1
Номенклатура — current,"Сверло ц/х ф 4,5",raw.r1c_nomenclature_current,1,1
Номенклатура — current,Сверло ц/х ф 4.3 P6M5 ,raw.r1c_nomenclature_current,1,1
Номенклатура — current,"Сверло ц/х ф 5,5 P6M5 98225",raw.r1c_nomenclature_current,1,1
Номенклатура — current,"Сверло ц/х ф13,7",raw.r1c_nomenclature_current,1,1
Номенклатура — current,"Сверло ц/х ф15,0",raw.r1c_nomenclature_current,1,1
Номенклатура — current,Светильник 61086 DSP-04-1200-IP65-2*T8-G13,raw.r1c_nomenclature_current,1,1
Номенклатура — current,Светильник LED ДБО 4012 36Вт 4000К IP20 1200мм призма IEK,raw.r1c_nomenclature_current,1,1
Номенклатура — current,Светильник LED ДБО 4014 36Вт 6500К IP20 1200мм призма IEK,raw.r1c_nomenclature_current,1,1
Номенклатура — current,Светильник ДСП 02-70-003,raw.r1c_nomenclature_current,1,1
Номенклатура — current,Светильник ДСП 02-70-004,raw.r1c_nomenclature_current,1,1
Номенклатура — current,Светильник ДСП 2101 под LED лампу 1хt8 600мм ip65 iek,raw.r1c_nomenclature_current,1,1
Номенклатура — current,Светильник ДСП 2201 под LED лампу 1хt8 1200мм ip65 iek,raw.r1c_nomenclature_current,1,1
Номенклатура — current,Светильник НПП1107 круг-ресничка 100вт IP54 белый,raw.r1c_nomenclature_current,1,1
Номенклатура — current,Светильник НПП1402 черный/овал с реш. 60Вт IP54 ,raw.r1c_nomenclature_current,1,1
Номенклатура — current,Светильник Онлайт 90 474 OSF-03-1500-5K-LED 90474,raw.r1c_nomenclature_current,1,1
Номенклатура — current,Светильник Онлайт 90 475 OSF-03-150-5K-LED 90475,raw.r1c_nomenclature_current,1,1
Номенклатура — current,Светильник влагозащитный,raw.r1c_nomenclature_current,1,1
Номенклатура — current,Светильник люм. влагозащищенный  TLWP1,raw.r1c_nomenclature_current,1,1
Номенклатура — current,Светильник настольный,raw.r1c_nomenclature_current,1,1
Номенклатура — current,Светильник пластиковый белый шар,raw.r1c_nomenclature_current,1,1
Номенклатура — current,Светильник прищепка ,raw.r1c_nomenclature_current,1,1
Номенклатура — current,Светильник прищепка Smartbay черный,raw.r1c_nomenclature_current,1,1
Номенклатура — current,Светильник с/д 20W 4200К 4К 111*42 прозр Ecola GX70,raw.r1c_nomenclature_current,1,1
Номенклатура — current,Светильник с/д 27W 6500К,raw.r1c_nomenclature_current,1,1
Номенклатура — current,Светильник с/д ASD СПП-157 32 Вт 6500К 1200мм,raw.r1c_nomenclature_current,1,1
Номенклатура — current,Светильник с/д UNIEL  70W 6500К ,raw.r1c_nomenclature_current,1,1
Номенклатура — current,Светильник с/д UNIEL консольный ULV-R 22H 70W 6500К IP6,raw.r1c_nomenclature_current,1,1
Номенклатура — current,Светильник с/д ДКУ-100Вт 6400К,raw.r1c_nomenclature_current,1,1
Номенклатура — current,Светильник с/д линейный ,raw.r1c_nomenclature_current,1,1
Номенклатура — current,Светильник с/д линейный 18Вт ,raw.r1c_nomenclature_current,1,1
Номенклатура — current,Светильник с/д линейный 18Вт 64000К,raw.r1c_nomenclature_current,1,1
Номенклатура — current,Светильник с/д линейный 18Вт 6500К,raw.r1c_nomenclature_current,1,1
Номенклатура — current,Светильник с/д линейный 36W 6500К,raw.r1c_nomenclature_current,1,1
Номенклатура — current,Светильник с/д линейный 40Вт 6500К,raw.r1c_nomenclature_current,1,1
Номенклатура — current,Светильник св/д линейный опал 100Вт/6500К 1200мм/1950,raw.r1c_nomenclature_current,1,1
Номенклатура — current,Светильник светодиодный ,raw.r1c_nomenclature_current,1,1
Номенклатура — current,"Светильник светодиодный  ДБО 4011 18Вт,,4000К.IP20,800мм,призма ИЭК",raw.r1c_nomenclature_current,1,1
Номенклатура — current,"Светильник светодиодный  ДБО 4012 30Вт,,4000К.IP20,1200мм,призма ИЭК",raw.r1c_nomenclature_current,1,1
Номенклатура — current,"Светильник светодиодный  ДБО 4014 36Вт,,6500К.IP20,1200мм,призма ИЭК",raw.r1c_nomenclature_current,1,1
Номенклатура — current,"Светильник светодиодный IEK ДБО 5001 18Вт,1200Лм,4000К.IP20,600мм,сталь",raw.r1c_nomenclature_current,1,1
Номенклатура — current,"Светильник светодиодный IEK ДПБ 3003 18Вт,IP54,4000К круг бел",raw.r1c_nomenclature_current,1,1
Номенклатура — current,Светильник светодиодный SPO-5-20-6K-M (F) 18Вт 6500К IP20 1710лм 600х75х25 матов. сталь/бел. Эра Б00,raw.r1c_nomenclature_current,1,1
Номенклатура — current,Светильник светодиодный SPO-5-40-4K-M (F) 36Вт 4000К IP20 2400лм 1200х75х25 матов. сталь/бел. Эра,raw.r1c_nomenclature_current,1,1
Номенклатура — current,Светильник светодиодный SPO-6-36-6K-P (4) 595х595х19 36Вт 3060лм 6500К IP20 панель призма (с драйвер,raw.r1c_nomenclature_current,1,1
Номенклатура — current,Светильник светодиодный ЭРА SPO-531-0-65K-018 IP20 18Вт 1400Лм 6500К опал,raw.r1c_nomenclature_current,1,1
Номенклатура — current,Светильник светодиодный аварийный непостоянный 90LED,raw.r1c_nomenclature_current,1,1
Номенклатура — current,Светильник светодиодный для ноутбука Гелеос,raw.r1c_nomenclature_current,1,1
Номенклатура — current,Светильник светодиодный прожектор ЕК СДО 07-30 серый,raw.r1c_nomenclature_current,1,1
Номенклатура — current,Светильник светодиодный уличный консольный дневной белый свет 6500К Угол 110 гр,raw.r1c_nomenclature_current,1,1
Номенклатура — current,"Светодиодный низковольтный прожектор FAD-0030-30-12V с зажимами ""крокодил""",raw.r1c_nomenclature_current,1,1
Номенклатура — current,Светодиодный фонарь прожектор аккумуляторный PA-601 АЛЬФА ручной мощный,raw.r1c_nomenclature_current,1,1
Номенклатура — current,Свеча А-11,raw.r1c_nomenclature_current,1,1
Номенклатура — current,Свеча для двухтактных дв-лей,raw.r1c_nomenclature_current,1,1
Номенклатура — current,Свеча зажигания  ,raw.r1c_nomenclature_current,1,1
Номенклатура — current,Свеча зажигания  406 дв,raw.r1c_nomenclature_current,1,1
Номенклатура — current,Свеча зажигания  Brisk,raw.r1c_nomenclature_current,1,1
Номенклатура — current,Свеча зажигания  V-Line 13,raw.r1c_nomenclature_current,1,1
Номенклатура — current,Свеча зажигания  V8,raw.r1c_nomenclature_current,1,1
Номенклатура — current,"Свеча зажигания  А11 ЗИЛ-130,ГАЗ-53",raw.r1c_nomenclature_current,1,1
Номенклатура — current,"Свеча зажигания  ГАЗ,ЗИЛ АИ-76 А11(блистер) комплект ЗАЗС А11",raw.r1c_nomenclature_current,1,1
Номенклатура — current,Свеча зажигания  ГАЗ-2410 BRISK NR17YC SUPER,raw.r1c_nomenclature_current,1,1
Номенклатура — current,Свеча зажигания 08,raw.r1c_nomenclature_current,1,1
Номенклатура — current,Свеча зажигания BRISK LDK7RTCU,raw.r1c_nomenclature_current,1,1
Номенклатура — current,Свеча зажигания HQT-1 Husqvarna 5774840-01,raw.r1c_nomenclature_current,1,1
Номенклатура — current,Свеча зажигания NGK,raw.r1c_nomenclature_current,1,1
Номенклатура — current,Свеча зажигания O-P17 Oregon 77-302-1,raw.r1c_nomenclature_current,1,1
Номенклатура — current,Свеча накаливания,raw.r1c_nomenclature_current,1,1
Номенклатура — current,Свечи,raw.r1c_nomenclature_current,1,1
Номенклатура — current,"Сгон 2"" нр-нр",raw.r1c_nomenclature_current,1,1
Номенклатура — current,Сгон Ду 15 сталь,raw.r1c_nomenclature_current,1,1
Номенклатура — current,Сгон Ду 40,raw.r1c_nomenclature_current,1,1
Номенклатура — current,Сгон для пола 75см Лайт металл/резина,raw.r1c_nomenclature_current,1,1
Номенклатура — current,Сгон для пола YORK металлический 55см,raw.r1c_nomenclature_current,1,1
Номенклатура — current,Сгон разъемный прямой 25 Г-Ш,raw.r1c_nomenclature_current,1,1
Номенклатура — current,Сгон разъемный прямой 50 Г-Ш,raw.r1c_nomenclature_current,1,1
Номенклатура — current,Сгон стальной 32,raw.r1c_nomenclature_current,1,1
Номенклатура — current,"Сгон стальной оцинкованный 2"" (ДУ 50мм)",raw.r1c_nomenclature_current,1,1
Номенклатура — current,Сгон чугун д.40,raw.r1c_nomenclature_current,1,1
Номенклатура — current,Северное сияние РС3 грязный Сетка на завязке 25кг. Без полива,raw.r1c_nomenclature_current,1,1
Номенклатура — current,Северное сияние РС3 грязный Сетка на завязке 25кг. Полив,raw.r1c_nomenclature_current,1,1
Номенклатура — current,Северное сияние РС3 грязный Сетка на рулоне 25кг. Без полива,raw.r1c_nomenclature_current,1,1
Номенклатура — current,Северное сияние РС3 грязный Сетка на рулоне 25кг. Полив,raw.r1c_nomenclature_current,1,1
Номенклатура — current,"Северное сияние РС3 мытый Сетка - (домик)1,5 кг. Без полива",raw.r1c_nomenclature_current,1,1
Номенклатура — current,"Северное сияние РС3 мытый Сетка - (домик)1,5 кг. Полив",raw.r1c_nomenclature_current,1,1
Номенклатура — current,Северное сияние РС3 мытый Сетка - (домик)2 кг. Без полива,raw.r1c_nomenclature_current,1,1
Номенклатура — current,Северное сияние РС3 мытый Сетка - (домик)2 кг. Полив,raw.r1c_nomenclature_current,1,1
Номенклатура — current,Седелка 40,raw.r1c_nomenclature_current,1,1
Номенклатура — current,Седелка 50,raw.r1c_nomenclature_current,1,1
Номенклатура — current,Седелка 50*1/2,raw.r1c_nomenclature_current,1,1
Номенклатура — current,Седелка 63*3/4,raw.r1c_nomenclature_current,1,1
Номенклатура — current,Сейф Инсектицид,raw.r1c_nomenclature_current,1,1
Номенклатура — current,Сейф офисный,raw.r1c_nomenclature_current,1,1
Номенклатура — current,Секатор ,raw.r1c_nomenclature_current,1,1
Номенклатура — current,Секатор проф. титановый ци 0233,raw.r1c_nomenclature_current,1,1
Номенклатура — current,Секатор тефлон,raw.r1c_nomenclature_current,1,1
Номенклатура — current,Секатор усиленный TRUPER 18460,raw.r1c_nomenclature_current,1,1
Номенклатура — current,Сексор влажности снаружи ЕЕ061(14),raw.r1c_nomenclature_current,1,1
Номенклатура — current,Секция БДН-3.0М-02.00.000-03,raw.r1c_nomenclature_current,1,1
Номенклатура — current,Секция РП70/8-0МРК без фиксац.подъема,raw.r1c_nomenclature_current,1,1
Номенклатура — current,Секция РП70/81МРК с фиксац.подъема,raw.r1c_nomenclature_current,1,1
Номенклатура — current,Секция нагревательная 3м,raw.r1c_nomenclature_current,1,1
Номенклатура — current,Селест Топ Инсектицид,raw.r1c_nomenclature_current,1,1
Номенклатура — current,Селиконовый чехол пульта,raw.r1c_nomenclature_current,1,1
Номенклатура — current,Селитра известково-аммиачная гранулированная,raw.r1c_nomenclature_current,1,1
Номенклатура — current,Селитра калиевая ,raw.r1c_nomenclature_current,1,1
Номенклатура — current,Сельскохозяйственная техника,raw.r1c_nomenclature_current,1,1
Номенклатура — current,Сельскохозяйственные услуги,raw.r1c_nomenclature_current,1,1
Номенклатура — current,Сельхозшина 12.00-16 Алтайшина Л-163 8PR,raw.r1c_nomenclature_current,1,1
Номенклатура — current,Сельхозшина 360/70R24 Белшина BEL-89 122A8TT,raw.r1c_nomenclature_current,1,1
Номенклатура — current,Сельхозшина 420/70-24 Бел-90 ТТ,raw.r1c_nomenclature_current,1,1
Номенклатура — current,Сельхозшина 600/50-22.5 (24/50-22.5) Бел-91 12PR 160A6 Бел-91 TТ,raw.r1c_nomenclature_current,1,1
Номенклатура — current,Сельхозшина 710/70 RЗВ,raw.r1c_nomenclature_current,1,1
Номенклатура — current,Семена,raw.r1c_nomenclature_current,1,1
Номенклатура — current,"Семена  райграса однолетнего ""Изорский"",РС3",raw.r1c_nomenclature_current,1,1
Номенклатура — current,Семена Георгий Комаров РС1,raw.r1c_nomenclature_current,1,1
Номенклатура — current,Семена Горчица Рст,raw.r1c_nomenclature_current,1,1
Номенклатура — current,Семена Любаша РС1,raw.r1c_nomenclature_current,1,1
Номенклатура — current,Семена Морковь Вайт Сатин F1 100шт,raw.r1c_nomenclature_current,1,1
Номенклатура — current,Семена Морковь Мелло Йелло F1 100шт,raw.r1c_nomenclature_current,1,1
Номенклатура — current,Семена Морковь Перпл Сан F1 100шт,raw.r1c_nomenclature_current,1,1
Номенклатура — current,Семена Морковь Ред Сан F1 100шт,raw.r1c_nomenclature_current,1,1
Номенклатура — current,Семена Свекла столовая Аваланч 50шт,raw.r1c_nomenclature_current,1,1
Номенклатура — current,Семена Свекла столовая Болдор 50шт,raw.r1c_nomenclature_current,1,1
Номенклатура — current,Семена Свекла столовая Кестрел F1 50шт SAKATA,raw.r1c_nomenclature_current,1,1
Номенклатура — current,Семена Свекла столовая Фалькон F1 50шт SAKATA,raw.r1c_nomenclature_current,1,1
Номенклатура — current,"Семена донника желтого ""Катек"",РС2",raw.r1c_nomenclature_current,1,1
Номенклатура — current,"Семена донника желтого Альшевский""",raw.r1c_nomenclature_current,1,1
Номенклатура — current,Семена картофеля,raw.r1c_nomenclature_current,1,1
Номенклатура — current,"Семена клевера лугового ""Дымковский"" РС2",raw.r1c_nomenclature_current,1,1
Номенклатура — current,"Семена костреца безостого ""СибНИИСХоз 189,РС2",raw.r1c_nomenclature_current,1,1
Номенклатура — current,"Семена люцерны изменчивой ""Вега-87""РСт",raw.r1c_nomenclature_current,1,1
Номенклатура — current,Семена на продажу Балтик РоузРС4 Красный Биг-бэг1000 кг.,raw.r1c_nomenclature_current,1,1
Номенклатура — current,Семена на продажу ВегаРС3 Белый Биг-бэг1000 кг.,raw.r1c_nomenclature_current,1,1
Номенклатура — current,Семена на продажу ВендиРС3 Белый Биг-бэг1000 кг.,raw.r1c_nomenclature_current,1,1
Номенклатура — current,Семена на продажу ГалаРС1 Белый Биг-бэг1000 кг.,raw.r1c_nomenclature_current,1,1
Номенклатура — current,Семена на продажу ГалаРС3 Белый Биг-бэг1000 кг.,raw.r1c_nomenclature_current,1,1
Номенклатура — current,Семена на продажу КарменРС1 Красный Биг-бэг1000 кг.,raw.r1c_nomenclature_current,1,1
Номенклатура — current,Семена на продажу КарменРС2 Красный Биг-бэг1000 кг.,raw.r1c_nomenclature_current,1,1
Номенклатура — current,Семена на продажу ФламингоРС3 Красный Биг-бэг1000 кг.,raw.r1c_nomenclature_current,1,1
Номенклатура — current,"Семена овсянницы луговой ""Свердловская 37"" РС2",raw.r1c_nomenclature_current,1,1
Номенклатура — current,Семена покупн АлуэтРС1 Красный,raw.r1c_nomenclature_current,1,1
Номенклатура — current,Семена покупн ГалаРС3 Белый,raw.r1c_nomenclature_current,1,1
Номенклатура — current,Семена покупн ГалаЭ Белый,raw.r1c_nomenclature_current,1,1
Номенклатура — current,Семена покупн МемфисЭ Красный,raw.r1c_nomenclature_current,1,1
Номенклатура — current,Семена покупн Ред ЛедиЭ Красный,raw.r1c_nomenclature_current,1,1
Номенклатура — current,Семена покупные,raw.r1c_nomenclature_current,1,1
Номенклатура — current,Семена покупные. Картофель,raw.r1c_nomenclature_current,1,1
Номенклатура — current,Семена покупные. Морковь,raw.r1c_nomenclature_current,1,1
Номенклатура — current,Семена покупные. Свекла,raw.r1c_nomenclature_current,1,1
Номенклатура — current,Семена собств Балтик РоузРС3 Красный,raw.r1c_nomenclature_current,1,1
Номенклатура — current,Семена собств ВегаРС2 Белый,raw.r1c_nomenclature_current,1,1
Номенклатура — current,Семена собств ВендиРС2 Белый,raw.r1c_nomenclature_current,1,1
Номенклатура — current,Семена собств ГалаРС1 Белый,raw.r1c_nomenclature_current,1,1
Номенклатура — current,Семена собств ГалаРС2 Белый,raw.r1c_nomenclature_current,1,1
Номенклатура — current,Семена собств ГалаРС3 Белый,raw.r1c_nomenclature_current,1,1
Номенклатура — current,Семена собств КарменРС1 Красный,raw.r1c_nomenclature_current,1,1
Номенклатура — current,Семена собств МемфисРС1 Красный,raw.r1c_nomenclature_current,1,1
Номенклатура — current,Семена собств РедЛедиРС1 Красный,raw.r1c_nomenclature_current,1,1
Номенклатура — current,Семена собств ФламингоРС2 Красный,raw.r1c_nomenclature_current,1,1
Номенклатура — current,Семена собственные,raw.r1c_nomenclature_current,1,1
Номенклатура — current,"Семена тимофеевки луговой ""Ленинградская 204,РС1",raw.r1c_nomenclature_current,1,1
Номенклатура — current,"Семена травосмеси ""ВЕЛЕС РЕСУРС""",raw.r1c_nomenclature_current,1,1
Номенклатура — current,Семена хрена,raw.r1c_nomenclature_current,1,1
Номенклатура — current,Семенной,raw.r1c_nomenclature_current,1,1
Номенклатура — current,Семенной материал,raw.r1c_nomenclature_current,1,1
Номенклатура — current,Сенаж,raw.r1c_nomenclature_current,2,2
Номенклатура — current,"Сендвич тройник 90 гр. н.з..+н.м. 0,8 мм (конденсат) 300/200",raw.r1c_nomenclature_current,1,1
Номенклатура — current,Сено,raw.r1c_nomenclature_current,3,3
Номенклатура — current,Сенсей Инсектицид,raw.r1c_nomenclature_current,1,1
Номенклатура — current,Сенсор PNP.D30,raw.r1c_nomenclature_current,1,1
Номенклатура — current,Сенсор задней навески нижний 60kN 33303900,raw.r1c_nomenclature_current,1,1
Номенклатура — current,Сепаратор SY22047008B00,raw.r1c_nomenclature_current,1,1
Номенклатура — current,Сепаратор ботвы СББ1,raw.r1c_nomenclature_current,1,1
Номенклатура — current,Сепаратор для чеснока RM-180 WD,raw.r1c_nomenclature_current,1,1
Номенклатура — current,Септик Евролос ПРО 25+,raw.r1c_nomenclature_current,1,1
Номенклатура — current,"Сервисные услуги,юридические создание логотипа",raw.r1c_nomenclature_current,1,1
Номенклатура — current,Сервисный набор для замены моторного масла,raw.r1c_nomenclature_current,1,1
Номенклатура — current,Серлянка строительная 50мм*45м,raw.r1c_nomenclature_current,1,1
Номенклатура — current,Серпянка 45мм*50м,raw.r1c_nomenclature_current,1,1
Номенклатура — current,Сертикор Инсектицид,raw.r1c_nomenclature_current,1,1
Номенклатура — current,Сертификация,raw.r1c_nomenclature_current,1,1
Номенклатура — current,Серьга 1220-4605107,raw.r1c_nomenclature_current,1,1
Номенклатура — current,Серьга 700-01.04-Л,raw.r1c_nomenclature_current,1,1
Номенклатура — current,Серьга МТЗ механизма задней навески,raw.r1c_nomenclature_current,1,1
Номенклатура — current,Сетевой фильтр ,raw.r1c_nomenclature_current,1,1
Номенклатура — current,"Сетевой фильтр 1,8 м/10А 6 разеток",raw.r1c_nomenclature_current,1,1
Номенклатура — current,Сетевой фильтр DEXP Standard 630B [6 розеток/3 м/10A/(Черный)],raw.r1c_nomenclature_current,1,1
Номенклатура — current,Сетевой фильтр FinePower стандарт 530в (5 разеток),raw.r1c_nomenclature_current,1,1
Номенклатура — current,Сетевой фильтр ITP Leader,raw.r1c_nomenclature_current,1,1
Номенклатура — current,Сетевой фильтр Ippon BK232 Black 3м,raw.r1c_nomenclature_current,1,1
Номенклатура — current,Сетевой фильтр КУБ 5м (6разеток) 16А белый,raw.r1c_nomenclature_current,1,1
Номенклатура — current,Сетевой фильтр СТАРТ С/УД-Ф SP5*3 ZVT ,raw.r1c_nomenclature_current,1,1
Номенклатура — current,Сетевой фильтр ЭРА SF(5 разеток) 4метра,raw.r1c_nomenclature_current,1,1
Номенклатура — current,Сетевой шуруповерт HID2145P Hanskonner ,raw.r1c_nomenclature_current,1,1
Номенклатура — current,Сетка X- NET PA белая,raw.r1c_nomenclature_current,1,1
Номенклатура — current,Сетка абразивная 115*280,raw.r1c_nomenclature_current,1,1
Номенклатура — current,Сетка для защиты строительных лесов (4м х 100м),raw.r1c_nomenclature_current,1,1
Номенклатура — current,Сетка затемнение,raw.r1c_nomenclature_current,1,1
Номенклатура — current,Сетка марки BIFORCE артСЗ-2,raw.r1c_nomenclature_current,1,1
Номенклатура — current,Сетка мешок,raw.r1c_nomenclature_current,1,1
Номенклатура — current,Сетка мешок из полиэтилена 50*80 фиолетовый,raw.r1c_nomenclature_current,1,1
Номенклатура — current,Сетка мешок на завязках 50*80 фиолетовая (2000),raw.r1c_nomenclature_current,1,1
Номенклатура — current,Сетка мешок на рулоне,raw.r1c_nomenclature_current,1,1
Номенклатура — current,Сетка мешок на рулоне 31*39 желтая К (4000) ,raw.r1c_nomenclature_current,1,1
Номенклатура — current,Сетка мешок на рулоне 31*39 желтая усиленная (Y) 4000шт/рул,raw.r1c_nomenclature_current,1,1
Номенклатура — current,Сетка мешок на рулоне 31*39 красная (К) (4000),raw.r1c_nomenclature_current,1,1
Номенклатура — current,Сетка мешок на рулоне 31*39 фиолетовая 3500/рул,raw.r1c_nomenclature_current,1,1
Номенклатура — current,Сетка мешок на рулоне 31*39 фиолетовая 4000,raw.r1c_nomenclature_current,1,1
Номенклатура — current,Сетка мешок на рулоне 31*39 фиолетовый,raw.r1c_nomenclature_current,1,1
Номенклатура — current,Сетка мешок на рулоне 34*50 желтая (К) 3500/рул,raw.r1c_nomenclature_current,1,1
Номенклатура — current,Сетка мешок на рулоне 34*50 красная (С) (3000),raw.r1c_nomenclature_current,1,1
Номенклатура — current,Сетка мешок на рулоне 34*50 фиолетовый,raw.r1c_nomenclature_current,1,1
Номенклатура — current,Сетка мешок на рулоне 50*80 фиолетовая (К) 2000 шт/рул,raw.r1c_nomenclature_current,1,1
Номенклатура — current,Сетка мешок на рулоне 50*80 фиолетовая 3000 шт/рул,raw.r1c_nomenclature_current,1,1
Номенклатура — current,Сетка мешок на рулоне 54*78 фиолетовая (S) 2000 шт/рул,raw.r1c_nomenclature_current,1,1
Номенклатура — current,Сетка мешок на рулоне 54*78 фиолетовая (К) 2000 шт/рул,raw.r1c_nomenclature_current,1,1
Номенклатура — current,Сетка мешок на рулоне 54*78 фиолетовый,raw.r1c_nomenclature_current,1,1
Номенклатура — current,Сетка овощная,raw.r1c_nomenclature_current,1,1
Номенклатура — current,Сетка овощная 50*80,raw.r1c_nomenclature_current,1,1
Номенклатура — current,Сетка оцинкованная,raw.r1c_nomenclature_current,1,1
Номенклатура — current,"Сетка оцинкованная рабица 50х50 рул 1,5х10м",raw.r1c_nomenclature_current,1,1
Номенклатура — current,Сетка паллетная,raw.r1c_nomenclature_current,1,1
Номенклатура — current,Сетка паллетная 1000м/рул,raw.r1c_nomenclature_current,1,1
Номенклатура — current,Сетка паллетная без растяжения,raw.r1c_nomenclature_current,1,1
Номенклатура — current,Сетка пластиковая 15*15 2х50,raw.r1c_nomenclature_current,1,1
Номенклатура — current,Сетка полипропиленовая Бифорс СЗ-2. Рулон 2х50м,raw.r1c_nomenclature_current,1,1
Номенклатура — current,"Сетка рабица оцинк.50*50 рул 1,8*10м",raw.r1c_nomenclature_current,1,1
Номенклатура — current,Сетка рукав,raw.r1c_nomenclature_current,1,1
Номенклатура — current,"Сетка сварн.оцинкованная 1,0х25м  (12,5х25х1,6 мм)",raw.r1c_nomenclature_current,1,1
Номенклатура — current,"Сетка сварн.оцинкованная 1,0х25м  (25х25х1,6 мм)",raw.r1c_nomenclature_current,1,1
Номенклатура — current,"Сетка сварная оцинк.1,0х15м (12,5х12,5х1,2)",raw.r1c_nomenclature_current,1,1
Номенклатура — current,Сетка сеновязальная 123х3000(290),raw.r1c_nomenclature_current,1,1
Номенклатура — current,Сетка фасадная (100м*4),raw.r1c_nomenclature_current,1,1
Номенклатура — current,Сетка фасадная 080 размер рулона 4*50,raw.r1c_nomenclature_current,1,1
Номенклатура — current,Сетка фасадная зеленая 3х50,raw.r1c_nomenclature_current,1,1
Номенклатура — current,Сетка фасадная зеленая 4х100м Фасад35,raw.r1c_nomenclature_current,1,1
Номенклатура — current,Сетка-мешок на рулоне 34х50 см красная (К) 3500/рул,raw.r1c_nomenclature_current,1,1
Номенклатура — current,Сетка-мешок на рулоне 41*60 фиолетовая (2500),raw.r1c_nomenclature_current,1,1
Номенклатура — current,Сетка-рукав пвд Д-пак 220мм Желтая (700м),raw.r1c_nomenclature_current,1,1
Номенклатура — current,Сетка-рукав пвд Д-пак 220мм Красная (700м),raw.r1c_nomenclature_current,1,1
Номенклатура — current,Сетка-рукав экструзионная 220мм желтая L,raw.r1c_nomenclature_current,1,1
Номенклатура — current,Сетка-рукав экструзионная 220мм красная L,raw.r1c_nomenclature_current,1,1
Номенклатура — current,Сеткодержатель,raw.r1c_nomenclature_current,1,1
Номенклатура — current,Сетчатое полотно из полиэтилена белый ,raw.r1c_nomenclature_current,1,1
Номенклатура — current,Сиамино ,raw.r1c_nomenclature_current,1,1
Номенклатура — current,Сивег 5л*4 (10121010/110522/3232237 Италия),raw.r1c_nomenclature_current,1,1
Номенклатура — current,Сигнал 20М,raw.r1c_nomenclature_current,1,1
Номенклатура — current,Сигнал заднего хода 12-24V,raw.r1c_nomenclature_current,1,1
Номенклатура — current,Сигнал звуковой 12V ,raw.r1c_nomenclature_current,1,1
Номенклатура — current,Сигнал звуковой 12V 435 Hz 1шт SEGER WD-50F,raw.r1c_nomenclature_current,1,1
Номенклатура — current,"Сигнал звуковой ВАЗ, УАЗ, ГАЗ 12В высокий тон 20.3721-01 06.1215",raw.r1c_nomenclature_current,1,1
Номенклатура — current,Сигнал звуковой ГАЗ-24 высокий тон ЛЭТЗ С303,raw.r1c_nomenclature_current,1,1
Номенклатура — current,Сигнал звуковой ГАЗ-24 низкий тон ЛЭТЗ С302,raw.r1c_nomenclature_current,1,1
Номенклатура — current,Сигнал звуковой КАМАЗ комплект С306Д/307Д,raw.r1c_nomenclature_current,1,1
Номенклатура — current,Сигнализатор звуковой ND16-22FS d22мм красн. LED AC/DC 24В,raw.r1c_nomenclature_current,1,1
Номенклатура — current,Сиденье,raw.r1c_nomenclature_current,1,1
Номенклатура — current,Сиденье МТЗ УК в сборе 80В-68000000 СБ,raw.r1c_nomenclature_current,1,1
Номенклатура — current,Сиденье МТЗ с подлокотниками БЗТДиА 80-6800010-01,raw.r1c_nomenclature_current,1,1
Номенклатура — current,Сидераты,raw.r1c_nomenclature_current,1,1
Номенклатура — current,Сидераты 2021,raw.r1c_nomenclature_current,1,1
Номенклатура — current,Сидераты 2022,raw.r1c_nomenclature_current,1,1
Номенклатура — current,Сидераты 2022_товар,raw.r1c_nomenclature_current,1,1
Номенклатура — current,Сидераты 2023,raw.r1c_nomenclature_current,1,1
Номенклатура — current,Сидераты 2023_товар,raw.r1c_nomenclature_current,1,1
Номенклатура — current,Сидераты 2024_товар,raw.r1c_nomenclature_current,1,1
Номенклатура — current,Сидераты 2025,raw.r1c_nomenclature_current,1,1
Номенклатура — current,Сидераты 2026,raw.r1c_nomenclature_current,1,1
Номенклатура — current,Сидераты с октября 2021,raw.r1c_nomenclature_current,1,1
Номенклатура — current,Сидоприд Инсектицид,raw.r1c_nomenclature_current,1,1
Номенклатура — current,Силикон белый ,raw.r1c_nomenclature_current,1,1
Номенклатура — current,Силиплант Регулятор роста ,raw.r1c_nomenclature_current,1,1
Номенклатура — current,Сильвошанс..ВЭ,raw.r1c_nomenclature_current,1,1
Номенклатура — current,Сильфон 701.10.00.060,raw.r1c_nomenclature_current,1,1
Номенклатура — current,"Симба, КЭ Гербицид ",raw.r1c_nomenclature_current,1,1
Номенклатура — current,Симистор 16А 600В 50мА ВТА16-600BRG,raw.r1c_nomenclature_current,1,1
Номенклатура — current,"Синклер, СК Протравливатель ",raw.r1c_nomenclature_current,1,1
Номенклатура — current,Синтетическая смазка H1 Alugrease FG2,raw.r1c_nomenclature_current,1,1
Номенклатура — current,Сирена,raw.r1c_nomenclature_current,1,1
Номенклатура — current,Сирена-ПРО. Оповещатель звуковой радиоканальный,raw.r1c_nomenclature_current,1,1
Номенклатура — current,Сирокко Инсектицид,raw.r1c_nomenclature_current,1,1
Номенклатура — current,Система вентиляционно-климатическая марки Вентоглас,raw.r1c_nomenclature_current,1,1
Номенклатура — current,Система видеонаблюдения,raw.r1c_nomenclature_current,1,1
Номенклатура — current,Система капельного полива для чеснока,raw.r1c_nomenclature_current,1,1
Номенклатура — current,Система навесная центральная KRET для Т-150,raw.r1c_nomenclature_current,1,1
Номенклатура — current,"Система хранения DEKO DKTB10, 6 выдвижных ящиков 065-0815",raw.r1c_nomenclature_current,1,1
Номенклатура — current,Системный блок Hightech (i3-12100/ H610M-K D4/ DDR4 2х8Gb/ SSD 512Gb/ 400W),raw.r1c_nomenclature_current,1,1
Номенклатура — current,Системный блок Hightech (i5-12400/ B760M DS3H/ DDR4 1x16Gb/ SSD 1000Gb M.2 NVMe/ HDD 4Tb/ RTX 5070Ti,raw.r1c_nomenclature_current,1,1
Номенклатура — current,Систива Инсектицид,raw.r1c_nomenclature_current,1,1
Номенклатура — current,Ситевой фильтр (5 разеток) серый,raw.r1c_nomenclature_current,1,1
Номенклатура — current,Сито фильтр двойной 200мм (нержавейка),raw.r1c_nomenclature_current,1,1
Номенклатура — current,Сифон Wirguin д/умыв.1 1/4*40/50 с гофрой и трубой,raw.r1c_nomenclature_current,1,1
Номенклатура — current,Сифон АНИ д/мойки 1 1/2*40/50,raw.r1c_nomenclature_current,1,1
Номенклатура — current,Сифон АНИ д/умывальника 1 1/4*40/50,raw.r1c_nomenclature_current,1,1
Номенклатура — current,Сифон АНИ для умывальника 1 1/4*40/50,raw.r1c_nomenclature_current,1,1
Номенклатура — current,Сифон для умывальника ,raw.r1c_nomenclature_current,1,1
Номенклатура — current,"Сифон-142 с нерж.чашкой 70мм,уд/выпуск гоф-600мм/",raw.r1c_nomenclature_current,1,1
Номенклатура — current,Скальпель Инсектицид,raw.r1c_nomenclature_current,1,1
Номенклатура — current,Скамья ССТ 1200x300 ЛДСП ТИТАН МЕТА ,raw.r1c_nomenclature_current,1,1
Номенклатура — current,"Скамья садовая 1,2 м",raw.r1c_nomenclature_current,1,1
Номенклатура — current,Скарлет Инсектицид,raw.r1c_nomenclature_current,1,1
Номенклатура — current,Скатерть-клеенка столовая,raw.r1c_nomenclature_current,1,1
Номенклатура — current,Скиф Инсектицид,raw.r1c_nomenclature_current,1,1
Номенклатура — current,"Скоба ""шакле"" 10мм",raw.r1c_nomenclature_current,1,1
Номенклатура — current,"Скоба ""шакле"" 12мм",raw.r1c_nomenclature_current,1,1
Номенклатура — current,Скоба 10х10(1000шт),raw.r1c_nomenclature_current,1,1
Номенклатура — current,Скоба 10х14 (1000шт),raw.r1c_nomenclature_current,1,1
Номенклатура — current,Скоба 10х5(1000шт),raw.r1c_nomenclature_current,1,1
Номенклатура — current,Скоба 10х8 (1000шт),raw.r1c_nomenclature_current,1,1
Номенклатура — current,Скоба 12мм (1000 шт),raw.r1c_nomenclature_current,1,1
Номенклатура — current,Скоба М16,raw.r1c_nomenclature_current,1,1
Номенклатура — current,Скоба М16 80х80,raw.r1c_nomenclature_current,1,1
Номенклатура — current,Скоба для степлера № 10,raw.r1c_nomenclature_current,1,1
Номенклатура — current,Скоба для степлера № 24/6 (1000шт),raw.r1c_nomenclature_current,1,1
Номенклатура — current,"Скоба для степлера № 24/6/,26/6 (1000шт)",raw.r1c_nomenclature_current,1,1
Номенклатура — current,Скоба для степлера №10 1000шт,raw.r1c_nomenclature_current,1,1
Номенклатура — current,Скоба для степлера №24/6 1000шт,raw.r1c_nomenclature_current,1,1
Номенклатура — current,Скоба металлическая  D19-20 мм,raw.r1c_nomenclature_current,1,1
Номенклатура — current,Скоба металлическая 2-х лапковая D60-63 СМД,raw.r1c_nomenclature_current,1,1
Номенклатура — current,Скоба прицепная  700.46.30.000 в сборе,raw.r1c_nomenclature_current,1,1
Номенклатура — current,Скоба прицепная (голая) К-700  (700.46.30.010-1),raw.r1c_nomenclature_current,1,1
Номенклатура — current,Скоба с внутренним диаметром 25мм  двухлапковая метал,raw.r1c_nomenclature_current,1,1
Номенклатура — current,Скоба с внутренним диаметром 32мм  двухлапковая метал,raw.r1c_nomenclature_current,1,1
Номенклатура — current,Скоба с внутренним диаметром 40 мм  двухлапковая метал,raw.r1c_nomenclature_current,1,1
Номенклатура — current,Скоба с внутренним диаметром 50 мм  двухлапковая метал,raw.r1c_nomenclature_current,1,1
Номенклатура — current,Скоба такелажная 10мм,raw.r1c_nomenclature_current,1,1
Номенклатура — current,Скоба такелажная 12мм нерж.,raw.r1c_nomenclature_current,1,1
Номенклатура — current,Скоба такелажная 8 цинк,raw.r1c_nomenclature_current,1,1
Номенклатура — current,Скоба такелажная М10,raw.r1c_nomenclature_current,1,1
Номенклатура — current,Скоба такелажная М18,raw.r1c_nomenclature_current,1,1
Номенклатура — current,Скоба тормозная Соболь в сб. левая,raw.r1c_nomenclature_current,1,1
Номенклатура — current,Скоба тормозная Соболь в сб. правая,raw.r1c_nomenclature_current,1,1
Номенклатура — current,Скобы  24/6,raw.r1c_nomenclature_current,1,1
Номенклатура — current,Скобы 10 *10,raw.r1c_nomenclature_current,1,1
Номенклатура — current,Скобы 10 *14,raw.r1c_nomenclature_current,1,1
Номенклатура — current,Скобы ассорти,raw.r1c_nomenclature_current,1,1
Номенклатура — current,Сковорода глубокая диаметр 28см антипрегарное покрытие,raw.r1c_nomenclature_current,1,1
Номенклатура — current,Скоросшиватель картон,raw.r1c_nomenclature_current,1,1
Номенклатура — current,Скоросшиватель пластиковый А4,raw.r1c_nomenclature_current,1,1
Номенклатура — current,Скотч,raw.r1c_nomenclature_current,1,1
Номенклатура — current,Скотч армированный,raw.r1c_nomenclature_current,1,1
Номенклатура — current,Скотч малярный,raw.r1c_nomenclature_current,1,1
Номенклатура — current,Скотч прозрачный 48мм 132 м,raw.r1c_nomenclature_current,1,1
Номенклатура — current,Скотч прозрачный 48х132м,raw.r1c_nomenclature_current,1,1
Номенклатура — current,Скребок (018.02471),raw.r1c_nomenclature_current,1,1
Номенклатура — current,Скребок (ИД: 004.00008),raw.r1c_nomenclature_current,1,1
Номенклатура — current,Скребок для очистки гязи ленточного транспортера нижний,raw.r1c_nomenclature_current,1,1
Номенклатура — current,Скребок слева,raw.r1c_nomenclature_current,1,1
Номенклатура — current,Скребок справа,raw.r1c_nomenclature_current,1,1
Номенклатура — current,Скрепа 2К эластичная (комплект 30 кг),raw.r1c_nomenclature_current,1,1
Номенклатура — current,Скрепа СГ-20 ИЭК,raw.r1c_nomenclature_current,1,1
Номенклатура — current,Скрепа для ленты NC 20 (COT36 A200) NILED 12200031 (уп 100шт),raw.r1c_nomenclature_current,1,1
Номенклатура — current,Скрепа для ленты NC 20-TE,raw.r1c_nomenclature_current,1,1
Номенклатура — current,Скрепа для ленты NВ 20  NILED 12200051 (уп 100шт),raw.r1c_nomenclature_current,1,1
Номенклатура — current,Скрепа-бутель СУ-20 ИЭК,raw.r1c_nomenclature_current,1,1
Номенклатура — current,Скрепки 32мм никел. треугольные,raw.r1c_nomenclature_current,1,1
Номенклатура — current,Скрепки 33мм оцинкованные ,raw.r1c_nomenclature_current,1,1
Номенклатура — current,Скрепки 50мм гофрированные,raw.r1c_nomenclature_current,1,1
Номенклатура — current,Скрепки Зебра полимер 28мм,raw.r1c_nomenclature_current,1,1
Номенклатура — current,Скрепки оцинкованные 28мм,raw.r1c_nomenclature_current,1,1
Номенклатура — current,Скрепки оцинкованные 50 мм,raw.r1c_nomenclature_current,1,1
Номенклатура — current,Скрепки оцинкованные 78мм,raw.r1c_nomenclature_current,1,1
Номенклатура — current,Скрепочница магнитная с металлическими скрепками,raw.r1c_nomenclature_current,1,1
Номенклатура — current,"Скутум, СК Протравливатель ",raw.r1c_nomenclature_current,1,1
Номенклатура — current,Слесарные работы,raw.r1c_nomenclature_current,1,1
Номенклатура — current,Слесарный инструмент (удлинитель для коронки),raw.r1c_nomenclature_current,1,1
Номенклатура — current,Сливной клапан для поддона,raw.r1c_nomenclature_current,1,1
Номенклатура — current,Слотболт М10х25,raw.r1c_nomenclature_current,1,1
Номенклатура — current,"Смазка  Efele Blue EP2 туба картридж 0,37 кг",raw.r1c_nomenclature_current,1,1
Номенклатура — current,Смазка  Grease LEP2 400гр,raw.r1c_nomenclature_current,1,1
Номенклатура — current,Смазка  Grease LEP3 картридж  400гр,raw.r1c_nomenclature_current,1,1
Номенклатура — current,Смазка  pakelo multiplex ep grease 0.4 л,raw.r1c_nomenclature_current,1,1
Номенклатура — current,Смазка 158 синяя (18кг),raw.r1c_nomenclature_current,1,1
Номенклатура — current,"Смазка ARGO EN-3000 EP2 туба-картридж 0,37 кг",raw.r1c_nomenclature_current,1,1
Номенклатура — current,Смазка ARGO elite blue EP2,raw.r1c_nomenclature_current,1,1
Номенклатура — current,"Смазка EP-2 молибденовая 0,37кг картридж",raw.r1c_nomenclature_current,1,1
Номенклатура — current,Смазка GNV Grease Blue Power,raw.r1c_nomenclature_current,1,1
Номенклатура — current,Смазка LGMT 3/1 SKF,raw.r1c_nomenclature_current,1,1
Номенклатура — current,Смазка RCLF Grease Р7180 LX ER2 400гр,raw.r1c_nomenclature_current,1,1
Номенклатура — current,Смазка Sintec multi Grease EР 2-100 400гр,raw.r1c_nomenclature_current,1,1
Номенклатура — current,Смазка Sintec multi Grease EР 2-150 ,raw.r1c_nomenclature_current,1,1
Номенклатура — current,Смазка Sintec multi Grease EР 2-150 390гр,raw.r1c_nomenclature_current,1,1
Номенклатура — current,Смазка WD40 ,raw.r1c_nomenclature_current,1,1
Номенклатура — current,Смазка WEGO Grease EP2 Complex,raw.r1c_nomenclature_current,1,1
Номенклатура — current,Смазка ГРИЗ-ГАРД пластичная VC85723-004  труба 400гр.желтая ,raw.r1c_nomenclature_current,1,1
Номенклатура — current,Смазка Литол,raw.r1c_nomenclature_current,1,1
Номенклатура — current,Смазка ШРУС-4 850гр,raw.r1c_nomenclature_current,1,1
Номенклатура — current,"Смазка ШРУС-4 FELIX, туба, 300 гр",raw.r1c_nomenclature_current,1,1
Номенклатура — current,Смазка аэрозоль 100мл ,raw.r1c_nomenclature_current,1,1
Номенклатура — current,"Смазка белая грязеотталкивающая с PTFE, аэрозоль со смарт-распылителем 520 мл SN4525",raw.r1c_nomenclature_current,1,1
Номенклатура — current,Смазка водостойкая RUBIN 2л МС-1520,raw.r1c_nomenclature_current,1,1
Номенклатура — current,"Смазка водостойкая, защищающая цепные механизмы от коррозии, 250мл спрей",raw.r1c_nomenclature_current,1,1
Номенклатура — current,"Смазка высокотемпературная 0,39л",raw.r1c_nomenclature_current,1,1
Номенклатура — current,Смазка высокотемпературная 2000гр. МС-1000,raw.r1c_nomenclature_current,1,1
Номенклатура — current,Смазка высокотемпературная nano grease blue multipurpose ht grease xhp 222 4,raw.r1c_nomenclature_current,1,1
Номенклатура — current,Смазка высокотемпературная МС-1510 400гр,raw.r1c_nomenclature_current,1,1
Номенклатура — current,Смазка графитная синтетическая 850гр,raw.r1c_nomenclature_current,1,1
Номенклатура — current,Смазка графитовая,raw.r1c_nomenclature_current,1,1
Номенклатура — current,Смазка графитовая/аэрозоль 335мл,raw.r1c_nomenclature_current,1,1
Номенклатура — current,Смазка для направляющих пальцев суппорта,raw.r1c_nomenclature_current,1,1
Номенклатура — current,Смазка для роликовых цепей и лебедок 450мл,raw.r1c_nomenclature_current,1,1
Номенклатура — current,Смазка для центральной системы GR MU EP OO,raw.r1c_nomenclature_current,1,1
Номенклатура — current,Смазка для цепей (PTFE) (аэрозоль) 520 мл,raw.r1c_nomenclature_current,1,1
Номенклатура — current,Смазка для цепей вилочного погрузчика,raw.r1c_nomenclature_current,1,1
Номенклатура — current,Смазка для цепей и открытых передач (аэрозоль) AIMOL Gear Grease 500мл,raw.r1c_nomenclature_current,1,1
Номенклатура — current,Смазка для шины,raw.r1c_nomenclature_current,1,1
Номенклатура — current,Смазка для электроконтактов 400мл,raw.r1c_nomenclature_current,1,1
Номенклатура — current,Смазка картридж 400гр,raw.r1c_nomenclature_current,1,1
Номенклатура — current,Смазка консистентная Grease EP2  Blue 390гр,raw.r1c_nomenclature_current,1,1
Номенклатура — current,Смазка консистентная blue 400гр.,raw.r1c_nomenclature_current,1,1
Номенклатура — current,Смазка консистентная синяя,raw.r1c_nomenclature_current,1,1
Номенклатура — current,Смазка литиевая ,raw.r1c_nomenclature_current,1,1
Номенклатура — current,Смазка литиевая  SHELL с молибденом Gadus,raw.r1c_nomenclature_current,1,1
Номенклатура — current,Смазка литиевая Газпромнефть LX EP 2 (картридж),raw.r1c_nomenclature_current,1,1
Номенклатура — current,"Смазка литиевая консистентная для ЗНУ и др.узлов (туба 0,4 кг)",raw.r1c_nomenclature_current,1,1
Номенклатура — current,"Смазка медная 1,4 мл.АС-4571",raw.r1c_nomenclature_current,1,1
Номенклатура — current,Смазка медная 400 мл.ЭЛТРАНС EL-0510.04,raw.r1c_nomenclature_current,1,1
Номенклатура — current,Смазка медная 400мл аэрозоль,raw.r1c_nomenclature_current,1,1
Номенклатура — current,Смазка медная 520мл,raw.r1c_nomenclature_current,1,1
Номенклатура — current,Смазка медная Sintec DR Active Copper GREASE 400 мл,raw.r1c_nomenclature_current,1,1
Номенклатура — current,Смазка медная/аэрозоль 210мл,raw.r1c_nomenclature_current,1,1
Номенклатура — current,Смазка многофункциональная МС1000 200г туба 1104,raw.r1c_nomenclature_current,1,1
Номенклатура — current,Смазка многоцелевая ,raw.r1c_nomenclature_current,1,1
Номенклатура — current,Смазка многоцелевая LV-40,raw.r1c_nomenclature_current,1,1
Номенклатура — current,"Смазка многоцелевая LV-40, 1 000 мл Ln2453",raw.r1c_nomenclature_current,1,1
Номенклатура — current,Смазка многоцелевая RC-40 400 мл ,raw.r1c_nomenclature_current,1,1
Номенклатура — current,Смазка многоцелевая nano grease multipurpose ht высокотемперат.синяя xhp 222 ,raw.r1c_nomenclature_current,1,1
Номенклатура — current,Смазка многоцелевая Валера ,raw.r1c_nomenclature_current,1,1
Номенклатура — current,Смазка многоцелевая проникающая  Sintec DR Active DR 40 520мл,raw.r1c_nomenclature_current,1,1
Номенклатура — current,Смазка многоцелевая проникающая RM-40 450 мл,raw.r1c_nomenclature_current,1,1
Номенклатура — current,Смазка молибденовая 520мл,raw.r1c_nomenclature_current,1,1
Номенклатура — current,Смазка мс 1600,raw.r1c_nomenclature_current,1,1
Номенклатура — current,Смазка петель синтетическая адрезионная,raw.r1c_nomenclature_current,1,1
Номенклатура — current,Смазка пластичная GRESON LIT EP 2.0 9 кг,raw.r1c_nomenclature_current,1,1
Номенклатура — current,Смазка пластичная ГРИЗ ГАРД туба 400гр,raw.r1c_nomenclature_current,1,1
Номенклатура — current,Смазка проникающая DG-40 335мл,raw.r1c_nomenclature_current,1,1
Номенклатура — current,Смазка проникающая HG40 аэрозоль,raw.r1c_nomenclature_current,1,1
Номенклатура — current,Смазка силиконовая,raw.r1c_nomenclature_current,1,1
Номенклатура — current,Смазка силиконовая Si-M 400мл,raw.r1c_nomenclature_current,1,1
Номенклатура — current,Смазка силиконовая для резиновых уплотнений REZIN,raw.r1c_nomenclature_current,1,1
Номенклатура — current,Смазка синяя ВПМ,raw.r1c_nomenclature_current,1,1
Номенклатура — current,Смазка универсальная  400 мл.WD-40.WD-40.04,raw.r1c_nomenclature_current,1,1
Номенклатура — current,Смазка универсальная  WD-40 100 мл. аэрозоль,raw.r1c_nomenclature_current,1,1
Номенклатура — current,Смазка универсальная  WD-40 400 мл. ,raw.r1c_nomenclature_current,1,1
Номенклатура — current,Смазка универсальная силиконовая,raw.r1c_nomenclature_current,1,1
Номенклатура — current,"Смазка цепи спортивная, 400 мл ",raw.r1c_nomenclature_current,1,1
Номенклатура — current,Смазка цепная,raw.r1c_nomenclature_current,1,1
Номенклатура — current,Смазки,raw.r1c_nomenclature_current,1,1
Номенклатура — current,Смартфон Samsung S22 256GB черный фантом ПИ,raw.r1c_nomenclature_current,1,1
Номенклатура — current,Смартфон realme C71 8/128GB зеленый,raw.r1c_nomenclature_current,1,1
Номенклатура — current,Сменные нагреватели для сварочных аппаратов D 32 10032,raw.r1c_nomenclature_current,1,1
Номенклатура — current,Сменные нагреватели для сварочных аппаратов D 40 10033,raw.r1c_nomenclature_current,1,1
Номенклатура — current,Сменный блок классика,raw.r1c_nomenclature_current,1,1
Номенклатура — current,Смеситель,raw.r1c_nomenclature_current,1,1
Номенклатура — current,Смеситель для ванны,raw.r1c_nomenclature_current,1,1
Номенклатура — current,Смеситель для душа,raw.r1c_nomenclature_current,1,1
Номенклатура — current,Смеситель для кухни,raw.r1c_nomenclature_current,1,1
Номенклатура — current,Смеситель для раковины,raw.r1c_nomenclature_current,1,1
Номенклатура — current,Смеситель для умывальника,raw.r1c_nomenclature_current,1,1
Номенклатура — current,Смеситель моно,raw.r1c_nomenclature_current,1,1
Номенклатура — current,Смеситель одноручный для душа Phoenix 0402.613 JGNO620 ,raw.r1c_nomenclature_current,1,1
Номенклатура — current,Смеситель одноручный для мойки Phoenix 0402.610 JGNO420 излив 25 см,raw.r1c_nomenclature_current,1,1
Номенклатура — current,Смесь кормовая,raw.r1c_nomenclature_current,1,1
Номенклатура — current,Смесь литой бетон М300,raw.r1c_nomenclature_current,1,1
Номенклатура — current,Снегозадержатель трубчатый 3м,raw.r1c_nomenclature_current,1,1
Номенклатура — current,Снейк Инсектицид,raw.r1c_nomenclature_current,1,1
Номенклатура — current,Совок для мусора,raw.r1c_nomenclature_current,1,1
Номенклатура — current,Сода кальцинированная 600 гр РК,raw.r1c_nomenclature_current,1,1
Номенклатура — current,Сода пищевая 500г,raw.r1c_nomenclature_current,1,1
Номенклатура — current,Содержание производственных помещений,raw.r1c_nomenclature_current,1,1
Номенклатура — current,"Соед. клем 2х2,5 с контакт. пастой",raw.r1c_nomenclature_current,1,1
Номенклатура — current,"Соед. клем 3х2,5 с контакт. пастой",raw.r1c_nomenclature_current,1,1
Номенклатура — current,Соед. пруток,raw.r1c_nomenclature_current,1,1
Номенклатура — current,Соед.элемент ткб 32-М6-22,raw.r1c_nomenclature_current,1,1
Номенклатура — current,Соединение М18х1.5,raw.r1c_nomenclature_current,1,1
Номенклатура — current,Соединение желоба с уплотнителем,raw.r1c_nomenclature_current,1,1
Номенклатура — current,Соединитель  GRINDA 3/4 8-426326,raw.r1c_nomenclature_current,1,1
Номенклатура — current,Соединитель  для кап.линии,raw.r1c_nomenclature_current,1,1
Номенклатура — current,Соединитель 1/2,raw.r1c_nomenclature_current,1,1
Номенклатура — current,Соединитель 3/4,raw.r1c_nomenclature_current,1,1
Номенклатура — current,Соединитель 3/4 с аквастопом,raw.r1c_nomenclature_current,1,1
Номенклатура — current,Соединитель болт. СБ-2 70-120мм,raw.r1c_nomenclature_current,1,1
Номенклатура — current,"Соединитель быстросъемный 1/2""",raw.r1c_nomenclature_current,1,1
Номенклатура — current,Соединитель для шланга 20мм,raw.r1c_nomenclature_current,1,1
Номенклатура — current,Соединитель желоба белый 12459,raw.r1c_nomenclature_current,1,1
Номенклатура — current,Соединитель к бесконтактному выключателю CS S255R-3,raw.r1c_nomenclature_current,1,1
Номенклатура — current,Соединитель лат 20*20,raw.r1c_nomenclature_current,1,1
Номенклатура — current,Соединитель лат 25*20,raw.r1c_nomenclature_current,1,1
Номенклатура — current,Соединитель лат 25*25,raw.r1c_nomenclature_current,1,1
Номенклатура — current,Соединитель ремня шаг40/шап32 (015.41493,raw.r1c_nomenclature_current,1,1
Номенклатура — current,Соединитель транспортера КПК 0103609,raw.r1c_nomenclature_current,1,1
Номенклатура — current,Соединительная гильза изолированная ( СГИ L-26мм) 08-0721,raw.r1c_nomenclature_current,1,1
Номенклатура — current,Соединительная клемма с рычажком 222-413 3-х проводная 0.08-2.5 мм. 400В. 32А без пасты 20 шт.,raw.r1c_nomenclature_current,1,1
Номенклатура — current,"Сойлент, ВР",raw.r1c_nomenclature_current,1,1
Номенклатура — current,Солемер TDS-E3,raw.r1c_nomenclature_current,1,1
Номенклатура — current,Солигор Инсектицид,raw.r1c_nomenclature_current,1,1
Номенклатура — current,Солидол ,raw.r1c_nomenclature_current,1,1
Номенклатура — current,Соль 25кг,raw.r1c_nomenclature_current,1,1
Номенклатура — current,Соль крупная,raw.r1c_nomenclature_current,1,1
Номенклатура — current,Сопло газораспределительное d12 ,raw.r1c_nomenclature_current,1,1
Номенклатура — current,"Сопло для горелки коническое 25-AK, медь E-Cu (5 шт, 15 мм)",raw.r1c_nomenclature_current,1,1
Номенклатура — current,Сопутствующие культуры,raw.r1c_nomenclature_current,1,1
Номенклатура — current,Сор с полей,raw.r1c_nomenclature_current,1,1
Номенклатура — current,"Сортировка ленточная SO-120(лента 45+удлинение транспортера на 1 метр,реверс,пневмоамортизатор)",raw.r1c_nomenclature_current,1,1
Номенклатура — current,Сошниковый диск 4/500,raw.r1c_nomenclature_current,1,1
Номенклатура — current,Спальные принадлежности,raw.r1c_nomenclature_current,1,1
Номенклатура — current,"Спец Рукав пож. напорный 20 м.п. с головкой ГР-50, 1.0 МПа для ПК Диам. 50 мм ОГН-РУК1",raw.r1c_nomenclature_current,1,1
Номенклатура — current,Спецкрепеж,raw.r1c_nomenclature_current,1,1
Номенклатура — current,Спецодежда,raw.r1c_nomenclature_current,1,1
Номенклатура — current,"Спидометр ЗИЛ-130,131 СП201",raw.r1c_nomenclature_current,1,1
Номенклатура — current,Спикерфон Yealink CP700 wth dorgle Teams,raw.r1c_nomenclature_current,1,1
Номенклатура — current,Спикерфон Yealink CP900 with dongle UC,raw.r1c_nomenclature_current,1,1
Номенклатура — current,Спинтор 240 Инсектицид,raw.r1c_nomenclature_current,1,1
Номенклатура — current,Спир.PU-валец (полиурет)2000,raw.r1c_nomenclature_current,1,1
Номенклатура — current,Спиральный отсеиватель 800 мм,raw.r1c_nomenclature_current,1,1
Номенклатура — current,Спиральный отсеиватель 920 мм,raw.r1c_nomenclature_current,1,1
Номенклатура — current,Спирит Инсектицид,raw.r1c_nomenclature_current,1,1
Номенклатура — current,"Спирт изопропиловый 0,5л",raw.r1c_nomenclature_current,1,1
Номенклатура — current,Спички туристические,raw.r1c_nomenclature_current,1,1
Номенклатура — current,Споробактерин Инсектицид,raw.r1c_nomenclature_current,1,1
Номенклатура — current,Спрей блох и клещей 250мм ,raw.r1c_nomenclature_current,1,1
Номенклатура — current,Спрей для чистки маркерных досок,raw.r1c_nomenclature_current,1,1
Номенклатура — current,"Средний ремень 302DN 60/39,8",raw.r1c_nomenclature_current,1,1
Номенклатура — current,Средство ПЭТ кослотное спец.средство для кафеля,raw.r1c_nomenclature_current,1,1
Номенклатура — current,Средство Триосепт-Окси СпецСинтез,raw.r1c_nomenclature_current,1,1
Номенклатура — current,"Средство дезинфицирующее ""ИНВАДЕЗ"" ",raw.r1c_nomenclature_current,1,1
Номенклатура — current,Средство для ванны Mr.Muskle,raw.r1c_nomenclature_current,1,1
Номенклатура — current,Средство для дезинфекции при низких температурах,raw.r1c_nomenclature_current,1,1
Номенклатура — current,Средство для мытья пола ,raw.r1c_nomenclature_current,1,1
Номенклатура — current,Средство для мытья полов 1л,raw.r1c_nomenclature_current,1,1
Номенклатура — current,Средство для мытья посуды,raw.r1c_nomenclature_current,1,1
Номенклатура — current,"Средство для мытья посуды, 5л",raw.r1c_nomenclature_current,1,1
Номенклатура — current,"Средство для мытья рабочих поверхностей ""MDF-43"" 1л",raw.r1c_nomenclature_current,1,1
Номенклатура — current,"Средство для мытья стекол 0,6л",raw.r1c_nomenclature_current,1,1
Номенклатура — current,"Средство для очистки различных поверхностей 0,6л",raw.r1c_nomenclature_current,1,1
Номенклатура — current,Средство для плит 5 литров,raw.r1c_nomenclature_current,1,1
Номенклатура — current,Средство для прочистки труб от засоров  гранулированное 600гр.,raw.r1c_nomenclature_current,1,1
Номенклатура — current,Средство для прочистки труб от засоров 280гр.,raw.r1c_nomenclature_current,1,1
Номенклатура — current,Средство для сантехники ,raw.r1c_nomenclature_current,1,1
Номенклатура — current,Средство для сантехники Luscan гель с кислотой 5 л,raw.r1c_nomenclature_current,1,1
Номенклатура — current,Средство для септика,raw.r1c_nomenclature_current,1,1
Номенклатура — current,Средство для стекол,raw.r1c_nomenclature_current,1,1
Номенклатура — current,Средство для стекол 5 литров,raw.r1c_nomenclature_current,1,1
Номенклатура — current,Средство для стирки 5л,raw.r1c_nomenclature_current,1,1
Номенклатура — current,Средство для туалета 750 мл,raw.r1c_nomenclature_current,1,1
Номенклатура — current,Средство для уборки 5 литров (концентрат),raw.r1c_nomenclature_current,1,1
Номенклатура — current,Средство для удаления стойких жировых и белковых загрязнений,raw.r1c_nomenclature_current,1,1
Номенклатура — current,Средство для чистки металла HELP нержав.сталь 500мл.,raw.r1c_nomenclature_current,1,1
Номенклатура — current,"Средство для чистки плит Azelit Антижир 600 мл (СВЧ, грили, коптильни)",raw.r1c_nomenclature_current,1,1
Номенклатура — current,Средство для чистки рук,raw.r1c_nomenclature_current,1,1
Номенклатура — current,"Средство для чистки сантехники и кафеля ""SANITAL"" 1л",raw.r1c_nomenclature_current,1,1
Номенклатура — current,Средство для чистки труб 5 минут SANF 750г. ,raw.r1c_nomenclature_current,1,1
Номенклатура — current,Средство для чистки труб TIRET 500мл.,raw.r1c_nomenclature_current,1,1
Номенклатура — current,Средство моющее с дез.эффектом на основе хлора,raw.r1c_nomenclature_current,1,1
Номенклатура — current,"Средство от грызунов ""Чистыйдом""",raw.r1c_nomenclature_current,1,1
Номенклатура — current,Средство от комаров,raw.r1c_nomenclature_current,1,1
Номенклатура — current,Средство от крыс и мышей 100 гр,raw.r1c_nomenclature_current,1,1
Номенклатура — current,Средство от насекомых липкая лента от мух,raw.r1c_nomenclature_current,1,1
Номенклатура — current,Средство чистящее для прочистки труб Мистер Мускул 70г.,raw.r1c_nomenclature_current,1,1
Номенклатура — current,Средтво для тысячи применений 400мл,raw.r1c_nomenclature_current,1,1
Номенклатура — current,Срезка стрелок чеснока,raw.r1c_nomenclature_current,1,1
Номенклатура — current,Срывная муфта BL 15735,raw.r1c_nomenclature_current,1,1
Номенклатура — current,Стабилизатор Hybrid-30 000/3 Энергия,raw.r1c_nomenclature_current,1,1
Номенклатура — current,Стабилизатор напряжения настенный серии Ecoline 5 кВа IEK,raw.r1c_nomenclature_current,1,1
Номенклатура — current,Стабилизатор напряжения серии HOME 2 кВА (СНР1-0-2) IEK,raw.r1c_nomenclature_current,1,1
Номенклатура — current,Стабилизатор напряжения трехфазный РУБИН ЦСН-15 000/3 (15000ВА),raw.r1c_nomenclature_current,1,1
Номенклатура — current,Стакан МТЗ 50-1701195,raw.r1c_nomenclature_current,1,1
Номенклатура — current,Стакан МТЗ подшипника 7610,raw.r1c_nomenclature_current,1,1
Номенклатура — current,Стакан МТЗ подшипника передачи главной моста заднего РУП МТЗ 50Х-2407042,raw.r1c_nomenclature_current,1,1
Номенклатура — current,Стакан одноразовый 50шт,raw.r1c_nomenclature_current,1,1
Номенклатура — current,Стакан фитинга стального RC-U0738,raw.r1c_nomenclature_current,1,1
Номенклатура — current,Сталь угловая,raw.r1c_nomenclature_current,1,1
Номенклатура — current,Сталь шпоночная 3х3 ст 45 гост 8787-68,raw.r1c_nomenclature_current,1,1
Номенклатура — current,Сталь шпоночная 5х5 ст 45 гост 8787-68,raw.r1c_nomenclature_current,1,1
Номенклатура — current,Стамеска многофункциональная нержавеющая BeeTools,raw.r1c_nomenclature_current,1,1
Номенклатура — current,Стамеска многофункциональная нержавеющая в оправе BeeTools,raw.r1c_nomenclature_current,1,1
Номенклатура — current,Стамеска пасечника из нержавеющей стали (кн). СП-5.00 ,raw.r1c_nomenclature_current,1,1
Номенклатура — current,Стамеска-долото 12мм,raw.r1c_nomenclature_current,1,1
Номенклатура — current,Стамеска-долото 18мм,raw.r1c_nomenclature_current,1,1
Номенклатура — current,Стамеска-долото 32мм,raw.r1c_nomenclature_current,1,1
Номенклатура — current,Стандартная ПВХ пленка 3*300 мм,raw.r1c_nomenclature_current,1,1
Номенклатура — current,Станок сверлильный настольный F-DP2501A 50300,raw.r1c_nomenclature_current,1,1
Номенклатура — current,Станок сверлильный с тисками Энкор Корвет-47 90470,raw.r1c_nomenclature_current,1,1
Номенклатура — current,Станок точильно-шлифовальный BG 1535 L в кор. 1319379,raw.r1c_nomenclature_current,1,1
Номенклатура — current,Станция оптической сортировки овощей DUAL6003W Al,raw.r1c_nomenclature_current,1,1
Номенклатура — current,Стартер ,raw.r1c_nomenclature_current,1,1
Номенклатура — current,Стартер 12в 16240,raw.r1c_nomenclature_current,1,1
Номенклатура — current,"Стартер 2,2 квт ssangyolg ST640006",raw.r1c_nomenclature_current,1,1
Номенклатура — current,Стартер 3266А00101,raw.r1c_nomenclature_current,1,1
Номенклатура — current,Стартер 4216,raw.r1c_nomenclature_current,1,1
Номенклатура — current,Стартер Tesia Technics TT15926,raw.r1c_nomenclature_current,1,1
Номенклатура — current,"Стартер ГАЗ,ПАЗ дв ЗМЗ511.10.513.10.73,5234.10 редукторный 12В z=9.2.0 квт АТЭ-1 6042.3708",raw.r1c_nomenclature_current,1,1
Номенклатура — current,"Стартер МТЗ дв. ММЗ Д-243,245,246 24V 4,5 Квт z=10 PRESTOLITE",raw.r1c_nomenclature_current,1,1
Номенклатура — current,"Стартер МТЗ,ПАЗ-4234 ,ЛЗА-40810 12 В дв.Д243,245",raw.r1c_nomenclature_current,1,1
Номенклатура — current,"Стартер МТЗ-1221,22,ЗИЛ,ГАЗ,МАЗ,ПАЗ дв.ММЗ ЕВРО-2 Д243,245,260 24В 5,2 КВТ укороченный БАТЭ 7402.370",raw.r1c_nomenclature_current,1,1
Номенклатура — current,"Стартер МТЗ-80,82 ГАЗ,ПАЗ дв ММЗ,Д240,245,260,12В 2,7 кВт АТЭ-1 9142780",raw.r1c_nomenclature_current,1,1
Номенклатура — current,"Стартер МТЗ-80.ВОЛ 82,100 дв. ММЗ Д-243 12В  4,0 Квт  ЭЛЕКТРОМ 121.3778",raw.r1c_nomenclature_current,1,1
Номенклатура — current,Стартер Пежо,raw.r1c_nomenclature_current,1,1
Номенклатура — current,"Стартер СТ 230А1 (ГАЗ 53,66,3307 аналог 8802.3708)",raw.r1c_nomenclature_current,1,1
Номенклатура — current,Стартер СТ 362 А 12V,raw.r1c_nomenclature_current,1,1
Номенклатура — current,"Стартер редукторный 12В 2,7кВт STRON МТЗ 9142780",raw.r1c_nomenclature_current,1,1
Номенклатура — current,"Стартер редукторный 12В 3,2кВт МТЗ ",raw.r1c_nomenclature_current,1,1
Номенклатура — current,"Стартер редукторный 12В 4,9кВт МТЗ 9182780",raw.r1c_nomenclature_current,1,1
Номенклатура — current,Стартер редукторный 24В ,raw.r1c_nomenclature_current,1,1
Номенклатура — current,Стартер редукторный ГАЗ-53 ,raw.r1c_nomenclature_current,1,1
Номенклатура — current,Стекло МТЗ двери верхнее УК,raw.r1c_nomenclature_current,1,1
Номенклатура — current,"Стекло МТЗ-1522,1523 двери левой 2522-6708013",raw.r1c_nomenclature_current,1,1
Номенклатура — current,Стекло двери  575*510 К-700 (700 67.08.114 ),raw.r1c_nomenclature_current,1,1
Номенклатура — current,Стекло жидкое,raw.r1c_nomenclature_current,1,1
Номенклатура — current,Стекло лобовое,raw.r1c_nomenclature_current,1,1
Номенклатура — current,Стекло пер/задн МТЗ 70-6700012 МК(1044*655),raw.r1c_nomenclature_current,1,1
Номенклатура — current,Стекло переднее Fiat,raw.r1c_nomenclature_current,1,1
Номенклатура — current,Стекло(1456*887) двери левой МТЗ-1523,raw.r1c_nomenclature_current,1,1
Номенклатура — current,Стеклоизол для верхних слоев 10м,raw.r1c_nomenclature_current,1,1
Номенклатура — current,Стеклоомыватель,raw.r1c_nomenclature_current,1,1
Номенклатура — current,Стеклоочиститель,raw.r1c_nomenclature_current,1,1
Номенклатура — current,Стеклоочиститель 96.5205 МТЗ-80,raw.r1c_nomenclature_current,1,1
Номенклатура — current,"Стеклоочиститель в сб.ПАЗ33205 л/пр 562-5205100,02",raw.r1c_nomenclature_current,1,1
Номенклатура — current,Стеклоочиститель в сб.СЛ135А (МАЗ-500.5335),raw.r1c_nomenclature_current,1,1
Номенклатура — current,Стеклоподъемник ГАЗ-3302 левый Н/О3302-6104011,raw.r1c_nomenclature_current,1,1
Номенклатура — current,Стеклоподъемник правый К-700 (700 67.08.390 ),raw.r1c_nomenclature_current,1,1
Номенклатура — current,Стеклоподъемник электрический (безмотора),raw.r1c_nomenclature_current,1,1
Номенклатура — current,Стеклорез,raw.r1c_nomenclature_current,1,1
Номенклатура — current,Стелаж,raw.r1c_nomenclature_current,1,1
Номенклатура — current,Стелажная конструкция,raw.r1c_nomenclature_current,1,1
Номенклатура — current,Стелажная конструкция в сборе,raw.r1c_nomenclature_current,1,1
Номенклатура — current,"Стеллаж СК 1500/500/СК Э(L-1500, S=500, H=1800,4)",raw.r1c_nomenclature_current,1,1
Номенклатура — current,Стеллаж горка 2 секции,raw.r1c_nomenclature_current,1,1
Номенклатура — current,Стеллаж канц открытый высокий ШКЗ1.15,raw.r1c_nomenclature_current,1,1
Номенклатура — current,Стеллаж металлический,raw.r1c_nomenclature_current,1,1
Номенклатура — current,Стеллаж металлический Р_МС-265 с 5-ю полками 1000х600х2000,raw.r1c_nomenclature_current,1,1
Номенклатура — current,Стеллаж металлический с 4-мя полками 1000х300х1800,raw.r1c_nomenclature_current,1,1
Номенклатура — current,Стеллаж открытый низкий Л-934 орех,raw.r1c_nomenclature_current,1,1
Номенклатура — current,"Стенд информационный ""Уголок охраны труда 20 пакетов""",raw.r1c_nomenclature_current,1,1
Номенклатура — current,"Стенд информационный ""Уголок пожарной безопасности 750*850",raw.r1c_nomenclature_current,1,1
Номенклатура — current,Стенд информационный Информация комбин. 735*735 серый,raw.r1c_nomenclature_current,1,1
Номенклатура — current,"Стенд информационный Информация,6 отд. 750х750 синий,настенный",raw.r1c_nomenclature_current,1,1
Номенклатура — current,Стенд информационный Комус Информация 2 плоских кармана,raw.r1c_nomenclature_current,1,1
Номенклатура — current,Стенд ролл ал,raw.r1c_nomenclature_current,1,1
Номенклатура — current,Стенд-плакат  информационный Охрана труда 910*700,raw.r1c_nomenclature_current,1,1
Номенклатура — current,Стенд-плакат  информационный Охрана труда 950*625 ,raw.r1c_nomenclature_current,1,1
Номенклатура — current,Стенд-плакат  информационный Первая помощь 910*700 ,raw.r1c_nomenclature_current,1,1
Номенклатура — current,Стенд-плакат  информационный Пожарная безопасность 910*700 ,raw.r1c_nomenclature_current,1,1
Номенклатура — current,Степлер Attache  до 15 лист. черный,raw.r1c_nomenclature_current,1,1
Номенклатура — current,Степлер Attache 8215 до 25 лист. черный,raw.r1c_nomenclature_current,1,1
Номенклатура — current,Степлер Attache № 24/6 (1000шт),raw.r1c_nomenclature_current,1,1
Номенклатура — current,Степлер EК 2167 №10,raw.r1c_nomenclature_current,1,1
Номенклатура — current,Степлер EК 2175 №10,raw.r1c_nomenclature_current,1,1
Номенклатура — current,Степлер Комус 8*24 до 20 листов красный,raw.r1c_nomenclature_current,1,1
Номенклатура — current,Степлер до 25 листов черный,raw.r1c_nomenclature_current,1,1
Номенклатура — current,Степлер металлический 4-8мм,raw.r1c_nomenclature_current,1,1
Номенклатура — current,Степлер ручной Matrix скобы 53,raw.r1c_nomenclature_current,1,1
Номенклатура — current,Степлер с регулировкой 4-14 мм,raw.r1c_nomenclature_current,1,1
Номенклатура — current,Стержень 15х45,raw.r1c_nomenclature_current,1,1
Номенклатура — current,"Стержень микрографический 0,7 , 12 грифелей",raw.r1c_nomenclature_current,1,1
Номенклатура — current,Стержень шариковый,raw.r1c_nomenclature_current,1,1
Номенклатура — current,"Стержень-удлинитель телескопический 1,5-3м",raw.r1c_nomenclature_current,1,1
Номенклатура — current,"Стержни клеевые, прозрачные, 11х200мм, 12 шт./упак. //MATRIX ",raw.r1c_nomenclature_current,1,1
Номенклатура — current,Стернифаг Инсектицид,raw.r1c_nomenclature_current,1,1
Номенклатура — current,Стикеры куб 76*51,raw.r1c_nomenclature_current,1,1
Номенклатура — current,Стикеры куб 76х76 ,raw.r1c_nomenclature_current,1,1
Номенклатура — current,Стикеры миникуб 51х51 радуга 25 л,raw.r1c_nomenclature_current,1,1
Номенклатура — current,Стики хитс пупле Лейбл фиолетовый,raw.r1c_nomenclature_current,1,1
Номенклатура — current,Стимуляторы и регуляторы роста,raw.r1c_nomenclature_current,2,2
Номенклатура — current,Стимуляторы роста ,raw.r1c_nomenclature_current,1,1
Номенклатура — current,Стингер Инсектицид,raw.r1c_nomenclature_current,1,1
Номенклатура — current,Стингер Трио Инсектицид,raw.r1c_nomenclature_current,1,1
Номенклатура — current,Стиральная машина BEKO WRE 6512 ZSW фронтальная 6кг белая,raw.r1c_nomenclature_current,1,1
Номенклатура — current,"Стиральная машина DEXP WM-F610DHE/WBSu (фронтальная, 6кг, 1000об/мин, 59.5 см*85 см*46см) белый, чер",raw.r1c_nomenclature_current,1,1
Номенклатура — current,"Стиральная машина DEXP WM-F612DМА/WBSI (фронтальная,12кг, 1400об/мин, 59.5 см*85 см*59см) белый,чер",raw.r1c_nomenclature_current,1,1
Номенклатура — current,"Стиральная машина DEXP фрональная 6 кг,1000 об*мин 59,5*85*47см белый",raw.r1c_nomenclature_current,1,1
Номенклатура — current,Стиральный порошек,raw.r1c_nomenclature_current,1,1
Номенклатура — current,Стожар Инсектицид,raw.r1c_nomenclature_current,1,1
Номенклатура — current,Стойка (литье) Р33.ПЛЕ.31.301,raw.r1c_nomenclature_current,1,1
Номенклатура — current,Стойка S-образная 32*10 в сборе с наконечником 1417/00-033/0 арт КПЦ02.050,raw.r1c_nomenclature_current,1,1
Номенклатура — current,Стойка S-образная 40х12 в КПМ 47.1202.02.02.002.01,raw.r1c_nomenclature_current,1,1
Номенклатура — current,Стойка А150181897,raw.r1c_nomenclature_current,1,1
Номенклатура — current,Стойка БДТ 02.130,raw.r1c_nomenclature_current,1,1
Номенклатура — current,Стойка Ж/Б СВ-110-5,raw.r1c_nomenclature_current,1,1
Номенклатура — current,"Стойка КПС-4,КРН Н.043.11.401-03",raw.r1c_nomenclature_current,1,1
Номенклатура — current,Стойка ПЛК.02.01.404,raw.r1c_nomenclature_current,1,1
Номенклатура — current,Стойка батареи дисковой БДТ 02.110,raw.r1c_nomenclature_current,1,1
Номенклатура — current,Стойка плуга ПЛН-5-35,raw.r1c_nomenclature_current,1,1
Номенклатура — current,Стойка плуга ПЛН-8-40,raw.r1c_nomenclature_current,1,1
Номенклатура — current,Стойка плуга Р33.ПЛЕ.31.301,raw.r1c_nomenclature_current,1,1
Номенклатура — current,Стойка поворота режущего узла  (55мм) 4х4 01.021.00.000,raw.r1c_nomenclature_current,1,1
Номенклатура — current,Стойка поворота режущего узла БДМ (55мм) АДУ-6,raw.r1c_nomenclature_current,1,1
Номенклатура — current,Стойка поворота режущего узла БДМ (55мм) УР-101.00.000 (АДУ-6),raw.r1c_nomenclature_current,1,1
Номенклатура — current,Стойка пружинная 2479-CЗА-ST (S-образная)  КПМ 45х12,raw.r1c_nomenclature_current,1,1
Номенклатура — current,Стойка стабилизатора в сборе,raw.r1c_nomenclature_current,1,1
Номенклатура — current,Стол 1000х500 высота 400мм порошковая покраска RAL 9005,raw.r1c_nomenclature_current,1,1
Номенклатура — current,Стол 1400х500 высота 100мм порошковая покраска RAL 9005,raw.r1c_nomenclature_current,1,1
Номенклатура — current,Стол 1500х500 высота 200мм порошковая покраска RAL 9005,raw.r1c_nomenclature_current,1,1
Номенклатура — current,Стол ССТ 1200x600 ЛДСП ТИТАН МЕТА ,raw.r1c_nomenclature_current,1,1
Номенклатура — current,"Стол для распечатки 0,5м без крышки",raw.r1c_nomenclature_current,1,1
Номенклатура — current,Стол инспекционный СИБ11,raw.r1c_nomenclature_current,1,1
Номенклатура — current,Стол инспекционный СИБ11 (товар),raw.r1c_nomenclature_current,1,1
Номенклатура — current,Стол инспекционный СИБ6,raw.r1c_nomenclature_current,1,1
Номенклатура — current,Стол инспекционный для сидячей работы TS-3012 (двойноеразделение) ,raw.r1c_nomenclature_current,1,1
Номенклатура — current,Стол канцелярский с подвесной тумбой СК27.15 дуб молочный,raw.r1c_nomenclature_current,1,1
Номенклатура — current,Стол офисный черный,raw.r1c_nomenclature_current,1,1
Номенклатура — current,Стол переборочный КСЭ,raw.r1c_nomenclature_current,1,1
Номенклатура — current,Стол пластиковый ,raw.r1c_nomenclature_current,1,1
Номенклатура — current,Стол пластиковый квадратный 80х80 белый,raw.r1c_nomenclature_current,1,1
Номенклатура — current,Стол пластиковый квадратный шоколадный,raw.r1c_nomenclature_current,1,1
Номенклатура — current,Стол пристенный СПП 9/6-оц ,raw.r1c_nomenclature_current,1,1
Номенклатура — current,Стол пристенный СПП 9/6-э,raw.r1c_nomenclature_current,1,1
Номенклатура — current,Стол пристенный СПРП-1206 ц с бортом,raw.r1c_nomenclature_current,1,1
Номенклатура — current,Стол пристенный СПРП-1506 ц с бортом,raw.r1c_nomenclature_current,1,1
Номенклатура — current,Стол пристенный СПРП-906 ц с бортом,raw.r1c_nomenclature_current,1,1
Номенклатура — current,Стол пристенный для сбора отходов  СППО 9/6-э левый,raw.r1c_nomenclature_current,1,1
Номенклатура — current,Стол пристенный для сбора отходов  СППО 9/6-э правый,raw.r1c_nomenclature_current,1,1
Номенклатура — current,Стол рабочий,raw.r1c_nomenclature_current,1,1
Номенклатура — current,"Столб 60*60*1,5мм Н2800",raw.r1c_nomenclature_current,1,1
Номенклатура — current,"Столб 60*60*1,5мм Н3500",raw.r1c_nomenclature_current,1,1
Номенклатура — current,"Столб заборный 60мм 2,5м",raw.r1c_nomenclature_current,1,1
Номенклатура — current,Стоп Шок Модели А180*250 см,raw.r1c_nomenclature_current,1,1
Номенклатура — current,Стопмоль,raw.r1c_nomenclature_current,1,1
Номенклатура — current,"Стопор (упор в грунт) длиной 500мм прут ф16,14 мм",raw.r1c_nomenclature_current,1,1
Номенклатура — current,Стопор пружинный 220мм оцинкованный,raw.r1c_nomenclature_current,1,1
Номенклатура — current,Стопорн. кольцо J 62х2 DIN472 (SPP.00301),raw.r1c_nomenclature_current,1,1
Номенклатура — current,Стопорная гайка KG01067961,raw.r1c_nomenclature_current,1,1
Номенклатура — current,Стопорная шайба ,raw.r1c_nomenclature_current,1,1
Номенклатура — current,Стопорное кольцо ,raw.r1c_nomenclature_current,1,1
Номенклатура — current,Стопорное кольцо d 25мм ГОСТ 13943-86,raw.r1c_nomenclature_current,1,1
Номенклатура — current,Стопорное кольцо d 40мм ГОСТ 13943-86,raw.r1c_nomenclature_current,1,1
Номенклатура — current,Стопорное кольцо d 47мм ГОСТ 13943-86,raw.r1c_nomenclature_current,1,1
Номенклатура — current,Стопорное кольцо d20мм ГОСТ 13942-86,raw.r1c_nomenclature_current,1,1
Номенклатура — current,"Стопорное кольцо А 40х1,75.471 (10113110/270819/0128260)",raw.r1c_nomenclature_current,1,1
Номенклатура — current,"Стопорное кольцо А 40х1,75.471 (10113110/280119/0009484)",raw.r1c_nomenclature_current,1,1
Номенклатура — current,"Стопорное кольцо наружное 35х1,5 DIN 471",raw.r1c_nomenclature_current,1,1
Номенклатура — current,Страйк Инсектицид,raw.r1c_nomenclature_current,1,1
Номенклатура — current,Страйк Форте Инсектицид,raw.r1c_nomenclature_current,1,1
Номенклатура — current,Страхование груза,raw.r1c_nomenclature_current,1,1
Номенклатура — current,Страхование транспортного срества,raw.r1c_nomenclature_current,1,1
Номенклатура — current,Стрейч пленка,raw.r1c_nomenclature_current,1,1
Номенклатура — current,Стрейч пленка 500*20 мкм втор. сырье (вес 2 кг нетто),raw.r1c_nomenclature_current,1,1
Номенклатура — current,"Стрейч пленка для руч.упак. 50х17 1,75кг",raw.r1c_nomenclature_current,1,1
Номенклатура — current,Стрейч пленка ручная 500мм 20мкм 2 кг/рул,raw.r1c_nomenclature_current,1,1
Номенклатура — current,Стремянка  передн. Камаз 5320-2902408 без гаек,raw.r1c_nomenclature_current,1,1
Номенклатура — current,Стремянка  передн.рессоры зад.длин.L230мм130-2902408,raw.r1c_nomenclature_current,1,1
Номенклатура — current,Стремянка 3 ступенчатая стальная Ярус,raw.r1c_nomenclature_current,1,1
Номенклатура — current,Стремянка 6 ступеней алюмин. с органайзером,raw.r1c_nomenclature_current,1,1
Номенклатура — current,Стремянка Алюмет MD M8204 двухсторонняя стальная ,raw.r1c_nomenclature_current,1,1
Номенклатура — current,Стремянка ГАЗ-3302 рессоры ,raw.r1c_nomenclature_current,1,1
Номенклатура — current,"Стремянка ЗИЛ-130 рессоры задней L=465 мм,М22х1,5 мм ДЗМ",raw.r1c_nomenclature_current,1,1
Номенклатура — current,Стремянка ЗИЛ-130 рессоры передней ,raw.r1c_nomenclature_current,1,1
