category,original_name,source_tables,distinct_ids,source_rows
Номенклатура — current,яя_1 сорт БеллаРоза РС1 стандарт не мытый,raw.r1c_nomenclature_current,1,1
Номенклатура — current,яя_1 сорт БеллаРоза РС2 крупный мытый,raw.r1c_nomenclature_current,1,1
Номенклатура — current,яя_1 сорт БеллаРоза РС2 крупный не мытый,raw.r1c_nomenclature_current,1,1
Номенклатура — current,яя_1 сорт БеллаРоза РС2 мелкий не мытый,raw.r1c_nomenclature_current,1,1
Номенклатура — current,яя_1 сорт БеллаРоза РС2 стандарт мытый,raw.r1c_nomenclature_current,1,1
Номенклатура — current,яя_1 сорт БеллаРоза РС2 стандарт нельзя мыть,raw.r1c_nomenclature_current,1,1
Номенклатура — current,яя_1 сорт Болдор РС1 крупный мытый,raw.r1c_nomenclature_current,1,1
Номенклатура — current,яя_1 сорт Болдор РС1 крупный нельзя мыть,raw.r1c_nomenclature_current,1,1
Номенклатура — current,яя_1 сорт Болдор РС1 мелкий мытый,raw.r1c_nomenclature_current,1,1
Номенклатура — current,яя_1 сорт Болдор РС1 мелкий нельзя мыть,raw.r1c_nomenclature_current,1,1
Номенклатура — current,яя_1 сорт Болдор РС1 стандарт мытый,raw.r1c_nomenclature_current,1,1
Номенклатура — current,яя_1 сорт Болдор РС1 стандарт нельзя мыть,raw.r1c_nomenclature_current,1,1
Номенклатура — current,яя_1 сорт Вега РС0 крупный мытый,raw.r1c_nomenclature_current,1,1
Номенклатура — current,яя_1 сорт Вега РС0 крупный не мытый,raw.r1c_nomenclature_current,1,1
Номенклатура — current,яя_1 сорт Вега РС0 мелкий мытый,raw.r1c_nomenclature_current,1,1
Номенклатура — current,яя_1 сорт Вега РС0 мелкий не мытый,raw.r1c_nomenclature_current,1,1
Номенклатура — current,яя_1 сорт Вега РС0 стандарт мытый,raw.r1c_nomenclature_current,1,1
Номенклатура — current,яя_1 сорт Вега РС0 стандарт не мытый,raw.r1c_nomenclature_current,1,1
Номенклатура — current,яя_1 сорт Вега РС1 крупный мытый,raw.r1c_nomenclature_current,1,1
Номенклатура — current,яя_1 сорт Вега РС1 крупный не мытый,raw.r1c_nomenclature_current,1,1
Номенклатура — current,яя_1 сорт Вега РС1 мелкий мытый,raw.r1c_nomenclature_current,1,1
Номенклатура — current,яя_1 сорт Вега РС1 мелкий не мытый,raw.r1c_nomenclature_current,1,1
Номенклатура — current,яя_1 сорт Вега РС1 стандарт без полива,raw.r1c_nomenclature_current,1,1
Номенклатура — current,яя_1 сорт Вега РС1 стандарт мытый,raw.r1c_nomenclature_current,1,1
Номенклатура — current,яя_1 сорт Вега РС1 стандарт нельзя мыть,raw.r1c_nomenclature_current,1,1
Номенклатура — current,яя_1 сорт Вега РС2 крупный мытый,raw.r1c_nomenclature_current,1,1
Номенклатура — current,яя_1 сорт Вега РС2 крупный не мытый,raw.r1c_nomenclature_current,1,1
Номенклатура — current,яя_1 сорт Вега РС2 мелкий мытый,raw.r1c_nomenclature_current,1,1
Номенклатура — current,яя_1 сорт Вега РС2 мелкий не мытый,raw.r1c_nomenclature_current,1,1
Номенклатура — current,яя_1 сорт Вега РС2 стандарт мытый,raw.r1c_nomenclature_current,1,1
Номенклатура — current,яя_1 сорт Вега РС2 стандарт не мытый,raw.r1c_nomenclature_current,1,1
Номенклатура — current,яя_1 сорт Венди РС3 мелкий мытый,raw.r1c_nomenclature_current,1,1
Номенклатура — current,яя_1 сорт Венди РС3 мелкий не мытый,raw.r1c_nomenclature_current,1,1
Номенклатура — current,яя_1 сорт Венди РС3 стандарт мытый,raw.r1c_nomenclature_current,1,1
Номенклатура — current,яя_1 сорт Венди РС3 стандарт не мытый,raw.r1c_nomenclature_current,1,1
Номенклатура — current,яя_1 сорт Вэнди РС1 крупный мытый,raw.r1c_nomenclature_current,1,1
Номенклатура — current,яя_1 сорт Вэнди РС1 крупный не мытый,raw.r1c_nomenclature_current,1,1
Номенклатура — current,яя_1 сорт Вэнди РС1 мелкий мытый,raw.r1c_nomenclature_current,1,1
Номенклатура — current,яя_1 сорт Вэнди РС1 мелкий не мытый,raw.r1c_nomenclature_current,1,1
Номенклатура — current,яя_1 сорт Вэнди РС1 стандарт мытый,raw.r1c_nomenclature_current,1,1
Номенклатура — current,яя_1 сорт Вэнди РС1 стандарт не мытый,raw.r1c_nomenclature_current,1,1
Номенклатура — current,яя_1 сорт Вэнди РС2 крупный мытый,raw.r1c_nomenclature_current,1,1
Номенклатура — current,яя_1 сорт Вэнди РС2 крупный не мытый,raw.r1c_nomenclature_current,1,1
Номенклатура — current,яя_1 сорт Вэнди РС2 мелкий мытый,raw.r1c_nomenclature_current,1,1
Номенклатура — current,яя_1 сорт Вэнди РС2 мелкий не мытый,raw.r1c_nomenclature_current,1,1
Номенклатура — current,яя_1 сорт Вэнди РС2 стандарт мытый,raw.r1c_nomenclature_current,1,1
Номенклатура — current,яя_1 сорт Вэнди РС2 стандарт нельзя мыть,raw.r1c_nomenclature_current,1,1
Номенклатура — current,яя_1 сорт Гала ВОЛГОГРАД РС2 мелкий мытый,raw.r1c_nomenclature_current,1,1
Номенклатура — current,яя_1 сорт Гала ВОЛГОГРАД РС2 мелкий не мытый,raw.r1c_nomenclature_current,1,1
Номенклатура — current,яя_1 сорт Гала ВОЛГОГРАД РС2 стандарт мытый,raw.r1c_nomenclature_current,1,1
Номенклатура — current,яя_1 сорт Гала ВОЛГОГРАД РС2 стандарт не мытый,raw.r1c_nomenclature_current,1,1
Номенклатура — current,яя_1 сорт Гала ЛЕНИНСКОЕ РС2 мелкий не мытый,raw.r1c_nomenclature_current,1,1
Номенклатура — current,яя_1 сорт Гала ЛЕНИНСКОЕ РС2 стандарт не мытый,raw.r1c_nomenclature_current,1,1
Номенклатура — current,яя_1 сорт Гала ОРЕЛ РС2 стандарт мытый,raw.r1c_nomenclature_current,1,1
Номенклатура — current,яя_1 сорт Гала ОРЕЛ РС2 стандарт не мытый,raw.r1c_nomenclature_current,1,1
Номенклатура — current,яя_1 сорт Гала РС0 крупный мытый,raw.r1c_nomenclature_current,1,1
Номенклатура — current,яя_1 сорт Гала РС0 крупный не мытый,raw.r1c_nomenclature_current,1,1
Номенклатура — current,яя_1 сорт Гала РС0 мелкий мытый,raw.r1c_nomenclature_current,1,1
Номенклатура — current,яя_1 сорт Гала РС0 мелкий не мытый,raw.r1c_nomenclature_current,1,1
Номенклатура — current,яя_1 сорт Гала РС0 стандарт мытый,raw.r1c_nomenclature_current,1,1
Номенклатура — current,яя_1 сорт Гала РС0 стандарт не мытый,raw.r1c_nomenclature_current,1,1
Номенклатура — current,яя_1 сорт Гала РС1 крупный мытый,raw.r1c_nomenclature_current,1,1
Номенклатура — current,яя_1 сорт Гала РС1 крупный не мытый,raw.r1c_nomenclature_current,1,1
Номенклатура — current,яя_1 сорт Гала РС1 мелкий мытый,raw.r1c_nomenclature_current,1,1
Номенклатура — current,яя_1 сорт Гала РС1 мелкий не мытый,raw.r1c_nomenclature_current,1,1
Номенклатура — current,яя_1 сорт Гала РС1 стандарт мытый,raw.r1c_nomenclature_current,1,1
Номенклатура — current,яя_1 сорт Гала РС1 стандарт нельзя мыть,raw.r1c_nomenclature_current,1,1
Номенклатура — current,яя_1 сорт Гала РС2 крупный мытый,raw.r1c_nomenclature_current,1,1
Номенклатура — current,яя_1 сорт Гала РС2 крупный не мытый,raw.r1c_nomenclature_current,1,1
Номенклатура — current,яя_1 сорт Гала РС2 мелкий мытый,raw.r1c_nomenclature_current,1,1
Номенклатура — current,яя_1 сорт Гала РС2 мелкий не мытый,raw.r1c_nomenclature_current,1,1
Номенклатура — current,яя_1 сорт Гала РС2 стандарт мытый,raw.r1c_nomenclature_current,1,1
Номенклатура — current,яя_1 сорт Гала РС2 стандарт нельзя мыть,raw.r1c_nomenclature_current,1,1
Номенклатура — current,яя_1 сорт Гала ТВЕРЬ РС2 крупный не мытый,raw.r1c_nomenclature_current,1,1
Номенклатура — current,яя_1 сорт Гала ТВЕРЬ РС2 мелкий не мытый,raw.r1c_nomenclature_current,1,1
Номенклатура — current,яя_1 сорт Гала ТВЕРЬ РС2 стандарт мытый,raw.r1c_nomenclature_current,1,1
Номенклатура — current,яя_1 сорт Гала ТВЕРЬ РС2 стандарт не мытый,raw.r1c_nomenclature_current,1,1
Номенклатура — current,яя_1 сорт Георгий Комаров РС1 зубчики,raw.r1c_nomenclature_current,1,1
Номенклатура — current,яя_1 сорт Георгий Комаров РС1 крупный не мытый,raw.r1c_nomenclature_current,1,1
Номенклатура — current,яя_1 сорт Георгий Комаров РС1 мелкий не мытый,raw.r1c_nomenclature_current,1,1
Номенклатура — current,яя_1 сорт Гладиатор РС1 крупный не мытый,raw.r1c_nomenclature_current,1,1
Номенклатура — current,яя_1 сорт Гладиатор РС1 мелкий не мытый,raw.r1c_nomenclature_current,1,1
Номенклатура — current,яя_1 сорт Гладиатор РС1 стандарт не мытый,raw.r1c_nomenclature_current,1,1
Номенклатура — current,яя_1 сорт Григорий Комаров РС1 стандарт не мытый,raw.r1c_nomenclature_current,1,1
Номенклатура — current,яя_1 сорт Индиго РС0 крупный мытый,raw.r1c_nomenclature_current,1,1
Номенклатура — current,яя_1 сорт Индиго РС0 крупный не мытый,raw.r1c_nomenclature_current,1,1
Номенклатура — current,яя_1 сорт Индиго РС0 мелкий мытый,raw.r1c_nomenclature_current,1,1
Номенклатура — current,яя_1 сорт Индиго РС0 мелкий не мытый,raw.r1c_nomenclature_current,1,1
Номенклатура — current,яя_1 сорт Индиго РС0 стандарт мытый,raw.r1c_nomenclature_current,1,1
Номенклатура — current,яя_1 сорт Индиго РС0 стандарт нельзя мыть,raw.r1c_nomenclature_current,1,1
Номенклатура — current,яя_1 сорт Индиго РС1 крупный мытый,raw.r1c_nomenclature_current,1,1
Номенклатура — current,яя_1 сорт Индиго РС1 крупный не мытый,raw.r1c_nomenclature_current,1,1
Номенклатура — current,яя_1 сорт Индиго РС1 мелкий мытый,raw.r1c_nomenclature_current,1,1
Номенклатура — current,яя_1 сорт Индиго РС1 мелкий не мытый,raw.r1c_nomenclature_current,1,1
Номенклатура — current,яя_1 сорт Индиго РС1 стандарт мытый,raw.r1c_nomenclature_current,1,1
Номенклатура — current,яя_1 сорт Индиго РС1 стандарт нельзя мыть,raw.r1c_nomenclature_current,1,1
Номенклатура — current,яя_1 сорт Индиго РС2 мелкий не мытый,raw.r1c_nomenclature_current,1,1
Номенклатура — current,яя_1 сорт Индиго РС2 стандарт мытый,raw.r1c_nomenclature_current,1,1
Номенклатура — current,яя_1 сорт Индиго РС2 стандарт не мытый,raw.r1c_nomenclature_current,1,1
Номенклатура — current,яя_1 сорт Кармен РС0 крупный мытый,raw.r1c_nomenclature_current,1,1
Номенклатура — current,яя_1 сорт Кармен РС0 крупный не мытый,raw.r1c_nomenclature_current,1,1
Номенклатура — current,яя_1 сорт Кармен РС0 мелкий мытый,raw.r1c_nomenclature_current,1,1
Номенклатура — current,яя_1 сорт Кармен РС0 мелкий не мытый,raw.r1c_nomenclature_current,1,1
Номенклатура — current,яя_1 сорт Кармен РС0 стандарт мытый,raw.r1c_nomenclature_current,1,1
Номенклатура — current,яя_1 сорт Кармен РС0 стандарт не мытый,raw.r1c_nomenclature_current,1,1
Номенклатура — current,яя_1 сорт Кармен РС1 крупный мытый,raw.r1c_nomenclature_current,1,1
Номенклатура — current,яя_1 сорт Кармен РС1 крупный не мытый,raw.r1c_nomenclature_current,1,1
Номенклатура — current,яя_1 сорт Кармен РС1 мелкий мытый,raw.r1c_nomenclature_current,1,1
Номенклатура — current,яя_1 сорт Кармен РС1 мелкий не мытый,raw.r1c_nomenclature_current,1,1
Номенклатура — current,яя_1 сорт Кармен РС1 стандарт мытый,raw.r1c_nomenclature_current,1,1
Номенклатура — current,яя_1 сорт Кармен РС1 стандарт нельзя мыть,raw.r1c_nomenclature_current,1,1
Номенклатура — current,яя_1 сорт Кармен РС2 мелкий мытый,raw.r1c_nomenclature_current,1,1
Номенклатура — current,яя_1 сорт Кармен РС2 мелкий не мытый,raw.r1c_nomenclature_current,1,1
Номенклатура — current,яя_1 сорт Кармен РС2 стандарт не мытый,raw.r1c_nomenclature_current,1,1
Номенклатура — current,яя_1 сорт Кестрел РС1 крупный мытый,raw.r1c_nomenclature_current,1,1
Номенклатура — current,яя_1 сорт Кестрел РС1 крупный нельзя мыть,raw.r1c_nomenclature_current,1,1
Номенклатура — current,яя_1 сорт Кестрел РС1 мелкий мытый,raw.r1c_nomenclature_current,1,1
Номенклатура — current,яя_1 сорт Кестрел РС1 мелкий нельзя мыть,raw.r1c_nomenclature_current,1,1
Номенклатура — current,яя_1 сорт Кестрел РС1 стандарт мытый,raw.r1c_nomenclature_current,1,1
Номенклатура — current,яя_1 сорт Кестрел РС1 стандарт нельзя мыть,raw.r1c_nomenclature_current,1,1
Номенклатура — current,яя_1 сорт Коломба РС1 крупный мытый,raw.r1c_nomenclature_current,1,1
Номенклатура — current,яя_1 сорт Коломба РС1 крупный не мытый,raw.r1c_nomenclature_current,1,1
Номенклатура — current,яя_1 сорт Коломба РС1 мелкий мытый,raw.r1c_nomenclature_current,1,1
Номенклатура — current,яя_1 сорт Коломба РС1 мелкий не мытый,raw.r1c_nomenclature_current,1,1
Номенклатура — current,яя_1 сорт Коломба РС1 стандарт мытый,raw.r1c_nomenclature_current,1,1
Номенклатура — current,яя_1 сорт Коломба РС1 стандарт не мытый,raw.r1c_nomenclature_current,1,1
Номенклатура — current,яя_1 сорт Коломба РС2 крупный мытый,raw.r1c_nomenclature_current,1,1
Номенклатура — current,яя_1 сорт Коломба РС2 крупный не мытый,raw.r1c_nomenclature_current,1,1
Номенклатура — current,яя_1 сорт Коломба РС2 мелкий мытый,raw.r1c_nomenclature_current,1,1
Номенклатура — current,яя_1 сорт Коломба РС2 мелкий не мытый,raw.r1c_nomenclature_current,1,1
Номенклатура — current,яя_1 сорт Коломба РС2 стандарт мытый,raw.r1c_nomenclature_current,1,1
Номенклатура — current,яя_1 сорт Коломба РС2 стандарт нельзя мыть,raw.r1c_nomenclature_current,1,1
Номенклатура — current,яя_1 сорт Мадейра РС1 мелкий не мытый,raw.r1c_nomenclature_current,1,1
Номенклатура — current,яя_1 сорт Мадейра РС1 стандарт не мытый,raw.r1c_nomenclature_current,1,1
Номенклатура — current,яя_1 сорт Мадейра РС2 мелкий мытый,raw.r1c_nomenclature_current,1,1
Номенклатура — current,яя_1 сорт Мадейра РС2 мелкий не мытый,raw.r1c_nomenclature_current,1,1
Номенклатура — current,яя_1 сорт Мадейра РС2 стандарт мытый,raw.r1c_nomenclature_current,1,1
Номенклатура — current,яя_1 сорт Мадейра РС2 стандарт не мытый,raw.r1c_nomenclature_current,1,1
Номенклатура — current,яя_1 сорт Ред Соня РС2 мелкий мытый,raw.r1c_nomenclature_current,1,1
Номенклатура — current,яя_1 сорт Ред Соня РС2 мелкий не мытый,raw.r1c_nomenclature_current,1,1
Номенклатура — current,яя_1 сорт Ред Соня РС2 стандарт мытый,raw.r1c_nomenclature_current,1,1
Номенклатура — current,яя_1 сорт Ред Соня РС2 стандарт не мытый,raw.r1c_nomenclature_current,1,1
Номенклатура — current,яя_1 сорт РедСкарлетт РС1 крупный мытый,raw.r1c_nomenclature_current,1,1
Номенклатура — current,яя_1 сорт РедСкарлетт РС1 крупный не мытый,raw.r1c_nomenclature_current,1,1
Номенклатура — current,яя_1 сорт РедСкарлетт РС1 мелкий мытый,raw.r1c_nomenclature_current,1,1
Номенклатура — current,яя_1 сорт РедСкарлетт РС1 мелкий не мытый,raw.r1c_nomenclature_current,1,1
Номенклатура — current,яя_1 сорт РедСкарлетт РС1 стандарт мытый,raw.r1c_nomenclature_current,1,1
Номенклатура — current,яя_1 сорт РедСкарлетт РС1 стандарт нельзя мыть,raw.r1c_nomenclature_current,1,1
Номенклатура — current,яя_1 сорт РедСкарлетт РС2 крупный мытый,raw.r1c_nomenclature_current,1,1
Номенклатура — current,яя_1 сорт РедСкарлетт РС2 крупный не мытый,raw.r1c_nomenclature_current,1,1
Номенклатура — current,яя_1 сорт РедСкарлетт РС2 мелкий мытый,raw.r1c_nomenclature_current,1,1
Номенклатура — current,яя_1 сорт РедСкарлетт РС2 мелкий не мытый,raw.r1c_nomenclature_current,1,1
Номенклатура — current,яя_1 сорт РедСкарлетт РС2 стандарт мытый,raw.r1c_nomenclature_current,1,1
Номенклатура — current,яя_1 сорт РедСкарлетт РС2 стандарт не мытый,raw.r1c_nomenclature_current,1,1
Номенклатура — current,яя_1 сорт РедСкарлетт покупной  стандарт не мытый,raw.r1c_nomenclature_current,1,1
Номенклатура — current,яя_1 сорт Северное сияние РС1 крупный мытый,raw.r1c_nomenclature_current,1,1
Номенклатура — current,яя_1 сорт Северное сияние РС1 крупный не мытый,raw.r1c_nomenclature_current,1,1
Номенклатура — current,яя_1 сорт Северное сияние РС1 мелкий мытый,raw.r1c_nomenclature_current,1,1
Номенклатура — current,яя_1 сорт Северное сияние РС1 мелкий не мытый,raw.r1c_nomenclature_current,1,1
Номенклатура — current,яя_1 сорт Северное сияние РС1 стандарт мытый,raw.r1c_nomenclature_current,1,1
Номенклатура — current,яя_1 сорт Северное сияние РС1 стандарт нельзя мыть,raw.r1c_nomenclature_current,1,1
Номенклатура — current,яя_1 сорт Северное сияние РС2 мелкий ,raw.r1c_nomenclature_current,1,1
Номенклатура — current,яя_1 сорт Северное сияние РС2 стандарт не мытый,raw.r1c_nomenclature_current,1,1
Номенклатура — current,яя_1 сорт Фалькон РС1 крупный мытый,raw.r1c_nomenclature_current,1,1
Номенклатура — current,яя_1 сорт Фалькон РС1 крупный нельзя мыть,raw.r1c_nomenclature_current,1,1
Номенклатура — current,яя_1 сорт Фалькон РС1 мелкий мытый,raw.r1c_nomenclature_current,1,1
Номенклатура — current,яя_1 сорт Фалькон РС1 мелкий нельзя мыть,raw.r1c_nomenclature_current,1,1
Номенклатура — current,яя_1 сорт Фалькон РС1 стандарт мытый,raw.r1c_nomenclature_current,1,1
Номенклатура — current,яя_1 сорт Фалькон РС1 стандарт нельзя мыть,raw.r1c_nomenclature_current,1,1
Номенклатура — current,яя_1 сорт Фламинго РС0 крупный мытый,raw.r1c_nomenclature_current,1,1
Номенклатура — current,яя_1 сорт Фламинго РС0 крупный не мытый,raw.r1c_nomenclature_current,1,1
Номенклатура — current,яя_1 сорт Фламинго РС0 мелкий мытый,raw.r1c_nomenclature_current,1,1
Номенклатура — current,яя_1 сорт Фламинго РС0 мелкий не мытый,raw.r1c_nomenclature_current,1,1
Номенклатура — current,яя_1 сорт Фламинго РС0 стандарт мытый,raw.r1c_nomenclature_current,1,1
Номенклатура — current,яя_1 сорт Фламинго РС0 стандарт не мытый,raw.r1c_nomenclature_current,1,1
Номенклатура — current,яя_1 сорт Фламинго РС1 крупный мытый,raw.r1c_nomenclature_current,1,1
Номенклатура — current,яя_1 сорт Фламинго РС1 крупный не мытый,raw.r1c_nomenclature_current,1,1
Номенклатура — current,яя_1 сорт Фламинго РС1 мелкий мытый,raw.r1c_nomenclature_current,1,1
Номенклатура — current,яя_1 сорт Фламинго РС1 мелкий не мытый,raw.r1c_nomenclature_current,1,1
Номенклатура — current,яя_1 сорт Фламинго РС1 стандарт мытый,raw.r1c_nomenclature_current,1,1
Номенклатура — current,яя_1 сорт Фламинго РС1 стандарт нельзя мыть,raw.r1c_nomenclature_current,1,1
Номенклатура — current,яя_1 сорт Фламинго РС2 мелкий не мытый,raw.r1c_nomenclature_current,1,1
Номенклатура — current,яя_1 сорт Фламинго РС2 стандарт не мытый,raw.r1c_nomenclature_current,1,1
Номенклатура — current,яя_2 сорт Аваланч РС1 крупный мытый,raw.r1c_nomenclature_current,1,1
Номенклатура — current,яя_2 сорт Аваланч РС1 крупный не мытый,raw.r1c_nomenclature_current,1,1
Номенклатура — current,яя_2 сорт Аваланч РС1 мелкий мытый,raw.r1c_nomenclature_current,1,1
Номенклатура — current,яя_2 сорт Аваланч РС1 мелкий не мытый,raw.r1c_nomenclature_current,1,1
Номенклатура — current,яя_2 сорт Аваланч РС1 стандарт мытый,raw.r1c_nomenclature_current,1,1
Номенклатура — current,яя_2 сорт Аваланч РС1 стандарт нельзя мыть,raw.r1c_nomenclature_current,1,1
Номенклатура — current,яя_2 сорт Аметист РС0 крупный не мытый,raw.r1c_nomenclature_current,1,1
Номенклатура — current,яя_2 сорт Аметист РС0 мелкий не мытый,raw.r1c_nomenclature_current,1,1
Номенклатура — current,яя_2 сорт Аметист РС0 стандарт не мытый,raw.r1c_nomenclature_current,1,1
Номенклатура — current,яя_2 сорт Аметист РС7 крупный мытый,raw.r1c_nomenclature_current,1,1
Номенклатура — current,яя_2 сорт Аметист РС7 крупный не мытый,raw.r1c_nomenclature_current,1,1
Номенклатура — current,яя_2 сорт Аметист РС7 мелкий мытый,raw.r1c_nomenclature_current,1,1
Номенклатура — current,яя_2 сорт Аметист РС7 мелкий не мытый,raw.r1c_nomenclature_current,1,1
Номенклатура — current,яя_2 сорт Аметист РС7 стандарт мытый,raw.r1c_nomenclature_current,1,1
Номенклатура — current,яя_2 сорт Аметист РС7 стандарт не мытый,raw.r1c_nomenclature_current,1,1
Номенклатура — current,яя_2 сорт Аметист РС9 крупный мытый,raw.r1c_nomenclature_current,1,1
Номенклатура — current,яя_2 сорт Аметист РС9 мелкий мытый,raw.r1c_nomenclature_current,1,1
Номенклатура — current,яя_2 сорт Аметист РС9 стандарт мытый,raw.r1c_nomenclature_current,1,1
Номенклатура — current,яя_2 сорт Балтик Роуз РС1 крупный мытый,raw.r1c_nomenclature_current,1,1
Номенклатура — current,яя_2 сорт Балтик Роуз РС1 крупный не мытый,raw.r1c_nomenclature_current,1,1
Номенклатура — current,яя_2 сорт Балтик Роуз РС1 мелкий мытый,raw.r1c_nomenclature_current,1,1
Номенклатура — current,яя_2 сорт Балтик Роуз РС1 мелкий не мытый,raw.r1c_nomenclature_current,1,1
Номенклатура — current,яя_2 сорт Балтик Роуз РС1 стандарт мытый,raw.r1c_nomenclature_current,1,1
Номенклатура — current,яя_2 сорт Балтик Роуз РС1 стандарт не мытый,raw.r1c_nomenclature_current,1,1
Номенклатура — current,яя_2 сорт Балтик Роуз РС2 стандарт не мытый,raw.r1c_nomenclature_current,1,1
Номенклатура — current,яя_2 сорт БеллаРоза РС1 крупный мытый,raw.r1c_nomenclature_current,1,1
Номенклатура — current,яя_2 сорт БеллаРоза РС1 крупный не мытый,raw.r1c_nomenclature_current,1,1
Номенклатура — current,яя_2 сорт БеллаРоза РС1 мелкий мытый,raw.r1c_nomenclature_current,1,1
Номенклатура — current,яя_2 сорт БеллаРоза РС1 мелкий не мытый,raw.r1c_nomenclature_current,1,1
Номенклатура — current,яя_2 сорт БеллаРоза РС1 стандарт мытый,raw.r1c_nomenclature_current,1,1
Номенклатура — current,яя_2 сорт БеллаРоза РС1 стандарт не мытый,raw.r1c_nomenclature_current,1,1
Номенклатура — current,яя_2 сорт БеллаРоза РС2 крупный мытый,raw.r1c_nomenclature_current,1,1
Номенклатура — current,яя_2 сорт БеллаРоза РС2 крупный не мытый,raw.r1c_nomenclature_current,1,1
Номенклатура — current,яя_2 сорт БеллаРоза РС2 мелкий не мытый,raw.r1c_nomenclature_current,1,1
Номенклатура — current,яя_2 сорт БеллаРоза РС2 стандарт мытый,raw.r1c_nomenclature_current,1,1
Номенклатура — current,яя_2 сорт БеллаРоза РС2 стандарт не мытый,raw.r1c_nomenclature_current,1,1
Номенклатура — current,яя_2 сорт Болдор РС1 крупный мытый,raw.r1c_nomenclature_current,1,1
Номенклатура — current,яя_2 сорт Болдор РС1 крупный не мытый,raw.r1c_nomenclature_current,1,1
Номенклатура — current,яя_2 сорт Болдор РС1 мелкий мытый,raw.r1c_nomenclature_current,1,1
Номенклатура — current,яя_2 сорт Болдор РС1 мелкий не мытый,raw.r1c_nomenclature_current,1,1
Номенклатура — current,яя_2 сорт Болдор РС1 стандарт мытый,raw.r1c_nomenclature_current,1,1
Номенклатура — current,яя_2 сорт Болдор РС1 стандарт нельзя мыть,raw.r1c_nomenclature_current,1,1
Номенклатура — current,яя_2 сорт Вега РС0 крупный мытый,raw.r1c_nomenclature_current,1,1
Номенклатура — current,яя_2 сорт Вега РС0 крупный не мытый,raw.r1c_nomenclature_current,1,1
Номенклатура — current,яя_2 сорт Вега РС0 мелкий мытый,raw.r1c_nomenclature_current,1,1
Номенклатура — current,яя_2 сорт Вега РС0 мелкий не мытый,raw.r1c_nomenclature_current,1,1
Номенклатура — current,яя_2 сорт Вега РС0 стандарт мытый,raw.r1c_nomenclature_current,1,1
Номенклатура — current,яя_2 сорт Вега РС0 стандарт не мытый,raw.r1c_nomenclature_current,1,1
Номенклатура — current,яя_2 сорт Вега РС1 крупный мытый,raw.r1c_nomenclature_current,1,1
Номенклатура — current,яя_2 сорт Вега РС1 крупный не мытый,raw.r1c_nomenclature_current,1,1
Номенклатура — current,яя_2 сорт Вега РС1 мелкий мытый,raw.r1c_nomenclature_current,1,1
Номенклатура — current,яя_2 сорт Вега РС1 мелкий не мытый,raw.r1c_nomenclature_current,1,1
Номенклатура — current,яя_2 сорт Вега РС1 стандарт мытый,raw.r1c_nomenclature_current,1,1
Номенклатура — current,яя_2 сорт Вега РС1 стандарт не мытый,raw.r1c_nomenclature_current,1,1
Номенклатура — current,яя_2 сорт Вега РС2 крупный мытый,raw.r1c_nomenclature_current,1,1
Номенклатура — current,яя_2 сорт Вега РС2 крупный не мытый,raw.r1c_nomenclature_current,1,1
Номенклатура — current,яя_2 сорт Вега РС2 мелкий мытый,raw.r1c_nomenclature_current,1,1
Номенклатура — current,яя_2 сорт Вега РС2 мелкий не мытый,raw.r1c_nomenclature_current,1,1
Номенклатура — current,яя_2 сорт Вега РС2 стандарт мытый,raw.r1c_nomenclature_current,1,1
Номенклатура — current,яя_2 сорт Вега РС2 стандарт не мытый,raw.r1c_nomenclature_current,1,1
Номенклатура — current,яя_2 сорт Венди РС3 стандарт не мытый,raw.r1c_nomenclature_current,1,1
Номенклатура — current,яя_2 сорт Вэнди РС1 крупный мытый,raw.r1c_nomenclature_current,1,1
Номенклатура — current,яя_2 сорт Вэнди РС1 крупный не мытый,raw.r1c_nomenclature_current,1,1
Номенклатура — current,яя_2 сорт Вэнди РС1 мелкий мытый,raw.r1c_nomenclature_current,1,1
Номенклатура — current,яя_2 сорт Вэнди РС1 мелкий не мытый,raw.r1c_nomenclature_current,1,1
Номенклатура — current,яя_2 сорт Вэнди РС1 стандарт мытый,raw.r1c_nomenclature_current,1,1
Номенклатура — current,яя_2 сорт Вэнди РС1 стандарт не мытый,raw.r1c_nomenclature_current,1,1
Номенклатура — current,яя_2 сорт Вэнди РС2 крупный мытый,raw.r1c_nomenclature_current,1,1
Номенклатура — current,яя_2 сорт Вэнди РС2 крупный не мытый,raw.r1c_nomenclature_current,1,1
Номенклатура — current,яя_2 сорт Вэнди РС2 мелкий мытый,raw.r1c_nomenclature_current,1,1
Номенклатура — current,яя_2 сорт Вэнди РС2 мелкий не мытый,raw.r1c_nomenclature_current,1,1
Номенклатура — current,яя_2 сорт Вэнди РС2 стандарт мытый,raw.r1c_nomenclature_current,1,1
Номенклатура — current,яя_2 сорт Вэнди РС2 стандарт не мытый,raw.r1c_nomenclature_current,1,1
Номенклатура — current,яя_2 сорт Гала ВОЛГОГРАД РС2 стандарт не мытый,raw.r1c_nomenclature_current,1,1
Номенклатура — current,яя_2 сорт Гала ЛЕНИНСКОЕ РС2 стандарт не мытый,raw.r1c_nomenclature_current,1,1
Номенклатура — current,яя_2 сорт Гала ОРЕЛ РС2 стандарт не мытый,raw.r1c_nomenclature_current,1,1
Номенклатура — current,яя_2 сорт Гала РС0 крупный мытый,raw.r1c_nomenclature_current,1,1
Номенклатура — current,яя_2 сорт Гала РС0 крупный не мытый,raw.r1c_nomenclature_current,1,1
Номенклатура — current,яя_2 сорт Гала РС0 мелкий мытый,raw.r1c_nomenclature_current,1,1
Номенклатура — current,яя_2 сорт Гала РС0 мелкий не мытый,raw.r1c_nomenclature_current,1,1
Номенклатура — current,яя_2 сорт Гала РС0 стандарт мытый,raw.r1c_nomenclature_current,1,1
Номенклатура — current,яя_2 сорт Гала РС0 стандарт не мытый,raw.r1c_nomenclature_current,1,1
Номенклатура — current,яя_2 сорт Гала РС1 крупный мытый,raw.r1c_nomenclature_current,1,1
Номенклатура — current,яя_2 сорт Гала РС1 крупный не мытый,raw.r1c_nomenclature_current,1,1
Номенклатура — current,яя_2 сорт Гала РС1 мелкий мытый,raw.r1c_nomenclature_current,1,1
Номенклатура — current,яя_2 сорт Гала РС1 мелкий не мытый,raw.r1c_nomenclature_current,1,1
Номенклатура — current,яя_2 сорт Гала РС1 стандарт мытый,raw.r1c_nomenclature_current,1,1
Номенклатура — current,яя_2 сорт Гала РС1 стандарт не мытый,raw.r1c_nomenclature_current,1,1
Номенклатура — current,яя_2 сорт Гала РС2 крупный мытый,raw.r1c_nomenclature_current,1,1
Номенклатура — current,яя_2 сорт Гала РС2 крупный не мытый,raw.r1c_nomenclature_current,1,1
Номенклатура — current,яя_2 сорт Гала РС2 мелкий мытый,raw.r1c_nomenclature_current,1,1
Номенклатура — current,яя_2 сорт Гала РС2 мелкий не мытый,raw.r1c_nomenclature_current,1,1
Номенклатура — current,яя_2 сорт Гала РС2 стандарт мытый,raw.r1c_nomenclature_current,1,1
Номенклатура — current,яя_2 сорт Гала РС2 стандарт не мытый,raw.r1c_nomenclature_current,1,1
Номенклатура — current,яя_2 сорт Гала ТВЕРЬ РС2 стандарт не мытый,raw.r1c_nomenclature_current,1,1
Номенклатура — current,яя_2 сорт Гладиатор РС1 крупный не мытый,raw.r1c_nomenclature_current,1,1
Номенклатура — current,яя_2 сорт Гладиатор РС1 мелкий не мытый,raw.r1c_nomenclature_current,1,1
Номенклатура — current,яя_2 сорт Гладиатор РС1 стандарт не мытый,raw.r1c_nomenclature_current,1,1
Номенклатура — current,яя_2 сорт Григорий Комаров РС1 крупный не мытый,raw.r1c_nomenclature_current,1,1
Номенклатура — current,яя_2 сорт Григорий Комаров РС1 мелкий не мытый,raw.r1c_nomenclature_current,1,1
Номенклатура — current,яя_2 сорт Григорий Комаров РС1 стандарт не мытый,raw.r1c_nomenclature_current,1,1
Номенклатура — current,яя_2 сорт Индиго РС0 крупный мытый,raw.r1c_nomenclature_current,1,1
Номенклатура — current,яя_2 сорт Индиго РС0 крупный не мытый,raw.r1c_nomenclature_current,1,1
Номенклатура — current,яя_2 сорт Индиго РС0 мелкий не мытый,raw.r1c_nomenclature_current,1,1
Номенклатура — current,яя_2 сорт Индиго РС0 стандарт мытый,raw.r1c_nomenclature_current,1,1
Номенклатура — current,яя_2 сорт Индиго РС0 стандарт не мытый,raw.r1c_nomenclature_current,1,1
Номенклатура — current,яя_2 сорт Индиго РС1 мелкий мытый,raw.r1c_nomenclature_current,1,1
Номенклатура — current,яя_2 сорт Индиго РС1 мелкий не мытый,raw.r1c_nomenclature_current,1,1
Номенклатура — current,яя_2 сорт Индиго РС1 стандарт мытый,raw.r1c_nomenclature_current,1,1
Номенклатура — current,яя_2 сорт Индиго РС1 стандарт не мытый,raw.r1c_nomenclature_current,1,1
Номенклатура — current,яя_2 сорт Индиго РС2 стандарт не мытый,raw.r1c_nomenclature_current,1,1
Номенклатура — current,яя_2 сорт Кармен РС0 крупный мытый,raw.r1c_nomenclature_current,1,1
Номенклатура — current,яя_2 сорт Кармен РС0 крупный не мытый,raw.r1c_nomenclature_current,1,1
Номенклатура — current,яя_2 сорт Кармен РС0 мелкий мытый,raw.r1c_nomenclature_current,1,1
Номенклатура — current,яя_2 сорт Кармен РС0 мелкий не мытый,raw.r1c_nomenclature_current,1,1
Номенклатура — current,яя_2 сорт Кармен РС0 стандарт мытый,raw.r1c_nomenclature_current,1,1
Номенклатура — current,яя_2 сорт Кармен РС0 стандарт не мытый,raw.r1c_nomenclature_current,1,1
Номенклатура — current,яя_2 сорт Кармен РС1 крупный мытый,raw.r1c_nomenclature_current,1,1
Номенклатура — current,яя_2 сорт Кармен РС1 крупный не мытый,raw.r1c_nomenclature_current,1,1
Номенклатура — current,яя_2 сорт Кармен РС1 мелкий мытый,raw.r1c_nomenclature_current,1,1
Номенклатура — current,яя_2 сорт Кармен РС1 мелкий не мытый,raw.r1c_nomenclature_current,1,1
Номенклатура — current,яя_2 сорт Кармен РС1 стандарт мытый,raw.r1c_nomenclature_current,1,1
Номенклатура — current,яя_2 сорт Кармен РС1 стандарт не мытый,raw.r1c_nomenclature_current,1,1
Номенклатура — current,яя_2 сорт Кармен РС2 стандарт не мытый,raw.r1c_nomenclature_current,1,1
Номенклатура — current,яя_2 сорт Кестрел РС1 крупный мытый,raw.r1c_nomenclature_current,1,1
Номенклатура — current,яя_2 сорт Кестрел РС1 крупный не мытый,raw.r1c_nomenclature_current,1,1
Номенклатура — current,яя_2 сорт Кестрел РС1 мелкий мытый,raw.r1c_nomenclature_current,1,1
Номенклатура — current,яя_2 сорт Кестрел РС1 мелкий не мытый,raw.r1c_nomenclature_current,1,1
Номенклатура — current,яя_2 сорт Кестрел РС1 стандарт мытый,raw.r1c_nomenclature_current,1,1
Номенклатура — current,яя_2 сорт Кестрел РС1 стандарт нельзя мыть,raw.r1c_nomenclature_current,1,1
Номенклатура — current,яя_2 сорт Коломба РС1 крупный мытый,raw.r1c_nomenclature_current,1,1
Номенклатура — current,яя_2 сорт Коломба РС1 крупный не мытый,raw.r1c_nomenclature_current,1,1
Номенклатура — current,яя_2 сорт Коломба РС1 мелкий мытый,raw.r1c_nomenclature_current,1,1
Номенклатура — current,яя_2 сорт Коломба РС1 мелкий не мытый,raw.r1c_nomenclature_current,1,1
Номенклатура — current,яя_2 сорт Коломба РС1 стандарт мытый,raw.r1c_nomenclature_current,1,1
Номенклатура — current,яя_2 сорт Коломба РС1 стандарт не мытый,raw.r1c_nomenclature_current,1,1
Номенклатура — current,яя_2 сорт Коломба РС2 крупный мытый,raw.r1c_nomenclature_current,1,1
Номенклатура — current,яя_2 сорт Коломба РС2 крупный не мытый,raw.r1c_nomenclature_current,1,1
Номенклатура — current,яя_2 сорт Коломба РС2 мелкий мытый,raw.r1c_nomenclature_current,1,1
Номенклатура — current,яя_2 сорт Коломба РС2 мелкий не мытый,raw.r1c_nomenclature_current,1,1
Номенклатура — current,яя_2 сорт Коломба РС2 стандарт мытый,raw.r1c_nomenclature_current,1,1
Номенклатура — current,яя_2 сорт Коломба РС2 стандарт не мытый,raw.r1c_nomenclature_current,1,1
Номенклатура — current,яя_2 сорт Мадейра РС1 стандарт не мытый,raw.r1c_nomenclature_current,1,1
Номенклатура — current,яя_2 сорт Мадейра РС2 стандарт не мытый,raw.r1c_nomenclature_current,1,1
Номенклатура — current,яя_2 сорт Ред Соня РС2 стандарт не мытый,raw.r1c_nomenclature_current,1,1
Номенклатура — current,яя_2 сорт РедСкарлетт РС1 крупный мытый,raw.r1c_nomenclature_current,1,1
Номенклатура — current,яя_2 сорт РедСкарлетт РС1 крупный не мытый,raw.r1c_nomenclature_current,1,1
Номенклатура — current,яя_2 сорт РедСкарлетт РС1 мелкий мытый,raw.r1c_nomenclature_current,1,1
Номенклатура — current,яя_2 сорт РедСкарлетт РС1 мелкий не мытый,raw.r1c_nomenclature_current,1,1
Номенклатура — current,яя_2 сорт РедСкарлетт РС1 стандарт мытый,raw.r1c_nomenclature_current,1,1
Номенклатура — current,яя_2 сорт РедСкарлетт РС1 стандарт не мытый,raw.r1c_nomenclature_current,1,1
Номенклатура — current,яя_2 сорт РедСкарлетт РС2 крупный мытый,raw.r1c_nomenclature_current,1,1
Номенклатура — current,яя_2 сорт РедСкарлетт РС2 крупный не мытый,raw.r1c_nomenclature_current,1,1
Номенклатура — current,яя_2 сорт РедСкарлетт РС2 мелкий мытый,raw.r1c_nomenclature_current,1,1
Номенклатура — current,яя_2 сорт РедСкарлетт РС2 мелкий не мытый,raw.r1c_nomenclature_current,1,1
Номенклатура — current,яя_2 сорт РедСкарлетт РС2 стандарт мытый,raw.r1c_nomenclature_current,1,1
Номенклатура — current,яя_2 сорт РедСкарлетт РС2 стандарт не мытый,raw.r1c_nomenclature_current,1,1
Номенклатура — current,яя_2 сорт Северное сияние РС1 крупный мытый,raw.r1c_nomenclature_current,1,1
Номенклатура — current,яя_2 сорт Северное сияние РС1 крупный не мытый,raw.r1c_nomenclature_current,1,1
Номенклатура — current,яя_2 сорт Северное сияние РС1 мелкий мытый,raw.r1c_nomenclature_current,1,1
Номенклатура — current,яя_2 сорт Северное сияние РС1 мелкий не мытый,raw.r1c_nomenclature_current,1,1
Номенклатура — current,яя_2 сорт Северное сияние РС1 стандарт мытый,raw.r1c_nomenclature_current,1,1
Номенклатура — current,яя_2 сорт Северное сияние РС1 стандарт не мытый,raw.r1c_nomenclature_current,1,1
Номенклатура — current,яя_2 сорт Фалькон РС1 крупный мытый,raw.r1c_nomenclature_current,1,1
Номенклатура — current,яя_2 сорт Фалькон РС1 крупный не мытый,raw.r1c_nomenclature_current,1,1
Номенклатура — current,яя_2 сорт Фалькон РС1 мелкий мытый,raw.r1c_nomenclature_current,1,1
Номенклатура — current,яя_2 сорт Фалькон РС1 мелкий не мытый,raw.r1c_nomenclature_current,1,1
Номенклатура — current,яя_2 сорт Фалькон РС1 стандарт мытый,raw.r1c_nomenclature_current,1,1
Номенклатура — current,яя_2 сорт Фалькон РС1 стандарт нельзя мыть,raw.r1c_nomenclature_current,1,1
Номенклатура — current,яя_2 сорт Фламинго РС0 крупный мытый,raw.r1c_nomenclature_current,1,1
Номенклатура — current,яя_2 сорт Фламинго РС0 крупный не мытый,raw.r1c_nomenclature_current,1,1
Номенклатура — current,яя_2 сорт Фламинго РС0 мелкий мытый,raw.r1c_nomenclature_current,1,1
Номенклатура — current,яя_2 сорт Фламинго РС0 мелкий не мытый,raw.r1c_nomenclature_current,1,1
Номенклатура — current,яя_2 сорт Фламинго РС0 стандарт мытый,raw.r1c_nomenclature_current,1,1
Номенклатура — current,яя_2 сорт Фламинго РС0 стандарт не мытый,raw.r1c_nomenclature_current,1,1
Номенклатура — current,яя_2 сорт Фламинго РС1 крупный мытый,raw.r1c_nomenclature_current,1,1
Номенклатура — current,яя_2 сорт Фламинго РС1 крупный не мытый,raw.r1c_nomenclature_current,1,1
Номенклатура — current,яя_2 сорт Фламинго РС1 мелкий мытый,raw.r1c_nomenclature_current,1,1
Номенклатура — current,яя_2 сорт Фламинго РС1 мелкий не мытый,raw.r1c_nomenclature_current,1,1
Номенклатура — current,яя_2 сорт Фламинго РС1 стандарт мытый,raw.r1c_nomenclature_current,1,1
Номенклатура — current,яя_2 сорт Фламинго РС1 стандарт не мытый,raw.r1c_nomenclature_current,1,1
Номенклатура — current,яя_Аваланч Белый сорт  РС1 кубик в ву 1кг,raw.r1c_nomenclature_current,1,1
Номенклатура — current,яя_Аваланч Белый сорт  РС1 кубик в ву 5кг,raw.r1c_nomenclature_current,1,1
Номенклатура — current,яя_Аваланч Белый сорт  РС1 очищенная в ву 1кг,raw.r1c_nomenclature_current,1,1
Номенклатура — current,яя_Аваланч Белый сорт  РС1 очищенная в ву 5кг,raw.r1c_nomenclature_current,1,1
Номенклатура — current,яя_Аваланч Белый сорт  РС1 пастеризованная в ву 0.5кг,raw.r1c_nomenclature_current,1,1
Номенклатура — current,яя_Аваланч Белый сорт  РС1 пастеризованная в ву 2.5кг,raw.r1c_nomenclature_current,1,1
Номенклатура — current,яя_Аваланч Белый сорт  РС1 соломка в ву 1кг,raw.r1c_nomenclature_current,1,1
Номенклатура — current,яя_Аваланч Белый сорт  РС1 соломка в ву 5кг,raw.r1c_nomenclature_current,1,1
Номенклатура — current,яя_Аваланч Белый сорт РС1 Пакет - клипса 1 кг.,raw.r1c_nomenclature_current,1,1
Номенклатура — current,яя_Аваланч Белый сорт РС1 грязный Сетка 25 кг.,raw.r1c_nomenclature_current,1,1
Номенклатура — current,яя_Аваланч Белый сорт РС1 грязный Сетка на завязке 25 кг.,raw.r1c_nomenclature_current,1,1
Номенклатура — current,"яя_Аметист РС0 Сетка - (домик)1,5 кг.",raw.r1c_nomenclature_current,1,1
Номенклатура — current,яя_Аметист РС0 грязный Сетка 25кг.,raw.r1c_nomenclature_current,1,1
Номенклатура — current,яя_Аметист РС0 грязный Сетка на завязке 25кг.,raw.r1c_nomenclature_current,1,1
Номенклатура — current,яя_Аметист РС0 дольки 1кг.,raw.r1c_nomenclature_current,1,1
Номенклатура — current,яя_Аметист РС0 дольки 5кг.,raw.r1c_nomenclature_current,1,1
Номенклатура — current,яя_Аметист РС0 кубик 1кг.,raw.r1c_nomenclature_current,1,1
Номенклатура — current,яя_Аметист РС0 кубик 5кг.,raw.r1c_nomenclature_current,1,1
Номенклатура — current,яя_Аметист РС0 очищенный в ву 1кг.,raw.r1c_nomenclature_current,1,1
Номенклатура — current,яя_Аметист РС0 очищенный в ву 5кг.,raw.r1c_nomenclature_current,1,1
Номенклатура — current,"яя_Аметист РС0 пастеризованный 0,5кг.",raw.r1c_nomenclature_current,1,1
Номенклатура — current,яя_Аметист РС0 семена биг-бэг 1000кг.,raw.r1c_nomenclature_current,1,1
Номенклатура — current,"яя_Аметист РС7 Сетка - (домик)1,5 кг.",raw.r1c_nomenclature_current,1,1
Номенклатура — current,яя_Аметист РС7 грязный Сетка 25кг.,raw.r1c_nomenclature_current,1,1
Номенклатура — current,яя_Аметист РС7 грязный Сетка на завязке 25кг.,raw.r1c_nomenclature_current,1,1
Номенклатура — current,яя_Аметист РС7 дольки 1кг.,raw.r1c_nomenclature_current,1,1
Номенклатура — current,яя_Аметист РС7 дольки 5кг.,raw.r1c_nomenclature_current,1,1
Номенклатура — current,яя_Аметист РС7 кубик 1кг.,raw.r1c_nomenclature_current,1,1
Номенклатура — current,яя_Аметист РС7 кубик 5кг.,raw.r1c_nomenclature_current,1,1
Номенклатура — current,яя_Аметист РС7 очищенный в ву 1кг.,raw.r1c_nomenclature_current,1,1
Номенклатура — current,яя_Аметист РС7 очищенный в ву 5кг.,raw.r1c_nomenclature_current,1,1
Номенклатура — current,"яя_Аметист РС7 пастеризованный 0,5кг.",raw.r1c_nomenclature_current,1,1
Номенклатура — current,"яя_Аметист РС9 Сетка - (домик)1,5 кг.",raw.r1c_nomenclature_current,1,1
Номенклатура — current,яя_Аметист РС9 грязный Сетка 25кг.,raw.r1c_nomenclature_current,1,1
Номенклатура — current,яя_Аметист РС9 грязный Сетка на завязке 25кг.,raw.r1c_nomenclature_current,1,1
Номенклатура — current,яя_Аметист РС9 дольки 1кг.,raw.r1c_nomenclature_current,1,1
Номенклатура — current,яя_Аметист РС9 дольки 5кг.,raw.r1c_nomenclature_current,1,1
Номенклатура — current,яя_Аметист РС9 кубик 1кг.,raw.r1c_nomenclature_current,1,1
Номенклатура — current,яя_Аметист РС9 кубик 5кг.,raw.r1c_nomenclature_current,1,1
Номенклатура — current,яя_Аметист РС9 очищенный в ву 1кг.,raw.r1c_nomenclature_current,1,1
Номенклатура — current,яя_Аметист РС9 очищенный в ву 5кг.,raw.r1c_nomenclature_current,1,1
Номенклатура — current,"яя_Аметист РС9 пастеризованный 0,5кг.",raw.r1c_nomenclature_current,1,1
Номенклатура — current,яя_Балтик Роуз РС0 Биг-бег 1000кг.,raw.r1c_nomenclature_current,1,1
Номенклатура — current,яя_Балтик Роуз РС0 Сетка 25кг.,raw.r1c_nomenclature_current,1,1
Номенклатура — current,яя_Балтик Роуз РС0 Сетка на завязке 25кг.,raw.r1c_nomenclature_current,1,1
Номенклатура — current,"яя_Балтик Роуз РС0 Сетка-домик 2,5кг.",raw.r1c_nomenclature_current,1,1
Номенклатура — current,яя_Балтик Роуз РС0 Сетка-домик 3кг.,raw.r1c_nomenclature_current,1,1
Номенклатура — current,"яя_Балтик Роуз РС0 бэби Сетка-домик 1,5кг.",raw.r1c_nomenclature_current,1,1
Номенклатура — current,яя_Балтик Роуз РС0 бэби Сетка-домик 2кг.,raw.r1c_nomenclature_current,1,1
Номенклатура — current,яя_Балтик Роуз РС0 бэби очищенный в ву 5кг.,raw.r1c_nomenclature_current,1,1
Номенклатура — current,яя_Балтик Роуз РС0 дольки в ву 1кг,raw.r1c_nomenclature_current,1,1
Номенклатура — current,яя_Балтик Роуз РС0 дольки в ву 5кг,raw.r1c_nomenclature_current,1,1
Номенклатура — current,яя_Балтик Роуз РС0 кубик в ву 1кг.,raw.r1c_nomenclature_current,1,1
Номенклатура — current,яя_Балтик Роуз РС0 кубик в ву 5кг,raw.r1c_nomenclature_current,1,1
Номенклатура — current,яя_Балтик Роуз РС0 мытый сетка 2.5кг.,raw.r1c_nomenclature_current,1,1
Номенклатура — current,яя_Балтик Роуз РС0 очищенный в ву 1кг.,raw.r1c_nomenclature_current,1,1
Номенклатура — current,яя_Балтик Роуз РС0 очищенный в ву 5кг.,raw.r1c_nomenclature_current,1,1
Номенклатура — current,"яя_Балтик Роуз РС0 пастеризованный 0,5кг.",raw.r1c_nomenclature_current,1,1
Номенклатура — current,яя_Балтик Роуз РС0 семена Сетка 25кг.,raw.r1c_nomenclature_current,1,1
Номенклатура — current,яя_Балтик Роуз РС0 семена Сетка на завязке 25кг.,raw.r1c_nomenclature_current,1,1
Номенклатура — current,яя_Балтик Роуз РС0 семена биг-бег 1000кг.,raw.r1c_nomenclature_current,1,1
Номенклатура — current,яя_Балтик Роуз РС0 слайс в ву 1кг,raw.r1c_nomenclature_current,1,1
Номенклатура — current,яя_Балтик Роуз РС0 слайс в ву 5кг,raw.r1c_nomenclature_current,1,1
Номенклатура — current,яя_Балтик Роуз РС0 соломка в ву 1кг,raw.r1c_nomenclature_current,1,1
Номенклатура — current,яя_Балтик Роуз РС0 соломка в ву 5кг,raw.r1c_nomenclature_current,1,1
Номенклатура — current,яя_Балтик Роуз РС1 Сетка-домик 3кг.,raw.r1c_nomenclature_current,1,1
Номенклатура — current,яя_Балтик Роуз РС1 грязный Сетка 10кг.,raw.r1c_nomenclature_current,1,1
Номенклатура — current,яя_Балтик Роуз РС1 грязный Сетка 2.5кг.,raw.r1c_nomenclature_current,1,1
Номенклатура — current,яя_Балтик Роуз РС1 грязный Сетка 25кг.,raw.r1c_nomenclature_current,1,1
Номенклатура — current,яя_Балтик Роуз РС1 грязный Сетка 3кг.,raw.r1c_nomenclature_current,1,1
Номенклатура — current,яя_Балтик Роуз РС1 грязный Сетка 5кг.,raw.r1c_nomenclature_current,1,1
Номенклатура — current,яя_Балтик Роуз РС1 грязный Сетка на завязке 25кг.,raw.r1c_nomenclature_current,1,1
Номенклатура — current,яя_Балтик Роуз РС1 грязный биг-бег 1000кг.,raw.r1c_nomenclature_current,1,1
Номенклатура — current,яя_Балтик Роуз РС1 мытый сетка 2.5кг.,raw.r1c_nomenclature_current,1,1
Номенклатура — current,яя_Балтик Роуз РС1 очищенный в ву 5кг.,raw.r1c_nomenclature_current,1,1
Номенклатура — current,яя_Балтик Роуз РС1 семена Сетка 25кг.,raw.r1c_nomenclature_current,1,1
Номенклатура — current,яя_Балтик Роуз РС1 семена биг-бег 1000кг.,raw.r1c_nomenclature_current,1,1
Номенклатура — current,"яя_Балтик Роуз РС2 бэби Сетка-домик 1,5кг.",raw.r1c_nomenclature_current,1,1
Номенклатура — current,яя_Балтик Роуз РС2 грязный Сетка 25кг.,raw.r1c_nomenclature_current,1,1
Номенклатура — current,яя_Балтик Роуз РС2 грязный Сетка 3кг.,raw.r1c_nomenclature_current,1,1
Номенклатура — current,"яя_Балтик Роуз РС2 грязный сетка 2,5 кг",raw.r1c_nomenclature_current,1,1
Номенклатура — current,яя_Балтик Роуз РС2 очищенный в ву 5кг.,raw.r1c_nomenclature_current,1,1
Номенклатура — current,яя_Балтик Роуз РС2 семена биг-бэг 1000кг.,raw.r1c_nomenclature_current,1,1
Номенклатура — current,яя_Беллароза РС1 Биг-бег 1000кг.,raw.r1c_nomenclature_current,1,1
Номенклатура — current,яя_Беллароза РС1 Сетка 25кг.,raw.r1c_nomenclature_current,1,1
Номенклатура — current,яя_Беллароза РС1 Сетка на завязке 25кг.,raw.r1c_nomenclature_current,1,1
Номенклатура — current,"яя_Беллароза РС1 Сетка-домик 2,5кг.",raw.r1c_nomenclature_current,1,1
Номенклатура — current,яя_Беллароза РС1 Сетка-домик 3кг.,raw.r1c_nomenclature_current,1,1
Номенклатура — current,"яя_Беллароза РС1 бэби Сетка-домик 1,5кг.",raw.r1c_nomenclature_current,1,1
Номенклатура — current,яя_Беллароза РС1 бэби Сетка-домик 2кг.,raw.r1c_nomenclature_current,1,1
Номенклатура — current,яя_Беллароза РС1 бэби очищенный в ву 5кг.,raw.r1c_nomenclature_current,1,1
Номенклатура — current,яя_Беллароза РС1 грязный Сетка 10кг.,raw.r1c_nomenclature_current,1,1
Номенклатура — current,яя_Беллароза РС1 грязный Сетка 2.5кг.,raw.r1c_nomenclature_current,1,1
Номенклатура — current,яя_Беллароза РС1 грязный Сетка 25кг.,raw.r1c_nomenclature_current,1,1
Номенклатура — current,яя_Беллароза РС1 грязный Сетка 3кг.,raw.r1c_nomenclature_current,1,1
Номенклатура — current,яя_Беллароза РС1 грязный Сетка 5кг.,raw.r1c_nomenclature_current,1,1
Номенклатура — current,яя_Беллароза РС1 грязный Сетка на завязке 25кг.,raw.r1c_nomenclature_current,1,1
Номенклатура — current,яя_Беллароза РС1 грязный биг-бег 1000кг.,raw.r1c_nomenclature_current,1,1
Номенклатура — current,яя_Беллароза РС1 дольки в ву 1кг,raw.r1c_nomenclature_current,1,1
Номенклатура — current,яя_Беллароза РС1 дольки в ву 5кг,raw.r1c_nomenclature_current,1,1
Номенклатура — current,яя_Беллароза РС1 кубик в ву 1кг,raw.r1c_nomenclature_current,1,1
Номенклатура — current,яя_Беллароза РС1 кубик в ву 5кг,raw.r1c_nomenclature_current,1,1
Номенклатура — current,яя_Беллароза РС1 мытый сетка 2.5кг.,raw.r1c_nomenclature_current,1,1
Номенклатура — current,яя_Беллароза РС1 очищенный в ву 1кг.,raw.r1c_nomenclature_current,1,1
Номенклатура — current,яя_Беллароза РС1 очищенный в ву 5кг.,raw.r1c_nomenclature_current,1,1
Номенклатура — current,"яя_Беллароза РС1 пастеризованный 0,5кг.",raw.r1c_nomenclature_current,1,1
Номенклатура — current,яя_Беллароза РС1 семена Сетка 25кг.,raw.r1c_nomenclature_current,1,1
Номенклатура — current,яя_Беллароза РС1 семена Сетка на завязке 25кг.,raw.r1c_nomenclature_current,1,1
Номенклатура — current,яя_Беллароза РС1 семена биг-бег 1000кг.,raw.r1c_nomenclature_current,1,1
Номенклатура — current,яя_Беллароза РС1 слайс в ву 1кг,raw.r1c_nomenclature_current,1,1
Номенклатура — current,яя_Беллароза РС1 слайс в ву 5кг,raw.r1c_nomenclature_current,1,1
Номенклатура — current,яя_Беллароза РС1 соломка в ву 1кг,raw.r1c_nomenclature_current,1,1
Номенклатура — current,яя_Беллароза РС1 соломка в ву 5кг,raw.r1c_nomenclature_current,1,1
Номенклатура — current,яя_Беллароза РС2 Биг-бег 1000кг.,raw.r1c_nomenclature_current,1,1
Номенклатура — current,"яя_Беллароза РС2 Сетка-домик 2,5кг.",raw.r1c_nomenclature_current,1,1
Номенклатура — current,яя_Беллароза РС2 Сетка-домик 3кг.,raw.r1c_nomenclature_current,1,1
Номенклатура — current,"яя_Беллароза РС2 бэби Сетка-домик 1,5кг.",raw.r1c_nomenclature_current,1,1
Номенклатура — current,яя_Беллароза РС2 бэби Сетка-домик 2кг.,raw.r1c_nomenclature_current,1,1
Номенклатура — current,яя_Беллароза РС2 бэби очищенный в ву 5кг.,raw.r1c_nomenclature_current,1,1
Номенклатура — current,яя_Беллароза РС2 грязный Сетка 10кг.,raw.r1c_nomenclature_current,1,1
Номенклатура — current,яя_Беллароза РС2 грязный Сетка 2.5кг.,raw.r1c_nomenclature_current,1,1
Номенклатура — current,яя_Беллароза РС2 грязный Сетка 25кг.,raw.r1c_nomenclature_current,1,1
Номенклатура — current,яя_Беллароза РС2 грязный Сетка 3кг.,raw.r1c_nomenclature_current,1,1
Номенклатура — current,яя_Беллароза РС2 грязный Сетка 5кг.,raw.r1c_nomenclature_current,1,1
Номенклатура — current,яя_Беллароза РС2 грязный Сетка на завязке 25кг.,raw.r1c_nomenclature_current,1,1
Номенклатура — current,яя_Беллароза РС2 грязный биг-бег 1000кг.,raw.r1c_nomenclature_current,1,1
Номенклатура — current,яя_Беллароза РС2 дольки в ву 1кг,raw.r1c_nomenclature_current,1,1
Номенклатура — current,яя_Беллароза РС2 дольки в ву 5кг,raw.r1c_nomenclature_current,1,1
Номенклатура — current,яя_Беллароза РС2 кубик в ву 1кг,raw.r1c_nomenclature_current,1,1
Номенклатура — current,яя_Беллароза РС2 кубик в ву 5кг,raw.r1c_nomenclature_current,1,1
Номенклатура — current,яя_Беллароза РС2 мытый сетка 2.5кг.,raw.r1c_nomenclature_current,1,1
Номенклатура — current,яя_Беллароза РС2 очищенный в ву 1кг.,raw.r1c_nomenclature_current,1,1
Номенклатура — current,яя_Беллароза РС2 очищенный в ву 5кг.,raw.r1c_nomenclature_current,1,1
Номенклатура — current,"яя_Беллароза РС2 пастеризованный 0,5кг.",raw.r1c_nomenclature_current,1,1
Номенклатура — current,яя_Беллароза РС2 семена Сетка 25кг.,raw.r1c_nomenclature_current,1,1
Номенклатура — current,яя_Беллароза РС2 семена Сетка на завязке 25кг.,raw.r1c_nomenclature_current,1,1
Номенклатура — current,яя_Беллароза РС2 семена биг-бег 1000кг.,raw.r1c_nomenclature_current,1,1
Номенклатура — current,яя_Беллароза РС2 слайс в ву 1кг,raw.r1c_nomenclature_current,1,1
Номенклатура — current,яя_Беллароза РС2 слайс в ву 5кг,raw.r1c_nomenclature_current,1,1
Номенклатура — current,яя_Беллароза РС2 соломка в ву 1кг,raw.r1c_nomenclature_current,1,1
Номенклатура — current,яя_Беллароза РС2 соломка в ву 5кг,raw.r1c_nomenclature_current,1,1
Номенклатура — current,яя_Беллароза РС2Сетка 25кг.,raw.r1c_nomenclature_current,1,1
Номенклатура — current,яя_Беллароза РС2Сетка на завязке 25кг.,raw.r1c_nomenclature_current,1,1
Номенклатура — current,яя_Болдор Жёлтый сорт  РС1 кубик в ву 1кг,raw.r1c_nomenclature_current,1,1
Номенклатура — current,яя_Болдор Жёлтый сорт  РС1 кубик в ву 5кг,raw.r1c_nomenclature_current,1,1
Номенклатура — current,яя_Болдор Жёлтый сорт  РС1 очищенная в ву 1кг,raw.r1c_nomenclature_current,1,1
Номенклатура — current,яя_Болдор Жёлтый сорт  РС1 очищенная в ву 5кг,raw.r1c_nomenclature_current,1,1
Номенклатура — current,яя_Болдор Жёлтый сорт  РС1 пастеризованная в ву 0.5кг,raw.r1c_nomenclature_current,1,1
Номенклатура — current,яя_Болдор Жёлтый сорт  РС1 пастеризованная в ву 2.5кг,raw.r1c_nomenclature_current,1,1
Номенклатура — current,яя_Болдор Жёлтый сорт  РС1 соломка в ву 1кг,raw.r1c_nomenclature_current,1,1
Номенклатура — current,яя_Болдор Жёлтый сорт  РС1 соломка в ву 5кг,raw.r1c_nomenclature_current,1,1
Номенклатура — current,яя_Болдор Жёлтый сорт РС1 Пакет - клипса 1 кг.,raw.r1c_nomenclature_current,1,1
Номенклатура — current,яя_Болдор Жёлтый сорт РС1 грязный Сетка 25 кг.,raw.r1c_nomenclature_current,1,1
Номенклатура — current,яя_Болдор Жёлтый сорт РС1 грязный Сетка на завязке 25 кг.,raw.r1c_nomenclature_current,1,1
Номенклатура — current,яя_Вега РС0  семена Сетка 25кг.,raw.r1c_nomenclature_current,1,1
Номенклатура — current,яя_Вега РС0  семена Сетка на завязке 25кг.,raw.r1c_nomenclature_current,1,1
Номенклатура — current,яя_Вега РС0  семена биг-бег 1000кг.,raw.r1c_nomenclature_current,1,1
Номенклатура — current,яя_Вега РС0 Биг-бег 1000кг.,raw.r1c_nomenclature_current,1,1
Номенклатура — current,яя_Вега РС0 Сетка 25кг.,raw.r1c_nomenclature_current,1,1
Номенклатура — current,яя_Вега РС0 Сетка на завязке 25кг.,raw.r1c_nomenclature_current,1,1
Номенклатура — current,"яя_Вега РС0 Сетка-домик 2,5кг.",raw.r1c_nomenclature_current,1,1
Номенклатура — current,яя_Вега РС0 Сетка-домик 3кг.,raw.r1c_nomenclature_current,1,1
Номенклатура — current,"яя_Вега РС0 бэби Сетка-домик 1,5кг.",raw.r1c_nomenclature_current,1,1
Номенклатура — current,яя_Вега РС0 бэби Сетка-домик 2кг.,raw.r1c_nomenclature_current,1,1
Номенклатура — current,яя_Вега РС0 бэби очищенный в ву 5кг.,raw.r1c_nomenclature_current,1,1
Номенклатура — current,яя_Вега РС0 грязный Сетка 10кг.,raw.r1c_nomenclature_current,1,1
Номенклатура — current,яя_Вега РС0 грязный Сетка 2.5кг.,raw.r1c_nomenclature_current,1,1
Номенклатура — current,яя_Вега РС0 грязный Сетка 25кг.,raw.r1c_nomenclature_current,1,1
Номенклатура — current,яя_Вега РС0 грязный Сетка 3кг.,raw.r1c_nomenclature_current,1,1
Номенклатура — current,яя_Вега РС0 грязный Сетка 5кг.,raw.r1c_nomenclature_current,1,1
Номенклатура — current,яя_Вега РС0 грязный Сетка на завязке 25кг.,raw.r1c_nomenclature_current,1,1
Номенклатура — current,яя_Вега РС0 грязный биг-бег 1000кг.,raw.r1c_nomenclature_current,1,1
Номенклатура — current,яя_Вега РС0 дольки в ву 1кг,raw.r1c_nomenclature_current,1,1
Номенклатура — current,яя_Вега РС0 дольки в ву 5кг,raw.r1c_nomenclature_current,1,1
Номенклатура — current,яя_Вега РС0 кубик в ву 1кг,raw.r1c_nomenclature_current,1,1
Номенклатура — current,яя_Вега РС0 кубик в ву 5кг,raw.r1c_nomenclature_current,1,1
Номенклатура — current,яя_Вега РС0 мытый сетка 2.5кг.,raw.r1c_nomenclature_current,1,1
Номенклатура — current,яя_Вега РС0 очищенный в ву 1кг.,raw.r1c_nomenclature_current,1,1
Номенклатура — current,яя_Вега РС0 очищенный в ву 5кг.,raw.r1c_nomenclature_current,1,1
Номенклатура — current,"яя_Вега РС0 пастеризованный 0,5кг.",raw.r1c_nomenclature_current,1,1
Номенклатура — current,яя_Вега РС0 слайс в ву 1кг,raw.r1c_nomenclature_current,1,1
Номенклатура — current,яя_Вега РС0 слайс в ву 5кг,raw.r1c_nomenclature_current,1,1
Номенклатура — current,яя_Вега РС0 соломка в ву 1кг,raw.r1c_nomenclature_current,1,1
Номенклатура — current,яя_Вега РС0 соломка в ву 5кг,raw.r1c_nomenclature_current,1,1
Номенклатура — current,яя_Вега РС1  семена Сетка 25кг.,raw.r1c_nomenclature_current,1,1
Номенклатура — current,яя_Вега РС1  семена Сетка на завязке 25кг.,raw.r1c_nomenclature_current,1,1
Номенклатура — current,яя_Вега РС1  семена биг-бег 1000кг.,raw.r1c_nomenclature_current,1,1
Номенклатура — current,яя_Вега РС1 Биг-бег 1000кг.,raw.r1c_nomenclature_current,1,1
Номенклатура — current,яя_Вега РС1 Сетка 25кг.,raw.r1c_nomenclature_current,1,1
Номенклатура — current,яя_Вега РС1 Сетка на завязке 25кг.,raw.r1c_nomenclature_current,1,1
Номенклатура — current,"яя_Вега РС1 Сетка-домик 2,5кг.",raw.r1c_nomenclature_current,1,1
Номенклатура — current,яя_Вега РС1 Сетка-домик 3кг.,raw.r1c_nomenclature_current,1,1
Номенклатура — current,"яя_Вега РС1 бэби Сетка-домик 1,5кг.",raw.r1c_nomenclature_current,1,1
Номенклатура — current,яя_Вега РС1 бэби Сетка-домик 2кг.,raw.r1c_nomenclature_current,1,1
Номенклатура — current,яя_Вега РС1 бэби очищенный в ву 5кг.,raw.r1c_nomenclature_current,1,1
Номенклатура — current,яя_Вега РС1 грязный Сетка 10кг.,raw.r1c_nomenclature_current,1,1
Номенклатура — current,яя_Вега РС1 грязный Сетка 2.5кг.,raw.r1c_nomenclature_current,1,1
Номенклатура — current,яя_Вега РС1 грязный Сетка 25кг.,raw.r1c_nomenclature_current,1,1
Номенклатура — current,яя_Вега РС1 грязный Сетка 3кг.,raw.r1c_nomenclature_current,1,1
Номенклатура — current,яя_Вега РС1 грязный Сетка 5кг.,raw.r1c_nomenclature_current,1,1
Номенклатура — current,яя_Вега РС1 грязный Сетка на завязке 25кг.,raw.r1c_nomenclature_current,1,1
Номенклатура — current,яя_Вега РС1 грязный биг-бег 1000кг.,raw.r1c_nomenclature_current,1,1
Номенклатура — current,яя_Вега РС1 дольки в ву 1кг,raw.r1c_nomenclature_current,1,1
Номенклатура — current,яя_Вега РС1 дольки в ву 5кг,raw.r1c_nomenclature_current,1,1
Номенклатура — current,яя_Вега РС1 кубик в ву 1кг,raw.r1c_nomenclature_current,1,1
Номенклатура — current,яя_Вега РС1 кубик в ву 5кг,raw.r1c_nomenclature_current,1,1
Номенклатура — current,яя_Вега РС1 мытый сетка 2.5кг.,raw.r1c_nomenclature_current,1,1
Номенклатура — current,яя_Вега РС1 очищенный в ву 1кг.,raw.r1c_nomenclature_current,1,1
Номенклатура — current,яя_Вега РС1 очищенный в ву 5кг.,raw.r1c_nomenclature_current,1,1
Номенклатура — current,"яя_Вега РС1 пастеризованный 0,5кг.",raw.r1c_nomenclature_current,1,1
Номенклатура — current,яя_Вега РС1 слайс в ву 1кг,raw.r1c_nomenclature_current,1,1
Номенклатура — current,яя_Вега РС1 слайс в ву 5кг,raw.r1c_nomenclature_current,1,1
Номенклатура — current,яя_Вега РС1 соломка в ву 1кг,raw.r1c_nomenclature_current,1,1
Номенклатура — current,яя_Вега РС1 соломка в ву 5кг,raw.r1c_nomenclature_current,1,1
Номенклатура — current,яя_Вега РС2  бэби очищенный в ву 5кг.,raw.r1c_nomenclature_current,1,1
Номенклатура — current,яя_Вега РС2  семена Сетка 25кг.,raw.r1c_nomenclature_current,1,1
Номенклатура — current,яя_Вега РС2  семена Сетка на завязке 25кг.,raw.r1c_nomenclature_current,1,1
Номенклатура — current,яя_Вега РС2  семена биг-бег 1000кг.,raw.r1c_nomenclature_current,1,1
Номенклатура — current,яя_Вега РС2 Биг-бег 1000кг.,raw.r1c_nomenclature_current,1,1
Номенклатура — current,яя_Вега РС2 Сетка 25кг.,raw.r1c_nomenclature_current,1,1
Номенклатура — current,яя_Вега РС2 Сетка на завязке 25кг.,raw.r1c_nomenclature_current,1,1
Номенклатура — current,"яя_Вега РС2 Сетка-домик 2,5кг.",raw.r1c_nomenclature_current,1,1
Номенклатура — current,яя_Вега РС2 Сетка-домик 3кг.,raw.r1c_nomenclature_current,1,1
Номенклатура — current,"яя_Вега РС2 бэби Сетка-домик 1,5кг.",raw.r1c_nomenclature_current,1,1
Номенклатура — current,яя_Вега РС2 бэби Сетка-домик 2кг.,raw.r1c_nomenclature_current,1,1
Номенклатура — current,яя_Вега РС2 грязный Сетка 10кг.,raw.r1c_nomenclature_current,1,1
Номенклатура — current,яя_Вега РС2 грязный Сетка 2.5кг.,raw.r1c_nomenclature_current,1,1
Номенклатура — current,яя_Вега РС2 грязный Сетка 2.5кг. Эконом,raw.r1c_nomenclature_current,1,1
Номенклатура — current,яя_Вега РС2 грязный Сетка 25кг.,raw.r1c_nomenclature_current,1,1
Номенклатура — current,яя_Вега РС2 грязный Сетка 3кг.,raw.r1c_nomenclature_current,1,1
Номенклатура — current,яя_Вега РС2 грязный Сетка 3кг. Эконом,raw.r1c_nomenclature_current,1,1
Номенклатура — current,яя_Вега РС2 грязный Сетка 5кг.,raw.r1c_nomenclature_current,1,1
Номенклатура — current,яя_Вега РС2 грязный Сетка на завязке 25кг.,raw.r1c_nomenclature_current,1,1
Номенклатура — current,яя_Вега РС2 грязный биг-бег 1000кг.,raw.r1c_nomenclature_current,1,1
Номенклатура — current,яя_Вега РС2 дольки в ву 1кг,raw.r1c_nomenclature_current,1,1
Номенклатура — current,яя_Вега РС2 дольки в ву 5кг,raw.r1c_nomenclature_current,1,1
Номенклатура — current,яя_Вега РС2 кубик в ву 1кг,raw.r1c_nomenclature_current,1,1
Номенклатура — current,яя_Вега РС2 кубик в ву 5кг,raw.r1c_nomenclature_current,1,1
Номенклатура — current,яя_Вега РС2 мытый сетка 2.5кг.,raw.r1c_nomenclature_current,1,1
Номенклатура — current,яя_Вега РС2 очищенный в ву 1кг.,raw.r1c_nomenclature_current,1,1
Номенклатура — current,яя_Вега РС2 очищенный в ву 5кг.,raw.r1c_nomenclature_current,1,1
Номенклатура — current,"яя_Вега РС2 пастеризованный 0,5кг.",raw.r1c_nomenclature_current,1,1
Номенклатура — current,яя_Вега РС2 семена Сетка на завязке 25кг.,raw.r1c_nomenclature_current,1,1
Номенклатура — current,яя_Вега РС2 слайс в ву 1кг,raw.r1c_nomenclature_current,1,1
Номенклатура — current,яя_Вега РС2 слайс в ву 5кг,raw.r1c_nomenclature_current,1,1
Номенклатура — current,яя_Вега РС2 соломка в ву 1кг,raw.r1c_nomenclature_current,1,1
Номенклатура — current,яя_Вега РС2 соломка в ву 5кг,raw.r1c_nomenclature_current,1,1
Номенклатура — current,яя_Венди РС3 Сетка 25кг.,raw.r1c_nomenclature_current,1,1
Номенклатура — current,яя_Венди РС3 Сетка-домик 3кг.,raw.r1c_nomenclature_current,1,1
Номенклатура — current,"яя_Венди РС3 бэби Сетка-домик 1,5кг.",raw.r1c_nomenclature_current,1,1
Номенклатура — current,яя_Венди РС3 грязный Сетка 2.5кг.,raw.r1c_nomenclature_current,1,1
Номенклатура — current,яя_Венди РС3 грязный Сетка 25кг.,raw.r1c_nomenclature_current,1,1
Номенклатура — current,яя_Венди РС3 грязный Сетка 3кг.,raw.r1c_nomenclature_current,1,1
Номенклатура — current,яя_Венди РС3 грязный Сетка 3кг. Эконом,raw.r1c_nomenclature_current,1,1
Номенклатура — current,яя_Венди РС3 очищенный в ву 5кг.,raw.r1c_nomenclature_current,1,1
Номенклатура — current,яя_Венди РС3 семена Сетка 25кг.,raw.r1c_nomenclature_current,1,1
Номенклатура — current,яя_Венди РС3 семена Сетка на завязке 25кг.,raw.r1c_nomenclature_current,1,1
Номенклатура — current,яя_Венди РС3 семена биг-бег 1000кг.,raw.r1c_nomenclature_current,1,1
Номенклатура — current,"яя_Венди рс3 Сетка-домик 2,5кг.",raw.r1c_nomenclature_current,1,1
Номенклатура — current,яя_Вэнди РС1 Биг-бег 1000кг.,raw.r1c_nomenclature_current,1,1
Номенклатура — current,яя_Вэнди РС1 Сетка 25кг.,raw.r1c_nomenclature_current,1,1
Номенклатура — current,яя_Вэнди РС1 Сетка на завязке 25кг.,raw.r1c_nomenclature_current,1,1
Номенклатура — current,"яя_Вэнди РС1 Сетка-домик 2,5кг",raw.r1c_nomenclature_current,1,1
Номенклатура — current,яя_Вэнди РС1 Сетка-домик 3кг.,raw.r1c_nomenclature_current,1,1
Номенклатура — current,"яя_Вэнди РС1 бэби Сетка-домик 1,5кг.",raw.r1c_nomenclature_current,1,1
Номенклатура — current,яя_Вэнди РС1 бэби Сетка-домик 2кг.,raw.r1c_nomenclature_current,1,1
Номенклатура — current,яя_Вэнди РС1 бэби очищенный в ву 5кг.,raw.r1c_nomenclature_current,1,1
Номенклатура — current,яя_Вэнди РС1 грязный Сетка 10кг.,raw.r1c_nomenclature_current,1,1
Номенклатура — current,яя_Вэнди РС1 грязный Сетка 2.5кг.,raw.r1c_nomenclature_current,1,1
Номенклатура — current,яя_Вэнди РС1 грязный Сетка 25кг.,raw.r1c_nomenclature_current,1,1
Номенклатура — current,яя_Вэнди РС1 грязный Сетка 3кг.,raw.r1c_nomenclature_current,1,1
Номенклатура — current,яя_Вэнди РС1 грязный Сетка 5кг.,raw.r1c_nomenclature_current,1,1
Номенклатура — current,яя_Вэнди РС1 грязный Сетка на завязке 25кг.,raw.r1c_nomenclature_current,1,1
Номенклатура — current,яя_Вэнди РС1 грязный биг-бег 1000кг.,raw.r1c_nomenclature_current,1,1
Номенклатура — current,яя_Вэнди РС1 дольки в ву 1кг,raw.r1c_nomenclature_current,1,1
Номенклатура — current,яя_Вэнди РС1 дольки в ву 5кг,raw.r1c_nomenclature_current,1,1
Номенклатура — current,яя_Вэнди РС1 кубик в ву 1кг,raw.r1c_nomenclature_current,1,1
Номенклатура — current,яя_Вэнди РС1 кубик в ву 5кг,raw.r1c_nomenclature_current,1,1
Номенклатура — current,яя_Вэнди РС1 мытый сетка рулон 2.5кг.,raw.r1c_nomenclature_current,1,1
Номенклатура — current,яя_Вэнди РС1 очищенный в ву 1кг.,raw.r1c_nomenclature_current,1,1
Номенклатура — current,яя_Вэнди РС1 очищенный в ву 5кг.,raw.r1c_nomenclature_current,1,1
Номенклатура — current,"яя_Вэнди РС1 пастеризованный 0,5кг.",raw.r1c_nomenclature_current,1,1
Номенклатура — current,яя_Вэнди РС1 семена Сетка 25кг.,raw.r1c_nomenclature_current,1,1
Номенклатура — current,яя_Вэнди РС1 семена Сетка на завязке 25кг.,raw.r1c_nomenclature_current,1,1
Номенклатура — current,яя_Вэнди РС1 семена биг-бег 1000кг.,raw.r1c_nomenclature_current,1,1
Номенклатура — current,яя_Вэнди РС1 слайс в ву 1кг,raw.r1c_nomenclature_current,1,1
Номенклатура — current,яя_Вэнди РС1 слайс в ву 5кг,raw.r1c_nomenclature_current,1,1
Номенклатура — current,яя_Вэнди РС1 соломка в ву 1кг,raw.r1c_nomenclature_current,1,1
Номенклатура — current,яя_Вэнди РС1 соломка в ву 5кг,raw.r1c_nomenclature_current,1,1
Номенклатура — current,яя_Вэнди РС2 Биг-бег 1000кг.,raw.r1c_nomenclature_current,1,1
Номенклатура — current,яя_Вэнди РС2 Сетка на завязке 25кг.,raw.r1c_nomenclature_current,1,1
Номенклатура — current,"яя_Вэнди РС2 Сетка-домик 2,5кг",raw.r1c_nomenclature_current,1,1
Номенклатура — current,яя_Вэнди РС2 Сетка-домик 3кг.,raw.r1c_nomenclature_current,1,1
Номенклатура — current,"яя_Вэнди РС2 бэби Сетка-домик 1,5кг.",raw.r1c_nomenclature_current,1,1
Номенклатура — current,яя_Вэнди РС2 бэби Сетка-домик 2кг.,raw.r1c_nomenclature_current,1,1
Номенклатура — current,яя_Вэнди РС2 бэби очищенный в ву 5кг.,raw.r1c_nomenclature_current,1,1
Номенклатура — current,яя_Вэнди РС2 грязный Сетка 10кг.,raw.r1c_nomenclature_current,1,1
Номенклатура — current,яя_Вэнди РС2 грязный Сетка 2.5кг.,raw.r1c_nomenclature_current,1,1
Номенклатура — current,яя_Вэнди РС2 грязный Сетка 25кг.,raw.r1c_nomenclature_current,1,1
Номенклатура — current,яя_Вэнди РС2 грязный Сетка 3кг.,raw.r1c_nomenclature_current,1,1
Номенклатура — current,яя_Вэнди РС2 грязный Сетка 5кг.,raw.r1c_nomenclature_current,1,1
Номенклатура — current,яя_Вэнди РС2 грязный Сетка на завязке 25кг.,raw.r1c_nomenclature_current,1,1
Номенклатура — current,яя_Вэнди РС2 грязный биг-бег 1000кг.,raw.r1c_nomenclature_current,1,1
Номенклатура — current,яя_Вэнди РС2 дольки в ву 1кг,raw.r1c_nomenclature_current,1,1
Номенклатура — current,яя_Вэнди РС2 дольки в ву 5кг,raw.r1c_nomenclature_current,1,1
Номенклатура — current,яя_Вэнди РС2 кубик в ву 1кг,raw.r1c_nomenclature_current,1,1
Номенклатура — current,яя_Вэнди РС2 кубик в ву 5кг,raw.r1c_nomenclature_current,1,1
Номенклатура — current,яя_Вэнди РС2 мытый сетка рулон 2.5кг.,raw.r1c_nomenclature_current,1,1
Номенклатура — current,яя_Вэнди РС2 очищенный в ву 1кг.,raw.r1c_nomenclature_current,1,1
Номенклатура — current,яя_Вэнди РС2 очищенный в ву 5кг.,raw.r1c_nomenclature_current,1,1
Номенклатура — current,"яя_Вэнди РС2 пастеризованный 0,5кг.",raw.r1c_nomenclature_current,1,1
Номенклатура — current,яя_Вэнди РС2 семена Сетка на завязке 25кг.,raw.r1c_nomenclature_current,1,1
Номенклатура — current,яя_Вэнди РС2 семена Сетка рулон 25кг.,raw.r1c_nomenclature_current,1,1
Номенклатура — current,яя_Вэнди РС2 семена биг-бег 1000кг.,raw.r1c_nomenclature_current,1,1
Номенклатура — current,яя_Вэнди РС2 слайс в ву 1кг,raw.r1c_nomenclature_current,1,1
Номенклатура — current,яя_Вэнди РС2 слайс в ву 5кг,raw.r1c_nomenclature_current,1,1
Номенклатура — current,яя_Вэнди РС2 соломка в ву 1кг,raw.r1c_nomenclature_current,1,1
Номенклатура — current,яя_Вэнди РС2 соломка в ву 5кг,raw.r1c_nomenclature_current,1,1
Номенклатура — current,яя_Гала  ЛЕНИНСКОЕ грязный Сетка на завязке 25кг. ,raw.r1c_nomenclature_current,1,1
Номенклатура — current,яя_Гала РС0 Биг-бег 1000кг.,raw.r1c_nomenclature_current,1,1
Номенклатура — current,яя_Гала РС0 Сетка 25кг.,raw.r1c_nomenclature_current,1,1
Номенклатура — current,"яя_Гала РС0 Сетка-домик 2,5кг.",raw.r1c_nomenclature_current,1,1
Номенклатура — current,яя_Гала РС0 Сетка-домик 3кг.,raw.r1c_nomenclature_current,1,1
Номенклатура — current,яя_Гала РС0 Сеткана завязке 25кг.,raw.r1c_nomenclature_current,1,1
Номенклатура — current,яя_Гала РС0 Скубик в ву 1кг,raw.r1c_nomenclature_current,1,1
Номенклатура — current,"яя_Гала РС0 бэби Сетка-домик 1,5кг.",raw.r1c_nomenclature_current,1,1
Номенклатура — current,яя_Гала РС0 бэби Сетка-домик 2кг.,raw.r1c_nomenclature_current,1,1
Номенклатура — current,яя_Гала РС0 бэби очищенный в ву 5кг.,raw.r1c_nomenclature_current,1,1
Номенклатура — current,яя_Гала РС0 грязный  Сетка 25кг.,raw.r1c_nomenclature_current,1,1
Номенклатура — current,яя_Гала РС0 грязный Сетка 10кг.,raw.r1c_nomenclature_current,1,1
Номенклатура — current,яя_Гала РС0 грязный Сетка 2.5кг.,raw.r1c_nomenclature_current,1,1
Номенклатура — current,яя_Гала РС0 грязный Сетка 3кг.,raw.r1c_nomenclature_current,1,1
Номенклатура — current,яя_Гала РС0 грязный Сетка 5кг.,raw.r1c_nomenclature_current,1,1
Номенклатура — current,яя_Гала РС0 грязный Сетка на завязке 25кг.,raw.r1c_nomenclature_current,1,1
Номенклатура — current,яя_Гала РС0 грязный биг-бег 1000кг.,raw.r1c_nomenclature_current,1,1
Номенклатура — current,яя_Гала РС0 дольки в ву 1кг,raw.r1c_nomenclature_current,1,1
Номенклатура — current,яя_Гала РС0 дольки в ву 5кг,raw.r1c_nomenclature_current,1,1
Номенклатура — current,яя_Гала РС0 кубик в ву 5кг,raw.r1c_nomenclature_current,1,1
Номенклатура — current,яя_Гала РС0 мытый сетка рулон 2.5кг.,raw.r1c_nomenclature_current,1,1
Номенклатура — current,яя_Гала РС0 очищенный в ву 1кг.,raw.r1c_nomenclature_current,1,1
Номенклатура — current,яя_Гала РС0 очищенный в ву 5кг.,raw.r1c_nomenclature_current,1,1
Номенклатура — current,"яя_Гала РС0 пастеризованный 0,5кг.",raw.r1c_nomenclature_current,1,1
Номенклатура — current,яя_Гала РС0 семена Сетка 25кг.,raw.r1c_nomenclature_current,1,1
Номенклатура — current,яя_Гала РС0 семена Сетка на завязке 25кг.,raw.r1c_nomenclature_current,1,1
Номенклатура — current,яя_Гала РС0 семена биг-бег 1000кг.,raw.r1c_nomenclature_current,1,1
Номенклатура — current,яя_Гала РС0 слайс в ву 1кг,raw.r1c_nomenclature_current,1,1
Номенклатура — current,яя_Гала РС0 слайс в ву 5кг,raw.r1c_nomenclature_current,1,1
Номенклатура — current,яя_Гала РС0 соломка в ву 1кг,raw.r1c_nomenclature_current,1,1
Номенклатура — current,яя_Гала РС0 соломка в ву 5кг,raw.r1c_nomenclature_current,1,1
Номенклатура — current,яя_Гала РС1 Биг-бег 1000кг.,raw.r1c_nomenclature_current,1,1
Номенклатура — current,яя_Гала РС1 Сетка 25кг.,raw.r1c_nomenclature_current,1,1
Номенклатура — current,яя_Гала РС1 Сетка на завязке 25кг.,raw.r1c_nomenclature_current,1,1
Номенклатура — current,"яя_Гала РС1 Сетка-домик 2,5кг.",raw.r1c_nomenclature_current,1,1
Номенклатура — current,яя_Гала РС1 Сетка-домик 3кг.,raw.r1c_nomenclature_current,1,1
Номенклатура — current,"яя_Гала РС1 бэби Сетка-домик 1,5кг.",raw.r1c_nomenclature_current,1,1
Номенклатура — current,яя_Гала РС1 бэби очищенный в ву 5кг.,raw.r1c_nomenclature_current,1,1
Номенклатура — current,яя_Гала РС1 грязный Сетка 10кг.,raw.r1c_nomenclature_current,1,1
Номенклатура — current,яя_Гала РС1 грязный Сетка 2.5кг.,raw.r1c_nomenclature_current,1,1
Номенклатура — current,яя_Гала РС1 грязный Сетка 25кг.,raw.r1c_nomenclature_current,1,1
Номенклатура — current,яя_Гала РС1 грязный Сетка 3кг.,raw.r1c_nomenclature_current,1,1
Номенклатура — current,яя_Гала РС1 грязный Сетка 5кг.,raw.r1c_nomenclature_current,1,1
Номенклатура — current,"яя_Гала РС1 грязный Сетка на завязке 25кг.(2 сорт, мелкий)",raw.r1c_nomenclature_current,1,1
Номенклатура — current,яя_Гала РС1 грязный биг-бег 1000кг.,raw.r1c_nomenclature_current,1,1
Номенклатура — current,яя_Гала РС1 дольки в ву 1кг,raw.r1c_nomenclature_current,1,1
Номенклатура — current,яя_Гала РС1 дольки в ву 5кг,raw.r1c_nomenclature_current,1,1
Номенклатура — current,яя_Гала РС1 кубик в ву 1кг,raw.r1c_nomenclature_current,1,1
Номенклатура — current,яя_Гала РС1 кубик в ву 5кг,raw.r1c_nomenclature_current,1,1
Номенклатура — current,яя_Гала РС1 мытый сетка рулон 2.5кг.,raw.r1c_nomenclature_current,1,1
Номенклатура — current,яя_Гала РС1 очищенный в ву 1кг.,raw.r1c_nomenclature_current,1,1
Номенклатура — current,яя_Гала РС1 очищенный в ву 5кг.,raw.r1c_nomenclature_current,1,1
Номенклатура — current,"яя_Гала РС1 пастеризованный 0,5кг.",raw.r1c_nomenclature_current,1,1
Номенклатура — current,яя_Гала РС1 семена Сетка 25кг.,raw.r1c_nomenclature_current,1,1
Номенклатура — current,яя_Гала РС1 семена Сетка на завязке 25кг.,raw.r1c_nomenclature_current,1,1
Номенклатура — current,яя_Гала РС1 семена биг-бег 1000кг.,raw.r1c_nomenclature_current,1,1
Номенклатура — current,яя_Гала РС1 слайс в ву 1кг,raw.r1c_nomenclature_current,1,1
Номенклатура — current,яя_Гала РС1 слайс в ву 5кг,raw.r1c_nomenclature_current,1,1
Номенклатура — current,яя_Гала РС1 соломка в ву 1кг,raw.r1c_nomenclature_current,1,1
Номенклатура — current,яя_Гала РС1 соломка в ву 5кг,raw.r1c_nomenclature_current,1,1
Номенклатура — current,яя_Гала РС2  грязный Сетка 25кг.,raw.r1c_nomenclature_current,1,1
Номенклатура — current,яя_Гала РС2 Биг-бег 1000кг.,raw.r1c_nomenclature_current,1,1
Номенклатура — current,яя_Гала РС2 Сетка на завязке 25кг.,raw.r1c_nomenclature_current,1,1
Номенклатура — current,"яя_Гала РС2 Сетка-домик 2,5кг.",raw.r1c_nomenclature_current,1,1
Номенклатура — current,яя_Гала РС2 Сетка-домик 3кг.,raw.r1c_nomenclature_current,1,1
Номенклатура — current,"яя_Гала РС2 бэби Сетка-домик 1,5кг.",raw.r1c_nomenclature_current,1,1
Номенклатура — current,яя_Гала РС2 бэби Сетка-домик 2кг.,raw.r1c_nomenclature_current,1,1
Номенклатура — current,яя_Гала РС2 бэби очищенный в ву 5кг.,raw.r1c_nomenclature_current,1,1
Номенклатура — current,яя_Гала РС2 грязный Сетка 10кг.,raw.r1c_nomenclature_current,1,1
Номенклатура — current,яя_Гала РС2 грязный Сетка 3кг.,raw.r1c_nomenclature_current,1,1
Номенклатура — current,яя_Гала РС2 грязный Сетка 5кг.,raw.r1c_nomenclature_current,1,1
Номенклатура — current,"яя_Гала РС2 грязный Сетка на завязке 25кг.(2 сорт, мелкий)",raw.r1c_nomenclature_current,1,1
Номенклатура — current,яя_Гала РС2 грязный биг-бег 1000кг.,raw.r1c_nomenclature_current,1,1
Номенклатура — current,яя_Гала РС2 грязный сетка 2.5кг.,raw.r1c_nomenclature_current,1,1
Номенклатура — current,яя_Гала РС2 дольки в ву 1кг,raw.r1c_nomenclature_current,1,1
Номенклатура — current,яя_Гала РС2 дольки в ву 5кг,raw.r1c_nomenclature_current,1,1
Номенклатура — current,яя_Гала РС2 кубик в ву 1кг,raw.r1c_nomenclature_current,1,1
Номенклатура — current,яя_Гала РС2 кубик в ву 5кг,raw.r1c_nomenclature_current,1,1
Номенклатура — current,яя_Гала РС2 мытый Сетка 25кг.,raw.r1c_nomenclature_current,1,1
Номенклатура — current,яя_Гала РС2 мытый сетка 2.5кг.,raw.r1c_nomenclature_current,1,1
Номенклатура — current,яя_Гала РС2 очищенный в ву 1кг.,raw.r1c_nomenclature_current,1,1
Номенклатура — current,яя_Гала РС2 очищенный в ву 5кг.,raw.r1c_nomenclature_current,1,1
Номенклатура — current,яя_Гала РС2 очищенный в ву 5кг. БК АГРОАЛЬЯНС,raw.r1c_nomenclature_current,1,1
Номенклатура — current,яя_Гала РС2 очищенный в ву 5кг. ЛЕНИНСКОЕ,raw.r1c_nomenclature_current,1,1
Номенклатура — current,яя_Гала РС2 очищенный в ву 5кг. РОН АГРО,raw.r1c_nomenclature_current,1,1
Номенклатура — current,"яя_Гала РС2 пастеризованный 0,5кг.",raw.r1c_nomenclature_current,1,1
Номенклатура — current,яя_Гала РС2 семена Сетка 25кг.,raw.r1c_nomenclature_current,1,1
Номенклатура — current,яя_Гала РС2 семена Сетка на завязке 25кг.,raw.r1c_nomenclature_current,1,1
Номенклатура — current,яя_Гала РС2 семена биг-бег 1000кг.,raw.r1c_nomenclature_current,1,1
Номенклатура — current,яя_Гала РС2 слайс в ву 1кг,raw.r1c_nomenclature_current,1,1
Номенклатура — current,яя_Гала РС2 слайс в ву 5кг,raw.r1c_nomenclature_current,1,1
Номенклатура — current,яя_Гала РС2 соломка в ву 1кг,raw.r1c_nomenclature_current,1,1
Номенклатура — current,яя_Гала РС2 соломка в ву 5кг,raw.r1c_nomenclature_current,1,1
Номенклатура — current,яя_Гладиатор РС1 Коробка 6кг.,raw.r1c_nomenclature_current,1,1
Номенклатура — current,яя_Гладиатор РС1 Сетка - чулок (1шт.),raw.r1c_nomenclature_current,1,1
Номенклатура — current,яя_Гладиатор РС1 Сетка - чулок (3шт.),raw.r1c_nomenclature_current,1,1
Номенклатура — current,яя_Гладиатор РС1 Сетка 25кг.,raw.r1c_nomenclature_current,1,1
Номенклатура — current,яя_Гладиатор РС1 Сетка на завязке 25кг.,raw.r1c_nomenclature_current,1,1
Номенклатура — current,яя_Гладиатор РС1 очищенный в ву 1кг.,raw.r1c_nomenclature_current,1,1
Номенклатура — current,яя_ГригорийКомаров РС1 Коробка 6кг.,raw.r1c_nomenclature_current,1,1
Номенклатура — current,яя_ГригорийКомаров РС1 Сетка - чулок (1шт.),raw.r1c_nomenclature_current,1,1
Номенклатура — current,яя_ГригорийКомаров РС1 Сетка - чулок (3шт.),raw.r1c_nomenclature_current,1,1
Номенклатура — current,яя_ГригорийКомаров РС1 Сетка - чулок зубчики (100гр),raw.r1c_nomenclature_current,1,1
Номенклатура — current,яя_ГригорийКомаров РС1 Сетка 25кг.,raw.r1c_nomenclature_current,1,1
Номенклатура — current,яя_ГригорийКомаров РС1 Сетка на завязке 25кг.,raw.r1c_nomenclature_current,1,1
Номенклатура — current,яя_ГригорийКомаров РС1 очищенный в ву 1кг.,raw.r1c_nomenclature_current,1,1
Номенклатура — current,"яя_Индиго РС0 Сетка - (домик)1,5 кг.",raw.r1c_nomenclature_current,1,1
Номенклатура — current,яя_Индиго РС0 грязный Сетка 25кг.,raw.r1c_nomenclature_current,1,1
Номенклатура — current,яя_Индиго РС0 грязный Сетка на завязке 25кг.,raw.r1c_nomenclature_current,1,1
Номенклатура — current,яя_Индиго РС0 дольки 1кг.,raw.r1c_nomenclature_current,1,1
Номенклатура — current,яя_Индиго РС0 дольки 5кг.,raw.r1c_nomenclature_current,1,1
Номенклатура — current,яя_Индиго РС0 кубик 1кг.,raw.r1c_nomenclature_current,1,1
Номенклатура — current,яя_Индиго РС0 кубик 5кг.,raw.r1c_nomenclature_current,1,1
Номенклатура — current,яя_Индиго РС0 очищенный в ву 1кг.,raw.r1c_nomenclature_current,1,1
Номенклатура — current,яя_Индиго РС0 очищенный в ву 5кг.,raw.r1c_nomenclature_current,1,1
Номенклатура — current,"яя_Индиго РС0 пастеризованный 0,5кг.",raw.r1c_nomenclature_current,1,1
Номенклатура — current,яя_Индиго РС1 Сетка - (домик) 2 кг,raw.r1c_nomenclature_current,1,1
Номенклатура — current,"яя_Индиго РС1 Сетка - (домик)1,5 кг.",raw.r1c_nomenclature_current,1,1
Номенклатура — current,яя_Индиго РС1 грязный Сетка 25кг.,raw.r1c_nomenclature_current,1,1
Номенклатура — current,яя_Индиго РС1 мытый Сетка 25кг.,raw.r1c_nomenclature_current,1,1
Номенклатура — current,яя_Индиго РС1 мытый Сетка на завязке 25кг.,raw.r1c_nomenclature_current,1,1
Номенклатура — current,яя_Индиго РС1 очищенный в ву 5кг.,raw.r1c_nomenclature_current,1,1
Номенклатура — current,яя_Индиго РС1 семена биг бэг 1000 кг,raw.r1c_nomenclature_current,1,1
Номенклатура — current,"яя_Индиго РС2 Сетка - (домик)1,5 кг.",raw.r1c_nomenclature_current,1,1
Номенклатура — current,яя_Индиго РС2 грязный Сетка 25кг.,raw.r1c_nomenclature_current,1,1
Номенклатура — current,яя_Индиго РС2 очищенный в ву 5кг.,raw.r1c_nomenclature_current,1,1
Номенклатура — current,яя_Кармен РС0 Биг-бег 1000кг.,raw.r1c_nomenclature_current,1,1
Номенклатура — current,яя_Кармен РС0 Сетка 25кг..,raw.r1c_nomenclature_current,1,1
Номенклатура — current,яя_Кармен РС0 Сетка на завязке 25кг.,raw.r1c_nomenclature_current,1,1
Номенклатура — current,"яя_Кармен РС0 Сетка-домик 2,5кг.",raw.r1c_nomenclature_current,1,1
Номенклатура — current,яя_Кармен РС0 Сетка-домик 3кг.,raw.r1c_nomenclature_current,1,1
Номенклатура — current,"яя_Кармен РС0 бэби Сетка-домик 1,5кг.",raw.r1c_nomenclature_current,1,1
Номенклатура — current,яя_Кармен РС0 бэби Сетка-домик 2кг.,raw.r1c_nomenclature_current,1,1
Номенклатура — current,яя_Кармен РС0 бэби очищенный в ву 5кг.,raw.r1c_nomenclature_current,1,1
Номенклатура — current,яя_Кармен РС0 бэби семена биг-бег 1000кг.,raw.r1c_nomenclature_current,1,1
Номенклатура — current,яя_Кармен РС0 грязный Сетка 10кг.,raw.r1c_nomenclature_current,1,1
Номенклатура — current,яя_Кармен РС0 грязный Сетка 2.5кг..,raw.r1c_nomenclature_current,1,1
Номенклатура — current,яя_Кармен РС0 грязный Сетка 25кг.,raw.r1c_nomenclature_current,1,1
Номенклатура — current,яя_Кармен РС0 грязный Сетка 3кг.,raw.r1c_nomenclature_current,1,1
Номенклатура — current,яя_Кармен РС0 грязный Сетка 5кг.,raw.r1c_nomenclature_current,1,1
Номенклатура — current,яя_Кармен РС0 грязный Сетка на завязке 25кг.,raw.r1c_nomenclature_current,1,1
Номенклатура — current,яя_Кармен РС0 грязный биг-бег 1000кг.,raw.r1c_nomenclature_current,1,1
Номенклатура — current,яя_Кармен РС0 дольки в ву 1кг,raw.r1c_nomenclature_current,1,1
Номенклатура — current,яя_Кармен РС0 дольки в ву 5кг,raw.r1c_nomenclature_current,1,1
Номенклатура — current,яя_Кармен РС0 кубик в ву 1кг,raw.r1c_nomenclature_current,1,1
Номенклатура — current,яя_Кармен РС0 кубик в ву 5кг,raw.r1c_nomenclature_current,1,1
Номенклатура — current,яя_Кармен РС0 мытый сетка 2.5кг.,raw.r1c_nomenclature_current,1,1
Номенклатура — current,яя_Кармен РС0 очищенный в ву 1кг.,raw.r1c_nomenclature_current,1,1
Номенклатура — current,яя_Кармен РС0 очищенный в ву 5кг.,raw.r1c_nomenclature_current,1,1
Номенклатура — current,"яя_Кармен РС0 пастеризованный 0,5кг.",raw.r1c_nomenclature_current,1,1
Номенклатура — current,яя_Кармен РС0 семена Сетка 25кг.,raw.r1c_nomenclature_current,1,1
Номенклатура — current,яя_Кармен РС0 семена Сетка на завязке 25кг.,raw.r1c_nomenclature_current,1,1
Номенклатура — current,яя_Кармен РС0 слайс в ву 1кг,raw.r1c_nomenclature_current,1,1
Номенклатура — current,яя_Кармен РС0 слайс в ву 5кг,raw.r1c_nomenclature_current,1,1
Номенклатура — current,яя_Кармен РС0 соломка в ву 1кг,raw.r1c_nomenclature_current,1,1
Номенклатура — current,яя_Кармен РС0 соломка в ву 5кг,raw.r1c_nomenclature_current,1,1
Номенклатура — current,яя_Кармен РС1 Биг-бег 1000кг.,raw.r1c_nomenclature_current,1,1
Номенклатура — current,яя_Кармен РС1 Сетка 25кг..,raw.r1c_nomenclature_current,1,1
Номенклатура — current,яя_Кармен РС1 Сетка на завязке 25кг.,raw.r1c_nomenclature_current,1,1
Номенклатура — current,"яя_Кармен РС1 Сетка-домик 2,5кг.",raw.r1c_nomenclature_current,1,1
Номенклатура — current,яя_Кармен РС1 Сетка-домик 3кг.,raw.r1c_nomenclature_current,1,1
Номенклатура — current,"яя_Кармен РС1 бэби Сетка-домик 1,5кг.",raw.r1c_nomenclature_current,1,1
Номенклатура — current,яя_Кармен РС1 бэби Сетка-домик 2кг.,raw.r1c_nomenclature_current,1,1
Номенклатура — current,яя_Кармен РС1 бэби очищенный в ву 5кг.,raw.r1c_nomenclature_current,1,1
Номенклатура — current,яя_Кармен РС1 бэби семена биг-бег 1000кг.,raw.r1c_nomenclature_current,1,1
Номенклатура — current,яя_Кармен РС1 грязный Сетка 10кг.,raw.r1c_nomenclature_current,1,1
Номенклатура — current,яя_Кармен РС1 грязный Сетка 2.5кг..,raw.r1c_nomenclature_current,1,1
Номенклатура — current,яя_Кармен РС1 грязный Сетка 25кг.,raw.r1c_nomenclature_current,1,1
Номенклатура — current,яя_Кармен РС1 грязный Сетка 3кг.,raw.r1c_nomenclature_current,1,1
Номенклатура — current,яя_Кармен РС1 грязный Сетка 5кг.,raw.r1c_nomenclature_current,1,1
Номенклатура — current,яя_Кармен РС1 грязный Сетка на завязке 25кг.,raw.r1c_nomenclature_current,1,1
Номенклатура — current,яя_Кармен РС1 грязный биг-бег 1000кг.,raw.r1c_nomenclature_current,1,1
Номенклатура — current,яя_Кармен РС1 дольки в ву 1кг,raw.r1c_nomenclature_current,1,1
Номенклатура — current,яя_Кармен РС1 дольки в ву 5кг,raw.r1c_nomenclature_current,1,1
Номенклатура — current,яя_Кармен РС1 кубик в ву 1кг,raw.r1c_nomenclature_current,1,1
Номенклатура — current,яя_Кармен РС1 кубик в ву 5кг,raw.r1c_nomenclature_current,1,1
Номенклатура — current,яя_Кармен РС1 мытый сетка 2.5кг.,raw.r1c_nomenclature_current,1,1
Номенклатура — current,яя_Кармен РС1 очищенный в ву 1кг.,raw.r1c_nomenclature_current,1,1
Номенклатура — current,яя_Кармен РС1 очищенный в ву 5кг.,raw.r1c_nomenclature_current,1,1
Номенклатура — current,"яя_Кармен РС1 пастеризованный 0,5кг.",raw.r1c_nomenclature_current,1,1
Номенклатура — current,яя_Кармен РС1 семена Сетка 25кг.,raw.r1c_nomenclature_current,1,1
Номенклатура — current,яя_Кармен РС1 семена Сетка на завязке 25кг.,raw.r1c_nomenclature_current,1,1
Номенклатура — current,яя_Кармен РС1 семена биг-бэг 1000кг.,raw.r1c_nomenclature_current,1,1
Номенклатура — current,яя_Кармен РС1 слайс в ву 1кг,raw.r1c_nomenclature_current,1,1
Номенклатура — current,яя_Кармен РС1 слайс в ву 5кг,raw.r1c_nomenclature_current,1,1
Номенклатура — current,яя_Кармен РС1 соломка в ву 1кг,raw.r1c_nomenclature_current,1,1
Номенклатура — current,яя_Кармен РС1 соломка в ву 5кг,raw.r1c_nomenclature_current,1,1
Номенклатура — current,"яя_Кармен РС2 бэби Сетка-домик 1,5кг.",raw.r1c_nomenclature_current,1,1
Номенклатура — current,яя_Кармен РС2 грязный Сетка 2.5кг..,raw.r1c_nomenclature_current,1,1
Номенклатура — current,яя_Кармен РС2 грязный Сетка 3кг.,raw.r1c_nomenclature_current,1,1
Номенклатура — current,яя_Кармен РС2 грязный Сетка 5кг.,raw.r1c_nomenclature_current,1,1
Номенклатура — current,яя_Кармен РС2 грязный Сетка на завязке 25кг.,raw.r1c_nomenclature_current,1,1
Номенклатура — current,яя_Кармен РС2 очищенный в ву 5кг.,raw.r1c_nomenclature_current,1,1
Номенклатура — current,яя_Кармен РС2 семена Сетка 25кг.,raw.r1c_nomenclature_current,1,1
Номенклатура — current,яя_Кармен РС2 семена Сетка на завязке 25кг.,raw.r1c_nomenclature_current,1,1
Номенклатура — current,яя_Кестрел РС1 Пакет - клипса 1 кг.,raw.r1c_nomenclature_current,1,1
Номенклатура — current,яя_Кестрел РС1 грязный Сетка 10 кг.,raw.r1c_nomenclature_current,1,1
Номенклатура — current,яя_Кестрел РС1 грязный Сетка 25 кг.,raw.r1c_nomenclature_current,1,1
Номенклатура — current,яя_Кестрел РС1 грязный Сетка на завязке 25 кг.,raw.r1c_nomenclature_current,1,1
Номенклатура — current,яя_Кестрел РС1 кубик в ву 1кг,raw.r1c_nomenclature_current,1,1
Номенклатура — current,яя_Кестрел РС1 кубик в ву 5кг,raw.r1c_nomenclature_current,1,1
Номенклатура — current,яя_Кестрел РС1 очищенная в ву 1кг,raw.r1c_nomenclature_current,1,1
Номенклатура — current,яя_Кестрел РС1 очищенная в ву 5кг,raw.r1c_nomenclature_current,1,1
Номенклатура — current,яя_Кестрел РС1 пастеризованная в ву 0.5кг,raw.r1c_nomenclature_current,1,1
Номенклатура — current,яя_Кестрел РС1 пастеризованная в ву 2.5кг,raw.r1c_nomenclature_current,1,1
Номенклатура — current,яя_Кестрел РС1 соломка в ву 1кг,raw.r1c_nomenclature_current,1,1
Номенклатура — current,яя_Кестрел РС1 соломка в ву 5кг,raw.r1c_nomenclature_current,1,1
Номенклатура — current,яя_Коломба РС1 Сетка-домик 3кг.,raw.r1c_nomenclature_current,1,1
Номенклатура — current,яя_Коломба РС1 грязный Сетка 3кг.,raw.r1c_nomenclature_current,1,1
Номенклатура — current,яя_Коломба РС1 грязный Сетка 3кг. Эконом,raw.r1c_nomenclature_current,1,1
Номенклатура — current,яя_Коломба РС1 мытый Сетка на завязке 25кг.,raw.r1c_nomenclature_current,1,1
Номенклатура — current,яя_Коломба РС1 мытый сетка 2.5кг.,raw.r1c_nomenclature_current,1,1
Номенклатура — current,яя_Коломба РС1 семена биг-бэг 1000кг.,raw.r1c_nomenclature_current,1,1
Номенклатура — current,яя_Коломба РС2 грязный Сетка 2.5кг.,raw.r1c_nomenclature_current,1,1
Номенклатура — current,яя_Коломбо РС1 Биг-бег 1000кг.,raw.r1c_nomenclature_current,1,1
Номенклатура — current,яя_Коломбо РС1 Сетка 25кг.,raw.r1c_nomenclature_current,1,1
Номенклатура — current,яя_Коломбо РС1 Сетка на завязке 25кг.,raw.r1c_nomenclature_current,1,1
Номенклатура — current,"яя_Коломбо РС1 Сетка-домик 2,5кг.",raw.r1c_nomenclature_current,1,1
Номенклатура — current,"яя_Коломбо РС1 бэби Сетка-домик 1,5кг.",raw.r1c_nomenclature_current,1,1
Номенклатура — current,яя_Коломбо РС1 бэби Сетка-домик 2кг.,raw.r1c_nomenclature_current,1,1
Номенклатура — current,яя_Коломбо РС1 бэби очищенный в ву 5кг.,raw.r1c_nomenclature_current,1,1
Номенклатура — current,яя_Коломбо РС1 грязный Сетка 10кг.,raw.r1c_nomenclature_current,1,1
Номенклатура — current,яя_Коломбо РС1 грязный Сетка 2.5кг.,raw.r1c_nomenclature_current,1,1
Номенклатура — current,яя_Коломбо РС1 грязный Сетка 25кг.,raw.r1c_nomenclature_current,1,1
Номенклатура — current,яя_Коломбо РС1 грязный Сетка 5кг.,raw.r1c_nomenclature_current,1,1
Номенклатура — current,яя_Коломбо РС1 грязный Сетка на завязке 25кг.,raw.r1c_nomenclature_current,1,1
Номенклатура — current,яя_Коломбо РС1 грязный биг-бег 1000кг.,raw.r1c_nomenclature_current,1,1
Номенклатура — current,яя_Коломбо РС1 дольки в ву 1кг,raw.r1c_nomenclature_current,1,1
Номенклатура — current,яя_Коломбо РС1 дольки в ву 5кг,raw.r1c_nomenclature_current,1,1
Номенклатура — current,яя_Коломбо РС1 кубик в ву 1кг,raw.r1c_nomenclature_current,1,1
Номенклатура — current,яя_Коломбо РС1 кубик в ву 5кг,raw.r1c_nomenclature_current,1,1
Номенклатура — current,яя_Коломбо РС1 очищенный в ву 1кг.,raw.r1c_nomenclature_current,1,1
Номенклатура — current,яя_Коломбо РС1 очищенный в ву 5кг.,raw.r1c_nomenclature_current,1,1
Номенклатура — current,"яя_Коломбо РС1 пастеризованный 0,5кг.",raw.r1c_nomenclature_current,1,1
Номенклатура — current,яя_Коломбо РС1 семена Сетка 25кг.,raw.r1c_nomenclature_current,1,1
Номенклатура — current,яя_Коломбо РС1 семена Сетка на завязке 25кг.,raw.r1c_nomenclature_current,1,1
Номенклатура — current,яя_Коломбо РС1 семена биг-бег 1000кг.,raw.r1c_nomenclature_current,1,1
Номенклатура — current,яя_Коломбо РС1 слайс в ву 1кг,raw.r1c_nomenclature_current,1,1
Номенклатура — current,яя_Коломбо РС1 слайс в ву 5кг,raw.r1c_nomenclature_current,1,1
Номенклатура — current,яя_Коломбо РС1 соломка в ву 1кг,raw.r1c_nomenclature_current,1,1
Номенклатура — current,яя_Коломбо РС1 соломка в ву 5кг,raw.r1c_nomenclature_current,1,1
Номенклатура — current,яя_Коломбо РС2 Биг-бег 1000кг.,raw.r1c_nomenclature_current,1,1
Номенклатура — current,яя_Коломбо РС2 Сетка-домик 3кг.,raw.r1c_nomenclature_current,1,1
Номенклатура — current,"яя_Коломбо РС2 бэби Сетка-домик 1,5кг.",raw.r1c_nomenclature_current,1,1
Номенклатура — current,яя_Коломбо РС2 бэби Сетка-домик 2кг.,raw.r1c_nomenclature_current,1,1
Номенклатура — current,яя_Коломбо РС2 бэби очищенный в ву 5кг.,raw.r1c_nomenclature_current,1,1
Номенклатура — current,яя_Коломбо РС2 грязный Сетка 10кг.,raw.r1c_nomenclature_current,1,1
Номенклатура — current,яя_Коломбо РС2 грязный Сетка 25кг.,raw.r1c_nomenclature_current,1,1
Номенклатура — current,яя_Коломбо РС2 грязный Сетка 3кг.,raw.r1c_nomenclature_current,1,1
Номенклатура — current,яя_Коломбо РС2 грязный Сетка 5кг.,raw.r1c_nomenclature_current,1,1
Номенклатура — current,"яя_Коломбо РС2 грязный Сетка на завязке 25кг. (2 сорт, мелкий)",raw.r1c_nomenclature_current,1,1
Номенклатура — current,яя_Коломбо РС2 грязный биг-бег 1000кг.,raw.r1c_nomenclature_current,1,1
Номенклатура — current,яя_Коломбо РС2 дольки в ву 1кг,raw.r1c_nomenclature_current,1,1
Номенклатура — current,яя_Коломбо РС2 дольки в ву 5кг,raw.r1c_nomenclature_current,1,1
Номенклатура — current,яя_Коломбо РС2 кубик в ву 1кг,raw.r1c_nomenclature_current,1,1
Номенклатура — current,яя_Коломбо РС2 кубик в ву 5кг,raw.r1c_nomenclature_current,1,1
Номенклатура — current,яя_Коломбо РС2 мытый сетка рулон 2.5кг.,raw.r1c_nomenclature_current,1,1
Номенклатура — current,яя_Коломбо РС2 очищенный в ву 1кг.,raw.r1c_nomenclature_current,1,1
Номенклатура — current,яя_Коломбо РС2 очищенный в ву 5кг.,raw.r1c_nomenclature_current,1,1
Номенклатура — current,"яя_Коломбо РС2 пастеризованный 0,5кг.",raw.r1c_nomenclature_current,1,1
Номенклатура — current,яя_Коломбо РС2 семена Сетка 25кг.,raw.r1c_nomenclature_current,1,1
Номенклатура — current,яя_Коломбо РС2 семена Сетка на завязке 25кг.,raw.r1c_nomenclature_current,1,1
Номенклатура — current,яя_Коломбо РС2 семена биг-бег 1000кг.,raw.r1c_nomenclature_current,1,1
Номенклатура — current,яя_Коломбо РС2 слайс в ву 1кг,raw.r1c_nomenclature_current,1,1
Номенклатура — current,яя_Коломбо РС2 слайс в ву 5кг,raw.r1c_nomenclature_current,1,1
Номенклатура — current,яя_Коломбо РС2 соломка в ву 1кг,raw.r1c_nomenclature_current,1,1
Номенклатура — current,яя_Коломбо РС2 соломка в ву 5кг,raw.r1c_nomenclature_current,1,1
Номенклатура — current,яя_Коломбо РС2Сетка 25кг.,raw.r1c_nomenclature_current,1,1
Номенклатура — current,яя_Коломбо РС2Сетка на завязке 25кг.,raw.r1c_nomenclature_current,1,1
Номенклатура — current,яя_Любаша РС1 Коробка 3 кг,raw.r1c_nomenclature_current,1,1
Номенклатура — current,яя_Любаша РС1 Коробка 5 кг,raw.r1c_nomenclature_current,1,1
Номенклатура — current,яя_Любаша РС1 Коробка 6 кг,raw.r1c_nomenclature_current,1,1
Номенклатура — current,яя_Любаша РС1 Сетка - чулок (3шт.),raw.r1c_nomenclature_current,1,1
Номенклатура — current,яя_Любаша РС1 Сетка на завязке 25кг,raw.r1c_nomenclature_current,1,1
Номенклатура — current,яя_Мадейра РС1 грязный Сетка 25кг.,raw.r1c_nomenclature_current,1,1
Номенклатура — current,яя_Мадейра РС1 очищенный в ву 5кг. ,raw.r1c_nomenclature_current,1,1
Номенклатура — current,яя_Мадейра РС1 семена биг-бэг 1000кг.,raw.r1c_nomenclature_current,1,1
Номенклатура — current,яя_Мадейра РС2 Сетка 25кг.,raw.r1c_nomenclature_current,1,1
Номенклатура — current,яя_Мадейра РС2 Сетка-домик 3кг.,raw.r1c_nomenclature_current,1,1
Номенклатура — current,яя_Мадейра РС2 бэби Сетка-домик 2кг,raw.r1c_nomenclature_current,1,1
Номенклатура — current,яя_Мадейра РС2 грязный Сетка 2.5кг.,raw.r1c_nomenclature_current,1,1
Номенклатура — current,яя_Мадейра РС2 грязный Сетка 25кг.,raw.r1c_nomenclature_current,1,1
Номенклатура — current,яя_Мадейра РС2 грязный Сетка 3кг Эконом,raw.r1c_nomenclature_current,1,1
Номенклатура — current,яя_Мадейра РС2 грязный Сетка 3кг.,raw.r1c_nomenclature_current,1,1
Номенклатура — current,яя_Мадейра РС2 грязный Сетка 5кг.,raw.r1c_nomenclature_current,1,1
Номенклатура — current,яя_Мадейра РС2 грязный Сетка на завязке 25кг.,raw.r1c_nomenclature_current,1,1
Номенклатура — current,яя_Мадейра РС2 мытый Сетка 25кг бэби,raw.r1c_nomenclature_current,1,1
Номенклатура — current,яя_Мадейра РС2 очищенный в ву 5кг. ,raw.r1c_nomenclature_current,1,1
Номенклатура — current,яя_Мадейра РС2 семена Сетка на завязке 25кг.,raw.r1c_nomenclature_current,1,1
Номенклатура — current,яя_Мадейра РС2 семена биг-бэг 1000кг.,raw.r1c_nomenclature_current,1,1
Номенклатура — current,яя_Ред Скарлетт РС1 Биг-бег 1000кг.,raw.r1c_nomenclature_current,1,1
Номенклатура — current,"яя_Ред Скарлетт РС1 Сетка-домик 2,5кг.",raw.r1c_nomenclature_current,1,1
Номенклатура — current,яя_Ред Скарлетт РС1 Сетка-домик 3кг.,raw.r1c_nomenclature_current,1,1
Номенклатура — current,"яя_Ред Скарлетт РС1 бэби Сетка-домик 1,5кг.",raw.r1c_nomenclature_current,1,1
Номенклатура — current,яя_Ред Скарлетт РС1 бэби Сетка-домик 2кг.,raw.r1c_nomenclature_current,1,1
Номенклатура — current,яя_Ред Скарлетт РС1 бэби очищенный в ву 5кг.,raw.r1c_nomenclature_current,1,1
Номенклатура — current,яя_Ред Скарлетт РС1 грязный Сетка 2.5кг.,raw.r1c_nomenclature_current,1,1
Номенклатура — current,яя_Ред Скарлетт РС1 грязный Сетка 25кг.,raw.r1c_nomenclature_current,1,1
Номенклатура — current,яя_Ред Скарлетт РС1 грязный Сетка 5кг.,raw.r1c_nomenclature_current,1,1
Номенклатура — current,яя_Ред Скарлетт РС1 грязный Сетка на завязке 25кг.,raw.r1c_nomenclature_current,1,1
Номенклатура — current,яя_Ред Скарлетт РС1 грязный биг-бег 1000кг.,raw.r1c_nomenclature_current,1,1
Номенклатура — current,яя_Ред Скарлетт РС1 дольки в ву 1кг,raw.r1c_nomenclature_current,1,1
Номенклатура — current,яя_Ред Скарлетт РС1 дольки в ву 5кг,raw.r1c_nomenclature_current,1,1
Номенклатура — current,яя_Ред Скарлетт РС1 кубик в ву 1кг,raw.r1c_nomenclature_current,1,1
Номенклатура — current,яя_Ред Скарлетт РС1 кубик в ву 5кг,raw.r1c_nomenclature_current,1,1
Номенклатура — current,яя_Ред Скарлетт РС1 мытый сетка 2.5кг.,raw.r1c_nomenclature_current,1,1
Номенклатура — current,яя_Ред Скарлетт РС1 очищенный в ву 1кг.,raw.r1c_nomenclature_current,1,1
Номенклатура — current,яя_Ред Скарлетт РС1 очищенный в ву 5кг.,raw.r1c_nomenclature_current,1,1
Номенклатура — current,"яя_Ред Скарлетт РС1 пастеризованный 0,5кг.",raw.r1c_nomenclature_current,1,1
Номенклатура — current,яя_Ред Скарлетт РС1 семена Сетка 25кг.,raw.r1c_nomenclature_current,1,1
Номенклатура — current,яя_Ред Скарлетт РС1 семена Сетка на завязке 25кг.,raw.r1c_nomenclature_current,1,1
Номенклатура — current,яя_Ред Скарлетт РС1 семена биг-бег 1000кг.,raw.r1c_nomenclature_current,1,1
Номенклатура — current,яя_Ред Скарлетт РС1 слайс в ву 1кг,raw.r1c_nomenclature_current,1,1
Номенклатура — current,яя_Ред Скарлетт РС1 слайс в ву 5кг,raw.r1c_nomenclature_current,1,1
Номенклатура — current,яя_Ред Скарлетт РС1 соломка в ву 1кг,raw.r1c_nomenclature_current,1,1
Номенклатура — current,яя_Ред Скарлетт РС1 соломка в ву 5кг,raw.r1c_nomenclature_current,1,1
Номенклатура — current,яя_Ред Скарлетт РС1Сетка 25кг.,raw.r1c_nomenclature_current,1,1
Номенклатура — current,яя_Ред Скарлетт РС1Сетка на завязке 25кг.,raw.r1c_nomenclature_current,1,1
Номенклатура — current,яя_Ред Скарлетт РС1грязный Сетка 3кг.,raw.r1c_nomenclature_current,1,1
Номенклатура — current,яя_Ред Скарлетт РС2 Биг-бег 1000кг.,raw.r1c_nomenclature_current,1,1
Номенклатура — current,яя_Ред Скарлетт РС2 Сетка 25кг.,raw.r1c_nomenclature_current,1,1
Номенклатура — current,яя_Ред Скарлетт РС2 Сетка на завязке 25кг.,raw.r1c_nomenclature_current,1,1
Номенклатура — current,"яя_Ред Скарлетт РС2 Сетка-домик 2,5кг.",raw.r1c_nomenclature_current,1,1
Номенклатура — current,яя_Ред Скарлетт РС2 Сетка-домик 3кг.,raw.r1c_nomenclature_current,1,1
Номенклатура — current,"яя_Ред Скарлетт РС2 бэби Сетка-домик 1,5кг.",raw.r1c_nomenclature_current,1,1
Номенклатура — current,яя_Ред Скарлетт РС2 бэби Сетка-домик 2кг.,raw.r1c_nomenclature_current,1,1
Номенклатура — current,яя_Ред Скарлетт РС2 бэби очищенный в ву 5кг.,raw.r1c_nomenclature_current,1,1
Номенклатура — current,яя_Ред Скарлетт РС2 грязный Сетка 10кг.,raw.r1c_nomenclature_current,1,1
Номенклатура — current,яя_Ред Скарлетт РС2 грязный Сетка 2.5кг.,raw.r1c_nomenclature_current,1,1
Номенклатура — current,яя_Ред Скарлетт РС2 грязный Сетка 25кг.,raw.r1c_nomenclature_current,1,1
Номенклатура — current,яя_Ред Скарлетт РС2 грязный Сетка 3кг.,raw.r1c_nomenclature_current,1,1
Номенклатура — current,яя_Ред Скарлетт РС2 грязный Сетка 5кг.,raw.r1c_nomenclature_current,1,1
Номенклатура — current,яя_Ред Скарлетт РС2 грязный Сетка на завязке 25кг.,raw.r1c_nomenclature_current,1,1
Номенклатура — current,яя_Ред Скарлетт РС2 грязный биг-бег 1000кг.,raw.r1c_nomenclature_current,1,1
Номенклатура — current,яя_Ред Скарлетт РС2 дольки в ву 1кг,raw.r1c_nomenclature_current,1,1
Номенклатура — current,яя_Ред Скарлетт РС2 дольки в ву 5кг,raw.r1c_nomenclature_current,1,1
Номенклатура — current,яя_Ред Скарлетт РС2 кубик в ву 1кг,raw.r1c_nomenclature_current,1,1
Номенклатура — current,яя_Ред Скарлетт РС2 кубик в ву 5кг,raw.r1c_nomenclature_current,1,1
Номенклатура — current,яя_Ред Скарлетт РС2 мытый сетка 2.5кг.,raw.r1c_nomenclature_current,1,1
Номенклатура — current,яя_Ред Скарлетт РС2 очищенный в ву 1кг.,raw.r1c_nomenclature_current,1,1
Номенклатура — current,яя_Ред Скарлетт РС2 очищенный в ву 5кг.,raw.r1c_nomenclature_current,1,1
Номенклатура — current,"яя_Ред Скарлетт РС2 пастеризованный 0,5кг.",raw.r1c_nomenclature_current,1,1
Номенклатура — current,яя_Ред Скарлетт РС2 семена Сетка 25кг.,raw.r1c_nomenclature_current,1,1
Номенклатура — current,яя_Ред Скарлетт РС2 семена Сетка на завязке 25кг.,raw.r1c_nomenclature_current,1,1
Номенклатура — current,яя_Ред Скарлетт РС2 семена биг-бег 1000кг.,raw.r1c_nomenclature_current,1,1
Номенклатура — current,яя_Ред Скарлетт РС2 слайс в ву 1кг,raw.r1c_nomenclature_current,1,1
Номенклатура — current,яя_Ред Скарлетт РС2 слайс в ву 5кг,raw.r1c_nomenclature_current,1,1
Номенклатура — current,яя_Ред Скарлетт РС2 соломка в ву 1кг,raw.r1c_nomenclature_current,1,1
Номенклатура — current,яя_Ред Скарлетт РС2 соломка в ву 5кг,raw.r1c_nomenclature_current,1,1
Номенклатура — current,яя_Ред Скарлетт грязный РС1Сетка 10кг.,raw.r1c_nomenclature_current,1,1
Номенклатура — current,яя_Ред Скарлетт очищенный в ву 5кг. РАЗДОЛЬЕ,raw.r1c_nomenclature_current,1,1
Номенклатура — current,яя_Ред Соня РС2 Сетка-домик 3кг.,raw.r1c_nomenclature_current,1,1
Номенклатура — current,"яя_Ред Соня РС2 бэби Сетка-домик 1,5кг.",raw.r1c_nomenclature_current,1,1
Номенклатура — current,яя_Ред Соня РС2 бэби Сетка-домик 2кг.,raw.r1c_nomenclature_current,1,1
Номенклатура — current,яя_Ред Соня РС2 грязный Сетка 2.5кг.,raw.r1c_nomenclature_current,1,1
Номенклатура — current,яя_Ред Соня РС2 грязный Сетка 25кг.,raw.r1c_nomenclature_current,1,1
Номенклатура — current,яя_Ред Соня РС2 грязный Сетка 3кг.,raw.r1c_nomenclature_current,1,1
Номенклатура — current,яя_Ред Соня РС2 грязный Сетка 5кг.,raw.r1c_nomenclature_current,1,1
Номенклатура — current,яя_Ред Соня РС2 очищенный в ву 5кг.,raw.r1c_nomenclature_current,1,1
Номенклатура — current,яя_Ред Соня РС2 семена Сетка 25кг.,raw.r1c_nomenclature_current,1,1
Номенклатура — current,яя_Ред Соня РС2 семена биг-бег 1000кг.,raw.r1c_nomenclature_current,1,1
Номенклатура — current,яя_Свекла столовая,raw.r1c_nomenclature_current,1,1
Номенклатура — current,"яя_Северное сияние РС1 Сетка - (домик)1,5 кг.",raw.r1c_nomenclature_current,1,1
Номенклатура — current,яя_Северное сияние РС1 Сетка - (домик)2 кг.,raw.r1c_nomenclature_current,1,1
Номенклатура — current,яя_Северное сияние РС1 грязный Сетка 25кг.,raw.r1c_nomenclature_current,1,1
Номенклатура — current,яя_Северное сияние РС1 грязный Сетка на завязке 25кг.,raw.r1c_nomenclature_current,1,1
Номенклатура — current,яя_Северное сияние РС1 дольки 1кг.,raw.r1c_nomenclature_current,1,1
Номенклатура — current,яя_Северное сияние РС1 дольки 5кг.,raw.r1c_nomenclature_current,1,1
Номенклатура — current,яя_Северное сияние РС1 кубик 1кг.,raw.r1c_nomenclature_current,1,1
Номенклатура — current,яя_Северное сияние РС1 кубик 5кг.,raw.r1c_nomenclature_current,1,1
Номенклатура — current,яя_Северное сияние РС1 очищенный в ву 1кг.,raw.r1c_nomenclature_current,1,1
Номенклатура — current,яя_Северное сияние РС1 очищенный в ву 5кг.,raw.r1c_nomenclature_current,1,1
Номенклатура — current,"яя_Северное сияние РС1 пастеризованный 0,5кг.",raw.r1c_nomenclature_current,1,1
Номенклатура — current,яя_Северное сияние РС2 семена биг-бэг 1000кг.,raw.r1c_nomenclature_current,1,1
Номенклатура — current,яя_Фалькон РС1 Пакет - клипса 1 кг.,raw.r1c_nomenclature_current,1,1
Номенклатура — current,яя_Фалькон РС1 грязный Сетка 10 кг.,raw.r1c_nomenclature_current,1,1
Номенклатура — current,яя_Фалькон РС1 грязный Сетка 25 кг.,raw.r1c_nomenclature_current,1,1
Номенклатура — current,яя_Фалькон РС1 грязный Сетка на завязке 25 кг.,raw.r1c_nomenclature_current,1,1
Номенклатура — current,яя_Фалькон РС1 кубик в ву 1кг,raw.r1c_nomenclature_current,1,1
Номенклатура — current,яя_Фалькон РС1 кубик в ву 5кг,raw.r1c_nomenclature_current,1,1
Номенклатура — current,яя_Фалькон РС1 очищенная в ву 1кг,raw.r1c_nomenclature_current,1,1
Номенклатура — current,яя_Фалькон РС1 очищенная в ву 5кг,raw.r1c_nomenclature_current,1,1
Номенклатура — current,яя_Фалькон РС1 пастеризованная в ву 0.5кг,raw.r1c_nomenclature_current,1,1
Номенклатура — current,яя_Фалькон РС1 пастеризованная в ву 2.5кг,raw.r1c_nomenclature_current,1,1
Номенклатура — current,яя_Фалькон РС1 соломка в ву 1кг,raw.r1c_nomenclature_current,1,1
Номенклатура — current,яя_Фалькон РС1 соломка в ву 5кг,raw.r1c_nomenclature_current,1,1
Номенклатура — current,яя_Фламинго РС0 Биг-бег 1000кг.,raw.r1c_nomenclature_current,1,1
Номенклатура — current,яя_Фламинго РС0 Сетка 25кг.,raw.r1c_nomenclature_current,1,1
Номенклатура — current,яя_Фламинго РС0 Сетка на завязке 25кг.,raw.r1c_nomenclature_current,1,1
Номенклатура — current,"яя_Фламинго РС0 Сетка-домик 2,5кг.",raw.r1c_nomenclature_current,1,1
Номенклатура — current,яя_Фламинго РС0 Сетка-домик 3кг.,raw.r1c_nomenclature_current,1,1
Номенклатура — current,"яя_Фламинго РС0 бэби Сетка-домик 1,5кг.",raw.r1c_nomenclature_current,1,1
Номенклатура — current,яя_Фламинго РС0 бэби Сетка-домик 2кг.,raw.r1c_nomenclature_current,1,1
Номенклатура — current,яя_Фламинго РС0 бэби очищенный в ву 5кг.,raw.r1c_nomenclature_current,1,1
Номенклатура — current,яя_Фламинго РС0 грязный Сетка 10кг.,raw.r1c_nomenclature_current,1,1
Номенклатура — current,яя_Фламинго РС0 грязный Сетка 2.5кг.,raw.r1c_nomenclature_current,1,1
Номенклатура — current,яя_Фламинго РС0 грязный Сетка 25кг.,raw.r1c_nomenclature_current,1,1
Номенклатура — current,яя_Фламинго РС0 грязный Сетка 3кг.,raw.r1c_nomenclature_current,1,1
Номенклатура — current,яя_Фламинго РС0 грязный Сетка 5кг.,raw.r1c_nomenclature_current,1,1
Номенклатура — current,яя_Фламинго РС0 грязный Сетка на завязке 25кг.,raw.r1c_nomenclature_current,1,1
Номенклатура — current,яя_Фламинго РС0 грязный биг-бег 1000кг.,raw.r1c_nomenclature_current,1,1
Номенклатура — current,яя_Фламинго РС0 дольки в ву 1кг,raw.r1c_nomenclature_current,1,1
Номенклатура — current,яя_Фламинго РС0 дольки в ву 5кг,raw.r1c_nomenclature_current,1,1
Номенклатура — current,яя_Фламинго РС0 кубик в ву 1кг,raw.r1c_nomenclature_current,1,1
Номенклатура — current,яя_Фламинго РС0 кубик в ву 5кг,raw.r1c_nomenclature_current,1,1
Номенклатура — current,яя_Фламинго РС0 мытый сетка 2.5кг.,raw.r1c_nomenclature_current,1,1
Номенклатура — current,яя_Фламинго РС0 очищенный в ву 1кг.,raw.r1c_nomenclature_current,1,1
Номенклатура — current,яя_Фламинго РС0 очищенный в ву 5кг.,raw.r1c_nomenclature_current,1,1
Номенклатура — current,"яя_Фламинго РС0 пастеризованный 0,5кг.",raw.r1c_nomenclature_current,1,1
Номенклатура — current,яя_Фламинго РС0 семена Сетка 25кг.,raw.r1c_nomenclature_current,1,1
Номенклатура — current,яя_Фламинго РС0 семена Сетка на завязке 25кг.,raw.r1c_nomenclature_current,1,1
Номенклатура — current,яя_Фламинго РС0 семена биг-бег 1000кг.,raw.r1c_nomenclature_current,1,1
Номенклатура — current,яя_Фламинго РС0 слайс в ву 1кг,raw.r1c_nomenclature_current,1,1
Номенклатура — current,яя_Фламинго РС0 слайс в ву 5кг,raw.r1c_nomenclature_current,1,1
Номенклатура — current,яя_Фламинго РС0 соломка в ву 1кг,raw.r1c_nomenclature_current,1,1
Номенклатура — current,яя_Фламинго РС0 соломка в ву 5кг,raw.r1c_nomenclature_current,1,1
Номенклатура — current,яя_Фламинго РС1 Биг-бег 1000кг.,raw.r1c_nomenclature_current,1,1
Номенклатура — current,яя_Фламинго РС1 Сетка 25кг.,raw.r1c_nomenclature_current,1,1
Номенклатура — current,яя_Фламинго РС1 Сетка на завязке 25кг.,raw.r1c_nomenclature_current,1,1
Номенклатура — current,"яя_Фламинго РС1 Сетка-домик 2,5кг.",raw.r1c_nomenclature_current,1,1
Номенклатура — current,яя_Фламинго РС1 Сетка-домик 3кг.,raw.r1c_nomenclature_current,1,1
Номенклатура — current,"яя_Фламинго РС1 бэби Сетка-домик 1,5кг.",raw.r1c_nomenclature_current,1,1
Номенклатура — current,яя_Фламинго РС1 бэби Сетка-домик 2кг.,raw.r1c_nomenclature_current,1,1
Номенклатура — current,яя_Фламинго РС1 бэби очищенный в ву 5кг.,raw.r1c_nomenclature_current,1,1
Номенклатура — current,яя_Фламинго РС1 грязный Сетка 10кг.,raw.r1c_nomenclature_current,1,1
Номенклатура — current,яя_Фламинго РС1 грязный Сетка 2.5кг.,raw.r1c_nomenclature_current,1,1
Номенклатура — current,яя_Фламинго РС1 грязный Сетка 25кг.,raw.r1c_nomenclature_current,1,1
Номенклатура — current,яя_Фламинго РС1 грязный Сетка 3кг.,raw.r1c_nomenclature_current,1,1
Номенклатура — current,яя_Фламинго РС1 грязный Сетка 5кг.,raw.r1c_nomenclature_current,1,1
Номенклатура — current,яя_Фламинго РС1 грязный Сетка на завязке 25кг.,raw.r1c_nomenclature_current,1,1
Номенклатура — current,яя_Фламинго РС1 грязный биг-бег 1000кг.,raw.r1c_nomenclature_current,1,1
Номенклатура — current,яя_Фламинго РС1 дольки в ву 1кг,raw.r1c_nomenclature_current,1,1
Номенклатура — current,яя_Фламинго РС1 дольки в ву 5кг,raw.r1c_nomenclature_current,1,1
Номенклатура — current,яя_Фламинго РС1 кубик в ву 1кг,raw.r1c_nomenclature_current,1,1
Номенклатура — current,яя_Фламинго РС1 кубик в ву 5кг,raw.r1c_nomenclature_current,1,1
Номенклатура — current,яя_Фламинго РС1 мытый сетка 2.5кг.,raw.r1c_nomenclature_current,1,1
Номенклатура — current,яя_Фламинго РС1 очищенный в ву 1кг.,raw.r1c_nomenclature_current,1,1
Номенклатура — current,яя_Фламинго РС1 очищенный в ву 5кг.,raw.r1c_nomenclature_current,1,1
Номенклатура — current,"яя_Фламинго РС1 пастеризованный 0,5кг.",raw.r1c_nomenclature_current,1,1
Номенклатура — current,яя_Фламинго РС1 семена Сетка 25кг.,raw.r1c_nomenclature_current,1,1
Номенклатура — current,яя_Фламинго РС1 семена Сетка на завязке 25кг.,raw.r1c_nomenclature_current,1,1
Номенклатура — current,яя_Фламинго РС1 семена биг-бег 1000кг.,raw.r1c_nomenclature_current,1,1
Номенклатура — current,яя_Фламинго РС1 слайс в ву 1кг,raw.r1c_nomenclature_current,1,1
Номенклатура — current,яя_Фламинго РС1 слайс в ву 5кг,raw.r1c_nomenclature_current,1,1
Номенклатура — current,яя_Фламинго РС1 соломка в ву 1кг,raw.r1c_nomenclature_current,1,1
Номенклатура — current,яя_Фламинго РС1 соломка в ву 5кг,raw.r1c_nomenclature_current,1,1
Номенклатура — current,яя_Фламинго РС2 очищенный в ву 5кг,raw.r1c_nomenclature_current,1,1
Номенклатура — current,яя_Фламинго РС2 семена Сетка 25кг.,raw.r1c_nomenclature_current,1,1
Номенклатура — current,яя_Фламинго РС2 семена Сетка на завязке 25кг.,raw.r1c_nomenclature_current,1,1
Номенклатура — current,яя_Чеснок ГригорийКомаров 1 репродукции сетка-чулок 3шт без коробки,raw.r1c_nomenclature_current,1,1
Номенклатура — current,яяя_1 сорт Аметист РС0 стандарт нельзя мыть,raw.r1c_nomenclature_current,1,1
Номенклатура — current,яяя_1 сорт Аметист РС7 стандарт нельзя мыть,raw.r1c_nomenclature_current,1,1
Номенклатура — current,яяя_1 сорт Балтик Роуз РС1 стандарт нельзя мыть,raw.r1c_nomenclature_current,1,1
Номенклатура — current,яяя_1 сорт БеллаРоза РС2 стандарт нельзя мыть,raw.r1c_nomenclature_current,1,1
Номенклатура — current,яяя_1 сорт Вега РС1 стандарт нельзя мыть,raw.r1c_nomenclature_current,1,1
Номенклатура — current,яяя_1 сорт Вэнди РС2 стандарт нельзя мыть,raw.r1c_nomenclature_current,1,1
Номенклатура — current,яяя_1 сорт Гала РС1 стандарт нельзя мыть,raw.r1c_nomenclature_current,1,1
Номенклатура — current,яяя_1 сорт Гала РС2 стандарт нельзя мыть,raw.r1c_nomenclature_current,1,1
Номенклатура — current,яяя_1 сорт Индиго РС0 стандарт нельзя мыть,raw.r1c_nomenclature_current,1,1
Номенклатура — current,яяя_1 сорт Индиго РС1 стандарт нельзя мыть,raw.r1c_nomenclature_current,1,1
Номенклатура — current,яяя_1 сорт Кармен РС1 стандарт нельзя мыть,raw.r1c_nomenclature_current,1,1
Номенклатура — current,яяя_1 сорт Коломба РС1 стандарт не мытый,raw.r1c_nomenclature_current,1,1
Номенклатура — current,яяя_1 сорт Коломба РС2 стандарт нельзя мыть,raw.r1c_nomenclature_current,1,1
Номенклатура — current,яяя_1 сорт РедСкарлетт РС1 стандарт нельзя мыть,raw.r1c_nomenclature_current,1,1
Номенклатура — current,яяя_1 сорт Северное сияние РС1 стандарт нельзя мыть,raw.r1c_nomenclature_current,1,1
Номенклатура — current,яяя_1 сорт Фламинго РС1 стандарт нельзя мыть,raw.r1c_nomenclature_current,1,1
Номенклатура — current,яяя_Вэнди РС2 семена Сетка рулон 25кг.,raw.r1c_nomenclature_current,1,1
Номенклатура — current,"яяя_Гала РС1 грязный Сетка на завязке 25кг.(2 сорт, мелкий)",raw.r1c_nomenclature_current,1,1
Номенклатура — current,"яяя_Гала РС2 грязный Сетка на завязке 25кг.(2 сорт, мелкий)",raw.r1c_nomenclature_current,1,1
Номенклатура — current,яяя_Гала РС2 мытый сетка 2.5кг.,raw.r1c_nomenclature_current,1,1
Номенклатура — current,яяя_Индиго РС1 Сетка - (домик) 2 кг,raw.r1c_nomenclature_current,1,1
Номенклатура — current,яяя_Коломба РС1 мытый сетка 2.5кг.,raw.r1c_nomenclature_current,1,1
Номенклатура — current,"яяя_Коломбо РС2 грязный Сетка на завязке 25кг. (2 сорт, мелкий)",raw.r1c_nomenclature_current,1,1
Номенклатура — current,яяя_Северное сияние РС1 Сетка - (домик)2 кг.,raw.r1c_nomenclature_current,1,1
Номенклатура — исходный каталог, NPKS 10.20.30.5,raw.catalog_номенклатура,1,1
Номенклатура — исходный каталог, NPKS 5.15.30.5,raw.catalog_номенклатура,1,1
Номенклатура — исходный каталог," Право использования  ""1С Комплект поддержки""",raw.catalog_номенклатура,1,1
Номенклатура — исходный каталог," Право использования  ""1С Контрагент"",Система Главбух",raw.catalog_номенклатура,1,1
Номенклатура — исходный каталог, Право использования программы для ЭВМ Контур ED,raw.catalog_номенклатура,1,1
Номенклатура — исходный каталог, Право использования программы для ЭВМ Контур Доверенность,raw.catalog_номенклатура,1,1
Номенклатура — исходный каталог," Право использования электронной подписи в системи ""1С подпись""",raw.catalog_номенклатура,1,1
Номенклатура — исходный каталог," Сендвич н.з.+н.м. 0,8 мм 300/200 1 метр (конденсат)",raw.catalog_номенклатура,1,1
Номенклатура — исходный каталог,"(не использовать) Премиум картофель северное сияние 1 репродукции мытый сетка домик 1,5 кг",raw.catalog_номенклатура,1,1
Номенклатура — исходный каталог,(не использовать) Чеснок Российский очищенный 1 кг,raw.catalog_номенклатура,1,1
Номенклатура — исходный каталог,(не использовать) Чеснок Российский сетка 25 кг,raw.catalog_номенклатура,1,1
Номенклатура — исходный каталог,(не использовать) Чеснок Российский сетка-чулок 1 шт,raw.catalog_номенклатура,1,1
Номенклатура — исходный каталог,(не использовать)Наполнитель биг-бэгов NB-1,raw.catalog_номенклатура,1,1
Номенклатура — исходный каталог,"(не использовать)Премиум картофель северное сияние 1 репродукции мытый сетка домик 1,5 кг",raw.catalog_номенклатура,1,1
Номенклатура — исходный каталог,(не использовать)Премиум картофель северное сияние 1 репродукции мытый сетка домик 25 кг,raw.catalog_номенклатура,1,1
Номенклатура — исходный каталог,(не использовать)Премиум картофель северное сияние 1 репродукции нарезанный дольками 1 кг,raw.catalog_номенклатура,1,1
Номенклатура — исходный каталог,(не использовать)Премиум картофель северное сияние 1 репродукции нарезанный дольками 5 кг,raw.catalog_номенклатура,1,1
Номенклатура — исходный каталог,(не использовать)Премиум картофель северное сияние 1 репродукции нарезанный кубиком 1 кг,raw.catalog_номенклатура,1,1
Номенклатура — исходный каталог,(не использовать)Премиум картофель северное сияние 1 репродукции нарезанный кубиком 5 кг,raw.catalog_номенклатура,1,1
Номенклатура — исходный каталог,(не использовать)Премиум картофель северное сияние 1 репродукции нарезанный слайсами 1 кг,raw.catalog_номенклатура,1,1
Номенклатура — исходный каталог,(не использовать)Премиум картофель северное сияние 1 репродукции нарезанный слайсами 5 кг,raw.catalog_номенклатура,1,1
Номенклатура — исходный каталог,(не использовать)Премиум картофель северное сияние 1 репродукции не мытый сетка домик 25 кг,raw.catalog_номенклатура,1,1
Номенклатура — исходный каталог,"(не использовать)Премиум картофель северное сияние 1 репродукции очищенный 0,5 кг",raw.catalog_номенклатура,1,1
Номенклатура — исходный каталог,(не использовать)Премиум картофель северное сияние 1 репродукции очищенный 1 кг,raw.catalog_номенклатура,1,1
Номенклатура — исходный каталог,(не использовать)Премиум картофель северное сияние 1 репродукции очищенный 5 кг,raw.catalog_номенклатура,1,1
Номенклатура — исходный каталог,"(не использовать)Премиум картофель северное сияние 1 репродукции пастеризованный 0,5 кг",raw.catalog_номенклатура,1,1
Номенклатура — исходный каталог,(не использовать)Премиум картофель северное сияние 1 репродукции пастеризованный 1 кг,raw.catalog_номенклатура,1,1
Номенклатура — исходный каталог,"(не использовать)Премиум картофель северное сияние 1 репродукции пастеризованный 2,5 кг",raw.catalog_номенклатура,1,1
Номенклатура — исходный каталог,(не использовать)Премиум картофель северное сияние 2 репродукции мытый сетка домик 25 кг,raw.catalog_номенклатура,1,1
Номенклатура — исходный каталог,(не использовать)Премиум картофель северное сияние 2 репродукции нарезанный дольками 1 кг,raw.catalog_номенклатура,1,1
Номенклатура — исходный каталог,(не использовать)Премиум картофель северное сияние 2 репродукции нарезанный дольками 5 кг,raw.catalog_номенклатура,1,1
Номенклатура — исходный каталог,(не использовать)Премиум картофель северное сияние 2 репродукции нарезанный кубиком 1 кг,raw.catalog_номенклатура,1,1
Номенклатура — исходный каталог,(не использовать)Премиум картофель северное сияние 2 репродукции нарезанный кубиком 5 кг,raw.catalog_номенклатура,1,1
Номенклатура — исходный каталог,(не использовать)Премиум картофель северное сияние 2 репродукции нарезанный слайсами 1 кг,raw.catalog_номенклатура,1,1
Номенклатура — исходный каталог,(не использовать)Премиум картофель северное сияние 2 репродукции нарезанный слайсами 5 кг,raw.catalog_номенклатура,1,1
Номенклатура — исходный каталог,(не использовать)Премиум картофель северное сияние 2 репродукции не мытый сетка домик 25 кг,raw.catalog_номенклатура,1,1
Номенклатура — исходный каталог,"(не использовать)Премиум картофель северное сияние 2 репродукции очищенный 0,5 кг",raw.catalog_номенклатура,1,1
Номенклатура — исходный каталог,(не использовать)Премиум картофель северное сияние 2 репродукции очищенный 1 кг,raw.catalog_номенклатура,1,1
Номенклатура — исходный каталог,(не использовать)Премиум картофель северное сияние 2 репродукции очищенный 5 кг,raw.catalog_номенклатура,1,1
Номенклатура — исходный каталог,"(не использовать)Премиум картофель северное сияние 2 репродукции пастеризованный 0,5 кг",raw.catalog_номенклатура,1,1
Номенклатура — исходный каталог,(не использовать)Премиум картофель северное сияние 2 репродукции пастеризованный 1 кг,raw.catalog_номенклатура,1,1
Номенклатура — исходный каталог,"(не использовать)Премиум картофель северное сияние 2 репродукции пастеризованный 2,5 кг",raw.catalog_номенклатура,1,1
Номенклатура — исходный каталог,(не использовать)Чеснок Российский сетка-чулок 3 шт,raw.catalog_номенклатура,1,1
Номенклатура — исходный каталог,1 сорт Балтик Роуз РС2 мелкий без полива,raw.catalog_номенклатура,1,1
Номенклатура — исходный каталог,1 сорт Балтик Роуз РС2 мелкий полив,raw.catalog_номенклатура,1,1
Номенклатура — исходный каталог,1 сорт Балтик Роуз РС2 стандарт без полива,raw.catalog_номенклатура,1,1
Номенклатура — исходный каталог,1 сорт Балтик Роуз РС2 стандарт полив,raw.catalog_номенклатура,1,1
Номенклатура — исходный каталог,1 сорт Балтик Роуз РС3 мелкий без полива,raw.catalog_номенклатура,1,1
Номенклатура — исходный каталог,1 сорт Балтик Роуз РС3 мелкий полив,raw.catalog_номенклатура,1,1
Номенклатура — исходный каталог,1 сорт Балтик Роуз РС3 стандарт без полива,raw.catalog_номенклатура,1,1
Номенклатура — исходный каталог,1 сорт Балтик Роуз РС3 стандарт полив,raw.catalog_номенклатура,1,1
Номенклатура — исходный каталог,1 сорт Вега РС3  мелкий без полива,raw.catalog_номенклатура,1,1
Номенклатура — исходный каталог,1 сорт Вега РС3  мелкий полив,raw.catalog_номенклатура,1,1
Номенклатура — исходный каталог,1 сорт Вега РС3  стандарт без полива,raw.catalog_номенклатура,1,1
Номенклатура — исходный каталог,1 сорт Вега РС3  стандарт полив,raw.catalog_номенклатура,1,1
Номенклатура — исходный каталог,1 сорт Вэнди РС1 мелкий без полива,raw.catalog_номенклатура,1,1
Номенклатура — исходный каталог,1 сорт Вэнди РС1 мелкий полив,raw.catalog_номенклатура,1,1
Номенклатура — исходный каталог,1 сорт Вэнди РС1 стандарт без полива,raw.catalog_номенклатура,1,1
Номенклатура — исходный каталог,1 сорт Вэнди РС1 стандарт полив,raw.catalog_номенклатура,1,1
Номенклатура — исходный каталог,1 сорт Вэнди РС4 мелкий без полива,raw.catalog_номенклатура,1,1
Номенклатура — исходный каталог,1 сорт Вэнди РС4 мелкий полив,raw.catalog_номенклатура,1,1
Номенклатура — исходный каталог,1 сорт Вэнди РС4 стандарт без полива,raw.catalog_номенклатура,1,1
Номенклатура — исходный каталог,1 сорт Вэнди РС4 стандарт полив,raw.catalog_номенклатура,1,1
Номенклатура — исходный каталог,1 сорт Гала РС1 мелкий без полива,raw.catalog_номенклатура,1,1
Номенклатура — исходный каталог,1 сорт Гала РС1 мелкий полив,raw.catalog_номенклатура,1,1
Номенклатура — исходный каталог,1 сорт Гала РС1 стандарт без полива,raw.catalog_номенклатура,1,1
Номенклатура — исходный каталог,1 сорт Гала РС1 стандарт полив,raw.catalog_номенклатура,1,1
Номенклатура — исходный каталог,1 сорт Гала РС2 мелкий без полива,raw.catalog_номенклатура,1,1
Номенклатура — исходный каталог,1 сорт Гала РС2 мелкий полив,raw.catalog_номенклатура,1,1
Номенклатура — исходный каталог,1 сорт Гала РС2 стандарт без полива,raw.catalog_номенклатура,1,1
Номенклатура — исходный каталог,1 сорт Гала РС2 стандарт полив,raw.catalog_номенклатура,1,1
Номенклатура — исходный каталог,1 сорт Гала РС3 мелкий без полива,raw.catalog_номенклатура,1,1
Номенклатура — исходный каталог,1 сорт Гала РС3 мелкий полив,raw.catalog_номенклатура,1,1
Номенклатура — исходный каталог,1 сорт Гала РС3 стандарт без полива,raw.catalog_номенклатура,1,1
Номенклатура — исходный каталог,1 сорт Гала РС3 стандарт полив,raw.catalog_номенклатура,1,1
Номенклатура — исходный каталог,1 сорт Индиго РС3 мелкий без полива,raw.catalog_номенклатура,1,1
Номенклатура — исходный каталог,1 сорт Индиго РС3 мелкий полив,raw.catalog_номенклатура,1,1
Номенклатура — исходный каталог,1 сорт Индиго РС3 стандарт без полива,raw.catalog_номенклатура,1,1
Номенклатура — исходный каталог,1 сорт Индиго РС3 стандарт полив,raw.catalog_номенклатура,1,1
Номенклатура — исходный каталог,1 сорт Кармен РС2 мелкий без полива,raw.catalog_номенклатура,1,1
Номенклатура — исходный каталог,1 сорт Кармен РС2 мелкий полив,raw.catalog_номенклатура,1,1
Номенклатура — исходный каталог,1 сорт Кармен РС2 стандарт без полива,raw.catalog_номенклатура,1,1
Номенклатура — исходный каталог,1 сорт Кармен РС2 стандарт полив,raw.catalog_номенклатура,1,1
Номенклатура — исходный каталог,1 сорт Кармен РС3 мелкий без полива,raw.catalog_номенклатура,1,1
Номенклатура — исходный каталог,1 сорт Кармен РС3 мелкий полив,raw.catalog_номенклатура,1,1
Номенклатура — исходный каталог,1 сорт Кармен РС3 стандарт без полива,raw.catalog_номенклатура,1,1
Номенклатура — исходный каталог,1 сорт Кармен РС3 стандарт полив,raw.catalog_номенклатура,1,1
Номенклатура — исходный каталог,1 сорт Коломба РС1 мелкий без полива,raw.catalog_номенклатура,1,1
Номенклатура — исходный каталог,1 сорт Коломба РС1 мелкий полив,raw.catalog_номенклатура,1,1
Номенклатура — исходный каталог,1 сорт Коломба РС1 стандарт без полива,raw.catalog_номенклатура,1,1
Номенклатура — исходный каталог,1 сорт Коломба РС1 стандарт полив,raw.catalog_номенклатура,1,1
Номенклатура — исходный каталог,1 сорт Коломба РС2 мелкий без полива,raw.catalog_номенклатура,1,1
Номенклатура — исходный каталог,1 сорт Коломба РС2 мелкий полив,raw.catalog_номенклатура,1,1
Номенклатура — исходный каталог,1 сорт Коломба РС2 стандарт без полива,raw.catalog_номенклатура,1,1
Номенклатура — исходный каталог,1 сорт Коломба РС2 стандарт полив,raw.catalog_номенклатура,1,1
Номенклатура — исходный каталог,1 сорт Любаша РС1 стандарт без полива,raw.catalog_номенклатура,1,1
Номенклатура — исходный каталог,1 сорт Любаша РС1 стандарт полив,raw.catalog_номенклатура,1,1
Номенклатура — исходный каталог,1 сорт Мадейра РС2 мелкий без полива,raw.catalog_номенклатура,1,1
Номенклатура — исходный каталог,1 сорт Мадейра РС2 мелкий полив,raw.catalog_номенклатура,1,1
Номенклатура — исходный каталог,1 сорт Мадейра РС2 стандарт без полива,raw.catalog_номенклатура,1,1
Номенклатура — исходный каталог,1 сорт Мадейра РС2 стандарт полив,raw.catalog_номенклатура,1,1
Номенклатура — исходный каталог,1 сорт Северное сияние РС3 мелкий без полива,raw.catalog_номенклатура,1,1
Номенклатура — исходный каталог,1 сорт Северное сияние РС3 мелкий полив,raw.catalog_номенклатура,1,1
Номенклатура — исходный каталог,1 сорт Северное сияние РС3 стандарт без полива,raw.catalog_номенклатура,1,1
Номенклатура — исходный каталог,1 сорт Северное сияние РС3 стандарт полив,raw.catalog_номенклатура,1,1
Номенклатура — исходный каталог,1 сорт Фламинго РС1 мелкий без полива,raw.catalog_номенклатура,1,1
Номенклатура — исходный каталог,1 сорт Фламинго РС1 мелкий полив,raw.catalog_номенклатура,1,1
Номенклатура — исходный каталог,1 сорт Фламинго РС1 стандарт без полива,raw.catalog_номенклатура,1,1
Номенклатура — исходный каталог,1 сорт Фламинго РС1 стандарт полив,raw.catalog_номенклатура,1,1
Номенклатура — исходный каталог,2 сорт Балтик Роуз РС2 мелкий без полива,raw.catalog_номенклатура,1,1
Номенклатура — исходный каталог,2 сорт Балтик Роуз РС2 мелкий полив,raw.catalog_номенклатура,1,1
Номенклатура — исходный каталог,2 сорт Балтик Роуз РС2 стандарт без полива,raw.catalog_номенклатура,1,1
Номенклатура — исходный каталог,2 сорт Балтик Роуз РС2 стандарт полив,raw.catalog_номенклатура,1,1
Номенклатура — исходный каталог,2 сорт Балтик Роуз РС3 мелкий без полива,raw.catalog_номенклатура,1,1
Номенклатура — исходный каталог,2 сорт Балтик Роуз РС3 мелкий полив,raw.catalog_номенклатура,1,1
Номенклатура — исходный каталог,2 сорт Балтик Роуз РС3 стандарт без полива,raw.catalog_номенклатура,1,1
Номенклатура — исходный каталог,2 сорт Балтик Роуз РС3 стандарт полив,raw.catalog_номенклатура,1,1
Номенклатура — исходный каталог,2 сорт Вега РС3  мелкий без полива,raw.catalog_номенклатура,1,1
Номенклатура — исходный каталог,2 сорт Вега РС3  мелкий полив,raw.catalog_номенклатура,1,1
Номенклатура — исходный каталог,2 сорт Вега РС3  стандарт без полива,raw.catalog_номенклатура,1,1
Номенклатура — исходный каталог,2 сорт Вега РС3  стандарт полив,raw.catalog_номенклатура,1,1
Номенклатура — исходный каталог,2 сорт Вэнди РС1 мелкий без полива,raw.catalog_номенклатура,1,1
Номенклатура — исходный каталог,2 сорт Вэнди РС1 мелкий полив,raw.catalog_номенклатура,1,1
Номенклатура — исходный каталог,2 сорт Вэнди РС1 стандарт без полива,raw.catalog_номенклатура,1,1
Номенклатура — исходный каталог,2 сорт Вэнди РС1 стандарт полив,raw.catalog_номенклатура,1,1
Номенклатура — исходный каталог,2 сорт Вэнди РС4 мелкий без полива,raw.catalog_номенклатура,1,1
Номенклатура — исходный каталог,2 сорт Вэнди РС4 мелкий полив,raw.catalog_номенклатура,1,1
Номенклатура — исходный каталог,2 сорт Вэнди РС4 стандарт без полива,raw.catalog_номенклатура,1,1
Номенклатура — исходный каталог,2 сорт Вэнди РС4 стандарт полив,raw.catalog_номенклатура,1,1
Номенклатура — исходный каталог,2 сорт Гала РС1 мелкий без полива,raw.catalog_номенклатура,1,1
Номенклатура — исходный каталог,2 сорт Гала РС1 мелкий полив,raw.catalog_номенклатура,1,1
Номенклатура — исходный каталог,2 сорт Гала РС1 стандарт без полива,raw.catalog_номенклатура,1,1
Номенклатура — исходный каталог,2 сорт Гала РС1 стандарт полив,raw.catalog_номенклатура,1,1
Номенклатура — исходный каталог,2 сорт Гала РС2 мелкий без полива,raw.catalog_номенклатура,1,1
Номенклатура — исходный каталог,2 сорт Гала РС2 мелкий полив,raw.catalog_номенклатура,1,1
Номенклатура — исходный каталог,2 сорт Гала РС2 стандарт без полива,raw.catalog_номенклатура,1,1
Номенклатура — исходный каталог,2 сорт Гала РС2 стандарт полив,raw.catalog_номенклатура,1,1
Номенклатура — исходный каталог,2 сорт Гала РС3 мелкий без полива,raw.catalog_номенклатура,1,1
Номенклатура — исходный каталог,2 сорт Гала РС3 мелкий полив,raw.catalog_номенклатура,1,1
Номенклатура — исходный каталог,2 сорт Гала РС3 стандарт без полива,raw.catalog_номенклатура,1,1
Номенклатура — исходный каталог,2 сорт Гала РС3 стандарт полив,raw.catalog_номенклатура,1,1
Номенклатура — исходный каталог,2 сорт Индиго РС3 мелкий без полива,raw.catalog_номенклатура,1,1
Номенклатура — исходный каталог,2 сорт Индиго РС3 мелкий полив,raw.catalog_номенклатура,1,1
Номенклатура — исходный каталог,2 сорт Индиго РС3 стандарт без полива,raw.catalog_номенклатура,1,1
Номенклатура — исходный каталог,2 сорт Индиго РС3 стандарт полив,raw.catalog_номенклатура,1,1
Номенклатура — исходный каталог,2 сорт Кармен РС2 мелкий без полива,raw.catalog_номенклатура,1,1
Номенклатура — исходный каталог,2 сорт Кармен РС2 мелкий полив,raw.catalog_номенклатура,1,1
Номенклатура — исходный каталог,2 сорт Кармен РС2 стандарт без полива,raw.catalog_номенклатура,1,1
Номенклатура — исходный каталог,2 сорт Кармен РС2 стандарт полив,raw.catalog_номенклатура,1,1
Номенклатура — исходный каталог,2 сорт Кармен РС3 мелкий без полива,raw.catalog_номенклатура,1,1
Номенклатура — исходный каталог,2 сорт Кармен РС3 мелкий полив,raw.catalog_номенклатура,1,1
Номенклатура — исходный каталог,2 сорт Кармен РС3 стандарт без полива,raw.catalog_номенклатура,1,1
Номенклатура — исходный каталог,2 сорт Кармен РС3 стандарт полив,raw.catalog_номенклатура,1,1
Номенклатура — исходный каталог,2 сорт Коломба РС1 мелкий без полива,raw.catalog_номенклатура,1,1
Номенклатура — исходный каталог,2 сорт Коломба РС1 мелкий полив,raw.catalog_номенклатура,1,1
Номенклатура — исходный каталог,2 сорт Коломба РС1 стандарт без полива,raw.catalog_номенклатура,1,1
Номенклатура — исходный каталог,2 сорт Коломба РС1 стандарт полив,raw.catalog_номенклатура,1,1
Номенклатура — исходный каталог,2 сорт Коломба РС2 мелкий без полива,raw.catalog_номенклатура,1,1
Номенклатура — исходный каталог,2 сорт Коломба РС2 мелкий полив,raw.catalog_номенклатура,1,1
Номенклатура — исходный каталог,2 сорт Коломба РС2 стандарт без полива,raw.catalog_номенклатура,1,1
Номенклатура — исходный каталог,2 сорт Коломба РС2 стандарт полив,raw.catalog_номенклатура,1,1
Номенклатура — исходный каталог,2 сорт Мадейра РС2 мелкий без полива,raw.catalog_номенклатура,1,1
Номенклатура — исходный каталог,2 сорт Мадейра РС2 мелкий полив,raw.catalog_номенклатура,1,1
Номенклатура — исходный каталог,2 сорт Мадейра РС2 стандарт без полива,raw.catalog_номенклатура,1,1
Номенклатура — исходный каталог,2 сорт Мадейра РС2 стандарт полив,raw.catalog_номенклатура,1,1
Номенклатура — исходный каталог,2 сорт Северное сияние РС3 мелкий без полива,raw.catalog_номенклатура,1,1
Номенклатура — исходный каталог,2 сорт Северное сияние РС3 мелкий полив,raw.catalog_номенклатура,1,1
Номенклатура — исходный каталог,2 сорт Северное сияние РС3 стандарт без полива,raw.catalog_номенклатура,1,1
Номенклатура — исходный каталог,2 сорт Северное сияние РС3 стандарт полив,raw.catalog_номенклатура,1,1
Номенклатура — исходный каталог,2 сорт Фламинго РС1 мелкий без полива,raw.catalog_номенклатура,1,1
Номенклатура — исходный каталог,2 сорт Фламинго РС1 мелкий полив,raw.catalog_номенклатура,1,1
Номенклатура — исходный каталог,2 сорт Фламинго РС1 стандарт без полива,raw.catalog_номенклатура,1,1
Номенклатура — исходный каталог,2 сорт Фламинго РС1 стандарт полив,raw.catalog_номенклатура,1,1
Номенклатура — исходный каталог,"790 GX 100/500,ирригатор катушечный",raw.catalog_номенклатура,1,1
Номенклатура — исходный каталог,<Рабочее наименование будет сформировано по шаблону>,raw.catalog_номенклатура,1,1
Номенклатура — исходный каталог,"IP-камера цилиндрическая  DS-1200 С (2,8мм)",raw.catalog_номенклатура,1,1
Номенклатура — исходный каталог,"IP-телекамера  DS-1200В (2,8мм)",raw.catalog_номенклатура,1,1
Номенклатура — исходный каталог,IP-телекамера  DS-1200В (4мм),raw.catalog_номенклатура,1,1
Номенклатура — исходный каталог,IP-телекамера  DS-1400 (4мм),raw.catalog_номенклатура,1,1
Номенклатура — исходный каталог,IP-телекамера  DS-1400 (6мм),raw.catalog_номенклатура,1,1
Номенклатура — исходный каталог,IP-телекамера  DS-1456,raw.catalog_номенклатура,1,1
Номенклатура — исходный каталог,IP-телекамера уличная  DS-1450 (6мм),raw.catalog_номенклатура,1,1
Номенклатура — исходный каталог,Ippon Back Basic 1050(403407) ИБП,raw.catalog_номенклатура,1,1
Номенклатура — исходный каталог,ParLan UUTP Cat5e 4*20*0.52 PVC,raw.catalog_номенклатура,1,1
Номенклатура — исходный каталог,АКБ Тюмень 60А/Ч,raw.catalog_номенклатура,1,1
Номенклатура — исходный каталог,АМКО Универсал 12-12-36+ТЕ ,raw.catalog_номенклатура,1,1
Номенклатура — исходный каталог,АМКО Универсал 20-20-20+ТЕ ,raw.catalog_номенклатура,1,1
Номенклатура — исходный каталог,АОС E2270SWN 21.5*монитор,raw.catalog_номенклатура,1,1
Номенклатура — исходный каталог,АПК_Погрузочно-разгрузочные работы,raw.catalog_номенклатура,1,1
Номенклатура — исходный каталог,АРХИВ,raw.catalog_номенклатура,1,1
Номенклатура — исходный каталог,Абига-Пик Инсектицид ,raw.catalog_номенклатура,1,1
Номенклатура — исходный каталог,Абонентский терминал УМКа302.BС2,raw.catalog_номенклатура,1,1
Номенклатура — исходный каталог,Абонентский терминал УМКа310.BR,raw.catalog_номенклатура,1,1
Номенклатура — исходный каталог,Абонирование ячейки абонементного почтового шкафа,raw.catalog_номенклатура,1,1
Номенклатура — исходный каталог,Абруста Инсектицид ,raw.catalog_номенклатура,1,1
Номенклатура — исходный каталог,Аваксс Инсектицид ,raw.catalog_номенклатура,1,1
Номенклатура — исходный каталог,Авант Инсектицид ,raw.catalog_номенклатура,1,1
Номенклатура — исходный каталог,Авиаль Инсектицид ,raw.catalog_номенклатура,1,1
Номенклатура — исходный каталог,Автолампа H7 Bosch,raw.catalog_номенклатура,1,1
Номенклатура — исходный каталог,"Автоматическая сеткозашивочная машина R-2 (вибрация горловины,вибрация мешка0",raw.catalog_номенклатура,1,1
Номенклатура — исходный каталог,"Автоматическая упаковочная машина для упаковки типа ""домик"" SP M-3000",raw.catalog_номенклатура,1,1
Номенклатура — исходный каталог,Автоматический выключатель 2-х полосный,raw.catalog_номенклатура,1,1
Номенклатура — исходный каталог,"Автопилот СНС, NX510SE",raw.catalog_номенклатура,1,1
Номенклатура — исходный каталог,"Автошина 245/70R16 Salun ""ш""",raw.catalog_номенклатура,1,1
Номенклатура — исходный каталог,Автошина 420/70R24 NORTEC AC 200 TL,raw.catalog_номенклатура,1,1
Номенклатура — исходный каталог,Автошина Агро 150D/153АВ  TL AGRO RAD,raw.catalog_номенклатура,1,1
Номенклатура — исходный каталог,Автошина Агро 170D/173АВ  TL AGRO RAD,raw.catalog_номенклатура,1,1
Номенклатура — исходный каталог,Автошина КАМА 185/75 R16C,raw.catalog_номенклатура,1,1
Номенклатура — исходный каталог,Автошина КАМА 225/70 R15C,raw.catalog_номенклатура,1,1
Номенклатура — исходный каталог,Автошина КОРДИАНТ 225/70/15 G112|110C Бизнес CW-2 Ш,raw.catalog_номенклатура,1,1
Номенклатура — исходный каталог,Автошина КОРДИАНТ 225/70/15 G112|110C Бизнес CА-1,raw.catalog_номенклатура,1,1
Номенклатура — исходный каталог,Автошина710/70R38 NORTEC TA-01 инд.166/169 TL Пов.,raw.catalog_номенклатура,1,1
Номенклатура — исходный каталог,Агент Инсектицид ,raw.catalog_номенклатура,1,1
Номенклатура — исходный каталог,Агентское вознагрождение,raw.catalog_номенклатура,1,1
Номенклатура — исходный каталог,"Агрегатирование, наладка комбайна",raw.catalog_номенклатура,1,1
Номенклатура — исходный каталог,Агрегатироование ,raw.catalog_номенклатура,1,1
Номенклатура — исходный каталог,Агротех-Гарант-Альтин Инсектицид ,raw.catalog_номенклатура,1,1
Номенклатура — исходный каталог,Адаптер СНС для Lovol Most models,raw.catalog_номенклатура,1,1
Номенклатура — исходный каталог,"Адаптер котла н.з.+н.м. 0,8 мм 300/200 (конденсат)",raw.catalog_номенклатура,1,1
Номенклатура — исходный каталог,Адванс Инсектицид ,raw.catalog_номенклатура,1,1
Номенклатура — исходный каталог,Адексар Инсектицид ,raw.catalog_номенклатура,1,1
Номенклатура — исходный каталог,Административная перевозка,raw.catalog_номенклатура,1,1
Номенклатура — исходный каталог,Адью Ж гербицид,raw.catalog_номенклатура,1,1
Номенклатура — исходный каталог,Азорит Инсектицид ,raw.catalog_номенклатура,1,1
Номенклатура — исходный каталог,Азорро Инсектицид ,raw.catalog_номенклатура,1,1
Номенклатура — исходный каталог,Азотные удобрения (N),raw.catalog_номенклатура,1,1
Номенклатура — исходный каталог,Азотофосфат NP 33.2,raw.catalog_номенклатура,1,1
Номенклатура — исходный каталог,Азофоска (нитроаммофоска) NPKS 21.12.12.3,raw.catalog_номенклатура,1,1
Номенклатура — исходный каталог,Айвенго Инсектицид ,raw.catalog_номенклатура,1,1
Номенклатура — исходный каталог,Аканто Плюс Инсектицид ,raw.catalog_номенклатура,1,1
Номенклатура — исходный каталог,Акарин Инсектицид,raw.catalog_номенклатура,1,1
Номенклатура — исходный каталог,Акварин № 12 (12:12:35:1)20кг,raw.catalog_номенклатура,1,1
Номенклатура — исходный каталог,Акварин №5 (18-18-18-2)20кг,raw.catalog_номенклатура,1,1
Номенклатура — исходный каталог,Акиба Инсектицид,raw.catalog_номенклатура,1,1
Номенклатура — исходный каталог,Аккорд Инсектицид,raw.catalog_номенклатура,1,1
Номенклатура — исходный каталог,Аккумулятор AFA 100Ач 830А обратный,raw.catalog_номенклатура,1,1
Номенклатура — исходный каталог,Аккумулятор AFA 91Ач 740А обратный,raw.catalog_номенклатура,1,1
Номенклатура — исходный каталог,Аккумулятор EXCLUSVE 190 А/ч под болт 6СТ190,raw.catalog_номенклатура,1,1
Номенклатура — исходный каталог,Аккумулятор KAR H4,raw.catalog_номенклатура,1,1
Номенклатура — исходный каталог,Аккумулятор KARHU 190Ач 6СТ190,raw.catalog_номенклатура,1,1
Номенклатура — исходный каталог,Аккумулятор герметичный свинцово-кислотный 12В 12Ач,raw.catalog_номенклатура,1,1
Номенклатура — исходный каталог,"Акробат МЦ, ВДГ (600+90г/кг)",raw.catalog_номенклатура,1,1
Номенклатура — исходный каталог,Актара 041-01-170-1 Инсектицид,raw.catalog_номенклатура,1,1
Номенклатура — исходный каталог,Актара 2083-10-101-018-0-1-1-1 Инсектицид,raw.catalog_номенклатура,1,1
Номенклатура — исходный каталог,Активная пена для бесконтактной мойки,raw.catalog_номенклатура,1,1
Номенклатура — исходный каталог,Алатар Инсектицид,raw.catalog_номенклатура,1,1
Номенклатура — исходный каталог,Алиос Инсектицид,raw.catalog_номенклатура,1,1
Номенклатура — исходный каталог,Алиот Инсектицид,raw.catalog_номенклатура,1,1
Номенклатура — исходный каталог,Алирин-Б 1449-09-107-214(215)-0-0-3-0 Инсектицид,raw.catalog_номенклатура,1,1
Номенклатура — исходный каталог,Алирин-Б 2117-10-307-214(215)(434)-0-0-3-0 Инсектицид,raw.catalog_номенклатура,1,1
Номенклатура — исходный каталог,АлтАльф Инсектицид,raw.catalog_номенклатура,1,1
Номенклатура — исходный каталог,Алтын Инсектицид,raw.catalog_номенклатура,1,1
Номенклатура — исходный каталог,Альбит Инсектицид,raw.catalog_номенклатура,1,1
Номенклатура — исходный каталог,Алькасар Инсектицид,raw.catalog_номенклатура,1,1
Номенклатура — исходный каталог,Алькор Инсектицид,raw.catalog_номенклатура,1,1
Номенклатура — исходный каталог,Алькор Супер Инсектицид,raw.catalog_номенклатура,1,1
Номенклатура — исходный каталог,Альпари Инсектицид,raw.catalog_номенклатура,1,1
Номенклатура — исходный каталог,Альтазол Инсектицид,raw.catalog_номенклатура,1,1
Номенклатура — исходный каталог,Альто Супер Инсектицид,raw.catalog_номенклатура,1,1
Номенклатура — исходный каталог,Альто Турбо Инсектицид,raw.catalog_номенклатура,1,1
Номенклатура — исходный каталог,Альтруист Инсектицид,raw.catalog_номенклатура,1,1
Номенклатура — исходный каталог,Альтрум Супер Инсектицид,raw.catalog_номенклатура,1,1
Номенклатура — исходный каталог,Альфа Ринг Инсектицид,raw.catalog_номенклатура,1,1
Номенклатура — исходный каталог,Альфа Феникс Инсектицид,raw.catalog_номенклатура,1,1
Номенклатура — исходный каталог,Альфа-Амиприд Инсектицид,raw.catalog_номенклатура,1,1
Номенклатура — исходный каталог,Альфа-Директор Инсектицид,raw.catalog_номенклатура,1,1
Номенклатура — исходный каталог,Альфа-Протравитель Инсектицид,raw.catalog_номенклатура,1,1
Номенклатура — исходный каталог,Альфа-Серф Инсектицид,raw.catalog_номенклатура,1,1
Номенклатура — исходный каталог,Альфа-Ципи Инсектицид,raw.catalog_номенклатура,1,1
Номенклатура — исходный каталог,Альфабел Инсектицид,raw.catalog_номенклатура,1,1
Номенклатура — исходный каталог,Альфаплан Инсектицид,raw.catalog_номенклатура,1,1
Номенклатура — исходный каталог,Альфас Инсектицид,raw.catalog_номенклатура,1,1
Номенклатура — исходный каталог,Альфацин Инсектицид,raw.catalog_номенклатура,1,1
Номенклатура — исходный каталог,Альфашанс Инсектицид,raw.catalog_номенклатура,1,1
Номенклатура — исходный каталог,Аминомакс Nca 12.6,raw.catalog_номенклатура,1,1
Номенклатура — исходный каталог,Амистар Трио Инсектицид,raw.catalog_номенклатура,1,1
Номенклатура — исходный каталог,Амистар Экстра Инсектицид,raw.catalog_номенклатура,1,1
Номенклатура — исходный каталог,Аммиачная вода (водный аммиак) N 33,raw.catalog_номенклатура,1,1
Номенклатура — исходный каталог,Аммиачная селитра,raw.catalog_номенклатура,1,1
Номенклатура — исходный каталог,"Аммиачная селитра, марка Б, сорт высший, МКР",raw.catalog_номенклатура,1,1
Номенклатура — исходный каталог,Аммофос NP 12.52,raw.catalog_номенклатура,1,1
Номенклатура — исходный каталог,Амортизатор задний ASTION,raw.catalog_номенклатура,1,1
Номенклатура — исходный каталог,Амортизатор с втулкой HG004,raw.catalog_номенклатура,1,1
Номенклатура — исходный каталог,Амплиго Инсектицид,raw.catalog_номенклатура,1,1
Номенклатура — исходный каталог,Анемон Инсектицид,raw.catalog_номенклатура,1,1
Номенклатура — исходный каталог,Анкер М10х95,raw.catalog_номенклатура,1,1
Номенклатура — исходный каталог,Анкер Трио Инсектицид,raw.catalog_номенклатура,1,1
Номенклатура — исходный каталог,Анкер м,raw.catalog_номенклатура,1,1
Номенклатура — исходный каталог,Анкерный болт с гайкой М10*100,raw.catalog_номенклатура,1,1
Номенклатура — исходный каталог,Ансамбль Инсектицид,raw.catalog_номенклатура,1,1
Номенклатура — исходный каталог,Антигололед 20кг,raw.catalog_номенклатура,1,1
Номенклатура — исходный каталог,Антитлин Инсектицид,raw.catalog_номенклатура,1,1
Номенклатура — исходный каталог,Антифриз,raw.catalog_номенклатура,1,1
Номенклатура — исходный каталог,АпаСил,raw.catalog_номенклатура,1,1
Номенклатура — исходный каталог,Апачи Инсектицид,raw.catalog_номенклатура,1,1
Номенклатура — исходный каталог,Апирой,raw.catalog_номенклатура,1,1
Номенклатура — исходный каталог,Аппарат промывки и удаления камней барабанного типа,raw.catalog_номенклатура,1,1
Номенклатура — исходный каталог,Аппарат стационарный настенный MLC-C 1915P,raw.catalog_номенклатура,1,1
Номенклатура — исходный каталог,Апрон XL Инсектицид,raw.catalog_номенклатура,1,1
Номенклатура — исходный каталог,Аптечка для ремонта покрышек и камер,raw.catalog_номенклатура,1,1
Номенклатура — исходный каталог,Аренда,raw.catalog_номенклатура,2,2
Номенклатура — исходный каталог,Аренда движимого имущества,raw.catalog_номенклатура,1,1
Номенклатура — исходный каталог,Аренда зем. участка 493 и 30992,raw.catalog_номенклатура,1,1
Номенклатура — исходный каталог,Аренда земельного участка 203 и 30990,raw.catalog_номенклатура,1,1
Номенклатура — исходный каталог,Аренда земельного участка 50:30:0020309:415,raw.catalog_номенклатура,1,1
Номенклатура — исходный каталог,Аренда земельного участка 50:30:0050305:493,raw.catalog_номенклатура,1,1
Номенклатура — исходный каталог,Аренда земельного участка с кадастровым номером 50:30:0020309:415 площадью 43 га  ,raw.catalog_номенклатура,1,1
Номенклатура — исходный каталог,Аренда земли,raw.catalog_номенклатура,1,1
Номенклатура — исходный каталог,Аренда манипулятора,raw.catalog_номенклатура,1,1
Номенклатура — исходный каталог,Аренда помещения,raw.catalog_номенклатура,1,1
Номенклатура — исходный каталог,Аренда помещения под хранение оборудования,raw.catalog_номенклатура,1,1
Номенклатура — исходный каталог,Аренда участка пощадь 35 га кадастровый № 50:30:0020309:415,raw.catalog_номенклатура,1,1
Номенклатура — исходный каталог,Аренда хранилища,raw.catalog_номенклатура,1,1
Номенклатура — исходный каталог,Армин Инсектицид,raw.catalog_номенклатура,1,1
Номенклатура — исходный каталог,Арриво Инсектицид,raw.catalog_номенклатура,1,1
Номенклатура — исходный каталог,Аспид Инсектицид,raw.catalog_номенклатура,1,1
Номенклатура — исходный каталог,Атлант Инсектицид,raw.catalog_номенклатура,1,1
Номенклатура — исходный каталог,Атлант Супер Инсектицид,raw.catalog_номенклатура,1,1
Номенклатура — исходный каталог,Атом Инсектицид,raw.catalog_номенклатура,1,1
Номенклатура — исходный каталог,Атрикс Инсектицид,raw.catalog_номенклатура,1,1
Номенклатура — исходный каталог,Аттик Инсектицид,raw.catalog_номенклатура,1,1
Номенклатура — исходный каталог,"Аудит по охране труда, контролю мер пожарной безопасности, электробезопасности ",raw.catalog_номенклатура,1,1
Номенклатура — исходный каталог,Аутсорсинговые работы производства Переборка картофеля,raw.catalog_номенклатура,1,1
Номенклатура — исходный каталог,Аутсорсинговые работы производства Сортировка картофеля,raw.catalog_номенклатура,1,1
Номенклатура — исходный каталог,Аутсорсинговые работы производства Фасовка картофеля в мешки,raw.catalog_номенклатура,1,1
Номенклатура — исходный каталог,БФТИМ КС-2 Инсектицид,raw.catalog_номенклатура,1,1
Номенклатура — исходный каталог,Байзафон Инсектицид,raw.catalog_номенклатура,1,1
Номенклатура — исходный каталог,Байлетон Инсектицид,raw.catalog_номенклатура,1,1
Номенклатура — исходный каталог,Бак 45л полипропилен d=42см h=57см с крышкой для пищевых продуктов,raw.catalog_номенклатура,1,1
Номенклатура — исходный каталог,Бак на 24 литра,raw.catalog_номенклатура,1,1
Номенклатура — исходный каталог,Бак пластиковый с крышкой 60 литров,raw.catalog_номенклатура,1,1
Номенклатура — исходный каталог,Бак пластиковый с крышкой 80 литров,raw.catalog_номенклатура,1,1
Номенклатура — исходный каталог,Баксис Инсектицид,raw.catalog_номенклатура,1,1
Номенклатура — исходный каталог,Бактофит 1277-08-307-071-0-0-3-0 Инсектицид,raw.catalog_номенклатура,1,1
Номенклатура — исходный каталог,Бактофит 2389-12-307-071-0-0-3-1 Инсектицид,raw.catalog_номенклатура,1,1
Номенклатура — исходный каталог,"Балий, КМЭ Фунгицид ",raw.catalog_номенклатура,1,1
Номенклатура — исходный каталог,Балинт Инсектицид,raw.catalog_номенклатура,1,1
Номенклатура — исходный каталог,"Балка (б/у) 2700мм, ГТС",raw.catalog_номенклатура,1,1
Номенклатура — исходный каталог,Балка 1800/2100 (120.1.5 ),raw.catalog_номенклатура,1,1
Номенклатура — исходный каталог,Балка 2700/3250 (150.2.0 ),raw.catalog_номенклатура,1,1
Номенклатура — исходный каталог,Балка 2700мм,raw.catalog_номенклатура,1,1
Номенклатура — исходный каталог,Балка 2800/3300 (150.2.0 ),raw.catalog_номенклатура,1,1
Номенклатура — исходный каталог,Балка 3600мм,raw.catalog_номенклатура,1,1
Номенклатура — исходный каталог,Баллон с ацетеленом 5кг,raw.catalog_номенклатура,1,1
