category,original_name,source_tables,distinct_ids,source_rows
Культуры,ВЗО,raw.r1c_crops,1,1
Культуры,Залежь,raw.r1c_crops,1,1
Культуры,Заросли,raw.r1c_crops,1,1
Культуры,КаАлуэтРС1ПУч.8_318,raw.r1c_crops,1,1
Культуры,КаАмЭлитУч.1 опыт,raw.r1c_crops,1,1
Культуры,КаБрРС1уч.2 сем,raw.r1c_crops,1,1
Культуры,КаБрРС1уч.8 прод,raw.r1c_crops,1,1
Культуры,КаБрРС1уч.9 прод,raw.r1c_crops,1,1
Культуры,КаБрРС2Уч.1,raw.r1c_crops,1,1
Культуры,КаБрРС2уч.10 прод,raw.r1c_crops,1,1
Культуры,КаВгРС1Уч.10,raw.r1c_crops,1,1
Культуры,КаВгРС1Уч.14,raw.r1c_crops,1,1
Культуры,КаВгРС1Уч.15,raw.r1c_crops,1,1
Культуры,КаВгРС1Уч.8,raw.r1c_crops,1,1
Культуры,КаВгРС1Уч.9,raw.r1c_crops,1,1
Культуры,КаВгРС2уч.1 опыт,raw.r1c_crops,1,1
Культуры,КаВгРС2уч.17 прод,raw.r1c_crops,1,1
Культуры,КаВгРС2уч.18 прод,raw.r1c_crops,1,1
Культуры,КаВгРС2уч.19 прод,raw.r1c_crops,1,1
Культуры,КаВгРС2уч.1опыт,raw.r1c_crops,1,1
Культуры,КаВгРС2уч.2 опыт,raw.r1c_crops,1,1
Культуры,КаВгРС2уч.20 прод,raw.r1c_crops,1,1
Культуры,КаВгРС2уч.21 прод,raw.r1c_crops,1,1
Культуры,КаВгРС2уч.22 прод,raw.r1c_crops,1,1
Культуры,КаВгРС2уч.2опыт,raw.r1c_crops,1,1
Культуры,КаВгРС2уч.3 опыт,raw.r1c_crops,1,1
Культуры,КаВгЭлитУч.32 семена,raw.r1c_crops,1,1
Культуры,КаВнРС1Уч.11,raw.r1c_crops,1,1
Культуры,КаВнРС1Уч.12,raw.r1c_crops,1,1
Культуры,КаВнРС3уч.13 прод,raw.r1c_crops,1,1
Культуры,КаВнРС3уч.14 прод,raw.r1c_crops,1,1
Культуры,КаВнРС3уч.15 прод,raw.r1c_crops,1,1
Культуры,КаВнРС3уч.16 прод,raw.r1c_crops,1,1
Культуры,КаВнЭлитУч.4 сем,raw.r1c_crops,1,1
Культуры,КаГаРС1Уч.3,raw.r1c_crops,1,1
Культуры,КаГаРС1Уч.4,raw.r1c_crops,1,1
Культуры,КаГаРС1Уч.5,raw.r1c_crops,1,1
Культуры,КаГаРС1Уч.6,raw.r1c_crops,1,1
Культуры,КаГаРС1Уч.7,raw.r1c_crops,1,1
Культуры,КаГаРС1уч.23 прод,raw.r1c_crops,1,1
Культуры,КаГаРС1уч.26 прод,raw.r1c_crops,1,1
Культуры,КаГаРС1уч.29 прод,raw.r1c_crops,1,1
Культуры,КаГаРС2Уч.13,raw.r1c_crops,1,1
Культуры,КаГаРС2уч.24 прод,raw.r1c_crops,1,1
Культуры,КаГаРС2уч.28 прод,raw.r1c_crops,1,1
Культуры,КаГаРС2уч.3 опыт,raw.r1c_crops,1,1
Культуры,КаГаРС2уч.30 прод,raw.r1c_crops,1,1
Культуры,КаГаРс2уч.1 опыт,raw.r1c_crops,1,1
Культуры,КаГаРс2уч.2 опыт,raw.r1c_crops,1,1
Культуры,КаГаЭлитУч.3 сем,raw.r1c_crops,1,1
Культуры,КаГалаРС1ПУч.10_201,raw.r1c_crops,1,1
Культуры,КаГалаРС1ПУч.11_751,raw.r1c_crops,1,1
Культуры,КаГалаРС1ПУч.9_318,raw.r1c_crops,1,1
Культуры,КаГалаРС2ПУч.10,raw.r1c_crops,1,1
Культуры,КаГалаРС2ПУч.4 ,raw.r1c_crops,1,1
Культуры,КаГалаРС2ПУч.5 ,raw.r1c_crops,1,1
Культуры,КаГалаРС2ПУч.6 ,raw.r1c_crops,1,1
Культуры,КаГалаРС2ПУч.9,raw.r1c_crops,1,1
Культуры,КаГалаРС3ПУч.2_318 ,raw.r1c_crops,1,1
Культуры,КаГалаРС3ПУч.3_318 ,raw.r1c_crops,1,1
Культуры,КаГалаЭСУч.4_992,raw.r1c_crops,1,1
Культуры,КаГалаЭбПУч.3,raw.r1c_crops,1,1
Культуры,КаИнРС2уч.31 прод,raw.r1c_crops,1,1
Культуры,КаКарменРС1ПУч.1_318,raw.r1c_crops,1,1
Культуры,КаКарменРС1ПУч.8,raw.r1c_crops,1,1
Культуры,КаКарменЭПУч.7,raw.r1c_crops,1,1
Культуры,КаКарменЭбПУч.1,raw.r1c_crops,1,1
Культуры,КаКарменЭбПУч.2,raw.r1c_crops,1,1
Культуры,КаКоРС1уч.25 прод,raw.r1c_crops,1,1
Культуры,КаКоРС1уч.6 прод,raw.r1c_crops,1,1
Культуры,КаКоРС1уч.7 прод,raw.r1c_crops,1,1
Культуры,КаКоЭлитУч.1 сем,raw.r1c_crops,1,1
Культуры,КаКрРС1уч.11 прод,raw.r1c_crops,1,1
Культуры,КаМдРС1уч.12 прод,raw.r1c_crops,1,1
Культуры,КаМемфисЭСУч.5_992,raw.r1c_crops,1,1
Культуры,КаРедЛедиЭПУч.7_318,raw.r1c_crops,1,1
Культуры,КаРедЛедиЭСУч.6_992,raw.r1c_crops,1,1
Культуры,КаСвС РС2уч.2 опыт,raw.r1c_crops,1,1
Культуры,КаФлРС1Уч.2,raw.r1c_crops,1,1
Культуры,КаФлЭлитУч.5 сем,raw.r1c_crops,1,1
Культуры,КаФламингоРС2ПУч.11,raw.r1c_crops,1,1
Культуры,Картофель Аметист Супер Супер Элита,raw.r1c_crops,2,2
Культуры,Картофель Аметист Супер Элита,raw.r1c_crops,2,2
Культуры,Картофель Аметист Элита,raw.r1c_crops,2,2
Культуры,Картофель Балтик Роуз РС1 16га (уч24) ,raw.r1c_crops,1,1
Культуры,Картофель Балтик Роуз Элита,raw.r1c_crops,1,1
Культуры,Картофель Балтик роуз РС1 свои 2022,raw.r1c_crops,1,1
Культуры,Картофель Белароза РС2,raw.r1c_crops,1,1
Культуры,Картофель Беллароза РС1,raw.r1c_crops,1,1
Культуры,Картофель Беллароза РС2 свои 2022,raw.r1c_crops,1,1
Культуры,Картофель Вега РС1 ЛД,raw.r1c_crops,1,1
Культуры,Картофель Вега РС1 свои 2022,raw.r1c_crops,1,1
Культуры,Картофель Вега Элита,raw.r1c_crops,1,1
Культуры,Картофель Венди РС1,raw.r1c_crops,1,1
Культуры,"Картофель Венди РС2 29,6 га (уч25)",raw.r1c_crops,1,1
Культуры,Картофель Вэнди РС2 свои 2022,raw.r1c_crops,1,1
Культуры,"Картофель Гала 8,5 га РС1 (уч15) ",raw.r1c_crops,1,1
Культуры,Картофель Гала ДокаГенные технологии РС1 2022,raw.r1c_crops,1,1
Культуры,Картофель Гала Норика М Элита 2022,raw.r1c_crops,1,1
Культуры,Картофель Гала РС1 (свои),raw.r1c_crops,1,1
Культуры,"Картофель Гала РС1 7,5 га (уч17) ",raw.r1c_crops,1,1
Культуры,Картофель Гала РС1 8 га (уч14) ,raw.r1c_crops,1,1
Культуры,"Картофель Гала РС1 8,5 га (уч15)",raw.r1c_crops,1,1
Культуры,Картофель Гала Элита,raw.r1c_crops,1,1
Культуры,Картофель Индиго ДокаГенные технологии Элита свои 2022,raw.r1c_crops,1,1
Культуры,Картофель Индиго РС1 ЛД,raw.r1c_crops,1,1
Культуры,Картофель Индиго РС1 свои 2022,raw.r1c_crops,1,1
Культуры,Картофель Индиго Элита,raw.r1c_crops,1,1
Культуры,Картофель Индиго Элита Дгт ,raw.r1c_crops,1,1
Культуры,Картофель Кармен ДокаГенные технологии РС1 2022,raw.r1c_crops,1,1
Культуры,Картофель Кармен ДокаГенные технологии Элита 2022,raw.r1c_crops,1,1
Культуры,Картофель Кармен РС1 7га (уч23) ,raw.r1c_crops,1,1
Культуры,Картофель Кармен РС1 Лд,raw.r1c_crops,1,1
Культуры,Картофель Кармен РС1 свои 2022,raw.r1c_crops,1,1
Культуры,Картофель Кармен Элита,raw.r1c_crops,1,1
Культуры,"Картофель Кармен Элита 12,5 га (уч22) ",raw.r1c_crops,1,1
Культуры,Картофель Коломба HZPC САДОКАС Элита 2022,raw.r1c_crops,2,2
Культуры,Картофель Коломба РС1,raw.r1c_crops,1,1
Культуры,"Картофель Коломба РС1 (свои) участок  6/1, 6/2",raw.r1c_crops,1,1
Культуры,Картофель Коломба Эл 3 га (уч 9),raw.r1c_crops,1,1
Культуры,Картофель Коломба Эл 4га (уч 8),raw.r1c_crops,1,1
Культуры,Картофель Коломба Эл 6 га (уч 7),raw.r1c_crops,1,1
Культуры,Картофель Коломба Элита (РС1) в бэгах,raw.r1c_crops,1,1
Культуры,Картофель Коломба Элита (РС1) в бэгах Норика,raw.r1c_crops,1,1
Культуры,Картофель Коломба Элита (РС1) участок 5/2 Пончики бурт+Демид ящики,raw.r1c_crops,1,1
Культуры,Картофель Мадейра 8 га РС1 (уч16) ,raw.r1c_crops,1,1
Культуры,Картофель Мадейра РС1,raw.r1c_crops,1,1
Культуры,Картофель Мадейра РС1 14га (уч13) ,raw.r1c_crops,1,1
Культуры,Картофель Мадейра Русевроплант Элита 2022,raw.r1c_crops,1,1
Культуры,Картофель Мадейра Элита ,raw.r1c_crops,1,1
Культуры,Картофель Ред Соня 19 га РС1 (уч11) ,raw.r1c_crops,1,1
Культуры,Картофель Ред Соня РС1,raw.r1c_crops,1,1
Культуры,Картофель Рэд Скарлет РС1,raw.r1c_crops,1,1
Культуры,Картофель Рэд Соня РОН Агро РС1 2022,raw.r1c_crops,1,1
Культуры,Картофель Рэд Соня РС1 20 га (уч12) ,raw.r1c_crops,1,1
Культуры,Картофель Северное Сияние РС1,raw.r1c_crops,1,1
Культуры,Картофель Северное Сияние Элита,raw.r1c_crops,1,1
Культуры,Картофель Северное сияние РС1 свои 2022,raw.r1c_crops,1,1
Культуры,Картофель Фламинго РС1,raw.r1c_crops,1,1
Культуры,Картофель Фламинго РС1 свои 2022,raw.r1c_crops,1,1
Культуры,Картофель Фламинго Элита,raw.r1c_crops,1,1
Культуры,Картофель сорт ''Венди''(РС1) 2 023 без полива,raw.r1c_crops,1,1
Культуры,Многолетние травы,raw.r1c_crops,1,1
Культуры,Морковь премиум ВайтСатин,raw.r1c_crops,1,1
Культуры,Морковь премиум МеллоуЕллоу,raw.r1c_crops,1,1
Культуры,Морковь премиум ПерплСан,raw.r1c_crops,1,1
Культуры,Морковь премиум РэдСан,raw.r1c_crops,1,1
Культуры,Пар,raw.r1c_crops,1,1
Культуры,Пар (промежуточная культура),raw.r1c_crops,1,1
Культуры,Пар под картофель_2024,raw.r1c_crops,1,1
Культуры,Рожь,raw.r1c_crops,1,1
Культуры,Свекла премиум Аваланч,raw.r1c_crops,1,1
Культуры,Свекла премиум Болдор,raw.r1c_crops,1,1
Культуры,Свекла сорт Кестрел,raw.r1c_crops,1,1
Культуры,Свекла сорт Фалькон,raw.r1c_crops,1,1
Культуры,Сидераты,raw.r1c_crops,1,1
Культуры,Топинамбур,raw.r1c_crops,1,1
Культуры,Урожай КЗ,raw.r1c_crops,1,1
Культуры,Чеснок озимый Георгий Комаров,raw.r1c_crops,1,1
Культуры,Чеснок озимый Гладиатор,raw.r1c_crops,1,1
Культуры,Чеснок озимый Любаша,raw.r1c_crops,1,1
Номенклатура — current, 3-гранный ролик (200.34514),raw.r1c_nomenclature_current,1,1
Номенклатура — current, NPKS 10.20.30.5,raw.r1c_nomenclature_current,1,1
Номенклатура — current, NPKS 5.15.30.5,raw.r1c_nomenclature_current,1,1
Номенклатура — current, ВТУЛКА С БУРТИКОМ ,raw.r1c_nomenclature_current,1,1
Номенклатура — current," Егоза плоская ПББ 500/4,4 10метров",raw.r1c_nomenclature_current,1,1
Номенклатура — current, Крестовина одноплоскостная 50*50*50,raw.r1c_nomenclature_current,1,1
Номенклатура — current, Мультиметр цифровой IEK. Universal M838,raw.r1c_nomenclature_current,1,1
Номенклатура — current, Мультиметр цифровой MASTECH,raw.r1c_nomenclature_current,1,1
Номенклатура — current, Пистолет для накачки шин IT140/10,raw.r1c_nomenclature_current,1,1
Номенклатура — current, Пистолет продувочный + удлиненное сопло ,raw.r1c_nomenclature_current,1,1
Номенклатура — current," Право использования  ""1С Комплект поддержки""",raw.r1c_nomenclature_current,1,1
Номенклатура — current," Право использования  ""1С Контрагент"",Система Главбух",raw.r1c_nomenclature_current,1,1
Номенклатура — current, Право использования программы для ЭВМ Контур ED,raw.r1c_nomenclature_current,1,1
Номенклатура — current, Право использования программы для ЭВМ Контур Доверенность,raw.r1c_nomenclature_current,1,1
Номенклатура — current," Право использования электронной подписи в системи ""1С подпись""",raw.r1c_nomenclature_current,1,1
Номенклатура — current," РВД 2SN DK 22*1.5 DK 22*1.5 4,5/12",raw.r1c_nomenclature_current,1,1
Номенклатура — current," Сендвич н.з.+н.м. 0,8 мм 300/200 1 метр (конденсат)",raw.r1c_nomenclature_current,1,1
Номенклатура — current, Файл-вкладыш,raw.r1c_nomenclature_current,1,1
Номенклатура — current, Фильтр воздушный AL215053,raw.r1c_nomenclature_current,1,1
Номенклатура — current, Фильтр воздушный AL215054 JLI,raw.r1c_nomenclature_current,1,1
Номенклатура — current,"(не использовать с 01.07.23) Мягкий контейнер (Биг-бэг) МКР 95*95*180 см 4 ст верх юбка, низ-клапан",raw.r1c_nomenclature_current,1,1
Номенклатура — current,(не использовать) Бензин Аи-92-К5,raw.r1c_nomenclature_current,1,1
Номенклатура — current,"(не использовать) Биг-бэг 95*95*180 см 4 ст верх юбка, низ-клапан",raw.r1c_nomenclature_current,1,1
Номенклатура — current,(не использовать) Вторичное сырьё на крахмал.Гала.Стандарт,raw.r1c_nomenclature_current,1,1
Номенклатура — current,(не использовать) Вторичное сырьё на крахмал.Кармен.Мелкий,raw.r1c_nomenclature_current,1,1
Номенклатура — current,(не использовать) Гайка м 10 1эт,raw.r1c_nomenclature_current,1,1
Номенклатура — current,(не использовать) Запчасти,raw.r1c_nomenclature_current,1,1
Номенклатура — current,(не использовать) Картофель  беллароза 1 репродукции бэби вакуумированный 5кг,raw.r1c_nomenclature_current,1,1
Номенклатура — current,(не использовать) Картофель  беллароза 2 репродукции бэби вакуумированный 5кг,raw.r1c_nomenclature_current,1,1
Номенклатура — current,"(не использовать) Комбиполотно 630мм ""Лесные дали"" 3п2сКартофель Беби (сетка экстр.белая)",raw.r1c_nomenclature_current,1,1
Номенклатура — current,"(не использовать) Комбиполотно 630мм ""Лесные дали"" 3п2сКартофель Беби (сетка экстр.желтая)",raw.r1c_nomenclature_current,1,1
Номенклатура — current,"(не использовать) Комбиполотно 630мм ""Лесные дали"" 3п2сКартофель белый (сетка экстр.белая)",raw.r1c_nomenclature_current,1,1
Номенклатура — current,"(не использовать) Комбиполотно 630мм ""Лесные дали"" 3п2сКартофель красный (сетка экстр.красная)",raw.r1c_nomenclature_current,1,1
Номенклатура — current,"(не использовать) Комбиполотно 630мм ""Лесные дали"" 3п2сКартофель фиолетовый (сетка экстр.красная)",raw.r1c_nomenclature_current,1,1
Номенклатура — current,"(не использовать) Круйзер, КС",raw.r1c_nomenclature_current,1,1
Номенклатура — current,(не использовать) Мешок сетчатый из полиэтелена 50*80 фиолетовый,raw.r1c_nomenclature_current,1,1
Номенклатура — current,(не использовать) Мешок сетчатый из полиэтелена на рулоне 54*78 фиолетовый,raw.r1c_nomenclature_current,1,1
Номенклатура — current,(не использовать) Пакет 350*500 PET/PE 100мкм,raw.r1c_nomenclature_current,1,1
Номенклатура — current,(не использовать) Пакет 350х500 РЕТ/РЕ,raw.r1c_nomenclature_current,1,1
Номенклатура — current,(не использовать) Первичное сырьё из хранилища.Гала.Стандарт,raw.r1c_nomenclature_current,1,1
Номенклатура — current,(не использовать) Первичное сырьё из хранилища.Кармен.Мелкий,raw.r1c_nomenclature_current,1,1
Номенклатура — current,(не использовать) Первичное сырьё из хранилища.Кармен.Стандарт,raw.r1c_nomenclature_current,1,1
Номенклатура — current,"(не использовать) Пленка п/э стрейч 1,25 кг",raw.r1c_nomenclature_current,1,1
Номенклатура — current,(не использовать) Пленка стрейч вторичная машинная 16кг,raw.r1c_nomenclature_current,1,1
Номенклатура — current,"(не использовать) Премиум картофель северное сияние 1 репродукции мытый сетка домик 1,5 кг",raw.r1c_nomenclature_current,1,1
Номенклатура — current,"(не использовать) Регент 800, ВДГ",raw.r1c_nomenclature_current,1,1
Номенклатура — current,(не использовать) Семена покупн АлуэтРС1 Красный,raw.r1c_nomenclature_current,1,1
Номенклатура — current,(не использовать) Семена покупн ГалаРС3 Белый,raw.r1c_nomenclature_current,1,1
Номенклатура — current,(не использовать) Семена покупн ГалаЭ Белый,raw.r1c_nomenclature_current,1,1
Номенклатура — current,(не использовать) Семена покупн КарменРС1 Красный,raw.r1c_nomenclature_current,1,1
Номенклатура — current,(не использовать) Семена покупн КарменЭ Красный,raw.r1c_nomenclature_current,1,1
Номенклатура — current,(не использовать) Семена покупн МемфисЭ Красный,raw.r1c_nomenclature_current,1,1
Номенклатура — current,(не использовать) Семена покупн Ред ЛедиЭ Красный,raw.r1c_nomenclature_current,1,1
Номенклатура — current,(не использовать) Сетка мешок на рулоне 31*39 желтая усиленная (К) 4000шт/рул,raw.r1c_nomenclature_current,1,1
Номенклатура — current,(не использовать) Чеснок Российский очищенный 1 кг,raw.r1c_nomenclature_current,1,1
Номенклатура — current,(не использовать) Чеснок Российский сетка 25 кг,raw.r1c_nomenclature_current,1,1
Номенклатура — current,(не использовать) Чеснок Российский сетка-чулок 1 шт,raw.r1c_nomenclature_current,1,1
Номенклатура — current,(не использовать) Чеснок однозубка,raw.r1c_nomenclature_current,1,1
Номенклатура — current,(не использовать) Чеснок озимый сорт Гладиатор (воздушная луковичка),raw.r1c_nomenclature_current,1,1
Номенклатура — current,(не использовать) Чеснок озимый сорт Гладиатор (однозубковая луковица),raw.r1c_nomenclature_current,1,1
Номенклатура — current,(не использовать)Азофоска 16 16 16 (азотно-фосфорно-калийные) 50 кг,raw.r1c_nomenclature_current,1,1
Номенклатура — current,(не использовать)Аквамикс СТ1кг,raw.r1c_nomenclature_current,1,1
Номенклатура — current,"(не использовать)Акзифор, КЭ (240 г/л оксифлуофен) ",raw.r1c_nomenclature_current,1,1
Номенклатура — current,(не использовать)Акробат МЦ ВДГ,raw.r1c_nomenclature_current,1,1
Номенклатура — current,(не использовать)Аминомакс 10,raw.r1c_nomenclature_current,1,1
Номенклатура — current,"(не использовать)БОРО-Н,ВР",raw.r1c_nomenclature_current,1,1
Номенклатура — current,"(не использовать)Базагран, ВР (480г/л)",raw.r1c_nomenclature_current,1,1
Номенклатура — current,"(не использовать)Балий,КМЭ(180-120г/л)",raw.r1c_nomenclature_current,1,1
Номенклатура — current,"(не использовать)Бетанал Прогресс ОФ, КЭ",raw.r1c_nomenclature_current,1,1
Номенклатура — current,"(не использовать)Бетанал эксперт ОФ, КЭ",raw.r1c_nomenclature_current,1,1
Номенклатура — current,"(не использовать)Би-58 Новый, КЭ (400 г/л) (10 л)",raw.r1c_nomenclature_current,1,1
Номенклатура — current,"(не использовать)Биг-бэг 95*95*120 см 4 ст верх открывание, низ-люк б/у",raw.r1c_nomenclature_current,1,1
Номенклатура — current,"(не использовать)Бит 90,Ж",raw.r1c_nomenclature_current,1,1
Номенклатура — current,"(не использовать)Бицепс Гарант,КМЭ(70-90-110г/л)",raw.r1c_nomenclature_current,1,1
Номенклатура — current,"(не использовать)Борей Нео,СК (125+100-50г/л)",raw.r1c_nomenclature_current,1,1
Номенклатура — current,"(не использовать)Борей,СК (150-50г/л)",raw.r1c_nomenclature_current,1,1
Номенклатура — current,"(не использовать)Браво, КС",raw.r1c_nomenclature_current,1,1
Номенклатура — current,"(не использовать)Браво, КС(500г/л)",raw.r1c_nomenclature_current,1,1
Номенклатура — current,"(не использовать)Брейк,МЭ (100г/л)",raw.r1c_nomenclature_current,1,1
Номенклатура — current,"(не использовать)Бутизан 400, КС",raw.r1c_nomenclature_current,1,1
Номенклатура — current,"(не использовать)Виконт,СП",raw.r1c_nomenclature_current,1,1
Номенклатура — current,"(не использовать)Гайтан,КЭ (330г/л)",raw.r1c_nomenclature_current,1,1
Номенклатура — current,"(не использовать)Галера Супер 364,ВР",raw.r1c_nomenclature_current,1,1
Номенклатура — current,"(не использовать)Гамбит, СК (500г/л)",raw.r1c_nomenclature_current,1,1
Номенклатура — current,"(не использовать)Гаур,КЭ (240г/л)",raw.r1c_nomenclature_current,1,1
Номенклатура — current,(не использовать)Гезагард,raw.r1c_nomenclature_current,1,1
Номенклатура — current,"(не использовать)Гербицид Лонтрел Гранд, ВДГ",raw.r1c_nomenclature_current,1,1
Номенклатура — current,"(не использовать)Голтикс, КС",raw.r1c_nomenclature_current,1,1
Номенклатура — current,"(не использовать)Грэмми, КС",raw.r1c_nomenclature_current,1,1
Номенклатура — current,"(не использовать)Деметра,КЭ (350г/л)",raw.r1c_nomenclature_current,1,1
Номенклатура — current,"(не использовать)Дианат,ВР",raw.r1c_nomenclature_current,1,1
Номенклатура — current,"(не использовать)Дуал голд,КЭ",raw.r1c_nomenclature_current,1,1
Номенклатура — current,"(не использовать)Евродим ,КЭ ",raw.r1c_nomenclature_current,1,1
Номенклатура — current,(не использовать)Жидкость стеклоомывающая ,raw.r1c_nomenclature_current,1,1
Номенклатура — current,"(не использовать)Зенкор Ультра,КС",raw.r1c_nomenclature_current,1,1
Номенклатура — current,"(не использовать)Инпут, КЭ ",raw.r1c_nomenclature_current,1,1
Номенклатура — current,"(не использовать)Интрада,СК (250г/л)",raw.r1c_nomenclature_current,1,1
Номенклатура — current,(не использовать)Каратэ Зеон,raw.r1c_nomenclature_current,1,1
Номенклатура — current,(не использовать)Картофель  вега 1 репродукции бэби вакуумированный 5кг,raw.r1c_nomenclature_current,1,1
Номенклатура — current,(не использовать)Картофель  вега 2 репродукции бэби вакуумированный 5кг,raw.r1c_nomenclature_current,1,1
Номенклатура — current,(не использовать)Картофель  гала 1 репродукции бэби вакуумированный 5кг,raw.r1c_nomenclature_current,1,1
Номенклатура — current,(не использовать)Картофель  гала 2 репродукции бэби вакуумированный 5кг,raw.r1c_nomenclature_current,1,1
Номенклатура — current,(не использовать)Картофель  коломбо 1 репродукции бэби вакуумированный 5кг,raw.r1c_nomenclature_current,1,1
Номенклатура — current,(не использовать)Картофель  коломбо 2 репродукции бэби вакуумированный 5кг,raw.r1c_nomenclature_current,1,1
Номенклатура — current,(не использовать)Картофель  ред скарлетт 1 репродукции бэби вакуумированный 5кг,raw.r1c_nomenclature_current,1,1
Номенклатура — current,(не использовать)Картофель  ред скарлетт 2 репродукции бэби вакуумированный 5кг,raw.r1c_nomenclature_current,1,1
Номенклатура — current,"(не использовать)Картофель ""Жуковский ранний"" элита",raw.r1c_nomenclature_current,1,1
Номенклатура — current,"(не использовать)Картофель беллароза 1 репродукции бэби мытый сетка домик 1,5кг",raw.r1c_nomenclature_current,1,1
Номенклатура — current,(не использовать)Картофель беллароза 1 репродукции бэби мытый сетка домик 2кг,raw.r1c_nomenclature_current,1,1
Номенклатура — current,"(не использовать)Картофель беллароза 1 репродукции вукуумированный 0,5кг",raw.r1c_nomenclature_current,1,1
Номенклатура — current,(не использовать)Картофель беллароза 1 репродукции вукуумированный 1кг,raw.r1c_nomenclature_current,1,1
Номенклатура — current,(не использовать)Картофель беллароза 1 репродукции вукуумированный 5кг,raw.r1c_nomenclature_current,1,1
Номенклатура — current,(не использовать)Картофель беллароза 1 репродукции мытый сетка 25кг,raw.r1c_nomenclature_current,1,1
Номенклатура — current,(не использовать)Картофель беллароза 1 репродукции нарезанный дольками 1кг,raw.r1c_nomenclature_current,1,1
Номенклатура — current,(не использовать)Картофель беллароза 1 репродукции нарезанный дольками 5кг,raw.r1c_nomenclature_current,1,1
Номенклатура — current,(не использовать)Картофель беллароза 1 репродукции нарезанный кубиком 1кг,raw.r1c_nomenclature_current,1,1
Номенклатура — current,(не использовать)Картофель беллароза 1 репродукции нарезанный кубиком 5кг,raw.r1c_nomenclature_current,1,1
Номенклатура — current,(не использовать)Картофель беллароза 1 репродукции нарезанный слайсами 1кг,raw.r1c_nomenclature_current,1,1
Номенклатура — current,(не использовать)Картофель беллароза 1 репродукции нарезанный слайсами 5кг,raw.r1c_nomenclature_current,1,1
Номенклатура — current,(не использовать)Картофель беллароза 1 репродукции нарезанный соломкой 1кг,raw.r1c_nomenclature_current,1,1
Номенклатура — current,(не использовать)Картофель беллароза 1 репродукции нарезанный соломкой 5кг,raw.r1c_nomenclature_current,1,1
Номенклатура — current,"(не использовать)Картофель беллароза 1 репродукции отборный мытый сетка домик 2,5кг",raw.r1c_nomenclature_current,1,1
Номенклатура — current,(не использовать)Картофель беллароза 1 репродукции отборный мытый сетка домик 3кг,raw.r1c_nomenclature_current,1,1
Номенклатура — current,(не использовать)Картофель беллароза 1 репродукции отборный не мытый сетка 10кг,raw.r1c_nomenclature_current,1,1
Номенклатура — current,"(не использовать)Картофель беллароза 1 репродукции отборный не мытый сетка 2,5кг",raw.r1c_nomenclature_current,1,1
Номенклатура — current,(не использовать)Картофель беллароза 1 репродукции отборный не мытый сетка 25кг,raw.r1c_nomenclature_current,1,1
Номенклатура — current,(не использовать)Картофель беллароза 1 репродукции отборный не мытый сетка 3кг,raw.r1c_nomenclature_current,1,1
Номенклатура — current,(не использовать)Картофель беллароза 1 репродукции отборный не мытый сетка 5кг,raw.r1c_nomenclature_current,1,1
Номенклатура — current,"(не использовать)Картофель беллароза 1 репродукции пастеризованный 0,5кг",raw.r1c_nomenclature_current,1,1
Номенклатура — current,(не использовать)Картофель беллароза 1 репродукции пастеризованный 1кг,raw.r1c_nomenclature_current,1,1
Номенклатура — current,(не использовать)Картофель беллароза 1 репродукции пастеризованный 5кг,raw.r1c_nomenclature_current,1,1
Номенклатура — current,(не использовать)Картофель беллароза 1 репродукции семенной биг бэг 1000кг,raw.r1c_nomenclature_current,1,1
Номенклатура — current,(не использовать)Картофель беллароза 1 репродукции семенной сетка 25кг,raw.r1c_nomenclature_current,1,1
Номенклатура — current,"(не использовать)Картофель беллароза 2 репродукции бэби мытый сетка домик 1,5кг",raw.r1c_nomenclature_current,1,1
Номенклатура — current,(не использовать)Картофель беллароза 2 репродукции бэби мытый сетка домик 2кг,raw.r1c_nomenclature_current,1,1
Номенклатура — current,"(не использовать)Картофель беллароза 2 репродукции вукуумированный 0,5кг",raw.r1c_nomenclature_current,1,1
Номенклатура — current,(не использовать)Картофель беллароза 2 репродукции вукуумированный 1кг,raw.r1c_nomenclature_current,1,1
Номенклатура — current,(не использовать)Картофель беллароза 2 репродукции вукуумированный 5кг,raw.r1c_nomenclature_current,1,1
Номенклатура — current,(не использовать)Картофель беллароза 2 репродукции мытый сетка 25кг,raw.r1c_nomenclature_current,1,1
Номенклатура — current,(не использовать)Картофель беллароза 2 репродукции нарезанный дольками 1кг,raw.r1c_nomenclature_current,1,1
Номенклатура — current,(не использовать)Картофель беллароза 2 репродукции нарезанный дольками 5кг,raw.r1c_nomenclature_current,1,1
Номенклатура — current,(не использовать)Картофель беллароза 2 репродукции нарезанный кубиком 1кг,raw.r1c_nomenclature_current,1,1
Номенклатура — current,(не использовать)Картофель беллароза 2 репродукции нарезанный кубиком 5кг,raw.r1c_nomenclature_current,1,1
Номенклатура — current,(не использовать)Картофель беллароза 2 репродукции нарезанный слайсами 1кг,raw.r1c_nomenclature_current,1,1
Номенклатура — current,(не использовать)Картофель беллароза 2 репродукции нарезанный слайсами 5кг,raw.r1c_nomenclature_current,1,1
Номенклатура — current,(не использовать)Картофель беллароза 2 репродукции нарезанный соломкой 1кг,raw.r1c_nomenclature_current,1,1
Номенклатура — current,(не использовать)Картофель беллароза 2 репродукции нарезанный соломкой 5кг,raw.r1c_nomenclature_current,1,1
Номенклатура — current,"(не использовать)Картофель беллароза 2 репродукции отборный мытый сетка домик 2,5кг",raw.r1c_nomenclature_current,1,1
Номенклатура — current,(не использовать)Картофель беллароза 2 репродукции отборный мытый сетка домик 3кг,raw.r1c_nomenclature_current,1,1
Номенклатура — current,(не использовать)Картофель беллароза 2 репродукции отборный не мытый сетка 10кг,raw.r1c_nomenclature_current,1,1
Номенклатура — current,"(не использовать)Картофель беллароза 2 репродукции отборный не мытый сетка 2,5кг",raw.r1c_nomenclature_current,1,1
Номенклатура — current,(не использовать)Картофель беллароза 2 репродукции отборный не мытый сетка 25кг,raw.r1c_nomenclature_current,1,1
Номенклатура — current,(не использовать)Картофель беллароза 2 репродукции отборный не мытый сетка 3кг,raw.r1c_nomenclature_current,1,1
Номенклатура — current,(не использовать)Картофель беллароза 2 репродукции отборный не мытый сетка 5кг,raw.r1c_nomenclature_current,1,1
Номенклатура — current,"(не использовать)Картофель беллароза 2 репродукции пастеризованный 0,5кг",raw.r1c_nomenclature_current,1,1
Номенклатура — current,(не использовать)Картофель беллароза 2 репродукции пастеризованный 1кг,raw.r1c_nomenclature_current,1,1
Номенклатура — current,(не использовать)Картофель беллароза 2 репродукции пастеризованный 5кг,raw.r1c_nomenclature_current,1,1
Номенклатура — current,(не использовать)Картофель беллароза 2 репродукции семенной биг бэг 1000кг,raw.r1c_nomenclature_current,1,1
Номенклатура — current,(не использовать)Картофель беллароза 2 репродукции семенной сетка 25кг,raw.r1c_nomenclature_current,1,1
Номенклатура — current,"(не использовать)Картофель вега 1 репродукции бэби мытый сетка домик 1,5кг",raw.r1c_nomenclature_current,1,1
Номенклатура — current,(не использовать)Картофель вега 1 репродукции бэби мытый сетка домик 2кг,raw.r1c_nomenclature_current,1,1
Номенклатура — current,"(не использовать)Картофель вега 1 репродукции вукуумированный 0,5кг",raw.r1c_nomenclature_current,1,1
Номенклатура — current,(не использовать)Картофель вега 1 репродукции вукуумированный 1кг,raw.r1c_nomenclature_current,1,1
Номенклатура — current,(не использовать)Картофель вега 1 репродукции вукуумированный 5кг,raw.r1c_nomenclature_current,1,1
Номенклатура — current,(не использовать)Картофель вега 1 репродукции мытый сетка 25кг,raw.r1c_nomenclature_current,1,1
Номенклатура — current,(не использовать)Картофель вега 1 репродукции нарезанный дольками 1кг,raw.r1c_nomenclature_current,1,1
Номенклатура — current,(не использовать)Картофель вега 1 репродукции нарезанный дольками 5кг,raw.r1c_nomenclature_current,1,1
Номенклатура — current,(не использовать)Картофель вега 1 репродукции нарезанный кубиком 1кг,raw.r1c_nomenclature_current,1,1
Номенклатура — current,(не использовать)Картофель вега 1 репродукции нарезанный кубиком 5кг,raw.r1c_nomenclature_current,1,1
Номенклатура — current,(не использовать)Картофель вега 1 репродукции нарезанный слайсами 1кг,raw.r1c_nomenclature_current,1,1
Номенклатура — current,(не использовать)Картофель вега 1 репродукции нарезанный слайсами 5кг,raw.r1c_nomenclature_current,1,1
Номенклатура — current,(не использовать)Картофель вега 1 репродукции нарезанный соломкой 1кг,raw.r1c_nomenclature_current,1,1
Номенклатура — current,(не использовать)Картофель вега 1 репродукции нарезанный соломкой 5кг,raw.r1c_nomenclature_current,1,1
Номенклатура — current,"(не использовать)Картофель вега 1 репродукции отборный мытый сетка домик 2,5кг",raw.r1c_nomenclature_current,1,1
Номенклатура — current,(не использовать)Картофель вега 1 репродукции отборный мытый сетка домик 3кг,raw.r1c_nomenclature_current,1,1
Номенклатура — current,(не использовать)Картофель вега 1 репродукции отборный не мытый сетка 10кг,raw.r1c_nomenclature_current,1,1
Номенклатура — current,"(не использовать)Картофель вега 1 репродукции отборный не мытый сетка 2,5кг",raw.r1c_nomenclature_current,1,1
Номенклатура — current,(не использовать)Картофель вега 1 репродукции отборный не мытый сетка 25кг,raw.r1c_nomenclature_current,1,1
Номенклатура — current,(не использовать)Картофель вега 1 репродукции отборный не мытый сетка 3кг,raw.r1c_nomenclature_current,1,1
Номенклатура — current,(не использовать)Картофель вега 1 репродукции отборный не мытый сетка 5кг,raw.r1c_nomenclature_current,1,1
Номенклатура — current,"(не использовать)Картофель вега 1 репродукции пастеризованный 0,5кг",raw.r1c_nomenclature_current,1,1
Номенклатура — current,(не использовать)Картофель вега 1 репродукции пастеризованный 1кг,raw.r1c_nomenclature_current,1,1
Номенклатура — current,(не использовать)Картофель вега 1 репродукции пастеризованный 5кг,raw.r1c_nomenclature_current,1,1
Номенклатура — current,(не использовать)Картофель вега 1 репродукции семенной биг бэг 1000кг,raw.r1c_nomenclature_current,1,1
Номенклатура — current,(не использовать)Картофель вега 1 репродукции семенной сетка 25кг,raw.r1c_nomenclature_current,1,1
Номенклатура — current,"(не использовать)Картофель вега 2 репродукции бэби мытый сетка домик 1,5кг",raw.r1c_nomenclature_current,1,1
Номенклатура — current,(не использовать)Картофель вега 2 репродукции бэби мытый сетка домик 2кг,raw.r1c_nomenclature_current,1,1
Номенклатура — current,"(не использовать)Картофель вега 2 репродукции вукуумированный 0,5кг",raw.r1c_nomenclature_current,1,1
Номенклатура — current,(не использовать)Картофель вега 2 репродукции вукуумированный 1кг,raw.r1c_nomenclature_current,1,1
Номенклатура — current,(не использовать)Картофель вега 2 репродукции вукуумированный 5кг,raw.r1c_nomenclature_current,1,1
Номенклатура — current,(не использовать)Картофель вега 2 репродукции мытый сетка 25кг,raw.r1c_nomenclature_current,1,1
Номенклатура — current,(не использовать)Картофель вега 2 репродукции нарезанный дольками 1кг,raw.r1c_nomenclature_current,1,1
Номенклатура — current,(не использовать)Картофель вега 2 репродукции нарезанный дольками 5кг,raw.r1c_nomenclature_current,1,1
Номенклатура — current,(не использовать)Картофель вега 2 репродукции нарезанный кубиком 1кг,raw.r1c_nomenclature_current,1,1
Номенклатура — current,(не использовать)Картофель вега 2 репродукции нарезанный кубиком 5кг,raw.r1c_nomenclature_current,1,1
Номенклатура — current,(не использовать)Картофель вега 2 репродукции нарезанный слайсами 1кг,raw.r1c_nomenclature_current,1,1
Номенклатура — current,(не использовать)Картофель вега 2 репродукции нарезанный слайсами 5кг,raw.r1c_nomenclature_current,1,1
Номенклатура — current,(не использовать)Картофель вега 2 репродукции нарезанный соломкой 1кг,raw.r1c_nomenclature_current,1,1
Номенклатура — current,(не использовать)Картофель вега 2 репродукции нарезанный соломкой 5кг,raw.r1c_nomenclature_current,1,1
Номенклатура — current,"(не использовать)Картофель вега 2 репродукции отборный мытый сетка домик 2,5кг",raw.r1c_nomenclature_current,1,1
Номенклатура — current,(не использовать)Картофель вега 2 репродукции отборный мытый сетка домик 3кг,raw.r1c_nomenclature_current,1,1
Номенклатура — current,(не использовать)Картофель вега 2 репродукции отборный не мытый сетка 10кг,raw.r1c_nomenclature_current,1,1
Номенклатура — current,"(не использовать)Картофель вега 2 репродукции отборный не мытый сетка 2,5кг",raw.r1c_nomenclature_current,1,1
Номенклатура — current,(не использовать)Картофель вега 2 репродукции отборный не мытый сетка 25кг,raw.r1c_nomenclature_current,1,1
Номенклатура — current,(не использовать)Картофель вега 2 репродукции отборный не мытый сетка 3кг,raw.r1c_nomenclature_current,1,1
Номенклатура — current,(не использовать)Картофель вега 2 репродукции отборный не мытый сетка 5кг,raw.r1c_nomenclature_current,1,1
Номенклатура — current,"(не использовать)Картофель вега 2 репродукции пастеризованный 0,5кг",raw.r1c_nomenclature_current,1,1
Номенклатура — current,(не использовать)Картофель вега 2 репродукции пастеризованный 1кг,raw.r1c_nomenclature_current,1,1
Номенклатура — current,(не использовать)Картофель вега 2 репродукции пастеризованный 5кг,raw.r1c_nomenclature_current,1,1
Номенклатура — current,(не использовать)Картофель вега 2 репродукции семенной биг бэг 1000кг,raw.r1c_nomenclature_current,1,1
Номенклатура — current,(не использовать)Картофель вега 2 репродукции семенной сетка 25кг,raw.r1c_nomenclature_current,1,1
Номенклатура — current,"(не использовать)Картофель гала 1 репродукции бэби мытый сетка домик 1,5кг",raw.r1c_nomenclature_current,1,1
Номенклатура — current,(не использовать)Картофель гала 1 репродукции бэби мытый сетка домик 2кг,raw.r1c_nomenclature_current,1,1
Номенклатура — current,"(не использовать)Картофель гала 1 репродукции вукуумированный 0,5кг",raw.r1c_nomenclature_current,1,1
Номенклатура — current,(не использовать)Картофель гала 1 репродукции вукуумированный 1кг,raw.r1c_nomenclature_current,1,1
Номенклатура — current,(не использовать)Картофель гала 1 репродукции вукуумированный 5кг,raw.r1c_nomenclature_current,1,1
Номенклатура — current,(не использовать)Картофель гала 1 репродукции мытый сетка 25кг,raw.r1c_nomenclature_current,1,1
Номенклатура — current,(не использовать)Картофель гала 1 репродукции нарезанный дольками 1кг,raw.r1c_nomenclature_current,1,1
Номенклатура — current,(не использовать)Картофель гала 1 репродукции нарезанный дольками 5кг,raw.r1c_nomenclature_current,1,1
Номенклатура — current,(не использовать)Картофель гала 1 репродукции нарезанный кубиком 1кг,raw.r1c_nomenclature_current,1,1
Номенклатура — current,(не использовать)Картофель гала 1 репродукции нарезанный кубиком 5кг,raw.r1c_nomenclature_current,1,1
Номенклатура — current,(не использовать)Картофель гала 1 репродукции нарезанный слайсами 1кг,raw.r1c_nomenclature_current,1,1
Номенклатура — current,(не использовать)Картофель гала 1 репродукции нарезанный слайсами 5кг,raw.r1c_nomenclature_current,1,1
Номенклатура — current,(не использовать)Картофель гала 1 репродукции нарезанный соломкой 1кг,raw.r1c_nomenclature_current,1,1
Номенклатура — current,(не использовать)Картофель гала 1 репродукции нарезанный соломкой 5кг,raw.r1c_nomenclature_current,1,1
Номенклатура — current,(не использовать)Картофель гала 1 репродукции отборный мытый сетка домик 3кг,raw.r1c_nomenclature_current,1,1
Номенклатура — current,(не использовать)Картофель гала 1 репродукции отборный не мытый сетка 10кг,raw.r1c_nomenclature_current,1,1
Номенклатура — current,"(не использовать)Картофель гала 1 репродукции отборный не мытый сетка 2,5кг",raw.r1c_nomenclature_current,1,1
Номенклатура — current,(не использовать)Картофель гала 1 репродукции отборный не мытый сетка 25кг,raw.r1c_nomenclature_current,1,1
Номенклатура — current,(не использовать)Картофель гала 1 репродукции отборный не мытый сетка 3кг,raw.r1c_nomenclature_current,1,1
Номенклатура — current,(не использовать)Картофель гала 1 репродукции отборный не мытый сетка 5кг,raw.r1c_nomenclature_current,1,1
Номенклатура — current,"(не использовать)Картофель гала 1 репродукции пастеризованный 0,5кг",raw.r1c_nomenclature_current,1,1
Номенклатура — current,(не использовать)Картофель гала 1 репродукции пастеризованный 1кг,raw.r1c_nomenclature_current,1,1
Номенклатура — current,(не использовать)Картофель гала 1 репродукции пастеризованный 5кг,raw.r1c_nomenclature_current,1,1
Номенклатура — current,(не использовать)Картофель гала 1 репродукции семенной биг бэг 1000кг,raw.r1c_nomenclature_current,1,1
Номенклатура — current,(не использовать)Картофель гала 1 репродукции семенной сетка 25кг,raw.r1c_nomenclature_current,1,1
Номенклатура — current,"(не использовать)Картофель гала 2 репродукции бэби мытый сетка домик 1,5кг",raw.r1c_nomenclature_current,1,1
Номенклатура — current,(не использовать)Картофель гала 2 репродукции бэби мытый сетка домик 2кг,raw.r1c_nomenclature_current,1,1
Номенклатура — current,"(не использовать)Картофель гала 2 репродукции вукуумированный 0,5кг",raw.r1c_nomenclature_current,1,1
Номенклатура — current,(не использовать)Картофель гала 2 репродукции вукуумированный 1кг,raw.r1c_nomenclature_current,1,1
Номенклатура — current,(не использовать)Картофель гала 2 репродукции вукуумированный 5кг,raw.r1c_nomenclature_current,1,1
Номенклатура — current,(не использовать)Картофель гала 2 репродукции мытый сетка 25кг,raw.r1c_nomenclature_current,1,1
Номенклатура — current,(не использовать)Картофель гала 2 репродукции нарезанный дольками 1кг,raw.r1c_nomenclature_current,1,1
Номенклатура — current,(не использовать)Картофель гала 2 репродукции нарезанный дольками 5кг,raw.r1c_nomenclature_current,1,1
Номенклатура — current,(не использовать)Картофель гала 2 репродукции нарезанный кубиком 1кг,raw.r1c_nomenclature_current,1,1
Номенклатура — current,(не использовать)Картофель гала 2 репродукции нарезанный кубиком 5кг,raw.r1c_nomenclature_current,1,1
Номенклатура — current,(не использовать)Картофель гала 2 репродукции нарезанный слайсами 1кг,raw.r1c_nomenclature_current,1,1
Номенклатура — current,(не использовать)Картофель гала 2 репродукции нарезанный слайсами 5кг,raw.r1c_nomenclature_current,1,1
Номенклатура — current,(не использовать)Картофель гала 2 репродукции нарезанный соломкой 1кг,raw.r1c_nomenclature_current,1,1
Номенклатура — current,(не использовать)Картофель гала 2 репродукции нарезанный соломкой 5кг,raw.r1c_nomenclature_current,1,1
Номенклатура — current,"(не использовать)Картофель гала 2 репродукции отборный мытый сетка домик 2,5кг",raw.r1c_nomenclature_current,1,1
Номенклатура — current,(не использовать)Картофель гала 2 репродукции отборный мытый сетка домик 3кг,raw.r1c_nomenclature_current,1,1
Номенклатура — current,(не использовать)Картофель гала 2 репродукции отборный не мытый сетка 10кг,raw.r1c_nomenclature_current,1,1
Номенклатура — current,"(не использовать)Картофель гала 2 репродукции отборный не мытый сетка 2,5кг",raw.r1c_nomenclature_current,1,1
Номенклатура — current,(не использовать)Картофель гала 2 репродукции отборный не мытый сетка 25кг,raw.r1c_nomenclature_current,1,1
Номенклатура — current,(не использовать)Картофель гала 2 репродукции отборный не мытый сетка 3кг,raw.r1c_nomenclature_current,1,1
Номенклатура — current,(не использовать)Картофель гала 2 репродукции отборный не мытый сетка 5кг,raw.r1c_nomenclature_current,1,1
Номенклатура — current,"(не использовать)Картофель гала 2 репродукции пастеризованный 0,5кг",raw.r1c_nomenclature_current,1,1
Номенклатура — current,(не использовать)Картофель гала 2 репродукции пастеризованный 1кг,raw.r1c_nomenclature_current,1,1
Номенклатура — current,(не использовать)Картофель гала 2 репродукции пастеризованный 5кг,raw.r1c_nomenclature_current,1,1
Номенклатура — current,(не использовать)Картофель гала 2 репродукции семенной биг бэг 1000кг,raw.r1c_nomenclature_current,1,1
Номенклатура — current,(не использовать)Картофель гала 2 репродукции семенной сетка 25кг,raw.r1c_nomenclature_current,1,1
Номенклатура — current,"(не использовать)Картофель коломбо 1 репродукции бэби мытый сетка домик 1,5кг",raw.r1c_nomenclature_current,1,1
Номенклатура — current,(не использовать)Картофель коломбо 1 репродукции бэби мытый сетка домик 2кг,raw.r1c_nomenclature_current,1,1
Номенклатура — current,"(не использовать)Картофель коломбо 1 репродукции вукуумированный 0,5кг",raw.r1c_nomenclature_current,1,1
Номенклатура — current,(не использовать)Картофель коломбо 1 репродукции вукуумированный 1кг,raw.r1c_nomenclature_current,1,1
Номенклатура — current,(не использовать)Картофель коломбо 1 репродукции вукуумированный 5кг,raw.r1c_nomenclature_current,1,1
Номенклатура — current,(не использовать)Картофель коломбо 1 репродукции мытый сетка 25кг,raw.r1c_nomenclature_current,1,1
Номенклатура — current,(не использовать)Картофель коломбо 1 репродукции нарезанный дольками 1кг,raw.r1c_nomenclature_current,1,1
Номенклатура — current,(не использовать)Картофель коломбо 1 репродукции нарезанный дольками 5кг,raw.r1c_nomenclature_current,1,1
Номенклатура — current,(не использовать)Картофель коломбо 1 репродукции нарезанный кубиком 1кг,raw.r1c_nomenclature_current,1,1
Номенклатура — current,(не использовать)Картофель коломбо 1 репродукции нарезанный кубиком 5кг,raw.r1c_nomenclature_current,1,1
Номенклатура — current,(не использовать)Картофель коломбо 1 репродукции нарезанный слайсами 1кг,raw.r1c_nomenclature_current,1,1
Номенклатура — current,(не использовать)Картофель коломбо 1 репродукции нарезанный слайсами 5кг,raw.r1c_nomenclature_current,1,1
Номенклатура — current,(не использовать)Картофель коломбо 1 репродукции нарезанный соломкой 1кг,raw.r1c_nomenclature_current,1,1
Номенклатура — current,(не использовать)Картофель коломбо 1 репродукции нарезанный соломкой 5кг,raw.r1c_nomenclature_current,1,1
Номенклатура — current,"(не использовать)Картофель коломбо 1 репродукции отборный мытый сетка домик 2,5кг",raw.r1c_nomenclature_current,1,1
Номенклатура — current,(не использовать)Картофель коломбо 1 репродукции отборный мытый сетка домик 3кг,raw.r1c_nomenclature_current,1,1
Номенклатура — current,(не использовать)Картофель коломбо 1 репродукции отборный не мытый сетка 10кг,raw.r1c_nomenclature_current,1,1
Номенклатура — current,"(не использовать)Картофель коломбо 1 репродукции отборный не мытый сетка 2,5кг",raw.r1c_nomenclature_current,1,1
Номенклатура — current,(не использовать)Картофель коломбо 1 репродукции отборный не мытый сетка 25кг,raw.r1c_nomenclature_current,1,1
Номенклатура — current,(не использовать)Картофель коломбо 1 репродукции отборный не мытый сетка 3кг,raw.r1c_nomenclature_current,1,1
Номенклатура — current,(не использовать)Картофель коломбо 1 репродукции отборный не мытый сетка 5кг,raw.r1c_nomenclature_current,1,1
Номенклатура — current,"(не использовать)Картофель коломбо 1 репродукции пастеризованный 0,5кг",raw.r1c_nomenclature_current,1,1
Номенклатура — current,(не использовать)Картофель коломбо 1 репродукции пастеризованный 1кг,raw.r1c_nomenclature_current,1,1
Номенклатура — current,(не использовать)Картофель коломбо 1 репродукции пастеризованный 5кг,raw.r1c_nomenclature_current,1,1
Номенклатура — current,(не использовать)Картофель коломбо 1 репродукции семенной биг бэг 1000кг,raw.r1c_nomenclature_current,1,1
Номенклатура — current,(не использовать)Картофель коломбо 1 репродукции семенной сетка 25кг,raw.r1c_nomenclature_current,1,1
Номенклатура — current,"(не использовать)Картофель коломбо 2 репродукции бэби мытый сетка домик 1,5кг",raw.r1c_nomenclature_current,1,1
Номенклатура — current,(не использовать)Картофель коломбо 2 репродукции бэби мытый сетка домик 2кг,raw.r1c_nomenclature_current,1,1
Номенклатура — current,"(не использовать)Картофель коломбо 2 репродукции вукуумированный 0,5кг",raw.r1c_nomenclature_current,1,1
Номенклатура — current,(не использовать)Картофель коломбо 2 репродукции вукуумированный 1кг,raw.r1c_nomenclature_current,1,1
Номенклатура — current,(не использовать)Картофель коломбо 2 репродукции вукуумированный 5кг,raw.r1c_nomenclature_current,1,1
Номенклатура — current,(не использовать)Картофель коломбо 2 репродукции мытый сетка 25кг,raw.r1c_nomenclature_current,1,1
Номенклатура — current,(не использовать)Картофель коломбо 2 репродукции нарезанный дольками 1кг,raw.r1c_nomenclature_current,1,1
Номенклатура — current,(не использовать)Картофель коломбо 2 репродукции нарезанный дольками 5кг,raw.r1c_nomenclature_current,1,1
Номенклатура — current,(не использовать)Картофель коломбо 2 репродукции нарезанный кубиком 1кг,raw.r1c_nomenclature_current,1,1
Номенклатура — current,(не использовать)Картофель коломбо 2 репродукции нарезанный кубиком 5кг,raw.r1c_nomenclature_current,1,1
Номенклатура — current,(не использовать)Картофель коломбо 2 репродукции нарезанный слайсами 1кг,raw.r1c_nomenclature_current,1,1
Номенклатура — current,(не использовать)Картофель коломбо 2 репродукции нарезанный слайсами 5кг,raw.r1c_nomenclature_current,1,1
Номенклатура — current,(не использовать)Картофель коломбо 2 репродукции нарезанный соломкой 1кг,raw.r1c_nomenclature_current,1,1
Номенклатура — current,(не использовать)Картофель коломбо 2 репродукции нарезанный соломкой 5кг,raw.r1c_nomenclature_current,1,1
Номенклатура — current,"(не использовать)Картофель коломбо 2 репродукции отборный мытый сетка домик 2,5кг",raw.r1c_nomenclature_current,1,1
Номенклатура — current,(не использовать)Картофель коломбо 2 репродукции отборный мытый сетка домик 3кг,raw.r1c_nomenclature_current,1,1
Номенклатура — current,(не использовать)Картофель коломбо 2 репродукции отборный не мытый сетка 10кг,raw.r1c_nomenclature_current,1,1
Номенклатура — current,"(не использовать)Картофель коломбо 2 репродукции отборный не мытый сетка 2,5кг",raw.r1c_nomenclature_current,1,1
Номенклатура — current,(не использовать)Картофель коломбо 2 репродукции отборный не мытый сетка 25кг,raw.r1c_nomenclature_current,1,1
Номенклатура — current,(не использовать)Картофель коломбо 2 репродукции отборный не мытый сетка 3кг,raw.r1c_nomenclature_current,1,1
Номенклатура — current,(не использовать)Картофель коломбо 2 репродукции отборный не мытый сетка 5кг,raw.r1c_nomenclature_current,1,1
Номенклатура — current,"(не использовать)Картофель коломбо 2 репродукции пастеризованный 0,5кг",raw.r1c_nomenclature_current,1,1
Номенклатура — current,(не использовать)Картофель коломбо 2 репродукции пастеризованный 1кг,raw.r1c_nomenclature_current,1,1
Номенклатура — current,(не использовать)Картофель коломбо 2 репродукции пастеризованный 5кг,raw.r1c_nomenclature_current,1,1
Номенклатура — current,(не использовать)Картофель коломбо 2 репродукции семенной биг бэг 1000кг,raw.r1c_nomenclature_current,1,1
Номенклатура — current,(не использовать)Картофель коломбо 2 репродукции семенной сетка 25кг,raw.r1c_nomenclature_current,1,1
Номенклатура — current,"(не использовать)Картофель ред скарлетт 1 репродукции бэби мытый сетка домик 1,5кг",raw.r1c_nomenclature_current,1,1
Номенклатура — current,(не использовать)Картофель ред скарлетт 1 репродукции бэби мытый сетка домик 2кг,raw.r1c_nomenclature_current,1,1
Номенклатура — current,"(не использовать)Картофель ред скарлетт 1 репродукции вукуумированный 0,5кг",raw.r1c_nomenclature_current,1,1
Номенклатура — current,(не использовать)Картофель ред скарлетт 1 репродукции вукуумированный 1кг,raw.r1c_nomenclature_current,1,1
Номенклатура — current,(не использовать)Картофель ред скарлетт 1 репродукции вукуумированный 5кг,raw.r1c_nomenclature_current,1,1
Номенклатура — current,(не использовать)Картофель ред скарлетт 1 репродукции мытый сетка 25кг,raw.r1c_nomenclature_current,1,1
Номенклатура — current,(не использовать)Картофель ред скарлетт 1 репродукции нарезанный дольками 1кг,raw.r1c_nomenclature_current,1,1
Номенклатура — current,(не использовать)Картофель ред скарлетт 1 репродукции нарезанный дольками 5кг,raw.r1c_nomenclature_current,1,1
Номенклатура — current,(не использовать)Картофель ред скарлетт 1 репродукции нарезанный кубиком 1кг,raw.r1c_nomenclature_current,1,1
Номенклатура — current,(не использовать)Картофель ред скарлетт 1 репродукции нарезанный кубиком 5кг,raw.r1c_nomenclature_current,1,1
Номенклатура — current,(не использовать)Картофель ред скарлетт 1 репродукции нарезанный слайсами 1кг,raw.r1c_nomenclature_current,1,1
Номенклатура — current,(не использовать)Картофель ред скарлетт 1 репродукции нарезанный слайсами 5кг,raw.r1c_nomenclature_current,1,1
Номенклатура — current,(не использовать)Картофель ред скарлетт 1 репродукции нарезанный соломкой 1кг,raw.r1c_nomenclature_current,1,1
Номенклатура — current,(не использовать)Картофель ред скарлетт 1 репродукции нарезанный соломкой 5кг,raw.r1c_nomenclature_current,1,1
Номенклатура — current,"(не использовать)Картофель ред скарлетт 1 репродукции отборный мытый сетка домик 2,5кг",raw.r1c_nomenclature_current,1,1
Номенклатура — current,(не использовать)Картофель ред скарлетт 1 репродукции отборный мытый сетка домик 3кг,raw.r1c_nomenclature_current,1,1
Номенклатура — current,(не использовать)Картофель ред скарлетт 1 репродукции отборный не мытый сетка 10кг,raw.r1c_nomenclature_current,1,1
Номенклатура — current,"(не использовать)Картофель ред скарлетт 1 репродукции отборный не мытый сетка 2,5кг",raw.r1c_nomenclature_current,1,1
Номенклатура — current,(не использовать)Картофель ред скарлетт 1 репродукции отборный не мытый сетка 25кг,raw.r1c_nomenclature_current,1,1
Номенклатура — current,(не использовать)Картофель ред скарлетт 1 репродукции отборный не мытый сетка 3кг,raw.r1c_nomenclature_current,1,1
Номенклатура — current,(не использовать)Картофель ред скарлетт 1 репродукции отборный не мытый сетка 5кг,raw.r1c_nomenclature_current,1,1
Номенклатура — current,"(не использовать)Картофель ред скарлетт 1 репродукции пастеризованный 0,5кг",raw.r1c_nomenclature_current,1,1
Номенклатура — current,(не использовать)Картофель ред скарлетт 1 репродукции пастеризованный 1кг,raw.r1c_nomenclature_current,1,1
Номенклатура — current,(не использовать)Картофель ред скарлетт 1 репродукции пастеризованный 5кг,raw.r1c_nomenclature_current,1,1
Номенклатура — current,(не использовать)Картофель ред скарлетт 1 репродукции семенной биг бэг 1000кг,raw.r1c_nomenclature_current,1,1
Номенклатура — current,(не использовать)Картофель ред скарлетт 1 репродукции семенной сетка 25кг,raw.r1c_nomenclature_current,1,1
Номенклатура — current,"(не использовать)Картофель ред скарлетт 2 репродукции бэби мытый сетка домик 1,5кг",raw.r1c_nomenclature_current,1,1
Номенклатура — current,(не использовать)Картофель ред скарлетт 2 репродукции бэби мытый сетка домик 2кг,raw.r1c_nomenclature_current,1,1
Номенклатура — current,"(не использовать)Картофель ред скарлетт 2 репродукции вукуумированный 0,5кг",raw.r1c_nomenclature_current,1,1
Номенклатура — current,(не использовать)Картофель ред скарлетт 2 репродукции вукуумированный 1кг,raw.r1c_nomenclature_current,1,1
Номенклатура — current,(не использовать)Картофель ред скарлетт 2 репродукции вукуумированный 5кг,raw.r1c_nomenclature_current,1,1
Номенклатура — current,(не использовать)Картофель ред скарлетт 2 репродукции мытый сетка 25кг,raw.r1c_nomenclature_current,1,1
Номенклатура — current,(не использовать)Картофель ред скарлетт 2 репродукции нарезанный дольками 1кг,raw.r1c_nomenclature_current,1,1
Номенклатура — current,(не использовать)Картофель ред скарлетт 2 репродукции нарезанный дольками 5кг,raw.r1c_nomenclature_current,1,1
Номенклатура — current,(не использовать)Картофель ред скарлетт 2 репродукции нарезанный кубиком 1кг,raw.r1c_nomenclature_current,1,1
Номенклатура — current,(не использовать)Картофель ред скарлетт 2 репродукции нарезанный кубиком 5кг,raw.r1c_nomenclature_current,1,1
Номенклатура — current,(не использовать)Картофель ред скарлетт 2 репродукции нарезанный слайсами 1кг,raw.r1c_nomenclature_current,1,1
Номенклатура — current,(не использовать)Картофель ред скарлетт 2 репродукции нарезанный слайсами 5кг,raw.r1c_nomenclature_current,1,1
Номенклатура — current,(не использовать)Картофель ред скарлетт 2 репродукции нарезанный соломкой 1кг,raw.r1c_nomenclature_current,1,1
Номенклатура — current,(не использовать)Картофель ред скарлетт 2 репродукции нарезанный соломкой 5кг,raw.r1c_nomenclature_current,1,1
Номенклатура — current,"(не использовать)Картофель ред скарлетт 2 репродукции отборный мытый сетка домик 2,5кг",raw.r1c_nomenclature_current,1,1
Номенклатура — current,(не использовать)Картофель ред скарлетт 2 репродукции отборный мытый сетка домик 3кг,raw.r1c_nomenclature_current,1,1
Номенклатура — current,(не использовать)Картофель ред скарлетт 2 репродукции отборный не мытый сетка 10кг,raw.r1c_nomenclature_current,1,1
Номенклатура — current,"(не использовать)Картофель ред скарлетт 2 репродукции отборный не мытый сетка 2,5кг",raw.r1c_nomenclature_current,1,1
Номенклатура — current,(не использовать)Картофель ред скарлетт 2 репродукции отборный не мытый сетка 25кг,raw.r1c_nomenclature_current,1,1
Номенклатура — current,(не использовать)Картофель ред скарлетт 2 репродукции отборный не мытый сетка 3кг,raw.r1c_nomenclature_current,1,1
Номенклатура — current,(не использовать)Картофель ред скарлетт 2 репродукции отборный не мытый сетка 5кг,raw.r1c_nomenclature_current,1,1
Номенклатура — current,"(не использовать)Картофель ред скарлетт 2 репродукции пастеризованный 0,5кг",raw.r1c_nomenclature_current,1,1
Номенклатура — current,(не использовать)Картофель ред скарлетт 2 репродукции пастеризованный 1кг,raw.r1c_nomenclature_current,1,1
Номенклатура — current,(не использовать)Картофель ред скарлетт 2 репродукции пастеризованный 5кг,raw.r1c_nomenclature_current,1,1
Номенклатура — current,(не использовать)Картофель ред скарлетт 2 репродукции семенной биг бэг 1000кг,raw.r1c_nomenclature_current,1,1
Номенклатура — current,(не использовать)Картофель ред скарлетт 2 репродукции семенной сетка 25кг,raw.r1c_nomenclature_current,1,1
Номенклатура — current,(не использовать)Кафом Са,raw.r1c_nomenclature_current,1,1
Номенклатура — current,"(не использовать)Квикстеп, МКЭ (130+80 г/л)",raw.r1c_nomenclature_current,1,1
Номенклатура — current,"(не использовать)Кредо,СК (500г/л)",raw.r1c_nomenclature_current,1,1
Номенклатура — current,(не использовать)Лазурит СП,raw.r1c_nomenclature_current,1,1
Номенклатура — current,"(не использовать)Лазурит Супер,КНЭ (270г/л)",raw.r1c_nomenclature_current,1,1
Номенклатура — current,(не использовать)Лонтрел-300 ВР 5Л,raw.r1c_nomenclature_current,1,1
Номенклатура — current,"(не использовать)Манкоцеб,СП",raw.r1c_nomenclature_current,1,1
Номенклатура — current,"(не использовать)Метаксил,СП (640-80 г/кг)",raw.r1c_nomenclature_current,1,1
Номенклатура — current,(не использовать)Микроудобрение силиплант универсальный,raw.r1c_nomenclature_current,1,1
Номенклатура — current,"(не использовать)Миура,КЭ (125г/л)",raw.r1c_nomenclature_current,1,1
Номенклатура — current,(не использовать)Наполнитель биг-бэгов NB-1,raw.r1c_nomenclature_current,1,1
Номенклатура — current,"(не использовать)Ордан, СП (689+42 г/кг)",raw.r1c_nomenclature_current,1,1
Номенклатура — current,(не использовать)Пакет 350*500 PET/PE,raw.r1c_nomenclature_current,1,1
Номенклатура — current,"(не использовать)Пилот,ВСК  (700г/л)",raw.r1c_nomenclature_current,1,1
Номенклатура — current,"(не использовать)Полифем,Ж",raw.r1c_nomenclature_current,1,1
Номенклатура — current,"(не использовать)Премиум картофель северное сияние 1 репродукции мытый сетка домик 1,5 кг",raw.r1c_nomenclature_current,1,1
Номенклатура — current,(не использовать)Премиум картофель северное сияние 1 репродукции мытый сетка домик 25 кг,raw.r1c_nomenclature_current,1,1
Номенклатура — current,(не использовать)Премиум картофель северное сияние 1 репродукции нарезанный дольками 1 кг,raw.r1c_nomenclature_current,1,1
Номенклатура — current,(не использовать)Премиум картофель северное сияние 1 репродукции нарезанный дольками 5 кг,raw.r1c_nomenclature_current,1,1
Номенклатура — current,(не использовать)Премиум картофель северное сияние 1 репродукции нарезанный кубиком 1 кг,raw.r1c_nomenclature_current,1,1
Номенклатура — current,(не использовать)Премиум картофель северное сияние 1 репродукции нарезанный кубиком 5 кг,raw.r1c_nomenclature_current,1,1
Номенклатура — current,(не использовать)Премиум картофель северное сияние 1 репродукции нарезанный слайсами 1 кг,raw.r1c_nomenclature_current,1,1
Номенклатура — current,(не использовать)Премиум картофель северное сияние 1 репродукции нарезанный слайсами 5 кг,raw.r1c_nomenclature_current,1,1
Номенклатура — current,(не использовать)Премиум картофель северное сияние 1 репродукции не мытый сетка домик 25 кг,raw.r1c_nomenclature_current,1,1
Номенклатура — current,"(не использовать)Премиум картофель северное сияние 1 репродукции очищенный 0,5 кг",raw.r1c_nomenclature_current,1,1
Номенклатура — current,(не использовать)Премиум картофель северное сияние 1 репродукции очищенный 1 кг,raw.r1c_nomenclature_current,1,1
Номенклатура — current,(не использовать)Премиум картофель северное сияние 1 репродукции очищенный 5 кг,raw.r1c_nomenclature_current,1,1
Номенклатура — current,"(не использовать)Премиум картофель северное сияние 1 репродукции пастеризованный 0,5 кг",raw.r1c_nomenclature_current,1,1
Номенклатура — current,(не использовать)Премиум картофель северное сияние 1 репродукции пастеризованный 1 кг,raw.r1c_nomenclature_current,1,1
Номенклатура — current,"(не использовать)Премиум картофель северное сияние 1 репродукции пастеризованный 2,5 кг",raw.r1c_nomenclature_current,1,1
Номенклатура — current,(не использовать)Премиум картофель северное сияние 2 репродукции мытый сетка домик 25 кг,raw.r1c_nomenclature_current,1,1
Номенклатура — current,(не использовать)Премиум картофель северное сияние 2 репродукции нарезанный дольками 1 кг,raw.r1c_nomenclature_current,1,1
Номенклатура — current,(не использовать)Премиум картофель северное сияние 2 репродукции нарезанный дольками 5 кг,raw.r1c_nomenclature_current,1,1
Номенклатура — current,(не использовать)Премиум картофель северное сияние 2 репродукции нарезанный кубиком 1 кг,raw.r1c_nomenclature_current,1,1
Номенклатура — current,(не использовать)Премиум картофель северное сияние 2 репродукции нарезанный кубиком 5 кг,raw.r1c_nomenclature_current,1,1
Номенклатура — current,(не использовать)Премиум картофель северное сияние 2 репродукции нарезанный слайсами 1 кг,raw.r1c_nomenclature_current,1,1
Номенклатура — current,(не использовать)Премиум картофель северное сияние 2 репродукции нарезанный слайсами 5 кг,raw.r1c_nomenclature_current,1,1
Номенклатура — current,(не использовать)Премиум картофель северное сияние 2 репродукции не мытый сетка домик 25 кг,raw.r1c_nomenclature_current,1,1
Номенклатура — current,"(не использовать)Премиум картофель северное сияние 2 репродукции очищенный 0,5 кг",raw.r1c_nomenclature_current,1,1
Номенклатура — current,(не использовать)Премиум картофель северное сияние 2 репродукции очищенный 1 кг,raw.r1c_nomenclature_current,1,1
Номенклатура — current,(не использовать)Премиум картофель северное сияние 2 репродукции очищенный 5 кг,raw.r1c_nomenclature_current,1,1
Номенклатура — current,"(не использовать)Премиум картофель северное сияние 2 репродукции пастеризованный 0,5 кг",raw.r1c_nomenclature_current,1,1
Номенклатура — current,(не использовать)Премиум картофель северное сияние 2 репродукции пастеризованный 1 кг,raw.r1c_nomenclature_current,1,1
Номенклатура — current,"(не использовать)Премиум картофель северное сияние 2 репродукции пастеризованный 2,5 кг",raw.r1c_nomenclature_current,1,1
Номенклатура — current,"(не использовать)Раек, КЭ (250г/л)",raw.r1c_nomenclature_current,1,1
Номенклатура — current,(не использовать)Разетка силовая переносная 3Р+РЕ 16А ИЭК,raw.r1c_nomenclature_current,1,1
Номенклатура — current,"(не использовать)Ревус Топ, СК",raw.r1c_nomenclature_current,1,1
Номенклатура — current,"(не использовать)Реглон Форте ,ВР",raw.r1c_nomenclature_current,1,1
Номенклатура — current,"(не использовать)Реглон супер,ВР",raw.r1c_nomenclature_current,1,1
Номенклатура — current,"(не использовать)Риас, КЭ",raw.r1c_nomenclature_current,1,1
Номенклатура — current,"(не использовать)Ридомил голд МЦ, ВДГ",raw.r1c_nomenclature_current,1,1
Номенклатура — current,"(не использовать)Ридомил, КЭ",raw.r1c_nomenclature_current,1,1
Номенклатура — current,(не использовать)Сетка мешок из полиэтилена 50*75 фиолетовый,raw.r1c_nomenclature_current,1,1
Номенклатура — current,(не использовать)Силиплант универсальный,raw.r1c_nomenclature_current,1,1
Номенклатура — current,"(не использовать)Симба, КЭ (960г/л)",raw.r1c_nomenclature_current,1,1
Номенклатура — current,"(не использовать)Синклер, СК (75г/л)",raw.r1c_nomenclature_current,1,1
Номенклатура — current,"(не использовать)Скор, КЭ",raw.r1c_nomenclature_current,1,1
Номенклатура — current,(не использовать)Табу Супер СК (400-100г/л),raw.r1c_nomenclature_current,1,1
Номенклатура — current,"(не использовать)Талант, СК (500г/л)",raw.r1c_nomenclature_current,1,1
Номенклатура — current,"(не использовать)Титус,СТС",raw.r1c_nomenclature_current,1,1
Номенклатура — current,"(не использовать)Торнадо 500, ВР",raw.r1c_nomenclature_current,1,1
Номенклатура — current,"(не использовать)Тренд-90,Ж",raw.r1c_nomenclature_current,1,1
Номенклатура — current,(не использовать)Удобрение азотно-фосфорно-калийное NPK =8.20.30 МКР,raw.r1c_nomenclature_current,1,1
Номенклатура — current,(не использовать)Удобрение азотное серосодержащее арки NS (26.13) МКР,raw.r1c_nomenclature_current,1,1
Номенклатура — current,(не использовать)Удобрение сложное марки NPK (S) 5:15:30(5)МКР,raw.r1c_nomenclature_current,1,1
Номенклатура — current,"(не использовать)Удобрение типа Калимаг гранулированный,фракция Н (3-5 мм)МКР",raw.r1c_nomenclature_current,1,1
Номенклатура — current,"(не использовать)Фалькон, КЭ (250+167+43 г/л)",raw.r1c_nomenclature_current,1,1
Номенклатура — current,(не использовать)Фертикс марки Б,raw.r1c_nomenclature_current,1,1
Номенклатура — current,"(не использовать)Фитоверм-М, КЭ",raw.r1c_nomenclature_current,1,1
Номенклатура — current,(не использовать)Фосфорно-калийное РК удобрение,raw.r1c_nomenclature_current,1,1
Номенклатура — current,(не использовать)Фронтьер Оптима КЭ (720 г/л),raw.r1c_nomenclature_current,1,1
Номенклатура — current,"(не использовать)Фюзилад Форте, КЭ",raw.r1c_nomenclature_current,1,1
Номенклатура — current,"(не использовать)Хакер, ВРГ (750г/л)",raw.r1c_nomenclature_current,1,1
Номенклатура — current,"(не использовать)Ци-Альфа, КЭ",raw.r1c_nomenclature_current,1,1
Номенклатура — current,(не использовать)Циркон природный регулятор роста,raw.r1c_nomenclature_current,1,1
Номенклатура — current,(не использовать)Чеснок,raw.r1c_nomenclature_current,1,1
Номенклатура — current,(не использовать)Чеснок Российский сетка-чулок 3 шт,raw.r1c_nomenclature_current,1,1
Номенклатура — current,(не использовать)Чеснок озимый сорт Гладиатор (многозубковая луковица),raw.r1c_nomenclature_current,1,1
Номенклатура — current,"(не использовать)Шарпей,МЭ (250г/л)",raw.r1c_nomenclature_current,1,1
Номенклатура — current,"(не использовать)Ширлан, СК",raw.r1c_nomenclature_current,1,1
Номенклатура — current,(не использовать)Эместо Квантум.КС,raw.r1c_nomenclature_current,1,1
Номенклатура — current,"(не использовать)Эскудо,ВДГ (500 г/кг)",raw.r1c_nomenclature_current,1,1
Номенклатура — current,"(не использовать)Юнимарк, ВДГ (700 г/кг метрибузина)",raw.r1c_nomenclature_current,1,1
Номенклатура — current,"(не использовать)Юниформ, СЭ",raw.r1c_nomenclature_current,1,1
Номенклатура — current,076.03535 ДИСК ФРИКЦ.ПРИВОДА Д.194 Ш.80,raw.r1c_nomenclature_current,1,1
Номенклатура — current,088.00556 КОЛЬЦО ИЗ PU (ПОЛИУРЕТ.) ШТ 45,raw.r1c_nomenclature_current,1,1
Номенклатура — current,1 сорт Балтик Роуз РС2 мелкий без полива,raw.r1c_nomenclature_current,1,1
Номенклатура — current,1 сорт Балтик Роуз РС2 мелкий полив,raw.r1c_nomenclature_current,1,1
Номенклатура — current,1 сорт Балтик Роуз РС2 стандарт без полива,raw.r1c_nomenclature_current,1,1
Номенклатура — current,1 сорт Балтик Роуз РС2 стандарт полив,raw.r1c_nomenclature_current,1,1
Номенклатура — current,1 сорт Балтик Роуз РС3 мелкий без полива,raw.r1c_nomenclature_current,1,1
Номенклатура — current,1 сорт Балтик Роуз РС3 мелкий полив,raw.r1c_nomenclature_current,1,1
Номенклатура — current,1 сорт Балтик Роуз РС3 стандарт без полива,raw.r1c_nomenclature_current,1,1
Номенклатура — current,1 сорт Балтик Роуз РС3 стандарт полив,raw.r1c_nomenclature_current,1,1
Номенклатура — current,1 сорт Вега РС1 мелкий без полива,raw.r1c_nomenclature_current,1,1
Номенклатура — current,1 сорт Вега РС1 мелкий полив,raw.r1c_nomenclature_current,1,1
Номенклатура — current,1 сорт Вега РС1 стандарт без полива,raw.r1c_nomenclature_current,1,1
Номенклатура — current,1 сорт Вега РС1 стандарт полив,raw.r1c_nomenclature_current,1,1
Номенклатура — current,1 сорт Вега РС2 мелкий полив,raw.r1c_nomenclature_current,1,1
Номенклатура — current,1 сорт Вега РС2 стандарт полив,raw.r1c_nomenclature_current,1,1
Номенклатура — current,1 сорт Вега РС3  мелкий без полива,raw.r1c_nomenclature_current,1,1
Номенклатура — current,1 сорт Вега РС3  мелкий полив,raw.r1c_nomenclature_current,1,1
Номенклатура — current,1 сорт Вега РС3  стандарт без полива,raw.r1c_nomenclature_current,1,1
Номенклатура — current,1 сорт Вега РС3  стандарт полив,raw.r1c_nomenclature_current,1,1
Номенклатура — current,1 сорт Вэнди РС1 мелкий без полива,raw.r1c_nomenclature_current,1,1
Номенклатура — current,1 сорт Вэнди РС1 мелкий полив,raw.r1c_nomenclature_current,1,1
Номенклатура — current,1 сорт Вэнди РС1 стандарт без полива,raw.r1c_nomenclature_current,1,1
Номенклатура — current,1 сорт Вэнди РС1 стандарт полив,raw.r1c_nomenclature_current,1,1
Номенклатура — current,1 сорт Вэнди РС2 мелкий полив,raw.r1c_nomenclature_current,1,1
Номенклатура — current,1 сорт Вэнди РС2 стандарт полив,raw.r1c_nomenclature_current,1,1
Номенклатура — current,1 сорт Вэнди РС4 мелкий без полива,raw.r1c_nomenclature_current,1,1
Номенклатура — current,1 сорт Вэнди РС4 мелкий полив,raw.r1c_nomenclature_current,1,1
Номенклатура — current,1 сорт Вэнди РС4 стандарт без полива,raw.r1c_nomenclature_current,1,1
Номенклатура — current,1 сорт Вэнди РС4 стандарт полив,raw.r1c_nomenclature_current,1,1
Номенклатура — current,1 сорт Гала РС1 мелкий без полива,raw.r1c_nomenclature_current,1,1
Номенклатура — current,1 сорт Гала РС1 мелкий полив,raw.r1c_nomenclature_current,1,1
Номенклатура — current,1 сорт Гала РС1 стандарт без полива,raw.r1c_nomenclature_current,1,1
Номенклатура — current,1 сорт Гала РС1 стандарт полив,raw.r1c_nomenclature_current,1,1
Номенклатура — current,1 сорт Гала РС2 мелкий без полива,raw.r1c_nomenclature_current,1,1
Номенклатура — current,1 сорт Гала РС2 мелкий полив,raw.r1c_nomenclature_current,1,1
Номенклатура — current,1 сорт Гала РС2 стандарт без полива,raw.r1c_nomenclature_current,1,1
Номенклатура — current,1 сорт Гала РС2 стандарт полив,raw.r1c_nomenclature_current,1,1
Номенклатура — current,1 сорт Гала РС3 мелкий без полива,raw.r1c_nomenclature_current,1,1
Номенклатура — current,1 сорт Гала РС3 мелкий полив,raw.r1c_nomenclature_current,1,1
Номенклатура — current,1 сорт Гала РС3 стандарт без полива,raw.r1c_nomenclature_current,1,1
Номенклатура — current,1 сорт Гала РС3 стандарт полив,raw.r1c_nomenclature_current,1,1
Номенклатура — current,1 сорт Георгий Комаров РС1 стандарт без полива,raw.r1c_nomenclature_current,1,1
Номенклатура — current,1 сорт Индиго РС3 мелкий без полива,raw.r1c_nomenclature_current,1,1
Номенклатура — current,1 сорт Индиго РС3 мелкий полив,raw.r1c_nomenclature_current,1,1
Номенклатура — current,1 сорт Индиго РС3 стандарт без полива,raw.r1c_nomenclature_current,1,1
Номенклатура — current,1 сорт Индиго РС3 стандарт полив,raw.r1c_nomenclature_current,1,1
Номенклатура — current,1 сорт Кармен РС2 мелкий без полива,raw.r1c_nomenclature_current,1,1
Номенклатура — current,1 сорт Кармен РС2 мелкий полив,raw.r1c_nomenclature_current,1,1
Номенклатура — current,1 сорт Кармен РС2 стандарт без полива,raw.r1c_nomenclature_current,1,1
Номенклатура — current,1 сорт Кармен РС2 стандарт полив,raw.r1c_nomenclature_current,1,1
Номенклатура — current,1 сорт Кармен РС3 мелкий без полива,raw.r1c_nomenclature_current,1,1
Номенклатура — current,1 сорт Кармен РС3 мелкий полив,raw.r1c_nomenclature_current,1,1
Номенклатура — current,1 сорт Кармен РС3 стандарт без полива,raw.r1c_nomenclature_current,1,1
Номенклатура — current,1 сорт Кармен РС3 стандарт полив,raw.r1c_nomenclature_current,1,1
Номенклатура — current,1 сорт Коломба РС1 мелкий без полива,raw.r1c_nomenclature_current,1,1
Номенклатура — current,1 сорт Коломба РС1 мелкий полив,raw.r1c_nomenclature_current,1,1
Номенклатура — current,1 сорт Коломба РС1 стандарт без полива,raw.r1c_nomenclature_current,1,1
Номенклатура — current,1 сорт Коломба РС1 стандарт полив,raw.r1c_nomenclature_current,1,1
Номенклатура — current,1 сорт Коломба РС2 мелкий без полива,raw.r1c_nomenclature_current,1,1
Номенклатура — current,1 сорт Коломба РС2 мелкий полив,raw.r1c_nomenclature_current,1,1
Номенклатура — current,1 сорт Коломба РС2 стандарт без полива,raw.r1c_nomenclature_current,1,1
Номенклатура — current,1 сорт Коломба РС2 стандарт полив,raw.r1c_nomenclature_current,1,1
Номенклатура — current,1 сорт Любаша РС1 стандарт без полива,raw.r1c_nomenclature_current,1,1
Номенклатура — current,1 сорт Любаша РС1 стандарт полив,raw.r1c_nomenclature_current,1,1
Номенклатура — current,1 сорт Мадейра РС2 мелкий без полива,raw.r1c_nomenclature_current,1,1
Номенклатура — current,1 сорт Мадейра РС2 мелкий полив,raw.r1c_nomenclature_current,1,1
Номенклатура — current,1 сорт Мадейра РС2 стандарт без полива,raw.r1c_nomenclature_current,1,1
Номенклатура — current,1 сорт Мадейра РС2 стандарт полив,raw.r1c_nomenclature_current,1,1
Номенклатура — current,1 сорт Северное сияние РС3 мелкий без полива,raw.r1c_nomenclature_current,1,1
Номенклатура — current,1 сорт Северное сияние РС3 мелкий полив,raw.r1c_nomenclature_current,1,1
Номенклатура — current,1 сорт Северное сияние РС3 стандарт без полива,raw.r1c_nomenclature_current,1,1
Номенклатура — current,1 сорт Северное сияние РС3 стандарт полив,raw.r1c_nomenclature_current,1,1
Номенклатура — current,1 сорт Фламинго РС1 мелкий без полива,raw.r1c_nomenclature_current,1,1
Номенклатура — current,1 сорт Фламинго РС1 мелкий полив,raw.r1c_nomenclature_current,1,1
Номенклатура — current,1 сорт Фламинго РС1 стандарт без полива,raw.r1c_nomenclature_current,1,1
Номенклатура — current,1 сорт Фламинго РС1 стандарт полив,raw.r1c_nomenclature_current,1,1
Номенклатура — current,1 сорт Фламинго РС2 мелкий полив,raw.r1c_nomenclature_current,1,1
Номенклатура — current,1 сорт Фламинго РС2 стандарт полив,raw.r1c_nomenclature_current,1,1
Номенклатура — current,1-й транспортер 1631-181-40,raw.r1c_nomenclature_current,1,1
Номенклатура — current,1. Детали ДВС и насосных агрегатов,raw.r1c_nomenclature_current,1,1
Номенклатура — current,1. Детали общего назначения,raw.r1c_nomenclature_current,2,2
Номенклатура — current,1. Система электроснабжения,raw.r1c_nomenclature_current,1,1
Номенклатура — current,1.01. Кабельная продукция,raw.r1c_nomenclature_current,1,1
Номенклатура — current,1.02. Светильники,raw.r1c_nomenclature_current,1,1
Номенклатура — current,1.03. Розетки,raw.r1c_nomenclature_current,1,1
Номенклатура — current,1.04. Вилки,raw.r1c_nomenclature_current,1,1
Номенклатура — current,1.05. Выключатели,raw.r1c_nomenclature_current,1,1
Номенклатура — current,1.06. Автоматы,raw.r1c_nomenclature_current,1,1
Номенклатура — current,1.07. УЗО,raw.r1c_nomenclature_current,1,1
Номенклатура — current,1.08. Частотные преобразователи,raw.r1c_nomenclature_current,1,1
Номенклатура — current,1.09. Стабилизаторы,raw.r1c_nomenclature_current,1,1
Номенклатура — current,1.1. Детали вращения,raw.r1c_nomenclature_current,2,2
Номенклатура — current,1.1. Детали топливной системы,raw.r1c_nomenclature_current,1,1
Номенклатура — current,1.1.1. Подшипниковый узел в сборе,raw.r1c_nomenclature_current,1,1
Номенклатура — current,1.1.10 Ленты транспортерные,raw.r1c_nomenclature_current,1,1
Номенклатура — current,1.1.2. Подшипники,raw.r1c_nomenclature_current,2,2
Номенклатура — current,1.1.3 Сальники,raw.r1c_nomenclature_current,1,1
Номенклатура — current,1.1.3. Сальники,raw.r1c_nomenclature_current,1,1
Номенклатура — current,1.1.4 Втулки,raw.r1c_nomenclature_current,1,1
Номенклатура — current,1.1.4. Втулки,raw.r1c_nomenclature_current,1,1
Номенклатура — current,1.1.5 Звезды и шестерни,raw.r1c_nomenclature_current,1,1
Номенклатура — current,1.1.5. Ремни,raw.r1c_nomenclature_current,1,1
Номенклатура — current,1.1.6 Ремни зубчатые,raw.r1c_nomenclature_current,1,1
Номенклатура — current,1.1.7 Цепи,raw.r1c_nomenclature_current,1,1
Номенклатура — current,1.1.8 Валы и ролики,raw.r1c_nomenclature_current,1,1
Номенклатура — current,1.1.9 Редуктора,raw.r1c_nomenclature_current,1,1
Номенклатура — current,1.10. Прочие материалы,raw.r1c_nomenclature_current,1,1
Номенклатура — current,1.11. Электрощиты,raw.r1c_nomenclature_current,1,1
Номенклатура — current,1.2. Детали системы охлаждения,raw.r1c_nomenclature_current,1,1
Номенклатура — current,1.2. Пневматические детали,raw.r1c_nomenclature_current,2,2
Номенклатура — current,1.2.1 Пневмоцилиндр,raw.r1c_nomenclature_current,1,1
Номенклатура — current,1.2.1. Пневмотрубки,raw.r1c_nomenclature_current,1,1
Номенклатура — current,1.2.2 Регуляторы давления,raw.r1c_nomenclature_current,1,1
Номенклатура — current,1.2.2. Фитинги,raw.r1c_nomenclature_current,1,1
Номенклатура — current,1.2.3 Пневмотичекие шланги,raw.r1c_nomenclature_current,1,1
Номенклатура — current,1.2.3. Пневмофильтра,raw.r1c_nomenclature_current,1,1
Номенклатура — current,1.2.4 Фитинги,raw.r1c_nomenclature_current,1,1
Номенклатура — current,1.2.5 Эжекторы,raw.r1c_nomenclature_current,1,1
Номенклатура — current,1.2.6 Фильтра,raw.r1c_nomenclature_current,1,1
Номенклатура — current,1.3 Гидравлические детали,raw.r1c_nomenclature_current,1,1
Номенклатура — current,1.3. Гидравлические детали,raw.r1c_nomenclature_current,2,2
Номенклатура — current,1.3.1 Гидроцилиндр,raw.r1c_nomenclature_current,1,1
Номенклатура — current,1.3.1. Гидромотор,raw.r1c_nomenclature_current,1,1
Номенклатура — current,1.3.1. РВД,raw.r1c_nomenclature_current,1,1
Номенклатура — current,1.3.2 Гидравлические рукава,raw.r1c_nomenclature_current,1,1
Номенклатура — current,1.3.2. Рукава ВД с клапанами,raw.r1c_nomenclature_current,1,1
Номенклатура — current,"1.3.2. Фитинги,штуцера, быстросъемы",raw.r1c_nomenclature_current,1,1
Номенклатура — current,1.3.3 Фильтра,raw.r1c_nomenclature_current,1,1
Номенклатура — current,1.3.3. Г/Фильтры,raw.r1c_nomenclature_current,1,1
Номенклатура — current,1.3.3. Датчики контроля,raw.r1c_nomenclature_current,1,1
Номенклатура — current,1.3.4 Соединители,raw.r1c_nomenclature_current,1,1
Номенклатура — current,1.4 Электрика,raw.r1c_nomenclature_current,1,1
Номенклатура — current,1.4. Электрика,raw.r1c_nomenclature_current,2,2
Номенклатура — current,1.4.1 Комутационное оборудование,raw.r1c_nomenclature_current,1,1
Номенклатура — current,"1.4.1. Предохранители, реле, коммутация",raw.r1c_nomenclature_current,1,1
Номенклатура — current,1.4.1. Стартер,raw.r1c_nomenclature_current,1,1
Номенклатура — current,1.4.2 Устройства промышленной безопастности,raw.r1c_nomenclature_current,1,1
Номенклатура — current,1.4.2. АКБ,raw.r1c_nomenclature_current,1,1
Номенклатура — current,1.4.2. Генератор,raw.r1c_nomenclature_current,1,1
Номенклатура — current,1.4.3 Датчики,raw.r1c_nomenclature_current,1,1
Номенклатура — current,1.4.3. АКБ,raw.r1c_nomenclature_current,1,1
Номенклатура — current,1.4.3. Освещение,raw.r1c_nomenclature_current,1,1
Номенклатура — current,1.4.4 Нагревательные элементы,raw.r1c_nomenclature_current,1,1
Номенклатура — current,1.4.4. Провода,raw.r1c_nomenclature_current,1,1
Номенклатура — current,1.4.5 Электромонтажные комплектующие,raw.r1c_nomenclature_current,1,1
Номенклатура — current,1.4.5. Предохранители,raw.r1c_nomenclature_current,1,1
Номенклатура — current,1.4.6 Приводная техника,raw.r1c_nomenclature_current,1,1
Номенклатура — current,"1.4.7 Устройства защиты,контроля и управления",raw.r1c_nomenclature_current,1,1
Номенклатура — current,1.4.8 Блоки питания,raw.r1c_nomenclature_current,1,1
Номенклатура — current,1.5 Расходные материалы,raw.r1c_nomenclature_current,1,1
Номенклатура — current,1.5. Расходные материалы,raw.r1c_nomenclature_current,1,1
Номенклатура — current,1.5.1 Абразивный материал,raw.r1c_nomenclature_current,1,1
Номенклатура — current,1.5.1. Датчик температуры масла,raw.r1c_nomenclature_current,1,1
Номенклатура — current,1.5.1. СИЗ и ветошь,raw.r1c_nomenclature_current,1,1
Номенклатура — current,1.5.10 Для сварочных работ,raw.r1c_nomenclature_current,1,1
Номенклатура — current,1.5.11 Для пистолетов строительных,raw.r1c_nomenclature_current,1,1
Номенклатура — current,1.5.12 Для паяльного оборудования,raw.r1c_nomenclature_current,1,1
Номенклатура — current,1.5.13 Для УШМ,raw.r1c_nomenclature_current,1,1
Номенклатура — current,1.5.14 Для аккумуляторного инструмента,raw.r1c_nomenclature_current,1,1
Номенклатура — current,1.5.15 Крепления,raw.r1c_nomenclature_current,1,1
Номенклатура — current,1.5.2 Фильтрующий материал,raw.r1c_nomenclature_current,1,1
Номенклатура — current,1.5.2. Датчик охлаждающей жидкости,raw.r1c_nomenclature_current,1,1
Номенклатура — current,1.5.2.Абразивные и сварочные материалы,raw.r1c_nomenclature_current,1,1
Номенклатура — current,1.5.3 Нихромовая проволка,raw.r1c_nomenclature_current,1,1
Номенклатура — current,1.5.3. Датчик уровня топлива,raw.r1c_nomenclature_current,1,1
Номенклатура — current,1.5.3. Крепежные элементы и МЕТИЗы,raw.r1c_nomenclature_current,1,1
Номенклатура — current,1.5.4 Тефлоновые ленты,raw.r1c_nomenclature_current,1,1
Номенклатура — current,1.5.5 Строительная химия,raw.r1c_nomenclature_current,1,1
Номенклатура — current,1.5.6 Техпластины,raw.r1c_nomenclature_current,1,1
Номенклатура — current,1.5.7 Материалы для футеровки,raw.r1c_nomenclature_current,1,1
Номенклатура — current,1.5.8 Для дрелей,raw.r1c_nomenclature_current,1,1
Номенклатура — current,1.5.9 Для измерительного инструмента,raw.r1c_nomenclature_current,1,1
Номенклатура — current,1.5.Детали контроля работы двигателя,raw.r1c_nomenclature_current,1,1
Номенклатура — current,1.6 Горюче-смазочные материалы(ГСМ),raw.r1c_nomenclature_current,1,1
Номенклатура — current,1.6. Горюче-смазочные материалы(ГСМ) и тех.жидкости,raw.r1c_nomenclature_current,1,1
Номенклатура — current,1.6.1 Аэрозольные смазки,raw.r1c_nomenclature_current,1,1
Номенклатура — current,1.6.1. Моторные масла,raw.r1c_nomenclature_current,1,1
Номенклатура — current,1.6.2 Масла,raw.r1c_nomenclature_current,1,1
Номенклатура — current,1.6.2. Трансмиссионые масла,raw.r1c_nomenclature_current,1,1
Номенклатура — current,1.6.3 Густые смазки,raw.r1c_nomenclature_current,1,1
Номенклатура — current,1.6.3. Гидравлические масла,raw.r1c_nomenclature_current,1,1
Номенклатура — current,1.6.4 Газовые балоны,raw.r1c_nomenclature_current,1,1
Номенклатура — current,1.6.4. Технологические жидкости,raw.r1c_nomenclature_current,1,1
Номенклатура — current,1.6.5 Краска аэрозольная,raw.r1c_nomenclature_current,1,1
Номенклатура — current,1.6.5. Смазочные материалы,raw.r1c_nomenclature_current,1,1
Номенклатура — current,1.6.6 Обезжириватели,raw.r1c_nomenclature_current,1,1
Номенклатура — current,1.7. Шины и диски,raw.r1c_nomenclature_current,1,1
Номенклатура — current,1.7.1. Шины с/х техники,raw.r1c_nomenclature_current,1,1
Номенклатура — current,1.7.2. Автомобильные шины,raw.r1c_nomenclature_current,1,1
Номенклатура — current,1.7.3. Колесные камеры,raw.r1c_nomenclature_current,1,1
Номенклатура — current,1.7.4. Диски с/х Техники,raw.r1c_nomenclature_current,1,1
Номенклатура — current,1.7.5. Автомобильные диски,raw.r1c_nomenclature_current,1,1
Номенклатура — current,2 сорт Балтик Роуз РС2 мелкий без полива,raw.r1c_nomenclature_current,1,1
Номенклатура — current,2 сорт Балтик Роуз РС2 мелкий полив,raw.r1c_nomenclature_current,1,1
Номенклатура — current,2 сорт Балтик Роуз РС2 стандарт без полива,raw.r1c_nomenclature_current,1,1
Номенклатура — current,2 сорт Балтик Роуз РС2 стандарт полив,raw.r1c_nomenclature_current,1,1
Номенклатура — current,2 сорт Балтик Роуз РС3 мелкий без полива,raw.r1c_nomenclature_current,1,1
Номенклатура — current,2 сорт Балтик Роуз РС3 мелкий полив,raw.r1c_nomenclature_current,1,1
Номенклатура — current,2 сорт Балтик Роуз РС3 стандарт без полива,raw.r1c_nomenclature_current,1,1
Номенклатура — current,2 сорт Балтик Роуз РС3 стандарт полив,raw.r1c_nomenclature_current,1,1
Номенклатура — current,2 сорт Вега РС1 мелкий без полива,raw.r1c_nomenclature_current,1,1
Номенклатура — current,2 сорт Вега РС1 мелкий полив,raw.r1c_nomenclature_current,1,1
Номенклатура — current,2 сорт Вега РС1 стандарт без полива,raw.r1c_nomenclature_current,1,1
Номенклатура — current,2 сорт Вега РС1 стандарт полив,raw.r1c_nomenclature_current,1,1
Номенклатура — current,2 сорт Вега РС2 стандарт полив,raw.r1c_nomenclature_current,1,1
Номенклатура — current,2 сорт Вега РС3  мелкий без полива,raw.r1c_nomenclature_current,1,1
Номенклатура — current,2 сорт Вега РС3  мелкий полив,raw.r1c_nomenclature_current,1,1
Номенклатура — current,2 сорт Вега РС3  стандарт без полива,raw.r1c_nomenclature_current,1,1
Номенклатура — current,2 сорт Вега РС3  стандарт полив,raw.r1c_nomenclature_current,1,1
Номенклатура — current,2 сорт Вэнди РС1 мелкий без полива,raw.r1c_nomenclature_current,1,1
Номенклатура — current,2 сорт Вэнди РС1 мелкий полив,raw.r1c_nomenclature_current,1,1
Номенклатура — current,2 сорт Вэнди РС1 стандарт без полива,raw.r1c_nomenclature_current,1,1
Номенклатура — current,2 сорт Вэнди РС1 стандарт полив,raw.r1c_nomenclature_current,1,1
Номенклатура — current,2 сорт Вэнди РС2 мелкий картофель,raw.r1c_nomenclature_current,1,1
Номенклатура — current,2 сорт Вэнди РС2 стандарт полив,raw.r1c_nomenclature_current,1,1
Номенклатура — current,2 сорт Вэнди РС4 мелкий без полива,raw.r1c_nomenclature_current,1,1
Номенклатура — current,2 сорт Вэнди РС4 мелкий полив,raw.r1c_nomenclature_current,1,1
Номенклатура — current,2 сорт Вэнди РС4 стандарт без полива,raw.r1c_nomenclature_current,1,1
Номенклатура — current,2 сорт Вэнди РС4 стандарт полив,raw.r1c_nomenclature_current,1,1
Номенклатура — current,2 сорт Гала РС1 мелкий без полива,raw.r1c_nomenclature_current,1,1
Номенклатура — current,2 сорт Гала РС1 мелкий полив,raw.r1c_nomenclature_current,1,1
Номенклатура — current,2 сорт Гала РС1 стандарт без полива,raw.r1c_nomenclature_current,1,1
Номенклатура — current,2 сорт Гала РС1 стандарт полив,raw.r1c_nomenclature_current,1,1
Номенклатура — current,2 сорт Гала РС2 мелкий без полива,raw.r1c_nomenclature_current,1,1
Номенклатура — current,2 сорт Гала РС2 мелкий полив,raw.r1c_nomenclature_current,1,1
Номенклатура — current,2 сорт Гала РС2 стандарт без полива,raw.r1c_nomenclature_current,1,1
Номенклатура — current,2 сорт Гала РС2 стандарт полив,raw.r1c_nomenclature_current,1,1
Номенклатура — current,2 сорт Гала РС3 мелкий без полива,raw.r1c_nomenclature_current,1,1
Номенклатура — current,2 сорт Гала РС3 мелкий полив,raw.r1c_nomenclature_current,1,1
Номенклатура — current,2 сорт Гала РС3 стандарт без полива,raw.r1c_nomenclature_current,1,1
Номенклатура — current,2 сорт Гала РС3 стандарт полив,raw.r1c_nomenclature_current,1,1
Номенклатура — current,2 сорт Гала мелкий ,raw.r1c_nomenclature_current,1,1
Номенклатура — current,2 сорт Индиго РС3 мелкий без полива,raw.r1c_nomenclature_current,1,1
Номенклатура — current,2 сорт Индиго РС3 мелкий полив,raw.r1c_nomenclature_current,1,1
Номенклатура — current,2 сорт Индиго РС3 стандарт без полива,raw.r1c_nomenclature_current,1,1
Номенклатура — current,2 сорт Индиго РС3 стандарт полив,raw.r1c_nomenclature_current,1,1
Номенклатура — current,2 сорт Кармен РС2 мелкий без полива,raw.r1c_nomenclature_current,1,1
Номенклатура — current,2 сорт Кармен РС2 мелкий полив,raw.r1c_nomenclature_current,1,1
Номенклатура — current,2 сорт Кармен РС2 стандарт без полива,raw.r1c_nomenclature_current,1,1
Номенклатура — current,2 сорт Кармен РС2 стандарт полив,raw.r1c_nomenclature_current,1,1
Номенклатура — current,2 сорт Кармен РС3 мелкий без полива,raw.r1c_nomenclature_current,1,1
Номенклатура — current,2 сорт Кармен РС3 мелкий полив,raw.r1c_nomenclature_current,1,1
Номенклатура — current,2 сорт Кармен РС3 стандарт без полива,raw.r1c_nomenclature_current,1,1
Номенклатура — current,2 сорт Кармен РС3 стандарт полив,raw.r1c_nomenclature_current,1,1
Номенклатура — current,2 сорт Коломба РС1 мелкий без полива,raw.r1c_nomenclature_current,1,1
Номенклатура — current,2 сорт Коломба РС1 мелкий полив,raw.r1c_nomenclature_current,1,1
Номенклатура — current,2 сорт Коломба РС1 стандарт без полива,raw.r1c_nomenclature_current,1,1
Номенклатура — current,2 сорт Коломба РС1 стандарт полив,raw.r1c_nomenclature_current,1,1
Номенклатура — current,2 сорт Коломба РС2 мелкий без полива,raw.r1c_nomenclature_current,1,1
Номенклатура — current,2 сорт Коломба РС2 мелкий полив,raw.r1c_nomenclature_current,1,1
Номенклатура — current,2 сорт Коломба РС2 стандарт без полива,raw.r1c_nomenclature_current,1,1
Номенклатура — current,2 сорт Коломба РС2 стандарт полив,raw.r1c_nomenclature_current,1,1
Номенклатура — current,2 сорт Мадейра РС2 мелкий без полива,raw.r1c_nomenclature_current,1,1
Номенклатура — current,2 сорт Мадейра РС2 мелкий полив,raw.r1c_nomenclature_current,1,1
Номенклатура — current,2 сорт Мадейра РС2 стандарт без полива,raw.r1c_nomenclature_current,1,1
Номенклатура — current,2 сорт Мадейра РС2 стандарт полив,raw.r1c_nomenclature_current,1,1
Номенклатура — current,2 сорт Северное сияние РС3 мелкий без полива,raw.r1c_nomenclature_current,1,1
Номенклатура — current,2 сорт Северное сияние РС3 мелкий полив,raw.r1c_nomenclature_current,1,1
Номенклатура — current,2 сорт Северное сияние РС3 стандарт без полива,raw.r1c_nomenclature_current,1,1
Номенклатура — current,2 сорт Северное сияние РС3 стандарт полив,raw.r1c_nomenclature_current,1,1
Номенклатура — current,2 сорт Фламинго РС1 мелкий без полива,raw.r1c_nomenclature_current,1,1
Номенклатура — current,2 сорт Фламинго РС1 мелкий полив,raw.r1c_nomenclature_current,1,1
Номенклатура — current,2 сорт Фламинго РС1 стандарт без полива,raw.r1c_nomenclature_current,1,1
Номенклатура — current,2 сорт Фламинго РС1 стандарт полив,raw.r1c_nomenclature_current,1,1
Номенклатура — current,2 сорт Фламинго РС2 стандарт полив,raw.r1c_nomenclature_current,1,1
Номенклатура — current,2 сорт валом,raw.r1c_nomenclature_current,1,1
Номенклатура — current,2. Детали к фермам машин,raw.r1c_nomenclature_current,1,1
Номенклатура — current,2. Инструмент,raw.r1c_nomenclature_current,2,2
Номенклатура — current,2. Система водоснабжения,raw.r1c_nomenclature_current,1,1
Номенклатура — current,2.1 Ручной инструмент,raw.r1c_nomenclature_current,2,2
Номенклатура — current,2.1. Детали к колесным парам,raw.r1c_nomenclature_current,1,1
Номенклатура — current,2.1. Трубная продукция,raw.r1c_nomenclature_current,1,1
Номенклатура — current,2.1.1 Набор ключей,raw.r1c_nomenclature_current,1,1
Номенклатура — current,"2.1.1. Колеса Recap 19,4х24 (11,2х24) ",raw.r1c_nomenclature_current,1,1
Номенклатура — current,2.1.1. Ударно-рычажный инструмент,raw.r1c_nomenclature_current,1,1
Номенклатура — current,2.1.10 Пассатижи,raw.r1c_nomenclature_current,1,1
Номенклатура — current,2.1.11 Бокорезы,raw.r1c_nomenclature_current,1,1
Номенклатура — current,2.1.12 Молотки,raw.r1c_nomenclature_current,1,1
Номенклатура — current,2.1.13 Топоры,raw.r1c_nomenclature_current,1,1
Номенклатура — current,2.1.14 Раздвижные клещи,raw.r1c_nomenclature_current,1,1
Номенклатура — current,2.1.15 Плунжерные шприцы,raw.r1c_nomenclature_current,1,1
Номенклатура — current,2.1.16 Насосы для перекачивания масла,raw.r1c_nomenclature_current,1,1
Номенклатура — current,2.1.17 Динамометрический инструмент,raw.r1c_nomenclature_current,1,1
Номенклатура — current,2.1.18 Ножовки,raw.r1c_nomenclature_current,1,1
Номенклатура — current,2.1.19 Ножи,raw.r1c_nomenclature_current,1,1
Номенклатура — current,2.1.2 Набор головок,raw.r1c_nomenclature_current,1,1
Номенклатура — current,2.1.2. Гидромотор с редуктором,raw.r1c_nomenclature_current,1,1
Номенклатура — current,2.1.2. Шарнирно-губцевый инструмент,raw.r1c_nomenclature_current,1,1
Номенклатура — current,2.1.20 Ножницы,raw.r1c_nomenclature_current,1,1
Номенклатура — current,2.1.21 Заклёпочники,raw.r1c_nomenclature_current,1,1
Номенклатура — current,2.1.22 Пистолеты,raw.r1c_nomenclature_current,1,1
Номенклатура — current,2.1.23 Напильники,raw.r1c_nomenclature_current,1,1
Номенклатура — current,2.1.24 Зажимной инструмент,raw.r1c_nomenclature_current,1,1
Номенклатура — current,2.1.25 Ударный инструмент,raw.r1c_nomenclature_current,1,1
Номенклатура — current,2.1.3 Набор шестиграников,raw.r1c_nomenclature_current,1,1
Номенклатура — current,2.1.3. Зажимной инструмент,raw.r1c_nomenclature_current,1,1
Номенклатура — current,2.1.4 Наборы звездочек,raw.r1c_nomenclature_current,1,1
Номенклатура — current,2.1.4. Режущий инструмент,raw.r1c_nomenclature_current,1,1
Номенклатура — current,2.1.5 Наборы метчиков,raw.r1c_nomenclature_current,1,1
Номенклатура — current,2.1.5. Гаечные и торцевые ключи,raw.r1c_nomenclature_current,1,1
Номенклатура — current,2.1.6 Наборы для снятия сальников,raw.r1c_nomenclature_current,1,1
Номенклатура — current,2.1.6. Отвертки,raw.r1c_nomenclature_current,1,1
Номенклатура — current,2.1.7 Наборы отверток,raw.r1c_nomenclature_current,1,1
Номенклатура — current,2.1.7. Специализированный инструмент,raw.r1c_nomenclature_current,1,1
Номенклатура — current,2.1.8 Диэлектрический инструмент,raw.r1c_nomenclature_current,1,1
Номенклатура — current,2.1.8. Измерительный инструмент,raw.r1c_nomenclature_current,1,1
Номенклатура — current,2.1.9 Ключи,raw.r1c_nomenclature_current,1,1
Номенклатура — current,2.2	Измерительный инструмент,raw.r1c_nomenclature_current,1,1
Номенклатура — current,2.2 Электроинструмент,raw.r1c_nomenclature_current,1,1
Номенклатура — current,2.2. Детали к соединительным арматурам и трубам,raw.r1c_nomenclature_current,1,1
Номенклатура — current,2.2. Запорная арматура,raw.r1c_nomenclature_current,1,1
Номенклатура — current,2.2.1 Микрометры	,raw.r1c_nomenclature_current,1,1
Номенклатура — current,2.2.1. Инструмент для сверления и вкручивания,raw.r1c_nomenclature_current,1,1
Номенклатура — current,2.2.1. Металлические горячекатанные уголки,raw.r1c_nomenclature_current,1,1
Номенклатура — current,2.2.2 Индикаторы часового типа,raw.r1c_nomenclature_current,1,1
Номенклатура — current,2.2.2. Гибкие соединения,raw.r1c_nomenclature_current,1,1
Номенклатура — current,2.2.2. Инструмент для резки и распила,raw.r1c_nomenclature_current,1,1
Номенклатура — current,2.2.3 Мультиметры,raw.r1c_nomenclature_current,1,1
Номенклатура — current,2.2.3. Пластины растяжек,raw.r1c_nomenclature_current,1,1
Номенклатура — current,2.2.3. Сварочный инструмент,raw.r1c_nomenclature_current,1,1
Номенклатура — current,2.2.4 Мегаометры	,raw.r1c_nomenclature_current,1,1
Номенклатура — current,2.2.5 Рулетки	,raw.r1c_nomenclature_current,1,1
Номенклатура — current,2.2.6 Угольники,raw.r1c_nomenclature_current,1,1
Номенклатура — current,2.2.7 Уровни,raw.r1c_nomenclature_current,1,1
Номенклатура — current,2.2.8 Измерительные щупы,raw.r1c_nomenclature_current,1,1
Номенклатура — current,2.2.9 Штангенциркули,raw.r1c_nomenclature_current,1,1
Номенклатура — current,2.3	Электроинструмент,raw.r1c_nomenclature_current,1,1
Номенклатура — current,2.3. Детали навесного оборудования,raw.r1c_nomenclature_current,1,1
Номенклатура — current,2.3. Насосы,raw.r1c_nomenclature_current,1,1
Номенклатура — current,2.3.1  Дрели,raw.r1c_nomenclature_current,1,1
Номенклатура — current,2.3.1. Шланги,raw.r1c_nomenclature_current,1,1
Номенклатура — current,2.3.2 Перфораторы,raw.r1c_nomenclature_current,1,1
Номенклатура — current,2.3.2. Дождевальные насадки,raw.r1c_nomenclature_current,1,1
Номенклатура — current,2.3.3 УШМ,raw.r1c_nomenclature_current,1,1
Номенклатура — current,2.3.3. Редуктор давления,raw.r1c_nomenclature_current,1,1
Номенклатура — current,2.3.4 Шуруповерты,raw.r1c_nomenclature_current,1,1
Номенклатура — current,2.3.5 Сварочные аппараты,raw.r1c_nomenclature_current,1,1
Номенклатура — current,2.3.6 Строительные пылесосы,raw.r1c_nomenclature_current,1,1
Номенклатура — current,2.3.7 Паяльные станции,raw.r1c_nomenclature_current,1,1
Номенклатура — current,2.3.8 Термопистолеты,raw.r1c_nomenclature_current,1,1
Номенклатура — current,2.4. Гидроаккумуляторы,raw.r1c_nomenclature_current,1,1
Номенклатура — current,2.5. Счетчики,raw.r1c_nomenclature_current,1,1
Номенклатура — current,2.6. Фитинги,raw.r1c_nomenclature_current,1,1
Номенклатура — current,2.7. Ёмкости,raw.r1c_nomenclature_current,1,1
Номенклатура — current,2.8. Прочие материалы,raw.r1c_nomenclature_current,1,1
Номенклатура — current,200.41630 ОПОРНЫЙ РОЛИК 75 (ботвенного трансп),raw.r1c_nomenclature_current,1,1
Номенклатура — current,"27"" Монитор MSI Pro MP271A E2, 1920x1080",raw.r1c_nomenclature_current,1,1
Номенклатура — current,28Г 739-35.01.000 тормаза,raw.r1c_nomenclature_current,1,1
Номенклатура — current,28Г 744PI-42.00.000-4 к-т Мех.отбор мощности,raw.r1c_nomenclature_current,1,1
Номенклатура — current,3-ГРАННЫЙ ПОДБИВАЮЩИЙ РОЛИК,raw.r1c_nomenclature_current,1,1
Номенклатура — current,3-гранный ролик (200.34514),raw.r1c_nomenclature_current,1,1
Номенклатура — current,3. Детали общего назначения,raw.r1c_nomenclature_current,1,1
Номенклатура — current,3. Оборудование/станки,raw.r1c_nomenclature_current,1,1
Номенклатура — current,3. Система канализации и водоотведения,raw.r1c_nomenclature_current,1,1
Номенклатура — current,3. Станки,raw.r1c_nomenclature_current,1,1
Номенклатура — current,3.1 Точильно-шлифовальные,raw.r1c_nomenclature_current,2,2
Номенклатура — current,3.1. Горюче-смазочные материалы,raw.r1c_nomenclature_current,1,1
Номенклатура — current,3.1. Насосы,raw.r1c_nomenclature_current,1,1
Номенклатура — current,3.1.1. Масло моторное (ВМГЗ),raw.r1c_nomenclature_current,1,1
Номенклатура — current,3.1.2. Смазки различные,raw.r1c_nomenclature_current,1,1
Номенклатура — current,3.2	Сверлильные,raw.r1c_nomenclature_current,1,1
Номенклатура — current,3.2 Сверлильные,raw.r1c_nomenclature_current,1,1
Номенклатура — current,3.2. Расходные материалы,raw.r1c_nomenclature_current,1,1
Номенклатура — current,3.2. Трубная продукция,raw.r1c_nomenclature_current,1,1
Номенклатура — current,3.2.1. Прокладки,raw.r1c_nomenclature_current,1,1
Номенклатура — current,3.2.2. Запорная арматура,raw.r1c_nomenclature_current,1,1
Номенклатура — current,3.2.3. Контрольно-измерительные приборы,raw.r1c_nomenclature_current,1,1
Номенклатура — current,"3.2.4. Метизы (болт, гайка и т.д.)",raw.r1c_nomenclature_current,1,1
Номенклатура — current,3.2.5. Подшипники,raw.r1c_nomenclature_current,1,1
Номенклатура — current,3.3	Прессовальные,raw.r1c_nomenclature_current,2,2
Номенклатура — current,3.3 Прессовальные,raw.r1c_nomenclature_current,1,1
Номенклатура — current,3.3. Запорная арматура,raw.r1c_nomenclature_current,1,1
Номенклатура — current,3.4. Пуско-зарядные уст-ва,raw.r1c_nomenclature_current,1,1
Номенклатура — current,3.4. Раковины,raw.r1c_nomenclature_current,1,1
Номенклатура — current,3.5. Унитазы,raw.r1c_nomenclature_current,1,1
Номенклатура — current,3.6. Фитинги,raw.r1c_nomenclature_current,1,1
Номенклатура — current,3.7. Прочие материалы,raw.r1c_nomenclature_current,1,1
Номенклатура — current,4. Детали индивидуального назначения,raw.r1c_nomenclature_current,1,1
Номенклатура — current,4. Инструмент,raw.r1c_nomenclature_current,1,1
Номенклатура — current,4. Расходные материалы,raw.r1c_nomenclature_current,1,1
Номенклатура — current,4. Система воздухоснабжения,raw.r1c_nomenclature_current,1,1
Номенклатура — current,4.1. Запчасти для тракторов и погрузчиков,raw.r1c_nomenclature_current,1,1
Номенклатура — current,4.1. Трубная продукция,raw.r1c_nomenclature_current,1,1
Номенклатура — current,4.1.1. Набор ключей,raw.r1c_nomenclature_current,1,1
Номенклатура — current,4.1.1. Тракторы МТЗ,raw.r1c_nomenclature_current,1,1
Номенклатура — current,4.1.2. Тракторы Кировец,raw.r1c_nomenclature_current,1,1
Номенклатура — current,4.1.2. Шуруповерт,raw.r1c_nomenclature_current,1,1
Номенклатура — current,4.1.3. Гайковерт,raw.r1c_nomenclature_current,1,1
Номенклатура — current,4.1.3. Тракторы Ловол,raw.r1c_nomenclature_current,1,1
Номенклатура — current,4.1.4. Набор головок,raw.r1c_nomenclature_current,1,1
Номенклатура — current,4.1.4. Тракторы Валтра,raw.r1c_nomenclature_current,1,1
Номенклатура — current,4.1.5. Тракторы Джон Дир,raw.r1c_nomenclature_current,1,1
Номенклатура — current,4.1.6. Погрузчик UMG TLH3507,raw.r1c_nomenclature_current,1,1
Номенклатура — current,"4.1.7. Фронтальные, дизельные погрузчики",raw.r1c_nomenclature_current,1,1
Номенклатура — current,4.1.Ручной инструмент,raw.r1c_nomenclature_current,1,1
Номенклатура — current,4.2. Запорная арматура,raw.r1c_nomenclature_current,1,1
Номенклатура — current,4.2. Запчасти для посевной техники,raw.r1c_nomenclature_current,1,1
Номенклатура — current,4.2.1. Картофелесажалки Grimme,raw.r1c_nomenclature_current,1,1
Номенклатура — current,4.3. Запчасти для уборочной техники,raw.r1c_nomenclature_current,1,1
Номенклатура — current,4.3. Фитинги,raw.r1c_nomenclature_current,1,1
Номенклатура — current,4.3.1. Комбайны Grimme,raw.r1c_nomenclature_current,1,1
Номенклатура — current,4.3.2. Комбайны Dewulf Torro,raw.r1c_nomenclature_current,1,1
Номенклатура — current,4.3.3. Комбайн Dewulf Enduro,raw.r1c_nomenclature_current,1,1
Номенклатура — current,4.3.4. Ботвоудалитель AVR RAFALE,raw.r1c_nomenclature_current,1,1
Номенклатура — current,4.4. Запчасти для почвообрабатывающей техники,raw.r1c_nomenclature_current,1,1
Номенклатура — current,4.4. Прочие материалы,raw.r1c_nomenclature_current,1,1
Номенклатура — current,4.4.01. Запчасти для плугов Longfeng,raw.r1c_nomenclature_current,1,1
Номенклатура — current,4.4.02. Запчасти для плугов Jeegee,raw.r1c_nomenclature_current,1,1
Номенклатура — current,4.4.03. Запчасти для плугов ПЛН,raw.r1c_nomenclature_current,1,1
Номенклатура — current,4.4.04. Запчасти для культиваторов ИКСИОН,raw.r1c_nomenclature_current,1,1
Номенклатура — current,4.4.05. Запчасти для культиваторов Велес КСО,raw.r1c_nomenclature_current,1,1
Номенклатура — current,4.4.06. Запчасти для культиваторов КПМ,raw.r1c_nomenclature_current,1,1
Номенклатура — current,4.4.07. Запчасти для культиваторов Колнаг КГП,raw.r1c_nomenclature_current,1,1
Номенклатура — current,4.4.08. Запчасти для гребнеобразователей БАЗИЛЬЕР,raw.r1c_nomenclature_current,1,1
Номенклатура — current,4.4.09. Запчасти для гребнеобразователей Grimme,raw.r1c_nomenclature_current,1,1
Номенклатура — current,4.4.10. Запчасти для глубокорыхлителя КРЕТ 7Б,raw.r1c_nomenclature_current,1,1
Номенклатура — current,4.4.11. Запчасти для глубокорыхлителя КВЕРНЕЛЕНД,raw.r1c_nomenclature_current,1,1
Номенклатура — current,4.4.12. Запчасти для бороны АРЕС 4Л,raw.r1c_nomenclature_current,1,1
Номенклатура — current,4.4.13. запчасти для бороны БПМ-6,raw.r1c_nomenclature_current,1,1
Номенклатура — current,4.4.14. Запчасти для бороны БДП-6,raw.r1c_nomenclature_current,1,1
Номенклатура — current,4.4.15. Запчасти для бороны БДН-3,raw.r1c_nomenclature_current,1,1
Номенклатура — current,4.4.16. Запчасти для бороны Лемкен,raw.r1c_nomenclature_current,1,1
Номенклатура — current,4.4.17. Запчасти для бороны АКТИВАТОР,raw.r1c_nomenclature_current,1,1
Номенклатура — current,4.4.18. Запчасти для бороны Л-114А-02,raw.r1c_nomenclature_current,1,1
Номенклатура — current,4.4.19 Запчасти для бороны АДУ-6,raw.r1c_nomenclature_current,1,1
Номенклатура — current,4.5. Запчасти техники для полива и орошения,raw.r1c_nomenclature_current,1,1
Номенклатура — current,4.5.1. Запчасти для опрыскивателя АМАЗОН UX5200 Super,raw.r1c_nomenclature_current,1,1
Номенклатура — current,4.5.2. Запчасти для опрыскивателя ТИТАН,raw.r1c_nomenclature_current,1,1
Номенклатура — current,4.5.4. Запчасти для разбрызгивателей,raw.r1c_nomenclature_current,1,1
Номенклатура — current,4.5.5. Запчасти для растворно-смесительной машины ВЛАДМАШ,raw.r1c_nomenclature_current,1,1
Номенклатура — current,4.5.6. Запчасти для полуприцепа ПУ-3.5,raw.r1c_nomenclature_current,1,1
Номенклатура — current,4.6. Запчасти для прицепов и полуприцепов,raw.r1c_nomenclature_current,1,1
Номенклатура — current,4.6.1 Запчасти для прицепов и полуприцепов ПТС,raw.r1c_nomenclature_current,1,1
Номенклатура — current,4.6.2. Запчасти для прицепов ТОНАР,raw.r1c_nomenclature_current,1,1
Номенклатура — current,4/3-ХОД.клапан С-заслонка,raw.r1c_nomenclature_current,1,1
Номенклатура — current,5. Система отопления,raw.r1c_nomenclature_current,1,1
Номенклатура — current,5.1. Трубная продукция,raw.r1c_nomenclature_current,1,1
Номенклатура — current,5.2. Гидроаккумуляторы,raw.r1c_nomenclature_current,1,1
Номенклатура — current,5.3. Фитинги,raw.r1c_nomenclature_current,1,1
Номенклатура — current,5.4. Запорная арматура,raw.r1c_nomenclature_current,1,1
Номенклатура — current,5.5. Насосы,raw.r1c_nomenclature_current,1,1
Номенклатура — current,5.6. Радиаторы,raw.r1c_nomenclature_current,1,1
Номенклатура — current,5.7. Прочие материалы,raw.r1c_nomenclature_current,1,1
Номенклатура — current,6. Системы вентиляции и кондиционирования,raw.r1c_nomenclature_current,1,1
Номенклатура — current,6.1. Вентиляторы,raw.r1c_nomenclature_current,1,1
Номенклатура — current,6.2. Воздуховоды,raw.r1c_nomenclature_current,1,1
Номенклатура — current,6.3. Прочие материалы,raw.r1c_nomenclature_current,1,1
Номенклатура — current,7. Система пожаротушения,raw.r1c_nomenclature_current,1,1
Номенклатура — current,7.1. Кабельная продукция,raw.r1c_nomenclature_current,1,1
Номенклатура — current,7.2. Датчики,raw.r1c_nomenclature_current,1,1
Номенклатура — current,"790 GX 100/500,ирригатор катушечный",raw.r1c_nomenclature_current,1,1
Номенклатура — current,9. Прочие материалы,raw.r1c_nomenclature_current,1,1
Номенклатура — current,<Рабочее наименование будет сформировано по шаблону>,raw.r1c_nomenclature_current,3,3
Номенклатура — current,Aвтошина pirelli  295/40r21 winter ice zero 111H XL,raw.r1c_nomenclature_current,1,1
Номенклатура — current,CB-148 датчик пневмоцилиндра B.070.0074,raw.r1c_nomenclature_current,1,1
Номенклатура — current,CB-48  Суппорт 60-002207,raw.r1c_nomenclature_current,1,1
Номенклатура — current,CB-48 Лента загрузки продукта 60-016125,raw.r1c_nomenclature_current,1,1
Номенклатура — current,Cветильник Camelion Alte Lang Cord A1210LT IBK E14 черный,raw.r1c_nomenclature_current,1,1
Номенклатура — current,DIN 6921 Болт с шестигранной головой и фланцем M6x20,raw.r1c_nomenclature_current,1,1
Номенклатура — current,DIN-рейка 125 см ,raw.r1c_nomenclature_current,1,1
Номенклатура — current,DIN-рейка 200 см оцинкованная,raw.r1c_nomenclature_current,1,1
Номенклатура — current,DIN-рейка 60 см ,raw.r1c_nomenclature_current,1,1
Номенклатура — current,DIN-рейка 600мм ИЭК,raw.r1c_nomenclature_current,1,1
Номенклатура — current,DIN-рейка перфорированная 1000мм EKF,raw.r1c_nomenclature_current,1,1
Номенклатура — current,EKF Коннектор RJ-45 TERACOM неэкранированный 8P8C Cat.5E универсальный (упак.50шт) TRC-PLUG-5EUTP-50,raw.r1c_nomenclature_current,1,1
Номенклатура — current,EKF Переключатель BD21 2P короткая ручка NO PROxima xb2-bd21,raw.r1c_nomenclature_current,1,1
Номенклатура — current,"Ecola GX70 LED 20,0W Tablet 220V 2800K матовое стекло композит 111x42 T7MW20ELC",raw.r1c_nomenclature_current,1,1
Номенклатура — current,"IEK Шина РЕ ""земля"" на двух угловых изоляторах ШНИ-8х12-24-У2-Ж (YNN10-812-4C2-R05)",raw.r1c_nomenclature_current,1,1
Номенклатура — current,IP-камера  IPS3612LR-MLP28-RU фиксированная купольная,raw.r1c_nomenclature_current,1,1
Номенклатура — current,IP-камера  IPS3612LR-MLP40-RU фиксированная купольная,raw.r1c_nomenclature_current,1,1
Номенклатура — current,"IP-камера цилиндрическая  DS-1200 С (2,8мм)",raw.r1c_nomenclature_current,1,1
Номенклатура — current,IP-регистратор  DS-N208(В) 8 канальный,raw.r1c_nomenclature_current,1,1
Номенклатура — current,"IP-телекамера  DS-1200В (2,8мм)",raw.r1c_nomenclature_current,1,1
Номенклатура — current,IP-телекамера  DS-1200В (4мм),raw.r1c_nomenclature_current,1,1
Номенклатура — current,IP-телекамера  DS-1400 (4мм),raw.r1c_nomenclature_current,1,1
Номенклатура — current,IP-телекамера  DS-1400 (6мм),raw.r1c_nomenclature_current,1,1
Номенклатура — current,IP-телекамера  DS-1456,raw.r1c_nomenclature_current,1,1
Номенклатура — current,IP-телекамера уличная  DS-1450 (6мм),raw.r1c_nomenclature_current,1,1
Номенклатура — current,Ippon Back Basic 1050(403407) ИБП,raw.r1c_nomenclature_current,1,1
Номенклатура — current,"KETTENRAD 1""X5/8""-Z43",raw.r1c_nomenclature_current,1,1
Номенклатура — current,KICK START SERVICE X-SERIES S65425,raw.r1c_nomenclature_current,1,1
Номенклатура — current,LT6L.4-4AN Сетка (на оборотный плуг longfeng),raw.r1c_nomenclature_current,1,1
Номенклатура — current,LT6L.4-5AN Сетка3 (на оборотный плуг longfeng),raw.r1c_nomenclature_current,1,1
Номенклатура — current,LT6L/4-6/LT6R/4-6-Сетка (на оборотный плуг longfeng),raw.r1c_nomenclature_current,1,1
Номенклатура — current,LT6R.4-4AN Сетка (на оборотный плуг longfeng),raw.r1c_nomenclature_current,1,1
Номенклатура — current,LT6R.4-5AN Сетка3 (на оборотный плуг longfeng),raw.r1c_nomenclature_current,1,1
Номенклатура — current,PPR Муфта соединительная 32,raw.r1c_nomenclature_current,1,1
Номенклатура — current,PPR Опора 32,raw.r1c_nomenclature_current,1,1
Номенклатура — current,"PPR Труба 32х5,4мм SDR6 армированная алюминием (4м)",raw.r1c_nomenclature_current,1,1
Номенклатура — current,"PPR Труба 32х5,4мм SDR6 армированная стекловолокном (4м)",raw.r1c_nomenclature_current,1,1
Номенклатура — current,PPR Угольник 32 90 градусов,raw.r1c_nomenclature_current,1,1
Номенклатура — current,PU-кольцо шириной 33,raw.r1c_nomenclature_current,1,1
Номенклатура — current,ParLan UUTP Cat5e 4*20*0.52 PVC,raw.r1c_nomenclature_current,1,1
Номенклатура — current,RFID Считыватель УМКа200,raw.r1c_nomenclature_current,1,1
Номенклатура — current,RFID-считыватель УМКа200,raw.r1c_nomenclature_current,1,1
Номенклатура — current,U-Шайба 5х20х1 ОЦ,raw.r1c_nomenclature_current,1,1
Номенклатура — current,"USB-разветвитель Ugreen (CM219) [3.0, 4-Port, кабель 15 см, Type-A, Серый]",raw.r1c_nomenclature_current,1,1
Номенклатура — current,V-образная лента,raw.r1c_nomenclature_current,1,1
Номенклатура — current,Y-ОБР.Подшипник 207-NPP-В-С3(11207270/020819/0005950),raw.r1c_nomenclature_current,1,1
Номенклатура — current,Y-ОБР.Подшипник 207-NPP-В-С3(11207270/190819/0006359),raw.r1c_nomenclature_current,1,1
Номенклатура — current,ZyXEL Keenetic 4G III Wi-Fi маршрутизатор (роутер),raw.r1c_nomenclature_current,1,1
Номенклатура — current,ip-камера HIWATCH DS-I200(E)(2.8mm) 2мп уличная цилиндрическая ,raw.r1c_nomenclature_current,1,1
Номенклатура — current,pDTPLJXRF WTGB 10В-2 Z-14 ,raw.r1c_nomenclature_current,1,1
Номенклатура — current,Ёмкость пластиковая синяя 10000л. наземная под жидкость,raw.r1c_nomenclature_current,1,1
Номенклатура — current,АКБ  75 А/Ч,raw.r1c_nomenclature_current,1,1
Номенклатура — current,АКБ 12 v 9 AM Курск (клема),raw.r1c_nomenclature_current,1,1
Номенклатура — current,АКБ 7А/ч,raw.r1c_nomenclature_current,1,1
Номенклатура — current,АКБ Зверь  65 А/Ч,raw.r1c_nomenclature_current,1,1
Номенклатура — current,АКБ Тюмень 60А/Ч,raw.r1c_nomenclature_current,1,1
Номенклатура — current,АМКО Универсал 12-12-36+ТЕ ,raw.r1c_nomenclature_current,1,1
Номенклатура — current,АМКО Универсал 20-20-20+ТЕ ,raw.r1c_nomenclature_current,1,1
Номенклатура — current,АОС E2270SWN 21.5*монитор,raw.r1c_nomenclature_current,1,1
Номенклатура — current,АПК_Погрузочно-разгрузочные работы,raw.r1c_nomenclature_current,1,1
Номенклатура — current,АРХИВ,raw.r1c_nomenclature_current,1,1
Номенклатура — current,АРХИВ_БеллаРоза,raw.r1c_nomenclature_current,1,1
Номенклатура — current,АРХИВ_Вега,raw.r1c_nomenclature_current,1,1
Номенклатура — current,АРХИВ_ГОТОВАЯ ПРОДУКЦИЯ,raw.r1c_nomenclature_current,1,1
Номенклатура — current,АРХИВ_ГСМ,raw.r1c_nomenclature_current,1,1
Номенклатура — current,АРХИВ_Гала,raw.r1c_nomenclature_current,1,1
Номенклатура — current,АРХИВ_Инвентарь и МЦ оборудование,raw.r1c_nomenclature_current,1,1
Номенклатура — current,АРХИВ_Картофель,raw.r1c_nomenclature_current,1,1
Номенклатура — current,АРХИВ_Картофель отходы,raw.r1c_nomenclature_current,2,2
Номенклатура — current,АРХИВ_Картофель первичное сырье,raw.r1c_nomenclature_current,1,1
Номенклатура — current,АРХИВ_Картофель фасовка,raw.r1c_nomenclature_current,2,2
Номенклатура — current,АРХИВ_Коломбо,raw.r1c_nomenclature_current,1,1
Номенклатура — current,АРХИВ_Лук,raw.r1c_nomenclature_current,1,1
Номенклатура — current,АРХИВ_Морковь,raw.r1c_nomenclature_current,1,1
Номенклатура — current,АРХИВ_Овощи (Материал),raw.r1c_nomenclature_current,1,1
Номенклатура — current,АРХИВ_Продукция 2020,raw.r1c_nomenclature_current,1,1
Номенклатура — current,АРХИВ_Прочие материалы для производства,raw.r1c_nomenclature_current,1,1
Номенклатура — current,АРХИВ_РедСкарлетт,raw.r1c_nomenclature_current,1,1
Номенклатура — current,АРХИВ_Репа,raw.r1c_nomenclature_current,1,1
Номенклатура — current,АРХИВ_СЫРЬЕ И МАТЕРИАЛЫ ВЫРАЩИВАНИЕ,raw.r1c_nomenclature_current,1,1
Номенклатура — current,АРХИВ_СЫРЬЕ И МАТЕРИАЛЫ ПРОИЗВОДСТВО,raw.r1c_nomenclature_current,1,1
Номенклатура — current,АРХИВ_Свекла,raw.r1c_nomenclature_current,1,1
Номенклатура — current,АРХИВ_Семена покупные,raw.r1c_nomenclature_current,1,1
Номенклатура — current,АРХИВ_Сырье и материалы (Материал),raw.r1c_nomenclature_current,1,1
Номенклатура — current,АРХИВ_Тара,raw.r1c_nomenclature_current,1,1
Номенклатура — current,АРХИВ_Товары,raw.r1c_nomenclature_current,1,1
Номенклатура — current,АРХИВ_Топинамбур,raw.r1c_nomenclature_current,1,1
Номенклатура — current,АРХИВ_Упаковочный материал для производства,raw.r1c_nomenclature_current,1,1
Номенклатура — current,АРХИВ_Хозяйственный инвентарь,raw.r1c_nomenclature_current,1,1
Номенклатура — current,АРХИВ_Чеснок,raw.r1c_nomenclature_current,2,2
Номенклатура — current,АРХИВ_картофель вакуумный,raw.r1c_nomenclature_current,1,1
Номенклатура — current,АРХИВ_картофель при закладке с поля,raw.r1c_nomenclature_current,1,1
Номенклатура — current,АРХИВ_фасовка грязный,raw.r1c_nomenclature_current,1,1
Номенклатура — current,АРХИВ_фасовка мытый,raw.r1c_nomenclature_current,1,1
Номенклатура — current,АРХИВ_химия,raw.r1c_nomenclature_current,1,1
Номенклатура — current,АТОЛ Sigma 8.Смарт-терминал черный ФН 1.1,raw.r1c_nomenclature_current,1,1
Номенклатура — current,Абига-Пик Инсектицид ,raw.r1c_nomenclature_current,1,1
Номенклатура — current,Абонентский терминал УМКа302.B2,raw.r1c_nomenclature_current,1,1
Номенклатура — current,Абонентский терминал УМКа302.BС2,raw.r1c_nomenclature_current,1,1
Номенклатура — current,Абонентский терминал УМКа310.BR,raw.r1c_nomenclature_current,1,1
Номенклатура — current,Абонентский терминал УМКа312.R2,raw.r1c_nomenclature_current,1,1
Номенклатура — current,Абонирование ячейки абонементного почтового шкафа,raw.r1c_nomenclature_current,1,1
Номенклатура — current,Абруста Инсектицид ,raw.r1c_nomenclature_current,1,1
Номенклатура — current,Аваксс Инсектицид ,raw.r1c_nomenclature_current,1,1
Номенклатура — current,Авант Инсектицид ,raw.r1c_nomenclature_current,1,1
Номенклатура — current,Авиаль Инсектицид ,raw.r1c_nomenclature_current,1,1
Номенклатура — current,Авиационный разъем 4-pin гнездо GF-AV4F gf0361,raw.r1c_nomenclature_current,1,1
Номенклатура — current,Авиационный разъем 4-pin штекер GF-AV4M gf0360,raw.r1c_nomenclature_current,1,1
Номенклатура — current,Авт. выкл. NB1-63 1P 10A 6кА,raw.r1c_nomenclature_current,1,1
Номенклатура — current,Авт. выкл. NXB-63 1P 16A 6кА ,raw.r1c_nomenclature_current,1,1
Номенклатура — current,Авт. выкл. ВА47-100 3Р 80А 10кА,raw.r1c_nomenclature_current,1,1
Номенклатура — current,Авт.выкл ВА 47-29 3/20А ИЭК,raw.r1c_nomenclature_current,1,1
Номенклатура — current,Авт.выкл. ВА 47-29 3/25А ИЭК/16220,raw.r1c_nomenclature_current,1,1
Номенклатура — current,АвтоДело набор для восстановления резьбы №14.16 пр 40394 10898,raw.r1c_nomenclature_current,1,1
Номенклатура — current,Автозапчасти,raw.r1c_nomenclature_current,1,1
Номенклатура — current,Автозапчасть для легкового автомобиля ,raw.r1c_nomenclature_current,1,1
Номенклатура — current,Автокамера 28.1-26,raw.r1c_nomenclature_current,1,1
Номенклатура — current,"Автокамера Nexen TR13 16х6.50,8",raw.r1c_nomenclature_current,1,1
Номенклатура — current,Автокамера Nexen TR218A 28L26.750/65-26,raw.r1c_nomenclature_current,1,1
Номенклатура — current,Автолампа H4 ,raw.r1c_nomenclature_current,1,1
Номенклатура — current,Автолампа H4 Bosch,raw.r1c_nomenclature_current,1,1
Номенклатура — current,Автолампа H7 Bosch,raw.r1c_nomenclature_current,1,1
Номенклатура — current,Автолампа OSRAM H4 12v,raw.r1c_nomenclature_current,1,1
Номенклатура — current,Автолампа W5W,raw.r1c_nomenclature_current,1,1
Номенклатура — current,Автолампа Р21/4W,raw.r1c_nomenclature_current,1,1
Номенклатура — current,Автолампа Р21/5W,raw.r1c_nomenclature_current,1,1
Номенклатура — current,Автомат 16ОА ВА-88-33 ИЭК,raw.r1c_nomenclature_current,1,1
Номенклатура — current,Автомат 3-ой С10 IEK,raw.r1c_nomenclature_current,1,1
Номенклатура — current,Автомат АВВ 3р 50А,raw.r1c_nomenclature_current,1,1
Номенклатура — current,Автомат АВВ SH203I 3P 63А 4.5 AC,raw.r1c_nomenclature_current,1,1
Номенклатура — current,Автомат ДЕКraft 3/63А,raw.r1c_nomenclature_current,1,1
Номенклатура — current,Автомат выключатель  ИЭК ВА 47-100 3р 100А ИЭК NV A40.3-100C,raw.r1c_nomenclature_current,1,1
Номенклатура — current,Автомат выключатель  ИЭК ВА 47-100 3р 80А хар С MVA40-3-080C,raw.r1c_nomenclature_current,1,1
Номенклатура — current,Автомат выключатель  ИЭК ВА 47-29 1р 10А хар С MVA20-1-010C,raw.r1c_nomenclature_current,1,1
Номенклатура — current,Автомат выключатель  ИЭК ВА 47-29 1р 16А хар С MVA20-1-016C,raw.r1c_nomenclature_current,1,1
Номенклатура — current,Автомат выключатель  ИЭК ВА 47-29 1р 20А хар С MVA20-1-020C,raw.r1c_nomenclature_current,1,1
Номенклатура — current,Автомат выключатель  ИЭК ВА 47-29 2р 25А хар С MVA20-1-025C,raw.r1c_nomenclature_current,1,1
Номенклатура — current,Автомат выключатель  ИЭК ВА 47-29 3/16А ,raw.r1c_nomenclature_current,1,1
Номенклатура — current,Автомат выключатель  ИЭК ВА 47-29 3р 10А хар С MVA20-3-010C,raw.r1c_nomenclature_current,1,1
Номенклатура — current,Автомат выключатель  ИЭК ВА 47-29 3р 16А хар С MVA20-3-016C,raw.r1c_nomenclature_current,1,1
Номенклатура — current,Автомат выключатель  ИЭК ВА 47-29 3р 16А хар с ИЭК,raw.r1c_nomenclature_current,1,1
Номенклатура — current,Автомат выключатель  ИЭК ВА 47-29 3р 20А хар С MVA20-3-020C,raw.r1c_nomenclature_current,1,1
Номенклатура — current,Автомат выключатель  ИЭК ВА 47-29 3р 32А хар С MVA20-3-032C,raw.r1c_nomenclature_current,1,1
Номенклатура — current,Автомат выключатель  ИЭК ВА 47-29 3р 40А хар С MVA20-3-040C,raw.r1c_nomenclature_current,1,1
Номенклатура — current,Автомат выключатель  ИЭК ВА 47-29 3р 40А хар с ИЭК,raw.r1c_nomenclature_current,1,1
Номенклатура — current,Автомат выключатель 1/10А ,raw.r1c_nomenclature_current,1,1
Номенклатура — current,Автомат выключатель 1/10А Schneider electrik,raw.r1c_nomenclature_current,1,1
Номенклатура — current,Автомат выключатель 1/16А Schneider electrik,raw.r1c_nomenclature_current,1,1
Номенклатура — current,Автомат выключатель 1/32А Schneider electrik,raw.r1c_nomenclature_current,1,1
Номенклатура — current,Автомат выключатель 1/6А Schneider electrik,raw.r1c_nomenclature_current,1,1
Номенклатура — current,Автомат выключатель 3/10А Schneider electrik,raw.r1c_nomenclature_current,1,1
Номенклатура — current,Автомат выключатель 3/16А,raw.r1c_nomenclature_current,1,1
Номенклатура — current,Автомат выключатель 3/25А Schneider electrik,raw.r1c_nomenclature_current,1,1
Номенклатура — current,Автомат выключатель 3/63А Schneider electrik,raw.r1c_nomenclature_current,1,1
Номенклатура — current,Автомат выключатель АБДТ 32 С16 А 30мА 6хА IEK,raw.r1c_nomenclature_current,1,1
Номенклатура — current,Автомат выключатель АВВ 1р 25А 6кА,raw.r1c_nomenclature_current,1,1
Номенклатура — current,Автомат выключатель ВА44 35 ЗР 125А 15 SVA4410-3-0125,raw.r1c_nomenclature_current,1,1
Номенклатура — current,Автомат выключатель ВА44 35 ЗР 250А 25 SVA4410-3-02050,raw.r1c_nomenclature_current,1,1
Номенклатура — current,"Автомат выключатель ВА47-29 2Р 20А 4,5А х-ка С ИЭК",raw.r1c_nomenclature_current,1,1
Номенклатура — current,Автомат выключатель ИЭК ВА 88-35 3п 200А ,raw.r1c_nomenclature_current,1,1
Номенклатура — current,Автомат выключатель модульный 3Р С25А LEGRAND,raw.r1c_nomenclature_current,1,1
Номенклатура — current,Автомат выключатель1Р 16А  ИЭК,raw.r1c_nomenclature_current,1,1
Номенклатура — current,Автомат выключатель1Р 25А  АВВ ,raw.r1c_nomenclature_current,1,1
Номенклатура — current,Автомат выключатель1Р 25А  ИЭК,raw.r1c_nomenclature_current,1,1
Номенклатура — current,Автомат выключатель1Р 32А  ИЭК,raw.r1c_nomenclature_current,1,1
Номенклатура — current,Автомат выключатель1Р 6А  ИЭК,raw.r1c_nomenclature_current,1,1
Номенклатура — current,"Автомат выключатель3Р 16А С4,5кА EZ9F34316",raw.r1c_nomenclature_current,1,1
Номенклатура — current,Автомат выключатель3Р 25А  ИЭК,raw.r1c_nomenclature_current,1,1
Номенклатура — current,Автомат выключатель3Р 32А  ИЭК,raw.r1c_nomenclature_current,1,1
Номенклатура — current,Автомат выключатель3Р 32А 6кА S203C 32А,raw.r1c_nomenclature_current,1,1
Номенклатура — current,"Автомат выключатель3Р 32А С4,5кА EZ9F34332",raw.r1c_nomenclature_current,1,1
Номенклатура — current,Автомат выключатель3Р 40А  ИЭК,raw.r1c_nomenclature_current,1,1
Номенклатура — current,Автомат выключатель3Р 63А  ИЭК,raw.r1c_nomenclature_current,1,1
Номенклатура — current,Автомат выключатель3Р 6А  ,raw.r1c_nomenclature_current,1,1
Номенклатура — current,Автомат защиты двигателя OZ1E08 2.5-4A,raw.r1c_nomenclature_current,1,1
Номенклатура — current,"Автоматическая сеткозашивочная машина R-2 (вибрация горловины,вибрация мешка0",raw.r1c_nomenclature_current,1,1
Номенклатура — current,Автоматическая система пожарной сигнализации и пожаротушения,raw.r1c_nomenclature_current,1,1
Номенклатура — current,Автоматическая система пожарной сигнализации и пожаротушения Общежитие,raw.r1c_nomenclature_current,1,1
Номенклатура — current,"Автоматическая упаковочная машина для упаковки типа ""домик"" SP M-3000",raw.r1c_nomenclature_current,1,1
Номенклатура — current,Автоматический выключатель 2-х полосный,raw.r1c_nomenclature_current,1,1
Номенклатура — current,Автоматический выключатель 2/20А Schneider electric,raw.r1c_nomenclature_current,1,1
Номенклатура — current,Автоматический выключатель Legrand DX3 C80A 10kA/16kA 409280,raw.r1c_nomenclature_current,1,1
Номенклатура — current,Автоматический выключатель дифф.тока АВДТ 32 С10,raw.r1c_nomenclature_current,1,1
Номенклатура — current,Автоматический выключатель дифф.тока АВДТ 32 С16,raw.r1c_nomenclature_current,1,1
Номенклатура — current,Автоматический выключатель трехполюсный ,raw.r1c_nomenclature_current,1,1
Номенклатура — current,"Автоматический выключатель1Р 10А С 4,5vA EZ9F 34110",raw.r1c_nomenclature_current,1,1
Номенклатура — current,"Автоматический выключатель1Р 16А С 4,5vA EZ9F 34116",raw.r1c_nomenclature_current,1,1
Номенклатура — current,"Автоматический выключатель1Р 25А С 4,5vA EZ9F 34125",raw.r1c_nomenclature_current,1,1
Номенклатура — current,"Автоматический выключатель3Р 10А 4,5 КА ",raw.r1c_nomenclature_current,1,1
Номенклатура — current,"Автоматический выключатель3Р 40А С 4,5vA EZ9F 34340",raw.r1c_nomenclature_current,1,1
Номенклатура — current,Автомобиль Пежо Боксер (PEUGEOT BOXER),raw.r1c_nomenclature_current,1,1
Номенклатура — current,Автомобиль Пежо Партнер (PEUGEOT PARTNER),raw.r1c_nomenclature_current,1,1
Номенклатура — current,Автомобильная зарядка для телефона 2 USB 5VZ 1A,raw.r1c_nomenclature_current,1,1
Номенклатура — current,Автомобильная радиостанция Yaesu FT-1807 UHF с антеноймачтовой и блоком питания автомоб.,raw.r1c_nomenclature_current,1,1
Номенклатура — current,Автомобильное зарядное устройство для 2 аккумуляторв и пульта,raw.r1c_nomenclature_current,1,1
Номенклатура — current,Автономный отопитель 8 кВт дизельный,raw.r1c_nomenclature_current,1,1
Номенклатура — current,"Автопилот СНС, NX510SE",raw.r1c_nomenclature_current,1,1
Номенклатура — current,Автопогрузчик EP CPCD18T8,raw.r1c_nomenclature_current,1,1
Номенклатура — current,Автосмазка аэрозоль 200мл,raw.r1c_nomenclature_current,1,1
Номенклатура — current,Автосцепка МТЗ РЗТЗ СА-1,raw.r1c_nomenclature_current,1,1
Номенклатура — current,"Автошампунь Grass Active Foam Truck, 6 кг, 113191",raw.r1c_nomenclature_current,1,1
Номенклатура — current,Автошампунь для бесконтактной мойки ,raw.r1c_nomenclature_current,1,1
Номенклатура — current,Автошина 11.2-20 NORTEC F-35 инд.114.8 PR ,raw.r1c_nomenclature_current,1,1
Номенклатура — current,Автошина 195/75 R16С Torero MRS-500 107/105R,raw.r1c_nomenclature_current,1,1
Номенклатура — current,Автошина 205/65 R16 NOKIAN зима шип,raw.r1c_nomenclature_current,1,1
Номенклатура — current,Автошина 215/65 R16 Cordiant all terrain,raw.r1c_nomenclature_current,1,1
Номенклатура — current,Автошина 215/65 R16 IkonTyres Autograph Aqua 3 SUV102V,raw.r1c_nomenclature_current,1,1
Номенклатура — current,Автошина 215/65 R16 all season Goodride,raw.r1c_nomenclature_current,1,1
Номенклатура — current,Автошина 215/65 R16 зима шип,raw.r1c_nomenclature_current,1,1
Номенклатура — current,Автошина 225/75R16 Maxxis МT-764 115/112Q,raw.r1c_nomenclature_current,1,1
Номенклатура — current,"Автошина 245/70R16 Salun ""ш""",raw.r1c_nomenclature_current,1,1
Номенклатура — current,Автошина 275/55 R19 Aulograpf Ultra2 SLV 111W,raw.r1c_nomenclature_current,1,1
Номенклатура — current,Автошина 275/65 R16 Ikon NORDMAN RS2 SUV 102R XL,raw.r1c_nomenclature_current,1,1
Номенклатура — current,Автошина 420/70R24 NORTEC AC 200 TL,raw.r1c_nomenclature_current,1,1
Номенклатура — current,Автошина 520/70 R38 Белшина,raw.r1c_nomenclature_current,1,1
Номенклатура — current,"Автошина 8,25R20 У-2 КАМА",raw.r1c_nomenclature_current,1,1
Номенклатура — current,Автошина NOK 255/55 ZR18 HAKKA BLACK-2 SUV 109Y XL,raw.r1c_nomenclature_current,1,1
Номенклатура — current,Автошина Nexen R16 225/75 T104 Rofdstone Winguand SLV зима 18542 с дисками,raw.r1c_nomenclature_current,1,1
Номенклатура — current,Автошина Pirelli 295/40/21,raw.r1c_nomenclature_current,1,1
Номенклатура — current,Автошина R13 175/70 BARS UZ200 82Т,raw.r1c_nomenclature_current,1,1
Номенклатура — current,Автошина Valtra 185|70 R14Ш,raw.r1c_nomenclature_current,1,1
Номенклатура — current,Автошина Viatti 195/ R18C V-525 107/105R,raw.r1c_nomenclature_current,1,1
Номенклатура — current,Автошина Агро 150D/153АВ  TL AGRO RAD,raw.r1c_nomenclature_current,1,1
Номенклатура — current,Автошина Агро 170D/173АВ  TL AGRO RAD,raw.r1c_nomenclature_current,1,1
Номенклатура — current,Автошина КENDA K401 71A4182A4 10PR,raw.r1c_nomenclature_current,1,1
Номенклатура — current,Автошина КАМА 185/75 R16C,raw.r1c_nomenclature_current,1,1
Номенклатура — current,Автошина КАМА 225/70 R15C,raw.r1c_nomenclature_current,1,1
Номенклатура — current,Автошина КОРДИАНТ 225/70/15 G112|110C Бизнес CW-2 Ш,raw.r1c_nomenclature_current,1,1
Номенклатура — current,Автошина КОРДИАНТ 225/70/15 G112|110C Бизнес CА-1,raw.r1c_nomenclature_current,1,1
Номенклатура — current,Автошина КОРДИАНТ R-16 195/75 С CW-2 ,raw.r1c_nomenclature_current,1,1
Номенклатура — current,Автошина КОРДИАНТ R-16С 195/75  ,raw.r1c_nomenclature_current,1,1
Номенклатура — current,Автошина Тokian Tyres 295/40/21,raw.r1c_nomenclature_current,1,1
Номенклатура — current,Автошина универсальная 8.25R20 Forward K-84 12PR-TT,raw.r1c_nomenclature_current,1,1
Номенклатура — current,Автошина710/70R38 NORTEC TA-01 инд.166/169 TL Пов.,raw.r1c_nomenclature_current,1,1
Номенклатура — current,Автощетка скребок,raw.r1c_nomenclature_current,1,1
Номенклатура — current,Агент Инсектицид ,raw.r1c_nomenclature_current,1,1
Номенклатура — current,Агентское вознагрождение,raw.r1c_nomenclature_current,1,1
Номенклатура — current,"Агрегатирование, наладка комбайна",raw.r1c_nomenclature_current,1,1
Номенклатура — current,Агрегатироование ,raw.r1c_nomenclature_current,1,1
Номенклатура — current,Агротех-Гарант-Альтин Инсектицид ,raw.r1c_nomenclature_current,1,1
Номенклатура — current,Адаптер 1 3/4.20-1.3/8.6,raw.r1c_nomenclature_current,1,1
Номенклатура — current,"Адаптер 1/2"" латунь",raw.r1c_nomenclature_current,1,1
Номенклатура — current,"Адаптер 3/4"" латунь",raw.r1c_nomenclature_current,1,1
Номенклатура — current,"Адаптер BSPP 1/2"" L=40",raw.r1c_nomenclature_current,1,1
Номенклатура — current,Адаптер Bluetooth USB Buro BU BT30 v 3.0 EDR class 2 10м черный,raw.r1c_nomenclature_current,1,1
Номенклатура — current,Адаптер DKM 18x1.5,raw.r1c_nomenclature_current,1,1
Номенклатура — current,Адаптер DKOL 90,raw.r1c_nomenclature_current,1,1
Номенклатура — current,Адаптер GRINDA 1/2 8-426315,raw.r1c_nomenclature_current,1,1
Номенклатура — current,Адаптер TN92GG-15L1/2,raw.r1c_nomenclature_current,1,1
Номенклатура — current,Адаптер ОБД2 ВФ (диагностический сканер),raw.r1c_nomenclature_current,1,1
Номенклатура — current,Адаптер СНС для Lovol Most models,raw.r1c_nomenclature_current,1,1
Номенклатура — current,Адаптер ТС тройник Р=12 20*5,raw.r1c_nomenclature_current,1,1
Номенклатура — current,Адаптер беспроводной Tenda U2 V5.0 AX300,raw.r1c_nomenclature_current,1,1
Номенклатура — current,Адаптер беспроодной TP LINK Acker T2U Nano USB 802 11ac,raw.r1c_nomenclature_current,1,1
Номенклатура — current,Адаптер беспроодной TP LINK TL WN725N USB 802.1 1n lj 150mb,raw.r1c_nomenclature_current,1,1
Номенклатура — current,Адаптер для ПНД трубки,raw.r1c_nomenclature_current,1,1
Номенклатура — current,Адаптер для коронок по метал GEPARD 32-210мм SDS+,raw.r1c_nomenclature_current,1,1
Номенклатура — current,"Адаптер котла н.з.+н.м. 0,8 мм 300/200 (конденсат)",raw.r1c_nomenclature_current,1,1
Номенклатура — current,Адаптор 1/2 х 3/4 ударный,raw.r1c_nomenclature_current,1,1
Номенклатура — current,Адванс Инсектицид ,raw.r1c_nomenclature_current,1,1
Номенклатура — current,Адексар Инсектицид ,raw.r1c_nomenclature_current,1,1
Номенклатура — current,Административная перевозка,raw.r1c_nomenclature_current,1,1
Номенклатура — current,Адью Ж гербицид,raw.r1c_nomenclature_current,1,1
Номенклатура — current,Азорит Инсектицид ,raw.r1c_nomenclature_current,1,1
Номенклатура — current,Азорро Инсектицид ,raw.r1c_nomenclature_current,1,1
Номенклатура — current,Азотные удобрения (N),raw.r1c_nomenclature_current,1,1
Номенклатура — current,Азотофосфат NP 33.2,raw.r1c_nomenclature_current,1,1
Номенклатура — current,Азофоска (нитроаммофоска) NPKS 21.12.12.3,raw.r1c_nomenclature_current,1,1
Номенклатура — current,Айвенго Инсектицид ,raw.r1c_nomenclature_current,1,1
Номенклатура — current,Аканто Плюс Инсектицид ,raw.r1c_nomenclature_current,1,1
Номенклатура — current,Акарин Инсектицид,raw.r1c_nomenclature_current,1,1
Номенклатура — current,Акварин № 12 (12:12:35:1)20кг,raw.r1c_nomenclature_current,1,1
Номенклатура — current,Акварин №5 (18-18-18-2)20кг,raw.r1c_nomenclature_current,1,1
Номенклатура — current,Акиба Инсектицид,raw.r1c_nomenclature_current,1,1
Номенклатура — current,Аккорд Инсектицид,raw.r1c_nomenclature_current,1,1
Номенклатура — current,Аккумулятор  Makita 19L75.3 199380,raw.r1c_nomenclature_current,1,1
Номенклатура — current,Аккумулятор 1л в сборе,raw.r1c_nomenclature_current,1,1
Номенклатура — current,Аккумулятор 20V 6.0Ah Li-ion MLI1860B Profipower ,raw.r1c_nomenclature_current,1,1
Номенклатура — current,Аккумулятор 330а Varta,raw.r1c_nomenclature_current,1,1
Номенклатура — current,Аккумулятор 6 СТ-62 А STELS,raw.r1c_nomenclature_current,1,1
Номенклатура — current,Аккумулятор 6 СТ-90 АTLANT прямая полярность пусковой ток 740А,raw.r1c_nomenclature_current,1,1
Номенклатура — current,Аккумулятор 80 А/ч обратная R+MUTLU 315*175*175 EN740A Турция,raw.r1c_nomenclature_current,1,1
Номенклатура — current,Аккумулятор AFA 100Ач 830А обратный,raw.r1c_nomenclature_current,1,1
Номенклатура — current,Аккумулятор AFA 91Ач 740А обратный,raw.r1c_nomenclature_current,1,1
Номенклатура — current,Аккумулятор AUTOPOWER 68A|ч 6СT68 A68JX,raw.r1c_nomenclature_current,1,1
Номенклатура — current,Аккумулятор COUGAR EFB 60 а/ч о.п.,raw.r1c_nomenclature_current,1,1
Номенклатура — current,Аккумулятор COUGAR Energy 190 о/п,raw.r1c_nomenclature_current,1,1
Номенклатура — current,Аккумулятор COUGAR Power 140 п/п евро,raw.r1c_nomenclature_current,1,1
Номенклатура — current,Аккумулятор Champion (18В 2Ач Li-ion),raw.r1c_nomenclature_current,1,1
Номенклатура — current,Аккумулятор DJI Mavic Ar2,raw.r1c_nomenclature_current,1,1
Номенклатура — current,Аккумулятор Decus Gold 66 R + (242*175*190) (760 EN),raw.r1c_nomenclature_current,1,1
Номенклатура — current,Аккумулятор EXCLUSVE 132 А/ч 6СТ132,raw.r1c_nomenclature_current,1,1
Номенклатура — current,Аккумулятор EXCLUSVE 190 А/ч под болт 6СТ190,raw.r1c_nomenclature_current,1,1
Номенклатура — current,Аккумулятор KAINAR 90А/ч 6СТ90,raw.r1c_nomenclature_current,1,1
Номенклатура — current,Аккумулятор KAINAR 90Ач 6СТ190,raw.r1c_nomenclature_current,1,1
Номенклатура — current,Аккумулятор KAR H4,raw.r1c_nomenclature_current,1,1
Номенклатура — current,Аккумулятор KARHU 190Ач 6СТ190,raw.r1c_nomenclature_current,1,1
Номенклатура — current,Аккумулятор KARHU 62А/ч,raw.r1c_nomenclature_current,1,1
Номенклатура — current,Аккумулятор MUTLU зап п/п,raw.r1c_nomenclature_current,1,1
Номенклатура — current,Аккумулятор Magnum 190 Ah (клемма),raw.r1c_nomenclature_current,1,1
Номенклатура — current,Аккумулятор Magnum 75 Ah,raw.r1c_nomenclature_current,1,1
Номенклатура — current,Аккумулятор MegaStart 110 п/п (Tinberg),raw.r1c_nomenclature_current,1,1
Номенклатура — current,Аккумулятор MegaStart Plus 190,raw.r1c_nomenclature_current,1,1
Номенклатура — current,Аккумулятор MegaStart Plus 75,raw.r1c_nomenclature_current,1,1
Номенклатура — current,Аккумулятор MegaStart Plus 90,raw.r1c_nomenclature_current,1,1
Номенклатура — current,Аккумулятор MegaStart залит 100 п/п (Tinberg),raw.r1c_nomenclature_current,1,1
Номенклатура — current,Аккумулятор Monbat P 80Ah R+ (310*175*175) (780EN),raw.r1c_nomenclature_current,1,1
Номенклатура — current,Аккумулятор TUBOR Asia Standart 62А/ч обратная полярность,raw.r1c_nomenclature_current,1,1
Номенклатура — current,Аккумулятор ПАЗ (Подольск)120 а/h п.п,raw.r1c_nomenclature_current,1,1
Номенклатура — current,Аккумулятор ТИТАН евро,raw.r1c_nomenclature_current,1,1
Номенклатура — current,Аккумулятор бст-225,raw.r1c_nomenclature_current,1,1
Номенклатура — current,Аккумулятор герметичный свинцово-кислотный 12В 12Ач,raw.r1c_nomenclature_current,1,1
Номенклатура — current,Аккумулятор для инструментов 18V 4.0Ah Li-ion Profipower ,raw.r1c_nomenclature_current,1,1
Номенклатура — current,Аккумуляторная батарея Stark Classic 80V 3 EPzB 300 (Опции: к.о. 50мм2 х 1500мм с разъемом SB175grey,raw.r1c_nomenclature_current,1,1
Номенклатура — current,Аккумуляторная батарея titan 110Ah,raw.r1c_nomenclature_current,1,1
Номенклатура — current,Аккумуляторная батарея ТИТАН 85 обр.Euro silver,raw.r1c_nomenclature_current,1,1
Номенклатура — current,Аккумуляторная пила INGCO,raw.r1c_nomenclature_current,1,1
Номенклатура — current,"Аккумуляторный бесщеточный НАБОР 2в1 ProfiSet 2С18 (Li-ion-2шт, 4Ач, Адаптер HEX, набор Profipower ",raw.r1c_nomenclature_current,1,1
Номенклатура — current,"Аккумуляторный бесщеточный НАБОР 3в1 УШМ MKDGA-18V, гайковерт MKDTW-18V, перфоратор MKDHRProfipower ",raw.r1c_nomenclature_current,1,1
Номенклатура — current,Аккумуляторный гайковерт Ryobi ONE R18IW3-120S,raw.r1c_nomenclature_current,1,1
Номенклатура — current,Аккумуляторный ударный гайковерт Ryobi RIW18X-0,raw.r1c_nomenclature_current,1,1
Номенклатура — current,Аккумуляторный шуруповерт Hanskonner HCD1865I,raw.r1c_nomenclature_current,1,1
Номенклатура — current,"Акробат МЦ, ВДГ (600+90г/кг)",raw.r1c_nomenclature_current,1,1
Номенклатура — current,Актара 041-01-170-1 Инсектицид,raw.r1c_nomenclature_current,1,1
Номенклатура — current,Актара 2083-10-101-018-0-1-1-1 Инсектицид,raw.r1c_nomenclature_current,1,1
Номенклатура — current,Активатор запуска двигателя GLINK M3815,raw.r1c_nomenclature_current,1,1
Номенклатура — current,Активная пена для бесконтактной мойки,raw.r1c_nomenclature_current,1,1
Номенклатура — current,Алатар Инсектицид,raw.r1c_nomenclature_current,1,1
Номенклатура — current,Алебастр 20кг,raw.r1c_nomenclature_current,1,1
Номенклатура — current,Алиос Инсектицид,raw.r1c_nomenclature_current,1,1
Номенклатура — current,Алиот Инсектицид,raw.r1c_nomenclature_current,1,1
Номенклатура — current,Алирин-Б 1449-09-107-214(215)-0-0-3-0 Инсектицид,raw.r1c_nomenclature_current,1,1
Номенклатура — current,Алирин-Б 2117-10-307-214(215)(434)-0-0-3-0 Инсектицид,raw.r1c_nomenclature_current,1,1
Номенклатура — current,Алкотестер Дельта АТ-600,raw.r1c_nomenclature_current,1,1
Номенклатура — current,АлтАльф Инсектицид,raw.r1c_nomenclature_current,1,1
Номенклатура — current,Алтайшина К-84 н.с 12 кам универсальная автошина,raw.r1c_nomenclature_current,1,1
Номенклатура — current,Алтайшина Ф-2АД 8PR TT Пов.Автошина,raw.r1c_nomenclature_current,1,1
Номенклатура — current,Алтын Инсектицид,raw.r1c_nomenclature_current,1,1
Номенклатура — current,АлуэтРС2 Красный Грязный  Сетка на рулоне10 кг. ,raw.r1c_nomenclature_current,1,1
Номенклатура — current,"АлуэтРС2 Красный Грязный Сетка на рулоне2,5 кг.",raw.r1c_nomenclature_current,1,1
Номенклатура — current,АлуэтРС2 Красный Грязный Сетка на рулоне25 кг.,raw.r1c_nomenclature_current,1,1
Номенклатура — current,АлуэтРС2 Красный Мытый  Сетка на рулоне10 кг. ,raw.r1c_nomenclature_current,1,1
Номенклатура — current,АлуэтРС2 Красный Мытый Сетка домик3 кг.,raw.r1c_nomenclature_current,1,1
Номенклатура — current,АлуэтРС2 Красный Мытый Сетка домик3 кг. _ЛЕНТА,raw.r1c_nomenclature_current,1,1
Номенклатура — current,Альбит Инсектицид,raw.r1c_nomenclature_current,1,1
Номенклатура — current,Алькасар Инсектицид,raw.r1c_nomenclature_current,1,1
Номенклатура — current,Алькор Инсектицид,raw.r1c_nomenclature_current,1,1
Номенклатура — current,Алькор Супер Инсектицид,raw.r1c_nomenclature_current,1,1
Номенклатура — current,Альпари Инсектицид,raw.r1c_nomenclature_current,1,1
Номенклатура — current,Альтазол Инсектицид,raw.r1c_nomenclature_current,1,1
Номенклатура — current,Альто Супер Инсектицид,raw.r1c_nomenclature_current,1,1
Номенклатура — current,Альто Турбо Инсектицид,raw.r1c_nomenclature_current,1,1
Номенклатура — current,Альтруист Инсектицид,raw.r1c_nomenclature_current,1,1
Номенклатура — current,Альтрум Супер Инсектицид,raw.r1c_nomenclature_current,1,1
Номенклатура — current,Альфа Ринг Инсектицид,raw.r1c_nomenclature_current,1,1
Номенклатура — current,Альфа Феникс Инсектицид,raw.r1c_nomenclature_current,1,1
Номенклатура — current,Альфа-Амиприд Инсектицид,raw.r1c_nomenclature_current,1,1
Номенклатура — current,Альфа-Директор Инсектицид,raw.r1c_nomenclature_current,1,1
Номенклатура — current,Альфа-Протравитель Инсектицид,raw.r1c_nomenclature_current,1,1
Номенклатура — current,Альфа-Серф Инсектицид,raw.r1c_nomenclature_current,1,1
Номенклатура — current,Альфа-Ципи Инсектицид,raw.r1c_nomenclature_current,1,1
Номенклатура — current,Альфабел Инсектицид,raw.r1c_nomenclature_current,1,1
Номенклатура — current,Альфаплан Инсектицид,raw.r1c_nomenclature_current,1,1
Номенклатура — current,Альфас Инсектицид,raw.r1c_nomenclature_current,1,1
Номенклатура — current,Альфацин Инсектицид,raw.r1c_nomenclature_current,1,1
Номенклатура — current,Альфашанс Инсектицид,raw.r1c_nomenclature_current,1,1
Номенклатура — current,Алюминиевая клейкая лента,raw.r1c_nomenclature_current,1,1
Номенклатура — current,Алюминиевый магнитный строительный уровень 1200мм Gigant GWM1200,raw.r1c_nomenclature_current,1,1
Номенклатура — current,Американка 3/4,raw.r1c_nomenclature_current,1,1
Номенклатура — current,Американка 40х1-1/4 вн.р. ППР,raw.r1c_nomenclature_current,1,1
Номенклатура — current,Аминомакс Nca 12.6,raw.r1c_nomenclature_current,1,1
Номенклатура — current,Амистар Трио Инсектицид,raw.r1c_nomenclature_current,1,1
Номенклатура — current,Амистар Экстра Инсектицид,raw.r1c_nomenclature_current,1,1
Номенклатура — current,Аммиак р-р 10% 100мл,raw.r1c_nomenclature_current,1,1
Номенклатура — current,Аммиачная вода (водный аммиак) N 33,raw.r1c_nomenclature_current,1,1
Номенклатура — current,Аммиачная селитра,raw.r1c_nomenclature_current,1,1
Номенклатура — current,"Аммиачная селитра, марка Б, сорт высший, МКР",raw.r1c_nomenclature_current,1,1
Номенклатура — current,Аммофос NP 12.52,raw.r1c_nomenclature_current,1,1
Номенклатура — current,Амортизатор (гидравлический) Газель,raw.r1c_nomenclature_current,1,1
Номенклатура — current,"Амортизатор ГАЗ 2217, 2752 передний",raw.r1c_nomenclature_current,1,1
Номенклатура — current,"Амортизатор ГАЗ-3302,3221 передний/задний ГАЗ -2217 задний газомасл.",raw.r1c_nomenclature_current,1,1
Номенклатура — current,Амортизатор ЗИЛ-5301 опоры двигателя передней КЗРиЛИ,raw.r1c_nomenclature_current,1,1
Номенклатура — current,Амортизатор К-700,raw.r1c_nomenclature_current,1,1
Номенклатура — current,Амортизатор МТЗ привода управления рулевого,raw.r1c_nomenclature_current,1,1
Номенклатура — current,Амортизатор МТЗ стекла задн.,raw.r1c_nomenclature_current,1,1
Номенклатура — current,Амортизатор гидравлический 85.32.013,raw.r1c_nomenclature_current,1,1
Номенклатура — current,Амортизатор гидравлический 85.32.034,raw.r1c_nomenclature_current,1,1
Номенклатура — current,Амортизатор двери задка (пружина газовая),raw.r1c_nomenclature_current,1,1
Номенклатура — current,Амортизатор задний (газомасленный) L=R  Renaut Duster,raw.r1c_nomenclature_current,1,1
Номенклатура — current,Амортизатор задний (код12140080),raw.r1c_nomenclature_current,1,1
Номенклатура — current,Амортизатор задний ASTION,raw.r1c_nomenclature_current,1,1
Номенклатура — current,Амортизатор капота,raw.r1c_nomenclature_current,1,1
Номенклатура — current,Амортизатор крышки багажника,raw.r1c_nomenclature_current,1,1
Номенклатура — current,Амортизатор подвески газ.передний (код42142175),raw.r1c_nomenclature_current,1,1
Номенклатура — current,Амортизатор с втулкой HG004,raw.r1c_nomenclature_current,1,1
Номенклатура — current,Амортизатр облицовки радиатора МАЗ-6430,raw.r1c_nomenclature_current,1,1
Номенклатура — current,"Амперметр АП УАЗ, МТЗ, МАЗ",raw.r1c_nomenclature_current,1,1
Номенклатура — current,Амплиго Инсектицид,raw.r1c_nomenclature_current,1,1
Номенклатура — current,Анальгин таб 500мг n20,raw.r1c_nomenclature_current,1,1
Номенклатура — current,Анаэробный клей для подшипников EFELE ,raw.r1c_nomenclature_current,1,1
Номенклатура — current,Анемометр ADA ЛЕГО темп измеритель скорости температуры воздушного потока,raw.r1c_nomenclature_current,1,1
Номенклатура — current,Анемон Инсектицид,raw.r1c_nomenclature_current,1,1
Номенклатура — current,Анкер 10х150,raw.r1c_nomenclature_current,1,1
Номенклатура — current,Анкер 10х60,raw.r1c_nomenclature_current,1,1
Номенклатура — current,Анкер 10х77,raw.r1c_nomenclature_current,1,1
Номенклатура — current,Анкер 12х130,raw.r1c_nomenclature_current,1,1
Номенклатура — current,Анкер 16х150,raw.r1c_nomenclature_current,1,1
Номенклатура — current,Анкер 8х40,raw.r1c_nomenclature_current,1,1
Номенклатура — current,Анкер М10х95,raw.r1c_nomenclature_current,1,1
Номенклатура — current,Анкер Трио Инсектицид,raw.r1c_nomenclature_current,1,1
Номенклатура — current,Анкер болт 16х180,raw.r1c_nomenclature_current,1,1
Номенклатура — current,Анкер гайка,raw.r1c_nomenclature_current,1,1
Номенклатура — current,Анкер забиваемый латунный М10 10 шт - пакет,raw.r1c_nomenclature_current,1,1
Номенклатура — current,Анкер м,raw.r1c_nomenclature_current,1,1
Номенклатура — current,Анкер регулируемый по высоте 120*120,raw.r1c_nomenclature_current,1,1
Номенклатура — current,Анкер химический,raw.r1c_nomenclature_current,1,1
Номенклатура — current,Анкерный болт 12х100мм,raw.r1c_nomenclature_current,1,1
Номенклатура — current,Анкерный болт 8х100мм,raw.r1c_nomenclature_current,1,1
Номенклатура — current,Анкерный болт с гайкой М10*100,raw.r1c_nomenclature_current,1,1
Номенклатура — current,Анкерный зажим 10600119 DN123,raw.r1c_nomenclature_current,1,1
Номенклатура — current,Ансамбль Инсектицид,raw.r1c_nomenclature_current,1,1
Номенклатура — current,Антенна телевизионная HARPER ADVB-1415,raw.r1c_nomenclature_current,1,1
Номенклатура — current,"Антивандальная кнопка d12 Б/Фикс (2с), OFF-(ON), выпуклая",raw.r1c_nomenclature_current,1,1
Номенклатура — current,Антигололед 20кг,raw.r1c_nomenclature_current,1,1
Номенклатура — current,Антижир ,raw.r1c_nomenclature_current,1,1
Номенклатура — current,Антикор для днища автомобиля,raw.r1c_nomenclature_current,1,1
Номенклатура — current,Антикорозийное покрытие,raw.r1c_nomenclature_current,1,1
Номенклатура — current,Антикоррозийная мастика (полимерно-битумная аэрозоль),raw.r1c_nomenclature_current,1,1
Номенклатура — current,Антилед,raw.r1c_nomenclature_current,1,1
Номенклатура — current,Антилед 20кг,raw.r1c_nomenclature_current,1,1
Номенклатура — current,Антимоскитная лампа R100/71-0056,raw.r1c_nomenclature_current,1,1
Номенклатура — current,Антиржавчина-гель ,raw.r1c_nomenclature_current,1,1
Номенклатура — current,Антисептик,raw.r1c_nomenclature_current,1,1
Номенклатура — current,Антисептик кожный для рук,raw.r1c_nomenclature_current,1,1
Номенклатура — current,Антистеплер,raw.r1c_nomenclature_current,1,1
