category,original_name,source_tables,distinct_ids,source_rows
Номенклатура — current,Антитлин Инсектицид,raw.r1c_nomenclature_current,1,1
Номенклатура — current,Антифриз,raw.r1c_nomenclature_current,2,2
Номенклатура — current,Антифриз  красный LUXE,raw.r1c_nomenclature_current,1,1
Номенклатура — current,Антифриз -40С красный 10л,raw.r1c_nomenclature_current,1,1
Номенклатура — current,Антифриз -40С красный 3кг,raw.r1c_nomenclature_current,1,1
Номенклатура — current,Антифриз LUX G12 красный ,raw.r1c_nomenclature_current,1,1
Номенклатура — current,Антифриз NORD,raw.r1c_nomenclature_current,1,1
Номенклатура — current,Антифриз PILOTS-40 красный 3 л,raw.r1c_nomenclature_current,1,1
Номенклатура — current,Антифриз RED LINE-40,raw.r1c_nomenclature_current,1,1
Номенклатура — current,Антифриз Sintec LUX  G12 красный,raw.r1c_nomenclature_current,1,1
Номенклатура — current,Антифриз АЛЯСКА-40,raw.r1c_nomenclature_current,1,1
Номенклатура — current,Антифриз АЛЯСКА-40 green,raw.r1c_nomenclature_current,1,1
Номенклатура — current,Антифриз АЛЯСКА-40 red,raw.r1c_nomenclature_current,1,1
Номенклатура — current,Антифриз Х красный ,raw.r1c_nomenclature_current,1,1
Номенклатура — current,Антифриз готовый,raw.r1c_nomenclature_current,1,1
Номенклатура — current,Антифриз зеленый 10кг,raw.r1c_nomenclature_current,1,1
Номенклатура — current,Антифриз зеленый 3 л,raw.r1c_nomenclature_current,1,1
Номенклатура — current,Антифриз зеленый 5 л,raw.r1c_nomenclature_current,1,1
Номенклатура — current,Антифриз зеленый NORD ,raw.r1c_nomenclature_current,1,1
Номенклатура — current,Антифриз красный -40С ,raw.r1c_nomenclature_current,1,1
Номенклатура — current,Антифриз красный 5 л,raw.r1c_nomenclature_current,1,1
Номенклатура — current,Антифриз синий 5 л,raw.r1c_nomenclature_current,1,1
Номенклатура — current,АпаСил,raw.r1c_nomenclature_current,1,1
Номенклатура — current,Апачи Инсектицид,raw.r1c_nomenclature_current,1,1
Номенклатура — current,Апирой,raw.r1c_nomenclature_current,1,1
Номенклатура — current,Аппарат высокого давления KARCHER K4 Universal 1.679-300,raw.r1c_nomenclature_current,1,1
Номенклатура — current,Аппарат промывки и удаления камней барабанного типа,raw.r1c_nomenclature_current,1,1
Номенклатура — current,Аппарат стационарный настенный MLC-C 1915P,raw.r1c_nomenclature_current,1,1
Номенклатура — current,Апрон XL Инсектицид,raw.r1c_nomenclature_current,1,1
Номенклатура — current,Аптечка ЭКО-1,raw.r1c_nomenclature_current,1,1
Номенклатура — current,Аптечка автомобильная АПФ-07 н,raw.r1c_nomenclature_current,1,1
Номенклатура — current,Аптечка автомобильная н,raw.r1c_nomenclature_current,1,1
Номенклатура — current,Аптечка автомобильная полный состав АСТРА,raw.r1c_nomenclature_current,1,1
Номенклатура — current,Аптечка для ремонта безкамерных шин арб-Г КАМАЗ,raw.r1c_nomenclature_current,1,1
Номенклатура — current,Аптечка для ремонта покрышек и камер,raw.r1c_nomenclature_current,1,1
Номенклатура — current,Аптечка коллективная на 15-20 человек пластиковый кейс ф 2.1,raw.r1c_nomenclature_current,1,1
Номенклатура — current,Аптечка первой помощи коллективная ФЭСТ (до 100 человек),raw.r1c_nomenclature_current,1,1
Номенклатура — current,Аптечка первой помощи коллективная ФЭСТ большой футляр,raw.r1c_nomenclature_current,1,1
Номенклатура — current,Аптечка первой помощи металлический шкаф 2388,raw.r1c_nomenclature_current,1,1
Номенклатура — current,Аптечка первой помощи №262н ф.02,raw.r1c_nomenclature_current,1,1
Номенклатура — current,Аптечка первой помощи.Футляр-полистирол №5.1 ф 5.1,raw.r1c_nomenclature_current,1,1
Номенклатура — current,"Аптечка производственная Ф7,2",raw.r1c_nomenclature_current,1,1
Номенклатура — current,Аренда,raw.r1c_nomenclature_current,2,2
Номенклатура — current,Аренда движимого имущества,raw.r1c_nomenclature_current,1,1
Номенклатура — current,Аренда зем. участка 493 и 30992,raw.r1c_nomenclature_current,1,1
Номенклатура — current,Аренда земельного участка 203 и 30990,raw.r1c_nomenclature_current,1,1
Номенклатура — current,Аренда земельного участка 50:30:0020309:415,raw.r1c_nomenclature_current,1,1
Номенклатура — current,Аренда земельного участка 50:30:0050305:493,raw.r1c_nomenclature_current,1,1
Номенклатура — current,Аренда земельного участка с кадастровым номером 50:30:0020309:415 площадью 43 га  ,raw.r1c_nomenclature_current,1,1
Номенклатура — current,Аренда земли,raw.r1c_nomenclature_current,1,1
Номенклатура — current,Аренда манипулятора,raw.r1c_nomenclature_current,1,1
Номенклатура — current,Аренда помещения,raw.r1c_nomenclature_current,1,1
Номенклатура — current,Аренда помещения под хранение оборудования,raw.r1c_nomenclature_current,1,1
Номенклатура — current,Аренда участка пощадь 35 га кадастровый № 50:30:0020309:415,raw.r1c_nomenclature_current,1,1
Номенклатура — current,Аренда хранилища,raw.r1c_nomenclature_current,1,1
Номенклатура — current,Ареометр для АКБ JTC-1041,raw.r1c_nomenclature_current,1,1
Номенклатура — current,"Ария, КС (250г/л) ",raw.r1c_nomenclature_current,1,1
Номенклатура — current,Арматура 10мм  гладкая,raw.r1c_nomenclature_current,1,1
Номенклатура — current,Арматура 10мм  рифленая,raw.r1c_nomenclature_current,1,1
Номенклатура — current,Арматура 6 рифленая,raw.r1c_nomenclature_current,1,1
Номенклатура — current,Арматура сантехническая,raw.r1c_nomenclature_current,1,1
Номенклатура — current,Арматура универсальная пл./шток,raw.r1c_nomenclature_current,1,1
Номенклатура — current,Армин Инсектицид,raw.r1c_nomenclature_current,1,1
Номенклатура — current,Арриво Инсектицид,raw.r1c_nomenclature_current,1,1
Номенклатура — current,Архив,raw.r1c_nomenclature_current,1,1
Номенклатура — current,Архив_СЗР и удобрения,raw.r1c_nomenclature_current,1,1
Номенклатура — current,Архив_семена,raw.r1c_nomenclature_current,1,1
Номенклатура — current,Аскорбиновая кислота стм таб.n10,raw.r1c_nomenclature_current,1,1
Номенклатура — current,Аспид Инсектицид,raw.r1c_nomenclature_current,1,1
Номенклатура — current,Асфальтная крошка,raw.r1c_nomenclature_current,1,1
Номенклатура — current,Атлант Инсектицид,raw.r1c_nomenclature_current,1,1
Номенклатура — current,Атлант Супер Инсектицид,raw.r1c_nomenclature_current,1,1
Номенклатура — current,Атом Инсектицид,raw.r1c_nomenclature_current,1,1
Номенклатура — current,Атрикс Инсектицид,raw.r1c_nomenclature_current,1,1
Номенклатура — current,Аттик Инсектицид,raw.r1c_nomenclature_current,1,1
Номенклатура — current,"Аудит по охране труда, контролю мер пожарной безопасности, электробезопасности ",raw.r1c_nomenclature_current,1,1
Номенклатура — current,Аутсорсинговые работы производства Переборка картофеля,raw.r1c_nomenclature_current,1,1
Номенклатура — current,Аутсорсинговые работы производства Сортировка картофеля,raw.r1c_nomenclature_current,1,1
Номенклатура — current,Аутсорсинговые работы производства Фасовка картофеля в мешки,raw.r1c_nomenclature_current,1,1
Номенклатура — current,Ацетилсалициловая кислота  таб. 500мг n20 ,raw.r1c_nomenclature_current,1,1
Номенклатура — current,Ацетилсалициловая кислота  таб. 500мг n30 ,raw.r1c_nomenclature_current,1,1
Номенклатура — current,Ацетон 1л,raw.r1c_nomenclature_current,1,1
Номенклатура — current,Ацетон 5л,raw.r1c_nomenclature_current,1,1
Номенклатура — current,Аэрозоль ,raw.r1c_nomenclature_current,1,1
Номенклатура — current,Аэрозоль Wb-40,raw.r1c_nomenclature_current,1,1
Номенклатура — current,Аэрозоль краска белая матовая,raw.r1c_nomenclature_current,1,1
Номенклатура — current,Аэрозоль краска красная,raw.r1c_nomenclature_current,1,1
Номенклатура — current,Аэрозоль краска черная,raw.r1c_nomenclature_current,1,1
Номенклатура — current,Аэрозоль силиконовый,raw.r1c_nomenclature_current,1,1
Номенклатура — current,БДЮ 401.01 Диск (ромашка) Д=660х6 мм,raw.r1c_nomenclature_current,1,1
Номенклатура — current,БОЛТ 6-ГР.M10X40 933-8.8-ОЦ.,raw.r1c_nomenclature_current,1,1
Номенклатура — current,"БП XPG PYLON BRONZE 750W (80+ Bronze, ATX V2.4, APFC, 126 mm fan, NM, 24+4+4, 4x(6+2)PCI-E, 8xSATA) ",raw.r1c_nomenclature_current,1,1
Номенклатура — current,"БРС для РВД ниппель с разеткой  GR12 СМ М27*1,5",raw.r1c_nomenclature_current,1,1
Номенклатура — current,"БРС для РВД ниппель с разеткой GR12 СМ М20*1,5",raw.r1c_nomenclature_current,1,1
Номенклатура — current,БФТИМ КС-2 Инсектицид,raw.r1c_nomenclature_current,1,1
Номенклатура — current,Базилик овощной. Вкус корицы,raw.r1c_nomenclature_current,1,1
Номенклатура — current,Базилик овощной. Зеленый ароматный,raw.r1c_nomenclature_current,1,1
Номенклатура — current,Базилик овощной. Лимонный аромат,raw.r1c_nomenclature_current,1,1
Номенклатура — current,Байзафон Инсектицид,raw.r1c_nomenclature_current,1,1
Номенклатура — current,Байлетон Инсектицид,raw.r1c_nomenclature_current,1,1
Номенклатура — current,Бак 105л полипропилен d=57см h=63см с крышкой для пищевых продуктов,raw.r1c_nomenclature_current,1,1
Номенклатура — current,Бак 25л полипропилен d=34см h=48см с крышкой для пищевых продуктов бордовый,raw.r1c_nomenclature_current,1,1
Номенклатура — current,Бак 45л полипропилен d=40см h=48см с крышкой для пищевых продуктов,raw.r1c_nomenclature_current,1,1
Номенклатура — current,Бак 45л полипропилен d=42см h=57см с крышкой для пищевых продуктов,raw.r1c_nomenclature_current,1,1
Номенклатура — current,Бак 45л полипропилен d=42см h=57см с крышкой для пищевых продуктов бордовый,raw.r1c_nomenclature_current,1,1
Номенклатура — current,Бак 75л полипропилен d=см h=см с крышкой для пищевых продуктов,raw.r1c_nomenclature_current,1,1
Номенклатура — current,Бак альтернатива 100л квадрат,raw.r1c_nomenclature_current,1,1
Номенклатура — current,"Бак для мусора ""Эконом"" 65л на колесах",raw.r1c_nomenclature_current,1,1
Номенклатура — current,Бак на 24 литра,raw.r1c_nomenclature_current,1,1
Номенклатура — current,Бак пластиковый с крышкой 60 литров,raw.r1c_nomenclature_current,1,1
Номенклатура — current,Бак пластиковый с крышкой 80 литров,raw.r1c_nomenclature_current,1,1
Номенклатура — current,Бак радиатора МТЗ нижний (латунь) 2120-1301-200,raw.r1c_nomenclature_current,1,1
Номенклатура — current,Бак расш.мембр. для отоп.систем 80,raw.r1c_nomenclature_current,1,1
Номенклатура — current,Баксис Инсектицид,raw.r1c_nomenclature_current,1,1
Номенклатура — current,Бактерицидные облучатели- серии ОБН-75,raw.r1c_nomenclature_current,1,1
Номенклатура — current,Бактофит 1277-08-307-071-0-0-3-0 Инсектицид,raw.r1c_nomenclature_current,1,1
Номенклатура — current,Бактофит 2389-12-307-071-0-0-3-1 Инсектицид,raw.r1c_nomenclature_current,1,1
Номенклатура — current,"Балаклава /шапочка с резинкой вокруг лица 17г/м2 42х36, белая ",raw.r1c_nomenclature_current,1,1
Номенклатура — current,"Балий, КМЭ Фунгицид ",raw.r1c_nomenclature_current,1,1
Номенклатура — current,Балинт Инсектицид,raw.r1c_nomenclature_current,1,1
Номенклатура — current,"Балка (б/у) 2700мм, ГТС",raw.r1c_nomenclature_current,1,1
Номенклатура — current,Балка 16,raw.r1c_nomenclature_current,1,1
Номенклатура — current,Балка 1800/2100 (120.1.5 ),raw.r1c_nomenclature_current,1,1
Номенклатура — current,Балка 2700/3250 (150.2.0 ),raw.r1c_nomenclature_current,1,1
Номенклатура — current,Балка 2700мм,raw.r1c_nomenclature_current,1,1
Номенклатура — current,Балка 2800/3300 (150.2.0 ),raw.r1c_nomenclature_current,1,1
Номенклатура — current,Балка 3600мм,raw.r1c_nomenclature_current,1,1
Номенклатура — current,Баллон  пропан-бутан 50л,raw.r1c_nomenclature_current,1,1
Номенклатура — current,Баллон 27 литров,raw.r1c_nomenclature_current,1,1
Номенклатура — current,Баллон газовый 12л вентиль NOVOGAZ ,raw.r1c_nomenclature_current,1,1
Номенклатура — current,Баллон газовый 220мл,raw.r1c_nomenclature_current,1,1
Номенклатура — current,Баллон газовый 400мл,raw.r1c_nomenclature_current,1,1
Номенклатура — current,Баллон газовый РИФ для аргона 10 л ХД20022147,raw.r1c_nomenclature_current,1,1
Номенклатура — current,"Баллон газовый набор 12 штук ,для портативных газовых приборов",raw.r1c_nomenclature_current,1,1
Номенклатура — current,Баллон газовый/220г,raw.r1c_nomenclature_current,1,1
Номенклатура — current,Баллон с ацетеленом 5кг,raw.r1c_nomenclature_current,1,1
Номенклатура — current,Баллон с кислородом 40л,raw.r1c_nomenclature_current,1,1
Номенклатура — current,Балон воздушный ПАЗ 3205-353015-20,raw.r1c_nomenclature_current,1,1
Номенклатура — current,"Балтик Роуз РС2 Сетка-домик 1,5кг. Без полива",raw.r1c_nomenclature_current,1,1
Номенклатура — current,"Балтик Роуз РС2 Сетка-домик 1,5кг. Полив",raw.r1c_nomenclature_current,1,1
Номенклатура — current,Балтик Роуз РС2 Сетка-домик 2кг. Без полива,raw.r1c_nomenclature_current,1,1
Номенклатура — current,Балтик Роуз РС2 Сетка-домик 2кг. Полив,raw.r1c_nomenclature_current,1,1
Номенклатура — current,Балтик Роуз РС2 грязный Сетка на завязке 25кг. Без полива,raw.r1c_nomenclature_current,1,1
Номенклатура — current,Балтик Роуз РС2 грязный Сетка на завязке 25кг. Полив,raw.r1c_nomenclature_current,1,1
Номенклатура — current,Балтик Роуз РС2 грязный Сетка на рулоне 10кг. Без полива,raw.r1c_nomenclature_current,1,1
Номенклатура — current,Балтик Роуз РС2 грязный Сетка на рулоне 10кг. Полив,raw.r1c_nomenclature_current,1,1
Номенклатура — current,Балтик Роуз РС2 грязный Сетка на рулоне 2.5кг. Без полива,raw.r1c_nomenclature_current,1,1
Номенклатура — current,Балтик Роуз РС2 грязный Сетка на рулоне 2.5кг. Полив,raw.r1c_nomenclature_current,1,1
Номенклатура — current,Балтик Роуз РС2 грязный Сетка на рулоне 25кг. Без полива,raw.r1c_nomenclature_current,1,1
Номенклатура — current,Балтик Роуз РС2 грязный Сетка на рулоне 25кг. Полив,raw.r1c_nomenclature_current,1,1
Номенклатура — current,Балтик Роуз РС2 грязный Сетка на рулоне 3кг. Без полива,raw.r1c_nomenclature_current,1,1
Номенклатура — current,Балтик Роуз РС2 грязный Сетка на рулоне 3кг. Полив,raw.r1c_nomenclature_current,1,1
Номенклатура — current,Балтик Роуз РС2 грязный Сетка на рулоне 5кг. Без полива,raw.r1c_nomenclature_current,1,1
Номенклатура — current,Балтик Роуз РС2 грязный Сетка на рулоне 5кг. Полив,raw.r1c_nomenclature_current,1,1
Номенклатура — current,Балтик Роуз РС2 грязный биг-бег 1000кг. Без полива,raw.r1c_nomenclature_current,1,1
Номенклатура — current,Балтик Роуз РС2 грязный биг-бег 1000кг. Полив,raw.r1c_nomenclature_current,1,1
Номенклатура — current,Балтик Роуз РС2 грязный сетка 2кг. Полив,raw.r1c_nomenclature_current,1,1
Номенклатура — current,Балтик Роуз РС2 мытый  Биг-бег 1000кг. Без полива,raw.r1c_nomenclature_current,1,1
Номенклатура — current,Балтик Роуз РС2 мытый  Биг-бег 1000кг. Полив,raw.r1c_nomenclature_current,1,1
Номенклатура — current,Балтик Роуз РС2 мытый Сетка 25кг. Без полива,raw.r1c_nomenclature_current,1,1
Номенклатура — current,Балтик Роуз РС2 мытый Сетка 25кг. Полив,raw.r1c_nomenclature_current,1,1
Номенклатура — current,Балтик Роуз РС2 мытый Сетка на рулоне 2.5кг. Без полива,raw.r1c_nomenclature_current,1,1
Номенклатура — current,Балтик Роуз РС2 мытый Сетка на рулоне 2.5кг. Полив,raw.r1c_nomenclature_current,1,1
Номенклатура — current,"Балтик Роуз РС2 мытый Сетка-домик 2,5кг. Без полива",raw.r1c_nomenclature_current,1,1
Номенклатура — current,"Балтик Роуз РС2 мытый Сетка-домик 2,5кг. Полив",raw.r1c_nomenclature_current,1,1
Номенклатура — current,Балтик Роуз РС2 мытый Сетка-домик 3кг Без полива,raw.r1c_nomenclature_current,1,1
Номенклатура — current,Балтик Роуз РС2 мытый Сетка-домик 3кг Полив,raw.r1c_nomenclature_current,1,1
Номенклатура — current,Балтик Роуз РС2 очищенный в ву 1кг. Без полива,raw.r1c_nomenclature_current,1,1
Номенклатура — current,Балтик Роуз РС2 очищенный в ву 1кг. Полив,raw.r1c_nomenclature_current,1,1
Номенклатура — current,Балтик Роуз РС2 очищенный в ву 5кг. Без полива,raw.r1c_nomenclature_current,1,1
Номенклатура — current,Балтик Роуз РС2 очищенный в ву 5кг. Полив,raw.r1c_nomenclature_current,1,1
Номенклатура — current,"Балтик Роуз РС2 пастеризованный 0,5кг. Без полива",raw.r1c_nomenclature_current,1,1
Номенклатура — current,"Балтик Роуз РС2 пастеризованный 0,5кг. Полив",raw.r1c_nomenclature_current,1,1
Номенклатура — current,Балтик Роуз РС2 семена Сетка на завязке 25кг. Без полива,raw.r1c_nomenclature_current,1,1
Номенклатура — current,Балтик Роуз РС2 семена Сетка на завязке 25кг. Полив,raw.r1c_nomenclature_current,1,1
Номенклатура — current,Балтик Роуз РС2 семена Сетка на рулоне 25кг. Без полива,raw.r1c_nomenclature_current,1,1
Номенклатура — current,Балтик Роуз РС2 семена Сетка на рулоне 25кг. Полив,raw.r1c_nomenclature_current,1,1
Номенклатура — current,Балтик Роуз РС2 семена биг-бег 1000кг. Без полива,raw.r1c_nomenclature_current,1,1
Номенклатура — current,Балтик Роуз РС2 семена биг-бег 1000кг. Полив,raw.r1c_nomenclature_current,1,1
Номенклатура — current,"Балтик Роуз РС2 семена пастеризованный 0,5кг. Без полива",raw.r1c_nomenclature_current,1,1
Номенклатура — current,"Балтик Роуз РС2 семена пастеризованный 0,5кг. Полив",raw.r1c_nomenclature_current,1,1
Номенклатура — current,Балтик Роуз РС2 эконом  Сетка на рулоне 2.5кг. Без полива,raw.r1c_nomenclature_current,1,1
Номенклатура — current,Балтик Роуз РС2 эконом  Сетка на рулоне 2.5кг. Полив,raw.r1c_nomenclature_current,1,1
Номенклатура — current,Балтик Роуз РС2 эконом  Сетка на рулоне 3кг. Без полива,raw.r1c_nomenclature_current,1,1
Номенклатура — current,Балтик Роуз РС2 эконом  Сетка на рулоне 3кг. Полив,raw.r1c_nomenclature_current,1,1
Номенклатура — current,Балтик Роуз РС3  мытый Биг-бег 1000кг. Без полива,raw.r1c_nomenclature_current,1,1
Номенклатура — current,Балтик Роуз РС3  мытый Биг-бег 1000кг. Полив,raw.r1c_nomenclature_current,1,1
Номенклатура — current,Балтик Роуз РС3  семенаСетка на рулоне 25кг. Без полива,raw.r1c_nomenclature_current,1,1
Номенклатура — current,Балтик Роуз РС3  семенаСетка на рулоне 25кг. Полив,raw.r1c_nomenclature_current,1,1
Номенклатура — current,"Балтик Роуз РС3 Сетка-домик 1,5кг. Без полива",raw.r1c_nomenclature_current,1,1
Номенклатура — current,"Балтик Роуз РС3 Сетка-домик 1,5кг. Полив",raw.r1c_nomenclature_current,1,1
Номенклатура — current,Балтик Роуз РС3 Сетка-домик 2кг. Без полива,raw.r1c_nomenclature_current,1,1
Номенклатура — current,Балтик Роуз РС3 Сетка-домик 2кг. Полив,raw.r1c_nomenclature_current,1,1
Номенклатура — current,Балтик Роуз РС3 в в/упак. 5кг. Полив,raw.r1c_nomenclature_current,1,1
Номенклатура — current,Балтик Роуз РС3 грязный  Сетка на рулоне 10кг. Без полива,raw.r1c_nomenclature_current,1,1
Номенклатура — current,Балтик Роуз РС3 грязный  Сетка на рулоне 10кг. Полив,raw.r1c_nomenclature_current,1,1
Номенклатура — current,Балтик Роуз РС3 грязный Сетка на завязке 25кг. Без полива,raw.r1c_nomenclature_current,1,1
Номенклатура — current,Балтик Роуз РС3 грязный Сетка на завязке 25кг. Полив,raw.r1c_nomenclature_current,1,1
Номенклатура — current,Балтик Роуз РС3 грязный Сетка на рулоне 2.5кг Без полива,raw.r1c_nomenclature_current,1,1
Номенклатура — current,Балтик Роуз РС3 грязный Сетка на рулоне 2.5кг Полив,raw.r1c_nomenclature_current,1,1
Номенклатура — current,Балтик Роуз РС3 грязный Сетка на рулоне 25кг. Без полива,raw.r1c_nomenclature_current,1,1
Номенклатура — current,Балтик Роуз РС3 грязный Сетка на рулоне 25кг. Полив,raw.r1c_nomenclature_current,1,1
Номенклатура — current,Балтик Роуз РС3 грязный Сетка на рулоне 3кг. Без полива,raw.r1c_nomenclature_current,1,1
Номенклатура — current,Балтик Роуз РС3 грязный Сетка на рулоне 3кг. Полив,raw.r1c_nomenclature_current,1,1
Номенклатура — current,Балтик Роуз РС3 грязный Сетка на рулоне 5кг. Без полива,raw.r1c_nomenclature_current,1,1
Номенклатура — current,Балтик Роуз РС3 грязный Сетка на рулоне 5кг. Полив,raw.r1c_nomenclature_current,1,1
Номенклатура — current,Балтик Роуз РС3 грязный биг-бег 1000кг. Без полива,raw.r1c_nomenclature_current,1,1
Номенклатура — current,Балтик Роуз РС3 грязный биг-бег 1000кг. Полив,raw.r1c_nomenclature_current,1,1
Номенклатура — current,Балтик Роуз РС3 мытый Сетка 25кг. Без полива,raw.r1c_nomenclature_current,1,1
Номенклатура — current,Балтик Роуз РС3 мытый Сетка 25кг. Полив,raw.r1c_nomenclature_current,1,1
Номенклатура — current,Балтик Роуз РС3 мытый Сетка на рулоне 2.5кг Без полива,raw.r1c_nomenclature_current,1,1
Номенклатура — current,Балтик Роуз РС3 мытый Сетка на рулоне 2.5кг Полив,raw.r1c_nomenclature_current,1,1
Номенклатура — current,"Балтик Роуз РС3 мытый Сетка-домик 2,5кг. Без полива",raw.r1c_nomenclature_current,1,1
Номенклатура — current,"Балтик Роуз РС3 мытый Сетка-домик 2,5кг. Полив",raw.r1c_nomenclature_current,1,1
Номенклатура — current,Балтик Роуз РС3 мытый Сетка-домик 3кг Без полива,raw.r1c_nomenclature_current,1,1
Номенклатура — current,Балтик Роуз РС3 мытый Сетка-домик 3кг Полив,raw.r1c_nomenclature_current,1,1
Номенклатура — current,Балтик Роуз РС3 очищенный в ву 1кг. Без полива,raw.r1c_nomenclature_current,1,1
Номенклатура — current,Балтик Роуз РС3 очищенный в ву 1кг. Полив,raw.r1c_nomenclature_current,1,1
Номенклатура — current,Балтик Роуз РС3 очищенный в ву 5кг. Без полива,raw.r1c_nomenclature_current,1,1
Номенклатура — current,Балтик Роуз РС3 очищенный в ву 5кг. Полив,raw.r1c_nomenclature_current,1,1
Номенклатура — current,"Балтик Роуз РС3 пастеризованный 0,5кг. Без полива",raw.r1c_nomenclature_current,1,1
Номенклатура — current,"Балтик Роуз РС3 пастеризованный 0,5кг. Полив",raw.r1c_nomenclature_current,1,1
Номенклатура — current,Балтик Роуз РС3 семена Сетка на завязке 25кг. Без полива,raw.r1c_nomenclature_current,1,1
Номенклатура — current,Балтик Роуз РС3 семена Сетка на завязке 25кг. Полив,raw.r1c_nomenclature_current,1,1
Номенклатура — current,Балтик Роуз РС3 семена биг-бег 1000кг. Без полива,raw.r1c_nomenclature_current,1,1
Номенклатура — current,Балтик Роуз РС3 семена биг-бег 1000кг. Полив,raw.r1c_nomenclature_current,1,1
Номенклатура — current,"Балтик Роуз РС3 семена пастеризованный 0,5кг. Без полива",raw.r1c_nomenclature_current,1,1
Номенклатура — current,"Балтик Роуз РС3 семена пастеризованный 0,5кг. Полив",raw.r1c_nomenclature_current,1,1
Номенклатура — current,Балтик Роуз РС3 эконом  Сетка на рулоне 2.5кг. Без полива,raw.r1c_nomenclature_current,1,1
Номенклатура — current,Балтик Роуз РС3 эконом  Сетка на рулоне 2.5кг. Полив,raw.r1c_nomenclature_current,1,1
Номенклатура — current,Балтик Роуз РС3 эконом  Сетка на рулоне 3кг. Без полива,raw.r1c_nomenclature_current,1,1
Номенклатура — current,Балтик Роуз РС3 эконом  Сетка на рулоне 3кг. Полив,raw.r1c_nomenclature_current,1,1
Номенклатура — current,"Балтик РоузРС4 Красный Беби Мытый Сетка домик1,5 кг.",raw.r1c_nomenclature_current,1,1
Номенклатура — current,Балтик РоузРС4 Красный Беби Мытый Сетка домик2 кг.,raw.r1c_nomenclature_current,1,1
Номенклатура — current,Балтик РоузРС4 Красный Беби Мытый Сетка на рулоне25 кг.,raw.r1c_nomenclature_current,1,1
Номенклатура — current,Балтик РоузРС4 Красный Вакуумная упаковка5 кг.,raw.r1c_nomenclature_current,1,1
Номенклатура — current,Балтик РоузРС4 Красный Грязный  Биг-бэг1000 кг.,raw.r1c_nomenclature_current,1,1
Номенклатура — current,"Балтик РоузРС4 Красный Грязный  Сетка на рулоне2,5 кг.",raw.r1c_nomenclature_current,1,1
Номенклатура — current,Балтик РоузРС4 Красный Грязный  Сетка на рулоне25 кг.,raw.r1c_nomenclature_current,1,1
Номенклатура — current,Балтик РоузРС4 Красный Грязный  Сетка на рулоне3 кг.,raw.r1c_nomenclature_current,1,1
Номенклатура — current,Балтик РоузРС4 Красный Грязный  Сетка на рулоне5 кг.,raw.r1c_nomenclature_current,1,1
Номенклатура — current,"Балтик РоузРС4 Красный Грязный 35-50 Сетка на рулоне2,5 кг.",raw.r1c_nomenclature_current,1,1
Номенклатура — current,"Балтик РоузРС4 Красный Мытый  Сетка домик2,5 кг.",raw.r1c_nomenclature_current,1,1
Номенклатура — current,Балтик РоузРС4 Красный Мытый  Сетка домик3 кг.,raw.r1c_nomenclature_current,1,1
Номенклатура — current,Балтик РоузРС4 Красный Мытый  Сетка на рулоне25 кг.,raw.r1c_nomenclature_current,1,1
Номенклатура — current,"Бальзам ""АпиМакс""",raw.r1c_nomenclature_current,1,1
Номенклатура — current,Бампер 34664300,raw.r1c_nomenclature_current,1,1
Номенклатура — current,Бампер Инсектицид,raw.r1c_nomenclature_current,1,1
Номенклатура — current,Бампер ПАЗ-3205 задний Н/О пластик белый ,raw.r1c_nomenclature_current,1,1
Номенклатура — current,Бампер ПАЗ-3205 передний Н/О пластик белый 3205-2803012,raw.r1c_nomenclature_current,1,1
Номенклатура — current,Банко Инсектицид,raw.r1c_nomenclature_current,1,1
Номенклатура — current,Барабан КТ 40.01.03.000 передний,raw.r1c_nomenclature_current,1,1
Номенклатура — current,Барабан КТ 40.01.03.000-01 задний,raw.r1c_nomenclature_current,1,1
Номенклатура — current,Барабан для транспортера наклонного,raw.r1c_nomenclature_current,1,1
Номенклатура — current,Барабан приводной 89мм Вал 25мм 1400мм,raw.r1c_nomenclature_current,1,1
Номенклатура — current,Барабан решетчатый 222х1025 (со шпоночным пазом),raw.r1c_nomenclature_current,1,1
Номенклатура — current,Барабан решетчатый 222х906 (без шпоночного паза),raw.r1c_nomenclature_current,1,1
Номенклатура — current,Барабанная картофелечистка,raw.r1c_nomenclature_current,1,1
Номенклатура — current,Баргузин 600 Инсектицид,raw.r1c_nomenclature_current,1,1
Номенклатура — current,Баритон Инсектицид,raw.r1c_nomenclature_current,1,1
Номенклатура — current,Барьер Колор Инсектицид,raw.r1c_nomenclature_current,1,1
Номенклатура — current,Батарейка,raw.r1c_nomenclature_current,1,1
Номенклатура — current,Батарейка автомобильная,raw.r1c_nomenclature_current,1,1
Номенклатура — current,Бахилы одноразовые,raw.r1c_nomenclature_current,1,1
Номенклатура — current,Бачок Комфорт 18л,raw.r1c_nomenclature_current,1,1
Номенклатура — current,Бачок МТЗ в сборе 822-1602120,raw.r1c_nomenclature_current,1,1
Номенклатура — current,Бачок МТЗ-1221 расширительный 80П-1311010-А,raw.r1c_nomenclature_current,1,1
Номенклатура — current,"Бачок омывателя ВАЗ-21213,ГАЗ-2705,3302 НО в сбору Полимер",raw.r1c_nomenclature_current,1,1
Номенклатура — current,"Бачок омывателя ГАЗ-2705,3302 2.4л 12V в сборе ТЕХНОПЛАС",raw.r1c_nomenclature_current,1,1
Номенклатура — current,"Бачок омывателя СЭАТ-00.12В МТЗ 1,5л",raw.r1c_nomenclature_current,1,1
Номенклатура — current,Башмак (литой)  Р33 ПЛЕ21.100 М,raw.r1c_nomenclature_current,1,1
Номенклатура — current,"Башмак (литой) ПЛН-3,4.5 (35см) Р33 ПЛЕ21.100",raw.r1c_nomenclature_current,1,1
Номенклатура — current,Башмак ПЛЕ-21.201,raw.r1c_nomenclature_current,1,1
Номенклатура — current,"Бегунок ГАЗ, ЗИЛ с резистором",raw.r1c_nomenclature_current,1,1
Номенклатура — current,Бейсболка ГК Спецобъединение,raw.r1c_nomenclature_current,1,1
Номенклатура — current,Бейсболка сер,raw.r1c_nomenclature_current,1,1
Номенклатура — current,Бейсболка черная,raw.r1c_nomenclature_current,1,1
Номенклатура — current,Белизна,raw.r1c_nomenclature_current,1,1
Номенклатура — current,Белизна 2 литра,raw.r1c_nomenclature_current,1,1
Номенклатура — current,Белт Инсектицид,raw.r1c_nomenclature_current,1,1
Номенклатура — current,Беназол Инсектицид,raw.r1c_nomenclature_current,1,1
Номенклатура — current,Бендикс стартера,raw.r1c_nomenclature_current,1,1
Номенклатура — current,Бенефис Инсектицид,raw.r1c_nomenclature_current,1,1
Номенклатура — current,Бензикс,raw.r1c_nomenclature_current,1,1
Номенклатура — current,Бензин,raw.r1c_nomenclature_current,1,1
Номенклатура — current,Бензин Аи-92,raw.r1c_nomenclature_current,1,1
Номенклатура — current,Бензин Аи-95 с фирменной присадкой,raw.r1c_nomenclature_current,1,1
Номенклатура — current,Бензин Аи-95-К5,raw.r1c_nomenclature_current,1,1
Номенклатура — current,Бензин Премиум ЕВРО-95,raw.r1c_nomenclature_current,1,1
Номенклатура — current,Бензин ЭКТО-100,raw.r1c_nomenclature_current,1,1
Номенклатура — current,Бензин ЭКТО-92,raw.r1c_nomenclature_current,1,1
Номенклатура — current,Бензин ЭКТО-95,raw.r1c_nomenclature_current,1,1
Номенклатура — current,Бензиновый триммер MTD,raw.r1c_nomenclature_current,1,1
Номенклатура — current,Бензокоса Champion T433-2 12.5 кВт,raw.r1c_nomenclature_current,1,1
Номенклатура — current,"Бензокоса Champion T523-2 1,4 кВт",raw.r1c_nomenclature_current,1,1
Номенклатура — current,Бензокоса HUTER GCT 2500T 2-х тактный двигатель,raw.r1c_nomenclature_current,1,1
Номенклатура — current,"Бензокоса ИНСТАР БТК 71043 (2,4л.с) нож+ремень",raw.r1c_nomenclature_current,1,1
Номенклатура — current,Бензопила Redverg Basic GC-58C,raw.r1c_nomenclature_current,1,1
Номенклатура — current,Бензопила STIHL,raw.r1c_nomenclature_current,1,1
Номенклатура — current,Беномил 500 Инсектицид,raw.r1c_nomenclature_current,1,1
Номенклатура — current,Бенорад Инсектицид,raw.r1c_nomenclature_current,1,1
Номенклатура — current,Бесщеточный аккумуляторный шуруповерт Keyang  DD18BL-W (Set),raw.r1c_nomenclature_current,1,1
Номенклатура — current,Бетон-контакт,raw.r1c_nomenclature_current,1,1
Номенклатура — current,Би-58 Новый,raw.r1c_nomenclature_current,1,1
Номенклатура — current,Би-58 Новый Инсектицид,raw.r1c_nomenclature_current,1,1
Номенклатура — current,Биг бэги,raw.r1c_nomenclature_current,1,1
Номенклатура — current,Биг-бэг 90*90*170 см ,raw.r1c_nomenclature_current,1,1
Номенклатура — current,"Биг-бэг 95*95*170 см 4 ст верх открывание, низ-люк б/у(мягкий контейнер)",raw.r1c_nomenclature_current,1,1
Номенклатура — current,Бизнес-тетрадь А4 96 л,raw.r1c_nomenclature_current,1,1
Номенклатура — current,Бинадин Инсектицид,raw.r1c_nomenclature_current,1,1
Номенклатура — current,Бином Инсектицид,raw.r1c_nomenclature_current,1,1
Номенклатура — current,Бинт медицинский стерильный 7мх14см,raw.r1c_nomenclature_current,1,1
Номенклатура — current,Биоcтоп Инсектицид,raw.r1c_nomenclature_current,1,1
Номенклатура — current,Биодукс 10мл.Ж,raw.r1c_nomenclature_current,1,1
Номенклатура — current,Биокилл Инсектицид,raw.r1c_nomenclature_current,1,1
Номенклатура — current,Биопрепарат Биокомплекс БТУ  1 марка,raw.r1c_nomenclature_current,1,1
Номенклатура — current,Биопрепарат Биокомплекс БТУ (Микофренд)  1 марка,raw.r1c_nomenclature_current,1,1
Номенклатура — current,Биопрепарат Биокомплекс БТУ (Микохелп)  1 марка,raw.r1c_nomenclature_current,1,1
Номенклатура — current,Биопрепарат Биокомплекс БТУ (Фитохелл) 1 марка,raw.r1c_nomenclature_current,1,1
Номенклатура — current,Биопрепарат Биокомплекс БТУ (универсальный)  1 марка,raw.r1c_nomenclature_current,1,1
Номенклатура — current,Биопрепарат Биокомплекс БТУ Органик баланс 1 марка,raw.r1c_nomenclature_current,1,1
Номенклатура — current,"Биосепт 0,8л",raw.r1c_nomenclature_current,1,1
Номенклатура — current,Биотлин Бау Инсектицид,raw.r1c_nomenclature_current,1,1
Номенклатура — current,Биофунгицид Фитоспорин-АС.Ж,raw.r1c_nomenclature_current,1,1
Номенклатура — current,Бирка для кабеля,raw.r1c_nomenclature_current,1,1
Номенклатура — current,Бирка для ключей,raw.r1c_nomenclature_current,1,1
Номенклатура — current,Бирки для ключей 10шт/упак,raw.r1c_nomenclature_current,1,1
Номенклатура — current,Бирки для ключей пластиковые,raw.r1c_nomenclature_current,1,1
Номенклатура — current,БисолбиСан Инсектицид,raw.r1c_nomenclature_current,1,1
Номенклатура — current,"БисолбиСан, Ж Биофунгицид (микробиологический препарат)",raw.r1c_nomenclature_current,1,1
Номенклатура — current,"Бит 90,Ж Адьювант (прилипатель) ",raw.r1c_nomenclature_current,1,1
Номенклатура — current,Бита ,raw.r1c_nomenclature_current,1,1
Номенклатура — current,Бита 50 РН-2,raw.r1c_nomenclature_current,1,1
Номенклатура — current,Бита 50РН 2,raw.r1c_nomenclature_current,1,1
Номенклатура — current,Бита 70 РН-2,raw.r1c_nomenclature_current,1,1
Номенклатура — current,"Бита KRAFTOOL с торцевой головкой, намагниченная, 10 мм 26391-10",raw.r1c_nomenclature_current,1,1
Номенклатура — current,Бита PH2х50мм 5 шт Inforce 11-01-292,raw.r1c_nomenclature_current,1,1
Номенклатура — current,Бита РHх 90мм 5шт 11-01-294,raw.r1c_nomenclature_current,1,1
Номенклатура — current,Бита РН 2,raw.r1c_nomenclature_current,1,1
Номенклатура — current,Бита РН 2*127,raw.r1c_nomenclature_current,1,1
Номенклатура — current,Бита РН 2*150,raw.r1c_nomenclature_current,1,1
Номенклатура — current,Бита Т-30,raw.r1c_nomenclature_current,1,1
Номенклатура — current,Бита ТОРХ 30*50,raw.r1c_nomenclature_current,1,1
Номенклатура — current,Бита двухсторонняя PZ2,raw.r1c_nomenclature_current,1,1
Номенклатура — current,Бита для шуроповерта Рz1 50мм 10шт G-11168,raw.r1c_nomenclature_current,1,1
Номенклатура — current,Битоксибациллин Инсектицид,raw.r1c_nomenclature_current,1,1
Номенклатура — current,Биты для шуруповерта 10 шт. PH2 Gigant GBS 11030,raw.r1c_nomenclature_current,1,1
Номенклатура — current,Биты кровельные 8мм 84613 2 шт ,raw.r1c_nomenclature_current,1,1
Номенклатура — current,"Биты с торцевыми головками, сталь Crv, 1/4 Е10мм-65мм",raw.r1c_nomenclature_current,1,1
Номенклатура — current,"Бицепс Гарант, КЭ Гербицид ",raw.r1c_nomenclature_current,1,1
Номенклатура — current,Бишка Инсектицид,raw.r1c_nomenclature_current,1,1
Номенклатура — current,Бланк Вкладыш к трудовой книжке (новый 2023г),raw.r1c_nomenclature_current,1,1
Номенклатура — current,Блок 1роз.+1кл.выкл. ОУ,raw.r1c_nomenclature_current,1,1
Номенклатура — current,Блок ЕЕМ2 (836869357),raw.r1c_nomenclature_current,1,1
Номенклатура — current,Блок бесперебойного питания без корпуса ББП-60 БК,raw.r1c_nomenclature_current,1,1
Номенклатура — current,Блок газобетонный перегородочный 625х85х250 ГОСТ 31360-2007 эконом,raw.r1c_nomenclature_current,1,1
Номенклатура — current,Блок газобетонный ровный ГОСТ 31360-2007 эконом,raw.r1c_nomenclature_current,1,1
Номенклатура — current,Блок для записей,raw.r1c_nomenclature_current,1,1
Номенклатура — current,Блок для записей в подставке белый,raw.r1c_nomenclature_current,1,1
Номенклатура — current,Блок для записей в подставке цветной,raw.r1c_nomenclature_current,1,1
Номенклатура — current,"Блок оконный ПВХ 0,6х0,6м",raw.r1c_nomenclature_current,1,1
Номенклатура — current,"Блок оконный ПВХ 0,9х0,6м",raw.r1c_nomenclature_current,1,1
Номенклатура — current,"Блок оконный ПВХ 1,0х1,2м",raw.r1c_nomenclature_current,1,1
Номенклатура — current,Блок питания ,raw.r1c_nomenclature_current,1,1
Номенклатура — current,Блок питания 24В DR-75W-24 PROxima,raw.r1c_nomenclature_current,1,1
Номенклатура — current,Блок питания 24В DRP-240W-24V-EKF ,raw.r1c_nomenclature_current,1,1
Номенклатура — current,Блок питания ARS-400-24,raw.r1c_nomenclature_current,1,1
Номенклатура — current,Блок питания DR-120W-24-24ВМ120ВТ,raw.r1c_nomenclature_current,1,1
Номенклатура — current,Блок питания LUXDriver 600Вт 24В,raw.r1c_nomenclature_current,1,1
Номенклатура — current,Блок питания для светодиодной ленты 38W IP20 12V B2L038ESB,raw.r1c_nomenclature_current,1,1
Номенклатура — current,Блок питания на DIN-рейку NDR-480-24,raw.r1c_nomenclature_current,1,1
Номенклатура — current,Блок питания под резерв,raw.r1c_nomenclature_current,1,1
Номенклатура — current,"Блок питания резервированный БП-12/0,5",raw.r1c_nomenclature_current,1,1
Номенклатура — current,Блок подшипников UK209+H2309Х,raw.r1c_nomenclature_current,1,1
Номенклатура — current,"Блок предохранителей КАМАЗ БПР-13,5",raw.r1c_nomenclature_current,1,1
Номенклатура — current,Блок распределительный РБД-400А ИЭК,raw.r1c_nomenclature_current,1,1
Номенклатура — current,Блок распределительный на DIN рейку РБД 160А ,raw.r1c_nomenclature_current,1,1
Номенклатура — current,Блок распределительный на DIN рейку РБД 250А ИЭК,raw.r1c_nomenclature_current,1,1
Номенклатура — current,Блок с/подонн 3302,raw.r1c_nomenclature_current,1,1
Номенклатура — current,Блок управлен с/п 214 ,raw.r1c_nomenclature_current,1,1
Номенклатура — current,Блок управления отопителем ГАЗ-3302 Бизнес Автокомплект 2705-8121020-20,raw.r1c_nomenclature_current,1,1
Номенклатура — current,Блок фотобарабана для Panasonic,raw.r1c_nomenclature_current,1,1
Номенклатура — current,Блок яч. бетона 625х150х250,raw.r1c_nomenclature_current,1,1
Номенклатура — current,Блок-контейнер металл БК-01,raw.r1c_nomenclature_current,1,1
Номенклатура — current,Блок-кубик КОМУС в стакане 9х9х5 цветной блок,raw.r1c_nomenclature_current,1,1
Номенклатура — current,Блок-кубик КОМУС с клеем краем 76*76,raw.r1c_nomenclature_current,1,1
Номенклатура — current,Блоки контактные,raw.r1c_nomenclature_current,1,1
Номенклатура — current,"Блокнот А5,40л клетка, металлический гребень",raw.r1c_nomenclature_current,1,1
Номенклатура — current,Бобовые,raw.r1c_nomenclature_current,1,1
Номенклатура — current,Бойлер для горячих напитков (термопод) Willmark WWB-1612S,raw.r1c_nomenclature_current,1,1
Номенклатура — current,Боковая часть ткани PU-ПЛАСТ(11207270/020819/0005950),raw.r1c_nomenclature_current,1,1
Номенклатура — current,Боковая часть ткани PU-ПЛАСТ(11207270/060419/0003071),raw.r1c_nomenclature_current,1,1
Номенклатура — current,Боковина переднего бампера левая черная,raw.r1c_nomenclature_current,1,1
Номенклатура — current,Боковина переднего бампера правая черная,raw.r1c_nomenclature_current,1,1
Номенклатура — current,Боковой щиток слева (015.77592),raw.r1c_nomenclature_current,1,1
Номенклатура — current,Боковой щиток справа  (015.77593),raw.r1c_nomenclature_current,1,1
Номенклатура — current,Бокорез 150мм,raw.r1c_nomenclature_current,1,1
Номенклатура — current,Бокорез диэлектрический 180,raw.r1c_nomenclature_current,1,1
Номенклатура — current,Бокорезы,raw.r1c_nomenclature_current,1,1
Номенклатура — current,Бокорезы 160мм,raw.r1c_nomenclature_current,1,1
Номенклатура — current,"Бокорезы 160мм двухкомпонент.ручки С6,0 Н2.0 К11,0",raw.r1c_nomenclature_current,1,1
Номенклатура — current,Бокс 2/4 ,raw.r1c_nomenclature_current,1,1
Номенклатура — current,Бокс 8 модулей наружный ,raw.r1c_nomenclature_current,1,1
Номенклатура — current,Бокс Tekfor 12М накладной прозрачная черная дверца,raw.r1c_nomenclature_current,1,1
Номенклатура — current,Бокс О/У на 4 авт.,raw.r1c_nomenclature_current,1,1
Номенклатура — current,Бокс О/У на 4 автомата,raw.r1c_nomenclature_current,1,1
Номенклатура — current,Бокс ОП Тусо 10мод. IP65 сер/дым.двер. Рувинит 69011,raw.r1c_nomenclature_current,1,1
Номенклатура — current,Бокс ОП Тусо 3мод. IP65 с вертикальной дверью,raw.r1c_nomenclature_current,1,1
Номенклатура — current,Бокс ЩРН-П 8 модулей навесн.пластик. IP41 ИЭК МКР12N-08-40-20 ,raw.r1c_nomenclature_current,1,1
Номенклатура — current,Бокс открытой проводки на 10 модулей 250*200*107мм IP65,raw.r1c_nomenclature_current,1,1
Номенклатура — current,Бокс с прозр.крышкой КМПн2/2для 2-х авт выкл наружн.уст.ИЭК,raw.r1c_nomenclature_current,1,1
Номенклатура — current,Боксер КЭ,raw.r1c_nomenclature_current,1,1
Номенклатура — current,Болт,raw.r1c_nomenclature_current,1,1
Номенклатура — current,"Болт  М10х1,5х40 мебельный с квадратным подголовком",raw.r1c_nomenclature_current,1,1
Номенклатура — current,"Болт  М12х1,25х40,88",raw.r1c_nomenclature_current,1,1
Номенклатура — current,Болт  М12х120,raw.r1c_nomenclature_current,1,1
Номенклатура — current,"Болт  М12х50,88",raw.r1c_nomenclature_current,1,1
Номенклатура — current,"Болт 10х40-12,9 подголовник DIN 608",raw.r1c_nomenclature_current,1,1
Номенклатура — current,"Болт 14 х 80 * 12,9 оц. DIN 931 (GB-T5782)",raw.r1c_nomenclature_current,1,1
Номенклатура — current,"Болт 14 х100 * 10,9 оц. ГОСТ 7798 (DZ20-051)",raw.r1c_nomenclature_current,1,1
Номенклатура — current,"Болт 20 х 90 * 12,9 DIN 931(шт) (DZ20-014)",raw.r1c_nomenclature_current,1,1
Номенклатура — current,"Болт 20 х170мм.*10,9 оц. DIN 933(шт) (DZ20-073)",raw.r1c_nomenclature_current,1,1
Номенклатура — current,"Болт 20 х190мм.*10,9 оц. DIN 931(шт) (DZ20-075)",raw.r1c_nomenclature_current,1,1
Номенклатура — current,"Болт 20х 80мм* 12,9 DIN 931 (DZ20-088A)",raw.r1c_nomenclature_current,1,1
Номенклатура — current,Болт 5х40 цинк,raw.r1c_nomenclature_current,1,1
Номенклатура — current,Болт 5х75,raw.r1c_nomenclature_current,1,1
Номенклатура — current,Болт 6-гр.М 16х260 931-8.8 оц,raw.r1c_nomenclature_current,1,1
Номенклатура — current,Болт 6х15,raw.r1c_nomenclature_current,1,1
Номенклатура — current,Болт 8х100,raw.r1c_nomenclature_current,1,1
Номенклатура — current,Болт DIN933 с шестигранной головкой оцинк. М10x30 20 шт,raw.r1c_nomenclature_current,1,1
Номенклатура — current,Болт ГБЦ 6659901112,raw.r1c_nomenclature_current,1,1
Номенклатура — current,Болт ГБЦ Ssang yong (2.0-2.7),raw.r1c_nomenclature_current,1,1
Номенклатура — current,Болт ГБЦ Valtra 190,raw.r1c_nomenclature_current,1,1
Номенклатура — current,"Болт ЗИЛ-4331 крепления вала карданного с гайкой, шайбой в сборе",raw.r1c_nomenclature_current,1,1
Номенклатура — current,Болт К-700,raw.r1c_nomenclature_current,1,1
Номенклатура — current,"Болт М 1*1,25 *70 ВАЗ-2108, КАМАЗ рычага нижнего подвески передней ТТМ",raw.r1c_nomenclature_current,1,1
Номенклатура — current,"Болт М 10*1,0х30 ГАЗ-3110,3302,2217 УАЗ вала карданного в сборе ",raw.r1c_nomenclature_current,1,1
Номенклатура — current,"Болт М 10*1,25х35 КАМАЗ вала карданного в сборе ",raw.r1c_nomenclature_current,1,1
Номенклатура — current,Болт М 10*50,raw.r1c_nomenclature_current,1,1
Номенклатура — current,Болт М 10*85,raw.r1c_nomenclature_current,1,1
Номенклатура — current,"Болт М 12*1,25х30 ГАЗ-3307,3308 вала карданного в сборе ЭТНА",raw.r1c_nomenclature_current,1,1
Номенклатура — current,"Болт М 12*1,25х40.88 (NR-350407)",raw.r1c_nomenclature_current,1,1
Номенклатура — current,Болт М 12*30,raw.r1c_nomenclature_current,1,1
Номенклатура — current,"Болт М 14*1,5 10.9",raw.r1c_nomenclature_current,1,1
Номенклатура — current,"Болт М 14*1,5*45-12,9",raw.r1c_nomenclature_current,1,1
Номенклатура — current,Болт М 16 х40 KG00480261,raw.r1c_nomenclature_current,1,1
Номенклатура — current,"Болт М 16*1,5 *50 кронштейна балансира надрамника КАМАЗ,МАЗ",raw.r1c_nomenclature_current,1,1
Номенклатура — current,"Болт М 16*1,5 10.9",raw.r1c_nomenclature_current,1,1
Номенклатура — current,"Болт М 16*1,5*52-12,9",raw.r1c_nomenclature_current,1,1
Номенклатура — current,"Болт М 18*1,5*50 барабана прицепа",raw.r1c_nomenclature_current,1,1
Номенклатура — current,"Болт М 20*1,5* 113 полуприцепа МАЗ 372935",raw.r1c_nomenclature_current,1,1
Номенклатура — current,Болт М 20*120,raw.r1c_nomenclature_current,1,1
Номенклатура — current,Болт М 20*50 1 эт,raw.r1c_nomenclature_current,1,1
Номенклатура — current,Болт М 5*14,raw.r1c_nomenclature_current,1,1
Номенклатура — current,Болт М 5х20 с внутр. шестигран,raw.r1c_nomenclature_current,1,1
Номенклатура — current,Болт М 5х30,raw.r1c_nomenclature_current,1,1
Номенклатура — current,Болт М 5х40,raw.r1c_nomenclature_current,1,1
Номенклатура — current,Болт М 5х60,raw.r1c_nomenclature_current,1,1
Номенклатура — current,Болт М 6х30,raw.r1c_nomenclature_current,1,1
Номенклатура — current,Болт М 6х40,raw.r1c_nomenclature_current,1,1
Номенклатура — current,Болт М 6х60,raw.r1c_nomenclature_current,1,1
Номенклатура — current,Болт М 8*25,raw.r1c_nomenclature_current,2,2
Номенклатура — current,Болт М 8*30,raw.r1c_nomenclature_current,1,1
Номенклатура — current,Болт М 8*35,raw.r1c_nomenclature_current,1,1
Номенклатура — current,Болт М 8*40,raw.r1c_nomenclature_current,1,1
Номенклатура — current,Болт М 8*70,raw.r1c_nomenclature_current,1,1
Номенклатура — current,"Болт М 8х1,25 200274-П29",raw.r1c_nomenclature_current,1,1
Номенклатура — current,"Болт М 8х1,5х20 накладки бампера облицовочный",raw.r1c_nomenclature_current,1,1
Номенклатура — current,"Болт М 8х20*8,8 DIN603",raw.r1c_nomenclature_current,1,1
Номенклатура — current,Болт М 8х25 DIN603,raw.r1c_nomenclature_current,1,1
Номенклатура — current,Болт М 8х40,raw.r1c_nomenclature_current,1,1
Номенклатура — current,Болт М 8х50 мм шестигранный оцинкованный,raw.r1c_nomenclature_current,1,1
Номенклатура — current,Болт М 8х55 мм шестигранный оцинкованный,raw.r1c_nomenclature_current,1,1
Номенклатура — current,Болт М 8х60 мм шестигранный оцинкованный,raw.r1c_nomenclature_current,1,1
Номенклатура — current,Болт М 8х80,raw.r1c_nomenclature_current,1,1
Номенклатура — current,"Болт М10*1,5*40 ГОСТ 7811-70 установки промопоры и КП (К-700)",raw.r1c_nomenclature_current,1,1
Номенклатура — current,Болт М10*100,raw.r1c_nomenclature_current,1,1
Номенклатура — current,"Болт М10*100 оцинкованный кп 8,8",raw.r1c_nomenclature_current,1,1
Номенклатура — current,"Болт М10*110,88",raw.r1c_nomenclature_current,1,1
Номенклатура — current,Болт М10*150,raw.r1c_nomenclature_current,1,1
Номенклатура — current,"Болт М10*20,88",raw.r1c_nomenclature_current,1,1
Номенклатура — current,Болт М10*30,raw.r1c_nomenclature_current,1,1
Номенклатура — current,"Болт М10*30,88",raw.r1c_nomenclature_current,1,1
Номенклатура — current,Болт М10*35,raw.r1c_nomenclature_current,1,1
Номенклатура — current,Болт М10*40 ЛЕМЕШНЫЙ,raw.r1c_nomenclature_current,1,1
Номенклатура — current,Болт М10*50,raw.r1c_nomenclature_current,1,1
Номенклатура — current,Болт М10*90,raw.r1c_nomenclature_current,1,1
Номенклатура — current,Болт М10х1х28 МТЗ-82 вала карданного с гайкой РБ 52-2203020,raw.r1c_nomenclature_current,1,1
Номенклатура — current,Болт М10х40+гайка+шайба с шестигр.головкой оцинк.,raw.r1c_nomenclature_current,1,1
Номенклатура — current,"Болт М10х70х1,25 коллектора камаз",raw.r1c_nomenclature_current,1,1
Номенклатура — current,Болт М10х90,raw.r1c_nomenclature_current,1,1
Номенклатура — current,Болт М12*100,raw.r1c_nomenclature_current,1,1
Номенклатура — current,Болт М12*25 DIN931,raw.r1c_nomenclature_current,1,1
Номенклатура — current,Болт М12*25.58.019 ГОСТ,raw.r1c_nomenclature_current,1,1
Номенклатура — current,Болт М12*30,raw.r1c_nomenclature_current,1,1
Номенклатура — current,Болт М12*45 ЛЕМЕШНЫЙ,raw.r1c_nomenclature_current,1,1
Номенклатура — current,Болт М12*45 лемеха ГОСТ 7786,raw.r1c_nomenclature_current,1,1
Номенклатура — current,Болт М12*50,raw.r1c_nomenclature_current,1,1
Номенклатура — current,Болт М12*70,raw.r1c_nomenclature_current,1,1
Номенклатура — current,"Болт М12*80,88",raw.r1c_nomenclature_current,1,1
Номенклатура — current,Болт М12х1.25х100 КАМАЗ крон.двиг.задн.,raw.r1c_nomenclature_current,1,1
Номенклатура — current,Болт М12х1.25х40.88,raw.r1c_nomenclature_current,1,1
Номенклатура — current,Болт М12х45 DZ20-102 ,raw.r1c_nomenclature_current,1,1
Номенклатура — current,Болт М12х50 DIN 608 12.9 с гайкой,raw.r1c_nomenclature_current,1,1
Номенклатура — current,Болт М12х90,raw.r1c_nomenclature_current,1,1
Номенклатура — current,Болт М14 оцинкованный,raw.r1c_nomenclature_current,1,1
Номенклатура — current,Болт М14*60,raw.r1c_nomenclature_current,1,1
Номенклатура — current,Болт М16*100 DIN931,raw.r1c_nomenclature_current,1,1
Номенклатура — current,Болт М16*100 кл.пр10.9,raw.r1c_nomenclature_current,1,1
Номенклатура — current,Болт М16*120,raw.r1c_nomenclature_current,1,1
Номенклатура — current,Болт М16*2*65 пневморессоры BPW 102.598,raw.r1c_nomenclature_current,1,1
Номенклатура — current,Болт М16*40,raw.r1c_nomenclature_current,1,1
Номенклатура — current,Болт М16*50,raw.r1c_nomenclature_current,1,1
Номенклатура — current,Болт М16*70,raw.r1c_nomenclature_current,1,1
Номенклатура — current,Болт М16*90,raw.r1c_nomenclature_current,1,1
Номенклатура — current,Болт М16х100 DIN931,raw.r1c_nomenclature_current,1,1
Номенклатура — current,"Болт М18х120-8,8 DIN931",raw.r1c_nomenclature_current,1,1
Номенклатура — current,Болт М18х90,raw.r1c_nomenclature_current,1,1
Номенклатура — current,Болт М20 х180 DIN 931,raw.r1c_nomenclature_current,1,1
Номенклатура — current,Болт М20*180,raw.r1c_nomenclature_current,1,1
Номенклатура — current,Болт М20*70 гост,raw.r1c_nomenclature_current,1,1
Номенклатура — current,Болт М20*80 гост,raw.r1c_nomenclature_current,1,1
Номенклатура — current,Болт М20х100,raw.r1c_nomenclature_current,1,1
Номенклатура — current,Болт М20х70 ГОСТ,raw.r1c_nomenclature_current,1,1
Номенклатура — current,Болт М20х80,raw.r1c_nomenclature_current,1,1
Номенклатура — current,Болт М20х80 ГОСТ,raw.r1c_nomenclature_current,1,1
Номенклатура — current,Болт М22х100,raw.r1c_nomenclature_current,1,1
Номенклатура — current,Болт М22х120 DIN931,raw.r1c_nomenclature_current,1,1
Номенклатура — current,Болт М24*340,raw.r1c_nomenclature_current,1,1
Номенклатура — current,Болт М24-8g75.58/0112 ГОСТ 7798-70,raw.r1c_nomenclature_current,1,1
Номенклатура — current,Болт М7х67 мм крепления топливных форсунок,raw.r1c_nomenclature_current,1,1
Номенклатура — current,Болт МТЗ колеса 1221-3101011,raw.r1c_nomenclature_current,1,1
Номенклатура — current,Болт МТЗ корпуса вилок КПП призонный М12х42 САЗ 50-1702092,raw.r1c_nomenclature_current,1,1
Номенклатура — current,Болт МТЗ крепления кронштейна,raw.r1c_nomenclature_current,1,1
Номенклатура — current,Болт МТЗ серьги РУП МТЗ,raw.r1c_nomenclature_current,1,1
Номенклатура — current,Болт МТЗ40,raw.r1c_nomenclature_current,1,1
Номенклатура — current,Болт анкерный с крючком 10х60,raw.r1c_nomenclature_current,1,1
Номенклатура — current,Болт башмачный с гайкой М16 Т-130,raw.r1c_nomenclature_current,1,1
Номенклатура — current,Болт головки блока цил.5340-100301602 ЯМЗ-534,raw.r1c_nomenclature_current,1,1
Номенклатура — current,"Болт заднего колеса 40-3104021 ЮМЗ,МТЗ",raw.r1c_nomenclature_current,1,1
Номенклатура — current,"Болт задней рессоры М16*1,5*305 6520-2912132",raw.r1c_nomenclature_current,1,1
Номенклатура — current,Болт задней ступицы МТЗ-80 ,raw.r1c_nomenclature_current,1,1
Номенклатура — current,Болт кабельный 12*40,raw.r1c_nomenclature_current,1,1
Номенклатура — current,Болт кабельный 8*30,raw.r1c_nomenclature_current,1,1
Номенклатура — current,Болт кардана (к-т),raw.r1c_nomenclature_current,1,1
Номенклатура — current,Болт карданного ЗИЛ вала М14х40+гайка,raw.r1c_nomenclature_current,1,1
Номенклатура — current,"Болт карданный М16х1,5х50 NAN 020.058",raw.r1c_nomenclature_current,1,1
Номенклатура — current,Болт карданный в сборе ГАЗ 53-2201026,raw.r1c_nomenclature_current,1,1
Номенклатура — current,"Болт карданный с гайкой М10*1,25 ",raw.r1c_nomenclature_current,1,1
Номенклатура — current,"Болт карданный с гайкой М12*1,25-22 ",raw.r1c_nomenclature_current,1,1
Номенклатура — current,"Болт карданный с гайкой М14*1,5 межосевой",raw.r1c_nomenclature_current,1,1
Номенклатура — current,Болт карданный с гайкой МТЗ,raw.r1c_nomenclature_current,1,1
Номенклатура — current,Болт карданный с гайкой МТЗ (УАЗ) 52-2203020,raw.r1c_nomenclature_current,1,1
Номенклатура — current,Болт карданный с гайкой МТЗ(УАЗ) 52-2203020,raw.r1c_nomenclature_current,1,1
Номенклатура — current,Болт карданный ф 10 МТЗ,raw.r1c_nomenclature_current,1,1
Номенклатура — current,Болт карданный ф 12 МТЗ,raw.r1c_nomenclature_current,1,1
Номенклатура — current,Болт карданный ф 16 ,raw.r1c_nomenclature_current,1,1
Номенклатура — current,"Болт колеса заднего МТЗ,ЮМЗ ",raw.r1c_nomenclature_current,1,1
Номенклатура — current,Болт колесный,raw.r1c_nomenclature_current,1,1
Номенклатура — current,"Болт крепления бок.ножа М20х1,5 Т-130",raw.r1c_nomenclature_current,1,1
Номенклатура — current,Болт крепления катка М 20,raw.r1c_nomenclature_current,1,1
Номенклатура — current,Болт крепления лемеха М12*40,raw.r1c_nomenclature_current,1,1
Номенклатура — current,Болт крепления лемеха М12х35/40/45 высокопрочный,raw.r1c_nomenclature_current,1,1
Номенклатура — current,Болт крепления лемеха М12х65 с гайкой,raw.r1c_nomenclature_current,1,1
Номенклатура — current,Болт крепления лемеха М12х90 высокопрочный,raw.r1c_nomenclature_current,1,1
Номенклатура — current,Болт крепления отвала  М10*45,raw.r1c_nomenclature_current,1,1
Номенклатура — current,Болт крепления резца с гайкой,raw.r1c_nomenclature_current,1,1
Номенклатура — current,Болт крепления стойки плуга M20x80,raw.r1c_nomenclature_current,1,1
Номенклатура — current,Болт крепления стойки плуга M20x95,raw.r1c_nomenclature_current,1,1
Номенклатура — current,Болт лемешный 10*40,raw.r1c_nomenclature_current,1,1
Номенклатура — current,Болт лемешный 12*45,raw.r1c_nomenclature_current,1,1
Номенклатура — current,Болт лемешный 12*70,raw.r1c_nomenclature_current,1,1
Номенклатура — current,Болт лемешный 12*75,raw.r1c_nomenclature_current,1,1
Номенклатура — current,Болт лемешный 12х40мм.(1кг.) (DZ20-133),raw.r1c_nomenclature_current,1,1
Номенклатура — current,"Болт лонжерона МТЗ М16х2,0х120",raw.r1c_nomenclature_current,1,1
Номенклатура — current,Болт наконечника плуга M10x40,raw.r1c_nomenclature_current,1,1
Номенклатура — current,Болт наконечника плуга M12x40,raw.r1c_nomenclature_current,1,1
Номенклатура — current,Болт натяжной 77.32.102,raw.r1c_nomenclature_current,1,1
Номенклатура — current,Болт нержавеющий 10x80 мм DIN933 с гайкой и шайбой,raw.r1c_nomenclature_current,1,1
Номенклатура — current,"Болт нержавеющий 10x80 мм DIN933 с гайкой и шайбой, 10шт.",raw.r1c_nomenclature_current,1,1
Номенклатура — current,Болт нержавеющий 6x70 мм DIN933,raw.r1c_nomenclature_current,1,1
Номенклатура — current,Болт нержавеющий 6x70 мм DIN933 50шт,raw.r1c_nomenclature_current,1,1
Номенклатура — current,Болт нержавеющий 8x80 мм DIN933 с гайкой и шайбой,raw.r1c_nomenclature_current,1,1
Номенклатура — current,Болт переднего колеса МТЗ 40.ТЗ103016,raw.r1c_nomenclature_current,1,1
Номенклатура — current,Болт плужный М10х25 + гайка,raw.r1c_nomenclature_current,1,1
Номенклатура — current,Болт плужный М12х80 + гайка,raw.r1c_nomenclature_current,1,1
Номенклатура — current,Болт поворотного угольника А 12.01.013-02Д18.051,raw.r1c_nomenclature_current,1,1
Номенклатура — current,"Болт полная резьба,цинк DIN 933 BZ 10*65",raw.r1c_nomenclature_current,1,1
Номенклатура — current,"Болт полная резьба,цинк DIN 933 BZ 12*30",raw.r1c_nomenclature_current,1,1
Номенклатура — current,"Болт полная резьба,цинк DIN 933 BZ 12*50",raw.r1c_nomenclature_current,1,1
Номенклатура — current,"Болт полная резьба,цинк DIN 933 BZ 14*60",raw.r1c_nomenclature_current,1,1
Номенклатура — current,"Болт полная резьба,цинк DIN 933 BZ 16*40",raw.r1c_nomenclature_current,1,1
Номенклатура — current,"Болт полная резьба,цинк DIN 933 BZ 16*60",raw.r1c_nomenclature_current,1,1
Номенклатура — current,"Болт полная резьба,цинк DIN 933 BZ 6*30",raw.r1c_nomenclature_current,1,1
Номенклатура — current,"Болт полная резьба,цинк DIN 933 BZ 6*50",raw.r1c_nomenclature_current,1,1
Номенклатура — current,"Болт полная резьба,цинк DIN 933 BZ 8*50",raw.r1c_nomenclature_current,1,1
Номенклатура — current,"Болт полная резьба,цинк DIN 933 BZ 8*70",raw.r1c_nomenclature_current,1,1
Номенклатура — current,Болт с буртиком F соединитель.,raw.r1c_nomenclature_current,1,1
Номенклатура — current,Болт с гайкой,raw.r1c_nomenclature_current,1,1
Номенклатура — current,Болт с гайкой М 12х50 DIN 608 12.9,raw.r1c_nomenclature_current,1,1
Номенклатура — current,"Болт с гайкой М10х45 - 8,8 ",raw.r1c_nomenclature_current,1,1
Номенклатура — current,Болт с гайкой М12х45 - 10.9 DIN608,raw.r1c_nomenclature_current,1,1
Номенклатура — current,Болт с гайкой МТЗ вала карданного А 52-2203020,raw.r1c_nomenclature_current,1,1
Номенклатура — current,Болт с гайкой и шайбой,raw.r1c_nomenclature_current,1,1
Номенклатура — current,Болт с гайкой и шайбой веовой,raw.r1c_nomenclature_current,1,1
Номенклатура — current,Болт с полу-гол. M12х60-8.8-оц.,raw.r1c_nomenclature_current,1,1
Номенклатура — current,Болт с расширенной головкой М6*27 DIN604-10.9,raw.r1c_nomenclature_current,1,1
Номенклатура — current,Болт с шестигр. гол. 6*30,raw.r1c_nomenclature_current,1,1
Номенклатура — current,Болт с шестигр. гол. 6*50,raw.r1c_nomenclature_current,1,1
Номенклатура — current,Болт с шестигр. гол. 8*30,raw.r1c_nomenclature_current,1,1
Номенклатура — current,Болт срезной М12х90,raw.r1c_nomenclature_current,1,1
Номенклатура — current,"Болт ступ. переднего колеса ЮМЗ 40-3103016 М18*50*1,5",raw.r1c_nomenclature_current,1,1
Номенклатура — current,Болт ступицы МАЗ 5432-3104050/51 Евро L=105/85,raw.r1c_nomenclature_current,1,1
Номенклатура — current,Болт ступицы МТЗ задней (А),raw.r1c_nomenclature_current,1,1
Номенклатура — current,Болт стяжной ,raw.r1c_nomenclature_current,1,1
Номенклатура — current,Болт стяжной 19М8100,raw.r1c_nomenclature_current,1,1
Номенклатура — current,Болт стяжной 19М9144,raw.r1c_nomenclature_current,1,1
Номенклатура — current,Болт суппорта направляющий ,raw.r1c_nomenclature_current,1,1
Номенклатура — current,Болт сход-развальный,raw.r1c_nomenclature_current,1,1
Номенклатура — current,Болт центральный Д-260,raw.r1c_nomenclature_current,1,1
Номенклатура — current,"Болт центровой рессоры  М12,16 L=175-280",raw.r1c_nomenclature_current,1,1
Номенклатура — current,"Болт цил. гол.912М8х20-8,8 ОЦ",raw.r1c_nomenclature_current,1,1
Номенклатура — current,Болт шатунный Valtra 190,raw.r1c_nomenclature_current,1,1
Номенклатура — current,Болт шестигранный,raw.r1c_nomenclature_current,1,1
Номенклатура — current,"Болт штуцер М12х1,5 трубки топливной STARTEC",raw.r1c_nomenclature_current,1,1
Номенклатура — current,"Болт штуцер М16х1,5 трубки топливной STARTEC",raw.r1c_nomenclature_current,1,1
Номенклатура — current,"Болт штуцер М20х1,5 трубки топливной STARTEC",raw.r1c_nomenclature_current,1,1
Номенклатура — current,"Болт эксцентрика в сб  (к-т 2 шт) ГАЗ -3307,ПАЗ 3501068",raw.r1c_nomenclature_current,1,1
Номенклатура — current,Болт эксцентрика в сб ГАЗ 53.3307,raw.r1c_nomenclature_current,1,1
Номенклатура — current,"Болт, гайкой, шайба М6",raw.r1c_nomenclature_current,1,1
Номенклатура — current,Болты М5 нерж.,raw.r1c_nomenclature_current,1,1
Номенклатура — current,Болты с шестигранной головкой М6*27 DIN604-10,raw.r1c_nomenclature_current,1,1
Номенклатура — current,Большая боковая панель LT6.4-17AN,raw.r1c_nomenclature_current,1,1
Номенклатура — current,Большое острие плуга LT6L.4-9 (левое),raw.r1c_nomenclature_current,1,1
Номенклатура — current,Большое острие плуга LT6R.4-9 (правое),raw.r1c_nomenclature_current,1,1
Номенклатура — current,Бонтима Инсектицид,raw.r1c_nomenclature_current,1,1
Номенклатура — current,Борей Инсектицид,raw.r1c_nomenclature_current,1,1
Номенклатура — current,Борей Нео Инсектицид,raw.r1c_nomenclature_current,1,1
Номенклатура — current,"Борей Нео, СК Инсектицид",raw.r1c_nomenclature_current,1,1
Номенклатура — current,Боро-Н NB 3.11,raw.r1c_nomenclature_current,1,1
Номенклатура — current,Бороздник 08 без копир.кол,raw.r1c_nomenclature_current,1,1
Номенклатура — current,Бороздник 08 без копир.кол.,raw.r1c_nomenclature_current,1,1
Номенклатура — current,Борона дисковая мелиоративная БДН,raw.r1c_nomenclature_current,1,1
Номенклатура — current,Боронование ,raw.r1c_nomenclature_current,1,1
Номенклатура — current,Борт левый на стрелу СТПК 80-04 (крот),raw.r1c_nomenclature_current,1,1
Номенклатура — current,Борт правый на стрелу СТПК 80-04 (крот),raw.r1c_nomenclature_current,1,1
Номенклатура — current,Ботводробитель AVR RAFALE 4х90 (сер № 1004147),raw.r1c_nomenclature_current,1,1
Номенклатура — current,Ботвозатягив. ролик 35,raw.r1c_nomenclature_current,1,1
Номенклатура — current,Ботинки UVEX ОРИДЖИН 8451/9 черные,raw.r1c_nomenclature_current,1,1
Номенклатура — current,"Ботинки КОМУС ПРОФ 3 КПП, ПУ/НР р.42",raw.r1c_nomenclature_current,1,1
Номенклатура — current,"Ботинки КОМУС ПРОФ 3 КПП, ПУ/НР р.43",raw.r1c_nomenclature_current,1,1
Номенклатура — current,"Ботинки КОМУС ПРОФ 3 КПП, ПУ/НР р.44",raw.r1c_nomenclature_current,1,1
Номенклатура — current,Ботинки Профи р.41 (мод.51),raw.r1c_nomenclature_current,1,1
Номенклатура — current,Ботинки Профи р.42 (мод.51),raw.r1c_nomenclature_current,1,1
Номенклатура — current,Ботинки Профи р.43 (мод.51),raw.r1c_nomenclature_current,1,1
Номенклатура — current,Ботинки Профи р.46 (мод.51),raw.r1c_nomenclature_current,1,1
Номенклатура — current,Ботинки Профи с мет/поднос р.45 (мод.51),raw.r1c_nomenclature_current,1,1
Номенклатура — current,Ботинки Трекбот 1801 р.42,raw.r1c_nomenclature_current,1,1
Номенклатура — current,Ботинки Трекбот 1801 р.43,raw.r1c_nomenclature_current,1,1
Номенклатура — current,"Ботинки кожаные утепленные СТИКС ПУ, металлический подносок (38)",raw.r1c_nomenclature_current,1,1
Номенклатура — current,"Ботинки кожаные утепленные СТИКС ПУ, металлический подносок (39)",raw.r1c_nomenclature_current,1,1
Номенклатура — current,"Ботинки кожаные утепленные СТИКС ПУ, металлический подносок (40)",raw.r1c_nomenclature_current,1,1
Номенклатура — current,"Ботинки кожаные утепленные СТИКС ПУ, металлический подносок (42)",raw.r1c_nomenclature_current,1,1
Номенклатура — current,"Ботинки кожаные утепленные СТИКС ПУ, металлический подносок (43)",raw.r1c_nomenclature_current,1,1
Номенклатура — current,"Ботинки кожаные утепленные СТИКС ПУ, металлический подносок (44)",raw.r1c_nomenclature_current,1,1
Номенклатура — current,"Ботинки от электродуги 9408ККС ПУ/НР, КП,АС, черный 43",raw.r1c_nomenclature_current,1,1
Номенклатура — current,"Ботинки от электродуги 9408ККС ПУ/НР, КП,АС, черный 45",raw.r1c_nomenclature_current,1,1
Номенклатура — current,Ботинки рабочие (мод.12) с мет/поднос р.36,raw.r1c_nomenclature_current,1,1
Номенклатура — current,Ботинки рабочие (мод.12) с мет/поднос р.37,raw.r1c_nomenclature_current,1,1
Номенклатура — current,Ботинки рабочие (мод.12) с мет/поднос р.38,raw.r1c_nomenclature_current,1,1
Номенклатура — current,Ботинки рабочие (мод.12) с мет/поднос р.39,raw.r1c_nomenclature_current,1,1
Номенклатура — current,Ботинки рабочие (мод.12) с мет/поднос р.40,raw.r1c_nomenclature_current,1,1
Номенклатура — current,Ботинки рабочие (мод.12) с мет/поднос р.41,raw.r1c_nomenclature_current,1,1
Номенклатура — current,Ботинки рабочие (мод.12) с мет/поднос р.42,raw.r1c_nomenclature_current,1,1
Номенклатура — current,Ботинки рабочие (мод.12) с мет/поднос р.43,raw.r1c_nomenclature_current,1,1
Номенклатура — current,Ботинки рабочие (мод.12) с мет/поднос р.44,raw.r1c_nomenclature_current,1,1
Номенклатура — current,Ботинки рабочие (мод.12) с мет/поднос р.45,raw.r1c_nomenclature_current,1,1
Номенклатура — current,Ботинки рабочие (мод.12) с мет/поднос р.46,raw.r1c_nomenclature_current,1,1
Номенклатура — current,Ботинки рабочие (мод.13) р.40,raw.r1c_nomenclature_current,1,1
Номенклатура — current,Ботинки рабочие (мод.13) р.42,raw.r1c_nomenclature_current,1,1
Номенклатура — current,Ботинки рабочие (мод.13) р.43,raw.r1c_nomenclature_current,1,1
Номенклатура — current,Ботинки рабочие (мод.13) р.44,raw.r1c_nomenclature_current,1,1
Номенклатура — current,Ботинки рабочие (мод.13) р.45,raw.r1c_nomenclature_current,1,1
Номенклатура — current,Ботинки утепленные,raw.r1c_nomenclature_current,1,1
Номенклатура — current,"Ботинки утепленные Унты ""Монгол""",raw.r1c_nomenclature_current,1,1
Номенклатура — current,Бочата лат. 1/4,raw.r1c_nomenclature_current,1,1
Номенклатура — current,Бочата ник. Д-50,raw.r1c_nomenclature_current,1,1
Номенклатура — current,Бочата ник.25,raw.r1c_nomenclature_current,1,1
Номенклатура — current,Бочата ник.50,raw.r1c_nomenclature_current,1,1
Номенклатура — current,Бочата оцинкованные Ду 32,raw.r1c_nomenclature_current,1,1
Номенклатура — current,Бочка 65 л,raw.r1c_nomenclature_current,1,1
Номенклатура — current,Бочка 65л,raw.r1c_nomenclature_current,1,1
Номенклатура — current,Бочка металлическая 200л,raw.r1c_nomenclature_current,1,1
Номенклатура — current,Бочка п/э 30л с винтовой крышкой синяя БПЗ 30,raw.r1c_nomenclature_current,1,1
Номенклатура — current,Бочка пластиковая 227 л,raw.r1c_nomenclature_current,1,1
Номенклатура — current,Бочки,raw.r1c_nomenclature_current,1,1
Номенклатура — current,Бочонок 3/4,raw.r1c_nomenclature_current,1,1
Номенклатура — current,Бочонок переходной 1/2 ,raw.r1c_nomenclature_current,1,1
Номенклатура — current,Бочонок стальной 25,raw.r1c_nomenclature_current,1,1
Номенклатура — current,Браво Инсектицид,raw.r1c_nomenclature_current,1,1
Номенклатура — current,Брасситрел  Yara Vita П ,raw.r1c_nomenclature_current,1,1
Номенклатура — current,Брейк Инсектицид,raw.r1c_nomenclature_current,1,1
Номенклатура — current,Брендированный,raw.r1c_nomenclature_current,1,1
Номенклатура — current,Бриллиантовый зеленый р-р сп. 1% 10мл.,raw.r1c_nomenclature_current,1,1
Номенклатура — current,Броадер Инсектицид,raw.r1c_nomenclature_current,1,1
Номенклатура — current,Брус  100х100 6 м,raw.r1c_nomenclature_current,1,1
Номенклатура — current,Брус  100х150 длина 6 м,raw.r1c_nomenclature_current,1,1
Номенклатура — current,Брус КПК-3-0116510,raw.r1c_nomenclature_current,1,1
Номенклатура — current,Брус антисентированный 100х100 ,raw.r1c_nomenclature_current,1,1
Номенклатура — current,Брус антисентированный 100х100 6 м,raw.r1c_nomenclature_current,1,1
Номенклатура — current,Брус коробочный,raw.r1c_nomenclature_current,1,1
Номенклатура — current,Брус передний МТЗ,raw.r1c_nomenclature_current,1,1
Номенклатура — current,Брусок абразивный 150мм,raw.r1c_nomenclature_current,1,1
Номенклатура — current,Брусок для шлифования,raw.r1c_nomenclature_current,1,1
Номенклатура — current,Брусок нестроганый 40х30 длина 3м,raw.r1c_nomenclature_current,1,1
Номенклатура — current,Брусок нестроганый 40х50 длина 3м,raw.r1c_nomenclature_current,1,1
Номенклатура — current,Брусок нестроганый 50х50 длина 3м,raw.r1c_nomenclature_current,1,1
Номенклатура — current,Брусок нестроганый 50х50 длина 6м,raw.r1c_nomenclature_current,1,1
Номенклатура — current,Брызговик 2121,raw.r1c_nomenclature_current,1,1
Номенклатура — current,Брызговик МТЗ крыла заднего  85-8404040-А,raw.r1c_nomenclature_current,1,1
Номенклатура — current,Брызговик универсальный,raw.r1c_nomenclature_current,1,1
Номенклатура — current,Брюки,raw.r1c_nomenclature_current,1,1
Номенклатура — current,Брюки CERVA ОЛЬЗА серые Софтшелл,raw.r1c_nomenclature_current,1,1
Номенклатура — current,Брюки Турбо размер (48-50/3-4),raw.r1c_nomenclature_current,1,1
Номенклатура — current,Брюки Турбо размер (52-54/3-4),raw.r1c_nomenclature_current,1,1
Номенклатура — current,Брюки Турбо размер (52-54/5-6),raw.r1c_nomenclature_current,1,1
Номенклатура — current,Брюки Турбо размер (56-58/3-4),raw.r1c_nomenclature_current,1,1
Номенклатура — current,Брюки Турбо размер (56-58/5-6),raw.r1c_nomenclature_current,1,1
Номенклатура — current,Брюки Турбо размер (60-62/3-4),raw.r1c_nomenclature_current,1,1
Номенклатура — current,Брюки Турбо размер (60-62/5-6),raw.r1c_nomenclature_current,1,1
Номенклатура — current,Брюки Турбо размер (64-66/5-6),raw.r1c_nomenclature_current,1,1
Номенклатура — current,"Брюки мужские ""Охрана"" зимние черные (48-50, 170-176)",raw.r1c_nomenclature_current,1,1
Номенклатура — current,"Брюки мужские ""Охрана"" зимние черные (52-54, 170-176)",raw.r1c_nomenclature_current,1,1
Номенклатура — current,"Брюки мужские ""Охрана"" зимние черные (56-58, 182-188)",raw.r1c_nomenclature_current,1,1
Номенклатура — current,Бугель Б-20 201 (2 шт/упак) IEK,raw.r1c_nomenclature_current,1,1
Номенклатура — current,Буксировка техники,raw.r1c_nomenclature_current,1,1
Номенклатура — current,Буксировка техники_,raw.r1c_nomenclature_current,1,1
Номенклатура — current,"Бумага SvetoCopy (А4, марка С, 80 г/кв.м 500 л)",raw.r1c_nomenclature_current,1,1
Номенклатура — current,"Бумага КОМУС ДОКУМЕНТ  (А4, марка С, 80 г/кв.м 500 л)",raw.r1c_nomenclature_current,1,1
Номенклатура — current,Бумага для заметок с клеевым краем,raw.r1c_nomenclature_current,1,1
Номенклатура — current,Бумага копировальная фиолетовая,raw.r1c_nomenclature_current,1,1
Номенклатура — current,Бумага наждачная  №0,raw.r1c_nomenclature_current,1,1
Номенклатура — current,Бумага наждачная  №120,raw.r1c_nomenclature_current,1,1
Номенклатура — current,Бумага наждачная  №16 775мм,raw.r1c_nomenclature_current,1,1
Номенклатура — current,Бумага наждачная  №600,raw.r1c_nomenclature_current,1,1
Номенклатура — current,Бумага наждачная водостойкая Р-1000,raw.r1c_nomenclature_current,1,1
Номенклатура — current,Бумага наждачная водостойкая Р-240,raw.r1c_nomenclature_current,1,1
Номенклатура — current,Бумага наждачная водостойкая Р-400,raw.r1c_nomenclature_current,1,1
Номенклатура — current,Бумага наждачная водостойкая Р-800,raw.r1c_nomenclature_current,1,1
Номенклатура — current,Бумага печатная,raw.r1c_nomenclature_current,1,1
Номенклатура — current,Бумага туалетная,raw.r1c_nomenclature_current,1,1
Номенклатура — current,Бумага туалетная Luscan 2 сл бел 32 рул/уп,raw.r1c_nomenclature_current,1,1
Номенклатура — current,"Бумага цветная Комус Color (зеленый), 80г, А4,500л",raw.r1c_nomenclature_current,1,1
Номенклатура — current,"Бумага цветная Комус Color (красный), 80г, А4,500л",raw.r1c_nomenclature_current,1,1
Номенклатура — current,"Бумага цветная Комус Color (лимон), 80г, А4,500л",raw.r1c_nomenclature_current,1,1
Номенклатура — current,"Бумага цветная Комус Color (океан пастель), 80г, А4,500л",raw.r1c_nomenclature_current,1,1
Номенклатура — current,Бумага шлиф.водостойкая 230*280мм,raw.r1c_nomenclature_current,1,1
Номенклатура — current,Бункер Инсектицид,raw.r1c_nomenclature_current,1,1
Номенклатура — current,Бункер модульный ВМ-2525-2 (Каскада 6шт инвертор),raw.r1c_nomenclature_current,1,1
Номенклатура — current,Бункер накопительный БНБ1,raw.r1c_nomenclature_current,1,1
Номенклатура — current,Бункер накопительный БНБ1 (УТ-00000907),raw.r1c_nomenclature_current,1,1
Номенклатура — current,Бункер накопительный БНБ6,raw.r1c_nomenclature_current,1,1
Номенклатура — current,Бункер подающий БПБ2,raw.r1c_nomenclature_current,1,1
Номенклатура — current,Бункер подающий БПБ6,raw.r1c_nomenclature_current,1,1
Номенклатура — current,Бункер приемный (малый) ПНБм-01,raw.r1c_nomenclature_current,1,1
Номенклатура — current,Бункер приемный ПБ-4,raw.r1c_nomenclature_current,1,1
Номенклатура — current,Бунчук Инсектицид,raw.r1c_nomenclature_current,1,1
Номенклатура — current,Бур ,raw.r1c_nomenclature_current,1,1
Номенклатура — current,Бур 10х160,raw.r1c_nomenclature_current,1,1
Номенклатура — current,Бур 12х150,raw.r1c_nomenclature_current,1,1
Номенклатура — current,Бур 32х1000,raw.r1c_nomenclature_current,1,1
Номенклатура — current,Бур 6*160,raw.r1c_nomenclature_current,1,1
Номенклатура — current,Бур 6х160,raw.r1c_nomenclature_current,1,1
Номенклатура — current,Бур 8*160,raw.r1c_nomenclature_current,1,1
Номенклатура — current,Бур 8*210,raw.r1c_nomenclature_current,1,1
Номенклатура — current,Бур Hitachi 6*210,raw.r1c_nomenclature_current,1,1
Номенклатура — current,Бур SDS + 12х210 AAKSDS12210,raw.r1c_nomenclature_current,1,1
Номенклатура — current,Бур SDS + 24х460 AAKSDS24460,raw.r1c_nomenclature_current,1,1
Номенклатура — current,Бур SDS + 6х210 AAKSDS6210,raw.r1c_nomenclature_current,1,1
Номенклатура — current,Бур SDS + 8х160 AAKSDS8160,raw.r1c_nomenclature_current,1,1
Номенклатура — current,Бур SDS +Extreme2 20х1000х950мм по бетону DT9601,raw.r1c_nomenclature_current,1,1
Номенклатура — current,Бур SDS+ 8*110,raw.r1c_nomenclature_current,1,1
Номенклатура — current,Бур SDS+ф10х400/460 усиленный,raw.r1c_nomenclature_current,1,1
Номенклатура — current,Бур СДС + 14х210,raw.r1c_nomenclature_current,1,1
Номенклатура — current,Бур СДС + 16х1000,raw.r1c_nomenclature_current,1,1
Номенклатура — current,Бур СДС + 16х210,raw.r1c_nomenclature_current,1,1
Номенклатура — current,Бур СДС + 6х160,raw.r1c_nomenclature_current,1,1
Номенклатура — current,Бур СДС + 8х160,raw.r1c_nomenclature_current,1,1
Номенклатура — current,Бур по бетону,raw.r1c_nomenclature_current,1,1
Номенклатура — current,Бур по бетону 6х110,raw.r1c_nomenclature_current,1,1
Номенклатура — current,Бур по бетону 8х110,raw.r1c_nomenclature_current,1,1
Номенклатура — current,Бур проломной SDS МАХ Strong стс-031 50x1000 стс,raw.r1c_nomenclature_current,1,1
Номенклатура — current,Бур усиленный SDS-plus 10х210 GRD 11007,raw.r1c_nomenclature_current,1,1
Номенклатура — current,Бур усиленный SDS-plus 6х110 GRD 11001,raw.r1c_nomenclature_current,1,1
Номенклатура — current,Бурение и обустройство  скважины,raw.r1c_nomenclature_current,1,1
Номенклатура — current,Бусидо Инсектицид,raw.r1c_nomenclature_current,1,1
Номенклатура — current,Бутыль 19л,raw.r1c_nomenclature_current,1,1
Номенклатура — current,Бутыль для воды,raw.r1c_nomenclature_current,1,1
Номенклатура — current,Бух бланки Накладная А5,raw.r1c_nomenclature_current,1,1
Номенклатура — current,Бух бланки Приходный кассовый ордер,raw.r1c_nomenclature_current,1,1
Номенклатура — current,Бух бланки Путевой лист груз. автомобиля 100листов,raw.r1c_nomenclature_current,1,1
Номенклатура — current,Бух бланки Путевой лист легкового. автомобиля 100листов,raw.r1c_nomenclature_current,1,1
Номенклатура — current,Бух бланки расходный кассовый ордер,raw.r1c_nomenclature_current,1,1
Номенклатура — current,Бух книга в клетку,raw.r1c_nomenclature_current,1,1
Номенклатура — current,Бух книга журнал по технике безопасности,raw.r1c_nomenclature_current,1,1
Номенклатура — current,Бух книга журнал приема-сдачи ключей от сл.помещ,raw.r1c_nomenclature_current,1,1
Номенклатура — current,Бух книга журнал учета путевых листов,raw.r1c_nomenclature_current,1,1
Номенклатура — current,Бух книга регистрации кореспонденции,raw.r1c_nomenclature_current,1,1
Номенклатура — current,Бухгалтерский шкаф металлический,raw.r1c_nomenclature_current,1,1
Номенклатура — current,Бухгалтерское сопровождение,raw.r1c_nomenclature_current,1,1
Номенклатура — current,Быстро съем,raw.r1c_nomenclature_current,1,1
Номенклатура — current,"Быстросъем автомат внутренняя резьба U107-1F 1/2""",raw.r1c_nomenclature_current,1,1
Номенклатура — current,Быстросъем автомат.наружная резьба 1/4,raw.r1c_nomenclature_current,1,1
Номенклатура — current,"Быстросъемное соединение (рапид ""мама"" - ""елочка"" 1/2"") Jonnesway GM-04AH 49479",raw.r1c_nomenclature_current,1,1
Номенклатура — current,Быстросъемное соединение мама наружная резьба 1/2,raw.r1c_nomenclature_current,1,1
Номенклатура — current,"Быстрый очиститель 0,5л",raw.r1c_nomenclature_current,1,1
Номенклатура — current,Быстрый старт,raw.r1c_nomenclature_current,1,1
Номенклатура — current,Бытовая техника,raw.r1c_nomenclature_current,1,1
Номенклатура — current,Бытовой инвентарь,raw.r1c_nomenclature_current,1,1
Номенклатура — current,В96.00313 РАД.ШАРИКОПОДШ.UK209+H2309X,raw.r1c_nomenclature_current,1,1
Номенклатура — current,В96.00391 ПОДШИПНИК Y-YEL 208-2RF,raw.r1c_nomenclature_current,1,1
Номенклатура — current,ВАЛИК ЗАПАСНОЙ ПОЛИАКРИЛ 48/250ММ,raw.r1c_nomenclature_current,1,1
Номенклатура — current,ВД-1 Весовой индикатор CAS-2001а,raw.r1c_nomenclature_current,1,1
Номенклатура — current,ВД-1 Тензодатчик,raw.r1c_nomenclature_current,1,1
Номенклатура — current,ВД-40 100мл,raw.r1c_nomenclature_current,1,1
Номенклатура — current,ВД-40 200мл,raw.r1c_nomenclature_current,1,1
Номенклатура — current,ВД-40 420мл,raw.r1c_nomenclature_current,1,1
Номенклатура — current,ВД-40 520мл,raw.r1c_nomenclature_current,1,1
Номенклатура — current,ВД-60 200мл,raw.r1c_nomenclature_current,1,1
Номенклатура — current,ВЗО,raw.r1c_nomenclature_current,1,1
Номенклатура — current,ВЗО 2024,raw.r1c_nomenclature_current,1,1
Номенклатура — current,ВЗО 2025,raw.r1c_nomenclature_current,1,1
Номенклатура — current,ВЗО 2026,raw.r1c_nomenclature_current,1,1
Номенклатура — current,"ВТУЛКА С БУРТИКОМ,ВНЕШНЯЯ",raw.r1c_nomenclature_current,1,1
Номенклатура — current,"ВТУЛКА,ВНУТРЕННЯЯ",raw.r1c_nomenclature_current,1,1
Номенклатура — current,ВХОДНАЯ ПЛАСТИНА ГИДР.БЛОКА,raw.r1c_nomenclature_current,1,1
Номенклатура — current,ВШГ М12*240 DIN931-10.9,raw.r1c_nomenclature_current,1,1
Номенклатура — current,"Вагонка 2,7 АВ",raw.r1c_nomenclature_current,1,1
Номенклатура — current,"Вагонка 3,3 АВ",raw.r1c_nomenclature_current,1,1
Номенклатура — current,Вайбранс Интеграл 041-01-1754-1 Инсектицид,raw.r1c_nomenclature_current,1,1
Номенклатура — current,Вайбранс Интеграл 041-02-1753-1 Инсектицид,raw.r1c_nomenclature_current,1,1
Номенклатура — current,Вайбранс Топ КС  Инсектицид,raw.r1c_nomenclature_current,1,1
Номенклатура — current,Ваккумированный,raw.r1c_nomenclature_current,5,5
Номенклатура — current,Вакумный пакет ПЭТ/ПЭ  размер 350х500,raw.r1c_nomenclature_current,1,1
Номенклатура — current,Вакумный пакет ПЭТ/ПЭ 100мм размер 240х300,raw.r1c_nomenclature_current,1,1
Номенклатура — current,"Вакумный упаковщик Kitort КТ-1502-1(12 л/мин,110Вт пленка в комплекте)",raw.r1c_nomenclature_current,1,1
Номенклатура — current,Вакуум-упаковочная машина Henkelman.Marlin.,raw.r1c_nomenclature_current,1,1
Номенклатура — current,Вал  первичный 48-1701032-А МТЗ ,raw.r1c_nomenclature_current,1,1
Номенклатура — current,Вал (Агроникс),raw.r1c_nomenclature_current,1,1
Номенклатура — current,Вал (ТПК Аванта),raw.r1c_nomenclature_current,1,1
Номенклатура — current,Вал 34569100,raw.r1c_nomenclature_current,1,1
Номенклатура — current,Вал 35х66,raw.r1c_nomenclature_current,1,1
Номенклатура — current,Вал AGM5 SD25 1210 S4GA/S5 (без вилок и крестовин),raw.r1c_nomenclature_current,1,1
Номенклатура — current,Вал Z20 33656300,raw.r1c_nomenclature_current,1,1
Номенклатура — current,Вал БДТ 02.611-06,raw.r1c_nomenclature_current,1,1
Номенклатура — current,Вал БДТ 02.611-09,raw.r1c_nomenclature_current,1,1
Номенклатура — current,Вал КПП МТЗ внутренний (А),raw.r1c_nomenclature_current,1,1
Номенклатура — current,Вал КПП МТЗ вторичный РУП МТЗ,raw.r1c_nomenclature_current,1,1
Номенклатура — current,Вал КПП МТЗ силовой БЗТАиТ,raw.r1c_nomenclature_current,1,1
Номенклатура — current,Вал МТЗ ВОМ шлицевой цельный 8-шлицов,raw.r1c_nomenclature_current,1,1
Номенклатура — current,Вал МТЗ МАЗ-4370 вилок включения РЗТЗ,raw.r1c_nomenclature_current,1,1
Номенклатура — current,Вал МТЗ тормозной 38мм БЗТДиА 70-3504055-01,raw.r1c_nomenclature_current,1,1
Номенклатура — current,Вал МТЗ-1221 гидроподъемника поворотный ИГНФ 1221-4635014,raw.r1c_nomenclature_current,1,1
Номенклатура — current,Вал ППМ-24.000.СБ,raw.r1c_nomenclature_current,1,1
Номенклатура — current,Вал СК 4.50.00.08,raw.r1c_nomenclature_current,1,1
Номенклатура — current,Вал СО-16.01.00.008,raw.r1c_nomenclature_current,1,1
Номенклатура — current,Вал барабанный КА-00019251,raw.r1c_nomenclature_current,1,1
Номенклатура — current,Вал барабанный задний,raw.r1c_nomenclature_current,1,1
Номенклатура — current,Вал барабанный приводной передний,raw.r1c_nomenclature_current,1,1
Номенклатура — current,Вал ведомый КНР 01.120 в сборе,raw.r1c_nomenclature_current,1,1
Номенклатура — current,Вал ведущий 700 А 17 01 010+ящик,raw.r1c_nomenclature_current,1,1
Номенклатура — current,Вал ведущий бункера КСП-25 (в сборе),raw.r1c_nomenclature_current,1,1
Номенклатура — current,Вал вертикальный МТЗ 80,raw.r1c_nomenclature_current,1,1
Номенклатура — current,"Вал гибкий спидометра ГАЗ53,3307,КРАЗ L=1570 ММ АВТОПАРТНЕР",raw.r1c_nomenclature_current,1,1
Номенклатура — current,Вал гибкий спидометра ЗИЛ-130 L=1800 мм,raw.r1c_nomenclature_current,1,1
Номенклатура — current,Вал для ТП-50,raw.r1c_nomenclature_current,1,1
Номенклатура — current,Вал для сухой очистки СО-16,raw.r1c_nomenclature_current,1,1
Номенклатура — current,Вал карданный (72-2203010),raw.r1c_nomenclature_current,1,1
Номенклатура — current,Вал карданный (72-2203010) БЕЛКАРД,raw.r1c_nomenclature_current,1,1
Номенклатура — current,Вал карданный 5276-080-800.00  6*8 шп.,raw.r1c_nomenclature_current,1,1
Номенклатура — current,Вал карданный 700 А.22.03.000-3,raw.r1c_nomenclature_current,1,1
Номенклатура — current,Вал карданный 701.22.08.000-2,raw.r1c_nomenclature_current,1,1
Номенклатура — current,"Вал карданный ВАЗ 2121,21213 задний 2123 перед задний ШРУС 21214-2201012",raw.r1c_nomenclature_current,1,1
Номенклатура — current,"Вал карданный КПП К-701,К-744(701.22.08.000-2)",raw.r1c_nomenclature_current,1,1
Номенклатура — current,"Вал карданный МТЗ 1221,1522,1253 переднего моста",raw.r1c_nomenclature_current,1,1
Номенклатура — current,"Вал карданный МТЗ-80,82,1221 привода щетки в кожухе",raw.r1c_nomenclature_current,1,1
Номенклатура — current,Вал карданный МТЗ-82 переднего моста (4 отверстия) L=626 мм АДС STANDART,raw.r1c_nomenclature_current,1,1
Номенклатура — current,Вал коленчатый 243-1005015,raw.r1c_nomenclature_current,1,1
Номенклатура — current,Вал коленчатый ПАЗ-3205 с вкладышами (ЗМЗ-5234) ЗМЗ 523.1005014,raw.r1c_nomenclature_current,1,1
Номенклатура — current,Вал кулачковый 20017-12,raw.r1c_nomenclature_current,1,1
Номенклатура — current,Вал петлителя Фишбейн 100,raw.r1c_nomenclature_current,1,1
Номенклатура — current,Вал поддерживающий ТБР 20.200.01,raw.r1c_nomenclature_current,1,1
Номенклатура — current,Вал привода сепаратора земли 1200 мм с вырезом под шпонку,raw.r1c_nomenclature_current,1,1
Номенклатура — current,Вал раздаточной коробки 72-1802063,raw.r1c_nomenclature_current,1,1
Номенклатура — current,Вал рулевой в сборе,raw.r1c_nomenclature_current,1,1
Номенклатура — current,Вал рулевой шлицевой МТЗ ,raw.r1c_nomenclature_current,1,1
Номенклатура — current,Вал с образивом,raw.r1c_nomenclature_current,1,1
Номенклатура — current,Вал с шайбами из нержавеющей стали ВСШ-00,raw.r1c_nomenclature_current,1,1
Номенклатура — current,Вал сепаратора земли круглый 1200 мм,raw.r1c_nomenclature_current,1,1
Номенклатура — current,Вал щетки Walek Fi 20,raw.r1c_nomenclature_current,1,1
Номенклатура — current,Валец,raw.r1c_nomenclature_current,1,1
Номенклатура — current,Валец очищающий,raw.r1c_nomenclature_current,1,1
Номенклатура — current,Валик 100мм СИБРТЕХ,raw.r1c_nomenclature_current,1,1
Номенклатура — current,Валик 110мм D=16мм полиэстер Сибртех,raw.r1c_nomenclature_current,1,1
Номенклатура — current,Валик 180 мм ворс 18мм,raw.r1c_nomenclature_current,1,1
Номенклатура — current,Валик акриловый 240 мм,raw.r1c_nomenclature_current,1,1
Номенклатура — current,Валик запасной полиакр.48/180 мм,raw.r1c_nomenclature_current,1,1
Номенклатура — current,Валик меховой 200 мм,raw.r1c_nomenclature_current,1,1
Номенклатура — current,Валик меховой 250 мм,raw.r1c_nomenclature_current,1,1
Номенклатура — current,Валик поролоновый 240 мм,raw.r1c_nomenclature_current,1,1
Номенклатура — current,Валик с ручкой,raw.r1c_nomenclature_current,1,1
Номенклатура — current,Валик с ручкой полиакрил Профи 2050 мм бюгель 8,raw.r1c_nomenclature_current,1,1
Номенклатура — current,Валик с ручкой полиамидный Blue TOPFORT 250мм бюгель 8,raw.r1c_nomenclature_current,1,1
Номенклатура — current,Валик сменный 250мм,raw.r1c_nomenclature_current,1,1
Номенклатура — current,Валик фасадный 250мм ворс 18мм,raw.r1c_nomenclature_current,1,1
Номенклатура — current,Валик фасадный полиакрил 18/250мм,raw.r1c_nomenclature_current,1,1
Номенклатура — current,Валик фасадный полиакрил 48/250мм,raw.r1c_nomenclature_current,1,1
Номенклатура — current,Валик фасадный сменный 18/250мм,raw.r1c_nomenclature_current,1,1
Номенклатура — current,Вальцовый калибровщик ВСК-6-1200,raw.r1c_nomenclature_current,1,1
Номенклатура — current,Ванна моечная 1 секционная ВМ1/6-э,raw.r1c_nomenclature_current,1,1
Номенклатура — current,Ванночка для краски ,raw.r1c_nomenclature_current,1,1
Номенклатура — current,Ванночка для краски большая,raw.r1c_nomenclature_current,1,1
Номенклатура — current,Вантекс Инсектицид,raw.r1c_nomenclature_current,1,1
Номенклатура — current,Варистор S14K320 84Дж 320В,raw.r1c_nomenclature_current,1,1
Номенклатура — current,"Варросан, 10 пол",raw.r1c_nomenclature_current,1,1
Номенклатура — current,Вата хирургическая стерильная 100г.,raw.r1c_nomenclature_current,1,1
Номенклатура — current,"Веб-камера Logitech HD Pro Webcam C922 Pro Stream 1920x1080 (2Мп, 60FPS, автофокус, 2xMic, USB 2.0)",raw.r1c_nomenclature_current,1,1
Номенклатура — current,Вега Инсектицид,raw.r1c_nomenclature_current,1,1
Номенклатура — current,"Вега РС1  Сетка-домик 1,5кг. Без полива",raw.r1c_nomenclature_current,1,1
Номенклатура — current,"Вега РС1  Сетка-домик 1,5кг. Полив",raw.r1c_nomenclature_current,1,1
Номенклатура — current,Вега РС1  Сетка-домик 2кг. Без полива,raw.r1c_nomenclature_current,1,1
Номенклатура — current,Вега РС1  Сетка-домик 2кг. Полив,raw.r1c_nomenclature_current,1,1
Номенклатура — current,Вега РС1  очищенный в ву 5кг. Без полива,raw.r1c_nomenclature_current,1,1
Номенклатура — current,"Вега РС1  пастеризованный 0,5кг. Без полива",raw.r1c_nomenclature_current,1,1
Номенклатура — current,"Вега РС1  пастеризованный 0,5кг. Полив",raw.r1c_nomenclature_current,1,1
Номенклатура — current,"Вега РС1  семена пастеризованный 0,5кг. Без полива",raw.r1c_nomenclature_current,1,1
Номенклатура — current,"Вега РС1  семена пастеризованный 0,5кг. Полив",raw.r1c_nomenclature_current,1,1
Номенклатура — current,Вега РС1  эконом  Сетка на рулоне 2.5кг. Без полива,raw.r1c_nomenclature_current,1,1
Номенклатура — current,Вега РС1  эконом  Сетка на рулоне 2.5кг. Полив,raw.r1c_nomenclature_current,1,1
Номенклатура — current,Вега РС1  эконом  Сетка на рулоне 3кг. Без полива,raw.r1c_nomenclature_current,1,1
Номенклатура — current,Вега РС1  эконом  Сетка на рулоне 3кг. Полив,raw.r1c_nomenclature_current,1,1
Номенклатура — current,Вега РС1 грязный  Сетка на завязке 25кг. Без полива,raw.r1c_nomenclature_current,1,1
Номенклатура — current,Вега РС1 грязный  Сетка на завязке 25кг. Полив,raw.r1c_nomenclature_current,1,1
Номенклатура — current,Вега РС1 грязный  Сетка на рулоне 10кг. Без полива,raw.r1c_nomenclature_current,1,1
Номенклатура — current,Вега РС1 грязный  Сетка на рулоне 10кг. Полив,raw.r1c_nomenclature_current,1,1
Номенклатура — current,Вега РС1 грязный  Сетка на рулоне 2.5кг Без полива,raw.r1c_nomenclature_current,1,1
Номенклатура — current,Вега РС1 грязный  Сетка на рулоне 2.5кг Полив,raw.r1c_nomenclature_current,1,1
Номенклатура — current,Вега РС1 грязный  Сетка на рулоне 25кг. Без полива,raw.r1c_nomenclature_current,1,1
Номенклатура — current,Вега РС1 грязный  Сетка на рулоне 25кг. Полив,raw.r1c_nomenclature_current,1,1
Номенклатура — current,Вега РС1 грязный  Сетка на рулоне 3кг. Без полива,raw.r1c_nomenclature_current,1,1
Номенклатура — current,Вега РС1 грязный  Сетка на рулоне 3кг. Полив,raw.r1c_nomenclature_current,1,1
Номенклатура — current,Вега РС1 грязный  биг-бег 1000кг. Без полива,raw.r1c_nomenclature_current,1,1
Номенклатура — current,Вега РС1 грязный  биг-бег 1000кг. Полив,raw.r1c_nomenclature_current,1,1
Номенклатура — current,Вега РС1 грязный Сетка на рулоне 5кг. Без полива,raw.r1c_nomenclature_current,1,1
Номенклатура — current,Вега РС1 грязный Сетка на рулоне 5кг. Полив,raw.r1c_nomenclature_current,1,1
Номенклатура — current,Вега РС1 мытый  Биг-бег 1000кг. Без полива,raw.r1c_nomenclature_current,1,1
Номенклатура — current,Вега РС1 мытый  Биг-бег 1000кг. Полив,raw.r1c_nomenclature_current,1,1
Номенклатура — current,Вега РС1 мытый  Сетка на рулоне 2.5кг Без полива,raw.r1c_nomenclature_current,1,1
Номенклатура — current,Вега РС1 мытый  Сетка на рулоне 2.5кг Полив,raw.r1c_nomenclature_current,1,1
Номенклатура — current,Вега РС1 мытый Сетка 25кг. Без полива,raw.r1c_nomenclature_current,1,1
Номенклатура — current,Вега РС1 мытый Сетка 25кг. Полив,raw.r1c_nomenclature_current,1,1
Номенклатура — current,"Вега РС1 мытый Сетка-домик 2,5кг. Без полива",raw.r1c_nomenclature_current,1,1
Номенклатура — current,Вега РС1 мытый Сетка-домик 3кг Без полива,raw.r1c_nomenclature_current,1,1
Номенклатура — current,Вега РС1 мытый Сетка-домик 3кг Полив,raw.r1c_nomenclature_current,1,1
Номенклатура — current,Вега РС1 очищенный в ву 1кг. Без полива,raw.r1c_nomenclature_current,1,1
Номенклатура — current,Вега РС1 семена  Сетка на завязке 25кг. Без полива,raw.r1c_nomenclature_current,1,1
Номенклатура — current,Вега РС1 семена  Сетка на завязке 25кг. Полив,raw.r1c_nomenclature_current,1,1
Номенклатура — current,Вега РС1 семена  Сетка на рулоне 25кг. Без полива,raw.r1c_nomenclature_current,1,1
Номенклатура — current,Вега РС1 семена  Сетка на рулоне 25кг. Полив,raw.r1c_nomenclature_current,1,1
Номенклатура — current,Вега РС1 семена  биг-бег 1000кг. Без полива,raw.r1c_nomenclature_current,1,1
Номенклатура — current,Вега РС1 семена  биг-бег 1000кг. Полив,raw.r1c_nomenclature_current,1,1
Номенклатура — current,Вега РС2 в в.упак 5кг.,raw.r1c_nomenclature_current,1,1
Номенклатура — current,"Вега РС2 грязный 2,5 кг. (эконом)",raw.r1c_nomenclature_current,1,1
Номенклатура — current,Вега РС2 грязный Сетка на рулоне 25кг Полив,raw.r1c_nomenclature_current,1,1
Номенклатура — current,Вега РС2 мытый 1кг (бэби),raw.r1c_nomenclature_current,1,1
Номенклатура — current,Вега РС2 мытый 2кг.(бэби),raw.r1c_nomenclature_current,1,1
Номенклатура — current,Вега РС2 мытый 3кг.,raw.r1c_nomenclature_current,1,1
Номенклатура — current,Вега РС2 мытый Сетка 25кг. Полив,raw.r1c_nomenclature_current,1,1
Номенклатура — current,"Вега РС3  Сетка-домик 1,5кг. Без полива",raw.r1c_nomenclature_current,1,1
Номенклатура — current,"Вега РС3  Сетка-домик 1,5кг. Полив",raw.r1c_nomenclature_current,1,1
Номенклатура — current,Вега РС3  Сетка-домик 2кг. Без полива,raw.r1c_nomenclature_current,1,1
Номенклатура — current,Вега РС3  Сетка-домик 2кг. Полив,raw.r1c_nomenclature_current,1,1
Номенклатура — current,Вега РС3  очищенный в ву 1кг. Без полива,raw.r1c_nomenclature_current,1,1
Номенклатура — current,Вега РС3  очищенный в ву 1кг. Полив,raw.r1c_nomenclature_current,1,1
Номенклатура — current,Вега РС3  очищенный в ву 5кг. Без полива,raw.r1c_nomenclature_current,1,1
Номенклатура — current,Вега РС3  очищенный в ву 5кг. Полив,raw.r1c_nomenclature_current,1,1
Номенклатура — current,"Вега РС3  пастеризованный 0,5кг. Без полива",raw.r1c_nomenclature_current,1,1
Номенклатура — current,"Вега РС3  пастеризованный 0,5кг. Полив",raw.r1c_nomenclature_current,1,1
Номенклатура — current,"Вега РС3  семена пастеризованный 0,5кг. Без полива",raw.r1c_nomenclature_current,1,1
Номенклатура — current,"Вега РС3  семена пастеризованный 0,5кг. Полив",raw.r1c_nomenclature_current,1,1
Номенклатура — current,Вега РС3  эконом  Сетка на рулоне 2.5кг. Без полива,raw.r1c_nomenclature_current,1,1
Номенклатура — current,Вега РС3  эконом  Сетка на рулоне 2.5кг. Полив,raw.r1c_nomenclature_current,1,1
Номенклатура — current,Вега РС3  эконом  Сетка на рулоне 3кг. Без полива,raw.r1c_nomenclature_current,1,1
Номенклатура — current,Вега РС3  эконом  Сетка на рулоне 3кг. Полив,raw.r1c_nomenclature_current,1,1
Номенклатура — current,Вега РС3 грязный  Сетка на завязке 25кг. Без полива,raw.r1c_nomenclature_current,1,1
Номенклатура — current,Вега РС3 грязный  Сетка на завязке 25кг. Полив,raw.r1c_nomenclature_current,1,1
Номенклатура — current,Вега РС3 грязный  Сетка на рулоне 10кг. Без полива,raw.r1c_nomenclature_current,1,1
Номенклатура — current,Вега РС3 грязный  Сетка на рулоне 10кг. Полив,raw.r1c_nomenclature_current,1,1
Номенклатура — current,Вега РС3 грязный  Сетка на рулоне 2.5кг Без полива,raw.r1c_nomenclature_current,1,1
Номенклатура — current,Вега РС3 грязный  Сетка на рулоне 2.5кг Полив,raw.r1c_nomenclature_current,1,1
Номенклатура — current,Вега РС3 грязный  Сетка на рулоне 25кг. Без полива,raw.r1c_nomenclature_current,1,1
Номенклатура — current,Вега РС3 грязный  Сетка на рулоне 25кг. Полив,raw.r1c_nomenclature_current,1,1
Номенклатура — current,Вега РС3 грязный  Сетка на рулоне 3кг. Без полива,raw.r1c_nomenclature_current,1,1
Номенклатура — current,Вега РС3 грязный  Сетка на рулоне 3кг. Полив,raw.r1c_nomenclature_current,1,1
Номенклатура — current,Вега РС3 грязный  биг-бег 1000кг. Без полива,raw.r1c_nomenclature_current,1,1
Номенклатура — current,Вега РС3 грязный  биг-бег 1000кг. Полив,raw.r1c_nomenclature_current,1,1
Номенклатура — current,Вега РС3 грязный Сетка на рулоне 5кг. Без полива,raw.r1c_nomenclature_current,1,1
Номенклатура — current,Вега РС3 грязный Сетка на рулоне 5кг. Полив,raw.r1c_nomenclature_current,1,1
Номенклатура — current,Вега РС3 мытый  Биг-бег 1000кг. Без полива,raw.r1c_nomenclature_current,1,1
Номенклатура — current,Вега РС3 мытый  Биг-бег 1000кг. Полив,raw.r1c_nomenclature_current,1,1
Номенклатура — current,Вега РС3 мытый  Сетка на рулоне 2.5кг Без полива,raw.r1c_nomenclature_current,1,1
Номенклатура — current,Вега РС3 мытый  Сетка на рулоне 2.5кг Полив,raw.r1c_nomenclature_current,1,1
Номенклатура — current,Вега РС3 мытый Сетка 25кг. Без полива,raw.r1c_nomenclature_current,1,1
Номенклатура — current,Вега РС3 мытый Сетка 25кг. Полив,raw.r1c_nomenclature_current,1,1
Номенклатура — current,"Вега РС3 мытый Сетка-домик 2,5кг. Без полива",raw.r1c_nomenclature_current,1,1
Номенклатура — current,"Вега РС3 мытый Сетка-домик 2,5кг. Полив",raw.r1c_nomenclature_current,1,1
Номенклатура — current,Вега РС3 мытый Сетка-домик 3кг Без полива,raw.r1c_nomenclature_current,1,1
Номенклатура — current,Вега РС3 мытый Сетка-домик 3кг Полив,raw.r1c_nomenclature_current,1,1
Номенклатура — current,Вега РС3 семена  Сетка на завязке 25кг. Без полива,raw.r1c_nomenclature_current,1,1
Номенклатура — current,Вега РС3 семена  Сетка на завязке 25кг. Полив,raw.r1c_nomenclature_current,1,1
Номенклатура — current,Вега РС3 семена  Сетка на рулоне 25кг. Без полива,raw.r1c_nomenclature_current,1,1
Номенклатура — current,Вега РС3 семена  Сетка на рулоне 25кг. Полив,raw.r1c_nomenclature_current,1,1
Номенклатура — current,Вега РС3 семена  биг-бег 1000кг. Без полива,raw.r1c_nomenclature_current,1,1
Номенклатура — current,Вега РС3 семена  биг-бег 1000кг. Полив,raw.r1c_nomenclature_current,1,1
Номенклатура — current,"ВегаРС3 Белый Беби Мытый Сетка домик1,5 кг.",raw.r1c_nomenclature_current,1,1
Номенклатура — current,ВегаРС3 Белый Беби Мытый Сетка домик2 кг.,raw.r1c_nomenclature_current,1,1
Номенклатура — current,ВегаРС3 Белый Беби Мытый Сетка на рулоне25 кг.,raw.r1c_nomenclature_current,1,1
Номенклатура — current,ВегаРС3 Белый Вакуумная упаковка5 кг.,raw.r1c_nomenclature_current,1,1
Номенклатура — current,ВегаРС3 Белый Грязный  Биг-бэг1000 кг.,raw.r1c_nomenclature_current,1,1
Номенклатура — current,"ВегаРС3 Белый Грязный  Сетка на рулоне2,5 кг.",raw.r1c_nomenclature_current,1,1
Номенклатура — current,ВегаРС3 Белый Грязный  Сетка на рулоне25 кг.,raw.r1c_nomenclature_current,1,1
Номенклатура — current,ВегаРС3 Белый Грязный  Сетка на рулоне3 кг.,raw.r1c_nomenclature_current,1,1
Номенклатура — current,ВегаРС3 Белый Грязный  Сетка на рулоне5 кг.,raw.r1c_nomenclature_current,1,1
Номенклатура — current,"ВегаРС3 Белый Грязный 35-50 Сетка на рулоне2,5 кг.",raw.r1c_nomenclature_current,1,1
Номенклатура — current,"ВегаРС3 Белый Мытый  Сетка домик2,5 кг.",raw.r1c_nomenclature_current,1,1
Номенклатура — current,ВегаРС3 Белый Мытый  Сетка домик3 кг.,raw.r1c_nomenclature_current,1,1
Номенклатура — current,ВегаРС3 Белый Мытый  Сетка на рулоне25 кг.,raw.r1c_nomenclature_current,1,1
Номенклатура — current,Ведро 10л ,raw.r1c_nomenclature_current,1,1
Номенклатура — current,"Ведро 11 л полипропилен d=28,5см h=27см с крышкой для пищевых продуктов.",raw.r1c_nomenclature_current,1,1
Номенклатура — current,Ведро 12л ,raw.r1c_nomenclature_current,1,1
Номенклатура — current,Ведро 16 л полипропилен d=32см h=30см с крышкой для пищевых продуктов.,raw.r1c_nomenclature_current,1,1
Номенклатура — current,Ведро 2 л с крышкой,raw.r1c_nomenclature_current,1,1
Номенклатура — current,Ведро для меда 3л с пластиковой ручкой,raw.r1c_nomenclature_current,1,1
Номенклатура — current,Ведро для мытья пола,raw.r1c_nomenclature_current,1,1
Номенклатура — current,"Ведро из высокопрочного пищевого пластика 7,7 л",raw.r1c_nomenclature_current,1,1
Номенклатура — current,Ведро мусорное пластик 19л прям сер.с пед. и черн.крыш.мрамор ,raw.r1c_nomenclature_current,1,1
Номенклатура — current,Ведро оц. 12 л.,raw.r1c_nomenclature_current,1,1
Номенклатура — current,Ведро оцинкованное 12 л Gigant GMB-12,raw.r1c_nomenclature_current,1,1
Номенклатура — current,Ведро оцинкованное 12л,raw.r1c_nomenclature_current,1,1
Номенклатура — current,Ведро оцинкованное 15л,raw.r1c_nomenclature_current,1,1
Номенклатура — current,Ведро оцинкованное 7л,raw.r1c_nomenclature_current,1,1
Номенклатура — current,Ведро оцинкованное 9л,raw.r1c_nomenclature_current,1,1
Номенклатура — current,Ведро пластиковое с ручкой 10л ,raw.r1c_nomenclature_current,1,1
Номенклатура — current,"Ведро пластиковое с ручкой 11,3 л ",raw.r1c_nomenclature_current,1,1
Номенклатура — current,Ведро с отжимом 14л,raw.r1c_nomenclature_current,1,1
Номенклатура — current,Ведро строительное,raw.r1c_nomenclature_current,1,1
Номенклатура — current,Ведро строительное 20 л,raw.r1c_nomenclature_current,1,1
Номенклатура — current,Ведро строительное 20л,raw.r1c_nomenclature_current,1,1
Номенклатура — current,Ведро строительное пластиковое 20 л,raw.r1c_nomenclature_current,1,1
Номенклатура — current,Веерообразный отвал LT6L.4-1,raw.r1c_nomenclature_current,1,1
Номенклатура — current,Веерообразный отвал LT6L.4-1AN,raw.r1c_nomenclature_current,1,1
Номенклатура — current,Веерообразный отвал LT6R.4-1,raw.r1c_nomenclature_current,1,1
Номенклатура — current,Веерообразный отвал LT6R.4-1AN,raw.r1c_nomenclature_current,1,1
Номенклатура — current,"ВендиРС3 Белый Беби Мытый Сетка домик1,5 кг.",raw.r1c_nomenclature_current,1,1
Номенклатура — current,ВендиРС3 Белый Беби Мытый Сетка домик2 кг.,raw.r1c_nomenclature_current,1,1
Номенклатура — current,ВендиРС3 Белый Беби Мытый Сетка на рулоне25 кг.,raw.r1c_nomenclature_current,1,1
Номенклатура — current,ВендиРС3 Белый Вакуумная упаковка5 кг.,raw.r1c_nomenclature_current,1,1
Номенклатура — current,ВендиРС3 Белый Грязный  Биг-бэг1000 кг.,raw.r1c_nomenclature_current,1,1
Номенклатура — current,"ВендиРС3 Белый Грязный  Сетка на рулоне2,5 кг.",raw.r1c_nomenclature_current,1,1
Номенклатура — current,ВендиРС3 Белый Грязный  Сетка на рулоне25 кг.,raw.r1c_nomenclature_current,1,1
Номенклатура — current,ВендиРС3 Белый Грязный  Сетка на рулоне3 кг.,raw.r1c_nomenclature_current,1,1
Номенклатура — current,ВендиРС3 Белый Грязный  Сетка на рулоне5 кг.,raw.r1c_nomenclature_current,1,1
Номенклатура — current,"ВендиРС3 Белый Грязный 35-50 Сетка на рулоне2,5 кг.",raw.r1c_nomenclature_current,1,1
Номенклатура — current,"ВендиРС3 Белый Мытый  Сетка домик2,5 кг.",raw.r1c_nomenclature_current,1,1
Номенклатура — current,ВендиРС3 Белый Мытый  Сетка домик3 кг.,raw.r1c_nomenclature_current,1,1
Номенклатура — current,ВендиРС3 Белый Мытый  Сетка на рулоне25 кг.,raw.r1c_nomenclature_current,1,1
Номенклатура — current,Венец маховика Д-240ст 145зуб.,raw.r1c_nomenclature_current,1,1
Номенклатура — current,Веник,raw.r1c_nomenclature_current,1,1
Номенклатура — current,Веник 2-прошивной высшая категория,raw.r1c_nomenclature_current,1,1
Номенклатура — current,Веник 5-прошивной,raw.r1c_nomenclature_current,1,1
Номенклатура — current,Веник СОРГО,raw.r1c_nomenclature_current,1,1
Номенклатура — current,Веник пластиковый,raw.r1c_nomenclature_current,1,1
Номенклатура — current,Веник с палкой Сербия,raw.r1c_nomenclature_current,1,1
Номенклатура — current,Веник трехпрошивной Люкс,raw.r1c_nomenclature_current,1,1
Номенклатура — current,Вентиль ТК,raw.r1c_nomenclature_current,1,1
Номенклатура — current,Вентиль безкамерной шины L=16*90 V3.20-4 для грузо,raw.r1c_nomenclature_current,1,1
Номенклатура — current,Вентиль бескамерной шины L=27*79 для JCB,raw.r1c_nomenclature_current,1,1
Номенклатура — current,Вентиль камерный для с/х камер,raw.r1c_nomenclature_current,1,1
Номенклатура — current,Вентиль пл.32,raw.r1c_nomenclature_current,1,1
Номенклатура — current,Вентиль с подложкой для спецтехники и и тракторов холодной вулканизации ТК,raw.r1c_nomenclature_current,1,1
Номенклатура — current,Вентиль тракторный V5-01-1 TR618A,raw.r1c_nomenclature_current,1,1
Номенклатура — current,Вентилятор (500мм/380В)YWF4D-500S-137/50-G,raw.r1c_nomenclature_current,1,1
Номенклатура — current,"Вентилятор 24В, 120х120х25мм, подш.скольжения, 2600 об/мин",raw.r1c_nomenclature_current,1,1
Номенклатура — current,Вентилятор белый напольный Aceline SFVE-1641,raw.r1c_nomenclature_current,1,1
Номенклатура — current,Вентилятор белый напольный Gentek CT-5015,raw.r1c_nomenclature_current,1,1
Номенклатура — current,Вентилятор обдува WOS500,raw.r1c_nomenclature_current,1,1
Номенклатура — current,Вентилятор осевой низкого давления в стальном корпусе ОВ 2Е 300,raw.r1c_nomenclature_current,1,1
Номенклатура — current,Вентилятор отопителя МТЗ ИЖКС 632546.004,raw.r1c_nomenclature_current,1,1
Номенклатура — current,"Вентилятор радиальный РОВЕН ВР-80-75-4,0-О-РН-0,75/1500/220-380-Пр0-У2",raw.r1c_nomenclature_current,1,1
Номенклатура — current,Вентилятор разгонный с ТЕН 2 квт,raw.r1c_nomenclature_current,2,2
Номенклатура — current,Вентилятор салона 12В 2*12см,raw.r1c_nomenclature_current,1,1
Номенклатура — current,Вентилятор черный напольный RIX RSF-4002В,raw.r1c_nomenclature_current,1,1
Номенклатура — current,"Вентиляционный канал и две венткамеры высотой 3,6 м из балки,профтрубы и профнастила ",raw.r1c_nomenclature_current,1,1
Номенклатура — current,Венто 178-02-1230-0 Инсектицид,raw.r1c_nomenclature_current,1,1
Номенклатура — current,Венто 178-02-1762-0 Инсектицид,raw.r1c_nomenclature_current,1,1
Номенклатура — current,Веревка в ПВХ 3мм,raw.r1c_nomenclature_current,1,1
Номенклатура — current,Веревка плетенная ПП 6мм (200м) черная,raw.r1c_nomenclature_current,1,1
Номенклатура — current,"Веревка хозяйственная D-7мм, L-20м",raw.r1c_nomenclature_current,1,1
Номенклатура — current,Весовая,raw.r1c_nomenclature_current,1,1
Номенклатура — current,Весы M-ER 326AFL-32.5 LCD 3057 (Зав.28050690),raw.r1c_nomenclature_current,1,1
Номенклатура — current,"Весы МП 2000 ВЕДА Ф-1 ""Циклоп 07Л П/У""",raw.r1c_nomenclature_current,1,1
Номенклатура — current,Весы бытовые товарные ST-TCS-150,raw.r1c_nomenclature_current,1,1
Номенклатура — current,Весы кухонные Polaris PKS 1053DG Chalk электронные,raw.r1c_nomenclature_current,1,1
Номенклатура — current,Весы напольные ECON ECO-BS003,raw.r1c_nomenclature_current,1,1
Номенклатура — current,Весы настольные для простого взвешивания МАССА-К МК- 6.2-А21-2 50343,raw.r1c_nomenclature_current,1,1
Номенклатура — current,Весы низкопрофильные с пандусом-2000 Элефант,raw.r1c_nomenclature_current,1,1
Номенклатура — current,Весы паллетные МАССА 4D-U-1-2000,raw.r1c_nomenclature_current,1,1
Номенклатура — current,Весы платформенные СКЕЙЛ,raw.r1c_nomenclature_current,1,1
Номенклатура — current,Весы платформенные СКЕЙЛ ЗСКП-1520,raw.r1c_nomenclature_current,1,1
Номенклатура — current,Весы с 16 взвешивающими головками,raw.r1c_nomenclature_current,1,1
Номенклатура — current,Весы товарные МИДЛ МП 60 МДА Ф-3 (10/20 400*500) Восточный базар 518 нерж,raw.r1c_nomenclature_current,1,1
Номенклатура — current,Весы товарные МИДЛ МП 60 МЖА Ф-3 (10/20 400*500) Красная армия,raw.r1c_nomenclature_current,1,1
Номенклатура — current,Весы фасовочные напольные ,raw.r1c_nomenclature_current,1,1
Номенклатура — current,Ветошь,raw.r1c_nomenclature_current,1,1
Номенклатура — current,Вешалка,raw.r1c_nomenclature_current,1,1
Номенклатура — current,Вешалка для одежды,raw.r1c_nomenclature_current,1,1
Номенклатура — current,Вешалка настенная 3 крючка,raw.r1c_nomenclature_current,1,1
Номенклатура — current,Вешалка настенная 4 крючка,raw.r1c_nomenclature_current,1,1
Номенклатура — current,Вешалка настенная 5 крючков,raw.r1c_nomenclature_current,1,1
Номенклатура — current,Вешалка настенная ТС1 №20 черная,raw.r1c_nomenclature_current,1,1
Номенклатура — current,"Вешалка настенная УЗК_Крючок двухрожковый, хром",raw.r1c_nomenclature_current,1,1
Номенклатура — current,Взлетная площадка квадрокоптера,raw.r1c_nomenclature_current,1,1
Номенклатура — current,Виал ТрасТ Инсектицид,raw.r1c_nomenclature_current,1,1
Номенклатура — current,Виал Трио Инсектицид,raw.r1c_nomenclature_current,1,1
Номенклатура — current,Виброгаситель,raw.r1c_nomenclature_current,1,1
Номенклатура — current,Виброизолятор Элком ДО 38 03.07.000011,raw.r1c_nomenclature_current,1,1
Номенклатура — current,Видеодомофон комплект Falcon Eye FE-4CHP2AVP-505 (выз.панель в компл),raw.r1c_nomenclature_current,1,1
Номенклатура — current,Видеокамера IP HIKVISION DS-2DE2A204IW-DE3(C0)(S6)(C) (DS-2DE2A204IW-DE3(C0)(S6)(C)),raw.r1c_nomenclature_current,1,1
Номенклатура — current,Видеокамера IP HIKVISION DS-2DE3A404IWG-E 2.8-12 mm (DS-2DE3A404IWG-E),raw.r1c_nomenclature_current,1,1
Номенклатура — current,Видеокарта PCI-E Gigabyte GeForce RTX 4060 AERO OC 8192MB 128bit GDDR6 [GV-N4060AERO OC-8GD] HDMI DP,raw.r1c_nomenclature_current,1,1
Номенклатура — current,Видеокарта PCI-E Gigabyte Gef-orce GT 710 1024MB 64 bit,raw.r1c_nomenclature_current,1,1
Номенклатура — current,Видеорегистратор 64-х канальный Hikvision DS-7764NI-V4 IP до 16ТБ,raw.r1c_nomenclature_current,1,1
Номенклатура — current,Видеорегистратор DS-N332/2,raw.r1c_nomenclature_current,1,1
Номенклатура — current,Видеорегистратор IP 6 канальный,raw.r1c_nomenclature_current,1,1
Номенклатура — current,Визитки,raw.r1c_nomenclature_current,1,1
Номенклатура — current,Вилка ,raw.r1c_nomenclature_current,1,1
Номенклатура — current,Вилка  015 3Р+РЕ+N 16А  380V IP44 ИЭК,raw.r1c_nomenclature_current,1,1
Номенклатура — current,Вилка  380V IP44 ИЭК ССИ-025 3Р+РЕ+N 32А  ,raw.r1c_nomenclature_current,1,1
Номенклатура — current,Вилка  СП 16А 380В 3Р+E+N CCИ-415 IP44,raw.r1c_nomenclature_current,1,1
Номенклатура — current,Вилка  б/з,raw.r1c_nomenclature_current,1,1
Номенклатура — current,Вилка  с/э Макел,raw.r1c_nomenclature_current,1,1
Номенклатура — current,Вилка 120-4605620,raw.r1c_nomenclature_current,1,1
Номенклатура — current,Вилка 1321-2707050-Б1,raw.r1c_nomenclature_current,1,1
Номенклатура — current,Вилка 1321-2707111-А,raw.r1c_nomenclature_current,1,1
Номенклатура — current,Вилка 515 стац.3Р+РЕ+N16A 330B IP44 ИЭК,raw.r1c_nomenclature_current,1,1
Номенклатура — current,Вилка 615 скрытая 3Р+РЕ+N 16А 380В IP44,raw.r1c_nomenclature_current,1,1
Номенклатура — current,Вилка 700А 46.28.054-2,raw.r1c_nomenclature_current,1,1
Номенклатура — current,Вилка AG W23001 3/4 20,raw.r1c_nomenclature_current,1,1
Номенклатура — current,Вилка AG W2500 1 3/8 21,raw.r1c_nomenclature_current,1,1
Номенклатура — current,Вилка AG W2600 8х32х38,raw.r1c_nomenclature_current,1,1
Номенклатура — current,Вилка AG WWE2580 8*32*38,raw.r1c_nomenclature_current,1,1
Номенклатура — current,Вилка RG S4 WWE2580,raw.r1c_nomenclature_current,1,1
Номенклатура — current,Вилка RG S5 W2600,raw.r1c_nomenclature_current,1,1
Номенклатура — current,Вилка МТЗ ВЗТЗЧ 1321-2707050-Б1,raw.r1c_nomenclature_current,1,1
Номенклатура — current,"Вилка МТЗ,МАЗ-4370, отводки (А)",raw.r1c_nomenclature_current,1,1
Номенклатура — current,Вилка бел. с/з ,raw.r1c_nomenclature_current,1,1
Номенклатура — current,Вилка бел. с/з Makel,raw.r1c_nomenclature_current,1,1
Номенклатура — current,Вилка белая,raw.r1c_nomenclature_current,1,1
Номенклатура — current,Вилка двойная  WWE2580 ,raw.r1c_nomenclature_current,1,1
Номенклатура — current,Вилка кабельная  16А 3Р+Е +N 380V ИЭК ,raw.r1c_nomenclature_current,1,1
Номенклатура — current,Вилка кабельная 16А 3Р+Е+N 380V ИЭК,raw.r1c_nomenclature_current,1,1
Номенклатура — current,Вилка кабельная ССИ-015 16А 3Р+РЕ+N IP54 ИЭК,raw.r1c_nomenclature_current,1,1
Номенклатура — current,Вилка каучковая,raw.r1c_nomenclature_current,1,1
Номенклатура — current,Вилка каучковая прямая,raw.r1c_nomenclature_current,1,1
Номенклатура — current,Вилка каучковая угловая,raw.r1c_nomenclature_current,1,1
Номенклатура — current,"Вилка каучук с боковым вводом ВБу3-1-0м ""ОМЕГА"" IP44 (упак 30шт.)",raw.r1c_nomenclature_current,1,1
Номенклатура — current,Вилка мобильная EKF ,raw.r1c_nomenclature_current,1,1
Номенклатура — current,Вилка на внутренний профиль (треугольник),raw.r1c_nomenclature_current,1,1
Номенклатура — current,Вилка однофазная,raw.r1c_nomenclature_current,1,1
Номенклатура — current,Вилка перен. 3Р+РЕ+N 16А 380В IP67,raw.r1c_nomenclature_current,1,1
Номенклатура — current,Вилка переносная 0252 3Р+РЕ+N 32А 380В IP67,raw.r1c_nomenclature_current,1,1
Номенклатура — current,Вилка переносная 035 3Р+РЕ+N 63А 380В IP67,raw.r1c_nomenclature_current,1,1
Номенклатура — current,Вилка переносная 16А 220В 1Р+РЕ+N IP44 ,raw.r1c_nomenclature_current,1,1
Номенклатура — current,Вилка переносная 32А 220В IP44 023-6,raw.r1c_nomenclature_current,1,1
Номенклатура — current,Вилка переносная 3Р+РЕ+N 16А 380В IP44,raw.r1c_nomenclature_current,1,1
Номенклатура — current,Вилка переносная 3р+N+PE  16А 380В IP44 PCE 015-6,raw.r1c_nomenclature_current,1,1
Номенклатура — current,Вилка переносная 3р+N+PE  32А 380В IP44 PCE 025-6,raw.r1c_nomenclature_current,1,1
Номенклатура — current,Вилка переносная ССИ-015 16А 200/346-240/415В+3Р+РЕ+N IP44 ,raw.r1c_nomenclature_current,1,1
Номенклатура — current,Вилка переносная ССИ-015 16А 220В IP44 ,raw.r1c_nomenclature_current,1,1
Номенклатура — current,Вилка переносная ССИ-015 16А 3Р+РЕ+N 380В IP44,raw.r1c_nomenclature_current,1,1
Номенклатура — current,Вилка прицепной скобы К-700 (700.46.30.015-2),raw.r1c_nomenclature_current,1,1
Номенклатура — current,Вилка прямая белая с з/к,raw.r1c_nomenclature_current,1,1
Номенклатура — current,"Вилка прямая влагозащищенная, с/з, 16 А, IP44 каучук 111-001",raw.r1c_nomenclature_current,1,1
Номенклатура — current,Вилка с боковым вводом ОМЕГА IP44,raw.r1c_nomenclature_current,1,1
Номенклатура — current,Вилка силовая 3Р+РЕ+N 16А 380В IP44 67515,raw.r1c_nomenclature_current,1,1
Номенклатура — current,Вилка силовая переносная 16 А,raw.r1c_nomenclature_current,1,1
Номенклатура — current,Вилка силовая переносная 16А 3Р ИЭК,raw.r1c_nomenclature_current,1,1
Номенклатура — current,Вилка силовая переносная 16А IP44 3р+з+п 015-6,raw.r1c_nomenclature_current,1,1
Номенклатура — current,Вилка силовая переносная 3Р 16А ИЭК,raw.r1c_nomenclature_current,1,1
Номенклатура — current,Вилка силовая переносная 3Р+РЕ+Н 16А ИЭК,raw.r1c_nomenclature_current,1,1
Номенклатура — current,"Вилка скребок ""Скрейпер"" широкая",raw.r1c_nomenclature_current,1,1
Номенклатура — current,Вилка стационарная  5/16А ССИ-515,raw.r1c_nomenclature_current,1,1
Номенклатура — current,Вилка стационарная 515 3Р+РЕ+N 16А 380В IP44,raw.r1c_nomenclature_current,1,1
Номенклатура — current,Вилка стационарная ССИ-515 16А 3Р+РЕ+N 380В IP44 ИЭК,raw.r1c_nomenclature_current,1,1
Номенклатура — current,Вилка стационарная ССИ-525 32А 3Р+РЕ+N 415В IP44 ИЭК,raw.r1c_nomenclature_current,1,1
Номенклатура — current,Вилка сцепления,raw.r1c_nomenclature_current,1,1
Номенклатура — current,Вилка сцепления МТЗ-1221 отводки РУП МТЗ,raw.r1c_nomenclature_current,1,1
Номенклатура — current,Вилка угловая с/э,raw.r1c_nomenclature_current,1,1
Номенклатура — current,Вилка эл.каб. ИЭК ССИ-024 32А 380В IP44,raw.r1c_nomenclature_current,1,1
Номенклатура — current,Вилка эл.каб.ИЭК ССИ-015 16А 380В IP44 ,raw.r1c_nomenclature_current,1,1
Номенклатура — current,Вилка электрическая наружная уст.16А 3Р+РЕ+N 380B IP44CCИ 515,raw.r1c_nomenclature_current,1,1
Номенклатура — current,Вилка электрическая с боковым вводом с заземл. IP44 ВБу3-1-0 каучук ИЭК,raw.r1c_nomenclature_current,1,1
Номенклатура — current,Вилка-розетка ПС 300 МТЗ оригинал,raw.r1c_nomenclature_current,1,1
Номенклатура — current,Вилы,raw.r1c_nomenclature_current,1,1
Номенклатура — current,Виннер Инсектицид,raw.r1c_nomenclature_current,1,1
Номенклатура — current,Винт 6-гр м8х25,raw.r1c_nomenclature_current,1,1
Номенклатура — current,Винт 700 46.28.053,raw.r1c_nomenclature_current,1,1
Номенклатура — current,Винт DIN  603 М 16*60,raw.r1c_nomenclature_current,1,1
Номенклатура — current,Винт DIN  7985,raw.r1c_nomenclature_current,1,1
Номенклатура — current,Винт DIN  7991 М 6*20,raw.r1c_nomenclature_current,1,1
Номенклатура — current,Винт ВОМ,raw.r1c_nomenclature_current,1,1
Номенклатура — current,Винт М 6*8,raw.r1c_nomenclature_current,1,1
Номенклатура — current,Винт МТЗ тяги верхней с пальцем РЗТЗ,raw.r1c_nomenclature_current,1,1
Номенклатура — current,"Винт МТЗ-80,82 установленный РУП МТЗ",raw.r1c_nomenclature_current,1,1
Номенклатура — current,Винт барабана тормоз ГАЗ-3302,raw.r1c_nomenclature_current,1,1
Номенклатура — current,Винт верхний М30х3 правая резьба,raw.r1c_nomenclature_current,1,1
Номенклатура — current,Винт внутренний М10*40,raw.r1c_nomenclature_current,1,1
Номенклатура — current,Винт полукруглый 6*25,raw.r1c_nomenclature_current,1,1
Номенклатура — current,Винт потай М10х40 мм под внутренний шестигранник оцинкованный,raw.r1c_nomenclature_current,1,1
Номенклатура — current,Винт потай М5х16,raw.r1c_nomenclature_current,1,1
Номенклатура — current,Винт с потайной головкой М 10х25 DIN604,raw.r1c_nomenclature_current,1,1
Номенклатура — current,Винт с потайной головкой М10Х25 DIN604,raw.r1c_nomenclature_current,1,1
Номенклатура — current,"Винт с цилиндрической головкой ,цинк М8*25",raw.r1c_nomenclature_current,1,1
Номенклатура — current,Винт стяжной 700 46.28.023-1,raw.r1c_nomenclature_current,1,1
Номенклатура — current,Винт стяжной 700А.46.28.053,raw.r1c_nomenclature_current,1,1
Номенклатура — current,Винт элеватора.,raw.r1c_nomenclature_current,1,1
Номенклатура — current,Винтовой элеватор,raw.r1c_nomenclature_current,1,1
Номенклатура — current,Винцент Инсектицид,raw.r1c_nomenclature_current,1,1
Номенклатура — current,Винцит Инсектицид,raw.r1c_nomenclature_current,1,1
Номенклатура — current,Винцит Форте Инсектицид,raw.r1c_nomenclature_current,1,1
Номенклатура — current,Винцит Экстра Инсектицид,raw.r1c_nomenclature_current,1,1
Номенклатура — current,Виртуоз Инсектицид,raw.r1c_nomenclature_current,1,1
Номенклатура — current,Вискомуфта 836864264,raw.r1c_nomenclature_current,1,1
Номенклатура — current,Вист Инсектицид,raw.r1c_nomenclature_current,1,1
Номенклатура — current,"Вист дымовая шашка 0,4 кг",raw.r1c_nomenclature_current,1,1
Номенклатура — current,Вист дымовая шашка 5гр,raw.r1c_nomenclature_current,1,1
Номенклатура — current,Витавакс 200ФФ Инсектицид,raw.r1c_nomenclature_current,1,1
Номенклатура — current,Виталон Инсектицид,raw.r1c_nomenclature_current,1,1
Номенклатура — current,Витаплан Инсектицид,raw.r1c_nomenclature_current,1,1
Номенклатура — current,Витарос Инсектицид,raw.r1c_nomenclature_current,1,1
Номенклатура — current,Витасил Инсектицид,raw.r1c_nomenclature_current,1,1
Номенклатура — current,Витацит Инсектицид,raw.r1c_nomenclature_current,1,1
Номенклатура — current,Вихревая воздуходувка EVL 117/22 3 ф.,raw.r1c_nomenclature_current,1,1
Номенклатура — current,Вкладыш сперфорацией ,raw.r1c_nomenclature_current,1,1
Номенклатура — current,Вкладыш шатунный  МТЗ,raw.r1c_nomenclature_current,1,1
Номенклатура — current,Вкладыши Д-245 ЗИЛ-5301 коренные Д245-1005100-ЕН1,raw.r1c_nomenclature_current,1,1
Номенклатура — current,Вкладыши Д-245 ЗИЛ-5301 коренные Н1 ЗМЗ-ДАЙДО,raw.r1c_nomenclature_current,1,1
Номенклатура — current,Вкладыши Д-245 ЗИЛ-5301 шатунные Н1 ЗМЗ-ДАЙДО,raw.r1c_nomenclature_current,1,1
Номенклатура — current,Вкладыши Д-260 коренные Н1 ЗМЗ-ДАЙДО,raw.r1c_nomenclature_current,1,1
Номенклатура — current,Вкладыши Д-260 шатунные Н1 ЗМЗ-ДАЙДО,raw.r1c_nomenclature_current,1,1
Номенклатура — current,"Вкладыши МТЗ,Д-50 коренные Н1 ДАЙДО МЕТАЛЛ РУСЬ",raw.r1c_nomenclature_current,1,1
Номенклатура — current,Вкладыши коренные FORD D2FE.F3FA HJBA.SRFA.JXFA.H9FD 2.0/2.4L,raw.r1c_nomenclature_current,1,1
Номенклатура — current,"Вкладыши шатунные FORD,ABF A/D3FA/D6BA",raw.r1c_nomenclature_current,1,1
Номенклатура — current,Влагомер сена и силоса Wile 26,raw.r1c_nomenclature_current,1,1
Номенклатура — current,Внешний ремень 50/35,raw.r1c_nomenclature_current,1,1
Номенклатура — current,Внешний смотчик СБЗет СМТ-01,raw.r1c_nomenclature_current,1,1
Номенклатура — current,Вода,raw.r1c_nomenclature_current,1,1
Номенклатура — current,Вода дистилированная ,raw.r1c_nomenclature_current,1,1
Номенклатура — current,Вода дистилированная 19л. GL-104 ,raw.r1c_nomenclature_current,1,1
Номенклатура — current,Вода дистилированная 5л.,raw.r1c_nomenclature_current,1,1
Номенклатура — current,"Вода минеральная Легенда Гор Архыз 0,5л газ",raw.r1c_nomenclature_current,1,1
Номенклатура — current,Вода питьевая 19 л,raw.r1c_nomenclature_current,1,1
Номенклатура — current,"Водонагреватель ""Термекс""",raw.r1c_nomenclature_current,1,1
Номенклатура — current,"Водонагреватель накопительный ""Термекс"" 100 литров",raw.r1c_nomenclature_current,1,1
Номенклатура — current,"Водонепроницаемый цилиндрический разъем, 3 контакта, М8х1",raw.r1c_nomenclature_current,1,1
Номенклатура — current,Водосгон ,raw.r1c_nomenclature_current,1,1
Номенклатура — current,Водосгон 40см,raw.r1c_nomenclature_current,1,1
Номенклатура — current,Водосгон 50см,raw.r1c_nomenclature_current,1,1
Номенклатура — current,Водосгон 550 мм б/черенка,raw.r1c_nomenclature_current,1,1
Номенклатура — current,Водосгон для пола,raw.r1c_nomenclature_current,1,1
Номенклатура — current,Водосгон для пола Klintek JALI 50 см,raw.r1c_nomenclature_current,1,1
Номенклатура — current,Водосгон для пола_,raw.r1c_nomenclature_current,1,1
Номенклатура — current,Водосгон для стекол ,raw.r1c_nomenclature_current,1,1
Номенклатура — current,Водоумягчитель LT12 DVA,raw.r1c_nomenclature_current,1,1
Номенклатура — current,Воздуховод гибкий алюминиевый гофрированный,raw.r1c_nomenclature_current,1,1
Номенклатура — current,Воздуховод напорный для напольного хранения овощей В01/15,raw.r1c_nomenclature_current,1,1
Номенклатура — current,Воздуховод напорный для напольного хранения овощей В02/15,raw.r1c_nomenclature_current,1,1
Номенклатура — current,Воздуховод напорный для напольного хранения овощей В03/15,raw.r1c_nomenclature_current,1,1
Номенклатура — current,Воздуховод напорный для напольного хранения овощей ВО4/15,raw.r1c_nomenclature_current,1,1
Номенклатура — current,Воздуховод напорный для напольного хранения овощей ВО5/15,raw.r1c_nomenclature_current,1,1
Номенклатура — current,Воздуховод напорный для напольного хранения овощей ВО6/15,raw.r1c_nomenclature_current,1,1
Номенклатура — current,Воздуховод напорный для напольного хранения овощей ВО7/15,raw.r1c_nomenclature_current,1,1
Номенклатура — current,Воздуховод напорный для напольного хранения овощей ВО8/15,raw.r1c_nomenclature_current,1,1
Номенклатура — current,Воздуходувка аккумуляторная Champion 18В 4Ач +АКБ,raw.r1c_nomenclature_current,1,1
Номенклатура — current,Воздуходувка для компьютера UNC воздуходувка аккумуляторная мощная ,raw.r1c_nomenclature_current,1,1
Номенклатура — current,"Воздуходувка садовая аккумуляторная DEKO DKBL20, 20В, 2x4.0Ач 063-4313",raw.r1c_nomenclature_current,1,1
Номенклатура — current,Воздухоохладитель DD-19/0/453A 380V,raw.r1c_nomenclature_current,1,1
Номенклатура — current,Воздухоохладитель СТЕ 502 Е6 ЕD,raw.r1c_nomenclature_current,1,1
Номенклатура — current,Воздухоохладитель СТЕ 502 Е8 ЕD,raw.r1c_nomenclature_current,1,1
Номенклатура — current,Воздушный нож E-flow 600 SS,raw.r1c_nomenclature_current,1,1
Номенклатура — current,Воздушный фильтр AL225552AN (ST86085),raw.r1c_nomenclature_current,1,1
Номенклатура — current,Воздушный фильтр JOHN DEERE к-т (оригинал) AL215053+AL215054,raw.r1c_nomenclature_current,1,1
Номенклатура — current,Волиам Флекси Инсектицид,raw.r1c_nomenclature_current,1,1
Номенклатура — current,Волокно конопли,raw.r1c_nomenclature_current,1,1
Номенклатура — current,Воронка (Шоколад),raw.r1c_nomenclature_current,1,1
Номенклатура — current,"Воронка 250мм, полипропилен",raw.r1c_nomenclature_current,1,1
Номенклатура — current,Воронка желоба торцевая универсальная с уплотнителем,raw.r1c_nomenclature_current,1,1
Номенклатура — current,Воронка желоба центр 80 с уплотнителем,raw.r1c_nomenclature_current,1,1
Номенклатура — current,Воронка заливная с гибким носиком ,raw.r1c_nomenclature_current,1,1
Номенклатура — current,Воронка сборная D135мм непроливайка ,raw.r1c_nomenclature_current,1,1
Номенклатура — current,Воронка ф 120мм,raw.r1c_nomenclature_current,1,1
Номенклатура — current,Воронка ф 160мм,raw.r1c_nomenclature_current,1,1
Номенклатура — current,Воронка центральная универсальная,raw.r1c_nomenclature_current,1,1
Номенклатура — current,"Воронка центральная универсальная,белый 12461",raw.r1c_nomenclature_current,1,1
Номенклатура — current,Ворота откатные 3000*1750 мм на 3-х винтовых сваях,raw.r1c_nomenclature_current,1,1
Номенклатура — current,Ворота откатные 3900*3520,raw.r1c_nomenclature_current,1,1
Номенклатура — current,Ворота откатные 4500*1750 на 3-х винтовых сваях,raw.r1c_nomenclature_current,1,1
Номенклатура — current,Воротничковый опорный ролик,raw.r1c_nomenclature_current,1,1
Номенклатура — current,Вороток (инструмент),raw.r1c_nomenclature_current,1,1
Номенклатура — current,Ворохоотделитель ВОБ6,raw.r1c_nomenclature_current,1,1
Номенклатура — current,Воскотопка паровая 6 рамочная электрическая,raw.r1c_nomenclature_current,1,1
Номенклатура — current,Восторг Инсектицид,raw.r1c_nomenclature_current,1,1
Номенклатура — current,"Вощина Дадан""Улей""",raw.r1c_nomenclature_current,1,1
Номенклатура — current,Врезка 3/4 для резервуаров,raw.r1c_nomenclature_current,1,1
Номенклатура — current,Врезка в бак d=2 удл. (латунь),raw.r1c_nomenclature_current,1,1
Номенклатура — current,Всасывающий фильтр.в сборе,raw.r1c_nomenclature_current,1,1
Номенклатура — current,Вспашка,raw.r1c_nomenclature_current,1,1
Номенклатура — current,Вставка 88.00569 выкл.ложечка среняя черная,raw.r1c_nomenclature_current,1,1
Номенклатура — current,Вставка СКР-10-25,raw.r1c_nomenclature_current,1,1
Номенклатура — current,Вторичное сырье Балтик РоузРС4 Красный_28-35,raw.r1c_nomenclature_current,1,1
Номенклатура — current,Вторичное сырье Балтик РоузРС4 Красный_НКЛ,raw.r1c_nomenclature_current,1,1
Номенклатура — current,Вторичное сырье ВегаРС3 Белый_28-35,raw.r1c_nomenclature_current,1,1
Номенклатура — current,Вторичное сырье ВегаРС3 Белый_НКЛ,raw.r1c_nomenclature_current,1,1
Номенклатура — current,Вторичное сырье ВендиРС3 Белый_28-35,raw.r1c_nomenclature_current,1,1
Номенклатура — current,Вторичное сырье ВендиРС3 Белый_НКЛ,raw.r1c_nomenclature_current,1,1
Номенклатура — current,Вторичное сырье КарменРС1 Красный_28-35,raw.r1c_nomenclature_current,1,1
Номенклатура — current,Вторичное сырье КарменРС1 Красный_НКЛ,raw.r1c_nomenclature_current,1,1
Номенклатура — current,Вторичное сырье ФламингоРС3 Красный_28-35,raw.r1c_nomenclature_current,1,1
Номенклатура — current,Вторичное сырье ФламингоРС3 Красный_НКЛ,raw.r1c_nomenclature_current,1,1
Номенклатура — current,Вторичное сырье на крахмал.Гала.Мелкий,raw.r1c_nomenclature_current,1,1
Номенклатура — current,Вторичное сырье на продажу,raw.r1c_nomenclature_current,1,1
Номенклатура — current,Вторичное сырьё на крахмал,raw.r1c_nomenclature_current,1,1
Номенклатура — current,Вторичное сырьё на крахмал.Алуэт.Мелкий,raw.r1c_nomenclature_current,1,1
Номенклатура — current,Вторичное сырьё на крахмал.Кармен.Мелкий,raw.r1c_nomenclature_current,1,1
Номенклатура — current,Вторичное сырьё на крахмал.РедЛеди.Мелкий,raw.r1c_nomenclature_current,1,1
Номенклатура — current,Вторичное сырьё на переработку,raw.r1c_nomenclature_current,1,1
Номенклатура — current,Вторичное сырьё на переработку.ЦВ.Алуэт.Мелкий,raw.r1c_nomenclature_current,1,1
Номенклатура — current,Вторичное сырьё на переработку.ЦВ.Гала.Мелкий,raw.r1c_nomenclature_current,1,1
Номенклатура — current,Вторичное сырьё на переработку.ЦВ.Кармен.Мелкий,raw.r1c_nomenclature_current,1,1
Номенклатура — current,Вторичное сырьё на переработку.ЦВ.РедЛеди.Мелкий,raw.r1c_nomenclature_current,1,1
Номенклатура — current,Вторичное сырьё на переработку.ЦГП.Алуэт.Стандарт ,raw.r1c_nomenclature_current,1,1
Номенклатура — current,Вторичное сырьё на переработку.ЦГП.Гала.Стандарт,raw.r1c_nomenclature_current,1,1
Номенклатура — current,Вторичное сырьё на переработку.ЦГП.Кармен.Стандарт,raw.r1c_nomenclature_current,1,1
Номенклатура — current,Вторичное сырьё на переработку.ЦГП.РедЛеди.Стандарт ,raw.r1c_nomenclature_current,1,1
Номенклатура — current,Вторичное сырьё на продажу.Алуэт.Мелкий.,raw.r1c_nomenclature_current,1,1
Номенклатура — current,Вторичное сырьё на продажу.Алуэт.Стандарт.,raw.r1c_nomenclature_current,1,1
Номенклатура — current,Вторичное сырьё на продажу.Гала.Мелкий.,raw.r1c_nomenclature_current,1,1
Номенклатура — current,Вторичное сырьё на продажу.Гала.Стандарт.,raw.r1c_nomenclature_current,1,1
Номенклатура — current,Вторичное сырьё на продажу.Кармен.Мелкий.,raw.r1c_nomenclature_current,1,1
Номенклатура — current,Вторичное сырьё на продажу.Кармен.Стандарт.,raw.r1c_nomenclature_current,1,1
Номенклатура — current,Вторичное сырьё на продажу.РедЛеди.Мелкий.,raw.r1c_nomenclature_current,1,1
Номенклатура — current,Вторичное сырьё на продажу.РедЛеди.Стандарт.,raw.r1c_nomenclature_current,1,1
Номенклатура — current,Второй просеивающий транспортер SB-UBL 1531-240-35 (Агроникс),raw.r1c_nomenclature_current,1,1
Номенклатура — current,Втулка ,raw.r1c_nomenclature_current,1,1
Номенклатура — current,Втулка  77.31.111,raw.r1c_nomenclature_current,1,1
Номенклатура — current,Втулка  RUM 007769К,raw.r1c_nomenclature_current,1,1
Номенклатура — current,Втулка  К-700,raw.r1c_nomenclature_current,1,1
Номенклатура — current,"Втулка  МТЗ -80,82 распорная оси тяг продол. навески задн.РУП МТЗ 50-4605018-Б",raw.r1c_nomenclature_current,1,1
Номенклатура — current,Втулка  МТЗ БЗТДиА 100-4617114,raw.r1c_nomenclature_current,1,1
Номенклатура — current,Втулка  МТЗ БЗТДиА 70-4605047-01,raw.r1c_nomenclature_current,1,1
Номенклатура — current,Втулка  МТЗ РБ 1520-2308077,raw.r1c_nomenclature_current,1,1
Номенклатура — current,Втулка  МТЗ РЗТЗ  50-2401032,raw.r1c_nomenclature_current,1,1
Номенклатура — current,Втулка  МТЗ промежуточной опоры БЗТДиА ,raw.r1c_nomenclature_current,1,1
Номенклатура — current,Втулка  МТЗ-1221 рулевого пальца РУП МТЗ,raw.r1c_nomenclature_current,1,1
Номенклатура — current,Втулка  большая ДТ-75 (77.30.136А),raw.r1c_nomenclature_current,1,1
Номенклатура — current,Втулка  подшибника БДО-01.802,raw.r1c_nomenclature_current,1,1
Номенклатура — current,Втулка  рулевая шпицевая МТЗ,raw.r1c_nomenclature_current,1,1
Номенклатура — current,Втулка (037.03042),raw.r1c_nomenclature_current,1,1
Номенклатура — current,Втулка (037.03253),raw.r1c_nomenclature_current,1,1
Номенклатура — current,"Втулка (сталь) ф61х90 L=32 сферическая, нейтролизатора",raw.r1c_nomenclature_current,1,1
Номенклатура — current,Втулка 031.02755,raw.r1c_nomenclature_current,1,1
Номенклатура — current,Втулка 2517 TAPER BUSH F60.SIT,raw.r1c_nomenclature_current,1,1
Номенклатура — current,Втулка 33150100,raw.r1c_nomenclature_current,1,1
Номенклатура — current,Втулка 34086600,raw.r1c_nomenclature_current,1,1
Номенклатура — current,Втулка 700. 28.00.023,raw.r1c_nomenclature_current,1,1
Номенклатура — current,Втулка 896.00247,raw.r1c_nomenclature_current,1,1
Номенклатура — current,Втулка LA9238,raw.r1c_nomenclature_current,1,1
Номенклатура — current,Втулка БДН-3.0М.02.00.012-01,raw.r1c_nomenclature_current,1,1
Номенклатура — current,Втулка БДТ,raw.r1c_nomenclature_current,1,1
Номенклатура — current,Втулка БЗ нар. резьба 1/4 Metabo 7803009117,raw.r1c_nomenclature_current,1,1
Номенклатура — current,"Втулка ЗТ-40,А 50.00.007",raw.r1c_nomenclature_current,1,1
Номенклатура — current,Втулка ИЯВТ 104.02.01.000,raw.r1c_nomenclature_current,1,1
Номенклатура — current,"Втулка МТЗ,ЮМЗ бруса (под ось качания) ВОМ",raw.r1c_nomenclature_current,1,1
Номенклатура — current,Втулка Ф80-3405107,raw.r1c_nomenclature_current,1,1
Номенклатура — current,Втулка бруса МТЗ ВЗТЗЧ 40-3001022,raw.r1c_nomenclature_current,1,1
Номенклатура — current,"Втулка бруса МТЗ,Беларусь 40-3001022",raw.r1c_nomenclature_current,1,1
Номенклатура — current,Втулка вала петлителя Фишбейн 100,raw.r1c_nomenclature_current,1,1
Номенклатура — current,Втулка внутренняя,raw.r1c_nomenclature_current,1,1
Номенклатура — current,Втулка закрепительная Н2309,raw.r1c_nomenclature_current,1,1
Номенклатура — current,Втулка коническая Taper Lock/Taper Bush 1610-32,raw.r1c_nomenclature_current,1,1
Номенклатура — current,Втулка коническая Taper Lock/Taper Bush 1610-35,raw.r1c_nomenclature_current,1,1
Номенклатура — current,Втулка малая 77.30.133,raw.r1c_nomenclature_current,1,1
Номенклатура — current,Втулка пальца гидроцилиндра К-700,raw.r1c_nomenclature_current,1,1
Номенклатура — current,Втулка переходная Ф22-Ф24,raw.r1c_nomenclature_current,1,1
Номенклатура — current,Втулка подшипника,raw.r1c_nomenclature_current,1,1
Номенклатура — current,Втулка проходная Ф80-3405102,raw.r1c_nomenclature_current,1,1
Номенклатура — current,Втулка рамы МТЗ ЮМЗ,raw.r1c_nomenclature_current,1,1
Номенклатура — current,Втулка распорная 77.32.117,raw.r1c_nomenclature_current,1,1
Номенклатура — current,Втулка распредвала к/т (3+1+1) 240-1002067/68/69,raw.r1c_nomenclature_current,1,1
Номенклатура — current,Втулка рессорная (1369388080),raw.r1c_nomenclature_current,1,1
Номенклатура — current,Втулка рессоры подвески (15389),raw.r1c_nomenclature_current,1,1
Номенклатура — current,Втулка с буртиком,raw.r1c_nomenclature_current,1,1
Номенклатура — current,"Втулка с буртиком, внешняя",raw.r1c_nomenclature_current,1,1
Номенклатура — current,Втулка стабилизатора (2300038),raw.r1c_nomenclature_current,1,1
Номенклатура — current,Втулка тепербуш 1008-20 мм ,raw.r1c_nomenclature_current,1,1
Номенклатура — current,Втулка тепербуш 1610-35 мм ,raw.r1c_nomenclature_current,1,1
Номенклатура — current,Втулка цапфа верхняя МТЗ,raw.r1c_nomenclature_current,1,1
Номенклатура — current,Втягивающее реле,raw.r1c_nomenclature_current,1,1
Номенклатура — current,Вулкан Инсектицид,raw.r1c_nomenclature_current,1,1
Номенклатура — current,Вулканизатор V4 настольный с 1м нагревательным элементом V4,raw.r1c_nomenclature_current,1,1
Номенклатура — current,Входной щиток справа,raw.r1c_nomenclature_current,1,1
Номенклатура — current,Вывоз условного картофеля,raw.r1c_nomenclature_current,1,1
Номенклатура — current,Выгрузной транспортер 300/400,raw.r1c_nomenclature_current,1,1
Номенклатура — current,Вызывная видеопанель,raw.r1c_nomenclature_current,1,1
Номенклатура — current,Выкл.ДИФ тока (УЗО) 4Р 40А 30мА АС EZ9R34440,raw.r1c_nomenclature_current,1,1
Номенклатура — current,Выключатель,raw.r1c_nomenclature_current,1,1
Номенклатура — current,Выключатель  о/п 1 кл.IP54 ВС20-1-0 10А серия ФОРС ,raw.r1c_nomenclature_current,1,1
Номенклатура — current,Выключатель  о/п 1 кл.IP54 ИЭК ФОРС ,raw.r1c_nomenclature_current,1,1
Номенклатура — current,Выключатель  о/п 2 кл.IP54 ВС20-1-0 10А серия ФОРС ,raw.r1c_nomenclature_current,1,1
Номенклатура — current,Выключатель 1 кл ,raw.r1c_nomenclature_current,1,1
Номенклатура — current,Выключатель 1 кл о/у,raw.r1c_nomenclature_current,1,1
Номенклатура — current,Выключатель 1 кл.ИЭК ФОРС,raw.r1c_nomenclature_current,1,1
Номенклатура — current,Выключатель 1 кл.ОП ФОРС ВС20-1-0 ИЭК,raw.r1c_nomenclature_current,1,1
Номенклатура — current,Выключатель 1-кл. 1п ОП Aquatic 10А IP54 ВС-20-1-0-А сер. IEK,raw.r1c_nomenclature_current,1,1
Номенклатура — current,Выключатель 1-кл. ОП Форс 10А 250А IP54 BC20-1-0-ФСр ИЭК ,raw.r1c_nomenclature_current,1,1
Номенклатура — current,Выключатель 2 кл о/у,raw.r1c_nomenclature_current,1,1
Номенклатура — current,Выключатель 2-клавишный ВА10-002b,raw.r1c_nomenclature_current,1,1
Номенклатура — current,Выключатель НА ВЗМАХ руки(с датчиком движения),raw.r1c_nomenclature_current,1,1
Номенклатура — current,Выключатель ОУ 1кл,raw.r1c_nomenclature_current,1,1
Номенклатура — current,Выключатель УЗО ВД1-63 40А 2Р 30мА,raw.r1c_nomenclature_current,1,1
Номенклатура — current,Выключатель автом. ВА47-60М 1Р 6А 6кА С ИЭК,raw.r1c_nomenclature_current,1,1
Номенклатура — current,"Выключатель автоматический 1п С 10А 4,5кА ВА47-29 ИЭК МVA20-I010-C",raw.r1c_nomenclature_current,1,1
Номенклатура — current,"Выключатель автоматический 1п С 6А 4,5кА ВА47-29 ИЭК МVA20-I006-C",raw.r1c_nomenclature_current,1,1
Номенклатура — current,Выключатель автоматический 3п  125А 35кА ВА-88-35 ИЭК,raw.r1c_nomenclature_current,1,1
Номенклатура — current,"Выключатель автоматический 3п С 10А 4,5кА EASY9 SchE",raw.r1c_nomenclature_current,1,1
Номенклатура — current,Выключатель автоматический ABB SH201L 25A,raw.r1c_nomenclature_current,1,1
Номенклатура — current,Выключатель автоматический dikraft 1п  16A,raw.r1c_nomenclature_current,1,1
Номенклатура — current,Выключатель автоматический ВА 47-29 1/10А,raw.r1c_nomenclature_current,1,1
Номенклатура — current,Выключатель автоматический ВА 47-29 3/16А,raw.r1c_nomenclature_current,1,1
Номенклатура — current,Выключатель автоматический ВА 51-35М2-340010 125А -1500-690АС-УХЛЗ КЭАЗ 108355 ,raw.r1c_nomenclature_current,1,1
Номенклатура — current,Выключатель автоматический ВА 57-35 340010 100А -1250-690А С УХЛЗ КЭАЗ,raw.r1c_nomenclature_current,1,1
Номенклатура — current,Выключатель автоматический ВА 57-39 340010 250А КЭАЗ 109876,raw.r1c_nomenclature_current,1,1
Номенклатура — current,Выключатель автоматический ВА 88-33 125А ИЭК,raw.r1c_nomenclature_current,1,1
Номенклатура — current,Выключатель автоматический ВА 88-35 250А ИЭК,raw.r1c_nomenclature_current,1,1
Номенклатура — current,"Выключатель автоматический ВА47-29 1Р 6А 4,5кА",raw.r1c_nomenclature_current,1,1
Номенклатура — current,Выключатель автоматический ВА5135М2-340010 200А-2500-890АС-УХЛЗ-КЭАЗ 108359,raw.r1c_nomenclature_current,1,1
Номенклатура — current,"Выключатель автоматический для защиты двигателя 0,63-1А",raw.r1c_nomenclature_current,1,1
Номенклатура — current,"Выключатель автоматический для защиты двигателя 1-1,6А",raw.r1c_nomenclature_current,1,1
Номенклатура — current,Выключатель автоматический для защиты двигателя 3п 9.0-14.0А 15кА ВА-431 DEKraft 21230DEK,raw.r1c_nomenclature_current,1,1
Номенклатура — current,Выключатель автоматический для защиты двигателя 6-10А ,raw.r1c_nomenclature_current,1,1
Номенклатура — current,"Выключатель автоматический модульный 3п С 16А 4,5кА ВА-101 DeKraft 11078DEK",raw.r1c_nomenclature_current,1,1
Номенклатура — current,"Выключатель автоматический модульный 3п С 25А 4,5кА ВА-101 DeKraft 11080DEK",raw.r1c_nomenclature_current,1,1
Номенклатура — current,Выключатель автоматический модульный 3п С 40А ,raw.r1c_nomenclature_current,1,1
Номенклатура — current,"Выключатель автоматический модульный 3п С 63А 4,5кА ВА-47-29 ИЭК",raw.r1c_nomenclature_current,1,1
Номенклатура — current,Выключатель автоматический эл С 25А  EASY9 SchE,raw.r1c_nomenclature_current,1,1
Номенклатура — current,Выключатель автомобильный 3 полюс 16А,raw.r1c_nomenclature_current,1,1
Номенклатура — current,Выключатель габаритных огней,raw.r1c_nomenclature_current,1,1
Номенклатура — current,Выключатель дефферинциального тока УЗО АВВ F20AAC 4P 63A 30мА,raw.r1c_nomenclature_current,1,1
Номенклатура — current,"Выключатель заднего хода ГАЗЗ-3110,3302,МТЗ МЭМЗ ВК12-31",raw.r1c_nomenclature_current,1,1
Номенклатура — current,Выключатель защита двиг ПРК 32-10 ИЭК 100,raw.r1c_nomenclature_current,1,1
Номенклатура — current,Выключатель клавишный,raw.r1c_nomenclature_current,1,1
Номенклатура — current,Выключатель кнопочный,raw.r1c_nomenclature_current,1,1
Номенклатура — current,Выключатель конечный (300.84705),raw.r1c_nomenclature_current,1,1
Номенклатура — current,Выключатель массы 318Б,raw.r1c_nomenclature_current,1,1
Номенклатура — current,Выключатель массы ВК-86ОВ 24V,raw.r1c_nomenclature_current,1,1
Номенклатура — current,Выключатель массы дистанцион 12/24В 1212.3737-04,raw.r1c_nomenclature_current,1,1
Номенклатура — current,Выключатель массы дистанционный 12V СОАТЭ 1300.3737,raw.r1c_nomenclature_current,1,1
Номенклатура — current,Выключатель массы дистанционный 1410.3737 24в завод н,raw.r1c_nomenclature_current,1,1
Номенклатура — current,Выключатель массы дистанционный МТЗ 12/24V50А 2-х контактный экран,raw.r1c_nomenclature_current,1,1
Номенклатура — current,Выключатель массы дистанционный МТЗ 12V50А 3-х контактный экран,raw.r1c_nomenclature_current,1,1
Номенклатура — current,Выключатель массы кнопка ЗИЛ-130,raw.r1c_nomenclature_current,1,1
Номенклатура — current,Выключатель нагрузки 3п 100А NH4 R CHNT 398042,raw.r1c_nomenclature_current,1,1
Номенклатура — current,Выключатель света з/х Камаз.ЗИЛ,raw.r1c_nomenclature_current,1,1
Номенклатура — current,Выключатель стола ВК12-51 МТЗ,raw.r1c_nomenclature_current,1,1
Номенклатура — current,Выключатель-разъединитель ВЗ32И-31 В31250 100А ИЭК SRK01-111-100,raw.r1c_nomenclature_current,1,1
Номенклатура — current,Выключатель-разъединитель ВРЗ2И-31 В71250 100А ИЭК SRK01-211-100,raw.r1c_nomenclature_current,1,1
Номенклатура — current,Выколотка 8мм(блистер) 405 АвтоDело,raw.r1c_nomenclature_current,1,1
Номенклатура — current,"Вымпел Стартовые провода 500А 3м,хладост.в сумке 5039",raw.r1c_nomenclature_current,1,1
Номенклатура — current,Вынужденный простой,raw.r1c_nomenclature_current,1,1
Номенклатура — current,Выпускной клапан 836646356,raw.r1c_nomenclature_current,1,1
Номенклатура — current,Выпускной клапан 836646357,raw.r1c_nomenclature_current,1,1
Номенклатура — current,Выравнивающая пластина Р100,raw.r1c_nomenclature_current,1,1
Номенклатура — current,"Вышка Промышленник ВСП 1,2х2,0 h=5,3м ВП1252",raw.r1c_nomenclature_current,1,1
Номенклатура — current,"Вэнди РС1  Сетка-домик 1,5кг. Без полива",raw.r1c_nomenclature_current,1,1
Номенклатура — current,"Вэнди РС1  Сетка-домик 1,5кг. Полив",raw.r1c_nomenclature_current,1,1
Номенклатура — current,Вэнди РС1  Сетка-домик 2кг. Без полива,raw.r1c_nomenclature_current,1,1
Номенклатура — current,Вэнди РС1  Сетка-домик 2кг. Полив,raw.r1c_nomenclature_current,1,1
Номенклатура — current,Вэнди РС1  очищенный в ву 1кг. Без полива,raw.r1c_nomenclature_current,1,1
Номенклатура — current,Вэнди РС1  очищенный в ву 1кг. Полив,raw.r1c_nomenclature_current,1,1
Номенклатура — current,Вэнди РС1  очищенный в ву 5кг. Без полива,raw.r1c_nomenclature_current,1,1
