category,original_name,source_tables,distinct_ids,source_rows
Номенклатура — расширенная,2 сорт Кармен РС3 мелкий полив,raw.r1c_nomenclature,1,1
Номенклатура — расширенная,2 сорт Кармен РС3 стандарт без полива,raw.r1c_nomenclature,1,1
Номенклатура — расширенная,2 сорт Кармен РС3 стандарт полив,raw.r1c_nomenclature,1,1
Номенклатура — расширенная,2 сорт Коломба РС1 мелкий без полива,raw.r1c_nomenclature,1,1
Номенклатура — расширенная,2 сорт Коломба РС1 мелкий полив,raw.r1c_nomenclature,1,1
Номенклатура — расширенная,2 сорт Коломба РС1 стандарт без полива,raw.r1c_nomenclature,1,1
Номенклатура — расширенная,2 сорт Коломба РС1 стандарт полив,raw.r1c_nomenclature,1,1
Номенклатура — расширенная,2 сорт Коломба РС2 мелкий без полива,raw.r1c_nomenclature,1,1
Номенклатура — расширенная,2 сорт Коломба РС2 мелкий полив,raw.r1c_nomenclature,1,1
Номенклатура — расширенная,2 сорт Коломба РС2 стандарт без полива,raw.r1c_nomenclature,1,1
Номенклатура — расширенная,2 сорт Коломба РС2 стандарт полив,raw.r1c_nomenclature,1,1
Номенклатура — расширенная,2 сорт Мадейра РС2 мелкий без полива,raw.r1c_nomenclature,1,1
Номенклатура — расширенная,2 сорт Мадейра РС2 мелкий полив,raw.r1c_nomenclature,1,1
Номенклатура — расширенная,2 сорт Мадейра РС2 стандарт без полива,raw.r1c_nomenclature,1,1
Номенклатура — расширенная,2 сорт Мадейра РС2 стандарт полив,raw.r1c_nomenclature,1,1
Номенклатура — расширенная,2 сорт Северное сияние РС3 мелкий без полива,raw.r1c_nomenclature,1,1
Номенклатура — расширенная,2 сорт Северное сияние РС3 мелкий полив,raw.r1c_nomenclature,1,1
Номенклатура — расширенная,2 сорт Северное сияние РС3 стандарт без полива,raw.r1c_nomenclature,1,1
Номенклатура — расширенная,2 сорт Северное сияние РС3 стандарт полив,raw.r1c_nomenclature,1,1
Номенклатура — расширенная,2 сорт Фламинго РС1 мелкий без полива,raw.r1c_nomenclature,1,1
Номенклатура — расширенная,2 сорт Фламинго РС1 мелкий полив,raw.r1c_nomenclature,1,1
Номенклатура — расширенная,2 сорт Фламинго РС1 стандарт без полива,raw.r1c_nomenclature,1,1
Номенклатура — расширенная,2 сорт Фламинго РС1 стандарт полив,raw.r1c_nomenclature,1,1
Номенклатура — расширенная,"790 GX 100/500,ирригатор катушечный",raw.r1c_nomenclature,1,1
Номенклатура — расширенная,<Рабочее наименование будет сформировано по шаблону>,raw.r1c_nomenclature,1,1
Номенклатура — расширенная,"IP-камера цилиндрическая  DS-1200 С (2,8мм)",raw.r1c_nomenclature,1,1
Номенклатура — расширенная,"IP-телекамера  DS-1200В (2,8мм)",raw.r1c_nomenclature,1,1
Номенклатура — расширенная,IP-телекамера  DS-1200В (4мм),raw.r1c_nomenclature,1,1
Номенклатура — расширенная,IP-телекамера  DS-1400 (4мм),raw.r1c_nomenclature,1,1
Номенклатура — расширенная,IP-телекамера  DS-1400 (6мм),raw.r1c_nomenclature,1,1
Номенклатура — расширенная,IP-телекамера  DS-1456,raw.r1c_nomenclature,1,1
Номенклатура — расширенная,IP-телекамера уличная  DS-1450 (6мм),raw.r1c_nomenclature,1,1
Номенклатура — расширенная,Ippon Back Basic 1050(403407) ИБП,raw.r1c_nomenclature,1,1
Номенклатура — расширенная,ParLan UUTP Cat5e 4*20*0.52 PVC,raw.r1c_nomenclature,1,1
Номенклатура — расширенная,АКБ Тюмень 60А/Ч,raw.r1c_nomenclature,1,1
Номенклатура — расширенная,АМКО Универсал 12-12-36+ТЕ ,raw.r1c_nomenclature,1,1
Номенклатура — расширенная,АМКО Универсал 20-20-20+ТЕ ,raw.r1c_nomenclature,1,1
Номенклатура — расширенная,АОС E2270SWN 21.5*монитор,raw.r1c_nomenclature,1,1
Номенклатура — расширенная,АПК_Погрузочно-разгрузочные работы,raw.r1c_nomenclature,1,1
Номенклатура — расширенная,АРХИВ,raw.r1c_nomenclature,1,1
Номенклатура — расширенная,Абига-Пик Инсектицид ,raw.r1c_nomenclature,1,1
Номенклатура — расширенная,Абонентский терминал УМКа302.BС2,raw.r1c_nomenclature,1,1
Номенклатура — расширенная,Абонентский терминал УМКа310.BR,raw.r1c_nomenclature,1,1
Номенклатура — расширенная,Абонирование ячейки абонементного почтового шкафа,raw.r1c_nomenclature,1,1
Номенклатура — расширенная,Абруста Инсектицид ,raw.r1c_nomenclature,1,1
Номенклатура — расширенная,Аваксс Инсектицид ,raw.r1c_nomenclature,1,1
Номенклатура — расширенная,Авант Инсектицид ,raw.r1c_nomenclature,1,1
Номенклатура — расширенная,Авиаль Инсектицид ,raw.r1c_nomenclature,1,1
Номенклатура — расширенная,Автолампа H7 Bosch,raw.r1c_nomenclature,1,1
Номенклатура — расширенная,"Автоматическая сеткозашивочная машина R-2 (вибрация горловины,вибрация мешка0",raw.r1c_nomenclature,1,1
Номенклатура — расширенная,"Автоматическая упаковочная машина для упаковки типа ""домик"" SP M-3000",raw.r1c_nomenclature,1,1
Номенклатура — расширенная,Автоматический выключатель 2-х полосный,raw.r1c_nomenclature,1,1
Номенклатура — расширенная,"Автопилот СНС, NX510SE",raw.r1c_nomenclature,1,1
Номенклатура — расширенная,"Автошина 245/70R16 Salun ""ш""",raw.r1c_nomenclature,1,1
Номенклатура — расширенная,Автошина 420/70R24 NORTEC AC 200 TL,raw.r1c_nomenclature,1,1
Номенклатура — расширенная,Автошина Агро 150D/153АВ  TL AGRO RAD,raw.r1c_nomenclature,1,1
Номенклатура — расширенная,Автошина Агро 170D/173АВ  TL AGRO RAD,raw.r1c_nomenclature,1,1
Номенклатура — расширенная,Автошина КАМА 185/75 R16C,raw.r1c_nomenclature,1,1
Номенклатура — расширенная,Автошина КАМА 225/70 R15C,raw.r1c_nomenclature,1,1
Номенклатура — расширенная,Автошина КОРДИАНТ 225/70/15 G112|110C Бизнес CW-2 Ш,raw.r1c_nomenclature,1,1
Номенклатура — расширенная,Автошина КОРДИАНТ 225/70/15 G112|110C Бизнес CА-1,raw.r1c_nomenclature,1,1
Номенклатура — расширенная,Автошина710/70R38 NORTEC TA-01 инд.166/169 TL Пов.,raw.r1c_nomenclature,1,1
Номенклатура — расширенная,Агент Инсектицид ,raw.r1c_nomenclature,1,1
Номенклатура — расширенная,Агентское вознагрождение,raw.r1c_nomenclature,1,1
Номенклатура — расширенная,"Агрегатирование, наладка комбайна",raw.r1c_nomenclature,1,1
Номенклатура — расширенная,Агрегатироование ,raw.r1c_nomenclature,1,1
Номенклатура — расширенная,Агротех-Гарант-Альтин Инсектицид ,raw.r1c_nomenclature,1,1
Номенклатура — расширенная,Адаптер СНС для Lovol Most models,raw.r1c_nomenclature,1,1
Номенклатура — расширенная,"Адаптер котла н.з.+н.м. 0,8 мм 300/200 (конденсат)",raw.r1c_nomenclature,1,1
Номенклатура — расширенная,Адванс Инсектицид ,raw.r1c_nomenclature,1,1
Номенклатура — расширенная,Адексар Инсектицид ,raw.r1c_nomenclature,1,1
Номенклатура — расширенная,Административная перевозка,raw.r1c_nomenclature,1,1
Номенклатура — расширенная,Адью Ж гербицид,raw.r1c_nomenclature,1,1
Номенклатура — расширенная,Азорит Инсектицид ,raw.r1c_nomenclature,1,1
Номенклатура — расширенная,Азорро Инсектицид ,raw.r1c_nomenclature,1,1
Номенклатура — расширенная,Азотные удобрения (N),raw.r1c_nomenclature,1,1
Номенклатура — расширенная,Азотофосфат NP 33.2,raw.r1c_nomenclature,1,1
Номенклатура — расширенная,Азофоска (нитроаммофоска) NPKS 21.12.12.3,raw.r1c_nomenclature,1,1
Номенклатура — расширенная,Айвенго Инсектицид ,raw.r1c_nomenclature,1,1
Номенклатура — расширенная,Аканто Плюс Инсектицид ,raw.r1c_nomenclature,1,1
Номенклатура — расширенная,Акарин Инсектицид,raw.r1c_nomenclature,1,1
Номенклатура — расширенная,Акварин № 12 (12:12:35:1)20кг,raw.r1c_nomenclature,1,1
Номенклатура — расширенная,Акварин №5 (18-18-18-2)20кг,raw.r1c_nomenclature,1,1
Номенклатура — расширенная,Акиба Инсектицид,raw.r1c_nomenclature,1,1
Номенклатура — расширенная,Аккорд Инсектицид,raw.r1c_nomenclature,1,1
Номенклатура — расширенная,Аккумулятор AFA 100Ач 830А обратный,raw.r1c_nomenclature,1,1
Номенклатура — расширенная,Аккумулятор AFA 91Ач 740А обратный,raw.r1c_nomenclature,1,1
Номенклатура — расширенная,Аккумулятор EXCLUSVE 190 А/ч под болт 6СТ190,raw.r1c_nomenclature,1,1
Номенклатура — расширенная,Аккумулятор KAR H4,raw.r1c_nomenclature,1,1
Номенклатура — расширенная,Аккумулятор KARHU 190Ач 6СТ190,raw.r1c_nomenclature,1,1
Номенклатура — расширенная,Аккумулятор герметичный свинцово-кислотный 12В 12Ач,raw.r1c_nomenclature,1,1
Номенклатура — расширенная,"Акробат МЦ, ВДГ (600+90г/кг)",raw.r1c_nomenclature,1,1
Номенклатура — расширенная,Актара 041-01-170-1 Инсектицид,raw.r1c_nomenclature,1,1
Номенклатура — расширенная,Актара 2083-10-101-018-0-1-1-1 Инсектицид,raw.r1c_nomenclature,1,1
Номенклатура — расширенная,Активная пена для бесконтактной мойки,raw.r1c_nomenclature,1,1
Номенклатура — расширенная,Алатар Инсектицид,raw.r1c_nomenclature,1,1
Номенклатура — расширенная,Алиос Инсектицид,raw.r1c_nomenclature,1,1
Номенклатура — расширенная,Алиот Инсектицид,raw.r1c_nomenclature,1,1
Номенклатура — расширенная,Алирин-Б 1449-09-107-214(215)-0-0-3-0 Инсектицид,raw.r1c_nomenclature,1,1
Номенклатура — расширенная,Алирин-Б 2117-10-307-214(215)(434)-0-0-3-0 Инсектицид,raw.r1c_nomenclature,1,1
Номенклатура — расширенная,АлтАльф Инсектицид,raw.r1c_nomenclature,1,1
Номенклатура — расширенная,Алтын Инсектицид,raw.r1c_nomenclature,1,1
Номенклатура — расширенная,Альбит Инсектицид,raw.r1c_nomenclature,1,1
Номенклатура — расширенная,Алькасар Инсектицид,raw.r1c_nomenclature,1,1
Номенклатура — расширенная,Алькор Инсектицид,raw.r1c_nomenclature,1,1
Номенклатура — расширенная,Алькор Супер Инсектицид,raw.r1c_nomenclature,1,1
Номенклатура — расширенная,Альпари Инсектицид,raw.r1c_nomenclature,1,1
Номенклатура — расширенная,Альтазол Инсектицид,raw.r1c_nomenclature,1,1
Номенклатура — расширенная,Альто Супер Инсектицид,raw.r1c_nomenclature,1,1
Номенклатура — расширенная,Альто Турбо Инсектицид,raw.r1c_nomenclature,1,1
Номенклатура — расширенная,Альтруист Инсектицид,raw.r1c_nomenclature,1,1
Номенклатура — расширенная,Альтрум Супер Инсектицид,raw.r1c_nomenclature,1,1
Номенклатура — расширенная,Альфа Ринг Инсектицид,raw.r1c_nomenclature,1,1
Номенклатура — расширенная,Альфа Феникс Инсектицид,raw.r1c_nomenclature,1,1
Номенклатура — расширенная,Альфа-Амиприд Инсектицид,raw.r1c_nomenclature,1,1
Номенклатура — расширенная,Альфа-Директор Инсектицид,raw.r1c_nomenclature,1,1
Номенклатура — расширенная,Альфа-Протравитель Инсектицид,raw.r1c_nomenclature,1,1
Номенклатура — расширенная,Альфа-Серф Инсектицид,raw.r1c_nomenclature,1,1
Номенклатура — расширенная,Альфа-Ципи Инсектицид,raw.r1c_nomenclature,1,1
Номенклатура — расширенная,Альфабел Инсектицид,raw.r1c_nomenclature,1,1
Номенклатура — расширенная,Альфаплан Инсектицид,raw.r1c_nomenclature,1,1
Номенклатура — расширенная,Альфас Инсектицид,raw.r1c_nomenclature,1,1
Номенклатура — расширенная,Альфацин Инсектицид,raw.r1c_nomenclature,1,1
Номенклатура — расширенная,Альфашанс Инсектицид,raw.r1c_nomenclature,1,1
Номенклатура — расширенная,Аминомакс Nca 12.6,raw.r1c_nomenclature,1,1
Номенклатура — расширенная,Амистар Трио Инсектицид,raw.r1c_nomenclature,1,1
Номенклатура — расширенная,Амистар Экстра Инсектицид,raw.r1c_nomenclature,1,1
Номенклатура — расширенная,Аммиачная вода (водный аммиак) N 33,raw.r1c_nomenclature,1,1
Номенклатура — расширенная,Аммиачная селитра,raw.r1c_nomenclature,1,1
Номенклатура — расширенная,"Аммиачная селитра, марка Б, сорт высший, МКР",raw.r1c_nomenclature,1,1
Номенклатура — расширенная,Аммофос NP 12.52,raw.r1c_nomenclature,1,1
Номенклатура — расширенная,Амортизатор задний ASTION,raw.r1c_nomenclature,1,1
Номенклатура — расширенная,Амортизатор с втулкой HG004,raw.r1c_nomenclature,1,1
Номенклатура — расширенная,Амплиго Инсектицид,raw.r1c_nomenclature,1,1
Номенклатура — расширенная,Анемон Инсектицид,raw.r1c_nomenclature,1,1
Номенклатура — расширенная,Анкер М10х95,raw.r1c_nomenclature,1,1
Номенклатура — расширенная,Анкер Трио Инсектицид,raw.r1c_nomenclature,1,1
Номенклатура — расширенная,Анкер м,raw.r1c_nomenclature,1,1
Номенклатура — расширенная,Анкерный болт с гайкой М10*100,raw.r1c_nomenclature,1,1
Номенклатура — расширенная,Ансамбль Инсектицид,raw.r1c_nomenclature,1,1
Номенклатура — расширенная,Антигололед 20кг,raw.r1c_nomenclature,1,1
Номенклатура — расширенная,Антитлин Инсектицид,raw.r1c_nomenclature,1,1
Номенклатура — расширенная,Антифриз,raw.r1c_nomenclature,1,1
Номенклатура — расширенная,АпаСил,raw.r1c_nomenclature,1,1
Номенклатура — расширенная,Апачи Инсектицид,raw.r1c_nomenclature,1,1
Номенклатура — расширенная,Апирой,raw.r1c_nomenclature,1,1
Номенклатура — расширенная,Аппарат промывки и удаления камней барабанного типа,raw.r1c_nomenclature,1,1
Номенклатура — расширенная,Аппарат стационарный настенный MLC-C 1915P,raw.r1c_nomenclature,1,1
Номенклатура — расширенная,Апрон XL Инсектицид,raw.r1c_nomenclature,1,1
Номенклатура — расширенная,Аптечка для ремонта покрышек и камер,raw.r1c_nomenclature,1,1
Номенклатура — расширенная,Аренда,raw.r1c_nomenclature,2,2
Номенклатура — расширенная,Аренда движимого имущества,raw.r1c_nomenclature,1,1
Номенклатура — расширенная,Аренда зем. участка 493 и 30992,raw.r1c_nomenclature,1,1
Номенклатура — расширенная,Аренда земельного участка 203 и 30990,raw.r1c_nomenclature,1,1
Номенклатура — расширенная,Аренда земельного участка 50:30:0020309:415,raw.r1c_nomenclature,1,1
Номенклатура — расширенная,Аренда земельного участка 50:30:0050305:493,raw.r1c_nomenclature,1,1
Номенклатура — расширенная,Аренда земельного участка с кадастровым номером 50:30:0020309:415 площадью 43 га  ,raw.r1c_nomenclature,1,1
Номенклатура — расширенная,Аренда земли,raw.r1c_nomenclature,1,1
Номенклатура — расширенная,Аренда манипулятора,raw.r1c_nomenclature,1,1
Номенклатура — расширенная,Аренда помещения,raw.r1c_nomenclature,1,1
Номенклатура — расширенная,Аренда помещения под хранение оборудования,raw.r1c_nomenclature,1,1
Номенклатура — расширенная,Аренда участка пощадь 35 га кадастровый № 50:30:0020309:415,raw.r1c_nomenclature,1,1
Номенклатура — расширенная,Аренда хранилища,raw.r1c_nomenclature,1,1
Номенклатура — расширенная,Армин Инсектицид,raw.r1c_nomenclature,1,1
Номенклатура — расширенная,Арриво Инсектицид,raw.r1c_nomenclature,1,1
Номенклатура — расширенная,Аспид Инсектицид,raw.r1c_nomenclature,1,1
Номенклатура — расширенная,Атлант Инсектицид,raw.r1c_nomenclature,1,1
Номенклатура — расширенная,Атлант Супер Инсектицид,raw.r1c_nomenclature,1,1
Номенклатура — расширенная,Атом Инсектицид,raw.r1c_nomenclature,1,1
Номенклатура — расширенная,Атрикс Инсектицид,raw.r1c_nomenclature,1,1
Номенклатура — расширенная,Аттик Инсектицид,raw.r1c_nomenclature,1,1
Номенклатура — расширенная,"Аудит по охране труда, контролю мер пожарной безопасности, электробезопасности ",raw.r1c_nomenclature,1,1
Номенклатура — расширенная,Аутсорсинговые работы производства Переборка картофеля,raw.r1c_nomenclature,1,1
Номенклатура — расширенная,Аутсорсинговые работы производства Сортировка картофеля,raw.r1c_nomenclature,1,1
Номенклатура — расширенная,Аутсорсинговые работы производства Фасовка картофеля в мешки,raw.r1c_nomenclature,1,1
Номенклатура — расширенная,БФТИМ КС-2 Инсектицид,raw.r1c_nomenclature,1,1
Номенклатура — расширенная,Байзафон Инсектицид,raw.r1c_nomenclature,1,1
Номенклатура — расширенная,Байлетон Инсектицид,raw.r1c_nomenclature,1,1
Номенклатура — расширенная,Бак 45л полипропилен d=42см h=57см с крышкой для пищевых продуктов,raw.r1c_nomenclature,1,1
Номенклатура — расширенная,Бак на 24 литра,raw.r1c_nomenclature,1,1
Номенклатура — расширенная,Бак пластиковый с крышкой 60 литров,raw.r1c_nomenclature,1,1
Номенклатура — расширенная,Бак пластиковый с крышкой 80 литров,raw.r1c_nomenclature,1,1
Номенклатура — расширенная,Баксис Инсектицид,raw.r1c_nomenclature,1,1
Номенклатура — расширенная,Бактофит 1277-08-307-071-0-0-3-0 Инсектицид,raw.r1c_nomenclature,1,1
Номенклатура — расширенная,Бактофит 2389-12-307-071-0-0-3-1 Инсектицид,raw.r1c_nomenclature,1,1
Номенклатура — расширенная,"Балий, КМЭ Фунгицид ",raw.r1c_nomenclature,1,1
Номенклатура — расширенная,Балинт Инсектицид,raw.r1c_nomenclature,1,1
Номенклатура — расширенная,"Балка (б/у) 2700мм, ГТС",raw.r1c_nomenclature,1,1
Номенклатура — расширенная,Балка 1800/2100 (120.1.5 ),raw.r1c_nomenclature,1,1
Номенклатура — расширенная,Балка 2700/3250 (150.2.0 ),raw.r1c_nomenclature,1,1
Номенклатура — расширенная,Балка 2700мм,raw.r1c_nomenclature,1,1
Номенклатура — расширенная,Балка 2800/3300 (150.2.0 ),raw.r1c_nomenclature,1,1
Номенклатура — расширенная,Балка 3600мм,raw.r1c_nomenclature,1,1
Номенклатура — расширенная,Баллон с ацетеленом 5кг,raw.r1c_nomenclature,1,1
Номенклатура — расширенная,Баллон с кислородом 40л,raw.r1c_nomenclature,1,1
Номенклатура — расширенная,Балтик Роуз РС2 грязный сетка 2кг. Полив,raw.r1c_nomenclature,1,1
Номенклатура — расширенная,Балтик Роуз РС3 мытый Сетка-домик 3кг Полив,raw.r1c_nomenclature,1,1
Номенклатура — расширенная,"Балтик РоузРС4 Красный Беби Мытый Сетка домик1,5 кг.",raw.r1c_nomenclature,1,1
Номенклатура — расширенная,Балтик РоузРС4 Красный Беби Мытый Сетка домик2 кг.,raw.r1c_nomenclature,1,1
Номенклатура — расширенная,Балтик РоузРС4 Красный Беби Мытый Сетка на рулоне25 кг.,raw.r1c_nomenclature,1,1
Номенклатура — расширенная,Балтик РоузРС4 Красный Грязный  Биг-бэг1000 кг.,raw.r1c_nomenclature,1,1
Номенклатура — расширенная,"Балтик РоузРС4 Красный Грязный  Сетка на рулоне2,5 кг.",raw.r1c_nomenclature,1,1
Номенклатура — расширенная,Балтик РоузРС4 Красный Грязный  Сетка на рулоне25 кг.,raw.r1c_nomenclature,1,1
Номенклатура — расширенная,Балтик РоузРС4 Красный Грязный  Сетка на рулоне3 кг.,raw.r1c_nomenclature,1,1
Номенклатура — расширенная,Балтик РоузРС4 Красный Грязный  Сетка на рулоне5 кг.,raw.r1c_nomenclature,1,1
Номенклатура — расширенная,"Балтик РоузРС4 Красный Грязный 35-50 Сетка на рулоне2,5 кг.",raw.r1c_nomenclature,1,1
Номенклатура — расширенная,"Балтик РоузРС4 Красный Мытый  Сетка домик2,5 кг.",raw.r1c_nomenclature,1,1
Номенклатура — расширенная,Балтик РоузРС4 Красный Мытый  Сетка домик3 кг.,raw.r1c_nomenclature,1,1
Номенклатура — расширенная,Балтик РоузРС4 Красный Мытый  Сетка на рулоне25 кг.,raw.r1c_nomenclature,1,1
Номенклатура — расширенная,"Бальзам ""АпиМакс""",raw.r1c_nomenclature,1,1
Номенклатура — расширенная,Бампер 34664300,raw.r1c_nomenclature,1,1
Номенклатура — расширенная,Бампер Инсектицид,raw.r1c_nomenclature,1,1
Номенклатура — расширенная,Банко Инсектицид,raw.r1c_nomenclature,1,1
Номенклатура — расширенная,Барабанная картофелечистка,raw.r1c_nomenclature,1,1
Номенклатура — расширенная,Баргузин 600 Инсектицид,raw.r1c_nomenclature,1,1
Номенклатура — расширенная,Баритон Инсектицид,raw.r1c_nomenclature,1,1
Номенклатура — расширенная,Барьер Колор Инсектицид,raw.r1c_nomenclature,1,1
Номенклатура — расширенная,"Бачок омывателя ВАЗ-21213,ГАЗ-2705,3302 НО в сбору Полимер",raw.r1c_nomenclature,1,1
Номенклатура — расширенная,"Башмак (литой) ПЛН-3,4.5 (35см) Р33 ПЛЕ21.100",raw.r1c_nomenclature,1,1
Номенклатура — расширенная,Белт Инсектицид,raw.r1c_nomenclature,1,1
Номенклатура — расширенная,Беназол Инсектицид,raw.r1c_nomenclature,1,1
Номенклатура — расширенная,Бенефис Инсектицид,raw.r1c_nomenclature,1,1
Номенклатура — расширенная,Бензин,raw.r1c_nomenclature,1,1
Номенклатура — расширенная,Беномил 500 Инсектицид,raw.r1c_nomenclature,1,1
Номенклатура — расширенная,Бенорад Инсектицид,raw.r1c_nomenclature,1,1
Номенклатура — расширенная,Би-58 Новый Инсектицид,raw.r1c_nomenclature,1,1
Номенклатура — расширенная,Биг бэги,raw.r1c_nomenclature,1,1
Номенклатура — расширенная,Биг-бэг 90*90*170 см ,raw.r1c_nomenclature,1,1
Номенклатура — расширенная,"Биг-бэг 95*95*170 см 4 ст верх открывание, низ-люк б/у(мягкий контейнер)",raw.r1c_nomenclature,1,1
Номенклатура — расширенная,Бинадин Инсектицид,raw.r1c_nomenclature,1,1
Номенклатура — расширенная,Бином Инсектицид,raw.r1c_nomenclature,1,1
Номенклатура — расширенная,Биоcтоп Инсектицид,raw.r1c_nomenclature,1,1
Номенклатура — расширенная,Биодукс 10мл.Ж,raw.r1c_nomenclature,1,1
Номенклатура — расширенная,Биокилл Инсектицид,raw.r1c_nomenclature,1,1
Номенклатура — расширенная,Биопрепарат Биокомплекс БТУ  1 марка,raw.r1c_nomenclature,1,1
Номенклатура — расширенная,Биопрепарат Биокомплекс БТУ (Микофренд)  1 марка,raw.r1c_nomenclature,1,1
Номенклатура — расширенная,Биопрепарат Биокомплекс БТУ (Микохелп)  1 марка,raw.r1c_nomenclature,1,1
Номенклатура — расширенная,Биопрепарат Биокомплекс БТУ (Фитохелл) 1 марка,raw.r1c_nomenclature,1,1
Номенклатура — расширенная,Биопрепарат Биокомплекс БТУ (универсальный)  1 марка,raw.r1c_nomenclature,1,1
Номенклатура — расширенная,Биопрепарат Биокомплекс БТУ Органик баланс 1 марка,raw.r1c_nomenclature,1,1
Номенклатура — расширенная,Биотлин Бау Инсектицид,raw.r1c_nomenclature,1,1
Номенклатура — расширенная,Биофунгицид Фитоспорин-АС.Ж,raw.r1c_nomenclature,1,1
Номенклатура — расширенная,БисолбиСан Инсектицид,raw.r1c_nomenclature,1,1
Номенклатура — расширенная,"БисолбиСан, Ж Биофунгицид (микробиологический препарат)",raw.r1c_nomenclature,1,1
Номенклатура — расширенная,"Бит 90,Ж Адьювант (прилипатель) ",raw.r1c_nomenclature,1,1
Номенклатура — расширенная,Битоксибациллин Инсектицид,raw.r1c_nomenclature,1,1
Номенклатура — расширенная,"Бицепс Гарант, КЭ Гербицид ",raw.r1c_nomenclature,1,1
Номенклатура — расширенная,Бишка Инсектицид,raw.r1c_nomenclature,1,1
Номенклатура — расширенная,Блок ЕЕМ2 (836869357),raw.r1c_nomenclature,1,1
Номенклатура — расширенная,Блок управления отопителем ГАЗ-3302 Бизнес Автокомплект 2705-8121020-20,raw.r1c_nomenclature,1,1
Номенклатура — расширенная,Бобовые,raw.r1c_nomenclature,1,1
Номенклатура — расширенная,Бокс О/У на 4 автомата,raw.r1c_nomenclature,1,1
Номенклатура — расширенная,Боксер КЭ,raw.r1c_nomenclature,1,1
Номенклатура — расширенная,Болт М 5х40,raw.r1c_nomenclature,1,1
Номенклатура — расширенная,Болт М 8*30,raw.r1c_nomenclature,1,1
Номенклатура — расширенная,Болт М12*45 лемеха ГОСТ 7786,raw.r1c_nomenclature,1,1
Номенклатура — расширенная,Болт М12*70,raw.r1c_nomenclature,1,1
Номенклатура — расширенная,Болт М16*100 кл.пр10.9,raw.r1c_nomenclature,1,1
Номенклатура — расширенная,Болт М16*40,raw.r1c_nomenclature,1,1
Номенклатура — расширенная,Болт кардана (к-т),raw.r1c_nomenclature,1,1
Номенклатура — расширенная,Болт карданного ЗИЛ вала М14х40+гайка,raw.r1c_nomenclature,1,1
Номенклатура — расширенная,Болт плужный М12х80 + гайка,raw.r1c_nomenclature,1,1
Номенклатура — расширенная,Болт поворотного угольника А 12.01.013-02Д18.051,raw.r1c_nomenclature,1,1
Номенклатура — расширенная,"Болт полная резьба,цинк DIN 933 BZ 10*65",raw.r1c_nomenclature,1,1
Номенклатура — расширенная,"Болт полная резьба,цинк DIN 933 BZ 12*30",raw.r1c_nomenclature,1,1
Номенклатура — расширенная,"Болт полная резьба,цинк DIN 933 BZ 12*50",raw.r1c_nomenclature,1,1
Номенклатура — расширенная,"Болт полная резьба,цинк DIN 933 BZ 14*60",raw.r1c_nomenclature,1,1
Номенклатура — расширенная,"Болт полная резьба,цинк DIN 933 BZ 16*40",raw.r1c_nomenclature,1,1
Номенклатура — расширенная,"Болт полная резьба,цинк DIN 933 BZ 16*60",raw.r1c_nomenclature,1,1
Номенклатура — расширенная,"Болт полная резьба,цинк DIN 933 BZ 6*30",raw.r1c_nomenclature,1,1
Номенклатура — расширенная,"Болт полная резьба,цинк DIN 933 BZ 6*50",raw.r1c_nomenclature,1,1
Номенклатура — расширенная,"Болт полная резьба,цинк DIN 933 BZ 8*50",raw.r1c_nomenclature,1,1
Номенклатура — расширенная,"Болт полная резьба,цинк DIN 933 BZ 8*70",raw.r1c_nomenclature,1,1
Номенклатура — расширенная,Бонтима Инсектицид,raw.r1c_nomenclature,1,1
Номенклатура — расширенная,Борей Инсектицид,raw.r1c_nomenclature,1,1
Номенклатура — расширенная,Борей Нео Инсектицид,raw.r1c_nomenclature,1,1
Номенклатура — расширенная,"Борей Нео, СК Инсектицид",raw.r1c_nomenclature,1,1
Номенклатура — расширенная,Боро-Н NB 3.11,raw.r1c_nomenclature,1,1
Номенклатура — расширенная,Боронование ,raw.r1c_nomenclature,1,1
Номенклатура — расширенная,Бочка 65 л,raw.r1c_nomenclature,1,1
Номенклатура — расширенная,Бочка 65л,raw.r1c_nomenclature,1,1
Номенклатура — расширенная,Бочка металлическая 200л,raw.r1c_nomenclature,1,1
Номенклатура — расширенная,Бочка пластиковая 227 л,raw.r1c_nomenclature,1,1
Номенклатура — расширенная,Бочки,raw.r1c_nomenclature,1,1
Номенклатура — расширенная,Браво Инсектицид,raw.r1c_nomenclature,1,1
Номенклатура — расширенная,Брасситрел  Yara Vita П ,raw.r1c_nomenclature,1,1
Номенклатура — расширенная,Брейк Инсектицид,raw.r1c_nomenclature,1,1
Номенклатура — расширенная,Брендированный,raw.r1c_nomenclature,1,1
Номенклатура — расширенная,Броадер Инсектицид,raw.r1c_nomenclature,1,1
Номенклатура — расширенная,Брус передний МТЗ,raw.r1c_nomenclature,1,1
Номенклатура — расширенная,Буксировка техники,raw.r1c_nomenclature,1,1
Номенклатура — расширенная,Буксировка техники_,raw.r1c_nomenclature,1,1
Номенклатура — расширенная,Бункер Инсектицид,raw.r1c_nomenclature,1,1
Номенклатура — расширенная,Бункер модульный ВМ-2525-2 (Каскада 6шт инвертор),raw.r1c_nomenclature,1,1
Номенклатура — расширенная,Бункер накопительный БНБ1,raw.r1c_nomenclature,1,1
Номенклатура — расширенная,Бункер накопительный БНБ1 (УТ-00000907),raw.r1c_nomenclature,1,1
Номенклатура — расширенная,Бункер накопительный БНБ6,raw.r1c_nomenclature,1,1
Номенклатура — расширенная,Бункер подающий БПБ2,raw.r1c_nomenclature,1,1
Номенклатура — расширенная,Бункер подающий БПБ6,raw.r1c_nomenclature,1,1
Номенклатура — расширенная,Бунчук Инсектицид,raw.r1c_nomenclature,1,1
Номенклатура — расширенная,Бурение и обустройство  скважины,raw.r1c_nomenclature,1,1
Номенклатура — расширенная,Бусидо Инсектицид,raw.r1c_nomenclature,1,1
Номенклатура — расширенная,Бутыль 19л,raw.r1c_nomenclature,1,1
Номенклатура — расширенная,Бухгалтерское сопровождение,raw.r1c_nomenclature,1,1
Номенклатура — расширенная,ВЗО,raw.r1c_nomenclature,1,1
Номенклатура — расширенная,ВЗО 2024,raw.r1c_nomenclature,1,1
Номенклатура — расширенная,ВЗО 2025,raw.r1c_nomenclature,1,1
Номенклатура — расширенная,ВЗО 2026,raw.r1c_nomenclature,1,1
Номенклатура — расширенная,Вайбранс Интеграл 041-01-1754-1 Инсектицид,raw.r1c_nomenclature,1,1
Номенклатура — расширенная,Вайбранс Интеграл 041-02-1753-1 Инсектицид,raw.r1c_nomenclature,1,1
Номенклатура — расширенная,Вайбранс Топ КС  Инсектицид,raw.r1c_nomenclature,1,1
Номенклатура — расширенная,Ваккумированный,raw.r1c_nomenclature,4,4
Номенклатура — расширенная,Вакумный пакет ПЭТ/ПЭ  размер 350х500,raw.r1c_nomenclature,1,1
Номенклатура — расширенная,Вакумный пакет ПЭТ/ПЭ 100мм размер 240х300,raw.r1c_nomenclature,1,1
Номенклатура — расширенная,Вал 34569100,raw.r1c_nomenclature,1,1
Номенклатура — расширенная,Вал Z20 33656300,raw.r1c_nomenclature,1,1
Номенклатура — расширенная,Вал МТЗ тормозной 38мм БЗТДиА 70-3504055-01,raw.r1c_nomenclature,1,1
Номенклатура — расширенная,Вал ППМ-24.000.СБ,raw.r1c_nomenclature,1,1
Номенклатура — расширенная,Вал ведущий бункера КСП-25 (в сборе),raw.r1c_nomenclature,1,1
Номенклатура — расширенная,Вал вертикальный МТЗ 80,raw.r1c_nomenclature,1,1
Номенклатура — расширенная,Вал для ТП-50,raw.r1c_nomenclature,1,1
Номенклатура — расширенная,Вал карданный 5276-080-800.00  6*8 шп.,raw.r1c_nomenclature,1,1
Номенклатура — расширенная,"Вал карданный КПП К-701,К-744(701.22.08.000-2)",raw.r1c_nomenclature,1,1
Номенклатура — расширенная,Вал рулевой в сборе,raw.r1c_nomenclature,1,1
Номенклатура — расширенная,Вальцовый калибровщик ВСК-6-1200,raw.r1c_nomenclature,1,1
Номенклатура — расширенная,Вантекс Инсектицид,raw.r1c_nomenclature,1,1
Номенклатура — расширенная,"Варросан, 10 пол",raw.r1c_nomenclature,1,1
Номенклатура — расширенная,Вега Инсектицид,raw.r1c_nomenclature,1,1
Номенклатура — расширенная,"Вега РС2 грязный 2,5 кг. (эконом)",raw.r1c_nomenclature,1,1
Номенклатура — расширенная,Вега РС2 грязный Сетка на рулоне 25кг Полив,raw.r1c_nomenclature,1,1
Номенклатура — расширенная,Вега РС2 мытый 1кг (бэби),raw.r1c_nomenclature,1,1
Номенклатура — расширенная,Вега РС2 мытый 2кг.(бэби),raw.r1c_nomenclature,1,1
Номенклатура — расширенная,Вега РС2 мытый 3кг.,raw.r1c_nomenclature,1,1
Номенклатура — расширенная,Вега РС2 мытый Сетка 25кг. Полив,raw.r1c_nomenclature,1,1
Номенклатура — расширенная,"ВегаРС3 Белый Беби Мытый Сетка домик1,5 кг.",raw.r1c_nomenclature,1,1
Номенклатура — расширенная,ВегаРС3 Белый Беби Мытый Сетка домик2 кг.,raw.r1c_nomenclature,1,1
Номенклатура — расширенная,ВегаРС3 Белый Беби Мытый Сетка на рулоне25 кг.,raw.r1c_nomenclature,1,1
Номенклатура — расширенная,ВегаРС3 Белый Грязный  Биг-бэг1000 кг.,raw.r1c_nomenclature,1,1
Номенклатура — расширенная,"ВегаРС3 Белый Грязный  Сетка на рулоне2,5 кг.",raw.r1c_nomenclature,1,1
Номенклатура — расширенная,ВегаРС3 Белый Грязный  Сетка на рулоне25 кг.,raw.r1c_nomenclature,1,1
Номенклатура — расширенная,ВегаРС3 Белый Грязный  Сетка на рулоне3 кг.,raw.r1c_nomenclature,1,1
Номенклатура — расширенная,ВегаРС3 Белый Грязный  Сетка на рулоне5 кг.,raw.r1c_nomenclature,1,1
Номенклатура — расширенная,"ВегаРС3 Белый Грязный 35-50 Сетка на рулоне2,5 кг.",raw.r1c_nomenclature,1,1
Номенклатура — расширенная,"ВегаРС3 Белый Мытый  Сетка домик2,5 кг.",raw.r1c_nomenclature,1,1
Номенклатура — расширенная,ВегаРС3 Белый Мытый  Сетка домик3 кг.,raw.r1c_nomenclature,1,1
Номенклатура — расширенная,ВегаРС3 Белый Мытый  Сетка на рулоне25 кг.,raw.r1c_nomenclature,1,1
Номенклатура — расширенная,Ведро для меда 3л с пластиковой ручкой,raw.r1c_nomenclature,1,1
Номенклатура — расширенная,"ВендиРС3 Белый Беби Мытый Сетка домик1,5 кг.",raw.r1c_nomenclature,1,1
Номенклатура — расширенная,ВендиРС3 Белый Беби Мытый Сетка домик2 кг.,raw.r1c_nomenclature,1,1
Номенклатура — расширенная,ВендиРС3 Белый Беби Мытый Сетка на рулоне25 кг.,raw.r1c_nomenclature,1,1
Номенклатура — расширенная,ВендиРС3 Белый Грязный  Биг-бэг1000 кг.,raw.r1c_nomenclature,1,1
Номенклатура — расширенная,"ВендиРС3 Белый Грязный  Сетка на рулоне2,5 кг.",raw.r1c_nomenclature,1,1
Номенклатура — расширенная,ВендиРС3 Белый Грязный  Сетка на рулоне25 кг.,raw.r1c_nomenclature,1,1
Номенклатура — расширенная,ВендиРС3 Белый Грязный  Сетка на рулоне3 кг.,raw.r1c_nomenclature,1,1
Номенклатура — расширенная,ВендиРС3 Белый Грязный  Сетка на рулоне5 кг.,raw.r1c_nomenclature,1,1
Номенклатура — расширенная,"ВендиРС3 Белый Грязный 35-50 Сетка на рулоне2,5 кг.",raw.r1c_nomenclature,1,1
Номенклатура — расширенная,"ВендиРС3 Белый Мытый  Сетка домик2,5 кг.",raw.r1c_nomenclature,1,1
Номенклатура — расширенная,ВендиРС3 Белый Мытый  Сетка домик3 кг.,raw.r1c_nomenclature,1,1
Номенклатура — расширенная,ВендиРС3 Белый Мытый  Сетка на рулоне25 кг.,raw.r1c_nomenclature,1,1
Номенклатура — расширенная,Вентиль ТК,raw.r1c_nomenclature,1,1
Номенклатура — расширенная,Вентиль камерный для с/х камер,raw.r1c_nomenclature,1,1
Номенклатура — расширенная,Вентиль тракторный V5-01-1 TR618A,raw.r1c_nomenclature,1,1
Номенклатура — расширенная,Вентилятор обдува WOS500,raw.r1c_nomenclature,1,1
Номенклатура — расширенная,"Вентиляционный канал и две венткамеры высотой 3,6 м из балки,профтрубы и профнастила ",raw.r1c_nomenclature,1,1
Номенклатура — расширенная,Венто 178-02-1230-0 Инсектицид,raw.r1c_nomenclature,1,1
Номенклатура — расширенная,Венто 178-02-1762-0 Инсектицид,raw.r1c_nomenclature,1,1
Номенклатура — расширенная,Весовая,raw.r1c_nomenclature,1,1
Номенклатура — расширенная,Весы с 16 взвешивающими головками,raw.r1c_nomenclature,1,1
Номенклатура — расширенная,Виал ТрасТ Инсектицид,raw.r1c_nomenclature,1,1
Номенклатура — расширенная,Виал Трио Инсектицид,raw.r1c_nomenclature,1,1
Номенклатура — расширенная,Видеокамера IP HIKVISION DS-2DE2A204IW-DE3(C0)(S6)(C) (DS-2DE2A204IW-DE3(C0)(S6)(C)),raw.r1c_nomenclature,1,1
Номенклатура — расширенная,Видеокамера IP HIKVISION DS-2DE3A404IWG-E 2.8-12 mm (DS-2DE3A404IWG-E),raw.r1c_nomenclature,1,1
Номенклатура — расширенная,Видеорегистратор DS-N332/2,raw.r1c_nomenclature,1,1
Номенклатура — расширенная,Вилка AG W2600 8х32х38,raw.r1c_nomenclature,1,1
Номенклатура — расширенная,Вилка AG WWE2580 8*32*38,raw.r1c_nomenclature,1,1
Номенклатура — расширенная,Вилка RG S4 WWE2580,raw.r1c_nomenclature,1,1
Номенклатура — расширенная,Вилка RG S5 W2600,raw.r1c_nomenclature,1,1
Номенклатура — расширенная,Вилка белая,raw.r1c_nomenclature,1,1
Номенклатура — расширенная,Вилка двойная  WWE2580 ,raw.r1c_nomenclature,1,1
Номенклатура — расширенная,Вилка прицепной скобы К-700 (700.46.30.015-2),raw.r1c_nomenclature,1,1
Номенклатура — расширенная,Вилка прямая белая с з/к,raw.r1c_nomenclature,1,1
Номенклатура — расширенная,"Вилка скребок ""Скрейпер"" широкая",raw.r1c_nomenclature,1,1
Номенклатура — расширенная,Вилка сцепления,raw.r1c_nomenclature,1,1
Номенклатура — расширенная,Вилка сцепления МТЗ-1221 отводки РУП МТЗ,raw.r1c_nomenclature,1,1
Номенклатура — расширенная,Виннер Инсектицид,raw.r1c_nomenclature,1,1
Номенклатура — расширенная,Винт верхний М30х3 правая резьба,raw.r1c_nomenclature,1,1
Номенклатура — расширенная,Винт полукруглый 6*25,raw.r1c_nomenclature,1,1
Номенклатура — расширенная,Винтовой элеватор,raw.r1c_nomenclature,1,1
Номенклатура — расширенная,Винцент Инсектицид,raw.r1c_nomenclature,1,1
Номенклатура — расширенная,Винцит Инсектицид,raw.r1c_nomenclature,1,1
Номенклатура — расширенная,Винцит Форте Инсектицид,raw.r1c_nomenclature,1,1
Номенклатура — расширенная,Винцит Экстра Инсектицид,raw.r1c_nomenclature,1,1
Номенклатура — расширенная,Виртуоз Инсектицид,raw.r1c_nomenclature,1,1
Номенклатура — расширенная,Вист Инсектицид,raw.r1c_nomenclature,1,1
Номенклатура — расширенная,"Вист дымовая шашка 0,4 кг",raw.r1c_nomenclature,1,1
Номенклатура — расширенная,Вист дымовая шашка 5гр,raw.r1c_nomenclature,1,1
Номенклатура — расширенная,Витавакс 200ФФ Инсектицид,raw.r1c_nomenclature,1,1
Номенклатура — расширенная,Виталон Инсектицид,raw.r1c_nomenclature,1,1
Номенклатура — расширенная,Витаплан Инсектицид,raw.r1c_nomenclature,1,1
Номенклатура — расширенная,Витарос Инсектицид,raw.r1c_nomenclature,1,1
Номенклатура — расширенная,Витасил Инсектицид,raw.r1c_nomenclature,1,1
Номенклатура — расширенная,Витацит Инсектицид,raw.r1c_nomenclature,1,1
Номенклатура — расширенная,Вода,raw.r1c_nomenclature,1,1
Номенклатура — расширенная,"Водонагреватель ""Термекс""",raw.r1c_nomenclature,1,1
Номенклатура — расширенная,Водоумягчитель LT12 DVA,raw.r1c_nomenclature,1,1
Номенклатура — расширенная,Воздуховод напорный для напольного хранения овощей В01/15,raw.r1c_nomenclature,1,1
Номенклатура — расширенная,Воздуховод напорный для напольного хранения овощей В02/15,raw.r1c_nomenclature,1,1
Номенклатура — расширенная,Воздуховод напорный для напольного хранения овощей В03/15,raw.r1c_nomenclature,1,1
Номенклатура — расширенная,Воздуховод напорный для напольного хранения овощей ВО4/15,raw.r1c_nomenclature,1,1
Номенклатура — расширенная,Воздуховод напорный для напольного хранения овощей ВО5/15,raw.r1c_nomenclature,1,1
Номенклатура — расширенная,Воздуховод напорный для напольного хранения овощей ВО6/15,raw.r1c_nomenclature,1,1
Номенклатура — расширенная,Воздуховод напорный для напольного хранения овощей ВО7/15,raw.r1c_nomenclature,1,1
Номенклатура — расширенная,Воздуховод напорный для напольного хранения овощей ВО8/15,raw.r1c_nomenclature,1,1
Номенклатура — расширенная,Воздухоохладитель DD-19/0/453A 380V,raw.r1c_nomenclature,1,1
Номенклатура — расширенная,Воздухоохладитель СТЕ 502 Е6 ЕD,raw.r1c_nomenclature,1,1
Номенклатура — расширенная,Воздухоохладитель СТЕ 502 Е8 ЕD,raw.r1c_nomenclature,1,1
Номенклатура — расширенная,Волиам Флекси Инсектицид,raw.r1c_nomenclature,1,1
Номенклатура — расширенная,Ворота откатные 3900*3520,raw.r1c_nomenclature,1,1
Номенклатура — расширенная,Ворохоотделитель ВОБ6,raw.r1c_nomenclature,1,1
Номенклатура — расширенная,Воскотопка паровая 6 рамочная электрическая,raw.r1c_nomenclature,1,1
Номенклатура — расширенная,Восторг Инсектицид,raw.r1c_nomenclature,1,1
Номенклатура — расширенная,"Вощина Дадан""Улей""",raw.r1c_nomenclature,1,1
Номенклатура — расширенная,Врезка 3/4 для резервуаров,raw.r1c_nomenclature,1,1
Номенклатура — расширенная,Врезка в бак d=2 удл. (латунь),raw.r1c_nomenclature,1,1
Номенклатура — расширенная,Вспашка,raw.r1c_nomenclature,1,1
Номенклатура — расширенная,Вставка 88.00569 выкл.ложечка среняя черная,raw.r1c_nomenclature,1,1
Номенклатура — расширенная,Вторичное сырье на крахмал.Гала.Мелкий,raw.r1c_nomenclature,1,1
Номенклатура — расширенная,Вторичное сырье на продажу,raw.r1c_nomenclature,1,1
Номенклатура — расширенная,Вторичное сырьё на крахмал,raw.r1c_nomenclature,1,1
Номенклатура — расширенная,Вторичное сырьё на крахмал.Кармен.Мелкий,raw.r1c_nomenclature,1,1
Номенклатура — расширенная,Вторичное сырьё на переработку,raw.r1c_nomenclature,1,1
Номенклатура — расширенная,Вторичное сырьё на переработку.ЦВ.Гала.Мелкий,raw.r1c_nomenclature,1,1
Номенклатура — расширенная,Вторичное сырьё на переработку.ЦВ.Кармен.Мелкий,raw.r1c_nomenclature,1,1
Номенклатура — расширенная,Вторичное сырьё на переработку.ЦГП.Гала.Стандарт,raw.r1c_nomenclature,1,1
Номенклатура — расширенная,Вторичное сырьё на переработку.ЦГП.Кармен.Стандарт,raw.r1c_nomenclature,1,1
Номенклатура — расширенная,Вторичное сырьё на продажу.Гала.Мелкий.,raw.r1c_nomenclature,1,1
Номенклатура — расширенная,Вторичное сырьё на продажу.Гала.Стандарт.,raw.r1c_nomenclature,1,1
Номенклатура — расширенная,Вторичное сырьё на продажу.Кармен.Мелкий.,raw.r1c_nomenclature,1,1
Номенклатура — расширенная,Вторичное сырьё на продажу.Кармен.Стандарт.,raw.r1c_nomenclature,1,1
Номенклатура — расширенная,Втулка  МТЗ РБ 1520-2308077,raw.r1c_nomenclature,1,1
Номенклатура — расширенная,Втулка 33150100,raw.r1c_nomenclature,1,1
Номенклатура — расширенная,Втулка 34086600,raw.r1c_nomenclature,1,1
Номенклатура — расширенная,Втулка БЗ нар. резьба 1/4 Metabo 7803009117,raw.r1c_nomenclature,1,1
Номенклатура — расширенная,Вулкан Инсектицид,raw.r1c_nomenclature,1,1
Номенклатура — расширенная,Вывоз условного картофеля,raw.r1c_nomenclature,1,1
Номенклатура — расширенная,Выгрузной транспортер 300/400,raw.r1c_nomenclature,1,1
Номенклатура — расширенная,Выключатель массы дистанционный 12V СОАТЭ 1300.3737,raw.r1c_nomenclature,1,1
Номенклатура — расширенная,Выключатель стола ВК12-51 МТЗ,raw.r1c_nomenclature,1,1
Номенклатура — расширенная,"Вымпел Стартовые провода 500А 3м,хладост.в сумке 5039",raw.r1c_nomenclature,1,1
Номенклатура — расширенная,Вынужденный простой,raw.r1c_nomenclature,1,1
Номенклатура — расширенная,Выравнивающая пластина Р100,raw.r1c_nomenclature,1,1
Номенклатура — расширенная,Вэнди РС2 мытый Сетка-домик 3кг Полив,raw.r1c_nomenclature,1,1
Номенклатура — расширенная,ГОТОВАЯ ПРОДУКЦИЯ,raw.r1c_nomenclature,1,1
Номенклатура — расширенная,ГОТОВАЯ ПРОДУКЦИЯ ДАВАЛЬЧЕСКАЯ,raw.r1c_nomenclature,1,1
Номенклатура — расширенная,ГСМ,raw.r1c_nomenclature,1,1
Номенклатура — расширенная,Газ,raw.r1c_nomenclature,1,1
Номенклатура — расширенная,Газель Инсектицид,raw.r1c_nomenclature,1,1
Номенклатура — расширенная,Гайка  МТЗ БЗТДиА 80-1701045,raw.r1c_nomenclature,1,1
Номенклатура — расширенная,Гайка /шайба М 20,raw.r1c_nomenclature,1,1
Номенклатура — расширенная,Гайка JB8915,raw.r1c_nomenclature,1,1
Номенклатура — расширенная,Гайка М 12 лемеха ГОСТ 5927,raw.r1c_nomenclature,1,1
Номенклатура — расширенная,Гайка внутренняя на шпильку ЗИЛ 130 (М18) (ГАЗ),raw.r1c_nomenclature,1,1
Номенклатура — расширенная,"Гайка круглая 80-1701045 М45*1,5 Н=14 с буртиком",raw.r1c_nomenclature,1,1
Номенклатура — расширенная,Гайка м 14х1.5.КАМАЗ многоцелевая с нейлоном,raw.r1c_nomenclature,1,1
Номенклатура — расширенная,Гайка оцинкованная DIN 934 М10,raw.r1c_nomenclature,1,1
Номенклатура — расширенная,Гайка оцинкованная DIN 934 М12,raw.r1c_nomenclature,1,1
Номенклатура — расширенная,Гайка оцинкованная DIN 934 М18,raw.r1c_nomenclature,1,1
Номенклатура — расширенная,Гайка оцинкованная DIN 934 М20,raw.r1c_nomenclature,1,1
Номенклатура — расширенная,Гайка оцинкованная DIN 934 М22,raw.r1c_nomenclature,1,1
Номенклатура — расширенная,Гайка оцинкованная DIN 934 М6,raw.r1c_nomenclature,1,1
Номенклатура — расширенная,Гайка оцинкованная DIN 934 М8,raw.r1c_nomenclature,1,1
Номенклатура — расширенная,Гайка самоконтрящаяся с нейлоновым кольцом цинк DIN 985 М10,raw.r1c_nomenclature,1,1
Номенклатура — расширенная,Гайка самоконтрящаяся с нейлоновым кольцом цинк DIN 985 М12,raw.r1c_nomenclature,1,1
Номенклатура — расширенная,Гайка самоконтрящаяся с нейлоновым кольцом цинк DIN 985 М14,raw.r1c_nomenclature,1,1
Номенклатура — расширенная,Гайка самоконтрящаяся с нейлоновым кольцом цинк DIN 985 М16,raw.r1c_nomenclature,1,1
Номенклатура — расширенная,Гайка самоконтрящаяся с нейлоновым кольцом цинк DIN 985 М6,raw.r1c_nomenclature,1,1
Номенклатура — расширенная,Гайка самоконтрящаяся с нейлоновым кольцом цинк DIN 985 М8,raw.r1c_nomenclature,1,1
Номенклатура — расширенная,"Гайтан, КЭ Гербицид ",raw.r1c_nomenclature,1,1
Номенклатура — расширенная,Гала РС2 грязный  Сетка на рулоне 25кг. Полив,raw.r1c_nomenclature,1,1
Номенклатура — расширенная,Гала РС2 мытый Сетка 25кг. Полив,raw.r1c_nomenclature,1,1
Номенклатура — расширенная,Гала РС2 мытый Сетка-домик 2кг. Полив,raw.r1c_nomenclature,1,1
Номенклатура — расширенная,Гала РС2 мытый Сетка-домик 3кг Полив,raw.r1c_nomenclature,1,1
Номенклатура — расширенная,Гала РС3 мытый Сетка 25кг. Полив,raw.r1c_nomenclature,1,1
Номенклатура — расширенная,Гала РС3 мытый Сетка-домик 3кг Полив,raw.r1c_nomenclature,1,1
Номенклатура — расширенная,"ГалаРС1 Белый Мытый  Сетка домик2,5 кг.",raw.r1c_nomenclature,1,1
Номенклатура — расширенная,Гамаир Инсектицид,raw.r1c_nomenclature,1,1
Номенклатура — расширенная,"Гамбит,СК Гербицид ",raw.r1c_nomenclature,1,1
Номенклатура — расширенная,Гарелка -насадка GT-19 газовая с пьезоподжигом,raw.r1c_nomenclature,1,1
Номенклатура — расширенная,Гарелка газовая с пьезо,raw.r1c_nomenclature,1,1
Номенклатура — расширенная,"Гаур, КЭ Гербицид ",raw.r1c_nomenclature,1,1
Номенклатура — расширенная,Гедеон Инсектицид,raw.r1c_nomenclature,1,1
Номенклатура — расширенная,Гезагард КС,raw.r1c_nomenclature,1,1
Номенклатура — расширенная,"Генератор  МТЗ 1221,КСК-150,ТО-28 дв Д-245.5.245.7.260 1000Вт Радиоволна",raw.r1c_nomenclature,1,1
Номенклатура — расширенная,"Генератор  МТЗ 80,82,Т-70,80,ТО-18М,ТМ3 дв Д-230,240,242,243,245 14Вт 50А Радиоволна",raw.r1c_nomenclature,1,1
Номенклатура — расширенная,Генератор HUTERDY6500LX электорстартер,raw.r1c_nomenclature,1,1
Номенклатура — расширенная,"Генератор Г273.Г1 (МАЗ-500,64229) дв.236-238 ",raw.r1c_nomenclature,1,1
Номенклатура — расширенная,Генератор Г287Д (К-701) 14В 85А,raw.r1c_nomenclature,1,1
Номенклатура — расширенная,Генератор дизельный DAEWOO,raw.r1c_nomenclature,1,1
Номенклатура — расширенная,Гербициды,raw.r1c_nomenclature,1,1
Номенклатура — расширенная,Герметик системы охлаждения,raw.r1c_nomenclature,1,1
Номенклатура — расширенная,Герольд Инсектицид,raw.r1c_nomenclature,1,1
Номенклатура — расширенная,Гиберелон ВРП,raw.r1c_nomenclature,1,1
Номенклатура — расширенная,Гидропонная,raw.r1c_nomenclature,1,1
Номенклатура — расширенная,"Гидрораспределитель МТЗ-1221,1523 привода ПВМ САЛЕО-ГОМЕЛЬ",raw.r1c_nomenclature,1,1
Номенклатура — расширенная,Гладиатор Инсектицид,raw.r1c_nomenclature,1,1
Номенклатура — расширенная,Гладиатор Супер Инсектицид,raw.r1c_nomenclature,1,1
Номенклатура — расширенная,Глак,raw.r1c_nomenclature,1,1
Номенклатура — расширенная,Глиокладин Инсектицид,raw.r1c_nomenclature,1,1
Номенклатура — расширенная,Гнилой картофель,raw.r1c_nomenclature,1,1
Номенклатура — расширенная,Головка муфтовая ГМ-80,raw.r1c_nomenclature,1,1
Номенклатура — расширенная,Головка торцовая 42 ударная ,raw.r1c_nomenclature,1,1
Номенклатура — расширенная,Головка торцовая 55 3/4,raw.r1c_nomenclature,1,1
Номенклатура — расширенная,"Головка торцовая ударная шестигранная 1/2,41 мм 453154 1М",raw.r1c_nomenclature,1,1
Номенклатура — расширенная,Головка тройная вращающаяся конечная 0-100/G07/К,raw.r1c_nomenclature,1,1
Номенклатура — расширенная,Головка тройная вращающаяся конечная 0-100/G07K,raw.r1c_nomenclature,1,1
Номенклатура — расширенная,Головка тройная вращающаяся проходная 0-100/G07/Р,raw.r1c_nomenclature,1,1
Номенклатура — расширенная,Головка тройная вращающаяся проходная 0-100/G07Р,raw.r1c_nomenclature,1,1
Номенклатура — расширенная,Гофрокороб 600*400*400 Т-25В бурый ,raw.r1c_nomenclature,1,1
Номенклатура — расширенная,Гофролоток 362*272*172 П-32 ВЕ бурый ,raw.r1c_nomenclature,1,1
Номенклатура — расширенная,Гофролоток 390*280*180 П32 ВЕ ,raw.r1c_nomenclature,1,1
Номенклатура — расширенная,Гофролоток Т24С бурый 575*390*200,raw.r1c_nomenclature,1,1
Номенклатура — расширенная,Гофроупаковка,raw.r1c_nomenclature,1,1
Номенклатура — расширенная,Граблина ГВР 28.601,raw.r1c_nomenclature,1,1
Номенклатура — расширенная,"Градирня ""Росинка-30/40"" (с щитом управления)",raw.r1c_nomenclature,1,1
Номенклатура — расширенная,Грандсил 1447-09-107-223-0-0-0-0 Инсектицид,raw.r1c_nomenclature,1,1
Номенклатура — расширенная,Грандсил 2345-12-107-476-0-1-0-0 Инсектицид,raw.r1c_nomenclature,1,1
Номенклатура — расширенная,Гранулам Инсектицид,raw.r1c_nomenclature,1,1
Номенклатура — расширенная,Гребенка п/м,raw.r1c_nomenclature,1,1
Номенклатура — расширенная,Гризли Инсектицид,raw.r1c_nomenclature,1,1
Номенклатура — расширенная,Гринда Инсектицид,raw.r1c_nomenclature,1,1
Номенклатура — расширенная,Гром Инсектицид,raw.r1c_nomenclature,1,1
Номенклатура — расширенная,Груз 70-4235011 передний МТЗ-80/82,raw.r1c_nomenclature,1,1
Номенклатура — расширенная,"Грэмми, КС Фунгицид ",raw.r1c_nomenclature,1,1
Номенклатура — расширенная,Грядообразование,raw.r1c_nomenclature,1,1
Номенклатура — расширенная,ДВД Шанс Инсектицид,raw.r1c_nomenclature,1,1
Номенклатура — расширенная,Даймонд Супер Инсектицид,raw.r1c_nomenclature,1,1
Номенклатура — расширенная,Данадим 1867-10-101-029-0-0-1-0 Инсектицид,raw.r1c_nomenclature,1,1
Номенклатура — расширенная,Данадим 2193-11-101-029-0-0-1-0 Инсектицид,raw.r1c_nomenclature,1,1
Номенклатура — расширенная,Данадим Пауер Инсектицид,raw.r1c_nomenclature,1,1
Номенклатура — расширенная,Датчик Биг-Бэг NB-2 LE10SF05DRO,raw.r1c_nomenclature,1,1
Номенклатура — расширенная,Датчик объема топлива на МТЗ 1523 ДОТ 680Ч-02,raw.r1c_nomenclature,1,1
Номенклатура — расширенная,Датчик температуры охл.,raw.r1c_nomenclature,1,1
Номенклатура — расширенная,Датчик угла наклона ЭСКОРТ ДУ BLE,raw.r1c_nomenclature,1,1
Номенклатура — расширенная,Датчик уровня топлива ТД-150,raw.r1c_nomenclature,1,1
Номенклатура — расширенная,Дверной металлический блок наружный 850х1820,raw.r1c_nomenclature,1,1
Номенклатура — расширенная,Дверной металлический блок наружный 850х2050,raw.r1c_nomenclature,1,1
Номенклатура — расширенная,Дверной металлический блок наружный 880х1880,raw.r1c_nomenclature,1,1
Номенклатура — расширенная,Дверной металлический блок наружный 880х2020,raw.r1c_nomenclature,1,1
Номенклатура — расширенная,Дверной металлический блок наружный 910х2040,raw.r1c_nomenclature,1,1
Номенклатура — расширенная,Дверной металлический блок наружный 950х2050,raw.r1c_nomenclature,1,1
Номенклатура — расширенная,Дверь откатная без порога  RAL OD_ПХ 2000*3000 80мм правая с креплением рамы,raw.r1c_nomenclature,1,1
Номенклатура — расширенная,Двухъярусная роликовая сортировочная линия,raw.r1c_nomenclature,1,1
Номенклатура — расширенная,Дезинфекция складских помещений,raw.r1c_nomenclature,1,1
Номенклатура — расширенная,Дезинфицирующее средство Перекись водорода 35% (канистра 34кг) ,raw.r1c_nomenclature,1,1
Номенклатура — расширенная,Декстер Инсектицид,raw.r1c_nomenclature,1,1
Номенклатура — расширенная,Дело Техники 660036 Головка ударная 6-гранная х 36мм 1/2 50/5,raw.r1c_nomenclature,1,1
Номенклатура — расширенная,Дело Техники Набор съемников стопорных колец 180мм х4 шт/тетрон ДТ/16 424041,raw.r1c_nomenclature,1,1
Номенклатура — расширенная,"Деметра, КЭ Гербицид ",raw.r1c_nomenclature,1,1
Номенклатура — расширенная,Демонтаж полива,raw.r1c_nomenclature,1,1
Номенклатура — расширенная,Держатель  ножа  КИР 03.060,raw.r1c_nomenclature,1,1
Номенклатура — расширенная,Держатель клипса быстрого монтажа д-20,raw.r1c_nomenclature,1,1
Номенклатура — расширенная,Дерозал Евро Инсектицид,raw.r1c_nomenclature,1,1
Номенклатура — расширенная,Десант Инсектицид,raw.r1c_nomenclature,1,1
Номенклатура — расширенная,Дефектовка комбайна на базе,raw.r1c_nomenclature,1,1
Номенклатура — расширенная,Дефектовка комбайна на поле,raw.r1c_nomenclature,1,1
Номенклатура — расширенная,"Дефектовка,сборка,монтаж оборудования",raw.r1c_nomenclature,1,1
Номенклатура — расширенная,Децис Профи Инсектицид,raw.r1c_nomenclature,1,1
Номенклатура — расширенная,Децис Эксперт Инсектицид,raw.r1c_nomenclature,1,1
Номенклатура — расширенная,Джостик для траспортера-подборщика,raw.r1c_nomenclature,1,1
Номенклатура — расширенная,Ди-68 Инсектицид,raw.r1c_nomenclature,1,1
Номенклатура — расширенная,Диагностика и настройка холодильного оборудования,raw.r1c_nomenclature,1,1
Номенклатура — расширенная,Диагностика проблем с кодировкой,raw.r1c_nomenclature,1,1
Номенклатура — расширенная,Диазин Евро Инсектицид,raw.r1c_nomenclature,1,1
Номенклатура — расширенная,Диазинон Экспресс Инсектицид,raw.r1c_nomenclature,1,1
Номенклатура — расширенная,Диазинон-600 Инсектицид,raw.r1c_nomenclature,1,1
Номенклатура — расширенная,Диазол Инсектицид,raw.r1c_nomenclature,1,1
Номенклатура — расширенная,Диаммофоска 10:26:26 (азотно-фосфорнно-калийные),raw.r1c_nomenclature,1,1
Номенклатура — расширенная,"Диаммофоска NRK 10:23:26,МКР",raw.r1c_nomenclature,1,1
Номенклатура — расширенная,Дивиденд 1712-09-107-018-0-1-0-0 Инсектицид,raw.r1c_nomenclature,1,1
Номенклатура — расширенная,Дивиденд 2130-11-107-018-0-1-0-0 Инсектицид,raw.r1c_nomenclature,1,1
Номенклатура — расширенная,Дивиденд Суприм Инсектицид,raw.r1c_nomenclature,1,1
Номенклатура — расширенная,Диез 600 Инсектицид,raw.r1c_nomenclature,1,1
Номенклатура — расширенная,Дизайн упаковки,raw.r1c_nomenclature,1,1
Номенклатура — расширенная,Дизель,raw.r1c_nomenclature,1,1
Номенклатура — расширенная,Дикошанс.ВР,raw.r1c_nomenclature,1,1
Номенклатура — расширенная,Димет Инсектицид,raw.r1c_nomenclature,1,1
Номенклатура — расширенная,Диметоат-400 Инсектицид,raw.r1c_nomenclature,1,1
Номенклатура — расширенная,Диметрон Инсектицид,raw.r1c_nomenclature,1,1
Номенклатура — расширенная,Диметус Инсектицид,raw.r1c_nomenclature,1,1
Номенклатура — расширенная,Димефос Инсектицид,raw.r1c_nomenclature,1,1
Номенклатура — расширенная,Дино Инсектицид,raw.r1c_nomenclature,1,1
Номенклатура — расширенная,Дипломат Инсектицид,raw.r1c_nomenclature,1,1
Номенклатура — расширенная,Диск  бороны БДТ Р33.428.001,raw.r1c_nomenclature,1,1
Номенклатура — расширенная,Диск БДМ 580х6 мм Bellota (АДУ-6),raw.r1c_nomenclature,1,1
Номенклатура — расширенная,Диск ИЯВТ (60*60 16 лепестков,raw.r1c_nomenclature,1,1
Номенклатура — расширенная,Диск ИЯВТ 106-04.02.009,raw.r1c_nomenclature,1,1
Номенклатура — расширенная,Диск СК 4.10.03.007,raw.r1c_nomenclature,1,1
Номенклатура — расширенная,Диск сцепления МТЗ ,raw.r1c_nomenclature,1,1
Номенклатура — расширенная,"Диск сцепления МТЗ -80,82 MEGAPOWER 85-1601130",raw.r1c_nomenclature,1,1
Номенклатура — расширенная,Диск сцепления МТЗ 1221 опорный БЗТДиА,raw.r1c_nomenclature,1,1
Номенклатура — расширенная,Диск сцепления МТЗ ведомый безасбестовый элл.навитой БЗТДиА 85-1601130-01,raw.r1c_nomenclature,1,1
Номенклатура — расширенная,"Диск тормозной МТЗ-82,1221 Н/О нажимной в сборе ВЗТЗЧ 85-3502030",raw.r1c_nomenclature,1,1
Номенклатура — расширенная,Дискование,raw.r1c_nomenclature,1,1
Номенклатура — расширенная,Дискование (почасовая оплата),raw.r1c_nomenclature,1,1
Номенклатура — расширенная,"Диспенсер для полотенец, пластик",raw.r1c_nomenclature,1,1
Номенклатура — расширенная,Дитокс Инсектицид,raw.r1c_nomenclature,1,1
Номенклатура — расширенная,Дишанс Инсектицид,raw.r1c_nomenclature,1,1
Номенклатура — расширенная,Диэлектрические тонкогубцы Inforce 160 мм 1000В,raw.r1c_nomenclature,1,1
Номенклатура — расширенная,Дно гиrиеническое Стандарт производство Р Б ,raw.r1c_nomenclature,1,1
Номенклатура — расширенная,Добавки,raw.r1c_nomenclature,1,1
Номенклатура — расширенная,Дозатор Q0 IL c 02.004.0.0918-300-038,raw.r1c_nomenclature,1,1
Номенклатура — расширенная,Дозатор комбинированный WK-09 (адаптация для моркови и корня петрушки),raw.r1c_nomenclature,1,1
Номенклатура — расширенная,Дозатор комбинированный WK-12 (встраивание 3-х упаковочных машин адаптация для моркови),raw.r1c_nomenclature,1,1
Номенклатура — расширенная,"Дозировочный бункер ZB II 25070 (сепаратор земли,расширение регулировки скорости)",raw.r1c_nomenclature,1,1
Номенклатура — расширенная,Дозировочный бункер ZB II 350/70 (диапазон от 1 до 23 тонн в час сепаратор от земли с инвертором),raw.r1c_nomenclature,1,1
Номенклатура — расширенная,Дозор Инсектицид,raw.r1c_nomenclature,1,1
Номенклатура — расширенная,Доска полевая плуга широкая  направленная ПЛЖ 51.200-06,raw.r1c_nomenclature,1,1
Номенклатура — расширенная,Доспех 3 Инсектицид,raw.r1c_nomenclature,1,1
Номенклатура — расширенная,Доспех Инсектицид,raw.r1c_nomenclature,1,1
Номенклатура — расширенная,Доставка,raw.r1c_nomenclature,1,1
Номенклатура — расширенная,Доставка покупателю (Транспортных расходы),raw.r1c_nomenclature,1,1
Номенклатура — расширенная,Доставка продукции покупателю,raw.r1c_nomenclature,1,1
Номенклатура — расширенная,Дурсбан Инсектицид,raw.r1c_nomenclature,1,1
Номенклатура — расширенная,"Дымарь пасечный со съемным мехом и термозащитным экраном (AISI430),тип3, ДП-3со стаканом",raw.r1c_nomenclature,1,1
Номенклатура — расширенная,Дымарь электрический с ограждением,raw.r1c_nomenclature,1,1
Номенклатура — расширенная,Дэлит Про Инсектицид,raw.r1c_nomenclature,1,1
Номенклатура — расширенная,ЕТО,raw.r1c_nomenclature,1,1
Номенклатура — расширенная,Евродим Инсектицид,raw.r1c_nomenclature,1,1
Номенклатура — расширенная,Европир Инсектицид,raw.r1c_nomenclature,1,1
Номенклатура — расширенная,Елена Инсектицид,raw.r1c_nomenclature,1,1
Номенклатура — расширенная,Емкость 1000л,raw.r1c_nomenclature,1,1
Номенклатура — расширенная,Емкость AUTO 1000 л синяя ,raw.r1c_nomenclature,1,1
Номенклатура — расширенная,Емкость Т 10000л серия (2625х2305х2305) с отводом из бака,raw.r1c_nomenclature,1,1
Номенклатура — расширенная,Емкость пластиковая на 1000л ,raw.r1c_nomenclature,1,1
Номенклатура — расширенная,Емкость пластиковая на 1000л с крышкой и клапаном 1150х2180х550мм 40 кг синяя,raw.r1c_nomenclature,1,1
Номенклатура — расширенная,Емкость пластиковая на 1000л с крышкой и клапаном 2305х2630мм 230 кг синяя,raw.r1c_nomenclature,1,1
Номенклатура — расширенная,Жесткий диск 6TБ,raw.r1c_nomenclature,1,1
Номенклатура — расширенная,Жесткий диск WD Purple 2TЪ,raw.r1c_nomenclature,1,1
Номенклатура — расширенная,Жидкость для гидроусилителя,raw.r1c_nomenclature,1,1
Номенклатура — расширенная,Жидкость омывателя,raw.r1c_nomenclature,1,1
Номенклатура — расширенная,Жукоед Инсектицид,raw.r1c_nomenclature,1,1
Номенклатура — расширенная,ЗАПЧАСТИ И МАТЕРИАЛЫ ДЛЯ РЕМОНТОВ,raw.r1c_nomenclature,1,1
Номенклатура — расширенная,"ЗУБР Съемник раздвижной 2-захватный, 100мм, Профессионал 43310-115-100",raw.r1c_nomenclature,1,1
Номенклатура — расширенная,Заглушка для капельной ленты с кольцом,raw.r1c_nomenclature,1,1
Номенклатура — расширенная,Заглушка никелированная,raw.r1c_nomenclature,1,1
Номенклатура — расширенная,"Заглушка с вентелем 6""",raw.r1c_nomenclature,1,1
Номенклатура — расширенная,Заказ документов,raw.r1c_nomenclature,1,1
Номенклатура — расширенная,Заклепка вытяжная  алюминий сталь 4*10 1000 шт,raw.r1c_nomenclature,1,1
Номенклатура — расширенная,Залежь 2021,raw.r1c_nomenclature,1,1
Номенклатура — расширенная,Залежь 2022,raw.r1c_nomenclature,1,1
Номенклатура — расширенная,Залежь 2022_товар,raw.r1c_nomenclature,1,1
Номенклатура — расширенная,Залежь 2023_,raw.r1c_nomenclature,1,1
Номенклатура — расширенная,Залежь 2024_товар,raw.r1c_nomenclature,1,1
Номенклатура — расширенная,Залежь с октября 2021,raw.r1c_nomenclature,1,1
Номенклатура — расширенная,Залп Инсектицид,raw.r1c_nomenclature,1,1
Номенклатура — расширенная,Замена масла,raw.r1c_nomenclature,1,1
Номенклатура — расширенная,"Замена ступицы, замена подшипников, замена тормозного диска",raw.r1c_nomenclature,1,1
Номенклатура — расширенная,Замир Инсектицид,raw.r1c_nomenclature,1,1
Номенклатура — расширенная,Замок верхний правой двери,raw.r1c_nomenclature,1,1
Номенклатура — расширенная,Замок задней правой двери боковой,raw.r1c_nomenclature,1,1
Номенклатура — расширенная,Замок зажигания в сборе,raw.r1c_nomenclature,1,1
Номенклатура — расширенная,Замок нижний  левой двери,raw.r1c_nomenclature,1,1
Номенклатура — расширенная,Зантара Инсектицид,raw.r1c_nomenclature,1,1
Номенклатура — расширенная,Заросли,raw.r1c_nomenclature,1,1
Номенклатура — расширенная,Заросли 2026,raw.r1c_nomenclature,1,1
Номенклатура — расширенная,Заставочная доска Стандарт производство РБ ,raw.r1c_nomenclature,1,1
Номенклатура — расширенная,Защита V33418600,raw.r1c_nomenclature,1,1
Номенклатура — расширенная,Защита стойки (б/у),raw.r1c_nomenclature,1,1
Номенклатура — расширенная,"Звено СПР-19,05-3180",raw.r1c_nomenclature,1,1
Номенклатура — расширенная,Зелёный картофель,raw.r1c_nomenclature,1,1
Номенклатура — расширенная,Земля (производство),raw.r1c_nomenclature,1,1
Номенклатура — расширенная,Земля (склад),raw.r1c_nomenclature,1,1
Номенклатура — расширенная,Земля с полей,raw.r1c_nomenclature,1,1
Номенклатура — расширенная,Зенит Инсектицид,raw.r1c_nomenclature,1,1
Номенклатура — расширенная,Зенкор Ультра Гербицид ,raw.r1c_nomenclature,1,1
Номенклатура — расширенная,"Зенкошанс,КС",raw.r1c_nomenclature,1,1
Номенклатура — расширенная,Зенон Аэро Инсектицид,raw.r1c_nomenclature,1,1
Номенклатура — расширенная,Зерновые,raw.r1c_nomenclature,1,1
Номенклатура — расширенная,Зим 500 Инсектицид,raw.r1c_nomenclature,1,1
Номенклатура — расширенная,Зимошанс Инсектицид,raw.r1c_nomenclature,1,1
Номенклатура — расширенная,"Знак Знак е03 ""направление к эвакуационному выходу направо"", 150x300 мм, фотолюм s 2, пленк",raw.r1c_nomenclature,1,1
Номенклатура — расширенная,"Знак Знак е04 ""направление к эвакуационному выходу налево"", 150x300 мм, фотолюм s 2, пленка",raw.r1c_nomenclature,1,1
Номенклатура — расширенная,"Знак Знак е22 ""указатель выхода"", 150x300 мм, фотолюм s 2, пленка (гост 12.4.026-2015) 00-0",raw.r1c_nomenclature,1,1
Номенклатура — расширенная,Золон Инсектицид,raw.r1c_nomenclature,1,1
Номенклатура — расширенная,Золтан Инсектицид,raw.r1c_nomenclature,1,1
Номенклатура — расширенная,Зуб пружинный Akzent KRAJ 600/50-000,raw.r1c_nomenclature,1,1
Номенклатура — расширенная,Зубр Инсектицид,raw.r1c_nomenclature,1,1
Номенклатура — расширенная,"ИНВЕНТАРЬ, ХОЗТОВАРЫ, МЦ, ПРОЧИЕ МАТЕРИАЛЫ",raw.r1c_nomenclature,1,1
Номенклатура — расширенная,Игла зашивочной машины,raw.r1c_nomenclature,1,1
Номенклатура — расширенная,Игла зашивочной машины Фишбейн 100,raw.r1c_nomenclature,1,1
Номенклатура — расширенная,Идентификатор ЕМ-Marin,raw.r1c_nomenclature,1,1
Номенклатура — расширенная,"Идикум,СК",raw.r1c_nomenclature,1,1
Номенклатура — расширенная,"Изабион, ВР",raw.r1c_nomenclature,1,1
Номенклатура — расширенная,Изготовление клише,raw.r1c_nomenclature,1,1
Номенклатура — расширенная,"Изготовление ключей, карт доступа",raw.r1c_nomenclature,1,1
Номенклатура — расширенная,Изготовление москитных сеток ,raw.r1c_nomenclature,1,1
Номенклатура — расширенная,"Изготовление печати, штрихкодов",raw.r1c_nomenclature,1,1
Номенклатура — расширенная,Измельчение ботвы,raw.r1c_nomenclature,1,1
Номенклатура — расширенная,Измельчение кустарниковой растительности,raw.r1c_nomenclature,1,1
Номенклатура — расширенная,"Измеритель температуры, пирометр, градусник 32...+42С для измер. темп.",raw.r1c_nomenclature,1,1
Номенклатура — расширенная,"Изолятор НОВЫЙ маточный (сетка) однорамочный (AISI430), ИМС-1",raw.r1c_nomenclature,1,1
Номенклатура — расширенная,Икарус Инсектицид,raw.r1c_nomenclature,1,1
Номенклатура — расширенная,Имидашанс Инсектицид,raw.r1c_nomenclature,1,1
Номенклатура — расширенная,Имидашанс Плюс Инсектицид,raw.r1c_nomenclature,1,1
Номенклатура — расширенная,Имидж Инсектицид,raw.r1c_nomenclature,1,1
Номенклатура — расширенная,Имидж Плюс Инсектицид,raw.r1c_nomenclature,1,1
Номенклатура — расширенная,Имидор Инсектицид,raw.r1c_nomenclature,1,1
Номенклатура — расширенная,Имидор Про Инсектицид,raw.r1c_nomenclature,1,1
Номенклатура — расширенная,Имиприд Инсектицид,raw.r1c_nomenclature,1,1
Номенклатура — расширенная,Импакт 500 Инсектицид,raw.r1c_nomenclature,1,1
Номенклатура — расширенная,Импакт Инсектицид,raw.r1c_nomenclature,1,1
Номенклатура — расширенная,Импакт Супер Инсектицид,raw.r1c_nomenclature,1,1
Номенклатура — расширенная,Импакт Эксклюзив Инсектицид,raw.r1c_nomenclature,1,1
Номенклатура — расширенная,Индиго РС3 грязный Сетка на завязке 25кг. Без полива,raw.r1c_nomenclature,1,1
Номенклатура — расширенная,Индиго РС3 грязный Сетка на завязке 25кг. Полив,raw.r1c_nomenclature,1,1
Номенклатура — расширенная,Индиго РС3 грязный Сетка на рулоне 25кг. Без полива,raw.r1c_nomenclature,1,1
Номенклатура — расширенная,Индиго РС3 грязный Сетка на рулоне 25кг. Полив,raw.r1c_nomenclature,1,1
Номенклатура — расширенная,"Индиго РС3 мытый Сетка - (домик)1,5 кг. Без полива",raw.r1c_nomenclature,1,1
Номенклатура — расширенная,"Индиго РС3 мытый Сетка - (домик)1,5 кг. Полив",raw.r1c_nomenclature,1,1
Номенклатура — расширенная,Индиго РС3 мытый Сетка - (домик)2 кг. Без полива,raw.r1c_nomenclature,1,1
Номенклатура — расширенная,Индиго РС3 мытый Сетка - (домик)2 кг. Полив,raw.r1c_nomenclature,1,1
Номенклатура — расширенная,Инжектор Вентури-1 в комплекте с обвязкой и падающим шлангом,raw.r1c_nomenclature,1,1
Номенклатура — расширенная,Инженерно-геодезические изыскания,raw.r1c_nomenclature,1,1
Номенклатура — расширенная,Инплант Инсектицид,raw.r1c_nomenclature,1,1
Номенклатура — расширенная,Инпут Инсектицид,raw.r1c_nomenclature,1,1
Номенклатура — расширенная,"Инсайд, СК Фунгицид ",raw.r1c_nomenclature,1,1
Номенклатура — расширенная,Инсектициды,raw.r1c_nomenclature,1,1
Номенклатура — расширенная,Инсектор Инсектицид,raw.r1c_nomenclature,1,1
Номенклатура — расширенная,Инспекционный транспортер с шибером д.5 м,raw.r1c_nomenclature,1,1
Номенклатура — расширенная,Инспекция качества товаров категории ФРОВ за 1тс/контейнер за выезд 1 сюрвейера,raw.r1c_nomenclature,1,1
Номенклатура — расширенная,Инстиво Инсектицид,raw.r1c_nomenclature,1,1
Номенклатура — расширенная,Инта-Вир Инсектицид,raw.r1c_nomenclature,1,1
Номенклатура — расширенная,Инта-Ц-М Инсектицид,raw.r1c_nomenclature,1,1
Номенклатура — расширенная,"Интрада,СК Протравливатель ",raw.r1c_nomenclature,1,1
Номенклатура — расширенная,"Инфинито, КС (62,5+625г/л)",raw.r1c_nomenclature,1,1
Номенклатура — расширенная,"Информационные,рекламные и консультационные услуги",raw.r1c_nomenclature,1,1
Номенклатура — расширенная,Искра Золотая 1964-10-101-035-0-1-1-1 Инсектицид,raw.r1c_nomenclature,1,1
Номенклатура — расширенная,Искра Золотая 1965-10-101-035-0-1-1-1 Инсектицид,raw.r1c_nomenclature,1,1
Номенклатура — расширенная,Искра Инсектицид,raw.r1c_nomenclature,1,1
Номенклатура — расширенная,Искра М Инсектицид,raw.r1c_nomenclature,1,1
Номенклатура — расширенная,Испытание продовольственного сырья,raw.r1c_nomenclature,1,1
Номенклатура — расширенная,Источник вторичного электропитания ББП-60 БК,raw.r1c_nomenclature,1,1
Номенклатура — расширенная,"Кабель (бухта 305м) Parlan UUTR Cal5e 4х2х0,52 PVC",raw.r1c_nomenclature,1,1
Номенклатура — расширенная,"Кабель ПВСнг(А)-LS 3х0,75",raw.r1c_nomenclature,1,1
Номенклатура — расширенная,"Кабель с медными однопроволочными з жилами ПВСнг(А)-LS 3х1,5 (ож)-0,66",raw.r1c_nomenclature,1,1
Номенклатура — расширенная,Кагатник Инсектицид,raw.r1c_nomenclature,1,1
Номенклатура — расширенная,"Кадастровые работы,экспертизы,проектирование",raw.r1c_nomenclature,1,1
Номенклатура — расширенная,Казим Инсектицид,raw.r1c_nomenclature,1,1
Номенклатура — расширенная,Кайзер Инсектицид,raw.r1c_nomenclature,1,1
Номенклатура — расширенная,Кайзо Инсектицид,raw.r1c_nomenclature,1,1
Номенклатура — расширенная,Калаш Инсектицид,raw.r1c_nomenclature,1,1
Номенклатура — расширенная,Калибел Инсектицид,raw.r1c_nomenclature,1,1
Номенклатура — расширенная,"Калий хлористый, гранулированный, 60%, МКР ",raw.r1c_nomenclature,1,1
Номенклатура — расширенная,Калийные удобрения (K),raw.r1c_nomenclature,1,1
Номенклатура — расширенная,Калимаг K2O20:MgO9,raw.r1c_nomenclature,1,1
Номенклатура — расширенная,"Калимаг гранулированный,МКР",raw.r1c_nomenclature,1,1
Номенклатура — расширенная,Калимагнезия (40кг) ,raw.r1c_nomenclature,1,1
Номенклатура — расширенная,Калипсо Инсектицид,raw.r1c_nomenclature,1,1
Номенклатура — расширенная,"Калитка каркас под лист в раме 40*25*1,5",raw.r1c_nomenclature,1,1
Номенклатура — расширенная,Камера ГАЗ 66 12.00*18,raw.r1c_nomenclature,1,1
Номенклатура — расширенная,Камера автомобильная R13,raw.r1c_nomenclature,1,1
Номенклатура — расширенная,Камикадзе Инсектицид,raw.r1c_nomenclature,1,1
Номенклатура — расширенная,Камни и ботва,raw.r1c_nomenclature,1,1
Номенклатура — расширенная,Канат ПА-Т-3пр-48мм-Б (6м),raw.r1c_nomenclature,1,1
Номенклатура — расширенная,Канат ПА-Т-3пр-56мм-Б (6м),raw.r1c_nomenclature,1,1
Номенклатура — расширенная,Канат джутовый,raw.r1c_nomenclature,1,1
Номенклатура — расширенная,Канаты,raw.r1c_nomenclature,1,1
Номенклатура — расширенная,Канистра 10л,raw.r1c_nomenclature,1,1
Номенклатура — расширенная,Канистра 20л,raw.r1c_nomenclature,1,1
Номенклатура — расширенная,Канистра 30л пластиковая с крышкой,raw.r1c_nomenclature,1,1
Номенклатура — расширенная,Канистра Сорокин 5л,raw.r1c_nomenclature,1,1
Номенклатура — расширенная,Канистры,raw.r1c_nomenclature,1,1
Номенклатура — расширенная,Канонир Дуо Инсектицид,raw.r1c_nomenclature,1,1
Номенклатура — расширенная,Капелла Инсектицид,raw.r1c_nomenclature,1,1
Номенклатура — расширенная,Каратель Инсектицид,raw.r1c_nomenclature,1,1
Номенклатура — расширенная,Каратошанс Инсектицид,raw.r1c_nomenclature,1,1
Номенклатура — расширенная,Каратэ Зеон Инсектицид,raw.r1c_nomenclature,1,1
Номенклатура — расширенная,Карачар Инсектицид,raw.r1c_nomenclature,1,1
Номенклатура — расширенная,"Карбамид,марка Б N46",raw.r1c_nomenclature,1,1
Номенклатура — расширенная,Карбезим Инсектицид,raw.r1c_nomenclature,1,1
Номенклатура — расширенная,Карбонар Инсектицид,raw.r1c_nomenclature,1,1
Номенклатура — расширенная,Карбофос-500 Инсектицид,raw.r1c_nomenclature,1,1
Номенклатура — расширенная,Карбофот Инсектицид,raw.r1c_nomenclature,1,1
Номенклатура — расширенная,Карбоцин Инсектицид,raw.r1c_nomenclature,1,1
Номенклатура — расширенная,Карбюратор,raw.r1c_nomenclature,1,1
Номенклатура — расширенная,Карданный вал AGM3*AGD20*1210*0v|1,raw.r1c_nomenclature,1,1
Номенклатура — расширенная,Карданный вал переднего моста V36644110 (Valtra),raw.r1c_nomenclature,1,1
Номенклатура — расширенная,Кардинал 500 Инсектицид,raw.r1c_nomenclature,1,1
Номенклатура — расширенная,Кардон Инсектицид,raw.r1c_nomenclature,1,1
Номенклатура — расширенная,Кариал Флекс ВДГ Фунгицид,raw.r1c_nomenclature,1,1
Номенклатура — расширенная,"КарменРС1 Красный Беби Мытый Сетка домик1,5 кг.",raw.r1c_nomenclature,1,1
Номенклатура — расширенная,КарменРС1 Красный Беби Мытый Сетка домик2 кг.,raw.r1c_nomenclature,1,1
Номенклатура — расширенная,КарменРС1 Красный Беби Мытый Сетка на рулоне25 кг.,raw.r1c_nomenclature,1,1
Номенклатура — расширенная,КарменРС1 Красный Грязный  Биг-бэг1000 кг.,raw.r1c_nomenclature,1,1
Номенклатура — расширенная,"КарменРС1 Красный Грязный  Сетка на рулоне2,5 кг. ",raw.r1c_nomenclature,1,1
Номенклатура — расширенная,КарменРС1 Красный Грязный  Сетка на рулоне25 кг.,raw.r1c_nomenclature,1,1
Номенклатура — расширенная,КарменРС1 Красный Грязный  Сетка на рулоне3 кг.,raw.r1c_nomenclature,1,1
Номенклатура — расширенная,КарменРС1 Красный Грязный  Сетка на рулоне5 кг.,raw.r1c_nomenclature,1,1
Номенклатура — расширенная,"КарменРС1 Красный Грязный 35-50 Сетка на рулоне2,5 кг.",raw.r1c_nomenclature,1,1
Номенклатура — расширенная,"КарменРС1 Красный Мытый  Сетка домик2,5 кг.",raw.r1c_nomenclature,1,1
Номенклатура — расширенная,КарменРС1 Красный Мытый  Сетка домик3 кг.,raw.r1c_nomenclature,1,1
Номенклатура — расширенная,КарменРС1 Красный Мытый  Сетка на рулоне25 кг.,raw.r1c_nomenclature,1,1
Номенклатура — расширенная,Карта водителя СКЗИ,raw.r1c_nomenclature,1,1
Номенклатура — расширенная,Картер ЗИЛ-5301 сцепления ММЗ  ,raw.r1c_nomenclature,1,1
Номенклатура — расширенная,Картофель  упак.вес (Беллороза),raw.r1c_nomenclature,1,1
Номенклатура — расширенная,Картофель  упак.вес (Вега),raw.r1c_nomenclature,1,1
Номенклатура — расширенная,Картофель  упак.вес (Гала),raw.r1c_nomenclature,1,1
Номенклатура — расширенная,Картофель  упак.вес (Коломба),raw.r1c_nomenclature,1,1
Номенклатура — расширенная,Картофель  упак.вес (Ред Скарлетт),raw.r1c_nomenclature,1,1
Номенклатура — расширенная,Картофель 2500 (гала),raw.r1c_nomenclature,1,1
Номенклатура — расширенная,Картофель 2500г,raw.r1c_nomenclature,1,1
Номенклатура — расширенная,Картофель 2500г (Северное сияние),raw.r1c_nomenclature,1,1
Номенклатура — расширенная,Картофель Беби 1500г,raw.r1c_nomenclature,1,1
Номенклатура — расширенная,Картофель Беби 1500г (Гала),raw.r1c_nomenclature,1,1
Номенклатура — расширенная,Картофель Беби 2кг.,raw.r1c_nomenclature,1,1
Номенклатура — расширенная,Картофель ГалаРС3 Белый_прямая отгрузка с поля,raw.r1c_nomenclature,1,1
Номенклатура — расширенная,Картофель ФламингоРС3 Красный_прямая отгрузка с поля,raw.r1c_nomenclature,1,1
Номенклатура — расширенная,Картофель белый мытый упак.вес (гала),raw.r1c_nomenclature,1,1
Номенклатура — расширенная,Картофель белый мытый упак.вес (коломба),raw.r1c_nomenclature,1,1
Номенклатура — расширенная,Картофель белый фас.вес (Вега),raw.r1c_nomenclature,1,1
Номенклатура — расширенная,Картофель белый фас.вес (Гала),raw.r1c_nomenclature,1,1
Номенклатура — расширенная,Картофель вторичное сырье,raw.r1c_nomenclature,1,1
Номенклатура — расширенная,Картофель для варки фас.3кг (Гала),raw.r1c_nomenclature,1,1
Номенклатура — расширенная,Картофель красный мытый упак.вес (Беллороза),raw.r1c_nomenclature,1,1
Номенклатура — расширенная,Картофель первичное сырье,raw.r1c_nomenclature,1,1
Номенклатура — расширенная,Картофель прямая отгрузка с поля,raw.r1c_nomenclature,1,1
Номенклатура — расширенная,Картофель сетка фасов.5000г (Вега),raw.r1c_nomenclature,1,1
Номенклатура — расширенная,Картофель сетка фасов.5000г (Гала),raw.r1c_nomenclature,1,1
Номенклатура — расширенная,Картофель сирень 1500г (Северное сияние),raw.r1c_nomenclature,1,1
Номенклатура — расширенная,Картофель сорт ''Аметист''(РС1) 2 023 без полива,raw.r1c_nomenclature,1,1
Номенклатура — расширенная,Картофель сорт ''Аметист''(РС1) 2 023 полив,raw.r1c_nomenclature,1,1
Номенклатура — расширенная,Картофель сорт ''Балтик Роуз''(РС2) 2 023 без полива,raw.r1c_nomenclature,1,1
Номенклатура — расширенная,Картофель сорт ''Балтик Роуз''(РС2) 2 023 полив,raw.r1c_nomenclature,1,1
Номенклатура — расширенная,Картофель сорт ''Балтик Роуз''(РС2+) 2 023 без полива,raw.r1c_nomenclature,1,1
Номенклатура — расширенная,Картофель сорт ''Балтик Роуз''(РС2+) 2 023 полив,raw.r1c_nomenclature,1,1
Номенклатура — расширенная,Картофель сорт ''Балтик Роуз''(РС2_) 2 023 полив,raw.r1c_nomenclature,1,1
Номенклатура — расширенная,Картофель сорт ''Балтик Роуз''(РС2_+) 2 023 без полива,raw.r1c_nomenclature,1,1
Номенклатура — расширенная,Картофель сорт ''Балтик Роуз''(РС2_+) 2 023 полив,raw.r1c_nomenclature,1,1
Номенклатура — расширенная,Картофель сорт ''Балтик Роуз''(РС3) 2 023 без полива,raw.r1c_nomenclature,1,1
Номенклатура — расширенная,Картофель сорт ''Балтик Роуз''(РС3) 2 023 полив,raw.r1c_nomenclature,1,1
Номенклатура — расширенная,Картофель сорт ''Балтик Роуз''(РС3) 2 024 ,raw.r1c_nomenclature,1,1
Номенклатура — расширенная,Картофель сорт ''Вега''(РС1) 2 023 без полива,raw.r1c_nomenclature,1,1
Номенклатура — расширенная,Картофель сорт ''Вега''(РС1) 2 023 полив,raw.r1c_nomenclature,1,1
Номенклатура — расширенная,Картофель сорт ''Вега''(РС2) 2 024 ,raw.r1c_nomenclature,1,1
Номенклатура — расширенная,Картофель сорт ''Вега''(РС2+) 2 024 ,raw.r1c_nomenclature,1,1
Номенклатура — расширенная,Картофель сорт ''Вега''(РС2_) 2 024 ,raw.r1c_nomenclature,1,1
Номенклатура — расширенная,Картофель сорт ''Вега''(РС2_+) 2 024 ,raw.r1c_nomenclature,1,1
Номенклатура — расширенная,Картофель сорт ''Вега''(РС2_++) 2 024 ,raw.r1c_nomenclature,1,1
Номенклатура — расширенная,Картофель сорт ''Вега''(РС3) 2 023 без полива,raw.r1c_nomenclature,1,1
Номенклатура — расширенная,Картофель сорт ''Вега''(РС3) 2 023 полив,raw.r1c_nomenclature,1,1
Номенклатура — расширенная,Картофель сорт ''Вега''(РС3++) 2 023 без полива,raw.r1c_nomenclature,1,1
Номенклатура — расширенная,Картофель сорт ''Вега''(РС3++) 2 023 полив,raw.r1c_nomenclature,1,1
Номенклатура — расширенная,Картофель сорт ''Вега''(РС3++_) 2 023 без полива,raw.r1c_nomenclature,1,1
Номенклатура — расширенная,Картофель сорт ''Вега''(РС3++_) 2 023 полив,raw.r1c_nomenclature,1,1
Номенклатура — расширенная,Картофель сорт ''Вега''(РС3+_) 2 023 без полива,raw.r1c_nomenclature,1,1
Номенклатура — расширенная,Картофель сорт ''Вега''(РС3+_) 2 023 полив,raw.r1c_nomenclature,1,1
Номенклатура — расширенная,Картофель сорт ''Вега''(РС3+о) 2 023 без полива,raw.r1c_nomenclature,1,1
Номенклатура — расширенная,Картофель сорт ''Вега''(РС3+о) 2 023 полив,raw.r1c_nomenclature,1,1
Номенклатура — расширенная,Картофель сорт ''Вега''(РС3_) 2 023 без полива,raw.r1c_nomenclature,1,1
Номенклатура — расширенная,Картофель сорт ''Вега''(РС3_) 2 023 полив,raw.r1c_nomenclature,1,1
Номенклатура — расширенная,Картофель сорт ''Вега''(РС3_+) 2 023 без полива,raw.r1c_nomenclature,1,1
Номенклатура — расширенная,Картофель сорт ''Вега''(РС3_+) 2 023 полив,raw.r1c_nomenclature,1,1
Номенклатура — расширенная,Картофель сорт ''Вега''(РС3_+оп) 2 023 без полива,raw.r1c_nomenclature,1,1
Номенклатура — расширенная,Картофель сорт ''Вега''(РС3_+оп) 2 023 полив,raw.r1c_nomenclature,1,1
Номенклатура — расширенная,Картофель сорт ''Вега''(РС3_-) 2 023 без полива,raw.r1c_nomenclature,1,1
Номенклатура — расширенная,Картофель сорт ''Вега''(РС3_-) 2 023 полив,raw.r1c_nomenclature,1,1
Номенклатура — расширенная,Картофель сорт ''Вега''(РС3_о) 2 023 без полива,raw.r1c_nomenclature,1,1
Номенклатура — расширенная,Картофель сорт ''Вега''(РС3_о) 2 023 полив,raw.r1c_nomenclature,1,1
Номенклатура — расширенная,Картофель сорт ''Вега''(РС3_оп) 2 023 без полива,raw.r1c_nomenclature,1,1
Номенклатура — расширенная,Картофель сорт ''Вега''(РС3_оп) 2 023 полив,raw.r1c_nomenclature,1,1
Номенклатура — расширенная,Картофель сорт ''Вэнди''(РС1) 2 023 без полива,raw.r1c_nomenclature,1,1
Номенклатура — расширенная,Картофель сорт ''Вэнди''(РС1) 2 023 полив,raw.r1c_nomenclature,1,1
Номенклатура — расширенная,Картофель сорт ''Вэнди''(РС2) 2 023 полив,raw.r1c_nomenclature,1,1
Номенклатура — расширенная,Картофель сорт ''Вэнди''(РС2) 2 024 ,raw.r1c_nomenclature,1,1
Номенклатура — расширенная,Картофель сорт ''Вэнди''(РС2_) 2 024 ,raw.r1c_nomenclature,1,1
Номенклатура — расширенная,Картофель сорт ''Вэнди''(РС4) 2 023 без полива,raw.r1c_nomenclature,1,1
Номенклатура — расширенная,Картофель сорт ''Вэнди''(РС4) 2 023 полив,raw.r1c_nomenclature,1,1
Номенклатура — расширенная,Картофель сорт ''Вэнди''(РС4+) 2 023 без полива,raw.r1c_nomenclature,1,1
Номенклатура — расширенная,Картофель сорт ''Вэнди''(РС4+) 2 023 полив,raw.r1c_nomenclature,1,1
Номенклатура — расширенная,Картофель сорт ''Вэнди''(РС4_) 2 023 без полива,raw.r1c_nomenclature,1,1
Номенклатура — расширенная,Картофель сорт ''Вэнди''(РС4_) 2 023 полив,raw.r1c_nomenclature,1,1
Номенклатура — расширенная,Картофель сорт ''Вэнди''(РС4_+) 2 023 без полива,raw.r1c_nomenclature,1,1
Номенклатура — расширенная,Картофель сорт ''Вэнди''(РС4_+) 2 023 полив,raw.r1c_nomenclature,1,1
Номенклатура — расширенная,Картофель сорт ''Гала''(РС1) 2 023 без полива,raw.r1c_nomenclature,1,1
Номенклатура — расширенная,Картофель сорт ''Гала''(РС1) 2 023 полив,raw.r1c_nomenclature,1,1
Номенклатура — расширенная,Картофель сорт ''Гала''(РС2) 2 023 без полива,raw.r1c_nomenclature,1,1
Номенклатура — расширенная,Картофель сорт ''Гала''(РС2) 2 023 полив,raw.r1c_nomenclature,1,1
Номенклатура — расширенная,Картофель сорт ''Гала''(РС2) 2 024 ,raw.r1c_nomenclature,1,1
Номенклатура — расширенная,Картофель сорт ''Гала''(РС2+) 2 024 ,raw.r1c_nomenclature,1,1
Номенклатура — расширенная,Картофель сорт ''Гала''(РС2_) 2 023 без полива,raw.r1c_nomenclature,1,1
Номенклатура — расширенная,Картофель сорт ''Гала''(РС2_) 2 023 полив,raw.r1c_nomenclature,1,1
Номенклатура — расширенная,Картофель сорт ''Гала''(РС2_) 2 024 ,raw.r1c_nomenclature,1,1
Номенклатура — расширенная,Картофель сорт ''Гала''(РС2_+) 2 023 без полива,raw.r1c_nomenclature,1,1
Номенклатура — расширенная,Картофель сорт ''Гала''(РС2_+) 2 023 полив,raw.r1c_nomenclature,1,1
Номенклатура — расширенная,Картофель сорт ''Гала''(РС2_+) 2 024 ,raw.r1c_nomenclature,1,1
Номенклатура — расширенная,Картофель сорт ''Гала''(РС2_++) 2 024 ,raw.r1c_nomenclature,1,1
Номенклатура — расширенная,Картофель сорт ''Гала''(РС3) 2 023 без полива,raw.r1c_nomenclature,1,1
Номенклатура — расширенная,Картофель сорт ''Гала''(РС3) 2 023 полив,raw.r1c_nomenclature,1,1
Номенклатура — расширенная,Картофель сорт ''Гала''(РС3) 2 024 ,raw.r1c_nomenclature,1,1
Номенклатура — расширенная,Картофель сорт ''Гала''(РС3+) 2 023 без полива,raw.r1c_nomenclature,1,1
Номенклатура — расширенная,Картофель сорт ''Гала''(РС3+) 2 023 полив,raw.r1c_nomenclature,1,1
Номенклатура — расширенная,Картофель сорт ''Гала''(РС3_) 2 023 без полива,raw.r1c_nomenclature,1,1
Номенклатура — расширенная,Картофель сорт ''Гала''(РС3_) 2 023 полив,raw.r1c_nomenclature,1,1
Номенклатура — расширенная,Картофель сорт ''Гала''(РС3_+) 2 023 без полива,raw.r1c_nomenclature,1,1
Номенклатура — расширенная,Картофель сорт ''Гала''(РС3_++) 2 023 без полива,raw.r1c_nomenclature,1,1
Номенклатура — расширенная,Картофель сорт ''Гала''(РС3_++) 2 023 полив,raw.r1c_nomenclature,1,1
Номенклатура — расширенная,Картофель сорт ''Гала''(РС3_оп) 2 023 без полива,raw.r1c_nomenclature,1,1
Номенклатура — расширенная,Картофель сорт ''Гала''(РС3_оп) 2 023 полив,raw.r1c_nomenclature,1,1
Номенклатура — расширенная,Картофель сорт ''Индиго''(РС3) 2 023 без полива,raw.r1c_nomenclature,1,1
Номенклатура — расширенная,Картофель сорт ''Индиго''(РС3) 2 023 полив,raw.r1c_nomenclature,1,1
Номенклатура — расширенная,Картофель сорт ''Кармен''(РС2) 2 023 без полива,raw.r1c_nomenclature,1,1
Номенклатура — расширенная,Картофель сорт ''Кармен''(РС2) 2 023 полив,raw.r1c_nomenclature,1,1
Номенклатура — расширенная,Картофель сорт ''Коломба''(РС1) 2 023 без полива,raw.r1c_nomenclature,1,1
Номенклатура — расширенная,Картофель сорт ''Коломба''(РС1) 2 023 полив,raw.r1c_nomenclature,1,1
Номенклатура — расширенная,Картофель сорт ''Коломба''(РС2) 2 023 без полива,raw.r1c_nomenclature,1,1
Номенклатура — расширенная,Картофель сорт ''Коломба''(РС2) 2 023 полив,raw.r1c_nomenclature,1,1
Номенклатура — расширенная,Картофель сорт ''Коломба''(РС2+) 2 023 без полива,raw.r1c_nomenclature,1,1
Номенклатура — расширенная,Картофель сорт ''Коломба''(РС2+) 2 023 полив,raw.r1c_nomenclature,1,1
Номенклатура — расширенная,Картофель сорт ''Коломба''(РС2_) 2 023 без полива,raw.r1c_nomenclature,1,1
Номенклатура — расширенная,Картофель сорт ''Коломба''(РС2_) 2 023 полив,raw.r1c_nomenclature,1,1
Номенклатура — расширенная,Картофель сорт ''Мадейра''(РС2) 2 023 без полива,raw.r1c_nomenclature,1,1
Номенклатура — расширенная,Картофель сорт ''Мадейра''(РС2) 2 023 полив,raw.r1c_nomenclature,1,1
Номенклатура — расширенная,Картофель сорт ''Северное сияние''(РС3) 2 023 без полива,raw.r1c_nomenclature,1,1
Номенклатура — расширенная,Картофель сорт ''Северное сияние''(РС3) 2 023 полив,raw.r1c_nomenclature,1,1
Номенклатура — расширенная,Картофель сорт ''Фламинго''(РС1) 2 023 без полива,raw.r1c_nomenclature,1,1
Номенклатура — расширенная,Картофель сорт ''Фламинго''(РС1) 2 023 полив,raw.r1c_nomenclature,1,1
Номенклатура — расширенная,Картофель сорт ''Фламинго''(РС2)  полив,raw.r1c_nomenclature,1,1
Номенклатура — расширенная,Картофель сорт ''Фламинго''(РС2) 2 024 ,raw.r1c_nomenclature,1,1
Номенклатура — расширенная,Картофель цветной,raw.r1c_nomenclature,1,1
Номенклатура — расширенная,Картофель. Урожай с поля.,raw.r1c_nomenclature,1,1
Номенклатура — расширенная,Картридж турбины,raw.r1c_nomenclature,1,1
Номенклатура — расширенная,Картридж фильтра воздушного D66X62мм  LB50/75,raw.r1c_nomenclature,1,1
Номенклатура — расширенная,Категорирование помещений по взрывопожарной и пожарной опасности,raw.r1c_nomenclature,1,1
Номенклатура — расширенная,Каток гидравлический гребнеупл.4ХШМ75,raw.r1c_nomenclature,1,1
Номенклатура — расширенная,Кафом PKCa 20.5.5,raw.r1c_nomenclature,1,1
Номенклатура — расширенная,Квадрис Инсектицид,raw.r1c_nomenclature,1,1
Номенклатура — расширенная,Квестор Инсектицид,raw.r1c_nomenclature,1,1
Номенклатура — расширенная,Квик Линк водорастворимое удобрение,raw.r1c_nomenclature,1,1
Номенклатура — расширенная,"Квикстеп, МКЭ Гербицид ",raw.r1c_nomenclature,1,1
Номенклатура — расширенная,"Керамзит (0,04 м3)",raw.r1c_nomenclature,1,1
Номенклатура — расширенная,Керосин,raw.r1c_nomenclature,1,1
Номенклатура — расширенная,Керосин ТС-1,raw.r1c_nomenclature,1,1
Номенклатура — расширенная,Кинг Комби 178-01-1763-0 Инсектицид,raw.r1c_nomenclature,1,1
Номенклатура — расширенная,Кинг Комби 178-02-1757-0 Инсектицид,raw.r1c_nomenclature,1,1
Номенклатура — расширенная,Кинмикс Инсектицид,raw.r1c_nomenclature,1,1
Номенклатура — расширенная,Кинто Дуо Инсектицид,raw.r1c_nomenclature,1,1
Номенклатура — расширенная,Кинфос Инсектицид,raw.r1c_nomenclature,1,1
Номенклатура — расширенная,Клад Инсектицид,raw.r1c_nomenclature,1,1
Номенклатура — расширенная,Клапан EGR,raw.r1c_nomenclature,1,1
Номенклатура — расширенная,Клапан V5/2 (М) ЕВ80,raw.r1c_nomenclature,1,1
Номенклатура — расширенная,Клонрин Инсектицид,raw.r1c_nomenclature,1,1
Номенклатура — расширенная,Клотиамет Дуо Инсектицид,raw.r1c_nomenclature,1,1
Номенклатура — расширенная,Клотиамет Инсектицид,raw.r1c_nomenclature,1,1
Номенклатура — расширенная,Клотиамет-С Инсектицид,raw.r1c_nomenclature,1,1
Номенклатура — расширенная,Клотианидин Про Инсектицид,raw.r1c_nomenclature,1,1
Номенклатура — расширенная,Ключ балонный,raw.r1c_nomenclature,1,1
Номенклатура — расширенная,Ключ для куботейнера с регулировкой зажима оцинкованный,raw.r1c_nomenclature,1,1
Номенклатура — расширенная,Ключ комбинированный 10мм,raw.r1c_nomenclature,1,1
Номенклатура — расширенная,Ключ комбинированный 12мм,raw.r1c_nomenclature,1,1
Номенклатура — расширенная,Ключ комбинированный х 10 мм Дело Техники ,raw.r1c_nomenclature,1,1
Номенклатура — расширенная,Ключ рожковый односторонний 50мм,raw.r1c_nomenclature,1,1
Номенклатура — расширенная,Кнопка выхода,raw.r1c_nomenclature,1,1
Номенклатура — расширенная,Кнопка переключения хода в сборе с рукояткой,raw.r1c_nomenclature,1,1
Номенклатура — расширенная,"Коврик ячеистый, грязесборный 50х100х1,6см VORTEX ",raw.r1c_nomenclature,1,1
Номенклатура — расширенная,Ковш ЖРВИ 735 224 040 (Ложечка),raw.r1c_nomenclature,1,1
Номенклатура — расширенная,Колба биг блю 20 с картриджем,raw.r1c_nomenclature,1,1
Номенклатура — расширенная,"Колесо 9,5К42",raw.r1c_nomenclature,1,1
Номенклатура — расширенная,"Колесо опорное бороны Aktyvator 18,5*8.50-8",raw.r1c_nomenclature,1,1
Номенклатура — расширенная,Коллектор пл 3 выхода 28*20,raw.r1c_nomenclature,1,1
Номенклатура — расширенная,Коллектор пл 3 выхода 32*20,raw.r1c_nomenclature,1,1
Номенклатура — расширенная,Коллектор с кранами 2 выхода,raw.r1c_nomenclature,1,1
Номенклатура — расширенная,Колодка тормозная задняя ,raw.r1c_nomenclature,1,1
Номенклатура — расширенная,Колодки дисковые Hyundai Sarta Fe2.4-2.0,raw.r1c_nomenclature,1,1
Номенклатура — расширенная,Колодки задние,raw.r1c_nomenclature,1,1
Номенклатура — расширенная,"Колодки тормозные ЗИЛ-130,133,433360 задние металлические без ролика 140мм",raw.r1c_nomenclature,1,1
Номенклатура — расширенная,"Колодки тормозные ЗИЛ-130,133,433360 передние сварные с роликом 70мм",raw.r1c_nomenclature,1,1
Номенклатура — расширенная,Коломба РС2 грязный  Сетка на рулоне 10кг. Без полива,raw.r1c_nomenclature,1,1
Номенклатура — расширенная,Коломба РС2 грязный  Сетка на рулоне 10кг. Полив,raw.r1c_nomenclature,1,1
Номенклатура — расширенная,Коломба РС2 грязный  Сетка на рулоне 25кг. Без полива,raw.r1c_nomenclature,1,1
Номенклатура — расширенная,Коломба РС2 грязный  Сетка на рулоне 25кг. Полив,raw.r1c_nomenclature,1,1
Номенклатура — расширенная,Коломба РС2 грязный  Сетка на рулоне 3кг. Без полива,raw.r1c_nomenclature,1,1
Номенклатура — расширенная,Коломба РС2 грязный  Сетка на рулоне 3кг. Полив,raw.r1c_nomenclature,1,1
Номенклатура — расширенная,Коломба РС2 грязный  Сетка на рулоне 5кг. Без полива,raw.r1c_nomenclature,1,1
Номенклатура — расширенная,Коломба РС2 грязный  Сетка на рулоне 5кг. Полив,raw.r1c_nomenclature,1,1
Номенклатура — расширенная,Коломба РС2 грязный Сетка на рулоне 2.5кг. Без полива,raw.r1c_nomenclature,1,1
Номенклатура — расширенная,Коломба РС2 грязный Сетка на рулоне 2.5кг. Полив,raw.r1c_nomenclature,1,1
Номенклатура — расширенная,Коломба РС2 мытый  Сетка 25кг. Без полива,raw.r1c_nomenclature,1,1
Номенклатура — расширенная,Коломба РС2 мытый  Сетка 25кг. Полив,raw.r1c_nomenclature,1,1
Номенклатура — расширенная,"Коломба РС2 мытый Сетка-домик 2,5кг. Без полива",raw.r1c_nomenclature,1,1
Номенклатура — расширенная,"Коломба РС2 мытый Сетка-домик 2,5кг. Полив",raw.r1c_nomenclature,1,1
Номенклатура — расширенная,Коломба РС2 мытый Сетка-домик 3кг Без полива,raw.r1c_nomenclature,1,1
Номенклатура — расширенная,Коломба РС2 мытый Сетка-домик 3кг Полив,raw.r1c_nomenclature,1,1
Номенклатура — расширенная,Коломба РС2 семена  Сетка на рулоне 25кг. Без полива,raw.r1c_nomenclature,1,1
Номенклатура — расширенная,Коломба РС2 семена  Сетка на рулоне 25кг. Полив,raw.r1c_nomenclature,1,1
Номенклатура — расширенная,"Коломба РС2 семена  пастеризованный 0,5кг. Без полива",raw.r1c_nomenclature,1,1
Номенклатура — расширенная,"Коломба РС2 семена  пастеризованный 0,5кг. Полив",raw.r1c_nomenclature,1,1
Номенклатура — расширенная,Коломба РС2 семена Сетка на завязке 25кг. Без полива,raw.r1c_nomenclature,1,1
Номенклатура — расширенная,Коломба РС2 семена Сетка на завязке 25кг. Полив,raw.r1c_nomenclature,1,1
Номенклатура — расширенная,Коломба РС2 семена биг-бег 1000кг. Без полива,raw.r1c_nomenclature,1,1
Номенклатура — расширенная,Коломба РС2 семена биг-бег 1000кг. Полив,raw.r1c_nomenclature,1,1
Номенклатура — расширенная,Колорадо Инсектицид,raw.r1c_nomenclature,1,1
Номенклатура — расширенная,Колосаль Инсектицид,raw.r1c_nomenclature,1,1
Номенклатура — расширенная,Колосаль Про Инсектицид,raw.r1c_nomenclature,1,1
Номенклатура — расширенная,Колпачок WZ 1900733,raw.r1c_nomenclature,1,1
Номенклатура — расширенная,Колпачок М12 (ключ19) Серый цвет,raw.r1c_nomenclature,1,1
Номенклатура — расширенная,Колфуго Дуплет Инсектицид,raw.r1c_nomenclature,1,1
Номенклатура — расширенная,Колфуго Супер Инсектицид,raw.r1c_nomenclature,1,1
Номенклатура — расширенная,Кольцевое  уплотнение,raw.r1c_nomenclature,1,1
Номенклатура — расширенная,Кольцо  F334300020120 (КН3946),raw.r1c_nomenclature,1,1
Номенклатура — расширенная,Кольцо 070-080-58,raw.r1c_nomenclature,1,1
Номенклатура — расширенная,Кольцо 31791600 001.11.3340,raw.r1c_nomenclature,1,1
Номенклатура — расширенная,Кольцо 31864300,raw.r1c_nomenclature,1,1
Номенклатура — расширенная,Кольцо KG4060,raw.r1c_nomenclature,1,1
Номенклатура — расширенная,Кольцо КН3784,raw.r1c_nomenclature,1,1
Номенклатура — расширенная,Кольцо КН4932,raw.r1c_nomenclature,1,1
Номенклатура — расширенная,Кольцо МТЗ передн.вед. мост ГОСТ 9833-73,raw.r1c_nomenclature,1,1
Номенклатура — расширенная,Кольцо поршневое,raw.r1c_nomenclature,1,1
Номенклатура — расширенная,Кольцо уплотнительное ,raw.r1c_nomenclature,1,1
Номенклатура — расширенная,"Командировочные расходы, проживание наемного персонала",raw.r1c_nomenclature,1,1
Номенклатура — расширенная,Командор Инсектицид,raw.r1c_nomenclature,1,1
Номенклатура — расширенная,Командор Макси Инсектицид,raw.r1c_nomenclature,1,1
Номенклатура — расширенная,Комбанирование/уборка картофеля,raw.r1c_nomenclature,1,1
Номенклатура — расширенная,Комбанирование/уборка картофеля  (почасовая оплата),raw.r1c_nomenclature,1,1
Номенклатура — расширенная,Комбинация приборов МТЗ(6 приборов) ВЗЭП КД 8071-4,raw.r1c_nomenclature,1,1
Номенклатура — расширенная,Комбиполотно,raw.r1c_nomenclature,1,1
Номенклатура — расширенная,"Комбиполотно 630мм ""Лесные дали"" 3п2сКартофель Беби (сетка экстр.белая)",raw.r1c_nomenclature,1,1
Номенклатура — расширенная,"Комбиполотно 630мм ""Лесные дали"" 3п2сКартофель Беби (сетка экстр.желтая)",raw.r1c_nomenclature,1,1
Номенклатура — расширенная,"Комбиполотно 630мм ""Лесные дали"" 3п2сКартофель белый (сетка экстр.белая)",raw.r1c_nomenclature,1,1
Номенклатура — расширенная,"Комбиполотно 630мм ""Лесные дали"" 3п2сКартофель красный (сетка экстр.красная)",raw.r1c_nomenclature,1,1
Номенклатура — расширенная,"Комбиполотно 630мм ""Лесные дали"" 3п2сКартофель фиолетовый (сетка экстр.красная)",raw.r1c_nomenclature,1,1
Номенклатура — расширенная,"Комбиполотно 630мм ""Лесные дали"" Картофель Бэби лента 180мм 50 мкр.глянец",raw.r1c_nomenclature,1,1
Номенклатура — расширенная,"Комбиполотно 630мм ""Лесные дали"" Картофель Индиго лента 180мм 50 мкр.глянец",raw.r1c_nomenclature,1,1
Номенклатура — расширенная,"Комбиполотно 630мм ""Лесные дали"" Картофель Красный ""В""лента 180мм 50 мкр.глянец",raw.r1c_nomenclature,1,1
Номенклатура — расширенная,"Комбиполотно 630мм ""Лесные дали"" Картофель Красный ""С""лента 180мм 50 мкр.глянец",raw.r1c_nomenclature,1,1
Номенклатура — расширенная,"Комбиполотно 630мм ""Лесные дали"" Картофель Северное Сияние лента 180мм 50 мкр.глянец",raw.r1c_nomenclature,1,1
Номенклатура — расширенная,"Комбиполотно 630мм ""Лесные дали"" Картофель белый ""А""лента 180мм 50 мкр.глянец",raw.r1c_nomenclature,1,1
Номенклатура — расширенная,"Комбиполотно 630мм ""Лесные дали"" Картофель белый ""В""лента 180мм 50 мкр.глянец",raw.r1c_nomenclature,1,1
Номенклатура — расширенная,"Комбиполотно 630мм Generic Rotato 3п2с, 152вт,экструзия BROWN",raw.r1c_nomenclature,1,1
Номенклатура — расширенная,"Комбиполотно желтое категория А,В,Агролайн",raw.r1c_nomenclature,1,1
Номенклатура — расширенная,"Комбиполотно красное категория А,В,Агролайн",raw.r1c_nomenclature,1,1
Номенклатура — расширенная,Комбиполотно обезличка,raw.r1c_nomenclature,1,1
Номенклатура — расширенная,Комиссия,raw.r1c_nomenclature,1,1
Номенклатура — расширенная,Коммутатор 8 портов 100Мбит/с настольный ES-108AV3-EU0101F,raw.r1c_nomenclature,1,1
Номенклатура — расширенная,Коммутатор сетевой CS-105BV3-EU0101F,raw.r1c_nomenclature,1,1
Номенклатура — расширенная,Компакт Инсектицид,raw.r1c_nomenclature,1,1
Номенклатура — расширенная,Компенсация затрат по заправке техники топливом,raw.r1c_nomenclature,1,1
Номенклатура — расширенная,Комплекс работ по разработке и внедрению MVP системы видеоаналитики ,raw.r1c_nomenclature,1,1
Номенклатура — расширенная,Комплексные удобрения,raw.r1c_nomenclature,1,1
Номенклатура — расширенная,Комплексные удобрения ,raw.r1c_nomenclature,1,1
Номенклатура — расширенная,Комплект Фланец стальной плоский Ду 32 Ру16 Ст20 ГОСТ 12820-80,raw.r1c_nomenclature,1,1
Номенклатура — расширенная,Комплект автоматики для воздухоохладителя,raw.r1c_nomenclature,1,1
Номенклатура — расширенная,Комплект монтажных материалов,raw.r1c_nomenclature,1,1
Номенклатура — расширенная,Комплект расходных материалов для монтажа холодильного агрегата,raw.r1c_nomenclature,1,1
Номенклатура — расширенная,"Комплект расходных материалов для монтажа холодильной камеры 12,0*6,0*4,75",raw.r1c_nomenclature,1,1
Номенклатура — расширенная,"Комплект расходных материалов для монтажа холодильной камеры 24,0*12,0*5,6",raw.r1c_nomenclature,1,1
Номенклатура — расширенная,"Комплект расходных материалов для обустройства системы вентиляции в камере 12,0*6,0*4,75",raw.r1c_nomenclature,1,1
Номенклатура — расширенная,Комплект сменных узлов к автоматической сеткозашивочн.машине R-2 ,raw.r1c_nomenclature,1,1
Номенклатура — расширенная,Комплект холодильной автоматики для СТЕ 502Е,raw.r1c_nomenclature,2,2
Номенклатура — расширенная,Комплектующие для цеха по переработке,raw.r1c_nomenclature,1,1
Номенклатура — расширенная,Компрессор 32838600,raw.r1c_nomenclature,1,1
Номенклатура — расширенная,Компрессор СБ 4/Ф-500 LB 75,raw.r1c_nomenclature,1,1
Номенклатура — расширенная,Компрессорно-конденс.агрегат МГА на базе компрессора BITZER марки 4НЕ-25 Y40 квт приТо=5 гр.С То=5 г,raw.r1c_nomenclature,1,1
Номенклатура — расширенная,Компрессорно-конденсаторный агрегат на базе компрессора Frascolod Италия марки АКР Q733Y в сборе,raw.r1c_nomenclature,1,1
Номенклатура — расширенная,Компрессорно-конденсаторный агрегат на базе компрессора Frascolod Италия марки АКР Z35106Y в сборе,raw.r1c_nomenclature,1,1
Номенклатура — расширенная,Комфибой Инсектицид,raw.r1c_nomenclature,1,1
Номенклатура — расширенная,Комфорт Инсектицид,raw.r1c_nomenclature,1,1
Номенклатура — расширенная,Конвейер загрузочный Р-200/25,raw.r1c_nomenclature,1,1
Номенклатура — расширенная,Конвейер загрузочный Р-260/60,raw.r1c_nomenclature,1,1
Номенклатура — расширенная,Конвейер загрузочный Р-300/25,raw.r1c_nomenclature,1,1
Номенклатура — расширенная,Конвейер загрузочный Р-320/60,raw.r1c_nomenclature,1,1
Номенклатура — расширенная,Конвейер загрузочный Р-450/50,raw.r1c_nomenclature,1,1
Номенклатура — расширенная,"Конвейер загрузочный Р-500/70 (защитный тент,тормоз)",raw.r1c_nomenclature,1,1
Номенклатура — расширенная,Конвейер наклонный  Р-340/50 (регулировка скорости),raw.r1c_nomenclature,1,1
Номенклатура — расширенная,Конвейер наклонный  Р-430/50 (регулировка скорости),raw.r1c_nomenclature,1,1
Номенклатура — расширенная,"Конвейер наклонный  Р-520/50 (регулировка скорости тент,поворотные колеса)",raw.r1c_nomenclature,1,1
Номенклатура — расширенная,Конвейер наклонный  Р-550/50 (регулировка скорости тент),raw.r1c_nomenclature,1,1
Номенклатура — расширенная,Конвейерная лента,raw.r1c_nomenclature,1,1
Номенклатура — расширенная,Конкорд Инсектицид,raw.r1c_nomenclature,1,1
Номенклатура — расширенная,Конкур Инсектицид,raw.r1c_nomenclature,1,1
Номенклатура — расширенная,Коннектор 8Р8С UTP 5е(RJ-45),raw.r1c_nomenclature,1,1
Номенклатура — расширенная,Консоль К4 (430/2 шт.) L-500 ,raw.r1c_nomenclature,1,1
Номенклатура — расширенная,Консул Инсектицид,raw.r1c_nomenclature,1,1
Номенклатура — расширенная,Консультационные и сопроводительные услуги в области подтверждения соответствия,raw.r1c_nomenclature,1,1
Номенклатура — расширенная,Консультационные услуги,raw.r1c_nomenclature,1,1
Номенклатура — расширенная,"Консультационные, бухгалтерские, IT, юридические услуги",raw.r1c_nomenclature,1,1
Номенклатура — расширенная,Контадор Инсектицид,raw.r1c_nomenclature,1,1
Номенклатура — расширенная,Контейнер деревянный для хранения с/х продукции 1600*1200*1200,raw.r1c_nomenclature,1,1
Номенклатура — расширенная,"Контейнер п/э 1200*1000*900 сплошной, на колесах, цв.зеленый",raw.r1c_nomenclature,1,1
Номенклатура — расширенная,Контейнер полимерный 11.602F 92PE.C10 1200х800х800,raw.r1c_nomenclature,1,1
Номенклатура — расширенная,Контейнер-бак мусорный 120л. на 2-х колесах с крышкой серый,raw.r1c_nomenclature,1,1
Номенклатура — расширенная,Контейнероопрокидыватель КОБ2,raw.r1c_nomenclature,1,1
Номенклатура — расширенная,Контейнероопрокидыватель КОБ3,raw.r1c_nomenclature,1,1
Номенклатура — расширенная,Конфиделин Инсектицид,raw.r1c_nomenclature,1,1
Номенклатура — расширенная,Конфиделин Супер Инсектицид,raw.r1c_nomenclature,1,1
Номенклатура — расширенная,Конфидор Инсектицид,raw.r1c_nomenclature,1,1
Номенклатура — расширенная,Кораген Инсектицид,raw.r1c_nomenclature,1,1
Номенклатура — расширенная,Корадо Инсектицид,raw.r1c_nomenclature,1,1
Номенклатура — расширенная,Корм для пчел Би Фонда 1 кг,raw.r1c_nomenclature,1,1
Номенклатура — расширенная,"Кормушка пластиковая 2,4л",raw.r1c_nomenclature,1,1
Номенклатура — расширенная,"Кормушка пластиковая 3,5 л",raw.r1c_nomenclature,1,1
Номенклатура — расширенная,Корневин СП,raw.r1c_nomenclature,1,1
Номенклатура — расширенная,Корпус Дадан Стандарт производство РБ ,raw.r1c_nomenclature,1,1
Номенклатура — расширенная,Корпус МТЗ-1221 подшипника РУП МТЗ,raw.r1c_nomenclature,1,1
Номенклатура — расширенная,Корпус Магазин Стандарт производство РБ,raw.r1c_nomenclature,1,1
Номенклатура — расширенная,Корпус крепления моста 36246000,raw.r1c_nomenclature,1,1
Номенклатура — расширенная,Корпус крепления моста 37956500,raw.r1c_nomenclature,1,1
Номенклатура — расширенная,Корпус моста 37955910,raw.r1c_nomenclature,1,1
Номенклатура — расширенная,Корпус подшибника Н 026.016.02 (запчасть),raw.r1c_nomenclature,1,1
Номенклатура — расширенная,Корпус распылителя КР-14 в сборе концевой,raw.r1c_nomenclature,1,1
Номенклатура — расширенная,Корпус термостата в сборе,raw.r1c_nomenclature,1,1
Номенклатура — расширенная,Корпус фильтра тонкой оч.топлива 245-1117081,raw.r1c_nomenclature,1,1
Номенклатура — расширенная,Котел автоматический Pellet Black 135кВт 2R-700,raw.r1c_nomenclature,1,1
Номенклатура — расширенная,"Котел отопительный водогрейный КУППЕР ПРО-42 (2018)",raw.r1c_nomenclature,1,1
Номенклатура — расширенная,Краги спилковые пятипальные красные КРА202,raw.r1c_nomenclature,1,1
Номенклатура — расширенная,Кран 15 бабочка Г-Ш,raw.r1c_nomenclature,1,1
Номенклатура — расширенная,Кран 20 бабочка Г-Ш,raw.r1c_nomenclature,1,1
Номенклатура — расширенная,Кран 20 ручка Г-Г,raw.r1c_nomenclature,1,1
Номенклатура — расширенная,Кран ПНД муфта-муфта 32,raw.r1c_nomenclature,1,1
Номенклатура — расширенная,Кран ПНД муфта-муфта 63,raw.r1c_nomenclature,1,1
Номенклатура — расширенная,Кран латун. шар 40 ручка,raw.r1c_nomenclature,1,1
Номенклатура — расширенная,Кран латунный шаровый 20 ручка,raw.r1c_nomenclature,1,1
Номенклатура — расширенная,Кран латунный шаровый 32 ручка,raw.r1c_nomenclature,1,1
Номенклатура — расширенная,Кран латунный шаровый 40 ручка,raw.r1c_nomenclature,1,1
Номенклатура — расширенная,Кран металлический,raw.r1c_nomenclature,1,1
Номенклатура — расширенная,Кран мини 3-х проходной для стир. машин 448510,raw.r1c_nomenclature,1,1
Номенклатура — расширенная,Кран муфта-муфта 25,raw.r1c_nomenclature,1,1
Номенклатура — расширенная,Кран пластиковый 20,raw.r1c_nomenclature,1,1
Номенклатура — расширенная,Кран пластиковый 20 1/2 НР,raw.r1c_nomenclature,1,1
Номенклатура — расширенная,Кран пластиковый 32(5),raw.r1c_nomenclature,1,1
Номенклатура — расширенная,Кран стартовый лайфлет-лента стандарт,raw.r1c_nomenclature,1,1
Номенклатура — расширенная,Крашка для стола 1м,raw.r1c_nomenclature,1,1
Номенклатура — расширенная,Кредо Инсектицид,raw.r1c_nomenclature,1,1
Номенклатура — расширенная,"Кредо, СК Фунгицид ",raw.r1c_nomenclature,1,1
Номенклатура — расширенная,Крепеж,raw.r1c_nomenclature,1,1
Номенклатура — расширенная,Крепеж д.300 (серый) ,raw.r1c_nomenclature,1,1
Номенклатура — расширенная,Крепление сантехническое набор,raw.r1c_nomenclature,1,1
Номенклатура — расширенная,Крестовина  КАМАЗ вала карданного большая (57х152 мм),raw.r1c_nomenclature,1,1
Номенклатура — расширенная,Крестовина  УАЗ вала карданного с масленкой и стопорными кольцами,raw.r1c_nomenclature,1,1
Номенклатура — расширенная,Крестовина в сборе W2580,raw.r1c_nomenclature,1,1
Номенклатура — расширенная,Крестовина в сборе W2600,raw.r1c_nomenclature,1,1
Номенклатура — расширенная,Крестовина ник. 20,raw.r1c_nomenclature,1,1
Номенклатура — расширенная,Кронштейн  36073100,raw.r1c_nomenclature,1,1
Номенклатура — расширенная,Кронштейн  36073200,raw.r1c_nomenclature,1,1
Номенклатура — расширенная,Кронштейн  генератора ЯМЗ-240,raw.r1c_nomenclature,1,1
Номенклатура — расширенная,Кронштейн КПБ-2-103400А,raw.r1c_nomenclature,1,1
Номенклатура — расширенная,Кронштейн КПБ-2-103400А-01,raw.r1c_nomenclature,1,1
Номенклатура — расширенная,Кронштейн КПБ-260-2-0103280,raw.r1c_nomenclature,1,1
Номенклатура — расширенная,Кронштейн СК 4.10.03.100,raw.r1c_nomenclature,1,1
Номенклатура — расширенная,Кронштейн СК 4.10.03.200,raw.r1c_nomenclature,1,1
Номенклатура — расширенная,Кронштейн компрессора 35398020,raw.r1c_nomenclature,1,1
Номенклатура — расширенная,Круг лепест 125х22мм п/металлу зерно 40,raw.r1c_nomenclature,1,1
Номенклатура — расширенная,Круг лепест 125х22мм п/металлу зерно 60,raw.r1c_nomenclature,1,1
Номенклатура — расширенная,Круг лепест 125х22мм п/металлу зерно 80,raw.r1c_nomenclature,1,1
Номенклатура — расширенная,"Круг отрезной  метал.230х2,0х22А",raw.r1c_nomenclature,1,1
Номенклатура — расширенная,"Круг отрезной 125х1,2х22",raw.r1c_nomenclature,1,1
Номенклатура — расширенная,Круйзер Рапс Р Инсектицид,raw.r1c_nomenclature,1,1
Номенклатура — расширенная,Крыша Стандарт производство РБ ,raw.r1c_nomenclature,1,1
Номенклатура — расширенная,Крышка не формованная для поддона 1260х600х60,raw.r1c_nomenclature,1,1
Номенклатура — расширенная,Крышка подшибника Н 026.116 (запчасть),raw.r1c_nomenclature,1,1
Номенклатура — расширенная,Крышка расширительного бачка Газель,raw.r1c_nomenclature,1,1
Номенклатура — расширенная,Куботейнер 12л,raw.r1c_nomenclature,1,1
Номенклатура — расширенная,Куботейнер 23л,raw.r1c_nomenclature,1,1
Номенклатура — расширенная,Культивация,raw.r1c_nomenclature,1,1
Номенклатура — расширенная,Культуртехнические работы ,raw.r1c_nomenclature,1,1
Номенклатура — расширенная,Кунгфу Инсектицид,raw.r1c_nomenclature,1,1
Номенклатура — расширенная,Кунгфу Супер Инсектицид,raw.r1c_nomenclature,1,1
Номенклатура — расширенная,Курьерские услуги,raw.r1c_nomenclature,1,1
Номенклатура — расширенная,Кусачки 1PK-5101-E антистатические Pro'sKit ProsKit ,raw.r1c_nomenclature,1,1
Номенклатура — расширенная,Кэнсел Инсектицид,raw.r1c_nomenclature,1,1
Номенклатура — расширенная,Лабораторная диагностика и  гельминтологическая экспертиза образцов,raw.r1c_nomenclature,1,1
Номенклатура — расширенная,"Лазурит Супер,КНЭ Гербицид ",raw.r1c_nomenclature,1,1
Номенклатура — расширенная,Лазурит Ультра СК Гербицид ,raw.r1c_nomenclature,1,1
Номенклатура — расширенная,"Лайфлет диаметр 110мм,4 атм,Корея",raw.r1c_nomenclature,1,1
Номенклатура — расширенная,Ламадор Инсектицид,raw.r1c_nomenclature,1,1
Номенклатура — расширенная,Ламадор Про Инсектицид,raw.r1c_nomenclature,1,1
Номенклатура — расширенная,Лампа 12V автомобильная без цокаля,raw.r1c_nomenclature,1,1
Номенклатура — расширенная,Лампа 12v -R5W BA15s увеличенный срок службы Long Life HNG 12150,raw.r1c_nomenclature,1,1
Номенклатура — расширенная,Лампа 12v -Н7 55W РХ26d  OSRAM,raw.r1c_nomenclature,1,1
Номенклатура — расширенная,Лампа voleo Н4,raw.r1c_nomenclature,1,1
Номенклатура — расширенная,Ланнат 20 Л Инсектицид,raw.r1c_nomenclature,1,1
Номенклатура — расширенная,Ланнат Инсектицид,raw.r1c_nomenclature,1,1
Номенклатура — расширенная,Ланта Инсектицид,raw.r1c_nomenclature,1,1
Номенклатура — расширенная,"Лапа КПЭ,КТС 410мм наплавл. Рубцовск",raw.r1c_nomenclature,1,1
Номенклатура — расширенная,"Лапы на Мотор-редуктор С212-Р-36,8-S1-ВЗМ(крот)",raw.r1c_nomenclature,1,1
Номенклатура — расширенная,Ларимар Инсектицид,raw.r1c_nomenclature,1,1
Номенклатура — расширенная,Легкая переработка,raw.r1c_nomenclature,4,4
Номенклатура — расширенная,Лемех наплавленный ПНЧС 01-700  Алмаз Premium,raw.r1c_nomenclature,1,1
Номенклатура — расширенная,Лената МТЗ ВОМ без рычага широкая (56мм) БЗТДиА,raw.r1c_nomenclature,1,1
Номенклатура — расширенная,Лента МТЗ ВОМ с рычагом узкая 34 мм,raw.r1c_nomenclature,1,1
Номенклатура — расширенная,Лента ФУМ,raw.r1c_nomenclature,1,1
Номенклатура — расширенная,Лента ФУМ 15м*19мм ,raw.r1c_nomenclature,1,1
Номенклатура — расширенная,"Лента ФУМ 16м*19мм *0,25 мм",raw.r1c_nomenclature,1,1
Номенклатура — расширенная,Лента ФУМ 20м*12мм ,raw.r1c_nomenclature,1,1
Номенклатура — расширенная,"Лента Фум 12мм*0,1мм*20м",raw.r1c_nomenclature,1,1
Номенклатура — расширенная,Лента капельная Neo-Drip 1.6л 6mil шаг 10см,raw.r1c_nomenclature,1,1
Номенклатура — расширенная,Лента капельная Neo-Drip 1.6л 6mil шаг 20см,raw.r1c_nomenclature,1,1
Номенклатура — расширенная,"Лента конвейерная 2Л-2-БКНЛ-65-2-1,5/1,5 в кольце 630*6050*5 мм",raw.r1c_nomenclature,1,1
Номенклатура — расширенная,Лента конвейерная резинотканевая 4-300х1-ТК-200-1/1 НБ HIMPT толщ. 3-4 мм,raw.r1c_nomenclature,1,1
Номенклатура — расширенная,Лента ламинированная,raw.r1c_nomenclature,1,1
Номенклатура — расширенная,"Лента ламинированная 120мм Картофель ""Лесные дали"" белый",raw.r1c_nomenclature,1,1
Номенклатура — расширенная,"Лента ламинированная 120мм Картофель ""Лесные дали"" красный",raw.r1c_nomenclature,1,1
Номенклатура — расширенная,Лента ламинированная 120мм Картофель Обезличка,raw.r1c_nomenclature,1,1
Номенклатура — расширенная,Лента ламинированная 160 FRESH для варки (1000м),raw.r1c_nomenclature,1,1
Номенклатура — расширенная,Лента ламинированная 160 FRESH для жарки (1000м),raw.r1c_nomenclature,1,1
Номенклатура — расширенная,"Лента полипропиленовая 12x0,5 мм, 500 м., 125 кгс, белая",raw.r1c_nomenclature,1,1
Номенклатура — расширенная,Лента прошивная 70мм,raw.r1c_nomenclature,1,1
Номенклатура — расширенная,Лента узкая для WR-30 6000/85,raw.r1c_nomenclature,1,1
Номенклатура — расширенная,Лепидоцид 2066-10-301-071-0-0-3-1 Инсектицид,raw.r1c_nomenclature,1,1
Номенклатура — расширенная,Лепидоцид 2072-10-301-071-0-0-3-1 Инсектицид,raw.r1c_nomenclature,1,1
Номенклатура — расширенная,Лепидоцид 2073-10-301-071-0-0-3-1 Инсектицид,raw.r1c_nomenclature,1,1
Номенклатура — расширенная,Лептоцид Инсектицид,raw.r1c_nomenclature,1,1
Номенклатура — расширенная,Летковый заградитепь,raw.r1c_nomenclature,1,1
Номенклатура — расширенная,Летковый заградитепь с задвижкой 185 мм ,raw.r1c_nomenclature,1,1
Номенклатура — расширенная,Летковый заградитепь с задвижкой из нержавеющей стали 230 мм ,raw.r1c_nomenclature,1,1
Номенклатура — расширенная,"Либертадор, СК",raw.r1c_nomenclature,1,1
Номенклатура — расширенная,Линия воздушной чистки,raw.r1c_nomenclature,1,1
Номенклатура — расширенная,Линия для упаковки овощей NEWTEC (Кормплектация 2),raw.r1c_nomenclature,1,1
Номенклатура — расширенная,Линия термоусадки,raw.r1c_nomenclature,1,1
Номенклатура — расширенная,Листовые подкормки ,raw.r1c_nomenclature,1,1
Номенклатура — расширенная,Литол,raw.r1c_nomenclature,1,1
Номенклатура — расширенная,Лицензирование на право использования програмного обеспечения ,raw.r1c_nomenclature,1,1
Номенклатура — расширенная,Лицензия Kaspersky Endpoint Security для бизнеса – Стандартный Russian Edition. 15-19 Node 1 year,raw.r1c_nomenclature,1,1
Номенклатура — расширенная,Ловушка для шершней ,raw.r1c_nomenclature,1,1
Номенклатура — расширенная,Лоток для поддона 1260х600х60,raw.r1c_nomenclature,1,1
Номенклатура — расширенная,Лук,raw.r1c_nomenclature,1,1
Номенклатура — расширенная,Лук в в/у,raw.r1c_nomenclature,1,1
Номенклатура — расширенная,Любаша РС1 Сетка - чулок (3шт.)  Без полива,raw.r1c_nomenclature,1,1
Номенклатура — расширенная,Любаша РС1 Сетка - чулок (3шт.)  Полив,raw.r1c_nomenclature,1,1
Номенклатура — расширенная,Любаша РС1 весовой Коробка 3 кг Без полива,raw.r1c_nomenclature,1,1
Номенклатура — расширенная,Любаша РС1 весовой Коробка 3 кг Полив,raw.r1c_nomenclature,1,1
Номенклатура — расширенная,Любаша РС1 весовой Коробка 5 кг Без полива,raw.r1c_nomenclature,1,1
Номенклатура — расширенная,Любаша РС1 весовой Коробка 5 кг Полив,raw.r1c_nomenclature,1,1
Номенклатура — расширенная,Любаша РС1 весовой Коробка 6 кг Без полива,raw.r1c_nomenclature,1,1
Номенклатура — расширенная,Любаша РС1 весовой Коробка 6 кг Полив,raw.r1c_nomenclature,1,1
Номенклатура — расширенная,Любаша РС1 весовой Сетка на завязке 25кг Без полива,raw.r1c_nomenclature,1,1
Номенклатура — расширенная,Любаша РС1 весовой Сетка на завязке 25кг Полив,raw.r1c_nomenclature,1,1
Номенклатура — расширенная,Лямбда-С Инсектицид,raw.r1c_nomenclature,1,1
Номенклатура — расширенная,Лямдекс Инсектицид,raw.r1c_nomenclature,1,1
Номенклатура — расширенная,М 838 Мультиметр цифровой 57599,raw.r1c_nomenclature,1,1
Номенклатура — расширенная,МИР Кальций-бор ,raw.r1c_nomenclature,1,1
Номенклатура — расширенная,"МКР 95*95*180 см 4 ст верх-сборка, низ-люк ",raw.r1c_nomenclature,1,1
Номенклатура — расширенная,Маврик Инсектицид,raw.r1c_nomenclature,1,1
Номенклатура — расширенная,Магнат Тотал Инсектицид,raw.r1c_nomenclature,1,1
Номенклатура — расширенная,Магнелло Инсектицид,raw.r1c_nomenclature,1,1
Номенклатура — расширенная,Магниевые удобрения (Mg),raw.r1c_nomenclature,1,1
Номенклатура — расширенная,"Мадейра РС2  Сетка-домик 1,5кг. Без полива",raw.r1c_nomenclature,1,1
Номенклатура — расширенная,"Мадейра РС2  Сетка-домик 1,5кг. Полив",raw.r1c_nomenclature,1,1
Номенклатура — расширенная,Мадейра РС2  Сетка-домик 2кг. Без полива,raw.r1c_nomenclature,1,1
Номенклатура — расширенная,Мадейра РС2  Сетка-домик 2кг. Полив,raw.r1c_nomenclature,1,1
Номенклатура — расширенная,Мадейра РС2  очищенный в ву 1кг. Без полива,raw.r1c_nomenclature,1,1
Номенклатура — расширенная,Мадейра РС2  очищенный в ву 1кг. Полив,raw.r1c_nomenclature,1,1
Номенклатура — расширенная,Мадейра РС2  очищенный в ву 5кг. Без полива,raw.r1c_nomenclature,1,1
Номенклатура — расширенная,Мадейра РС2  очищенный в ву 5кг. Полив,raw.r1c_nomenclature,1,1
Номенклатура — расширенная,"Мадейра РС2  пастеризованный 0,5кг. Без полива",raw.r1c_nomenclature,1,1
Номенклатура — расширенная,"Мадейра РС2  пастеризованный 0,5кг. Полив",raw.r1c_nomenclature,1,1
Номенклатура — расширенная,Мадейра РС2  эконом  Сетка на рулоне 2.5кг. Без полива,raw.r1c_nomenclature,1,1
Номенклатура — расширенная,Мадейра РС2  эконом  Сетка на рулоне 2.5кг. Полив,raw.r1c_nomenclature,1,1
Номенклатура — расширенная,Мадейра РС2  эконом  Сетка на рулоне 3кг. Без полива,raw.r1c_nomenclature,1,1
Номенклатура — расширенная,Мадейра РС2  эконом  Сетка на рулоне 3кг. Полив,raw.r1c_nomenclature,1,1
Номенклатура — расширенная,Мадейра РС2 грязный  Сетка на рулоне 10кг. Без полива,raw.r1c_nomenclature,1,1
Номенклатура — расширенная,Мадейра РС2 грязный  Сетка на рулоне 10кг. Полив,raw.r1c_nomenclature,1,1
Номенклатура — расширенная,Мадейра РС2 грязный  Сетка на рулоне 25кг. Без полива,raw.r1c_nomenclature,1,1
Номенклатура — расширенная,Мадейра РС2 грязный  Сетка на рулоне 25кг. Полив,raw.r1c_nomenclature,1,1
Номенклатура — расширенная,Мадейра РС2 грязный  Сетка на рулоне 3кг. Без полива,raw.r1c_nomenclature,1,1
Номенклатура — расширенная,Мадейра РС2 грязный  Сетка на рулоне 3кг. Полив,raw.r1c_nomenclature,1,1
Номенклатура — расширенная,Мадейра РС2 грязный  Сетка на рулоне 5кг. Без полива,raw.r1c_nomenclature,1,1
Номенклатура — расширенная,Мадейра РС2 грязный  Сетка на рулоне 5кг. Полив,raw.r1c_nomenclature,1,1
Номенклатура — расширенная,Мадейра РС2 грязный  биг-бег 1000кг. Без полива,raw.r1c_nomenclature,1,1
Номенклатура — расширенная,Мадейра РС2 грязный  биг-бег 1000кг. Полив,raw.r1c_nomenclature,1,1
Номенклатура — расширенная,Мадейра РС2 грязный Сетка на завязке 25кг. Без полива,raw.r1c_nomenclature,1,1
Номенклатура — расширенная,Мадейра РС2 грязный Сетка на завязке 25кг. Полив,raw.r1c_nomenclature,1,1
Номенклатура — расширенная,Мадейра РС2 грязный Сетка на рулоне 2.5кг Без полива,raw.r1c_nomenclature,1,1
Номенклатура — расширенная,Мадейра РС2 грязный Сетка на рулоне 2.5кг Полив,raw.r1c_nomenclature,1,1
Номенклатура — расширенная,Мадейра РС2 мытый  Биг-бег 1000кг. Без полива,raw.r1c_nomenclature,1,1
Номенклатура — расширенная,Мадейра РС2 мытый  Биг-бег 1000кг. Полив,raw.r1c_nomenclature,1,1
Номенклатура — расширенная,Мадейра РС2 мытый  Сетка на рулоне 2.5кг Без полива,raw.r1c_nomenclature,1,1
Номенклатура — расширенная,Мадейра РС2 мытый  Сетка на рулоне 2.5кг Полив,raw.r1c_nomenclature,1,1
Номенклатура — расширенная,Мадейра РС2 мытый Сетка 25кг. Без полива,raw.r1c_nomenclature,1,1
Номенклатура — расширенная,Мадейра РС2 мытый Сетка 25кг. Полив,raw.r1c_nomenclature,1,1
Номенклатура — расширенная,"Мадейра РС2 мытый Сетка-домик 2,5кг. Без полива",raw.r1c_nomenclature,1,1
Номенклатура — расширенная,"Мадейра РС2 мытый Сетка-домик 2,5кг. Полив",raw.r1c_nomenclature,1,1
Номенклатура — расширенная,Мадейра РС2 мытый Сетка-домик 3кг Без полива,raw.r1c_nomenclature,1,1
Номенклатура — расширенная,Мадейра РС2 мытый Сетка-домик 3кг Полив,raw.r1c_nomenclature,1,1
Номенклатура — расширенная,Мадейра РС2 семена  Сетка на завязке 25кг. Без полива,raw.r1c_nomenclature,1,1
Номенклатура — расширенная,Мадейра РС2 семена  Сетка на завязке 25кг. Полив,raw.r1c_nomenclature,1,1
Номенклатура — расширенная,Мадейра РС2 семена  Сетка на рулоне 25кг. Без полива,raw.r1c_nomenclature,1,1
Номенклатура — расширенная,Мадейра РС2 семена  Сетка на рулоне 25кг. Полив,raw.r1c_nomenclature,1,1
Номенклатура — расширенная,Мадейра РС2 семена  биг-бег 1000кг. Без полива,raw.r1c_nomenclature,1,1
Номенклатура — расширенная,Мадейра РС2 семена  биг-бег 1000кг. Полив,raw.r1c_nomenclature,1,1
Номенклатура — расширенная,"Мадейра РС2 семена  пастеризованный 0,5кг. Без полива",raw.r1c_nomenclature,1,1
Номенклатура — расширенная,"Мадейра РС2 семена  пастеризованный 0,5кг. Полив",raw.r1c_nomenclature,1,1
Номенклатура — расширенная,Максим XL Инсектицид,raw.r1c_nomenclature,1,1
Номенклатура — расширенная,Максим Дачник Инсектицид,raw.r1c_nomenclature,1,1
Номенклатура — расширенная,Максим Инсектицид,raw.r1c_nomenclature,1,1
Номенклатура — расширенная,Максим Плюс Инсектицид,raw.r1c_nomenclature,1,1
Номенклатура — расширенная,Максим Форте Инсектицид,raw.r1c_nomenclature,1,1
Номенклатура — расширенная,Максим Экстрим Инсектицид,raw.r1c_nomenclature,1,1
Номенклатура — расширенная,Манжет 50*25 ,raw.r1c_nomenclature,1,1
Номенклатура — расширенная,"Манзат, ВДГ (750 г/кг)",raw.r1c_nomenclature,1,1
Номенклатура — расширенная,Масличные,raw.r1c_nomenclature,1,1
Номенклатура — расширенная,Масло,raw.r1c_nomenclature,1,1
Номенклатура — расширенная,Масло гидравлическое,raw.r1c_nomenclature,1,1
Номенклатура — расширенная,"Масло подсолнечное ""Чюдесная семечка""",raw.r1c_nomenclature,1,1
Номенклатура — расширенная,Масляный бак 35л,raw.r1c_nomenclature,1,1
Номенклатура — расширенная,Машина абразивная для очистки овощей,raw.r1c_nomenclature,1,1
Номенклатура — расширенная,Машина для замачивания винтового типа,raw.r1c_nomenclature,1,1
Номенклатура — расширенная,Машина для полировки овощей МПБ1,raw.r1c_nomenclature,1,1
Номенклатура — расширенная,Машина для полировки с крупной абразивной крошкой,raw.r1c_nomenclature,1,1
Номенклатура — расширенная,Машина для резки овощей CHD-100 (кубик 4х4 мм),raw.r1c_nomenclature,1,1
Номенклатура — расширенная,Машина для резки овощей соломкой и слайсами CHD40 ,raw.r1c_nomenclature,1,1
Номенклатура — расширенная,Машина для сульфитации картофеля,raw.r1c_nomenclature,1,1
Номенклатура — расширенная,Машина для шелушения чеснока ST 150,raw.r1c_nomenclature,1,1
Номенклатура — расширенная,Машина упаковочная CB-148 левосторонняя,raw.r1c_nomenclature,1,1
Номенклатура — расширенная,Машина упаковочная Htech AR25_R01.O,raw.r1c_nomenclature,1,1
Номенклатура — расширенная,Машина упаковочная Htech AR25_R01.O с доп.опциями,raw.r1c_nomenclature,1,1
Номенклатура — расширенная,Машина упаковочная NP 350,raw.r1c_nomenclature,1,1
Номенклатура — расширенная,Маэстро Инсектицид,raw.r1c_nomenclature,1,1
Номенклатура — расширенная,Маяк импульсный 12/24V (16 светодиодов) 1 режим на магните желтый LED LT,raw.r1c_nomenclature,1,1
Номенклатура — расширенная,Мегафол 10л кан*2 (10131010/190422/3206774 Италия),raw.r1c_nomenclature,1,1
Номенклатура — расширенная,Медветокс Инсектицид,raw.r1c_nomenclature,1,1
Номенклатура — расширенная,Медицинский осмотр и питание  работников,raw.r1c_nomenclature,1,1
Номенклатура — расширенная,"Медогонка 3 рамочная,кассеты поворотные АВВ 100 с подставкой",raw.r1c_nomenclature,1,1
Номенклатура — расширенная,Междурядная обработка,raw.r1c_nomenclature,1,1
Номенклатура — расширенная,"Метаксил, СП Фунгицид ",raw.r1c_nomenclature,1,1
Номенклатура — расширенная,Меташанс.СП,raw.r1c_nomenclature,1,1
Номенклатура — расширенная,Мех съемный к дымарю (иск) МДПК-1,raw.r1c_nomenclature,1,1
Номенклатура — расширенная,"Механизм рулевой ЗИЛ-5301,5301-3400020-10",raw.r1c_nomenclature,1,1
Номенклатура — расширенная,Мешки из РР,raw.r1c_nomenclature,1,1
Номенклатура — расширенная,Мешок для извлечения меда из забруса,raw.r1c_nomenclature,1,1
Номенклатура — расширенная,Мешок из полипропилена 55*95 белый,raw.r1c_nomenclature,1,1
Номенклатура — расширенная,Мешок сетчатый из полиэтелена,raw.r1c_nomenclature,1,1
Номенклатура — расширенная,Мешок сетчатый из полиэтелена  на рулоне 54*78 фиолетовый,raw.r1c_nomenclature,1,1
Номенклатура — расширенная,Мешок сетчатый из полиэтелена 45+75 фиолетовый,raw.r1c_nomenclature,1,1
Номенклатура — расширенная,Микробиологические препараты,raw.r1c_nomenclature,1,1
Номенклатура — расширенная,Микрозелень,raw.r1c_nomenclature,1,1
Номенклатура — расширенная,Микроудобрение силиплант универсальный ,raw.r1c_nomenclature,1,1
Номенклатура — расширенная,Минеральные удобреения ,raw.r1c_nomenclature,1,1
Номенклатура — расширенная,"Миура, КЭ Гербицид ",raw.r1c_nomenclature,1,1
Номенклатура — расширенная,Многоступенчатый вертикальный насос Grundfos CR5-10 A-FGJ-A-E-HQQE 3*230/400 50HZ,raw.r1c_nomenclature,1,1
Номенклатура — расширенная,Мовенто Энерджи Инсектицид,raw.r1c_nomenclature,1,1
Номенклатура — расширенная,Мойка овощей МОБ1,raw.r1c_nomenclature,1,1
Номенклатура — расширенная,"Мойка стальная эмалированная 0,5*0,5",raw.r1c_nomenclature,1,1
Номенклатура — расширенная,Мойка_,raw.r1c_nomenclature,1,1
Номенклатура — расширенная,Молния Инсектицид,raw.r1c_nomenclature,1,1
Номенклатура — расширенная,Молния Экстра Инсектицид,raw.r1c_nomenclature,1,1
Номенклатура — расширенная,"Монарх, ВДГ (Инсектицид)",raw.r1c_nomenclature,1,1
Номенклатура — расширенная,МоноблокHP ProOne 400 G1 (L3E51EA),raw.r1c_nomenclature,1,1
Номенклатура — расширенная,Монтаж инженерных коммуникаций,raw.r1c_nomenclature,1,1
Номенклатура — расширенная,Монтаж кабельной продукции и расходных материалов (общестроительные работы),raw.r1c_nomenclature,1,1
Номенклатура — расширенная,Монтаж мачты связи,raw.r1c_nomenclature,1,1
Номенклатура — расширенная,Монтаж оборудования,raw.r1c_nomenclature,1,1
Номенклатура — расширенная,Монтаж/Демонтаж (общестроительные работы),raw.r1c_nomenclature,1,1
Номенклатура — расширенная,Монтажные работы материал поставщика,raw.r1c_nomenclature,1,1
Номенклатура — расширенная,Монтажные расходные материалы,raw.r1c_nomenclature,1,1
Номенклатура — расширенная,Морковь первичное сырье,raw.r1c_nomenclature,1,1
Номенклатура — расширенная,Морковь премиум сорт ВайтСатин,raw.r1c_nomenclature,1,1
Номенклатура — расширенная,Морковь премиум сорт МеллоуЕллоу,raw.r1c_nomenclature,1,1
Номенклатура — расширенная,Морковь премиум сорт ПерплСан,raw.r1c_nomenclature,1,1
Номенклатура — расширенная,Морковь премиум сорт РэдСан,raw.r1c_nomenclature,1,1
Номенклатура — расширенная,Морковь цветная,raw.r1c_nomenclature,1,1
Номенклатура — расширенная,Морковь цветная мытая сетка 25 кг,raw.r1c_nomenclature,1,1
Номенклатура — расширенная,Морковь цветная нарезанная кубиком 1 кг,raw.r1c_nomenclature,1,1
Номенклатура — расширенная,Морковь цветная нарезанная кубиком 5 кг,raw.r1c_nomenclature,1,1
Номенклатура — расширенная,Морковь цветная нарезанная слайсами 1 кг,raw.r1c_nomenclature,1,1
Номенклатура — расширенная,Морковь цветная нарезанная слайсами 5 кг,raw.r1c_nomenclature,1,1
Номенклатура — расширенная,Морковь цветная нарезанная соломкой 1 кг,raw.r1c_nomenclature,1,1
Номенклатура — расширенная,Морковь цветная нарезанная соломкой 5 кг,raw.r1c_nomenclature,1,1
Номенклатура — расширенная,"Морковь цветная очищенная 0,5 кг",raw.r1c_nomenclature,1,1
Номенклатура — расширенная,Морковь цветная очищенная 1 кг,raw.r1c_nomenclature,1,1
Номенклатура — расширенная,Морковь цветная очищенная 5 кг,raw.r1c_nomenclature,1,1
Номенклатура — расширенная,"Морковь цветная пастеризованная 0,5 кг",raw.r1c_nomenclature,1,1
Номенклатура — расширенная,Морковь цветная пастеризованная 1 кг,raw.r1c_nomenclature,1,1
Номенклатура — расширенная,"Морковь цветная пастеризованная 2,5 кг",raw.r1c_nomenclature,1,1
Номенклатура — расширенная,Морковь цветная сетка 25 кг,raw.r1c_nomenclature,1,1
Номенклатура — расширенная,Морковь-пар 2021,raw.r1c_nomenclature,1,1
Номенклатура — расширенная,Моспилан Инсектицид,raw.r1c_nomenclature,1,1
Номенклатура — расширенная,Муссон Инсектицид,raw.r1c_nomenclature,1,1
Номенклатура — расширенная,Муфта DN 08 2SN CST арт.800403,raw.r1c_nomenclature,1,1
Номенклатура — расширенная,Муфта DN 12 2SN CST арт.800405,raw.r1c_nomenclature,1,1
Номенклатура — расширенная,Муфта DN 16 2SN CST арт.800406,raw.r1c_nomenclature,1,1
Номенклатура — расширенная,Муфта ПНД 32*1 с ВР,raw.r1c_nomenclature,1,1
Номенклатура — расширенная,Муфта ПНД 40*1 1/2 НР ,raw.r1c_nomenclature,1,1
Номенклатура — расширенная,Муфта ЯМЗ привода вентилятора 236-1308090-В2,raw.r1c_nomenclature,1,1
Номенклатура — расширенная,Муфта обгонная 3/4 6Z,raw.r1c_nomenclature,1,1
Номенклатура — расширенная,"Муфта обгонная F5|1L 1 3/8"" 6Z W2300",raw.r1c_nomenclature,1,1
Номенклатура — расширенная,Муфта пластиковая 20*1/2*40/50,raw.r1c_nomenclature,1,1
Номенклатура — расширенная,"Муфта сцепления МАЗ-4370,МТЗ Т-25 с подшипником БЗТДиА",raw.r1c_nomenclature,1,1
Номенклатура — расширенная,Мытый,raw.r1c_nomenclature,3,3
Номенклатура — расширенная,"Мягкий специализированный контейнер МКР 1,8Л4-0,8ППП вентилируемый с одноцветным логотипом",raw.r1c_nomenclature,1,1
Номенклатура — расширенная,НШ 32 В3 плоский правый МТЗ насос масляный,raw.r1c_nomenclature,1,1
Номенклатура — расширенная,Набор  ремонтный  KIT.REPAIR,raw.r1c_nomenclature,1,1
Номенклатура — расширенная,Набор головок торцевых 1/2 6-ти гранных 10-32 мм ударных глубоких 15 предметов JTC-K4151,raw.r1c_nomenclature,1,1
Номенклатура — расширенная,"Набор для демонтажа сальников и колец, ложемент, KING TONY ",raw.r1c_nomenclature,1,1
Номенклатура — расширенная,Набор метчиков и плашек 51 предмета STD051 Gigant ,raw.r1c_nomenclature,1,1
Номенклатура — расширенная,"Набор метчиков машинных ZALTAR YELLOW RING HSS-E, DIN 371/376, Тип B, 7 пр., M3 -M12 ZA-05112",raw.r1c_nomenclature,1,1
Номенклатура — расширенная,Набор отверток 6шт. SHTOK,raw.r1c_nomenclature,1,1
Номенклатура — расширенная,Набор отверток с магнитным наконечником 11 предметов Gigant,raw.r1c_nomenclature,1,1
Номенклатура — расширенная,Набор фланцевых колец НШ 10.50 (ДТ75),raw.r1c_nomenclature,1,1
Номенклатура — расширенная,Набор шестигранных ключей коротких с шаром 9 пре,raw.r1c_nomenclature,1,1
Номенклатура — расширенная,Наклонный конвейер  Р-330/50 (регулировка скорости (инверторг) защитный тент),raw.r1c_nomenclature,1,1
Номенклатура — расширенная,Наклонный конвейер  Р-420/60 ,raw.r1c_nomenclature,1,1
Номенклатура — расширенная,Наклонный конвейер  Р-450/50 ,raw.r1c_nomenclature,1,1
Номенклатура — расширенная,"Наконечник REXANT 6,5 мм кольцевой изолированный",raw.r1c_nomenclature,1,1
Номенклатура — расширенная,"Наконечник REXANT 8,0 мм ",raw.r1c_nomenclature,1,1
Номенклатура — расширенная,Наконечник в сборе с шаром,raw.r1c_nomenclature,1,1
Номенклатура — расширенная,Наконечник медный 25 мм,raw.r1c_nomenclature,1,1
Номенклатура — расширенная,Наконечник медный 70 мм,raw.r1c_nomenclature,1,1
Номенклатура — расширенная,Наконечник медный ТМЛ 16-10-8 луженый КВТ,raw.r1c_nomenclature,1,1
Номенклатура — расширенная,Наконечник рулевой  ,raw.r1c_nomenclature,1,1
Номенклатура — расширенная,Наконечник рулевой  L+R,raw.r1c_nomenclature,1,1
Номенклатура — расширенная,Наконечник шприца 4 лепестка стандарт,raw.r1c_nomenclature,1,1
Номенклатура — расширенная,Наконечник шприца для консистентной смазки,raw.r1c_nomenclature,1,1
Номенклатура — расширенная,Накопитель Биг-Бэг NB-1,raw.r1c_nomenclature,1,1
Номенклатура — расширенная,Наполнитель Биг-Бегов НББ2,raw.r1c_nomenclature,1,1
Номенклатура — расширенная,Наполнитель древесный впитывающий,raw.r1c_nomenclature,1,1
Номенклатура — расширенная,"Напольная двухкамерная вакуум-упаковочная машина HVC 720S/2B-G SS(нерж,газ)",raw.r1c_nomenclature,1,1
Номенклатура — расширенная,"Напольные воздуховоды для хранения овощей толщиной 1,5 мм дл 17,8 м",raw.r1c_nomenclature,1,1
Номенклатура — расширенная,"Напольный вентиляционный канал ВК1 (400х780мм)S=2,0 мм",raw.r1c_nomenclature,1,1
Номенклатура — расширенная,"Напольный вентиляционный канал ВК10 (695х1320мм)S=1,5 мм",raw.r1c_nomenclature,1,1
Номенклатура — расширенная,"Напольный вентиляционный канал ВК10 (695х1320мм)S=2,0 мм",raw.r1c_nomenclature,1,1
Номенклатура — расширенная,"Напольный вентиляционный канал ВК11 (1380х725мм)S=1,5 мм",raw.r1c_nomenclature,1,1
Номенклатура — расширенная,"Напольный вентиляционный канал ВК11 (1380х725мм)S=2,0 мм",raw.r1c_nomenclature,1,1
Номенклатура — расширенная,"Напольный вентиляционный канал ВК2 (433х810мм)S=2,0 мм",raw.r1c_nomenclature,1,1
Номенклатура — расширенная,"Напольный вентиляционный канал ВК3 (469х860мм)S=2,0 мм",raw.r1c_nomenclature,1,1
Номенклатура — расширенная,"Напольный вентиляционный канал ВК4 (500х930мм)S=2,0 мм",raw.r1c_nomenclature,1,1
Номенклатура — расширенная,"Напольный вентиляционный канал ВК5 (533х1000мм)S=1,5 мм",raw.r1c_nomenclature,1,1
Номенклатура — расширенная,"Напольный вентиляционный канал ВК5 (533х1000мм)S=2,0 мм",raw.r1c_nomenclature,1,1
Номенклатура — расширенная,"Напольный вентиляционный канал ВК6 (568х1060мм)S=1,5 мм",raw.r1c_nomenclature,1,1
Номенклатура — расширенная,"Напольный вентиляционный канал ВК6 (568х1060мм)S=2,0 мм",raw.r1c_nomenclature,1,1
Номенклатура — расширенная,"Напольный вентиляционный канал ВК7 (602х1130мм)S=1,5 мм",raw.r1c_nomenclature,1,1
Номенклатура — расширенная,"Напольный вентиляционный канал ВК7 (602х1130мм)S=2,0 мм",raw.r1c_nomenclature,1,1
Номенклатура — расширенная,"Напольный вентиляционный канал ВК8 (630х1190мм)S=1,5мм",raw.r1c_nomenclature,1,1
Номенклатура — расширенная,"Напольный вентиляционный канал ВК8 (630х1190мм)S=2,0 мм",raw.r1c_nomenclature,1,1
Номенклатура — расширенная,"Напольный вентиляционный канал ВК9 (660х1260мм)S=1,5мм",raw.r1c_nomenclature,1,1
Номенклатура — расширенная,"Напольный вентиляционный канал ВК9 (660х1260мм)S=2,0 мм",raw.r1c_nomenclature,1,1
Номенклатура — расширенная,"Напорный вентилятор 900мм двигатель 5,5 квт 1440 об/мин",raw.r1c_nomenclature,1,1
Номенклатура — расширенная,Направляющая подшипника,raw.r1c_nomenclature,1,1
Номенклатура — расширенная,Нарезка,raw.r1c_nomenclature,3,3
Номенклатура — расширенная,Насос бочковой рычажный GROZ,raw.r1c_nomenclature,1,1
Номенклатура — расширенная,Насос вакумный КО-510 левый,raw.r1c_nomenclature,1,1
Номенклатура — расширенная,Насос водяной ГАЗ 66/53-1307010,raw.r1c_nomenclature,1,1
Номенклатура — расширенная,Насос водяной Д-260 с большим шкивом БЗА,raw.r1c_nomenclature,1,1
Номенклатура — расширенная,Насос для грязной воды,raw.r1c_nomenclature,1,1
Номенклатура — расширенная,"Насос омывателя 24V 2.5атм. ПРАМО 1124.5208100-04 КАМАЗ,МАЗ,ЗИЛ",raw.r1c_nomenclature,1,1
Номенклатура — расширенная,Насос погружной DWP 1800,raw.r1c_nomenclature,1,1
Номенклатура — расширенная,Насос погружной DWP 2200,raw.r1c_nomenclature,1,1
Номенклатура — расширенная,"Насос погружной DWP 450 8,5м",raw.r1c_nomenclature,1,1
Номенклатура — расширенная,Насос садовый,raw.r1c_nomenclature,1,1
Номенклатура — расширенная,Насос шестеренчатый НШ10У 6-ти шлицевой правый МГП НШ10У-3,raw.r1c_nomenclature,1,1
Номенклатура — расширенная,Насос шестеренчатый НШ14М-3Л левый Гидросила,raw.r1c_nomenclature,1,1
Номенклатура — расширенная,Насос шестеренчатый НШ32М-3 правый Гидросила,raw.r1c_nomenclature,1,1
Номенклатура — расширенная,Насосная станция МОР 123 с двигателем IVECO №45 ТМЗ(172 лс) с насосом Rovatti F34 K125/2E-CF,raw.r1c_nomenclature,1,1
Номенклатура — расширенная,Настройка техники,raw.r1c_nomenclature,1,1
Номенклатура — расширенная,"Натрий метабисульфат ""ч"" пищевой Е223",raw.r1c_nomenclature,1,1
Номенклатура — расширенная,Не брендированный,raw.r1c_nomenclature,1,1
Номенклатура — расширенная,Не мытый,raw.r1c_nomenclature,4,4
Номенклатура — расширенная,Не нарезка,raw.r1c_nomenclature,4,4
Номенклатура — расширенная,Неофрал Инсектицид,raw.r1c_nomenclature,1,1
Номенклатура — расширенная,Неустойка сч.76.06,raw.r1c_nomenclature,1,1
Номенклатура — расширенная,Нити из полиэстера белые,raw.r1c_nomenclature,1,1
Номенклатура — расширенная,Нитка прошивная,raw.r1c_nomenclature,1,1
Номенклатура — расширенная,Нитки 210 ЛШ суровые,raw.r1c_nomenclature,1,1
Номенклатура — расширенная,Нитки и иглы,raw.r1c_nomenclature,1,1
Номенклатура — расширенная,Нитки из полиэстера белые,raw.r1c_nomenclature,1,1
Номенклатура — расширенная,Нитки из полиэфирные ЛШ-210,raw.r1c_nomenclature,1,1
Номенклатура — расширенная,Нитки швейные марки 12/4,raw.r1c_nomenclature,1,1
Номенклатура — расширенная,Нитроаммофоска МКР 16:16:16,raw.r1c_nomenclature,1,1
Номенклатура — расширенная,Новактион Инсектицид,raw.r1c_nomenclature,1,1
Номенклатура — расширенная,Новус-Ф Инсектицид,raw.r1c_nomenclature,1,1
Номенклатура — расширенная,Нож КИР 03.403А,raw.r1c_nomenclature,1,1
Номенклатура — расширенная,"Нож НП-120/220 (с паузой, от 220В) Алюм. и Нерж.",raw.r1c_nomenclature,1,1
Номенклатура — расширенная,Нож для триммера Champion C5103,raw.r1c_nomenclature,1,1
Номенклатура — расширенная,Нож протеворежущий КИР 06 403,raw.r1c_nomenclature,1,1
Номенклатура — расширенная,Нор-Би Инсектицид,raw.r1c_nomenclature,1,1
Номенклатура — расширенная,Нотариальные действия,raw.r1c_nomenclature,1,1
Номенклатура — расширенная,Нуклеус на 6 рамок Дадан с кормушкой,raw.r1c_nomenclature,1,1
Номенклатура — расширенная,Нуприд 600 Инсектицид,raw.r1c_nomenclature,1,1
Номенклатура — расширенная,Нурбел Инсектицид,raw.r1c_nomenclature,1,1
Номенклатура — расширенная,Нутривант Плюс.Зерновой 19-19-19 ,raw.r1c_nomenclature,1,1
Номенклатура — расширенная,Нутривант Плюс.Зерновой 6-23-35 ,raw.r1c_nomenclature,1,1
Номенклатура — расширенная,Нутривант Плюс.Картофель 0-43-28 ,raw.r1c_nomenclature,1,1
Номенклатура — расширенная,ОБОРУДОВАНИЕ К УСТАНОВКЕ,raw.r1c_nomenclature,1,1
Номенклатура — расширенная,Обратный клапан,raw.r1c_nomenclature,1,1
Номенклатура — расширенная,Обращение с ТКО,raw.r1c_nomenclature,1,1
Номенклатура — расширенная,Обустройство каркаса из профиля 40*40,raw.r1c_nomenclature,1,1
Номенклатура — расширенная,Обустройство топинговых бетонных полов ,raw.r1c_nomenclature,1,1
Номенклатура — расширенная,Обшифка стен профлистом,raw.r1c_nomenclature,1,1
Номенклатура — расширенная,Общестроительные и отделочные работы ,raw.r1c_nomenclature,1,1
Номенклатура — расширенная,Общестроительные и отделочные работы работы овощехранилища д.Демидово,raw.r1c_nomenclature,1,1
Номенклатура — расширенная,Овощечистка VIVA горизонтальная Attribute AGV042,raw.r1c_nomenclature,1,1
Номенклатура — расширенная,Овощечистка р-р 135*66 см с пластиковой ручкой с горизонтальным лезвием 008573,raw.r1c_nomenclature,1,1
Номенклатура — расширенная,Огнетушитель 2 кг(закачной) порошковый с манометром АВСЕ ЯРПОЖИНВЕСТ,raw.r1c_nomenclature,1,1
Номенклатура — расширенная,Огнетушитель ОП-5,raw.r1c_nomenclature,1,1
Номенклатура — расширенная,Огнетушитель ОП-50,raw.r1c_nomenclature,1,1
Номенклатура — расширенная,Огнетушитель порошковый ОП-2,raw.r1c_nomenclature,1,1
Номенклатура — расширенная,Огнетушитель порошковый ОП-4,raw.r1c_nomenclature,1,1
Номенклатура — расширенная,Огнетушитель порошковый ОП-8,raw.r1c_nomenclature,1,1
Номенклатура — расширенная,Огнетушитель углегислый ОУ-5,raw.r1c_nomenclature,1,1
Номенклатура — расширенная,Огнетушитель углекислотный ОУ-3,raw.r1c_nomenclature,1,1
Номенклатура — расширенная,"Оголовок с дефлектором н.з.+н.м. 0,5 мм 300/200 (конденсат)Оголовок с дефлектором н.з.+н.м. 0,5",raw.r1c_nomenclature,1,1
