category,original_name,source_tables,distinct_ids,source_rows
Номенклатура — исходный каталог,Баллон с кислородом 40л,raw.catalog_номенклатура,1,1
Номенклатура — исходный каталог,Балтик Роуз РС2 грязный сетка 2кг. Полив,raw.catalog_номенклатура,1,1
Номенклатура — исходный каталог,Балтик Роуз РС3 мытый Сетка-домик 3кг Полив,raw.catalog_номенклатура,1,1
Номенклатура — исходный каталог,"Балтик РоузРС4 Красный Беби Мытый Сетка домик1,5 кг.",raw.catalog_номенклатура,1,1
Номенклатура — исходный каталог,Балтик РоузРС4 Красный Беби Мытый Сетка домик2 кг.,raw.catalog_номенклатура,1,1
Номенклатура — исходный каталог,Балтик РоузРС4 Красный Беби Мытый Сетка на рулоне25 кг.,raw.catalog_номенклатура,1,1
Номенклатура — исходный каталог,Балтик РоузРС4 Красный Грязный  Биг-бэг1000 кг.,raw.catalog_номенклатура,1,1
Номенклатура — исходный каталог,"Балтик РоузРС4 Красный Грязный  Сетка на рулоне2,5 кг.",raw.catalog_номенклатура,1,1
Номенклатура — исходный каталог,Балтик РоузРС4 Красный Грязный  Сетка на рулоне25 кг.,raw.catalog_номенклатура,1,1
Номенклатура — исходный каталог,Балтик РоузРС4 Красный Грязный  Сетка на рулоне3 кг.,raw.catalog_номенклатура,1,1
Номенклатура — исходный каталог,Балтик РоузРС4 Красный Грязный  Сетка на рулоне5 кг.,raw.catalog_номенклатура,1,1
Номенклатура — исходный каталог,"Балтик РоузРС4 Красный Грязный 35-50 Сетка на рулоне2,5 кг.",raw.catalog_номенклатура,1,1
Номенклатура — исходный каталог,"Балтик РоузРС4 Красный Мытый  Сетка домик2,5 кг.",raw.catalog_номенклатура,1,1
Номенклатура — исходный каталог,Балтик РоузРС4 Красный Мытый  Сетка домик3 кг.,raw.catalog_номенклатура,1,1
Номенклатура — исходный каталог,Балтик РоузРС4 Красный Мытый  Сетка на рулоне25 кг.,raw.catalog_номенклатура,1,1
Номенклатура — исходный каталог,"Бальзам ""АпиМакс""",raw.catalog_номенклатура,1,1
Номенклатура — исходный каталог,Бампер 34664300,raw.catalog_номенклатура,1,1
Номенклатура — исходный каталог,Бампер Инсектицид,raw.catalog_номенклатура,1,1
Номенклатура — исходный каталог,Банко Инсектицид,raw.catalog_номенклатура,1,1
Номенклатура — исходный каталог,Барабанная картофелечистка,raw.catalog_номенклатура,1,1
Номенклатура — исходный каталог,Баргузин 600 Инсектицид,raw.catalog_номенклатура,1,1
Номенклатура — исходный каталог,Баритон Инсектицид,raw.catalog_номенклатура,1,1
Номенклатура — исходный каталог,Барьер Колор Инсектицид,raw.catalog_номенклатура,1,1
Номенклатура — исходный каталог,"Бачок омывателя ВАЗ-21213,ГАЗ-2705,3302 НО в сбору Полимер",raw.catalog_номенклатура,1,1
Номенклатура — исходный каталог,"Башмак (литой) ПЛН-3,4.5 (35см) Р33 ПЛЕ21.100",raw.catalog_номенклатура,1,1
Номенклатура — исходный каталог,Белт Инсектицид,raw.catalog_номенклатура,1,1
Номенклатура — исходный каталог,Беназол Инсектицид,raw.catalog_номенклатура,1,1
Номенклатура — исходный каталог,Бенефис Инсектицид,raw.catalog_номенклатура,1,1
Номенклатура — исходный каталог,Бензин,raw.catalog_номенклатура,1,1
Номенклатура — исходный каталог,Беномил 500 Инсектицид,raw.catalog_номенклатура,1,1
Номенклатура — исходный каталог,Бенорад Инсектицид,raw.catalog_номенклатура,1,1
Номенклатура — исходный каталог,Би-58 Новый Инсектицид,raw.catalog_номенклатура,1,1
Номенклатура — исходный каталог,Биг бэги,raw.catalog_номенклатура,1,1
Номенклатура — исходный каталог,Биг-бэг 90*90*170 см ,raw.catalog_номенклатура,1,1
Номенклатура — исходный каталог,"Биг-бэг 95*95*170 см 4 ст верх открывание, низ-люк б/у(мягкий контейнер)",raw.catalog_номенклатура,1,1
Номенклатура — исходный каталог,Бинадин Инсектицид,raw.catalog_номенклатура,1,1
Номенклатура — исходный каталог,Бином Инсектицид,raw.catalog_номенклатура,1,1
Номенклатура — исходный каталог,Биоcтоп Инсектицид,raw.catalog_номенклатура,1,1
Номенклатура — исходный каталог,Биодукс 10мл.Ж,raw.catalog_номенклатура,1,1
Номенклатура — исходный каталог,Биокилл Инсектицид,raw.catalog_номенклатура,1,1
Номенклатура — исходный каталог,Биопрепарат Биокомплекс БТУ  1 марка,raw.catalog_номенклатура,1,1
Номенклатура — исходный каталог,Биопрепарат Биокомплекс БТУ (Микофренд)  1 марка,raw.catalog_номенклатура,1,1
Номенклатура — исходный каталог,Биопрепарат Биокомплекс БТУ (Микохелп)  1 марка,raw.catalog_номенклатура,1,1
Номенклатура — исходный каталог,Биопрепарат Биокомплекс БТУ (Фитохелл) 1 марка,raw.catalog_номенклатура,1,1
Номенклатура — исходный каталог,Биопрепарат Биокомплекс БТУ (универсальный)  1 марка,raw.catalog_номенклатура,1,1
Номенклатура — исходный каталог,Биопрепарат Биокомплекс БТУ Органик баланс 1 марка,raw.catalog_номенклатура,1,1
Номенклатура — исходный каталог,Биотлин Бау Инсектицид,raw.catalog_номенклатура,1,1
Номенклатура — исходный каталог,Биофунгицид Фитоспорин-АС.Ж,raw.catalog_номенклатура,1,1
Номенклатура — исходный каталог,БисолбиСан Инсектицид,raw.catalog_номенклатура,1,1
Номенклатура — исходный каталог,"БисолбиСан, Ж Биофунгицид (микробиологический препарат)",raw.catalog_номенклатура,1,1
Номенклатура — исходный каталог,"Бит 90,Ж Адьювант (прилипатель) ",raw.catalog_номенклатура,1,1
Номенклатура — исходный каталог,Битоксибациллин Инсектицид,raw.catalog_номенклатура,1,1
Номенклатура — исходный каталог,"Бицепс Гарант, КЭ Гербицид ",raw.catalog_номенклатура,1,1
Номенклатура — исходный каталог,Бишка Инсектицид,raw.catalog_номенклатура,1,1
Номенклатура — исходный каталог,Блок ЕЕМ2 (836869357),raw.catalog_номенклатура,1,1
Номенклатура — исходный каталог,Блок управления отопителем ГАЗ-3302 Бизнес Автокомплект 2705-8121020-20,raw.catalog_номенклатура,1,1
Номенклатура — исходный каталог,Бобовые,raw.catalog_номенклатура,1,1
Номенклатура — исходный каталог,Бокс О/У на 4 автомата,raw.catalog_номенклатура,1,1
Номенклатура — исходный каталог,Боксер КЭ,raw.catalog_номенклатура,1,1
Номенклатура — исходный каталог,Болт М 5х40,raw.catalog_номенклатура,1,1
Номенклатура — исходный каталог,Болт М 8*30,raw.catalog_номенклатура,1,1
Номенклатура — исходный каталог,Болт М12*45 лемеха ГОСТ 7786,raw.catalog_номенклатура,1,1
Номенклатура — исходный каталог,Болт М12*70,raw.catalog_номенклатура,1,1
Номенклатура — исходный каталог,Болт М16*100 кл.пр10.9,raw.catalog_номенклатура,1,1
Номенклатура — исходный каталог,Болт М16*40,raw.catalog_номенклатура,1,1
Номенклатура — исходный каталог,Болт кардана (к-т),raw.catalog_номенклатура,1,1
Номенклатура — исходный каталог,Болт карданного ЗИЛ вала М14х40+гайка,raw.catalog_номенклатура,1,1
Номенклатура — исходный каталог,Болт плужный М12х80 + гайка,raw.catalog_номенклатура,1,1
Номенклатура — исходный каталог,Болт поворотного угольника А 12.01.013-02Д18.051,raw.catalog_номенклатура,1,1
Номенклатура — исходный каталог,"Болт полная резьба,цинк DIN 933 BZ 10*65",raw.catalog_номенклатура,1,1
Номенклатура — исходный каталог,"Болт полная резьба,цинк DIN 933 BZ 12*30",raw.catalog_номенклатура,1,1
Номенклатура — исходный каталог,"Болт полная резьба,цинк DIN 933 BZ 12*50",raw.catalog_номенклатура,1,1
Номенклатура — исходный каталог,"Болт полная резьба,цинк DIN 933 BZ 14*60",raw.catalog_номенклатура,1,1
Номенклатура — исходный каталог,"Болт полная резьба,цинк DIN 933 BZ 16*40",raw.catalog_номенклатура,1,1
Номенклатура — исходный каталог,"Болт полная резьба,цинк DIN 933 BZ 16*60",raw.catalog_номенклатура,1,1
Номенклатура — исходный каталог,"Болт полная резьба,цинк DIN 933 BZ 6*30",raw.catalog_номенклатура,1,1
Номенклатура — исходный каталог,"Болт полная резьба,цинк DIN 933 BZ 6*50",raw.catalog_номенклатура,1,1
Номенклатура — исходный каталог,"Болт полная резьба,цинк DIN 933 BZ 8*50",raw.catalog_номенклатура,1,1
Номенклатура — исходный каталог,"Болт полная резьба,цинк DIN 933 BZ 8*70",raw.catalog_номенклатура,1,1
Номенклатура — исходный каталог,Бонтима Инсектицид,raw.catalog_номенклатура,1,1
Номенклатура — исходный каталог,Борей Инсектицид,raw.catalog_номенклатура,1,1
Номенклатура — исходный каталог,Борей Нео Инсектицид,raw.catalog_номенклатура,1,1
Номенклатура — исходный каталог,"Борей Нео, СК Инсектицид",raw.catalog_номенклатура,1,1
Номенклатура — исходный каталог,Боро-Н NB 3.11,raw.catalog_номенклатура,1,1
Номенклатура — исходный каталог,Боронование ,raw.catalog_номенклатура,1,1
Номенклатура — исходный каталог,Бочка 65 л,raw.catalog_номенклатура,1,1
Номенклатура — исходный каталог,Бочка 65л,raw.catalog_номенклатура,1,1
Номенклатура — исходный каталог,Бочка металлическая 200л,raw.catalog_номенклатура,1,1
Номенклатура — исходный каталог,Бочка пластиковая 227 л,raw.catalog_номенклатура,1,1
Номенклатура — исходный каталог,Бочки,raw.catalog_номенклатура,1,1
Номенклатура — исходный каталог,Браво Инсектицид,raw.catalog_номенклатура,1,1
Номенклатура — исходный каталог,Брасситрел  Yara Vita П ,raw.catalog_номенклатура,1,1
Номенклатура — исходный каталог,Брейк Инсектицид,raw.catalog_номенклатура,1,1
Номенклатура — исходный каталог,Брендированный,raw.catalog_номенклатура,1,1
Номенклатура — исходный каталог,Броадер Инсектицид,raw.catalog_номенклатура,1,1
Номенклатура — исходный каталог,Брус передний МТЗ,raw.catalog_номенклатура,1,1
Номенклатура — исходный каталог,Буксировка техники,raw.catalog_номенклатура,1,1
Номенклатура — исходный каталог,Буксировка техники_,raw.catalog_номенклатура,1,1
Номенклатура — исходный каталог,Бункер Инсектицид,raw.catalog_номенклатура,1,1
Номенклатура — исходный каталог,Бункер модульный ВМ-2525-2 (Каскада 6шт инвертор),raw.catalog_номенклатура,1,1
Номенклатура — исходный каталог,Бункер накопительный БНБ1,raw.catalog_номенклатура,1,1
Номенклатура — исходный каталог,Бункер накопительный БНБ1 (УТ-00000907),raw.catalog_номенклатура,1,1
Номенклатура — исходный каталог,Бункер накопительный БНБ6,raw.catalog_номенклатура,1,1
Номенклатура — исходный каталог,Бункер подающий БПБ2,raw.catalog_номенклатура,1,1
Номенклатура — исходный каталог,Бункер подающий БПБ6,raw.catalog_номенклатура,1,1
Номенклатура — исходный каталог,Бунчук Инсектицид,raw.catalog_номенклатура,1,1
Номенклатура — исходный каталог,Бурение и обустройство  скважины,raw.catalog_номенклатура,1,1
Номенклатура — исходный каталог,Бусидо Инсектицид,raw.catalog_номенклатура,1,1
Номенклатура — исходный каталог,Бутыль 19л,raw.catalog_номенклатура,1,1
Номенклатура — исходный каталог,Бухгалтерское сопровождение,raw.catalog_номенклатура,1,1
Номенклатура — исходный каталог,ВЗО,raw.catalog_номенклатура,1,1
Номенклатура — исходный каталог,ВЗО 2024,raw.catalog_номенклатура,1,1
Номенклатура — исходный каталог,ВЗО 2025,raw.catalog_номенклатура,1,1
Номенклатура — исходный каталог,ВЗО 2026,raw.catalog_номенклатура,1,1
Номенклатура — исходный каталог,Вайбранс Интеграл 041-01-1754-1 Инсектицид,raw.catalog_номенклатура,1,1
Номенклатура — исходный каталог,Вайбранс Интеграл 041-02-1753-1 Инсектицид,raw.catalog_номенклатура,1,1
Номенклатура — исходный каталог,Вайбранс Топ КС  Инсектицид,raw.catalog_номенклатура,1,1
Номенклатура — исходный каталог,Ваккумированный,raw.catalog_номенклатура,4,4
Номенклатура — исходный каталог,Вакумный пакет ПЭТ/ПЭ  размер 350х500,raw.catalog_номенклатура,1,1
Номенклатура — исходный каталог,Вакумный пакет ПЭТ/ПЭ 100мм размер 240х300,raw.catalog_номенклатура,1,1
Номенклатура — исходный каталог,Вал 34569100,raw.catalog_номенклатура,1,1
Номенклатура — исходный каталог,Вал Z20 33656300,raw.catalog_номенклатура,1,1
Номенклатура — исходный каталог,Вал МТЗ тормозной 38мм БЗТДиА 70-3504055-01,raw.catalog_номенклатура,1,1
Номенклатура — исходный каталог,Вал ППМ-24.000.СБ,raw.catalog_номенклатура,1,1
Номенклатура — исходный каталог,Вал ведущий бункера КСП-25 (в сборе),raw.catalog_номенклатура,1,1
Номенклатура — исходный каталог,Вал вертикальный МТЗ 80,raw.catalog_номенклатура,1,1
Номенклатура — исходный каталог,Вал для ТП-50,raw.catalog_номенклатура,1,1
Номенклатура — исходный каталог,Вал карданный 5276-080-800.00  6*8 шп.,raw.catalog_номенклатура,1,1
Номенклатура — исходный каталог,"Вал карданный КПП К-701,К-744(701.22.08.000-2)",raw.catalog_номенклатура,1,1
Номенклатура — исходный каталог,Вал рулевой в сборе,raw.catalog_номенклатура,1,1
Номенклатура — исходный каталог,Вальцовый калибровщик ВСК-6-1200,raw.catalog_номенклатура,1,1
Номенклатура — исходный каталог,Вантекс Инсектицид,raw.catalog_номенклатура,1,1
Номенклатура — исходный каталог,"Варросан, 10 пол",raw.catalog_номенклатура,1,1
Номенклатура — исходный каталог,Вега Инсектицид,raw.catalog_номенклатура,1,1
Номенклатура — исходный каталог,"Вега РС2 грязный 2,5 кг. (эконом)",raw.catalog_номенклатура,1,1
Номенклатура — исходный каталог,Вега РС2 грязный Сетка на рулоне 25кг Полив,raw.catalog_номенклатура,1,1
Номенклатура — исходный каталог,Вега РС2 мытый 1кг (бэби),raw.catalog_номенклатура,1,1
Номенклатура — исходный каталог,Вега РС2 мытый 2кг.(бэби),raw.catalog_номенклатура,1,1
Номенклатура — исходный каталог,Вега РС2 мытый 3кг.,raw.catalog_номенклатура,1,1
Номенклатура — исходный каталог,Вега РС2 мытый Сетка 25кг. Полив,raw.catalog_номенклатура,1,1
Номенклатура — исходный каталог,"ВегаРС3 Белый Беби Мытый Сетка домик1,5 кг.",raw.catalog_номенклатура,1,1
Номенклатура — исходный каталог,ВегаРС3 Белый Беби Мытый Сетка домик2 кг.,raw.catalog_номенклатура,1,1
Номенклатура — исходный каталог,ВегаРС3 Белый Беби Мытый Сетка на рулоне25 кг.,raw.catalog_номенклатура,1,1
Номенклатура — исходный каталог,ВегаРС3 Белый Грязный  Биг-бэг1000 кг.,raw.catalog_номенклатура,1,1
Номенклатура — исходный каталог,"ВегаРС3 Белый Грязный  Сетка на рулоне2,5 кг.",raw.catalog_номенклатура,1,1
Номенклатура — исходный каталог,ВегаРС3 Белый Грязный  Сетка на рулоне25 кг.,raw.catalog_номенклатура,1,1
Номенклатура — исходный каталог,ВегаРС3 Белый Грязный  Сетка на рулоне3 кг.,raw.catalog_номенклатура,1,1
Номенклатура — исходный каталог,ВегаРС3 Белый Грязный  Сетка на рулоне5 кг.,raw.catalog_номенклатура,1,1
Номенклатура — исходный каталог,"ВегаРС3 Белый Грязный 35-50 Сетка на рулоне2,5 кг.",raw.catalog_номенклатура,1,1
Номенклатура — исходный каталог,"ВегаРС3 Белый Мытый  Сетка домик2,5 кг.",raw.catalog_номенклатура,1,1
Номенклатура — исходный каталог,ВегаРС3 Белый Мытый  Сетка домик3 кг.,raw.catalog_номенклатура,1,1
Номенклатура — исходный каталог,ВегаРС3 Белый Мытый  Сетка на рулоне25 кг.,raw.catalog_номенклатура,1,1
Номенклатура — исходный каталог,Ведро для меда 3л с пластиковой ручкой,raw.catalog_номенклатура,1,1
Номенклатура — исходный каталог,"ВендиРС3 Белый Беби Мытый Сетка домик1,5 кг.",raw.catalog_номенклатура,1,1
Номенклатура — исходный каталог,ВендиРС3 Белый Беби Мытый Сетка домик2 кг.,raw.catalog_номенклатура,1,1
Номенклатура — исходный каталог,ВендиРС3 Белый Беби Мытый Сетка на рулоне25 кг.,raw.catalog_номенклатура,1,1
Номенклатура — исходный каталог,ВендиРС3 Белый Грязный  Биг-бэг1000 кг.,raw.catalog_номенклатура,1,1
Номенклатура — исходный каталог,"ВендиРС3 Белый Грязный  Сетка на рулоне2,5 кг.",raw.catalog_номенклатура,1,1
Номенклатура — исходный каталог,ВендиРС3 Белый Грязный  Сетка на рулоне25 кг.,raw.catalog_номенклатура,1,1
Номенклатура — исходный каталог,ВендиРС3 Белый Грязный  Сетка на рулоне3 кг.,raw.catalog_номенклатура,1,1
Номенклатура — исходный каталог,ВендиРС3 Белый Грязный  Сетка на рулоне5 кг.,raw.catalog_номенклатура,1,1
Номенклатура — исходный каталог,"ВендиРС3 Белый Грязный 35-50 Сетка на рулоне2,5 кг.",raw.catalog_номенклатура,1,1
Номенклатура — исходный каталог,"ВендиРС3 Белый Мытый  Сетка домик2,5 кг.",raw.catalog_номенклатура,1,1
Номенклатура — исходный каталог,ВендиРС3 Белый Мытый  Сетка домик3 кг.,raw.catalog_номенклатура,1,1
Номенклатура — исходный каталог,ВендиРС3 Белый Мытый  Сетка на рулоне25 кг.,raw.catalog_номенклатура,1,1
Номенклатура — исходный каталог,Вентиль ТК,raw.catalog_номенклатура,1,1
Номенклатура — исходный каталог,Вентиль камерный для с/х камер,raw.catalog_номенклатура,1,1
Номенклатура — исходный каталог,Вентиль тракторный V5-01-1 TR618A,raw.catalog_номенклатура,1,1
Номенклатура — исходный каталог,Вентилятор обдува WOS500,raw.catalog_номенклатура,1,1
Номенклатура — исходный каталог,"Вентиляционный канал и две венткамеры высотой 3,6 м из балки,профтрубы и профнастила ",raw.catalog_номенклатура,1,1
Номенклатура — исходный каталог,Венто 178-02-1230-0 Инсектицид,raw.catalog_номенклатура,1,1
Номенклатура — исходный каталог,Венто 178-02-1762-0 Инсектицид,raw.catalog_номенклатура,1,1
Номенклатура — исходный каталог,Весовая,raw.catalog_номенклатура,1,1
Номенклатура — исходный каталог,Весы с 16 взвешивающими головками,raw.catalog_номенклатура,1,1
Номенклатура — исходный каталог,Виал ТрасТ Инсектицид,raw.catalog_номенклатура,1,1
Номенклатура — исходный каталог,Виал Трио Инсектицид,raw.catalog_номенклатура,1,1
Номенклатура — исходный каталог,Видеокамера IP HIKVISION DS-2DE2A204IW-DE3(C0)(S6)(C) (DS-2DE2A204IW-DE3(C0)(S6)(C)),raw.catalog_номенклатура,1,1
Номенклатура — исходный каталог,Видеокамера IP HIKVISION DS-2DE3A404IWG-E 2.8-12 mm (DS-2DE3A404IWG-E),raw.catalog_номенклатура,1,1
Номенклатура — исходный каталог,Видеорегистратор DS-N332/2,raw.catalog_номенклатура,1,1
Номенклатура — исходный каталог,Вилка AG W2600 8х32х38,raw.catalog_номенклатура,1,1
Номенклатура — исходный каталог,Вилка AG WWE2580 8*32*38,raw.catalog_номенклатура,1,1
Номенклатура — исходный каталог,Вилка RG S4 WWE2580,raw.catalog_номенклатура,1,1
Номенклатура — исходный каталог,Вилка RG S5 W2600,raw.catalog_номенклатура,1,1
Номенклатура — исходный каталог,Вилка белая,raw.catalog_номенклатура,1,1
Номенклатура — исходный каталог,Вилка двойная  WWE2580 ,raw.catalog_номенклатура,1,1
Номенклатура — исходный каталог,Вилка прицепной скобы К-700 (700.46.30.015-2),raw.catalog_номенклатура,1,1
Номенклатура — исходный каталог,Вилка прямая белая с з/к,raw.catalog_номенклатура,1,1
Номенклатура — исходный каталог,"Вилка скребок ""Скрейпер"" широкая",raw.catalog_номенклатура,1,1
Номенклатура — исходный каталог,Вилка сцепления,raw.catalog_номенклатура,1,1
Номенклатура — исходный каталог,Вилка сцепления МТЗ-1221 отводки РУП МТЗ,raw.catalog_номенклатура,1,1
Номенклатура — исходный каталог,Виннер Инсектицид,raw.catalog_номенклатура,1,1
Номенклатура — исходный каталог,Винт верхний М30х3 правая резьба,raw.catalog_номенклатура,1,1
Номенклатура — исходный каталог,Винт полукруглый 6*25,raw.catalog_номенклатура,1,1
Номенклатура — исходный каталог,Винтовой элеватор,raw.catalog_номенклатура,1,1
Номенклатура — исходный каталог,Винцент Инсектицид,raw.catalog_номенклатура,1,1
Номенклатура — исходный каталог,Винцит Инсектицид,raw.catalog_номенклатура,1,1
Номенклатура — исходный каталог,Винцит Форте Инсектицид,raw.catalog_номенклатура,1,1
Номенклатура — исходный каталог,Винцит Экстра Инсектицид,raw.catalog_номенклатура,1,1
Номенклатура — исходный каталог,Виртуоз Инсектицид,raw.catalog_номенклатура,1,1
Номенклатура — исходный каталог,Вист Инсектицид,raw.catalog_номенклатура,1,1
Номенклатура — исходный каталог,"Вист дымовая шашка 0,4 кг",raw.catalog_номенклатура,1,1
Номенклатура — исходный каталог,Вист дымовая шашка 5гр,raw.catalog_номенклатура,1,1
Номенклатура — исходный каталог,Витавакс 200ФФ Инсектицид,raw.catalog_номенклатура,1,1
Номенклатура — исходный каталог,Виталон Инсектицид,raw.catalog_номенклатура,1,1
Номенклатура — исходный каталог,Витаплан Инсектицид,raw.catalog_номенклатура,1,1
Номенклатура — исходный каталог,Витарос Инсектицид,raw.catalog_номенклатура,1,1
Номенклатура — исходный каталог,Витасил Инсектицид,raw.catalog_номенклатура,1,1
Номенклатура — исходный каталог,Витацит Инсектицид,raw.catalog_номенклатура,1,1
Номенклатура — исходный каталог,Вода,raw.catalog_номенклатура,1,1
Номенклатура — исходный каталог,"Водонагреватель ""Термекс""",raw.catalog_номенклатура,1,1
Номенклатура — исходный каталог,Водоумягчитель LT12 DVA,raw.catalog_номенклатура,1,1
Номенклатура — исходный каталог,Воздуховод напорный для напольного хранения овощей В01/15,raw.catalog_номенклатура,1,1
Номенклатура — исходный каталог,Воздуховод напорный для напольного хранения овощей В02/15,raw.catalog_номенклатура,1,1
Номенклатура — исходный каталог,Воздуховод напорный для напольного хранения овощей В03/15,raw.catalog_номенклатура,1,1
Номенклатура — исходный каталог,Воздуховод напорный для напольного хранения овощей ВО4/15,raw.catalog_номенклатура,1,1
Номенклатура — исходный каталог,Воздуховод напорный для напольного хранения овощей ВО5/15,raw.catalog_номенклатура,1,1
Номенклатура — исходный каталог,Воздуховод напорный для напольного хранения овощей ВО6/15,raw.catalog_номенклатура,1,1
Номенклатура — исходный каталог,Воздуховод напорный для напольного хранения овощей ВО7/15,raw.catalog_номенклатура,1,1
Номенклатура — исходный каталог,Воздуховод напорный для напольного хранения овощей ВО8/15,raw.catalog_номенклатура,1,1
Номенклатура — исходный каталог,Воздухоохладитель DD-19/0/453A 380V,raw.catalog_номенклатура,1,1
Номенклатура — исходный каталог,Воздухоохладитель СТЕ 502 Е6 ЕD,raw.catalog_номенклатура,1,1
Номенклатура — исходный каталог,Воздухоохладитель СТЕ 502 Е8 ЕD,raw.catalog_номенклатура,1,1
Номенклатура — исходный каталог,Волиам Флекси Инсектицид,raw.catalog_номенклатура,1,1
Номенклатура — исходный каталог,Ворота откатные 3900*3520,raw.catalog_номенклатура,1,1
Номенклатура — исходный каталог,Ворохоотделитель ВОБ6,raw.catalog_номенклатура,1,1
Номенклатура — исходный каталог,Воскотопка паровая 6 рамочная электрическая,raw.catalog_номенклатура,1,1
Номенклатура — исходный каталог,Восторг Инсектицид,raw.catalog_номенклатура,1,1
Номенклатура — исходный каталог,"Вощина Дадан""Улей""",raw.catalog_номенклатура,1,1
Номенклатура — исходный каталог,Врезка 3/4 для резервуаров,raw.catalog_номенклатура,1,1
Номенклатура — исходный каталог,Врезка в бак d=2 удл. (латунь),raw.catalog_номенклатура,1,1
Номенклатура — исходный каталог,Вспашка,raw.catalog_номенклатура,1,1
Номенклатура — исходный каталог,Вставка 88.00569 выкл.ложечка среняя черная,raw.catalog_номенклатура,1,1
Номенклатура — исходный каталог,Вторичное сырье на крахмал.Гала.Мелкий,raw.catalog_номенклатура,1,1
Номенклатура — исходный каталог,Вторичное сырье на продажу,raw.catalog_номенклатура,1,1
Номенклатура — исходный каталог,Вторичное сырьё на крахмал,raw.catalog_номенклатура,1,1
Номенклатура — исходный каталог,Вторичное сырьё на крахмал.Кармен.Мелкий,raw.catalog_номенклатура,1,1
Номенклатура — исходный каталог,Вторичное сырьё на переработку,raw.catalog_номенклатура,1,1
Номенклатура — исходный каталог,Вторичное сырьё на переработку.ЦВ.Гала.Мелкий,raw.catalog_номенклатура,1,1
Номенклатура — исходный каталог,Вторичное сырьё на переработку.ЦВ.Кармен.Мелкий,raw.catalog_номенклатура,1,1
Номенклатура — исходный каталог,Вторичное сырьё на переработку.ЦГП.Гала.Стандарт,raw.catalog_номенклатура,1,1
Номенклатура — исходный каталог,Вторичное сырьё на переработку.ЦГП.Кармен.Стандарт,raw.catalog_номенклатура,1,1
Номенклатура — исходный каталог,Вторичное сырьё на продажу.Гала.Мелкий.,raw.catalog_номенклатура,1,1
Номенклатура — исходный каталог,Вторичное сырьё на продажу.Гала.Стандарт.,raw.catalog_номенклатура,1,1
Номенклатура — исходный каталог,Вторичное сырьё на продажу.Кармен.Мелкий.,raw.catalog_номенклатура,1,1
Номенклатура — исходный каталог,Вторичное сырьё на продажу.Кармен.Стандарт.,raw.catalog_номенклатура,1,1
Номенклатура — исходный каталог,Втулка  МТЗ РБ 1520-2308077,raw.catalog_номенклатура,1,1
Номенклатура — исходный каталог,Втулка 33150100,raw.catalog_номенклатура,1,1
Номенклатура — исходный каталог,Втулка 34086600,raw.catalog_номенклатура,1,1
Номенклатура — исходный каталог,Втулка БЗ нар. резьба 1/4 Metabo 7803009117,raw.catalog_номенклатура,1,1
Номенклатура — исходный каталог,Вулкан Инсектицид,raw.catalog_номенклатура,1,1
Номенклатура — исходный каталог,Вывоз условного картофеля,raw.catalog_номенклатура,1,1
Номенклатура — исходный каталог,Выгрузной транспортер 300/400,raw.catalog_номенклатура,1,1
Номенклатура — исходный каталог,Выключатель массы дистанционный 12V СОАТЭ 1300.3737,raw.catalog_номенклатура,1,1
Номенклатура — исходный каталог,Выключатель стола ВК12-51 МТЗ,raw.catalog_номенклатура,1,1
Номенклатура — исходный каталог,"Вымпел Стартовые провода 500А 3м,хладост.в сумке 5039",raw.catalog_номенклатура,1,1
Номенклатура — исходный каталог,Вынужденный простой,raw.catalog_номенклатура,1,1
Номенклатура — исходный каталог,Выравнивающая пластина Р100,raw.catalog_номенклатура,1,1
Номенклатура — исходный каталог,Вэнди РС2 мытый Сетка-домик 3кг Полив,raw.catalog_номенклатура,1,1
Номенклатура — исходный каталог,ГОТОВАЯ ПРОДУКЦИЯ,raw.catalog_номенклатура,1,1
Номенклатура — исходный каталог,ГОТОВАЯ ПРОДУКЦИЯ ДАВАЛЬЧЕСКАЯ,raw.catalog_номенклатура,1,1
Номенклатура — исходный каталог,ГСМ,raw.catalog_номенклатура,1,1
Номенклатура — исходный каталог,Газ,raw.catalog_номенклатура,1,1
Номенклатура — исходный каталог,Газель Инсектицид,raw.catalog_номенклатура,1,1
Номенклатура — исходный каталог,Гайка  МТЗ БЗТДиА 80-1701045,raw.catalog_номенклатура,1,1
Номенклатура — исходный каталог,Гайка /шайба М 20,raw.catalog_номенклатура,1,1
Номенклатура — исходный каталог,Гайка JB8915,raw.catalog_номенклатура,1,1
Номенклатура — исходный каталог,Гайка М 12 лемеха ГОСТ 5927,raw.catalog_номенклатура,1,1
Номенклатура — исходный каталог,Гайка внутренняя на шпильку ЗИЛ 130 (М18) (ГАЗ),raw.catalog_номенклатура,1,1
Номенклатура — исходный каталог,"Гайка круглая 80-1701045 М45*1,5 Н=14 с буртиком",raw.catalog_номенклатура,1,1
Номенклатура — исходный каталог,Гайка м 14х1.5.КАМАЗ многоцелевая с нейлоном,raw.catalog_номенклатура,1,1
Номенклатура — исходный каталог,Гайка оцинкованная DIN 934 М10,raw.catalog_номенклатура,1,1
Номенклатура — исходный каталог,Гайка оцинкованная DIN 934 М12,raw.catalog_номенклатура,1,1
Номенклатура — исходный каталог,Гайка оцинкованная DIN 934 М18,raw.catalog_номенклатура,1,1
Номенклатура — исходный каталог,Гайка оцинкованная DIN 934 М20,raw.catalog_номенклатура,1,1
Номенклатура — исходный каталог,Гайка оцинкованная DIN 934 М22,raw.catalog_номенклатура,1,1
Номенклатура — исходный каталог,Гайка оцинкованная DIN 934 М6,raw.catalog_номенклатура,1,1
Номенклатура — исходный каталог,Гайка оцинкованная DIN 934 М8,raw.catalog_номенклатура,1,1
Номенклатура — исходный каталог,Гайка самоконтрящаяся с нейлоновым кольцом цинк DIN 985 М10,raw.catalog_номенклатура,1,1
Номенклатура — исходный каталог,Гайка самоконтрящаяся с нейлоновым кольцом цинк DIN 985 М12,raw.catalog_номенклатура,1,1
Номенклатура — исходный каталог,Гайка самоконтрящаяся с нейлоновым кольцом цинк DIN 985 М14,raw.catalog_номенклатура,1,1
Номенклатура — исходный каталог,Гайка самоконтрящаяся с нейлоновым кольцом цинк DIN 985 М16,raw.catalog_номенклатура,1,1
Номенклатура — исходный каталог,Гайка самоконтрящаяся с нейлоновым кольцом цинк DIN 985 М6,raw.catalog_номенклатура,1,1
Номенклатура — исходный каталог,Гайка самоконтрящаяся с нейлоновым кольцом цинк DIN 985 М8,raw.catalog_номенклатура,1,1
Номенклатура — исходный каталог,"Гайтан, КЭ Гербицид ",raw.catalog_номенклатура,1,1
Номенклатура — исходный каталог,Гала РС2 грязный  Сетка на рулоне 25кг. Полив,raw.catalog_номенклатура,1,1
Номенклатура — исходный каталог,Гала РС2 мытый Сетка 25кг. Полив,raw.catalog_номенклатура,1,1
Номенклатура — исходный каталог,Гала РС2 мытый Сетка-домик 2кг. Полив,raw.catalog_номенклатура,1,1
Номенклатура — исходный каталог,Гала РС2 мытый Сетка-домик 3кг Полив,raw.catalog_номенклатура,1,1
Номенклатура — исходный каталог,Гала РС3 мытый Сетка 25кг. Полив,raw.catalog_номенклатура,1,1
Номенклатура — исходный каталог,Гала РС3 мытый Сетка-домик 3кг Полив,raw.catalog_номенклатура,1,1
Номенклатура — исходный каталог,"ГалаРС1 Белый Мытый  Сетка домик2,5 кг.",raw.catalog_номенклатура,1,1
Номенклатура — исходный каталог,Гамаир Инсектицид,raw.catalog_номенклатура,1,1
Номенклатура — исходный каталог,"Гамбит,СК Гербицид ",raw.catalog_номенклатура,1,1
Номенклатура — исходный каталог,Гарелка -насадка GT-19 газовая с пьезоподжигом,raw.catalog_номенклатура,1,1
Номенклатура — исходный каталог,Гарелка газовая с пьезо,raw.catalog_номенклатура,1,1
Номенклатура — исходный каталог,"Гаур, КЭ Гербицид ",raw.catalog_номенклатура,1,1
Номенклатура — исходный каталог,Гедеон Инсектицид,raw.catalog_номенклатура,1,1
Номенклатура — исходный каталог,Гезагард КС,raw.catalog_номенклатура,1,1
Номенклатура — исходный каталог,"Генератор  МТЗ 1221,КСК-150,ТО-28 дв Д-245.5.245.7.260 1000Вт Радиоволна",raw.catalog_номенклатура,1,1
Номенклатура — исходный каталог,"Генератор  МТЗ 80,82,Т-70,80,ТО-18М,ТМ3 дв Д-230,240,242,243,245 14Вт 50А Радиоволна",raw.catalog_номенклатура,1,1
Номенклатура — исходный каталог,Генератор HUTERDY6500LX электорстартер,raw.catalog_номенклатура,1,1
Номенклатура — исходный каталог,"Генератор Г273.Г1 (МАЗ-500,64229) дв.236-238 ",raw.catalog_номенклатура,1,1
Номенклатура — исходный каталог,Генератор Г287Д (К-701) 14В 85А,raw.catalog_номенклатура,1,1
Номенклатура — исходный каталог,Генератор дизельный DAEWOO,raw.catalog_номенклатура,1,1
Номенклатура — исходный каталог,Гербициды,raw.catalog_номенклатура,1,1
Номенклатура — исходный каталог,Герметик системы охлаждения,raw.catalog_номенклатура,1,1
Номенклатура — исходный каталог,Герольд Инсектицид,raw.catalog_номенклатура,1,1
Номенклатура — исходный каталог,Гиберелон ВРП,raw.catalog_номенклатура,1,1
Номенклатура — исходный каталог,Гидропонная,raw.catalog_номенклатура,1,1
Номенклатура — исходный каталог,"Гидрораспределитель МТЗ-1221,1523 привода ПВМ САЛЕО-ГОМЕЛЬ",raw.catalog_номенклатура,1,1
Номенклатура — исходный каталог,Гладиатор Инсектицид,raw.catalog_номенклатура,1,1
Номенклатура — исходный каталог,Гладиатор Супер Инсектицид,raw.catalog_номенклатура,1,1
Номенклатура — исходный каталог,Глак,raw.catalog_номенклатура,1,1
Номенклатура — исходный каталог,Глиокладин Инсектицид,raw.catalog_номенклатура,1,1
Номенклатура — исходный каталог,Гнилой картофель,raw.catalog_номенклатура,1,1
Номенклатура — исходный каталог,Головка муфтовая ГМ-80,raw.catalog_номенклатура,1,1
Номенклатура — исходный каталог,Головка торцовая 42 ударная ,raw.catalog_номенклатура,1,1
Номенклатура — исходный каталог,Головка торцовая 55 3/4,raw.catalog_номенклатура,1,1
Номенклатура — исходный каталог,"Головка торцовая ударная шестигранная 1/2,41 мм 453154 1М",raw.catalog_номенклатура,1,1
Номенклатура — исходный каталог,Головка тройная вращающаяся конечная 0-100/G07/К,raw.catalog_номенклатура,1,1
Номенклатура — исходный каталог,Головка тройная вращающаяся конечная 0-100/G07K,raw.catalog_номенклатура,1,1
Номенклатура — исходный каталог,Головка тройная вращающаяся проходная 0-100/G07/Р,raw.catalog_номенклатура,1,1
Номенклатура — исходный каталог,Головка тройная вращающаяся проходная 0-100/G07Р,raw.catalog_номенклатура,1,1
Номенклатура — исходный каталог,Гофрокороб 600*400*400 Т-25В бурый ,raw.catalog_номенклатура,1,1
Номенклатура — исходный каталог,Гофролоток 362*272*172 П-32 ВЕ бурый ,raw.catalog_номенклатура,1,1
Номенклатура — исходный каталог,Гофролоток 390*280*180 П32 ВЕ ,raw.catalog_номенклатура,1,1
Номенклатура — исходный каталог,Гофролоток Т24С бурый 575*390*200,raw.catalog_номенклатура,1,1
Номенклатура — исходный каталог,Гофроупаковка,raw.catalog_номенклатура,1,1
Номенклатура — исходный каталог,Граблина ГВР 28.601,raw.catalog_номенклатура,1,1
Номенклатура — исходный каталог,"Градирня ""Росинка-30/40"" (с щитом управления)",raw.catalog_номенклатура,1,1
Номенклатура — исходный каталог,Грандсил 1447-09-107-223-0-0-0-0 Инсектицид,raw.catalog_номенклатура,1,1
Номенклатура — исходный каталог,Грандсил 2345-12-107-476-0-1-0-0 Инсектицид,raw.catalog_номенклатура,1,1
Номенклатура — исходный каталог,Гранулам Инсектицид,raw.catalog_номенклатура,1,1
Номенклатура — исходный каталог,Гребенка п/м,raw.catalog_номенклатура,1,1
Номенклатура — исходный каталог,Гризли Инсектицид,raw.catalog_номенклатура,1,1
Номенклатура — исходный каталог,Гринда Инсектицид,raw.catalog_номенклатура,1,1
Номенклатура — исходный каталог,Гром Инсектицид,raw.catalog_номенклатура,1,1
Номенклатура — исходный каталог,Груз 70-4235011 передний МТЗ-80/82,raw.catalog_номенклатура,1,1
Номенклатура — исходный каталог,"Грэмми, КС Фунгицид ",raw.catalog_номенклатура,1,1
Номенклатура — исходный каталог,Грядообразование,raw.catalog_номенклатура,1,1
Номенклатура — исходный каталог,ДВД Шанс Инсектицид,raw.catalog_номенклатура,1,1
Номенклатура — исходный каталог,Даймонд Супер Инсектицид,raw.catalog_номенклатура,1,1
Номенклатура — исходный каталог,Данадим 1867-10-101-029-0-0-1-0 Инсектицид,raw.catalog_номенклатура,1,1
Номенклатура — исходный каталог,Данадим 2193-11-101-029-0-0-1-0 Инсектицид,raw.catalog_номенклатура,1,1
Номенклатура — исходный каталог,Данадим Пауер Инсектицид,raw.catalog_номенклатура,1,1
Номенклатура — исходный каталог,Датчик Биг-Бэг NB-2 LE10SF05DRO,raw.catalog_номенклатура,1,1
Номенклатура — исходный каталог,Датчик объема топлива на МТЗ 1523 ДОТ 680Ч-02,raw.catalog_номенклатура,1,1
Номенклатура — исходный каталог,Датчик температуры охл.,raw.catalog_номенклатура,1,1
Номенклатура — исходный каталог,Датчик угла наклона ЭСКОРТ ДУ BLE,raw.catalog_номенклатура,1,1
Номенклатура — исходный каталог,Датчик уровня топлива ТД-150,raw.catalog_номенклатура,1,1
Номенклатура — исходный каталог,Дверной металлический блок наружный 850х1820,raw.catalog_номенклатура,1,1
Номенклатура — исходный каталог,Дверной металлический блок наружный 850х2050,raw.catalog_номенклатура,1,1
Номенклатура — исходный каталог,Дверной металлический блок наружный 880х1880,raw.catalog_номенклатура,1,1
Номенклатура — исходный каталог,Дверной металлический блок наружный 880х2020,raw.catalog_номенклатура,1,1
Номенклатура — исходный каталог,Дверной металлический блок наружный 910х2040,raw.catalog_номенклатура,1,1
Номенклатура — исходный каталог,Дверной металлический блок наружный 950х2050,raw.catalog_номенклатура,1,1
Номенклатура — исходный каталог,Дверь откатная без порога  RAL OD_ПХ 2000*3000 80мм правая с креплением рамы,raw.catalog_номенклатура,1,1
Номенклатура — исходный каталог,Двухъярусная роликовая сортировочная линия,raw.catalog_номенклатура,1,1
Номенклатура — исходный каталог,Дезинфекция складских помещений,raw.catalog_номенклатура,1,1
Номенклатура — исходный каталог,Дезинфицирующее средство Перекись водорода 35% (канистра 34кг) ,raw.catalog_номенклатура,1,1
Номенклатура — исходный каталог,Декстер Инсектицид,raw.catalog_номенклатура,1,1
Номенклатура — исходный каталог,Дело Техники 660036 Головка ударная 6-гранная х 36мм 1/2 50/5,raw.catalog_номенклатура,1,1
Номенклатура — исходный каталог,Дело Техники Набор съемников стопорных колец 180мм х4 шт/тетрон ДТ/16 424041,raw.catalog_номенклатура,1,1
Номенклатура — исходный каталог,"Деметра, КЭ Гербицид ",raw.catalog_номенклатура,1,1
Номенклатура — исходный каталог,Демонтаж полива,raw.catalog_номенклатура,1,1
Номенклатура — исходный каталог,Держатель  ножа  КИР 03.060,raw.catalog_номенклатура,1,1
Номенклатура — исходный каталог,Держатель клипса быстрого монтажа д-20,raw.catalog_номенклатура,1,1
Номенклатура — исходный каталог,Дерозал Евро Инсектицид,raw.catalog_номенклатура,1,1
Номенклатура — исходный каталог,Десант Инсектицид,raw.catalog_номенклатура,1,1
Номенклатура — исходный каталог,Дефектовка комбайна на базе,raw.catalog_номенклатура,1,1
Номенклатура — исходный каталог,Дефектовка комбайна на поле,raw.catalog_номенклатура,1,1
Номенклатура — исходный каталог,"Дефектовка,сборка,монтаж оборудования",raw.catalog_номенклатура,1,1
Номенклатура — исходный каталог,Децис Профи Инсектицид,raw.catalog_номенклатура,1,1
Номенклатура — исходный каталог,Децис Эксперт Инсектицид,raw.catalog_номенклатура,1,1
Номенклатура — исходный каталог,Джостик для траспортера-подборщика,raw.catalog_номенклатура,1,1
Номенклатура — исходный каталог,Ди-68 Инсектицид,raw.catalog_номенклатура,1,1
Номенклатура — исходный каталог,Диагностика и настройка холодильного оборудования,raw.catalog_номенклатура,1,1
Номенклатура — исходный каталог,Диагностика проблем с кодировкой,raw.catalog_номенклатура,1,1
Номенклатура — исходный каталог,Диазин Евро Инсектицид,raw.catalog_номенклатура,1,1
Номенклатура — исходный каталог,Диазинон Экспресс Инсектицид,raw.catalog_номенклатура,1,1
Номенклатура — исходный каталог,Диазинон-600 Инсектицид,raw.catalog_номенклатура,1,1
Номенклатура — исходный каталог,Диазол Инсектицид,raw.catalog_номенклатура,1,1
Номенклатура — исходный каталог,Диаммофоска 10:26:26 (азотно-фосфорнно-калийные),raw.catalog_номенклатура,1,1
Номенклатура — исходный каталог,"Диаммофоска NRK 10:23:26,МКР",raw.catalog_номенклатура,1,1
Номенклатура — исходный каталог,Дивиденд 1712-09-107-018-0-1-0-0 Инсектицид,raw.catalog_номенклатура,1,1
Номенклатура — исходный каталог,Дивиденд 2130-11-107-018-0-1-0-0 Инсектицид,raw.catalog_номенклатура,1,1
Номенклатура — исходный каталог,Дивиденд Суприм Инсектицид,raw.catalog_номенклатура,1,1
Номенклатура — исходный каталог,Диез 600 Инсектицид,raw.catalog_номенклатура,1,1
Номенклатура — исходный каталог,Дизайн упаковки,raw.catalog_номенклатура,1,1
Номенклатура — исходный каталог,Дизель,raw.catalog_номенклатура,1,1
Номенклатура — исходный каталог,Дикошанс.ВР,raw.catalog_номенклатура,1,1
Номенклатура — исходный каталог,Димет Инсектицид,raw.catalog_номенклатура,1,1
Номенклатура — исходный каталог,Диметоат-400 Инсектицид,raw.catalog_номенклатура,1,1
Номенклатура — исходный каталог,Диметрон Инсектицид,raw.catalog_номенклатура,1,1
Номенклатура — исходный каталог,Диметус Инсектицид,raw.catalog_номенклатура,1,1
Номенклатура — исходный каталог,Димефос Инсектицид,raw.catalog_номенклатура,1,1
Номенклатура — исходный каталог,Дино Инсектицид,raw.catalog_номенклатура,1,1
Номенклатура — исходный каталог,Дипломат Инсектицид,raw.catalog_номенклатура,1,1
Номенклатура — исходный каталог,Диск  бороны БДТ Р33.428.001,raw.catalog_номенклатура,1,1
Номенклатура — исходный каталог,Диск БДМ 580х6 мм Bellota (АДУ-6),raw.catalog_номенклатура,1,1
Номенклатура — исходный каталог,Диск ИЯВТ (60*60 16 лепестков,raw.catalog_номенклатура,1,1
Номенклатура — исходный каталог,Диск ИЯВТ 106-04.02.009,raw.catalog_номенклатура,1,1
Номенклатура — исходный каталог,Диск СК 4.10.03.007,raw.catalog_номенклатура,1,1
Номенклатура — исходный каталог,Диск сцепления МТЗ ,raw.catalog_номенклатура,1,1
Номенклатура — исходный каталог,"Диск сцепления МТЗ -80,82 MEGAPOWER 85-1601130",raw.catalog_номенклатура,1,1
Номенклатура — исходный каталог,Диск сцепления МТЗ 1221 опорный БЗТДиА,raw.catalog_номенклатура,1,1
Номенклатура — исходный каталог,Диск сцепления МТЗ ведомый безасбестовый элл.навитой БЗТДиА 85-1601130-01,raw.catalog_номенклатура,1,1
Номенклатура — исходный каталог,"Диск тормозной МТЗ-82,1221 Н/О нажимной в сборе ВЗТЗЧ 85-3502030",raw.catalog_номенклатура,1,1
Номенклатура — исходный каталог,Дискование,raw.catalog_номенклатура,1,1
Номенклатура — исходный каталог,Дискование (почасовая оплата),raw.catalog_номенклатура,1,1
Номенклатура — исходный каталог,"Диспенсер для полотенец, пластик",raw.catalog_номенклатура,1,1
Номенклатура — исходный каталог,Дитокс Инсектицид,raw.catalog_номенклатура,1,1
Номенклатура — исходный каталог,Дишанс Инсектицид,raw.catalog_номенклатура,1,1
Номенклатура — исходный каталог,Диэлектрические тонкогубцы Inforce 160 мм 1000В,raw.catalog_номенклатура,1,1
Номенклатура — исходный каталог,Дно гиrиеническое Стандарт производство Р Б ,raw.catalog_номенклатура,1,1
Номенклатура — исходный каталог,Добавки,raw.catalog_номенклатура,1,1
Номенклатура — исходный каталог,Дозатор Q0 IL c 02.004.0.0918-300-038,raw.catalog_номенклатура,1,1
Номенклатура — исходный каталог,Дозатор комбинированный WK-09 (адаптация для моркови и корня петрушки),raw.catalog_номенклатура,1,1
Номенклатура — исходный каталог,Дозатор комбинированный WK-12 (встраивание 3-х упаковочных машин адаптация для моркови),raw.catalog_номенклатура,1,1
Номенклатура — исходный каталог,"Дозировочный бункер ZB II 25070 (сепаратор земли,расширение регулировки скорости)",raw.catalog_номенклатура,1,1
Номенклатура — исходный каталог,Дозировочный бункер ZB II 350/70 (диапазон от 1 до 23 тонн в час сепаратор от земли с инвертором),raw.catalog_номенклатура,1,1
Номенклатура — исходный каталог,Дозор Инсектицид,raw.catalog_номенклатура,1,1
Номенклатура — исходный каталог,Доска полевая плуга широкая  направленная ПЛЖ 51.200-06,raw.catalog_номенклатура,1,1
Номенклатура — исходный каталог,Доспех 3 Инсектицид,raw.catalog_номенклатура,1,1
Номенклатура — исходный каталог,Доспех Инсектицид,raw.catalog_номенклатура,1,1
Номенклатура — исходный каталог,Доставка,raw.catalog_номенклатура,1,1
Номенклатура — исходный каталог,Доставка покупателю (Транспортных расходы),raw.catalog_номенклатура,1,1
Номенклатура — исходный каталог,Доставка продукции покупателю,raw.catalog_номенклатура,1,1
Номенклатура — исходный каталог,Дурсбан Инсектицид,raw.catalog_номенклатура,1,1
Номенклатура — исходный каталог,"Дымарь пасечный со съемным мехом и термозащитным экраном (AISI430),тип3, ДП-3со стаканом",raw.catalog_номенклатура,1,1
Номенклатура — исходный каталог,Дымарь электрический с ограждением,raw.catalog_номенклатура,1,1
Номенклатура — исходный каталог,Дэлит Про Инсектицид,raw.catalog_номенклатура,1,1
Номенклатура — исходный каталог,ЕТО,raw.catalog_номенклатура,1,1
Номенклатура — исходный каталог,Евродим Инсектицид,raw.catalog_номенклатура,1,1
Номенклатура — исходный каталог,Европир Инсектицид,raw.catalog_номенклатура,1,1
Номенклатура — исходный каталог,Елена Инсектицид,raw.catalog_номенклатура,1,1
Номенклатура — исходный каталог,Емкость 1000л,raw.catalog_номенклатура,1,1
Номенклатура — исходный каталог,Емкость AUTO 1000 л синяя ,raw.catalog_номенклатура,1,1
Номенклатура — исходный каталог,Емкость Т 10000л серия (2625х2305х2305) с отводом из бака,raw.catalog_номенклатура,1,1
Номенклатура — исходный каталог,Емкость пластиковая на 1000л ,raw.catalog_номенклатура,1,1
Номенклатура — исходный каталог,Емкость пластиковая на 1000л с крышкой и клапаном 1150х2180х550мм 40 кг синяя,raw.catalog_номенклатура,1,1
Номенклатура — исходный каталог,Емкость пластиковая на 1000л с крышкой и клапаном 2305х2630мм 230 кг синяя,raw.catalog_номенклатура,1,1
Номенклатура — исходный каталог,Жесткий диск 6TБ,raw.catalog_номенклатура,1,1
Номенклатура — исходный каталог,Жесткий диск WD Purple 2TЪ,raw.catalog_номенклатура,1,1
Номенклатура — исходный каталог,Жидкость для гидроусилителя,raw.catalog_номенклатура,1,1
Номенклатура — исходный каталог,Жидкость омывателя,raw.catalog_номенклатура,1,1
Номенклатура — исходный каталог,Жукоед Инсектицид,raw.catalog_номенклатура,1,1
Номенклатура — исходный каталог,ЗАПЧАСТИ И МАТЕРИАЛЫ ДЛЯ РЕМОНТОВ,raw.catalog_номенклатура,1,1
Номенклатура — исходный каталог,"ЗУБР Съемник раздвижной 2-захватный, 100мм, Профессионал 43310-115-100",raw.catalog_номенклатура,1,1
Номенклатура — исходный каталог,Заглушка для капельной ленты с кольцом,raw.catalog_номенклатура,1,1
Номенклатура — исходный каталог,Заглушка никелированная,raw.catalog_номенклатура,1,1
Номенклатура — исходный каталог,"Заглушка с вентелем 6""",raw.catalog_номенклатура,1,1
Номенклатура — исходный каталог,Заказ документов,raw.catalog_номенклатура,1,1
Номенклатура — исходный каталог,Заклепка вытяжная  алюминий сталь 4*10 1000 шт,raw.catalog_номенклатура,1,1
Номенклатура — исходный каталог,Залежь 2021,raw.catalog_номенклатура,1,1
Номенклатура — исходный каталог,Залежь 2022,raw.catalog_номенклатура,1,1
Номенклатура — исходный каталог,Залежь 2022_товар,raw.catalog_номенклатура,1,1
Номенклатура — исходный каталог,Залежь 2023_,raw.catalog_номенклатура,1,1
Номенклатура — исходный каталог,Залежь 2024_товар,raw.catalog_номенклатура,1,1
Номенклатура — исходный каталог,Залежь с октября 2021,raw.catalog_номенклатура,1,1
Номенклатура — исходный каталог,Залп Инсектицид,raw.catalog_номенклатура,1,1
Номенклатура — исходный каталог,Замена масла,raw.catalog_номенклатура,1,1
Номенклатура — исходный каталог,"Замена ступицы, замена подшипников, замена тормозного диска",raw.catalog_номенклатура,1,1
Номенклатура — исходный каталог,Замир Инсектицид,raw.catalog_номенклатура,1,1
Номенклатура — исходный каталог,Замок верхний правой двери,raw.catalog_номенклатура,1,1
Номенклатура — исходный каталог,Замок задней правой двери боковой,raw.catalog_номенклатура,1,1
Номенклатура — исходный каталог,Замок зажигания в сборе,raw.catalog_номенклатура,1,1
Номенклатура — исходный каталог,Замок нижний  левой двери,raw.catalog_номенклатура,1,1
Номенклатура — исходный каталог,Зантара Инсектицид,raw.catalog_номенклатура,1,1
Номенклатура — исходный каталог,Заросли,raw.catalog_номенклатура,1,1
Номенклатура — исходный каталог,Заросли 2026,raw.catalog_номенклатура,1,1
Номенклатура — исходный каталог,Заставочная доска Стандарт производство РБ ,raw.catalog_номенклатура,1,1
Номенклатура — исходный каталог,Защита V33418600,raw.catalog_номенклатура,1,1
Номенклатура — исходный каталог,Защита стойки (б/у),raw.catalog_номенклатура,1,1
Номенклатура — исходный каталог,"Звено СПР-19,05-3180",raw.catalog_номенклатура,1,1
Номенклатура — исходный каталог,Зелёный картофель,raw.catalog_номенклатура,1,1
Номенклатура — исходный каталог,Земля (производство),raw.catalog_номенклатура,1,1
Номенклатура — исходный каталог,Земля (склад),raw.catalog_номенклатура,1,1
Номенклатура — исходный каталог,Земля с полей,raw.catalog_номенклатура,1,1
Номенклатура — исходный каталог,Зенит Инсектицид,raw.catalog_номенклатура,1,1
Номенклатура — исходный каталог,Зенкор Ультра Гербицид ,raw.catalog_номенклатура,1,1
Номенклатура — исходный каталог,"Зенкошанс,КС",raw.catalog_номенклатура,1,1
Номенклатура — исходный каталог,Зенон Аэро Инсектицид,raw.catalog_номенклатура,1,1
Номенклатура — исходный каталог,Зерновые,raw.catalog_номенклатура,1,1
Номенклатура — исходный каталог,Зим 500 Инсектицид,raw.catalog_номенклатура,1,1
Номенклатура — исходный каталог,Зимошанс Инсектицид,raw.catalog_номенклатура,1,1
Номенклатура — исходный каталог,"Знак Знак е03 ""направление к эвакуационному выходу направо"", 150x300 мм, фотолюм s 2, пленк",raw.catalog_номенклатура,1,1
Номенклатура — исходный каталог,"Знак Знак е04 ""направление к эвакуационному выходу налево"", 150x300 мм, фотолюм s 2, пленка",raw.catalog_номенклатура,1,1
Номенклатура — исходный каталог,"Знак Знак е22 ""указатель выхода"", 150x300 мм, фотолюм s 2, пленка (гост 12.4.026-2015) 00-0",raw.catalog_номенклатура,1,1
Номенклатура — исходный каталог,Золон Инсектицид,raw.catalog_номенклатура,1,1
Номенклатура — исходный каталог,Золтан Инсектицид,raw.catalog_номенклатура,1,1
Номенклатура — исходный каталог,Зуб пружинный Akzent KRAJ 600/50-000,raw.catalog_номенклатура,1,1
Номенклатура — исходный каталог,Зубр Инсектицид,raw.catalog_номенклатура,1,1
Номенклатура — исходный каталог,"ИНВЕНТАРЬ, ХОЗТОВАРЫ, МЦ, ПРОЧИЕ МАТЕРИАЛЫ",raw.catalog_номенклатура,1,1
Номенклатура — исходный каталог,Игла зашивочной машины,raw.catalog_номенклатура,1,1
Номенклатура — исходный каталог,Игла зашивочной машины Фишбейн 100,raw.catalog_номенклатура,1,1
Номенклатура — исходный каталог,Идентификатор ЕМ-Marin,raw.catalog_номенклатура,1,1
Номенклатура — исходный каталог,"Идикум,СК",raw.catalog_номенклатура,1,1
Номенклатура — исходный каталог,"Изабион, ВР",raw.catalog_номенклатура,1,1
Номенклатура — исходный каталог,Изготовление клише,raw.catalog_номенклатура,1,1
Номенклатура — исходный каталог,"Изготовление ключей, карт доступа",raw.catalog_номенклатура,1,1
Номенклатура — исходный каталог,Изготовление москитных сеток ,raw.catalog_номенклатура,1,1
Номенклатура — исходный каталог,"Изготовление печати, штрихкодов",raw.catalog_номенклатура,1,1
Номенклатура — исходный каталог,Измельчение ботвы,raw.catalog_номенклатура,1,1
Номенклатура — исходный каталог,Измельчение кустарниковой растительности,raw.catalog_номенклатура,1,1
Номенклатура — исходный каталог,"Измеритель температуры, пирометр, градусник 32...+42С для измер. темп.",raw.catalog_номенклатура,1,1
Номенклатура — исходный каталог,"Изолятор НОВЫЙ маточный (сетка) однорамочный (AISI430), ИМС-1",raw.catalog_номенклатура,1,1
Номенклатура — исходный каталог,Икарус Инсектицид,raw.catalog_номенклатура,1,1
Номенклатура — исходный каталог,Имидашанс Инсектицид,raw.catalog_номенклатура,1,1
Номенклатура — исходный каталог,Имидашанс Плюс Инсектицид,raw.catalog_номенклатура,1,1
Номенклатура — исходный каталог,Имидж Инсектицид,raw.catalog_номенклатура,1,1
Номенклатура — исходный каталог,Имидж Плюс Инсектицид,raw.catalog_номенклатура,1,1
Номенклатура — исходный каталог,Имидор Инсектицид,raw.catalog_номенклатура,1,1
Номенклатура — исходный каталог,Имидор Про Инсектицид,raw.catalog_номенклатура,1,1
Номенклатура — исходный каталог,Имиприд Инсектицид,raw.catalog_номенклатура,1,1
Номенклатура — исходный каталог,Импакт 500 Инсектицид,raw.catalog_номенклатура,1,1
Номенклатура — исходный каталог,Импакт Инсектицид,raw.catalog_номенклатура,1,1
Номенклатура — исходный каталог,Импакт Супер Инсектицид,raw.catalog_номенклатура,1,1
Номенклатура — исходный каталог,Импакт Эксклюзив Инсектицид,raw.catalog_номенклатура,1,1
Номенклатура — исходный каталог,Индиго РС3 грязный Сетка на завязке 25кг. Без полива,raw.catalog_номенклатура,1,1
Номенклатура — исходный каталог,Индиго РС3 грязный Сетка на завязке 25кг. Полив,raw.catalog_номенклатура,1,1
Номенклатура — исходный каталог,Индиго РС3 грязный Сетка на рулоне 25кг. Без полива,raw.catalog_номенклатура,1,1
Номенклатура — исходный каталог,Индиго РС3 грязный Сетка на рулоне 25кг. Полив,raw.catalog_номенклатура,1,1
Номенклатура — исходный каталог,"Индиго РС3 мытый Сетка - (домик)1,5 кг. Без полива",raw.catalog_номенклатура,1,1
Номенклатура — исходный каталог,"Индиго РС3 мытый Сетка - (домик)1,5 кг. Полив",raw.catalog_номенклатура,1,1
Номенклатура — исходный каталог,Индиго РС3 мытый Сетка - (домик)2 кг. Без полива,raw.catalog_номенклатура,1,1
Номенклатура — исходный каталог,Индиго РС3 мытый Сетка - (домик)2 кг. Полив,raw.catalog_номенклатура,1,1
Номенклатура — исходный каталог,Инжектор Вентури-1 в комплекте с обвязкой и падающим шлангом,raw.catalog_номенклатура,1,1
Номенклатура — исходный каталог,Инженерно-геодезические изыскания,raw.catalog_номенклатура,1,1
Номенклатура — исходный каталог,Инплант Инсектицид,raw.catalog_номенклатура,1,1
Номенклатура — исходный каталог,Инпут Инсектицид,raw.catalog_номенклатура,1,1
Номенклатура — исходный каталог,"Инсайд, СК Фунгицид ",raw.catalog_номенклатура,1,1
Номенклатура — исходный каталог,Инсектициды,raw.catalog_номенклатура,1,1
Номенклатура — исходный каталог,Инсектор Инсектицид,raw.catalog_номенклатура,1,1
Номенклатура — исходный каталог,Инспекционный транспортер с шибером д.5 м,raw.catalog_номенклатура,1,1
Номенклатура — исходный каталог,Инспекция качества товаров категории ФРОВ за 1тс/контейнер за выезд 1 сюрвейера,raw.catalog_номенклатура,1,1
Номенклатура — исходный каталог,Инстиво Инсектицид,raw.catalog_номенклатура,1,1
Номенклатура — исходный каталог,Инта-Вир Инсектицид,raw.catalog_номенклатура,1,1
Номенклатура — исходный каталог,Инта-Ц-М Инсектицид,raw.catalog_номенклатура,1,1
Номенклатура — исходный каталог,"Интрада,СК Протравливатель ",raw.catalog_номенклатура,1,1
Номенклатура — исходный каталог,"Инфинито, КС (62,5+625г/л)",raw.catalog_номенклатура,1,1
Номенклатура — исходный каталог,"Информационные,рекламные и консультационные услуги",raw.catalog_номенклатура,1,1
Номенклатура — исходный каталог,Искра Золотая 1964-10-101-035-0-1-1-1 Инсектицид,raw.catalog_номенклатура,1,1
Номенклатура — исходный каталог,Искра Золотая 1965-10-101-035-0-1-1-1 Инсектицид,raw.catalog_номенклатура,1,1
Номенклатура — исходный каталог,Искра Инсектицид,raw.catalog_номенклатура,1,1
Номенклатура — исходный каталог,Искра М Инсектицид,raw.catalog_номенклатура,1,1
Номенклатура — исходный каталог,Испытание продовольственного сырья,raw.catalog_номенклатура,1,1
Номенклатура — исходный каталог,Источник вторичного электропитания ББП-60 БК,raw.catalog_номенклатура,1,1
Номенклатура — исходный каталог,"Кабель (бухта 305м) Parlan UUTR Cal5e 4х2х0,52 PVC",raw.catalog_номенклатура,1,1
Номенклатура — исходный каталог,"Кабель ПВСнг(А)-LS 3х0,75",raw.catalog_номенклатура,1,1
Номенклатура — исходный каталог,"Кабель с медными однопроволочными з жилами ПВСнг(А)-LS 3х1,5 (ож)-0,66",raw.catalog_номенклатура,1,1
Номенклатура — исходный каталог,Кагатник Инсектицид,raw.catalog_номенклатура,1,1
Номенклатура — исходный каталог,"Кадастровые работы,экспертизы,проектирование",raw.catalog_номенклатура,1,1
Номенклатура — исходный каталог,Казим Инсектицид,raw.catalog_номенклатура,1,1
Номенклатура — исходный каталог,Кайзер Инсектицид,raw.catalog_номенклатура,1,1
Номенклатура — исходный каталог,Кайзо Инсектицид,raw.catalog_номенклатура,1,1
Номенклатура — исходный каталог,Калаш Инсектицид,raw.catalog_номенклатура,1,1
Номенклатура — исходный каталог,Калибел Инсектицид,raw.catalog_номенклатура,1,1
Номенклатура — исходный каталог,"Калий хлористый, гранулированный, 60%, МКР ",raw.catalog_номенклатура,1,1
Номенклатура — исходный каталог,Калийные удобрения (K),raw.catalog_номенклатура,1,1
Номенклатура — исходный каталог,Калимаг K2O20:MgO9,raw.catalog_номенклатура,1,1
Номенклатура — исходный каталог,"Калимаг гранулированный,МКР",raw.catalog_номенклатура,1,1
Номенклатура — исходный каталог,Калимагнезия (40кг) ,raw.catalog_номенклатура,1,1
Номенклатура — исходный каталог,Калипсо Инсектицид,raw.catalog_номенклатура,1,1
Номенклатура — исходный каталог,"Калитка каркас под лист в раме 40*25*1,5",raw.catalog_номенклатура,1,1
Номенклатура — исходный каталог,Камера ГАЗ 66 12.00*18,raw.catalog_номенклатура,1,1
Номенклатура — исходный каталог,Камера автомобильная R13,raw.catalog_номенклатура,1,1
Номенклатура — исходный каталог,Камикадзе Инсектицид,raw.catalog_номенклатура,1,1
Номенклатура — исходный каталог,Камни и ботва,raw.catalog_номенклатура,1,1
Номенклатура — исходный каталог,Канат ПА-Т-3пр-48мм-Б (6м),raw.catalog_номенклатура,1,1
Номенклатура — исходный каталог,Канат ПА-Т-3пр-56мм-Б (6м),raw.catalog_номенклатура,1,1
Номенклатура — исходный каталог,Канат джутовый,raw.catalog_номенклатура,1,1
Номенклатура — исходный каталог,Канаты,raw.catalog_номенклатура,1,1
Номенклатура — исходный каталог,Канистра 10л,raw.catalog_номенклатура,1,1
Номенклатура — исходный каталог,Канистра 20л,raw.catalog_номенклатура,1,1
Номенклатура — исходный каталог,Канистра 30л пластиковая с крышкой,raw.catalog_номенклатура,1,1
Номенклатура — исходный каталог,Канистра Сорокин 5л,raw.catalog_номенклатура,1,1
Номенклатура — исходный каталог,Канистры,raw.catalog_номенклатура,1,1
Номенклатура — исходный каталог,Канонир Дуо Инсектицид,raw.catalog_номенклатура,1,1
Номенклатура — исходный каталог,Капелла Инсектицид,raw.catalog_номенклатура,1,1
Номенклатура — исходный каталог,Каратель Инсектицид,raw.catalog_номенклатура,1,1
Номенклатура — исходный каталог,Каратошанс Инсектицид,raw.catalog_номенклатура,1,1
Номенклатура — исходный каталог,Каратэ Зеон Инсектицид,raw.catalog_номенклатура,1,1
Номенклатура — исходный каталог,Карачар Инсектицид,raw.catalog_номенклатура,1,1
Номенклатура — исходный каталог,"Карбамид,марка Б N46",raw.catalog_номенклатура,1,1
Номенклатура — исходный каталог,Карбезим Инсектицид,raw.catalog_номенклатура,1,1
Номенклатура — исходный каталог,Карбонар Инсектицид,raw.catalog_номенклатура,1,1
Номенклатура — исходный каталог,Карбофос-500 Инсектицид,raw.catalog_номенклатура,1,1
Номенклатура — исходный каталог,Карбофот Инсектицид,raw.catalog_номенклатура,1,1
Номенклатура — исходный каталог,Карбоцин Инсектицид,raw.catalog_номенклатура,1,1
Номенклатура — исходный каталог,Карбюратор,raw.catalog_номенклатура,1,1
Номенклатура — исходный каталог,Карданный вал AGM3*AGD20*1210*0v|1,raw.catalog_номенклатура,1,1
Номенклатура — исходный каталог,Карданный вал переднего моста V36644110 (Valtra),raw.catalog_номенклатура,1,1
Номенклатура — исходный каталог,Кардинал 500 Инсектицид,raw.catalog_номенклатура,1,1
Номенклатура — исходный каталог,Кардон Инсектицид,raw.catalog_номенклатура,1,1
Номенклатура — исходный каталог,Кариал Флекс ВДГ Фунгицид,raw.catalog_номенклатура,1,1
Номенклатура — исходный каталог,"КарменРС1 Красный Беби Мытый Сетка домик1,5 кг.",raw.catalog_номенклатура,1,1
Номенклатура — исходный каталог,КарменРС1 Красный Беби Мытый Сетка домик2 кг.,raw.catalog_номенклатура,1,1
Номенклатура — исходный каталог,КарменРС1 Красный Беби Мытый Сетка на рулоне25 кг.,raw.catalog_номенклатура,1,1
Номенклатура — исходный каталог,КарменРС1 Красный Грязный  Биг-бэг1000 кг.,raw.catalog_номенклатура,1,1
Номенклатура — исходный каталог,"КарменРС1 Красный Грязный  Сетка на рулоне2,5 кг. ",raw.catalog_номенклатура,1,1
Номенклатура — исходный каталог,КарменРС1 Красный Грязный  Сетка на рулоне25 кг.,raw.catalog_номенклатура,1,1
Номенклатура — исходный каталог,КарменРС1 Красный Грязный  Сетка на рулоне3 кг.,raw.catalog_номенклатура,1,1
Номенклатура — исходный каталог,КарменРС1 Красный Грязный  Сетка на рулоне5 кг.,raw.catalog_номенклатура,1,1
Номенклатура — исходный каталог,"КарменРС1 Красный Грязный 35-50 Сетка на рулоне2,5 кг.",raw.catalog_номенклатура,1,1
Номенклатура — исходный каталог,"КарменРС1 Красный Мытый  Сетка домик2,5 кг.",raw.catalog_номенклатура,1,1
Номенклатура — исходный каталог,КарменРС1 Красный Мытый  Сетка домик3 кг.,raw.catalog_номенклатура,1,1
Номенклатура — исходный каталог,КарменРС1 Красный Мытый  Сетка на рулоне25 кг.,raw.catalog_номенклатура,1,1
Номенклатура — исходный каталог,Карта водителя СКЗИ,raw.catalog_номенклатура,1,1
Номенклатура — исходный каталог,Картер ЗИЛ-5301 сцепления ММЗ  ,raw.catalog_номенклатура,1,1
Номенклатура — исходный каталог,Картофель  упак.вес (Беллороза),raw.catalog_номенклатура,1,1
Номенклатура — исходный каталог,Картофель  упак.вес (Вега),raw.catalog_номенклатура,1,1
Номенклатура — исходный каталог,Картофель  упак.вес (Гала),raw.catalog_номенклатура,1,1
Номенклатура — исходный каталог,Картофель  упак.вес (Коломба),raw.catalog_номенклатура,1,1
Номенклатура — исходный каталог,Картофель  упак.вес (Ред Скарлетт),raw.catalog_номенклатура,1,1
Номенклатура — исходный каталог,Картофель 2500 (гала),raw.catalog_номенклатура,1,1
Номенклатура — исходный каталог,Картофель 2500г,raw.catalog_номенклатура,1,1
Номенклатура — исходный каталог,Картофель 2500г (Северное сияние),raw.catalog_номенклатура,1,1
Номенклатура — исходный каталог,Картофель Беби 1500г,raw.catalog_номенклатура,1,1
Номенклатура — исходный каталог,Картофель Беби 1500г (Гала),raw.catalog_номенклатура,1,1
Номенклатура — исходный каталог,Картофель Беби 2кг.,raw.catalog_номенклатура,1,1
Номенклатура — исходный каталог,Картофель ГалаРС3 Белый_прямая отгрузка с поля,raw.catalog_номенклатура,1,1
Номенклатура — исходный каталог,Картофель ФламингоРС3 Красный_прямая отгрузка с поля,raw.catalog_номенклатура,1,1
Номенклатура — исходный каталог,Картофель белый мытый упак.вес (гала),raw.catalog_номенклатура,1,1
Номенклатура — исходный каталог,Картофель белый мытый упак.вес (коломба),raw.catalog_номенклатура,1,1
Номенклатура — исходный каталог,Картофель белый фас.вес (Вега),raw.catalog_номенклатура,1,1
Номенклатура — исходный каталог,Картофель белый фас.вес (Гала),raw.catalog_номенклатура,1,1
Номенклатура — исходный каталог,Картофель вторичное сырье,raw.catalog_номенклатура,1,1
Номенклатура — исходный каталог,Картофель для варки фас.3кг (Гала),raw.catalog_номенклатура,1,1
Номенклатура — исходный каталог,Картофель красный мытый упак.вес (Беллороза),raw.catalog_номенклатура,1,1
Номенклатура — исходный каталог,Картофель первичное сырье,raw.catalog_номенклатура,1,1
Номенклатура — исходный каталог,Картофель прямая отгрузка с поля,raw.catalog_номенклатура,1,1
Номенклатура — исходный каталог,Картофель сетка фасов.5000г (Вега),raw.catalog_номенклатура,1,1
Номенклатура — исходный каталог,Картофель сетка фасов.5000г (Гала),raw.catalog_номенклатура,1,1
Номенклатура — исходный каталог,Картофель сирень 1500г (Северное сияние),raw.catalog_номенклатура,1,1
Номенклатура — исходный каталог,Картофель сорт ''Аметист''(РС1) 2 023 без полива,raw.catalog_номенклатура,1,1
Номенклатура — исходный каталог,Картофель сорт ''Аметист''(РС1) 2 023 полив,raw.catalog_номенклатура,1,1
Номенклатура — исходный каталог,Картофель сорт ''Балтик Роуз''(РС2) 2 023 без полива,raw.catalog_номенклатура,1,1
Номенклатура — исходный каталог,Картофель сорт ''Балтик Роуз''(РС2) 2 023 полив,raw.catalog_номенклатура,1,1
Номенклатура — исходный каталог,Картофель сорт ''Балтик Роуз''(РС2+) 2 023 без полива,raw.catalog_номенклатура,1,1
Номенклатура — исходный каталог,Картофель сорт ''Балтик Роуз''(РС2+) 2 023 полив,raw.catalog_номенклатура,1,1
Номенклатура — исходный каталог,Картофель сорт ''Балтик Роуз''(РС2_) 2 023 полив,raw.catalog_номенклатура,1,1
Номенклатура — исходный каталог,Картофель сорт ''Балтик Роуз''(РС2_+) 2 023 без полива,raw.catalog_номенклатура,1,1
Номенклатура — исходный каталог,Картофель сорт ''Балтик Роуз''(РС2_+) 2 023 полив,raw.catalog_номенклатура,1,1
Номенклатура — исходный каталог,Картофель сорт ''Балтик Роуз''(РС3) 2 023 без полива,raw.catalog_номенклатура,1,1
Номенклатура — исходный каталог,Картофель сорт ''Балтик Роуз''(РС3) 2 023 полив,raw.catalog_номенклатура,1,1
Номенклатура — исходный каталог,Картофель сорт ''Балтик Роуз''(РС3) 2 024 ,raw.catalog_номенклатура,1,1
Номенклатура — исходный каталог,Картофель сорт ''Вега''(РС1) 2 023 без полива,raw.catalog_номенклатура,1,1
Номенклатура — исходный каталог,Картофель сорт ''Вега''(РС1) 2 023 полив,raw.catalog_номенклатура,1,1
Номенклатура — исходный каталог,Картофель сорт ''Вега''(РС2) 2 024 ,raw.catalog_номенклатура,1,1
Номенклатура — исходный каталог,Картофель сорт ''Вега''(РС2+) 2 024 ,raw.catalog_номенклатура,1,1
Номенклатура — исходный каталог,Картофель сорт ''Вега''(РС2_) 2 024 ,raw.catalog_номенклатура,1,1
Номенклатура — исходный каталог,Картофель сорт ''Вега''(РС2_+) 2 024 ,raw.catalog_номенклатура,1,1
Номенклатура — исходный каталог,Картофель сорт ''Вега''(РС2_++) 2 024 ,raw.catalog_номенклатура,1,1
Номенклатура — исходный каталог,Картофель сорт ''Вега''(РС3) 2 023 без полива,raw.catalog_номенклатура,1,1
Номенклатура — исходный каталог,Картофель сорт ''Вега''(РС3) 2 023 полив,raw.catalog_номенклатура,1,1
Номенклатура — исходный каталог,Картофель сорт ''Вега''(РС3++) 2 023 без полива,raw.catalog_номенклатура,1,1
Номенклатура — исходный каталог,Картофель сорт ''Вега''(РС3++) 2 023 полив,raw.catalog_номенклатура,1,1
Номенклатура — исходный каталог,Картофель сорт ''Вега''(РС3++_) 2 023 без полива,raw.catalog_номенклатура,1,1
Номенклатура — исходный каталог,Картофель сорт ''Вега''(РС3++_) 2 023 полив,raw.catalog_номенклатура,1,1
Номенклатура — исходный каталог,Картофель сорт ''Вега''(РС3+_) 2 023 без полива,raw.catalog_номенклатура,1,1
Номенклатура — исходный каталог,Картофель сорт ''Вега''(РС3+_) 2 023 полив,raw.catalog_номенклатура,1,1
Номенклатура — исходный каталог,Картофель сорт ''Вега''(РС3+о) 2 023 без полива,raw.catalog_номенклатура,1,1
Номенклатура — исходный каталог,Картофель сорт ''Вега''(РС3+о) 2 023 полив,raw.catalog_номенклатура,1,1
Номенклатура — исходный каталог,Картофель сорт ''Вега''(РС3_) 2 023 без полива,raw.catalog_номенклатура,1,1
Номенклатура — исходный каталог,Картофель сорт ''Вега''(РС3_) 2 023 полив,raw.catalog_номенклатура,1,1
Номенклатура — исходный каталог,Картофель сорт ''Вега''(РС3_+) 2 023 без полива,raw.catalog_номенклатура,1,1
Номенклатура — исходный каталог,Картофель сорт ''Вега''(РС3_+) 2 023 полив,raw.catalog_номенклатура,1,1
Номенклатура — исходный каталог,Картофель сорт ''Вега''(РС3_+оп) 2 023 без полива,raw.catalog_номенклатура,1,1
Номенклатура — исходный каталог,Картофель сорт ''Вега''(РС3_+оп) 2 023 полив,raw.catalog_номенклатура,1,1
Номенклатура — исходный каталог,Картофель сорт ''Вега''(РС3_-) 2 023 без полива,raw.catalog_номенклатура,1,1
Номенклатура — исходный каталог,Картофель сорт ''Вега''(РС3_-) 2 023 полив,raw.catalog_номенклатура,1,1
Номенклатура — исходный каталог,Картофель сорт ''Вега''(РС3_о) 2 023 без полива,raw.catalog_номенклатура,1,1
Номенклатура — исходный каталог,Картофель сорт ''Вега''(РС3_о) 2 023 полив,raw.catalog_номенклатура,1,1
Номенклатура — исходный каталог,Картофель сорт ''Вега''(РС3_оп) 2 023 без полива,raw.catalog_номенклатура,1,1
Номенклатура — исходный каталог,Картофель сорт ''Вега''(РС3_оп) 2 023 полив,raw.catalog_номенклатура,1,1
Номенклатура — исходный каталог,Картофель сорт ''Вэнди''(РС1) 2 023 без полива,raw.catalog_номенклатура,1,1
Номенклатура — исходный каталог,Картофель сорт ''Вэнди''(РС1) 2 023 полив,raw.catalog_номенклатура,1,1
Номенклатура — исходный каталог,Картофель сорт ''Вэнди''(РС2) 2 023 полив,raw.catalog_номенклатура,1,1
Номенклатура — исходный каталог,Картофель сорт ''Вэнди''(РС2) 2 024 ,raw.catalog_номенклатура,1,1
Номенклатура — исходный каталог,Картофель сорт ''Вэнди''(РС2_) 2 024 ,raw.catalog_номенклатура,1,1
Номенклатура — исходный каталог,Картофель сорт ''Вэнди''(РС4) 2 023 без полива,raw.catalog_номенклатура,1,1
Номенклатура — исходный каталог,Картофель сорт ''Вэнди''(РС4) 2 023 полив,raw.catalog_номенклатура,1,1
Номенклатура — исходный каталог,Картофель сорт ''Вэнди''(РС4+) 2 023 без полива,raw.catalog_номенклатура,1,1
Номенклатура — исходный каталог,Картофель сорт ''Вэнди''(РС4+) 2 023 полив,raw.catalog_номенклатура,1,1
Номенклатура — исходный каталог,Картофель сорт ''Вэнди''(РС4_) 2 023 без полива,raw.catalog_номенклатура,1,1
Номенклатура — исходный каталог,Картофель сорт ''Вэнди''(РС4_) 2 023 полив,raw.catalog_номенклатура,1,1
Номенклатура — исходный каталог,Картофель сорт ''Вэнди''(РС4_+) 2 023 без полива,raw.catalog_номенклатура,1,1
Номенклатура — исходный каталог,Картофель сорт ''Вэнди''(РС4_+) 2 023 полив,raw.catalog_номенклатура,1,1
Номенклатура — исходный каталог,Картофель сорт ''Гала''(РС1) 2 023 без полива,raw.catalog_номенклатура,1,1
Номенклатура — исходный каталог,Картофель сорт ''Гала''(РС1) 2 023 полив,raw.catalog_номенклатура,1,1
Номенклатура — исходный каталог,Картофель сорт ''Гала''(РС2) 2 023 без полива,raw.catalog_номенклатура,1,1
Номенклатура — исходный каталог,Картофель сорт ''Гала''(РС2) 2 023 полив,raw.catalog_номенклатура,1,1
Номенклатура — исходный каталог,Картофель сорт ''Гала''(РС2) 2 024 ,raw.catalog_номенклатура,1,1
Номенклатура — исходный каталог,Картофель сорт ''Гала''(РС2+) 2 024 ,raw.catalog_номенклатура,1,1
Номенклатура — исходный каталог,Картофель сорт ''Гала''(РС2_) 2 023 без полива,raw.catalog_номенклатура,1,1
Номенклатура — исходный каталог,Картофель сорт ''Гала''(РС2_) 2 023 полив,raw.catalog_номенклатура,1,1
Номенклатура — исходный каталог,Картофель сорт ''Гала''(РС2_) 2 024 ,raw.catalog_номенклатура,1,1
Номенклатура — исходный каталог,Картофель сорт ''Гала''(РС2_+) 2 023 без полива,raw.catalog_номенклатура,1,1
Номенклатура — исходный каталог,Картофель сорт ''Гала''(РС2_+) 2 023 полив,raw.catalog_номенклатура,1,1
Номенклатура — исходный каталог,Картофель сорт ''Гала''(РС2_+) 2 024 ,raw.catalog_номенклатура,1,1
Номенклатура — исходный каталог,Картофель сорт ''Гала''(РС2_++) 2 024 ,raw.catalog_номенклатура,1,1
Номенклатура — исходный каталог,Картофель сорт ''Гала''(РС3) 2 023 без полива,raw.catalog_номенклатура,1,1
Номенклатура — исходный каталог,Картофель сорт ''Гала''(РС3) 2 023 полив,raw.catalog_номенклатура,1,1
Номенклатура — исходный каталог,Картофель сорт ''Гала''(РС3) 2 024 ,raw.catalog_номенклатура,1,1
Номенклатура — исходный каталог,Картофель сорт ''Гала''(РС3+) 2 023 без полива,raw.catalog_номенклатура,1,1
Номенклатура — исходный каталог,Картофель сорт ''Гала''(РС3+) 2 023 полив,raw.catalog_номенклатура,1,1
Номенклатура — исходный каталог,Картофель сорт ''Гала''(РС3_) 2 023 без полива,raw.catalog_номенклатура,1,1
Номенклатура — исходный каталог,Картофель сорт ''Гала''(РС3_) 2 023 полив,raw.catalog_номенклатура,1,1
Номенклатура — исходный каталог,Картофель сорт ''Гала''(РС3_+) 2 023 без полива,raw.catalog_номенклатура,1,1
Номенклатура — исходный каталог,Картофель сорт ''Гала''(РС3_++) 2 023 без полива,raw.catalog_номенклатура,1,1
Номенклатура — исходный каталог,Картофель сорт ''Гала''(РС3_++) 2 023 полив,raw.catalog_номенклатура,1,1
Номенклатура — исходный каталог,Картофель сорт ''Гала''(РС3_оп) 2 023 без полива,raw.catalog_номенклатура,1,1
Номенклатура — исходный каталог,Картофель сорт ''Гала''(РС3_оп) 2 023 полив,raw.catalog_номенклатура,1,1
Номенклатура — исходный каталог,Картофель сорт ''Индиго''(РС3) 2 023 без полива,raw.catalog_номенклатура,1,1
Номенклатура — исходный каталог,Картофель сорт ''Индиго''(РС3) 2 023 полив,raw.catalog_номенклатура,1,1
Номенклатура — исходный каталог,Картофель сорт ''Кармен''(РС2) 2 023 без полива,raw.catalog_номенклатура,1,1
Номенклатура — исходный каталог,Картофель сорт ''Кармен''(РС2) 2 023 полив,raw.catalog_номенклатура,1,1
Номенклатура — исходный каталог,Картофель сорт ''Коломба''(РС1) 2 023 без полива,raw.catalog_номенклатура,1,1
Номенклатура — исходный каталог,Картофель сорт ''Коломба''(РС1) 2 023 полив,raw.catalog_номенклатура,1,1
Номенклатура — исходный каталог,Картофель сорт ''Коломба''(РС2) 2 023 без полива,raw.catalog_номенклатура,1,1
Номенклатура — исходный каталог,Картофель сорт ''Коломба''(РС2) 2 023 полив,raw.catalog_номенклатура,1,1
Номенклатура — исходный каталог,Картофель сорт ''Коломба''(РС2+) 2 023 без полива,raw.catalog_номенклатура,1,1
Номенклатура — исходный каталог,Картофель сорт ''Коломба''(РС2+) 2 023 полив,raw.catalog_номенклатура,1,1
Номенклатура — исходный каталог,Картофель сорт ''Коломба''(РС2_) 2 023 без полива,raw.catalog_номенклатура,1,1
Номенклатура — исходный каталог,Картофель сорт ''Коломба''(РС2_) 2 023 полив,raw.catalog_номенклатура,1,1
Номенклатура — исходный каталог,Картофель сорт ''Мадейра''(РС2) 2 023 без полива,raw.catalog_номенклатура,1,1
Номенклатура — исходный каталог,Картофель сорт ''Мадейра''(РС2) 2 023 полив,raw.catalog_номенклатура,1,1
Номенклатура — исходный каталог,Картофель сорт ''Северное сияние''(РС3) 2 023 без полива,raw.catalog_номенклатура,1,1
Номенклатура — исходный каталог,Картофель сорт ''Северное сияние''(РС3) 2 023 полив,raw.catalog_номенклатура,1,1
Номенклатура — исходный каталог,Картофель сорт ''Фламинго''(РС1) 2 023 без полива,raw.catalog_номенклатура,1,1
Номенклатура — исходный каталог,Картофель сорт ''Фламинго''(РС1) 2 023 полив,raw.catalog_номенклатура,1,1
Номенклатура — исходный каталог,Картофель сорт ''Фламинго''(РС2)  полив,raw.catalog_номенклатура,1,1
Номенклатура — исходный каталог,Картофель сорт ''Фламинго''(РС2) 2 024 ,raw.catalog_номенклатура,1,1
Номенклатура — исходный каталог,Картофель цветной,raw.catalog_номенклатура,1,1
Номенклатура — исходный каталог,Картофель. Урожай с поля.,raw.catalog_номенклатура,1,1
Номенклатура — исходный каталог,Картридж турбины,raw.catalog_номенклатура,1,1
Номенклатура — исходный каталог,Картридж фильтра воздушного D66X62мм  LB50/75,raw.catalog_номенклатура,1,1
Номенклатура — исходный каталог,Категорирование помещений по взрывопожарной и пожарной опасности,raw.catalog_номенклатура,1,1
Номенклатура — исходный каталог,Каток гидравлический гребнеупл.4ХШМ75,raw.catalog_номенклатура,1,1
Номенклатура — исходный каталог,Кафом PKCa 20.5.5,raw.catalog_номенклатура,1,1
Номенклатура — исходный каталог,Квадрис Инсектицид,raw.catalog_номенклатура,1,1
Номенклатура — исходный каталог,Квестор Инсектицид,raw.catalog_номенклатура,1,1
Номенклатура — исходный каталог,Квик Линк водорастворимое удобрение,raw.catalog_номенклатура,1,1
Номенклатура — исходный каталог,"Квикстеп, МКЭ Гербицид ",raw.catalog_номенклатура,1,1
Номенклатура — исходный каталог,"Керамзит (0,04 м3)",raw.catalog_номенклатура,1,1
Номенклатура — исходный каталог,Керосин,raw.catalog_номенклатура,1,1
Номенклатура — исходный каталог,Керосин ТС-1,raw.catalog_номенклатура,1,1
Номенклатура — исходный каталог,Кинг Комби 178-01-1763-0 Инсектицид,raw.catalog_номенклатура,1,1
Номенклатура — исходный каталог,Кинг Комби 178-02-1757-0 Инсектицид,raw.catalog_номенклатура,1,1
Номенклатура — исходный каталог,Кинмикс Инсектицид,raw.catalog_номенклатура,1,1
Номенклатура — исходный каталог,Кинто Дуо Инсектицид,raw.catalog_номенклатура,1,1
Номенклатура — исходный каталог,Кинфос Инсектицид,raw.catalog_номенклатура,1,1
Номенклатура — исходный каталог,Клад Инсектицид,raw.catalog_номенклатура,1,1
Номенклатура — исходный каталог,Клапан EGR,raw.catalog_номенклатура,1,1
Номенклатура — исходный каталог,Клапан V5/2 (М) ЕВ80,raw.catalog_номенклатура,1,1
Номенклатура — исходный каталог,Клонрин Инсектицид,raw.catalog_номенклатура,1,1
Номенклатура — исходный каталог,Клотиамет Дуо Инсектицид,raw.catalog_номенклатура,1,1
Номенклатура — исходный каталог,Клотиамет Инсектицид,raw.catalog_номенклатура,1,1
Номенклатура — исходный каталог,Клотиамет-С Инсектицид,raw.catalog_номенклатура,1,1
Номенклатура — исходный каталог,Клотианидин Про Инсектицид,raw.catalog_номенклатура,1,1
Номенклатура — исходный каталог,Ключ балонный,raw.catalog_номенклатура,1,1
Номенклатура — исходный каталог,Ключ для куботейнера с регулировкой зажима оцинкованный,raw.catalog_номенклатура,1,1
Номенклатура — исходный каталог,Ключ комбинированный 10мм,raw.catalog_номенклатура,1,1
Номенклатура — исходный каталог,Ключ комбинированный 12мм,raw.catalog_номенклатура,1,1
Номенклатура — исходный каталог,Ключ комбинированный х 10 мм Дело Техники ,raw.catalog_номенклатура,1,1
Номенклатура — исходный каталог,Ключ рожковый односторонний 50мм,raw.catalog_номенклатура,1,1
Номенклатура — исходный каталог,Кнопка выхода,raw.catalog_номенклатура,1,1
Номенклатура — исходный каталог,Кнопка переключения хода в сборе с рукояткой,raw.catalog_номенклатура,1,1
Номенклатура — исходный каталог,"Коврик ячеистый, грязесборный 50х100х1,6см VORTEX ",raw.catalog_номенклатура,1,1
Номенклатура — исходный каталог,Ковш ЖРВИ 735 224 040 (Ложечка),raw.catalog_номенклатура,1,1
Номенклатура — исходный каталог,Колба биг блю 20 с картриджем,raw.catalog_номенклатура,1,1
Номенклатура — исходный каталог,"Колесо 9,5К42",raw.catalog_номенклатура,1,1
Номенклатура — исходный каталог,"Колесо опорное бороны Aktyvator 18,5*8.50-8",raw.catalog_номенклатура,1,1
Номенклатура — исходный каталог,Коллектор пл 3 выхода 28*20,raw.catalog_номенклатура,1,1
Номенклатура — исходный каталог,Коллектор пл 3 выхода 32*20,raw.catalog_номенклатура,1,1
Номенклатура — исходный каталог,Коллектор с кранами 2 выхода,raw.catalog_номенклатура,1,1
Номенклатура — исходный каталог,Колодка тормозная задняя ,raw.catalog_номенклатура,1,1
Номенклатура — исходный каталог,Колодки дисковые Hyundai Sarta Fe2.4-2.0,raw.catalog_номенклатура,1,1
Номенклатура — исходный каталог,Колодки задние,raw.catalog_номенклатура,1,1
Номенклатура — исходный каталог,"Колодки тормозные ЗИЛ-130,133,433360 задние металлические без ролика 140мм",raw.catalog_номенклатура,1,1
Номенклатура — исходный каталог,"Колодки тормозные ЗИЛ-130,133,433360 передние сварные с роликом 70мм",raw.catalog_номенклатура,1,1
Номенклатура — исходный каталог,Коломба РС2 грязный  Сетка на завязке 25кг. Без полива,raw.catalog_номенклатура,1,1
Номенклатура — исходный каталог,Коломба РС2 грязный  Сетка на завязке 25кг. Полив,raw.catalog_номенклатура,1,1
Номенклатура — исходный каталог,Коломба РС2 грязный  Сетка на рулоне 10кг. Без полива,raw.catalog_номенклатура,1,1
Номенклатура — исходный каталог,Коломба РС2 грязный  Сетка на рулоне 10кг. Полив,raw.catalog_номенклатура,1,1
Номенклатура — исходный каталог,Коломба РС2 грязный  Сетка на рулоне 25кг. Без полива,raw.catalog_номенклатура,1,1
Номенклатура — исходный каталог,Коломба РС2 грязный  Сетка на рулоне 25кг. Полив,raw.catalog_номенклатура,1,1
Номенклатура — исходный каталог,Коломба РС2 грязный  Сетка на рулоне 3кг. Без полива,raw.catalog_номенклатура,1,1
Номенклатура — исходный каталог,Коломба РС2 грязный  Сетка на рулоне 3кг. Полив,raw.catalog_номенклатура,1,1
Номенклатура — исходный каталог,Коломба РС2 грязный  Сетка на рулоне 5кг. Без полива,raw.catalog_номенклатура,1,1
Номенклатура — исходный каталог,Коломба РС2 грязный  Сетка на рулоне 5кг. Полив,raw.catalog_номенклатура,1,1
Номенклатура — исходный каталог,Коломба РС2 грязный  биг-бег 1000кг. Без полива,raw.catalog_номенклатура,1,1
Номенклатура — исходный каталог,Коломба РС2 грязный  биг-бег 1000кг. Полив,raw.catalog_номенклатура,1,1
Номенклатура — исходный каталог,Коломба РС2 грязный Сетка на рулоне 2.5кг. Без полива,raw.catalog_номенклатура,1,1
Номенклатура — исходный каталог,Коломба РС2 грязный Сетка на рулоне 2.5кг. Полив,raw.catalog_номенклатура,1,1
Номенклатура — исходный каталог,Коломба РС2 мытый  Сетка 25кг. Без полива,raw.catalog_номенклатура,1,1
Номенклатура — исходный каталог,Коломба РС2 мытый  Сетка 25кг. Полив,raw.catalog_номенклатура,1,1
Номенклатура — исходный каталог,"Коломба РС2 мытый Сетка-домик 2,5кг. Без полива",raw.catalog_номенклатура,1,1
Номенклатура — исходный каталог,"Коломба РС2 мытый Сетка-домик 2,5кг. Полив",raw.catalog_номенклатура,1,1
Номенклатура — исходный каталог,Коломба РС2 мытый Сетка-домик 3кг Без полива,raw.catalog_номенклатура,1,1
Номенклатура — исходный каталог,Коломба РС2 мытый Сетка-домик 3кг Полив,raw.catalog_номенклатура,1,1
Номенклатура — исходный каталог,Коломба РС2 семена  Сетка на рулоне 25кг. Без полива,raw.catalog_номенклатура,1,1
Номенклатура — исходный каталог,Коломба РС2 семена  Сетка на рулоне 25кг. Полив,raw.catalog_номенклатура,1,1
Номенклатура — исходный каталог,"Коломба РС2 семена  пастеризованный 0,5кг. Без полива",raw.catalog_номенклатура,1,1
Номенклатура — исходный каталог,"Коломба РС2 семена  пастеризованный 0,5кг. Полив",raw.catalog_номенклатура,1,1
Номенклатура — исходный каталог,Коломба РС2 семена Сетка на завязке 25кг. Без полива,raw.catalog_номенклатура,1,1
Номенклатура — исходный каталог,Коломба РС2 семена Сетка на завязке 25кг. Полив,raw.catalog_номенклатура,1,1
Номенклатура — исходный каталог,Коломба РС2 семена биг-бег 1000кг. Без полива,raw.catalog_номенклатура,1,1
Номенклатура — исходный каталог,Коломба РС2 семена биг-бег 1000кг. Полив,raw.catalog_номенклатура,1,1
Номенклатура — исходный каталог,Колорадо Инсектицид,raw.catalog_номенклатура,1,1
Номенклатура — исходный каталог,Колосаль Инсектицид,raw.catalog_номенклатура,1,1
Номенклатура — исходный каталог,Колосаль Про Инсектицид,raw.catalog_номенклатура,1,1
Номенклатура — исходный каталог,Колпачок WZ 1900733,raw.catalog_номенклатура,1,1
Номенклатура — исходный каталог,Колпачок М12 (ключ19) Серый цвет,raw.catalog_номенклатура,1,1
Номенклатура — исходный каталог,Колфуго Дуплет Инсектицид,raw.catalog_номенклатура,1,1
Номенклатура — исходный каталог,Колфуго Супер Инсектицид,raw.catalog_номенклатура,1,1
Номенклатура — исходный каталог,Кольцевое  уплотнение,raw.catalog_номенклатура,1,1
Номенклатура — исходный каталог,Кольцо  F334300020120 (КН3946),raw.catalog_номенклатура,1,1
Номенклатура — исходный каталог,Кольцо 070-080-58,raw.catalog_номенклатура,1,1
Номенклатура — исходный каталог,Кольцо 31791600 001.11.3340,raw.catalog_номенклатура,1,1
Номенклатура — исходный каталог,Кольцо 31864300,raw.catalog_номенклатура,1,1
Номенклатура — исходный каталог,Кольцо KG4060,raw.catalog_номенклатура,1,1
Номенклатура — исходный каталог,Кольцо КН3784,raw.catalog_номенклатура,1,1
Номенклатура — исходный каталог,Кольцо КН4932,raw.catalog_номенклатура,1,1
Номенклатура — исходный каталог,Кольцо МТЗ передн.вед. мост ГОСТ 9833-73,raw.catalog_номенклатура,1,1
Номенклатура — исходный каталог,Кольцо поршневое,raw.catalog_номенклатура,1,1
Номенклатура — исходный каталог,Кольцо уплотнительное ,raw.catalog_номенклатура,1,1
Номенклатура — исходный каталог,"Командировочные расходы, проживание наемного персонала",raw.catalog_номенклатура,1,1
Номенклатура — исходный каталог,Командор Инсектицид,raw.catalog_номенклатура,1,1
Номенклатура — исходный каталог,Командор Макси Инсектицид,raw.catalog_номенклатура,1,1
Номенклатура — исходный каталог,Комбанирование/уборка картофеля,raw.catalog_номенклатура,1,1
Номенклатура — исходный каталог,Комбанирование/уборка картофеля  (почасовая оплата),raw.catalog_номенклатура,1,1
Номенклатура — исходный каталог,Комбинация приборов МТЗ(6 приборов) ВЗЭП КД 8071-4,raw.catalog_номенклатура,1,1
Номенклатура — исходный каталог,Комбиполотно,raw.catalog_номенклатура,1,1
Номенклатура — исходный каталог,"Комбиполотно 630мм ""Лесные дали"" 3п2сКартофель Беби (сетка экстр.белая)",raw.catalog_номенклатура,1,1
Номенклатура — исходный каталог,"Комбиполотно 630мм ""Лесные дали"" 3п2сКартофель Беби (сетка экстр.желтая)",raw.catalog_номенклатура,1,1
Номенклатура — исходный каталог,"Комбиполотно 630мм ""Лесные дали"" 3п2сКартофель белый (сетка экстр.белая)",raw.catalog_номенклатура,1,1
Номенклатура — исходный каталог,"Комбиполотно 630мм ""Лесные дали"" 3п2сКартофель красный (сетка экстр.красная)",raw.catalog_номенклатура,1,1
Номенклатура — исходный каталог,"Комбиполотно 630мм ""Лесные дали"" 3п2сКартофель фиолетовый (сетка экстр.красная)",raw.catalog_номенклатура,1,1
Номенклатура — исходный каталог,"Комбиполотно 630мм ""Лесные дали"" Картофель Бэби лента 180мм 50 мкр.глянец",raw.catalog_номенклатура,1,1
Номенклатура — исходный каталог,"Комбиполотно 630мм ""Лесные дали"" Картофель Индиго лента 180мм 50 мкр.глянец",raw.catalog_номенклатура,1,1
Номенклатура — исходный каталог,"Комбиполотно 630мм ""Лесные дали"" Картофель Красный ""В""лента 180мм 50 мкр.глянец",raw.catalog_номенклатура,1,1
Номенклатура — исходный каталог,"Комбиполотно 630мм ""Лесные дали"" Картофель Красный ""С""лента 180мм 50 мкр.глянец",raw.catalog_номенклатура,1,1
Номенклатура — исходный каталог,"Комбиполотно 630мм ""Лесные дали"" Картофель Северное Сияние лента 180мм 50 мкр.глянец",raw.catalog_номенклатура,1,1
Номенклатура — исходный каталог,"Комбиполотно 630мм ""Лесные дали"" Картофель белый ""А""лента 180мм 50 мкр.глянец",raw.catalog_номенклатура,1,1
Номенклатура — исходный каталог,"Комбиполотно 630мм ""Лесные дали"" Картофель белый ""В""лента 180мм 50 мкр.глянец",raw.catalog_номенклатура,1,1
Номенклатура — исходный каталог,"Комбиполотно 630мм Generic Rotato 3п2с, 152вт,экструзия BROWN",raw.catalog_номенклатура,1,1
Номенклатура — исходный каталог,"Комбиполотно желтое категория А,В,Агролайн",raw.catalog_номенклатура,1,1
Номенклатура — исходный каталог,"Комбиполотно красное категория А,В,Агролайн",raw.catalog_номенклатура,1,1
Номенклатура — исходный каталог,Комбиполотно обезличка,raw.catalog_номенклатура,1,1
Номенклатура — исходный каталог,Комиссия,raw.catalog_номенклатура,1,1
Номенклатура — исходный каталог,Коммутатор 8 портов 100Мбит/с настольный ES-108AV3-EU0101F,raw.catalog_номенклатура,1,1
Номенклатура — исходный каталог,Коммутатор сетевой CS-105BV3-EU0101F,raw.catalog_номенклатура,1,1
Номенклатура — исходный каталог,Компакт Инсектицид,raw.catalog_номенклатура,1,1
Номенклатура — исходный каталог,Компенсация затрат по заправке техники топливом,raw.catalog_номенклатура,1,1
Номенклатура — исходный каталог,Комплекс работ по разработке и внедрению MVP системы видеоаналитики ,raw.catalog_номенклатура,1,1
Номенклатура — исходный каталог,Комплексные удобрения,raw.catalog_номенклатура,1,1
Номенклатура — исходный каталог,Комплексные удобрения ,raw.catalog_номенклатура,1,1
Номенклатура — исходный каталог,Комплект Фланец стальной плоский Ду 32 Ру16 Ст20 ГОСТ 12820-80,raw.catalog_номенклатура,1,1
Номенклатура — исходный каталог,Комплект автоматики для воздухоохладителя,raw.catalog_номенклатура,1,1
Номенклатура — исходный каталог,Комплект монтажных материалов,raw.catalog_номенклатура,1,1
Номенклатура — исходный каталог,Комплект расходных материалов для монтажа холодильного агрегата,raw.catalog_номенклатура,1,1
Номенклатура — исходный каталог,"Комплект расходных материалов для монтажа холодильной камеры 12,0*6,0*4,75",raw.catalog_номенклатура,1,1
Номенклатура — исходный каталог,"Комплект расходных материалов для монтажа холодильной камеры 24,0*12,0*5,6",raw.catalog_номенклатура,1,1
Номенклатура — исходный каталог,"Комплект расходных материалов для обустройства системы вентиляции в камере 12,0*6,0*4,75",raw.catalog_номенклатура,1,1
Номенклатура — исходный каталог,Комплект сменных узлов к автоматической сеткозашивочн.машине R-2 ,raw.catalog_номенклатура,1,1
Номенклатура — исходный каталог,Комплект холодильной автоматики для СТЕ 502Е,raw.catalog_номенклатура,2,2
Номенклатура — исходный каталог,Комплектующие для цеха по переработке,raw.catalog_номенклатура,1,1
Номенклатура — исходный каталог,Компрессор 32838600,raw.catalog_номенклатура,1,1
Номенклатура — исходный каталог,Компрессор СБ 4/Ф-500 LB 75,raw.catalog_номенклатура,1,1
Номенклатура — исходный каталог,Компрессорно-конденс.агрегат МГА на базе компрессора BITZER марки 4НЕ-25 Y40 квт приТо=5 гр.С То=5 г,raw.catalog_номенклатура,1,1
Номенклатура — исходный каталог,Компрессорно-конденсаторный агрегат на базе компрессора Frascolod Италия марки АКР Q733Y в сборе,raw.catalog_номенклатура,1,1
Номенклатура — исходный каталог,Компрессорно-конденсаторный агрегат на базе компрессора Frascolod Италия марки АКР Z35106Y в сборе,raw.catalog_номенклатура,1,1
Номенклатура — исходный каталог,Комфибой Инсектицид,raw.catalog_номенклатура,1,1
Номенклатура — исходный каталог,Комфорт Инсектицид,raw.catalog_номенклатура,1,1
Номенклатура — исходный каталог,Конвейер загрузочный Р-200/25,raw.catalog_номенклатура,1,1
Номенклатура — исходный каталог,Конвейер загрузочный Р-260/60,raw.catalog_номенклатура,1,1
Номенклатура — исходный каталог,Конвейер загрузочный Р-300/25,raw.catalog_номенклатура,1,1
Номенклатура — исходный каталог,Конвейер загрузочный Р-320/60,raw.catalog_номенклатура,1,1
Номенклатура — исходный каталог,Конвейер загрузочный Р-450/50,raw.catalog_номенклатура,1,1
Номенклатура — исходный каталог,"Конвейер загрузочный Р-500/70 (защитный тент,тормоз)",raw.catalog_номенклатура,1,1
Номенклатура — исходный каталог,Конвейер наклонный  Р-340/50 (регулировка скорости),raw.catalog_номенклатура,1,1
Номенклатура — исходный каталог,Конвейер наклонный  Р-430/50 (регулировка скорости),raw.catalog_номенклатура,1,1
Номенклатура — исходный каталог,"Конвейер наклонный  Р-520/50 (регулировка скорости тент,поворотные колеса)",raw.catalog_номенклатура,1,1
Номенклатура — исходный каталог,Конвейер наклонный  Р-550/50 (регулировка скорости тент),raw.catalog_номенклатура,1,1
Номенклатура — исходный каталог,Конвейерная лента,raw.catalog_номенклатура,1,1
Номенклатура — исходный каталог,Конкорд Инсектицид,raw.catalog_номенклатура,1,1
Номенклатура — исходный каталог,Конкур Инсектицид,raw.catalog_номенклатура,1,1
Номенклатура — исходный каталог,Коннектор 8Р8С UTP 5е(RJ-45),raw.catalog_номенклатура,1,1
Номенклатура — исходный каталог,Консоль К4 (430/2 шт.) L-500 ,raw.catalog_номенклатура,1,1
Номенклатура — исходный каталог,Консул Инсектицид,raw.catalog_номенклатура,1,1
Номенклатура — исходный каталог,Консультационные и сопроводительные услуги в области подтверждения соответствия,raw.catalog_номенклатура,1,1
Номенклатура — исходный каталог,Консультационные услуги,raw.catalog_номенклатура,1,1
Номенклатура — исходный каталог,"Консультационные, бухгалтерские, IT, юридические услуги",raw.catalog_номенклатура,1,1
Номенклатура — исходный каталог,Контадор Инсектицид,raw.catalog_номенклатура,1,1
Номенклатура — исходный каталог,Контейнер деревянный для хранения с/х продукции 1600*1200*1200,raw.catalog_номенклатура,1,1
Номенклатура — исходный каталог,"Контейнер п/э 1200*1000*900 сплошной, на колесах, цв.зеленый",raw.catalog_номенклатура,1,1
Номенклатура — исходный каталог,Контейнер полимерный 11.602F 92PE.C10 1200х800х800,raw.catalog_номенклатура,1,1
Номенклатура — исходный каталог,Контейнер-бак мусорный 120л. на 2-х колесах с крышкой серый,raw.catalog_номенклатура,1,1
Номенклатура — исходный каталог,Контейнероопрокидыватель КОБ2,raw.catalog_номенклатура,1,1
Номенклатура — исходный каталог,Контейнероопрокидыватель КОБ3,raw.catalog_номенклатура,1,1
Номенклатура — исходный каталог,Конфиделин Инсектицид,raw.catalog_номенклатура,1,1
Номенклатура — исходный каталог,Конфиделин Супер Инсектицид,raw.catalog_номенклатура,1,1
Номенклатура — исходный каталог,Конфидор Инсектицид,raw.catalog_номенклатура,1,1
Номенклатура — исходный каталог,Кораген Инсектицид,raw.catalog_номенклатура,1,1
Номенклатура — исходный каталог,Корадо Инсектицид,raw.catalog_номенклатура,1,1
Номенклатура — исходный каталог,Корм для пчел Би Фонда 1 кг,raw.catalog_номенклатура,1,1
Номенклатура — исходный каталог,"Кормушка пластиковая 2,4л",raw.catalog_номенклатура,1,1
Номенклатура — исходный каталог,"Кормушка пластиковая 3,5 л",raw.catalog_номенклатура,1,1
Номенклатура — исходный каталог,Корневин СП,raw.catalog_номенклатура,1,1
Номенклатура — исходный каталог,Корпус Дадан Стандарт производство РБ ,raw.catalog_номенклатура,1,1
Номенклатура — исходный каталог,Корпус МТЗ-1221 подшипника РУП МТЗ,raw.catalog_номенклатура,1,1
Номенклатура — исходный каталог,Корпус Магазин Стандарт производство РБ,raw.catalog_номенклатура,1,1
Номенклатура — исходный каталог,Корпус крепления моста 36246000,raw.catalog_номенклатура,1,1
Номенклатура — исходный каталог,Корпус крепления моста 37956500,raw.catalog_номенклатура,1,1
Номенклатура — исходный каталог,Корпус моста 37955910,raw.catalog_номенклатура,1,1
Номенклатура — исходный каталог,Корпус подшибника Н 026.016.02 (запчасть),raw.catalog_номенклатура,1,1
Номенклатура — исходный каталог,Корпус распылителя КР-14 в сборе концевой,raw.catalog_номенклатура,1,1
Номенклатура — исходный каталог,Корпус термостата в сборе,raw.catalog_номенклатура,1,1
Номенклатура — исходный каталог,Корпус фильтра тонкой оч.топлива 245-1117081,raw.catalog_номенклатура,1,1
Номенклатура — исходный каталог,Котел автоматический Pellet Black 135кВт 2R-700,raw.catalog_номенклатура,1,1
Номенклатура — исходный каталог,"Котел отопительный водогрейный КУППЕР ПРО-42 (2018)",raw.catalog_номенклатура,1,1
Номенклатура — исходный каталог,Краги спилковые пятипальные красные КРА202,raw.catalog_номенклатура,1,1
Номенклатура — исходный каталог,Кран 15 бабочка Г-Ш,raw.catalog_номенклатура,1,1
Номенклатура — исходный каталог,Кран 20 бабочка Г-Ш,raw.catalog_номенклатура,1,1
Номенклатура — исходный каталог,Кран 20 ручка Г-Г,raw.catalog_номенклатура,1,1
Номенклатура — исходный каталог,Кран ПНД муфта-муфта 32,raw.catalog_номенклатура,1,1
Номенклатура — исходный каталог,Кран ПНД муфта-муфта 63,raw.catalog_номенклатура,1,1
Номенклатура — исходный каталог,Кран латун. шар 40 ручка,raw.catalog_номенклатура,1,1
Номенклатура — исходный каталог,Кран латунный шаровый 20 ручка,raw.catalog_номенклатура,1,1
Номенклатура — исходный каталог,Кран латунный шаровый 32 ручка,raw.catalog_номенклатура,1,1
Номенклатура — исходный каталог,Кран латунный шаровый 40 ручка,raw.catalog_номенклатура,1,1
Номенклатура — исходный каталог,Кран металлический,raw.catalog_номенклатура,1,1
Номенклатура — исходный каталог,Кран мини 3-х проходной для стир. машин 448510,raw.catalog_номенклатура,1,1
Номенклатура — исходный каталог,Кран муфта-муфта 25,raw.catalog_номенклатура,1,1
Номенклатура — исходный каталог,Кран пластиковый 20,raw.catalog_номенклатура,1,1
Номенклатура — исходный каталог,Кран пластиковый 20 1/2 НР,raw.catalog_номенклатура,1,1
Номенклатура — исходный каталог,Кран пластиковый 32(5),raw.catalog_номенклатура,1,1
Номенклатура — исходный каталог,Кран стартовый лайфлет-лента стандарт,raw.catalog_номенклатура,1,1
Номенклатура — исходный каталог,Крашка для стола 1м,raw.catalog_номенклатура,1,1
Номенклатура — исходный каталог,Кредо Инсектицид,raw.catalog_номенклатура,1,1
Номенклатура — исходный каталог,"Кредо, СК Фунгицид ",raw.catalog_номенклатура,1,1
Номенклатура — исходный каталог,Крепеж,raw.catalog_номенклатура,1,1
Номенклатура — исходный каталог,Крепеж д.300 (серый) ,raw.catalog_номенклатура,1,1
Номенклатура — исходный каталог,Крепление сантехническое набор,raw.catalog_номенклатура,1,1
Номенклатура — исходный каталог,Крестовина  КАМАЗ вала карданного большая (57х152 мм),raw.catalog_номенклатура,1,1
Номенклатура — исходный каталог,Крестовина  УАЗ вала карданного с масленкой и стопорными кольцами,raw.catalog_номенклатура,1,1
Номенклатура — исходный каталог,Крестовина в сборе W2580,raw.catalog_номенклатура,1,1
Номенклатура — исходный каталог,Крестовина в сборе W2600,raw.catalog_номенклатура,1,1
Номенклатура — исходный каталог,Крестовина ник. 20,raw.catalog_номенклатура,1,1
Номенклатура — исходный каталог,Кронштейн  36073100,raw.catalog_номенклатура,1,1
Номенклатура — исходный каталог,Кронштейн  36073200,raw.catalog_номенклатура,1,1
Номенклатура — исходный каталог,Кронштейн  генератора ЯМЗ-240,raw.catalog_номенклатура,1,1
Номенклатура — исходный каталог,Кронштейн КПБ-2-103400А,raw.catalog_номенклатура,1,1
Номенклатура — исходный каталог,Кронштейн КПБ-2-103400А-01,raw.catalog_номенклатура,1,1
Номенклатура — исходный каталог,Кронштейн КПБ-260-2-0103280,raw.catalog_номенклатура,1,1
Номенклатура — исходный каталог,Кронштейн СК 4.10.03.100,raw.catalog_номенклатура,1,1
Номенклатура — исходный каталог,Кронштейн СК 4.10.03.200,raw.catalog_номенклатура,1,1
Номенклатура — исходный каталог,Кронштейн компрессора 35398020,raw.catalog_номенклатура,1,1
Номенклатура — исходный каталог,Круг лепест 125х22мм п/металлу зерно 40,raw.catalog_номенклатура,1,1
Номенклатура — исходный каталог,Круг лепест 125х22мм п/металлу зерно 60,raw.catalog_номенклатура,1,1
Номенклатура — исходный каталог,Круг лепест 125х22мм п/металлу зерно 80,raw.catalog_номенклатура,1,1
Номенклатура — исходный каталог,"Круг отрезной  метал.230х2,0х22А",raw.catalog_номенклатура,1,1
Номенклатура — исходный каталог,"Круг отрезной 125х1,2х22",raw.catalog_номенклатура,1,1
Номенклатура — исходный каталог,Круйзер Рапс Р Инсектицид,raw.catalog_номенклатура,1,1
Номенклатура — исходный каталог,Крыша Стандарт производство РБ ,raw.catalog_номенклатура,1,1
Номенклатура — исходный каталог,Крышка не формованная для поддона 1260х600х60,raw.catalog_номенклатура,1,1
Номенклатура — исходный каталог,Крышка подшибника Н 026.116 (запчасть),raw.catalog_номенклатура,1,1
Номенклатура — исходный каталог,Крышка расширительного бачка Газель,raw.catalog_номенклатура,1,1
Номенклатура — исходный каталог,Куботейнер 12л,raw.catalog_номенклатура,1,1
Номенклатура — исходный каталог,Куботейнер 23л,raw.catalog_номенклатура,1,1
Номенклатура — исходный каталог,Культивация,raw.catalog_номенклатура,1,1
Номенклатура — исходный каталог,Культуртехнические работы ,raw.catalog_номенклатура,1,1
Номенклатура — исходный каталог,Кунгфу Инсектицид,raw.catalog_номенклатура,1,1
Номенклатура — исходный каталог,Кунгфу Супер Инсектицид,raw.catalog_номенклатура,1,1
Номенклатура — исходный каталог,Курьерские услуги,raw.catalog_номенклатура,1,1
Номенклатура — исходный каталог,Кусачки 1PK-5101-E антистатические Pro'sKit ProsKit ,raw.catalog_номенклатура,1,1
Номенклатура — исходный каталог,Кэнсел Инсектицид,raw.catalog_номенклатура,1,1
Номенклатура — исходный каталог,Лабораторная диагностика и  гельминтологическая экспертиза образцов,raw.catalog_номенклатура,1,1
Номенклатура — исходный каталог,"Лазурит Супер,КНЭ Гербицид ",raw.catalog_номенклатура,1,1
Номенклатура — исходный каталог,Лазурит Ультра СК Гербицид ,raw.catalog_номенклатура,1,1
Номенклатура — исходный каталог,"Лайфлет диаметр 110мм,4 атм,Корея",raw.catalog_номенклатура,1,1
Номенклатура — исходный каталог,Ламадор Инсектицид,raw.catalog_номенклатура,1,1
Номенклатура — исходный каталог,Ламадор Про Инсектицид,raw.catalog_номенклатура,1,1
Номенклатура — исходный каталог,Лампа 12V автомобильная без цокаля,raw.catalog_номенклатура,1,1
Номенклатура — исходный каталог,Лампа 12v -R5W BA15s увеличенный срок службы Long Life HNG 12150,raw.catalog_номенклатура,1,1
Номенклатура — исходный каталог,Лампа 12v -Н7 55W РХ26d  OSRAM,raw.catalog_номенклатура,1,1
Номенклатура — исходный каталог,Лампа voleo Н4,raw.catalog_номенклатура,1,1
Номенклатура — исходный каталог,Ланнат 20 Л Инсектицид,raw.catalog_номенклатура,1,1
Номенклатура — исходный каталог,Ланнат Инсектицид,raw.catalog_номенклатура,1,1
Номенклатура — исходный каталог,Ланта Инсектицид,raw.catalog_номенклатура,1,1
Номенклатура — исходный каталог,"Лапа КПЭ,КТС 410мм наплавл. Рубцовск",raw.catalog_номенклатура,1,1
Номенклатура — исходный каталог,"Лапы на Мотор-редуктор С212-Р-36,8-S1-ВЗМ(крот)",raw.catalog_номенклатура,1,1
Номенклатура — исходный каталог,Ларимар Инсектицид,raw.catalog_номенклатура,1,1
Номенклатура — исходный каталог,Легкая переработка,raw.catalog_номенклатура,4,4
Номенклатура — исходный каталог,Лемех наплавленный ПНЧС 01-700  Алмаз Premium,raw.catalog_номенклатура,1,1
Номенклатура — исходный каталог,Лената МТЗ ВОМ без рычага широкая (56мм) БЗТДиА,raw.catalog_номенклатура,1,1
Номенклатура — исходный каталог,Лента МТЗ ВОМ с рычагом узкая 34 мм,raw.catalog_номенклатура,1,1
Номенклатура — исходный каталог,Лента ФУМ,raw.catalog_номенклатура,1,1
Номенклатура — исходный каталог,Лента ФУМ 15м*19мм ,raw.catalog_номенклатура,1,1
Номенклатура — исходный каталог,"Лента ФУМ 16м*19мм *0,25 мм",raw.catalog_номенклатура,1,1
Номенклатура — исходный каталог,Лента ФУМ 20м*12мм ,raw.catalog_номенклатура,1,1
Номенклатура — исходный каталог,"Лента Фум 12мм*0,1мм*20м",raw.catalog_номенклатура,1,1
Номенклатура — исходный каталог,Лента капельная Neo-Drip 1.6л 6mil шаг 10см,raw.catalog_номенклатура,1,1
Номенклатура — исходный каталог,Лента капельная Neo-Drip 1.6л 6mil шаг 20см,raw.catalog_номенклатура,1,1
Номенклатура — исходный каталог,"Лента конвейерная 2Л-2-БКНЛ-65-2-1,5/1,5 в кольце 630*6050*5 мм",raw.catalog_номенклатура,1,1
Номенклатура — исходный каталог,Лента конвейерная резинотканевая 4-300х1-ТК-200-1/1 НБ HIMPT толщ. 3-4 мм,raw.catalog_номенклатура,1,1
Номенклатура — исходный каталог,Лента ламинированная,raw.catalog_номенклатура,1,1
Номенклатура — исходный каталог,"Лента ламинированная 120мм Картофель ""Лесные дали"" белый",raw.catalog_номенклатура,1,1
Номенклатура — исходный каталог,"Лента ламинированная 120мм Картофель ""Лесные дали"" красный",raw.catalog_номенклатура,1,1
Номенклатура — исходный каталог,Лента ламинированная 120мм Картофель Обезличка,raw.catalog_номенклатура,1,1
Номенклатура — исходный каталог,Лента ламинированная 160 FRESH для варки (1000м),raw.catalog_номенклатура,1,1
Номенклатура — исходный каталог,Лента ламинированная 160 FRESH для жарки (1000м),raw.catalog_номенклатура,1,1
Номенклатура — исходный каталог,"Лента полипропиленовая 12x0,5 мм, 500 м., 125 кгс, белая",raw.catalog_номенклатура,1,1
Номенклатура — исходный каталог,Лента прошивная 70мм,raw.catalog_номенклатура,1,1
Номенклатура — исходный каталог,Лента узкая для WR-30 6000/85,raw.catalog_номенклатура,1,1
Номенклатура — исходный каталог,Лепидоцид 2066-10-301-071-0-0-3-1 Инсектицид,raw.catalog_номенклатура,1,1
Номенклатура — исходный каталог,Лепидоцид 2072-10-301-071-0-0-3-1 Инсектицид,raw.catalog_номенклатура,1,1
Номенклатура — исходный каталог,Лепидоцид 2073-10-301-071-0-0-3-1 Инсектицид,raw.catalog_номенклатура,1,1
Номенклатура — исходный каталог,Лептоцид Инсектицид,raw.catalog_номенклатура,1,1
Номенклатура — исходный каталог,Летковый заградитепь,raw.catalog_номенклатура,1,1
Номенклатура — исходный каталог,Летковый заградитепь с задвижкой 185 мм ,raw.catalog_номенклатура,1,1
Номенклатура — исходный каталог,Летковый заградитепь с задвижкой из нержавеющей стали 230 мм ,raw.catalog_номенклатура,1,1
Номенклатура — исходный каталог,"Либертадор, СК",raw.catalog_номенклатура,1,1
Номенклатура — исходный каталог,Линия воздушной чистки,raw.catalog_номенклатура,1,1
Номенклатура — исходный каталог,Линия для упаковки овощей NEWTEC (Кормплектация 2),raw.catalog_номенклатура,1,1
Номенклатура — исходный каталог,Линия термоусадки,raw.catalog_номенклатура,1,1
Номенклатура — исходный каталог,Листовые подкормки ,raw.catalog_номенклатура,1,1
Номенклатура — исходный каталог,Литол,raw.catalog_номенклатура,1,1
Номенклатура — исходный каталог,Лицензирование на право использования програмного обеспечения ,raw.catalog_номенклатура,1,1
Номенклатура — исходный каталог,Лицензия Kaspersky Endpoint Security для бизнеса – Стандартный Russian Edition. 15-19 Node 1 year,raw.catalog_номенклатура,1,1
Номенклатура — исходный каталог,Ловушка для шершней ,raw.catalog_номенклатура,1,1
Номенклатура — исходный каталог,Лоток для поддона 1260х600х60,raw.catalog_номенклатура,1,1
Номенклатура — исходный каталог,Лук,raw.catalog_номенклатура,1,1
Номенклатура — исходный каталог,Лук в в/у,raw.catalog_номенклатура,1,1
Номенклатура — исходный каталог,Любаша РС1 Сетка - чулок (3шт.)  Без полива,raw.catalog_номенклатура,1,1
Номенклатура — исходный каталог,Любаша РС1 Сетка - чулок (3шт.)  Полив,raw.catalog_номенклатура,1,1
Номенклатура — исходный каталог,Любаша РС1 весовой Коробка 3 кг Без полива,raw.catalog_номенклатура,1,1
Номенклатура — исходный каталог,Любаша РС1 весовой Коробка 3 кг Полив,raw.catalog_номенклатура,1,1
Номенклатура — исходный каталог,Любаша РС1 весовой Коробка 5 кг Без полива,raw.catalog_номенклатура,1,1
Номенклатура — исходный каталог,Любаша РС1 весовой Коробка 5 кг Полив,raw.catalog_номенклатура,1,1
Номенклатура — исходный каталог,Любаша РС1 весовой Коробка 6 кг Без полива,raw.catalog_номенклатура,1,1
Номенклатура — исходный каталог,Любаша РС1 весовой Коробка 6 кг Полив,raw.catalog_номенклатура,1,1
Номенклатура — исходный каталог,Любаша РС1 весовой Сетка на завязке 25кг Без полива,raw.catalog_номенклатура,1,1
Номенклатура — исходный каталог,Любаша РС1 весовой Сетка на завязке 25кг Полив,raw.catalog_номенклатура,1,1
Номенклатура — исходный каталог,Лямбда-С Инсектицид,raw.catalog_номенклатура,1,1
Номенклатура — исходный каталог,Лямдекс Инсектицид,raw.catalog_номенклатура,1,1
Номенклатура — исходный каталог,М 838 Мультиметр цифровой 57599,raw.catalog_номенклатура,1,1
Номенклатура — исходный каталог,МИР Кальций-бор ,raw.catalog_номенклатура,1,1
Номенклатура — исходный каталог,"МКР 95*95*180 см 4 ст верх-сборка, низ-люк ",raw.catalog_номенклатура,1,1
Номенклатура — исходный каталог,Маврик Инсектицид,raw.catalog_номенклатура,1,1
Номенклатура — исходный каталог,Магнат Тотал Инсектицид,raw.catalog_номенклатура,1,1
Номенклатура — исходный каталог,Магнелло Инсектицид,raw.catalog_номенклатура,1,1
Номенклатура — исходный каталог,Магниевые удобрения (Mg),raw.catalog_номенклатура,1,1
Номенклатура — исходный каталог,"Мадейра РС2  Сетка-домик 1,5кг. Без полива",raw.catalog_номенклатура,1,1
Номенклатура — исходный каталог,"Мадейра РС2  Сетка-домик 1,5кг. Полив",raw.catalog_номенклатура,1,1
Номенклатура — исходный каталог,Мадейра РС2  Сетка-домик 2кг. Без полива,raw.catalog_номенклатура,1,1
Номенклатура — исходный каталог,Мадейра РС2  Сетка-домик 2кг. Полив,raw.catalog_номенклатура,1,1
Номенклатура — исходный каталог,Мадейра РС2  очищенный в ву 1кг. Без полива,raw.catalog_номенклатура,1,1
Номенклатура — исходный каталог,Мадейра РС2  очищенный в ву 1кг. Полив,raw.catalog_номенклатура,1,1
Номенклатура — исходный каталог,Мадейра РС2  очищенный в ву 5кг. Без полива,raw.catalog_номенклатура,1,1
Номенклатура — исходный каталог,Мадейра РС2  очищенный в ву 5кг. Полив,raw.catalog_номенклатура,1,1
Номенклатура — исходный каталог,"Мадейра РС2  пастеризованный 0,5кг. Без полива",raw.catalog_номенклатура,1,1
Номенклатура — исходный каталог,"Мадейра РС2  пастеризованный 0,5кг. Полив",raw.catalog_номенклатура,1,1
Номенклатура — исходный каталог,Мадейра РС2  эконом  Сетка на рулоне 2.5кг. Без полива,raw.catalog_номенклатура,1,1
Номенклатура — исходный каталог,Мадейра РС2  эконом  Сетка на рулоне 2.5кг. Полив,raw.catalog_номенклатура,1,1
Номенклатура — исходный каталог,Мадейра РС2  эконом  Сетка на рулоне 3кг. Без полива,raw.catalog_номенклатура,1,1
Номенклатура — исходный каталог,Мадейра РС2  эконом  Сетка на рулоне 3кг. Полив,raw.catalog_номенклатура,1,1
Номенклатура — исходный каталог,Мадейра РС2 грязный  Сетка на рулоне 10кг. Без полива,raw.catalog_номенклатура,1,1
Номенклатура — исходный каталог,Мадейра РС2 грязный  Сетка на рулоне 10кг. Полив,raw.catalog_номенклатура,1,1
Номенклатура — исходный каталог,Мадейра РС2 грязный  Сетка на рулоне 25кг. Без полива,raw.catalog_номенклатура,1,1
Номенклатура — исходный каталог,Мадейра РС2 грязный  Сетка на рулоне 25кг. Полив,raw.catalog_номенклатура,1,1
Номенклатура — исходный каталог,Мадейра РС2 грязный  Сетка на рулоне 3кг. Без полива,raw.catalog_номенклатура,1,1
Номенклатура — исходный каталог,Мадейра РС2 грязный  Сетка на рулоне 3кг. Полив,raw.catalog_номенклатура,1,1
Номенклатура — исходный каталог,Мадейра РС2 грязный  Сетка на рулоне 5кг. Без полива,raw.catalog_номенклатура,1,1
Номенклатура — исходный каталог,Мадейра РС2 грязный  Сетка на рулоне 5кг. Полив,raw.catalog_номенклатура,1,1
Номенклатура — исходный каталог,Мадейра РС2 грязный  биг-бег 1000кг. Без полива,raw.catalog_номенклатура,1,1
Номенклатура — исходный каталог,Мадейра РС2 грязный  биг-бег 1000кг. Полив,raw.catalog_номенклатура,1,1
Номенклатура — исходный каталог,Мадейра РС2 грязный Сетка на завязке 25кг. Без полива,raw.catalog_номенклатура,1,1
Номенклатура — исходный каталог,Мадейра РС2 грязный Сетка на завязке 25кг. Полив,raw.catalog_номенклатура,1,1
Номенклатура — исходный каталог,Мадейра РС2 грязный Сетка на рулоне 2.5кг Без полива,raw.catalog_номенклатура,1,1
Номенклатура — исходный каталог,Мадейра РС2 грязный Сетка на рулоне 2.5кг Полив,raw.catalog_номенклатура,1,1
Номенклатура — исходный каталог,Мадейра РС2 мытый  Биг-бег 1000кг. Без полива,raw.catalog_номенклатура,1,1
Номенклатура — исходный каталог,Мадейра РС2 мытый  Биг-бег 1000кг. Полив,raw.catalog_номенклатура,1,1
Номенклатура — исходный каталог,Мадейра РС2 мытый  Сетка на рулоне 2.5кг Без полива,raw.catalog_номенклатура,1,1
Номенклатура — исходный каталог,Мадейра РС2 мытый  Сетка на рулоне 2.5кг Полив,raw.catalog_номенклатура,1,1
Номенклатура — исходный каталог,Мадейра РС2 мытый Сетка 25кг. Без полива,raw.catalog_номенклатура,1,1
Номенклатура — исходный каталог,Мадейра РС2 мытый Сетка 25кг. Полив,raw.catalog_номенклатура,1,1
Номенклатура — исходный каталог,"Мадейра РС2 мытый Сетка-домик 2,5кг. Без полива",raw.catalog_номенклатура,1,1
Номенклатура — исходный каталог,"Мадейра РС2 мытый Сетка-домик 2,5кг. Полив",raw.catalog_номенклатура,1,1
Номенклатура — исходный каталог,Мадейра РС2 мытый Сетка-домик 3кг Без полива,raw.catalog_номенклатура,1,1
Номенклатура — исходный каталог,Мадейра РС2 мытый Сетка-домик 3кг Полив,raw.catalog_номенклатура,1,1
Номенклатура — исходный каталог,Мадейра РС2 семена  Сетка на завязке 25кг. Без полива,raw.catalog_номенклатура,1,1
Номенклатура — исходный каталог,Мадейра РС2 семена  Сетка на завязке 25кг. Полив,raw.catalog_номенклатура,1,1
Номенклатура — исходный каталог,Мадейра РС2 семена  Сетка на рулоне 25кг. Без полива,raw.catalog_номенклатура,1,1
Номенклатура — исходный каталог,Мадейра РС2 семена  Сетка на рулоне 25кг. Полив,raw.catalog_номенклатура,1,1
Номенклатура — исходный каталог,Мадейра РС2 семена  биг-бег 1000кг. Без полива,raw.catalog_номенклатура,1,1
Номенклатура — исходный каталог,Мадейра РС2 семена  биг-бег 1000кг. Полив,raw.catalog_номенклатура,1,1
Номенклатура — исходный каталог,"Мадейра РС2 семена  пастеризованный 0,5кг. Без полива",raw.catalog_номенклатура,1,1
Номенклатура — исходный каталог,"Мадейра РС2 семена  пастеризованный 0,5кг. Полив",raw.catalog_номенклатура,1,1
Номенклатура — исходный каталог,Максим XL Инсектицид,raw.catalog_номенклатура,1,1
Номенклатура — исходный каталог,Максим Дачник Инсектицид,raw.catalog_номенклатура,1,1
Номенклатура — исходный каталог,Максим Инсектицид,raw.catalog_номенклатура,1,1
Номенклатура — исходный каталог,Максим Плюс Инсектицид,raw.catalog_номенклатура,1,1
Номенклатура — исходный каталог,Максим Форте Инсектицид,raw.catalog_номенклатура,1,1
Номенклатура — исходный каталог,Максим Экстрим Инсектицид,raw.catalog_номенклатура,1,1
Номенклатура — исходный каталог,Манжет 50*25 ,raw.catalog_номенклатура,1,1
Номенклатура — исходный каталог,"Манзат, ВДГ (750 г/кг)",raw.catalog_номенклатура,1,1
Номенклатура — исходный каталог,Масличные,raw.catalog_номенклатура,1,1
Номенклатура — исходный каталог,Масло,raw.catalog_номенклатура,1,1
Номенклатура — исходный каталог,Масло гидравлическое,raw.catalog_номенклатура,1,1
Номенклатура — исходный каталог,"Масло подсолнечное ""Чюдесная семечка""",raw.catalog_номенклатура,1,1
Номенклатура — исходный каталог,Масляный бак 35л,raw.catalog_номенклатура,1,1
Номенклатура — исходный каталог,Машина абразивная для очистки овощей,raw.catalog_номенклатура,1,1
Номенклатура — исходный каталог,Машина для замачивания винтового типа,raw.catalog_номенклатура,1,1
Номенклатура — исходный каталог,Машина для полировки овощей МПБ1,raw.catalog_номенклатура,1,1
Номенклатура — исходный каталог,Машина для полировки с крупной абразивной крошкой,raw.catalog_номенклатура,1,1
Номенклатура — исходный каталог,Машина для резки овощей CHD-100 (кубик 4х4 мм),raw.catalog_номенклатура,1,1
Номенклатура — исходный каталог,Машина для резки овощей соломкой и слайсами CHD40 ,raw.catalog_номенклатура,1,1
Номенклатура — исходный каталог,Машина для сульфитации картофеля,raw.catalog_номенклатура,1,1
Номенклатура — исходный каталог,Машина для шелушения чеснока ST 150,raw.catalog_номенклатура,1,1
Номенклатура — исходный каталог,Машина упаковочная CB-148 левосторонняя,raw.catalog_номенклатура,1,1
Номенклатура — исходный каталог,Машина упаковочная Htech AR25_R01.O,raw.catalog_номенклатура,1,1
Номенклатура — исходный каталог,Машина упаковочная Htech AR25_R01.O с доп.опциями,raw.catalog_номенклатура,1,1
Номенклатура — исходный каталог,Машина упаковочная NP 350,raw.catalog_номенклатура,1,1
Номенклатура — исходный каталог,Маэстро Инсектицид,raw.catalog_номенклатура,1,1
Номенклатура — исходный каталог,Маяк импульсный 12/24V (16 светодиодов) 1 режим на магните желтый LED LT,raw.catalog_номенклатура,1,1
Номенклатура — исходный каталог,Мегафол 10л кан*2 (10131010/190422/3206774 Италия),raw.catalog_номенклатура,1,1
Номенклатура — исходный каталог,Медветокс Инсектицид,raw.catalog_номенклатура,1,1
Номенклатура — исходный каталог,Медицинский осмотр и питание  работников,raw.catalog_номенклатура,1,1
Номенклатура — исходный каталог,"Медогонка 3 рамочная,кассеты поворотные АВВ 100 с подставкой",raw.catalog_номенклатура,1,1
Номенклатура — исходный каталог,Междурядная обработка,raw.catalog_номенклатура,1,1
Номенклатура — исходный каталог,"Метаксил, СП Фунгицид ",raw.catalog_номенклатура,1,1
Номенклатура — исходный каталог,Меташанс.СП,raw.catalog_номенклатура,1,1
Номенклатура — исходный каталог,Мех съемный к дымарю (иск) МДПК-1,raw.catalog_номенклатура,1,1
Номенклатура — исходный каталог,"Механизм рулевой ЗИЛ-5301,5301-3400020-10",raw.catalog_номенклатура,1,1
Номенклатура — исходный каталог,Мешки из РР,raw.catalog_номенклатура,1,1
Номенклатура — исходный каталог,Мешок для извлечения меда из забруса,raw.catalog_номенклатура,1,1
Номенклатура — исходный каталог,Мешок из полипропилена 55*95 белый,raw.catalog_номенклатура,1,1
Номенклатура — исходный каталог,Мешок сетчатый из полиэтелена,raw.catalog_номенклатура,1,1
Номенклатура — исходный каталог,Мешок сетчатый из полиэтелена  на рулоне 54*78 фиолетовый,raw.catalog_номенклатура,1,1
Номенклатура — исходный каталог,Мешок сетчатый из полиэтелена 45+75 фиолетовый,raw.catalog_номенклатура,1,1
Номенклатура — исходный каталог,Микробиологические препараты,raw.catalog_номенклатура,1,1
Номенклатура — исходный каталог,Микрозелень,raw.catalog_номенклатура,1,1
Номенклатура — исходный каталог,Микроудобрение силиплант универсальный ,raw.catalog_номенклатура,1,1
Номенклатура — исходный каталог,Минеральные удобреения ,raw.catalog_номенклатура,1,1
Номенклатура — исходный каталог,"Миура, КЭ Гербицид ",raw.catalog_номенклатура,1,1
Номенклатура — исходный каталог,Многоступенчатый вертикальный насос Grundfos CR5-10 A-FGJ-A-E-HQQE 3*230/400 50HZ,raw.catalog_номенклатура,1,1
Номенклатура — исходный каталог,Мовенто Энерджи Инсектицид,raw.catalog_номенклатура,1,1
Номенклатура — исходный каталог,Мойка овощей МОБ1,raw.catalog_номенклатура,1,1
Номенклатура — исходный каталог,"Мойка стальная эмалированная 0,5*0,5",raw.catalog_номенклатура,1,1
Номенклатура — исходный каталог,Мойка_,raw.catalog_номенклатура,1,1
Номенклатура — исходный каталог,Молния Инсектицид,raw.catalog_номенклатура,1,1
Номенклатура — исходный каталог,Молния Экстра Инсектицид,raw.catalog_номенклатура,1,1
Номенклатура — исходный каталог,"Монарх, ВДГ (Инсектицид)",raw.catalog_номенклатура,1,1
Номенклатура — исходный каталог,МоноблокHP ProOne 400 G1 (L3E51EA),raw.catalog_номенклатура,1,1
Номенклатура — исходный каталог,Монтаж инженерных коммуникаций,raw.catalog_номенклатура,1,1
Номенклатура — исходный каталог,Монтаж кабельной продукции и расходных материалов (общестроительные работы),raw.catalog_номенклатура,1,1
Номенклатура — исходный каталог,Монтаж мачты связи,raw.catalog_номенклатура,1,1
Номенклатура — исходный каталог,Монтаж оборудования,raw.catalog_номенклатура,1,1
Номенклатура — исходный каталог,Монтаж/Демонтаж (общестроительные работы),raw.catalog_номенклатура,1,1
Номенклатура — исходный каталог,Монтажные работы материал поставщика,raw.catalog_номенклатура,1,1
Номенклатура — исходный каталог,Монтажные расходные материалы,raw.catalog_номенклатура,1,1
Номенклатура — исходный каталог,Морковь первичное сырье,raw.catalog_номенклатура,1,1
Номенклатура — исходный каталог,Морковь премиум сорт ВайтСатин,raw.catalog_номенклатура,1,1
Номенклатура — исходный каталог,Морковь премиум сорт МеллоуЕллоу,raw.catalog_номенклатура,1,1
Номенклатура — исходный каталог,Морковь премиум сорт ПерплСан,raw.catalog_номенклатура,1,1
Номенклатура — исходный каталог,Морковь премиум сорт РэдСан,raw.catalog_номенклатура,1,1
Номенклатура — исходный каталог,Морковь цветная,raw.catalog_номенклатура,1,1
Номенклатура — исходный каталог,Морковь цветная мытая сетка 25 кг,raw.catalog_номенклатура,1,1
Номенклатура — исходный каталог,Морковь цветная нарезанная кубиком 1 кг,raw.catalog_номенклатура,1,1
Номенклатура — исходный каталог,Морковь цветная нарезанная кубиком 5 кг,raw.catalog_номенклатура,1,1
Номенклатура — исходный каталог,Морковь цветная нарезанная слайсами 1 кг,raw.catalog_номенклатура,1,1
Номенклатура — исходный каталог,Морковь цветная нарезанная слайсами 5 кг,raw.catalog_номенклатура,1,1
Номенклатура — исходный каталог,Морковь цветная нарезанная соломкой 1 кг,raw.catalog_номенклатура,1,1
Номенклатура — исходный каталог,Морковь цветная нарезанная соломкой 5 кг,raw.catalog_номенклатура,1,1
Номенклатура — исходный каталог,"Морковь цветная очищенная 0,5 кг",raw.catalog_номенклатура,1,1
Номенклатура — исходный каталог,Морковь цветная очищенная 1 кг,raw.catalog_номенклатура,1,1
Номенклатура — исходный каталог,Морковь цветная очищенная 5 кг,raw.catalog_номенклатура,1,1
Номенклатура — исходный каталог,"Морковь цветная пастеризованная 0,5 кг",raw.catalog_номенклатура,1,1
Номенклатура — исходный каталог,Морковь цветная пастеризованная 1 кг,raw.catalog_номенклатура,1,1
Номенклатура — исходный каталог,"Морковь цветная пастеризованная 2,5 кг",raw.catalog_номенклатура,1,1
Номенклатура — исходный каталог,Морковь цветная сетка 25 кг,raw.catalog_номенклатура,1,1
Номенклатура — исходный каталог,Морковь-пар 2021,raw.catalog_номенклатура,1,1
Номенклатура — исходный каталог,Моспилан Инсектицид,raw.catalog_номенклатура,1,1
Номенклатура — исходный каталог,Муссон Инсектицид,raw.catalog_номенклатура,1,1
Номенклатура — исходный каталог,Муфта DN 08 2SN CST арт.800403,raw.catalog_номенклатура,1,1
Номенклатура — исходный каталог,Муфта DN 12 2SN CST арт.800405,raw.catalog_номенклатура,1,1
Номенклатура — исходный каталог,Муфта DN 16 2SN CST арт.800406,raw.catalog_номенклатура,1,1
Номенклатура — исходный каталог,Муфта ПНД 32*1 с ВР,raw.catalog_номенклатура,1,1
Номенклатура — исходный каталог,Муфта ПНД 40*1 1/2 НР ,raw.catalog_номенклатура,1,1
Номенклатура — исходный каталог,Муфта ЯМЗ привода вентилятора 236-1308090-В2,raw.catalog_номенклатура,1,1
Номенклатура — исходный каталог,Муфта обгонная 3/4 6Z,raw.catalog_номенклатура,1,1
Номенклатура — исходный каталог,"Муфта обгонная F5|1L 1 3/8"" 6Z W2300",raw.catalog_номенклатура,1,1
Номенклатура — исходный каталог,Муфта пластиковая 20*1/2*40/50,raw.catalog_номенклатура,1,1
Номенклатура — исходный каталог,"Муфта сцепления МАЗ-4370,МТЗ Т-25 с подшипником БЗТДиА",raw.catalog_номенклатура,1,1
Номенклатура — исходный каталог,Мытый,raw.catalog_номенклатура,3,3
Номенклатура — исходный каталог,"Мягкий специализированный контейнер МКР 1,8Л4-0,8ППП вентилируемый с одноцветным логотипом",raw.catalog_номенклатура,1,1
Номенклатура — исходный каталог,НШ 32 В3 плоский правый МТЗ насос масляный,raw.catalog_номенклатура,1,1
Номенклатура — исходный каталог,Набор  ремонтный  KIT.REPAIR,raw.catalog_номенклатура,1,1
Номенклатура — исходный каталог,Набор головок торцевых 1/2 6-ти гранных 10-32 мм ударных глубоких 15 предметов JTC-K4151,raw.catalog_номенклатура,1,1
Номенклатура — исходный каталог,"Набор для демонтажа сальников и колец, ложемент, KING TONY ",raw.catalog_номенклатура,1,1
Номенклатура — исходный каталог,Набор метчиков и плашек 51 предмета STD051 Gigant ,raw.catalog_номенклатура,1,1
Номенклатура — исходный каталог,"Набор метчиков машинных ZALTAR YELLOW RING HSS-E, DIN 371/376, Тип B, 7 пр., M3 -M12 ZA-05112",raw.catalog_номенклатура,1,1
Номенклатура — исходный каталог,Набор отверток 6шт. SHTOK,raw.catalog_номенклатура,1,1
Номенклатура — исходный каталог,Набор отверток с магнитным наконечником 11 предметов Gigant,raw.catalog_номенклатура,1,1
Номенклатура — исходный каталог,Набор фланцевых колец НШ 10.50 (ДТ75),raw.catalog_номенклатура,1,1
Номенклатура — исходный каталог,Набор шестигранных ключей коротких с шаром 9 пре,raw.catalog_номенклатура,1,1
Номенклатура — исходный каталог,Наклонный конвейер  Р-330/50 (регулировка скорости (инверторг) защитный тент),raw.catalog_номенклатура,1,1
Номенклатура — исходный каталог,Наклонный конвейер  Р-420/60 ,raw.catalog_номенклатура,1,1
Номенклатура — исходный каталог,Наклонный конвейер  Р-450/50 ,raw.catalog_номенклатура,1,1
Номенклатура — исходный каталог,"Наконечник REXANT 6,5 мм кольцевой изолированный",raw.catalog_номенклатура,1,1
Номенклатура — исходный каталог,"Наконечник REXANT 8,0 мм ",raw.catalog_номенклатура,1,1
Номенклатура — исходный каталог,Наконечник в сборе с шаром,raw.catalog_номенклатура,1,1
Номенклатура — исходный каталог,Наконечник медный 25 мм,raw.catalog_номенклатура,1,1
Номенклатура — исходный каталог,Наконечник медный 70 мм,raw.catalog_номенклатура,1,1
Номенклатура — исходный каталог,Наконечник медный ТМЛ 16-10-8 луженый КВТ,raw.catalog_номенклатура,1,1
Номенклатура — исходный каталог,Наконечник рулевой  ,raw.catalog_номенклатура,1,1
Номенклатура — исходный каталог,Наконечник рулевой  L+R,raw.catalog_номенклатура,1,1
Номенклатура — исходный каталог,Наконечник шприца 4 лепестка стандарт,raw.catalog_номенклатура,1,1
Номенклатура — исходный каталог,Наконечник шприца для консистентной смазки,raw.catalog_номенклатура,1,1
Номенклатура — исходный каталог,Накопитель Биг-Бэг NB-1,raw.catalog_номенклатура,1,1
Номенклатура — исходный каталог,Наполнитель Биг-Бегов НББ2,raw.catalog_номенклатура,1,1
Номенклатура — исходный каталог,Наполнитель древесный впитывающий,raw.catalog_номенклатура,1,1
Номенклатура — исходный каталог,"Напольная двухкамерная вакуум-упаковочная машина HVC 720S/2B-G SS(нерж,газ)",raw.catalog_номенклатура,1,1
Номенклатура — исходный каталог,"Напольные воздуховоды для хранения овощей толщиной 1,5 мм дл 17,8 м",raw.catalog_номенклатура,1,1
Номенклатура — исходный каталог,"Напольный вентиляционный канал ВК1 (400х780мм)S=2,0 мм",raw.catalog_номенклатура,1,1
Номенклатура — исходный каталог,"Напольный вентиляционный канал ВК10 (695х1320мм)S=1,5 мм",raw.catalog_номенклатура,1,1
Номенклатура — исходный каталог,"Напольный вентиляционный канал ВК10 (695х1320мм)S=2,0 мм",raw.catalog_номенклатура,1,1
Номенклатура — исходный каталог,"Напольный вентиляционный канал ВК11 (1380х725мм)S=1,5 мм",raw.catalog_номенклатура,1,1
Номенклатура — исходный каталог,"Напольный вентиляционный канал ВК11 (1380х725мм)S=2,0 мм",raw.catalog_номенклатура,1,1
Номенклатура — исходный каталог,"Напольный вентиляционный канал ВК2 (433х810мм)S=2,0 мм",raw.catalog_номенклатура,1,1
Номенклатура — исходный каталог,"Напольный вентиляционный канал ВК3 (469х860мм)S=2,0 мм",raw.catalog_номенклатура,1,1
Номенклатура — исходный каталог,"Напольный вентиляционный канал ВК4 (500х930мм)S=2,0 мм",raw.catalog_номенклатура,1,1
Номенклатура — исходный каталог,"Напольный вентиляционный канал ВК5 (533х1000мм)S=1,5 мм",raw.catalog_номенклатура,1,1
Номенклатура — исходный каталог,"Напольный вентиляционный канал ВК5 (533х1000мм)S=2,0 мм",raw.catalog_номенклатура,1,1
Номенклатура — исходный каталог,"Напольный вентиляционный канал ВК6 (568х1060мм)S=1,5 мм",raw.catalog_номенклатура,1,1
Номенклатура — исходный каталог,"Напольный вентиляционный канал ВК6 (568х1060мм)S=2,0 мм",raw.catalog_номенклатура,1,1
Номенклатура — исходный каталог,"Напольный вентиляционный канал ВК7 (602х1130мм)S=1,5 мм",raw.catalog_номенклатура,1,1
Номенклатура — исходный каталог,"Напольный вентиляционный канал ВК7 (602х1130мм)S=2,0 мм",raw.catalog_номенклатура,1,1
Номенклатура — исходный каталог,"Напольный вентиляционный канал ВК8 (630х1190мм)S=1,5мм",raw.catalog_номенклатура,1,1
Номенклатура — исходный каталог,"Напольный вентиляционный канал ВК8 (630х1190мм)S=2,0 мм",raw.catalog_номенклатура,1,1
Номенклатура — исходный каталог,"Напольный вентиляционный канал ВК9 (660х1260мм)S=1,5мм",raw.catalog_номенклатура,1,1
Номенклатура — исходный каталог,"Напольный вентиляционный канал ВК9 (660х1260мм)S=2,0 мм",raw.catalog_номенклатура,1,1
Номенклатура — исходный каталог,"Напорный вентилятор 900мм двигатель 5,5 квт 1440 об/мин",raw.catalog_номенклатура,1,1
Номенклатура — исходный каталог,Направляющая подшипника,raw.catalog_номенклатура,1,1
Номенклатура — исходный каталог,Нарезка,raw.catalog_номенклатура,3,3
Номенклатура — исходный каталог,Насос бочковой рычажный GROZ,raw.catalog_номенклатура,1,1
Номенклатура — исходный каталог,Насос вакумный КО-510 левый,raw.catalog_номенклатура,1,1
Номенклатура — исходный каталог,Насос водяной ГАЗ 66/53-1307010,raw.catalog_номенклатура,1,1
Номенклатура — исходный каталог,Насос водяной Д-260 с большим шкивом БЗА,raw.catalog_номенклатура,1,1
Номенклатура — исходный каталог,Насос для грязной воды,raw.catalog_номенклатура,1,1
Номенклатура — исходный каталог,"Насос омывателя 24V 2.5атм. ПРАМО 1124.5208100-04 КАМАЗ,МАЗ,ЗИЛ",raw.catalog_номенклатура,1,1
Номенклатура — исходный каталог,Насос погружной DWP 1800,raw.catalog_номенклатура,1,1
Номенклатура — исходный каталог,Насос погружной DWP 2200,raw.catalog_номенклатура,1,1
Номенклатура — исходный каталог,"Насос погружной DWP 450 8,5м",raw.catalog_номенклатура,1,1
Номенклатура — исходный каталог,Насос садовый,raw.catalog_номенклатура,1,1
Номенклатура — исходный каталог,Насос шестеренчатый НШ10У 6-ти шлицевой правый МГП НШ10У-3,raw.catalog_номенклатура,1,1
Номенклатура — исходный каталог,Насос шестеренчатый НШ14М-3Л левый Гидросила,raw.catalog_номенклатура,1,1
Номенклатура — исходный каталог,Насос шестеренчатый НШ32М-3 правый Гидросила,raw.catalog_номенклатура,1,1
Номенклатура — исходный каталог,Насосная станция МОР 123 с двигателем IVECO №45 ТМЗ(172 лс) с насосом Rovatti F34 K125/2E-CF,raw.catalog_номенклатура,1,1
Номенклатура — исходный каталог,Настройка техники,raw.catalog_номенклатура,1,1
Номенклатура — исходный каталог,"Натрий метабисульфат ""ч"" пищевой Е223",raw.catalog_номенклатура,1,1
Номенклатура — исходный каталог,Не брендированный,raw.catalog_номенклатура,1,1
Номенклатура — исходный каталог,Не мытый,raw.catalog_номенклатура,4,4
Номенклатура — исходный каталог,Не нарезка,raw.catalog_номенклатура,4,4
Номенклатура — исходный каталог,Неофрал Инсектицид,raw.catalog_номенклатура,1,1
Номенклатура — исходный каталог,Неустойка сч.76.06,raw.catalog_номенклатура,1,1
Номенклатура — исходный каталог,Нити из полиэстера белые,raw.catalog_номенклатура,1,1
Номенклатура — исходный каталог,Нитка прошивная,raw.catalog_номенклатура,1,1
Номенклатура — исходный каталог,Нитки 210 ЛШ суровые,raw.catalog_номенклатура,1,1
Номенклатура — исходный каталог,Нитки и иглы,raw.catalog_номенклатура,1,1
Номенклатура — исходный каталог,Нитки из полиэстера белые,raw.catalog_номенклатура,1,1
Номенклатура — исходный каталог,Нитки из полиэфирные ЛШ-210,raw.catalog_номенклатура,1,1
Номенклатура — исходный каталог,Нитки швейные марки 12/4,raw.catalog_номенклатура,1,1
Номенклатура — исходный каталог,Нитроаммофоска МКР 16:16:16,raw.catalog_номенклатура,1,1
Номенклатура — исходный каталог,Новактион Инсектицид,raw.catalog_номенклатура,1,1
Номенклатура — исходный каталог,Новус-Ф Инсектицид,raw.catalog_номенклатура,1,1
Номенклатура — исходный каталог,Нож КИР 03.403А,raw.catalog_номенклатура,1,1
Номенклатура — исходный каталог,"Нож НП-120/220 (с паузой, от 220В) Алюм. и Нерж.",raw.catalog_номенклатура,1,1
Номенклатура — исходный каталог,Нож для триммера Champion C5103,raw.catalog_номенклатура,1,1
Номенклатура — исходный каталог,Нож протеворежущий КИР 06 403,raw.catalog_номенклатура,1,1
Номенклатура — исходный каталог,Нор-Би Инсектицид,raw.catalog_номенклатура,1,1
Номенклатура — исходный каталог,Нотариальные действия,raw.catalog_номенклатура,1,1
Номенклатура — исходный каталог,Нуклеус на 6 рамок Дадан с кормушкой,raw.catalog_номенклатура,1,1
Номенклатура — исходный каталог,Нуприд 600 Инсектицид,raw.catalog_номенклатура,1,1
Номенклатура — исходный каталог,Нутривант Плюс.Зерновой 19-19-19 ,raw.catalog_номенклатура,1,1
Номенклатура — исходный каталог,Нутривант Плюс.Зерновой 6-23-35 ,raw.catalog_номенклатура,1,1
Номенклатура — исходный каталог,Нутривант Плюс.Картофель 0-43-28 ,raw.catalog_номенклатура,1,1
Номенклатура — исходный каталог,ОБОРУДОВАНИЕ К УСТАНОВКЕ,raw.catalog_номенклатура,1,1
Номенклатура — исходный каталог,Обратный клапан,raw.catalog_номенклатура,1,1
Номенклатура — исходный каталог,Обращение с ТКО,raw.catalog_номенклатура,1,1
Номенклатура — исходный каталог,Обустройство каркаса из профиля 40*40,raw.catalog_номенклатура,1,1
Номенклатура — исходный каталог,Обустройство топинговых бетонных полов ,raw.catalog_номенклатура,1,1
Номенклатура — исходный каталог,Обшифка стен профлистом,raw.catalog_номенклатура,1,1
Номенклатура — исходный каталог,Общестроительные и отделочные работы ,raw.catalog_номенклатура,1,1
Номенклатура — исходный каталог,Общестроительные и отделочные работы работы овощехранилища д.Демидово,raw.catalog_номенклатура,1,1
Номенклатура — исходный каталог,Овощечистка VIVA горизонтальная Attribute AGV042,raw.catalog_номенклатура,1,1
Номенклатура — исходный каталог,Овощечистка р-р 135*66 см с пластиковой ручкой с горизонтальным лезвием 008573,raw.catalog_номенклатура,1,1
Номенклатура — исходный каталог,Огнетушитель 2 кг(закачной) порошковый с манометром АВСЕ ЯРПОЖИНВЕСТ,raw.catalog_номенклатура,1,1
Номенклатура — исходный каталог,Огнетушитель ОП-5,raw.catalog_номенклатура,1,1
Номенклатура — исходный каталог,Огнетушитель ОП-50,raw.catalog_номенклатура,1,1
Номенклатура — исходный каталог,Огнетушитель порошковый ОП-2,raw.catalog_номенклатура,1,1
Номенклатура — исходный каталог,Огнетушитель порошковый ОП-4,raw.catalog_номенклатура,1,1
Номенклатура — исходный каталог,Огнетушитель порошковый ОП-8,raw.catalog_номенклатура,1,1
Номенклатура — исходный каталог,Огнетушитель углегислый ОУ-5,raw.catalog_номенклатура,1,1
Номенклатура — исходный каталог,Огнетушитель углекислотный ОУ-3,raw.catalog_номенклатура,1,1
Номенклатура — исходный каталог,"Оголовок с дефлектором н.з.+н.м. 0,5 мм 300/200 (конденсат)Оголовок с дефлектором н.з.+н.м. 0,5",raw.catalog_номенклатура,1,1
Номенклатура — исходный каталог,Оказание IT услуг,raw.catalog_номенклатура,1,1
Номенклатура — исходный каталог,Оказание внешних услуг_Комбанирование,raw.catalog_номенклатура,1,1
Номенклатура — исходный каталог,Оказание внешних услуг_Чистка снега,raw.catalog_номенклатура,1,1
Номенклатура — исходный каталог,Оказание услуг по чистке канализационной трубы,raw.catalog_номенклатура,1,1
Номенклатура — исходный каталог,Оказание услуг средствами механизации фронтальный погрузчик,raw.catalog_номенклатура,1,1
Номенклатура — исходный каталог,Оказание услуг средствами механизации- крана-манипулятора КАМАЗ,raw.catalog_номенклатура,1,1
Номенклатура — исходный каталог,Опашка полей,raw.catalog_номенклатура,1,1
Номенклатура — исходный каталог,Оператор комбайна ARCO-2,raw.catalog_номенклатура,1,1
Номенклатура — исходный каталог,Оплот Инсектицид,raw.catalog_номенклатура,1,1
Номенклатура — исходный каталог,Оплот Трио Инсектицид,raw.catalog_номенклатура,1,1
Номенклатура — исходный каталог,Опора двигателя левая,raw.catalog_номенклатура,1,1
Номенклатура — исходный каталог,Опора пластиковая 20,raw.catalog_номенклатура,1,1
Номенклатура — исходный каталог,Опора пластиковая 40(50),raw.catalog_номенклатура,1,1
Номенклатура — исходный каталог,"Опорная рама для калибровки (ПАБ12, Лесные Дали)",raw.catalog_номенклатура,1,1
Номенклатура — исходный каталог,Оправка поршневых колец 53-175 мм Н=75мм АВТОДЕЛО,raw.catalog_номенклатура,1,1
Номенклатура — исходный каталог,Опрокидыватель контейнеров WS-1612,raw.catalog_номенклатура,1,1
Номенклатура — исходный каталог,Опрыскивание,raw.catalog_номенклатура,1,1
Номенклатура — исходный каталог,Опрыскивание (почасовая),raw.catalog_номенклатура,1,1
Номенклатура — исходный каталог,Оптимо Инсектицид,raw.catalog_номенклатура,1,1
Номенклатура — исходный каталог,Оргамика С Инсектицид,raw.catalog_номенклатура,1,1
Номенклатура — исходный каталог,Организация выдача сертификата (Рутокен-Лайт) ,raw.catalog_номенклатура,1,1
Номенклатура — исходный каталог,Органические удобрения,raw.catalog_номенклатура,1,1
Номенклатура — исходный каталог,"Ордан, СП Фунгицид ",raw.catalog_номенклатура,1,1
Номенклатура — исходный каталог,Ориус 5 Инсектицид,raw.catalog_номенклатура,1,1
Номенклатура — исходный каталог,Ориус 6 Инсектицид,raw.catalog_номенклатура,1,1
Номенклатура — исходный каталог,Осирис Инсектицид,raw.catalog_номенклатура,1,1
Номенклатура — исходный каталог,Ось МТЗ-1221/1523 качания ВЗТЗЧ 1222-3000012,raw.catalog_номенклатура,1,1
Номенклатура — исходный каталог,Отбор и полный клубневой анализ картофеля,raw.catalog_номенклатура,1,1
Номенклатура — исходный каталог,Отвертка-индикатор 75 мм 6875-17150 с прищепкой Ресанта ,raw.catalog_номенклатура,1,1
Номенклатура — исходный каталог,Отвод ПНД,raw.catalog_номенклатура,1,1
Номенклатура — исходный каталог,Отвод ПНД 25,raw.catalog_номенклатура,1,1
Номенклатура — исходный каталог,Отвод ПНД 32,raw.catalog_номенклатура,1,1
Номенклатура — исходный каталог,Отвод ПП 50*45,raw.catalog_номенклатура,1,1
Номенклатура — исходный каталог,Отвод ПП 50*67гр,raw.catalog_номенклатура,1,1
Номенклатура — исходный каталог,Отвод бесшовный стальной 108*4,raw.catalog_номенклатура,1,1
Номенклатура — исходный каталог,Отходы производства,raw.catalog_номенклатура,1,1
Номенклатура — исходный каталог,Очистители,raw.catalog_номенклатура,1,1
Номенклатура — исходный каталог,Очиститель топливной системы,raw.catalog_номенклатура,1,1
Номенклатура — исходный каталог,Очистка земельных участков от кустарников методом мульчирования,raw.catalog_номенклатура,1,1
Номенклатура — исходный каталог,Очистка снега,raw.catalog_номенклатура,1,1
Номенклатура — исходный каталог,"Очистка,обустройство и уборка территории ",raw.catalog_номенклатура,1,1
Номенклатура — исходный каталог,Очистки для дальнейшей переработки,raw.catalog_номенклатура,1,1
Номенклатура — исходный каталог,Очистки картофеля (отходы),raw.catalog_номенклатура,1,1
Номенклатура — исходный каталог,Очистки картофеля для переработки,raw.catalog_номенклатура,1,1
Номенклатура — исходный каталог,Очистки моркови (отходы),raw.catalog_номенклатура,1,1
Номенклатура — исходный каталог,Пакет крафт с круч.ручкой 350*150*450 70г/м2 KPК035 с изображением,raw.catalog_номенклатура,1,1
Номенклатура — исходный каталог,Пакет крафт с прямоугольным дном 180*120*290 50г/м KPD118,raw.catalog_номенклатура,1,1
Номенклатура — исходный каталог,Пакет крафт с прямоугольным дном 250*353 50 шт / упак5782,raw.catalog_номенклатура,1,1
Номенклатура — исходный каталог,Пакет крафт с прямоугольным дном 80*50*170  KPD008,raw.catalog_номенклатура,1,1
Номенклатура — исходный каталог,Пакет с вырубной ручкой 31х40 ламинация,raw.catalog_номенклатура,1,1
Номенклатура — исходный каталог,Пакеты,raw.catalog_номенклатура,1,1
Номенклатура — исходный каталог,Палета 1200*1000 б/у,raw.catalog_номенклатура,1,1
Номенклатура — исходный каталог,Палец МТЗ ВЗТЗЧ  А61.10.002,raw.catalog_номенклатура,1,1
Номенклатура — исходный каталог,Палец МТЗ рычага ленты ВОМ (с резьбой) САЗ 50-4202078,raw.catalog_номенклатура,1,1
Номенклатура — исходный каталог,Палец пружинный ПБ 16.01.607,raw.catalog_номенклатура,1,1
Номенклатура — исходный каталог,Паллетоукладчик РМ 800-6,raw.catalog_номенклатура,1,1
Номенклатура — исходный каталог,Пар 2021,raw.catalog_номенклатура,1,1
Номенклатура — исходный каталог,Пар 2022,raw.catalog_номенклатура,1,1
Номенклатура — исходный каталог,Пар 2022_товар,raw.catalog_номенклатура,1,1
Номенклатура — исходный каталог,Пар 2023,raw.catalog_номенклатура,1,1
Номенклатура — исходный каталог,Пар 2023_товар,raw.catalog_номенклатура,1,1
Номенклатура — исходный каталог,Пар 2024_товар,raw.catalog_номенклатура,1,1
Номенклатура — исходный каталог,Пар 2025,raw.catalog_номенклатура,1,1
Номенклатура — исходный каталог,Пар 2026,raw.catalog_номенклатура,1,1
Номенклатура — исходный каталог,Пар под картофель 2022,raw.catalog_номенклатура,1,1
Номенклатура — исходный каталог,Пар под картофель 2024_товар (промежуточная),raw.catalog_номенклатура,1,1
Номенклатура — исходный каталог,Пар с октября 2021,raw.catalog_номенклатура,1,1
Номенклатура — исходный каталог,Паронит ПМБ 1мм 100*170,raw.catalog_номенклатура,1,1
Номенклатура — исходный каталог,Пастеризованная,raw.catalog_номенклатура,1,1
Номенклатура — исходный каталог,Пастеризованный,raw.catalog_номенклатура,2,2
Номенклатура — исходный каталог,Патрубок верхний,raw.catalog_номенклатура,1,1
Номенклатура — исходный каталог,Патрубок радиатора нижний КАМАЗ силикон,raw.catalog_номенклатура,1,1
Номенклатура — исходный каталог,"Пеннкоцеб, СП",raw.catalog_номенклатура,1,1
Номенклатура — исходный каталог,Пенный агент ARAG,raw.catalog_номенклатура,1,1
Номенклатура — исходный каталог,Пеон Инсектицид,raw.catalog_номенклатура,1,1
Номенклатура — исходный каталог,Первичное сырье ГалаРС1 Белый_стандарт,raw.catalog_номенклатура,1,1
Номенклатура — исходный каталог,Первичное сырье ГалаРС3 Белый_некалиброванный,raw.catalog_номенклатура,1,1
Номенклатура — исходный каталог,Первичное сырье ГалаРС3 Белый_стандарт,raw.catalog_номенклатура,1,1
Номенклатура — исходный каталог,Первичное сырье КарменРС2 Красный_некалиброванный,raw.catalog_номенклатура,1,1
Номенклатура — исходный каталог,Первичное сырье КарменРС2 Красный_стандарт,raw.catalog_номенклатура,1,1
Номенклатура — исходный каталог,Первичное сырье из хранилища,raw.catalog_номенклатура,1,1
Номенклатура — исходный каталог,Первичное сырье покупное,raw.catalog_номенклатура,1,1
Номенклатура — исходный каталог,Первичное сырье покупное _Морковь,raw.catalog_номенклатура,1,1
Номенклатура — исходный каталог,Первичное сырье покупное Белый_первый сорт,raw.catalog_номенклатура,1,1
Номенклатура — исходный каталог,Первичное сырье покупное Египет Белый_НКЛ_1 сорт,raw.catalog_номенклатура,1,1
Номенклатура — исходный каталог,Первичное сырье покупное Кармен Красный_НКЛ_1 сорт,raw.catalog_номенклатура,1,1
Номенклатура — исходный каталог,Первичное сырье покупное Краснодар Белый_НКЛ_1 сорт,raw.catalog_номенклатура,1,1
Номенклатура — исходный каталог,Первичное сырье покупное Прайм Белый_НКЛ_2 сорт,raw.catalog_номенклатура,1,1
Номенклатура — исходный каталог,Первичное сырье покупное Прайм Белый_НКЛ_нестандарт,raw.catalog_номенклатура,1,1
Номенклатура — исходный каталог,Первичное сырье. Закладка с поля,raw.catalog_номенклатура,1,1
Номенклатура — исходный каталог,Первичное сырьё из хранилища.Гала.Мелкий,raw.catalog_номенклатура,1,1
Номенклатура — исходный каталог,Перевозка,raw.catalog_номенклатура,1,1
Номенклатура — исходный каталог,Перевозка Audi A4,raw.catalog_номенклатура,1,1
Номенклатура — исходный каталог,Перевозка CHERY TIGGO4,raw.catalog_номенклатура,1,1
Номенклатура — исходный каталог,Перевозка Chevrolet Cruze,raw.catalog_номенклатура,1,1
Номенклатура — исходный каталог,Перевозка Ford Focus,raw.catalog_номенклатура,1,1
Номенклатура — исходный каталог,Перевозка LADA VESTA,raw.catalog_номенклатура,1,1
Номенклатура — исходный каталог,Перевозка Mercedes GL,raw.catalog_номенклатура,1,1
Номенклатура — исходный каталог,Перевозка Nissan Note,raw.catalog_номенклатура,1,1
Номенклатура — исходный каталог,Перевозка RENAULT DUSTER,raw.catalog_номенклатура,1,1
Номенклатура — исходный каталог,Перевозка RENAULT LOGAN STEPWAY,raw.catalog_номенклатура,1,1
Номенклатура — исходный каталог,Перевозка SKODA FABIA,raw.catalog_номенклатура,1,1
Номенклатура — исходный каталог,Перевозка VW Jetta,raw.catalog_номенклатура,1,1
Номенклатура — исходный каталог,Перевозка VW Touareg,raw.catalog_номенклатура,1,1
Номенклатура — исходный каталог,Перевозка Нива,raw.catalog_номенклатура,1,1
Номенклатура — исходный каталог,Перевозка Нива (Lada 4х4),raw.catalog_номенклатура,1,1
Номенклатура — исходный каталог,Перевозка ПАЗ 32053,raw.catalog_номенклатура,1,1
Номенклатура — исходный каталог,Перевозка ПАЗ 32054-07,raw.catalog_номенклатура,1,1
Номенклатура — исходный каталог,Перевозка сотрудников ,raw.catalog_номенклатура,1,1
Номенклатура — исходный каталог,Перевозка химии,raw.catalog_номенклатура,1,1
Номенклатура — исходный каталог,Перевозка чеснока,raw.catalog_номенклатура,1,1
Номенклатура — исходный каталог,Перевозки AF-3720AA (Ford Transit),raw.catalog_номенклатура,1,1
Номенклатура — исходный каталог,Перегон,raw.catalog_номенклатура,1,1
Номенклатура — исходный каталог,"Переключатель клавиша ВАЗ-2105,2106,2121 освещения АВТОАРМАТУРА П147-04.29",raw.catalog_номенклатура,1,1
Номенклатура — исходный каталог,"Переменная арендная плата (электроснабжение, водоснабжение,теплоснабжение, водоотведение)",raw.catalog_номенклатура,1,1
Номенклатура — исходный каталог,"Переходник МТЗ-1221,Д-260 на турбокомпрессор ММЗ",raw.catalog_номенклатура,1,1
Номенклатура — исходный каталог,Переходник для компрессора М 1/4быстросъемный штуцер наружная резьба JTC-Д20РМА,raw.catalog_номенклатура,1,1
Номенклатура — исходный каталог,Переходник лат,raw.catalog_номенклатура,1,1
Номенклатура — исходный каталог,"Переходник с 6""на 4""(папа)",raw.catalog_номенклатура,1,1
Номенклатура — исходный каталог,Петля дверцы сеткозашивочной машины В2,raw.catalog_номенклатура,1,1
Номенклатура — исходный каталог,Петля промышленная для R2,raw.catalog_номенклатура,1,1
Номенклатура — исходный каталог,"Печатная форма ""Лесные дали""",raw.catalog_номенклатура,1,1
Номенклатура — исходный каталог,Печать на бумаге,raw.catalog_номенклатура,1,1
Номенклатура — исходный каталог,"Пилот, ВСК Гербицид ",raw.catalog_номенклатура,1,1
Номенклатура — исходный каталог,Пионер Инсектицид,raw.catalog_номенклатура,1,1
Номенклатура — исходный каталог,Пистолет (EU) ECOLINE+копье 80см+форсунка,raw.catalog_номенклатура,1,1
Номенклатура — исходный каталог,Пистолет заправочный Petroll,raw.catalog_номенклатура,1,1
Номенклатура — исходный каталог,Пистолет насадка для мойки,raw.catalog_номенклатура,1,1
Номенклатура — исходный каталог,Планка ЯМЗ-240 (240Б-3701790-Б),raw.catalog_номенклатура,1,1
Номенклатура — исходный каталог,Плановое ТО,raw.catalog_номенклатура,1,1
Номенклатура — исходный каталог,Пластиковая тара,raw.catalog_номенклатура,1,1
Номенклатура — исходный каталог,Пластина выравнивания,raw.catalog_номенклатура,1,1
Номенклатура — исходный каталог,Пластина зажимная 300мм ,raw.catalog_номенклатура,1,1
Номенклатура — исходный каталог,Пластина прижимная ,raw.catalog_номенклатура,1,1
Номенклатура — исходный каталог,Пластина регулировочная,raw.catalog_номенклатура,1,1
Номенклатура — исходный каталог,Пленка п/э стрейч 2 кг,raw.catalog_номенклатура,1,1
Номенклатура — исходный каталог,Пленка полиэтиленовая 200мх 3м,raw.catalog_номенклатура,1,1
Номенклатура — исходный каталог,Пленка ра/ре,raw.catalog_номенклатура,1,1
Номенклатура — исходный каталог,Пленка ра/ре 100мкм 568мм,raw.catalog_номенклатура,1,1
Номенклатура — исходный каталог,Пленка ра/ре 200мкм 422мм,raw.catalog_номенклатура,1,1
Номенклатура — исходный каталог,Пленка ра/ре 200мкм 590мм,raw.catalog_номенклатура,1,1
Номенклатура — исходный каталог,Пленка ра/ре 65мкм 400мм,raw.catalog_номенклатура,1,1
Номенклатура — исходный каталог,Пленка стрейч 500х23 мм (бизнес),raw.catalog_номенклатура,1,1
Номенклатура — исходный каталог,Пленка стрейч 500х23 мм (премиум),raw.catalog_номенклатура,1,1
Номенклатура — исходный каталог,Пленка стрейч вторичная машинная 15кг,raw.catalog_номенклатура,1,1
Номенклатура — исходный каталог,Пленка_TM-PLY T9210 F 420 300 250 I3C P,raw.catalog_номенклатура,1,1
Номенклатура — исходный каталог,Пленка_TM-PLY T9235 F 398 600 090 I3C P,raw.catalog_номенклатура,1,1
Номенклатура — исходный каталог,"Пломба пластиковая номерная, одноразовая",raw.catalog_номенклатура,1,1
Номенклатура — исходный каталог,"Площадка для обслуживания (ПАБ15, Лесные Дали)",raw.catalog_номенклатура,1,1
Номенклатура — исходный каталог,"Площадка для обслуживания (ПАБ23-01, Лесные Дали)",raw.catalog_номенклатура,1,1
Номенклатура — исходный каталог,"Площадка для обслуживания (ПАБ23-02, Лесные Дали)",raw.catalog_номенклатура,1,1
Номенклатура — исходный каталог,"Пневматический ударный гайковерт 1/2""7000 об/мин,1200 Нм 55372 Ombra OMP11212",raw.catalog_номенклатура,1,1
Номенклатура — исходный каталог,Поворотный стол ТО-120,raw.catalog_номенклатура,1,1
Номенклатура — исходный каталог,Погрузка,raw.catalog_номенклатура,1,1
Номенклатура — исходный каталог,Погрузка-разгрузка,raw.catalog_номенклатура,1,1
Номенклатура — исходный каталог,Погрузочно-разгрузочные работы,raw.catalog_номенклатура,1,1
Номенклатура — исходный каталог,"Погрузчик Камера 8,25*15",raw.catalog_номенклатура,1,1
Номенклатура — исходный каталог,Подводка Ш-Г 100см,raw.catalog_номенклатура,1,1
Номенклатура — исходный каталог,Подводка Ш-Г 50см,raw.catalog_номенклатура,1,1
Номенклатура — исходный каталог,Поддон 1200*800 б/у типовой 1500кг 2 сорт,raw.catalog_номенклатура,1,1
Номенклатура — исходный каталог,Поддон б/у 1200*800-2 (евростандарт),raw.catalog_номенклатура,1,1
Номенклатура — исходный каталог,Поддон деревянный 1200*1000 б/у,raw.catalog_номенклатура,1,1
Номенклатура — исходный каталог,Поддон деревянный б/у,raw.catalog_номенклатура,1,1
Номенклатура — исходный каталог,Поддон пластиковый 1260х600х60,raw.catalog_номенклатура,1,1
Номенклатура — исходный каталог,Поддон1200*1200 б/у,raw.catalog_номенклатура,1,1
Номенклатура — исходный каталог,Поддон1200*800 б/у типовой 1000кг 2 сорт,raw.catalog_номенклатура,1,1
Номенклатура — исходный каталог,Поддоны,raw.catalog_номенклатура,1,1
Номенклатура — исходный каталог,Подкапывание,raw.catalog_номенклатура,1,1
Номенклатура — исходный каталог,Подкрылки передние Partner,raw.catalog_номенклатура,1,1
Номенклатура — исходный каталог,Подставка под СИБ11 ПБ-29,raw.catalog_номенклатура,1,1
Номенклатура — исходный каталог,Подставка под СИБ6 ПБ-28,raw.catalog_номенклатура,1,1
Номенклатура — исходный каталог,Подставка под огнетушитель ППО 1 П10 МИГ Метинтергрупп ,raw.catalog_номенклатура,1,1
Номенклатура — исходный каталог,Подставка под улей неокрашенная,raw.catalog_номенклатура,1,1
Номенклатура — исходный каталог,"Подставка под улей увеличенная ""стоп муравей""",raw.catalog_номенклатура,1,1
Номенклатура — исходный каталог,Подставка стакан для ручек,raw.catalog_номенклатура,1,1
Номенклатура — исходный каталог,Подстолье под мойку 50*50,raw.catalog_номенклатура,1,1
Номенклатура — исходный каталог,Подшипник  выжимной,raw.catalog_номенклатура,1,1
Номенклатура — исходный каталог,Подшипник 1508,raw.catalog_номенклатура,1,1
Номенклатура — исходный каталог,Подшипник 1726203 2RS PFI,raw.catalog_номенклатура,1,1
Номенклатура — исходный каталог,Подшипник 180212,raw.catalog_номенклатура,1,1
Номенклатура — исходный каталог,Подшипник 180304,raw.catalog_номенклатура,1,1
Номенклатура — исходный каталог,Подшипник 204,raw.catalog_номенклатура,1,1
Номенклатура — исходный каталог,Подшипник 22309,raw.catalog_номенклатура,1,1
Номенклатура — исходный каталог,Подшипник 22313 E/VA405 SKF,raw.catalog_номенклатура,1,1
Номенклатура — исходный каталог,Подшипник 309 (6309),raw.catalog_номенклатура,1,1
Номенклатура — исходный каталог,Подшипник 3514 Н (22214 W33),raw.catalog_номенклатура,1,1
Номенклатура — исходный каталог,Подшипник 3524 Н,raw.catalog_номенклатура,1,1
Номенклатура — исходный каталог,Подшипник 3609 Н (22309 W33) ГПЗ,raw.catalog_номенклатура,1,1
Номенклатура — исходный каталог,Подшипник 407 (6407),raw.catalog_номенклатура,1,1
Номенклатура — исходный каталог,Подшипник 42210 КМ (NJ 210),raw.catalog_номенклатура,1,1
Номенклатура — исходный каталог,Подшипник 480204 (UC 204),raw.catalog_номенклатура,1,1
