category,original_name,source_tables,distinct_ids,source_rows
Номенклатура — current,Стремянка ЗИЛ-130 ушка рессоры передняя,raw.r1c_nomenclature_current,1,1
Номенклатура — current,"Стремянка ЗИЛ-4331рессоры передней длинная L=210 мм,М20х1,5 мм ДЗМ",raw.r1c_nomenclature_current,1,1
Номенклатура — current,"Стремянка ЗИЛ-4331рессоры передней короткая L=175 мм,М20х1,5 мм ДЗМ",raw.r1c_nomenclature_current,1,1
Номенклатура — current,"Стремянка М 16 оцинкованная,037 03066",raw.r1c_nomenclature_current,1,1
Номенклатура — current,Стремянка МАЗ рессоры передней 5335-2902409N24*2L=270мм,raw.r1c_nomenclature_current,1,1
Номенклатура — current,"Стремянка свободностоящая, 6 ступеней Gigant ",raw.r1c_nomenclature_current,1,1
Номенклатура — current,Стремянка ф 22 L200,raw.r1c_nomenclature_current,1,1
Номенклатура — current,"Стриппер для проводов 0,2-6 мм2 Super № 5, wcn51000005 Weicon-Tools ",raw.r1c_nomenclature_current,1,1
Номенклатура — current,Стриппер №150 Weicon-Tools ,raw.r1c_nomenclature_current,1,1
Номенклатура — current,Строительно-монтажная клемма СМК 222-413 IEK,raw.r1c_nomenclature_current,1,1
Номенклатура — current,Строительно-монтажная клемма СМК 222-413 ЕК,raw.r1c_nomenclature_current,1,1
Номенклатура — current,Строительно-монтажная клемма СМК 222-415 ЕК,raw.r1c_nomenclature_current,1,1
Номенклатура — current,Строительные материалы,raw.r1c_nomenclature_current,1,1
Номенклатура — current,Строительные материалы ,raw.r1c_nomenclature_current,1,1
Номенклатура — current,Строительные услуги,raw.r1c_nomenclature_current,1,1
Номенклатура — current,Строительный нож  18 мм в металлическом корпусе с винтовым зажимом ,raw.r1c_nomenclature_current,1,1
Номенклатура — current,Строительный нож 10лезвий в наборе GWK 622,raw.r1c_nomenclature_current,1,1
Номенклатура — current,Строительство ангара 20х74х9м,raw.r1c_nomenclature_current,1,1
Номенклатура — current,"Строп 8-4СЦ-3,15 (1500)",raw.r1c_nomenclature_current,1,1
Номенклатура — current,"Строп СТП - 1,0 (1500)",raw.r1c_nomenclature_current,1,1
Номенклатура — current,"Строп СТП - 1,0 (3000)",raw.r1c_nomenclature_current,1,1
Номенклатура — current,Строп круглопрядный четырехветвевой 4стк 3т / 4000 мм (4м) ,raw.r1c_nomenclature_current,1,1
Номенклатура — current,Строп круглопрядный четырехветвевой 4стк 3т / 6000 мм (6м),raw.r1c_nomenclature_current,1,1
Номенклатура — current,Строп текстильный СТП-2т 4м,raw.r1c_nomenclature_current,1,1
Номенклатура — current,Строп текстильный СТП-3т 2м,raw.r1c_nomenclature_current,1,1
Номенклатура — current,Строп текстильный СТП-3т 8м,raw.r1c_nomenclature_current,1,1
Номенклатура — current,Строп текстильный СТП-5т 8м,raw.r1c_nomenclature_current,1,1
Номенклатура — current,Строп текстильный СТП-6т 8м,raw.r1c_nomenclature_current,1,1
Номенклатура — current,"Строп текстильный петлевой СТП-5,0/5,0м",raw.r1c_nomenclature_current,1,1
Номенклатура — current,"Строп цепной 4СЦ-2,36т",raw.r1c_nomenclature_current,1,1
Номенклатура — current,Стропа,raw.r1c_nomenclature_current,1,1
Номенклатура — current,Стропа текстильная 3000кг 2м 90мм СТП3020,raw.r1c_nomenclature_current,1,1
Номенклатура — current,Струбцина F-образная 200/50/260мм,raw.r1c_nomenclature_current,1,1
Номенклатура — current,Струбцина клещеобразная 42мм,raw.r1c_nomenclature_current,1,1
Номенклатура — current,Струна 70-4235015,raw.r1c_nomenclature_current,1,1
Номенклатура — current,Стул,raw.r1c_nomenclature_current,1,1
Номенклатура — current,Стул изо,raw.r1c_nomenclature_current,1,1
Номенклатура — current,Ступица 2039/83-02-100.00,raw.r1c_nomenclature_current,1,1
Номенклатура — current,"Ступица ЗТ-40,А 50.08.200 СБ",raw.r1c_nomenclature_current,1,1
Номенклатура — current,Ступица в сборе левая,raw.r1c_nomenclature_current,1,1
Номенклатура — current,Ступица в сборе правая,raw.r1c_nomenclature_current,1,1
Номенклатура — current,Ступица диска,raw.r1c_nomenclature_current,1,1
Номенклатура — current,Ступица диска (889.03662),raw.r1c_nomenclature_current,1,1
Номенклатура — current,Ступица задняя 130-3104015,raw.r1c_nomenclature_current,1,1
Номенклатура — current,Ступица колеса Соболь 4х4,raw.r1c_nomenclature_current,1,1
Номенклатура — current,Ступица оси,raw.r1c_nomenclature_current,1,1
Номенклатура — current,Ступица передняя,raw.r1c_nomenclature_current,1,1
Номенклатура — current,Ступица передняя SKF,raw.r1c_nomenclature_current,1,1
Номенклатура — current,Ступица передняя VKBA 7085 SKF,raw.r1c_nomenclature_current,1,1
Номенклатура — current,Ступица передняя Л/ПР ASIMA ASI55040,raw.r1c_nomenclature_current,1,1
Номенклатура — current,Ступица передняя левая,raw.r1c_nomenclature_current,1,1
Номенклатура — current,Ступица приводной звездочки диам 40мм DEWULF,raw.r1c_nomenclature_current,1,1
Номенклатура — current,Ступица режущего узла AgroPoint IL50-98/4T-M22,raw.r1c_nomenclature_current,1,1
Номенклатура — current,Ступица эпицикла МТЗ-1221,raw.r1c_nomenclature_current,1,1
Номенклатура — current,Стусло,raw.r1c_nomenclature_current,1,1
Номенклатура — current,Стыковка конвейерной ленты у заказчика 650 мм,raw.r1c_nomenclature_current,1,1
Номенклатура — current,Стяжка МТЗ в сборе 1522,raw.r1c_nomenclature_current,1,1
Номенклатура — current,Стяжка МТЗ устройства навесного РЗТ,raw.r1c_nomenclature_current,1,1
Номенклатура — current,Стяжка МТЗ-1221 навески с кронштейном,raw.r1c_nomenclature_current,1,1
Номенклатура — current,Стяжка груза 25мм х 3м,raw.r1c_nomenclature_current,1,1
Номенклатура — current,Стяжка груза 25мм х 4м,raw.r1c_nomenclature_current,1,1
Номенклатура — current,Стяжка груза 5т*10м усиленная,raw.r1c_nomenclature_current,1,1
Номенклатура — current,Стяжка кабельная неразъемная 2.5х150мм 100шт.,raw.r1c_nomenclature_current,1,1
Номенклатура — current,Стяжка на калитку не съемная,raw.r1c_nomenclature_current,1,1
Номенклатура — current,Стяжки 5х400 100шт,raw.r1c_nomenclature_current,1,1
Номенклатура — current,Стяжки нейлоновые КСС 3х150 черный 100шт,raw.r1c_nomenclature_current,1,1
Номенклатура — current,Стяжки нейлоновые КСС 4х200 100шт,raw.r1c_nomenclature_current,1,1
Номенклатура — current,Стяжки нейлоновые КСС 5х300ч упакк 100 шт,raw.r1c_nomenclature_current,1,1
Номенклатура — current,Стяжки нейлоновые КСС 5х500 100шт,raw.r1c_nomenclature_current,1,1
Номенклатура — current,Стяжки нейлоновые НСС 3х200 100шт,raw.r1c_nomenclature_current,1,1
Номенклатура — current,"Стяжки пластиковые, хомуты 3,6х300",raw.r1c_nomenclature_current,1,1
Номенклатура — current,Стяжной винт (100.49252),raw.r1c_nomenclature_current,1,1
Номенклатура — current,Сульфат Аммония,raw.r1c_nomenclature_current,1,1
Номенклатура — current,Сульфат Аммония гранулированный МКР,raw.r1c_nomenclature_current,1,1
Номенклатура — current,Сульфат аммония гранулированный,raw.r1c_nomenclature_current,1,1
Номенклатура — current,Сульфат калия мешки,raw.r1c_nomenclature_current,1,1
Номенклатура — current,"Сульфат магния,марка эпсомит гранулированный MgSO₄",raw.r1c_nomenclature_current,1,1
Номенклатура — current,Сульфонитрат аммония NS 26.5,raw.r1c_nomenclature_current,1,1
Номенклатура — current,Суми-альфа Инсектицид,raw.r1c_nomenclature_current,1,1
Номенклатура — current,Сумиджу Инсектицид,raw.r1c_nomenclature_current,1,1
Номенклатура — current,Сумитион Инсектицид,raw.r1c_nomenclature_current,1,1
Номенклатура — current,Сумка Aceline HT1505NG для ноутбука,raw.r1c_nomenclature_current,1,1
Номенклатура — current,Сумка Aceline HT1509NВ для ноутбука черная,raw.r1c_nomenclature_current,1,1
Номенклатура — current,Сумка Aceline HT1701NВ черная для ноутбука,raw.r1c_nomenclature_current,1,1
Номенклатура — current,Сумка для инструмента с ремнем 360x150x230 мм Dr. IRON ,raw.r1c_nomenclature_current,1,1
Номенклатура — current,Сумка-пояс одинарная 20 карманов ,raw.r1c_nomenclature_current,1,1
Номенклатура — current,Сумка-пояс одинарная 7 карманов Matrix,raw.r1c_nomenclature_current,1,1
Номенклатура — current,Супер Альянс Инсектицид,raw.r1c_nomenclature_current,1,1
Номенклатура — current,Супер Док Инсектицид,raw.r1c_nomenclature_current,1,1
Номенклатура — current,Суперкилл Инсектицид,raw.r1c_nomenclature_current,1,1
Номенклатура — current,Суппорт (кронштейн нижний левый) 34157900,raw.r1c_nomenclature_current,1,1
Номенклатура — current,Суппорт (кронштейн нижний правый) 34158000,raw.r1c_nomenclature_current,1,1
Номенклатура — current,Суппорт задний L,raw.r1c_nomenclature_current,1,1
Номенклатура — current,"Супротек-актив регуляр бензин,дизель,газ",raw.r1c_nomenclature_current,1,1
Номенклатура — current,"Суховей, ВР",raw.r1c_nomenclature_current,1,1
Номенклатура — current,Сушеные овощи,raw.r1c_nomenclature_current,1,1
Номенклатура — current,Сушилка для белья складная 176х54х108 см,raw.r1c_nomenclature_current,1,1
Номенклатура — current,"Сушилка для рук SONNEN Hd-m6667, 2000 Вт, Уф, погружного типа, время сушки 10 секунд, пластик, 60722",raw.r1c_nomenclature_current,1,1
Номенклатура — current,Сушка DR-10100 (контактные элементы из нержавеющей стали),raw.r1c_nomenclature_current,1,1
Номенклатура — current,Сушка фетровая СФБ2,raw.r1c_nomenclature_current,1,1
Номенклатура — current,"Сферическая шайба DIN 6319 C6,4",raw.r1c_nomenclature_current,1,1
Номенклатура — current,Сфинкс Инсектицид,raw.r1c_nomenclature_current,1,1
Номенклатура — current,Сход-развал,raw.r1c_nomenclature_current,1,1
Номенклатура — current,Сход-развал 3D,raw.r1c_nomenclature_current,1,1
Номенклатура — current,Сценик Комби Инсектицид,raw.r1c_nomenclature_current,1,1
Номенклатура — current,"Сцепление МТЗ-1221,1523 лепестковое двухдисковое в сборе ТАЯ",raw.r1c_nomenclature_current,1,1
Номенклатура — current,Сцепление МТЗ-80/82 корзина+диск Tiralli FRO706н,raw.r1c_nomenclature_current,1,1
Номенклатура — current,Сцепление в сборе ,raw.r1c_nomenclature_current,1,1
Номенклатура — current,Счетчик ВСКМ-90 д-40,raw.r1c_nomenclature_current,1,1
Номенклатура — current,Счетчик ОСВУ-40,raw.r1c_nomenclature_current,1,1
Номенклатура — current,Счетчик СКВМ-15У,raw.r1c_nomenclature_current,1,1
Номенклатура — current,Счетчик для воды,raw.r1c_nomenclature_current,1,1
Номенклатура — current,Счетчик для горячей воды Декаст СТВУ 50.L200 Ду50,raw.r1c_nomenclature_current,1,1
Номенклатура — current,Считыватель бесконтакный,raw.r1c_nomenclature_current,1,1
Номенклатура — current,Считыватель бесконтакный УМКа210,raw.r1c_nomenclature_current,1,1
Номенклатура — current,Счищающий палец 28х156,raw.r1c_nomenclature_current,1,1
Номенклатура — current,Съемник 3-ст,raw.r1c_nomenclature_current,1,1
Номенклатура — current,Съемник 3-х лапый 13-38мм с внутр.захватом,raw.r1c_nomenclature_current,1,1
Номенклатура — current,Съемник 3-х лапый шарнирный 150 мм AVS GP36,raw.r1c_nomenclature_current,1,1
Номенклатура — current,Съемник гидравлический с выносным насосом СГН-10 КВТ ,raw.r1c_nomenclature_current,1,1
Номенклатура — current,Съемник масленных фильтров трехлапый ,raw.r1c_nomenclature_current,1,1
Номенклатура — current,Съемник масленных фильтров цепной RF-619375,raw.r1c_nomenclature_current,1,1
Номенклатура — current,Съемник столорных колец,raw.r1c_nomenclature_current,1,1
Номенклатура — current,Съемник стоп,raw.r1c_nomenclature_current,1,1
Номенклатура — current,Сырьё картофель давальческое,raw.r1c_nomenclature_current,1,1
Номенклатура — current,Сэмпай Инсектицид,raw.r1c_nomenclature_current,1,1
Номенклатура — current,Сэндвич-панель Теплопремиум 13000х1000х150,raw.r1c_nomenclature_current,1,1
Номенклатура — current,Сэндвич-панель Теплопремиум 1340х1200х120,raw.r1c_nomenclature_current,1,1
Номенклатура — current,Сэндвич-панель Теплопремиум 1660х1200х120,raw.r1c_nomenclature_current,1,1
Номенклатура — current,Сэндвич-панель Теплопремиум 360х1200х120,raw.r1c_nomenclature_current,1,1
Номенклатура — current,Сэндвич-панель Теплопремиум 5960х1200х120,raw.r1c_nomenclature_current,1,1
Номенклатура — current,Сэндвич-панель Теплопремиум 5990х1200х120,raw.r1c_nomenclature_current,1,1
Номенклатура — current,Сэндвич-панель Теплопремиум 6380х1200х120,raw.r1c_nomenclature_current,1,1
Номенклатура — current,Сэндвич-панель Теплопремиум 6460х1200х120,raw.r1c_nomenclature_current,1,1
Номенклатура — current,Сэндвич-панель Теплопремиум СППС-К 13000х1000х150,raw.r1c_nomenclature_current,1,1
Номенклатура — current,Сэндвич-панель Теплопремиум СППС-С 1340х1200х120,raw.r1c_nomenclature_current,1,1
Номенклатура — current,Сэндвич-панель Теплопремиум СППС-С 1660х1200х120,raw.r1c_nomenclature_current,1,1
Номенклатура — current,Сэндвич-панель Теплопремиум СППС-С 360х1200х120,raw.r1c_nomenclature_current,1,1
Номенклатура — current,Сэндвич-панель Теплопремиум СППС-С 5960х1200х120,raw.r1c_nomenclature_current,1,1
Номенклатура — current,Сэндвич-панель Теплопремиум СППС-С 5990х1200х120,raw.r1c_nomenclature_current,1,1
Номенклатура — current,Сэндвич-панель Теплопремиум СППС-С 6380х1200х120,raw.r1c_nomenclature_current,1,1
Номенклатура — current,Сэндвич-панель Теплопремиум СППС-С 6460х1200х120,raw.r1c_nomenclature_current,1,1
Номенклатура — current,Сэндвич-панель стеновая PIR ПСТ 467 1185 80 RAL 9003,raw.r1c_nomenclature_current,1,1
Номенклатура — current,Сэндвич-панель стеновая PIR ПСТ 552 1185 80 RAL 9003,raw.r1c_nomenclature_current,1,1
Номенклатура — current,Сэндвич-панель стеновая PIR ПСТ 600 1185 80 RAL 9003,raw.r1c_nomenclature_current,1,1
Номенклатура — current,ТМТД 021-02-1694-1 Инсектицид,raw.r1c_nomenclature_current,1,1
Номенклатура — current,ТМТД 050-02-994-1 Инсектицид,raw.r1c_nomenclature_current,1,1
Номенклатура — current,"ТМТД,ВСК Инсектицид",raw.r1c_nomenclature_current,1,1
Номенклатура — current,ТМТД-плюс 2031-10-107-231- Инсектицид,raw.r1c_nomenclature_current,1,1
Номенклатура — current,ТМТД-плюс 2031-10-107-231-0-0-0-0 Инсектицид,raw.r1c_nomenclature_current,1,1
Номенклатура — current,ТО,raw.r1c_nomenclature_current,1,1
Номенклатура — current,ТЭН 400 W для  R1.R2 малый,raw.r1c_nomenclature_current,1,1
Номенклатура — current,ТЭН 900W для R1.R2 большой,raw.r1c_nomenclature_current,1,1
Номенклатура — current,Табазол Инсектицид,raw.r1c_nomenclature_current,1,1
Номенклатура — current,Табачная Инсектицид,raw.r1c_nomenclature_current,1,1
Номенклатура — current,"Табличка А4 ""ВОРОВСТВО УРОЖАЯ""",raw.r1c_nomenclature_current,1,1
Номенклатура — current,Табличка адресная ,raw.r1c_nomenclature_current,1,1
Номенклатура — current,Табличка информационная из ПВХ,raw.r1c_nomenclature_current,1,1
Номенклатура — current,Табло Выход,raw.r1c_nomenclature_current,1,1
Номенклатура — current,Табу Супер СК Протравливатель ,raw.r1c_nomenclature_current,1,1
Номенклатура — current,Табурет,raw.r1c_nomenclature_current,1,1
Номенклатура — current,Табурет Сатурн 18 серый 31000,raw.r1c_nomenclature_current,1,1
Номенклатура — current,Тагор Инсектицид,raw.r1c_nomenclature_current,1,1
Номенклатура — current,Таз,raw.r1c_nomenclature_current,1,1
Номенклатура — current,Таз 11 л полипропилен d=34/16см для пищевых продуктов.,raw.r1c_nomenclature_current,1,1
Номенклатура — current,Таз 16л пластик круглый,raw.r1c_nomenclature_current,1,1
Номенклатура — current,Таз 60л строительный,raw.r1c_nomenclature_current,1,1
Номенклатура — current,"Таз 9,5л d=35/16см полипропилен",raw.r1c_nomenclature_current,1,1
Номенклатура — current,Таз пластмассовый 40л строительный,raw.r1c_nomenclature_current,1,1
Номенклатура — current,Таймер электрический LCD ДИСПЛ TGE-2 OК,raw.r1c_nomenclature_current,1,1
Номенклатура — current,Таймер электрический ТМ31,raw.r1c_nomenclature_current,1,1
Номенклатура — current,Таймер электронный ТМ22,raw.r1c_nomenclature_current,1,1
Номенклатура — current,Тайра Инсектицид,raw.r1c_nomenclature_current,1,1
Номенклатура — current,Тайшин Инсектицид,raw.r1c_nomenclature_current,1,1
Номенклатура — current,Талант Инсектицид,raw.r1c_nomenclature_current,1,1
Номенклатура — current,"Талант, СК Фунгицид ",raw.r1c_nomenclature_current,1,1
Номенклатура — current,Талреп  М10 3.0,raw.r1c_nomenclature_current,1,1
Номенклатура — current,Талреп М8,raw.r1c_nomenclature_current,1,1
Номенклатура — current,Талреп ТЛ-3.00.00Г винт регулировки глубины,raw.r1c_nomenclature_current,1,1
Номенклатура — current,Талреп крюк-кольцо М12,raw.r1c_nomenclature_current,1,1
Номенклатура — current,Таль цепная ,raw.r1c_nomenclature_current,1,1
Номенклатура — current,Тальковые мелки сварщика 5 шт ЗУБР ,raw.r1c_nomenclature_current,1,1
Номенклатура — current,Таношанс. ВДГ,raw.r1c_nomenclature_current,1,1
Номенклатура — current,Танрек Инсектицид,raw.r1c_nomenclature_current,1,1
Номенклатура — current,Тапреп 10,raw.r1c_nomenclature_current,1,1
Номенклатура — current,Тапреп 14,raw.r1c_nomenclature_current,1,1
Номенклатура — current,Тапреп 8,raw.r1c_nomenclature_current,1,1
Номенклатура — current,Тара,raw.r1c_nomenclature_current,1,1
Номенклатура — current,Тара 19 л,raw.r1c_nomenclature_current,1,1
Номенклатура — current,Таран Инсектицид,raw.r1c_nomenclature_current,1,1
Номенклатура — current,Тарелка левая LM30,raw.r1c_nomenclature_current,1,1
Номенклатура — current,Тарелка правая LM30,raw.r1c_nomenclature_current,1,1
Номенклатура — current,Тауреб. Крепеж,raw.r1c_nomenclature_current,1,1
Номенклатура — current,Тачигарен Инсектицид,raw.r1c_nomenclature_current,1,1
Номенклатура — current,Тачка DDE самосвал четырехколесная с кузовом 200л,raw.r1c_nomenclature_current,1,1
Номенклатура — current,Тачка садовая 2-х колесная 170кг,raw.r1c_nomenclature_current,1,1
Номенклатура — current,Тачка садовая Polsad грузоподъемность 160 кг объем 78 л ,raw.r1c_nomenclature_current,1,1
Номенклатура — current,"Тачка садово-строительная ,усиленная 90л",raw.r1c_nomenclature_current,1,1
Номенклатура — current,Тачка строительная  двухколесная 110л,raw.r1c_nomenclature_current,1,1
Номенклатура — current,Тачка строительная 1 колесо,raw.r1c_nomenclature_current,1,1
Номенклатура — current,Тачка строительная 110л,raw.r1c_nomenclature_current,1,1
Номенклатура — current,Твердотельный накопитель SSD 2.5.SATA-3 240gb,raw.r1c_nomenclature_current,1,1
Номенклатура — current,Твердотельный накопитель SSD M.2 2280 1Tb A-Data LEGEND 710 [ALEG-710-1TCS] 3D NAND (R2400/W1800MB/s,raw.r1c_nomenclature_current,1,1
Номенклатура — current,Тебузан Инсектицид,raw.r1c_nomenclature_current,1,1
Номенклатура — current,Тебузил Инсектицид,raw.r1c_nomenclature_current,1,1
Номенклатура — current,Тебузол Инсектицид,raw.r1c_nomenclature_current,1,1
Номенклатура — current,Тебуконазол Инсектицид,raw.r1c_nomenclature_current,1,1
Номенклатура — current,Тебутин Инсектицид,raw.r1c_nomenclature_current,1,1
Номенклатура — current,Телевизор LED 32* (80см) (HD 1366х768),raw.r1c_nomenclature_current,1,1
Номенклатура — current,"Телевизор LED 55"" (138 см) Samsung UE55U8000FUXRU [4K UltraHD; Direct LED; 60 Гц; Tizen]",raw.r1c_nomenclature_current,1,1
Номенклатура — current,Тележка гидравлическая 25000кг 1150мм XILN DF-III,raw.r1c_nomenclature_current,1,1
Номенклатура — current,"Тележка гидравлическая CBY-OF2.0 L1150мм, В=550 мм",raw.r1c_nomenclature_current,1,1
Номенклатура — current,"Тележка гидравлическая CW30 с весами,PROLIFT грузоподъемность 3000кг,1150х555мм, колеса полиуретан ",raw.r1c_nomenclature_current,1,1
Номенклатура — current,"Тележка гидравлическая PROLIFT JC 20, 2000кг,1150*550 мм, ПУ колеса",raw.r1c_nomenclature_current,1,1
Номенклатура — current,"Тележка гидравлическая АС25 грузоподъемность 2500 кг,колеса резина,вилы 1150х550мм",raw.r1c_nomenclature_current,1,1
Номенклатура — current,Тележка гидравлическая складская 118205,raw.r1c_nomenclature_current,1,1
Номенклатура — current,Тележка для ящиков 600х400,raw.r1c_nomenclature_current,1,1
Номенклатура — current,Тележка-подъемник пасечная,raw.r1c_nomenclature_current,1,1
Номенклатура — current,Телескопический транспортер ТТ 17-80 ЭЛ (с электроприводом),raw.r1c_nomenclature_current,1,1
Номенклатура — current,Телефон сотовый Nokia,raw.r1c_nomenclature_current,1,1
Номенклатура — current,Температурный датчик для влагомера Wile 651,raw.r1c_nomenclature_current,1,1
Номенклатура — current,Температурный переключатель Linde 7915495003,raw.r1c_nomenclature_current,1,1
Номенклатура — current,Температурный сенсор воздуха снаружи PC 02N5K (11),raw.r1c_nomenclature_current,1,1
Номенклатура — current,Тен большой 900 Вт,raw.r1c_nomenclature_current,1,1
Номенклатура — current,Тен нагревательный 400 W,raw.r1c_nomenclature_current,1,1
Номенклатура — current,"Тент ""Тарпикс"" 180г/м2, 10х15м",raw.r1c_nomenclature_current,1,1
Номенклатура — current,"Тент ""Тарпикс"" 180г/м2, 10х20м",raw.r1c_nomenclature_current,1,1
Номенклатура — current,Тент 180г/м2 усиленный край 3мх5м с люверсами,raw.r1c_nomenclature_current,1,1
Номенклатура — current,Тепловая пушка дизельная ТДПН-50000,raw.r1c_nomenclature_current,1,1
Номенклатура — current,Тепловая пушка дизельная прямого нагрева DHG 30.02,raw.r1c_nomenclature_current,1,1
Номенклатура — current,Тепловая пушка электрическая BALLU BHP-P2-22 (380В) круглая PRORAB-2,raw.r1c_nomenclature_current,1,1
Номенклатура — current,Тепловентилятор,raw.r1c_nomenclature_current,1,1
Номенклатура — current,Теплоизлучатель 150 Вт,raw.r1c_nomenclature_current,1,1
Номенклатура — current,Теплоизлучатель 150 ЛОН,raw.r1c_nomenclature_current,1,1
Номенклатура — current,Теплоизоляция д труб 110x9мм 1м,raw.r1c_nomenclature_current,1,1
Номенклатура — current,Теплоноситель (жидкость для системы отопления),raw.r1c_nomenclature_current,1,1
Номенклатура — current,Терапевт Про Инсектицид,raw.r1c_nomenclature_current,1,1
Номенклатура — current,Терминал RP (МАССА-К),raw.r1c_nomenclature_current,1,1
Номенклатура — current,Терминал сбора данных Mindeo M50,raw.r1c_nomenclature_current,1,1
Номенклатура — current,Термобокс 20л,raw.r1c_nomenclature_current,1,1
Номенклатура — current,Термогигрометр Aceline DC-108,raw.r1c_nomenclature_current,1,1
Номенклатура — current,Термогигрометр DC-803,raw.r1c_nomenclature_current,1,1
Номенклатура — current,Термогигрометр REXANT 70-0520,raw.r1c_nomenclature_current,1,1
Номенклатура — current,Термогигрометр ТН-30,raw.r1c_nomenclature_current,1,1
Номенклатура — current,Термоизлучатель,raw.r1c_nomenclature_current,1,1
Номенклатура — current,Термометр ,raw.r1c_nomenclature_current,1,1
Номенклатура — current,Термометр для холодильника и мороз.камеры ТС-7АМК (-35+50*С) с поверкой РФ,raw.r1c_nomenclature_current,1,1
Номенклатура — current,Термометр инфракрасный бесконтактный B.Well WF-4000,raw.r1c_nomenclature_current,1,1
Номенклатура — current,Термометр контактный ТК-5 06С с зондами,raw.r1c_nomenclature_current,1,1
Номенклатура — current,Термометр уличный оконный,raw.r1c_nomenclature_current,1,1
Номенклатура — current,Термометр универсальный ТС-7П-2 складской (-20 до +70*С),raw.r1c_nomenclature_current,1,1
Номенклатура — current,Термометр электронный AMRUS AMDT-10,raw.r1c_nomenclature_current,1,1
Номенклатура — current,Термометр электронный REXANT комнатно-уличный с часами и выносным датчиком,raw.r1c_nomenclature_current,1,1
Номенклатура — current,Термопаста Arctic Cooling MX-4 в шприце 8гр (2019),raw.r1c_nomenclature_current,1,1
Номенклатура — current,Термопистолет,raw.r1c_nomenclature_current,1,1
Номенклатура — current,Термопреобразователь сопротивления ДТС214 РТ100.В2 60/0.2,raw.r1c_nomenclature_current,1,1
Номенклатура — current,Термопринтер штрих-кода TSC TDP-225SU,raw.r1c_nomenclature_current,1,1
Номенклатура — current,Терморегулятор,raw.r1c_nomenclature_current,1,1
Номенклатура — current,Термостат,raw.r1c_nomenclature_current,1,1
Номенклатура — current,"Термостат 50-45С ТМ45АЗ М 22х1,5 FOX",raw.r1c_nomenclature_current,1,1
Номенклатура — current,Термостат CAZ,raw.r1c_nomenclature_current,1,1
Номенклатура — current,Термостат PSA,raw.r1c_nomenclature_current,1,1
Номенклатура — current,"Термостат ВТ-40 выносной механический (21Н, 52Н, 80Н, 105П, 21Н-Р, 52Н-Р)",raw.r1c_nomenclature_current,1,1
Номенклатура — current,"Термостат КАМАЗ, ГАЗ-2410,3302,ЗИЛ-4331 ПРАМО ТС107-01М 80гр",raw.r1c_nomenclature_current,1,1
Номенклатура — current,"Термостат КАМАЗ, ГАЗ-2410,3302,ЗИЛ-4331,5301 ЭЛЕКТОН",raw.r1c_nomenclature_current,1,1
Номенклатура — current,"Термостат ТС-107-01/05 (КАМАЗ,УАЗ,ВОЛГА) ТС117-01н",raw.r1c_nomenclature_current,1,1
Номенклатура — current,"Термостат ТС108-01 (ГАЗ 53.3307,Т-130,170 ТР 14)",raw.r1c_nomenclature_current,1,1
Номенклатура — current,"Термостат ТС108-04 (ЗИЛ-130,4314,131)ТС 108-03",raw.r1c_nomenclature_current,1,1
Номенклатура — current,Термостат для а/м Газель,raw.r1c_nomenclature_current,1,1
Номенклатура — current,Термостат с фланцем 125V16A250V16A 115c,raw.r1c_nomenclature_current,1,1
Номенклатура — current,"Термостойкая краска для металла, черная 1000 градусов, аэрозоль 520мл",raw.r1c_nomenclature_current,1,1
Номенклатура — current,"Термотр.лента 55х900, пласт.вт.+1, TTR/NS515 55х900 INX_Рибон",raw.r1c_nomenclature_current,1,1
Номенклатура — current,Термоусадка  REXANT клеевая ,raw.r1c_nomenclature_current,1,1
Номенклатура — current,Термоусадка  ТУТ клеевая 6/2 черная,raw.r1c_nomenclature_current,1,1
Номенклатура — current,Термоусадка  ТУТ клеевая 9/3 черная,raw.r1c_nomenclature_current,1,1
Номенклатура — current,"Термоусадка клеевая 12,0/4,0 мм, черная (упак. 100шт по 1м) REXANT",raw.r1c_nomenclature_current,1,1
Номенклатура — current,Термоусадочная трубка ТТУ 12/6 черная ,raw.r1c_nomenclature_current,1,1
Номенклатура — current,Термоусадочная трубка ТТУ 20/10 черная ,raw.r1c_nomenclature_current,1,1
Номенклатура — current,"Термоусадочная трубка ТТУ 5/2,5 черная ",raw.r1c_nomenclature_current,1,1
Номенклатура — current,Термоусаживаемая трубка ТТК 12/3 4.1 черная с клеем 1м ИЭК,raw.r1c_nomenclature_current,1,1
Номенклатура — current,Термоусаживаемая трубка ТТК 13/4 4.1 черная с клеем 1м ИЭК,raw.r1c_nomenclature_current,1,1
Номенклатура — current,Термоусаживаемая трубка ТТК 20/6 4.1 черная с клеем 1м ИЭК,raw.r1c_nomenclature_current,1,1
Номенклатура — current,Термоэтикетка 58*30 белые ,raw.r1c_nomenclature_current,1,1
Номенклатура — current,Термоэтикетка 58*30 белые 900шт,raw.r1c_nomenclature_current,1,1
Номенклатура — current,"Термоэтикетка 58*60 3000 шт/рул, белая",raw.r1c_nomenclature_current,1,1
Номенклатура — current,"Термоэтикетка 58*60 500 шт/рул, белая",raw.r1c_nomenclature_current,1,1
Номенклатура — current,Термоэтикетка 58*60 эко без печати,raw.r1c_nomenclature_current,1,1
Номенклатура — current,Термоэтикетки,raw.r1c_nomenclature_current,1,1
Номенклатура — current,Террадим Инсектицид,raw.r1c_nomenclature_current,1,1
Номенклатура — current,Террадокс Инсектицид,raw.r1c_nomenclature_current,1,1
Номенклатура — current,Террасил 2123-10-107-435(114)-0-1-0-0 Инсектицид,raw.r1c_nomenclature_current,1,1
Номенклатура — current,Террасил 424-02-1421-1 Инсектицид,raw.r1c_nomenclature_current,1,1
Номенклатура — current,Терция Инсектицид,raw.r1c_nomenclature_current,1,1
Номенклатура — current,Тестер напряжения 70-250В 130905,raw.r1c_nomenclature_current,1,1
Номенклатура — current,Тетрадь клетка,raw.r1c_nomenclature_current,1,1
Номенклатура — current,Тетрадь на кольцах,raw.r1c_nomenclature_current,1,1
Номенклатура — current,Тефлон 134-2290,raw.r1c_nomenclature_current,1,1
Номенклатура — current,Тефлоновая лента 50мм,raw.r1c_nomenclature_current,1,1
Номенклатура — current,"Тефлоновая смазка, 520 мл GTL-520",raw.r1c_nomenclature_current,1,1
Номенклатура — current,Тефлоновое полотно (самокл. W-60mm 110 микрон),raw.r1c_nomenclature_current,1,1
Номенклатура — current,Тефлоновое полотно (самокл.W60mm 110 микрон),raw.r1c_nomenclature_current,1,1
Номенклатура — current,Техническое обслуживание ,raw.r1c_nomenclature_current,1,1
Номенклатура — current,Техническое обслуживание и ремонт автоматических ворот,raw.r1c_nomenclature_current,1,1
Номенклатура — current,Техническое обслуживание и ремонт техники,raw.r1c_nomenclature_current,1,1
Номенклатура — current,Техническое обслуживание оборудования,raw.r1c_nomenclature_current,1,1
Номенклатура — current,Техно спрей,raw.r1c_nomenclature_current,1,1
Номенклатура — current,Технологический загрузочный конвейер ТЗК-2.15-600,raw.r1c_nomenclature_current,1,1
Номенклатура — current,Технологический загрузочный конвейер ТЗК-2.75-600,raw.r1c_nomenclature_current,1,1
Номенклатура — current,Технологический загрузочный конвейер ТЗК-3.95-600,raw.r1c_nomenclature_current,1,1
Номенклатура — current,Технологический загрузочный конвейер ТЗК-4.95-600,raw.r1c_nomenclature_current,1,1
Номенклатура — current,"Техпластина 4 мм тмкщ-c 2н (1000x5000 мм, 32 кг) китай ",raw.r1c_nomenclature_current,1,1
Номенклатура — current,Техпластина 4мм ТМКЩ-С 2н,raw.r1c_nomenclature_current,1,1
Номенклатура — current,"Техпластина 4мм ТМКЩ-С(1500х5000 мм-47,8 кг)",raw.r1c_nomenclature_current,1,1
Номенклатура — current,"Техпластина армированная кордом тмкщ-с-1*5 мм 2 н(1000*5000мм,40 кг)",raw.r1c_nomenclature_current,1,1
Номенклатура — current,Тиазол Инсектицид,raw.r1c_nomenclature_current,1,1
Номенклатура — current,Тиара Инсектицид,raw.r1c_nomenclature_current,1,1
Номенклатура — current,Тибор Инсектицид,raw.r1c_nomenclature_current,1,1
Номенклатура — current,Тилт Инсектицид,raw.r1c_nomenclature_current,1,1
Номенклатура — current,Тимус Инсектицид,raw.r1c_nomenclature_current,1,1
Номенклатура — current,Тир Инсектицид,raw.r1c_nomenclature_current,1,1
Номенклатура — current,Тиски,raw.r1c_nomenclature_current,1,1
Номенклатура — current,Тиски WILTON Мастерская WS5 WI63301 125х125,raw.r1c_nomenclature_current,1,1
Номенклатура — current,Тиски с поворотным механизмом 140мм,raw.r1c_nomenclature_current,1,1
Номенклатура — current,Тиски слесарные поворотные 125мм ,raw.r1c_nomenclature_current,1,1
Номенклатура — current,Титан Инсектицид,raw.r1c_nomenclature_current,1,1
Номенклатура — current,Титул 390 Инсектицид,raw.r1c_nomenclature_current,1,1
Номенклатура — current,Титул Дуо Инсектицид,raw.r1c_nomenclature_current,1,1
Номенклатура — current,Тканевый шланг 10Х15Х4000,raw.r1c_nomenclature_current,1,1
Номенклатура — current,"Ткань для мытья пола 100% х/б ш 1,5",raw.r1c_nomenclature_current,1,1
Номенклатура — current,"Ткань для пола 0,7-0,8м",raw.r1c_nomenclature_current,1,1
Номенклатура — current,"Ткань для пола 0,70 8м",raw.r1c_nomenclature_current,1,1
Номенклатура — current,"Ткань для пола х/б 1,5 м",raw.r1c_nomenclature_current,1,1
Номенклатура — current,Ткань донного тр. бункера SE75-30,raw.r1c_nomenclature_current,1,1
Номенклатура — current,Тод Инсектицид,raw.r1c_nomenclature_current,1,1
Номенклатура — current,Токовые клещи R266C 13-3203 REXANT ,raw.r1c_nomenclature_current,1,1
Номенклатура — current,Токовые клещи цифровые 57767 Mastech M266C,raw.r1c_nomenclature_current,1,1
Номенклатура — current,Токовые клещи цифровые КВТ КТ,raw.r1c_nomenclature_current,1,1
Номенклатура — current,Токоизмерительные клещи ExPert,raw.r1c_nomenclature_current,1,1
Номенклатура — current,Тонер-картридж Panasonik черный,raw.r1c_nomenclature_current,1,1
Номенклатура — current,Тонкогубцы 180 мм,raw.r1c_nomenclature_current,1,1
Номенклатура — current,Тонометр MediTechMT40 манжета 22-36см большой дисплей,raw.r1c_nomenclature_current,1,1
Номенклатура — current,Тонометр OMRON M2 Basic с адаптором и манжеткой,raw.r1c_nomenclature_current,1,1
Номенклатура — current,Топинамбур,raw.r1c_nomenclature_current,2,2
Номенклатура — current,Топинамбур 2021,raw.r1c_nomenclature_current,1,1
Номенклатура — current,Топинамбур свежий сорт диетический,raw.r1c_nomenclature_current,1,1
Номенклатура — current,"Топинамбур семенной сорт ""Десертный""",raw.r1c_nomenclature_current,1,1
Номенклатура — current,"Топинамбур семенной сорт ""Находка""",raw.r1c_nomenclature_current,1,1
Номенклатура — current,"Топинамбур семенной сорт ""Сиренники""",raw.r1c_nomenclature_current,1,1
Номенклатура — current,"Топливная рама G21AГазель, соболь NN Газ оригинал ",raw.r1c_nomenclature_current,1,1
Номенклатура — current,Топливные присадки,raw.r1c_nomenclature_current,1,1
Номенклатура — current,Топливный фильтр RE541922AAN (P551433;ST10038;SK48672;ST20102),raw.r1c_nomenclature_current,1,1
Номенклатура — current,Топливо,raw.r1c_nomenclature_current,1,1
Номенклатура — current,Топливопровод МТЗ (обработки) 70-1104180,raw.r1c_nomenclature_current,1,1
Номенклатура — current,Топливопровод МТЗ бака топливного БЗТДиА 70-1101345-Б1,raw.r1c_nomenclature_current,1,1
Номенклатура — current,Топливопровод в сб 300 мм,raw.r1c_nomenclature_current,1,1
Номенклатура — current,Топор ,raw.r1c_nomenclature_current,1,1
Номенклатура — current,Топор МАТРИКС-21647,raw.r1c_nomenclature_current,1,1
Номенклатура — current,Топор кованный 800г,raw.r1c_nomenclature_current,1,1
Номенклатура — current,Топор кованный деревянное топорище,raw.r1c_nomenclature_current,1,1
Номенклатура — current,Топорище,raw.r1c_nomenclature_current,1,1
Номенклатура — current,Топсин-М Инсектицид,raw.r1c_nomenclature_current,1,1
Номенклатура — current,Торец желтый 12мм Д.51,raw.r1c_nomenclature_current,1,1
Номенклатура — current,Тормозная жидкость,raw.r1c_nomenclature_current,1,1
Номенклатура — current,Тормозная жидкость 455г,raw.r1c_nomenclature_current,1,1
Номенклатура — current,Тормозная жидкость 910г,raw.r1c_nomenclature_current,1,1
Номенклатура — current,Тормозная жидкость ATE SL DOT4.1,raw.r1c_nomenclature_current,1,1
Номенклатура — current,Тормозная жидкость DOT-4 0.91 кг ЛУКОЙЛ 1338295,raw.r1c_nomenclature_current,1,1
Номенклатура — current,Тормозная жидкость DOT-4 BOSCH,raw.r1c_nomenclature_current,1,1
Номенклатура — current,Тормозная жидкость LUXE DOT-4 ,raw.r1c_nomenclature_current,1,1
Номенклатура — current,Тормозная жидкость ZALMER dot4 modified 4000 0.455 кг,raw.r1c_nomenclature_current,1,1
Номенклатура — current,Тормозная лента 134-3033,raw.r1c_nomenclature_current,1,1
Номенклатура — current,"Торнадо 500, ВР Гербицид ",raw.r1c_nomenclature_current,1,1
Номенклатура — current,Торцовый фланец с фикс.вращения,raw.r1c_nomenclature_current,1,1
Номенклатура — current,Тосол,raw.r1c_nomenclature_current,1,1
Номенклатура — current,Тосол ,raw.r1c_nomenclature_current,1,1
Номенклатура — current,"Тосол ""Гостовский"" А-40",raw.r1c_nomenclature_current,1,1
Номенклатура — current,Тосол 5 л,raw.r1c_nomenclature_current,1,1
Номенклатура — current,Тосол WEGO А-40М,raw.r1c_nomenclature_current,1,1
Номенклатура — current,Тосол ОЖ-40,raw.r1c_nomenclature_current,1,1
Номенклатура — current,"Точилка 1 отв. ""Shaker"" пластиковый контейнер ",raw.r1c_nomenclature_current,1,1
Номенклатура — current,"Точилка ручная ""Deli"" Neon E0545 ",raw.r1c_nomenclature_current,1,1
Номенклатура — current,Точильный камень,raw.r1c_nomenclature_current,1,1
Номенклатура — current,Травокосилка Husqvarna 128R 9527157-67,raw.r1c_nomenclature_current,1,1
Номенклатура — current,Травосмесь,raw.r1c_nomenclature_current,2,2
Номенклатура — current,Травы,raw.r1c_nomenclature_current,1,1
Номенклатура — current,"Трактор ""Кировец"" К-742М",raw.r1c_nomenclature_current,1,1
Номенклатура — current,Транспондер (борт устр) TRP-4010-00А с черны корпусом ,raw.r1c_nomenclature_current,1,1
Номенклатура — current,"Транспондер с маркировкой SONICWAY, модель LE 08 с серым корпусом",raw.r1c_nomenclature_current,1,1
Номенклатура — current,Транспортер ,raw.r1c_nomenclature_current,1,1
Номенклатура — current,Транспортер ИГ. 1304-27ПЛ.UBR,raw.r1c_nomenclature_current,1,1
Номенклатура — current,Транспортер КПК 0114040,raw.r1c_nomenclature_current,1,1
Номенклатура — current,Транспортер ТБ 1000х2000,raw.r1c_nomenclature_current,1,1
Номенклатура — current,Транспортер ТБ 1000х3500,raw.r1c_nomenclature_current,1,1
Номенклатура — current,Транспортер ТБ 1500х12000,raw.r1c_nomenclature_current,1,1
Номенклатура — current,Транспортер ТБ 400х2500,raw.r1c_nomenclature_current,1,1
Номенклатура — current,Транспортер ТБ 400х3000,raw.r1c_nomenclature_current,1,1
Номенклатура — current,Транспортер ТБ 400х5500,raw.r1c_nomenclature_current,1,1
Номенклатура — current,Транспортер ТБ 500х13000,raw.r1c_nomenclature_current,1,1
Номенклатура — current,Транспортер ТБ 500х5000,raw.r1c_nomenclature_current,1,1
Номенклатура — current,Транспортер ТБ 500х6000,raw.r1c_nomenclature_current,1,1
Номенклатура — current,Транспортер ТБ 500х7000,raw.r1c_nomenclature_current,1,1
Номенклатура — current,Транспортер ТБ 600х13000,raw.r1c_nomenclature_current,1,1
Номенклатура — current,Транспортер ТБ 600х2400,raw.r1c_nomenclature_current,1,1
Номенклатура — current,Транспортер ТБ 600х2500,raw.r1c_nomenclature_current,1,1
Номенклатура — current,Транспортер ТБ 600х3500,raw.r1c_nomenclature_current,1,1
Номенклатура — current,Транспортер ТБ 600х4500,raw.r1c_nomenclature_current,1,1
Номенклатура — current,Транспортер ТБ 600х6000,raw.r1c_nomenclature_current,1,1
Номенклатура — current,Транспортер ТБ 600х9500,raw.r1c_nomenclature_current,1,1
Номенклатура — current,Транспортер ТБ 800х10250,raw.r1c_nomenclature_current,1,1
Номенклатура — current,Транспортер ТБ 800х12100,raw.r1c_nomenclature_current,1,1
Номенклатура — current,Транспортер ТБ 800х18500,raw.r1c_nomenclature_current,1,1
Номенклатура — current,Транспортер ТБ 800х23000,raw.r1c_nomenclature_current,1,1
Номенклатура — current,Транспортер горизонтальный (дл2700 мм),raw.r1c_nomenclature_current,1,1
Номенклатура — current,Транспортер горизонтальный (дл2950 мм),raw.r1c_nomenclature_current,1,1
Номенклатура — current,Транспортер горизонтальный (дл8700 мм),raw.r1c_nomenclature_current,1,1
Номенклатура — current,Транспортер горизонтальный Р-190/50 ,raw.r1c_nomenclature_current,1,1
Номенклатура — current,Транспортер горизонтальный Р-200/30 ( регулировка скорости),raw.r1c_nomenclature_current,1,1
Номенклатура — current,Транспортер горизонтальный Р-220/50 (реверс),raw.r1c_nomenclature_current,1,1
Номенклатура — current,Транспортер горизонтальный Р-240/50 ,raw.r1c_nomenclature_current,1,1
Номенклатура — current,Транспортер горизонтальный Р-250/50 ( регулировка скорости),raw.r1c_nomenclature_current,1,1
Номенклатура — current,Транспортер горизонтальный Р-290/80 (реверс),raw.r1c_nomenclature_current,1,1
Номенклатура — current,Транспортер горизонтальный Р-300/60 для грязи,raw.r1c_nomenclature_current,1,1
Номенклатура — current,"Транспортер горизонтальный Р-300/60 для грязи (адаптация ZB увеличенная рама,ссып тент)",raw.r1c_nomenclature_current,1,1
Номенклатура — current,"Транспортер горизонтальный Р-320/80 (пневмоперегородка,амортизатор падения, регулировка скорости)",raw.r1c_nomenclature_current,1,1
Номенклатура — current,Транспортер горизонтальный Р-340/80 (реверс),raw.r1c_nomenclature_current,1,1
Номенклатура — current,"Транспортер горизонтальный Р-360/50 (реверс,регулировка скорости)",raw.r1c_nomenclature_current,1,1
Номенклатура — current,Транспортер горизонтальный Р-380/50 ,raw.r1c_nomenclature_current,1,1
Номенклатура — current,Транспортер горизонтальный Р-500/50 (поворотные колеса),raw.r1c_nomenclature_current,1,1
Номенклатура — current,Транспортер горизонтальный Р-580/50 ,raw.r1c_nomenclature_current,1,1
Номенклатура — current,Транспортер горизонтальный Р-760/50 ,raw.r1c_nomenclature_current,1,1
Номенклатура — current,Транспортер инспекционный трехручьевой ТИТ-01,raw.r1c_nomenclature_current,1,1
Номенклатура — current,Транспортер ковшовый КПК 0114910,raw.r1c_nomenclature_current,1,1
Номенклатура — current,Транспортер наклонный L образный (дл2000 мм),raw.r1c_nomenclature_current,1,1
Номенклатура — current,Транспортер наклонный L образный (дл2800 мм),raw.r1c_nomenclature_current,1,1
Номенклатура — current,Транспортер наклонный L образный (дл3000 мм),raw.r1c_nomenclature_current,1,1
Номенклатура — current,Транспортер наклонный ТН-01(Z-образный),raw.r1c_nomenclature_current,1,1
Номенклатура — current,Транспортер наклонный загрузочный,raw.r1c_nomenclature_current,1,1
Номенклатура — current,Транспортер отводящий ТЗК-ОТ,raw.r1c_nomenclature_current,1,1
Номенклатура — current,"Транспортер переборочного стола КСЭ 12,000",raw.r1c_nomenclature_current,1,1
Номенклатура — current,Транспортер перегрузочный ТПБ 1000х3000,raw.r1c_nomenclature_current,1,1
Номенклатура — current,Транспортер перегрузочный ТПБ 300*2400,raw.r1c_nomenclature_current,1,1
Номенклатура — current,Транспортер перегрузочный ТПБ 400*3400,raw.r1c_nomenclature_current,1,1
Номенклатура — current,Транспортер перегрузочный ТПБ 600*2400,raw.r1c_nomenclature_current,1,1
Номенклатура — current,Транспортер перегрузочный ТПБ 650х14400,raw.r1c_nomenclature_current,1,1
Номенклатура — current,Транспортер перегрузочный ТПБ 650х15000,raw.r1c_nomenclature_current,1,1
Номенклатура — current,Транспортер перегрузочный ТПБ 800х10500,raw.r1c_nomenclature_current,1,1
Номенклатура — current,Транспортер реверсивный ТК-2.95-600,raw.r1c_nomenclature_current,1,1
Номенклатура — current,Транспортер роликовый с разделением потока,raw.r1c_nomenclature_current,1,1
Номенклатура — current,Транспортер1-Й  1631-180-35 ,raw.r1c_nomenclature_current,1,1
Номенклатура — current,Транспортеры отводящие ТОБ1,raw.r1c_nomenclature_current,1,1
Номенклатура — current,Транспортировка,raw.r1c_nomenclature_current,1,1
Номенклатура — current,Транспортировка воды,raw.r1c_nomenclature_current,1,1
Номенклатура — current,Транспортировка грузов,raw.r1c_nomenclature_current,1,1
Номенклатура — current,Транспортировка картофеля,raw.r1c_nomenclature_current,1,1
Номенклатура — current,Транспортно-коммерческие услуги (простой),raw.r1c_nomenclature_current,1,1
Номенклатура — current,Транспортно-экспедиционные услуги,raw.r1c_nomenclature_current,1,1
Номенклатура — current,Транспортные  услуги,raw.r1c_nomenclature_current,1,1
Номенклатура — current,Транспортные  услуги оказанные спецтехникой,raw.r1c_nomenclature_current,1,1
Номенклатура — current,Транспортные средства,raw.r1c_nomenclature_current,1,1
Номенклатура — current,Транспортные услуги,raw.r1c_nomenclature_current,1,1
Номенклатура — current,Транспортные услуги_внеш,raw.r1c_nomenclature_current,1,1
Номенклатура — current,Трансформатор AC/DC 24V (500 Вт),raw.r1c_nomenclature_current,1,1
Номенклатура — current,Трап 50 вертик.решетка нерж 10*10,raw.r1c_nomenclature_current,1,1
Номенклатура — current,Трапеция рулевая в сборе ВАЗ-2123,raw.r1c_nomenclature_current,1,1
Номенклатура — current,Трафарет,raw.r1c_nomenclature_current,1,1
Номенклатура — current,Тренер водорастворимое удобрение ,raw.r1c_nomenclature_current,1,1
Номенклатура — current,"Трехходовый смесительный клапан 1"" VT.MIX03.G06",raw.r1c_nomenclature_current,1,1
Номенклатура — current,Трещетка с квадратом 1/4L=150 mm.8 гр АвтоDeло ,raw.r1c_nomenclature_current,1,1
Номенклатура — current,Трещотка 1/2,raw.r1c_nomenclature_current,1,1
Номенклатура — current,"Трещотка 1/4 217мм, 72 зубца STELS",raw.r1c_nomenclature_current,1,1
Номенклатура — current,Трещотка 3/4,raw.r1c_nomenclature_current,1,1
Номенклатура — current,Трещотка флажковая 1/2 72 зубца GRW-12 Gigant ,raw.r1c_nomenclature_current,1,1
Номенклатура — current,Трещотка флажковая 1/4 72 зубца GRW-14 Gigant ,raw.r1c_nomenclature_current,1,1
Номенклатура — current,ТриАгро Инсектицид,raw.r1c_nomenclature_current,1,1
Номенклатура — current,Триада Инсектицид,raw.r1c_nomenclature_current,1,1
Номенклатура — current,Триактив Инсектицид,raw.r1c_nomenclature_current,1,1
Номенклатура — current,Триафол Инсектицид,raw.r1c_nomenclature_current,1,1
Номенклатура — current,"Триммер бензиновый Huter GGT-555 (2500 Вт, 7 кг.)",raw.r1c_nomenclature_current,1,1
Номенклатура — current,Триммер бензиновый Sturm ПРОМО BT162,raw.r1c_nomenclature_current,1,1
Номенклатура — current,Тритон Инсектицид,raw.r1c_nomenclature_current,1,1
Номенклатура — current,Тройник 050х50,raw.r1c_nomenclature_current,1,1
Номенклатура — current,Тройник 32х20х32 ППР,raw.r1c_nomenclature_current,1,1
Номенклатура — current,Тройник 40х40х40 ППР,raw.r1c_nomenclature_current,1,1
Номенклатура — current,"Тройник 6""х6""х8""",raw.r1c_nomenclature_current,1,1
Номенклатура — current,"Тройник 8""х6""х8""",raw.r1c_nomenclature_current,1,1
Номенклатура — current,Тройник PPR 40 ,raw.r1c_nomenclature_current,1,1
Номенклатура — current,Тройник PPRC 25,raw.r1c_nomenclature_current,1,1
Номенклатура — current,Тройник М20*20*20,raw.r1c_nomenclature_current,1,1
Номенклатура — current,Тройник МТЗ отопителя (пробка) ОАО МТЗ 80--8100052А,raw.r1c_nomenclature_current,1,1
Номенклатура — current,Тройник МТЗ отопителя (пробка) ОАО МТЗ 80-8100051,raw.r1c_nomenclature_current,1,1
Номенклатура — current,Тройник ПНД 20,raw.r1c_nomenclature_current,1,1
Номенклатура — current,Тройник ПНД 20*1/2 НР,raw.r1c_nomenclature_current,1,1
Номенклатура — current,Тройник ПНД 40,raw.r1c_nomenclature_current,1,1
Номенклатура — current,Тройник ПНД 50,raw.r1c_nomenclature_current,1,1
Номенклатура — current,Тройник ПНД 50*40*50,raw.r1c_nomenclature_current,1,1
Номенклатура — current,Тройник ПНД 63*50*63,raw.r1c_nomenclature_current,1,1
Номенклатура — current,Тройник ПНД25,raw.r1c_nomenclature_current,1,1
Номенклатура — current,Тройник ПНД32,raw.r1c_nomenclature_current,1,1
Номенклатура — current,Тройник ПП  110*110*110*90,raw.r1c_nomenclature_current,1,1
Номенклатура — current,Тройник ПП  110*110*50*90 гр,raw.r1c_nomenclature_current,1,1
Номенклатура — current,Тройник ПП  50*50*90*90,raw.r1c_nomenclature_current,1,1
Номенклатура — current,Тройник ПП 25*25*25,raw.r1c_nomenclature_current,1,1
Номенклатура — current,Тройник ПП 40*25*40,raw.r1c_nomenclature_current,1,1
Номенклатура — current,Тройник ПП Ду 100*100*100*90,raw.r1c_nomenclature_current,1,1
Номенклатура — current,Тройник ПП Ду 50*50*50*45 гр,raw.r1c_nomenclature_current,1,1
Номенклатура — current,Тройник ПП Ду 50*50*50*90 трехраструбный,raw.r1c_nomenclature_current,1,1
Номенклатура — current,Тройник ПП Ду 50*50*90,raw.r1c_nomenclature_current,1,1
Номенклатура — current,Тройник для кап.линии,raw.r1c_nomenclature_current,1,1
Номенклатура — current,Тройник для капельной ленты с поджимом,raw.r1c_nomenclature_current,1,1
Номенклатура — current,Тройник комбинированный НР 32х12,raw.r1c_nomenclature_current,1,1
Номенклатура — current,Тройник компрессионный d/32,raw.r1c_nomenclature_current,1,1
Номенклатура — current,Тройник лат. 20,raw.r1c_nomenclature_current,1,1
Номенклатура — current,Тройник никель 1/2,raw.r1c_nomenclature_current,1,1
Номенклатура — current,Тройник оц 25,raw.r1c_nomenclature_current,1,1
Номенклатура — current,Тройник пл.50,raw.r1c_nomenclature_current,1,1
Номенклатура — current,Тройник пласт 20*3/4НР,raw.r1c_nomenclature_current,1,1
Номенклатура — current,Тройник пласт 32,raw.r1c_nomenclature_current,1,1
Номенклатура — current,Тройник пласт 40*32*40,raw.r1c_nomenclature_current,1,1
Номенклатура — current,Тройник пласт. 20,raw.r1c_nomenclature_current,1,1
Номенклатура — current,Тройник пласт. 50*32*50,raw.r1c_nomenclature_current,1,1
Номенклатура — current,Тройник пласт.20*1/2ВР,raw.r1c_nomenclature_current,1,1
Номенклатура — current,Тройник пластиковый 20,raw.r1c_nomenclature_current,1,1
Номенклатура — current,Тройник пластиковый 25*20*25,raw.r1c_nomenclature_current,1,1
Номенклатура — current,Тройник пластиковый 32 (15),raw.r1c_nomenclature_current,1,1
Номенклатура — current,Тройник пластиковый 32*20*32,raw.r1c_nomenclature_current,1,1
Номенклатура — current,Тройник пластиковый 32*3/4 НР,raw.r1c_nomenclature_current,1,1
Номенклатура — current,Тройник пластиковый 40,raw.r1c_nomenclature_current,1,1
Номенклатура — current,Тройник с резьбой черн 50,raw.r1c_nomenclature_current,1,1
Номенклатура — current,Тройник соединительный 32 белый,raw.r1c_nomenclature_current,1,1
Номенклатура — current,Тройник чугунный 25,raw.r1c_nomenclature_current,1,1
Номенклатура — current,Трос,raw.r1c_nomenclature_current,1,1
Номенклатура — current,Трос (Morse L-900 ),raw.r1c_nomenclature_current,1,1
Номенклатура — current,Трос 110-4600120-02  L-1500,raw.r1c_nomenclature_current,1,1
Номенклатура — current,"Трос 2,5мм",raw.r1c_nomenclature_current,1,1
Номенклатура — current,Трос 3мм,raw.r1c_nomenclature_current,1,1
Номенклатура — current,Трос DIN 3055 для ратяжки в оплетке ПВХ 1/2,raw.r1c_nomenclature_current,1,1
Номенклатура — current,Трос IT-731133/02/00,raw.r1c_nomenclature_current,1,1
Номенклатура — current,Трос L-1550 80В-1108300-А-02,raw.r1c_nomenclature_current,1,1
Номенклатура — current,Трос L-1660 80В-1108630-А-02 Д-250,raw.r1c_nomenclature_current,1,1
Номенклатура — current,Трос М 4,raw.r1c_nomenclature_current,1,1
Номенклатура — current,Трос М 6,raw.r1c_nomenclature_current,1,1
Номенклатура — current,Трос М10,raw.r1c_nomenclature_current,1,1
Номенклатура — current,Трос М8,raw.r1c_nomenclature_current,1,1
Номенклатура — current,Трос МТЗ останова двигателя ,raw.r1c_nomenclature_current,1,1
Номенклатура — current,Трос акселератора МАЗ-4370,raw.r1c_nomenclature_current,1,1
Номенклатура — current,"Трос буксировочный (стальной) 40т 10м Крюк/крюк (d 22,5 мм)",raw.r1c_nomenclature_current,1,1
Номенклатура — current,Трос буксировочный (стальной) 50т 12м Петля/петля (d 24.0 мм),raw.r1c_nomenclature_current,1,1
Номенклатура — current,"Трос буксировочный 12т, 5м",raw.r1c_nomenclature_current,1,1
Номенклатура — current,"Трос буксировочный 31,5т, 5м петля-петля",raw.r1c_nomenclature_current,1,1
Номенклатура — current,Трос буксировочный 5т,raw.r1c_nomenclature_current,1,1
Номенклатура — current,Трос буксировочный 63т ,raw.r1c_nomenclature_current,1,1
Номенклатура — current,Трос буксировочный 63т 6м петля-петля,raw.r1c_nomenclature_current,1,1
Номенклатура — current,Трос буксировочный 7т,raw.r1c_nomenclature_current,1,1
Номенклатура — current,Трос в оплетке ПВХ 2/3 мм,raw.r1c_nomenclature_current,1,1
Номенклатура — current,Трос газа,raw.r1c_nomenclature_current,1,1
Номенклатура — current,Трос д/растяжки 3мм,raw.r1c_nomenclature_current,1,1
Номенклатура — current,Трос дистанционного управления МТЗ,raw.r1c_nomenclature_current,1,1
Номенклатура — current,"Трос заслонки ТНВД ""глушилка"" длина 1850мм",raw.r1c_nomenclature_current,1,1
Номенклатура — current,Трос канализационный,raw.r1c_nomenclature_current,1,1
Номенклатура — current,"Трос металлополимерный 2,5мм 100 Сибтех 47626 70.0",raw.r1c_nomenclature_current,1,1
Номенклатура — current,"Трос металлополимерный ПР-5,0 мм 50 м.п Pobedit ",raw.r1c_nomenclature_current,1,1
Номенклатура — current,Трос нерж.8мм,raw.r1c_nomenclature_current,1,1
Номенклатура — current,Трос пружинный ф-9мм,raw.r1c_nomenclature_current,1,1
Номенклатура — current,Трос пружинный ф-9мм длина 10м,raw.r1c_nomenclature_current,1,1
Номенклатура — current,Трос ручника оригинал,raw.r1c_nomenclature_current,1,1
Номенклатура — current,Трос ручного торм. BOX3/JUMP3/DUC3,raw.r1c_nomenclature_current,1,1
Номенклатура — current,Трос ручного торм. BOX3/JUMP3/DUC3 фургон,raw.r1c_nomenclature_current,1,1
Номенклатура — current,Трос ручного тормоза (к-т) ГАЗ 2217-350880001,raw.r1c_nomenclature_current,1,1
Номенклатура — current,Трос ручного тормоза Газ 3302,raw.r1c_nomenclature_current,1,1
Номенклатура — current,Трос сцепления,raw.r1c_nomenclature_current,1,1
Номенклатура — current,Трос управ.распределит. МТЗ-1523 1500мм ,raw.r1c_nomenclature_current,1,1
Номенклатура — current,Трос управляющий L-2000(шариковое окончание) POD-HPZ-000105,raw.r1c_nomenclature_current,1,1
Номенклатура — current,Труба ,raw.r1c_nomenclature_current,1,1
Номенклатура — current,Труба  (стекловолокно) 40 ППР,raw.r1c_nomenclature_current,1,1
Номенклатура — current,Труба  FD гофр  SN340/300 эко,raw.r1c_nomenclature_current,1,1
Номенклатура — current,"Труба  ПНД 32*2,4 SDR13.6",raw.r1c_nomenclature_current,1,1
Номенклатура — current,"Труба  ПНД 40*3.2,4 SDR13.6,17",raw.r1c_nomenclature_current,1,1
Номенклатура — current,Труба  ПНД гибкая гофр.д.20 мм легкая с протяжой,raw.r1c_nomenclature_current,1,1
Номенклатура — current,"Труба  а/ц 150 3,95м",raw.r1c_nomenclature_current,1,1
Номенклатура — current,Труба  черная ПНД Д=20 гофрированная с зондом,raw.r1c_nomenclature_current,1,1
Номенклатура — current,Труба 060.05048,raw.r1c_nomenclature_current,1,1
Номенклатура — current,Труба 20 горячая 4м ,raw.r1c_nomenclature_current,1,1
Номенклатура — current,Труба 20 горячая 4м SDR6(100),raw.r1c_nomenclature_current,1,1
Номенклатура — current,Труба 20 стекловолокно ,raw.r1c_nomenclature_current,1,1
Номенклатура — current,Труба 20 стекловолокно 4м,raw.r1c_nomenclature_current,1,1
Номенклатура — current,Труба 20 холодная 4м SDR 11(100),raw.r1c_nomenclature_current,1,1
Номенклатура — current,Труба 20 холодная 4м SDR11,raw.r1c_nomenclature_current,1,1
Номенклатура — current,Труба 25 горячая 4м SDR6(80),raw.r1c_nomenclature_current,1,1
Номенклатура — current,Труба 25 стекловолокно 4м,raw.r1c_nomenclature_current,1,1
Номенклатура — current,Труба 32 внутренняя 4м SDR6,raw.r1c_nomenclature_current,1,1
Номенклатура — current,Труба 32 горячая 4м SDR6 (40),raw.r1c_nomenclature_current,1,1
Номенклатура — current,Труба 32 горячая 4м SDR6(40),raw.r1c_nomenclature_current,1,1
Номенклатура — current,Труба 32 стекловолокно 4м,raw.r1c_nomenclature_current,1,1
Номенклатура — current,Труба 32 холодная 4м SDR11 (40),raw.r1c_nomenclature_current,1,1
Номенклатура — current,Труба 40 горячая 4м SDR6 (20),raw.r1c_nomenclature_current,1,1
Номенклатура — current,Труба 40 горячая 4м SDR6(20),raw.r1c_nomenclature_current,1,1
Номенклатура — current,Труба 40 стекловолокно 4м,raw.r1c_nomenclature_current,1,1
Номенклатура — current,Труба 50 горячая 4м SDR6 (20),raw.r1c_nomenclature_current,1,1
Номенклатура — current,Труба 63 холодная 4м SDR11 (12),raw.r1c_nomenclature_current,1,1
Номенклатура — current,Труба 700.46.28.090-1,raw.r1c_nomenclature_current,1,1
Номенклатура — current,Труба AiSI 304 76.1x2.0mm,raw.r1c_nomenclature_current,1,1
Номенклатура — current,Труба FD гофра 340/300 (6м),raw.r1c_nomenclature_current,1,1
Номенклатура — current,Труба PN20 32,raw.r1c_nomenclature_current,1,1
Номенклатура — current,"Труба PPR 32х5,4мм SDR6 армированная алюмин40х6,7мм SDR6 армированная алюминием (4м)",raw.r1c_nomenclature_current,1,1
Номенклатура — current,"Труба PPR 32х5,4мм SDR6 армированная алюминием (4м)",raw.r1c_nomenclature_current,1,1
Номенклатура — current,Труба pгs-5 89х3 5х5000 ,raw.r1c_nomenclature_current,1,1
Номенклатура — current,Труба Д-260 выхлопная длинная ММЗ,raw.r1c_nomenclature_current,1,1
Номенклатура — current,"Труба ПВХ 110*3,2*1000",raw.r1c_nomenclature_current,1,1
Номенклатура — current,"Труба ПВХ 110*3,2*3000",raw.r1c_nomenclature_current,1,1
Номенклатура — current,"Труба ПВХ 110х3,2х1000",raw.r1c_nomenclature_current,1,1
Номенклатура — current,"Труба ПВХ 110х3,2х2000",raw.r1c_nomenclature_current,1,1
Номенклатура — current,"Труба ПВХ 200*4,9*1000",raw.r1c_nomenclature_current,1,1
Номенклатура — current,"Труба ПВХ 200*4,9*3000",raw.r1c_nomenclature_current,1,1
Номенклатура — current,"Труба ПВХ 200*4,9*6м",raw.r1c_nomenclature_current,1,1
Номенклатура — current,Труба ПВХ d6мм черная,raw.r1c_nomenclature_current,1,1
Номенклатура — current,Труба ПВХ ЛБ-2 Д-10 ,raw.r1c_nomenclature_current,1,1
Номенклатура — current,"Труба ПВХ гибкая гофр.д.20мм, тяжёлая с протяжкой, 100м, цвет серый (упак.100м)",raw.r1c_nomenclature_current,1,1
Номенклатура — current,Труба ПВХ гладкая D=40 легкая (10*3метра),raw.r1c_nomenclature_current,1,1
Номенклатура — current,Труба ПНД 20*2 СДР 11,raw.r1c_nomenclature_current,1,1
Номенклатура — current,"Труба ПНД 25*2 СДР 13,6",raw.r1c_nomenclature_current,1,1
Номенклатура — current,"Труба ПНД 32*2,4 СДР 13,6",raw.r1c_nomenclature_current,1,1
Номенклатура — current,Труба ПНД 40,raw.r1c_nomenclature_current,1,1
Номенклатура — current,"Труба ПНД 40*3,2,4 СДР 13,6,17",raw.r1c_nomenclature_current,1,1
Номенклатура — current,"Труба ПНД 50*3,7 SDR13,6 (ПЭ100, 12,5атм)",raw.r1c_nomenclature_current,1,1
Номенклатура — current,"Труба ПНД 50*3,7 SDR13.6 (ПЭ100, 12.5атм)",raw.r1c_nomenclature_current,1,1
Номенклатура — current,"Труба ПНД 50*3,7 СДР 13,6",raw.r1c_nomenclature_current,1,1
Номенклатура — current,"Труба ПНД 63*47 СДР 13,6",raw.r1c_nomenclature_current,1,1
Номенклатура — current,Труба ПНД гофриров d32 DKC,raw.r1c_nomenclature_current,1,1
Номенклатура — current,"Труба ПП 110*2,7*0,25м ",raw.r1c_nomenclature_current,1,1
Номенклатура — current,"Труба ПП 110*2,7*1,0м",raw.r1c_nomenclature_current,1,1
Номенклатура — current,"Труба ПП 110*2,7*1м ",raw.r1c_nomenclature_current,1,1
Номенклатура — current,"Труба ПП 110*2,7*2м ",raw.r1c_nomenclature_current,1,1
Номенклатура — current,"Труба ПП 110х2,7х2м",raw.r1c_nomenclature_current,1,1
Номенклатура — current,"Труба ПП 50*1,8*0,5м",raw.r1c_nomenclature_current,1,1
Номенклатура — current,"Труба ПП 50*1,8*1м",raw.r1c_nomenclature_current,1,1
Номенклатура — current,"Труба ПП 50*1,8*2м",raw.r1c_nomenclature_current,1,1
Номенклатура — current,Труба ПП 50*90,raw.r1c_nomenclature_current,1,1
Номенклатура — current,"Труба ПП Гост d 50X1,8 мм длина 15 см",raw.r1c_nomenclature_current,1,1
Номенклатура — current,"Труба ПП Гост d 50X1,8 мм длина 1м",raw.r1c_nomenclature_current,1,1
Номенклатура — current,"Труба ПП Гост d 50X1,8 мм длина 25 см",raw.r1c_nomenclature_current,1,1
Номенклатура — current,"Труба ПП Гост d 50X1,8 мм длина 50 см",raw.r1c_nomenclature_current,1,1
Номенклатура — current,"Труба РР арм.стекло, PN20",raw.r1c_nomenclature_current,1,1
Номенклатура — current,Труба асб. 400мм 5м,raw.r1c_nomenclature_current,1,1
Номенклатура — current,Труба асбест. 400мм 5м,raw.r1c_nomenclature_current,1,1
Номенклатура — current,Труба в сборе ЭК-100.730,raw.r1c_nomenclature_current,1,1
Номенклатура — current,Труба вод/газ 76,raw.r1c_nomenclature_current,1,1
Номенклатура — current,"Труба водопроводная 32х3,2мм",raw.r1c_nomenclature_current,1,1
Номенклатура — current,"Труба водопроводная 40х2,4мм",raw.r1c_nomenclature_current,1,1
Номенклатура — current,Труба водопроводная 80 3м ПВХ,raw.r1c_nomenclature_current,1,1
Номенклатура — current,Труба выхлопная ГАЗ-231073-1203170-10 Соболь,raw.r1c_nomenclature_current,1,1
Номенклатура — current,Труба выхлопная задн.,raw.r1c_nomenclature_current,1,1
Номенклатура — current,Труба выхлопная передн. (бенз Е2),raw.r1c_nomenclature_current,1,1
Номенклатура — current,Труба гибкая АНИ 1 112*40/50,raw.r1c_nomenclature_current,1,1
Номенклатура — current,Труба гладкая жесткая ПВХ d20 ИЭК серая (93м) 3м (П),raw.r1c_nomenclature_current,1,1
Номенклатура — current,"Труба гладкая, ПП, класс жесткости SN 4, Д110 мм, S=3,4 мм L 2000 мм ",raw.r1c_nomenclature_current,1,1
Номенклатура — current,"Труба гладкая, ПП, класс жесткости SN 4, Д110 мм, S=3,4 мм L 500 мм",raw.r1c_nomenclature_current,1,1
Номенклатура — current,Труба гофр. 40мм ПНД (черная) с зонтом легкая,raw.r1c_nomenclature_current,1,1
Номенклатура — current,"Труба гофр.20мм ПНД (черная) с зондом легкая, Dвнутр.=14,1мм, упак.100 м",raw.r1c_nomenclature_current,1,1
Номенклатура — current,Труба гофр.25мм ПНД (черная) с зондом легкая,raw.r1c_nomenclature_current,1,1
Номенклатура — current,Труба гофр.двустенная ПНД d50 красн. (уп.50м),raw.r1c_nomenclature_current,1,1
Номенклатура — current,Труба гофра с протяжкой,raw.r1c_nomenclature_current,1,1
Номенклатура — current,Труба гофрированная 20мм  ПВХ с зондом легкая 12001(100),raw.r1c_nomenclature_current,1,1
Номенклатура — current,Труба гофрированная 32мм  ПВХ с зондом легкая 13201,raw.r1c_nomenclature_current,1,1
Номенклатура — current,Труба гофрированная 50мм  ПНД с зондом легкая ,raw.r1c_nomenclature_current,1,1
Номенклатура — current,Труба гофрированная ПНД 16мм с зондом легкая,raw.r1c_nomenclature_current,1,1
Номенклатура — current,Труба гофрированная ПНД 20мм с зондом (100м) ИЕК черный,raw.r1c_nomenclature_current,1,1
Номенклатура — current,Труба гофрированная ПНД 20мм с зондом легкая,raw.r1c_nomenclature_current,1,1
Номенклатура — current,Труба гофрированная ПНД Д=16,raw.r1c_nomenclature_current,1,1
Номенклатура — current,Труба гофрированная ПНД Д=20 УралПак,raw.r1c_nomenclature_current,1,1
Номенклатура — current,Труба гофрированная ПНД Д=25 УралПак,raw.r1c_nomenclature_current,1,1
Номенклатура — current,Труба гофрированная ПНД Д=63 ,raw.r1c_nomenclature_current,1,1
Номенклатура — current,Труба гофрированная двустенная пвх для подземной укладки кабеля d=40 мм цвет красный 50 м,raw.r1c_nomenclature_current,1,1
Номенклатура — current,Труба дренажная 110,raw.r1c_nomenclature_current,1,1
Номенклатура — current,"Труба из сплава аллюминия диаметром 6"",длина 5,8 м",raw.r1c_nomenclature_current,1,1
Номенклатура — current,"Труба из сплава аллюминия диаметром 8"",длина 5,8 м",raw.r1c_nomenclature_current,1,1
Номенклатура — current,Труба изоком 110 *2м,raw.r1c_nomenclature_current,1,1
Номенклатура — current,Труба изоком 110*2м,raw.r1c_nomenclature_current,1,1
Номенклатура — current,Труба изоком 28*2м,raw.r1c_nomenclature_current,1,1
Номенклатура — current,Труба изоком 54*2м,raw.r1c_nomenclature_current,1,1
Номенклатура — current,"Труба изоком 54*2м 008-1062,ЭФ-Тр54/9-2ну",raw.r1c_nomenclature_current,1,1
Номенклатура — current,Труба изоком 64*2м,raw.r1c_nomenclature_current,1,1
Номенклатура — current,"Труба изоляц.термоусадочная 6,4+4,8+3,2+2,4мм",raw.r1c_nomenclature_current,1,1
Номенклатура — current,Труба канал 50-2м ,raw.r1c_nomenclature_current,1,1
Номенклатура — current,"Труба канализационная 110х2,7х1м",raw.r1c_nomenclature_current,1,1
Номенклатура — current,"Труба канализационная 110х2,7х2м",raw.r1c_nomenclature_current,1,1
Номенклатура — current,"Труба канализационная 110х2,7х500см",raw.r1c_nomenclature_current,1,1
Номенклатура — current,Труба короткая ЭК-100.740,raw.r1c_nomenclature_current,1,1
Номенклатура — current,Труба короткая опорная ЭК-100.750,raw.r1c_nomenclature_current,1,1
Номенклатура — current,Труба легкая черная ПНД Д=20 гофрированная с протяжкой,raw.r1c_nomenclature_current,1,1
Номенклатура — current,"Труба оцинкованная 15*1,5/15*1,5",raw.r1c_nomenclature_current,1,1
Номенклатура — current,"Труба питьевая напорная RTP ПНД ПЭ 100, d 50x3,0 мм (50 метров) РТП 40366",raw.r1c_nomenclature_current,1,1
Номенклатура — current,Труба полипропилен  25 (2м),raw.r1c_nomenclature_current,1,1
Номенклатура — current,Труба приемная левая ПАЗ 32053-1203011-20 (бенз),raw.r1c_nomenclature_current,1,1
Номенклатура — current,Труба приемная правая ПАЗ 32053-1203010-10 (бенз),raw.r1c_nomenclature_current,1,1
Номенклатура — current,"Труба промежуточная ПАЗ 32053 (Е2, Е3)",raw.r1c_nomenclature_current,1,1
Номенклатура — current,Труба проф 100х100х4 мм,raw.r1c_nomenclature_current,1,1
Номенклатура — current,Труба проф 25х25х2.0,raw.r1c_nomenclature_current,1,1
Номенклатура — current,Труба проф 30х30х2,raw.r1c_nomenclature_current,1,1
Номенклатура — current,"Труба проф 40х20х2,0",raw.r1c_nomenclature_current,1,1
Номенклатура — current,"Труба проф 40х25х1,5мм",raw.r1c_nomenclature_current,1,1
Номенклатура — current,Труба проф 50х100х3 мм,raw.r1c_nomenclature_current,1,1
Номенклатура — current,Труба проф 50х25х1.5 мм,raw.r1c_nomenclature_current,1,1
Номенклатура — current,"Труба проф 60х30х1,5 мм",raw.r1c_nomenclature_current,1,1
Номенклатура — current,Труба проф 60х30х2,raw.r1c_nomenclature_current,1,1
Номенклатура — current,Труба проф 60х60х2,raw.r1c_nomenclature_current,1,1
Номенклатура — current,Труба профильная 100х100х4 мм,raw.r1c_nomenclature_current,1,1
Номенклатура — current,"Труба профильная 20*20*1,5мм",raw.r1c_nomenclature_current,1,1
Номенклатура — current,Труба профильная 20*20*2мм,raw.r1c_nomenclature_current,1,1
Номенклатура — current,Труба профильная 40*20*2мм,raw.r1c_nomenclature_current,1,1
Номенклатура — current,"Труба профильная 40*40*1,5мм",raw.r1c_nomenclature_current,1,1
Номенклатура — current,Труба профильная 40*40*2мм,raw.r1c_nomenclature_current,1,1
Номенклатура — current,"Труба профильная 40х20х2,0мм",raw.r1c_nomenclature_current,1,1
Номенклатура — current,Труба сантехническая диаметр 250  ,raw.r1c_nomenclature_current,1,1
Номенклатура — current,Труба сантехническая диаметр 50  ,raw.r1c_nomenclature_current,1,1
Номенклатура — current,Труба термоусадочная с клеем,raw.r1c_nomenclature_current,1,1
Номенклатура — current,"Труба термоусадочная с клеем ТТК-3,1 30/10",raw.r1c_nomenclature_current,1,1
Номенклатура — current,Труба термоусаживаемая d3,raw.r1c_nomenclature_current,1,1
Номенклатура — current,Труба топливная 3302,raw.r1c_nomenclature_current,1,1
Номенклатура — current,Труба топливная ГАЗ3309 низкого давления,raw.r1c_nomenclature_current,1,1
Номенклатура — current,Труба топливная КАМАЗ низкого давления 3 шт,raw.r1c_nomenclature_current,1,1
Номенклатура — current,Труба тормозная 3302 оттройника к шлангу,raw.r1c_nomenclature_current,1,1
Номенклатура — current,"Труба шарнира 700А 28.00.020 (К-700,К-744)",raw.r1c_nomenclature_current,1,1
Номенклатура — current,"Труба шарнира 700А.28.00.020 (К-700, К-744)",raw.r1c_nomenclature_current,1,1
Номенклатура — current,Труба шкворня (фланец),raw.r1c_nomenclature_current,1,1
Номенклатура — current,Труба шумопоглащающая длина 1м,raw.r1c_nomenclature_current,1,1
Номенклатура — current,Труба элекросварная 108,raw.r1c_nomenclature_current,1,1
Номенклатура — current,Трубка  ПВХ ф12 мм черная,raw.r1c_nomenclature_current,1,1
Номенклатура — current,Трубка ВД Д-240 (к-т 4шт) ,raw.r1c_nomenclature_current,1,1
Номенклатура — current,Трубка Д-260 передняя водосборная 260-1303031,raw.r1c_nomenclature_current,1,1
Номенклатура — current,Трубка ПАЗ-3205 подвода масла к компр.,raw.r1c_nomenclature_current,1,1
Номенклатура — current,Трубка ПВХ ф 10 мм черная,raw.r1c_nomenclature_current,1,1
Номенклатура — current,Трубка ПВХ ф 6 мм черная,raw.r1c_nomenclature_current,1,1
Номенклатура — current,Трубка ПВХ ф 8 мм черная,raw.r1c_nomenclature_current,1,1
Номенклатура — current,Трубка ПНД гофр с зондом ф25мм ,raw.r1c_nomenclature_current,1,1
Номенклатура — current,Трубка клеевая термоусаживаемая ТТЭк 12/4 черная (1 м),raw.r1c_nomenclature_current,1,1
Номенклатура — current,Трубка клеевая термоусаживаемая ТТЭк 8/4 черная 1 м,raw.r1c_nomenclature_current,1,1
Номенклатура — current,Трубка обратки (Евро-4),raw.r1c_nomenclature_current,1,1
Номенклатура — current,Трубка полиуретановая голубая рабочее давление 12бар,raw.r1c_nomenclature_current,1,1
Номенклатура — current,"Трубка силиконовая прозрачная 8х1,5 50м",raw.r1c_nomenclature_current,1,1
Номенклатура — current,Трубка термоус клеевая набор,raw.r1c_nomenclature_current,1,1
Номенклатура — current,Трубка термоусадочная ,raw.r1c_nomenclature_current,1,1
Номенклатура — current,"Трубка термоусадочная 10,0/5,0 мм черная,ролик 2,44м",raw.r1c_nomenclature_current,1,1
Номенклатура — current,"Трубка термоусадочная d=2.3.4.5.6.10 мм длина 100мм,120шт в набор JTC-2034",raw.r1c_nomenclature_current,1,1
Номенклатура — current,Трубка термоусадочная с клеем,raw.r1c_nomenclature_current,1,1
Номенклатура — current,Трубка топл. бака со штуцером 330мм 240-1104160,raw.r1c_nomenclature_current,1,1
Номенклатура — current,Трубка топл. бака со штуцером 460мм 240-1104160-02,raw.r1c_nomenclature_current,1,1
Номенклатура — current,Трубка топливная (обратка) Ford Transit,raw.r1c_nomenclature_current,1,1
Номенклатура — current,Трубка топливная ТНВД,raw.r1c_nomenclature_current,1,1
Номенклатура — current,Трубка топливная низкого давления,raw.r1c_nomenclature_current,1,1
Номенклатура — current,Трубка тормозная ,raw.r1c_nomenclature_current,1,1
Номенклатура — current,"Трубный рычажный ключ №1, Inforce тип L 06-05-111",raw.r1c_nomenclature_current,1,1
Номенклатура — current,"Трубный рычажный ключ №2, Inforce тип L 06-05-112",raw.r1c_nomenclature_current,1,1
Номенклатура — current,Трубонасадка 045,raw.r1c_nomenclature_current,1,1
Номенклатура — current,"Трубонасадка 045,280 bar вход 1/4 внут",raw.r1c_nomenclature_current,1,1
Номенклатура — current,Трубопровод 2522-1602595-б1,raw.r1c_nomenclature_current,1,1
Номенклатура — current,Тряпка для пола,raw.r1c_nomenclature_current,1,1
Номенклатура — current,Туалет садовый,raw.r1c_nomenclature_current,1,1
Номенклатура — current,"Туалетная кабина ""ЭКОНОМ""",raw.r1c_nomenclature_current,1,1
Номенклатура — current,"Туалетная кабина Стандарт ""Экомарка-МД цвет синий",raw.r1c_nomenclature_current,1,1
Номенклатура — current,Туалетный набор,raw.r1c_nomenclature_current,1,1
Номенклатура — current,Туарег Инсектицид,raw.r1c_nomenclature_current,1,1
Номенклатура — current,Тумба,raw.r1c_nomenclature_current,1,1
Номенклатура — current,Тумба под оргтехнику,raw.r1c_nomenclature_current,1,1
Номенклатура — current,Тумба подкатная,raw.r1c_nomenclature_current,1,1
Номенклатура — current,Тумба с ницией 400*400/580,raw.r1c_nomenclature_current,1,1
Номенклатура — current,Тумблер ,raw.r1c_nomenclature_current,1,1
Номенклатура — current,Турбогематоген 25г ,raw.r1c_nomenclature_current,1,1
Номенклатура — current,Турион Инсектицид,raw.r1c_nomenclature_current,1,1
Номенклатура — current,Турникет электромеханический,raw.r1c_nomenclature_current,1,1
Номенклатура — current,Турникет_Кабель витая пара 8 жил,raw.r1c_nomenclature_current,1,1
Номенклатура — current,Турникет_Коммутатор сетевой 5-портовый,raw.r1c_nomenclature_current,1,1
Номенклатура — current,Турникет_Пульт управления проводной,raw.r1c_nomenclature_current,1,1
Номенклатура — current,Турникет_Считыватель биометрический (отпечаток пальца),raw.r1c_nomenclature_current,1,1
Номенклатура — current,Турникет_Шнур ШВВП,raw.r1c_nomenclature_current,1,1
Номенклатура — current,Турникет_источник питания,raw.r1c_nomenclature_current,1,1
Номенклатура — current,Турникет_расходные монтажные материалы КПП,raw.r1c_nomenclature_current,1,1
Номенклатура — current,Тусо.Коробка расп.для о/п 70*70*40мм,raw.r1c_nomenclature_current,1,1
Номенклатура — current,Тусо.Щиток о/п на 3 мод.с вертик.двер. 160*100*91мм IP65,raw.r1c_nomenclature_current,1,1
Номенклатура — current,Тэн нагревательный 400W k R2,raw.r1c_nomenclature_current,1,1
Номенклатура — current,Тэн нагревательный 900W ,raw.r1c_nomenclature_current,1,1
Номенклатура — current,Тюльпан свежесрезанный,raw.r1c_nomenclature_current,1,1
Номенклатура — current,Тяга  МТЗ навески левая (длинная) РЗТЗ 70-4605055,raw.r1c_nomenclature_current,1,1
Номенклатура — current,Тяга  МТЗ навески правая (длинная) РЗТЗ 70-4605050,raw.r1c_nomenclature_current,1,1
Номенклатура — current,Тяга 700А.46.28.400 правая в сборе,raw.r1c_nomenclature_current,1,1
Номенклатура — current,Тяга 700А.46.28.410 левая в сборе,raw.r1c_nomenclature_current,1,1
Номенклатура — current,Тяга 700А.46.28.440,raw.r1c_nomenclature_current,1,1
Номенклатура — current,Тяга КТ 40.03.07.000,raw.r1c_nomenclature_current,1,1
Номенклатура — current,Тяга МТЗ-1221 ус-ва навесная правая 1220-4605030,raw.r1c_nomenclature_current,1,1
Номенклатура — current,Тяга верхняя 1220-4605590,raw.r1c_nomenclature_current,1,1
Номенклатура — current,Тяга выдвижная 700А.46.28.440-1 сварная,raw.r1c_nomenclature_current,1,1
Номенклатура — current,Тяга длинная Т219 Т219-1,raw.r1c_nomenclature_current,1,1
Номенклатура — current,Тяга задней подвески ,raw.r1c_nomenclature_current,1,1
Номенклатура — current,Тяга навески МТЗ 1/2 5040/45,raw.r1c_nomenclature_current,1,1
Номенклатура — current,Тяга нижняя 28О 735-46 28.010,raw.r1c_nomenclature_current,1,1
Номенклатура — current,Тяга нижняя 28О 735-46 28.010-01,raw.r1c_nomenclature_current,1,1
Номенклатура — current,Тяга правая,raw.r1c_nomenclature_current,1,1
Номенклатура — current,Тяга продольная Газель 3302-3414010,raw.r1c_nomenclature_current,1,1
Номенклатура — current,Тяга рулевая,raw.r1c_nomenclature_current,1,1
Номенклатура — current,Тяга рулевая 1220-3003010,raw.r1c_nomenclature_current,1,1
Номенклатура — current,Тяга рулевая ACP0286710,raw.r1c_nomenclature_current,1,1
Номенклатура — current,Тяга рулевая Peugeout,raw.r1c_nomenclature_current,1,1
Номенклатура — current,Тяга рулевая ЗИЛ-130 поперечная,raw.r1c_nomenclature_current,1,1
Номенклатура — current,Тяга рулевая ЗИЛ-130 продольная,raw.r1c_nomenclature_current,1,1
Номенклатура — current,"Тяга рулевая МАЗ-5337,53371,53373,54328,5516,5551,4229 КРАЗ-6510 поперечная L=1500мм БААЗ 6422",raw.r1c_nomenclature_current,1,1
Номенклатура — current,"Тяга рулевая МАЗ-533702,543202,54323,5551,555102 продольная L=754мм БААЗ 5551",raw.r1c_nomenclature_current,1,1
Номенклатура — current,Тяга рулевая МТЗ-1221,raw.r1c_nomenclature_current,1,1
Номенклатура — current,Тяга рулевая ПАЗ-3205 поперечная с наконечн. СБ,raw.r1c_nomenclature_current,1,1
Номенклатура — current,Тяга рулевая ПАЗ-3205 продольная,raw.r1c_nomenclature_current,1,1
Номенклатура — current,Тяга рулевого механизма,raw.r1c_nomenclature_current,1,1
Номенклатура — current,Тяга стабилизатора CI-ES-7321,raw.r1c_nomenclature_current,1,1
Номенклатура — current,Тяга стабилизатора перед.задней подвески SASIC 2304033,raw.r1c_nomenclature_current,1,1
Номенклатура — current,"Тяга управления распредил. Р80,80-4607260",raw.r1c_nomenclature_current,1,1
Номенклатура — current,Тяга управления распредил. РП70 Р1221-4607260,raw.r1c_nomenclature_current,1,1
Номенклатура — current,Тяга центральная 700А.46.28.010-2,raw.r1c_nomenclature_current,1,1
Номенклатура — current,Тяжелое дискование,raw.r1c_nomenclature_current,1,1
Номенклатура — current,Тяжёлое дискование (почасовая оплата),raw.r1c_nomenclature_current,1,1
Номенклатура — current,Тяпка,raw.r1c_nomenclature_current,1,1
Номенклатура — current,УАЗ 3303,raw.r1c_nomenclature_current,1,1
Номенклатура — current,"УДЛИНИТЕЛЬ,8П.,ЭКР.,M12X1,3 m (В94.02364) m (В94.02364)",raw.r1c_nomenclature_current,1,1
Номенклатура — current,УЗО 2/25А 30мА,raw.r1c_nomenclature_current,1,1
Номенклатура — current,УПОРНАЯ ПРУЖИНА (076.01560,raw.r1c_nomenclature_current,1,1
Номенклатура — current,УСЛУГИ И РАБОТЫ,raw.r1c_nomenclature_current,1,1
Номенклатура — current,УСТАНОВОЧНАЯ ТЯГА (ИД: 101.22436),raw.r1c_nomenclature_current,1,1
Номенклатура — current,УШМ (болгарка) INGCO 125 900Вт,raw.r1c_nomenclature_current,1,1
Номенклатура — current,УШМ (болгарка) Metabo W 2200-230 606435010,raw.r1c_nomenclature_current,1,1
Номенклатура — current,УШМ (болгарка) Sturm AG9012TE,raw.r1c_nomenclature_current,1,1
Номенклатура — current,УШМ (болгарка) Ресанта 125/1400Э,raw.r1c_nomenclature_current,1,1
Номенклатура — current,УШМ (болгарка) аккумуляторная INGCO ,raw.r1c_nomenclature_current,1,1
Номенклатура — current,УШМ (болгарка) аккумуляторная Total solo,raw.r1c_nomenclature_current,1,1
Номенклатура — current,УШМ 9558 Макита 125мм 840Вт,raw.r1c_nomenclature_current,1,1
Номенклатура — current,"УШМ Makita,GA9040SFK",raw.r1c_nomenclature_current,1,1
Номенклатура — current,Уайт-спирит,raw.r1c_nomenclature_current,1,1
Номенклатура — current,"Уайт-спирит, ПЭТ 1л.",raw.r1c_nomenclature_current,1,1
Номенклатура — current,Уборка картофеля,raw.r1c_nomenclature_current,1,1
Номенклатура — current,Уборка картофеля_ручная,raw.r1c_nomenclature_current,1,1
Номенклатура — current,Уборка свеклы,raw.r1c_nomenclature_current,1,1
Номенклатура — current,Уборка чеснока_механизированная,raw.r1c_nomenclature_current,1,1
Номенклатура — current,Уборка чеснока_ручная,raw.r1c_nomenclature_current,1,1
Номенклатура — current,Угловая шлифмашина ELITECH МШУ 0912,raw.r1c_nomenclature_current,1,1
Номенклатура — current,Угловая шлифмашина Makita 9562 CVH,raw.r1c_nomenclature_current,1,1
Номенклатура — current,Угловая шлифмашинка AEG WS13-125SXE 4935451309,raw.r1c_nomenclature_current,1,1
Номенклатура — current,"Угловой сенсор 45 ° 0,5-4,5V",raw.r1c_nomenclature_current,1,1
Номенклатура — current,Углошлифовальная машина DKAG1250.125 мм,raw.r1c_nomenclature_current,1,1
Номенклатура — current,"Углошлифовальная машина FinePower AG120S-125;2,1 кг",raw.r1c_nomenclature_current,1,1
Номенклатура — current,"Угол 3/4 32""",raw.r1c_nomenclature_current,1,1
Номенклатура — current,Угол 45 градусов на 6*трубу,raw.r1c_nomenclature_current,1,1
Номенклатура — current,Угол 45 градусов на 8*трубу,raw.r1c_nomenclature_current,1,1
Номенклатура — current,Угол 90 градусов на 6*трубу,raw.r1c_nomenclature_current,1,1
Номенклатура — current,Угол 90 градусов на 8*трубу,raw.r1c_nomenclature_current,1,1
Номенклатура — current,Угол L157074,raw.r1c_nomenclature_current,1,1
Номенклатура — current,Угол PPRC 20 90/45,raw.r1c_nomenclature_current,1,1
Номенклатура — current,Угол PPRC 25 на 90*,raw.r1c_nomenclature_current,1,1
Номенклатура — current,Угол ПНД 40х40,raw.r1c_nomenclature_current,1,1
Номенклатура — current,Угол р/пол о/т 40х4,raw.r1c_nomenclature_current,1,1
Номенклатура — current,Угол р/пол о/т 50х5,raw.r1c_nomenclature_current,1,1
Номенклатура — current,Угол чугун д.40,raw.r1c_nomenclature_current,1,1
Номенклатура — current,Уголок 40х90 ППР,raw.r1c_nomenclature_current,1,1
Номенклатура — current,Уголок ПНД ф32,raw.r1c_nomenclature_current,1,1
Номенклатура — current,Уголок крепежный,raw.r1c_nomenclature_current,1,1
Номенклатура — current,Уголок крепежный 40х40х60мм,raw.r1c_nomenclature_current,1,1
Номенклатура — current,Уголок крепежный 50х50,raw.r1c_nomenclature_current,1,1
Номенклатура — current,Уголок металлический 100х100х7мм,raw.r1c_nomenclature_current,1,1
Номенклатура — current,Уголок металлический 30х30,raw.r1c_nomenclature_current,1,1
Номенклатура — current,Уголок ппр белый 32 на 90*,raw.r1c_nomenclature_current,1,1
Номенклатура — current,Уголок р/пол о/т 50х5,raw.r1c_nomenclature_current,1,1
Номенклатура — current,Уголок р/пол с/т 100х7,raw.r1c_nomenclature_current,1,1
Номенклатура — current,Уголок р/пол с/т 125х8,raw.r1c_nomenclature_current,1,1
Номенклатура — current,Уголок р/пол с/т 25х4,raw.r1c_nomenclature_current,1,1
Номенклатура — current,Уголок р/пол с/т 45х4,raw.r1c_nomenclature_current,1,1
Номенклатура — current,Уголок р/пол с/т 50х4,raw.r1c_nomenclature_current,1,1
Номенклатура — current,Уголок р\пол о\т 32х32,raw.r1c_nomenclature_current,1,1
Номенклатура — current,Уголь марки ДО,raw.r1c_nomenclature_current,1,1
Номенклатура — current,Уголь марки ДПК,raw.r1c_nomenclature_current,1,1
Номенклатура — current,"Угольник 19, 22, 24 с гайкой",raw.r1c_nomenclature_current,1,1
Номенклатура — current,"Угольник 22(м1,8*1,5)",raw.r1c_nomenclature_current,1,1
Номенклатура — current,"Угольник 27 (М22*1,5)",raw.r1c_nomenclature_current,1,1
Номенклатура — current,"Угольник 32 (М27*1,5)",raw.r1c_nomenclature_current,1,1
Номенклатура — current,Угольник PPR 32 90 градусов,raw.r1c_nomenclature_current,1,1
Номенклатура — current,Угольник PPR 40 90 градусов,raw.r1c_nomenclature_current,1,1
Номенклатура — current,Угольник ник. 15*15Н ,raw.r1c_nomenclature_current,1,1
Номенклатура — current,Угольник ник.15 с креплением,raw.r1c_nomenclature_current,1,1
Номенклатура — current,Угольник ник.63град  с креплением,raw.r1c_nomenclature_current,1,1
Номенклатура — current,Угольник ник.Д-15,raw.r1c_nomenclature_current,1,1
Номенклатура — current,Угольник никель 1/2,raw.r1c_nomenclature_current,1,1
Номенклатура — current,Угольник пл. 32*90гр (20),raw.r1c_nomenclature_current,1,1
Номенклатура — current,Угольник пл. 50*45гр (8),raw.r1c_nomenclature_current,1,1
Номенклатура — current,Угольник пл. 50*90гр (5),raw.r1c_nomenclature_current,1,1
Номенклатура — current,Угольник пл.32*90гр (20),raw.r1c_nomenclature_current,1,1
Номенклатура — current,Угольник пл.40*45гр 027-5144 (10),raw.r1c_nomenclature_current,1,1
Номенклатура — current,Угольник пл.40*90гр (10),raw.r1c_nomenclature_current,1,1
Номенклатура — current,Угольник пластиковый 25*1/2 НР ,raw.r1c_nomenclature_current,1,1
Номенклатура — current,Угольник пластиковый 25*90 ,raw.r1c_nomenclature_current,1,1
Номенклатура — current,Угольник пластиковый 32*90 гр(20),raw.r1c_nomenclature_current,1,1
Номенклатура — current,Угольник пластиковый 40*90 гр,raw.r1c_nomenclature_current,1,1
Номенклатура — current,Угольник пластиковый Д-20*90гр,raw.r1c_nomenclature_current,1,1
Номенклатура — current,Угольник с уровнем 150 мм Inforce 06-11-77,raw.r1c_nomenclature_current,1,1
Номенклатура — current,Угольник столярный,raw.r1c_nomenclature_current,1,1
Номенклатура — current,Удаление ботвы,raw.r1c_nomenclature_current,1,1
Номенклатура — current,Удаление ботвы/травы ,raw.r1c_nomenclature_current,1,1
Номенклатура — current,Удаление стрелок,raw.r1c_nomenclature_current,1,1
Номенклатура — current,Ударопоглащающий материал,raw.r1c_nomenclature_current,1,1
Номенклатура — current,Удерживающая привязь безлямочная УС-1В,raw.r1c_nomenclature_current,1,1
Номенклатура — current,Удлинитель 10 м с/з,raw.r1c_nomenclature_current,1,1
Номенклатура — current,"Удлинитель 1000мм для ершей, стеклопластик, посадка 2 х М12 резьба",raw.r1c_nomenclature_current,1,1
Номенклатура — current,Удлинитель 20м,raw.r1c_nomenclature_current,1,1
Номенклатура — current,Удлинитель 3 м с/з,raw.r1c_nomenclature_current,1,1
Номенклатура — current,"Удлинитель 3 розетки с заземлением 3м, 10А,2200 Вт,белый",raw.r1c_nomenclature_current,1,1
Номенклатура — current,Удлинитель 3гн 2м с/з черный LUX,raw.r1c_nomenclature_current,1,1
Номенклатура — current,Удлинитель 3гн+USB 5м с/з LUX белый,raw.r1c_nomenclature_current,1,1
Номенклатура — current,Удлинитель 3гп 5м с/з,raw.r1c_nomenclature_current,1,1
Номенклатура — current,Удлинитель 4 гн 3м,raw.r1c_nomenclature_current,1,1
Номенклатура — current,Удлинитель 4*5м с/з,raw.r1c_nomenclature_current,1,1
Номенклатура — current,"Удлинитель КГ 3х2,5кв.мм 30м 16А 4 гнезда IP44",raw.r1c_nomenclature_current,1,1
Номенклатура — current,Удлинитель УШ-10 IP-54 рамка ПВС 2x1 30м UNIVersal 9632793,raw.r1c_nomenclature_current,1,1
Номенклатура — current,Удлинитель беспроводного сигнала,raw.r1c_nomenclature_current,1,1
Номенклатура — current,Удлинитель вентиля резиновый,raw.r1c_nomenclature_current,1,1
Номенклатура — current,Удлинитель на катушке 4*30 м ,raw.r1c_nomenclature_current,1,1
Номенклатура — current,"Удлинитель на катушке 4*50 м 16А IP20 УК50 2Р+РЕ3*1,5 термозащита GENERICA",raw.r1c_nomenclature_current,1,1
Номенклатура — current,Удлинитель на катушке 50м 4гн. ПВС 2x0.75 ,raw.r1c_nomenclature_current,1,1
Номенклатура — current,"Удлинитель на каучуковой рамке с/зКГ 3x2,5 4000Вт 3 розетки 20м Gigant Professional  ",raw.r1c_nomenclature_current,1,1
Номенклатура — current,Удлинитель на раме 21.5 20м,raw.r1c_nomenclature_current,1,1
Номенклатура — current,"Удлинитель на рамке с/з ПВС 3х1,5 16А 20м IP44",raw.r1c_nomenclature_current,1,1
Номенклатура — current,"Удлинитель силовой ПВС 3х2, 5 20м Атом",raw.r1c_nomenclature_current,1,1
Номенклатура — current,Удлинитель силовой б/катушки 2x0.75 50м,raw.r1c_nomenclature_current,1,1
Номенклатура — current,"Удлинитель силовой на катушке 4гн ПВС3х1,5IP44",raw.r1c_nomenclature_current,1,1
Номенклатура — current,"Удлинитель силовой на катушке Inforce К1-О-50 ПВС 2x0.75 50м, 6А, выносная розетка б/з 22050",raw.r1c_nomenclature_current,1,1
Номенклатура — current,"Удлинитель силовой на металл.кат. К4-Е-30 КГ 3x2.5 30м 16А 4 роз. с з/к, защитой и крышк. IP44",raw.r1c_nomenclature_current,1,1
Номенклатура — current,Удлиняющая горловина 200мм для Евролос ПРО,raw.r1c_nomenclature_current,1,1
Номенклатура — current,Удобрение Стерня-12,raw.r1c_nomenclature_current,1,1
Номенклатура — current,Удобрение азотно-фосфорно-калийное NPK 8.20.30,raw.r1c_nomenclature_current,1,1
Номенклатура — current,Удобрение азотное серосодержащее марки NS 26.13,raw.r1c_nomenclature_current,1,1
Номенклатура — current,Удобрение для цвет. и плодон.Rastea eco-hydro Flores А+В,raw.r1c_nomenclature_current,1,1
Номенклатура — current,Удобрение для цвет. и плодон.Rastea eco-hydro Vega А+В ,raw.r1c_nomenclature_current,1,1
Номенклатура — current,Удобрение для цвет. и плодон.Rastea eco-hydro pk classic,raw.r1c_nomenclature_current,1,1
Номенклатура — current,"Удобрение минеральное гранулированное ""КалийМаг"" K2O 45% Mg 5%",raw.r1c_nomenclature_current,1,1
Номенклатура — current,"Удобрение минеральное гранулированное ""Калиймаг"" K2O 45% Mg 8%",raw.r1c_nomenclature_current,1,1
Номенклатура — current,Удобрение органическое на основе куриного пр-ва гранулированный ,raw.r1c_nomenclature_current,1,1
Номенклатура — current,Удобрение сложное NPK (S) 5.15.30(5),raw.r1c_nomenclature_current,1,1
Номенклатура — current,Удобрения,raw.r1c_nomenclature_current,1,1
Номенклатура — current,Узел крепления УК-ОК-01,raw.r1c_nomenclature_current,1,1
Номенклатура — current,Узел механизма гибкого вала ,raw.r1c_nomenclature_current,1,1
Номенклатура — current,Узел подшипника БДЮ 01.010А в сборе нового обр. БДТ-3,raw.r1c_nomenclature_current,1,1
Номенклатура — current,"Указатель давления КАМАЗ 430,ГАЗ-3306,3309,4301 (АНАЛОГ 061120) АВТОПРИБОР",raw.r1c_nomenclature_current,1,1
Номенклатура — current,Указатель напряжения Контакт 55СЗ,raw.r1c_nomenclature_current,1,1
Номенклатура — current,Улавливатель верх-низ,raw.r1c_nomenclature_current,1,1
Номенклатура — current,Улей 10 рамочный 1 корпус+2 магазина Дадан,raw.r1c_nomenclature_current,1,1
Номенклатура — current,"Уличный светильник светодиодный 70Вт, 5700К Холодный белый свет, IP65, 7000лм, серый , STL-70W",raw.r1c_nomenclature_current,1,1
Номенклатура — current,Ультрабук MSI Modern 15 A10M-645XRU,raw.r1c_nomenclature_current,1,1
Номенклатура — current,"Ультразвуковой генератор тумана ""Фитотуман Башинком""10",raw.r1c_nomenclature_current,1,1
Номенклатура — current,Ультротонкий уничтожитель летающих насекомых ЭКОСНАЙПЕР,raw.r1c_nomenclature_current,1,1
Номенклатура — current,Умывальник,raw.r1c_nomenclature_current,1,1
Номенклатура — current,"Умывальник ""Анимо 55""",raw.r1c_nomenclature_current,1,1
Номенклатура — current,Умывальник с пьедисталом,raw.r1c_nomenclature_current,1,1
Номенклатура — current,Универсальная коробка для кабельного канала 80*80*25,raw.r1c_nomenclature_current,1,1
Номенклатура — current,Универсальное чистящее средство CILLIT BANG Мегаблеск+защита с кур-м ,raw.r1c_nomenclature_current,1,1
Номенклатура — current,Универсальное чистящее средство ПЕМОЛЮКС 480гр,raw.r1c_nomenclature_current,1,1
Номенклатура — current,"Универсальный набор инструмента с 12-гр. головками, 94 предмета Ombra OMT94S12 ",raw.r1c_nomenclature_current,1,1
Номенклатура — current,Универсальный набор инструмента торцевые головки и аксессуары Ombra OMT82S 82 предмета,raw.r1c_nomenclature_current,1,1
Номенклатура — current,Универсальный преобразователь напряжения (158) Бастион УПН-1,raw.r1c_nomenclature_current,1,1
Номенклатура — current,Унитаз компакт,raw.r1c_nomenclature_current,1,1
Номенклатура — current,"Унитаз-компакт ""Вита""",raw.r1c_nomenclature_current,1,1
Номенклатура — current,Уничтожитель насекомых ЭкоПрибор УЛН 3х20w (с осколобезопасным и лампами) дезинфекция,raw.r1c_nomenclature_current,1,1
Номенклатура — current,Упаковка,raw.r1c_nomenclature_current,1,1
Номенклатура — current,Упаковка ПН (Поддон 1210),raw.r1c_nomenclature_current,1,1
Номенклатура — current,Упаковка и расходные материалы,raw.r1c_nomenclature_current,1,1
Номенклатура — current,Упаковка и фасовка товара,raw.r1c_nomenclature_current,1,1
Номенклатура — current,Упаковочная машина мод BSS-134 серийный номер 1054128 и выгружной транспортер GNR-121Т65 серийный но,raw.r1c_nomenclature_current,1,1
Номенклатура — current,Уплотнение цапфы 112.31.029,raw.r1c_nomenclature_current,1,1
Номенклатура — current,Уплотнитель МТЗ-1221 рулевого пальца КЗРиЛИ,raw.r1c_nomenclature_current,1,1
Номенклатура — current,Уплотнитель главного вала Фишбейн100,raw.r1c_nomenclature_current,1,1
Номенклатура — current,Уплотнитель рычагов Фишбейн100,raw.r1c_nomenclature_current,1,1
Номенклатура — current,Уплотнитель стекла бокового МТЗ F202.2 786503,raw.r1c_nomenclature_current,1,1
Номенклатура — current,Уплотнитель шарнира Ф80-3405109,raw.r1c_nomenclature_current,1,1
Номенклатура — current,Уплотнительное кольцо,raw.r1c_nomenclature_current,1,1
Номенклатура — current,Уплотнительное устройство механизма подачи,raw.r1c_nomenclature_current,1,1
Номенклатура — current,Упор 700А.46.28.243,raw.r1c_nomenclature_current,1,1
Номенклатура — current,Упор вогнутый БДТ 336,raw.r1c_nomenclature_current,1,1
Номенклатура — current,Упор выпуклый БДТ 335,raw.r1c_nomenclature_current,1,1
Номенклатура — current,Упор левый К-700,raw.r1c_nomenclature_current,1,1
Номенклатура — current,Упор правый К-700,raw.r1c_nomenclature_current,1,1
Номенклатура — current,Упорная пружина VULK (076.01893),raw.r1c_nomenclature_current,1,1
Номенклатура — current,Управление гидравлический упл.гребнеупл.ручной,raw.r1c_nomenclature_current,1,1
Номенклатура — current,Урна металлическая,raw.r1c_nomenclature_current,1,1
Номенклатура — current,Урна №1,raw.r1c_nomenclature_current,1,1
Номенклатура — current,Урна №4,raw.r1c_nomenclature_current,1,1
Номенклатура — current,Уровень 1200мм,raw.r1c_nomenclature_current,1,1
Номенклатура — current,Уровень 1500мм,raw.r1c_nomenclature_current,1,1
Номенклатура — current,Уровень 1метр,raw.r1c_nomenclature_current,1,1
Номенклатура — current,Уровень 40см,raw.r1c_nomenclature_current,1,1
Номенклатура — current,Уровень 60см,raw.r1c_nomenclature_current,1,1
Номенклатура — current,"Урожай 2025 ГалаРС1 Белый без полива, поле 203, уч.3",raw.r1c_nomenclature_current,1,1
Номенклатура — current,"Урожай 2025 ГалаРС3 Белый с поливом, поле 201, уч.10",raw.r1c_nomenclature_current,1,1
Номенклатура — current,"Урожай 2025 ГалаРС3 Белый с поливом, поле 318, уч.4",raw.r1c_nomenclature_current,1,1
Номенклатура — current,"Урожай 2025 ГалаРС3 Белый с поливом, поле 751, уч.9",raw.r1c_nomenclature_current,1,1
Номенклатура — current,"Урожай 2025 ГалаРС3 Белый с поливом., поле 318, уч.6",raw.r1c_nomenclature_current,1,1
Номенклатура — current,"Урожай 2025 ГалаРС3 Белый с поливом_поле 318, уч.5",raw.r1c_nomenclature_current,1,1
Номенклатура — current,"Урожай 2025 КарменРС1 Красный без полива, поле 203, уч.1",raw.r1c_nomenclature_current,1,1
Номенклатура — current,"Урожай 2025 КарменРС1 Красный без полива, поле 203, уч.2",raw.r1c_nomenclature_current,1,1
Номенклатура — current,"Урожай 2025 КарменРС1 Красный с поливом, поле 751, уч.7",raw.r1c_nomenclature_current,1,1
Номенклатура — current,"Урожай 2025 КарменРС2 Красный с поливом, поле 751, уч.8",raw.r1c_nomenclature_current,1,1
Номенклатура — current,"Урожай 2025 ФламингоРС3 Красный с поливом, поле 201, уч.11",raw.r1c_nomenclature_current,1,1
Номенклатура — current,Урожай 2026,raw.r1c_nomenclature_current,1,1
Номенклатура — current,"Урожай 2026 АлуэтРС2 Красный полив, поле 318, уч.8",raw.r1c_nomenclature_current,1,1
Номенклатура — current,"Урожай 2026 ГалаРС1 Белый без полива, поле 992, уч.4",raw.r1c_nomenclature_current,1,1
Номенклатура — current,"Урожай 2026 ГалаРС2 Белый полив, поле 201, уч.10",raw.r1c_nomenclature_current,1,1
Номенклатура — current,"Урожай 2026 ГалаРС2 Белый полив, поле 318, уч.9",raw.r1c_nomenclature_current,1,1
Номенклатура — current,"Урожай 2026 ГалаРС2 Белый полив, поле 751, уч.11",raw.r1c_nomenclature_current,1,1
Номенклатура — current,"Урожай 2026 ГалаРС4 Белый полив, поле 318, уч.2",raw.r1c_nomenclature_current,1,1
Номенклатура — current,"Урожай 2026 ГалаРС4 Белый полив, поле 318, уч.3",raw.r1c_nomenclature_current,1,1
Номенклатура — current,"Урожай 2026 КарменРС2 Красный полив, поле 318, уч.1",raw.r1c_nomenclature_current,1,1
Номенклатура — current,"Урожай 2026 МемфисРС1 Красный без полива, поле 992, уч.5",raw.r1c_nomenclature_current,1,1
Номенклатура — current,"Урожай 2026 РедЛедиРС1 Красный без полива, поле 992, уч.6",raw.r1c_nomenclature_current,1,1
Номенклатура — current,"Урожай 2026 РедЛедиРС1 Красный полив, поле 318, уч.7",raw.r1c_nomenclature_current,1,1
Номенклатура — current,Усиление (015.75364),raw.r1c_nomenclature_current,1,1
Номенклатура — current,Усилитель беспроводного сигнала,raw.r1c_nomenclature_current,1,1
Номенклатура — current,Услуги по ведению кадрового делопроизводства,raw.r1c_nomenclature_current,1,1
Номенклатура — current,Услуги по очистке овощей наемным персоналом,raw.r1c_nomenclature_current,1,1
Номенклатура — current,Услуги по переоценке основных средств,raw.r1c_nomenclature_current,1,1
Номенклатура — current,Услуги по питанию работников,raw.r1c_nomenclature_current,1,1
Номенклатура — current,Услуги по пусконаладке,raw.r1c_nomenclature_current,1,1
Номенклатура — current,"Услуги по ремонту, ТО и обслуживанию оборудования, техники, помещений",raw.r1c_nomenclature_current,1,1
Номенклатура — current,Услуги по электронному документообороту,raw.r1c_nomenclature_current,1,1
Номенклатура — current,Услуги такси,raw.r1c_nomenclature_current,1,1
Номенклатура — current,Услуги эвакуатора,raw.r1c_nomenclature_current,1,1
Номенклатура — current,Установ винт М6*8 914,raw.r1c_nomenclature_current,1,1
Номенклатура — current,Установка IP-видеокамеры,raw.r1c_nomenclature_current,1,1
Номенклатура — current,Установка квик-каплера механического 3507-00-85.80.000 ,raw.r1c_nomenclature_current,1,1
Номенклатура — current,Установка полива,raw.r1c_nomenclature_current,1,1
Номенклатура — current,Установка тахографа СКЗИ (вкл. активацию и калибровку),raw.r1c_nomenclature_current,1,1
Номенклатура — current,Установочное кольцо,raw.r1c_nomenclature_current,1,1
Номенклатура — current,Устройство авт. регулирования ACS150-03E-03A3-41.1 кВт АВВ 68581761,raw.r1c_nomenclature_current,1,1
Номенклатура — current,Устройство площадки из дорожных плит,raw.r1c_nomenclature_current,1,1
Номенклатура — current,"Утеплитель ""Техноплекс"" ",raw.r1c_nomenclature_current,1,1
Номенклатура — current,"Утеплитель ""Техноплекс"" 1180х580х20",raw.r1c_nomenclature_current,1,1
Номенклатура — current,"Утеплитель ""Техноплекс"" 1180х580х30",raw.r1c_nomenclature_current,1,1
Номенклатура — current,"Утеплитель ""Техноплекс"" 1180х580х40 ",raw.r1c_nomenclature_current,1,1
Номенклатура — current,"Утеплитель ""Техноплекс"" 1180х580х50",raw.r1c_nomenclature_current,1,1
Номенклатура — current,Утеплитель 110*579,raw.r1c_nomenclature_current,1,1
Номенклатура — current,Утеплитель 54*580,raw.r1c_nomenclature_current,1,1
Номенклатура — current,Утеплитель Рож.Лайт,raw.r1c_nomenclature_current,1,1
Номенклатура — current,Утеплительный мат с пароизоляцией (подушка) р. 50х50,raw.r1c_nomenclature_current,1,1
Номенклатура — current,Утюг SCARLET SC S130S06.2000вт белый/лиловый,raw.r1c_nomenclature_current,1,1
Номенклатура — current,Ухо КПП,raw.r1c_nomenclature_current,1,1
Номенклатура — current,Ушко 30х75,raw.r1c_nomenclature_current,1,1
Номенклатура — current,Ушко 40х80,raw.r1c_nomenclature_current,1,1
Номенклатура — current,Ушко ДТ-75  77.32.109-1,raw.r1c_nomenclature_current,1,1
Номенклатура — current,Ушко прямое,raw.r1c_nomenclature_current,1,1
Номенклатура — current,Ушко ресоры ЗИЛ-130 передней в сборе 130-2902125,raw.r1c_nomenclature_current,1,1
Номенклатура — current,ФАС Инсектицид,raw.r1c_nomenclature_current,1,1
Номенклатура — current,ФОРС 15Г/КГ ,raw.r1c_nomenclature_current,1,1
Номенклатура — current,Фаворит Инсектицид,raw.r1c_nomenclature_current,1,1
Номенклатура — current,Фаворит Трио Инсектицид,raw.r1c_nomenclature_current,1,1
Номенклатура — current,Фагот Инсектицид,raw.r1c_nomenclature_current,1,1
Номенклатура — current,Файл-вкладыш 30мм 10шт/упак,raw.r1c_nomenclature_current,1,1
Номенклатура — current,"Файл-вкладыш А4, 100шт",raw.r1c_nomenclature_current,1,1
Номенклатура — current,"Файл-вкладыш А5 прозрачный 30мм, 50шт",raw.r1c_nomenclature_current,1,1
Номенклатура — current,Фалькон Инсектицид,raw.r1c_nomenclature_current,1,1
Номенклатура — current,Фанера  ФК толщина 9мм НШ 1525х1525,raw.r1c_nomenclature_current,1,1
Номенклатура — current,"Фанера  толщина 8мм  1,525х1,525 4/4",raw.r1c_nomenclature_current,1,1
Номенклатура — current,"Фанера 10 мм 4/4 1,52х1,52м",raw.r1c_nomenclature_current,1,1
Номенклатура — current,"Фанера 13 мм 1,525х0,3",raw.r1c_nomenclature_current,1,1
Номенклатура — current,"Фанера 18 мм 4/4 1,52х1,52м",raw.r1c_nomenclature_current,1,1
Номенклатура — current,"Фанера 21 мм 4/4 1,52х1,52м",raw.r1c_nomenclature_current,1,1
Номенклатура — current,"Фанера 9мм OSB 2,5х1,25м",raw.r1c_nomenclature_current,1,1
Номенклатура — current,Фара  противотуманная 16 диодов OFF-Road 46W12/24В,raw.r1c_nomenclature_current,1,1
Номенклатура — current,Фара  противотуманная 16 диодов kswsg016fcn квадр 12/24В,raw.r1c_nomenclature_current,1,1
Номенклатура — current,Фара  противотуманная 9 диодов OFF-Road 27W kswsg009sbg,raw.r1c_nomenclature_current,1,1
Номенклатура — current,Фара Fiat L+R,raw.r1c_nomenclature_current,1,1
Номенклатура — current,Фара МТЗ ПЕРЕДНЯЯ 12 V,raw.r1c_nomenclature_current,1,1
Номенклатура — current,Фара МТЗ ПЕРЕДНЯЯ квадратная (без лампы) РУДЕНОК,raw.r1c_nomenclature_current,1,1
Номенклатура — current,Фара МТЗ передняя квадратная (без лампы) ,raw.r1c_nomenclature_current,1,1
Номенклатура — current,Фара МТЗ противотуманная пластик,raw.r1c_nomenclature_current,1,1
Номенклатура — current,Фара МТЗ противотуманная пластик 12V БЕЛВАР 8724.3106,raw.r1c_nomenclature_current,1,1
Номенклатура — current,"Фара МТЗ,ЮМЗ,ДТ задняя",raw.r1c_nomenclature_current,1,1
Номенклатура — current,"Фара МТЗ,ЮМЗ,ДТ передняя (пластик) РК ФГ305П",raw.r1c_nomenclature_current,1,1
Номенклатура — current,"Фара ПАЗ, ЛИАЗ ближний свет ALS-1077.112.15",raw.r1c_nomenclature_current,1,1
Номенклатура — current,"Фара УАЗ,ПАЗ 12v освар",raw.r1c_nomenclature_current,1,1
Номенклатура — current,Фара ФГ-305,raw.r1c_nomenclature_current,1,1
Номенклатура — current,Фара квадратная МТЗ 08.7101.000 ФГ-308,raw.r1c_nomenclature_current,1,1
Номенклатура — current,Фара левая+правая UMG комплект,raw.r1c_nomenclature_current,1,1
Номенклатура — current,Фара передняя круглая МТЗ 12V (пластик) ,raw.r1c_nomenclature_current,1,1
Номенклатура — current,Фара рабочего света 115*142*55 мм 42W(рассеянный свет) круглая AVTOELECTRICA AE42R-14LED-55PC,raw.r1c_nomenclature_current,1,1
Номенклатура — current,Фара рабочего света МТЗ круглая 12V БЕЛВАР 8724.31.06,raw.r1c_nomenclature_current,1,1
Номенклатура — current,Фара светодиодная OFF-Road (24W) серия Basic FL-1135 AVS,raw.r1c_nomenclature_current,1,1
Номенклатура — current,Фара тракторная квадратная,raw.r1c_nomenclature_current,1,1
Номенклатура — current,Фараон Инсектицид,raw.r1c_nomenclature_current,1,1
Номенклатура — current,Фартук ПФХ белый,raw.r1c_nomenclature_current,1,1
Номенклатура — current,Фартук брезентовый без кармана,raw.r1c_nomenclature_current,1,1
Номенклатура — current,Фартук диагональ темно-синий,raw.r1c_nomenclature_current,1,1
Номенклатура — current,Фартук для торговли васильковый всеразмерный,raw.r1c_nomenclature_current,1,1
Номенклатура — current,Фартук защитный ПВХ ЩИТ-1 облегченный синий,raw.r1c_nomenclature_current,1,1
Номенклатура — current,Фартук многоразовый синий,raw.r1c_nomenclature_current,1,1
Номенклатура — current,"Фартук одноразовый ПНД 68х110см 6мкм., голубой",raw.r1c_nomenclature_current,1,1
Номенклатура — current,Фартук одноразовый в рулоне синий,raw.r1c_nomenclature_current,1,1
Номенклатура — current,"Фартук одноразовый виниловый, цв.белый",raw.r1c_nomenclature_current,1,1
Номенклатура — current,"Фартук одноразовый полиэтиленовый 74х120см 10мкм., 5,6гр.белый",raw.r1c_nomenclature_current,1,1
Номенклатура — current,Фартук прорезиненный удлиненный (мед клиенка),raw.r1c_nomenclature_current,1,1
Номенклатура — current,Фартук прорезиненый ткань диагональ ,raw.r1c_nomenclature_current,1,1
Номенклатура — current,Фартуки,raw.r1c_nomenclature_current,1,1
Номенклатура — current,"Фасадное крепление КФК 12-47,6 (SF 50,BRPF 70-150-6F) ИЭК",raw.r1c_nomenclature_current,1,1
Номенклатура — current,Фаскорд Инсектицид,raw.r1c_nomenclature_current,1,1
Номенклатура — current,Фасонные элементы,raw.r1c_nomenclature_current,1,1
Номенклатура — current,Фастак Инсектицид,raw.r1c_nomenclature_current,1,1
Номенклатура — current,Фасшанс Инсектицид,raw.r1c_nomenclature_current,1,1
Номенклатура — current,Фатрин Инсектицид,raw.r1c_nomenclature_current,1,1
Номенклатура — current,Фекальный насос GP-19,raw.r1c_nomenclature_current,1,1
Номенклатура — current,Фекальный насос Ресанта НФ-24000Л 77/5/4,raw.r1c_nomenclature_current,1,1
Номенклатура — current,Фен 2000Вт,raw.r1c_nomenclature_current,1,1
Номенклатура — current,Фен технический в кейсе с набором насадок DAEWOO DAF 2200,raw.r1c_nomenclature_current,1,1
Номенклатура — current,Феразим Инсектицид,raw.r1c_nomenclature_current,1,1
Номенклатура — current,"Фертика безхлорное калийное удобрение ""Эко Калий"" PKMg+S (5:37:10+12) МКР",raw.r1c_nomenclature_current,1,1
Номенклатура — current,Фертикс Марки Б NMgS +FeBMoMnCuZn 16.2.2,raw.r1c_nomenclature_current,1,1
Номенклатура — current,Фетр,raw.r1c_nomenclature_current,1,1
Номенклатура — current,Фетр однотонный твердый 3мм/1м (т мраморный) С41,raw.r1c_nomenclature_current,1,1
Номенклатура — current,Фетровая сушка СФ-10,raw.r1c_nomenclature_current,1,1
Номенклатура — current,Фетровое полотно для СФ-10,raw.r1c_nomenclature_current,1,1
Номенклатура — current,"Фиеста кровать 0,9м ясень темный/ясень светлый (БТС)",raw.r1c_nomenclature_current,1,1
Номенклатура — current,Фиксатор 700А.46.28.254,raw.r1c_nomenclature_current,1,1
Номенклатура — current,Фиксатор резьбы  6 мл ,raw.r1c_nomenclature_current,1,1
Номенклатура — current,"Фиксатор ремня безопасности ""Газель"" передний левый",raw.r1c_nomenclature_current,1,1
Номенклатура — current,Фиксатор тормозного диска,raw.r1c_nomenclature_current,1,1
Номенклатура — current,Фиксатор штока,raw.r1c_nomenclature_current,1,1
Номенклатура — current,Фильтерр Инсектицид,raw.r1c_nomenclature_current,1,1
Номенклатура — current,Фильтр,raw.r1c_nomenclature_current,1,1
Номенклатура — current,Фильтр  L214634 JLI,raw.r1c_nomenclature_current,1,1
Номенклатура — current,Фильтр  гидравлики 20639610,raw.r1c_nomenclature_current,1,1
Номенклатура — current,Фильтр  гидравлики аналог HF35322 P763757 9283 ML1400MG,raw.r1c_nomenclature_current,1,1
Номенклатура — current,Фильтр  гидравлический 20656300,raw.r1c_nomenclature_current,1,1
Номенклатура — current,Фильтр  гидравлический 5425 СН,raw.r1c_nomenclature_current,1,1
Номенклатура — current,Фильтр  гидравлический DONALDSON P171806 (БТЗ),raw.r1c_nomenclature_current,1,1
Номенклатура — current,Фильтр  гидравлический SXX-200E 12B 2283CH,raw.r1c_nomenclature_current,1,1
Номенклатура — current,Фильтр  очистки воздуха (внутренний) аналог AF27681 6492 HP4591,raw.r1c_nomenclature_current,1,1
Номенклатура — current,Фильтр  очистки воздуха аналог AF26665 5962 HP4590,raw.r1c_nomenclature_current,1,1
Номенклатура — current,Фильтр 03.376,raw.r1c_nomenclature_current,1,1
Номенклатура — current,Фильтр 32 уг45 вн/вн,raw.r1c_nomenclature_current,1,1
Номенклатура — current,Фильтр ARAG цилиндрический,raw.r1c_nomenclature_current,1,1
Номенклатура — current,Фильтр DAEWOO Hepa DAVC 25HF-11,raw.r1c_nomenclature_current,1,1
Номенклатура — current,Фильтр J1330403(kyron Rexton),raw.r1c_nomenclature_current,1,1
Номенклатура — current,Фильтр L214634 JLI,raw.r1c_nomenclature_current,1,1
Номенклатура — current,Фильтр UNIX 521 A1B1E1 (ДОТэко 120 А1В1Е1) СОРБЕНТ Рес 102,raw.r1c_nomenclature_current,1,1
Номенклатура — current,Фильтр WDK98212МТ,raw.r1c_nomenclature_current,1,1
Номенклатура — current,Фильтр АКПП,raw.r1c_nomenclature_current,1,1
Номенклатура — current,Фильтр ГУР ЗИЛ,raw.r1c_nomenclature_current,1,1
Номенклатура — current,Фильтр КПП ,raw.r1c_nomenclature_current,1,1
Номенклатура — current,Фильтр МТЗ очистки воздуха в салоне Беларусь В4702,raw.r1c_nomenclature_current,1,1
Номенклатура — current,Фильтр воздушной кабины МТЗ 1523 DIFA 4702 (50*350*120),raw.r1c_nomenclature_current,1,1
Номенклатура — current,Фильтр воздушный ,raw.r1c_nomenclature_current,1,1
Номенклатура — current,Фильтр воздушный  TSN 9.1.462,raw.r1c_nomenclature_current,1,1
Номенклатура — current,Фильтр воздушный  внешний,raw.r1c_nomenclature_current,1,1
Номенклатура — current,Фильтр воздушный  внешний DONALDSON (БТЗ),raw.r1c_nomenclature_current,1,1
Номенклатура — current,Фильтр воздушный  внутренний DONALDSON (БТЗ),raw.r1c_nomenclature_current,1,1
Номенклатура — current,Фильтр воздушный (Агроникс),raw.r1c_nomenclature_current,1,1
Номенклатура — current,Фильтр воздушный (вставка),raw.r1c_nomenclature_current,1,1
Номенклатура — current,Фильтр воздушный 01,raw.r1c_nomenclature_current,1,1
Номенклатура — current,Фильтр воздушный 2108,raw.r1c_nomenclature_current,1,1
Номенклатура — current,Фильтр воздушный 28113-1R100,raw.r1c_nomenclature_current,1,1
Номенклатура — current,Фильтр воздушный 3302,raw.r1c_nomenclature_current,1,1
Номенклатура — current,Фильтр воздушный AEF-12P,raw.r1c_nomenclature_current,1,1
Номенклатура — current,Фильтр воздушный AL215053 JLI,raw.r1c_nomenclature_current,1,1
Номенклатура — current,Фильтр воздушный AL215054 JLI,raw.r1c_nomenclature_current,1,1
Номенклатура — current,Фильтр воздушный AL225552 JLI,raw.r1c_nomenclature_current,1,1
Номенклатура — current,Фильтр воздушный Action,raw.r1c_nomenclature_current,1,1
Номенклатура — current,Фильтр воздушный BAKER,raw.r1c_nomenclature_current,1,1
Номенклатура — current,Фильтр воздушный CASE (h297 d133) M Filler A8057,raw.r1c_nomenclature_current,1,1
Номенклатура — current,Фильтр воздушный EKO-1031,raw.r1c_nomenclature_current,1,1
Номенклатура — current,Фильтр воздушный Jhon Deere,raw.r1c_nomenclature_current,1,1
Номенклатура — current,Фильтр воздушный LADAA Vesta,raw.r1c_nomenclature_current,1,1
Номенклатура — current,Фильтр воздушный LX270,raw.r1c_nomenclature_current,1,1
Номенклатура — current,Фильтр воздушный LX272 VW Т3 C11763,raw.r1c_nomenclature_current,1,1
Номенклатура — current,Фильтр воздушный mann-filter C13154,raw.r1c_nomenclature_current,1,1
Номенклатура — current,Фильтр воздушный ВАЗ 2108-15 инжектор SCT SB201,raw.r1c_nomenclature_current,1,1
Номенклатура — current,"Фильтр воздушный ВАЗ 2110,2112 инжектор CANZ GRR04002",raw.r1c_nomenclature_current,1,1
Номенклатура — current,Фильтр воздушный ГАЗ ,raw.r1c_nomenclature_current,1,1
Номенклатура — current,Фильтр воздушный ГАЗдв.402,raw.r1c_nomenclature_current,1,1
Номенклатура — current,"Фильтр воздушный Д260,МТЗ (вставка) Белтиз",raw.r1c_nomenclature_current,1,1
Номенклатура — current,"Фильтр воздушный Д260,МТЗ (основной) Белтиз",raw.r1c_nomenclature_current,1,1
Номенклатура — current,Фильтр воздушный ДВС внешний,raw.r1c_nomenclature_current,1,1
Номенклатура — current,Фильтр воздушный ДВС внутренний,raw.r1c_nomenclature_current,1,1
Номенклатура — current,Фильтр воздушный ЗИЛ 5301,raw.r1c_nomenclature_current,1,1
Номенклатура — current,Фильтр воздушный К-744/Лида-1600 к-т ЕКО 01.86,raw.r1c_nomenclature_current,1,1
Номенклатура — current,Фильтр воздушный К-744Р2 ЕКО 01.68/1,raw.r1c_nomenclature_current,1,1
Номенклатура — current,Фильтр воздушный МТЗ (Д-260),raw.r1c_nomenclature_current,1,1
Номенклатура — current,Фильтр воздушный МТЗ кабины (комплект)РУП МТЗ 80-8104060,raw.r1c_nomenclature_current,1,1
Номенклатура — current,"Фильтр воздушный МТЗ-422,622,1222,1523,2022,3022 кабины.Ливны ЭФВ 202.1109080",raw.r1c_nomenclature_current,1,1
Номенклатура — current,"Фильтр воздушный МТЗ-80,82 кабины",raw.r1c_nomenclature_current,1,1
Номенклатура — current,Фильтр воздушный ЭКОФИЛ EKO-01.209,raw.r1c_nomenclature_current,1,1
Номенклатура — current,Фильтр воздушный а-8057,raw.r1c_nomenclature_current,1,1
Номенклатура — current,Фильтр воздушный в сборе LB50/75,raw.r1c_nomenclature_current,1,1
Номенклатура — current,Фильтр воздушный дв. Газель Next,raw.r1c_nomenclature_current,1,1
Номенклатура — current,Фильтр воздушный для насоса V0063C/V01100,raw.r1c_nomenclature_current,1,1
Номенклатура — current,Фильтр воздушный кассета К-700,raw.r1c_nomenclature_current,1,1
Номенклатура — current,Фильтр воздушный насоса V0063C/V0100,raw.r1c_nomenclature_current,1,1
Номенклатура — current,Фильтр воздушный эл-т К-701,raw.r1c_nomenclature_current,1,1
Номенклатура — current,Фильтр воздушный(погрузчик) M Filter 133х66х297,raw.r1c_nomenclature_current,1,1
Номенклатура — current,Фильтр высокого давления переключения (трансмиссии) напорный,raw.r1c_nomenclature_current,1,1
Номенклатура — current,Фильтр гидравлика масленный МТЗ,raw.r1c_nomenclature_current,1,1
Номенклатура — current,Фильтр гидравлики 20639610,raw.r1c_nomenclature_current,1,1
Номенклатура — current,Фильтр гидравлический,raw.r1c_nomenclature_current,1,1
Номенклатура — current,Фильтр гидравлический (h180 d73) P763757,raw.r1c_nomenclature_current,1,1
Номенклатура — current,Фильтр гидравлический 20856300,raw.r1c_nomenclature_current,1,1
Номенклатура — current,Фильтр гидравлический Donaldson P555461,raw.r1c_nomenclature_current,1,1
Номенклатура — current,Фильтр гидравлический Donaldson P763761,raw.r1c_nomenclature_current,1,1
Номенклатура — current,Фильтр гидравлический SH55164,raw.r1c_nomenclature_current,1,1
Номенклатура — current,Фильтр гидравлический Амкодор Т-150 ДИФА 5305М,raw.r1c_nomenclature_current,1,1
Номенклатура — current,Фильтр гидравлический Р171737,raw.r1c_nomenclature_current,1,1
Номенклатура — current,Фильтр гидравлический возврата масла (Всасывающий фильтр гидравлического подъема),raw.r1c_nomenclature_current,1,1
Номенклатура — current,Фильтр для вихревой воздуходувки MF-16,raw.r1c_nomenclature_current,1,1
Номенклатура — current,Фильтр для очистки от мех. примесей Piusi Clear,raw.r1c_nomenclature_current,1,1
Номенклатура — current,Фильтр дм 60-24,raw.r1c_nomenclature_current,1,1
Номенклатура — current,Фильтр косой PPR 40мм,raw.r1c_nomenclature_current,1,1
Номенклатура — current,Фильтр латунный самопромывной с 2-я манометрами zeissler,raw.r1c_nomenclature_current,1,1
Номенклатура — current,Фильтр масленный ,raw.r1c_nomenclature_current,1,1
Номенклатура — current,Фильтр масленный  RE504836,raw.r1c_nomenclature_current,1,1
Номенклатура — current,Фильтр масленный  RE504836 JLI,raw.r1c_nomenclature_current,1,1
Номенклатура — current,Фильтр масленный  RE59754 JLI,raw.r1c_nomenclature_current,1,1
Номенклатура — current,"Фильтр масленный 02,26",raw.r1c_nomenclature_current,1,1
Номенклатура — current,"Фильтр масленный 02,52 К-700,МАЗ дв. ЯМЗ240",raw.r1c_nomenclature_current,1,1
Номенклатура — current,Фильтр масленный 08,raw.r1c_nomenclature_current,1,1
Номенклатура — current,Фильтр масленный 15208 BN30A,raw.r1c_nomenclature_current,1,1
Номенклатура — current,Фильтр масленный 15208-BN3DA,raw.r1c_nomenclature_current,1,1
Номенклатура — current,Фильтр масленный 2101,raw.r1c_nomenclature_current,1,1
Номенклатура — current,Фильтр масленный 2105-1012005 ЕКО02-02GB103,raw.r1c_nomenclature_current,1,1
Номенклатура — current,Фильтр масленный 2108,raw.r1c_nomenclature_current,1,1
Номенклатура — current,Фильтр масленный 3302,raw.r1c_nomenclature_current,1,1
Номенклатура — current,Фильтр масленный AL 169573 JL,raw.r1c_nomenclature_current,1,1
Номенклатура — current,Фильтр масленный AL 221066 JLI,raw.r1c_nomenclature_current,1,1
Номенклатура — current,Фильтр масленный AL232896 JLI,raw.r1c_nomenclature_current,1,1
Номенклатура — current,Фильтр масленный Action,raw.r1c_nomenclature_current,1,1
Номенклатура — current,Фильтр масленный CAZ,raw.r1c_nomenclature_current,1,1
Номенклатура — current,Фильтр масленный D17-002-2+BAN,raw.r1c_nomenclature_current,1,1
Номенклатура — current,Фильтр масленный DIFA 5101/1,raw.r1c_nomenclature_current,1,1
Номенклатура — current,Фильтр масленный DIFA 5102/1,raw.r1c_nomenclature_current,1,1
Номенклатура — current,Фильтр масленный DIFA 5425МК,raw.r1c_nomenclature_current,1,1
Номенклатура — current,"Фильтр масленный HYUNDAI,KIA 26300-35504",raw.r1c_nomenclature_current,1,1
Номенклатура — current,Фильтр масленный LF16015,raw.r1c_nomenclature_current,1,1
Номенклатура — current,Фильтр масленный MARSHALL M9720005,raw.r1c_nomenclature_current,1,1
Номенклатура — current,Фильтр масленный Mann HU,raw.r1c_nomenclature_current,1,1
Номенклатура — current,Фильтр масленный Nissan SM102,raw.r1c_nomenclature_current,1,1
Номенклатура — current,Фильтр масленный RE504836,raw.r1c_nomenclature_current,1,1
Номенклатура — current,Фильтр масленный SAKURA C 1605,raw.r1c_nomenclature_current,1,1
Номенклатура — current,Фильтр масленный SAKURA C 7955,raw.r1c_nomenclature_current,1,1
Номенклатура — current,Фильтр масленный SM102,raw.r1c_nomenclature_current,1,1
Номенклатура — current,Фильтр масленный W7023,raw.r1c_nomenclature_current,1,1
Номенклатура — current,Фильтр масленный W712 для насосов V0040C.V0063C.V0100,raw.r1c_nomenclature_current,1,1
Номенклатура — current,Фильтр масленный ZP506,raw.r1c_nomenclature_current,1,1
Номенклатура — current,Фильтр масленный kamatsu sakura c581.1 p502458,raw.r1c_nomenclature_current,1,1
Номенклатура — current,Фильтр масленный kamatsu sakura c5811p502458,raw.r1c_nomenclature_current,1,1
Номенклатура — current,Фильтр масленный ВАЗ 2108-15,raw.r1c_nomenclature_current,1,1
Номенклатура — current,"Фильтр масленный ГАЗ-2705,3221,33302,33023,2217,2762",raw.r1c_nomenclature_current,1,1
Номенклатура — current,"Фильтр масленный ГАЗ-3310,ЗИЛ-5301",raw.r1c_nomenclature_current,1,1
Номенклатура — current,"Фильтр масленный ГАЗ-3310,ЗИЛ-5301(дв ММЗ-245) ЛААЗ009-1012005",raw.r1c_nomenclature_current,1,1
Номенклатура — current,Фильтр масленный ДВС,raw.r1c_nomenclature_current,1,1
Номенклатура — current,"Фильтр масленный ЗИЛ-5301,МАЗ-4370",raw.r1c_nomenclature_current,1,1
Номенклатура — current,"Фильтр масленный ЗИЛ-5301,МАЗ-4370 (дв ММЗ-260) с гайкой",raw.r1c_nomenclature_current,1,1
Номенклатура — current,Фильтр масленный КАМАЗ F16015 WK950/26 CLMMNS2992242,raw.r1c_nomenclature_current,1,1
Номенклатура — current,Фильтр масленный МАЗ ЯМЗ E3 (ОС-121/146),raw.r1c_nomenclature_current,1,1
Номенклатура — current,Фильтр масленный МАЗ ЯМЗ E4,raw.r1c_nomenclature_current,1,1
Номенклатура — current,Фильтр масленный С5811,raw.r1c_nomenclature_current,1,1
Номенклатура — current,Фильтр масленный СAZ,raw.r1c_nomenclature_current,1,1
Номенклатура — current,Фильтр масленный гидросистемы DIFA 5305,raw.r1c_nomenclature_current,1,1
Номенклатура — current,Фильтр масленный дв.406,raw.r1c_nomenclature_current,1,1
Номенклатура — current,Фильтр масленный для насоса V0063C/V0100,raw.r1c_nomenclature_current,1,1
Номенклатура — current,Фильтр масленный для насоса V0063C/V01100,raw.r1c_nomenclature_current,1,1
Номенклатура — current,"Фильтр масляный (860113016/D17-002-02/D17-002-02+B/C18AB-1R0658+B, JX1023)",raw.r1c_nomenclature_current,1,1
Номенклатура — current,Фильтр масляный 836679586,raw.r1c_nomenclature_current,1,1
Номенклатура — current,Фильтр масляный DIFA 5101/1 ,raw.r1c_nomenclature_current,1,1
Номенклатура — current,Фильтр масляный VO CH230 (84-87),raw.r1c_nomenclature_current,1,1
Номенклатура — current,Фильтр масляный МАЗ  ЯМЗ ЕЗ (ОС-121/146)650-1012075,raw.r1c_nomenclature_current,1,1
Номенклатура — current,Фильтр масляный МАЗ ЯМЗ ЕЗ ОС-121/146,raw.r1c_nomenclature_current,1,1
Номенклатура — current,Фильтр масляный для Фишбейн 100,raw.r1c_nomenclature_current,1,1
Номенклатура — current,Фильтр масляный для Фишбейн100,raw.r1c_nomenclature_current,1,1
Номенклатура — current,Фильтр масляный магистральный ТО 18.28,raw.r1c_nomenclature_current,1,1
Номенклатура — current,Фильтр масляный с-1903,raw.r1c_nomenclature_current,1,1
Номенклатура — current,Фильтр осушитель кондиционера МТЗ-1523,raw.r1c_nomenclature_current,1,1
Номенклатура — current,Фильтр очистки воды,raw.r1c_nomenclature_current,1,1
Номенклатура — current,Фильтр распылителя сито-нержав сталь 80 меш  8079-РР-80,raw.r1c_nomenclature_current,1,1
Номенклатура — current,Фильтр салона 214 ,raw.r1c_nomenclature_current,1,1
Номенклатура — current,Фильтр салона GB-9950 для ГАЗ-3302,raw.r1c_nomenclature_current,1,1
Номенклатура — current,Фильтр салонный ,raw.r1c_nomenclature_current,1,1
Номенклатура — current,Фильтр салонный  FS127,raw.r1c_nomenclature_current,1,1
Номенклатура — current,Фильтр салонный 2121,raw.r1c_nomenclature_current,1,1
Номенклатура — current,Фильтр салонный 97133-4L000,raw.r1c_nomenclature_current,1,1
Номенклатура — current,Фильтр салонный Action,raw.r1c_nomenclature_current,1,1
Номенклатура — current,Фильтр салонный BIG БТЗ,raw.r1c_nomenclature_current,1,1
Номенклатура — current,Фильтр салонный NF6003C,raw.r1c_nomenclature_current,1,1
Номенклатура — current,Фильтр салонный Renault logan,raw.r1c_nomenclature_current,1,1
Номенклатура — current,"Фильтр салонный ВАЗ 2123,1118 TSN9722/GB9831",raw.r1c_nomenclature_current,1,1
Номенклатура — current,Фильтр салонный ГАЗ 3302,raw.r1c_nomenclature_current,1,1
Номенклатура — current,"Фильтр салонный Газель Бизнес дв 2,8",raw.r1c_nomenclature_current,1,1
Номенклатура — current,Фильтр салонный ЭФВ К-744 ,raw.r1c_nomenclature_current,1,1
Номенклатура — current,Фильтр сапуна SA12567 ,raw.r1c_nomenclature_current,1,1
Номенклатура — current,Фильтр сетчатый 40 вн/нар 300мкм,raw.r1c_nomenclature_current,1,1
Номенклатура — current,Фильтр сменный 000931100817.01,raw.r1c_nomenclature_current,1,1
Номенклатура — current,Фильтр тонкой очистки 3/4 внутр 3/4 внеш с елочкой 20,raw.r1c_nomenclature_current,1,1
Номенклатура — current,Фильтр тонкой очистки воды (60 микрон),raw.r1c_nomenclature_current,1,1
Номенклатура — current,Фильтр тонкой очистки дизельный,raw.r1c_nomenclature_current,1,1
Номенклатура — current,Фильтр топл. КАМАЗ FF5485 WK950/21,raw.r1c_nomenclature_current,1,1
Номенклатура — current,Фильтр топливный,raw.r1c_nomenclature_current,1,1
Номенклатура — current,"Фильтр топливный ""Mfilter"" DF 3522, аналог WK 940/16 x",raw.r1c_nomenclature_current,1,1
Номенклатура — current,Фильтр топливный 08,raw.r1c_nomenclature_current,1,1
Номенклатура — current,Фильтр топливный 2121,raw.r1c_nomenclature_current,1,1
Номенклатура — current,Фильтр топливный 214,raw.r1c_nomenclature_current,1,1
Номенклатура — current,Фильтр топливный 3302,raw.r1c_nomenclature_current,1,1
Номенклатура — current,Фильтр топливный 638.002 802A+BAN,raw.r1c_nomenclature_current,1,1
Номенклатура — current,Фильтр топливный 836867591 оригинал,raw.r1c_nomenclature_current,1,1
Номенклатура — current,Фильтр топливный 836867591/P551434,raw.r1c_nomenclature_current,1,1
Номенклатура — current,Фильтр топливный 836867595 оригинал,raw.r1c_nomenclature_current,1,1
Номенклатура — current,Фильтр топливный D00-305-02+BAN ,raw.r1c_nomenclature_current,1,1
Номенклатура — current,Фильтр топливный DIFA (БТЗ),raw.r1c_nomenclature_current,1,1
Номенклатура — current,Фильтр топливный DIFA 6302 ЕКО-306,raw.r1c_nomenclature_current,1,1
Номенклатура — current,Фильтр топливный EKO-03.35 (Камаз) Евро2PL-270),raw.r1c_nomenclature_current,1,1
Номенклатура — current,Фильтр топливный Filtron PP 852 (WK 940/11x),raw.r1c_nomenclature_current,1,1
Номенклатура — current,Фильтр топливный GB-334,raw.r1c_nomenclature_current,1,1
Номенклатура — current,Фильтр топливный N378886 JLI,raw.r1c_nomenclature_current,1,1
Номенклатура — current,Фильтр топливный NANN,raw.r1c_nomenclature_current,1,1
Номенклатура — current,Фильтр топливный RE522878AN (P551422;TFS4111;ST20101),raw.r1c_nomenclature_current,1,1
Номенклатура — current,Фильтр топливный S000022297+02AN,raw.r1c_nomenclature_current,1,1
Номенклатура — current,Фильтр топливный VCLVO KC-24/RL61.41BA07,raw.r1c_nomenclature_current,1,1
Номенклатура — current,Фильтр топливный Yuchai L6500-1105140,raw.r1c_nomenclature_current,1,1
Номенклатура — current,Фильтр топливный ZP526F,raw.r1c_nomenclature_current,1,1
Номенклатура — current,Фильтр топливный jcb P551425,raw.r1c_nomenclature_current,1,1
Номенклатура — current,Фильтр топливный ВАЗ-2101-09тонкой очистки (с отстойником) НЕВСКИЙ,raw.r1c_nomenclature_current,1,1
Номенклатура — current,Фильтр топливный ДВС YANZ(БТЗ),raw.r1c_nomenclature_current,1,1
Номенклатура — current,Фильтр топливный Е-4 МАЗ WDK962/ЯМЗ-5340-1117075/ОС4,raw.r1c_nomenclature_current,1,1
Номенклатура — current,"Фильтр топливный ЗИЛ-5301,МТЗ тонкой очистки",raw.r1c_nomenclature_current,1,1
Номенклатура — current,Фильтр топливный МАЗ Е 4 WDK962/1 ЯМЗ-5340-1117075/OC40,raw.r1c_nomenclature_current,1,1
Номенклатура — current,Фильтр топливный МАЗ Евро- ЯМЗ-650-1117039/MMF035181,raw.r1c_nomenclature_current,1,1
Номенклатура — current,"Фильтр топливный МАЗ ФТ047,FG-1066.8.9193",raw.r1c_nomenclature_current,1,1
Номенклатура — current,Фильтр топливный ЮМЗ.СМД,raw.r1c_nomenclature_current,1,1
Номенклатура — current,Фильтр топливный водосепаратор FS 19962,raw.r1c_nomenclature_current,1,1
Номенклатура — current,Фильтр топливный груб.очистки дизель TSN9 3.25 GB 613,raw.r1c_nomenclature_current,1,1
Номенклатура — current,Фильтр топливный грубой очистки ,raw.r1c_nomenclature_current,1,1
Номенклатура — current,Фильтр топливный дополнительный,raw.r1c_nomenclature_current,1,1
Номенклатура — current,Фильтр топливный основной,raw.r1c_nomenclature_current,1,1
Номенклатура — current,Фильтр топливный сепаратор MANN PL270 (БТЗ),raw.r1c_nomenclature_current,1,1
Номенклатура — current,Фильтр топливный тонкой очистки ,raw.r1c_nomenclature_current,1,1
Номенклатура — current,Фильтр топливный тонкой очистки DIFA 6101 ,raw.r1c_nomenclature_current,1,1
Номенклатура — current,Фильтр топливный тонкой очистки DIFA 6301,raw.r1c_nomenclature_current,1,1
Номенклатура — current,Фильтр форсунки 24 ячеек ZF090,raw.r1c_nomenclature_current,1,1
Номенклатура — current,Фильтр форсунки 50м,raw.r1c_nomenclature_current,1,1
Номенклатура — current,Фильтр элемент главный TG1204.11H.1.1 ,raw.r1c_nomenclature_current,1,1
Номенклатура — current,"Фильтр, запасной элемент ",raw.r1c_nomenclature_current,1,1
Номенклатура — current,"Фильтр,запасной элемент",raw.r1c_nomenclature_current,1,1
Номенклатура — current,Фильтр-колба магистральный 1/2,raw.r1c_nomenclature_current,1,1
Номенклатура — current,Фильтр-сепаратор ГОТ PL270 с колбой,raw.r1c_nomenclature_current,1,1
Номенклатура — current,Фильтр-элемент воздушный вторичный AF 25491,raw.r1c_nomenclature_current,1,1
Номенклатура — current,Фильтр-элемент воздушный первичный AF 25964,raw.r1c_nomenclature_current,1,1
Номенклатура — current,Фильтрующий элемент ,raw.r1c_nomenclature_current,1,1
Номенклатура — current,Фильтрующий элемент  RE522878,raw.r1c_nomenclature_current,1,1
Номенклатура — current,Фильтрующий элемент  RE522878 JLI,raw.r1c_nomenclature_current,1,1
Номенклатура — current,Фильтрующий элемент  RE541922 JLI,raw.r1c_nomenclature_current,1,1
Номенклатура — current,Фильтрующий элемент  RE62419- JLI,raw.r1c_nomenclature_current,1,1
Номенклатура — current,Фильтрующий элемент  АТ225339- JLI,raw.r1c_nomenclature_current,1,1
Номенклатура — current,Фильтрующий элемент АТ225338,raw.r1c_nomenclature_current,1,1
Номенклатура — current,Фильтрующий элемент АТ225339,raw.r1c_nomenclature_current,1,1
Номенклатура — current,Фильтрующий элемент водомасляного сепаратора D00-305-02,raw.r1c_nomenclature_current,1,1
Номенклатура — current,Фильтрующий элемент воздушный Р603665,raw.r1c_nomenclature_current,1,1
Номенклатура — current,Фильтрующий элемент воздушный Р608121,raw.r1c_nomenclature_current,1,1
Номенклатура — current,Фильтрующий элемент очистки воздуха DIFA 4318,raw.r1c_nomenclature_current,1,1
Номенклатура — current,Фильтрующий элемент очистки воздуха DIFA 4318-01,raw.r1c_nomenclature_current,1,1
Номенклатура — current,Фильтрующий элемент очистки воздуха DIFA 4343М,raw.r1c_nomenclature_current,1,1
Номенклатура — current,Фильтрующий элемент очистки масла DIFA 5303М,raw.r1c_nomenclature_current,1,1
Номенклатура — current,Фитинг,raw.r1c_nomenclature_current,1,1
Номенклатура — current,Фитинг  DN 06 BANJO 12*1.5  CST арт.804705,raw.r1c_nomenclature_current,1,1
Номенклатура — current,Фитинг  DN 06 BANJO 14*1.5  CST арт.804706,raw.r1c_nomenclature_current,1,1
Номенклатура — current,Фитинг  DN 06 BANJO 16*1.5  CST арт.804707,raw.r1c_nomenclature_current,1,1
Номенклатура — current,Фитинг  DN 06 DKM (Г) 12*1.5  CST арт.803502,raw.r1c_nomenclature_current,1,1
Номенклатура — current,Фитинг  DN 06 DKM (Г) 12*1.5 (90) CST арт.803702,raw.r1c_nomenclature_current,1,1
Номенклатура — current,Фитинг  DN 06 DKM(Г) 18*1.5 12 CST арт.803505,raw.r1c_nomenclature_current,1,1
Номенклатура — current,Фитинг  DN 06 DKO-L(Г) 14*1.5 8 CST арт.801006,raw.r1c_nomenclature_current,1,1
Номенклатура — current,Фитинг  DN 06 DKO-L(Г) 16*1.5 10 CST арт.801008,raw.r1c_nomenclature_current,1,1
Номенклатура — current,Фитинг  DN 06 DKO-L(Г) 18*1.5 12 CST арт.801010,raw.r1c_nomenclature_current,1,1
Номенклатура — current,Фитинг  DN 08 DK  (Г) 18*1.5 накидная гайка PRM арт 20111-18-05Т-РМ,raw.r1c_nomenclature_current,1,1
Номенклатура — current,Фитинг  DN 08 DKM (Г) 16*1.5  CST арт.803507,raw.r1c_nomenclature_current,1,1
Номенклатура — current,Фитинг  DN 08 DKM (Г) 16*1.5 (90) CST арт.803707,raw.r1c_nomenclature_current,1,1
Номенклатура — current,Фитинг  DN 08 DKO-L(Г) 16*1.5 10 CST арт.801012,raw.r1c_nomenclature_current,1,1
Номенклатура — current,Фитинг  DN 08 DKO-L(Г) 18*1.5 12 CST арт.801014,raw.r1c_nomenclature_current,1,1
Номенклатура — current,Фитинг  DN 10 DK  (Г) 20*1.5 (90)накидная гайка PRM арт 20191-20-06Т-РМ,raw.r1c_nomenclature_current,1,1
Номенклатура — current,Фитинг  DN 10 DK  (Г) 20*1.5 накидная гайка PRM арт 20111-20-06Т-РМ,raw.r1c_nomenclature_current,1,1
Номенклатура — current,Фитинг  DN 10 DKM (Г) 14*1.5  CST арт.803509,raw.r1c_nomenclature_current,1,1
Номенклатура — current,Фитинг  DN 10 DKM (Г) 16*1.5  CST арт.803510,raw.r1c_nomenclature_current,1,1
Номенклатура — current,Фитинг  DN 10 DKM (Г) 16*1.5 (90) CST арт.803710,raw.r1c_nomenclature_current,1,1
Номенклатура — current,Фитинг  DN 10 DKM (Г) 20*1.5  CST арт.803512,raw.r1c_nomenclature_current,1,1
Номенклатура — current,Фитинг  DN 10 DKO S (Г) 20*1.5 12 CST арт.801017,raw.r1c_nomenclature_current,1,1
Номенклатура — current,Фитинг  DN 10 DKO-L(Г) 18*1.5 12 CST арт.801016,raw.r1c_nomenclature_current,1,1
Номенклатура — current,Фитинг  DN 10 DKO-L(Г) 18*1.5 12(90) CST арт.801116,raw.r1c_nomenclature_current,1,1
Номенклатура — current,Фитинг  DN 10 DKO-S (Г) 20*1.5 12 CST арт.801017,raw.r1c_nomenclature_current,1,1
Номенклатура — current,Фитинг  DN 10 DKO-S (Г) 20*1.5 12 PRM арт 20511-20-06Т-РМ,raw.r1c_nomenclature_current,1,1
Номенклатура — current,Фитинг  DN 10 DKO-S (Г) 20*1.5 12(90) PRM арт 20591-20-06Т-РМ,raw.r1c_nomenclature_current,1,1
Номенклатура — current,Фитинг  DN 10 DKO-S(Г) 20*1.5 12(90) CST арт.801117,raw.r1c_nomenclature_current,1,1
Номенклатура — current,Фитинг  DN 12 DK  (Г) 20*1.5 накидная гайка под ключ 24  PRM арт 20111-20-08Т-РМ,raw.r1c_nomenclature_current,1,1
Номенклатура — current,Фитинг  DN 12 DK  (Г) 22*1.5 (45)накидная гайка PRM арт 20141-22-08Т-РМ,raw.r1c_nomenclature_current,1,1
Номенклатура — current,Фитинг  DN 12 DK  (Г) 22*1.5 (90)накидная гайка PRM арт 20191-22-08Т-РМ,raw.r1c_nomenclature_current,1,1
Номенклатура — current,Фитинг  DN 12 DK  (Г) 22*1.5 (90)накидная гайка PRM арт 20191-24-08Т-РМ,raw.r1c_nomenclature_current,1,1
Номенклатура — current,Фитинг  DN 12 DK  (Г) 22*1.5 накидная гайка PRM арт 20111-22-08Т-РМ,raw.r1c_nomenclature_current,1,1
Номенклатура — current,Фитинг  DN 12 DKM (Г) 18*1.5  CST арт.803514,raw.r1c_nomenclature_current,1,1
Номенклатура — current,Фитинг  DN 12 DKM (Г) 18*1.5 (90) CST арт.803714,raw.r1c_nomenclature_current,1,1
Номенклатура — current,Фитинг  DN 12 DKM (Г) 20*1.5  CST арт.803515,raw.r1c_nomenclature_current,1,1
Номенклатура — current,Фитинг  DN 12 DKM (Г) 20*1.5 (90) CST арт.803715,raw.r1c_nomenclature_current,1,1
Номенклатура — current,Фитинг  DN 12 DKM (Г) 22*1.5 (90) CST арт.803716,raw.r1c_nomenclature_current,1,1
Номенклатура — current,Фитинг  DN 12 DKM(Г) 20*1.5 90 CST арт.803715,raw.r1c_nomenclature_current,1,1
Номенклатура — current,Фитинг  DN 12 DKO S  (Г) 24*1.5 16 (90) PRM арт 20591-24-08Т-РМ,raw.r1c_nomenclature_current,1,1
Номенклатура — current,Фитинг  DN 12 DKO-L(Г) 22*1.5 22 CST арт.801021,raw.r1c_nomenclature_current,1,1
Номенклатура — current,Фитинг  DN 12 DKO-L(Г) 26*1.5 18 CST арт.801023,raw.r1c_nomenclature_current,1,1
Номенклатура — current,Фитинг  DN 12 DKO-S  (Г) 22*1.5 14 накидная гайка PRM арт 20511-22-08Т-РМ,raw.r1c_nomenclature_current,1,1
Номенклатура — current,Фитинг  DN 12 DKO-S (Г) 24*1.5 16 CST арт.801022,raw.r1c_nomenclature_current,1,1
Номенклатура — current,Фитинг  DN 12 DKO-S(Г) 24*1.5 16(90) CST арт.801122,raw.r1c_nomenclature_current,1,1
Номенклатура — current,Фитинг  DN 16 DK  (Г) 27*1.5 (45)накидная гайка PRM арт 20141-27-10Т-РМ,raw.r1c_nomenclature_current,1,1
Номенклатура — current,Фитинг  DN 16 DK  (Г) 27*1.5 накидная гайка  PRM арт 20111-27-10Т-РМ,raw.r1c_nomenclature_current,1,1
Номенклатура — current,Фитинг  DN 16 DK  (Г) 27*1.5 накидная гайка PRM арт 20111-27-10Т-РМ,raw.r1c_nomenclature_current,1,1
Номенклатура — current,Фитинг  DN 16 DKO-L(Г) 26*1.5 18 (90)CST арт.801124,raw.r1c_nomenclature_current,1,1
Номенклатура — current,Фитинг  DN 16 DKO-L(Г) 26*1.5 18 CST арт.801024,raw.r1c_nomenclature_current,1,1
Номенклатура — current,Фитинг  DN 16 DKO-S  (Г) 30*2 20  PRM арт 20511-30-10Т-РМ,raw.r1c_nomenclature_current,1,1
Номенклатура — current,"Фитинг  DN 16 DKO-S(Г) 30*2,20 CST арт.801025",raw.r1c_nomenclature_current,1,1
Номенклатура — current,Фитинг  DN 20 DK  (Г) 30*1.5 (45)накидная гайка PRM арт 20141-30-12Т-РМ,raw.r1c_nomenclature_current,1,1
Номенклатура — current,"Фитинг  DN 20 DK  (Г) 30*1.5 (90 )накидная гайка PRM арт 20191-30*1,5-12Т-РМ",raw.r1c_nomenclature_current,1,1
Номенклатура — current,"Фитинг  DN 20 DK  (Г) 30*1.5 накидная гайка PRM арт 20111-30*1,5-12Т-РМ",raw.r1c_nomenclature_current,1,1
Номенклатура — current,"Фитинг 2""х90 ",raw.r1c_nomenclature_current,1,1
Номенклатура — current,"Фитинг BSP 1/2"" DN=16",raw.r1c_nomenclature_current,1,1
Номенклатура — current,Фитинг DN 06 DKF (Г) 22*1.5 ,raw.r1c_nomenclature_current,1,1
Номенклатура — current,Фитинг DN 12 DKOL 18*1.5 ,raw.r1c_nomenclature_current,1,1
Номенклатура — current,Фитинг DN0.8 DKOS(Г) 20*1.5 ,raw.r1c_nomenclature_current,1,1
Номенклатура — current,Фитинг DN06 DK(Г) 16*1.5 ,raw.r1c_nomenclature_current,1,1
Номенклатура — current,Фитинг DN06 DKOS(Г) 14*1.5 ,raw.r1c_nomenclature_current,1,1
Номенклатура — current,Фитинг DN06 DKOS(Г) 16*1.5 ,raw.r1c_nomenclature_current,1,1
Номенклатура — current,Фитинг DN08 BANJO 16,raw.r1c_nomenclature_current,1,1
Номенклатура — current,Фитинг DN08 DK(Г) 16*1.5 ,raw.r1c_nomenclature_current,1,1
Номенклатура — current,Фитинг DN08 DK(Г) 18*1.5 ,raw.r1c_nomenclature_current,1,1
Номенклатура — current,Фитинг DN08 DKOS(Г) 16*1.5 ,raw.r1c_nomenclature_current,1,1
Номенклатура — current,Фитинг DN08 DKOS(Г) 18*1.5 ,raw.r1c_nomenclature_current,1,1
Номенклатура — current,Фитинг DN10 DK(Г) 16*1.5 ,raw.r1c_nomenclature_current,1,1
Номенклатура — current,Фитинг DN10 DK(Г) 20*1.5 ,raw.r1c_nomenclature_current,1,1
Номенклатура — current,Фитинг DN10 DKI 18*1.5 ,raw.r1c_nomenclature_current,1,1
Номенклатура — current,Фитинг DN10 DKI 18*1.5(90) ,raw.r1c_nomenclature_current,1,1
Номенклатура — current,Фитинг DN10 DKOL 22*1.5(90) ,raw.r1c_nomenclature_current,1,1
Номенклатура — current,Фитинг DN16 DK(Г) 27*1.5 ,raw.r1c_nomenclature_current,1,1
Номенклатура — current,Фитинг DN16 DK(Г) 27*1.5(45),raw.r1c_nomenclature_current,1,1
Номенклатура — current,Фитинг дросель 6М5,raw.r1c_nomenclature_current,1,1
Номенклатура — current,Фитинг ремонтный  для капельной ленты ,raw.r1c_nomenclature_current,1,1
Номенклатура — current,Фитинг стальной RC-U07020 ,raw.r1c_nomenclature_current,1,1
Номенклатура — current,Фитинг тройник ф 8,raw.r1c_nomenclature_current,1,1
Номенклатура — current,Фитинг цанговый угловой поворотный наружный резьба G1/8 под трубку 8мм,raw.r1c_nomenclature_current,1,1
Номенклатура — current,Фитинг_,raw.r1c_nomenclature_current,1,1
Номенклатура — current,Фитинги для пластика,raw.r1c_nomenclature_current,1,1
Номенклатура — current,Фитинги для пластиковых труб,raw.r1c_nomenclature_current,1,1
Номенклатура — current,"Фитинги,подвотка  для насоса",raw.r1c_nomenclature_current,1,1
Номенклатура — current,Фито светильник,raw.r1c_nomenclature_current,1,1
Номенклатура — current,Фитоверм 045-01-191-1 Инсектицид,raw.r1c_nomenclature_current,1,1
Номенклатура — current,Фитоверм 045-01-193-1 Инсектицид,raw.r1c_nomenclature_current,1,1
Номенклатура — current,Фитоверм 112-01-379-1 Инсектицид,raw.r1c_nomenclature_current,1,1
Номенклатура — current,Фитоверм М Инсектицид,raw.r1c_nomenclature_current,1,1
Номенклатура — current,Фитоверм Форте Инсектицид,raw.r1c_nomenclature_current,1,1
Номенклатура — current,Фитозан Инсектицид,raw.r1c_nomenclature_current,1,1
Номенклатура — current,Фитолавин Инсектицид,raw.r1c_nomenclature_current,1,1
Номенклатура — current,Фитолекарь Инсектицид,raw.r1c_nomenclature_current,1,1
Номенклатура — current,Фитопатологический анализ клубней картофеля,raw.r1c_nomenclature_current,1,1
Номенклатура — current,Фитоспорин-М 1676-09-307-006-0-0-3-1 Инсектицид,raw.r1c_nomenclature_current,1,1
Номенклатура — current,Фитоспорин-М 1677-09-307-006-0-0-3-1 Инсектицид,raw.r1c_nomenclature_current,1,1
Номенклатура — current,Фитоспорин-М 1678-09-307-006-0-0-3-1 Инсектицид,raw.r1c_nomenclature_current,1,1
Номенклатура — current,Фитоспорин-М Ж Биофунгицид,raw.r1c_nomenclature_current,1,1
Номенклатура — current,"Фламинго РС1  Сетка-домик 1,5кг. Без полива",raw.r1c_nomenclature_current,1,1
Номенклатура — current,"Фламинго РС1  Сетка-домик 1,5кг. Полив",raw.r1c_nomenclature_current,1,1
Номенклатура — current,Фламинго РС1  Сетка-домик 2кг. Без полива,raw.r1c_nomenclature_current,1,1
Номенклатура — current,Фламинго РС1  Сетка-домик 2кг. Полив,raw.r1c_nomenclature_current,1,1
Номенклатура — current,Фламинго РС1  очищенный в ву 1кг. Без полива,raw.r1c_nomenclature_current,1,1
Номенклатура — current,Фламинго РС1  очищенный в ву 1кг. Полив,raw.r1c_nomenclature_current,1,1
Номенклатура — current,Фламинго РС1  очищенный в ву 5кг. Без полива,raw.r1c_nomenclature_current,1,1
Номенклатура — current,Фламинго РС1  очищенный в ву 5кг. Полив,raw.r1c_nomenclature_current,1,1
Номенклатура — current,"Фламинго РС1  пастеризованный 0,5кг. Без полива",raw.r1c_nomenclature_current,1,1
Номенклатура — current,"Фламинго РС1  пастеризованный 0,5кг. Полив",raw.r1c_nomenclature_current,1,1
Номенклатура — current,Фламинго РС1  эконом  Сетка на рулоне 2.5кг. Без полива,raw.r1c_nomenclature_current,1,1
Номенклатура — current,Фламинго РС1  эконом  Сетка на рулоне 2.5кг. Полив,raw.r1c_nomenclature_current,1,1
Номенклатура — current,Фламинго РС1  эконом  Сетка на рулоне 3кг. Без полива,raw.r1c_nomenclature_current,1,1
Номенклатура — current,Фламинго РС1  эконом  Сетка на рулоне 3кг. Полив,raw.r1c_nomenclature_current,1,1
Номенклатура — current,Фламинго РС1 грязный  Сетка на завязке 25кг. Без полива,raw.r1c_nomenclature_current,1,1
Номенклатура — current,Фламинго РС1 грязный  Сетка на завязке 25кг. Полив,raw.r1c_nomenclature_current,1,1
Номенклатура — current,Фламинго РС1 грязный  Сетка на рулоне 10кг. Без полива,raw.r1c_nomenclature_current,1,1
Номенклатура — current,Фламинго РС1 грязный  Сетка на рулоне 10кг. Полив,raw.r1c_nomenclature_current,1,1
Номенклатура — current,Фламинго РС1 грязный  Сетка на рулоне 2.5кг Без полива,raw.r1c_nomenclature_current,1,1
Номенклатура — current,Фламинго РС1 грязный  Сетка на рулоне 2.5кг Полив,raw.r1c_nomenclature_current,1,1
Номенклатура — current,Фламинго РС1 грязный  Сетка на рулоне 25кг. Без полива,raw.r1c_nomenclature_current,1,1
Номенклатура — current,Фламинго РС1 грязный  Сетка на рулоне 25кг. Полив,raw.r1c_nomenclature_current,1,1
Номенклатура — current,Фламинго РС1 грязный  Сетка на рулоне 3кг. Без полива,raw.r1c_nomenclature_current,1,1
Номенклатура — current,Фламинго РС1 грязный  Сетка на рулоне 3кг. Полив,raw.r1c_nomenclature_current,1,1
Номенклатура — current,Фламинго РС1 грязный  Сетка на рулоне 5кг. Без полива,raw.r1c_nomenclature_current,1,1
Номенклатура — current,Фламинго РС1 грязный  Сетка на рулоне 5кг. Полив,raw.r1c_nomenclature_current,1,1
Номенклатура — current,Фламинго РС1 грязный  биг-бег 1000кг. Без полива,raw.r1c_nomenclature_current,1,1
Номенклатура — current,Фламинго РС1 грязный  биг-бег 1000кг. Полив,raw.r1c_nomenclature_current,1,1
Номенклатура — current,Фламинго РС1 мытый  Сетка на рулоне 2.5кг Без полива,raw.r1c_nomenclature_current,1,1
Номенклатура — current,Фламинго РС1 мытый  Сетка на рулоне 2.5кг Полив,raw.r1c_nomenclature_current,1,1
Номенклатура — current,Фламинго РС1 мытый Биг-бег 1000кг. Без полива,raw.r1c_nomenclature_current,1,1
Номенклатура — current,Фламинго РС1 мытый Биг-бег 1000кг. Полив,raw.r1c_nomenclature_current,1,1
Номенклатура — current,Фламинго РС1 мытый Сетка 25кг. Без полива,raw.r1c_nomenclature_current,1,1
Номенклатура — current,Фламинго РС1 мытый Сетка 25кг. Полив,raw.r1c_nomenclature_current,1,1
Номенклатура — current,"Фламинго РС1 мытый Сетка-домик 2,5кг. Без полива",raw.r1c_nomenclature_current,1,1
Номенклатура — current,"Фламинго РС1 мытый Сетка-домик 2,5кг. Полив",raw.r1c_nomenclature_current,1,1
Номенклатура — current,Фламинго РС1 мытый Сетка-домик 3кг Без полива,raw.r1c_nomenclature_current,1,1
Номенклатура — current,Фламинго РС1 мытый Сетка-домик 3кг Полив,raw.r1c_nomenclature_current,1,1
Номенклатура — current,Фламинго РС1 семена  Сетка на рулоне 25кг. Без полива,raw.r1c_nomenclature_current,1,1
Номенклатура — current,Фламинго РС1 семена  Сетка на рулоне 25кг. Полив,raw.r1c_nomenclature_current,1,1
