category,original_name,source_tables,distinct_ids,source_rows
Номенклатура — current,Вэнди РС1  очищенный в ву 5кг. Полив,raw.r1c_nomenclature_current,1,1
Номенклатура — current,"Вэнди РС1  пастеризованный 0,5кг. Без полива",raw.r1c_nomenclature_current,1,1
Номенклатура — current,"Вэнди РС1  пастеризованный 0,5кг. Полив",raw.r1c_nomenclature_current,1,1
Номенклатура — current,Вэнди РС1  эконом  Сетка на рулоне 2.5кг. Без полива,raw.r1c_nomenclature_current,1,1
Номенклатура — current,Вэнди РС1  эконом  Сетка на рулоне 2.5кг. Полив,raw.r1c_nomenclature_current,1,1
Номенклатура — current,Вэнди РС1  эконом  Сетка на рулоне 3кг. Без полива,raw.r1c_nomenclature_current,1,1
Номенклатура — current,Вэнди РС1  эконом  Сетка на рулоне 3кг. Полив,raw.r1c_nomenclature_current,1,1
Номенклатура — current,Вэнди РС1 грязный  Сетка на завязке 25кг. Без полива,raw.r1c_nomenclature_current,1,1
Номенклатура — current,Вэнди РС1 грязный  Сетка на завязке 25кг. Полив,raw.r1c_nomenclature_current,1,1
Номенклатура — current,Вэнди РС1 грязный  Сетка на рулоне 10кг. Без полива,raw.r1c_nomenclature_current,1,1
Номенклатура — current,Вэнди РС1 грязный  Сетка на рулоне 10кг. Полив,raw.r1c_nomenclature_current,1,1
Номенклатура — current,Вэнди РС1 грязный  Сетка на рулоне 2.5кг Без полива,raw.r1c_nomenclature_current,1,1
Номенклатура — current,Вэнди РС1 грязный  Сетка на рулоне 2.5кг Полив,raw.r1c_nomenclature_current,1,1
Номенклатура — current,Вэнди РС1 грязный  Сетка на рулоне 25кг. Без полива,raw.r1c_nomenclature_current,1,1
Номенклатура — current,Вэнди РС1 грязный  Сетка на рулоне 25кг. Полив,raw.r1c_nomenclature_current,1,1
Номенклатура — current,Вэнди РС1 грязный  Сетка на рулоне 3кг. Без полива,raw.r1c_nomenclature_current,1,1
Номенклатура — current,Вэнди РС1 грязный  Сетка на рулоне 3кг. Полив,raw.r1c_nomenclature_current,1,1
Номенклатура — current,Вэнди РС1 грязный  Сетка на рулоне 5кг. Без полива,raw.r1c_nomenclature_current,1,1
Номенклатура — current,Вэнди РС1 грязный  Сетка на рулоне 5кг. Полив,raw.r1c_nomenclature_current,1,1
Номенклатура — current,Вэнди РС1 грязный  биг-бег 1000кг. Без полива,raw.r1c_nomenclature_current,1,1
Номенклатура — current,Вэнди РС1 грязный  биг-бег 1000кг. Полив,raw.r1c_nomenclature_current,1,1
Номенклатура — current,Вэнди РС1 мытый  Биг-бег 1000кг. Без полива,raw.r1c_nomenclature_current,1,1
Номенклатура — current,Вэнди РС1 мытый  Биг-бег 1000кг. Полив,raw.r1c_nomenclature_current,1,1
Номенклатура — current,Вэнди РС1 мытый  Сетка на рулоне 2.5кг Без полива,raw.r1c_nomenclature_current,1,1
Номенклатура — current,Вэнди РС1 мытый  Сетка на рулоне 2.5кг Полив,raw.r1c_nomenclature_current,1,1
Номенклатура — current,Вэнди РС1 мытый Сетка 25кг. Без полива,raw.r1c_nomenclature_current,1,1
Номенклатура — current,Вэнди РС1 мытый Сетка 25кг. Полив,raw.r1c_nomenclature_current,1,1
Номенклатура — current,"Вэнди РС1 мытый Сетка-домик 2,5кг Без полива",raw.r1c_nomenclature_current,1,1
Номенклатура — current,"Вэнди РС1 мытый Сетка-домик 2,5кг Полив",raw.r1c_nomenclature_current,1,1
Номенклатура — current,Вэнди РС1 мытый Сетка-домик 3кг Без полива,raw.r1c_nomenclature_current,1,1
Номенклатура — current,Вэнди РС1 мытый Сетка-домик 3кг Полив,raw.r1c_nomenclature_current,1,1
Номенклатура — current,Вэнди РС1 семена  Сетка на завязке 25кг. Без полива,raw.r1c_nomenclature_current,1,1
Номенклатура — current,Вэнди РС1 семена  Сетка на завязке 25кг. Полив,raw.r1c_nomenclature_current,1,1
Номенклатура — current,Вэнди РС1 семена  Сетка на рулоне 25кг. Без полива,raw.r1c_nomenclature_current,1,1
Номенклатура — current,Вэнди РС1 семена  Сетка на рулоне 25кг. Полив,raw.r1c_nomenclature_current,1,1
Номенклатура — current,Вэнди РС1 семена  биг-бег 1000кг. Без полива,raw.r1c_nomenclature_current,1,1
Номенклатура — current,Вэнди РС1 семена  биг-бег 1000кг. Полив,raw.r1c_nomenclature_current,1,1
Номенклатура — current,"Вэнди РС1 семена  пастеризованный 0,5кг. Без полива",raw.r1c_nomenclature_current,1,1
Номенклатура — current,"Вэнди РС1 семена  пастеризованный 0,5кг. Полив",raw.r1c_nomenclature_current,1,1
Номенклатура — current,Вэнди РС2 мытый Сетка-домик 3кг Полив,raw.r1c_nomenclature_current,1,1
Номенклатура — current,"Вэнди РС4  Сетка-домик 1,5кг. Без полива",raw.r1c_nomenclature_current,1,1
Номенклатура — current,"Вэнди РС4  Сетка-домик 1,5кг. Полив",raw.r1c_nomenclature_current,1,1
Номенклатура — current,Вэнди РС4  Сетка-домик 2кг. Без полива,raw.r1c_nomenclature_current,1,1
Номенклатура — current,Вэнди РС4  Сетка-домик 2кг. Полив,raw.r1c_nomenclature_current,1,1
Номенклатура — current,Вэнди РС4  грязный биг-бег 1000кг. Без полива,raw.r1c_nomenclature_current,1,1
Номенклатура — current,Вэнди РС4  грязный биг-бег 1000кг. Полив,raw.r1c_nomenclature_current,1,1
Номенклатура — current,Вэнди РС4  очищенный в ву 1кг. Без полива,raw.r1c_nomenclature_current,1,1
Номенклатура — current,Вэнди РС4  очищенный в ву 1кг. Полив,raw.r1c_nomenclature_current,1,1
Номенклатура — current,Вэнди РС4  очищенный в ву 5кг. Без полива,raw.r1c_nomenclature_current,1,1
Номенклатура — current,Вэнди РС4  очищенный в ву 5кг. Полив,raw.r1c_nomenclature_current,1,1
Номенклатура — current,"Вэнди РС4  пастеризованный 0,5кг. Без полива",raw.r1c_nomenclature_current,1,1
Номенклатура — current,"Вэнди РС4  пастеризованный 0,5кг. Полив",raw.r1c_nomenclature_current,1,1
Номенклатура — current,Вэнди РС4  эконом  Сетка на рулоне 2.5кг. Без полива,raw.r1c_nomenclature_current,1,1
Номенклатура — current,Вэнди РС4  эконом  Сетка на рулоне 2.5кг. Полив,raw.r1c_nomenclature_current,1,1
Номенклатура — current,Вэнди РС4  эконом  Сетка на рулоне 3кг. Без полива,raw.r1c_nomenclature_current,1,1
Номенклатура — current,Вэнди РС4  эконом  Сетка на рулоне 3кг. Полив,raw.r1c_nomenclature_current,1,1
Номенклатура — current,Вэнди РС4 грязный  Сетка на завязке 25кг. Без полива,raw.r1c_nomenclature_current,1,1
Номенклатура — current,Вэнди РС4 грязный  Сетка на завязке 25кг. Полив,raw.r1c_nomenclature_current,1,1
Номенклатура — current,Вэнди РС4 грязный  Сетка на рулоне 10кг. Без полива,raw.r1c_nomenclature_current,1,1
Номенклатура — current,Вэнди РС4 грязный  Сетка на рулоне 10кг. Полив,raw.r1c_nomenclature_current,1,1
Номенклатура — current,Вэнди РС4 грязный  Сетка на рулоне 25кг. Без полива,raw.r1c_nomenclature_current,1,1
Номенклатура — current,Вэнди РС4 грязный  Сетка на рулоне 25кг. Полив,raw.r1c_nomenclature_current,1,1
Номенклатура — current,Вэнди РС4 грязный  Сетка на рулоне 3кг. Без полива,raw.r1c_nomenclature_current,1,1
Номенклатура — current,Вэнди РС4 грязный  Сетка на рулоне 3кг. Полив,raw.r1c_nomenclature_current,1,1
Номенклатура — current,Вэнди РС4 грязный  Сетка на рулоне 5кг. Без полива,raw.r1c_nomenclature_current,1,1
Номенклатура — current,Вэнди РС4 грязный  Сетка на рулоне 5кг. Полив,raw.r1c_nomenclature_current,1,1
Номенклатура — current,Вэнди РС4 грязный Сетка на рулоне 2.5кг Без полива,raw.r1c_nomenclature_current,1,1
Номенклатура — current,Вэнди РС4 грязный Сетка на рулоне 2.5кг Полив,raw.r1c_nomenclature_current,1,1
Номенклатура — current,Вэнди РС4 мытый  Биг-бег 1000кг. Без полива,raw.r1c_nomenclature_current,1,1
Номенклатура — current,Вэнди РС4 мытый  Биг-бег 1000кг. Полив,raw.r1c_nomenclature_current,1,1
Номенклатура — current,Вэнди РС4 мытый  Сетка на рулоне 2.5кг Без полива,raw.r1c_nomenclature_current,1,1
Номенклатура — current,Вэнди РС4 мытый  Сетка на рулоне 2.5кг Полив,raw.r1c_nomenclature_current,1,1
Номенклатура — current,Вэнди РС4 мытый Сетка 25кг. Без полива,raw.r1c_nomenclature_current,1,1
Номенклатура — current,Вэнди РС4 мытый Сетка 25кг. Полив,raw.r1c_nomenclature_current,1,1
Номенклатура — current,"Вэнди РС4 мытый Сетка-домик 2,5кг Без полива",raw.r1c_nomenclature_current,1,1
Номенклатура — current,"Вэнди РС4 мытый Сетка-домик 2,5кг Полив",raw.r1c_nomenclature_current,1,1
Номенклатура — current,Вэнди РС4 мытый Сетка-домик 3кг Без полива,raw.r1c_nomenclature_current,1,1
Номенклатура — current,Вэнди РС4 мытый Сетка-домик 3кг Полив,raw.r1c_nomenclature_current,1,1
Номенклатура — current,Вэнди РС4 семена  Сетка на рулоне 25кг. Без полива,raw.r1c_nomenclature_current,1,1
Номенклатура — current,Вэнди РС4 семена  Сетка на рулоне 25кг. Полив,raw.r1c_nomenclature_current,1,1
Номенклатура — current,"Вэнди РС4 семена  пастеризованный 0,5кг. Без полива",raw.r1c_nomenclature_current,1,1
Номенклатура — current,"Вэнди РС4 семена  пастеризованный 0,5кг. Полив",raw.r1c_nomenclature_current,1,1
Номенклатура — current,Вэнди РС4 семена Сетка на завязке 25кг. Без полива,raw.r1c_nomenclature_current,1,1
Номенклатура — current,Вэнди РС4 семена Сетка на завязке 25кг. Полив,raw.r1c_nomenclature_current,1,1
Номенклатура — current,Вэнди РС4 семена биг-бег 1000кг. Без полива,raw.r1c_nomenclature_current,1,1
Номенклатура — current,Вэнди РС4 семена биг-бег 1000кг. Полив,raw.r1c_nomenclature_current,1,1
Номенклатура — current,ГИДР.ШЛАНГ-3000-НВД6-2SN,raw.r1c_nomenclature_current,1,1
Номенклатура — current,ГИДРОЛИНИЯ,raw.r1c_nomenclature_current,1,1
Номенклатура — current,ГЛАВНЫЙ ФИЛЬТР ЭЛЕМЕНТ TG1204.11H.1.1,raw.r1c_nomenclature_current,1,1
Номенклатура — current,ГО ПЛИТЫ- XLВЫПУКЛ.ГРЕБ.90-4Р.,raw.r1c_nomenclature_current,1,1
Номенклатура — current,ГОТОВАЯ ПРОДУКЦИЯ,raw.r1c_nomenclature_current,1,1
Номенклатура — current,ГОТОВАЯ ПРОДУКЦИЯ ДАВАЛЬЧЕСКАЯ,raw.r1c_nomenclature_current,1,1
Номенклатура — current,ГСМ,raw.r1c_nomenclature_current,1,1
Номенклатура — current,ГУР 70-3400020,raw.r1c_nomenclature_current,1,1
Номенклатура — current,Газ,raw.r1c_nomenclature_current,1,1
Номенклатура — current,Газ для плит 220 гр. баллон цантовый,raw.r1c_nomenclature_current,1,1
Номенклатура — current,Газ пропан-бутан  50л,raw.r1c_nomenclature_current,1,1
Номенклатура — current,Газ универсальный ,raw.r1c_nomenclature_current,1,1
Номенклатура — current,Газ универсальный для портативных газовых приборов 7434,raw.r1c_nomenclature_current,1,1
Номенклатура — current,Газель Инсектицид,raw.r1c_nomenclature_current,1,1
Номенклатура — current,Газовый баллон МАПП PRO TJ141M,raw.r1c_nomenclature_current,1,1
Номенклатура — current,Газонокасилка бензиновая HUTER GLM5,raw.r1c_nomenclature_current,1,1
Номенклатура — current,Гайка,raw.r1c_nomenclature_current,1,1
Номенклатура — current,Гайка  ИЯВТ 106-04.02.802,raw.r1c_nomenclature_current,1,1
Номенклатура — current,Гайка  МТЗ БЗТДиА 80-1701045,raw.r1c_nomenclature_current,1,1
Номенклатура — current,Гайка  МТЗ вала промежуточного БЗТДиА,raw.r1c_nomenclature_current,1,1
Номенклатура — current,Гайка  МТЗ оси навески РФ А04.02.020-01,raw.r1c_nomenclature_current,1,1
Номенклатура — current,"Гайка  МТЗ, БЗТДиА 1221-3101013",raw.r1c_nomenclature_current,1,1
Номенклатура — current,Гайка + шайба,raw.r1c_nomenclature_current,1,1
Номенклатура — current,Гайка /шайба М 20,raw.r1c_nomenclature_current,1,1
Номенклатура — current,Гайка 5 цинк ,raw.r1c_nomenclature_current,1,1
Номенклатура — current,Гайка 85.32.114,raw.r1c_nomenclature_current,1,1
Номенклатура — current,Гайка JB8915,raw.r1c_nomenclature_current,1,1
Номенклатура — current,Гайка d 24 шайба,raw.r1c_nomenclature_current,1,1
Номенклатура — current,Гайка БДН-3-0М-02.00.015М,raw.r1c_nomenclature_current,1,1
Номенклатура — current,Гайка БДТ 00.622,raw.r1c_nomenclature_current,1,1
Номенклатура — current,Гайка ИЯВТ 106-04.02.802,raw.r1c_nomenclature_current,1,1
Номенклатура — current,"Гайка М 10 *1,25 КАМАЗ многоцелевая",raw.r1c_nomenclature_current,1,1
Номенклатура — current,Гайка М 10.8,raw.r1c_nomenclature_current,1,1
Номенклатура — current,Гайка М 12 лемеха ГОСТ 5927,raw.r1c_nomenclature_current,1,1
Номенклатура — current,"Гайка М 14*1,5 крепления колеса",raw.r1c_nomenclature_current,1,1
Номенклатура — current,Гайка М 16,raw.r1c_nomenclature_current,1,1
Номенклатура — current,Гайка М 18,raw.r1c_nomenclature_current,1,1
Номенклатура — current,Гайка М 20,raw.r1c_nomenclature_current,1,1
Номенклатура — current,Гайка М 20 1 эт,raw.r1c_nomenclature_current,1,1
Номенклатура — current,Гайка М 22,raw.r1c_nomenclature_current,1,1
Номенклатура — current,"Гайка М 22х1,5х35 стремянки рессоры задней ЗИЛ-130,4331 РААЗ",raw.r1c_nomenclature_current,1,1
Номенклатура — current,Гайка М 24-6Н 5.0112 ГОСТ 5915-70,raw.r1c_nomenclature_current,1,1
Номенклатура — current,"Гайка М 30х1,5 левая",raw.r1c_nomenclature_current,1,1
Номенклатура — current,"Гайка М 30х1,5 правая",raw.r1c_nomenclature_current,1,1
Номенклатура — current,Гайка М 30х2 (на 016 ось),raw.r1c_nomenclature_current,1,1
Номенклатура — current,Гайка М 36*3 К-700,raw.r1c_nomenclature_current,1,1
Номенклатура — current,Гайка М 5,raw.r1c_nomenclature_current,1,1
Номенклатура — current,Гайка М 8 ,raw.r1c_nomenclature_current,1,1
Номенклатура — current,Гайка М 8х6 оц.ГОСТ5927-70,raw.r1c_nomenclature_current,1,1
Номенклатура — current,Гайка М-10,raw.r1c_nomenclature_current,1,1
Номенклатура — current,Гайка М10,raw.r1c_nomenclature_current,1,1
Номенклатура — current,Гайка М10х1 коллектора латунь кл17,raw.r1c_nomenclature_current,1,1
Номенклатура — current,"Гайка М12 *1,25 ГОСТ 5927-70",raw.r1c_nomenclature_current,1,1
Номенклатура — current,Гайка М12 колесная,raw.r1c_nomenclature_current,1,1
Номенклатура — current,"Гайка М12, М10, М8 лемеха, отвала ",raw.r1c_nomenclature_current,1,1
Номенклатура — current,Гайка М12-8 DIN 934,raw.r1c_nomenclature_current,1,1
Номенклатура — current,Гайка М12.8,raw.r1c_nomenclature_current,1,1
Номенклатура — current,Гайка М14 с тефлоном шаровой опоры ,raw.r1c_nomenclature_current,1,1
Номенклатура — current,"Гайка М14х1,5-6Н МАЗ",raw.r1c_nomenclature_current,1,1
Номенклатура — current,"Гайка М16х1,5 ",raw.r1c_nomenclature_current,1,1
Номенклатура — current,"Гайка М16х8,0 DIN 934 ",raw.r1c_nomenclature_current,1,1
Номенклатура — current,Гайка М20-6Н ,raw.r1c_nomenclature_current,1,1
Номенклатура — current,Гайка М24 DIN934-8,raw.r1c_nomenclature_current,1,1
Номенклатура — current,Гайка М36*4-10 с нейлоном ,raw.r1c_nomenclature_current,1,1
Номенклатура — current,Гайка М42х2,raw.r1c_nomenclature_current,1,1
Номенклатура — current,Гайка М42х2 низкая БДТ ,raw.r1c_nomenclature_current,1,1
Номенклатура — current,Гайка М42х2 низкая БДТ 00.622-01,raw.r1c_nomenclature_current,1,1
Номенклатура — current,Гайка М42х3 ГОСТ 2524-70 БДТ 00.615.01,raw.r1c_nomenclature_current,1,1
Номенклатура — current,Гайка М8,raw.r1c_nomenclature_current,1,1
Номенклатура — current,Гайка МТЗ БЗТДиА 1221-3101013,raw.r1c_nomenclature_current,1,1
Номенклатура — current,Гайка Нержавеющая М10 DIN 557 А2 квадратная 15 шт,raw.r1c_nomenclature_current,1,1
Номенклатура — current,Гайка Нержавеющая М10 DIN 6923 А2 с зазубринами шестигранная с фланцем 10 шт,raw.r1c_nomenclature_current,1,1
Номенклатура — current,Гайка О 6 мм,raw.r1c_nomenclature_current,1,1
Номенклатура — current,Гайка О 8 мм,raw.r1c_nomenclature_current,1,1
Номенклатура — current,"Гайка РМ 50х1,5 ",raw.r1c_nomenclature_current,1,1
Номенклатура — current,Гайка внутренняя на шпильку ЗИЛ 130 (М18) (ГАЗ),raw.r1c_nomenclature_current,1,1
Номенклатура — current,Гайка заднего колеса МТЗ ,raw.r1c_nomenclature_current,1,1
Номенклатура — current,"Гайка задняя М20х1,5-6н стремянки передней КАМАЗ с насечкой",raw.r1c_nomenclature_current,1,1
Номенклатура — current,"Гайка задняя М24х2,0 стремянки задней УРАЛ",raw.r1c_nomenclature_current,1,1
Номенклатура — current,"Гайка задняя МТЗ, ЮМЗ",raw.r1c_nomenclature_current,1,1
Номенклатура — current,"Гайка кол.УАЗ М14*1,5 24-31029",raw.r1c_nomenclature_current,1,1
Номенклатура — current,"Гайка колеса ЗИЛ-5301 М18*1,5",raw.r1c_nomenclature_current,1,1
Номенклатура — current,"Гайка колеса КАМАЗ,МАЗ Евро М22 5425-3101040",raw.r1c_nomenclature_current,1,1
Номенклатура — current,Гайка колеса М 20*15 ,raw.r1c_nomenclature_current,1,1
Номенклатура — current,Гайка колеса Соболь,raw.r1c_nomenclature_current,1,1
Номенклатура — current,Гайка колпачковая DIN 1587 M14,raw.r1c_nomenclature_current,1,1
Номенклатура — current,Гайка колпачковая DIN 1587 M16,raw.r1c_nomenclature_current,1,1
Номенклатура — current,"Гайка корончатая на рулевой палец М18*1,5 3003032",raw.r1c_nomenclature_current,1,1
Номенклатура — current,Гайка корончатая палеца задней рессоры 303024-П,raw.r1c_nomenclature_current,1,1
Номенклатура — current,"Гайка крепления передней ступицы МТЗ, ЮМЗ 40-3103017 ",raw.r1c_nomenclature_current,1,1
Номенклатура — current,"Гайка круглая 80-1701045 М45*1,5 Н=14 с буртиком",raw.r1c_nomenclature_current,1,1
Номенклатура — current,Гайка м 10 ,raw.r1c_nomenclature_current,1,1
Номенклатура — current,Гайка м 10 1эт,raw.r1c_nomenclature_current,1,1
Номенклатура — current,Гайка м 12 ,raw.r1c_nomenclature_current,1,1
Номенклатура — current,"Гайка м 12 *1,25*15 ГАЗ-24 стремянки",raw.r1c_nomenclature_current,1,1
Номенклатура — current,Гайка м 12 1эт,raw.r1c_nomenclature_current,1,1
Номенклатура — current,Гайка м 14х1.5.8,raw.r1c_nomenclature_current,1,1
Номенклатура — current,Гайка м 14х1.5.КАМАЗ многоцелевая с нейлоном,raw.r1c_nomenclature_current,1,1
Номенклатура — current,Гайка м 18х1.5 опоры двигателя ЗИЛ-130 250907 п29,raw.r1c_nomenclature_current,1,1
Номенклатура — current,Гайка м 20х1.5 колеса ЗИЛ 4331-3104058,raw.r1c_nomenclature_current,1,1
Номенклатура — current,Гайка м 42*3,raw.r1c_nomenclature_current,1,1
Номенклатура — current,Гайка м 42*3-01 оси и упор батарей,raw.r1c_nomenclature_current,1,1
Номенклатура — current,Гайка м 6,raw.r1c_nomenclature_current,1,1
Номенклатура — current,Гайка накидная DKOL M22*1.5,raw.r1c_nomenclature_current,1,1
Номенклатура — current,Гайка оцинкованная DIN 934 М10,raw.r1c_nomenclature_current,1,1
Номенклатура — current,Гайка оцинкованная DIN 934 М12,raw.r1c_nomenclature_current,1,1
Номенклатура — current,Гайка оцинкованная DIN 934 М18,raw.r1c_nomenclature_current,1,1
Номенклатура — current,Гайка оцинкованная DIN 934 М20,raw.r1c_nomenclature_current,1,1
Номенклатура — current,Гайка оцинкованная DIN 934 М22,raw.r1c_nomenclature_current,1,1
Номенклатура — current,Гайка оцинкованная DIN 934 М6,raw.r1c_nomenclature_current,1,1
Номенклатура — current,Гайка оцинкованная DIN 934 М8,raw.r1c_nomenclature_current,1,1
Номенклатура — current,Гайка переднего колеса МТЗ,raw.r1c_nomenclature_current,1,1
Номенклатура — current,Гайка переднего колеса МТЗ 40.ТЗ103017,raw.r1c_nomenclature_current,1,1
Номенклатура — current,Гайка переднего колеса левая ГАЗ-53 (120-3103018),raw.r1c_nomenclature_current,1,1
Номенклатура — current,Гайка переднего колеса правая ГАЗ-53 (120-3103018),raw.r1c_nomenclature_current,1,1
Номенклатура — current,"Гайка рулевых тяг 5320-3414070 М24*1,5",raw.r1c_nomenclature_current,1,1
Номенклатура — current,Гайка с фланцем,raw.r1c_nomenclature_current,1,1
Номенклатура — current,Гайка самоконтрящаяся DIN985-NM16-8,raw.r1c_nomenclature_current,1,1
Номенклатура — current,Гайка самоконтрящаяся DIN985-NM20-8 zn,raw.r1c_nomenclature_current,1,1
Номенклатура — current,Гайка самоконтрящаяся с нейлоновым кольцом цинк DIN 985 М10,raw.r1c_nomenclature_current,1,1
Номенклатура — current,Гайка самоконтрящаяся с нейлоновым кольцом цинк DIN 985 М12,raw.r1c_nomenclature_current,1,1
Номенклатура — current,Гайка самоконтрящаяся с нейлоновым кольцом цинк DIN 985 М14,raw.r1c_nomenclature_current,1,1
Номенклатура — current,Гайка самоконтрящаяся с нейлоновым кольцом цинк DIN 985 М16,raw.r1c_nomenclature_current,1,1
Номенклатура — current,Гайка самоконтрящаяся с нейлоновым кольцом цинк DIN 985 М6,raw.r1c_nomenclature_current,1,1
Номенклатура — current,Гайка самоконтрящаяся с нейлоновым кольцом цинк DIN 985 М8,raw.r1c_nomenclature_current,1,1
Номенклатура — current,"Гайка самостоп М 12х1,25.8",raw.r1c_nomenclature_current,1,1
Номенклатура — current,"Гайка самостоп. М12х1,25.8",raw.r1c_nomenclature_current,1,1
Номенклатура — current,Гайка самостоп.М 10.8,raw.r1c_nomenclature_current,1,1
Номенклатура — current,"Гайка самостоп.М 12 *1,25*8",raw.r1c_nomenclature_current,1,1
Номенклатура — current,Гайка самостоп.М 12.8,raw.r1c_nomenclature_current,1,1
Номенклатура — current,Гайка стремянки МАЗ М24*2,raw.r1c_nomenclature_current,1,1
Номенклатура — current,"Гайка шестигранная M 6мм DIN 934, нержавеющая сталь",raw.r1c_nomenclature_current,1,1
Номенклатура — current,Гайка шестигранная М 6 DN934/10,raw.r1c_nomenclature_current,1,1
Номенклатура — current,Гайка шестигранная М10 цинк класс прочности 6 DIN 934 10 штук,raw.r1c_nomenclature_current,1,1
Номенклатура — current,Гайка шестигранная колпачковая M12,raw.r1c_nomenclature_current,1,1
Номенклатура — current,Гайка №16,raw.r1c_nomenclature_current,1,1
Номенклатура — current,Гайка+шайба М8,raw.r1c_nomenclature_current,1,1
Номенклатура — current,Гайковерт INGCO 850,raw.r1c_nomenclature_current,1,1
Номенклатура — current,Гайконверт Jonnesvau JAI-1114 пневматический ударный композитный 1/2 DR 9500 об/мин ,raw.r1c_nomenclature_current,1,1
Номенклатура — current,Гайконверт aк Makita DTW285Z,raw.r1c_nomenclature_current,1,1
Номенклатура — current,Гайконверт механический (УКМ) (головка S=32 33 L=330мм 1х78 6800Нм),raw.r1c_nomenclature_current,1,1
Номенклатура — current,"Гайтан, КЭ Гербицид ",raw.r1c_nomenclature_current,1,1
Номенклатура — current,"Гала РС1  Сетка-домик 1,5кг. Без полива",raw.r1c_nomenclature_current,1,1
Номенклатура — current,"Гала РС1  Сетка-домик 1,5кг. Полив",raw.r1c_nomenclature_current,1,1
Номенклатура — current,Гала РС1  Сетка-домик 2кг. Без полива,raw.r1c_nomenclature_current,1,1
Номенклатура — current,Гала РС1  Сетка-домик 2кг. Полив,raw.r1c_nomenclature_current,1,1
Номенклатура — current,Гала РС1  грязный Сетка на рулоне 2.5кг Без полива,raw.r1c_nomenclature_current,1,1
Номенклатура — current,Гала РС1  грязный Сетка на рулоне 2.5кг Полив,raw.r1c_nomenclature_current,1,1
Номенклатура — current,Гала РС1  очищенный в ву 1кг. Без полива,raw.r1c_nomenclature_current,1,1
Номенклатура — current,Гала РС1  очищенный в ву 1кг. Полив,raw.r1c_nomenclature_current,1,1
Номенклатура — current,Гала РС1  очищенный в ву 5кг. Без полива,raw.r1c_nomenclature_current,1,1
Номенклатура — current,Гала РС1  очищенный в ву 5кг. Полив,raw.r1c_nomenclature_current,1,1
Номенклатура — current,"Гала РС1  пастеризованный 0,5кг. Без полива",raw.r1c_nomenclature_current,1,1
Номенклатура — current,"Гала РС1  пастеризованный 0,5кг. Полив",raw.r1c_nomenclature_current,1,1
Номенклатура — current,Гала РС1 грязный  Сетка на завязке 25кг. Без полива,raw.r1c_nomenclature_current,1,1
Номенклатура — current,Гала РС1 грязный  Сетка на завязке 25кг. Полив,raw.r1c_nomenclature_current,1,1
Номенклатура — current,Гала РС1 грязный  Сетка на рулоне 10кг. Без полива,raw.r1c_nomenclature_current,1,1
Номенклатура — current,Гала РС1 грязный  Сетка на рулоне 10кг. Полив,raw.r1c_nomenclature_current,1,1
Номенклатура — current,Гала РС1 грязный  Сетка на рулоне 25кг. Без полива,raw.r1c_nomenclature_current,1,1
Номенклатура — current,Гала РС1 грязный  Сетка на рулоне 25кг. Полив,raw.r1c_nomenclature_current,1,1
Номенклатура — current,Гала РС1 грязный  Сетка на рулоне 3кг. Без полива,raw.r1c_nomenclature_current,1,1
Номенклатура — current,Гала РС1 грязный  Сетка на рулоне 3кг. Полив,raw.r1c_nomenclature_current,1,1
Номенклатура — current,Гала РС1 грязный  Сетка на рулоне 5кг. Без полива,raw.r1c_nomenclature_current,1,1
Номенклатура — current,Гала РС1 грязный  Сетка на рулоне 5кг. Полив,raw.r1c_nomenclature_current,1,1
Номенклатура — current,Гала РС1 грязный  биг-бег 1000кг. Без полива,raw.r1c_nomenclature_current,1,1
Номенклатура — current,Гала РС1 грязный  биг-бег 1000кг. Полив,raw.r1c_nomenclature_current,1,1
Номенклатура — current,Гала РС1 мытый  Биг-бег 1000кг. Без полива,raw.r1c_nomenclature_current,1,1
Номенклатура — current,Гала РС1 мытый  Биг-бег 1000кг. Полив,raw.r1c_nomenclature_current,1,1
Номенклатура — current,Гала РС1 мытый Сетка 25кг. Без полива,raw.r1c_nomenclature_current,1,1
Номенклатура — current,Гала РС1 мытый Сетка 25кг. Полив,raw.r1c_nomenclature_current,1,1
Номенклатура — current,Гала РС1 мытый Сетка на рулоне 2.5кг Без полива,raw.r1c_nomenclature_current,1,1
Номенклатура — current,Гала РС1 мытый Сетка на рулоне 2.5кг Полив,raw.r1c_nomenclature_current,1,1
Номенклатура — current,"Гала РС1 мытый Сетка-домик 2,5кг. Без полива",raw.r1c_nomenclature_current,1,1
Номенклатура — current,"Гала РС1 мытый Сетка-домик 2,5кг. Полив",raw.r1c_nomenclature_current,1,1
Номенклатура — current,Гала РС1 мытый Сетка-домик 3кг Без полива,raw.r1c_nomenclature_current,1,1
Номенклатура — current,Гала РС1 мытый Сетка-домик 3кг Полив,raw.r1c_nomenclature_current,1,1
Номенклатура — current,Гала РС1 семена  Сетка на завязке 25кг. Без полива,raw.r1c_nomenclature_current,1,1
Номенклатура — current,Гала РС1 семена  Сетка на завязке 25кг. Полив,raw.r1c_nomenclature_current,1,1
Номенклатура — current,Гала РС1 семена  Сетка на рулоне 25кг. Без полива,raw.r1c_nomenclature_current,1,1
Номенклатура — current,Гала РС1 семена  Сетка на рулоне 25кг. Полив,raw.r1c_nomenclature_current,1,1
Номенклатура — current,Гала РС1 семена  биг-бег 1000кг. Без полива,raw.r1c_nomenclature_current,1,1
Номенклатура — current,Гала РС1 семена  биг-бег 1000кг. Полив,raw.r1c_nomenclature_current,1,1
Номенклатура — current,"Гала РС1 семена  пастеризованный 0,5кг. Без полива",raw.r1c_nomenclature_current,1,1
Номенклатура — current,"Гала РС1 семена  пастеризованный 0,5кг. Полив",raw.r1c_nomenclature_current,1,1
Номенклатура — current,Гала РС1 эконом  Сетка на рулоне 2.5кг. Без полива,raw.r1c_nomenclature_current,1,1
Номенклатура — current,Гала РС1 эконом  Сетка на рулоне 2.5кг. Полив,raw.r1c_nomenclature_current,1,1
Номенклатура — current,Гала РС1 эконом  Сетка на рулоне 3кг. Без полива,raw.r1c_nomenclature_current,1,1
Номенклатура — current,Гала РС1 эконом  Сетка на рулоне 3кг. Полив,raw.r1c_nomenclature_current,1,1
Номенклатура — current,"Гала РС2  Сетка-домик 1,5кг. Без полива",raw.r1c_nomenclature_current,1,1
Номенклатура — current,"Гала РС2  Сетка-домик 1,5кг. Полив",raw.r1c_nomenclature_current,1,1
Номенклатура — current,Гала РС2  Сетка-домик 2кг. Без полива,raw.r1c_nomenclature_current,1,1
Номенклатура — current,Гала РС2  грязный Сетка на рулоне 5кг. Без полива,raw.r1c_nomenclature_current,1,1
Номенклатура — current,Гала РС2  грязный Сетка на рулоне 5кг. Полив,raw.r1c_nomenclature_current,1,1
Номенклатура — current,Гала РС2  очищенный в ву 1кг. Без полива,raw.r1c_nomenclature_current,1,1
Номенклатура — current,Гала РС2  очищенный в ву 1кг. Полив,raw.r1c_nomenclature_current,1,1
Номенклатура — current,Гала РС2  очищенный в ву 5кг. Без полива,raw.r1c_nomenclature_current,1,1
Номенклатура — current,Гала РС2  очищенный в ву 5кг. Полив,raw.r1c_nomenclature_current,1,1
Номенклатура — current,"Гала РС2  пастеризованный 0,5кг. Без полива",raw.r1c_nomenclature_current,1,1
Номенклатура — current,"Гала РС2  пастеризованный 0,5кг. Полив",raw.r1c_nomenclature_current,1,1
Номенклатура — current,"Гала РС2  семена пастеризованный 0,5кг. Без полива",raw.r1c_nomenclature_current,1,1
Номенклатура — current,"Гала РС2  семена пастеризованный 0,5кг. Полив",raw.r1c_nomenclature_current,1,1
Номенклатура — current,Гала РС2  эконом  Сетка на рулоне 2.5кг. Без полива,raw.r1c_nomenclature_current,1,1
Номенклатура — current,Гала РС2  эконом  Сетка на рулоне 2.5кг. Полив,raw.r1c_nomenclature_current,1,1
Номенклатура — current,Гала РС2  эконом  Сетка на рулоне 3кг. Без полива,raw.r1c_nomenclature_current,1,1
Номенклатура — current,Гала РС2  эконом  Сетка на рулоне 3кг. Полив,raw.r1c_nomenclature_current,1,1
Номенклатура — current,Гала РС2 в в.упак 5кг. Полив,raw.r1c_nomenclature_current,1,1
Номенклатура — current,Гала РС2 в ву 5кг. Полив,raw.r1c_nomenclature_current,1,1
Номенклатура — current,Гала РС2 грязный  Сетка на завязке 25кг. Без полива,raw.r1c_nomenclature_current,1,1
Номенклатура — current,Гала РС2 грязный  Сетка на завязке 25кг. Полив,raw.r1c_nomenclature_current,1,1
Номенклатура — current,Гала РС2 грязный  Сетка на рулоне 10кг. Без полива,raw.r1c_nomenclature_current,1,1
Номенклатура — current,Гала РС2 грязный  Сетка на рулоне 10кг. Полив,raw.r1c_nomenclature_current,1,1
Номенклатура — current,Гала РС2 грязный  Сетка на рулоне 2.5кг Без полива,raw.r1c_nomenclature_current,1,1
Номенклатура — current,Гала РС2 грязный  Сетка на рулоне 2.5кг Полив,raw.r1c_nomenclature_current,1,1
Номенклатура — current,Гала РС2 грязный  Сетка на рулоне 25кг. Без полива,raw.r1c_nomenclature_current,1,1
Номенклатура — current,Гала РС2 грязный  Сетка на рулоне 25кг. Полив,raw.r1c_nomenclature_current,1,1
Номенклатура — current,Гала РС2 грязный  Сетка на рулоне 3кг. Без полива,raw.r1c_nomenclature_current,1,1
Номенклатура — current,Гала РС2 грязный  Сетка на рулоне 3кг. Полив,raw.r1c_nomenclature_current,1,1
Номенклатура — current,Гала РС2 грязный  биг-бег 1000кг. Без полива,raw.r1c_nomenclature_current,1,1
Номенклатура — current,Гала РС2 грязный  биг-бег 1000кг. Полив,raw.r1c_nomenclature_current,1,1
Номенклатура — current,Гала РС2 мытый  Биг-бег 1000кг. Без полива,raw.r1c_nomenclature_current,1,1
Номенклатура — current,Гала РС2 мытый  Биг-бег 1000кг. Полив,raw.r1c_nomenclature_current,1,1
Номенклатура — current,Гала РС2 мытый  Сетка на рулоне 2.5кг Без полива,raw.r1c_nomenclature_current,1,1
Номенклатура — current,Гала РС2 мытый  Сетка на рулоне 2.5кг Полив,raw.r1c_nomenclature_current,1,1
Номенклатура — current,Гала РС2 мытый Сетка 25кг. Без полива,raw.r1c_nomenclature_current,1,1
Номенклатура — current,Гала РС2 мытый Сетка 25кг. Полив,raw.r1c_nomenclature_current,1,1
Номенклатура — current,"Гала РС2 мытый Сетка-домик 2,5кг. Без полива",raw.r1c_nomenclature_current,1,1
Номенклатура — current,"Гала РС2 мытый Сетка-домик 2,5кг. Полив",raw.r1c_nomenclature_current,1,1
Номенклатура — current,Гала РС2 мытый Сетка-домик 2кг. Полив,raw.r1c_nomenclature_current,1,1
Номенклатура — current,Гала РС2 мытый Сетка-домик 3кг Без полива,raw.r1c_nomenclature_current,1,1
Номенклатура — current,Гала РС2 мытый Сетка-домик 3кг Полив,raw.r1c_nomenclature_current,1,1
Номенклатура — current,Гала РС2 семена  Сетка на завязке 25кг. Без полива,raw.r1c_nomenclature_current,1,1
Номенклатура — current,Гала РС2 семена  Сетка на завязке 25кг. Полив,raw.r1c_nomenclature_current,1,1
Номенклатура — current,Гала РС2 семена  Сетка на рулоне 25кг. Без полива,raw.r1c_nomenclature_current,1,1
Номенклатура — current,Гала РС2 семена  Сетка на рулоне 25кг. Полив,raw.r1c_nomenclature_current,1,1
Номенклатура — current,Гала РС2 семена  биг-бег 1000кг. Без полива,raw.r1c_nomenclature_current,1,1
Номенклатура — current,Гала РС2 семена  биг-бег 1000кг. Полив,raw.r1c_nomenclature_current,1,1
Номенклатура — current,"Гала РС3  Сетка-домик 1,5кг. Без полива",raw.r1c_nomenclature_current,1,1
Номенклатура — current,"Гала РС3  Сетка-домик 1,5кг. Полив",raw.r1c_nomenclature_current,1,1
Номенклатура — current,Гала РС3  Сетка-домик 2кг. Без полива,raw.r1c_nomenclature_current,1,1
Номенклатура — current,Гала РС3  Сетка-домик 2кг. Полив,raw.r1c_nomenclature_current,1,1
Номенклатура — current,Гала РС3  очищенный в ву 1кг. Без полива,raw.r1c_nomenclature_current,1,1
Номенклатура — current,Гала РС3  очищенный в ву 1кг. Полив,raw.r1c_nomenclature_current,1,1
Номенклатура — current,Гала РС3  очищенный в ву 5кг. Без полива,raw.r1c_nomenclature_current,1,1
Номенклатура — current,"Гала РС3  пастеризованный 0,5кг. Без полива",raw.r1c_nomenclature_current,1,1
Номенклатура — current,"Гала РС3  пастеризованный 0,5кг. Полив",raw.r1c_nomenclature_current,1,1
Номенклатура — current,Гала РС3  эконом  Сетка на рулоне 2.5кг. Без полива,raw.r1c_nomenclature_current,1,1
Номенклатура — current,Гала РС3  эконом  Сетка на рулоне 2.5кг. Полив,raw.r1c_nomenclature_current,1,1
Номенклатура — current,Гала РС3  эконом  Сетка на рулоне 3кг. Без полива,raw.r1c_nomenclature_current,1,1
Номенклатура — current,Гала РС3  эконом  Сетка на рулоне 3кг. Полив,raw.r1c_nomenclature_current,1,1
Номенклатура — current,Гала РС3 грязный  Сетка на завязке 25кг. Без полива,raw.r1c_nomenclature_current,1,1
Номенклатура — current,Гала РС3 грязный  Сетка на завязке 25кг. Полив,raw.r1c_nomenclature_current,1,1
Номенклатура — current,Гала РС3 грязный  Сетка на рулоне 10кг. Без полива,raw.r1c_nomenclature_current,1,1
Номенклатура — current,Гала РС3 грязный  Сетка на рулоне 10кг. Полив,raw.r1c_nomenclature_current,1,1
Номенклатура — current,Гала РС3 грязный  Сетка на рулоне 2.5кг Без полива,raw.r1c_nomenclature_current,1,1
Номенклатура — current,Гала РС3 грязный  Сетка на рулоне 2.5кг Полив,raw.r1c_nomenclature_current,1,1
Номенклатура — current,Гала РС3 грязный  Сетка на рулоне 25кг. Без полива,raw.r1c_nomenclature_current,1,1
Номенклатура — current,Гала РС3 грязный  Сетка на рулоне 25кг. Полив,raw.r1c_nomenclature_current,1,1
Номенклатура — current,Гала РС3 грязный  Сетка на рулоне 3кг. Без полива,raw.r1c_nomenclature_current,1,1
Номенклатура — current,Гала РС3 грязный  Сетка на рулоне 3кг. Полив,raw.r1c_nomenclature_current,1,1
Номенклатура — current,Гала РС3 грязный  Сетка на рулоне 5кг. Без полива,raw.r1c_nomenclature_current,1,1
Номенклатура — current,Гала РС3 грязный  Сетка на рулоне 5кг. Полив,raw.r1c_nomenclature_current,1,1
Номенклатура — current,Гала РС3 грязный  биг-бег 1000кг. Без полива,raw.r1c_nomenclature_current,1,1
Номенклатура — current,Гала РС3 грязный  биг-бег 1000кг. Полив,raw.r1c_nomenclature_current,1,1
Номенклатура — current,Гала РС3 мытый  Биг-бег 1000кг. Без полива,raw.r1c_nomenclature_current,1,1
Номенклатура — current,Гала РС3 мытый  Биг-бег 1000кг. Полив,raw.r1c_nomenclature_current,1,1
Номенклатура — current,Гала РС3 мытый  Сетка на рулоне 2.5кг Без полива,raw.r1c_nomenclature_current,1,1
Номенклатура — current,Гала РС3 мытый  Сетка на рулоне 2.5кг Полив,raw.r1c_nomenclature_current,1,1
Номенклатура — current,Гала РС3 мытый Сетка 25кг. Без полива,raw.r1c_nomenclature_current,1,1
Номенклатура — current,Гала РС3 мытый Сетка 25кг. Полив,raw.r1c_nomenclature_current,1,1
Номенклатура — current,"Гала РС3 мытый Сетка-домик 2,5кг. Без полива",raw.r1c_nomenclature_current,1,1
Номенклатура — current,"Гала РС3 мытый Сетка-домик 2,5кг. Полив",raw.r1c_nomenclature_current,1,1
Номенклатура — current,Гала РС3 мытый Сетка-домик 3кг Без полива,raw.r1c_nomenclature_current,1,1
Номенклатура — current,Гала РС3 мытый Сетка-домик 3кг Полив,raw.r1c_nomenclature_current,1,1
Номенклатура — current,Гала РС3 очищенный в ву 5кг. Полив,raw.r1c_nomenclature_current,1,1
Номенклатура — current,Гала РС3 семена  Сетка на рулоне 25кг. Без полива,raw.r1c_nomenclature_current,1,1
Номенклатура — current,Гала РС3 семена  Сетка на рулоне 25кг. Полив,raw.r1c_nomenclature_current,1,1
Номенклатура — current,"Гала РС3 семена  пастеризованный 0,5кг. Без полива",raw.r1c_nomenclature_current,1,1
Номенклатура — current,"Гала РС3 семена  пастеризованный 0,5кг. Полив",raw.r1c_nomenclature_current,1,1
Номенклатура — current,Гала РС3 семена Сетка на завязке 25кг. Без полива,raw.r1c_nomenclature_current,1,1
Номенклатура — current,Гала РС3 семена Сетка на завязке 25кг. Полив,raw.r1c_nomenclature_current,1,1
Номенклатура — current,Гала РС3 семена биг-бег 1000кг. Без полива,raw.r1c_nomenclature_current,1,1
Номенклатура — current,Гала РС3 семена биг-бег 1000кг. Полив,raw.r1c_nomenclature_current,1,1
Номенклатура — current,"ГалаРС1 Белый Мытый  Сетка домик2,5 кг.",raw.r1c_nomenclature_current,1,1
Номенклатура — current,ГалаРС2 Белый Грязный  Сетка на рулоне10 кг.,raw.r1c_nomenclature_current,1,1
Номенклатура — current,"ГалаРС2 Белый Грязный Сетка на рулоне2,5 кг.",raw.r1c_nomenclature_current,1,1
Номенклатура — current,ГалаРС2 Белый Грязный Сетка на рулоне25 кг.,raw.r1c_nomenclature_current,1,1
Номенклатура — current,ГалаРС2 Белый Грязный Сетка на рулоне3 кг.,raw.r1c_nomenclature_current,1,1
Номенклатура — current,ГалаРС2 Белый Мытый  Сетка на рулоне10 кг. ,raw.r1c_nomenclature_current,1,1
Номенклатура — current,ГалаРС2 Белый Мытый Сетка домик3 кг.,raw.r1c_nomenclature_current,1,1
Номенклатура — current,ГалаРС2 Белый Мытый Сетка домик3 кг. _ЛЕНТА,raw.r1c_nomenclature_current,1,1
Номенклатура — current,"ГалаРС3 Белый Беби Мытый Сетка домик1,5 кг.",raw.r1c_nomenclature_current,1,1
Номенклатура — current,ГалаРС3 Белый Беби Мытый Сетка домик2 кг.,raw.r1c_nomenclature_current,1,1
Номенклатура — current,ГалаРС3 Белый Беби Мытый Сетка на рулоне25 кг.,raw.r1c_nomenclature_current,1,1
Номенклатура — current,ГалаРС3 Белый Вакуумная упаковка5 кг.,raw.r1c_nomenclature_current,1,1
Номенклатура — current,ГалаРС3 Белый Грязный  Биг-бэг1000 кг.,raw.r1c_nomenclature_current,1,1
Номенклатура — current,"ГалаРС3 Белый Грязный  Сетка на рулоне2,5 кг.",raw.r1c_nomenclature_current,1,1
Номенклатура — current,ГалаРС3 Белый Грязный  Сетка на рулоне25 кг.,raw.r1c_nomenclature_current,1,1
Номенклатура — current,ГалаРС3 Белый Грязный  Сетка на рулоне3 кг.,raw.r1c_nomenclature_current,1,1
Номенклатура — current,ГалаРС3 Белый Грязный  Сетка на рулоне5 кг.,raw.r1c_nomenclature_current,1,1
Номенклатура — current,"ГалаРС3 Белый Грязный МЛК Сетка на рулоне2,5 кг.",raw.r1c_nomenclature_current,1,1
Номенклатура — current,"ГалаРС3 Белый Мытый  Сетка домик2,5 кг.",raw.r1c_nomenclature_current,1,1
Номенклатура — current,ГалаРС3 Белый Мытый  Сетка домик3 кг.,raw.r1c_nomenclature_current,1,1
Номенклатура — current,ГалаРС3 Белый Мытый  Сетка домик3 кг. ЛЕНТА FRESH,raw.r1c_nomenclature_current,1,1
Номенклатура — current,ГалаРС3 Белый Мытый  Сетка на рулоне10 кг.,raw.r1c_nomenclature_current,1,1
Номенклатура — current,ГалаРС4 Белый Грязный  Сетка на рулоне10 кг.,raw.r1c_nomenclature_current,1,1
Номенклатура — current,"ГалаРС4 Белый Грязный Сетка на рулоне2,5 кг.",raw.r1c_nomenclature_current,1,1
Номенклатура — current,ГалаРС4 Белый Грязный Сетка на рулоне25 кг.,raw.r1c_nomenclature_current,1,1
Номенклатура — current,ГалаРС4 Белый Грязный Сетка на рулоне3 кг.,raw.r1c_nomenclature_current,1,1
Номенклатура — current,ГалаРС4 Белый Мытый  Сетка на рулоне10 кг. ,raw.r1c_nomenclature_current,1,1
Номенклатура — current,ГалаРС4 Белый Мытый Сетка домик3 кг.,raw.r1c_nomenclature_current,1,1
Номенклатура — current,ГалаРС4 Белый Мытый Сетка домик3 кг. _ЛЕНТА,raw.r1c_nomenclature_current,1,1
Номенклатура — current,ГалаЭконом Белый Грязный Биг Бэг1000 кг. ,raw.r1c_nomenclature_current,1,1
Номенклатура — current,ГалаЭконом Белый Грязный Сетка на рулоне25 кг. ,raw.r1c_nomenclature_current,1,1
Номенклатура — current,Галоши цв.черный/камуфлированный мод.116М (р.36) ЭВА утепл.,raw.r1c_nomenclature_current,1,1
Номенклатура — current,Галоши цв.черный/камуфлированный мод.116М (р.37) ЭВА утепл.,raw.r1c_nomenclature_current,1,1
Номенклатура — current,Галоши цв.черный/камуфлированный мод.116М (р.38) ЭВА утепл.,raw.r1c_nomenclature_current,1,1
Номенклатура — current,Галоши цв.черный/камуфлированный мод.116М (р.39) ЭВА утепл.,raw.r1c_nomenclature_current,1,1
Номенклатура — current,Галоши цв.черный/камуфлированный мод.116М (р.40) ЭВА утепл.,raw.r1c_nomenclature_current,1,1
Номенклатура — current,Галоши цв.черный/камуфлированный мод.116М (р.41) ЭВА утепл.,raw.r1c_nomenclature_current,1,1
Номенклатура — current,Гамаир Инсектицид,raw.r1c_nomenclature_current,1,1
Номенклатура — current,"Гамбит,СК Гербицид ",raw.r1c_nomenclature_current,1,1
Номенклатура — current,Гарелка -насадка GT-19 газовая с пьезоподжигом,raw.r1c_nomenclature_current,1,1
Номенклатура — current,Гарелка ацетиленовая KRASS ГZC-123 2117533,raw.r1c_nomenclature_current,1,1
Номенклатура — current,Гарелка газовая под цант/ баллон ВТОДЕЛО 44110,raw.r1c_nomenclature_current,1,1
Номенклатура — current,Гарелка газовая портативная,raw.r1c_nomenclature_current,1,1
Номенклатура — current,Гарелка газовая с пьезо,raw.r1c_nomenclature_current,1,1
Номенклатура — current,Гарелка для балона ГВ-811,raw.r1c_nomenclature_current,1,1
Номенклатура — current,"Гарнитура компьютерная Genius HS-220U, кабель 2,4м",raw.r1c_nomenclature_current,1,1
Номенклатура — current,"Гарнитура проводная Logicool H151 [накладные, полуоткрытые, рег. громкости, микр., кабель - 1.8 м; 3",raw.r1c_nomenclature_current,1,1
Номенклатура — current,Гаситель падения ГП-2,raw.r1c_nomenclature_current,1,1
Номенклатура — current,"Гаур, КЭ Гербицид ",raw.r1c_nomenclature_current,1,1
Номенклатура — current,"Гводи строительные черные 6,0*200",raw.r1c_nomenclature_current,1,1
Номенклатура — current,Гвозди 100,raw.r1c_nomenclature_current,1,1
Номенклатура — current,Гвозди 100 винтовые,raw.r1c_nomenclature_current,1,1
Номенклатура — current,Гвозди 30 оцинк.,raw.r1c_nomenclature_current,1,1
Номенклатура — current,Гвозди 40 оцинк.,raw.r1c_nomenclature_current,1,1
Номенклатура — current,Гвозди 50,raw.r1c_nomenclature_current,1,1
Номенклатура — current,Гвозди 50 ершоные,raw.r1c_nomenclature_current,1,1
Номенклатура — current,Гвозди 70,raw.r1c_nomenclature_current,1,1
Номенклатура — current,Гвозди 70 винтовые,raw.r1c_nomenclature_current,1,1
Номенклатура — current,Гвозди 80*3,raw.r1c_nomenclature_current,1,1
Номенклатура — current,Гвозди 90,raw.r1c_nomenclature_current,1,1
Номенклатура — current,Гвозди 90 винтовые,raw.r1c_nomenclature_current,1,1
Номенклатура — current,Гвозди винт  9,raw.r1c_nomenclature_current,1,1
Номенклатура — current,Гвозди черн 6*200,raw.r1c_nomenclature_current,1,1
Номенклатура — current,Гвозди шиферные 120,raw.r1c_nomenclature_current,1,1
Номенклатура — current,Гвоздодер ,raw.r1c_nomenclature_current,1,1
Номенклатура — current,Гвоздодер 300 мм,raw.r1c_nomenclature_current,1,1
Номенклатура — current,Гвоздодер 400 мм,raw.r1c_nomenclature_current,1,1
Номенклатура — current,Гвоздодер 600 мм,raw.r1c_nomenclature_current,1,1
Номенклатура — current,"Гвоздь барабанный 2,5/70 мм винтовая накатка MP-650684 MAINPACK",raw.r1c_nomenclature_current,1,1
Номенклатура — current,Гедеон Инсектицид,raw.r1c_nomenclature_current,1,1
Номенклатура — current,Гезагард КС,raw.r1c_nomenclature_current,1,1
Номенклатура — current,Гель антибактериальный,raw.r1c_nomenclature_current,1,1
Номенклатура — current,Гель для сантехники 750 мл,raw.r1c_nomenclature_current,1,1
Номенклатура — current,Гель для сантехники 750мл,raw.r1c_nomenclature_current,1,1
Номенклатура — current,Гель для удаления налета-ржавчины Dolphin/Sani Acid (DO11) 5л.,raw.r1c_nomenclature_current,1,1
Номенклатура — current,Гель очищающий Армакон Цитролин ,raw.r1c_nomenclature_current,1,1
Номенклатура — current,Генератор  3032.3771 ПАЗ (аналог 291.3771),raw.r1c_nomenclature_current,1,1
Номенклатура — current,Генератор  ВАЗ 32123,raw.r1c_nomenclature_current,1,1
Номенклатура — current,"Генератор  МТЗ 1221,КСК-150,ТО-28 дв Д-245.5.245.7.260 1000Вт Радиоволна",raw.r1c_nomenclature_current,1,1
Номенклатура — current,"Генератор  МТЗ 80,82,Т-70,80 ТО-18М,ТМ-3 дв Д-230,240,242,243,245 14В 50А АВТОМАРКЕТ",raw.r1c_nomenclature_current,1,1
Номенклатура — current,"Генератор  МТЗ 80,82,Т-70,80,ТО-18М,ТМ3 дв Д-230,240,242,243,245 14Вт 50А Радиоволна",raw.r1c_nomenclature_current,1,1
Номенклатура — current,"Генератор  МТЗ Г1150.04.01,1150w.14v",raw.r1c_nomenclature_current,1,1
Номенклатура — current,"Генератор 1312.3771,КАМАЗ,МАЗ,28В,50А",raw.r1c_nomenclature_current,1,1
Номенклатура — current,Генератор 50 amp Krauf ALM4562LK,raw.r1c_nomenclature_current,1,1
Номенклатура — current,"Генератор 9721.3701 МТЗ дв 245,260,14В 1400ВТ",raw.r1c_nomenclature_current,1,1
Номенклатура — current,Генератор HUTERDY6500LX электорстартер,raw.r1c_nomenclature_current,1,1
Номенклатура — current,Генератор Г-46 1150 Вт,raw.r1c_nomenclature_current,1,1
Номенклатура — current,"Генератор Г273.Г1 (МАЗ-500,64229) дв.236-238 ",raw.r1c_nomenclature_current,1,1
Номенклатура — current,Генератор Г287Д (К-701) 14В 85А,raw.r1c_nomenclature_current,1,1
Номенклатура — current,Генератор Г287Е АТЭ-1 (Китай),raw.r1c_nomenclature_current,1,1
Номенклатура — current,Генератор МАЗ-4370 дв.Д-245 28V 80A,raw.r1c_nomenclature_current,1,1
Номенклатура — current,"Генератор МАЗ-4370, МТЗ дв Д-245.30Е2-715,716 Д260 5 28Вт Радиоволна",raw.r1c_nomenclature_current,1,1
Номенклатура — current,"Генератор МТЗ Г1000,04,1,14v Д-242,243,244,245,260 Беларусь.",raw.r1c_nomenclature_current,1,1
Номенклатура — current,Генератор бензиновый инверторный Elitech БИГ 2600Р,raw.r1c_nomenclature_current,1,1
Номенклатура — current,Генератор газового пожаротушения,raw.r1c_nomenclature_current,1,1
Номенклатура — current,Генератор дизельный DAEWOO,raw.r1c_nomenclature_current,1,1
Номенклатура — current,Генератор холодного тумана ULV TORNADO 20 -PRO,raw.r1c_nomenclature_current,1,1
Номенклатура — current,Генератор холодного тумана ULV Tornado 10 PRO,raw.r1c_nomenclature_current,1,1
Номенклатура — current,Геотекстиль Барьер 200,raw.r1c_nomenclature_current,1,1
Номенклатура — current,Гербициды,raw.r1c_nomenclature_current,1,1
Номенклатура — current,Герметизированный VRLA свинцово-кислотный Delta DT 1207 (12V/7Ah),raw.r1c_nomenclature_current,1,1
Номенклатура — current,Герметик ,raw.r1c_nomenclature_current,1,1
Номенклатура — current,"Герметик ""Сантехмастергель"" 15гр",raw.r1c_nomenclature_current,1,1
Номенклатура — current,Герметик ГЕРМЕНТ санитарный 280мл прозрачный,raw.r1c_nomenclature_current,1,1
Номенклатура — current,Герметик Гермент 280мл Универсальный,raw.r1c_nomenclature_current,1,1
Номенклатура — current,Герметик ТЕХНОНИКОЛЬ полиуретановый 310мл,raw.r1c_nomenclature_current,1,1
Номенклатура — current,Герметик Титан 310 мл,raw.r1c_nomenclature_current,1,1
Номенклатура — current,Герметик акриловый морозостойкий белый 300мл,raw.r1c_nomenclature_current,1,1
Номенклатура — current,Герметик белый,raw.r1c_nomenclature_current,1,1
Номенклатура — current,Герметик битумный 300мл,raw.r1c_nomenclature_current,1,1
Номенклатура — current,Герметик битумный MAKROFLEX черный,raw.r1c_nomenclature_current,1,1
Номенклатура — current,"Герметик бортов шин, 1000мл (банка с кистью)",raw.r1c_nomenclature_current,1,1
Номенклатура — current,Герметик высокотемпературный черный 280 мл KUDO ,raw.r1c_nomenclature_current,1,1
Номенклатура — current,Герметик для аквариумов и витрин прозрачный 280 мл KSK-200,raw.r1c_nomenclature_current,1,1
Номенклатура — current,Герметик красный ABRO,raw.r1c_nomenclature_current,1,1
Номенклатура — current,Герметик красный Felix,raw.r1c_nomenclature_current,1,1
Номенклатура — current,Герметик прозрачный 280мл KUDO,raw.r1c_nomenclature_current,1,1
Номенклатура — current,Герметик прокладок силиконовый ABRO,raw.r1c_nomenclature_current,1,1
Номенклатура — current,Герметик прокладок силиконовый темп,raw.r1c_nomenclature_current,1,1
Номенклатура — current,Герметик радиатора жидкий SL 424.325 мл,raw.r1c_nomenclature_current,1,1
Номенклатура — current,Герметик радиатора жидкий SL 624.325 мл,raw.r1c_nomenclature_current,1,1
Номенклатура — current,Герметик силикон белый 280мл,raw.r1c_nomenclature_current,1,1
Номенклатура — current,Герметик силиконовый,raw.r1c_nomenclature_current,1,1
Номенклатура — current,Герметик силиконовый KIMTEK 310 мл,raw.r1c_nomenclature_current,1,1
Номенклатура — current,Герметик силиконовый санитаный прозрачный 260мл DSK-120,raw.r1c_nomenclature_current,1,1
Номенклатура — current,Герметик силиконовый термостойкий белый 260мм,raw.r1c_nomenclature_current,1,1
Номенклатура — current,Герметик силиконовый термостойкий черный,raw.r1c_nomenclature_current,1,1
Номенклатура — current,Герметик системы охлаждения,raw.r1c_nomenclature_current,1,1
Номенклатура — current,"Герметик термостойкий красный, черный, серый",raw.r1c_nomenclature_current,1,1
Номенклатура — current,Герметик универсальный серый 70 мл,raw.r1c_nomenclature_current,1,1
Номенклатура — current,Герметик универсальный черный ,raw.r1c_nomenclature_current,1,1
Номенклатура — current,Герметик- прокладка для автомобиля белый,raw.r1c_nomenclature_current,1,1
Номенклатура — current,Герметик-прокладка  силиконовый высокотемпературный серый 85гр,raw.r1c_nomenclature_current,1,1
Номенклатура — current,Герметик-прокладка силиконовый высокотемпературный серый 85г,raw.r1c_nomenclature_current,1,1
Номенклатура — current,"Герметик-фиксатор вал-втулочный, неразъемный, термостойкий (+250 С), 6 мл. AG-AF-04",raw.r1c_nomenclature_current,1,1
Номенклатура — current,Герольд Инсектицид,raw.r1c_nomenclature_current,1,1
Номенклатура — current,Гиберелон ВРП,raw.r1c_nomenclature_current,1,1
Номенклатура — current,Гибкая подводка для воды гигант из нержавеющей стали. 100 см г/г ,raw.r1c_nomenclature_current,1,1
Номенклатура — current,"Гибкий вал спид. ГВ 20В-01 (МТЗ, ГАЗ, УАЗ) 1570мм",raw.r1c_nomenclature_current,1,1
Номенклатура — current,Гибкий сменный шланг с пружинной оплеткой L=12 300мм для ручных плужерных шприцов 35-204,raw.r1c_nomenclature_current,1,1
Номенклатура — current,Гигрометр психрометрический ВИТ-1 с поверкой,raw.r1c_nomenclature_current,1,1
Номенклатура — current,Гидр. соединение EL12LOMDCF,raw.r1c_nomenclature_current,1,1
Номенклатура — current,Гидр. соединение EW08LOMDCF,raw.r1c_nomenclature_current,1,1
Номенклатура — current,Гидр.соеденение EW12LOMDCF,raw.r1c_nomenclature_current,1,1
Номенклатура — current,Гидр.соединение EL 12LOMOCF,raw.r1c_nomenclature_current,1,1
Номенклатура — current,Гидравлическая тележка JHPT3000 Gigant ,raw.r1c_nomenclature_current,1,1
Номенклатура — current,Гидравлическое соед-е для гидр. шлангов,raw.r1c_nomenclature_current,1,1
Номенклатура — current,Гидравлическое соед. EGE12LM18X1.5EDCF,raw.r1c_nomenclature_current,1,1
Номенклатура — current,"Гидроаккумулятор 100В 1""",raw.r1c_nomenclature_current,1,1
Номенклатура — current,"Гидроаккумулятор 50В 1"" ""Джилекс""",raw.r1c_nomenclature_current,1,1
Номенклатура — current,Гидроаккумулятор для систем водоснабжения Reflex DE 500,raw.r1c_nomenclature_current,1,1
Номенклатура — current,Гидроблок РП70-1523.1,raw.r1c_nomenclature_current,1,1
Номенклатура — current,Гидромотор BMRY-315P41AllY10/T10,raw.r1c_nomenclature_current,1,1
Номенклатура — current,Гидромуфта 240Б-1318010,raw.r1c_nomenclature_current,1,1
Номенклатура — current,Гидромуфта 240Б-1318010 М постоянного вращения,raw.r1c_nomenclature_current,1,1
Номенклатура — current,Гидронасос шестеренный для СК,raw.r1c_nomenclature_current,1,1
Номенклатура — current,Гидропонная,raw.r1c_nomenclature_current,1,1
Номенклатура — current,"Гидрораспределитель МТЗ-1021,1022,1221,952,САЛЕО-ГОМЕЛЬ",raw.r1c_nomenclature_current,1,1
Номенклатура — current,"Гидрораспределитель МТЗ-1221,1523 привода ПВМ САЛЕО-ГОМЕЛЬ",raw.r1c_nomenclature_current,1,1
Номенклатура — current,Гидрораспределитель Р-160 3/1-222,raw.r1c_nomenclature_current,1,1
Номенклатура — current,Гидрораспределитель Р160-3/1-222,raw.r1c_nomenclature_current,1,1
Номенклатура — current,Гидрораспределитель РOD-HZW_000050,raw.r1c_nomenclature_current,1,1
Номенклатура — current,Гидрораспределитель РП701523.1 RGR70/ЗАС,raw.r1c_nomenclature_current,1,1
Номенклатура — current,Гидроцилиндр ГЦ-01.110.63.170/630,raw.r1c_nomenclature_current,1,1
Номенклатура — current,Гидроцилиндр К-700 поворота Ц-125 профмашт700-34-29-000-1,raw.r1c_nomenclature_current,1,1
Номенклатура — current,Гидроцилиндр МТЗ-1221 гидроподъемника 820-4625010,raw.r1c_nomenclature_current,1,1
Номенклатура — current,"Гидроцилиндр МТЗ-80,532,620,900,1221 рулевой 50*25*200 (без пальцев) под ГОРУ (А)",raw.r1c_nomenclature_current,1,1
Номенклатура — current,"Гидроцилиндр МТЗ-80,82 ЮМЗ задней навески ЦГ-100.40х200.01-02 ВЗТА Ц100х200-3",raw.r1c_nomenclature_current,1,1
Номенклатура — current,Гидроцилиндр Ц90*2,raw.r1c_nomenclature_current,1,1
Номенклатура — current,Гидроцилиндр ЦГ-125.50*400.11-01 700А.34.28.000,raw.r1c_nomenclature_current,1,1
Номенклатура — current,Гидроцилиндр навески МТЗ-1523 (Ц90*50*250),raw.r1c_nomenclature_current,1,1
Номенклатура — current,Гидроцилиндр рулевой с ГОРУ L50-3405215A-01,raw.r1c_nomenclature_current,1,1
Номенклатура — current,Гильза GL-16 алюминиевая соединительная ИЭК,raw.r1c_nomenclature_current,1,1
Номенклатура — current,"Гильза ГА-16 -5,4 алюминиевая КВТ 41449",raw.r1c_nomenclature_current,1,1
Номенклатура — current,"Гильза с поршнем Д-240,Д-242,Д-243 МОТОРДЕТАЛЬ",raw.r1c_nomenclature_current,1,1
Номенклатура — current,Гильза с поршнем Д-260,raw.r1c_nomenclature_current,1,1
Номенклатура — current,"Гильза соединительная изолированная ГСИ 1,5 красная (50 шт) TDM SQ0546-0007",raw.r1c_nomenclature_current,1,1
Номенклатура — current,"Гильза- поршень МОТОРДЕТАЛЬ Д240,243,240-1000105-С",raw.r1c_nomenclature_current,1,1
Номенклатура — current,"Гипсокартон  9,5мм 2,5х1,2м Кнауф",raw.r1c_nomenclature_current,1,1
Номенклатура — current,"Гипсокартон Волма 12,5мм 2,5х1,2м",raw.r1c_nomenclature_current,1,1
Номенклатура — current,Гиря 2 кг МАССА-К 200227,raw.r1c_nomenclature_current,1,1
Номенклатура — current,Гладиатор Инсектицид,raw.r1c_nomenclature_current,1,1
Номенклатура — current,Гладиатор Супер Инсектицид,raw.r1c_nomenclature_current,1,1
Номенклатура — current,Глак,raw.r1c_nomenclature_current,1,1
Номенклатура — current,Глак 1л (дезинфектат),raw.r1c_nomenclature_current,1,1
Номенклатура — current,Глиокладин Инсектицид,raw.r1c_nomenclature_current,1,1
Номенклатура — current,Глухарь,raw.r1c_nomenclature_current,1,1
Номенклатура — current,Глухарь 8х120,raw.r1c_nomenclature_current,1,1
Номенклатура — current,Глухая заклепка POP-4.8х19,raw.r1c_nomenclature_current,1,1
Номенклатура — current,"Глушитель ГАЗ 4301,3306,ПАЗ 4230 фланец на 3 отв.1,0",raw.r1c_nomenclature_current,1,1
Номенклатура — current,"Глушитель ГАЗ 4301,3309,ПАЗ дизель",raw.r1c_nomenclature_current,1,1
Номенклатура — current,Глушитель МТЗ 80-1205015-А2,raw.r1c_nomenclature_current,1,1
Номенклатура — current,Глушитель для а/м Renault,raw.r1c_nomenclature_current,1,1
Номенклатура — current,Глушитель для а/м Соболь,raw.r1c_nomenclature_current,1,1
Номенклатура — current,Гн. быстрос гидр. муфты,raw.r1c_nomenclature_current,1,1
Номенклатура — current,Гнилой картофель,raw.r1c_nomenclature_current,1,1
Номенклатура — current,Головка  ф41 3/4,raw.r1c_nomenclature_current,1,1
Номенклатура — current,Головка 1/4 Т6,raw.r1c_nomenclature_current,1,1
Номенклатура — current,Головка 1/4 Т8,raw.r1c_nomenclature_current,1,1
Номенклатура — current,Головка 8,raw.r1c_nomenclature_current,1,1
Номенклатура — current,Головка блока цилиндра в сб.66/523/53,raw.r1c_nomenclature_current,1,1
Номенклатура — current,Головка муфтовая ГМ-80,raw.r1c_nomenclature_current,1,1
Номенклатура — current,Головка соединительная 16мм красн.,raw.r1c_nomenclature_current,1,1
Номенклатура — current,Головка соединительная 22мм (16мм),raw.r1c_nomenclature_current,1,1
Номенклатура — current,Головка соединительная 22мм (2шт в к-те),raw.r1c_nomenclature_current,1,1
Номенклатура — current,Головка соединительная тормозной системы прицепа 22мм желтая комплект WABCO 452 200 012 0/212 0,raw.r1c_nomenclature_current,1,1
Номенклатура — current,Головка соединительная тормозной системы прицепа 22мм желтая с клапаном 07218,raw.r1c_nomenclature_current,1,1
Номенклатура — current,Головка торцовая 10 мм Stels,raw.r1c_nomenclature_current,1,1
Номенклатура — current,Головка торцовая 22 мм Stels,raw.r1c_nomenclature_current,1,1
Номенклатура — current,Головка торцовая 24 мм Stels,raw.r1c_nomenclature_current,1,1
Номенклатура — current,Головка торцовая 38 ударная,raw.r1c_nomenclature_current,1,1
Номенклатура — current,Головка торцовая 42 ударная ,raw.r1c_nomenclature_current,1,1
Номенклатура — current,Головка торцовая 55 3/4,raw.r1c_nomenclature_current,1,1
Номенклатура — current,"Головка торцовая ударная шестигранная 1/2,41 мм 453154 1М",raw.r1c_nomenclature_current,1,1
Номенклатура — current,Головка триммерная ,raw.r1c_nomenclature_current,1,1
Номенклатура — current,Головка триммерная Wind 12 (1.6-2.4 мм; под гайку) DDE 910-478,raw.r1c_nomenclature_current,1,1
Номенклатура — current,Головка тройная вращающаяся конечная 0-100/G07/К,raw.r1c_nomenclature_current,1,1
Номенклатура — current,Головка тройная вращающаяся конечная 0-100/G07K,raw.r1c_nomenclature_current,1,1
Номенклатура — current,Головка тройная вращающаяся проходная 0-100/G07/Р,raw.r1c_nomenclature_current,1,1
Номенклатура — current,Головка тройная вращающаяся проходная 0-100/G07Р,raw.r1c_nomenclature_current,1,1
Номенклатура — current,Головка усил. ф27 3/4,raw.r1c_nomenclature_current,1,1
Номенклатура — current,Головные уборы,raw.r1c_nomenclature_current,1,1
Номенклатура — current,Горелка газовая АВТОДЕЛО 44111,raw.r1c_nomenclature_current,1,1
Номенклатура — current,Горелка газовая под баллон ROCKFORCE RF-175.275,raw.r1c_nomenclature_current,1,1
Номенклатура — current,Горелка газовая портативная,raw.r1c_nomenclature_current,1,1
Номенклатура — current,Горелка газовая с пьезо,raw.r1c_nomenclature_current,1,1
Номенклатура — current,Горелка газовая с пьезоподжигом под цанговый балон АВТОДЕПО,raw.r1c_nomenclature_current,1,1
Номенклатура — current,Горелка газовая со шлангом TJ8200-M,raw.r1c_nomenclature_current,1,1
Номенклатура — current,Горелка газовоздушная,raw.r1c_nomenclature_current,1,1
Номенклатура — current,Горелка газовоздушная ГВ,raw.r1c_nomenclature_current,1,1
Номенклатура — current,Горелка кровельная,raw.r1c_nomenclature_current,1,1
Номенклатура — current,Горелка пропановая ПГ 57760 КВТ ,raw.r1c_nomenclature_current,1,1
Номенклатура — current,"Горловина R1,R2 для WK",raw.r1c_nomenclature_current,1,1
Номенклатура — current,Горох овощной Амброзия,raw.r1c_nomenclature_current,1,1
Номенклатура — current,Горох овощной Глориоза,raw.r1c_nomenclature_current,1,1
Номенклатура — current,Горчица белая РСт,raw.r1c_nomenclature_current,1,1
Номенклатура — current,Горшок для цветов Таити D 16см,raw.r1c_nomenclature_current,1,1
Номенклатура — current,Горшок для цветов Таити D 20см,raw.r1c_nomenclature_current,1,1
Номенклатура — current,Горшок для цветов Таити D 28см,raw.r1c_nomenclature_current,1,1
Номенклатура — current,Гофра d 110,raw.r1c_nomenclature_current,1,1
Номенклатура — current,Гофра глушителя повышенной гибкости,raw.r1c_nomenclature_current,1,1
Номенклатура — current,Гофра диаметр 32 ПНД черная,raw.r1c_nomenclature_current,1,1
Номенклатура — current,Гофра для кабеля 20мм ПВХ с зондом 100 метров легкая TDM ELECTRIC SQ0401-0002,raw.r1c_nomenclature_current,1,1
Номенклатура — current,Гофрокороб 600*400*400 Т-25В бурый ,raw.r1c_nomenclature_current,1,1
Номенклатура — current,Гофролоток 362*272*172 П-32 ВЕ бурый ,raw.r1c_nomenclature_current,1,1
Номенклатура — current,Гофролоток 390*280*180 П32 ВЕ ,raw.r1c_nomenclature_current,1,1
Номенклатура — current,Гофролоток Т24С бурый 575*390*200,raw.r1c_nomenclature_current,1,1
Номенклатура — current,Гофроупаковка,raw.r1c_nomenclature_current,1,1
Номенклатура — current,Грабли 12 зуб,raw.r1c_nomenclature_current,1,1
Номенклатура — current,Грабли 14 зуб,raw.r1c_nomenclature_current,1,1
Номенклатура — current,Грабли веерные плоские 22 зуба без черенка,raw.r1c_nomenclature_current,1,1
Номенклатура — current,Грабли веерные сталь 425 мм 22 плоских зуба без черенка,raw.r1c_nomenclature_current,1,1
Номенклатура — current,Граблина ГВР 28.601,raw.r1c_nomenclature_current,1,1
Номенклатура — current,Гравер PDM170N ATLET ,raw.r1c_nomenclature_current,1,1
Номенклатура — current,"Градирня ""Росинка-30/40"" (с щитом управления)",raw.r1c_nomenclature_current,1,1
Номенклатура — current,Грандсил 1447-09-107-223-0-0-0-0 Инсектицид,raw.r1c_nomenclature_current,1,1
Номенклатура — current,Грандсил 2345-12-107-476-0-1-0-0 Инсектицид,raw.r1c_nomenclature_current,1,1
Номенклатура — current,Гранулам Инсектицид,raw.r1c_nomenclature_current,1,1
Номенклатура — current,"Графитная смазка, BiBiCare 400 мл / 4420",raw.r1c_nomenclature_current,1,1
Номенклатура — current,Гребенка ПМБ 00.00.025,raw.r1c_nomenclature_current,1,1
Номенклатура — current,Гребенка из оцинкованной стали для ПВХ завес 10шт КурсКлимат ,raw.r1c_nomenclature_current,1,1
Номенклатура — current,Гребенка п/м,raw.r1c_nomenclature_current,1,1
Номенклатура — current,Гребневой барабан,raw.r1c_nomenclature_current,1,1
Номенклатура — current,Греющий кабель внутрь трубы 13Вт/м,raw.r1c_nomenclature_current,1,1
Номенклатура — current,"Греющий кабель для обогрева труб, водостоков и кровли, 32 Вт., длина 100 м.",raw.r1c_nomenclature_current,1,1
Номенклатура — current,Гризли Инсектицид,raw.r1c_nomenclature_current,1,1
Номенклатура — current,Гринда Инсектицид,raw.r1c_nomenclature_current,1,1
Номенклатура — current,Гровер ,raw.r1c_nomenclature_current,1,1
Номенклатура — current,Гровер 10,raw.r1c_nomenclature_current,1,1
Номенклатура — current,Гровер 8,raw.r1c_nomenclature_current,1,1
Номенклатура — current,Гром Инсектицид,raw.r1c_nomenclature_current,1,1
Номенклатура — current,Груз 70-4235011 передний МТЗ-80/82,raw.r1c_nomenclature_current,1,1
Номенклатура — current,Груз фронтальной навески (1100кг) б/у,raw.r1c_nomenclature_current,1,1
Номенклатура — current,Грунт,raw.r1c_nomenclature_current,1,1
Номенклатура — current,Грунт  акриловый +отвердитель 55531 gray,raw.r1c_nomenclature_current,1,1
Номенклатура — current,Грунт  универсальный ЮНИС 10 л,raw.r1c_nomenclature_current,1,1
Номенклатура — current,Грунт  универсальный акриловый КU-2104,raw.r1c_nomenclature_current,1,1
Номенклатура — current,Грунт кислотный 400 мл,raw.r1c_nomenclature_current,1,1
Номенклатура — current,Грунт серый акриловый 520мл,raw.r1c_nomenclature_current,1,1
Номенклатура — current,Грунт эмаль 3 в 1 ,raw.r1c_nomenclature_current,1,1
Номенклатура — current,"Грунт эмаль 3 в 1 0,75л",raw.r1c_nomenclature_current,1,1
Номенклатура — current,Грунт эмаль 3 в 1 DALI 10л Белая,raw.r1c_nomenclature_current,1,1
Номенклатура — current,Грунт эмаль 3 в 1 DALI 2л Белая,raw.r1c_nomenclature_current,1,1
Номенклатура — current,Грунт эмаль 3 в 1 зеленая,raw.r1c_nomenclature_current,1,1
Номенклатура — current,Грунт эмаль 3 в 1 серая,raw.r1c_nomenclature_current,1,1
Номенклатура — current,Грунт эмаль аэрозольная 520мл,raw.r1c_nomenclature_current,1,1
Номенклатура — current,"Грунт эмаль по ржавчине 1,7кг",raw.r1c_nomenclature_current,1,1
Номенклатура — current,Грунт эмаль по ржавчине 3в1 HAMMERTON 10л,raw.r1c_nomenclature_current,1,1
Номенклатура — current,Грунт эпоксидный 520мл,raw.r1c_nomenclature_current,1,1
Номенклатура — current,Грунт-наполнитель толстослойный серый,raw.r1c_nomenclature_current,1,1
Номенклатура — current,"Грунт-эмаль 3 в 1 0,8л",raw.r1c_nomenclature_current,1,1
Номенклатура — current,Грунт-эмаль аэрозоль по ржавчине 520мл,raw.r1c_nomenclature_current,1,1
Номенклатура — current,Грунт-эмаль по ржавчине ,raw.r1c_nomenclature_current,1,1
Номенклатура — current,"Грунт-эмаль по ржавчине 3 в 1, 10 кг, зеленая",raw.r1c_nomenclature_current,1,1
Номенклатура — current,"Грунт-эмаль по ржавчине серая 0,8 кг ",raw.r1c_nomenclature_current,1,1
Номенклатура — current,"Грунт-эмаль по ржавчине серая 1,5 кг ",raw.r1c_nomenclature_current,1,1
Номенклатура — current,Грунтовка ГФ 021 по металлу красно-коричневая (подготовка под окраску),raw.r1c_nomenclature_current,1,1
Номенклатура — current,Грунтовка глубокого проникновения Церезит СТ-17,raw.r1c_nomenclature_current,1,1
Номенклатура — current,"Грунтовка по металлу серая 0,9 кг",raw.r1c_nomenclature_current,1,1
Номенклатура — current,Грунтовка универсальная,raw.r1c_nomenclature_current,1,1
Номенклатура — current,Грунтовка цинконаполненная 650мл аэрозоль,raw.r1c_nomenclature_current,1,1
Номенклатура — current,Группа поршневая ПАЗ-3205 на двигатель ,raw.r1c_nomenclature_current,1,1
Номенклатура — current,"Грэмми, КС Фунгицид ",raw.r1c_nomenclature_current,1,1
Номенклатура — current,Грядообразование,raw.r1c_nomenclature_current,1,1
Номенклатура — current,"Губка ""Пеночка""",raw.r1c_nomenclature_current,1,1
Номенклатура — current,Губка для мытья посуды,raw.r1c_nomenclature_current,1,1
Номенклатура — current,Губка для мытья посуды 95*65*30 мм 5 шт,raw.r1c_nomenclature_current,1,1
Номенклатура — current,Губка мочалка металлическая,raw.r1c_nomenclature_current,1,1
Номенклатура — current,Губка шлифовальная,raw.r1c_nomenclature_current,1,1
Номенклатура — current,Губка-стиратель для доски,raw.r1c_nomenclature_current,1,1
Номенклатура — current,Губки для посуды 10шт,raw.r1c_nomenclature_current,1,1
Номенклатура — current,ДВД Шанс Инсектицид,raw.r1c_nomenclature_current,1,1
Номенклатура — current,ДЕРЖАТЕЛЬ,raw.r1c_nomenclature_current,1,1
Номенклатура — current,"ДКС Коробка ответвительная с кабельными вводами IP44, 80х80х40 (53700)",raw.r1c_nomenclature_current,1,1
Номенклатура — current,Даймонд Супер Инсектицид,raw.r1c_nomenclature_current,1,1
Номенклатура — current,Данадим 1867-10-101-029-0-0-1-0 Инсектицид,raw.r1c_nomenclature_current,1,1
Номенклатура — current,Данадим 2193-11-101-029-0-0-1-0 Инсектицид,raw.r1c_nomenclature_current,1,1
Номенклатура — current,Данадим Пауер Инсектицид,raw.r1c_nomenclature_current,1,1
Номенклатура — current,Датчик 3/х 3302,raw.r1c_nomenclature_current,1,1
Номенклатура — current,Датчик ABS передний ,raw.r1c_nomenclature_current,1,1
Номенклатура — current,Датчик OMI Omron E3FA-RN11 2M,raw.r1c_nomenclature_current,1,1
Номенклатура — current,"Датчик PNP,ИНД 200мА SN8.М18",raw.r1c_nomenclature_current,1,1
Номенклатура — current,Датчик cодержания воды в топливном фильтре (дизель),raw.r1c_nomenclature_current,1,1
Номенклатура — current,Датчик АБС ГАЗон Next передний/задний ,raw.r1c_nomenclature_current,1,1
Номенклатура — current,Датчик Биг-Бэг NB-2 LE10SF05DRO,raw.r1c_nomenclature_current,1,1
Номенклатура — current,Датчик МТЗ уровня топлива ДОТ 680ЧМ-01,raw.r1c_nomenclature_current,1,1
Номенклатура — current,Датчик бесконтактной индуктивный EKF PROXIS-2-12-04-P-NO-2/EKF,raw.r1c_nomenclature_current,1,1
Номенклатура — current,Датчик бесконтактной индуктивный EKF PROXIS-2-18-08-N-NO-2/EKF,raw.r1c_nomenclature_current,1,1
Номенклатура — current,Датчик герконовый РНА11200,raw.r1c_nomenclature_current,1,1
Номенклатура — current,Датчик давления,raw.r1c_nomenclature_current,1,1
Номенклатура — current,Датчик давления RC-U0406,raw.r1c_nomenclature_current,1,1
Номенклатура — current,Датчик давления ДД10-01М,raw.r1c_nomenclature_current,1,1
Номенклатура — current,Датчик давления МТЗ 2-х контактный экран,raw.r1c_nomenclature_current,1,1
Номенклатура — current,Датчик давления МТЗ ЭКРАН ДД20М,raw.r1c_nomenclature_current,1,1
Номенклатура — current,Датчик давления и температуры масла,raw.r1c_nomenclature_current,1,1
Номенклатура — current,Датчик давления мала ММ111Д/Б МТЗ ,raw.r1c_nomenclature_current,1,1
Номенклатура — current,"Датчик давления мала ММ355 ЗИЛ-5301,МАЗ 18.3829 ",raw.r1c_nomenclature_current,1,1
Номенклатура — current,Датчик давления масла,raw.r1c_nomenclature_current,1,1
Номенклатура — current,Датчик давления масла ДД6М,raw.r1c_nomenclature_current,1,1
Номенклатура — current,"Датчик давления масла МАЗ,БЕЛАЗ,К-700,ПАЗ АВТОПРИБОР",raw.r1c_nomenclature_current,1,1
Номенклатура — current,"Датчик давления масла ММ125Д/БКАМАЗ 6052/6042,3829",raw.r1c_nomenclature_current,1,1
Номенклатура — current,Датчик давления масла ММЗ70КАМАЗ 49.3829/6402.3829,raw.r1c_nomenclature_current,1,1
Номенклатура — current,Датчик для влагомера Wile 253,raw.r1c_nomenclature_current,1,1
Номенклатура — current,"Датчик для угла поворота 1024,15мм",raw.r1c_nomenclature_current,1,1
Номенклатура — current,Датчик засор.возд. фильтра ДСФ 65,raw.r1c_nomenclature_current,1,1
Номенклатура — current,Датчик индуктивный R2,raw.r1c_nomenclature_current,1,1
Номенклатура — current,Датчик индуктивный М18.16мм PNP Разъем М12,raw.r1c_nomenclature_current,1,1
Номенклатура — current,Датчик к/в 406,raw.r1c_nomenclature_current,1,1
Номенклатура — current,Датчик коленвала,raw.r1c_nomenclature_current,1,1
Номенклатура — current,Датчик контраста DATASENSING SR-3-W03-PP,raw.r1c_nomenclature_current,1,1
Номенклатура — current,Датчик оборотов Х833009021000,raw.r1c_nomenclature_current,1,1
Номенклатура — current,Датчик обсол.давления 4216,raw.r1c_nomenclature_current,1,1
Номенклатура — current,Датчик объема топлива на МТЗ 1523 ДОТ 680Ч-02,raw.r1c_nomenclature_current,1,1
Номенклатура — current,Датчик освещения,raw.r1c_nomenclature_current,1,1
Номенклатура — current,"Датчик перконовый DSM2-C525 HS 3-48 VDC 3-220 двухпроводной кабель 2,5м",raw.r1c_nomenclature_current,1,1
Номенклатура — current,Датчик температуры ,raw.r1c_nomenclature_current,1,1
Номенклатура — current,"Датчик температуры ГАЗ,ЗИЛ,КРАЗ,МАЗ,УАЗ,ЗАЗ охлаждающей жидкости АВТОПРИБОР-КЗАЭ",raw.r1c_nomenclature_current,1,1
Номенклатура — current,"Датчик температуры МТЗ АВТОПРИБОР-КЗАЭ 301,3828",raw.r1c_nomenclature_current,1,1
Номенклатура — current,Датчик температуры охл.,raw.r1c_nomenclature_current,1,1
Номенклатура — current,Датчик угла наклона ЭСКОРТ ДУ BLE,raw.r1c_nomenclature_current,1,1
Номенклатура — current,Датчик угла поворота,raw.r1c_nomenclature_current,1,1
Номенклатура — current,"Датчик ультразвуковой, NPN МC18-90N 100-900 мм, разъем М12",raw.r1c_nomenclature_current,1,1
Номенклатура — current,Датчик уровня ДГС-М-300-24-01А,raw.r1c_nomenclature_current,1,1
Номенклатура — current,"Датчик уровня топлива ""ЭСКОРТ-ТD-BLE Base""L-1000",raw.r1c_nomenclature_current,1,1
Номенклатура — current,Датчик уровня топлива ТД-150,raw.r1c_nomenclature_current,1,1
Номенклатура — current,Датчик уровня топлива ТД-150 (ИД 0000000785),raw.r1c_nomenclature_current,1,1
Номенклатура — current,Датчик фазы распредвала,raw.r1c_nomenclature_current,1,1
Номенклатура — current,"Датчик, ИНД, NAMUR, M18*1,Sn8",raw.r1c_nomenclature_current,1,1
Номенклатура — current,"Датчик, выключатель/Telemecanique XS7E1A1PAM8",raw.r1c_nomenclature_current,1,1
Номенклатура — current,"Датчик,ИНД, NAMUR, М18Х1,Sn8",raw.r1c_nomenclature_current,1,1
Номенклатура — current,Дверной металлический блок наружный 850х1820,raw.r1c_nomenclature_current,1,1
Номенклатура — current,Дверной металлический блок наружный 850х2050,raw.r1c_nomenclature_current,1,1
Номенклатура — current,Дверной металлический блок наружный 880х1880,raw.r1c_nomenclature_current,1,1
Номенклатура — current,Дверной металлический блок наружный 880х2020,raw.r1c_nomenclature_current,1,1
Номенклатура — current,Дверной металлический блок наружный 910х2040,raw.r1c_nomenclature_current,1,1
Номенклатура — current,Дверной металлический блок наружный 950х2050,raw.r1c_nomenclature_current,1,1
Номенклатура — current,Дверь,raw.r1c_nomenclature_current,1,1
Номенклатура — current,Дверь левая  80-6708010-Б,raw.r1c_nomenclature_current,1,1
Номенклатура — current,Дверь металлическая 86 правая,raw.r1c_nomenclature_current,1,1
Номенклатура — current,Дверь металлическая 96 правая,raw.r1c_nomenclature_current,1,1
Номенклатура — current,Дверь металлическая 98 правая,raw.r1c_nomenclature_current,1,1
Номенклатура — current,Дверь откатная без порога  RAL OD_ПХ 2000*3000 80мм правая с креплением рамы,raw.r1c_nomenclature_current,1,1
Номенклатура — current,Дверь стальная П-7,raw.r1c_nomenclature_current,1,1
Номенклатура — current,Дверь стальная П-8,raw.r1c_nomenclature_current,1,1
Номенклатура — current,Двигатель HUSGVARNA 128 в сборе,raw.r1c_nomenclature_current,1,1
Номенклатура — current,Двигатель для шуруповерта,raw.r1c_nomenclature_current,1,1
Номенклатура — current,Двойной замок внеш.40-60,raw.r1c_nomenclature_current,1,1
Номенклатура — current,Двойной замок внутр.40-60,raw.r1c_nomenclature_current,1,1
Номенклатура — current,Двухъярусная роликовая сортировочная линия,raw.r1c_nomenclature_current,1,1
Номенклатура — current,Дезинфекционное средство,raw.r1c_nomenclature_current,1,1
Номенклатура — current,Дезинфекция складских помещений,raw.r1c_nomenclature_current,1,1
Номенклатура — current,Дезинфицирующее средство Перекись водорода 35% (канистра 34кг) ,raw.r1c_nomenclature_current,1,1
Номенклатура — current,Дезковрик ЭКО 50х80х3см,raw.r1c_nomenclature_current,1,1
Номенклатура — current,Декстер Инсектицид,raw.r1c_nomenclature_current,1,1
Номенклатура — current,Дело Техники 660036 Головка ударная 6-гранная х 36мм 1/2 50/5,raw.r1c_nomenclature_current,1,1
Номенклатура — current,Дело Техники Ключ трубчатый ступенчатый 60мм 6гр L90мм,raw.r1c_nomenclature_current,1,1
Номенклатура — current,Дело Техники Ключ трубчатый штампованный 30х32 ДТ*/50 544320,raw.r1c_nomenclature_current,1,1
Номенклатура — current,"Дело Техники Набор инструмента 1/2"", 1/4"" 94 предмета ДТ/3 ",raw.r1c_nomenclature_current,1,1
Номенклатура — current,Дело Техники Набор съемников стопорных колец 180мм х4 шт/тетрон ДТ/16 424041,raw.r1c_nomenclature_current,1,1
Номенклатура — current,"Деметра, КЭ Гербицид ",raw.r1c_nomenclature_current,1,1
Номенклатура — current,Демонтаж полива,raw.r1c_nomenclature_current,1,1
Номенклатура — current,Дерево,raw.r1c_nomenclature_current,1,1
Номенклатура — current,Держатель  ножа  КИР 03.060,raw.r1c_nomenclature_current,1,1
Номенклатура — current,"Держатель  ножей КФВ-2,8",raw.r1c_nomenclature_current,1,1
Номенклатура — current,Держатель 018.01939,raw.r1c_nomenclature_current,1,1
Номенклатура — current,Держатель вкл.левый 4290104001,raw.r1c_nomenclature_current,1,1
Номенклатура — current,Держатель датчика на пересып,raw.r1c_nomenclature_current,1,1
Номенклатура — current,Держатель для мелка сварщика 125x5х12 мм ,raw.r1c_nomenclature_current,1,1
Номенклатура — current,Держатель для туалетной бумаги метал.хром.без крышки,raw.r1c_nomenclature_current,1,1
Номенклатура — current,Держатель для туалетной бумаги пластик,raw.r1c_nomenclature_current,1,1
Номенклатура — current,Держатель клипса быстрого монтажа д-20,raw.r1c_nomenclature_current,1,1
Номенклатура — current,Держатель клипсабыстрогомонтажад20мм упак 100шт 51020MDIY,raw.r1c_nomenclature_current,1,1
Номенклатура — current,Держатель кухонного инвентаря серии A-Luxstahl с крючками,raw.r1c_nomenclature_current,1,1
Номенклатура — current,Держатель настенный,raw.r1c_nomenclature_current,1,1
Номенклатура — current,Держатель оцинкованный односторонний,raw.r1c_nomenclature_current,1,1
Номенклатура — current,Держатель предохранителя флажкового MAXI,raw.r1c_nomenclature_current,1,1
Номенклатура — current,Держатель предфильтра СОРБЕНТ UNIX Рес 110,raw.r1c_nomenclature_current,1,1
Номенклатура — current,Держатель скребка справа  ,raw.r1c_nomenclature_current,1,1
Номенклатура — current,Держатель слева (015.57673),raw.r1c_nomenclature_current,1,1
Номенклатура — current,Держатель сопла MS 15 ,raw.r1c_nomenclature_current,1,1
Номенклатура — current,Держатель справа  (015.57674),raw.r1c_nomenclature_current,1,1
Номенклатура — current,Держатель флажкового предохранителя,raw.r1c_nomenclature_current,1,1
Номенклатура — current,Держатель форсунки  ARAG проходной 13мм,raw.r1c_nomenclature_current,1,1
Номенклатура — current,Держатель форсунок М714 концевой левый,raw.r1c_nomenclature_current,1,1
Номенклатура — current,Держатель форсунок М714 концевой правый,raw.r1c_nomenclature_current,1,1
Номенклатура — current,Держатель электродов 300А,raw.r1c_nomenclature_current,1,1
Номенклатура — current,Дерозал Евро Инсектицид,raw.r1c_nomenclature_current,1,1
Номенклатура — current,Десант Инсектицид,raw.r1c_nomenclature_current,1,1
Номенклатура — current,Дефектовка комбайна на базе,raw.r1c_nomenclature_current,1,1
Номенклатура — current,Дефектовка комбайна на поле,raw.r1c_nomenclature_current,1,1
Номенклатура — current,"Дефектовка,сборка,монтаж оборудования",raw.r1c_nomenclature_current,1,1
Номенклатура — current,Децис Профи Инсектицид,raw.r1c_nomenclature_current,1,1
Номенклатура — current,Децис Эксперт Инсектицид,raw.r1c_nomenclature_current,1,1
Номенклатура — current,Джойстик HKA1- 41QZ,raw.r1c_nomenclature_current,1,1
Номенклатура — current,Джойстик HKA1-41QZ,raw.r1c_nomenclature_current,1,1
Номенклатура — current,Джойстик ID-6029,raw.r1c_nomenclature_current,1,1
Номенклатура — current,Джойстик LA167 PA14 на 4 положения с  фиксацией,raw.r1c_nomenclature_current,1,1
Номенклатура — current,Джойстик LA167 PA2/4 на 4 положения без фиксации,raw.r1c_nomenclature_current,1,1
Номенклатура — current,Джойстик LA167-PA24 4 полож. 4NO без фиксации черный IEK BBJ20-PA24-6-22-4-K02,raw.r1c_nomenclature_current,1,1
Номенклатура — current,"Джойстик в сборе, 2NO, 2 полож. фикс.",raw.r1c_nomenclature_current,1,1
Номенклатура — current,"Джойстик на четыре позиции, без фиксации",raw.r1c_nomenclature_current,1,1
Номенклатура — current,Джойстик управления (транспортер),raw.r1c_nomenclature_current,1,1
Номенклатура — current,Джостик LA167-PA12 2 полож. с фиксацией,raw.r1c_nomenclature_current,1,1
Номенклатура — current,Джостик LA167-PA24 на поток 4 без фиксации,raw.r1c_nomenclature_current,1,1
Номенклатура — current,Джостик для траспортера-подборщика,raw.r1c_nomenclature_current,1,1
Номенклатура — current,Ди-68 Инсектицид,raw.r1c_nomenclature_current,1,1
Номенклатура — current,Диагностика видеосистемы и устранение неисправности,raw.r1c_nomenclature_current,1,1
Номенклатура — current,Диагностика и настройка холодильного оборудования,raw.r1c_nomenclature_current,1,1
Номенклатура — current,Диагностика проблем с кодировкой,raw.r1c_nomenclature_current,1,1
Номенклатура — current,Диазин Евро Инсектицид,raw.r1c_nomenclature_current,1,1
Номенклатура — current,Диазинон Экспресс Инсектицид,raw.r1c_nomenclature_current,1,1
Номенклатура — current,Диазинон-600 Инсектицид,raw.r1c_nomenclature_current,1,1
Номенклатура — current,Диазол Инсектицид,raw.r1c_nomenclature_current,1,1
Номенклатура — current,Диаммофоска 10:26:26 (азотно-фосфорнно-калийные),raw.r1c_nomenclature_current,1,1
Номенклатура — current,"Диаммофоска NRK 10:23:26,МКР",raw.r1c_nomenclature_current,1,1
Номенклатура — current,Диафрагма 70-2409021,raw.r1c_nomenclature_current,1,1
Номенклатура — current,Диафрагма камеры тормозной тип 20 КАМАЗ БРТ,raw.r1c_nomenclature_current,1,1
Номенклатура — current,"Диафрагма камеры тормозной тип 24 ЗИЛ,МАЗ 100-35 19250",raw.r1c_nomenclature_current,1,1
Номенклатура — current,Диафрагма камеры тормозной тип 30 МАЗ 100-35 19350,raw.r1c_nomenclature_current,1,1
Номенклатура — current,Дивиденд 1712-09-107-018-0-1-0-0 Инсектицид,raw.r1c_nomenclature_current,1,1
Номенклатура — current,Дивиденд 2130-11-107-018-0-1-0-0 Инсектицид,raw.r1c_nomenclature_current,1,1
Номенклатура — current,Дивиденд Суприм Инсектицид,raw.r1c_nomenclature_current,1,1
Номенклатура — current,Диез 600 Инсектицид,raw.r1c_nomenclature_current,1,1
Номенклатура — current,Дизайн упаковки,raw.r1c_nomenclature_current,1,1
Номенклатура — current,Дизель,raw.r1c_nomenclature_current,1,1
Номенклатура — current,Дизельное топливо ,raw.r1c_nomenclature_current,1,1
Номенклатура — current,"Дизельное топливо  вид III, кл. С",raw.r1c_nomenclature_current,1,1
Номенклатура — current,Дизельное топливо  кл. 5 сорт С,raw.r1c_nomenclature_current,1,1
Номенклатура — current,Дизельное топливо Евро (2ТРК),raw.r1c_nomenclature_current,1,1
Номенклатура — current,Дизельное топливо Евро сорт F,raw.r1c_nomenclature_current,1,1
Номенклатура — current,Дизельное топливо Евро сорт С,raw.r1c_nomenclature_current,1,1
Номенклатура — current,Дизельное топливо ЭКТО,raw.r1c_nomenclature_current,1,1
Номенклатура — current,Дикошанс.ВР,raw.r1c_nomenclature_current,1,1
Номенклатура — current,Димет Инсектицид,raw.r1c_nomenclature_current,1,1
Номенклатура — current,Диметоат-400 Инсектицид,raw.r1c_nomenclature_current,1,1
Номенклатура — current,Диметрон Инсектицид,raw.r1c_nomenclature_current,1,1
Номенклатура — current,Диметус Инсектицид,raw.r1c_nomenclature_current,1,1
Номенклатура — current,Димефос Инсектицид,raw.r1c_nomenclature_current,1,1
Номенклатура — current,Дин-рейка 1000 мм,raw.r1c_nomenclature_current,1,1
Номенклатура — current,Дин-рейка 20см,raw.r1c_nomenclature_current,1,1
Номенклатура — current,Дин-рейка 25см,raw.r1c_nomenclature_current,1,1
Номенклатура — current,Дино Инсектицид,raw.r1c_nomenclature_current,1,1
Номенклатура — current,Дипломат Инсектицид,raw.r1c_nomenclature_current,1,1
Номенклатура — current,Диск,raw.r1c_nomenclature_current,1,1
Номенклатура — current,Диск  бороны БДТ Р33.428.001,raw.r1c_nomenclature_current,1,1
Номенклатура — current,Диск (088.01500),raw.r1c_nomenclature_current,1,1
Номенклатура — current,Диск (088.01501),raw.r1c_nomenclature_current,1,1
Номенклатура — current,Диск (10113110/270819/0128260),raw.r1c_nomenclature_current,1,1
Номенклатура — current,Диск (10209090/241215/0009497),raw.r1c_nomenclature_current,1,1
Номенклатура — current,Диск (11216463/310118/0001919),raw.r1c_nomenclature_current,1,1
Номенклатура — current,Диск 037.06688,raw.r1c_nomenclature_current,1,1
Номенклатура — current,Диск 13.00х15.5 (161-205-6) ЕТ-15 БЗТДиА,raw.r1c_nomenclature_current,1,1
Номенклатура — current,Диск 16 лепестков ИЯВТ 106-04.02.009,raw.r1c_nomenclature_current,1,1
Номенклатура — current,"Диск 45*0,75 AGRICOLA аналог из нерж.стали с ворошилками",raw.r1c_nomenclature_current,1,1
Номенклатура — current,"Диск 5,5*16 6*180 ЕТ109,5 D 138.8 Trebl Silver",raw.r1c_nomenclature_current,1,1
Номенклатура — current,"Диск 6,5*16 5*114,3 ЕТ50 d/66 Magneto",raw.r1c_nomenclature_current,1,1
Номенклатура — current,"Диск 6,5*16 5*139,7 ЕТ40 d108.6 евродиск Silver",raw.r1c_nomenclature_current,1,1
Номенклатура — current,Диск Jantsa 13.00x18 8/221/275 ET0 (18136) разборный с кольцом,raw.r1c_nomenclature_current,1,1
Номенклатура — current,Диск R38,raw.r1c_nomenclature_current,1,1
Номенклатура — current,Диск БДМ 580х6 мм Bellota (АДУ-6),raw.r1c_nomenclature_current,1,1
Номенклатура — current,Диск БДМ Р33.1905-22,raw.r1c_nomenclature_current,1,1
Номенклатура — current,Диск БДТ-7 ст 65г (ромашка),raw.r1c_nomenclature_current,1,1
Номенклатура — current,Диск ИЯВТ (60*60 16 лепестков,raw.r1c_nomenclature_current,1,1
Номенклатура — current,Диск ИЯВТ 106-04.02.009,raw.r1c_nomenclature_current,1,1
Номенклатура — current,Диск КНР.01.345,raw.r1c_nomenclature_current,1,1
Номенклатура — current,"Диск МТЗ промежуточный (средний,опорный) БЗТДиА ",raw.r1c_nomenclature_current,1,1
Номенклатура — current,"Диск МТЗ тормозной безасбестовый ,РФ",raw.r1c_nomenclature_current,1,1
Номенклатура — current,Диск МТЗ тормозной безасбестовый 70-3502040-04,raw.r1c_nomenclature_current,1,1
Номенклатура — current,Диск МТЗ тормозной нажимной (схлестка) ВЗТЗЧ,raw.r1c_nomenclature_current,1,1
Номенклатура — current,"Диск МТЗ,Д-260 сцепления (корзина) БЗТДиА ",raw.r1c_nomenclature_current,1,1
Номенклатура — current,Диск ПТС-12 (усил.разборный),raw.r1c_nomenclature_current,1,1
Номенклатура — current,Диск СК 4.10.03.000 правый,raw.r1c_nomenclature_current,1,1
Номенклатура — current,Диск СК 4.10.03.000-01 левый,raw.r1c_nomenclature_current,1,1
Номенклатура — current,Диск СК 4.10.03.007,raw.r1c_nomenclature_current,1,1
Номенклатура — current,Диск абразивный шлифовальный лепестковый вогнутый 125x22.23 мм,raw.r1c_nomenclature_current,1,1
Номенклатура — current,Диск алмазный 125,raw.r1c_nomenclature_current,1,1
Номенклатура — current,Диск алмазный 125*22,raw.r1c_nomenclature_current,1,1
Номенклатура — current,Диск алмазный 230 мм,raw.r1c_nomenclature_current,1,1
Номенклатура — current,"Диск бороны 430х5,00мм",raw.r1c_nomenclature_current,1,1
Номенклатура — current,Диск бороны 5отв. 620х6,raw.r1c_nomenclature_current,1,1
Номенклатура — current,Диск высевающий дражированная свекла,raw.r1c_nomenclature_current,1,1
Номенклатура — current,Диск для триммера,raw.r1c_nomenclature_current,1,1
Номенклатура — current,Диск для триммера Champion C5113,raw.r1c_nomenclature_current,1,1
Номенклатура — current,Диск зачистной,raw.r1c_nomenclature_current,1,1
Номенклатура — current,Диск зачистной для УШМ 125 мм 444125,raw.r1c_nomenclature_current,1,1
Номенклатура — current,Диск зачистной по металлу 180x6.0x22.2 уп. 5 шт. Orientcraft ,raw.r1c_nomenclature_current,1,1
Номенклатура — current,Диск зачистной полимерный 125 мм,raw.r1c_nomenclature_current,1,1
Номенклатура — current,Диск зубчатый 660-6-D46FTB,raw.r1c_nomenclature_current,1,1
Номенклатура — current,Диск колеса задний 14х38  МТЗ-80 DW14Lх38-3107020-01 ,raw.r1c_nomenclature_current,1,1
Номенклатура — current,"Диск колесный ГАЗ 3307,3309ПАЗ-3205 (6 шпилек) без кольца серый (ОАО ГАЗ)",raw.r1c_nomenclature_current,1,1
Номенклатура — current,Диск колесный МТЗ задний (8 отверстий) под шину 16.9R38 (18.4R38) с козырьком БЗТДиА ,raw.r1c_nomenclature_current,1,1
Номенклатура — current,Диск колесный МТЗ передний под шину (5 отверстий),raw.r1c_nomenclature_current,1,1
Номенклатура — current,Диск колесный ПАЗ-3205 8 шпилек (ОАО ГАЗ),raw.r1c_nomenclature_current,1,1
Номенклатура — current,"Диск отрезной 115x1,2x22 А54 мет+нерж ",raw.r1c_nomenclature_current,1,1
Номенклатура — current,Диск отрезной 125,raw.r1c_nomenclature_current,1,1
Номенклатура — current,Диск отрезной 125x1x22 А54 мет+нерж ,raw.r1c_nomenclature_current,1,1
Номенклатура — current,Диск отрезной 150,raw.r1c_nomenclature_current,1,1
Номенклатура — current,Диск отрезной 230,raw.r1c_nomenclature_current,1,1
Номенклатура — current,Диск отрезной по металлу 125х1х22 мм,raw.r1c_nomenclature_current,1,1
Номенклатура — current,Диск отрезной по металлу 230х2х22 мм,raw.r1c_nomenclature_current,1,1
Номенклатура — current,Диск пильный 125мм,raw.r1c_nomenclature_current,1,1
Номенклатура — current,Диск пильный 190,raw.r1c_nomenclature_current,1,1
Номенклатура — current,Диск пильный цепной 125/22 23/14 зуб,raw.r1c_nomenclature_current,1,1
Номенклатура — current,Диск по бетону,raw.r1c_nomenclature_current,1,1
Номенклатура — current,Диск по металлу 125 INGCO,raw.r1c_nomenclature_current,1,1
Номенклатура — current,Диск полировочный 125,raw.r1c_nomenclature_current,1,1
Номенклатура — current,Диск профессиональный 180 мм по металлу,raw.r1c_nomenclature_current,1,1
Номенклатура — current,Диск профессиональный по дереву,raw.r1c_nomenclature_current,1,1
Номенклатура — current,"Диск режущий алмазный, d 125мм, dотв 22-23мм",raw.r1c_nomenclature_current,1,1
Номенклатура — current,Диск ромашка БДЮ 01.401-02 МРЗ,raw.r1c_nomenclature_current,1,1
Номенклатура — current,Диск сцепления 015-64589,raw.r1c_nomenclature_current,1,1
Номенклатура — current,Диск сцепления 85-1601090-В,raw.r1c_nomenclature_current,1,1
Номенклатура — current,Диск сцепления ЗИЛ 4331 ТАПЗ 4331-1601130,raw.r1c_nomenclature_current,1,1
Номенклатура — current,Диск сцепления МТЗ ,raw.r1c_nomenclature_current,1,1
Номенклатура — current,"Диск сцепления МТЗ -80,82 MEGAPOWER 85-1601130",raw.r1c_nomenclature_current,1,1
Номенклатура — current,Диск сцепления МТЗ 1221 опорный БЗТДиА,raw.r1c_nomenclature_current,1,1
Номенклатура — current,Диск сцепления МТЗ ведомый (демп фер на пружинках) 70-1601130-АЗ,raw.r1c_nomenclature_current,1,1
Номенклатура — current,Диск сцепления МТЗ ведомый безасбестовый БЗТДиА ,raw.r1c_nomenclature_current,1,1
Номенклатура — current,Диск сцепления МТЗ ведомый безасбестовый элл.навитой БЗТДиА 85-1601130-01,raw.r1c_nomenclature_current,1,1
Номенклатура — current,Диск сцепления МТЗ ведомый усиленный ТАРА,raw.r1c_nomenclature_current,1,1
Номенклатура — current,Диск сцепления МТЗ пруж/усил,raw.r1c_nomenclature_current,1,1
Номенклатура — current,"Диск сцепления МТЗ-1221,1522,922 ведомый безазбестовый",raw.r1c_nomenclature_current,1,1
Номенклатура — current,"Диск сцепления МТЗ-80,Д 240",raw.r1c_nomenclature_current,1,1
Номенклатура — current,Диск сцепления промежуточный ,raw.r1c_nomenclature_current,1,1
Номенклатура — current,Диск сцепления промежуточный 1520-1601085 МТЗ-1221,raw.r1c_nomenclature_current,1,1
Номенклатура — current,Диск тормозной МТЗ 50 метал (схлестка),raw.r1c_nomenclature_current,1,1
Номенклатура — current,Диск тормозной МТЗ 50 феродо,raw.r1c_nomenclature_current,1,1
Номенклатура — current,Диск тормозной МТЗ 85 феродо н/о МТЗ 1221,raw.r1c_nomenclature_current,1,1
Номенклатура — current,Диск тормозной МТЗ-1221 нажимной (промежуточный)ИПНФ 1522-3502037-Б,raw.r1c_nomenclature_current,1,1
Номенклатура — current,"Диск тормозной МТЗ-1221,1523",raw.r1c_nomenclature_current,1,1
Номенклатура — current,Диск тормозной МТЗ-16 шлицов с накладками БЗТДиА 70-3502040-01,raw.r1c_nomenclature_current,1,1
Номенклатура — current,"Диск тормозной МТЗ-80,82 клееный (176 мм)",raw.r1c_nomenclature_current,1,1
Номенклатура — current,"Диск тормозной МТЗ-82,1221 Н/О клееный (205 мм)",raw.r1c_nomenclature_current,1,1
Номенклатура — current,"Диск тормозной МТЗ-82,1221 Н/О нажимной в сборе ВЗТЗЧ 85-3502030",raw.r1c_nomenclature_current,1,1
Номенклатура — current,Диск тормозной перед.вент.280*24 5 отв,raw.r1c_nomenclature_current,1,1
Номенклатура — current,Диск тормозной передний с покрытием,raw.r1c_nomenclature_current,1,1
Номенклатура — current,"Диск тормозной промежуточный МТЗ 4,4 мм",raw.r1c_nomenclature_current,1,1
Номенклатура — current,Диск ф115,raw.r1c_nomenclature_current,1,1
Номенклатура — current,Диск шлифовальный,raw.r1c_nomenclature_current,1,1
Номенклатура — current,Диск шлифовальный к пневмоболгарке,raw.r1c_nomenclature_current,1,1
Номенклатура — current,Дискование,raw.r1c_nomenclature_current,1,1
Номенклатура — current,Дискование (почасовая оплата),raw.r1c_nomenclature_current,1,1
Номенклатура — current,Диспенсер для дезинфицирующих средств наливной с локтевым приводом ,raw.r1c_nomenclature_current,1,1
Номенклатура — current,"Диспенсер для жидкого мыла LAIMA PROFESSIONAL,0,5 л, нержавеющая сталь, зеркальный",raw.r1c_nomenclature_current,1,1
Номенклатура — current,Диспенсер для питьевой воды,raw.r1c_nomenclature_current,1,1
Номенклатура — current,"Диспенсер для питьевой воды LD-AEL-16 31х96,5х33 белый",raw.r1c_nomenclature_current,1,1
Номенклатура — current,"Диспенсер для полотенец, пластик",raw.r1c_nomenclature_current,1,1
Номенклатура — current,Диспенсер для стрейч пленки V110 T08100502 ВОЛГА ПОЛИМЕР,raw.r1c_nomenclature_current,1,1
Номенклатура — current,Дитокс Инсектицид,raw.r1c_nomenclature_current,1,1
Номенклатура — current,Дихлофос без запаха 180мл,raw.r1c_nomenclature_current,1,1
Номенклатура — current,Дишанс Инсектицид,raw.r1c_nomenclature_current,1,1
Номенклатура — current,Диэлектрические бокорезы Inforce 160 мм 1000В,raw.r1c_nomenclature_current,1,1
Номенклатура — current,Диэлектрические пассатижи Inforce 180 мм 1000В ,raw.r1c_nomenclature_current,1,1
Номенклатура — current,Диэлектрические тонкогубцы Inforce 160 мм 1000В,raw.r1c_nomenclature_current,1,1
Номенклатура — current,Длинногубцы,raw.r1c_nomenclature_current,1,1
Номенклатура — current,Дно гиrиеническое Стандарт производство Р Б ,raw.r1c_nomenclature_current,1,1
Номенклатура — current,Добавки,raw.r1c_nomenclature_current,1,1
Номенклатура — current,Доводчик на дверь PE-B2W серебро 25-45кг,raw.r1c_nomenclature_current,1,1
Номенклатура — current,Доводчик с рычажной тягой,raw.r1c_nomenclature_current,1,1
Номенклатура — current,Дождевик ПОНЧО 130 х 140 см PARK ,raw.r1c_nomenclature_current,1,1
Номенклатура — current,Дождевик на кнопках для взрослых,raw.r1c_nomenclature_current,1,1
Номенклатура — current,Дозатор Q0 IL c 02.004.0.0918-300-038,raw.r1c_nomenclature_current,1,1
Номенклатура — current,Дозатор автоматический ДАБЗ,raw.r1c_nomenclature_current,1,1
Номенклатура — current,Дозатор для жидкого мыла 1000мл,raw.r1c_nomenclature_current,1,1
Номенклатура — current,Дозатор для жидкого мыла 500мл нерж.сталь,raw.r1c_nomenclature_current,1,1
Номенклатура — current,Дозатор для жидкого мыла пластик прозрачный,raw.r1c_nomenclature_current,1,1
Номенклатура — current,Дозатор комбинированный WK-09 (адаптация для моркови и корня петрушки),raw.r1c_nomenclature_current,1,1
Номенклатура — current,Дозатор комбинированный WK-12 (встраивание 3-х упаковочных машин адаптация для моркови),raw.r1c_nomenclature_current,1,1
Номенклатура — current,Дозатор локтевой Bio/R эконом 1л,raw.r1c_nomenclature_current,1,1
Номенклатура — current,"Дозировочный бункер ZB II 25070 (сепаратор земли,расширение регулировки скорости)",raw.r1c_nomenclature_current,1,1
Номенклатура — current,Дозировочный бункер ZB II 350/70 (диапазон от 1 до 23 тонн в час сепаратор от земли с инвертором),raw.r1c_nomenclature_current,1,1
Номенклатура — current,Дозор Инсектицид,raw.r1c_nomenclature_current,1,1
Номенклатура — current,Долото,raw.r1c_nomenclature_current,1,1
Номенклатура — current,Долото + крепеж,raw.r1c_nomenclature_current,1,1
Номенклатура — current,Долото культиватора А150302200,raw.r1c_nomenclature_current,1,1
Номенклатура — current,Долото левое с наплавкой ,raw.r1c_nomenclature_current,1,1
Номенклатура — current,Долото правое с наплавкой ,raw.r1c_nomenclature_current,1,1
Номенклатура — current,"Домкрат 32 тонны TUV, 2 клапана БелАК ",raw.r1c_nomenclature_current,1,1
Номенклатура — current,Домкрат 80-00304-SX STELLOX,raw.r1c_nomenclature_current,1,1
Номенклатура — current,Домкрат бутылочный 5т 236-478 мм ШААЗ Д1-3913010-50,raw.r1c_nomenclature_current,1,1
Номенклатура — current,Домкрат гидравлический 3т,raw.r1c_nomenclature_current,1,1
Номенклатура — current,"Домкрат гидравлический бутылочный, 20т Rockforce RF-T92007/DS/(57369)",raw.r1c_nomenclature_current,1,1
Номенклатура — current,Домкрат гидравлический подкатной 5т низкопрофильный ROCKFORCE RF-TR50001,raw.r1c_nomenclature_current,1,1
Номенклатура — current,"Домкрат гидровлический бутылочный Т50,30т 285-465мм. Профессионал 43060-30",raw.r1c_nomenclature_current,1,1
Номенклатура — current,Домкрат двухштоковый 20 тонн БелАК БАК.20049,raw.r1c_nomenclature_current,1,1
Номенклатура — current,Домкрат механический 2т,raw.r1c_nomenclature_current,1,1
Номенклатура — current,Домкрат механический 4т,raw.r1c_nomenclature_current,1,1
Номенклатура — current,"Домкрат реечный 3,5 т с держателем рукоятки и опорой в комплекте,NORDBERG 153 см",raw.r1c_nomenclature_current,1,1
Номенклатура — current,Доп оборудование к системе мониторинга транспорта,raw.r1c_nomenclature_current,1,1
Номенклатура — current,Доп.контакт фронтальный DILA XH11,raw.r1c_nomenclature_current,1,1
Номенклатура — current,Доска 100х150х6,raw.r1c_nomenclature_current,1,1
Номенклатура — current,Доска 25х100,raw.r1c_nomenclature_current,1,1
Номенклатура — current,Доска 50х150,raw.r1c_nomenclature_current,1,1
Номенклатура — current,Доска 60*90,raw.r1c_nomenclature_current,1,1
Номенклатура — current,Доска антисептированная 50х150,raw.r1c_nomenclature_current,1,1
Номенклатура — current,Доска гладильна Ника7 Н7 38*122 см,raw.r1c_nomenclature_current,1,1
Номенклатура — current,Доска магнитно-маркерная,raw.r1c_nomenclature_current,1,1
Номенклатура — current,Доска магнитно-маркерная 100х200,raw.r1c_nomenclature_current,1,1
Номенклатура — current,Доска магнитно-маркерная 60х90,raw.r1c_nomenclature_current,1,1
Номенклатура — current,"Доска магнитно-маркерная 90/120 лак,алюмин.рама",raw.r1c_nomenclature_current,1,1
Номенклатура — current,Доска необрезная антисептированная ,raw.r1c_nomenclature_current,1,1
Номенклатура — current,Доска обрезная 22-25*100 длина 3м,raw.r1c_nomenclature_current,1,1
Номенклатура — current,Доска обрезная 22-25*150 длина 6м,raw.r1c_nomenclature_current,1,1
Номенклатура — current,Доска обрезная 40/100 длина 6м,raw.r1c_nomenclature_current,1,1
Номенклатура — current,Доска обрезная ЕВ 25*150*6000,raw.r1c_nomenclature_current,1,1
Номенклатура — current,Доска обрезная ЕВ50*150*6000,raw.r1c_nomenclature_current,1,1
Номенклатура — current,Доска полевая CL 100089 3411503,raw.r1c_nomenclature_current,1,1
Номенклатура — current,Доска полевая плуга узкая ПЛЖ 21.500,raw.r1c_nomenclature_current,1,1
Номенклатура — current,Доска полевая плуга широкая  направленная ПЛЖ 51.200-06,raw.r1c_nomenclature_current,1,1
Номенклатура — current,Доска полевая плуга широкая ПЛЖ 200-06,raw.r1c_nomenclature_current,1,1
Номенклатура — current,Доска полевая плуга широкая ПЛЖЗ 1200-01,raw.r1c_nomenclature_current,1,1
Номенклатура — current,Доска пробковая  деревянная 60х90,raw.r1c_nomenclature_current,1,1
Номенклатура — current,Доска разделочная,raw.r1c_nomenclature_current,1,1
Номенклатура — current,Доска разделочная 36*22см,raw.r1c_nomenclature_current,1,1
Номенклатура — current,Доска разделочная пластик,raw.r1c_nomenclature_current,1,1
Номенклатура — current,Доска сухая строганая обработ.антисептиком,raw.r1c_nomenclature_current,1,1
Номенклатура — current,Доспех 3 Инсектицид,raw.r1c_nomenclature_current,1,1
Номенклатура — current,Доспех Инсектицид,raw.r1c_nomenclature_current,1,1
Номенклатура — current,Доставка,raw.r1c_nomenclature_current,1,1
Номенклатура — current,Доставка покупателю (Транспортных расходы),raw.r1c_nomenclature_current,1,1
Номенклатура — current,Доставка продукции покупателю,raw.r1c_nomenclature_current,1,1
Номенклатура — current,"Дрель ""Интерскол"" Д-13/750 ЭР",raw.r1c_nomenclature_current,1,1
Номенклатура — current,Дрель аккумуляторная Makita DDF453SYX4,raw.r1c_nomenclature_current,1,1
Номенклатура — current,Дрель аккумуляторная Makita DDF485RF,raw.r1c_nomenclature_current,1,1
Номенклатура — current,Дрель ударная Metabo SBE 760 600841510,raw.r1c_nomenclature_current,1,1
Номенклатура — current,"Дрель-шуруповерт ""Макита"" аккумулятор G-серия 18 B, 13мм, 42/24Hм",raw.r1c_nomenclature_current,1,1
Номенклатура — current,Дрель-шуруповерт AEG BS18G4-202C 4935478630,raw.r1c_nomenclature_current,1,1
Номенклатура — current,"Дрель-шуруповерт аккумуляторная бесщеточная Loner 20V ONE + в кейсе, 20В, 2x4.0Ач",raw.r1c_nomenclature_current,1,1
Номенклатура — current,Дрель-шуруповерт аккумуляторный Metabo PowerMaxx SB 12 601076500,raw.r1c_nomenclature_current,1,1
Номенклатура — current,Дрель-шуруповерт аккумуляторный Ресанта ДА-18-2ЛК 75/14/5,raw.r1c_nomenclature_current,1,1
Номенклатура — current,Дроссели на пневмоцелиндры,raw.r1c_nomenclature_current,1,1
Номенклатура — current,Дроссельная шайба,raw.r1c_nomenclature_current,1,1
Номенклатура — current,Дроссельнаязаслонка карбюратора,raw.r1c_nomenclature_current,1,1
Номенклатура — current,Дурсбан Инсектицид,raw.r1c_nomenclature_current,1,1
Номенклатура — current,Дуршлаг МТ-057,raw.r1c_nomenclature_current,1,1
Номенклатура — current,"Дымарь пасечный со съемным мехом и термозащитным экраном (AISI430),тип3, ДП-3со стаканом",raw.r1c_nomenclature_current,1,1
Номенклатура — current,Дымарь электрический с ограждением,raw.r1c_nomenclature_current,1,1
Номенклатура — current,Дырокол,raw.r1c_nomenclature_current,1,1
Номенклатура — current,Дырокол до 60 листов с линейкой,raw.r1c_nomenclature_current,1,1
Номенклатура — current,Дэлит Про Инсектицид,raw.r1c_nomenclature_current,1,1
Номенклатура — current,Дюбель,raw.r1c_nomenclature_current,1,1
Номенклатура — current,Дюбель 12х120,raw.r1c_nomenclature_current,1,1
Номенклатура — current,Дюбель 6х40,raw.r1c_nomenclature_current,1,1
Номенклатура — current,Дюбель 6х40 с шурупом (грибовидный),raw.r1c_nomenclature_current,1,1
Номенклатура — current,Дюбель гв. 6х60,raw.r1c_nomenclature_current,1,1
Номенклатура — current,Дюбель гвоздь 6*80,raw.r1c_nomenclature_current,1,1
Номенклатура — current,Дюбель гвоздь 6х40,raw.r1c_nomenclature_current,1,1
Номенклатура — current,Дюбель гвоздь 6х60,raw.r1c_nomenclature_current,1,1
Номенклатура — current,Дюбель гвоздь 8х100,raw.r1c_nomenclature_current,1,1
Номенклатура — current,Дюбель с шурупом 8х100,raw.r1c_nomenclature_current,1,1
Номенклатура — current,Дюбель с шурупом 8х60,raw.r1c_nomenclature_current,1,1
Номенклатура — current,Дюбель тип U 6х52мм,raw.r1c_nomenclature_current,1,1
Номенклатура — current,Дюбель тип U 8х52мм,raw.r1c_nomenclature_current,1,1
Номенклатура — current,"Дюбель-хомут 5,10 мм д 5мм нейлон",raw.r1c_nomenclature_current,1,1
Номенклатура — current,Дюпель гвоздь 6х40,raw.r1c_nomenclature_current,1,1
Номенклатура — current,Дюпель гвоздь 6х60,raw.r1c_nomenclature_current,1,1
Номенклатура — current,Дюпель гвоздь 6х80,raw.r1c_nomenclature_current,1,1
Номенклатура — current,ЕТО,raw.r1c_nomenclature_current,1,1
Номенклатура — current,Евродим Инсектицид,raw.r1c_nomenclature_current,1,1
Номенклатура — current,Еврокуб 1000 л для топлива б/у,raw.r1c_nomenclature_current,1,1
Номенклатура — current,Еврокуб 980 л для дизельного топлива б/у,raw.r1c_nomenclature_current,1,1
Номенклатура — current,Европир Инсектицид,raw.r1c_nomenclature_current,1,1
Номенклатура — current,Европотолок 600х400х150мм перфорированный ПЭНД,raw.r1c_nomenclature_current,1,1
Номенклатура — current,Египет Белый Вакуумная упаковка5 кг.,raw.r1c_nomenclature_current,1,1
Номенклатура — current,Егоза колючая проволока СББ 500625,raw.r1c_nomenclature_current,1,1
Номенклатура — current,Ежедневник,raw.r1c_nomenclature_current,1,1
Номенклатура — current,Елена Инсектицид,raw.r1c_nomenclature_current,1,1
Номенклатура — current,Емкость 1000л,raw.r1c_nomenclature_current,1,1
Номенклатура — current,Емкость AUTO 1000 л синяя ,raw.r1c_nomenclature_current,1,1
Номенклатура — current,Емкость Т 10000л серия (2625х2305х2305) с отводом из бака,raw.r1c_nomenclature_current,1,1
Номенклатура — current,Емкость пластиковая на 1000л ,raw.r1c_nomenclature_current,1,1
Номенклатура — current,Емкость пластиковая на 1000л с крышкой и клапаном 1150х2180х550мм 40 кг синяя,raw.r1c_nomenclature_current,1,1
Номенклатура — current,Емкость пластиковая на 1000л с крышкой и клапаном 2305х2630мм 230 кг синяя,raw.r1c_nomenclature_current,1,1
Номенклатура — current,"Ерш д25x100x300 сталь 0,20 очистка котлов теплообменников дымоходов труб отверстий OSBORN ",raw.r1c_nomenclature_current,1,1
Номенклатура — current,Ершик для унитаза ,raw.r1c_nomenclature_current,1,1
Номенклатура — current,Ершик для унитаза с подставкой Уголок,raw.r1c_nomenclature_current,1,1
Номенклатура — current,Жгут для ремонта бескамерных шин 204*6мм на РЕТ основе,raw.r1c_nomenclature_current,1,1
Номенклатура — current,Жгут для ремонта бескамерных шин AUTOPROFI,raw.r1c_nomenclature_current,1,1
Номенклатура — current,Жгут электрический,raw.r1c_nomenclature_current,1,1
Номенклатура — current,Железо горячекатанное,raw.r1c_nomenclature_current,1,1
Номенклатура — current,Желоб водосточный (Шоколад),raw.r1c_nomenclature_current,1,1
Номенклатура — current,Желоб водосточный 130 3м ПВХ,raw.r1c_nomenclature_current,1,1
Номенклатура — current,Жесткий диск 6TБ,raw.r1c_nomenclature_current,1,1
Номенклатура — current,Жесткий диск SA TA-314Tb WD Purple Pro 7200rpm,raw.r1c_nomenclature_current,1,1
Номенклатура — current,Жесткий диск SATA-3 4Tb Seagate 5400 SkyHawk [ST4000VX016] cache 256MB EU/CN,raw.r1c_nomenclature_current,1,1
Номенклатура — current,Жесткий диск SATA-3 4Tb Seagate BarraCuda [ST4000DM004] Cache 256MB EU/CN,raw.r1c_nomenclature_current,1,1
Номенклатура — current,Жесткий диск WD Purple 2TБ,raw.r1c_nomenclature_current,1,1
Номенклатура — current,Жесткий диск WD Purple 2TЪ,raw.r1c_nomenclature_current,1,1
Номенклатура — current,Жесткий диск портативный HDD USB3,raw.r1c_nomenclature_current,1,1
Номенклатура — current,"Жидкие гвозди ""Момент-монтаж"" суперсильный ",raw.r1c_nomenclature_current,1,1
Номенклатура — current,Жидкий ключ 210мл,raw.r1c_nomenclature_current,1,1
Номенклатура — current,Жидкий ключСмазка ВАЛЕРА 420мл,raw.r1c_nomenclature_current,1,1
Номенклатура — current,Жидкий ключСмазка ВАЛЕРА 650 мл,raw.r1c_nomenclature_current,1,1
Номенклатура — current,Жидкость ГУР POWER 1л,raw.r1c_nomenclature_current,1,1
Номенклатура — current,Жидкость ГУР ST-Up 1л,raw.r1c_nomenclature_current,1,1
Номенклатура — current,Жидкость для АКПП TOTACHI AFT WS  синт,raw.r1c_nomenclature_current,1,1
Номенклатура — current,Жидкость для автоматической трансмиссии,raw.r1c_nomenclature_current,1,1
Номенклатура — current,Жидкость для гидроусилителя,raw.r1c_nomenclature_current,1,1
Номенклатура — current,Жидкость для гидроусилителя 1л,raw.r1c_nomenclature_current,1,1
Номенклатура — current,Жидкость для гидроусилителя руля 325 мм,raw.r1c_nomenclature_current,1,1
Номенклатура — current,Жидкость для раскоксовки двигателя 330 мл,raw.r1c_nomenclature_current,1,1
Номенклатура — current,"Жидкость для розжига 0,5л",raw.r1c_nomenclature_current,1,1
Номенклатура — current,Жидкость незамерзающая стеклоочистителя,raw.r1c_nomenclature_current,1,1
Номенклатура — current,Жидкость омывания стекол -30С (5л),raw.r1c_nomenclature_current,1,1
Номенклатура — current,Жидкость омывателя,raw.r1c_nomenclature_current,1,1
Номенклатура — current,Жидкость омывателя ,raw.r1c_nomenclature_current,1,1
Номенклатура — current,Жидкость охлаждающая низкозамерз Sintec Antifreeze Luxe G12+ red 40,raw.r1c_nomenclature_current,1,1
Номенклатура — current,Жидкость стеклоомывателя ,raw.r1c_nomenclature_current,1,1
Номенклатура — current,Жидкость стеклоомывателя 30с,raw.r1c_nomenclature_current,1,1
Номенклатура — current,Жидкость стеклоомывателя зимняя,raw.r1c_nomenclature_current,1,1
Номенклатура — current,Жидкость стеклоомывающая,raw.r1c_nomenclature_current,1,1
Номенклатура — current,"Жилет утепленный ""РЕЙНИР"", цвет: зеленый (52-54)",raw.r1c_nomenclature_current,1,1
Номенклатура — current,"Жилет утепленный ""РЕЙНИР"", цвет: красный (44-46)",raw.r1c_nomenclature_current,1,1
Номенклатура — current,"Жилет утепленный ""РЕЙНИР"", цвет: красный (52-54)",raw.r1c_nomenclature_current,1,1
Номенклатура — current,"Жилет утепленный ""РЕЙНИР"", цвет: т.синий (44-46)",raw.r1c_nomenclature_current,1,1
Номенклатура — current,"Жилет утепленный ""РЕЙНИР"", цвет: т.синий (48-50)",raw.r1c_nomenclature_current,1,1
Номенклатура — current,Жилеты,raw.r1c_nomenclature_current,1,1
Номенклатура — current,Жукоед Инсектицид,raw.r1c_nomenclature_current,1,1
Номенклатура — current,Журнал по технике безопасности,raw.r1c_nomenclature_current,1,1
Номенклатура — current,Журнал предрейсового медосмотра,raw.r1c_nomenclature_current,1,1
Номенклатура — current,Журнал приема сдачи,raw.r1c_nomenclature_current,1,1
Номенклатура — current,Журнал проверок осуществления воинского учета,raw.r1c_nomenclature_current,1,1
Номенклатура — current,Журнал регистрации вводного инструктажа по пожарной безопасности,raw.r1c_nomenclature_current,1,1
Номенклатура — current,Журнал регистрации выдачи направлений на мед.осмотр,raw.r1c_nomenclature_current,1,1
Номенклатура — current,Журнал регистрации инструктажа на рабочем месте,raw.r1c_nomenclature_current,1,1
Номенклатура — current,Журнал регистрации инструментов на рабочем месте,raw.r1c_nomenclature_current,1,1
Номенклатура — current,Журнал регистрации стажировки на рабочем месте,raw.r1c_nomenclature_current,1,1
Номенклатура — current,Журнал учета,raw.r1c_nomenclature_current,1,1
Номенклатура — current,Журнал учета МЦ в разрезе помещений и передач мо лицу,raw.r1c_nomenclature_current,1,1
Номенклатура — current,Журнал учета внеплан.инструктажа по технике безопасности,raw.r1c_nomenclature_current,1,1
Номенклатура — current,Журнал учета выдачи направлений,raw.r1c_nomenclature_current,1,1
Номенклатура — current,Журнал учета инструкций по охране труда,raw.r1c_nomenclature_current,1,1
Номенклатура — current,Журнал учета карточек граждан,raw.r1c_nomenclature_current,1,1
Номенклатура — current,Журнал учета огнетушителей,raw.r1c_nomenclature_current,1,1
Номенклатура — current,Журнал учета присвоения группы по электробезопасности,raw.r1c_nomenclature_current,1,1
Номенклатура — current,Журнал учета противопожарных инструктажей,raw.r1c_nomenclature_current,1,1
Номенклатура — current,Журнал учета путевых листов,raw.r1c_nomenclature_current,1,1
Номенклатура — current,ЗАПЧАСТИ И МАТЕРИАЛЫ ДЛЯ РЕМОНТОВ,raw.r1c_nomenclature_current,1,1
Номенклатура — current,ЗАСЛОНКА ЛЕМЕХА СПРАВА (ИД: 001.00247),raw.r1c_nomenclature_current,1,1
Номенклатура — current,ЗВЕЗДОЧКА 1X5/8-Z18,raw.r1c_nomenclature_current,1,1
Номенклатура — current,ЗКК 30*35*46,raw.r1c_nomenclature_current,1,1
Номенклатура — current,"ЗУБР Съемник раздвижной 2-захватный, 100мм, Профессионал 43310-115-100",raw.r1c_nomenclature_current,1,1
Номенклатура — current,Забивной анкер М10,raw.r1c_nomenclature_current,1,1
Номенклатура — current,Заглушка (Шоколад),raw.r1c_nomenclature_current,1,1
Номенклатура — current,Заглушка 1/2,raw.r1c_nomenclature_current,1,1
Номенклатура — current,Заглушка 76,raw.r1c_nomenclature_current,1,1
Номенклатура — current,Заглушка 99М7016,raw.r1c_nomenclature_current,1,1
Номенклатура — current,Заглушка 99М7057,raw.r1c_nomenclature_current,1,1
Номенклатура — current,Заглушка D110,raw.r1c_nomenclature_current,1,1
Номенклатура — current,Заглушка LUX Пломбир УТ000004962,raw.r1c_nomenclature_current,1,1
Номенклатура — current,Заглушка PPR 32 PN25,raw.r1c_nomenclature_current,1,1
Номенклатура — current,Заглушка ПВХ 110,raw.r1c_nomenclature_current,1,1
Номенклатура — current,Заглушка ПНД 50,raw.r1c_nomenclature_current,1,1
Номенклатура — current,Заглушка ПНД 63,raw.r1c_nomenclature_current,1,1
Номенклатура — current,Заглушка ПП50,raw.r1c_nomenclature_current,1,1
Номенклатура — current,Заглушка бампера 3302,raw.r1c_nomenclature_current,1,1
Номенклатура — current,Заглушка для ПНД трубки ,raw.r1c_nomenclature_current,1,1
Номенклатура — current,Заглушка для бака,raw.r1c_nomenclature_current,1,1
Номенклатура — current,Заглушка для капельной ленты с кольцом,raw.r1c_nomenclature_current,1,1
Номенклатура — current,Заглушка для коллектора пп25,raw.r1c_nomenclature_current,1,1
Номенклатура — current,Заглушка желоба ПВХ,raw.r1c_nomenclature_current,1,1
Номенклатура — current,"Заглушка желоба универсальная,белый 10659",raw.r1c_nomenclature_current,1,1
Номенклатура — current,Заглушка к плинтусу ПВХ,raw.r1c_nomenclature_current,1,1
Номенклатура — current,Заглушка ник. 25 НР,raw.r1c_nomenclature_current,1,1
Номенклатура — current,Заглушка никелированная,raw.r1c_nomenclature_current,1,1
Номенклатура — current,Заглушка никелированная 32ВР,raw.r1c_nomenclature_current,1,1
Номенклатура — current,Заглушка пласт 32,raw.r1c_nomenclature_current,1,1
Номенклатура — current,Заглушка пласт. 32,raw.r1c_nomenclature_current,1,1
Номенклатура — current,Заглушка пластиковая Д-20,raw.r1c_nomenclature_current,1,1
Номенклатура — current,Заглушка пластиковая Д-40,raw.r1c_nomenclature_current,1,1
Номенклатура — current,"Заглушка с вентелем 6""",raw.r1c_nomenclature_current,1,1
Номенклатура — current,"Заглушка с концевая 6""",raw.r1c_nomenclature_current,1,1
Номенклатура — current,"Заглушка с концевая 8""",raw.r1c_nomenclature_current,1,1
Номенклатура — current,"Загрузочный транспортер Р-500/120 для WK-12 с увеличенной высотой подачи для упаковки ""домик""",raw.r1c_nomenclature_current,1,1
Номенклатура — current,Задвижка ,raw.r1c_nomenclature_current,1,1
Номенклатура — current,Задвижка накладная ЗТ-4,raw.r1c_nomenclature_current,1,1
Номенклатура — current,Задвижка накладная ЗТ-85,raw.r1c_nomenclature_current,1,1
Номенклатура — current,Задвижка под навесной замок,raw.r1c_nomenclature_current,1,1
Номенклатура — current,Зажигалка,raw.r1c_nomenclature_current,1,1
Номенклатура — current,Зажим ,raw.r1c_nomenclature_current,1,1
Номенклатура — current,Зажим 5 мм,raw.r1c_nomenclature_current,1,1
Номенклатура — current,Зажим анкер 3АБ 16-25М,raw.r1c_nomenclature_current,1,1
Номенклатура — current,Зажим анкер 3АБ 16-35 М (РА25х100),raw.r1c_nomenclature_current,1,1
Номенклатура — current,Зажим анкер DN 123 (ф6-10-16-25-35),raw.r1c_nomenclature_current,1,1
Номенклатура — current,Зажим анкер ИЭК ЗАБ 16-35 М (РА25х100),raw.r1c_nomenclature_current,1,1
Номенклатура — current,Зажим анкер РА 2/25S (2х16/2х25),raw.r1c_nomenclature_current,1,1
Номенклатура — current,Зажим анкерный ЗАБ 16-25 (РА25*100) ИЕК,raw.r1c_nomenclature_current,1,1
Номенклатура — current,Зажим анкерный ЗАБ 16-35М,raw.r1c_nomenclature_current,1,1
Номенклатура — current,Зажим анкерный ЗАН 16-35/1000 (PA 1000) ИЭК,raw.r1c_nomenclature_current,1,1
Номенклатура — current,Зажим анкерный РА 2000Р ВК,raw.r1c_nomenclature_current,1,1
Номенклатура — current,Зажим анкерный для проводов DN 123 (SO 25; РА 25х100),raw.r1c_nomenclature_current,1,1
Номенклатура — current,Зажим анкерный клиновой PA25х100 2-4x16-35кв.мм,raw.r1c_nomenclature_current,1,1
Номенклатура — current,Зажим герметичный ответвительный Р616,raw.r1c_nomenclature_current,1,1
Номенклатура — current,Зажим герметичный ответвительный Р645,raw.r1c_nomenclature_current,1,1
Номенклатура — current,Зажим для бумаг 15 мм,raw.r1c_nomenclature_current,1,1
Номенклатура — current,Зажим для бумаг 25 мм,raw.r1c_nomenclature_current,1,1
Номенклатура — current,Зажим для бумаг 32 мм 12шт/упак,raw.r1c_nomenclature_current,1,1
Номенклатура — current,Зажим для бумаг 32 мм 24шт/упак,raw.r1c_nomenclature_current,1,1
Номенклатура — current,Зажим для бумаг 41 мм 12шт/упак,raw.r1c_nomenclature_current,1,1
Номенклатура — current,Зажим для бумаг 41 мм 24шт/упак,raw.r1c_nomenclature_current,1,1
Номенклатура — current,Зажим для бумаг 51 мм 12шт/упак,raw.r1c_nomenclature_current,1,1
Номенклатура — current,"Зажим для канатов DIN 741 М12 2шт,7-0010330",raw.r1c_nomenclature_current,1,1
Номенклатура — current,Зажим монтажный лягушка,raw.r1c_nomenclature_current,1,1
Номенклатура — current,Зажим наборный ЗНИ-10мм ,raw.r1c_nomenclature_current,1,1
Номенклатура — current,"Зажим наборный ЗНИ-2,5мм 2 (JXB24A) серый ИЭК (упак 50шт)",raw.r1c_nomenclature_current,1,1
Номенклатура — current,Зажим наборный ЗНИ-4мм ,raw.r1c_nomenclature_current,1,1
Номенклатура — current,Зажим наборный ЗНИ-70мм 2 серый ИЭК (упак 8шт),raw.r1c_nomenclature_current,1,1
Номенклатура — current,"Зажим ответв.ЗОИ 16-70/1,5-10 ИЭК",raw.r1c_nomenclature_current,1,1
Номенклатура — current,"Зажим ответв.ЗОИ 16-95/2,5-35",raw.r1c_nomenclature_current,1,1
Номенклатура — current,Зажим ответв.ЗОИ 35-150/35-150 ИЭК,raw.r1c_nomenclature_current,1,1
Номенклатура — current,Зажим ответвительный ,raw.r1c_nomenclature_current,1,1
Номенклатура — current,Зажим ответвительный P 4 NILED 10900341,raw.r1c_nomenclature_current,1,1
Номенклатура — current,Зажим ответвительный Р 4 NILED 10900341,raw.r1c_nomenclature_current,1,1
Номенклатура — current,Зажим ответвительный Р645,raw.r1c_nomenclature_current,1,1
Номенклатура — current,Зажим ответительный изолированный ЗОИ 16-95/2 5-35 ИЭК,raw.r1c_nomenclature_current,1,1
Номенклатура — current,Зажим ответительный изолированный ЗОИ 25-95/25-95 ИЭК,raw.r1c_nomenclature_current,1,1
Номенклатура — current,Зажим промеж.ЗПН 1500,raw.r1c_nomenclature_current,1,1
Номенклатура — current,Зажим промежуточный PS435,raw.r1c_nomenclature_current,1,1
Номенклатура — current,Зажим троса,raw.r1c_nomenclature_current,1,1
Номенклатура — current,"Зажим троса ""слоник"" М3 ",raw.r1c_nomenclature_current,1,1
Номенклатура — current,Заказ документов,raw.r1c_nomenclature_current,1,1
Номенклатура — current,Закладки клейкиие пласт 5 цветов 12ммх45,raw.r1c_nomenclature_current,1,1
Номенклатура — current,Заклепка  DIN 661 5х20-St,raw.r1c_nomenclature_current,1,1
Номенклатура — current,Заклепка  DIN 661 5х24-St,raw.r1c_nomenclature_current,1,1
Номенклатура — current,Заклепка  DIN 661 5х27-St,raw.r1c_nomenclature_current,1,1
Номенклатура — current,"Заклепка 4,0x6",raw.r1c_nomenclature_current,1,1
Номенклатура — current,"Заклепка 4,8*8 алюм/ст",raw.r1c_nomenclature_current,1,1
Номенклатура — current,"Заклепка 4,8x12",raw.r1c_nomenclature_current,1,1
Номенклатура — current,Заклепка вытяжная  алюминий сталь 4*10 1000 шт,raw.r1c_nomenclature_current,1,1
Номенклатура — current,Заклепка вытяжная DIN7337 алюминий сталь 4*16 ,raw.r1c_nomenclature_current,1,1
Номенклатура — current,Заклепка отожженная 6х14,raw.r1c_nomenclature_current,1,1
Номенклатура — current,Заклепка под молоток. Алюминий 3х10мм,raw.r1c_nomenclature_current,1,1
Номенклатура — current,Заклепка стальная,raw.r1c_nomenclature_current,1,1
Номенклатура — current,Заклепки,raw.r1c_nomenclature_current,1,1
Номенклатура — current,"Заклепки 4,8х14",raw.r1c_nomenclature_current,1,1
Номенклатура — current,"Заклепки 4,8х16 500шт.",raw.r1c_nomenclature_current,1,1
Номенклатура — current,"Заклепки 4,8х8 мм  50шт",raw.r1c_nomenclature_current,1,1
Номенклатура — current,Заклепочник,raw.r1c_nomenclature_current,1,1
Номенклатура — current,Заклюпочник,raw.r1c_nomenclature_current,1,1
Номенклатура — current,"Заклёпки вытяжные алюминий-сталь 4,8x16 100 шт BOWT ",raw.r1c_nomenclature_current,1,1
Номенклатура — current,"Заклёпки вытяжные алюминий-сталь 4,8x6 100 шт BOWT",raw.r1c_nomenclature_current,1,1
Номенклатура — current,"Заклёпки вытяжные алюминий-сталь 4,8x8 100 шт BOWT ",raw.r1c_nomenclature_current,1,1
Номенклатура — current,Залежь 2021,raw.r1c_nomenclature_current,1,1
Номенклатура — current,Залежь 2022,raw.r1c_nomenclature_current,1,1
Номенклатура — current,Залежь 2022_товар,raw.r1c_nomenclature_current,1,1
Номенклатура — current,Залежь 2023_,raw.r1c_nomenclature_current,1,1
Номенклатура — current,Залежь 2024_товар,raw.r1c_nomenclature_current,1,1
Номенклатура — current,Залежь с октября 2021,raw.r1c_nomenclature_current,1,1
Номенклатура — current,Залп Инсектицид,raw.r1c_nomenclature_current,1,1
Номенклатура — current,Замена масла,raw.r1c_nomenclature_current,1,1
Номенклатура — current,"Замена ступицы, замена подшипников, замена тормозного диска",raw.r1c_nomenclature_current,1,1
Номенклатура — current,Заменитель нейтрализатора 3302 дв.УМЗ-4216 Евро-4 УС,raw.r1c_nomenclature_current,1,1
Номенклатура — current,Замир Инсектицид,raw.r1c_nomenclature_current,1,1
Номенклатура — current,Замки дл цепи Ogniwo wygiete redukcia WZ 08В-1,raw.r1c_nomenclature_current,1,1
Номенклатура — current,Замок,raw.r1c_nomenclature_current,1,1
Номенклатура — current,Замок  навесной  EXTRA,raw.r1c_nomenclature_current,1,1
Номенклатура — current,Замок  навесной  Полидор 103-60,raw.r1c_nomenclature_current,1,1
Номенклатура — current,Замок  навесной ВС2-26 ЧАЗ,raw.r1c_nomenclature_current,1,1
Номенклатура — current,"Замок  навесной, дисковый механизм секрета ВС2М1.37220-1",raw.r1c_nomenclature_current,1,1
Номенклатура — current,Замок 1-40,raw.r1c_nomenclature_current,1,1
Номенклатура — current,Замок 1-60,raw.r1c_nomenclature_current,1,1
Номенклатура — current,Замок 20-20/50 (трехгранный ключ) TDM,raw.r1c_nomenclature_current,1,1
Номенклатура — current,Замок 40 мм,raw.r1c_nomenclature_current,1,1
Номенклатура — current,Замок 70 мм,raw.r1c_nomenclature_current,1,1
Номенклатура — current,"Замок MASTER навесной,всепогодный ",raw.r1c_nomenclature_current,1,1
Номенклатура — current,Замок Selflex MR04,raw.r1c_nomenclature_current,1,1
Номенклатура — current,Замок Selflex MR05,raw.r1c_nomenclature_current,1,1
Номенклатура — current,Замок TLG30,raw.r1c_nomenclature_current,1,1
Номенклатура — current,Замок TS40,raw.r1c_nomenclature_current,1,1
Номенклатура — current,Замок TS50,raw.r1c_nomenclature_current,1,1
Номенклатура — current,Замок КТУ9*11,raw.r1c_nomenclature_current,1,1
Номенклатура — current,Замок МИ навесной всепогодный 40мм,raw.r1c_nomenclature_current,1,1
Номенклатура — current,Замок МСМ навесной ТА2-80 Блистер,raw.r1c_nomenclature_current,1,1
Номенклатура — current,Замок в цепи,raw.r1c_nomenclature_current,1,1
Номенклатура — current,Замок верхний правой двери,raw.r1c_nomenclature_current,1,1
Номенклатура — current,Замок висячий POR-45L,raw.r1c_nomenclature_current,1,1
Номенклатура — current,Замок врезной ,raw.r1c_nomenclature_current,1,1
Номенклатура — current,Замок врезной Т-0523-С-АВ-R 28790,raw.r1c_nomenclature_current,1,1
Номенклатура — current,Замок врезной ЭВ9-4-2 бриллиант,raw.r1c_nomenclature_current,1,1
Номенклатура — current,Замок двери левый 80-6105010 УК,raw.r1c_nomenclature_current,1,1
Номенклатура — current,Замок для двери,raw.r1c_nomenclature_current,1,1
Номенклатура — current,Замок задней правой двери боковой,raw.r1c_nomenclature_current,1,1
Номенклатура — current,Замок зажигания ВК 353 КАМАЗ 1202.3704-03,raw.r1c_nomenclature_current,1,1
Номенклатура — current,Замок зажигания в сборе,raw.r1c_nomenclature_current,1,1
Номенклатура — current,Замок ленты 475 мм,raw.r1c_nomenclature_current,1,1
Номенклатура — current,Замок навесной,raw.r1c_nomenclature_current,1,1
Номенклатура — current,Замок навесной  38мм хром/серый,raw.r1c_nomenclature_current,1,1
Номенклатура — current,Замок навесной 3Н2-1-01 70мм,raw.r1c_nomenclature_current,1,1
Номенклатура — current,Замок навесной 3Н2-26 60мм,raw.r1c_nomenclature_current,1,1
Номенклатура — current,Замок навесной 3Н2-М1 60мм,raw.r1c_nomenclature_current,1,1
Номенклатура — current,Замок навесной УЗК АЛЛЮРИВС1Ч d 5мм 5 ключей,raw.r1c_nomenclature_current,1,1
Номенклатура — current,Замок навесной большой,raw.r1c_nomenclature_current,1,1
Номенклатура — current,Замок накидной 63mm,raw.r1c_nomenclature_current,1,1
Номенклатура — current,Замок накладной,raw.r1c_nomenclature_current,1,1
Номенклатура — current,Замок нижний  левой двери,raw.r1c_nomenclature_current,1,1
Номенклатура — current,Замок почтовый 18-20/38 IP31 EKF PROxima,raw.r1c_nomenclature_current,1,1
Номенклатура — current,Замок цепи инспекционного стола TS 3012,raw.r1c_nomenclature_current,1,1
Номенклатура — current,Замок цепи щеточного очистителя,raw.r1c_nomenclature_current,1,1
Номенклатура — current,Замок шарнирный для шевронной ленты 550,raw.r1c_nomenclature_current,1,1
Номенклатура — current,Замок электромагнитный с уголком,raw.r1c_nomenclature_current,1,1
Номенклатура — current,Замок-защелка Магикан,raw.r1c_nomenclature_current,1,1
Номенклатура — current,Замороженные овощи,raw.r1c_nomenclature_current,1,1
Номенклатура — current,Зантара Инсектицид,raw.r1c_nomenclature_current,1,1
Номенклатура — current,Запасной фильтр. элемент,raw.r1c_nomenclature_current,1,1
Номенклатура — current,Запасной элемент для фильтра RFM 165 G,raw.r1c_nomenclature_current,1,1
Номенклатура — current,Запасные части,raw.r1c_nomenclature_current,1,1
Номенклатура — current,Заплатка для камер,raw.r1c_nomenclature_current,1,1
Номенклатура — current,Заправочная станция перекачки топлива со счетчиком Petroll cosmic-80 (220 v) 2022,raw.r1c_nomenclature_current,1,1
Номенклатура — current,Запчасти для систем видеонаблюдения,raw.r1c_nomenclature_current,1,1
Номенклатура — current,Запчасти и расходные материалы,raw.r1c_nomenclature_current,2,2
Номенклатура — current,Запчасти и расходные материалы для инженерных сетей,raw.r1c_nomenclature_current,1,1
Номенклатура — current,Запчасти и расходные материалы для поливочных систем,raw.r1c_nomenclature_current,1,1
Номенклатура — current,Запчасти и расходные материалы для производственного оборудования,raw.r1c_nomenclature_current,1,1
Номенклатура — current,Запчасти и расходные материалы для производственного транспорта,raw.r1c_nomenclature_current,1,1
Номенклатура — current,Запчасти и расходные материалы для сельхозтехники,raw.r1c_nomenclature_current,1,1
Номенклатура — current,Запчасти и расходные материалы для транспортных средств,raw.r1c_nomenclature_current,1,1
Номенклатура — current,Заросли,raw.r1c_nomenclature_current,1,1
Номенклатура — current,Заросли 2026,raw.r1c_nomenclature_current,1,1
Номенклатура — current,Зарядное устройство,raw.r1c_nomenclature_current,1,1
Номенклатура — current,Зарядное устройство Epilso EPC-U40,raw.r1c_nomenclature_current,1,1
Номенклатура — current,Заслон,raw.r1c_nomenclature_current,1,1
Номенклатура — current,Заслонка лемеха слева,raw.r1c_nomenclature_current,1,1
Номенклатура — current,Заслонка лемеха слева ИД: 001.00250,raw.r1c_nomenclature_current,1,1
Номенклатура — current,Заслонка лемеха справа ,raw.r1c_nomenclature_current,1,1
Номенклатура — current,Заслонка лемеха справа ИД: 001.00249,raw.r1c_nomenclature_current,1,1
Номенклатура — current,Засов,raw.r1c_nomenclature_current,1,1
Номенклатура — current,Заставочная доска Стандарт производство РБ ,raw.r1c_nomenclature_current,1,1
Номенклатура — current,Затирка Ceresit белый ведро,raw.r1c_nomenclature_current,1,1
Номенклатура — current,Затирка Ceresit белый мрамор ведро,raw.r1c_nomenclature_current,1,1
Номенклатура — current,Затирка Ceresit манхетен ведро,raw.r1c_nomenclature_current,1,1
Номенклатура — current,Затирка №10 манхетен 2кг,raw.r1c_nomenclature_current,1,1
Номенклатура — current,Заточной станок Кратон BG 750/250P 4 02 03 025,raw.r1c_nomenclature_current,1,1
Номенклатура — current,Зачистной диск,raw.r1c_nomenclature_current,1,1
Номенклатура — current,Защита V33418600,raw.r1c_nomenclature_current,1,1
Номенклатура — current,Защита ИЯВТ ,raw.r1c_nomenclature_current,1,1
Номенклатура — current,Защита стойки (б/у),raw.r1c_nomenclature_current,1,1
Номенклатура — current,Защита стойки А150342697,raw.r1c_nomenclature_current,1,1
Номенклатура — current,Защитн. колпачек гидр. штекера,raw.r1c_nomenclature_current,1,1
Номенклатура — current,Защитная сетка 3х50 м 80грм2 ФУ80,raw.r1c_nomenclature_current,1,1
Номенклатура — current,Звезда вала,raw.r1c_nomenclature_current,1,1
Номенклатура — current,Звезда вала (щетка) KOtO tANCUCHOWE TANDEM 08B-1,raw.r1c_nomenclature_current,1,1
Номенклатура — current,Звездочка ,raw.r1c_nomenclature_current,1,1
Номенклатура — current,"Звездочка  ЗТ-40,А 50.08.006-01",raw.r1c_nomenclature_current,1,1
Номенклатура — current,"Звездочка  ЗТ-40,А 50.08.400",raw.r1c_nomenclature_current,1,1
Номенклатура — current,Звездочка 1/2X5/16-15 зуб,raw.r1c_nomenclature_current,1,1
Номенклатура — current,Звездочка 1/2X5/16-16 зуб.,raw.r1c_nomenclature_current,1,1
Номенклатура — current,Звездочка 1/2Х5/16-14зуб,raw.r1c_nomenclature_current,1,1
Номенклатура — current,Звездочка 12Т 12Т 12В-1 35,raw.r1c_nomenclature_current,1,1
Номенклатура — current,Звездочка 3/4 зуб.,raw.r1c_nomenclature_current,1,1
Номенклатура — current,Звездочка 3/4*1/2-15зуб.,raw.r1c_nomenclature_current,1,1
Номенклатура — current,Звездочка 3/4х1/2,raw.r1c_nomenclature_current,1,1
Номенклатура — current,Звездочка 5/8-12ЗУБ ,raw.r1c_nomenclature_current,1,1
Номенклатура — current,Звездочка Z-13,raw.r1c_nomenclature_current,1,1
Номенклатура — current,Звездочка Z-15,raw.r1c_nomenclature_current,1,1
Номенклатура — current,Звездочка ККУ.92.155,raw.r1c_nomenclature_current,1,1
Номенклатура — current,Звездочка КПК 01.03.020,raw.r1c_nomenclature_current,1,1
Номенклатура — current,Звездочка КПК 2.01 комплект,raw.r1c_nomenclature_current,1,1
Номенклатура — current,Звездочка КТ 10.05.071,raw.r1c_nomenclature_current,1,1
Номенклатура — current,Звездочка КТУ-9.15,raw.r1c_nomenclature_current,1,1
Номенклатура — current,Звездочка ПБИ 2004,raw.r1c_nomenclature_current,1,1
Номенклатура — current,Звездочка ПБИ 2006,raw.r1c_nomenclature_current,1,1
Номенклатура — current,Звездочка ПБИ 2007,raw.r1c_nomenclature_current,1,1
Номенклатура — current,Звездочка СО-16 01.05.002,raw.r1c_nomenclature_current,1,1
Номенклатура — current,Звездочка СО-16.01.00.014,raw.r1c_nomenclature_current,1,1
Номенклатура — current,Звездочка СО-16.01.00.015,raw.r1c_nomenclature_current,1,1
Номенклатура — current,Звездочка натяжная ККУ.08.150 с осью,raw.r1c_nomenclature_current,1,1
Номенклатура — current,Звездочка под втулку тапербуш для цепи 5/16* TS09015,raw.r1c_nomenclature_current,1,1
Номенклатура — current,Звено 700А.46.28.071,raw.r1c_nomenclature_current,1,1
Номенклатура — current,"Звено СПР-19,05-3180",raw.r1c_nomenclature_current,1,1
Номенклатура — current,Звено переходное 08В-2 DH,raw.r1c_nomenclature_current,1,1
Номенклатура — current,"Звено переходное цепи П-ПР-19,05-3180",raw.r1c_nomenclature_current,1,1
Номенклатура — current,"Звено переходное цепи П-ПР-25,4-6000",raw.r1c_nomenclature_current,1,1
Номенклатура — current,"Звено соединительное  П ПР-19,05-31,8",raw.r1c_nomenclature_current,1,1
Номенклатура — current,"Звено соединительное  П-ПР-25,4-60",raw.r1c_nomenclature_current,1,1
Номенклатура — current,"Звено соединительное  С-ПР-19,05-31,8",raw.r1c_nomenclature_current,1,1
Номенклатура — current,"Звено соединительное  С-ПР-25,4-60",raw.r1c_nomenclature_current,1,1
Номенклатура — current,Звено соединительное 08В-1 CL BISON,raw.r1c_nomenclature_current,1,1
Номенклатура — current,Звено соединительное 10В-2 CL BISON,raw.r1c_nomenclature_current,1,1
Номенклатура — current,Звено соединительное 10В-2 DH,raw.r1c_nomenclature_current,1,1
Номенклатура — current,Звено соединительное 10В.1,raw.r1c_nomenclature_current,1,1
Номенклатура — current,"Звено соединительное 2ПР 15.875-45,4",raw.r1c_nomenclature_current,1,1
Номенклатура — current,Звено соединительное 80Н--1 DH-1,raw.r1c_nomenclature_current,1,1
Номенклатура — current,"Звено соединительное цепи С-2ПР-15.875-45,4",raw.r1c_nomenclature_current,1,1
Номенклатура — current,"Звено соединительное цепи С-ПР-19,05-3180",raw.r1c_nomenclature_current,1,1
Номенклатура — current,"Звено соединительное цепи С-ПР-25,4-6000",raw.r1c_nomenclature_current,1,1
Номенклатура — current,Звонок громкого боя SB1-150MM D=150мм 220В IP20 ANDELI ,raw.r1c_nomenclature_current,1,1
Номенклатура — current,Звонок дверной беспроводной Космос 26мл до 150м,raw.r1c_nomenclature_current,1,1
Номенклатура — current,Звуковой оповещатель Марс 220-ЗУ 10469,raw.r1c_nomenclature_current,1,1
Номенклатура — current,Звуковой оповещатель Марс 220-ЗУ SLT ,raw.r1c_nomenclature_current,1,1
Номенклатура — current,Зеленка маркер Леккер 5 мл,raw.r1c_nomenclature_current,1,1
Номенклатура — current,Зелест,raw.r1c_nomenclature_current,1,1
Номенклатура — current,Зелёный картофель,raw.r1c_nomenclature_current,1,1
Номенклатура — current,Земля (производство),raw.r1c_nomenclature_current,1,1
Номенклатура — current,Земля (склад),raw.r1c_nomenclature_current,1,1
Номенклатура — current,Земля с полей,raw.r1c_nomenclature_current,1,1
Номенклатура — current,Зенит Инсектицид,raw.r1c_nomenclature_current,1,1
Номенклатура — current,Зенкор Ультра Гербицид ,raw.r1c_nomenclature_current,1,1
Номенклатура — current,"Зенкошанс,КС",raw.r1c_nomenclature_current,1,1
Номенклатура — current,Зенон Аэро Инсектицид,raw.r1c_nomenclature_current,1,1
Номенклатура — current,"Зеркало  КРАЗ,МАЗ основное с подог.и без 443*215 24Вн",raw.r1c_nomenclature_current,1,1
Номенклатура — current,"Зеркало боковое КАМАЗ,МАЗ основное сверическое без обогрева",raw.r1c_nomenclature_current,1,1
Номенклатура — current,"Зеркало боковое КАМАЗ,ПАЗ,ГАЗ,УРАЛ  широкоугольное сф.без обогрева",raw.r1c_nomenclature_current,1,1
Номенклатура — current,Зеркало боковое МТЗ 310*215 мм,raw.r1c_nomenclature_current,1,1
Номенклатура — current,"Зеркало боковое МТЗ,ВМТЗ,ЧТЗ основное сферическое 300х200 мм БОР 207.8201020",raw.r1c_nomenclature_current,1,1
Номенклатура — current,"Зеркало дорожное сферическое, уличное 600мм, с козырьком",raw.r1c_nomenclature_current,1,1
Номенклатура — current,"Зерно ржи, сорт ""Фаленская"" с октября 2020",raw.r1c_nomenclature_current,1,1
Номенклатура — current,Зерновые,raw.r1c_nomenclature_current,1,1
Номенклатура — current,Зерносмесь,raw.r1c_nomenclature_current,1,1
Номенклатура — current,Зим 500 Инсектицид,raw.r1c_nomenclature_current,1,1
Номенклатура — current,Зимошанс Инсектицид,raw.r1c_nomenclature_current,1,1
Номенклатура — current,"Знак Знак е03 ""направление к эвакуационному выходу направо"", 150x300 мм, фотолюм s 2, пленк",raw.r1c_nomenclature_current,1,1
Номенклатура — current,"Знак Знак е04 ""направление к эвакуационному выходу налево"", 150x300 мм, фотолюм s 2, пленка",raw.r1c_nomenclature_current,1,1
Номенклатура — current,"Знак Знак е22 ""указатель выхода"", 150x300 мм, фотолюм s 2, пленка (гост 12.4.026-2015) 00-0",raw.r1c_nomenclature_current,1,1
Номенклатура — current,Знак аварийной остановки,raw.r1c_nomenclature_current,1,1
Номенклатура — current,Золон Инсектицид,raw.r1c_nomenclature_current,1,1
Номенклатура — current,Золотник*колпачок авт.,raw.r1c_nomenclature_current,1,1
Номенклатура — current,Золтан Инсектицид,raw.r1c_nomenclature_current,1,1
Номенклатура — current,Зондовый датчик для влагомера Wile W251 (45см),raw.r1c_nomenclature_current,1,1
Номенклатура — current,Зуб пружинный Akzent KRAJ 600/50-000,raw.r1c_nomenclature_current,1,1
Номенклатура — current,Зуб сгребания ГВР 14.608,raw.r1c_nomenclature_current,1,1
Номенклатура — current,Зубило,raw.r1c_nomenclature_current,1,1
Номенклатура — current,"Зубр Зубило ""МАСТЕР"" SDS-Plus пикообразное для перфораторов, 250мм ",raw.r1c_nomenclature_current,1,1
Номенклатура — current,Зубр Инсектицид,raw.r1c_nomenclature_current,1,1
Номенклатура — current,ИБП PowerCom WOW-850U,raw.r1c_nomenclature_current,1,1
Номенклатура — current,"ИНВЕНТАРЬ, ХОЗТОВАРЫ, МЦ, ПРОЧИЕ МАТЕРИАЛЫ",raw.r1c_nomenclature_current,1,1
Номенклатура — current,Игла Фиишбейн 100,raw.r1c_nomenclature_current,1,1
Номенклатура — current,Игла зашивочной машины,raw.r1c_nomenclature_current,1,1
Номенклатура — current,Игла зашивочной машины Фишбейн 100,raw.r1c_nomenclature_current,1,1
Номенклатура — current,Идентификатор ЕМ-Marin,raw.r1c_nomenclature_current,1,1
Номенклатура — current,"Идикум,СК",raw.r1c_nomenclature_current,1,1
Номенклатура — current,"Изабион, ВР",raw.r1c_nomenclature_current,1,1
Номенклатура — current,Известь 3 кг,raw.r1c_nomenclature_current,1,1
Номенклатура — current,Известь строительная,raw.r1c_nomenclature_current,1,1
Номенклатура — current,Извещатель пожарной дымовой оптико-электронный точечный,raw.r1c_nomenclature_current,1,1
Номенклатура — current,Извещатель пожарный радиоканальный дымовой оптико-электдля работы в составе радиосистемы Стрелец-ПРО,raw.r1c_nomenclature_current,1,1
Номенклатура — current,Извещатель пожарный тепловой радиоканальный,raw.r1c_nomenclature_current,1,1
Номенклатура — current,Извещатель радиоканальный дымовой для работы в составе радиосистемы Стрелец-ПРО,raw.r1c_nomenclature_current,1,1
Номенклатура — current,Извещатель ручной,raw.r1c_nomenclature_current,1,1
Номенклатура — current,Изготовление клише,raw.r1c_nomenclature_current,1,1
Номенклатура — current,"Изготовление ключей, карт доступа",raw.r1c_nomenclature_current,1,1
Номенклатура — current,Изготовление москитных сеток ,raw.r1c_nomenclature_current,1,1
Номенклатура — current,"Изготовление печати, штрихкодов",raw.r1c_nomenclature_current,1,1
Номенклатура — current,Изделие из паралона S2015 L-120 D260 вырез по центру d25мм ,raw.r1c_nomenclature_current,1,1
Номенклатура — current,Измельчение ботвы,raw.r1c_nomenclature_current,1,1
Номенклатура — current,Измельчение кустарниковой растительности,raw.r1c_nomenclature_current,1,1
Номенклатура — current,Измеритель влажности почвы Landtek MC-7828SOIL,raw.r1c_nomenclature_current,1,1
Номенклатура — current,Измеритель плотности почвы Wile Wile Soll,raw.r1c_nomenclature_current,1,1
Номенклатура — current,"Измеритель температуры, пирометр, градусник 32...+42С для измер. темп.",raw.r1c_nomenclature_current,1,1
Номенклатура — current,Измерительная рулетка Gigant GMT 1025 10x25 мм с магнитным захватом,raw.r1c_nomenclature_current,1,1
Номенклатура — current,Измерительный инвентарь,raw.r1c_nomenclature_current,1,1
Номенклатура — current,Изоком ППИ-П2,raw.r1c_nomenclature_current,1,1
Номенклатура — current,Изолента,raw.r1c_nomenclature_current,1,1
Номенклатура — current,"Изолента ""UNIBOB"" ПВХ 19мм*20м желто-зеленая",raw.r1c_nomenclature_current,1,1
Номенклатура — current,Изолента NIT-B15-10/S 5 цветов 5 шт/набор,raw.r1c_nomenclature_current,1,1
Номенклатура — current,Изолента ПВХ,raw.r1c_nomenclature_current,1,1
Номенклатура — current,"Изолента ПВХ  0,13*15 мм черная ИЭК 20м",raw.r1c_nomenclature_current,1,1
Номенклатура — current,"Изолента ПВХ  0,15*19 мм Желтая 20м TDM",raw.r1c_nomenclature_current,1,1
Номенклатура — current,"Изолента ПВХ  0,15*19 мм Зеленая 20м TDM",raw.r1c_nomenclature_current,1,1
Номенклатура — current,"Изолента ПВХ  0,15*19 мм Красная 20м TDM",raw.r1c_nomenclature_current,1,1
Номенклатура — current,"Изолента ПВХ  0,18*19мм красная",raw.r1c_nomenclature_current,1,1
Номенклатура — current,Изолента ПВХ 19/20 зеленая,raw.r1c_nomenclature_current,1,1
Номенклатура — current,Изолента ПВХ 19/20 синяя,raw.r1c_nomenclature_current,1,1
Номенклатура — current,Изолента ПВХ 19/20 черная,raw.r1c_nomenclature_current,1,1
Номенклатура — current,Изолента ПВХ цветная,raw.r1c_nomenclature_current,1,1
Номенклатура — current,Изолента хб 100г,raw.r1c_nomenclature_current,1,1
Номенклатура — current,Изолятор SM 35 YIS11-35-10-B,raw.r1c_nomenclature_current,1,1
Номенклатура — current,"Изолятор НОВЫЙ маточный (сетка) однорамочный (AISI430), ИМС-1",raw.r1c_nomenclature_current,1,1
Номенклатура — current,"Изопропиловый спирт абсолютированный 99,7* 5л",raw.r1c_nomenclature_current,1,1
Номенклатура — current,Икарус Инсектицид,raw.r1c_nomenclature_current,1,1
Номенклатура — current,Имидашанс Инсектицид,raw.r1c_nomenclature_current,1,1
Номенклатура — current,Имидашанс Плюс Инсектицид,raw.r1c_nomenclature_current,1,1
Номенклатура — current,Имидж Инсектицид,raw.r1c_nomenclature_current,1,1
Номенклатура — current,Имидж Плюс Инсектицид,raw.r1c_nomenclature_current,1,1
Номенклатура — current,Имидор Инсектицид,raw.r1c_nomenclature_current,1,1
Номенклатура — current,Имидор Про Инсектицид,raw.r1c_nomenclature_current,1,1
Номенклатура — current,Имиприд Инсектицид,raw.r1c_nomenclature_current,1,1
Номенклатура — current,Импакт 500 Инсектицид,raw.r1c_nomenclature_current,1,1
Номенклатура — current,Импакт Инсектицид,raw.r1c_nomenclature_current,1,1
Номенклатура — current,Импакт Супер Инсектицид,raw.r1c_nomenclature_current,1,1
Номенклатура — current,Импакт Эксклюзив Инсектицид,raw.r1c_nomenclature_current,1,1
Номенклатура — current,Инвентарь,raw.r1c_nomenclature_current,1,1
Номенклатура — current,Инвентарь и хозяйственныые принадлежности (НЕ ИСПОЛЬЗОВАТЬ),raw.r1c_nomenclature_current,1,1
Номенклатура — current,Инвертор сварочный FUBAG IR 220 V.R.D.,raw.r1c_nomenclature_current,1,1
Номенклатура — current,Инвертор сварочный Сварог TIG 200 P AC/DC REAL E201B Black маска+педаль+перчатки,raw.r1c_nomenclature_current,1,1
Номенклатура — current,Индиго РС3 грязный Сетка на завязке 25кг. Без полива,raw.r1c_nomenclature_current,1,1
Номенклатура — current,Индиго РС3 грязный Сетка на завязке 25кг. Полив,raw.r1c_nomenclature_current,1,1
Номенклатура — current,Индиго РС3 грязный Сетка на рулоне 25кг. Без полива,raw.r1c_nomenclature_current,1,1
Номенклатура — current,Индиго РС3 грязный Сетка на рулоне 25кг. Полив,raw.r1c_nomenclature_current,1,1
Номенклатура — current,"Индиго РС3 мытый Сетка - (домик)1,5 кг. Без полива",raw.r1c_nomenclature_current,1,1
Номенклатура — current,"Индиго РС3 мытый Сетка - (домик)1,5 кг. Полив",raw.r1c_nomenclature_current,1,1
Номенклатура — current,Индиго РС3 мытый Сетка - (домик)2 кг. Без полива,raw.r1c_nomenclature_current,1,1
Номенклатура — current,Индиго РС3 мытый Сетка - (домик)2 кг. Полив,raw.r1c_nomenclature_current,1,1
