category,original_name,source_tables,distinct_ids,source_rows
Номенклатура — current,Индикатор,raw.r1c_nomenclature_current,1,1
Номенклатура — current,"Индикатор часового типа с магнитной стойкой (погрешность-0,01мм), в кейсе ER-86302 Эврика ",raw.r1c_nomenclature_current,1,1
Номенклатура — current,Индикатор чередоания фаз 59266 Mastech MS5900,raw.r1c_nomenclature_current,1,1
Номенклатура — current,"Индуктивный датчик, Sn=8 мм, корпус М18x1 Алюминий заподлицо, 10 ... 30 DC NO/NC PNP, IP67, подключе",raw.r1c_nomenclature_current,1,1
Номенклатура — current,Индукционная варочная поверхность DEXP EH-I4MB/B,raw.r1c_nomenclature_current,1,1
Номенклатура — current,Инжектор Вентури-1 в комплекте с обвязкой и падающим шлангом,raw.r1c_nomenclature_current,1,1
Номенклатура — current,Инженерно-геодезические изыскания,raw.r1c_nomenclature_current,1,1
Номенклатура — current,Инплант Инсектицид,raw.r1c_nomenclature_current,1,1
Номенклатура — current,Инпут Инсектицид,raw.r1c_nomenclature_current,1,1
Номенклатура — current,"Инсайд, СК Фунгицид ",raw.r1c_nomenclature_current,1,1
Номенклатура — current,Инсектициды,raw.r1c_nomenclature_current,1,1
Номенклатура — current,Инсектор Инсектицид,raw.r1c_nomenclature_current,1,1
Номенклатура — current,Инспекционный транспортер с шибером д.5 м,raw.r1c_nomenclature_current,1,1
Номенклатура — current,Инспекция качества товаров категории ФРОВ за 1тс/контейнер за выезд 1 сюрвейера,raw.r1c_nomenclature_current,1,1
Номенклатура — current,Инстиво Инсектицид,raw.r1c_nomenclature_current,1,1
Номенклатура — current,Инструмент для затяжки и обрезки хомутов PROxima ttc-210,raw.r1c_nomenclature_current,1,1
Номенклатура — current,Инструмент для натяжения и резки ленты ИНСЛ-1.CVF.CT42.OPV ИЭК,raw.r1c_nomenclature_current,1,1
Номенклатура — current,Инструмент для снятия изоляции WS-21 КВТ77667,raw.r1c_nomenclature_current,1,1
Номенклатура — current,Инструменты,raw.r1c_nomenclature_current,1,1
Номенклатура — current,Инта-Вир Инсектицид,raw.r1c_nomenclature_current,1,1
Номенклатура — current,Инта-Ц-М Инсектицид,raw.r1c_nomenclature_current,1,1
Номенклатура — current,Интернет-центр для USB модемов Keenetic 4G (KN-1211) c Mesh Wi-Fi N300,raw.r1c_nomenclature_current,1,1
Номенклатура — current,Интерскол 125/900,raw.r1c_nomenclature_current,1,1
Номенклатура — current,Интерскол 13/780Э,raw.r1c_nomenclature_current,1,1
Номенклатура — current,"Интрада,СК Протравливатель ",raw.r1c_nomenclature_current,1,1
Номенклатура — current,"Инфинито, КС (62,5+625г/л)",raw.r1c_nomenclature_current,1,1
Номенклатура — current,"Информационные,рекламные и консультационные услуги",raw.r1c_nomenclature_current,1,1
Номенклатура — current,Искра Золотая 1964-10-101-035-0-1-1-1 Инсектицид,raw.r1c_nomenclature_current,1,1
Номенклатура — current,Искра Золотая 1965-10-101-035-0-1-1-1 Инсектицид,raw.r1c_nomenclature_current,1,1
Номенклатура — current,Искра Инсектицид,raw.r1c_nomenclature_current,1,1
Номенклатура — current,Искра М Инсектицид,raw.r1c_nomenclature_current,1,1
Номенклатура — current,Испытание продовольственного сырья,raw.r1c_nomenclature_current,1,1
Номенклатура — current,Источник бесперебойного питания Ippon Back Basic 850 Euro 480Вт 850ВА черный,raw.r1c_nomenclature_current,1,1
Номенклатура — current,Источник вторичного электропитания ББП-60 БК,raw.r1c_nomenclature_current,1,1
Номенклатура — current,Источник питания 0-32V-10А,raw.r1c_nomenclature_current,1,1
Номенклатура — current,Источник питания 220в/12в,raw.r1c_nomenclature_current,1,1
Номенклатура — current,Источник питания AC-DC XDR-150E-24,raw.r1c_nomenclature_current,1,1
Номенклатура — current,Источник питания импульсный 220В/12В,raw.r1c_nomenclature_current,1,1
Номенклатура — current,"Источник питания, Блок питания 24В 16,7А",raw.r1c_nomenclature_current,1,1
Номенклатура — current,"Источник питания, Блок питания 24В, 5А, 120Вт",raw.r1c_nomenclature_current,1,1
Номенклатура — current,"Источник питания, Блок питания с регулируемым напряжением, 12-24В 3.0-1.5А",raw.r1c_nomenclature_current,1,1
Номенклатура — current,Источник стабилизированного питания ,raw.r1c_nomenclature_current,1,1
Номенклатура — current,Йод маркер Леккер 5 мл,raw.r1c_nomenclature_current,1,1
Номенклатура — current,Йода р-р наруж. спирт.5% 25мл,raw.r1c_nomenclature_current,1,1
Номенклатура — current,"КАБ.СТВОЛ,XAMLM1,РЕГ.ВЫС.GL430",raw.r1c_nomenclature_current,1,1
Номенклатура — current,"КАБЕЛЬ-УДЛИНИТЕЛЬ,3П.4.5М,SD",raw.r1c_nomenclature_current,1,1
Номенклатура — current,КАРТОФЕЛЬ. ГОТОВАЯ ПРОДУКЦИЯ,raw.r1c_nomenclature_current,1,1
Номенклатура — current,"ККТ АТОЛ 1ф черный ФН1,1 36мес USB+БП",raw.r1c_nomenclature_current,1,1
Номенклатура — current,КЛИН.РЕМЕНЬ 1785SK 23 КОПЛ.4ШТ,raw.r1c_nomenclature_current,1,1
Номенклатура — current,КОМПЛ.Д.МОНТ.ГО ПЛИТЫ ПРУЖ.КОР,raw.r1c_nomenclature_current,1,1
Номенклатура — current,"КОМПЛ.МОНТ.ЗУБ.КОР.ОСЬ ОТ 76,2",raw.r1c_nomenclature_current,1,1
Номенклатура — current,КОНИЧ.РОЛИКОПОДШИПНИК 33118/Q,raw.r1c_nomenclature_current,1,1
Номенклатура — current,КОНИЧ.РОЛИКОПОДШИПНИК 33212/Q,raw.r1c_nomenclature_current,1,1
Номенклатура — current,КОНТАКТН.ШАЙБА ФОРМА M12 ОЦ.,raw.r1c_nomenclature_current,1,1
Номенклатура — current,"КПП ГАЗ-3307, ПАЗ-3205 квадр.флянец (ОАО ГАЗ)",raw.r1c_nomenclature_current,1,1
Номенклатура — current,КЦ Бумага лист 26.01,raw.r1c_nomenclature_current,1,1
Номенклатура — current,КЦ Визитка Печать цифровая (46.02),raw.r1c_nomenclature_current,1,1
Номенклатура — current,КЦ Гильотивная резка 27.01,raw.r1c_nomenclature_current,1,1
Номенклатура — current,"КЦ Печать листовая (А3,А4,42.01)",raw.r1c_nomenclature_current,1,1
Номенклатура — current,КЦ Полотно для ролл ал,raw.r1c_nomenclature_current,1,1
Номенклатура — current,"Кабачок ""Сцилли"" F1",raw.r1c_nomenclature_current,1,1
Номенклатура — current,Кабеленесущая цепь тип 0320.52 KR 100,raw.r1c_nomenclature_current,1,1
Номенклатура — current,Кабель,raw.r1c_nomenclature_current,1,1
Номенклатура — current,"Кабель (бухта 305м) Parlan UUTR Cal5e 4х2х0,52 PVC",raw.r1c_nomenclature_current,1,1
Номенклатура — current,Кабель (провод) КСПЭВГ 6х0.35мм,raw.r1c_nomenclature_current,1,1
Номенклатура — current,"Кабель 3,5 автосмотка 0,75м черный",raw.r1c_nomenclature_current,1,1
Номенклатура — current,"Кабель 4*2*0,5",raw.r1c_nomenclature_current,1,1
Номенклатура — current,Кабель FTP комп экранированный медн. REXANT,raw.r1c_nomenclature_current,1,1
Номенклатура — current,"Кабель HDMI-HDMI KEYRON 3m, P2-N030 [premium 8k, v2.1, коннектор металл, оболочка хлопок, круглый, с",raw.r1c_nomenclature_current,1,1
Номенклатура — current,Кабель NDMI (M)-NDMI (M)- 10m черный,raw.r1c_nomenclature_current,1,1
Номенклатура — current,Кабель NYM 3х4,raw.r1c_nomenclature_current,1,1
Номенклатура — current,Кабель ParLan U/UTP Cat5e PVC 4x2x0.52,raw.r1c_nomenclature_current,1,1
Номенклатура — current,"Кабель RVV (2G) 16Сх1,0+2/1,6 (10 метров) ",raw.r1c_nomenclature_current,1,1
Номенклатура — current,"Кабель SkyNet Premium FTP outdoor 4x2x0,51,медный, FLUKE TEST, кат.5e, однож., 100м, box, черный CSP",raw.r1c_nomenclature_current,1,1
Номенклатура — current,"Кабель SkyNet Premium UTP indoor 4x2x0,51, медный, FLUKE TEST, кат.5e, однож., 305 м, box, серый CSP",raw.r1c_nomenclature_current,1,1
Номенклатура — current,"Кабель SkyNet Standard [Витая пара U/UTP/4 пары/0,48 mm/CU/кат. 5е/однож./Indoor/305 m/box/(Серый)]",raw.r1c_nomenclature_current,1,1
Номенклатура — current,Кабель USB 2м,raw.r1c_nomenclature_current,1,1
Номенклатура — current,Кабель АВбШв 4*25,raw.r1c_nomenclature_current,1,1
Номенклатура — current,Кабель ВВГ 2*1.5нг ГОСТ,raw.r1c_nomenclature_current,1,1
Номенклатура — current,Кабель ВВГ 2*2.5нг,raw.r1c_nomenclature_current,1,1
Номенклатура — current,Кабель ВВГ 3*1.5нг,raw.r1c_nomenclature_current,1,1
Номенклатура — current,Кабель ВВГ 3*2.5нг,raw.r1c_nomenclature_current,1,1
Номенклатура — current,Кабель ВВГ Пнг А LS5*16 ГОСТ ККЗ,raw.r1c_nomenclature_current,1,1
Номенклатура — current,Кабель ВВГ Пнг А LS5*2.5 ГОСТ ККЗ,raw.r1c_nomenclature_current,1,1
Номенклатура — current,"Кабель ВВГ-П нг(А)-LS 3х1,5 ок(N, PE)-066 ГОСТ",raw.r1c_nomenclature_current,1,1
Номенклатура — current,Кабель ВВГ-Пнг-LS(А) 3х2.5 (бухта 50м) ,raw.r1c_nomenclature_current,1,1
Номенклатура — current,Кабель ВВГ.нг-п 3х4,raw.r1c_nomenclature_current,1,1
Номенклатура — current,Кабель ВВГиLS 5*4,raw.r1c_nomenclature_current,1,1
Номенклатура — current,Кабель ВВГиLS 5*6,raw.r1c_nomenclature_current,1,1
Номенклатура — current,"Кабель ВВГнг LS 5x2,5 ГОСТ - 100 м KARS-33714",raw.r1c_nomenclature_current,1,1
Номенклатура — current,"Кабель ВВГнг(А)-LS 4х25 ОК 0,66 Кв",raw.r1c_nomenclature_current,1,1
Номенклатура — current,Кабель ВВПНГ 2*1.5 ,raw.r1c_nomenclature_current,1,1
Номенклатура — current,Кабель ГОСТ КОНКОРД ВВГнr LS 3*1.5,raw.r1c_nomenclature_current,1,1
Номенклатура — current,"Кабель КВК-П+2х0,5",raw.r1c_nomenclature_current,1,1
Номенклатура — current,Кабель КГ 1х16 силовой,raw.r1c_nomenclature_current,1,1
Номенклатура — current,"Кабель КГ 5х2,5",raw.r1c_nomenclature_current,1,1
Номенклатура — current,Кабель КГ ТП 4х4,raw.r1c_nomenclature_current,1,1
Номенклатура — current,"Кабель КГТП-ХЛ 5x2,5 мм 100 м ГОСТ",raw.r1c_nomenclature_current,1,1
Номенклатура — current,"Кабель КГтп-ХЛ 4x1,5 ГОСТ - 100 м ",raw.r1c_nomenclature_current,1,1
Номенклатура — current,"Кабель КГтп-ХЛ 5x2,5 ГОСТ i-KPP-KGTPHL-525-100",raw.r1c_nomenclature_current,1,1
Номенклатура — current,"Кабель ККЗ 5х2,5",raw.r1c_nomenclature_current,1,1
Номенклатура — current,"Кабель ПВСнг(А)-LS 3х0,75",raw.r1c_nomenclature_current,1,1
Номенклатура — current,Кабель ШВВП,raw.r1c_nomenclature_current,1,1
Номенклатура — current,"Кабель активный USB A (M) - USB A (F), 10m, Ugreen [US121] Черный",raw.r1c_nomenclature_current,1,1
Номенклатура — current,Кабель витая пара (бухта 305м) FTP 4PR24AWG CAT5е наружный,raw.r1c_nomenclature_current,1,1
Номенклатура — current,Кабель витая пара 8 жил,raw.r1c_nomenclature_current,1,1
Номенклатура — current,"Кабель витая пара Bion, кат.5e, 4x2x0,51мм AWG24, CCA, одножильный, PE, для внешней прокладки, 305м,",raw.r1c_nomenclature_current,1,1
Номенклатура — current,"Кабель гибкий круглый КГтп 3x2,5 ГОСТ",raw.r1c_nomenclature_current,1,1
Номенклатура — current,Кабель греющий,raw.r1c_nomenclature_current,1,1
Номенклатура — current,Кабель греющий на трубу 4м,raw.r1c_nomenclature_current,1,1
Номенклатура — current,Кабель для ОПС огнестойкий,raw.r1c_nomenclature_current,1,1
Номенклатура — current,Кабель для подключения периферийных устройств USB,raw.r1c_nomenclature_current,1,1
Номенклатура — current,Кабель заземления ЭК-800.211,raw.r1c_nomenclature_current,1,1
Номенклатура — current,"Кабель интерфейсный SATA Cablexpert, Sata3 7pin / 7pin, медн.проводник, 50см, пакет",raw.r1c_nomenclature_current,1,1
Номенклатура — current,Кабель информационный медь 2 пары,raw.r1c_nomenclature_current,1,1
Номенклатура — current,Кабель микрофонный КММ 7x0.35 мм2,raw.r1c_nomenclature_current,1,1
Номенклатура — current,Кабель нагревательный саморег.,raw.r1c_nomenclature_current,1,1
Номенклатура — current,Кабель нагревательный саморегул. 17Вт/м,raw.r1c_nomenclature_current,1,1
Номенклатура — current,Кабель не распростроняющий горение с пониженным дымо-и газогорением км,raw.r1c_nomenclature_current,1,1
Номенклатура — current,Кабель подводный 3*2.5,raw.r1c_nomenclature_current,1,1
Номенклатура — current,"Кабель подводный для питьевой воды 4х2,5мм 2",raw.r1c_nomenclature_current,1,1
Номенклатура — current,Кабель подключения упаковочной машины к дозатору,raw.r1c_nomenclature_current,1,1
Номенклатура — current,Кабель подогревательный на трубу саморег.16вт/м,raw.r1c_nomenclature_current,1,1
Номенклатура — current,"Кабель с медными однопроволочными з жилами ПВСнг(А)-LS 3х1,5 (ож)-0,66",raw.r1c_nomenclature_current,1,1
Номенклатура — current,Кабель саморегулирующий SST17KCTM2-T-100,raw.r1c_nomenclature_current,1,1
Номенклатура — current,"Кабель силовой ВВГ-ПнгА 3х1.5 N,PE ГОСТ",raw.r1c_nomenclature_current,1,1
Номенклатура — current,"Кабель силовой ВВГ-ПнгА-LS 3х2.5 N,PE ГОСТ",raw.r1c_nomenclature_current,1,1
Номенклатура — current,"Кабель силовой ввгнг(a)-ls 3x2.5 мм2, 15м",raw.r1c_nomenclature_current,1,1
Номенклатура — current,"Кабель силовой ввгнг(а)-ls 5х6 -0,66 (20м) гост",raw.r1c_nomenclature_current,1,1
Номенклатура — current,"Кабель силовой гибкий кг 2х1,5",raw.r1c_nomenclature_current,1,1
Номенклатура — current,"Кабель силовой гибкий кг 3х2,5",raw.r1c_nomenclature_current,1,1
Номенклатура — current,"Кабель силовой гибкий кг 4х6,0",raw.r1c_nomenclature_current,1,1
Номенклатура — current,"Кабель силовой медный негорючий Ввгнг-п 3х1,5",raw.r1c_nomenclature_current,1,1
Номенклатура — current,"Кабель силовой медный негорючий Ввгнг-п 3х2,5",raw.r1c_nomenclature_current,1,1
Номенклатура — current,"Кабель силовой медый негорючий +LS BBГ 3х1,5 Круглый",raw.r1c_nomenclature_current,1,1
Номенклатура — current,"Кабель силовой медый негорючий 2х2,5",raw.r1c_nomenclature_current,1,1
Номенклатура — current,"Кабель силовой медый негорючий BBГнг LS 5х2,5 ",raw.r1c_nomenclature_current,1,1
Номенклатура — current,"Кабель силовой медый негорючий BBГнг(А) LS 5х6,0 ",raw.r1c_nomenclature_current,1,1
Номенклатура — current,"Кабель силовой медый негорючий Bвгнг-п 2х1,5 ",raw.r1c_nomenclature_current,1,1
Номенклатура — current,Кабель силовой не распростроняющий горение с пониженным дымо-и газогорением км,raw.r1c_nomenclature_current,1,1
Номенклатура — current,"Кабель соединительный ПВС 3х2,5 (50м)",raw.r1c_nomenclature_current,1,1
Номенклатура — current,Кабель удлинитель провод конектер USB 5м,raw.r1c_nomenclature_current,1,1
Номенклатура — current,Кабель-канал  100х60 ПРАЙМЕР парапетный ИЭК СКК40-100-060-1-К01,raw.r1c_nomenclature_current,1,1
Номенклатура — current,Кабель-канал  16*16 ,raw.r1c_nomenclature_current,1,1
Номенклатура — current,Кабель-канал  20х10мм,raw.r1c_nomenclature_current,1,1
Номенклатура — current,Кабель-канал  25х16 (электор),raw.r1c_nomenclature_current,1,1
Номенклатура — current,Кабель-канал  25х18мм Элекор ИЭК СКК10-025-016-1-КО1,raw.r1c_nomenclature_current,1,1
Номенклатура — current,Кабель-канал  25х25 (электор),raw.r1c_nomenclature_current,1,1
Номенклатура — current,Кабель-канал  40*16 ,raw.r1c_nomenclature_current,1,1
Номенклатура — current,Кабель-канал  60х40 Элекор ИЭК СКК10-080-040-1-КО1-018,raw.r1c_nomenclature_current,1,1
Номенклатура — current,Кабель-канал УралПак 25*25 ,raw.r1c_nomenclature_current,1,1
Номенклатура — current,Кабель-канал УралПак 40*25 ,raw.r1c_nomenclature_current,1,1
Номенклатура — current,Кабель-канал УралПак 60*60 ,raw.r1c_nomenclature_current,1,1
Номенклатура — current,Кабель-канал белый 2-й замок 40х25,raw.r1c_nomenclature_current,1,1
Номенклатура — current,Кабельный ввод PG 21 диаметр проводника 15-18 мм IP54,raw.r1c_nomenclature_current,1,1
Номенклатура — current,Кабельный набор с заземлением 200А/2 м,raw.r1c_nomenclature_current,1,1
Номенклатура — current,"Кабельный наконечник НШвИ 2,5-12 1,5 мм2 100 штук",raw.r1c_nomenclature_current,1,1
Номенклатура — current,"Кабельный наконечник НШвИ 2,5-8 2,5 мм2 100 штук",raw.r1c_nomenclature_current,1,1
Номенклатура — current,Кабина малая МТЗ,raw.r1c_nomenclature_current,1,1
Номенклатура — current,Кагатник Инсектицид,raw.r1c_nomenclature_current,1,1
Номенклатура — current,"Кадастровые работы,экспертизы,проектирование",raw.r1c_nomenclature_current,1,1
Номенклатура — current,Казим Инсектицид,raw.r1c_nomenclature_current,1,1
Номенклатура — current,Кайзер Инсектицид,raw.r1c_nomenclature_current,1,1
Номенклатура — current,Кайзо Инсектицид,raw.r1c_nomenclature_current,1,1
Номенклатура — current,Калаш Инсектицид,raw.r1c_nomenclature_current,1,1
Номенклатура — current,Календарь квартальный,raw.r1c_nomenclature_current,1,1
Номенклатура — current,Калибел Инсектицид,raw.r1c_nomenclature_current,1,1
Номенклатура — current,"Калибр Цепь пильная 3/8-1,3-56",raw.r1c_nomenclature_current,1,1
Номенклатура — current,Калибратор для картофеля веерный,raw.r1c_nomenclature_current,1,1
Номенклатура — current,Калибровочный раствор для солемеров 100 мл,raw.r1c_nomenclature_current,1,1
Номенклатура — current,"Калий хлористый, гранулированный, 60%, МКР ",raw.r1c_nomenclature_current,1,1
Номенклатура — current,Калийные удобрения (K),raw.r1c_nomenclature_current,1,1
Номенклатура — current,Калимаг K2O20:MgO9,raw.r1c_nomenclature_current,1,1
Номенклатура — current,"Калимаг гранулированный,МКР",raw.r1c_nomenclature_current,1,1
Номенклатура — current,Калимагнезия (40кг) ,raw.r1c_nomenclature_current,1,1
Номенклатура — current,Калипсо Инсектицид,raw.r1c_nomenclature_current,1,1
Номенклатура — current,"Калитка каркас под лист в раме 40*25*1,5",raw.r1c_nomenclature_current,1,1
Номенклатура — current,Калорифер дизельный ДН-52НТСАДР,raw.r1c_nomenclature_current,1,1
Номенклатура — current,Калькулятор карманный Dell 8разр LCD дисплей,raw.r1c_nomenclature_current,1,1
Номенклатура — current,Калькулятор настольный КОМПАКТ 148х120 мм черный,raw.r1c_nomenclature_current,1,1
Номенклатура — current,Калькулятор настольный полноразмерный ATTACHE Economy 12 разр,raw.r1c_nomenclature_current,1,1
Номенклатура — current,Калькулятор настольный полноразмерный CASIO,raw.r1c_nomenclature_current,1,1
Номенклатура — current,Калькулятор настольный полноразмерный CITZEN,raw.r1c_nomenclature_current,1,1
Номенклатура — current,"Камера 11,5/80-15,3 (TR-15)",raw.r1c_nomenclature_current,1,1
Номенклатура — current,Камера 11.5/80-15.3 TR-15,raw.r1c_nomenclature_current,1,1
Номенклатура — current,Камера 12.4-52 TR-218A MRB,raw.r1c_nomenclature_current,1,1
Номенклатура — current,"Камера 16,0/70-24 TR-218A Kabat",raw.r1c_nomenclature_current,1,1
Номенклатура — current,Камера 16.5/70-18 V3.04.5 ForeRunner,raw.r1c_nomenclature_current,1,1
Номенклатура — current,Камера 16.9-24 Marcher TR-218А,raw.r1c_nomenclature_current,1,1
Номенклатура — current,Камера 16.9-24 TR-216A DDNGAH 10702070/181023/3426148,raw.r1c_nomenclature_current,1,1
Номенклатура — current,Камера 16x6-8 JS2,raw.r1c_nomenclature_current,1,1
Номенклатура — current,Камера 175*16,raw.r1c_nomenclature_current,1,1
Номенклатура — current,Камера 260*508 ЗИЛ 130,raw.r1c_nomenclature_current,1,1
Номенклатура — current,Камера 28.1-26 (720-665),raw.r1c_nomenclature_current,1,1
Номенклатура — current,"Камера 4,00*8 ТР13",raw.r1c_nomenclature_current,1,1
Номенклатура — current,Камера 400/60-15.5 NEXEN,raw.r1c_nomenclature_current,1,1
Номенклатура — current,Камера 7.00-12,raw.r1c_nomenclature_current,1,1
Номенклатура — current,"Камера ATV 8"" 16х6,50-8",raw.r1c_nomenclature_current,1,1
Номенклатура — current,"Камера ATV 8"" 16х6.50-8",raw.r1c_nomenclature_current,1,1
Номенклатура — current,Камера R-16 Газель (Нижнекамск),raw.r1c_nomenclature_current,1,1
Номенклатура — current,Камера R13 инноватор,raw.r1c_nomenclature_current,1,1
Номенклатура — current,"Камера ГАЗ 53 240х508 (8,25-20)",raw.r1c_nomenclature_current,1,1
Номенклатура — current,Камера ГАЗ 66 12.00*18,raw.r1c_nomenclature_current,1,1
Номенклатура — current,Камера ГАЗ М665АК R-16,raw.r1c_nomenclature_current,1,1
Номенклатура — current,"Камера МТЗ 1221 18,4*38 ВЛ32 16,9-38н",raw.r1c_nomenclature_current,1,1
Номенклатура — current,"Камера МТЗ-80 БЕЛАРУСЬ колеса заднего с/х Р 13,6-38",raw.r1c_nomenclature_current,1,1
Номенклатура — current,Камера Сordiant R16 АК 175-16 82103499,raw.r1c_nomenclature_current,1,1
Номенклатура — current,Камера автомобильная 200 R14.5,raw.r1c_nomenclature_current,1,1
Номенклатура — current,Камера автомобильная R13,raw.r1c_nomenclature_current,1,1
Номенклатура — current,Камера видеонаблюдения IP,raw.r1c_nomenclature_current,1,1
Номенклатура — current,"Камера видеонаблюдения IP Hikvision DS-2DE2A404IWG1-E, 2560х1440 pix, 2.8-12 мм, белый (DS-2DE2A404I",raw.r1c_nomenclature_current,1,1
Номенклатура — current,"Камера для пневмат.колеса 4,8/4,0 380мм",raw.r1c_nomenclature_current,1,1
Номенклатура — current,Камера задняя МТЗ80 15.5х38,raw.r1c_nomenclature_current,1,1
Номенклатура — current,"Камера на автопогрузчик 5,00-8 JS2",raw.r1c_nomenclature_current,1,1
Номенклатура — current,"Камера на погрузчик 6,00-9",raw.r1c_nomenclature_current,1,1
Номенклатура — current,"Камера погрузчик 6,5-10",raw.r1c_nomenclature_current,1,1
Номенклатура — current,"Камера погрузчик 8,25-15",raw.r1c_nomenclature_current,1,1
Номенклатура — current,Камера телевизионного наблюдения,raw.r1c_nomenclature_current,1,1
Номенклатура — current,Камера телевизионного наблюденияи IP,raw.r1c_nomenclature_current,1,1
Номенклатура — current,"Камера тормозная К-700,МАЗ",raw.r1c_nomenclature_current,1,1
Номенклатура — current,Камера/шины,raw.r1c_nomenclature_current,1,1
Номенклатура — current,Камикадзе Инсектицид,raw.r1c_nomenclature_current,1,1
Номенклатура — current,Камни и ботва,raw.r1c_nomenclature_current,1,1
Номенклатура — current,"Камни шлифовальные, набот 10шт.",raw.r1c_nomenclature_current,1,1
Номенклатура — current,Камоцци 6580 12 соединитель прямой,raw.r1c_nomenclature_current,1,1
Номенклатура — current,Кампост,raw.r1c_nomenclature_current,1,1
Номенклатура — current,Канат ПА-Т-3пр-48мм-Б (6м),raw.r1c_nomenclature_current,1,1
Номенклатура — current,Канат ПА-Т-3пр-56мм-Б (6м),raw.r1c_nomenclature_current,1,1
Номенклатура — current,Канат джутовый,raw.r1c_nomenclature_current,1,1
Номенклатура — current,Канат стальной ф12мм 50м,raw.r1c_nomenclature_current,1,1
Номенклатура — current,Канаты,raw.r1c_nomenclature_current,1,1
Номенклатура — current,Канистра 10л,raw.r1c_nomenclature_current,1,1
Номенклатура — current,Канистра 20л,raw.r1c_nomenclature_current,1,1
Номенклатура — current,Канистра 25л,raw.r1c_nomenclature_current,1,1
Номенклатура — current,Канистра 30л пластиковая с крышкой,raw.r1c_nomenclature_current,1,1
Номенклатура — current,"Канистра 31,5л ЗТИ",raw.r1c_nomenclature_current,1,1
Номенклатура — current,Канистра Сорокин 5л,raw.r1c_nomenclature_current,1,1
Номенклатура — current,Канистра-бутыль пластм с ручкой 20л,raw.r1c_nomenclature_current,1,1
Номенклатура — current,Канистры,raw.r1c_nomenclature_current,1,1
Номенклатура — current,Канонир Дуо Инсектицид,raw.r1c_nomenclature_current,1,1
Номенклатура — current,Канцелярские товары,raw.r1c_nomenclature_current,1,1
Номенклатура — current,Капелла Инсектицид,raw.r1c_nomenclature_current,1,1
Номенклатура — current,"Капот МТЗ-80,82  80-8402020-01",raw.r1c_nomenclature_current,1,1
Номенклатура — current,Карабин,raw.r1c_nomenclature_current,1,1
Номенклатура — current,Карабин 8 мм,raw.r1c_nomenclature_current,1,1
Номенклатура — current,Карабин 9 мм,raw.r1c_nomenclature_current,1,1
Номенклатура — current,"Карандаш корректирующий 8 мл,шариковый наконечник",raw.r1c_nomenclature_current,1,1
Номенклатура — current,"Карандаш механический PILOT H-187 0,7мм",raw.r1c_nomenclature_current,1,1
Номенклатура — current,Карандаш строительный,raw.r1c_nomenclature_current,1,1
Номенклатура — current,Карандаш чернографитный без ластика,raw.r1c_nomenclature_current,1,1
Номенклатура — current,Карандаш чернографитный с ластиком,raw.r1c_nomenclature_current,1,1
Номенклатура — current,Каратель Инсектицид,raw.r1c_nomenclature_current,1,1
Номенклатура — current,Каратошанс Инсектицид,raw.r1c_nomenclature_current,1,1
Номенклатура — current,Каратэ Зеон Инсектицид,raw.r1c_nomenclature_current,1,1
Номенклатура — current,Карачар Инсектицид,raw.r1c_nomenclature_current,1,1
Номенклатура — current,"Карбамид,марка Б N46",raw.r1c_nomenclature_current,1,1
Номенклатура — current,Карбезим Инсектицид,raw.r1c_nomenclature_current,1,1
Номенклатура — current,Карбонар Инсектицид,raw.r1c_nomenclature_current,1,1
Номенклатура — current,Карбофос-500 Инсектицид,raw.r1c_nomenclature_current,1,1
Номенклатура — current,Карбофот Инсектицид,raw.r1c_nomenclature_current,1,1
Номенклатура — current,Карбоцин Инсектицид,raw.r1c_nomenclature_current,1,1
Номенклатура — current,Карбюратор,raw.r1c_nomenclature_current,1,1
Номенклатура — current,"Карбюратор ГАЗ-3307,53,66,3308,3307, ПАЗ-3205,3206 дв ЗМЗ-511,513,5233,5234 ПЕКАР К135МУ",raw.r1c_nomenclature_current,1,1
Номенклатура — current,"Карбюратор К 135-920 ЗИЛ 130,ГАЗ",raw.r1c_nomenclature_current,1,1
Номенклатура — current,"Карбюратор К 135МУ ГАЗ 53,66,ПАЗ нов.обр",raw.r1c_nomenclature_current,1,1
Номенклатура — current,Карданный вал ,raw.r1c_nomenclature_current,1,1
Номенклатура — current,Карданный вал  (В95.01240/В95.06224),raw.r1c_nomenclature_current,1,1
Номенклатура — current,"Карданный вал (В95.01240, В95.06224)",raw.r1c_nomenclature_current,1,1
Номенклатура — current,Карданный вал 72-2203010-А2,raw.r1c_nomenclature_current,1,1
Номенклатура — current,Карданный вал AGM3*AGD20*1210*0v|1,raw.r1c_nomenclature_current,1,1
Номенклатура — current,Карданный вал WWE2280-18 10-6-6,raw.r1c_nomenclature_current,1,1
Номенклатура — current,Карданный вал WWE2580 1610 КВ61/20 1 3/4,raw.r1c_nomenclature_current,1,1
Номенклатура — current,Карданный вал В95.01225,raw.r1c_nomenclature_current,1,1
Номенклатура — current,Карданный вал МТЗ-82,raw.r1c_nomenclature_current,1,1
Номенклатура — current,Карданный вал Т2,raw.r1c_nomenclature_current,1,1
Номенклатура — current,Карданный вал Т3,raw.r1c_nomenclature_current,1,1
Номенклатура — current,Карданный вал Т3 L=101,raw.r1c_nomenclature_current,1,1
Номенклатура — current,Карданный вал Т3 L=107,raw.r1c_nomenclature_current,1,1
Номенклатура — current,"Карданный вал дп.990 (В95.01336,01341)",raw.r1c_nomenclature_current,1,1
Номенклатура — current,Карданный вал переднего моста V36644110 (Valtra),raw.r1c_nomenclature_current,1,1
Номенклатура — current,Карданный вал с широкоугольным шарниром,raw.r1c_nomenclature_current,1,1
Номенклатура — current,Карданный вал сп.уст дп 750м (В95.01241/В95.06224-усиленный только для 6-8 ряд),raw.r1c_nomenclature_current,1,1
Номенклатура — current,Кардинал 500 Инсектицид,raw.r1c_nomenclature_current,1,1
Номенклатура — current,Кардон Инсектицид,raw.r1c_nomenclature_current,1,1
Номенклатура — current,Каретка с роликами,raw.r1c_nomenclature_current,1,1
Номенклатура — current,Кариал Флекс ВДГ Фунгицид,raw.r1c_nomenclature_current,1,1
Номенклатура — current,Кармен РС2  Сетка 2кг. Полив,raw.r1c_nomenclature_current,1,1
Номенклатура — current,"Кармен РС2  Сетка-домик 1,5кг. Без полива",raw.r1c_nomenclature_current,1,1
Номенклатура — current,"Кармен РС2  Сетка-домик 1,5кг. Полив",raw.r1c_nomenclature_current,1,1
Номенклатура — current,Кармен РС2  Сетка-домик 2кг. Без полива,raw.r1c_nomenclature_current,1,1
Номенклатура — current,Кармен РС2  мытый Биг-бег 1000кг. Без полива,raw.r1c_nomenclature_current,1,1
Номенклатура — current,Кармен РС2  мытый Биг-бег 1000кг. Полив,raw.r1c_nomenclature_current,1,1
Номенклатура — current,"Кармен РС2  мытый Сетка-домик 2,5кг. Без полива",raw.r1c_nomenclature_current,1,1
Номенклатура — current,"Кармен РС2  мытый Сетка-домик 2,5кг. Полив",raw.r1c_nomenclature_current,1,1
Номенклатура — current,Кармен РС2  очищенный в ву 1кг. Без полива,raw.r1c_nomenclature_current,1,1
Номенклатура — current,Кармен РС2  очищенный в ву 1кг. Полив,raw.r1c_nomenclature_current,1,1
Номенклатура — current,Кармен РС2  очищенный в ву 5кг. Без полива,raw.r1c_nomenclature_current,1,1
Номенклатура — current,Кармен РС2  очищенный в ву 5кг. Полив,raw.r1c_nomenclature_current,1,1
Номенклатура — current,"Кармен РС2  пастеризованный 0,5кг. Без полива",raw.r1c_nomenclature_current,1,1
Номенклатура — current,"Кармен РС2  пастеризованный 0,5кг. Полив",raw.r1c_nomenclature_current,1,1
Номенклатура — current,Кармен РС2  эконом  Сетка на рулоне 2.5кг. Без полива,raw.r1c_nomenclature_current,1,1
Номенклатура — current,Кармен РС2  эконом  Сетка на рулоне 2.5кг. Полив,raw.r1c_nomenclature_current,1,1
Номенклатура — current,Кармен РС2  эконом  Сетка на рулоне 3кг. Без полива,raw.r1c_nomenclature_current,1,1
Номенклатура — current,Кармен РС2  эконом  Сетка на рулоне 3кг. Полив,raw.r1c_nomenclature_current,1,1
Номенклатура — current,Кармен РС2 грязный  Сетка на завязке 25кг. Без полива,raw.r1c_nomenclature_current,1,1
Номенклатура — current,Кармен РС2 грязный  Сетка на завязке 25кг. Полив,raw.r1c_nomenclature_current,1,1
Номенклатура — current,Кармен РС2 грязный  Сетка на рулоне 10кг. Без полива,raw.r1c_nomenclature_current,1,1
Номенклатура — current,Кармен РС2 грязный  Сетка на рулоне 10кг. Полив,raw.r1c_nomenclature_current,1,1
Номенклатура — current,Кармен РС2 грязный  Сетка на рулоне 2.5кг Без полива,raw.r1c_nomenclature_current,1,1
Номенклатура — current,Кармен РС2 грязный  Сетка на рулоне 2.5кг Полив,raw.r1c_nomenclature_current,1,1
Номенклатура — current,Кармен РС2 грязный  Сетка на рулоне 25кг. Без полива,raw.r1c_nomenclature_current,1,1
Номенклатура — current,Кармен РС2 грязный  Сетка на рулоне 25кг. Полив,raw.r1c_nomenclature_current,1,1
Номенклатура — current,Кармен РС2 грязный  Сетка на рулоне 3кг. Без полива,raw.r1c_nomenclature_current,1,1
Номенклатура — current,Кармен РС2 грязный  Сетка на рулоне 3кг. Полив,raw.r1c_nomenclature_current,1,1
Номенклатура — current,Кармен РС2 грязный  биг-бег 1000кг. Без полива,raw.r1c_nomenclature_current,1,1
Номенклатура — current,Кармен РС2 грязный  биг-бег 1000кг. Полив,raw.r1c_nomenclature_current,1,1
Номенклатура — current,Кармен РС2 грязный Сетка на рулоне 5кг. Без полива,raw.r1c_nomenclature_current,1,1
Номенклатура — current,Кармен РС2 грязный Сетка на рулоне 5кг. Полив,raw.r1c_nomenclature_current,1,1
Номенклатура — current,Кармен РС2 мытый  Сетка на рулоне 2.5кг Без полива,raw.r1c_nomenclature_current,1,1
Номенклатура — current,Кармен РС2 мытый  Сетка на рулоне 2.5кг Полив,raw.r1c_nomenclature_current,1,1
Номенклатура — current,Кармен РС2 мытый Сетка 25кг. Без полива,raw.r1c_nomenclature_current,1,1
Номенклатура — current,Кармен РС2 мытый Сетка 25кг. Полив,raw.r1c_nomenclature_current,1,1
Номенклатура — current,Кармен РС2 мытыйСетка-домик 3кг Без полива,raw.r1c_nomenclature_current,1,1
Номенклатура — current,Кармен РС2 мытыйСетка-домик 3кг Полив,raw.r1c_nomenclature_current,1,1
Номенклатура — current,Кармен РС2 семена  Сетка на рулоне 25кг. Без полива,raw.r1c_nomenclature_current,1,1
Номенклатура — current,Кармен РС2 семена  Сетка на рулоне 25кг. Полив,raw.r1c_nomenclature_current,1,1
Номенклатура — current,"Кармен РС2 семена  пастеризованный 0,5кг. Без полива",raw.r1c_nomenclature_current,1,1
Номенклатура — current,"Кармен РС2 семена  пастеризованный 0,5кг. Полив",raw.r1c_nomenclature_current,1,1
Номенклатура — current,Кармен РС2 семена Сетка на завязке 25кг. Без полива,raw.r1c_nomenclature_current,1,1
Номенклатура — current,Кармен РС2 семена Сетка на завязке 25кг. Полив,raw.r1c_nomenclature_current,1,1
Номенклатура — current,Кармен РС2 семена биг-бег 1000кг. Без полива,raw.r1c_nomenclature_current,1,1
Номенклатура — current,Кармен РС2 семена биг-бег 1000кг. Полив,raw.r1c_nomenclature_current,1,1
Номенклатура — current,"Кармен РС3  Сетка-домик 1,5кг. Без полива",raw.r1c_nomenclature_current,1,1
Номенклатура — current,"Кармен РС3  Сетка-домик 1,5кг. Полив",raw.r1c_nomenclature_current,1,1
Номенклатура — current,Кармен РС3  Сетка-домик 2кг. Без полива,raw.r1c_nomenclature_current,1,1
Номенклатура — current,Кармен РС3  Сетка-домик 2кг. Полив,raw.r1c_nomenclature_current,1,1
Номенклатура — current,Кармен РС3  очищенный в ву 1кг. Без полива,raw.r1c_nomenclature_current,1,1
Номенклатура — current,Кармен РС3  очищенный в ву 1кг. Полив,raw.r1c_nomenclature_current,1,1
Номенклатура — current,Кармен РС3  очищенный в ву 5кг. Без полива,raw.r1c_nomenclature_current,1,1
Номенклатура — current,Кармен РС3  очищенный в ву 5кг. Полив,raw.r1c_nomenclature_current,1,1
Номенклатура — current,"Кармен РС3  пастеризованный 0,5кг. Без полива",raw.r1c_nomenclature_current,1,1
Номенклатура — current,"Кармен РС3  пастеризованный 0,5кг. Полив",raw.r1c_nomenclature_current,1,1
Номенклатура — current,Кармен РС3  эконом  Сетка на рулоне 2.5кг. Без полива,raw.r1c_nomenclature_current,1,1
Номенклатура — current,Кармен РС3  эконом  Сетка на рулоне 2.5кг. Полив,raw.r1c_nomenclature_current,1,1
Номенклатура — current,Кармен РС3  эконом  Сетка на рулоне 3кг. Без полива,raw.r1c_nomenclature_current,1,1
Номенклатура — current,Кармен РС3  эконом  Сетка на рулоне 3кг. Полив,raw.r1c_nomenclature_current,1,1
Номенклатура — current,Кармен РС3 грязный  Сетка на завязке 25кг. Без полива,raw.r1c_nomenclature_current,1,1
Номенклатура — current,Кармен РС3 грязный  Сетка на завязке 25кг. Полив,raw.r1c_nomenclature_current,1,1
Номенклатура — current,Кармен РС3 грязный  Сетка на рулоне 10кг. Без полива,raw.r1c_nomenclature_current,1,1
Номенклатура — current,Кармен РС3 грязный  Сетка на рулоне 10кг. Полив,raw.r1c_nomenclature_current,1,1
Номенклатура — current,Кармен РС3 грязный  Сетка на рулоне 25кг. Без полива,raw.r1c_nomenclature_current,1,1
Номенклатура — current,Кармен РС3 грязный  Сетка на рулоне 25кг. Полив,raw.r1c_nomenclature_current,1,1
Номенклатура — current,Кармен РС3 грязный  Сетка на рулоне 3кг. Без полива,raw.r1c_nomenclature_current,1,1
Номенклатура — current,Кармен РС3 грязный  Сетка на рулоне 3кг. Полив,raw.r1c_nomenclature_current,1,1
Номенклатура — current,Кармен РС3 грязный  Сетка на рулоне 5кг. Без полива,raw.r1c_nomenclature_current,1,1
Номенклатура — current,Кармен РС3 грязный  Сетка на рулоне 5кг. Полив,raw.r1c_nomenclature_current,1,1
Номенклатура — current,Кармен РС3 грязный  биг-бег 1000кг. Без полива,raw.r1c_nomenclature_current,1,1
Номенклатура — current,Кармен РС3 грязный  биг-бег 1000кг. Полив,raw.r1c_nomenclature_current,1,1
Номенклатура — current,Кармен РС3 грязный Сетка на рулоне 2.5кг Без полива,raw.r1c_nomenclature_current,1,1
Номенклатура — current,Кармен РС3 грязный Сетка на рулоне 2.5кг Полив,raw.r1c_nomenclature_current,1,1
Номенклатура — current,Кармен РС3 мытый  Биг-бег 1000кг. Без полива,raw.r1c_nomenclature_current,1,1
Номенклатура — current,Кармен РС3 мытый  Биг-бег 1000кг. Полив,raw.r1c_nomenclature_current,1,1
Номенклатура — current,Кармен РС3 мытый  Сетка на рулоне 2.5кг Без полива,raw.r1c_nomenclature_current,1,1
Номенклатура — current,Кармен РС3 мытый  Сетка на рулоне 2.5кг Полив,raw.r1c_nomenclature_current,1,1
Номенклатура — current,Кармен РС3 мытый Сетка 25кг. Без полива,raw.r1c_nomenclature_current,1,1
Номенклатура — current,Кармен РС3 мытый Сетка 25кг. Полив,raw.r1c_nomenclature_current,1,1
Номенклатура — current,"Кармен РС3 мытый Сетка-домик 2,5кг. Без полива",raw.r1c_nomenclature_current,1,1
Номенклатура — current,"Кармен РС3 мытый Сетка-домик 2,5кг. Полив",raw.r1c_nomenclature_current,1,1
Номенклатура — current,Кармен РС3 мытый Сетка-домик 3кг Без полива,raw.r1c_nomenclature_current,1,1
Номенклатура — current,Кармен РС3 мытый Сетка-домик 3кг Полив,raw.r1c_nomenclature_current,1,1
Номенклатура — current,Кармен РС3 семена  Сетка на завязке 25кг. Без полива,raw.r1c_nomenclature_current,1,1
Номенклатура — current,Кармен РС3 семена  Сетка на завязке 25кг. Полив,raw.r1c_nomenclature_current,1,1
Номенклатура — current,Кармен РС3 семена  Сетка на рулоне 25кг. Без полива,raw.r1c_nomenclature_current,1,1
Номенклатура — current,Кармен РС3 семена  Сетка на рулоне 25кг. Полив,raw.r1c_nomenclature_current,1,1
Номенклатура — current,Кармен РС3 семена  биг-бег 1000кг. Без полива,raw.r1c_nomenclature_current,1,1
Номенклатура — current,Кармен РС3 семена  биг-бег 1000кг. Полив,raw.r1c_nomenclature_current,1,1
Номенклатура — current,"Кармен РС3 семена  пастеризованный 0,5кг. Без полива",raw.r1c_nomenclature_current,1,1
Номенклатура — current,"Кармен РС3 семена  пастеризованный 0,5кг. Полив",raw.r1c_nomenclature_current,1,1
Номенклатура — current,"КарменРС1 Красный Беби Мытый Сетка домик1,5 кг.",raw.r1c_nomenclature_current,1,1
Номенклатура — current,КарменРС1 Красный Беби Мытый Сетка домик2 кг.,raw.r1c_nomenclature_current,1,1
Номенклатура — current,КарменРС1 Красный Беби Мытый Сетка на рулоне25 кг.,raw.r1c_nomenclature_current,1,1
Номенклатура — current,КарменРС1 Красный Вакуумная упаковка5 кг.,raw.r1c_nomenclature_current,1,1
Номенклатура — current,КарменРС1 Красный Грязный  Биг-бэг1000 кг.,raw.r1c_nomenclature_current,1,1
Номенклатура — current,"КарменРС1 Красный Грязный  Сетка на рулоне2,5 кг. ",raw.r1c_nomenclature_current,1,1
Номенклатура — current,КарменРС1 Красный Грязный  Сетка на рулоне25 кг.,raw.r1c_nomenclature_current,1,1
Номенклатура — current,КарменРС1 Красный Грязный  Сетка на рулоне3 кг.,raw.r1c_nomenclature_current,1,1
Номенклатура — current,КарменРС1 Красный Грязный  Сетка на рулоне5 кг.,raw.r1c_nomenclature_current,1,1
Номенклатура — current,"КарменРС1 Красный Грязный 35-50 Сетка на рулоне2,5 кг.",raw.r1c_nomenclature_current,1,1
Номенклатура — current,"КарменРС1 Красный Мытый  Сетка домик2,5 кг.",raw.r1c_nomenclature_current,1,1
Номенклатура — current,КарменРС1 Красный Мытый  Сетка домик3 кг.,raw.r1c_nomenclature_current,1,1
Номенклатура — current,КарменРС1 Красный Мытый  Сетка на рулоне25 кг.,raw.r1c_nomenclature_current,1,1
Номенклатура — current,"КарменРС2 Красный Беби Мытый Сетка домик1,5 кг.",raw.r1c_nomenclature_current,1,1
Номенклатура — current,КарменРС2 Красный Беби Мытый Сетка домик2 кг.,raw.r1c_nomenclature_current,1,1
Номенклатура — current,КарменРС2 Красный Беби Мытый Сетка на рулоне25 кг.,raw.r1c_nomenclature_current,1,1
Номенклатура — current,КарменРС2 Красный Грязный  Биг-бэг1000 кг.,raw.r1c_nomenclature_current,1,1
Номенклатура — current,КарменРС2 Красный Грязный  Сетка на рулоне10 кг. ,raw.r1c_nomenclature_current,1,1
Номенклатура — current,"КарменРС2 Красный Грязный  Сетка на рулоне2,5 кг. ",raw.r1c_nomenclature_current,1,1
Номенклатура — current,КарменРС2 Красный Грязный  Сетка на рулоне25 кг.,raw.r1c_nomenclature_current,1,1
Номенклатура — current,КарменРС2 Красный Грязный  Сетка на рулоне3 кг.,raw.r1c_nomenclature_current,1,1
Номенклатура — current,КарменРС2 Красный Грязный  Сетка на рулоне5 кг.,raw.r1c_nomenclature_current,1,1
Номенклатура — current,"КарменРС2 Красный Грязный МЛК Сетка на рулоне2,5 кг.",raw.r1c_nomenclature_current,1,1
Номенклатура — current,"КарменРС2 Красный Мытый  Сетка домик2,5 кг.",raw.r1c_nomenclature_current,1,1
Номенклатура — current,КарменРС2 Красный Мытый  Сетка домик3 кг.,raw.r1c_nomenclature_current,1,1
Номенклатура — current,КарменРС2 Красный Мытый  Сетка домик3 кг. ЛЕНТА FRESH,raw.r1c_nomenclature_current,1,1
Номенклатура — current,КарменРС2 Красный Мытый  Сетка на рулоне10 кг. ,raw.r1c_nomenclature_current,1,1
Номенклатура — current,КарменРС2 Красный Мытый  Сетка на рулоне25 кг.,raw.r1c_nomenclature_current,1,1
Номенклатура — current,Карниз универсальный,raw.r1c_nomenclature_current,1,1
Номенклатура — current,Карта бесконтактная,raw.r1c_nomenclature_current,1,1
Номенклатура — current,Карта водителя СКЗИ,raw.r1c_nomenclature_current,1,1
Номенклатура — current,Карта магнитная ЕМ Martin толстая чтение,raw.r1c_nomenclature_current,1,1
Номенклатура — current,Карта памяти 128Gb ,raw.r1c_nomenclature_current,1,1
Номенклатура — current,Карта памяти 64Gb SanDisk,raw.r1c_nomenclature_current,1,1
Номенклатура — current,Карта тахографа Диамант-2 СКЗИ,raw.r1c_nomenclature_current,1,1
Номенклатура — current,Карта тонкая с номером,raw.r1c_nomenclature_current,1,1
Номенклатура — current,Картер ЗИЛ-5301 сцепления ММЗ  ,raw.r1c_nomenclature_current,1,1
Номенклатура — current,Картофелечистка 20см ручка пластиковая,raw.r1c_nomenclature_current,1,1
Номенклатура — current,"Картофелечистка на 18 кг.,трехфазная FP 103.Fama",raw.r1c_nomenclature_current,1,1
Номенклатура — current,Картофель,raw.r1c_nomenclature_current,1,1
Номенклатура — current,Картофель ,raw.r1c_nomenclature_current,1,1
Номенклатура — current,"Картофель  сорт ""Беллороза""",raw.r1c_nomenclature_current,1,1
Номенклатура — current,"Картофель  сорт ""Жуковский """,raw.r1c_nomenclature_current,1,1
Номенклатура — current,"Картофель  сорт ""КАЛОМБО""",raw.r1c_nomenclature_current,1,1
Номенклатура — current,"Картофель  сорт ""Коломба""",raw.r1c_nomenclature_current,1,1
Номенклатура — current,"Картофель  сорт ""Ред Скарлет""",raw.r1c_nomenclature_current,1,1
Номенклатура — current,Картофель  упак.вес (Беллороза),raw.r1c_nomenclature_current,1,1
Номенклатура — current,Картофель  упак.вес (Вега),raw.r1c_nomenclature_current,1,1
Номенклатура — current,Картофель  упак.вес (Гала),raw.r1c_nomenclature_current,1,1
Номенклатура — current,Картофель  упак.вес (Коломба),raw.r1c_nomenclature_current,1,1
Номенклатура — current,Картофель  упак.вес (Ред Скарлетт),raw.r1c_nomenclature_current,1,1
Номенклатура — current,"Картофель ""Аметист"" супер супер элита 5+",raw.r1c_nomenclature_current,1,1
Номенклатура — current,"Картофель ""Аметист"" супер элита",raw.r1c_nomenclature_current,1,1
Номенклатура — current,"Картофель ""Аметист"" супер элита 5+",raw.r1c_nomenclature_current,1,1
Номенклатура — current,"Картофель ""Северное сияние"" элита",raw.r1c_nomenclature_current,1,1
Номенклатура — current,Картофель 2500 (гала),raw.r1c_nomenclature_current,1,1
Номенклатура — current,Картофель 2500г,raw.r1c_nomenclature_current,1,1
Номенклатура — current,Картофель 2500г (Северное сияние),raw.r1c_nomenclature_current,1,1
Номенклатура — current,Картофель Беби 1500г,raw.r1c_nomenclature_current,1,1
Номенклатура — current,Картофель Беби 1500г (Гала),raw.r1c_nomenclature_current,1,1
Номенклатура — current,Картофель Беби 2кг.,raw.r1c_nomenclature_current,1,1
Номенклатура — current,Картофель Вакуумная упаковка 5 кг,raw.r1c_nomenclature_current,1,1
Номенклатура — current,Картофель Вакуумная упаковка 5 кг (Перекресток),raw.r1c_nomenclature_current,1,1
Номенклатура — current,Картофель ГалаРС3 Белый_прямая отгрузка с поля,raw.r1c_nomenclature_current,1,1
Номенклатура — current,Картофель Коломбо мелкий,raw.r1c_nomenclature_current,1,1
Номенклатура — current,Картофель ФламингоРС3 Красный_прямая отгрузка с поля,raw.r1c_nomenclature_current,1,1
Номенклатура — current,Картофель беби,raw.r1c_nomenclature_current,1,1
Номенклатура — current,Картофель белый мытый упак.вес (гала),raw.r1c_nomenclature_current,1,1
Номенклатура — current,Картофель белый мытый упак.вес (коломба),raw.r1c_nomenclature_current,1,1
Номенклатура — current,Картофель белый фас.вес (Вега),raw.r1c_nomenclature_current,1,1
Номенклатура — current,Картофель белый фас.вес (Гала),raw.r1c_nomenclature_current,1,1
Номенклатура — current,Картофель в в.упак. 5 кг.,raw.r1c_nomenclature_current,1,1
Номенклатура — current,Картофель в вакуумной упаковке,raw.r1c_nomenclature_current,1,1
Номенклатура — current,Картофель весовой,raw.r1c_nomenclature_current,1,1
Номенклатура — current,Картофель вторичное сырье,raw.r1c_nomenclature_current,1,1
Номенклатура — current,Картофель глубокой переработки вареный,raw.r1c_nomenclature_current,1,1
Номенклатура — current,Картофель грязный,raw.r1c_nomenclature_current,1,1
Номенклатура — current,Картофель давальческий				,raw.r1c_nomenclature_current,1,1
Номенклатура — current,"Картофель давальческий, фасовка 2,5кг						",raw.r1c_nomenclature_current,1,1
Номенклатура — current,Картофель для варки фас.3кг (Гала),raw.r1c_nomenclature_current,1,1
Номенклатура — current,Картофель красный мытый упак.вес (Беллороза),raw.r1c_nomenclature_current,1,1
Номенклатура — current,Картофель легкой переработки,raw.r1c_nomenclature_current,1,1
Номенклатура — current,Картофель малиновый,raw.r1c_nomenclature_current,1,1
Номенклатура — current,Картофель мытый,raw.r1c_nomenclature_current,2,2
Номенклатура — current,Картофель немытый,raw.r1c_nomenclature_current,1,1
Номенклатура — current,Картофель нестандарт (бэби),raw.r1c_nomenclature_current,1,1
Номенклатура — current,Картофель нст (Фламинго),raw.r1c_nomenclature_current,1,1
Номенклатура — current,Картофель нст (бэби),raw.r1c_nomenclature_current,1,1
Номенклатура — current,Картофель первичное сырье,raw.r1c_nomenclature_current,1,1
Номенклатура — current,"Картофель первой репродукции РС1 ""Кармен""",raw.r1c_nomenclature_current,1,1
Номенклатура — current,Картофель первой репродукции РС1 Гала,raw.r1c_nomenclature_current,1,1
Номенклатура — current,Картофель продовольственный,raw.r1c_nomenclature_current,1,1
Номенклатура — current,Картофель продовольственный 2 сорт,raw.r1c_nomenclature_current,1,1
Номенклатура — current,Картофель продовольственный ГАЛА,raw.r1c_nomenclature_current,1,1
Номенклатура — current,Картофель прямая отгрузка с поля,raw.r1c_nomenclature_current,1,1
Номенклатура — current,Картофель семена на продажу,raw.r1c_nomenclature_current,1,1
Номенклатура — current,Картофель семенной,raw.r1c_nomenclature_current,1,1
Номенклатура — current,"Картофель семенной  сорт ""Коломба""",raw.r1c_nomenclature_current,1,1
Номенклатура — current,"Картофель семенной ""Ред Скарлет"" ",raw.r1c_nomenclature_current,1,1
Номенклатура — current,Картофель семенной (покупной),raw.r1c_nomenclature_current,1,1
Номенклатура — current,Картофель семенной Беллароза,raw.r1c_nomenclature_current,1,1
Номенклатура — current,Картофель семенной ВЕНДИ,raw.r1c_nomenclature_current,1,1
Номенклатура — current,Картофель семенной Коломба,raw.r1c_nomenclature_current,1,1
Номенклатура — current,"Картофель семенной РС ""Гала""",raw.r1c_nomenclature_current,1,1
Номенклатура — current,"Картофель семенной Элита ""Гала""",raw.r1c_nomenclature_current,1,1
Номенклатура — current,"Картофель семенной Элита ""Индиго""",raw.r1c_nomenclature_current,1,1
Номенклатура — current,"Картофель семенной Элита ""Кармен""",raw.r1c_nomenclature_current,1,1
Номенклатура — current,"Картофель семенной Элита ""Фламинго""",raw.r1c_nomenclature_current,1,1
Номенклатура — current,"Картофель семенной сорт ""Беллороза""",raw.r1c_nomenclature_current,1,1
Номенклатура — current,"Картофель семенной сорт ""Гала""",raw.r1c_nomenclature_current,1,1
Номенклатура — current,"Картофель семенной сорт ""Мадейра"",РС-1",raw.r1c_nomenclature_current,1,1
Номенклатура — current,"Картофель семенной сорт ""Мадейра"",ЭС",raw.r1c_nomenclature_current,1,1
Номенклатура — current,Картофель семенной сорт Балтик Роуз РС-1,raw.r1c_nomenclature_current,1,1
Номенклатура — current,Картофель семенной сорт Балтик Роуз класс Е Элита,raw.r1c_nomenclature_current,1,1
Номенклатура — current,"Картофель семенной сорт Вега,класс Элита",raw.r1c_nomenclature_current,1,1
Номенклатура — current,"Картофель семенной сорт Венди, класс Е(ВЕ) Элита",raw.r1c_nomenclature_current,1,1
Номенклатура — current,Картофель семенной сорт Гала класс Е Элита,raw.r1c_nomenclature_current,1,1
Номенклатура — current,"Картофель семенной сорт Коломба,Элита 30-45/45-60 мм",raw.r1c_nomenclature_current,1,1
Номенклатура — current,"Картофель семенной сорта ""Малиновый""",raw.r1c_nomenclature_current,1,1
Номенклатура — current,"Картофель семенной сорта ""Северное сияние""",raw.r1c_nomenclature_current,1,1
Номенклатура — current,"Картофель семенной сорта ""Удача"" С/Элита""",raw.r1c_nomenclature_current,1,1
Номенклатура — current,Картофель сетка фасов.5000г (Вега),raw.r1c_nomenclature_current,1,1
Номенклатура — current,Картофель сетка фасов.5000г (Гала),raw.r1c_nomenclature_current,1,1
Номенклатура — current,Картофель сирень 1500г (Северное сияние),raw.r1c_nomenclature_current,1,1
Номенклатура — current,"Картофель сорт  ""Малиновый""",raw.r1c_nomenclature_current,1,1
Номенклатура — current,Картофель сорт ''Аметист''(РС1) 2 023 без полива,raw.r1c_nomenclature_current,1,1
Номенклатура — current,Картофель сорт ''Аметист''(РС1) 2 023 полив,raw.r1c_nomenclature_current,1,1
Номенклатура — current,Картофель сорт ''Аметист''(Супер Элита) 2 021 ,raw.r1c_nomenclature_current,1,1
Номенклатура — current,Картофель сорт ''Аметист''(Элита)  ,raw.r1c_nomenclature_current,1,1
Номенклатура — current,Картофель сорт ''Аметист''(Элита) 2 021 ,raw.r1c_nomenclature_current,1,1
Номенклатура — current,Картофель сорт ''Аметист''(Элита) 2 022 ,raw.r1c_nomenclature_current,1,1
Номенклатура — current,Картофель сорт ''Балтик Роуз''(РС1) 2 021 ,raw.r1c_nomenclature_current,1,1
Номенклатура — current,Картофель сорт ''Балтик Роуз''(РС2) 2 022 ,raw.r1c_nomenclature_current,1,1
Номенклатура — current,Картофель сорт ''Балтик Роуз''(РС2) 2 023 без полива,raw.r1c_nomenclature_current,1,1
Номенклатура — current,Картофель сорт ''Балтик Роуз''(РС2) 2 023 полив,raw.r1c_nomenclature_current,1,1
Номенклатура — current,Картофель сорт ''Балтик Роуз''(РС2+) 2 023 без полива,raw.r1c_nomenclature_current,1,1
Номенклатура — current,Картофель сорт ''Балтик Роуз''(РС2+) 2 023 полив,raw.r1c_nomenclature_current,1,1
Номенклатура — current,Картофель сорт ''Балтик Роуз''(РС2_) 2 023 полив,raw.r1c_nomenclature_current,1,1
Номенклатура — current,Картофель сорт ''Балтик Роуз''(РС2_+) 2 023 без полива,raw.r1c_nomenclature_current,1,1
Номенклатура — current,Картофель сорт ''Балтик Роуз''(РС2_+) 2 023 полив,raw.r1c_nomenclature_current,1,1
Номенклатура — current,Картофель сорт ''Балтик Роуз''(РС3) 2 023 без полива,raw.r1c_nomenclature_current,1,1
Номенклатура — current,Картофель сорт ''Балтик Роуз''(РС3) 2 023 полив,raw.r1c_nomenclature_current,1,1
Номенклатура — current,Картофель сорт ''Балтик Роуз''(РС3) 2 024 ,raw.r1c_nomenclature_current,1,1
Номенклатура — current,Картофель сорт ''БеллаРоза''(РС2) 2 021 ,raw.r1c_nomenclature_current,1,1
Номенклатура — current,Картофель сорт ''БеллаРоза''(РС2) 2 022 ,raw.r1c_nomenclature_current,1,1
Номенклатура — current,Картофель сорт ''БеллаРоза''(РС3) 2 022 ,raw.r1c_nomenclature_current,1,1
Номенклатура — current,Картофель сорт ''Вега,raw.r1c_nomenclature_current,1,1
Номенклатура — current,Картофель сорт ''Вега''(РС1) 2 021 ,raw.r1c_nomenclature_current,1,1
Номенклатура — current,Картофель сорт ''Вега''(РС1) 2 022 ,raw.r1c_nomenclature_current,1,1
Номенклатура — current,Картофель сорт ''Вега''(РС1) 2 023 без полива,raw.r1c_nomenclature_current,1,1
Номенклатура — current,Картофель сорт ''Вега''(РС1) 2 023 полив,raw.r1c_nomenclature_current,1,1
Номенклатура — current,Картофель сорт ''Вега''(РС2) 2 022 ,raw.r1c_nomenclature_current,1,1
Номенклатура — current,Картофель сорт ''Вега''(РС2) 2 024 ,raw.r1c_nomenclature_current,1,1
Номенклатура — current,Картофель сорт ''Вега''(РС2+) 2 024 ,raw.r1c_nomenclature_current,1,1
Номенклатура — current,Картофель сорт ''Вега''(РС2_) 2 024 ,raw.r1c_nomenclature_current,1,1
Номенклатура — current,Картофель сорт ''Вега''(РС2_+) 2 024 ,raw.r1c_nomenclature_current,1,1
Номенклатура — current,Картофель сорт ''Вега''(РС2_++) 2 024 ,raw.r1c_nomenclature_current,1,1
Номенклатура — current,Картофель сорт ''Вега''(РС3) 2 023 без полива,raw.r1c_nomenclature_current,1,1
Номенклатура — current,Картофель сорт ''Вега''(РС3) 2 023 полив,raw.r1c_nomenclature_current,1,1
Номенклатура — current,Картофель сорт ''Вега''(РС3++) 2 023 без полива,raw.r1c_nomenclature_current,1,1
Номенклатура — current,Картофель сорт ''Вега''(РС3++) 2 023 полив,raw.r1c_nomenclature_current,1,1
Номенклатура — current,Картофель сорт ''Вега''(РС3++_) 2 023 без полива,raw.r1c_nomenclature_current,1,1
Номенклатура — current,Картофель сорт ''Вега''(РС3++_) 2 023 полив,raw.r1c_nomenclature_current,1,1
Номенклатура — current,Картофель сорт ''Вега''(РС3+_) 2 023 без полива,raw.r1c_nomenclature_current,1,1
Номенклатура — current,Картофель сорт ''Вега''(РС3+_) 2 023 полив,raw.r1c_nomenclature_current,1,1
Номенклатура — current,Картофель сорт ''Вега''(РС3+о) 2 023 без полива,raw.r1c_nomenclature_current,1,1
Номенклатура — current,Картофель сорт ''Вега''(РС3+о) 2 023 полив,raw.r1c_nomenclature_current,1,1
Номенклатура — current,Картофель сорт ''Вега''(РС3_) 2 023 без полива,raw.r1c_nomenclature_current,1,1
Номенклатура — current,Картофель сорт ''Вега''(РС3_) 2 023 полив,raw.r1c_nomenclature_current,1,1
Номенклатура — current,Картофель сорт ''Вега''(РС3_+) 2 023 без полива,raw.r1c_nomenclature_current,1,1
Номенклатура — current,Картофель сорт ''Вега''(РС3_+) 2 023 полив,raw.r1c_nomenclature_current,1,1
Номенклатура — current,Картофель сорт ''Вега''(РС3_+оп) 2 023 без полива,raw.r1c_nomenclature_current,1,1
Номенклатура — current,Картофель сорт ''Вега''(РС3_+оп) 2 023 полив,raw.r1c_nomenclature_current,1,1
Номенклатура — current,Картофель сорт ''Вега''(РС3_-) 2 023 без полива,raw.r1c_nomenclature_current,1,1
Номенклатура — current,Картофель сорт ''Вега''(РС3_-) 2 023 полив,raw.r1c_nomenclature_current,1,1
Номенклатура — current,Картофель сорт ''Вега''(РС3_о) 2 023 без полива,raw.r1c_nomenclature_current,1,1
Номенклатура — current,Картофель сорт ''Вега''(РС3_о) 2 023 полив,raw.r1c_nomenclature_current,1,1
Номенклатура — current,Картофель сорт ''Вега''(РС3_оп) 2 023 без полива,raw.r1c_nomenclature_current,1,1
Номенклатура — current,Картофель сорт ''Вега''(РС3_оп) 2 023 полив,raw.r1c_nomenclature_current,1,1
Номенклатура — current,Картофель сорт ''Вэнди''(РС1) 2 023 без полива,raw.r1c_nomenclature_current,1,1
Номенклатура — current,Картофель сорт ''Вэнди''(РС1) 2 023 полив,raw.r1c_nomenclature_current,1,1
Номенклатура — current,Картофель сорт ''Вэнди''(РС2) 2 021 ,raw.r1c_nomenclature_current,1,1
Номенклатура — current,Картофель сорт ''Вэнди''(РС2) 2 023 полив,raw.r1c_nomenclature_current,1,1
Номенклатура — current,Картофель сорт ''Вэнди''(РС2) 2 024 ,raw.r1c_nomenclature_current,1,1
Номенклатура — current,Картофель сорт ''Вэнди''(РС2_) 2 024 ,raw.r1c_nomenclature_current,1,1
Номенклатура — current,Картофель сорт ''Вэнди''(РС3) 2 022 ,raw.r1c_nomenclature_current,1,1
Номенклатура — current,Картофель сорт ''Вэнди''(РС4) 2 023 без полива,raw.r1c_nomenclature_current,1,1
Номенклатура — current,Картофель сорт ''Вэнди''(РС4) 2 023 полив,raw.r1c_nomenclature_current,1,1
Номенклатура — current,Картофель сорт ''Вэнди''(РС4+) 2 023 без полива,raw.r1c_nomenclature_current,1,1
Номенклатура — current,Картофель сорт ''Вэнди''(РС4+) 2 023 полив,raw.r1c_nomenclature_current,1,1
Номенклатура — current,Картофель сорт ''Вэнди''(РС4_) 2 023 без полива,raw.r1c_nomenclature_current,1,1
Номенклатура — current,Картофель сорт ''Вэнди''(РС4_) 2 023 полив,raw.r1c_nomenclature_current,1,1
Номенклатура — current,Картофель сорт ''Вэнди''(РС4_+) 2 023 без полива,raw.r1c_nomenclature_current,1,1
Номенклатура — current,Картофель сорт ''Вэнди''(РС4_+) 2 023 полив,raw.r1c_nomenclature_current,1,1
Номенклатура — current,Картофель сорт ''Гала'',raw.r1c_nomenclature_current,1,1
Номенклатура — current,Картофель сорт ''Гала''(РС1) 2 021 ,raw.r1c_nomenclature_current,1,1
Номенклатура — current,Картофель сорт ''Гала''(РС1) 2 022 ,raw.r1c_nomenclature_current,1,1
Номенклатура — current,Картофель сорт ''Гала''(РС1) 2 023 без полива,raw.r1c_nomenclature_current,1,1
Номенклатура — current,Картофель сорт ''Гала''(РС1) 2 023 полив,raw.r1c_nomenclature_current,1,1
Номенклатура — current,Картофель сорт ''Гала''(РС2) 2 021 ,raw.r1c_nomenclature_current,1,1
Номенклатура — current,Картофель сорт ''Гала''(РС2) 2 022 ,raw.r1c_nomenclature_current,1,1
Номенклатура — current,Картофель сорт ''Гала''(РС2) 2 023 без полива,raw.r1c_nomenclature_current,1,1
Номенклатура — current,Картофель сорт ''Гала''(РС2) 2 023 полив,raw.r1c_nomenclature_current,1,1
Номенклатура — current,Картофель сорт ''Гала''(РС2) 2 024 ,raw.r1c_nomenclature_current,1,1
Номенклатура — current,Картофель сорт ''Гала''(РС2+) 2 024 ,raw.r1c_nomenclature_current,1,1
Номенклатура — current,Картофель сорт ''Гала''(РС2_) 2 022 ,raw.r1c_nomenclature_current,1,1
Номенклатура — current,Картофель сорт ''Гала''(РС2_) 2 023 без полива,raw.r1c_nomenclature_current,1,1
Номенклатура — current,Картофель сорт ''Гала''(РС2_) 2 023 полив,raw.r1c_nomenclature_current,1,1
Номенклатура — current,Картофель сорт ''Гала''(РС2_) 2 024 ,raw.r1c_nomenclature_current,1,1
Номенклатура — current,Картофель сорт ''Гала''(РС2_+) 2 022 ,raw.r1c_nomenclature_current,1,1
Номенклатура — current,Картофель сорт ''Гала''(РС2_+) 2 023 без полива,raw.r1c_nomenclature_current,1,1
Номенклатура — current,Картофель сорт ''Гала''(РС2_+) 2 023 полив,raw.r1c_nomenclature_current,1,1
Номенклатура — current,Картофель сорт ''Гала''(РС2_+) 2 024 ,raw.r1c_nomenclature_current,1,1
Номенклатура — current,Картофель сорт ''Гала''(РС2_++) 2 022 ,raw.r1c_nomenclature_current,1,1
Номенклатура — current,Картофель сорт ''Гала''(РС2_++) 2 024 ,raw.r1c_nomenclature_current,1,1
Номенклатура — current,Картофель сорт ''Гала''(РС3) 2 023 без полива,raw.r1c_nomenclature_current,1,1
Номенклатура — current,Картофель сорт ''Гала''(РС3) 2 023 полив,raw.r1c_nomenclature_current,1,1
Номенклатура — current,Картофель сорт ''Гала''(РС3) 2 024 ,raw.r1c_nomenclature_current,1,1
Номенклатура — current,Картофель сорт ''Гала''(РС3+) 2 023 без полива,raw.r1c_nomenclature_current,1,1
Номенклатура — current,Картофель сорт ''Гала''(РС3+) 2 023 полив,raw.r1c_nomenclature_current,1,1
Номенклатура — current,Картофель сорт ''Гала''(РС3_) 2 023 без полива,raw.r1c_nomenclature_current,1,1
Номенклатура — current,Картофель сорт ''Гала''(РС3_) 2 023 полив,raw.r1c_nomenclature_current,1,1
Номенклатура — current,Картофель сорт ''Гала''(РС3_+) 2 023 без полива,raw.r1c_nomenclature_current,1,1
Номенклатура — current,Картофель сорт ''Гала''(РС3_++) 2 023 без полива,raw.r1c_nomenclature_current,1,1
Номенклатура — current,Картофель сорт ''Гала''(РС3_++) 2 023 полив,raw.r1c_nomenclature_current,1,1
Номенклатура — current,Картофель сорт ''Гала''(РС3_оп) 2 023 без полива,raw.r1c_nomenclature_current,1,1
Номенклатура — current,Картофель сорт ''Гала''(РС3_оп) 2 023 полив,raw.r1c_nomenclature_current,1,1
Номенклатура — current,Картофель сорт ''Индиго''(РС1) 2 021 ,raw.r1c_nomenclature_current,1,1
Номенклатура — current,Картофель сорт ''Индиго''(РС1_Докагенные технологии) 2 022 ,raw.r1c_nomenclature_current,1,1
Номенклатура — current,Картофель сорт ''Индиго''(РС2) 2 022 ,raw.r1c_nomenclature_current,1,1
Номенклатура — current,Картофель сорт ''Индиго''(РС3) 2 023 без полива,raw.r1c_nomenclature_current,1,1
Номенклатура — current,Картофель сорт ''Индиго''(РС3) 2 023 полив,raw.r1c_nomenclature_current,1,1
Номенклатура — current,Картофель сорт ''Кармен''(РС1) 2 021 ,raw.r1c_nomenclature_current,1,1
Номенклатура — current,Картофель сорт ''Кармен''(РС1) 2 022 ,raw.r1c_nomenclature_current,1,1
Номенклатура — current,Картофель сорт ''Кармен''(РС2) 2 022 ,raw.r1c_nomenclature_current,1,1
Номенклатура — current,Картофель сорт ''Кармен''(РС2) 2 023 без полива,raw.r1c_nomenclature_current,1,1
Номенклатура — current,Картофель сорт ''Кармен''(РС2) 2 023 полив,raw.r1c_nomenclature_current,1,1
Номенклатура — current,Картофель сорт ''Кармен''(РС2_ДокаГенные технологии) 2 022 ,raw.r1c_nomenclature_current,1,1
Номенклатура — current,Картофель сорт ''Коломба''(РС1 в бэгах) 2 021 ,raw.r1c_nomenclature_current,1,1
Номенклатура — current,Картофель сорт ''Коломба''(РС1) 2 022 ,raw.r1c_nomenclature_current,1,1
Номенклатура — current,Картофель сорт ''Коломба''(РС1) 2 023 без полива,raw.r1c_nomenclature_current,1,1
Номенклатура — current,Картофель сорт ''Коломба''(РС1) 2 023 полив,raw.r1c_nomenclature_current,1,1
Номенклатура — current,Картофель сорт ''Коломба''(РС1_) 2 022 ,raw.r1c_nomenclature_current,1,1
Номенклатура — current,Картофель сорт ''Коломба''(РС1_+) 2 022 ,raw.r1c_nomenclature_current,1,1
Номенклатура — current,Картофель сорт ''Коломба''(РС1_++) 2 022 ,raw.r1c_nomenclature_current,1,1
Номенклатура — current,Картофель сорт ''Коломба''(РС1_+++) 2 022 ,raw.r1c_nomenclature_current,1,1
Номенклатура — current,"Картофель сорт ''Коломба''(РС2 (свои) участок  6/1, 6/2) 2 021 ",raw.r1c_nomenclature_current,1,1
Номенклатура — current,Картофель сорт ''Коломба''(РС2 в бэгах Норика) 2 021 ,raw.r1c_nomenclature_current,1,1
Номенклатура — current,Картофель сорт ''Коломба''(РС2 участок 5/2 Пончики бурт+Демид ящики) 2 021 ,raw.r1c_nomenclature_current,1,1
Номенклатура — current,Картофель сорт ''Коломба''(РС2) 2 021 ,raw.r1c_nomenclature_current,1,1
Номенклатура — current,Картофель сорт ''Коломба''(РС2) 2 023 без полива,raw.r1c_nomenclature_current,1,1
Номенклатура — current,Картофель сорт ''Коломба''(РС2) 2 023 полив,raw.r1c_nomenclature_current,1,1
Номенклатура — current,Картофель сорт ''Коломба''(РС2+) 2 023 без полива,raw.r1c_nomenclature_current,1,1
Номенклатура — current,Картофель сорт ''Коломба''(РС2+) 2 023 полив,raw.r1c_nomenclature_current,1,1
Номенклатура — current,Картофель сорт ''Коломба''(РС2_) 2 023 без полива,raw.r1c_nomenclature_current,1,1
Номенклатура — current,Картофель сорт ''Коломба''(РС2_) 2 023 полив,raw.r1c_nomenclature_current,1,1
Номенклатура — current,Картофель сорт ''Мадейра''(РС1) 2 022 ,raw.r1c_nomenclature_current,1,1
Номенклатура — current,Картофель сорт ''Мадейра''(РС1_) 2 022 ,raw.r1c_nomenclature_current,1,1
Номенклатура — current,Картофель сорт ''Мадейра''(РС2) 2 022 ,raw.r1c_nomenclature_current,1,1
Номенклатура — current,Картофель сорт ''Мадейра''(РС2) 2 023 без полива,raw.r1c_nomenclature_current,1,1
Номенклатура — current,Картофель сорт ''Мадейра''(РС2) 2 023 полив,raw.r1c_nomenclature_current,1,1
Номенклатура — current,Картофель сорт ''Мадейра''(РС2_) 2 022 ,raw.r1c_nomenclature_current,1,1
Номенклатура — current,Картофель сорт ''Мадейра''(РС2_+) 2 022 ,raw.r1c_nomenclature_current,1,1
Номенклатура — current,Картофель сорт ''Ред Соня''(РС2) 2 022 ,raw.r1c_nomenclature_current,1,1
Номенклатура — current,Картофель сорт ''Ред Соня''(РС2_) 2 022 ,raw.r1c_nomenclature_current,1,1
Номенклатура — current,Картофель сорт ''Ред Соня''(РС2_+) 2 022 ,raw.r1c_nomenclature_current,1,1
Номенклатура — current,Картофель сорт ''РедСкарлетт покупной''(РС1) 2 021 ,raw.r1c_nomenclature_current,1,1
Номенклатура — current,Картофель сорт ''Северное сияние'',raw.r1c_nomenclature_current,1,1
Номенклатура — current,Картофель сорт ''Северное сияние''(РС1) 2 021 ,raw.r1c_nomenclature_current,1,1
Номенклатура — current,Картофель сорт ''Северное сияние''(РС2) 2 022 ,raw.r1c_nomenclature_current,1,1
Номенклатура — current,Картофель сорт ''Северное сияние''(РС3) 2 023 без полива,raw.r1c_nomenclature_current,1,1
Номенклатура — current,Картофель сорт ''Северное сияние''(РС3) 2 023 полив,raw.r1c_nomenclature_current,1,1
Номенклатура — current,Картофель сорт ''Фламинго''(РС1) 2 021 ,raw.r1c_nomenclature_current,1,1
Номенклатура — current,Картофель сорт ''Фламинго''(РС1) 2 023 без полива,raw.r1c_nomenclature_current,1,1
Номенклатура — current,Картофель сорт ''Фламинго''(РС1) 2 023 полив,raw.r1c_nomenclature_current,1,1
Номенклатура — current,Картофель сорт ''Фламинго''(РС2)  полив,raw.r1c_nomenclature_current,1,1
Номенклатура — current,Картофель сорт ''Фламинго''(РС2) 2 022 ,raw.r1c_nomenclature_current,1,1
Номенклатура — current,Картофель сорт ''Фламинго''(РС2) 2 024 ,raw.r1c_nomenclature_current,1,1
Номенклатура — current,Картофель фуражный 1 сорт (7),raw.r1c_nomenclature_current,1,1
Номенклатура — current,Картофель фуражный 2 сорт (6),raw.r1c_nomenclature_current,1,1
Номенклатура — current,Картофель фуражный 3 сорт (5),raw.r1c_nomenclature_current,1,1
Номенклатура — current,Картофель фуражный 4 сорт (3),raw.r1c_nomenclature_current,1,1
Номенклатура — current,Картофель фуражный Балтик РоузРС4 Красный_НКЛ,raw.r1c_nomenclature_current,1,1
Номенклатура — current,Картофель фуражный ВегаРС3 Белый_НКЛ,raw.r1c_nomenclature_current,1,1
Номенклатура — current,Картофель фуражный ВендиРС3 Белый_НКЛ,raw.r1c_nomenclature_current,1,1
Номенклатура — current,Картофель фуражный ГалаРС1 Белый_НКЛ,raw.r1c_nomenclature_current,1,1
Номенклатура — current,Картофель фуражный КарменРС1 Красный_НКЛ,raw.r1c_nomenclature_current,1,1
Номенклатура — current,Картофель фуражный высший сорт (10),raw.r1c_nomenclature_current,1,1
Номенклатура — current,Картофель цветной,raw.r1c_nomenclature_current,1,1
Номенклатура — current,Картофель. Урожай с поля.,raw.r1c_nomenclature_current,1,1
Номенклатура — current,Картридж  W2070A для НP Color Laser ,raw.r1c_nomenclature_current,1,1
Номенклатура — current,Картридж (патрон адсорбционный) TRJFL01.900н,raw.r1c_nomenclature_current,1,1
Номенклатура — current,Картридж (патрон адсорбционный) ЕКОFIL01.900,raw.r1c_nomenclature_current,1,1
Номенклатура — current,Картридж Aceline NS-CF244X,raw.r1c_nomenclature_current,1,1
Номенклатура — current,Картридж Aceline NS-W2070A для COLOR LASER,raw.r1c_nomenclature_current,1,1
Номенклатура — current,Картридж Aceline NS-W2070A для COLOR LASER черный,raw.r1c_nomenclature_current,1,1
Номенклатура — current,Картридж Aceline NS-W2071A для COLOR LASER голубой,raw.r1c_nomenclature_current,1,1
Номенклатура — current,Картридж Aceline NS-W2072A для COLOR LASER желтый,raw.r1c_nomenclature_current,1,1
Номенклатура — current,Картридж Aceline NS-W2073A для COLOR LASER пурпурный,raw.r1c_nomenclature_current,1,1
Номенклатура — current,Картридж Cactus CS-TK1150 для Kyocera P2235d/P2235dn/P2235dw/M2735dw,raw.r1c_nomenclature_current,1,1
Номенклатура — current,Картридж PC-211EV для Pantum M6500,raw.r1c_nomenclature_current,1,1
Номенклатура — current,"Картридж Pantum TL-C2310H Black 1600 стр. для 2300,2302,2307 (Ориг)",raw.r1c_nomenclature_current,1,1
Номенклатура — current,Картридж ЭФГ д/холод вода 5мкм,raw.r1c_nomenclature_current,1,1
Номенклатура — current,Картридж ЭФГ холодная вода 20м,raw.r1c_nomenclature_current,1,1
Номенклатура — current,Картридж для  воды 20мкр,raw.r1c_nomenclature_current,1,1
Номенклатура — current,Картридж для  холодной вода ,raw.r1c_nomenclature_current,1,1
Номенклатура — current,Картридж для Color Laser.jet Pro MFP M182n черный 1050 стр.оригинальный,raw.r1c_nomenclature_current,1,1
Номенклатура — current,Картридж лазерный CS-W1500А,raw.r1c_nomenclature_current,1,1
Номенклатура — current,"Картридж лазерный Cactus CS-C067HBK [черный, совместимый, 3130 стр, 1 шт]",raw.r1c_nomenclature_current,1,1
Номенклатура — current,"Картридж лазерный Cactus CS-C067HC [голубой, совместимый, 2350 стр, 1 шт]",raw.r1c_nomenclature_current,1,1
Номенклатура — current,"Картридж лазерный Cactus CS-C067HM [пурпурный, совместимый, 2350 стр, 1 шт]",raw.r1c_nomenclature_current,1,1
Номенклатура — current,"Картридж лазерный Cactus CS-C067HY [желтый, совместимый, 2350 стр, 1 шт]",raw.r1c_nomenclature_current,1,1
Номенклатура — current,Картридж лазерный Cactus CSP-W2070X черный (1500стр.) для HP Color Laser 150a/150nw/178nw MFP/179fnw,raw.r1c_nomenclature_current,1,1
Номенклатура — current,Картридж лазерный Cactus CSP-W2071X голубой (1300стр.) для HP Color Laser 150a/150nw/178nw MFP/179fn,raw.r1c_nomenclature_current,1,1
Номенклатура — current,Картридж лазерный Cactus CSP-W2072X желтый (1300стр.) для HP Color Laser 150a/150nw/178nw MFP/179fnw,raw.r1c_nomenclature_current,1,1
Номенклатура — current,Картридж лазерный Cactus CSP-W2073X пурпурный (1300стр.) для HP Color Laser 150a/150nw/178nw MFP/179,raw.r1c_nomenclature_current,1,1
Номенклатура — current,Картридж лазерный Canon голубой ,raw.r1c_nomenclature_current,1,1
Номенклатура — current,Картридж лазерный Canon желтый ,raw.r1c_nomenclature_current,1,1
Номенклатура — current,Картридж лазерный Canon пурпурный ,raw.r1c_nomenclature_current,1,1
Номенклатура — current,Картридж лазерный Canon черный ,raw.r1c_nomenclature_current,1,1
Номенклатура — current,Картридж лазерный HP 106A W1106A черный для 107/MFP 135/137,raw.r1c_nomenclature_current,1,1
Номенклатура — current,Картридж лазерный HP 216A W2410A черный для Pro /MFP 182/183,raw.r1c_nomenclature_current,1,1
Номенклатура — current,Картридж лазерный HP W2210A цветной /MFP 282/283,raw.r1c_nomenclature_current,1,1
Номенклатура — current,Картридж лазерный Pantum PC-211P,raw.r1c_nomenclature_current,1,1
Номенклатура — current,Картридж лазерный КОМУС  CF410A  черный для НР Color LJ M477fnw,raw.r1c_nomenclature_current,1,1
Номенклатура — current,Картридж лазерный Комус,raw.r1c_nomenclature_current,1,1
Номенклатура — current,Картридж многоразовый Pantum PC-211EV чил 1600К,raw.r1c_nomenclature_current,1,1
Номенклатура — current,Картридж турбины,raw.r1c_nomenclature_current,1,1
Номенклатура — current,Картридж фильтра воздушного D66X62мм  LB50/75,raw.r1c_nomenclature_current,1,1
Номенклатура — current,Каска POCOM3 Hammer шахтерская красная (арт.произ 77516),raw.r1c_nomenclature_current,1,1
Номенклатура — current,Каска TOPFORT Стандарт 201 белая,raw.r1c_nomenclature_current,1,1
Номенклатура — current,Каска СОМ3-55 FavoriT Termo Rapid красная (арт.произ 76716),raw.r1c_nomenclature_current,1,1
Номенклатура — current,Каска СОМ3-55 FavoriT Termo Rapid серебристая (арт.произ 76713),raw.r1c_nomenclature_current,1,1
Номенклатура — current,Каска СОМ3-55 FavoriT Trek Rapid красная (арт.произ 75616),raw.r1c_nomenclature_current,1,1
Номенклатура — current,Каска защитная оранжевая Krafter,raw.r1c_nomenclature_current,1,1
Номенклатура — current,Каскад Поводок брезент 20мм 2 метра,raw.r1c_nomenclature_current,1,1
Номенклатура — current,Кассета воздухоочистителя 700А.19.04.160-,raw.r1c_nomenclature_current,1,1
Номенклатура — current,"Кастрюля эмалированная 4,0 л",raw.r1c_nomenclature_current,1,1
Номенклатура — current,"Кастрюля эмалированная 5,0 л",raw.r1c_nomenclature_current,1,1
Номенклатура — current,Категорирование помещений по взрывопожарной и пожарной опасности,raw.r1c_nomenclature_current,1,1
Номенклатура — current,Каток гидравлический гребнеупл.4ХШМ75,raw.r1c_nomenclature_current,1,1
Номенклатура — current,Каток опорный в сборе ДТ-75,raw.r1c_nomenclature_current,1,1
Номенклатура — current,Катридж для воды,raw.r1c_nomenclature_current,1,1
Номенклатура — current,"Катушка Б116-3705 (ГАЗ 3307, УАЗ, Волга, Газель)",raw.r1c_nomenclature_current,1,1
Номенклатура — current,Катушка для триммера ,raw.r1c_nomenclature_current,1,1
Номенклатура — current,Катушка металлическая для шланга высокого давления 50м,raw.r1c_nomenclature_current,1,1
Номенклатура — current,Каучуковый герметик для кровли,raw.r1c_nomenclature_current,1,1
Номенклатура — current,Кафом PKCa 20.5.5,raw.r1c_nomenclature_current,1,1
Номенклатура — current,Квадрат 10х10мм,raw.r1c_nomenclature_current,1,1
Номенклатура — current,Квадрис Инсектицид,raw.r1c_nomenclature_current,1,1
Номенклатура — current,Квадрокоптер dji mavic air 2 (до 34 мин до 68 км час) э-х осевой стаб,raw.r1c_nomenclature_current,1,1
Номенклатура — current,Квестор Инсектицид,raw.r1c_nomenclature_current,1,1
Номенклатура — current,Квик Линк водорастворимое удобрение,raw.r1c_nomenclature_current,1,1
Номенклатура — current,"Квикстеп, МКЭ Гербицид ",raw.r1c_nomenclature_current,1,1
Номенклатура — current,Кейс для подготовки проб,raw.r1c_nomenclature_current,1,1
Номенклатура — current,Кельма ,raw.r1c_nomenclature_current,1,1
Номенклатура — current,"Керамзит (0,04 м3)",raw.r1c_nomenclature_current,1,1
Номенклатура — current,Керамический гранит неполированный 30*30,raw.r1c_nomenclature_current,1,1
Номенклатура — current,Керамогранит,raw.r1c_nomenclature_current,1,1
Номенклатура — current,Кернер,raw.r1c_nomenclature_current,1,1
Номенклатура — current,Кернер автоматический JTC  /1/20/200-3927,raw.r1c_nomenclature_current,1,1
Номенклатура — current,Керосин,raw.r1c_nomenclature_current,2,2
Номенклатура — current,Керосин ТС-1,raw.r1c_nomenclature_current,1,1
Номенклатура — current,Кинг Комби 178-01-1763-0 Инсектицид,raw.r1c_nomenclature_current,1,1
Номенклатура — current,Кинг Комби 178-02-1757-0 Инсектицид,raw.r1c_nomenclature_current,1,1
Номенклатура — current,Кинмикс Инсектицид,raw.r1c_nomenclature_current,1,1
Номенклатура — current,Кинто Дуо Инсектицид,raw.r1c_nomenclature_current,1,1
Номенклатура — current,Кинфос Инсектицид,raw.r1c_nomenclature_current,1,1
Номенклатура — current,Кирпич М-150 одинарный полнотелый,raw.r1c_nomenclature_current,1,1
Номенклатура — current,Кислород 40л,raw.r1c_nomenclature_current,1,1
Номенклатура — current,Кислота,raw.r1c_nomenclature_current,1,1
Номенклатура — current,Кислота паяльная,raw.r1c_nomenclature_current,1,1
Номенклатура — current,"Кислотное непенное моющее средство на основе НУК15% и перекиси водорода OST Prof ""Acid FL-NAC"" 22кг",raw.r1c_nomenclature_current,1,1
Номенклатура — current,"Кислотное непенное моющее средство на основе компл. неорган.кислот OST Prof ""Acid CIP"" 23кг",raw.r1c_nomenclature_current,1,1
Номенклатура — current,"Кислотное пенное моющее средство на основе комплекса неорган.кислот OST Prof ""Acid Foam"" 23кг",raw.r1c_nomenclature_current,1,1
Номенклатура — current,Кисточка,raw.r1c_nomenclature_current,1,1
Номенклатура — current,"Кисть ""Кедр""1",raw.r1c_nomenclature_current,1,1
Номенклатура — current,"Кисть ""Кедр""2",raw.r1c_nomenclature_current,1,1
Номенклатура — current,"Кисть ""Кедр""2,5",raw.r1c_nomenclature_current,1,1
Номенклатура — current,"Кисть ""Кедр""3",raw.r1c_nomenclature_current,1,1
Номенклатура — current,"Кисть ""Кедр""4",raw.r1c_nomenclature_current,1,1
Номенклатура — current,"Кисть ""Кедр""№1 иск.щетина",raw.r1c_nomenclature_current,1,1
Номенклатура — current,"Кисть ""Кедр""№1,5 иск.щетина",raw.r1c_nomenclature_current,1,1
Номенклатура — current,"Кисть ""Кедр""№2 смешанная.щетина",raw.r1c_nomenclature_current,1,1
Номенклатура — current,Кисть 100мм,raw.r1c_nomenclature_current,1,1
Номенклатура — current,Кисть 35мм,raw.r1c_nomenclature_current,1,1
Номенклатура — current,Кисть 50*15мм,raw.r1c_nomenclature_current,1,1
Номенклатура — current,Кисть 50х15,raw.r1c_nomenclature_current,1,1
Номенклатура — current,Кисть 70*15мм ,raw.r1c_nomenclature_current,1,1
Номенклатура — current,Кисть 70мм,raw.r1c_nomenclature_current,1,1
Номенклатура — current,Кисть Стандарт 3,raw.r1c_nomenclature_current,1,1
Номенклатура — current,Кисть круглая,raw.r1c_nomenclature_current,1,1
Номенклатура — current,"Кисть круглая №18, натуральная щетина, деревянная ручка",raw.r1c_nomenclature_current,1,1
Номенклатура — current,Кисть макловица 3*12,raw.r1c_nomenclature_current,1,1
Номенклатура — current,Кисть макловица 30*100мм,raw.r1c_nomenclature_current,1,1
Номенклатура — current,Кисть макловица 30*120мм,raw.r1c_nomenclature_current,1,1
Номенклатура — current,Кисть макловица 4*14,raw.r1c_nomenclature_current,1,1
Номенклатура — current,Кисть макловица 40*140,raw.r1c_nomenclature_current,1,1
Номенклатура — current,Кисть макловица 40*140мм ,raw.r1c_nomenclature_current,1,1
Номенклатура — current,Кисть макловица 5*15,raw.r1c_nomenclature_current,1,1
Номенклатура — current,Кисть макловица 50*150мм С,raw.r1c_nomenclature_current,1,1
Номенклатура — current,Кисть макловица 70х150мм ,raw.r1c_nomenclature_current,1,1
Номенклатура — current,"Кисть макловица Мини, 30x100 мм /РемоКолор ",raw.r1c_nomenclature_current,1,1
Номенклатура — current,Кисть плоская  2.5 63*10мм ВОЛАТ,raw.r1c_nomenclature_current,1,1
Номенклатура — current,Кисть плоская 20*15,raw.r1c_nomenclature_current,1,1
Номенклатура — current,Кисть плоская TOPFORT 40*15,raw.r1c_nomenclature_current,1,1
Номенклатура — current,Кисть плоская TOPFORT 80*15,raw.r1c_nomenclature_current,1,1
Номенклатура — current,"Кисть плоская ПРОФИ 1,5",raw.r1c_nomenclature_current,1,1
Номенклатура — current,"Кисть плоская ПРОФИ №2,0",raw.r1c_nomenclature_current,1,1
Номенклатура — current,"Кисть плоская ПРОФИ №3,0",raw.r1c_nomenclature_current,1,1
Номенклатура — current,"Кисть плоская ПРОФИ №4,0",raw.r1c_nomenclature_current,1,1
Номенклатура — current,Кисть плоская Сибртех 25 мм,raw.r1c_nomenclature_current,1,1
Номенклатура — current,"Кисть плоская натуральная щетина 2,5*63",raw.r1c_nomenclature_current,1,1
Номенклатура — current,"Кисть радиаторная 2,0",raw.r1c_nomenclature_current,1,1
Номенклатура — current,Кисть радиаторная 50мм,raw.r1c_nomenclature_current,1,1
Номенклатура — current,Кисть флейцевая,raw.r1c_nomenclature_current,1,1
Номенклатура — current,"Кисть флейцевая ""Стандарт"", 70х6, натуральная щетина, пластиковая ручка// 82506",raw.r1c_nomenclature_current,1,1
Номенклатура — current,Кисть флейцевая 50*12мм,raw.r1c_nomenclature_current,1,1
Номенклатура — current,Кисть флейцевая 70*12мм,raw.r1c_nomenclature_current,1,1
Номенклатура — current,Киянка резиновая 65мм,raw.r1c_nomenclature_current,1,1
Номенклатура — current,Клавиатура + мышь Logitech MK370 клав:черный мышь:черный/черный USB беспроводная BT Multimedia (920-,raw.r1c_nomenclature_current,1,1
Номенклатура — current,"Клавиатура Acer OKR301, USB, Bluetooth/Радиоканал, белый + серебристый",raw.r1c_nomenclature_current,1,1
Номенклатура — current,Клавиатура компьютерная беспроводная +мышь ,raw.r1c_nomenclature_current,1,1
Номенклатура — current,Клавиатура компьютерная беспроводная DEXR KW-3001BU,raw.r1c_nomenclature_current,1,1
Номенклатура — current,Клавиатура компьютерная проводная ,raw.r1c_nomenclature_current,1,1
Номенклатура — current,Клавиатура ножничная беспроводная 2.4G+BT KEYRON Capella серый,raw.r1c_nomenclature_current,1,1
Номенклатура — current,"Клавиатура+мышь проводная Defender LINE C-511 [мембранная, 104 кл., Silent, USB] Black",raw.r1c_nomenclature_current,1,1
Номенклатура — current,Клад Инсектицид,raw.r1c_nomenclature_current,1,1
Номенклатура — current,Клапан EGR,raw.r1c_nomenclature_current,1,1
Номенклатура — current,Клапан TVH2310931,raw.r1c_nomenclature_current,1,1
Номенклатура — current,Клапан V5/2 (М) ЕВ80,raw.r1c_nomenclature_current,1,1
Номенклатура — current,Клапан ZF1582,raw.r1c_nomenclature_current,1,1
Номенклатура — current,Клапан впускной 29.8*7*122 Fiat Ducato,raw.r1c_nomenclature_current,1,1
Номенклатура — current,Клапан впускной 29.8*7*122 Ford Transit Mondeo,raw.r1c_nomenclature_current,1,1
Номенклатура — current,Клапан испарителя кондиционера МТЗ 09-173202-00,raw.r1c_nomenclature_current,1,1
Номенклатура — current,Клапан обратный мет. 50ВВ 448517,raw.r1c_nomenclature_current,1,1
Номенклатура — current,Клапан обратный пласт. 32,raw.r1c_nomenclature_current,1,1
Номенклатура — current,Клапан перепускной 33.1111282,raw.r1c_nomenclature_current,1,1
Номенклатура — current,Клапан перепускной МТЗ,raw.r1c_nomenclature_current,1,1
Номенклатура — current,Клапан преимущ. F160L Foton,raw.r1c_nomenclature_current,1,1
Номенклатура — current,Клапан рулевого управления,raw.r1c_nomenclature_current,1,1
Номенклатура — current,Клапан сливной ДМ-06.280 ПА,raw.r1c_nomenclature_current,1,1
Номенклатура — current,Клапан сцепления со штангами МАЗ 5551-1602738-10,raw.r1c_nomenclature_current,1,1
Номенклатура — current,Клапан тормозной 32910700,raw.r1c_nomenclature_current,1,1
Номенклатура — current,"Клапан электромагнитный ВСХ-25 1""",raw.r1c_nomenclature_current,1,1
Номенклатура — current,Клапан электромагнитный КПП К-742,raw.r1c_nomenclature_current,1,1
Номенклатура — current,Класс защиты IP67,raw.r1c_nomenclature_current,1,1
Номенклатура — current,"Клеенка декорама, мирелла",raw.r1c_nomenclature_current,1,1
Номенклатура — current,"Клезол (Clesol), кислотное беспенное моющее средство для мойки оборудования",raw.r1c_nomenclature_current,1,1
Номенклатура — current,"Клей ""Юникс"" ХХI желтый",raw.r1c_nomenclature_current,1,1
Номенклатура — current,"Клей 88 0,9л",raw.r1c_nomenclature_current,1,1
Номенклатура — current,Клей 88 1л,raw.r1c_nomenclature_current,1,1
Номенклатура — current,Клей 88LUXE 0.9 Рогнеда,raw.r1c_nomenclature_current,1,1
Номенклатура — current,"Клей 900-И-1 полиуретановый фасовка мет.тара 1л(0,8 кг)",raw.r1c_nomenclature_current,1,1
Номенклатура — current,Клей Elabond PREMIUM красный,raw.r1c_nomenclature_current,1,1
Номенклатура — current,Клей loctite 406 25 мл,raw.r1c_nomenclature_current,1,1
Номенклатура — current,Клей КС Универсальный 9кг,raw.r1c_nomenclature_current,1,1
Номенклатура — current,"Клей МОНТАЖ Суперсильный, 400 г МОМЕНТ ",raw.r1c_nomenclature_current,1,1
Номенклатура — current,Клей для горячей вулканизации 240мл,raw.r1c_nomenclature_current,1,1
Номенклатура — current,"Клей для клеевого пистолета белый,светящейся в темноте",raw.r1c_nomenclature_current,1,1
Номенклатура — current,"Клей для плитки ""Ceresit"" CM14 ",raw.r1c_nomenclature_current,1,1
Номенклатура — current,"Клей для плитки ""ЮНИКС ХХI""",raw.r1c_nomenclature_current,1,1
Номенклатура — current,"Клей для плитки ""ЮНИС 2000"" 25 кг.",raw.r1c_nomenclature_current,1,1
Номенклатура — current,Клей космофен 20гр,raw.r1c_nomenclature_current,1,1
Номенклатура — current,Клей момент,raw.r1c_nomenclature_current,1,1
Номенклатура — current,Клей от грызунов,raw.r1c_nomenclature_current,1,1
Номенклатура — current,Клей полиуретановый УР-600,raw.r1c_nomenclature_current,1,1
Номенклатура — current,Клей прозрачный,raw.r1c_nomenclature_current,1,1
Номенклатура — current,Клей резиновый самовулканизующийся,raw.r1c_nomenclature_current,1,1
Номенклатура — current,Клей резиновый самовулканизующийся туба 42 мл,raw.r1c_nomenclature_current,1,1
Номенклатура — current,"Клей секундный универсальный профи, гель, 3 г 246391",raw.r1c_nomenclature_current,1,1
Номенклатура — current,Клей универсальный с активатором,raw.r1c_nomenclature_current,1,1
Номенклатура — current,Клей фиксатор резьб,raw.r1c_nomenclature_current,1,1
Номенклатура — current,Клей фиксатор резьбы 6мл,raw.r1c_nomenclature_current,1,1
Номенклатура — current,Клей холодная сварка 60г,raw.r1c_nomenclature_current,1,1
Номенклатура — current,Клей цианоакрилатный 50гр.,raw.r1c_nomenclature_current,1,1
Номенклатура — current,Клей цианоакрилатный секундный 20г,raw.r1c_nomenclature_current,1,1
Номенклатура — current,Клей-активатор банка с кистью 1000мл,raw.r1c_nomenclature_current,1,1
Номенклатура — current,Клей-герметик анаэроб.40гр. синий,raw.r1c_nomenclature_current,1,1
Номенклатура — current,Клей-карандаш,raw.r1c_nomenclature_current,1,1
Номенклатура — current,Клей-пена 400мл,raw.r1c_nomenclature_current,1,1
Номенклатура — current,Клей-цемент для холодной вулканизации 250мл,raw.r1c_nomenclature_current,1,1
Номенклатура — current,"Клейкая лента 48мм х 66м, 6шт/уп",raw.r1c_nomenclature_current,1,1
Номенклатура — current,Клейкая лента армированная 50мм,raw.r1c_nomenclature_current,1,1
Номенклатура — current,Клейкая лента армированная 80мм,raw.r1c_nomenclature_current,1,1
Номенклатура — current,Клейкая лента двустороняя 38х10м,raw.r1c_nomenclature_current,1,1
Номенклатура — current,Клейкая лента двустороняя на бумажной основе 12ммх10м,raw.r1c_nomenclature_current,1,1
Номенклатура — current,Клейкая лента канцелярская 19*33,raw.r1c_nomenclature_current,1,1
Номенклатура — current,Клейкая лента упаковочная 50мм*50м*40мм,raw.r1c_nomenclature_current,1,1
Номенклатура — current,Клейкая лента упаковочная прозрачная,raw.r1c_nomenclature_current,1,1
Номенклатура — current,"Клемма ""мама"" изолированная - 4.8мм 0.5-1.5кв.мм (красная) Nord-Yada (РПи-м 1.5-(4.8) ",raw.r1c_nomenclature_current,1,1
Номенклатура — current,Клемма WAGO 221-412 упаковка 100 шт,raw.r1c_nomenclature_current,1,1
Номенклатура — current,Клемма WAGO 221-413 упаковка 50 шт,raw.r1c_nomenclature_current,1,1
Номенклатура — current,Клемма WAGO 222-413 ,raw.r1c_nomenclature_current,1,1
Номенклатура — current,Клемма WAGO 222-413 упаковка 50 шт,raw.r1c_nomenclature_current,1,1
Номенклатура — current,Клемма АКБ латунь блистер,raw.r1c_nomenclature_current,1,1
Номенклатура — current,Клемма аккумулятора (к-т),raw.r1c_nomenclature_current,1,1
Номенклатура — current,Клемма вводная силовая КВС 6-50 кв.мм ,raw.r1c_nomenclature_current,1,1
Номенклатура — current,"Клемма для распредилительных коробок 2273-243 на 3 пров сечением 05-2,5 мм2 (упаковка 100шт)",raw.r1c_nomenclature_current,1,1
Номенклатура — current,Клемма заземления,raw.r1c_nomenclature_current,1,1
Номенклатура — current,Клемма заземления КЗ-300 КРАСС,raw.r1c_nomenclature_current,1,1
Номенклатура — current,"Клемма на 3 проводника (с рычагами) 3х0,08-4/2,5мм 2 (уп 50шт)",raw.r1c_nomenclature_current,1,1
Номенклатура — current,"Клемма на 5пр. УПАКОВКА 40шт 5х0,08-4/2,5мм 2 (уп 50шт)",raw.r1c_nomenclature_current,1,1
Номенклатура — current,"Клемма проходная винтовая OptiClip CTS-2,5-I-24A-(0,2-2,5)-серый",raw.r1c_nomenclature_current,1,1
Номенклатура — current,Клемма соед 5-ти проводная (набор 6шт),raw.r1c_nomenclature_current,1,1
Номенклатура — current,Клемма соед WAGO на 4 проводника,raw.r1c_nomenclature_current,1,1
Номенклатура — current,Клемма соед WAGO на 5 проводника,raw.r1c_nomenclature_current,1,1
Номенклатура — current,Клемма соед с рычагом 221-413 3-х проводная (50 шт),raw.r1c_nomenclature_current,1,1
Номенклатура — current,Клемма соед эл.провод,raw.r1c_nomenclature_current,1,1
Номенклатура — current,"Клемма соединительная 3х0,08-4/2,5мм кв.222-413",raw.r1c_nomenclature_current,1,1
Номенклатура — current,Клемма строительно-монтажная СМК 222-413 ЕК,raw.r1c_nomenclature_current,1,1
Номенклатура — current,"Клемма электропроводки мама 6,3мм луженая с проводом 2,5мм",raw.r1c_nomenclature_current,1,1
Номенклатура — current,Клеммная колодка с монтажными штифтами,raw.r1c_nomenclature_current,1,1
Номенклатура — current,"Клеммный разъем многоразовый 2 контактный с рычажком 02,-4мм 32А 450В 105грС 221-412",raw.r1c_nomenclature_current,1,1
Номенклатура — current,"Клеммный разъем многоразовый 3 контактный с рычажком 02,-4мм 32А 450В 105грС 221-413",raw.r1c_nomenclature_current,1,1
Номенклатура — current,Клеммы соединительные монтажные с рычажком 3-проводные 4мм,raw.r1c_nomenclature_current,1,1
Номенклатура — current,Клемная колодка 12*10,raw.r1c_nomenclature_current,1,1
Номенклатура — current,"Клемная колодка 12*2,5",raw.r1c_nomenclature_current,1,1
Номенклатура — current,Клемник 3-проводной,raw.r1c_nomenclature_current,1,1
Номенклатура — current,Клещи,raw.r1c_nomenclature_current,1,1
Номенклатура — current,"Клещи обжимные КО-0,1 1,5-6 мм 2 ИЭК",raw.r1c_nomenclature_current,1,1
Номенклатура — current,Клещи переставные 180мм,raw.r1c_nomenclature_current,1,1
Номенклатура — current,"Клещи переставные 250 мм на холдере""ДТ""/60/10",raw.r1c_nomenclature_current,1,1
Номенклатура — current,Клещи переставные 300 мм,raw.r1c_nomenclature_current,1,1
Номенклатура — current,"Клещи переставные 300 мм на холдере Дело Техники ""ДТ""/40/10 415300",raw.r1c_nomenclature_current,1,1
Номенклатура — current,"Клещи токовые цифровые автоматические (ACV/DCV, сопр., прозв., емкость, частота) Mastech",raw.r1c_nomenclature_current,1,1
Номенклатура — current,Клещи электроизмерительные,raw.r1c_nomenclature_current,1,1
Номенклатура — current,Клин МТЗ-82,raw.r1c_nomenclature_current,1,1
Номенклатура — current,Клин рулевого управления 4301-3401227,raw.r1c_nomenclature_current,1,1
Номенклатура — current,Клипса 32 ППР,raw.r1c_nomenclature_current,1,1
Номенклатура — current,Клипса для гофры 20,raw.r1c_nomenclature_current,1,1
Номенклатура — current,Клипса для трубы ф20 Рувинил,raw.r1c_nomenclature_current,1,1
Номенклатура — current,Клипса для трубы ф25 УралПак,raw.r1c_nomenclature_current,1,1
Номенклатура — current,Клипса крепления молдинга,raw.r1c_nomenclature_current,1,1
Номенклатура — current,Клонрин Инсектицид,raw.r1c_nomenclature_current,1,1
Номенклатура — current,Клотиамет Дуо Инсектицид,raw.r1c_nomenclature_current,1,1
Номенклатура — current,Клотиамет Инсектицид,raw.r1c_nomenclature_current,1,1
Номенклатура — current,Клотиамет-С Инсектицид,raw.r1c_nomenclature_current,1,1
Номенклатура — current,Клотианидин Про Инсектицид,raw.r1c_nomenclature_current,1,1
Номенклатура — current,Ключ,raw.r1c_nomenclature_current,1,1
Номенклатура — current,Ключ 22,raw.r1c_nomenclature_current,1,1
Номенклатура — current,Ключ 24,raw.r1c_nomenclature_current,1,1
Номенклатура — current,Ключ 27,raw.r1c_nomenclature_current,1,1
Номенклатура — current,Ключ 30,raw.r1c_nomenclature_current,1,1
Номенклатура — current,Ключ 32,raw.r1c_nomenclature_current,1,1
Номенклатура — current,Ключ 36,raw.r1c_nomenclature_current,1,1
Номенклатура — current,Ключ 41,raw.r1c_nomenclature_current,1,1
Номенклатура — current,Ключ КШС 168/188,raw.r1c_nomenclature_current,1,1
Номенклатура — current,Ключ балонный,raw.r1c_nomenclature_current,1,1
Номенклатура — current,Ключ балонный 27*30 ,raw.r1c_nomenclature_current,1,1
Номенклатура — current,"Ключ балонный прямой 22*38 L=440мм ГАЗ-53,ЗИЛ-130 КЗСМИ 10439",raw.r1c_nomenclature_current,1,1
Номенклатура — current,Ключ гаечный 41х46,raw.r1c_nomenclature_current,1,1
Номенклатура — current,Ключ гаечный рожковый двусторонний 36х41,raw.r1c_nomenclature_current,1,1
Номенклатура — current,Ключ гаечный рожковыйидвусторонний 34х36,raw.r1c_nomenclature_current,1,1
Номенклатура — current,Ключ газовый 1,raw.r1c_nomenclature_current,1,1
Номенклатура — current,Ключ газовый 2,raw.r1c_nomenclature_current,1,1
Номенклатура — current,"Ключ динамометрический в кейсе, набор 2шт. (1/4"", 1/2"")",raw.r1c_nomenclature_current,1,1
Номенклатура — current,Ключ для куботейнера с регулировкой зажима оцинкованный,raw.r1c_nomenclature_current,1,1
Номенклатура — current,Ключ кольцевой ударный 36мм,raw.r1c_nomenclature_current,1,1
Номенклатура — current,Ключ комбинированный  10мм GRW10,raw.r1c_nomenclature_current,1,1
Номенклатура — current,Ключ комбинированный  19 мм GRW19,raw.r1c_nomenclature_current,1,1
Номенклатура — current,Ключ комбинированный  24 мм GRW24,raw.r1c_nomenclature_current,1,1
Номенклатура — current,Ключ комбинированный  АвтоDeло 17х17,raw.r1c_nomenclature_current,1,1
Номенклатура — current,Ключ комбинированный  АвтоDeло 19х19,raw.r1c_nomenclature_current,1,1
Номенклатура — current,Ключ комбинированный  АвтоDeло 32х32,raw.r1c_nomenclature_current,1,1
Номенклатура — current,"Ключ комбинированный ""БМ"" 60мм",raw.r1c_nomenclature_current,1,1
Номенклатура — current,Ключ комбинированный 10мм,raw.r1c_nomenclature_current,1,1
Номенклатура — current,Ключ комбинированный 10мм KING TONY,raw.r1c_nomenclature_current,1,1
Номенклатура — current,Ключ комбинированный 10х10мм ,raw.r1c_nomenclature_current,1,1
Номенклатура — current,Ключ комбинированный 10х10мм L=145мм ,raw.r1c_nomenclature_current,1,1
Номенклатура — current,Ключ комбинированный 12мм,raw.r1c_nomenclature_current,1,1
Номенклатура — current,Ключ комбинированный 13мм AVS,raw.r1c_nomenclature_current,1,1
Номенклатура — current,Ключ комбинированный 17мм AVS,raw.r1c_nomenclature_current,1,1
Номенклатура — current,"Ключ комбинированный 19мм AVS/""АТ""",raw.r1c_nomenclature_current,1,1
Номенклатура — current,Ключ комбинированный 27мм,raw.r1c_nomenclature_current,1,1
Номенклатура — current,Ключ комбинированный 30мм,raw.r1c_nomenclature_current,1,1
Номенклатура — current,Ключ комбинированный 32 мм,raw.r1c_nomenclature_current,1,1
Номенклатура — current,Ключ комбинированный 9мм,raw.r1c_nomenclature_current,1,1
Номенклатура — current,Ключ комбинированный HEX/V 17x210 мм,raw.r1c_nomenclature_current,1,1
Номенклатура — current,Ключ комбинированный KENDO 13 мм ,raw.r1c_nomenclature_current,1,1
Номенклатура — current,Ключ комбинированный трещеточный 17мм GRW17,raw.r1c_nomenclature_current,1,1
Номенклатура — current,Ключ комбинированный трещеточный 24мм GRF-129,raw.r1c_nomenclature_current,1,1
Номенклатура — current,Ключ комбинированный трещоточный 10мм Gigant GRW10,raw.r1c_nomenclature_current,1,1
Номенклатура — current,"Ключ комбинированный х 10 мм ""ДТ""",raw.r1c_nomenclature_current,1,1
Номенклатура — current,Ключ комбинированный х 10 мм Дело Техники ,raw.r1c_nomenclature_current,1,1
Номенклатура — current,"Ключ комбинированный х 13 мм ""ДТ""",raw.r1c_nomenclature_current,1,1
Номенклатура — current,"Ключ комбинированный х 19 мм ""ДТ""",raw.r1c_nomenclature_current,1,1
Номенклатура — current,Ключ масляного фильтра D=65-110мм,raw.r1c_nomenclature_current,1,1
Номенклатура — current,Ключ накидной 24*27,raw.r1c_nomenclature_current,1,1
Номенклатура — current,Ключ насадка 10мм,raw.r1c_nomenclature_current,1,1
Номенклатура — current,Ключ насадка магнитная 8мм,raw.r1c_nomenclature_current,1,1
Номенклатура — current,Ключ разводной 150мм,raw.r1c_nomenclature_current,1,1
Номенклатура — current,Ключ разводной 200,raw.r1c_nomenclature_current,1,1
Номенклатура — current,Ключ разводной 250 мм,raw.r1c_nomenclature_current,1,1
Номенклатура — current,Ключ разводной 250мм,raw.r1c_nomenclature_current,1,1
Номенклатура — current,Ключ разводной 300 мм,raw.r1c_nomenclature_current,1,1
Номенклатура — current,Ключ разводной 450 мм,raw.r1c_nomenclature_current,1,1
Номенклатура — current,Ключ разводной с тонкими губками Gigant Professional GPBS-20,raw.r1c_nomenclature_current,1,1
Номенклатура — current,"Ключ рожково-накидной, 10мм цинк",raw.r1c_nomenclature_current,1,1
Номенклатура — current,Ключ рожковый 17х19мм ,raw.r1c_nomenclature_current,1,1
Номенклатура — current,Ключ рожковый 19*22,raw.r1c_nomenclature_current,1,1
Номенклатура — current,Ключ рожковый 30*32/14385,raw.r1c_nomenclature_current,1,1
Номенклатура — current,Ключ рожковый односторонний 50мм,raw.r1c_nomenclature_current,1,1
Номенклатура — current,Ключ ступицы 55 мм L=150мм Камаз,raw.r1c_nomenclature_current,1,1
Номенклатура — current,Ключ трубный рычажный КТР-1,raw.r1c_nomenclature_current,1,1
Номенклатура — current,Ключ трубный рычажный КТР-2,raw.r1c_nomenclature_current,1,1
Номенклатура — current,Ключ трубный рычажный КТР-5/15795,raw.r1c_nomenclature_current,1,1
Номенклатура — current,Ключ трубный рычажный №4,raw.r1c_nomenclature_current,1,1
Номенклатура — current,Ключ трубный № 1 угол 90гр,raw.r1c_nomenclature_current,1,1
Номенклатура — current,Ключ трубный №0,raw.r1c_nomenclature_current,1,1
Номенклатура — current,Ключ универсальный для электрошкафов КУЭ-02,raw.r1c_nomenclature_current,1,1
Номенклатура — current,Ключ шестигранный Г-образный 12 мм ,raw.r1c_nomenclature_current,1,1
Номенклатура — current,Ключи имбусовые,raw.r1c_nomenclature_current,1,1
Номенклатура — current,Ключи комбинированные 8 предметов,raw.r1c_nomenclature_current,1,1
Номенклатура — current,"Ключи шестигранные 1,5-10 мм 9 предметов",raw.r1c_nomenclature_current,1,1
Номенклатура — current,Книга по учету бланков спец.воинского учета,raw.r1c_nomenclature_current,1,1
Номенклатура — current,Книга учета 96л в клетку,raw.r1c_nomenclature_current,1,1
Номенклатура — current,Кнопка 3 полож. 6 контакт. без фикс,raw.r1c_nomenclature_current,1,1
Номенклатура — current,Кнопка 3842.08.39,raw.r1c_nomenclature_current,1,1
Номенклатура — current,Кнопка 581.3710,raw.r1c_nomenclature_current,1,1
Номенклатура — current,Кнопка ABLFS-22 зелен 1з+1р ИЭК (33994),raw.r1c_nomenclature_current,1,1
Номенклатура — current,Кнопка ABLFS-22 зелен 1з+1р ИЭК ВВТ30-ABLFS-K06,raw.r1c_nomenclature_current,1,1
Номенклатура — current,Кнопка ABLFS-22 кр 1з+1р ИЭК ВВТ30-ABLFS-K04,raw.r1c_nomenclature_current,1,1
Номенклатура — current,Кнопка ABLFS-22 кр. 1з+1р ИЭК (33995),raw.r1c_nomenclature_current,1,1
Номенклатура — current,"Кнопка APBB-22N ""Пуск-Стоп"" овальная 220В NO+NC",raw.r1c_nomenclature_current,1,1
Номенклатура — current,"Кнопка APBB-22N ""Пуск-Стоп"" овальная EKF 220В NO+NC PROxima pbn-apbb-o",raw.r1c_nomenclature_current,1,1
Номенклатура — current,Кнопка BN22QP1-P/R NC+LED с подсветкой 24В,raw.r1c_nomenclature_current,1,1
Номенклатура — current,"Кнопка BS542 Грибок аварийная с фиксацией поворотная красный, duwi ",raw.r1c_nomenclature_current,1,1
Номенклатура — current,"Кнопка SB7 моноблочная 22мм красная с возвратом, металл, 1НО+1НЗ, IP65",raw.r1c_nomenclature_current,1,1
Номенклатура — current,Кнопка d22мм грибок красный неон 240В 1з+1р ИЭК ,raw.r1c_nomenclature_current,1,1
Номенклатура — current,Кнопка d22мм зеленый неон 240В 1з+1р ИЭК ABLFS-22,raw.r1c_nomenclature_current,1,1
Номенклатура — current,Кнопка d22мм красный неон 240В 1з+1р ИЭ ABLFS-22красный,raw.r1c_nomenclature_current,1,1
Номенклатура — current,"Кнопка АPBB-22N ""I-O"" d22мм неон/240В 1з+1р ИЭК",raw.r1c_nomenclature_current,1,1
Номенклатура — current,Кнопка АPBB-22N Пуск-Стоп,raw.r1c_nomenclature_current,1,1
Номенклатура — current,"Кнопка АЕ-22 ""Грибок"" красный ИЭК BBG10-АЕ-К04",raw.r1c_nomenclature_current,1,1
Номенклатура — current,"Кнопка АЕ-22 ""Грибок"" с фиксацией красный d22мм240В 1з+1р ИЭК",raw.r1c_nomenclature_current,1,1
Номенклатура — current,Кнопка аварийная Грибок B202E,raw.r1c_nomenclature_current,1,1
Номенклатура — current,"Кнопка аварийная Грибок, возврат поворотом, 1НО+1НЗ, серия B, 250 В",raw.r1c_nomenclature_current,1,1
Номенклатура — current,Кнопка без фиксации зеленая подсветка ON (OFF) NP2-BW3361 230V LED,raw.r1c_nomenclature_current,1,1
Номенклатура — current,Кнопка включения выключения транспортера в сборе,raw.r1c_nomenclature_current,1,1
Номенклатура — current,Кнопка водозащитная зеленая 1НЗ+1НО,raw.r1c_nomenclature_current,1,1
Номенклатура — current,Кнопка выхода,raw.r1c_nomenclature_current,1,1
Номенклатура — current,Кнопка звонка 1-клавишная 10А IP54 серая EFZ10-026-30-54,raw.r1c_nomenclature_current,1,1
Номенклатура — current,Кнопка звонка круглая,raw.r1c_nomenclature_current,1,1
Номенклатура — current,Кнопка металлическая с подсветкой НР,raw.r1c_nomenclature_current,1,1
Номенклатура — current,Кнопка переключения хода в сборе с рукояткой,raw.r1c_nomenclature_current,1,1
Номенклатура — current,Кнопки гвоздики 100шт,raw.r1c_nomenclature_current,1,1
Номенклатура — current,Кнопки для пробковых досок,raw.r1c_nomenclature_current,1,1
Номенклатура — current,Кнопки металлические 10мм,raw.r1c_nomenclature_current,1,1
Номенклатура — current,Кнопки пластиковые цветные 50шт,raw.r1c_nomenclature_current,1,1
Номенклатура — current,Кнопки силовые для пробковых досок 50шт/уп.,raw.r1c_nomenclature_current,1,1
Номенклатура — current,"Коврик вспененный  0,8 м цветной",raw.r1c_nomenclature_current,1,1
Номенклатура — current,Коврик для мыши компьютерной 220*180*3мм,raw.r1c_nomenclature_current,1,1
Номенклатура — current,Коврик придверный,raw.r1c_nomenclature_current,1,1
Номенклатура — current,Коврик резиновый SZP-05-090-001-00 plandeka 760х930,raw.r1c_nomenclature_current,1,1
Номенклатура — current,Коврик ударопоглащающий+планка CAREFALL NIEBIESKA 1540*8,raw.r1c_nomenclature_current,1,1
Номенклатура — current,"Коврик ячеистый, грязесборный 50х100х1,6см VORTEX ",raw.r1c_nomenclature_current,1,1
Номенклатура — current,Коврики в салон,raw.r1c_nomenclature_current,1,1
Номенклатура — current,Коврики влаговпитывающие,raw.r1c_nomenclature_current,1,1
Номенклатура — current,Ковролин,raw.r1c_nomenclature_current,1,1
Номенклатура — current,Ковш  КПК 0114740,raw.r1c_nomenclature_current,1,1
Номенклатура — current,Ковш ЖРВИ 735 224 040 (Ложечка),raw.r1c_nomenclature_current,1,1
Номенклатура — current,Кожух А150342997,raw.r1c_nomenclature_current,1,1
Номенклатура — current,Колба биг блю 20 с картриджем,raw.r1c_nomenclature_current,1,1
Номенклатура — current,Колер 100мл,raw.r1c_nomenclature_current,1,1
Номенклатура — current,Колер 100мл №1 Лимонный,raw.r1c_nomenclature_current,1,1
Номенклатура — current,Колер 100мл №12 Салатный,raw.r1c_nomenclature_current,1,1
Номенклатура — current,Колер 400мл,raw.r1c_nomenclature_current,1,1
Номенклатура — current,Колер 450мл,raw.r1c_nomenclature_current,1,1
Номенклатура — current,Колесная опора левая,raw.r1c_nomenclature_current,1,1
Номенклатура — current,Колесная опора левая без колеса,raw.r1c_nomenclature_current,1,1
Номенклатура — current,Колесная опора левая без колеса (Иксион RSF),raw.r1c_nomenclature_current,1,1
Номенклатура — current,Колесная опора правая,raw.r1c_nomenclature_current,1,1
Номенклатура — current,Колесная опора правая без колеса (Иксион RSF),raw.r1c_nomenclature_current,1,1
Номенклатура — current,Колесный трактор К-701Р,raw.r1c_nomenclature_current,1,1
Номенклатура — current,Колесный трактор марки БЕЛАРУС 1221.2,raw.r1c_nomenclature_current,1,1
Номенклатура — current,Колесо,raw.r1c_nomenclature_current,1,1
Номенклатура — current,Колесо 11.2-24 универсал,raw.r1c_nomenclature_current,1,1
Номенклатура — current,Колесо 18.4R38 (Стандарт),raw.r1c_nomenclature_current,1,1
Номенклатура — current,Колесо 230/95R32 (9.5R32) МТЗ XYWStamaxx/Petlas,raw.r1c_nomenclature_current,1,1
Номенклатура — current,Колесо 270/95R48 (11.2R48) МТЗ XYWStamaxx/Petlas,raw.r1c_nomenclature_current,1,1
Номенклатура — current,"Колесо 9,5К42",raw.r1c_nomenclature_current,1,1
Номенклатура — current,Колесо ПП/У бескамерное,raw.r1c_nomenclature_current,1,1
Номенклатура — current,"Колесо в сборе 16,5/70-18.14PR 153A6 Voltyre Agro КФ-97 TTF Диск13х18 разборный с кольцом",raw.r1c_nomenclature_current,1,1
Номенклатура — current,Колесо для садовой тачки  4х8,raw.r1c_nomenclature_current,1,1
Номенклатура — current,Колесо металлическое в сб. с осью без стойки,raw.r1c_nomenclature_current,1,1
Номенклатура — current,Колесо направляющее ДТ-75 в сборке,raw.r1c_nomenclature_current,1,1
Номенклатура — current,"Колесо опорное бороны Aktyvator 18,5*8.50-8",raw.r1c_nomenclature_current,1,1
Номенклатура — current,Колесо приводное DM 194,raw.r1c_nomenclature_current,1,1
Номенклатура — current,"Коллектор выпускной МТЗ-1221, Д-260",raw.r1c_nomenclature_current,1,1
Номенклатура — current,Коллектор пл 3 выхода 28*20,raw.r1c_nomenclature_current,1,1
Номенклатура — current,Коллектор пл 3 выхода 32*20,raw.r1c_nomenclature_current,1,1
Номенклатура — current,Коллектор с кранами 2 выхода,raw.r1c_nomenclature_current,1,1
Номенклатура — current,Коллекторное кольцо,raw.r1c_nomenclature_current,1,1
Номенклатура — current,Коллер 100мл,raw.r1c_nomenclature_current,1,1
Номенклатура — current,Колодка каучук двухместная,raw.r1c_nomenclature_current,1,1
Номенклатура — current,Колодка каучук одноместная,raw.r1c_nomenclature_current,1,1
Номенклатура — current,Колодка каучук трехместная,raw.r1c_nomenclature_current,1,1
Номенклатура — current,Колодка тормозная 700.17.01.417,raw.r1c_nomenclature_current,1,1
Номенклатура — current,Колодка тормозная ПАЗ-32053 с АБС 16.3501090,raw.r1c_nomenclature_current,1,1
Номенклатура — current,Колодка тормозная задняя ,raw.r1c_nomenclature_current,1,1
Номенклатура — current,Колодка тормозная задняя ГАЗЕЛЬ,raw.r1c_nomenclature_current,1,1
Номенклатура — current,Колодка тормозная задняя УАЗ 24-3501090 н,raw.r1c_nomenclature_current,1,1
Номенклатура — current,Колодка тормозная задняя УАЗ 3160-3501090,raw.r1c_nomenclature_current,1,1
Номенклатура — current,Колодка тормозная передняя BOXER,raw.r1c_nomenclature_current,1,1
Номенклатура — current,Колодка тормозная передняя SP1390 SANCSIN BRAKE,raw.r1c_nomenclature_current,1,1
Номенклатура — current,Колодка удлинителя,raw.r1c_nomenclature_current,1,1
Номенклатура — current,Колодка удлинителя 2гн с/з,raw.r1c_nomenclature_current,1,1
Номенклатура — current,Колодка удлинителя 3гн с/з,raw.r1c_nomenclature_current,1,1
Номенклатура — current,Колодка удлинителя 4гн с/з,raw.r1c_nomenclature_current,1,1
Номенклатура — current,Колодка удлинителя 6гн с/з,raw.r1c_nomenclature_current,1,1
Номенклатура — current,Колодки,raw.r1c_nomenclature_current,1,1
Номенклатура — current,Колодки 3302,raw.r1c_nomenclature_current,1,1
Номенклатура — current,Колодки дисковые Hyundai Sarta Fe2.4-2.0,raw.r1c_nomenclature_current,1,1
Номенклатура — current,Колодки задние,raw.r1c_nomenclature_current,1,1
Номенклатура — current,Колодки передние оригинал,raw.r1c_nomenclature_current,1,1
Номенклатура — current,Колодки руч. тормозные BOX3,raw.r1c_nomenclature_current,1,1
Номенклатура — current,Колодки тормозные ,raw.r1c_nomenclature_current,1,1
Номенклатура — current,"Колодки тормозные ЗИЛ-130,133,433360 задние металлические без ролика 140мм",raw.r1c_nomenclature_current,1,1
Номенклатура — current,"Колодки тормозные ЗИЛ-130,133,433360 передние сварные с роликом 70мм",raw.r1c_nomenclature_current,1,1
Номенклатура — current,Колодки тормозные Соболь ,raw.r1c_nomenclature_current,1,1
Номенклатура — current,Колодки тормозные бараб.задние ,raw.r1c_nomenclature_current,1,1
Номенклатура — current,"Колодки тормозные перед. ВАЗ-2121,2123, 4шт",raw.r1c_nomenclature_current,1,1
Номенклатура — current,Колодки тормозные передняя Газель (к-т) FINWHALE,raw.r1c_nomenclature_current,1,1
Номенклатура — current,"Коломба РС1 Сетка-домик 1,5кг. Без полива",raw.r1c_nomenclature_current,1,1
Номенклатура — current,"Коломба РС1 Сетка-домик 1,5кг. Полив",raw.r1c_nomenclature_current,1,1
Номенклатура — current,Коломба РС1 Сетка-домик 2кг. Без полива,raw.r1c_nomenclature_current,1,1
Номенклатура — current,Коломба РС1 Сетка-домик 2кг. Полив,raw.r1c_nomenclature_current,1,1
Номенклатура — current,Коломба РС1 грязный Сетка на завязке 25кг. Без полива,raw.r1c_nomenclature_current,1,1
Номенклатура — current,Коломба РС1 грязный Сетка на завязке 25кг. Полив,raw.r1c_nomenclature_current,1,1
Номенклатура — current,Коломба РС1 грязный Сетка на рулоне 10кг. Без полива,raw.r1c_nomenclature_current,1,1
Номенклатура — current,Коломба РС1 грязный Сетка на рулоне 10кг. Полив,raw.r1c_nomenclature_current,1,1
Номенклатура — current,Коломба РС1 грязный Сетка на рулоне 2.5кг Без полива,raw.r1c_nomenclature_current,1,1
Номенклатура — current,Коломба РС1 грязный Сетка на рулоне 2.5кг Полив,raw.r1c_nomenclature_current,1,1
Номенклатура — current,Коломба РС1 грязный Сетка на рулоне 25кг. Без полива,raw.r1c_nomenclature_current,1,1
Номенклатура — current,Коломба РС1 грязный Сетка на рулоне 25кг. Полив,raw.r1c_nomenclature_current,1,1
Номенклатура — current,Коломба РС1 грязный Сетка на рулоне 3кг. Без полива,raw.r1c_nomenclature_current,1,1
Номенклатура — current,Коломба РС1 грязный Сетка на рулоне 3кг. Полив,raw.r1c_nomenclature_current,1,1
Номенклатура — current,Коломба РС1 грязный Сетка на рулоне 5кг. Без полива,raw.r1c_nomenclature_current,1,1
Номенклатура — current,Коломба РС1 грязный Сетка на рулоне 5кг. Полив,raw.r1c_nomenclature_current,1,1
Номенклатура — current,Коломба РС1 грязный биг-бег 1000кг. Без полива,raw.r1c_nomenclature_current,1,1
Номенклатура — current,Коломба РС1 грязный биг-бег 1000кг. Полив,raw.r1c_nomenclature_current,1,1
Номенклатура — current,Коломба РС1 мытый Биг-бег 1000кг. Без полива,raw.r1c_nomenclature_current,1,1
Номенклатура — current,Коломба РС1 мытый Биг-бег 1000кг. Полив,raw.r1c_nomenclature_current,1,1
Номенклатура — current,Коломба РС1 мытый Сетка 25кг. Без полива,raw.r1c_nomenclature_current,1,1
Номенклатура — current,Коломба РС1 мытый Сетка 25кг. Полив,raw.r1c_nomenclature_current,1,1
Номенклатура — current,Коломба РС1 мытый Сетка на рулоне 2.5кг Без полива,raw.r1c_nomenclature_current,1,1
Номенклатура — current,Коломба РС1 мытый Сетка на рулоне 2.5кг Полив,raw.r1c_nomenclature_current,1,1
Номенклатура — current,"Коломба РС1 мытый Сетка-домик 2,5кг. Без полива",raw.r1c_nomenclature_current,1,1
Номенклатура — current,"Коломба РС1 мытый Сетка-домик 2,5кг. Полив",raw.r1c_nomenclature_current,1,1
Номенклатура — current,Коломба РС1 мытый Сетка-домик 3кг Без полива,raw.r1c_nomenclature_current,1,1
Номенклатура — current,Коломба РС1 мытый Сетка-домик 3кг Полив,raw.r1c_nomenclature_current,1,1
Номенклатура — current,Коломба РС1 очищенный в ву 1кг. Без полива,raw.r1c_nomenclature_current,1,1
Номенклатура — current,Коломба РС1 очищенный в ву 1кг. Полив,raw.r1c_nomenclature_current,1,1
Номенклатура — current,Коломба РС1 очищенный в ву 5кг. Без полива,raw.r1c_nomenclature_current,1,1
Номенклатура — current,Коломба РС1 очищенный в ву 5кг. Полив,raw.r1c_nomenclature_current,1,1
Номенклатура — current,"Коломба РС1 пастеризованный 0,5кг. Без полива",raw.r1c_nomenclature_current,1,1
Номенклатура — current,"Коломба РС1 пастеризованный 0,5кг. Полив",raw.r1c_nomenclature_current,1,1
Номенклатура — current,Коломба РС1 семена Сетка на завязке 25кг. Без полива,raw.r1c_nomenclature_current,1,1
Номенклатура — current,Коломба РС1 семена Сетка на завязке 25кг. Полив,raw.r1c_nomenclature_current,1,1
Номенклатура — current,Коломба РС1 семена Сетка на рулоне 25кг. Без полива,raw.r1c_nomenclature_current,1,1
Номенклатура — current,Коломба РС1 семена Сетка на рулоне 25кг. Полив,raw.r1c_nomenclature_current,1,1
Номенклатура — current,Коломба РС1 семена биг-бег 1000кг. Без полива,raw.r1c_nomenclature_current,1,1
Номенклатура — current,Коломба РС1 семена биг-бег 1000кг. Полив,raw.r1c_nomenclature_current,1,1
Номенклатура — current,"Коломба РС1 семена пастеризованный 0,5кг. Без полива",raw.r1c_nomenclature_current,1,1
Номенклатура — current,"Коломба РС1 семена пастеризованный 0,5кг. Полив",raw.r1c_nomenclature_current,1,1
Номенклатура — current,Коломба РС1 эконом  Сетка на рулоне 2.5кг. Без полива,raw.r1c_nomenclature_current,1,1
Номенклатура — current,Коломба РС1 эконом  Сетка на рулоне 2.5кг. Полив,raw.r1c_nomenclature_current,1,1
Номенклатура — current,Коломба РС1 эконом  Сетка на рулоне 3кг. Без полива,raw.r1c_nomenclature_current,1,1
Номенклатура — current,Коломба РС1 эконом  Сетка на рулоне 3кг. Полив,raw.r1c_nomenclature_current,1,1
Номенклатура — current,"Коломба РС2  Сетка-домик 1,5кг. Без полива",raw.r1c_nomenclature_current,1,1
Номенклатура — current,"Коломба РС2  Сетка-домик 1,5кг. Полив",raw.r1c_nomenclature_current,1,1
Номенклатура — current,Коломба РС2  Сетка-домик 2кг. Без полива,raw.r1c_nomenclature_current,1,1
Номенклатура — current,Коломба РС2  Сетка-домик 2кг. Полив,raw.r1c_nomenclature_current,1,1
Номенклатура — current,Коломба РС2  мытый Биг-бег 1000кг. Без полива,raw.r1c_nomenclature_current,1,1
Номенклатура — current,Коломба РС2  мытый Биг-бег 1000кг. Полив,raw.r1c_nomenclature_current,1,1
Номенклатура — current,Коломба РС2  мытый Сетка на рулоне 2.5кг. Без полива,raw.r1c_nomenclature_current,1,1
Номенклатура — current,Коломба РС2  мытый Сетка на рулоне 2.5кг. Полив,raw.r1c_nomenclature_current,1,1
Номенклатура — current,Коломба РС2  очищенный в ву 1кг. Без полива,raw.r1c_nomenclature_current,1,1
Номенклатура — current,Коломба РС2  очищенный в ву 1кг. Полив,raw.r1c_nomenclature_current,1,1
Номенклатура — current,Коломба РС2  очищенный в ву 5кг. Без полива,raw.r1c_nomenclature_current,1,1
Номенклатура — current,Коломба РС2  очищенный в ву 5кг. Полив,raw.r1c_nomenclature_current,1,1
Номенклатура — current,"Коломба РС2  пастеризованный 0,5кг. Без полива",raw.r1c_nomenclature_current,1,1
Номенклатура — current,"Коломба РС2  пастеризованный 0,5кг. Полив",raw.r1c_nomenclature_current,1,1
Номенклатура — current,Коломба РС2  эконом  Сетка на рулоне 2.5кг. Без полива,raw.r1c_nomenclature_current,1,1
Номенклатура — current,Коломба РС2  эконом  Сетка на рулоне 2.5кг. Полив,raw.r1c_nomenclature_current,1,1
Номенклатура — current,Коломба РС2  эконом  Сетка на рулоне 3кг. Без полива,raw.r1c_nomenclature_current,1,1
Номенклатура — current,Коломба РС2  эконом  Сетка на рулоне 3кг. Полив,raw.r1c_nomenclature_current,1,1
Номенклатура — current,Коломба РС2 грязный  Сетка на завязке 25кг. Без полива,raw.r1c_nomenclature_current,1,1
Номенклатура — current,Коломба РС2 грязный  Сетка на завязке 25кг. Полив,raw.r1c_nomenclature_current,1,1
Номенклатура — current,Коломба РС2 грязный  Сетка на рулоне 10кг. Без полива,raw.r1c_nomenclature_current,1,1
Номенклатура — current,Коломба РС2 грязный  Сетка на рулоне 10кг. Полив,raw.r1c_nomenclature_current,1,1
Номенклатура — current,Коломба РС2 грязный  Сетка на рулоне 25кг. Без полива,raw.r1c_nomenclature_current,1,1
Номенклатура — current,Коломба РС2 грязный  Сетка на рулоне 25кг. Полив,raw.r1c_nomenclature_current,1,1
Номенклатура — current,Коломба РС2 грязный  Сетка на рулоне 3кг. Без полива,raw.r1c_nomenclature_current,1,1
Номенклатура — current,Коломба РС2 грязный  Сетка на рулоне 3кг. Полив,raw.r1c_nomenclature_current,1,1
Номенклатура — current,Коломба РС2 грязный  Сетка на рулоне 5кг. Без полива,raw.r1c_nomenclature_current,1,1
Номенклатура — current,Коломба РС2 грязный  Сетка на рулоне 5кг. Полив,raw.r1c_nomenclature_current,1,1
Номенклатура — current,Коломба РС2 грязный  биг-бег 1000кг. Без полива,raw.r1c_nomenclature_current,1,1
Номенклатура — current,Коломба РС2 грязный  биг-бег 1000кг. Полив,raw.r1c_nomenclature_current,1,1
Номенклатура — current,Коломба РС2 грязный Сетка на рулоне 2.5кг. Без полива,raw.r1c_nomenclature_current,1,1
Номенклатура — current,Коломба РС2 грязный Сетка на рулоне 2.5кг. Полив,raw.r1c_nomenclature_current,1,1
Номенклатура — current,Коломба РС2 мытый  Сетка 25кг. Без полива,raw.r1c_nomenclature_current,1,1
Номенклатура — current,Коломба РС2 мытый  Сетка 25кг. Полив,raw.r1c_nomenclature_current,1,1
Номенклатура — current,"Коломба РС2 мытый Сетка-домик 2,5кг. Без полива",raw.r1c_nomenclature_current,1,1
Номенклатура — current,"Коломба РС2 мытый Сетка-домик 2,5кг. Полив",raw.r1c_nomenclature_current,1,1
Номенклатура — current,Коломба РС2 мытый Сетка-домик 3кг Без полива,raw.r1c_nomenclature_current,1,1
Номенклатура — current,Коломба РС2 мытый Сетка-домик 3кг Полив,raw.r1c_nomenclature_current,1,1
Номенклатура — current,Коломба РС2 семена  Сетка на рулоне 25кг. Без полива,raw.r1c_nomenclature_current,1,1
Номенклатура — current,Коломба РС2 семена  Сетка на рулоне 25кг. Полив,raw.r1c_nomenclature_current,1,1
Номенклатура — current,"Коломба РС2 семена  пастеризованный 0,5кг. Без полива",raw.r1c_nomenclature_current,1,1
Номенклатура — current,"Коломба РС2 семена  пастеризованный 0,5кг. Полив",raw.r1c_nomenclature_current,1,1
Номенклатура — current,Коломба РС2 семена Сетка на завязке 25кг. Без полива,raw.r1c_nomenclature_current,1,1
Номенклатура — current,Коломба РС2 семена Сетка на завязке 25кг. Полив,raw.r1c_nomenclature_current,1,1
Номенклатура — current,Коломба РС2 семена биг-бег 1000кг. Без полива,raw.r1c_nomenclature_current,1,1
Номенклатура — current,Коломба РС2 семена биг-бег 1000кг. Полив,raw.r1c_nomenclature_current,1,1
Номенклатура — current,Коломбо Белый  грязный Сетка на рулоне25 кг.,raw.r1c_nomenclature_current,1,1
Номенклатура — current,"Колонки 2,2 SVEN 318 (2х2,5 Вт USB-питание",raw.r1c_nomenclature_current,1,1
Номенклатура — current,"Колонки 2,2 SVEN 431  (2х3 Вт USB-питание",raw.r1c_nomenclature_current,1,1
Номенклатура — current,Колор,raw.r1c_nomenclature_current,1,1
Номенклатура — current,Колорадо Инсектицид,raw.r1c_nomenclature_current,1,1
Номенклатура — current,Колосаль Инсектицид,raw.r1c_nomenclature_current,1,1
Номенклатура — current,Колосаль Про Инсектицид,raw.r1c_nomenclature_current,1,1
Номенклатура — current,Колпак крышки КПП 53А,raw.r1c_nomenclature_current,1,1
Номенклатура — current,Колпачек д.гидр. штекера кр.,raw.r1c_nomenclature_current,1,1
Номенклатура — current,Колпачки маслосъемные Volga (комплект=8 шт) Reinz,raw.r1c_nomenclature_current,1,1
Номенклатура — current,Колпачок WZ 1900733,raw.r1c_nomenclature_current,1,1
Номенклатура — current,"Колпачок ЗИЛ-5301,Д-240,МТЗ-80А,82А,100,102 маслоотражательный комплект РК",raw.r1c_nomenclature_current,1,1
Номенклатура — current,Колпачок М12 (ключ19) Серый цвет,raw.r1c_nomenclature_current,1,1
Номенклатура — current,Колпачок защитный IP65 AD22-D2 для овальной сдвоенной кнопки,raw.r1c_nomenclature_current,1,1
Номенклатура — current,Колпачок маслосъемный 6*12*18.8 Ford Mondeo,raw.r1c_nomenclature_current,1,1
Номенклатура — current,Колпачок с уплотнительным кольцом черный селкон 114441A-1-CELR,raw.r1c_nomenclature_current,1,1
Номенклатура — current,Колпачок с уплотнительным кольцом черный селкон 114443A-1-CELR,raw.r1c_nomenclature_current,1,1
Номенклатура — current,Колфуго Дуплет Инсектицид,raw.r1c_nomenclature_current,1,1
Номенклатура — current,Колфуго Супер Инсектицид,raw.r1c_nomenclature_current,1,1
Номенклатура — current,Колье 900мм РК-0204,raw.r1c_nomenclature_current,1,1
Номенклатура — current,Кольцевое  уплотнение,raw.r1c_nomenclature_current,1,1
Номенклатура — current,Кольцо  F334300020120 (КН3946),raw.r1c_nomenclature_current,1,1
Номенклатура — current,Кольцо (перстенек) 54.31.475 ,raw.r1c_nomenclature_current,1,1
Номенклатура — current,Кольцо (перстенек) ДТ-75  85.31.144 ,raw.r1c_nomenclature_current,1,1
Номенклатура — current,Кольцо 018-022-25,raw.r1c_nomenclature_current,1,1
Номенклатура — current,Кольцо 020*025-25-1-3,raw.r1c_nomenclature_current,1,1
Номенклатура — current,"Кольцо 031.0-3,0",raw.r1c_nomenclature_current,1,1
Номенклатура — current,Кольцо 045-051-36,raw.r1c_nomenclature_current,1,1
Номенклатура — current,Кольцо 070-080-58,raw.r1c_nomenclature_current,1,1
Номенклатура — current,Кольцо 120125*30,raw.r1c_nomenclature_current,1,1
Номенклатура — current,Кольцо 142-2407091,raw.r1c_nomenclature_current,1,1
Номенклатура — current,Кольцо 20 Din471,raw.r1c_nomenclature_current,1,1
Номенклатура — current,Кольцо 31791600 001.11.3340,raw.r1c_nomenclature_current,1,1
Номенклатура — current,Кольцо 31864300,raw.r1c_nomenclature_current,1,1
Номенклатура — current,Кольцо 34-180200,raw.r1c_nomenclature_current,1,1
Номенклатура — current,Кольцо KG4060,raw.r1c_nomenclature_current,1,1
Номенклатура — current,Кольцо NILOS 6007 AV,raw.r1c_nomenclature_current,1,1
Номенклатура — current,Кольцо NL OS 25х47(HG10.02.801Е),raw.r1c_nomenclature_current,1,1
Номенклатура — current,Кольцо ГАЗ-3307 бортовое серое,raw.r1c_nomenclature_current,1,1
Номенклатура — current,Кольцо ЗИЛ-5301 гильзы цилиндров уплотнительное,raw.r1c_nomenclature_current,1,1
Номенклатура — current,Кольцо Запорное диска колеса 53-3101027 н,raw.r1c_nomenclature_current,1,1
Номенклатура — current,Кольцо К-700,raw.r1c_nomenclature_current,1,1
Номенклатура — current,Кольцо КН3784,raw.r1c_nomenclature_current,1,1
Номенклатура — current,Кольцо КН4761,raw.r1c_nomenclature_current,1,1
Номенклатура — current,Кольцо КН4820,raw.r1c_nomenclature_current,1,1
Номенклатура — current,Кольцо КН4932,raw.r1c_nomenclature_current,1,1
Номенклатура — current,Кольцо МТЗ передн.вед. мост ГОСТ 9833-73,raw.r1c_nomenclature_current,1,1
Номенклатура — current,Кольцо врезное 18,raw.r1c_nomenclature_current,1,1
Номенклатура — current,Кольцо гидравлическое M10 USIT,raw.r1c_nomenclature_current,1,1
Номенклатура — current,Кольцо гидравлическое M12 USIT,raw.r1c_nomenclature_current,1,1
Номенклатура — current,Кольцо гидравлическое M14 USIT,raw.r1c_nomenclature_current,1,1
Номенклатура — current,Кольцо гидравлическое M16 USIT,raw.r1c_nomenclature_current,1,1
Номенклатура — current,Кольцо гидравлическое M18 USIT,raw.r1c_nomenclature_current,1,1
Номенклатура — current,Кольцо гидравлическое M20 USIT,raw.r1c_nomenclature_current,1,1
Номенклатура — current,Кольцо гидравлическое M22 USIT,raw.r1c_nomenclature_current,1,1
Номенклатура — current,Кольцо гидравлическое M24 USIT,raw.r1c_nomenclature_current,1,1
Номенклатура — current,Кольцо гидравлическое M26 USIT,raw.r1c_nomenclature_current,1,1
Номенклатура — current,Кольцо гидравлическое M27 USIT,raw.r1c_nomenclature_current,1,1
Номенклатура — current,Кольцо гидравлическое M30 USIT,raw.r1c_nomenclature_current,1,1
Номенклатура — current,Кольцо гидравлическое M33 USIT,raw.r1c_nomenclature_current,1,1
Номенклатура — current,Кольцо гидравлическое M36 USIT,raw.r1c_nomenclature_current,1,1
Номенклатура — current,Кольцо гильз ЯМЗ-656 уплотнительное 5340-100203101,raw.r1c_nomenclature_current,1,1
Номенклатура — current,Кольцо глушителя ЗИЛ,raw.r1c_nomenclature_current,1,1
Номенклатура — current,Кольцо железобетонное КЦ10-9,raw.r1c_nomenclature_current,1,1
Номенклатура — current,Кольцо железобетонное КЦ15-9,raw.r1c_nomenclature_current,1,1
Номенклатура — current,Кольцо литое с переходником,raw.r1c_nomenclature_current,1,1
Номенклатура — current,Кольцо медное,raw.r1c_nomenclature_current,1,1
Номенклатура — current,Кольцо металлическое 20х10,raw.r1c_nomenclature_current,1,1
Номенклатура — current,Кольцо обрезиненное 85.31.027,raw.r1c_nomenclature_current,1,1
Номенклатура — current,Кольцо полиурет. Ш.45,raw.r1c_nomenclature_current,1,1
Номенклатура — current,Кольцо поршневое,raw.r1c_nomenclature_current,1,1
Номенклатура — current,"Кольцо поршневое Actyon (06).Kyтон (0,5)",raw.r1c_nomenclature_current,1,1
Номенклатура — current,Кольцо поршневое А-41/01,raw.r1c_nomenclature_current,1,1
Номенклатура — current,Кольцо силиконовое,raw.r1c_nomenclature_current,1,1
Номенклатура — current,Кольцо стопорное,raw.r1c_nomenclature_current,1,1
Номенклатура — current,Кольцо стопорное 20мм ГОСТ 13942-86,raw.r1c_nomenclature_current,1,1
Номенклатура — current,Кольцо стопорное на вал 47 (10шт/уп) BTI DIN 471 ,raw.r1c_nomenclature_current,1,1
Номенклатура — current,Кольцо типа NL OS 32005 JV,raw.r1c_nomenclature_current,1,1
Номенклатура — current,Кольцо уплотнит.гильзы 50-Т1002022 комплект,raw.r1c_nomenclature_current,1,1
Номенклатура — current,Кольцо уплотнит.гильзы МТЗ (силикон)245-1002022,raw.r1c_nomenclature_current,1,1
Номенклатура — current,Кольцо уплотнительное ,raw.r1c_nomenclature_current,1,1
Номенклатура — current,Кольцо уплотнительное 14*20,raw.r1c_nomenclature_current,1,1
Номенклатура — current,Кольцо уплотнительное 58х3,raw.r1c_nomenclature_current,1,1
Номенклатура — current,Кольцо уплотнительное 85.32.017,raw.r1c_nomenclature_current,1,1
Номенклатура — current,Кольцо уплотнительное М12,raw.r1c_nomenclature_current,1,1
Номенклатура — current,Кольцо уплотнительное М16 USITM,raw.r1c_nomenclature_current,1,1
Номенклатура — current,Кольцо уплотнительное М22 USITM,raw.r1c_nomenclature_current,1,1
Номенклатура — current,Кольцо уплотнительное М24 USITM,raw.r1c_nomenclature_current,1,1
Номенклатура — current,"Кольцо уплотнительное форсунки ГАЗ, УАЗ (дв. умз-4216)евро-4",raw.r1c_nomenclature_current,1,1
Номенклатура — current,Кольцо уплотняющее (манжета),raw.r1c_nomenclature_current,1,1
Номенклатура — current,Кольцо форсунки,raw.r1c_nomenclature_current,1,1
Номенклатура — current,Кольцо щеточное ПП 120/500 (безпроставочное),raw.r1c_nomenclature_current,1,1
Номенклатура — current,"Командировочные расходы, проживание наемного персонала",raw.r1c_nomenclature_current,1,1
Номенклатура — current,Командор Инсектицид,raw.r1c_nomenclature_current,1,1
Номенклатура — current,Командор Макси Инсектицид,raw.r1c_nomenclature_current,1,1
Номенклатура — current,Комбанирование/уборка картофеля,raw.r1c_nomenclature_current,1,1
Номенклатура — current,Комбанирование/уборка картофеля  (почасовая оплата),raw.r1c_nomenclature_current,1,1
Номенклатура — current,Комбикорм ПК 1/2 сытный Цуйский,raw.r1c_nomenclature_current,1,1
Номенклатура — current,Комбикорм д/кур нес кр (Курск) 25кг,raw.r1c_nomenclature_current,1,1
Номенклатура — current,Комбикорм для кур мол ПК3 кр 8до13нд/18-20нд (Рам) 28 кг,raw.r1c_nomenclature_current,1,1
Номенклатура — current,Комбикорм для цыплят ПК11 Старт 0до3нд(Рам) 10 кг,raw.r1c_nomenclature_current,1,1
Номенклатура — current,"Комбинация приборов  ЗИЛ-4331,433360,5301,,ПАЗ,ЛАЗ  АВТОПРИБОР",raw.r1c_nomenclature_current,1,1
Номенклатура — current,"Комбинация приборов  КД 8116,3801-2",raw.r1c_nomenclature_current,1,1
Номенклатура — current,Комбинация приборов МТЗ(6 приборов) ВЗЭП КД 8071-4,raw.r1c_nomenclature_current,1,1
Номенклатура — current,Комбинация приборов МТЗ-1221 6 приборов (А,raw.r1c_nomenclature_current,1,1
Номенклатура — current,Комбинезон ,raw.r1c_nomenclature_current,1,1
Номенклатура — current,Комбинезон GhemMAX-2  размер L,raw.r1c_nomenclature_current,1,1
Номенклатура — current,Комбинезон GhemMAX-2  размер XXXL,raw.r1c_nomenclature_current,1,1
Номенклатура — current,Комбинезон Premiym Line М6056 XL,raw.r1c_nomenclature_current,1,1
Номенклатура — current,Комбинезон малярный синий размер XXL JPC75B-XXL,raw.r1c_nomenclature_current,1,1
Номенклатура — current,Комбинезон многоразовый  защитный,raw.r1c_nomenclature_current,1,1
Номенклатура — current,Комбинезон одноразовый защитный,raw.r1c_nomenclature_current,1,1
Номенклатура — current,Комбинезон пылезащитный одноразовый 48-54 (L- XL),raw.r1c_nomenclature_current,1,1
Номенклатура — current,Комбинезон пылезащитный одноразовый 56-62 (XXL- XXXL),raw.r1c_nomenclature_current,1,1
Номенклатура — current,Комбинезоны,raw.r1c_nomenclature_current,1,1
Номенклатура — current,Комбинированные плоскогубцы Gigant 200 мм GCP 200,raw.r1c_nomenclature_current,1,1
Номенклатура — current,"Комбинированный ключ, 13 мм",raw.r1c_nomenclature_current,1,1
Номенклатура — current,"Комбинированный ключ, 13 мм KENDO 15513",raw.r1c_nomenclature_current,1,1
Номенклатура — current,"Комбинированный ключ, 17 мм",raw.r1c_nomenclature_current,1,1
Номенклатура — current,"Комбинированный ключ, 19 мм",raw.r1c_nomenclature_current,1,1
Номенклатура — current,Комбиполотно,raw.r1c_nomenclature_current,1,1
Номенклатура — current,"Комбиполотно 630мм ""Лесные дали"" 3п2сКартофель Беби (сетка экстр.белая)",raw.r1c_nomenclature_current,1,1
Номенклатура — current,"Комбиполотно 630мм ""Лесные дали"" 3п2сКартофель Беби (сетка экстр.желтая)",raw.r1c_nomenclature_current,1,1
Номенклатура — current,"Комбиполотно 630мм ""Лесные дали"" 3п2сКартофель белый (сетка экстр.белая)",raw.r1c_nomenclature_current,1,1
Номенклатура — current,"Комбиполотно 630мм ""Лесные дали"" 3п2сКартофель красный (сетка экстр.красная)",raw.r1c_nomenclature_current,1,1
Номенклатура — current,"Комбиполотно 630мм ""Лесные дали"" 3п2сКартофель фиолетовый (сетка экстр.красная)",raw.r1c_nomenclature_current,1,1
Номенклатура — current,"Комбиполотно 630мм ""Лесные дали"" Картофель Бэби лента 180мм 50 мкр.глянец",raw.r1c_nomenclature_current,1,1
Номенклатура — current,"Комбиполотно 630мм ""Лесные дали"" Картофель Индиго лента 180мм 50 мкр.глянец",raw.r1c_nomenclature_current,1,1
Номенклатура — current,"Комбиполотно 630мм ""Лесные дали"" Картофель Красный ""В""лента 180мм 50 мкр.глянец",raw.r1c_nomenclature_current,1,1
Номенклатура — current,"Комбиполотно 630мм ""Лесные дали"" Картофель Красный ""С""лента 180мм 50 мкр.глянец",raw.r1c_nomenclature_current,1,1
Номенклатура — current,"Комбиполотно 630мм ""Лесные дали"" Картофель Северное Сияние лента 180мм 50 мкр.глянец",raw.r1c_nomenclature_current,1,1
Номенклатура — current,"Комбиполотно 630мм ""Лесные дали"" Картофель белый ""А""лента 180мм 50 мкр.глянец",raw.r1c_nomenclature_current,1,1
Номенклатура — current,"Комбиполотно 630мм ""Лесные дали"" Картофель белый ""В""лента 180мм 50 мкр.глянец",raw.r1c_nomenclature_current,1,1
Номенклатура — current,"Комбиполотно 630мм Generic Rotato 3п2с, 152вт,экструзия BROWN",raw.r1c_nomenclature_current,1,1
Номенклатура — current,"Комбиполотно желтое категория А,В,Агролайн",raw.r1c_nomenclature_current,1,1
Номенклатура — current,"Комбиполотно красное категория А,В,Агролайн",raw.r1c_nomenclature_current,1,1
Номенклатура — current,Комбиполотно обезличка,raw.r1c_nomenclature_current,1,1
Номенклатура — current,Комиссия,raw.r1c_nomenclature_current,1,1
Номенклатура — current,Коммутатор 8 портов 100Мбит/с настольный ES-108AV3-EU0101F,raw.r1c_nomenclature_current,1,1
Номенклатура — current,Коммутатор 8-портовый настольный/настенный не управляемый 10/100/1000 Мбит/с TP-Link TL-SG108 V6,raw.r1c_nomenclature_current,1,1
Номенклатура — current,Коммутатор D-Link DES-1018MP v2/A1A,raw.r1c_nomenclature_current,1,1
Номенклатура — current,"Коммутатор Keenetic PoE+ Switch 9 (KN-4710) [9x 1 Гбит/с: 1x RJ-45, 8x RJ-45+PoE-out, 30 Вт 802.3af/",raw.r1c_nomenclature_current,1,1
Номенклатура — current,"Коммутатор MikroTik CRS326-24G-2S+IN 24Gigabit Ethernet, 2 SFP+ (10013160/021124/5169968, ЛАТВИЯ)",raw.r1c_nomenclature_current,1,1
Номенклатура — current,Коммутатор MikroTik netPower 16P Всепогодный POE коммутатор на мачту (CRS318-16P-2S+OUT),raw.r1c_nomenclature_current,1,1
Номенклатура — current,"Коммутатор ТР-LINK TL-SF1005P 5x10/100Base-TX, Unmanaged",raw.r1c_nomenclature_current,1,1
Номенклатура — current,"Коммутатор для а/м ГАЗ 2410,Газель",raw.r1c_nomenclature_current,1,1
Номенклатура — current,Коммутатор сетевой 5 портовый,raw.r1c_nomenclature_current,1,1
Номенклатура — current,Коммутатор сетевой CS-105BV3-EU0101F,raw.r1c_nomenclature_current,1,1
Номенклатура — current,Компакт Инсектицид,raw.r1c_nomenclature_current,1,1
Номенклатура — current,Компактный ручной растариватель с пылезащитным рукавом OpenBigBag RMX D=180мм,raw.r1c_nomenclature_current,1,1
Номенклатура — current,Компенсатор Ф65х70/77 L=33,raw.r1c_nomenclature_current,1,1
Номенклатура — current,Компенсация затрат по заправке техники топливом,raw.r1c_nomenclature_current,1,1
Номенклатура — current,Комплекс работ по разработке и внедрению MVP системы видеоаналитики ,raw.r1c_nomenclature_current,1,1
Номенклатура — current,Комплексные удобрения,raw.r1c_nomenclature_current,1,1
Номенклатура — current,Комплексные удобрения ,raw.r1c_nomenclature_current,1,1
Номенклатура — current,Комплект ( тюбик30гр+лен15гр),raw.r1c_nomenclature_current,1,1
Номенклатура — current,Комплект AQUAFLAX NANO тюбик30гр+лен15гр,raw.r1c_nomenclature_current,1,1
Номенклатура — current,Комплект Фланец стальной плоский Ду 32 Ру16 Ст20 ГОСТ 12820-80,raw.r1c_nomenclature_current,1,1
Номенклатура — current,Комплект автоматики для воздухоохладителя,raw.r1c_nomenclature_current,1,1
Номенклатура — current,Комплект вкладышей Д240 Н2 корен,raw.r1c_nomenclature_current,1,1
Номенклатура — current,Комплект вкладышей Д240 Н2 шатун ,raw.r1c_nomenclature_current,1,1
Номенклатура — current,Комплект вкладышей Д240 Р2 корен,raw.r1c_nomenclature_current,1,1
Номенклатура — current,Комплект вкладышей Д240 Р2 шатун ,raw.r1c_nomenclature_current,1,1
Номенклатура — current,Комплект вкладышей Д245 Н2 корен 245-1005100-ЕН2,raw.r1c_nomenclature_current,1,1
Номенклатура — current,Комплект вкладышей Д245 Н2 шатун 245-1004140,raw.r1c_nomenclature_current,1,1
Номенклатура — current,"Комплект втулок, болтов и гаек реактивных тяг ВАЗ 2121,21213,2123 нива",raw.r1c_nomenclature_current,1,1
Номенклатура — current,Комплект греющий кабель в трубу 40м,raw.r1c_nomenclature_current,1,1
Номенклатура — current,Комплект греющий кабель в трубу 4м 10Вт/м,raw.r1c_nomenclature_current,1,1
Номенклатура — current,"Комплект датчика уровня топлива ""ЭСКОРТ-TD-BLE""L-1000",raw.r1c_nomenclature_current,1,1
Номенклатура — current,Комплект для подключения универсальный FinePower WDS0121,raw.r1c_nomenclature_current,1,1
Номенклатура — current,Комплект для сдваивания колес 700а.47.04.000 СБ,raw.r1c_nomenclature_current,1,1
Номенклатура — current,Комплект для смесителя ,raw.r1c_nomenclature_current,1,1
Номенклатура — current,"Комплект для уборки (щетка, совок)",raw.r1c_nomenclature_current,1,1
Номенклатура — current,Комплект для установки (ГУР) на лада нива,raw.r1c_nomenclature_current,1,1
Номенклатура — current,"Комплект журналов по пожарной безопасности КЖБ 2 , А4, 10 шт Attache ",raw.r1c_nomenclature_current,1,1
Номенклатура — current,"Комплект з/частей левого маятникого рычага для а/м ГАЗ2705,2217",raw.r1c_nomenclature_current,1,1
Номенклатура — current,"Комплект з/частей правого маятникого рычага для а/м ГАЗ2705,2217",raw.r1c_nomenclature_current,1,1
Номенклатура — current,Комплект з/частей скобы для а/м ГАЗ-3110,raw.r1c_nomenclature_current,1,1
Номенклатура — current,Комплект заделок КТУ Теплолюкс,raw.r1c_nomenclature_current,1,1
Номенклатура — current,Комплект заправочный petroll cosmic 60 для дизельного топлива,raw.r1c_nomenclature_current,1,1
Номенклатура — current,"Комплект клапанов CK-S 500101150 для насоса высокого давления TOR BM 12 18, 15.20, 15.25 6 шт",raw.r1c_nomenclature_current,1,1
Номенклатура — current,Комплект крепежа д/умыв.8*100 КУ-2 РИФ,raw.r1c_nomenclature_current,1,1
Номенклатура — current,Комплект крепления для трактора МТЗ,raw.r1c_nomenclature_current,1,1
Номенклатура — current,"Комплект монтажный независимой вентеляции для двигателей 71 габарита DIN,питание 230VAC",raw.r1c_nomenclature_current,1,1
Номенклатура — current,Комплект монтажный независимой вентеляции для двигателей габарита DIN,raw.r1c_nomenclature_current,1,1
Номенклатура — current,Комплект монтажных материалов,raw.r1c_nomenclature_current,1,1
Номенклатура — current,Комплект на кун. Джойстик управления МТЗ под НШ-32,raw.r1c_nomenclature_current,1,1
Номенклатура — current,"Комплект накидных ключей 75град, 6-32мм, 11шт Hans 16011M",raw.r1c_nomenclature_current,1,1
Номенклатура — current,"Комплект оборудования ""Микроклимат-2М"" для активной вентиляции",raw.r1c_nomenclature_current,1,1
Номенклатура — current,Комплект патрубков,raw.r1c_nomenclature_current,1,1
Номенклатура — current,Комплект пд. 98-1-й (200.49261) ,raw.r1c_nomenclature_current,1,1
Номенклатура — current,Комплект передачи мощности 28Г 744Р-46.82.000,raw.r1c_nomenclature_current,1,1
Номенклатура — current,Комплект переходного соединения рег.давления VRF2X=5 Y=53.66 G1/2-G3/8,raw.r1c_nomenclature_current,1,1
Номенклатура — current,Комплект планок для полосовой пвх завесы 300мм (5шт) (заклепка 35 шт) Домовой Прошка ,raw.r1c_nomenclature_current,1,1
Номенклатура — current,"Комплект постельного белья 1,5",raw.r1c_nomenclature_current,1,1
Номенклатура — current,Комплект предохранителей цветных,raw.r1c_nomenclature_current,1,1
Номенклатура — current,Комплект прокладок КПП ГАЗ-53.,raw.r1c_nomenclature_current,1,1
Номенклатура — current,Комплект прокладок двигателя ГАЗ-53,raw.r1c_nomenclature_current,1,1
Номенклатура — current,Комплект прокладок двигателя Д-240 (паронит),raw.r1c_nomenclature_current,1,1
Номенклатура — current,Комплект прокладок двигателя Д-240 (№3605) 33поз.,raw.r1c_nomenclature_current,1,1
Номенклатура — current,Комплект прокладок двигателя Д-243/245 с ГБЦ полный  (паронит),raw.r1c_nomenclature_current,1,1
Номенклатура — current,Комплект прокладок двигателя Д-260 (малый),raw.r1c_nomenclature_current,1,1
Номенклатура — current,Комплект промежуточного подвеса CS 1500+PS1500 ESS4-14ВК,raw.r1c_nomenclature_current,1,1
Номенклатура — current,Комплект промежуточной подвески ES 54-14 P(25-120кв.мм),raw.r1c_nomenclature_current,1,1
Номенклатура — current,Комплект расходных материалов для монтажа холодильного агрегата,raw.r1c_nomenclature_current,1,1
Номенклатура — current,"Комплект расходных материалов для монтажа холодильной камеры 12,0*6,0*4,75",raw.r1c_nomenclature_current,1,1
Номенклатура — current,"Комплект расходных материалов для монтажа холодильной камеры 24,0*12,0*5,6",raw.r1c_nomenclature_current,1,1
Номенклатура — current,"Комплект расходных материалов для обустройства системы вентиляции в камере 12,0*6,0*4,75",raw.r1c_nomenclature_current,1,1
Номенклатура — current,Комплект светодиодных линеек 48Вт,raw.r1c_nomenclature_current,1,1
Номенклатура — current,Комплект сменных узлов к автоматической сеткозашивочн.машине R-2 ,raw.r1c_nomenclature_current,1,1
Номенклатура — current,Комплект сцепления (260мм) LIK 626303200,raw.r1c_nomenclature_current,1,1
Номенклатура — current,Комплект термоусадок д/кабеля,raw.r1c_nomenclature_current,1,1
Номенклатура — current,Комплект термоусадок д/саморегул. кабеля и погруж. насосов 004410,raw.r1c_nomenclature_current,1,1
Номенклатура — current,Комплект узких колес  на тракторы John Deere 6195M,raw.r1c_nomenclature_current,1,1
Номенклатура — current,Комплект уплотнений,raw.r1c_nomenclature_current,1,1
Номенклатура — current,Комплект холодильной автоматики для СТЕ 502Е,raw.r1c_nomenclature_current,2,2
Номенклатура — current,Комплект шестерен МТЗ переднего моста в сборе,raw.r1c_nomenclature_current,1,1
Номенклатура — current,Комплект щеток,raw.r1c_nomenclature_current,1,1
Номенклатура — current,"Комплект/Хомут сантехнический со шпилькой 10x100 и дюбелем д/труб 4"" (108-116мм) гайка М10",raw.r1c_nomenclature_current,1,1
Номенклатура — current,Комплектующие,raw.r1c_nomenclature_current,1,1
Номенклатура — current,Комплектующие для цеха по переработке,raw.r1c_nomenclature_current,1,1
Номенклатура — current,"Компленкт защитных ограждений кабины Л82-8410010 МТЗ-80/82/1221 УК(ограждение боковое правое, отраже",raw.r1c_nomenclature_current,1,1
Номенклатура — current,Компленкт монтажный тормозных колодок Citroen.Fiat Peugeot 06,raw.r1c_nomenclature_current,1,1
Номенклатура — current,Компленкт прокладок А-41,raw.r1c_nomenclature_current,1,1
Номенклатура — current,Компленкт прокладок КПП МТЗ,raw.r1c_nomenclature_current,1,1
Номенклатура — current,Компленкт прокладок двигателя ,raw.r1c_nomenclature_current,1,1
Номенклатура — current,Компрессометр прижимной ,raw.r1c_nomenclature_current,1,1
Номенклатура — current,Компрессор 130-3509009-1 в сборе,raw.r1c_nomenclature_current,1,1
Номенклатура — current,Компрессор 32838600,raw.r1c_nomenclature_current,1,1
Номенклатура — current,Компрессор 32944300,raw.r1c_nomenclature_current,1,1
Номенклатура — current,"Компрессор 50л,8бар",raw.r1c_nomenclature_current,1,1
Номенклатура — current,Компрессор 8481.3509010,raw.r1c_nomenclature_current,1,1
Номенклатура — current,Компрессор ECO AE-1005-2,raw.r1c_nomenclature_current,1,1
Номенклатура — current,Компрессор VCF/110,raw.r1c_nomenclature_current,1,1
Номенклатура — current,Компрессор VladOx AP-138 (4 канала),raw.r1c_nomenclature_current,1,1
Номенклатура — current,"Компрессор ДС 320/50 СМ 2,5 320л/мин",raw.r1c_nomenclature_current,1,1
Номенклатура — current,Компрессор КМРR-200,raw.r1c_nomenclature_current,1,1
Номенклатура — current,"Компрессор МТЗ дв Д240,245 (1 цилиндровый) возд.охлажд 144 л/мин",raw.r1c_nomenclature_current,1,1
Номенклатура — current,Компрессор МТЗ-1221 Д-260 коллектора,raw.r1c_nomenclature_current,1,1
Номенклатура — current,Компрессор ПАЗ дв.3М3-523 (1-цилиндровый) возд.охлаж. без шкива,raw.r1c_nomenclature_current,1,1
Номенклатура — current,Компрессор СБ 4/Ф-500 LB 75,raw.r1c_nomenclature_current,1,1
Номенклатура — current,Компрессор автомобильный ,raw.r1c_nomenclature_current,1,1
Номенклатура — current,Компрессор автомобильный 10Атм 30л/м 110Вт 10А в кейсе,raw.r1c_nomenclature_current,1,1
Номенклатура — current,Компрессор двухцилиндровый 85 г/мин с манометром AV-010888,raw.r1c_nomenclature_current,1,1
Номенклатура — current,Компрессор для кондиционера 5Н14 А2 24V,raw.r1c_nomenclature_current,1,1
Номенклатура — current,Компрессор масляный поршневой QUATTRO ELEMENTI DV-400-100 771-718,raw.r1c_nomenclature_current,1,1
Номенклатура — current,Компрессорно-конденс.агрегат МГА на базе компрессора BITZER марки 4НЕ-25 Y40 квт приТо=5 гр.С То=5 г,raw.r1c_nomenclature_current,1,1
Номенклатура — current,Компрессорно-конденсаторный агрегат на базе компрессора Frascolod Италия марки АКР Q733Y в сборе,raw.r1c_nomenclature_current,1,1
Номенклатура — current,Компрессорно-конденсаторный агрегат на базе компрессора Frascolod Италия марки АКР Z35106Y в сборе,raw.r1c_nomenclature_current,1,1
Номенклатура — current,Компьютер  DEXP Atlas H409 Core i5-12400 ,raw.r1c_nomenclature_current,1,1
Номенклатура — current,Компьютерная и бытовая техника,raw.r1c_nomenclature_current,1,1
Номенклатура — current,Компьютерная техника,raw.r1c_nomenclature_current,1,1
Номенклатура — current,Комфибой Инсектицид,raw.r1c_nomenclature_current,1,1
Номенклатура — current,Комфорт Инсектицид,raw.r1c_nomenclature_current,1,1
Номенклатура — current,Конвейер загрузочный Р-200/25,raw.r1c_nomenclature_current,1,1
Номенклатура — current,Конвейер загрузочный Р-260/60,raw.r1c_nomenclature_current,1,1
Номенклатура — current,Конвейер загрузочный Р-300/25,raw.r1c_nomenclature_current,1,1
Номенклатура — current,Конвейер загрузочный Р-320/60,raw.r1c_nomenclature_current,1,1
Номенклатура — current,Конвейер загрузочный Р-450/50,raw.r1c_nomenclature_current,1,1
Номенклатура — current,"Конвейер загрузочный Р-500/70 (защитный тент,тормоз)",raw.r1c_nomenclature_current,1,1
Номенклатура — current,Конвейер наклонный  Р-340/50 (регулировка скорости),raw.r1c_nomenclature_current,1,1
Номенклатура — current,Конвейер наклонный  Р-430/50 (регулировка скорости),raw.r1c_nomenclature_current,1,1
Номенклатура — current,"Конвейер наклонный  Р-520/50 (регулировка скорости тент,поворотные колеса)",raw.r1c_nomenclature_current,1,1
Номенклатура — current,Конвейер наклонный  Р-550/50 (регулировка скорости тент),raw.r1c_nomenclature_current,1,1
Номенклатура — current,Конвейерная лента,raw.r1c_nomenclature_current,1,1
Номенклатура — current,Конвектор  thermor 1500м,raw.r1c_nomenclature_current,1,1
Номенклатура — current,Конвектор BALLU 2000,raw.r1c_nomenclature_current,1,1
Номенклатура — current,Конвектор BALLU ENZO BEC/EZMR-1000,raw.r1c_nomenclature_current,1,1
Номенклатура — current,Конвектор BALLU ENZO BEC/EZMR-1500,raw.r1c_nomenclature_current,1,1
Номенклатура — current,Конвектор THERMEX  HUGGE 1000 Вт,raw.r1c_nomenclature_current,1,1
Номенклатура — current,Конвектор THERMEX Spot 2000M,raw.r1c_nomenclature_current,1,1
Номенклатура — current,Конвектор электрический,raw.r1c_nomenclature_current,1,1
Номенклатура — current,Конвектор электрический Aceline CH-2000YNC белый,raw.r1c_nomenclature_current,1,1
Номенклатура — current,Конвектор электрический серия Stark LHP-M2000,raw.r1c_nomenclature_current,1,1
Номенклатура — current,Конверт 110*220,raw.r1c_nomenclature_current,1,1
Номенклатура — current,Конверт 162*229,raw.r1c_nomenclature_current,1,1
Номенклатура — current,Конверт 229*324,raw.r1c_nomenclature_current,1,1
Номенклатура — current,Конвертер-Преобразователь интерфейсов Espada (USB/RS-485),raw.r1c_nomenclature_current,1,1
Номенклатура — current,Кондиционер LENOR,raw.r1c_nomenclature_current,1,1
Номенклатура — current,Кондиционер мобильный tcl tac-07cpa/rm mz ,raw.r1c_nomenclature_current,1,1
Номенклатура — current,Кондиционер мобильный tcl tac-09 белый пульт ДУ,raw.r1c_nomenclature_current,1,1
Номенклатура — current,Конечный присоединительный элемент без болта тип 0180/82 40,raw.r1c_nomenclature_current,1,1
Номенклатура — current,Конич.роликоподшипник 30205,raw.r1c_nomenclature_current,1,1
Номенклатура — current,Коническая форсунка оранжевая,raw.r1c_nomenclature_current,1,1
Номенклатура — current,Конкорд Инсектицид,raw.r1c_nomenclature_current,1,1
Номенклатура — current,Конкур Инсектицид,raw.r1c_nomenclature_current,1,1
Номенклатура — current,Коннектор 8Р8С UTP 5е(RJ-45),raw.r1c_nomenclature_current,1,1
Номенклатура — current,Коннектор пластиковый 3/8-10мм,raw.r1c_nomenclature_current,1,1
Номенклатура — current,Коннектор с автостопом  3/4* 18214-29.000.00 Gardena,raw.r1c_nomenclature_current,1,1
Номенклатура — current,Консервы в жестяных банках,raw.r1c_nomenclature_current,1,1
Номенклатура — current,Консоль К4 (430/2 шт.) L-500 ,raw.r1c_nomenclature_current,1,1
Номенклатура — current,Консул Инсектицид,raw.r1c_nomenclature_current,1,1
Номенклатура — current,Консультационные и сопроводительные услуги в области подтверждения соответствия,raw.r1c_nomenclature_current,1,1
Номенклатура — current,Консультационные услуги,raw.r1c_nomenclature_current,1,1
Номенклатура — current,"Консультационные, бухгалтерские, IT, юридические услуги",raw.r1c_nomenclature_current,1,1
Номенклатура — current,Контадор Инсектицид,raw.r1c_nomenclature_current,1,1
Номенклатура — current,Контакт MIKRO TIMER 05-1.0,raw.r1c_nomenclature_current,1,1
Номенклатура — current,"Контактное кольцо ротора,генератор",raw.r1c_nomenclature_current,1,1
Номенклатура — current,Контактный выключатель CONTACTEUR FEUX,raw.r1c_nomenclature_current,1,1
Номенклатура — current,Контактор 32А 230В/АСЗ ,raw.r1c_nomenclature_current,1,1
Номенклатура — current,Контактор NC1-0901 9А кат. 24В AC 1НЗ AC-3 (R),raw.r1c_nomenclature_current,1,1
Номенклатура — current,Контактор NC1-2501 25А 24В/АС3 1НЗ 50Гц (R),raw.r1c_nomenclature_current,1,1
Номенклатура — current,Контактор ИЭК КМИ-11210 12А 220В/АС3 1НО,raw.r1c_nomenclature_current,1,1
Номенклатура — current,Контактор ИЭК КМИ-11210 12А 400В/АС3 1НО,raw.r1c_nomenclature_current,1,1
Номенклатура — current,Контактор ИЭК КМИ-46512 65А 230В/АСЗ  ККМ41-035-230-11,raw.r1c_nomenclature_current,1,1
Номенклатура — current,Контактор КМ-103 12А 220В АСЗ 1НО+1НЗ,raw.r1c_nomenclature_current,1,1
