category,original_name,source_tables,distinct_ids,source_rows
Номенклатура — расширенная,Оказание IT услуг,raw.r1c_nomenclature,1,1
Номенклатура — расширенная,Оказание внешних услуг_Комбанирование,raw.r1c_nomenclature,1,1
Номенклатура — расширенная,Оказание внешних услуг_Чистка снега,raw.r1c_nomenclature,1,1
Номенклатура — расширенная,Оказание услуг по чистке канализационной трубы,raw.r1c_nomenclature,1,1
Номенклатура — расширенная,Оказание услуг средствами механизации фронтальный погрузчик,raw.r1c_nomenclature,1,1
Номенклатура — расширенная,Оказание услуг средствами механизации- крана-манипулятора КАМАЗ,raw.r1c_nomenclature,1,1
Номенклатура — расширенная,Опашка полей,raw.r1c_nomenclature,1,1
Номенклатура — расширенная,Оператор комбайна ARCO-2,raw.r1c_nomenclature,1,1
Номенклатура — расширенная,Оплот Инсектицид,raw.r1c_nomenclature,1,1
Номенклатура — расширенная,Оплот Трио Инсектицид,raw.r1c_nomenclature,1,1
Номенклатура — расширенная,Опора двигателя левая,raw.r1c_nomenclature,1,1
Номенклатура — расширенная,Опора пластиковая 20,raw.r1c_nomenclature,1,1
Номенклатура — расширенная,Опора пластиковая 40(50),raw.r1c_nomenclature,1,1
Номенклатура — расширенная,"Опорная рама для калибровки (ПАБ12, Лесные Дали)",raw.r1c_nomenclature,1,1
Номенклатура — расширенная,Оправка поршневых колец 53-175 мм Н=75мм АВТОДЕЛО,raw.r1c_nomenclature,1,1
Номенклатура — расширенная,Опрокидыватель контейнеров WS-1612,raw.r1c_nomenclature,1,1
Номенклатура — расширенная,Опрыскивание,raw.r1c_nomenclature,1,1
Номенклатура — расширенная,Опрыскивание (почасовая),raw.r1c_nomenclature,1,1
Номенклатура — расширенная,Оптимо Инсектицид,raw.r1c_nomenclature,1,1
Номенклатура — расширенная,Оргамика С Инсектицид,raw.r1c_nomenclature,1,1
Номенклатура — расширенная,Организация выдача сертификата (Рутокен-Лайт) ,raw.r1c_nomenclature,1,1
Номенклатура — расширенная,Органические удобрения,raw.r1c_nomenclature,1,1
Номенклатура — расширенная,"Ордан, СП Фунгицид ",raw.r1c_nomenclature,1,1
Номенклатура — расширенная,Ориус 5 Инсектицид,raw.r1c_nomenclature,1,1
Номенклатура — расширенная,Ориус 6 Инсектицид,raw.r1c_nomenclature,1,1
Номенклатура — расширенная,Осирис Инсектицид,raw.r1c_nomenclature,1,1
Номенклатура — расширенная,Ось МТЗ-1221/1523 качания ВЗТЗЧ 1222-3000012,raw.r1c_nomenclature,1,1
Номенклатура — расширенная,Отбор и полный клубневой анализ картофеля,raw.r1c_nomenclature,1,1
Номенклатура — расширенная,Отвертка-индикатор 75 мм 6875-17150 с прищепкой Ресанта ,raw.r1c_nomenclature,1,1
Номенклатура — расширенная,Отвод ПНД,raw.r1c_nomenclature,1,1
Номенклатура — расширенная,Отвод ПНД 25,raw.r1c_nomenclature,1,1
Номенклатура — расширенная,Отвод ПНД 32,raw.r1c_nomenclature,1,1
Номенклатура — расширенная,Отвод ПП 50*45,raw.r1c_nomenclature,1,1
Номенклатура — расширенная,Отвод ПП 50*67гр,raw.r1c_nomenclature,1,1
Номенклатура — расширенная,Отвод бесшовный стальной 108*4,raw.r1c_nomenclature,1,1
Номенклатура — расширенная,Отходы производства,raw.r1c_nomenclature,1,1
Номенклатура — расширенная,Очистители,raw.r1c_nomenclature,1,1
Номенклатура — расширенная,Очиститель топливной системы,raw.r1c_nomenclature,1,1
Номенклатура — расширенная,Очистка земельных участков от кустарников методом мульчирования,raw.r1c_nomenclature,1,1
Номенклатура — расширенная,Очистка снега,raw.r1c_nomenclature,1,1
Номенклатура — расширенная,"Очистка,обустройство и уборка территории ",raw.r1c_nomenclature,1,1
Номенклатура — расширенная,Очистки для дальнейшей переработки,raw.r1c_nomenclature,1,1
Номенклатура — расширенная,Очистки картофеля (отходы),raw.r1c_nomenclature,1,1
Номенклатура — расширенная,Очистки картофеля для переработки,raw.r1c_nomenclature,1,1
Номенклатура — расширенная,Очистки моркови (отходы),raw.r1c_nomenclature,1,1
Номенклатура — расширенная,Пакет крафт с круч.ручкой 350*150*450 70г/м2 KPК035 с изображением,raw.r1c_nomenclature,1,1
Номенклатура — расширенная,Пакет крафт с прямоугольным дном 180*120*290 50г/м KPD118,raw.r1c_nomenclature,1,1
Номенклатура — расширенная,Пакет крафт с прямоугольным дном 250*353 50 шт / упак5782,raw.r1c_nomenclature,1,1
Номенклатура — расширенная,Пакет крафт с прямоугольным дном 80*50*170  KPD008,raw.r1c_nomenclature,1,1
Номенклатура — расширенная,Пакет с вырубной ручкой 31х40 ламинация,raw.r1c_nomenclature,1,1
Номенклатура — расширенная,Пакеты,raw.r1c_nomenclature,1,1
Номенклатура — расширенная,Палета 1200*1000 б/у,raw.r1c_nomenclature,1,1
Номенклатура — расширенная,Палец МТЗ ВЗТЗЧ  А61.10.002,raw.r1c_nomenclature,1,1
Номенклатура — расширенная,Палец МТЗ рычага ленты ВОМ (с резьбой) САЗ 50-4202078,raw.r1c_nomenclature,1,1
Номенклатура — расширенная,Палец пружинный ПБ 16.01.607,raw.r1c_nomenclature,1,1
Номенклатура — расширенная,Паллетоукладчик РМ 800-6,raw.r1c_nomenclature,1,1
Номенклатура — расширенная,Пар 2021,raw.r1c_nomenclature,1,1
Номенклатура — расширенная,Пар 2022,raw.r1c_nomenclature,1,1
Номенклатура — расширенная,Пар 2022_товар,raw.r1c_nomenclature,1,1
Номенклатура — расширенная,Пар 2023,raw.r1c_nomenclature,1,1
Номенклатура — расширенная,Пар 2023_товар,raw.r1c_nomenclature,1,1
Номенклатура — расширенная,Пар 2024_товар,raw.r1c_nomenclature,1,1
Номенклатура — расширенная,Пар 2025,raw.r1c_nomenclature,1,1
Номенклатура — расширенная,Пар 2026,raw.r1c_nomenclature,1,1
Номенклатура — расширенная,Пар под картофель 2022,raw.r1c_nomenclature,1,1
Номенклатура — расширенная,Пар под картофель 2024_товар (промежуточная),raw.r1c_nomenclature,1,1
Номенклатура — расширенная,Пар с октября 2021,raw.r1c_nomenclature,1,1
Номенклатура — расширенная,Паронит ПМБ 1мм 100*170,raw.r1c_nomenclature,1,1
Номенклатура — расширенная,Пастеризованная,raw.r1c_nomenclature,1,1
Номенклатура — расширенная,Пастеризованный,raw.r1c_nomenclature,2,2
Номенклатура — расширенная,Патрубок верхний,raw.r1c_nomenclature,1,1
Номенклатура — расширенная,Патрубок радиатора нижний КАМАЗ силикон,raw.r1c_nomenclature,1,1
Номенклатура — расширенная,"Пеннкоцеб, СП",raw.r1c_nomenclature,1,1
Номенклатура — расширенная,Пенный агент ARAG,raw.r1c_nomenclature,1,1
Номенклатура — расширенная,Пеон Инсектицид,raw.r1c_nomenclature,1,1
Номенклатура — расширенная,Первичное сырье ГалаРС1 Белый_стандарт,raw.r1c_nomenclature,1,1
Номенклатура — расширенная,Первичное сырье ГалаРС3 Белый_некалиброванный,raw.r1c_nomenclature,1,1
Номенклатура — расширенная,Первичное сырье ГалаРС3 Белый_стандарт,raw.r1c_nomenclature,1,1
Номенклатура — расширенная,Первичное сырье КарменРС2 Красный_некалиброванный,raw.r1c_nomenclature,1,1
Номенклатура — расширенная,Первичное сырье КарменРС2 Красный_стандарт,raw.r1c_nomenclature,1,1
Номенклатура — расширенная,Первичное сырье из хранилища,raw.r1c_nomenclature,1,1
Номенклатура — расширенная,Первичное сырье покупное,raw.r1c_nomenclature,1,1
Номенклатура — расширенная,Первичное сырье покупное _Морковь,raw.r1c_nomenclature,1,1
Номенклатура — расширенная,Первичное сырье покупное Белый_первый сорт,raw.r1c_nomenclature,1,1
Номенклатура — расширенная,Первичное сырье покупное Египет Белый_НКЛ_1 сорт,raw.r1c_nomenclature,1,1
Номенклатура — расширенная,Первичное сырье покупное Кармен Красный_НКЛ_1 сорт,raw.r1c_nomenclature,1,1
Номенклатура — расширенная,Первичное сырье покупное Краснодар Белый_НКЛ_1 сорт,raw.r1c_nomenclature,1,1
Номенклатура — расширенная,Первичное сырье покупное Прайм Белый_НКЛ_2 сорт,raw.r1c_nomenclature,1,1
Номенклатура — расширенная,Первичное сырье покупное Прайм Белый_НКЛ_нестандарт,raw.r1c_nomenclature,1,1
Номенклатура — расширенная,Первичное сырье. Закладка с поля,raw.r1c_nomenclature,1,1
Номенклатура — расширенная,Первичное сырьё из хранилища.Гала.Мелкий,raw.r1c_nomenclature,1,1
Номенклатура — расширенная,Перевозка,raw.r1c_nomenclature,1,1
Номенклатура — расширенная,Перевозка Audi A4,raw.r1c_nomenclature,1,1
Номенклатура — расширенная,Перевозка CHERY TIGGO4,raw.r1c_nomenclature,1,1
Номенклатура — расширенная,Перевозка Chevrolet Cruze,raw.r1c_nomenclature,1,1
Номенклатура — расширенная,Перевозка Ford Focus,raw.r1c_nomenclature,1,1
Номенклатура — расширенная,Перевозка LADA VESTA,raw.r1c_nomenclature,1,1
Номенклатура — расширенная,Перевозка Mercedes GL,raw.r1c_nomenclature,1,1
Номенклатура — расширенная,Перевозка Nissan Note,raw.r1c_nomenclature,1,1
Номенклатура — расширенная,Перевозка RENAULT DUSTER,raw.r1c_nomenclature,1,1
Номенклатура — расширенная,Перевозка RENAULT LOGAN STEPWAY,raw.r1c_nomenclature,1,1
Номенклатура — расширенная,Перевозка SKODA FABIA,raw.r1c_nomenclature,1,1
Номенклатура — расширенная,Перевозка VW Jetta,raw.r1c_nomenclature,1,1
Номенклатура — расширенная,Перевозка VW Touareg,raw.r1c_nomenclature,1,1
Номенклатура — расширенная,Перевозка Нива,raw.r1c_nomenclature,1,1
Номенклатура — расширенная,Перевозка Нива (Lada 4х4),raw.r1c_nomenclature,1,1
Номенклатура — расширенная,Перевозка ПАЗ 32053,raw.r1c_nomenclature,1,1
Номенклатура — расширенная,Перевозка ПАЗ 32054-07,raw.r1c_nomenclature,1,1
Номенклатура — расширенная,Перевозка сотрудников ,raw.r1c_nomenclature,1,1
Номенклатура — расширенная,Перевозка химии,raw.r1c_nomenclature,1,1
Номенклатура — расширенная,Перевозка чеснока,raw.r1c_nomenclature,1,1
Номенклатура — расширенная,Перевозки AF-3720AA (Ford Transit),raw.r1c_nomenclature,1,1
Номенклатура — расширенная,Перегон,raw.r1c_nomenclature,1,1
Номенклатура — расширенная,"Переключатель клавиша ВАЗ-2105,2106,2121 освещения АВТОАРМАТУРА П147-04.29",raw.r1c_nomenclature,1,1
Номенклатура — расширенная,"Переменная арендная плата (электроснабжение, водоснабжение,теплоснабжение, водоотведение)",raw.r1c_nomenclature,1,1
Номенклатура — расширенная,"Переходник МТЗ-1221,Д-260 на турбокомпрессор ММЗ",raw.r1c_nomenclature,1,1
Номенклатура — расширенная,Переходник для компрессора М 1/4быстросъемный штуцер наружная резьба JTC-Д20РМА,raw.r1c_nomenclature,1,1
Номенклатура — расширенная,Переходник лат,raw.r1c_nomenclature,1,1
Номенклатура — расширенная,"Переходник с 6""на 4""(папа)",raw.r1c_nomenclature,1,1
Номенклатура — расширенная,Петля дверцы сеткозашивочной машины В2,raw.r1c_nomenclature,1,1
Номенклатура — расширенная,Петля промышленная для R2,raw.r1c_nomenclature,1,1
Номенклатура — расширенная,"Печатная форма ""Лесные дали""",raw.r1c_nomenclature,1,1
Номенклатура — расширенная,Печать на бумаге,raw.r1c_nomenclature,1,1
Номенклатура — расширенная,"Пилот, ВСК Гербицид ",raw.r1c_nomenclature,1,1
Номенклатура — расширенная,Пионер Инсектицид,raw.r1c_nomenclature,1,1
Номенклатура — расширенная,Пистолет (EU) ECOLINE+копье 80см+форсунка,raw.r1c_nomenclature,1,1
Номенклатура — расширенная,Пистолет заправочный Petroll,raw.r1c_nomenclature,1,1
Номенклатура — расширенная,Пистолет насадка для мойки,raw.r1c_nomenclature,1,1
Номенклатура — расширенная,Планка ЯМЗ-240 (240Б-3701790-Б),raw.r1c_nomenclature,1,1
Номенклатура — расширенная,Плановое ТО,raw.r1c_nomenclature,1,1
Номенклатура — расширенная,Пластиковая тара,raw.r1c_nomenclature,1,1
Номенклатура — расширенная,Пластина выравнивания,raw.r1c_nomenclature,1,1
Номенклатура — расширенная,Пластина зажимная 300мм ,raw.r1c_nomenclature,1,1
Номенклатура — расширенная,Пластина прижимная ,raw.r1c_nomenclature,1,1
Номенклатура — расширенная,Пластина регулировочная,raw.r1c_nomenclature,1,1
Номенклатура — расширенная,Пленка п/э стрейч 2 кг,raw.r1c_nomenclature,1,1
Номенклатура — расширенная,Пленка полиэтиленовая 200мх 3м,raw.r1c_nomenclature,1,1
Номенклатура — расширенная,Пленка ра/ре,raw.r1c_nomenclature,1,1
Номенклатура — расширенная,Пленка ра/ре 100мкм 568мм,raw.r1c_nomenclature,1,1
Номенклатура — расширенная,Пленка ра/ре 200мкм 422мм,raw.r1c_nomenclature,1,1
Номенклатура — расширенная,Пленка ра/ре 200мкм 590мм,raw.r1c_nomenclature,1,1
Номенклатура — расширенная,Пленка ра/ре 65мкм 400мм,raw.r1c_nomenclature,1,1
Номенклатура — расширенная,Пленка стрейч 500х23 мм (бизнес),raw.r1c_nomenclature,1,1
Номенклатура — расширенная,Пленка стрейч 500х23 мм (премиум),raw.r1c_nomenclature,1,1
Номенклатура — расширенная,Пленка стрейч вторичная машинная 15кг,raw.r1c_nomenclature,1,1
Номенклатура — расширенная,Пленка_TM-PLY T9210 F 420 300 250 I3C P,raw.r1c_nomenclature,1,1
Номенклатура — расширенная,Пленка_TM-PLY T9235 F 398 600 090 I3C P,raw.r1c_nomenclature,1,1
Номенклатура — расширенная,"Пломба пластиковая номерная, одноразовая",raw.r1c_nomenclature,1,1
Номенклатура — расширенная,"Площадка для обслуживания (ПАБ15, Лесные Дали)",raw.r1c_nomenclature,1,1
Номенклатура — расширенная,"Площадка для обслуживания (ПАБ23-01, Лесные Дали)",raw.r1c_nomenclature,1,1
Номенклатура — расширенная,"Площадка для обслуживания (ПАБ23-02, Лесные Дали)",raw.r1c_nomenclature,1,1
Номенклатура — расширенная,"Пневматический ударный гайковерт 1/2""7000 об/мин,1200 Нм 55372 Ombra OMP11212",raw.r1c_nomenclature,1,1
Номенклатура — расширенная,Поворотный стол ТО-120,raw.r1c_nomenclature,1,1
Номенклатура — расширенная,Погрузка,raw.r1c_nomenclature,1,1
Номенклатура — расширенная,Погрузка-разгрузка,raw.r1c_nomenclature,1,1
Номенклатура — расширенная,Погрузочно-разгрузочные работы,raw.r1c_nomenclature,1,1
Номенклатура — расширенная,"Погрузчик Камера 8,25*15",raw.r1c_nomenclature,1,1
Номенклатура — расширенная,Подводка Ш-Г 100см,raw.r1c_nomenclature,1,1
Номенклатура — расширенная,Подводка Ш-Г 50см,raw.r1c_nomenclature,1,1
Номенклатура — расширенная,Поддон 1200*800 б/у типовой 1500кг 2 сорт,raw.r1c_nomenclature,1,1
Номенклатура — расширенная,Поддон б/у 1200*800-2 (евростандарт),raw.r1c_nomenclature,1,1
Номенклатура — расширенная,Поддон деревянный 1200*1000 б/у,raw.r1c_nomenclature,1,1
Номенклатура — расширенная,Поддон деревянный б/у,raw.r1c_nomenclature,1,1
Номенклатура — расширенная,Поддон пластиковый 1260х600х60,raw.r1c_nomenclature,1,1
Номенклатура — расширенная,Поддон1200*1200 б/у,raw.r1c_nomenclature,1,1
Номенклатура — расширенная,Поддон1200*800 б/у типовой 1000кг 2 сорт,raw.r1c_nomenclature,1,1
Номенклатура — расширенная,Поддоны,raw.r1c_nomenclature,1,1
Номенклатура — расширенная,Подкапывание,raw.r1c_nomenclature,1,1
Номенклатура — расширенная,Подкрылки передние Partner,raw.r1c_nomenclature,1,1
Номенклатура — расширенная,Подставка под СИБ11 ПБ-29,raw.r1c_nomenclature,1,1
Номенклатура — расширенная,Подставка под СИБ6 ПБ-28,raw.r1c_nomenclature,1,1
Номенклатура — расширенная,Подставка под огнетушитель ППО 1 П10 МИГ Метинтергрупп ,raw.r1c_nomenclature,1,1
Номенклатура — расширенная,Подставка под улей неокрашенная,raw.r1c_nomenclature,1,1
Номенклатура — расширенная,"Подставка под улей увеличенная ""стоп муравей""",raw.r1c_nomenclature,1,1
Номенклатура — расширенная,Подставка стакан для ручек,raw.r1c_nomenclature,1,1
Номенклатура — расширенная,Подстолье под мойку 50*50,raw.r1c_nomenclature,1,1
Номенклатура — расширенная,Подшипник  выжимной,raw.r1c_nomenclature,1,1
Номенклатура — расширенная,Подшипник 1508,raw.r1c_nomenclature,1,1
Номенклатура — расширенная,Подшипник 1726203 2RS PFI,raw.r1c_nomenclature,1,1
Номенклатура — расширенная,Подшипник 180212,raw.r1c_nomenclature,1,1
Номенклатура — расширенная,Подшипник 180304,raw.r1c_nomenclature,1,1
Номенклатура — расширенная,Подшипник 204,raw.r1c_nomenclature,1,1
Номенклатура — расширенная,Подшипник 22309,raw.r1c_nomenclature,1,1
Номенклатура — расширенная,Подшипник 22313 E/VA405 SKF,raw.r1c_nomenclature,1,1
Номенклатура — расширенная,Подшипник 309 (6309),raw.r1c_nomenclature,1,1
Номенклатура — расширенная,Подшипник 3514 Н (22214 W33),raw.r1c_nomenclature,1,1
Номенклатура — расширенная,Подшипник 3524 Н,raw.r1c_nomenclature,1,1
Номенклатура — расширенная,Подшипник 3609 Н (22309 W33) ГПЗ,raw.r1c_nomenclature,1,1
Номенклатура — расширенная,Подшипник 407 (6407),raw.r1c_nomenclature,1,1
Номенклатура — расширенная,Подшипник 42210 КМ (NJ 210),raw.r1c_nomenclature,1,1
Номенклатура — расширенная,Подшипник 480204 (UC 204),raw.r1c_nomenclature,1,1
Номенклатура — расширенная,Подшипник 480205 (UC 205),raw.r1c_nomenclature,1,1
Номенклатура — расширенная,Подшипник 480206 (UC 206),raw.r1c_nomenclature,1,1
Номенклатура — расширенная,Подшипник 480208 (UC 208),raw.r1c_nomenclature,1,1
Номенклатура — расширенная,Подшипник 6-180206С-17 ГПЗ-34,raw.r1c_nomenclature,1,1
Номенклатура — расширенная,Подшипник 6-2007109 А (32009) ГПЗ/СПЗ-4,raw.r1c_nomenclature,1,1
Номенклатура — расширенная,Подшипник 6-27307 А (31307),raw.r1c_nomenclature,1,1
Номенклатура — расширенная,Подшипник 6-7212 А (30212) ГПЗ/СПЗ-4,raw.r1c_nomenclature,1,1
Номенклатура — расширенная,Подшипник 6-7507 А (32207) ГПЗ/СПЗ-4,raw.r1c_nomenclature,1,1
Номенклатура — расширенная,Подшипник 6-7508 А (32208) ГПЗ,raw.r1c_nomenclature,1,1
Номенклатура — расширенная,Подшипник 6-7509 А (32209) ГПЗ,raw.r1c_nomenclature,1,1
Номенклатура — расширенная,Подшипник 6-7610 А (32310) ГПЗ,raw.r1c_nomenclature,1,1
Номенклатура — расширенная,Подшипник 6015 (6-115 А) ГПЗ/СПЗ-4,raw.r1c_nomenclature,1,1
Номенклатура — расширенная,Подшипник 6200-2RS ART ,raw.r1c_nomenclature,1,1
Номенклатура — расширенная,Подшипник 6202-C-2HRS,raw.r1c_nomenclature,1,1
Номенклатура — расширенная,Подшипник 6203 2RS (6-180203 АС17) ГПЗ,raw.r1c_nomenclature,1,1
Номенклатура — расширенная,Подшипник 6203 2RS(6-180203 АС17) ГПЗ,raw.r1c_nomenclature,1,1
Номенклатура — расширенная,Подшипник 6203-C-2HRS,raw.r1c_nomenclature,1,1
Номенклатура — расширенная,Подшипник 6204 2RS SKF,raw.r1c_nomenclature,1,1
Номенклатура — расширенная,Подшипник 6204 2RS(6-180204 АС17) ГПЗ,raw.r1c_nomenclature,1,1
Номенклатура — расширенная,Подшипник 6204 ZZ (6-80204 АС17) ГПЗ/СПЗ-4,raw.r1c_nomenclature,1,1
Номенклатура — расширенная,"Подшипник 6204-2RS/C3, 62042RS/C3ZWZ",raw.r1c_nomenclature,1,1
Номенклатура — расширенная,Подшипник 6205 (6-205 А) ГПЗ,raw.r1c_nomenclature,1,1
Номенклатура — расширенная,Подшипник 6205 2RS (6-180205 АС17) ГПЗ,raw.r1c_nomenclature,1,1
Номенклатура — расширенная,Подшипник 6205 2RS(6-180205 АС17) ГПЗ,raw.r1c_nomenclature,1,1
Номенклатура — расширенная,Подшипник 6206 (6-206 А) ГПЗ/ГПЗ-34,raw.r1c_nomenclature,1,1
Номенклатура — расширенная,Подшипник 6206 2RS (6-180206 АС17) ГПЗ,raw.r1c_nomenclature,1,1
Номенклатура — расширенная,Подшипник 6206-2Z SKF,raw.r1c_nomenclature,1,1
Номенклатура — расширенная,Подшипник 6207 (6-207) ГПЗ,raw.r1c_nomenclature,1,1
Номенклатура — расширенная,Подшипник 6207 2RS (6-180207 С17) ГПЗ,raw.r1c_nomenclature,1,1
Номенклатура — расширенная,Подшипник 6207 2RS(180207) ,raw.r1c_nomenclature,1,1
Номенклатура — расширенная,Подшипник 6208 (6-208 А) ГПЗ/СПЗ-4,raw.r1c_nomenclature,1,1
Номенклатура — расширенная,Подшипник 6208 2RS(180208) ,raw.r1c_nomenclature,1,1
Номенклатура — расширенная,Подшипник 6209 ZZ (80209),raw.r1c_nomenclature,1,1
Номенклатура — расширенная,Подшипник 6210 (210),raw.r1c_nomenclature,1,1
Номенклатура — расширенная,Подшипник 6210 2RS (6-180210 С17)  ГПЗ/СПЗ-4,raw.r1c_nomenclature,1,1
Номенклатура — расширенная,Подшипник 6210 2RS ГПЗ/СПЗ-4,raw.r1c_nomenclature,1,1
Номенклатура — расширенная,Подшипник 6211 (6-211 А) ГПЗ,raw.r1c_nomenclature,1,1
Номенклатура — расширенная,Подшипник 6212 (6-212 А) ГПЗ/КПК,raw.r1c_nomenclature,1,1
Номенклатура — расширенная,Подшипник 6217 (6-217 А) ГПЗ/СПЗ-4,raw.r1c_nomenclature,1,1
Номенклатура — расширенная,Подшипник 62206-2RS ,raw.r1c_nomenclature,1,1
Номенклатура — расширенная,Подшипник 6300 2RS 2NSE9,raw.r1c_nomenclature,1,1
Номенклатура — расширенная,Подшипник 6304-2RS ART,raw.r1c_nomenclature,1,1
Номенклатура — расширенная,Подшипник 6305 2RS (180305),raw.r1c_nomenclature,1,1
Номенклатура — расширенная,Подшипник 6306 2RS (6-180306 АС17)  ГПЗ/СПЗ-4,raw.r1c_nomenclature,1,1
Номенклатура — расширенная,Подшипник 6306 N (50306),raw.r1c_nomenclature,1,1
Номенклатура — расширенная,Подшипник 6307 (6-307 А) ГПЗ/СПЗ-4,raw.r1c_nomenclature,1,1
Номенклатура — расширенная,Подшипник 6308 2RS (6-180308 С17)  ГПЗ/СПЗ-4,raw.r1c_nomenclature,1,1
Номенклатура — расширенная,Подшипник 6309 (6-309 А) ГПЗ,raw.r1c_nomenclature,1,1
Номенклатура — расширенная,Подшипник 6310 Z (60310),raw.r1c_nomenclature,1,1
Номенклатура — расширенная,Подшипник 6311 (311),raw.r1c_nomenclature,1,1
Номенклатура — расширенная,Подшипник 6311 (6-311 А) ГПЗ/СПЗ-4,raw.r1c_nomenclature,1,1
Номенклатура — расширенная,Подшипник 6408 (6-408 А) ГПЗ/СПЗ-4,raw.r1c_nomenclature,1,1
Номенклатура — расширенная,Подшипник 6409 (6-409) ГПЗ,raw.r1c_nomenclature,1,1
Номенклатура — расширенная,Подшипник 7306 А (30306) ГПЗ,raw.r1c_nomenclature,1,1
Номенклатура — расширенная,Подшипник 7310 (30310),raw.r1c_nomenclature,1,1
Номенклатура — расширенная,Подшипник 7506 А (32206) ГПЗ/СПЗ-4,raw.r1c_nomenclature,1,1
Номенклатура — расширенная,Подшипник 7508 ролик радиал.конич 1-ряд ,raw.r1c_nomenclature,1,1
Номенклатура — расширенная,Подшипник 7514 А (32214) ГПЗ,raw.r1c_nomenclature,1,1
Номенклатура — расширенная,Подшипник 7524 А,raw.r1c_nomenclature,1,1
Номенклатура — расширенная,Подшипник 80203 SKF,raw.r1c_nomenclature,1,1
Номенклатура — расширенная,Подшипник 8110 (51110),raw.r1c_nomenclature,1,1
Номенклатура — расширенная,Подшипник 941/20,raw.r1c_nomenclature,1,1
Номенклатура — расширенная,Подшипник AEL205,raw.r1c_nomenclature,1,1
Номенклатура — расширенная,Подшипник LA5962,raw.r1c_nomenclature,1,1
Номенклатура — расширенная,Подшипник RHP-UC 208,raw.r1c_nomenclature,1,1
Номенклатура — расширенная,Подшипник RUM 007545,raw.r1c_nomenclature,1,1
Номенклатура — расширенная,Подшипник UC 206 (CFAFT),raw.r1c_nomenclature,1,1
Номенклатура — расширенная,Подшипник UC206 ,raw.r1c_nomenclature,1,1
Номенклатура — расширенная,Подшипник UCF 208 (480208),raw.r1c_nomenclature,1,1
Номенклатура — расширенная,Подшипник UCFC 205 AПП,raw.r1c_nomenclature,1,1
Номенклатура — расширенная,Подшипник UCFL 208 BBC-R,raw.r1c_nomenclature,1,1
Номенклатура — расширенная,Подшипник UCPА 206,raw.r1c_nomenclature,1,1
Номенклатура — расширенная,Подшипник UCPА 208 STC,raw.r1c_nomenclature,1,1
Номенклатура — расширенная,Подшипник UCPА 210,raw.r1c_nomenclature,1,1
Номенклатура — расширенная,Подшипник Y YET 205Д=25,raw.r1c_nomenclature,1,1
Номенклатура — расширенная,Подшипник YET205,raw.r1c_nomenclature,1,1
Номенклатура — расширенная,Подшипник YSA 209 2FK,raw.r1c_nomenclature,1,1
Номенклатура — расширенная,"Подшипник ГАЗ-66,3308,МТЗ-80,82,920 кулака поворотного ГПЗ 27307",raw.r1c_nomenclature,1,1
Номенклатура — расширенная,"Подшипник КПП ГАЗ-66,3310 вала вторичного; редуктора моста МАЗ-5440,6430 664910Е",raw.r1c_nomenclature,1,1
Номенклатура — расширенная,Подшипник КПП КАМАЗ делителя ВОЛЖСКИЙ СТАНДАРТ 664913 Е,raw.r1c_nomenclature,1,1
Номенклатура — расширенная,"Подшипник КР ВАЗ-2121 вала вторичного, КПП МАЗ 12507 (NF2207)",raw.r1c_nomenclature,1,1
Номенклатура — расширенная,Подшипник МАЗ  ШС-25,raw.r1c_nomenclature,1,1
Номенклатура — расширенная,Подшипник МТЗ сателлита ВОМ 3КК20х26х34Е,raw.r1c_nomenclature,1,1
Номенклатура — расширенная,Подшипник НСН 30204,raw.r1c_nomenclature,1,1
Номенклатура — расширенная,Подшипник НСН 30205,raw.r1c_nomenclature,1,1
Номенклатура — расширенная,Подшипник ШС-25 МАЗ,raw.r1c_nomenclature,1,1
Номенклатура — расширенная,Подшипник ШС-30 сил.цилиндр.,raw.r1c_nomenclature,1,1
Номенклатура — расширенная,Подшипник ШС-35 МАЗ разж.кулака 4370.256,raw.r1c_nomenclature,1,1
Номенклатура — расширенная,Подшипник ШС-50,raw.r1c_nomenclature,1,1
Номенклатура — расширенная,Подшипник ШСП 25 К (GE 25 ES),raw.r1c_nomenclature,1,1
Номенклатура — расширенная,Подшипник ШСП 30 К (GE 30 ES) ГПЗ/СПЗ-4,raw.r1c_nomenclature,1,1
Номенклатура — расширенная,Подшипник ШСП 40 К (GE 40 ES) ГПЗ/СПЗ-4,raw.r1c_nomenclature,1,1
Номенклатура — расширенная,Подшипник барабанного вала  КА-00019252,raw.r1c_nomenclature,1,1
Номенклатура — расширенная,"Подшипник заднего,среднего моста ВОЛЖСКИЙ СТАНДАРТ 7216-6А (30216) КАМАЗ,МТЗ-1221 ",raw.r1c_nomenclature,1,1
Номенклатура — расширенная,Подшипник корпусный 211UC,raw.r1c_nomenclature,1,1
Номенклатура — расширенная,"Подшипник насоса водяного КАМАЗ-65115,6522 МТЗ-1221,Д-260;дв.Д-245 маховика ГПЗ 1160305",raw.r1c_nomenclature,1,1
Номенклатура — расширенная,Подшипник подвесной  ГАЗ-3302; лебедки КАМАЗ ГПЗ,raw.r1c_nomenclature,1,1
Номенклатура — расширенная,Подшипник поддерживающий КСП (область бункер),raw.r1c_nomenclature,1,1
Номенклатура — расширенная,Подшипник привода R,raw.r1c_nomenclature,1,1
Номенклатура — расширенная,Подшипник редуктора пер.моста МТЗ-82,raw.r1c_nomenclature,1,1
Номенклатура — расширенная,Подшипник ролик радиал.конич.1 ряд 7508,raw.r1c_nomenclature,1,1
Номенклатура — расширенная,Подшипник ступицы КАМАЗ-4310 ГПЗ 7218-6А (30218),raw.r1c_nomenclature,1,1
Номенклатура — расширенная,"Подшипник ступицы МАЗ задней внутренний BPW 20т оси ,внутреннийГПЗ 7524",raw.r1c_nomenclature,1,1
Номенклатура — расширенная,Подшипник ступицы задней ГАЗ 3302,raw.r1c_nomenclature,1,1
Номенклатура — расширенная,Подшипник ступицы передней ,raw.r1c_nomenclature,1,1
Номенклатура — расширенная,Подшипник ступицы передней Citroen,raw.r1c_nomenclature,1,1
Номенклатура — расширенная,Подшипниковый узел UCF 206 BBC-R,raw.r1c_nomenclature,1,1
Номенклатура — расширенная,Подшипниковый узел UCFC 206 APP-GROUP,raw.r1c_nomenclature,1,1
Номенклатура — расширенная,Подшипниковый узел UCFL 205 ,raw.r1c_nomenclature,1,1
Номенклатура — расширенная,Подшипниковый узел UCFL 205 ART,raw.r1c_nomenclature,1,1
Номенклатура — расширенная,Подшипниковый узел UCP 205 NIS Y,raw.r1c_nomenclature,1,1
Номенклатура — расширенная,Подшипниковый узел UCP 205 АПП,raw.r1c_nomenclature,1,1
Номенклатура — расширенная,Подшипниковый узел UCPА 209 NIS ,raw.r1c_nomenclature,1,1
Номенклатура — расширенная,Подъёмная машина,raw.r1c_nomenclature,1,1
Номенклатура — расширенная,Подъёмная машина из нержавеющей стали,raw.r1c_nomenclature,1,1
Номенклатура — расширенная,Подъёмник для отходов,raw.r1c_nomenclature,1,1
Номенклатура — расширенная,Покрышка ИН-142Б Нижнекамск 14-ти слойная с камерой 260/508,raw.r1c_nomenclature,1,1
Номенклатура — расширенная,Поларис Инсектицид,raw.r1c_nomenclature,1,1
Номенклатура — расширенная,Полив овощей,raw.r1c_nomenclature,1,1
Номенклатура — расширенная,Полив_F118RRL0 GG,raw.r1c_nomenclature,1,1
Номенклатура — расширенная,"Полидон NP 15-51-0, Ж",raw.r1c_nomenclature,1,1
Номенклатура — расширенная,Полидон NPK 15-30-0,raw.r1c_nomenclature,1,1
Номенклатура — расширенная,"Полидон NPK 17-17-17, Ж",raw.r1c_nomenclature,1,1
Номенклатура — расширенная,Полидон NPK 18-18-9,raw.r1c_nomenclature,1,1
Номенклатура — расширенная,"Полидон NPK 5-20-40, Ж",raw.r1c_nomenclature,1,1
Номенклатура — расширенная,"Полидон Амино Старт, Ж",raw.r1c_nomenclature,1,1
Номенклатура — расширенная,"Полидон Бор (В15%, Мо-0,5%)",raw.r1c_nomenclature,1,1
Номенклатура — расширенная,Полидон Кафопол,raw.r1c_nomenclature,1,1
Номенклатура — расширенная,"Полиуретан листовой 10мм (500х500мм,-3,1 кг красный)",raw.r1c_nomenclature,1,1
Номенклатура — расширенная,"Полифем, Ж Фунгицид ",raw.r1c_nomenclature,1,1
Номенклатура — расширенная,"Полифем,Ж Смачиватель ",raw.r1c_nomenclature,1,1
Номенклатура — расширенная,Полотно КПК 0600002,raw.r1c_nomenclature,1,1
Номенклатура — расширенная,Полотно бесконечное 500х14300 (Кострома),raw.r1c_nomenclature,1,1
Номенклатура — расширенная,Полуось (037-03114),raw.r1c_nomenclature,1,1
Номенклатура — расширенная,Полуось МТЗ переднего моста ,raw.r1c_nomenclature,1,1
Номенклатура — расширенная,Поперечина МТЗ -1221 задней навески РУП МТЗ 1220-4605025,raw.r1c_nomenclature,1,1
Номенклатура — расширенная,Поплавковый выключатель FOX VVF H05.3м (пищевой),raw.r1c_nomenclature,1,1
Номенклатура — расширенная,Посев трав/овощей/сидератов,raw.r1c_nomenclature,1,1
Номенклатура — расширенная,Почтовые расходы,raw.r1c_nomenclature,1,1
Номенклатура — расширенная,"Право использования СКЗИ ""КриптоПро CSP""",raw.r1c_nomenclature,1,1
Номенклатура — расширенная,Право на использование програмного обеспечения,raw.r1c_nomenclature,1,1
Номенклатура — расширенная,"Право ограниченного пользования частями земельных участков, принадлежащих Правообладателю ",raw.r1c_nomenclature,1,1
Номенклатура — расширенная,Право пользования программными продуктами,raw.r1c_nomenclature,1,1
Номенклатура — расширенная,Праушина прямая 90*40,raw.r1c_nomenclature,1,1
Номенклатура — расширенная,Предоставление манипулятора,raw.r1c_nomenclature,1,1
Номенклатура — расширенная,Предохранитель 10А флажковый стандарт REXANT 80-7100,raw.r1c_nomenclature,1,1
Номенклатура — расширенная,Предохранитель 15А флажковый стандарт REXANT 80-7101,raw.r1c_nomenclature,1,1
Номенклатура — расширенная,Предохранитель 20А флажковый стандарт REXANT 80-7102,raw.r1c_nomenclature,1,1
Номенклатура — расширенная,Предохранитель 25А флажковый стандарт REXANT 80-7103,raw.r1c_nomenclature,1,1
Номенклатура — расширенная,Предохранитель 5-30А плоский 106 шт в боксе JTC-2023,raw.r1c_nomenclature,1,1
Номенклатура — расширенная,Предохранитель вставка плавкая 60.90АФ57.710.001,raw.r1c_nomenclature,1,1
Номенклатура — расширенная,Предохранитель ножевой (8шт в к-те),raw.r1c_nomenclature,1,1
Номенклатура — расширенная,Премис Двести Инсектицид,raw.r1c_nomenclature,1,1
Номенклатура — расширенная,Премиум овощи,raw.r1c_nomenclature,1,1
Номенклатура — расширенная,"Преобразователь напряжения  24в,12в 21375901",raw.r1c_nomenclature,1,1
Номенклатура — расширенная,"Преобразователь напряжения КВАНТ ПН 5,0В/4,5А",raw.r1c_nomenclature,1,1
Номенклатура — расширенная,"Препарат ""Уникал-Р"" (Метавайт)",raw.r1c_nomenclature,1,1
Номенклатура — расширенная,Препарат Липосам биоприлипатель ll группа,raw.r1c_nomenclature,1,1
Номенклатура — расширенная,Пресс-масленка ГМ10-П,raw.r1c_nomenclature,1,1
Номенклатура — расширенная,Приаксор Инсектицид,raw.r1c_nomenclature,1,1
Номенклатура — расширенная,Привент Инсектицид,raw.r1c_nomenclature,1,1
Номенклатура — расширенная,Привод вентелятора 2-х руч. ЯМЗ -238НБ 1308011-В3,raw.r1c_nomenclature,1,1
Номенклатура — расширенная,Привод вспомогательных агрегатов 240-1029326,raw.r1c_nomenclature,1,1
Номенклатура — расширенная,Приемник ЗТ-40А.52.12.000,raw.r1c_nomenclature,1,1
Номенклатура — расширенная,Призматическая шпонка,raw.r1c_nomenclature,1,1
Номенклатура — расширенная,Призматическая шпонка А 8х8х4 DIN6885,raw.r1c_nomenclature,1,1
Номенклатура — расширенная,Прикатывание,raw.r1c_nomenclature,1,1
Номенклатура — расширенная,Прилипатели ,raw.r1c_nomenclature,1,1
Номенклатура — расширенная,Примэкс Инсектицид,raw.r1c_nomenclature,1,1
Номенклатура — расширенная,"Пробка радиатора ЗИЛ-130,131,433360 ",raw.r1c_nomenclature,1,1
Номенклатура — расширенная,Пробка топливного бака МТЗ 082-113010,raw.r1c_nomenclature,1,1
Номенклатура — расширенная,Пробная копка,raw.r1c_nomenclature,1,1
Номенклатура — расширенная,"Пробойник для лайфлета,Корея",raw.r1c_nomenclature,1,1
Номенклатура — расширенная,Проведение комплексного технического обслуживания холодильного оборудования,raw.r1c_nomenclature,1,1
Номенклатура — расширенная,Проведение пусконаладочных работ,raw.r1c_nomenclature,1,1
Номенклатура — расширенная,"Провод высоковольтный ГАЗ-53,ЗИЛ-130 комплект TSN RAIDER",raw.r1c_nomenclature,1,1
Номенклатура — расширенная,Провода в/в 406,raw.r1c_nomenclature,1,1
Номенклатура — расширенная,Провода прикуривания ,raw.r1c_nomenclature,1,1
Номенклатура — расширенная,"Провода прикуривания Airline EXPERT SA-750-05E 750А, 5м, 12/24В",raw.r1c_nomenclature,1,1
Номенклатура — расширенная,Проволока,raw.r1c_nomenclature,1,1
Номенклатура — расширенная,"Проволока вязальная 1,2мм 200 м",raw.r1c_nomenclature,1,1
Номенклатура — расширенная,"Проволока сдвоенная 5х0,35мм",raw.r1c_nomenclature,1,1
Номенклатура — расширенная,"Прогноз, Инсектицид",raw.r1c_nomenclature,1,1
Номенклатура — расширенная,Прозаро Инсектицид,raw.r1c_nomenclature,1,1
Номенклатура — расширенная,Прозаро Квантум Инсектицид,raw.r1c_nomenclature,1,1
Номенклатура — расширенная,Прозрачная потолочина из вандурина для 10-ти рамочного улья (Панорама),raw.r1c_nomenclature,1,1
Номенклатура — расширенная,Производственные услуги,raw.r1c_nomenclature,1,1
Номенклатура — расширенная,Прокладка 201-1105552,raw.r1c_nomenclature,1,1
Номенклатура — расширенная,Прокладка 240-1002265,raw.r1c_nomenclature,1,1
Номенклатура — расширенная,Прокладка 701.10.00.019,raw.r1c_nomenclature,1,1
Номенклатура — расширенная,Прокладка EGR,raw.r1c_nomenclature,1,1
Номенклатура — расширенная,"Прокладка ГАЗ-3307,53 трубы приемной (кольцо толстое)",raw.r1c_nomenclature,1,1
Номенклатура — расширенная,Прокладка ГАЗ-53 картера масляного АВТОПРОКЛАДКА 13-1009070РП,raw.r1c_nomenclature,1,1
Номенклатура — расширенная,Прокладка Д-260 коллектора выпускного перфометалл КВАДРАТИС 260-1303026,raw.r1c_nomenclature,1,1
Номенклатура — расширенная,Прокладка ЯМЗ 240 клапанной крышки (раздельная) МБС зеленая АВТОРЕСУРС,raw.r1c_nomenclature,1,1
Номенклатура — расширенная,Прокладка ЯМЗ колпака фильтра масляного силикон СТРОЙМАШ ,raw.r1c_nomenclature,1,1
Номенклатура — расширенная,Прокладка ЯМЗ привода вентилятора РД236-1308108,raw.r1c_nomenclature,1,1
Номенклатура — расширенная,Прокладка водяного насоса Д-260 ,raw.r1c_nomenclature,1,1
Номенклатура — расширенная,Прокладка головки блока ЯМЗ-240 раздельная АВТОДИЗЕЛЬ 240-1003213,raw.r1c_nomenclature,1,1
Номенклатура — расширенная,Прокладка головки блока ЯМЗ-240 уплотнительная АВТОДИЗЕЛЬ 240-1003218,raw.r1c_nomenclature,1,1
Номенклатура — расширенная,"Прокладка двигателя ЗМЗ-511,513,5234 полный комплект Профессиональная серия",raw.r1c_nomenclature,1,1
Номенклатура — расширенная,Прокладка клапонной крышки ,raw.r1c_nomenclature,1,1
Номенклатура — расширенная,Прокладка клапонной крышки МТЗ Д245ЕЗ 245-1003109,raw.r1c_nomenclature,1,1
Номенклатура — расширенная,Прокладка клапонной крышки МТЗ80 (240-1003108)Д245ЕЗ,raw.r1c_nomenclature,1,1
Номенклатура — расширенная,Прокладка колпака масл.фильтра 201-1012083 (ЯМЗ-240),raw.r1c_nomenclature,1,1
Номенклатура — расширенная,Прокладка лапки Фишбейн 100,raw.r1c_nomenclature,1,1
Номенклатура — расширенная,Прокладка резиновая колбы профи,raw.r1c_nomenclature,1,1
Номенклатура — расширенная,Прокладка сливной пробки масленного поддона,raw.r1c_nomenclature,1,1
Номенклатура — расширенная,Пропи Плюс Инсектицид,raw.r1c_nomenclature,1,1
Номенклатура — расширенная,ПропиШанс Инсектицид,raw.r1c_nomenclature,1,1
Номенклатура — расширенная,Пропишанс Супер Инсектицид,raw.r1c_nomenclature,1,1
Номенклатура — расширенная,Пропульс Инсектицид,raw.r1c_nomenclature,1,1
Номенклатура — расширенная,Протект Форте Инсектицид,raw.r1c_nomenclature,1,1
Номенклатура — расширенная,Протравители,raw.r1c_nomenclature,1,1
Номенклатура — расширенная,Профессиональные бокорезы 180мм,raw.r1c_nomenclature,1,1
Номенклатура — расширенная,Профи Супер Инсектицид,raw.r1c_nomenclature,1,1
Номенклатура — расширенная,Профикс Инсектицид,raw.r1c_nomenclature,1,1
Номенклатура — расширенная,Прочие материалы для производства,raw.r1c_nomenclature,1,1
Номенклатура — расширенная,Прочие услуги,raw.r1c_nomenclature,1,1
Номенклатура — расширенная,Пружина МТЗ-82 промопоры БЗТДиА 72-2209021,raw.r1c_nomenclature,1,1
Номенклатура — расширенная,Пружина растяжения ,raw.r1c_nomenclature,1,1
Номенклатура — расширенная,"Пружина тэна  R-2, R-2 (старого образца,короткая)",raw.r1c_nomenclature,1,1
Номенклатура — расширенная,Пруток КПБ 0109611А-01,raw.r1c_nomenclature,1,1
Номенклатура — расширенная,Пруток КПК 0103608-01,raw.r1c_nomenclature,1,1
Номенклатура — расширенная,Псевдобактерин-2 Инсектицид,raw.r1c_nomenclature,1,1
Номенклатура — расширенная,Псевдобактерин-3 Инсектицид,raw.r1c_nomenclature,1,1
Номенклатура — расширенная,Псевдобактерин-9 Инсектицид,raw.r1c_nomenclature,1,1
Номенклатура — расширенная,Пульт управления ,raw.r1c_nomenclature,1,1
Номенклатура — расширенная,Пульт управления ПУ ЭВТ-И1 (9 кВт),raw.r1c_nomenclature,1,1
Номенклатура — расширенная,Пускатель магнитный КМИ 25А 220В с кнопками,raw.r1c_nomenclature,1,1
Номенклатура — расширенная,Пускатель магнитный КМИ 9А 220В с кнопками,raw.r1c_nomenclature,1,1
Номенклатура — расширенная,Пуш сало,raw.r1c_nomenclature,1,1
Номенклатура — расширенная,Пчелопакет четыре рамки,raw.r1c_nomenclature,1,1
Номенклатура — расширенная,Пыльник пальца суппорта 2108,raw.r1c_nomenclature,1,1
Номенклатура — расширенная,Пыльник рулевой рейки,raw.r1c_nomenclature,1,1
Номенклатура — расширенная,Пыльник шрус внутренний,raw.r1c_nomenclature,1,1
Номенклатура — расширенная,Р/К суппорта 3302,raw.r1c_nomenclature,1,1
Номенклатура — расширенная,РВД 2SN BSP 3/4 BSP 3/4(90) 1.6/19,raw.r1c_nomenclature,1,1
Номенклатура — расширенная,РВД Шланг 24(1850),raw.r1c_nomenclature,1,1
Номенклатура — расширенная,РВД шланг 32 (1850),raw.r1c_nomenclature,1,1
Номенклатура — расширенная,РВД шланг 32-1650,raw.r1c_nomenclature,1,1
Номенклатура — расширенная,РОЛ. ЦЕПЬ-Е-DIN-5/8Х3/8-57-1-2,raw.r1c_nomenclature,1,1
Номенклатура — расширенная,РОЛИК 200.50894 ,raw.r1c_nomenclature,1,1
Номенклатура — расширенная,РОЛИК Д.100 ,raw.r1c_nomenclature,1,1
Номенклатура — расширенная,Работа 790 GX 100 500,raw.r1c_nomenclature,1,1
Номенклатура — расширенная,Работа SY пикап,raw.r1c_nomenclature,1,1
Номенклатура — расширенная,Работа БДН-3.0М,raw.r1c_nomenclature,1,1
Номенклатура — расширенная,Работа ГАЗ Соболь ,raw.r1c_nomenclature,1,1
Номенклатура — расширенная,Работа Газели,raw.r1c_nomenclature,1,1
Номенклатура — расширенная,Работа Гребнеобразователя (культиватора) GF 75-4,raw.r1c_nomenclature,1,1
Номенклатура — расширенная,Работа УКВ-2-90 01,raw.r1c_nomenclature,1,1
Номенклатура — расширенная,Работа автомобиля ЗИЛ ММ3554 (б/у),raw.r1c_nomenclature,1,1
Номенклатура — расширенная,Работа автомобиля Пежо Боксер,raw.r1c_nomenclature,1,1
Номенклатура — расширенная,Работа бороны ZIRKON 7/300,raw.r1c_nomenclature,1,1
Номенклатура — расширенная,Работа бороны БДП-6,raw.r1c_nomenclature,1,1
Номенклатура — расширенная,"Работа бороны БДТ-2,5",raw.r1c_nomenclature,1,1
Номенклатура — расширенная,Работа бороны БДТ-7,raw.r1c_nomenclature,1,1
Номенклатура — расширенная,"Работа бороны БПМ-5 ""ЗУБР""",raw.r1c_nomenclature,1,1
Номенклатура — расширенная,Работа бороны СШГ-19-02,raw.r1c_nomenclature,1,1
Номенклатура — расширенная,Работа бороны-полольника Активатор (Expom 12 Shtrigel),raw.r1c_nomenclature,1,1
Номенклатура — расширенная,Работа ботвоудалителя (мульчировщика) KP 1700,raw.r1c_nomenclature,1,1
Номенклатура — расширенная,Работа ботвоудалителя (мульчировщика) RAFALE 4x90,raw.r1c_nomenclature,1,1
Номенклатура — расширенная,"Работа ботвоудалителя (мульчировщика) БТУ-1,4",raw.r1c_nomenclature,1,1
Номенклатура — расширенная,Работа бочки ЛКТ-11В,raw.r1c_nomenclature,1,1
Номенклатура — расширенная,Работа глубокорыхлителя (чизеля),raw.r1c_nomenclature,1,1
Номенклатура — расширенная,Работа глубокорыхлителя Kret 7B,raw.r1c_nomenclature,1,1
Номенклатура — расширенная,Работа грабель-ворошилок ГВР-6,raw.r1c_nomenclature,1,1
Номенклатура — расширенная,Работа грабель-ворошилок ГВР-630,raw.r1c_nomenclature,1,1
Номенклатура — расширенная,Работа дисков АДУ-6а,raw.r1c_nomenclature,1,1
Номенклатура — расширенная,Работа дождевальной машины 75/320 CICLO CYCRO,raw.r1c_nomenclature,1,1
Номенклатура — расширенная,Работа измельчителя (мульчировщика) FM-600,raw.r1c_nomenclature,1,1
Номенклатура — расширенная,Работа картофелесажалки GL 430,raw.r1c_nomenclature,1,1
Номенклатура — расширенная,Работа картофелесажалки GL 44-T,raw.r1c_nomenclature,1,1
Номенклатура — расширенная,Работа катка КВНП-10,raw.r1c_nomenclature,1,1
Номенклатура — расширенная,Работа катка ККЗ-6-02,raw.r1c_nomenclature,1,1
Номенклатура — расширенная,Работа комбайна ARCO-2,raw.r1c_nomenclature,1,1
Номенклатура — расширенная,Работа комбайна Dewuif Torro,raw.r1c_nomenclature,1,1
Номенклатура — расширенная,Работа комбайна Dewulf Enduro,raw.r1c_nomenclature,1,1
Номенклатура — расширенная,Работа комбайна GVR 1700,raw.r1c_nomenclature,1,1
Номенклатура — расширенная,Работа комбайна Grimme SE 260,raw.r1c_nomenclature,1,1
Номенклатура — расширенная,Работа комбайна Grimme SE-150-60,raw.r1c_nomenclature,1,1
Номенклатура — расширенная,Работа комбайна Grimme SE-170-60,raw.r1c_nomenclature,1,1
Номенклатура — расширенная,Работа комбайна КПБ-2,raw.r1c_nomenclature,1,1
Номенклатура — расширенная,Работа комбайна КПК-3,raw.r1c_nomenclature,1,1
Номенклатура — расширенная,Работа комбайна ПКК-2-02,raw.r1c_nomenclature,1,1
Номенклатура — расширенная,Работа косилки KDT 260S,raw.r1c_nomenclature,1,1
Номенклатура — расширенная,Работа косилки KDT 340,raw.r1c_nomenclature,1,1
Номенклатура — расширенная,"Работа косилки КИР-1,85",raw.r1c_nomenclature,1,1
Номенклатура — расширенная,"Работа косилки КРН-2,1",raw.r1c_nomenclature,1,1
Номенклатура — расширенная,Работа культиватора ИКСИОН 4х90,raw.r1c_nomenclature,1,1
Номенклатура — расширенная,"Работа культиватора КВФ-2,8",raw.r1c_nomenclature,1,1
Номенклатура — расширенная,Работа культиватора КГП 4*90,raw.r1c_nomenclature,1,1
Номенклатура — расширенная,"Работа культиватора КОН-2,8",raw.r1c_nomenclature,1,1
Номенклатура — расширенная,Работа культиватора КПМ-4,raw.r1c_nomenclature,1,1
Номенклатура — расширенная,Работа культиватора КПМ-8,raw.r1c_nomenclature,1,1
Номенклатура — расширенная,"Работа культиватора КСО-7,4",raw.r1c_nomenclature,1,1
Номенклатура — расширенная,Работа культиватора КЧН-4У,raw.r1c_nomenclature,1,1
Номенклатура — расширенная,Работа машины ЛКТ-11В,raw.r1c_nomenclature,1,1
Номенклатура — расширенная,Работа на  поливе,raw.r1c_nomenclature,1,1
Номенклатура — расширенная,Работа насосной станции F118RRL0 GG,raw.r1c_nomenclature,1,1
Номенклатура — расширенная,Работа обмотчика Z-577,raw.r1c_nomenclature,1,1
Номенклатура — расширенная,Работа опрыскивателя ОП-2000,raw.r1c_nomenclature,1,1
Номенклатура — расширенная,Работа опрыскивателя ТИТАН 3000-24,raw.r1c_nomenclature,1,1
Номенклатура — расширенная,Работа опрыскивателя навесного US 1205,raw.r1c_nomenclature,1,1
Номенклатура — расширенная,Работа плоскореза,raw.r1c_nomenclature,1,1
Номенклатура — расширенная,Работа плуга 1 LF-850,raw.r1c_nomenclature,1,1
Номенклатура — расширенная,Работа плуга FINIST ПЛН-4-35,raw.r1c_nomenclature,1,1
Номенклатура — расширенная,Работа плуга FINIST ПЛН-8-35,raw.r1c_nomenclature,1,1
Номенклатура — расширенная,Работа плуга ПЛН-3-35,raw.r1c_nomenclature,1,1
Номенклатура — расширенная,Работа плуга ПЛН-4-35 У,raw.r1c_nomenclature,1,1
Номенклатура — расширенная,Работа плуга ПЛН-5-35В,raw.r1c_nomenclature,1,1
Номенклатура — расширенная,Работа плуга ПЛН-8-35В,raw.r1c_nomenclature,1,1
Номенклатура — расширенная,Работа по скашиванию травы/сидератов,raw.r1c_nomenclature,1,1
Номенклатура — расширенная,Работа погрузчика TLH 3507-12,raw.r1c_nomenclature,1,1
Номенклатура — расширенная,Работа погрузчика ТП-10-1,raw.r1c_nomenclature,1,1
Номенклатура — расширенная,Работа пресс-подборщик PS 1210 Classic,raw.r1c_nomenclature,1,1
Номенклатура — расширенная,Работа пресс-подборщик ПРФ-145,raw.r1c_nomenclature,1,1
Номенклатура — расширенная,"Работа прицепа 2 ПТС-6,5",raw.r1c_nomenclature,1,1
Номенклатура — расширенная,"Работа прицепа 2ПТСЕ-4,5",raw.r1c_nomenclature,1,1
Номенклатура — расширенная,Работа прицепа ПТ-7,raw.r1c_nomenclature,1,1
Номенклатура — расширенная,"Работа прицепа ПУ-3,5",raw.r1c_nomenclature,1,1
Номенклатура — расширенная,Работа разбрасывателя RCW 5500,raw.r1c_nomenclature,1,1
Номенклатура — расширенная,Работа разбрасывателя RN 1000 BORYNA,raw.r1c_nomenclature,1,1
Номенклатура — расширенная,Работа разбрасывателя X50+ECONOV,raw.r1c_nomenclature,1,1
Номенклатура — расширенная,Работа разбрасывателя ZG 1200,raw.r1c_nomenclature,1,1
Номенклатура — расширенная,Работа растворно-смесительной машины ,raw.r1c_nomenclature,1,1
Номенклатура — расширенная,Работа сажалки GL-34 T,raw.r1c_nomenclature,1,1
Номенклатура — расширенная,Работа сажалки ЧСН-4УН,raw.r1c_nomenclature,1,1
Номенклатура — расширенная,Работа сеялки UD 2000,raw.r1c_nomenclature,1,1
Номенклатура — расширенная,Работа сеялки СК-4,raw.r1c_nomenclature,1,1
Номенклатура — расширенная,Работа сеялки СПУ-6Д,raw.r1c_nomenclature,1,1
Номенклатура — расширенная,Работа сеялки СТВ-8К,raw.r1c_nomenclature,1,1
Номенклатура — расширенная,Работа стрелкореза,raw.r1c_nomenclature,1,1
Номенклатура — расширенная,Работа трактора John Deere,raw.r1c_nomenclature,1,1
Номенклатура — расширенная,Работа трактора Lovol 2604,raw.r1c_nomenclature,1,1
Номенклатура — расширенная,Работа трактора Valtra T190,raw.r1c_nomenclature,1,1
Номенклатура — расширенная,Работа трактора ДТ 75,raw.r1c_nomenclature,1,1
Номенклатура — расширенная,Работа трактора К-701,raw.r1c_nomenclature,1,1
Номенклатура — расширенная,Работа трактора К-742М,raw.r1c_nomenclature,1,1
Номенклатура — расширенная,Работа трактора МТЗ 1221.2,raw.r1c_nomenclature,1,1
Номенклатура — расширенная,Работа трактора МТЗ 1221.3,raw.r1c_nomenclature,1,1
Номенклатура — расширенная,Работа трактора МТЗ 1523.3,raw.r1c_nomenclature,1,1
Номенклатура — расширенная,Работа трактора МТЗ 80,raw.r1c_nomenclature,1,1
Номенклатура — расширенная,Работа трактора МТЗ 82.1,raw.r1c_nomenclature,1,1
Номенклатура — расширенная,Работы,raw.r1c_nomenclature,1,1
Номенклатура — расширенная,Работы по изготовлению и монтажу дверных и оконных блоков,raw.r1c_nomenclature,1,1
Номенклатура — расширенная,Работы по краевым обработкам,raw.r1c_nomenclature,1,1
Номенклатура — расширенная,Рад.шарикоподшипник 6204-2RS-8,raw.r1c_nomenclature,1,1
Номенклатура — расширенная,Радиальный актуатор AGR2460,raw.r1c_nomenclature,1,1
Номенклатура — расширенная,Радиальный шарикоподшипник 6004-2RS,raw.r1c_nomenclature,1,1
Номенклатура — расширенная,Радиальный шарикоподшипник 6005-2RS,raw.r1c_nomenclature,1,1
Номенклатура — расширенная,Радиальный шарикоподшипник 6206-2RS,raw.r1c_nomenclature,1,1
Номенклатура — расширенная,Радиальный шарикоподшипник 6208-2RS,raw.r1c_nomenclature,1,1
Номенклатура — расширенная,"Радиальный шарикоподшипник, сепаратор из листовой стали, двусторонние контактные уплотнения",raw.r1c_nomenclature,1,1
Номенклатура — расширенная,"Радиальный шарикоподшипник, сепаратор из листовой стали, двусторонние контактные уплотнения F&D FUDA",raw.r1c_nomenclature,1,1
Номенклатура — расширенная,Радиатор ,raw.r1c_nomenclature,1,1
Номенклатура — расширенная,"Радиатор водяной 701.13.01.000 (К701.918.1569) 16,5л 204 трубкки латунь 2-х ряд. БМЗ",raw.r1c_nomenclature,1,1
Номенклатура — расширенная,Радиатор маслянный ACV0286430,raw.r1c_nomenclature,1,1
Номенклатура — расширенная,Радиатор отопителя МТЗ УК 80-8101900,raw.r1c_nomenclature,1,1
Номенклатура — расширенная,Радиатор трехрядный ПАЗ 3205-1301010-20,raw.r1c_nomenclature,1,1
Номенклатура — расширенная,"Радиостанция двусторонней связи UV-82 Baofeng, 8 Вт",raw.r1c_nomenclature,1,1
Номенклатура — расширенная,Радифарм,raw.r1c_nomenclature,1,1
Номенклатура — расширенная,Разбрасывание минеральных удобрений,raw.r1c_nomenclature,1,1
Номенклатура — расширенная,Развертка 50мм,raw.r1c_nomenclature,1,1
Номенклатура — расширенная,Разводной ключ с тонкими губками 200 мм Inforce 06-05-99,raw.r1c_nomenclature,1,1
Номенклатура — расширенная,"Разгонный вентилятор VRE-560(A1370-6D/1,1А/4оц2/сет/некр) ",raw.r1c_nomenclature,1,1
Номенклатура — расширенная,"Разгонный вентилятор VRE-560(A1370-6D/1,1А/4оц2/сет/некр) с ТЭН",raw.r1c_nomenclature,1,1
Номенклатура — расширенная,Разгрузочный лоток с калибровки РЛКБ3,raw.r1c_nomenclature,1,1
Номенклатура — расширенная,Разработка  концепции планировки и застройки участка,raw.r1c_nomenclature,1,1
Номенклатура — расширенная,"Разработка архитектурно-градостроительной концепции развития территории,проэктно-изыскательские рабо",raw.r1c_nomenclature,1,1
Номенклатура — расширенная,Разработка эмблемы и логотипа для футбольной команды ФК ПОЧИНКИ,raw.r1c_nomenclature,1,1
Номенклатура — расширенная,Разъем трактора с кабелем и переходником,raw.r1c_nomenclature,1,1
Номенклатура — расширенная,Разъем электрический прицепа ISO 1724 7-полосный МТЗ,raw.r1c_nomenclature,1,1
Номенклатура — расширенная,Разъемное соединение рапид (штуцер) елочка 10 мм с обжатым кольцом 10*15 мм 180162,raw.r1c_nomenclature,1,1
Номенклатура — расширенная,Разъемное соединение рапид (штуцер) елочка 8 мм с обжатым кольцом 8*13 мм блистер 180161 В,raw.r1c_nomenclature,1,1
Номенклатура — расширенная,Раксил Ультра Инсектицид,raw.r1c_nomenclature,1,1
Номенклатура — расширенная,Раксон Инсектицид,raw.r1c_nomenclature,1,1
Номенклатура — расширенная,Ракурс Инсектицид,raw.r1c_nomenclature,1,1
Номенклатура — расширенная,Рама 2500/1100 (100.1.5 2 анкера),raw.r1c_nomenclature,1,1
Номенклатура — расширенная,Рама 3500/1000 (100.1.5 2 анкера),raw.r1c_nomenclature,1,1
Номенклатура — расширенная,Рама П90 3500мм,raw.r1c_nomenclature,1,1
Номенклатура — расширенная,Рама б/у П100-2250мм ГТС,raw.r1c_nomenclature,1,1
Номенклатура — расширенная,Рамка  МТЗ-1221 радиатора,raw.r1c_nomenclature,1,1
Номенклатура — расширенная,Рамка Дадан НОВАЩЕННАЯ,raw.r1c_nomenclature,1,1
Номенклатура — расширенная,Рамка Магазин НОВАЩЕННАЯ,raw.r1c_nomenclature,1,1
Номенклатура — расширенная,Рамка магазинная для секционного меда 100*110*25,raw.r1c_nomenclature,1,1
Номенклатура — расширенная,Рамка секционная для сотового меда 67*115*37 (50шт),raw.r1c_nomenclature,1,1
Номенклатура — расширенная,Рамконос на 6 рамок с деревянными ручками,raw.r1c_nomenclature,1,1
Номенклатура — расширенная,Раназол Ультра Инсектицид,raw.r1c_nomenclature,1,1
Номенклатура — расширенная,Ранголи-Ципрос Инсектицид,raw.r1c_nomenclature,1,1
Номенклатура — расширенная,Ранкона АЙ-МИКС Инсектицид,raw.r1c_nomenclature,1,1
Номенклатура — расширенная,Ранкона Инсектицид,raw.r1c_nomenclature,1,1
Номенклатура — расширенная,Раскос 1522-4605060,raw.r1c_nomenclature,1,1
Номенклатура — расширенная,"Раскос МТЗ,ЮМЗ механический САЗ 50-4605012",raw.r1c_nomenclature,1,1
Номенклатура — расширенная,Раскос МТЗ-1221 устройства навесного 1220-4605610,raw.r1c_nomenclature,1,1
Номенклатура — расширенная,Раскос механический  МТЗ-1221 1220-4605012,raw.r1c_nomenclature,1,1
Номенклатура — расширенная,"Раскос навески вертикальный (левый,правый)",raw.r1c_nomenclature,1,1
Номенклатура — расширенная,Распорный штифт DIN1481-8х60,raw.r1c_nomenclature,1,1
Номенклатура — расширенная,Распределитель пневматический 24В с электрическим управлением 5/2 G1/8.620,raw.r1c_nomenclature,1,1
Номенклатура — расширенная,Распределитель с редуктором 700А.34.22.000-1 с сошкой,raw.r1c_nomenclature,1,1
Номенклатура — расширенная,Распылитель AirMx 110-04,raw.r1c_nomenclature,1,1
Номенклатура — расширенная,"Распыляющая форсунка,200.75914",raw.r1c_nomenclature,1,1
Номенклатура — расширенная,Расходный материал,raw.r1c_nomenclature,1,1
Номенклатура — расширенная,Рация TURBOSKY T8,raw.r1c_nomenclature,1,1
Номенклатура — расширенная,"Рация двусторонней связи UV-82 Baofeng, 8 Вт",raw.r1c_nomenclature,1,1
Номенклатура — расширенная,"Раёк, КЭ Фунгицид ",raw.r1c_nomenclature,1,1
Номенклатура — расширенная,Реактив на алюминий LCK 301,raw.r1c_nomenclature,1,1
Номенклатура — расширенная,Реактив на амиачный азот LCK 303,raw.r1c_nomenclature,1,1
Номенклатура — расширенная,Реактив на бор LCK 307,raw.r1c_nomenclature,1,1
Номенклатура — расширенная,Реактив на железо LCK 321,raw.r1c_nomenclature,1,1
Номенклатура — расширенная,Реактив на калий LCK 327,raw.r1c_nomenclature,1,1
Номенклатура — расширенная,Реактив на калий LCK 328,raw.r1c_nomenclature,1,1
Номенклатура — расширенная,Реактив на молибден LCK 330,raw.r1c_nomenclature,1,1
Номенклатура — расширенная,Реактив на нитратный азот LCK 339,raw.r1c_nomenclature,1,1
Номенклатура — расширенная,Реактив на нитратный азот LCK 340 высокой концентрации,raw.r1c_nomenclature,1,1
Номенклатура — расширенная,Реактив на фосфор LCK 049,raw.r1c_nomenclature,1,1
Номенклатура — расширенная,Реактивы,raw.r1c_nomenclature,1,1
Номенклатура — расширенная,"Ревус Топ, СК  Фунгицид ",raw.r1c_nomenclature,1,1
Номенклатура — расширенная,"Реглон Форте, ВР Гербицид ",raw.r1c_nomenclature,1,1
Номенклатура — расширенная,Регулятор давления с манометром 1/4*,raw.r1c_nomenclature,1,1
Номенклатура — расширенная,Регулятор разряжения,raw.r1c_nomenclature,1,1
Номенклатура — расширенная,Редиго Про Инсектицид,raw.r1c_nomenclature,1,1
Номенклатура — расширенная,Редис,raw.r1c_nomenclature,1,1
Номенклатура — расширенная,Редуктор TRC02-40.6-P80B5,raw.r1c_nomenclature,1,1
Номенклатура — расширенная,Редуктор КА37-12-14/9085,raw.r1c_nomenclature,1,1
Номенклатура — расширенная,Редуктор газовый РДСГ 1-1.2,raw.r1c_nomenclature,1,1
Номенклатура — расширенная,Редуктор для баллона,raw.r1c_nomenclature,1,1
Номенклатура — расширенная,Редуктор заднего МОМ,raw.r1c_nomenclature,1,1
Номенклатура — расширенная,Редут Инсектицид,raw.r1c_nomenclature,1,1
Номенклатура — расширенная,Резак ацетилен,raw.r1c_nomenclature,1,1
Номенклатура — расширенная,"Резак пропановый,разрез металла до 200мм ДОНМЕТ Р3",raw.r1c_nomenclature,1,1
Номенклатура — расширенная,Резец (зуб) мульчерный MS25G (приварной),raw.r1c_nomenclature,1,1
Номенклатура — расширенная,"Резина сырая (2мм) 200мм каландрованная, рулон-масса 500гр БХ3 2БК-11Р2",raw.r1c_nomenclature,1,1
Номенклатура — расширенная,Резина сырая (2мм) 270х180мм полоса БХ3 2БК-11П2,raw.r1c_nomenclature,1,1
Номенклатура — расширенная,"Резинка силиконовая под сварочную планку 730*21,5*3*11",raw.r1c_nomenclature,1,1
Номенклатура — расширенная,Резиновое покрытие 1000*500,raw.r1c_nomenclature,1,1
Номенклатура — расширенная,Резиновое покрытие 60*40,raw.r1c_nomenclature,1,1
Номенклатура — расширенная,Резиновое покрытие с ворсом 800*500,raw.r1c_nomenclature,1,1
Номенклатура — расширенная,Резиновый бич,raw.r1c_nomenclature,1,1
Номенклатура — расширенная,Резиновый нож,raw.r1c_nomenclature,1,1
Номенклатура — расширенная,Резонатор 3317,raw.r1c_nomenclature,1,1
Номенклатура — расширенная,Резьба стальная 32,raw.r1c_nomenclature,1,1
Номенклатура — расширенная,Резьбовой болт,raw.r1c_nomenclature,1,1
Номенклатура — расширенная,Рекрут Инсектицид,raw.r1c_nomenclature,1,1
Номенклатура — расширенная,Рекс Дуо Инсектицид,raw.r1c_nomenclature,1,1
Номенклатура — расширенная,Рекс Плюс Инсектицид,raw.r1c_nomenclature,1,1
Номенклатура — расширенная,Рекс С Инсектицид,raw.r1c_nomenclature,1,1
Номенклатура — расширенная,Реле 4-контактное н/о 98.3747-111 для блоков,raw.r1c_nomenclature,1,1
Номенклатура — расширенная,Реле давления Grundfos MDR5/5 R5,raw.r1c_nomenclature,1,1
Номенклатура — расширенная,"Реле поворота МТЗ-1221,1522,80,82,ЮМЗ 12V РЕЛКО ЭРП-1-РК",raw.r1c_nomenclature,1,1
Номенклатура — расширенная,"Реле поворота РС 401,24V",raw.r1c_nomenclature,1,1
Номенклатура — расширенная,"Реле поворота РС 950 П ЗИЛ 4331,5301",raw.r1c_nomenclature,1,1
Номенклатура — расширенная,Реле стартера 12В МТЗ,raw.r1c_nomenclature,1,1
Номенклатура — расширенная,Реле электромагнитное 12V 4-х контактное 30А замык. карман под кронтейн АВАР 75.3777-11,raw.r1c_nomenclature,1,1
Номенклатура — расширенная,Реле электромагнитное 24V 4-х контактное с ушком  АВАР 751.3777-10/9 П-190,raw.r1c_nomenclature,1,1
Номенклатура — расширенная,Ременный шкив,raw.r1c_nomenclature,1,1
Номенклатура — расширенная,Ремень  SPA/Е-1180 ,raw.r1c_nomenclature,1,1
Номенклатура — расширенная,Ремень (код товара 21650005),raw.r1c_nomenclature,1,1
Номенклатура — расширенная,"Ремень 1045*11*10(ГАЗ 53 вент,ЯМЗ-7511)",raw.r1c_nomenclature,1,1
Номенклатура — расширенная,Ремень 1050 А,raw.r1c_nomenclature,1,1
Номенклатура — расширенная,Ремень 10АО730С,raw.r1c_nomenclature,1,1
Номенклатура — расширенная,Ремень 14х13-1320,raw.r1c_nomenclature,1,1
Номенклатура — расширенная,"Ремень 1500 Ах11х10 ПАЗ,ЗИЛ генератора",raw.r1c_nomenclature,1,1
Номенклатура — расширенная,Ремень 1600*11*10(ГАЗ 66 ПАЗ ),raw.r1c_nomenclature,1,1
Номенклатура — расширенная,Ремень 1775*11*10(ГАЗ 66 ПАЗ ),raw.r1c_nomenclature,1,1
Номенклатура — расширенная,Ремень 1800  С(В),raw.r1c_nomenclature,1,1
Номенклатура — расширенная,Ремень 2000,raw.r1c_nomenclature,1,1
Номенклатура — расширенная,Ремень 214,raw.r1c_nomenclature,1,1
Номенклатура — расширенная,Ремень 3050 Б,raw.r1c_nomenclature,1,1
Номенклатура — расширенная,Ремень 45*22*2600,raw.r1c_nomenclature,1,1
Номенклатура — расширенная,Ремень 600,raw.r1c_nomenclature,1,1
Номенклатура — расширенная,Ремень В/Б-1650  (В/Е 1650),raw.r1c_nomenclature,1,1
Номенклатура — расширенная,Ремень В/Б-3000,raw.r1c_nomenclature,1,1
Номенклатура — расширенная,"Ремень МТЗ 80,100 BRT ASK 1250-11х10",raw.r1c_nomenclature,1,1
Номенклатура — расширенная,Ремень ХРА 1432,raw.r1c_nomenclature,1,1
Номенклатура — расширенная,Ремень ЯМЗ вентилятора BRT ASK 1180-11х10,raw.r1c_nomenclature,1,1
Номенклатура — расширенная,"Ремень ЯМЗ-240Б,8421, КАМАЗ-741,К-701 RUBENA 1320-14х13",raw.r1c_nomenclature,1,1
Номенклатура — расширенная,"Ремень ЯМЗ-240Б,8421,КАМАЗ-741,К-701 MEGAPOWER 1320-14x13",raw.r1c_nomenclature,1,1
Номенклатура — расширенная,Ремень генератора Н4М ARKANA,raw.r1c_nomenclature,1,1
Номенклатура — расширенная,Ремень зубчатый 14М 966 HTD 54мм,raw.r1c_nomenclature,1,1
Номенклатура — расширенная,Ремень клиновой  В/Б-1250,raw.r1c_nomenclature,1,1
Номенклатура — расширенная,Ремень клиновой AVX10X730,raw.r1c_nomenclature,1,1
Номенклатура — расширенная,Ремень клиновый 900*10 ,raw.r1c_nomenclature,1,1
Номенклатура — расширенная,Ремень клиновый SPA-1180 Lp (11*10-1180) PIX,raw.r1c_nomenclature,1,1
Номенклатура — расширенная,Ремень клиновый SPВ-1250 Lp  HIMPT,raw.r1c_nomenclature,1,1
Номенклатура — расширенная,Ремень клиновый SPВ-1250 Lp  PIX,raw.r1c_nomenclature,1,1
Номенклатура — расширенная,Ремень клиновый А-1120,raw.r1c_nomenclature,1,1
Номенклатура — расширенная,Ремень клиновый А-1700 Lp 1670Li,raw.r1c_nomenclature,1,1
Номенклатура — расширенная,Ремень клиновый ХPA-1250 Lp (11*10-1250) PIX зуб,raw.r1c_nomenclature,1,1
Номенклатура — расширенная,Ремень кондиционера МТЗ А-1700,raw.r1c_nomenclature,1,1
Номенклатура — расширенная,Ремень привода 6РК1683,raw.r1c_nomenclature,1,1
Номенклатура — расширенная,Ремень привода вентелятора КАМАЗ 1475LA*13 AVX Htvtym,raw.r1c_nomenclature,1,1
Номенклатура — расширенная,Ремень приводной МТЗ 50-52 Д-240  BRT ASK 1220-16х11,raw.r1c_nomenclature,1,1
Номенклатура — расширенная,Ремень приводной клиновой А-1160,raw.r1c_nomenclature,1,1
Номенклатура — расширенная,Ремень приводной клиновой А-1250,raw.r1c_nomenclature,1,1
Номенклатура — расширенная,Ремень приводной клиновой В-1250,raw.r1c_nomenclature,1,1
Номенклатура — расширенная,Ремень резиновый 13мм,raw.r1c_nomenclature,1,1
Номенклатура — расширенная,Ремкомплект  гидрораспределителя РП70-1221 МТЗ САЛЕО-ГОМЕЛЬ,raw.r1c_nomenclature,1,1
Номенклатура — расширенная,"Ремкомплект МТЗ-80,82,100,102 тормозов  70-350 РК",raw.r1c_nomenclature,1,1
Номенклатура — расширенная,Ремкомплект НШ-10,raw.r1c_nomenclature,1,1
Номенклатура — расширенная,Ремкомплект НШ-32,raw.r1c_nomenclature,1,1
Номенклатура — расширенная,Ремкомплект крана подпедального 100-3514109,raw.r1c_nomenclature,1,1
Номенклатура — расширенная,Ремкомплект крепежа,raw.r1c_nomenclature,1,1
Номенклатура — расширенная,Ремкомплект наконечника МТЗ -1221-3003010,raw.r1c_nomenclature,1,1
Номенклатура — расширенная,Ремкомплект силового цилиндра ЦС 125,raw.r1c_nomenclature,1,1
Номенклатура — расширенная,Ремкомплект топливного фильтра МАЗ 236-1117001,raw.r1c_nomenclature,1,1
Номенклатура — расширенная,Ремонтное соединение тип Елочка,raw.r1c_nomenclature,1,1
Номенклатура — расширенная,Ремонтные работы на базе,raw.r1c_nomenclature,1,1
Номенклатура — расширенная,Ремонтные работы на поле,raw.r1c_nomenclature,1,1
Номенклатура — расширенная,Ремонтные работы собственные,raw.r1c_nomenclature,1,1
Номенклатура — расширенная,Репеллент MOSQ.Ср.проф.защ.реп.аэр.150 мл.,raw.r1c_nomenclature,1,1
Номенклатура — расширенная,Решетка гравитационная,raw.r1c_nomenclature,1,1
Номенклатура — расширенная,Решетка инерционная встраиваемая наружняя АРИВ 500*500,raw.r1c_nomenclature,1,1
Номенклатура — расширенная,Решетка радиатора МТЗ-80-8401080,raw.r1c_nomenclature,1,1
Номенклатура — расширенная,Решетка разделительная ,raw.r1c_nomenclature,1,1
Номенклатура — расширенная,"Решетка разделительная пластиковая,тол(41,8х49см) для 10-рам улья",raw.r1c_nomenclature,1,1
Номенклатура — расширенная,Решетчатая выкладывающая ложечка,raw.r1c_nomenclature,1,1
Номенклатура — расширенная,Ридомил Голд МЦ.ВДГ,raw.r1c_nomenclature,1,1
Номенклатура — расширенная,Ридомил Голд Р.ВДГ,raw.r1c_nomenclature,1,1
Номенклатура — расширенная,Ризоплан Инсектицид,raw.r1c_nomenclature,1,1
Номенклатура — расширенная,Розы в ассортименте,raw.r1c_nomenclature,1,1
Номенклатура — расширенная,Рол цепь E-3/4Х1/2*-176-1 В95-06045,raw.r1c_nomenclature,1,1
Номенклатура — расширенная,Ролик 01-00001023,raw.r1c_nomenclature,1,1
Номенклатура — расширенная,Ролик 088.01370,raw.r1c_nomenclature,1,1
Номенклатура — расширенная,Ролик 3Ф 00.00.000,raw.r1c_nomenclature,1,1
Номенклатура — расширенная,Ролик 3Ф 00.00.000-01,raw.r1c_nomenclature,1,1
Номенклатура — расширенная,Ролик 95 ,raw.r1c_nomenclature,1,1
Номенклатура — расширенная,Ролик ЗТ-40 01.04.000 направляющий,raw.r1c_nomenclature,1,1
Номенклатура — расширенная,Ролик КА-00009848,raw.r1c_nomenclature,1,1
Номенклатура — расширенная,Ролик КПК 0102240,raw.r1c_nomenclature,1,1
Номенклатура — расширенная,Ролик КПК 0102240-01,raw.r1c_nomenclature,1,1
Номенклатура — расширенная,Ролик КПК 0102240-02,raw.r1c_nomenclature,1,1
Номенклатура — расширенная,Ролик КПК 0103240,raw.r1c_nomenclature,1,1
Номенклатура — расширенная,Ролик КПК 0118030,raw.r1c_nomenclature,1,1
Номенклатура — расширенная,Ролик ПВХ для инспекционного стола,raw.r1c_nomenclature,1,1
Номенклатура — расширенная,Ролик ППК 0103130,raw.r1c_nomenclature,1,1
Номенклатура — расширенная,Ролик ППК 0103150,raw.r1c_nomenclature,1,1
Номенклатура — расширенная,Ролик ППК0103130-03,raw.r1c_nomenclature,1,1
Номенклатура — расширенная,Ролик ППК0103140-03,raw.r1c_nomenclature,1,1
Номенклатура — расширенная,Ролик боковой двери верхний,raw.r1c_nomenclature,1,1
Номенклатура — расширенная,Ролик боковой двери нижний,raw.r1c_nomenclature,1,1
Номенклатура — расширенная,Ролик в сборе передний,raw.r1c_nomenclature,1,1
Номенклатура — расширенная,Ролик вытяжной обрезиненный R-2,raw.r1c_nomenclature,1,1
Номенклатура — расширенная,Ролик натяжной ВАЗ 2108/99 ВТ008,raw.r1c_nomenclature,1,1
Номенклатура — расширенная,"Ролик натяжной ремня ГРМ Н/О GATES ВАЗ-2105,2108 ",raw.r1c_nomenclature,1,1
Номенклатура — расширенная,Ролик опорный ROLKA BOCZNA PODPOROWA D90,raw.r1c_nomenclature,1,1
Номенклатура — расширенная,Ролик поворотный,raw.r1c_nomenclature,1,1
Номенклатура — расширенная,Ролик полотна СПР.00.030-01 (в сборе),raw.r1c_nomenclature,1,1
Номенклатура — расширенная,Ролик цепь E-DIN 5/8х3/8-108.1,raw.r1c_nomenclature,1,1
Номенклатура — расширенная,Ролик цепь E-DIN 5/8х3/8-39.1,raw.r1c_nomenclature,1,1
Номенклатура — расширенная,Ролики обводной,raw.r1c_nomenclature,1,1
Номенклатура — расширенная,Роликовая сортировка RS-312HZ1 (диапазон 20-120мм),raw.r1c_nomenclature,1,1
Номенклатура — расширенная,Ромбус Инсектицид,raw.r1c_nomenclature,1,1
Номенклатура — расширенная,"Ронилан, КС  ",raw.r1c_nomenclature,1,1
Номенклатура — расширенная,Рубин Инсектицид,raw.r1c_nomenclature,1,1
Номенклатура — расширенная,Рукав 9мм 3 класс ГОСТ 20атмас.кислородный,raw.r1c_nomenclature,1,1
Номенклатура — расширенная,Рукав высокого давления 2SN DN 10 P=330 PRM арт. PM-2SN10-BSC,raw.r1c_nomenclature,1,1
Номенклатура — расширенная,Рукав высокого давления 2SN DN 16 P=250 PRM арт. PM-2SN16-BSC,raw.r1c_nomenclature,1,1
Номенклатура — расширенная,Рукав высокого давления 2SN DN 16 P=250 VRS арт. VS-2SN16-STD,raw.r1c_nomenclature,1,1
Номенклатура — расширенная,Рукав высокого давления М16х1.5К=19(1010мм),raw.r1c_nomenclature,1,1
Номенклатура — расширенная,Рукав высокого давления М20х1.5К=24(1210мм),raw.r1c_nomenclature,1,1
Номенклатура — расширенная,Рукав высокого давления М20х1.5К=24(810мм),raw.r1c_nomenclature,1,1
Номенклатура — расширенная,Рукав для автоцистерны 50*64 мм TankOil 10бар 14350032,raw.r1c_nomenclature,1,1
Номенклатура — расширенная,Рукав для автоцистерны ф28*38 мм TankOil 10бар 14350018,raw.r1c_nomenclature,1,1
Номенклатура — расширенная,Рукав для автоцистерны ф42*53 мм TankOil 10бар 14350028,raw.r1c_nomenclature,1,1
Номенклатура — расширенная,"Рукав для автоцистерны ф63,5*75 мм TankOil 10бар 14350040",raw.r1c_nomenclature,1,1
Номенклатура — расширенная,Рукав напорный пожарный ГР-5-80 (D-80мм L-20м),raw.r1c_nomenclature,1,1
Номенклатура — расширенная,Рукав с нит. усил. 20х29мм (16 атм),raw.r1c_nomenclature,1,1
Номенклатура — расширенная,Рукав с нитяным усилением 100 113мм гост 10362-2017,raw.r1c_nomenclature,1,1
Номенклатура — расширенная,"Рукав ф 10*17,5 мм (14,7)",raw.r1c_nomenclature,1,1
Номенклатура — расширенная,"Рукав ф 8*15,5мм ",raw.r1c_nomenclature,1,1
Номенклатура — расширенная,Рулевой механизм  PM2000,raw.r1c_nomenclature,1,1
Номенклатура — расширенная,Рулевой механизм с сервисблком SAD PM2000/SHB (Гидроруль)К-744,raw.r1c_nomenclature,1,1
Номенклатура — расширенная,"Рулон шлифовальный на тканевой основе,водостойкий 775мм",raw.r1c_nomenclature,1,1
Номенклатура — расширенная,"Рулон шлифовальный на тканевой основе,водостойкий 800мм, 30м",raw.r1c_nomenclature,1,1
Номенклатура — расширенная,Ручка КПП,raw.r1c_nomenclature,1,1
Номенклатура — расширенная,Ручка для калитки круглая ,raw.r1c_nomenclature,1,1
Номенклатура — расширенная,Ручка задней двери 3302,raw.r1c_nomenclature,1,1
Номенклатура — расширенная,Ручка скоба,raw.r1c_nomenclature,1,1
Номенклатура — расширенная,Рым-Болт DIN 580,raw.r1c_nomenclature,1,1
Номенклатура — расширенная,Рым-болт М10х60,raw.r1c_nomenclature,1,1
Номенклатура — расширенная,Рым-гайка  DIN 582 М16 1шт-ярлык 105816,raw.r1c_nomenclature,1,1
Номенклатура — расширенная,Рычаг 700А 46.28.097,raw.r1c_nomenclature,1,1
Номенклатура — расширенная,Рычаг ИД 015.72256,raw.r1c_nomenclature,1,1
Номенклатура — расширенная,Рычаг КПК 0109240,raw.r1c_nomenclature,1,1
Номенклатура — расширенная,Рычаг навески левый верхний 37723000,raw.r1c_nomenclature,1,1
Номенклатура — расширенная,Рычаг навески правый верхний 37723100,raw.r1c_nomenclature,1,1
Номенклатура — расширенная,Рычаг натяжной МТЗ 1221-8114070,raw.r1c_nomenclature,1,1
Номенклатура — расширенная,Рычаг нижний левый,raw.r1c_nomenclature,1,1
Номенклатура — расширенная,Рычаг передн.верх  Л ASIMA ASI78928,raw.r1c_nomenclature,1,1
Номенклатура — расширенная,Рычаг подвески передний  правый в сборе,raw.r1c_nomenclature,1,1
Номенклатура — расширенная,"Рычаг регулировочный ПАЗ-3205,КРАЗ РТ-40.07/06",raw.r1c_nomenclature,1,1
Номенклатура — расширенная,Рычаг синхронизации с кронштейном в сборе ЭК-100.155,raw.r1c_nomenclature,1,1
Номенклатура — расширенная,Рычаг стеклоочистителя ВАЗ-2111 245мм крючок 3х8 двери задка Автоприбор 63.5205800,raw.r1c_nomenclature,1,1
Номенклатура — расширенная,Рычаг тормоза 700.23.00.020-1,raw.r1c_nomenclature,1,1
Номенклатура — расширенная,"С/Х прицепы 9,00х16 Камера н",raw.r1c_nomenclature,1,1
Номенклатура — расширенная,С/б задний  переднего рычага ,raw.r1c_nomenclature,1,1
Номенклатура — расширенная,С/х шина 11.2-20 Ф-35 нс8 Волтайр,raw.r1c_nomenclature,1,1
Номенклатура — расширенная,"С/х шина 11.5/80-15,3 ВКТ AS S04 8PR TL",raw.r1c_nomenclature,1,1
Номенклатура — расширенная,СБО 005 Корпус БДМ обслуживаемый,raw.r1c_nomenclature,1,1
Номенклатура — расширенная,СВ-148 Принтер-этикетировщик левосторонний СЕА55,raw.r1c_nomenclature,1,1
Номенклатура — расширенная,СВ-148 Принтер-этикетировщик правосторонний СЕА55,raw.r1c_nomenclature,1,1
Номенклатура — расширенная,СД ремня рзм40/шап32,raw.r1c_nomenclature,1,1
Номенклатура — расширенная,СДЭК,raw.r1c_nomenclature,1,1
Номенклатура — расширенная,СЗР,raw.r1c_nomenclature,1,1
Номенклатура — расширенная,СЗР и удобрения,raw.r1c_nomenclature,1,1
Номенклатура — расширенная,"СМАРТ S-2413 (ОЕМ комплект), GSM система мониторинга",raw.r1c_nomenclature,1,1
Номенклатура — расширенная,СОЕДИНИТЕЛЬ РЕМНЯ ШАГ40/ШАП32,raw.r1c_nomenclature,1,1
Номенклатура — расширенная,СТ 70 Р герметичный прокалывающий зажим,raw.r1c_nomenclature,1,1
Номенклатура — расширенная,СЫРЬЁ И МАТЕРИАЛЫ ДАВЛЬЧЕСКИЕ,raw.r1c_nomenclature,1,1
Номенклатура — расширенная,СЫРЬЕ И МАТЕРИАЛЫ ВЫРАЩИВАНИЕ,raw.r1c_nomenclature,1,1
Номенклатура — расширенная,СЫРЬЕ И МАТЕРИАЛЫ ПРОИЗВОДСТВО,raw.r1c_nomenclature,1,1
Номенклатура — расширенная,Сайлентблок для а/м Соболь верхний 2217-2904172,raw.r1c_nomenclature,1,1
Номенклатура — расширенная,Сайлентблок рычага подвески перед L/R CVT-3,raw.r1c_nomenclature,1,1
Номенклатура — расширенная,Сайлентблок рычага подвески перед низ,raw.r1c_nomenclature,1,1
Номенклатура — расширенная,Сальник  WZ 1900030,raw.r1c_nomenclature,1,1
Номенклатура — расширенная,Сальник  КН3632,raw.r1c_nomenclature,1,1
Номенклатура — расширенная,Сальник  КН4967,raw.r1c_nomenclature,1,1
Номенклатура — расширенная,Сальник (VKH1410),raw.r1c_nomenclature,1,1
Номенклатура — расширенная,Сальник (манжета армированная) 2-60*85*10,raw.r1c_nomenclature,1,1
Номенклатура — расширенная,Сальник 1.2-38*58*10 Viton CAVETTO 2.2-38*58-1,raw.r1c_nomenclature,1,1
Номенклатура — расширенная,Сальник 1.2-38*58*10 ГОСТ 8752-79 ЧРТИ,raw.r1c_nomenclature,1,1
Номенклатура — расширенная,Сальник 110*135,raw.r1c_nomenclature,1,1
Номенклатура — расширенная,"Сальник 2,2-75*100-10",raw.r1c_nomenclature,1,1
Номенклатура — расширенная,Сальник 2.2-38х58х10 Viton CAVETTO 2.2-38х58-1,raw.r1c_nomenclature,1,1
Номенклатура — расширенная,Сальник 35*62,raw.r1c_nomenclature,1,1
Номенклатура — расширенная,Сальник 40*60,raw.r1c_nomenclature,1,1
Номенклатура — расширенная,Сальник 45*65-25 Уплотнение RWDR-Combi,raw.r1c_nomenclature,1,1
Номенклатура — расширенная,Сальник 55*80,raw.r1c_nomenclature,1,1
Номенклатура — расширенная,Сальник 60*85*10 УАЗ 3741 ступицы перед,raw.r1c_nomenclature,1,1
Номенклатура — расширенная,Сальник 90*120*13  КПП-154 LINK,raw.r1c_nomenclature,1,1
Номенклатура — расширенная,"Сальник 92*120*2,2",raw.r1c_nomenclature,1,1
Номенклатура — расширенная,Сальник PG25 IP54 EKF,raw.r1c_nomenclature,1,1
Номенклатура — расширенная,Сальник Viton CAVETTO 38*58,raw.r1c_nomenclature,1,1
Номенклатура — расширенная,Сальник ГАЗ переднего моста (газель 4х4),raw.r1c_nomenclature,1,1
Номенклатура — расширенная,Сальник ЗИЛ-130 компрессора 24х46х13.5 РОСИЧЪ 120-3509070,raw.r1c_nomenclature,1,1
Номенклатура — расширенная,Сальник К310/370/210/470,raw.r1c_nomenclature,1,1
Номенклатура — расширенная,Сальник КАМАЗ гидромуфты 2.2-100х125х12 Viton CAVETTO 740.1318166,raw.r1c_nomenclature,1,1
Номенклатура — расширенная,Сальник КАМАЗ гидромуфты2.2-100х125х12 Viton CAVETTO ,raw.r1c_nomenclature,1,1
Номенклатура — расширенная,Сальник МАЗ КПП вала первичного 2.2-25х42х10 Viton CAVETTO 240-1307090,raw.r1c_nomenclature,1,1
Номенклатура — расширенная,Сальник МАЗ КПП вала первичного 2.2-25х42х10 РОСИЧЪ 240-1307090,raw.r1c_nomenclature,1,1
Номенклатура — расширенная,Сальник МАЗ механизма рулевого 2.2-45х65х10 Viton CAVETTO 64229-3401081,raw.r1c_nomenclature,1,1
Номенклатура — расширенная,Сальник МАЗ распределителя ГУРа 1.2-30х52-1 ГОСТ 8752-79 ЧРТИ 5336-3416049,raw.r1c_nomenclature,1,1
Номенклатура — расширенная,Сальник МАЗ распределителя ГУРа 2.2-30х52-1 ГОСТ 8752-79 ЧРТИ 5336-3416049,raw.r1c_nomenclature,1,1
Номенклатура — расширенная,"Сальник МАЗ ступицы задней 1,2-120х150х13 РОСИЧЪ ",raw.r1c_nomenclature,1,1
Номенклатура — расширенная,"Сальник МАЗ ступицы задней 2,2-120х150 КТТ 5336-3104038",raw.r1c_nomenclature,1,1
Номенклатура — расширенная,"Сальник МАЗ ступицы задней 2,2-120х150х12 РОСИЧЪ ",raw.r1c_nomenclature,1,1
Номенклатура — расширенная,Сальник МАЗ хвостовика 85х110х12 Viton CAVETTO 5432-2402052,raw.r1c_nomenclature,1,1
Номенклатура — расширенная,"Сальник МАЗ-4370,МТЗ хвостовика 1.2-80х105х10 Viton CAVETTO 1.2-80х105",raw.r1c_nomenclature,1,1
Номенклатура — расширенная,Сальник УАЗ 3741 ступицы передней 60*85*10,raw.r1c_nomenclature,1,1
Номенклатура — расширенная,"Сальник задней ступицы ЗИЛ -130  142*168*16,5",raw.r1c_nomenclature,1,1
Номенклатура — расширенная,Сальник картера 2 ш. МТЗ-80 Росичь 240-1401059/65,raw.r1c_nomenclature,1,1
Номенклатура — расширенная,"Сальник коленвала Д-260,Д-65 передний 1.2-65х90х10 ГОСТ 8752-79 ЧРТИ 269-1003055",raw.r1c_nomenclature,1,1
Номенклатура — расширенная,Сальник коленвала ЗИЛ-5301 передний 50х70х10 Viton CAVETTO 240-1002055,raw.r1c_nomenclature,1,1
Номенклатура — расширенная,"Сальник коленвала ЗИЛ-5301, МТЗ задний 100х125х12 Viton CAVETTO 240-1002305",raw.r1c_nomenclature,1,1
Номенклатура — расширенная,"Сальник маслосъемный 90х110х7,5",raw.r1c_nomenclature,1,1
Номенклатура — расширенная,Сальник на зубчатую рейку USZCZELKA PODAJNKA WORKA FISCHBEIN,raw.r1c_nomenclature,1,1
Номенклатура — расширенная,Сальник передней ступицы КАМАЗ 130*154*15 (864136),raw.r1c_nomenclature,1,1
Номенклатура — расширенная,Сальник привода L,raw.r1c_nomenclature,1,1
Номенклатура — расширенная,Сальник привода R,raw.r1c_nomenclature,1,1
Номенклатура — расширенная,"Сальник хвостовика  42*75*16,4 УАЗ 3160,31519",raw.r1c_nomenclature,1,1
Номенклатура — расширенная,Сальниковая набивка ,raw.r1c_nomenclature,1,1
Номенклатура — расширенная,Самоклеящаяся этикетка 200х60мм Выход-EXIT DPA-DBA ЭРА INFO-DBA-015 ,raw.r1c_nomenclature,1,1
Номенклатура — расширенная,Саморез ГШС цинк,raw.r1c_nomenclature,1,1
Номенклатура — расширенная,Сарфун Инсектицид,raw.r1c_nomenclature,1,1
Номенклатура — расширенная,Сварочные работы,raw.r1c_nomenclature,1,1
Номенклатура — расширенная,Свекла,raw.r1c_nomenclature,1,1
Номенклатура — расширенная,Свекла Кестрел ЭП_2021,raw.r1c_nomenclature,1,1
Номенклатура — расширенная,Свекла Фалькон ЭП_2021,raw.r1c_nomenclature,1,1
Номенклатура — расширенная,Свекла отборная мытая1 кг,raw.r1c_nomenclature,1,1
Номенклатура — расширенная,Свекла отборная нарезанная кубиками 1кг,raw.r1c_nomenclature,1,1
Номенклатура — расширенная,Свекла отборная нарезанная кубиками 5 кг,raw.r1c_nomenclature,1,1
Номенклатура — расширенная,Свекла отборная нарезанная слайсами 1 кг,raw.r1c_nomenclature,1,1
Номенклатура — расширенная,Свекла отборная нарезанная слайсами 5 кг,raw.r1c_nomenclature,1,1
Номенклатура — расширенная,Свекла отборная нарезанная соломкой 1 кг,raw.r1c_nomenclature,1,1
Номенклатура — расширенная,Свекла отборная нарезанная соломкой 5 кг,raw.r1c_nomenclature,1,1
Номенклатура — расширенная,"Свекла отборная очищенная 0,5 кг",raw.r1c_nomenclature,1,1
Номенклатура — расширенная,Свекла отборная очищенная 1 кг,raw.r1c_nomenclature,1,1
Номенклатура — расширенная,Свекла отборная очищенная 5 кг,raw.r1c_nomenclature,1,1
Номенклатура — расширенная,"Свекла отборная пастеризованная 0,5 кг",raw.r1c_nomenclature,1,1
Номенклатура — расширенная,Свекла отборная пастеризованная 1 кг,raw.r1c_nomenclature,1,1
Номенклатура — расширенная,"Свекла отборная пастеризованная 2,5 кг",raw.r1c_nomenclature,1,1
Номенклатура — расширенная,Свекла отборная сетка 25 кг,raw.r1c_nomenclature,1,1
Номенклатура — расширенная,Свекла премиум Аваланч ЭП_2021,raw.r1c_nomenclature,1,1
Номенклатура — расширенная,Свекла премиум Болдор ЭП_2021,raw.r1c_nomenclature,1,1
Номенклатура — расширенная,Свекла столовая,raw.r1c_nomenclature,1,1
Номенклатура — расширенная,Сверло ц/х ф 4.3 P6M5 ,raw.r1c_nomenclature,1,1
Номенклатура — расширенная,"Сверло ц/х ф 5,5 P6M5 98225",raw.r1c_nomenclature,1,1
Номенклатура — расширенная,Светильник с/д линейный 18Вт ,raw.r1c_nomenclature,1,1
Номенклатура — расширенная,Свеча для двухтактных дв-лей,raw.r1c_nomenclature,1,1
Номенклатура — расширенная,Свеча зажигания  Brisk,raw.r1c_nomenclature,1,1
Номенклатура — расширенная,Свеча зажигания  V-Line 13,raw.r1c_nomenclature,1,1
Номенклатура — расширенная,Свеча зажигания  V8,raw.r1c_nomenclature,1,1
Номенклатура — расширенная,"Свеча зажигания  А11 ЗИЛ-130,ГАЗ-53",raw.r1c_nomenclature,1,1
Номенклатура — расширенная,"Свеча зажигания  ГАЗ,ЗИЛ АИ-76 А11(блистер) комплект ЗАЗС А11",raw.r1c_nomenclature,1,1
Номенклатура — расширенная,Свеча зажигания  ГАЗ-2410 BRISK NR17YC SUPER,raw.r1c_nomenclature,1,1
Номенклатура — расширенная,Свеча зажигания 08,raw.r1c_nomenclature,1,1
Номенклатура — расширенная,Свеча зажигания BRISK LDK7RTCU,raw.r1c_nomenclature,1,1
Номенклатура — расширенная,Свеча зажигания HQT-1 Husqvarna 5774840-01,raw.r1c_nomenclature,1,1
Номенклатура — расширенная,Свеча зажигания NGK,raw.r1c_nomenclature,1,1
Номенклатура — расширенная,Свеча зажигания O-P17 Oregon 77-302-1,raw.r1c_nomenclature,1,1
Номенклатура — расширенная,Свечи,raw.r1c_nomenclature,1,1
Номенклатура — расширенная,"Сгон 2"" нр-нр",raw.r1c_nomenclature,1,1
Номенклатура — расширенная,Северное сияние РС3 грязный Сетка на завязке 25кг. Без полива,raw.r1c_nomenclature,1,1
Номенклатура — расширенная,Северное сияние РС3 грязный Сетка на завязке 25кг. Полив,raw.r1c_nomenclature,1,1
Номенклатура — расширенная,Северное сияние РС3 грязный Сетка на рулоне 25кг. Без полива,raw.r1c_nomenclature,1,1
Номенклатура — расширенная,Северное сияние РС3 грязный Сетка на рулоне 25кг. Полив,raw.r1c_nomenclature,1,1
Номенклатура — расширенная,"Северное сияние РС3 мытый Сетка - (домик)1,5 кг. Без полива",raw.r1c_nomenclature,1,1
Номенклатура — расширенная,"Северное сияние РС3 мытый Сетка - (домик)1,5 кг. Полив",raw.r1c_nomenclature,1,1
Номенклатура — расширенная,Северное сияние РС3 мытый Сетка - (домик)2 кг. Без полива,raw.r1c_nomenclature,1,1
Номенклатура — расширенная,Северное сияние РС3 мытый Сетка - (домик)2 кг. Полив,raw.r1c_nomenclature,1,1
Номенклатура — расширенная,Сейф Инсектицид,raw.r1c_nomenclature,1,1
Номенклатура — расширенная,Сексор влажности снаружи ЕЕ061(14),raw.r1c_nomenclature,1,1
Номенклатура — расширенная,Секция РП70/8-0МРК без фиксац.подъема,raw.r1c_nomenclature,1,1
Номенклатура — расширенная,Секция РП70/81МРК с фиксац.подъема,raw.r1c_nomenclature,1,1
Номенклатура — расширенная,Селест Топ Инсектицид,raw.r1c_nomenclature,1,1
Номенклатура — расширенная,Селиконовый чехол пульта,raw.r1c_nomenclature,1,1
Номенклатура — расширенная,Селитра известково-аммиачная гранулированная,raw.r1c_nomenclature,1,1
Номенклатура — расширенная,Селитра калиевая ,raw.r1c_nomenclature,1,1
Номенклатура — расширенная,Сельскохозяйственные услуги,raw.r1c_nomenclature,1,1
Номенклатура — расширенная,Сельхозшина 360/70R24 Белшина BEL-89 122A8TT,raw.r1c_nomenclature,1,1
Номенклатура — расширенная,Сельхозшина 420/70-24 Бел-90 ТТ,raw.r1c_nomenclature,1,1
Номенклатура — расширенная,Сельхозшина 600/50-22.5 (24/50-22.5) Бел-91 12PR 160A6 Бел-91 TТ,raw.r1c_nomenclature,1,1
Номенклатура — расширенная,Сельхозшина 710/70 RЗВ,raw.r1c_nomenclature,1,1
Номенклатура — расширенная,Семена,raw.r1c_nomenclature,1,1
Номенклатура — расширенная,Семена Любаша РС1,raw.r1c_nomenclature,1,1
Номенклатура — расширенная,Семена покупные,raw.r1c_nomenclature,1,1
Номенклатура — расширенная,Семена покупные. Картофель,raw.r1c_nomenclature,1,1
Номенклатура — расширенная,Семена покупные. Морковь,raw.r1c_nomenclature,1,1
Номенклатура — расширенная,Семена покупные. Свекла,raw.r1c_nomenclature,1,1
Номенклатура — расширенная,Семена собств Балтик РоузРС3 Красный,raw.r1c_nomenclature,1,1
Номенклатура — расширенная,Семена собств ВегаРС2 Белый,raw.r1c_nomenclature,1,1
Номенклатура — расширенная,Семена собств ВендиРС2 Белый,raw.r1c_nomenclature,1,1
Номенклатура — расширенная,Семена собств ГалаРС1 Белый,raw.r1c_nomenclature,1,1
Номенклатура — расширенная,Семена собств ГалаРС2 Белый,raw.r1c_nomenclature,1,1
Номенклатура — расширенная,Семена собств ГалаРС3 Белый,raw.r1c_nomenclature,1,1
Номенклатура — расширенная,Семена собств КарменРС1 Красный,raw.r1c_nomenclature,1,1
Номенклатура — расширенная,Семена собств ФламингоРС2 Красный,raw.r1c_nomenclature,1,1
Номенклатура — расширенная,Семена собственные,raw.r1c_nomenclature,1,1
Номенклатура — расширенная,Семенной материал,raw.r1c_nomenclature,1,1
Номенклатура — расширенная,Сенаж,raw.r1c_nomenclature,2,2
Номенклатура — расширенная,"Сендвич тройник 90 гр. н.з..+н.м. 0,8 мм (конденсат) 300/200",raw.r1c_nomenclature,1,1
Номенклатура — расширенная,Сено,raw.r1c_nomenclature,3,3
Номенклатура — расширенная,Сепаратор ботвы СББ1,raw.r1c_nomenclature,1,1
Номенклатура — расширенная,Сепаратор для чеснока RM-180 WD,raw.r1c_nomenclature,1,1
Номенклатура — расширенная,"Сервисные услуги,юридические создание логотипа",raw.r1c_nomenclature,1,1
Номенклатура — расширенная,Сервисный набор для замены моторного масла,raw.r1c_nomenclature,1,1
Номенклатура — расширенная,Сертикор Инсектицид,raw.r1c_nomenclature,1,1
Номенклатура — расширенная,Сертификация,raw.r1c_nomenclature,1,1
Номенклатура — расширенная,Серьга 1220-4605107,raw.r1c_nomenclature,1,1
Номенклатура — расширенная,Сетка мешок,raw.r1c_nomenclature,1,1
Номенклатура — расширенная,Сетка мешок на завязках 50*80 фиолетовая (2000),raw.r1c_nomenclature,1,1
Номенклатура — расширенная,Сетка мешок на рулоне,raw.r1c_nomenclature,1,1
Номенклатура — расширенная,Сетка мешок на рулоне 31*39 желтая К (4000) ,raw.r1c_nomenclature,1,1
Номенклатура — расширенная,Сетка мешок на рулоне 31*39 желтая усиленная (Y) 4000шт/рул,raw.r1c_nomenclature,1,1
Номенклатура — расширенная,Сетка мешок на рулоне 31*39 красная (К) (4000),raw.r1c_nomenclature,1,1
Номенклатура — расширенная,Сетка мешок на рулоне 31*39 фиолетовая 3500/рул,raw.r1c_nomenclature,1,1
Номенклатура — расширенная,Сетка мешок на рулоне 31*39 фиолетовая 4000,raw.r1c_nomenclature,1,1
Номенклатура — расширенная,Сетка мешок на рулоне 31*39 фиолетовый,raw.r1c_nomenclature,1,1
Номенклатура — расширенная,Сетка мешок на рулоне 34*50 желтая (К) 3500/рул,raw.r1c_nomenclature,1,1
Номенклатура — расширенная,Сетка мешок на рулоне 34*50 красная (С) (3000),raw.r1c_nomenclature,1,1
Номенклатура — расширенная,Сетка мешок на рулоне 34*50 фиолетовый,raw.r1c_nomenclature,1,1
Номенклатура — расширенная,Сетка мешок на рулоне 50*80 фиолетовая (К) 2000 шт/рул,raw.r1c_nomenclature,1,1
Номенклатура — расширенная,Сетка мешок на рулоне 50*80 фиолетовая 3000 шт/рул,raw.r1c_nomenclature,1,1
Номенклатура — расширенная,Сетка мешок на рулоне 54*78 фиолетовая (S) 2000 шт/рул,raw.r1c_nomenclature,1,1
Номенклатура — расширенная,Сетка мешок на рулоне 54*78 фиолетовая (К) 2000 шт/рул,raw.r1c_nomenclature,1,1
Номенклатура — расширенная,Сетка мешок на рулоне 54*78 фиолетовый,raw.r1c_nomenclature,1,1
Номенклатура — расширенная,Сетка овощная 50*80,raw.r1c_nomenclature,1,1
Номенклатура — расширенная,Сетка паллетная,raw.r1c_nomenclature,1,1
Номенклатура — расширенная,Сетка паллетная 1000м/рул,raw.r1c_nomenclature,1,1
Номенклатура — расширенная,Сетка паллетная без растяжения,raw.r1c_nomenclature,1,1
Номенклатура — расширенная,Сетка рукав,raw.r1c_nomenclature,1,1
Номенклатура — расширенная,Сетка-мешок на рулоне 34х50 см красная (К) 3500/рул,raw.r1c_nomenclature,1,1
Номенклатура — расширенная,Сетка-мешок на рулоне 41*60 фиолетовая (2500),raw.r1c_nomenclature,1,1
Номенклатура — расширенная,Сетка-рукав пвд Д-пак 220мм Желтая (700м),raw.r1c_nomenclature,1,1
Номенклатура — расширенная,Сетка-рукав пвд Д-пак 220мм Красная (700м),raw.r1c_nomenclature,1,1
Номенклатура — расширенная,Сетка-рукав экструзионная 220мм желтая L,raw.r1c_nomenclature,1,1
Номенклатура — расширенная,Сетка-рукав экструзионная 220мм красная L,raw.r1c_nomenclature,1,1
Номенклатура — расширенная,Сиамино ,raw.r1c_nomenclature,1,1
Номенклатура — расширенная,Сивег 5л*4 (10121010/110522/3232237 Италия),raw.r1c_nomenclature,1,1
Номенклатура — расширенная,Сигнал звуковой ГАЗ-24 высокий тон ЛЭТЗ С303,raw.r1c_nomenclature,1,1
Номенклатура — расширенная,Сигнал звуковой ГАЗ-24 низкий тон ЛЭТЗ С302,raw.r1c_nomenclature,1,1
Номенклатура — расширенная,Сигнал звуковой КАМАЗ комплект С306Д/307Д,raw.r1c_nomenclature,1,1
Номенклатура — расширенная,Сиденье МТЗ УК в сборе 80В-68000000 СБ,raw.r1c_nomenclature,1,1
Номенклатура — расширенная,Сиденье МТЗ с подлокотниками БЗТДиА 80-6800010-01,raw.r1c_nomenclature,1,1
Номенклатура — расширенная,Сидераты,raw.r1c_nomenclature,1,1
Номенклатура — расширенная,Сидоприд Инсектицид,raw.r1c_nomenclature,1,1
Номенклатура — расширенная,Силикон белый ,raw.r1c_nomenclature,1,1
Номенклатура — расширенная,Силиплант Регулятор роста ,raw.r1c_nomenclature,1,1
Номенклатура — расширенная,Сильвошанс..ВЭ,raw.r1c_nomenclature,1,1
Номенклатура — расширенная,Сильфон 701.10.00.060,raw.r1c_nomenclature,1,1
Номенклатура — расширенная,"Симба, КЭ Гербицид ",raw.r1c_nomenclature,1,1
Номенклатура — расширенная,"Синклер, СК Протравливатель ",raw.r1c_nomenclature,1,1
Номенклатура — расширенная,Система вентиляционно-климатическая марки Вентоглас,raw.r1c_nomenclature,1,1
Номенклатура — расширенная,Система видеонаблюдения,raw.r1c_nomenclature,1,1
Номенклатура — расширенная,Система капельного полива для чеснока,raw.r1c_nomenclature,1,1
Номенклатура — расширенная,Систива Инсектицид,raw.r1c_nomenclature,1,1
Номенклатура — расширенная,Сифон АНИ д/мойки 1 1/2*40/50,raw.r1c_nomenclature,1,1
Номенклатура — расширенная,Сифон АНИ д/умывальника 1 1/4*40/50,raw.r1c_nomenclature,1,1
Номенклатура — расширенная,"Сифон-142 с нерж.чашкой 70мм,уд/выпуск гоф-600мм/",raw.r1c_nomenclature,1,1
Номенклатура — расширенная,Скальпель Инсектицид,raw.r1c_nomenclature,1,1
Номенклатура — расширенная,Скарлет Инсектицид,raw.r1c_nomenclature,1,1
Номенклатура — расширенная,Скиф Инсектицид,raw.r1c_nomenclature,1,1
Номенклатура — расширенная,"Скоба ""шакле"" 10мм",raw.r1c_nomenclature,1,1
Номенклатура — расширенная,"Скоба ""шакле"" 12мм",raw.r1c_nomenclature,1,1
Номенклатура — расширенная,Скоба прицепная  700.46.30.000 в сборе,raw.r1c_nomenclature,1,1
Номенклатура — расширенная,Скоба прицепная (голая) К-700  (700.46.30.010-1),raw.r1c_nomenclature,1,1
Номенклатура — расширенная,Скребок (018.02471),raw.r1c_nomenclature,1,1
Номенклатура — расширенная,Скребок (ИД: 004.00008),raw.r1c_nomenclature,1,1
Номенклатура — расширенная,Скребок слева,raw.r1c_nomenclature,1,1
Номенклатура — расширенная,Скребок справа,raw.r1c_nomenclature,1,1
Номенклатура — расширенная,Скрепа 2К эластичная (комплект 30 кг),raw.r1c_nomenclature,1,1
Номенклатура — расширенная,"Скутум, СК Протравливатель ",raw.r1c_nomenclature,1,1
Номенклатура — расширенная,Слесарные работы,raw.r1c_nomenclature,1,1
Номенклатура — расширенная,Сливной клапан для поддона,raw.r1c_nomenclature,1,1
Номенклатура — расширенная,Слотболт М10х25,raw.r1c_nomenclature,1,1
Номенклатура — расширенная,Смазка высокотемпературная МС-1510 400гр,raw.r1c_nomenclature,1,1
Номенклатура — расширенная,Смазка многоцелевая проникающая RM-40 450 мл,raw.r1c_nomenclature,1,1
Номенклатура — расширенная,Смазки,raw.r1c_nomenclature,1,1
Номенклатура — расширенная,Смартфон realme C71 8/128GB зеленый,raw.r1c_nomenclature,1,1
Номенклатура — расширенная,Смеситель для кухни,raw.r1c_nomenclature,1,1
Номенклатура — расширенная,Смеситель для умывальника,raw.r1c_nomenclature,1,1
Номенклатура — расширенная,Сода пищевая 500г,raw.r1c_nomenclature,1,1
Номенклатура — расширенная,Содержание производственных помещений,raw.r1c_nomenclature,1,1
Номенклатура — расширенная,Соед. пруток,raw.r1c_nomenclature,1,1
Номенклатура — расширенная,Соед.элемент ткб 32-М6-22,raw.r1c_nomenclature,1,1
Номенклатура — расширенная,Соединение желоба с уплотнителем,raw.r1c_nomenclature,1,1
Номенклатура — расширенная,Соединитель болт. СБ-2 70-120мм,raw.r1c_nomenclature,1,1
Номенклатура — расширенная,Соединитель желоба белый 12459,raw.r1c_nomenclature,1,1
Номенклатура — расширенная,Соединитель ремня шаг40/шап32 (015.41493,raw.r1c_nomenclature,1,1
Номенклатура — расширенная,Соединительная гильза изолированная ( СГИ L-26мм) 08-0721,raw.r1c_nomenclature,1,1
Номенклатура — расширенная,"Сойлент, ВР",raw.r1c_nomenclature,1,1
Номенклатура — расширенная,Солигор Инсектицид,raw.r1c_nomenclature,1,1
Номенклатура — расширенная,Соль 25кг,raw.r1c_nomenclature,1,1
Номенклатура — расширенная,Соль крупная,raw.r1c_nomenclature,1,1
Номенклатура — расширенная,Сопутствующие культуры,raw.r1c_nomenclature,1,1
Номенклатура — расширенная,"Сортировка ленточная SO-120(лента 45+удлинение транспортера на 1 метр,реверс,пневмоамортизатор)",raw.r1c_nomenclature,1,1
Номенклатура — расширенная,Сошниковый диск 4/500,raw.r1c_nomenclature,1,1
Номенклатура — расширенная,Спиральный отсеиватель 800 мм,raw.r1c_nomenclature,1,1
Номенклатура — расширенная,Спиральный отсеиватель 920 мм,raw.r1c_nomenclature,1,1
Номенклатура — расширенная,Спирит Инсектицид,raw.r1c_nomenclature,1,1
Номенклатура — расширенная,Споробактерин Инсектицид,raw.r1c_nomenclature,1,1
Номенклатура — расширенная,"Средний ремень 302DN 60/39,8",raw.r1c_nomenclature,1,1
Номенклатура — расширенная,Срезка стрелок чеснока,raw.r1c_nomenclature,1,1
Номенклатура — расширенная,Срывная муфта BL 15735,raw.r1c_nomenclature,1,1
Номенклатура — расширенная,Стакан одноразовый 50шт,raw.r1c_nomenclature,1,1
Номенклатура — расширенная,Стакан фитинга стального RC-U0738,raw.r1c_nomenclature,1,1
Номенклатура — расширенная,Сталь шпоночная 3х3 ст 45 гост 8787-68,raw.r1c_nomenclature,1,1
Номенклатура — расширенная,Сталь шпоночная 5х5 ст 45 гост 8787-68,raw.r1c_nomenclature,1,1
Номенклатура — расширенная,Стамеска многофункциональная нержавеющая BeeTools,raw.r1c_nomenclature,1,1
Номенклатура — расширенная,Стамеска многофункциональная нержавеющая в оправе BeeTools,raw.r1c_nomenclature,1,1
Номенклатура — расширенная,Стамеска пасечника из нержавеющей стали (кн). СП-5.00 ,raw.r1c_nomenclature,1,1
Номенклатура — расширенная,Стартер ,raw.r1c_nomenclature,1,1
Номенклатура — расширенная,Стартер 12в 16240,raw.r1c_nomenclature,1,1
Номенклатура — расширенная,"Стартер 2,2 квт ssangyolg ST640006",raw.r1c_nomenclature,1,1
Номенклатура — расширенная,Стартер 4216,raw.r1c_nomenclature,1,1
Номенклатура — расширенная,Стартер Tesia Technics TT15926,raw.r1c_nomenclature,1,1
Номенклатура — расширенная,"Стартер ГАЗ,ПАЗ дв ЗМЗ511.10.513.10.73,5234.10 редукторный 12В z=9.2.0 квт АТЭ-1 6042.3708",raw.r1c_nomenclature,1,1
Номенклатура — расширенная,"Стартер МТЗ,ПАЗ-4234 ,ЛЗА-40810 12 В дв.Д243,245",raw.r1c_nomenclature,1,1
Номенклатура — расширенная,"Стартер МТЗ-1221,22,ЗИЛ,ГАЗ,МАЗ,ПАЗ дв.ММЗ ЕВРО-2 Д243,245,260 24В 5,2 КВТ укороченный БАТЭ 7402.370",raw.r1c_nomenclature,1,1
Номенклатура — расширенная,"Стартер МТЗ-80,82 ГАЗ,ПАЗ дв ММЗ,Д240,245,260,12В 2,7 кВт АТЭ-1 9142780",raw.r1c_nomenclature,1,1
Номенклатура — расширенная,"Стартер СТ 230А1 (ГАЗ 53,66,3307 аналог 8802.3708)",raw.r1c_nomenclature,1,1
Номенклатура — расширенная,"Стартер редукторный 12В 2,7кВт STRON МТЗ 9142780",raw.r1c_nomenclature,1,1
Номенклатура — расширенная,"Стекло МТЗ-1522,1523 двери левой 2522-6708013",raw.r1c_nomenclature,1,1
Номенклатура — расширенная,Стекло переднее Fiat,raw.r1c_nomenclature,1,1
Номенклатура — расширенная,Стекло(1456*887) двери левой МТЗ-1523,raw.r1c_nomenclature,1,1
Номенклатура — расширенная,Стеклоочиститель 96.5205 МТЗ-80,raw.r1c_nomenclature,1,1
Номенклатура — расширенная,"Стеклоочиститель в сб.ПАЗ33205 л/пр 562-5205100,02",raw.r1c_nomenclature,1,1
Номенклатура — расширенная,Стеклоочиститель в сб.СЛ135А (МАЗ-500.5335),raw.r1c_nomenclature,1,1
Номенклатура — расширенная,Стеклоподъемник ГАЗ-3302 левый Н/О3302-6104011,raw.r1c_nomenclature,1,1
Номенклатура — расширенная,Стелаж,raw.r1c_nomenclature,1,1
Номенклатура — расширенная,Стелажная конструкция,raw.r1c_nomenclature,1,1
Номенклатура — расширенная,Стелажная конструкция в сборе,raw.r1c_nomenclature,1,1
Номенклатура — расширенная,Стеллаж металлический Р_МС-265 с 5-ю полками 1000х600х2000,raw.r1c_nomenclature,1,1
Номенклатура — расширенная,Стенд ролл ал,raw.r1c_nomenclature,1,1
Номенклатура — расширенная,Стернифаг Инсектицид,raw.r1c_nomenclature,1,1
Номенклатура — расширенная,Стимуляторы роста ,raw.r1c_nomenclature,1,1
Номенклатура — расширенная,Стингер Инсектицид,raw.r1c_nomenclature,1,1
Номенклатура — расширенная,Стингер Трио Инсектицид,raw.r1c_nomenclature,1,1
Номенклатура — расширенная,Стойка (литье) Р33.ПЛЕ.31.301,raw.r1c_nomenclature,1,1
Номенклатура — расширенная,Стойка S-образная 32*10 в сборе с наконечником 1417/00-033/0 арт КПЦ02.050,raw.r1c_nomenclature,1,1
Номенклатура — расширенная,Стойка S-образная 40х12 в КПМ 47.1202.02.02.002.01,raw.r1c_nomenclature,1,1
Номенклатура — расширенная,Стойка А150181897,raw.r1c_nomenclature,1,1
Номенклатура — расширенная,Стойка поворота режущего узла  (55мм) 4х4 01.021.00.000,raw.r1c_nomenclature,1,1
Номенклатура — расширенная,Стойка поворота режущего узла БДМ (55мм) УР-101.00.000 (АДУ-6),raw.r1c_nomenclature,1,1
Номенклатура — расширенная,Стойка пружинная 2479-CЗА-ST (S-образная)  КПМ 45х12,raw.r1c_nomenclature,1,1
Номенклатура — расширенная,Стол инспекционный СИБ11,raw.r1c_nomenclature,1,1
Номенклатура — расширенная,Стол инспекционный СИБ11 (товар),raw.r1c_nomenclature,1,1
Номенклатура — расширенная,Стол инспекционный СИБ6,raw.r1c_nomenclature,1,1
Номенклатура — расширенная,Стол инспекционный для сидячей работы TS-3012 (двойноеразделение) ,raw.r1c_nomenclature,1,1
Номенклатура — расширенная,Стопмоль,raw.r1c_nomenclature,1,1
Номенклатура — расширенная,Стопор пружинный 220мм оцинкованный,raw.r1c_nomenclature,1,1
Номенклатура — расширенная,Стопорная гайка KG01067961,raw.r1c_nomenclature,1,1
Номенклатура — расширенная,Стопорная шайба ,raw.r1c_nomenclature,1,1
Номенклатура — расширенная,Стопорное кольцо ,raw.r1c_nomenclature,1,1
Номенклатура — расширенная,Стопорное кольцо d 25мм ГОСТ 13943-86,raw.r1c_nomenclature,1,1
Номенклатура — расширенная,Стопорное кольцо d 40мм ГОСТ 13943-86,raw.r1c_nomenclature,1,1
Номенклатура — расширенная,Стопорное кольцо d 47мм ГОСТ 13943-86,raw.r1c_nomenclature,1,1
Номенклатура — расширенная,Стопорное кольцо d20мм ГОСТ 13942-86,raw.r1c_nomenclature,1,1
Номенклатура — расширенная,"Стопорное кольцо наружное 35х1,5 DIN 471",raw.r1c_nomenclature,1,1
Номенклатура — расширенная,Страхование груза,raw.r1c_nomenclature,1,1
Номенклатура — расширенная,Страхование транспортного срества,raw.r1c_nomenclature,1,1
Номенклатура — расширенная,Стрейч пленка,raw.r1c_nomenclature,1,1
Номенклатура — расширенная,Стрейч пленка 500*20 мкм втор. сырье (вес 2 кг нетто),raw.r1c_nomenclature,1,1
Номенклатура — расширенная,"Стрейч пленка для руч.упак. 50х17 1,75кг",raw.r1c_nomenclature,1,1
Номенклатура — расширенная,Стрейч пленка ручная 500мм 20мкм 2 кг/рул,raw.r1c_nomenclature,1,1
Номенклатура — расширенная,Стремянка  передн. Камаз 5320-2902408 без гаек,raw.r1c_nomenclature,1,1
Номенклатура — расширенная,Стремянка  передн.рессоры зад.длин.L230мм130-2902408,raw.r1c_nomenclature,1,1
Номенклатура — расширенная,Стремянка ГАЗ-3302 рессоры ,raw.r1c_nomenclature,1,1
Номенклатура — расширенная,"Стремянка М 16 оцинкованная,037 03066",raw.r1c_nomenclature,1,1
Номенклатура — расширенная,Стремянка МАЗ рессоры передней 5335-2902409N24*2L=270мм,raw.r1c_nomenclature,1,1
Номенклатура — расширенная,Стриппер №150 Weicon-Tools ,raw.r1c_nomenclature,1,1
Номенклатура — расширенная,Строительные материалы ,raw.r1c_nomenclature,1,1
Номенклатура — расширенная,Строительные услуги,raw.r1c_nomenclature,1,1
Номенклатура — расширенная,Строительство ангара 20х74х9м,raw.r1c_nomenclature,1,1
Номенклатура — расширенная,Струна 70-4235015,raw.r1c_nomenclature,1,1
Номенклатура — расширенная,"Ступица ЗТ-40,А 50.08.200 СБ",raw.r1c_nomenclature,1,1
Номенклатура — расширенная,Ступица диска (889.03662),raw.r1c_nomenclature,1,1
Номенклатура — расширенная,Ступица задняя 130-3104015,raw.r1c_nomenclature,1,1
Номенклатура — расширенная,Ступица колеса Соболь 4х4,raw.r1c_nomenclature,1,1
Номенклатура — расширенная,Ступица передняя,raw.r1c_nomenclature,1,1
Номенклатура — расширенная,Ступица передняя SKF,raw.r1c_nomenclature,1,1
Номенклатура — расширенная,Ступица передняя Л/ПР ASIMA ASI55040,raw.r1c_nomenclature,1,1
Номенклатура — расширенная,Ступица передняя левая,raw.r1c_nomenclature,1,1
Номенклатура — расширенная,Ступица приводной звездочки диам 40мм DEWULF,raw.r1c_nomenclature,1,1
Номенклатура — расширенная,Стыковка конвейерной ленты у заказчика 650 мм,raw.r1c_nomenclature,1,1
Номенклатура — расширенная,Стяжка МТЗ устройства навесного РЗТ,raw.r1c_nomenclature,1,1
Номенклатура — расширенная,Стяжка груза 25мм х 3м,raw.r1c_nomenclature,1,1
Номенклатура — расширенная,Стяжка груза 25мм х 4м,raw.r1c_nomenclature,1,1
Номенклатура — расширенная,Стяжка груза 5т*10м усиленная,raw.r1c_nomenclature,1,1
Номенклатура — расширенная,Стяжка на калитку не съемная,raw.r1c_nomenclature,1,1
Номенклатура — расширенная,Стяжки 5х400 100шт,raw.r1c_nomenclature,1,1
Номенклатура — расширенная,Стяжной винт (100.49252),raw.r1c_nomenclature,1,1
Номенклатура — расширенная,Сульфат Аммония,raw.r1c_nomenclature,1,1
Номенклатура — расширенная,Сульфат Аммония гранулированный МКР,raw.r1c_nomenclature,1,1
Номенклатура — расширенная,Сульфат аммония гранулированный,raw.r1c_nomenclature,1,1
Номенклатура — расширенная,Сульфат калия мешки,raw.r1c_nomenclature,1,1
Номенклатура — расширенная,"Сульфат магния,марка эпсомит гранулированный MgSO₄",raw.r1c_nomenclature,1,1
Номенклатура — расширенная,Сульфонитрат аммония NS 26.5,raw.r1c_nomenclature,1,1
Номенклатура — расширенная,Супер Альянс Инсектицид,raw.r1c_nomenclature,1,1
Номенклатура — расширенная,Супер Док Инсектицид,raw.r1c_nomenclature,1,1
Номенклатура — расширенная,Суппорт задний L,raw.r1c_nomenclature,1,1
Номенклатура — расширенная,"Суховей, ВР",raw.r1c_nomenclature,1,1
Номенклатура — расширенная,Сушеные овощи,raw.r1c_nomenclature,1,1
Номенклатура — расширенная,Сушка фетровая СФБ2,raw.r1c_nomenclature,1,1
Номенклатура — расширенная,"Сферическая шайба DIN 6319 C6,4",raw.r1c_nomenclature,1,1
Номенклатура — расширенная,Сфинкс Инсектицид,raw.r1c_nomenclature,1,1
Номенклатура — расширенная,Сценик Комби Инсектицид,raw.r1c_nomenclature,1,1
Номенклатура — расширенная,Сцепление МТЗ-80/82 корзина+диск Tiralli FRO706н,raw.r1c_nomenclature,1,1
Номенклатура — расширенная,Съемник масленных фильтров трехлапый ,raw.r1c_nomenclature,1,1
Номенклатура — расширенная,Сырьё картофель давальческое,raw.r1c_nomenclature,1,1
Номенклатура — расширенная,Сэндвич-панель стеновая PIR ПСТ 467 1185 80 RAL 9003,raw.r1c_nomenclature,1,1
Номенклатура — расширенная,Сэндвич-панель стеновая PIR ПСТ 552 1185 80 RAL 9003,raw.r1c_nomenclature,1,1
Номенклатура — расширенная,Сэндвич-панель стеновая PIR ПСТ 600 1185 80 RAL 9003,raw.r1c_nomenclature,1,1
Номенклатура — расширенная,ТМТД 021-02-1694-1 Инсектицид,raw.r1c_nomenclature,1,1
Номенклатура — расширенная,ТМТД 050-02-994-1 Инсектицид,raw.r1c_nomenclature,1,1
Номенклатура — расширенная,"ТМТД,ВСК Инсектицид",raw.r1c_nomenclature,1,1
Номенклатура — расширенная,ТМТД-плюс 2031-10-107-231- Инсектицид,raw.r1c_nomenclature,1,1
Номенклатура — расширенная,ТМТД-плюс 2031-10-107-231-0-0-0-0 Инсектицид,raw.r1c_nomenclature,1,1
Номенклатура — расширенная,ТО,raw.r1c_nomenclature,1,1
Номенклатура — расширенная,ТЭН 400 W для  R1.R2 малый,raw.r1c_nomenclature,1,1
Номенклатура — расширенная,ТЭН 900W для R1.R2 большой,raw.r1c_nomenclature,1,1
Номенклатура — расширенная,Табу Супер СК Протравливатель ,raw.r1c_nomenclature,1,1
Номенклатура — расширенная,"Таз 9,5л d=35/16см полипропилен",raw.r1c_nomenclature,1,1
Номенклатура — расширенная,Талант Инсектицид,raw.r1c_nomenclature,1,1
Номенклатура — расширенная,"Талант, СК Фунгицид ",raw.r1c_nomenclature,1,1
Номенклатура — расширенная,Таношанс. ВДГ,raw.r1c_nomenclature,1,1
Номенклатура — расширенная,Тара,raw.r1c_nomenclature,1,1
Номенклатура — расширенная,Тара 19 л,raw.r1c_nomenclature,1,1
Номенклатура — расширенная,Тауреб. Крепеж,raw.r1c_nomenclature,1,1
Номенклатура — расширенная,Тачигарен Инсектицид,raw.r1c_nomenclature,1,1
Номенклатура — расширенная,Тебузан Инсектицид,raw.r1c_nomenclature,1,1
Номенклатура — расширенная,Тебузил Инсектицид,raw.r1c_nomenclature,1,1
Номенклатура — расширенная,Тебузол Инсектицид,raw.r1c_nomenclature,1,1
Номенклатура — расширенная,Тебуконазол Инсектицид,raw.r1c_nomenclature,1,1
Номенклатура — расширенная,Тебутин Инсектицид,raw.r1c_nomenclature,1,1
Номенклатура — расширенная,Тележка-подъемник пасечная,raw.r1c_nomenclature,1,1
Номенклатура — расширенная,Температурный сенсор воздуха снаружи PC 02N5K (11),raw.r1c_nomenclature,1,1
Номенклатура — расширенная,Тен большой 900 Вт,raw.r1c_nomenclature,1,1
Номенклатура — расширенная,Терапевт Про Инсектицид,raw.r1c_nomenclature,1,1
Номенклатура — расширенная,Термопреобразователь сопротивления ДТС214 РТ100.В2 60/0.2,raw.r1c_nomenclature,1,1
Номенклатура — расширенная,Термостат,raw.r1c_nomenclature,1,1
Номенклатура — расширенная,"Термостат 50-45С ТМ45АЗ М 22х1,5 FOX",raw.r1c_nomenclature,1,1
Номенклатура — расширенная,Термостат CAZ,raw.r1c_nomenclature,1,1
Номенклатура — расширенная,Термостат PSA,raw.r1c_nomenclature,1,1
Номенклатура — расширенная,"Термостат ВТ-40 выносной механический (21Н, 52Н, 80Н, 105П, 21Н-Р, 52Н-Р)",raw.r1c_nomenclature,1,1
Номенклатура — расширенная,"Термостат КАМАЗ, ГАЗ-2410,3302,ЗИЛ-4331 ПРАМО ТС107-01М 80гр",raw.r1c_nomenclature,1,1
Номенклатура — расширенная,"Термостат КАМАЗ, ГАЗ-2410,3302,ЗИЛ-4331,5301 ЭЛЕКТОН",raw.r1c_nomenclature,1,1
Номенклатура — расширенная,"Термостат ТС-107-01/05 (КАМАЗ,УАЗ,ВОЛГА) ТС117-01н",raw.r1c_nomenclature,1,1
Номенклатура — расширенная,"Термостат ТС108-01 (ГАЗ 53.3307,Т-130,170 ТР 14)",raw.r1c_nomenclature,1,1
Номенклатура — расширенная,"Термостат ТС108-04 (ЗИЛ-130,4314,131)ТС 108-03",raw.r1c_nomenclature,1,1
Номенклатура — расширенная,"Термотр.лента 55х900, пласт.вт.+1, TTR/NS515 55х900 INX_Рибон",raw.r1c_nomenclature,1,1
Номенклатура — расширенная,Термоусадка  REXANT клеевая ,raw.r1c_nomenclature,1,1
Номенклатура — расширенная,Термоэтикетка 58*30 белые ,raw.r1c_nomenclature,1,1
Номенклатура — расширенная,Термоэтикетка 58*30 белые 900шт,raw.r1c_nomenclature,1,1
Номенклатура — расширенная,"Термоэтикетка 58*60 3000 шт/рул, белая",raw.r1c_nomenclature,1,1
Номенклатура — расширенная,"Термоэтикетка 58*60 500 шт/рул, белая",raw.r1c_nomenclature,1,1
Номенклатура — расширенная,Термоэтикетка 58*60 эко без печати,raw.r1c_nomenclature,1,1
Номенклатура — расширенная,Термоэтикетки,raw.r1c_nomenclature,1,1
Номенклатура — расширенная,Террасил 2123-10-107-435(114)-0-1-0-0 Инсектицид,raw.r1c_nomenclature,1,1
Номенклатура — расширенная,Террасил 424-02-1421-1 Инсектицид,raw.r1c_nomenclature,1,1
Номенклатура — расширенная,Терция Инсектицид,raw.r1c_nomenclature,1,1
Номенклатура — расширенная,Тефлон 134-2290,raw.r1c_nomenclature,1,1
Номенклатура — расширенная,Тефлоновое полотно (самокл. W-60mm 110 микрон),raw.r1c_nomenclature,1,1
Номенклатура — расширенная,Тефлоновое полотно (самокл.W60mm 110 микрон),raw.r1c_nomenclature,1,1
Номенклатура — расширенная,Техническое обслуживание ,raw.r1c_nomenclature,1,1
Номенклатура — расширенная,Техническое обслуживание и ремонт автоматических ворот,raw.r1c_nomenclature,1,1
Номенклатура — расширенная,Техническое обслуживание и ремонт техники,raw.r1c_nomenclature,1,1
Номенклатура — расширенная,Техническое обслуживание оборудования,raw.r1c_nomenclature,1,1
Номенклатура — расширенная,Тиазол Инсектицид,raw.r1c_nomenclature,1,1
Номенклатура — расширенная,Тилт Инсектицид,raw.r1c_nomenclature,1,1
Номенклатура — расширенная,Тимус Инсектицид,raw.r1c_nomenclature,1,1
Номенклатура — расширенная,Тир Инсектицид,raw.r1c_nomenclature,1,1
Номенклатура — расширенная,Титул 390 Инсектицид,raw.r1c_nomenclature,1,1
Номенклатура — расширенная,Титул Дуо Инсектицид,raw.r1c_nomenclature,1,1
Номенклатура — расширенная,Тканевый шланг 10Х15Х4000,raw.r1c_nomenclature,1,1
Номенклатура — расширенная,Ткань донного тр. бункера SE75-30,raw.r1c_nomenclature,1,1
Номенклатура — расширенная,Топинамбур,raw.r1c_nomenclature,1,1
Номенклатура — расширенная,"Топливная рама G21AГазель, соболь NN Газ оригинал ",raw.r1c_nomenclature,1,1
Номенклатура — расширенная,Топливные присадки,raw.r1c_nomenclature,1,1
Номенклатура — расширенная,Топливопровод в сб 300 мм,raw.r1c_nomenclature,1,1
Номенклатура — расширенная,Топсин-М Инсектицид,raw.r1c_nomenclature,1,1
Номенклатура — расширенная,Тормозная жидкость,raw.r1c_nomenclature,1,1
Номенклатура — расширенная,Тормозная лента 134-3033,raw.r1c_nomenclature,1,1
Номенклатура — расширенная,"Торнадо 500, ВР Гербицид ",raw.r1c_nomenclature,1,1
Номенклатура — расширенная,Торцовый фланец с фикс.вращения,raw.r1c_nomenclature,1,1
Номенклатура — расширенная,Тосол,raw.r1c_nomenclature,1,1
Номенклатура — расширенная,Травы,raw.r1c_nomenclature,1,1
Номенклатура — расширенная,Транспортер ,raw.r1c_nomenclature,1,1
Номенклатура — расширенная,Транспортер КПК 0114040,raw.r1c_nomenclature,1,1
Номенклатура — расширенная,Транспортер ТБ 1000х2000,raw.r1c_nomenclature,1,1
Номенклатура — расширенная,Транспортер ТБ 1000х3500,raw.r1c_nomenclature,1,1
Номенклатура — расширенная,Транспортер ТБ 1500х12000,raw.r1c_nomenclature,1,1
Номенклатура — расширенная,Транспортер ТБ 400х2500,raw.r1c_nomenclature,1,1
Номенклатура — расширенная,Транспортер ТБ 400х3000,raw.r1c_nomenclature,1,1
Номенклатура — расширенная,Транспортер ТБ 400х5500,raw.r1c_nomenclature,1,1
Номенклатура — расширенная,Транспортер ТБ 500х13000,raw.r1c_nomenclature,1,1
Номенклатура — расширенная,Транспортер ТБ 500х5000,raw.r1c_nomenclature,1,1
Номенклатура — расширенная,Транспортер ТБ 500х6000,raw.r1c_nomenclature,1,1
Номенклатура — расширенная,Транспортер ТБ 500х7000,raw.r1c_nomenclature,1,1
Номенклатура — расширенная,Транспортер ТБ 600х13000,raw.r1c_nomenclature,1,1
Номенклатура — расширенная,Транспортер ТБ 600х2400,raw.r1c_nomenclature,1,1
Номенклатура — расширенная,Транспортер ТБ 600х2500,raw.r1c_nomenclature,1,1
Номенклатура — расширенная,Транспортер ТБ 600х3500,raw.r1c_nomenclature,1,1
Номенклатура — расширенная,Транспортер ТБ 600х4500,raw.r1c_nomenclature,1,1
Номенклатура — расширенная,Транспортер ТБ 600х6000,raw.r1c_nomenclature,1,1
Номенклатура — расширенная,Транспортер ТБ 600х9500,raw.r1c_nomenclature,1,1
Номенклатура — расширенная,Транспортер ТБ 800х10250,raw.r1c_nomenclature,1,1
Номенклатура — расширенная,Транспортер ТБ 800х12100,raw.r1c_nomenclature,1,1
Номенклатура — расширенная,Транспортер ТБ 800х18500,raw.r1c_nomenclature,1,1
Номенклатура — расширенная,Транспортер ТБ 800х23000,raw.r1c_nomenclature,1,1
Номенклатура — расширенная,Транспортер горизонтальный (дл2700 мм),raw.r1c_nomenclature,1,1
Номенклатура — расширенная,Транспортер горизонтальный (дл2950 мм),raw.r1c_nomenclature,1,1
Номенклатура — расширенная,Транспортер горизонтальный (дл8700 мм),raw.r1c_nomenclature,1,1
Номенклатура — расширенная,Транспортер горизонтальный Р-190/50 ,raw.r1c_nomenclature,1,1
Номенклатура — расширенная,Транспортер горизонтальный Р-200/30 ( регулировка скорости),raw.r1c_nomenclature,1,1
Номенклатура — расширенная,Транспортер горизонтальный Р-220/50 (реверс),raw.r1c_nomenclature,1,1
Номенклатура — расширенная,Транспортер горизонтальный Р-240/50 ,raw.r1c_nomenclature,1,1
Номенклатура — расширенная,Транспортер горизонтальный Р-250/50 ( регулировка скорости),raw.r1c_nomenclature,1,1
Номенклатура — расширенная,Транспортер горизонтальный Р-290/80 (реверс),raw.r1c_nomenclature,1,1
Номенклатура — расширенная,"Транспортер горизонтальный Р-300/60 для грязи (адаптация ZB увеличенная рама,ссып тент)",raw.r1c_nomenclature,1,1
Номенклатура — расширенная,"Транспортер горизонтальный Р-320/80 (пневмоперегородка,амортизатор падения, регулировка скорости)",raw.r1c_nomenclature,1,1
Номенклатура — расширенная,Транспортер горизонтальный Р-340/80 (реверс),raw.r1c_nomenclature,1,1
Номенклатура — расширенная,"Транспортер горизонтальный Р-360/50 (реверс,регулировка скорости)",raw.r1c_nomenclature,1,1
Номенклатура — расширенная,Транспортер горизонтальный Р-500/50 (поворотные колеса),raw.r1c_nomenclature,1,1
Номенклатура — расширенная,Транспортер горизонтальный Р-760/50 ,raw.r1c_nomenclature,1,1
Номенклатура — расширенная,Транспортер ковшовый КПК 0114910,raw.r1c_nomenclature,1,1
Номенклатура — расширенная,Транспортер наклонный L образный (дл2000 мм),raw.r1c_nomenclature,1,1
Номенклатура — расширенная,Транспортер наклонный L образный (дл2800 мм),raw.r1c_nomenclature,1,1
Номенклатура — расширенная,Транспортер наклонный L образный (дл3000 мм),raw.r1c_nomenclature,1,1
Номенклатура — расширенная,Транспортер наклонный загрузочный,raw.r1c_nomenclature,1,1
Номенклатура — расширенная,"Транспортер переборочного стола КСЭ 12,000",raw.r1c_nomenclature,1,1
Номенклатура — расширенная,Транспортер перегрузочный ТПБ 1000х3000,raw.r1c_nomenclature,1,1
Номенклатура — расширенная,Транспортер перегрузочный ТПБ 300*2400,raw.r1c_nomenclature,1,1
Номенклатура — расширенная,Транспортер перегрузочный ТПБ 400*3400,raw.r1c_nomenclature,1,1
Номенклатура — расширенная,Транспортер перегрузочный ТПБ 600*2400,raw.r1c_nomenclature,1,1
Номенклатура — расширенная,Транспортер перегрузочный ТПБ 650х14400,raw.r1c_nomenclature,1,1
Номенклатура — расширенная,Транспортер перегрузочный ТПБ 650х15000,raw.r1c_nomenclature,1,1
Номенклатура — расширенная,Транспортер перегрузочный ТПБ 800х10500,raw.r1c_nomenclature,1,1
Номенклатура — расширенная,Транспортер реверсивный ТК-2.95-600,raw.r1c_nomenclature,1,1
Номенклатура — расширенная,Транспортер роликовый с разделением потока,raw.r1c_nomenclature,1,1
Номенклатура — расширенная,Транспортер1-Й  1631-180-35 ,raw.r1c_nomenclature,1,1
Номенклатура — расширенная,Транспортеры отводящие ТОБ1,raw.r1c_nomenclature,1,1
Номенклатура — расширенная,Транспортировка,raw.r1c_nomenclature,1,1
Номенклатура — расширенная,Транспортировка воды,raw.r1c_nomenclature,1,1
Номенклатура — расширенная,Транспортировка грузов,raw.r1c_nomenclature,1,1
Номенклатура — расширенная,Транспортировка картофеля,raw.r1c_nomenclature,1,1
Номенклатура — расширенная,Транспортно-коммерческие услуги (простой),raw.r1c_nomenclature,1,1
Номенклатура — расширенная,Транспортно-экспедиционные услуги,raw.r1c_nomenclature,1,1
Номенклатура — расширенная,Транспортные  услуги,raw.r1c_nomenclature,1,1
Номенклатура — расширенная,Транспортные  услуги оказанные спецтехникой,raw.r1c_nomenclature,1,1
Номенклатура — расширенная,Транспортные услуги,raw.r1c_nomenclature,1,1
Номенклатура — расширенная,Транспортные услуги_внеш,raw.r1c_nomenclature,1,1
Номенклатура — расширенная,Трапеция рулевая в сборе ВАЗ-2123,raw.r1c_nomenclature,1,1
Номенклатура — расширенная,Трафарет,raw.r1c_nomenclature,1,1
Номенклатура — расширенная,Тренер водорастворимое удобрение ,raw.r1c_nomenclature,1,1
Номенклатура — расширенная,Трещотка флажковая 1/4 72 зубца GRW-14 Gigant ,raw.r1c_nomenclature,1,1
Номенклатура — расширенная,ТриАгро Инсектицид,raw.r1c_nomenclature,1,1
Номенклатура — расширенная,Триада Инсектицид,raw.r1c_nomenclature,1,1
Номенклатура — расширенная,Триактив Инсектицид,raw.r1c_nomenclature,1,1
Номенклатура — расширенная,Триафол Инсектицид,raw.r1c_nomenclature,1,1
Номенклатура — расширенная,Тритон Инсектицид,raw.r1c_nomenclature,1,1
Номенклатура — расширенная,"Тройник 6""х6""х8""",raw.r1c_nomenclature,1,1
Номенклатура — расширенная,"Тройник 8""х6""х8""",raw.r1c_nomenclature,1,1
Номенклатура — расширенная,Тройник М20*20*20,raw.r1c_nomenclature,1,1
Номенклатура — расширенная,Тройник ПНД25,raw.r1c_nomenclature,1,1
Номенклатура — расширенная,Тройник ПНД32,raw.r1c_nomenclature,1,1
Номенклатура — расширенная,Тройник ПП Ду 50*50*50*45 гр,raw.r1c_nomenclature,1,1
Номенклатура — расширенная,Тройник ПП Ду 50*50*50*90 трехраструбный,raw.r1c_nomenclature,1,1
Номенклатура — расширенная,Тройник ПП Ду 50*50*90,raw.r1c_nomenclature,1,1
Номенклатура — расширенная,Тройник для капельной ленты с поджимом,raw.r1c_nomenclature,1,1
Номенклатура — расширенная,Тройник компрессионный d/32,raw.r1c_nomenclature,1,1
Номенклатура — расширенная,Тройник лат. 20,raw.r1c_nomenclature,1,1
Номенклатура — расширенная,Тройник пластиковый 32*20*32,raw.r1c_nomenclature,1,1
Номенклатура — расширенная,Тройник с резьбой черн 50,raw.r1c_nomenclature,1,1
Номенклатура — расширенная,Трос,raw.r1c_nomenclature,1,1
Номенклатура — расширенная,Трос (Morse L-900 ),raw.r1c_nomenclature,1,1
Номенклатура — расширенная,Трос 110-4600120-02  L-1500,raw.r1c_nomenclature,1,1
Номенклатура — расширенная,Трос DIN 3055 для ратяжки в оплетке ПВХ 1/2,raw.r1c_nomenclature,1,1
Номенклатура — расширенная,Трос IT-731133/02/00,raw.r1c_nomenclature,1,1
Номенклатура — расширенная,Трос М 6,raw.r1c_nomenclature,1,1
Номенклатура — расширенная,Трос М10,raw.r1c_nomenclature,1,1
Номенклатура — расширенная,Трос М8,raw.r1c_nomenclature,1,1
Номенклатура — расширенная,Трос МТЗ останова двигателя ,raw.r1c_nomenclature,1,1
Номенклатура — расширенная,Трос акселератора МАЗ-4370,raw.r1c_nomenclature,1,1
Номенклатура — расширенная,"Трос буксировочный 12т, 5м",raw.r1c_nomenclature,1,1
Номенклатура — расширенная,Трос буксировочный 5т,raw.r1c_nomenclature,1,1
Номенклатура — расширенная,Трос буксировочный 63т ,raw.r1c_nomenclature,1,1
Номенклатура — расширенная,Трос буксировочный 7т,raw.r1c_nomenclature,1,1
Номенклатура — расширенная,Трос газа,raw.r1c_nomenclature,1,1
Номенклатура — расширенная,Трос д/растяжки 3мм,raw.r1c_nomenclature,1,1
Номенклатура — расширенная,Трос дистанционного управления МТЗ,raw.r1c_nomenclature,1,1
Номенклатура — расширенная,Трос пружинный ф-9мм,raw.r1c_nomenclature,1,1
Номенклатура — расширенная,Трос пружинный ф-9мм длина 10м,raw.r1c_nomenclature,1,1
Номенклатура — расширенная,Трос ручника оригинал,raw.r1c_nomenclature,1,1
Номенклатура — расширенная,Трос сцепления,raw.r1c_nomenclature,1,1
Номенклатура — расширенная,Трос управляющий L-2000(шариковое окончание) POD-HPZ-000105,raw.r1c_nomenclature,1,1
Номенклатура — расширенная,Труба 060.05048,raw.r1c_nomenclature,1,1
Номенклатура — расширенная,Труба 20 горячая 4м SDR6(100),raw.r1c_nomenclature,1,1
Номенклатура — расширенная,Труба 20 стекловолокно ,raw.r1c_nomenclature,1,1
Номенклатура — расширенная,Труба 700.46.28.090-1,raw.r1c_nomenclature,1,1
Номенклатура — расширенная,Труба Д-260 выхлопная длинная ММЗ,raw.r1c_nomenclature,1,1
Номенклатура — расширенная,Труба ПВХ ЛБ-2 Д-10 ,raw.r1c_nomenclature,1,1
Номенклатура — расширенная,Труба ПНД 20*2 СДР 11,raw.r1c_nomenclature,1,1
Номенклатура — расширенная,"Труба ПНД 25*2 СДР 13,6",raw.r1c_nomenclature,1,1
Номенклатура — расширенная,"Труба ПНД 32*2,4 СДР 13,6",raw.r1c_nomenclature,1,1
Номенклатура — расширенная,"Труба ПНД 40*3,2,4 СДР 13,6,17",raw.r1c_nomenclature,1,1
Номенклатура — расширенная,"Труба ПНД 50*3,7 СДР 13,6",raw.r1c_nomenclature,1,1
Номенклатура — расширенная,"Труба ПНД 63*47 СДР 13,6",raw.r1c_nomenclature,1,1
Номенклатура — расширенная,Труба асбест. 400мм 5м,raw.r1c_nomenclature,1,1
Номенклатура — расширенная,Труба в сборе ЭК-100.730,raw.r1c_nomenclature,1,1
Номенклатура — расширенная,"Труба водопроводная 32х3,2мм",raw.r1c_nomenclature,1,1
Номенклатура — расширенная,"Труба водопроводная 40х2,4мм",raw.r1c_nomenclature,1,1
Номенклатура — расширенная,Труба выхлопная задн.,raw.r1c_nomenclature,1,1
Номенклатура — расширенная,Труба гофрированная ПНД Д=16,raw.r1c_nomenclature,1,1
Номенклатура — расширенная,Труба гофрированная ПНД Д=20 УралПак,raw.r1c_nomenclature,1,1
Номенклатура — расширенная,Труба гофрированная ПНД Д=25 УралПак,raw.r1c_nomenclature,1,1
Номенклатура — расширенная,"Труба из сплава аллюминия диаметром 6"",длина 5,8 м",raw.r1c_nomenclature,1,1
Номенклатура — расширенная,"Труба из сплава аллюминия диаметром 8"",длина 5,8 м",raw.r1c_nomenclature,1,1
Номенклатура — расширенная,Труба канал 50-2м ,raw.r1c_nomenclature,1,1
Номенклатура — расширенная,Труба короткая ЭК-100.740,raw.r1c_nomenclature,1,1
Номенклатура — расширенная,Труба короткая опорная ЭК-100.750,raw.r1c_nomenclature,1,1
Номенклатура — расширенная,Труба легкая черная ПНД Д=20 гофрированная с протяжкой,raw.r1c_nomenclature,1,1
Номенклатура — расширенная,Труба сантехническая диаметр 250  ,raw.r1c_nomenclature,1,1
Номенклатура — расширенная,Труба термоусаживаемая d3,raw.r1c_nomenclature,1,1
Номенклатура — расширенная,Труба топливная 3302,raw.r1c_nomenclature,1,1
Номенклатура — расширенная,Труба топливная ГАЗ3309 низкого давления,raw.r1c_nomenclature,1,1
Номенклатура — расширенная,Труба топливная КАМАЗ низкого давления 3 шт,raw.r1c_nomenclature,1,1
Номенклатура — расширенная,Труба тормозная 3302 оттройника к шлангу,raw.r1c_nomenclature,1,1
Номенклатура — расширенная,"Труба шарнира 700А 28.00.020 (К-700,К-744)",raw.r1c_nomenclature,1,1
Номенклатура — расширенная,"Труба шарнира 700А.28.00.020 (К-700, К-744)",raw.r1c_nomenclature,1,1
Номенклатура — расширенная,Труба шкворня (фланец),raw.r1c_nomenclature,1,1
Номенклатура — расширенная,Трубка  ПВХ ф12 мм черная,raw.r1c_nomenclature,1,1
Номенклатура — расширенная,Трубка ПВХ ф 10 мм черная,raw.r1c_nomenclature,1,1
Номенклатура — расширенная,Трубка ПВХ ф 6 мм черная,raw.r1c_nomenclature,1,1
Номенклатура — расширенная,Трубка полиуретановая голубая рабочее давление 12бар,raw.r1c_nomenclature,1,1
Номенклатура — расширенная,Трубка термоусадочная ,raw.r1c_nomenclature,1,1
Номенклатура — расширенная,"Трубка термоусадочная d=2.3.4.5.6.10 мм длина 100мм,120шт в набор JTC-2034",raw.r1c_nomenclature,1,1
Номенклатура — расширенная,Трубка топливная (обратка) Ford Transit,raw.r1c_nomenclature,1,1
Номенклатура — расширенная,Трубка топливная ТНВД,raw.r1c_nomenclature,1,1
Номенклатура — расширенная,Трубка топливная низкого давления,raw.r1c_nomenclature,1,1
Номенклатура — расширенная,Трубка тормозная ,raw.r1c_nomenclature,1,1
Номенклатура — расширенная,Трубонасадка 045,raw.r1c_nomenclature,1,1
Номенклатура — расширенная,"Трубонасадка 045,280 bar вход 1/4 внут",raw.r1c_nomenclature,1,1
Номенклатура — расширенная,Туарег Инсектицид,raw.r1c_nomenclature,1,1
Номенклатура — расширенная,Турион Инсектицид,raw.r1c_nomenclature,1,1
Номенклатура — расширенная,Турникет электромеханический,raw.r1c_nomenclature,1,1
Номенклатура — расширенная,Турникет_Кабель витая пара 8 жил,raw.r1c_nomenclature,1,1
Номенклатура — расширенная,Турникет_Коммутатор сетевой 5-портовый,raw.r1c_nomenclature,1,1
Номенклатура — расширенная,Турникет_Пульт управления проводной,raw.r1c_nomenclature,1,1
Номенклатура — расширенная,Турникет_Считыватель биометрический (отпечаток пальца),raw.r1c_nomenclature,1,1
Номенклатура — расширенная,Турникет_Шнур ШВВП,raw.r1c_nomenclature,1,1
Номенклатура — расширенная,Турникет_источник питания,raw.r1c_nomenclature,1,1
Номенклатура — расширенная,Турникет_расходные монтажные материалы КПП,raw.r1c_nomenclature,1,1
Номенклатура — расширенная,Тэн нагревательный 400W k R2,raw.r1c_nomenclature,1,1
Номенклатура — расширенная,Тэн нагревательный 900W ,raw.r1c_nomenclature,1,1
Номенклатура — расширенная,Тюльпан свежесрезанный,raw.r1c_nomenclature,1,1
Номенклатура — расширенная,Тяга 700А.46.28.410 левая в сборе,raw.r1c_nomenclature,1,1
Номенклатура — расширенная,Тяга КТ 40.03.07.000,raw.r1c_nomenclature,1,1
Номенклатура — расширенная,Тяга МТЗ-1221 ус-ва навесная правая 1220-4605030,raw.r1c_nomenclature,1,1
Номенклатура — расширенная,Тяга верхняя 1220-4605590,raw.r1c_nomenclature,1,1
Номенклатура — расширенная,Тяга выдвижная 700А.46.28.440-1 сварная,raw.r1c_nomenclature,1,1
Номенклатура — расширенная,Тяга длинная Т219 Т219-1,raw.r1c_nomenclature,1,1
Номенклатура — расширенная,Тяга задней подвески ,raw.r1c_nomenclature,1,1
Номенклатура — расширенная,Тяга навески МТЗ 1/2 5040/45,raw.r1c_nomenclature,1,1
Номенклатура — расширенная,Тяга нижняя 28О 735-46 28.010,raw.r1c_nomenclature,1,1
Номенклатура — расширенная,Тяга нижняя 28О 735-46 28.010-01,raw.r1c_nomenclature,1,1
Номенклатура — расширенная,Тяга правая,raw.r1c_nomenclature,1,1
Номенклатура — расширенная,Тяга рулевая,raw.r1c_nomenclature,1,1
Номенклатура — расширенная,Тяга рулевая 1220-3003010,raw.r1c_nomenclature,1,1
Номенклатура — расширенная,Тяга рулевая ACP0286710,raw.r1c_nomenclature,1,1
Номенклатура — расширенная,Тяга рулевая Peugeout,raw.r1c_nomenclature,1,1
Номенклатура — расширенная,Тяга рулевая ЗИЛ-130 поперечная,raw.r1c_nomenclature,1,1
Номенклатура — расширенная,Тяга рулевая ЗИЛ-130 продольная,raw.r1c_nomenclature,1,1
Номенклатура — расширенная,"Тяга рулевая МАЗ-5337,53371,53373,54328,5516,5551,4229 КРАЗ-6510 поперечная L=1500мм БААЗ 6422",raw.r1c_nomenclature,1,1
Номенклатура — расширенная,"Тяга рулевая МАЗ-533702,543202,54323,5551,555102 продольная L=754мм БААЗ 5551",raw.r1c_nomenclature,1,1
Номенклатура — расширенная,Тяга рулевая МТЗ-1221,raw.r1c_nomenclature,1,1
Номенклатура — расширенная,Тяга рулевая ПАЗ-3205 продольная,raw.r1c_nomenclature,1,1
Номенклатура — расширенная,Тяга рулевого механизма,raw.r1c_nomenclature,1,1
Номенклатура — расширенная,Тяга стабилизатора CI-ES-7321,raw.r1c_nomenclature,1,1
Номенклатура — расширенная,Тяга стабилизатора перед.задней подвески SASIC 2304033,raw.r1c_nomenclature,1,1
Номенклатура — расширенная,"Тяга управления распредил. Р80,80-4607260",raw.r1c_nomenclature,1,1
Номенклатура — расширенная,Тяга управления распредил. РП70 Р1221-4607260,raw.r1c_nomenclature,1,1
Номенклатура — расширенная,Тяжелое дискование,raw.r1c_nomenclature,1,1
Номенклатура — расширенная,Тяжёлое дискование (почасовая оплата),raw.r1c_nomenclature,1,1
Номенклатура — расширенная,"УДЛИНИТЕЛЬ,8П.,ЭКР.,M12X1,3 m (В94.02364) m (В94.02364)",raw.r1c_nomenclature,1,1
Номенклатура — расширенная,УПОРНАЯ ПРУЖИНА (076.01560,raw.r1c_nomenclature,1,1
Номенклатура — расширенная,УСЛУГИ И РАБОТЫ,raw.r1c_nomenclature,1,1
Номенклатура — расширенная,УСТАНОВОЧНАЯ ТЯГА (ИД: 101.22436),raw.r1c_nomenclature,1,1
Номенклатура — расширенная,Уборка картофеля,raw.r1c_nomenclature,1,1
Номенклатура — расширенная,Уборка картофеля_ручная,raw.r1c_nomenclature,1,1
Номенклатура — расширенная,Уборка свеклы,raw.r1c_nomenclature,1,1
Номенклатура — расширенная,Уборка чеснока_механизированная,raw.r1c_nomenclature,1,1
Номенклатура — расширенная,Уборка чеснока_ручная,raw.r1c_nomenclature,1,1
Номенклатура — расширенная,"Угловой сенсор 45 ° 0,5-4,5V",raw.r1c_nomenclature,1,1
Номенклатура — расширенная,"Угол 3/4 32""",raw.r1c_nomenclature,1,1
Номенклатура — расширенная,Угол 45 градусов на 6*трубу,raw.r1c_nomenclature,1,1
Номенклатура — расширенная,Угол 45 градусов на 8*трубу,raw.r1c_nomenclature,1,1
Номенклатура — расширенная,Угол 90 градусов на 6*трубу,raw.r1c_nomenclature,1,1
Номенклатура — расширенная,Угол 90 градусов на 8*трубу,raw.r1c_nomenclature,1,1
Номенклатура — расширенная,Угол L157074,raw.r1c_nomenclature,1,1
Номенклатура — расширенная,Угол PPRC 20 90/45,raw.r1c_nomenclature,1,1
Номенклатура — расширенная,Угол PPRC 25 на 90*,raw.r1c_nomenclature,1,1
Номенклатура — расширенная,Уголок ПНД ф32,raw.r1c_nomenclature,1,1
Номенклатура — расширенная,Уголок ппр белый 32 на 90*,raw.r1c_nomenclature,1,1
Номенклатура — расширенная,"Угольник 22(м1,8*1,5)",raw.r1c_nomenclature,1,1
Номенклатура — расширенная,"Угольник 27 (М22*1,5)",raw.r1c_nomenclature,1,1
Номенклатура — расширенная,Угольник ник. 15*15Н ,raw.r1c_nomenclature,1,1
Номенклатура — расширенная,Угольник ник.15 с креплением,raw.r1c_nomenclature,1,1
Номенклатура — расширенная,Угольник ник.63град  с креплением,raw.r1c_nomenclature,1,1
Номенклатура — расширенная,Угольник пластиковый Д-20*90гр,raw.r1c_nomenclature,1,1
Номенклатура — расширенная,Удаление ботвы,raw.r1c_nomenclature,1,1
Номенклатура — расширенная,Удаление ботвы/травы ,raw.r1c_nomenclature,1,1
Номенклатура — расширенная,Удаление стрелок,raw.r1c_nomenclature,1,1
Номенклатура — расширенная,Ударопоглащающий материал,raw.r1c_nomenclature,1,1
Номенклатура — расширенная,Удлинитель вентиля резиновый,raw.r1c_nomenclature,1,1
Номенклатура — расширенная,Удобрение Стерня-12,raw.r1c_nomenclature,1,1
Номенклатура — расширенная,Удобрение азотно-фосфорно-калийное NPK 8.20.30,raw.r1c_nomenclature,1,1
Номенклатура — расширенная,Удобрение азотное серосодержащее марки NS 26.13,raw.r1c_nomenclature,1,1
Номенклатура — расширенная,"Удобрение минеральное гранулированное ""КалийМаг"" K2O 45% Mg 5%",raw.r1c_nomenclature,1,1
Номенклатура — расширенная,"Удобрение минеральное гранулированное ""Калиймаг"" K2O 45% Mg 8%",raw.r1c_nomenclature,1,1
Номенклатура — расширенная,Удобрение органическое на основе куриного пр-ва гранулированный ,raw.r1c_nomenclature,1,1
Номенклатура — расширенная,Удобрение сложное NPK (S) 5.15.30(5),raw.r1c_nomenclature,1,1
Номенклатура — расширенная,Удобрения,raw.r1c_nomenclature,1,1
Номенклатура — расширенная,Узел крепления УК-ОК-01,raw.r1c_nomenclature,1,1
Номенклатура — расширенная,Узел подшипника БДЮ 01.010А в сборе нового обр. БДТ-3,raw.r1c_nomenclature,1,1
Номенклатура — расширенная,"Указатель давления КАМАЗ 430,ГАЗ-3306,3309,4301 (АНАЛОГ 061120) АВТОПРИБОР",raw.r1c_nomenclature,1,1
Номенклатура — расширенная,Улей 10 рамочный 1 корпус+2 магазина Дадан,raw.r1c_nomenclature,1,1
Номенклатура — расширенная,"Ультразвуковой генератор тумана ""Фитотуман Башинком""10",raw.r1c_nomenclature,1,1
Номенклатура — расширенная,Упаковка,raw.r1c_nomenclature,1,1
Номенклатура — расширенная,Упаковка ПН (Поддон 1210),raw.r1c_nomenclature,1,1
Номенклатура — расширенная,Упаковка и расходные материалы,raw.r1c_nomenclature,1,1
Номенклатура — расширенная,Упаковка и фасовка товара,raw.r1c_nomenclature,1,1
Номенклатура — расширенная,Упаковочная машина мод BSS-134 серийный номер 1054128 и выгружной транспортер GNR-121Т65 серийный но,raw.r1c_nomenclature,1,1
Номенклатура — расширенная,Уплотнение цапфы 112.31.029,raw.r1c_nomenclature,1,1
Номенклатура — расширенная,Уплотнитель МТЗ-1221 рулевого пальца КЗРиЛИ,raw.r1c_nomenclature,1,1
Номенклатура — расширенная,Уплотнитель главного вала Фишбейн100,raw.r1c_nomenclature,1,1
Номенклатура — расширенная,Уплотнитель рычагов Фишбейн100,raw.r1c_nomenclature,1,1
Номенклатура — расширенная,Уплотнитель стекла бокового МТЗ F202.2 786503,raw.r1c_nomenclature,1,1
Номенклатура — расширенная,Уплотнительное устройство механизма подачи,raw.r1c_nomenclature,1,1
Номенклатура — расширенная,Упор 700А.46.28.243,raw.r1c_nomenclature,1,1
Номенклатура — расширенная,Упор вогнутый БДТ 336,raw.r1c_nomenclature,1,1
Номенклатура — расширенная,Упор выпуклый БДТ 335,raw.r1c_nomenclature,1,1
Номенклатура — расширенная,Упор левый К-700,raw.r1c_nomenclature,1,1
Номенклатура — расширенная,Упор правый К-700,raw.r1c_nomenclature,1,1
Номенклатура — расширенная,Упорная пружина VULK (076.01893),raw.r1c_nomenclature,1,1
Номенклатура — расширенная,Управление гидравлический упл.гребнеупл.ручной,raw.r1c_nomenclature,1,1
Номенклатура — расширенная,"Урожай 2025 ГалаРС1 Белый без полива, поле 203, уч.3",raw.r1c_nomenclature,1,1
Номенклатура — расширенная,"Урожай 2025 ГалаРС3 Белый с поливом, поле 201, уч.10",raw.r1c_nomenclature,1,1
Номенклатура — расширенная,"Урожай 2025 ГалаРС3 Белый с поливом, поле 318, уч.4",raw.r1c_nomenclature,1,1
Номенклатура — расширенная,"Урожай 2025 ГалаРС3 Белый с поливом, поле 751, уч.9",raw.r1c_nomenclature,1,1
Номенклатура — расширенная,"Урожай 2025 ГалаРС3 Белый с поливом., поле 318, уч.6",raw.r1c_nomenclature,1,1
Номенклатура — расширенная,"Урожай 2025 ГалаРС3 Белый с поливом_поле 318, уч.5",raw.r1c_nomenclature,1,1
Номенклатура — расширенная,"Урожай 2025 КарменРС1 Красный без полива, поле 203, уч.1",raw.r1c_nomenclature,1,1
Номенклатура — расширенная,"Урожай 2025 КарменРС1 Красный без полива, поле 203, уч.2",raw.r1c_nomenclature,1,1
Номенклатура — расширенная,"Урожай 2025 КарменРС1 Красный с поливом, поле 751, уч.7",raw.r1c_nomenclature,1,1
Номенклатура — расширенная,"Урожай 2025 КарменРС2 Красный с поливом, поле 751, уч.8",raw.r1c_nomenclature,1,1
Номенклатура — расширенная,"Урожай 2025 ФламингоРС3 Красный с поливом, поле 201, уч.11",raw.r1c_nomenclature,1,1
Номенклатура — расширенная,Урожай 2026,raw.r1c_nomenclature,1,1
Номенклатура — расширенная,Усиление (015.75364),raw.r1c_nomenclature,1,1
Номенклатура — расширенная,Услуги по ведению кадрового делопроизводства,raw.r1c_nomenclature,1,1
Номенклатура — расширенная,Услуги по очистке овощей наемным персоналом,raw.r1c_nomenclature,1,1
Номенклатура — расширенная,Услуги по переоценке основных средств,raw.r1c_nomenclature,1,1
Номенклатура — расширенная,Услуги по питанию работников,raw.r1c_nomenclature,1,1
Номенклатура — расширенная,Услуги по пусконаладке,raw.r1c_nomenclature,1,1
Номенклатура — расширенная,"Услуги по ремонту, ТО и обслуживанию оборудования, техники, помещений",raw.r1c_nomenclature,1,1
Номенклатура — расширенная,Услуги по электронному документообороту,raw.r1c_nomenclature,1,1
Номенклатура — расширенная,Услуги такси,raw.r1c_nomenclature,1,1
Номенклатура — расширенная,Услуги эвакуатора,raw.r1c_nomenclature,1,1
