[2026-07-13T00:11:09.372+0000] {processor.py:186} INFO - Started process (PID=60498) to work on /opt/airflow/dags/dag_extract_dvizhenie.py
[2026-07-13T00:11:09.372+0000] {processor.py:914} INFO - Processing file /opt/airflow/dags/dag_extract_dvizhenie.py for tasks to queue
[2026-07-13T00:11:09.373+0000] {logging_mixin.py:190} INFO - [2026-07-13T00:11:09.373+0000] {dagbag.py:588} INFO - Filling up the DagBag from /opt/airflow/dags/dag_extract_dvizhenie.py
[2026-07-13T00:11:09.378+0000] {processor.py:925} INFO - DAG(s) 'dag_extract_dvizhenie' retrieved from /opt/airflow/dags/dag_extract_dvizhenie.py
[2026-07-13T00:11:09.387+0000] {logging_mixin.py:190} INFO - [2026-07-13T00:11:09.387+0000] {dag.py:3239} INFO - Sync 1 DAGs
[2026-07-13T00:11:09.395+0000] {logging_mixin.py:190} INFO - [2026-07-13T00:11:09.395+0000] {dag.py:4180} INFO - Setting next_dagrun for dag_extract_dvizhenie to 2026-07-12 22:00:00+00:00, run_after=2026-07-13 00:00:00+00:00
[2026-07-13T00:11:09.400+0000] {processor.py:208} INFO - Processing /opt/airflow/dags/dag_extract_dvizhenie.py took 0.030 seconds
[2026-07-13T00:11:39.849+0000] {processor.py:186} INFO - Started process (PID=60518) to work on /opt/airflow/dags/dag_extract_dvizhenie.py
[2026-07-13T00:11:39.849+0000] {processor.py:914} INFO - Processing file /opt/airflow/dags/dag_extract_dvizhenie.py for tasks to queue
[2026-07-13T00:11:39.850+0000] {logging_mixin.py:190} INFO - [2026-07-13T00:11:39.850+0000] {dagbag.py:588} INFO - Filling up the DagBag from /opt/airflow/dags/dag_extract_dvizhenie.py
[2026-07-13T00:11:39.854+0000] {processor.py:925} INFO - DAG(s) 'dag_extract_dvizhenie' retrieved from /opt/airflow/dags/dag_extract_dvizhenie.py
[2026-07-13T00:11:39.864+0000] {logging_mixin.py:190} INFO - [2026-07-13T00:11:39.864+0000] {dag.py:3239} INFO - Sync 1 DAGs
[2026-07-13T00:11:39.871+0000] {logging_mixin.py:190} INFO - [2026-07-13T00:11:39.871+0000] {dag.py:4180} INFO - Setting next_dagrun for dag_extract_dvizhenie to 2026-07-12 22:00:00+00:00, run_after=2026-07-13 00:00:00+00:00
[2026-07-13T00:11:39.876+0000] {processor.py:208} INFO - Processing /opt/airflow/dags/dag_extract_dvizhenie.py took 0.030 seconds
[2026-07-13T00:12:16.395+0000] {processor.py:186} INFO - Started process (PID=60538) to work on /opt/airflow/dags/dag_extract_dvizhenie.py
[2026-07-13T00:12:16.396+0000] {processor.py:914} INFO - Processing file /opt/airflow/dags/dag_extract_dvizhenie.py for tasks to queue
[2026-07-13T00:12:16.396+0000] {logging_mixin.py:190} INFO - [2026-07-13T00:12:16.396+0000] {dagbag.py:588} INFO - Filling up the DagBag from /opt/airflow/dags/dag_extract_dvizhenie.py
[2026-07-13T00:12:16.401+0000] {processor.py:925} INFO - DAG(s) 'dag_extract_dvizhenie' retrieved from /opt/airflow/dags/dag_extract_dvizhenie.py
[2026-07-13T00:12:16.411+0000] {logging_mixin.py:190} INFO - [2026-07-13T00:12:16.411+0000] {dag.py:3239} INFO - Sync 1 DAGs
[2026-07-13T00:12:16.418+0000] {logging_mixin.py:190} INFO - [2026-07-13T00:12:16.418+0000] {dag.py:4180} INFO - Setting next_dagrun for dag_extract_dvizhenie to 2026-07-12 22:00:00+00:00, run_after=2026-07-13 00:00:00+00:00
[2026-07-13T00:12:16.423+0000] {processor.py:208} INFO - Processing /opt/airflow/dags/dag_extract_dvizhenie.py took 0.030 seconds
[2026-07-13T00:12:53.922+0000] {processor.py:186} INFO - Started process (PID=60556) to work on /opt/airflow/dags/dag_extract_dvizhenie.py
[2026-07-13T00:12:53.922+0000] {processor.py:914} INFO - Processing file /opt/airflow/dags/dag_extract_dvizhenie.py for tasks to queue
[2026-07-13T00:12:53.926+0000] {logging_mixin.py:190} INFO - [2026-07-13T00:12:53.926+0000] {dagbag.py:588} INFO - Filling up the DagBag from /opt/airflow/dags/dag_extract_dvizhenie.py
[2026-07-13T00:12:53.931+0000] {processor.py:925} INFO - DAG(s) 'dag_extract_dvizhenie' retrieved from /opt/airflow/dags/dag_extract_dvizhenie.py
[2026-07-13T00:12:53.945+0000] {logging_mixin.py:190} INFO - [2026-07-13T00:12:53.945+0000] {dag.py:3239} INFO - Sync 1 DAGs
[2026-07-13T00:12:53.954+0000] {logging_mixin.py:190} INFO - [2026-07-13T00:12:53.954+0000] {dag.py:4180} INFO - Setting next_dagrun for dag_extract_dvizhenie to 2026-07-12 22:00:00+00:00, run_after=2026-07-13 00:00:00+00:00
[2026-07-13T00:12:53.964+0000] {processor.py:208} INFO - Processing /opt/airflow/dags/dag_extract_dvizhenie.py took 0.044 seconds
[2026-07-13T00:30:35.503+0000] {processor.py:186} INFO - Started process (PID=60578) to work on /opt/airflow/dags/dag_extract_dvizhenie.py
[2026-07-13T00:30:35.503+0000] {processor.py:914} INFO - Processing file /opt/airflow/dags/dag_extract_dvizhenie.py for tasks to queue
[2026-07-13T00:30:35.504+0000] {logging_mixin.py:190} INFO - [2026-07-13T00:30:35.504+0000] {dagbag.py:588} INFO - Filling up the DagBag from /opt/airflow/dags/dag_extract_dvizhenie.py
[2026-07-13T00:30:35.509+0000] {processor.py:925} INFO - DAG(s) 'dag_extract_dvizhenie' retrieved from /opt/airflow/dags/dag_extract_dvizhenie.py
[2026-07-13T00:30:35.520+0000] {logging_mixin.py:190} INFO - [2026-07-13T00:30:35.520+0000] {dag.py:3239} INFO - Sync 1 DAGs
[2026-07-13T00:30:35.528+0000] {logging_mixin.py:190} INFO - [2026-07-13T00:30:35.528+0000] {dag.py:4180} INFO - Setting next_dagrun for dag_extract_dvizhenie to 2026-07-12 22:00:00+00:00, run_after=2026-07-13 00:00:00+00:00
[2026-07-13T00:30:35.533+0000] {processor.py:208} INFO - Processing /opt/airflow/dags/dag_extract_dvizhenie.py took 0.034 seconds
[2026-07-13T01:22:29.123+0000] {processor.py:186} INFO - Started process (PID=60598) to work on /opt/airflow/dags/dag_extract_dvizhenie.py
[2026-07-13T01:22:29.123+0000] {processor.py:914} INFO - Processing file /opt/airflow/dags/dag_extract_dvizhenie.py for tasks to queue
[2026-07-13T01:22:29.124+0000] {logging_mixin.py:190} INFO - [2026-07-13T01:22:29.124+0000] {dagbag.py:588} INFO - Filling up the DagBag from /opt/airflow/dags/dag_extract_dvizhenie.py
[2026-07-13T01:22:29.128+0000] {processor.py:925} INFO - DAG(s) 'dag_extract_dvizhenie' retrieved from /opt/airflow/dags/dag_extract_dvizhenie.py
[2026-07-13T01:22:29.138+0000] {logging_mixin.py:190} INFO - [2026-07-13T01:22:29.138+0000] {dag.py:3239} INFO - Sync 1 DAGs
[2026-07-13T01:22:29.145+0000] {logging_mixin.py:190} INFO - [2026-07-13T01:22:29.145+0000] {dag.py:4180} INFO - Setting next_dagrun for dag_extract_dvizhenie to 2026-07-12 22:00:00+00:00, run_after=2026-07-13 00:00:00+00:00
[2026-07-13T01:22:29.150+0000] {processor.py:208} INFO - Processing /opt/airflow/dags/dag_extract_dvizhenie.py took 0.030 seconds
[2026-07-13T01:22:59.636+0000] {processor.py:186} INFO - Started process (PID=60618) to work on /opt/airflow/dags/dag_extract_dvizhenie.py
[2026-07-13T01:22:59.637+0000] {processor.py:914} INFO - Processing file /opt/airflow/dags/dag_extract_dvizhenie.py for tasks to queue
[2026-07-13T01:22:59.638+0000] {logging_mixin.py:190} INFO - [2026-07-13T01:22:59.638+0000] {dagbag.py:588} INFO - Filling up the DagBag from /opt/airflow/dags/dag_extract_dvizhenie.py
[2026-07-13T01:22:59.646+0000] {processor.py:925} INFO - DAG(s) 'dag_extract_dvizhenie' retrieved from /opt/airflow/dags/dag_extract_dvizhenie.py
[2026-07-13T01:22:59.656+0000] {logging_mixin.py:190} INFO - [2026-07-13T01:22:59.656+0000] {dag.py:3239} INFO - Sync 1 DAGs
[2026-07-13T01:22:59.664+0000] {logging_mixin.py:190} INFO - [2026-07-13T01:22:59.664+0000] {dag.py:4180} INFO - Setting next_dagrun for dag_extract_dvizhenie to 2026-07-12 22:00:00+00:00, run_after=2026-07-13 00:00:00+00:00
[2026-07-13T01:22:59.669+0000] {processor.py:208} INFO - Processing /opt/airflow/dags/dag_extract_dvizhenie.py took 0.035 seconds
[2026-07-13T01:23:35.855+0000] {processor.py:186} INFO - Started process (PID=60638) to work on /opt/airflow/dags/dag_extract_dvizhenie.py
[2026-07-13T01:23:35.855+0000] {processor.py:914} INFO - Processing file /opt/airflow/dags/dag_extract_dvizhenie.py for tasks to queue
[2026-07-13T01:23:35.856+0000] {logging_mixin.py:190} INFO - [2026-07-13T01:23:35.856+0000] {dagbag.py:588} INFO - Filling up the DagBag from /opt/airflow/dags/dag_extract_dvizhenie.py
[2026-07-13T01:23:35.860+0000] {processor.py:925} INFO - DAG(s) 'dag_extract_dvizhenie' retrieved from /opt/airflow/dags/dag_extract_dvizhenie.py
[2026-07-13T01:23:35.870+0000] {logging_mixin.py:190} INFO - [2026-07-13T01:23:35.870+0000] {dag.py:3239} INFO - Sync 1 DAGs
[2026-07-13T01:23:35.877+0000] {logging_mixin.py:190} INFO - [2026-07-13T01:23:35.877+0000] {dag.py:4180} INFO - Setting next_dagrun for dag_extract_dvizhenie to 2026-07-12 22:00:00+00:00, run_after=2026-07-13 00:00:00+00:00
[2026-07-13T01:23:35.882+0000] {processor.py:208} INFO - Processing /opt/airflow/dags/dag_extract_dvizhenie.py took 0.030 seconds
[2026-07-13T01:24:12.196+0000] {processor.py:186} INFO - Started process (PID=60656) to work on /opt/airflow/dags/dag_extract_dvizhenie.py
[2026-07-13T01:24:12.197+0000] {processor.py:914} INFO - Processing file /opt/airflow/dags/dag_extract_dvizhenie.py for tasks to queue
[2026-07-13T01:24:12.198+0000] {logging_mixin.py:190} INFO - [2026-07-13T01:24:12.198+0000] {dagbag.py:588} INFO - Filling up the DagBag from /opt/airflow/dags/dag_extract_dvizhenie.py
[2026-07-13T01:24:12.203+0000] {processor.py:925} INFO - DAG(s) 'dag_extract_dvizhenie' retrieved from /opt/airflow/dags/dag_extract_dvizhenie.py
[2026-07-13T01:24:12.214+0000] {logging_mixin.py:190} INFO - [2026-07-13T01:24:12.214+0000] {dag.py:3239} INFO - Sync 1 DAGs
[2026-07-13T01:24:12.221+0000] {logging_mixin.py:190} INFO - [2026-07-13T01:24:12.221+0000] {dag.py:4180} INFO - Setting next_dagrun for dag_extract_dvizhenie to 2026-07-12 22:00:00+00:00, run_after=2026-07-13 00:00:00+00:00
[2026-07-13T01:24:12.229+0000] {processor.py:208} INFO - Processing /opt/airflow/dags/dag_extract_dvizhenie.py took 0.036 seconds
[2026-07-13T01:24:42.733+0000] {processor.py:186} INFO - Started process (PID=60678) to work on /opt/airflow/dags/dag_extract_dvizhenie.py
[2026-07-13T01:24:42.733+0000] {processor.py:914} INFO - Processing file /opt/airflow/dags/dag_extract_dvizhenie.py for tasks to queue
[2026-07-13T01:24:42.734+0000] {logging_mixin.py:190} INFO - [2026-07-13T01:24:42.734+0000] {dagbag.py:588} INFO - Filling up the DagBag from /opt/airflow/dags/dag_extract_dvizhenie.py
[2026-07-13T01:24:42.738+0000] {processor.py:925} INFO - DAG(s) 'dag_extract_dvizhenie' retrieved from /opt/airflow/dags/dag_extract_dvizhenie.py
[2026-07-13T01:24:42.748+0000] {logging_mixin.py:190} INFO - [2026-07-13T01:24:42.748+0000] {dag.py:3239} INFO - Sync 1 DAGs
[2026-07-13T01:24:42.755+0000] {logging_mixin.py:190} INFO - [2026-07-13T01:24:42.755+0000] {dag.py:4180} INFO - Setting next_dagrun for dag_extract_dvizhenie to 2026-07-12 22:00:00+00:00, run_after=2026-07-13 00:00:00+00:00
[2026-07-13T01:24:42.760+0000] {processor.py:208} INFO - Processing /opt/airflow/dags/dag_extract_dvizhenie.py took 0.030 seconds
[2026-07-13T01:25:19.427+0000] {processor.py:186} INFO - Started process (PID=60698) to work on /opt/airflow/dags/dag_extract_dvizhenie.py
[2026-07-13T01:25:19.428+0000] {processor.py:914} INFO - Processing file /opt/airflow/dags/dag_extract_dvizhenie.py for tasks to queue
[2026-07-13T01:25:19.429+0000] {logging_mixin.py:190} INFO - [2026-07-13T01:25:19.429+0000] {dagbag.py:588} INFO - Filling up the DagBag from /opt/airflow/dags/dag_extract_dvizhenie.py
[2026-07-13T01:25:19.434+0000] {processor.py:925} INFO - DAG(s) 'dag_extract_dvizhenie' retrieved from /opt/airflow/dags/dag_extract_dvizhenie.py
[2026-07-13T01:25:19.447+0000] {logging_mixin.py:190} INFO - [2026-07-13T01:25:19.447+0000] {dag.py:3239} INFO - Sync 1 DAGs
[2026-07-13T01:25:19.455+0000] {logging_mixin.py:190} INFO - [2026-07-13T01:25:19.454+0000] {dag.py:4180} INFO - Setting next_dagrun for dag_extract_dvizhenie to 2026-07-12 22:00:00+00:00, run_after=2026-07-13 00:00:00+00:00
[2026-07-13T01:25:19.461+0000] {processor.py:208} INFO - Processing /opt/airflow/dags/dag_extract_dvizhenie.py took 0.036 seconds
[2026-07-13T01:25:55.946+0000] {processor.py:186} INFO - Started process (PID=60716) to work on /opt/airflow/dags/dag_extract_dvizhenie.py
[2026-07-13T01:25:55.947+0000] {processor.py:914} INFO - Processing file /opt/airflow/dags/dag_extract_dvizhenie.py for tasks to queue
[2026-07-13T01:25:55.948+0000] {logging_mixin.py:190} INFO - [2026-07-13T01:25:55.948+0000] {dagbag.py:588} INFO - Filling up the DagBag from /opt/airflow/dags/dag_extract_dvizhenie.py
[2026-07-13T01:25:55.954+0000] {processor.py:925} INFO - DAG(s) 'dag_extract_dvizhenie' retrieved from /opt/airflow/dags/dag_extract_dvizhenie.py
[2026-07-13T01:25:55.965+0000] {logging_mixin.py:190} INFO - [2026-07-13T01:25:55.965+0000] {dag.py:3239} INFO - Sync 1 DAGs
[2026-07-13T01:25:55.976+0000] {logging_mixin.py:190} INFO - [2026-07-13T01:25:55.976+0000] {dag.py:4180} INFO - Setting next_dagrun for dag_extract_dvizhenie to 2026-07-12 22:00:00+00:00, run_after=2026-07-13 00:00:00+00:00
[2026-07-13T01:25:55.985+0000] {processor.py:208} INFO - Processing /opt/airflow/dags/dag_extract_dvizhenie.py took 0.041 seconds
[2026-07-13T01:26:26.495+0000] {processor.py:186} INFO - Started process (PID=60738) to work on /opt/airflow/dags/dag_extract_dvizhenie.py
[2026-07-13T01:26:26.496+0000] {processor.py:914} INFO - Processing file /opt/airflow/dags/dag_extract_dvizhenie.py for tasks to queue
[2026-07-13T01:26:26.498+0000] {logging_mixin.py:190} INFO - [2026-07-13T01:26:26.498+0000] {dagbag.py:588} INFO - Filling up the DagBag from /opt/airflow/dags/dag_extract_dvizhenie.py
[2026-07-13T01:26:26.503+0000] {processor.py:925} INFO - DAG(s) 'dag_extract_dvizhenie' retrieved from /opt/airflow/dags/dag_extract_dvizhenie.py
[2026-07-13T01:26:26.519+0000] {logging_mixin.py:190} INFO - [2026-07-13T01:26:26.519+0000] {dag.py:3239} INFO - Sync 1 DAGs
[2026-07-13T01:26:26.531+0000] {logging_mixin.py:190} INFO - [2026-07-13T01:26:26.531+0000] {dag.py:4180} INFO - Setting next_dagrun for dag_extract_dvizhenie to 2026-07-12 22:00:00+00:00, run_after=2026-07-13 00:00:00+00:00
[2026-07-13T01:26:26.537+0000] {processor.py:208} INFO - Processing /opt/airflow/dags/dag_extract_dvizhenie.py took 0.044 seconds
[2026-07-13T01:27:03.075+0000] {processor.py:186} INFO - Started process (PID=60758) to work on /opt/airflow/dags/dag_extract_dvizhenie.py
[2026-07-13T01:27:03.076+0000] {processor.py:914} INFO - Processing file /opt/airflow/dags/dag_extract_dvizhenie.py for tasks to queue
[2026-07-13T01:27:03.077+0000] {logging_mixin.py:190} INFO - [2026-07-13T01:27:03.076+0000] {dagbag.py:588} INFO - Filling up the DagBag from /opt/airflow/dags/dag_extract_dvizhenie.py
[2026-07-13T01:27:03.081+0000] {processor.py:925} INFO - DAG(s) 'dag_extract_dvizhenie' retrieved from /opt/airflow/dags/dag_extract_dvizhenie.py
[2026-07-13T01:27:03.091+0000] {logging_mixin.py:190} INFO - [2026-07-13T01:27:03.091+0000] {dag.py:3239} INFO - Sync 1 DAGs
[2026-07-13T01:27:03.098+0000] {logging_mixin.py:190} INFO - [2026-07-13T01:27:03.098+0000] {dag.py:4180} INFO - Setting next_dagrun for dag_extract_dvizhenie to 2026-07-12 22:00:00+00:00, run_after=2026-07-13 00:00:00+00:00
[2026-07-13T01:27:03.103+0000] {processor.py:208} INFO - Processing /opt/airflow/dags/dag_extract_dvizhenie.py took 0.030 seconds
[2026-07-13T01:27:33.515+0000] {processor.py:186} INFO - Started process (PID=60778) to work on /opt/airflow/dags/dag_extract_dvizhenie.py
[2026-07-13T01:27:33.515+0000] {processor.py:914} INFO - Processing file /opt/airflow/dags/dag_extract_dvizhenie.py for tasks to queue
[2026-07-13T01:27:33.516+0000] {logging_mixin.py:190} INFO - [2026-07-13T01:27:33.516+0000] {dagbag.py:588} INFO - Filling up the DagBag from /opt/airflow/dags/dag_extract_dvizhenie.py
[2026-07-13T01:27:33.520+0000] {processor.py:925} INFO - DAG(s) 'dag_extract_dvizhenie' retrieved from /opt/airflow/dags/dag_extract_dvizhenie.py
[2026-07-13T01:27:33.530+0000] {logging_mixin.py:190} INFO - [2026-07-13T01:27:33.530+0000] {dag.py:3239} INFO - Sync 1 DAGs
[2026-07-13T01:27:33.537+0000] {logging_mixin.py:190} INFO - [2026-07-13T01:27:33.537+0000] {dag.py:4180} INFO - Setting next_dagrun for dag_extract_dvizhenie to 2026-07-12 22:00:00+00:00, run_after=2026-07-13 00:00:00+00:00
[2026-07-13T01:27:33.541+0000] {processor.py:208} INFO - Processing /opt/airflow/dags/dag_extract_dvizhenie.py took 0.029 seconds
[2026-07-13T01:28:10.344+0000] {processor.py:186} INFO - Started process (PID=60798) to work on /opt/airflow/dags/dag_extract_dvizhenie.py
[2026-07-13T01:28:10.344+0000] {processor.py:914} INFO - Processing file /opt/airflow/dags/dag_extract_dvizhenie.py for tasks to queue
[2026-07-13T01:28:10.345+0000] {logging_mixin.py:190} INFO - [2026-07-13T01:28:10.345+0000] {dagbag.py:588} INFO - Filling up the DagBag from /opt/airflow/dags/dag_extract_dvizhenie.py
[2026-07-13T01:28:10.350+0000] {processor.py:925} INFO - DAG(s) 'dag_extract_dvizhenie' retrieved from /opt/airflow/dags/dag_extract_dvizhenie.py
[2026-07-13T01:28:10.360+0000] {logging_mixin.py:190} INFO - [2026-07-13T01:28:10.360+0000] {dag.py:3239} INFO - Sync 1 DAGs
[2026-07-13T01:28:10.367+0000] {logging_mixin.py:190} INFO - [2026-07-13T01:28:10.367+0000] {dag.py:4180} INFO - Setting next_dagrun for dag_extract_dvizhenie to 2026-07-12 22:00:00+00:00, run_after=2026-07-13 00:00:00+00:00
[2026-07-13T01:28:10.371+0000] {processor.py:208} INFO - Processing /opt/airflow/dags/dag_extract_dvizhenie.py took 0.030 seconds
[2026-07-13T01:28:46.554+0000] {processor.py:186} INFO - Started process (PID=60818) to work on /opt/airflow/dags/dag_extract_dvizhenie.py
[2026-07-13T01:28:46.554+0000] {processor.py:914} INFO - Processing file /opt/airflow/dags/dag_extract_dvizhenie.py for tasks to queue
[2026-07-13T01:28:46.555+0000] {logging_mixin.py:190} INFO - [2026-07-13T01:28:46.555+0000] {dagbag.py:588} INFO - Filling up the DagBag from /opt/airflow/dags/dag_extract_dvizhenie.py
[2026-07-13T01:28:46.561+0000] {processor.py:925} INFO - DAG(s) 'dag_extract_dvizhenie' retrieved from /opt/airflow/dags/dag_extract_dvizhenie.py
[2026-07-13T01:28:46.573+0000] {logging_mixin.py:190} INFO - [2026-07-13T01:28:46.572+0000] {dag.py:3239} INFO - Sync 1 DAGs
[2026-07-13T01:28:46.583+0000] {logging_mixin.py:190} INFO - [2026-07-13T01:28:46.583+0000] {dag.py:4180} INFO - Setting next_dagrun for dag_extract_dvizhenie to 2026-07-12 22:00:00+00:00, run_after=2026-07-13 00:00:00+00:00
[2026-07-13T01:28:46.588+0000] {processor.py:208} INFO - Processing /opt/airflow/dags/dag_extract_dvizhenie.py took 0.037 seconds
[2026-07-13T01:29:17.011+0000] {processor.py:186} INFO - Started process (PID=60838) to work on /opt/airflow/dags/dag_extract_dvizhenie.py
[2026-07-13T01:29:17.011+0000] {processor.py:914} INFO - Processing file /opt/airflow/dags/dag_extract_dvizhenie.py for tasks to queue
[2026-07-13T01:29:17.012+0000] {logging_mixin.py:190} INFO - [2026-07-13T01:29:17.012+0000] {dagbag.py:588} INFO - Filling up the DagBag from /opt/airflow/dags/dag_extract_dvizhenie.py
[2026-07-13T01:29:17.017+0000] {processor.py:925} INFO - DAG(s) 'dag_extract_dvizhenie' retrieved from /opt/airflow/dags/dag_extract_dvizhenie.py
[2026-07-13T01:29:17.027+0000] {logging_mixin.py:190} INFO - [2026-07-13T01:29:17.026+0000] {dag.py:3239} INFO - Sync 1 DAGs
[2026-07-13T01:29:17.034+0000] {logging_mixin.py:190} INFO - [2026-07-13T01:29:17.034+0000] {dag.py:4180} INFO - Setting next_dagrun for dag_extract_dvizhenie to 2026-07-12 22:00:00+00:00, run_after=2026-07-13 00:00:00+00:00
[2026-07-13T01:29:17.038+0000] {processor.py:208} INFO - Processing /opt/airflow/dags/dag_extract_dvizhenie.py took 0.030 seconds
[2026-07-13T01:29:54.426+0000] {processor.py:186} INFO - Started process (PID=60856) to work on /opt/airflow/dags/dag_extract_dvizhenie.py
[2026-07-13T01:29:54.426+0000] {processor.py:914} INFO - Processing file /opt/airflow/dags/dag_extract_dvizhenie.py for tasks to queue
[2026-07-13T01:29:54.428+0000] {logging_mixin.py:190} INFO - [2026-07-13T01:29:54.428+0000] {dagbag.py:588} INFO - Filling up the DagBag from /opt/airflow/dags/dag_extract_dvizhenie.py
[2026-07-13T01:29:54.434+0000] {processor.py:925} INFO - DAG(s) 'dag_extract_dvizhenie' retrieved from /opt/airflow/dags/dag_extract_dvizhenie.py
[2026-07-13T01:29:54.448+0000] {logging_mixin.py:190} INFO - [2026-07-13T01:29:54.448+0000] {dag.py:3239} INFO - Sync 1 DAGs
[2026-07-13T01:29:54.457+0000] {logging_mixin.py:190} INFO - [2026-07-13T01:29:54.457+0000] {dag.py:4180} INFO - Setting next_dagrun for dag_extract_dvizhenie to 2026-07-12 22:00:00+00:00, run_after=2026-07-13 00:00:00+00:00
[2026-07-13T01:29:54.463+0000] {processor.py:208} INFO - Processing /opt/airflow/dags/dag_extract_dvizhenie.py took 0.040 seconds
[2026-07-13T01:30:30.544+0000] {processor.py:186} INFO - Started process (PID=60877) to work on /opt/airflow/dags/dag_extract_dvizhenie.py
[2026-07-13T01:30:30.545+0000] {processor.py:914} INFO - Processing file /opt/airflow/dags/dag_extract_dvizhenie.py for tasks to queue
[2026-07-13T01:30:30.546+0000] {logging_mixin.py:190} INFO - [2026-07-13T01:30:30.546+0000] {dagbag.py:588} INFO - Filling up the DagBag from /opt/airflow/dags/dag_extract_dvizhenie.py
[2026-07-13T01:30:30.551+0000] {processor.py:925} INFO - DAG(s) 'dag_extract_dvizhenie' retrieved from /opt/airflow/dags/dag_extract_dvizhenie.py
[2026-07-13T01:30:30.565+0000] {logging_mixin.py:190} INFO - [2026-07-13T01:30:30.565+0000] {dag.py:3239} INFO - Sync 1 DAGs
[2026-07-13T01:30:30.575+0000] {logging_mixin.py:190} INFO - [2026-07-13T01:30:30.575+0000] {dag.py:4180} INFO - Setting next_dagrun for dag_extract_dvizhenie to 2026-07-12 22:00:00+00:00, run_after=2026-07-13 00:00:00+00:00
[2026-07-13T01:30:30.582+0000] {processor.py:208} INFO - Processing /opt/airflow/dags/dag_extract_dvizhenie.py took 0.042 seconds
[2026-07-13T01:31:06.657+0000] {processor.py:186} INFO - Started process (PID=60898) to work on /opt/airflow/dags/dag_extract_dvizhenie.py
[2026-07-13T01:31:06.657+0000] {processor.py:914} INFO - Processing file /opt/airflow/dags/dag_extract_dvizhenie.py for tasks to queue
[2026-07-13T01:31:06.658+0000] {logging_mixin.py:190} INFO - [2026-07-13T01:31:06.658+0000] {dagbag.py:588} INFO - Filling up the DagBag from /opt/airflow/dags/dag_extract_dvizhenie.py
[2026-07-13T01:31:06.663+0000] {processor.py:925} INFO - DAG(s) 'dag_extract_dvizhenie' retrieved from /opt/airflow/dags/dag_extract_dvizhenie.py
[2026-07-13T01:31:06.672+0000] {logging_mixin.py:190} INFO - [2026-07-13T01:31:06.672+0000] {dag.py:3239} INFO - Sync 1 DAGs
[2026-07-13T01:31:06.679+0000] {logging_mixin.py:190} INFO - [2026-07-13T01:31:06.679+0000] {dag.py:4180} INFO - Setting next_dagrun for dag_extract_dvizhenie to 2026-07-12 22:00:00+00:00, run_after=2026-07-13 00:00:00+00:00
[2026-07-13T01:31:06.684+0000] {processor.py:208} INFO - Processing /opt/airflow/dags/dag_extract_dvizhenie.py took 0.030 seconds
[2026-07-13T01:31:37.093+0000] {processor.py:186} INFO - Started process (PID=60918) to work on /opt/airflow/dags/dag_extract_dvizhenie.py
[2026-07-13T01:31:37.094+0000] {processor.py:914} INFO - Processing file /opt/airflow/dags/dag_extract_dvizhenie.py for tasks to queue
[2026-07-13T01:31:37.095+0000] {logging_mixin.py:190} INFO - [2026-07-13T01:31:37.095+0000] {dagbag.py:588} INFO - Filling up the DagBag from /opt/airflow/dags/dag_extract_dvizhenie.py
[2026-07-13T01:31:37.099+0000] {processor.py:925} INFO - DAG(s) 'dag_extract_dvizhenie' retrieved from /opt/airflow/dags/dag_extract_dvizhenie.py
[2026-07-13T01:31:37.109+0000] {logging_mixin.py:190} INFO - [2026-07-13T01:31:37.109+0000] {dag.py:3239} INFO - Sync 1 DAGs
[2026-07-13T01:31:37.116+0000] {logging_mixin.py:190} INFO - [2026-07-13T01:31:37.116+0000] {dag.py:4180} INFO - Setting next_dagrun for dag_extract_dvizhenie to 2026-07-12 22:00:00+00:00, run_after=2026-07-13 00:00:00+00:00
[2026-07-13T01:31:37.121+0000] {processor.py:208} INFO - Processing /opt/airflow/dags/dag_extract_dvizhenie.py took 0.030 seconds
[2026-07-13T01:32:13.955+0000] {processor.py:186} INFO - Started process (PID=60938) to work on /opt/airflow/dags/dag_extract_dvizhenie.py
[2026-07-13T01:32:13.955+0000] {processor.py:914} INFO - Processing file /opt/airflow/dags/dag_extract_dvizhenie.py for tasks to queue
[2026-07-13T01:32:13.956+0000] {logging_mixin.py:190} INFO - [2026-07-13T01:32:13.956+0000] {dagbag.py:588} INFO - Filling up the DagBag from /opt/airflow/dags/dag_extract_dvizhenie.py
[2026-07-13T01:32:13.961+0000] {processor.py:925} INFO - DAG(s) 'dag_extract_dvizhenie' retrieved from /opt/airflow/dags/dag_extract_dvizhenie.py
[2026-07-13T01:32:13.970+0000] {logging_mixin.py:190} INFO - [2026-07-13T01:32:13.970+0000] {dag.py:3239} INFO - Sync 1 DAGs
[2026-07-13T01:32:13.977+0000] {logging_mixin.py:190} INFO - [2026-07-13T01:32:13.977+0000] {dag.py:4180} INFO - Setting next_dagrun for dag_extract_dvizhenie to 2026-07-12 22:00:00+00:00, run_after=2026-07-13 00:00:00+00:00
[2026-07-13T01:32:13.982+0000] {processor.py:208} INFO - Processing /opt/airflow/dags/dag_extract_dvizhenie.py took 0.030 seconds
[2026-07-13T01:32:53.565+0000] {processor.py:186} INFO - Started process (PID=60958) to work on /opt/airflow/dags/dag_extract_dvizhenie.py
[2026-07-13T01:32:53.565+0000] {processor.py:914} INFO - Processing file /opt/airflow/dags/dag_extract_dvizhenie.py for tasks to queue
[2026-07-13T01:32:53.566+0000] {logging_mixin.py:190} INFO - [2026-07-13T01:32:53.566+0000] {dagbag.py:588} INFO - Filling up the DagBag from /opt/airflow/dags/dag_extract_dvizhenie.py
[2026-07-13T01:32:53.571+0000] {processor.py:925} INFO - DAG(s) 'dag_extract_dvizhenie' retrieved from /opt/airflow/dags/dag_extract_dvizhenie.py
[2026-07-13T01:32:53.580+0000] {logging_mixin.py:190} INFO - [2026-07-13T01:32:53.580+0000] {dag.py:3239} INFO - Sync 1 DAGs
[2026-07-13T01:32:53.587+0000] {logging_mixin.py:190} INFO - [2026-07-13T01:32:53.587+0000] {dag.py:4180} INFO - Setting next_dagrun for dag_extract_dvizhenie to 2026-07-12 22:00:00+00:00, run_after=2026-07-13 00:00:00+00:00
[2026-07-13T01:32:53.591+0000] {processor.py:208} INFO - Processing /opt/airflow/dags/dag_extract_dvizhenie.py took 0.029 seconds
[2026-07-13T01:33:24.046+0000] {processor.py:186} INFO - Started process (PID=60977) to work on /opt/airflow/dags/dag_extract_dvizhenie.py
[2026-07-13T01:33:24.047+0000] {processor.py:914} INFO - Processing file /opt/airflow/dags/dag_extract_dvizhenie.py for tasks to queue
[2026-07-13T01:33:24.049+0000] {logging_mixin.py:190} INFO - [2026-07-13T01:33:24.049+0000] {dagbag.py:588} INFO - Filling up the DagBag from /opt/airflow/dags/dag_extract_dvizhenie.py
[2026-07-13T01:33:24.054+0000] {processor.py:925} INFO - DAG(s) 'dag_extract_dvizhenie' retrieved from /opt/airflow/dags/dag_extract_dvizhenie.py
[2026-07-13T01:33:24.067+0000] {logging_mixin.py:190} INFO - [2026-07-13T01:33:24.067+0000] {dag.py:3239} INFO - Sync 1 DAGs
[2026-07-13T01:33:24.077+0000] {logging_mixin.py:190} INFO - [2026-07-13T01:33:24.077+0000] {dag.py:4180} INFO - Setting next_dagrun for dag_extract_dvizhenie to 2026-07-12 22:00:00+00:00, run_after=2026-07-13 00:00:00+00:00
[2026-07-13T01:33:24.085+0000] {processor.py:208} INFO - Processing /opt/airflow/dags/dag_extract_dvizhenie.py took 0.041 seconds
[2026-07-13T01:34:00.609+0000] {processor.py:186} INFO - Started process (PID=60998) to work on /opt/airflow/dags/dag_extract_dvizhenie.py
[2026-07-13T01:34:00.610+0000] {processor.py:914} INFO - Processing file /opt/airflow/dags/dag_extract_dvizhenie.py for tasks to queue
[2026-07-13T01:34:00.611+0000] {logging_mixin.py:190} INFO - [2026-07-13T01:34:00.611+0000] {dagbag.py:588} INFO - Filling up the DagBag from /opt/airflow/dags/dag_extract_dvizhenie.py
[2026-07-13T01:34:00.616+0000] {processor.py:925} INFO - DAG(s) 'dag_extract_dvizhenie' retrieved from /opt/airflow/dags/dag_extract_dvizhenie.py
[2026-07-13T01:34:00.630+0000] {logging_mixin.py:190} INFO - [2026-07-13T01:34:00.630+0000] {dag.py:3239} INFO - Sync 1 DAGs
[2026-07-13T01:34:00.638+0000] {logging_mixin.py:190} INFO - [2026-07-13T01:34:00.638+0000] {dag.py:4180} INFO - Setting next_dagrun for dag_extract_dvizhenie to 2026-07-12 22:00:00+00:00, run_after=2026-07-13 00:00:00+00:00
[2026-07-13T01:34:00.647+0000] {processor.py:208} INFO - Processing /opt/airflow/dags/dag_extract_dvizhenie.py took 0.040 seconds
[2026-07-13T01:34:36.674+0000] {processor.py:186} INFO - Started process (PID=61018) to work on /opt/airflow/dags/dag_extract_dvizhenie.py
[2026-07-13T01:34:36.674+0000] {processor.py:914} INFO - Processing file /opt/airflow/dags/dag_extract_dvizhenie.py for tasks to queue
[2026-07-13T01:34:36.675+0000] {logging_mixin.py:190} INFO - [2026-07-13T01:34:36.675+0000] {dagbag.py:588} INFO - Filling up the DagBag from /opt/airflow/dags/dag_extract_dvizhenie.py
[2026-07-13T01:34:36.680+0000] {processor.py:925} INFO - DAG(s) 'dag_extract_dvizhenie' retrieved from /opt/airflow/dags/dag_extract_dvizhenie.py
[2026-07-13T01:34:36.689+0000] {logging_mixin.py:190} INFO - [2026-07-13T01:34:36.689+0000] {dag.py:3239} INFO - Sync 1 DAGs
[2026-07-13T01:34:36.696+0000] {logging_mixin.py:190} INFO - [2026-07-13T01:34:36.696+0000] {dag.py:4180} INFO - Setting next_dagrun for dag_extract_dvizhenie to 2026-07-12 22:00:00+00:00, run_after=2026-07-13 00:00:00+00:00
[2026-07-13T01:34:36.701+0000] {processor.py:208} INFO - Processing /opt/airflow/dags/dag_extract_dvizhenie.py took 0.029 seconds
[2026-07-13T01:35:07.187+0000] {processor.py:186} INFO - Started process (PID=61038) to work on /opt/airflow/dags/dag_extract_dvizhenie.py
[2026-07-13T01:35:07.187+0000] {processor.py:914} INFO - Processing file /opt/airflow/dags/dag_extract_dvizhenie.py for tasks to queue
[2026-07-13T01:35:07.188+0000] {logging_mixin.py:190} INFO - [2026-07-13T01:35:07.188+0000] {dagbag.py:588} INFO - Filling up the DagBag from /opt/airflow/dags/dag_extract_dvizhenie.py
[2026-07-13T01:35:07.192+0000] {processor.py:925} INFO - DAG(s) 'dag_extract_dvizhenie' retrieved from /opt/airflow/dags/dag_extract_dvizhenie.py
[2026-07-13T01:35:07.206+0000] {logging_mixin.py:190} INFO - [2026-07-13T01:35:07.206+0000] {dag.py:3239} INFO - Sync 1 DAGs
[2026-07-13T01:35:07.216+0000] {logging_mixin.py:190} INFO - [2026-07-13T01:35:07.216+0000] {dag.py:4180} INFO - Setting next_dagrun for dag_extract_dvizhenie to 2026-07-12 22:00:00+00:00, run_after=2026-07-13 00:00:00+00:00
[2026-07-13T01:35:07.223+0000] {processor.py:208} INFO - Processing /opt/airflow/dags/dag_extract_dvizhenie.py took 0.038 seconds
[2026-07-13T01:35:43.359+0000] {processor.py:186} INFO - Started process (PID=61058) to work on /opt/airflow/dags/dag_extract_dvizhenie.py
[2026-07-13T01:35:43.359+0000] {processor.py:914} INFO - Processing file /opt/airflow/dags/dag_extract_dvizhenie.py for tasks to queue
[2026-07-13T01:35:43.360+0000] {logging_mixin.py:190} INFO - [2026-07-13T01:35:43.360+0000] {dagbag.py:588} INFO - Filling up the DagBag from /opt/airflow/dags/dag_extract_dvizhenie.py
[2026-07-13T01:35:43.364+0000] {processor.py:925} INFO - DAG(s) 'dag_extract_dvizhenie' retrieved from /opt/airflow/dags/dag_extract_dvizhenie.py
[2026-07-13T01:35:43.374+0000] {logging_mixin.py:190} INFO - [2026-07-13T01:35:43.374+0000] {dag.py:3239} INFO - Sync 1 DAGs
[2026-07-13T01:35:43.381+0000] {logging_mixin.py:190} INFO - [2026-07-13T01:35:43.381+0000] {dag.py:4180} INFO - Setting next_dagrun for dag_extract_dvizhenie to 2026-07-12 22:00:00+00:00, run_after=2026-07-13 00:00:00+00:00
[2026-07-13T01:35:43.386+0000] {processor.py:208} INFO - Processing /opt/airflow/dags/dag_extract_dvizhenie.py took 0.030 seconds
[2026-07-13T01:36:19.837+0000] {processor.py:186} INFO - Started process (PID=61078) to work on /opt/airflow/dags/dag_extract_dvizhenie.py
[2026-07-13T01:36:19.837+0000] {processor.py:914} INFO - Processing file /opt/airflow/dags/dag_extract_dvizhenie.py for tasks to queue
[2026-07-13T01:36:19.838+0000] {logging_mixin.py:190} INFO - [2026-07-13T01:36:19.838+0000] {dagbag.py:588} INFO - Filling up the DagBag from /opt/airflow/dags/dag_extract_dvizhenie.py
[2026-07-13T01:36:19.843+0000] {processor.py:925} INFO - DAG(s) 'dag_extract_dvizhenie' retrieved from /opt/airflow/dags/dag_extract_dvizhenie.py
[2026-07-13T01:36:19.852+0000] {logging_mixin.py:190} INFO - [2026-07-13T01:36:19.852+0000] {dag.py:3239} INFO - Sync 1 DAGs
[2026-07-13T01:36:19.859+0000] {logging_mixin.py:190} INFO - [2026-07-13T01:36:19.859+0000] {dag.py:4180} INFO - Setting next_dagrun for dag_extract_dvizhenie to 2026-07-12 22:00:00+00:00, run_after=2026-07-13 00:00:00+00:00
[2026-07-13T01:36:19.864+0000] {processor.py:208} INFO - Processing /opt/airflow/dags/dag_extract_dvizhenie.py took 0.029 seconds
[2026-07-13T01:36:50.304+0000] {processor.py:186} INFO - Started process (PID=61098) to work on /opt/airflow/dags/dag_extract_dvizhenie.py
[2026-07-13T01:36:50.304+0000] {processor.py:914} INFO - Processing file /opt/airflow/dags/dag_extract_dvizhenie.py for tasks to queue
[2026-07-13T01:36:50.305+0000] {logging_mixin.py:190} INFO - [2026-07-13T01:36:50.305+0000] {dagbag.py:588} INFO - Filling up the DagBag from /opt/airflow/dags/dag_extract_dvizhenie.py
[2026-07-13T01:36:50.309+0000] {processor.py:925} INFO - DAG(s) 'dag_extract_dvizhenie' retrieved from /opt/airflow/dags/dag_extract_dvizhenie.py
[2026-07-13T01:36:50.319+0000] {logging_mixin.py:190} INFO - [2026-07-13T01:36:50.319+0000] {dag.py:3239} INFO - Sync 1 DAGs
[2026-07-13T01:36:50.326+0000] {logging_mixin.py:190} INFO - [2026-07-13T01:36:50.326+0000] {dag.py:4180} INFO - Setting next_dagrun for dag_extract_dvizhenie to 2026-07-12 22:00:00+00:00, run_after=2026-07-13 00:00:00+00:00
[2026-07-13T01:36:50.331+0000] {processor.py:208} INFO - Processing /opt/airflow/dags/dag_extract_dvizhenie.py took 0.029 seconds
[2026-07-13T01:37:26.890+0000] {processor.py:186} INFO - Started process (PID=61118) to work on /opt/airflow/dags/dag_extract_dvizhenie.py
[2026-07-13T01:37:26.890+0000] {processor.py:914} INFO - Processing file /opt/airflow/dags/dag_extract_dvizhenie.py for tasks to queue
[2026-07-13T01:37:26.891+0000] {logging_mixin.py:190} INFO - [2026-07-13T01:37:26.891+0000] {dagbag.py:588} INFO - Filling up the DagBag from /opt/airflow/dags/dag_extract_dvizhenie.py
[2026-07-13T01:37:26.895+0000] {processor.py:925} INFO - DAG(s) 'dag_extract_dvizhenie' retrieved from /opt/airflow/dags/dag_extract_dvizhenie.py
[2026-07-13T01:37:26.905+0000] {logging_mixin.py:190} INFO - [2026-07-13T01:37:26.905+0000] {dag.py:3239} INFO - Sync 1 DAGs
[2026-07-13T01:37:26.912+0000] {logging_mixin.py:190} INFO - [2026-07-13T01:37:26.912+0000] {dag.py:4180} INFO - Setting next_dagrun for dag_extract_dvizhenie to 2026-07-12 22:00:00+00:00, run_after=2026-07-13 00:00:00+00:00
[2026-07-13T01:37:26.917+0000] {processor.py:208} INFO - Processing /opt/airflow/dags/dag_extract_dvizhenie.py took 0.030 seconds
[2026-07-13T01:38:04.289+0000] {processor.py:186} INFO - Started process (PID=61138) to work on /opt/airflow/dags/dag_extract_dvizhenie.py
[2026-07-13T01:38:04.289+0000] {processor.py:914} INFO - Processing file /opt/airflow/dags/dag_extract_dvizhenie.py for tasks to queue
[2026-07-13T01:38:04.290+0000] {logging_mixin.py:190} INFO - [2026-07-13T01:38:04.290+0000] {dagbag.py:588} INFO - Filling up the DagBag from /opt/airflow/dags/dag_extract_dvizhenie.py
[2026-07-13T01:38:04.295+0000] {processor.py:925} INFO - DAG(s) 'dag_extract_dvizhenie' retrieved from /opt/airflow/dags/dag_extract_dvizhenie.py
[2026-07-13T01:38:04.305+0000] {logging_mixin.py:190} INFO - [2026-07-13T01:38:04.305+0000] {dag.py:3239} INFO - Sync 1 DAGs
[2026-07-13T01:38:04.312+0000] {logging_mixin.py:190} INFO - [2026-07-13T01:38:04.312+0000] {dag.py:4180} INFO - Setting next_dagrun for dag_extract_dvizhenie to 2026-07-12 22:00:00+00:00, run_after=2026-07-13 00:00:00+00:00
[2026-07-13T01:38:04.317+0000] {processor.py:208} INFO - Processing /opt/airflow/dags/dag_extract_dvizhenie.py took 0.030 seconds
[2026-07-13T01:38:34.751+0000] {processor.py:186} INFO - Started process (PID=61158) to work on /opt/airflow/dags/dag_extract_dvizhenie.py
[2026-07-13T01:38:34.752+0000] {processor.py:914} INFO - Processing file /opt/airflow/dags/dag_extract_dvizhenie.py for tasks to queue
[2026-07-13T01:38:34.752+0000] {logging_mixin.py:190} INFO - [2026-07-13T01:38:34.752+0000] {dagbag.py:588} INFO - Filling up the DagBag from /opt/airflow/dags/dag_extract_dvizhenie.py
[2026-07-13T01:38:34.757+0000] {processor.py:925} INFO - DAG(s) 'dag_extract_dvizhenie' retrieved from /opt/airflow/dags/dag_extract_dvizhenie.py
[2026-07-13T01:38:34.767+0000] {logging_mixin.py:190} INFO - [2026-07-13T01:38:34.767+0000] {dag.py:3239} INFO - Sync 1 DAGs
[2026-07-13T01:38:34.774+0000] {logging_mixin.py:190} INFO - [2026-07-13T01:38:34.774+0000] {dag.py:4180} INFO - Setting next_dagrun for dag_extract_dvizhenie to 2026-07-12 22:00:00+00:00, run_after=2026-07-13 00:00:00+00:00
[2026-07-13T01:38:34.779+0000] {processor.py:208} INFO - Processing /opt/airflow/dags/dag_extract_dvizhenie.py took 0.030 seconds
[2026-07-13T01:39:11.199+0000] {processor.py:186} INFO - Started process (PID=61178) to work on /opt/airflow/dags/dag_extract_dvizhenie.py
[2026-07-13T01:39:11.199+0000] {processor.py:914} INFO - Processing file /opt/airflow/dags/dag_extract_dvizhenie.py for tasks to queue
[2026-07-13T01:39:11.200+0000] {logging_mixin.py:190} INFO - [2026-07-13T01:39:11.200+0000] {dagbag.py:588} INFO - Filling up the DagBag from /opt/airflow/dags/dag_extract_dvizhenie.py
[2026-07-13T01:39:11.205+0000] {processor.py:925} INFO - DAG(s) 'dag_extract_dvizhenie' retrieved from /opt/airflow/dags/dag_extract_dvizhenie.py
[2026-07-13T01:39:11.215+0000] {logging_mixin.py:190} INFO - [2026-07-13T01:39:11.214+0000] {dag.py:3239} INFO - Sync 1 DAGs
[2026-07-13T01:39:11.222+0000] {logging_mixin.py:190} INFO - [2026-07-13T01:39:11.222+0000] {dag.py:4180} INFO - Setting next_dagrun for dag_extract_dvizhenie to 2026-07-12 22:00:00+00:00, run_after=2026-07-13 00:00:00+00:00
[2026-07-13T01:39:11.227+0000] {processor.py:208} INFO - Processing /opt/airflow/dags/dag_extract_dvizhenie.py took 0.030 seconds
[2026-07-13T01:39:47.668+0000] {processor.py:186} INFO - Started process (PID=61198) to work on /opt/airflow/dags/dag_extract_dvizhenie.py
[2026-07-13T01:39:47.669+0000] {processor.py:914} INFO - Processing file /opt/airflow/dags/dag_extract_dvizhenie.py for tasks to queue
[2026-07-13T01:39:47.670+0000] {logging_mixin.py:190} INFO - [2026-07-13T01:39:47.670+0000] {dagbag.py:588} INFO - Filling up the DagBag from /opt/airflow/dags/dag_extract_dvizhenie.py
[2026-07-13T01:39:47.675+0000] {processor.py:925} INFO - DAG(s) 'dag_extract_dvizhenie' retrieved from /opt/airflow/dags/dag_extract_dvizhenie.py
[2026-07-13T01:39:47.690+0000] {logging_mixin.py:190} INFO - [2026-07-13T01:39:47.690+0000] {dag.py:3239} INFO - Sync 1 DAGs
[2026-07-13T01:39:47.701+0000] {logging_mixin.py:190} INFO - [2026-07-13T01:39:47.701+0000] {dag.py:4180} INFO - Setting next_dagrun for dag_extract_dvizhenie to 2026-07-12 22:00:00+00:00, run_after=2026-07-13 00:00:00+00:00
[2026-07-13T01:39:47.708+0000] {processor.py:208} INFO - Processing /opt/airflow/dags/dag_extract_dvizhenie.py took 0.043 seconds
[2026-07-13T01:40:18.204+0000] {processor.py:186} INFO - Started process (PID=61218) to work on /opt/airflow/dags/dag_extract_dvizhenie.py
[2026-07-13T01:40:18.205+0000] {processor.py:914} INFO - Processing file /opt/airflow/dags/dag_extract_dvizhenie.py for tasks to queue
[2026-07-13T01:40:18.205+0000] {logging_mixin.py:190} INFO - [2026-07-13T01:40:18.205+0000] {dagbag.py:588} INFO - Filling up the DagBag from /opt/airflow/dags/dag_extract_dvizhenie.py
[2026-07-13T01:40:18.210+0000] {processor.py:925} INFO - DAG(s) 'dag_extract_dvizhenie' retrieved from /opt/airflow/dags/dag_extract_dvizhenie.py
[2026-07-13T01:40:18.219+0000] {logging_mixin.py:190} INFO - [2026-07-13T01:40:18.219+0000] {dag.py:3239} INFO - Sync 1 DAGs
[2026-07-13T01:40:18.226+0000] {logging_mixin.py:190} INFO - [2026-07-13T01:40:18.226+0000] {dag.py:4180} INFO - Setting next_dagrun for dag_extract_dvizhenie to 2026-07-12 22:00:00+00:00, run_after=2026-07-13 00:00:00+00:00
[2026-07-13T01:40:18.231+0000] {processor.py:208} INFO - Processing /opt/airflow/dags/dag_extract_dvizhenie.py took 0.029 seconds
[2026-07-13T01:40:54.962+0000] {processor.py:186} INFO - Started process (PID=61238) to work on /opt/airflow/dags/dag_extract_dvizhenie.py
[2026-07-13T01:40:54.962+0000] {processor.py:914} INFO - Processing file /opt/airflow/dags/dag_extract_dvizhenie.py for tasks to queue
[2026-07-13T01:40:54.963+0000] {logging_mixin.py:190} INFO - [2026-07-13T01:40:54.963+0000] {dagbag.py:588} INFO - Filling up the DagBag from /opt/airflow/dags/dag_extract_dvizhenie.py
[2026-07-13T01:40:54.967+0000] {processor.py:925} INFO - DAG(s) 'dag_extract_dvizhenie' retrieved from /opt/airflow/dags/dag_extract_dvizhenie.py
[2026-07-13T01:40:54.978+0000] {logging_mixin.py:190} INFO - [2026-07-13T01:40:54.978+0000] {dag.py:3239} INFO - Sync 1 DAGs
[2026-07-13T01:40:54.985+0000] {logging_mixin.py:190} INFO - [2026-07-13T01:40:54.985+0000] {dag.py:4180} INFO - Setting next_dagrun for dag_extract_dvizhenie to 2026-07-12 22:00:00+00:00, run_after=2026-07-13 00:00:00+00:00
[2026-07-13T01:40:54.990+0000] {processor.py:208} INFO - Processing /opt/airflow/dags/dag_extract_dvizhenie.py took 0.030 seconds
[2026-07-13T01:41:25.359+0000] {processor.py:186} INFO - Started process (PID=61258) to work on /opt/airflow/dags/dag_extract_dvizhenie.py
[2026-07-13T01:41:25.359+0000] {processor.py:914} INFO - Processing file /opt/airflow/dags/dag_extract_dvizhenie.py for tasks to queue
[2026-07-13T01:41:25.360+0000] {logging_mixin.py:190} INFO - [2026-07-13T01:41:25.360+0000] {dagbag.py:588} INFO - Filling up the DagBag from /opt/airflow/dags/dag_extract_dvizhenie.py
[2026-07-13T01:41:25.364+0000] {processor.py:925} INFO - DAG(s) 'dag_extract_dvizhenie' retrieved from /opt/airflow/dags/dag_extract_dvizhenie.py
[2026-07-13T01:41:25.374+0000] {logging_mixin.py:190} INFO - [2026-07-13T01:41:25.374+0000] {dag.py:3239} INFO - Sync 1 DAGs
[2026-07-13T01:41:25.381+0000] {logging_mixin.py:190} INFO - [2026-07-13T01:41:25.380+0000] {dag.py:4180} INFO - Setting next_dagrun for dag_extract_dvizhenie to 2026-07-12 22:00:00+00:00, run_after=2026-07-13 00:00:00+00:00
[2026-07-13T01:41:25.385+0000] {processor.py:208} INFO - Processing /opt/airflow/dags/dag_extract_dvizhenie.py took 0.029 seconds
[2026-07-13T01:42:02.770+0000] {processor.py:186} INFO - Started process (PID=61278) to work on /opt/airflow/dags/dag_extract_dvizhenie.py
[2026-07-13T01:42:02.771+0000] {processor.py:914} INFO - Processing file /opt/airflow/dags/dag_extract_dvizhenie.py for tasks to queue
[2026-07-13T01:42:02.772+0000] {logging_mixin.py:190} INFO - [2026-07-13T01:42:02.771+0000] {dagbag.py:588} INFO - Filling up the DagBag from /opt/airflow/dags/dag_extract_dvizhenie.py
[2026-07-13T01:42:02.776+0000] {processor.py:925} INFO - DAG(s) 'dag_extract_dvizhenie' retrieved from /opt/airflow/dags/dag_extract_dvizhenie.py
[2026-07-13T01:42:02.785+0000] {logging_mixin.py:190} INFO - [2026-07-13T01:42:02.785+0000] {dag.py:3239} INFO - Sync 1 DAGs
[2026-07-13T01:42:02.793+0000] {logging_mixin.py:190} INFO - [2026-07-13T01:42:02.792+0000] {dag.py:4180} INFO - Setting next_dagrun for dag_extract_dvizhenie to 2026-07-12 22:00:00+00:00, run_after=2026-07-13 00:00:00+00:00
[2026-07-13T01:42:02.797+0000] {processor.py:208} INFO - Processing /opt/airflow/dags/dag_extract_dvizhenie.py took 0.030 seconds
[2026-07-13T01:42:39.193+0000] {processor.py:186} INFO - Started process (PID=61298) to work on /opt/airflow/dags/dag_extract_dvizhenie.py
[2026-07-13T01:42:39.195+0000] {processor.py:914} INFO - Processing file /opt/airflow/dags/dag_extract_dvizhenie.py for tasks to queue
[2026-07-13T01:42:39.196+0000] {logging_mixin.py:190} INFO - [2026-07-13T01:42:39.195+0000] {dagbag.py:588} INFO - Filling up the DagBag from /opt/airflow/dags/dag_extract_dvizhenie.py
[2026-07-13T01:42:39.200+0000] {processor.py:925} INFO - DAG(s) 'dag_extract_dvizhenie' retrieved from /opt/airflow/dags/dag_extract_dvizhenie.py
[2026-07-13T01:42:39.213+0000] {logging_mixin.py:190} INFO - [2026-07-13T01:42:39.213+0000] {dag.py:3239} INFO - Sync 1 DAGs
[2026-07-13T01:42:39.224+0000] {logging_mixin.py:190} INFO - [2026-07-13T01:42:39.224+0000] {dag.py:4180} INFO - Setting next_dagrun for dag_extract_dvizhenie to 2026-07-12 22:00:00+00:00, run_after=2026-07-13 00:00:00+00:00
[2026-07-13T01:42:39.231+0000] {processor.py:208} INFO - Processing /opt/airflow/dags/dag_extract_dvizhenie.py took 0.040 seconds
[2026-07-13T01:43:09.695+0000] {processor.py:186} INFO - Started process (PID=61318) to work on /opt/airflow/dags/dag_extract_dvizhenie.py
[2026-07-13T01:43:09.695+0000] {processor.py:914} INFO - Processing file /opt/airflow/dags/dag_extract_dvizhenie.py for tasks to queue
[2026-07-13T01:43:09.696+0000] {logging_mixin.py:190} INFO - [2026-07-13T01:43:09.696+0000] {dagbag.py:588} INFO - Filling up the DagBag from /opt/airflow/dags/dag_extract_dvizhenie.py
[2026-07-13T01:43:09.701+0000] {processor.py:925} INFO - DAG(s) 'dag_extract_dvizhenie' retrieved from /opt/airflow/dags/dag_extract_dvizhenie.py
[2026-07-13T01:43:09.711+0000] {logging_mixin.py:190} INFO - [2026-07-13T01:43:09.710+0000] {dag.py:3239} INFO - Sync 1 DAGs
[2026-07-13T01:43:09.717+0000] {logging_mixin.py:190} INFO - [2026-07-13T01:43:09.717+0000] {dag.py:4180} INFO - Setting next_dagrun for dag_extract_dvizhenie to 2026-07-12 22:00:00+00:00, run_after=2026-07-13 00:00:00+00:00
[2026-07-13T01:43:09.722+0000] {processor.py:208} INFO - Processing /opt/airflow/dags/dag_extract_dvizhenie.py took 0.030 seconds
[2026-07-13T01:43:46.392+0000] {processor.py:186} INFO - Started process (PID=61336) to work on /opt/airflow/dags/dag_extract_dvizhenie.py
[2026-07-13T01:43:46.393+0000] {processor.py:914} INFO - Processing file /opt/airflow/dags/dag_extract_dvizhenie.py for tasks to queue
[2026-07-13T01:43:46.394+0000] {logging_mixin.py:190} INFO - [2026-07-13T01:43:46.394+0000] {dagbag.py:588} INFO - Filling up the DagBag from /opt/airflow/dags/dag_extract_dvizhenie.py
[2026-07-13T01:43:46.400+0000] {processor.py:925} INFO - DAG(s) 'dag_extract_dvizhenie' retrieved from /opt/airflow/dags/dag_extract_dvizhenie.py
[2026-07-13T01:43:46.412+0000] {logging_mixin.py:190} INFO - [2026-07-13T01:43:46.412+0000] {dag.py:3239} INFO - Sync 1 DAGs
[2026-07-13T01:43:46.421+0000] {logging_mixin.py:190} INFO - [2026-07-13T01:43:46.421+0000] {dag.py:4180} INFO - Setting next_dagrun for dag_extract_dvizhenie to 2026-07-12 22:00:00+00:00, run_after=2026-07-13 00:00:00+00:00
[2026-07-13T01:43:46.431+0000] {processor.py:208} INFO - Processing /opt/airflow/dags/dag_extract_dvizhenie.py took 0.041 seconds
[2026-07-13T01:44:23.831+0000] {processor.py:186} INFO - Started process (PID=61358) to work on /opt/airflow/dags/dag_extract_dvizhenie.py
[2026-07-13T01:44:23.832+0000] {processor.py:914} INFO - Processing file /opt/airflow/dags/dag_extract_dvizhenie.py for tasks to queue
[2026-07-13T01:44:23.833+0000] {logging_mixin.py:190} INFO - [2026-07-13T01:44:23.833+0000] {dagbag.py:588} INFO - Filling up the DagBag from /opt/airflow/dags/dag_extract_dvizhenie.py
[2026-07-13T01:44:23.838+0000] {processor.py:925} INFO - DAG(s) 'dag_extract_dvizhenie' retrieved from /opt/airflow/dags/dag_extract_dvizhenie.py
[2026-07-13T01:44:23.853+0000] {logging_mixin.py:190} INFO - [2026-07-13T01:44:23.853+0000] {dag.py:3239} INFO - Sync 1 DAGs
[2026-07-13T01:44:23.862+0000] {logging_mixin.py:190} INFO - [2026-07-13T01:44:23.861+0000] {dag.py:4180} INFO - Setting next_dagrun for dag_extract_dvizhenie to 2026-07-12 22:00:00+00:00, run_after=2026-07-13 00:00:00+00:00
[2026-07-13T01:44:23.870+0000] {processor.py:208} INFO - Processing /opt/airflow/dags/dag_extract_dvizhenie.py took 0.041 seconds
[2026-07-13T01:44:54.297+0000] {processor.py:186} INFO - Started process (PID=61377) to work on /opt/airflow/dags/dag_extract_dvizhenie.py
[2026-07-13T01:44:54.298+0000] {processor.py:914} INFO - Processing file /opt/airflow/dags/dag_extract_dvizhenie.py for tasks to queue
[2026-07-13T01:44:54.299+0000] {logging_mixin.py:190} INFO - [2026-07-13T01:44:54.299+0000] {dagbag.py:588} INFO - Filling up the DagBag from /opt/airflow/dags/dag_extract_dvizhenie.py
[2026-07-13T01:44:54.304+0000] {processor.py:925} INFO - DAG(s) 'dag_extract_dvizhenie' retrieved from /opt/airflow/dags/dag_extract_dvizhenie.py
[2026-07-13T01:44:54.320+0000] {logging_mixin.py:190} INFO - [2026-07-13T01:44:54.320+0000] {dag.py:3239} INFO - Sync 1 DAGs
[2026-07-13T01:44:54.328+0000] {logging_mixin.py:190} INFO - [2026-07-13T01:44:54.328+0000] {dag.py:4180} INFO - Setting next_dagrun for dag_extract_dvizhenie to 2026-07-12 22:00:00+00:00, run_after=2026-07-13 00:00:00+00:00
[2026-07-13T01:44:54.340+0000] {processor.py:208} INFO - Processing /opt/airflow/dags/dag_extract_dvizhenie.py took 0.046 seconds
[2026-07-13T02:02:35.315+0000] {processor.py:186} INFO - Started process (PID=61398) to work on /opt/airflow/dags/dag_extract_dvizhenie.py
[2026-07-13T02:02:35.316+0000] {processor.py:914} INFO - Processing file /opt/airflow/dags/dag_extract_dvizhenie.py for tasks to queue
[2026-07-13T02:02:35.317+0000] {logging_mixin.py:190} INFO - [2026-07-13T02:02:35.317+0000] {dagbag.py:588} INFO - Filling up the DagBag from /opt/airflow/dags/dag_extract_dvizhenie.py
[2026-07-13T02:02:35.321+0000] {processor.py:925} INFO - DAG(s) 'dag_extract_dvizhenie' retrieved from /opt/airflow/dags/dag_extract_dvizhenie.py
[2026-07-13T02:02:35.331+0000] {logging_mixin.py:190} INFO - [2026-07-13T02:02:35.331+0000] {dag.py:3239} INFO - Sync 1 DAGs
[2026-07-13T02:02:35.338+0000] {logging_mixin.py:190} INFO - [2026-07-13T02:02:35.338+0000] {dag.py:4180} INFO - Setting next_dagrun for dag_extract_dvizhenie to 2026-07-13 00:00:00+00:00, run_after=2026-07-13 02:00:00+00:00
[2026-07-13T02:02:35.343+0000] {processor.py:208} INFO - Processing /opt/airflow/dags/dag_extract_dvizhenie.py took 0.030 seconds
[2026-07-13T02:03:12.300+0000] {processor.py:186} INFO - Started process (PID=61418) to work on /opt/airflow/dags/dag_extract_dvizhenie.py
[2026-07-13T02:03:12.300+0000] {processor.py:914} INFO - Processing file /opt/airflow/dags/dag_extract_dvizhenie.py for tasks to queue
[2026-07-13T02:03:12.301+0000] {logging_mixin.py:190} INFO - [2026-07-13T02:03:12.301+0000] {dagbag.py:588} INFO - Filling up the DagBag from /opt/airflow/dags/dag_extract_dvizhenie.py
[2026-07-13T02:03:12.306+0000] {processor.py:925} INFO - DAG(s) 'dag_extract_dvizhenie' retrieved from /opt/airflow/dags/dag_extract_dvizhenie.py
[2026-07-13T02:03:12.316+0000] {logging_mixin.py:190} INFO - [2026-07-13T02:03:12.316+0000] {dag.py:3239} INFO - Sync 1 DAGs
[2026-07-13T02:03:12.323+0000] {logging_mixin.py:190} INFO - [2026-07-13T02:03:12.322+0000] {dag.py:4180} INFO - Setting next_dagrun for dag_extract_dvizhenie to 2026-07-13 00:00:00+00:00, run_after=2026-07-13 02:00:00+00:00
[2026-07-13T02:03:12.328+0000] {processor.py:208} INFO - Processing /opt/airflow/dags/dag_extract_dvizhenie.py took 0.031 seconds
[2026-07-13T02:03:42.755+0000] {processor.py:186} INFO - Started process (PID=61437) to work on /opt/airflow/dags/dag_extract_dvizhenie.py
[2026-07-13T02:03:42.755+0000] {processor.py:914} INFO - Processing file /opt/airflow/dags/dag_extract_dvizhenie.py for tasks to queue
[2026-07-13T02:03:42.756+0000] {logging_mixin.py:190} INFO - [2026-07-13T02:03:42.756+0000] {dagbag.py:588} INFO - Filling up the DagBag from /opt/airflow/dags/dag_extract_dvizhenie.py
[2026-07-13T02:03:42.762+0000] {processor.py:925} INFO - DAG(s) 'dag_extract_dvizhenie' retrieved from /opt/airflow/dags/dag_extract_dvizhenie.py
[2026-07-13T02:03:42.775+0000] {logging_mixin.py:190} INFO - [2026-07-13T02:03:42.775+0000] {dag.py:3239} INFO - Sync 1 DAGs
[2026-07-13T02:03:42.784+0000] {logging_mixin.py:190} INFO - [2026-07-13T02:03:42.783+0000] {dag.py:4180} INFO - Setting next_dagrun for dag_extract_dvizhenie to 2026-07-13 00:00:00+00:00, run_after=2026-07-13 02:00:00+00:00
[2026-07-13T02:03:42.792+0000] {processor.py:208} INFO - Processing /opt/airflow/dags/dag_extract_dvizhenie.py took 0.040 seconds
[2026-07-13T02:04:19.083+0000] {processor.py:186} INFO - Started process (PID=61457) to work on /opt/airflow/dags/dag_extract_dvizhenie.py
[2026-07-13T02:04:19.083+0000] {processor.py:914} INFO - Processing file /opt/airflow/dags/dag_extract_dvizhenie.py for tasks to queue
[2026-07-13T02:04:19.085+0000] {logging_mixin.py:190} INFO - [2026-07-13T02:04:19.084+0000] {dagbag.py:588} INFO - Filling up the DagBag from /opt/airflow/dags/dag_extract_dvizhenie.py
[2026-07-13T02:04:19.089+0000] {processor.py:925} INFO - DAG(s) 'dag_extract_dvizhenie' retrieved from /opt/airflow/dags/dag_extract_dvizhenie.py
[2026-07-13T02:04:19.103+0000] {logging_mixin.py:190} INFO - [2026-07-13T02:04:19.103+0000] {dag.py:3239} INFO - Sync 1 DAGs
[2026-07-13T02:04:19.110+0000] {logging_mixin.py:190} INFO - [2026-07-13T02:04:19.110+0000] {dag.py:4180} INFO - Setting next_dagrun for dag_extract_dvizhenie to 2026-07-13 00:00:00+00:00, run_after=2026-07-13 02:00:00+00:00
[2026-07-13T02:04:19.116+0000] {processor.py:208} INFO - Processing /opt/airflow/dags/dag_extract_dvizhenie.py took 0.036 seconds
[2026-07-13T02:04:55.996+0000] {processor.py:186} INFO - Started process (PID=61478) to work on /opt/airflow/dags/dag_extract_dvizhenie.py
[2026-07-13T02:04:55.996+0000] {processor.py:914} INFO - Processing file /opt/airflow/dags/dag_extract_dvizhenie.py for tasks to queue
[2026-07-13T02:04:55.997+0000] {logging_mixin.py:190} INFO - [2026-07-13T02:04:55.997+0000] {dagbag.py:588} INFO - Filling up the DagBag from /opt/airflow/dags/dag_extract_dvizhenie.py
[2026-07-13T02:04:56.001+0000] {processor.py:925} INFO - DAG(s) 'dag_extract_dvizhenie' retrieved from /opt/airflow/dags/dag_extract_dvizhenie.py
[2026-07-13T02:04:56.011+0000] {logging_mixin.py:190} INFO - [2026-07-13T02:04:56.011+0000] {dag.py:3239} INFO - Sync 1 DAGs
[2026-07-13T02:04:56.018+0000] {logging_mixin.py:190} INFO - [2026-07-13T02:04:56.018+0000] {dag.py:4180} INFO - Setting next_dagrun for dag_extract_dvizhenie to 2026-07-13 00:00:00+00:00, run_after=2026-07-13 02:00:00+00:00
[2026-07-13T02:04:56.023+0000] {processor.py:208} INFO - Processing /opt/airflow/dags/dag_extract_dvizhenie.py took 0.030 seconds
[2026-07-13T02:05:26.487+0000] {processor.py:186} INFO - Started process (PID=61498) to work on /opt/airflow/dags/dag_extract_dvizhenie.py
[2026-07-13T02:05:26.487+0000] {processor.py:914} INFO - Processing file /opt/airflow/dags/dag_extract_dvizhenie.py for tasks to queue
[2026-07-13T02:05:26.488+0000] {logging_mixin.py:190} INFO - [2026-07-13T02:05:26.488+0000] {dagbag.py:588} INFO - Filling up the DagBag from /opt/airflow/dags/dag_extract_dvizhenie.py
[2026-07-13T02:05:26.493+0000] {processor.py:925} INFO - DAG(s) 'dag_extract_dvizhenie' retrieved from /opt/airflow/dags/dag_extract_dvizhenie.py
[2026-07-13T02:05:26.503+0000] {logging_mixin.py:190} INFO - [2026-07-13T02:05:26.503+0000] {dag.py:3239} INFO - Sync 1 DAGs
[2026-07-13T02:05:26.510+0000] {logging_mixin.py:190} INFO - [2026-07-13T02:05:26.510+0000] {dag.py:4180} INFO - Setting next_dagrun for dag_extract_dvizhenie to 2026-07-13 00:00:00+00:00, run_after=2026-07-13 02:00:00+00:00
[2026-07-13T02:05:26.514+0000] {processor.py:208} INFO - Processing /opt/airflow/dags/dag_extract_dvizhenie.py took 0.030 seconds
[2026-07-13T02:06:02.611+0000] {processor.py:186} INFO - Started process (PID=61518) to work on /opt/airflow/dags/dag_extract_dvizhenie.py
[2026-07-13T02:06:02.612+0000] {processor.py:914} INFO - Processing file /opt/airflow/dags/dag_extract_dvizhenie.py for tasks to queue
[2026-07-13T02:06:02.613+0000] {logging_mixin.py:190} INFO - [2026-07-13T02:06:02.613+0000] {dagbag.py:588} INFO - Filling up the DagBag from /opt/airflow/dags/dag_extract_dvizhenie.py
[2026-07-13T02:06:02.617+0000] {processor.py:925} INFO - DAG(s) 'dag_extract_dvizhenie' retrieved from /opt/airflow/dags/dag_extract_dvizhenie.py
[2026-07-13T02:06:02.627+0000] {logging_mixin.py:190} INFO - [2026-07-13T02:06:02.627+0000] {dag.py:3239} INFO - Sync 1 DAGs
[2026-07-13T02:06:02.634+0000] {logging_mixin.py:190} INFO - [2026-07-13T02:06:02.634+0000] {dag.py:4180} INFO - Setting next_dagrun for dag_extract_dvizhenie to 2026-07-13 00:00:00+00:00, run_after=2026-07-13 02:00:00+00:00
[2026-07-13T02:06:02.639+0000] {processor.py:208} INFO - Processing /opt/airflow/dags/dag_extract_dvizhenie.py took 0.030 seconds
[2026-07-13T02:06:33.103+0000] {processor.py:186} INFO - Started process (PID=61538) to work on /opt/airflow/dags/dag_extract_dvizhenie.py
[2026-07-13T02:06:33.104+0000] {processor.py:914} INFO - Processing file /opt/airflow/dags/dag_extract_dvizhenie.py for tasks to queue
[2026-07-13T02:06:33.105+0000] {logging_mixin.py:190} INFO - [2026-07-13T02:06:33.105+0000] {dagbag.py:588} INFO - Filling up the DagBag from /opt/airflow/dags/dag_extract_dvizhenie.py
[2026-07-13T02:06:33.109+0000] {processor.py:925} INFO - DAG(s) 'dag_extract_dvizhenie' retrieved from /opt/airflow/dags/dag_extract_dvizhenie.py
[2026-07-13T02:06:33.119+0000] {logging_mixin.py:190} INFO - [2026-07-13T02:06:33.119+0000] {dag.py:3239} INFO - Sync 1 DAGs
[2026-07-13T02:06:33.126+0000] {logging_mixin.py:190} INFO - [2026-07-13T02:06:33.126+0000] {dag.py:4180} INFO - Setting next_dagrun for dag_extract_dvizhenie to 2026-07-13 00:00:00+00:00, run_after=2026-07-13 02:00:00+00:00
[2026-07-13T02:06:33.131+0000] {processor.py:208} INFO - Processing /opt/airflow/dags/dag_extract_dvizhenie.py took 0.031 seconds
[2026-07-13T02:07:09.644+0000] {processor.py:186} INFO - Started process (PID=61558) to work on /opt/airflow/dags/dag_extract_dvizhenie.py
[2026-07-13T02:07:09.645+0000] {processor.py:914} INFO - Processing file /opt/airflow/dags/dag_extract_dvizhenie.py for tasks to queue
[2026-07-13T02:07:09.646+0000] {logging_mixin.py:190} INFO - [2026-07-13T02:07:09.646+0000] {dagbag.py:588} INFO - Filling up the DagBag from /opt/airflow/dags/dag_extract_dvizhenie.py
[2026-07-13T02:07:09.650+0000] {processor.py:925} INFO - DAG(s) 'dag_extract_dvizhenie' retrieved from /opt/airflow/dags/dag_extract_dvizhenie.py
[2026-07-13T02:07:09.660+0000] {logging_mixin.py:190} INFO - [2026-07-13T02:07:09.660+0000] {dag.py:3239} INFO - Sync 1 DAGs
[2026-07-13T02:07:09.667+0000] {logging_mixin.py:190} INFO - [2026-07-13T02:07:09.667+0000] {dag.py:4180} INFO - Setting next_dagrun for dag_extract_dvizhenie to 2026-07-13 00:00:00+00:00, run_after=2026-07-13 02:00:00+00:00
[2026-07-13T02:07:09.671+0000] {processor.py:208} INFO - Processing /opt/airflow/dags/dag_extract_dvizhenie.py took 0.030 seconds
[2026-07-13T02:07:46.107+0000] {processor.py:186} INFO - Started process (PID=61578) to work on /opt/airflow/dags/dag_extract_dvizhenie.py
[2026-07-13T02:07:46.107+0000] {processor.py:914} INFO - Processing file /opt/airflow/dags/dag_extract_dvizhenie.py for tasks to queue
[2026-07-13T02:07:46.108+0000] {logging_mixin.py:190} INFO - [2026-07-13T02:07:46.108+0000] {dagbag.py:588} INFO - Filling up the DagBag from /opt/airflow/dags/dag_extract_dvizhenie.py
[2026-07-13T02:07:46.113+0000] {processor.py:925} INFO - DAG(s) 'dag_extract_dvizhenie' retrieved from /opt/airflow/dags/dag_extract_dvizhenie.py
[2026-07-13T02:07:46.122+0000] {logging_mixin.py:190} INFO - [2026-07-13T02:07:46.122+0000] {dag.py:3239} INFO - Sync 1 DAGs
[2026-07-13T02:07:46.129+0000] {logging_mixin.py:190} INFO - [2026-07-13T02:07:46.129+0000] {dag.py:4180} INFO - Setting next_dagrun for dag_extract_dvizhenie to 2026-07-13 00:00:00+00:00, run_after=2026-07-13 02:00:00+00:00
[2026-07-13T02:07:46.133+0000] {processor.py:208} INFO - Processing /opt/airflow/dags/dag_extract_dvizhenie.py took 0.029 seconds
[2026-07-13T02:08:16.569+0000] {processor.py:186} INFO - Started process (PID=61596) to work on /opt/airflow/dags/dag_extract_dvizhenie.py
[2026-07-13T02:08:16.569+0000] {processor.py:914} INFO - Processing file /opt/airflow/dags/dag_extract_dvizhenie.py for tasks to queue
[2026-07-13T02:08:16.571+0000] {logging_mixin.py:190} INFO - [2026-07-13T02:08:16.570+0000] {dagbag.py:588} INFO - Filling up the DagBag from /opt/airflow/dags/dag_extract_dvizhenie.py
[2026-07-13T02:08:16.578+0000] {processor.py:925} INFO - DAG(s) 'dag_extract_dvizhenie' retrieved from /opt/airflow/dags/dag_extract_dvizhenie.py
[2026-07-13T02:08:16.592+0000] {logging_mixin.py:190} INFO - [2026-07-13T02:08:16.592+0000] {dag.py:3239} INFO - Sync 1 DAGs
[2026-07-13T02:08:16.600+0000] {logging_mixin.py:190} INFO - [2026-07-13T02:08:16.600+0000] {dag.py:4180} INFO - Setting next_dagrun for dag_extract_dvizhenie to 2026-07-13 00:00:00+00:00, run_after=2026-07-13 02:00:00+00:00
[2026-07-13T02:08:16.606+0000] {processor.py:208} INFO - Processing /opt/airflow/dags/dag_extract_dvizhenie.py took 0.040 seconds
[2026-07-13T02:08:52.570+0000] {processor.py:186} INFO - Started process (PID=61618) to work on /opt/airflow/dags/dag_extract_dvizhenie.py
[2026-07-13T02:08:52.570+0000] {processor.py:914} INFO - Processing file /opt/airflow/dags/dag_extract_dvizhenie.py for tasks to queue
[2026-07-13T02:08:52.571+0000] {logging_mixin.py:190} INFO - [2026-07-13T02:08:52.571+0000] {dagbag.py:588} INFO - Filling up the DagBag from /opt/airflow/dags/dag_extract_dvizhenie.py
[2026-07-13T02:08:52.576+0000] {processor.py:925} INFO - DAG(s) 'dag_extract_dvizhenie' retrieved from /opt/airflow/dags/dag_extract_dvizhenie.py
[2026-07-13T02:08:52.585+0000] {logging_mixin.py:190} INFO - [2026-07-13T02:08:52.585+0000] {dag.py:3239} INFO - Sync 1 DAGs
[2026-07-13T02:08:52.592+0000] {logging_mixin.py:190} INFO - [2026-07-13T02:08:52.592+0000] {dag.py:4180} INFO - Setting next_dagrun for dag_extract_dvizhenie to 2026-07-13 00:00:00+00:00, run_after=2026-07-13 02:00:00+00:00
[2026-07-13T02:08:52.596+0000] {processor.py:208} INFO - Processing /opt/airflow/dags/dag_extract_dvizhenie.py took 0.029 seconds
[2026-07-13T02:09:31.267+0000] {processor.py:186} INFO - Started process (PID=61638) to work on /opt/airflow/dags/dag_extract_dvizhenie.py
[2026-07-13T02:09:31.267+0000] {processor.py:914} INFO - Processing file /opt/airflow/dags/dag_extract_dvizhenie.py for tasks to queue
[2026-07-13T02:09:31.269+0000] {logging_mixin.py:190} INFO - [2026-07-13T02:09:31.268+0000] {dagbag.py:588} INFO - Filling up the DagBag from /opt/airflow/dags/dag_extract_dvizhenie.py
[2026-07-13T02:09:31.274+0000] {processor.py:925} INFO - DAG(s) 'dag_extract_dvizhenie' retrieved from /opt/airflow/dags/dag_extract_dvizhenie.py
[2026-07-13T02:09:31.288+0000] {logging_mixin.py:190} INFO - [2026-07-13T02:09:31.288+0000] {dag.py:3239} INFO - Sync 1 DAGs
[2026-07-13T02:09:31.296+0000] {logging_mixin.py:190} INFO - [2026-07-13T02:09:31.296+0000] {dag.py:4180} INFO - Setting next_dagrun for dag_extract_dvizhenie to 2026-07-13 00:00:00+00:00, run_after=2026-07-13 02:00:00+00:00
[2026-07-13T02:09:31.306+0000] {processor.py:208} INFO - Processing /opt/airflow/dags/dag_extract_dvizhenie.py took 0.042 seconds
[2026-07-13T02:10:01.720+0000] {processor.py:186} INFO - Started process (PID=61658) to work on /opt/airflow/dags/dag_extract_dvizhenie.py
[2026-07-13T02:10:01.721+0000] {processor.py:914} INFO - Processing file /opt/airflow/dags/dag_extract_dvizhenie.py for tasks to queue
[2026-07-13T02:10:01.722+0000] {logging_mixin.py:190} INFO - [2026-07-13T02:10:01.721+0000] {dagbag.py:588} INFO - Filling up the DagBag from /opt/airflow/dags/dag_extract_dvizhenie.py
[2026-07-13T02:10:01.726+0000] {processor.py:925} INFO - DAG(s) 'dag_extract_dvizhenie' retrieved from /opt/airflow/dags/dag_extract_dvizhenie.py
[2026-07-13T02:10:01.736+0000] {logging_mixin.py:190} INFO - [2026-07-13T02:10:01.736+0000] {dag.py:3239} INFO - Sync 1 DAGs
[2026-07-13T02:10:01.743+0000] {logging_mixin.py:190} INFO - [2026-07-13T02:10:01.743+0000] {dag.py:4180} INFO - Setting next_dagrun for dag_extract_dvizhenie to 2026-07-13 00:00:00+00:00, run_after=2026-07-13 02:00:00+00:00
[2026-07-13T02:10:01.748+0000] {processor.py:208} INFO - Processing /opt/airflow/dags/dag_extract_dvizhenie.py took 0.030 seconds
[2026-07-13T02:37:07.438+0000] {processor.py:186} INFO - Started process (PID=61676) to work on /opt/airflow/dags/dag_extract_dvizhenie.py
[2026-07-13T02:37:07.438+0000] {processor.py:914} INFO - Processing file /opt/airflow/dags/dag_extract_dvizhenie.py for tasks to queue
[2026-07-13T02:37:07.440+0000] {logging_mixin.py:190} INFO - [2026-07-13T02:37:07.440+0000] {dagbag.py:588} INFO - Filling up the DagBag from /opt/airflow/dags/dag_extract_dvizhenie.py
[2026-07-13T02:37:07.446+0000] {processor.py:925} INFO - DAG(s) 'dag_extract_dvizhenie' retrieved from /opt/airflow/dags/dag_extract_dvizhenie.py
[2026-07-13T02:37:07.460+0000] {logging_mixin.py:190} INFO - [2026-07-13T02:37:07.459+0000] {dag.py:3239} INFO - Sync 1 DAGs
[2026-07-13T02:37:07.468+0000] {logging_mixin.py:190} INFO - [2026-07-13T02:37:07.468+0000] {dag.py:4180} INFO - Setting next_dagrun for dag_extract_dvizhenie to 2026-07-13 00:00:00+00:00, run_after=2026-07-13 02:00:00+00:00
[2026-07-13T02:37:07.475+0000] {processor.py:208} INFO - Processing /opt/airflow/dags/dag_extract_dvizhenie.py took 0.039 seconds
[2026-07-13T02:37:38.124+0000] {processor.py:186} INFO - Started process (PID=61696) to work on /opt/airflow/dags/dag_extract_dvizhenie.py
[2026-07-13T02:37:38.125+0000] {processor.py:914} INFO - Processing file /opt/airflow/dags/dag_extract_dvizhenie.py for tasks to queue
[2026-07-13T02:37:38.126+0000] {logging_mixin.py:190} INFO - [2026-07-13T02:37:38.126+0000] {dagbag.py:588} INFO - Filling up the DagBag from /opt/airflow/dags/dag_extract_dvizhenie.py
[2026-07-13T02:37:38.132+0000] {processor.py:925} INFO - DAG(s) 'dag_extract_dvizhenie' retrieved from /opt/airflow/dags/dag_extract_dvizhenie.py
[2026-07-13T02:37:38.143+0000] {logging_mixin.py:190} INFO - [2026-07-13T02:37:38.143+0000] {dag.py:3239} INFO - Sync 1 DAGs
[2026-07-13T02:37:38.152+0000] {logging_mixin.py:190} INFO - [2026-07-13T02:37:38.152+0000] {dag.py:4180} INFO - Setting next_dagrun for dag_extract_dvizhenie to 2026-07-13 00:00:00+00:00, run_after=2026-07-13 02:00:00+00:00
[2026-07-13T02:37:38.162+0000] {processor.py:208} INFO - Processing /opt/airflow/dags/dag_extract_dvizhenie.py took 0.041 seconds
[2026-07-13T03:45:09.504+0000] {processor.py:186} INFO - Started process (PID=61718) to work on /opt/airflow/dags/dag_extract_dvizhenie.py
[2026-07-13T03:45:09.505+0000] {processor.py:914} INFO - Processing file /opt/airflow/dags/dag_extract_dvizhenie.py for tasks to queue
[2026-07-13T03:45:09.506+0000] {logging_mixin.py:190} INFO - [2026-07-13T03:45:09.505+0000] {dagbag.py:588} INFO - Filling up the DagBag from /opt/airflow/dags/dag_extract_dvizhenie.py
[2026-07-13T03:45:09.510+0000] {processor.py:925} INFO - DAG(s) 'dag_extract_dvizhenie' retrieved from /opt/airflow/dags/dag_extract_dvizhenie.py
[2026-07-13T03:45:09.520+0000] {logging_mixin.py:190} INFO - [2026-07-13T03:45:09.520+0000] {dag.py:3239} INFO - Sync 1 DAGs
[2026-07-13T03:45:09.527+0000] {logging_mixin.py:190} INFO - [2026-07-13T03:45:09.527+0000] {dag.py:4180} INFO - Setting next_dagrun for dag_extract_dvizhenie to 2026-07-13 00:00:00+00:00, run_after=2026-07-13 02:00:00+00:00
[2026-07-13T03:45:09.532+0000] {processor.py:208} INFO - Processing /opt/airflow/dags/dag_extract_dvizhenie.py took 0.030 seconds
[2026-07-13T03:45:39.973+0000] {processor.py:186} INFO - Started process (PID=61738) to work on /opt/airflow/dags/dag_extract_dvizhenie.py
[2026-07-13T03:45:39.974+0000] {processor.py:914} INFO - Processing file /opt/airflow/dags/dag_extract_dvizhenie.py for tasks to queue
[2026-07-13T03:45:39.975+0000] {logging_mixin.py:190} INFO - [2026-07-13T03:45:39.975+0000] {dagbag.py:588} INFO - Filling up the DagBag from /opt/airflow/dags/dag_extract_dvizhenie.py
[2026-07-13T03:45:39.980+0000] {processor.py:925} INFO - DAG(s) 'dag_extract_dvizhenie' retrieved from /opt/airflow/dags/dag_extract_dvizhenie.py
[2026-07-13T03:45:39.996+0000] {logging_mixin.py:190} INFO - [2026-07-13T03:45:39.994+0000] {dag.py:3239} INFO - Sync 1 DAGs
[2026-07-13T03:45:40.004+0000] {logging_mixin.py:190} INFO - [2026-07-13T03:45:40.004+0000] {dag.py:4180} INFO - Setting next_dagrun for dag_extract_dvizhenie to 2026-07-13 00:00:00+00:00, run_after=2026-07-13 02:00:00+00:00
[2026-07-13T03:45:40.012+0000] {processor.py:208} INFO - Processing /opt/airflow/dags/dag_extract_dvizhenie.py took 0.041 seconds
[2026-07-13T04:46:07.622+0000] {processor.py:186} INFO - Started process (PID=61756) to work on /opt/airflow/dags/dag_extract_dvizhenie.py
[2026-07-13T04:46:07.622+0000] {processor.py:914} INFO - Processing file /opt/airflow/dags/dag_extract_dvizhenie.py for tasks to queue
[2026-07-13T04:46:07.625+0000] {logging_mixin.py:190} INFO - [2026-07-13T04:46:07.625+0000] {dagbag.py:588} INFO - Filling up the DagBag from /opt/airflow/dags/dag_extract_dvizhenie.py
[2026-07-13T04:46:07.630+0000] {processor.py:925} INFO - DAG(s) 'dag_extract_dvizhenie' retrieved from /opt/airflow/dags/dag_extract_dvizhenie.py
[2026-07-13T04:46:07.645+0000] {logging_mixin.py:190} INFO - [2026-07-13T04:46:07.645+0000] {dag.py:3239} INFO - Sync 1 DAGs
[2026-07-13T04:46:07.655+0000] {logging_mixin.py:190} INFO - [2026-07-13T04:46:07.655+0000] {dag.py:4180} INFO - Setting next_dagrun for dag_extract_dvizhenie to 2026-07-13 02:00:00+00:00, run_after=2026-07-13 04:00:00+00:00
[2026-07-13T04:46:07.660+0000] {processor.py:208} INFO - Processing /opt/airflow/dags/dag_extract_dvizhenie.py took 0.041 seconds
[2026-07-13T04:46:38.090+0000] {processor.py:186} INFO - Started process (PID=61778) to work on /opt/airflow/dags/dag_extract_dvizhenie.py
[2026-07-13T04:46:38.092+0000] {processor.py:914} INFO - Processing file /opt/airflow/dags/dag_extract_dvizhenie.py for tasks to queue
[2026-07-13T04:46:38.093+0000] {logging_mixin.py:190} INFO - [2026-07-13T04:46:38.093+0000] {dagbag.py:588} INFO - Filling up the DagBag from /opt/airflow/dags/dag_extract_dvizhenie.py
[2026-07-13T04:46:38.098+0000] {processor.py:925} INFO - DAG(s) 'dag_extract_dvizhenie' retrieved from /opt/airflow/dags/dag_extract_dvizhenie.py
[2026-07-13T04:46:38.109+0000] {logging_mixin.py:190} INFO - [2026-07-13T04:46:38.109+0000] {dag.py:3239} INFO - Sync 1 DAGs
[2026-07-13T04:46:38.117+0000] {logging_mixin.py:190} INFO - [2026-07-13T04:46:38.117+0000] {dag.py:4180} INFO - Setting next_dagrun for dag_extract_dvizhenie to 2026-07-13 02:00:00+00:00, run_after=2026-07-13 04:00:00+00:00
[2026-07-13T04:46:38.130+0000] {processor.py:208} INFO - Processing /opt/airflow/dags/dag_extract_dvizhenie.py took 0.042 seconds
[2026-07-13T05:47:05.661+0000] {processor.py:186} INFO - Started process (PID=61798) to work on /opt/airflow/dags/dag_extract_dvizhenie.py
[2026-07-13T05:47:05.662+0000] {processor.py:914} INFO - Processing file /opt/airflow/dags/dag_extract_dvizhenie.py for tasks to queue
[2026-07-13T05:47:05.662+0000] {logging_mixin.py:190} INFO - [2026-07-13T05:47:05.662+0000] {dagbag.py:588} INFO - Filling up the DagBag from /opt/airflow/dags/dag_extract_dvizhenie.py
[2026-07-13T05:47:05.667+0000] {processor.py:925} INFO - DAG(s) 'dag_extract_dvizhenie' retrieved from /opt/airflow/dags/dag_extract_dvizhenie.py
[2026-07-13T05:47:05.677+0000] {logging_mixin.py:190} INFO - [2026-07-13T05:47:05.677+0000] {dag.py:3239} INFO - Sync 1 DAGs
[2026-07-13T05:47:05.684+0000] {logging_mixin.py:190} INFO - [2026-07-13T05:47:05.684+0000] {dag.py:4180} INFO - Setting next_dagrun for dag_extract_dvizhenie to 2026-07-13 02:00:00+00:00, run_after=2026-07-13 04:00:00+00:00
[2026-07-13T05:47:05.689+0000] {processor.py:208} INFO - Processing /opt/airflow/dags/dag_extract_dvizhenie.py took 0.030 seconds
[2026-07-13T05:47:36.196+0000] {processor.py:186} INFO - Started process (PID=61818) to work on /opt/airflow/dags/dag_extract_dvizhenie.py
[2026-07-13T05:47:36.196+0000] {processor.py:914} INFO - Processing file /opt/airflow/dags/dag_extract_dvizhenie.py for tasks to queue
[2026-07-13T05:47:36.197+0000] {logging_mixin.py:190} INFO - [2026-07-13T05:47:36.197+0000] {dagbag.py:588} INFO - Filling up the DagBag from /opt/airflow/dags/dag_extract_dvizhenie.py
[2026-07-13T05:47:36.201+0000] {processor.py:925} INFO - DAG(s) 'dag_extract_dvizhenie' retrieved from /opt/airflow/dags/dag_extract_dvizhenie.py
[2026-07-13T05:47:36.211+0000] {logging_mixin.py:190} INFO - [2026-07-13T05:47:36.211+0000] {dag.py:3239} INFO - Sync 1 DAGs
[2026-07-13T05:47:36.218+0000] {logging_mixin.py:190} INFO - [2026-07-13T05:47:36.218+0000] {dag.py:4180} INFO - Setting next_dagrun for dag_extract_dvizhenie to 2026-07-13 02:00:00+00:00, run_after=2026-07-13 04:00:00+00:00
[2026-07-13T05:47:36.223+0000] {processor.py:208} INFO - Processing /opt/airflow/dags/dag_extract_dvizhenie.py took 0.030 seconds
[2026-07-13T06:37:54.147+0000] {processor.py:186} INFO - Started process (PID=61836) to work on /opt/airflow/dags/dag_extract_dvizhenie.py
[2026-07-13T06:37:54.147+0000] {processor.py:914} INFO - Processing file /opt/airflow/dags/dag_extract_dvizhenie.py for tasks to queue
[2026-07-13T06:37:54.149+0000] {logging_mixin.py:190} INFO - [2026-07-13T06:37:54.148+0000] {dagbag.py:588} INFO - Filling up the DagBag from /opt/airflow/dags/dag_extract_dvizhenie.py
[2026-07-13T06:37:54.157+0000] {processor.py:925} INFO - DAG(s) 'dag_extract_dvizhenie' retrieved from /opt/airflow/dags/dag_extract_dvizhenie.py
[2026-07-13T06:37:54.168+0000] {logging_mixin.py:190} INFO - [2026-07-13T06:37:54.168+0000] {dag.py:3239} INFO - Sync 1 DAGs
[2026-07-13T06:37:54.176+0000] {logging_mixin.py:190} INFO - [2026-07-13T06:37:54.176+0000] {dag.py:4180} INFO - Setting next_dagrun for dag_extract_dvizhenie to 2026-07-13 04:00:00+00:00, run_after=2026-07-13 06:00:00+00:00
[2026-07-13T06:37:54.396+0000] {processor.py:208} INFO - Processing /opt/airflow/dags/dag_extract_dvizhenie.py took 0.252 seconds
[2026-07-13T06:48:33.262+0000] {processor.py:186} INFO - Started process (PID=61858) to work on /opt/airflow/dags/dag_extract_dvizhenie.py
[2026-07-13T06:48:33.262+0000] {processor.py:914} INFO - Processing file /opt/airflow/dags/dag_extract_dvizhenie.py for tasks to queue
[2026-07-13T06:48:33.263+0000] {logging_mixin.py:190} INFO - [2026-07-13T06:48:33.263+0000] {dagbag.py:588} INFO - Filling up the DagBag from /opt/airflow/dags/dag_extract_dvizhenie.py
[2026-07-13T06:48:33.268+0000] {processor.py:925} INFO - DAG(s) 'dag_extract_dvizhenie' retrieved from /opt/airflow/dags/dag_extract_dvizhenie.py
[2026-07-13T06:48:33.277+0000] {logging_mixin.py:190} INFO - [2026-07-13T06:48:33.277+0000] {dag.py:3239} INFO - Sync 1 DAGs
[2026-07-13T06:48:33.284+0000] {logging_mixin.py:190} INFO - [2026-07-13T06:48:33.284+0000] {dag.py:4180} INFO - Setting next_dagrun for dag_extract_dvizhenie to 2026-07-13 04:00:00+00:00, run_after=2026-07-13 06:00:00+00:00
[2026-07-13T06:48:33.288+0000] {processor.py:208} INFO - Processing /opt/airflow/dags/dag_extract_dvizhenie.py took 0.029 seconds
[2026-07-13T07:40:13.246+0000] {processor.py:186} INFO - Started process (PID=61878) to work on /opt/airflow/dags/dag_extract_dvizhenie.py
[2026-07-13T07:40:13.247+0000] {processor.py:914} INFO - Processing file /opt/airflow/dags/dag_extract_dvizhenie.py for tasks to queue
[2026-07-13T07:40:13.247+0000] {logging_mixin.py:190} INFO - [2026-07-13T07:40:13.247+0000] {dagbag.py:588} INFO - Filling up the DagBag from /opt/airflow/dags/dag_extract_dvizhenie.py
[2026-07-13T07:40:13.252+0000] {processor.py:925} INFO - DAG(s) 'dag_extract_dvizhenie' retrieved from /opt/airflow/dags/dag_extract_dvizhenie.py
[2026-07-13T07:40:13.262+0000] {logging_mixin.py:190} INFO - [2026-07-13T07:40:13.262+0000] {dag.py:3239} INFO - Sync 1 DAGs
[2026-07-13T07:40:13.270+0000] {logging_mixin.py:190} INFO - [2026-07-13T07:40:13.270+0000] {dag.py:4180} INFO - Setting next_dagrun for dag_extract_dvizhenie to 2026-07-13 04:00:00+00:00, run_after=2026-07-13 06:00:00+00:00
[2026-07-13T07:40:13.275+0000] {processor.py:208} INFO - Processing /opt/airflow/dags/dag_extract_dvizhenie.py took 0.031 seconds
[2026-07-13T07:49:31.357+0000] {processor.py:186} INFO - Started process (PID=61898) to work on /opt/airflow/dags/dag_extract_dvizhenie.py
[2026-07-13T07:49:31.358+0000] {processor.py:914} INFO - Processing file /opt/airflow/dags/dag_extract_dvizhenie.py for tasks to queue
[2026-07-13T07:49:31.359+0000] {logging_mixin.py:190} INFO - [2026-07-13T07:49:31.359+0000] {dagbag.py:588} INFO - Filling up the DagBag from /opt/airflow/dags/dag_extract_dvizhenie.py
[2026-07-13T07:49:31.363+0000] {processor.py:925} INFO - DAG(s) 'dag_extract_dvizhenie' retrieved from /opt/airflow/dags/dag_extract_dvizhenie.py
[2026-07-13T07:49:31.373+0000] {logging_mixin.py:190} INFO - [2026-07-13T07:49:31.373+0000] {dag.py:3239} INFO - Sync 1 DAGs
[2026-07-13T07:49:31.380+0000] {logging_mixin.py:190} INFO - [2026-07-13T07:49:31.380+0000] {dag.py:4180} INFO - Setting next_dagrun for dag_extract_dvizhenie to 2026-07-13 04:00:00+00:00, run_after=2026-07-13 06:00:00+00:00
[2026-07-13T07:49:31.385+0000] {processor.py:208} INFO - Processing /opt/airflow/dags/dag_extract_dvizhenie.py took 0.030 seconds
[2026-07-13T08:20:41.621+0000] {processor.py:186} INFO - Started process (PID=61918) to work on /opt/airflow/dags/dag_extract_dvizhenie.py
[2026-07-13T08:20:41.622+0000] {processor.py:914} INFO - Processing file /opt/airflow/dags/dag_extract_dvizhenie.py for tasks to queue
[2026-07-13T08:20:41.623+0000] {logging_mixin.py:190} INFO - [2026-07-13T08:20:41.622+0000] {dagbag.py:588} INFO - Filling up the DagBag from /opt/airflow/dags/dag_extract_dvizhenie.py
[2026-07-13T08:20:41.627+0000] {processor.py:925} INFO - DAG(s) 'dag_extract_dvizhenie' retrieved from /opt/airflow/dags/dag_extract_dvizhenie.py
[2026-07-13T08:20:41.637+0000] {logging_mixin.py:190} INFO - [2026-07-13T08:20:41.637+0000] {dag.py:3239} INFO - Sync 1 DAGs
[2026-07-13T08:20:41.644+0000] {logging_mixin.py:190} INFO - [2026-07-13T08:20:41.644+0000] {dag.py:4180} INFO - Setting next_dagrun for dag_extract_dvizhenie to 2026-07-13 06:00:00+00:00, run_after=2026-07-13 08:00:00+00:00
[2026-07-13T08:20:41.650+0000] {processor.py:208} INFO - Processing /opt/airflow/dags/dag_extract_dvizhenie.py took 0.031 seconds
[2026-07-13T08:50:29.443+0000] {processor.py:186} INFO - Started process (PID=61938) to work on /opt/airflow/dags/dag_extract_dvizhenie.py
[2026-07-13T08:50:29.443+0000] {processor.py:914} INFO - Processing file /opt/airflow/dags/dag_extract_dvizhenie.py for tasks to queue
[2026-07-13T08:50:29.445+0000] {logging_mixin.py:190} INFO - [2026-07-13T08:50:29.445+0000] {dagbag.py:588} INFO - Filling up the DagBag from /opt/airflow/dags/dag_extract_dvizhenie.py
[2026-07-13T08:50:29.450+0000] {processor.py:925} INFO - DAG(s) 'dag_extract_dvizhenie' retrieved from /opt/airflow/dags/dag_extract_dvizhenie.py
[2026-07-13T08:50:29.461+0000] {logging_mixin.py:190} INFO - [2026-07-13T08:50:29.461+0000] {dag.py:3239} INFO - Sync 1 DAGs
[2026-07-13T08:50:29.471+0000] {logging_mixin.py:190} INFO - [2026-07-13T08:50:29.471+0000] {dag.py:4180} INFO - Setting next_dagrun for dag_extract_dvizhenie to 2026-07-13 06:00:00+00:00, run_after=2026-07-13 08:00:00+00:00
[2026-07-13T08:50:29.478+0000] {processor.py:208} INFO - Processing /opt/airflow/dags/dag_extract_dvizhenie.py took 0.037 seconds
[2026-07-13T09:24:09.794+0000] {processor.py:186} INFO - Started process (PID=61958) to work on /opt/airflow/dags/dag_extract_dvizhenie.py
[2026-07-13T09:24:09.795+0000] {processor.py:914} INFO - Processing file /opt/airflow/dags/dag_extract_dvizhenie.py for tasks to queue
[2026-07-13T09:24:09.796+0000] {logging_mixin.py:190} INFO - [2026-07-13T09:24:09.796+0000] {dagbag.py:588} INFO - Filling up the DagBag from /opt/airflow/dags/dag_extract_dvizhenie.py
[2026-07-13T09:24:09.800+0000] {processor.py:925} INFO - DAG(s) 'dag_extract_dvizhenie' retrieved from /opt/airflow/dags/dag_extract_dvizhenie.py
[2026-07-13T09:24:09.810+0000] {logging_mixin.py:190} INFO - [2026-07-13T09:24:09.810+0000] {dag.py:3239} INFO - Sync 1 DAGs
[2026-07-13T09:24:09.817+0000] {logging_mixin.py:190} INFO - [2026-07-13T09:24:09.816+0000] {dag.py:4180} INFO - Setting next_dagrun for dag_extract_dvizhenie to 2026-07-13 06:00:00+00:00, run_after=2026-07-13 08:00:00+00:00
[2026-07-13T09:24:09.822+0000] {processor.py:208} INFO - Processing /opt/airflow/dags/dag_extract_dvizhenie.py took 0.030 seconds
[2026-07-13T09:51:26.644+0000] {processor.py:186} INFO - Started process (PID=61976) to work on /opt/airflow/dags/dag_extract_dvizhenie.py
[2026-07-13T09:51:26.644+0000] {processor.py:914} INFO - Processing file /opt/airflow/dags/dag_extract_dvizhenie.py for tasks to queue
[2026-07-13T09:51:26.645+0000] {logging_mixin.py:190} INFO - [2026-07-13T09:51:26.645+0000] {dagbag.py:588} INFO - Filling up the DagBag from /opt/airflow/dags/dag_extract_dvizhenie.py
[2026-07-13T09:51:26.653+0000] {processor.py:925} INFO - DAG(s) 'dag_extract_dvizhenie' retrieved from /opt/airflow/dags/dag_extract_dvizhenie.py
[2026-07-13T09:51:26.668+0000] {logging_mixin.py:190} INFO - [2026-07-13T09:51:26.668+0000] {dag.py:3239} INFO - Sync 1 DAGs
[2026-07-13T09:51:26.676+0000] {logging_mixin.py:190} INFO - [2026-07-13T09:51:26.676+0000] {dag.py:4180} INFO - Setting next_dagrun for dag_extract_dvizhenie to 2026-07-13 06:00:00+00:00, run_after=2026-07-13 08:00:00+00:00
[2026-07-13T09:51:26.683+0000] {processor.py:208} INFO - Processing /opt/airflow/dags/dag_extract_dvizhenie.py took 0.042 seconds
[2026-07-13T10:09:15.268+0000] {processor.py:186} INFO - Started process (PID=61998) to work on /opt/airflow/dags/dag_extract_dvizhenie.py
[2026-07-13T10:09:15.268+0000] {processor.py:914} INFO - Processing file /opt/airflow/dags/dag_extract_dvizhenie.py for tasks to queue
[2026-07-13T10:09:15.269+0000] {logging_mixin.py:190} INFO - [2026-07-13T10:09:15.269+0000] {dagbag.py:588} INFO - Filling up the DagBag from /opt/airflow/dags/dag_extract_dvizhenie.py
[2026-07-13T10:09:15.274+0000] {processor.py:925} INFO - DAG(s) 'dag_extract_dvizhenie' retrieved from /opt/airflow/dags/dag_extract_dvizhenie.py
[2026-07-13T10:09:15.284+0000] {logging_mixin.py:190} INFO - [2026-07-13T10:09:15.284+0000] {dag.py:3239} INFO - Sync 1 DAGs
[2026-07-13T10:09:15.293+0000] {logging_mixin.py:190} INFO - [2026-07-13T10:09:15.293+0000] {dag.py:4180} INFO - Setting next_dagrun for dag_extract_dvizhenie to 2026-07-13 08:00:00+00:00, run_after=2026-07-13 10:00:00+00:00
[2026-07-13T10:09:15.298+0000] {processor.py:208} INFO - Processing /opt/airflow/dags/dag_extract_dvizhenie.py took 0.033 seconds
[2026-07-13T10:50:10.047+0000] {processor.py:186} INFO - Started process (PID=62018) to work on /opt/airflow/dags/dag_extract_dvizhenie.py
[2026-07-13T10:50:10.047+0000] {processor.py:914} INFO - Processing file /opt/airflow/dags/dag_extract_dvizhenie.py for tasks to queue
[2026-07-13T10:50:10.048+0000] {logging_mixin.py:190} INFO - [2026-07-13T10:50:10.048+0000] {dagbag.py:588} INFO - Filling up the DagBag from /opt/airflow/dags/dag_extract_dvizhenie.py
[2026-07-13T10:50:10.052+0000] {processor.py:925} INFO - DAG(s) 'dag_extract_dvizhenie' retrieved from /opt/airflow/dags/dag_extract_dvizhenie.py
[2026-07-13T10:50:10.061+0000] {logging_mixin.py:190} INFO - [2026-07-13T10:50:10.061+0000] {dag.py:3239} INFO - Sync 1 DAGs
[2026-07-13T10:50:10.068+0000] {logging_mixin.py:190} INFO - [2026-07-13T10:50:10.068+0000] {dag.py:4180} INFO - Setting next_dagrun for dag_extract_dvizhenie to 2026-07-13 08:00:00+00:00, run_after=2026-07-13 10:00:00+00:00
[2026-07-13T10:50:10.073+0000] {processor.py:208} INFO - Processing /opt/airflow/dags/dag_extract_dvizhenie.py took 0.029 seconds
[2026-07-13T10:52:08.604+0000] {processor.py:186} INFO - Started process (PID=62037) to work on /opt/airflow/dags/dag_extract_dvizhenie.py
[2026-07-13T10:52:08.604+0000] {processor.py:914} INFO - Processing file /opt/airflow/dags/dag_extract_dvizhenie.py for tasks to queue
[2026-07-13T10:52:08.606+0000] {logging_mixin.py:190} INFO - [2026-07-13T10:52:08.606+0000] {dagbag.py:588} INFO - Filling up the DagBag from /opt/airflow/dags/dag_extract_dvizhenie.py
[2026-07-13T10:52:08.613+0000] {processor.py:925} INFO - DAG(s) 'dag_extract_dvizhenie' retrieved from /opt/airflow/dags/dag_extract_dvizhenie.py
[2026-07-13T10:52:08.626+0000] {logging_mixin.py:190} INFO - [2026-07-13T10:52:08.626+0000] {dag.py:3239} INFO - Sync 1 DAGs
[2026-07-13T10:52:08.633+0000] {logging_mixin.py:190} INFO - [2026-07-13T10:52:08.633+0000] {dag.py:4180} INFO - Setting next_dagrun for dag_extract_dvizhenie to 2026-07-13 08:00:00+00:00, run_after=2026-07-13 10:00:00+00:00
[2026-07-13T10:52:08.642+0000] {processor.py:208} INFO - Processing /opt/airflow/dags/dag_extract_dvizhenie.py took 0.041 seconds
[2026-07-13T10:52:39.111+0000] {processor.py:186} INFO - Started process (PID=62056) to work on /opt/airflow/dags/dag_extract_dvizhenie.py
[2026-07-13T10:52:39.112+0000] {processor.py:914} INFO - Processing file /opt/airflow/dags/dag_extract_dvizhenie.py for tasks to queue
[2026-07-13T10:52:39.113+0000] {logging_mixin.py:190} INFO - [2026-07-13T10:52:39.113+0000] {dagbag.py:588} INFO - Filling up the DagBag from /opt/airflow/dags/dag_extract_dvizhenie.py
[2026-07-13T10:52:39.120+0000] {processor.py:925} INFO - DAG(s) 'dag_extract_dvizhenie' retrieved from /opt/airflow/dags/dag_extract_dvizhenie.py
[2026-07-13T10:52:39.133+0000] {logging_mixin.py:190} INFO - [2026-07-13T10:52:39.133+0000] {dag.py:3239} INFO - Sync 1 DAGs
[2026-07-13T10:52:39.142+0000] {logging_mixin.py:190} INFO - [2026-07-13T10:52:39.142+0000] {dag.py:4180} INFO - Setting next_dagrun for dag_extract_dvizhenie to 2026-07-13 08:00:00+00:00, run_after=2026-07-13 10:00:00+00:00
[2026-07-13T10:52:39.150+0000] {processor.py:208} INFO - Processing /opt/airflow/dags/dag_extract_dvizhenie.py took 0.042 seconds
[2026-07-13T11:42:36.072+0000] {processor.py:186} INFO - Started process (PID=62078) to work on /opt/airflow/dags/dag_extract_dvizhenie.py
[2026-07-13T11:42:36.073+0000] {processor.py:914} INFO - Processing file /opt/airflow/dags/dag_extract_dvizhenie.py for tasks to queue
[2026-07-13T11:42:36.073+0000] {logging_mixin.py:190} INFO - [2026-07-13T11:42:36.073+0000] {dagbag.py:588} INFO - Filling up the DagBag from /opt/airflow/dags/dag_extract_dvizhenie.py
[2026-07-13T11:42:36.078+0000] {processor.py:925} INFO - DAG(s) 'dag_extract_dvizhenie' retrieved from /opt/airflow/dags/dag_extract_dvizhenie.py
[2026-07-13T11:42:36.088+0000] {logging_mixin.py:190} INFO - [2026-07-13T11:42:36.088+0000] {dag.py:3239} INFO - Sync 1 DAGs
[2026-07-13T11:42:36.095+0000] {logging_mixin.py:190} INFO - [2026-07-13T11:42:36.095+0000] {dag.py:4180} INFO - Setting next_dagrun for dag_extract_dvizhenie to 2026-07-13 08:00:00+00:00, run_after=2026-07-13 10:00:00+00:00
[2026-07-13T11:42:36.100+0000] {processor.py:208} INFO - Processing /opt/airflow/dags/dag_extract_dvizhenie.py took 0.031 seconds
[2026-07-13T11:53:36.384+0000] {processor.py:186} INFO - Started process (PID=62098) to work on /opt/airflow/dags/dag_extract_dvizhenie.py
[2026-07-13T11:53:36.385+0000] {processor.py:914} INFO - Processing file /opt/airflow/dags/dag_extract_dvizhenie.py for tasks to queue
[2026-07-13T11:53:36.386+0000] {logging_mixin.py:190} INFO - [2026-07-13T11:53:36.386+0000] {dagbag.py:588} INFO - Filling up the DagBag from /opt/airflow/dags/dag_extract_dvizhenie.py
[2026-07-13T11:53:36.392+0000] {processor.py:925} INFO - DAG(s) 'dag_extract_dvizhenie' retrieved from /opt/airflow/dags/dag_extract_dvizhenie.py
[2026-07-13T11:53:36.407+0000] {logging_mixin.py:190} INFO - [2026-07-13T11:53:36.407+0000] {dag.py:3239} INFO - Sync 1 DAGs
[2026-07-13T11:53:36.416+0000] {logging_mixin.py:190} INFO - [2026-07-13T11:53:36.416+0000] {dag.py:4180} INFO - Setting next_dagrun for dag_extract_dvizhenie to 2026-07-13 08:00:00+00:00, run_after=2026-07-13 10:00:00+00:00
[2026-07-13T11:53:36.422+0000] {processor.py:208} INFO - Processing /opt/airflow/dags/dag_extract_dvizhenie.py took 0.041 seconds
[2026-07-13T12:43:21.348+0000] {processor.py:186} INFO - Started process (PID=62118) to work on /opt/airflow/dags/dag_extract_dvizhenie.py
[2026-07-13T12:43:21.348+0000] {processor.py:914} INFO - Processing file /opt/airflow/dags/dag_extract_dvizhenie.py for tasks to queue
[2026-07-13T12:43:21.349+0000] {logging_mixin.py:190} INFO - [2026-07-13T12:43:21.349+0000] {dagbag.py:588} INFO - Filling up the DagBag from /opt/airflow/dags/dag_extract_dvizhenie.py
[2026-07-13T12:43:21.354+0000] {processor.py:925} INFO - DAG(s) 'dag_extract_dvizhenie' retrieved from /opt/airflow/dags/dag_extract_dvizhenie.py
[2026-07-13T12:43:21.364+0000] {logging_mixin.py:190} INFO - [2026-07-13T12:43:21.363+0000] {dag.py:3239} INFO - Sync 1 DAGs
[2026-07-13T12:43:21.371+0000] {logging_mixin.py:190} INFO - [2026-07-13T12:43:21.371+0000] {dag.py:4180} INFO - Setting next_dagrun for dag_extract_dvizhenie to 2026-07-13 10:00:00+00:00, run_after=2026-07-13 12:00:00+00:00
[2026-07-13T12:43:21.376+0000] {processor.py:208} INFO - Processing /opt/airflow/dags/dag_extract_dvizhenie.py took 0.030 seconds
[2026-07-13T12:54:34.566+0000] {processor.py:186} INFO - Started process (PID=62136) to work on /opt/airflow/dags/dag_extract_dvizhenie.py
[2026-07-13T12:54:34.567+0000] {processor.py:914} INFO - Processing file /opt/airflow/dags/dag_extract_dvizhenie.py for tasks to queue
[2026-07-13T12:54:34.568+0000] {logging_mixin.py:190} INFO - [2026-07-13T12:54:34.568+0000] {dagbag.py:588} INFO - Filling up the DagBag from /opt/airflow/dags/dag_extract_dvizhenie.py
[2026-07-13T12:54:34.576+0000] {processor.py:925} INFO - DAG(s) 'dag_extract_dvizhenie' retrieved from /opt/airflow/dags/dag_extract_dvizhenie.py
[2026-07-13T12:54:34.589+0000] {logging_mixin.py:190} INFO - [2026-07-13T12:54:34.589+0000] {dag.py:3239} INFO - Sync 1 DAGs
[2026-07-13T12:54:34.600+0000] {logging_mixin.py:190} INFO - [2026-07-13T12:54:34.600+0000] {dag.py:4180} INFO - Setting next_dagrun for dag_extract_dvizhenie to 2026-07-13 10:00:00+00:00, run_after=2026-07-13 12:00:00+00:00
[2026-07-13T12:54:34.608+0000] {processor.py:208} INFO - Processing /opt/airflow/dags/dag_extract_dvizhenie.py took 0.044 seconds
[2026-07-13T13:28:19.857+0000] {processor.py:186} INFO - Started process (PID=62158) to work on /opt/airflow/dags/dag_extract_dvizhenie.py
[2026-07-13T13:28:19.857+0000] {processor.py:914} INFO - Processing file /opt/airflow/dags/dag_extract_dvizhenie.py for tasks to queue
[2026-07-13T13:28:19.858+0000] {logging_mixin.py:190} INFO - [2026-07-13T13:28:19.858+0000] {dagbag.py:588} INFO - Filling up the DagBag from /opt/airflow/dags/dag_extract_dvizhenie.py
[2026-07-13T13:28:19.862+0000] {processor.py:925} INFO - DAG(s) 'dag_extract_dvizhenie' retrieved from /opt/airflow/dags/dag_extract_dvizhenie.py
[2026-07-13T13:28:19.872+0000] {logging_mixin.py:190} INFO - [2026-07-13T13:28:19.872+0000] {dag.py:3239} INFO - Sync 1 DAGs
[2026-07-13T13:28:19.879+0000] {logging_mixin.py:190} INFO - [2026-07-13T13:28:19.879+0000] {dag.py:4180} INFO - Setting next_dagrun for dag_extract_dvizhenie to 2026-07-13 10:00:00+00:00, run_after=2026-07-13 12:00:00+00:00
[2026-07-13T13:28:19.884+0000] {processor.py:208} INFO - Processing /opt/airflow/dags/dag_extract_dvizhenie.py took 0.030 seconds
[2026-07-13T13:55:32.729+0000] {processor.py:186} INFO - Started process (PID=62178) to work on /opt/airflow/dags/dag_extract_dvizhenie.py
[2026-07-13T13:55:32.729+0000] {processor.py:914} INFO - Processing file /opt/airflow/dags/dag_extract_dvizhenie.py for tasks to queue
[2026-07-13T13:55:32.730+0000] {logging_mixin.py:190} INFO - [2026-07-13T13:55:32.730+0000] {dagbag.py:588} INFO - Filling up the DagBag from /opt/airflow/dags/dag_extract_dvizhenie.py
[2026-07-13T13:55:32.734+0000] {processor.py:925} INFO - DAG(s) 'dag_extract_dvizhenie' retrieved from /opt/airflow/dags/dag_extract_dvizhenie.py
[2026-07-13T13:55:32.743+0000] {logging_mixin.py:190} INFO - [2026-07-13T13:55:32.743+0000] {dag.py:3239} INFO - Sync 1 DAGs
[2026-07-13T13:55:32.751+0000] {logging_mixin.py:190} INFO - [2026-07-13T13:55:32.751+0000] {dag.py:4180} INFO - Setting next_dagrun for dag_extract_dvizhenie to 2026-07-13 10:00:00+00:00, run_after=2026-07-13 12:00:00+00:00
[2026-07-13T13:55:32.755+0000] {processor.py:208} INFO - Processing /opt/airflow/dags/dag_extract_dvizhenie.py took 0.029 seconds
[2026-07-13T14:27:36.956+0000] {processor.py:186} INFO - Started process (PID=62198) to work on /opt/airflow/dags/dag_extract_dvizhenie.py
[2026-07-13T14:27:36.956+0000] {processor.py:914} INFO - Processing file /opt/airflow/dags/dag_extract_dvizhenie.py for tasks to queue
[2026-07-13T14:27:36.957+0000] {logging_mixin.py:190} INFO - [2026-07-13T14:27:36.957+0000] {dagbag.py:588} INFO - Filling up the DagBag from /opt/airflow/dags/dag_extract_dvizhenie.py
[2026-07-13T14:27:36.961+0000] {processor.py:925} INFO - DAG(s) 'dag_extract_dvizhenie' retrieved from /opt/airflow/dags/dag_extract_dvizhenie.py
[2026-07-13T14:27:36.971+0000] {logging_mixin.py:190} INFO - [2026-07-13T14:27:36.971+0000] {dag.py:3239} INFO - Sync 1 DAGs
[2026-07-13T14:27:36.979+0000] {logging_mixin.py:190} INFO - [2026-07-13T14:27:36.979+0000] {dag.py:4180} INFO - Setting next_dagrun for dag_extract_dvizhenie to 2026-07-13 12:00:00+00:00, run_after=2026-07-13 14:00:00+00:00
[2026-07-13T14:27:36.984+0000] {processor.py:208} INFO - Processing /opt/airflow/dags/dag_extract_dvizhenie.py took 0.032 seconds
[2026-07-13T14:56:30.970+0000] {processor.py:186} INFO - Started process (PID=62218) to work on /opt/airflow/dags/dag_extract_dvizhenie.py
[2026-07-13T14:56:30.971+0000] {processor.py:914} INFO - Processing file /opt/airflow/dags/dag_extract_dvizhenie.py for tasks to queue
[2026-07-13T14:56:30.971+0000] {logging_mixin.py:190} INFO - [2026-07-13T14:56:30.971+0000] {dagbag.py:588} INFO - Filling up the DagBag from /opt/airflow/dags/dag_extract_dvizhenie.py
[2026-07-13T14:56:30.976+0000] {processor.py:925} INFO - DAG(s) 'dag_extract_dvizhenie' retrieved from /opt/airflow/dags/dag_extract_dvizhenie.py
[2026-07-13T14:56:30.986+0000] {logging_mixin.py:190} INFO - [2026-07-13T14:56:30.986+0000] {dag.py:3239} INFO - Sync 1 DAGs
[2026-07-13T14:56:30.993+0000] {logging_mixin.py:190} INFO - [2026-07-13T14:56:30.992+0000] {dag.py:4180} INFO - Setting next_dagrun for dag_extract_dvizhenie to 2026-07-13 12:00:00+00:00, run_after=2026-07-13 14:00:00+00:00
[2026-07-13T14:56:30.997+0000] {processor.py:208} INFO - Processing /opt/airflow/dags/dag_extract_dvizhenie.py took 0.029 seconds
[2026-07-13T15:14:01.522+0000] {processor.py:186} INFO - Started process (PID=62238) to work on /opt/airflow/dags/dag_extract_dvizhenie.py
[2026-07-13T15:14:01.523+0000] {processor.py:914} INFO - Processing file /opt/airflow/dags/dag_extract_dvizhenie.py for tasks to queue
[2026-07-13T15:14:01.524+0000] {logging_mixin.py:190} INFO - [2026-07-13T15:14:01.524+0000] {dagbag.py:588} INFO - Filling up the DagBag from /opt/airflow/dags/dag_extract_dvizhenie.py
[2026-07-13T15:14:01.529+0000] {processor.py:925} INFO - DAG(s) 'dag_extract_dvizhenie' retrieved from /opt/airflow/dags/dag_extract_dvizhenie.py
[2026-07-13T15:14:01.541+0000] {logging_mixin.py:190} INFO - [2026-07-13T15:14:01.540+0000] {dag.py:3239} INFO - Sync 1 DAGs
[2026-07-13T15:14:01.549+0000] {logging_mixin.py:190} INFO - [2026-07-13T15:14:01.549+0000] {dag.py:4180} INFO - Setting next_dagrun for dag_extract_dvizhenie to 2026-07-13 12:00:00+00:00, run_after=2026-07-13 14:00:00+00:00
[2026-07-13T15:14:01.555+0000] {processor.py:208} INFO - Processing /opt/airflow/dags/dag_extract_dvizhenie.py took 0.035 seconds
[2026-07-13T15:45:23.429+0000] {processor.py:186} INFO - Started process (PID=62258) to work on /opt/airflow/dags/dag_extract_dvizhenie.py
[2026-07-13T15:45:23.429+0000] {processor.py:914} INFO - Processing file /opt/airflow/dags/dag_extract_dvizhenie.py for tasks to queue
[2026-07-13T15:45:23.430+0000] {logging_mixin.py:190} INFO - [2026-07-13T15:45:23.430+0000] {dagbag.py:588} INFO - Filling up the DagBag from /opt/airflow/dags/dag_extract_dvizhenie.py
[2026-07-13T15:45:23.436+0000] {processor.py:925} INFO - DAG(s) 'dag_extract_dvizhenie' retrieved from /opt/airflow/dags/dag_extract_dvizhenie.py
[2026-07-13T15:45:23.454+0000] {logging_mixin.py:190} INFO - [2026-07-13T15:45:23.454+0000] {dag.py:3239} INFO - Sync 1 DAGs
[2026-07-13T15:45:23.464+0000] {logging_mixin.py:190} INFO - [2026-07-13T15:45:23.464+0000] {dag.py:4180} INFO - Setting next_dagrun for dag_extract_dvizhenie to 2026-07-13 12:00:00+00:00, run_after=2026-07-13 14:00:00+00:00
[2026-07-13T15:45:23.473+0000] {processor.py:208} INFO - Processing /opt/airflow/dags/dag_extract_dvizhenie.py took 0.047 seconds
[2026-07-13T15:57:39.055+0000] {processor.py:186} INFO - Started process (PID=62278) to work on /opt/airflow/dags/dag_extract_dvizhenie.py
[2026-07-13T15:57:39.055+0000] {processor.py:914} INFO - Processing file /opt/airflow/dags/dag_extract_dvizhenie.py for tasks to queue
[2026-07-13T15:57:39.056+0000] {logging_mixin.py:190} INFO - [2026-07-13T15:57:39.056+0000] {dagbag.py:588} INFO - Filling up the DagBag from /opt/airflow/dags/dag_extract_dvizhenie.py
[2026-07-13T15:57:39.060+0000] {processor.py:925} INFO - DAG(s) 'dag_extract_dvizhenie' retrieved from /opt/airflow/dags/dag_extract_dvizhenie.py
[2026-07-13T15:57:39.070+0000] {logging_mixin.py:190} INFO - [2026-07-13T15:57:39.070+0000] {dag.py:3239} INFO - Sync 1 DAGs
[2026-07-13T15:57:39.077+0000] {logging_mixin.py:190} INFO - [2026-07-13T15:57:39.077+0000] {dag.py:4180} INFO - Setting next_dagrun for dag_extract_dvizhenie to 2026-07-13 12:00:00+00:00, run_after=2026-07-13 14:00:00+00:00
[2026-07-13T15:57:39.082+0000] {processor.py:208} INFO - Processing /opt/airflow/dags/dag_extract_dvizhenie.py took 0.029 seconds
[2026-07-13T16:24:03.995+0000] {processor.py:186} INFO - Started process (PID=62298) to work on /opt/airflow/dags/dag_extract_dvizhenie.py
[2026-07-13T16:24:03.996+0000] {processor.py:914} INFO - Processing file /opt/airflow/dags/dag_extract_dvizhenie.py for tasks to queue
[2026-07-13T16:24:03.997+0000] {logging_mixin.py:190} INFO - [2026-07-13T16:24:03.997+0000] {dagbag.py:588} INFO - Filling up the DagBag from /opt/airflow/dags/dag_extract_dvizhenie.py
[2026-07-13T16:24:04.002+0000] {processor.py:925} INFO - DAG(s) 'dag_extract_dvizhenie' retrieved from /opt/airflow/dags/dag_extract_dvizhenie.py
[2026-07-13T16:24:04.014+0000] {logging_mixin.py:190} INFO - [2026-07-13T16:24:04.014+0000] {dag.py:3239} INFO - Sync 1 DAGs
[2026-07-13T16:24:04.023+0000] {logging_mixin.py:190} INFO - [2026-07-13T16:24:04.023+0000] {dag.py:4180} INFO - Setting next_dagrun for dag_extract_dvizhenie to 2026-07-13 14:00:00+00:00, run_after=2026-07-13 16:00:00+00:00
[2026-07-13T16:24:04.029+0000] {processor.py:208} INFO - Processing /opt/airflow/dags/dag_extract_dvizhenie.py took 0.037 seconds
[2026-07-13T16:24:34.476+0000] {processor.py:186} INFO - Started process (PID=62318) to work on /opt/airflow/dags/dag_extract_dvizhenie.py
[2026-07-13T16:24:34.476+0000] {processor.py:914} INFO - Processing file /opt/airflow/dags/dag_extract_dvizhenie.py for tasks to queue
[2026-07-13T16:24:34.477+0000] {logging_mixin.py:190} INFO - [2026-07-13T16:24:34.477+0000] {dagbag.py:588} INFO - Filling up the DagBag from /opt/airflow/dags/dag_extract_dvizhenie.py
[2026-07-13T16:24:34.481+0000] {processor.py:925} INFO - DAG(s) 'dag_extract_dvizhenie' retrieved from /opt/airflow/dags/dag_extract_dvizhenie.py
[2026-07-13T16:24:34.491+0000] {logging_mixin.py:190} INFO - [2026-07-13T16:24:34.491+0000] {dag.py:3239} INFO - Sync 1 DAGs
[2026-07-13T16:24:34.498+0000] {logging_mixin.py:190} INFO - [2026-07-13T16:24:34.498+0000] {dag.py:4180} INFO - Setting next_dagrun for dag_extract_dvizhenie to 2026-07-13 14:00:00+00:00, run_after=2026-07-13 16:00:00+00:00
[2026-07-13T16:24:34.503+0000] {processor.py:208} INFO - Processing /opt/airflow/dags/dag_extract_dvizhenie.py took 0.030 seconds
[2026-07-13T16:25:04.942+0000] {processor.py:186} INFO - Started process (PID=62338) to work on /opt/airflow/dags/dag_extract_dvizhenie.py
[2026-07-13T16:25:04.943+0000] {processor.py:914} INFO - Processing file /opt/airflow/dags/dag_extract_dvizhenie.py for tasks to queue
[2026-07-13T16:25:04.944+0000] {logging_mixin.py:190} INFO - [2026-07-13T16:25:04.944+0000] {dagbag.py:588} INFO - Filling up the DagBag from /opt/airflow/dags/dag_extract_dvizhenie.py
[2026-07-13T16:25:04.950+0000] {processor.py:925} INFO - DAG(s) 'dag_extract_dvizhenie' retrieved from /opt/airflow/dags/dag_extract_dvizhenie.py
[2026-07-13T16:25:04.964+0000] {logging_mixin.py:190} INFO - [2026-07-13T16:25:04.964+0000] {dag.py:3239} INFO - Sync 1 DAGs
[2026-07-13T16:25:04.974+0000] {logging_mixin.py:190} INFO - [2026-07-13T16:25:04.974+0000] {dag.py:4180} INFO - Setting next_dagrun for dag_extract_dvizhenie to 2026-07-13 14:00:00+00:00, run_after=2026-07-13 16:00:00+00:00
[2026-07-13T16:25:04.980+0000] {processor.py:208} INFO - Processing /opt/airflow/dags/dag_extract_dvizhenie.py took 0.041 seconds
[2026-07-13T16:25:35.406+0000] {processor.py:186} INFO - Started process (PID=62358) to work on /opt/airflow/dags/dag_extract_dvizhenie.py
[2026-07-13T16:25:35.406+0000] {processor.py:914} INFO - Processing file /opt/airflow/dags/dag_extract_dvizhenie.py for tasks to queue
[2026-07-13T16:25:35.407+0000] {logging_mixin.py:190} INFO - [2026-07-13T16:25:35.407+0000] {dagbag.py:588} INFO - Filling up the DagBag from /opt/airflow/dags/dag_extract_dvizhenie.py
[2026-07-13T16:25:35.412+0000] {processor.py:925} INFO - DAG(s) 'dag_extract_dvizhenie' retrieved from /opt/airflow/dags/dag_extract_dvizhenie.py
[2026-07-13T16:25:35.422+0000] {logging_mixin.py:190} INFO - [2026-07-13T16:25:35.422+0000] {dag.py:3239} INFO - Sync 1 DAGs
[2026-07-13T16:25:35.430+0000] {logging_mixin.py:190} INFO - [2026-07-13T16:25:35.430+0000] {dag.py:4180} INFO - Setting next_dagrun for dag_extract_dvizhenie to 2026-07-13 14:00:00+00:00, run_after=2026-07-13 16:00:00+00:00
[2026-07-13T16:25:35.434+0000] {processor.py:208} INFO - Processing /opt/airflow/dags/dag_extract_dvizhenie.py took 0.031 seconds
[2026-07-13T16:26:05.861+0000] {processor.py:186} INFO - Started process (PID=62378) to work on /opt/airflow/dags/dag_extract_dvizhenie.py
[2026-07-13T16:26:05.862+0000] {processor.py:914} INFO - Processing file /opt/airflow/dags/dag_extract_dvizhenie.py for tasks to queue
[2026-07-13T16:26:05.862+0000] {logging_mixin.py:190} INFO - [2026-07-13T16:26:05.862+0000] {dagbag.py:588} INFO - Filling up the DagBag from /opt/airflow/dags/dag_extract_dvizhenie.py
[2026-07-13T16:26:05.867+0000] {processor.py:925} INFO - DAG(s) 'dag_extract_dvizhenie' retrieved from /opt/airflow/dags/dag_extract_dvizhenie.py
[2026-07-13T16:26:05.877+0000] {logging_mixin.py:190} INFO - [2026-07-13T16:26:05.876+0000] {dag.py:3239} INFO - Sync 1 DAGs
[2026-07-13T16:26:05.884+0000] {logging_mixin.py:190} INFO - [2026-07-13T16:26:05.884+0000] {dag.py:4180} INFO - Setting next_dagrun for dag_extract_dvizhenie to 2026-07-13 14:00:00+00:00, run_after=2026-07-13 16:00:00+00:00
[2026-07-13T16:26:05.889+0000] {processor.py:208} INFO - Processing /opt/airflow/dags/dag_extract_dvizhenie.py took 0.030 seconds
[2026-07-13T16:26:36.313+0000] {processor.py:186} INFO - Started process (PID=62398) to work on /opt/airflow/dags/dag_extract_dvizhenie.py
[2026-07-13T16:26:36.313+0000] {processor.py:914} INFO - Processing file /opt/airflow/dags/dag_extract_dvizhenie.py for tasks to queue
[2026-07-13T16:26:36.314+0000] {logging_mixin.py:190} INFO - [2026-07-13T16:26:36.314+0000] {dagbag.py:588} INFO - Filling up the DagBag from /opt/airflow/dags/dag_extract_dvizhenie.py
[2026-07-13T16:26:36.319+0000] {processor.py:925} INFO - DAG(s) 'dag_extract_dvizhenie' retrieved from /opt/airflow/dags/dag_extract_dvizhenie.py
[2026-07-13T16:26:36.329+0000] {logging_mixin.py:190} INFO - [2026-07-13T16:26:36.329+0000] {dag.py:3239} INFO - Sync 1 DAGs
[2026-07-13T16:26:36.336+0000] {logging_mixin.py:190} INFO - [2026-07-13T16:26:36.336+0000] {dag.py:4180} INFO - Setting next_dagrun for dag_extract_dvizhenie to 2026-07-13 14:00:00+00:00, run_after=2026-07-13 16:00:00+00:00
[2026-07-13T16:26:36.341+0000] {processor.py:208} INFO - Processing /opt/airflow/dags/dag_extract_dvizhenie.py took 0.031 seconds
[2026-07-13T16:27:06.794+0000] {processor.py:186} INFO - Started process (PID=62416) to work on /opt/airflow/dags/dag_extract_dvizhenie.py
[2026-07-13T16:27:06.795+0000] {processor.py:914} INFO - Processing file /opt/airflow/dags/dag_extract_dvizhenie.py for tasks to queue
[2026-07-13T16:27:06.798+0000] {logging_mixin.py:190} INFO - [2026-07-13T16:27:06.797+0000] {dagbag.py:588} INFO - Filling up the DagBag from /opt/airflow/dags/dag_extract_dvizhenie.py
[2026-07-13T16:27:06.806+0000] {processor.py:925} INFO - DAG(s) 'dag_extract_dvizhenie' retrieved from /opt/airflow/dags/dag_extract_dvizhenie.py
[2026-07-13T16:27:06.824+0000] {logging_mixin.py:190} INFO - [2026-07-13T16:27:06.824+0000] {dag.py:3239} INFO - Sync 1 DAGs
[2026-07-13T16:27:06.834+0000] {logging_mixin.py:190} INFO - [2026-07-13T16:27:06.834+0000] {dag.py:4180} INFO - Setting next_dagrun for dag_extract_dvizhenie to 2026-07-13 14:00:00+00:00, run_after=2026-07-13 16:00:00+00:00
[2026-07-13T16:27:06.842+0000] {processor.py:208} INFO - Processing /opt/airflow/dags/dag_extract_dvizhenie.py took 0.051 seconds
[2026-07-13T16:27:37.269+0000] {processor.py:186} INFO - Started process (PID=62438) to work on /opt/airflow/dags/dag_extract_dvizhenie.py
[2026-07-13T16:27:37.270+0000] {processor.py:914} INFO - Processing file /opt/airflow/dags/dag_extract_dvizhenie.py for tasks to queue
[2026-07-13T16:27:37.272+0000] {logging_mixin.py:190} INFO - [2026-07-13T16:27:37.272+0000] {dagbag.py:588} INFO - Filling up the DagBag from /opt/airflow/dags/dag_extract_dvizhenie.py
[2026-07-13T16:27:37.279+0000] {processor.py:925} INFO - DAG(s) 'dag_extract_dvizhenie' retrieved from /opt/airflow/dags/dag_extract_dvizhenie.py
[2026-07-13T16:27:37.295+0000] {logging_mixin.py:190} INFO - [2026-07-13T16:27:37.295+0000] {dag.py:3239} INFO - Sync 1 DAGs
[2026-07-13T16:27:37.305+0000] {logging_mixin.py:190} INFO - [2026-07-13T16:27:37.304+0000] {dag.py:4180} INFO - Setting next_dagrun for dag_extract_dvizhenie to 2026-07-13 14:00:00+00:00, run_after=2026-07-13 16:00:00+00:00
[2026-07-13T16:27:37.313+0000] {processor.py:208} INFO - Processing /opt/airflow/dags/dag_extract_dvizhenie.py took 0.048 seconds
[2026-07-13T16:28:07.747+0000] {processor.py:186} INFO - Started process (PID=62458) to work on /opt/airflow/dags/dag_extract_dvizhenie.py
[2026-07-13T16:28:07.747+0000] {processor.py:914} INFO - Processing file /opt/airflow/dags/dag_extract_dvizhenie.py for tasks to queue
[2026-07-13T16:28:07.748+0000] {logging_mixin.py:190} INFO - [2026-07-13T16:28:07.748+0000] {dagbag.py:588} INFO - Filling up the DagBag from /opt/airflow/dags/dag_extract_dvizhenie.py
[2026-07-13T16:28:07.754+0000] {processor.py:925} INFO - DAG(s) 'dag_extract_dvizhenie' retrieved from /opt/airflow/dags/dag_extract_dvizhenie.py
[2026-07-13T16:28:07.766+0000] {logging_mixin.py:190} INFO - [2026-07-13T16:28:07.766+0000] {dag.py:3239} INFO - Sync 1 DAGs
[2026-07-13T16:28:07.774+0000] {logging_mixin.py:190} INFO - [2026-07-13T16:28:07.774+0000] {dag.py:4180} INFO - Setting next_dagrun for dag_extract_dvizhenie to 2026-07-13 14:00:00+00:00, run_after=2026-07-13 16:00:00+00:00
[2026-07-13T16:28:07.780+0000] {processor.py:208} INFO - Processing /opt/airflow/dags/dag_extract_dvizhenie.py took 0.037 seconds
[2026-07-13T16:28:38.202+0000] {processor.py:186} INFO - Started process (PID=62478) to work on /opt/airflow/dags/dag_extract_dvizhenie.py
[2026-07-13T16:28:38.203+0000] {processor.py:914} INFO - Processing file /opt/airflow/dags/dag_extract_dvizhenie.py for tasks to queue
[2026-07-13T16:28:38.204+0000] {logging_mixin.py:190} INFO - [2026-07-13T16:28:38.204+0000] {dagbag.py:588} INFO - Filling up the DagBag from /opt/airflow/dags/dag_extract_dvizhenie.py
[2026-07-13T16:28:38.208+0000] {processor.py:925} INFO - DAG(s) 'dag_extract_dvizhenie' retrieved from /opt/airflow/dags/dag_extract_dvizhenie.py
[2026-07-13T16:28:38.218+0000] {logging_mixin.py:190} INFO - [2026-07-13T16:28:38.218+0000] {dag.py:3239} INFO - Sync 1 DAGs
[2026-07-13T16:28:38.226+0000] {logging_mixin.py:190} INFO - [2026-07-13T16:28:38.226+0000] {dag.py:4180} INFO - Setting next_dagrun for dag_extract_dvizhenie to 2026-07-13 14:00:00+00:00, run_after=2026-07-13 16:00:00+00:00
[2026-07-13T16:28:38.230+0000] {processor.py:208} INFO - Processing /opt/airflow/dags/dag_extract_dvizhenie.py took 0.030 seconds
[2026-07-13T16:29:08.682+0000] {processor.py:186} INFO - Started process (PID=62498) to work on /opt/airflow/dags/dag_extract_dvizhenie.py
[2026-07-13T16:29:08.682+0000] {processor.py:914} INFO - Processing file /opt/airflow/dags/dag_extract_dvizhenie.py for tasks to queue
[2026-07-13T16:29:08.683+0000] {logging_mixin.py:190} INFO - [2026-07-13T16:29:08.683+0000] {dagbag.py:588} INFO - Filling up the DagBag from /opt/airflow/dags/dag_extract_dvizhenie.py
[2026-07-13T16:29:08.687+0000] {processor.py:925} INFO - DAG(s) 'dag_extract_dvizhenie' retrieved from /opt/airflow/dags/dag_extract_dvizhenie.py
[2026-07-13T16:29:08.697+0000] {logging_mixin.py:190} INFO - [2026-07-13T16:29:08.697+0000] {dag.py:3239} INFO - Sync 1 DAGs
[2026-07-13T16:29:08.704+0000] {logging_mixin.py:190} INFO - [2026-07-13T16:29:08.704+0000] {dag.py:4180} INFO - Setting next_dagrun for dag_extract_dvizhenie to 2026-07-13 14:00:00+00:00, run_after=2026-07-13 16:00:00+00:00
[2026-07-13T16:29:08.710+0000] {processor.py:208} INFO - Processing /opt/airflow/dags/dag_extract_dvizhenie.py took 0.030 seconds
[2026-07-13T16:29:39.155+0000] {processor.py:186} INFO - Started process (PID=62518) to work on /opt/airflow/dags/dag_extract_dvizhenie.py
[2026-07-13T16:29:39.156+0000] {processor.py:914} INFO - Processing file /opt/airflow/dags/dag_extract_dvizhenie.py for tasks to queue
[2026-07-13T16:29:39.157+0000] {logging_mixin.py:190} INFO - [2026-07-13T16:29:39.156+0000] {dagbag.py:588} INFO - Filling up the DagBag from /opt/airflow/dags/dag_extract_dvizhenie.py
[2026-07-13T16:29:39.162+0000] {processor.py:925} INFO - DAG(s) 'dag_extract_dvizhenie' retrieved from /opt/airflow/dags/dag_extract_dvizhenie.py
[2026-07-13T16:29:39.173+0000] {logging_mixin.py:190} INFO - [2026-07-13T16:29:39.173+0000] {dag.py:3239} INFO - Sync 1 DAGs
[2026-07-13T16:29:39.180+0000] {logging_mixin.py:190} INFO - [2026-07-13T16:29:39.180+0000] {dag.py:4180} INFO - Setting next_dagrun for dag_extract_dvizhenie to 2026-07-13 14:00:00+00:00, run_after=2026-07-13 16:00:00+00:00
[2026-07-13T16:29:39.185+0000] {processor.py:208} INFO - Processing /opt/airflow/dags/dag_extract_dvizhenie.py took 0.033 seconds
[2026-07-13T16:30:09.630+0000] {processor.py:186} INFO - Started process (PID=62538) to work on /opt/airflow/dags/dag_extract_dvizhenie.py
[2026-07-13T16:30:09.631+0000] {processor.py:914} INFO - Processing file /opt/airflow/dags/dag_extract_dvizhenie.py for tasks to queue
[2026-07-13T16:30:09.631+0000] {logging_mixin.py:190} INFO - [2026-07-13T16:30:09.631+0000] {dagbag.py:588} INFO - Filling up the DagBag from /opt/airflow/dags/dag_extract_dvizhenie.py
[2026-07-13T16:30:09.636+0000] {processor.py:925} INFO - DAG(s) 'dag_extract_dvizhenie' retrieved from /opt/airflow/dags/dag_extract_dvizhenie.py
[2026-07-13T16:30:09.646+0000] {logging_mixin.py:190} INFO - [2026-07-13T16:30:09.646+0000] {dag.py:3239} INFO - Sync 1 DAGs
[2026-07-13T16:30:09.654+0000] {logging_mixin.py:190} INFO - [2026-07-13T16:30:09.654+0000] {dag.py:4180} INFO - Setting next_dagrun for dag_extract_dvizhenie to 2026-07-13 14:00:00+00:00, run_after=2026-07-13 16:00:00+00:00
[2026-07-13T16:30:09.659+0000] {processor.py:208} INFO - Processing /opt/airflow/dags/dag_extract_dvizhenie.py took 0.031 seconds
[2026-07-13T16:47:34.405+0000] {processor.py:186} INFO - Started process (PID=62558) to work on /opt/airflow/dags/dag_extract_dvizhenie.py
[2026-07-13T16:47:34.405+0000] {processor.py:914} INFO - Processing file /opt/airflow/dags/dag_extract_dvizhenie.py for tasks to queue
[2026-07-13T16:47:34.406+0000] {logging_mixin.py:190} INFO - [2026-07-13T16:47:34.406+0000] {dagbag.py:588} INFO - Filling up the DagBag from /opt/airflow/dags/dag_extract_dvizhenie.py
[2026-07-13T16:47:34.411+0000] {processor.py:925} INFO - DAG(s) 'dag_extract_dvizhenie' retrieved from /opt/airflow/dags/dag_extract_dvizhenie.py
[2026-07-13T16:47:34.424+0000] {logging_mixin.py:190} INFO - [2026-07-13T16:47:34.424+0000] {dag.py:3239} INFO - Sync 1 DAGs
[2026-07-13T16:47:34.432+0000] {logging_mixin.py:190} INFO - [2026-07-13T16:47:34.432+0000] {dag.py:4180} INFO - Setting next_dagrun for dag_extract_dvizhenie to 2026-07-13 14:00:00+00:00, run_after=2026-07-13 16:00:00+00:00
[2026-07-13T16:47:34.438+0000] {processor.py:208} INFO - Processing /opt/airflow/dags/dag_extract_dvizhenie.py took 0.036 seconds
[2026-07-13T16:50:13.505+0000] {processor.py:186} INFO - Started process (PID=62578) to work on /opt/airflow/dags/dag_extract_dvizhenie.py
[2026-07-13T16:50:13.506+0000] {processor.py:914} INFO - Processing file /opt/airflow/dags/dag_extract_dvizhenie.py for tasks to queue
[2026-07-13T16:50:13.506+0000] {logging_mixin.py:190} INFO - [2026-07-13T16:50:13.506+0000] {dagbag.py:588} INFO - Filling up the DagBag from /opt/airflow/dags/dag_extract_dvizhenie.py
[2026-07-13T16:50:13.511+0000] {processor.py:925} INFO - DAG(s) 'dag_extract_dvizhenie' retrieved from /opt/airflow/dags/dag_extract_dvizhenie.py
[2026-07-13T16:50:13.520+0000] {logging_mixin.py:190} INFO - [2026-07-13T16:50:13.520+0000] {dag.py:3239} INFO - Sync 1 DAGs
[2026-07-13T16:50:13.527+0000] {logging_mixin.py:190} INFO - [2026-07-13T16:50:13.527+0000] {dag.py:4180} INFO - Setting next_dagrun for dag_extract_dvizhenie to 2026-07-13 14:00:00+00:00, run_after=2026-07-13 16:00:00+00:00
[2026-07-13T16:50:13.532+0000] {processor.py:208} INFO - Processing /opt/airflow/dags/dag_extract_dvizhenie.py took 0.029 seconds
[2026-07-13T16:50:44.036+0000] {processor.py:186} INFO - Started process (PID=62598) to work on /opt/airflow/dags/dag_extract_dvizhenie.py
[2026-07-13T16:50:44.037+0000] {processor.py:914} INFO - Processing file /opt/airflow/dags/dag_extract_dvizhenie.py for tasks to queue
[2026-07-13T16:50:44.039+0000] {logging_mixin.py:190} INFO - [2026-07-13T16:50:44.039+0000] {dagbag.py:588} INFO - Filling up the DagBag from /opt/airflow/dags/dag_extract_dvizhenie.py
[2026-07-13T16:50:44.051+0000] {processor.py:925} INFO - DAG(s) 'dag_extract_dvizhenie' retrieved from /opt/airflow/dags/dag_extract_dvizhenie.py
[2026-07-13T16:50:44.071+0000] {logging_mixin.py:190} INFO - [2026-07-13T16:50:44.071+0000] {dag.py:3239} INFO - Sync 1 DAGs
[2026-07-13T16:50:44.085+0000] {logging_mixin.py:190} INFO - [2026-07-13T16:50:44.085+0000] {dag.py:4180} INFO - Setting next_dagrun for dag_extract_dvizhenie to 2026-07-13 14:00:00+00:00, run_after=2026-07-13 16:00:00+00:00
[2026-07-13T16:50:44.099+0000] {processor.py:208} INFO - Processing /opt/airflow/dags/dag_extract_dvizhenie.py took 0.068 seconds
[2026-07-13T16:51:14.522+0000] {processor.py:186} INFO - Started process (PID=62618) to work on /opt/airflow/dags/dag_extract_dvizhenie.py
[2026-07-13T16:51:14.522+0000] {processor.py:914} INFO - Processing file /opt/airflow/dags/dag_extract_dvizhenie.py for tasks to queue
[2026-07-13T16:51:14.523+0000] {logging_mixin.py:190} INFO - [2026-07-13T16:51:14.523+0000] {dagbag.py:588} INFO - Filling up the DagBag from /opt/airflow/dags/dag_extract_dvizhenie.py
[2026-07-13T16:51:14.528+0000] {processor.py:925} INFO - DAG(s) 'dag_extract_dvizhenie' retrieved from /opt/airflow/dags/dag_extract_dvizhenie.py
[2026-07-13T16:51:14.538+0000] {logging_mixin.py:190} INFO - [2026-07-13T16:51:14.537+0000] {dag.py:3239} INFO - Sync 1 DAGs
[2026-07-13T16:51:14.544+0000] {logging_mixin.py:190} INFO - [2026-07-13T16:51:14.544+0000] {dag.py:4180} INFO - Setting next_dagrun for dag_extract_dvizhenie to 2026-07-13 14:00:00+00:00, run_after=2026-07-13 16:00:00+00:00
[2026-07-13T16:51:14.550+0000] {processor.py:208} INFO - Processing /opt/airflow/dags/dag_extract_dvizhenie.py took 0.030 seconds
[2026-07-13T16:51:44.965+0000] {processor.py:186} INFO - Started process (PID=62638) to work on /opt/airflow/dags/dag_extract_dvizhenie.py
[2026-07-13T16:51:44.966+0000] {processor.py:914} INFO - Processing file /opt/airflow/dags/dag_extract_dvizhenie.py for tasks to queue
[2026-07-13T16:51:44.967+0000] {logging_mixin.py:190} INFO - [2026-07-13T16:51:44.966+0000] {dagbag.py:588} INFO - Filling up the DagBag from /opt/airflow/dags/dag_extract_dvizhenie.py
[2026-07-13T16:51:44.971+0000] {processor.py:925} INFO - DAG(s) 'dag_extract_dvizhenie' retrieved from /opt/airflow/dags/dag_extract_dvizhenie.py
[2026-07-13T16:51:44.981+0000] {logging_mixin.py:190} INFO - [2026-07-13T16:51:44.981+0000] {dag.py:3239} INFO - Sync 1 DAGs
[2026-07-13T16:51:44.989+0000] {logging_mixin.py:190} INFO - [2026-07-13T16:51:44.989+0000] {dag.py:4180} INFO - Setting next_dagrun for dag_extract_dvizhenie to 2026-07-13 14:00:00+00:00, run_after=2026-07-13 16:00:00+00:00
[2026-07-13T16:51:44.994+0000] {processor.py:208} INFO - Processing /opt/airflow/dags/dag_extract_dvizhenie.py took 0.031 seconds
[2026-07-13T16:52:15.416+0000] {processor.py:186} INFO - Started process (PID=62656) to work on /opt/airflow/dags/dag_extract_dvizhenie.py
[2026-07-13T16:52:15.418+0000] {processor.py:914} INFO - Processing file /opt/airflow/dags/dag_extract_dvizhenie.py for tasks to queue
[2026-07-13T16:52:15.419+0000] {logging_mixin.py:190} INFO - [2026-07-13T16:52:15.419+0000] {dagbag.py:588} INFO - Filling up the DagBag from /opt/airflow/dags/dag_extract_dvizhenie.py
[2026-07-13T16:52:15.426+0000] {processor.py:925} INFO - DAG(s) 'dag_extract_dvizhenie' retrieved from /opt/airflow/dags/dag_extract_dvizhenie.py
[2026-07-13T16:52:15.445+0000] {logging_mixin.py:190} INFO - [2026-07-13T16:52:15.445+0000] {dag.py:3239} INFO - Sync 1 DAGs
[2026-07-13T16:52:15.459+0000] {logging_mixin.py:190} INFO - [2026-07-13T16:52:15.459+0000] {dag.py:4180} INFO - Setting next_dagrun for dag_extract_dvizhenie to 2026-07-13 14:00:00+00:00, run_after=2026-07-13 16:00:00+00:00
[2026-07-13T16:52:15.471+0000] {processor.py:208} INFO - Processing /opt/airflow/dags/dag_extract_dvizhenie.py took 0.059 seconds
[2026-07-13T16:52:45.940+0000] {processor.py:186} INFO - Started process (PID=62678) to work on /opt/airflow/dags/dag_extract_dvizhenie.py
[2026-07-13T16:52:45.941+0000] {processor.py:914} INFO - Processing file /opt/airflow/dags/dag_extract_dvizhenie.py for tasks to queue
[2026-07-13T16:52:45.942+0000] {logging_mixin.py:190} INFO - [2026-07-13T16:52:45.942+0000] {dagbag.py:588} INFO - Filling up the DagBag from /opt/airflow/dags/dag_extract_dvizhenie.py
[2026-07-13T16:52:45.947+0000] {processor.py:925} INFO - DAG(s) 'dag_extract_dvizhenie' retrieved from /opt/airflow/dags/dag_extract_dvizhenie.py
[2026-07-13T16:52:45.958+0000] {logging_mixin.py:190} INFO - [2026-07-13T16:52:45.957+0000] {dag.py:3239} INFO - Sync 1 DAGs
[2026-07-13T16:52:45.966+0000] {logging_mixin.py:190} INFO - [2026-07-13T16:52:45.966+0000] {dag.py:4180} INFO - Setting next_dagrun for dag_extract_dvizhenie to 2026-07-13 14:00:00+00:00, run_after=2026-07-13 16:00:00+00:00
[2026-07-13T16:52:45.971+0000] {processor.py:208} INFO - Processing /opt/airflow/dags/dag_extract_dvizhenie.py took 0.034 seconds
[2026-07-13T16:53:16.385+0000] {processor.py:186} INFO - Started process (PID=62698) to work on /opt/airflow/dags/dag_extract_dvizhenie.py
[2026-07-13T16:53:16.386+0000] {processor.py:914} INFO - Processing file /opt/airflow/dags/dag_extract_dvizhenie.py for tasks to queue
[2026-07-13T16:53:16.386+0000] {logging_mixin.py:190} INFO - [2026-07-13T16:53:16.386+0000] {dagbag.py:588} INFO - Filling up the DagBag from /opt/airflow/dags/dag_extract_dvizhenie.py
[2026-07-13T16:53:16.391+0000] {processor.py:925} INFO - DAG(s) 'dag_extract_dvizhenie' retrieved from /opt/airflow/dags/dag_extract_dvizhenie.py
[2026-07-13T16:53:16.401+0000] {logging_mixin.py:190} INFO - [2026-07-13T16:53:16.401+0000] {dag.py:3239} INFO - Sync 1 DAGs
[2026-07-13T16:53:16.408+0000] {logging_mixin.py:190} INFO - [2026-07-13T16:53:16.408+0000] {dag.py:4180} INFO - Setting next_dagrun for dag_extract_dvizhenie to 2026-07-13 14:00:00+00:00, run_after=2026-07-13 16:00:00+00:00
[2026-07-13T16:53:16.413+0000] {processor.py:208} INFO - Processing /opt/airflow/dags/dag_extract_dvizhenie.py took 0.031 seconds
[2026-07-13T16:53:46.786+0000] {processor.py:186} INFO - Started process (PID=62716) to work on /opt/airflow/dags/dag_extract_dvizhenie.py
[2026-07-13T16:53:46.787+0000] {processor.py:914} INFO - Processing file /opt/airflow/dags/dag_extract_dvizhenie.py for tasks to queue
[2026-07-13T16:53:46.788+0000] {logging_mixin.py:190} INFO - [2026-07-13T16:53:46.788+0000] {dagbag.py:588} INFO - Filling up the DagBag from /opt/airflow/dags/dag_extract_dvizhenie.py
[2026-07-13T16:53:46.794+0000] {processor.py:925} INFO - DAG(s) 'dag_extract_dvizhenie' retrieved from /opt/airflow/dags/dag_extract_dvizhenie.py
[2026-07-13T16:53:46.809+0000] {logging_mixin.py:190} INFO - [2026-07-13T16:53:46.809+0000] {dag.py:3239} INFO - Sync 1 DAGs
[2026-07-13T16:53:46.934+0000] {logging_mixin.py:190} INFO - [2026-07-13T16:53:46.934+0000] {dag.py:4180} INFO - Setting next_dagrun for dag_extract_dvizhenie to 2026-07-13 14:00:00+00:00, run_after=2026-07-13 16:00:00+00:00
[2026-07-13T16:53:46.948+0000] {processor.py:208} INFO - Processing /opt/airflow/dags/dag_extract_dvizhenie.py took 0.168 seconds
[2026-07-13T16:54:17.386+0000] {processor.py:186} INFO - Started process (PID=62738) to work on /opt/airflow/dags/dag_extract_dvizhenie.py
[2026-07-13T16:54:17.386+0000] {processor.py:914} INFO - Processing file /opt/airflow/dags/dag_extract_dvizhenie.py for tasks to queue
[2026-07-13T16:54:17.387+0000] {logging_mixin.py:190} INFO - [2026-07-13T16:54:17.387+0000] {dagbag.py:588} INFO - Filling up the DagBag from /opt/airflow/dags/dag_extract_dvizhenie.py
[2026-07-13T16:54:17.391+0000] {processor.py:925} INFO - DAG(s) 'dag_extract_dvizhenie' retrieved from /opt/airflow/dags/dag_extract_dvizhenie.py
[2026-07-13T16:54:17.401+0000] {logging_mixin.py:190} INFO - [2026-07-13T16:54:17.401+0000] {dag.py:3239} INFO - Sync 1 DAGs
[2026-07-13T16:54:17.408+0000] {logging_mixin.py:190} INFO - [2026-07-13T16:54:17.408+0000] {dag.py:4180} INFO - Setting next_dagrun for dag_extract_dvizhenie to 2026-07-13 14:00:00+00:00, run_after=2026-07-13 16:00:00+00:00
[2026-07-13T16:54:17.413+0000] {processor.py:208} INFO - Processing /opt/airflow/dags/dag_extract_dvizhenie.py took 0.030 seconds
[2026-07-13T16:54:47.935+0000] {processor.py:186} INFO - Started process (PID=62758) to work on /opt/airflow/dags/dag_extract_dvizhenie.py
[2026-07-13T16:54:47.935+0000] {processor.py:914} INFO - Processing file /opt/airflow/dags/dag_extract_dvizhenie.py for tasks to queue
[2026-07-13T16:54:47.936+0000] {logging_mixin.py:190} INFO - [2026-07-13T16:54:47.936+0000] {dagbag.py:588} INFO - Filling up the DagBag from /opt/airflow/dags/dag_extract_dvizhenie.py
[2026-07-13T16:54:47.940+0000] {processor.py:925} INFO - DAG(s) 'dag_extract_dvizhenie' retrieved from /opt/airflow/dags/dag_extract_dvizhenie.py
[2026-07-13T16:54:47.949+0000] {logging_mixin.py:190} INFO - [2026-07-13T16:54:47.949+0000] {dag.py:3239} INFO - Sync 1 DAGs
[2026-07-13T16:54:47.957+0000] {logging_mixin.py:190} INFO - [2026-07-13T16:54:47.957+0000] {dag.py:4180} INFO - Setting next_dagrun for dag_extract_dvizhenie to 2026-07-13 14:00:00+00:00, run_after=2026-07-13 16:00:00+00:00
[2026-07-13T16:54:47.962+0000] {processor.py:208} INFO - Processing /opt/airflow/dags/dag_extract_dvizhenie.py took 0.029 seconds
[2026-07-13T16:55:18.346+0000] {processor.py:186} INFO - Started process (PID=62776) to work on /opt/airflow/dags/dag_extract_dvizhenie.py
[2026-07-13T16:55:18.347+0000] {processor.py:914} INFO - Processing file /opt/airflow/dags/dag_extract_dvizhenie.py for tasks to queue
[2026-07-13T16:55:18.348+0000] {logging_mixin.py:190} INFO - [2026-07-13T16:55:18.348+0000] {dagbag.py:588} INFO - Filling up the DagBag from /opt/airflow/dags/dag_extract_dvizhenie.py
[2026-07-13T16:55:18.353+0000] {processor.py:925} INFO - DAG(s) 'dag_extract_dvizhenie' retrieved from /opt/airflow/dags/dag_extract_dvizhenie.py
[2026-07-13T16:55:18.365+0000] {logging_mixin.py:190} INFO - [2026-07-13T16:55:18.364+0000] {dag.py:3239} INFO - Sync 1 DAGs
[2026-07-13T16:55:18.447+0000] {logging_mixin.py:190} INFO - [2026-07-13T16:55:18.447+0000] {dag.py:4180} INFO - Setting next_dagrun for dag_extract_dvizhenie to 2026-07-13 14:00:00+00:00, run_after=2026-07-13 16:00:00+00:00
[2026-07-13T16:55:18.454+0000] {processor.py:208} INFO - Processing /opt/airflow/dags/dag_extract_dvizhenie.py took 0.111 seconds
[2026-07-13T16:55:48.860+0000] {processor.py:186} INFO - Started process (PID=62798) to work on /opt/airflow/dags/dag_extract_dvizhenie.py
[2026-07-13T16:55:48.860+0000] {processor.py:914} INFO - Processing file /opt/airflow/dags/dag_extract_dvizhenie.py for tasks to queue
[2026-07-13T16:55:48.861+0000] {logging_mixin.py:190} INFO - [2026-07-13T16:55:48.861+0000] {dagbag.py:588} INFO - Filling up the DagBag from /opt/airflow/dags/dag_extract_dvizhenie.py
[2026-07-13T16:55:48.865+0000] {processor.py:925} INFO - DAG(s) 'dag_extract_dvizhenie' retrieved from /opt/airflow/dags/dag_extract_dvizhenie.py
[2026-07-13T16:55:48.875+0000] {logging_mixin.py:190} INFO - [2026-07-13T16:55:48.875+0000] {dag.py:3239} INFO - Sync 1 DAGs
[2026-07-13T16:55:48.882+0000] {logging_mixin.py:190} INFO - [2026-07-13T16:55:48.882+0000] {dag.py:4180} INFO - Setting next_dagrun for dag_extract_dvizhenie to 2026-07-13 14:00:00+00:00, run_after=2026-07-13 16:00:00+00:00
[2026-07-13T16:55:48.887+0000] {processor.py:208} INFO - Processing /opt/airflow/dags/dag_extract_dvizhenie.py took 0.030 seconds
[2026-07-13T16:56:19.376+0000] {processor.py:186} INFO - Started process (PID=62818) to work on /opt/airflow/dags/dag_extract_dvizhenie.py
[2026-07-13T16:56:19.377+0000] {processor.py:914} INFO - Processing file /opt/airflow/dags/dag_extract_dvizhenie.py for tasks to queue
[2026-07-13T16:56:19.378+0000] {logging_mixin.py:190} INFO - [2026-07-13T16:56:19.378+0000] {dagbag.py:588} INFO - Filling up the DagBag from /opt/airflow/dags/dag_extract_dvizhenie.py
[2026-07-13T16:56:19.382+0000] {processor.py:925} INFO - DAG(s) 'dag_extract_dvizhenie' retrieved from /opt/airflow/dags/dag_extract_dvizhenie.py
[2026-07-13T16:56:19.448+0000] {logging_mixin.py:190} INFO - [2026-07-13T16:56:19.448+0000] {dag.py:3239} INFO - Sync 1 DAGs
[2026-07-13T16:56:19.455+0000] {logging_mixin.py:190} INFO - [2026-07-13T16:56:19.455+0000] {dag.py:4180} INFO - Setting next_dagrun for dag_extract_dvizhenie to 2026-07-13 14:00:00+00:00, run_after=2026-07-13 16:00:00+00:00
[2026-07-13T16:56:19.460+0000] {processor.py:208} INFO - Processing /opt/airflow/dags/dag_extract_dvizhenie.py took 0.086 seconds
[2026-07-13T16:56:49.936+0000] {processor.py:186} INFO - Started process (PID=62838) to work on /opt/airflow/dags/dag_extract_dvizhenie.py
[2026-07-13T16:56:49.936+0000] {processor.py:914} INFO - Processing file /opt/airflow/dags/dag_extract_dvizhenie.py for tasks to queue
[2026-07-13T16:56:49.937+0000] {logging_mixin.py:190} INFO - [2026-07-13T16:56:49.937+0000] {dagbag.py:588} INFO - Filling up the DagBag from /opt/airflow/dags/dag_extract_dvizhenie.py
[2026-07-13T16:56:49.941+0000] {processor.py:925} INFO - DAG(s) 'dag_extract_dvizhenie' retrieved from /opt/airflow/dags/dag_extract_dvizhenie.py
[2026-07-13T16:56:49.951+0000] {logging_mixin.py:190} INFO - [2026-07-13T16:56:49.951+0000] {dag.py:3239} INFO - Sync 1 DAGs
[2026-07-13T16:56:49.958+0000] {logging_mixin.py:190} INFO - [2026-07-13T16:56:49.958+0000] {dag.py:4180} INFO - Setting next_dagrun for dag_extract_dvizhenie to 2026-07-13 14:00:00+00:00, run_after=2026-07-13 16:00:00+00:00
[2026-07-13T16:56:49.963+0000] {processor.py:208} INFO - Processing /opt/airflow/dags/dag_extract_dvizhenie.py took 0.030 seconds
[2026-07-13T16:57:20.347+0000] {processor.py:186} INFO - Started process (PID=62858) to work on /opt/airflow/dags/dag_extract_dvizhenie.py
[2026-07-13T16:57:20.347+0000] {processor.py:914} INFO - Processing file /opt/airflow/dags/dag_extract_dvizhenie.py for tasks to queue
[2026-07-13T16:57:20.348+0000] {logging_mixin.py:190} INFO - [2026-07-13T16:57:20.348+0000] {dagbag.py:588} INFO - Filling up the DagBag from /opt/airflow/dags/dag_extract_dvizhenie.py
[2026-07-13T16:57:20.353+0000] {processor.py:925} INFO - DAG(s) 'dag_extract_dvizhenie' retrieved from /opt/airflow/dags/dag_extract_dvizhenie.py
[2026-07-13T16:57:20.363+0000] {logging_mixin.py:190} INFO - [2026-07-13T16:57:20.362+0000] {dag.py:3239} INFO - Sync 1 DAGs
[2026-07-13T16:57:20.370+0000] {logging_mixin.py:190} INFO - [2026-07-13T16:57:20.370+0000] {dag.py:4180} INFO - Setting next_dagrun for dag_extract_dvizhenie to 2026-07-13 14:00:00+00:00, run_after=2026-07-13 16:00:00+00:00
[2026-07-13T16:57:20.375+0000] {processor.py:208} INFO - Processing /opt/airflow/dags/dag_extract_dvizhenie.py took 0.030 seconds
[2026-07-13T16:57:50.808+0000] {processor.py:186} INFO - Started process (PID=62878) to work on /opt/airflow/dags/dag_extract_dvizhenie.py
[2026-07-13T16:57:50.809+0000] {processor.py:914} INFO - Processing file /opt/airflow/dags/dag_extract_dvizhenie.py for tasks to queue
[2026-07-13T16:57:50.810+0000] {logging_mixin.py:190} INFO - [2026-07-13T16:57:50.809+0000] {dagbag.py:588} INFO - Filling up the DagBag from /opt/airflow/dags/dag_extract_dvizhenie.py
[2026-07-13T16:57:50.814+0000] {processor.py:925} INFO - DAG(s) 'dag_extract_dvizhenie' retrieved from /opt/airflow/dags/dag_extract_dvizhenie.py
[2026-07-13T16:57:50.824+0000] {logging_mixin.py:190} INFO - [2026-07-13T16:57:50.824+0000] {dag.py:3239} INFO - Sync 1 DAGs
[2026-07-13T16:57:50.831+0000] {logging_mixin.py:190} INFO - [2026-07-13T16:57:50.831+0000] {dag.py:4180} INFO - Setting next_dagrun for dag_extract_dvizhenie to 2026-07-13 14:00:00+00:00, run_after=2026-07-13 16:00:00+00:00
[2026-07-13T16:57:50.836+0000] {processor.py:208} INFO - Processing /opt/airflow/dags/dag_extract_dvizhenie.py took 0.030 seconds
[2026-07-13T16:58:21.228+0000] {processor.py:186} INFO - Started process (PID=62898) to work on /opt/airflow/dags/dag_extract_dvizhenie.py
[2026-07-13T16:58:21.228+0000] {processor.py:914} INFO - Processing file /opt/airflow/dags/dag_extract_dvizhenie.py for tasks to queue
[2026-07-13T16:58:21.229+0000] {logging_mixin.py:190} INFO - [2026-07-13T16:58:21.229+0000] {dagbag.py:588} INFO - Filling up the DagBag from /opt/airflow/dags/dag_extract_dvizhenie.py
[2026-07-13T16:58:21.233+0000] {processor.py:925} INFO - DAG(s) 'dag_extract_dvizhenie' retrieved from /opt/airflow/dags/dag_extract_dvizhenie.py
[2026-07-13T16:58:21.243+0000] {logging_mixin.py:190} INFO - [2026-07-13T16:58:21.243+0000] {dag.py:3239} INFO - Sync 1 DAGs
[2026-07-13T16:58:21.251+0000] {logging_mixin.py:190} INFO - [2026-07-13T16:58:21.250+0000] {dag.py:4180} INFO - Setting next_dagrun for dag_extract_dvizhenie to 2026-07-13 14:00:00+00:00, run_after=2026-07-13 16:00:00+00:00
[2026-07-13T16:58:21.255+0000] {processor.py:208} INFO - Processing /opt/airflow/dags/dag_extract_dvizhenie.py took 0.030 seconds
[2026-07-13T16:58:51.698+0000] {processor.py:186} INFO - Started process (PID=62918) to work on /opt/airflow/dags/dag_extract_dvizhenie.py
[2026-07-13T16:58:51.699+0000] {processor.py:914} INFO - Processing file /opt/airflow/dags/dag_extract_dvizhenie.py for tasks to queue
[2026-07-13T16:58:51.699+0000] {logging_mixin.py:190} INFO - [2026-07-13T16:58:51.699+0000] {dagbag.py:588} INFO - Filling up the DagBag from /opt/airflow/dags/dag_extract_dvizhenie.py
[2026-07-13T16:58:51.704+0000] {processor.py:925} INFO - DAG(s) 'dag_extract_dvizhenie' retrieved from /opt/airflow/dags/dag_extract_dvizhenie.py
[2026-07-13T16:58:51.714+0000] {logging_mixin.py:190} INFO - [2026-07-13T16:58:51.714+0000] {dag.py:3239} INFO - Sync 1 DAGs
[2026-07-13T16:58:51.721+0000] {logging_mixin.py:190} INFO - [2026-07-13T16:58:51.721+0000] {dag.py:4180} INFO - Setting next_dagrun for dag_extract_dvizhenie to 2026-07-13 14:00:00+00:00, run_after=2026-07-13 16:00:00+00:00
[2026-07-13T16:58:51.726+0000] {processor.py:208} INFO - Processing /opt/airflow/dags/dag_extract_dvizhenie.py took 0.030 seconds
[2026-07-13T16:59:22.125+0000] {processor.py:186} INFO - Started process (PID=62938) to work on /opt/airflow/dags/dag_extract_dvizhenie.py
[2026-07-13T16:59:22.125+0000] {processor.py:914} INFO - Processing file /opt/airflow/dags/dag_extract_dvizhenie.py for tasks to queue
[2026-07-13T16:59:22.126+0000] {logging_mixin.py:190} INFO - [2026-07-13T16:59:22.126+0000] {dagbag.py:588} INFO - Filling up the DagBag from /opt/airflow/dags/dag_extract_dvizhenie.py
[2026-07-13T16:59:22.131+0000] {processor.py:925} INFO - DAG(s) 'dag_extract_dvizhenie' retrieved from /opt/airflow/dags/dag_extract_dvizhenie.py
[2026-07-13T16:59:22.140+0000] {logging_mixin.py:190} INFO - [2026-07-13T16:59:22.140+0000] {dag.py:3239} INFO - Sync 1 DAGs
[2026-07-13T16:59:22.147+0000] {logging_mixin.py:190} INFO - [2026-07-13T16:59:22.147+0000] {dag.py:4180} INFO - Setting next_dagrun for dag_extract_dvizhenie to 2026-07-13 14:00:00+00:00, run_after=2026-07-13 16:00:00+00:00
[2026-07-13T16:59:22.152+0000] {processor.py:208} INFO - Processing /opt/airflow/dags/dag_extract_dvizhenie.py took 0.030 seconds
[2026-07-13T16:59:52.553+0000] {processor.py:186} INFO - Started process (PID=62958) to work on /opt/airflow/dags/dag_extract_dvizhenie.py
[2026-07-13T16:59:52.554+0000] {processor.py:914} INFO - Processing file /opt/airflow/dags/dag_extract_dvizhenie.py for tasks to queue
[2026-07-13T16:59:52.555+0000] {logging_mixin.py:190} INFO - [2026-07-13T16:59:52.554+0000] {dagbag.py:588} INFO - Filling up the DagBag from /opt/airflow/dags/dag_extract_dvizhenie.py
[2026-07-13T16:59:52.559+0000] {processor.py:925} INFO - DAG(s) 'dag_extract_dvizhenie' retrieved from /opt/airflow/dags/dag_extract_dvizhenie.py
[2026-07-13T16:59:52.569+0000] {logging_mixin.py:190} INFO - [2026-07-13T16:59:52.569+0000] {dag.py:3239} INFO - Sync 1 DAGs
[2026-07-13T16:59:52.577+0000] {logging_mixin.py:190} INFO - [2026-07-13T16:59:52.577+0000] {dag.py:4180} INFO - Setting next_dagrun for dag_extract_dvizhenie to 2026-07-13 14:00:00+00:00, run_after=2026-07-13 16:00:00+00:00
[2026-07-13T16:59:52.582+0000] {processor.py:208} INFO - Processing /opt/airflow/dags/dag_extract_dvizhenie.py took 0.032 seconds
[2026-07-13T17:00:22.999+0000] {processor.py:186} INFO - Started process (PID=62978) to work on /opt/airflow/dags/dag_extract_dvizhenie.py
[2026-07-13T17:00:23.000+0000] {processor.py:914} INFO - Processing file /opt/airflow/dags/dag_extract_dvizhenie.py for tasks to queue
[2026-07-13T17:00:23.000+0000] {logging_mixin.py:190} INFO - [2026-07-13T17:00:23.000+0000] {dagbag.py:588} INFO - Filling up the DagBag from /opt/airflow/dags/dag_extract_dvizhenie.py
[2026-07-13T17:00:23.005+0000] {processor.py:925} INFO - DAG(s) 'dag_extract_dvizhenie' retrieved from /opt/airflow/dags/dag_extract_dvizhenie.py
[2026-07-13T17:00:23.015+0000] {logging_mixin.py:190} INFO - [2026-07-13T17:00:23.015+0000] {dag.py:3239} INFO - Sync 1 DAGs
[2026-07-13T17:00:23.022+0000] {logging_mixin.py:190} INFO - [2026-07-13T17:00:23.022+0000] {dag.py:4180} INFO - Setting next_dagrun for dag_extract_dvizhenie to 2026-07-13 14:00:00+00:00, run_after=2026-07-13 16:00:00+00:00
[2026-07-13T17:00:23.027+0000] {processor.py:208} INFO - Processing /opt/airflow/dags/dag_extract_dvizhenie.py took 0.030 seconds
[2026-07-13T17:00:53.450+0000] {processor.py:186} INFO - Started process (PID=62998) to work on /opt/airflow/dags/dag_extract_dvizhenie.py
[2026-07-13T17:00:53.450+0000] {processor.py:914} INFO - Processing file /opt/airflow/dags/dag_extract_dvizhenie.py for tasks to queue
[2026-07-13T17:00:53.451+0000] {logging_mixin.py:190} INFO - [2026-07-13T17:00:53.451+0000] {dagbag.py:588} INFO - Filling up the DagBag from /opt/airflow/dags/dag_extract_dvizhenie.py
[2026-07-13T17:00:53.456+0000] {processor.py:925} INFO - DAG(s) 'dag_extract_dvizhenie' retrieved from /opt/airflow/dags/dag_extract_dvizhenie.py
[2026-07-13T17:00:53.466+0000] {logging_mixin.py:190} INFO - [2026-07-13T17:00:53.466+0000] {dag.py:3239} INFO - Sync 1 DAGs
[2026-07-13T17:00:53.473+0000] {logging_mixin.py:190} INFO - [2026-07-13T17:00:53.473+0000] {dag.py:4180} INFO - Setting next_dagrun for dag_extract_dvizhenie to 2026-07-13 14:00:00+00:00, run_after=2026-07-13 16:00:00+00:00
[2026-07-13T17:00:53.478+0000] {processor.py:208} INFO - Processing /opt/airflow/dags/dag_extract_dvizhenie.py took 0.032 seconds
[2026-07-13T17:01:23.893+0000] {processor.py:186} INFO - Started process (PID=63018) to work on /opt/airflow/dags/dag_extract_dvizhenie.py
[2026-07-13T17:01:23.894+0000] {processor.py:914} INFO - Processing file /opt/airflow/dags/dag_extract_dvizhenie.py for tasks to queue
[2026-07-13T17:01:23.894+0000] {logging_mixin.py:190} INFO - [2026-07-13T17:01:23.894+0000] {dagbag.py:588} INFO - Filling up the DagBag from /opt/airflow/dags/dag_extract_dvizhenie.py
[2026-07-13T17:01:23.899+0000] {processor.py:925} INFO - DAG(s) 'dag_extract_dvizhenie' retrieved from /opt/airflow/dags/dag_extract_dvizhenie.py
[2026-07-13T17:01:23.910+0000] {logging_mixin.py:190} INFO - [2026-07-13T17:01:23.910+0000] {dag.py:3239} INFO - Sync 1 DAGs
[2026-07-13T17:01:23.917+0000] {logging_mixin.py:190} INFO - [2026-07-13T17:01:23.917+0000] {dag.py:4180} INFO - Setting next_dagrun for dag_extract_dvizhenie to 2026-07-13 14:00:00+00:00, run_after=2026-07-13 16:00:00+00:00
[2026-07-13T17:01:23.922+0000] {processor.py:208} INFO - Processing /opt/airflow/dags/dag_extract_dvizhenie.py took 0.031 seconds
[2026-07-13T17:01:54.302+0000] {processor.py:186} INFO - Started process (PID=63038) to work on /opt/airflow/dags/dag_extract_dvizhenie.py
[2026-07-13T17:01:54.303+0000] {processor.py:914} INFO - Processing file /opt/airflow/dags/dag_extract_dvizhenie.py for tasks to queue
[2026-07-13T17:01:54.304+0000] {logging_mixin.py:190} INFO - [2026-07-13T17:01:54.304+0000] {dagbag.py:588} INFO - Filling up the DagBag from /opt/airflow/dags/dag_extract_dvizhenie.py
[2026-07-13T17:01:54.309+0000] {processor.py:925} INFO - DAG(s) 'dag_extract_dvizhenie' retrieved from /opt/airflow/dags/dag_extract_dvizhenie.py
[2026-07-13T17:01:54.318+0000] {logging_mixin.py:190} INFO - [2026-07-13T17:01:54.318+0000] {dag.py:3239} INFO - Sync 1 DAGs
[2026-07-13T17:01:54.326+0000] {logging_mixin.py:190} INFO - [2026-07-13T17:01:54.326+0000] {dag.py:4180} INFO - Setting next_dagrun for dag_extract_dvizhenie to 2026-07-13 14:00:00+00:00, run_after=2026-07-13 16:00:00+00:00
[2026-07-13T17:01:54.331+0000] {processor.py:208} INFO - Processing /opt/airflow/dags/dag_extract_dvizhenie.py took 0.031 seconds
[2026-07-13T17:02:24.753+0000] {processor.py:186} INFO - Started process (PID=63058) to work on /opt/airflow/dags/dag_extract_dvizhenie.py
[2026-07-13T17:02:24.754+0000] {processor.py:914} INFO - Processing file /opt/airflow/dags/dag_extract_dvizhenie.py for tasks to queue
[2026-07-13T17:02:24.755+0000] {logging_mixin.py:190} INFO - [2026-07-13T17:02:24.755+0000] {dagbag.py:588} INFO - Filling up the DagBag from /opt/airflow/dags/dag_extract_dvizhenie.py
[2026-07-13T17:02:24.762+0000] {processor.py:925} INFO - DAG(s) 'dag_extract_dvizhenie' retrieved from /opt/airflow/dags/dag_extract_dvizhenie.py
[2026-07-13T17:02:24.777+0000] {logging_mixin.py:190} INFO - [2026-07-13T17:02:24.777+0000] {dag.py:3239} INFO - Sync 1 DAGs
[2026-07-13T17:02:24.785+0000] {logging_mixin.py:190} INFO - [2026-07-13T17:02:24.785+0000] {dag.py:4180} INFO - Setting next_dagrun for dag_extract_dvizhenie to 2026-07-13 14:00:00+00:00, run_after=2026-07-13 16:00:00+00:00
[2026-07-13T17:02:24.791+0000] {processor.py:208} INFO - Processing /opt/airflow/dags/dag_extract_dvizhenie.py took 0.040 seconds
[2026-07-13T17:02:55.242+0000] {processor.py:186} INFO - Started process (PID=63078) to work on /opt/airflow/dags/dag_extract_dvizhenie.py
[2026-07-13T17:02:55.242+0000] {processor.py:914} INFO - Processing file /opt/airflow/dags/dag_extract_dvizhenie.py for tasks to queue
[2026-07-13T17:02:55.243+0000] {logging_mixin.py:190} INFO - [2026-07-13T17:02:55.243+0000] {dagbag.py:588} INFO - Filling up the DagBag from /opt/airflow/dags/dag_extract_dvizhenie.py
[2026-07-13T17:02:55.248+0000] {processor.py:925} INFO - DAG(s) 'dag_extract_dvizhenie' retrieved from /opt/airflow/dags/dag_extract_dvizhenie.py
[2026-07-13T17:02:55.259+0000] {logging_mixin.py:190} INFO - [2026-07-13T17:02:55.259+0000] {dag.py:3239} INFO - Sync 1 DAGs
[2026-07-13T17:02:55.267+0000] {logging_mixin.py:190} INFO - [2026-07-13T17:02:55.267+0000] {dag.py:4180} INFO - Setting next_dagrun for dag_extract_dvizhenie to 2026-07-13 14:00:00+00:00, run_after=2026-07-13 16:00:00+00:00
[2026-07-13T17:02:55.273+0000] {processor.py:208} INFO - Processing /opt/airflow/dags/dag_extract_dvizhenie.py took 0.036 seconds
[2026-07-13T17:03:25.714+0000] {processor.py:186} INFO - Started process (PID=63098) to work on /opt/airflow/dags/dag_extract_dvizhenie.py
[2026-07-13T17:03:25.715+0000] {processor.py:914} INFO - Processing file /opt/airflow/dags/dag_extract_dvizhenie.py for tasks to queue
[2026-07-13T17:03:25.717+0000] {logging_mixin.py:190} INFO - [2026-07-13T17:03:25.716+0000] {dagbag.py:588} INFO - Filling up the DagBag from /opt/airflow/dags/dag_extract_dvizhenie.py
[2026-07-13T17:03:25.722+0000] {processor.py:925} INFO - DAG(s) 'dag_extract_dvizhenie' retrieved from /opt/airflow/dags/dag_extract_dvizhenie.py
[2026-07-13T17:03:25.737+0000] {logging_mixin.py:190} INFO - [2026-07-13T17:03:25.737+0000] {dag.py:3239} INFO - Sync 1 DAGs
[2026-07-13T17:03:25.746+0000] {logging_mixin.py:190} INFO - [2026-07-13T17:03:25.746+0000] {dag.py:4180} INFO - Setting next_dagrun for dag_extract_dvizhenie to 2026-07-13 14:00:00+00:00, run_after=2026-07-13 16:00:00+00:00
[2026-07-13T17:03:25.754+0000] {processor.py:208} INFO - Processing /opt/airflow/dags/dag_extract_dvizhenie.py took 0.043 seconds
[2026-07-13T17:03:56.212+0000] {processor.py:186} INFO - Started process (PID=63118) to work on /opt/airflow/dags/dag_extract_dvizhenie.py
[2026-07-13T17:03:56.212+0000] {processor.py:914} INFO - Processing file /opt/airflow/dags/dag_extract_dvizhenie.py for tasks to queue
[2026-07-13T17:03:56.213+0000] {logging_mixin.py:190} INFO - [2026-07-13T17:03:56.213+0000] {dagbag.py:588} INFO - Filling up the DagBag from /opt/airflow/dags/dag_extract_dvizhenie.py
[2026-07-13T17:03:56.219+0000] {processor.py:925} INFO - DAG(s) 'dag_extract_dvizhenie' retrieved from /opt/airflow/dags/dag_extract_dvizhenie.py
[2026-07-13T17:03:56.230+0000] {logging_mixin.py:190} INFO - [2026-07-13T17:03:56.230+0000] {dag.py:3239} INFO - Sync 1 DAGs
[2026-07-13T17:03:56.239+0000] {logging_mixin.py:190} INFO - [2026-07-13T17:03:56.239+0000] {dag.py:4180} INFO - Setting next_dagrun for dag_extract_dvizhenie to 2026-07-13 14:00:00+00:00, run_after=2026-07-13 16:00:00+00:00
[2026-07-13T17:03:56.244+0000] {processor.py:208} INFO - Processing /opt/airflow/dags/dag_extract_dvizhenie.py took 0.036 seconds
[2026-07-13T17:04:26.589+0000] {processor.py:186} INFO - Started process (PID=63138) to work on /opt/airflow/dags/dag_extract_dvizhenie.py
[2026-07-13T17:04:26.589+0000] {processor.py:914} INFO - Processing file /opt/airflow/dags/dag_extract_dvizhenie.py for tasks to queue
[2026-07-13T17:04:26.590+0000] {logging_mixin.py:190} INFO - [2026-07-13T17:04:26.590+0000] {dagbag.py:588} INFO - Filling up the DagBag from /opt/airflow/dags/dag_extract_dvizhenie.py
[2026-07-13T17:04:26.595+0000] {processor.py:925} INFO - DAG(s) 'dag_extract_dvizhenie' retrieved from /opt/airflow/dags/dag_extract_dvizhenie.py
[2026-07-13T17:04:26.605+0000] {logging_mixin.py:190} INFO - [2026-07-13T17:04:26.605+0000] {dag.py:3239} INFO - Sync 1 DAGs
[2026-07-13T17:04:26.612+0000] {logging_mixin.py:190} INFO - [2026-07-13T17:04:26.612+0000] {dag.py:4180} INFO - Setting next_dagrun for dag_extract_dvizhenie to 2026-07-13 14:00:00+00:00, run_after=2026-07-13 16:00:00+00:00
[2026-07-13T17:04:26.617+0000] {processor.py:208} INFO - Processing /opt/airflow/dags/dag_extract_dvizhenie.py took 0.031 seconds
[2026-07-13T17:04:57.042+0000] {processor.py:186} INFO - Started process (PID=63158) to work on /opt/airflow/dags/dag_extract_dvizhenie.py
[2026-07-13T17:04:57.042+0000] {processor.py:914} INFO - Processing file /opt/airflow/dags/dag_extract_dvizhenie.py for tasks to queue
[2026-07-13T17:04:57.043+0000] {logging_mixin.py:190} INFO - [2026-07-13T17:04:57.043+0000] {dagbag.py:588} INFO - Filling up the DagBag from /opt/airflow/dags/dag_extract_dvizhenie.py
[2026-07-13T17:04:57.048+0000] {processor.py:925} INFO - DAG(s) 'dag_extract_dvizhenie' retrieved from /opt/airflow/dags/dag_extract_dvizhenie.py
[2026-07-13T17:04:57.057+0000] {logging_mixin.py:190} INFO - [2026-07-13T17:04:57.057+0000] {dag.py:3239} INFO - Sync 1 DAGs
[2026-07-13T17:04:57.064+0000] {logging_mixin.py:190} INFO - [2026-07-13T17:04:57.064+0000] {dag.py:4180} INFO - Setting next_dagrun for dag_extract_dvizhenie to 2026-07-13 14:00:00+00:00, run_after=2026-07-13 16:00:00+00:00
[2026-07-13T17:04:57.070+0000] {processor.py:208} INFO - Processing /opt/airflow/dags/dag_extract_dvizhenie.py took 0.030 seconds
[2026-07-13T17:05:27.499+0000] {processor.py:186} INFO - Started process (PID=63178) to work on /opt/airflow/dags/dag_extract_dvizhenie.py
[2026-07-13T17:05:27.500+0000] {processor.py:914} INFO - Processing file /opt/airflow/dags/dag_extract_dvizhenie.py for tasks to queue
[2026-07-13T17:05:27.501+0000] {logging_mixin.py:190} INFO - [2026-07-13T17:05:27.501+0000] {dagbag.py:588} INFO - Filling up the DagBag from /opt/airflow/dags/dag_extract_dvizhenie.py
[2026-07-13T17:05:27.505+0000] {processor.py:925} INFO - DAG(s) 'dag_extract_dvizhenie' retrieved from /opt/airflow/dags/dag_extract_dvizhenie.py
[2026-07-13T17:05:27.516+0000] {logging_mixin.py:190} INFO - [2026-07-13T17:05:27.516+0000] {dag.py:3239} INFO - Sync 1 DAGs
[2026-07-13T17:05:27.523+0000] {logging_mixin.py:190} INFO - [2026-07-13T17:05:27.523+0000] {dag.py:4180} INFO - Setting next_dagrun for dag_extract_dvizhenie to 2026-07-13 14:00:00+00:00, run_after=2026-07-13 16:00:00+00:00
[2026-07-13T17:05:27.528+0000] {processor.py:208} INFO - Processing /opt/airflow/dags/dag_extract_dvizhenie.py took 0.031 seconds
[2026-07-13T17:05:57.967+0000] {processor.py:186} INFO - Started process (PID=63198) to work on /opt/airflow/dags/dag_extract_dvizhenie.py
[2026-07-13T17:05:57.968+0000] {processor.py:914} INFO - Processing file /opt/airflow/dags/dag_extract_dvizhenie.py for tasks to queue
[2026-07-13T17:05:57.969+0000] {logging_mixin.py:190} INFO - [2026-07-13T17:05:57.969+0000] {dagbag.py:588} INFO - Filling up the DagBag from /opt/airflow/dags/dag_extract_dvizhenie.py
[2026-07-13T17:05:57.974+0000] {processor.py:925} INFO - DAG(s) 'dag_extract_dvizhenie' retrieved from /opt/airflow/dags/dag_extract_dvizhenie.py
[2026-07-13T17:05:57.984+0000] {logging_mixin.py:190} INFO - [2026-07-13T17:05:57.984+0000] {dag.py:3239} INFO - Sync 1 DAGs
[2026-07-13T17:05:57.992+0000] {logging_mixin.py:190} INFO - [2026-07-13T17:05:57.992+0000] {dag.py:4180} INFO - Setting next_dagrun for dag_extract_dvizhenie to 2026-07-13 14:00:00+00:00, run_after=2026-07-13 16:00:00+00:00
[2026-07-13T17:05:57.996+0000] {processor.py:208} INFO - Processing /opt/airflow/dags/dag_extract_dvizhenie.py took 0.032 seconds
[2026-07-13T17:06:28.405+0000] {processor.py:186} INFO - Started process (PID=63218) to work on /opt/airflow/dags/dag_extract_dvizhenie.py
[2026-07-13T17:06:28.406+0000] {processor.py:914} INFO - Processing file /opt/airflow/dags/dag_extract_dvizhenie.py for tasks to queue
[2026-07-13T17:06:28.407+0000] {logging_mixin.py:190} INFO - [2026-07-13T17:06:28.406+0000] {dagbag.py:588} INFO - Filling up the DagBag from /opt/airflow/dags/dag_extract_dvizhenie.py
[2026-07-13T17:06:28.411+0000] {processor.py:925} INFO - DAG(s) 'dag_extract_dvizhenie' retrieved from /opt/airflow/dags/dag_extract_dvizhenie.py
[2026-07-13T17:06:28.421+0000] {logging_mixin.py:190} INFO - [2026-07-13T17:06:28.421+0000] {dag.py:3239} INFO - Sync 1 DAGs
[2026-07-13T17:06:28.428+0000] {logging_mixin.py:190} INFO - [2026-07-13T17:06:28.428+0000] {dag.py:4180} INFO - Setting next_dagrun for dag_extract_dvizhenie to 2026-07-13 14:00:00+00:00, run_after=2026-07-13 16:00:00+00:00
[2026-07-13T17:06:28.433+0000] {processor.py:208} INFO - Processing /opt/airflow/dags/dag_extract_dvizhenie.py took 0.031 seconds
[2026-07-13T17:06:58.887+0000] {processor.py:186} INFO - Started process (PID=63238) to work on /opt/airflow/dags/dag_extract_dvizhenie.py
[2026-07-13T17:06:58.888+0000] {processor.py:914} INFO - Processing file /opt/airflow/dags/dag_extract_dvizhenie.py for tasks to queue
[2026-07-13T17:06:58.889+0000] {logging_mixin.py:190} INFO - [2026-07-13T17:06:58.889+0000] {dagbag.py:588} INFO - Filling up the DagBag from /opt/airflow/dags/dag_extract_dvizhenie.py
[2026-07-13T17:06:58.894+0000] {processor.py:925} INFO - DAG(s) 'dag_extract_dvizhenie' retrieved from /opt/airflow/dags/dag_extract_dvizhenie.py
[2026-07-13T17:06:58.906+0000] {logging_mixin.py:190} INFO - [2026-07-13T17:06:58.906+0000] {dag.py:3239} INFO - Sync 1 DAGs
[2026-07-13T17:06:58.914+0000] {logging_mixin.py:190} INFO - [2026-07-13T17:06:58.914+0000] {dag.py:4180} INFO - Setting next_dagrun for dag_extract_dvizhenie to 2026-07-13 14:00:00+00:00, run_after=2026-07-13 16:00:00+00:00
[2026-07-13T17:06:58.919+0000] {processor.py:208} INFO - Processing /opt/airflow/dags/dag_extract_dvizhenie.py took 0.037 seconds
[2026-07-13T17:07:29.345+0000] {processor.py:186} INFO - Started process (PID=63258) to work on /opt/airflow/dags/dag_extract_dvizhenie.py
[2026-07-13T17:07:29.346+0000] {processor.py:914} INFO - Processing file /opt/airflow/dags/dag_extract_dvizhenie.py for tasks to queue
[2026-07-13T17:07:29.347+0000] {logging_mixin.py:190} INFO - [2026-07-13T17:07:29.347+0000] {dagbag.py:588} INFO - Filling up the DagBag from /opt/airflow/dags/dag_extract_dvizhenie.py
[2026-07-13T17:07:29.351+0000] {processor.py:925} INFO - DAG(s) 'dag_extract_dvizhenie' retrieved from /opt/airflow/dags/dag_extract_dvizhenie.py
[2026-07-13T17:07:29.362+0000] {logging_mixin.py:190} INFO - [2026-07-13T17:07:29.361+0000] {dag.py:3239} INFO - Sync 1 DAGs
[2026-07-13T17:07:29.369+0000] {logging_mixin.py:190} INFO - [2026-07-13T17:07:29.369+0000] {dag.py:4180} INFO - Setting next_dagrun for dag_extract_dvizhenie to 2026-07-13 14:00:00+00:00, run_after=2026-07-13 16:00:00+00:00
[2026-07-13T17:07:29.374+0000] {processor.py:208} INFO - Processing /opt/airflow/dags/dag_extract_dvizhenie.py took 0.031 seconds
[2026-07-13T17:07:59.831+0000] {processor.py:186} INFO - Started process (PID=63278) to work on /opt/airflow/dags/dag_extract_dvizhenie.py
[2026-07-13T17:07:59.831+0000] {processor.py:914} INFO - Processing file /opt/airflow/dags/dag_extract_dvizhenie.py for tasks to queue
[2026-07-13T17:07:59.832+0000] {logging_mixin.py:190} INFO - [2026-07-13T17:07:59.832+0000] {dagbag.py:588} INFO - Filling up the DagBag from /opt/airflow/dags/dag_extract_dvizhenie.py
[2026-07-13T17:07:59.837+0000] {processor.py:925} INFO - DAG(s) 'dag_extract_dvizhenie' retrieved from /opt/airflow/dags/dag_extract_dvizhenie.py
[2026-07-13T17:07:59.847+0000] {logging_mixin.py:190} INFO - [2026-07-13T17:07:59.847+0000] {dag.py:3239} INFO - Sync 1 DAGs
[2026-07-13T17:07:59.854+0000] {logging_mixin.py:190} INFO - [2026-07-13T17:07:59.854+0000] {dag.py:4180} INFO - Setting next_dagrun for dag_extract_dvizhenie to 2026-07-13 14:00:00+00:00, run_after=2026-07-13 16:00:00+00:00
[2026-07-13T17:07:59.859+0000] {processor.py:208} INFO - Processing /opt/airflow/dags/dag_extract_dvizhenie.py took 0.030 seconds
[2026-07-13T17:08:30.270+0000] {processor.py:186} INFO - Started process (PID=63298) to work on /opt/airflow/dags/dag_extract_dvizhenie.py
[2026-07-13T17:08:30.271+0000] {processor.py:914} INFO - Processing file /opt/airflow/dags/dag_extract_dvizhenie.py for tasks to queue
[2026-07-13T17:08:30.272+0000] {logging_mixin.py:190} INFO - [2026-07-13T17:08:30.272+0000] {dagbag.py:588} INFO - Filling up the DagBag from /opt/airflow/dags/dag_extract_dvizhenie.py
[2026-07-13T17:08:30.278+0000] {processor.py:925} INFO - DAG(s) 'dag_extract_dvizhenie' retrieved from /opt/airflow/dags/dag_extract_dvizhenie.py
[2026-07-13T17:08:30.295+0000] {logging_mixin.py:190} INFO - [2026-07-13T17:08:30.294+0000] {dag.py:3239} INFO - Sync 1 DAGs
[2026-07-13T17:08:30.305+0000] {logging_mixin.py:190} INFO - [2026-07-13T17:08:30.305+0000] {dag.py:4180} INFO - Setting next_dagrun for dag_extract_dvizhenie to 2026-07-13 14:00:00+00:00, run_after=2026-07-13 16:00:00+00:00
[2026-07-13T17:08:30.312+0000] {processor.py:208} INFO - Processing /opt/airflow/dags/dag_extract_dvizhenie.py took 0.045 seconds
[2026-07-13T17:09:00.790+0000] {processor.py:186} INFO - Started process (PID=63318) to work on /opt/airflow/dags/dag_extract_dvizhenie.py
[2026-07-13T17:09:00.790+0000] {processor.py:914} INFO - Processing file /opt/airflow/dags/dag_extract_dvizhenie.py for tasks to queue
[2026-07-13T17:09:00.791+0000] {logging_mixin.py:190} INFO - [2026-07-13T17:09:00.791+0000] {dagbag.py:588} INFO - Filling up the DagBag from /opt/airflow/dags/dag_extract_dvizhenie.py
[2026-07-13T17:09:00.797+0000] {processor.py:925} INFO - DAG(s) 'dag_extract_dvizhenie' retrieved from /opt/airflow/dags/dag_extract_dvizhenie.py
[2026-07-13T17:09:00.810+0000] {logging_mixin.py:190} INFO - [2026-07-13T17:09:00.810+0000] {dag.py:3239} INFO - Sync 1 DAGs
[2026-07-13T17:09:00.819+0000] {logging_mixin.py:190} INFO - [2026-07-13T17:09:00.819+0000] {dag.py:4180} INFO - Setting next_dagrun for dag_extract_dvizhenie to 2026-07-13 14:00:00+00:00, run_after=2026-07-13 16:00:00+00:00
[2026-07-13T17:09:00.824+0000] {processor.py:208} INFO - Processing /opt/airflow/dags/dag_extract_dvizhenie.py took 0.038 seconds
[2026-07-13T17:09:31.225+0000] {processor.py:186} INFO - Started process (PID=63338) to work on /opt/airflow/dags/dag_extract_dvizhenie.py
[2026-07-13T17:09:31.226+0000] {processor.py:914} INFO - Processing file /opt/airflow/dags/dag_extract_dvizhenie.py for tasks to queue
[2026-07-13T17:09:31.227+0000] {logging_mixin.py:190} INFO - [2026-07-13T17:09:31.227+0000] {dagbag.py:588} INFO - Filling up the DagBag from /opt/airflow/dags/dag_extract_dvizhenie.py
[2026-07-13T17:09:31.232+0000] {processor.py:925} INFO - DAG(s) 'dag_extract_dvizhenie' retrieved from /opt/airflow/dags/dag_extract_dvizhenie.py
[2026-07-13T17:09:31.249+0000] {logging_mixin.py:190} INFO - [2026-07-13T17:09:31.249+0000] {dag.py:3239} INFO - Sync 1 DAGs
[2026-07-13T17:09:31.259+0000] {logging_mixin.py:190} INFO - [2026-07-13T17:09:31.259+0000] {dag.py:4180} INFO - Setting next_dagrun for dag_extract_dvizhenie to 2026-07-13 14:00:00+00:00, run_after=2026-07-13 16:00:00+00:00
[2026-07-13T17:09:31.265+0000] {processor.py:208} INFO - Processing /opt/airflow/dags/dag_extract_dvizhenie.py took 0.043 seconds
[2026-07-13T17:10:01.739+0000] {processor.py:186} INFO - Started process (PID=63358) to work on /opt/airflow/dags/dag_extract_dvizhenie.py
[2026-07-13T17:10:01.740+0000] {processor.py:914} INFO - Processing file /opt/airflow/dags/dag_extract_dvizhenie.py for tasks to queue
[2026-07-13T17:10:01.741+0000] {logging_mixin.py:190} INFO - [2026-07-13T17:10:01.741+0000] {dagbag.py:588} INFO - Filling up the DagBag from /opt/airflow/dags/dag_extract_dvizhenie.py
[2026-07-13T17:10:01.746+0000] {processor.py:925} INFO - DAG(s) 'dag_extract_dvizhenie' retrieved from /opt/airflow/dags/dag_extract_dvizhenie.py
[2026-07-13T17:10:01.758+0000] {logging_mixin.py:190} INFO - [2026-07-13T17:10:01.758+0000] {dag.py:3239} INFO - Sync 1 DAGs
[2026-07-13T17:10:01.766+0000] {logging_mixin.py:190} INFO - [2026-07-13T17:10:01.766+0000] {dag.py:4180} INFO - Setting next_dagrun for dag_extract_dvizhenie to 2026-07-13 14:00:00+00:00, run_after=2026-07-13 16:00:00+00:00
[2026-07-13T17:10:01.771+0000] {processor.py:208} INFO - Processing /opt/airflow/dags/dag_extract_dvizhenie.py took 0.036 seconds
[2026-07-13T17:10:32.163+0000] {processor.py:186} INFO - Started process (PID=63378) to work on /opt/airflow/dags/dag_extract_dvizhenie.py
[2026-07-13T17:10:32.163+0000] {processor.py:914} INFO - Processing file /opt/airflow/dags/dag_extract_dvizhenie.py for tasks to queue
[2026-07-13T17:10:32.164+0000] {logging_mixin.py:190} INFO - [2026-07-13T17:10:32.164+0000] {dagbag.py:588} INFO - Filling up the DagBag from /opt/airflow/dags/dag_extract_dvizhenie.py
[2026-07-13T17:10:32.168+0000] {processor.py:925} INFO - DAG(s) 'dag_extract_dvizhenie' retrieved from /opt/airflow/dags/dag_extract_dvizhenie.py
[2026-07-13T17:10:32.178+0000] {logging_mixin.py:190} INFO - [2026-07-13T17:10:32.178+0000] {dag.py:3239} INFO - Sync 1 DAGs
[2026-07-13T17:10:32.186+0000] {logging_mixin.py:190} INFO - [2026-07-13T17:10:32.185+0000] {dag.py:4180} INFO - Setting next_dagrun for dag_extract_dvizhenie to 2026-07-13 14:00:00+00:00, run_after=2026-07-13 16:00:00+00:00
[2026-07-13T17:10:32.190+0000] {processor.py:208} INFO - Processing /opt/airflow/dags/dag_extract_dvizhenie.py took 0.030 seconds
[2026-07-13T17:11:02.625+0000] {processor.py:186} INFO - Started process (PID=63398) to work on /opt/airflow/dags/dag_extract_dvizhenie.py
[2026-07-13T17:11:02.626+0000] {processor.py:914} INFO - Processing file /opt/airflow/dags/dag_extract_dvizhenie.py for tasks to queue
[2026-07-13T17:11:02.627+0000] {logging_mixin.py:190} INFO - [2026-07-13T17:11:02.627+0000] {dagbag.py:588} INFO - Filling up the DagBag from /opt/airflow/dags/dag_extract_dvizhenie.py
[2026-07-13T17:11:02.631+0000] {processor.py:925} INFO - DAG(s) 'dag_extract_dvizhenie' retrieved from /opt/airflow/dags/dag_extract_dvizhenie.py
[2026-07-13T17:11:02.641+0000] {logging_mixin.py:190} INFO - [2026-07-13T17:11:02.640+0000] {dag.py:3239} INFO - Sync 1 DAGs
[2026-07-13T17:11:02.648+0000] {logging_mixin.py:190} INFO - [2026-07-13T17:11:02.648+0000] {dag.py:4180} INFO - Setting next_dagrun for dag_extract_dvizhenie to 2026-07-13 14:00:00+00:00, run_after=2026-07-13 16:00:00+00:00
[2026-07-13T17:11:02.653+0000] {processor.py:208} INFO - Processing /opt/airflow/dags/dag_extract_dvizhenie.py took 0.030 seconds
[2026-07-13T17:11:33.121+0000] {processor.py:186} INFO - Started process (PID=63418) to work on /opt/airflow/dags/dag_extract_dvizhenie.py
[2026-07-13T17:11:33.121+0000] {processor.py:914} INFO - Processing file /opt/airflow/dags/dag_extract_dvizhenie.py for tasks to queue
[2026-07-13T17:11:33.122+0000] {logging_mixin.py:190} INFO - [2026-07-13T17:11:33.122+0000] {dagbag.py:588} INFO - Filling up the DagBag from /opt/airflow/dags/dag_extract_dvizhenie.py
[2026-07-13T17:11:33.127+0000] {processor.py:925} INFO - DAG(s) 'dag_extract_dvizhenie' retrieved from /opt/airflow/dags/dag_extract_dvizhenie.py
[2026-07-13T17:11:33.137+0000] {logging_mixin.py:190} INFO - [2026-07-13T17:11:33.137+0000] {dag.py:3239} INFO - Sync 1 DAGs
[2026-07-13T17:11:33.144+0000] {logging_mixin.py:190} INFO - [2026-07-13T17:11:33.144+0000] {dag.py:4180} INFO - Setting next_dagrun for dag_extract_dvizhenie to 2026-07-13 14:00:00+00:00, run_after=2026-07-13 16:00:00+00:00
[2026-07-13T17:11:33.149+0000] {processor.py:208} INFO - Processing /opt/airflow/dags/dag_extract_dvizhenie.py took 0.030 seconds
[2026-07-13T17:12:03.546+0000] {processor.py:186} INFO - Started process (PID=63436) to work on /opt/airflow/dags/dag_extract_dvizhenie.py
[2026-07-13T17:12:03.548+0000] {processor.py:914} INFO - Processing file /opt/airflow/dags/dag_extract_dvizhenie.py for tasks to queue
[2026-07-13T17:12:03.549+0000] {logging_mixin.py:190} INFO - [2026-07-13T17:12:03.549+0000] {dagbag.py:588} INFO - Filling up the DagBag from /opt/airflow/dags/dag_extract_dvizhenie.py
[2026-07-13T17:12:03.554+0000] {processor.py:925} INFO - DAG(s) 'dag_extract_dvizhenie' retrieved from /opt/airflow/dags/dag_extract_dvizhenie.py
[2026-07-13T17:12:03.567+0000] {logging_mixin.py:190} INFO - [2026-07-13T17:12:03.567+0000] {dag.py:3239} INFO - Sync 1 DAGs
[2026-07-13T17:12:03.576+0000] {logging_mixin.py:190} INFO - [2026-07-13T17:12:03.575+0000] {dag.py:4180} INFO - Setting next_dagrun for dag_extract_dvizhenie to 2026-07-13 14:00:00+00:00, run_after=2026-07-13 16:00:00+00:00
[2026-07-13T17:12:03.582+0000] {processor.py:208} INFO - Processing /opt/airflow/dags/dag_extract_dvizhenie.py took 0.038 seconds
[2026-07-13T17:12:34.004+0000] {processor.py:186} INFO - Started process (PID=63458) to work on /opt/airflow/dags/dag_extract_dvizhenie.py
[2026-07-13T17:12:34.004+0000] {processor.py:914} INFO - Processing file /opt/airflow/dags/dag_extract_dvizhenie.py for tasks to queue
[2026-07-13T17:12:34.005+0000] {logging_mixin.py:190} INFO - [2026-07-13T17:12:34.005+0000] {dagbag.py:588} INFO - Filling up the DagBag from /opt/airflow/dags/dag_extract_dvizhenie.py
[2026-07-13T17:12:34.010+0000] {processor.py:925} INFO - DAG(s) 'dag_extract_dvizhenie' retrieved from /opt/airflow/dags/dag_extract_dvizhenie.py
[2026-07-13T17:12:34.022+0000] {logging_mixin.py:190} INFO - [2026-07-13T17:12:34.022+0000] {dag.py:3239} INFO - Sync 1 DAGs
[2026-07-13T17:12:34.029+0000] {logging_mixin.py:190} INFO - [2026-07-13T17:12:34.029+0000] {dag.py:4180} INFO - Setting next_dagrun for dag_extract_dvizhenie to 2026-07-13 14:00:00+00:00, run_after=2026-07-13 16:00:00+00:00
[2026-07-13T17:12:34.034+0000] {processor.py:208} INFO - Processing /opt/airflow/dags/dag_extract_dvizhenie.py took 0.033 seconds
[2026-07-13T17:13:04.480+0000] {processor.py:186} INFO - Started process (PID=63478) to work on /opt/airflow/dags/dag_extract_dvizhenie.py
[2026-07-13T17:13:04.480+0000] {processor.py:914} INFO - Processing file /opt/airflow/dags/dag_extract_dvizhenie.py for tasks to queue
[2026-07-13T17:13:04.481+0000] {logging_mixin.py:190} INFO - [2026-07-13T17:13:04.481+0000] {dagbag.py:588} INFO - Filling up the DagBag from /opt/airflow/dags/dag_extract_dvizhenie.py
[2026-07-13T17:13:04.486+0000] {processor.py:925} INFO - DAG(s) 'dag_extract_dvizhenie' retrieved from /opt/airflow/dags/dag_extract_dvizhenie.py
[2026-07-13T17:13:04.495+0000] {logging_mixin.py:190} INFO - [2026-07-13T17:13:04.495+0000] {dag.py:3239} INFO - Sync 1 DAGs
[2026-07-13T17:13:04.502+0000] {logging_mixin.py:190} INFO - [2026-07-13T17:13:04.502+0000] {dag.py:4180} INFO - Setting next_dagrun for dag_extract_dvizhenie to 2026-07-13 14:00:00+00:00, run_after=2026-07-13 16:00:00+00:00
[2026-07-13T17:13:04.507+0000] {processor.py:208} INFO - Processing /opt/airflow/dags/dag_extract_dvizhenie.py took 0.030 seconds
[2026-07-13T17:13:34.939+0000] {processor.py:186} INFO - Started process (PID=63498) to work on /opt/airflow/dags/dag_extract_dvizhenie.py
[2026-07-13T17:13:34.939+0000] {processor.py:914} INFO - Processing file /opt/airflow/dags/dag_extract_dvizhenie.py for tasks to queue
[2026-07-13T17:13:34.940+0000] {logging_mixin.py:190} INFO - [2026-07-13T17:13:34.940+0000] {dagbag.py:588} INFO - Filling up the DagBag from /opt/airflow/dags/dag_extract_dvizhenie.py
[2026-07-13T17:13:34.944+0000] {processor.py:925} INFO - DAG(s) 'dag_extract_dvizhenie' retrieved from /opt/airflow/dags/dag_extract_dvizhenie.py
[2026-07-13T17:13:34.954+0000] {logging_mixin.py:190} INFO - [2026-07-13T17:13:34.954+0000] {dag.py:3239} INFO - Sync 1 DAGs
[2026-07-13T17:13:34.961+0000] {logging_mixin.py:190} INFO - [2026-07-13T17:13:34.961+0000] {dag.py:4180} INFO - Setting next_dagrun for dag_extract_dvizhenie to 2026-07-13 14:00:00+00:00, run_after=2026-07-13 16:00:00+00:00
[2026-07-13T17:13:34.966+0000] {processor.py:208} INFO - Processing /opt/airflow/dags/dag_extract_dvizhenie.py took 0.030 seconds
[2026-07-13T17:14:05.387+0000] {processor.py:186} INFO - Started process (PID=63518) to work on /opt/airflow/dags/dag_extract_dvizhenie.py
[2026-07-13T17:14:05.387+0000] {processor.py:914} INFO - Processing file /opt/airflow/dags/dag_extract_dvizhenie.py for tasks to queue
[2026-07-13T17:14:05.388+0000] {logging_mixin.py:190} INFO - [2026-07-13T17:14:05.388+0000] {dagbag.py:588} INFO - Filling up the DagBag from /opt/airflow/dags/dag_extract_dvizhenie.py
[2026-07-13T17:14:05.393+0000] {processor.py:925} INFO - DAG(s) 'dag_extract_dvizhenie' retrieved from /opt/airflow/dags/dag_extract_dvizhenie.py
[2026-07-13T17:14:05.402+0000] {logging_mixin.py:190} INFO - [2026-07-13T17:14:05.402+0000] {dag.py:3239} INFO - Sync 1 DAGs
[2026-07-13T17:14:05.409+0000] {logging_mixin.py:190} INFO - [2026-07-13T17:14:05.409+0000] {dag.py:4180} INFO - Setting next_dagrun for dag_extract_dvizhenie to 2026-07-13 14:00:00+00:00, run_after=2026-07-13 16:00:00+00:00
[2026-07-13T17:14:05.415+0000] {processor.py:208} INFO - Processing /opt/airflow/dags/dag_extract_dvizhenie.py took 0.030 seconds
[2026-07-13T17:14:35.781+0000] {processor.py:186} INFO - Started process (PID=63536) to work on /opt/airflow/dags/dag_extract_dvizhenie.py
[2026-07-13T17:14:35.782+0000] {processor.py:914} INFO - Processing file /opt/airflow/dags/dag_extract_dvizhenie.py for tasks to queue
[2026-07-13T17:14:35.783+0000] {logging_mixin.py:190} INFO - [2026-07-13T17:14:35.783+0000] {dagbag.py:588} INFO - Filling up the DagBag from /opt/airflow/dags/dag_extract_dvizhenie.py
[2026-07-13T17:14:35.791+0000] {processor.py:925} INFO - DAG(s) 'dag_extract_dvizhenie' retrieved from /opt/airflow/dags/dag_extract_dvizhenie.py
[2026-07-13T17:14:35.805+0000] {logging_mixin.py:190} INFO - [2026-07-13T17:14:35.805+0000] {dag.py:3239} INFO - Sync 1 DAGs
[2026-07-13T17:14:35.813+0000] {logging_mixin.py:190} INFO - [2026-07-13T17:14:35.813+0000] {dag.py:4180} INFO - Setting next_dagrun for dag_extract_dvizhenie to 2026-07-13 14:00:00+00:00, run_after=2026-07-13 16:00:00+00:00
[2026-07-13T17:14:35.822+0000] {processor.py:208} INFO - Processing /opt/airflow/dags/dag_extract_dvizhenie.py took 0.044 seconds
[2026-07-13T17:15:06.222+0000] {processor.py:186} INFO - Started process (PID=63558) to work on /opt/airflow/dags/dag_extract_dvizhenie.py
[2026-07-13T17:15:06.222+0000] {processor.py:914} INFO - Processing file /opt/airflow/dags/dag_extract_dvizhenie.py for tasks to queue
[2026-07-13T17:15:06.223+0000] {logging_mixin.py:190} INFO - [2026-07-13T17:15:06.223+0000] {dagbag.py:588} INFO - Filling up the DagBag from /opt/airflow/dags/dag_extract_dvizhenie.py
[2026-07-13T17:15:06.227+0000] {processor.py:925} INFO - DAG(s) 'dag_extract_dvizhenie' retrieved from /opt/airflow/dags/dag_extract_dvizhenie.py
[2026-07-13T17:15:06.237+0000] {logging_mixin.py:190} INFO - [2026-07-13T17:15:06.236+0000] {dag.py:3239} INFO - Sync 1 DAGs
[2026-07-13T17:15:06.244+0000] {logging_mixin.py:190} INFO - [2026-07-13T17:15:06.244+0000] {dag.py:4180} INFO - Setting next_dagrun for dag_extract_dvizhenie to 2026-07-13 14:00:00+00:00, run_after=2026-07-13 16:00:00+00:00
[2026-07-13T17:15:06.248+0000] {processor.py:208} INFO - Processing /opt/airflow/dags/dag_extract_dvizhenie.py took 0.029 seconds
[2026-07-13T17:15:36.663+0000] {processor.py:186} INFO - Started process (PID=63578) to work on /opt/airflow/dags/dag_extract_dvizhenie.py
[2026-07-13T17:15:36.663+0000] {processor.py:914} INFO - Processing file /opt/airflow/dags/dag_extract_dvizhenie.py for tasks to queue
[2026-07-13T17:15:36.664+0000] {logging_mixin.py:190} INFO - [2026-07-13T17:15:36.664+0000] {dagbag.py:588} INFO - Filling up the DagBag from /opt/airflow/dags/dag_extract_dvizhenie.py
[2026-07-13T17:15:36.669+0000] {processor.py:925} INFO - DAG(s) 'dag_extract_dvizhenie' retrieved from /opt/airflow/dags/dag_extract_dvizhenie.py
[2026-07-13T17:15:36.679+0000] {logging_mixin.py:190} INFO - [2026-07-13T17:15:36.679+0000] {dag.py:3239} INFO - Sync 1 DAGs
[2026-07-13T17:15:36.686+0000] {logging_mixin.py:190} INFO - [2026-07-13T17:15:36.686+0000] {dag.py:4180} INFO - Setting next_dagrun for dag_extract_dvizhenie to 2026-07-13 14:00:00+00:00, run_after=2026-07-13 16:00:00+00:00
[2026-07-13T17:15:36.691+0000] {processor.py:208} INFO - Processing /opt/airflow/dags/dag_extract_dvizhenie.py took 0.030 seconds
[2026-07-13T17:16:07.097+0000] {processor.py:186} INFO - Started process (PID=63598) to work on /opt/airflow/dags/dag_extract_dvizhenie.py
[2026-07-13T17:16:07.098+0000] {processor.py:914} INFO - Processing file /opt/airflow/dags/dag_extract_dvizhenie.py for tasks to queue
[2026-07-13T17:16:07.098+0000] {logging_mixin.py:190} INFO - [2026-07-13T17:16:07.098+0000] {dagbag.py:588} INFO - Filling up the DagBag from /opt/airflow/dags/dag_extract_dvizhenie.py
[2026-07-13T17:16:07.103+0000] {processor.py:925} INFO - DAG(s) 'dag_extract_dvizhenie' retrieved from /opt/airflow/dags/dag_extract_dvizhenie.py
[2026-07-13T17:16:07.113+0000] {logging_mixin.py:190} INFO - [2026-07-13T17:16:07.113+0000] {dag.py:3239} INFO - Sync 1 DAGs
[2026-07-13T17:16:07.120+0000] {logging_mixin.py:190} INFO - [2026-07-13T17:16:07.120+0000] {dag.py:4180} INFO - Setting next_dagrun for dag_extract_dvizhenie to 2026-07-13 14:00:00+00:00, run_after=2026-07-13 16:00:00+00:00
[2026-07-13T17:16:07.124+0000] {processor.py:208} INFO - Processing /opt/airflow/dags/dag_extract_dvizhenie.py took 0.030 seconds
[2026-07-13T17:16:37.571+0000] {processor.py:186} INFO - Started process (PID=63618) to work on /opt/airflow/dags/dag_extract_dvizhenie.py
[2026-07-13T17:16:37.572+0000] {processor.py:914} INFO - Processing file /opt/airflow/dags/dag_extract_dvizhenie.py for tasks to queue
[2026-07-13T17:16:37.572+0000] {logging_mixin.py:190} INFO - [2026-07-13T17:16:37.572+0000] {dagbag.py:588} INFO - Filling up the DagBag from /opt/airflow/dags/dag_extract_dvizhenie.py
[2026-07-13T17:16:37.577+0000] {processor.py:925} INFO - DAG(s) 'dag_extract_dvizhenie' retrieved from /opt/airflow/dags/dag_extract_dvizhenie.py
[2026-07-13T17:16:37.587+0000] {logging_mixin.py:190} INFO - [2026-07-13T17:16:37.586+0000] {dag.py:3239} INFO - Sync 1 DAGs
[2026-07-13T17:16:37.594+0000] {logging_mixin.py:190} INFO - [2026-07-13T17:16:37.594+0000] {dag.py:4180} INFO - Setting next_dagrun for dag_extract_dvizhenie to 2026-07-13 14:00:00+00:00, run_after=2026-07-13 16:00:00+00:00
[2026-07-13T17:16:37.598+0000] {processor.py:208} INFO - Processing /opt/airflow/dags/dag_extract_dvizhenie.py took 0.030 seconds
[2026-07-13T17:17:08.070+0000] {processor.py:186} INFO - Started process (PID=63636) to work on /opt/airflow/dags/dag_extract_dvizhenie.py
[2026-07-13T17:17:08.070+0000] {processor.py:914} INFO - Processing file /opt/airflow/dags/dag_extract_dvizhenie.py for tasks to queue
[2026-07-13T17:17:08.073+0000] {logging_mixin.py:190} INFO - [2026-07-13T17:17:08.073+0000] {dagbag.py:588} INFO - Filling up the DagBag from /opt/airflow/dags/dag_extract_dvizhenie.py
[2026-07-13T17:17:08.079+0000] {processor.py:925} INFO - DAG(s) 'dag_extract_dvizhenie' retrieved from /opt/airflow/dags/dag_extract_dvizhenie.py
[2026-07-13T17:17:08.093+0000] {logging_mixin.py:190} INFO - [2026-07-13T17:17:08.093+0000] {dag.py:3239} INFO - Sync 1 DAGs
[2026-07-13T17:17:08.101+0000] {logging_mixin.py:190} INFO - [2026-07-13T17:17:08.101+0000] {dag.py:4180} INFO - Setting next_dagrun for dag_extract_dvizhenie to 2026-07-13 14:00:00+00:00, run_after=2026-07-13 16:00:00+00:00
[2026-07-13T17:17:08.109+0000] {processor.py:208} INFO - Processing /opt/airflow/dags/dag_extract_dvizhenie.py took 0.041 seconds
[2026-07-13T17:17:38.508+0000] {processor.py:186} INFO - Started process (PID=63658) to work on /opt/airflow/dags/dag_extract_dvizhenie.py
[2026-07-13T17:17:38.508+0000] {processor.py:914} INFO - Processing file /opt/airflow/dags/dag_extract_dvizhenie.py for tasks to queue
[2026-07-13T17:17:38.509+0000] {logging_mixin.py:190} INFO - [2026-07-13T17:17:38.509+0000] {dagbag.py:588} INFO - Filling up the DagBag from /opt/airflow/dags/dag_extract_dvizhenie.py
[2026-07-13T17:17:38.515+0000] {processor.py:925} INFO - DAG(s) 'dag_extract_dvizhenie' retrieved from /opt/airflow/dags/dag_extract_dvizhenie.py
[2026-07-13T17:17:38.529+0000] {logging_mixin.py:190} INFO - [2026-07-13T17:17:38.529+0000] {dag.py:3239} INFO - Sync 1 DAGs
[2026-07-13T17:17:38.536+0000] {logging_mixin.py:190} INFO - [2026-07-13T17:17:38.536+0000] {dag.py:4180} INFO - Setting next_dagrun for dag_extract_dvizhenie to 2026-07-13 14:00:00+00:00, run_after=2026-07-13 16:00:00+00:00
[2026-07-13T17:17:38.543+0000] {processor.py:208} INFO - Processing /opt/airflow/dags/dag_extract_dvizhenie.py took 0.038 seconds
[2026-07-13T17:18:09.044+0000] {processor.py:186} INFO - Started process (PID=63678) to work on /opt/airflow/dags/dag_extract_dvizhenie.py
[2026-07-13T17:18:09.045+0000] {processor.py:914} INFO - Processing file /opt/airflow/dags/dag_extract_dvizhenie.py for tasks to queue
[2026-07-13T17:18:09.046+0000] {logging_mixin.py:190} INFO - [2026-07-13T17:18:09.046+0000] {dagbag.py:588} INFO - Filling up the DagBag from /opt/airflow/dags/dag_extract_dvizhenie.py
[2026-07-13T17:18:09.050+0000] {processor.py:925} INFO - DAG(s) 'dag_extract_dvizhenie' retrieved from /opt/airflow/dags/dag_extract_dvizhenie.py
[2026-07-13T17:18:09.060+0000] {logging_mixin.py:190} INFO - [2026-07-13T17:18:09.060+0000] {dag.py:3239} INFO - Sync 1 DAGs
[2026-07-13T17:18:09.067+0000] {logging_mixin.py:190} INFO - [2026-07-13T17:18:09.067+0000] {dag.py:4180} INFO - Setting next_dagrun for dag_extract_dvizhenie to 2026-07-13 14:00:00+00:00, run_after=2026-07-13 16:00:00+00:00
[2026-07-13T17:18:09.072+0000] {processor.py:208} INFO - Processing /opt/airflow/dags/dag_extract_dvizhenie.py took 0.030 seconds
[2026-07-13T17:18:39.591+0000] {processor.py:186} INFO - Started process (PID=63698) to work on /opt/airflow/dags/dag_extract_dvizhenie.py
[2026-07-13T17:18:39.591+0000] {processor.py:914} INFO - Processing file /opt/airflow/dags/dag_extract_dvizhenie.py for tasks to queue
[2026-07-13T17:18:39.592+0000] {logging_mixin.py:190} INFO - [2026-07-13T17:18:39.592+0000] {dagbag.py:588} INFO - Filling up the DagBag from /opt/airflow/dags/dag_extract_dvizhenie.py
[2026-07-13T17:18:39.597+0000] {processor.py:925} INFO - DAG(s) 'dag_extract_dvizhenie' retrieved from /opt/airflow/dags/dag_extract_dvizhenie.py
[2026-07-13T17:18:39.606+0000] {logging_mixin.py:190} INFO - [2026-07-13T17:18:39.606+0000] {dag.py:3239} INFO - Sync 1 DAGs
[2026-07-13T17:18:39.614+0000] {logging_mixin.py:190} INFO - [2026-07-13T17:18:39.613+0000] {dag.py:4180} INFO - Setting next_dagrun for dag_extract_dvizhenie to 2026-07-13 14:00:00+00:00, run_after=2026-07-13 16:00:00+00:00
[2026-07-13T17:18:39.619+0000] {processor.py:208} INFO - Processing /opt/airflow/dags/dag_extract_dvizhenie.py took 0.030 seconds
[2026-07-13T17:19:10.086+0000] {processor.py:186} INFO - Started process (PID=63718) to work on /opt/airflow/dags/dag_extract_dvizhenie.py
[2026-07-13T17:19:10.087+0000] {processor.py:914} INFO - Processing file /opt/airflow/dags/dag_extract_dvizhenie.py for tasks to queue
[2026-07-13T17:19:10.088+0000] {logging_mixin.py:190} INFO - [2026-07-13T17:19:10.087+0000] {dagbag.py:588} INFO - Filling up the DagBag from /opt/airflow/dags/dag_extract_dvizhenie.py
[2026-07-13T17:19:10.092+0000] {processor.py:925} INFO - DAG(s) 'dag_extract_dvizhenie' retrieved from /opt/airflow/dags/dag_extract_dvizhenie.py
[2026-07-13T17:19:10.102+0000] {logging_mixin.py:190} INFO - [2026-07-13T17:19:10.102+0000] {dag.py:3239} INFO - Sync 1 DAGs
[2026-07-13T17:19:10.109+0000] {logging_mixin.py:190} INFO - [2026-07-13T17:19:10.109+0000] {dag.py:4180} INFO - Setting next_dagrun for dag_extract_dvizhenie to 2026-07-13 14:00:00+00:00, run_after=2026-07-13 16:00:00+00:00
[2026-07-13T17:19:10.114+0000] {processor.py:208} INFO - Processing /opt/airflow/dags/dag_extract_dvizhenie.py took 0.030 seconds
[2026-07-13T17:19:40.567+0000] {processor.py:186} INFO - Started process (PID=63737) to work on /opt/airflow/dags/dag_extract_dvizhenie.py
[2026-07-13T17:19:40.567+0000] {processor.py:914} INFO - Processing file /opt/airflow/dags/dag_extract_dvizhenie.py for tasks to queue
[2026-07-13T17:19:40.569+0000] {logging_mixin.py:190} INFO - [2026-07-13T17:19:40.569+0000] {dagbag.py:588} INFO - Filling up the DagBag from /opt/airflow/dags/dag_extract_dvizhenie.py
[2026-07-13T17:19:40.575+0000] {processor.py:925} INFO - DAG(s) 'dag_extract_dvizhenie' retrieved from /opt/airflow/dags/dag_extract_dvizhenie.py
[2026-07-13T17:19:40.586+0000] {logging_mixin.py:190} INFO - [2026-07-13T17:19:40.586+0000] {dag.py:3239} INFO - Sync 1 DAGs
[2026-07-13T17:19:40.597+0000] {logging_mixin.py:190} INFO - [2026-07-13T17:19:40.597+0000] {dag.py:4180} INFO - Setting next_dagrun for dag_extract_dvizhenie to 2026-07-13 14:00:00+00:00, run_after=2026-07-13 16:00:00+00:00
[2026-07-13T17:19:40.603+0000] {processor.py:208} INFO - Processing /opt/airflow/dags/dag_extract_dvizhenie.py took 0.040 seconds
[2026-07-13T17:20:11.088+0000] {processor.py:186} INFO - Started process (PID=63757) to work on /opt/airflow/dags/dag_extract_dvizhenie.py
[2026-07-13T17:20:11.089+0000] {processor.py:914} INFO - Processing file /opt/airflow/dags/dag_extract_dvizhenie.py for tasks to queue
[2026-07-13T17:20:11.090+0000] {logging_mixin.py:190} INFO - [2026-07-13T17:20:11.090+0000] {dagbag.py:588} INFO - Filling up the DagBag from /opt/airflow/dags/dag_extract_dvizhenie.py
[2026-07-13T17:20:11.095+0000] {processor.py:925} INFO - DAG(s) 'dag_extract_dvizhenie' retrieved from /opt/airflow/dags/dag_extract_dvizhenie.py
[2026-07-13T17:20:11.110+0000] {logging_mixin.py:190} INFO - [2026-07-13T17:20:11.110+0000] {dag.py:3239} INFO - Sync 1 DAGs
[2026-07-13T17:20:11.119+0000] {logging_mixin.py:190} INFO - [2026-07-13T17:20:11.119+0000] {dag.py:4180} INFO - Setting next_dagrun for dag_extract_dvizhenie to 2026-07-13 14:00:00+00:00, run_after=2026-07-13 16:00:00+00:00
[2026-07-13T17:20:11.126+0000] {processor.py:208} INFO - Processing /opt/airflow/dags/dag_extract_dvizhenie.py took 0.040 seconds
[2026-07-13T17:20:41.628+0000] {processor.py:186} INFO - Started process (PID=63778) to work on /opt/airflow/dags/dag_extract_dvizhenie.py
[2026-07-13T17:20:41.628+0000] {processor.py:914} INFO - Processing file /opt/airflow/dags/dag_extract_dvizhenie.py for tasks to queue
[2026-07-13T17:20:41.629+0000] {logging_mixin.py:190} INFO - [2026-07-13T17:20:41.629+0000] {dagbag.py:588} INFO - Filling up the DagBag from /opt/airflow/dags/dag_extract_dvizhenie.py
[2026-07-13T17:20:41.633+0000] {processor.py:925} INFO - DAG(s) 'dag_extract_dvizhenie' retrieved from /opt/airflow/dags/dag_extract_dvizhenie.py
[2026-07-13T17:20:41.643+0000] {logging_mixin.py:190} INFO - [2026-07-13T17:20:41.643+0000] {dag.py:3239} INFO - Sync 1 DAGs
[2026-07-13T17:20:41.650+0000] {logging_mixin.py:190} INFO - [2026-07-13T17:20:41.650+0000] {dag.py:4180} INFO - Setting next_dagrun for dag_extract_dvizhenie to 2026-07-13 14:00:00+00:00, run_after=2026-07-13 16:00:00+00:00
[2026-07-13T17:20:41.654+0000] {processor.py:208} INFO - Processing /opt/airflow/dags/dag_extract_dvizhenie.py took 0.029 seconds
[2026-07-13T17:21:12.101+0000] {processor.py:186} INFO - Started process (PID=63798) to work on /opt/airflow/dags/dag_extract_dvizhenie.py
[2026-07-13T17:21:12.101+0000] {processor.py:914} INFO - Processing file /opt/airflow/dags/dag_extract_dvizhenie.py for tasks to queue
[2026-07-13T17:21:12.102+0000] {logging_mixin.py:190} INFO - [2026-07-13T17:21:12.102+0000] {dagbag.py:588} INFO - Filling up the DagBag from /opt/airflow/dags/dag_extract_dvizhenie.py
[2026-07-13T17:21:12.107+0000] {processor.py:925} INFO - DAG(s) 'dag_extract_dvizhenie' retrieved from /opt/airflow/dags/dag_extract_dvizhenie.py
[2026-07-13T17:21:12.116+0000] {logging_mixin.py:190} INFO - [2026-07-13T17:21:12.116+0000] {dag.py:3239} INFO - Sync 1 DAGs
[2026-07-13T17:21:12.123+0000] {logging_mixin.py:190} INFO - [2026-07-13T17:21:12.123+0000] {dag.py:4180} INFO - Setting next_dagrun for dag_extract_dvizhenie to 2026-07-13 14:00:00+00:00, run_after=2026-07-13 16:00:00+00:00
[2026-07-13T17:21:12.128+0000] {processor.py:208} INFO - Processing /opt/airflow/dags/dag_extract_dvizhenie.py took 0.029 seconds
[2026-07-13T17:21:42.561+0000] {processor.py:186} INFO - Started process (PID=63818) to work on /opt/airflow/dags/dag_extract_dvizhenie.py
[2026-07-13T17:21:42.562+0000] {processor.py:914} INFO - Processing file /opt/airflow/dags/dag_extract_dvizhenie.py for tasks to queue
[2026-07-13T17:21:42.563+0000] {logging_mixin.py:190} INFO - [2026-07-13T17:21:42.563+0000] {dagbag.py:588} INFO - Filling up the DagBag from /opt/airflow/dags/dag_extract_dvizhenie.py
[2026-07-13T17:21:42.567+0000] {processor.py:925} INFO - DAG(s) 'dag_extract_dvizhenie' retrieved from /opt/airflow/dags/dag_extract_dvizhenie.py
[2026-07-13T17:21:42.577+0000] {logging_mixin.py:190} INFO - [2026-07-13T17:21:42.577+0000] {dag.py:3239} INFO - Sync 1 DAGs
[2026-07-13T17:21:42.584+0000] {logging_mixin.py:190} INFO - [2026-07-13T17:21:42.583+0000] {dag.py:4180} INFO - Setting next_dagrun for dag_extract_dvizhenie to 2026-07-13 14:00:00+00:00, run_after=2026-07-13 16:00:00+00:00
[2026-07-13T17:21:42.589+0000] {processor.py:208} INFO - Processing /opt/airflow/dags/dag_extract_dvizhenie.py took 0.030 seconds
[2026-07-13T17:22:13.010+0000] {processor.py:186} INFO - Started process (PID=63838) to work on /opt/airflow/dags/dag_extract_dvizhenie.py
[2026-07-13T17:22:13.010+0000] {processor.py:914} INFO - Processing file /opt/airflow/dags/dag_extract_dvizhenie.py for tasks to queue
[2026-07-13T17:22:13.011+0000] {logging_mixin.py:190} INFO - [2026-07-13T17:22:13.011+0000] {dagbag.py:588} INFO - Filling up the DagBag from /opt/airflow/dags/dag_extract_dvizhenie.py
[2026-07-13T17:22:13.015+0000] {processor.py:925} INFO - DAG(s) 'dag_extract_dvizhenie' retrieved from /opt/airflow/dags/dag_extract_dvizhenie.py
[2026-07-13T17:22:13.025+0000] {logging_mixin.py:190} INFO - [2026-07-13T17:22:13.025+0000] {dag.py:3239} INFO - Sync 1 DAGs
[2026-07-13T17:22:13.032+0000] {logging_mixin.py:190} INFO - [2026-07-13T17:22:13.032+0000] {dag.py:4180} INFO - Setting next_dagrun for dag_extract_dvizhenie to 2026-07-13 14:00:00+00:00, run_after=2026-07-13 16:00:00+00:00
[2026-07-13T17:22:13.037+0000] {processor.py:208} INFO - Processing /opt/airflow/dags/dag_extract_dvizhenie.py took 0.030 seconds
[2026-07-13T17:22:43.474+0000] {processor.py:186} INFO - Started process (PID=63858) to work on /opt/airflow/dags/dag_extract_dvizhenie.py
[2026-07-13T17:22:43.475+0000] {processor.py:914} INFO - Processing file /opt/airflow/dags/dag_extract_dvizhenie.py for tasks to queue
[2026-07-13T17:22:43.477+0000] {logging_mixin.py:190} INFO - [2026-07-13T17:22:43.476+0000] {dagbag.py:588} INFO - Filling up the DagBag from /opt/airflow/dags/dag_extract_dvizhenie.py
[2026-07-13T17:22:43.482+0000] {processor.py:925} INFO - DAG(s) 'dag_extract_dvizhenie' retrieved from /opt/airflow/dags/dag_extract_dvizhenie.py
[2026-07-13T17:22:43.497+0000] {logging_mixin.py:190} INFO - [2026-07-13T17:22:43.497+0000] {dag.py:3239} INFO - Sync 1 DAGs
[2026-07-13T17:22:43.506+0000] {logging_mixin.py:190} INFO - [2026-07-13T17:22:43.506+0000] {dag.py:4180} INFO - Setting next_dagrun for dag_extract_dvizhenie to 2026-07-13 14:00:00+00:00, run_after=2026-07-13 16:00:00+00:00
[2026-07-13T17:22:43.516+0000] {processor.py:208} INFO - Processing /opt/airflow/dags/dag_extract_dvizhenie.py took 0.044 seconds
[2026-07-13T17:23:14.000+0000] {processor.py:186} INFO - Started process (PID=63878) to work on /opt/airflow/dags/dag_extract_dvizhenie.py
[2026-07-13T17:23:14.000+0000] {processor.py:914} INFO - Processing file /opt/airflow/dags/dag_extract_dvizhenie.py for tasks to queue
[2026-07-13T17:23:14.001+0000] {logging_mixin.py:190} INFO - [2026-07-13T17:23:14.001+0000] {dagbag.py:588} INFO - Filling up the DagBag from /opt/airflow/dags/dag_extract_dvizhenie.py
[2026-07-13T17:23:14.005+0000] {processor.py:925} INFO - DAG(s) 'dag_extract_dvizhenie' retrieved from /opt/airflow/dags/dag_extract_dvizhenie.py
[2026-07-13T17:23:14.014+0000] {logging_mixin.py:190} INFO - [2026-07-13T17:23:14.014+0000] {dag.py:3239} INFO - Sync 1 DAGs
[2026-07-13T17:23:14.021+0000] {logging_mixin.py:190} INFO - [2026-07-13T17:23:14.021+0000] {dag.py:4180} INFO - Setting next_dagrun for dag_extract_dvizhenie to 2026-07-13 14:00:00+00:00, run_after=2026-07-13 16:00:00+00:00
[2026-07-13T17:23:14.027+0000] {processor.py:208} INFO - Processing /opt/airflow/dags/dag_extract_dvizhenie.py took 0.029 seconds
[2026-07-13T17:23:44.506+0000] {processor.py:186} INFO - Started process (PID=63897) to work on /opt/airflow/dags/dag_extract_dvizhenie.py
[2026-07-13T17:23:44.507+0000] {processor.py:914} INFO - Processing file /opt/airflow/dags/dag_extract_dvizhenie.py for tasks to queue
[2026-07-13T17:23:44.509+0000] {logging_mixin.py:190} INFO - [2026-07-13T17:23:44.509+0000] {dagbag.py:588} INFO - Filling up the DagBag from /opt/airflow/dags/dag_extract_dvizhenie.py
[2026-07-13T17:23:44.516+0000] {processor.py:925} INFO - DAG(s) 'dag_extract_dvizhenie' retrieved from /opt/airflow/dags/dag_extract_dvizhenie.py
[2026-07-13T17:23:44.530+0000] {logging_mixin.py:190} INFO - [2026-07-13T17:23:44.530+0000] {dag.py:3239} INFO - Sync 1 DAGs
[2026-07-13T17:23:44.537+0000] {logging_mixin.py:190} INFO - [2026-07-13T17:23:44.537+0000] {dag.py:4180} INFO - Setting next_dagrun for dag_extract_dvizhenie to 2026-07-13 14:00:00+00:00, run_after=2026-07-13 16:00:00+00:00
[2026-07-13T17:23:44.544+0000] {processor.py:208} INFO - Processing /opt/airflow/dags/dag_extract_dvizhenie.py took 0.040 seconds
[2026-07-13T17:24:15.016+0000] {processor.py:186} INFO - Started process (PID=63918) to work on /opt/airflow/dags/dag_extract_dvizhenie.py
[2026-07-13T17:24:15.016+0000] {processor.py:914} INFO - Processing file /opt/airflow/dags/dag_extract_dvizhenie.py for tasks to queue
[2026-07-13T17:24:15.017+0000] {logging_mixin.py:190} INFO - [2026-07-13T17:24:15.017+0000] {dagbag.py:588} INFO - Filling up the DagBag from /opt/airflow/dags/dag_extract_dvizhenie.py
[2026-07-13T17:24:15.022+0000] {processor.py:925} INFO - DAG(s) 'dag_extract_dvizhenie' retrieved from /opt/airflow/dags/dag_extract_dvizhenie.py
[2026-07-13T17:24:15.031+0000] {logging_mixin.py:190} INFO - [2026-07-13T17:24:15.031+0000] {dag.py:3239} INFO - Sync 1 DAGs
[2026-07-13T17:24:15.039+0000] {logging_mixin.py:190} INFO - [2026-07-13T17:24:15.039+0000] {dag.py:4180} INFO - Setting next_dagrun for dag_extract_dvizhenie to 2026-07-13 14:00:00+00:00, run_after=2026-07-13 16:00:00+00:00
[2026-07-13T17:24:15.044+0000] {processor.py:208} INFO - Processing /opt/airflow/dags/dag_extract_dvizhenie.py took 0.030 seconds
[2026-07-13T17:24:45.493+0000] {processor.py:186} INFO - Started process (PID=63938) to work on /opt/airflow/dags/dag_extract_dvizhenie.py
[2026-07-13T17:24:45.493+0000] {processor.py:914} INFO - Processing file /opt/airflow/dags/dag_extract_dvizhenie.py for tasks to queue
[2026-07-13T17:24:45.494+0000] {logging_mixin.py:190} INFO - [2026-07-13T17:24:45.494+0000] {dagbag.py:588} INFO - Filling up the DagBag from /opt/airflow/dags/dag_extract_dvizhenie.py
[2026-07-13T17:24:45.498+0000] {processor.py:925} INFO - DAG(s) 'dag_extract_dvizhenie' retrieved from /opt/airflow/dags/dag_extract_dvizhenie.py
[2026-07-13T17:24:45.508+0000] {logging_mixin.py:190} INFO - [2026-07-13T17:24:45.508+0000] {dag.py:3239} INFO - Sync 1 DAGs
[2026-07-13T17:24:45.515+0000] {logging_mixin.py:190} INFO - [2026-07-13T17:24:45.515+0000] {dag.py:4180} INFO - Setting next_dagrun for dag_extract_dvizhenie to 2026-07-13 14:00:00+00:00, run_after=2026-07-13 16:00:00+00:00
[2026-07-13T17:24:45.520+0000] {processor.py:208} INFO - Processing /opt/airflow/dags/dag_extract_dvizhenie.py took 0.030 seconds
[2026-07-13T17:25:15.965+0000] {processor.py:186} INFO - Started process (PID=63958) to work on /opt/airflow/dags/dag_extract_dvizhenie.py
[2026-07-13T17:25:15.965+0000] {processor.py:914} INFO - Processing file /opt/airflow/dags/dag_extract_dvizhenie.py for tasks to queue
[2026-07-13T17:25:15.966+0000] {logging_mixin.py:190} INFO - [2026-07-13T17:25:15.966+0000] {dagbag.py:588} INFO - Filling up the DagBag from /opt/airflow/dags/dag_extract_dvizhenie.py
[2026-07-13T17:25:15.970+0000] {processor.py:925} INFO - DAG(s) 'dag_extract_dvizhenie' retrieved from /opt/airflow/dags/dag_extract_dvizhenie.py
[2026-07-13T17:25:15.980+0000] {logging_mixin.py:190} INFO - [2026-07-13T17:25:15.980+0000] {dag.py:3239} INFO - Sync 1 DAGs
[2026-07-13T17:25:15.987+0000] {logging_mixin.py:190} INFO - [2026-07-13T17:25:15.987+0000] {dag.py:4180} INFO - Setting next_dagrun for dag_extract_dvizhenie to 2026-07-13 14:00:00+00:00, run_after=2026-07-13 16:00:00+00:00
[2026-07-13T17:25:15.992+0000] {processor.py:208} INFO - Processing /opt/airflow/dags/dag_extract_dvizhenie.py took 0.030 seconds
[2026-07-13T17:25:46.430+0000] {processor.py:186} INFO - Started process (PID=63978) to work on /opt/airflow/dags/dag_extract_dvizhenie.py
[2026-07-13T17:25:46.431+0000] {processor.py:914} INFO - Processing file /opt/airflow/dags/dag_extract_dvizhenie.py for tasks to queue
[2026-07-13T17:25:46.432+0000] {logging_mixin.py:190} INFO - [2026-07-13T17:25:46.431+0000] {dagbag.py:588} INFO - Filling up the DagBag from /opt/airflow/dags/dag_extract_dvizhenie.py
[2026-07-13T17:25:46.436+0000] {processor.py:925} INFO - DAG(s) 'dag_extract_dvizhenie' retrieved from /opt/airflow/dags/dag_extract_dvizhenie.py
[2026-07-13T17:25:46.446+0000] {logging_mixin.py:190} INFO - [2026-07-13T17:25:46.446+0000] {dag.py:3239} INFO - Sync 1 DAGs
[2026-07-13T17:25:46.453+0000] {logging_mixin.py:190} INFO - [2026-07-13T17:25:46.453+0000] {dag.py:4180} INFO - Setting next_dagrun for dag_extract_dvizhenie to 2026-07-13 14:00:00+00:00, run_after=2026-07-13 16:00:00+00:00
[2026-07-13T17:25:46.457+0000] {processor.py:208} INFO - Processing /opt/airflow/dags/dag_extract_dvizhenie.py took 0.030 seconds
[2026-07-13T17:26:16.931+0000] {processor.py:186} INFO - Started process (PID=63998) to work on /opt/airflow/dags/dag_extract_dvizhenie.py
[2026-07-13T17:26:16.931+0000] {processor.py:914} INFO - Processing file /opt/airflow/dags/dag_extract_dvizhenie.py for tasks to queue
[2026-07-13T17:26:16.932+0000] {logging_mixin.py:190} INFO - [2026-07-13T17:26:16.932+0000] {dagbag.py:588} INFO - Filling up the DagBag from /opt/airflow/dags/dag_extract_dvizhenie.py
[2026-07-13T17:26:16.937+0000] {processor.py:925} INFO - DAG(s) 'dag_extract_dvizhenie' retrieved from /opt/airflow/dags/dag_extract_dvizhenie.py
[2026-07-13T17:26:16.947+0000] {logging_mixin.py:190} INFO - [2026-07-13T17:26:16.947+0000] {dag.py:3239} INFO - Sync 1 DAGs
[2026-07-13T17:26:16.954+0000] {logging_mixin.py:190} INFO - [2026-07-13T17:26:16.953+0000] {dag.py:4180} INFO - Setting next_dagrun for dag_extract_dvizhenie to 2026-07-13 14:00:00+00:00, run_after=2026-07-13 16:00:00+00:00
[2026-07-13T17:26:16.958+0000] {processor.py:208} INFO - Processing /opt/airflow/dags/dag_extract_dvizhenie.py took 0.030 seconds
[2026-07-13T17:26:47.465+0000] {processor.py:186} INFO - Started process (PID=64018) to work on /opt/airflow/dags/dag_extract_dvizhenie.py
[2026-07-13T17:26:47.466+0000] {processor.py:914} INFO - Processing file /opt/airflow/dags/dag_extract_dvizhenie.py for tasks to queue
[2026-07-13T17:26:47.467+0000] {logging_mixin.py:190} INFO - [2026-07-13T17:26:47.467+0000] {dagbag.py:588} INFO - Filling up the DagBag from /opt/airflow/dags/dag_extract_dvizhenie.py
[2026-07-13T17:26:47.472+0000] {processor.py:925} INFO - DAG(s) 'dag_extract_dvizhenie' retrieved from /opt/airflow/dags/dag_extract_dvizhenie.py
[2026-07-13T17:26:47.483+0000] {logging_mixin.py:190} INFO - [2026-07-13T17:26:47.483+0000] {dag.py:3239} INFO - Sync 1 DAGs
[2026-07-13T17:26:47.491+0000] {logging_mixin.py:190} INFO - [2026-07-13T17:26:47.491+0000] {dag.py:4180} INFO - Setting next_dagrun for dag_extract_dvizhenie to 2026-07-13 14:00:00+00:00, run_after=2026-07-13 16:00:00+00:00
[2026-07-13T17:26:47.497+0000] {processor.py:208} INFO - Processing /opt/airflow/dags/dag_extract_dvizhenie.py took 0.034 seconds
[2026-07-13T17:27:17.946+0000] {processor.py:186} INFO - Started process (PID=64038) to work on /opt/airflow/dags/dag_extract_dvizhenie.py
[2026-07-13T17:27:17.946+0000] {processor.py:914} INFO - Processing file /opt/airflow/dags/dag_extract_dvizhenie.py for tasks to queue
[2026-07-13T17:27:17.948+0000] {logging_mixin.py:190} INFO - [2026-07-13T17:27:17.947+0000] {dagbag.py:588} INFO - Filling up the DagBag from /opt/airflow/dags/dag_extract_dvizhenie.py
[2026-07-13T17:27:17.952+0000] {processor.py:925} INFO - DAG(s) 'dag_extract_dvizhenie' retrieved from /opt/airflow/dags/dag_extract_dvizhenie.py
[2026-07-13T17:27:17.962+0000] {logging_mixin.py:190} INFO - [2026-07-13T17:27:17.962+0000] {dag.py:3239} INFO - Sync 1 DAGs
[2026-07-13T17:27:17.970+0000] {logging_mixin.py:190} INFO - [2026-07-13T17:27:17.970+0000] {dag.py:4180} INFO - Setting next_dagrun for dag_extract_dvizhenie to 2026-07-13 14:00:00+00:00, run_after=2026-07-13 16:00:00+00:00
[2026-07-13T17:27:17.975+0000] {processor.py:208} INFO - Processing /opt/airflow/dags/dag_extract_dvizhenie.py took 0.035 seconds
[2026-07-13T17:27:48.430+0000] {processor.py:186} INFO - Started process (PID=64058) to work on /opt/airflow/dags/dag_extract_dvizhenie.py
[2026-07-13T17:27:48.431+0000] {processor.py:914} INFO - Processing file /opt/airflow/dags/dag_extract_dvizhenie.py for tasks to queue
[2026-07-13T17:27:48.432+0000] {logging_mixin.py:190} INFO - [2026-07-13T17:27:48.431+0000] {dagbag.py:588} INFO - Filling up the DagBag from /opt/airflow/dags/dag_extract_dvizhenie.py
[2026-07-13T17:27:48.436+0000] {processor.py:925} INFO - DAG(s) 'dag_extract_dvizhenie' retrieved from /opt/airflow/dags/dag_extract_dvizhenie.py
[2026-07-13T17:27:48.447+0000] {logging_mixin.py:190} INFO - [2026-07-13T17:27:48.447+0000] {dag.py:3239} INFO - Sync 1 DAGs
[2026-07-13T17:27:48.455+0000] {logging_mixin.py:190} INFO - [2026-07-13T17:27:48.455+0000] {dag.py:4180} INFO - Setting next_dagrun for dag_extract_dvizhenie to 2026-07-13 14:00:00+00:00, run_after=2026-07-13 16:00:00+00:00
[2026-07-13T17:27:48.460+0000] {processor.py:208} INFO - Processing /opt/airflow/dags/dag_extract_dvizhenie.py took 0.032 seconds
[2026-07-13T17:28:18.952+0000] {processor.py:186} INFO - Started process (PID=64078) to work on /opt/airflow/dags/dag_extract_dvizhenie.py
[2026-07-13T17:28:18.952+0000] {processor.py:914} INFO - Processing file /opt/airflow/dags/dag_extract_dvizhenie.py for tasks to queue
[2026-07-13T17:28:18.953+0000] {logging_mixin.py:190} INFO - [2026-07-13T17:28:18.953+0000] {dagbag.py:588} INFO - Filling up the DagBag from /opt/airflow/dags/dag_extract_dvizhenie.py
[2026-07-13T17:28:18.958+0000] {processor.py:925} INFO - DAG(s) 'dag_extract_dvizhenie' retrieved from /opt/airflow/dags/dag_extract_dvizhenie.py
[2026-07-13T17:28:18.968+0000] {logging_mixin.py:190} INFO - [2026-07-13T17:28:18.968+0000] {dag.py:3239} INFO - Sync 1 DAGs
[2026-07-13T17:28:18.975+0000] {logging_mixin.py:190} INFO - [2026-07-13T17:28:18.975+0000] {dag.py:4180} INFO - Setting next_dagrun for dag_extract_dvizhenie to 2026-07-13 14:00:00+00:00, run_after=2026-07-13 16:00:00+00:00
[2026-07-13T17:28:18.980+0000] {processor.py:208} INFO - Processing /opt/airflow/dags/dag_extract_dvizhenie.py took 0.031 seconds
[2026-07-13T17:28:49.406+0000] {processor.py:186} INFO - Started process (PID=64098) to work on /opt/airflow/dags/dag_extract_dvizhenie.py
[2026-07-13T17:28:49.406+0000] {processor.py:914} INFO - Processing file /opt/airflow/dags/dag_extract_dvizhenie.py for tasks to queue
[2026-07-13T17:28:49.407+0000] {logging_mixin.py:190} INFO - [2026-07-13T17:28:49.407+0000] {dagbag.py:588} INFO - Filling up the DagBag from /opt/airflow/dags/dag_extract_dvizhenie.py
[2026-07-13T17:28:49.412+0000] {processor.py:925} INFO - DAG(s) 'dag_extract_dvizhenie' retrieved from /opt/airflow/dags/dag_extract_dvizhenie.py
[2026-07-13T17:28:49.421+0000] {logging_mixin.py:190} INFO - [2026-07-13T17:28:49.421+0000] {dag.py:3239} INFO - Sync 1 DAGs
[2026-07-13T17:28:49.429+0000] {logging_mixin.py:190} INFO - [2026-07-13T17:28:49.429+0000] {dag.py:4180} INFO - Setting next_dagrun for dag_extract_dvizhenie to 2026-07-13 14:00:00+00:00, run_after=2026-07-13 16:00:00+00:00
[2026-07-13T17:28:49.433+0000] {processor.py:208} INFO - Processing /opt/airflow/dags/dag_extract_dvizhenie.py took 0.030 seconds
[2026-07-13T17:29:19.880+0000] {processor.py:186} INFO - Started process (PID=64118) to work on /opt/airflow/dags/dag_extract_dvizhenie.py
[2026-07-13T17:29:19.881+0000] {processor.py:914} INFO - Processing file /opt/airflow/dags/dag_extract_dvizhenie.py for tasks to queue
[2026-07-13T17:29:19.882+0000] {logging_mixin.py:190} INFO - [2026-07-13T17:29:19.882+0000] {dagbag.py:588} INFO - Filling up the DagBag from /opt/airflow/dags/dag_extract_dvizhenie.py
[2026-07-13T17:29:19.888+0000] {processor.py:925} INFO - DAG(s) 'dag_extract_dvizhenie' retrieved from /opt/airflow/dags/dag_extract_dvizhenie.py
[2026-07-13T17:29:19.899+0000] {logging_mixin.py:190} INFO - [2026-07-13T17:29:19.899+0000] {dag.py:3239} INFO - Sync 1 DAGs
[2026-07-13T17:29:19.906+0000] {logging_mixin.py:190} INFO - [2026-07-13T17:29:19.906+0000] {dag.py:4180} INFO - Setting next_dagrun for dag_extract_dvizhenie to 2026-07-13 14:00:00+00:00, run_after=2026-07-13 16:00:00+00:00
[2026-07-13T17:29:19.912+0000] {processor.py:208} INFO - Processing /opt/airflow/dags/dag_extract_dvizhenie.py took 0.035 seconds
[2026-07-13T17:29:50.348+0000] {processor.py:186} INFO - Started process (PID=64138) to work on /opt/airflow/dags/dag_extract_dvizhenie.py
[2026-07-13T17:29:50.348+0000] {processor.py:914} INFO - Processing file /opt/airflow/dags/dag_extract_dvizhenie.py for tasks to queue
[2026-07-13T17:29:50.349+0000] {logging_mixin.py:190} INFO - [2026-07-13T17:29:50.349+0000] {dagbag.py:588} INFO - Filling up the DagBag from /opt/airflow/dags/dag_extract_dvizhenie.py
[2026-07-13T17:29:50.354+0000] {processor.py:925} INFO - DAG(s) 'dag_extract_dvizhenie' retrieved from /opt/airflow/dags/dag_extract_dvizhenie.py
[2026-07-13T17:29:50.364+0000] {logging_mixin.py:190} INFO - [2026-07-13T17:29:50.364+0000] {dag.py:3239} INFO - Sync 1 DAGs
[2026-07-13T17:29:50.371+0000] {logging_mixin.py:190} INFO - [2026-07-13T17:29:50.371+0000] {dag.py:4180} INFO - Setting next_dagrun for dag_extract_dvizhenie to 2026-07-13 14:00:00+00:00, run_after=2026-07-13 16:00:00+00:00
[2026-07-13T17:29:50.376+0000] {processor.py:208} INFO - Processing /opt/airflow/dags/dag_extract_dvizhenie.py took 0.030 seconds
[2026-07-13T17:30:20.818+0000] {processor.py:186} INFO - Started process (PID=64158) to work on /opt/airflow/dags/dag_extract_dvizhenie.py
[2026-07-13T17:30:20.818+0000] {processor.py:914} INFO - Processing file /opt/airflow/dags/dag_extract_dvizhenie.py for tasks to queue
[2026-07-13T17:30:20.819+0000] {logging_mixin.py:190} INFO - [2026-07-13T17:30:20.819+0000] {dagbag.py:588} INFO - Filling up the DagBag from /opt/airflow/dags/dag_extract_dvizhenie.py
[2026-07-13T17:30:20.824+0000] {processor.py:925} INFO - DAG(s) 'dag_extract_dvizhenie' retrieved from /opt/airflow/dags/dag_extract_dvizhenie.py
[2026-07-13T17:30:20.834+0000] {logging_mixin.py:190} INFO - [2026-07-13T17:30:20.834+0000] {dag.py:3239} INFO - Sync 1 DAGs
[2026-07-13T17:30:20.842+0000] {logging_mixin.py:190} INFO - [2026-07-13T17:30:20.841+0000] {dag.py:4180} INFO - Setting next_dagrun for dag_extract_dvizhenie to 2026-07-13 14:00:00+00:00, run_after=2026-07-13 16:00:00+00:00
[2026-07-13T17:30:20.846+0000] {processor.py:208} INFO - Processing /opt/airflow/dags/dag_extract_dvizhenie.py took 0.032 seconds
[2026-07-13T17:30:51.270+0000] {processor.py:186} INFO - Started process (PID=64178) to work on /opt/airflow/dags/dag_extract_dvizhenie.py
[2026-07-13T17:30:51.270+0000] {processor.py:914} INFO - Processing file /opt/airflow/dags/dag_extract_dvizhenie.py for tasks to queue
[2026-07-13T17:30:51.271+0000] {logging_mixin.py:190} INFO - [2026-07-13T17:30:51.271+0000] {dagbag.py:588} INFO - Filling up the DagBag from /opt/airflow/dags/dag_extract_dvizhenie.py
[2026-07-13T17:30:51.276+0000] {processor.py:925} INFO - DAG(s) 'dag_extract_dvizhenie' retrieved from /opt/airflow/dags/dag_extract_dvizhenie.py
[2026-07-13T17:30:51.286+0000] {logging_mixin.py:190} INFO - [2026-07-13T17:30:51.286+0000] {dag.py:3239} INFO - Sync 1 DAGs
[2026-07-13T17:30:51.293+0000] {logging_mixin.py:190} INFO - [2026-07-13T17:30:51.293+0000] {dag.py:4180} INFO - Setting next_dagrun for dag_extract_dvizhenie to 2026-07-13 14:00:00+00:00, run_after=2026-07-13 16:00:00+00:00
[2026-07-13T17:30:51.299+0000] {processor.py:208} INFO - Processing /opt/airflow/dags/dag_extract_dvizhenie.py took 0.032 seconds
[2026-07-13T17:31:21.773+0000] {processor.py:186} INFO - Started process (PID=64198) to work on /opt/airflow/dags/dag_extract_dvizhenie.py
[2026-07-13T17:31:21.774+0000] {processor.py:914} INFO - Processing file /opt/airflow/dags/dag_extract_dvizhenie.py for tasks to queue
[2026-07-13T17:31:21.775+0000] {logging_mixin.py:190} INFO - [2026-07-13T17:31:21.774+0000] {dagbag.py:588} INFO - Filling up the DagBag from /opt/airflow/dags/dag_extract_dvizhenie.py
[2026-07-13T17:31:21.779+0000] {processor.py:925} INFO - DAG(s) 'dag_extract_dvizhenie' retrieved from /opt/airflow/dags/dag_extract_dvizhenie.py
[2026-07-13T17:31:21.789+0000] {logging_mixin.py:190} INFO - [2026-07-13T17:31:21.789+0000] {dag.py:3239} INFO - Sync 1 DAGs
[2026-07-13T17:31:21.797+0000] {logging_mixin.py:190} INFO - [2026-07-13T17:31:21.796+0000] {dag.py:4180} INFO - Setting next_dagrun for dag_extract_dvizhenie to 2026-07-13 14:00:00+00:00, run_after=2026-07-13 16:00:00+00:00
[2026-07-13T17:31:21.801+0000] {processor.py:208} INFO - Processing /opt/airflow/dags/dag_extract_dvizhenie.py took 0.031 seconds
[2026-07-13T17:31:52.219+0000] {processor.py:186} INFO - Started process (PID=64218) to work on /opt/airflow/dags/dag_extract_dvizhenie.py
[2026-07-13T17:31:52.219+0000] {processor.py:914} INFO - Processing file /opt/airflow/dags/dag_extract_dvizhenie.py for tasks to queue
[2026-07-13T17:31:52.220+0000] {logging_mixin.py:190} INFO - [2026-07-13T17:31:52.220+0000] {dagbag.py:588} INFO - Filling up the DagBag from /opt/airflow/dags/dag_extract_dvizhenie.py
[2026-07-13T17:31:52.224+0000] {processor.py:925} INFO - DAG(s) 'dag_extract_dvizhenie' retrieved from /opt/airflow/dags/dag_extract_dvizhenie.py
[2026-07-13T17:31:52.234+0000] {logging_mixin.py:190} INFO - [2026-07-13T17:31:52.234+0000] {dag.py:3239} INFO - Sync 1 DAGs
[2026-07-13T17:31:52.242+0000] {logging_mixin.py:190} INFO - [2026-07-13T17:31:52.242+0000] {dag.py:4180} INFO - Setting next_dagrun for dag_extract_dvizhenie to 2026-07-13 14:00:00+00:00, run_after=2026-07-13 16:00:00+00:00
[2026-07-13T17:31:52.247+0000] {processor.py:208} INFO - Processing /opt/airflow/dags/dag_extract_dvizhenie.py took 0.031 seconds
[2026-07-13T17:32:22.627+0000] {processor.py:186} INFO - Started process (PID=64238) to work on /opt/airflow/dags/dag_extract_dvizhenie.py
[2026-07-13T17:32:22.627+0000] {processor.py:914} INFO - Processing file /opt/airflow/dags/dag_extract_dvizhenie.py for tasks to queue
[2026-07-13T17:32:22.628+0000] {logging_mixin.py:190} INFO - [2026-07-13T17:32:22.628+0000] {dagbag.py:588} INFO - Filling up the DagBag from /opt/airflow/dags/dag_extract_dvizhenie.py
[2026-07-13T17:32:22.633+0000] {processor.py:925} INFO - DAG(s) 'dag_extract_dvizhenie' retrieved from /opt/airflow/dags/dag_extract_dvizhenie.py
[2026-07-13T17:32:22.642+0000] {logging_mixin.py:190} INFO - [2026-07-13T17:32:22.642+0000] {dag.py:3239} INFO - Sync 1 DAGs
[2026-07-13T17:32:22.650+0000] {logging_mixin.py:190} INFO - [2026-07-13T17:32:22.650+0000] {dag.py:4180} INFO - Setting next_dagrun for dag_extract_dvizhenie to 2026-07-13 14:00:00+00:00, run_after=2026-07-13 16:00:00+00:00
[2026-07-13T17:32:22.655+0000] {processor.py:208} INFO - Processing /opt/airflow/dags/dag_extract_dvizhenie.py took 0.030 seconds
[2026-07-13T17:32:53.110+0000] {processor.py:186} INFO - Started process (PID=64258) to work on /opt/airflow/dags/dag_extract_dvizhenie.py
[2026-07-13T17:32:53.110+0000] {processor.py:914} INFO - Processing file /opt/airflow/dags/dag_extract_dvizhenie.py for tasks to queue
[2026-07-13T17:32:53.111+0000] {logging_mixin.py:190} INFO - [2026-07-13T17:32:53.111+0000] {dagbag.py:588} INFO - Filling up the DagBag from /opt/airflow/dags/dag_extract_dvizhenie.py
[2026-07-13T17:32:53.116+0000] {processor.py:925} INFO - DAG(s) 'dag_extract_dvizhenie' retrieved from /opt/airflow/dags/dag_extract_dvizhenie.py
[2026-07-13T17:32:53.126+0000] {logging_mixin.py:190} INFO - [2026-07-13T17:32:53.126+0000] {dag.py:3239} INFO - Sync 1 DAGs
[2026-07-13T17:32:53.133+0000] {logging_mixin.py:190} INFO - [2026-07-13T17:32:53.133+0000] {dag.py:4180} INFO - Setting next_dagrun for dag_extract_dvizhenie to 2026-07-13 14:00:00+00:00, run_after=2026-07-13 16:00:00+00:00
[2026-07-13T17:32:53.138+0000] {processor.py:208} INFO - Processing /opt/airflow/dags/dag_extract_dvizhenie.py took 0.030 seconds
[2026-07-13T17:33:23.584+0000] {processor.py:186} INFO - Started process (PID=64278) to work on /opt/airflow/dags/dag_extract_dvizhenie.py
[2026-07-13T17:33:23.584+0000] {processor.py:914} INFO - Processing file /opt/airflow/dags/dag_extract_dvizhenie.py for tasks to queue
[2026-07-13T17:33:23.585+0000] {logging_mixin.py:190} INFO - [2026-07-13T17:33:23.585+0000] {dagbag.py:588} INFO - Filling up the DagBag from /opt/airflow/dags/dag_extract_dvizhenie.py
[2026-07-13T17:33:23.590+0000] {processor.py:925} INFO - DAG(s) 'dag_extract_dvizhenie' retrieved from /opt/airflow/dags/dag_extract_dvizhenie.py
[2026-07-13T17:33:23.599+0000] {logging_mixin.py:190} INFO - [2026-07-13T17:33:23.599+0000] {dag.py:3239} INFO - Sync 1 DAGs
[2026-07-13T17:33:23.607+0000] {logging_mixin.py:190} INFO - [2026-07-13T17:33:23.607+0000] {dag.py:4180} INFO - Setting next_dagrun for dag_extract_dvizhenie to 2026-07-13 14:00:00+00:00, run_after=2026-07-13 16:00:00+00:00
[2026-07-13T17:33:23.611+0000] {processor.py:208} INFO - Processing /opt/airflow/dags/dag_extract_dvizhenie.py took 0.030 seconds
[2026-07-13T17:33:54.125+0000] {processor.py:186} INFO - Started process (PID=64298) to work on /opt/airflow/dags/dag_extract_dvizhenie.py
[2026-07-13T17:33:54.125+0000] {processor.py:914} INFO - Processing file /opt/airflow/dags/dag_extract_dvizhenie.py for tasks to queue
[2026-07-13T17:33:54.126+0000] {logging_mixin.py:190} INFO - [2026-07-13T17:33:54.126+0000] {dagbag.py:588} INFO - Filling up the DagBag from /opt/airflow/dags/dag_extract_dvizhenie.py
[2026-07-13T17:33:54.132+0000] {processor.py:925} INFO - DAG(s) 'dag_extract_dvizhenie' retrieved from /opt/airflow/dags/dag_extract_dvizhenie.py
[2026-07-13T17:33:54.143+0000] {logging_mixin.py:190} INFO - [2026-07-13T17:33:54.143+0000] {dag.py:3239} INFO - Sync 1 DAGs
[2026-07-13T17:33:54.152+0000] {logging_mixin.py:190} INFO - [2026-07-13T17:33:54.152+0000] {dag.py:4180} INFO - Setting next_dagrun for dag_extract_dvizhenie to 2026-07-13 14:00:00+00:00, run_after=2026-07-13 16:00:00+00:00
[2026-07-13T17:33:54.158+0000] {processor.py:208} INFO - Processing /opt/airflow/dags/dag_extract_dvizhenie.py took 0.036 seconds
[2026-07-13T17:34:24.718+0000] {processor.py:186} INFO - Started process (PID=64318) to work on /opt/airflow/dags/dag_extract_dvizhenie.py
[2026-07-13T17:34:24.718+0000] {processor.py:914} INFO - Processing file /opt/airflow/dags/dag_extract_dvizhenie.py for tasks to queue
[2026-07-13T17:34:24.719+0000] {logging_mixin.py:190} INFO - [2026-07-13T17:34:24.719+0000] {dagbag.py:588} INFO - Filling up the DagBag from /opt/airflow/dags/dag_extract_dvizhenie.py
[2026-07-13T17:34:24.725+0000] {processor.py:925} INFO - DAG(s) 'dag_extract_dvizhenie' retrieved from /opt/airflow/dags/dag_extract_dvizhenie.py
[2026-07-13T17:34:24.737+0000] {logging_mixin.py:190} INFO - [2026-07-13T17:34:24.736+0000] {dag.py:3239} INFO - Sync 1 DAGs
[2026-07-13T17:34:24.746+0000] {logging_mixin.py:190} INFO - [2026-07-13T17:34:24.746+0000] {dag.py:4180} INFO - Setting next_dagrun for dag_extract_dvizhenie to 2026-07-13 14:00:00+00:00, run_after=2026-07-13 16:00:00+00:00
[2026-07-13T17:34:24.751+0000] {processor.py:208} INFO - Processing /opt/airflow/dags/dag_extract_dvizhenie.py took 0.037 seconds
[2026-07-13T17:34:55.175+0000] {processor.py:186} INFO - Started process (PID=64338) to work on /opt/airflow/dags/dag_extract_dvizhenie.py
[2026-07-13T17:34:55.176+0000] {processor.py:914} INFO - Processing file /opt/airflow/dags/dag_extract_dvizhenie.py for tasks to queue
[2026-07-13T17:34:55.177+0000] {logging_mixin.py:190} INFO - [2026-07-13T17:34:55.176+0000] {dagbag.py:588} INFO - Filling up the DagBag from /opt/airflow/dags/dag_extract_dvizhenie.py
[2026-07-13T17:34:55.181+0000] {processor.py:925} INFO - DAG(s) 'dag_extract_dvizhenie' retrieved from /opt/airflow/dags/dag_extract_dvizhenie.py
[2026-07-13T17:34:55.191+0000] {logging_mixin.py:190} INFO - [2026-07-13T17:34:55.191+0000] {dag.py:3239} INFO - Sync 1 DAGs
[2026-07-13T17:34:55.199+0000] {logging_mixin.py:190} INFO - [2026-07-13T17:34:55.198+0000] {dag.py:4180} INFO - Setting next_dagrun for dag_extract_dvizhenie to 2026-07-13 14:00:00+00:00, run_after=2026-07-13 16:00:00+00:00
[2026-07-13T17:34:55.203+0000] {processor.py:208} INFO - Processing /opt/airflow/dags/dag_extract_dvizhenie.py took 0.031 seconds
[2026-07-13T17:35:25.642+0000] {processor.py:186} INFO - Started process (PID=64358) to work on /opt/airflow/dags/dag_extract_dvizhenie.py
[2026-07-13T17:35:25.643+0000] {processor.py:914} INFO - Processing file /opt/airflow/dags/dag_extract_dvizhenie.py for tasks to queue
[2026-07-13T17:35:25.644+0000] {logging_mixin.py:190} INFO - [2026-07-13T17:35:25.643+0000] {dagbag.py:588} INFO - Filling up the DagBag from /opt/airflow/dags/dag_extract_dvizhenie.py
[2026-07-13T17:35:25.648+0000] {processor.py:925} INFO - DAG(s) 'dag_extract_dvizhenie' retrieved from /opt/airflow/dags/dag_extract_dvizhenie.py
[2026-07-13T17:35:25.658+0000] {logging_mixin.py:190} INFO - [2026-07-13T17:35:25.658+0000] {dag.py:3239} INFO - Sync 1 DAGs
[2026-07-13T17:35:25.665+0000] {logging_mixin.py:190} INFO - [2026-07-13T17:35:25.665+0000] {dag.py:4180} INFO - Setting next_dagrun for dag_extract_dvizhenie to 2026-07-13 14:00:00+00:00, run_after=2026-07-13 16:00:00+00:00
[2026-07-13T17:35:25.670+0000] {processor.py:208} INFO - Processing /opt/airflow/dags/dag_extract_dvizhenie.py took 0.031 seconds
[2026-07-13T17:35:56.082+0000] {processor.py:186} INFO - Started process (PID=64378) to work on /opt/airflow/dags/dag_extract_dvizhenie.py
[2026-07-13T17:35:56.082+0000] {processor.py:914} INFO - Processing file /opt/airflow/dags/dag_extract_dvizhenie.py for tasks to queue
[2026-07-13T17:35:56.083+0000] {logging_mixin.py:190} INFO - [2026-07-13T17:35:56.083+0000] {dagbag.py:588} INFO - Filling up the DagBag from /opt/airflow/dags/dag_extract_dvizhenie.py
[2026-07-13T17:35:56.087+0000] {processor.py:925} INFO - DAG(s) 'dag_extract_dvizhenie' retrieved from /opt/airflow/dags/dag_extract_dvizhenie.py
[2026-07-13T17:35:56.097+0000] {logging_mixin.py:190} INFO - [2026-07-13T17:35:56.097+0000] {dag.py:3239} INFO - Sync 1 DAGs
[2026-07-13T17:35:56.105+0000] {logging_mixin.py:190} INFO - [2026-07-13T17:35:56.105+0000] {dag.py:4180} INFO - Setting next_dagrun for dag_extract_dvizhenie to 2026-07-13 14:00:00+00:00, run_after=2026-07-13 16:00:00+00:00
[2026-07-13T17:35:56.109+0000] {processor.py:208} INFO - Processing /opt/airflow/dags/dag_extract_dvizhenie.py took 0.030 seconds
[2026-07-13T17:36:26.479+0000] {processor.py:186} INFO - Started process (PID=64422) to work on /opt/airflow/dags/dag_extract_dvizhenie.py
[2026-07-13T17:36:26.480+0000] {processor.py:914} INFO - Processing file /opt/airflow/dags/dag_extract_dvizhenie.py for tasks to queue
[2026-07-13T17:36:26.480+0000] {logging_mixin.py:190} INFO - [2026-07-13T17:36:26.480+0000] {dagbag.py:588} INFO - Filling up the DagBag from /opt/airflow/dags/dag_extract_dvizhenie.py
[2026-07-13T17:36:26.485+0000] {processor.py:925} INFO - DAG(s) 'dag_extract_dvizhenie' retrieved from /opt/airflow/dags/dag_extract_dvizhenie.py
[2026-07-13T17:36:26.495+0000] {logging_mixin.py:190} INFO - [2026-07-13T17:36:26.495+0000] {dag.py:3239} INFO - Sync 1 DAGs
[2026-07-13T17:36:26.506+0000] {processor.py:208} INFO - Processing /opt/airflow/dags/dag_extract_dvizhenie.py took 0.029 seconds
[2026-07-13T17:36:56.948+0000] {processor.py:186} INFO - Started process (PID=64442) to work on /opt/airflow/dags/dag_extract_dvizhenie.py
[2026-07-13T17:36:56.948+0000] {processor.py:914} INFO - Processing file /opt/airflow/dags/dag_extract_dvizhenie.py for tasks to queue
[2026-07-13T17:36:56.949+0000] {logging_mixin.py:190} INFO - [2026-07-13T17:36:56.949+0000] {dagbag.py:588} INFO - Filling up the DagBag from /opt/airflow/dags/dag_extract_dvizhenie.py
[2026-07-13T17:36:56.955+0000] {processor.py:925} INFO - DAG(s) 'dag_extract_dvizhenie' retrieved from /opt/airflow/dags/dag_extract_dvizhenie.py
[2026-07-13T17:36:56.965+0000] {logging_mixin.py:190} INFO - [2026-07-13T17:36:56.964+0000] {dag.py:3239} INFO - Sync 1 DAGs
[2026-07-13T17:36:56.976+0000] {processor.py:208} INFO - Processing /opt/airflow/dags/dag_extract_dvizhenie.py took 0.030 seconds
[2026-07-13T17:37:27.370+0000] {processor.py:186} INFO - Started process (PID=64462) to work on /opt/airflow/dags/dag_extract_dvizhenie.py
[2026-07-13T17:37:27.370+0000] {processor.py:914} INFO - Processing file /opt/airflow/dags/dag_extract_dvizhenie.py for tasks to queue
[2026-07-13T17:37:27.371+0000] {logging_mixin.py:190} INFO - [2026-07-13T17:37:27.371+0000] {dagbag.py:588} INFO - Filling up the DagBag from /opt/airflow/dags/dag_extract_dvizhenie.py
[2026-07-13T17:37:27.375+0000] {processor.py:925} INFO - DAG(s) 'dag_extract_dvizhenie' retrieved from /opt/airflow/dags/dag_extract_dvizhenie.py
[2026-07-13T17:37:27.385+0000] {logging_mixin.py:190} INFO - [2026-07-13T17:37:27.385+0000] {dag.py:3239} INFO - Sync 1 DAGs
[2026-07-13T17:37:27.396+0000] {processor.py:208} INFO - Processing /opt/airflow/dags/dag_extract_dvizhenie.py took 0.029 seconds
[2026-07-13T17:37:57.840+0000] {processor.py:186} INFO - Started process (PID=64482) to work on /opt/airflow/dags/dag_extract_dvizhenie.py
[2026-07-13T17:37:57.840+0000] {processor.py:914} INFO - Processing file /opt/airflow/dags/dag_extract_dvizhenie.py for tasks to queue
[2026-07-13T17:37:57.841+0000] {logging_mixin.py:190} INFO - [2026-07-13T17:37:57.841+0000] {dagbag.py:588} INFO - Filling up the DagBag from /opt/airflow/dags/dag_extract_dvizhenie.py
[2026-07-13T17:37:57.845+0000] {processor.py:925} INFO - DAG(s) 'dag_extract_dvizhenie' retrieved from /opt/airflow/dags/dag_extract_dvizhenie.py
[2026-07-13T17:37:57.855+0000] {logging_mixin.py:190} INFO - [2026-07-13T17:37:57.855+0000] {dag.py:3239} INFO - Sync 1 DAGs
[2026-07-13T17:37:57.866+0000] {processor.py:208} INFO - Processing /opt/airflow/dags/dag_extract_dvizhenie.py took 0.030 seconds
[2026-07-13T17:38:28.238+0000] {processor.py:186} INFO - Started process (PID=64502) to work on /opt/airflow/dags/dag_extract_dvizhenie.py
[2026-07-13T17:38:28.238+0000] {processor.py:914} INFO - Processing file /opt/airflow/dags/dag_extract_dvizhenie.py for tasks to queue
[2026-07-13T17:38:28.239+0000] {logging_mixin.py:190} INFO - [2026-07-13T17:38:28.239+0000] {dagbag.py:588} INFO - Filling up the DagBag from /opt/airflow/dags/dag_extract_dvizhenie.py
[2026-07-13T17:38:28.244+0000] {processor.py:925} INFO - DAG(s) 'dag_extract_dvizhenie' retrieved from /opt/airflow/dags/dag_extract_dvizhenie.py
[2026-07-13T17:38:28.254+0000] {logging_mixin.py:190} INFO - [2026-07-13T17:38:28.254+0000] {dag.py:3239} INFO - Sync 1 DAGs
[2026-07-13T17:38:28.265+0000] {processor.py:208} INFO - Processing /opt/airflow/dags/dag_extract_dvizhenie.py took 0.030 seconds
[2026-07-13T17:38:58.684+0000] {processor.py:186} INFO - Started process (PID=64522) to work on /opt/airflow/dags/dag_extract_dvizhenie.py
[2026-07-13T17:38:58.684+0000] {processor.py:914} INFO - Processing file /opt/airflow/dags/dag_extract_dvizhenie.py for tasks to queue
[2026-07-13T17:38:58.685+0000] {logging_mixin.py:190} INFO - [2026-07-13T17:38:58.685+0000] {dagbag.py:588} INFO - Filling up the DagBag from /opt/airflow/dags/dag_extract_dvizhenie.py
[2026-07-13T17:38:58.690+0000] {processor.py:925} INFO - DAG(s) 'dag_extract_dvizhenie' retrieved from /opt/airflow/dags/dag_extract_dvizhenie.py
[2026-07-13T17:38:58.699+0000] {logging_mixin.py:190} INFO - [2026-07-13T17:38:58.699+0000] {dag.py:3239} INFO - Sync 1 DAGs
[2026-07-13T17:38:58.710+0000] {processor.py:208} INFO - Processing /opt/airflow/dags/dag_extract_dvizhenie.py took 0.028 seconds
[2026-07-13T17:39:29.127+0000] {processor.py:186} INFO - Started process (PID=64542) to work on /opt/airflow/dags/dag_extract_dvizhenie.py
[2026-07-13T17:39:29.128+0000] {processor.py:914} INFO - Processing file /opt/airflow/dags/dag_extract_dvizhenie.py for tasks to queue
[2026-07-13T17:39:29.129+0000] {logging_mixin.py:190} INFO - [2026-07-13T17:39:29.129+0000] {dagbag.py:588} INFO - Filling up the DagBag from /opt/airflow/dags/dag_extract_dvizhenie.py
[2026-07-13T17:39:29.133+0000] {processor.py:925} INFO - DAG(s) 'dag_extract_dvizhenie' retrieved from /opt/airflow/dags/dag_extract_dvizhenie.py
[2026-07-13T17:39:29.142+0000] {logging_mixin.py:190} INFO - [2026-07-13T17:39:29.142+0000] {dag.py:3239} INFO - Sync 1 DAGs
[2026-07-13T17:39:29.154+0000] {processor.py:208} INFO - Processing /opt/airflow/dags/dag_extract_dvizhenie.py took 0.029 seconds
[2026-07-13T17:39:59.543+0000] {processor.py:186} INFO - Started process (PID=64560) to work on /opt/airflow/dags/dag_extract_dvizhenie.py
[2026-07-13T17:39:59.544+0000] {processor.py:914} INFO - Processing file /opt/airflow/dags/dag_extract_dvizhenie.py for tasks to queue
[2026-07-13T17:39:59.545+0000] {logging_mixin.py:190} INFO - [2026-07-13T17:39:59.545+0000] {dagbag.py:588} INFO - Filling up the DagBag from /opt/airflow/dags/dag_extract_dvizhenie.py
[2026-07-13T17:39:59.551+0000] {processor.py:925} INFO - DAG(s) 'dag_extract_dvizhenie' retrieved from /opt/airflow/dags/dag_extract_dvizhenie.py
[2026-07-13T17:39:59.564+0000] {logging_mixin.py:190} INFO - [2026-07-13T17:39:59.564+0000] {dag.py:3239} INFO - Sync 1 DAGs
[2026-07-13T17:39:59.579+0000] {processor.py:208} INFO - Processing /opt/airflow/dags/dag_extract_dvizhenie.py took 0.039 seconds
[2026-07-13T17:40:30.083+0000] {processor.py:186} INFO - Started process (PID=64582) to work on /opt/airflow/dags/dag_extract_dvizhenie.py
[2026-07-13T17:40:30.084+0000] {processor.py:914} INFO - Processing file /opt/airflow/dags/dag_extract_dvizhenie.py for tasks to queue
[2026-07-13T17:40:30.085+0000] {logging_mixin.py:190} INFO - [2026-07-13T17:40:30.085+0000] {dagbag.py:588} INFO - Filling up the DagBag from /opt/airflow/dags/dag_extract_dvizhenie.py
[2026-07-13T17:40:30.091+0000] {processor.py:925} INFO - DAG(s) 'dag_extract_dvizhenie' retrieved from /opt/airflow/dags/dag_extract_dvizhenie.py
[2026-07-13T17:40:30.106+0000] {logging_mixin.py:190} INFO - [2026-07-13T17:40:30.106+0000] {dag.py:3239} INFO - Sync 1 DAGs
[2026-07-13T17:40:30.120+0000] {processor.py:208} INFO - Processing /opt/airflow/dags/dag_extract_dvizhenie.py took 0.041 seconds
[2026-07-13T17:41:00.499+0000] {processor.py:186} INFO - Started process (PID=64602) to work on /opt/airflow/dags/dag_extract_dvizhenie.py
[2026-07-13T17:41:00.499+0000] {processor.py:914} INFO - Processing file /opt/airflow/dags/dag_extract_dvizhenie.py for tasks to queue
[2026-07-13T17:41:00.500+0000] {logging_mixin.py:190} INFO - [2026-07-13T17:41:00.500+0000] {dagbag.py:588} INFO - Filling up the DagBag from /opt/airflow/dags/dag_extract_dvizhenie.py
[2026-07-13T17:41:00.505+0000] {processor.py:925} INFO - DAG(s) 'dag_extract_dvizhenie' retrieved from /opt/airflow/dags/dag_extract_dvizhenie.py
[2026-07-13T17:41:00.515+0000] {logging_mixin.py:190} INFO - [2026-07-13T17:41:00.515+0000] {dag.py:3239} INFO - Sync 1 DAGs
[2026-07-13T17:41:00.526+0000] {processor.py:208} INFO - Processing /opt/airflow/dags/dag_extract_dvizhenie.py took 0.030 seconds
[2026-07-13T17:41:30.949+0000] {processor.py:186} INFO - Started process (PID=64631) to work on /opt/airflow/dags/dag_extract_dvizhenie.py
[2026-07-13T17:41:30.950+0000] {processor.py:914} INFO - Processing file /opt/airflow/dags/dag_extract_dvizhenie.py for tasks to queue
[2026-07-13T17:41:30.951+0000] {logging_mixin.py:190} INFO - [2026-07-13T17:41:30.951+0000] {dagbag.py:588} INFO - Filling up the DagBag from /opt/airflow/dags/dag_extract_dvizhenie.py
[2026-07-13T17:41:30.957+0000] {processor.py:925} INFO - DAG(s) 'dag_extract_dvizhenie' retrieved from /opt/airflow/dags/dag_extract_dvizhenie.py
[2026-07-13T17:41:30.970+0000] {logging_mixin.py:190} INFO - [2026-07-13T17:41:30.969+0000] {dag.py:3239} INFO - Sync 1 DAGs
[2026-07-13T17:41:30.984+0000] {processor.py:208} INFO - Processing /opt/airflow/dags/dag_extract_dvizhenie.py took 0.038 seconds
[2026-07-13T17:42:01.583+0000] {processor.py:186} INFO - Started process (PID=64651) to work on /opt/airflow/dags/dag_extract_dvizhenie.py
[2026-07-13T17:42:01.583+0000] {processor.py:914} INFO - Processing file /opt/airflow/dags/dag_extract_dvizhenie.py for tasks to queue
[2026-07-13T17:42:01.584+0000] {logging_mixin.py:190} INFO - [2026-07-13T17:42:01.584+0000] {dagbag.py:588} INFO - Filling up the DagBag from /opt/airflow/dags/dag_extract_dvizhenie.py
[2026-07-13T17:42:01.591+0000] {processor.py:925} INFO - DAG(s) 'dag_extract_dvizhenie' retrieved from /opt/airflow/dags/dag_extract_dvizhenie.py
[2026-07-13T17:42:01.604+0000] {logging_mixin.py:190} INFO - [2026-07-13T17:42:01.604+0000] {dag.py:3239} INFO - Sync 1 DAGs
[2026-07-13T17:42:01.619+0000] {processor.py:208} INFO - Processing /opt/airflow/dags/dag_extract_dvizhenie.py took 0.041 seconds
[2026-07-13T17:42:32.072+0000] {processor.py:186} INFO - Started process (PID=64671) to work on /opt/airflow/dags/dag_extract_dvizhenie.py
[2026-07-13T17:42:32.072+0000] {processor.py:914} INFO - Processing file /opt/airflow/dags/dag_extract_dvizhenie.py for tasks to queue
[2026-07-13T17:42:32.073+0000] {logging_mixin.py:190} INFO - [2026-07-13T17:42:32.073+0000] {dagbag.py:588} INFO - Filling up the DagBag from /opt/airflow/dags/dag_extract_dvizhenie.py
[2026-07-13T17:42:32.078+0000] {processor.py:925} INFO - DAG(s) 'dag_extract_dvizhenie' retrieved from /opt/airflow/dags/dag_extract_dvizhenie.py
[2026-07-13T17:42:32.088+0000] {logging_mixin.py:190} INFO - [2026-07-13T17:42:32.088+0000] {dag.py:3239} INFO - Sync 1 DAGs
[2026-07-13T17:42:32.100+0000] {processor.py:208} INFO - Processing /opt/airflow/dags/dag_extract_dvizhenie.py took 0.033 seconds
[2026-07-13T17:43:02.523+0000] {processor.py:186} INFO - Started process (PID=64691) to work on /opt/airflow/dags/dag_extract_dvizhenie.py
[2026-07-13T17:43:02.524+0000] {processor.py:914} INFO - Processing file /opt/airflow/dags/dag_extract_dvizhenie.py for tasks to queue
[2026-07-13T17:43:02.525+0000] {logging_mixin.py:190} INFO - [2026-07-13T17:43:02.524+0000] {dagbag.py:588} INFO - Filling up the DagBag from /opt/airflow/dags/dag_extract_dvizhenie.py
[2026-07-13T17:43:02.529+0000] {processor.py:925} INFO - DAG(s) 'dag_extract_dvizhenie' retrieved from /opt/airflow/dags/dag_extract_dvizhenie.py
[2026-07-13T17:43:02.539+0000] {logging_mixin.py:190} INFO - [2026-07-13T17:43:02.538+0000] {dag.py:3239} INFO - Sync 1 DAGs
[2026-07-13T17:43:02.550+0000] {processor.py:208} INFO - Processing /opt/airflow/dags/dag_extract_dvizhenie.py took 0.030 seconds
[2026-07-13T17:43:33.052+0000] {processor.py:186} INFO - Started process (PID=64711) to work on /opt/airflow/dags/dag_extract_dvizhenie.py
[2026-07-13T17:43:33.053+0000] {processor.py:914} INFO - Processing file /opt/airflow/dags/dag_extract_dvizhenie.py for tasks to queue
[2026-07-13T17:43:33.054+0000] {logging_mixin.py:190} INFO - [2026-07-13T17:43:33.054+0000] {dagbag.py:588} INFO - Filling up the DagBag from /opt/airflow/dags/dag_extract_dvizhenie.py
[2026-07-13T17:43:33.060+0000] {processor.py:925} INFO - DAG(s) 'dag_extract_dvizhenie' retrieved from /opt/airflow/dags/dag_extract_dvizhenie.py
[2026-07-13T17:43:33.073+0000] {logging_mixin.py:190} INFO - [2026-07-13T17:43:33.073+0000] {dag.py:3239} INFO - Sync 1 DAGs
[2026-07-13T17:43:33.088+0000] {processor.py:208} INFO - Processing /opt/airflow/dags/dag_extract_dvizhenie.py took 0.045 seconds
[2026-07-13T17:44:03.486+0000] {processor.py:186} INFO - Started process (PID=64731) to work on /opt/airflow/dags/dag_extract_dvizhenie.py
[2026-07-13T17:44:03.487+0000] {processor.py:914} INFO - Processing file /opt/airflow/dags/dag_extract_dvizhenie.py for tasks to queue
[2026-07-13T17:44:03.489+0000] {logging_mixin.py:190} INFO - [2026-07-13T17:44:03.488+0000] {dagbag.py:588} INFO - Filling up the DagBag from /opt/airflow/dags/dag_extract_dvizhenie.py
[2026-07-13T17:44:03.494+0000] {processor.py:925} INFO - DAG(s) 'dag_extract_dvizhenie' retrieved from /opt/airflow/dags/dag_extract_dvizhenie.py
[2026-07-13T17:44:03.510+0000] {logging_mixin.py:190} INFO - [2026-07-13T17:44:03.510+0000] {dag.py:3239} INFO - Sync 1 DAGs
[2026-07-13T17:44:03.528+0000] {processor.py:208} INFO - Processing /opt/airflow/dags/dag_extract_dvizhenie.py took 0.045 seconds
[2026-07-13T17:44:33.927+0000] {processor.py:186} INFO - Started process (PID=64751) to work on /opt/airflow/dags/dag_extract_dvizhenie.py
[2026-07-13T17:44:33.927+0000] {processor.py:914} INFO - Processing file /opt/airflow/dags/dag_extract_dvizhenie.py for tasks to queue
[2026-07-13T17:44:33.928+0000] {logging_mixin.py:190} INFO - [2026-07-13T17:44:33.928+0000] {dagbag.py:588} INFO - Filling up the DagBag from /opt/airflow/dags/dag_extract_dvizhenie.py
[2026-07-13T17:44:33.933+0000] {processor.py:925} INFO - DAG(s) 'dag_extract_dvizhenie' retrieved from /opt/airflow/dags/dag_extract_dvizhenie.py
[2026-07-13T17:44:33.942+0000] {logging_mixin.py:190} INFO - [2026-07-13T17:44:33.942+0000] {dag.py:3239} INFO - Sync 1 DAGs
[2026-07-13T17:44:33.953+0000] {processor.py:208} INFO - Processing /opt/airflow/dags/dag_extract_dvizhenie.py took 0.029 seconds
[2026-07-13T17:45:04.369+0000] {processor.py:186} INFO - Started process (PID=64771) to work on /opt/airflow/dags/dag_extract_dvizhenie.py
[2026-07-13T17:45:04.370+0000] {processor.py:914} INFO - Processing file /opt/airflow/dags/dag_extract_dvizhenie.py for tasks to queue
[2026-07-13T17:45:04.370+0000] {logging_mixin.py:190} INFO - [2026-07-13T17:45:04.370+0000] {dagbag.py:588} INFO - Filling up the DagBag from /opt/airflow/dags/dag_extract_dvizhenie.py
[2026-07-13T17:45:04.375+0000] {processor.py:925} INFO - DAG(s) 'dag_extract_dvizhenie' retrieved from /opt/airflow/dags/dag_extract_dvizhenie.py
[2026-07-13T17:45:04.384+0000] {logging_mixin.py:190} INFO - [2026-07-13T17:45:04.384+0000] {dag.py:3239} INFO - Sync 1 DAGs
[2026-07-13T17:45:04.395+0000] {processor.py:208} INFO - Processing /opt/airflow/dags/dag_extract_dvizhenie.py took 0.029 seconds
[2026-07-13T17:45:34.779+0000] {processor.py:186} INFO - Started process (PID=64791) to work on /opt/airflow/dags/dag_extract_dvizhenie.py
[2026-07-13T17:45:34.780+0000] {processor.py:914} INFO - Processing file /opt/airflow/dags/dag_extract_dvizhenie.py for tasks to queue
[2026-07-13T17:45:34.781+0000] {logging_mixin.py:190} INFO - [2026-07-13T17:45:34.781+0000] {dagbag.py:588} INFO - Filling up the DagBag from /opt/airflow/dags/dag_extract_dvizhenie.py
[2026-07-13T17:45:34.785+0000] {processor.py:925} INFO - DAG(s) 'dag_extract_dvizhenie' retrieved from /opt/airflow/dags/dag_extract_dvizhenie.py
[2026-07-13T17:45:34.795+0000] {logging_mixin.py:190} INFO - [2026-07-13T17:45:34.795+0000] {dag.py:3239} INFO - Sync 1 DAGs
[2026-07-13T17:45:34.806+0000] {processor.py:208} INFO - Processing /opt/airflow/dags/dag_extract_dvizhenie.py took 0.029 seconds
[2026-07-13T17:46:05.162+0000] {processor.py:186} INFO - Started process (PID=64811) to work on /opt/airflow/dags/dag_extract_dvizhenie.py
[2026-07-13T17:46:05.163+0000] {processor.py:914} INFO - Processing file /opt/airflow/dags/dag_extract_dvizhenie.py for tasks to queue
[2026-07-13T17:46:05.164+0000] {logging_mixin.py:190} INFO - [2026-07-13T17:46:05.164+0000] {dagbag.py:588} INFO - Filling up the DagBag from /opt/airflow/dags/dag_extract_dvizhenie.py
[2026-07-13T17:46:05.169+0000] {processor.py:925} INFO - DAG(s) 'dag_extract_dvizhenie' retrieved from /opt/airflow/dags/dag_extract_dvizhenie.py
[2026-07-13T17:46:05.182+0000] {logging_mixin.py:190} INFO - [2026-07-13T17:46:05.182+0000] {dag.py:3239} INFO - Sync 1 DAGs
[2026-07-13T17:46:05.201+0000] {processor.py:208} INFO - Processing /opt/airflow/dags/dag_extract_dvizhenie.py took 0.042 seconds
[2026-07-13T17:46:35.565+0000] {processor.py:186} INFO - Started process (PID=64864) to work on /opt/airflow/dags/dag_extract_dvizhenie.py
[2026-07-13T17:46:35.565+0000] {processor.py:914} INFO - Processing file /opt/airflow/dags/dag_extract_dvizhenie.py for tasks to queue
[2026-07-13T17:46:35.566+0000] {logging_mixin.py:190} INFO - [2026-07-13T17:46:35.566+0000] {dagbag.py:588} INFO - Filling up the DagBag from /opt/airflow/dags/dag_extract_dvizhenie.py
[2026-07-13T17:46:35.571+0000] {processor.py:925} INFO - DAG(s) 'dag_extract_dvizhenie' retrieved from /opt/airflow/dags/dag_extract_dvizhenie.py
[2026-07-13T17:46:35.581+0000] {logging_mixin.py:190} INFO - [2026-07-13T17:46:35.580+0000] {dag.py:3239} INFO - Sync 1 DAGs
[2026-07-13T17:46:35.592+0000] {processor.py:208} INFO - Processing /opt/airflow/dags/dag_extract_dvizhenie.py took 0.029 seconds
[2026-07-13T17:47:06.007+0000] {processor.py:186} INFO - Started process (PID=64884) to work on /opt/airflow/dags/dag_extract_dvizhenie.py
[2026-07-13T17:47:06.008+0000] {processor.py:914} INFO - Processing file /opt/airflow/dags/dag_extract_dvizhenie.py for tasks to queue
[2026-07-13T17:47:06.008+0000] {logging_mixin.py:190} INFO - [2026-07-13T17:47:06.008+0000] {dagbag.py:588} INFO - Filling up the DagBag from /opt/airflow/dags/dag_extract_dvizhenie.py
[2026-07-13T17:47:06.013+0000] {processor.py:925} INFO - DAG(s) 'dag_extract_dvizhenie' retrieved from /opt/airflow/dags/dag_extract_dvizhenie.py
[2026-07-13T17:47:06.022+0000] {logging_mixin.py:190} INFO - [2026-07-13T17:47:06.022+0000] {dag.py:3239} INFO - Sync 1 DAGs
[2026-07-13T17:47:06.033+0000] {processor.py:208} INFO - Processing /opt/airflow/dags/dag_extract_dvizhenie.py took 0.029 seconds
[2026-07-13T17:47:36.445+0000] {processor.py:186} INFO - Started process (PID=64904) to work on /opt/airflow/dags/dag_extract_dvizhenie.py
[2026-07-13T17:47:36.446+0000] {processor.py:914} INFO - Processing file /opt/airflow/dags/dag_extract_dvizhenie.py for tasks to queue
[2026-07-13T17:47:36.447+0000] {logging_mixin.py:190} INFO - [2026-07-13T17:47:36.447+0000] {dagbag.py:588} INFO - Filling up the DagBag from /opt/airflow/dags/dag_extract_dvizhenie.py
[2026-07-13T17:47:36.452+0000] {processor.py:925} INFO - DAG(s) 'dag_extract_dvizhenie' retrieved from /opt/airflow/dags/dag_extract_dvizhenie.py
[2026-07-13T17:47:36.467+0000] {logging_mixin.py:190} INFO - [2026-07-13T17:47:36.467+0000] {dag.py:3239} INFO - Sync 1 DAGs
[2026-07-13T17:47:36.482+0000] {processor.py:208} INFO - Processing /opt/airflow/dags/dag_extract_dvizhenie.py took 0.040 seconds
[2026-07-13T17:48:07.044+0000] {processor.py:186} INFO - Started process (PID=64924) to work on /opt/airflow/dags/dag_extract_dvizhenie.py
[2026-07-13T17:48:07.045+0000] {processor.py:914} INFO - Processing file /opt/airflow/dags/dag_extract_dvizhenie.py for tasks to queue
[2026-07-13T17:48:07.046+0000] {logging_mixin.py:190} INFO - [2026-07-13T17:48:07.046+0000] {dagbag.py:588} INFO - Filling up the DagBag from /opt/airflow/dags/dag_extract_dvizhenie.py
[2026-07-13T17:48:07.051+0000] {processor.py:925} INFO - DAG(s) 'dag_extract_dvizhenie' retrieved from /opt/airflow/dags/dag_extract_dvizhenie.py
[2026-07-13T17:48:07.063+0000] {logging_mixin.py:190} INFO - [2026-07-13T17:48:07.063+0000] {dag.py:3239} INFO - Sync 1 DAGs
[2026-07-13T17:48:07.076+0000] {processor.py:208} INFO - Processing /opt/airflow/dags/dag_extract_dvizhenie.py took 0.035 seconds
[2026-07-13T17:48:37.802+0000] {processor.py:186} INFO - Started process (PID=64944) to work on /opt/airflow/dags/dag_extract_dvizhenie.py
[2026-07-13T17:48:37.803+0000] {processor.py:914} INFO - Processing file /opt/airflow/dags/dag_extract_dvizhenie.py for tasks to queue
[2026-07-13T17:48:37.804+0000] {logging_mixin.py:190} INFO - [2026-07-13T17:48:37.804+0000] {dagbag.py:588} INFO - Filling up the DagBag from /opt/airflow/dags/dag_extract_dvizhenie.py
[2026-07-13T17:48:37.814+0000] {processor.py:925} INFO - DAG(s) 'dag_extract_dvizhenie' retrieved from /opt/airflow/dags/dag_extract_dvizhenie.py
[2026-07-13T17:48:37.855+0000] {logging_mixin.py:190} INFO - [2026-07-13T17:48:37.855+0000] {dag.py:3239} INFO - Sync 1 DAGs
[2026-07-13T17:48:37.893+0000] {processor.py:208} INFO - Processing /opt/airflow/dags/dag_extract_dvizhenie.py took 0.094 seconds
[2026-07-13T17:49:08.660+0000] {processor.py:186} INFO - Started process (PID=64964) to work on /opt/airflow/dags/dag_extract_dvizhenie.py
[2026-07-13T17:49:08.662+0000] {processor.py:914} INFO - Processing file /opt/airflow/dags/dag_extract_dvizhenie.py for tasks to queue
[2026-07-13T17:49:08.663+0000] {logging_mixin.py:190} INFO - [2026-07-13T17:49:08.663+0000] {dagbag.py:588} INFO - Filling up the DagBag from /opt/airflow/dags/dag_extract_dvizhenie.py
[2026-07-13T17:49:08.669+0000] {processor.py:925} INFO - DAG(s) 'dag_extract_dvizhenie' retrieved from /opt/airflow/dags/dag_extract_dvizhenie.py
[2026-07-13T17:49:08.686+0000] {logging_mixin.py:190} INFO - [2026-07-13T17:49:08.686+0000] {dag.py:3239} INFO - Sync 1 DAGs
[2026-07-13T17:49:08.709+0000] {processor.py:208} INFO - Processing /opt/airflow/dags/dag_extract_dvizhenie.py took 0.054 seconds
[2026-07-13T17:49:39.408+0000] {processor.py:186} INFO - Started process (PID=64984) to work on /opt/airflow/dags/dag_extract_dvizhenie.py
[2026-07-13T17:49:39.409+0000] {processor.py:914} INFO - Processing file /opt/airflow/dags/dag_extract_dvizhenie.py for tasks to queue
[2026-07-13T17:49:39.410+0000] {logging_mixin.py:190} INFO - [2026-07-13T17:49:39.410+0000] {dagbag.py:588} INFO - Filling up the DagBag from /opt/airflow/dags/dag_extract_dvizhenie.py
[2026-07-13T17:49:39.414+0000] {processor.py:925} INFO - DAG(s) 'dag_extract_dvizhenie' retrieved from /opt/airflow/dags/dag_extract_dvizhenie.py
[2026-07-13T17:49:39.424+0000] {logging_mixin.py:190} INFO - [2026-07-13T17:49:39.424+0000] {dag.py:3239} INFO - Sync 1 DAGs
[2026-07-13T17:49:39.436+0000] {processor.py:208} INFO - Processing /opt/airflow/dags/dag_extract_dvizhenie.py took 0.030 seconds
[2026-07-13T17:50:09.817+0000] {processor.py:186} INFO - Started process (PID=65002) to work on /opt/airflow/dags/dag_extract_dvizhenie.py
[2026-07-13T17:50:09.818+0000] {processor.py:914} INFO - Processing file /opt/airflow/dags/dag_extract_dvizhenie.py for tasks to queue
[2026-07-13T17:50:09.819+0000] {logging_mixin.py:190} INFO - [2026-07-13T17:50:09.819+0000] {dagbag.py:588} INFO - Filling up the DagBag from /opt/airflow/dags/dag_extract_dvizhenie.py
[2026-07-13T17:50:09.825+0000] {processor.py:925} INFO - DAG(s) 'dag_extract_dvizhenie' retrieved from /opt/airflow/dags/dag_extract_dvizhenie.py
[2026-07-13T17:50:09.835+0000] {logging_mixin.py:190} INFO - [2026-07-13T17:50:09.835+0000] {dag.py:3239} INFO - Sync 1 DAGs
[2026-07-13T17:50:09.856+0000] {processor.py:208} INFO - Processing /opt/airflow/dags/dag_extract_dvizhenie.py took 0.042 seconds
[2026-07-13T17:50:40.382+0000] {processor.py:186} INFO - Started process (PID=65024) to work on /opt/airflow/dags/dag_extract_dvizhenie.py
[2026-07-13T17:50:40.385+0000] {processor.py:914} INFO - Processing file /opt/airflow/dags/dag_extract_dvizhenie.py for tasks to queue
[2026-07-13T17:50:40.386+0000] {logging_mixin.py:190} INFO - [2026-07-13T17:50:40.386+0000] {dagbag.py:588} INFO - Filling up the DagBag from /opt/airflow/dags/dag_extract_dvizhenie.py
[2026-07-13T17:50:40.391+0000] {processor.py:925} INFO - DAG(s) 'dag_extract_dvizhenie' retrieved from /opt/airflow/dags/dag_extract_dvizhenie.py
[2026-07-13T17:50:40.402+0000] {logging_mixin.py:190} INFO - [2026-07-13T17:50:40.402+0000] {dag.py:3239} INFO - Sync 1 DAGs
[2026-07-13T17:50:40.416+0000] {processor.py:208} INFO - Processing /opt/airflow/dags/dag_extract_dvizhenie.py took 0.039 seconds
[2026-07-13T17:51:10.870+0000] {processor.py:186} INFO - Started process (PID=65044) to work on /opt/airflow/dags/dag_extract_dvizhenie.py
[2026-07-13T17:51:10.870+0000] {processor.py:914} INFO - Processing file /opt/airflow/dags/dag_extract_dvizhenie.py for tasks to queue
[2026-07-13T17:51:10.871+0000] {logging_mixin.py:190} INFO - [2026-07-13T17:51:10.871+0000] {dagbag.py:588} INFO - Filling up the DagBag from /opt/airflow/dags/dag_extract_dvizhenie.py
[2026-07-13T17:51:10.876+0000] {processor.py:925} INFO - DAG(s) 'dag_extract_dvizhenie' retrieved from /opt/airflow/dags/dag_extract_dvizhenie.py
[2026-07-13T17:51:10.890+0000] {logging_mixin.py:190} INFO - [2026-07-13T17:51:10.889+0000] {dag.py:3239} INFO - Sync 1 DAGs
[2026-07-13T17:51:10.902+0000] {processor.py:208} INFO - Processing /opt/airflow/dags/dag_extract_dvizhenie.py took 0.036 seconds
[2026-07-13T17:51:41.327+0000] {processor.py:186} INFO - Started process (PID=65073) to work on /opt/airflow/dags/dag_extract_dvizhenie.py
[2026-07-13T17:51:41.327+0000] {processor.py:914} INFO - Processing file /opt/airflow/dags/dag_extract_dvizhenie.py for tasks to queue
[2026-07-13T17:51:41.328+0000] {logging_mixin.py:190} INFO - [2026-07-13T17:51:41.328+0000] {dagbag.py:588} INFO - Filling up the DagBag from /opt/airflow/dags/dag_extract_dvizhenie.py
[2026-07-13T17:51:41.333+0000] {processor.py:925} INFO - DAG(s) 'dag_extract_dvizhenie' retrieved from /opt/airflow/dags/dag_extract_dvizhenie.py
[2026-07-13T17:51:41.344+0000] {logging_mixin.py:190} INFO - [2026-07-13T17:51:41.344+0000] {dag.py:3239} INFO - Sync 1 DAGs
[2026-07-13T17:51:41.355+0000] {processor.py:208} INFO - Processing /opt/airflow/dags/dag_extract_dvizhenie.py took 0.031 seconds
[2026-07-13T17:52:11.857+0000] {processor.py:186} INFO - Started process (PID=65093) to work on /opt/airflow/dags/dag_extract_dvizhenie.py
[2026-07-13T17:52:11.858+0000] {processor.py:914} INFO - Processing file /opt/airflow/dags/dag_extract_dvizhenie.py for tasks to queue
[2026-07-13T17:52:11.859+0000] {logging_mixin.py:190} INFO - [2026-07-13T17:52:11.859+0000] {dagbag.py:588} INFO - Filling up the DagBag from /opt/airflow/dags/dag_extract_dvizhenie.py
[2026-07-13T17:52:11.865+0000] {processor.py:925} INFO - DAG(s) 'dag_extract_dvizhenie' retrieved from /opt/airflow/dags/dag_extract_dvizhenie.py
[2026-07-13T17:52:11.879+0000] {logging_mixin.py:190} INFO - [2026-07-13T17:52:11.879+0000] {dag.py:3239} INFO - Sync 1 DAGs
[2026-07-13T17:52:11.895+0000] {processor.py:208} INFO - Processing /opt/airflow/dags/dag_extract_dvizhenie.py took 0.042 seconds
[2026-07-13T17:52:42.437+0000] {processor.py:186} INFO - Started process (PID=65113) to work on /opt/airflow/dags/dag_extract_dvizhenie.py
[2026-07-13T17:52:42.438+0000] {processor.py:914} INFO - Processing file /opt/airflow/dags/dag_extract_dvizhenie.py for tasks to queue
[2026-07-13T17:52:42.439+0000] {logging_mixin.py:190} INFO - [2026-07-13T17:52:42.439+0000] {dagbag.py:588} INFO - Filling up the DagBag from /opt/airflow/dags/dag_extract_dvizhenie.py
[2026-07-13T17:52:42.445+0000] {processor.py:925} INFO - DAG(s) 'dag_extract_dvizhenie' retrieved from /opt/airflow/dags/dag_extract_dvizhenie.py
[2026-07-13T17:52:42.461+0000] {logging_mixin.py:190} INFO - [2026-07-13T17:52:42.461+0000] {dag.py:3239} INFO - Sync 1 DAGs
[2026-07-13T17:52:42.473+0000] {processor.py:208} INFO - Processing /opt/airflow/dags/dag_extract_dvizhenie.py took 0.039 seconds
[2026-07-13T17:53:12.940+0000] {processor.py:186} INFO - Started process (PID=65133) to work on /opt/airflow/dags/dag_extract_dvizhenie.py
[2026-07-13T17:53:12.941+0000] {processor.py:914} INFO - Processing file /opt/airflow/dags/dag_extract_dvizhenie.py for tasks to queue
[2026-07-13T17:53:12.942+0000] {logging_mixin.py:190} INFO - [2026-07-13T17:53:12.942+0000] {dagbag.py:588} INFO - Filling up the DagBag from /opt/airflow/dags/dag_extract_dvizhenie.py
[2026-07-13T17:53:12.946+0000] {processor.py:925} INFO - DAG(s) 'dag_extract_dvizhenie' retrieved from /opt/airflow/dags/dag_extract_dvizhenie.py
[2026-07-13T17:53:12.958+0000] {logging_mixin.py:190} INFO - [2026-07-13T17:53:12.957+0000] {dag.py:3239} INFO - Sync 1 DAGs
[2026-07-13T17:53:12.970+0000] {processor.py:208} INFO - Processing /opt/airflow/dags/dag_extract_dvizhenie.py took 0.033 seconds
[2026-07-13T17:53:43.540+0000] {processor.py:186} INFO - Started process (PID=65153) to work on /opt/airflow/dags/dag_extract_dvizhenie.py
[2026-07-13T17:53:43.540+0000] {processor.py:914} INFO - Processing file /opt/airflow/dags/dag_extract_dvizhenie.py for tasks to queue
[2026-07-13T17:53:43.542+0000] {logging_mixin.py:190} INFO - [2026-07-13T17:53:43.542+0000] {dagbag.py:588} INFO - Filling up the DagBag from /opt/airflow/dags/dag_extract_dvizhenie.py
[2026-07-13T17:53:43.547+0000] {processor.py:925} INFO - DAG(s) 'dag_extract_dvizhenie' retrieved from /opt/airflow/dags/dag_extract_dvizhenie.py
[2026-07-13T17:53:43.559+0000] {logging_mixin.py:190} INFO - [2026-07-13T17:53:43.559+0000] {dag.py:3239} INFO - Sync 1 DAGs
[2026-07-13T17:53:43.572+0000] {processor.py:208} INFO - Processing /opt/airflow/dags/dag_extract_dvizhenie.py took 0.037 seconds
[2026-07-13T17:54:14.059+0000] {processor.py:186} INFO - Started process (PID=65173) to work on /opt/airflow/dags/dag_extract_dvizhenie.py
[2026-07-13T17:54:14.060+0000] {processor.py:914} INFO - Processing file /opt/airflow/dags/dag_extract_dvizhenie.py for tasks to queue
[2026-07-13T17:54:14.061+0000] {logging_mixin.py:190} INFO - [2026-07-13T17:54:14.061+0000] {dagbag.py:588} INFO - Filling up the DagBag from /opt/airflow/dags/dag_extract_dvizhenie.py
[2026-07-13T17:54:14.066+0000] {processor.py:925} INFO - DAG(s) 'dag_extract_dvizhenie' retrieved from /opt/airflow/dags/dag_extract_dvizhenie.py
[2026-07-13T17:54:14.077+0000] {logging_mixin.py:190} INFO - [2026-07-13T17:54:14.077+0000] {dag.py:3239} INFO - Sync 1 DAGs
[2026-07-13T17:54:14.090+0000] {processor.py:208} INFO - Processing /opt/airflow/dags/dag_extract_dvizhenie.py took 0.034 seconds
[2026-07-13T17:54:44.467+0000] {processor.py:186} INFO - Started process (PID=65193) to work on /opt/airflow/dags/dag_extract_dvizhenie.py
[2026-07-13T17:54:44.468+0000] {processor.py:914} INFO - Processing file /opt/airflow/dags/dag_extract_dvizhenie.py for tasks to queue
[2026-07-13T17:54:44.470+0000] {logging_mixin.py:190} INFO - [2026-07-13T17:54:44.470+0000] {dagbag.py:588} INFO - Filling up the DagBag from /opt/airflow/dags/dag_extract_dvizhenie.py
[2026-07-13T17:54:44.475+0000] {processor.py:925} INFO - DAG(s) 'dag_extract_dvizhenie' retrieved from /opt/airflow/dags/dag_extract_dvizhenie.py
[2026-07-13T17:54:44.489+0000] {logging_mixin.py:190} INFO - [2026-07-13T17:54:44.489+0000] {dag.py:3239} INFO - Sync 1 DAGs
[2026-07-13T17:54:44.504+0000] {processor.py:208} INFO - Processing /opt/airflow/dags/dag_extract_dvizhenie.py took 0.040 seconds
[2026-07-13T17:55:14.936+0000] {processor.py:186} INFO - Started process (PID=65211) to work on /opt/airflow/dags/dag_extract_dvizhenie.py
[2026-07-13T17:55:14.937+0000] {processor.py:914} INFO - Processing file /opt/airflow/dags/dag_extract_dvizhenie.py for tasks to queue
[2026-07-13T17:55:14.939+0000] {logging_mixin.py:190} INFO - [2026-07-13T17:55:14.939+0000] {dagbag.py:588} INFO - Filling up the DagBag from /opt/airflow/dags/dag_extract_dvizhenie.py
[2026-07-13T17:55:14.945+0000] {processor.py:925} INFO - DAG(s) 'dag_extract_dvizhenie' retrieved from /opt/airflow/dags/dag_extract_dvizhenie.py
[2026-07-13T17:55:14.964+0000] {logging_mixin.py:190} INFO - [2026-07-13T17:55:14.964+0000] {dag.py:3239} INFO - Sync 1 DAGs
[2026-07-13T17:55:14.980+0000] {processor.py:208} INFO - Processing /opt/airflow/dags/dag_extract_dvizhenie.py took 0.046 seconds
[2026-07-13T17:55:45.453+0000] {processor.py:186} INFO - Started process (PID=65233) to work on /opt/airflow/dags/dag_extract_dvizhenie.py
[2026-07-13T17:55:45.454+0000] {processor.py:914} INFO - Processing file /opt/airflow/dags/dag_extract_dvizhenie.py for tasks to queue
[2026-07-13T17:55:45.455+0000] {logging_mixin.py:190} INFO - [2026-07-13T17:55:45.455+0000] {dagbag.py:588} INFO - Filling up the DagBag from /opt/airflow/dags/dag_extract_dvizhenie.py
[2026-07-13T17:55:45.461+0000] {processor.py:925} INFO - DAG(s) 'dag_extract_dvizhenie' retrieved from /opt/airflow/dags/dag_extract_dvizhenie.py
[2026-07-13T17:55:45.473+0000] {logging_mixin.py:190} INFO - [2026-07-13T17:55:45.473+0000] {dag.py:3239} INFO - Sync 1 DAGs
[2026-07-13T17:55:45.485+0000] {processor.py:208} INFO - Processing /opt/airflow/dags/dag_extract_dvizhenie.py took 0.035 seconds
[2026-07-13T17:56:15.981+0000] {processor.py:186} INFO - Started process (PID=65251) to work on /opt/airflow/dags/dag_extract_dvizhenie.py
[2026-07-13T17:56:15.982+0000] {processor.py:914} INFO - Processing file /opt/airflow/dags/dag_extract_dvizhenie.py for tasks to queue
[2026-07-13T17:56:15.984+0000] {logging_mixin.py:190} INFO - [2026-07-13T17:56:15.983+0000] {dagbag.py:588} INFO - Filling up the DagBag from /opt/airflow/dags/dag_extract_dvizhenie.py
[2026-07-13T17:56:15.990+0000] {processor.py:925} INFO - DAG(s) 'dag_extract_dvizhenie' retrieved from /opt/airflow/dags/dag_extract_dvizhenie.py
[2026-07-13T17:56:16.005+0000] {logging_mixin.py:190} INFO - [2026-07-13T17:56:16.005+0000] {dag.py:3239} INFO - Sync 1 DAGs
[2026-07-13T17:56:16.019+0000] {processor.py:208} INFO - Processing /opt/airflow/dags/dag_extract_dvizhenie.py took 0.053 seconds
[2026-07-13T17:56:46.526+0000] {processor.py:186} INFO - Started process (PID=65297) to work on /opt/airflow/dags/dag_extract_dvizhenie.py
[2026-07-13T17:56:46.527+0000] {processor.py:914} INFO - Processing file /opt/airflow/dags/dag_extract_dvizhenie.py for tasks to queue
[2026-07-13T17:56:46.528+0000] {logging_mixin.py:190} INFO - [2026-07-13T17:56:46.528+0000] {dagbag.py:588} INFO - Filling up the DagBag from /opt/airflow/dags/dag_extract_dvizhenie.py
[2026-07-13T17:56:46.533+0000] {processor.py:925} INFO - DAG(s) 'dag_extract_dvizhenie' retrieved from /opt/airflow/dags/dag_extract_dvizhenie.py
[2026-07-13T17:56:46.543+0000] {logging_mixin.py:190} INFO - [2026-07-13T17:56:46.543+0000] {dag.py:3239} INFO - Sync 1 DAGs
[2026-07-13T17:56:46.555+0000] {processor.py:208} INFO - Processing /opt/airflow/dags/dag_extract_dvizhenie.py took 0.031 seconds
[2026-07-13T17:57:16.942+0000] {processor.py:186} INFO - Started process (PID=65317) to work on /opt/airflow/dags/dag_extract_dvizhenie.py
[2026-07-13T17:57:16.942+0000] {processor.py:914} INFO - Processing file /opt/airflow/dags/dag_extract_dvizhenie.py for tasks to queue
[2026-07-13T17:57:16.943+0000] {logging_mixin.py:190} INFO - [2026-07-13T17:57:16.943+0000] {dagbag.py:588} INFO - Filling up the DagBag from /opt/airflow/dags/dag_extract_dvizhenie.py
[2026-07-13T17:57:16.948+0000] {processor.py:925} INFO - DAG(s) 'dag_extract_dvizhenie' retrieved from /opt/airflow/dags/dag_extract_dvizhenie.py
[2026-07-13T17:57:16.958+0000] {logging_mixin.py:190} INFO - [2026-07-13T17:57:16.958+0000] {dag.py:3239} INFO - Sync 1 DAGs
[2026-07-13T17:57:16.970+0000] {processor.py:208} INFO - Processing /opt/airflow/dags/dag_extract_dvizhenie.py took 0.031 seconds
[2026-07-13T17:57:47.376+0000] {processor.py:186} INFO - Started process (PID=65335) to work on /opt/airflow/dags/dag_extract_dvizhenie.py
[2026-07-13T17:57:47.376+0000] {processor.py:914} INFO - Processing file /opt/airflow/dags/dag_extract_dvizhenie.py for tasks to queue
[2026-07-13T17:57:47.378+0000] {logging_mixin.py:190} INFO - [2026-07-13T17:57:47.377+0000] {dagbag.py:588} INFO - Filling up the DagBag from /opt/airflow/dags/dag_extract_dvizhenie.py
[2026-07-13T17:57:47.385+0000] {processor.py:925} INFO - DAG(s) 'dag_extract_dvizhenie' retrieved from /opt/airflow/dags/dag_extract_dvizhenie.py
[2026-07-13T17:57:47.398+0000] {logging_mixin.py:190} INFO - [2026-07-13T17:57:47.398+0000] {dag.py:3239} INFO - Sync 1 DAGs
[2026-07-13T17:57:47.494+0000] {processor.py:208} INFO - Processing /opt/airflow/dags/dag_extract_dvizhenie.py took 0.122 seconds
[2026-07-13T17:58:17.930+0000] {processor.py:186} INFO - Started process (PID=65357) to work on /opt/airflow/dags/dag_extract_dvizhenie.py
[2026-07-13T17:58:17.931+0000] {processor.py:914} INFO - Processing file /opt/airflow/dags/dag_extract_dvizhenie.py for tasks to queue
[2026-07-13T17:58:17.932+0000] {logging_mixin.py:190} INFO - [2026-07-13T17:58:17.932+0000] {dagbag.py:588} INFO - Filling up the DagBag from /opt/airflow/dags/dag_extract_dvizhenie.py
[2026-07-13T17:58:17.937+0000] {processor.py:925} INFO - DAG(s) 'dag_extract_dvizhenie' retrieved from /opt/airflow/dags/dag_extract_dvizhenie.py
[2026-07-13T17:58:17.948+0000] {logging_mixin.py:190} INFO - [2026-07-13T17:58:17.948+0000] {dag.py:3239} INFO - Sync 1 DAGs
[2026-07-13T17:58:17.961+0000] {processor.py:208} INFO - Processing /opt/airflow/dags/dag_extract_dvizhenie.py took 0.034 seconds
[2026-07-13T17:58:48.546+0000] {processor.py:186} INFO - Started process (PID=65392) to work on /opt/airflow/dags/dag_extract_dvizhenie.py
[2026-07-13T17:58:48.546+0000] {processor.py:914} INFO - Processing file /opt/airflow/dags/dag_extract_dvizhenie.py for tasks to queue
[2026-07-13T17:58:48.547+0000] {logging_mixin.py:190} INFO - [2026-07-13T17:58:48.547+0000] {dagbag.py:588} INFO - Filling up the DagBag from /opt/airflow/dags/dag_extract_dvizhenie.py
[2026-07-13T17:58:48.552+0000] {processor.py:925} INFO - DAG(s) 'dag_extract_dvizhenie' retrieved from /opt/airflow/dags/dag_extract_dvizhenie.py
[2026-07-13T17:58:48.563+0000] {logging_mixin.py:190} INFO - [2026-07-13T17:58:48.562+0000] {dag.py:3239} INFO - Sync 1 DAGs
[2026-07-13T17:58:48.574+0000] {processor.py:208} INFO - Processing /opt/airflow/dags/dag_extract_dvizhenie.py took 0.031 seconds
[2026-07-13T17:59:19.092+0000] {processor.py:186} INFO - Started process (PID=65410) to work on /opt/airflow/dags/dag_extract_dvizhenie.py
[2026-07-13T17:59:19.093+0000] {processor.py:914} INFO - Processing file /opt/airflow/dags/dag_extract_dvizhenie.py for tasks to queue
[2026-07-13T17:59:19.095+0000] {logging_mixin.py:190} INFO - [2026-07-13T17:59:19.095+0000] {dagbag.py:588} INFO - Filling up the DagBag from /opt/airflow/dags/dag_extract_dvizhenie.py
[2026-07-13T17:59:19.107+0000] {processor.py:925} INFO - DAG(s) 'dag_extract_dvizhenie' retrieved from /opt/airflow/dags/dag_extract_dvizhenie.py
[2026-07-13T17:59:19.123+0000] {logging_mixin.py:190} INFO - [2026-07-13T17:59:19.123+0000] {dag.py:3239} INFO - Sync 1 DAGs
[2026-07-13T17:59:19.233+0000] {processor.py:208} INFO - Processing /opt/airflow/dags/dag_extract_dvizhenie.py took 0.144 seconds
[2026-07-13T17:59:49.637+0000] {processor.py:186} INFO - Started process (PID=65432) to work on /opt/airflow/dags/dag_extract_dvizhenie.py
[2026-07-13T17:59:49.637+0000] {processor.py:914} INFO - Processing file /opt/airflow/dags/dag_extract_dvizhenie.py for tasks to queue
[2026-07-13T17:59:49.638+0000] {logging_mixin.py:190} INFO - [2026-07-13T17:59:49.638+0000] {dagbag.py:588} INFO - Filling up the DagBag from /opt/airflow/dags/dag_extract_dvizhenie.py
[2026-07-13T17:59:49.643+0000] {processor.py:925} INFO - DAG(s) 'dag_extract_dvizhenie' retrieved from /opt/airflow/dags/dag_extract_dvizhenie.py
[2026-07-13T17:59:49.653+0000] {logging_mixin.py:190} INFO - [2026-07-13T17:59:49.653+0000] {dag.py:3239} INFO - Sync 1 DAGs
[2026-07-13T17:59:49.665+0000] {processor.py:208} INFO - Processing /opt/airflow/dags/dag_extract_dvizhenie.py took 0.031 seconds
[2026-07-13T18:00:20.171+0000] {processor.py:186} INFO - Started process (PID=65452) to work on /opt/airflow/dags/dag_extract_dvizhenie.py
[2026-07-13T18:00:20.172+0000] {processor.py:914} INFO - Processing file /opt/airflow/dags/dag_extract_dvizhenie.py for tasks to queue
[2026-07-13T18:00:20.172+0000] {logging_mixin.py:190} INFO - [2026-07-13T18:00:20.172+0000] {dagbag.py:588} INFO - Filling up the DagBag from /opt/airflow/dags/dag_extract_dvizhenie.py
[2026-07-13T18:00:20.178+0000] {processor.py:925} INFO - DAG(s) 'dag_extract_dvizhenie' retrieved from /opt/airflow/dags/dag_extract_dvizhenie.py
[2026-07-13T18:00:20.246+0000] {logging_mixin.py:190} INFO - [2026-07-13T18:00:20.246+0000] {dag.py:3239} INFO - Sync 1 DAGs
[2026-07-13T18:00:20.255+0000] {processor.py:208} INFO - Processing /opt/airflow/dags/dag_extract_dvizhenie.py took 0.087 seconds
[2026-07-13T18:00:50.835+0000] {processor.py:186} INFO - Started process (PID=65472) to work on /opt/airflow/dags/dag_extract_dvizhenie.py
[2026-07-13T18:00:50.836+0000] {processor.py:914} INFO - Processing file /opt/airflow/dags/dag_extract_dvizhenie.py for tasks to queue
[2026-07-13T18:00:50.837+0000] {logging_mixin.py:190} INFO - [2026-07-13T18:00:50.837+0000] {dagbag.py:588} INFO - Filling up the DagBag from /opt/airflow/dags/dag_extract_dvizhenie.py
[2026-07-13T18:00:50.841+0000] {processor.py:925} INFO - DAG(s) 'dag_extract_dvizhenie' retrieved from /opt/airflow/dags/dag_extract_dvizhenie.py
[2026-07-13T18:00:50.851+0000] {logging_mixin.py:190} INFO - [2026-07-13T18:00:50.851+0000] {dag.py:3239} INFO - Sync 1 DAGs
[2026-07-13T18:00:50.863+0000] {processor.py:208} INFO - Processing /opt/airflow/dags/dag_extract_dvizhenie.py took 0.030 seconds
[2026-07-13T18:01:21.392+0000] {processor.py:186} INFO - Started process (PID=65492) to work on /opt/airflow/dags/dag_extract_dvizhenie.py
[2026-07-13T18:01:21.392+0000] {processor.py:914} INFO - Processing file /opt/airflow/dags/dag_extract_dvizhenie.py for tasks to queue
[2026-07-13T18:01:21.393+0000] {logging_mixin.py:190} INFO - [2026-07-13T18:01:21.393+0000] {dagbag.py:588} INFO - Filling up the DagBag from /opt/airflow/dags/dag_extract_dvizhenie.py
[2026-07-13T18:01:21.398+0000] {processor.py:925} INFO - DAG(s) 'dag_extract_dvizhenie' retrieved from /opt/airflow/dags/dag_extract_dvizhenie.py
[2026-07-13T18:01:21.409+0000] {logging_mixin.py:190} INFO - [2026-07-13T18:01:21.408+0000] {dag.py:3239} INFO - Sync 1 DAGs
[2026-07-13T18:01:21.421+0000] {processor.py:208} INFO - Processing /opt/airflow/dags/dag_extract_dvizhenie.py took 0.033 seconds
[2026-07-13T18:01:52.012+0000] {processor.py:186} INFO - Started process (PID=65512) to work on /opt/airflow/dags/dag_extract_dvizhenie.py
[2026-07-13T18:01:52.013+0000] {processor.py:914} INFO - Processing file /opt/airflow/dags/dag_extract_dvizhenie.py for tasks to queue
[2026-07-13T18:01:52.014+0000] {logging_mixin.py:190} INFO - [2026-07-13T18:01:52.014+0000] {dagbag.py:588} INFO - Filling up the DagBag from /opt/airflow/dags/dag_extract_dvizhenie.py
[2026-07-13T18:01:52.020+0000] {processor.py:925} INFO - DAG(s) 'dag_extract_dvizhenie' retrieved from /opt/airflow/dags/dag_extract_dvizhenie.py
[2026-07-13T18:01:52.034+0000] {logging_mixin.py:190} INFO - [2026-07-13T18:01:52.034+0000] {dag.py:3239} INFO - Sync 1 DAGs
[2026-07-13T18:01:52.049+0000] {processor.py:208} INFO - Processing /opt/airflow/dags/dag_extract_dvizhenie.py took 0.041 seconds
[2026-07-13T18:02:22.462+0000] {processor.py:186} INFO - Started process (PID=65532) to work on /opt/airflow/dags/dag_extract_dvizhenie.py
[2026-07-13T18:02:22.463+0000] {processor.py:914} INFO - Processing file /opt/airflow/dags/dag_extract_dvizhenie.py for tasks to queue
[2026-07-13T18:02:22.464+0000] {logging_mixin.py:190} INFO - [2026-07-13T18:02:22.464+0000] {dagbag.py:588} INFO - Filling up the DagBag from /opt/airflow/dags/dag_extract_dvizhenie.py
[2026-07-13T18:02:22.469+0000] {processor.py:925} INFO - DAG(s) 'dag_extract_dvizhenie' retrieved from /opt/airflow/dags/dag_extract_dvizhenie.py
[2026-07-13T18:02:22.479+0000] {logging_mixin.py:190} INFO - [2026-07-13T18:02:22.479+0000] {dag.py:3239} INFO - Sync 1 DAGs
[2026-07-13T18:02:22.490+0000] {processor.py:208} INFO - Processing /opt/airflow/dags/dag_extract_dvizhenie.py took 0.030 seconds
[2026-07-13T18:02:53.053+0000] {processor.py:186} INFO - Started process (PID=65552) to work on /opt/airflow/dags/dag_extract_dvizhenie.py
[2026-07-13T18:02:53.053+0000] {processor.py:914} INFO - Processing file /opt/airflow/dags/dag_extract_dvizhenie.py for tasks to queue
[2026-07-13T18:02:53.054+0000] {logging_mixin.py:190} INFO - [2026-07-13T18:02:53.054+0000] {dagbag.py:588} INFO - Filling up the DagBag from /opt/airflow/dags/dag_extract_dvizhenie.py
[2026-07-13T18:02:53.059+0000] {processor.py:925} INFO - DAG(s) 'dag_extract_dvizhenie' retrieved from /opt/airflow/dags/dag_extract_dvizhenie.py
[2026-07-13T18:02:53.069+0000] {logging_mixin.py:190} INFO - [2026-07-13T18:02:53.069+0000] {dag.py:3239} INFO - Sync 1 DAGs
[2026-07-13T18:02:53.080+0000] {processor.py:208} INFO - Processing /opt/airflow/dags/dag_extract_dvizhenie.py took 0.031 seconds
[2026-07-13T18:03:23.632+0000] {processor.py:186} INFO - Started process (PID=65572) to work on /opt/airflow/dags/dag_extract_dvizhenie.py
[2026-07-13T18:03:23.633+0000] {processor.py:914} INFO - Processing file /opt/airflow/dags/dag_extract_dvizhenie.py for tasks to queue
[2026-07-13T18:03:23.634+0000] {logging_mixin.py:190} INFO - [2026-07-13T18:03:23.634+0000] {dagbag.py:588} INFO - Filling up the DagBag from /opt/airflow/dags/dag_extract_dvizhenie.py
[2026-07-13T18:03:23.639+0000] {processor.py:925} INFO - DAG(s) 'dag_extract_dvizhenie' retrieved from /opt/airflow/dags/dag_extract_dvizhenie.py
[2026-07-13T18:03:23.649+0000] {logging_mixin.py:190} INFO - [2026-07-13T18:03:23.649+0000] {dag.py:3239} INFO - Sync 1 DAGs
[2026-07-13T18:03:23.660+0000] {processor.py:208} INFO - Processing /opt/airflow/dags/dag_extract_dvizhenie.py took 0.030 seconds
[2026-07-13T18:03:54.082+0000] {processor.py:186} INFO - Started process (PID=65592) to work on /opt/airflow/dags/dag_extract_dvizhenie.py
[2026-07-13T18:03:54.083+0000] {processor.py:914} INFO - Processing file /opt/airflow/dags/dag_extract_dvizhenie.py for tasks to queue
[2026-07-13T18:03:54.084+0000] {logging_mixin.py:190} INFO - [2026-07-13T18:03:54.084+0000] {dagbag.py:588} INFO - Filling up the DagBag from /opt/airflow/dags/dag_extract_dvizhenie.py
[2026-07-13T18:03:54.088+0000] {processor.py:925} INFO - DAG(s) 'dag_extract_dvizhenie' retrieved from /opt/airflow/dags/dag_extract_dvizhenie.py
[2026-07-13T18:03:54.099+0000] {logging_mixin.py:190} INFO - [2026-07-13T18:03:54.099+0000] {dag.py:3239} INFO - Sync 1 DAGs
[2026-07-13T18:03:54.110+0000] {processor.py:208} INFO - Processing /opt/airflow/dags/dag_extract_dvizhenie.py took 0.031 seconds
[2026-07-13T18:04:24.511+0000] {processor.py:186} INFO - Started process (PID=65612) to work on /opt/airflow/dags/dag_extract_dvizhenie.py
[2026-07-13T18:04:24.511+0000] {processor.py:914} INFO - Processing file /opt/airflow/dags/dag_extract_dvizhenie.py for tasks to queue
[2026-07-13T18:04:24.512+0000] {logging_mixin.py:190} INFO - [2026-07-13T18:04:24.512+0000] {dagbag.py:588} INFO - Filling up the DagBag from /opt/airflow/dags/dag_extract_dvizhenie.py
[2026-07-13T18:04:24.517+0000] {processor.py:925} INFO - DAG(s) 'dag_extract_dvizhenie' retrieved from /opt/airflow/dags/dag_extract_dvizhenie.py
[2026-07-13T18:04:24.528+0000] {logging_mixin.py:190} INFO - [2026-07-13T18:04:24.528+0000] {dag.py:3239} INFO - Sync 1 DAGs
[2026-07-13T18:04:24.542+0000] {processor.py:208} INFO - Processing /opt/airflow/dags/dag_extract_dvizhenie.py took 0.033 seconds
[2026-07-13T18:04:55.030+0000] {processor.py:186} INFO - Started process (PID=65632) to work on /opt/airflow/dags/dag_extract_dvizhenie.py
[2026-07-13T18:04:55.031+0000] {processor.py:914} INFO - Processing file /opt/airflow/dags/dag_extract_dvizhenie.py for tasks to queue
[2026-07-13T18:04:55.032+0000] {logging_mixin.py:190} INFO - [2026-07-13T18:04:55.032+0000] {dagbag.py:588} INFO - Filling up the DagBag from /opt/airflow/dags/dag_extract_dvizhenie.py
[2026-07-13T18:04:55.037+0000] {processor.py:925} INFO - DAG(s) 'dag_extract_dvizhenie' retrieved from /opt/airflow/dags/dag_extract_dvizhenie.py
[2026-07-13T18:04:55.049+0000] {logging_mixin.py:190} INFO - [2026-07-13T18:04:55.049+0000] {dag.py:3239} INFO - Sync 1 DAGs
[2026-07-13T18:04:55.061+0000] {processor.py:208} INFO - Processing /opt/airflow/dags/dag_extract_dvizhenie.py took 0.034 seconds
[2026-07-13T18:05:25.522+0000] {processor.py:186} INFO - Started process (PID=65652) to work on /opt/airflow/dags/dag_extract_dvizhenie.py
[2026-07-13T18:05:25.522+0000] {processor.py:914} INFO - Processing file /opt/airflow/dags/dag_extract_dvizhenie.py for tasks to queue
[2026-07-13T18:05:25.523+0000] {logging_mixin.py:190} INFO - [2026-07-13T18:05:25.523+0000] {dagbag.py:588} INFO - Filling up the DagBag from /opt/airflow/dags/dag_extract_dvizhenie.py
[2026-07-13T18:05:25.529+0000] {processor.py:925} INFO - DAG(s) 'dag_extract_dvizhenie' retrieved from /opt/airflow/dags/dag_extract_dvizhenie.py
[2026-07-13T18:05:25.541+0000] {logging_mixin.py:190} INFO - [2026-07-13T18:05:25.541+0000] {dag.py:3239} INFO - Sync 1 DAGs
[2026-07-13T18:05:25.555+0000] {processor.py:208} INFO - Processing /opt/airflow/dags/dag_extract_dvizhenie.py took 0.037 seconds
[2026-07-13T18:05:56.061+0000] {processor.py:186} INFO - Started process (PID=65672) to work on /opt/airflow/dags/dag_extract_dvizhenie.py
[2026-07-13T18:05:56.062+0000] {processor.py:914} INFO - Processing file /opt/airflow/dags/dag_extract_dvizhenie.py for tasks to queue
[2026-07-13T18:05:56.063+0000] {logging_mixin.py:190} INFO - [2026-07-13T18:05:56.063+0000] {dagbag.py:588} INFO - Filling up the DagBag from /opt/airflow/dags/dag_extract_dvizhenie.py
[2026-07-13T18:05:56.068+0000] {processor.py:925} INFO - DAG(s) 'dag_extract_dvizhenie' retrieved from /opt/airflow/dags/dag_extract_dvizhenie.py
[2026-07-13T18:05:56.078+0000] {logging_mixin.py:190} INFO - [2026-07-13T18:05:56.078+0000] {dag.py:3239} INFO - Sync 1 DAGs
[2026-07-13T18:05:56.091+0000] {processor.py:208} INFO - Processing /opt/airflow/dags/dag_extract_dvizhenie.py took 0.033 seconds
[2026-07-13T18:06:26.560+0000] {processor.py:186} INFO - Started process (PID=65692) to work on /opt/airflow/dags/dag_extract_dvizhenie.py
[2026-07-13T18:06:26.561+0000] {processor.py:914} INFO - Processing file /opt/airflow/dags/dag_extract_dvizhenie.py for tasks to queue
[2026-07-13T18:06:26.561+0000] {logging_mixin.py:190} INFO - [2026-07-13T18:06:26.561+0000] {dagbag.py:588} INFO - Filling up the DagBag from /opt/airflow/dags/dag_extract_dvizhenie.py
[2026-07-13T18:06:26.568+0000] {processor.py:925} INFO - DAG(s) 'dag_extract_dvizhenie' retrieved from /opt/airflow/dags/dag_extract_dvizhenie.py
[2026-07-13T18:06:26.583+0000] {logging_mixin.py:190} INFO - [2026-07-13T18:06:26.583+0000] {dag.py:3239} INFO - Sync 1 DAGs
[2026-07-13T18:06:26.598+0000] {processor.py:208} INFO - Processing /opt/airflow/dags/dag_extract_dvizhenie.py took 0.042 seconds
[2026-07-13T18:06:57.057+0000] {processor.py:186} INFO - Started process (PID=65712) to work on /opt/airflow/dags/dag_extract_dvizhenie.py
[2026-07-13T18:06:57.057+0000] {processor.py:914} INFO - Processing file /opt/airflow/dags/dag_extract_dvizhenie.py for tasks to queue
[2026-07-13T18:06:57.058+0000] {logging_mixin.py:190} INFO - [2026-07-13T18:06:57.058+0000] {dagbag.py:588} INFO - Filling up the DagBag from /opt/airflow/dags/dag_extract_dvizhenie.py
[2026-07-13T18:06:57.062+0000] {processor.py:925} INFO - DAG(s) 'dag_extract_dvizhenie' retrieved from /opt/airflow/dags/dag_extract_dvizhenie.py
[2026-07-13T18:06:57.072+0000] {logging_mixin.py:190} INFO - [2026-07-13T18:06:57.072+0000] {dag.py:3239} INFO - Sync 1 DAGs
[2026-07-13T18:06:57.083+0000] {processor.py:208} INFO - Processing /opt/airflow/dags/dag_extract_dvizhenie.py took 0.030 seconds
[2026-07-13T18:07:27.545+0000] {processor.py:186} INFO - Started process (PID=65732) to work on /opt/airflow/dags/dag_extract_dvizhenie.py
[2026-07-13T18:07:27.547+0000] {processor.py:914} INFO - Processing file /opt/airflow/dags/dag_extract_dvizhenie.py for tasks to queue
[2026-07-13T18:07:27.549+0000] {logging_mixin.py:190} INFO - [2026-07-13T18:07:27.549+0000] {dagbag.py:588} INFO - Filling up the DagBag from /opt/airflow/dags/dag_extract_dvizhenie.py
[2026-07-13T18:07:27.555+0000] {processor.py:925} INFO - DAG(s) 'dag_extract_dvizhenie' retrieved from /opt/airflow/dags/dag_extract_dvizhenie.py
[2026-07-13T18:07:27.570+0000] {logging_mixin.py:190} INFO - [2026-07-13T18:07:27.570+0000] {dag.py:3239} INFO - Sync 1 DAGs
[2026-07-13T18:07:27.585+0000] {processor.py:208} INFO - Processing /opt/airflow/dags/dag_extract_dvizhenie.py took 0.044 seconds
[2026-07-13T18:07:58.084+0000] {processor.py:186} INFO - Started process (PID=65752) to work on /opt/airflow/dags/dag_extract_dvizhenie.py
[2026-07-13T18:07:58.084+0000] {processor.py:914} INFO - Processing file /opt/airflow/dags/dag_extract_dvizhenie.py for tasks to queue
[2026-07-13T18:07:58.085+0000] {logging_mixin.py:190} INFO - [2026-07-13T18:07:58.085+0000] {dagbag.py:588} INFO - Filling up the DagBag from /opt/airflow/dags/dag_extract_dvizhenie.py
[2026-07-13T18:07:58.090+0000] {processor.py:925} INFO - DAG(s) 'dag_extract_dvizhenie' retrieved from /opt/airflow/dags/dag_extract_dvizhenie.py
[2026-07-13T18:07:58.100+0000] {logging_mixin.py:190} INFO - [2026-07-13T18:07:58.100+0000] {dag.py:3239} INFO - Sync 1 DAGs
[2026-07-13T18:07:58.111+0000] {processor.py:208} INFO - Processing /opt/airflow/dags/dag_extract_dvizhenie.py took 0.030 seconds
[2026-07-13T18:08:28.540+0000] {processor.py:186} INFO - Started process (PID=65772) to work on /opt/airflow/dags/dag_extract_dvizhenie.py
[2026-07-13T18:08:28.540+0000] {processor.py:914} INFO - Processing file /opt/airflow/dags/dag_extract_dvizhenie.py for tasks to queue
[2026-07-13T18:08:28.541+0000] {logging_mixin.py:190} INFO - [2026-07-13T18:08:28.541+0000] {dagbag.py:588} INFO - Filling up the DagBag from /opt/airflow/dags/dag_extract_dvizhenie.py
[2026-07-13T18:08:28.547+0000] {processor.py:925} INFO - DAG(s) 'dag_extract_dvizhenie' retrieved from /opt/airflow/dags/dag_extract_dvizhenie.py
[2026-07-13T18:08:28.562+0000] {logging_mixin.py:190} INFO - [2026-07-13T18:08:28.562+0000] {dag.py:3239} INFO - Sync 1 DAGs
[2026-07-13T18:08:28.578+0000] {processor.py:208} INFO - Processing /opt/airflow/dags/dag_extract_dvizhenie.py took 0.042 seconds
[2026-07-13T18:08:59.021+0000] {processor.py:186} INFO - Started process (PID=65792) to work on /opt/airflow/dags/dag_extract_dvizhenie.py
[2026-07-13T18:08:59.021+0000] {processor.py:914} INFO - Processing file /opt/airflow/dags/dag_extract_dvizhenie.py for tasks to queue
[2026-07-13T18:08:59.022+0000] {logging_mixin.py:190} INFO - [2026-07-13T18:08:59.022+0000] {dagbag.py:588} INFO - Filling up the DagBag from /opt/airflow/dags/dag_extract_dvizhenie.py
[2026-07-13T18:08:59.027+0000] {processor.py:925} INFO - DAG(s) 'dag_extract_dvizhenie' retrieved from /opt/airflow/dags/dag_extract_dvizhenie.py
[2026-07-13T18:08:59.037+0000] {logging_mixin.py:190} INFO - [2026-07-13T18:08:59.037+0000] {dag.py:3239} INFO - Sync 1 DAGs
[2026-07-13T18:08:59.049+0000] {processor.py:208} INFO - Processing /opt/airflow/dags/dag_extract_dvizhenie.py took 0.031 seconds
[2026-07-13T18:09:29.464+0000] {processor.py:186} INFO - Started process (PID=65812) to work on /opt/airflow/dags/dag_extract_dvizhenie.py
[2026-07-13T18:09:29.465+0000] {processor.py:914} INFO - Processing file /opt/airflow/dags/dag_extract_dvizhenie.py for tasks to queue
[2026-07-13T18:09:29.466+0000] {logging_mixin.py:190} INFO - [2026-07-13T18:09:29.465+0000] {dagbag.py:588} INFO - Filling up the DagBag from /opt/airflow/dags/dag_extract_dvizhenie.py
[2026-07-13T18:09:29.470+0000] {processor.py:925} INFO - DAG(s) 'dag_extract_dvizhenie' retrieved from /opt/airflow/dags/dag_extract_dvizhenie.py
[2026-07-13T18:09:29.481+0000] {logging_mixin.py:190} INFO - [2026-07-13T18:09:29.481+0000] {dag.py:3239} INFO - Sync 1 DAGs
[2026-07-13T18:09:29.492+0000] {processor.py:208} INFO - Processing /opt/airflow/dags/dag_extract_dvizhenie.py took 0.030 seconds
[2026-07-13T18:09:59.871+0000] {processor.py:186} INFO - Started process (PID=65832) to work on /opt/airflow/dags/dag_extract_dvizhenie.py
[2026-07-13T18:09:59.871+0000] {processor.py:914} INFO - Processing file /opt/airflow/dags/dag_extract_dvizhenie.py for tasks to queue
[2026-07-13T18:09:59.872+0000] {logging_mixin.py:190} INFO - [2026-07-13T18:09:59.872+0000] {dagbag.py:588} INFO - Filling up the DagBag from /opt/airflow/dags/dag_extract_dvizhenie.py
[2026-07-13T18:09:59.877+0000] {processor.py:925} INFO - DAG(s) 'dag_extract_dvizhenie' retrieved from /opt/airflow/dags/dag_extract_dvizhenie.py
[2026-07-13T18:09:59.887+0000] {logging_mixin.py:190} INFO - [2026-07-13T18:09:59.887+0000] {dag.py:3239} INFO - Sync 1 DAGs
[2026-07-13T18:09:59.898+0000] {processor.py:208} INFO - Processing /opt/airflow/dags/dag_extract_dvizhenie.py took 0.030 seconds
[2026-07-13T18:10:30.322+0000] {processor.py:186} INFO - Started process (PID=65867) to work on /opt/airflow/dags/dag_extract_dvizhenie.py
[2026-07-13T18:10:30.324+0000] {processor.py:914} INFO - Processing file /opt/airflow/dags/dag_extract_dvizhenie.py for tasks to queue
[2026-07-13T18:10:30.325+0000] {logging_mixin.py:190} INFO - [2026-07-13T18:10:30.325+0000] {dagbag.py:588} INFO - Filling up the DagBag from /opt/airflow/dags/dag_extract_dvizhenie.py
[2026-07-13T18:10:30.330+0000] {processor.py:925} INFO - DAG(s) 'dag_extract_dvizhenie' retrieved from /opt/airflow/dags/dag_extract_dvizhenie.py
[2026-07-13T18:10:30.344+0000] {logging_mixin.py:190} INFO - [2026-07-13T18:10:30.344+0000] {dag.py:3239} INFO - Sync 1 DAGs
[2026-07-13T18:10:30.358+0000] {processor.py:208} INFO - Processing /opt/airflow/dags/dag_extract_dvizhenie.py took 0.038 seconds
[2026-07-13T18:11:00.819+0000] {processor.py:186} INFO - Started process (PID=65887) to work on /opt/airflow/dags/dag_extract_dvizhenie.py
[2026-07-13T18:11:00.820+0000] {processor.py:914} INFO - Processing file /opt/airflow/dags/dag_extract_dvizhenie.py for tasks to queue
[2026-07-13T18:11:00.821+0000] {logging_mixin.py:190} INFO - [2026-07-13T18:11:00.821+0000] {dagbag.py:588} INFO - Filling up the DagBag from /opt/airflow/dags/dag_extract_dvizhenie.py
[2026-07-13T18:11:00.825+0000] {processor.py:925} INFO - DAG(s) 'dag_extract_dvizhenie' retrieved from /opt/airflow/dags/dag_extract_dvizhenie.py
[2026-07-13T18:11:00.835+0000] {logging_mixin.py:190} INFO - [2026-07-13T18:11:00.835+0000] {dag.py:3239} INFO - Sync 1 DAGs
[2026-07-13T18:11:00.846+0000] {processor.py:208} INFO - Processing /opt/airflow/dags/dag_extract_dvizhenie.py took 0.030 seconds
[2026-07-13T18:11:31.200+0000] {processor.py:186} INFO - Started process (PID=65907) to work on /opt/airflow/dags/dag_extract_dvizhenie.py
[2026-07-13T18:11:31.201+0000] {processor.py:914} INFO - Processing file /opt/airflow/dags/dag_extract_dvizhenie.py for tasks to queue
[2026-07-13T18:11:31.202+0000] {logging_mixin.py:190} INFO - [2026-07-13T18:11:31.202+0000] {dagbag.py:588} INFO - Filling up the DagBag from /opt/airflow/dags/dag_extract_dvizhenie.py
[2026-07-13T18:11:31.207+0000] {processor.py:925} INFO - DAG(s) 'dag_extract_dvizhenie' retrieved from /opt/airflow/dags/dag_extract_dvizhenie.py
[2026-07-13T18:11:31.221+0000] {logging_mixin.py:190} INFO - [2026-07-13T18:11:31.221+0000] {dag.py:3239} INFO - Sync 1 DAGs
[2026-07-13T18:11:31.237+0000] {processor.py:208} INFO - Processing /opt/airflow/dags/dag_extract_dvizhenie.py took 0.040 seconds
[2026-07-13T18:12:01.655+0000] {processor.py:186} INFO - Started process (PID=65927) to work on /opt/airflow/dags/dag_extract_dvizhenie.py
[2026-07-13T18:12:01.655+0000] {processor.py:914} INFO - Processing file /opt/airflow/dags/dag_extract_dvizhenie.py for tasks to queue
[2026-07-13T18:12:01.656+0000] {logging_mixin.py:190} INFO - [2026-07-13T18:12:01.656+0000] {dagbag.py:588} INFO - Filling up the DagBag from /opt/airflow/dags/dag_extract_dvizhenie.py
[2026-07-13T18:12:01.660+0000] {processor.py:925} INFO - DAG(s) 'dag_extract_dvizhenie' retrieved from /opt/airflow/dags/dag_extract_dvizhenie.py
[2026-07-13T18:12:01.670+0000] {logging_mixin.py:190} INFO - [2026-07-13T18:12:01.670+0000] {dag.py:3239} INFO - Sync 1 DAGs
[2026-07-13T18:12:01.682+0000] {processor.py:208} INFO - Processing /opt/airflow/dags/dag_extract_dvizhenie.py took 0.030 seconds
[2026-07-13T18:12:32.100+0000] {processor.py:186} INFO - Started process (PID=65947) to work on /opt/airflow/dags/dag_extract_dvizhenie.py
[2026-07-13T18:12:32.101+0000] {processor.py:914} INFO - Processing file /opt/airflow/dags/dag_extract_dvizhenie.py for tasks to queue
[2026-07-13T18:12:32.102+0000] {logging_mixin.py:190} INFO - [2026-07-13T18:12:32.102+0000] {dagbag.py:588} INFO - Filling up the DagBag from /opt/airflow/dags/dag_extract_dvizhenie.py
[2026-07-13T18:12:32.108+0000] {processor.py:925} INFO - DAG(s) 'dag_extract_dvizhenie' retrieved from /opt/airflow/dags/dag_extract_dvizhenie.py
[2026-07-13T18:12:32.121+0000] {logging_mixin.py:190} INFO - [2026-07-13T18:12:32.121+0000] {dag.py:3239} INFO - Sync 1 DAGs
[2026-07-13T18:12:32.137+0000] {processor.py:208} INFO - Processing /opt/airflow/dags/dag_extract_dvizhenie.py took 0.040 seconds
[2026-07-13T18:13:02.626+0000] {processor.py:186} INFO - Started process (PID=65967) to work on /opt/airflow/dags/dag_extract_dvizhenie.py
[2026-07-13T18:13:02.627+0000] {processor.py:914} INFO - Processing file /opt/airflow/dags/dag_extract_dvizhenie.py for tasks to queue
[2026-07-13T18:13:02.628+0000] {logging_mixin.py:190} INFO - [2026-07-13T18:13:02.627+0000] {dagbag.py:588} INFO - Filling up the DagBag from /opt/airflow/dags/dag_extract_dvizhenie.py
[2026-07-13T18:13:02.632+0000] {processor.py:925} INFO - DAG(s) 'dag_extract_dvizhenie' retrieved from /opt/airflow/dags/dag_extract_dvizhenie.py
[2026-07-13T18:13:02.643+0000] {logging_mixin.py:190} INFO - [2026-07-13T18:13:02.643+0000] {dag.py:3239} INFO - Sync 1 DAGs
[2026-07-13T18:13:02.655+0000] {processor.py:208} INFO - Processing /opt/airflow/dags/dag_extract_dvizhenie.py took 0.032 seconds
[2026-07-13T18:13:33.080+0000] {processor.py:186} INFO - Started process (PID=65987) to work on /opt/airflow/dags/dag_extract_dvizhenie.py
[2026-07-13T18:13:33.081+0000] {processor.py:914} INFO - Processing file /opt/airflow/dags/dag_extract_dvizhenie.py for tasks to queue
[2026-07-13T18:13:33.082+0000] {logging_mixin.py:190} INFO - [2026-07-13T18:13:33.082+0000] {dagbag.py:588} INFO - Filling up the DagBag from /opt/airflow/dags/dag_extract_dvizhenie.py
[2026-07-13T18:13:33.088+0000] {processor.py:925} INFO - DAG(s) 'dag_extract_dvizhenie' retrieved from /opt/airflow/dags/dag_extract_dvizhenie.py
[2026-07-13T18:13:33.100+0000] {logging_mixin.py:190} INFO - [2026-07-13T18:13:33.099+0000] {dag.py:3239} INFO - Sync 1 DAGs
[2026-07-13T18:13:33.113+0000] {processor.py:208} INFO - Processing /opt/airflow/dags/dag_extract_dvizhenie.py took 0.035 seconds
[2026-07-13T18:14:03.528+0000] {processor.py:186} INFO - Started process (PID=66007) to work on /opt/airflow/dags/dag_extract_dvizhenie.py
[2026-07-13T18:14:03.529+0000] {processor.py:914} INFO - Processing file /opt/airflow/dags/dag_extract_dvizhenie.py for tasks to queue
[2026-07-13T18:14:03.530+0000] {logging_mixin.py:190} INFO - [2026-07-13T18:14:03.530+0000] {dagbag.py:588} INFO - Filling up the DagBag from /opt/airflow/dags/dag_extract_dvizhenie.py
[2026-07-13T18:14:03.534+0000] {processor.py:925} INFO - DAG(s) 'dag_extract_dvizhenie' retrieved from /opt/airflow/dags/dag_extract_dvizhenie.py
[2026-07-13T18:14:03.544+0000] {logging_mixin.py:190} INFO - [2026-07-13T18:14:03.544+0000] {dag.py:3239} INFO - Sync 1 DAGs
[2026-07-13T18:14:03.555+0000] {processor.py:208} INFO - Processing /opt/airflow/dags/dag_extract_dvizhenie.py took 0.029 seconds
[2026-07-13T18:14:33.990+0000] {processor.py:186} INFO - Started process (PID=66027) to work on /opt/airflow/dags/dag_extract_dvizhenie.py
[2026-07-13T18:14:33.990+0000] {processor.py:914} INFO - Processing file /opt/airflow/dags/dag_extract_dvizhenie.py for tasks to queue
[2026-07-13T18:14:33.991+0000] {logging_mixin.py:190} INFO - [2026-07-13T18:14:33.991+0000] {dagbag.py:588} INFO - Filling up the DagBag from /opt/airflow/dags/dag_extract_dvizhenie.py
[2026-07-13T18:14:33.995+0000] {processor.py:925} INFO - DAG(s) 'dag_extract_dvizhenie' retrieved from /opt/airflow/dags/dag_extract_dvizhenie.py
[2026-07-13T18:14:34.006+0000] {logging_mixin.py:190} INFO - [2026-07-13T18:14:34.006+0000] {dag.py:3239} INFO - Sync 1 DAGs
[2026-07-13T18:14:34.017+0000] {processor.py:208} INFO - Processing /opt/airflow/dags/dag_extract_dvizhenie.py took 0.030 seconds
[2026-07-13T18:15:04.441+0000] {processor.py:186} INFO - Started process (PID=66047) to work on /opt/airflow/dags/dag_extract_dvizhenie.py
[2026-07-13T18:15:04.441+0000] {processor.py:914} INFO - Processing file /opt/airflow/dags/dag_extract_dvizhenie.py for tasks to queue
[2026-07-13T18:15:04.442+0000] {logging_mixin.py:190} INFO - [2026-07-13T18:15:04.442+0000] {dagbag.py:588} INFO - Filling up the DagBag from /opt/airflow/dags/dag_extract_dvizhenie.py
[2026-07-13T18:15:04.446+0000] {processor.py:925} INFO - DAG(s) 'dag_extract_dvizhenie' retrieved from /opt/airflow/dags/dag_extract_dvizhenie.py
[2026-07-13T18:15:04.456+0000] {logging_mixin.py:190} INFO - [2026-07-13T18:15:04.456+0000] {dag.py:3239} INFO - Sync 1 DAGs
[2026-07-13T18:15:04.468+0000] {processor.py:208} INFO - Processing /opt/airflow/dags/dag_extract_dvizhenie.py took 0.030 seconds
[2026-07-13T18:15:34.895+0000] {processor.py:186} INFO - Started process (PID=66067) to work on /opt/airflow/dags/dag_extract_dvizhenie.py
[2026-07-13T18:15:34.895+0000] {processor.py:914} INFO - Processing file /opt/airflow/dags/dag_extract_dvizhenie.py for tasks to queue
[2026-07-13T18:15:34.896+0000] {logging_mixin.py:190} INFO - [2026-07-13T18:15:34.896+0000] {dagbag.py:588} INFO - Filling up the DagBag from /opt/airflow/dags/dag_extract_dvizhenie.py
[2026-07-13T18:15:34.901+0000] {processor.py:925} INFO - DAG(s) 'dag_extract_dvizhenie' retrieved from /opt/airflow/dags/dag_extract_dvizhenie.py
[2026-07-13T18:15:34.910+0000] {logging_mixin.py:190} INFO - [2026-07-13T18:15:34.910+0000] {dag.py:3239} INFO - Sync 1 DAGs
[2026-07-13T18:15:34.921+0000] {processor.py:208} INFO - Processing /opt/airflow/dags/dag_extract_dvizhenie.py took 0.029 seconds
[2026-07-13T18:16:05.335+0000] {processor.py:186} INFO - Started process (PID=66087) to work on /opt/airflow/dags/dag_extract_dvizhenie.py
[2026-07-13T18:16:05.335+0000] {processor.py:914} INFO - Processing file /opt/airflow/dags/dag_extract_dvizhenie.py for tasks to queue
[2026-07-13T18:16:05.336+0000] {logging_mixin.py:190} INFO - [2026-07-13T18:16:05.336+0000] {dagbag.py:588} INFO - Filling up the DagBag from /opt/airflow/dags/dag_extract_dvizhenie.py
[2026-07-13T18:16:05.341+0000] {processor.py:925} INFO - DAG(s) 'dag_extract_dvizhenie' retrieved from /opt/airflow/dags/dag_extract_dvizhenie.py
[2026-07-13T18:16:05.351+0000] {logging_mixin.py:190} INFO - [2026-07-13T18:16:05.350+0000] {dag.py:3239} INFO - Sync 1 DAGs
[2026-07-13T18:16:05.361+0000] {processor.py:208} INFO - Processing /opt/airflow/dags/dag_extract_dvizhenie.py took 0.029 seconds
[2026-07-13T18:16:35.780+0000] {processor.py:186} INFO - Started process (PID=66107) to work on /opt/airflow/dags/dag_extract_dvizhenie.py
[2026-07-13T18:16:35.780+0000] {processor.py:914} INFO - Processing file /opt/airflow/dags/dag_extract_dvizhenie.py for tasks to queue
[2026-07-13T18:16:35.781+0000] {logging_mixin.py:190} INFO - [2026-07-13T18:16:35.781+0000] {dagbag.py:588} INFO - Filling up the DagBag from /opt/airflow/dags/dag_extract_dvizhenie.py
[2026-07-13T18:16:35.785+0000] {processor.py:925} INFO - DAG(s) 'dag_extract_dvizhenie' retrieved from /opt/airflow/dags/dag_extract_dvizhenie.py
[2026-07-13T18:16:35.795+0000] {logging_mixin.py:190} INFO - [2026-07-13T18:16:35.795+0000] {dag.py:3239} INFO - Sync 1 DAGs
[2026-07-13T18:16:35.807+0000] {processor.py:208} INFO - Processing /opt/airflow/dags/dag_extract_dvizhenie.py took 0.030 seconds
[2026-07-13T18:17:06.159+0000] {processor.py:186} INFO - Started process (PID=66127) to work on /opt/airflow/dags/dag_extract_dvizhenie.py
[2026-07-13T18:17:06.159+0000] {processor.py:914} INFO - Processing file /opt/airflow/dags/dag_extract_dvizhenie.py for tasks to queue
[2026-07-13T18:17:06.160+0000] {logging_mixin.py:190} INFO - [2026-07-13T18:17:06.160+0000] {dagbag.py:588} INFO - Filling up the DagBag from /opt/airflow/dags/dag_extract_dvizhenie.py
[2026-07-13T18:17:06.164+0000] {processor.py:925} INFO - DAG(s) 'dag_extract_dvizhenie' retrieved from /opt/airflow/dags/dag_extract_dvizhenie.py
[2026-07-13T18:17:06.174+0000] {logging_mixin.py:190} INFO - [2026-07-13T18:17:06.174+0000] {dag.py:3239} INFO - Sync 1 DAGs
[2026-07-13T18:17:06.185+0000] {processor.py:208} INFO - Processing /opt/airflow/dags/dag_extract_dvizhenie.py took 0.029 seconds
[2026-07-13T18:17:36.574+0000] {processor.py:186} INFO - Started process (PID=66147) to work on /opt/airflow/dags/dag_extract_dvizhenie.py
[2026-07-13T18:17:36.575+0000] {processor.py:914} INFO - Processing file /opt/airflow/dags/dag_extract_dvizhenie.py for tasks to queue
[2026-07-13T18:17:36.576+0000] {logging_mixin.py:190} INFO - [2026-07-13T18:17:36.576+0000] {dagbag.py:588} INFO - Filling up the DagBag from /opt/airflow/dags/dag_extract_dvizhenie.py
[2026-07-13T18:17:36.580+0000] {processor.py:925} INFO - DAG(s) 'dag_extract_dvizhenie' retrieved from /opt/airflow/dags/dag_extract_dvizhenie.py
[2026-07-13T18:17:36.590+0000] {logging_mixin.py:190} INFO - [2026-07-13T18:17:36.590+0000] {dag.py:3239} INFO - Sync 1 DAGs
[2026-07-13T18:17:36.602+0000] {processor.py:208} INFO - Processing /opt/airflow/dags/dag_extract_dvizhenie.py took 0.030 seconds
[2026-07-13T18:18:07.013+0000] {processor.py:186} INFO - Started process (PID=66167) to work on /opt/airflow/dags/dag_extract_dvizhenie.py
[2026-07-13T18:18:07.013+0000] {processor.py:914} INFO - Processing file /opt/airflow/dags/dag_extract_dvizhenie.py for tasks to queue
[2026-07-13T18:18:07.014+0000] {logging_mixin.py:190} INFO - [2026-07-13T18:18:07.014+0000] {dagbag.py:588} INFO - Filling up the DagBag from /opt/airflow/dags/dag_extract_dvizhenie.py
[2026-07-13T18:18:07.019+0000] {processor.py:925} INFO - DAG(s) 'dag_extract_dvizhenie' retrieved from /opt/airflow/dags/dag_extract_dvizhenie.py
[2026-07-13T18:18:07.029+0000] {logging_mixin.py:190} INFO - [2026-07-13T18:18:07.029+0000] {dag.py:3239} INFO - Sync 1 DAGs
[2026-07-13T18:18:07.040+0000] {processor.py:208} INFO - Processing /opt/airflow/dags/dag_extract_dvizhenie.py took 0.030 seconds
[2026-07-13T18:18:37.445+0000] {processor.py:186} INFO - Started process (PID=66187) to work on /opt/airflow/dags/dag_extract_dvizhenie.py
[2026-07-13T18:18:37.445+0000] {processor.py:914} INFO - Processing file /opt/airflow/dags/dag_extract_dvizhenie.py for tasks to queue
[2026-07-13T18:18:37.446+0000] {logging_mixin.py:190} INFO - [2026-07-13T18:18:37.446+0000] {dagbag.py:588} INFO - Filling up the DagBag from /opt/airflow/dags/dag_extract_dvizhenie.py
[2026-07-13T18:18:37.450+0000] {processor.py:925} INFO - DAG(s) 'dag_extract_dvizhenie' retrieved from /opt/airflow/dags/dag_extract_dvizhenie.py
[2026-07-13T18:18:37.460+0000] {logging_mixin.py:190} INFO - [2026-07-13T18:18:37.460+0000] {dag.py:3239} INFO - Sync 1 DAGs
[2026-07-13T18:18:37.471+0000] {processor.py:208} INFO - Processing /opt/airflow/dags/dag_extract_dvizhenie.py took 0.029 seconds
[2026-07-13T18:19:07.895+0000] {processor.py:186} INFO - Started process (PID=66207) to work on /opt/airflow/dags/dag_extract_dvizhenie.py
[2026-07-13T18:19:07.895+0000] {processor.py:914} INFO - Processing file /opt/airflow/dags/dag_extract_dvizhenie.py for tasks to queue
[2026-07-13T18:19:07.896+0000] {logging_mixin.py:190} INFO - [2026-07-13T18:19:07.896+0000] {dagbag.py:588} INFO - Filling up the DagBag from /opt/airflow/dags/dag_extract_dvizhenie.py
[2026-07-13T18:19:07.900+0000] {processor.py:925} INFO - DAG(s) 'dag_extract_dvizhenie' retrieved from /opt/airflow/dags/dag_extract_dvizhenie.py
[2026-07-13T18:19:07.910+0000] {logging_mixin.py:190} INFO - [2026-07-13T18:19:07.910+0000] {dag.py:3239} INFO - Sync 1 DAGs
[2026-07-13T18:19:07.921+0000] {processor.py:208} INFO - Processing /opt/airflow/dags/dag_extract_dvizhenie.py took 0.029 seconds
[2026-07-13T18:19:38.330+0000] {processor.py:186} INFO - Started process (PID=66227) to work on /opt/airflow/dags/dag_extract_dvizhenie.py
[2026-07-13T18:19:38.331+0000] {processor.py:914} INFO - Processing file /opt/airflow/dags/dag_extract_dvizhenie.py for tasks to queue
[2026-07-13T18:19:38.332+0000] {logging_mixin.py:190} INFO - [2026-07-13T18:19:38.332+0000] {dagbag.py:588} INFO - Filling up the DagBag from /opt/airflow/dags/dag_extract_dvizhenie.py
[2026-07-13T18:19:38.336+0000] {processor.py:925} INFO - DAG(s) 'dag_extract_dvizhenie' retrieved from /opt/airflow/dags/dag_extract_dvizhenie.py
[2026-07-13T18:19:38.346+0000] {logging_mixin.py:190} INFO - [2026-07-13T18:19:38.346+0000] {dag.py:3239} INFO - Sync 1 DAGs
[2026-07-13T18:19:38.358+0000] {processor.py:208} INFO - Processing /opt/airflow/dags/dag_extract_dvizhenie.py took 0.030 seconds
[2026-07-13T18:20:08.779+0000] {processor.py:186} INFO - Started process (PID=66247) to work on /opt/airflow/dags/dag_extract_dvizhenie.py
[2026-07-13T18:20:08.779+0000] {processor.py:914} INFO - Processing file /opt/airflow/dags/dag_extract_dvizhenie.py for tasks to queue
[2026-07-13T18:20:08.780+0000] {logging_mixin.py:190} INFO - [2026-07-13T18:20:08.780+0000] {dagbag.py:588} INFO - Filling up the DagBag from /opt/airflow/dags/dag_extract_dvizhenie.py
[2026-07-13T18:20:08.784+0000] {processor.py:925} INFO - DAG(s) 'dag_extract_dvizhenie' retrieved from /opt/airflow/dags/dag_extract_dvizhenie.py
[2026-07-13T18:20:08.794+0000] {logging_mixin.py:190} INFO - [2026-07-13T18:20:08.794+0000] {dag.py:3239} INFO - Sync 1 DAGs
[2026-07-13T18:20:08.808+0000] {processor.py:208} INFO - Processing /opt/airflow/dags/dag_extract_dvizhenie.py took 0.032 seconds
[2026-07-13T18:20:39.258+0000] {processor.py:186} INFO - Started process (PID=66297) to work on /opt/airflow/dags/dag_extract_dvizhenie.py
[2026-07-13T18:20:39.258+0000] {processor.py:914} INFO - Processing file /opt/airflow/dags/dag_extract_dvizhenie.py for tasks to queue
[2026-07-13T18:20:39.259+0000] {logging_mixin.py:190} INFO - [2026-07-13T18:20:39.259+0000] {dagbag.py:588} INFO - Filling up the DagBag from /opt/airflow/dags/dag_extract_dvizhenie.py
[2026-07-13T18:20:39.264+0000] {processor.py:925} INFO - DAG(s) 'dag_extract_dvizhenie' retrieved from /opt/airflow/dags/dag_extract_dvizhenie.py
[2026-07-13T18:20:39.273+0000] {logging_mixin.py:190} INFO - [2026-07-13T18:20:39.273+0000] {dag.py:3239} INFO - Sync 1 DAGs
[2026-07-13T18:20:39.285+0000] {processor.py:208} INFO - Processing /opt/airflow/dags/dag_extract_dvizhenie.py took 0.030 seconds
[2026-07-13T18:21:09.749+0000] {processor.py:186} INFO - Started process (PID=66316) to work on /opt/airflow/dags/dag_extract_dvizhenie.py
[2026-07-13T18:21:09.750+0000] {processor.py:914} INFO - Processing file /opt/airflow/dags/dag_extract_dvizhenie.py for tasks to queue
[2026-07-13T18:21:09.751+0000] {logging_mixin.py:190} INFO - [2026-07-13T18:21:09.751+0000] {dagbag.py:588} INFO - Filling up the DagBag from /opt/airflow/dags/dag_extract_dvizhenie.py
[2026-07-13T18:21:09.758+0000] {processor.py:925} INFO - DAG(s) 'dag_extract_dvizhenie' retrieved from /opt/airflow/dags/dag_extract_dvizhenie.py
[2026-07-13T18:21:09.772+0000] {logging_mixin.py:190} INFO - [2026-07-13T18:21:09.772+0000] {dag.py:3239} INFO - Sync 1 DAGs
[2026-07-13T18:21:09.789+0000] {processor.py:208} INFO - Processing /opt/airflow/dags/dag_extract_dvizhenie.py took 0.042 seconds
[2026-07-13T18:21:40.180+0000] {processor.py:186} INFO - Started process (PID=66337) to work on /opt/airflow/dags/dag_extract_dvizhenie.py
[2026-07-13T18:21:40.181+0000] {processor.py:914} INFO - Processing file /opt/airflow/dags/dag_extract_dvizhenie.py for tasks to queue
[2026-07-13T18:21:40.182+0000] {logging_mixin.py:190} INFO - [2026-07-13T18:21:40.181+0000] {dagbag.py:588} INFO - Filling up the DagBag from /opt/airflow/dags/dag_extract_dvizhenie.py
[2026-07-13T18:21:40.186+0000] {processor.py:925} INFO - DAG(s) 'dag_extract_dvizhenie' retrieved from /opt/airflow/dags/dag_extract_dvizhenie.py
[2026-07-13T18:21:40.196+0000] {logging_mixin.py:190} INFO - [2026-07-13T18:21:40.196+0000] {dag.py:3239} INFO - Sync 1 DAGs
[2026-07-13T18:21:40.206+0000] {processor.py:208} INFO - Processing /opt/airflow/dags/dag_extract_dvizhenie.py took 0.029 seconds
[2026-07-13T18:22:10.603+0000] {processor.py:186} INFO - Started process (PID=66357) to work on /opt/airflow/dags/dag_extract_dvizhenie.py
[2026-07-13T18:22:10.604+0000] {processor.py:914} INFO - Processing file /opt/airflow/dags/dag_extract_dvizhenie.py for tasks to queue
[2026-07-13T18:22:10.605+0000] {logging_mixin.py:190} INFO - [2026-07-13T18:22:10.605+0000] {dagbag.py:588} INFO - Filling up the DagBag from /opt/airflow/dags/dag_extract_dvizhenie.py
[2026-07-13T18:22:10.609+0000] {processor.py:925} INFO - DAG(s) 'dag_extract_dvizhenie' retrieved from /opt/airflow/dags/dag_extract_dvizhenie.py
[2026-07-13T18:22:10.619+0000] {logging_mixin.py:190} INFO - [2026-07-13T18:22:10.619+0000] {dag.py:3239} INFO - Sync 1 DAGs
[2026-07-13T18:22:10.630+0000] {processor.py:208} INFO - Processing /opt/airflow/dags/dag_extract_dvizhenie.py took 0.029 seconds
[2026-07-13T18:22:41.027+0000] {processor.py:186} INFO - Started process (PID=66377) to work on /opt/airflow/dags/dag_extract_dvizhenie.py
[2026-07-13T18:22:41.027+0000] {processor.py:914} INFO - Processing file /opt/airflow/dags/dag_extract_dvizhenie.py for tasks to queue
[2026-07-13T18:22:41.028+0000] {logging_mixin.py:190} INFO - [2026-07-13T18:22:41.028+0000] {dagbag.py:588} INFO - Filling up the DagBag from /opt/airflow/dags/dag_extract_dvizhenie.py
[2026-07-13T18:22:41.033+0000] {processor.py:925} INFO - DAG(s) 'dag_extract_dvizhenie' retrieved from /opt/airflow/dags/dag_extract_dvizhenie.py
[2026-07-13T18:22:41.043+0000] {logging_mixin.py:190} INFO - [2026-07-13T18:22:41.043+0000] {dag.py:3239} INFO - Sync 1 DAGs
[2026-07-13T18:22:41.055+0000] {processor.py:208} INFO - Processing /opt/airflow/dags/dag_extract_dvizhenie.py took 0.030 seconds
[2026-07-13T18:23:11.499+0000] {processor.py:186} INFO - Started process (PID=66397) to work on /opt/airflow/dags/dag_extract_dvizhenie.py
[2026-07-13T18:23:11.500+0000] {processor.py:914} INFO - Processing file /opt/airflow/dags/dag_extract_dvizhenie.py for tasks to queue
[2026-07-13T18:23:11.501+0000] {logging_mixin.py:190} INFO - [2026-07-13T18:23:11.501+0000] {dagbag.py:588} INFO - Filling up the DagBag from /opt/airflow/dags/dag_extract_dvizhenie.py
[2026-07-13T18:23:11.505+0000] {processor.py:925} INFO - DAG(s) 'dag_extract_dvizhenie' retrieved from /opt/airflow/dags/dag_extract_dvizhenie.py
[2026-07-13T18:23:11.515+0000] {logging_mixin.py:190} INFO - [2026-07-13T18:23:11.514+0000] {dag.py:3239} INFO - Sync 1 DAGs
[2026-07-13T18:23:11.525+0000] {processor.py:208} INFO - Processing /opt/airflow/dags/dag_extract_dvizhenie.py took 0.029 seconds
[2026-07-13T18:23:41.937+0000] {processor.py:186} INFO - Started process (PID=66417) to work on /opt/airflow/dags/dag_extract_dvizhenie.py
[2026-07-13T18:23:41.937+0000] {processor.py:914} INFO - Processing file /opt/airflow/dags/dag_extract_dvizhenie.py for tasks to queue
[2026-07-13T18:23:41.938+0000] {logging_mixin.py:190} INFO - [2026-07-13T18:23:41.938+0000] {dagbag.py:588} INFO - Filling up the DagBag from /opt/airflow/dags/dag_extract_dvizhenie.py
[2026-07-13T18:23:41.942+0000] {processor.py:925} INFO - DAG(s) 'dag_extract_dvizhenie' retrieved from /opt/airflow/dags/dag_extract_dvizhenie.py
[2026-07-13T18:23:41.952+0000] {logging_mixin.py:190} INFO - [2026-07-13T18:23:41.952+0000] {dag.py:3239} INFO - Sync 1 DAGs
[2026-07-13T18:23:41.963+0000] {processor.py:208} INFO - Processing /opt/airflow/dags/dag_extract_dvizhenie.py took 0.029 seconds
[2026-07-13T18:24:12.378+0000] {processor.py:186} INFO - Started process (PID=66437) to work on /opt/airflow/dags/dag_extract_dvizhenie.py
[2026-07-13T18:24:12.379+0000] {processor.py:914} INFO - Processing file /opt/airflow/dags/dag_extract_dvizhenie.py for tasks to queue
[2026-07-13T18:24:12.380+0000] {logging_mixin.py:190} INFO - [2026-07-13T18:24:12.380+0000] {dagbag.py:588} INFO - Filling up the DagBag from /opt/airflow/dags/dag_extract_dvizhenie.py
[2026-07-13T18:24:12.384+0000] {processor.py:925} INFO - DAG(s) 'dag_extract_dvizhenie' retrieved from /opt/airflow/dags/dag_extract_dvizhenie.py
[2026-07-13T18:24:12.394+0000] {logging_mixin.py:190} INFO - [2026-07-13T18:24:12.394+0000] {dag.py:3239} INFO - Sync 1 DAGs
[2026-07-13T18:24:12.406+0000] {processor.py:208} INFO - Processing /opt/airflow/dags/dag_extract_dvizhenie.py took 0.031 seconds
[2026-07-13T18:24:42.822+0000] {processor.py:186} INFO - Started process (PID=66457) to work on /opt/airflow/dags/dag_extract_dvizhenie.py
[2026-07-13T18:24:42.823+0000] {processor.py:914} INFO - Processing file /opt/airflow/dags/dag_extract_dvizhenie.py for tasks to queue
[2026-07-13T18:24:42.824+0000] {logging_mixin.py:190} INFO - [2026-07-13T18:24:42.824+0000] {dagbag.py:588} INFO - Filling up the DagBag from /opt/airflow/dags/dag_extract_dvizhenie.py
[2026-07-13T18:24:42.829+0000] {processor.py:925} INFO - DAG(s) 'dag_extract_dvizhenie' retrieved from /opt/airflow/dags/dag_extract_dvizhenie.py
[2026-07-13T18:24:42.838+0000] {logging_mixin.py:190} INFO - [2026-07-13T18:24:42.838+0000] {dag.py:3239} INFO - Sync 1 DAGs
[2026-07-13T18:24:42.850+0000] {processor.py:208} INFO - Processing /opt/airflow/dags/dag_extract_dvizhenie.py took 0.030 seconds
[2026-07-13T18:25:13.244+0000] {processor.py:186} INFO - Started process (PID=66477) to work on /opt/airflow/dags/dag_extract_dvizhenie.py
[2026-07-13T18:25:13.245+0000] {processor.py:914} INFO - Processing file /opt/airflow/dags/dag_extract_dvizhenie.py for tasks to queue
[2026-07-13T18:25:13.246+0000] {logging_mixin.py:190} INFO - [2026-07-13T18:25:13.246+0000] {dagbag.py:588} INFO - Filling up the DagBag from /opt/airflow/dags/dag_extract_dvizhenie.py
[2026-07-13T18:25:13.251+0000] {processor.py:925} INFO - DAG(s) 'dag_extract_dvizhenie' retrieved from /opt/airflow/dags/dag_extract_dvizhenie.py
[2026-07-13T18:25:13.266+0000] {logging_mixin.py:190} INFO - [2026-07-13T18:25:13.265+0000] {dag.py:3239} INFO - Sync 1 DAGs
[2026-07-13T18:25:13.282+0000] {processor.py:208} INFO - Processing /opt/airflow/dags/dag_extract_dvizhenie.py took 0.040 seconds
[2026-07-13T18:25:43.791+0000] {processor.py:186} INFO - Started process (PID=66506) to work on /opt/airflow/dags/dag_extract_dvizhenie.py
[2026-07-13T18:25:43.792+0000] {processor.py:914} INFO - Processing file /opt/airflow/dags/dag_extract_dvizhenie.py for tasks to queue
[2026-07-13T18:25:43.793+0000] {logging_mixin.py:190} INFO - [2026-07-13T18:25:43.793+0000] {dagbag.py:588} INFO - Filling up the DagBag from /opt/airflow/dags/dag_extract_dvizhenie.py
[2026-07-13T18:25:43.798+0000] {processor.py:925} INFO - DAG(s) 'dag_extract_dvizhenie' retrieved from /opt/airflow/dags/dag_extract_dvizhenie.py
[2026-07-13T18:25:43.809+0000] {logging_mixin.py:190} INFO - [2026-07-13T18:25:43.809+0000] {dag.py:3239} INFO - Sync 1 DAGs
[2026-07-13T18:25:43.820+0000] {processor.py:208} INFO - Processing /opt/airflow/dags/dag_extract_dvizhenie.py took 0.033 seconds
[2026-07-13T18:26:14.296+0000] {processor.py:186} INFO - Started process (PID=66526) to work on /opt/airflow/dags/dag_extract_dvizhenie.py
[2026-07-13T18:26:14.297+0000] {processor.py:914} INFO - Processing file /opt/airflow/dags/dag_extract_dvizhenie.py for tasks to queue
[2026-07-13T18:26:14.298+0000] {logging_mixin.py:190} INFO - [2026-07-13T18:26:14.298+0000] {dagbag.py:588} INFO - Filling up the DagBag from /opt/airflow/dags/dag_extract_dvizhenie.py
[2026-07-13T18:26:14.303+0000] {processor.py:925} INFO - DAG(s) 'dag_extract_dvizhenie' retrieved from /opt/airflow/dags/dag_extract_dvizhenie.py
[2026-07-13T18:26:14.313+0000] {logging_mixin.py:190} INFO - [2026-07-13T18:26:14.313+0000] {dag.py:3239} INFO - Sync 1 DAGs
[2026-07-13T18:26:14.324+0000] {processor.py:208} INFO - Processing /opt/airflow/dags/dag_extract_dvizhenie.py took 0.031 seconds
[2026-07-13T18:26:44.834+0000] {processor.py:186} INFO - Started process (PID=66546) to work on /opt/airflow/dags/dag_extract_dvizhenie.py
[2026-07-13T18:26:44.834+0000] {processor.py:914} INFO - Processing file /opt/airflow/dags/dag_extract_dvizhenie.py for tasks to queue
[2026-07-13T18:26:44.835+0000] {logging_mixin.py:190} INFO - [2026-07-13T18:26:44.835+0000] {dagbag.py:588} INFO - Filling up the DagBag from /opt/airflow/dags/dag_extract_dvizhenie.py
[2026-07-13T18:26:44.841+0000] {processor.py:925} INFO - DAG(s) 'dag_extract_dvizhenie' retrieved from /opt/airflow/dags/dag_extract_dvizhenie.py
[2026-07-13T18:26:44.854+0000] {logging_mixin.py:190} INFO - [2026-07-13T18:26:44.854+0000] {dag.py:3239} INFO - Sync 1 DAGs
[2026-07-13T18:26:44.868+0000] {processor.py:208} INFO - Processing /opt/airflow/dags/dag_extract_dvizhenie.py took 0.039 seconds
[2026-07-13T18:27:15.266+0000] {processor.py:186} INFO - Started process (PID=66566) to work on /opt/airflow/dags/dag_extract_dvizhenie.py
[2026-07-13T18:27:15.266+0000] {processor.py:914} INFO - Processing file /opt/airflow/dags/dag_extract_dvizhenie.py for tasks to queue
[2026-07-13T18:27:15.267+0000] {logging_mixin.py:190} INFO - [2026-07-13T18:27:15.267+0000] {dagbag.py:588} INFO - Filling up the DagBag from /opt/airflow/dags/dag_extract_dvizhenie.py
[2026-07-13T18:27:15.272+0000] {processor.py:925} INFO - DAG(s) 'dag_extract_dvizhenie' retrieved from /opt/airflow/dags/dag_extract_dvizhenie.py
[2026-07-13T18:27:15.282+0000] {logging_mixin.py:190} INFO - [2026-07-13T18:27:15.282+0000] {dag.py:3239} INFO - Sync 1 DAGs
[2026-07-13T18:27:15.293+0000] {processor.py:208} INFO - Processing /opt/airflow/dags/dag_extract_dvizhenie.py took 0.030 seconds
[2026-07-13T18:27:45.830+0000] {processor.py:186} INFO - Started process (PID=66586) to work on /opt/airflow/dags/dag_extract_dvizhenie.py
[2026-07-13T18:27:45.831+0000] {processor.py:914} INFO - Processing file /opt/airflow/dags/dag_extract_dvizhenie.py for tasks to queue
[2026-07-13T18:27:45.832+0000] {logging_mixin.py:190} INFO - [2026-07-13T18:27:45.831+0000] {dagbag.py:588} INFO - Filling up the DagBag from /opt/airflow/dags/dag_extract_dvizhenie.py
[2026-07-13T18:27:45.837+0000] {processor.py:925} INFO - DAG(s) 'dag_extract_dvizhenie' retrieved from /opt/airflow/dags/dag_extract_dvizhenie.py
[2026-07-13T18:27:45.848+0000] {logging_mixin.py:190} INFO - [2026-07-13T18:27:45.848+0000] {dag.py:3239} INFO - Sync 1 DAGs
[2026-07-13T18:27:45.860+0000] {processor.py:208} INFO - Processing /opt/airflow/dags/dag_extract_dvizhenie.py took 0.032 seconds
[2026-07-13T18:28:16.301+0000] {processor.py:186} INFO - Started process (PID=66606) to work on /opt/airflow/dags/dag_extract_dvizhenie.py
[2026-07-13T18:28:16.302+0000] {processor.py:914} INFO - Processing file /opt/airflow/dags/dag_extract_dvizhenie.py for tasks to queue
[2026-07-13T18:28:16.303+0000] {logging_mixin.py:190} INFO - [2026-07-13T18:28:16.302+0000] {dagbag.py:588} INFO - Filling up the DagBag from /opt/airflow/dags/dag_extract_dvizhenie.py
[2026-07-13T18:28:16.307+0000] {processor.py:925} INFO - DAG(s) 'dag_extract_dvizhenie' retrieved from /opt/airflow/dags/dag_extract_dvizhenie.py
[2026-07-13T18:28:16.318+0000] {logging_mixin.py:190} INFO - [2026-07-13T18:28:16.318+0000] {dag.py:3239} INFO - Sync 1 DAGs
[2026-07-13T18:28:16.330+0000] {processor.py:208} INFO - Processing /opt/airflow/dags/dag_extract_dvizhenie.py took 0.032 seconds
[2026-07-13T18:28:46.837+0000] {processor.py:186} INFO - Started process (PID=66626) to work on /opt/airflow/dags/dag_extract_dvizhenie.py
[2026-07-13T18:28:46.838+0000] {processor.py:914} INFO - Processing file /opt/airflow/dags/dag_extract_dvizhenie.py for tasks to queue
[2026-07-13T18:28:46.839+0000] {logging_mixin.py:190} INFO - [2026-07-13T18:28:46.839+0000] {dagbag.py:588} INFO - Filling up the DagBag from /opt/airflow/dags/dag_extract_dvizhenie.py
[2026-07-13T18:28:46.845+0000] {processor.py:925} INFO - DAG(s) 'dag_extract_dvizhenie' retrieved from /opt/airflow/dags/dag_extract_dvizhenie.py
[2026-07-13T18:28:46.862+0000] {logging_mixin.py:190} INFO - [2026-07-13T18:28:46.862+0000] {dag.py:3239} INFO - Sync 1 DAGs
[2026-07-13T18:28:46.879+0000] {processor.py:208} INFO - Processing /opt/airflow/dags/dag_extract_dvizhenie.py took 0.045 seconds
[2026-07-13T18:29:17.286+0000] {processor.py:186} INFO - Started process (PID=66646) to work on /opt/airflow/dags/dag_extract_dvizhenie.py
[2026-07-13T18:29:17.286+0000] {processor.py:914} INFO - Processing file /opt/airflow/dags/dag_extract_dvizhenie.py for tasks to queue
[2026-07-13T18:29:17.287+0000] {logging_mixin.py:190} INFO - [2026-07-13T18:29:17.287+0000] {dagbag.py:588} INFO - Filling up the DagBag from /opt/airflow/dags/dag_extract_dvizhenie.py
[2026-07-13T18:29:17.292+0000] {processor.py:925} INFO - DAG(s) 'dag_extract_dvizhenie' retrieved from /opt/airflow/dags/dag_extract_dvizhenie.py
[2026-07-13T18:29:17.303+0000] {logging_mixin.py:190} INFO - [2026-07-13T18:29:17.303+0000] {dag.py:3239} INFO - Sync 1 DAGs
[2026-07-13T18:29:17.314+0000] {processor.py:208} INFO - Processing /opt/airflow/dags/dag_extract_dvizhenie.py took 0.031 seconds
[2026-07-13T18:29:47.798+0000] {processor.py:186} INFO - Started process (PID=66666) to work on /opt/airflow/dags/dag_extract_dvizhenie.py
[2026-07-13T18:29:47.798+0000] {processor.py:914} INFO - Processing file /opt/airflow/dags/dag_extract_dvizhenie.py for tasks to queue
[2026-07-13T18:29:47.799+0000] {logging_mixin.py:190} INFO - [2026-07-13T18:29:47.799+0000] {dagbag.py:588} INFO - Filling up the DagBag from /opt/airflow/dags/dag_extract_dvizhenie.py
[2026-07-13T18:29:47.804+0000] {processor.py:925} INFO - DAG(s) 'dag_extract_dvizhenie' retrieved from /opt/airflow/dags/dag_extract_dvizhenie.py
[2026-07-13T18:29:47.817+0000] {logging_mixin.py:190} INFO - [2026-07-13T18:29:47.817+0000] {dag.py:3239} INFO - Sync 1 DAGs
[2026-07-13T18:29:47.829+0000] {processor.py:208} INFO - Processing /opt/airflow/dags/dag_extract_dvizhenie.py took 0.034 seconds
[2026-07-13T18:30:18.292+0000] {processor.py:186} INFO - Started process (PID=66686) to work on /opt/airflow/dags/dag_extract_dvizhenie.py
[2026-07-13T18:30:18.293+0000] {processor.py:914} INFO - Processing file /opt/airflow/dags/dag_extract_dvizhenie.py for tasks to queue
[2026-07-13T18:30:18.294+0000] {logging_mixin.py:190} INFO - [2026-07-13T18:30:18.294+0000] {dagbag.py:588} INFO - Filling up the DagBag from /opt/airflow/dags/dag_extract_dvizhenie.py
[2026-07-13T18:30:18.299+0000] {processor.py:925} INFO - DAG(s) 'dag_extract_dvizhenie' retrieved from /opt/airflow/dags/dag_extract_dvizhenie.py
[2026-07-13T18:30:18.310+0000] {logging_mixin.py:190} INFO - [2026-07-13T18:30:18.310+0000] {dag.py:3239} INFO - Sync 1 DAGs
[2026-07-13T18:30:18.324+0000] {processor.py:208} INFO - Processing /opt/airflow/dags/dag_extract_dvizhenie.py took 0.035 seconds
[2026-07-13T18:30:48.766+0000] {processor.py:186} INFO - Started process (PID=66730) to work on /opt/airflow/dags/dag_extract_dvizhenie.py
[2026-07-13T18:30:48.767+0000] {processor.py:914} INFO - Processing file /opt/airflow/dags/dag_extract_dvizhenie.py for tasks to queue
[2026-07-13T18:30:48.768+0000] {logging_mixin.py:190} INFO - [2026-07-13T18:30:48.767+0000] {dagbag.py:588} INFO - Filling up the DagBag from /opt/airflow/dags/dag_extract_dvizhenie.py
[2026-07-13T18:30:48.773+0000] {processor.py:925} INFO - DAG(s) 'dag_extract_dvizhenie' retrieved from /opt/airflow/dags/dag_extract_dvizhenie.py
[2026-07-13T18:30:48.785+0000] {logging_mixin.py:190} INFO - [2026-07-13T18:30:48.785+0000] {dag.py:3239} INFO - Sync 1 DAGs
[2026-07-13T18:30:48.799+0000] {processor.py:208} INFO - Processing /opt/airflow/dags/dag_extract_dvizhenie.py took 0.036 seconds
[2026-07-13T18:31:19.295+0000] {processor.py:186} INFO - Started process (PID=66750) to work on /opt/airflow/dags/dag_extract_dvizhenie.py
[2026-07-13T18:31:19.296+0000] {processor.py:914} INFO - Processing file /opt/airflow/dags/dag_extract_dvizhenie.py for tasks to queue
[2026-07-13T18:31:19.297+0000] {logging_mixin.py:190} INFO - [2026-07-13T18:31:19.297+0000] {dagbag.py:588} INFO - Filling up the DagBag from /opt/airflow/dags/dag_extract_dvizhenie.py
[2026-07-13T18:31:19.302+0000] {processor.py:925} INFO - DAG(s) 'dag_extract_dvizhenie' retrieved from /opt/airflow/dags/dag_extract_dvizhenie.py
[2026-07-13T18:31:19.314+0000] {logging_mixin.py:190} INFO - [2026-07-13T18:31:19.313+0000] {dag.py:3239} INFO - Sync 1 DAGs
[2026-07-13T18:31:19.326+0000] {processor.py:208} INFO - Processing /opt/airflow/dags/dag_extract_dvizhenie.py took 0.034 seconds
[2026-07-13T18:31:49.797+0000] {processor.py:186} INFO - Started process (PID=66770) to work on /opt/airflow/dags/dag_extract_dvizhenie.py
[2026-07-13T18:31:49.798+0000] {processor.py:914} INFO - Processing file /opt/airflow/dags/dag_extract_dvizhenie.py for tasks to queue
[2026-07-13T18:31:49.799+0000] {logging_mixin.py:190} INFO - [2026-07-13T18:31:49.799+0000] {dagbag.py:588} INFO - Filling up the DagBag from /opt/airflow/dags/dag_extract_dvizhenie.py
[2026-07-13T18:31:49.803+0000] {processor.py:925} INFO - DAG(s) 'dag_extract_dvizhenie' retrieved from /opt/airflow/dags/dag_extract_dvizhenie.py
[2026-07-13T18:31:49.814+0000] {logging_mixin.py:190} INFO - [2026-07-13T18:31:49.813+0000] {dag.py:3239} INFO - Sync 1 DAGs
[2026-07-13T18:31:49.825+0000] {processor.py:208} INFO - Processing /opt/airflow/dags/dag_extract_dvizhenie.py took 0.031 seconds
[2026-07-13T18:32:20.235+0000] {processor.py:186} INFO - Started process (PID=66790) to work on /opt/airflow/dags/dag_extract_dvizhenie.py
[2026-07-13T18:32:20.236+0000] {processor.py:914} INFO - Processing file /opt/airflow/dags/dag_extract_dvizhenie.py for tasks to queue
[2026-07-13T18:32:20.237+0000] {logging_mixin.py:190} INFO - [2026-07-13T18:32:20.236+0000] {dagbag.py:588} INFO - Filling up the DagBag from /opt/airflow/dags/dag_extract_dvizhenie.py
[2026-07-13T18:32:20.242+0000] {processor.py:925} INFO - DAG(s) 'dag_extract_dvizhenie' retrieved from /opt/airflow/dags/dag_extract_dvizhenie.py
[2026-07-13T18:32:20.253+0000] {logging_mixin.py:190} INFO - [2026-07-13T18:32:20.253+0000] {dag.py:3239} INFO - Sync 1 DAGs
[2026-07-13T18:32:20.266+0000] {processor.py:208} INFO - Processing /opt/airflow/dags/dag_extract_dvizhenie.py took 0.034 seconds
[2026-07-13T18:32:50.792+0000] {processor.py:186} INFO - Started process (PID=66810) to work on /opt/airflow/dags/dag_extract_dvizhenie.py
[2026-07-13T18:32:50.792+0000] {processor.py:914} INFO - Processing file /opt/airflow/dags/dag_extract_dvizhenie.py for tasks to queue
[2026-07-13T18:32:50.793+0000] {logging_mixin.py:190} INFO - [2026-07-13T18:32:50.793+0000] {dagbag.py:588} INFO - Filling up the DagBag from /opt/airflow/dags/dag_extract_dvizhenie.py
[2026-07-13T18:32:50.799+0000] {processor.py:925} INFO - DAG(s) 'dag_extract_dvizhenie' retrieved from /opt/airflow/dags/dag_extract_dvizhenie.py
[2026-07-13T18:32:50.819+0000] {logging_mixin.py:190} INFO - [2026-07-13T18:32:50.819+0000] {dag.py:3239} INFO - Sync 1 DAGs
[2026-07-13T18:32:50.839+0000] {processor.py:208} INFO - Processing /opt/airflow/dags/dag_extract_dvizhenie.py took 0.051 seconds
[2026-07-13T18:33:21.344+0000] {processor.py:186} INFO - Started process (PID=66830) to work on /opt/airflow/dags/dag_extract_dvizhenie.py
[2026-07-13T18:33:21.345+0000] {processor.py:914} INFO - Processing file /opt/airflow/dags/dag_extract_dvizhenie.py for tasks to queue
[2026-07-13T18:33:21.346+0000] {logging_mixin.py:190} INFO - [2026-07-13T18:33:21.346+0000] {dagbag.py:588} INFO - Filling up the DagBag from /opt/airflow/dags/dag_extract_dvizhenie.py
[2026-07-13T18:33:21.352+0000] {processor.py:925} INFO - DAG(s) 'dag_extract_dvizhenie' retrieved from /opt/airflow/dags/dag_extract_dvizhenie.py
[2026-07-13T18:33:21.364+0000] {logging_mixin.py:190} INFO - [2026-07-13T18:33:21.364+0000] {dag.py:3239} INFO - Sync 1 DAGs
[2026-07-13T18:33:21.378+0000] {processor.py:208} INFO - Processing /opt/airflow/dags/dag_extract_dvizhenie.py took 0.037 seconds
[2026-07-13T18:33:51.963+0000] {processor.py:186} INFO - Started process (PID=66850) to work on /opt/airflow/dags/dag_extract_dvizhenie.py
[2026-07-13T18:33:51.964+0000] {processor.py:914} INFO - Processing file /opt/airflow/dags/dag_extract_dvizhenie.py for tasks to queue
[2026-07-13T18:33:51.965+0000] {logging_mixin.py:190} INFO - [2026-07-13T18:33:51.965+0000] {dagbag.py:588} INFO - Filling up the DagBag from /opt/airflow/dags/dag_extract_dvizhenie.py
[2026-07-13T18:33:51.970+0000] {processor.py:925} INFO - DAG(s) 'dag_extract_dvizhenie' retrieved from /opt/airflow/dags/dag_extract_dvizhenie.py
[2026-07-13T18:33:51.987+0000] {logging_mixin.py:190} INFO - [2026-07-13T18:33:51.987+0000] {dag.py:3239} INFO - Sync 1 DAGs
[2026-07-13T18:33:52.002+0000] {processor.py:208} INFO - Processing /opt/airflow/dags/dag_extract_dvizhenie.py took 0.042 seconds
[2026-07-13T18:34:22.431+0000] {processor.py:186} INFO - Started process (PID=66870) to work on /opt/airflow/dags/dag_extract_dvizhenie.py
[2026-07-13T18:34:22.432+0000] {processor.py:914} INFO - Processing file /opt/airflow/dags/dag_extract_dvizhenie.py for tasks to queue
[2026-07-13T18:34:22.433+0000] {logging_mixin.py:190} INFO - [2026-07-13T18:34:22.432+0000] {dagbag.py:588} INFO - Filling up the DagBag from /opt/airflow/dags/dag_extract_dvizhenie.py
[2026-07-13T18:34:22.437+0000] {processor.py:925} INFO - DAG(s) 'dag_extract_dvizhenie' retrieved from /opt/airflow/dags/dag_extract_dvizhenie.py
[2026-07-13T18:34:22.448+0000] {logging_mixin.py:190} INFO - [2026-07-13T18:34:22.448+0000] {dag.py:3239} INFO - Sync 1 DAGs
[2026-07-13T18:34:22.460+0000] {processor.py:208} INFO - Processing /opt/airflow/dags/dag_extract_dvizhenie.py took 0.032 seconds
[2026-07-13T18:34:53.018+0000] {processor.py:186} INFO - Started process (PID=66890) to work on /opt/airflow/dags/dag_extract_dvizhenie.py
[2026-07-13T18:34:53.019+0000] {processor.py:914} INFO - Processing file /opt/airflow/dags/dag_extract_dvizhenie.py for tasks to queue
[2026-07-13T18:34:53.020+0000] {logging_mixin.py:190} INFO - [2026-07-13T18:34:53.020+0000] {dagbag.py:588} INFO - Filling up the DagBag from /opt/airflow/dags/dag_extract_dvizhenie.py
[2026-07-13T18:34:53.025+0000] {processor.py:925} INFO - DAG(s) 'dag_extract_dvizhenie' retrieved from /opt/airflow/dags/dag_extract_dvizhenie.py
[2026-07-13T18:34:53.038+0000] {logging_mixin.py:190} INFO - [2026-07-13T18:34:53.038+0000] {dag.py:3239} INFO - Sync 1 DAGs
[2026-07-13T18:34:53.051+0000] {processor.py:208} INFO - Processing /opt/airflow/dags/dag_extract_dvizhenie.py took 0.035 seconds
[2026-07-13T18:35:23.547+0000] {processor.py:186} INFO - Started process (PID=66910) to work on /opt/airflow/dags/dag_extract_dvizhenie.py
[2026-07-13T18:35:23.549+0000] {processor.py:914} INFO - Processing file /opt/airflow/dags/dag_extract_dvizhenie.py for tasks to queue
[2026-07-13T18:35:23.551+0000] {logging_mixin.py:190} INFO - [2026-07-13T18:35:23.551+0000] {dagbag.py:588} INFO - Filling up the DagBag from /opt/airflow/dags/dag_extract_dvizhenie.py
[2026-07-13T18:35:23.566+0000] {processor.py:925} INFO - DAG(s) 'dag_extract_dvizhenie' retrieved from /opt/airflow/dags/dag_extract_dvizhenie.py
[2026-07-13T18:35:23.585+0000] {logging_mixin.py:190} INFO - [2026-07-13T18:35:23.585+0000] {dag.py:3239} INFO - Sync 1 DAGs
[2026-07-13T18:35:23.600+0000] {processor.py:208} INFO - Processing /opt/airflow/dags/dag_extract_dvizhenie.py took 0.065 seconds
[2026-07-13T18:35:54.083+0000] {processor.py:186} INFO - Started process (PID=66948) to work on /opt/airflow/dags/dag_extract_dvizhenie.py
[2026-07-13T18:35:54.084+0000] {processor.py:914} INFO - Processing file /opt/airflow/dags/dag_extract_dvizhenie.py for tasks to queue
[2026-07-13T18:35:54.085+0000] {logging_mixin.py:190} INFO - [2026-07-13T18:35:54.085+0000] {dagbag.py:588} INFO - Filling up the DagBag from /opt/airflow/dags/dag_extract_dvizhenie.py
[2026-07-13T18:35:54.091+0000] {processor.py:925} INFO - DAG(s) 'dag_extract_dvizhenie' retrieved from /opt/airflow/dags/dag_extract_dvizhenie.py
[2026-07-13T18:35:54.104+0000] {logging_mixin.py:190} INFO - [2026-07-13T18:35:54.104+0000] {dag.py:3239} INFO - Sync 1 DAGs
[2026-07-13T18:35:54.122+0000] {processor.py:208} INFO - Processing /opt/airflow/dags/dag_extract_dvizhenie.py took 0.043 seconds
[2026-07-13T18:36:24.510+0000] {processor.py:186} INFO - Started process (PID=66968) to work on /opt/airflow/dags/dag_extract_dvizhenie.py
[2026-07-13T18:36:24.510+0000] {processor.py:914} INFO - Processing file /opt/airflow/dags/dag_extract_dvizhenie.py for tasks to queue
[2026-07-13T18:36:24.511+0000] {logging_mixin.py:190} INFO - [2026-07-13T18:36:24.511+0000] {dagbag.py:588} INFO - Filling up the DagBag from /opt/airflow/dags/dag_extract_dvizhenie.py
[2026-07-13T18:36:24.515+0000] {processor.py:925} INFO - DAG(s) 'dag_extract_dvizhenie' retrieved from /opt/airflow/dags/dag_extract_dvizhenie.py
[2026-07-13T18:36:24.525+0000] {logging_mixin.py:190} INFO - [2026-07-13T18:36:24.525+0000] {dag.py:3239} INFO - Sync 1 DAGs
[2026-07-13T18:36:24.537+0000] {processor.py:208} INFO - Processing /opt/airflow/dags/dag_extract_dvizhenie.py took 0.030 seconds
[2026-07-13T18:36:54.971+0000] {processor.py:186} INFO - Started process (PID=66988) to work on /opt/airflow/dags/dag_extract_dvizhenie.py
[2026-07-13T18:36:54.972+0000] {processor.py:914} INFO - Processing file /opt/airflow/dags/dag_extract_dvizhenie.py for tasks to queue
[2026-07-13T18:36:54.973+0000] {logging_mixin.py:190} INFO - [2026-07-13T18:36:54.973+0000] {dagbag.py:588} INFO - Filling up the DagBag from /opt/airflow/dags/dag_extract_dvizhenie.py
[2026-07-13T18:36:54.977+0000] {processor.py:925} INFO - DAG(s) 'dag_extract_dvizhenie' retrieved from /opt/airflow/dags/dag_extract_dvizhenie.py
[2026-07-13T18:36:54.987+0000] {logging_mixin.py:190} INFO - [2026-07-13T18:36:54.987+0000] {dag.py:3239} INFO - Sync 1 DAGs
[2026-07-13T18:36:54.997+0000] {processor.py:208} INFO - Processing /opt/airflow/dags/dag_extract_dvizhenie.py took 0.029 seconds
[2026-07-13T18:37:25.403+0000] {processor.py:186} INFO - Started process (PID=67008) to work on /opt/airflow/dags/dag_extract_dvizhenie.py
[2026-07-13T18:37:25.404+0000] {processor.py:914} INFO - Processing file /opt/airflow/dags/dag_extract_dvizhenie.py for tasks to queue
[2026-07-13T18:37:25.405+0000] {logging_mixin.py:190} INFO - [2026-07-13T18:37:25.405+0000] {dagbag.py:588} INFO - Filling up the DagBag from /opt/airflow/dags/dag_extract_dvizhenie.py
[2026-07-13T18:37:25.409+0000] {processor.py:925} INFO - DAG(s) 'dag_extract_dvizhenie' retrieved from /opt/airflow/dags/dag_extract_dvizhenie.py
[2026-07-13T18:37:25.420+0000] {logging_mixin.py:190} INFO - [2026-07-13T18:37:25.420+0000] {dag.py:3239} INFO - Sync 1 DAGs
[2026-07-13T18:37:25.432+0000] {processor.py:208} INFO - Processing /opt/airflow/dags/dag_extract_dvizhenie.py took 0.032 seconds
[2026-07-13T18:37:56.123+0000] {processor.py:186} INFO - Started process (PID=67028) to work on /opt/airflow/dags/dag_extract_dvizhenie.py
[2026-07-13T18:37:56.124+0000] {processor.py:914} INFO - Processing file /opt/airflow/dags/dag_extract_dvizhenie.py for tasks to queue
[2026-07-13T18:37:56.125+0000] {logging_mixin.py:190} INFO - [2026-07-13T18:37:56.124+0000] {dagbag.py:588} INFO - Filling up the DagBag from /opt/airflow/dags/dag_extract_dvizhenie.py
[2026-07-13T18:37:56.130+0000] {processor.py:925} INFO - DAG(s) 'dag_extract_dvizhenie' retrieved from /opt/airflow/dags/dag_extract_dvizhenie.py
[2026-07-13T18:37:56.142+0000] {logging_mixin.py:190} INFO - [2026-07-13T18:37:56.142+0000] {dag.py:3239} INFO - Sync 1 DAGs
[2026-07-13T18:37:56.155+0000] {processor.py:208} INFO - Processing /opt/airflow/dags/dag_extract_dvizhenie.py took 0.035 seconds
[2026-07-13T18:38:26.663+0000] {processor.py:186} INFO - Started process (PID=67048) to work on /opt/airflow/dags/dag_extract_dvizhenie.py
[2026-07-13T18:38:26.663+0000] {processor.py:914} INFO - Processing file /opt/airflow/dags/dag_extract_dvizhenie.py for tasks to queue
[2026-07-13T18:38:26.664+0000] {logging_mixin.py:190} INFO - [2026-07-13T18:38:26.664+0000] {dagbag.py:588} INFO - Filling up the DagBag from /opt/airflow/dags/dag_extract_dvizhenie.py
[2026-07-13T18:38:26.669+0000] {processor.py:925} INFO - DAG(s) 'dag_extract_dvizhenie' retrieved from /opt/airflow/dags/dag_extract_dvizhenie.py
[2026-07-13T18:38:26.681+0000] {logging_mixin.py:190} INFO - [2026-07-13T18:38:26.680+0000] {dag.py:3239} INFO - Sync 1 DAGs
[2026-07-13T18:38:26.692+0000] {processor.py:208} INFO - Processing /opt/airflow/dags/dag_extract_dvizhenie.py took 0.032 seconds
[2026-07-13T18:38:57.121+0000] {processor.py:186} INFO - Started process (PID=67068) to work on /opt/airflow/dags/dag_extract_dvizhenie.py
[2026-07-13T18:38:57.121+0000] {processor.py:914} INFO - Processing file /opt/airflow/dags/dag_extract_dvizhenie.py for tasks to queue
[2026-07-13T18:38:57.122+0000] {logging_mixin.py:190} INFO - [2026-07-13T18:38:57.122+0000] {dagbag.py:588} INFO - Filling up the DagBag from /opt/airflow/dags/dag_extract_dvizhenie.py
[2026-07-13T18:38:57.127+0000] {processor.py:925} INFO - DAG(s) 'dag_extract_dvizhenie' retrieved from /opt/airflow/dags/dag_extract_dvizhenie.py
[2026-07-13T18:38:57.136+0000] {logging_mixin.py:190} INFO - [2026-07-13T18:38:57.136+0000] {dag.py:3239} INFO - Sync 1 DAGs
[2026-07-13T18:38:57.147+0000] {processor.py:208} INFO - Processing /opt/airflow/dags/dag_extract_dvizhenie.py took 0.029 seconds
[2026-07-13T18:39:27.552+0000] {processor.py:186} INFO - Started process (PID=67086) to work on /opt/airflow/dags/dag_extract_dvizhenie.py
[2026-07-13T18:39:27.552+0000] {processor.py:914} INFO - Processing file /opt/airflow/dags/dag_extract_dvizhenie.py for tasks to queue
[2026-07-13T18:39:27.553+0000] {logging_mixin.py:190} INFO - [2026-07-13T18:39:27.553+0000] {dagbag.py:588} INFO - Filling up the DagBag from /opt/airflow/dags/dag_extract_dvizhenie.py
[2026-07-13T18:39:27.561+0000] {processor.py:925} INFO - DAG(s) 'dag_extract_dvizhenie' retrieved from /opt/airflow/dags/dag_extract_dvizhenie.py
[2026-07-13T18:39:27.576+0000] {logging_mixin.py:190} INFO - [2026-07-13T18:39:27.576+0000] {dag.py:3239} INFO - Sync 1 DAGs
[2026-07-13T18:39:27.592+0000] {processor.py:208} INFO - Processing /opt/airflow/dags/dag_extract_dvizhenie.py took 0.043 seconds
[2026-07-13T18:39:58.028+0000] {processor.py:186} INFO - Started process (PID=67108) to work on /opt/airflow/dags/dag_extract_dvizhenie.py
[2026-07-13T18:39:58.029+0000] {processor.py:914} INFO - Processing file /opt/airflow/dags/dag_extract_dvizhenie.py for tasks to queue
[2026-07-13T18:39:58.030+0000] {logging_mixin.py:190} INFO - [2026-07-13T18:39:58.030+0000] {dagbag.py:588} INFO - Filling up the DagBag from /opt/airflow/dags/dag_extract_dvizhenie.py
[2026-07-13T18:39:58.034+0000] {processor.py:925} INFO - DAG(s) 'dag_extract_dvizhenie' retrieved from /opt/airflow/dags/dag_extract_dvizhenie.py
[2026-07-13T18:39:58.044+0000] {logging_mixin.py:190} INFO - [2026-07-13T18:39:58.044+0000] {dag.py:3239} INFO - Sync 1 DAGs
[2026-07-13T18:39:58.054+0000] {processor.py:208} INFO - Processing /opt/airflow/dags/dag_extract_dvizhenie.py took 0.029 seconds
[2026-07-13T18:40:28.501+0000] {processor.py:186} INFO - Started process (PID=67128) to work on /opt/airflow/dags/dag_extract_dvizhenie.py
[2026-07-13T18:40:28.502+0000] {processor.py:914} INFO - Processing file /opt/airflow/dags/dag_extract_dvizhenie.py for tasks to queue
[2026-07-13T18:40:28.503+0000] {logging_mixin.py:190} INFO - [2026-07-13T18:40:28.502+0000] {dagbag.py:588} INFO - Filling up the DagBag from /opt/airflow/dags/dag_extract_dvizhenie.py
[2026-07-13T18:40:28.507+0000] {processor.py:925} INFO - DAG(s) 'dag_extract_dvizhenie' retrieved from /opt/airflow/dags/dag_extract_dvizhenie.py
[2026-07-13T18:40:28.517+0000] {logging_mixin.py:190} INFO - [2026-07-13T18:40:28.517+0000] {dag.py:3239} INFO - Sync 1 DAGs
[2026-07-13T18:40:28.528+0000] {processor.py:208} INFO - Processing /opt/airflow/dags/dag_extract_dvizhenie.py took 0.029 seconds
[2026-07-13T18:40:58.934+0000] {processor.py:186} INFO - Started process (PID=67181) to work on /opt/airflow/dags/dag_extract_dvizhenie.py
[2026-07-13T18:40:58.935+0000] {processor.py:914} INFO - Processing file /opt/airflow/dags/dag_extract_dvizhenie.py for tasks to queue
[2026-07-13T18:40:58.936+0000] {logging_mixin.py:190} INFO - [2026-07-13T18:40:58.936+0000] {dagbag.py:588} INFO - Filling up the DagBag from /opt/airflow/dags/dag_extract_dvizhenie.py
[2026-07-13T18:40:58.940+0000] {processor.py:925} INFO - DAG(s) 'dag_extract_dvizhenie' retrieved from /opt/airflow/dags/dag_extract_dvizhenie.py
[2026-07-13T18:40:58.950+0000] {logging_mixin.py:190} INFO - [2026-07-13T18:40:58.950+0000] {dag.py:3239} INFO - Sync 1 DAGs
[2026-07-13T18:40:58.957+0000] {logging_mixin.py:190} INFO - [2026-07-13T18:40:58.957+0000] {dag.py:4180} INFO - Setting next_dagrun for dag_extract_dvizhenie to 2026-07-13 16:00:00+00:00, run_after=2026-07-13 18:00:00+00:00
[2026-07-13T18:40:58.962+0000] {processor.py:208} INFO - Processing /opt/airflow/dags/dag_extract_dvizhenie.py took 0.030 seconds
[2026-07-13T18:41:29.383+0000] {processor.py:186} INFO - Started process (PID=67202) to work on /opt/airflow/dags/dag_extract_dvizhenie.py
[2026-07-13T18:41:29.383+0000] {processor.py:914} INFO - Processing file /opt/airflow/dags/dag_extract_dvizhenie.py for tasks to queue
[2026-07-13T18:41:29.386+0000] {logging_mixin.py:190} INFO - [2026-07-13T18:41:29.386+0000] {dagbag.py:588} INFO - Filling up the DagBag from /opt/airflow/dags/dag_extract_dvizhenie.py
[2026-07-13T18:41:29.392+0000] {processor.py:925} INFO - DAG(s) 'dag_extract_dvizhenie' retrieved from /opt/airflow/dags/dag_extract_dvizhenie.py
[2026-07-13T18:41:29.407+0000] {logging_mixin.py:190} INFO - [2026-07-13T18:41:29.407+0000] {dag.py:3239} INFO - Sync 1 DAGs
[2026-07-13T18:41:29.421+0000] {processor.py:208} INFO - Processing /opt/airflow/dags/dag_extract_dvizhenie.py took 0.041 seconds
[2026-07-13T18:41:59.864+0000] {processor.py:186} INFO - Started process (PID=67224) to work on /opt/airflow/dags/dag_extract_dvizhenie.py
[2026-07-13T18:41:59.865+0000] {processor.py:914} INFO - Processing file /opt/airflow/dags/dag_extract_dvizhenie.py for tasks to queue
[2026-07-13T18:41:59.866+0000] {logging_mixin.py:190} INFO - [2026-07-13T18:41:59.866+0000] {dagbag.py:588} INFO - Filling up the DagBag from /opt/airflow/dags/dag_extract_dvizhenie.py
[2026-07-13T18:41:59.870+0000] {processor.py:925} INFO - DAG(s) 'dag_extract_dvizhenie' retrieved from /opt/airflow/dags/dag_extract_dvizhenie.py
[2026-07-13T18:41:59.880+0000] {logging_mixin.py:190} INFO - [2026-07-13T18:41:59.880+0000] {dag.py:3239} INFO - Sync 1 DAGs
[2026-07-13T18:41:59.892+0000] {processor.py:208} INFO - Processing /opt/airflow/dags/dag_extract_dvizhenie.py took 0.030 seconds
[2026-07-13T18:42:30.276+0000] {processor.py:186} INFO - Started process (PID=67244) to work on /opt/airflow/dags/dag_extract_dvizhenie.py
[2026-07-13T18:42:30.277+0000] {processor.py:914} INFO - Processing file /opt/airflow/dags/dag_extract_dvizhenie.py for tasks to queue
[2026-07-13T18:42:30.278+0000] {logging_mixin.py:190} INFO - [2026-07-13T18:42:30.277+0000] {dagbag.py:588} INFO - Filling up the DagBag from /opt/airflow/dags/dag_extract_dvizhenie.py
[2026-07-13T18:42:30.282+0000] {processor.py:925} INFO - DAG(s) 'dag_extract_dvizhenie' retrieved from /opt/airflow/dags/dag_extract_dvizhenie.py
[2026-07-13T18:42:30.297+0000] {logging_mixin.py:190} INFO - [2026-07-13T18:42:30.297+0000] {dag.py:3239} INFO - Sync 1 DAGs
[2026-07-13T18:42:30.312+0000] {processor.py:208} INFO - Processing /opt/airflow/dags/dag_extract_dvizhenie.py took 0.039 seconds
[2026-07-13T18:43:00.726+0000] {processor.py:186} INFO - Started process (PID=67262) to work on /opt/airflow/dags/dag_extract_dvizhenie.py
[2026-07-13T18:43:00.727+0000] {processor.py:914} INFO - Processing file /opt/airflow/dags/dag_extract_dvizhenie.py for tasks to queue
[2026-07-13T18:43:00.729+0000] {logging_mixin.py:190} INFO - [2026-07-13T18:43:00.728+0000] {dagbag.py:588} INFO - Filling up the DagBag from /opt/airflow/dags/dag_extract_dvizhenie.py
[2026-07-13T18:43:00.735+0000] {processor.py:925} INFO - DAG(s) 'dag_extract_dvizhenie' retrieved from /opt/airflow/dags/dag_extract_dvizhenie.py
[2026-07-13T18:43:00.749+0000] {logging_mixin.py:190} INFO - [2026-07-13T18:43:00.749+0000] {dag.py:3239} INFO - Sync 1 DAGs
[2026-07-13T18:43:00.763+0000] {processor.py:208} INFO - Processing /opt/airflow/dags/dag_extract_dvizhenie.py took 0.040 seconds
[2026-07-13T18:43:31.208+0000] {processor.py:186} INFO - Started process (PID=67284) to work on /opt/airflow/dags/dag_extract_dvizhenie.py
[2026-07-13T18:43:31.209+0000] {processor.py:914} INFO - Processing file /opt/airflow/dags/dag_extract_dvizhenie.py for tasks to queue
[2026-07-13T18:43:31.209+0000] {logging_mixin.py:190} INFO - [2026-07-13T18:43:31.209+0000] {dagbag.py:588} INFO - Filling up the DagBag from /opt/airflow/dags/dag_extract_dvizhenie.py
[2026-07-13T18:43:31.214+0000] {processor.py:925} INFO - DAG(s) 'dag_extract_dvizhenie' retrieved from /opt/airflow/dags/dag_extract_dvizhenie.py
[2026-07-13T18:43:31.225+0000] {logging_mixin.py:190} INFO - [2026-07-13T18:43:31.225+0000] {dag.py:3239} INFO - Sync 1 DAGs
[2026-07-13T18:43:31.236+0000] {processor.py:208} INFO - Processing /opt/airflow/dags/dag_extract_dvizhenie.py took 0.030 seconds
[2026-07-13T18:44:01.672+0000] {processor.py:186} INFO - Started process (PID=67302) to work on /opt/airflow/dags/dag_extract_dvizhenie.py
[2026-07-13T18:44:01.673+0000] {processor.py:914} INFO - Processing file /opt/airflow/dags/dag_extract_dvizhenie.py for tasks to queue
[2026-07-13T18:44:01.674+0000] {logging_mixin.py:190} INFO - [2026-07-13T18:44:01.674+0000] {dagbag.py:588} INFO - Filling up the DagBag from /opt/airflow/dags/dag_extract_dvizhenie.py
[2026-07-13T18:44:01.680+0000] {processor.py:925} INFO - DAG(s) 'dag_extract_dvizhenie' retrieved from /opt/airflow/dags/dag_extract_dvizhenie.py
[2026-07-13T18:44:01.697+0000] {logging_mixin.py:190} INFO - [2026-07-13T18:44:01.697+0000] {dag.py:3239} INFO - Sync 1 DAGs
[2026-07-13T18:44:01.713+0000] {processor.py:208} INFO - Processing /opt/airflow/dags/dag_extract_dvizhenie.py took 0.044 seconds
[2026-07-13T18:44:32.233+0000] {processor.py:186} INFO - Started process (PID=67324) to work on /opt/airflow/dags/dag_extract_dvizhenie.py
[2026-07-13T18:44:32.234+0000] {processor.py:914} INFO - Processing file /opt/airflow/dags/dag_extract_dvizhenie.py for tasks to queue
[2026-07-13T18:44:32.234+0000] {logging_mixin.py:190} INFO - [2026-07-13T18:44:32.234+0000] {dagbag.py:588} INFO - Filling up the DagBag from /opt/airflow/dags/dag_extract_dvizhenie.py
[2026-07-13T18:44:32.239+0000] {processor.py:925} INFO - DAG(s) 'dag_extract_dvizhenie' retrieved from /opt/airflow/dags/dag_extract_dvizhenie.py
[2026-07-13T18:44:32.251+0000] {logging_mixin.py:190} INFO - [2026-07-13T18:44:32.251+0000] {dag.py:3239} INFO - Sync 1 DAGs
[2026-07-13T18:44:32.263+0000] {processor.py:208} INFO - Processing /opt/airflow/dags/dag_extract_dvizhenie.py took 0.033 seconds
[2026-07-13T18:45:02.744+0000] {processor.py:186} INFO - Started process (PID=67344) to work on /opt/airflow/dags/dag_extract_dvizhenie.py
[2026-07-13T18:45:02.745+0000] {processor.py:914} INFO - Processing file /opt/airflow/dags/dag_extract_dvizhenie.py for tasks to queue
[2026-07-13T18:45:02.746+0000] {logging_mixin.py:190} INFO - [2026-07-13T18:45:02.746+0000] {dagbag.py:588} INFO - Filling up the DagBag from /opt/airflow/dags/dag_extract_dvizhenie.py
[2026-07-13T18:45:02.751+0000] {processor.py:925} INFO - DAG(s) 'dag_extract_dvizhenie' retrieved from /opt/airflow/dags/dag_extract_dvizhenie.py
[2026-07-13T18:45:02.763+0000] {logging_mixin.py:190} INFO - [2026-07-13T18:45:02.763+0000] {dag.py:3239} INFO - Sync 1 DAGs
[2026-07-13T18:45:02.775+0000] {processor.py:208} INFO - Processing /opt/airflow/dags/dag_extract_dvizhenie.py took 0.034 seconds
[2026-07-13T18:45:33.166+0000] {processor.py:186} INFO - Started process (PID=67362) to work on /opt/airflow/dags/dag_extract_dvizhenie.py
[2026-07-13T18:45:33.167+0000] {processor.py:914} INFO - Processing file /opt/airflow/dags/dag_extract_dvizhenie.py for tasks to queue
[2026-07-13T18:45:33.168+0000] {logging_mixin.py:190} INFO - [2026-07-13T18:45:33.168+0000] {dagbag.py:588} INFO - Filling up the DagBag from /opt/airflow/dags/dag_extract_dvizhenie.py
[2026-07-13T18:45:33.176+0000] {processor.py:925} INFO - DAG(s) 'dag_extract_dvizhenie' retrieved from /opt/airflow/dags/dag_extract_dvizhenie.py
[2026-07-13T18:45:33.193+0000] {logging_mixin.py:190} INFO - [2026-07-13T18:45:33.193+0000] {dag.py:3239} INFO - Sync 1 DAGs
[2026-07-13T18:45:33.211+0000] {processor.py:208} INFO - Processing /opt/airflow/dags/dag_extract_dvizhenie.py took 0.048 seconds
[2026-07-13T18:46:03.621+0000] {processor.py:186} INFO - Started process (PID=67402) to work on /opt/airflow/dags/dag_extract_dvizhenie.py
[2026-07-13T18:46:03.622+0000] {processor.py:914} INFO - Processing file /opt/airflow/dags/dag_extract_dvizhenie.py for tasks to queue
[2026-07-13T18:46:03.623+0000] {logging_mixin.py:190} INFO - [2026-07-13T18:46:03.623+0000] {dagbag.py:588} INFO - Filling up the DagBag from /opt/airflow/dags/dag_extract_dvizhenie.py
[2026-07-13T18:46:03.627+0000] {processor.py:925} INFO - DAG(s) 'dag_extract_dvizhenie' retrieved from /opt/airflow/dags/dag_extract_dvizhenie.py
[2026-07-13T18:46:03.637+0000] {logging_mixin.py:190} INFO - [2026-07-13T18:46:03.637+0000] {dag.py:3239} INFO - Sync 1 DAGs
[2026-07-13T18:46:03.649+0000] {processor.py:208} INFO - Processing /opt/airflow/dags/dag_extract_dvizhenie.py took 0.030 seconds
[2026-07-13T18:46:34.080+0000] {processor.py:186} INFO - Started process (PID=67422) to work on /opt/airflow/dags/dag_extract_dvizhenie.py
[2026-07-13T18:46:34.080+0000] {processor.py:914} INFO - Processing file /opt/airflow/dags/dag_extract_dvizhenie.py for tasks to queue
[2026-07-13T18:46:34.081+0000] {logging_mixin.py:190} INFO - [2026-07-13T18:46:34.081+0000] {dagbag.py:588} INFO - Filling up the DagBag from /opt/airflow/dags/dag_extract_dvizhenie.py
[2026-07-13T18:46:34.086+0000] {processor.py:925} INFO - DAG(s) 'dag_extract_dvizhenie' retrieved from /opt/airflow/dags/dag_extract_dvizhenie.py
[2026-07-13T18:46:34.096+0000] {logging_mixin.py:190} INFO - [2026-07-13T18:46:34.096+0000] {dag.py:3239} INFO - Sync 1 DAGs
[2026-07-13T18:46:34.108+0000] {processor.py:208} INFO - Processing /opt/airflow/dags/dag_extract_dvizhenie.py took 0.031 seconds
[2026-07-13T18:47:04.598+0000] {processor.py:186} INFO - Started process (PID=67442) to work on /opt/airflow/dags/dag_extract_dvizhenie.py
[2026-07-13T18:47:04.598+0000] {processor.py:914} INFO - Processing file /opt/airflow/dags/dag_extract_dvizhenie.py for tasks to queue
[2026-07-13T18:47:04.599+0000] {logging_mixin.py:190} INFO - [2026-07-13T18:47:04.599+0000] {dagbag.py:588} INFO - Filling up the DagBag from /opt/airflow/dags/dag_extract_dvizhenie.py
[2026-07-13T18:47:04.604+0000] {processor.py:925} INFO - DAG(s) 'dag_extract_dvizhenie' retrieved from /opt/airflow/dags/dag_extract_dvizhenie.py
[2026-07-13T18:47:04.614+0000] {logging_mixin.py:190} INFO - [2026-07-13T18:47:04.614+0000] {dag.py:3239} INFO - Sync 1 DAGs
[2026-07-13T18:47:04.626+0000] {processor.py:208} INFO - Processing /opt/airflow/dags/dag_extract_dvizhenie.py took 0.031 seconds
[2026-07-13T18:47:35.125+0000] {processor.py:186} INFO - Started process (PID=67462) to work on /opt/airflow/dags/dag_extract_dvizhenie.py
[2026-07-13T18:47:35.126+0000] {processor.py:914} INFO - Processing file /opt/airflow/dags/dag_extract_dvizhenie.py for tasks to queue
[2026-07-13T18:47:35.127+0000] {logging_mixin.py:190} INFO - [2026-07-13T18:47:35.127+0000] {dagbag.py:588} INFO - Filling up the DagBag from /opt/airflow/dags/dag_extract_dvizhenie.py
[2026-07-13T18:47:35.133+0000] {processor.py:925} INFO - DAG(s) 'dag_extract_dvizhenie' retrieved from /opt/airflow/dags/dag_extract_dvizhenie.py
[2026-07-13T18:47:35.147+0000] {logging_mixin.py:190} INFO - [2026-07-13T18:47:35.147+0000] {dag.py:3239} INFO - Sync 1 DAGs
[2026-07-13T18:47:35.162+0000] {processor.py:208} INFO - Processing /opt/airflow/dags/dag_extract_dvizhenie.py took 0.041 seconds
[2026-07-13T18:48:05.727+0000] {processor.py:186} INFO - Started process (PID=67482) to work on /opt/airflow/dags/dag_extract_dvizhenie.py
[2026-07-13T18:48:05.727+0000] {processor.py:914} INFO - Processing file /opt/airflow/dags/dag_extract_dvizhenie.py for tasks to queue
[2026-07-13T18:48:05.728+0000] {logging_mixin.py:190} INFO - [2026-07-13T18:48:05.728+0000] {dagbag.py:588} INFO - Filling up the DagBag from /opt/airflow/dags/dag_extract_dvizhenie.py
[2026-07-13T18:48:05.733+0000] {processor.py:925} INFO - DAG(s) 'dag_extract_dvizhenie' retrieved from /opt/airflow/dags/dag_extract_dvizhenie.py
[2026-07-13T18:48:05.744+0000] {logging_mixin.py:190} INFO - [2026-07-13T18:48:05.744+0000] {dag.py:3239} INFO - Sync 1 DAGs
[2026-07-13T18:48:05.756+0000] {processor.py:208} INFO - Processing /opt/airflow/dags/dag_extract_dvizhenie.py took 0.032 seconds
[2026-07-13T18:48:36.248+0000] {processor.py:186} INFO - Started process (PID=67502) to work on /opt/airflow/dags/dag_extract_dvizhenie.py
[2026-07-13T18:48:36.249+0000] {processor.py:914} INFO - Processing file /opt/airflow/dags/dag_extract_dvizhenie.py for tasks to queue
[2026-07-13T18:48:36.249+0000] {logging_mixin.py:190} INFO - [2026-07-13T18:48:36.249+0000] {dagbag.py:588} INFO - Filling up the DagBag from /opt/airflow/dags/dag_extract_dvizhenie.py
[2026-07-13T18:48:36.254+0000] {processor.py:925} INFO - DAG(s) 'dag_extract_dvizhenie' retrieved from /opt/airflow/dags/dag_extract_dvizhenie.py
[2026-07-13T18:48:36.265+0000] {logging_mixin.py:190} INFO - [2026-07-13T18:48:36.265+0000] {dag.py:3239} INFO - Sync 1 DAGs
[2026-07-13T18:48:36.278+0000] {processor.py:208} INFO - Processing /opt/airflow/dags/dag_extract_dvizhenie.py took 0.033 seconds
[2026-07-13T18:49:06.717+0000] {processor.py:186} INFO - Started process (PID=67522) to work on /opt/airflow/dags/dag_extract_dvizhenie.py
[2026-07-13T18:49:06.718+0000] {processor.py:914} INFO - Processing file /opt/airflow/dags/dag_extract_dvizhenie.py for tasks to queue
[2026-07-13T18:49:06.718+0000] {logging_mixin.py:190} INFO - [2026-07-13T18:49:06.718+0000] {dagbag.py:588} INFO - Filling up the DagBag from /opt/airflow/dags/dag_extract_dvizhenie.py
[2026-07-13T18:49:06.723+0000] {processor.py:925} INFO - DAG(s) 'dag_extract_dvizhenie' retrieved from /opt/airflow/dags/dag_extract_dvizhenie.py
[2026-07-13T18:49:06.734+0000] {logging_mixin.py:190} INFO - [2026-07-13T18:49:06.734+0000] {dag.py:3239} INFO - Sync 1 DAGs
[2026-07-13T18:49:06.746+0000] {processor.py:208} INFO - Processing /opt/airflow/dags/dag_extract_dvizhenie.py took 0.033 seconds
[2026-07-13T18:49:37.163+0000] {processor.py:186} INFO - Started process (PID=67542) to work on /opt/airflow/dags/dag_extract_dvizhenie.py
[2026-07-13T18:49:37.164+0000] {processor.py:914} INFO - Processing file /opt/airflow/dags/dag_extract_dvizhenie.py for tasks to queue
[2026-07-13T18:49:37.165+0000] {logging_mixin.py:190} INFO - [2026-07-13T18:49:37.165+0000] {dagbag.py:588} INFO - Filling up the DagBag from /opt/airflow/dags/dag_extract_dvizhenie.py
[2026-07-13T18:49:37.169+0000] {processor.py:925} INFO - DAG(s) 'dag_extract_dvizhenie' retrieved from /opt/airflow/dags/dag_extract_dvizhenie.py
[2026-07-13T18:49:37.179+0000] {logging_mixin.py:190} INFO - [2026-07-13T18:49:37.179+0000] {dag.py:3239} INFO - Sync 1 DAGs
[2026-07-13T18:49:37.190+0000] {processor.py:208} INFO - Processing /opt/airflow/dags/dag_extract_dvizhenie.py took 0.029 seconds
[2026-07-13T18:50:07.701+0000] {processor.py:186} INFO - Started process (PID=67562) to work on /opt/airflow/dags/dag_extract_dvizhenie.py
[2026-07-13T18:50:07.702+0000] {processor.py:914} INFO - Processing file /opt/airflow/dags/dag_extract_dvizhenie.py for tasks to queue
[2026-07-13T18:50:07.703+0000] {logging_mixin.py:190} INFO - [2026-07-13T18:50:07.703+0000] {dagbag.py:588} INFO - Filling up the DagBag from /opt/airflow/dags/dag_extract_dvizhenie.py
[2026-07-13T18:50:07.707+0000] {processor.py:925} INFO - DAG(s) 'dag_extract_dvizhenie' retrieved from /opt/airflow/dags/dag_extract_dvizhenie.py
[2026-07-13T18:50:07.717+0000] {logging_mixin.py:190} INFO - [2026-07-13T18:50:07.717+0000] {dag.py:3239} INFO - Sync 1 DAGs
[2026-07-13T18:50:07.731+0000] {processor.py:208} INFO - Processing /opt/airflow/dags/dag_extract_dvizhenie.py took 0.032 seconds
[2026-07-13T18:50:38.161+0000] {processor.py:186} INFO - Started process (PID=67591) to work on /opt/airflow/dags/dag_extract_dvizhenie.py
[2026-07-13T18:50:38.162+0000] {processor.py:914} INFO - Processing file /opt/airflow/dags/dag_extract_dvizhenie.py for tasks to queue
[2026-07-13T18:50:38.163+0000] {logging_mixin.py:190} INFO - [2026-07-13T18:50:38.163+0000] {dagbag.py:588} INFO - Filling up the DagBag from /opt/airflow/dags/dag_extract_dvizhenie.py
[2026-07-13T18:50:38.168+0000] {processor.py:925} INFO - DAG(s) 'dag_extract_dvizhenie' retrieved from /opt/airflow/dags/dag_extract_dvizhenie.py
[2026-07-13T18:50:38.179+0000] {logging_mixin.py:190} INFO - [2026-07-13T18:50:38.179+0000] {dag.py:3239} INFO - Sync 1 DAGs
[2026-07-13T18:50:38.190+0000] {processor.py:208} INFO - Processing /opt/airflow/dags/dag_extract_dvizhenie.py took 0.031 seconds
[2026-07-13T18:51:08.644+0000] {processor.py:186} INFO - Started process (PID=67623) to work on /opt/airflow/dags/dag_extract_dvizhenie.py
[2026-07-13T18:51:08.644+0000] {processor.py:914} INFO - Processing file /opt/airflow/dags/dag_extract_dvizhenie.py for tasks to queue
[2026-07-13T18:51:08.645+0000] {logging_mixin.py:190} INFO - [2026-07-13T18:51:08.645+0000] {dagbag.py:588} INFO - Filling up the DagBag from /opt/airflow/dags/dag_extract_dvizhenie.py
[2026-07-13T18:51:08.650+0000] {processor.py:925} INFO - DAG(s) 'dag_extract_dvizhenie' retrieved from /opt/airflow/dags/dag_extract_dvizhenie.py
[2026-07-13T18:51:08.660+0000] {logging_mixin.py:190} INFO - [2026-07-13T18:51:08.660+0000] {dag.py:3239} INFO - Sync 1 DAGs
[2026-07-13T18:51:08.671+0000] {processor.py:208} INFO - Processing /opt/airflow/dags/dag_extract_dvizhenie.py took 0.030 seconds
[2026-07-13T18:51:39.093+0000] {processor.py:186} INFO - Started process (PID=67642) to work on /opt/airflow/dags/dag_extract_dvizhenie.py
[2026-07-13T18:51:39.093+0000] {processor.py:914} INFO - Processing file /opt/airflow/dags/dag_extract_dvizhenie.py for tasks to queue
[2026-07-13T18:51:39.094+0000] {logging_mixin.py:190} INFO - [2026-07-13T18:51:39.094+0000] {dagbag.py:588} INFO - Filling up the DagBag from /opt/airflow/dags/dag_extract_dvizhenie.py
[2026-07-13T18:51:39.100+0000] {processor.py:925} INFO - DAG(s) 'dag_extract_dvizhenie' retrieved from /opt/airflow/dags/dag_extract_dvizhenie.py
[2026-07-13T18:51:39.115+0000] {logging_mixin.py:190} INFO - [2026-07-13T18:51:39.115+0000] {dag.py:3239} INFO - Sync 1 DAGs
[2026-07-13T18:51:39.132+0000] {processor.py:208} INFO - Processing /opt/airflow/dags/dag_extract_dvizhenie.py took 0.044 seconds
[2026-07-13T18:52:09.611+0000] {processor.py:186} INFO - Started process (PID=67663) to work on /opt/airflow/dags/dag_extract_dvizhenie.py
[2026-07-13T18:52:09.612+0000] {processor.py:914} INFO - Processing file /opt/airflow/dags/dag_extract_dvizhenie.py for tasks to queue
[2026-07-13T18:52:09.614+0000] {logging_mixin.py:190} INFO - [2026-07-13T18:52:09.614+0000] {dagbag.py:588} INFO - Filling up the DagBag from /opt/airflow/dags/dag_extract_dvizhenie.py
[2026-07-13T18:52:09.620+0000] {processor.py:925} INFO - DAG(s) 'dag_extract_dvizhenie' retrieved from /opt/airflow/dags/dag_extract_dvizhenie.py
[2026-07-13T18:52:09.642+0000] {logging_mixin.py:190} INFO - [2026-07-13T18:52:09.641+0000] {dag.py:3239} INFO - Sync 1 DAGs
[2026-07-13T18:52:09.743+0000] {processor.py:208} INFO - Processing /opt/airflow/dags/dag_extract_dvizhenie.py took 0.136 seconds
[2026-07-13T18:52:40.285+0000] {processor.py:186} INFO - Started process (PID=67683) to work on /opt/airflow/dags/dag_extract_dvizhenie.py
[2026-07-13T18:52:40.286+0000] {processor.py:914} INFO - Processing file /opt/airflow/dags/dag_extract_dvizhenie.py for tasks to queue
[2026-07-13T18:52:40.287+0000] {logging_mixin.py:190} INFO - [2026-07-13T18:52:40.287+0000] {dagbag.py:588} INFO - Filling up the DagBag from /opt/airflow/dags/dag_extract_dvizhenie.py
[2026-07-13T18:52:40.292+0000] {processor.py:925} INFO - DAG(s) 'dag_extract_dvizhenie' retrieved from /opt/airflow/dags/dag_extract_dvizhenie.py
[2026-07-13T18:52:40.303+0000] {logging_mixin.py:190} INFO - [2026-07-13T18:52:40.303+0000] {dag.py:3239} INFO - Sync 1 DAGs
[2026-07-13T18:52:40.315+0000] {processor.py:208} INFO - Processing /opt/airflow/dags/dag_extract_dvizhenie.py took 0.035 seconds
[2026-07-13T18:53:10.798+0000] {processor.py:186} INFO - Started process (PID=67703) to work on /opt/airflow/dags/dag_extract_dvizhenie.py
[2026-07-13T18:53:10.799+0000] {processor.py:914} INFO - Processing file /opt/airflow/dags/dag_extract_dvizhenie.py for tasks to queue
[2026-07-13T18:53:10.800+0000] {logging_mixin.py:190} INFO - [2026-07-13T18:53:10.800+0000] {dagbag.py:588} INFO - Filling up the DagBag from /opt/airflow/dags/dag_extract_dvizhenie.py
[2026-07-13T18:53:10.805+0000] {processor.py:925} INFO - DAG(s) 'dag_extract_dvizhenie' retrieved from /opt/airflow/dags/dag_extract_dvizhenie.py
[2026-07-13T18:53:10.815+0000] {logging_mixin.py:190} INFO - [2026-07-13T18:53:10.815+0000] {dag.py:3239} INFO - Sync 1 DAGs
[2026-07-13T18:53:10.826+0000] {processor.py:208} INFO - Processing /opt/airflow/dags/dag_extract_dvizhenie.py took 0.031 seconds
[2026-07-13T18:53:41.354+0000] {processor.py:186} INFO - Started process (PID=67723) to work on /opt/airflow/dags/dag_extract_dvizhenie.py
[2026-07-13T18:53:41.354+0000] {processor.py:914} INFO - Processing file /opt/airflow/dags/dag_extract_dvizhenie.py for tasks to queue
[2026-07-13T18:53:41.355+0000] {logging_mixin.py:190} INFO - [2026-07-13T18:53:41.355+0000] {dagbag.py:588} INFO - Filling up the DagBag from /opt/airflow/dags/dag_extract_dvizhenie.py
[2026-07-13T18:53:41.361+0000] {processor.py:925} INFO - DAG(s) 'dag_extract_dvizhenie' retrieved from /opt/airflow/dags/dag_extract_dvizhenie.py
[2026-07-13T18:53:41.378+0000] {logging_mixin.py:190} INFO - [2026-07-13T18:53:41.378+0000] {dag.py:3239} INFO - Sync 1 DAGs
[2026-07-13T18:53:41.393+0000] {processor.py:208} INFO - Processing /opt/airflow/dags/dag_extract_dvizhenie.py took 0.043 seconds
[2026-07-13T18:54:11.897+0000] {processor.py:186} INFO - Started process (PID=67743) to work on /opt/airflow/dags/dag_extract_dvizhenie.py
[2026-07-13T18:54:11.898+0000] {processor.py:914} INFO - Processing file /opt/airflow/dags/dag_extract_dvizhenie.py for tasks to queue
[2026-07-13T18:54:11.899+0000] {logging_mixin.py:190} INFO - [2026-07-13T18:54:11.899+0000] {dagbag.py:588} INFO - Filling up the DagBag from /opt/airflow/dags/dag_extract_dvizhenie.py
[2026-07-13T18:54:11.904+0000] {processor.py:925} INFO - DAG(s) 'dag_extract_dvizhenie' retrieved from /opt/airflow/dags/dag_extract_dvizhenie.py
[2026-07-13T18:54:11.916+0000] {logging_mixin.py:190} INFO - [2026-07-13T18:54:11.916+0000] {dag.py:3239} INFO - Sync 1 DAGs
[2026-07-13T18:54:11.930+0000] {processor.py:208} INFO - Processing /opt/airflow/dags/dag_extract_dvizhenie.py took 0.036 seconds
[2026-07-13T18:54:42.442+0000] {processor.py:186} INFO - Started process (PID=67763) to work on /opt/airflow/dags/dag_extract_dvizhenie.py
[2026-07-13T18:54:42.443+0000] {processor.py:914} INFO - Processing file /opt/airflow/dags/dag_extract_dvizhenie.py for tasks to queue
[2026-07-13T18:54:42.444+0000] {logging_mixin.py:190} INFO - [2026-07-13T18:54:42.443+0000] {dagbag.py:588} INFO - Filling up the DagBag from /opt/airflow/dags/dag_extract_dvizhenie.py
[2026-07-13T18:54:42.450+0000] {processor.py:925} INFO - DAG(s) 'dag_extract_dvizhenie' retrieved from /opt/airflow/dags/dag_extract_dvizhenie.py
[2026-07-13T18:54:42.464+0000] {logging_mixin.py:190} INFO - [2026-07-13T18:54:42.464+0000] {dag.py:3239} INFO - Sync 1 DAGs
[2026-07-13T18:54:42.480+0000] {processor.py:208} INFO - Processing /opt/airflow/dags/dag_extract_dvizhenie.py took 0.041 seconds
[2026-07-13T18:55:12.915+0000] {processor.py:186} INFO - Started process (PID=67783) to work on /opt/airflow/dags/dag_extract_dvizhenie.py
[2026-07-13T18:55:12.916+0000] {processor.py:914} INFO - Processing file /opt/airflow/dags/dag_extract_dvizhenie.py for tasks to queue
[2026-07-13T18:55:12.917+0000] {logging_mixin.py:190} INFO - [2026-07-13T18:55:12.917+0000] {dagbag.py:588} INFO - Filling up the DagBag from /opt/airflow/dags/dag_extract_dvizhenie.py
[2026-07-13T18:55:12.923+0000] {processor.py:925} INFO - DAG(s) 'dag_extract_dvizhenie' retrieved from /opt/airflow/dags/dag_extract_dvizhenie.py
[2026-07-13T18:55:12.936+0000] {logging_mixin.py:190} INFO - [2026-07-13T18:55:12.936+0000] {dag.py:3239} INFO - Sync 1 DAGs
[2026-07-13T18:55:12.948+0000] {processor.py:208} INFO - Processing /opt/airflow/dags/dag_extract_dvizhenie.py took 0.037 seconds
[2026-07-13T18:55:43.372+0000] {processor.py:186} INFO - Started process (PID=67803) to work on /opt/airflow/dags/dag_extract_dvizhenie.py
[2026-07-13T18:55:43.373+0000] {processor.py:914} INFO - Processing file /opt/airflow/dags/dag_extract_dvizhenie.py for tasks to queue
[2026-07-13T18:55:43.373+0000] {logging_mixin.py:190} INFO - [2026-07-13T18:55:43.373+0000] {dagbag.py:588} INFO - Filling up the DagBag from /opt/airflow/dags/dag_extract_dvizhenie.py
[2026-07-13T18:55:43.378+0000] {processor.py:925} INFO - DAG(s) 'dag_extract_dvizhenie' retrieved from /opt/airflow/dags/dag_extract_dvizhenie.py
[2026-07-13T18:55:43.388+0000] {logging_mixin.py:190} INFO - [2026-07-13T18:55:43.388+0000] {dag.py:3239} INFO - Sync 1 DAGs
[2026-07-13T18:55:43.400+0000] {processor.py:208} INFO - Processing /opt/airflow/dags/dag_extract_dvizhenie.py took 0.030 seconds
[2026-07-13T18:56:13.825+0000] {processor.py:186} INFO - Started process (PID=67841) to work on /opt/airflow/dags/dag_extract_dvizhenie.py
[2026-07-13T18:56:13.825+0000] {processor.py:914} INFO - Processing file /opt/airflow/dags/dag_extract_dvizhenie.py for tasks to queue
[2026-07-13T18:56:13.826+0000] {logging_mixin.py:190} INFO - [2026-07-13T18:56:13.826+0000] {dagbag.py:588} INFO - Filling up the DagBag from /opt/airflow/dags/dag_extract_dvizhenie.py
[2026-07-13T18:56:13.831+0000] {processor.py:925} INFO - DAG(s) 'dag_extract_dvizhenie' retrieved from /opt/airflow/dags/dag_extract_dvizhenie.py
[2026-07-13T18:56:13.841+0000] {logging_mixin.py:190} INFO - [2026-07-13T18:56:13.840+0000] {dag.py:3239} INFO - Sync 1 DAGs
[2026-07-13T18:56:13.852+0000] {processor.py:208} INFO - Processing /opt/airflow/dags/dag_extract_dvizhenie.py took 0.030 seconds
[2026-07-13T18:56:44.386+0000] {processor.py:186} INFO - Started process (PID=67861) to work on /opt/airflow/dags/dag_extract_dvizhenie.py
[2026-07-13T18:56:44.386+0000] {processor.py:914} INFO - Processing file /opt/airflow/dags/dag_extract_dvizhenie.py for tasks to queue
[2026-07-13T18:56:44.387+0000] {logging_mixin.py:190} INFO - [2026-07-13T18:56:44.387+0000] {dagbag.py:588} INFO - Filling up the DagBag from /opt/airflow/dags/dag_extract_dvizhenie.py
[2026-07-13T18:56:44.392+0000] {processor.py:925} INFO - DAG(s) 'dag_extract_dvizhenie' retrieved from /opt/airflow/dags/dag_extract_dvizhenie.py
[2026-07-13T18:56:44.401+0000] {logging_mixin.py:190} INFO - [2026-07-13T18:56:44.401+0000] {dag.py:3239} INFO - Sync 1 DAGs
[2026-07-13T18:56:44.412+0000] {processor.py:208} INFO - Processing /opt/airflow/dags/dag_extract_dvizhenie.py took 0.029 seconds
[2026-07-13T18:57:14.947+0000] {processor.py:186} INFO - Started process (PID=67881) to work on /opt/airflow/dags/dag_extract_dvizhenie.py
[2026-07-13T18:57:14.948+0000] {processor.py:914} INFO - Processing file /opt/airflow/dags/dag_extract_dvizhenie.py for tasks to queue
[2026-07-13T18:57:14.950+0000] {logging_mixin.py:190} INFO - [2026-07-13T18:57:14.949+0000] {dagbag.py:588} INFO - Filling up the DagBag from /opt/airflow/dags/dag_extract_dvizhenie.py
[2026-07-13T18:57:14.956+0000] {processor.py:925} INFO - DAG(s) 'dag_extract_dvizhenie' retrieved from /opt/airflow/dags/dag_extract_dvizhenie.py
[2026-07-13T18:57:14.972+0000] {logging_mixin.py:190} INFO - [2026-07-13T18:57:14.972+0000] {dag.py:3239} INFO - Sync 1 DAGs
[2026-07-13T18:57:14.989+0000] {processor.py:208} INFO - Processing /opt/airflow/dags/dag_extract_dvizhenie.py took 0.046 seconds
[2026-07-13T18:57:45.592+0000] {processor.py:186} INFO - Started process (PID=67901) to work on /opt/airflow/dags/dag_extract_dvizhenie.py
[2026-07-13T18:57:45.593+0000] {processor.py:914} INFO - Processing file /opt/airflow/dags/dag_extract_dvizhenie.py for tasks to queue
[2026-07-13T18:57:45.594+0000] {logging_mixin.py:190} INFO - [2026-07-13T18:57:45.593+0000] {dagbag.py:588} INFO - Filling up the DagBag from /opt/airflow/dags/dag_extract_dvizhenie.py
[2026-07-13T18:57:45.599+0000] {processor.py:925} INFO - DAG(s) 'dag_extract_dvizhenie' retrieved from /opt/airflow/dags/dag_extract_dvizhenie.py
[2026-07-13T18:57:45.612+0000] {logging_mixin.py:190} INFO - [2026-07-13T18:57:45.612+0000] {dag.py:3239} INFO - Sync 1 DAGs
[2026-07-13T18:57:45.628+0000] {processor.py:208} INFO - Processing /opt/airflow/dags/dag_extract_dvizhenie.py took 0.044 seconds
[2026-07-13T18:58:16.136+0000] {processor.py:186} INFO - Started process (PID=67921) to work on /opt/airflow/dags/dag_extract_dvizhenie.py
[2026-07-13T18:58:16.137+0000] {processor.py:914} INFO - Processing file /opt/airflow/dags/dag_extract_dvizhenie.py for tasks to queue
[2026-07-13T18:58:16.138+0000] {logging_mixin.py:190} INFO - [2026-07-13T18:58:16.138+0000] {dagbag.py:588} INFO - Filling up the DagBag from /opt/airflow/dags/dag_extract_dvizhenie.py
[2026-07-13T18:58:16.142+0000] {processor.py:925} INFO - DAG(s) 'dag_extract_dvizhenie' retrieved from /opt/airflow/dags/dag_extract_dvizhenie.py
[2026-07-13T18:58:16.152+0000] {logging_mixin.py:190} INFO - [2026-07-13T18:58:16.152+0000] {dag.py:3239} INFO - Sync 1 DAGs
[2026-07-13T18:58:16.164+0000] {processor.py:208} INFO - Processing /opt/airflow/dags/dag_extract_dvizhenie.py took 0.030 seconds
[2026-07-13T18:58:46.652+0000] {processor.py:186} INFO - Started process (PID=67941) to work on /opt/airflow/dags/dag_extract_dvizhenie.py
[2026-07-13T18:58:46.653+0000] {processor.py:914} INFO - Processing file /opt/airflow/dags/dag_extract_dvizhenie.py for tasks to queue
[2026-07-13T18:58:46.654+0000] {logging_mixin.py:190} INFO - [2026-07-13T18:58:46.654+0000] {dagbag.py:588} INFO - Filling up the DagBag from /opt/airflow/dags/dag_extract_dvizhenie.py
[2026-07-13T18:58:46.659+0000] {processor.py:925} INFO - DAG(s) 'dag_extract_dvizhenie' retrieved from /opt/airflow/dags/dag_extract_dvizhenie.py
[2026-07-13T18:58:46.670+0000] {logging_mixin.py:190} INFO - [2026-07-13T18:58:46.669+0000] {dag.py:3239} INFO - Sync 1 DAGs
[2026-07-13T18:58:46.682+0000] {processor.py:208} INFO - Processing /opt/airflow/dags/dag_extract_dvizhenie.py took 0.033 seconds
[2026-07-13T18:59:17.177+0000] {processor.py:186} INFO - Started process (PID=67961) to work on /opt/airflow/dags/dag_extract_dvizhenie.py
[2026-07-13T18:59:17.177+0000] {processor.py:914} INFO - Processing file /opt/airflow/dags/dag_extract_dvizhenie.py for tasks to queue
[2026-07-13T18:59:17.178+0000] {logging_mixin.py:190} INFO - [2026-07-13T18:59:17.178+0000] {dagbag.py:588} INFO - Filling up the DagBag from /opt/airflow/dags/dag_extract_dvizhenie.py
[2026-07-13T18:59:17.183+0000] {processor.py:925} INFO - DAG(s) 'dag_extract_dvizhenie' retrieved from /opt/airflow/dags/dag_extract_dvizhenie.py
[2026-07-13T18:59:17.193+0000] {logging_mixin.py:190} INFO - [2026-07-13T18:59:17.193+0000] {dag.py:3239} INFO - Sync 1 DAGs
[2026-07-13T18:59:17.204+0000] {processor.py:208} INFO - Processing /opt/airflow/dags/dag_extract_dvizhenie.py took 0.031 seconds
[2026-07-13T18:59:47.682+0000] {processor.py:186} INFO - Started process (PID=67981) to work on /opt/airflow/dags/dag_extract_dvizhenie.py
[2026-07-13T18:59:47.683+0000] {processor.py:914} INFO - Processing file /opt/airflow/dags/dag_extract_dvizhenie.py for tasks to queue
[2026-07-13T18:59:47.684+0000] {logging_mixin.py:190} INFO - [2026-07-13T18:59:47.684+0000] {dagbag.py:588} INFO - Filling up the DagBag from /opt/airflow/dags/dag_extract_dvizhenie.py
[2026-07-13T18:59:47.689+0000] {processor.py:925} INFO - DAG(s) 'dag_extract_dvizhenie' retrieved from /opt/airflow/dags/dag_extract_dvizhenie.py
[2026-07-13T18:59:47.700+0000] {logging_mixin.py:190} INFO - [2026-07-13T18:59:47.700+0000] {dag.py:3239} INFO - Sync 1 DAGs
[2026-07-13T18:59:47.712+0000] {processor.py:208} INFO - Processing /opt/airflow/dags/dag_extract_dvizhenie.py took 0.032 seconds
[2026-07-13T19:00:18.316+0000] {processor.py:186} INFO - Started process (PID=67999) to work on /opt/airflow/dags/dag_extract_dvizhenie.py
[2026-07-13T19:00:18.318+0000] {processor.py:914} INFO - Processing file /opt/airflow/dags/dag_extract_dvizhenie.py for tasks to queue
[2026-07-13T19:00:18.319+0000] {logging_mixin.py:190} INFO - [2026-07-13T19:00:18.319+0000] {dagbag.py:588} INFO - Filling up the DagBag from /opt/airflow/dags/dag_extract_dvizhenie.py
[2026-07-13T19:00:18.326+0000] {processor.py:925} INFO - DAG(s) 'dag_extract_dvizhenie' retrieved from /opt/airflow/dags/dag_extract_dvizhenie.py
[2026-07-13T19:00:18.341+0000] {logging_mixin.py:190} INFO - [2026-07-13T19:00:18.341+0000] {dag.py:3239} INFO - Sync 1 DAGs
[2026-07-13T19:00:18.357+0000] {processor.py:208} INFO - Processing /opt/airflow/dags/dag_extract_dvizhenie.py took 0.051 seconds
[2026-07-13T19:00:48.878+0000] {processor.py:186} INFO - Started process (PID=68048) to work on /opt/airflow/dags/dag_extract_dvizhenie.py
[2026-07-13T19:00:48.879+0000] {processor.py:914} INFO - Processing file /opt/airflow/dags/dag_extract_dvizhenie.py for tasks to queue
[2026-07-13T19:00:48.880+0000] {logging_mixin.py:190} INFO - [2026-07-13T19:00:48.880+0000] {dagbag.py:588} INFO - Filling up the DagBag from /opt/airflow/dags/dag_extract_dvizhenie.py
[2026-07-13T19:00:48.887+0000] {processor.py:925} INFO - DAG(s) 'dag_extract_dvizhenie' retrieved from /opt/airflow/dags/dag_extract_dvizhenie.py
[2026-07-13T19:00:48.906+0000] {logging_mixin.py:190} INFO - [2026-07-13T19:00:48.906+0000] {dag.py:3239} INFO - Sync 1 DAGs
[2026-07-13T19:00:48.925+0000] {processor.py:208} INFO - Processing /opt/airflow/dags/dag_extract_dvizhenie.py took 0.052 seconds
[2026-07-13T19:01:19.500+0000] {processor.py:186} INFO - Started process (PID=68074) to work on /opt/airflow/dags/dag_extract_dvizhenie.py
[2026-07-13T19:01:19.501+0000] {processor.py:914} INFO - Processing file /opt/airflow/dags/dag_extract_dvizhenie.py for tasks to queue
[2026-07-13T19:01:19.503+0000] {logging_mixin.py:190} INFO - [2026-07-13T19:01:19.502+0000] {dagbag.py:588} INFO - Filling up the DagBag from /opt/airflow/dags/dag_extract_dvizhenie.py
[2026-07-13T19:01:19.510+0000] {processor.py:925} INFO - DAG(s) 'dag_extract_dvizhenie' retrieved from /opt/airflow/dags/dag_extract_dvizhenie.py
[2026-07-13T19:01:19.522+0000] {logging_mixin.py:190} INFO - [2026-07-13T19:01:19.522+0000] {dag.py:3239} INFO - Sync 1 DAGs
[2026-07-13T19:01:19.537+0000] {processor.py:208} INFO - Processing /opt/airflow/dags/dag_extract_dvizhenie.py took 0.043 seconds
[2026-07-13T19:01:50.113+0000] {processor.py:186} INFO - Started process (PID=68092) to work on /opt/airflow/dags/dag_extract_dvizhenie.py
[2026-07-13T19:01:50.116+0000] {processor.py:914} INFO - Processing file /opt/airflow/dags/dag_extract_dvizhenie.py for tasks to queue
[2026-07-13T19:01:50.121+0000] {logging_mixin.py:190} INFO - [2026-07-13T19:01:50.121+0000] {dagbag.py:588} INFO - Filling up the DagBag from /opt/airflow/dags/dag_extract_dvizhenie.py
[2026-07-13T19:01:50.140+0000] {processor.py:925} INFO - DAG(s) 'dag_extract_dvizhenie' retrieved from /opt/airflow/dags/dag_extract_dvizhenie.py
[2026-07-13T19:01:50.169+0000] {logging_mixin.py:190} INFO - [2026-07-13T19:01:50.169+0000] {dag.py:3239} INFO - Sync 1 DAGs
[2026-07-13T19:01:50.334+0000] {processor.py:208} INFO - Processing /opt/airflow/dags/dag_extract_dvizhenie.py took 0.226 seconds
[2026-07-13T19:02:20.762+0000] {processor.py:186} INFO - Started process (PID=68114) to work on /opt/airflow/dags/dag_extract_dvizhenie.py
[2026-07-13T19:02:20.763+0000] {processor.py:914} INFO - Processing file /opt/airflow/dags/dag_extract_dvizhenie.py for tasks to queue
[2026-07-13T19:02:20.764+0000] {logging_mixin.py:190} INFO - [2026-07-13T19:02:20.764+0000] {dagbag.py:588} INFO - Filling up the DagBag from /opt/airflow/dags/dag_extract_dvizhenie.py
[2026-07-13T19:02:20.769+0000] {processor.py:925} INFO - DAG(s) 'dag_extract_dvizhenie' retrieved from /opt/airflow/dags/dag_extract_dvizhenie.py
[2026-07-13T19:02:20.779+0000] {logging_mixin.py:190} INFO - [2026-07-13T19:02:20.778+0000] {dag.py:3239} INFO - Sync 1 DAGs
[2026-07-13T19:02:20.791+0000] {processor.py:208} INFO - Processing /opt/airflow/dags/dag_extract_dvizhenie.py took 0.033 seconds
[2026-07-13T19:02:51.490+0000] {processor.py:186} INFO - Started process (PID=68134) to work on /opt/airflow/dags/dag_extract_dvizhenie.py
[2026-07-13T19:02:51.491+0000] {processor.py:914} INFO - Processing file /opt/airflow/dags/dag_extract_dvizhenie.py for tasks to queue
[2026-07-13T19:02:51.492+0000] {logging_mixin.py:190} INFO - [2026-07-13T19:02:51.492+0000] {dagbag.py:588} INFO - Filling up the DagBag from /opt/airflow/dags/dag_extract_dvizhenie.py
[2026-07-13T19:02:51.497+0000] {processor.py:925} INFO - DAG(s) 'dag_extract_dvizhenie' retrieved from /opt/airflow/dags/dag_extract_dvizhenie.py
[2026-07-13T19:02:51.508+0000] {logging_mixin.py:190} INFO - [2026-07-13T19:02:51.508+0000] {dag.py:3239} INFO - Sync 1 DAGs
[2026-07-13T19:02:51.520+0000] {processor.py:208} INFO - Processing /opt/airflow/dags/dag_extract_dvizhenie.py took 0.032 seconds
[2026-07-13T19:03:21.941+0000] {processor.py:186} INFO - Started process (PID=68152) to work on /opt/airflow/dags/dag_extract_dvizhenie.py
[2026-07-13T19:03:21.942+0000] {processor.py:914} INFO - Processing file /opt/airflow/dags/dag_extract_dvizhenie.py for tasks to queue
[2026-07-13T19:03:21.944+0000] {logging_mixin.py:190} INFO - [2026-07-13T19:03:21.944+0000] {dagbag.py:588} INFO - Filling up the DagBag from /opt/airflow/dags/dag_extract_dvizhenie.py
[2026-07-13T19:03:21.953+0000] {processor.py:925} INFO - DAG(s) 'dag_extract_dvizhenie' retrieved from /opt/airflow/dags/dag_extract_dvizhenie.py
[2026-07-13T19:03:21.970+0000] {logging_mixin.py:190} INFO - [2026-07-13T19:03:21.970+0000] {dag.py:3239} INFO - Sync 1 DAGs
[2026-07-13T19:03:22.063+0000] {processor.py:208} INFO - Processing /opt/airflow/dags/dag_extract_dvizhenie.py took 0.126 seconds
[2026-07-13T19:03:52.648+0000] {processor.py:186} INFO - Started process (PID=68174) to work on /opt/airflow/dags/dag_extract_dvizhenie.py
[2026-07-13T19:03:52.648+0000] {processor.py:914} INFO - Processing file /opt/airflow/dags/dag_extract_dvizhenie.py for tasks to queue
[2026-07-13T19:03:52.649+0000] {logging_mixin.py:190} INFO - [2026-07-13T19:03:52.649+0000] {dagbag.py:588} INFO - Filling up the DagBag from /opt/airflow/dags/dag_extract_dvizhenie.py
[2026-07-13T19:03:52.655+0000] {processor.py:925} INFO - DAG(s) 'dag_extract_dvizhenie' retrieved from /opt/airflow/dags/dag_extract_dvizhenie.py
[2026-07-13T19:03:52.671+0000] {logging_mixin.py:190} INFO - [2026-07-13T19:03:52.671+0000] {dag.py:3239} INFO - Sync 1 DAGs
[2026-07-13T19:03:52.690+0000] {processor.py:208} INFO - Processing /opt/airflow/dags/dag_extract_dvizhenie.py took 0.046 seconds
[2026-07-13T19:04:23.333+0000] {processor.py:186} INFO - Started process (PID=68194) to work on /opt/airflow/dags/dag_extract_dvizhenie.py
[2026-07-13T19:04:23.334+0000] {processor.py:914} INFO - Processing file /opt/airflow/dags/dag_extract_dvizhenie.py for tasks to queue
[2026-07-13T19:04:23.335+0000] {logging_mixin.py:190} INFO - [2026-07-13T19:04:23.335+0000] {dagbag.py:588} INFO - Filling up the DagBag from /opt/airflow/dags/dag_extract_dvizhenie.py
[2026-07-13T19:04:23.340+0000] {processor.py:925} INFO - DAG(s) 'dag_extract_dvizhenie' retrieved from /opt/airflow/dags/dag_extract_dvizhenie.py
[2026-07-13T19:04:23.419+0000] {logging_mixin.py:190} INFO - [2026-07-13T19:04:23.419+0000] {dag.py:3239} INFO - Sync 1 DAGs
[2026-07-13T19:04:23.431+0000] {processor.py:208} INFO - Processing /opt/airflow/dags/dag_extract_dvizhenie.py took 0.100 seconds
[2026-07-13T19:04:53.921+0000] {processor.py:186} INFO - Started process (PID=68214) to work on /opt/airflow/dags/dag_extract_dvizhenie.py
[2026-07-13T19:04:53.922+0000] {processor.py:914} INFO - Processing file /opt/airflow/dags/dag_extract_dvizhenie.py for tasks to queue
[2026-07-13T19:04:53.923+0000] {logging_mixin.py:190} INFO - [2026-07-13T19:04:53.923+0000] {dagbag.py:588} INFO - Filling up the DagBag from /opt/airflow/dags/dag_extract_dvizhenie.py
[2026-07-13T19:04:53.928+0000] {processor.py:925} INFO - DAG(s) 'dag_extract_dvizhenie' retrieved from /opt/airflow/dags/dag_extract_dvizhenie.py
[2026-07-13T19:04:53.940+0000] {logging_mixin.py:190} INFO - [2026-07-13T19:04:53.940+0000] {dag.py:3239} INFO - Sync 1 DAGs
[2026-07-13T19:04:53.953+0000] {processor.py:208} INFO - Processing /opt/airflow/dags/dag_extract_dvizhenie.py took 0.037 seconds
[2026-07-13T19:05:24.448+0000] {processor.py:186} INFO - Started process (PID=68234) to work on /opt/airflow/dags/dag_extract_dvizhenie.py
[2026-07-13T19:05:24.449+0000] {processor.py:914} INFO - Processing file /opt/airflow/dags/dag_extract_dvizhenie.py for tasks to queue
[2026-07-13T19:05:24.450+0000] {logging_mixin.py:190} INFO - [2026-07-13T19:05:24.449+0000] {dagbag.py:588} INFO - Filling up the DagBag from /opt/airflow/dags/dag_extract_dvizhenie.py
[2026-07-13T19:05:24.456+0000] {processor.py:925} INFO - DAG(s) 'dag_extract_dvizhenie' retrieved from /opt/airflow/dags/dag_extract_dvizhenie.py
[2026-07-13T19:05:24.468+0000] {logging_mixin.py:190} INFO - [2026-07-13T19:05:24.468+0000] {dag.py:3239} INFO - Sync 1 DAGs
[2026-07-13T19:05:24.481+0000] {processor.py:208} INFO - Processing /opt/airflow/dags/dag_extract_dvizhenie.py took 0.037 seconds
[2026-07-13T19:05:54.923+0000] {processor.py:186} INFO - Started process (PID=68263) to work on /opt/airflow/dags/dag_extract_dvizhenie.py
[2026-07-13T19:05:54.924+0000] {processor.py:914} INFO - Processing file /opt/airflow/dags/dag_extract_dvizhenie.py for tasks to queue
[2026-07-13T19:05:54.926+0000] {logging_mixin.py:190} INFO - [2026-07-13T19:05:54.925+0000] {dagbag.py:588} INFO - Filling up the DagBag from /opt/airflow/dags/dag_extract_dvizhenie.py
[2026-07-13T19:05:54.931+0000] {processor.py:925} INFO - DAG(s) 'dag_extract_dvizhenie' retrieved from /opt/airflow/dags/dag_extract_dvizhenie.py
[2026-07-13T19:05:54.944+0000] {logging_mixin.py:190} INFO - [2026-07-13T19:05:54.944+0000] {dag.py:3239} INFO - Sync 1 DAGs
[2026-07-13T19:05:54.958+0000] {processor.py:208} INFO - Processing /opt/airflow/dags/dag_extract_dvizhenie.py took 0.038 seconds
[2026-07-13T19:06:25.364+0000] {processor.py:186} INFO - Started process (PID=68283) to work on /opt/airflow/dags/dag_extract_dvizhenie.py
[2026-07-13T19:06:25.365+0000] {processor.py:914} INFO - Processing file /opt/airflow/dags/dag_extract_dvizhenie.py for tasks to queue
[2026-07-13T19:06:25.366+0000] {logging_mixin.py:190} INFO - [2026-07-13T19:06:25.366+0000] {dagbag.py:588} INFO - Filling up the DagBag from /opt/airflow/dags/dag_extract_dvizhenie.py
[2026-07-13T19:06:25.370+0000] {processor.py:925} INFO - DAG(s) 'dag_extract_dvizhenie' retrieved from /opt/airflow/dags/dag_extract_dvizhenie.py
[2026-07-13T19:06:25.381+0000] {logging_mixin.py:190} INFO - [2026-07-13T19:06:25.381+0000] {dag.py:3239} INFO - Sync 1 DAGs
[2026-07-13T19:06:25.392+0000] {processor.py:208} INFO - Processing /opt/airflow/dags/dag_extract_dvizhenie.py took 0.031 seconds
[2026-07-13T19:06:55.837+0000] {processor.py:186} INFO - Started process (PID=68303) to work on /opt/airflow/dags/dag_extract_dvizhenie.py
[2026-07-13T19:06:55.837+0000] {processor.py:914} INFO - Processing file /opt/airflow/dags/dag_extract_dvizhenie.py for tasks to queue
[2026-07-13T19:06:55.838+0000] {logging_mixin.py:190} INFO - [2026-07-13T19:06:55.838+0000] {dagbag.py:588} INFO - Filling up the DagBag from /opt/airflow/dags/dag_extract_dvizhenie.py
[2026-07-13T19:06:55.843+0000] {processor.py:925} INFO - DAG(s) 'dag_extract_dvizhenie' retrieved from /opt/airflow/dags/dag_extract_dvizhenie.py
[2026-07-13T19:06:55.854+0000] {logging_mixin.py:190} INFO - [2026-07-13T19:06:55.854+0000] {dag.py:3239} INFO - Sync 1 DAGs
[2026-07-13T19:06:55.865+0000] {processor.py:208} INFO - Processing /opt/airflow/dags/dag_extract_dvizhenie.py took 0.031 seconds
[2026-07-13T19:07:26.278+0000] {processor.py:186} INFO - Started process (PID=68321) to work on /opt/airflow/dags/dag_extract_dvizhenie.py
[2026-07-13T19:07:26.278+0000] {processor.py:914} INFO - Processing file /opt/airflow/dags/dag_extract_dvizhenie.py for tasks to queue
[2026-07-13T19:07:26.281+0000] {logging_mixin.py:190} INFO - [2026-07-13T19:07:26.281+0000] {dagbag.py:588} INFO - Filling up the DagBag from /opt/airflow/dags/dag_extract_dvizhenie.py
[2026-07-13T19:07:26.287+0000] {processor.py:925} INFO - DAG(s) 'dag_extract_dvizhenie' retrieved from /opt/airflow/dags/dag_extract_dvizhenie.py
[2026-07-13T19:07:26.302+0000] {logging_mixin.py:190} INFO - [2026-07-13T19:07:26.302+0000] {dag.py:3239} INFO - Sync 1 DAGs
[2026-07-13T19:07:26.315+0000] {processor.py:208} INFO - Processing /opt/airflow/dags/dag_extract_dvizhenie.py took 0.040 seconds
[2026-07-13T19:07:56.773+0000] {processor.py:186} INFO - Started process (PID=68343) to work on /opt/airflow/dags/dag_extract_dvizhenie.py
[2026-07-13T19:07:56.773+0000] {processor.py:914} INFO - Processing file /opt/airflow/dags/dag_extract_dvizhenie.py for tasks to queue
[2026-07-13T19:07:56.774+0000] {logging_mixin.py:190} INFO - [2026-07-13T19:07:56.774+0000] {dagbag.py:588} INFO - Filling up the DagBag from /opt/airflow/dags/dag_extract_dvizhenie.py
[2026-07-13T19:07:56.778+0000] {processor.py:925} INFO - DAG(s) 'dag_extract_dvizhenie' retrieved from /opt/airflow/dags/dag_extract_dvizhenie.py
[2026-07-13T19:07:56.789+0000] {logging_mixin.py:190} INFO - [2026-07-13T19:07:56.789+0000] {dag.py:3239} INFO - Sync 1 DAGs
[2026-07-13T19:07:56.800+0000] {processor.py:208} INFO - Processing /opt/airflow/dags/dag_extract_dvizhenie.py took 0.030 seconds
[2026-07-13T19:08:27.229+0000] {processor.py:186} INFO - Started process (PID=68363) to work on /opt/airflow/dags/dag_extract_dvizhenie.py
[2026-07-13T19:08:27.229+0000] {processor.py:914} INFO - Processing file /opt/airflow/dags/dag_extract_dvizhenie.py for tasks to queue
[2026-07-13T19:08:27.230+0000] {logging_mixin.py:190} INFO - [2026-07-13T19:08:27.230+0000] {dagbag.py:588} INFO - Filling up the DagBag from /opt/airflow/dags/dag_extract_dvizhenie.py
[2026-07-13T19:08:27.236+0000] {processor.py:925} INFO - DAG(s) 'dag_extract_dvizhenie' retrieved from /opt/airflow/dags/dag_extract_dvizhenie.py
[2026-07-13T19:08:27.247+0000] {logging_mixin.py:190} INFO - [2026-07-13T19:08:27.247+0000] {dag.py:3239} INFO - Sync 1 DAGs
[2026-07-13T19:08:27.263+0000] {processor.py:208} INFO - Processing /opt/airflow/dags/dag_extract_dvizhenie.py took 0.037 seconds
[2026-07-13T19:08:57.672+0000] {processor.py:186} INFO - Started process (PID=68383) to work on /opt/airflow/dags/dag_extract_dvizhenie.py
[2026-07-13T19:08:57.672+0000] {processor.py:914} INFO - Processing file /opt/airflow/dags/dag_extract_dvizhenie.py for tasks to queue
[2026-07-13T19:08:57.673+0000] {logging_mixin.py:190} INFO - [2026-07-13T19:08:57.673+0000] {dagbag.py:588} INFO - Filling up the DagBag from /opt/airflow/dags/dag_extract_dvizhenie.py
[2026-07-13T19:08:57.677+0000] {processor.py:925} INFO - DAG(s) 'dag_extract_dvizhenie' retrieved from /opt/airflow/dags/dag_extract_dvizhenie.py
[2026-07-13T19:08:57.687+0000] {logging_mixin.py:190} INFO - [2026-07-13T19:08:57.687+0000] {dag.py:3239} INFO - Sync 1 DAGs
[2026-07-13T19:08:57.698+0000] {processor.py:208} INFO - Processing /opt/airflow/dags/dag_extract_dvizhenie.py took 0.029 seconds
[2026-07-13T19:09:28.146+0000] {processor.py:186} INFO - Started process (PID=68403) to work on /opt/airflow/dags/dag_extract_dvizhenie.py
[2026-07-13T19:09:28.147+0000] {processor.py:914} INFO - Processing file /opt/airflow/dags/dag_extract_dvizhenie.py for tasks to queue
[2026-07-13T19:09:28.148+0000] {logging_mixin.py:190} INFO - [2026-07-13T19:09:28.148+0000] {dagbag.py:588} INFO - Filling up the DagBag from /opt/airflow/dags/dag_extract_dvizhenie.py
[2026-07-13T19:09:28.153+0000] {processor.py:925} INFO - DAG(s) 'dag_extract_dvizhenie' retrieved from /opt/airflow/dags/dag_extract_dvizhenie.py
[2026-07-13T19:09:28.165+0000] {logging_mixin.py:190} INFO - [2026-07-13T19:09:28.164+0000] {dag.py:3239} INFO - Sync 1 DAGs
[2026-07-13T19:09:28.179+0000] {processor.py:208} INFO - Processing /opt/airflow/dags/dag_extract_dvizhenie.py took 0.039 seconds
[2026-07-13T19:09:58.643+0000] {processor.py:186} INFO - Started process (PID=68423) to work on /opt/airflow/dags/dag_extract_dvizhenie.py
[2026-07-13T19:09:58.644+0000] {processor.py:914} INFO - Processing file /opt/airflow/dags/dag_extract_dvizhenie.py for tasks to queue
[2026-07-13T19:09:58.645+0000] {logging_mixin.py:190} INFO - [2026-07-13T19:09:58.644+0000] {dagbag.py:588} INFO - Filling up the DagBag from /opt/airflow/dags/dag_extract_dvizhenie.py
[2026-07-13T19:09:58.650+0000] {processor.py:925} INFO - DAG(s) 'dag_extract_dvizhenie' retrieved from /opt/airflow/dags/dag_extract_dvizhenie.py
[2026-07-13T19:09:58.663+0000] {logging_mixin.py:190} INFO - [2026-07-13T19:09:58.663+0000] {dag.py:3239} INFO - Sync 1 DAGs
[2026-07-13T19:09:58.676+0000] {processor.py:208} INFO - Processing /opt/airflow/dags/dag_extract_dvizhenie.py took 0.036 seconds
[2026-07-13T19:10:29.306+0000] {processor.py:186} INFO - Started process (PID=68443) to work on /opt/airflow/dags/dag_extract_dvizhenie.py
[2026-07-13T19:10:29.306+0000] {processor.py:914} INFO - Processing file /opt/airflow/dags/dag_extract_dvizhenie.py for tasks to queue
[2026-07-13T19:10:29.307+0000] {logging_mixin.py:190} INFO - [2026-07-13T19:10:29.307+0000] {dagbag.py:588} INFO - Filling up the DagBag from /opt/airflow/dags/dag_extract_dvizhenie.py
[2026-07-13T19:10:29.313+0000] {processor.py:925} INFO - DAG(s) 'dag_extract_dvizhenie' retrieved from /opt/airflow/dags/dag_extract_dvizhenie.py
[2026-07-13T19:10:29.327+0000] {logging_mixin.py:190} INFO - [2026-07-13T19:10:29.327+0000] {dag.py:3239} INFO - Sync 1 DAGs
[2026-07-13T19:10:29.341+0000] {processor.py:208} INFO - Processing /opt/airflow/dags/dag_extract_dvizhenie.py took 0.039 seconds
[2026-07-13T19:10:59.937+0000] {processor.py:186} INFO - Started process (PID=68475) to work on /opt/airflow/dags/dag_extract_dvizhenie.py
[2026-07-13T19:10:59.937+0000] {processor.py:914} INFO - Processing file /opt/airflow/dags/dag_extract_dvizhenie.py for tasks to queue
[2026-07-13T19:10:59.938+0000] {logging_mixin.py:190} INFO - [2026-07-13T19:10:59.938+0000] {dagbag.py:588} INFO - Filling up the DagBag from /opt/airflow/dags/dag_extract_dvizhenie.py
[2026-07-13T19:10:59.943+0000] {processor.py:925} INFO - DAG(s) 'dag_extract_dvizhenie' retrieved from /opt/airflow/dags/dag_extract_dvizhenie.py
[2026-07-13T19:10:59.954+0000] {logging_mixin.py:190} INFO - [2026-07-13T19:10:59.954+0000] {dag.py:3239} INFO - Sync 1 DAGs
[2026-07-13T19:10:59.966+0000] {processor.py:208} INFO - Processing /opt/airflow/dags/dag_extract_dvizhenie.py took 0.033 seconds
[2026-07-13T19:11:30.450+0000] {processor.py:186} INFO - Started process (PID=68498) to work on /opt/airflow/dags/dag_extract_dvizhenie.py
[2026-07-13T19:11:30.451+0000] {processor.py:914} INFO - Processing file /opt/airflow/dags/dag_extract_dvizhenie.py for tasks to queue
[2026-07-13T19:11:30.451+0000] {logging_mixin.py:190} INFO - [2026-07-13T19:11:30.451+0000] {dagbag.py:588} INFO - Filling up the DagBag from /opt/airflow/dags/dag_extract_dvizhenie.py
[2026-07-13T19:11:30.456+0000] {processor.py:925} INFO - DAG(s) 'dag_extract_dvizhenie' retrieved from /opt/airflow/dags/dag_extract_dvizhenie.py
[2026-07-13T19:11:30.466+0000] {logging_mixin.py:190} INFO - [2026-07-13T19:11:30.466+0000] {dag.py:3239} INFO - Sync 1 DAGs
[2026-07-13T19:11:30.478+0000] {processor.py:208} INFO - Processing /opt/airflow/dags/dag_extract_dvizhenie.py took 0.031 seconds
[2026-07-13T19:12:00.989+0000] {processor.py:186} INFO - Started process (PID=68518) to work on /opt/airflow/dags/dag_extract_dvizhenie.py
[2026-07-13T19:12:00.990+0000] {processor.py:914} INFO - Processing file /opt/airflow/dags/dag_extract_dvizhenie.py for tasks to queue
[2026-07-13T19:12:00.991+0000] {logging_mixin.py:190} INFO - [2026-07-13T19:12:00.990+0000] {dagbag.py:588} INFO - Filling up the DagBag from /opt/airflow/dags/dag_extract_dvizhenie.py
[2026-07-13T19:12:00.995+0000] {processor.py:925} INFO - DAG(s) 'dag_extract_dvizhenie' retrieved from /opt/airflow/dags/dag_extract_dvizhenie.py
[2026-07-13T19:12:01.004+0000] {logging_mixin.py:190} INFO - [2026-07-13T19:12:01.004+0000] {dag.py:3239} INFO - Sync 1 DAGs
[2026-07-13T19:12:01.016+0000] {processor.py:208} INFO - Processing /opt/airflow/dags/dag_extract_dvizhenie.py took 0.029 seconds
[2026-07-13T19:12:31.467+0000] {processor.py:186} INFO - Started process (PID=68538) to work on /opt/airflow/dags/dag_extract_dvizhenie.py
[2026-07-13T19:12:31.468+0000] {processor.py:914} INFO - Processing file /opt/airflow/dags/dag_extract_dvizhenie.py for tasks to queue
[2026-07-13T19:12:31.468+0000] {logging_mixin.py:190} INFO - [2026-07-13T19:12:31.468+0000] {dagbag.py:588} INFO - Filling up the DagBag from /opt/airflow/dags/dag_extract_dvizhenie.py
[2026-07-13T19:12:31.473+0000] {processor.py:925} INFO - DAG(s) 'dag_extract_dvizhenie' retrieved from /opt/airflow/dags/dag_extract_dvizhenie.py
[2026-07-13T19:12:31.482+0000] {logging_mixin.py:190} INFO - [2026-07-13T19:12:31.482+0000] {dag.py:3239} INFO - Sync 1 DAGs
[2026-07-13T19:12:31.494+0000] {processor.py:208} INFO - Processing /opt/airflow/dags/dag_extract_dvizhenie.py took 0.029 seconds
[2026-07-13T19:13:01.917+0000] {processor.py:186} INFO - Started process (PID=68558) to work on /opt/airflow/dags/dag_extract_dvizhenie.py
[2026-07-13T19:13:01.918+0000] {processor.py:914} INFO - Processing file /opt/airflow/dags/dag_extract_dvizhenie.py for tasks to queue
[2026-07-13T19:13:01.919+0000] {logging_mixin.py:190} INFO - [2026-07-13T19:13:01.919+0000] {dagbag.py:588} INFO - Filling up the DagBag from /opt/airflow/dags/dag_extract_dvizhenie.py
[2026-07-13T19:13:01.923+0000] {processor.py:925} INFO - DAG(s) 'dag_extract_dvizhenie' retrieved from /opt/airflow/dags/dag_extract_dvizhenie.py
[2026-07-13T19:13:01.934+0000] {logging_mixin.py:190} INFO - [2026-07-13T19:13:01.934+0000] {dag.py:3239} INFO - Sync 1 DAGs
[2026-07-13T19:13:01.945+0000] {processor.py:208} INFO - Processing /opt/airflow/dags/dag_extract_dvizhenie.py took 0.030 seconds
[2026-07-13T19:13:32.449+0000] {processor.py:186} INFO - Started process (PID=68576) to work on /opt/airflow/dags/dag_extract_dvizhenie.py
[2026-07-13T19:13:32.450+0000] {processor.py:914} INFO - Processing file /opt/airflow/dags/dag_extract_dvizhenie.py for tasks to queue
[2026-07-13T19:13:32.451+0000] {logging_mixin.py:190} INFO - [2026-07-13T19:13:32.451+0000] {dagbag.py:588} INFO - Filling up the DagBag from /opt/airflow/dags/dag_extract_dvizhenie.py
[2026-07-13T19:13:32.458+0000] {processor.py:925} INFO - DAG(s) 'dag_extract_dvizhenie' retrieved from /opt/airflow/dags/dag_extract_dvizhenie.py
[2026-07-13T19:13:32.472+0000] {logging_mixin.py:190} INFO - [2026-07-13T19:13:32.472+0000] {dag.py:3239} INFO - Sync 1 DAGs
[2026-07-13T19:13:32.485+0000] {processor.py:208} INFO - Processing /opt/airflow/dags/dag_extract_dvizhenie.py took 0.039 seconds
[2026-07-13T19:14:02.943+0000] {processor.py:186} INFO - Started process (PID=68598) to work on /opt/airflow/dags/dag_extract_dvizhenie.py
[2026-07-13T19:14:02.943+0000] {processor.py:914} INFO - Processing file /opt/airflow/dags/dag_extract_dvizhenie.py for tasks to queue
[2026-07-13T19:14:02.944+0000] {logging_mixin.py:190} INFO - [2026-07-13T19:14:02.944+0000] {dagbag.py:588} INFO - Filling up the DagBag from /opt/airflow/dags/dag_extract_dvizhenie.py
[2026-07-13T19:14:02.949+0000] {processor.py:925} INFO - DAG(s) 'dag_extract_dvizhenie' retrieved from /opt/airflow/dags/dag_extract_dvizhenie.py
[2026-07-13T19:14:02.959+0000] {logging_mixin.py:190} INFO - [2026-07-13T19:14:02.959+0000] {dag.py:3239} INFO - Sync 1 DAGs
[2026-07-13T19:14:02.970+0000] {processor.py:208} INFO - Processing /opt/airflow/dags/dag_extract_dvizhenie.py took 0.030 seconds
[2026-07-13T19:14:33.374+0000] {processor.py:186} INFO - Started process (PID=68618) to work on /opt/airflow/dags/dag_extract_dvizhenie.py
[2026-07-13T19:14:33.374+0000] {processor.py:914} INFO - Processing file /opt/airflow/dags/dag_extract_dvizhenie.py for tasks to queue
[2026-07-13T19:14:33.375+0000] {logging_mixin.py:190} INFO - [2026-07-13T19:14:33.375+0000] {dagbag.py:588} INFO - Filling up the DagBag from /opt/airflow/dags/dag_extract_dvizhenie.py
[2026-07-13T19:14:33.379+0000] {processor.py:925} INFO - DAG(s) 'dag_extract_dvizhenie' retrieved from /opt/airflow/dags/dag_extract_dvizhenie.py
[2026-07-13T19:14:33.389+0000] {logging_mixin.py:190} INFO - [2026-07-13T19:14:33.389+0000] {dag.py:3239} INFO - Sync 1 DAGs
[2026-07-13T19:14:33.401+0000] {processor.py:208} INFO - Processing /opt/airflow/dags/dag_extract_dvizhenie.py took 0.030 seconds
[2026-07-13T19:15:03.749+0000] {processor.py:186} INFO - Started process (PID=68638) to work on /opt/airflow/dags/dag_extract_dvizhenie.py
[2026-07-13T19:15:03.750+0000] {processor.py:914} INFO - Processing file /opt/airflow/dags/dag_extract_dvizhenie.py for tasks to queue
[2026-07-13T19:15:03.751+0000] {logging_mixin.py:190} INFO - [2026-07-13T19:15:03.751+0000] {dagbag.py:588} INFO - Filling up the DagBag from /opt/airflow/dags/dag_extract_dvizhenie.py
[2026-07-13T19:15:03.755+0000] {processor.py:925} INFO - DAG(s) 'dag_extract_dvizhenie' retrieved from /opt/airflow/dags/dag_extract_dvizhenie.py
[2026-07-13T19:15:03.765+0000] {logging_mixin.py:190} INFO - [2026-07-13T19:15:03.765+0000] {dag.py:3239} INFO - Sync 1 DAGs
[2026-07-13T19:15:03.776+0000] {processor.py:208} INFO - Processing /opt/airflow/dags/dag_extract_dvizhenie.py took 0.029 seconds
[2026-07-13T19:15:34.245+0000] {processor.py:186} INFO - Started process (PID=68658) to work on /opt/airflow/dags/dag_extract_dvizhenie.py
[2026-07-13T19:15:34.245+0000] {processor.py:914} INFO - Processing file /opt/airflow/dags/dag_extract_dvizhenie.py for tasks to queue
[2026-07-13T19:15:34.246+0000] {logging_mixin.py:190} INFO - [2026-07-13T19:15:34.246+0000] {dagbag.py:588} INFO - Filling up the DagBag from /opt/airflow/dags/dag_extract_dvizhenie.py
[2026-07-13T19:15:34.251+0000] {processor.py:925} INFO - DAG(s) 'dag_extract_dvizhenie' retrieved from /opt/airflow/dags/dag_extract_dvizhenie.py
[2026-07-13T19:15:34.261+0000] {logging_mixin.py:190} INFO - [2026-07-13T19:15:34.261+0000] {dag.py:3239} INFO - Sync 1 DAGs
[2026-07-13T19:15:34.272+0000] {processor.py:208} INFO - Processing /opt/airflow/dags/dag_extract_dvizhenie.py took 0.030 seconds
[2026-07-13T19:16:04.717+0000] {processor.py:186} INFO - Started process (PID=68678) to work on /opt/airflow/dags/dag_extract_dvizhenie.py
[2026-07-13T19:16:04.718+0000] {processor.py:914} INFO - Processing file /opt/airflow/dags/dag_extract_dvizhenie.py for tasks to queue
[2026-07-13T19:16:04.720+0000] {logging_mixin.py:190} INFO - [2026-07-13T19:16:04.719+0000] {dagbag.py:588} INFO - Filling up the DagBag from /opt/airflow/dags/dag_extract_dvizhenie.py
[2026-07-13T19:16:04.724+0000] {processor.py:925} INFO - DAG(s) 'dag_extract_dvizhenie' retrieved from /opt/airflow/dags/dag_extract_dvizhenie.py
[2026-07-13T19:16:04.739+0000] {logging_mixin.py:190} INFO - [2026-07-13T19:16:04.739+0000] {dag.py:3239} INFO - Sync 1 DAGs
[2026-07-13T19:16:04.754+0000] {processor.py:208} INFO - Processing /opt/airflow/dags/dag_extract_dvizhenie.py took 0.039 seconds
[2026-07-13T19:16:35.260+0000] {processor.py:186} INFO - Started process (PID=68698) to work on /opt/airflow/dags/dag_extract_dvizhenie.py
[2026-07-13T19:16:35.260+0000] {processor.py:914} INFO - Processing file /opt/airflow/dags/dag_extract_dvizhenie.py for tasks to queue
[2026-07-13T19:16:35.261+0000] {logging_mixin.py:190} INFO - [2026-07-13T19:16:35.261+0000] {dagbag.py:588} INFO - Filling up the DagBag from /opt/airflow/dags/dag_extract_dvizhenie.py
[2026-07-13T19:16:35.266+0000] {processor.py:925} INFO - DAG(s) 'dag_extract_dvizhenie' retrieved from /opt/airflow/dags/dag_extract_dvizhenie.py
[2026-07-13T19:16:35.276+0000] {logging_mixin.py:190} INFO - [2026-07-13T19:16:35.276+0000] {dag.py:3239} INFO - Sync 1 DAGs
[2026-07-13T19:16:35.286+0000] {processor.py:208} INFO - Processing /opt/airflow/dags/dag_extract_dvizhenie.py took 0.029 seconds
[2026-07-13T19:17:05.827+0000] {processor.py:186} INFO - Started process (PID=68718) to work on /opt/airflow/dags/dag_extract_dvizhenie.py
[2026-07-13T19:17:05.828+0000] {processor.py:914} INFO - Processing file /opt/airflow/dags/dag_extract_dvizhenie.py for tasks to queue
[2026-07-13T19:17:05.829+0000] {logging_mixin.py:190} INFO - [2026-07-13T19:17:05.828+0000] {dagbag.py:588} INFO - Filling up the DagBag from /opt/airflow/dags/dag_extract_dvizhenie.py
[2026-07-13T19:17:05.833+0000] {processor.py:925} INFO - DAG(s) 'dag_extract_dvizhenie' retrieved from /opt/airflow/dags/dag_extract_dvizhenie.py
[2026-07-13T19:17:05.844+0000] {logging_mixin.py:190} INFO - [2026-07-13T19:17:05.844+0000] {dag.py:3239} INFO - Sync 1 DAGs
[2026-07-13T19:17:05.855+0000] {processor.py:208} INFO - Processing /opt/airflow/dags/dag_extract_dvizhenie.py took 0.032 seconds
[2026-07-13T19:17:36.339+0000] {processor.py:186} INFO - Started process (PID=68738) to work on /opt/airflow/dags/dag_extract_dvizhenie.py
[2026-07-13T19:17:36.339+0000] {processor.py:914} INFO - Processing file /opt/airflow/dags/dag_extract_dvizhenie.py for tasks to queue
[2026-07-13T19:17:36.341+0000] {logging_mixin.py:190} INFO - [2026-07-13T19:17:36.340+0000] {dagbag.py:588} INFO - Filling up the DagBag from /opt/airflow/dags/dag_extract_dvizhenie.py
[2026-07-13T19:17:36.345+0000] {processor.py:925} INFO - DAG(s) 'dag_extract_dvizhenie' retrieved from /opt/airflow/dags/dag_extract_dvizhenie.py
[2026-07-13T19:17:36.355+0000] {logging_mixin.py:190} INFO - [2026-07-13T19:17:36.355+0000] {dag.py:3239} INFO - Sync 1 DAGs
[2026-07-13T19:17:36.366+0000] {processor.py:208} INFO - Processing /opt/airflow/dags/dag_extract_dvizhenie.py took 0.030 seconds
[2026-07-13T19:18:06.769+0000] {processor.py:186} INFO - Started process (PID=68756) to work on /opt/airflow/dags/dag_extract_dvizhenie.py
[2026-07-13T19:18:06.769+0000] {processor.py:914} INFO - Processing file /opt/airflow/dags/dag_extract_dvizhenie.py for tasks to queue
[2026-07-13T19:18:06.771+0000] {logging_mixin.py:190} INFO - [2026-07-13T19:18:06.771+0000] {dagbag.py:588} INFO - Filling up the DagBag from /opt/airflow/dags/dag_extract_dvizhenie.py
[2026-07-13T19:18:06.779+0000] {processor.py:925} INFO - DAG(s) 'dag_extract_dvizhenie' retrieved from /opt/airflow/dags/dag_extract_dvizhenie.py
[2026-07-13T19:18:06.793+0000] {logging_mixin.py:190} INFO - [2026-07-13T19:18:06.793+0000] {dag.py:3239} INFO - Sync 1 DAGs
[2026-07-13T19:18:06.807+0000] {processor.py:208} INFO - Processing /opt/airflow/dags/dag_extract_dvizhenie.py took 0.042 seconds
[2026-07-13T19:18:37.270+0000] {processor.py:186} INFO - Started process (PID=68778) to work on /opt/airflow/dags/dag_extract_dvizhenie.py
[2026-07-13T19:18:37.271+0000] {processor.py:914} INFO - Processing file /opt/airflow/dags/dag_extract_dvizhenie.py for tasks to queue
[2026-07-13T19:18:37.272+0000] {logging_mixin.py:190} INFO - [2026-07-13T19:18:37.272+0000] {dagbag.py:588} INFO - Filling up the DagBag from /opt/airflow/dags/dag_extract_dvizhenie.py
[2026-07-13T19:18:37.276+0000] {processor.py:925} INFO - DAG(s) 'dag_extract_dvizhenie' retrieved from /opt/airflow/dags/dag_extract_dvizhenie.py
[2026-07-13T19:18:37.286+0000] {logging_mixin.py:190} INFO - [2026-07-13T19:18:37.286+0000] {dag.py:3239} INFO - Sync 1 DAGs
[2026-07-13T19:18:37.297+0000] {processor.py:208} INFO - Processing /opt/airflow/dags/dag_extract_dvizhenie.py took 0.029 seconds
[2026-07-13T19:19:07.783+0000] {processor.py:186} INFO - Started process (PID=68798) to work on /opt/airflow/dags/dag_extract_dvizhenie.py
[2026-07-13T19:19:07.783+0000] {processor.py:914} INFO - Processing file /opt/airflow/dags/dag_extract_dvizhenie.py for tasks to queue
[2026-07-13T19:19:07.784+0000] {logging_mixin.py:190} INFO - [2026-07-13T19:19:07.784+0000] {dagbag.py:588} INFO - Filling up the DagBag from /opt/airflow/dags/dag_extract_dvizhenie.py
[2026-07-13T19:19:07.789+0000] {processor.py:925} INFO - DAG(s) 'dag_extract_dvizhenie' retrieved from /opt/airflow/dags/dag_extract_dvizhenie.py
[2026-07-13T19:19:07.800+0000] {logging_mixin.py:190} INFO - [2026-07-13T19:19:07.800+0000] {dag.py:3239} INFO - Sync 1 DAGs
[2026-07-13T19:19:07.813+0000] {processor.py:208} INFO - Processing /opt/airflow/dags/dag_extract_dvizhenie.py took 0.033 seconds
[2026-07-13T19:19:38.359+0000] {processor.py:186} INFO - Started process (PID=68818) to work on /opt/airflow/dags/dag_extract_dvizhenie.py
[2026-07-13T19:19:38.360+0000] {processor.py:914} INFO - Processing file /opt/airflow/dags/dag_extract_dvizhenie.py for tasks to queue
[2026-07-13T19:19:38.361+0000] {logging_mixin.py:190} INFO - [2026-07-13T19:19:38.361+0000] {dagbag.py:588} INFO - Filling up the DagBag from /opt/airflow/dags/dag_extract_dvizhenie.py
[2026-07-13T19:19:38.367+0000] {processor.py:925} INFO - DAG(s) 'dag_extract_dvizhenie' retrieved from /opt/airflow/dags/dag_extract_dvizhenie.py
[2026-07-13T19:19:38.382+0000] {logging_mixin.py:190} INFO - [2026-07-13T19:19:38.381+0000] {dag.py:3239} INFO - Sync 1 DAGs
[2026-07-13T19:19:38.404+0000] {processor.py:208} INFO - Processing /opt/airflow/dags/dag_extract_dvizhenie.py took 0.052 seconds
[2026-07-13T19:20:08.859+0000] {processor.py:186} INFO - Started process (PID=68838) to work on /opt/airflow/dags/dag_extract_dvizhenie.py
[2026-07-13T19:20:08.860+0000] {processor.py:914} INFO - Processing file /opt/airflow/dags/dag_extract_dvizhenie.py for tasks to queue
[2026-07-13T19:20:08.861+0000] {logging_mixin.py:190} INFO - [2026-07-13T19:20:08.860+0000] {dagbag.py:588} INFO - Filling up the DagBag from /opt/airflow/dags/dag_extract_dvizhenie.py
[2026-07-13T19:20:08.865+0000] {processor.py:925} INFO - DAG(s) 'dag_extract_dvizhenie' retrieved from /opt/airflow/dags/dag_extract_dvizhenie.py
[2026-07-13T19:20:08.876+0000] {logging_mixin.py:190} INFO - [2026-07-13T19:20:08.876+0000] {dag.py:3239} INFO - Sync 1 DAGs
[2026-07-13T19:20:08.887+0000] {processor.py:208} INFO - Processing /opt/airflow/dags/dag_extract_dvizhenie.py took 0.031 seconds
[2026-07-13T19:20:39.294+0000] {processor.py:186} INFO - Started process (PID=68867) to work on /opt/airflow/dags/dag_extract_dvizhenie.py
[2026-07-13T19:20:39.295+0000] {processor.py:914} INFO - Processing file /opt/airflow/dags/dag_extract_dvizhenie.py for tasks to queue
[2026-07-13T19:20:39.296+0000] {logging_mixin.py:190} INFO - [2026-07-13T19:20:39.296+0000] {dagbag.py:588} INFO - Filling up the DagBag from /opt/airflow/dags/dag_extract_dvizhenie.py
[2026-07-13T19:20:39.300+0000] {processor.py:925} INFO - DAG(s) 'dag_extract_dvizhenie' retrieved from /opt/airflow/dags/dag_extract_dvizhenie.py
[2026-07-13T19:20:39.310+0000] {logging_mixin.py:190} INFO - [2026-07-13T19:20:39.310+0000] {dag.py:3239} INFO - Sync 1 DAGs
[2026-07-13T19:20:39.322+0000] {processor.py:208} INFO - Processing /opt/airflow/dags/dag_extract_dvizhenie.py took 0.031 seconds
[2026-07-13T19:21:09.780+0000] {processor.py:186} INFO - Started process (PID=68890) to work on /opt/airflow/dags/dag_extract_dvizhenie.py
[2026-07-13T19:21:09.781+0000] {processor.py:914} INFO - Processing file /opt/airflow/dags/dag_extract_dvizhenie.py for tasks to queue
[2026-07-13T19:21:09.782+0000] {logging_mixin.py:190} INFO - [2026-07-13T19:21:09.782+0000] {dagbag.py:588} INFO - Filling up the DagBag from /opt/airflow/dags/dag_extract_dvizhenie.py
[2026-07-13T19:21:09.787+0000] {processor.py:925} INFO - DAG(s) 'dag_extract_dvizhenie' retrieved from /opt/airflow/dags/dag_extract_dvizhenie.py
[2026-07-13T19:21:09.797+0000] {logging_mixin.py:190} INFO - [2026-07-13T19:21:09.797+0000] {dag.py:3239} INFO - Sync 1 DAGs
[2026-07-13T19:21:09.804+0000] {logging_mixin.py:190} INFO - [2026-07-13T19:21:09.804+0000] {dag.py:4180} INFO - Setting next_dagrun for dag_extract_dvizhenie to 2026-07-13 18:00:00+00:00, run_after=2026-07-13 20:00:00+00:00
[2026-07-13T19:21:09.809+0000] {processor.py:208} INFO - Processing /opt/airflow/dags/dag_extract_dvizhenie.py took 0.032 seconds
[2026-07-13T19:21:40.325+0000] {processor.py:186} INFO - Started process (PID=68910) to work on /opt/airflow/dags/dag_extract_dvizhenie.py
[2026-07-13T19:21:40.326+0000] {processor.py:914} INFO - Processing file /opt/airflow/dags/dag_extract_dvizhenie.py for tasks to queue
[2026-07-13T19:21:40.327+0000] {logging_mixin.py:190} INFO - [2026-07-13T19:21:40.327+0000] {dagbag.py:588} INFO - Filling up the DagBag from /opt/airflow/dags/dag_extract_dvizhenie.py
[2026-07-13T19:21:40.335+0000] {processor.py:925} INFO - DAG(s) 'dag_extract_dvizhenie' retrieved from /opt/airflow/dags/dag_extract_dvizhenie.py
[2026-07-13T19:21:40.351+0000] {logging_mixin.py:190} INFO - [2026-07-13T19:21:40.351+0000] {dag.py:3239} INFO - Sync 1 DAGs
[2026-07-13T19:21:40.363+0000] {logging_mixin.py:190} INFO - [2026-07-13T19:21:40.363+0000] {dag.py:4180} INFO - Setting next_dagrun for dag_extract_dvizhenie to 2026-07-13 18:00:00+00:00, run_after=2026-07-13 20:00:00+00:00
[2026-07-13T19:21:40.374+0000] {processor.py:208} INFO - Processing /opt/airflow/dags/dag_extract_dvizhenie.py took 0.055 seconds
[2026-07-13T19:22:10.960+0000] {processor.py:186} INFO - Started process (PID=68930) to work on /opt/airflow/dags/dag_extract_dvizhenie.py
[2026-07-13T19:22:10.961+0000] {processor.py:914} INFO - Processing file /opt/airflow/dags/dag_extract_dvizhenie.py for tasks to queue
[2026-07-13T19:22:10.962+0000] {logging_mixin.py:190} INFO - [2026-07-13T19:22:10.962+0000] {dagbag.py:588} INFO - Filling up the DagBag from /opt/airflow/dags/dag_extract_dvizhenie.py
[2026-07-13T19:22:10.968+0000] {processor.py:925} INFO - DAG(s) 'dag_extract_dvizhenie' retrieved from /opt/airflow/dags/dag_extract_dvizhenie.py
[2026-07-13T19:22:10.981+0000] {logging_mixin.py:190} INFO - [2026-07-13T19:22:10.981+0000] {dag.py:3239} INFO - Sync 1 DAGs
[2026-07-13T19:22:10.990+0000] {logging_mixin.py:190} INFO - [2026-07-13T19:22:10.990+0000] {dag.py:4180} INFO - Setting next_dagrun for dag_extract_dvizhenie to 2026-07-13 18:00:00+00:00, run_after=2026-07-13 20:00:00+00:00
[2026-07-13T19:22:10.995+0000] {processor.py:208} INFO - Processing /opt/airflow/dags/dag_extract_dvizhenie.py took 0.039 seconds
[2026-07-13T19:22:41.430+0000] {processor.py:186} INFO - Started process (PID=68950) to work on /opt/airflow/dags/dag_extract_dvizhenie.py
[2026-07-13T19:22:41.430+0000] {processor.py:914} INFO - Processing file /opt/airflow/dags/dag_extract_dvizhenie.py for tasks to queue
[2026-07-13T19:22:41.431+0000] {logging_mixin.py:190} INFO - [2026-07-13T19:22:41.431+0000] {dagbag.py:588} INFO - Filling up the DagBag from /opt/airflow/dags/dag_extract_dvizhenie.py
[2026-07-13T19:22:41.436+0000] {processor.py:925} INFO - DAG(s) 'dag_extract_dvizhenie' retrieved from /opt/airflow/dags/dag_extract_dvizhenie.py
[2026-07-13T19:22:41.446+0000] {logging_mixin.py:190} INFO - [2026-07-13T19:22:41.446+0000] {dag.py:3239} INFO - Sync 1 DAGs
[2026-07-13T19:22:41.453+0000] {logging_mixin.py:190} INFO - [2026-07-13T19:22:41.453+0000] {dag.py:4180} INFO - Setting next_dagrun for dag_extract_dvizhenie to 2026-07-13 18:00:00+00:00, run_after=2026-07-13 20:00:00+00:00
[2026-07-13T19:22:41.458+0000] {processor.py:208} INFO - Processing /opt/airflow/dags/dag_extract_dvizhenie.py took 0.032 seconds
[2026-07-13T19:23:11.898+0000] {processor.py:186} INFO - Started process (PID=68970) to work on /opt/airflow/dags/dag_extract_dvizhenie.py
[2026-07-13T19:23:11.898+0000] {processor.py:914} INFO - Processing file /opt/airflow/dags/dag_extract_dvizhenie.py for tasks to queue
[2026-07-13T19:23:11.899+0000] {logging_mixin.py:190} INFO - [2026-07-13T19:23:11.899+0000] {dagbag.py:588} INFO - Filling up the DagBag from /opt/airflow/dags/dag_extract_dvizhenie.py
[2026-07-13T19:23:11.903+0000] {processor.py:925} INFO - DAG(s) 'dag_extract_dvizhenie' retrieved from /opt/airflow/dags/dag_extract_dvizhenie.py
[2026-07-13T19:23:11.913+0000] {logging_mixin.py:190} INFO - [2026-07-13T19:23:11.913+0000] {dag.py:3239} INFO - Sync 1 DAGs
[2026-07-13T19:23:11.921+0000] {logging_mixin.py:190} INFO - [2026-07-13T19:23:11.921+0000] {dag.py:4180} INFO - Setting next_dagrun for dag_extract_dvizhenie to 2026-07-13 18:00:00+00:00, run_after=2026-07-13 20:00:00+00:00
[2026-07-13T19:23:11.926+0000] {processor.py:208} INFO - Processing /opt/airflow/dags/dag_extract_dvizhenie.py took 0.030 seconds
[2026-07-13T19:23:42.493+0000] {processor.py:186} INFO - Started process (PID=68990) to work on /opt/airflow/dags/dag_extract_dvizhenie.py
[2026-07-13T19:23:42.493+0000] {processor.py:914} INFO - Processing file /opt/airflow/dags/dag_extract_dvizhenie.py for tasks to queue
[2026-07-13T19:23:42.494+0000] {logging_mixin.py:190} INFO - [2026-07-13T19:23:42.494+0000] {dagbag.py:588} INFO - Filling up the DagBag from /opt/airflow/dags/dag_extract_dvizhenie.py
[2026-07-13T19:23:42.498+0000] {processor.py:925} INFO - DAG(s) 'dag_extract_dvizhenie' retrieved from /opt/airflow/dags/dag_extract_dvizhenie.py
[2026-07-13T19:23:42.509+0000] {logging_mixin.py:190} INFO - [2026-07-13T19:23:42.508+0000] {dag.py:3239} INFO - Sync 1 DAGs
[2026-07-13T19:23:42.516+0000] {logging_mixin.py:190} INFO - [2026-07-13T19:23:42.516+0000] {dag.py:4180} INFO - Setting next_dagrun for dag_extract_dvizhenie to 2026-07-13 18:00:00+00:00, run_after=2026-07-13 20:00:00+00:00
[2026-07-13T19:23:42.522+0000] {processor.py:208} INFO - Processing /opt/airflow/dags/dag_extract_dvizhenie.py took 0.032 seconds
[2026-07-13T19:24:12.928+0000] {processor.py:186} INFO - Started process (PID=69010) to work on /opt/airflow/dags/dag_extract_dvizhenie.py
[2026-07-13T19:24:12.929+0000] {processor.py:914} INFO - Processing file /opt/airflow/dags/dag_extract_dvizhenie.py for tasks to queue
[2026-07-13T19:24:12.930+0000] {logging_mixin.py:190} INFO - [2026-07-13T19:24:12.930+0000] {dagbag.py:588} INFO - Filling up the DagBag from /opt/airflow/dags/dag_extract_dvizhenie.py
[2026-07-13T19:24:12.935+0000] {processor.py:925} INFO - DAG(s) 'dag_extract_dvizhenie' retrieved from /opt/airflow/dags/dag_extract_dvizhenie.py
[2026-07-13T19:24:12.950+0000] {logging_mixin.py:190} INFO - [2026-07-13T19:24:12.950+0000] {dag.py:3239} INFO - Sync 1 DAGs
[2026-07-13T19:24:12.959+0000] {logging_mixin.py:190} INFO - [2026-07-13T19:24:12.958+0000] {dag.py:4180} INFO - Setting next_dagrun for dag_extract_dvizhenie to 2026-07-13 18:00:00+00:00, run_after=2026-07-13 20:00:00+00:00
[2026-07-13T19:24:12.968+0000] {processor.py:208} INFO - Processing /opt/airflow/dags/dag_extract_dvizhenie.py took 0.043 seconds
[2026-07-13T19:24:43.475+0000] {processor.py:186} INFO - Started process (PID=69030) to work on /opt/airflow/dags/dag_extract_dvizhenie.py
[2026-07-13T19:24:43.476+0000] {processor.py:914} INFO - Processing file /opt/airflow/dags/dag_extract_dvizhenie.py for tasks to queue
[2026-07-13T19:24:43.476+0000] {logging_mixin.py:190} INFO - [2026-07-13T19:24:43.476+0000] {dagbag.py:588} INFO - Filling up the DagBag from /opt/airflow/dags/dag_extract_dvizhenie.py
[2026-07-13T19:24:43.481+0000] {processor.py:925} INFO - DAG(s) 'dag_extract_dvizhenie' retrieved from /opt/airflow/dags/dag_extract_dvizhenie.py
[2026-07-13T19:24:43.491+0000] {logging_mixin.py:190} INFO - [2026-07-13T19:24:43.491+0000] {dag.py:3239} INFO - Sync 1 DAGs
[2026-07-13T19:24:43.499+0000] {logging_mixin.py:190} INFO - [2026-07-13T19:24:43.499+0000] {dag.py:4180} INFO - Setting next_dagrun for dag_extract_dvizhenie to 2026-07-13 18:00:00+00:00, run_after=2026-07-13 20:00:00+00:00
[2026-07-13T19:24:43.503+0000] {processor.py:208} INFO - Processing /opt/airflow/dags/dag_extract_dvizhenie.py took 0.031 seconds
[2026-07-13T19:25:14.041+0000] {processor.py:186} INFO - Started process (PID=69050) to work on /opt/airflow/dags/dag_extract_dvizhenie.py
[2026-07-13T19:25:14.042+0000] {processor.py:914} INFO - Processing file /opt/airflow/dags/dag_extract_dvizhenie.py for tasks to queue
[2026-07-13T19:25:14.043+0000] {logging_mixin.py:190} INFO - [2026-07-13T19:25:14.043+0000] {dagbag.py:588} INFO - Filling up the DagBag from /opt/airflow/dags/dag_extract_dvizhenie.py
[2026-07-13T19:25:14.050+0000] {processor.py:925} INFO - DAG(s) 'dag_extract_dvizhenie' retrieved from /opt/airflow/dags/dag_extract_dvizhenie.py
[2026-07-13T19:25:14.064+0000] {logging_mixin.py:190} INFO - [2026-07-13T19:25:14.064+0000] {dag.py:3239} INFO - Sync 1 DAGs
[2026-07-13T19:25:14.073+0000] {logging_mixin.py:190} INFO - [2026-07-13T19:25:14.073+0000] {dag.py:4180} INFO - Setting next_dagrun for dag_extract_dvizhenie to 2026-07-13 18:00:00+00:00, run_after=2026-07-13 20:00:00+00:00
[2026-07-13T19:25:14.080+0000] {processor.py:208} INFO - Processing /opt/airflow/dags/dag_extract_dvizhenie.py took 0.047 seconds
[2026-07-13T19:25:44.757+0000] {processor.py:186} INFO - Started process (PID=69070) to work on /opt/airflow/dags/dag_extract_dvizhenie.py
[2026-07-13T19:25:44.758+0000] {processor.py:914} INFO - Processing file /opt/airflow/dags/dag_extract_dvizhenie.py for tasks to queue
[2026-07-13T19:25:44.760+0000] {logging_mixin.py:190} INFO - [2026-07-13T19:25:44.760+0000] {dagbag.py:588} INFO - Filling up the DagBag from /opt/airflow/dags/dag_extract_dvizhenie.py
[2026-07-13T19:25:44.767+0000] {processor.py:925} INFO - DAG(s) 'dag_extract_dvizhenie' retrieved from /opt/airflow/dags/dag_extract_dvizhenie.py
[2026-07-13T19:25:44.784+0000] {logging_mixin.py:190} INFO - [2026-07-13T19:25:44.783+0000] {dag.py:3239} INFO - Sync 1 DAGs
[2026-07-13T19:25:44.796+0000] {logging_mixin.py:190} INFO - [2026-07-13T19:25:44.796+0000] {dag.py:4180} INFO - Setting next_dagrun for dag_extract_dvizhenie to 2026-07-13 18:00:00+00:00, run_after=2026-07-13 20:00:00+00:00
[2026-07-13T19:25:44.805+0000] {processor.py:208} INFO - Processing /opt/airflow/dags/dag_extract_dvizhenie.py took 0.052 seconds
[2026-07-13T19:26:15.297+0000] {processor.py:186} INFO - Started process (PID=69090) to work on /opt/airflow/dags/dag_extract_dvizhenie.py
[2026-07-13T19:26:15.297+0000] {processor.py:914} INFO - Processing file /opt/airflow/dags/dag_extract_dvizhenie.py for tasks to queue
[2026-07-13T19:26:15.298+0000] {logging_mixin.py:190} INFO - [2026-07-13T19:26:15.298+0000] {dagbag.py:588} INFO - Filling up the DagBag from /opt/airflow/dags/dag_extract_dvizhenie.py
[2026-07-13T19:26:15.303+0000] {processor.py:925} INFO - DAG(s) 'dag_extract_dvizhenie' retrieved from /opt/airflow/dags/dag_extract_dvizhenie.py
[2026-07-13T19:26:15.315+0000] {logging_mixin.py:190} INFO - [2026-07-13T19:26:15.315+0000] {dag.py:3239} INFO - Sync 1 DAGs
[2026-07-13T19:26:15.326+0000] {logging_mixin.py:190} INFO - [2026-07-13T19:26:15.326+0000] {dag.py:4180} INFO - Setting next_dagrun for dag_extract_dvizhenie to 2026-07-13 18:00:00+00:00, run_after=2026-07-13 20:00:00+00:00
[2026-07-13T19:26:15.332+0000] {processor.py:208} INFO - Processing /opt/airflow/dags/dag_extract_dvizhenie.py took 0.038 seconds
[2026-07-13T19:26:45.809+0000] {processor.py:186} INFO - Started process (PID=69110) to work on /opt/airflow/dags/dag_extract_dvizhenie.py
[2026-07-13T19:26:45.810+0000] {processor.py:914} INFO - Processing file /opt/airflow/dags/dag_extract_dvizhenie.py for tasks to queue
[2026-07-13T19:26:45.810+0000] {logging_mixin.py:190} INFO - [2026-07-13T19:26:45.810+0000] {dagbag.py:588} INFO - Filling up the DagBag from /opt/airflow/dags/dag_extract_dvizhenie.py
[2026-07-13T19:26:45.815+0000] {processor.py:925} INFO - DAG(s) 'dag_extract_dvizhenie' retrieved from /opt/airflow/dags/dag_extract_dvizhenie.py
[2026-07-13T19:26:45.825+0000] {logging_mixin.py:190} INFO - [2026-07-13T19:26:45.825+0000] {dag.py:3239} INFO - Sync 1 DAGs
[2026-07-13T19:26:45.833+0000] {logging_mixin.py:190} INFO - [2026-07-13T19:26:45.833+0000] {dag.py:4180} INFO - Setting next_dagrun for dag_extract_dvizhenie to 2026-07-13 18:00:00+00:00, run_after=2026-07-13 20:00:00+00:00
[2026-07-13T19:26:45.838+0000] {processor.py:208} INFO - Processing /opt/airflow/dags/dag_extract_dvizhenie.py took 0.032 seconds
[2026-07-13T19:27:16.284+0000] {processor.py:186} INFO - Started process (PID=69130) to work on /opt/airflow/dags/dag_extract_dvizhenie.py
[2026-07-13T19:27:16.285+0000] {processor.py:914} INFO - Processing file /opt/airflow/dags/dag_extract_dvizhenie.py for tasks to queue
[2026-07-13T19:27:16.286+0000] {logging_mixin.py:190} INFO - [2026-07-13T19:27:16.285+0000] {dagbag.py:588} INFO - Filling up the DagBag from /opt/airflow/dags/dag_extract_dvizhenie.py
[2026-07-13T19:27:16.290+0000] {processor.py:925} INFO - DAG(s) 'dag_extract_dvizhenie' retrieved from /opt/airflow/dags/dag_extract_dvizhenie.py
[2026-07-13T19:27:16.301+0000] {logging_mixin.py:190} INFO - [2026-07-13T19:27:16.301+0000] {dag.py:3239} INFO - Sync 1 DAGs
[2026-07-13T19:27:16.308+0000] {logging_mixin.py:190} INFO - [2026-07-13T19:27:16.308+0000] {dag.py:4180} INFO - Setting next_dagrun for dag_extract_dvizhenie to 2026-07-13 18:00:00+00:00, run_after=2026-07-13 20:00:00+00:00
[2026-07-13T19:27:16.313+0000] {processor.py:208} INFO - Processing /opt/airflow/dags/dag_extract_dvizhenie.py took 0.031 seconds
[2026-07-13T19:27:46.821+0000] {processor.py:186} INFO - Started process (PID=69150) to work on /opt/airflow/dags/dag_extract_dvizhenie.py
[2026-07-13T19:27:46.822+0000] {processor.py:914} INFO - Processing file /opt/airflow/dags/dag_extract_dvizhenie.py for tasks to queue
[2026-07-13T19:27:46.823+0000] {logging_mixin.py:190} INFO - [2026-07-13T19:27:46.823+0000] {dagbag.py:588} INFO - Filling up the DagBag from /opt/airflow/dags/dag_extract_dvizhenie.py
[2026-07-13T19:27:46.827+0000] {processor.py:925} INFO - DAG(s) 'dag_extract_dvizhenie' retrieved from /opt/airflow/dags/dag_extract_dvizhenie.py
[2026-07-13T19:27:46.837+0000] {logging_mixin.py:190} INFO - [2026-07-13T19:27:46.837+0000] {dag.py:3239} INFO - Sync 1 DAGs
[2026-07-13T19:27:46.845+0000] {logging_mixin.py:190} INFO - [2026-07-13T19:27:46.844+0000] {dag.py:4180} INFO - Setting next_dagrun for dag_extract_dvizhenie to 2026-07-13 18:00:00+00:00, run_after=2026-07-13 20:00:00+00:00
[2026-07-13T19:27:46.849+0000] {processor.py:208} INFO - Processing /opt/airflow/dags/dag_extract_dvizhenie.py took 0.030 seconds
[2026-07-13T19:28:17.358+0000] {processor.py:186} INFO - Started process (PID=69170) to work on /opt/airflow/dags/dag_extract_dvizhenie.py
[2026-07-13T19:28:17.359+0000] {processor.py:914} INFO - Processing file /opt/airflow/dags/dag_extract_dvizhenie.py for tasks to queue
[2026-07-13T19:28:17.359+0000] {logging_mixin.py:190} INFO - [2026-07-13T19:28:17.359+0000] {dagbag.py:588} INFO - Filling up the DagBag from /opt/airflow/dags/dag_extract_dvizhenie.py
[2026-07-13T19:28:17.364+0000] {processor.py:925} INFO - DAG(s) 'dag_extract_dvizhenie' retrieved from /opt/airflow/dags/dag_extract_dvizhenie.py
[2026-07-13T19:28:17.377+0000] {logging_mixin.py:190} INFO - [2026-07-13T19:28:17.377+0000] {dag.py:3239} INFO - Sync 1 DAGs
[2026-07-13T19:28:17.384+0000] {logging_mixin.py:190} INFO - [2026-07-13T19:28:17.384+0000] {dag.py:4180} INFO - Setting next_dagrun for dag_extract_dvizhenie to 2026-07-13 18:00:00+00:00, run_after=2026-07-13 20:00:00+00:00
[2026-07-13T19:28:17.390+0000] {processor.py:208} INFO - Processing /opt/airflow/dags/dag_extract_dvizhenie.py took 0.035 seconds
[2026-07-13T19:28:47.841+0000] {processor.py:186} INFO - Started process (PID=69190) to work on /opt/airflow/dags/dag_extract_dvizhenie.py
[2026-07-13T19:28:47.842+0000] {processor.py:914} INFO - Processing file /opt/airflow/dags/dag_extract_dvizhenie.py for tasks to queue
[2026-07-13T19:28:47.843+0000] {logging_mixin.py:190} INFO - [2026-07-13T19:28:47.843+0000] {dagbag.py:588} INFO - Filling up the DagBag from /opt/airflow/dags/dag_extract_dvizhenie.py
[2026-07-13T19:28:47.848+0000] {processor.py:925} INFO - DAG(s) 'dag_extract_dvizhenie' retrieved from /opt/airflow/dags/dag_extract_dvizhenie.py
[2026-07-13T19:28:47.859+0000] {logging_mixin.py:190} INFO - [2026-07-13T19:28:47.859+0000] {dag.py:3239} INFO - Sync 1 DAGs
[2026-07-13T19:28:47.867+0000] {logging_mixin.py:190} INFO - [2026-07-13T19:28:47.867+0000] {dag.py:4180} INFO - Setting next_dagrun for dag_extract_dvizhenie to 2026-07-13 18:00:00+00:00, run_after=2026-07-13 20:00:00+00:00
[2026-07-13T19:28:47.872+0000] {processor.py:208} INFO - Processing /opt/airflow/dags/dag_extract_dvizhenie.py took 0.034 seconds
[2026-07-13T19:29:18.264+0000] {processor.py:186} INFO - Started process (PID=69210) to work on /opt/airflow/dags/dag_extract_dvizhenie.py
[2026-07-13T19:29:18.264+0000] {processor.py:914} INFO - Processing file /opt/airflow/dags/dag_extract_dvizhenie.py for tasks to queue
[2026-07-13T19:29:18.265+0000] {logging_mixin.py:190} INFO - [2026-07-13T19:29:18.265+0000] {dagbag.py:588} INFO - Filling up the DagBag from /opt/airflow/dags/dag_extract_dvizhenie.py
[2026-07-13T19:29:18.270+0000] {processor.py:925} INFO - DAG(s) 'dag_extract_dvizhenie' retrieved from /opt/airflow/dags/dag_extract_dvizhenie.py
[2026-07-13T19:29:18.280+0000] {logging_mixin.py:190} INFO - [2026-07-13T19:29:18.279+0000] {dag.py:3239} INFO - Sync 1 DAGs
[2026-07-13T19:29:18.287+0000] {logging_mixin.py:190} INFO - [2026-07-13T19:29:18.287+0000] {dag.py:4180} INFO - Setting next_dagrun for dag_extract_dvizhenie to 2026-07-13 18:00:00+00:00, run_after=2026-07-13 20:00:00+00:00
[2026-07-13T19:29:18.301+0000] {processor.py:208} INFO - Processing /opt/airflow/dags/dag_extract_dvizhenie.py took 0.040 seconds
[2026-07-13T19:29:48.782+0000] {processor.py:186} INFO - Started process (PID=69230) to work on /opt/airflow/dags/dag_extract_dvizhenie.py
[2026-07-13T19:29:48.782+0000] {processor.py:914} INFO - Processing file /opt/airflow/dags/dag_extract_dvizhenie.py for tasks to queue
[2026-07-13T19:29:48.784+0000] {logging_mixin.py:190} INFO - [2026-07-13T19:29:48.783+0000] {dagbag.py:588} INFO - Filling up the DagBag from /opt/airflow/dags/dag_extract_dvizhenie.py
[2026-07-13T19:29:48.790+0000] {processor.py:925} INFO - DAG(s) 'dag_extract_dvizhenie' retrieved from /opt/airflow/dags/dag_extract_dvizhenie.py
[2026-07-13T19:29:48.804+0000] {logging_mixin.py:190} INFO - [2026-07-13T19:29:48.804+0000] {dag.py:3239} INFO - Sync 1 DAGs
[2026-07-13T19:29:48.814+0000] {logging_mixin.py:190} INFO - [2026-07-13T19:29:48.814+0000] {dag.py:4180} INFO - Setting next_dagrun for dag_extract_dvizhenie to 2026-07-13 18:00:00+00:00, run_after=2026-07-13 20:00:00+00:00
[2026-07-13T19:29:48.822+0000] {processor.py:208} INFO - Processing /opt/airflow/dags/dag_extract_dvizhenie.py took 0.045 seconds
[2026-07-13T19:30:19.234+0000] {processor.py:186} INFO - Started process (PID=69250) to work on /opt/airflow/dags/dag_extract_dvizhenie.py
[2026-07-13T19:30:19.234+0000] {processor.py:914} INFO - Processing file /opt/airflow/dags/dag_extract_dvizhenie.py for tasks to queue
[2026-07-13T19:30:19.235+0000] {logging_mixin.py:190} INFO - [2026-07-13T19:30:19.235+0000] {dagbag.py:588} INFO - Filling up the DagBag from /opt/airflow/dags/dag_extract_dvizhenie.py
[2026-07-13T19:30:19.240+0000] {processor.py:925} INFO - DAG(s) 'dag_extract_dvizhenie' retrieved from /opt/airflow/dags/dag_extract_dvizhenie.py
[2026-07-13T19:30:19.250+0000] {logging_mixin.py:190} INFO - [2026-07-13T19:30:19.250+0000] {dag.py:3239} INFO - Sync 1 DAGs
[2026-07-13T19:30:19.258+0000] {logging_mixin.py:190} INFO - [2026-07-13T19:30:19.258+0000] {dag.py:4180} INFO - Setting next_dagrun for dag_extract_dvizhenie to 2026-07-13 18:00:00+00:00, run_after=2026-07-13 20:00:00+00:00
[2026-07-13T19:30:19.264+0000] {processor.py:208} INFO - Processing /opt/airflow/dags/dag_extract_dvizhenie.py took 0.032 seconds
[2026-07-13T19:30:49.718+0000] {processor.py:186} INFO - Started process (PID=69282) to work on /opt/airflow/dags/dag_extract_dvizhenie.py
[2026-07-13T19:30:49.718+0000] {processor.py:914} INFO - Processing file /opt/airflow/dags/dag_extract_dvizhenie.py for tasks to queue
[2026-07-13T19:30:49.719+0000] {logging_mixin.py:190} INFO - [2026-07-13T19:30:49.719+0000] {dagbag.py:588} INFO - Filling up the DagBag from /opt/airflow/dags/dag_extract_dvizhenie.py
[2026-07-13T19:30:49.724+0000] {processor.py:925} INFO - DAG(s) 'dag_extract_dvizhenie' retrieved from /opt/airflow/dags/dag_extract_dvizhenie.py
[2026-07-13T19:30:49.734+0000] {logging_mixin.py:190} INFO - [2026-07-13T19:30:49.734+0000] {dag.py:3239} INFO - Sync 1 DAGs
[2026-07-13T19:30:49.742+0000] {logging_mixin.py:190} INFO - [2026-07-13T19:30:49.742+0000] {dag.py:4180} INFO - Setting next_dagrun for dag_extract_dvizhenie to 2026-07-13 18:00:00+00:00, run_after=2026-07-13 20:00:00+00:00
[2026-07-13T19:30:49.746+0000] {processor.py:208} INFO - Processing /opt/airflow/dags/dag_extract_dvizhenie.py took 0.031 seconds
[2026-07-13T19:31:20.189+0000] {processor.py:186} INFO - Started process (PID=69302) to work on /opt/airflow/dags/dag_extract_dvizhenie.py
[2026-07-13T19:31:20.191+0000] {processor.py:914} INFO - Processing file /opt/airflow/dags/dag_extract_dvizhenie.py for tasks to queue
[2026-07-13T19:31:20.192+0000] {logging_mixin.py:190} INFO - [2026-07-13T19:31:20.192+0000] {dagbag.py:588} INFO - Filling up the DagBag from /opt/airflow/dags/dag_extract_dvizhenie.py
[2026-07-13T19:31:20.198+0000] {processor.py:925} INFO - DAG(s) 'dag_extract_dvizhenie' retrieved from /opt/airflow/dags/dag_extract_dvizhenie.py
[2026-07-13T19:31:20.215+0000] {logging_mixin.py:190} INFO - [2026-07-13T19:31:20.215+0000] {dag.py:3239} INFO - Sync 1 DAGs
[2026-07-13T19:31:20.226+0000] {logging_mixin.py:190} INFO - [2026-07-13T19:31:20.226+0000] {dag.py:4180} INFO - Setting next_dagrun for dag_extract_dvizhenie to 2026-07-13 18:00:00+00:00, run_after=2026-07-13 20:00:00+00:00
[2026-07-13T19:31:20.233+0000] {processor.py:208} INFO - Processing /opt/airflow/dags/dag_extract_dvizhenie.py took 0.047 seconds
[2026-07-13T19:31:50.568+0000] {processor.py:186} INFO - Started process (PID=69322) to work on /opt/airflow/dags/dag_extract_dvizhenie.py
[2026-07-13T19:31:50.568+0000] {processor.py:914} INFO - Processing file /opt/airflow/dags/dag_extract_dvizhenie.py for tasks to queue
[2026-07-13T19:31:50.569+0000] {logging_mixin.py:190} INFO - [2026-07-13T19:31:50.569+0000] {dagbag.py:588} INFO - Filling up the DagBag from /opt/airflow/dags/dag_extract_dvizhenie.py
[2026-07-13T19:31:50.574+0000] {processor.py:925} INFO - DAG(s) 'dag_extract_dvizhenie' retrieved from /opt/airflow/dags/dag_extract_dvizhenie.py
[2026-07-13T19:31:50.584+0000] {logging_mixin.py:190} INFO - [2026-07-13T19:31:50.583+0000] {dag.py:3239} INFO - Sync 1 DAGs
[2026-07-13T19:31:50.591+0000] {logging_mixin.py:190} INFO - [2026-07-13T19:31:50.591+0000] {dag.py:4180} INFO - Setting next_dagrun for dag_extract_dvizhenie to 2026-07-13 18:00:00+00:00, run_after=2026-07-13 20:00:00+00:00
[2026-07-13T19:31:50.596+0000] {processor.py:208} INFO - Processing /opt/airflow/dags/dag_extract_dvizhenie.py took 0.031 seconds
[2026-07-13T19:32:21.021+0000] {processor.py:186} INFO - Started process (PID=69342) to work on /opt/airflow/dags/dag_extract_dvizhenie.py
[2026-07-13T19:32:21.021+0000] {processor.py:914} INFO - Processing file /opt/airflow/dags/dag_extract_dvizhenie.py for tasks to queue
[2026-07-13T19:32:21.023+0000] {logging_mixin.py:190} INFO - [2026-07-13T19:32:21.022+0000] {dagbag.py:588} INFO - Filling up the DagBag from /opt/airflow/dags/dag_extract_dvizhenie.py
[2026-07-13T19:32:21.030+0000] {processor.py:925} INFO - DAG(s) 'dag_extract_dvizhenie' retrieved from /opt/airflow/dags/dag_extract_dvizhenie.py
[2026-07-13T19:32:21.046+0000] {logging_mixin.py:190} INFO - [2026-07-13T19:32:21.046+0000] {dag.py:3239} INFO - Sync 1 DAGs
[2026-07-13T19:32:21.056+0000] {logging_mixin.py:190} INFO - [2026-07-13T19:32:21.056+0000] {dag.py:4180} INFO - Setting next_dagrun for dag_extract_dvizhenie to 2026-07-13 18:00:00+00:00, run_after=2026-07-13 20:00:00+00:00
[2026-07-13T19:32:21.061+0000] {processor.py:208} INFO - Processing /opt/airflow/dags/dag_extract_dvizhenie.py took 0.045 seconds
[2026-07-13T19:32:51.615+0000] {processor.py:186} INFO - Started process (PID=69362) to work on /opt/airflow/dags/dag_extract_dvizhenie.py
[2026-07-13T19:32:51.615+0000] {processor.py:914} INFO - Processing file /opt/airflow/dags/dag_extract_dvizhenie.py for tasks to queue
[2026-07-13T19:32:51.616+0000] {logging_mixin.py:190} INFO - [2026-07-13T19:32:51.616+0000] {dagbag.py:588} INFO - Filling up the DagBag from /opt/airflow/dags/dag_extract_dvizhenie.py
[2026-07-13T19:32:51.621+0000] {processor.py:925} INFO - DAG(s) 'dag_extract_dvizhenie' retrieved from /opt/airflow/dags/dag_extract_dvizhenie.py
[2026-07-13T19:32:51.631+0000] {logging_mixin.py:190} INFO - [2026-07-13T19:32:51.631+0000] {dag.py:3239} INFO - Sync 1 DAGs
[2026-07-13T19:32:51.639+0000] {logging_mixin.py:190} INFO - [2026-07-13T19:32:51.639+0000] {dag.py:4180} INFO - Setting next_dagrun for dag_extract_dvizhenie to 2026-07-13 18:00:00+00:00, run_after=2026-07-13 20:00:00+00:00
[2026-07-13T19:32:51.645+0000] {processor.py:208} INFO - Processing /opt/airflow/dags/dag_extract_dvizhenie.py took 0.033 seconds
[2026-07-13T19:33:22.124+0000] {processor.py:186} INFO - Started process (PID=69382) to work on /opt/airflow/dags/dag_extract_dvizhenie.py
[2026-07-13T19:33:22.124+0000] {processor.py:914} INFO - Processing file /opt/airflow/dags/dag_extract_dvizhenie.py for tasks to queue
[2026-07-13T19:33:22.125+0000] {logging_mixin.py:190} INFO - [2026-07-13T19:33:22.125+0000] {dagbag.py:588} INFO - Filling up the DagBag from /opt/airflow/dags/dag_extract_dvizhenie.py
[2026-07-13T19:33:22.130+0000] {processor.py:925} INFO - DAG(s) 'dag_extract_dvizhenie' retrieved from /opt/airflow/dags/dag_extract_dvizhenie.py
[2026-07-13T19:33:22.140+0000] {logging_mixin.py:190} INFO - [2026-07-13T19:33:22.140+0000] {dag.py:3239} INFO - Sync 1 DAGs
[2026-07-13T19:33:22.147+0000] {logging_mixin.py:190} INFO - [2026-07-13T19:33:22.147+0000] {dag.py:4180} INFO - Setting next_dagrun for dag_extract_dvizhenie to 2026-07-13 18:00:00+00:00, run_after=2026-07-13 20:00:00+00:00
[2026-07-13T19:33:22.152+0000] {processor.py:208} INFO - Processing /opt/airflow/dags/dag_extract_dvizhenie.py took 0.031 seconds
[2026-07-13T19:33:52.698+0000] {processor.py:186} INFO - Started process (PID=69402) to work on /opt/airflow/dags/dag_extract_dvizhenie.py
[2026-07-13T19:33:52.698+0000] {processor.py:914} INFO - Processing file /opt/airflow/dags/dag_extract_dvizhenie.py for tasks to queue
[2026-07-13T19:33:52.699+0000] {logging_mixin.py:190} INFO - [2026-07-13T19:33:52.699+0000] {dagbag.py:588} INFO - Filling up the DagBag from /opt/airflow/dags/dag_extract_dvizhenie.py
[2026-07-13T19:33:52.705+0000] {processor.py:925} INFO - DAG(s) 'dag_extract_dvizhenie' retrieved from /opt/airflow/dags/dag_extract_dvizhenie.py
[2026-07-13T19:33:52.717+0000] {logging_mixin.py:190} INFO - [2026-07-13T19:33:52.717+0000] {dag.py:3239} INFO - Sync 1 DAGs
[2026-07-13T19:33:52.725+0000] {logging_mixin.py:190} INFO - [2026-07-13T19:33:52.725+0000] {dag.py:4180} INFO - Setting next_dagrun for dag_extract_dvizhenie to 2026-07-13 18:00:00+00:00, run_after=2026-07-13 20:00:00+00:00
[2026-07-13T19:33:52.731+0000] {processor.py:208} INFO - Processing /opt/airflow/dags/dag_extract_dvizhenie.py took 0.037 seconds
[2026-07-13T19:34:23.117+0000] {processor.py:186} INFO - Started process (PID=69422) to work on /opt/airflow/dags/dag_extract_dvizhenie.py
[2026-07-13T19:34:23.118+0000] {processor.py:914} INFO - Processing file /opt/airflow/dags/dag_extract_dvizhenie.py for tasks to queue
[2026-07-13T19:34:23.120+0000] {logging_mixin.py:190} INFO - [2026-07-13T19:34:23.120+0000] {dagbag.py:588} INFO - Filling up the DagBag from /opt/airflow/dags/dag_extract_dvizhenie.py
[2026-07-13T19:34:23.126+0000] {processor.py:925} INFO - DAG(s) 'dag_extract_dvizhenie' retrieved from /opt/airflow/dags/dag_extract_dvizhenie.py
[2026-07-13T19:34:23.137+0000] {logging_mixin.py:190} INFO - [2026-07-13T19:34:23.137+0000] {dag.py:3239} INFO - Sync 1 DAGs
[2026-07-13T19:34:23.148+0000] {logging_mixin.py:190} INFO - [2026-07-13T19:34:23.148+0000] {dag.py:4180} INFO - Setting next_dagrun for dag_extract_dvizhenie to 2026-07-13 18:00:00+00:00, run_after=2026-07-13 20:00:00+00:00
[2026-07-13T19:34:23.158+0000] {processor.py:208} INFO - Processing /opt/airflow/dags/dag_extract_dvizhenie.py took 0.043 seconds
[2026-07-13T19:34:53.597+0000] {processor.py:186} INFO - Started process (PID=69442) to work on /opt/airflow/dags/dag_extract_dvizhenie.py
[2026-07-13T19:34:53.598+0000] {processor.py:914} INFO - Processing file /opt/airflow/dags/dag_extract_dvizhenie.py for tasks to queue
[2026-07-13T19:34:53.599+0000] {logging_mixin.py:190} INFO - [2026-07-13T19:34:53.598+0000] {dagbag.py:588} INFO - Filling up the DagBag from /opt/airflow/dags/dag_extract_dvizhenie.py
[2026-07-13T19:34:53.603+0000] {processor.py:925} INFO - DAG(s) 'dag_extract_dvizhenie' retrieved from /opt/airflow/dags/dag_extract_dvizhenie.py
[2026-07-13T19:34:53.613+0000] {logging_mixin.py:190} INFO - [2026-07-13T19:34:53.613+0000] {dag.py:3239} INFO - Sync 1 DAGs
[2026-07-13T19:34:53.620+0000] {logging_mixin.py:190} INFO - [2026-07-13T19:34:53.620+0000] {dag.py:4180} INFO - Setting next_dagrun for dag_extract_dvizhenie to 2026-07-13 18:00:00+00:00, run_after=2026-07-13 20:00:00+00:00
[2026-07-13T19:34:53.625+0000] {processor.py:208} INFO - Processing /opt/airflow/dags/dag_extract_dvizhenie.py took 0.031 seconds
[2026-07-13T19:35:24.089+0000] {processor.py:186} INFO - Started process (PID=69462) to work on /opt/airflow/dags/dag_extract_dvizhenie.py
[2026-07-13T19:35:24.089+0000] {processor.py:914} INFO - Processing file /opt/airflow/dags/dag_extract_dvizhenie.py for tasks to queue
[2026-07-13T19:35:24.090+0000] {logging_mixin.py:190} INFO - [2026-07-13T19:35:24.090+0000] {dagbag.py:588} INFO - Filling up the DagBag from /opt/airflow/dags/dag_extract_dvizhenie.py
[2026-07-13T19:35:24.096+0000] {processor.py:925} INFO - DAG(s) 'dag_extract_dvizhenie' retrieved from /opt/airflow/dags/dag_extract_dvizhenie.py
[2026-07-13T19:35:24.110+0000] {logging_mixin.py:190} INFO - [2026-07-13T19:35:24.110+0000] {dag.py:3239} INFO - Sync 1 DAGs
[2026-07-13T19:35:24.119+0000] {logging_mixin.py:190} INFO - [2026-07-13T19:35:24.119+0000] {dag.py:4180} INFO - Setting next_dagrun for dag_extract_dvizhenie to 2026-07-13 18:00:00+00:00, run_after=2026-07-13 20:00:00+00:00
[2026-07-13T19:35:24.125+0000] {processor.py:208} INFO - Processing /opt/airflow/dags/dag_extract_dvizhenie.py took 0.041 seconds
[2026-07-13T19:35:54.642+0000] {processor.py:186} INFO - Started process (PID=69482) to work on /opt/airflow/dags/dag_extract_dvizhenie.py
[2026-07-13T19:35:54.642+0000] {processor.py:914} INFO - Processing file /opt/airflow/dags/dag_extract_dvizhenie.py for tasks to queue
[2026-07-13T19:35:54.643+0000] {logging_mixin.py:190} INFO - [2026-07-13T19:35:54.643+0000] {dagbag.py:588} INFO - Filling up the DagBag from /opt/airflow/dags/dag_extract_dvizhenie.py
[2026-07-13T19:35:54.650+0000] {processor.py:925} INFO - DAG(s) 'dag_extract_dvizhenie' retrieved from /opt/airflow/dags/dag_extract_dvizhenie.py
[2026-07-13T19:35:54.664+0000] {logging_mixin.py:190} INFO - [2026-07-13T19:35:54.664+0000] {dag.py:3239} INFO - Sync 1 DAGs
[2026-07-13T19:35:54.673+0000] {logging_mixin.py:190} INFO - [2026-07-13T19:35:54.673+0000] {dag.py:4180} INFO - Setting next_dagrun for dag_extract_dvizhenie to 2026-07-13 18:00:00+00:00, run_after=2026-07-13 20:00:00+00:00
[2026-07-13T19:35:54.680+0000] {processor.py:208} INFO - Processing /opt/airflow/dags/dag_extract_dvizhenie.py took 0.042 seconds
[2026-07-13T19:36:25.181+0000] {processor.py:186} INFO - Started process (PID=69502) to work on /opt/airflow/dags/dag_extract_dvizhenie.py
[2026-07-13T19:36:25.181+0000] {processor.py:914} INFO - Processing file /opt/airflow/dags/dag_extract_dvizhenie.py for tasks to queue
[2026-07-13T19:36:25.182+0000] {logging_mixin.py:190} INFO - [2026-07-13T19:36:25.182+0000] {dagbag.py:588} INFO - Filling up the DagBag from /opt/airflow/dags/dag_extract_dvizhenie.py
[2026-07-13T19:36:25.187+0000] {processor.py:925} INFO - DAG(s) 'dag_extract_dvizhenie' retrieved from /opt/airflow/dags/dag_extract_dvizhenie.py
[2026-07-13T19:36:25.198+0000] {logging_mixin.py:190} INFO - [2026-07-13T19:36:25.198+0000] {dag.py:3239} INFO - Sync 1 DAGs
[2026-07-13T19:36:25.205+0000] {logging_mixin.py:190} INFO - [2026-07-13T19:36:25.205+0000] {dag.py:4180} INFO - Setting next_dagrun for dag_extract_dvizhenie to 2026-07-13 18:00:00+00:00, run_after=2026-07-13 20:00:00+00:00
[2026-07-13T19:36:25.210+0000] {processor.py:208} INFO - Processing /opt/airflow/dags/dag_extract_dvizhenie.py took 0.032 seconds
[2026-07-13T19:36:55.667+0000] {processor.py:186} INFO - Started process (PID=69522) to work on /opt/airflow/dags/dag_extract_dvizhenie.py
[2026-07-13T19:36:55.668+0000] {processor.py:914} INFO - Processing file /opt/airflow/dags/dag_extract_dvizhenie.py for tasks to queue
[2026-07-13T19:36:55.669+0000] {logging_mixin.py:190} INFO - [2026-07-13T19:36:55.669+0000] {dagbag.py:588} INFO - Filling up the DagBag from /opt/airflow/dags/dag_extract_dvizhenie.py
[2026-07-13T19:36:55.675+0000] {processor.py:925} INFO - DAG(s) 'dag_extract_dvizhenie' retrieved from /opt/airflow/dags/dag_extract_dvizhenie.py
[2026-07-13T19:36:55.687+0000] {logging_mixin.py:190} INFO - [2026-07-13T19:36:55.687+0000] {dag.py:3239} INFO - Sync 1 DAGs
[2026-07-13T19:36:55.696+0000] {logging_mixin.py:190} INFO - [2026-07-13T19:36:55.696+0000] {dag.py:4180} INFO - Setting next_dagrun for dag_extract_dvizhenie to 2026-07-13 18:00:00+00:00, run_after=2026-07-13 20:00:00+00:00
[2026-07-13T19:36:55.702+0000] {processor.py:208} INFO - Processing /opt/airflow/dags/dag_extract_dvizhenie.py took 0.038 seconds
[2026-07-13T19:37:26.141+0000] {processor.py:186} INFO - Started process (PID=69542) to work on /opt/airflow/dags/dag_extract_dvizhenie.py
[2026-07-13T19:37:26.141+0000] {processor.py:914} INFO - Processing file /opt/airflow/dags/dag_extract_dvizhenie.py for tasks to queue
[2026-07-13T19:37:26.143+0000] {logging_mixin.py:190} INFO - [2026-07-13T19:37:26.142+0000] {dagbag.py:588} INFO - Filling up the DagBag from /opt/airflow/dags/dag_extract_dvizhenie.py
[2026-07-13T19:37:26.149+0000] {processor.py:925} INFO - DAG(s) 'dag_extract_dvizhenie' retrieved from /opt/airflow/dags/dag_extract_dvizhenie.py
[2026-07-13T19:37:26.162+0000] {logging_mixin.py:190} INFO - [2026-07-13T19:37:26.161+0000] {dag.py:3239} INFO - Sync 1 DAGs
[2026-07-13T19:37:26.171+0000] {logging_mixin.py:190} INFO - [2026-07-13T19:37:26.171+0000] {dag.py:4180} INFO - Setting next_dagrun for dag_extract_dvizhenie to 2026-07-13 18:00:00+00:00, run_after=2026-07-13 20:00:00+00:00
[2026-07-13T19:37:26.178+0000] {processor.py:208} INFO - Processing /opt/airflow/dags/dag_extract_dvizhenie.py took 0.042 seconds
[2026-07-13T19:37:56.623+0000] {processor.py:186} INFO - Started process (PID=69562) to work on /opt/airflow/dags/dag_extract_dvizhenie.py
[2026-07-13T19:37:56.623+0000] {processor.py:914} INFO - Processing file /opt/airflow/dags/dag_extract_dvizhenie.py for tasks to queue
[2026-07-13T19:37:56.624+0000] {logging_mixin.py:190} INFO - [2026-07-13T19:37:56.624+0000] {dagbag.py:588} INFO - Filling up the DagBag from /opt/airflow/dags/dag_extract_dvizhenie.py
[2026-07-13T19:37:56.629+0000] {processor.py:925} INFO - DAG(s) 'dag_extract_dvizhenie' retrieved from /opt/airflow/dags/dag_extract_dvizhenie.py
[2026-07-13T19:37:56.643+0000] {logging_mixin.py:190} INFO - [2026-07-13T19:37:56.643+0000] {dag.py:3239} INFO - Sync 1 DAGs
[2026-07-13T19:37:56.652+0000] {logging_mixin.py:190} INFO - [2026-07-13T19:37:56.652+0000] {dag.py:4180} INFO - Setting next_dagrun for dag_extract_dvizhenie to 2026-07-13 18:00:00+00:00, run_after=2026-07-13 20:00:00+00:00
[2026-07-13T19:37:56.659+0000] {processor.py:208} INFO - Processing /opt/airflow/dags/dag_extract_dvizhenie.py took 0.040 seconds
[2026-07-13T19:38:27.068+0000] {processor.py:186} INFO - Started process (PID=69582) to work on /opt/airflow/dags/dag_extract_dvizhenie.py
[2026-07-13T19:38:27.069+0000] {processor.py:914} INFO - Processing file /opt/airflow/dags/dag_extract_dvizhenie.py for tasks to queue
[2026-07-13T19:38:27.070+0000] {logging_mixin.py:190} INFO - [2026-07-13T19:38:27.070+0000] {dagbag.py:588} INFO - Filling up the DagBag from /opt/airflow/dags/dag_extract_dvizhenie.py
[2026-07-13T19:38:27.075+0000] {processor.py:925} INFO - DAG(s) 'dag_extract_dvizhenie' retrieved from /opt/airflow/dags/dag_extract_dvizhenie.py
[2026-07-13T19:38:27.091+0000] {logging_mixin.py:190} INFO - [2026-07-13T19:38:27.091+0000] {dag.py:3239} INFO - Sync 1 DAGs
[2026-07-13T19:38:27.100+0000] {logging_mixin.py:190} INFO - [2026-07-13T19:38:27.100+0000] {dag.py:4180} INFO - Setting next_dagrun for dag_extract_dvizhenie to 2026-07-13 18:00:00+00:00, run_after=2026-07-13 20:00:00+00:00
[2026-07-13T19:38:27.107+0000] {processor.py:208} INFO - Processing /opt/airflow/dags/dag_extract_dvizhenie.py took 0.042 seconds
[2026-07-13T19:38:57.531+0000] {processor.py:186} INFO - Started process (PID=69602) to work on /opt/airflow/dags/dag_extract_dvizhenie.py
[2026-07-13T19:38:57.531+0000] {processor.py:914} INFO - Processing file /opt/airflow/dags/dag_extract_dvizhenie.py for tasks to queue
[2026-07-13T19:38:57.532+0000] {logging_mixin.py:190} INFO - [2026-07-13T19:38:57.532+0000] {dagbag.py:588} INFO - Filling up the DagBag from /opt/airflow/dags/dag_extract_dvizhenie.py
[2026-07-13T19:38:57.536+0000] {processor.py:925} INFO - DAG(s) 'dag_extract_dvizhenie' retrieved from /opt/airflow/dags/dag_extract_dvizhenie.py
[2026-07-13T19:38:57.546+0000] {logging_mixin.py:190} INFO - [2026-07-13T19:38:57.546+0000] {dag.py:3239} INFO - Sync 1 DAGs
[2026-07-13T19:38:57.554+0000] {logging_mixin.py:190} INFO - [2026-07-13T19:38:57.554+0000] {dag.py:4180} INFO - Setting next_dagrun for dag_extract_dvizhenie to 2026-07-13 18:00:00+00:00, run_after=2026-07-13 20:00:00+00:00
[2026-07-13T19:38:57.559+0000] {processor.py:208} INFO - Processing /opt/airflow/dags/dag_extract_dvizhenie.py took 0.031 seconds
[2026-07-13T19:39:27.991+0000] {processor.py:186} INFO - Started process (PID=69622) to work on /opt/airflow/dags/dag_extract_dvizhenie.py
[2026-07-13T19:39:27.992+0000] {processor.py:914} INFO - Processing file /opt/airflow/dags/dag_extract_dvizhenie.py for tasks to queue
[2026-07-13T19:39:27.992+0000] {logging_mixin.py:190} INFO - [2026-07-13T19:39:27.992+0000] {dagbag.py:588} INFO - Filling up the DagBag from /opt/airflow/dags/dag_extract_dvizhenie.py
[2026-07-13T19:39:27.997+0000] {processor.py:925} INFO - DAG(s) 'dag_extract_dvizhenie' retrieved from /opt/airflow/dags/dag_extract_dvizhenie.py
[2026-07-13T19:39:28.007+0000] {logging_mixin.py:190} INFO - [2026-07-13T19:39:28.007+0000] {dag.py:3239} INFO - Sync 1 DAGs
[2026-07-13T19:39:28.014+0000] {logging_mixin.py:190} INFO - [2026-07-13T19:39:28.014+0000] {dag.py:4180} INFO - Setting next_dagrun for dag_extract_dvizhenie to 2026-07-13 18:00:00+00:00, run_after=2026-07-13 20:00:00+00:00
[2026-07-13T19:39:28.019+0000] {processor.py:208} INFO - Processing /opt/airflow/dags/dag_extract_dvizhenie.py took 0.030 seconds
[2026-07-13T19:39:58.475+0000] {processor.py:186} INFO - Started process (PID=69642) to work on /opt/airflow/dags/dag_extract_dvizhenie.py
[2026-07-13T19:39:58.475+0000] {processor.py:914} INFO - Processing file /opt/airflow/dags/dag_extract_dvizhenie.py for tasks to queue
[2026-07-13T19:39:58.476+0000] {logging_mixin.py:190} INFO - [2026-07-13T19:39:58.476+0000] {dagbag.py:588} INFO - Filling up the DagBag from /opt/airflow/dags/dag_extract_dvizhenie.py
[2026-07-13T19:39:58.481+0000] {processor.py:925} INFO - DAG(s) 'dag_extract_dvizhenie' retrieved from /opt/airflow/dags/dag_extract_dvizhenie.py
[2026-07-13T19:39:58.491+0000] {logging_mixin.py:190} INFO - [2026-07-13T19:39:58.491+0000] {dag.py:3239} INFO - Sync 1 DAGs
[2026-07-13T19:39:58.500+0000] {logging_mixin.py:190} INFO - [2026-07-13T19:39:58.500+0000] {dag.py:4180} INFO - Setting next_dagrun for dag_extract_dvizhenie to 2026-07-13 18:00:00+00:00, run_after=2026-07-13 20:00:00+00:00
[2026-07-13T19:39:58.506+0000] {processor.py:208} INFO - Processing /opt/airflow/dags/dag_extract_dvizhenie.py took 0.034 seconds
[2026-07-13T19:40:28.894+0000] {processor.py:186} INFO - Started process (PID=69662) to work on /opt/airflow/dags/dag_extract_dvizhenie.py
[2026-07-13T19:40:28.894+0000] {processor.py:914} INFO - Processing file /opt/airflow/dags/dag_extract_dvizhenie.py for tasks to queue
[2026-07-13T19:40:28.895+0000] {logging_mixin.py:190} INFO - [2026-07-13T19:40:28.895+0000] {dagbag.py:588} INFO - Filling up the DagBag from /opt/airflow/dags/dag_extract_dvizhenie.py
[2026-07-13T19:40:28.900+0000] {processor.py:925} INFO - DAG(s) 'dag_extract_dvizhenie' retrieved from /opt/airflow/dags/dag_extract_dvizhenie.py
[2026-07-13T19:40:28.910+0000] {logging_mixin.py:190} INFO - [2026-07-13T19:40:28.910+0000] {dag.py:3239} INFO - Sync 1 DAGs
[2026-07-13T19:40:28.917+0000] {logging_mixin.py:190} INFO - [2026-07-13T19:40:28.917+0000] {dag.py:4180} INFO - Setting next_dagrun for dag_extract_dvizhenie to 2026-07-13 18:00:00+00:00, run_after=2026-07-13 20:00:00+00:00
[2026-07-13T19:40:28.922+0000] {processor.py:208} INFO - Processing /opt/airflow/dags/dag_extract_dvizhenie.py took 0.031 seconds
[2026-07-13T19:40:59.324+0000] {processor.py:186} INFO - Started process (PID=69691) to work on /opt/airflow/dags/dag_extract_dvizhenie.py
[2026-07-13T19:40:59.324+0000] {processor.py:914} INFO - Processing file /opt/airflow/dags/dag_extract_dvizhenie.py for tasks to queue
[2026-07-13T19:40:59.325+0000] {logging_mixin.py:190} INFO - [2026-07-13T19:40:59.325+0000] {dagbag.py:588} INFO - Filling up the DagBag from /opt/airflow/dags/dag_extract_dvizhenie.py
[2026-07-13T19:40:59.331+0000] {processor.py:925} INFO - DAG(s) 'dag_extract_dvizhenie' retrieved from /opt/airflow/dags/dag_extract_dvizhenie.py
[2026-07-13T19:40:59.346+0000] {logging_mixin.py:190} INFO - [2026-07-13T19:40:59.346+0000] {dag.py:3239} INFO - Sync 1 DAGs
[2026-07-13T19:40:59.357+0000] {logging_mixin.py:190} INFO - [2026-07-13T19:40:59.357+0000] {dag.py:4180} INFO - Setting next_dagrun for dag_extract_dvizhenie to 2026-07-13 18:00:00+00:00, run_after=2026-07-13 20:00:00+00:00
[2026-07-13T19:40:59.365+0000] {processor.py:208} INFO - Processing /opt/airflow/dags/dag_extract_dvizhenie.py took 0.044 seconds
[2026-07-13T19:41:29.816+0000] {processor.py:186} INFO - Started process (PID=69711) to work on /opt/airflow/dags/dag_extract_dvizhenie.py
[2026-07-13T19:41:29.816+0000] {processor.py:914} INFO - Processing file /opt/airflow/dags/dag_extract_dvizhenie.py for tasks to queue
[2026-07-13T19:41:29.817+0000] {logging_mixin.py:190} INFO - [2026-07-13T19:41:29.817+0000] {dagbag.py:588} INFO - Filling up the DagBag from /opt/airflow/dags/dag_extract_dvizhenie.py
[2026-07-13T19:41:29.822+0000] {processor.py:925} INFO - DAG(s) 'dag_extract_dvizhenie' retrieved from /opt/airflow/dags/dag_extract_dvizhenie.py
[2026-07-13T19:41:29.832+0000] {logging_mixin.py:190} INFO - [2026-07-13T19:41:29.832+0000] {dag.py:3239} INFO - Sync 1 DAGs
[2026-07-13T19:41:29.839+0000] {logging_mixin.py:190} INFO - [2026-07-13T19:41:29.839+0000] {dag.py:4180} INFO - Setting next_dagrun for dag_extract_dvizhenie to 2026-07-13 18:00:00+00:00, run_after=2026-07-13 20:00:00+00:00
[2026-07-13T19:41:29.844+0000] {processor.py:208} INFO - Processing /opt/airflow/dags/dag_extract_dvizhenie.py took 0.031 seconds
[2026-07-13T19:42:00.298+0000] {processor.py:186} INFO - Started process (PID=69731) to work on /opt/airflow/dags/dag_extract_dvizhenie.py
[2026-07-13T19:42:00.298+0000] {processor.py:914} INFO - Processing file /opt/airflow/dags/dag_extract_dvizhenie.py for tasks to queue
[2026-07-13T19:42:00.299+0000] {logging_mixin.py:190} INFO - [2026-07-13T19:42:00.299+0000] {dagbag.py:588} INFO - Filling up the DagBag from /opt/airflow/dags/dag_extract_dvizhenie.py
[2026-07-13T19:42:00.304+0000] {processor.py:925} INFO - DAG(s) 'dag_extract_dvizhenie' retrieved from /opt/airflow/dags/dag_extract_dvizhenie.py
[2026-07-13T19:42:00.313+0000] {logging_mixin.py:190} INFO - [2026-07-13T19:42:00.313+0000] {dag.py:3239} INFO - Sync 1 DAGs
[2026-07-13T19:42:00.321+0000] {logging_mixin.py:190} INFO - [2026-07-13T19:42:00.321+0000] {dag.py:4180} INFO - Setting next_dagrun for dag_extract_dvizhenie to 2026-07-13 18:00:00+00:00, run_after=2026-07-13 20:00:00+00:00
[2026-07-13T19:42:00.326+0000] {processor.py:208} INFO - Processing /opt/airflow/dags/dag_extract_dvizhenie.py took 0.031 seconds
[2026-07-13T19:42:30.760+0000] {processor.py:186} INFO - Started process (PID=69751) to work on /opt/airflow/dags/dag_extract_dvizhenie.py
[2026-07-13T19:42:30.761+0000] {processor.py:914} INFO - Processing file /opt/airflow/dags/dag_extract_dvizhenie.py for tasks to queue
[2026-07-13T19:42:30.762+0000] {logging_mixin.py:190} INFO - [2026-07-13T19:42:30.762+0000] {dagbag.py:588} INFO - Filling up the DagBag from /opt/airflow/dags/dag_extract_dvizhenie.py
[2026-07-13T19:42:30.766+0000] {processor.py:925} INFO - DAG(s) 'dag_extract_dvizhenie' retrieved from /opt/airflow/dags/dag_extract_dvizhenie.py
[2026-07-13T19:42:30.776+0000] {logging_mixin.py:190} INFO - [2026-07-13T19:42:30.776+0000] {dag.py:3239} INFO - Sync 1 DAGs
[2026-07-13T19:42:30.784+0000] {logging_mixin.py:190} INFO - [2026-07-13T19:42:30.784+0000] {dag.py:4180} INFO - Setting next_dagrun for dag_extract_dvizhenie to 2026-07-13 18:00:00+00:00, run_after=2026-07-13 20:00:00+00:00
[2026-07-13T19:42:30.789+0000] {processor.py:208} INFO - Processing /opt/airflow/dags/dag_extract_dvizhenie.py took 0.031 seconds
[2026-07-13T19:43:01.237+0000] {processor.py:186} INFO - Started process (PID=69771) to work on /opt/airflow/dags/dag_extract_dvizhenie.py
[2026-07-13T19:43:01.238+0000] {processor.py:914} INFO - Processing file /opt/airflow/dags/dag_extract_dvizhenie.py for tasks to queue
[2026-07-13T19:43:01.239+0000] {logging_mixin.py:190} INFO - [2026-07-13T19:43:01.238+0000] {dagbag.py:588} INFO - Filling up the DagBag from /opt/airflow/dags/dag_extract_dvizhenie.py
[2026-07-13T19:43:01.243+0000] {processor.py:925} INFO - DAG(s) 'dag_extract_dvizhenie' retrieved from /opt/airflow/dags/dag_extract_dvizhenie.py
[2026-07-13T19:43:01.254+0000] {logging_mixin.py:190} INFO - [2026-07-13T19:43:01.254+0000] {dag.py:3239} INFO - Sync 1 DAGs
[2026-07-13T19:43:01.262+0000] {logging_mixin.py:190} INFO - [2026-07-13T19:43:01.262+0000] {dag.py:4180} INFO - Setting next_dagrun for dag_extract_dvizhenie to 2026-07-13 18:00:00+00:00, run_after=2026-07-13 20:00:00+00:00
[2026-07-13T19:43:01.267+0000] {processor.py:208} INFO - Processing /opt/airflow/dags/dag_extract_dvizhenie.py took 0.033 seconds
[2026-07-13T19:43:31.760+0000] {processor.py:186} INFO - Started process (PID=69791) to work on /opt/airflow/dags/dag_extract_dvizhenie.py
[2026-07-13T19:43:31.761+0000] {processor.py:914} INFO - Processing file /opt/airflow/dags/dag_extract_dvizhenie.py for tasks to queue
[2026-07-13T19:43:31.762+0000] {logging_mixin.py:190} INFO - [2026-07-13T19:43:31.761+0000] {dagbag.py:588} INFO - Filling up the DagBag from /opt/airflow/dags/dag_extract_dvizhenie.py
[2026-07-13T19:43:31.768+0000] {processor.py:925} INFO - DAG(s) 'dag_extract_dvizhenie' retrieved from /opt/airflow/dags/dag_extract_dvizhenie.py
[2026-07-13T19:43:31.782+0000] {logging_mixin.py:190} INFO - [2026-07-13T19:43:31.782+0000] {dag.py:3239} INFO - Sync 1 DAGs
[2026-07-13T19:43:31.798+0000] {logging_mixin.py:190} INFO - [2026-07-13T19:43:31.798+0000] {dag.py:4180} INFO - Setting next_dagrun for dag_extract_dvizhenie to 2026-07-13 18:00:00+00:00, run_after=2026-07-13 20:00:00+00:00
[2026-07-13T19:43:31.811+0000] {processor.py:208} INFO - Processing /opt/airflow/dags/dag_extract_dvizhenie.py took 0.055 seconds
[2026-07-13T19:44:02.334+0000] {processor.py:186} INFO - Started process (PID=69811) to work on /opt/airflow/dags/dag_extract_dvizhenie.py
[2026-07-13T19:44:02.335+0000] {processor.py:914} INFO - Processing file /opt/airflow/dags/dag_extract_dvizhenie.py for tasks to queue
[2026-07-13T19:44:02.337+0000] {logging_mixin.py:190} INFO - [2026-07-13T19:44:02.337+0000] {dagbag.py:588} INFO - Filling up the DagBag from /opt/airflow/dags/dag_extract_dvizhenie.py
[2026-07-13T19:44:02.343+0000] {processor.py:925} INFO - DAG(s) 'dag_extract_dvizhenie' retrieved from /opt/airflow/dags/dag_extract_dvizhenie.py
[2026-07-13T19:44:02.362+0000] {logging_mixin.py:190} INFO - [2026-07-13T19:44:02.361+0000] {dag.py:3239} INFO - Sync 1 DAGs
[2026-07-13T19:44:02.374+0000] {logging_mixin.py:190} INFO - [2026-07-13T19:44:02.374+0000] {dag.py:4180} INFO - Setting next_dagrun for dag_extract_dvizhenie to 2026-07-13 18:00:00+00:00, run_after=2026-07-13 20:00:00+00:00
[2026-07-13T19:44:02.383+0000] {processor.py:208} INFO - Processing /opt/airflow/dags/dag_extract_dvizhenie.py took 0.058 seconds
[2026-07-13T19:44:32.832+0000] {processor.py:186} INFO - Started process (PID=69831) to work on /opt/airflow/dags/dag_extract_dvizhenie.py
[2026-07-13T19:44:32.833+0000] {processor.py:914} INFO - Processing file /opt/airflow/dags/dag_extract_dvizhenie.py for tasks to queue
[2026-07-13T19:44:32.834+0000] {logging_mixin.py:190} INFO - [2026-07-13T19:44:32.834+0000] {dagbag.py:588} INFO - Filling up the DagBag from /opt/airflow/dags/dag_extract_dvizhenie.py
[2026-07-13T19:44:32.841+0000] {processor.py:925} INFO - DAG(s) 'dag_extract_dvizhenie' retrieved from /opt/airflow/dags/dag_extract_dvizhenie.py
[2026-07-13T19:44:32.862+0000] {logging_mixin.py:190} INFO - [2026-07-13T19:44:32.862+0000] {dag.py:3239} INFO - Sync 1 DAGs
[2026-07-13T19:44:32.876+0000] {logging_mixin.py:190} INFO - [2026-07-13T19:44:32.876+0000] {dag.py:4180} INFO - Setting next_dagrun for dag_extract_dvizhenie to 2026-07-13 18:00:00+00:00, run_after=2026-07-13 20:00:00+00:00
[2026-07-13T19:44:32.884+0000] {processor.py:208} INFO - Processing /opt/airflow/dags/dag_extract_dvizhenie.py took 0.056 seconds
[2026-07-13T19:45:03.408+0000] {processor.py:186} INFO - Started process (PID=69851) to work on /opt/airflow/dags/dag_extract_dvizhenie.py
[2026-07-13T19:45:03.408+0000] {processor.py:914} INFO - Processing file /opt/airflow/dags/dag_extract_dvizhenie.py for tasks to queue
[2026-07-13T19:45:03.410+0000] {logging_mixin.py:190} INFO - [2026-07-13T19:45:03.409+0000] {dagbag.py:588} INFO - Filling up the DagBag from /opt/airflow/dags/dag_extract_dvizhenie.py
[2026-07-13T19:45:03.415+0000] {processor.py:925} INFO - DAG(s) 'dag_extract_dvizhenie' retrieved from /opt/airflow/dags/dag_extract_dvizhenie.py
[2026-07-13T19:45:03.427+0000] {logging_mixin.py:190} INFO - [2026-07-13T19:45:03.427+0000] {dag.py:3239} INFO - Sync 1 DAGs
[2026-07-13T19:45:03.436+0000] {logging_mixin.py:190} INFO - [2026-07-13T19:45:03.436+0000] {dag.py:4180} INFO - Setting next_dagrun for dag_extract_dvizhenie to 2026-07-13 18:00:00+00:00, run_after=2026-07-13 20:00:00+00:00
[2026-07-13T19:45:03.442+0000] {processor.py:208} INFO - Processing /opt/airflow/dags/dag_extract_dvizhenie.py took 0.037 seconds
[2026-07-13T19:45:33.885+0000] {processor.py:186} INFO - Started process (PID=69871) to work on /opt/airflow/dags/dag_extract_dvizhenie.py
[2026-07-13T19:45:33.886+0000] {processor.py:914} INFO - Processing file /opt/airflow/dags/dag_extract_dvizhenie.py for tasks to queue
[2026-07-13T19:45:33.887+0000] {logging_mixin.py:190} INFO - [2026-07-13T19:45:33.887+0000] {dagbag.py:588} INFO - Filling up the DagBag from /opt/airflow/dags/dag_extract_dvizhenie.py
[2026-07-13T19:45:33.895+0000] {processor.py:925} INFO - DAG(s) 'dag_extract_dvizhenie' retrieved from /opt/airflow/dags/dag_extract_dvizhenie.py
[2026-07-13T19:45:33.909+0000] {logging_mixin.py:190} INFO - [2026-07-13T19:45:33.909+0000] {dag.py:3239} INFO - Sync 1 DAGs
[2026-07-13T19:45:33.920+0000] {logging_mixin.py:190} INFO - [2026-07-13T19:45:33.920+0000] {dag.py:4180} INFO - Setting next_dagrun for dag_extract_dvizhenie to 2026-07-13 18:00:00+00:00, run_after=2026-07-13 20:00:00+00:00
[2026-07-13T19:45:33.927+0000] {processor.py:208} INFO - Processing /opt/airflow/dags/dag_extract_dvizhenie.py took 0.046 seconds
[2026-07-13T19:46:04.371+0000] {processor.py:186} INFO - Started process (PID=69891) to work on /opt/airflow/dags/dag_extract_dvizhenie.py
[2026-07-13T19:46:04.371+0000] {processor.py:914} INFO - Processing file /opt/airflow/dags/dag_extract_dvizhenie.py for tasks to queue
[2026-07-13T19:46:04.372+0000] {logging_mixin.py:190} INFO - [2026-07-13T19:46:04.372+0000] {dagbag.py:588} INFO - Filling up the DagBag from /opt/airflow/dags/dag_extract_dvizhenie.py
[2026-07-13T19:46:04.377+0000] {processor.py:925} INFO - DAG(s) 'dag_extract_dvizhenie' retrieved from /opt/airflow/dags/dag_extract_dvizhenie.py
[2026-07-13T19:46:04.387+0000] {logging_mixin.py:190} INFO - [2026-07-13T19:46:04.387+0000] {dag.py:3239} INFO - Sync 1 DAGs
[2026-07-13T19:46:04.395+0000] {logging_mixin.py:190} INFO - [2026-07-13T19:46:04.395+0000] {dag.py:4180} INFO - Setting next_dagrun for dag_extract_dvizhenie to 2026-07-13 18:00:00+00:00, run_after=2026-07-13 20:00:00+00:00
[2026-07-13T19:46:04.400+0000] {processor.py:208} INFO - Processing /opt/airflow/dags/dag_extract_dvizhenie.py took 0.032 seconds
[2026-07-13T19:46:34.870+0000] {processor.py:186} INFO - Started process (PID=69911) to work on /opt/airflow/dags/dag_extract_dvizhenie.py
[2026-07-13T19:46:34.870+0000] {processor.py:914} INFO - Processing file /opt/airflow/dags/dag_extract_dvizhenie.py for tasks to queue
[2026-07-13T19:46:34.871+0000] {logging_mixin.py:190} INFO - [2026-07-13T19:46:34.871+0000] {dagbag.py:588} INFO - Filling up the DagBag from /opt/airflow/dags/dag_extract_dvizhenie.py
[2026-07-13T19:46:34.876+0000] {processor.py:925} INFO - DAG(s) 'dag_extract_dvizhenie' retrieved from /opt/airflow/dags/dag_extract_dvizhenie.py
[2026-07-13T19:46:34.887+0000] {logging_mixin.py:190} INFO - [2026-07-13T19:46:34.887+0000] {dag.py:3239} INFO - Sync 1 DAGs
[2026-07-13T19:46:34.895+0000] {logging_mixin.py:190} INFO - [2026-07-13T19:46:34.895+0000] {dag.py:4180} INFO - Setting next_dagrun for dag_extract_dvizhenie to 2026-07-13 18:00:00+00:00, run_after=2026-07-13 20:00:00+00:00
[2026-07-13T19:46:34.901+0000] {processor.py:208} INFO - Processing /opt/airflow/dags/dag_extract_dvizhenie.py took 0.034 seconds
[2026-07-13T19:47:05.299+0000] {processor.py:186} INFO - Started process (PID=69931) to work on /opt/airflow/dags/dag_extract_dvizhenie.py
[2026-07-13T19:47:05.299+0000] {processor.py:914} INFO - Processing file /opt/airflow/dags/dag_extract_dvizhenie.py for tasks to queue
[2026-07-13T19:47:05.300+0000] {logging_mixin.py:190} INFO - [2026-07-13T19:47:05.300+0000] {dagbag.py:588} INFO - Filling up the DagBag from /opt/airflow/dags/dag_extract_dvizhenie.py
[2026-07-13T19:47:05.305+0000] {processor.py:925} INFO - DAG(s) 'dag_extract_dvizhenie' retrieved from /opt/airflow/dags/dag_extract_dvizhenie.py
[2026-07-13T19:47:05.316+0000] {logging_mixin.py:190} INFO - [2026-07-13T19:47:05.316+0000] {dag.py:3239} INFO - Sync 1 DAGs
[2026-07-13T19:47:05.324+0000] {logging_mixin.py:190} INFO - [2026-07-13T19:47:05.324+0000] {dag.py:4180} INFO - Setting next_dagrun for dag_extract_dvizhenie to 2026-07-13 18:00:00+00:00, run_after=2026-07-13 20:00:00+00:00
[2026-07-13T19:47:05.329+0000] {processor.py:208} INFO - Processing /opt/airflow/dags/dag_extract_dvizhenie.py took 0.033 seconds
[2026-07-13T19:47:35.744+0000] {processor.py:186} INFO - Started process (PID=69949) to work on /opt/airflow/dags/dag_extract_dvizhenie.py
[2026-07-13T19:47:35.744+0000] {processor.py:914} INFO - Processing file /opt/airflow/dags/dag_extract_dvizhenie.py for tasks to queue
[2026-07-13T19:47:35.745+0000] {logging_mixin.py:190} INFO - [2026-07-13T19:47:35.745+0000] {dagbag.py:588} INFO - Filling up the DagBag from /opt/airflow/dags/dag_extract_dvizhenie.py
[2026-07-13T19:47:35.751+0000] {processor.py:925} INFO - DAG(s) 'dag_extract_dvizhenie' retrieved from /opt/airflow/dags/dag_extract_dvizhenie.py
[2026-07-13T19:47:35.762+0000] {logging_mixin.py:190} INFO - [2026-07-13T19:47:35.762+0000] {dag.py:3239} INFO - Sync 1 DAGs
[2026-07-13T19:47:35.773+0000] {logging_mixin.py:190} INFO - [2026-07-13T19:47:35.773+0000] {dag.py:4180} INFO - Setting next_dagrun for dag_extract_dvizhenie to 2026-07-13 18:00:00+00:00, run_after=2026-07-13 20:00:00+00:00
[2026-07-13T19:47:35.781+0000] {processor.py:208} INFO - Processing /opt/airflow/dags/dag_extract_dvizhenie.py took 0.041 seconds
[2026-07-13T19:48:06.227+0000] {processor.py:186} INFO - Started process (PID=69971) to work on /opt/airflow/dags/dag_extract_dvizhenie.py
[2026-07-13T19:48:06.227+0000] {processor.py:914} INFO - Processing file /opt/airflow/dags/dag_extract_dvizhenie.py for tasks to queue
[2026-07-13T19:48:06.228+0000] {logging_mixin.py:190} INFO - [2026-07-13T19:48:06.228+0000] {dagbag.py:588} INFO - Filling up the DagBag from /opt/airflow/dags/dag_extract_dvizhenie.py
[2026-07-13T19:48:06.232+0000] {processor.py:925} INFO - DAG(s) 'dag_extract_dvizhenie' retrieved from /opt/airflow/dags/dag_extract_dvizhenie.py
[2026-07-13T19:48:06.243+0000] {logging_mixin.py:190} INFO - [2026-07-13T19:48:06.243+0000] {dag.py:3239} INFO - Sync 1 DAGs
[2026-07-13T19:48:06.250+0000] {logging_mixin.py:190} INFO - [2026-07-13T19:48:06.250+0000] {dag.py:4180} INFO - Setting next_dagrun for dag_extract_dvizhenie to 2026-07-13 18:00:00+00:00, run_after=2026-07-13 20:00:00+00:00
[2026-07-13T19:48:06.256+0000] {processor.py:208} INFO - Processing /opt/airflow/dags/dag_extract_dvizhenie.py took 0.032 seconds
[2026-07-13T19:48:36.658+0000] {processor.py:186} INFO - Started process (PID=69991) to work on /opt/airflow/dags/dag_extract_dvizhenie.py
[2026-07-13T19:48:36.658+0000] {processor.py:914} INFO - Processing file /opt/airflow/dags/dag_extract_dvizhenie.py for tasks to queue
[2026-07-13T19:48:36.659+0000] {logging_mixin.py:190} INFO - [2026-07-13T19:48:36.659+0000] {dagbag.py:588} INFO - Filling up the DagBag from /opt/airflow/dags/dag_extract_dvizhenie.py
[2026-07-13T19:48:36.664+0000] {processor.py:925} INFO - DAG(s) 'dag_extract_dvizhenie' retrieved from /opt/airflow/dags/dag_extract_dvizhenie.py
[2026-07-13T19:48:36.674+0000] {logging_mixin.py:190} INFO - [2026-07-13T19:48:36.674+0000] {dag.py:3239} INFO - Sync 1 DAGs
[2026-07-13T19:48:36.682+0000] {logging_mixin.py:190} INFO - [2026-07-13T19:48:36.682+0000] {dag.py:4180} INFO - Setting next_dagrun for dag_extract_dvizhenie to 2026-07-13 18:00:00+00:00, run_after=2026-07-13 20:00:00+00:00
[2026-07-13T19:48:36.687+0000] {processor.py:208} INFO - Processing /opt/airflow/dags/dag_extract_dvizhenie.py took 0.031 seconds
[2026-07-13T19:49:07.183+0000] {processor.py:186} INFO - Started process (PID=70011) to work on /opt/airflow/dags/dag_extract_dvizhenie.py
[2026-07-13T19:49:07.183+0000] {processor.py:914} INFO - Processing file /opt/airflow/dags/dag_extract_dvizhenie.py for tasks to queue
[2026-07-13T19:49:07.185+0000] {logging_mixin.py:190} INFO - [2026-07-13T19:49:07.184+0000] {dagbag.py:588} INFO - Filling up the DagBag from /opt/airflow/dags/dag_extract_dvizhenie.py
[2026-07-13T19:49:07.190+0000] {processor.py:925} INFO - DAG(s) 'dag_extract_dvizhenie' retrieved from /opt/airflow/dags/dag_extract_dvizhenie.py
[2026-07-13T19:49:07.204+0000] {logging_mixin.py:190} INFO - [2026-07-13T19:49:07.203+0000] {dag.py:3239} INFO - Sync 1 DAGs
[2026-07-13T19:49:07.212+0000] {logging_mixin.py:190} INFO - [2026-07-13T19:49:07.212+0000] {dag.py:4180} INFO - Setting next_dagrun for dag_extract_dvizhenie to 2026-07-13 18:00:00+00:00, run_after=2026-07-13 20:00:00+00:00
[2026-07-13T19:49:07.217+0000] {processor.py:208} INFO - Processing /opt/airflow/dags/dag_extract_dvizhenie.py took 0.038 seconds
[2026-07-13T19:49:37.629+0000] {processor.py:186} INFO - Started process (PID=70031) to work on /opt/airflow/dags/dag_extract_dvizhenie.py
[2026-07-13T19:49:37.630+0000] {processor.py:914} INFO - Processing file /opt/airflow/dags/dag_extract_dvizhenie.py for tasks to queue
[2026-07-13T19:49:37.631+0000] {logging_mixin.py:190} INFO - [2026-07-13T19:49:37.631+0000] {dagbag.py:588} INFO - Filling up the DagBag from /opt/airflow/dags/dag_extract_dvizhenie.py
[2026-07-13T19:49:37.637+0000] {processor.py:925} INFO - DAG(s) 'dag_extract_dvizhenie' retrieved from /opt/airflow/dags/dag_extract_dvizhenie.py
[2026-07-13T19:49:37.653+0000] {logging_mixin.py:190} INFO - [2026-07-13T19:49:37.652+0000] {dag.py:3239} INFO - Sync 1 DAGs
[2026-07-13T19:49:37.661+0000] {logging_mixin.py:190} INFO - [2026-07-13T19:49:37.661+0000] {dag.py:4180} INFO - Setting next_dagrun for dag_extract_dvizhenie to 2026-07-13 18:00:00+00:00, run_after=2026-07-13 20:00:00+00:00
[2026-07-13T19:49:37.670+0000] {processor.py:208} INFO - Processing /opt/airflow/dags/dag_extract_dvizhenie.py took 0.045 seconds
[2026-07-13T19:50:08.188+0000] {processor.py:186} INFO - Started process (PID=70051) to work on /opt/airflow/dags/dag_extract_dvizhenie.py
[2026-07-13T19:50:08.189+0000] {processor.py:914} INFO - Processing file /opt/airflow/dags/dag_extract_dvizhenie.py for tasks to queue
[2026-07-13T19:50:08.190+0000] {logging_mixin.py:190} INFO - [2026-07-13T19:50:08.189+0000] {dagbag.py:588} INFO - Filling up the DagBag from /opt/airflow/dags/dag_extract_dvizhenie.py
[2026-07-13T19:50:08.195+0000] {processor.py:925} INFO - DAG(s) 'dag_extract_dvizhenie' retrieved from /opt/airflow/dags/dag_extract_dvizhenie.py
[2026-07-13T19:50:08.205+0000] {logging_mixin.py:190} INFO - [2026-07-13T19:50:08.205+0000] {dag.py:3239} INFO - Sync 1 DAGs
[2026-07-13T19:50:08.213+0000] {logging_mixin.py:190} INFO - [2026-07-13T19:50:08.212+0000] {dag.py:4180} INFO - Setting next_dagrun for dag_extract_dvizhenie to 2026-07-13 18:00:00+00:00, run_after=2026-07-13 20:00:00+00:00
[2026-07-13T19:50:08.218+0000] {processor.py:208} INFO - Processing /opt/airflow/dags/dag_extract_dvizhenie.py took 0.034 seconds
[2026-07-13T19:50:38.669+0000] {processor.py:186} INFO - Started process (PID=70071) to work on /opt/airflow/dags/dag_extract_dvizhenie.py
[2026-07-13T19:50:38.669+0000] {processor.py:914} INFO - Processing file /opt/airflow/dags/dag_extract_dvizhenie.py for tasks to queue
[2026-07-13T19:50:38.670+0000] {logging_mixin.py:190} INFO - [2026-07-13T19:50:38.670+0000] {dagbag.py:588} INFO - Filling up the DagBag from /opt/airflow/dags/dag_extract_dvizhenie.py
[2026-07-13T19:50:38.675+0000] {processor.py:925} INFO - DAG(s) 'dag_extract_dvizhenie' retrieved from /opt/airflow/dags/dag_extract_dvizhenie.py
[2026-07-13T19:50:38.686+0000] {logging_mixin.py:190} INFO - [2026-07-13T19:50:38.686+0000] {dag.py:3239} INFO - Sync 1 DAGs
[2026-07-13T19:50:38.696+0000] {logging_mixin.py:190} INFO - [2026-07-13T19:50:38.695+0000] {dag.py:4180} INFO - Setting next_dagrun for dag_extract_dvizhenie to 2026-07-13 18:00:00+00:00, run_after=2026-07-13 20:00:00+00:00
[2026-07-13T19:50:38.700+0000] {processor.py:208} INFO - Processing /opt/airflow/dags/dag_extract_dvizhenie.py took 0.036 seconds
[2026-07-13T19:51:09.170+0000] {processor.py:186} INFO - Started process (PID=70109) to work on /opt/airflow/dags/dag_extract_dvizhenie.py
[2026-07-13T19:51:09.170+0000] {processor.py:914} INFO - Processing file /opt/airflow/dags/dag_extract_dvizhenie.py for tasks to queue
[2026-07-13T19:51:09.171+0000] {logging_mixin.py:190} INFO - [2026-07-13T19:51:09.171+0000] {dagbag.py:588} INFO - Filling up the DagBag from /opt/airflow/dags/dag_extract_dvizhenie.py
[2026-07-13T19:51:09.176+0000] {processor.py:925} INFO - DAG(s) 'dag_extract_dvizhenie' retrieved from /opt/airflow/dags/dag_extract_dvizhenie.py
[2026-07-13T19:51:09.186+0000] {logging_mixin.py:190} INFO - [2026-07-13T19:51:09.186+0000] {dag.py:3239} INFO - Sync 1 DAGs
[2026-07-13T19:51:09.193+0000] {logging_mixin.py:190} INFO - [2026-07-13T19:51:09.193+0000] {dag.py:4180} INFO - Setting next_dagrun for dag_extract_dvizhenie to 2026-07-13 18:00:00+00:00, run_after=2026-07-13 20:00:00+00:00
[2026-07-13T19:51:09.198+0000] {processor.py:208} INFO - Processing /opt/airflow/dags/dag_extract_dvizhenie.py took 0.032 seconds
[2026-07-13T19:51:39.704+0000] {processor.py:186} INFO - Started process (PID=70129) to work on /opt/airflow/dags/dag_extract_dvizhenie.py
[2026-07-13T19:51:39.704+0000] {processor.py:914} INFO - Processing file /opt/airflow/dags/dag_extract_dvizhenie.py for tasks to queue
[2026-07-13T19:51:39.705+0000] {logging_mixin.py:190} INFO - [2026-07-13T19:51:39.705+0000] {dagbag.py:588} INFO - Filling up the DagBag from /opt/airflow/dags/dag_extract_dvizhenie.py
[2026-07-13T19:51:39.710+0000] {processor.py:925} INFO - DAG(s) 'dag_extract_dvizhenie' retrieved from /opt/airflow/dags/dag_extract_dvizhenie.py
[2026-07-13T19:51:39.719+0000] {logging_mixin.py:190} INFO - [2026-07-13T19:51:39.719+0000] {dag.py:3239} INFO - Sync 1 DAGs
[2026-07-13T19:51:39.727+0000] {logging_mixin.py:190} INFO - [2026-07-13T19:51:39.727+0000] {dag.py:4180} INFO - Setting next_dagrun for dag_extract_dvizhenie to 2026-07-13 18:00:00+00:00, run_after=2026-07-13 20:00:00+00:00
[2026-07-13T19:51:39.731+0000] {processor.py:208} INFO - Processing /opt/airflow/dags/dag_extract_dvizhenie.py took 0.030 seconds
[2026-07-13T19:52:10.226+0000] {processor.py:186} INFO - Started process (PID=70147) to work on /opt/airflow/dags/dag_extract_dvizhenie.py
[2026-07-13T19:52:10.227+0000] {processor.py:914} INFO - Processing file /opt/airflow/dags/dag_extract_dvizhenie.py for tasks to queue
[2026-07-13T19:52:10.229+0000] {logging_mixin.py:190} INFO - [2026-07-13T19:52:10.228+0000] {dagbag.py:588} INFO - Filling up the DagBag from /opt/airflow/dags/dag_extract_dvizhenie.py
[2026-07-13T19:52:10.236+0000] {processor.py:925} INFO - DAG(s) 'dag_extract_dvizhenie' retrieved from /opt/airflow/dags/dag_extract_dvizhenie.py
[2026-07-13T19:52:10.249+0000] {logging_mixin.py:190} INFO - [2026-07-13T19:52:10.249+0000] {dag.py:3239} INFO - Sync 1 DAGs
[2026-07-13T19:52:10.258+0000] {logging_mixin.py:190} INFO - [2026-07-13T19:52:10.258+0000] {dag.py:4180} INFO - Setting next_dagrun for dag_extract_dvizhenie to 2026-07-13 18:00:00+00:00, run_after=2026-07-13 20:00:00+00:00
[2026-07-13T19:52:10.268+0000] {processor.py:208} INFO - Processing /opt/airflow/dags/dag_extract_dvizhenie.py took 0.044 seconds
[2026-07-13T19:52:40.739+0000] {processor.py:186} INFO - Started process (PID=70169) to work on /opt/airflow/dags/dag_extract_dvizhenie.py
[2026-07-13T19:52:40.740+0000] {processor.py:914} INFO - Processing file /opt/airflow/dags/dag_extract_dvizhenie.py for tasks to queue
[2026-07-13T19:52:40.741+0000] {logging_mixin.py:190} INFO - [2026-07-13T19:52:40.741+0000] {dagbag.py:588} INFO - Filling up the DagBag from /opt/airflow/dags/dag_extract_dvizhenie.py
[2026-07-13T19:52:40.745+0000] {processor.py:925} INFO - DAG(s) 'dag_extract_dvizhenie' retrieved from /opt/airflow/dags/dag_extract_dvizhenie.py
[2026-07-13T19:52:40.755+0000] {logging_mixin.py:190} INFO - [2026-07-13T19:52:40.755+0000] {dag.py:3239} INFO - Sync 1 DAGs
[2026-07-13T19:52:40.763+0000] {logging_mixin.py:190} INFO - [2026-07-13T19:52:40.762+0000] {dag.py:4180} INFO - Setting next_dagrun for dag_extract_dvizhenie to 2026-07-13 18:00:00+00:00, run_after=2026-07-13 20:00:00+00:00
[2026-07-13T19:52:40.768+0000] {processor.py:208} INFO - Processing /opt/airflow/dags/dag_extract_dvizhenie.py took 0.031 seconds
[2026-07-13T19:53:11.240+0000] {processor.py:186} INFO - Started process (PID=70189) to work on /opt/airflow/dags/dag_extract_dvizhenie.py
[2026-07-13T19:53:11.240+0000] {processor.py:914} INFO - Processing file /opt/airflow/dags/dag_extract_dvizhenie.py for tasks to queue
[2026-07-13T19:53:11.241+0000] {logging_mixin.py:190} INFO - [2026-07-13T19:53:11.241+0000] {dagbag.py:588} INFO - Filling up the DagBag from /opt/airflow/dags/dag_extract_dvizhenie.py
[2026-07-13T19:53:11.246+0000] {processor.py:925} INFO - DAG(s) 'dag_extract_dvizhenie' retrieved from /opt/airflow/dags/dag_extract_dvizhenie.py
[2026-07-13T19:53:11.255+0000] {logging_mixin.py:190} INFO - [2026-07-13T19:53:11.255+0000] {dag.py:3239} INFO - Sync 1 DAGs
[2026-07-13T19:53:11.263+0000] {logging_mixin.py:190} INFO - [2026-07-13T19:53:11.262+0000] {dag.py:4180} INFO - Setting next_dagrun for dag_extract_dvizhenie to 2026-07-13 18:00:00+00:00, run_after=2026-07-13 20:00:00+00:00
[2026-07-13T19:53:11.267+0000] {processor.py:208} INFO - Processing /opt/airflow/dags/dag_extract_dvizhenie.py took 0.030 seconds
[2026-07-13T19:53:41.716+0000] {processor.py:186} INFO - Started process (PID=70209) to work on /opt/airflow/dags/dag_extract_dvizhenie.py
[2026-07-13T19:53:41.717+0000] {processor.py:914} INFO - Processing file /opt/airflow/dags/dag_extract_dvizhenie.py for tasks to queue
[2026-07-13T19:53:41.718+0000] {logging_mixin.py:190} INFO - [2026-07-13T19:53:41.718+0000] {dagbag.py:588} INFO - Filling up the DagBag from /opt/airflow/dags/dag_extract_dvizhenie.py
[2026-07-13T19:53:41.722+0000] {processor.py:925} INFO - DAG(s) 'dag_extract_dvizhenie' retrieved from /opt/airflow/dags/dag_extract_dvizhenie.py
[2026-07-13T19:53:41.733+0000] {logging_mixin.py:190} INFO - [2026-07-13T19:53:41.732+0000] {dag.py:3239} INFO - Sync 1 DAGs
[2026-07-13T19:53:41.741+0000] {logging_mixin.py:190} INFO - [2026-07-13T19:53:41.741+0000] {dag.py:4180} INFO - Setting next_dagrun for dag_extract_dvizhenie to 2026-07-13 18:00:00+00:00, run_after=2026-07-13 20:00:00+00:00
[2026-07-13T19:53:41.745+0000] {processor.py:208} INFO - Processing /opt/airflow/dags/dag_extract_dvizhenie.py took 0.031 seconds
[2026-07-13T19:54:12.270+0000] {processor.py:186} INFO - Started process (PID=70229) to work on /opt/airflow/dags/dag_extract_dvizhenie.py
[2026-07-13T19:54:12.270+0000] {processor.py:914} INFO - Processing file /opt/airflow/dags/dag_extract_dvizhenie.py for tasks to queue
[2026-07-13T19:54:12.271+0000] {logging_mixin.py:190} INFO - [2026-07-13T19:54:12.271+0000] {dagbag.py:588} INFO - Filling up the DagBag from /opt/airflow/dags/dag_extract_dvizhenie.py
[2026-07-13T19:54:12.276+0000] {processor.py:925} INFO - DAG(s) 'dag_extract_dvizhenie' retrieved from /opt/airflow/dags/dag_extract_dvizhenie.py
[2026-07-13T19:54:12.285+0000] {logging_mixin.py:190} INFO - [2026-07-13T19:54:12.285+0000] {dag.py:3239} INFO - Sync 1 DAGs
[2026-07-13T19:54:12.293+0000] {logging_mixin.py:190} INFO - [2026-07-13T19:54:12.293+0000] {dag.py:4180} INFO - Setting next_dagrun for dag_extract_dvizhenie to 2026-07-13 18:00:00+00:00, run_after=2026-07-13 20:00:00+00:00
[2026-07-13T19:54:12.298+0000] {processor.py:208} INFO - Processing /opt/airflow/dags/dag_extract_dvizhenie.py took 0.031 seconds
[2026-07-13T19:54:42.720+0000] {processor.py:186} INFO - Started process (PID=70248) to work on /opt/airflow/dags/dag_extract_dvizhenie.py
[2026-07-13T19:54:42.720+0000] {processor.py:914} INFO - Processing file /opt/airflow/dags/dag_extract_dvizhenie.py for tasks to queue
[2026-07-13T19:54:42.722+0000] {logging_mixin.py:190} INFO - [2026-07-13T19:54:42.722+0000] {dagbag.py:588} INFO - Filling up the DagBag from /opt/airflow/dags/dag_extract_dvizhenie.py
[2026-07-13T19:54:42.728+0000] {processor.py:925} INFO - DAG(s) 'dag_extract_dvizhenie' retrieved from /opt/airflow/dags/dag_extract_dvizhenie.py
[2026-07-13T19:54:42.741+0000] {logging_mixin.py:190} INFO - [2026-07-13T19:54:42.741+0000] {dag.py:3239} INFO - Sync 1 DAGs
[2026-07-13T19:54:42.750+0000] {logging_mixin.py:190} INFO - [2026-07-13T19:54:42.750+0000] {dag.py:4180} INFO - Setting next_dagrun for dag_extract_dvizhenie to 2026-07-13 18:00:00+00:00, run_after=2026-07-13 20:00:00+00:00
[2026-07-13T19:54:42.759+0000] {processor.py:208} INFO - Processing /opt/airflow/dags/dag_extract_dvizhenie.py took 0.043 seconds
[2026-07-13T19:55:13.322+0000] {processor.py:186} INFO - Started process (PID=70269) to work on /opt/airflow/dags/dag_extract_dvizhenie.py
[2026-07-13T19:55:13.322+0000] {processor.py:914} INFO - Processing file /opt/airflow/dags/dag_extract_dvizhenie.py for tasks to queue
[2026-07-13T19:55:13.323+0000] {logging_mixin.py:190} INFO - [2026-07-13T19:55:13.323+0000] {dagbag.py:588} INFO - Filling up the DagBag from /opt/airflow/dags/dag_extract_dvizhenie.py
[2026-07-13T19:55:13.327+0000] {processor.py:925} INFO - DAG(s) 'dag_extract_dvizhenie' retrieved from /opt/airflow/dags/dag_extract_dvizhenie.py
[2026-07-13T19:55:13.337+0000] {logging_mixin.py:190} INFO - [2026-07-13T19:55:13.337+0000] {dag.py:3239} INFO - Sync 1 DAGs
[2026-07-13T19:55:13.345+0000] {logging_mixin.py:190} INFO - [2026-07-13T19:55:13.344+0000] {dag.py:4180} INFO - Setting next_dagrun for dag_extract_dvizhenie to 2026-07-13 18:00:00+00:00, run_after=2026-07-13 20:00:00+00:00
[2026-07-13T19:55:13.349+0000] {processor.py:208} INFO - Processing /opt/airflow/dags/dag_extract_dvizhenie.py took 0.030 seconds
[2026-07-13T19:55:43.786+0000] {processor.py:186} INFO - Started process (PID=70289) to work on /opt/airflow/dags/dag_extract_dvizhenie.py
[2026-07-13T19:55:43.787+0000] {processor.py:914} INFO - Processing file /opt/airflow/dags/dag_extract_dvizhenie.py for tasks to queue
[2026-07-13T19:55:43.788+0000] {logging_mixin.py:190} INFO - [2026-07-13T19:55:43.788+0000] {dagbag.py:588} INFO - Filling up the DagBag from /opt/airflow/dags/dag_extract_dvizhenie.py
[2026-07-13T19:55:43.793+0000] {processor.py:925} INFO - DAG(s) 'dag_extract_dvizhenie' retrieved from /opt/airflow/dags/dag_extract_dvizhenie.py
[2026-07-13T19:55:43.808+0000] {logging_mixin.py:190} INFO - [2026-07-13T19:55:43.808+0000] {dag.py:3239} INFO - Sync 1 DAGs
[2026-07-13T19:55:43.818+0000] {logging_mixin.py:190} INFO - [2026-07-13T19:55:43.818+0000] {dag.py:4180} INFO - Setting next_dagrun for dag_extract_dvizhenie to 2026-07-13 18:00:00+00:00, run_after=2026-07-13 20:00:00+00:00
[2026-07-13T19:55:43.823+0000] {processor.py:208} INFO - Processing /opt/airflow/dags/dag_extract_dvizhenie.py took 0.040 seconds
[2026-07-13T19:56:14.367+0000] {processor.py:186} INFO - Started process (PID=70309) to work on /opt/airflow/dags/dag_extract_dvizhenie.py
[2026-07-13T19:56:14.367+0000] {processor.py:914} INFO - Processing file /opt/airflow/dags/dag_extract_dvizhenie.py for tasks to queue
[2026-07-13T19:56:14.368+0000] {logging_mixin.py:190} INFO - [2026-07-13T19:56:14.368+0000] {dagbag.py:588} INFO - Filling up the DagBag from /opt/airflow/dags/dag_extract_dvizhenie.py
[2026-07-13T19:56:14.373+0000] {processor.py:925} INFO - DAG(s) 'dag_extract_dvizhenie' retrieved from /opt/airflow/dags/dag_extract_dvizhenie.py
[2026-07-13T19:56:14.383+0000] {logging_mixin.py:190} INFO - [2026-07-13T19:56:14.382+0000] {dag.py:3239} INFO - Sync 1 DAGs
[2026-07-13T19:56:14.390+0000] {logging_mixin.py:190} INFO - [2026-07-13T19:56:14.390+0000] {dag.py:4180} INFO - Setting next_dagrun for dag_extract_dvizhenie to 2026-07-13 18:00:00+00:00, run_after=2026-07-13 20:00:00+00:00
[2026-07-13T19:56:14.395+0000] {processor.py:208} INFO - Processing /opt/airflow/dags/dag_extract_dvizhenie.py took 0.030 seconds
[2026-07-13T19:56:44.872+0000] {processor.py:186} INFO - Started process (PID=70329) to work on /opt/airflow/dags/dag_extract_dvizhenie.py
[2026-07-13T19:56:44.872+0000] {processor.py:914} INFO - Processing file /opt/airflow/dags/dag_extract_dvizhenie.py for tasks to queue
[2026-07-13T19:56:44.873+0000] {logging_mixin.py:190} INFO - [2026-07-13T19:56:44.873+0000] {dagbag.py:588} INFO - Filling up the DagBag from /opt/airflow/dags/dag_extract_dvizhenie.py
[2026-07-13T19:56:44.877+0000] {processor.py:925} INFO - DAG(s) 'dag_extract_dvizhenie' retrieved from /opt/airflow/dags/dag_extract_dvizhenie.py
[2026-07-13T19:56:44.887+0000] {logging_mixin.py:190} INFO - [2026-07-13T19:56:44.887+0000] {dag.py:3239} INFO - Sync 1 DAGs
[2026-07-13T19:56:44.895+0000] {logging_mixin.py:190} INFO - [2026-07-13T19:56:44.894+0000] {dag.py:4180} INFO - Setting next_dagrun for dag_extract_dvizhenie to 2026-07-13 18:00:00+00:00, run_after=2026-07-13 20:00:00+00:00
[2026-07-13T19:56:44.899+0000] {processor.py:208} INFO - Processing /opt/airflow/dags/dag_extract_dvizhenie.py took 0.030 seconds
[2026-07-13T19:57:15.353+0000] {processor.py:186} INFO - Started process (PID=70349) to work on /opt/airflow/dags/dag_extract_dvizhenie.py
[2026-07-13T19:57:15.354+0000] {processor.py:914} INFO - Processing file /opt/airflow/dags/dag_extract_dvizhenie.py for tasks to queue
[2026-07-13T19:57:15.355+0000] {logging_mixin.py:190} INFO - [2026-07-13T19:57:15.354+0000] {dagbag.py:588} INFO - Filling up the DagBag from /opt/airflow/dags/dag_extract_dvizhenie.py
[2026-07-13T19:57:15.359+0000] {processor.py:925} INFO - DAG(s) 'dag_extract_dvizhenie' retrieved from /opt/airflow/dags/dag_extract_dvizhenie.py
[2026-07-13T19:57:15.369+0000] {logging_mixin.py:190} INFO - [2026-07-13T19:57:15.369+0000] {dag.py:3239} INFO - Sync 1 DAGs
[2026-07-13T19:57:15.377+0000] {logging_mixin.py:190} INFO - [2026-07-13T19:57:15.377+0000] {dag.py:4180} INFO - Setting next_dagrun for dag_extract_dvizhenie to 2026-07-13 18:00:00+00:00, run_after=2026-07-13 20:00:00+00:00
[2026-07-13T19:57:15.383+0000] {processor.py:208} INFO - Processing /opt/airflow/dags/dag_extract_dvizhenie.py took 0.032 seconds
[2026-07-13T19:57:45.866+0000] {processor.py:186} INFO - Started process (PID=70369) to work on /opt/airflow/dags/dag_extract_dvizhenie.py
[2026-07-13T19:57:45.867+0000] {processor.py:914} INFO - Processing file /opt/airflow/dags/dag_extract_dvizhenie.py for tasks to queue
[2026-07-13T19:57:45.868+0000] {logging_mixin.py:190} INFO - [2026-07-13T19:57:45.868+0000] {dagbag.py:588} INFO - Filling up the DagBag from /opt/airflow/dags/dag_extract_dvizhenie.py
[2026-07-13T19:57:45.873+0000] {processor.py:925} INFO - DAG(s) 'dag_extract_dvizhenie' retrieved from /opt/airflow/dags/dag_extract_dvizhenie.py
[2026-07-13T19:57:45.885+0000] {logging_mixin.py:190} INFO - [2026-07-13T19:57:45.885+0000] {dag.py:3239} INFO - Sync 1 DAGs
[2026-07-13T19:57:45.894+0000] {logging_mixin.py:190} INFO - [2026-07-13T19:57:45.893+0000] {dag.py:4180} INFO - Setting next_dagrun for dag_extract_dvizhenie to 2026-07-13 18:00:00+00:00, run_after=2026-07-13 20:00:00+00:00
[2026-07-13T19:57:45.901+0000] {processor.py:208} INFO - Processing /opt/airflow/dags/dag_extract_dvizhenie.py took 0.038 seconds
[2026-07-13T19:58:16.447+0000] {processor.py:186} INFO - Started process (PID=70388) to work on /opt/airflow/dags/dag_extract_dvizhenie.py
[2026-07-13T19:58:16.449+0000] {processor.py:914} INFO - Processing file /opt/airflow/dags/dag_extract_dvizhenie.py for tasks to queue
[2026-07-13T19:58:16.450+0000] {logging_mixin.py:190} INFO - [2026-07-13T19:58:16.450+0000] {dagbag.py:588} INFO - Filling up the DagBag from /opt/airflow/dags/dag_extract_dvizhenie.py
[2026-07-13T19:58:16.455+0000] {processor.py:925} INFO - DAG(s) 'dag_extract_dvizhenie' retrieved from /opt/airflow/dags/dag_extract_dvizhenie.py
[2026-07-13T19:58:16.466+0000] {logging_mixin.py:190} INFO - [2026-07-13T19:58:16.466+0000] {dag.py:3239} INFO - Sync 1 DAGs
[2026-07-13T19:58:16.474+0000] {logging_mixin.py:190} INFO - [2026-07-13T19:58:16.474+0000] {dag.py:4180} INFO - Setting next_dagrun for dag_extract_dvizhenie to 2026-07-13 18:00:00+00:00, run_after=2026-07-13 20:00:00+00:00
[2026-07-13T19:58:16.481+0000] {processor.py:208} INFO - Processing /opt/airflow/dags/dag_extract_dvizhenie.py took 0.036 seconds
[2026-07-13T19:58:46.934+0000] {processor.py:186} INFO - Started process (PID=70409) to work on /opt/airflow/dags/dag_extract_dvizhenie.py
[2026-07-13T19:58:46.935+0000] {processor.py:914} INFO - Processing file /opt/airflow/dags/dag_extract_dvizhenie.py for tasks to queue
[2026-07-13T19:58:46.935+0000] {logging_mixin.py:190} INFO - [2026-07-13T19:58:46.935+0000] {dagbag.py:588} INFO - Filling up the DagBag from /opt/airflow/dags/dag_extract_dvizhenie.py
[2026-07-13T19:58:46.940+0000] {processor.py:925} INFO - DAG(s) 'dag_extract_dvizhenie' retrieved from /opt/airflow/dags/dag_extract_dvizhenie.py
[2026-07-13T19:58:46.949+0000] {logging_mixin.py:190} INFO - [2026-07-13T19:58:46.949+0000] {dag.py:3239} INFO - Sync 1 DAGs
[2026-07-13T19:58:46.957+0000] {logging_mixin.py:190} INFO - [2026-07-13T19:58:46.957+0000] {dag.py:4180} INFO - Setting next_dagrun for dag_extract_dvizhenie to 2026-07-13 18:00:00+00:00, run_after=2026-07-13 20:00:00+00:00
[2026-07-13T19:58:46.962+0000] {processor.py:208} INFO - Processing /opt/airflow/dags/dag_extract_dvizhenie.py took 0.030 seconds
[2026-07-13T19:59:17.578+0000] {processor.py:186} INFO - Started process (PID=70429) to work on /opt/airflow/dags/dag_extract_dvizhenie.py
[2026-07-13T19:59:17.578+0000] {processor.py:914} INFO - Processing file /opt/airflow/dags/dag_extract_dvizhenie.py for tasks to queue
[2026-07-13T19:59:17.580+0000] {logging_mixin.py:190} INFO - [2026-07-13T19:59:17.579+0000] {dagbag.py:588} INFO - Filling up the DagBag from /opt/airflow/dags/dag_extract_dvizhenie.py
[2026-07-13T19:59:17.585+0000] {processor.py:925} INFO - DAG(s) 'dag_extract_dvizhenie' retrieved from /opt/airflow/dags/dag_extract_dvizhenie.py
[2026-07-13T19:59:17.596+0000] {logging_mixin.py:190} INFO - [2026-07-13T19:59:17.596+0000] {dag.py:3239} INFO - Sync 1 DAGs
[2026-07-13T19:59:17.604+0000] {logging_mixin.py:190} INFO - [2026-07-13T19:59:17.604+0000] {dag.py:4180} INFO - Setting next_dagrun for dag_extract_dvizhenie to 2026-07-13 18:00:00+00:00, run_after=2026-07-13 20:00:00+00:00
[2026-07-13T19:59:17.609+0000] {processor.py:208} INFO - Processing /opt/airflow/dags/dag_extract_dvizhenie.py took 0.034 seconds
[2026-07-13T19:59:48.067+0000] {processor.py:186} INFO - Started process (PID=70449) to work on /opt/airflow/dags/dag_extract_dvizhenie.py
[2026-07-13T19:59:48.068+0000] {processor.py:914} INFO - Processing file /opt/airflow/dags/dag_extract_dvizhenie.py for tasks to queue
[2026-07-13T19:59:48.069+0000] {logging_mixin.py:190} INFO - [2026-07-13T19:59:48.068+0000] {dagbag.py:588} INFO - Filling up the DagBag from /opt/airflow/dags/dag_extract_dvizhenie.py
[2026-07-13T19:59:48.073+0000] {processor.py:925} INFO - DAG(s) 'dag_extract_dvizhenie' retrieved from /opt/airflow/dags/dag_extract_dvizhenie.py
[2026-07-13T19:59:48.083+0000] {logging_mixin.py:190} INFO - [2026-07-13T19:59:48.083+0000] {dag.py:3239} INFO - Sync 1 DAGs
[2026-07-13T19:59:48.091+0000] {logging_mixin.py:190} INFO - [2026-07-13T19:59:48.090+0000] {dag.py:4180} INFO - Setting next_dagrun for dag_extract_dvizhenie to 2026-07-13 18:00:00+00:00, run_after=2026-07-13 20:00:00+00:00
[2026-07-13T19:59:48.095+0000] {processor.py:208} INFO - Processing /opt/airflow/dags/dag_extract_dvizhenie.py took 0.031 seconds
[2026-07-13T20:00:18.519+0000] {processor.py:186} INFO - Started process (PID=70472) to work on /opt/airflow/dags/dag_extract_dvizhenie.py
[2026-07-13T20:00:18.520+0000] {processor.py:914} INFO - Processing file /opt/airflow/dags/dag_extract_dvizhenie.py for tasks to queue
[2026-07-13T20:00:18.521+0000] {logging_mixin.py:190} INFO - [2026-07-13T20:00:18.521+0000] {dagbag.py:588} INFO - Filling up the DagBag from /opt/airflow/dags/dag_extract_dvizhenie.py
[2026-07-13T20:00:18.526+0000] {processor.py:925} INFO - DAG(s) 'dag_extract_dvizhenie' retrieved from /opt/airflow/dags/dag_extract_dvizhenie.py
[2026-07-13T20:00:18.536+0000] {logging_mixin.py:190} INFO - [2026-07-13T20:00:18.536+0000] {dag.py:3239} INFO - Sync 1 DAGs
[2026-07-13T20:00:18.547+0000] {processor.py:208} INFO - Processing /opt/airflow/dags/dag_extract_dvizhenie.py took 0.030 seconds
[2026-07-13T20:00:48.969+0000] {processor.py:186} INFO - Started process (PID=70501) to work on /opt/airflow/dags/dag_extract_dvizhenie.py
[2026-07-13T20:00:48.969+0000] {processor.py:914} INFO - Processing file /opt/airflow/dags/dag_extract_dvizhenie.py for tasks to queue
[2026-07-13T20:00:48.970+0000] {logging_mixin.py:190} INFO - [2026-07-13T20:00:48.970+0000] {dagbag.py:588} INFO - Filling up the DagBag from /opt/airflow/dags/dag_extract_dvizhenie.py
[2026-07-13T20:00:48.975+0000] {processor.py:925} INFO - DAG(s) 'dag_extract_dvizhenie' retrieved from /opt/airflow/dags/dag_extract_dvizhenie.py
[2026-07-13T20:00:48.985+0000] {logging_mixin.py:190} INFO - [2026-07-13T20:00:48.985+0000] {dag.py:3239} INFO - Sync 1 DAGs
[2026-07-13T20:00:48.996+0000] {processor.py:208} INFO - Processing /opt/airflow/dags/dag_extract_dvizhenie.py took 0.030 seconds
[2026-07-13T20:01:19.458+0000] {processor.py:186} INFO - Started process (PID=70521) to work on /opt/airflow/dags/dag_extract_dvizhenie.py
[2026-07-13T20:01:19.458+0000] {processor.py:914} INFO - Processing file /opt/airflow/dags/dag_extract_dvizhenie.py for tasks to queue
[2026-07-13T20:01:19.459+0000] {logging_mixin.py:190} INFO - [2026-07-13T20:01:19.459+0000] {dagbag.py:588} INFO - Filling up the DagBag from /opt/airflow/dags/dag_extract_dvizhenie.py
[2026-07-13T20:01:19.464+0000] {processor.py:925} INFO - DAG(s) 'dag_extract_dvizhenie' retrieved from /opt/airflow/dags/dag_extract_dvizhenie.py
[2026-07-13T20:01:19.474+0000] {logging_mixin.py:190} INFO - [2026-07-13T20:01:19.474+0000] {dag.py:3239} INFO - Sync 1 DAGs
[2026-07-13T20:01:19.485+0000] {processor.py:208} INFO - Processing /opt/airflow/dags/dag_extract_dvizhenie.py took 0.031 seconds
[2026-07-13T20:01:49.910+0000] {processor.py:186} INFO - Started process (PID=70541) to work on /opt/airflow/dags/dag_extract_dvizhenie.py
[2026-07-13T20:01:49.911+0000] {processor.py:914} INFO - Processing file /opt/airflow/dags/dag_extract_dvizhenie.py for tasks to queue
[2026-07-13T20:01:49.912+0000] {logging_mixin.py:190} INFO - [2026-07-13T20:01:49.912+0000] {dagbag.py:588} INFO - Filling up the DagBag from /opt/airflow/dags/dag_extract_dvizhenie.py
[2026-07-13T20:01:49.918+0000] {processor.py:925} INFO - DAG(s) 'dag_extract_dvizhenie' retrieved from /opt/airflow/dags/dag_extract_dvizhenie.py
[2026-07-13T20:01:49.930+0000] {logging_mixin.py:190} INFO - [2026-07-13T20:01:49.930+0000] {dag.py:3239} INFO - Sync 1 DAGs
[2026-07-13T20:01:49.943+0000] {processor.py:208} INFO - Processing /opt/airflow/dags/dag_extract_dvizhenie.py took 0.043 seconds
[2026-07-13T20:02:20.396+0000] {processor.py:186} INFO - Started process (PID=70561) to work on /opt/airflow/dags/dag_extract_dvizhenie.py
[2026-07-13T20:02:20.396+0000] {processor.py:914} INFO - Processing file /opt/airflow/dags/dag_extract_dvizhenie.py for tasks to queue
[2026-07-13T20:02:20.397+0000] {logging_mixin.py:190} INFO - [2026-07-13T20:02:20.397+0000] {dagbag.py:588} INFO - Filling up the DagBag from /opt/airflow/dags/dag_extract_dvizhenie.py
[2026-07-13T20:02:20.402+0000] {processor.py:925} INFO - DAG(s) 'dag_extract_dvizhenie' retrieved from /opt/airflow/dags/dag_extract_dvizhenie.py
[2026-07-13T20:02:20.412+0000] {logging_mixin.py:190} INFO - [2026-07-13T20:02:20.412+0000] {dag.py:3239} INFO - Sync 1 DAGs
[2026-07-13T20:02:20.423+0000] {processor.py:208} INFO - Processing /opt/airflow/dags/dag_extract_dvizhenie.py took 0.030 seconds
[2026-07-13T20:02:50.857+0000] {processor.py:186} INFO - Started process (PID=70581) to work on /opt/airflow/dags/dag_extract_dvizhenie.py
[2026-07-13T20:02:50.858+0000] {processor.py:914} INFO - Processing file /opt/airflow/dags/dag_extract_dvizhenie.py for tasks to queue
[2026-07-13T20:02:50.859+0000] {logging_mixin.py:190} INFO - [2026-07-13T20:02:50.859+0000] {dagbag.py:588} INFO - Filling up the DagBag from /opt/airflow/dags/dag_extract_dvizhenie.py
[2026-07-13T20:02:50.863+0000] {processor.py:925} INFO - DAG(s) 'dag_extract_dvizhenie' retrieved from /opt/airflow/dags/dag_extract_dvizhenie.py
[2026-07-13T20:02:50.874+0000] {logging_mixin.py:190} INFO - [2026-07-13T20:02:50.874+0000] {dag.py:3239} INFO - Sync 1 DAGs
[2026-07-13T20:02:50.886+0000] {processor.py:208} INFO - Processing /opt/airflow/dags/dag_extract_dvizhenie.py took 0.031 seconds
[2026-07-13T20:03:21.339+0000] {processor.py:186} INFO - Started process (PID=70601) to work on /opt/airflow/dags/dag_extract_dvizhenie.py
[2026-07-13T20:03:21.340+0000] {processor.py:914} INFO - Processing file /opt/airflow/dags/dag_extract_dvizhenie.py for tasks to queue
[2026-07-13T20:03:21.341+0000] {logging_mixin.py:190} INFO - [2026-07-13T20:03:21.340+0000] {dagbag.py:588} INFO - Filling up the DagBag from /opt/airflow/dags/dag_extract_dvizhenie.py
[2026-07-13T20:03:21.345+0000] {processor.py:925} INFO - DAG(s) 'dag_extract_dvizhenie' retrieved from /opt/airflow/dags/dag_extract_dvizhenie.py
[2026-07-13T20:03:21.355+0000] {logging_mixin.py:190} INFO - [2026-07-13T20:03:21.355+0000] {dag.py:3239} INFO - Sync 1 DAGs
[2026-07-13T20:03:21.367+0000] {processor.py:208} INFO - Processing /opt/airflow/dags/dag_extract_dvizhenie.py took 0.030 seconds
[2026-07-13T20:03:51.849+0000] {processor.py:186} INFO - Started process (PID=70621) to work on /opt/airflow/dags/dag_extract_dvizhenie.py
[2026-07-13T20:03:51.849+0000] {processor.py:914} INFO - Processing file /opt/airflow/dags/dag_extract_dvizhenie.py for tasks to queue
[2026-07-13T20:03:51.850+0000] {logging_mixin.py:190} INFO - [2026-07-13T20:03:51.850+0000] {dagbag.py:588} INFO - Filling up the DagBag from /opt/airflow/dags/dag_extract_dvizhenie.py
[2026-07-13T20:03:51.855+0000] {processor.py:925} INFO - DAG(s) 'dag_extract_dvizhenie' retrieved from /opt/airflow/dags/dag_extract_dvizhenie.py
[2026-07-13T20:03:51.867+0000] {logging_mixin.py:190} INFO - [2026-07-13T20:03:51.867+0000] {dag.py:3239} INFO - Sync 1 DAGs
[2026-07-13T20:03:51.881+0000] {processor.py:208} INFO - Processing /opt/airflow/dags/dag_extract_dvizhenie.py took 0.036 seconds
[2026-07-13T20:04:22.313+0000] {processor.py:186} INFO - Started process (PID=70639) to work on /opt/airflow/dags/dag_extract_dvizhenie.py
[2026-07-13T20:04:22.314+0000] {processor.py:914} INFO - Processing file /opt/airflow/dags/dag_extract_dvizhenie.py for tasks to queue
[2026-07-13T20:04:22.315+0000] {logging_mixin.py:190} INFO - [2026-07-13T20:04:22.315+0000] {dagbag.py:588} INFO - Filling up the DagBag from /opt/airflow/dags/dag_extract_dvizhenie.py
[2026-07-13T20:04:22.322+0000] {processor.py:925} INFO - DAG(s) 'dag_extract_dvizhenie' retrieved from /opt/airflow/dags/dag_extract_dvizhenie.py
[2026-07-13T20:04:22.338+0000] {logging_mixin.py:190} INFO - [2026-07-13T20:04:22.337+0000] {dag.py:3239} INFO - Sync 1 DAGs
[2026-07-13T20:04:22.356+0000] {processor.py:208} INFO - Processing /opt/airflow/dags/dag_extract_dvizhenie.py took 0.049 seconds
[2026-07-13T20:04:52.931+0000] {processor.py:186} INFO - Started process (PID=70661) to work on /opt/airflow/dags/dag_extract_dvizhenie.py
[2026-07-13T20:04:52.932+0000] {processor.py:914} INFO - Processing file /opt/airflow/dags/dag_extract_dvizhenie.py for tasks to queue
[2026-07-13T20:04:52.933+0000] {logging_mixin.py:190} INFO - [2026-07-13T20:04:52.933+0000] {dagbag.py:588} INFO - Filling up the DagBag from /opt/airflow/dags/dag_extract_dvizhenie.py
[2026-07-13T20:04:52.940+0000] {processor.py:925} INFO - DAG(s) 'dag_extract_dvizhenie' retrieved from /opt/airflow/dags/dag_extract_dvizhenie.py
[2026-07-13T20:04:52.953+0000] {logging_mixin.py:190} INFO - [2026-07-13T20:04:52.953+0000] {dag.py:3239} INFO - Sync 1 DAGs
[2026-07-13T20:04:52.967+0000] {processor.py:208} INFO - Processing /opt/airflow/dags/dag_extract_dvizhenie.py took 0.049 seconds
[2026-07-13T20:05:23.495+0000] {processor.py:186} INFO - Started process (PID=70681) to work on /opt/airflow/dags/dag_extract_dvizhenie.py
[2026-07-13T20:05:23.499+0000] {processor.py:914} INFO - Processing file /opt/airflow/dags/dag_extract_dvizhenie.py for tasks to queue
[2026-07-13T20:05:23.501+0000] {logging_mixin.py:190} INFO - [2026-07-13T20:05:23.501+0000] {dagbag.py:588} INFO - Filling up the DagBag from /opt/airflow/dags/dag_extract_dvizhenie.py
[2026-07-13T20:05:23.507+0000] {processor.py:925} INFO - DAG(s) 'dag_extract_dvizhenie' retrieved from /opt/airflow/dags/dag_extract_dvizhenie.py
[2026-07-13T20:05:23.520+0000] {logging_mixin.py:190} INFO - [2026-07-13T20:05:23.520+0000] {dag.py:3239} INFO - Sync 1 DAGs
[2026-07-13T20:05:23.534+0000] {processor.py:208} INFO - Processing /opt/airflow/dags/dag_extract_dvizhenie.py took 0.049 seconds
[2026-07-13T20:05:53.989+0000] {processor.py:186} INFO - Started process (PID=70699) to work on /opt/airflow/dags/dag_extract_dvizhenie.py
[2026-07-13T20:05:53.990+0000] {processor.py:914} INFO - Processing file /opt/airflow/dags/dag_extract_dvizhenie.py for tasks to queue
[2026-07-13T20:05:53.992+0000] {logging_mixin.py:190} INFO - [2026-07-13T20:05:53.992+0000] {dagbag.py:588} INFO - Filling up the DagBag from /opt/airflow/dags/dag_extract_dvizhenie.py
[2026-07-13T20:05:54.001+0000] {processor.py:925} INFO - DAG(s) 'dag_extract_dvizhenie' retrieved from /opt/airflow/dags/dag_extract_dvizhenie.py
[2026-07-13T20:05:54.022+0000] {logging_mixin.py:190} INFO - [2026-07-13T20:05:54.022+0000] {dag.py:3239} INFO - Sync 1 DAGs
[2026-07-13T20:05:54.162+0000] {processor.py:208} INFO - Processing /opt/airflow/dags/dag_extract_dvizhenie.py took 0.177 seconds
[2026-07-13T20:06:24.651+0000] {processor.py:186} INFO - Started process (PID=70721) to work on /opt/airflow/dags/dag_extract_dvizhenie.py
[2026-07-13T20:06:24.652+0000] {processor.py:914} INFO - Processing file /opt/airflow/dags/dag_extract_dvizhenie.py for tasks to queue
[2026-07-13T20:06:24.653+0000] {logging_mixin.py:190} INFO - [2026-07-13T20:06:24.653+0000] {dagbag.py:588} INFO - Filling up the DagBag from /opt/airflow/dags/dag_extract_dvizhenie.py
[2026-07-13T20:06:24.658+0000] {processor.py:925} INFO - DAG(s) 'dag_extract_dvizhenie' retrieved from /opt/airflow/dags/dag_extract_dvizhenie.py
[2026-07-13T20:06:24.670+0000] {logging_mixin.py:190} INFO - [2026-07-13T20:06:24.670+0000] {dag.py:3239} INFO - Sync 1 DAGs
[2026-07-13T20:06:24.684+0000] {processor.py:208} INFO - Processing /opt/airflow/dags/dag_extract_dvizhenie.py took 0.037 seconds
[2026-07-13T20:06:55.289+0000] {processor.py:186} INFO - Started process (PID=70741) to work on /opt/airflow/dags/dag_extract_dvizhenie.py
[2026-07-13T20:06:55.289+0000] {processor.py:914} INFO - Processing file /opt/airflow/dags/dag_extract_dvizhenie.py for tasks to queue
[2026-07-13T20:06:55.291+0000] {logging_mixin.py:190} INFO - [2026-07-13T20:06:55.290+0000] {dagbag.py:588} INFO - Filling up the DagBag from /opt/airflow/dags/dag_extract_dvizhenie.py
[2026-07-13T20:06:55.297+0000] {processor.py:925} INFO - DAG(s) 'dag_extract_dvizhenie' retrieved from /opt/airflow/dags/dag_extract_dvizhenie.py
[2026-07-13T20:06:55.316+0000] {logging_mixin.py:190} INFO - [2026-07-13T20:06:55.316+0000] {dag.py:3239} INFO - Sync 1 DAGs
[2026-07-13T20:06:55.330+0000] {processor.py:208} INFO - Processing /opt/airflow/dags/dag_extract_dvizhenie.py took 0.044 seconds
[2026-07-13T20:07:25.855+0000] {processor.py:186} INFO - Started process (PID=70759) to work on /opt/airflow/dags/dag_extract_dvizhenie.py
[2026-07-13T20:07:25.856+0000] {processor.py:914} INFO - Processing file /opt/airflow/dags/dag_extract_dvizhenie.py for tasks to queue
[2026-07-13T20:07:25.859+0000] {logging_mixin.py:190} INFO - [2026-07-13T20:07:25.858+0000] {dagbag.py:588} INFO - Filling up the DagBag from /opt/airflow/dags/dag_extract_dvizhenie.py
[2026-07-13T20:07:25.869+0000] {processor.py:925} INFO - DAG(s) 'dag_extract_dvizhenie' retrieved from /opt/airflow/dags/dag_extract_dvizhenie.py
[2026-07-13T20:07:25.892+0000] {logging_mixin.py:190} INFO - [2026-07-13T20:07:25.892+0000] {dag.py:3239} INFO - Sync 1 DAGs
[2026-07-13T20:07:26.017+0000] {processor.py:208} INFO - Processing /opt/airflow/dags/dag_extract_dvizhenie.py took 0.166 seconds
[2026-07-13T20:07:56.506+0000] {processor.py:186} INFO - Started process (PID=70781) to work on /opt/airflow/dags/dag_extract_dvizhenie.py
[2026-07-13T20:07:56.507+0000] {processor.py:914} INFO - Processing file /opt/airflow/dags/dag_extract_dvizhenie.py for tasks to queue
[2026-07-13T20:07:56.508+0000] {logging_mixin.py:190} INFO - [2026-07-13T20:07:56.508+0000] {dagbag.py:588} INFO - Filling up the DagBag from /opt/airflow/dags/dag_extract_dvizhenie.py
[2026-07-13T20:07:56.512+0000] {processor.py:925} INFO - DAG(s) 'dag_extract_dvizhenie' retrieved from /opt/airflow/dags/dag_extract_dvizhenie.py
[2026-07-13T20:07:56.522+0000] {logging_mixin.py:190} INFO - [2026-07-13T20:07:56.522+0000] {dag.py:3239} INFO - Sync 1 DAGs
[2026-07-13T20:07:56.533+0000] {processor.py:208} INFO - Processing /opt/airflow/dags/dag_extract_dvizhenie.py took 0.032 seconds
[2026-07-13T20:08:27.096+0000] {processor.py:186} INFO - Started process (PID=70801) to work on /opt/airflow/dags/dag_extract_dvizhenie.py
[2026-07-13T20:08:27.097+0000] {processor.py:914} INFO - Processing file /opt/airflow/dags/dag_extract_dvizhenie.py for tasks to queue
[2026-07-13T20:08:27.098+0000] {logging_mixin.py:190} INFO - [2026-07-13T20:08:27.097+0000] {dagbag.py:588} INFO - Filling up the DagBag from /opt/airflow/dags/dag_extract_dvizhenie.py
[2026-07-13T20:08:27.102+0000] {processor.py:925} INFO - DAG(s) 'dag_extract_dvizhenie' retrieved from /opt/airflow/dags/dag_extract_dvizhenie.py
[2026-07-13T20:08:27.167+0000] {logging_mixin.py:190} INFO - [2026-07-13T20:08:27.167+0000] {dag.py:3239} INFO - Sync 1 DAGs
[2026-07-13T20:08:27.177+0000] {processor.py:208} INFO - Processing /opt/airflow/dags/dag_extract_dvizhenie.py took 0.084 seconds
[2026-07-13T20:08:57.770+0000] {processor.py:186} INFO - Started process (PID=70821) to work on /opt/airflow/dags/dag_extract_dvizhenie.py
[2026-07-13T20:08:57.770+0000] {processor.py:914} INFO - Processing file /opt/airflow/dags/dag_extract_dvizhenie.py for tasks to queue
[2026-07-13T20:08:57.772+0000] {logging_mixin.py:190} INFO - [2026-07-13T20:08:57.771+0000] {dagbag.py:588} INFO - Filling up the DagBag from /opt/airflow/dags/dag_extract_dvizhenie.py
[2026-07-13T20:08:57.777+0000] {processor.py:925} INFO - DAG(s) 'dag_extract_dvizhenie' retrieved from /opt/airflow/dags/dag_extract_dvizhenie.py
[2026-07-13T20:08:57.790+0000] {logging_mixin.py:190} INFO - [2026-07-13T20:08:57.790+0000] {dag.py:3239} INFO - Sync 1 DAGs
[2026-07-13T20:08:57.804+0000] {processor.py:208} INFO - Processing /opt/airflow/dags/dag_extract_dvizhenie.py took 0.038 seconds
[2026-07-13T20:09:28.314+0000] {processor.py:186} INFO - Started process (PID=70841) to work on /opt/airflow/dags/dag_extract_dvizhenie.py
[2026-07-13T20:09:28.315+0000] {processor.py:914} INFO - Processing file /opt/airflow/dags/dag_extract_dvizhenie.py for tasks to queue
[2026-07-13T20:09:28.316+0000] {logging_mixin.py:190} INFO - [2026-07-13T20:09:28.316+0000] {dagbag.py:588} INFO - Filling up the DagBag from /opt/airflow/dags/dag_extract_dvizhenie.py
[2026-07-13T20:09:28.321+0000] {processor.py:925} INFO - DAG(s) 'dag_extract_dvizhenie' retrieved from /opt/airflow/dags/dag_extract_dvizhenie.py
[2026-07-13T20:09:28.331+0000] {logging_mixin.py:190} INFO - [2026-07-13T20:09:28.331+0000] {dag.py:3239} INFO - Sync 1 DAGs
[2026-07-13T20:09:28.343+0000] {processor.py:208} INFO - Processing /opt/airflow/dags/dag_extract_dvizhenie.py took 0.031 seconds
[2026-07-13T20:09:58.780+0000] {processor.py:186} INFO - Started process (PID=70861) to work on /opt/airflow/dags/dag_extract_dvizhenie.py
[2026-07-13T20:09:58.780+0000] {processor.py:914} INFO - Processing file /opt/airflow/dags/dag_extract_dvizhenie.py for tasks to queue
[2026-07-13T20:09:58.781+0000] {logging_mixin.py:190} INFO - [2026-07-13T20:09:58.781+0000] {dagbag.py:588} INFO - Filling up the DagBag from /opt/airflow/dags/dag_extract_dvizhenie.py
[2026-07-13T20:09:58.787+0000] {processor.py:925} INFO - DAG(s) 'dag_extract_dvizhenie' retrieved from /opt/airflow/dags/dag_extract_dvizhenie.py
[2026-07-13T20:09:58.798+0000] {logging_mixin.py:190} INFO - [2026-07-13T20:09:58.798+0000] {dag.py:3239} INFO - Sync 1 DAGs
[2026-07-13T20:09:58.813+0000] {processor.py:208} INFO - Processing /opt/airflow/dags/dag_extract_dvizhenie.py took 0.036 seconds
[2026-07-13T20:10:29.280+0000] {processor.py:186} INFO - Started process (PID=70887) to work on /opt/airflow/dags/dag_extract_dvizhenie.py
[2026-07-13T20:10:29.280+0000] {processor.py:914} INFO - Processing file /opt/airflow/dags/dag_extract_dvizhenie.py for tasks to queue
[2026-07-13T20:10:29.281+0000] {logging_mixin.py:190} INFO - [2026-07-13T20:10:29.281+0000] {dagbag.py:588} INFO - Filling up the DagBag from /opt/airflow/dags/dag_extract_dvizhenie.py
[2026-07-13T20:10:29.286+0000] {processor.py:925} INFO - DAG(s) 'dag_extract_dvizhenie' retrieved from /opt/airflow/dags/dag_extract_dvizhenie.py
[2026-07-13T20:10:29.297+0000] {logging_mixin.py:190} INFO - [2026-07-13T20:10:29.297+0000] {dag.py:3239} INFO - Sync 1 DAGs
[2026-07-13T20:10:29.310+0000] {processor.py:208} INFO - Processing /opt/airflow/dags/dag_extract_dvizhenie.py took 0.034 seconds
[2026-07-13T20:10:59.809+0000] {processor.py:186} INFO - Started process (PID=70925) to work on /opt/airflow/dags/dag_extract_dvizhenie.py
[2026-07-13T20:10:59.810+0000] {processor.py:914} INFO - Processing file /opt/airflow/dags/dag_extract_dvizhenie.py for tasks to queue
[2026-07-13T20:10:59.812+0000] {logging_mixin.py:190} INFO - [2026-07-13T20:10:59.811+0000] {dagbag.py:588} INFO - Filling up the DagBag from /opt/airflow/dags/dag_extract_dvizhenie.py
[2026-07-13T20:10:59.830+0000] {processor.py:925} INFO - DAG(s) 'dag_extract_dvizhenie' retrieved from /opt/airflow/dags/dag_extract_dvizhenie.py
[2026-07-13T20:10:59.844+0000] {logging_mixin.py:190} INFO - [2026-07-13T20:10:59.844+0000] {dag.py:3239} INFO - Sync 1 DAGs
[2026-07-13T20:10:59.857+0000] {processor.py:208} INFO - Processing /opt/airflow/dags/dag_extract_dvizhenie.py took 0.053 seconds
[2026-07-13T20:11:30.268+0000] {processor.py:186} INFO - Started process (PID=70943) to work on /opt/airflow/dags/dag_extract_dvizhenie.py
[2026-07-13T20:11:30.269+0000] {processor.py:914} INFO - Processing file /opt/airflow/dags/dag_extract_dvizhenie.py for tasks to queue
[2026-07-13T20:11:30.271+0000] {logging_mixin.py:190} INFO - [2026-07-13T20:11:30.271+0000] {dagbag.py:588} INFO - Filling up the DagBag from /opt/airflow/dags/dag_extract_dvizhenie.py
[2026-07-13T20:11:30.276+0000] {processor.py:925} INFO - DAG(s) 'dag_extract_dvizhenie' retrieved from /opt/airflow/dags/dag_extract_dvizhenie.py
[2026-07-13T20:11:30.292+0000] {logging_mixin.py:190} INFO - [2026-07-13T20:11:30.292+0000] {dag.py:3239} INFO - Sync 1 DAGs
[2026-07-13T20:11:30.306+0000] {processor.py:208} INFO - Processing /opt/airflow/dags/dag_extract_dvizhenie.py took 0.041 seconds
[2026-07-13T20:12:00.864+0000] {processor.py:186} INFO - Started process (PID=70965) to work on /opt/airflow/dags/dag_extract_dvizhenie.py
[2026-07-13T20:12:00.864+0000] {processor.py:914} INFO - Processing file /opt/airflow/dags/dag_extract_dvizhenie.py for tasks to queue
[2026-07-13T20:12:00.865+0000] {logging_mixin.py:190} INFO - [2026-07-13T20:12:00.865+0000] {dagbag.py:588} INFO - Filling up the DagBag from /opt/airflow/dags/dag_extract_dvizhenie.py
[2026-07-13T20:12:00.871+0000] {processor.py:925} INFO - DAG(s) 'dag_extract_dvizhenie' retrieved from /opt/airflow/dags/dag_extract_dvizhenie.py
[2026-07-13T20:12:00.883+0000] {logging_mixin.py:190} INFO - [2026-07-13T20:12:00.883+0000] {dag.py:3239} INFO - Sync 1 DAGs
[2026-07-13T20:12:00.896+0000] {processor.py:208} INFO - Processing /opt/airflow/dags/dag_extract_dvizhenie.py took 0.036 seconds
[2026-07-13T20:12:31.384+0000] {processor.py:186} INFO - Started process (PID=70985) to work on /opt/airflow/dags/dag_extract_dvizhenie.py
[2026-07-13T20:12:31.384+0000] {processor.py:914} INFO - Processing file /opt/airflow/dags/dag_extract_dvizhenie.py for tasks to queue
[2026-07-13T20:12:31.385+0000] {logging_mixin.py:190} INFO - [2026-07-13T20:12:31.385+0000] {dagbag.py:588} INFO - Filling up the DagBag from /opt/airflow/dags/dag_extract_dvizhenie.py
[2026-07-13T20:12:31.391+0000] {processor.py:925} INFO - DAG(s) 'dag_extract_dvizhenie' retrieved from /opt/airflow/dags/dag_extract_dvizhenie.py
[2026-07-13T20:12:31.403+0000] {logging_mixin.py:190} INFO - [2026-07-13T20:12:31.403+0000] {dag.py:3239} INFO - Sync 1 DAGs
[2026-07-13T20:12:31.417+0000] {processor.py:208} INFO - Processing /opt/airflow/dags/dag_extract_dvizhenie.py took 0.038 seconds
[2026-07-13T20:13:01.867+0000] {processor.py:186} INFO - Started process (PID=71005) to work on /opt/airflow/dags/dag_extract_dvizhenie.py
[2026-07-13T20:13:01.868+0000] {processor.py:914} INFO - Processing file /opt/airflow/dags/dag_extract_dvizhenie.py for tasks to queue
[2026-07-13T20:13:01.869+0000] {logging_mixin.py:190} INFO - [2026-07-13T20:13:01.869+0000] {dagbag.py:588} INFO - Filling up the DagBag from /opt/airflow/dags/dag_extract_dvizhenie.py
[2026-07-13T20:13:01.874+0000] {processor.py:925} INFO - DAG(s) 'dag_extract_dvizhenie' retrieved from /opt/airflow/dags/dag_extract_dvizhenie.py
[2026-07-13T20:13:01.884+0000] {logging_mixin.py:190} INFO - [2026-07-13T20:13:01.884+0000] {dag.py:3239} INFO - Sync 1 DAGs
[2026-07-13T20:13:01.895+0000] {processor.py:208} INFO - Processing /opt/airflow/dags/dag_extract_dvizhenie.py took 0.030 seconds
[2026-07-13T20:13:32.337+0000] {processor.py:186} INFO - Started process (PID=71025) to work on /opt/airflow/dags/dag_extract_dvizhenie.py
[2026-07-13T20:13:32.337+0000] {processor.py:914} INFO - Processing file /opt/airflow/dags/dag_extract_dvizhenie.py for tasks to queue
[2026-07-13T20:13:32.338+0000] {logging_mixin.py:190} INFO - [2026-07-13T20:13:32.338+0000] {dagbag.py:588} INFO - Filling up the DagBag from /opt/airflow/dags/dag_extract_dvizhenie.py
[2026-07-13T20:13:32.343+0000] {processor.py:925} INFO - DAG(s) 'dag_extract_dvizhenie' retrieved from /opt/airflow/dags/dag_extract_dvizhenie.py
[2026-07-13T20:13:32.353+0000] {logging_mixin.py:190} INFO - [2026-07-13T20:13:32.353+0000] {dag.py:3239} INFO - Sync 1 DAGs
[2026-07-13T20:13:32.364+0000] {processor.py:208} INFO - Processing /opt/airflow/dags/dag_extract_dvizhenie.py took 0.030 seconds
[2026-07-13T20:14:02.732+0000] {processor.py:186} INFO - Started process (PID=71045) to work on /opt/airflow/dags/dag_extract_dvizhenie.py
[2026-07-13T20:14:02.732+0000] {processor.py:914} INFO - Processing file /opt/airflow/dags/dag_extract_dvizhenie.py for tasks to queue
[2026-07-13T20:14:02.734+0000] {logging_mixin.py:190} INFO - [2026-07-13T20:14:02.733+0000] {dagbag.py:588} INFO - Filling up the DagBag from /opt/airflow/dags/dag_extract_dvizhenie.py
[2026-07-13T20:14:02.740+0000] {processor.py:925} INFO - DAG(s) 'dag_extract_dvizhenie' retrieved from /opt/airflow/dags/dag_extract_dvizhenie.py
[2026-07-13T20:14:02.754+0000] {logging_mixin.py:190} INFO - [2026-07-13T20:14:02.754+0000] {dag.py:3239} INFO - Sync 1 DAGs
[2026-07-13T20:14:02.769+0000] {processor.py:208} INFO - Processing /opt/airflow/dags/dag_extract_dvizhenie.py took 0.041 seconds
[2026-07-13T20:14:33.145+0000] {processor.py:186} INFO - Started process (PID=71065) to work on /opt/airflow/dags/dag_extract_dvizhenie.py
[2026-07-13T20:14:33.146+0000] {processor.py:914} INFO - Processing file /opt/airflow/dags/dag_extract_dvizhenie.py for tasks to queue
[2026-07-13T20:14:33.147+0000] {logging_mixin.py:190} INFO - [2026-07-13T20:14:33.147+0000] {dagbag.py:588} INFO - Filling up the DagBag from /opt/airflow/dags/dag_extract_dvizhenie.py
[2026-07-13T20:14:33.153+0000] {processor.py:925} INFO - DAG(s) 'dag_extract_dvizhenie' retrieved from /opt/airflow/dags/dag_extract_dvizhenie.py
[2026-07-13T20:14:33.165+0000] {logging_mixin.py:190} INFO - [2026-07-13T20:14:33.165+0000] {dag.py:3239} INFO - Sync 1 DAGs
[2026-07-13T20:14:33.178+0000] {processor.py:208} INFO - Processing /opt/airflow/dags/dag_extract_dvizhenie.py took 0.036 seconds
[2026-07-13T20:15:03.737+0000] {processor.py:186} INFO - Started process (PID=71085) to work on /opt/airflow/dags/dag_extract_dvizhenie.py
[2026-07-13T20:15:03.738+0000] {processor.py:914} INFO - Processing file /opt/airflow/dags/dag_extract_dvizhenie.py for tasks to queue
[2026-07-13T20:15:03.739+0000] {logging_mixin.py:190} INFO - [2026-07-13T20:15:03.739+0000] {dagbag.py:588} INFO - Filling up the DagBag from /opt/airflow/dags/dag_extract_dvizhenie.py
[2026-07-13T20:15:03.746+0000] {processor.py:925} INFO - DAG(s) 'dag_extract_dvizhenie' retrieved from /opt/airflow/dags/dag_extract_dvizhenie.py
[2026-07-13T20:15:03.763+0000] {logging_mixin.py:190} INFO - [2026-07-13T20:15:03.763+0000] {dag.py:3239} INFO - Sync 1 DAGs
[2026-07-13T20:15:03.789+0000] {processor.py:208} INFO - Processing /opt/airflow/dags/dag_extract_dvizhenie.py took 0.059 seconds
[2026-07-13T20:15:34.260+0000] {processor.py:186} INFO - Started process (PID=71105) to work on /opt/airflow/dags/dag_extract_dvizhenie.py
[2026-07-13T20:15:34.261+0000] {processor.py:914} INFO - Processing file /opt/airflow/dags/dag_extract_dvizhenie.py for tasks to queue
[2026-07-13T20:15:34.262+0000] {logging_mixin.py:190} INFO - [2026-07-13T20:15:34.262+0000] {dagbag.py:588} INFO - Filling up the DagBag from /opt/airflow/dags/dag_extract_dvizhenie.py
[2026-07-13T20:15:34.266+0000] {processor.py:925} INFO - DAG(s) 'dag_extract_dvizhenie' retrieved from /opt/airflow/dags/dag_extract_dvizhenie.py
[2026-07-13T20:15:34.277+0000] {logging_mixin.py:190} INFO - [2026-07-13T20:15:34.277+0000] {dag.py:3239} INFO - Sync 1 DAGs
[2026-07-13T20:15:34.290+0000] {processor.py:208} INFO - Processing /opt/airflow/dags/dag_extract_dvizhenie.py took 0.033 seconds
[2026-07-13T20:16:04.779+0000] {processor.py:186} INFO - Started process (PID=71125) to work on /opt/airflow/dags/dag_extract_dvizhenie.py
[2026-07-13T20:16:04.780+0000] {processor.py:914} INFO - Processing file /opt/airflow/dags/dag_extract_dvizhenie.py for tasks to queue
[2026-07-13T20:16:04.781+0000] {logging_mixin.py:190} INFO - [2026-07-13T20:16:04.781+0000] {dagbag.py:588} INFO - Filling up the DagBag from /opt/airflow/dags/dag_extract_dvizhenie.py
[2026-07-13T20:16:04.786+0000] {processor.py:925} INFO - DAG(s) 'dag_extract_dvizhenie' retrieved from /opt/airflow/dags/dag_extract_dvizhenie.py
[2026-07-13T20:16:04.797+0000] {logging_mixin.py:190} INFO - [2026-07-13T20:16:04.797+0000] {dag.py:3239} INFO - Sync 1 DAGs
[2026-07-13T20:16:04.808+0000] {processor.py:208} INFO - Processing /opt/airflow/dags/dag_extract_dvizhenie.py took 0.033 seconds
[2026-07-13T20:16:35.250+0000] {processor.py:186} INFO - Started process (PID=71145) to work on /opt/airflow/dags/dag_extract_dvizhenie.py
[2026-07-13T20:16:35.250+0000] {processor.py:914} INFO - Processing file /opt/airflow/dags/dag_extract_dvizhenie.py for tasks to queue
[2026-07-13T20:16:35.253+0000] {logging_mixin.py:190} INFO - [2026-07-13T20:16:35.252+0000] {dagbag.py:588} INFO - Filling up the DagBag from /opt/airflow/dags/dag_extract_dvizhenie.py
[2026-07-13T20:16:35.261+0000] {processor.py:925} INFO - DAG(s) 'dag_extract_dvizhenie' retrieved from /opt/airflow/dags/dag_extract_dvizhenie.py
[2026-07-13T20:16:35.283+0000] {logging_mixin.py:190} INFO - [2026-07-13T20:16:35.283+0000] {dag.py:3239} INFO - Sync 1 DAGs
[2026-07-13T20:16:35.303+0000] {processor.py:208} INFO - Processing /opt/airflow/dags/dag_extract_dvizhenie.py took 0.058 seconds
[2026-07-13T20:17:05.833+0000] {processor.py:186} INFO - Started process (PID=71165) to work on /opt/airflow/dags/dag_extract_dvizhenie.py
[2026-07-13T20:17:05.833+0000] {processor.py:914} INFO - Processing file /opt/airflow/dags/dag_extract_dvizhenie.py for tasks to queue
[2026-07-13T20:17:05.835+0000] {logging_mixin.py:190} INFO - [2026-07-13T20:17:05.834+0000] {dagbag.py:588} INFO - Filling up the DagBag from /opt/airflow/dags/dag_extract_dvizhenie.py
[2026-07-13T20:17:05.841+0000] {processor.py:925} INFO - DAG(s) 'dag_extract_dvizhenie' retrieved from /opt/airflow/dags/dag_extract_dvizhenie.py
[2026-07-13T20:17:05.858+0000] {logging_mixin.py:190} INFO - [2026-07-13T20:17:05.858+0000] {dag.py:3239} INFO - Sync 1 DAGs
[2026-07-13T20:17:05.873+0000] {processor.py:208} INFO - Processing /opt/airflow/dags/dag_extract_dvizhenie.py took 0.049 seconds
[2026-07-13T20:17:36.396+0000] {processor.py:186} INFO - Started process (PID=71185) to work on /opt/airflow/dags/dag_extract_dvizhenie.py
[2026-07-13T20:17:36.397+0000] {processor.py:914} INFO - Processing file /opt/airflow/dags/dag_extract_dvizhenie.py for tasks to queue
[2026-07-13T20:17:36.397+0000] {logging_mixin.py:190} INFO - [2026-07-13T20:17:36.397+0000] {dagbag.py:588} INFO - Filling up the DagBag from /opt/airflow/dags/dag_extract_dvizhenie.py
[2026-07-13T20:17:36.402+0000] {processor.py:925} INFO - DAG(s) 'dag_extract_dvizhenie' retrieved from /opt/airflow/dags/dag_extract_dvizhenie.py
[2026-07-13T20:17:36.413+0000] {logging_mixin.py:190} INFO - [2026-07-13T20:17:36.413+0000] {dag.py:3239} INFO - Sync 1 DAGs
[2026-07-13T20:17:36.425+0000] {processor.py:208} INFO - Processing /opt/airflow/dags/dag_extract_dvizhenie.py took 0.032 seconds
[2026-07-13T20:18:06.965+0000] {processor.py:186} INFO - Started process (PID=71205) to work on /opt/airflow/dags/dag_extract_dvizhenie.py
[2026-07-13T20:18:06.965+0000] {processor.py:914} INFO - Processing file /opt/airflow/dags/dag_extract_dvizhenie.py for tasks to queue
[2026-07-13T20:18:06.966+0000] {logging_mixin.py:190} INFO - [2026-07-13T20:18:06.966+0000] {dagbag.py:588} INFO - Filling up the DagBag from /opt/airflow/dags/dag_extract_dvizhenie.py
[2026-07-13T20:18:06.971+0000] {processor.py:925} INFO - DAG(s) 'dag_extract_dvizhenie' retrieved from /opt/airflow/dags/dag_extract_dvizhenie.py
[2026-07-13T20:18:06.980+0000] {logging_mixin.py:190} INFO - [2026-07-13T20:18:06.980+0000] {dag.py:3239} INFO - Sync 1 DAGs
[2026-07-13T20:18:06.992+0000] {processor.py:208} INFO - Processing /opt/airflow/dags/dag_extract_dvizhenie.py took 0.030 seconds
[2026-07-13T20:18:37.367+0000] {processor.py:186} INFO - Started process (PID=71225) to work on /opt/airflow/dags/dag_extract_dvizhenie.py
[2026-07-13T20:18:37.367+0000] {processor.py:914} INFO - Processing file /opt/airflow/dags/dag_extract_dvizhenie.py for tasks to queue
[2026-07-13T20:18:37.369+0000] {logging_mixin.py:190} INFO - [2026-07-13T20:18:37.369+0000] {dagbag.py:588} INFO - Filling up the DagBag from /opt/airflow/dags/dag_extract_dvizhenie.py
[2026-07-13T20:18:37.375+0000] {processor.py:925} INFO - DAG(s) 'dag_extract_dvizhenie' retrieved from /opt/airflow/dags/dag_extract_dvizhenie.py
[2026-07-13T20:18:37.389+0000] {logging_mixin.py:190} INFO - [2026-07-13T20:18:37.389+0000] {dag.py:3239} INFO - Sync 1 DAGs
[2026-07-13T20:18:37.403+0000] {processor.py:208} INFO - Processing /opt/airflow/dags/dag_extract_dvizhenie.py took 0.039 seconds
[2026-07-13T20:19:07.915+0000] {processor.py:186} INFO - Started process (PID=71245) to work on /opt/airflow/dags/dag_extract_dvizhenie.py
[2026-07-13T20:19:07.916+0000] {processor.py:914} INFO - Processing file /opt/airflow/dags/dag_extract_dvizhenie.py for tasks to queue
[2026-07-13T20:19:07.918+0000] {logging_mixin.py:190} INFO - [2026-07-13T20:19:07.917+0000] {dagbag.py:588} INFO - Filling up the DagBag from /opt/airflow/dags/dag_extract_dvizhenie.py
[2026-07-13T20:19:07.924+0000] {processor.py:925} INFO - DAG(s) 'dag_extract_dvizhenie' retrieved from /opt/airflow/dags/dag_extract_dvizhenie.py
[2026-07-13T20:19:07.936+0000] {logging_mixin.py:190} INFO - [2026-07-13T20:19:07.936+0000] {dag.py:3239} INFO - Sync 1 DAGs
[2026-07-13T20:19:07.948+0000] {processor.py:208} INFO - Processing /opt/airflow/dags/dag_extract_dvizhenie.py took 0.036 seconds
[2026-07-13T20:19:38.357+0000] {processor.py:186} INFO - Started process (PID=71265) to work on /opt/airflow/dags/dag_extract_dvizhenie.py
[2026-07-13T20:19:38.357+0000] {processor.py:914} INFO - Processing file /opt/airflow/dags/dag_extract_dvizhenie.py for tasks to queue
[2026-07-13T20:19:38.358+0000] {logging_mixin.py:190} INFO - [2026-07-13T20:19:38.358+0000] {dagbag.py:588} INFO - Filling up the DagBag from /opt/airflow/dags/dag_extract_dvizhenie.py
[2026-07-13T20:19:38.363+0000] {processor.py:925} INFO - DAG(s) 'dag_extract_dvizhenie' retrieved from /opt/airflow/dags/dag_extract_dvizhenie.py
[2026-07-13T20:19:38.373+0000] {logging_mixin.py:190} INFO - [2026-07-13T20:19:38.373+0000] {dag.py:3239} INFO - Sync 1 DAGs
[2026-07-13T20:19:38.384+0000] {processor.py:208} INFO - Processing /opt/airflow/dags/dag_extract_dvizhenie.py took 0.030 seconds
[2026-07-13T20:20:08.826+0000] {processor.py:186} INFO - Started process (PID=71291) to work on /opt/airflow/dags/dag_extract_dvizhenie.py
[2026-07-13T20:20:08.826+0000] {processor.py:914} INFO - Processing file /opt/airflow/dags/dag_extract_dvizhenie.py for tasks to queue
[2026-07-13T20:20:08.827+0000] {logging_mixin.py:190} INFO - [2026-07-13T20:20:08.827+0000] {dagbag.py:588} INFO - Filling up the DagBag from /opt/airflow/dags/dag_extract_dvizhenie.py
[2026-07-13T20:20:08.832+0000] {processor.py:925} INFO - DAG(s) 'dag_extract_dvizhenie' retrieved from /opt/airflow/dags/dag_extract_dvizhenie.py
[2026-07-13T20:20:08.842+0000] {logging_mixin.py:190} INFO - [2026-07-13T20:20:08.841+0000] {dag.py:3239} INFO - Sync 1 DAGs
[2026-07-13T20:20:08.853+0000] {processor.py:208} INFO - Processing /opt/airflow/dags/dag_extract_dvizhenie.py took 0.030 seconds
[2026-07-13T20:20:39.305+0000] {processor.py:186} INFO - Started process (PID=71314) to work on /opt/airflow/dags/dag_extract_dvizhenie.py
[2026-07-13T20:20:39.306+0000] {processor.py:914} INFO - Processing file /opt/airflow/dags/dag_extract_dvizhenie.py for tasks to queue
[2026-07-13T20:20:39.307+0000] {logging_mixin.py:190} INFO - [2026-07-13T20:20:39.307+0000] {dagbag.py:588} INFO - Filling up the DagBag from /opt/airflow/dags/dag_extract_dvizhenie.py
[2026-07-13T20:20:39.311+0000] {processor.py:925} INFO - DAG(s) 'dag_extract_dvizhenie' retrieved from /opt/airflow/dags/dag_extract_dvizhenie.py
[2026-07-13T20:20:39.321+0000] {logging_mixin.py:190} INFO - [2026-07-13T20:20:39.321+0000] {dag.py:3239} INFO - Sync 1 DAGs
[2026-07-13T20:20:39.332+0000] {processor.py:208} INFO - Processing /opt/airflow/dags/dag_extract_dvizhenie.py took 0.029 seconds
[2026-07-13T20:21:09.856+0000] {processor.py:186} INFO - Started process (PID=71343) to work on /opt/airflow/dags/dag_extract_dvizhenie.py
[2026-07-13T20:21:09.857+0000] {processor.py:914} INFO - Processing file /opt/airflow/dags/dag_extract_dvizhenie.py for tasks to queue
[2026-07-13T20:21:09.858+0000] {logging_mixin.py:190} INFO - [2026-07-13T20:21:09.858+0000] {dagbag.py:588} INFO - Filling up the DagBag from /opt/airflow/dags/dag_extract_dvizhenie.py
[2026-07-13T20:21:09.863+0000] {processor.py:925} INFO - DAG(s) 'dag_extract_dvizhenie' retrieved from /opt/airflow/dags/dag_extract_dvizhenie.py
[2026-07-13T20:21:09.876+0000] {logging_mixin.py:190} INFO - [2026-07-13T20:21:09.875+0000] {dag.py:3239} INFO - Sync 1 DAGs
[2026-07-13T20:21:09.889+0000] {processor.py:208} INFO - Processing /opt/airflow/dags/dag_extract_dvizhenie.py took 0.045 seconds
[2026-07-13T20:21:40.382+0000] {processor.py:186} INFO - Started process (PID=71363) to work on /opt/airflow/dags/dag_extract_dvizhenie.py
[2026-07-13T20:21:40.382+0000] {processor.py:914} INFO - Processing file /opt/airflow/dags/dag_extract_dvizhenie.py for tasks to queue
[2026-07-13T20:21:40.383+0000] {logging_mixin.py:190} INFO - [2026-07-13T20:21:40.383+0000] {dagbag.py:588} INFO - Filling up the DagBag from /opt/airflow/dags/dag_extract_dvizhenie.py
[2026-07-13T20:21:40.388+0000] {processor.py:925} INFO - DAG(s) 'dag_extract_dvizhenie' retrieved from /opt/airflow/dags/dag_extract_dvizhenie.py
[2026-07-13T20:21:40.398+0000] {logging_mixin.py:190} INFO - [2026-07-13T20:21:40.398+0000] {dag.py:3239} INFO - Sync 1 DAGs
[2026-07-13T20:21:40.410+0000] {processor.py:208} INFO - Processing /opt/airflow/dags/dag_extract_dvizhenie.py took 0.035 seconds
[2026-07-13T20:22:10.779+0000] {processor.py:186} INFO - Started process (PID=71383) to work on /opt/airflow/dags/dag_extract_dvizhenie.py
[2026-07-13T20:22:10.779+0000] {processor.py:914} INFO - Processing file /opt/airflow/dags/dag_extract_dvizhenie.py for tasks to queue
[2026-07-13T20:22:10.780+0000] {logging_mixin.py:190} INFO - [2026-07-13T20:22:10.780+0000] {dagbag.py:588} INFO - Filling up the DagBag from /opt/airflow/dags/dag_extract_dvizhenie.py
[2026-07-13T20:22:10.785+0000] {processor.py:925} INFO - DAG(s) 'dag_extract_dvizhenie' retrieved from /opt/airflow/dags/dag_extract_dvizhenie.py
[2026-07-13T20:22:10.795+0000] {logging_mixin.py:190} INFO - [2026-07-13T20:22:10.795+0000] {dag.py:3239} INFO - Sync 1 DAGs
[2026-07-13T20:22:10.806+0000] {processor.py:208} INFO - Processing /opt/airflow/dags/dag_extract_dvizhenie.py took 0.030 seconds
[2026-07-13T20:22:41.232+0000] {processor.py:186} INFO - Started process (PID=71403) to work on /opt/airflow/dags/dag_extract_dvizhenie.py
[2026-07-13T20:22:41.233+0000] {processor.py:914} INFO - Processing file /opt/airflow/dags/dag_extract_dvizhenie.py for tasks to queue
[2026-07-13T20:22:41.234+0000] {logging_mixin.py:190} INFO - [2026-07-13T20:22:41.234+0000] {dagbag.py:588} INFO - Filling up the DagBag from /opt/airflow/dags/dag_extract_dvizhenie.py
[2026-07-13T20:22:41.238+0000] {processor.py:925} INFO - DAG(s) 'dag_extract_dvizhenie' retrieved from /opt/airflow/dags/dag_extract_dvizhenie.py
[2026-07-13T20:22:41.248+0000] {logging_mixin.py:190} INFO - [2026-07-13T20:22:41.248+0000] {dag.py:3239} INFO - Sync 1 DAGs
[2026-07-13T20:22:41.259+0000] {processor.py:208} INFO - Processing /opt/airflow/dags/dag_extract_dvizhenie.py took 0.030 seconds
[2026-07-13T20:23:11.686+0000] {processor.py:186} INFO - Started process (PID=71423) to work on /opt/airflow/dags/dag_extract_dvizhenie.py
[2026-07-13T20:23:11.686+0000] {processor.py:914} INFO - Processing file /opt/airflow/dags/dag_extract_dvizhenie.py for tasks to queue
[2026-07-13T20:23:11.687+0000] {logging_mixin.py:190} INFO - [2026-07-13T20:23:11.687+0000] {dagbag.py:588} INFO - Filling up the DagBag from /opt/airflow/dags/dag_extract_dvizhenie.py
[2026-07-13T20:23:11.692+0000] {processor.py:925} INFO - DAG(s) 'dag_extract_dvizhenie' retrieved from /opt/airflow/dags/dag_extract_dvizhenie.py
[2026-07-13T20:23:11.702+0000] {logging_mixin.py:190} INFO - [2026-07-13T20:23:11.702+0000] {dag.py:3239} INFO - Sync 1 DAGs
[2026-07-13T20:23:11.714+0000] {processor.py:208} INFO - Processing /opt/airflow/dags/dag_extract_dvizhenie.py took 0.031 seconds
[2026-07-13T20:23:42.286+0000] {processor.py:186} INFO - Started process (PID=71443) to work on /opt/airflow/dags/dag_extract_dvizhenie.py
[2026-07-13T20:23:42.287+0000] {processor.py:914} INFO - Processing file /opt/airflow/dags/dag_extract_dvizhenie.py for tasks to queue
[2026-07-13T20:23:42.288+0000] {logging_mixin.py:190} INFO - [2026-07-13T20:23:42.288+0000] {dagbag.py:588} INFO - Filling up the DagBag from /opt/airflow/dags/dag_extract_dvizhenie.py
[2026-07-13T20:23:42.293+0000] {processor.py:925} INFO - DAG(s) 'dag_extract_dvizhenie' retrieved from /opt/airflow/dags/dag_extract_dvizhenie.py
[2026-07-13T20:23:42.304+0000] {logging_mixin.py:190} INFO - [2026-07-13T20:23:42.304+0000] {dag.py:3239} INFO - Sync 1 DAGs
[2026-07-13T20:23:42.316+0000] {processor.py:208} INFO - Processing /opt/airflow/dags/dag_extract_dvizhenie.py took 0.034 seconds
[2026-07-13T20:24:12.822+0000] {processor.py:186} INFO - Started process (PID=71463) to work on /opt/airflow/dags/dag_extract_dvizhenie.py
[2026-07-13T20:24:12.823+0000] {processor.py:914} INFO - Processing file /opt/airflow/dags/dag_extract_dvizhenie.py for tasks to queue
[2026-07-13T20:24:12.824+0000] {logging_mixin.py:190} INFO - [2026-07-13T20:24:12.824+0000] {dagbag.py:588} INFO - Filling up the DagBag from /opt/airflow/dags/dag_extract_dvizhenie.py
[2026-07-13T20:24:12.830+0000] {processor.py:925} INFO - DAG(s) 'dag_extract_dvizhenie' retrieved from /opt/airflow/dags/dag_extract_dvizhenie.py
[2026-07-13T20:24:12.843+0000] {logging_mixin.py:190} INFO - [2026-07-13T20:24:12.843+0000] {dag.py:3239} INFO - Sync 1 DAGs
[2026-07-13T20:24:12.863+0000] {processor.py:208} INFO - Processing /opt/airflow/dags/dag_extract_dvizhenie.py took 0.044 seconds
[2026-07-13T20:24:43.350+0000] {processor.py:186} INFO - Started process (PID=71483) to work on /opt/airflow/dags/dag_extract_dvizhenie.py
[2026-07-13T20:24:43.350+0000] {processor.py:914} INFO - Processing file /opt/airflow/dags/dag_extract_dvizhenie.py for tasks to queue
[2026-07-13T20:24:43.352+0000] {logging_mixin.py:190} INFO - [2026-07-13T20:24:43.351+0000] {dagbag.py:588} INFO - Filling up the DagBag from /opt/airflow/dags/dag_extract_dvizhenie.py
[2026-07-13T20:24:43.357+0000] {processor.py:925} INFO - DAG(s) 'dag_extract_dvizhenie' retrieved from /opt/airflow/dags/dag_extract_dvizhenie.py
[2026-07-13T20:24:43.369+0000] {logging_mixin.py:190} INFO - [2026-07-13T20:24:43.369+0000] {dag.py:3239} INFO - Sync 1 DAGs
[2026-07-13T20:24:43.384+0000] {processor.py:208} INFO - Processing /opt/airflow/dags/dag_extract_dvizhenie.py took 0.037 seconds
[2026-07-13T20:25:13.867+0000] {processor.py:186} INFO - Started process (PID=71503) to work on /opt/airflow/dags/dag_extract_dvizhenie.py
[2026-07-13T20:25:13.867+0000] {processor.py:914} INFO - Processing file /opt/airflow/dags/dag_extract_dvizhenie.py for tasks to queue
[2026-07-13T20:25:13.868+0000] {logging_mixin.py:190} INFO - [2026-07-13T20:25:13.868+0000] {dagbag.py:588} INFO - Filling up the DagBag from /opt/airflow/dags/dag_extract_dvizhenie.py
[2026-07-13T20:25:13.874+0000] {processor.py:925} INFO - DAG(s) 'dag_extract_dvizhenie' retrieved from /opt/airflow/dags/dag_extract_dvizhenie.py
[2026-07-13T20:25:13.886+0000] {logging_mixin.py:190} INFO - [2026-07-13T20:25:13.886+0000] {dag.py:3239} INFO - Sync 1 DAGs
[2026-07-13T20:25:13.900+0000] {processor.py:208} INFO - Processing /opt/airflow/dags/dag_extract_dvizhenie.py took 0.037 seconds
[2026-07-13T20:25:44.392+0000] {processor.py:186} INFO - Started process (PID=71523) to work on /opt/airflow/dags/dag_extract_dvizhenie.py
[2026-07-13T20:25:44.393+0000] {processor.py:914} INFO - Processing file /opt/airflow/dags/dag_extract_dvizhenie.py for tasks to queue
[2026-07-13T20:25:44.394+0000] {logging_mixin.py:190} INFO - [2026-07-13T20:25:44.394+0000] {dagbag.py:588} INFO - Filling up the DagBag from /opt/airflow/dags/dag_extract_dvizhenie.py
[2026-07-13T20:25:44.399+0000] {processor.py:925} INFO - DAG(s) 'dag_extract_dvizhenie' retrieved from /opt/airflow/dags/dag_extract_dvizhenie.py
[2026-07-13T20:25:44.412+0000] {logging_mixin.py:190} INFO - [2026-07-13T20:25:44.412+0000] {dag.py:3239} INFO - Sync 1 DAGs
[2026-07-13T20:25:44.427+0000] {processor.py:208} INFO - Processing /opt/airflow/dags/dag_extract_dvizhenie.py took 0.042 seconds
[2026-07-13T20:26:14.929+0000] {processor.py:186} INFO - Started process (PID=71543) to work on /opt/airflow/dags/dag_extract_dvizhenie.py
[2026-07-13T20:26:14.930+0000] {processor.py:914} INFO - Processing file /opt/airflow/dags/dag_extract_dvizhenie.py for tasks to queue
[2026-07-13T20:26:14.931+0000] {logging_mixin.py:190} INFO - [2026-07-13T20:26:14.930+0000] {dagbag.py:588} INFO - Filling up the DagBag from /opt/airflow/dags/dag_extract_dvizhenie.py
[2026-07-13T20:26:14.936+0000] {processor.py:925} INFO - DAG(s) 'dag_extract_dvizhenie' retrieved from /opt/airflow/dags/dag_extract_dvizhenie.py
[2026-07-13T20:26:14.998+0000] {logging_mixin.py:190} INFO - [2026-07-13T20:26:14.994+0000] {dag.py:3239} INFO - Sync 1 DAGs
[2026-07-13T20:26:15.040+0000] {processor.py:208} INFO - Processing /opt/airflow/dags/dag_extract_dvizhenie.py took 0.114 seconds
[2026-07-13T20:26:45.655+0000] {processor.py:186} INFO - Started process (PID=71563) to work on /opt/airflow/dags/dag_extract_dvizhenie.py
[2026-07-13T20:26:45.656+0000] {processor.py:914} INFO - Processing file /opt/airflow/dags/dag_extract_dvizhenie.py for tasks to queue
[2026-07-13T20:26:45.657+0000] {logging_mixin.py:190} INFO - [2026-07-13T20:26:45.657+0000] {dagbag.py:588} INFO - Filling up the DagBag from /opt/airflow/dags/dag_extract_dvizhenie.py
[2026-07-13T20:26:45.666+0000] {processor.py:925} INFO - DAG(s) 'dag_extract_dvizhenie' retrieved from /opt/airflow/dags/dag_extract_dvizhenie.py
[2026-07-13T20:26:45.685+0000] {logging_mixin.py:190} INFO - [2026-07-13T20:26:45.685+0000] {dag.py:3239} INFO - Sync 1 DAGs
[2026-07-13T20:26:45.706+0000] {processor.py:208} INFO - Processing /opt/airflow/dags/dag_extract_dvizhenie.py took 0.056 seconds
[2026-07-13T20:27:16.230+0000] {processor.py:186} INFO - Started process (PID=71583) to work on /opt/airflow/dags/dag_extract_dvizhenie.py
[2026-07-13T20:27:16.230+0000] {processor.py:914} INFO - Processing file /opt/airflow/dags/dag_extract_dvizhenie.py for tasks to queue
[2026-07-13T20:27:16.231+0000] {logging_mixin.py:190} INFO - [2026-07-13T20:27:16.231+0000] {dagbag.py:588} INFO - Filling up the DagBag from /opt/airflow/dags/dag_extract_dvizhenie.py
[2026-07-13T20:27:16.236+0000] {processor.py:925} INFO - DAG(s) 'dag_extract_dvizhenie' retrieved from /opt/airflow/dags/dag_extract_dvizhenie.py
[2026-07-13T20:27:16.248+0000] {logging_mixin.py:190} INFO - [2026-07-13T20:27:16.247+0000] {dag.py:3239} INFO - Sync 1 DAGs
[2026-07-13T20:27:16.259+0000] {processor.py:208} INFO - Processing /opt/airflow/dags/dag_extract_dvizhenie.py took 0.032 seconds
[2026-07-13T20:27:46.711+0000] {processor.py:186} INFO - Started process (PID=71603) to work on /opt/airflow/dags/dag_extract_dvizhenie.py
[2026-07-13T20:27:46.711+0000] {processor.py:914} INFO - Processing file /opt/airflow/dags/dag_extract_dvizhenie.py for tasks to queue
[2026-07-13T20:27:46.713+0000] {logging_mixin.py:190} INFO - [2026-07-13T20:27:46.712+0000] {dagbag.py:588} INFO - Filling up the DagBag from /opt/airflow/dags/dag_extract_dvizhenie.py
[2026-07-13T20:27:46.718+0000] {processor.py:925} INFO - DAG(s) 'dag_extract_dvizhenie' retrieved from /opt/airflow/dags/dag_extract_dvizhenie.py
[2026-07-13T20:27:46.730+0000] {logging_mixin.py:190} INFO - [2026-07-13T20:27:46.730+0000] {dag.py:3239} INFO - Sync 1 DAGs
[2026-07-13T20:27:46.742+0000] {processor.py:208} INFO - Processing /opt/airflow/dags/dag_extract_dvizhenie.py took 0.034 seconds
[2026-07-13T20:28:17.302+0000] {processor.py:186} INFO - Started process (PID=71623) to work on /opt/airflow/dags/dag_extract_dvizhenie.py
[2026-07-13T20:28:17.302+0000] {processor.py:914} INFO - Processing file /opt/airflow/dags/dag_extract_dvizhenie.py for tasks to queue
[2026-07-13T20:28:17.304+0000] {logging_mixin.py:190} INFO - [2026-07-13T20:28:17.303+0000] {dagbag.py:588} INFO - Filling up the DagBag from /opt/airflow/dags/dag_extract_dvizhenie.py
[2026-07-13T20:28:17.310+0000] {processor.py:925} INFO - DAG(s) 'dag_extract_dvizhenie' retrieved from /opt/airflow/dags/dag_extract_dvizhenie.py
[2026-07-13T20:28:17.354+0000] {logging_mixin.py:190} INFO - [2026-07-13T20:28:17.354+0000] {dag.py:3239} INFO - Sync 1 DAGs
[2026-07-13T20:28:17.371+0000] {processor.py:208} INFO - Processing /opt/airflow/dags/dag_extract_dvizhenie.py took 0.074 seconds
[2026-07-13T20:28:47.936+0000] {processor.py:186} INFO - Started process (PID=71643) to work on /opt/airflow/dags/dag_extract_dvizhenie.py
[2026-07-13T20:28:47.937+0000] {processor.py:914} INFO - Processing file /opt/airflow/dags/dag_extract_dvizhenie.py for tasks to queue
[2026-07-13T20:28:47.938+0000] {logging_mixin.py:190} INFO - [2026-07-13T20:28:47.937+0000] {dagbag.py:588} INFO - Filling up the DagBag from /opt/airflow/dags/dag_extract_dvizhenie.py
[2026-07-13T20:28:47.942+0000] {processor.py:925} INFO - DAG(s) 'dag_extract_dvizhenie' retrieved from /opt/airflow/dags/dag_extract_dvizhenie.py
[2026-07-13T20:28:47.954+0000] {logging_mixin.py:190} INFO - [2026-07-13T20:28:47.953+0000] {dag.py:3239} INFO - Sync 1 DAGs
[2026-07-13T20:28:47.966+0000] {processor.py:208} INFO - Processing /opt/airflow/dags/dag_extract_dvizhenie.py took 0.037 seconds
[2026-07-13T20:29:18.410+0000] {processor.py:186} INFO - Started process (PID=71663) to work on /opt/airflow/dags/dag_extract_dvizhenie.py
[2026-07-13T20:29:18.410+0000] {processor.py:914} INFO - Processing file /opt/airflow/dags/dag_extract_dvizhenie.py for tasks to queue
[2026-07-13T20:29:18.411+0000] {logging_mixin.py:190} INFO - [2026-07-13T20:29:18.411+0000] {dagbag.py:588} INFO - Filling up the DagBag from /opt/airflow/dags/dag_extract_dvizhenie.py
[2026-07-13T20:29:18.416+0000] {processor.py:925} INFO - DAG(s) 'dag_extract_dvizhenie' retrieved from /opt/airflow/dags/dag_extract_dvizhenie.py
[2026-07-13T20:29:18.426+0000] {logging_mixin.py:190} INFO - [2026-07-13T20:29:18.426+0000] {dag.py:3239} INFO - Sync 1 DAGs
[2026-07-13T20:29:18.438+0000] {processor.py:208} INFO - Processing /opt/airflow/dags/dag_extract_dvizhenie.py took 0.031 seconds
[2026-07-13T20:29:48.914+0000] {processor.py:186} INFO - Started process (PID=71683) to work on /opt/airflow/dags/dag_extract_dvizhenie.py
[2026-07-13T20:29:48.915+0000] {processor.py:914} INFO - Processing file /opt/airflow/dags/dag_extract_dvizhenie.py for tasks to queue
[2026-07-13T20:29:48.916+0000] {logging_mixin.py:190} INFO - [2026-07-13T20:29:48.916+0000] {dagbag.py:588} INFO - Filling up the DagBag from /opt/airflow/dags/dag_extract_dvizhenie.py
[2026-07-13T20:29:48.924+0000] {processor.py:925} INFO - DAG(s) 'dag_extract_dvizhenie' retrieved from /opt/airflow/dags/dag_extract_dvizhenie.py
[2026-07-13T20:29:48.937+0000] {logging_mixin.py:190} INFO - [2026-07-13T20:29:48.937+0000] {dag.py:3239} INFO - Sync 1 DAGs
[2026-07-13T20:29:48.983+0000] {processor.py:208} INFO - Processing /opt/airflow/dags/dag_extract_dvizhenie.py took 0.074 seconds
[2026-07-13T20:30:19.469+0000] {processor.py:186} INFO - Started process (PID=71706) to work on /opt/airflow/dags/dag_extract_dvizhenie.py
[2026-07-13T20:30:19.469+0000] {processor.py:914} INFO - Processing file /opt/airflow/dags/dag_extract_dvizhenie.py for tasks to queue
[2026-07-13T20:30:19.470+0000] {logging_mixin.py:190} INFO - [2026-07-13T20:30:19.470+0000] {dagbag.py:588} INFO - Filling up the DagBag from /opt/airflow/dags/dag_extract_dvizhenie.py
[2026-07-13T20:30:19.475+0000] {processor.py:925} INFO - DAG(s) 'dag_extract_dvizhenie' retrieved from /opt/airflow/dags/dag_extract_dvizhenie.py
[2026-07-13T20:30:19.485+0000] {logging_mixin.py:190} INFO - [2026-07-13T20:30:19.485+0000] {dag.py:3239} INFO - Sync 1 DAGs
[2026-07-13T20:30:19.497+0000] {processor.py:208} INFO - Processing /opt/airflow/dags/dag_extract_dvizhenie.py took 0.031 seconds
[2026-07-13T20:30:49.855+0000] {processor.py:186} INFO - Started process (PID=71738) to work on /opt/airflow/dags/dag_extract_dvizhenie.py
[2026-07-13T20:30:49.855+0000] {processor.py:914} INFO - Processing file /opt/airflow/dags/dag_extract_dvizhenie.py for tasks to queue
[2026-07-13T20:30:49.856+0000] {logging_mixin.py:190} INFO - [2026-07-13T20:30:49.856+0000] {dagbag.py:588} INFO - Filling up the DagBag from /opt/airflow/dags/dag_extract_dvizhenie.py
[2026-07-13T20:30:49.861+0000] {processor.py:925} INFO - DAG(s) 'dag_extract_dvizhenie' retrieved from /opt/airflow/dags/dag_extract_dvizhenie.py
[2026-07-13T20:30:49.872+0000] {logging_mixin.py:190} INFO - [2026-07-13T20:30:49.872+0000] {dag.py:3239} INFO - Sync 1 DAGs
[2026-07-13T20:30:49.886+0000] {processor.py:208} INFO - Processing /opt/airflow/dags/dag_extract_dvizhenie.py took 0.035 seconds
[2026-07-13T20:31:20.557+0000] {processor.py:186} INFO - Started process (PID=71764) to work on /opt/airflow/dags/dag_extract_dvizhenie.py
[2026-07-13T20:31:20.558+0000] {processor.py:914} INFO - Processing file /opt/airflow/dags/dag_extract_dvizhenie.py for tasks to queue
[2026-07-13T20:31:20.560+0000] {logging_mixin.py:190} INFO - [2026-07-13T20:31:20.560+0000] {dagbag.py:588} INFO - Filling up the DagBag from /opt/airflow/dags/dag_extract_dvizhenie.py
[2026-07-13T20:31:20.582+0000] {processor.py:925} INFO - DAG(s) 'dag_extract_dvizhenie' retrieved from /opt/airflow/dags/dag_extract_dvizhenie.py
[2026-07-13T20:31:20.598+0000] {logging_mixin.py:190} INFO - [2026-07-13T20:31:20.598+0000] {dag.py:3239} INFO - Sync 1 DAGs
[2026-07-13T20:31:20.613+0000] {processor.py:208} INFO - Processing /opt/airflow/dags/dag_extract_dvizhenie.py took 0.059 seconds
[2026-07-13T20:31:51.144+0000] {processor.py:186} INFO - Started process (PID=71784) to work on /opt/airflow/dags/dag_extract_dvizhenie.py
[2026-07-13T20:31:51.145+0000] {processor.py:914} INFO - Processing file /opt/airflow/dags/dag_extract_dvizhenie.py for tasks to queue
[2026-07-13T20:31:51.146+0000] {logging_mixin.py:190} INFO - [2026-07-13T20:31:51.146+0000] {dagbag.py:588} INFO - Filling up the DagBag from /opt/airflow/dags/dag_extract_dvizhenie.py
[2026-07-13T20:31:51.153+0000] {processor.py:925} INFO - DAG(s) 'dag_extract_dvizhenie' retrieved from /opt/airflow/dags/dag_extract_dvizhenie.py
[2026-07-13T20:31:51.165+0000] {logging_mixin.py:190} INFO - [2026-07-13T20:31:51.165+0000] {dag.py:3239} INFO - Sync 1 DAGs
[2026-07-13T20:31:51.178+0000] {processor.py:208} INFO - Processing /opt/airflow/dags/dag_extract_dvizhenie.py took 0.042 seconds
[2026-07-13T20:32:21.689+0000] {processor.py:186} INFO - Started process (PID=71804) to work on /opt/airflow/dags/dag_extract_dvizhenie.py
[2026-07-13T20:32:21.690+0000] {processor.py:914} INFO - Processing file /opt/airflow/dags/dag_extract_dvizhenie.py for tasks to queue
[2026-07-13T20:32:21.691+0000] {logging_mixin.py:190} INFO - [2026-07-13T20:32:21.690+0000] {dagbag.py:588} INFO - Filling up the DagBag from /opt/airflow/dags/dag_extract_dvizhenie.py
[2026-07-13T20:32:21.696+0000] {processor.py:925} INFO - DAG(s) 'dag_extract_dvizhenie' retrieved from /opt/airflow/dags/dag_extract_dvizhenie.py
[2026-07-13T20:32:21.708+0000] {logging_mixin.py:190} INFO - [2026-07-13T20:32:21.708+0000] {dag.py:3239} INFO - Sync 1 DAGs
[2026-07-13T20:32:21.720+0000] {processor.py:208} INFO - Processing /opt/airflow/dags/dag_extract_dvizhenie.py took 0.040 seconds
[2026-07-13T20:32:52.162+0000] {processor.py:186} INFO - Started process (PID=71824) to work on /opt/airflow/dags/dag_extract_dvizhenie.py
[2026-07-13T20:32:52.162+0000] {processor.py:914} INFO - Processing file /opt/airflow/dags/dag_extract_dvizhenie.py for tasks to queue
[2026-07-13T20:32:52.163+0000] {logging_mixin.py:190} INFO - [2026-07-13T20:32:52.163+0000] {dagbag.py:588} INFO - Filling up the DagBag from /opt/airflow/dags/dag_extract_dvizhenie.py
[2026-07-13T20:32:52.167+0000] {processor.py:925} INFO - DAG(s) 'dag_extract_dvizhenie' retrieved from /opt/airflow/dags/dag_extract_dvizhenie.py
[2026-07-13T20:32:52.177+0000] {logging_mixin.py:190} INFO - [2026-07-13T20:32:52.177+0000] {dag.py:3239} INFO - Sync 1 DAGs
[2026-07-13T20:32:52.189+0000] {processor.py:208} INFO - Processing /opt/airflow/dags/dag_extract_dvizhenie.py took 0.030 seconds
[2026-07-13T20:33:22.675+0000] {processor.py:186} INFO - Started process (PID=71844) to work on /opt/airflow/dags/dag_extract_dvizhenie.py
[2026-07-13T20:33:22.675+0000] {processor.py:914} INFO - Processing file /opt/airflow/dags/dag_extract_dvizhenie.py for tasks to queue
[2026-07-13T20:33:22.676+0000] {logging_mixin.py:190} INFO - [2026-07-13T20:33:22.676+0000] {dagbag.py:588} INFO - Filling up the DagBag from /opt/airflow/dags/dag_extract_dvizhenie.py
[2026-07-13T20:33:22.682+0000] {processor.py:925} INFO - DAG(s) 'dag_extract_dvizhenie' retrieved from /opt/airflow/dags/dag_extract_dvizhenie.py
[2026-07-13T20:33:22.692+0000] {logging_mixin.py:190} INFO - [2026-07-13T20:33:22.692+0000] {dag.py:3239} INFO - Sync 1 DAGs
[2026-07-13T20:33:22.704+0000] {processor.py:208} INFO - Processing /opt/airflow/dags/dag_extract_dvizhenie.py took 0.033 seconds
[2026-07-13T20:33:53.176+0000] {processor.py:186} INFO - Started process (PID=71864) to work on /opt/airflow/dags/dag_extract_dvizhenie.py
[2026-07-13T20:33:53.176+0000] {processor.py:914} INFO - Processing file /opt/airflow/dags/dag_extract_dvizhenie.py for tasks to queue
[2026-07-13T20:33:53.177+0000] {logging_mixin.py:190} INFO - [2026-07-13T20:33:53.177+0000] {dagbag.py:588} INFO - Filling up the DagBag from /opt/airflow/dags/dag_extract_dvizhenie.py
[2026-07-13T20:33:53.182+0000] {processor.py:925} INFO - DAG(s) 'dag_extract_dvizhenie' retrieved from /opt/airflow/dags/dag_extract_dvizhenie.py
[2026-07-13T20:33:53.193+0000] {logging_mixin.py:190} INFO - [2026-07-13T20:33:53.193+0000] {dag.py:3239} INFO - Sync 1 DAGs
[2026-07-13T20:33:53.205+0000] {processor.py:208} INFO - Processing /opt/airflow/dags/dag_extract_dvizhenie.py took 0.033 seconds
[2026-07-13T20:34:23.717+0000] {processor.py:186} INFO - Started process (PID=71893) to work on /opt/airflow/dags/dag_extract_dvizhenie.py
[2026-07-13T20:34:23.718+0000] {processor.py:914} INFO - Processing file /opt/airflow/dags/dag_extract_dvizhenie.py for tasks to queue
[2026-07-13T20:34:23.719+0000] {logging_mixin.py:190} INFO - [2026-07-13T20:34:23.719+0000] {dagbag.py:588} INFO - Filling up the DagBag from /opt/airflow/dags/dag_extract_dvizhenie.py
[2026-07-13T20:34:23.726+0000] {processor.py:925} INFO - DAG(s) 'dag_extract_dvizhenie' retrieved from /opt/airflow/dags/dag_extract_dvizhenie.py
[2026-07-13T20:34:23.740+0000] {logging_mixin.py:190} INFO - [2026-07-13T20:34:23.740+0000] {dag.py:3239} INFO - Sync 1 DAGs
[2026-07-13T20:34:23.753+0000] {processor.py:208} INFO - Processing /opt/airflow/dags/dag_extract_dvizhenie.py took 0.039 seconds
[2026-07-13T20:34:54.166+0000] {processor.py:186} INFO - Started process (PID=71913) to work on /opt/airflow/dags/dag_extract_dvizhenie.py
[2026-07-13T20:34:54.166+0000] {processor.py:914} INFO - Processing file /opt/airflow/dags/dag_extract_dvizhenie.py for tasks to queue
[2026-07-13T20:34:54.167+0000] {logging_mixin.py:190} INFO - [2026-07-13T20:34:54.167+0000] {dagbag.py:588} INFO - Filling up the DagBag from /opt/airflow/dags/dag_extract_dvizhenie.py
[2026-07-13T20:34:54.172+0000] {processor.py:925} INFO - DAG(s) 'dag_extract_dvizhenie' retrieved from /opt/airflow/dags/dag_extract_dvizhenie.py
[2026-07-13T20:34:54.182+0000] {logging_mixin.py:190} INFO - [2026-07-13T20:34:54.182+0000] {dag.py:3239} INFO - Sync 1 DAGs
[2026-07-13T20:34:54.193+0000] {processor.py:208} INFO - Processing /opt/airflow/dags/dag_extract_dvizhenie.py took 0.030 seconds
[2026-07-13T20:35:24.686+0000] {processor.py:186} INFO - Started process (PID=71933) to work on /opt/airflow/dags/dag_extract_dvizhenie.py
[2026-07-13T20:35:24.687+0000] {processor.py:914} INFO - Processing file /opt/airflow/dags/dag_extract_dvizhenie.py for tasks to queue
[2026-07-13T20:35:24.687+0000] {logging_mixin.py:190} INFO - [2026-07-13T20:35:24.687+0000] {dagbag.py:588} INFO - Filling up the DagBag from /opt/airflow/dags/dag_extract_dvizhenie.py
[2026-07-13T20:35:24.692+0000] {processor.py:925} INFO - DAG(s) 'dag_extract_dvizhenie' retrieved from /opt/airflow/dags/dag_extract_dvizhenie.py
[2026-07-13T20:35:24.703+0000] {logging_mixin.py:190} INFO - [2026-07-13T20:35:24.703+0000] {dag.py:3239} INFO - Sync 1 DAGs
[2026-07-13T20:35:24.715+0000] {processor.py:208} INFO - Processing /opt/airflow/dags/dag_extract_dvizhenie.py took 0.032 seconds
[2026-07-13T20:35:55.191+0000] {processor.py:186} INFO - Started process (PID=71953) to work on /opt/airflow/dags/dag_extract_dvizhenie.py
[2026-07-13T20:35:55.191+0000] {processor.py:914} INFO - Processing file /opt/airflow/dags/dag_extract_dvizhenie.py for tasks to queue
[2026-07-13T20:35:55.192+0000] {logging_mixin.py:190} INFO - [2026-07-13T20:35:55.192+0000] {dagbag.py:588} INFO - Filling up the DagBag from /opt/airflow/dags/dag_extract_dvizhenie.py
[2026-07-13T20:35:55.197+0000] {processor.py:925} INFO - DAG(s) 'dag_extract_dvizhenie' retrieved from /opt/airflow/dags/dag_extract_dvizhenie.py
[2026-07-13T20:35:55.207+0000] {logging_mixin.py:190} INFO - [2026-07-13T20:35:55.206+0000] {dag.py:3239} INFO - Sync 1 DAGs
[2026-07-13T20:35:55.217+0000] {processor.py:208} INFO - Processing /opt/airflow/dags/dag_extract_dvizhenie.py took 0.030 seconds
[2026-07-13T20:36:25.652+0000] {processor.py:186} INFO - Started process (PID=71973) to work on /opt/airflow/dags/dag_extract_dvizhenie.py
[2026-07-13T20:36:25.653+0000] {processor.py:914} INFO - Processing file /opt/airflow/dags/dag_extract_dvizhenie.py for tasks to queue
[2026-07-13T20:36:25.654+0000] {logging_mixin.py:190} INFO - [2026-07-13T20:36:25.654+0000] {dagbag.py:588} INFO - Filling up the DagBag from /opt/airflow/dags/dag_extract_dvizhenie.py
[2026-07-13T20:36:25.664+0000] {processor.py:925} INFO - DAG(s) 'dag_extract_dvizhenie' retrieved from /opt/airflow/dags/dag_extract_dvizhenie.py
[2026-07-13T20:36:25.677+0000] {logging_mixin.py:190} INFO - [2026-07-13T20:36:25.677+0000] {dag.py:3239} INFO - Sync 1 DAGs
[2026-07-13T20:36:25.694+0000] {processor.py:208} INFO - Processing /opt/airflow/dags/dag_extract_dvizhenie.py took 0.046 seconds
[2026-07-13T20:36:56.154+0000] {processor.py:186} INFO - Started process (PID=71993) to work on /opt/airflow/dags/dag_extract_dvizhenie.py
[2026-07-13T20:36:56.155+0000] {processor.py:914} INFO - Processing file /opt/airflow/dags/dag_extract_dvizhenie.py for tasks to queue
[2026-07-13T20:36:56.156+0000] {logging_mixin.py:190} INFO - [2026-07-13T20:36:56.156+0000] {dagbag.py:588} INFO - Filling up the DagBag from /opt/airflow/dags/dag_extract_dvizhenie.py
[2026-07-13T20:36:56.161+0000] {processor.py:925} INFO - DAG(s) 'dag_extract_dvizhenie' retrieved from /opt/airflow/dags/dag_extract_dvizhenie.py
[2026-07-13T20:36:56.170+0000] {logging_mixin.py:190} INFO - [2026-07-13T20:36:56.170+0000] {dag.py:3239} INFO - Sync 1 DAGs
[2026-07-13T20:36:56.182+0000] {processor.py:208} INFO - Processing /opt/airflow/dags/dag_extract_dvizhenie.py took 0.031 seconds
[2026-07-13T20:37:26.642+0000] {processor.py:186} INFO - Started process (PID=72013) to work on /opt/airflow/dags/dag_extract_dvizhenie.py
[2026-07-13T20:37:26.642+0000] {processor.py:914} INFO - Processing file /opt/airflow/dags/dag_extract_dvizhenie.py for tasks to queue
[2026-07-13T20:37:26.643+0000] {logging_mixin.py:190} INFO - [2026-07-13T20:37:26.643+0000] {dagbag.py:588} INFO - Filling up the DagBag from /opt/airflow/dags/dag_extract_dvizhenie.py
[2026-07-13T20:37:26.649+0000] {processor.py:925} INFO - DAG(s) 'dag_extract_dvizhenie' retrieved from /opt/airflow/dags/dag_extract_dvizhenie.py
[2026-07-13T20:37:26.661+0000] {logging_mixin.py:190} INFO - [2026-07-13T20:37:26.661+0000] {dag.py:3239} INFO - Sync 1 DAGs
[2026-07-13T20:37:26.673+0000] {processor.py:208} INFO - Processing /opt/airflow/dags/dag_extract_dvizhenie.py took 0.035 seconds
[2026-07-13T20:37:57.078+0000] {processor.py:186} INFO - Started process (PID=72033) to work on /opt/airflow/dags/dag_extract_dvizhenie.py
[2026-07-13T20:37:57.078+0000] {processor.py:914} INFO - Processing file /opt/airflow/dags/dag_extract_dvizhenie.py for tasks to queue
[2026-07-13T20:37:57.079+0000] {logging_mixin.py:190} INFO - [2026-07-13T20:37:57.079+0000] {dagbag.py:588} INFO - Filling up the DagBag from /opt/airflow/dags/dag_extract_dvizhenie.py
[2026-07-13T20:37:57.083+0000] {processor.py:925} INFO - DAG(s) 'dag_extract_dvizhenie' retrieved from /opt/airflow/dags/dag_extract_dvizhenie.py
[2026-07-13T20:37:57.093+0000] {logging_mixin.py:190} INFO - [2026-07-13T20:37:57.093+0000] {dag.py:3239} INFO - Sync 1 DAGs
[2026-07-13T20:37:57.105+0000] {processor.py:208} INFO - Processing /opt/airflow/dags/dag_extract_dvizhenie.py took 0.029 seconds
[2026-07-13T20:38:27.627+0000] {processor.py:186} INFO - Started process (PID=72053) to work on /opt/airflow/dags/dag_extract_dvizhenie.py
[2026-07-13T20:38:27.628+0000] {processor.py:914} INFO - Processing file /opt/airflow/dags/dag_extract_dvizhenie.py for tasks to queue
[2026-07-13T20:38:27.629+0000] {logging_mixin.py:190} INFO - [2026-07-13T20:38:27.629+0000] {dagbag.py:588} INFO - Filling up the DagBag from /opt/airflow/dags/dag_extract_dvizhenie.py
[2026-07-13T20:38:27.635+0000] {processor.py:925} INFO - DAG(s) 'dag_extract_dvizhenie' retrieved from /opt/airflow/dags/dag_extract_dvizhenie.py
[2026-07-13T20:38:27.648+0000] {logging_mixin.py:190} INFO - [2026-07-13T20:38:27.648+0000] {dag.py:3239} INFO - Sync 1 DAGs
[2026-07-13T20:38:27.660+0000] {processor.py:208} INFO - Processing /opt/airflow/dags/dag_extract_dvizhenie.py took 0.037 seconds
[2026-07-13T20:38:58.102+0000] {processor.py:186} INFO - Started process (PID=72076) to work on /opt/airflow/dags/dag_extract_dvizhenie.py
[2026-07-13T20:38:58.102+0000] {processor.py:914} INFO - Processing file /opt/airflow/dags/dag_extract_dvizhenie.py for tasks to queue
[2026-07-13T20:38:58.103+0000] {logging_mixin.py:190} INFO - [2026-07-13T20:38:58.103+0000] {dagbag.py:588} INFO - Filling up the DagBag from /opt/airflow/dags/dag_extract_dvizhenie.py
[2026-07-13T20:38:58.108+0000] {processor.py:925} INFO - DAG(s) 'dag_extract_dvizhenie' retrieved from /opt/airflow/dags/dag_extract_dvizhenie.py
[2026-07-13T20:38:58.118+0000] {logging_mixin.py:190} INFO - [2026-07-13T20:38:58.118+0000] {dag.py:3239} INFO - Sync 1 DAGs
[2026-07-13T20:38:58.129+0000] {processor.py:208} INFO - Processing /opt/airflow/dags/dag_extract_dvizhenie.py took 0.030 seconds
[2026-07-13T20:39:28.835+0000] {processor.py:186} INFO - Started process (PID=72105) to work on /opt/airflow/dags/dag_extract_dvizhenie.py
[2026-07-13T20:39:28.835+0000] {processor.py:914} INFO - Processing file /opt/airflow/dags/dag_extract_dvizhenie.py for tasks to queue
[2026-07-13T20:39:28.837+0000] {logging_mixin.py:190} INFO - [2026-07-13T20:39:28.836+0000] {dagbag.py:588} INFO - Filling up the DagBag from /opt/airflow/dags/dag_extract_dvizhenie.py
[2026-07-13T20:39:28.851+0000] {processor.py:925} INFO - DAG(s) 'dag_extract_dvizhenie' retrieved from /opt/airflow/dags/dag_extract_dvizhenie.py
[2026-07-13T20:39:28.870+0000] {logging_mixin.py:190} INFO - [2026-07-13T20:39:28.870+0000] {dag.py:3239} INFO - Sync 1 DAGs
[2026-07-13T20:39:28.890+0000] {processor.py:208} INFO - Processing /opt/airflow/dags/dag_extract_dvizhenie.py took 0.059 seconds
[2026-07-13T20:39:59.315+0000] {processor.py:186} INFO - Started process (PID=72125) to work on /opt/airflow/dags/dag_extract_dvizhenie.py
[2026-07-13T20:39:59.316+0000] {processor.py:914} INFO - Processing file /opt/airflow/dags/dag_extract_dvizhenie.py for tasks to queue
[2026-07-13T20:39:59.317+0000] {logging_mixin.py:190} INFO - [2026-07-13T20:39:59.317+0000] {dagbag.py:588} INFO - Filling up the DagBag from /opt/airflow/dags/dag_extract_dvizhenie.py
[2026-07-13T20:39:59.321+0000] {processor.py:925} INFO - DAG(s) 'dag_extract_dvizhenie' retrieved from /opt/airflow/dags/dag_extract_dvizhenie.py
[2026-07-13T20:39:59.333+0000] {logging_mixin.py:190} INFO - [2026-07-13T20:39:59.333+0000] {dag.py:3239} INFO - Sync 1 DAGs
[2026-07-13T20:39:59.345+0000] {processor.py:208} INFO - Processing /opt/airflow/dags/dag_extract_dvizhenie.py took 0.033 seconds
[2026-07-13T20:40:29.882+0000] {processor.py:186} INFO - Started process (PID=72145) to work on /opt/airflow/dags/dag_extract_dvizhenie.py
[2026-07-13T20:40:29.882+0000] {processor.py:914} INFO - Processing file /opt/airflow/dags/dag_extract_dvizhenie.py for tasks to queue
[2026-07-13T20:40:29.884+0000] {logging_mixin.py:190} INFO - [2026-07-13T20:40:29.884+0000] {dagbag.py:588} INFO - Filling up the DagBag from /opt/airflow/dags/dag_extract_dvizhenie.py
[2026-07-13T20:40:29.890+0000] {processor.py:925} INFO - DAG(s) 'dag_extract_dvizhenie' retrieved from /opt/airflow/dags/dag_extract_dvizhenie.py
[2026-07-13T20:40:29.902+0000] {logging_mixin.py:190} INFO - [2026-07-13T20:40:29.902+0000] {dag.py:3239} INFO - Sync 1 DAGs
[2026-07-13T20:40:29.915+0000] {processor.py:208} INFO - Processing /opt/airflow/dags/dag_extract_dvizhenie.py took 0.038 seconds
[2026-07-13T20:41:00.349+0000] {processor.py:186} INFO - Started process (PID=72171) to work on /opt/airflow/dags/dag_extract_dvizhenie.py
[2026-07-13T20:41:00.350+0000] {processor.py:914} INFO - Processing file /opt/airflow/dags/dag_extract_dvizhenie.py for tasks to queue
[2026-07-13T20:41:00.352+0000] {logging_mixin.py:190} INFO - [2026-07-13T20:41:00.352+0000] {dagbag.py:588} INFO - Filling up the DagBag from /opt/airflow/dags/dag_extract_dvizhenie.py
[2026-07-13T20:41:00.359+0000] {processor.py:925} INFO - DAG(s) 'dag_extract_dvizhenie' retrieved from /opt/airflow/dags/dag_extract_dvizhenie.py
[2026-07-13T20:41:00.376+0000] {logging_mixin.py:190} INFO - [2026-07-13T20:41:00.376+0000] {dag.py:3239} INFO - Sync 1 DAGs
[2026-07-13T20:41:00.394+0000] {processor.py:208} INFO - Processing /opt/airflow/dags/dag_extract_dvizhenie.py took 0.049 seconds
[2026-07-13T20:41:30.853+0000] {processor.py:186} INFO - Started process (PID=72191) to work on /opt/airflow/dags/dag_extract_dvizhenie.py
[2026-07-13T20:41:30.853+0000] {processor.py:914} INFO - Processing file /opt/airflow/dags/dag_extract_dvizhenie.py for tasks to queue
[2026-07-13T20:41:30.854+0000] {logging_mixin.py:190} INFO - [2026-07-13T20:41:30.854+0000] {dagbag.py:588} INFO - Filling up the DagBag from /opt/airflow/dags/dag_extract_dvizhenie.py
[2026-07-13T20:41:30.859+0000] {processor.py:925} INFO - DAG(s) 'dag_extract_dvizhenie' retrieved from /opt/airflow/dags/dag_extract_dvizhenie.py
[2026-07-13T20:41:30.869+0000] {logging_mixin.py:190} INFO - [2026-07-13T20:41:30.869+0000] {dag.py:3239} INFO - Sync 1 DAGs
[2026-07-13T20:41:30.881+0000] {processor.py:208} INFO - Processing /opt/airflow/dags/dag_extract_dvizhenie.py took 0.031 seconds
[2026-07-13T20:42:01.289+0000] {processor.py:186} INFO - Started process (PID=72211) to work on /opt/airflow/dags/dag_extract_dvizhenie.py
[2026-07-13T20:42:01.289+0000] {processor.py:914} INFO - Processing file /opt/airflow/dags/dag_extract_dvizhenie.py for tasks to queue
[2026-07-13T20:42:01.290+0000] {logging_mixin.py:190} INFO - [2026-07-13T20:42:01.290+0000] {dagbag.py:588} INFO - Filling up the DagBag from /opt/airflow/dags/dag_extract_dvizhenie.py
[2026-07-13T20:42:01.295+0000] {processor.py:925} INFO - DAG(s) 'dag_extract_dvizhenie' retrieved from /opt/airflow/dags/dag_extract_dvizhenie.py
[2026-07-13T20:42:01.305+0000] {logging_mixin.py:190} INFO - [2026-07-13T20:42:01.304+0000] {dag.py:3239} INFO - Sync 1 DAGs
[2026-07-13T20:42:01.316+0000] {processor.py:208} INFO - Processing /opt/airflow/dags/dag_extract_dvizhenie.py took 0.030 seconds
[2026-07-13T20:42:31.683+0000] {processor.py:186} INFO - Started process (PID=72231) to work on /opt/airflow/dags/dag_extract_dvizhenie.py
[2026-07-13T20:42:31.683+0000] {processor.py:914} INFO - Processing file /opt/airflow/dags/dag_extract_dvizhenie.py for tasks to queue
[2026-07-13T20:42:31.684+0000] {logging_mixin.py:190} INFO - [2026-07-13T20:42:31.684+0000] {dagbag.py:588} INFO - Filling up the DagBag from /opt/airflow/dags/dag_extract_dvizhenie.py
[2026-07-13T20:42:31.689+0000] {processor.py:925} INFO - DAG(s) 'dag_extract_dvizhenie' retrieved from /opt/airflow/dags/dag_extract_dvizhenie.py
[2026-07-13T20:42:31.698+0000] {logging_mixin.py:190} INFO - [2026-07-13T20:42:31.698+0000] {dag.py:3239} INFO - Sync 1 DAGs
[2026-07-13T20:42:31.710+0000] {processor.py:208} INFO - Processing /opt/airflow/dags/dag_extract_dvizhenie.py took 0.029 seconds
[2026-07-13T20:43:02.096+0000] {processor.py:186} INFO - Started process (PID=72251) to work on /opt/airflow/dags/dag_extract_dvizhenie.py
[2026-07-13T20:43:02.096+0000] {processor.py:914} INFO - Processing file /opt/airflow/dags/dag_extract_dvizhenie.py for tasks to queue
[2026-07-13T20:43:02.097+0000] {logging_mixin.py:190} INFO - [2026-07-13T20:43:02.097+0000] {dagbag.py:588} INFO - Filling up the DagBag from /opt/airflow/dags/dag_extract_dvizhenie.py
[2026-07-13T20:43:02.101+0000] {processor.py:925} INFO - DAG(s) 'dag_extract_dvizhenie' retrieved from /opt/airflow/dags/dag_extract_dvizhenie.py
[2026-07-13T20:43:02.112+0000] {logging_mixin.py:190} INFO - [2026-07-13T20:43:02.112+0000] {dag.py:3239} INFO - Sync 1 DAGs
[2026-07-13T20:43:02.124+0000] {processor.py:208} INFO - Processing /opt/airflow/dags/dag_extract_dvizhenie.py took 0.031 seconds
[2026-07-13T20:43:32.593+0000] {processor.py:186} INFO - Started process (PID=72271) to work on /opt/airflow/dags/dag_extract_dvizhenie.py
[2026-07-13T20:43:32.593+0000] {processor.py:914} INFO - Processing file /opt/airflow/dags/dag_extract_dvizhenie.py for tasks to queue
[2026-07-13T20:43:32.594+0000] {logging_mixin.py:190} INFO - [2026-07-13T20:43:32.594+0000] {dagbag.py:588} INFO - Filling up the DagBag from /opt/airflow/dags/dag_extract_dvizhenie.py
[2026-07-13T20:43:32.599+0000] {processor.py:925} INFO - DAG(s) 'dag_extract_dvizhenie' retrieved from /opt/airflow/dags/dag_extract_dvizhenie.py
[2026-07-13T20:43:32.609+0000] {logging_mixin.py:190} INFO - [2026-07-13T20:43:32.609+0000] {dag.py:3239} INFO - Sync 1 DAGs
[2026-07-13T20:43:32.620+0000] {processor.py:208} INFO - Processing /opt/airflow/dags/dag_extract_dvizhenie.py took 0.031 seconds
[2026-07-13T20:44:03.030+0000] {processor.py:186} INFO - Started process (PID=72300) to work on /opt/airflow/dags/dag_extract_dvizhenie.py
[2026-07-13T20:44:03.031+0000] {processor.py:914} INFO - Processing file /opt/airflow/dags/dag_extract_dvizhenie.py for tasks to queue
[2026-07-13T20:44:03.032+0000] {logging_mixin.py:190} INFO - [2026-07-13T20:44:03.032+0000] {dagbag.py:588} INFO - Filling up the DagBag from /opt/airflow/dags/dag_extract_dvizhenie.py
[2026-07-13T20:44:03.037+0000] {processor.py:925} INFO - DAG(s) 'dag_extract_dvizhenie' retrieved from /opt/airflow/dags/dag_extract_dvizhenie.py
[2026-07-13T20:44:03.047+0000] {logging_mixin.py:190} INFO - [2026-07-13T20:44:03.047+0000] {dag.py:3239} INFO - Sync 1 DAGs
[2026-07-13T20:44:03.058+0000] {processor.py:208} INFO - Processing /opt/airflow/dags/dag_extract_dvizhenie.py took 0.031 seconds
[2026-07-13T20:44:33.455+0000] {processor.py:186} INFO - Started process (PID=72320) to work on /opt/airflow/dags/dag_extract_dvizhenie.py
[2026-07-13T20:44:33.455+0000] {processor.py:914} INFO - Processing file /opt/airflow/dags/dag_extract_dvizhenie.py for tasks to queue
[2026-07-13T20:44:33.456+0000] {logging_mixin.py:190} INFO - [2026-07-13T20:44:33.456+0000] {dagbag.py:588} INFO - Filling up the DagBag from /opt/airflow/dags/dag_extract_dvizhenie.py
[2026-07-13T20:44:33.460+0000] {processor.py:925} INFO - DAG(s) 'dag_extract_dvizhenie' retrieved from /opt/airflow/dags/dag_extract_dvizhenie.py
[2026-07-13T20:44:33.470+0000] {logging_mixin.py:190} INFO - [2026-07-13T20:44:33.470+0000] {dag.py:3239} INFO - Sync 1 DAGs
[2026-07-13T20:44:33.482+0000] {processor.py:208} INFO - Processing /opt/airflow/dags/dag_extract_dvizhenie.py took 0.030 seconds
[2026-07-13T20:45:03.896+0000] {processor.py:186} INFO - Started process (PID=72340) to work on /opt/airflow/dags/dag_extract_dvizhenie.py
[2026-07-13T20:45:03.897+0000] {processor.py:914} INFO - Processing file /opt/airflow/dags/dag_extract_dvizhenie.py for tasks to queue
[2026-07-13T20:45:03.898+0000] {logging_mixin.py:190} INFO - [2026-07-13T20:45:03.897+0000] {dagbag.py:588} INFO - Filling up the DagBag from /opt/airflow/dags/dag_extract_dvizhenie.py
[2026-07-13T20:45:03.902+0000] {processor.py:925} INFO - DAG(s) 'dag_extract_dvizhenie' retrieved from /opt/airflow/dags/dag_extract_dvizhenie.py
[2026-07-13T20:45:03.912+0000] {logging_mixin.py:190} INFO - [2026-07-13T20:45:03.912+0000] {dag.py:3239} INFO - Sync 1 DAGs
[2026-07-13T20:45:03.923+0000] {processor.py:208} INFO - Processing /opt/airflow/dags/dag_extract_dvizhenie.py took 0.029 seconds
[2026-07-13T20:45:34.591+0000] {processor.py:186} INFO - Started process (PID=72360) to work on /opt/airflow/dags/dag_extract_dvizhenie.py
[2026-07-13T20:45:34.592+0000] {processor.py:914} INFO - Processing file /opt/airflow/dags/dag_extract_dvizhenie.py for tasks to queue
[2026-07-13T20:45:34.594+0000] {logging_mixin.py:190} INFO - [2026-07-13T20:45:34.594+0000] {dagbag.py:588} INFO - Filling up the DagBag from /opt/airflow/dags/dag_extract_dvizhenie.py
[2026-07-13T20:45:34.602+0000] {processor.py:925} INFO - DAG(s) 'dag_extract_dvizhenie' retrieved from /opt/airflow/dags/dag_extract_dvizhenie.py
[2026-07-13T20:45:34.624+0000] {logging_mixin.py:190} INFO - [2026-07-13T20:45:34.624+0000] {dag.py:3239} INFO - Sync 1 DAGs
[2026-07-13T20:45:34.643+0000] {processor.py:208} INFO - Processing /opt/airflow/dags/dag_extract_dvizhenie.py took 0.059 seconds
[2026-07-13T20:46:05.129+0000] {processor.py:186} INFO - Started process (PID=72380) to work on /opt/airflow/dags/dag_extract_dvizhenie.py
[2026-07-13T20:46:05.130+0000] {processor.py:914} INFO - Processing file /opt/airflow/dags/dag_extract_dvizhenie.py for tasks to queue
[2026-07-13T20:46:05.131+0000] {logging_mixin.py:190} INFO - [2026-07-13T20:46:05.130+0000] {dagbag.py:588} INFO - Filling up the DagBag from /opt/airflow/dags/dag_extract_dvizhenie.py
[2026-07-13T20:46:05.135+0000] {processor.py:925} INFO - DAG(s) 'dag_extract_dvizhenie' retrieved from /opt/airflow/dags/dag_extract_dvizhenie.py
[2026-07-13T20:46:05.145+0000] {logging_mixin.py:190} INFO - [2026-07-13T20:46:05.145+0000] {dag.py:3239} INFO - Sync 1 DAGs
[2026-07-13T20:46:05.157+0000] {processor.py:208} INFO - Processing /opt/airflow/dags/dag_extract_dvizhenie.py took 0.030 seconds
[2026-07-13T20:46:35.527+0000] {processor.py:186} INFO - Started process (PID=72400) to work on /opt/airflow/dags/dag_extract_dvizhenie.py
[2026-07-13T20:46:35.528+0000] {processor.py:914} INFO - Processing file /opt/airflow/dags/dag_extract_dvizhenie.py for tasks to queue
[2026-07-13T20:46:35.529+0000] {logging_mixin.py:190} INFO - [2026-07-13T20:46:35.528+0000] {dagbag.py:588} INFO - Filling up the DagBag from /opt/airflow/dags/dag_extract_dvizhenie.py
[2026-07-13T20:46:35.533+0000] {processor.py:925} INFO - DAG(s) 'dag_extract_dvizhenie' retrieved from /opt/airflow/dags/dag_extract_dvizhenie.py
[2026-07-13T20:46:35.543+0000] {logging_mixin.py:190} INFO - [2026-07-13T20:46:35.543+0000] {dag.py:3239} INFO - Sync 1 DAGs
[2026-07-13T20:46:35.553+0000] {processor.py:208} INFO - Processing /opt/airflow/dags/dag_extract_dvizhenie.py took 0.028 seconds
[2026-07-13T21:02:48.088+0000] {processor.py:186} INFO - Started process (PID=72429) to work on /opt/airflow/dags/dag_extract_dvizhenie.py
[2026-07-13T21:02:48.089+0000] {processor.py:914} INFO - Processing file /opt/airflow/dags/dag_extract_dvizhenie.py for tasks to queue
[2026-07-13T21:02:48.091+0000] {logging_mixin.py:190} INFO - [2026-07-13T21:02:48.091+0000] {dagbag.py:588} INFO - Filling up the DagBag from /opt/airflow/dags/dag_extract_dvizhenie.py
[2026-07-13T21:02:48.100+0000] {processor.py:925} INFO - DAG(s) 'dag_extract_dvizhenie' retrieved from /opt/airflow/dags/dag_extract_dvizhenie.py
[2026-07-13T21:02:48.115+0000] {logging_mixin.py:190} INFO - [2026-07-13T21:02:48.115+0000] {dag.py:3239} INFO - Sync 1 DAGs
[2026-07-13T21:02:48.128+0000] {processor.py:208} INFO - Processing /opt/airflow/dags/dag_extract_dvizhenie.py took 0.045 seconds
[2026-07-13T21:37:49.755+0000] {processor.py:186} INFO - Started process (PID=72464) to work on /opt/airflow/dags/dag_extract_dvizhenie.py
[2026-07-13T21:37:49.756+0000] {processor.py:914} INFO - Processing file /opt/airflow/dags/dag_extract_dvizhenie.py for tasks to queue
[2026-07-13T21:37:49.757+0000] {logging_mixin.py:190} INFO - [2026-07-13T21:37:49.757+0000] {dagbag.py:588} INFO - Filling up the DagBag from /opt/airflow/dags/dag_extract_dvizhenie.py
[2026-07-13T21:37:49.762+0000] {processor.py:925} INFO - DAG(s) 'dag_extract_dvizhenie' retrieved from /opt/airflow/dags/dag_extract_dvizhenie.py
[2026-07-13T21:37:49.777+0000] {logging_mixin.py:190} INFO - [2026-07-13T21:37:49.777+0000] {dag.py:3239} INFO - Sync 1 DAGs
[2026-07-13T21:37:49.790+0000] {processor.py:208} INFO - Processing /opt/airflow/dags/dag_extract_dvizhenie.py took 0.039 seconds
[2026-07-13T21:38:20.240+0000] {processor.py:186} INFO - Started process (PID=72502) to work on /opt/airflow/dags/dag_extract_dvizhenie.py
[2026-07-13T21:38:20.241+0000] {processor.py:914} INFO - Processing file /opt/airflow/dags/dag_extract_dvizhenie.py for tasks to queue
[2026-07-13T21:38:20.242+0000] {logging_mixin.py:190} INFO - [2026-07-13T21:38:20.241+0000] {dagbag.py:588} INFO - Filling up the DagBag from /opt/airflow/dags/dag_extract_dvizhenie.py
[2026-07-13T21:38:20.246+0000] {processor.py:925} INFO - DAG(s) 'dag_extract_dvizhenie' retrieved from /opt/airflow/dags/dag_extract_dvizhenie.py
[2026-07-13T21:38:20.256+0000] {logging_mixin.py:190} INFO - [2026-07-13T21:38:20.255+0000] {dag.py:3239} INFO - Sync 1 DAGs
[2026-07-13T21:38:20.267+0000] {processor.py:208} INFO - Processing /opt/airflow/dags/dag_extract_dvizhenie.py took 0.029 seconds
[2026-07-13T21:56:14.798+0000] {processor.py:186} INFO - Started process (PID=72536) to work on /opt/airflow/dags/dag_extract_dvizhenie.py
[2026-07-13T21:56:14.799+0000] {processor.py:914} INFO - Processing file /opt/airflow/dags/dag_extract_dvizhenie.py for tasks to queue
[2026-07-13T21:56:14.801+0000] {logging_mixin.py:190} INFO - [2026-07-13T21:56:14.801+0000] {dagbag.py:588} INFO - Filling up the DagBag from /opt/airflow/dags/dag_extract_dvizhenie.py
[2026-07-13T21:56:14.812+0000] {processor.py:925} INFO - DAG(s) 'dag_extract_dvizhenie' retrieved from /opt/airflow/dags/dag_extract_dvizhenie.py
[2026-07-13T21:56:14.842+0000] {logging_mixin.py:190} INFO - [2026-07-13T21:56:14.842+0000] {dag.py:3239} INFO - Sync 1 DAGs
[2026-07-13T21:56:14.867+0000] {processor.py:208} INFO - Processing /opt/airflow/dags/dag_extract_dvizhenie.py took 0.073 seconds
[2026-07-13T21:56:52.395+0000] {processor.py:186} INFO - Started process (PID=72569) to work on /opt/airflow/dags/dag_extract_dvizhenie.py
[2026-07-13T21:56:52.396+0000] {processor.py:914} INFO - Processing file /opt/airflow/dags/dag_extract_dvizhenie.py for tasks to queue
[2026-07-13T21:56:52.397+0000] {logging_mixin.py:190} INFO - [2026-07-13T21:56:52.397+0000] {dagbag.py:588} INFO - Filling up the DagBag from /opt/airflow/dags/dag_extract_dvizhenie.py
[2026-07-13T21:56:52.402+0000] {processor.py:925} INFO - DAG(s) 'dag_extract_dvizhenie' retrieved from /opt/airflow/dags/dag_extract_dvizhenie.py
[2026-07-13T21:56:52.416+0000] {logging_mixin.py:190} INFO - [2026-07-13T21:56:52.416+0000] {dag.py:3239} INFO - Sync 1 DAGs
[2026-07-13T21:56:52.430+0000] {processor.py:208} INFO - Processing /opt/airflow/dags/dag_extract_dvizhenie.py took 0.037 seconds
[2026-07-13T21:57:22.964+0000] {processor.py:186} INFO - Started process (PID=72589) to work on /opt/airflow/dags/dag_extract_dvizhenie.py
[2026-07-13T21:57:22.965+0000] {processor.py:914} INFO - Processing file /opt/airflow/dags/dag_extract_dvizhenie.py for tasks to queue
[2026-07-13T21:57:22.966+0000] {logging_mixin.py:190} INFO - [2026-07-13T21:57:22.965+0000] {dagbag.py:588} INFO - Filling up the DagBag from /opt/airflow/dags/dag_extract_dvizhenie.py
[2026-07-13T21:57:22.970+0000] {processor.py:925} INFO - DAG(s) 'dag_extract_dvizhenie' retrieved from /opt/airflow/dags/dag_extract_dvizhenie.py
[2026-07-13T21:57:22.979+0000] {logging_mixin.py:190} INFO - [2026-07-13T21:57:22.979+0000] {dag.py:3239} INFO - Sync 1 DAGs
[2026-07-13T21:57:22.990+0000] {processor.py:208} INFO - Processing /opt/airflow/dags/dag_extract_dvizhenie.py took 0.028 seconds
[2026-07-13T21:57:58.812+0000] {processor.py:186} INFO - Started process (PID=72609) to work on /opt/airflow/dags/dag_extract_dvizhenie.py
[2026-07-13T21:57:58.812+0000] {processor.py:914} INFO - Processing file /opt/airflow/dags/dag_extract_dvizhenie.py for tasks to queue
[2026-07-13T21:57:58.813+0000] {logging_mixin.py:190} INFO - [2026-07-13T21:57:58.813+0000] {dagbag.py:588} INFO - Filling up the DagBag from /opt/airflow/dags/dag_extract_dvizhenie.py
[2026-07-13T21:57:58.818+0000] {processor.py:925} INFO - DAG(s) 'dag_extract_dvizhenie' retrieved from /opt/airflow/dags/dag_extract_dvizhenie.py
[2026-07-13T21:57:58.831+0000] {logging_mixin.py:190} INFO - [2026-07-13T21:57:58.830+0000] {dag.py:3239} INFO - Sync 1 DAGs
[2026-07-13T21:57:58.842+0000] {processor.py:208} INFO - Processing /opt/airflow/dags/dag_extract_dvizhenie.py took 0.032 seconds
[2026-07-13T22:14:48.911+0000] {processor.py:186} INFO - Started process (PID=72633) to work on /opt/airflow/dags/dag_extract_dvizhenie.py
[2026-07-13T22:14:48.912+0000] {processor.py:914} INFO - Processing file /opt/airflow/dags/dag_extract_dvizhenie.py for tasks to queue
[2026-07-13T22:14:48.913+0000] {logging_mixin.py:190} INFO - [2026-07-13T22:14:48.913+0000] {dagbag.py:588} INFO - Filling up the DagBag from /opt/airflow/dags/dag_extract_dvizhenie.py
[2026-07-13T22:14:48.929+0000] {processor.py:925} INFO - DAG(s) 'dag_extract_dvizhenie' retrieved from /opt/airflow/dags/dag_extract_dvizhenie.py
[2026-07-13T22:14:48.950+0000] {logging_mixin.py:190} INFO - [2026-07-13T22:14:48.950+0000] {dag.py:3239} INFO - Sync 1 DAGs
[2026-07-13T22:14:48.985+0000] {processor.py:208} INFO - Processing /opt/airflow/dags/dag_extract_dvizhenie.py took 0.078 seconds
[2026-07-13T22:15:26.909+0000] {processor.py:186} INFO - Started process (PID=72664) to work on /opt/airflow/dags/dag_extract_dvizhenie.py
[2026-07-13T22:15:26.910+0000] {processor.py:914} INFO - Processing file /opt/airflow/dags/dag_extract_dvizhenie.py for tasks to queue
[2026-07-13T22:15:26.911+0000] {logging_mixin.py:190} INFO - [2026-07-13T22:15:26.911+0000] {dagbag.py:588} INFO - Filling up the DagBag from /opt/airflow/dags/dag_extract_dvizhenie.py
[2026-07-13T22:15:26.915+0000] {processor.py:925} INFO - DAG(s) 'dag_extract_dvizhenie' retrieved from /opt/airflow/dags/dag_extract_dvizhenie.py
[2026-07-13T22:15:26.926+0000] {logging_mixin.py:190} INFO - [2026-07-13T22:15:26.926+0000] {dag.py:3239} INFO - Sync 1 DAGs
[2026-07-13T22:15:26.937+0000] {processor.py:208} INFO - Processing /opt/airflow/dags/dag_extract_dvizhenie.py took 0.031 seconds
[2026-07-13T22:16:04.969+0000] {processor.py:186} INFO - Started process (PID=72684) to work on /opt/airflow/dags/dag_extract_dvizhenie.py
[2026-07-13T22:16:04.969+0000] {processor.py:914} INFO - Processing file /opt/airflow/dags/dag_extract_dvizhenie.py for tasks to queue
[2026-07-13T22:16:04.970+0000] {logging_mixin.py:190} INFO - [2026-07-13T22:16:04.970+0000] {dagbag.py:588} INFO - Filling up the DagBag from /opt/airflow/dags/dag_extract_dvizhenie.py
[2026-07-13T22:16:04.975+0000] {processor.py:925} INFO - DAG(s) 'dag_extract_dvizhenie' retrieved from /opt/airflow/dags/dag_extract_dvizhenie.py
[2026-07-13T22:16:04.988+0000] {logging_mixin.py:190} INFO - [2026-07-13T22:16:04.988+0000] {dag.py:3239} INFO - Sync 1 DAGs
[2026-07-13T22:16:05.003+0000] {processor.py:208} INFO - Processing /opt/airflow/dags/dag_extract_dvizhenie.py took 0.036 seconds
[2026-07-13T22:16:35.499+0000] {processor.py:186} INFO - Started process (PID=72704) to work on /opt/airflow/dags/dag_extract_dvizhenie.py
[2026-07-13T22:16:35.500+0000] {processor.py:914} INFO - Processing file /opt/airflow/dags/dag_extract_dvizhenie.py for tasks to queue
[2026-07-13T22:16:35.501+0000] {logging_mixin.py:190} INFO - [2026-07-13T22:16:35.501+0000] {dagbag.py:588} INFO - Filling up the DagBag from /opt/airflow/dags/dag_extract_dvizhenie.py
[2026-07-13T22:16:35.506+0000] {processor.py:925} INFO - DAG(s) 'dag_extract_dvizhenie' retrieved from /opt/airflow/dags/dag_extract_dvizhenie.py
[2026-07-13T22:16:35.523+0000] {logging_mixin.py:190} INFO - [2026-07-13T22:16:35.521+0000] {dag.py:3239} INFO - Sync 1 DAGs
[2026-07-13T22:16:35.537+0000] {processor.py:208} INFO - Processing /opt/airflow/dags/dag_extract_dvizhenie.py took 0.041 seconds
[2026-07-13T22:17:11.374+0000] {processor.py:186} INFO - Started process (PID=72724) to work on /opt/airflow/dags/dag_extract_dvizhenie.py
[2026-07-13T22:17:11.374+0000] {processor.py:914} INFO - Processing file /opt/airflow/dags/dag_extract_dvizhenie.py for tasks to queue
[2026-07-13T22:17:11.375+0000] {logging_mixin.py:190} INFO - [2026-07-13T22:17:11.375+0000] {dagbag.py:588} INFO - Filling up the DagBag from /opt/airflow/dags/dag_extract_dvizhenie.py
[2026-07-13T22:17:11.380+0000] {processor.py:925} INFO - DAG(s) 'dag_extract_dvizhenie' retrieved from /opt/airflow/dags/dag_extract_dvizhenie.py
[2026-07-13T22:17:11.390+0000] {logging_mixin.py:190} INFO - [2026-07-13T22:17:11.390+0000] {dag.py:3239} INFO - Sync 1 DAGs
[2026-07-13T22:17:11.402+0000] {processor.py:208} INFO - Processing /opt/airflow/dags/dag_extract_dvizhenie.py took 0.031 seconds
[2026-07-13T22:17:48.140+0000] {processor.py:186} INFO - Started process (PID=72744) to work on /opt/airflow/dags/dag_extract_dvizhenie.py
[2026-07-13T22:17:48.140+0000] {processor.py:914} INFO - Processing file /opt/airflow/dags/dag_extract_dvizhenie.py for tasks to queue
[2026-07-13T22:17:48.141+0000] {logging_mixin.py:190} INFO - [2026-07-13T22:17:48.141+0000] {dagbag.py:588} INFO - Filling up the DagBag from /opt/airflow/dags/dag_extract_dvizhenie.py
[2026-07-13T22:17:48.146+0000] {processor.py:925} INFO - DAG(s) 'dag_extract_dvizhenie' retrieved from /opt/airflow/dags/dag_extract_dvizhenie.py
[2026-07-13T22:17:48.155+0000] {logging_mixin.py:190} INFO - [2026-07-13T22:17:48.155+0000] {dag.py:3239} INFO - Sync 1 DAGs
[2026-07-13T22:17:48.166+0000] {processor.py:208} INFO - Processing /opt/airflow/dags/dag_extract_dvizhenie.py took 0.029 seconds
[2026-07-13T22:18:18.594+0000] {processor.py:186} INFO - Started process (PID=72764) to work on /opt/airflow/dags/dag_extract_dvizhenie.py
[2026-07-13T22:18:18.594+0000] {processor.py:914} INFO - Processing file /opt/airflow/dags/dag_extract_dvizhenie.py for tasks to queue
[2026-07-13T22:18:18.595+0000] {logging_mixin.py:190} INFO - [2026-07-13T22:18:18.595+0000] {dagbag.py:588} INFO - Filling up the DagBag from /opt/airflow/dags/dag_extract_dvizhenie.py
[2026-07-13T22:18:18.600+0000] {processor.py:925} INFO - DAG(s) 'dag_extract_dvizhenie' retrieved from /opt/airflow/dags/dag_extract_dvizhenie.py
[2026-07-13T22:18:18.609+0000] {logging_mixin.py:190} INFO - [2026-07-13T22:18:18.609+0000] {dag.py:3239} INFO - Sync 1 DAGs
[2026-07-13T22:18:18.620+0000] {processor.py:208} INFO - Processing /opt/airflow/dags/dag_extract_dvizhenie.py took 0.029 seconds
[2026-07-13T22:18:55.034+0000] {processor.py:186} INFO - Started process (PID=72784) to work on /opt/airflow/dags/dag_extract_dvizhenie.py
[2026-07-13T22:18:55.034+0000] {processor.py:914} INFO - Processing file /opt/airflow/dags/dag_extract_dvizhenie.py for tasks to queue
[2026-07-13T22:18:55.035+0000] {logging_mixin.py:190} INFO - [2026-07-13T22:18:55.035+0000] {dagbag.py:588} INFO - Filling up the DagBag from /opt/airflow/dags/dag_extract_dvizhenie.py
[2026-07-13T22:18:55.040+0000] {processor.py:925} INFO - DAG(s) 'dag_extract_dvizhenie' retrieved from /opt/airflow/dags/dag_extract_dvizhenie.py
[2026-07-13T22:18:55.050+0000] {logging_mixin.py:190} INFO - [2026-07-13T22:18:55.050+0000] {dag.py:3239} INFO - Sync 1 DAGs
[2026-07-13T22:18:55.061+0000] {processor.py:208} INFO - Processing /opt/airflow/dags/dag_extract_dvizhenie.py took 0.030 seconds
[2026-07-13T22:19:32.486+0000] {processor.py:186} INFO - Started process (PID=72804) to work on /opt/airflow/dags/dag_extract_dvizhenie.py
[2026-07-13T22:19:32.486+0000] {processor.py:914} INFO - Processing file /opt/airflow/dags/dag_extract_dvizhenie.py for tasks to queue
[2026-07-13T22:19:32.487+0000] {logging_mixin.py:190} INFO - [2026-07-13T22:19:32.487+0000] {dagbag.py:588} INFO - Filling up the DagBag from /opt/airflow/dags/dag_extract_dvizhenie.py
[2026-07-13T22:19:32.491+0000] {processor.py:925} INFO - DAG(s) 'dag_extract_dvizhenie' retrieved from /opt/airflow/dags/dag_extract_dvizhenie.py
[2026-07-13T22:19:32.501+0000] {logging_mixin.py:190} INFO - [2026-07-13T22:19:32.500+0000] {dag.py:3239} INFO - Sync 1 DAGs
[2026-07-13T22:19:32.512+0000] {processor.py:208} INFO - Processing /opt/airflow/dags/dag_extract_dvizhenie.py took 0.029 seconds
[2026-07-13T22:36:47.966+0000] {processor.py:186} INFO - Started process (PID=72824) to work on /opt/airflow/dags/dag_extract_dvizhenie.py
[2026-07-13T22:36:47.966+0000] {processor.py:914} INFO - Processing file /opt/airflow/dags/dag_extract_dvizhenie.py for tasks to queue
[2026-07-13T22:36:47.967+0000] {logging_mixin.py:190} INFO - [2026-07-13T22:36:47.967+0000] {dagbag.py:588} INFO - Filling up the DagBag from /opt/airflow/dags/dag_extract_dvizhenie.py
[2026-07-13T22:36:47.974+0000] {processor.py:925} INFO - DAG(s) 'dag_extract_dvizhenie' retrieved from /opt/airflow/dags/dag_extract_dvizhenie.py
[2026-07-13T22:36:47.984+0000] {logging_mixin.py:190} INFO - [2026-07-13T22:36:47.984+0000] {dag.py:3239} INFO - Sync 1 DAGs
[2026-07-13T22:36:47.995+0000] {processor.py:208} INFO - Processing /opt/airflow/dags/dag_extract_dvizhenie.py took 0.033 seconds
[2026-07-13T22:37:21.484+0000] {processor.py:186} INFO - Started process (PID=72868) to work on /opt/airflow/dags/dag_extract_dvizhenie.py
[2026-07-13T22:37:21.485+0000] {processor.py:914} INFO - Processing file /opt/airflow/dags/dag_extract_dvizhenie.py for tasks to queue
[2026-07-13T22:37:21.485+0000] {logging_mixin.py:190} INFO - [2026-07-13T22:37:21.485+0000] {dagbag.py:588} INFO - Filling up the DagBag from /opt/airflow/dags/dag_extract_dvizhenie.py
[2026-07-13T22:37:21.490+0000] {processor.py:925} INFO - DAG(s) 'dag_extract_dvizhenie' retrieved from /opt/airflow/dags/dag_extract_dvizhenie.py
[2026-07-13T22:37:21.501+0000] {logging_mixin.py:190} INFO - [2026-07-13T22:37:21.501+0000] {dag.py:3239} INFO - Sync 1 DAGs
[2026-07-13T22:37:21.512+0000] {processor.py:208} INFO - Processing /opt/airflow/dags/dag_extract_dvizhenie.py took 0.030 seconds
[2026-07-13T22:37:57.884+0000] {processor.py:186} INFO - Started process (PID=72888) to work on /opt/airflow/dags/dag_extract_dvizhenie.py
[2026-07-13T22:37:57.884+0000] {processor.py:914} INFO - Processing file /opt/airflow/dags/dag_extract_dvizhenie.py for tasks to queue
[2026-07-13T22:37:57.885+0000] {logging_mixin.py:190} INFO - [2026-07-13T22:37:57.885+0000] {dagbag.py:588} INFO - Filling up the DagBag from /opt/airflow/dags/dag_extract_dvizhenie.py
[2026-07-13T22:37:57.889+0000] {processor.py:925} INFO - DAG(s) 'dag_extract_dvizhenie' retrieved from /opt/airflow/dags/dag_extract_dvizhenie.py
[2026-07-13T22:37:57.899+0000] {logging_mixin.py:190} INFO - [2026-07-13T22:37:57.899+0000] {dag.py:3239} INFO - Sync 1 DAGs
[2026-07-13T22:37:57.910+0000] {processor.py:208} INFO - Processing /opt/airflow/dags/dag_extract_dvizhenie.py took 0.029 seconds
[2026-07-13T22:38:28.422+0000] {processor.py:186} INFO - Started process (PID=72908) to work on /opt/airflow/dags/dag_extract_dvizhenie.py
[2026-07-13T22:38:28.422+0000] {processor.py:914} INFO - Processing file /opt/airflow/dags/dag_extract_dvizhenie.py for tasks to queue
[2026-07-13T22:38:28.423+0000] {logging_mixin.py:190} INFO - [2026-07-13T22:38:28.423+0000] {dagbag.py:588} INFO - Filling up the DagBag from /opt/airflow/dags/dag_extract_dvizhenie.py
[2026-07-13T22:38:28.427+0000] {processor.py:925} INFO - DAG(s) 'dag_extract_dvizhenie' retrieved from /opt/airflow/dags/dag_extract_dvizhenie.py
[2026-07-13T22:38:28.437+0000] {logging_mixin.py:190} INFO - [2026-07-13T22:38:28.437+0000] {dag.py:3239} INFO - Sync 1 DAGs
[2026-07-13T22:38:28.448+0000] {processor.py:208} INFO - Processing /opt/airflow/dags/dag_extract_dvizhenie.py took 0.029 seconds
[2026-07-13T22:39:04.945+0000] {processor.py:186} INFO - Started process (PID=72928) to work on /opt/airflow/dags/dag_extract_dvizhenie.py
[2026-07-13T22:39:04.946+0000] {processor.py:914} INFO - Processing file /opt/airflow/dags/dag_extract_dvizhenie.py for tasks to queue
[2026-07-13T22:39:04.947+0000] {logging_mixin.py:190} INFO - [2026-07-13T22:39:04.947+0000] {dagbag.py:588} INFO - Filling up the DagBag from /opt/airflow/dags/dag_extract_dvizhenie.py
[2026-07-13T22:39:04.953+0000] {processor.py:925} INFO - DAG(s) 'dag_extract_dvizhenie' retrieved from /opt/airflow/dags/dag_extract_dvizhenie.py
[2026-07-13T22:39:04.963+0000] {logging_mixin.py:190} INFO - [2026-07-13T22:39:04.963+0000] {dag.py:3239} INFO - Sync 1 DAGs
[2026-07-13T22:39:04.975+0000] {processor.py:208} INFO - Processing /opt/airflow/dags/dag_extract_dvizhenie.py took 0.033 seconds
[2026-07-13T22:39:35.402+0000] {processor.py:186} INFO - Started process (PID=72948) to work on /opt/airflow/dags/dag_extract_dvizhenie.py
[2026-07-13T22:39:35.402+0000] {processor.py:914} INFO - Processing file /opt/airflow/dags/dag_extract_dvizhenie.py for tasks to queue
[2026-07-13T22:39:35.404+0000] {logging_mixin.py:190} INFO - [2026-07-13T22:39:35.403+0000] {dagbag.py:588} INFO - Filling up the DagBag from /opt/airflow/dags/dag_extract_dvizhenie.py
[2026-07-13T22:39:35.409+0000] {processor.py:925} INFO - DAG(s) 'dag_extract_dvizhenie' retrieved from /opt/airflow/dags/dag_extract_dvizhenie.py
[2026-07-13T22:39:35.424+0000] {logging_mixin.py:190} INFO - [2026-07-13T22:39:35.424+0000] {dag.py:3239} INFO - Sync 1 DAGs
[2026-07-13T22:39:35.440+0000] {processor.py:208} INFO - Processing /opt/airflow/dags/dag_extract_dvizhenie.py took 0.041 seconds
[2026-07-13T22:40:11.425+0000] {processor.py:186} INFO - Started process (PID=72968) to work on /opt/airflow/dags/dag_extract_dvizhenie.py
[2026-07-13T22:40:11.425+0000] {processor.py:914} INFO - Processing file /opt/airflow/dags/dag_extract_dvizhenie.py for tasks to queue
[2026-07-13T22:40:11.426+0000] {logging_mixin.py:190} INFO - [2026-07-13T22:40:11.426+0000] {dagbag.py:588} INFO - Filling up the DagBag from /opt/airflow/dags/dag_extract_dvizhenie.py
[2026-07-13T22:40:11.430+0000] {processor.py:925} INFO - DAG(s) 'dag_extract_dvizhenie' retrieved from /opt/airflow/dags/dag_extract_dvizhenie.py
[2026-07-13T22:40:11.440+0000] {logging_mixin.py:190} INFO - [2026-07-13T22:40:11.440+0000] {dag.py:3239} INFO - Sync 1 DAGs
[2026-07-13T22:40:11.451+0000] {processor.py:208} INFO - Processing /opt/airflow/dags/dag_extract_dvizhenie.py took 0.028 seconds
[2026-07-13T22:40:48.487+0000] {processor.py:186} INFO - Started process (PID=72988) to work on /opt/airflow/dags/dag_extract_dvizhenie.py
[2026-07-13T22:40:48.487+0000] {processor.py:914} INFO - Processing file /opt/airflow/dags/dag_extract_dvizhenie.py for tasks to queue
[2026-07-13T22:40:48.488+0000] {logging_mixin.py:190} INFO - [2026-07-13T22:40:48.488+0000] {dagbag.py:588} INFO - Filling up the DagBag from /opt/airflow/dags/dag_extract_dvizhenie.py
[2026-07-13T22:40:48.493+0000] {processor.py:925} INFO - DAG(s) 'dag_extract_dvizhenie' retrieved from /opt/airflow/dags/dag_extract_dvizhenie.py
[2026-07-13T22:40:48.507+0000] {logging_mixin.py:190} INFO - [2026-07-13T22:40:48.507+0000] {dag.py:3239} INFO - Sync 1 DAGs
[2026-07-13T22:40:48.520+0000] {processor.py:208} INFO - Processing /opt/airflow/dags/dag_extract_dvizhenie.py took 0.037 seconds
[2026-07-13T22:41:30.567+0000] {processor.py:186} INFO - Started process (PID=73006) to work on /opt/airflow/dags/dag_extract_dvizhenie.py
[2026-07-13T22:41:30.568+0000] {processor.py:914} INFO - Processing file /opt/airflow/dags/dag_extract_dvizhenie.py for tasks to queue
[2026-07-13T22:41:30.569+0000] {logging_mixin.py:190} INFO - [2026-07-13T22:41:30.569+0000] {dagbag.py:588} INFO - Filling up the DagBag from /opt/airflow/dags/dag_extract_dvizhenie.py
[2026-07-13T22:41:30.574+0000] {processor.py:925} INFO - DAG(s) 'dag_extract_dvizhenie' retrieved from /opt/airflow/dags/dag_extract_dvizhenie.py
[2026-07-13T22:41:30.586+0000] {logging_mixin.py:190} INFO - [2026-07-13T22:41:30.585+0000] {dag.py:3239} INFO - Sync 1 DAGs
[2026-07-13T22:41:30.695+0000] {processor.py:208} INFO - Processing /opt/airflow/dags/dag_extract_dvizhenie.py took 0.130 seconds
[2026-07-13T22:42:01.197+0000] {processor.py:186} INFO - Started process (PID=73028) to work on /opt/airflow/dags/dag_extract_dvizhenie.py
[2026-07-13T22:42:01.197+0000] {processor.py:914} INFO - Processing file /opt/airflow/dags/dag_extract_dvizhenie.py for tasks to queue
[2026-07-13T22:42:01.198+0000] {logging_mixin.py:190} INFO - [2026-07-13T22:42:01.198+0000] {dagbag.py:588} INFO - Filling up the DagBag from /opt/airflow/dags/dag_extract_dvizhenie.py
[2026-07-13T22:42:01.203+0000] {processor.py:925} INFO - DAG(s) 'dag_extract_dvizhenie' retrieved from /opt/airflow/dags/dag_extract_dvizhenie.py
[2026-07-13T22:42:01.213+0000] {logging_mixin.py:190} INFO - [2026-07-13T22:42:01.213+0000] {dag.py:3239} INFO - Sync 1 DAGs
[2026-07-13T22:42:01.224+0000] {processor.py:208} INFO - Processing /opt/airflow/dags/dag_extract_dvizhenie.py took 0.030 seconds
[2026-07-13T22:42:36.684+0000] {processor.py:186} INFO - Started process (PID=73048) to work on /opt/airflow/dags/dag_extract_dvizhenie.py
[2026-07-13T22:42:36.684+0000] {processor.py:914} INFO - Processing file /opt/airflow/dags/dag_extract_dvizhenie.py for tasks to queue
[2026-07-13T22:42:36.685+0000] {logging_mixin.py:190} INFO - [2026-07-13T22:42:36.685+0000] {dagbag.py:588} INFO - Filling up the DagBag from /opt/airflow/dags/dag_extract_dvizhenie.py
[2026-07-13T22:42:36.690+0000] {processor.py:925} INFO - DAG(s) 'dag_extract_dvizhenie' retrieved from /opt/airflow/dags/dag_extract_dvizhenie.py
[2026-07-13T22:42:36.757+0000] {logging_mixin.py:190} INFO - [2026-07-13T22:42:36.757+0000] {dag.py:3239} INFO - Sync 1 DAGs
[2026-07-13T22:42:36.767+0000] {processor.py:208} INFO - Processing /opt/airflow/dags/dag_extract_dvizhenie.py took 0.086 seconds
[2026-07-13T22:43:07.161+0000] {processor.py:186} INFO - Started process (PID=73068) to work on /opt/airflow/dags/dag_extract_dvizhenie.py
[2026-07-13T22:43:07.161+0000] {processor.py:914} INFO - Processing file /opt/airflow/dags/dag_extract_dvizhenie.py for tasks to queue
[2026-07-13T22:43:07.162+0000] {logging_mixin.py:190} INFO - [2026-07-13T22:43:07.162+0000] {dagbag.py:588} INFO - Filling up the DagBag from /opt/airflow/dags/dag_extract_dvizhenie.py
[2026-07-13T22:43:07.166+0000] {processor.py:925} INFO - DAG(s) 'dag_extract_dvizhenie' retrieved from /opt/airflow/dags/dag_extract_dvizhenie.py
[2026-07-13T22:43:07.176+0000] {logging_mixin.py:190} INFO - [2026-07-13T22:43:07.176+0000] {dag.py:3239} INFO - Sync 1 DAGs
[2026-07-13T22:43:07.187+0000] {processor.py:208} INFO - Processing /opt/airflow/dags/dag_extract_dvizhenie.py took 0.029 seconds
[2026-07-13T22:47:21.664+0000] {processor.py:186} INFO - Started process (PID=73092) to work on /opt/airflow/dags/dag_extract_dvizhenie.py
[2026-07-13T22:47:21.665+0000] {processor.py:914} INFO - Processing file /opt/airflow/dags/dag_extract_dvizhenie.py for tasks to queue
[2026-07-13T22:47:21.667+0000] {logging_mixin.py:190} INFO - [2026-07-13T22:47:21.667+0000] {dagbag.py:588} INFO - Filling up the DagBag from /opt/airflow/dags/dag_extract_dvizhenie.py
[2026-07-13T22:47:21.681+0000] {processor.py:925} INFO - DAG(s) 'dag_extract_dvizhenie' retrieved from /opt/airflow/dags/dag_extract_dvizhenie.py
[2026-07-13T22:47:21.700+0000] {logging_mixin.py:190} INFO - [2026-07-13T22:47:21.700+0000] {dag.py:3239} INFO - Sync 1 DAGs
[2026-07-13T22:47:21.729+0000] {processor.py:208} INFO - Processing /opt/airflow/dags/dag_extract_dvizhenie.py took 0.071 seconds
[2026-07-13T23:18:35.079+0000] {processor.py:186} INFO - Started process (PID=73135) to work on /opt/airflow/dags/dag_extract_dvizhenie.py
[2026-07-13T23:18:35.080+0000] {processor.py:914} INFO - Processing file /opt/airflow/dags/dag_extract_dvizhenie.py for tasks to queue
[2026-07-13T23:18:35.081+0000] {logging_mixin.py:190} INFO - [2026-07-13T23:18:35.081+0000] {dagbag.py:588} INFO - Filling up the DagBag from /opt/airflow/dags/dag_extract_dvizhenie.py
[2026-07-13T23:18:35.087+0000] {processor.py:925} INFO - DAG(s) 'dag_extract_dvizhenie' retrieved from /opt/airflow/dags/dag_extract_dvizhenie.py
[2026-07-13T23:18:35.101+0000] {logging_mixin.py:190} INFO - [2026-07-13T23:18:35.101+0000] {dag.py:3239} INFO - Sync 1 DAGs
[2026-07-13T23:18:35.118+0000] {processor.py:208} INFO - Processing /opt/airflow/dags/dag_extract_dvizhenie.py took 0.042 seconds
