[2026-08-10T18:32:49.467+0000] {processor.py:186} INFO - Started process (PID=216) to work on /opt/airflow/dags/dag_extract_putevoy_list.py
[2026-08-10T18:32:49.468+0000] {processor.py:914} INFO - Processing file /opt/airflow/dags/dag_extract_putevoy_list.py for tasks to queue
[2026-08-10T18:32:49.472+0000] {logging_mixin.py:190} INFO - [2026-08-10T18:32:49.472+0000] {dagbag.py:588} INFO - Filling up the DagBag from /opt/airflow/dags/dag_extract_putevoy_list.py
[2026-08-10T18:32:49.487+0000] {processor.py:925} INFO - DAG(s) 'dag_extract_putevoy_list' retrieved from /opt/airflow/dags/dag_extract_putevoy_list.py
[2026-08-10T18:32:49.511+0000] {logging_mixin.py:190} INFO - [2026-08-10T18:32:49.511+0000] {dag.py:3239} INFO - Sync 1 DAGs
[2026-08-10T18:32:49.553+0000] {processor.py:208} INFO - Processing /opt/airflow/dags/dag_extract_putevoy_list.py took 0.088 seconds
[2026-08-10T18:33:20.009+0000] {processor.py:186} INFO - Started process (PID=261) to work on /opt/airflow/dags/dag_extract_putevoy_list.py
[2026-08-10T18:33:20.009+0000] {processor.py:914} INFO - Processing file /opt/airflow/dags/dag_extract_putevoy_list.py for tasks to queue
[2026-08-10T18:33:20.011+0000] {logging_mixin.py:190} INFO - [2026-08-10T18:33:20.011+0000] {dagbag.py:588} INFO - Filling up the DagBag from /opt/airflow/dags/dag_extract_putevoy_list.py
[2026-08-10T18:33:20.021+0000] {processor.py:925} INFO - DAG(s) 'dag_extract_putevoy_list' retrieved from /opt/airflow/dags/dag_extract_putevoy_list.py
[2026-08-10T18:33:20.033+0000] {logging_mixin.py:190} INFO - [2026-08-10T18:33:20.033+0000] {dag.py:3239} INFO - Sync 1 DAGs
[2026-08-10T18:33:20.047+0000] {processor.py:208} INFO - Processing /opt/airflow/dags/dag_extract_putevoy_list.py took 0.041 seconds
[2026-08-10T18:33:50.367+0000] {processor.py:186} INFO - Started process (PID=281) to work on /opt/airflow/dags/dag_extract_putevoy_list.py
[2026-08-10T18:33:50.368+0000] {processor.py:914} INFO - Processing file /opt/airflow/dags/dag_extract_putevoy_list.py for tasks to queue
[2026-08-10T18:33:50.369+0000] {logging_mixin.py:190} INFO - [2026-08-10T18:33:50.369+0000] {dagbag.py:588} INFO - Filling up the DagBag from /opt/airflow/dags/dag_extract_putevoy_list.py
[2026-08-10T18:33:50.375+0000] {processor.py:925} INFO - DAG(s) 'dag_extract_putevoy_list' retrieved from /opt/airflow/dags/dag_extract_putevoy_list.py
[2026-08-10T18:33:50.389+0000] {logging_mixin.py:190} INFO - [2026-08-10T18:33:50.389+0000] {dag.py:3239} INFO - Sync 1 DAGs
[2026-08-10T18:33:50.405+0000] {processor.py:208} INFO - Processing /opt/airflow/dags/dag_extract_putevoy_list.py took 0.042 seconds
[2026-08-10T18:34:20.746+0000] {processor.py:186} INFO - Started process (PID=301) to work on /opt/airflow/dags/dag_extract_putevoy_list.py
[2026-08-10T18:34:20.747+0000] {processor.py:914} INFO - Processing file /opt/airflow/dags/dag_extract_putevoy_list.py for tasks to queue
[2026-08-10T18:34:20.748+0000] {logging_mixin.py:190} INFO - [2026-08-10T18:34:20.748+0000] {dagbag.py:588} INFO - Filling up the DagBag from /opt/airflow/dags/dag_extract_putevoy_list.py
[2026-08-10T18:34:20.761+0000] {processor.py:925} INFO - DAG(s) 'dag_extract_putevoy_list' retrieved from /opt/airflow/dags/dag_extract_putevoy_list.py
[2026-08-10T18:34:20.775+0000] {logging_mixin.py:190} INFO - [2026-08-10T18:34:20.775+0000] {dag.py:3239} INFO - Sync 1 DAGs
[2026-08-10T18:34:20.793+0000] {processor.py:208} INFO - Processing /opt/airflow/dags/dag_extract_putevoy_list.py took 0.052 seconds
[2026-08-10T18:34:51.202+0000] {processor.py:186} INFO - Started process (PID=321) to work on /opt/airflow/dags/dag_extract_putevoy_list.py
[2026-08-10T18:34:51.203+0000] {processor.py:914} INFO - Processing file /opt/airflow/dags/dag_extract_putevoy_list.py for tasks to queue
[2026-08-10T18:34:51.205+0000] {logging_mixin.py:190} INFO - [2026-08-10T18:34:51.204+0000] {dagbag.py:588} INFO - Filling up the DagBag from /opt/airflow/dags/dag_extract_putevoy_list.py
[2026-08-10T18:34:51.211+0000] {processor.py:925} INFO - DAG(s) 'dag_extract_putevoy_list' retrieved from /opt/airflow/dags/dag_extract_putevoy_list.py
[2026-08-10T18:34:51.227+0000] {logging_mixin.py:190} INFO - [2026-08-10T18:34:51.227+0000] {dag.py:3239} INFO - Sync 1 DAGs
[2026-08-10T18:34:51.244+0000] {processor.py:208} INFO - Processing /opt/airflow/dags/dag_extract_putevoy_list.py took 0.046 seconds
[2026-08-10T18:35:21.581+0000] {processor.py:186} INFO - Started process (PID=341) to work on /opt/airflow/dags/dag_extract_putevoy_list.py
[2026-08-10T18:35:21.584+0000] {processor.py:914} INFO - Processing file /opt/airflow/dags/dag_extract_putevoy_list.py for tasks to queue
[2026-08-10T18:35:21.586+0000] {logging_mixin.py:190} INFO - [2026-08-10T18:35:21.586+0000] {dagbag.py:588} INFO - Filling up the DagBag from /opt/airflow/dags/dag_extract_putevoy_list.py
[2026-08-10T18:35:21.598+0000] {processor.py:925} INFO - DAG(s) 'dag_extract_putevoy_list' retrieved from /opt/airflow/dags/dag_extract_putevoy_list.py
[2026-08-10T18:35:21.618+0000] {logging_mixin.py:190} INFO - [2026-08-10T18:35:21.617+0000] {dag.py:3239} INFO - Sync 1 DAGs
[2026-08-10T18:35:21.634+0000] {processor.py:208} INFO - Processing /opt/airflow/dags/dag_extract_putevoy_list.py took 0.058 seconds
[2026-08-10T18:35:51.999+0000] {processor.py:186} INFO - Started process (PID=361) to work on /opt/airflow/dags/dag_extract_putevoy_list.py
[2026-08-10T18:35:52.000+0000] {processor.py:914} INFO - Processing file /opt/airflow/dags/dag_extract_putevoy_list.py for tasks to queue
[2026-08-10T18:35:52.001+0000] {logging_mixin.py:190} INFO - [2026-08-10T18:35:52.001+0000] {dagbag.py:588} INFO - Filling up the DagBag from /opt/airflow/dags/dag_extract_putevoy_list.py
[2026-08-10T18:35:52.012+0000] {processor.py:925} INFO - DAG(s) 'dag_extract_putevoy_list' retrieved from /opt/airflow/dags/dag_extract_putevoy_list.py
[2026-08-10T18:35:52.028+0000] {logging_mixin.py:190} INFO - [2026-08-10T18:35:52.028+0000] {dag.py:3239} INFO - Sync 1 DAGs
[2026-08-10T18:35:52.045+0000] {processor.py:208} INFO - Processing /opt/airflow/dags/dag_extract_putevoy_list.py took 0.051 seconds
[2026-08-10T18:36:22.413+0000] {processor.py:186} INFO - Started process (PID=381) to work on /opt/airflow/dags/dag_extract_putevoy_list.py
[2026-08-10T18:36:22.416+0000] {processor.py:914} INFO - Processing file /opt/airflow/dags/dag_extract_putevoy_list.py for tasks to queue
[2026-08-10T18:36:22.417+0000] {logging_mixin.py:190} INFO - [2026-08-10T18:36:22.417+0000] {dagbag.py:588} INFO - Filling up the DagBag from /opt/airflow/dags/dag_extract_putevoy_list.py
[2026-08-10T18:36:22.425+0000] {processor.py:925} INFO - DAG(s) 'dag_extract_putevoy_list' retrieved from /opt/airflow/dags/dag_extract_putevoy_list.py
[2026-08-10T18:36:22.440+0000] {logging_mixin.py:190} INFO - [2026-08-10T18:36:22.440+0000] {dag.py:3239} INFO - Sync 1 DAGs
[2026-08-10T18:36:22.455+0000] {processor.py:208} INFO - Processing /opt/airflow/dags/dag_extract_putevoy_list.py took 0.046 seconds
[2026-08-10T18:36:52.802+0000] {processor.py:186} INFO - Started process (PID=401) to work on /opt/airflow/dags/dag_extract_putevoy_list.py
[2026-08-10T18:36:52.802+0000] {processor.py:914} INFO - Processing file /opt/airflow/dags/dag_extract_putevoy_list.py for tasks to queue
[2026-08-10T18:36:52.805+0000] {logging_mixin.py:190} INFO - [2026-08-10T18:36:52.805+0000] {dagbag.py:588} INFO - Filling up the DagBag from /opt/airflow/dags/dag_extract_putevoy_list.py
[2026-08-10T18:36:52.812+0000] {processor.py:925} INFO - DAG(s) 'dag_extract_putevoy_list' retrieved from /opt/airflow/dags/dag_extract_putevoy_list.py
[2026-08-10T18:36:52.829+0000] {logging_mixin.py:190} INFO - [2026-08-10T18:36:52.829+0000] {dag.py:3239} INFO - Sync 1 DAGs
[2026-08-10T18:36:52.845+0000] {processor.py:208} INFO - Processing /opt/airflow/dags/dag_extract_putevoy_list.py took 0.046 seconds
[2026-08-10T18:37:23.148+0000] {processor.py:186} INFO - Started process (PID=421) to work on /opt/airflow/dags/dag_extract_putevoy_list.py
[2026-08-10T18:37:23.148+0000] {processor.py:914} INFO - Processing file /opt/airflow/dags/dag_extract_putevoy_list.py for tasks to queue
[2026-08-10T18:37:23.149+0000] {logging_mixin.py:190} INFO - [2026-08-10T18:37:23.149+0000] {dagbag.py:588} INFO - Filling up the DagBag from /opt/airflow/dags/dag_extract_putevoy_list.py
[2026-08-10T18:37:23.157+0000] {processor.py:925} INFO - DAG(s) 'dag_extract_putevoy_list' retrieved from /opt/airflow/dags/dag_extract_putevoy_list.py
[2026-08-10T18:37:23.170+0000] {logging_mixin.py:190} INFO - [2026-08-10T18:37:23.170+0000] {dag.py:3239} INFO - Sync 1 DAGs
[2026-08-10T18:37:23.185+0000] {processor.py:208} INFO - Processing /opt/airflow/dags/dag_extract_putevoy_list.py took 0.040 seconds
[2026-08-10T18:37:53.493+0000] {processor.py:186} INFO - Started process (PID=450) to work on /opt/airflow/dags/dag_extract_putevoy_list.py
[2026-08-10T18:37:53.494+0000] {processor.py:914} INFO - Processing file /opt/airflow/dags/dag_extract_putevoy_list.py for tasks to queue
[2026-08-10T18:37:53.495+0000] {logging_mixin.py:190} INFO - [2026-08-10T18:37:53.495+0000] {dagbag.py:588} INFO - Filling up the DagBag from /opt/airflow/dags/dag_extract_putevoy_list.py
[2026-08-10T18:37:53.505+0000] {processor.py:925} INFO - DAG(s) 'dag_extract_putevoy_list' retrieved from /opt/airflow/dags/dag_extract_putevoy_list.py
[2026-08-10T18:37:53.518+0000] {logging_mixin.py:190} INFO - [2026-08-10T18:37:53.518+0000] {dag.py:3239} INFO - Sync 1 DAGs
[2026-08-10T18:37:53.531+0000] {processor.py:208} INFO - Processing /opt/airflow/dags/dag_extract_putevoy_list.py took 0.042 seconds
[2026-08-10T18:38:23.850+0000] {processor.py:186} INFO - Started process (PID=470) to work on /opt/airflow/dags/dag_extract_putevoy_list.py
[2026-08-10T18:38:23.851+0000] {processor.py:914} INFO - Processing file /opt/airflow/dags/dag_extract_putevoy_list.py for tasks to queue
[2026-08-10T18:38:23.852+0000] {logging_mixin.py:190} INFO - [2026-08-10T18:38:23.852+0000] {dagbag.py:588} INFO - Filling up the DagBag from /opt/airflow/dags/dag_extract_putevoy_list.py
[2026-08-10T18:38:23.865+0000] {processor.py:925} INFO - DAG(s) 'dag_extract_putevoy_list' retrieved from /opt/airflow/dags/dag_extract_putevoy_list.py
[2026-08-10T18:38:23.883+0000] {logging_mixin.py:190} INFO - [2026-08-10T18:38:23.883+0000] {dag.py:3239} INFO - Sync 1 DAGs
[2026-08-10T18:38:23.910+0000] {processor.py:208} INFO - Processing /opt/airflow/dags/dag_extract_putevoy_list.py took 0.063 seconds
[2026-08-10T18:38:54.251+0000] {processor.py:186} INFO - Started process (PID=490) to work on /opt/airflow/dags/dag_extract_putevoy_list.py
[2026-08-10T18:38:54.251+0000] {processor.py:914} INFO - Processing file /opt/airflow/dags/dag_extract_putevoy_list.py for tasks to queue
[2026-08-10T18:38:54.252+0000] {logging_mixin.py:190} INFO - [2026-08-10T18:38:54.252+0000] {dagbag.py:588} INFO - Filling up the DagBag from /opt/airflow/dags/dag_extract_putevoy_list.py
[2026-08-10T18:38:54.261+0000] {processor.py:925} INFO - DAG(s) 'dag_extract_putevoy_list' retrieved from /opt/airflow/dags/dag_extract_putevoy_list.py
[2026-08-10T18:38:54.276+0000] {logging_mixin.py:190} INFO - [2026-08-10T18:38:54.276+0000] {dag.py:3239} INFO - Sync 1 DAGs
[2026-08-10T18:38:54.290+0000] {processor.py:208} INFO - Processing /opt/airflow/dags/dag_extract_putevoy_list.py took 0.042 seconds
[2026-08-10T18:39:24.564+0000] {processor.py:186} INFO - Started process (PID=510) to work on /opt/airflow/dags/dag_extract_putevoy_list.py
[2026-08-10T18:39:24.566+0000] {processor.py:914} INFO - Processing file /opt/airflow/dags/dag_extract_putevoy_list.py for tasks to queue
[2026-08-10T18:39:24.568+0000] {logging_mixin.py:190} INFO - [2026-08-10T18:39:24.568+0000] {dagbag.py:588} INFO - Filling up the DagBag from /opt/airflow/dags/dag_extract_putevoy_list.py
[2026-08-10T18:39:24.573+0000] {processor.py:925} INFO - DAG(s) 'dag_extract_putevoy_list' retrieved from /opt/airflow/dags/dag_extract_putevoy_list.py
[2026-08-10T18:39:24.586+0000] {logging_mixin.py:190} INFO - [2026-08-10T18:39:24.586+0000] {dag.py:3239} INFO - Sync 1 DAGs
[2026-08-10T18:39:24.600+0000] {processor.py:208} INFO - Processing /opt/airflow/dags/dag_extract_putevoy_list.py took 0.039 seconds
[2026-08-10T18:39:54.895+0000] {processor.py:186} INFO - Started process (PID=537) to work on /opt/airflow/dags/dag_extract_putevoy_list.py
[2026-08-10T18:39:54.897+0000] {processor.py:914} INFO - Processing file /opt/airflow/dags/dag_extract_putevoy_list.py for tasks to queue
[2026-08-10T18:39:54.898+0000] {logging_mixin.py:190} INFO - [2026-08-10T18:39:54.898+0000] {dagbag.py:588} INFO - Filling up the DagBag from /opt/airflow/dags/dag_extract_putevoy_list.py
[2026-08-10T18:39:54.906+0000] {processor.py:925} INFO - DAG(s) 'dag_extract_putevoy_list' retrieved from /opt/airflow/dags/dag_extract_putevoy_list.py
[2026-08-10T18:39:54.922+0000] {logging_mixin.py:190} INFO - [2026-08-10T18:39:54.922+0000] {dag.py:3239} INFO - Sync 1 DAGs
[2026-08-10T18:39:54.938+0000] {processor.py:208} INFO - Processing /opt/airflow/dags/dag_extract_putevoy_list.py took 0.047 seconds
[2026-08-10T18:40:25.244+0000] {processor.py:186} INFO - Started process (PID=557) to work on /opt/airflow/dags/dag_extract_putevoy_list.py
[2026-08-10T18:40:25.245+0000] {processor.py:914} INFO - Processing file /opt/airflow/dags/dag_extract_putevoy_list.py for tasks to queue
[2026-08-10T18:40:25.246+0000] {logging_mixin.py:190} INFO - [2026-08-10T18:40:25.246+0000] {dagbag.py:588} INFO - Filling up the DagBag from /opt/airflow/dags/dag_extract_putevoy_list.py
[2026-08-10T18:40:25.253+0000] {processor.py:925} INFO - DAG(s) 'dag_extract_putevoy_list' retrieved from /opt/airflow/dags/dag_extract_putevoy_list.py
[2026-08-10T18:40:25.266+0000] {logging_mixin.py:190} INFO - [2026-08-10T18:40:25.266+0000] {dag.py:3239} INFO - Sync 1 DAGs
[2026-08-10T18:40:25.280+0000] {processor.py:208} INFO - Processing /opt/airflow/dags/dag_extract_putevoy_list.py took 0.039 seconds
[2026-08-10T18:40:55.611+0000] {processor.py:186} INFO - Started process (PID=577) to work on /opt/airflow/dags/dag_extract_putevoy_list.py
[2026-08-10T18:40:55.612+0000] {processor.py:914} INFO - Processing file /opt/airflow/dags/dag_extract_putevoy_list.py for tasks to queue
[2026-08-10T18:40:55.613+0000] {logging_mixin.py:190} INFO - [2026-08-10T18:40:55.613+0000] {dagbag.py:588} INFO - Filling up the DagBag from /opt/airflow/dags/dag_extract_putevoy_list.py
[2026-08-10T18:40:55.622+0000] {processor.py:925} INFO - DAG(s) 'dag_extract_putevoy_list' retrieved from /opt/airflow/dags/dag_extract_putevoy_list.py
[2026-08-10T18:40:55.634+0000] {logging_mixin.py:190} INFO - [2026-08-10T18:40:55.634+0000] {dag.py:3239} INFO - Sync 1 DAGs
[2026-08-10T18:40:55.650+0000] {processor.py:208} INFO - Processing /opt/airflow/dags/dag_extract_putevoy_list.py took 0.043 seconds
[2026-08-10T18:41:25.962+0000] {processor.py:186} INFO - Started process (PID=597) to work on /opt/airflow/dags/dag_extract_putevoy_list.py
[2026-08-10T18:41:25.963+0000] {processor.py:914} INFO - Processing file /opt/airflow/dags/dag_extract_putevoy_list.py for tasks to queue
[2026-08-10T18:41:25.965+0000] {logging_mixin.py:190} INFO - [2026-08-10T18:41:25.964+0000] {dagbag.py:588} INFO - Filling up the DagBag from /opt/airflow/dags/dag_extract_putevoy_list.py
[2026-08-10T18:41:25.976+0000] {processor.py:925} INFO - DAG(s) 'dag_extract_putevoy_list' retrieved from /opt/airflow/dags/dag_extract_putevoy_list.py
[2026-08-10T18:41:25.991+0000] {logging_mixin.py:190} INFO - [2026-08-10T18:41:25.991+0000] {dag.py:3239} INFO - Sync 1 DAGs
[2026-08-10T18:41:26.007+0000] {processor.py:208} INFO - Processing /opt/airflow/dags/dag_extract_putevoy_list.py took 0.049 seconds
[2026-08-10T18:41:56.326+0000] {processor.py:186} INFO - Started process (PID=617) to work on /opt/airflow/dags/dag_extract_putevoy_list.py
[2026-08-10T18:41:56.327+0000] {processor.py:914} INFO - Processing file /opt/airflow/dags/dag_extract_putevoy_list.py for tasks to queue
[2026-08-10T18:41:56.329+0000] {logging_mixin.py:190} INFO - [2026-08-10T18:41:56.328+0000] {dagbag.py:588} INFO - Filling up the DagBag from /opt/airflow/dags/dag_extract_putevoy_list.py
[2026-08-10T18:41:56.336+0000] {processor.py:925} INFO - DAG(s) 'dag_extract_putevoy_list' retrieved from /opt/airflow/dags/dag_extract_putevoy_list.py
[2026-08-10T18:41:56.353+0000] {logging_mixin.py:190} INFO - [2026-08-10T18:41:56.352+0000] {dag.py:3239} INFO - Sync 1 DAGs
[2026-08-10T18:41:56.373+0000] {processor.py:208} INFO - Processing /opt/airflow/dags/dag_extract_putevoy_list.py took 0.050 seconds
[2026-08-10T18:42:26.660+0000] {processor.py:186} INFO - Started process (PID=636) to work on /opt/airflow/dags/dag_extract_putevoy_list.py
[2026-08-10T18:42:26.661+0000] {processor.py:914} INFO - Processing file /opt/airflow/dags/dag_extract_putevoy_list.py for tasks to queue
[2026-08-10T18:42:26.663+0000] {logging_mixin.py:190} INFO - [2026-08-10T18:42:26.663+0000] {dagbag.py:588} INFO - Filling up the DagBag from /opt/airflow/dags/dag_extract_putevoy_list.py
[2026-08-10T18:42:26.672+0000] {processor.py:925} INFO - DAG(s) 'dag_extract_putevoy_list' retrieved from /opt/airflow/dags/dag_extract_putevoy_list.py
[2026-08-10T18:42:26.684+0000] {logging_mixin.py:190} INFO - [2026-08-10T18:42:26.684+0000] {dag.py:3239} INFO - Sync 1 DAGs
[2026-08-10T18:42:26.700+0000] {processor.py:208} INFO - Processing /opt/airflow/dags/dag_extract_putevoy_list.py took 0.042 seconds
[2026-08-10T18:42:57.021+0000] {processor.py:186} INFO - Started process (PID=666) to work on /opt/airflow/dags/dag_extract_putevoy_list.py
[2026-08-10T18:42:57.022+0000] {processor.py:914} INFO - Processing file /opt/airflow/dags/dag_extract_putevoy_list.py for tasks to queue
[2026-08-10T18:42:57.024+0000] {logging_mixin.py:190} INFO - [2026-08-10T18:42:57.023+0000] {dagbag.py:588} INFO - Filling up the DagBag from /opt/airflow/dags/dag_extract_putevoy_list.py
[2026-08-10T18:42:57.030+0000] {processor.py:925} INFO - DAG(s) 'dag_extract_putevoy_list' retrieved from /opt/airflow/dags/dag_extract_putevoy_list.py
[2026-08-10T18:42:57.044+0000] {logging_mixin.py:190} INFO - [2026-08-10T18:42:57.044+0000] {dag.py:3239} INFO - Sync 1 DAGs
[2026-08-10T18:42:57.063+0000] {processor.py:208} INFO - Processing /opt/airflow/dags/dag_extract_putevoy_list.py took 0.044 seconds
[2026-08-10T18:43:27.416+0000] {processor.py:186} INFO - Started process (PID=686) to work on /opt/airflow/dags/dag_extract_putevoy_list.py
[2026-08-10T18:43:27.417+0000] {processor.py:914} INFO - Processing file /opt/airflow/dags/dag_extract_putevoy_list.py for tasks to queue
[2026-08-10T18:43:27.418+0000] {logging_mixin.py:190} INFO - [2026-08-10T18:43:27.418+0000] {dagbag.py:588} INFO - Filling up the DagBag from /opt/airflow/dags/dag_extract_putevoy_list.py
[2026-08-10T18:43:27.427+0000] {processor.py:925} INFO - DAG(s) 'dag_extract_putevoy_list' retrieved from /opt/airflow/dags/dag_extract_putevoy_list.py
[2026-08-10T18:43:27.441+0000] {logging_mixin.py:190} INFO - [2026-08-10T18:43:27.441+0000] {dag.py:3239} INFO - Sync 1 DAGs
[2026-08-10T18:43:27.457+0000] {processor.py:208} INFO - Processing /opt/airflow/dags/dag_extract_putevoy_list.py took 0.044 seconds
[2026-08-10T18:43:57.811+0000] {processor.py:186} INFO - Started process (PID=706) to work on /opt/airflow/dags/dag_extract_putevoy_list.py
[2026-08-10T18:43:57.811+0000] {processor.py:914} INFO - Processing file /opt/airflow/dags/dag_extract_putevoy_list.py for tasks to queue
[2026-08-10T18:43:57.813+0000] {logging_mixin.py:190} INFO - [2026-08-10T18:43:57.813+0000] {dagbag.py:588} INFO - Filling up the DagBag from /opt/airflow/dags/dag_extract_putevoy_list.py
[2026-08-10T18:43:57.822+0000] {processor.py:925} INFO - DAG(s) 'dag_extract_putevoy_list' retrieved from /opt/airflow/dags/dag_extract_putevoy_list.py
[2026-08-10T18:43:57.839+0000] {logging_mixin.py:190} INFO - [2026-08-10T18:43:57.839+0000] {dag.py:3239} INFO - Sync 1 DAGs
[2026-08-10T18:43:57.856+0000] {processor.py:208} INFO - Processing /opt/airflow/dags/dag_extract_putevoy_list.py took 0.050 seconds
[2026-08-10T18:44:28.196+0000] {processor.py:186} INFO - Started process (PID=741) to work on /opt/airflow/dags/dag_extract_putevoy_list.py
[2026-08-10T18:44:28.196+0000] {processor.py:914} INFO - Processing file /opt/airflow/dags/dag_extract_putevoy_list.py for tasks to queue
[2026-08-10T18:44:28.198+0000] {logging_mixin.py:190} INFO - [2026-08-10T18:44:28.198+0000] {dagbag.py:588} INFO - Filling up the DagBag from /opt/airflow/dags/dag_extract_putevoy_list.py
[2026-08-10T18:44:28.205+0000] {processor.py:925} INFO - DAG(s) 'dag_extract_putevoy_list' retrieved from /opt/airflow/dags/dag_extract_putevoy_list.py
[2026-08-10T18:44:28.222+0000] {logging_mixin.py:190} INFO - [2026-08-10T18:44:28.222+0000] {dag.py:3239} INFO - Sync 1 DAGs
[2026-08-10T18:44:28.238+0000] {processor.py:208} INFO - Processing /opt/airflow/dags/dag_extract_putevoy_list.py took 0.046 seconds
[2026-08-10T18:44:58.593+0000] {processor.py:186} INFO - Started process (PID=761) to work on /opt/airflow/dags/dag_extract_putevoy_list.py
[2026-08-10T18:44:58.593+0000] {processor.py:914} INFO - Processing file /opt/airflow/dags/dag_extract_putevoy_list.py for tasks to queue
[2026-08-10T18:44:58.595+0000] {logging_mixin.py:190} INFO - [2026-08-10T18:44:58.594+0000] {dagbag.py:588} INFO - Filling up the DagBag from /opt/airflow/dags/dag_extract_putevoy_list.py
[2026-08-10T18:44:58.602+0000] {processor.py:925} INFO - DAG(s) 'dag_extract_putevoy_list' retrieved from /opt/airflow/dags/dag_extract_putevoy_list.py
[2026-08-10T18:44:58.615+0000] {logging_mixin.py:190} INFO - [2026-08-10T18:44:58.615+0000] {dag.py:3239} INFO - Sync 1 DAGs
[2026-08-10T18:44:58.631+0000] {processor.py:208} INFO - Processing /opt/airflow/dags/dag_extract_putevoy_list.py took 0.041 seconds
[2026-08-10T18:45:29.017+0000] {processor.py:186} INFO - Started process (PID=784) to work on /opt/airflow/dags/dag_extract_putevoy_list.py
[2026-08-10T18:45:29.018+0000] {processor.py:914} INFO - Processing file /opt/airflow/dags/dag_extract_putevoy_list.py for tasks to queue
[2026-08-10T18:45:29.019+0000] {logging_mixin.py:190} INFO - [2026-08-10T18:45:29.019+0000] {dagbag.py:588} INFO - Filling up the DagBag from /opt/airflow/dags/dag_extract_putevoy_list.py
[2026-08-10T18:45:29.027+0000] {processor.py:925} INFO - DAG(s) 'dag_extract_putevoy_list' retrieved from /opt/airflow/dags/dag_extract_putevoy_list.py
[2026-08-10T18:45:29.040+0000] {logging_mixin.py:190} INFO - [2026-08-10T18:45:29.040+0000] {dag.py:3239} INFO - Sync 1 DAGs
[2026-08-10T18:45:29.053+0000] {processor.py:208} INFO - Processing /opt/airflow/dags/dag_extract_putevoy_list.py took 0.041 seconds
[2026-08-10T18:45:59.461+0000] {processor.py:186} INFO - Started process (PID=804) to work on /opt/airflow/dags/dag_extract_putevoy_list.py
[2026-08-10T18:45:59.461+0000] {processor.py:914} INFO - Processing file /opt/airflow/dags/dag_extract_putevoy_list.py for tasks to queue
[2026-08-10T18:45:59.463+0000] {logging_mixin.py:190} INFO - [2026-08-10T18:45:59.462+0000] {dagbag.py:588} INFO - Filling up the DagBag from /opt/airflow/dags/dag_extract_putevoy_list.py
[2026-08-10T18:45:59.469+0000] {processor.py:925} INFO - DAG(s) 'dag_extract_putevoy_list' retrieved from /opt/airflow/dags/dag_extract_putevoy_list.py
[2026-08-10T18:45:59.481+0000] {logging_mixin.py:190} INFO - [2026-08-10T18:45:59.481+0000] {dag.py:3239} INFO - Sync 1 DAGs
[2026-08-10T18:45:59.495+0000] {processor.py:208} INFO - Processing /opt/airflow/dags/dag_extract_putevoy_list.py took 0.039 seconds
[2026-08-10T18:46:29.878+0000] {processor.py:186} INFO - Started process (PID=824) to work on /opt/airflow/dags/dag_extract_putevoy_list.py
[2026-08-10T18:46:29.878+0000] {processor.py:914} INFO - Processing file /opt/airflow/dags/dag_extract_putevoy_list.py for tasks to queue
[2026-08-10T18:46:29.879+0000] {logging_mixin.py:190} INFO - [2026-08-10T18:46:29.879+0000] {dagbag.py:588} INFO - Filling up the DagBag from /opt/airflow/dags/dag_extract_putevoy_list.py
[2026-08-10T18:46:29.886+0000] {processor.py:925} INFO - DAG(s) 'dag_extract_putevoy_list' retrieved from /opt/airflow/dags/dag_extract_putevoy_list.py
[2026-08-10T18:46:29.899+0000] {logging_mixin.py:190} INFO - [2026-08-10T18:46:29.899+0000] {dag.py:3239} INFO - Sync 1 DAGs
[2026-08-10T18:46:29.913+0000] {processor.py:208} INFO - Processing /opt/airflow/dags/dag_extract_putevoy_list.py took 0.040 seconds
[2026-08-10T18:47:00.300+0000] {processor.py:186} INFO - Started process (PID=844) to work on /opt/airflow/dags/dag_extract_putevoy_list.py
[2026-08-10T18:47:00.301+0000] {processor.py:914} INFO - Processing file /opt/airflow/dags/dag_extract_putevoy_list.py for tasks to queue
[2026-08-10T18:47:00.304+0000] {logging_mixin.py:190} INFO - [2026-08-10T18:47:00.303+0000] {dagbag.py:588} INFO - Filling up the DagBag from /opt/airflow/dags/dag_extract_putevoy_list.py
[2026-08-10T18:47:00.311+0000] {processor.py:925} INFO - DAG(s) 'dag_extract_putevoy_list' retrieved from /opt/airflow/dags/dag_extract_putevoy_list.py
[2026-08-10T18:47:00.323+0000] {logging_mixin.py:190} INFO - [2026-08-10T18:47:00.323+0000] {dag.py:3239} INFO - Sync 1 DAGs
[2026-08-10T18:47:00.337+0000] {processor.py:208} INFO - Processing /opt/airflow/dags/dag_extract_putevoy_list.py took 0.042 seconds
[2026-08-10T18:47:30.696+0000] {processor.py:186} INFO - Started process (PID=864) to work on /opt/airflow/dags/dag_extract_putevoy_list.py
[2026-08-10T18:47:30.697+0000] {processor.py:914} INFO - Processing file /opt/airflow/dags/dag_extract_putevoy_list.py for tasks to queue
[2026-08-10T18:47:30.700+0000] {logging_mixin.py:190} INFO - [2026-08-10T18:47:30.699+0000] {dagbag.py:588} INFO - Filling up the DagBag from /opt/airflow/dags/dag_extract_putevoy_list.py
[2026-08-10T18:47:30.707+0000] {processor.py:925} INFO - DAG(s) 'dag_extract_putevoy_list' retrieved from /opt/airflow/dags/dag_extract_putevoy_list.py
[2026-08-10T18:47:30.721+0000] {logging_mixin.py:190} INFO - [2026-08-10T18:47:30.721+0000] {dag.py:3239} INFO - Sync 1 DAGs
[2026-08-10T18:47:30.739+0000] {processor.py:208} INFO - Processing /opt/airflow/dags/dag_extract_putevoy_list.py took 0.048 seconds
[2026-08-10T18:48:01.123+0000] {processor.py:186} INFO - Started process (PID=884) to work on /opt/airflow/dags/dag_extract_putevoy_list.py
[2026-08-10T18:48:01.124+0000] {processor.py:914} INFO - Processing file /opt/airflow/dags/dag_extract_putevoy_list.py for tasks to queue
[2026-08-10T18:48:01.126+0000] {logging_mixin.py:190} INFO - [2026-08-10T18:48:01.126+0000] {dagbag.py:588} INFO - Filling up the DagBag from /opt/airflow/dags/dag_extract_putevoy_list.py
[2026-08-10T18:48:01.132+0000] {processor.py:925} INFO - DAG(s) 'dag_extract_putevoy_list' retrieved from /opt/airflow/dags/dag_extract_putevoy_list.py
[2026-08-10T18:48:01.146+0000] {logging_mixin.py:190} INFO - [2026-08-10T18:48:01.146+0000] {dag.py:3239} INFO - Sync 1 DAGs
[2026-08-10T18:48:01.164+0000] {processor.py:208} INFO - Processing /opt/airflow/dags/dag_extract_putevoy_list.py took 0.045 seconds
[2026-08-10T18:48:31.515+0000] {processor.py:186} INFO - Started process (PID=904) to work on /opt/airflow/dags/dag_extract_putevoy_list.py
[2026-08-10T18:48:31.518+0000] {processor.py:914} INFO - Processing file /opt/airflow/dags/dag_extract_putevoy_list.py for tasks to queue
[2026-08-10T18:48:31.519+0000] {logging_mixin.py:190} INFO - [2026-08-10T18:48:31.519+0000] {dagbag.py:588} INFO - Filling up the DagBag from /opt/airflow/dags/dag_extract_putevoy_list.py
[2026-08-10T18:48:31.528+0000] {processor.py:925} INFO - DAG(s) 'dag_extract_putevoy_list' retrieved from /opt/airflow/dags/dag_extract_putevoy_list.py
[2026-08-10T18:48:31.543+0000] {logging_mixin.py:190} INFO - [2026-08-10T18:48:31.542+0000] {dag.py:3239} INFO - Sync 1 DAGs
[2026-08-10T18:48:31.558+0000] {processor.py:208} INFO - Processing /opt/airflow/dags/dag_extract_putevoy_list.py took 0.048 seconds
[2026-08-10T18:49:01.858+0000] {processor.py:186} INFO - Started process (PID=924) to work on /opt/airflow/dags/dag_extract_putevoy_list.py
[2026-08-10T18:49:01.859+0000] {processor.py:914} INFO - Processing file /opt/airflow/dags/dag_extract_putevoy_list.py for tasks to queue
[2026-08-10T18:49:01.860+0000] {logging_mixin.py:190} INFO - [2026-08-10T18:49:01.860+0000] {dagbag.py:588} INFO - Filling up the DagBag from /opt/airflow/dags/dag_extract_putevoy_list.py
[2026-08-10T18:49:01.869+0000] {processor.py:925} INFO - DAG(s) 'dag_extract_putevoy_list' retrieved from /opt/airflow/dags/dag_extract_putevoy_list.py
[2026-08-10T18:49:01.884+0000] {logging_mixin.py:190} INFO - [2026-08-10T18:49:01.883+0000] {dag.py:3239} INFO - Sync 1 DAGs
[2026-08-10T18:49:01.901+0000] {processor.py:208} INFO - Processing /opt/airflow/dags/dag_extract_putevoy_list.py took 0.047 seconds
[2026-08-10T18:49:32.192+0000] {processor.py:186} INFO - Started process (PID=944) to work on /opt/airflow/dags/dag_extract_putevoy_list.py
[2026-08-10T18:49:32.192+0000] {processor.py:914} INFO - Processing file /opt/airflow/dags/dag_extract_putevoy_list.py for tasks to queue
[2026-08-10T18:49:32.193+0000] {logging_mixin.py:190} INFO - [2026-08-10T18:49:32.193+0000] {dagbag.py:588} INFO - Filling up the DagBag from /opt/airflow/dags/dag_extract_putevoy_list.py
[2026-08-10T18:49:32.201+0000] {processor.py:925} INFO - DAG(s) 'dag_extract_putevoy_list' retrieved from /opt/airflow/dags/dag_extract_putevoy_list.py
[2026-08-10T18:49:32.212+0000] {logging_mixin.py:190} INFO - [2026-08-10T18:49:32.212+0000] {dag.py:3239} INFO - Sync 1 DAGs
[2026-08-10T18:49:32.228+0000] {processor.py:208} INFO - Processing /opt/airflow/dags/dag_extract_putevoy_list.py took 0.039 seconds
[2026-08-10T18:50:02.591+0000] {processor.py:186} INFO - Started process (PID=964) to work on /opt/airflow/dags/dag_extract_putevoy_list.py
[2026-08-10T18:50:02.592+0000] {processor.py:914} INFO - Processing file /opt/airflow/dags/dag_extract_putevoy_list.py for tasks to queue
[2026-08-10T18:50:02.594+0000] {logging_mixin.py:190} INFO - [2026-08-10T18:50:02.593+0000] {dagbag.py:588} INFO - Filling up the DagBag from /opt/airflow/dags/dag_extract_putevoy_list.py
[2026-08-10T18:50:02.601+0000] {processor.py:925} INFO - DAG(s) 'dag_extract_putevoy_list' retrieved from /opt/airflow/dags/dag_extract_putevoy_list.py
[2026-08-10T18:50:02.612+0000] {logging_mixin.py:190} INFO - [2026-08-10T18:50:02.612+0000] {dag.py:3239} INFO - Sync 1 DAGs
[2026-08-10T18:50:02.628+0000] {processor.py:208} INFO - Processing /opt/airflow/dags/dag_extract_putevoy_list.py took 0.040 seconds
[2026-08-10T18:50:32.985+0000] {processor.py:186} INFO - Started process (PID=984) to work on /opt/airflow/dags/dag_extract_putevoy_list.py
[2026-08-10T18:50:32.986+0000] {processor.py:914} INFO - Processing file /opt/airflow/dags/dag_extract_putevoy_list.py for tasks to queue
[2026-08-10T18:50:32.987+0000] {logging_mixin.py:190} INFO - [2026-08-10T18:50:32.987+0000] {dagbag.py:588} INFO - Filling up the DagBag from /opt/airflow/dags/dag_extract_putevoy_list.py
[2026-08-10T18:50:32.993+0000] {processor.py:925} INFO - DAG(s) 'dag_extract_putevoy_list' retrieved from /opt/airflow/dags/dag_extract_putevoy_list.py
[2026-08-10T18:50:33.010+0000] {logging_mixin.py:190} INFO - [2026-08-10T18:50:33.010+0000] {dag.py:3239} INFO - Sync 1 DAGs
[2026-08-10T18:50:33.028+0000] {processor.py:208} INFO - Processing /opt/airflow/dags/dag_extract_putevoy_list.py took 0.048 seconds
[2026-08-10T18:51:03.430+0000] {processor.py:186} INFO - Started process (PID=1004) to work on /opt/airflow/dags/dag_extract_putevoy_list.py
[2026-08-10T18:51:03.430+0000] {processor.py:914} INFO - Processing file /opt/airflow/dags/dag_extract_putevoy_list.py for tasks to queue
[2026-08-10T18:51:03.433+0000] {logging_mixin.py:190} INFO - [2026-08-10T18:51:03.433+0000] {dagbag.py:588} INFO - Filling up the DagBag from /opt/airflow/dags/dag_extract_putevoy_list.py
[2026-08-10T18:51:03.444+0000] {processor.py:925} INFO - DAG(s) 'dag_extract_putevoy_list' retrieved from /opt/airflow/dags/dag_extract_putevoy_list.py
[2026-08-10T18:51:03.461+0000] {logging_mixin.py:190} INFO - [2026-08-10T18:51:03.461+0000] {dag.py:3239} INFO - Sync 1 DAGs
[2026-08-10T18:51:03.476+0000] {processor.py:208} INFO - Processing /opt/airflow/dags/dag_extract_putevoy_list.py took 0.050 seconds
[2026-08-10T18:51:33.872+0000] {processor.py:186} INFO - Started process (PID=1024) to work on /opt/airflow/dags/dag_extract_putevoy_list.py
[2026-08-10T18:51:33.873+0000] {processor.py:914} INFO - Processing file /opt/airflow/dags/dag_extract_putevoy_list.py for tasks to queue
[2026-08-10T18:51:33.875+0000] {logging_mixin.py:190} INFO - [2026-08-10T18:51:33.874+0000] {dagbag.py:588} INFO - Filling up the DagBag from /opt/airflow/dags/dag_extract_putevoy_list.py
[2026-08-10T18:51:33.881+0000] {processor.py:925} INFO - DAG(s) 'dag_extract_putevoy_list' retrieved from /opt/airflow/dags/dag_extract_putevoy_list.py
[2026-08-10T18:51:33.896+0000] {logging_mixin.py:190} INFO - [2026-08-10T18:51:33.896+0000] {dag.py:3239} INFO - Sync 1 DAGs
[2026-08-10T18:51:33.911+0000] {processor.py:208} INFO - Processing /opt/airflow/dags/dag_extract_putevoy_list.py took 0.043 seconds
[2026-08-10T18:52:04.348+0000] {processor.py:186} INFO - Started process (PID=1044) to work on /opt/airflow/dags/dag_extract_putevoy_list.py
[2026-08-10T18:52:04.349+0000] {processor.py:914} INFO - Processing file /opt/airflow/dags/dag_extract_putevoy_list.py for tasks to queue
[2026-08-10T18:52:04.350+0000] {logging_mixin.py:190} INFO - [2026-08-10T18:52:04.350+0000] {dagbag.py:588} INFO - Filling up the DagBag from /opt/airflow/dags/dag_extract_putevoy_list.py
[2026-08-10T18:52:04.359+0000] {processor.py:925} INFO - DAG(s) 'dag_extract_putevoy_list' retrieved from /opt/airflow/dags/dag_extract_putevoy_list.py
[2026-08-10T18:52:04.372+0000] {logging_mixin.py:190} INFO - [2026-08-10T18:52:04.372+0000] {dag.py:3239} INFO - Sync 1 DAGs
[2026-08-10T18:52:04.389+0000] {processor.py:208} INFO - Processing /opt/airflow/dags/dag_extract_putevoy_list.py took 0.045 seconds
[2026-08-10T18:52:34.800+0000] {processor.py:186} INFO - Started process (PID=1064) to work on /opt/airflow/dags/dag_extract_putevoy_list.py
[2026-08-10T18:52:34.801+0000] {processor.py:914} INFO - Processing file /opt/airflow/dags/dag_extract_putevoy_list.py for tasks to queue
[2026-08-10T18:52:34.804+0000] {logging_mixin.py:190} INFO - [2026-08-10T18:52:34.804+0000] {dagbag.py:588} INFO - Filling up the DagBag from /opt/airflow/dags/dag_extract_putevoy_list.py
[2026-08-10T18:52:34.810+0000] {processor.py:925} INFO - DAG(s) 'dag_extract_putevoy_list' retrieved from /opt/airflow/dags/dag_extract_putevoy_list.py
[2026-08-10T18:52:34.825+0000] {logging_mixin.py:190} INFO - [2026-08-10T18:52:34.825+0000] {dag.py:3239} INFO - Sync 1 DAGs
[2026-08-10T18:52:34.840+0000] {processor.py:208} INFO - Processing /opt/airflow/dags/dag_extract_putevoy_list.py took 0.045 seconds
[2026-08-10T18:53:05.261+0000] {processor.py:186} INFO - Started process (PID=1084) to work on /opt/airflow/dags/dag_extract_putevoy_list.py
[2026-08-10T18:53:05.262+0000] {processor.py:914} INFO - Processing file /opt/airflow/dags/dag_extract_putevoy_list.py for tasks to queue
[2026-08-10T18:53:05.263+0000] {logging_mixin.py:190} INFO - [2026-08-10T18:53:05.263+0000] {dagbag.py:588} INFO - Filling up the DagBag from /opt/airflow/dags/dag_extract_putevoy_list.py
[2026-08-10T18:53:05.270+0000] {processor.py:925} INFO - DAG(s) 'dag_extract_putevoy_list' retrieved from /opt/airflow/dags/dag_extract_putevoy_list.py
[2026-08-10T18:53:05.284+0000] {logging_mixin.py:190} INFO - [2026-08-10T18:53:05.284+0000] {dag.py:3239} INFO - Sync 1 DAGs
[2026-08-10T18:53:05.298+0000] {processor.py:208} INFO - Processing /opt/airflow/dags/dag_extract_putevoy_list.py took 0.041 seconds
[2026-08-10T18:53:35.720+0000] {processor.py:186} INFO - Started process (PID=1104) to work on /opt/airflow/dags/dag_extract_putevoy_list.py
[2026-08-10T18:53:35.722+0000] {processor.py:914} INFO - Processing file /opt/airflow/dags/dag_extract_putevoy_list.py for tasks to queue
[2026-08-10T18:53:35.724+0000] {logging_mixin.py:190} INFO - [2026-08-10T18:53:35.724+0000] {dagbag.py:588} INFO - Filling up the DagBag from /opt/airflow/dags/dag_extract_putevoy_list.py
[2026-08-10T18:53:35.734+0000] {processor.py:925} INFO - DAG(s) 'dag_extract_putevoy_list' retrieved from /opt/airflow/dags/dag_extract_putevoy_list.py
[2026-08-10T18:53:35.749+0000] {logging_mixin.py:190} INFO - [2026-08-10T18:53:35.749+0000] {dag.py:3239} INFO - Sync 1 DAGs
[2026-08-10T18:53:35.765+0000] {processor.py:208} INFO - Processing /opt/airflow/dags/dag_extract_putevoy_list.py took 0.049 seconds
[2026-08-10T18:54:06.164+0000] {processor.py:186} INFO - Started process (PID=1124) to work on /opt/airflow/dags/dag_extract_putevoy_list.py
[2026-08-10T18:54:06.166+0000] {processor.py:914} INFO - Processing file /opt/airflow/dags/dag_extract_putevoy_list.py for tasks to queue
[2026-08-10T18:54:06.168+0000] {logging_mixin.py:190} INFO - [2026-08-10T18:54:06.167+0000] {dagbag.py:588} INFO - Filling up the DagBag from /opt/airflow/dags/dag_extract_putevoy_list.py
[2026-08-10T18:54:06.174+0000] {processor.py:925} INFO - DAG(s) 'dag_extract_putevoy_list' retrieved from /opt/airflow/dags/dag_extract_putevoy_list.py
[2026-08-10T18:54:06.187+0000] {logging_mixin.py:190} INFO - [2026-08-10T18:54:06.187+0000] {dag.py:3239} INFO - Sync 1 DAGs
[2026-08-10T18:54:06.273+0000] {processor.py:208} INFO - Processing /opt/airflow/dags/dag_extract_putevoy_list.py took 0.112 seconds
[2026-08-10T18:54:36.739+0000] {processor.py:186} INFO - Started process (PID=1144) to work on /opt/airflow/dags/dag_extract_putevoy_list.py
[2026-08-10T18:54:36.739+0000] {processor.py:914} INFO - Processing file /opt/airflow/dags/dag_extract_putevoy_list.py for tasks to queue
[2026-08-10T18:54:36.740+0000] {logging_mixin.py:190} INFO - [2026-08-10T18:54:36.740+0000] {dagbag.py:588} INFO - Filling up the DagBag from /opt/airflow/dags/dag_extract_putevoy_list.py
[2026-08-10T18:54:36.745+0000] {processor.py:925} INFO - DAG(s) 'dag_extract_putevoy_list' retrieved from /opt/airflow/dags/dag_extract_putevoy_list.py
[2026-08-10T18:54:36.763+0000] {logging_mixin.py:190} INFO - [2026-08-10T18:54:36.763+0000] {dag.py:3239} INFO - Sync 1 DAGs
[2026-08-10T18:54:36.777+0000] {processor.py:208} INFO - Processing /opt/airflow/dags/dag_extract_putevoy_list.py took 0.041 seconds
[2026-08-10T18:55:07.212+0000] {processor.py:186} INFO - Started process (PID=1164) to work on /opt/airflow/dags/dag_extract_putevoy_list.py
[2026-08-10T18:55:07.214+0000] {processor.py:914} INFO - Processing file /opt/airflow/dags/dag_extract_putevoy_list.py for tasks to queue
[2026-08-10T18:55:07.215+0000] {logging_mixin.py:190} INFO - [2026-08-10T18:55:07.215+0000] {dagbag.py:588} INFO - Filling up the DagBag from /opt/airflow/dags/dag_extract_putevoy_list.py
[2026-08-10T18:55:07.223+0000] {processor.py:925} INFO - DAG(s) 'dag_extract_putevoy_list' retrieved from /opt/airflow/dags/dag_extract_putevoy_list.py
[2026-08-10T18:55:07.240+0000] {logging_mixin.py:190} INFO - [2026-08-10T18:55:07.239+0000] {dag.py:3239} INFO - Sync 1 DAGs
[2026-08-10T18:55:07.316+0000] {processor.py:208} INFO - Processing /opt/airflow/dags/dag_extract_putevoy_list.py took 0.108 seconds
[2026-08-10T18:55:37.736+0000] {processor.py:186} INFO - Started process (PID=1196) to work on /opt/airflow/dags/dag_extract_putevoy_list.py
[2026-08-10T18:55:37.736+0000] {processor.py:914} INFO - Processing file /opt/airflow/dags/dag_extract_putevoy_list.py for tasks to queue
[2026-08-10T18:55:37.737+0000] {logging_mixin.py:190} INFO - [2026-08-10T18:55:37.737+0000] {dagbag.py:588} INFO - Filling up the DagBag from /opt/airflow/dags/dag_extract_putevoy_list.py
[2026-08-10T18:55:37.743+0000] {processor.py:925} INFO - DAG(s) 'dag_extract_putevoy_list' retrieved from /opt/airflow/dags/dag_extract_putevoy_list.py
[2026-08-10T18:55:37.755+0000] {logging_mixin.py:190} INFO - [2026-08-10T18:55:37.755+0000] {dag.py:3239} INFO - Sync 1 DAGs
[2026-08-10T18:55:37.769+0000] {processor.py:208} INFO - Processing /opt/airflow/dags/dag_extract_putevoy_list.py took 0.036 seconds
[2026-08-10T18:56:08.177+0000] {processor.py:186} INFO - Started process (PID=1216) to work on /opt/airflow/dags/dag_extract_putevoy_list.py
[2026-08-10T18:56:08.178+0000] {processor.py:914} INFO - Processing file /opt/airflow/dags/dag_extract_putevoy_list.py for tasks to queue
[2026-08-10T18:56:08.179+0000] {logging_mixin.py:190} INFO - [2026-08-10T18:56:08.179+0000] {dagbag.py:588} INFO - Filling up the DagBag from /opt/airflow/dags/dag_extract_putevoy_list.py
[2026-08-10T18:56:08.186+0000] {processor.py:925} INFO - DAG(s) 'dag_extract_putevoy_list' retrieved from /opt/airflow/dags/dag_extract_putevoy_list.py
[2026-08-10T18:56:08.199+0000] {logging_mixin.py:190} INFO - [2026-08-10T18:56:08.199+0000] {dag.py:3239} INFO - Sync 1 DAGs
[2026-08-10T18:56:08.213+0000] {processor.py:208} INFO - Processing /opt/airflow/dags/dag_extract_putevoy_list.py took 0.040 seconds
[2026-08-10T18:56:38.711+0000] {processor.py:186} INFO - Started process (PID=1239) to work on /opt/airflow/dags/dag_extract_putevoy_list.py
[2026-08-10T18:56:38.712+0000] {processor.py:914} INFO - Processing file /opt/airflow/dags/dag_extract_putevoy_list.py for tasks to queue
[2026-08-10T18:56:38.713+0000] {logging_mixin.py:190} INFO - [2026-08-10T18:56:38.713+0000] {dagbag.py:588} INFO - Filling up the DagBag from /opt/airflow/dags/dag_extract_putevoy_list.py
[2026-08-10T18:56:38.719+0000] {processor.py:925} INFO - DAG(s) 'dag_extract_putevoy_list' retrieved from /opt/airflow/dags/dag_extract_putevoy_list.py
[2026-08-10T18:56:38.731+0000] {logging_mixin.py:190} INFO - [2026-08-10T18:56:38.731+0000] {dag.py:3239} INFO - Sync 1 DAGs
[2026-08-10T18:56:38.740+0000] {logging_mixin.py:190} INFO - [2026-08-10T18:56:38.740+0000] {dag.py:4180} INFO - Setting next_dagrun for dag_extract_putevoy_list to 2026-08-10 02:00:00+00:00, run_after=2026-08-11 02:00:00+00:00
[2026-08-10T18:56:38.746+0000] {processor.py:208} INFO - Processing /opt/airflow/dags/dag_extract_putevoy_list.py took 0.039 seconds
[2026-08-10T18:57:09.188+0000] {processor.py:186} INFO - Started process (PID=1259) to work on /opt/airflow/dags/dag_extract_putevoy_list.py
[2026-08-10T18:57:09.188+0000] {processor.py:914} INFO - Processing file /opt/airflow/dags/dag_extract_putevoy_list.py for tasks to queue
[2026-08-10T18:57:09.189+0000] {logging_mixin.py:190} INFO - [2026-08-10T18:57:09.189+0000] {dagbag.py:588} INFO - Filling up the DagBag from /opt/airflow/dags/dag_extract_putevoy_list.py
[2026-08-10T18:57:09.196+0000] {processor.py:925} INFO - DAG(s) 'dag_extract_putevoy_list' retrieved from /opt/airflow/dags/dag_extract_putevoy_list.py
[2026-08-10T18:57:09.208+0000] {logging_mixin.py:190} INFO - [2026-08-10T18:57:09.208+0000] {dag.py:3239} INFO - Sync 1 DAGs
[2026-08-10T18:57:09.217+0000] {logging_mixin.py:190} INFO - [2026-08-10T18:57:09.217+0000] {dag.py:4180} INFO - Setting next_dagrun for dag_extract_putevoy_list to 2026-08-10 02:00:00+00:00, run_after=2026-08-11 02:00:00+00:00
[2026-08-10T18:57:09.223+0000] {processor.py:208} INFO - Processing /opt/airflow/dags/dag_extract_putevoy_list.py took 0.039 seconds
[2026-08-10T18:57:39.637+0000] {processor.py:186} INFO - Started process (PID=1279) to work on /opt/airflow/dags/dag_extract_putevoy_list.py
[2026-08-10T18:57:39.637+0000] {processor.py:914} INFO - Processing file /opt/airflow/dags/dag_extract_putevoy_list.py for tasks to queue
[2026-08-10T18:57:39.638+0000] {logging_mixin.py:190} INFO - [2026-08-10T18:57:39.638+0000] {dagbag.py:588} INFO - Filling up the DagBag from /opt/airflow/dags/dag_extract_putevoy_list.py
[2026-08-10T18:57:39.644+0000] {processor.py:925} INFO - DAG(s) 'dag_extract_putevoy_list' retrieved from /opt/airflow/dags/dag_extract_putevoy_list.py
[2026-08-10T18:57:39.656+0000] {logging_mixin.py:190} INFO - [2026-08-10T18:57:39.656+0000] {dag.py:3239} INFO - Sync 1 DAGs
[2026-08-10T18:57:39.664+0000] {logging_mixin.py:190} INFO - [2026-08-10T18:57:39.664+0000] {dag.py:4180} INFO - Setting next_dagrun for dag_extract_putevoy_list to 2026-08-10 02:00:00+00:00, run_after=2026-08-11 02:00:00+00:00
[2026-08-10T18:57:39.670+0000] {processor.py:208} INFO - Processing /opt/airflow/dags/dag_extract_putevoy_list.py took 0.037 seconds
[2026-08-10T18:58:10.158+0000] {processor.py:186} INFO - Started process (PID=1299) to work on /opt/airflow/dags/dag_extract_putevoy_list.py
[2026-08-10T18:58:10.158+0000] {processor.py:914} INFO - Processing file /opt/airflow/dags/dag_extract_putevoy_list.py for tasks to queue
[2026-08-10T18:58:10.160+0000] {logging_mixin.py:190} INFO - [2026-08-10T18:58:10.160+0000] {dagbag.py:588} INFO - Filling up the DagBag from /opt/airflow/dags/dag_extract_putevoy_list.py
[2026-08-10T18:58:10.170+0000] {processor.py:925} INFO - DAG(s) 'dag_extract_putevoy_list' retrieved from /opt/airflow/dags/dag_extract_putevoy_list.py
[2026-08-10T18:58:10.182+0000] {logging_mixin.py:190} INFO - [2026-08-10T18:58:10.182+0000] {dag.py:3239} INFO - Sync 1 DAGs
[2026-08-10T18:58:10.191+0000] {logging_mixin.py:190} INFO - [2026-08-10T18:58:10.191+0000] {dag.py:4180} INFO - Setting next_dagrun for dag_extract_putevoy_list to 2026-08-10 02:00:00+00:00, run_after=2026-08-11 02:00:00+00:00
[2026-08-10T18:58:10.197+0000] {processor.py:208} INFO - Processing /opt/airflow/dags/dag_extract_putevoy_list.py took 0.045 seconds
[2026-08-10T18:58:40.635+0000] {processor.py:186} INFO - Started process (PID=1319) to work on /opt/airflow/dags/dag_extract_putevoy_list.py
[2026-08-10T18:58:40.637+0000] {processor.py:914} INFO - Processing file /opt/airflow/dags/dag_extract_putevoy_list.py for tasks to queue
[2026-08-10T18:58:40.640+0000] {logging_mixin.py:190} INFO - [2026-08-10T18:58:40.640+0000] {dagbag.py:588} INFO - Filling up the DagBag from /opt/airflow/dags/dag_extract_putevoy_list.py
[2026-08-10T18:58:40.647+0000] {processor.py:925} INFO - DAG(s) 'dag_extract_putevoy_list' retrieved from /opt/airflow/dags/dag_extract_putevoy_list.py
[2026-08-10T18:58:40.662+0000] {logging_mixin.py:190} INFO - [2026-08-10T18:58:40.662+0000] {dag.py:3239} INFO - Sync 1 DAGs
[2026-08-10T18:58:40.671+0000] {logging_mixin.py:190} INFO - [2026-08-10T18:58:40.671+0000] {dag.py:4180} INFO - Setting next_dagrun for dag_extract_putevoy_list to 2026-08-10 02:00:00+00:00, run_after=2026-08-11 02:00:00+00:00
[2026-08-10T18:58:40.680+0000] {processor.py:208} INFO - Processing /opt/airflow/dags/dag_extract_putevoy_list.py took 0.049 seconds
[2026-08-10T18:59:11.157+0000] {processor.py:186} INFO - Started process (PID=1339) to work on /opt/airflow/dags/dag_extract_putevoy_list.py
[2026-08-10T18:59:11.159+0000] {processor.py:914} INFO - Processing file /opt/airflow/dags/dag_extract_putevoy_list.py for tasks to queue
[2026-08-10T18:59:11.161+0000] {logging_mixin.py:190} INFO - [2026-08-10T18:59:11.160+0000] {dagbag.py:588} INFO - Filling up the DagBag from /opt/airflow/dags/dag_extract_putevoy_list.py
[2026-08-10T18:59:11.169+0000] {processor.py:925} INFO - DAG(s) 'dag_extract_putevoy_list' retrieved from /opt/airflow/dags/dag_extract_putevoy_list.py
[2026-08-10T18:59:11.181+0000] {logging_mixin.py:190} INFO - [2026-08-10T18:59:11.181+0000] {dag.py:3239} INFO - Sync 1 DAGs
[2026-08-10T18:59:11.189+0000] {logging_mixin.py:190} INFO - [2026-08-10T18:59:11.189+0000] {dag.py:4180} INFO - Setting next_dagrun for dag_extract_putevoy_list to 2026-08-10 02:00:00+00:00, run_after=2026-08-11 02:00:00+00:00
[2026-08-10T18:59:11.198+0000] {processor.py:208} INFO - Processing /opt/airflow/dags/dag_extract_putevoy_list.py took 0.046 seconds
[2026-08-10T18:59:41.625+0000] {processor.py:186} INFO - Started process (PID=1359) to work on /opt/airflow/dags/dag_extract_putevoy_list.py
[2026-08-10T18:59:41.626+0000] {processor.py:914} INFO - Processing file /opt/airflow/dags/dag_extract_putevoy_list.py for tasks to queue
[2026-08-10T18:59:41.629+0000] {logging_mixin.py:190} INFO - [2026-08-10T18:59:41.628+0000] {dagbag.py:588} INFO - Filling up the DagBag from /opt/airflow/dags/dag_extract_putevoy_list.py
[2026-08-10T18:59:41.636+0000] {processor.py:925} INFO - DAG(s) 'dag_extract_putevoy_list' retrieved from /opt/airflow/dags/dag_extract_putevoy_list.py
[2026-08-10T18:59:41.650+0000] {logging_mixin.py:190} INFO - [2026-08-10T18:59:41.650+0000] {dag.py:3239} INFO - Sync 1 DAGs
[2026-08-10T18:59:41.660+0000] {logging_mixin.py:190} INFO - [2026-08-10T18:59:41.660+0000] {dag.py:4180} INFO - Setting next_dagrun for dag_extract_putevoy_list to 2026-08-10 02:00:00+00:00, run_after=2026-08-11 02:00:00+00:00
[2026-08-10T18:59:41.670+0000] {processor.py:208} INFO - Processing /opt/airflow/dags/dag_extract_putevoy_list.py took 0.049 seconds
[2026-08-10T19:00:12.142+0000] {processor.py:186} INFO - Started process (PID=1379) to work on /opt/airflow/dags/dag_extract_putevoy_list.py
[2026-08-10T19:00:12.143+0000] {processor.py:914} INFO - Processing file /opt/airflow/dags/dag_extract_putevoy_list.py for tasks to queue
[2026-08-10T19:00:12.145+0000] {logging_mixin.py:190} INFO - [2026-08-10T19:00:12.144+0000] {dagbag.py:588} INFO - Filling up the DagBag from /opt/airflow/dags/dag_extract_putevoy_list.py
[2026-08-10T19:00:12.153+0000] {processor.py:925} INFO - DAG(s) 'dag_extract_putevoy_list' retrieved from /opt/airflow/dags/dag_extract_putevoy_list.py
[2026-08-10T19:00:12.165+0000] {logging_mixin.py:190} INFO - [2026-08-10T19:00:12.165+0000] {dag.py:3239} INFO - Sync 1 DAGs
[2026-08-10T19:00:12.173+0000] {logging_mixin.py:190} INFO - [2026-08-10T19:00:12.173+0000] {dag.py:4180} INFO - Setting next_dagrun for dag_extract_putevoy_list to 2026-08-10 02:00:00+00:00, run_after=2026-08-11 02:00:00+00:00
[2026-08-10T19:00:12.180+0000] {processor.py:208} INFO - Processing /opt/airflow/dags/dag_extract_putevoy_list.py took 0.042 seconds
[2026-08-10T19:00:42.634+0000] {processor.py:186} INFO - Started process (PID=1399) to work on /opt/airflow/dags/dag_extract_putevoy_list.py
[2026-08-10T19:00:42.634+0000] {processor.py:914} INFO - Processing file /opt/airflow/dags/dag_extract_putevoy_list.py for tasks to queue
[2026-08-10T19:00:42.636+0000] {logging_mixin.py:190} INFO - [2026-08-10T19:00:42.636+0000] {dagbag.py:588} INFO - Filling up the DagBag from /opt/airflow/dags/dag_extract_putevoy_list.py
[2026-08-10T19:00:42.645+0000] {processor.py:925} INFO - DAG(s) 'dag_extract_putevoy_list' retrieved from /opt/airflow/dags/dag_extract_putevoy_list.py
[2026-08-10T19:00:42.661+0000] {logging_mixin.py:190} INFO - [2026-08-10T19:00:42.661+0000] {dag.py:3239} INFO - Sync 1 DAGs
[2026-08-10T19:00:42.669+0000] {logging_mixin.py:190} INFO - [2026-08-10T19:00:42.669+0000] {dag.py:4180} INFO - Setting next_dagrun for dag_extract_putevoy_list to 2026-08-10 02:00:00+00:00, run_after=2026-08-11 02:00:00+00:00
[2026-08-10T19:00:42.678+0000] {processor.py:208} INFO - Processing /opt/airflow/dags/dag_extract_putevoy_list.py took 0.048 seconds
[2026-08-10T19:01:13.066+0000] {processor.py:186} INFO - Started process (PID=1419) to work on /opt/airflow/dags/dag_extract_putevoy_list.py
[2026-08-10T19:01:13.069+0000] {processor.py:914} INFO - Processing file /opt/airflow/dags/dag_extract_putevoy_list.py for tasks to queue
[2026-08-10T19:01:13.070+0000] {logging_mixin.py:190} INFO - [2026-08-10T19:01:13.070+0000] {dagbag.py:588} INFO - Filling up the DagBag from /opt/airflow/dags/dag_extract_putevoy_list.py
[2026-08-10T19:01:13.079+0000] {processor.py:925} INFO - DAG(s) 'dag_extract_putevoy_list' retrieved from /opt/airflow/dags/dag_extract_putevoy_list.py
[2026-08-10T19:01:13.098+0000] {logging_mixin.py:190} INFO - [2026-08-10T19:01:13.098+0000] {dag.py:3239} INFO - Sync 1 DAGs
[2026-08-10T19:01:13.106+0000] {logging_mixin.py:190} INFO - [2026-08-10T19:01:13.106+0000] {dag.py:4180} INFO - Setting next_dagrun for dag_extract_putevoy_list to 2026-08-10 02:00:00+00:00, run_after=2026-08-11 02:00:00+00:00
[2026-08-10T19:01:13.113+0000] {processor.py:208} INFO - Processing /opt/airflow/dags/dag_extract_putevoy_list.py took 0.051 seconds
[2026-08-10T19:01:43.513+0000] {processor.py:186} INFO - Started process (PID=1439) to work on /opt/airflow/dags/dag_extract_putevoy_list.py
[2026-08-10T19:01:43.513+0000] {processor.py:914} INFO - Processing file /opt/airflow/dags/dag_extract_putevoy_list.py for tasks to queue
[2026-08-10T19:01:43.515+0000] {logging_mixin.py:190} INFO - [2026-08-10T19:01:43.515+0000] {dagbag.py:588} INFO - Filling up the DagBag from /opt/airflow/dags/dag_extract_putevoy_list.py
[2026-08-10T19:01:43.526+0000] {processor.py:925} INFO - DAG(s) 'dag_extract_putevoy_list' retrieved from /opt/airflow/dags/dag_extract_putevoy_list.py
[2026-08-10T19:01:43.542+0000] {logging_mixin.py:190} INFO - [2026-08-10T19:01:43.542+0000] {dag.py:3239} INFO - Sync 1 DAGs
[2026-08-10T19:01:43.552+0000] {logging_mixin.py:190} INFO - [2026-08-10T19:01:43.552+0000] {dag.py:4180} INFO - Setting next_dagrun for dag_extract_putevoy_list to 2026-08-10 02:00:00+00:00, run_after=2026-08-11 02:00:00+00:00
[2026-08-10T19:01:43.562+0000] {processor.py:208} INFO - Processing /opt/airflow/dags/dag_extract_putevoy_list.py took 0.054 seconds
[2026-08-10T19:02:14.050+0000] {processor.py:186} INFO - Started process (PID=1459) to work on /opt/airflow/dags/dag_extract_putevoy_list.py
[2026-08-10T19:02:14.051+0000] {processor.py:914} INFO - Processing file /opt/airflow/dags/dag_extract_putevoy_list.py for tasks to queue
[2026-08-10T19:02:14.053+0000] {logging_mixin.py:190} INFO - [2026-08-10T19:02:14.053+0000] {dagbag.py:588} INFO - Filling up the DagBag from /opt/airflow/dags/dag_extract_putevoy_list.py
[2026-08-10T19:02:14.060+0000] {processor.py:925} INFO - DAG(s) 'dag_extract_putevoy_list' retrieved from /opt/airflow/dags/dag_extract_putevoy_list.py
[2026-08-10T19:02:14.074+0000] {logging_mixin.py:190} INFO - [2026-08-10T19:02:14.074+0000] {dag.py:3239} INFO - Sync 1 DAGs
[2026-08-10T19:02:14.083+0000] {logging_mixin.py:190} INFO - [2026-08-10T19:02:14.083+0000] {dag.py:4180} INFO - Setting next_dagrun for dag_extract_putevoy_list to 2026-08-10 02:00:00+00:00, run_after=2026-08-11 02:00:00+00:00
[2026-08-10T19:02:14.091+0000] {processor.py:208} INFO - Processing /opt/airflow/dags/dag_extract_putevoy_list.py took 0.046 seconds
[2026-08-10T19:02:44.485+0000] {processor.py:186} INFO - Started process (PID=1479) to work on /opt/airflow/dags/dag_extract_putevoy_list.py
[2026-08-10T19:02:44.486+0000] {processor.py:914} INFO - Processing file /opt/airflow/dags/dag_extract_putevoy_list.py for tasks to queue
[2026-08-10T19:02:44.488+0000] {logging_mixin.py:190} INFO - [2026-08-10T19:02:44.487+0000] {dagbag.py:588} INFO - Filling up the DagBag from /opt/airflow/dags/dag_extract_putevoy_list.py
[2026-08-10T19:02:44.497+0000] {processor.py:925} INFO - DAG(s) 'dag_extract_putevoy_list' retrieved from /opt/airflow/dags/dag_extract_putevoy_list.py
[2026-08-10T19:02:44.515+0000] {logging_mixin.py:190} INFO - [2026-08-10T19:02:44.515+0000] {dag.py:3239} INFO - Sync 1 DAGs
[2026-08-10T19:02:44.525+0000] {logging_mixin.py:190} INFO - [2026-08-10T19:02:44.524+0000] {dag.py:4180} INFO - Setting next_dagrun for dag_extract_putevoy_list to 2026-08-10 02:00:00+00:00, run_after=2026-08-11 02:00:00+00:00
[2026-08-10T19:02:44.534+0000] {processor.py:208} INFO - Processing /opt/airflow/dags/dag_extract_putevoy_list.py took 0.052 seconds
[2026-08-10T19:03:14.989+0000] {processor.py:186} INFO - Started process (PID=1499) to work on /opt/airflow/dags/dag_extract_putevoy_list.py
[2026-08-10T19:03:14.989+0000] {processor.py:914} INFO - Processing file /opt/airflow/dags/dag_extract_putevoy_list.py for tasks to queue
[2026-08-10T19:03:14.991+0000] {logging_mixin.py:190} INFO - [2026-08-10T19:03:14.991+0000] {dagbag.py:588} INFO - Filling up the DagBag from /opt/airflow/dags/dag_extract_putevoy_list.py
[2026-08-10T19:03:14.997+0000] {processor.py:925} INFO - DAG(s) 'dag_extract_putevoy_list' retrieved from /opt/airflow/dags/dag_extract_putevoy_list.py
[2026-08-10T19:03:15.011+0000] {logging_mixin.py:190} INFO - [2026-08-10T19:03:15.011+0000] {dag.py:3239} INFO - Sync 1 DAGs
[2026-08-10T19:03:15.020+0000] {logging_mixin.py:190} INFO - [2026-08-10T19:03:15.020+0000] {dag.py:4180} INFO - Setting next_dagrun for dag_extract_putevoy_list to 2026-08-10 02:00:00+00:00, run_after=2026-08-11 02:00:00+00:00
[2026-08-10T19:03:15.029+0000] {processor.py:208} INFO - Processing /opt/airflow/dags/dag_extract_putevoy_list.py took 0.045 seconds
[2026-08-10T19:03:45.440+0000] {processor.py:186} INFO - Started process (PID=1519) to work on /opt/airflow/dags/dag_extract_putevoy_list.py
[2026-08-10T19:03:45.440+0000] {processor.py:914} INFO - Processing file /opt/airflow/dags/dag_extract_putevoy_list.py for tasks to queue
[2026-08-10T19:03:45.442+0000] {logging_mixin.py:190} INFO - [2026-08-10T19:03:45.442+0000] {dagbag.py:588} INFO - Filling up the DagBag from /opt/airflow/dags/dag_extract_putevoy_list.py
[2026-08-10T19:03:45.450+0000] {processor.py:925} INFO - DAG(s) 'dag_extract_putevoy_list' retrieved from /opt/airflow/dags/dag_extract_putevoy_list.py
[2026-08-10T19:03:45.464+0000] {logging_mixin.py:190} INFO - [2026-08-10T19:03:45.464+0000] {dag.py:3239} INFO - Sync 1 DAGs
[2026-08-10T19:03:45.474+0000] {logging_mixin.py:190} INFO - [2026-08-10T19:03:45.473+0000] {dag.py:4180} INFO - Setting next_dagrun for dag_extract_putevoy_list to 2026-08-10 02:00:00+00:00, run_after=2026-08-11 02:00:00+00:00
[2026-08-10T19:03:45.482+0000] {processor.py:208} INFO - Processing /opt/airflow/dags/dag_extract_putevoy_list.py took 0.047 seconds
[2026-08-10T19:04:15.945+0000] {processor.py:186} INFO - Started process (PID=1539) to work on /opt/airflow/dags/dag_extract_putevoy_list.py
[2026-08-10T19:04:15.946+0000] {processor.py:914} INFO - Processing file /opt/airflow/dags/dag_extract_putevoy_list.py for tasks to queue
[2026-08-10T19:04:15.948+0000] {logging_mixin.py:190} INFO - [2026-08-10T19:04:15.948+0000] {dagbag.py:588} INFO - Filling up the DagBag from /opt/airflow/dags/dag_extract_putevoy_list.py
[2026-08-10T19:04:15.960+0000] {processor.py:925} INFO - DAG(s) 'dag_extract_putevoy_list' retrieved from /opt/airflow/dags/dag_extract_putevoy_list.py
[2026-08-10T19:04:15.973+0000] {logging_mixin.py:190} INFO - [2026-08-10T19:04:15.973+0000] {dag.py:3239} INFO - Sync 1 DAGs
[2026-08-10T19:04:15.981+0000] {logging_mixin.py:190} INFO - [2026-08-10T19:04:15.981+0000] {dag.py:4180} INFO - Setting next_dagrun for dag_extract_putevoy_list to 2026-08-10 02:00:00+00:00, run_after=2026-08-11 02:00:00+00:00
[2026-08-10T19:04:15.990+0000] {processor.py:208} INFO - Processing /opt/airflow/dags/dag_extract_putevoy_list.py took 0.050 seconds
[2026-08-10T19:04:46.469+0000] {processor.py:186} INFO - Started process (PID=1559) to work on /opt/airflow/dags/dag_extract_putevoy_list.py
[2026-08-10T19:04:46.469+0000] {processor.py:914} INFO - Processing file /opt/airflow/dags/dag_extract_putevoy_list.py for tasks to queue
[2026-08-10T19:04:46.471+0000] {logging_mixin.py:190} INFO - [2026-08-10T19:04:46.471+0000] {dagbag.py:588} INFO - Filling up the DagBag from /opt/airflow/dags/dag_extract_putevoy_list.py
[2026-08-10T19:04:46.480+0000] {processor.py:925} INFO - DAG(s) 'dag_extract_putevoy_list' retrieved from /opt/airflow/dags/dag_extract_putevoy_list.py
[2026-08-10T19:04:46.497+0000] {logging_mixin.py:190} INFO - [2026-08-10T19:04:46.497+0000] {dag.py:3239} INFO - Sync 1 DAGs
[2026-08-10T19:04:46.506+0000] {logging_mixin.py:190} INFO - [2026-08-10T19:04:46.506+0000] {dag.py:4180} INFO - Setting next_dagrun for dag_extract_putevoy_list to 2026-08-10 02:00:00+00:00, run_after=2026-08-11 02:00:00+00:00
[2026-08-10T19:04:46.517+0000] {processor.py:208} INFO - Processing /opt/airflow/dags/dag_extract_putevoy_list.py took 0.053 seconds
[2026-08-10T19:05:16.946+0000] {processor.py:186} INFO - Started process (PID=1579) to work on /opt/airflow/dags/dag_extract_putevoy_list.py
[2026-08-10T19:05:16.946+0000] {processor.py:914} INFO - Processing file /opt/airflow/dags/dag_extract_putevoy_list.py for tasks to queue
[2026-08-10T19:05:16.948+0000] {logging_mixin.py:190} INFO - [2026-08-10T19:05:16.948+0000] {dagbag.py:588} INFO - Filling up the DagBag from /opt/airflow/dags/dag_extract_putevoy_list.py
[2026-08-10T19:05:16.959+0000] {processor.py:925} INFO - DAG(s) 'dag_extract_putevoy_list' retrieved from /opt/airflow/dags/dag_extract_putevoy_list.py
[2026-08-10T19:05:16.973+0000] {logging_mixin.py:190} INFO - [2026-08-10T19:05:16.973+0000] {dag.py:3239} INFO - Sync 1 DAGs
[2026-08-10T19:05:16.982+0000] {logging_mixin.py:190} INFO - [2026-08-10T19:05:16.982+0000] {dag.py:4180} INFO - Setting next_dagrun for dag_extract_putevoy_list to 2026-08-10 02:00:00+00:00, run_after=2026-08-11 02:00:00+00:00
[2026-08-10T19:05:16.991+0000] {processor.py:208} INFO - Processing /opt/airflow/dags/dag_extract_putevoy_list.py took 0.050 seconds
[2026-08-10T19:05:47.417+0000] {processor.py:186} INFO - Started process (PID=1599) to work on /opt/airflow/dags/dag_extract_putevoy_list.py
[2026-08-10T19:05:47.418+0000] {processor.py:914} INFO - Processing file /opt/airflow/dags/dag_extract_putevoy_list.py for tasks to queue
[2026-08-10T19:05:47.419+0000] {logging_mixin.py:190} INFO - [2026-08-10T19:05:47.418+0000] {dagbag.py:588} INFO - Filling up the DagBag from /opt/airflow/dags/dag_extract_putevoy_list.py
[2026-08-10T19:05:47.425+0000] {processor.py:925} INFO - DAG(s) 'dag_extract_putevoy_list' retrieved from /opt/airflow/dags/dag_extract_putevoy_list.py
[2026-08-10T19:05:47.442+0000] {logging_mixin.py:190} INFO - [2026-08-10T19:05:47.442+0000] {dag.py:3239} INFO - Sync 1 DAGs
[2026-08-10T19:05:47.453+0000] {logging_mixin.py:190} INFO - [2026-08-10T19:05:47.452+0000] {dag.py:4180} INFO - Setting next_dagrun for dag_extract_putevoy_list to 2026-08-10 02:00:00+00:00, run_after=2026-08-11 02:00:00+00:00
[2026-08-10T19:05:47.471+0000] {processor.py:208} INFO - Processing /opt/airflow/dags/dag_extract_putevoy_list.py took 0.057 seconds
[2026-08-10T19:06:17.970+0000] {processor.py:186} INFO - Started process (PID=1619) to work on /opt/airflow/dags/dag_extract_putevoy_list.py
[2026-08-10T19:06:17.971+0000] {processor.py:914} INFO - Processing file /opt/airflow/dags/dag_extract_putevoy_list.py for tasks to queue
[2026-08-10T19:06:17.972+0000] {logging_mixin.py:190} INFO - [2026-08-10T19:06:17.972+0000] {dagbag.py:588} INFO - Filling up the DagBag from /opt/airflow/dags/dag_extract_putevoy_list.py
[2026-08-10T19:06:17.982+0000] {processor.py:925} INFO - DAG(s) 'dag_extract_putevoy_list' retrieved from /opt/airflow/dags/dag_extract_putevoy_list.py
[2026-08-10T19:06:17.996+0000] {logging_mixin.py:190} INFO - [2026-08-10T19:06:17.996+0000] {dag.py:3239} INFO - Sync 1 DAGs
[2026-08-10T19:06:18.005+0000] {logging_mixin.py:190} INFO - [2026-08-10T19:06:18.005+0000] {dag.py:4180} INFO - Setting next_dagrun for dag_extract_putevoy_list to 2026-08-10 02:00:00+00:00, run_after=2026-08-11 02:00:00+00:00
[2026-08-10T19:06:18.013+0000] {processor.py:208} INFO - Processing /opt/airflow/dags/dag_extract_putevoy_list.py took 0.048 seconds
[2026-08-10T19:06:48.442+0000] {processor.py:186} INFO - Started process (PID=1639) to work on /opt/airflow/dags/dag_extract_putevoy_list.py
[2026-08-10T19:06:48.443+0000] {processor.py:914} INFO - Processing file /opt/airflow/dags/dag_extract_putevoy_list.py for tasks to queue
[2026-08-10T19:06:48.445+0000] {logging_mixin.py:190} INFO - [2026-08-10T19:06:48.445+0000] {dagbag.py:588} INFO - Filling up the DagBag from /opt/airflow/dags/dag_extract_putevoy_list.py
[2026-08-10T19:06:48.453+0000] {processor.py:925} INFO - DAG(s) 'dag_extract_putevoy_list' retrieved from /opt/airflow/dags/dag_extract_putevoy_list.py
[2026-08-10T19:06:48.466+0000] {logging_mixin.py:190} INFO - [2026-08-10T19:06:48.466+0000] {dag.py:3239} INFO - Sync 1 DAGs
[2026-08-10T19:06:48.476+0000] {logging_mixin.py:190} INFO - [2026-08-10T19:06:48.476+0000] {dag.py:4180} INFO - Setting next_dagrun for dag_extract_putevoy_list to 2026-08-10 02:00:00+00:00, run_after=2026-08-11 02:00:00+00:00
[2026-08-10T19:06:48.484+0000] {processor.py:208} INFO - Processing /opt/airflow/dags/dag_extract_putevoy_list.py took 0.045 seconds
[2026-08-10T19:07:18.919+0000] {processor.py:186} INFO - Started process (PID=1659) to work on /opt/airflow/dags/dag_extract_putevoy_list.py
[2026-08-10T19:07:18.920+0000] {processor.py:914} INFO - Processing file /opt/airflow/dags/dag_extract_putevoy_list.py for tasks to queue
[2026-08-10T19:07:18.922+0000] {logging_mixin.py:190} INFO - [2026-08-10T19:07:18.922+0000] {dagbag.py:588} INFO - Filling up the DagBag from /opt/airflow/dags/dag_extract_putevoy_list.py
[2026-08-10T19:07:18.931+0000] {processor.py:925} INFO - DAG(s) 'dag_extract_putevoy_list' retrieved from /opt/airflow/dags/dag_extract_putevoy_list.py
[2026-08-10T19:07:18.946+0000] {logging_mixin.py:190} INFO - [2026-08-10T19:07:18.946+0000] {dag.py:3239} INFO - Sync 1 DAGs
[2026-08-10T19:07:18.956+0000] {logging_mixin.py:190} INFO - [2026-08-10T19:07:18.956+0000] {dag.py:4180} INFO - Setting next_dagrun for dag_extract_putevoy_list to 2026-08-10 02:00:00+00:00, run_after=2026-08-11 02:00:00+00:00
[2026-08-10T19:07:18.964+0000] {processor.py:208} INFO - Processing /opt/airflow/dags/dag_extract_putevoy_list.py took 0.050 seconds
[2026-08-10T19:07:49.395+0000] {processor.py:186} INFO - Started process (PID=1679) to work on /opt/airflow/dags/dag_extract_putevoy_list.py
[2026-08-10T19:07:49.396+0000] {processor.py:914} INFO - Processing file /opt/airflow/dags/dag_extract_putevoy_list.py for tasks to queue
[2026-08-10T19:07:49.398+0000] {logging_mixin.py:190} INFO - [2026-08-10T19:07:49.398+0000] {dagbag.py:588} INFO - Filling up the DagBag from /opt/airflow/dags/dag_extract_putevoy_list.py
[2026-08-10T19:07:49.407+0000] {processor.py:925} INFO - DAG(s) 'dag_extract_putevoy_list' retrieved from /opt/airflow/dags/dag_extract_putevoy_list.py
[2026-08-10T19:07:49.423+0000] {logging_mixin.py:190} INFO - [2026-08-10T19:07:49.423+0000] {dag.py:3239} INFO - Sync 1 DAGs
[2026-08-10T19:07:49.432+0000] {logging_mixin.py:190} INFO - [2026-08-10T19:07:49.432+0000] {dag.py:4180} INFO - Setting next_dagrun for dag_extract_putevoy_list to 2026-08-10 02:00:00+00:00, run_after=2026-08-11 02:00:00+00:00
[2026-08-10T19:07:49.441+0000] {processor.py:208} INFO - Processing /opt/airflow/dags/dag_extract_putevoy_list.py took 0.049 seconds
[2026-08-10T19:08:19.831+0000] {processor.py:186} INFO - Started process (PID=1702) to work on /opt/airflow/dags/dag_extract_putevoy_list.py
[2026-08-10T19:08:19.832+0000] {processor.py:914} INFO - Processing file /opt/airflow/dags/dag_extract_putevoy_list.py for tasks to queue
[2026-08-10T19:08:19.834+0000] {logging_mixin.py:190} INFO - [2026-08-10T19:08:19.833+0000] {dagbag.py:588} INFO - Filling up the DagBag from /opt/airflow/dags/dag_extract_putevoy_list.py
[2026-08-10T19:08:19.843+0000] {processor.py:925} INFO - DAG(s) 'dag_extract_putevoy_list' retrieved from /opt/airflow/dags/dag_extract_putevoy_list.py
[2026-08-10T19:08:19.855+0000] {logging_mixin.py:190} INFO - [2026-08-10T19:08:19.855+0000] {dag.py:3239} INFO - Sync 1 DAGs
[2026-08-10T19:08:19.864+0000] {logging_mixin.py:190} INFO - [2026-08-10T19:08:19.863+0000] {dag.py:4180} INFO - Setting next_dagrun for dag_extract_putevoy_list to 2026-08-10 02:00:00+00:00, run_after=2026-08-11 02:00:00+00:00
[2026-08-10T19:08:19.873+0000] {processor.py:208} INFO - Processing /opt/airflow/dags/dag_extract_putevoy_list.py took 0.047 seconds
[2026-08-10T19:08:50.220+0000] {processor.py:186} INFO - Started process (PID=1722) to work on /opt/airflow/dags/dag_extract_putevoy_list.py
[2026-08-10T19:08:50.221+0000] {processor.py:914} INFO - Processing file /opt/airflow/dags/dag_extract_putevoy_list.py for tasks to queue
[2026-08-10T19:08:50.222+0000] {logging_mixin.py:190} INFO - [2026-08-10T19:08:50.222+0000] {dagbag.py:588} INFO - Filling up the DagBag from /opt/airflow/dags/dag_extract_putevoy_list.py
[2026-08-10T19:08:50.234+0000] {processor.py:925} INFO - DAG(s) 'dag_extract_putevoy_list' retrieved from /opt/airflow/dags/dag_extract_putevoy_list.py
[2026-08-10T19:08:50.251+0000] {logging_mixin.py:190} INFO - [2026-08-10T19:08:50.251+0000] {dag.py:3239} INFO - Sync 1 DAGs
[2026-08-10T19:08:50.260+0000] {logging_mixin.py:190} INFO - [2026-08-10T19:08:50.260+0000] {dag.py:4180} INFO - Setting next_dagrun for dag_extract_putevoy_list to 2026-08-10 02:00:00+00:00, run_after=2026-08-11 02:00:00+00:00
[2026-08-10T19:08:50.266+0000] {processor.py:208} INFO - Processing /opt/airflow/dags/dag_extract_putevoy_list.py took 0.050 seconds
[2026-08-10T19:09:20.690+0000] {processor.py:186} INFO - Started process (PID=1742) to work on /opt/airflow/dags/dag_extract_putevoy_list.py
[2026-08-10T19:09:20.691+0000] {processor.py:914} INFO - Processing file /opt/airflow/dags/dag_extract_putevoy_list.py for tasks to queue
[2026-08-10T19:09:20.692+0000] {logging_mixin.py:190} INFO - [2026-08-10T19:09:20.692+0000] {dagbag.py:588} INFO - Filling up the DagBag from /opt/airflow/dags/dag_extract_putevoy_list.py
[2026-08-10T19:09:20.699+0000] {processor.py:925} INFO - DAG(s) 'dag_extract_putevoy_list' retrieved from /opt/airflow/dags/dag_extract_putevoy_list.py
[2026-08-10T19:09:20.712+0000] {logging_mixin.py:190} INFO - [2026-08-10T19:09:20.711+0000] {dag.py:3239} INFO - Sync 1 DAGs
[2026-08-10T19:09:20.720+0000] {logging_mixin.py:190} INFO - [2026-08-10T19:09:20.720+0000] {dag.py:4180} INFO - Setting next_dagrun for dag_extract_putevoy_list to 2026-08-10 02:00:00+00:00, run_after=2026-08-11 02:00:00+00:00
[2026-08-10T19:09:20.730+0000] {processor.py:208} INFO - Processing /opt/airflow/dags/dag_extract_putevoy_list.py took 0.045 seconds
[2026-08-10T19:09:51.162+0000] {processor.py:186} INFO - Started process (PID=1762) to work on /opt/airflow/dags/dag_extract_putevoy_list.py
[2026-08-10T19:09:51.163+0000] {processor.py:914} INFO - Processing file /opt/airflow/dags/dag_extract_putevoy_list.py for tasks to queue
[2026-08-10T19:09:51.165+0000] {logging_mixin.py:190} INFO - [2026-08-10T19:09:51.165+0000] {dagbag.py:588} INFO - Filling up the DagBag from /opt/airflow/dags/dag_extract_putevoy_list.py
[2026-08-10T19:09:51.175+0000] {processor.py:925} INFO - DAG(s) 'dag_extract_putevoy_list' retrieved from /opt/airflow/dags/dag_extract_putevoy_list.py
[2026-08-10T19:09:51.189+0000] {logging_mixin.py:190} INFO - [2026-08-10T19:09:51.189+0000] {dag.py:3239} INFO - Sync 1 DAGs
[2026-08-10T19:09:51.198+0000] {logging_mixin.py:190} INFO - [2026-08-10T19:09:51.198+0000] {dag.py:4180} INFO - Setting next_dagrun for dag_extract_putevoy_list to 2026-08-10 02:00:00+00:00, run_after=2026-08-11 02:00:00+00:00
[2026-08-10T19:09:51.207+0000] {processor.py:208} INFO - Processing /opt/airflow/dags/dag_extract_putevoy_list.py took 0.050 seconds
[2026-08-10T19:10:21.647+0000] {processor.py:186} INFO - Started process (PID=1782) to work on /opt/airflow/dags/dag_extract_putevoy_list.py
[2026-08-10T19:10:21.648+0000] {processor.py:914} INFO - Processing file /opt/airflow/dags/dag_extract_putevoy_list.py for tasks to queue
[2026-08-10T19:10:21.649+0000] {logging_mixin.py:190} INFO - [2026-08-10T19:10:21.648+0000] {dagbag.py:588} INFO - Filling up the DagBag from /opt/airflow/dags/dag_extract_putevoy_list.py
[2026-08-10T19:10:21.654+0000] {processor.py:925} INFO - DAG(s) 'dag_extract_putevoy_list' retrieved from /opt/airflow/dags/dag_extract_putevoy_list.py
[2026-08-10T19:10:21.670+0000] {logging_mixin.py:190} INFO - [2026-08-10T19:10:21.670+0000] {dag.py:3239} INFO - Sync 1 DAGs
[2026-08-10T19:10:21.679+0000] {logging_mixin.py:190} INFO - [2026-08-10T19:10:21.679+0000] {dag.py:4180} INFO - Setting next_dagrun for dag_extract_putevoy_list to 2026-08-10 02:00:00+00:00, run_after=2026-08-11 02:00:00+00:00
[2026-08-10T19:10:21.687+0000] {processor.py:208} INFO - Processing /opt/airflow/dags/dag_extract_putevoy_list.py took 0.043 seconds
[2026-08-10T19:10:52.153+0000] {processor.py:186} INFO - Started process (PID=1802) to work on /opt/airflow/dags/dag_extract_putevoy_list.py
[2026-08-10T19:10:52.154+0000] {processor.py:914} INFO - Processing file /opt/airflow/dags/dag_extract_putevoy_list.py for tasks to queue
[2026-08-10T19:10:52.156+0000] {logging_mixin.py:190} INFO - [2026-08-10T19:10:52.156+0000] {dagbag.py:588} INFO - Filling up the DagBag from /opt/airflow/dags/dag_extract_putevoy_list.py
[2026-08-10T19:10:52.165+0000] {processor.py:925} INFO - DAG(s) 'dag_extract_putevoy_list' retrieved from /opt/airflow/dags/dag_extract_putevoy_list.py
[2026-08-10T19:10:52.182+0000] {logging_mixin.py:190} INFO - [2026-08-10T19:10:52.182+0000] {dag.py:3239} INFO - Sync 1 DAGs
[2026-08-10T19:10:52.190+0000] {logging_mixin.py:190} INFO - [2026-08-10T19:10:52.190+0000] {dag.py:4180} INFO - Setting next_dagrun for dag_extract_putevoy_list to 2026-08-10 02:00:00+00:00, run_after=2026-08-11 02:00:00+00:00
[2026-08-10T19:10:52.197+0000] {processor.py:208} INFO - Processing /opt/airflow/dags/dag_extract_putevoy_list.py took 0.050 seconds
[2026-08-10T19:11:22.644+0000] {processor.py:186} INFO - Started process (PID=1822) to work on /opt/airflow/dags/dag_extract_putevoy_list.py
[2026-08-10T19:11:22.646+0000] {processor.py:914} INFO - Processing file /opt/airflow/dags/dag_extract_putevoy_list.py for tasks to queue
[2026-08-10T19:11:22.648+0000] {logging_mixin.py:190} INFO - [2026-08-10T19:11:22.648+0000] {dagbag.py:588} INFO - Filling up the DagBag from /opt/airflow/dags/dag_extract_putevoy_list.py
[2026-08-10T19:11:22.657+0000] {processor.py:925} INFO - DAG(s) 'dag_extract_putevoy_list' retrieved from /opt/airflow/dags/dag_extract_putevoy_list.py
[2026-08-10T19:11:22.669+0000] {logging_mixin.py:190} INFO - [2026-08-10T19:11:22.669+0000] {dag.py:3239} INFO - Sync 1 DAGs
[2026-08-10T19:11:22.677+0000] {logging_mixin.py:190} INFO - [2026-08-10T19:11:22.677+0000] {dag.py:4180} INFO - Setting next_dagrun for dag_extract_putevoy_list to 2026-08-10 02:00:00+00:00, run_after=2026-08-11 02:00:00+00:00
[2026-08-10T19:11:22.683+0000] {processor.py:208} INFO - Processing /opt/airflow/dags/dag_extract_putevoy_list.py took 0.042 seconds
[2026-08-10T19:11:53.089+0000] {processor.py:186} INFO - Started process (PID=1842) to work on /opt/airflow/dags/dag_extract_putevoy_list.py
[2026-08-10T19:11:53.090+0000] {processor.py:914} INFO - Processing file /opt/airflow/dags/dag_extract_putevoy_list.py for tasks to queue
[2026-08-10T19:11:53.093+0000] {logging_mixin.py:190} INFO - [2026-08-10T19:11:53.092+0000] {dagbag.py:588} INFO - Filling up the DagBag from /opt/airflow/dags/dag_extract_putevoy_list.py
[2026-08-10T19:11:53.106+0000] {processor.py:925} INFO - DAG(s) 'dag_extract_putevoy_list' retrieved from /opt/airflow/dags/dag_extract_putevoy_list.py
[2026-08-10T19:11:53.120+0000] {logging_mixin.py:190} INFO - [2026-08-10T19:11:53.120+0000] {dag.py:3239} INFO - Sync 1 DAGs
[2026-08-10T19:11:53.129+0000] {logging_mixin.py:190} INFO - [2026-08-10T19:11:53.128+0000] {dag.py:4180} INFO - Setting next_dagrun for dag_extract_putevoy_list to 2026-08-10 02:00:00+00:00, run_after=2026-08-11 02:00:00+00:00
[2026-08-10T19:11:53.137+0000] {processor.py:208} INFO - Processing /opt/airflow/dags/dag_extract_putevoy_list.py took 0.053 seconds
[2026-08-10T19:12:23.519+0000] {processor.py:186} INFO - Started process (PID=1862) to work on /opt/airflow/dags/dag_extract_putevoy_list.py
[2026-08-10T19:12:23.520+0000] {processor.py:914} INFO - Processing file /opt/airflow/dags/dag_extract_putevoy_list.py for tasks to queue
[2026-08-10T19:12:23.521+0000] {logging_mixin.py:190} INFO - [2026-08-10T19:12:23.521+0000] {dagbag.py:588} INFO - Filling up the DagBag from /opt/airflow/dags/dag_extract_putevoy_list.py
[2026-08-10T19:12:23.530+0000] {processor.py:925} INFO - DAG(s) 'dag_extract_putevoy_list' retrieved from /opt/airflow/dags/dag_extract_putevoy_list.py
[2026-08-10T19:12:23.547+0000] {logging_mixin.py:190} INFO - [2026-08-10T19:12:23.547+0000] {dag.py:3239} INFO - Sync 1 DAGs
[2026-08-10T19:12:23.556+0000] {logging_mixin.py:190} INFO - [2026-08-10T19:12:23.556+0000] {dag.py:4180} INFO - Setting next_dagrun for dag_extract_putevoy_list to 2026-08-10 02:00:00+00:00, run_after=2026-08-11 02:00:00+00:00
[2026-08-10T19:12:23.567+0000] {processor.py:208} INFO - Processing /opt/airflow/dags/dag_extract_putevoy_list.py took 0.053 seconds
[2026-08-10T19:12:54.061+0000] {processor.py:186} INFO - Started process (PID=1882) to work on /opt/airflow/dags/dag_extract_putevoy_list.py
[2026-08-10T19:12:54.062+0000] {processor.py:914} INFO - Processing file /opt/airflow/dags/dag_extract_putevoy_list.py for tasks to queue
[2026-08-10T19:12:54.065+0000] {logging_mixin.py:190} INFO - [2026-08-10T19:12:54.065+0000] {dagbag.py:588} INFO - Filling up the DagBag from /opt/airflow/dags/dag_extract_putevoy_list.py
[2026-08-10T19:12:54.072+0000] {processor.py:925} INFO - DAG(s) 'dag_extract_putevoy_list' retrieved from /opt/airflow/dags/dag_extract_putevoy_list.py
[2026-08-10T19:12:54.085+0000] {logging_mixin.py:190} INFO - [2026-08-10T19:12:54.085+0000] {dag.py:3239} INFO - Sync 1 DAGs
[2026-08-10T19:12:54.094+0000] {logging_mixin.py:190} INFO - [2026-08-10T19:12:54.094+0000] {dag.py:4180} INFO - Setting next_dagrun for dag_extract_putevoy_list to 2026-08-10 02:00:00+00:00, run_after=2026-08-11 02:00:00+00:00
[2026-08-10T19:12:54.102+0000] {processor.py:208} INFO - Processing /opt/airflow/dags/dag_extract_putevoy_list.py took 0.045 seconds
[2026-08-10T19:13:24.544+0000] {processor.py:186} INFO - Started process (PID=1902) to work on /opt/airflow/dags/dag_extract_putevoy_list.py
[2026-08-10T19:13:24.545+0000] {processor.py:914} INFO - Processing file /opt/airflow/dags/dag_extract_putevoy_list.py for tasks to queue
[2026-08-10T19:13:24.547+0000] {logging_mixin.py:190} INFO - [2026-08-10T19:13:24.547+0000] {dagbag.py:588} INFO - Filling up the DagBag from /opt/airflow/dags/dag_extract_putevoy_list.py
[2026-08-10T19:13:24.555+0000] {processor.py:925} INFO - DAG(s) 'dag_extract_putevoy_list' retrieved from /opt/airflow/dags/dag_extract_putevoy_list.py
[2026-08-10T19:13:24.569+0000] {logging_mixin.py:190} INFO - [2026-08-10T19:13:24.569+0000] {dag.py:3239} INFO - Sync 1 DAGs
[2026-08-10T19:13:24.579+0000] {logging_mixin.py:190} INFO - [2026-08-10T19:13:24.578+0000] {dag.py:4180} INFO - Setting next_dagrun for dag_extract_putevoy_list to 2026-08-10 02:00:00+00:00, run_after=2026-08-11 02:00:00+00:00
[2026-08-10T19:13:24.587+0000] {processor.py:208} INFO - Processing /opt/airflow/dags/dag_extract_putevoy_list.py took 0.047 seconds
[2026-08-10T19:13:55.002+0000] {processor.py:186} INFO - Started process (PID=1922) to work on /opt/airflow/dags/dag_extract_putevoy_list.py
[2026-08-10T19:13:55.005+0000] {processor.py:914} INFO - Processing file /opt/airflow/dags/dag_extract_putevoy_list.py for tasks to queue
[2026-08-10T19:13:55.006+0000] {logging_mixin.py:190} INFO - [2026-08-10T19:13:55.006+0000] {dagbag.py:588} INFO - Filling up the DagBag from /opt/airflow/dags/dag_extract_putevoy_list.py
[2026-08-10T19:13:55.014+0000] {processor.py:925} INFO - DAG(s) 'dag_extract_putevoy_list' retrieved from /opt/airflow/dags/dag_extract_putevoy_list.py
[2026-08-10T19:13:55.028+0000] {logging_mixin.py:190} INFO - [2026-08-10T19:13:55.028+0000] {dag.py:3239} INFO - Sync 1 DAGs
[2026-08-10T19:13:55.037+0000] {logging_mixin.py:190} INFO - [2026-08-10T19:13:55.037+0000] {dag.py:4180} INFO - Setting next_dagrun for dag_extract_putevoy_list to 2026-08-10 02:00:00+00:00, run_after=2026-08-11 02:00:00+00:00
[2026-08-10T19:13:55.045+0000] {processor.py:208} INFO - Processing /opt/airflow/dags/dag_extract_putevoy_list.py took 0.047 seconds
[2026-08-10T19:14:25.442+0000] {processor.py:186} INFO - Started process (PID=1942) to work on /opt/airflow/dags/dag_extract_putevoy_list.py
[2026-08-10T19:14:25.443+0000] {processor.py:914} INFO - Processing file /opt/airflow/dags/dag_extract_putevoy_list.py for tasks to queue
[2026-08-10T19:14:25.444+0000] {logging_mixin.py:190} INFO - [2026-08-10T19:14:25.444+0000] {dagbag.py:588} INFO - Filling up the DagBag from /opt/airflow/dags/dag_extract_putevoy_list.py
[2026-08-10T19:14:25.453+0000] {processor.py:925} INFO - DAG(s) 'dag_extract_putevoy_list' retrieved from /opt/airflow/dags/dag_extract_putevoy_list.py
[2026-08-10T19:14:25.465+0000] {logging_mixin.py:190} INFO - [2026-08-10T19:14:25.465+0000] {dag.py:3239} INFO - Sync 1 DAGs
[2026-08-10T19:14:25.475+0000] {logging_mixin.py:190} INFO - [2026-08-10T19:14:25.475+0000] {dag.py:4180} INFO - Setting next_dagrun for dag_extract_putevoy_list to 2026-08-10 02:00:00+00:00, run_after=2026-08-11 02:00:00+00:00
[2026-08-10T19:14:25.483+0000] {processor.py:208} INFO - Processing /opt/airflow/dags/dag_extract_putevoy_list.py took 0.046 seconds
[2026-08-10T19:14:55.879+0000] {processor.py:186} INFO - Started process (PID=1962) to work on /opt/airflow/dags/dag_extract_putevoy_list.py
[2026-08-10T19:14:55.880+0000] {processor.py:914} INFO - Processing file /opt/airflow/dags/dag_extract_putevoy_list.py for tasks to queue
[2026-08-10T19:14:55.881+0000] {logging_mixin.py:190} INFO - [2026-08-10T19:14:55.881+0000] {dagbag.py:588} INFO - Filling up the DagBag from /opt/airflow/dags/dag_extract_putevoy_list.py
[2026-08-10T19:14:55.891+0000] {processor.py:925} INFO - DAG(s) 'dag_extract_putevoy_list' retrieved from /opt/airflow/dags/dag_extract_putevoy_list.py
[2026-08-10T19:14:55.909+0000] {logging_mixin.py:190} INFO - [2026-08-10T19:14:55.909+0000] {dag.py:3239} INFO - Sync 1 DAGs
[2026-08-10T19:14:55.924+0000] {logging_mixin.py:190} INFO - [2026-08-10T19:14:55.924+0000] {dag.py:4180} INFO - Setting next_dagrun for dag_extract_putevoy_list to 2026-08-10 02:00:00+00:00, run_after=2026-08-11 02:00:00+00:00
[2026-08-10T19:14:55.936+0000] {processor.py:208} INFO - Processing /opt/airflow/dags/dag_extract_putevoy_list.py took 0.060 seconds
[2026-08-10T19:15:26.389+0000] {processor.py:186} INFO - Started process (PID=1982) to work on /opt/airflow/dags/dag_extract_putevoy_list.py
[2026-08-10T19:15:26.389+0000] {processor.py:914} INFO - Processing file /opt/airflow/dags/dag_extract_putevoy_list.py for tasks to queue
[2026-08-10T19:15:26.392+0000] {logging_mixin.py:190} INFO - [2026-08-10T19:15:26.392+0000] {dagbag.py:588} INFO - Filling up the DagBag from /opt/airflow/dags/dag_extract_putevoy_list.py
[2026-08-10T19:15:26.399+0000] {processor.py:925} INFO - DAG(s) 'dag_extract_putevoy_list' retrieved from /opt/airflow/dags/dag_extract_putevoy_list.py
[2026-08-10T19:15:26.411+0000] {logging_mixin.py:190} INFO - [2026-08-10T19:15:26.411+0000] {dag.py:3239} INFO - Sync 1 DAGs
[2026-08-10T19:15:26.421+0000] {logging_mixin.py:190} INFO - [2026-08-10T19:15:26.421+0000] {dag.py:4180} INFO - Setting next_dagrun for dag_extract_putevoy_list to 2026-08-10 02:00:00+00:00, run_after=2026-08-11 02:00:00+00:00
[2026-08-10T19:15:26.429+0000] {processor.py:208} INFO - Processing /opt/airflow/dags/dag_extract_putevoy_list.py took 0.045 seconds
[2026-08-10T19:15:56.843+0000] {processor.py:186} INFO - Started process (PID=2002) to work on /opt/airflow/dags/dag_extract_putevoy_list.py
[2026-08-10T19:15:56.845+0000] {processor.py:914} INFO - Processing file /opt/airflow/dags/dag_extract_putevoy_list.py for tasks to queue
[2026-08-10T19:15:56.847+0000] {logging_mixin.py:190} INFO - [2026-08-10T19:15:56.847+0000] {dagbag.py:588} INFO - Filling up the DagBag from /opt/airflow/dags/dag_extract_putevoy_list.py
[2026-08-10T19:15:56.855+0000] {processor.py:925} INFO - DAG(s) 'dag_extract_putevoy_list' retrieved from /opt/airflow/dags/dag_extract_putevoy_list.py
[2026-08-10T19:15:56.866+0000] {logging_mixin.py:190} INFO - [2026-08-10T19:15:56.866+0000] {dag.py:3239} INFO - Sync 1 DAGs
[2026-08-10T19:15:56.875+0000] {logging_mixin.py:190} INFO - [2026-08-10T19:15:56.875+0000] {dag.py:4180} INFO - Setting next_dagrun for dag_extract_putevoy_list to 2026-08-10 02:00:00+00:00, run_after=2026-08-11 02:00:00+00:00
[2026-08-10T19:15:56.884+0000] {processor.py:208} INFO - Processing /opt/airflow/dags/dag_extract_putevoy_list.py took 0.046 seconds
[2026-08-10T19:16:27.250+0000] {processor.py:186} INFO - Started process (PID=2022) to work on /opt/airflow/dags/dag_extract_putevoy_list.py
[2026-08-10T19:16:27.251+0000] {processor.py:914} INFO - Processing file /opt/airflow/dags/dag_extract_putevoy_list.py for tasks to queue
[2026-08-10T19:16:27.252+0000] {logging_mixin.py:190} INFO - [2026-08-10T19:16:27.252+0000] {dagbag.py:588} INFO - Filling up the DagBag from /opt/airflow/dags/dag_extract_putevoy_list.py
[2026-08-10T19:16:27.262+0000] {processor.py:925} INFO - DAG(s) 'dag_extract_putevoy_list' retrieved from /opt/airflow/dags/dag_extract_putevoy_list.py
[2026-08-10T19:16:27.276+0000] {logging_mixin.py:190} INFO - [2026-08-10T19:16:27.276+0000] {dag.py:3239} INFO - Sync 1 DAGs
[2026-08-10T19:16:27.285+0000] {logging_mixin.py:190} INFO - [2026-08-10T19:16:27.285+0000] {dag.py:4180} INFO - Setting next_dagrun for dag_extract_putevoy_list to 2026-08-10 02:00:00+00:00, run_after=2026-08-11 02:00:00+00:00
[2026-08-10T19:16:27.292+0000] {processor.py:208} INFO - Processing /opt/airflow/dags/dag_extract_putevoy_list.py took 0.047 seconds
[2026-08-10T19:16:57.746+0000] {processor.py:186} INFO - Started process (PID=2042) to work on /opt/airflow/dags/dag_extract_putevoy_list.py
[2026-08-10T19:16:57.748+0000] {processor.py:914} INFO - Processing file /opt/airflow/dags/dag_extract_putevoy_list.py for tasks to queue
[2026-08-10T19:16:57.749+0000] {logging_mixin.py:190} INFO - [2026-08-10T19:16:57.749+0000] {dagbag.py:588} INFO - Filling up the DagBag from /opt/airflow/dags/dag_extract_putevoy_list.py
[2026-08-10T19:16:57.755+0000] {processor.py:925} INFO - DAG(s) 'dag_extract_putevoy_list' retrieved from /opt/airflow/dags/dag_extract_putevoy_list.py
[2026-08-10T19:16:57.766+0000] {logging_mixin.py:190} INFO - [2026-08-10T19:16:57.766+0000] {dag.py:3239} INFO - Sync 1 DAGs
[2026-08-10T19:16:57.775+0000] {logging_mixin.py:190} INFO - [2026-08-10T19:16:57.775+0000] {dag.py:4180} INFO - Setting next_dagrun for dag_extract_putevoy_list to 2026-08-10 02:00:00+00:00, run_after=2026-08-11 02:00:00+00:00
[2026-08-10T19:16:57.782+0000] {processor.py:208} INFO - Processing /opt/airflow/dags/dag_extract_putevoy_list.py took 0.039 seconds
[2026-08-10T19:17:28.207+0000] {processor.py:186} INFO - Started process (PID=2062) to work on /opt/airflow/dags/dag_extract_putevoy_list.py
[2026-08-10T19:17:28.208+0000] {processor.py:914} INFO - Processing file /opt/airflow/dags/dag_extract_putevoy_list.py for tasks to queue
[2026-08-10T19:17:28.211+0000] {logging_mixin.py:190} INFO - [2026-08-10T19:17:28.211+0000] {dagbag.py:588} INFO - Filling up the DagBag from /opt/airflow/dags/dag_extract_putevoy_list.py
[2026-08-10T19:17:28.219+0000] {processor.py:925} INFO - DAG(s) 'dag_extract_putevoy_list' retrieved from /opt/airflow/dags/dag_extract_putevoy_list.py
[2026-08-10T19:17:28.232+0000] {logging_mixin.py:190} INFO - [2026-08-10T19:17:28.232+0000] {dag.py:3239} INFO - Sync 1 DAGs
[2026-08-10T19:17:28.241+0000] {logging_mixin.py:190} INFO - [2026-08-10T19:17:28.241+0000] {dag.py:4180} INFO - Setting next_dagrun for dag_extract_putevoy_list to 2026-08-10 02:00:00+00:00, run_after=2026-08-11 02:00:00+00:00
[2026-08-10T19:17:28.248+0000] {processor.py:208} INFO - Processing /opt/airflow/dags/dag_extract_putevoy_list.py took 0.046 seconds
[2026-08-10T19:17:58.669+0000] {processor.py:186} INFO - Started process (PID=2082) to work on /opt/airflow/dags/dag_extract_putevoy_list.py
[2026-08-10T19:17:58.670+0000] {processor.py:914} INFO - Processing file /opt/airflow/dags/dag_extract_putevoy_list.py for tasks to queue
[2026-08-10T19:17:58.672+0000] {logging_mixin.py:190} INFO - [2026-08-10T19:17:58.672+0000] {dagbag.py:588} INFO - Filling up the DagBag from /opt/airflow/dags/dag_extract_putevoy_list.py
[2026-08-10T19:17:58.680+0000] {processor.py:925} INFO - DAG(s) 'dag_extract_putevoy_list' retrieved from /opt/airflow/dags/dag_extract_putevoy_list.py
[2026-08-10T19:17:58.695+0000] {logging_mixin.py:190} INFO - [2026-08-10T19:17:58.695+0000] {dag.py:3239} INFO - Sync 1 DAGs
[2026-08-10T19:17:58.705+0000] {logging_mixin.py:190} INFO - [2026-08-10T19:17:58.705+0000] {dag.py:4180} INFO - Setting next_dagrun for dag_extract_putevoy_list to 2026-08-10 02:00:00+00:00, run_after=2026-08-11 02:00:00+00:00
[2026-08-10T19:17:58.714+0000] {processor.py:208} INFO - Processing /opt/airflow/dags/dag_extract_putevoy_list.py took 0.049 seconds
[2026-08-10T19:18:29.119+0000] {processor.py:186} INFO - Started process (PID=2102) to work on /opt/airflow/dags/dag_extract_putevoy_list.py
[2026-08-10T19:18:29.120+0000] {processor.py:914} INFO - Processing file /opt/airflow/dags/dag_extract_putevoy_list.py for tasks to queue
[2026-08-10T19:18:29.122+0000] {logging_mixin.py:190} INFO - [2026-08-10T19:18:29.121+0000] {dagbag.py:588} INFO - Filling up the DagBag from /opt/airflow/dags/dag_extract_putevoy_list.py
[2026-08-10T19:18:29.131+0000] {processor.py:925} INFO - DAG(s) 'dag_extract_putevoy_list' retrieved from /opt/airflow/dags/dag_extract_putevoy_list.py
[2026-08-10T19:18:29.146+0000] {logging_mixin.py:190} INFO - [2026-08-10T19:18:29.146+0000] {dag.py:3239} INFO - Sync 1 DAGs
[2026-08-10T19:18:29.158+0000] {logging_mixin.py:190} INFO - [2026-08-10T19:18:29.158+0000] {dag.py:4180} INFO - Setting next_dagrun for dag_extract_putevoy_list to 2026-08-10 02:00:00+00:00, run_after=2026-08-11 02:00:00+00:00
[2026-08-10T19:18:29.167+0000] {processor.py:208} INFO - Processing /opt/airflow/dags/dag_extract_putevoy_list.py took 0.053 seconds
[2026-08-10T19:18:59.589+0000] {processor.py:186} INFO - Started process (PID=2122) to work on /opt/airflow/dags/dag_extract_putevoy_list.py
[2026-08-10T19:18:59.590+0000] {processor.py:914} INFO - Processing file /opt/airflow/dags/dag_extract_putevoy_list.py for tasks to queue
[2026-08-10T19:18:59.592+0000] {logging_mixin.py:190} INFO - [2026-08-10T19:18:59.592+0000] {dagbag.py:588} INFO - Filling up the DagBag from /opt/airflow/dags/dag_extract_putevoy_list.py
[2026-08-10T19:18:59.604+0000] {processor.py:925} INFO - DAG(s) 'dag_extract_putevoy_list' retrieved from /opt/airflow/dags/dag_extract_putevoy_list.py
[2026-08-10T19:18:59.620+0000] {logging_mixin.py:190} INFO - [2026-08-10T19:18:59.620+0000] {dag.py:3239} INFO - Sync 1 DAGs
[2026-08-10T19:18:59.629+0000] {logging_mixin.py:190} INFO - [2026-08-10T19:18:59.629+0000] {dag.py:4180} INFO - Setting next_dagrun for dag_extract_putevoy_list to 2026-08-10 02:00:00+00:00, run_after=2026-08-11 02:00:00+00:00
[2026-08-10T19:18:59.638+0000] {processor.py:208} INFO - Processing /opt/airflow/dags/dag_extract_putevoy_list.py took 0.054 seconds
[2026-08-10T19:19:30.019+0000] {processor.py:186} INFO - Started process (PID=2142) to work on /opt/airflow/dags/dag_extract_putevoy_list.py
[2026-08-10T19:19:30.020+0000] {processor.py:914} INFO - Processing file /opt/airflow/dags/dag_extract_putevoy_list.py for tasks to queue
[2026-08-10T19:19:30.022+0000] {logging_mixin.py:190} INFO - [2026-08-10T19:19:30.021+0000] {dagbag.py:588} INFO - Filling up the DagBag from /opt/airflow/dags/dag_extract_putevoy_list.py
[2026-08-10T19:19:30.030+0000] {processor.py:925} INFO - DAG(s) 'dag_extract_putevoy_list' retrieved from /opt/airflow/dags/dag_extract_putevoy_list.py
[2026-08-10T19:19:30.043+0000] {logging_mixin.py:190} INFO - [2026-08-10T19:19:30.043+0000] {dag.py:3239} INFO - Sync 1 DAGs
[2026-08-10T19:19:30.052+0000] {logging_mixin.py:190} INFO - [2026-08-10T19:19:30.052+0000] {dag.py:4180} INFO - Setting next_dagrun for dag_extract_putevoy_list to 2026-08-10 02:00:00+00:00, run_after=2026-08-11 02:00:00+00:00
[2026-08-10T19:19:30.060+0000] {processor.py:208} INFO - Processing /opt/airflow/dags/dag_extract_putevoy_list.py took 0.043 seconds
[2026-08-10T19:20:00.495+0000] {processor.py:186} INFO - Started process (PID=2162) to work on /opt/airflow/dags/dag_extract_putevoy_list.py
[2026-08-10T19:20:00.496+0000] {processor.py:914} INFO - Processing file /opt/airflow/dags/dag_extract_putevoy_list.py for tasks to queue
[2026-08-10T19:20:00.497+0000] {logging_mixin.py:190} INFO - [2026-08-10T19:20:00.497+0000] {dagbag.py:588} INFO - Filling up the DagBag from /opt/airflow/dags/dag_extract_putevoy_list.py
[2026-08-10T19:20:00.505+0000] {processor.py:925} INFO - DAG(s) 'dag_extract_putevoy_list' retrieved from /opt/airflow/dags/dag_extract_putevoy_list.py
[2026-08-10T19:20:00.522+0000] {logging_mixin.py:190} INFO - [2026-08-10T19:20:00.521+0000] {dag.py:3239} INFO - Sync 1 DAGs
[2026-08-10T19:20:00.532+0000] {logging_mixin.py:190} INFO - [2026-08-10T19:20:00.532+0000] {dag.py:4180} INFO - Setting next_dagrun for dag_extract_putevoy_list to 2026-08-10 02:00:00+00:00, run_after=2026-08-11 02:00:00+00:00
[2026-08-10T19:20:00.541+0000] {processor.py:208} INFO - Processing /opt/airflow/dags/dag_extract_putevoy_list.py took 0.050 seconds
[2026-08-10T19:20:31.028+0000] {processor.py:186} INFO - Started process (PID=2182) to work on /opt/airflow/dags/dag_extract_putevoy_list.py
[2026-08-10T19:20:31.029+0000] {processor.py:914} INFO - Processing file /opt/airflow/dags/dag_extract_putevoy_list.py for tasks to queue
[2026-08-10T19:20:31.031+0000] {logging_mixin.py:190} INFO - [2026-08-10T19:20:31.031+0000] {dagbag.py:588} INFO - Filling up the DagBag from /opt/airflow/dags/dag_extract_putevoy_list.py
[2026-08-10T19:20:31.042+0000] {processor.py:925} INFO - DAG(s) 'dag_extract_putevoy_list' retrieved from /opt/airflow/dags/dag_extract_putevoy_list.py
[2026-08-10T19:20:31.054+0000] {logging_mixin.py:190} INFO - [2026-08-10T19:20:31.054+0000] {dag.py:3239} INFO - Sync 1 DAGs
[2026-08-10T19:20:31.064+0000] {logging_mixin.py:190} INFO - [2026-08-10T19:20:31.064+0000] {dag.py:4180} INFO - Setting next_dagrun for dag_extract_putevoy_list to 2026-08-10 02:00:00+00:00, run_after=2026-08-11 02:00:00+00:00
[2026-08-10T19:20:31.073+0000] {processor.py:208} INFO - Processing /opt/airflow/dags/dag_extract_putevoy_list.py took 0.050 seconds
[2026-08-10T19:21:01.531+0000] {processor.py:186} INFO - Started process (PID=2202) to work on /opt/airflow/dags/dag_extract_putevoy_list.py
[2026-08-10T19:21:01.532+0000] {processor.py:914} INFO - Processing file /opt/airflow/dags/dag_extract_putevoy_list.py for tasks to queue
[2026-08-10T19:21:01.534+0000] {logging_mixin.py:190} INFO - [2026-08-10T19:21:01.534+0000] {dagbag.py:588} INFO - Filling up the DagBag from /opt/airflow/dags/dag_extract_putevoy_list.py
[2026-08-10T19:21:01.542+0000] {processor.py:925} INFO - DAG(s) 'dag_extract_putevoy_list' retrieved from /opt/airflow/dags/dag_extract_putevoy_list.py
[2026-08-10T19:21:01.555+0000] {logging_mixin.py:190} INFO - [2026-08-10T19:21:01.555+0000] {dag.py:3239} INFO - Sync 1 DAGs
[2026-08-10T19:21:01.566+0000] {logging_mixin.py:190} INFO - [2026-08-10T19:21:01.566+0000] {dag.py:4180} INFO - Setting next_dagrun for dag_extract_putevoy_list to 2026-08-10 02:00:00+00:00, run_after=2026-08-11 02:00:00+00:00
[2026-08-10T19:21:01.573+0000] {processor.py:208} INFO - Processing /opt/airflow/dags/dag_extract_putevoy_list.py took 0.047 seconds
[2026-08-10T19:21:31.923+0000] {processor.py:186} INFO - Started process (PID=2222) to work on /opt/airflow/dags/dag_extract_putevoy_list.py
[2026-08-10T19:21:31.923+0000] {processor.py:914} INFO - Processing file /opt/airflow/dags/dag_extract_putevoy_list.py for tasks to queue
[2026-08-10T19:21:31.926+0000] {logging_mixin.py:190} INFO - [2026-08-10T19:21:31.926+0000] {dagbag.py:588} INFO - Filling up the DagBag from /opt/airflow/dags/dag_extract_putevoy_list.py
[2026-08-10T19:21:31.934+0000] {processor.py:925} INFO - DAG(s) 'dag_extract_putevoy_list' retrieved from /opt/airflow/dags/dag_extract_putevoy_list.py
[2026-08-10T19:21:31.949+0000] {logging_mixin.py:190} INFO - [2026-08-10T19:21:31.949+0000] {dag.py:3239} INFO - Sync 1 DAGs
[2026-08-10T19:21:31.957+0000] {logging_mixin.py:190} INFO - [2026-08-10T19:21:31.957+0000] {dag.py:4180} INFO - Setting next_dagrun for dag_extract_putevoy_list to 2026-08-10 02:00:00+00:00, run_after=2026-08-11 02:00:00+00:00
[2026-08-10T19:21:31.965+0000] {processor.py:208} INFO - Processing /opt/airflow/dags/dag_extract_putevoy_list.py took 0.046 seconds
[2026-08-10T19:22:02.456+0000] {processor.py:186} INFO - Started process (PID=2242) to work on /opt/airflow/dags/dag_extract_putevoy_list.py
[2026-08-10T19:22:02.457+0000] {processor.py:914} INFO - Processing file /opt/airflow/dags/dag_extract_putevoy_list.py for tasks to queue
[2026-08-10T19:22:02.459+0000] {logging_mixin.py:190} INFO - [2026-08-10T19:22:02.459+0000] {dagbag.py:588} INFO - Filling up the DagBag from /opt/airflow/dags/dag_extract_putevoy_list.py
[2026-08-10T19:22:02.470+0000] {processor.py:925} INFO - DAG(s) 'dag_extract_putevoy_list' retrieved from /opt/airflow/dags/dag_extract_putevoy_list.py
[2026-08-10T19:22:02.482+0000] {logging_mixin.py:190} INFO - [2026-08-10T19:22:02.482+0000] {dag.py:3239} INFO - Sync 1 DAGs
[2026-08-10T19:22:02.491+0000] {logging_mixin.py:190} INFO - [2026-08-10T19:22:02.491+0000] {dag.py:4180} INFO - Setting next_dagrun for dag_extract_putevoy_list to 2026-08-10 02:00:00+00:00, run_after=2026-08-11 02:00:00+00:00
[2026-08-10T19:22:02.499+0000] {processor.py:208} INFO - Processing /opt/airflow/dags/dag_extract_putevoy_list.py took 0.049 seconds
[2026-08-10T19:22:32.929+0000] {processor.py:186} INFO - Started process (PID=2262) to work on /opt/airflow/dags/dag_extract_putevoy_list.py
[2026-08-10T19:22:32.930+0000] {processor.py:914} INFO - Processing file /opt/airflow/dags/dag_extract_putevoy_list.py for tasks to queue
[2026-08-10T19:22:32.932+0000] {logging_mixin.py:190} INFO - [2026-08-10T19:22:32.931+0000] {dagbag.py:588} INFO - Filling up the DagBag from /opt/airflow/dags/dag_extract_putevoy_list.py
[2026-08-10T19:22:32.940+0000] {processor.py:925} INFO - DAG(s) 'dag_extract_putevoy_list' retrieved from /opt/airflow/dags/dag_extract_putevoy_list.py
[2026-08-10T19:22:32.954+0000] {logging_mixin.py:190} INFO - [2026-08-10T19:22:32.954+0000] {dag.py:3239} INFO - Sync 1 DAGs
[2026-08-10T19:22:32.963+0000] {logging_mixin.py:190} INFO - [2026-08-10T19:22:32.963+0000] {dag.py:4180} INFO - Setting next_dagrun for dag_extract_putevoy_list to 2026-08-10 02:00:00+00:00, run_after=2026-08-11 02:00:00+00:00
[2026-08-10T19:22:32.971+0000] {processor.py:208} INFO - Processing /opt/airflow/dags/dag_extract_putevoy_list.py took 0.046 seconds
[2026-08-10T19:23:03.443+0000] {processor.py:186} INFO - Started process (PID=2282) to work on /opt/airflow/dags/dag_extract_putevoy_list.py
[2026-08-10T19:23:03.444+0000] {processor.py:914} INFO - Processing file /opt/airflow/dags/dag_extract_putevoy_list.py for tasks to queue
[2026-08-10T19:23:03.446+0000] {logging_mixin.py:190} INFO - [2026-08-10T19:23:03.446+0000] {dagbag.py:588} INFO - Filling up the DagBag from /opt/airflow/dags/dag_extract_putevoy_list.py
[2026-08-10T19:23:03.455+0000] {processor.py:925} INFO - DAG(s) 'dag_extract_putevoy_list' retrieved from /opt/airflow/dags/dag_extract_putevoy_list.py
[2026-08-10T19:23:03.468+0000] {logging_mixin.py:190} INFO - [2026-08-10T19:23:03.467+0000] {dag.py:3239} INFO - Sync 1 DAGs
[2026-08-10T19:23:03.477+0000] {logging_mixin.py:190} INFO - [2026-08-10T19:23:03.477+0000] {dag.py:4180} INFO - Setting next_dagrun for dag_extract_putevoy_list to 2026-08-10 02:00:00+00:00, run_after=2026-08-11 02:00:00+00:00
[2026-08-10T19:23:03.486+0000] {processor.py:208} INFO - Processing /opt/airflow/dags/dag_extract_putevoy_list.py took 0.047 seconds
[2026-08-10T19:23:33.926+0000] {processor.py:186} INFO - Started process (PID=2302) to work on /opt/airflow/dags/dag_extract_putevoy_list.py
[2026-08-10T19:23:33.928+0000] {processor.py:914} INFO - Processing file /opt/airflow/dags/dag_extract_putevoy_list.py for tasks to queue
[2026-08-10T19:23:33.930+0000] {logging_mixin.py:190} INFO - [2026-08-10T19:23:33.930+0000] {dagbag.py:588} INFO - Filling up the DagBag from /opt/airflow/dags/dag_extract_putevoy_list.py
[2026-08-10T19:23:33.938+0000] {processor.py:925} INFO - DAG(s) 'dag_extract_putevoy_list' retrieved from /opt/airflow/dags/dag_extract_putevoy_list.py
[2026-08-10T19:23:33.951+0000] {logging_mixin.py:190} INFO - [2026-08-10T19:23:33.951+0000] {dag.py:3239} INFO - Sync 1 DAGs
[2026-08-10T19:23:33.960+0000] {logging_mixin.py:190} INFO - [2026-08-10T19:23:33.960+0000] {dag.py:4180} INFO - Setting next_dagrun for dag_extract_putevoy_list to 2026-08-10 02:00:00+00:00, run_after=2026-08-11 02:00:00+00:00
[2026-08-10T19:23:33.967+0000] {processor.py:208} INFO - Processing /opt/airflow/dags/dag_extract_putevoy_list.py took 0.046 seconds
[2026-08-10T19:24:04.398+0000] {processor.py:186} INFO - Started process (PID=2322) to work on /opt/airflow/dags/dag_extract_putevoy_list.py
[2026-08-10T19:24:04.399+0000] {processor.py:914} INFO - Processing file /opt/airflow/dags/dag_extract_putevoy_list.py for tasks to queue
[2026-08-10T19:24:04.401+0000] {logging_mixin.py:190} INFO - [2026-08-10T19:24:04.401+0000] {dagbag.py:588} INFO - Filling up the DagBag from /opt/airflow/dags/dag_extract_putevoy_list.py
[2026-08-10T19:24:04.411+0000] {processor.py:925} INFO - DAG(s) 'dag_extract_putevoy_list' retrieved from /opt/airflow/dags/dag_extract_putevoy_list.py
[2026-08-10T19:24:04.423+0000] {logging_mixin.py:190} INFO - [2026-08-10T19:24:04.423+0000] {dag.py:3239} INFO - Sync 1 DAGs
[2026-08-10T19:24:04.432+0000] {logging_mixin.py:190} INFO - [2026-08-10T19:24:04.431+0000] {dag.py:4180} INFO - Setting next_dagrun for dag_extract_putevoy_list to 2026-08-10 02:00:00+00:00, run_after=2026-08-11 02:00:00+00:00
[2026-08-10T19:24:04.440+0000] {processor.py:208} INFO - Processing /opt/airflow/dags/dag_extract_putevoy_list.py took 0.046 seconds
[2026-08-10T19:24:34.891+0000] {processor.py:186} INFO - Started process (PID=2342) to work on /opt/airflow/dags/dag_extract_putevoy_list.py
[2026-08-10T19:24:34.891+0000] {processor.py:914} INFO - Processing file /opt/airflow/dags/dag_extract_putevoy_list.py for tasks to queue
[2026-08-10T19:24:34.893+0000] {logging_mixin.py:190} INFO - [2026-08-10T19:24:34.893+0000] {dagbag.py:588} INFO - Filling up the DagBag from /opt/airflow/dags/dag_extract_putevoy_list.py
[2026-08-10T19:24:34.903+0000] {processor.py:925} INFO - DAG(s) 'dag_extract_putevoy_list' retrieved from /opt/airflow/dags/dag_extract_putevoy_list.py
[2026-08-10T19:24:34.915+0000] {logging_mixin.py:190} INFO - [2026-08-10T19:24:34.914+0000] {dag.py:3239} INFO - Sync 1 DAGs
[2026-08-10T19:24:34.924+0000] {logging_mixin.py:190} INFO - [2026-08-10T19:24:34.924+0000] {dag.py:4180} INFO - Setting next_dagrun for dag_extract_putevoy_list to 2026-08-10 02:00:00+00:00, run_after=2026-08-11 02:00:00+00:00
[2026-08-10T19:24:34.932+0000] {processor.py:208} INFO - Processing /opt/airflow/dags/dag_extract_putevoy_list.py took 0.047 seconds
[2026-08-10T19:25:05.351+0000] {processor.py:186} INFO - Started process (PID=2362) to work on /opt/airflow/dags/dag_extract_putevoy_list.py
[2026-08-10T19:25:05.352+0000] {processor.py:914} INFO - Processing file /opt/airflow/dags/dag_extract_putevoy_list.py for tasks to queue
[2026-08-10T19:25:05.354+0000] {logging_mixin.py:190} INFO - [2026-08-10T19:25:05.354+0000] {dagbag.py:588} INFO - Filling up the DagBag from /opt/airflow/dags/dag_extract_putevoy_list.py
[2026-08-10T19:25:05.363+0000] {processor.py:925} INFO - DAG(s) 'dag_extract_putevoy_list' retrieved from /opt/airflow/dags/dag_extract_putevoy_list.py
[2026-08-10T19:25:05.379+0000] {logging_mixin.py:190} INFO - [2026-08-10T19:25:05.379+0000] {dag.py:3239} INFO - Sync 1 DAGs
[2026-08-10T19:25:05.389+0000] {logging_mixin.py:190} INFO - [2026-08-10T19:25:05.389+0000] {dag.py:4180} INFO - Setting next_dagrun for dag_extract_putevoy_list to 2026-08-10 02:00:00+00:00, run_after=2026-08-11 02:00:00+00:00
[2026-08-10T19:25:05.398+0000] {processor.py:208} INFO - Processing /opt/airflow/dags/dag_extract_putevoy_list.py took 0.053 seconds
[2026-08-10T19:25:35.851+0000] {processor.py:186} INFO - Started process (PID=2382) to work on /opt/airflow/dags/dag_extract_putevoy_list.py
[2026-08-10T19:25:35.851+0000] {processor.py:914} INFO - Processing file /opt/airflow/dags/dag_extract_putevoy_list.py for tasks to queue
[2026-08-10T19:25:35.854+0000] {logging_mixin.py:190} INFO - [2026-08-10T19:25:35.854+0000] {dagbag.py:588} INFO - Filling up the DagBag from /opt/airflow/dags/dag_extract_putevoy_list.py
[2026-08-10T19:25:35.867+0000] {processor.py:925} INFO - DAG(s) 'dag_extract_putevoy_list' retrieved from /opt/airflow/dags/dag_extract_putevoy_list.py
[2026-08-10T19:25:35.878+0000] {logging_mixin.py:190} INFO - [2026-08-10T19:25:35.878+0000] {dag.py:3239} INFO - Sync 1 DAGs
[2026-08-10T19:25:35.889+0000] {logging_mixin.py:190} INFO - [2026-08-10T19:25:35.889+0000] {dag.py:4180} INFO - Setting next_dagrun for dag_extract_putevoy_list to 2026-08-10 02:00:00+00:00, run_after=2026-08-11 02:00:00+00:00
[2026-08-10T19:25:35.897+0000] {processor.py:208} INFO - Processing /opt/airflow/dags/dag_extract_putevoy_list.py took 0.051 seconds
[2026-08-10T19:26:06.292+0000] {processor.py:186} INFO - Started process (PID=2402) to work on /opt/airflow/dags/dag_extract_putevoy_list.py
[2026-08-10T19:26:06.293+0000] {processor.py:914} INFO - Processing file /opt/airflow/dags/dag_extract_putevoy_list.py for tasks to queue
[2026-08-10T19:26:06.294+0000] {logging_mixin.py:190} INFO - [2026-08-10T19:26:06.294+0000] {dagbag.py:588} INFO - Filling up the DagBag from /opt/airflow/dags/dag_extract_putevoy_list.py
[2026-08-10T19:26:06.303+0000] {processor.py:925} INFO - DAG(s) 'dag_extract_putevoy_list' retrieved from /opt/airflow/dags/dag_extract_putevoy_list.py
[2026-08-10T19:26:06.316+0000] {logging_mixin.py:190} INFO - [2026-08-10T19:26:06.316+0000] {dag.py:3239} INFO - Sync 1 DAGs
[2026-08-10T19:26:06.325+0000] {logging_mixin.py:190} INFO - [2026-08-10T19:26:06.325+0000] {dag.py:4180} INFO - Setting next_dagrun for dag_extract_putevoy_list to 2026-08-10 02:00:00+00:00, run_after=2026-08-11 02:00:00+00:00
[2026-08-10T19:26:06.334+0000] {processor.py:208} INFO - Processing /opt/airflow/dags/dag_extract_putevoy_list.py took 0.046 seconds
[2026-08-10T19:26:36.825+0000] {processor.py:186} INFO - Started process (PID=2422) to work on /opt/airflow/dags/dag_extract_putevoy_list.py
[2026-08-10T19:26:36.826+0000] {processor.py:914} INFO - Processing file /opt/airflow/dags/dag_extract_putevoy_list.py for tasks to queue
[2026-08-10T19:26:36.827+0000] {logging_mixin.py:190} INFO - [2026-08-10T19:26:36.827+0000] {dagbag.py:588} INFO - Filling up the DagBag from /opt/airflow/dags/dag_extract_putevoy_list.py
[2026-08-10T19:26:36.834+0000] {processor.py:925} INFO - DAG(s) 'dag_extract_putevoy_list' retrieved from /opt/airflow/dags/dag_extract_putevoy_list.py
[2026-08-10T19:26:36.847+0000] {logging_mixin.py:190} INFO - [2026-08-10T19:26:36.847+0000] {dag.py:3239} INFO - Sync 1 DAGs
[2026-08-10T19:26:36.856+0000] {logging_mixin.py:190} INFO - [2026-08-10T19:26:36.856+0000] {dag.py:4180} INFO - Setting next_dagrun for dag_extract_putevoy_list to 2026-08-10 02:00:00+00:00, run_after=2026-08-11 02:00:00+00:00
[2026-08-10T19:26:36.863+0000] {processor.py:208} INFO - Processing /opt/airflow/dags/dag_extract_putevoy_list.py took 0.043 seconds
[2026-08-10T19:27:07.252+0000] {processor.py:186} INFO - Started process (PID=2442) to work on /opt/airflow/dags/dag_extract_putevoy_list.py
[2026-08-10T19:27:07.252+0000] {processor.py:914} INFO - Processing file /opt/airflow/dags/dag_extract_putevoy_list.py for tasks to queue
[2026-08-10T19:27:07.256+0000] {logging_mixin.py:190} INFO - [2026-08-10T19:27:07.255+0000] {dagbag.py:588} INFO - Filling up the DagBag from /opt/airflow/dags/dag_extract_putevoy_list.py
[2026-08-10T19:27:07.265+0000] {processor.py:925} INFO - DAG(s) 'dag_extract_putevoy_list' retrieved from /opt/airflow/dags/dag_extract_putevoy_list.py
[2026-08-10T19:27:07.278+0000] {logging_mixin.py:190} INFO - [2026-08-10T19:27:07.278+0000] {dag.py:3239} INFO - Sync 1 DAGs
[2026-08-10T19:27:07.288+0000] {logging_mixin.py:190} INFO - [2026-08-10T19:27:07.288+0000] {dag.py:4180} INFO - Setting next_dagrun for dag_extract_putevoy_list to 2026-08-10 02:00:00+00:00, run_after=2026-08-11 02:00:00+00:00
[2026-08-10T19:27:07.299+0000] {processor.py:208} INFO - Processing /opt/airflow/dags/dag_extract_putevoy_list.py took 0.052 seconds
[2026-08-10T19:27:37.765+0000] {processor.py:186} INFO - Started process (PID=2462) to work on /opt/airflow/dags/dag_extract_putevoy_list.py
[2026-08-10T19:27:37.766+0000] {processor.py:914} INFO - Processing file /opt/airflow/dags/dag_extract_putevoy_list.py for tasks to queue
[2026-08-10T19:27:37.768+0000] {logging_mixin.py:190} INFO - [2026-08-10T19:27:37.768+0000] {dagbag.py:588} INFO - Filling up the DagBag from /opt/airflow/dags/dag_extract_putevoy_list.py
[2026-08-10T19:27:37.776+0000] {processor.py:925} INFO - DAG(s) 'dag_extract_putevoy_list' retrieved from /opt/airflow/dags/dag_extract_putevoy_list.py
[2026-08-10T19:27:37.790+0000] {logging_mixin.py:190} INFO - [2026-08-10T19:27:37.790+0000] {dag.py:3239} INFO - Sync 1 DAGs
[2026-08-10T19:27:37.798+0000] {logging_mixin.py:190} INFO - [2026-08-10T19:27:37.798+0000] {dag.py:4180} INFO - Setting next_dagrun for dag_extract_putevoy_list to 2026-08-10 02:00:00+00:00, run_after=2026-08-11 02:00:00+00:00
[2026-08-10T19:27:37.874+0000] {processor.py:208} INFO - Processing /opt/airflow/dags/dag_extract_putevoy_list.py took 0.114 seconds
[2026-08-10T19:28:08.341+0000] {processor.py:186} INFO - Started process (PID=2482) to work on /opt/airflow/dags/dag_extract_putevoy_list.py
[2026-08-10T19:28:08.342+0000] {processor.py:914} INFO - Processing file /opt/airflow/dags/dag_extract_putevoy_list.py for tasks to queue
[2026-08-10T19:28:08.345+0000] {logging_mixin.py:190} INFO - [2026-08-10T19:28:08.344+0000] {dagbag.py:588} INFO - Filling up the DagBag from /opt/airflow/dags/dag_extract_putevoy_list.py
[2026-08-10T19:28:08.352+0000] {processor.py:925} INFO - DAG(s) 'dag_extract_putevoy_list' retrieved from /opt/airflow/dags/dag_extract_putevoy_list.py
[2026-08-10T19:28:08.370+0000] {logging_mixin.py:190} INFO - [2026-08-10T19:28:08.370+0000] {dag.py:3239} INFO - Sync 1 DAGs
[2026-08-10T19:28:08.384+0000] {logging_mixin.py:190} INFO - [2026-08-10T19:28:08.384+0000] {dag.py:4180} INFO - Setting next_dagrun for dag_extract_putevoy_list to 2026-08-10 02:00:00+00:00, run_after=2026-08-11 02:00:00+00:00
[2026-08-10T19:28:08.396+0000] {processor.py:208} INFO - Processing /opt/airflow/dags/dag_extract_putevoy_list.py took 0.059 seconds
[2026-08-10T19:28:38.866+0000] {processor.py:186} INFO - Started process (PID=2502) to work on /opt/airflow/dags/dag_extract_putevoy_list.py
[2026-08-10T19:28:38.867+0000] {processor.py:914} INFO - Processing file /opt/airflow/dags/dag_extract_putevoy_list.py for tasks to queue
[2026-08-10T19:28:38.870+0000] {logging_mixin.py:190} INFO - [2026-08-10T19:28:38.869+0000] {dagbag.py:588} INFO - Filling up the DagBag from /opt/airflow/dags/dag_extract_putevoy_list.py
[2026-08-10T19:28:38.881+0000] {processor.py:925} INFO - DAG(s) 'dag_extract_putevoy_list' retrieved from /opt/airflow/dags/dag_extract_putevoy_list.py
[2026-08-10T19:28:38.892+0000] {logging_mixin.py:190} INFO - [2026-08-10T19:28:38.892+0000] {dag.py:3239} INFO - Sync 1 DAGs
[2026-08-10T19:28:38.962+0000] {logging_mixin.py:190} INFO - [2026-08-10T19:28:38.962+0000] {dag.py:4180} INFO - Setting next_dagrun for dag_extract_putevoy_list to 2026-08-10 02:00:00+00:00, run_after=2026-08-11 02:00:00+00:00
[2026-08-10T19:28:38.968+0000] {processor.py:208} INFO - Processing /opt/airflow/dags/dag_extract_putevoy_list.py took 0.107 seconds
[2026-08-10T19:29:09.432+0000] {processor.py:186} INFO - Started process (PID=2522) to work on /opt/airflow/dags/dag_extract_putevoy_list.py
[2026-08-10T19:29:09.434+0000] {processor.py:914} INFO - Processing file /opt/airflow/dags/dag_extract_putevoy_list.py for tasks to queue
[2026-08-10T19:29:09.435+0000] {logging_mixin.py:190} INFO - [2026-08-10T19:29:09.435+0000] {dagbag.py:588} INFO - Filling up the DagBag from /opt/airflow/dags/dag_extract_putevoy_list.py
[2026-08-10T19:29:09.444+0000] {processor.py:925} INFO - DAG(s) 'dag_extract_putevoy_list' retrieved from /opt/airflow/dags/dag_extract_putevoy_list.py
[2026-08-10T19:29:09.459+0000] {logging_mixin.py:190} INFO - [2026-08-10T19:29:09.459+0000] {dag.py:3239} INFO - Sync 1 DAGs
[2026-08-10T19:29:09.468+0000] {logging_mixin.py:190} INFO - [2026-08-10T19:29:09.468+0000] {dag.py:4180} INFO - Setting next_dagrun for dag_extract_putevoy_list to 2026-08-10 02:00:00+00:00, run_after=2026-08-11 02:00:00+00:00
[2026-08-10T19:29:09.541+0000] {processor.py:208} INFO - Processing /opt/airflow/dags/dag_extract_putevoy_list.py took 0.114 seconds
[2026-08-10T19:29:40.057+0000] {processor.py:186} INFO - Started process (PID=2542) to work on /opt/airflow/dags/dag_extract_putevoy_list.py
[2026-08-10T19:29:40.058+0000] {processor.py:914} INFO - Processing file /opt/airflow/dags/dag_extract_putevoy_list.py for tasks to queue
[2026-08-10T19:29:40.059+0000] {logging_mixin.py:190} INFO - [2026-08-10T19:29:40.059+0000] {dagbag.py:588} INFO - Filling up the DagBag from /opt/airflow/dags/dag_extract_putevoy_list.py
[2026-08-10T19:29:40.138+0000] {processor.py:925} INFO - DAG(s) 'dag_extract_putevoy_list' retrieved from /opt/airflow/dags/dag_extract_putevoy_list.py
[2026-08-10T19:29:40.148+0000] {logging_mixin.py:190} INFO - [2026-08-10T19:29:40.148+0000] {dag.py:3239} INFO - Sync 1 DAGs
[2026-08-10T19:29:40.154+0000] {logging_mixin.py:190} INFO - [2026-08-10T19:29:40.154+0000] {dag.py:4180} INFO - Setting next_dagrun for dag_extract_putevoy_list to 2026-08-10 02:00:00+00:00, run_after=2026-08-11 02:00:00+00:00
[2026-08-10T19:29:40.160+0000] {processor.py:208} INFO - Processing /opt/airflow/dags/dag_extract_putevoy_list.py took 0.108 seconds
[2026-08-10T19:30:10.550+0000] {processor.py:186} INFO - Started process (PID=2562) to work on /opt/airflow/dags/dag_extract_putevoy_list.py
[2026-08-10T19:30:10.550+0000] {processor.py:914} INFO - Processing file /opt/airflow/dags/dag_extract_putevoy_list.py for tasks to queue
[2026-08-10T19:30:10.551+0000] {logging_mixin.py:190} INFO - [2026-08-10T19:30:10.551+0000] {dagbag.py:588} INFO - Filling up the DagBag from /opt/airflow/dags/dag_extract_putevoy_list.py
[2026-08-10T19:30:10.561+0000] {processor.py:925} INFO - DAG(s) 'dag_extract_putevoy_list' retrieved from /opt/airflow/dags/dag_extract_putevoy_list.py
[2026-08-10T19:30:10.579+0000] {logging_mixin.py:190} INFO - [2026-08-10T19:30:10.579+0000] {dag.py:3239} INFO - Sync 1 DAGs
[2026-08-10T19:30:10.588+0000] {logging_mixin.py:190} INFO - [2026-08-10T19:30:10.588+0000] {dag.py:4180} INFO - Setting next_dagrun for dag_extract_putevoy_list to 2026-08-10 02:00:00+00:00, run_after=2026-08-11 02:00:00+00:00
[2026-08-10T19:30:10.598+0000] {processor.py:208} INFO - Processing /opt/airflow/dags/dag_extract_putevoy_list.py took 0.052 seconds
[2026-08-10T19:30:41.006+0000] {processor.py:186} INFO - Started process (PID=2582) to work on /opt/airflow/dags/dag_extract_putevoy_list.py
[2026-08-10T19:30:41.007+0000] {processor.py:914} INFO - Processing file /opt/airflow/dags/dag_extract_putevoy_list.py for tasks to queue
[2026-08-10T19:30:41.010+0000] {logging_mixin.py:190} INFO - [2026-08-10T19:30:41.010+0000] {dagbag.py:588} INFO - Filling up the DagBag from /opt/airflow/dags/dag_extract_putevoy_list.py
[2026-08-10T19:30:41.022+0000] {processor.py:925} INFO - DAG(s) 'dag_extract_putevoy_list' retrieved from /opt/airflow/dags/dag_extract_putevoy_list.py
[2026-08-10T19:30:41.036+0000] {logging_mixin.py:190} INFO - [2026-08-10T19:30:41.036+0000] {dag.py:3239} INFO - Sync 1 DAGs
[2026-08-10T19:30:41.046+0000] {logging_mixin.py:190} INFO - [2026-08-10T19:30:41.046+0000] {dag.py:4180} INFO - Setting next_dagrun for dag_extract_putevoy_list to 2026-08-10 02:00:00+00:00, run_after=2026-08-11 02:00:00+00:00
[2026-08-10T19:30:41.054+0000] {processor.py:208} INFO - Processing /opt/airflow/dags/dag_extract_putevoy_list.py took 0.055 seconds
[2026-08-10T19:31:11.399+0000] {processor.py:186} INFO - Started process (PID=2602) to work on /opt/airflow/dags/dag_extract_putevoy_list.py
[2026-08-10T19:31:11.400+0000] {processor.py:914} INFO - Processing file /opt/airflow/dags/dag_extract_putevoy_list.py for tasks to queue
[2026-08-10T19:31:11.402+0000] {logging_mixin.py:190} INFO - [2026-08-10T19:31:11.401+0000] {dagbag.py:588} INFO - Filling up the DagBag from /opt/airflow/dags/dag_extract_putevoy_list.py
[2026-08-10T19:31:11.412+0000] {processor.py:925} INFO - DAG(s) 'dag_extract_putevoy_list' retrieved from /opt/airflow/dags/dag_extract_putevoy_list.py
[2026-08-10T19:31:11.426+0000] {logging_mixin.py:190} INFO - [2026-08-10T19:31:11.426+0000] {dag.py:3239} INFO - Sync 1 DAGs
[2026-08-10T19:31:11.436+0000] {logging_mixin.py:190} INFO - [2026-08-10T19:31:11.436+0000] {dag.py:4180} INFO - Setting next_dagrun for dag_extract_putevoy_list to 2026-08-10 02:00:00+00:00, run_after=2026-08-11 02:00:00+00:00
[2026-08-10T19:31:11.445+0000] {processor.py:208} INFO - Processing /opt/airflow/dags/dag_extract_putevoy_list.py took 0.051 seconds
[2026-08-10T19:31:41.829+0000] {processor.py:186} INFO - Started process (PID=2622) to work on /opt/airflow/dags/dag_extract_putevoy_list.py
[2026-08-10T19:31:41.830+0000] {processor.py:914} INFO - Processing file /opt/airflow/dags/dag_extract_putevoy_list.py for tasks to queue
[2026-08-10T19:31:41.832+0000] {logging_mixin.py:190} INFO - [2026-08-10T19:31:41.832+0000] {dagbag.py:588} INFO - Filling up the DagBag from /opt/airflow/dags/dag_extract_putevoy_list.py
[2026-08-10T19:31:41.844+0000] {processor.py:925} INFO - DAG(s) 'dag_extract_putevoy_list' retrieved from /opt/airflow/dags/dag_extract_putevoy_list.py
[2026-08-10T19:31:41.859+0000] {logging_mixin.py:190} INFO - [2026-08-10T19:31:41.859+0000] {dag.py:3239} INFO - Sync 1 DAGs
[2026-08-10T19:31:41.869+0000] {logging_mixin.py:190} INFO - [2026-08-10T19:31:41.869+0000] {dag.py:4180} INFO - Setting next_dagrun for dag_extract_putevoy_list to 2026-08-10 02:00:00+00:00, run_after=2026-08-11 02:00:00+00:00
[2026-08-10T19:31:41.877+0000] {processor.py:208} INFO - Processing /opt/airflow/dags/dag_extract_putevoy_list.py took 0.053 seconds
[2026-08-10T19:32:12.260+0000] {processor.py:186} INFO - Started process (PID=2642) to work on /opt/airflow/dags/dag_extract_putevoy_list.py
[2026-08-10T19:32:12.261+0000] {processor.py:914} INFO - Processing file /opt/airflow/dags/dag_extract_putevoy_list.py for tasks to queue
[2026-08-10T19:32:12.263+0000] {logging_mixin.py:190} INFO - [2026-08-10T19:32:12.263+0000] {dagbag.py:588} INFO - Filling up the DagBag from /opt/airflow/dags/dag_extract_putevoy_list.py
[2026-08-10T19:32:12.272+0000] {processor.py:925} INFO - DAG(s) 'dag_extract_putevoy_list' retrieved from /opt/airflow/dags/dag_extract_putevoy_list.py
[2026-08-10T19:32:12.284+0000] {logging_mixin.py:190} INFO - [2026-08-10T19:32:12.284+0000] {dag.py:3239} INFO - Sync 1 DAGs
[2026-08-10T19:32:12.292+0000] {logging_mixin.py:190} INFO - [2026-08-10T19:32:12.292+0000] {dag.py:4180} INFO - Setting next_dagrun for dag_extract_putevoy_list to 2026-08-10 02:00:00+00:00, run_after=2026-08-11 02:00:00+00:00
[2026-08-10T19:32:12.303+0000] {processor.py:208} INFO - Processing /opt/airflow/dags/dag_extract_putevoy_list.py took 0.047 seconds
[2026-08-10T19:32:42.632+0000] {processor.py:186} INFO - Started process (PID=2662) to work on /opt/airflow/dags/dag_extract_putevoy_list.py
[2026-08-10T19:32:42.632+0000] {processor.py:914} INFO - Processing file /opt/airflow/dags/dag_extract_putevoy_list.py for tasks to queue
[2026-08-10T19:32:42.634+0000] {logging_mixin.py:190} INFO - [2026-08-10T19:32:42.633+0000] {dagbag.py:588} INFO - Filling up the DagBag from /opt/airflow/dags/dag_extract_putevoy_list.py
[2026-08-10T19:32:42.643+0000] {processor.py:925} INFO - DAG(s) 'dag_extract_putevoy_list' retrieved from /opt/airflow/dags/dag_extract_putevoy_list.py
[2026-08-10T19:32:42.659+0000] {logging_mixin.py:190} INFO - [2026-08-10T19:32:42.659+0000] {dag.py:3239} INFO - Sync 1 DAGs
[2026-08-10T19:32:42.669+0000] {logging_mixin.py:190} INFO - [2026-08-10T19:32:42.669+0000] {dag.py:4180} INFO - Setting next_dagrun for dag_extract_putevoy_list to 2026-08-10 02:00:00+00:00, run_after=2026-08-11 02:00:00+00:00
[2026-08-10T19:32:42.676+0000] {processor.py:208} INFO - Processing /opt/airflow/dags/dag_extract_putevoy_list.py took 0.049 seconds
[2026-08-10T19:33:13.101+0000] {processor.py:186} INFO - Started process (PID=2682) to work on /opt/airflow/dags/dag_extract_putevoy_list.py
[2026-08-10T19:33:13.102+0000] {processor.py:914} INFO - Processing file /opt/airflow/dags/dag_extract_putevoy_list.py for tasks to queue
[2026-08-10T19:33:13.104+0000] {logging_mixin.py:190} INFO - [2026-08-10T19:33:13.104+0000] {dagbag.py:588} INFO - Filling up the DagBag from /opt/airflow/dags/dag_extract_putevoy_list.py
[2026-08-10T19:33:13.114+0000] {processor.py:925} INFO - DAG(s) 'dag_extract_putevoy_list' retrieved from /opt/airflow/dags/dag_extract_putevoy_list.py
[2026-08-10T19:33:13.126+0000] {logging_mixin.py:190} INFO - [2026-08-10T19:33:13.126+0000] {dag.py:3239} INFO - Sync 1 DAGs
[2026-08-10T19:33:13.135+0000] {logging_mixin.py:190} INFO - [2026-08-10T19:33:13.135+0000] {dag.py:4180} INFO - Setting next_dagrun for dag_extract_putevoy_list to 2026-08-10 02:00:00+00:00, run_after=2026-08-11 02:00:00+00:00
[2026-08-10T19:33:13.141+0000] {processor.py:208} INFO - Processing /opt/airflow/dags/dag_extract_putevoy_list.py took 0.045 seconds
[2026-08-10T19:33:43.519+0000] {processor.py:186} INFO - Started process (PID=2702) to work on /opt/airflow/dags/dag_extract_putevoy_list.py
[2026-08-10T19:33:43.520+0000] {processor.py:914} INFO - Processing file /opt/airflow/dags/dag_extract_putevoy_list.py for tasks to queue
[2026-08-10T19:33:43.523+0000] {logging_mixin.py:190} INFO - [2026-08-10T19:33:43.523+0000] {dagbag.py:588} INFO - Filling up the DagBag from /opt/airflow/dags/dag_extract_putevoy_list.py
[2026-08-10T19:33:43.530+0000] {processor.py:925} INFO - DAG(s) 'dag_extract_putevoy_list' retrieved from /opt/airflow/dags/dag_extract_putevoy_list.py
[2026-08-10T19:33:43.544+0000] {logging_mixin.py:190} INFO - [2026-08-10T19:33:43.544+0000] {dag.py:3239} INFO - Sync 1 DAGs
[2026-08-10T19:33:43.554+0000] {logging_mixin.py:190} INFO - [2026-08-10T19:33:43.554+0000] {dag.py:4180} INFO - Setting next_dagrun for dag_extract_putevoy_list to 2026-08-10 02:00:00+00:00, run_after=2026-08-11 02:00:00+00:00
[2026-08-10T19:33:43.565+0000] {processor.py:208} INFO - Processing /opt/airflow/dags/dag_extract_putevoy_list.py took 0.050 seconds
[2026-08-10T19:34:13.902+0000] {processor.py:186} INFO - Started process (PID=2722) to work on /opt/airflow/dags/dag_extract_putevoy_list.py
[2026-08-10T19:34:13.904+0000] {processor.py:914} INFO - Processing file /opt/airflow/dags/dag_extract_putevoy_list.py for tasks to queue
[2026-08-10T19:34:13.907+0000] {logging_mixin.py:190} INFO - [2026-08-10T19:34:13.907+0000] {dagbag.py:588} INFO - Filling up the DagBag from /opt/airflow/dags/dag_extract_putevoy_list.py
[2026-08-10T19:34:13.917+0000] {processor.py:925} INFO - DAG(s) 'dag_extract_putevoy_list' retrieved from /opt/airflow/dags/dag_extract_putevoy_list.py
[2026-08-10T19:34:13.928+0000] {logging_mixin.py:190} INFO - [2026-08-10T19:34:13.928+0000] {dag.py:3239} INFO - Sync 1 DAGs
[2026-08-10T19:34:13.937+0000] {logging_mixin.py:190} INFO - [2026-08-10T19:34:13.936+0000] {dag.py:4180} INFO - Setting next_dagrun for dag_extract_putevoy_list to 2026-08-10 02:00:00+00:00, run_after=2026-08-11 02:00:00+00:00
[2026-08-10T19:34:13.943+0000] {processor.py:208} INFO - Processing /opt/airflow/dags/dag_extract_putevoy_list.py took 0.046 seconds
[2026-08-10T19:34:44.325+0000] {processor.py:186} INFO - Started process (PID=2742) to work on /opt/airflow/dags/dag_extract_putevoy_list.py
[2026-08-10T19:34:44.326+0000] {processor.py:914} INFO - Processing file /opt/airflow/dags/dag_extract_putevoy_list.py for tasks to queue
[2026-08-10T19:34:44.328+0000] {logging_mixin.py:190} INFO - [2026-08-10T19:34:44.328+0000] {dagbag.py:588} INFO - Filling up the DagBag from /opt/airflow/dags/dag_extract_putevoy_list.py
[2026-08-10T19:34:44.334+0000] {processor.py:925} INFO - DAG(s) 'dag_extract_putevoy_list' retrieved from /opt/airflow/dags/dag_extract_putevoy_list.py
[2026-08-10T19:34:44.350+0000] {logging_mixin.py:190} INFO - [2026-08-10T19:34:44.350+0000] {dag.py:3239} INFO - Sync 1 DAGs
[2026-08-10T19:34:44.361+0000] {logging_mixin.py:190} INFO - [2026-08-10T19:34:44.361+0000] {dag.py:4180} INFO - Setting next_dagrun for dag_extract_putevoy_list to 2026-08-10 02:00:00+00:00, run_after=2026-08-11 02:00:00+00:00
[2026-08-10T19:34:44.369+0000] {processor.py:208} INFO - Processing /opt/airflow/dags/dag_extract_putevoy_list.py took 0.049 seconds
[2026-08-10T19:35:14.767+0000] {processor.py:186} INFO - Started process (PID=2762) to work on /opt/airflow/dags/dag_extract_putevoy_list.py
[2026-08-10T19:35:14.770+0000] {processor.py:914} INFO - Processing file /opt/airflow/dags/dag_extract_putevoy_list.py for tasks to queue
[2026-08-10T19:35:14.772+0000] {logging_mixin.py:190} INFO - [2026-08-10T19:35:14.772+0000] {dagbag.py:588} INFO - Filling up the DagBag from /opt/airflow/dags/dag_extract_putevoy_list.py
[2026-08-10T19:35:14.781+0000] {processor.py:925} INFO - DAG(s) 'dag_extract_putevoy_list' retrieved from /opt/airflow/dags/dag_extract_putevoy_list.py
[2026-08-10T19:35:14.793+0000] {logging_mixin.py:190} INFO - [2026-08-10T19:35:14.793+0000] {dag.py:3239} INFO - Sync 1 DAGs
[2026-08-10T19:35:14.801+0000] {logging_mixin.py:190} INFO - [2026-08-10T19:35:14.801+0000] {dag.py:4180} INFO - Setting next_dagrun for dag_extract_putevoy_list to 2026-08-10 02:00:00+00:00, run_after=2026-08-11 02:00:00+00:00
[2026-08-10T19:35:14.809+0000] {processor.py:208} INFO - Processing /opt/airflow/dags/dag_extract_putevoy_list.py took 0.047 seconds
[2026-08-10T19:35:45.174+0000] {processor.py:186} INFO - Started process (PID=2782) to work on /opt/airflow/dags/dag_extract_putevoy_list.py
[2026-08-10T19:35:45.175+0000] {processor.py:914} INFO - Processing file /opt/airflow/dags/dag_extract_putevoy_list.py for tasks to queue
[2026-08-10T19:35:45.177+0000] {logging_mixin.py:190} INFO - [2026-08-10T19:35:45.177+0000] {dagbag.py:588} INFO - Filling up the DagBag from /opt/airflow/dags/dag_extract_putevoy_list.py
[2026-08-10T19:35:45.187+0000] {processor.py:925} INFO - DAG(s) 'dag_extract_putevoy_list' retrieved from /opt/airflow/dags/dag_extract_putevoy_list.py
[2026-08-10T19:35:45.203+0000] {logging_mixin.py:190} INFO - [2026-08-10T19:35:45.203+0000] {dag.py:3239} INFO - Sync 1 DAGs
[2026-08-10T19:35:45.213+0000] {logging_mixin.py:190} INFO - [2026-08-10T19:35:45.213+0000] {dag.py:4180} INFO - Setting next_dagrun for dag_extract_putevoy_list to 2026-08-10 02:00:00+00:00, run_after=2026-08-11 02:00:00+00:00
[2026-08-10T19:35:45.221+0000] {processor.py:208} INFO - Processing /opt/airflow/dags/dag_extract_putevoy_list.py took 0.052 seconds
[2026-08-10T19:36:15.595+0000] {processor.py:186} INFO - Started process (PID=2802) to work on /opt/airflow/dags/dag_extract_putevoy_list.py
[2026-08-10T19:36:15.596+0000] {processor.py:914} INFO - Processing file /opt/airflow/dags/dag_extract_putevoy_list.py for tasks to queue
[2026-08-10T19:36:15.597+0000] {logging_mixin.py:190} INFO - [2026-08-10T19:36:15.597+0000] {dagbag.py:588} INFO - Filling up the DagBag from /opt/airflow/dags/dag_extract_putevoy_list.py
[2026-08-10T19:36:15.606+0000] {processor.py:925} INFO - DAG(s) 'dag_extract_putevoy_list' retrieved from /opt/airflow/dags/dag_extract_putevoy_list.py
[2026-08-10T19:36:15.619+0000] {logging_mixin.py:190} INFO - [2026-08-10T19:36:15.619+0000] {dag.py:3239} INFO - Sync 1 DAGs
[2026-08-10T19:36:15.628+0000] {logging_mixin.py:190} INFO - [2026-08-10T19:36:15.628+0000] {dag.py:4180} INFO - Setting next_dagrun for dag_extract_putevoy_list to 2026-08-10 02:00:00+00:00, run_after=2026-08-11 02:00:00+00:00
[2026-08-10T19:36:15.635+0000] {processor.py:208} INFO - Processing /opt/airflow/dags/dag_extract_putevoy_list.py took 0.044 seconds
[2026-08-10T19:36:46.015+0000] {processor.py:186} INFO - Started process (PID=2822) to work on /opt/airflow/dags/dag_extract_putevoy_list.py
[2026-08-10T19:36:46.017+0000] {processor.py:914} INFO - Processing file /opt/airflow/dags/dag_extract_putevoy_list.py for tasks to queue
[2026-08-10T19:36:46.018+0000] {logging_mixin.py:190} INFO - [2026-08-10T19:36:46.018+0000] {dagbag.py:588} INFO - Filling up the DagBag from /opt/airflow/dags/dag_extract_putevoy_list.py
[2026-08-10T19:36:46.028+0000] {processor.py:925} INFO - DAG(s) 'dag_extract_putevoy_list' retrieved from /opt/airflow/dags/dag_extract_putevoy_list.py
[2026-08-10T19:36:46.040+0000] {logging_mixin.py:190} INFO - [2026-08-10T19:36:46.040+0000] {dag.py:3239} INFO - Sync 1 DAGs
[2026-08-10T19:36:46.049+0000] {logging_mixin.py:190} INFO - [2026-08-10T19:36:46.049+0000] {dag.py:4180} INFO - Setting next_dagrun for dag_extract_putevoy_list to 2026-08-10 02:00:00+00:00, run_after=2026-08-11 02:00:00+00:00
[2026-08-10T19:36:46.058+0000] {processor.py:208} INFO - Processing /opt/airflow/dags/dag_extract_putevoy_list.py took 0.047 seconds
[2026-08-10T19:37:16.461+0000] {processor.py:186} INFO - Started process (PID=2842) to work on /opt/airflow/dags/dag_extract_putevoy_list.py
[2026-08-10T19:37:16.462+0000] {processor.py:914} INFO - Processing file /opt/airflow/dags/dag_extract_putevoy_list.py for tasks to queue
[2026-08-10T19:37:16.463+0000] {logging_mixin.py:190} INFO - [2026-08-10T19:37:16.463+0000] {dagbag.py:588} INFO - Filling up the DagBag from /opt/airflow/dags/dag_extract_putevoy_list.py
[2026-08-10T19:37:16.470+0000] {processor.py:925} INFO - DAG(s) 'dag_extract_putevoy_list' retrieved from /opt/airflow/dags/dag_extract_putevoy_list.py
[2026-08-10T19:37:16.484+0000] {logging_mixin.py:190} INFO - [2026-08-10T19:37:16.484+0000] {dag.py:3239} INFO - Sync 1 DAGs
[2026-08-10T19:37:16.493+0000] {logging_mixin.py:190} INFO - [2026-08-10T19:37:16.493+0000] {dag.py:4180} INFO - Setting next_dagrun for dag_extract_putevoy_list to 2026-08-10 02:00:00+00:00, run_after=2026-08-11 02:00:00+00:00
[2026-08-10T19:37:16.501+0000] {processor.py:208} INFO - Processing /opt/airflow/dags/dag_extract_putevoy_list.py took 0.046 seconds
[2026-08-10T19:37:46.857+0000] {processor.py:186} INFO - Started process (PID=2862) to work on /opt/airflow/dags/dag_extract_putevoy_list.py
[2026-08-10T19:37:46.858+0000] {processor.py:914} INFO - Processing file /opt/airflow/dags/dag_extract_putevoy_list.py for tasks to queue
[2026-08-10T19:37:46.860+0000] {logging_mixin.py:190} INFO - [2026-08-10T19:37:46.860+0000] {dagbag.py:588} INFO - Filling up the DagBag from /opt/airflow/dags/dag_extract_putevoy_list.py
[2026-08-10T19:37:46.869+0000] {processor.py:925} INFO - DAG(s) 'dag_extract_putevoy_list' retrieved from /opt/airflow/dags/dag_extract_putevoy_list.py
[2026-08-10T19:37:46.885+0000] {logging_mixin.py:190} INFO - [2026-08-10T19:37:46.884+0000] {dag.py:3239} INFO - Sync 1 DAGs
[2026-08-10T19:37:46.893+0000] {logging_mixin.py:190} INFO - [2026-08-10T19:37:46.893+0000] {dag.py:4180} INFO - Setting next_dagrun for dag_extract_putevoy_list to 2026-08-10 02:00:00+00:00, run_after=2026-08-11 02:00:00+00:00
[2026-08-10T19:37:46.901+0000] {processor.py:208} INFO - Processing /opt/airflow/dags/dag_extract_putevoy_list.py took 0.049 seconds
[2026-08-10T19:38:17.292+0000] {processor.py:186} INFO - Started process (PID=2882) to work on /opt/airflow/dags/dag_extract_putevoy_list.py
[2026-08-10T19:38:17.293+0000] {processor.py:914} INFO - Processing file /opt/airflow/dags/dag_extract_putevoy_list.py for tasks to queue
[2026-08-10T19:38:17.295+0000] {logging_mixin.py:190} INFO - [2026-08-10T19:38:17.295+0000] {dagbag.py:588} INFO - Filling up the DagBag from /opt/airflow/dags/dag_extract_putevoy_list.py
[2026-08-10T19:38:17.305+0000] {processor.py:925} INFO - DAG(s) 'dag_extract_putevoy_list' retrieved from /opt/airflow/dags/dag_extract_putevoy_list.py
[2026-08-10T19:38:17.320+0000] {logging_mixin.py:190} INFO - [2026-08-10T19:38:17.320+0000] {dag.py:3239} INFO - Sync 1 DAGs
[2026-08-10T19:38:17.331+0000] {logging_mixin.py:190} INFO - [2026-08-10T19:38:17.331+0000] {dag.py:4180} INFO - Setting next_dagrun for dag_extract_putevoy_list to 2026-08-10 02:00:00+00:00, run_after=2026-08-11 02:00:00+00:00
[2026-08-10T19:38:17.338+0000] {processor.py:208} INFO - Processing /opt/airflow/dags/dag_extract_putevoy_list.py took 0.051 seconds
[2026-08-10T19:38:47.672+0000] {processor.py:186} INFO - Started process (PID=2902) to work on /opt/airflow/dags/dag_extract_putevoy_list.py
[2026-08-10T19:38:47.673+0000] {processor.py:914} INFO - Processing file /opt/airflow/dags/dag_extract_putevoy_list.py for tasks to queue
[2026-08-10T19:38:47.674+0000] {logging_mixin.py:190} INFO - [2026-08-10T19:38:47.674+0000] {dagbag.py:588} INFO - Filling up the DagBag from /opt/airflow/dags/dag_extract_putevoy_list.py
[2026-08-10T19:38:47.682+0000] {processor.py:925} INFO - DAG(s) 'dag_extract_putevoy_list' retrieved from /opt/airflow/dags/dag_extract_putevoy_list.py
[2026-08-10T19:38:47.697+0000] {logging_mixin.py:190} INFO - [2026-08-10T19:38:47.697+0000] {dag.py:3239} INFO - Sync 1 DAGs
[2026-08-10T19:38:47.706+0000] {logging_mixin.py:190} INFO - [2026-08-10T19:38:47.706+0000] {dag.py:4180} INFO - Setting next_dagrun for dag_extract_putevoy_list to 2026-08-10 02:00:00+00:00, run_after=2026-08-11 02:00:00+00:00
[2026-08-10T19:38:47.713+0000] {processor.py:208} INFO - Processing /opt/airflow/dags/dag_extract_putevoy_list.py took 0.045 seconds
[2026-08-10T19:39:18.059+0000] {processor.py:186} INFO - Started process (PID=2922) to work on /opt/airflow/dags/dag_extract_putevoy_list.py
[2026-08-10T19:39:18.060+0000] {processor.py:914} INFO - Processing file /opt/airflow/dags/dag_extract_putevoy_list.py for tasks to queue
[2026-08-10T19:39:18.061+0000] {logging_mixin.py:190} INFO - [2026-08-10T19:39:18.061+0000] {dagbag.py:588} INFO - Filling up the DagBag from /opt/airflow/dags/dag_extract_putevoy_list.py
[2026-08-10T19:39:18.071+0000] {processor.py:925} INFO - DAG(s) 'dag_extract_putevoy_list' retrieved from /opt/airflow/dags/dag_extract_putevoy_list.py
[2026-08-10T19:39:18.087+0000] {logging_mixin.py:190} INFO - [2026-08-10T19:39:18.087+0000] {dag.py:3239} INFO - Sync 1 DAGs
[2026-08-10T19:39:18.096+0000] {logging_mixin.py:190} INFO - [2026-08-10T19:39:18.096+0000] {dag.py:4180} INFO - Setting next_dagrun for dag_extract_putevoy_list to 2026-08-10 02:00:00+00:00, run_after=2026-08-11 02:00:00+00:00
[2026-08-10T19:39:18.103+0000] {processor.py:208} INFO - Processing /opt/airflow/dags/dag_extract_putevoy_list.py took 0.050 seconds
[2026-08-10T19:39:48.480+0000] {processor.py:186} INFO - Started process (PID=2942) to work on /opt/airflow/dags/dag_extract_putevoy_list.py
[2026-08-10T19:39:48.480+0000] {processor.py:914} INFO - Processing file /opt/airflow/dags/dag_extract_putevoy_list.py for tasks to queue
[2026-08-10T19:39:48.481+0000] {logging_mixin.py:190} INFO - [2026-08-10T19:39:48.481+0000] {dagbag.py:588} INFO - Filling up the DagBag from /opt/airflow/dags/dag_extract_putevoy_list.py
[2026-08-10T19:39:48.489+0000] {processor.py:925} INFO - DAG(s) 'dag_extract_putevoy_list' retrieved from /opt/airflow/dags/dag_extract_putevoy_list.py
[2026-08-10T19:39:48.500+0000] {logging_mixin.py:190} INFO - [2026-08-10T19:39:48.500+0000] {dag.py:3239} INFO - Sync 1 DAGs
[2026-08-10T19:39:48.510+0000] {logging_mixin.py:190} INFO - [2026-08-10T19:39:48.510+0000] {dag.py:4180} INFO - Setting next_dagrun for dag_extract_putevoy_list to 2026-08-10 02:00:00+00:00, run_after=2026-08-11 02:00:00+00:00
[2026-08-10T19:39:48.520+0000] {processor.py:208} INFO - Processing /opt/airflow/dags/dag_extract_putevoy_list.py took 0.042 seconds
[2026-08-10T19:40:18.908+0000] {processor.py:186} INFO - Started process (PID=2962) to work on /opt/airflow/dags/dag_extract_putevoy_list.py
[2026-08-10T19:40:18.908+0000] {processor.py:914} INFO - Processing file /opt/airflow/dags/dag_extract_putevoy_list.py for tasks to queue
[2026-08-10T19:40:18.911+0000] {logging_mixin.py:190} INFO - [2026-08-10T19:40:18.911+0000] {dagbag.py:588} INFO - Filling up the DagBag from /opt/airflow/dags/dag_extract_putevoy_list.py
[2026-08-10T19:40:18.920+0000] {processor.py:925} INFO - DAG(s) 'dag_extract_putevoy_list' retrieved from /opt/airflow/dags/dag_extract_putevoy_list.py
[2026-08-10T19:40:18.936+0000] {logging_mixin.py:190} INFO - [2026-08-10T19:40:18.936+0000] {dag.py:3239} INFO - Sync 1 DAGs
[2026-08-10T19:40:18.946+0000] {logging_mixin.py:190} INFO - [2026-08-10T19:40:18.946+0000] {dag.py:4180} INFO - Setting next_dagrun for dag_extract_putevoy_list to 2026-08-10 02:00:00+00:00, run_after=2026-08-11 02:00:00+00:00
[2026-08-10T19:40:18.955+0000] {processor.py:208} INFO - Processing /opt/airflow/dags/dag_extract_putevoy_list.py took 0.051 seconds
[2026-08-10T19:40:49.353+0000] {processor.py:186} INFO - Started process (PID=2982) to work on /opt/airflow/dags/dag_extract_putevoy_list.py
[2026-08-10T19:40:49.354+0000] {processor.py:914} INFO - Processing file /opt/airflow/dags/dag_extract_putevoy_list.py for tasks to queue
[2026-08-10T19:40:49.355+0000] {logging_mixin.py:190} INFO - [2026-08-10T19:40:49.355+0000] {dagbag.py:588} INFO - Filling up the DagBag from /opt/airflow/dags/dag_extract_putevoy_list.py
[2026-08-10T19:40:49.365+0000] {processor.py:925} INFO - DAG(s) 'dag_extract_putevoy_list' retrieved from /opt/airflow/dags/dag_extract_putevoy_list.py
[2026-08-10T19:40:49.379+0000] {logging_mixin.py:190} INFO - [2026-08-10T19:40:49.379+0000] {dag.py:3239} INFO - Sync 1 DAGs
[2026-08-10T19:40:49.388+0000] {logging_mixin.py:190} INFO - [2026-08-10T19:40:49.388+0000] {dag.py:4180} INFO - Setting next_dagrun for dag_extract_putevoy_list to 2026-08-10 02:00:00+00:00, run_after=2026-08-11 02:00:00+00:00
[2026-08-10T19:40:49.395+0000] {processor.py:208} INFO - Processing /opt/airflow/dags/dag_extract_putevoy_list.py took 0.047 seconds
[2026-08-10T19:41:19.758+0000] {processor.py:186} INFO - Started process (PID=3002) to work on /opt/airflow/dags/dag_extract_putevoy_list.py
[2026-08-10T19:41:19.760+0000] {processor.py:914} INFO - Processing file /opt/airflow/dags/dag_extract_putevoy_list.py for tasks to queue
[2026-08-10T19:41:19.761+0000] {logging_mixin.py:190} INFO - [2026-08-10T19:41:19.761+0000] {dagbag.py:588} INFO - Filling up the DagBag from /opt/airflow/dags/dag_extract_putevoy_list.py
[2026-08-10T19:41:19.769+0000] {processor.py:925} INFO - DAG(s) 'dag_extract_putevoy_list' retrieved from /opt/airflow/dags/dag_extract_putevoy_list.py
[2026-08-10T19:41:19.783+0000] {logging_mixin.py:190} INFO - [2026-08-10T19:41:19.783+0000] {dag.py:3239} INFO - Sync 1 DAGs
[2026-08-10T19:41:19.793+0000] {logging_mixin.py:190} INFO - [2026-08-10T19:41:19.792+0000] {dag.py:4180} INFO - Setting next_dagrun for dag_extract_putevoy_list to 2026-08-10 02:00:00+00:00, run_after=2026-08-11 02:00:00+00:00
[2026-08-10T19:41:19.802+0000] {processor.py:208} INFO - Processing /opt/airflow/dags/dag_extract_putevoy_list.py took 0.048 seconds
[2026-08-10T19:41:50.158+0000] {processor.py:186} INFO - Started process (PID=3022) to work on /opt/airflow/dags/dag_extract_putevoy_list.py
[2026-08-10T19:41:50.159+0000] {processor.py:914} INFO - Processing file /opt/airflow/dags/dag_extract_putevoy_list.py for tasks to queue
[2026-08-10T19:41:50.161+0000] {logging_mixin.py:190} INFO - [2026-08-10T19:41:50.160+0000] {dagbag.py:588} INFO - Filling up the DagBag from /opt/airflow/dags/dag_extract_putevoy_list.py
[2026-08-10T19:41:50.171+0000] {processor.py:925} INFO - DAG(s) 'dag_extract_putevoy_list' retrieved from /opt/airflow/dags/dag_extract_putevoy_list.py
[2026-08-10T19:41:50.185+0000] {logging_mixin.py:190} INFO - [2026-08-10T19:41:50.185+0000] {dag.py:3239} INFO - Sync 1 DAGs
[2026-08-10T19:41:50.194+0000] {logging_mixin.py:190} INFO - [2026-08-10T19:41:50.194+0000] {dag.py:4180} INFO - Setting next_dagrun for dag_extract_putevoy_list to 2026-08-10 02:00:00+00:00, run_after=2026-08-11 02:00:00+00:00
[2026-08-10T19:41:50.201+0000] {processor.py:208} INFO - Processing /opt/airflow/dags/dag_extract_putevoy_list.py took 0.047 seconds
[2026-08-10T19:42:20.588+0000] {processor.py:186} INFO - Started process (PID=3042) to work on /opt/airflow/dags/dag_extract_putevoy_list.py
[2026-08-10T19:42:20.589+0000] {processor.py:914} INFO - Processing file /opt/airflow/dags/dag_extract_putevoy_list.py for tasks to queue
[2026-08-10T19:42:20.590+0000] {logging_mixin.py:190} INFO - [2026-08-10T19:42:20.590+0000] {dagbag.py:588} INFO - Filling up the DagBag from /opt/airflow/dags/dag_extract_putevoy_list.py
[2026-08-10T19:42:20.598+0000] {processor.py:925} INFO - DAG(s) 'dag_extract_putevoy_list' retrieved from /opt/airflow/dags/dag_extract_putevoy_list.py
[2026-08-10T19:42:20.612+0000] {logging_mixin.py:190} INFO - [2026-08-10T19:42:20.612+0000] {dag.py:3239} INFO - Sync 1 DAGs
[2026-08-10T19:42:20.622+0000] {logging_mixin.py:190} INFO - [2026-08-10T19:42:20.622+0000] {dag.py:4180} INFO - Setting next_dagrun for dag_extract_putevoy_list to 2026-08-10 02:00:00+00:00, run_after=2026-08-11 02:00:00+00:00
[2026-08-10T19:42:20.630+0000] {processor.py:208} INFO - Processing /opt/airflow/dags/dag_extract_putevoy_list.py took 0.045 seconds
[2026-08-10T19:42:51.032+0000] {processor.py:186} INFO - Started process (PID=3062) to work on /opt/airflow/dags/dag_extract_putevoy_list.py
[2026-08-10T19:42:51.033+0000] {processor.py:914} INFO - Processing file /opt/airflow/dags/dag_extract_putevoy_list.py for tasks to queue
[2026-08-10T19:42:51.034+0000] {logging_mixin.py:190} INFO - [2026-08-10T19:42:51.034+0000] {dagbag.py:588} INFO - Filling up the DagBag from /opt/airflow/dags/dag_extract_putevoy_list.py
[2026-08-10T19:42:51.044+0000] {processor.py:925} INFO - DAG(s) 'dag_extract_putevoy_list' retrieved from /opt/airflow/dags/dag_extract_putevoy_list.py
[2026-08-10T19:42:51.058+0000] {logging_mixin.py:190} INFO - [2026-08-10T19:42:51.058+0000] {dag.py:3239} INFO - Sync 1 DAGs
[2026-08-10T19:42:51.068+0000] {logging_mixin.py:190} INFO - [2026-08-10T19:42:51.068+0000] {dag.py:4180} INFO - Setting next_dagrun for dag_extract_putevoy_list to 2026-08-10 02:00:00+00:00, run_after=2026-08-11 02:00:00+00:00
[2026-08-10T19:42:51.078+0000] {processor.py:208} INFO - Processing /opt/airflow/dags/dag_extract_putevoy_list.py took 0.052 seconds
[2026-08-10T19:43:21.490+0000] {processor.py:186} INFO - Started process (PID=3082) to work on /opt/airflow/dags/dag_extract_putevoy_list.py
[2026-08-10T19:43:21.491+0000] {processor.py:914} INFO - Processing file /opt/airflow/dags/dag_extract_putevoy_list.py for tasks to queue
[2026-08-10T19:43:21.492+0000] {logging_mixin.py:190} INFO - [2026-08-10T19:43:21.492+0000] {dagbag.py:588} INFO - Filling up the DagBag from /opt/airflow/dags/dag_extract_putevoy_list.py
[2026-08-10T19:43:21.501+0000] {processor.py:925} INFO - DAG(s) 'dag_extract_putevoy_list' retrieved from /opt/airflow/dags/dag_extract_putevoy_list.py
[2026-08-10T19:43:21.515+0000] {logging_mixin.py:190} INFO - [2026-08-10T19:43:21.515+0000] {dag.py:3239} INFO - Sync 1 DAGs
[2026-08-10T19:43:21.525+0000] {logging_mixin.py:190} INFO - [2026-08-10T19:43:21.525+0000] {dag.py:4180} INFO - Setting next_dagrun for dag_extract_putevoy_list to 2026-08-10 02:00:00+00:00, run_after=2026-08-11 02:00:00+00:00
[2026-08-10T19:43:21.534+0000] {processor.py:208} INFO - Processing /opt/airflow/dags/dag_extract_putevoy_list.py took 0.049 seconds
[2026-08-10T19:43:51.954+0000] {processor.py:186} INFO - Started process (PID=3102) to work on /opt/airflow/dags/dag_extract_putevoy_list.py
[2026-08-10T19:43:51.956+0000] {processor.py:914} INFO - Processing file /opt/airflow/dags/dag_extract_putevoy_list.py for tasks to queue
[2026-08-10T19:43:51.958+0000] {logging_mixin.py:190} INFO - [2026-08-10T19:43:51.958+0000] {dagbag.py:588} INFO - Filling up the DagBag from /opt/airflow/dags/dag_extract_putevoy_list.py
[2026-08-10T19:43:51.969+0000] {processor.py:925} INFO - DAG(s) 'dag_extract_putevoy_list' retrieved from /opt/airflow/dags/dag_extract_putevoy_list.py
[2026-08-10T19:43:51.984+0000] {logging_mixin.py:190} INFO - [2026-08-10T19:43:51.984+0000] {dag.py:3239} INFO - Sync 1 DAGs
[2026-08-10T19:43:51.993+0000] {logging_mixin.py:190} INFO - [2026-08-10T19:43:51.993+0000] {dag.py:4180} INFO - Setting next_dagrun for dag_extract_putevoy_list to 2026-08-10 02:00:00+00:00, run_after=2026-08-11 02:00:00+00:00
[2026-08-10T19:43:52.000+0000] {processor.py:208} INFO - Processing /opt/airflow/dags/dag_extract_putevoy_list.py took 0.051 seconds
[2026-08-10T19:44:22.482+0000] {processor.py:186} INFO - Started process (PID=3122) to work on /opt/airflow/dags/dag_extract_putevoy_list.py
[2026-08-10T19:44:22.483+0000] {processor.py:914} INFO - Processing file /opt/airflow/dags/dag_extract_putevoy_list.py for tasks to queue
[2026-08-10T19:44:22.485+0000] {logging_mixin.py:190} INFO - [2026-08-10T19:44:22.484+0000] {dagbag.py:588} INFO - Filling up the DagBag from /opt/airflow/dags/dag_extract_putevoy_list.py
[2026-08-10T19:44:22.495+0000] {processor.py:925} INFO - DAG(s) 'dag_extract_putevoy_list' retrieved from /opt/airflow/dags/dag_extract_putevoy_list.py
[2026-08-10T19:44:22.507+0000] {logging_mixin.py:190} INFO - [2026-08-10T19:44:22.507+0000] {dag.py:3239} INFO - Sync 1 DAGs
[2026-08-10T19:44:22.515+0000] {logging_mixin.py:190} INFO - [2026-08-10T19:44:22.515+0000] {dag.py:4180} INFO - Setting next_dagrun for dag_extract_putevoy_list to 2026-08-10 02:00:00+00:00, run_after=2026-08-11 02:00:00+00:00
[2026-08-10T19:44:22.525+0000] {processor.py:208} INFO - Processing /opt/airflow/dags/dag_extract_putevoy_list.py took 0.048 seconds
[2026-08-10T19:44:52.974+0000] {processor.py:186} INFO - Started process (PID=3142) to work on /opt/airflow/dags/dag_extract_putevoy_list.py
[2026-08-10T19:44:52.975+0000] {processor.py:914} INFO - Processing file /opt/airflow/dags/dag_extract_putevoy_list.py for tasks to queue
[2026-08-10T19:44:52.977+0000] {logging_mixin.py:190} INFO - [2026-08-10T19:44:52.977+0000] {dagbag.py:588} INFO - Filling up the DagBag from /opt/airflow/dags/dag_extract_putevoy_list.py
[2026-08-10T19:44:52.989+0000] {processor.py:925} INFO - DAG(s) 'dag_extract_putevoy_list' retrieved from /opt/airflow/dags/dag_extract_putevoy_list.py
[2026-08-10T19:44:53.002+0000] {logging_mixin.py:190} INFO - [2026-08-10T19:44:53.002+0000] {dag.py:3239} INFO - Sync 1 DAGs
[2026-08-10T19:44:53.011+0000] {logging_mixin.py:190} INFO - [2026-08-10T19:44:53.010+0000] {dag.py:4180} INFO - Setting next_dagrun for dag_extract_putevoy_list to 2026-08-10 02:00:00+00:00, run_after=2026-08-11 02:00:00+00:00
[2026-08-10T19:44:53.019+0000] {processor.py:208} INFO - Processing /opt/airflow/dags/dag_extract_putevoy_list.py took 0.050 seconds
[2026-08-10T19:45:23.467+0000] {processor.py:186} INFO - Started process (PID=3162) to work on /opt/airflow/dags/dag_extract_putevoy_list.py
[2026-08-10T19:45:23.468+0000] {processor.py:914} INFO - Processing file /opt/airflow/dags/dag_extract_putevoy_list.py for tasks to queue
[2026-08-10T19:45:23.470+0000] {logging_mixin.py:190} INFO - [2026-08-10T19:45:23.470+0000] {dagbag.py:588} INFO - Filling up the DagBag from /opt/airflow/dags/dag_extract_putevoy_list.py
[2026-08-10T19:45:23.480+0000] {processor.py:925} INFO - DAG(s) 'dag_extract_putevoy_list' retrieved from /opt/airflow/dags/dag_extract_putevoy_list.py
[2026-08-10T19:45:23.493+0000] {logging_mixin.py:190} INFO - [2026-08-10T19:45:23.493+0000] {dag.py:3239} INFO - Sync 1 DAGs
[2026-08-10T19:45:23.501+0000] {logging_mixin.py:190} INFO - [2026-08-10T19:45:23.501+0000] {dag.py:4180} INFO - Setting next_dagrun for dag_extract_putevoy_list to 2026-08-10 02:00:00+00:00, run_after=2026-08-11 02:00:00+00:00
[2026-08-10T19:45:23.508+0000] {processor.py:208} INFO - Processing /opt/airflow/dags/dag_extract_putevoy_list.py took 0.045 seconds
[2026-08-10T19:45:53.957+0000] {processor.py:186} INFO - Started process (PID=3182) to work on /opt/airflow/dags/dag_extract_putevoy_list.py
[2026-08-10T19:45:53.959+0000] {processor.py:914} INFO - Processing file /opt/airflow/dags/dag_extract_putevoy_list.py for tasks to queue
[2026-08-10T19:45:53.960+0000] {logging_mixin.py:190} INFO - [2026-08-10T19:45:53.960+0000] {dagbag.py:588} INFO - Filling up the DagBag from /opt/airflow/dags/dag_extract_putevoy_list.py
[2026-08-10T19:45:53.968+0000] {processor.py:925} INFO - DAG(s) 'dag_extract_putevoy_list' retrieved from /opt/airflow/dags/dag_extract_putevoy_list.py
[2026-08-10T19:45:53.981+0000] {logging_mixin.py:190} INFO - [2026-08-10T19:45:53.981+0000] {dag.py:3239} INFO - Sync 1 DAGs
[2026-08-10T19:45:53.990+0000] {logging_mixin.py:190} INFO - [2026-08-10T19:45:53.990+0000] {dag.py:4180} INFO - Setting next_dagrun for dag_extract_putevoy_list to 2026-08-10 02:00:00+00:00, run_after=2026-08-11 02:00:00+00:00
[2026-08-10T19:45:53.998+0000] {processor.py:208} INFO - Processing /opt/airflow/dags/dag_extract_putevoy_list.py took 0.044 seconds
[2026-08-10T19:46:24.452+0000] {processor.py:186} INFO - Started process (PID=3202) to work on /opt/airflow/dags/dag_extract_putevoy_list.py
[2026-08-10T19:46:24.452+0000] {processor.py:914} INFO - Processing file /opt/airflow/dags/dag_extract_putevoy_list.py for tasks to queue
[2026-08-10T19:46:24.454+0000] {logging_mixin.py:190} INFO - [2026-08-10T19:46:24.454+0000] {dagbag.py:588} INFO - Filling up the DagBag from /opt/airflow/dags/dag_extract_putevoy_list.py
[2026-08-10T19:46:24.461+0000] {processor.py:925} INFO - DAG(s) 'dag_extract_putevoy_list' retrieved from /opt/airflow/dags/dag_extract_putevoy_list.py
[2026-08-10T19:46:24.475+0000] {logging_mixin.py:190} INFO - [2026-08-10T19:46:24.474+0000] {dag.py:3239} INFO - Sync 1 DAGs
[2026-08-10T19:46:24.485+0000] {logging_mixin.py:190} INFO - [2026-08-10T19:46:24.485+0000] {dag.py:4180} INFO - Setting next_dagrun for dag_extract_putevoy_list to 2026-08-10 02:00:00+00:00, run_after=2026-08-11 02:00:00+00:00
[2026-08-10T19:46:24.493+0000] {processor.py:208} INFO - Processing /opt/airflow/dags/dag_extract_putevoy_list.py took 0.047 seconds
[2026-08-10T19:46:54.861+0000] {processor.py:186} INFO - Started process (PID=3222) to work on /opt/airflow/dags/dag_extract_putevoy_list.py
[2026-08-10T19:46:54.863+0000] {processor.py:914} INFO - Processing file /opt/airflow/dags/dag_extract_putevoy_list.py for tasks to queue
[2026-08-10T19:46:54.865+0000] {logging_mixin.py:190} INFO - [2026-08-10T19:46:54.865+0000] {dagbag.py:588} INFO - Filling up the DagBag from /opt/airflow/dags/dag_extract_putevoy_list.py
[2026-08-10T19:46:54.871+0000] {processor.py:925} INFO - DAG(s) 'dag_extract_putevoy_list' retrieved from /opt/airflow/dags/dag_extract_putevoy_list.py
[2026-08-10T19:46:54.888+0000] {logging_mixin.py:190} INFO - [2026-08-10T19:46:54.888+0000] {dag.py:3239} INFO - Sync 1 DAGs
[2026-08-10T19:46:54.896+0000] {logging_mixin.py:190} INFO - [2026-08-10T19:46:54.896+0000] {dag.py:4180} INFO - Setting next_dagrun for dag_extract_putevoy_list to 2026-08-10 02:00:00+00:00, run_after=2026-08-11 02:00:00+00:00
[2026-08-10T19:46:54.905+0000] {processor.py:208} INFO - Processing /opt/airflow/dags/dag_extract_putevoy_list.py took 0.048 seconds
[2026-08-10T19:47:25.397+0000] {processor.py:186} INFO - Started process (PID=3242) to work on /opt/airflow/dags/dag_extract_putevoy_list.py
[2026-08-10T19:47:25.398+0000] {processor.py:914} INFO - Processing file /opt/airflow/dags/dag_extract_putevoy_list.py for tasks to queue
[2026-08-10T19:47:25.400+0000] {logging_mixin.py:190} INFO - [2026-08-10T19:47:25.400+0000] {dagbag.py:588} INFO - Filling up the DagBag from /opt/airflow/dags/dag_extract_putevoy_list.py
[2026-08-10T19:47:25.409+0000] {processor.py:925} INFO - DAG(s) 'dag_extract_putevoy_list' retrieved from /opt/airflow/dags/dag_extract_putevoy_list.py
[2026-08-10T19:47:25.421+0000] {logging_mixin.py:190} INFO - [2026-08-10T19:47:25.421+0000] {dag.py:3239} INFO - Sync 1 DAGs
[2026-08-10T19:47:25.429+0000] {logging_mixin.py:190} INFO - [2026-08-10T19:47:25.429+0000] {dag.py:4180} INFO - Setting next_dagrun for dag_extract_putevoy_list to 2026-08-10 02:00:00+00:00, run_after=2026-08-11 02:00:00+00:00
[2026-08-10T19:47:25.437+0000] {processor.py:208} INFO - Processing /opt/airflow/dags/dag_extract_putevoy_list.py took 0.045 seconds
[2026-08-10T19:47:55.845+0000] {processor.py:186} INFO - Started process (PID=3262) to work on /opt/airflow/dags/dag_extract_putevoy_list.py
[2026-08-10T19:47:55.845+0000] {processor.py:914} INFO - Processing file /opt/airflow/dags/dag_extract_putevoy_list.py for tasks to queue
[2026-08-10T19:47:55.847+0000] {logging_mixin.py:190} INFO - [2026-08-10T19:47:55.847+0000] {dagbag.py:588} INFO - Filling up the DagBag from /opt/airflow/dags/dag_extract_putevoy_list.py
[2026-08-10T19:47:55.855+0000] {processor.py:925} INFO - DAG(s) 'dag_extract_putevoy_list' retrieved from /opt/airflow/dags/dag_extract_putevoy_list.py
[2026-08-10T19:47:55.869+0000] {logging_mixin.py:190} INFO - [2026-08-10T19:47:55.868+0000] {dag.py:3239} INFO - Sync 1 DAGs
[2026-08-10T19:47:55.878+0000] {logging_mixin.py:190} INFO - [2026-08-10T19:47:55.878+0000] {dag.py:4180} INFO - Setting next_dagrun for dag_extract_putevoy_list to 2026-08-10 02:00:00+00:00, run_after=2026-08-11 02:00:00+00:00
[2026-08-10T19:47:55.887+0000] {processor.py:208} INFO - Processing /opt/airflow/dags/dag_extract_putevoy_list.py took 0.045 seconds
[2026-08-10T19:48:26.330+0000] {processor.py:186} INFO - Started process (PID=3282) to work on /opt/airflow/dags/dag_extract_putevoy_list.py
[2026-08-10T19:48:26.331+0000] {processor.py:914} INFO - Processing file /opt/airflow/dags/dag_extract_putevoy_list.py for tasks to queue
[2026-08-10T19:48:26.333+0000] {logging_mixin.py:190} INFO - [2026-08-10T19:48:26.333+0000] {dagbag.py:588} INFO - Filling up the DagBag from /opt/airflow/dags/dag_extract_putevoy_list.py
[2026-08-10T19:48:26.342+0000] {processor.py:925} INFO - DAG(s) 'dag_extract_putevoy_list' retrieved from /opt/airflow/dags/dag_extract_putevoy_list.py
[2026-08-10T19:48:26.357+0000] {logging_mixin.py:190} INFO - [2026-08-10T19:48:26.357+0000] {dag.py:3239} INFO - Sync 1 DAGs
[2026-08-10T19:48:26.368+0000] {logging_mixin.py:190} INFO - [2026-08-10T19:48:26.368+0000] {dag.py:4180} INFO - Setting next_dagrun for dag_extract_putevoy_list to 2026-08-10 02:00:00+00:00, run_after=2026-08-11 02:00:00+00:00
[2026-08-10T19:48:26.376+0000] {processor.py:208} INFO - Processing /opt/airflow/dags/dag_extract_putevoy_list.py took 0.050 seconds
[2026-08-10T19:48:56.791+0000] {processor.py:186} INFO - Started process (PID=3302) to work on /opt/airflow/dags/dag_extract_putevoy_list.py
[2026-08-10T19:48:56.792+0000] {processor.py:914} INFO - Processing file /opt/airflow/dags/dag_extract_putevoy_list.py for tasks to queue
[2026-08-10T19:48:56.794+0000] {logging_mixin.py:190} INFO - [2026-08-10T19:48:56.794+0000] {dagbag.py:588} INFO - Filling up the DagBag from /opt/airflow/dags/dag_extract_putevoy_list.py
[2026-08-10T19:48:56.803+0000] {processor.py:925} INFO - DAG(s) 'dag_extract_putevoy_list' retrieved from /opt/airflow/dags/dag_extract_putevoy_list.py
[2026-08-10T19:48:56.817+0000] {logging_mixin.py:190} INFO - [2026-08-10T19:48:56.817+0000] {dag.py:3239} INFO - Sync 1 DAGs
[2026-08-10T19:48:56.829+0000] {logging_mixin.py:190} INFO - [2026-08-10T19:48:56.829+0000] {dag.py:4180} INFO - Setting next_dagrun for dag_extract_putevoy_list to 2026-08-10 02:00:00+00:00, run_after=2026-08-11 02:00:00+00:00
[2026-08-10T19:48:56.839+0000] {processor.py:208} INFO - Processing /opt/airflow/dags/dag_extract_putevoy_list.py took 0.053 seconds
[2026-08-10T19:49:27.191+0000] {processor.py:186} INFO - Started process (PID=3322) to work on /opt/airflow/dags/dag_extract_putevoy_list.py
[2026-08-10T19:49:27.192+0000] {processor.py:914} INFO - Processing file /opt/airflow/dags/dag_extract_putevoy_list.py for tasks to queue
[2026-08-10T19:49:27.194+0000] {logging_mixin.py:190} INFO - [2026-08-10T19:49:27.194+0000] {dagbag.py:588} INFO - Filling up the DagBag from /opt/airflow/dags/dag_extract_putevoy_list.py
[2026-08-10T19:49:27.203+0000] {processor.py:925} INFO - DAG(s) 'dag_extract_putevoy_list' retrieved from /opt/airflow/dags/dag_extract_putevoy_list.py
[2026-08-10T19:49:27.218+0000] {logging_mixin.py:190} INFO - [2026-08-10T19:49:27.218+0000] {dag.py:3239} INFO - Sync 1 DAGs
[2026-08-10T19:49:27.227+0000] {logging_mixin.py:190} INFO - [2026-08-10T19:49:27.227+0000] {dag.py:4180} INFO - Setting next_dagrun for dag_extract_putevoy_list to 2026-08-10 02:00:00+00:00, run_after=2026-08-11 02:00:00+00:00
[2026-08-10T19:49:27.236+0000] {processor.py:208} INFO - Processing /opt/airflow/dags/dag_extract_putevoy_list.py took 0.051 seconds
[2026-08-10T19:49:57.595+0000] {processor.py:186} INFO - Started process (PID=3342) to work on /opt/airflow/dags/dag_extract_putevoy_list.py
[2026-08-10T19:49:57.596+0000] {processor.py:914} INFO - Processing file /opt/airflow/dags/dag_extract_putevoy_list.py for tasks to queue
[2026-08-10T19:49:57.597+0000] {logging_mixin.py:190} INFO - [2026-08-10T19:49:57.597+0000] {dagbag.py:588} INFO - Filling up the DagBag from /opt/airflow/dags/dag_extract_putevoy_list.py
[2026-08-10T19:49:57.604+0000] {processor.py:925} INFO - DAG(s) 'dag_extract_putevoy_list' retrieved from /opt/airflow/dags/dag_extract_putevoy_list.py
[2026-08-10T19:49:57.618+0000] {logging_mixin.py:190} INFO - [2026-08-10T19:49:57.618+0000] {dag.py:3239} INFO - Sync 1 DAGs
[2026-08-10T19:49:57.630+0000] {logging_mixin.py:190} INFO - [2026-08-10T19:49:57.630+0000] {dag.py:4180} INFO - Setting next_dagrun for dag_extract_putevoy_list to 2026-08-10 02:00:00+00:00, run_after=2026-08-11 02:00:00+00:00
[2026-08-10T19:49:57.637+0000] {processor.py:208} INFO - Processing /opt/airflow/dags/dag_extract_putevoy_list.py took 0.046 seconds
[2026-08-10T19:50:27.959+0000] {processor.py:186} INFO - Started process (PID=3362) to work on /opt/airflow/dags/dag_extract_putevoy_list.py
[2026-08-10T19:50:27.960+0000] {processor.py:914} INFO - Processing file /opt/airflow/dags/dag_extract_putevoy_list.py for tasks to queue
[2026-08-10T19:50:27.961+0000] {logging_mixin.py:190} INFO - [2026-08-10T19:50:27.961+0000] {dagbag.py:588} INFO - Filling up the DagBag from /opt/airflow/dags/dag_extract_putevoy_list.py
[2026-08-10T19:50:27.969+0000] {processor.py:925} INFO - DAG(s) 'dag_extract_putevoy_list' retrieved from /opt/airflow/dags/dag_extract_putevoy_list.py
[2026-08-10T19:50:27.983+0000] {logging_mixin.py:190} INFO - [2026-08-10T19:50:27.982+0000] {dag.py:3239} INFO - Sync 1 DAGs
[2026-08-10T19:50:27.991+0000] {logging_mixin.py:190} INFO - [2026-08-10T19:50:27.991+0000] {dag.py:4180} INFO - Setting next_dagrun for dag_extract_putevoy_list to 2026-08-10 02:00:00+00:00, run_after=2026-08-11 02:00:00+00:00
[2026-08-10T19:50:28.000+0000] {processor.py:208} INFO - Processing /opt/airflow/dags/dag_extract_putevoy_list.py took 0.045 seconds
[2026-08-10T19:50:58.368+0000] {processor.py:186} INFO - Started process (PID=3382) to work on /opt/airflow/dags/dag_extract_putevoy_list.py
[2026-08-10T19:50:58.369+0000] {processor.py:914} INFO - Processing file /opt/airflow/dags/dag_extract_putevoy_list.py for tasks to queue
[2026-08-10T19:50:58.372+0000] {logging_mixin.py:190} INFO - [2026-08-10T19:50:58.371+0000] {dagbag.py:588} INFO - Filling up the DagBag from /opt/airflow/dags/dag_extract_putevoy_list.py
[2026-08-10T19:50:58.382+0000] {processor.py:925} INFO - DAG(s) 'dag_extract_putevoy_list' retrieved from /opt/airflow/dags/dag_extract_putevoy_list.py
[2026-08-10T19:50:58.397+0000] {logging_mixin.py:190} INFO - [2026-08-10T19:50:58.397+0000] {dag.py:3239} INFO - Sync 1 DAGs
[2026-08-10T19:50:58.406+0000] {logging_mixin.py:190} INFO - [2026-08-10T19:50:58.406+0000] {dag.py:4180} INFO - Setting next_dagrun for dag_extract_putevoy_list to 2026-08-10 02:00:00+00:00, run_after=2026-08-11 02:00:00+00:00
[2026-08-10T19:50:58.414+0000] {processor.py:208} INFO - Processing /opt/airflow/dags/dag_extract_putevoy_list.py took 0.051 seconds
[2026-08-10T19:51:28.811+0000] {processor.py:186} INFO - Started process (PID=3402) to work on /opt/airflow/dags/dag_extract_putevoy_list.py
[2026-08-10T19:51:28.813+0000] {processor.py:914} INFO - Processing file /opt/airflow/dags/dag_extract_putevoy_list.py for tasks to queue
[2026-08-10T19:51:28.815+0000] {logging_mixin.py:190} INFO - [2026-08-10T19:51:28.814+0000] {dagbag.py:588} INFO - Filling up the DagBag from /opt/airflow/dags/dag_extract_putevoy_list.py
[2026-08-10T19:51:28.822+0000] {processor.py:925} INFO - DAG(s) 'dag_extract_putevoy_list' retrieved from /opt/airflow/dags/dag_extract_putevoy_list.py
[2026-08-10T19:51:28.834+0000] {logging_mixin.py:190} INFO - [2026-08-10T19:51:28.834+0000] {dag.py:3239} INFO - Sync 1 DAGs
[2026-08-10T19:51:28.843+0000] {logging_mixin.py:190} INFO - [2026-08-10T19:51:28.843+0000] {dag.py:4180} INFO - Setting next_dagrun for dag_extract_putevoy_list to 2026-08-10 02:00:00+00:00, run_after=2026-08-11 02:00:00+00:00
[2026-08-10T19:51:28.855+0000] {processor.py:208} INFO - Processing /opt/airflow/dags/dag_extract_putevoy_list.py took 0.048 seconds
[2026-08-10T19:51:59.227+0000] {processor.py:186} INFO - Started process (PID=3422) to work on /opt/airflow/dags/dag_extract_putevoy_list.py
[2026-08-10T19:51:59.229+0000] {processor.py:914} INFO - Processing file /opt/airflow/dags/dag_extract_putevoy_list.py for tasks to queue
[2026-08-10T19:51:59.230+0000] {logging_mixin.py:190} INFO - [2026-08-10T19:51:59.230+0000] {dagbag.py:588} INFO - Filling up the DagBag from /opt/airflow/dags/dag_extract_putevoy_list.py
[2026-08-10T19:51:59.236+0000] {processor.py:925} INFO - DAG(s) 'dag_extract_putevoy_list' retrieved from /opt/airflow/dags/dag_extract_putevoy_list.py
[2026-08-10T19:51:59.249+0000] {logging_mixin.py:190} INFO - [2026-08-10T19:51:59.249+0000] {dag.py:3239} INFO - Sync 1 DAGs
[2026-08-10T19:51:59.257+0000] {logging_mixin.py:190} INFO - [2026-08-10T19:51:59.257+0000] {dag.py:4180} INFO - Setting next_dagrun for dag_extract_putevoy_list to 2026-08-10 02:00:00+00:00, run_after=2026-08-11 02:00:00+00:00
[2026-08-10T19:51:59.265+0000] {processor.py:208} INFO - Processing /opt/airflow/dags/dag_extract_putevoy_list.py took 0.041 seconds
[2026-08-10T19:52:29.673+0000] {processor.py:186} INFO - Started process (PID=3442) to work on /opt/airflow/dags/dag_extract_putevoy_list.py
[2026-08-10T19:52:29.674+0000] {processor.py:914} INFO - Processing file /opt/airflow/dags/dag_extract_putevoy_list.py for tasks to queue
[2026-08-10T19:52:29.676+0000] {logging_mixin.py:190} INFO - [2026-08-10T19:52:29.675+0000] {dagbag.py:588} INFO - Filling up the DagBag from /opt/airflow/dags/dag_extract_putevoy_list.py
[2026-08-10T19:52:29.685+0000] {processor.py:925} INFO - DAG(s) 'dag_extract_putevoy_list' retrieved from /opt/airflow/dags/dag_extract_putevoy_list.py
[2026-08-10T19:52:29.700+0000] {logging_mixin.py:190} INFO - [2026-08-10T19:52:29.700+0000] {dag.py:3239} INFO - Sync 1 DAGs
[2026-08-10T19:52:29.709+0000] {logging_mixin.py:190} INFO - [2026-08-10T19:52:29.709+0000] {dag.py:4180} INFO - Setting next_dagrun for dag_extract_putevoy_list to 2026-08-10 02:00:00+00:00, run_after=2026-08-11 02:00:00+00:00
[2026-08-10T19:52:29.715+0000] {processor.py:208} INFO - Processing /opt/airflow/dags/dag_extract_putevoy_list.py took 0.047 seconds
[2026-08-10T19:53:00.068+0000] {processor.py:186} INFO - Started process (PID=3462) to work on /opt/airflow/dags/dag_extract_putevoy_list.py
[2026-08-10T19:53:00.070+0000] {processor.py:914} INFO - Processing file /opt/airflow/dags/dag_extract_putevoy_list.py for tasks to queue
[2026-08-10T19:53:00.071+0000] {logging_mixin.py:190} INFO - [2026-08-10T19:53:00.071+0000] {dagbag.py:588} INFO - Filling up the DagBag from /opt/airflow/dags/dag_extract_putevoy_list.py
[2026-08-10T19:53:00.079+0000] {processor.py:925} INFO - DAG(s) 'dag_extract_putevoy_list' retrieved from /opt/airflow/dags/dag_extract_putevoy_list.py
[2026-08-10T19:53:00.092+0000] {logging_mixin.py:190} INFO - [2026-08-10T19:53:00.092+0000] {dag.py:3239} INFO - Sync 1 DAGs
[2026-08-10T19:53:00.104+0000] {logging_mixin.py:190} INFO - [2026-08-10T19:53:00.104+0000] {dag.py:4180} INFO - Setting next_dagrun for dag_extract_putevoy_list to 2026-08-10 02:00:00+00:00, run_after=2026-08-11 02:00:00+00:00
[2026-08-10T19:53:00.113+0000] {processor.py:208} INFO - Processing /opt/airflow/dags/dag_extract_putevoy_list.py took 0.049 seconds
[2026-08-10T19:53:30.498+0000] {processor.py:186} INFO - Started process (PID=3482) to work on /opt/airflow/dags/dag_extract_putevoy_list.py
[2026-08-10T19:53:30.499+0000] {processor.py:914} INFO - Processing file /opt/airflow/dags/dag_extract_putevoy_list.py for tasks to queue
[2026-08-10T19:53:30.502+0000] {logging_mixin.py:190} INFO - [2026-08-10T19:53:30.502+0000] {dagbag.py:588} INFO - Filling up the DagBag from /opt/airflow/dags/dag_extract_putevoy_list.py
[2026-08-10T19:53:30.509+0000] {processor.py:925} INFO - DAG(s) 'dag_extract_putevoy_list' retrieved from /opt/airflow/dags/dag_extract_putevoy_list.py
[2026-08-10T19:53:30.523+0000] {logging_mixin.py:190} INFO - [2026-08-10T19:53:30.522+0000] {dag.py:3239} INFO - Sync 1 DAGs
[2026-08-10T19:53:30.532+0000] {logging_mixin.py:190} INFO - [2026-08-10T19:53:30.531+0000] {dag.py:4180} INFO - Setting next_dagrun for dag_extract_putevoy_list to 2026-08-10 02:00:00+00:00, run_after=2026-08-11 02:00:00+00:00
[2026-08-10T19:53:30.542+0000] {processor.py:208} INFO - Processing /opt/airflow/dags/dag_extract_putevoy_list.py took 0.049 seconds
[2026-08-10T19:54:00.954+0000] {processor.py:186} INFO - Started process (PID=3502) to work on /opt/airflow/dags/dag_extract_putevoy_list.py
[2026-08-10T19:54:00.955+0000] {processor.py:914} INFO - Processing file /opt/airflow/dags/dag_extract_putevoy_list.py for tasks to queue
[2026-08-10T19:54:00.956+0000] {logging_mixin.py:190} INFO - [2026-08-10T19:54:00.956+0000] {dagbag.py:588} INFO - Filling up the DagBag from /opt/airflow/dags/dag_extract_putevoy_list.py
[2026-08-10T19:54:00.967+0000] {processor.py:925} INFO - DAG(s) 'dag_extract_putevoy_list' retrieved from /opt/airflow/dags/dag_extract_putevoy_list.py
[2026-08-10T19:54:00.981+0000] {logging_mixin.py:190} INFO - [2026-08-10T19:54:00.981+0000] {dag.py:3239} INFO - Sync 1 DAGs
[2026-08-10T19:54:00.990+0000] {logging_mixin.py:190} INFO - [2026-08-10T19:54:00.990+0000] {dag.py:4180} INFO - Setting next_dagrun for dag_extract_putevoy_list to 2026-08-10 02:00:00+00:00, run_after=2026-08-11 02:00:00+00:00
[2026-08-10T19:54:00.997+0000] {processor.py:208} INFO - Processing /opt/airflow/dags/dag_extract_putevoy_list.py took 0.047 seconds
[2026-08-10T19:54:31.383+0000] {processor.py:186} INFO - Started process (PID=3522) to work on /opt/airflow/dags/dag_extract_putevoy_list.py
[2026-08-10T19:54:31.384+0000] {processor.py:914} INFO - Processing file /opt/airflow/dags/dag_extract_putevoy_list.py for tasks to queue
[2026-08-10T19:54:31.386+0000] {logging_mixin.py:190} INFO - [2026-08-10T19:54:31.386+0000] {dagbag.py:588} INFO - Filling up the DagBag from /opt/airflow/dags/dag_extract_putevoy_list.py
[2026-08-10T19:54:31.394+0000] {processor.py:925} INFO - DAG(s) 'dag_extract_putevoy_list' retrieved from /opt/airflow/dags/dag_extract_putevoy_list.py
[2026-08-10T19:54:31.406+0000] {logging_mixin.py:190} INFO - [2026-08-10T19:54:31.406+0000] {dag.py:3239} INFO - Sync 1 DAGs
[2026-08-10T19:54:31.416+0000] {logging_mixin.py:190} INFO - [2026-08-10T19:54:31.416+0000] {dag.py:4180} INFO - Setting next_dagrun for dag_extract_putevoy_list to 2026-08-10 02:00:00+00:00, run_after=2026-08-11 02:00:00+00:00
[2026-08-10T19:54:31.425+0000] {processor.py:208} INFO - Processing /opt/airflow/dags/dag_extract_putevoy_list.py took 0.047 seconds
[2026-08-10T19:55:01.809+0000] {processor.py:186} INFO - Started process (PID=3542) to work on /opt/airflow/dags/dag_extract_putevoy_list.py
[2026-08-10T19:55:01.810+0000] {processor.py:914} INFO - Processing file /opt/airflow/dags/dag_extract_putevoy_list.py for tasks to queue
[2026-08-10T19:55:01.812+0000] {logging_mixin.py:190} INFO - [2026-08-10T19:55:01.812+0000] {dagbag.py:588} INFO - Filling up the DagBag from /opt/airflow/dags/dag_extract_putevoy_list.py
[2026-08-10T19:55:01.823+0000] {processor.py:925} INFO - DAG(s) 'dag_extract_putevoy_list' retrieved from /opt/airflow/dags/dag_extract_putevoy_list.py
[2026-08-10T19:55:01.835+0000] {logging_mixin.py:190} INFO - [2026-08-10T19:55:01.835+0000] {dag.py:3239} INFO - Sync 1 DAGs
[2026-08-10T19:55:01.845+0000] {logging_mixin.py:190} INFO - [2026-08-10T19:55:01.845+0000] {dag.py:4180} INFO - Setting next_dagrun for dag_extract_putevoy_list to 2026-08-10 02:00:00+00:00, run_after=2026-08-11 02:00:00+00:00
[2026-08-10T19:55:01.853+0000] {processor.py:208} INFO - Processing /opt/airflow/dags/dag_extract_putevoy_list.py took 0.049 seconds
[2026-08-10T19:55:32.219+0000] {processor.py:186} INFO - Started process (PID=3562) to work on /opt/airflow/dags/dag_extract_putevoy_list.py
[2026-08-10T19:55:32.220+0000] {processor.py:914} INFO - Processing file /opt/airflow/dags/dag_extract_putevoy_list.py for tasks to queue
[2026-08-10T19:55:32.222+0000] {logging_mixin.py:190} INFO - [2026-08-10T19:55:32.222+0000] {dagbag.py:588} INFO - Filling up the DagBag from /opt/airflow/dags/dag_extract_putevoy_list.py
[2026-08-10T19:55:32.231+0000] {processor.py:925} INFO - DAG(s) 'dag_extract_putevoy_list' retrieved from /opt/airflow/dags/dag_extract_putevoy_list.py
[2026-08-10T19:55:32.244+0000] {logging_mixin.py:190} INFO - [2026-08-10T19:55:32.244+0000] {dag.py:3239} INFO - Sync 1 DAGs
[2026-08-10T19:55:32.253+0000] {logging_mixin.py:190} INFO - [2026-08-10T19:55:32.253+0000] {dag.py:4180} INFO - Setting next_dagrun for dag_extract_putevoy_list to 2026-08-10 02:00:00+00:00, run_after=2026-08-11 02:00:00+00:00
[2026-08-10T19:55:32.261+0000] {processor.py:208} INFO - Processing /opt/airflow/dags/dag_extract_putevoy_list.py took 0.047 seconds
[2026-08-10T19:56:02.650+0000] {processor.py:186} INFO - Started process (PID=3582) to work on /opt/airflow/dags/dag_extract_putevoy_list.py
[2026-08-10T19:56:02.651+0000] {processor.py:914} INFO - Processing file /opt/airflow/dags/dag_extract_putevoy_list.py for tasks to queue
[2026-08-10T19:56:02.653+0000] {logging_mixin.py:190} INFO - [2026-08-10T19:56:02.652+0000] {dagbag.py:588} INFO - Filling up the DagBag from /opt/airflow/dags/dag_extract_putevoy_list.py
[2026-08-10T19:56:02.662+0000] {processor.py:925} INFO - DAG(s) 'dag_extract_putevoy_list' retrieved from /opt/airflow/dags/dag_extract_putevoy_list.py
[2026-08-10T19:56:02.677+0000] {logging_mixin.py:190} INFO - [2026-08-10T19:56:02.677+0000] {dag.py:3239} INFO - Sync 1 DAGs
[2026-08-10T19:56:02.686+0000] {logging_mixin.py:190} INFO - [2026-08-10T19:56:02.686+0000] {dag.py:4180} INFO - Setting next_dagrun for dag_extract_putevoy_list to 2026-08-10 02:00:00+00:00, run_after=2026-08-11 02:00:00+00:00
[2026-08-10T19:56:02.695+0000] {processor.py:208} INFO - Processing /opt/airflow/dags/dag_extract_putevoy_list.py took 0.050 seconds
[2026-08-10T21:05:05.606+0000] {processor.py:186} INFO - Started process (PID=3605) to work on /opt/airflow/dags/dag_extract_putevoy_list.py
[2026-08-10T21:05:05.606+0000] {processor.py:914} INFO - Processing file /opt/airflow/dags/dag_extract_putevoy_list.py for tasks to queue
[2026-08-10T21:05:05.607+0000] {logging_mixin.py:190} INFO - [2026-08-10T21:05:05.607+0000] {dagbag.py:588} INFO - Filling up the DagBag from /opt/airflow/dags/dag_extract_putevoy_list.py
[2026-08-10T21:05:05.613+0000] {processor.py:925} INFO - DAG(s) 'dag_extract_putevoy_list' retrieved from /opt/airflow/dags/dag_extract_putevoy_list.py
[2026-08-10T21:05:05.625+0000] {logging_mixin.py:190} INFO - [2026-08-10T21:05:05.625+0000] {dag.py:3239} INFO - Sync 1 DAGs
[2026-08-10T21:05:05.633+0000] {logging_mixin.py:190} INFO - [2026-08-10T21:05:05.633+0000] {dag.py:4180} INFO - Setting next_dagrun for dag_extract_putevoy_list to 2026-08-10 02:00:00+00:00, run_after=2026-08-11 02:00:00+00:00
[2026-08-10T21:05:05.639+0000] {processor.py:208} INFO - Processing /opt/airflow/dags/dag_extract_putevoy_list.py took 0.037 seconds
[2026-08-10T21:05:36.090+0000] {processor.py:186} INFO - Started process (PID=3625) to work on /opt/airflow/dags/dag_extract_putevoy_list.py
[2026-08-10T21:05:36.091+0000] {processor.py:914} INFO - Processing file /opt/airflow/dags/dag_extract_putevoy_list.py for tasks to queue
[2026-08-10T21:05:36.093+0000] {logging_mixin.py:190} INFO - [2026-08-10T21:05:36.092+0000] {dagbag.py:588} INFO - Filling up the DagBag from /opt/airflow/dags/dag_extract_putevoy_list.py
[2026-08-10T21:05:36.099+0000] {processor.py:925} INFO - DAG(s) 'dag_extract_putevoy_list' retrieved from /opt/airflow/dags/dag_extract_putevoy_list.py
[2026-08-10T21:05:36.112+0000] {logging_mixin.py:190} INFO - [2026-08-10T21:05:36.112+0000] {dag.py:3239} INFO - Sync 1 DAGs
[2026-08-10T21:05:36.121+0000] {logging_mixin.py:190} INFO - [2026-08-10T21:05:36.121+0000] {dag.py:4180} INFO - Setting next_dagrun for dag_extract_putevoy_list to 2026-08-10 02:00:00+00:00, run_after=2026-08-11 02:00:00+00:00
[2026-08-10T21:05:36.126+0000] {processor.py:208} INFO - Processing /opt/airflow/dags/dag_extract_putevoy_list.py took 0.041 seconds
[2026-08-10T21:06:06.401+0000] {processor.py:186} INFO - Started process (PID=3645) to work on /opt/airflow/dags/dag_extract_putevoy_list.py
[2026-08-10T21:06:06.401+0000] {processor.py:914} INFO - Processing file /opt/airflow/dags/dag_extract_putevoy_list.py for tasks to queue
[2026-08-10T21:06:06.403+0000] {logging_mixin.py:190} INFO - [2026-08-10T21:06:06.402+0000] {dagbag.py:588} INFO - Filling up the DagBag from /opt/airflow/dags/dag_extract_putevoy_list.py
[2026-08-10T21:06:06.409+0000] {processor.py:925} INFO - DAG(s) 'dag_extract_putevoy_list' retrieved from /opt/airflow/dags/dag_extract_putevoy_list.py
[2026-08-10T21:06:06.421+0000] {logging_mixin.py:190} INFO - [2026-08-10T21:06:06.421+0000] {dag.py:3239} INFO - Sync 1 DAGs
[2026-08-10T21:06:06.430+0000] {logging_mixin.py:190} INFO - [2026-08-10T21:06:06.430+0000] {dag.py:4180} INFO - Setting next_dagrun for dag_extract_putevoy_list to 2026-08-10 02:00:00+00:00, run_after=2026-08-11 02:00:00+00:00
[2026-08-10T21:06:06.436+0000] {processor.py:208} INFO - Processing /opt/airflow/dags/dag_extract_putevoy_list.py took 0.039 seconds
[2026-08-10T21:06:36.895+0000] {processor.py:186} INFO - Started process (PID=3665) to work on /opt/airflow/dags/dag_extract_putevoy_list.py
[2026-08-10T21:06:36.896+0000] {processor.py:914} INFO - Processing file /opt/airflow/dags/dag_extract_putevoy_list.py for tasks to queue
[2026-08-10T21:06:36.899+0000] {logging_mixin.py:190} INFO - [2026-08-10T21:06:36.899+0000] {dagbag.py:588} INFO - Filling up the DagBag from /opt/airflow/dags/dag_extract_putevoy_list.py
[2026-08-10T21:06:36.906+0000] {processor.py:925} INFO - DAG(s) 'dag_extract_putevoy_list' retrieved from /opt/airflow/dags/dag_extract_putevoy_list.py
[2026-08-10T21:06:36.920+0000] {logging_mixin.py:190} INFO - [2026-08-10T21:06:36.920+0000] {dag.py:3239} INFO - Sync 1 DAGs
[2026-08-10T21:06:36.929+0000] {logging_mixin.py:190} INFO - [2026-08-10T21:06:36.929+0000] {dag.py:4180} INFO - Setting next_dagrun for dag_extract_putevoy_list to 2026-08-10 02:00:00+00:00, run_after=2026-08-11 02:00:00+00:00
[2026-08-10T21:06:36.938+0000] {processor.py:208} INFO - Processing /opt/airflow/dags/dag_extract_putevoy_list.py took 0.048 seconds
[2026-08-10T21:07:12.631+0000] {processor.py:186} INFO - Started process (PID=3685) to work on /opt/airflow/dags/dag_extract_putevoy_list.py
[2026-08-10T21:07:12.633+0000] {processor.py:914} INFO - Processing file /opt/airflow/dags/dag_extract_putevoy_list.py for tasks to queue
[2026-08-10T21:07:12.635+0000] {logging_mixin.py:190} INFO - [2026-08-10T21:07:12.635+0000] {dagbag.py:588} INFO - Filling up the DagBag from /opt/airflow/dags/dag_extract_putevoy_list.py
[2026-08-10T21:07:12.644+0000] {processor.py:925} INFO - DAG(s) 'dag_extract_putevoy_list' retrieved from /opt/airflow/dags/dag_extract_putevoy_list.py
[2026-08-10T21:07:12.660+0000] {logging_mixin.py:190} INFO - [2026-08-10T21:07:12.660+0000] {dag.py:3239} INFO - Sync 1 DAGs
[2026-08-10T21:07:12.668+0000] {logging_mixin.py:190} INFO - [2026-08-10T21:07:12.668+0000] {dag.py:4180} INFO - Setting next_dagrun for dag_extract_putevoy_list to 2026-08-10 02:00:00+00:00, run_after=2026-08-11 02:00:00+00:00
[2026-08-10T21:07:12.675+0000] {processor.py:208} INFO - Processing /opt/airflow/dags/dag_extract_putevoy_list.py took 0.048 seconds
[2026-08-10T21:41:07.898+0000] {processor.py:186} INFO - Started process (PID=3706) to work on /opt/airflow/dags/dag_extract_putevoy_list.py
[2026-08-10T21:41:07.899+0000] {processor.py:914} INFO - Processing file /opt/airflow/dags/dag_extract_putevoy_list.py for tasks to queue
[2026-08-10T21:41:07.900+0000] {logging_mixin.py:190} INFO - [2026-08-10T21:41:07.900+0000] {dagbag.py:588} INFO - Filling up the DagBag from /opt/airflow/dags/dag_extract_putevoy_list.py
[2026-08-10T21:41:07.909+0000] {processor.py:925} INFO - DAG(s) 'dag_extract_putevoy_list' retrieved from /opt/airflow/dags/dag_extract_putevoy_list.py
[2026-08-10T21:41:07.932+0000] {logging_mixin.py:190} INFO - [2026-08-10T21:41:07.931+0000] {dag.py:3239} INFO - Sync 1 DAGs
[2026-08-10T21:41:07.948+0000] {logging_mixin.py:190} INFO - [2026-08-10T21:41:07.948+0000] {dag.py:4180} INFO - Setting next_dagrun for dag_extract_putevoy_list to 2026-08-10 02:00:00+00:00, run_after=2026-08-11 02:00:00+00:00
[2026-08-10T21:41:07.960+0000] {processor.py:208} INFO - Processing /opt/airflow/dags/dag_extract_putevoy_list.py took 0.066 seconds
[2026-08-10T21:57:26.129+0000] {processor.py:186} INFO - Started process (PID=3728) to work on /opt/airflow/dags/dag_extract_putevoy_list.py
[2026-08-10T21:57:26.130+0000] {processor.py:914} INFO - Processing file /opt/airflow/dags/dag_extract_putevoy_list.py for tasks to queue
[2026-08-10T21:57:26.131+0000] {logging_mixin.py:190} INFO - [2026-08-10T21:57:26.131+0000] {dagbag.py:588} INFO - Filling up the DagBag from /opt/airflow/dags/dag_extract_putevoy_list.py
[2026-08-10T21:57:26.137+0000] {processor.py:925} INFO - DAG(s) 'dag_extract_putevoy_list' retrieved from /opt/airflow/dags/dag_extract_putevoy_list.py
[2026-08-10T21:57:26.148+0000] {logging_mixin.py:190} INFO - [2026-08-10T21:57:26.148+0000] {dag.py:3239} INFO - Sync 1 DAGs
[2026-08-10T21:57:26.156+0000] {logging_mixin.py:190} INFO - [2026-08-10T21:57:26.156+0000] {dag.py:4180} INFO - Setting next_dagrun for dag_extract_putevoy_list to 2026-08-10 02:00:00+00:00, run_after=2026-08-11 02:00:00+00:00
[2026-08-10T21:57:26.162+0000] {processor.py:208} INFO - Processing /opt/airflow/dags/dag_extract_putevoy_list.py took 0.036 seconds
[2026-08-10T22:31:27.267+0000] {processor.py:186} INFO - Started process (PID=3748) to work on /opt/airflow/dags/dag_extract_putevoy_list.py
[2026-08-10T22:31:27.268+0000] {processor.py:914} INFO - Processing file /opt/airflow/dags/dag_extract_putevoy_list.py for tasks to queue
[2026-08-10T22:31:27.269+0000] {logging_mixin.py:190} INFO - [2026-08-10T22:31:27.268+0000] {dagbag.py:588} INFO - Filling up the DagBag from /opt/airflow/dags/dag_extract_putevoy_list.py
[2026-08-10T22:31:27.274+0000] {processor.py:925} INFO - DAG(s) 'dag_extract_putevoy_list' retrieved from /opt/airflow/dags/dag_extract_putevoy_list.py
[2026-08-10T22:31:27.285+0000] {logging_mixin.py:190} INFO - [2026-08-10T22:31:27.285+0000] {dag.py:3239} INFO - Sync 1 DAGs
[2026-08-10T22:31:27.293+0000] {logging_mixin.py:190} INFO - [2026-08-10T22:31:27.293+0000] {dag.py:4180} INFO - Setting next_dagrun for dag_extract_putevoy_list to 2026-08-10 02:00:00+00:00, run_after=2026-08-11 02:00:00+00:00
[2026-08-10T22:31:27.298+0000] {processor.py:208} INFO - Processing /opt/airflow/dags/dag_extract_putevoy_list.py took 0.034 seconds
[2026-08-10T22:31:57.681+0000] {processor.py:186} INFO - Started process (PID=3768) to work on /opt/airflow/dags/dag_extract_putevoy_list.py
[2026-08-10T22:31:57.681+0000] {processor.py:914} INFO - Processing file /opt/airflow/dags/dag_extract_putevoy_list.py for tasks to queue
[2026-08-10T22:31:57.684+0000] {logging_mixin.py:190} INFO - [2026-08-10T22:31:57.684+0000] {dagbag.py:588} INFO - Filling up the DagBag from /opt/airflow/dags/dag_extract_putevoy_list.py
[2026-08-10T22:31:57.693+0000] {processor.py:925} INFO - DAG(s) 'dag_extract_putevoy_list' retrieved from /opt/airflow/dags/dag_extract_putevoy_list.py
[2026-08-10T22:31:57.706+0000] {logging_mixin.py:190} INFO - [2026-08-10T22:31:57.706+0000] {dag.py:3239} INFO - Sync 1 DAGs
[2026-08-10T22:31:57.715+0000] {logging_mixin.py:190} INFO - [2026-08-10T22:31:57.715+0000] {dag.py:4180} INFO - Setting next_dagrun for dag_extract_putevoy_list to 2026-08-10 02:00:00+00:00, run_after=2026-08-11 02:00:00+00:00
[2026-08-10T22:31:57.723+0000] {processor.py:208} INFO - Processing /opt/airflow/dags/dag_extract_putevoy_list.py took 0.047 seconds
[2026-08-10T22:32:33.761+0000] {processor.py:186} INFO - Started process (PID=3788) to work on /opt/airflow/dags/dag_extract_putevoy_list.py
[2026-08-10T22:32:33.763+0000] {processor.py:914} INFO - Processing file /opt/airflow/dags/dag_extract_putevoy_list.py for tasks to queue
[2026-08-10T22:32:33.764+0000] {logging_mixin.py:190} INFO - [2026-08-10T22:32:33.764+0000] {dagbag.py:588} INFO - Filling up the DagBag from /opt/airflow/dags/dag_extract_putevoy_list.py
[2026-08-10T22:32:33.776+0000] {processor.py:925} INFO - DAG(s) 'dag_extract_putevoy_list' retrieved from /opt/airflow/dags/dag_extract_putevoy_list.py
[2026-08-10T22:32:33.791+0000] {logging_mixin.py:190} INFO - [2026-08-10T22:32:33.791+0000] {dag.py:3239} INFO - Sync 1 DAGs
[2026-08-10T22:32:33.801+0000] {logging_mixin.py:190} INFO - [2026-08-10T22:32:33.801+0000] {dag.py:4180} INFO - Setting next_dagrun for dag_extract_putevoy_list to 2026-08-10 02:00:00+00:00, run_after=2026-08-11 02:00:00+00:00
[2026-08-10T22:32:33.809+0000] {processor.py:208} INFO - Processing /opt/airflow/dags/dag_extract_putevoy_list.py took 0.053 seconds
[2026-08-10T22:33:04.265+0000] {processor.py:186} INFO - Started process (PID=3808) to work on /opt/airflow/dags/dag_extract_putevoy_list.py
[2026-08-10T22:33:04.267+0000] {processor.py:914} INFO - Processing file /opt/airflow/dags/dag_extract_putevoy_list.py for tasks to queue
[2026-08-10T22:33:04.268+0000] {logging_mixin.py:190} INFO - [2026-08-10T22:33:04.268+0000] {dagbag.py:588} INFO - Filling up the DagBag from /opt/airflow/dags/dag_extract_putevoy_list.py
[2026-08-10T22:33:04.282+0000] {processor.py:925} INFO - DAG(s) 'dag_extract_putevoy_list' retrieved from /opt/airflow/dags/dag_extract_putevoy_list.py
[2026-08-10T22:33:04.296+0000] {logging_mixin.py:190} INFO - [2026-08-10T22:33:04.296+0000] {dag.py:3239} INFO - Sync 1 DAGs
[2026-08-10T22:33:04.305+0000] {logging_mixin.py:190} INFO - [2026-08-10T22:33:04.304+0000] {dag.py:4180} INFO - Setting next_dagrun for dag_extract_putevoy_list to 2026-08-10 02:00:00+00:00, run_after=2026-08-11 02:00:00+00:00
[2026-08-10T22:33:04.313+0000] {processor.py:208} INFO - Processing /opt/airflow/dags/dag_extract_putevoy_list.py took 0.052 seconds
[2026-08-10T22:33:41.929+0000] {processor.py:186} INFO - Started process (PID=3828) to work on /opt/airflow/dags/dag_extract_putevoy_list.py
[2026-08-10T22:33:41.930+0000] {processor.py:914} INFO - Processing file /opt/airflow/dags/dag_extract_putevoy_list.py for tasks to queue
[2026-08-10T22:33:41.933+0000] {logging_mixin.py:190} INFO - [2026-08-10T22:33:41.933+0000] {dagbag.py:588} INFO - Filling up the DagBag from /opt/airflow/dags/dag_extract_putevoy_list.py
[2026-08-10T22:33:41.943+0000] {processor.py:925} INFO - DAG(s) 'dag_extract_putevoy_list' retrieved from /opt/airflow/dags/dag_extract_putevoy_list.py
[2026-08-10T22:33:41.958+0000] {logging_mixin.py:190} INFO - [2026-08-10T22:33:41.958+0000] {dag.py:3239} INFO - Sync 1 DAGs
[2026-08-10T22:33:41.971+0000] {logging_mixin.py:190} INFO - [2026-08-10T22:33:41.971+0000] {dag.py:4180} INFO - Setting next_dagrun for dag_extract_putevoy_list to 2026-08-10 02:00:00+00:00, run_after=2026-08-11 02:00:00+00:00
[2026-08-10T22:33:41.978+0000] {processor.py:208} INFO - Processing /opt/airflow/dags/dag_extract_putevoy_list.py took 0.054 seconds
[2026-08-10T22:34:18.507+0000] {processor.py:186} INFO - Started process (PID=3848) to work on /opt/airflow/dags/dag_extract_putevoy_list.py
[2026-08-10T22:34:18.511+0000] {processor.py:914} INFO - Processing file /opt/airflow/dags/dag_extract_putevoy_list.py for tasks to queue
[2026-08-10T22:34:18.512+0000] {logging_mixin.py:190} INFO - [2026-08-10T22:34:18.511+0000] {dagbag.py:588} INFO - Filling up the DagBag from /opt/airflow/dags/dag_extract_putevoy_list.py
[2026-08-10T22:34:18.519+0000] {processor.py:925} INFO - DAG(s) 'dag_extract_putevoy_list' retrieved from /opt/airflow/dags/dag_extract_putevoy_list.py
[2026-08-10T22:34:18.533+0000] {logging_mixin.py:190} INFO - [2026-08-10T22:34:18.533+0000] {dag.py:3239} INFO - Sync 1 DAGs
[2026-08-10T22:34:18.541+0000] {logging_mixin.py:190} INFO - [2026-08-10T22:34:18.541+0000] {dag.py:4180} INFO - Setting next_dagrun for dag_extract_putevoy_list to 2026-08-10 02:00:00+00:00, run_after=2026-08-11 02:00:00+00:00
[2026-08-10T22:34:18.551+0000] {processor.py:208} INFO - Processing /opt/airflow/dags/dag_extract_putevoy_list.py took 0.048 seconds
[2026-08-10T22:34:48.940+0000] {processor.py:186} INFO - Started process (PID=3868) to work on /opt/airflow/dags/dag_extract_putevoy_list.py
[2026-08-10T22:34:48.941+0000] {processor.py:914} INFO - Processing file /opt/airflow/dags/dag_extract_putevoy_list.py for tasks to queue
[2026-08-10T22:34:48.943+0000] {logging_mixin.py:190} INFO - [2026-08-10T22:34:48.943+0000] {dagbag.py:588} INFO - Filling up the DagBag from /opt/airflow/dags/dag_extract_putevoy_list.py
[2026-08-10T22:34:48.950+0000] {processor.py:925} INFO - DAG(s) 'dag_extract_putevoy_list' retrieved from /opt/airflow/dags/dag_extract_putevoy_list.py
[2026-08-10T22:34:48.964+0000] {logging_mixin.py:190} INFO - [2026-08-10T22:34:48.964+0000] {dag.py:3239} INFO - Sync 1 DAGs
[2026-08-10T22:34:48.973+0000] {logging_mixin.py:190} INFO - [2026-08-10T22:34:48.973+0000] {dag.py:4180} INFO - Setting next_dagrun for dag_extract_putevoy_list to 2026-08-10 02:00:00+00:00, run_after=2026-08-11 02:00:00+00:00
[2026-08-10T22:34:48.980+0000] {processor.py:208} INFO - Processing /opt/airflow/dags/dag_extract_putevoy_list.py took 0.043 seconds
[2026-08-10T22:35:25.679+0000] {processor.py:186} INFO - Started process (PID=3888) to work on /opt/airflow/dags/dag_extract_putevoy_list.py
[2026-08-10T22:35:25.680+0000] {processor.py:914} INFO - Processing file /opt/airflow/dags/dag_extract_putevoy_list.py for tasks to queue
[2026-08-10T22:35:25.682+0000] {logging_mixin.py:190} INFO - [2026-08-10T22:35:25.682+0000] {dagbag.py:588} INFO - Filling up the DagBag from /opt/airflow/dags/dag_extract_putevoy_list.py
[2026-08-10T22:35:25.692+0000] {processor.py:925} INFO - DAG(s) 'dag_extract_putevoy_list' retrieved from /opt/airflow/dags/dag_extract_putevoy_list.py
[2026-08-10T22:35:25.710+0000] {logging_mixin.py:190} INFO - [2026-08-10T22:35:25.710+0000] {dag.py:3239} INFO - Sync 1 DAGs
[2026-08-10T22:35:25.719+0000] {logging_mixin.py:190} INFO - [2026-08-10T22:35:25.719+0000] {dag.py:4180} INFO - Setting next_dagrun for dag_extract_putevoy_list to 2026-08-10 02:00:00+00:00, run_after=2026-08-11 02:00:00+00:00
[2026-08-10T22:35:25.728+0000] {processor.py:208} INFO - Processing /opt/airflow/dags/dag_extract_putevoy_list.py took 0.054 seconds
[2026-08-10T22:36:03.185+0000] {processor.py:186} INFO - Started process (PID=3908) to work on /opt/airflow/dags/dag_extract_putevoy_list.py
[2026-08-10T22:36:03.187+0000] {processor.py:914} INFO - Processing file /opt/airflow/dags/dag_extract_putevoy_list.py for tasks to queue
[2026-08-10T22:36:03.192+0000] {logging_mixin.py:190} INFO - [2026-08-10T22:36:03.192+0000] {dagbag.py:588} INFO - Filling up the DagBag from /opt/airflow/dags/dag_extract_putevoy_list.py
[2026-08-10T22:36:03.202+0000] {processor.py:925} INFO - DAG(s) 'dag_extract_putevoy_list' retrieved from /opt/airflow/dags/dag_extract_putevoy_list.py
[2026-08-10T22:36:03.219+0000] {logging_mixin.py:190} INFO - [2026-08-10T22:36:03.219+0000] {dag.py:3239} INFO - Sync 1 DAGs
[2026-08-10T22:36:03.228+0000] {logging_mixin.py:190} INFO - [2026-08-10T22:36:03.227+0000] {dag.py:4180} INFO - Setting next_dagrun for dag_extract_putevoy_list to 2026-08-10 02:00:00+00:00, run_after=2026-08-11 02:00:00+00:00
[2026-08-10T22:36:03.236+0000] {processor.py:208} INFO - Processing /opt/airflow/dags/dag_extract_putevoy_list.py took 0.056 seconds
[2026-08-10T22:36:33.689+0000] {processor.py:186} INFO - Started process (PID=3928) to work on /opt/airflow/dags/dag_extract_putevoy_list.py
[2026-08-10T22:36:33.690+0000] {processor.py:914} INFO - Processing file /opt/airflow/dags/dag_extract_putevoy_list.py for tasks to queue
[2026-08-10T22:36:33.694+0000] {logging_mixin.py:190} INFO - [2026-08-10T22:36:33.694+0000] {dagbag.py:588} INFO - Filling up the DagBag from /opt/airflow/dags/dag_extract_putevoy_list.py
[2026-08-10T22:36:33.704+0000] {processor.py:925} INFO - DAG(s) 'dag_extract_putevoy_list' retrieved from /opt/airflow/dags/dag_extract_putevoy_list.py
[2026-08-10T22:36:33.717+0000] {logging_mixin.py:190} INFO - [2026-08-10T22:36:33.717+0000] {dag.py:3239} INFO - Sync 1 DAGs
[2026-08-10T22:36:33.727+0000] {logging_mixin.py:190} INFO - [2026-08-10T22:36:33.727+0000] {dag.py:4180} INFO - Setting next_dagrun for dag_extract_putevoy_list to 2026-08-10 02:00:00+00:00, run_after=2026-08-11 02:00:00+00:00
[2026-08-10T22:36:33.736+0000] {processor.py:208} INFO - Processing /opt/airflow/dags/dag_extract_putevoy_list.py took 0.052 seconds
[2026-08-10T22:37:09.843+0000] {processor.py:186} INFO - Started process (PID=3948) to work on /opt/airflow/dags/dag_extract_putevoy_list.py
[2026-08-10T22:37:09.845+0000] {processor.py:914} INFO - Processing file /opt/airflow/dags/dag_extract_putevoy_list.py for tasks to queue
[2026-08-10T22:37:09.848+0000] {logging_mixin.py:190} INFO - [2026-08-10T22:37:09.848+0000] {dagbag.py:588} INFO - Filling up the DagBag from /opt/airflow/dags/dag_extract_putevoy_list.py
[2026-08-10T22:37:09.855+0000] {processor.py:925} INFO - DAG(s) 'dag_extract_putevoy_list' retrieved from /opt/airflow/dags/dag_extract_putevoy_list.py
[2026-08-10T22:37:09.873+0000] {logging_mixin.py:190} INFO - [2026-08-10T22:37:09.873+0000] {dag.py:3239} INFO - Sync 1 DAGs
[2026-08-10T22:37:09.882+0000] {logging_mixin.py:190} INFO - [2026-08-10T22:37:09.882+0000] {dag.py:4180} INFO - Setting next_dagrun for dag_extract_putevoy_list to 2026-08-10 02:00:00+00:00, run_after=2026-08-11 02:00:00+00:00
[2026-08-10T22:37:09.890+0000] {processor.py:208} INFO - Processing /opt/airflow/dags/dag_extract_putevoy_list.py took 0.051 seconds
[2026-08-10T22:37:48.009+0000] {processor.py:186} INFO - Started process (PID=3968) to work on /opt/airflow/dags/dag_extract_putevoy_list.py
[2026-08-10T22:37:48.010+0000] {processor.py:914} INFO - Processing file /opt/airflow/dags/dag_extract_putevoy_list.py for tasks to queue
[2026-08-10T22:37:48.013+0000] {logging_mixin.py:190} INFO - [2026-08-10T22:37:48.013+0000] {dagbag.py:588} INFO - Filling up the DagBag from /opt/airflow/dags/dag_extract_putevoy_list.py
[2026-08-10T22:37:48.021+0000] {processor.py:925} INFO - DAG(s) 'dag_extract_putevoy_list' retrieved from /opt/airflow/dags/dag_extract_putevoy_list.py
[2026-08-10T22:37:48.035+0000] {logging_mixin.py:190} INFO - [2026-08-10T22:37:48.035+0000] {dag.py:3239} INFO - Sync 1 DAGs
[2026-08-10T22:37:48.046+0000] {logging_mixin.py:190} INFO - [2026-08-10T22:37:48.046+0000] {dag.py:4180} INFO - Setting next_dagrun for dag_extract_putevoy_list to 2026-08-10 02:00:00+00:00, run_after=2026-08-11 02:00:00+00:00
[2026-08-10T22:37:48.054+0000] {processor.py:208} INFO - Processing /opt/airflow/dags/dag_extract_putevoy_list.py took 0.050 seconds
[2026-08-10T22:55:57.651+0000] {processor.py:186} INFO - Started process (PID=3989) to work on /opt/airflow/dags/dag_extract_putevoy_list.py
[2026-08-10T22:55:57.652+0000] {processor.py:914} INFO - Processing file /opt/airflow/dags/dag_extract_putevoy_list.py for tasks to queue
[2026-08-10T22:55:57.654+0000] {logging_mixin.py:190} INFO - [2026-08-10T22:55:57.654+0000] {dagbag.py:588} INFO - Filling up the DagBag from /opt/airflow/dags/dag_extract_putevoy_list.py
[2026-08-10T22:55:57.661+0000] {processor.py:925} INFO - DAG(s) 'dag_extract_putevoy_list' retrieved from /opt/airflow/dags/dag_extract_putevoy_list.py
[2026-08-10T22:55:57.674+0000] {logging_mixin.py:190} INFO - [2026-08-10T22:55:57.674+0000] {dag.py:3239} INFO - Sync 1 DAGs
[2026-08-10T22:55:57.683+0000] {logging_mixin.py:190} INFO - [2026-08-10T22:55:57.683+0000] {dag.py:4180} INFO - Setting next_dagrun for dag_extract_putevoy_list to 2026-08-10 02:00:00+00:00, run_after=2026-08-11 02:00:00+00:00
[2026-08-10T22:55:57.692+0000] {processor.py:208} INFO - Processing /opt/airflow/dags/dag_extract_putevoy_list.py took 0.045 seconds
[2026-08-10T22:58:24.826+0000] {processor.py:186} INFO - Started process (PID=4011) to work on /opt/airflow/dags/dag_extract_putevoy_list.py
[2026-08-10T22:58:24.827+0000] {processor.py:914} INFO - Processing file /opt/airflow/dags/dag_extract_putevoy_list.py for tasks to queue
[2026-08-10T22:58:24.828+0000] {logging_mixin.py:190} INFO - [2026-08-10T22:58:24.828+0000] {dagbag.py:588} INFO - Filling up the DagBag from /opt/airflow/dags/dag_extract_putevoy_list.py
[2026-08-10T22:58:24.834+0000] {processor.py:925} INFO - DAG(s) 'dag_extract_putevoy_list' retrieved from /opt/airflow/dags/dag_extract_putevoy_list.py
[2026-08-10T22:58:24.845+0000] {logging_mixin.py:190} INFO - [2026-08-10T22:58:24.845+0000] {dag.py:3239} INFO - Sync 1 DAGs
[2026-08-10T22:58:24.854+0000] {logging_mixin.py:190} INFO - [2026-08-10T22:58:24.854+0000] {dag.py:4180} INFO - Setting next_dagrun for dag_extract_putevoy_list to 2026-08-10 02:00:00+00:00, run_after=2026-08-11 02:00:00+00:00
[2026-08-10T22:58:24.859+0000] {processor.py:208} INFO - Processing /opt/airflow/dags/dag_extract_putevoy_list.py took 0.036 seconds
[2026-08-10T23:14:01.055+0000] {processor.py:186} INFO - Started process (PID=4031) to work on /opt/airflow/dags/dag_extract_putevoy_list.py
[2026-08-10T23:14:01.055+0000] {processor.py:914} INFO - Processing file /opt/airflow/dags/dag_extract_putevoy_list.py for tasks to queue
[2026-08-10T23:14:01.056+0000] {logging_mixin.py:190} INFO - [2026-08-10T23:14:01.056+0000] {dagbag.py:588} INFO - Filling up the DagBag from /opt/airflow/dags/dag_extract_putevoy_list.py
[2026-08-10T23:14:01.061+0000] {processor.py:925} INFO - DAG(s) 'dag_extract_putevoy_list' retrieved from /opt/airflow/dags/dag_extract_putevoy_list.py
[2026-08-10T23:14:01.073+0000] {logging_mixin.py:190} INFO - [2026-08-10T23:14:01.072+0000] {dag.py:3239} INFO - Sync 1 DAGs
[2026-08-10T23:14:01.081+0000] {logging_mixin.py:190} INFO - [2026-08-10T23:14:01.081+0000] {dag.py:4180} INFO - Setting next_dagrun for dag_extract_putevoy_list to 2026-08-10 02:00:00+00:00, run_after=2026-08-11 02:00:00+00:00
[2026-08-10T23:14:01.087+0000] {processor.py:208} INFO - Processing /opt/airflow/dags/dag_extract_putevoy_list.py took 0.035 seconds
[2026-08-10T23:14:31.577+0000] {processor.py:186} INFO - Started process (PID=4054) to work on /opt/airflow/dags/dag_extract_putevoy_list.py
[2026-08-10T23:14:31.578+0000] {processor.py:914} INFO - Processing file /opt/airflow/dags/dag_extract_putevoy_list.py for tasks to queue
[2026-08-10T23:14:31.579+0000] {logging_mixin.py:190} INFO - [2026-08-10T23:14:31.579+0000] {dagbag.py:588} INFO - Filling up the DagBag from /opt/airflow/dags/dag_extract_putevoy_list.py
[2026-08-10T23:14:31.586+0000] {processor.py:925} INFO - DAG(s) 'dag_extract_putevoy_list' retrieved from /opt/airflow/dags/dag_extract_putevoy_list.py
[2026-08-10T23:14:31.599+0000] {logging_mixin.py:190} INFO - [2026-08-10T23:14:31.599+0000] {dag.py:3239} INFO - Sync 1 DAGs
[2026-08-10T23:14:31.607+0000] {logging_mixin.py:190} INFO - [2026-08-10T23:14:31.607+0000] {dag.py:4180} INFO - Setting next_dagrun for dag_extract_putevoy_list to 2026-08-10 02:00:00+00:00, run_after=2026-08-11 02:00:00+00:00
[2026-08-10T23:14:31.613+0000] {processor.py:208} INFO - Processing /opt/airflow/dags/dag_extract_putevoy_list.py took 0.041 seconds
[2026-08-10T23:15:08.101+0000] {processor.py:186} INFO - Started process (PID=4074) to work on /opt/airflow/dags/dag_extract_putevoy_list.py
[2026-08-10T23:15:08.101+0000] {processor.py:914} INFO - Processing file /opt/airflow/dags/dag_extract_putevoy_list.py for tasks to queue
[2026-08-10T23:15:08.103+0000] {logging_mixin.py:190} INFO - [2026-08-10T23:15:08.103+0000] {dagbag.py:588} INFO - Filling up the DagBag from /opt/airflow/dags/dag_extract_putevoy_list.py
[2026-08-10T23:15:08.109+0000] {processor.py:925} INFO - DAG(s) 'dag_extract_putevoy_list' retrieved from /opt/airflow/dags/dag_extract_putevoy_list.py
[2026-08-10T23:15:08.122+0000] {logging_mixin.py:190} INFO - [2026-08-10T23:15:08.122+0000] {dag.py:3239} INFO - Sync 1 DAGs
[2026-08-10T23:15:08.132+0000] {logging_mixin.py:190} INFO - [2026-08-10T23:15:08.132+0000] {dag.py:4180} INFO - Setting next_dagrun for dag_extract_putevoy_list to 2026-08-10 02:00:00+00:00, run_after=2026-08-11 02:00:00+00:00
[2026-08-10T23:15:08.139+0000] {processor.py:208} INFO - Processing /opt/airflow/dags/dag_extract_putevoy_list.py took 0.042 seconds
[2026-08-10T23:15:44.134+0000] {processor.py:186} INFO - Started process (PID=4094) to work on /opt/airflow/dags/dag_extract_putevoy_list.py
[2026-08-10T23:15:44.134+0000] {processor.py:914} INFO - Processing file /opt/airflow/dags/dag_extract_putevoy_list.py for tasks to queue
[2026-08-10T23:15:44.135+0000] {logging_mixin.py:190} INFO - [2026-08-10T23:15:44.135+0000] {dagbag.py:588} INFO - Filling up the DagBag from /opt/airflow/dags/dag_extract_putevoy_list.py
[2026-08-10T23:15:44.141+0000] {processor.py:925} INFO - DAG(s) 'dag_extract_putevoy_list' retrieved from /opt/airflow/dags/dag_extract_putevoy_list.py
[2026-08-10T23:15:44.156+0000] {logging_mixin.py:190} INFO - [2026-08-10T23:15:44.155+0000] {dag.py:3239} INFO - Sync 1 DAGs
[2026-08-10T23:15:44.165+0000] {logging_mixin.py:190} INFO - [2026-08-10T23:15:44.164+0000] {dag.py:4180} INFO - Setting next_dagrun for dag_extract_putevoy_list to 2026-08-10 02:00:00+00:00, run_after=2026-08-11 02:00:00+00:00
[2026-08-10T23:15:44.174+0000] {processor.py:208} INFO - Processing /opt/airflow/dags/dag_extract_putevoy_list.py took 0.044 seconds
[2026-08-10T23:33:50.098+0000] {processor.py:186} INFO - Started process (PID=4117) to work on /opt/airflow/dags/dag_extract_putevoy_list.py
[2026-08-10T23:33:50.098+0000] {processor.py:914} INFO - Processing file /opt/airflow/dags/dag_extract_putevoy_list.py for tasks to queue
[2026-08-10T23:33:50.100+0000] {logging_mixin.py:190} INFO - [2026-08-10T23:33:50.100+0000] {dagbag.py:588} INFO - Filling up the DagBag from /opt/airflow/dags/dag_extract_putevoy_list.py
[2026-08-10T23:33:50.107+0000] {processor.py:925} INFO - DAG(s) 'dag_extract_putevoy_list' retrieved from /opt/airflow/dags/dag_extract_putevoy_list.py
[2026-08-10T23:33:50.121+0000] {logging_mixin.py:190} INFO - [2026-08-10T23:33:50.120+0000] {dag.py:3239} INFO - Sync 1 DAGs
[2026-08-10T23:33:50.132+0000] {logging_mixin.py:190} INFO - [2026-08-10T23:33:50.132+0000] {dag.py:4180} INFO - Setting next_dagrun for dag_extract_putevoy_list to 2026-08-10 02:00:00+00:00, run_after=2026-08-11 02:00:00+00:00
[2026-08-10T23:33:50.139+0000] {processor.py:208} INFO - Processing /opt/airflow/dags/dag_extract_putevoy_list.py took 0.044 seconds
[2026-08-10T23:34:30.565+0000] {processor.py:186} INFO - Started process (PID=4137) to work on /opt/airflow/dags/dag_extract_putevoy_list.py
[2026-08-10T23:34:30.566+0000] {processor.py:914} INFO - Processing file /opt/airflow/dags/dag_extract_putevoy_list.py for tasks to queue
[2026-08-10T23:34:30.567+0000] {logging_mixin.py:190} INFO - [2026-08-10T23:34:30.567+0000] {dagbag.py:588} INFO - Filling up the DagBag from /opt/airflow/dags/dag_extract_putevoy_list.py
[2026-08-10T23:34:30.579+0000] {processor.py:925} INFO - DAG(s) 'dag_extract_putevoy_list' retrieved from /opt/airflow/dags/dag_extract_putevoy_list.py
[2026-08-10T23:34:30.592+0000] {logging_mixin.py:190} INFO - [2026-08-10T23:34:30.592+0000] {dag.py:3239} INFO - Sync 1 DAGs
[2026-08-10T23:34:30.603+0000] {logging_mixin.py:190} INFO - [2026-08-10T23:34:30.603+0000] {dag.py:4180} INFO - Setting next_dagrun for dag_extract_putevoy_list to 2026-08-10 02:00:00+00:00, run_after=2026-08-11 02:00:00+00:00
[2026-08-10T23:34:30.611+0000] {processor.py:208} INFO - Processing /opt/airflow/dags/dag_extract_putevoy_list.py took 0.051 seconds
[2026-08-10T23:50:36.650+0000] {processor.py:186} INFO - Started process (PID=4157) to work on /opt/airflow/dags/dag_extract_putevoy_list.py
[2026-08-10T23:50:36.651+0000] {processor.py:914} INFO - Processing file /opt/airflow/dags/dag_extract_putevoy_list.py for tasks to queue
[2026-08-10T23:50:36.652+0000] {logging_mixin.py:190} INFO - [2026-08-10T23:50:36.652+0000] {dagbag.py:588} INFO - Filling up the DagBag from /opt/airflow/dags/dag_extract_putevoy_list.py
[2026-08-10T23:50:36.660+0000] {processor.py:925} INFO - DAG(s) 'dag_extract_putevoy_list' retrieved from /opt/airflow/dags/dag_extract_putevoy_list.py
[2026-08-10T23:50:36.672+0000] {logging_mixin.py:190} INFO - [2026-08-10T23:50:36.672+0000] {dag.py:3239} INFO - Sync 1 DAGs
[2026-08-10T23:50:36.681+0000] {logging_mixin.py:190} INFO - [2026-08-10T23:50:36.681+0000] {dag.py:4180} INFO - Setting next_dagrun for dag_extract_putevoy_list to 2026-08-10 02:00:00+00:00, run_after=2026-08-11 02:00:00+00:00
[2026-08-10T23:50:36.689+0000] {processor.py:208} INFO - Processing /opt/airflow/dags/dag_extract_putevoy_list.py took 0.042 seconds
