[2026-07-16T00:04:52.734+0000] {processor.py:186} INFO - Started process (PID=52053) to work on /opt/airflow/dags/dag_extract_catalogs.py
[2026-07-16T00:04:52.734+0000] {processor.py:914} INFO - Processing file /opt/airflow/dags/dag_extract_catalogs.py for tasks to queue
[2026-07-16T00:04:52.735+0000] {logging_mixin.py:190} INFO - [2026-07-16T00:04:52.735+0000] {dagbag.py:588} INFO - Filling up the DagBag from /opt/airflow/dags/dag_extract_catalogs.py
[2026-07-16T00:04:52.739+0000] {processor.py:925} INFO - DAG(s) 'dag_extract_catalogs' retrieved from /opt/airflow/dags/dag_extract_catalogs.py
[2026-07-16T00:04:52.750+0000] {logging_mixin.py:190} INFO - [2026-07-16T00:04:52.750+0000] {dag.py:3239} INFO - Sync 1 DAGs
[2026-07-16T00:04:52.757+0000] {logging_mixin.py:190} INFO - [2026-07-16T00:04:52.757+0000] {dag.py:4180} INFO - Setting next_dagrun for dag_extract_catalogs to 2026-07-15 01:00:00+00:00, run_after=2026-07-16 01:00:00+00:00
[2026-07-16T00:04:52.762+0000] {processor.py:208} INFO - Processing /opt/airflow/dags/dag_extract_catalogs.py took 0.031 seconds
[2026-07-16T00:05:23.237+0000] {processor.py:186} INFO - Started process (PID=52076) to work on /opt/airflow/dags/dag_extract_catalogs.py
[2026-07-16T00:05:23.237+0000] {processor.py:914} INFO - Processing file /opt/airflow/dags/dag_extract_catalogs.py for tasks to queue
[2026-07-16T00:05:23.238+0000] {logging_mixin.py:190} INFO - [2026-07-16T00:05:23.238+0000] {dagbag.py:588} INFO - Filling up the DagBag from /opt/airflow/dags/dag_extract_catalogs.py
[2026-07-16T00:05:23.242+0000] {processor.py:925} INFO - DAG(s) 'dag_extract_catalogs' retrieved from /opt/airflow/dags/dag_extract_catalogs.py
[2026-07-16T00:05:23.252+0000] {logging_mixin.py:190} INFO - [2026-07-16T00:05:23.252+0000] {dag.py:3239} INFO - Sync 1 DAGs
[2026-07-16T00:05:23.259+0000] {logging_mixin.py:190} INFO - [2026-07-16T00:05:23.259+0000] {dag.py:4180} INFO - Setting next_dagrun for dag_extract_catalogs to 2026-07-15 01:00:00+00:00, run_after=2026-07-16 01:00:00+00:00
[2026-07-16T00:05:23.264+0000] {processor.py:208} INFO - Processing /opt/airflow/dags/dag_extract_catalogs.py took 0.030 seconds
[2026-07-16T00:21:52.514+0000] {processor.py:186} INFO - Started process (PID=52099) to work on /opt/airflow/dags/dag_extract_catalogs.py
[2026-07-16T00:21:52.515+0000] {processor.py:914} INFO - Processing file /opt/airflow/dags/dag_extract_catalogs.py for tasks to queue
[2026-07-16T00:21:52.516+0000] {logging_mixin.py:190} INFO - [2026-07-16T00:21:52.516+0000] {dagbag.py:588} INFO - Filling up the DagBag from /opt/airflow/dags/dag_extract_catalogs.py
[2026-07-16T00:21:52.522+0000] {processor.py:925} INFO - DAG(s) 'dag_extract_catalogs' retrieved from /opt/airflow/dags/dag_extract_catalogs.py
[2026-07-16T00:21:52.533+0000] {logging_mixin.py:190} INFO - [2026-07-16T00:21:52.533+0000] {dag.py:3239} INFO - Sync 1 DAGs
[2026-07-16T00:21:52.542+0000] {logging_mixin.py:190} INFO - [2026-07-16T00:21:52.542+0000] {dag.py:4180} INFO - Setting next_dagrun for dag_extract_catalogs to 2026-07-15 01:00:00+00:00, run_after=2026-07-16 01:00:00+00:00
[2026-07-16T00:21:52.548+0000] {processor.py:208} INFO - Processing /opt/airflow/dags/dag_extract_catalogs.py took 0.037 seconds
[2026-07-16T00:22:28.344+0000] {processor.py:186} INFO - Started process (PID=52119) to work on /opt/airflow/dags/dag_extract_catalogs.py
[2026-07-16T00:22:28.345+0000] {processor.py:914} INFO - Processing file /opt/airflow/dags/dag_extract_catalogs.py for tasks to queue
[2026-07-16T00:22:28.345+0000] {logging_mixin.py:190} INFO - [2026-07-16T00:22:28.345+0000] {dagbag.py:588} INFO - Filling up the DagBag from /opt/airflow/dags/dag_extract_catalogs.py
[2026-07-16T00:22:28.350+0000] {processor.py:925} INFO - DAG(s) 'dag_extract_catalogs' retrieved from /opt/airflow/dags/dag_extract_catalogs.py
[2026-07-16T00:22:28.361+0000] {logging_mixin.py:190} INFO - [2026-07-16T00:22:28.360+0000] {dag.py:3239} INFO - Sync 1 DAGs
[2026-07-16T00:22:28.368+0000] {logging_mixin.py:190} INFO - [2026-07-16T00:22:28.368+0000] {dag.py:4180} INFO - Setting next_dagrun for dag_extract_catalogs to 2026-07-15 01:00:00+00:00, run_after=2026-07-16 01:00:00+00:00
[2026-07-16T00:22:28.373+0000] {processor.py:208} INFO - Processing /opt/airflow/dags/dag_extract_catalogs.py took 0.032 seconds
[2026-07-16T00:22:58.834+0000] {processor.py:186} INFO - Started process (PID=52139) to work on /opt/airflow/dags/dag_extract_catalogs.py
[2026-07-16T00:22:58.835+0000] {processor.py:914} INFO - Processing file /opt/airflow/dags/dag_extract_catalogs.py for tasks to queue
[2026-07-16T00:22:58.835+0000] {logging_mixin.py:190} INFO - [2026-07-16T00:22:58.835+0000] {dagbag.py:588} INFO - Filling up the DagBag from /opt/airflow/dags/dag_extract_catalogs.py
[2026-07-16T00:22:58.840+0000] {processor.py:925} INFO - DAG(s) 'dag_extract_catalogs' retrieved from /opt/airflow/dags/dag_extract_catalogs.py
[2026-07-16T00:22:58.850+0000] {logging_mixin.py:190} INFO - [2026-07-16T00:22:58.850+0000] {dag.py:3239} INFO - Sync 1 DAGs
[2026-07-16T00:22:58.857+0000] {logging_mixin.py:190} INFO - [2026-07-16T00:22:58.857+0000] {dag.py:4180} INFO - Setting next_dagrun for dag_extract_catalogs to 2026-07-15 01:00:00+00:00, run_after=2026-07-16 01:00:00+00:00
[2026-07-16T00:22:58.862+0000] {processor.py:208} INFO - Processing /opt/airflow/dags/dag_extract_catalogs.py took 0.030 seconds
[2026-07-16T00:23:34.899+0000] {processor.py:186} INFO - Started process (PID=52157) to work on /opt/airflow/dags/dag_extract_catalogs.py
[2026-07-16T00:23:34.899+0000] {processor.py:914} INFO - Processing file /opt/airflow/dags/dag_extract_catalogs.py for tasks to queue
[2026-07-16T00:23:34.900+0000] {logging_mixin.py:190} INFO - [2026-07-16T00:23:34.900+0000] {dagbag.py:588} INFO - Filling up the DagBag from /opt/airflow/dags/dag_extract_catalogs.py
[2026-07-16T00:23:34.906+0000] {processor.py:925} INFO - DAG(s) 'dag_extract_catalogs' retrieved from /opt/airflow/dags/dag_extract_catalogs.py
[2026-07-16T00:23:34.918+0000] {logging_mixin.py:190} INFO - [2026-07-16T00:23:34.918+0000] {dag.py:3239} INFO - Sync 1 DAGs
[2026-07-16T00:23:34.927+0000] {logging_mixin.py:190} INFO - [2026-07-16T00:23:34.927+0000] {dag.py:4180} INFO - Setting next_dagrun for dag_extract_catalogs to 2026-07-15 01:00:00+00:00, run_after=2026-07-16 01:00:00+00:00
[2026-07-16T00:23:34.934+0000] {processor.py:208} INFO - Processing /opt/airflow/dags/dag_extract_catalogs.py took 0.038 seconds
[2026-07-16T00:24:05.470+0000] {processor.py:186} INFO - Started process (PID=52179) to work on /opt/airflow/dags/dag_extract_catalogs.py
[2026-07-16T00:24:05.470+0000] {processor.py:914} INFO - Processing file /opt/airflow/dags/dag_extract_catalogs.py for tasks to queue
[2026-07-16T00:24:05.471+0000] {logging_mixin.py:190} INFO - [2026-07-16T00:24:05.471+0000] {dagbag.py:588} INFO - Filling up the DagBag from /opt/airflow/dags/dag_extract_catalogs.py
[2026-07-16T00:24:05.476+0000] {processor.py:925} INFO - DAG(s) 'dag_extract_catalogs' retrieved from /opt/airflow/dags/dag_extract_catalogs.py
[2026-07-16T00:24:05.486+0000] {logging_mixin.py:190} INFO - [2026-07-16T00:24:05.486+0000] {dag.py:3239} INFO - Sync 1 DAGs
[2026-07-16T00:24:05.493+0000] {logging_mixin.py:190} INFO - [2026-07-16T00:24:05.493+0000] {dag.py:4180} INFO - Setting next_dagrun for dag_extract_catalogs to 2026-07-15 01:00:00+00:00, run_after=2026-07-16 01:00:00+00:00
[2026-07-16T00:24:05.498+0000] {processor.py:208} INFO - Processing /opt/airflow/dags/dag_extract_catalogs.py took 0.031 seconds
[2026-07-16T00:24:40.894+0000] {processor.py:186} INFO - Started process (PID=52197) to work on /opt/airflow/dags/dag_extract_catalogs.py
[2026-07-16T00:24:40.895+0000] {processor.py:914} INFO - Processing file /opt/airflow/dags/dag_extract_catalogs.py for tasks to queue
[2026-07-16T00:24:40.896+0000] {logging_mixin.py:190} INFO - [2026-07-16T00:24:40.896+0000] {dagbag.py:588} INFO - Filling up the DagBag from /opt/airflow/dags/dag_extract_catalogs.py
[2026-07-16T00:24:40.902+0000] {processor.py:925} INFO - DAG(s) 'dag_extract_catalogs' retrieved from /opt/airflow/dags/dag_extract_catalogs.py
[2026-07-16T00:24:40.915+0000] {logging_mixin.py:190} INFO - [2026-07-16T00:24:40.915+0000] {dag.py:3239} INFO - Sync 1 DAGs
[2026-07-16T00:24:40.924+0000] {logging_mixin.py:190} INFO - [2026-07-16T00:24:40.924+0000] {dag.py:4180} INFO - Setting next_dagrun for dag_extract_catalogs to 2026-07-15 01:00:00+00:00, run_after=2026-07-16 01:00:00+00:00
[2026-07-16T00:24:40.932+0000] {processor.py:208} INFO - Processing /opt/airflow/dags/dag_extract_catalogs.py took 0.040 seconds
[2026-07-16T00:25:18.625+0000] {processor.py:186} INFO - Started process (PID=52219) to work on /opt/airflow/dags/dag_extract_catalogs.py
[2026-07-16T00:25:18.626+0000] {processor.py:914} INFO - Processing file /opt/airflow/dags/dag_extract_catalogs.py for tasks to queue
[2026-07-16T00:25:18.626+0000] {logging_mixin.py:190} INFO - [2026-07-16T00:25:18.626+0000] {dagbag.py:588} INFO - Filling up the DagBag from /opt/airflow/dags/dag_extract_catalogs.py
[2026-07-16T00:25:18.631+0000] {processor.py:925} INFO - DAG(s) 'dag_extract_catalogs' retrieved from /opt/airflow/dags/dag_extract_catalogs.py
[2026-07-16T00:25:18.641+0000] {logging_mixin.py:190} INFO - [2026-07-16T00:25:18.641+0000] {dag.py:3239} INFO - Sync 1 DAGs
[2026-07-16T00:25:18.649+0000] {logging_mixin.py:190} INFO - [2026-07-16T00:25:18.649+0000] {dag.py:4180} INFO - Setting next_dagrun for dag_extract_catalogs to 2026-07-15 01:00:00+00:00, run_after=2026-07-16 01:00:00+00:00
[2026-07-16T00:25:18.654+0000] {processor.py:208} INFO - Processing /opt/airflow/dags/dag_extract_catalogs.py took 0.032 seconds
[2026-07-16T00:25:49.040+0000] {processor.py:186} INFO - Started process (PID=52239) to work on /opt/airflow/dags/dag_extract_catalogs.py
[2026-07-16T00:25:49.040+0000] {processor.py:914} INFO - Processing file /opt/airflow/dags/dag_extract_catalogs.py for tasks to queue
[2026-07-16T00:25:49.041+0000] {logging_mixin.py:190} INFO - [2026-07-16T00:25:49.041+0000] {dagbag.py:588} INFO - Filling up the DagBag from /opt/airflow/dags/dag_extract_catalogs.py
[2026-07-16T00:25:49.046+0000] {processor.py:925} INFO - DAG(s) 'dag_extract_catalogs' retrieved from /opt/airflow/dags/dag_extract_catalogs.py
[2026-07-16T00:25:49.056+0000] {logging_mixin.py:190} INFO - [2026-07-16T00:25:49.056+0000] {dag.py:3239} INFO - Sync 1 DAGs
[2026-07-16T00:25:49.063+0000] {logging_mixin.py:190} INFO - [2026-07-16T00:25:49.063+0000] {dag.py:4180} INFO - Setting next_dagrun for dag_extract_catalogs to 2026-07-15 01:00:00+00:00, run_after=2026-07-16 01:00:00+00:00
[2026-07-16T00:25:49.068+0000] {processor.py:208} INFO - Processing /opt/airflow/dags/dag_extract_catalogs.py took 0.030 seconds
[2026-07-16T00:26:25.816+0000] {processor.py:186} INFO - Started process (PID=52259) to work on /opt/airflow/dags/dag_extract_catalogs.py
[2026-07-16T00:26:25.817+0000] {processor.py:914} INFO - Processing file /opt/airflow/dags/dag_extract_catalogs.py for tasks to queue
[2026-07-16T00:26:25.817+0000] {logging_mixin.py:190} INFO - [2026-07-16T00:26:25.817+0000] {dagbag.py:588} INFO - Filling up the DagBag from /opt/airflow/dags/dag_extract_catalogs.py
[2026-07-16T00:26:25.822+0000] {processor.py:925} INFO - DAG(s) 'dag_extract_catalogs' retrieved from /opt/airflow/dags/dag_extract_catalogs.py
[2026-07-16T00:26:25.832+0000] {logging_mixin.py:190} INFO - [2026-07-16T00:26:25.832+0000] {dag.py:3239} INFO - Sync 1 DAGs
[2026-07-16T00:26:25.839+0000] {logging_mixin.py:190} INFO - [2026-07-16T00:26:25.839+0000] {dag.py:4180} INFO - Setting next_dagrun for dag_extract_catalogs to 2026-07-15 01:00:00+00:00, run_after=2026-07-16 01:00:00+00:00
[2026-07-16T00:26:25.843+0000] {processor.py:208} INFO - Processing /opt/airflow/dags/dag_extract_catalogs.py took 0.029 seconds
[2026-07-16T00:27:02.002+0000] {processor.py:186} INFO - Started process (PID=52279) to work on /opt/airflow/dags/dag_extract_catalogs.py
[2026-07-16T00:27:02.002+0000] {processor.py:914} INFO - Processing file /opt/airflow/dags/dag_extract_catalogs.py for tasks to queue
[2026-07-16T00:27:02.003+0000] {logging_mixin.py:190} INFO - [2026-07-16T00:27:02.003+0000] {dagbag.py:588} INFO - Filling up the DagBag from /opt/airflow/dags/dag_extract_catalogs.py
[2026-07-16T00:27:02.008+0000] {processor.py:925} INFO - DAG(s) 'dag_extract_catalogs' retrieved from /opt/airflow/dags/dag_extract_catalogs.py
[2026-07-16T00:27:02.018+0000] {logging_mixin.py:190} INFO - [2026-07-16T00:27:02.018+0000] {dag.py:3239} INFO - Sync 1 DAGs
[2026-07-16T00:27:02.025+0000] {logging_mixin.py:190} INFO - [2026-07-16T00:27:02.025+0000] {dag.py:4180} INFO - Setting next_dagrun for dag_extract_catalogs to 2026-07-15 01:00:00+00:00, run_after=2026-07-16 01:00:00+00:00
[2026-07-16T00:27:02.029+0000] {processor.py:208} INFO - Processing /opt/airflow/dags/dag_extract_catalogs.py took 0.030 seconds
[2026-07-16T00:27:32.465+0000] {processor.py:186} INFO - Started process (PID=52297) to work on /opt/airflow/dags/dag_extract_catalogs.py
[2026-07-16T00:27:32.465+0000] {processor.py:914} INFO - Processing file /opt/airflow/dags/dag_extract_catalogs.py for tasks to queue
[2026-07-16T00:27:32.467+0000] {logging_mixin.py:190} INFO - [2026-07-16T00:27:32.467+0000] {dagbag.py:588} INFO - Filling up the DagBag from /opt/airflow/dags/dag_extract_catalogs.py
[2026-07-16T00:27:32.472+0000] {processor.py:925} INFO - DAG(s) 'dag_extract_catalogs' retrieved from /opt/airflow/dags/dag_extract_catalogs.py
[2026-07-16T00:27:32.483+0000] {logging_mixin.py:190} INFO - [2026-07-16T00:27:32.483+0000] {dag.py:3239} INFO - Sync 1 DAGs
[2026-07-16T00:27:32.490+0000] {logging_mixin.py:190} INFO - [2026-07-16T00:27:32.490+0000] {dag.py:4180} INFO - Setting next_dagrun for dag_extract_catalogs to 2026-07-15 01:00:00+00:00, run_after=2026-07-16 01:00:00+00:00
[2026-07-16T00:27:32.497+0000] {processor.py:208} INFO - Processing /opt/airflow/dags/dag_extract_catalogs.py took 0.035 seconds
[2026-07-16T00:28:06.304+0000] {processor.py:186} INFO - Started process (PID=52319) to work on /opt/airflow/dags/dag_extract_catalogs.py
[2026-07-16T00:28:06.304+0000] {processor.py:914} INFO - Processing file /opt/airflow/dags/dag_extract_catalogs.py for tasks to queue
[2026-07-16T00:28:06.305+0000] {logging_mixin.py:190} INFO - [2026-07-16T00:28:06.305+0000] {dagbag.py:588} INFO - Filling up the DagBag from /opt/airflow/dags/dag_extract_catalogs.py
[2026-07-16T00:28:06.310+0000] {processor.py:925} INFO - DAG(s) 'dag_extract_catalogs' retrieved from /opt/airflow/dags/dag_extract_catalogs.py
[2026-07-16T00:28:06.320+0000] {logging_mixin.py:190} INFO - [2026-07-16T00:28:06.319+0000] {dag.py:3239} INFO - Sync 1 DAGs
[2026-07-16T00:28:06.326+0000] {logging_mixin.py:190} INFO - [2026-07-16T00:28:06.326+0000] {dag.py:4180} INFO - Setting next_dagrun for dag_extract_catalogs to 2026-07-15 01:00:00+00:00, run_after=2026-07-16 01:00:00+00:00
[2026-07-16T00:28:06.331+0000] {processor.py:208} INFO - Processing /opt/airflow/dags/dag_extract_catalogs.py took 0.029 seconds
[2026-07-16T00:28:43.562+0000] {processor.py:186} INFO - Started process (PID=52339) to work on /opt/airflow/dags/dag_extract_catalogs.py
[2026-07-16T00:28:43.563+0000] {processor.py:914} INFO - Processing file /opt/airflow/dags/dag_extract_catalogs.py for tasks to queue
[2026-07-16T00:28:43.564+0000] {logging_mixin.py:190} INFO - [2026-07-16T00:28:43.563+0000] {dagbag.py:588} INFO - Filling up the DagBag from /opt/airflow/dags/dag_extract_catalogs.py
[2026-07-16T00:28:43.568+0000] {processor.py:925} INFO - DAG(s) 'dag_extract_catalogs' retrieved from /opt/airflow/dags/dag_extract_catalogs.py
[2026-07-16T00:28:43.578+0000] {logging_mixin.py:190} INFO - [2026-07-16T00:28:43.578+0000] {dag.py:3239} INFO - Sync 1 DAGs
[2026-07-16T00:28:43.585+0000] {logging_mixin.py:190} INFO - [2026-07-16T00:28:43.585+0000] {dag.py:4180} INFO - Setting next_dagrun for dag_extract_catalogs to 2026-07-15 01:00:00+00:00, run_after=2026-07-16 01:00:00+00:00
[2026-07-16T00:28:43.590+0000] {processor.py:208} INFO - Processing /opt/airflow/dags/dag_extract_catalogs.py took 0.030 seconds
[2026-07-16T00:29:14.067+0000] {processor.py:186} INFO - Started process (PID=52359) to work on /opt/airflow/dags/dag_extract_catalogs.py
[2026-07-16T00:29:14.067+0000] {processor.py:914} INFO - Processing file /opt/airflow/dags/dag_extract_catalogs.py for tasks to queue
[2026-07-16T00:29:14.068+0000] {logging_mixin.py:190} INFO - [2026-07-16T00:29:14.068+0000] {dagbag.py:588} INFO - Filling up the DagBag from /opt/airflow/dags/dag_extract_catalogs.py
[2026-07-16T00:29:14.073+0000] {processor.py:925} INFO - DAG(s) 'dag_extract_catalogs' retrieved from /opt/airflow/dags/dag_extract_catalogs.py
[2026-07-16T00:29:14.082+0000] {logging_mixin.py:190} INFO - [2026-07-16T00:29:14.082+0000] {dag.py:3239} INFO - Sync 1 DAGs
[2026-07-16T00:29:14.089+0000] {logging_mixin.py:190} INFO - [2026-07-16T00:29:14.089+0000] {dag.py:4180} INFO - Setting next_dagrun for dag_extract_catalogs to 2026-07-15 01:00:00+00:00, run_after=2026-07-16 01:00:00+00:00
[2026-07-16T00:29:14.094+0000] {processor.py:208} INFO - Processing /opt/airflow/dags/dag_extract_catalogs.py took 0.029 seconds
[2026-07-16T00:29:50.653+0000] {processor.py:186} INFO - Started process (PID=52377) to work on /opt/airflow/dags/dag_extract_catalogs.py
[2026-07-16T00:29:50.653+0000] {processor.py:914} INFO - Processing file /opt/airflow/dags/dag_extract_catalogs.py for tasks to queue
[2026-07-16T00:29:50.654+0000] {logging_mixin.py:190} INFO - [2026-07-16T00:29:50.654+0000] {dagbag.py:588} INFO - Filling up the DagBag from /opt/airflow/dags/dag_extract_catalogs.py
[2026-07-16T00:29:50.664+0000] {processor.py:925} INFO - DAG(s) 'dag_extract_catalogs' retrieved from /opt/airflow/dags/dag_extract_catalogs.py
[2026-07-16T00:29:50.680+0000] {logging_mixin.py:190} INFO - [2026-07-16T00:29:50.680+0000] {dag.py:3239} INFO - Sync 1 DAGs
[2026-07-16T00:29:50.689+0000] {logging_mixin.py:190} INFO - [2026-07-16T00:29:50.689+0000] {dag.py:4180} INFO - Setting next_dagrun for dag_extract_catalogs to 2026-07-15 01:00:00+00:00, run_after=2026-07-16 01:00:00+00:00
[2026-07-16T00:29:50.693+0000] {processor.py:208} INFO - Processing /opt/airflow/dags/dag_extract_catalogs.py took 0.043 seconds
[2026-07-16T00:30:27.978+0000] {processor.py:186} INFO - Started process (PID=52397) to work on /opt/airflow/dags/dag_extract_catalogs.py
[2026-07-16T00:30:27.979+0000] {processor.py:914} INFO - Processing file /opt/airflow/dags/dag_extract_catalogs.py for tasks to queue
[2026-07-16T00:30:27.980+0000] {logging_mixin.py:190} INFO - [2026-07-16T00:30:27.980+0000] {dagbag.py:588} INFO - Filling up the DagBag from /opt/airflow/dags/dag_extract_catalogs.py
[2026-07-16T00:30:27.988+0000] {processor.py:925} INFO - DAG(s) 'dag_extract_catalogs' retrieved from /opt/airflow/dags/dag_extract_catalogs.py
[2026-07-16T00:30:28.002+0000] {logging_mixin.py:190} INFO - [2026-07-16T00:30:28.002+0000] {dag.py:3239} INFO - Sync 1 DAGs
[2026-07-16T00:30:28.010+0000] {logging_mixin.py:190} INFO - [2026-07-16T00:30:28.010+0000] {dag.py:4180} INFO - Setting next_dagrun for dag_extract_catalogs to 2026-07-15 01:00:00+00:00, run_after=2026-07-16 01:00:00+00:00
[2026-07-16T00:30:28.015+0000] {processor.py:208} INFO - Processing /opt/airflow/dags/dag_extract_catalogs.py took 0.040 seconds
[2026-07-16T00:30:58.509+0000] {processor.py:186} INFO - Started process (PID=52419) to work on /opt/airflow/dags/dag_extract_catalogs.py
[2026-07-16T00:30:58.509+0000] {processor.py:914} INFO - Processing file /opt/airflow/dags/dag_extract_catalogs.py for tasks to queue
[2026-07-16T00:30:58.510+0000] {logging_mixin.py:190} INFO - [2026-07-16T00:30:58.510+0000] {dagbag.py:588} INFO - Filling up the DagBag from /opt/airflow/dags/dag_extract_catalogs.py
[2026-07-16T00:30:58.514+0000] {processor.py:925} INFO - DAG(s) 'dag_extract_catalogs' retrieved from /opt/airflow/dags/dag_extract_catalogs.py
[2026-07-16T00:30:58.524+0000] {logging_mixin.py:190} INFO - [2026-07-16T00:30:58.524+0000] {dag.py:3239} INFO - Sync 1 DAGs
[2026-07-16T00:30:58.531+0000] {logging_mixin.py:190} INFO - [2026-07-16T00:30:58.531+0000] {dag.py:4180} INFO - Setting next_dagrun for dag_extract_catalogs to 2026-07-15 01:00:00+00:00, run_after=2026-07-16 01:00:00+00:00
[2026-07-16T00:30:58.536+0000] {processor.py:208} INFO - Processing /opt/airflow/dags/dag_extract_catalogs.py took 0.029 seconds
[2026-07-16T00:31:35.246+0000] {processor.py:186} INFO - Started process (PID=52439) to work on /opt/airflow/dags/dag_extract_catalogs.py
[2026-07-16T00:31:35.247+0000] {processor.py:914} INFO - Processing file /opt/airflow/dags/dag_extract_catalogs.py for tasks to queue
[2026-07-16T00:31:35.247+0000] {logging_mixin.py:190} INFO - [2026-07-16T00:31:35.247+0000] {dagbag.py:588} INFO - Filling up the DagBag from /opt/airflow/dags/dag_extract_catalogs.py
[2026-07-16T00:31:35.252+0000] {processor.py:925} INFO - DAG(s) 'dag_extract_catalogs' retrieved from /opt/airflow/dags/dag_extract_catalogs.py
[2026-07-16T00:31:35.262+0000] {logging_mixin.py:190} INFO - [2026-07-16T00:31:35.262+0000] {dag.py:3239} INFO - Sync 1 DAGs
[2026-07-16T00:31:35.269+0000] {logging_mixin.py:190} INFO - [2026-07-16T00:31:35.269+0000] {dag.py:4180} INFO - Setting next_dagrun for dag_extract_catalogs to 2026-07-15 01:00:00+00:00, run_after=2026-07-16 01:00:00+00:00
[2026-07-16T00:31:35.274+0000] {processor.py:208} INFO - Processing /opt/airflow/dags/dag_extract_catalogs.py took 0.030 seconds
[2026-07-16T00:32:05.675+0000] {processor.py:186} INFO - Started process (PID=52462) to work on /opt/airflow/dags/dag_extract_catalogs.py
[2026-07-16T00:32:05.676+0000] {processor.py:914} INFO - Processing file /opt/airflow/dags/dag_extract_catalogs.py for tasks to queue
[2026-07-16T00:32:05.676+0000] {logging_mixin.py:190} INFO - [2026-07-16T00:32:05.676+0000] {dagbag.py:588} INFO - Filling up the DagBag from /opt/airflow/dags/dag_extract_catalogs.py
[2026-07-16T00:32:05.681+0000] {processor.py:925} INFO - DAG(s) 'dag_extract_catalogs' retrieved from /opt/airflow/dags/dag_extract_catalogs.py
[2026-07-16T00:32:05.691+0000] {logging_mixin.py:190} INFO - [2026-07-16T00:32:05.690+0000] {dag.py:3239} INFO - Sync 1 DAGs
[2026-07-16T00:32:05.698+0000] {logging_mixin.py:190} INFO - [2026-07-16T00:32:05.698+0000] {dag.py:4180} INFO - Setting next_dagrun for dag_extract_catalogs to 2026-07-15 01:00:00+00:00, run_after=2026-07-16 01:00:00+00:00
[2026-07-16T00:32:05.703+0000] {processor.py:208} INFO - Processing /opt/airflow/dags/dag_extract_catalogs.py took 0.030 seconds
[2026-07-16T00:32:42.008+0000] {processor.py:186} INFO - Started process (PID=52482) to work on /opt/airflow/dags/dag_extract_catalogs.py
[2026-07-16T00:32:42.008+0000] {processor.py:914} INFO - Processing file /opt/airflow/dags/dag_extract_catalogs.py for tasks to queue
[2026-07-16T00:32:42.009+0000] {logging_mixin.py:190} INFO - [2026-07-16T00:32:42.009+0000] {dagbag.py:588} INFO - Filling up the DagBag from /opt/airflow/dags/dag_extract_catalogs.py
[2026-07-16T00:32:42.013+0000] {processor.py:925} INFO - DAG(s) 'dag_extract_catalogs' retrieved from /opt/airflow/dags/dag_extract_catalogs.py
[2026-07-16T00:32:42.023+0000] {logging_mixin.py:190} INFO - [2026-07-16T00:32:42.023+0000] {dag.py:3239} INFO - Sync 1 DAGs
[2026-07-16T00:32:42.030+0000] {logging_mixin.py:190} INFO - [2026-07-16T00:32:42.030+0000] {dag.py:4180} INFO - Setting next_dagrun for dag_extract_catalogs to 2026-07-15 01:00:00+00:00, run_after=2026-07-16 01:00:00+00:00
[2026-07-16T00:32:42.035+0000] {processor.py:208} INFO - Processing /opt/airflow/dags/dag_extract_catalogs.py took 0.029 seconds
[2026-07-16T00:33:18.916+0000] {processor.py:186} INFO - Started process (PID=52502) to work on /opt/airflow/dags/dag_extract_catalogs.py
[2026-07-16T00:33:18.917+0000] {processor.py:914} INFO - Processing file /opt/airflow/dags/dag_extract_catalogs.py for tasks to queue
[2026-07-16T00:33:18.917+0000] {logging_mixin.py:190} INFO - [2026-07-16T00:33:18.917+0000] {dagbag.py:588} INFO - Filling up the DagBag from /opt/airflow/dags/dag_extract_catalogs.py
[2026-07-16T00:33:18.922+0000] {processor.py:925} INFO - DAG(s) 'dag_extract_catalogs' retrieved from /opt/airflow/dags/dag_extract_catalogs.py
[2026-07-16T00:33:18.932+0000] {logging_mixin.py:190} INFO - [2026-07-16T00:33:18.932+0000] {dag.py:3239} INFO - Sync 1 DAGs
[2026-07-16T00:33:18.939+0000] {logging_mixin.py:190} INFO - [2026-07-16T00:33:18.939+0000] {dag.py:4180} INFO - Setting next_dagrun for dag_extract_catalogs to 2026-07-15 01:00:00+00:00, run_after=2026-07-16 01:00:00+00:00
[2026-07-16T00:33:18.943+0000] {processor.py:208} INFO - Processing /opt/airflow/dags/dag_extract_catalogs.py took 0.029 seconds
[2026-07-16T00:33:49.388+0000] {processor.py:186} INFO - Started process (PID=52522) to work on /opt/airflow/dags/dag_extract_catalogs.py
[2026-07-16T00:33:49.389+0000] {processor.py:914} INFO - Processing file /opt/airflow/dags/dag_extract_catalogs.py for tasks to queue
[2026-07-16T00:33:49.390+0000] {logging_mixin.py:190} INFO - [2026-07-16T00:33:49.390+0000] {dagbag.py:588} INFO - Filling up the DagBag from /opt/airflow/dags/dag_extract_catalogs.py
[2026-07-16T00:33:49.395+0000] {processor.py:925} INFO - DAG(s) 'dag_extract_catalogs' retrieved from /opt/airflow/dags/dag_extract_catalogs.py
[2026-07-16T00:33:49.404+0000] {logging_mixin.py:190} INFO - [2026-07-16T00:33:49.404+0000] {dag.py:3239} INFO - Sync 1 DAGs
[2026-07-16T00:33:49.412+0000] {logging_mixin.py:190} INFO - [2026-07-16T00:33:49.412+0000] {dag.py:4180} INFO - Setting next_dagrun for dag_extract_catalogs to 2026-07-15 01:00:00+00:00, run_after=2026-07-16 01:00:00+00:00
[2026-07-16T00:33:49.416+0000] {processor.py:208} INFO - Processing /opt/airflow/dags/dag_extract_catalogs.py took 0.030 seconds
[2026-07-16T00:34:25.712+0000] {processor.py:186} INFO - Started process (PID=52540) to work on /opt/airflow/dags/dag_extract_catalogs.py
[2026-07-16T00:34:25.712+0000] {processor.py:914} INFO - Processing file /opt/airflow/dags/dag_extract_catalogs.py for tasks to queue
[2026-07-16T00:34:25.713+0000] {logging_mixin.py:190} INFO - [2026-07-16T00:34:25.713+0000] {dagbag.py:588} INFO - Filling up the DagBag from /opt/airflow/dags/dag_extract_catalogs.py
[2026-07-16T00:34:25.718+0000] {processor.py:925} INFO - DAG(s) 'dag_extract_catalogs' retrieved from /opt/airflow/dags/dag_extract_catalogs.py
[2026-07-16T00:34:25.731+0000] {logging_mixin.py:190} INFO - [2026-07-16T00:34:25.731+0000] {dag.py:3239} INFO - Sync 1 DAGs
[2026-07-16T00:34:25.739+0000] {logging_mixin.py:190} INFO - [2026-07-16T00:34:25.739+0000] {dag.py:4180} INFO - Setting next_dagrun for dag_extract_catalogs to 2026-07-15 01:00:00+00:00, run_after=2026-07-16 01:00:00+00:00
[2026-07-16T00:34:25.744+0000] {processor.py:208} INFO - Processing /opt/airflow/dags/dag_extract_catalogs.py took 0.035 seconds
[2026-07-16T00:35:03.130+0000] {processor.py:186} INFO - Started process (PID=52562) to work on /opt/airflow/dags/dag_extract_catalogs.py
[2026-07-16T00:35:03.130+0000] {processor.py:914} INFO - Processing file /opt/airflow/dags/dag_extract_catalogs.py for tasks to queue
[2026-07-16T00:35:03.131+0000] {logging_mixin.py:190} INFO - [2026-07-16T00:35:03.131+0000] {dagbag.py:588} INFO - Filling up the DagBag from /opt/airflow/dags/dag_extract_catalogs.py
[2026-07-16T00:35:03.136+0000] {processor.py:925} INFO - DAG(s) 'dag_extract_catalogs' retrieved from /opt/airflow/dags/dag_extract_catalogs.py
[2026-07-16T00:35:03.146+0000] {logging_mixin.py:190} INFO - [2026-07-16T00:35:03.145+0000] {dag.py:3239} INFO - Sync 1 DAGs
[2026-07-16T00:35:03.153+0000] {logging_mixin.py:190} INFO - [2026-07-16T00:35:03.153+0000] {dag.py:4180} INFO - Setting next_dagrun for dag_extract_catalogs to 2026-07-15 01:00:00+00:00, run_after=2026-07-16 01:00:00+00:00
[2026-07-16T00:35:03.158+0000] {processor.py:208} INFO - Processing /opt/airflow/dags/dag_extract_catalogs.py took 0.030 seconds
[2026-07-16T00:35:33.527+0000] {processor.py:186} INFO - Started process (PID=52580) to work on /opt/airflow/dags/dag_extract_catalogs.py
[2026-07-16T00:35:33.528+0000] {processor.py:914} INFO - Processing file /opt/airflow/dags/dag_extract_catalogs.py for tasks to queue
[2026-07-16T00:35:33.529+0000] {logging_mixin.py:190} INFO - [2026-07-16T00:35:33.529+0000] {dagbag.py:588} INFO - Filling up the DagBag from /opt/airflow/dags/dag_extract_catalogs.py
[2026-07-16T00:35:33.538+0000] {processor.py:925} INFO - DAG(s) 'dag_extract_catalogs' retrieved from /opt/airflow/dags/dag_extract_catalogs.py
[2026-07-16T00:35:33.550+0000] {logging_mixin.py:190} INFO - [2026-07-16T00:35:33.550+0000] {dag.py:3239} INFO - Sync 1 DAGs
[2026-07-16T00:35:33.558+0000] {logging_mixin.py:190} INFO - [2026-07-16T00:35:33.558+0000] {dag.py:4180} INFO - Setting next_dagrun for dag_extract_catalogs to 2026-07-15 01:00:00+00:00, run_after=2026-07-16 01:00:00+00:00
[2026-07-16T00:35:33.563+0000] {processor.py:208} INFO - Processing /opt/airflow/dags/dag_extract_catalogs.py took 0.038 seconds
[2026-07-16T00:36:10.495+0000] {processor.py:186} INFO - Started process (PID=52602) to work on /opt/airflow/dags/dag_extract_catalogs.py
[2026-07-16T00:36:10.495+0000] {processor.py:914} INFO - Processing file /opt/airflow/dags/dag_extract_catalogs.py for tasks to queue
[2026-07-16T00:36:10.496+0000] {logging_mixin.py:190} INFO - [2026-07-16T00:36:10.496+0000] {dagbag.py:588} INFO - Filling up the DagBag from /opt/airflow/dags/dag_extract_catalogs.py
[2026-07-16T00:36:10.501+0000] {processor.py:925} INFO - DAG(s) 'dag_extract_catalogs' retrieved from /opt/airflow/dags/dag_extract_catalogs.py
[2026-07-16T00:36:10.511+0000] {logging_mixin.py:190} INFO - [2026-07-16T00:36:10.511+0000] {dag.py:3239} INFO - Sync 1 DAGs
[2026-07-16T00:36:10.518+0000] {logging_mixin.py:190} INFO - [2026-07-16T00:36:10.518+0000] {dag.py:4180} INFO - Setting next_dagrun for dag_extract_catalogs to 2026-07-15 01:00:00+00:00, run_after=2026-07-16 01:00:00+00:00
[2026-07-16T00:36:10.523+0000] {processor.py:208} INFO - Processing /opt/airflow/dags/dag_extract_catalogs.py took 0.030 seconds
[2026-07-16T00:36:47.436+0000] {processor.py:186} INFO - Started process (PID=52622) to work on /opt/airflow/dags/dag_extract_catalogs.py
[2026-07-16T00:36:47.436+0000] {processor.py:914} INFO - Processing file /opt/airflow/dags/dag_extract_catalogs.py for tasks to queue
[2026-07-16T00:36:47.437+0000] {logging_mixin.py:190} INFO - [2026-07-16T00:36:47.437+0000] {dagbag.py:588} INFO - Filling up the DagBag from /opt/airflow/dags/dag_extract_catalogs.py
[2026-07-16T00:36:47.442+0000] {processor.py:925} INFO - DAG(s) 'dag_extract_catalogs' retrieved from /opt/airflow/dags/dag_extract_catalogs.py
[2026-07-16T00:36:47.451+0000] {logging_mixin.py:190} INFO - [2026-07-16T00:36:47.451+0000] {dag.py:3239} INFO - Sync 1 DAGs
[2026-07-16T00:36:47.458+0000] {logging_mixin.py:190} INFO - [2026-07-16T00:36:47.458+0000] {dag.py:4180} INFO - Setting next_dagrun for dag_extract_catalogs to 2026-07-15 01:00:00+00:00, run_after=2026-07-16 01:00:00+00:00
[2026-07-16T00:36:47.463+0000] {processor.py:208} INFO - Processing /opt/airflow/dags/dag_extract_catalogs.py took 0.030 seconds
[2026-07-16T00:37:17.930+0000] {processor.py:186} INFO - Started process (PID=52642) to work on /opt/airflow/dags/dag_extract_catalogs.py
[2026-07-16T00:37:17.931+0000] {processor.py:914} INFO - Processing file /opt/airflow/dags/dag_extract_catalogs.py for tasks to queue
[2026-07-16T00:37:17.931+0000] {logging_mixin.py:190} INFO - [2026-07-16T00:37:17.931+0000] {dagbag.py:588} INFO - Filling up the DagBag from /opt/airflow/dags/dag_extract_catalogs.py
[2026-07-16T00:37:17.936+0000] {processor.py:925} INFO - DAG(s) 'dag_extract_catalogs' retrieved from /opt/airflow/dags/dag_extract_catalogs.py
[2026-07-16T00:37:17.946+0000] {logging_mixin.py:190} INFO - [2026-07-16T00:37:17.946+0000] {dag.py:3239} INFO - Sync 1 DAGs
[2026-07-16T00:37:17.953+0000] {logging_mixin.py:190} INFO - [2026-07-16T00:37:17.953+0000] {dag.py:4180} INFO - Setting next_dagrun for dag_extract_catalogs to 2026-07-15 01:00:00+00:00, run_after=2026-07-16 01:00:00+00:00
[2026-07-16T00:37:17.958+0000] {processor.py:208} INFO - Processing /opt/airflow/dags/dag_extract_catalogs.py took 0.030 seconds
[2026-07-16T00:37:54.162+0000] {processor.py:186} INFO - Started process (PID=52662) to work on /opt/airflow/dags/dag_extract_catalogs.py
[2026-07-16T00:37:54.162+0000] {processor.py:914} INFO - Processing file /opt/airflow/dags/dag_extract_catalogs.py for tasks to queue
[2026-07-16T00:37:54.163+0000] {logging_mixin.py:190} INFO - [2026-07-16T00:37:54.163+0000] {dagbag.py:588} INFO - Filling up the DagBag from /opt/airflow/dags/dag_extract_catalogs.py
[2026-07-16T00:37:54.168+0000] {processor.py:925} INFO - DAG(s) 'dag_extract_catalogs' retrieved from /opt/airflow/dags/dag_extract_catalogs.py
[2026-07-16T00:37:54.178+0000] {logging_mixin.py:190} INFO - [2026-07-16T00:37:54.178+0000] {dag.py:3239} INFO - Sync 1 DAGs
[2026-07-16T00:37:54.185+0000] {logging_mixin.py:190} INFO - [2026-07-16T00:37:54.184+0000] {dag.py:4180} INFO - Setting next_dagrun for dag_extract_catalogs to 2026-07-15 01:00:00+00:00, run_after=2026-07-16 01:00:00+00:00
[2026-07-16T00:37:54.189+0000] {processor.py:208} INFO - Processing /opt/airflow/dags/dag_extract_catalogs.py took 0.030 seconds
[2026-07-16T00:38:24.670+0000] {processor.py:186} INFO - Started process (PID=52682) to work on /opt/airflow/dags/dag_extract_catalogs.py
[2026-07-16T00:38:24.670+0000] {processor.py:914} INFO - Processing file /opt/airflow/dags/dag_extract_catalogs.py for tasks to queue
[2026-07-16T00:38:24.671+0000] {logging_mixin.py:190} INFO - [2026-07-16T00:38:24.671+0000] {dagbag.py:588} INFO - Filling up the DagBag from /opt/airflow/dags/dag_extract_catalogs.py
[2026-07-16T00:38:24.676+0000] {processor.py:925} INFO - DAG(s) 'dag_extract_catalogs' retrieved from /opt/airflow/dags/dag_extract_catalogs.py
[2026-07-16T00:38:24.686+0000] {logging_mixin.py:190} INFO - [2026-07-16T00:38:24.685+0000] {dag.py:3239} INFO - Sync 1 DAGs
[2026-07-16T00:38:24.693+0000] {logging_mixin.py:190} INFO - [2026-07-16T00:38:24.693+0000] {dag.py:4180} INFO - Setting next_dagrun for dag_extract_catalogs to 2026-07-15 01:00:00+00:00, run_after=2026-07-16 01:00:00+00:00
[2026-07-16T00:38:24.697+0000] {processor.py:208} INFO - Processing /opt/airflow/dags/dag_extract_catalogs.py took 0.030 seconds
[2026-07-16T00:39:00.447+0000] {processor.py:186} INFO - Started process (PID=52702) to work on /opt/airflow/dags/dag_extract_catalogs.py
[2026-07-16T00:39:00.448+0000] {processor.py:914} INFO - Processing file /opt/airflow/dags/dag_extract_catalogs.py for tasks to queue
[2026-07-16T00:39:00.448+0000] {logging_mixin.py:190} INFO - [2026-07-16T00:39:00.448+0000] {dagbag.py:588} INFO - Filling up the DagBag from /opt/airflow/dags/dag_extract_catalogs.py
[2026-07-16T00:39:00.453+0000] {processor.py:925} INFO - DAG(s) 'dag_extract_catalogs' retrieved from /opt/airflow/dags/dag_extract_catalogs.py
[2026-07-16T00:39:00.463+0000] {logging_mixin.py:190} INFO - [2026-07-16T00:39:00.463+0000] {dag.py:3239} INFO - Sync 1 DAGs
[2026-07-16T00:39:00.470+0000] {logging_mixin.py:190} INFO - [2026-07-16T00:39:00.470+0000] {dag.py:4180} INFO - Setting next_dagrun for dag_extract_catalogs to 2026-07-15 01:00:00+00:00, run_after=2026-07-16 01:00:00+00:00
[2026-07-16T00:39:00.475+0000] {processor.py:208} INFO - Processing /opt/airflow/dags/dag_extract_catalogs.py took 0.030 seconds
[2026-07-16T00:39:37.720+0000] {processor.py:186} INFO - Started process (PID=52722) to work on /opt/airflow/dags/dag_extract_catalogs.py
[2026-07-16T00:39:37.720+0000] {processor.py:914} INFO - Processing file /opt/airflow/dags/dag_extract_catalogs.py for tasks to queue
[2026-07-16T00:39:37.721+0000] {logging_mixin.py:190} INFO - [2026-07-16T00:39:37.721+0000] {dagbag.py:588} INFO - Filling up the DagBag from /opt/airflow/dags/dag_extract_catalogs.py
[2026-07-16T00:39:37.725+0000] {processor.py:925} INFO - DAG(s) 'dag_extract_catalogs' retrieved from /opt/airflow/dags/dag_extract_catalogs.py
[2026-07-16T00:39:37.735+0000] {logging_mixin.py:190} INFO - [2026-07-16T00:39:37.735+0000] {dag.py:3239} INFO - Sync 1 DAGs
[2026-07-16T00:39:37.742+0000] {logging_mixin.py:190} INFO - [2026-07-16T00:39:37.742+0000] {dag.py:4180} INFO - Setting next_dagrun for dag_extract_catalogs to 2026-07-15 01:00:00+00:00, run_after=2026-07-16 01:00:00+00:00
[2026-07-16T00:39:37.747+0000] {processor.py:208} INFO - Processing /opt/airflow/dags/dag_extract_catalogs.py took 0.029 seconds
[2026-07-16T00:40:08.145+0000] {processor.py:186} INFO - Started process (PID=52742) to work on /opt/airflow/dags/dag_extract_catalogs.py
[2026-07-16T00:40:08.145+0000] {processor.py:914} INFO - Processing file /opt/airflow/dags/dag_extract_catalogs.py for tasks to queue
[2026-07-16T00:40:08.146+0000] {logging_mixin.py:190} INFO - [2026-07-16T00:40:08.146+0000] {dagbag.py:588} INFO - Filling up the DagBag from /opt/airflow/dags/dag_extract_catalogs.py
[2026-07-16T00:40:08.151+0000] {processor.py:925} INFO - DAG(s) 'dag_extract_catalogs' retrieved from /opt/airflow/dags/dag_extract_catalogs.py
[2026-07-16T00:40:08.160+0000] {logging_mixin.py:190} INFO - [2026-07-16T00:40:08.160+0000] {dag.py:3239} INFO - Sync 1 DAGs
[2026-07-16T00:40:08.167+0000] {logging_mixin.py:190} INFO - [2026-07-16T00:40:08.167+0000] {dag.py:4180} INFO - Setting next_dagrun for dag_extract_catalogs to 2026-07-15 01:00:00+00:00, run_after=2026-07-16 01:00:00+00:00
[2026-07-16T00:40:08.172+0000] {processor.py:208} INFO - Processing /opt/airflow/dags/dag_extract_catalogs.py took 0.030 seconds
[2026-07-16T00:40:44.694+0000] {processor.py:186} INFO - Started process (PID=52762) to work on /opt/airflow/dags/dag_extract_catalogs.py
[2026-07-16T00:40:44.695+0000] {processor.py:914} INFO - Processing file /opt/airflow/dags/dag_extract_catalogs.py for tasks to queue
[2026-07-16T00:40:44.696+0000] {logging_mixin.py:190} INFO - [2026-07-16T00:40:44.695+0000] {dagbag.py:588} INFO - Filling up the DagBag from /opt/airflow/dags/dag_extract_catalogs.py
[2026-07-16T00:40:44.700+0000] {processor.py:925} INFO - DAG(s) 'dag_extract_catalogs' retrieved from /opt/airflow/dags/dag_extract_catalogs.py
[2026-07-16T00:40:44.710+0000] {logging_mixin.py:190} INFO - [2026-07-16T00:40:44.710+0000] {dag.py:3239} INFO - Sync 1 DAGs
[2026-07-16T00:40:44.717+0000] {logging_mixin.py:190} INFO - [2026-07-16T00:40:44.717+0000] {dag.py:4180} INFO - Setting next_dagrun for dag_extract_catalogs to 2026-07-15 01:00:00+00:00, run_after=2026-07-16 01:00:00+00:00
[2026-07-16T00:40:44.722+0000] {processor.py:208} INFO - Processing /opt/airflow/dags/dag_extract_catalogs.py took 0.030 seconds
[2026-07-16T00:41:19.206+0000] {processor.py:186} INFO - Started process (PID=52782) to work on /opt/airflow/dags/dag_extract_catalogs.py
[2026-07-16T00:41:19.207+0000] {processor.py:914} INFO - Processing file /opt/airflow/dags/dag_extract_catalogs.py for tasks to queue
[2026-07-16T00:41:19.208+0000] {logging_mixin.py:190} INFO - [2026-07-16T00:41:19.208+0000] {dagbag.py:588} INFO - Filling up the DagBag from /opt/airflow/dags/dag_extract_catalogs.py
[2026-07-16T00:41:19.213+0000] {processor.py:925} INFO - DAG(s) 'dag_extract_catalogs' retrieved from /opt/airflow/dags/dag_extract_catalogs.py
[2026-07-16T00:41:19.222+0000] {logging_mixin.py:190} INFO - [2026-07-16T00:41:19.222+0000] {dag.py:3239} INFO - Sync 1 DAGs
[2026-07-16T00:41:19.230+0000] {logging_mixin.py:190} INFO - [2026-07-16T00:41:19.230+0000] {dag.py:4180} INFO - Setting next_dagrun for dag_extract_catalogs to 2026-07-15 01:00:00+00:00, run_after=2026-07-16 01:00:00+00:00
[2026-07-16T00:41:19.234+0000] {processor.py:208} INFO - Processing /opt/airflow/dags/dag_extract_catalogs.py took 0.030 seconds
[2026-07-16T00:41:49.668+0000] {processor.py:186} INFO - Started process (PID=52802) to work on /opt/airflow/dags/dag_extract_catalogs.py
[2026-07-16T00:41:49.669+0000] {processor.py:914} INFO - Processing file /opt/airflow/dags/dag_extract_catalogs.py for tasks to queue
[2026-07-16T00:41:49.669+0000] {logging_mixin.py:190} INFO - [2026-07-16T00:41:49.669+0000] {dagbag.py:588} INFO - Filling up the DagBag from /opt/airflow/dags/dag_extract_catalogs.py
[2026-07-16T00:41:49.674+0000] {processor.py:925} INFO - DAG(s) 'dag_extract_catalogs' retrieved from /opt/airflow/dags/dag_extract_catalogs.py
[2026-07-16T00:41:49.684+0000] {logging_mixin.py:190} INFO - [2026-07-16T00:41:49.684+0000] {dag.py:3239} INFO - Sync 1 DAGs
[2026-07-16T00:41:49.691+0000] {logging_mixin.py:190} INFO - [2026-07-16T00:41:49.691+0000] {dag.py:4180} INFO - Setting next_dagrun for dag_extract_catalogs to 2026-07-15 01:00:00+00:00, run_after=2026-07-16 01:00:00+00:00
[2026-07-16T00:41:49.695+0000] {processor.py:208} INFO - Processing /opt/airflow/dags/dag_extract_catalogs.py took 0.029 seconds
[2026-07-16T00:42:27.183+0000] {processor.py:186} INFO - Started process (PID=52822) to work on /opt/airflow/dags/dag_extract_catalogs.py
[2026-07-16T00:42:27.183+0000] {processor.py:914} INFO - Processing file /opt/airflow/dags/dag_extract_catalogs.py for tasks to queue
[2026-07-16T00:42:27.184+0000] {logging_mixin.py:190} INFO - [2026-07-16T00:42:27.184+0000] {dagbag.py:588} INFO - Filling up the DagBag from /opt/airflow/dags/dag_extract_catalogs.py
[2026-07-16T00:42:27.188+0000] {processor.py:925} INFO - DAG(s) 'dag_extract_catalogs' retrieved from /opt/airflow/dags/dag_extract_catalogs.py
[2026-07-16T00:42:27.198+0000] {logging_mixin.py:190} INFO - [2026-07-16T00:42:27.198+0000] {dag.py:3239} INFO - Sync 1 DAGs
[2026-07-16T00:42:27.205+0000] {logging_mixin.py:190} INFO - [2026-07-16T00:42:27.205+0000] {dag.py:4180} INFO - Setting next_dagrun for dag_extract_catalogs to 2026-07-15 01:00:00+00:00, run_after=2026-07-16 01:00:00+00:00
[2026-07-16T00:42:27.210+0000] {processor.py:208} INFO - Processing /opt/airflow/dags/dag_extract_catalogs.py took 0.030 seconds
[2026-07-16T00:43:03.860+0000] {processor.py:186} INFO - Started process (PID=52842) to work on /opt/airflow/dags/dag_extract_catalogs.py
[2026-07-16T00:43:03.861+0000] {processor.py:914} INFO - Processing file /opt/airflow/dags/dag_extract_catalogs.py for tasks to queue
[2026-07-16T00:43:03.861+0000] {logging_mixin.py:190} INFO - [2026-07-16T00:43:03.861+0000] {dagbag.py:588} INFO - Filling up the DagBag from /opt/airflow/dags/dag_extract_catalogs.py
[2026-07-16T00:43:03.866+0000] {processor.py:925} INFO - DAG(s) 'dag_extract_catalogs' retrieved from /opt/airflow/dags/dag_extract_catalogs.py
[2026-07-16T00:43:03.876+0000] {logging_mixin.py:190} INFO - [2026-07-16T00:43:03.876+0000] {dag.py:3239} INFO - Sync 1 DAGs
[2026-07-16T00:43:03.883+0000] {logging_mixin.py:190} INFO - [2026-07-16T00:43:03.883+0000] {dag.py:4180} INFO - Setting next_dagrun for dag_extract_catalogs to 2026-07-15 01:00:00+00:00, run_after=2026-07-16 01:00:00+00:00
[2026-07-16T00:43:03.888+0000] {processor.py:208} INFO - Processing /opt/airflow/dags/dag_extract_catalogs.py took 0.030 seconds
[2026-07-16T00:43:34.354+0000] {processor.py:186} INFO - Started process (PID=52862) to work on /opt/airflow/dags/dag_extract_catalogs.py
[2026-07-16T00:43:34.354+0000] {processor.py:914} INFO - Processing file /opt/airflow/dags/dag_extract_catalogs.py for tasks to queue
[2026-07-16T00:43:34.355+0000] {logging_mixin.py:190} INFO - [2026-07-16T00:43:34.355+0000] {dagbag.py:588} INFO - Filling up the DagBag from /opt/airflow/dags/dag_extract_catalogs.py
[2026-07-16T00:43:34.359+0000] {processor.py:925} INFO - DAG(s) 'dag_extract_catalogs' retrieved from /opt/airflow/dags/dag_extract_catalogs.py
[2026-07-16T00:43:34.369+0000] {logging_mixin.py:190} INFO - [2026-07-16T00:43:34.369+0000] {dag.py:3239} INFO - Sync 1 DAGs
[2026-07-16T00:43:34.376+0000] {logging_mixin.py:190} INFO - [2026-07-16T00:43:34.376+0000] {dag.py:4180} INFO - Setting next_dagrun for dag_extract_catalogs to 2026-07-15 01:00:00+00:00, run_after=2026-07-16 01:00:00+00:00
[2026-07-16T00:43:34.381+0000] {processor.py:208} INFO - Processing /opt/airflow/dags/dag_extract_catalogs.py took 0.030 seconds
[2026-07-16T00:44:10.642+0000] {processor.py:186} INFO - Started process (PID=52880) to work on /opt/airflow/dags/dag_extract_catalogs.py
[2026-07-16T00:44:10.642+0000] {processor.py:914} INFO - Processing file /opt/airflow/dags/dag_extract_catalogs.py for tasks to queue
[2026-07-16T00:44:10.643+0000] {logging_mixin.py:190} INFO - [2026-07-16T00:44:10.643+0000] {dagbag.py:588} INFO - Filling up the DagBag from /opt/airflow/dags/dag_extract_catalogs.py
[2026-07-16T00:44:10.650+0000] {processor.py:925} INFO - DAG(s) 'dag_extract_catalogs' retrieved from /opt/airflow/dags/dag_extract_catalogs.py
[2026-07-16T00:44:10.663+0000] {logging_mixin.py:190} INFO - [2026-07-16T00:44:10.663+0000] {dag.py:3239} INFO - Sync 1 DAGs
[2026-07-16T00:44:10.671+0000] {logging_mixin.py:190} INFO - [2026-07-16T00:44:10.671+0000] {dag.py:4180} INFO - Setting next_dagrun for dag_extract_catalogs to 2026-07-15 01:00:00+00:00, run_after=2026-07-16 01:00:00+00:00
[2026-07-16T00:44:10.679+0000] {processor.py:208} INFO - Processing /opt/airflow/dags/dag_extract_catalogs.py took 0.039 seconds
[2026-07-16T00:44:48.444+0000] {processor.py:186} INFO - Started process (PID=52900) to work on /opt/airflow/dags/dag_extract_catalogs.py
[2026-07-16T00:44:48.445+0000] {processor.py:914} INFO - Processing file /opt/airflow/dags/dag_extract_catalogs.py for tasks to queue
[2026-07-16T00:44:48.447+0000] {logging_mixin.py:190} INFO - [2026-07-16T00:44:48.446+0000] {dagbag.py:588} INFO - Filling up the DagBag from /opt/airflow/dags/dag_extract_catalogs.py
[2026-07-16T00:44:48.453+0000] {processor.py:925} INFO - DAG(s) 'dag_extract_catalogs' retrieved from /opt/airflow/dags/dag_extract_catalogs.py
[2026-07-16T00:44:48.467+0000] {logging_mixin.py:190} INFO - [2026-07-16T00:44:48.467+0000] {dag.py:3239} INFO - Sync 1 DAGs
[2026-07-16T00:44:48.475+0000] {logging_mixin.py:190} INFO - [2026-07-16T00:44:48.475+0000] {dag.py:4180} INFO - Setting next_dagrun for dag_extract_catalogs to 2026-07-15 01:00:00+00:00, run_after=2026-07-16 01:00:00+00:00
[2026-07-16T00:44:48.483+0000] {processor.py:208} INFO - Processing /opt/airflow/dags/dag_extract_catalogs.py took 0.042 seconds
[2026-07-16T00:45:19.011+0000] {processor.py:186} INFO - Started process (PID=52922) to work on /opt/airflow/dags/dag_extract_catalogs.py
[2026-07-16T00:45:19.012+0000] {processor.py:914} INFO - Processing file /opt/airflow/dags/dag_extract_catalogs.py for tasks to queue
[2026-07-16T00:45:19.013+0000] {logging_mixin.py:190} INFO - [2026-07-16T00:45:19.013+0000] {dagbag.py:588} INFO - Filling up the DagBag from /opt/airflow/dags/dag_extract_catalogs.py
[2026-07-16T00:45:19.017+0000] {processor.py:925} INFO - DAG(s) 'dag_extract_catalogs' retrieved from /opt/airflow/dags/dag_extract_catalogs.py
[2026-07-16T00:45:19.028+0000] {logging_mixin.py:190} INFO - [2026-07-16T00:45:19.027+0000] {dag.py:3239} INFO - Sync 1 DAGs
[2026-07-16T00:45:19.035+0000] {logging_mixin.py:190} INFO - [2026-07-16T00:45:19.035+0000] {dag.py:4180} INFO - Setting next_dagrun for dag_extract_catalogs to 2026-07-15 01:00:00+00:00, run_after=2026-07-16 01:00:00+00:00
[2026-07-16T00:45:19.040+0000] {processor.py:208} INFO - Processing /opt/airflow/dags/dag_extract_catalogs.py took 0.030 seconds
[2026-07-16T00:45:55.325+0000] {processor.py:186} INFO - Started process (PID=52942) to work on /opt/airflow/dags/dag_extract_catalogs.py
[2026-07-16T00:45:55.326+0000] {processor.py:914} INFO - Processing file /opt/airflow/dags/dag_extract_catalogs.py for tasks to queue
[2026-07-16T00:45:55.327+0000] {logging_mixin.py:190} INFO - [2026-07-16T00:45:55.326+0000] {dagbag.py:588} INFO - Filling up the DagBag from /opt/airflow/dags/dag_extract_catalogs.py
[2026-07-16T00:45:55.331+0000] {processor.py:925} INFO - DAG(s) 'dag_extract_catalogs' retrieved from /opt/airflow/dags/dag_extract_catalogs.py
[2026-07-16T00:45:55.341+0000] {logging_mixin.py:190} INFO - [2026-07-16T00:45:55.340+0000] {dag.py:3239} INFO - Sync 1 DAGs
[2026-07-16T00:45:55.348+0000] {logging_mixin.py:190} INFO - [2026-07-16T00:45:55.348+0000] {dag.py:4180} INFO - Setting next_dagrun for dag_extract_catalogs to 2026-07-15 01:00:00+00:00, run_after=2026-07-16 01:00:00+00:00
[2026-07-16T00:45:55.353+0000] {processor.py:208} INFO - Processing /opt/airflow/dags/dag_extract_catalogs.py took 0.030 seconds
[2026-07-16T00:46:25.795+0000] {processor.py:186} INFO - Started process (PID=52962) to work on /opt/airflow/dags/dag_extract_catalogs.py
[2026-07-16T00:46:25.796+0000] {processor.py:914} INFO - Processing file /opt/airflow/dags/dag_extract_catalogs.py for tasks to queue
[2026-07-16T00:46:25.797+0000] {logging_mixin.py:190} INFO - [2026-07-16T00:46:25.796+0000] {dagbag.py:588} INFO - Filling up the DagBag from /opt/airflow/dags/dag_extract_catalogs.py
[2026-07-16T00:46:25.802+0000] {processor.py:925} INFO - DAG(s) 'dag_extract_catalogs' retrieved from /opt/airflow/dags/dag_extract_catalogs.py
[2026-07-16T00:46:25.812+0000] {logging_mixin.py:190} INFO - [2026-07-16T00:46:25.812+0000] {dag.py:3239} INFO - Sync 1 DAGs
[2026-07-16T00:46:25.819+0000] {logging_mixin.py:190} INFO - [2026-07-16T00:46:25.819+0000] {dag.py:4180} INFO - Setting next_dagrun for dag_extract_catalogs to 2026-07-15 01:00:00+00:00, run_after=2026-07-16 01:00:00+00:00
[2026-07-16T00:46:25.824+0000] {processor.py:208} INFO - Processing /opt/airflow/dags/dag_extract_catalogs.py took 0.031 seconds
[2026-07-16T00:47:02.526+0000] {processor.py:186} INFO - Started process (PID=52980) to work on /opt/airflow/dags/dag_extract_catalogs.py
[2026-07-16T00:47:02.527+0000] {processor.py:914} INFO - Processing file /opt/airflow/dags/dag_extract_catalogs.py for tasks to queue
[2026-07-16T00:47:02.528+0000] {logging_mixin.py:190} INFO - [2026-07-16T00:47:02.528+0000] {dagbag.py:588} INFO - Filling up the DagBag from /opt/airflow/dags/dag_extract_catalogs.py
[2026-07-16T00:47:02.534+0000] {processor.py:925} INFO - DAG(s) 'dag_extract_catalogs' retrieved from /opt/airflow/dags/dag_extract_catalogs.py
[2026-07-16T00:47:02.548+0000] {logging_mixin.py:190} INFO - [2026-07-16T00:47:02.548+0000] {dag.py:3239} INFO - Sync 1 DAGs
[2026-07-16T00:47:02.556+0000] {logging_mixin.py:190} INFO - [2026-07-16T00:47:02.556+0000] {dag.py:4180} INFO - Setting next_dagrun for dag_extract_catalogs to 2026-07-15 01:00:00+00:00, run_after=2026-07-16 01:00:00+00:00
[2026-07-16T00:47:02.561+0000] {processor.py:208} INFO - Processing /opt/airflow/dags/dag_extract_catalogs.py took 0.038 seconds
[2026-07-16T00:47:39.122+0000] {processor.py:186} INFO - Started process (PID=53002) to work on /opt/airflow/dags/dag_extract_catalogs.py
[2026-07-16T00:47:39.122+0000] {processor.py:914} INFO - Processing file /opt/airflow/dags/dag_extract_catalogs.py for tasks to queue
[2026-07-16T00:47:39.123+0000] {logging_mixin.py:190} INFO - [2026-07-16T00:47:39.123+0000] {dagbag.py:588} INFO - Filling up the DagBag from /opt/airflow/dags/dag_extract_catalogs.py
[2026-07-16T00:47:39.128+0000] {processor.py:925} INFO - DAG(s) 'dag_extract_catalogs' retrieved from /opt/airflow/dags/dag_extract_catalogs.py
[2026-07-16T00:47:39.137+0000] {logging_mixin.py:190} INFO - [2026-07-16T00:47:39.137+0000] {dag.py:3239} INFO - Sync 1 DAGs
[2026-07-16T00:47:39.145+0000] {logging_mixin.py:190} INFO - [2026-07-16T00:47:39.144+0000] {dag.py:4180} INFO - Setting next_dagrun for dag_extract_catalogs to 2026-07-15 01:00:00+00:00, run_after=2026-07-16 01:00:00+00:00
[2026-07-16T00:47:39.149+0000] {processor.py:208} INFO - Processing /opt/airflow/dags/dag_extract_catalogs.py took 0.029 seconds
[2026-07-16T00:48:09.545+0000] {processor.py:186} INFO - Started process (PID=53020) to work on /opt/airflow/dags/dag_extract_catalogs.py
[2026-07-16T00:48:09.546+0000] {processor.py:914} INFO - Processing file /opt/airflow/dags/dag_extract_catalogs.py for tasks to queue
[2026-07-16T00:48:09.547+0000] {logging_mixin.py:190} INFO - [2026-07-16T00:48:09.547+0000] {dagbag.py:588} INFO - Filling up the DagBag from /opt/airflow/dags/dag_extract_catalogs.py
[2026-07-16T00:48:09.554+0000] {processor.py:925} INFO - DAG(s) 'dag_extract_catalogs' retrieved from /opt/airflow/dags/dag_extract_catalogs.py
[2026-07-16T00:48:09.567+0000] {logging_mixin.py:190} INFO - [2026-07-16T00:48:09.567+0000] {dag.py:3239} INFO - Sync 1 DAGs
[2026-07-16T00:48:09.574+0000] {logging_mixin.py:190} INFO - [2026-07-16T00:48:09.574+0000] {dag.py:4180} INFO - Setting next_dagrun for dag_extract_catalogs to 2026-07-15 01:00:00+00:00, run_after=2026-07-16 01:00:00+00:00
[2026-07-16T00:48:09.582+0000] {processor.py:208} INFO - Processing /opt/airflow/dags/dag_extract_catalogs.py took 0.040 seconds
[2026-07-16T00:48:45.939+0000] {processor.py:186} INFO - Started process (PID=53042) to work on /opt/airflow/dags/dag_extract_catalogs.py
[2026-07-16T00:48:45.940+0000] {processor.py:914} INFO - Processing file /opt/airflow/dags/dag_extract_catalogs.py for tasks to queue
[2026-07-16T00:48:45.941+0000] {logging_mixin.py:190} INFO - [2026-07-16T00:48:45.940+0000] {dagbag.py:588} INFO - Filling up the DagBag from /opt/airflow/dags/dag_extract_catalogs.py
[2026-07-16T00:48:45.945+0000] {processor.py:925} INFO - DAG(s) 'dag_extract_catalogs' retrieved from /opt/airflow/dags/dag_extract_catalogs.py
[2026-07-16T00:48:45.955+0000] {logging_mixin.py:190} INFO - [2026-07-16T00:48:45.955+0000] {dag.py:3239} INFO - Sync 1 DAGs
[2026-07-16T00:48:45.962+0000] {logging_mixin.py:190} INFO - [2026-07-16T00:48:45.962+0000] {dag.py:4180} INFO - Setting next_dagrun for dag_extract_catalogs to 2026-07-15 01:00:00+00:00, run_after=2026-07-16 01:00:00+00:00
[2026-07-16T00:48:45.967+0000] {processor.py:208} INFO - Processing /opt/airflow/dags/dag_extract_catalogs.py took 0.030 seconds
[2026-07-16T00:49:23.740+0000] {processor.py:186} INFO - Started process (PID=53062) to work on /opt/airflow/dags/dag_extract_catalogs.py
[2026-07-16T00:49:23.740+0000] {processor.py:914} INFO - Processing file /opt/airflow/dags/dag_extract_catalogs.py for tasks to queue
[2026-07-16T00:49:23.741+0000] {logging_mixin.py:190} INFO - [2026-07-16T00:49:23.741+0000] {dagbag.py:588} INFO - Filling up the DagBag from /opt/airflow/dags/dag_extract_catalogs.py
[2026-07-16T00:49:23.746+0000] {processor.py:925} INFO - DAG(s) 'dag_extract_catalogs' retrieved from /opt/airflow/dags/dag_extract_catalogs.py
[2026-07-16T00:49:23.755+0000] {logging_mixin.py:190} INFO - [2026-07-16T00:49:23.755+0000] {dag.py:3239} INFO - Sync 1 DAGs
[2026-07-16T00:49:23.763+0000] {logging_mixin.py:190} INFO - [2026-07-16T00:49:23.763+0000] {dag.py:4180} INFO - Setting next_dagrun for dag_extract_catalogs to 2026-07-15 01:00:00+00:00, run_after=2026-07-16 01:00:00+00:00
[2026-07-16T00:49:23.767+0000] {processor.py:208} INFO - Processing /opt/airflow/dags/dag_extract_catalogs.py took 0.029 seconds
[2026-07-16T00:49:54.185+0000] {processor.py:186} INFO - Started process (PID=53080) to work on /opt/airflow/dags/dag_extract_catalogs.py
[2026-07-16T00:49:54.186+0000] {processor.py:914} INFO - Processing file /opt/airflow/dags/dag_extract_catalogs.py for tasks to queue
[2026-07-16T00:49:54.187+0000] {logging_mixin.py:190} INFO - [2026-07-16T00:49:54.187+0000] {dagbag.py:588} INFO - Filling up the DagBag from /opt/airflow/dags/dag_extract_catalogs.py
[2026-07-16T00:49:54.193+0000] {processor.py:925} INFO - DAG(s) 'dag_extract_catalogs' retrieved from /opt/airflow/dags/dag_extract_catalogs.py
[2026-07-16T00:49:54.208+0000] {logging_mixin.py:190} INFO - [2026-07-16T00:49:54.208+0000] {dag.py:3239} INFO - Sync 1 DAGs
[2026-07-16T00:49:54.215+0000] {logging_mixin.py:190} INFO - [2026-07-16T00:49:54.215+0000] {dag.py:4180} INFO - Setting next_dagrun for dag_extract_catalogs to 2026-07-15 01:00:00+00:00, run_after=2026-07-16 01:00:00+00:00
[2026-07-16T00:49:54.221+0000] {processor.py:208} INFO - Processing /opt/airflow/dags/dag_extract_catalogs.py took 0.039 seconds
[2026-07-16T00:50:30.912+0000] {processor.py:186} INFO - Started process (PID=53102) to work on /opt/airflow/dags/dag_extract_catalogs.py
[2026-07-16T00:50:30.912+0000] {processor.py:914} INFO - Processing file /opt/airflow/dags/dag_extract_catalogs.py for tasks to queue
[2026-07-16T00:50:30.913+0000] {logging_mixin.py:190} INFO - [2026-07-16T00:50:30.913+0000] {dagbag.py:588} INFO - Filling up the DagBag from /opt/airflow/dags/dag_extract_catalogs.py
[2026-07-16T00:50:30.918+0000] {processor.py:925} INFO - DAG(s) 'dag_extract_catalogs' retrieved from /opt/airflow/dags/dag_extract_catalogs.py
[2026-07-16T00:50:30.928+0000] {logging_mixin.py:190} INFO - [2026-07-16T00:50:30.928+0000] {dag.py:3239} INFO - Sync 1 DAGs
[2026-07-16T00:50:30.935+0000] {logging_mixin.py:190} INFO - [2026-07-16T00:50:30.934+0000] {dag.py:4180} INFO - Setting next_dagrun for dag_extract_catalogs to 2026-07-15 01:00:00+00:00, run_after=2026-07-16 01:00:00+00:00
[2026-07-16T00:50:30.939+0000] {processor.py:208} INFO - Processing /opt/airflow/dags/dag_extract_catalogs.py took 0.030 seconds
[2026-07-16T00:51:07.346+0000] {processor.py:186} INFO - Started process (PID=53120) to work on /opt/airflow/dags/dag_extract_catalogs.py
[2026-07-16T00:51:07.347+0000] {processor.py:914} INFO - Processing file /opt/airflow/dags/dag_extract_catalogs.py for tasks to queue
[2026-07-16T00:51:07.348+0000] {logging_mixin.py:190} INFO - [2026-07-16T00:51:07.348+0000] {dagbag.py:588} INFO - Filling up the DagBag from /opt/airflow/dags/dag_extract_catalogs.py
[2026-07-16T00:51:07.353+0000] {processor.py:925} INFO - DAG(s) 'dag_extract_catalogs' retrieved from /opt/airflow/dags/dag_extract_catalogs.py
[2026-07-16T00:51:07.363+0000] {logging_mixin.py:190} INFO - [2026-07-16T00:51:07.363+0000] {dag.py:3239} INFO - Sync 1 DAGs
[2026-07-16T00:51:07.371+0000] {logging_mixin.py:190} INFO - [2026-07-16T00:51:07.371+0000] {dag.py:4180} INFO - Setting next_dagrun for dag_extract_catalogs to 2026-07-15 01:00:00+00:00, run_after=2026-07-16 01:00:00+00:00
[2026-07-16T00:51:07.378+0000] {processor.py:208} INFO - Processing /opt/airflow/dags/dag_extract_catalogs.py took 0.034 seconds
[2026-07-16T00:51:37.826+0000] {processor.py:186} INFO - Started process (PID=53140) to work on /opt/airflow/dags/dag_extract_catalogs.py
[2026-07-16T00:51:37.827+0000] {processor.py:914} INFO - Processing file /opt/airflow/dags/dag_extract_catalogs.py for tasks to queue
[2026-07-16T00:51:37.828+0000] {logging_mixin.py:190} INFO - [2026-07-16T00:51:37.828+0000] {dagbag.py:588} INFO - Filling up the DagBag from /opt/airflow/dags/dag_extract_catalogs.py
[2026-07-16T00:51:37.836+0000] {processor.py:925} INFO - DAG(s) 'dag_extract_catalogs' retrieved from /opt/airflow/dags/dag_extract_catalogs.py
[2026-07-16T00:51:37.851+0000] {logging_mixin.py:190} INFO - [2026-07-16T00:51:37.851+0000] {dag.py:3239} INFO - Sync 1 DAGs
[2026-07-16T00:51:37.859+0000] {logging_mixin.py:190} INFO - [2026-07-16T00:51:37.859+0000] {dag.py:4180} INFO - Setting next_dagrun for dag_extract_catalogs to 2026-07-15 01:00:00+00:00, run_after=2026-07-16 01:00:00+00:00
[2026-07-16T00:51:37.866+0000] {processor.py:208} INFO - Processing /opt/airflow/dags/dag_extract_catalogs.py took 0.042 seconds
[2026-07-16T00:52:14.792+0000] {processor.py:186} INFO - Started process (PID=53160) to work on /opt/airflow/dags/dag_extract_catalogs.py
[2026-07-16T00:52:14.793+0000] {processor.py:914} INFO - Processing file /opt/airflow/dags/dag_extract_catalogs.py for tasks to queue
[2026-07-16T00:52:14.794+0000] {logging_mixin.py:190} INFO - [2026-07-16T00:52:14.794+0000] {dagbag.py:588} INFO - Filling up the DagBag from /opt/airflow/dags/dag_extract_catalogs.py
[2026-07-16T00:52:14.800+0000] {processor.py:925} INFO - DAG(s) 'dag_extract_catalogs' retrieved from /opt/airflow/dags/dag_extract_catalogs.py
[2026-07-16T00:52:14.817+0000] {logging_mixin.py:190} INFO - [2026-07-16T00:52:14.817+0000] {dag.py:3239} INFO - Sync 1 DAGs
[2026-07-16T00:52:14.827+0000] {logging_mixin.py:190} INFO - [2026-07-16T00:52:14.827+0000] {dag.py:4180} INFO - Setting next_dagrun for dag_extract_catalogs to 2026-07-15 01:00:00+00:00, run_after=2026-07-16 01:00:00+00:00
[2026-07-16T00:52:14.832+0000] {processor.py:208} INFO - Processing /opt/airflow/dags/dag_extract_catalogs.py took 0.042 seconds
[2026-07-16T00:52:45.350+0000] {processor.py:186} INFO - Started process (PID=53182) to work on /opt/airflow/dags/dag_extract_catalogs.py
[2026-07-16T00:52:45.351+0000] {processor.py:914} INFO - Processing file /opt/airflow/dags/dag_extract_catalogs.py for tasks to queue
[2026-07-16T00:52:45.351+0000] {logging_mixin.py:190} INFO - [2026-07-16T00:52:45.351+0000] {dagbag.py:588} INFO - Filling up the DagBag from /opt/airflow/dags/dag_extract_catalogs.py
[2026-07-16T00:52:45.356+0000] {processor.py:925} INFO - DAG(s) 'dag_extract_catalogs' retrieved from /opt/airflow/dags/dag_extract_catalogs.py
[2026-07-16T00:52:45.365+0000] {logging_mixin.py:190} INFO - [2026-07-16T00:52:45.365+0000] {dag.py:3239} INFO - Sync 1 DAGs
[2026-07-16T00:52:45.373+0000] {logging_mixin.py:190} INFO - [2026-07-16T00:52:45.373+0000] {dag.py:4180} INFO - Setting next_dagrun for dag_extract_catalogs to 2026-07-15 01:00:00+00:00, run_after=2026-07-16 01:00:00+00:00
[2026-07-16T00:52:45.378+0000] {processor.py:208} INFO - Processing /opt/airflow/dags/dag_extract_catalogs.py took 0.030 seconds
[2026-07-16T00:53:21.301+0000] {processor.py:186} INFO - Started process (PID=53200) to work on /opt/airflow/dags/dag_extract_catalogs.py
[2026-07-16T00:53:21.302+0000] {processor.py:914} INFO - Processing file /opt/airflow/dags/dag_extract_catalogs.py for tasks to queue
[2026-07-16T00:53:21.303+0000] {logging_mixin.py:190} INFO - [2026-07-16T00:53:21.303+0000] {dagbag.py:588} INFO - Filling up the DagBag from /opt/airflow/dags/dag_extract_catalogs.py
[2026-07-16T00:53:21.310+0000] {processor.py:925} INFO - DAG(s) 'dag_extract_catalogs' retrieved from /opt/airflow/dags/dag_extract_catalogs.py
[2026-07-16T00:53:21.326+0000] {logging_mixin.py:190} INFO - [2026-07-16T00:53:21.326+0000] {dag.py:3239} INFO - Sync 1 DAGs
[2026-07-16T00:53:21.333+0000] {logging_mixin.py:190} INFO - [2026-07-16T00:53:21.333+0000] {dag.py:4180} INFO - Setting next_dagrun for dag_extract_catalogs to 2026-07-15 01:00:00+00:00, run_after=2026-07-16 01:00:00+00:00
[2026-07-16T00:53:21.338+0000] {processor.py:208} INFO - Processing /opt/airflow/dags/dag_extract_catalogs.py took 0.040 seconds
[2026-07-16T00:53:59.127+0000] {processor.py:186} INFO - Started process (PID=53222) to work on /opt/airflow/dags/dag_extract_catalogs.py
[2026-07-16T00:53:59.127+0000] {processor.py:914} INFO - Processing file /opt/airflow/dags/dag_extract_catalogs.py for tasks to queue
[2026-07-16T00:53:59.128+0000] {logging_mixin.py:190} INFO - [2026-07-16T00:53:59.128+0000] {dagbag.py:588} INFO - Filling up the DagBag from /opt/airflow/dags/dag_extract_catalogs.py
[2026-07-16T00:53:59.133+0000] {processor.py:925} INFO - DAG(s) 'dag_extract_catalogs' retrieved from /opt/airflow/dags/dag_extract_catalogs.py
[2026-07-16T00:53:59.142+0000] {logging_mixin.py:190} INFO - [2026-07-16T00:53:59.142+0000] {dag.py:3239} INFO - Sync 1 DAGs
[2026-07-16T00:53:59.149+0000] {logging_mixin.py:190} INFO - [2026-07-16T00:53:59.149+0000] {dag.py:4180} INFO - Setting next_dagrun for dag_extract_catalogs to 2026-07-15 01:00:00+00:00, run_after=2026-07-16 01:00:00+00:00
[2026-07-16T00:53:59.154+0000] {processor.py:208} INFO - Processing /opt/airflow/dags/dag_extract_catalogs.py took 0.029 seconds
[2026-07-16T00:54:29.537+0000] {processor.py:186} INFO - Started process (PID=53242) to work on /opt/airflow/dags/dag_extract_catalogs.py
[2026-07-16T00:54:29.537+0000] {processor.py:914} INFO - Processing file /opt/airflow/dags/dag_extract_catalogs.py for tasks to queue
[2026-07-16T00:54:29.538+0000] {logging_mixin.py:190} INFO - [2026-07-16T00:54:29.538+0000] {dagbag.py:588} INFO - Filling up the DagBag from /opt/airflow/dags/dag_extract_catalogs.py
[2026-07-16T00:54:29.543+0000] {processor.py:925} INFO - DAG(s) 'dag_extract_catalogs' retrieved from /opt/airflow/dags/dag_extract_catalogs.py
[2026-07-16T00:54:29.552+0000] {logging_mixin.py:190} INFO - [2026-07-16T00:54:29.552+0000] {dag.py:3239} INFO - Sync 1 DAGs
[2026-07-16T00:54:29.559+0000] {logging_mixin.py:190} INFO - [2026-07-16T00:54:29.559+0000] {dag.py:4180} INFO - Setting next_dagrun for dag_extract_catalogs to 2026-07-15 01:00:00+00:00, run_after=2026-07-16 01:00:00+00:00
[2026-07-16T00:54:29.564+0000] {processor.py:208} INFO - Processing /opt/airflow/dags/dag_extract_catalogs.py took 0.029 seconds
[2026-07-16T00:55:06.076+0000] {processor.py:186} INFO - Started process (PID=53262) to work on /opt/airflow/dags/dag_extract_catalogs.py
[2026-07-16T00:55:06.076+0000] {processor.py:914} INFO - Processing file /opt/airflow/dags/dag_extract_catalogs.py for tasks to queue
[2026-07-16T00:55:06.077+0000] {logging_mixin.py:190} INFO - [2026-07-16T00:55:06.077+0000] {dagbag.py:588} INFO - Filling up the DagBag from /opt/airflow/dags/dag_extract_catalogs.py
[2026-07-16T00:55:06.082+0000] {processor.py:925} INFO - DAG(s) 'dag_extract_catalogs' retrieved from /opt/airflow/dags/dag_extract_catalogs.py
[2026-07-16T00:55:06.092+0000] {logging_mixin.py:190} INFO - [2026-07-16T00:55:06.092+0000] {dag.py:3239} INFO - Sync 1 DAGs
[2026-07-16T00:55:06.099+0000] {logging_mixin.py:190} INFO - [2026-07-16T00:55:06.099+0000] {dag.py:4180} INFO - Setting next_dagrun for dag_extract_catalogs to 2026-07-15 01:00:00+00:00, run_after=2026-07-16 01:00:00+00:00
[2026-07-16T00:55:06.103+0000] {processor.py:208} INFO - Processing /opt/airflow/dags/dag_extract_catalogs.py took 0.030 seconds
[2026-07-16T00:55:42.727+0000] {processor.py:186} INFO - Started process (PID=53282) to work on /opt/airflow/dags/dag_extract_catalogs.py
[2026-07-16T00:55:42.727+0000] {processor.py:914} INFO - Processing file /opt/airflow/dags/dag_extract_catalogs.py for tasks to queue
[2026-07-16T00:55:42.728+0000] {logging_mixin.py:190} INFO - [2026-07-16T00:55:42.728+0000] {dagbag.py:588} INFO - Filling up the DagBag from /opt/airflow/dags/dag_extract_catalogs.py
[2026-07-16T00:55:42.732+0000] {processor.py:925} INFO - DAG(s) 'dag_extract_catalogs' retrieved from /opt/airflow/dags/dag_extract_catalogs.py
[2026-07-16T00:55:42.742+0000] {logging_mixin.py:190} INFO - [2026-07-16T00:55:42.742+0000] {dag.py:3239} INFO - Sync 1 DAGs
[2026-07-16T00:55:42.749+0000] {logging_mixin.py:190} INFO - [2026-07-16T00:55:42.749+0000] {dag.py:4180} INFO - Setting next_dagrun for dag_extract_catalogs to 2026-07-15 01:00:00+00:00, run_after=2026-07-16 01:00:00+00:00
[2026-07-16T00:55:42.754+0000] {processor.py:208} INFO - Processing /opt/airflow/dags/dag_extract_catalogs.py took 0.029 seconds
[2026-07-16T00:56:13.196+0000] {processor.py:186} INFO - Started process (PID=53302) to work on /opt/airflow/dags/dag_extract_catalogs.py
[2026-07-16T00:56:13.197+0000] {processor.py:914} INFO - Processing file /opt/airflow/dags/dag_extract_catalogs.py for tasks to queue
[2026-07-16T00:56:13.198+0000] {logging_mixin.py:190} INFO - [2026-07-16T00:56:13.197+0000] {dagbag.py:588} INFO - Filling up the DagBag from /opt/airflow/dags/dag_extract_catalogs.py
[2026-07-16T00:56:13.202+0000] {processor.py:925} INFO - DAG(s) 'dag_extract_catalogs' retrieved from /opt/airflow/dags/dag_extract_catalogs.py
[2026-07-16T00:56:13.212+0000] {logging_mixin.py:190} INFO - [2026-07-16T00:56:13.212+0000] {dag.py:3239} INFO - Sync 1 DAGs
[2026-07-16T00:56:13.220+0000] {logging_mixin.py:190} INFO - [2026-07-16T00:56:13.219+0000] {dag.py:4180} INFO - Setting next_dagrun for dag_extract_catalogs to 2026-07-15 01:00:00+00:00, run_after=2026-07-16 01:00:00+00:00
[2026-07-16T00:56:13.224+0000] {processor.py:208} INFO - Processing /opt/airflow/dags/dag_extract_catalogs.py took 0.030 seconds
[2026-07-16T00:56:50.410+0000] {processor.py:186} INFO - Started process (PID=53320) to work on /opt/airflow/dags/dag_extract_catalogs.py
[2026-07-16T00:56:50.411+0000] {processor.py:914} INFO - Processing file /opt/airflow/dags/dag_extract_catalogs.py for tasks to queue
[2026-07-16T00:56:50.412+0000] {logging_mixin.py:190} INFO - [2026-07-16T00:56:50.412+0000] {dagbag.py:588} INFO - Filling up the DagBag from /opt/airflow/dags/dag_extract_catalogs.py
[2026-07-16T00:56:50.419+0000] {processor.py:925} INFO - DAG(s) 'dag_extract_catalogs' retrieved from /opt/airflow/dags/dag_extract_catalogs.py
[2026-07-16T00:56:50.432+0000] {logging_mixin.py:190} INFO - [2026-07-16T00:56:50.432+0000] {dag.py:3239} INFO - Sync 1 DAGs
[2026-07-16T00:56:50.442+0000] {logging_mixin.py:190} INFO - [2026-07-16T00:56:50.442+0000] {dag.py:4180} INFO - Setting next_dagrun for dag_extract_catalogs to 2026-07-15 01:00:00+00:00, run_after=2026-07-16 01:00:00+00:00
[2026-07-16T00:56:50.448+0000] {processor.py:208} INFO - Processing /opt/airflow/dags/dag_extract_catalogs.py took 0.040 seconds
[2026-07-16T00:57:27.169+0000] {processor.py:186} INFO - Started process (PID=53342) to work on /opt/airflow/dags/dag_extract_catalogs.py
[2026-07-16T00:57:27.170+0000] {processor.py:914} INFO - Processing file /opt/airflow/dags/dag_extract_catalogs.py for tasks to queue
[2026-07-16T00:57:27.170+0000] {logging_mixin.py:190} INFO - [2026-07-16T00:57:27.170+0000] {dagbag.py:588} INFO - Filling up the DagBag from /opt/airflow/dags/dag_extract_catalogs.py
[2026-07-16T00:57:27.175+0000] {processor.py:925} INFO - DAG(s) 'dag_extract_catalogs' retrieved from /opt/airflow/dags/dag_extract_catalogs.py
[2026-07-16T00:57:27.185+0000] {logging_mixin.py:190} INFO - [2026-07-16T00:57:27.184+0000] {dag.py:3239} INFO - Sync 1 DAGs
[2026-07-16T00:57:27.191+0000] {logging_mixin.py:190} INFO - [2026-07-16T00:57:27.191+0000] {dag.py:4180} INFO - Setting next_dagrun for dag_extract_catalogs to 2026-07-15 01:00:00+00:00, run_after=2026-07-16 01:00:00+00:00
[2026-07-16T00:57:27.197+0000] {processor.py:208} INFO - Processing /opt/airflow/dags/dag_extract_catalogs.py took 0.030 seconds
[2026-07-16T00:57:57.626+0000] {processor.py:186} INFO - Started process (PID=53362) to work on /opt/airflow/dags/dag_extract_catalogs.py
[2026-07-16T00:57:57.627+0000] {processor.py:914} INFO - Processing file /opt/airflow/dags/dag_extract_catalogs.py for tasks to queue
[2026-07-16T00:57:57.627+0000] {logging_mixin.py:190} INFO - [2026-07-16T00:57:57.627+0000] {dagbag.py:588} INFO - Filling up the DagBag from /opt/airflow/dags/dag_extract_catalogs.py
[2026-07-16T00:57:57.632+0000] {processor.py:925} INFO - DAG(s) 'dag_extract_catalogs' retrieved from /opt/airflow/dags/dag_extract_catalogs.py
[2026-07-16T00:57:57.642+0000] {logging_mixin.py:190} INFO - [2026-07-16T00:57:57.642+0000] {dag.py:3239} INFO - Sync 1 DAGs
[2026-07-16T00:57:57.649+0000] {logging_mixin.py:190} INFO - [2026-07-16T00:57:57.649+0000] {dag.py:4180} INFO - Setting next_dagrun for dag_extract_catalogs to 2026-07-15 01:00:00+00:00, run_after=2026-07-16 01:00:00+00:00
[2026-07-16T00:57:57.654+0000] {processor.py:208} INFO - Processing /opt/airflow/dags/dag_extract_catalogs.py took 0.030 seconds
[2026-07-16T00:58:34.333+0000] {processor.py:186} INFO - Started process (PID=53382) to work on /opt/airflow/dags/dag_extract_catalogs.py
[2026-07-16T00:58:34.334+0000] {processor.py:914} INFO - Processing file /opt/airflow/dags/dag_extract_catalogs.py for tasks to queue
[2026-07-16T00:58:34.335+0000] {logging_mixin.py:190} INFO - [2026-07-16T00:58:34.334+0000] {dagbag.py:588} INFO - Filling up the DagBag from /opt/airflow/dags/dag_extract_catalogs.py
[2026-07-16T00:58:34.339+0000] {processor.py:925} INFO - DAG(s) 'dag_extract_catalogs' retrieved from /opt/airflow/dags/dag_extract_catalogs.py
[2026-07-16T00:58:34.349+0000] {logging_mixin.py:190} INFO - [2026-07-16T00:58:34.349+0000] {dag.py:3239} INFO - Sync 1 DAGs
[2026-07-16T00:58:34.356+0000] {logging_mixin.py:190} INFO - [2026-07-16T00:58:34.356+0000] {dag.py:4180} INFO - Setting next_dagrun for dag_extract_catalogs to 2026-07-15 01:00:00+00:00, run_after=2026-07-16 01:00:00+00:00
[2026-07-16T00:58:34.360+0000] {processor.py:208} INFO - Processing /opt/airflow/dags/dag_extract_catalogs.py took 0.029 seconds
[2026-07-16T00:59:04.758+0000] {processor.py:186} INFO - Started process (PID=53400) to work on /opt/airflow/dags/dag_extract_catalogs.py
[2026-07-16T00:59:04.759+0000] {processor.py:914} INFO - Processing file /opt/airflow/dags/dag_extract_catalogs.py for tasks to queue
[2026-07-16T00:59:04.761+0000] {logging_mixin.py:190} INFO - [2026-07-16T00:59:04.760+0000] {dagbag.py:588} INFO - Filling up the DagBag from /opt/airflow/dags/dag_extract_catalogs.py
[2026-07-16T00:59:04.768+0000] {processor.py:925} INFO - DAG(s) 'dag_extract_catalogs' retrieved from /opt/airflow/dags/dag_extract_catalogs.py
[2026-07-16T00:59:04.782+0000] {logging_mixin.py:190} INFO - [2026-07-16T00:59:04.782+0000] {dag.py:3239} INFO - Sync 1 DAGs
[2026-07-16T00:59:04.791+0000] {logging_mixin.py:190} INFO - [2026-07-16T00:59:04.791+0000] {dag.py:4180} INFO - Setting next_dagrun for dag_extract_catalogs to 2026-07-15 01:00:00+00:00, run_after=2026-07-16 01:00:00+00:00
[2026-07-16T00:59:04.798+0000] {processor.py:208} INFO - Processing /opt/airflow/dags/dag_extract_catalogs.py took 0.043 seconds
[2026-07-16T00:59:41.321+0000] {processor.py:186} INFO - Started process (PID=53422) to work on /opt/airflow/dags/dag_extract_catalogs.py
[2026-07-16T00:59:41.322+0000] {processor.py:914} INFO - Processing file /opt/airflow/dags/dag_extract_catalogs.py for tasks to queue
[2026-07-16T00:59:41.322+0000] {logging_mixin.py:190} INFO - [2026-07-16T00:59:41.322+0000] {dagbag.py:588} INFO - Filling up the DagBag from /opt/airflow/dags/dag_extract_catalogs.py
[2026-07-16T00:59:41.327+0000] {processor.py:925} INFO - DAG(s) 'dag_extract_catalogs' retrieved from /opt/airflow/dags/dag_extract_catalogs.py
[2026-07-16T00:59:41.337+0000] {logging_mixin.py:190} INFO - [2026-07-16T00:59:41.337+0000] {dag.py:3239} INFO - Sync 1 DAGs
[2026-07-16T00:59:41.344+0000] {logging_mixin.py:190} INFO - [2026-07-16T00:59:41.344+0000] {dag.py:4180} INFO - Setting next_dagrun for dag_extract_catalogs to 2026-07-15 01:00:00+00:00, run_after=2026-07-16 01:00:00+00:00
[2026-07-16T00:59:41.349+0000] {processor.py:208} INFO - Processing /opt/airflow/dags/dag_extract_catalogs.py took 0.030 seconds
[2026-07-16T01:00:18.797+0000] {processor.py:186} INFO - Started process (PID=53452) to work on /opt/airflow/dags/dag_extract_catalogs.py
[2026-07-16T01:00:18.798+0000] {processor.py:914} INFO - Processing file /opt/airflow/dags/dag_extract_catalogs.py for tasks to queue
[2026-07-16T01:00:18.799+0000] {logging_mixin.py:190} INFO - [2026-07-16T01:00:18.799+0000] {dagbag.py:588} INFO - Filling up the DagBag from /opt/airflow/dags/dag_extract_catalogs.py
[2026-07-16T01:00:18.804+0000] {processor.py:925} INFO - DAG(s) 'dag_extract_catalogs' retrieved from /opt/airflow/dags/dag_extract_catalogs.py
[2026-07-16T01:00:18.818+0000] {logging_mixin.py:190} INFO - [2026-07-16T01:00:18.818+0000] {dag.py:3239} INFO - Sync 1 DAGs
[2026-07-16T01:00:18.840+0000] {processor.py:208} INFO - Processing /opt/airflow/dags/dag_extract_catalogs.py took 0.045 seconds
[2026-07-16T01:00:49.326+0000] {processor.py:186} INFO - Started process (PID=53474) to work on /opt/airflow/dags/dag_extract_catalogs.py
[2026-07-16T01:00:49.327+0000] {processor.py:914} INFO - Processing file /opt/airflow/dags/dag_extract_catalogs.py for tasks to queue
[2026-07-16T01:00:49.327+0000] {logging_mixin.py:190} INFO - [2026-07-16T01:00:49.327+0000] {dagbag.py:588} INFO - Filling up the DagBag from /opt/airflow/dags/dag_extract_catalogs.py
[2026-07-16T01:00:49.332+0000] {processor.py:925} INFO - DAG(s) 'dag_extract_catalogs' retrieved from /opt/airflow/dags/dag_extract_catalogs.py
[2026-07-16T01:00:49.342+0000] {logging_mixin.py:190} INFO - [2026-07-16T01:00:49.342+0000] {dag.py:3239} INFO - Sync 1 DAGs
[2026-07-16T01:00:49.353+0000] {processor.py:208} INFO - Processing /opt/airflow/dags/dag_extract_catalogs.py took 0.029 seconds
[2026-07-16T01:01:26.185+0000] {processor.py:186} INFO - Started process (PID=53494) to work on /opt/airflow/dags/dag_extract_catalogs.py
[2026-07-16T01:01:26.186+0000] {processor.py:914} INFO - Processing file /opt/airflow/dags/dag_extract_catalogs.py for tasks to queue
[2026-07-16T01:01:26.187+0000] {logging_mixin.py:190} INFO - [2026-07-16T01:01:26.186+0000] {dagbag.py:588} INFO - Filling up the DagBag from /opt/airflow/dags/dag_extract_catalogs.py
[2026-07-16T01:01:26.191+0000] {processor.py:925} INFO - DAG(s) 'dag_extract_catalogs' retrieved from /opt/airflow/dags/dag_extract_catalogs.py
[2026-07-16T01:01:26.201+0000] {logging_mixin.py:190} INFO - [2026-07-16T01:01:26.201+0000] {dag.py:3239} INFO - Sync 1 DAGs
[2026-07-16T01:01:26.289+0000] {processor.py:208} INFO - Processing /opt/airflow/dags/dag_extract_catalogs.py took 0.106 seconds
[2026-07-16T01:02:02.464+0000] {processor.py:186} INFO - Started process (PID=53514) to work on /opt/airflow/dags/dag_extract_catalogs.py
[2026-07-16T01:02:02.464+0000] {processor.py:914} INFO - Processing file /opt/airflow/dags/dag_extract_catalogs.py for tasks to queue
[2026-07-16T01:02:02.465+0000] {logging_mixin.py:190} INFO - [2026-07-16T01:02:02.465+0000] {dagbag.py:588} INFO - Filling up the DagBag from /opt/airflow/dags/dag_extract_catalogs.py
[2026-07-16T01:02:02.469+0000] {processor.py:925} INFO - DAG(s) 'dag_extract_catalogs' retrieved from /opt/airflow/dags/dag_extract_catalogs.py
[2026-07-16T01:02:02.479+0000] {logging_mixin.py:190} INFO - [2026-07-16T01:02:02.479+0000] {dag.py:3239} INFO - Sync 1 DAGs
[2026-07-16T01:02:02.490+0000] {processor.py:208} INFO - Processing /opt/airflow/dags/dag_extract_catalogs.py took 0.029 seconds
[2026-07-16T01:02:32.896+0000] {processor.py:186} INFO - Started process (PID=53532) to work on /opt/airflow/dags/dag_extract_catalogs.py
[2026-07-16T01:02:32.897+0000] {processor.py:914} INFO - Processing file /opt/airflow/dags/dag_extract_catalogs.py for tasks to queue
[2026-07-16T01:02:32.898+0000] {logging_mixin.py:190} INFO - [2026-07-16T01:02:32.898+0000] {dagbag.py:588} INFO - Filling up the DagBag from /opt/airflow/dags/dag_extract_catalogs.py
[2026-07-16T01:02:32.903+0000] {processor.py:925} INFO - DAG(s) 'dag_extract_catalogs' retrieved from /opt/airflow/dags/dag_extract_catalogs.py
[2026-07-16T01:02:32.914+0000] {logging_mixin.py:190} INFO - [2026-07-16T01:02:32.914+0000] {dag.py:3239} INFO - Sync 1 DAGs
[2026-07-16T01:02:32.925+0000] {processor.py:208} INFO - Processing /opt/airflow/dags/dag_extract_catalogs.py took 0.031 seconds
[2026-07-16T01:03:09.439+0000] {processor.py:186} INFO - Started process (PID=53552) to work on /opt/airflow/dags/dag_extract_catalogs.py
[2026-07-16T01:03:09.440+0000] {processor.py:914} INFO - Processing file /opt/airflow/dags/dag_extract_catalogs.py for tasks to queue
[2026-07-16T01:03:09.441+0000] {logging_mixin.py:190} INFO - [2026-07-16T01:03:09.441+0000] {dagbag.py:588} INFO - Filling up the DagBag from /opt/airflow/dags/dag_extract_catalogs.py
[2026-07-16T01:03:09.446+0000] {processor.py:925} INFO - DAG(s) 'dag_extract_catalogs' retrieved from /opt/airflow/dags/dag_extract_catalogs.py
[2026-07-16T01:03:09.458+0000] {logging_mixin.py:190} INFO - [2026-07-16T01:03:09.458+0000] {dag.py:3239} INFO - Sync 1 DAGs
[2026-07-16T01:03:09.525+0000] {processor.py:208} INFO - Processing /opt/airflow/dags/dag_extract_catalogs.py took 0.089 seconds
[2026-07-16T01:03:46.839+0000] {processor.py:186} INFO - Started process (PID=53572) to work on /opt/airflow/dags/dag_extract_catalogs.py
[2026-07-16T01:03:46.840+0000] {processor.py:914} INFO - Processing file /opt/airflow/dags/dag_extract_catalogs.py for tasks to queue
[2026-07-16T01:03:46.840+0000] {logging_mixin.py:190} INFO - [2026-07-16T01:03:46.840+0000] {dagbag.py:588} INFO - Filling up the DagBag from /opt/airflow/dags/dag_extract_catalogs.py
[2026-07-16T01:03:46.846+0000] {processor.py:925} INFO - DAG(s) 'dag_extract_catalogs' retrieved from /opt/airflow/dags/dag_extract_catalogs.py
[2026-07-16T01:03:46.859+0000] {logging_mixin.py:190} INFO - [2026-07-16T01:03:46.859+0000] {dag.py:3239} INFO - Sync 1 DAGs
[2026-07-16T01:03:46.870+0000] {processor.py:208} INFO - Processing /opt/airflow/dags/dag_extract_catalogs.py took 0.034 seconds
[2026-07-16T01:04:17.345+0000] {processor.py:186} INFO - Started process (PID=53592) to work on /opt/airflow/dags/dag_extract_catalogs.py
[2026-07-16T01:04:17.345+0000] {processor.py:914} INFO - Processing file /opt/airflow/dags/dag_extract_catalogs.py for tasks to queue
[2026-07-16T01:04:17.346+0000] {logging_mixin.py:190} INFO - [2026-07-16T01:04:17.346+0000] {dagbag.py:588} INFO - Filling up the DagBag from /opt/airflow/dags/dag_extract_catalogs.py
[2026-07-16T01:04:17.351+0000] {processor.py:925} INFO - DAG(s) 'dag_extract_catalogs' retrieved from /opt/airflow/dags/dag_extract_catalogs.py
[2026-07-16T01:04:17.420+0000] {logging_mixin.py:190} INFO - [2026-07-16T01:04:17.420+0000] {dag.py:3239} INFO - Sync 1 DAGs
[2026-07-16T01:04:17.430+0000] {processor.py:208} INFO - Processing /opt/airflow/dags/dag_extract_catalogs.py took 0.088 seconds
[2026-07-16T01:04:54.196+0000] {processor.py:186} INFO - Started process (PID=53614) to work on /opt/airflow/dags/dag_extract_catalogs.py
[2026-07-16T01:04:54.196+0000] {processor.py:914} INFO - Processing file /opt/airflow/dags/dag_extract_catalogs.py for tasks to queue
[2026-07-16T01:04:54.197+0000] {logging_mixin.py:190} INFO - [2026-07-16T01:04:54.197+0000] {dagbag.py:588} INFO - Filling up the DagBag from /opt/airflow/dags/dag_extract_catalogs.py
[2026-07-16T01:04:54.203+0000] {processor.py:925} INFO - DAG(s) 'dag_extract_catalogs' retrieved from /opt/airflow/dags/dag_extract_catalogs.py
[2026-07-16T01:04:54.215+0000] {logging_mixin.py:190} INFO - [2026-07-16T01:04:54.214+0000] {dag.py:3239} INFO - Sync 1 DAGs
[2026-07-16T01:04:54.281+0000] {processor.py:208} INFO - Processing /opt/airflow/dags/dag_extract_catalogs.py took 0.087 seconds
[2026-07-16T01:05:30.786+0000] {processor.py:186} INFO - Started process (PID=53634) to work on /opt/airflow/dags/dag_extract_catalogs.py
[2026-07-16T01:05:30.786+0000] {processor.py:914} INFO - Processing file /opt/airflow/dags/dag_extract_catalogs.py for tasks to queue
[2026-07-16T01:05:30.787+0000] {logging_mixin.py:190} INFO - [2026-07-16T01:05:30.787+0000] {dagbag.py:588} INFO - Filling up the DagBag from /opt/airflow/dags/dag_extract_catalogs.py
[2026-07-16T01:05:30.792+0000] {processor.py:925} INFO - DAG(s) 'dag_extract_catalogs' retrieved from /opt/airflow/dags/dag_extract_catalogs.py
[2026-07-16T01:05:30.802+0000] {logging_mixin.py:190} INFO - [2026-07-16T01:05:30.802+0000] {dag.py:3239} INFO - Sync 1 DAGs
[2026-07-16T01:05:30.813+0000] {processor.py:208} INFO - Processing /opt/airflow/dags/dag_extract_catalogs.py took 0.030 seconds
[2026-07-16T01:06:01.269+0000] {processor.py:186} INFO - Started process (PID=53652) to work on /opt/airflow/dags/dag_extract_catalogs.py
[2026-07-16T01:06:01.269+0000] {processor.py:914} INFO - Processing file /opt/airflow/dags/dag_extract_catalogs.py for tasks to queue
[2026-07-16T01:06:01.270+0000] {logging_mixin.py:190} INFO - [2026-07-16T01:06:01.270+0000] {dagbag.py:588} INFO - Filling up the DagBag from /opt/airflow/dags/dag_extract_catalogs.py
[2026-07-16T01:06:01.275+0000] {processor.py:925} INFO - DAG(s) 'dag_extract_catalogs' retrieved from /opt/airflow/dags/dag_extract_catalogs.py
[2026-07-16T01:06:01.343+0000] {logging_mixin.py:190} INFO - [2026-07-16T01:06:01.343+0000] {dag.py:3239} INFO - Sync 1 DAGs
[2026-07-16T01:06:01.353+0000] {processor.py:208} INFO - Processing /opt/airflow/dags/dag_extract_catalogs.py took 0.087 seconds
[2026-07-16T01:06:37.939+0000] {processor.py:186} INFO - Started process (PID=53674) to work on /opt/airflow/dags/dag_extract_catalogs.py
[2026-07-16T01:06:37.939+0000] {processor.py:914} INFO - Processing file /opt/airflow/dags/dag_extract_catalogs.py for tasks to queue
[2026-07-16T01:06:37.940+0000] {logging_mixin.py:190} INFO - [2026-07-16T01:06:37.940+0000] {dagbag.py:588} INFO - Filling up the DagBag from /opt/airflow/dags/dag_extract_catalogs.py
[2026-07-16T01:06:37.945+0000] {processor.py:925} INFO - DAG(s) 'dag_extract_catalogs' retrieved from /opt/airflow/dags/dag_extract_catalogs.py
[2026-07-16T01:06:37.954+0000] {logging_mixin.py:190} INFO - [2026-07-16T01:06:37.954+0000] {dag.py:3239} INFO - Sync 1 DAGs
[2026-07-16T01:06:37.965+0000] {processor.py:208} INFO - Processing /opt/airflow/dags/dag_extract_catalogs.py took 0.029 seconds
[2026-07-16T01:07:08.376+0000] {processor.py:186} INFO - Started process (PID=53694) to work on /opt/airflow/dags/dag_extract_catalogs.py
[2026-07-16T01:07:08.377+0000] {processor.py:914} INFO - Processing file /opt/airflow/dags/dag_extract_catalogs.py for tasks to queue
[2026-07-16T01:07:08.378+0000] {logging_mixin.py:190} INFO - [2026-07-16T01:07:08.378+0000] {dagbag.py:588} INFO - Filling up the DagBag from /opt/airflow/dags/dag_extract_catalogs.py
[2026-07-16T01:07:08.383+0000] {processor.py:925} INFO - DAG(s) 'dag_extract_catalogs' retrieved from /opt/airflow/dags/dag_extract_catalogs.py
[2026-07-16T01:07:08.393+0000] {logging_mixin.py:190} INFO - [2026-07-16T01:07:08.393+0000] {dag.py:3239} INFO - Sync 1 DAGs
[2026-07-16T01:07:08.404+0000] {processor.py:208} INFO - Processing /opt/airflow/dags/dag_extract_catalogs.py took 0.030 seconds
[2026-07-16T01:07:44.991+0000] {processor.py:186} INFO - Started process (PID=53712) to work on /opt/airflow/dags/dag_extract_catalogs.py
[2026-07-16T01:07:44.992+0000] {processor.py:914} INFO - Processing file /opt/airflow/dags/dag_extract_catalogs.py for tasks to queue
[2026-07-16T01:07:44.993+0000] {logging_mixin.py:190} INFO - [2026-07-16T01:07:44.992+0000] {dagbag.py:588} INFO - Filling up the DagBag from /opt/airflow/dags/dag_extract_catalogs.py
[2026-07-16T01:07:45.000+0000] {processor.py:925} INFO - DAG(s) 'dag_extract_catalogs' retrieved from /opt/airflow/dags/dag_extract_catalogs.py
[2026-07-16T01:07:45.015+0000] {logging_mixin.py:190} INFO - [2026-07-16T01:07:45.015+0000] {dag.py:3239} INFO - Sync 1 DAGs
[2026-07-16T01:07:45.027+0000] {processor.py:208} INFO - Processing /opt/airflow/dags/dag_extract_catalogs.py took 0.039 seconds
[2026-07-16T01:08:22.441+0000] {processor.py:186} INFO - Started process (PID=53734) to work on /opt/airflow/dags/dag_extract_catalogs.py
[2026-07-16T01:08:22.441+0000] {processor.py:914} INFO - Processing file /opt/airflow/dags/dag_extract_catalogs.py for tasks to queue
[2026-07-16T01:08:22.442+0000] {logging_mixin.py:190} INFO - [2026-07-16T01:08:22.442+0000] {dagbag.py:588} INFO - Filling up the DagBag from /opt/airflow/dags/dag_extract_catalogs.py
[2026-07-16T01:08:22.447+0000] {processor.py:925} INFO - DAG(s) 'dag_extract_catalogs' retrieved from /opt/airflow/dags/dag_extract_catalogs.py
[2026-07-16T01:08:22.456+0000] {logging_mixin.py:190} INFO - [2026-07-16T01:08:22.456+0000] {dag.py:3239} INFO - Sync 1 DAGs
[2026-07-16T01:08:22.468+0000] {processor.py:208} INFO - Processing /opt/airflow/dags/dag_extract_catalogs.py took 0.029 seconds
[2026-07-16T01:08:52.865+0000] {processor.py:186} INFO - Started process (PID=53752) to work on /opt/airflow/dags/dag_extract_catalogs.py
[2026-07-16T01:08:52.866+0000] {processor.py:914} INFO - Processing file /opt/airflow/dags/dag_extract_catalogs.py for tasks to queue
[2026-07-16T01:08:52.867+0000] {logging_mixin.py:190} INFO - [2026-07-16T01:08:52.867+0000] {dagbag.py:588} INFO - Filling up the DagBag from /opt/airflow/dags/dag_extract_catalogs.py
[2026-07-16T01:08:52.872+0000] {processor.py:925} INFO - DAG(s) 'dag_extract_catalogs' retrieved from /opt/airflow/dags/dag_extract_catalogs.py
[2026-07-16T01:08:52.882+0000] {logging_mixin.py:190} INFO - [2026-07-16T01:08:52.882+0000] {dag.py:3239} INFO - Sync 1 DAGs
[2026-07-16T01:08:52.895+0000] {processor.py:208} INFO - Processing /opt/airflow/dags/dag_extract_catalogs.py took 0.033 seconds
[2026-07-16T01:09:29.408+0000] {processor.py:186} INFO - Started process (PID=53774) to work on /opt/airflow/dags/dag_extract_catalogs.py
[2026-07-16T01:09:29.409+0000] {processor.py:914} INFO - Processing file /opt/airflow/dags/dag_extract_catalogs.py for tasks to queue
[2026-07-16T01:09:29.409+0000] {logging_mixin.py:190} INFO - [2026-07-16T01:09:29.409+0000] {dagbag.py:588} INFO - Filling up the DagBag from /opt/airflow/dags/dag_extract_catalogs.py
[2026-07-16T01:09:29.414+0000] {processor.py:925} INFO - DAG(s) 'dag_extract_catalogs' retrieved from /opt/airflow/dags/dag_extract_catalogs.py
[2026-07-16T01:09:29.423+0000] {logging_mixin.py:190} INFO - [2026-07-16T01:09:29.423+0000] {dag.py:3239} INFO - Sync 1 DAGs
[2026-07-16T01:09:29.434+0000] {processor.py:208} INFO - Processing /opt/airflow/dags/dag_extract_catalogs.py took 0.028 seconds
[2026-07-16T01:10:05.649+0000] {processor.py:186} INFO - Started process (PID=53794) to work on /opt/airflow/dags/dag_extract_catalogs.py
[2026-07-16T01:10:05.650+0000] {processor.py:914} INFO - Processing file /opt/airflow/dags/dag_extract_catalogs.py for tasks to queue
[2026-07-16T01:10:05.650+0000] {logging_mixin.py:190} INFO - [2026-07-16T01:10:05.650+0000] {dagbag.py:588} INFO - Filling up the DagBag from /opt/airflow/dags/dag_extract_catalogs.py
[2026-07-16T01:10:05.655+0000] {processor.py:925} INFO - DAG(s) 'dag_extract_catalogs' retrieved from /opt/airflow/dags/dag_extract_catalogs.py
[2026-07-16T01:10:05.665+0000] {logging_mixin.py:190} INFO - [2026-07-16T01:10:05.665+0000] {dag.py:3239} INFO - Sync 1 DAGs
[2026-07-16T01:10:05.676+0000] {processor.py:208} INFO - Processing /opt/airflow/dags/dag_extract_catalogs.py took 0.029 seconds
[2026-07-16T01:25:38.075+0000] {processor.py:186} INFO - Started process (PID=53830) to work on /opt/airflow/dags/dag_extract_catalogs.py
[2026-07-16T01:25:38.076+0000] {processor.py:914} INFO - Processing file /opt/airflow/dags/dag_extract_catalogs.py for tasks to queue
[2026-07-16T01:25:38.077+0000] {logging_mixin.py:190} INFO - [2026-07-16T01:25:38.077+0000] {dagbag.py:588} INFO - Filling up the DagBag from /opt/airflow/dags/dag_extract_catalogs.py
[2026-07-16T01:25:38.093+0000] {processor.py:925} INFO - DAG(s) 'dag_extract_catalogs' retrieved from /opt/airflow/dags/dag_extract_catalogs.py
[2026-07-16T01:25:38.112+0000] {logging_mixin.py:190} INFO - [2026-07-16T01:25:38.111+0000] {dag.py:3239} INFO - Sync 1 DAGs
[2026-07-16T01:25:38.131+0000] {processor.py:208} INFO - Processing /opt/airflow/dags/dag_extract_catalogs.py took 0.060 seconds
[2026-07-16T01:26:16.075+0000] {processor.py:186} INFO - Started process (PID=53852) to work on /opt/airflow/dags/dag_extract_catalogs.py
[2026-07-16T01:26:16.075+0000] {processor.py:914} INFO - Processing file /opt/airflow/dags/dag_extract_catalogs.py for tasks to queue
[2026-07-16T01:26:16.076+0000] {logging_mixin.py:190} INFO - [2026-07-16T01:26:16.076+0000] {dagbag.py:588} INFO - Filling up the DagBag from /opt/airflow/dags/dag_extract_catalogs.py
[2026-07-16T01:26:16.081+0000] {processor.py:925} INFO - DAG(s) 'dag_extract_catalogs' retrieved from /opt/airflow/dags/dag_extract_catalogs.py
[2026-07-16T01:26:16.091+0000] {logging_mixin.py:190} INFO - [2026-07-16T01:26:16.091+0000] {dag.py:3239} INFO - Sync 1 DAGs
[2026-07-16T01:26:16.098+0000] {logging_mixin.py:190} INFO - [2026-07-16T01:26:16.098+0000] {dag.py:4180} INFO - Setting next_dagrun for dag_extract_catalogs to 2026-07-16 01:00:00+00:00, run_after=2026-07-17 01:00:00+00:00
[2026-07-16T01:26:16.102+0000] {processor.py:208} INFO - Processing /opt/airflow/dags/dag_extract_catalogs.py took 0.030 seconds
[2026-07-16T01:42:36.621+0000] {processor.py:186} INFO - Started process (PID=53872) to work on /opt/airflow/dags/dag_extract_catalogs.py
[2026-07-16T01:42:36.621+0000] {processor.py:914} INFO - Processing file /opt/airflow/dags/dag_extract_catalogs.py for tasks to queue
[2026-07-16T01:42:36.622+0000] {logging_mixin.py:190} INFO - [2026-07-16T01:42:36.622+0000] {dagbag.py:588} INFO - Filling up the DagBag from /opt/airflow/dags/dag_extract_catalogs.py
[2026-07-16T01:42:36.627+0000] {processor.py:925} INFO - DAG(s) 'dag_extract_catalogs' retrieved from /opt/airflow/dags/dag_extract_catalogs.py
[2026-07-16T01:42:36.637+0000] {logging_mixin.py:190} INFO - [2026-07-16T01:42:36.637+0000] {dag.py:3239} INFO - Sync 1 DAGs
[2026-07-16T01:42:36.644+0000] {logging_mixin.py:190} INFO - [2026-07-16T01:42:36.644+0000] {dag.py:4180} INFO - Setting next_dagrun for dag_extract_catalogs to 2026-07-16 01:00:00+00:00, run_after=2026-07-17 01:00:00+00:00
[2026-07-16T01:42:36.649+0000] {processor.py:208} INFO - Processing /opt/airflow/dags/dag_extract_catalogs.py took 0.031 seconds
[2026-07-16T01:43:07.125+0000] {processor.py:186} INFO - Started process (PID=53892) to work on /opt/airflow/dags/dag_extract_catalogs.py
[2026-07-16T01:43:07.125+0000] {processor.py:914} INFO - Processing file /opt/airflow/dags/dag_extract_catalogs.py for tasks to queue
[2026-07-16T01:43:07.126+0000] {logging_mixin.py:190} INFO - [2026-07-16T01:43:07.126+0000] {dagbag.py:588} INFO - Filling up the DagBag from /opt/airflow/dags/dag_extract_catalogs.py
[2026-07-16T01:43:07.131+0000] {processor.py:925} INFO - DAG(s) 'dag_extract_catalogs' retrieved from /opt/airflow/dags/dag_extract_catalogs.py
[2026-07-16T01:43:07.140+0000] {logging_mixin.py:190} INFO - [2026-07-16T01:43:07.140+0000] {dag.py:3239} INFO - Sync 1 DAGs
[2026-07-16T01:43:07.147+0000] {logging_mixin.py:190} INFO - [2026-07-16T01:43:07.147+0000] {dag.py:4180} INFO - Setting next_dagrun for dag_extract_catalogs to 2026-07-16 01:00:00+00:00, run_after=2026-07-17 01:00:00+00:00
[2026-07-16T01:43:07.152+0000] {processor.py:208} INFO - Processing /opt/airflow/dags/dag_extract_catalogs.py took 0.029 seconds
[2026-07-16T01:59:00.419+0000] {processor.py:186} INFO - Started process (PID=53912) to work on /opt/airflow/dags/dag_extract_catalogs.py
[2026-07-16T01:59:00.420+0000] {processor.py:914} INFO - Processing file /opt/airflow/dags/dag_extract_catalogs.py for tasks to queue
[2026-07-16T01:59:00.421+0000] {logging_mixin.py:190} INFO - [2026-07-16T01:59:00.420+0000] {dagbag.py:588} INFO - Filling up the DagBag from /opt/airflow/dags/dag_extract_catalogs.py
[2026-07-16T01:59:00.426+0000] {processor.py:925} INFO - DAG(s) 'dag_extract_catalogs' retrieved from /opt/airflow/dags/dag_extract_catalogs.py
[2026-07-16T01:59:00.436+0000] {logging_mixin.py:190} INFO - [2026-07-16T01:59:00.436+0000] {dag.py:3239} INFO - Sync 1 DAGs
[2026-07-16T01:59:00.443+0000] {logging_mixin.py:190} INFO - [2026-07-16T01:59:00.443+0000] {dag.py:4180} INFO - Setting next_dagrun for dag_extract_catalogs to 2026-07-16 01:00:00+00:00, run_after=2026-07-17 01:00:00+00:00
[2026-07-16T01:59:00.448+0000] {processor.py:208} INFO - Processing /opt/airflow/dags/dag_extract_catalogs.py took 0.031 seconds
[2026-07-16T01:59:30.869+0000] {processor.py:186} INFO - Started process (PID=53932) to work on /opt/airflow/dags/dag_extract_catalogs.py
[2026-07-16T01:59:30.869+0000] {processor.py:914} INFO - Processing file /opt/airflow/dags/dag_extract_catalogs.py for tasks to queue
[2026-07-16T01:59:30.870+0000] {logging_mixin.py:190} INFO - [2026-07-16T01:59:30.870+0000] {dagbag.py:588} INFO - Filling up the DagBag from /opt/airflow/dags/dag_extract_catalogs.py
[2026-07-16T01:59:30.875+0000] {processor.py:925} INFO - DAG(s) 'dag_extract_catalogs' retrieved from /opt/airflow/dags/dag_extract_catalogs.py
[2026-07-16T01:59:30.884+0000] {logging_mixin.py:190} INFO - [2026-07-16T01:59:30.884+0000] {dag.py:3239} INFO - Sync 1 DAGs
[2026-07-16T01:59:30.892+0000] {logging_mixin.py:190} INFO - [2026-07-16T01:59:30.892+0000] {dag.py:4180} INFO - Setting next_dagrun for dag_extract_catalogs to 2026-07-16 01:00:00+00:00, run_after=2026-07-17 01:00:00+00:00
[2026-07-16T01:59:30.897+0000] {processor.py:208} INFO - Processing /opt/airflow/dags/dag_extract_catalogs.py took 0.030 seconds
[2026-07-16T02:15:40.925+0000] {processor.py:186} INFO - Started process (PID=53956) to work on /opt/airflow/dags/dag_extract_catalogs.py
[2026-07-16T02:15:40.926+0000] {processor.py:914} INFO - Processing file /opt/airflow/dags/dag_extract_catalogs.py for tasks to queue
[2026-07-16T02:15:40.927+0000] {logging_mixin.py:190} INFO - [2026-07-16T02:15:40.927+0000] {dagbag.py:588} INFO - Filling up the DagBag from /opt/airflow/dags/dag_extract_catalogs.py
[2026-07-16T02:15:40.934+0000] {processor.py:925} INFO - DAG(s) 'dag_extract_catalogs' retrieved from /opt/airflow/dags/dag_extract_catalogs.py
[2026-07-16T02:15:40.944+0000] {logging_mixin.py:190} INFO - [2026-07-16T02:15:40.944+0000] {dag.py:3239} INFO - Sync 1 DAGs
[2026-07-16T02:15:40.951+0000] {logging_mixin.py:190} INFO - [2026-07-16T02:15:40.951+0000] {dag.py:4180} INFO - Setting next_dagrun for dag_extract_catalogs to 2026-07-16 01:00:00+00:00, run_after=2026-07-17 01:00:00+00:00
[2026-07-16T02:15:40.956+0000] {processor.py:208} INFO - Processing /opt/airflow/dags/dag_extract_catalogs.py took 0.034 seconds
[2026-07-16T02:16:17.288+0000] {processor.py:186} INFO - Started process (PID=53978) to work on /opt/airflow/dags/dag_extract_catalogs.py
[2026-07-16T02:16:17.288+0000] {processor.py:914} INFO - Processing file /opt/airflow/dags/dag_extract_catalogs.py for tasks to queue
[2026-07-16T02:16:17.289+0000] {logging_mixin.py:190} INFO - [2026-07-16T02:16:17.289+0000] {dagbag.py:588} INFO - Filling up the DagBag from /opt/airflow/dags/dag_extract_catalogs.py
[2026-07-16T02:16:17.293+0000] {processor.py:925} INFO - DAG(s) 'dag_extract_catalogs' retrieved from /opt/airflow/dags/dag_extract_catalogs.py
[2026-07-16T02:16:17.303+0000] {logging_mixin.py:190} INFO - [2026-07-16T02:16:17.303+0000] {dag.py:3239} INFO - Sync 1 DAGs
[2026-07-16T02:16:17.311+0000] {logging_mixin.py:190} INFO - [2026-07-16T02:16:17.310+0000] {dag.py:4180} INFO - Setting next_dagrun for dag_extract_catalogs to 2026-07-16 01:00:00+00:00, run_after=2026-07-17 01:00:00+00:00
[2026-07-16T02:16:17.316+0000] {processor.py:208} INFO - Processing /opt/airflow/dags/dag_extract_catalogs.py took 0.031 seconds
[2026-07-16T02:16:47.725+0000] {processor.py:186} INFO - Started process (PID=53998) to work on /opt/airflow/dags/dag_extract_catalogs.py
[2026-07-16T02:16:47.725+0000] {processor.py:914} INFO - Processing file /opt/airflow/dags/dag_extract_catalogs.py for tasks to queue
[2026-07-16T02:16:47.726+0000] {logging_mixin.py:190} INFO - [2026-07-16T02:16:47.726+0000] {dagbag.py:588} INFO - Filling up the DagBag from /opt/airflow/dags/dag_extract_catalogs.py
[2026-07-16T02:16:47.730+0000] {processor.py:925} INFO - DAG(s) 'dag_extract_catalogs' retrieved from /opt/airflow/dags/dag_extract_catalogs.py
[2026-07-16T02:16:47.740+0000] {logging_mixin.py:190} INFO - [2026-07-16T02:16:47.740+0000] {dag.py:3239} INFO - Sync 1 DAGs
[2026-07-16T02:16:47.747+0000] {logging_mixin.py:190} INFO - [2026-07-16T02:16:47.747+0000] {dag.py:4180} INFO - Setting next_dagrun for dag_extract_catalogs to 2026-07-16 01:00:00+00:00, run_after=2026-07-17 01:00:00+00:00
[2026-07-16T02:16:47.752+0000] {processor.py:208} INFO - Processing /opt/airflow/dags/dag_extract_catalogs.py took 0.029 seconds
[2026-07-16T02:17:24.324+0000] {processor.py:186} INFO - Started process (PID=54018) to work on /opt/airflow/dags/dag_extract_catalogs.py
[2026-07-16T02:17:24.325+0000] {processor.py:914} INFO - Processing file /opt/airflow/dags/dag_extract_catalogs.py for tasks to queue
[2026-07-16T02:17:24.326+0000] {logging_mixin.py:190} INFO - [2026-07-16T02:17:24.326+0000] {dagbag.py:588} INFO - Filling up the DagBag from /opt/airflow/dags/dag_extract_catalogs.py
[2026-07-16T02:17:24.330+0000] {processor.py:925} INFO - DAG(s) 'dag_extract_catalogs' retrieved from /opt/airflow/dags/dag_extract_catalogs.py
[2026-07-16T02:17:24.340+0000] {logging_mixin.py:190} INFO - [2026-07-16T02:17:24.340+0000] {dag.py:3239} INFO - Sync 1 DAGs
[2026-07-16T02:17:24.347+0000] {logging_mixin.py:190} INFO - [2026-07-16T02:17:24.347+0000] {dag.py:4180} INFO - Setting next_dagrun for dag_extract_catalogs to 2026-07-16 01:00:00+00:00, run_after=2026-07-17 01:00:00+00:00
[2026-07-16T02:17:24.352+0000] {processor.py:208} INFO - Processing /opt/airflow/dags/dag_extract_catalogs.py took 0.030 seconds
[2026-07-16T02:17:54.744+0000] {processor.py:186} INFO - Started process (PID=54036) to work on /opt/airflow/dags/dag_extract_catalogs.py
[2026-07-16T02:17:54.745+0000] {processor.py:914} INFO - Processing file /opt/airflow/dags/dag_extract_catalogs.py for tasks to queue
[2026-07-16T02:17:54.746+0000] {logging_mixin.py:190} INFO - [2026-07-16T02:17:54.746+0000] {dagbag.py:588} INFO - Filling up the DagBag from /opt/airflow/dags/dag_extract_catalogs.py
[2026-07-16T02:17:54.753+0000] {processor.py:925} INFO - DAG(s) 'dag_extract_catalogs' retrieved from /opt/airflow/dags/dag_extract_catalogs.py
[2026-07-16T02:17:54.876+0000] {logging_mixin.py:190} INFO - [2026-07-16T02:17:54.875+0000] {dag.py:3239} INFO - Sync 1 DAGs
[2026-07-16T02:17:54.909+0000] {logging_mixin.py:190} INFO - [2026-07-16T02:17:54.909+0000] {dag.py:4180} INFO - Setting next_dagrun for dag_extract_catalogs to 2026-07-16 01:00:00+00:00, run_after=2026-07-17 01:00:00+00:00
[2026-07-16T02:17:54.952+0000] {processor.py:208} INFO - Processing /opt/airflow/dags/dag_extract_catalogs.py took 0.211 seconds
[2026-07-16T02:18:31.431+0000] {processor.py:186} INFO - Started process (PID=54058) to work on /opt/airflow/dags/dag_extract_catalogs.py
[2026-07-16T02:18:31.432+0000] {processor.py:914} INFO - Processing file /opt/airflow/dags/dag_extract_catalogs.py for tasks to queue
[2026-07-16T02:18:31.433+0000] {logging_mixin.py:190} INFO - [2026-07-16T02:18:31.432+0000] {dagbag.py:588} INFO - Filling up the DagBag from /opt/airflow/dags/dag_extract_catalogs.py
[2026-07-16T02:18:31.437+0000] {processor.py:925} INFO - DAG(s) 'dag_extract_catalogs' retrieved from /opt/airflow/dags/dag_extract_catalogs.py
[2026-07-16T02:18:31.447+0000] {logging_mixin.py:190} INFO - [2026-07-16T02:18:31.447+0000] {dag.py:3239} INFO - Sync 1 DAGs
[2026-07-16T02:18:31.454+0000] {logging_mixin.py:190} INFO - [2026-07-16T02:18:31.454+0000] {dag.py:4180} INFO - Setting next_dagrun for dag_extract_catalogs to 2026-07-16 01:00:00+00:00, run_after=2026-07-17 01:00:00+00:00
[2026-07-16T02:18:31.459+0000] {processor.py:208} INFO - Processing /opt/airflow/dags/dag_extract_catalogs.py took 0.030 seconds
[2026-07-16T02:19:10.694+0000] {processor.py:186} INFO - Started process (PID=54078) to work on /opt/airflow/dags/dag_extract_catalogs.py
[2026-07-16T02:19:10.694+0000] {processor.py:914} INFO - Processing file /opt/airflow/dags/dag_extract_catalogs.py for tasks to queue
[2026-07-16T02:19:10.695+0000] {logging_mixin.py:190} INFO - [2026-07-16T02:19:10.695+0000] {dagbag.py:588} INFO - Filling up the DagBag from /opt/airflow/dags/dag_extract_catalogs.py
[2026-07-16T02:19:10.700+0000] {processor.py:925} INFO - DAG(s) 'dag_extract_catalogs' retrieved from /opt/airflow/dags/dag_extract_catalogs.py
[2026-07-16T02:19:10.709+0000] {logging_mixin.py:190} INFO - [2026-07-16T02:19:10.709+0000] {dag.py:3239} INFO - Sync 1 DAGs
[2026-07-16T02:19:10.716+0000] {logging_mixin.py:190} INFO - [2026-07-16T02:19:10.716+0000] {dag.py:4180} INFO - Setting next_dagrun for dag_extract_catalogs to 2026-07-16 01:00:00+00:00, run_after=2026-07-17 01:00:00+00:00
[2026-07-16T02:19:10.721+0000] {processor.py:208} INFO - Processing /opt/airflow/dags/dag_extract_catalogs.py took 0.029 seconds
[2026-07-16T02:19:41.148+0000] {processor.py:186} INFO - Started process (PID=54098) to work on /opt/airflow/dags/dag_extract_catalogs.py
[2026-07-16T02:19:41.148+0000] {processor.py:914} INFO - Processing file /opt/airflow/dags/dag_extract_catalogs.py for tasks to queue
[2026-07-16T02:19:41.149+0000] {logging_mixin.py:190} INFO - [2026-07-16T02:19:41.149+0000] {dagbag.py:588} INFO - Filling up the DagBag from /opt/airflow/dags/dag_extract_catalogs.py
[2026-07-16T02:19:41.153+0000] {processor.py:925} INFO - DAG(s) 'dag_extract_catalogs' retrieved from /opt/airflow/dags/dag_extract_catalogs.py
[2026-07-16T02:19:41.163+0000] {logging_mixin.py:190} INFO - [2026-07-16T02:19:41.163+0000] {dag.py:3239} INFO - Sync 1 DAGs
[2026-07-16T02:19:41.170+0000] {logging_mixin.py:190} INFO - [2026-07-16T02:19:41.170+0000] {dag.py:4180} INFO - Setting next_dagrun for dag_extract_catalogs to 2026-07-16 01:00:00+00:00, run_after=2026-07-17 01:00:00+00:00
[2026-07-16T02:19:41.175+0000] {processor.py:208} INFO - Processing /opt/airflow/dags/dag_extract_catalogs.py took 0.030 seconds
[2026-07-16T02:20:17.984+0000] {processor.py:186} INFO - Started process (PID=54118) to work on /opt/airflow/dags/dag_extract_catalogs.py
[2026-07-16T02:20:17.985+0000] {processor.py:914} INFO - Processing file /opt/airflow/dags/dag_extract_catalogs.py for tasks to queue
[2026-07-16T02:20:17.985+0000] {logging_mixin.py:190} INFO - [2026-07-16T02:20:17.985+0000] {dagbag.py:588} INFO - Filling up the DagBag from /opt/airflow/dags/dag_extract_catalogs.py
[2026-07-16T02:20:17.990+0000] {processor.py:925} INFO - DAG(s) 'dag_extract_catalogs' retrieved from /opt/airflow/dags/dag_extract_catalogs.py
[2026-07-16T02:20:18.000+0000] {logging_mixin.py:190} INFO - [2026-07-16T02:20:18.000+0000] {dag.py:3239} INFO - Sync 1 DAGs
[2026-07-16T02:20:18.007+0000] {logging_mixin.py:190} INFO - [2026-07-16T02:20:18.007+0000] {dag.py:4180} INFO - Setting next_dagrun for dag_extract_catalogs to 2026-07-16 01:00:00+00:00, run_after=2026-07-17 01:00:00+00:00
[2026-07-16T02:20:18.012+0000] {processor.py:208} INFO - Processing /opt/airflow/dags/dag_extract_catalogs.py took 0.030 seconds
[2026-07-16T02:20:54.276+0000] {processor.py:186} INFO - Started process (PID=54138) to work on /opt/airflow/dags/dag_extract_catalogs.py
[2026-07-16T02:20:54.277+0000] {processor.py:914} INFO - Processing file /opt/airflow/dags/dag_extract_catalogs.py for tasks to queue
[2026-07-16T02:20:54.278+0000] {logging_mixin.py:190} INFO - [2026-07-16T02:20:54.277+0000] {dagbag.py:588} INFO - Filling up the DagBag from /opt/airflow/dags/dag_extract_catalogs.py
[2026-07-16T02:20:54.282+0000] {processor.py:925} INFO - DAG(s) 'dag_extract_catalogs' retrieved from /opt/airflow/dags/dag_extract_catalogs.py
[2026-07-16T02:20:54.292+0000] {logging_mixin.py:190} INFO - [2026-07-16T02:20:54.292+0000] {dag.py:3239} INFO - Sync 1 DAGs
[2026-07-16T02:20:54.299+0000] {logging_mixin.py:190} INFO - [2026-07-16T02:20:54.299+0000] {dag.py:4180} INFO - Setting next_dagrun for dag_extract_catalogs to 2026-07-16 01:00:00+00:00, run_after=2026-07-17 01:00:00+00:00
[2026-07-16T02:20:54.304+0000] {processor.py:208} INFO - Processing /opt/airflow/dags/dag_extract_catalogs.py took 0.030 seconds
[2026-07-16T02:21:24.724+0000] {processor.py:186} INFO - Started process (PID=54158) to work on /opt/airflow/dags/dag_extract_catalogs.py
[2026-07-16T02:21:24.724+0000] {processor.py:914} INFO - Processing file /opt/airflow/dags/dag_extract_catalogs.py for tasks to queue
[2026-07-16T02:21:24.725+0000] {logging_mixin.py:190} INFO - [2026-07-16T02:21:24.725+0000] {dagbag.py:588} INFO - Filling up the DagBag from /opt/airflow/dags/dag_extract_catalogs.py
[2026-07-16T02:21:24.730+0000] {processor.py:925} INFO - DAG(s) 'dag_extract_catalogs' retrieved from /opt/airflow/dags/dag_extract_catalogs.py
[2026-07-16T02:21:24.740+0000] {logging_mixin.py:190} INFO - [2026-07-16T02:21:24.740+0000] {dag.py:3239} INFO - Sync 1 DAGs
[2026-07-16T02:21:24.746+0000] {logging_mixin.py:190} INFO - [2026-07-16T02:21:24.746+0000] {dag.py:4180} INFO - Setting next_dagrun for dag_extract_catalogs to 2026-07-16 01:00:00+00:00, run_after=2026-07-17 01:00:00+00:00
[2026-07-16T02:21:24.751+0000] {processor.py:208} INFO - Processing /opt/airflow/dags/dag_extract_catalogs.py took 0.029 seconds
[2026-07-16T02:22:00.509+0000] {processor.py:186} INFO - Started process (PID=54178) to work on /opt/airflow/dags/dag_extract_catalogs.py
[2026-07-16T02:22:00.509+0000] {processor.py:914} INFO - Processing file /opt/airflow/dags/dag_extract_catalogs.py for tasks to queue
[2026-07-16T02:22:00.510+0000] {logging_mixin.py:190} INFO - [2026-07-16T02:22:00.510+0000] {dagbag.py:588} INFO - Filling up the DagBag from /opt/airflow/dags/dag_extract_catalogs.py
[2026-07-16T02:22:00.515+0000] {processor.py:925} INFO - DAG(s) 'dag_extract_catalogs' retrieved from /opt/airflow/dags/dag_extract_catalogs.py
[2026-07-16T02:22:00.525+0000] {logging_mixin.py:190} INFO - [2026-07-16T02:22:00.525+0000] {dag.py:3239} INFO - Sync 1 DAGs
[2026-07-16T02:22:00.533+0000] {logging_mixin.py:190} INFO - [2026-07-16T02:22:00.533+0000] {dag.py:4180} INFO - Setting next_dagrun for dag_extract_catalogs to 2026-07-16 01:00:00+00:00, run_after=2026-07-17 01:00:00+00:00
[2026-07-16T02:22:00.537+0000] {processor.py:208} INFO - Processing /opt/airflow/dags/dag_extract_catalogs.py took 0.031 seconds
[2026-07-16T02:22:37.079+0000] {processor.py:186} INFO - Started process (PID=54198) to work on /opt/airflow/dags/dag_extract_catalogs.py
[2026-07-16T02:22:37.080+0000] {processor.py:914} INFO - Processing file /opt/airflow/dags/dag_extract_catalogs.py for tasks to queue
[2026-07-16T02:22:37.081+0000] {logging_mixin.py:190} INFO - [2026-07-16T02:22:37.081+0000] {dagbag.py:588} INFO - Filling up the DagBag from /opt/airflow/dags/dag_extract_catalogs.py
[2026-07-16T02:22:37.086+0000] {processor.py:925} INFO - DAG(s) 'dag_extract_catalogs' retrieved from /opt/airflow/dags/dag_extract_catalogs.py
[2026-07-16T02:22:37.096+0000] {logging_mixin.py:190} INFO - [2026-07-16T02:22:37.096+0000] {dag.py:3239} INFO - Sync 1 DAGs
[2026-07-16T02:22:37.102+0000] {logging_mixin.py:190} INFO - [2026-07-16T02:22:37.102+0000] {dag.py:4180} INFO - Setting next_dagrun for dag_extract_catalogs to 2026-07-16 01:00:00+00:00, run_after=2026-07-17 01:00:00+00:00
[2026-07-16T02:22:37.107+0000] {processor.py:208} INFO - Processing /opt/airflow/dags/dag_extract_catalogs.py took 0.030 seconds
[2026-07-16T02:23:07.544+0000] {processor.py:186} INFO - Started process (PID=54218) to work on /opt/airflow/dags/dag_extract_catalogs.py
[2026-07-16T02:23:07.545+0000] {processor.py:914} INFO - Processing file /opt/airflow/dags/dag_extract_catalogs.py for tasks to queue
[2026-07-16T02:23:07.545+0000] {logging_mixin.py:190} INFO - [2026-07-16T02:23:07.545+0000] {dagbag.py:588} INFO - Filling up the DagBag from /opt/airflow/dags/dag_extract_catalogs.py
[2026-07-16T02:23:07.550+0000] {processor.py:925} INFO - DAG(s) 'dag_extract_catalogs' retrieved from /opt/airflow/dags/dag_extract_catalogs.py
[2026-07-16T02:23:07.560+0000] {logging_mixin.py:190} INFO - [2026-07-16T02:23:07.560+0000] {dag.py:3239} INFO - Sync 1 DAGs
[2026-07-16T02:23:07.567+0000] {logging_mixin.py:190} INFO - [2026-07-16T02:23:07.567+0000] {dag.py:4180} INFO - Setting next_dagrun for dag_extract_catalogs to 2026-07-16 01:00:00+00:00, run_after=2026-07-17 01:00:00+00:00
[2026-07-16T02:23:07.573+0000] {processor.py:208} INFO - Processing /opt/airflow/dags/dag_extract_catalogs.py took 0.030 seconds
[2026-07-16T02:23:44.237+0000] {processor.py:186} INFO - Started process (PID=54238) to work on /opt/airflow/dags/dag_extract_catalogs.py
[2026-07-16T02:23:44.237+0000] {processor.py:914} INFO - Processing file /opt/airflow/dags/dag_extract_catalogs.py for tasks to queue
[2026-07-16T02:23:44.238+0000] {logging_mixin.py:190} INFO - [2026-07-16T02:23:44.238+0000] {dagbag.py:588} INFO - Filling up the DagBag from /opt/airflow/dags/dag_extract_catalogs.py
[2026-07-16T02:23:44.243+0000] {processor.py:925} INFO - DAG(s) 'dag_extract_catalogs' retrieved from /opt/airflow/dags/dag_extract_catalogs.py
[2026-07-16T02:23:44.253+0000] {logging_mixin.py:190} INFO - [2026-07-16T02:23:44.253+0000] {dag.py:3239} INFO - Sync 1 DAGs
[2026-07-16T02:23:44.260+0000] {logging_mixin.py:190} INFO - [2026-07-16T02:23:44.260+0000] {dag.py:4180} INFO - Setting next_dagrun for dag_extract_catalogs to 2026-07-16 01:00:00+00:00, run_after=2026-07-17 01:00:00+00:00
[2026-07-16T02:23:44.265+0000] {processor.py:208} INFO - Processing /opt/airflow/dags/dag_extract_catalogs.py took 0.030 seconds
[2026-07-16T02:24:21.539+0000] {processor.py:186} INFO - Started process (PID=54258) to work on /opt/airflow/dags/dag_extract_catalogs.py
[2026-07-16T02:24:21.540+0000] {processor.py:914} INFO - Processing file /opt/airflow/dags/dag_extract_catalogs.py for tasks to queue
[2026-07-16T02:24:21.541+0000] {logging_mixin.py:190} INFO - [2026-07-16T02:24:21.540+0000] {dagbag.py:588} INFO - Filling up the DagBag from /opt/airflow/dags/dag_extract_catalogs.py
[2026-07-16T02:24:21.545+0000] {processor.py:925} INFO - DAG(s) 'dag_extract_catalogs' retrieved from /opt/airflow/dags/dag_extract_catalogs.py
[2026-07-16T02:24:21.555+0000] {logging_mixin.py:190} INFO - [2026-07-16T02:24:21.555+0000] {dag.py:3239} INFO - Sync 1 DAGs
[2026-07-16T02:24:21.562+0000] {logging_mixin.py:190} INFO - [2026-07-16T02:24:21.562+0000] {dag.py:4180} INFO - Setting next_dagrun for dag_extract_catalogs to 2026-07-16 01:00:00+00:00, run_after=2026-07-17 01:00:00+00:00
[2026-07-16T02:24:21.566+0000] {processor.py:208} INFO - Processing /opt/airflow/dags/dag_extract_catalogs.py took 0.029 seconds
[2026-07-16T02:24:52.004+0000] {processor.py:186} INFO - Started process (PID=54278) to work on /opt/airflow/dags/dag_extract_catalogs.py
[2026-07-16T02:24:52.005+0000] {processor.py:914} INFO - Processing file /opt/airflow/dags/dag_extract_catalogs.py for tasks to queue
[2026-07-16T02:24:52.005+0000] {logging_mixin.py:190} INFO - [2026-07-16T02:24:52.005+0000] {dagbag.py:588} INFO - Filling up the DagBag from /opt/airflow/dags/dag_extract_catalogs.py
[2026-07-16T02:24:52.010+0000] {processor.py:925} INFO - DAG(s) 'dag_extract_catalogs' retrieved from /opt/airflow/dags/dag_extract_catalogs.py
[2026-07-16T02:24:52.020+0000] {logging_mixin.py:190} INFO - [2026-07-16T02:24:52.020+0000] {dag.py:3239} INFO - Sync 1 DAGs
[2026-07-16T02:24:52.027+0000] {logging_mixin.py:190} INFO - [2026-07-16T02:24:52.027+0000] {dag.py:4180} INFO - Setting next_dagrun for dag_extract_catalogs to 2026-07-16 01:00:00+00:00, run_after=2026-07-17 01:00:00+00:00
[2026-07-16T02:24:52.032+0000] {processor.py:208} INFO - Processing /opt/airflow/dags/dag_extract_catalogs.py took 0.030 seconds
[2026-07-16T02:25:25.730+0000] {processor.py:186} INFO - Started process (PID=54296) to work on /opt/airflow/dags/dag_extract_catalogs.py
[2026-07-16T02:25:25.730+0000] {processor.py:914} INFO - Processing file /opt/airflow/dags/dag_extract_catalogs.py for tasks to queue
[2026-07-16T02:25:25.732+0000] {logging_mixin.py:190} INFO - [2026-07-16T02:25:25.732+0000] {dagbag.py:588} INFO - Filling up the DagBag from /opt/airflow/dags/dag_extract_catalogs.py
[2026-07-16T02:25:25.737+0000] {processor.py:925} INFO - DAG(s) 'dag_extract_catalogs' retrieved from /opt/airflow/dags/dag_extract_catalogs.py
[2026-07-16T02:25:25.750+0000] {logging_mixin.py:190} INFO - [2026-07-16T02:25:25.750+0000] {dag.py:3239} INFO - Sync 1 DAGs
[2026-07-16T02:25:25.760+0000] {logging_mixin.py:190} INFO - [2026-07-16T02:25:25.759+0000] {dag.py:4180} INFO - Setting next_dagrun for dag_extract_catalogs to 2026-07-16 01:00:00+00:00, run_after=2026-07-17 01:00:00+00:00
[2026-07-16T02:25:25.765+0000] {processor.py:208} INFO - Processing /opt/airflow/dags/dag_extract_catalogs.py took 0.038 seconds
[2026-07-16T02:25:56.252+0000] {processor.py:186} INFO - Started process (PID=54324) to work on /opt/airflow/dags/dag_extract_catalogs.py
[2026-07-16T02:25:56.252+0000] {processor.py:914} INFO - Processing file /opt/airflow/dags/dag_extract_catalogs.py for tasks to queue
[2026-07-16T02:25:56.253+0000] {logging_mixin.py:190} INFO - [2026-07-16T02:25:56.253+0000] {dagbag.py:588} INFO - Filling up the DagBag from /opt/airflow/dags/dag_extract_catalogs.py
[2026-07-16T02:25:56.258+0000] {processor.py:925} INFO - DAG(s) 'dag_extract_catalogs' retrieved from /opt/airflow/dags/dag_extract_catalogs.py
[2026-07-16T02:25:56.268+0000] {logging_mixin.py:190} INFO - [2026-07-16T02:25:56.268+0000] {dag.py:3239} INFO - Sync 1 DAGs
[2026-07-16T02:25:56.276+0000] {logging_mixin.py:190} INFO - [2026-07-16T02:25:56.276+0000] {dag.py:4180} INFO - Setting next_dagrun for dag_extract_catalogs to 2026-07-16 01:00:00+00:00, run_after=2026-07-17 01:00:00+00:00
[2026-07-16T02:25:56.281+0000] {processor.py:208} INFO - Processing /opt/airflow/dags/dag_extract_catalogs.py took 0.032 seconds
[2026-07-16T02:26:32.591+0000] {processor.py:186} INFO - Started process (PID=54344) to work on /opt/airflow/dags/dag_extract_catalogs.py
[2026-07-16T02:26:32.591+0000] {processor.py:914} INFO - Processing file /opt/airflow/dags/dag_extract_catalogs.py for tasks to queue
[2026-07-16T02:26:32.592+0000] {logging_mixin.py:190} INFO - [2026-07-16T02:26:32.592+0000] {dagbag.py:588} INFO - Filling up the DagBag from /opt/airflow/dags/dag_extract_catalogs.py
[2026-07-16T02:26:32.596+0000] {processor.py:925} INFO - DAG(s) 'dag_extract_catalogs' retrieved from /opt/airflow/dags/dag_extract_catalogs.py
[2026-07-16T02:26:32.606+0000] {logging_mixin.py:190} INFO - [2026-07-16T02:26:32.606+0000] {dag.py:3239} INFO - Sync 1 DAGs
[2026-07-16T02:26:32.613+0000] {logging_mixin.py:190} INFO - [2026-07-16T02:26:32.613+0000] {dag.py:4180} INFO - Setting next_dagrun for dag_extract_catalogs to 2026-07-16 01:00:00+00:00, run_after=2026-07-17 01:00:00+00:00
[2026-07-16T02:26:32.618+0000] {processor.py:208} INFO - Processing /opt/airflow/dags/dag_extract_catalogs.py took 0.029 seconds
[2026-07-16T02:27:10.159+0000] {processor.py:186} INFO - Started process (PID=54364) to work on /opt/airflow/dags/dag_extract_catalogs.py
[2026-07-16T02:27:10.159+0000] {processor.py:914} INFO - Processing file /opt/airflow/dags/dag_extract_catalogs.py for tasks to queue
[2026-07-16T02:27:10.160+0000] {logging_mixin.py:190} INFO - [2026-07-16T02:27:10.160+0000] {dagbag.py:588} INFO - Filling up the DagBag from /opt/airflow/dags/dag_extract_catalogs.py
[2026-07-16T02:27:10.165+0000] {processor.py:925} INFO - DAG(s) 'dag_extract_catalogs' retrieved from /opt/airflow/dags/dag_extract_catalogs.py
[2026-07-16T02:27:10.174+0000] {logging_mixin.py:190} INFO - [2026-07-16T02:27:10.174+0000] {dag.py:3239} INFO - Sync 1 DAGs
[2026-07-16T02:27:10.182+0000] {logging_mixin.py:190} INFO - [2026-07-16T02:27:10.182+0000] {dag.py:4180} INFO - Setting next_dagrun for dag_extract_catalogs to 2026-07-16 01:00:00+00:00, run_after=2026-07-17 01:00:00+00:00
[2026-07-16T02:27:10.186+0000] {processor.py:208} INFO - Processing /opt/airflow/dags/dag_extract_catalogs.py took 0.030 seconds
[2026-07-16T02:27:40.553+0000] {processor.py:186} INFO - Started process (PID=54384) to work on /opt/airflow/dags/dag_extract_catalogs.py
[2026-07-16T02:27:40.553+0000] {processor.py:914} INFO - Processing file /opt/airflow/dags/dag_extract_catalogs.py for tasks to queue
[2026-07-16T02:27:40.554+0000] {logging_mixin.py:190} INFO - [2026-07-16T02:27:40.554+0000] {dagbag.py:588} INFO - Filling up the DagBag from /opt/airflow/dags/dag_extract_catalogs.py
[2026-07-16T02:27:40.558+0000] {processor.py:925} INFO - DAG(s) 'dag_extract_catalogs' retrieved from /opt/airflow/dags/dag_extract_catalogs.py
[2026-07-16T02:27:40.568+0000] {logging_mixin.py:190} INFO - [2026-07-16T02:27:40.568+0000] {dag.py:3239} INFO - Sync 1 DAGs
[2026-07-16T02:27:40.575+0000] {logging_mixin.py:190} INFO - [2026-07-16T02:27:40.575+0000] {dag.py:4180} INFO - Setting next_dagrun for dag_extract_catalogs to 2026-07-16 01:00:00+00:00, run_after=2026-07-17 01:00:00+00:00
[2026-07-16T02:27:40.580+0000] {processor.py:208} INFO - Processing /opt/airflow/dags/dag_extract_catalogs.py took 0.030 seconds
[2026-07-16T02:28:17.052+0000] {processor.py:186} INFO - Started process (PID=54404) to work on /opt/airflow/dags/dag_extract_catalogs.py
[2026-07-16T02:28:17.053+0000] {processor.py:914} INFO - Processing file /opt/airflow/dags/dag_extract_catalogs.py for tasks to queue
[2026-07-16T02:28:17.054+0000] {logging_mixin.py:190} INFO - [2026-07-16T02:28:17.053+0000] {dagbag.py:588} INFO - Filling up the DagBag from /opt/airflow/dags/dag_extract_catalogs.py
[2026-07-16T02:28:17.059+0000] {processor.py:925} INFO - DAG(s) 'dag_extract_catalogs' retrieved from /opt/airflow/dags/dag_extract_catalogs.py
[2026-07-16T02:28:17.068+0000] {logging_mixin.py:190} INFO - [2026-07-16T02:28:17.068+0000] {dag.py:3239} INFO - Sync 1 DAGs
[2026-07-16T02:28:17.075+0000] {logging_mixin.py:190} INFO - [2026-07-16T02:28:17.075+0000] {dag.py:4180} INFO - Setting next_dagrun for dag_extract_catalogs to 2026-07-16 01:00:00+00:00, run_after=2026-07-17 01:00:00+00:00
[2026-07-16T02:28:17.080+0000] {processor.py:208} INFO - Processing /opt/airflow/dags/dag_extract_catalogs.py took 0.030 seconds
[2026-07-16T02:28:51.278+0000] {processor.py:186} INFO - Started process (PID=54424) to work on /opt/airflow/dags/dag_extract_catalogs.py
[2026-07-16T02:28:51.278+0000] {processor.py:914} INFO - Processing file /opt/airflow/dags/dag_extract_catalogs.py for tasks to queue
[2026-07-16T02:28:51.279+0000] {logging_mixin.py:190} INFO - [2026-07-16T02:28:51.279+0000] {dagbag.py:588} INFO - Filling up the DagBag from /opt/airflow/dags/dag_extract_catalogs.py
[2026-07-16T02:28:51.284+0000] {processor.py:925} INFO - DAG(s) 'dag_extract_catalogs' retrieved from /opt/airflow/dags/dag_extract_catalogs.py
[2026-07-16T02:28:51.293+0000] {logging_mixin.py:190} INFO - [2026-07-16T02:28:51.293+0000] {dag.py:3239} INFO - Sync 1 DAGs
[2026-07-16T02:28:51.301+0000] {logging_mixin.py:190} INFO - [2026-07-16T02:28:51.301+0000] {dag.py:4180} INFO - Setting next_dagrun for dag_extract_catalogs to 2026-07-16 01:00:00+00:00, run_after=2026-07-17 01:00:00+00:00
[2026-07-16T02:28:51.306+0000] {processor.py:208} INFO - Processing /opt/airflow/dags/dag_extract_catalogs.py took 0.030 seconds
[2026-07-16T02:29:21.719+0000] {processor.py:186} INFO - Started process (PID=54444) to work on /opt/airflow/dags/dag_extract_catalogs.py
[2026-07-16T02:29:21.720+0000] {processor.py:914} INFO - Processing file /opt/airflow/dags/dag_extract_catalogs.py for tasks to queue
[2026-07-16T02:29:21.720+0000] {logging_mixin.py:190} INFO - [2026-07-16T02:29:21.720+0000] {dagbag.py:588} INFO - Filling up the DagBag from /opt/airflow/dags/dag_extract_catalogs.py
[2026-07-16T02:29:21.725+0000] {processor.py:925} INFO - DAG(s) 'dag_extract_catalogs' retrieved from /opt/airflow/dags/dag_extract_catalogs.py
[2026-07-16T02:29:21.735+0000] {logging_mixin.py:190} INFO - [2026-07-16T02:29:21.735+0000] {dag.py:3239} INFO - Sync 1 DAGs
[2026-07-16T02:29:21.742+0000] {logging_mixin.py:190} INFO - [2026-07-16T02:29:21.742+0000] {dag.py:4180} INFO - Setting next_dagrun for dag_extract_catalogs to 2026-07-16 01:00:00+00:00, run_after=2026-07-17 01:00:00+00:00
[2026-07-16T02:29:21.747+0000] {processor.py:208} INFO - Processing /opt/airflow/dags/dag_extract_catalogs.py took 0.030 seconds
[2026-07-16T02:29:57.289+0000] {processor.py:186} INFO - Started process (PID=54464) to work on /opt/airflow/dags/dag_extract_catalogs.py
[2026-07-16T02:29:57.289+0000] {processor.py:914} INFO - Processing file /opt/airflow/dags/dag_extract_catalogs.py for tasks to queue
[2026-07-16T02:29:57.290+0000] {logging_mixin.py:190} INFO - [2026-07-16T02:29:57.290+0000] {dagbag.py:588} INFO - Filling up the DagBag from /opt/airflow/dags/dag_extract_catalogs.py
[2026-07-16T02:29:57.295+0000] {processor.py:925} INFO - DAG(s) 'dag_extract_catalogs' retrieved from /opt/airflow/dags/dag_extract_catalogs.py
[2026-07-16T02:29:57.304+0000] {logging_mixin.py:190} INFO - [2026-07-16T02:29:57.304+0000] {dag.py:3239} INFO - Sync 1 DAGs
[2026-07-16T02:29:57.311+0000] {logging_mixin.py:190} INFO - [2026-07-16T02:29:57.311+0000] {dag.py:4180} INFO - Setting next_dagrun for dag_extract_catalogs to 2026-07-16 01:00:00+00:00, run_after=2026-07-17 01:00:00+00:00
[2026-07-16T02:29:57.316+0000] {processor.py:208} INFO - Processing /opt/airflow/dags/dag_extract_catalogs.py took 0.030 seconds
[2026-07-16T02:30:35.050+0000] {processor.py:186} INFO - Started process (PID=54482) to work on /opt/airflow/dags/dag_extract_catalogs.py
[2026-07-16T02:30:35.051+0000] {processor.py:914} INFO - Processing file /opt/airflow/dags/dag_extract_catalogs.py for tasks to queue
[2026-07-16T02:30:35.052+0000] {logging_mixin.py:190} INFO - [2026-07-16T02:30:35.052+0000] {dagbag.py:588} INFO - Filling up the DagBag from /opt/airflow/dags/dag_extract_catalogs.py
[2026-07-16T02:30:35.060+0000] {processor.py:925} INFO - DAG(s) 'dag_extract_catalogs' retrieved from /opt/airflow/dags/dag_extract_catalogs.py
[2026-07-16T02:30:35.075+0000] {logging_mixin.py:190} INFO - [2026-07-16T02:30:35.075+0000] {dag.py:3239} INFO - Sync 1 DAGs
[2026-07-16T02:30:35.086+0000] {logging_mixin.py:190} INFO - [2026-07-16T02:30:35.086+0000] {dag.py:4180} INFO - Setting next_dagrun for dag_extract_catalogs to 2026-07-16 01:00:00+00:00, run_after=2026-07-17 01:00:00+00:00
[2026-07-16T02:30:35.091+0000] {processor.py:208} INFO - Processing /opt/airflow/dags/dag_extract_catalogs.py took 0.043 seconds
[2026-07-16T02:31:05.567+0000] {processor.py:186} INFO - Started process (PID=54504) to work on /opt/airflow/dags/dag_extract_catalogs.py
[2026-07-16T02:31:05.567+0000] {processor.py:914} INFO - Processing file /opt/airflow/dags/dag_extract_catalogs.py for tasks to queue
[2026-07-16T02:31:05.568+0000] {logging_mixin.py:190} INFO - [2026-07-16T02:31:05.568+0000] {dagbag.py:588} INFO - Filling up the DagBag from /opt/airflow/dags/dag_extract_catalogs.py
[2026-07-16T02:31:05.573+0000] {processor.py:925} INFO - DAG(s) 'dag_extract_catalogs' retrieved from /opt/airflow/dags/dag_extract_catalogs.py
[2026-07-16T02:31:05.582+0000] {logging_mixin.py:190} INFO - [2026-07-16T02:31:05.582+0000] {dag.py:3239} INFO - Sync 1 DAGs
[2026-07-16T02:31:05.589+0000] {logging_mixin.py:190} INFO - [2026-07-16T02:31:05.589+0000] {dag.py:4180} INFO - Setting next_dagrun for dag_extract_catalogs to 2026-07-16 01:00:00+00:00, run_after=2026-07-17 01:00:00+00:00
[2026-07-16T02:31:05.594+0000] {processor.py:208} INFO - Processing /opt/airflow/dags/dag_extract_catalogs.py took 0.030 seconds
[2026-07-16T02:31:41.504+0000] {processor.py:186} INFO - Started process (PID=54524) to work on /opt/airflow/dags/dag_extract_catalogs.py
[2026-07-16T02:31:41.504+0000] {processor.py:914} INFO - Processing file /opt/airflow/dags/dag_extract_catalogs.py for tasks to queue
[2026-07-16T02:31:41.505+0000] {logging_mixin.py:190} INFO - [2026-07-16T02:31:41.505+0000] {dagbag.py:588} INFO - Filling up the DagBag from /opt/airflow/dags/dag_extract_catalogs.py
[2026-07-16T02:31:41.509+0000] {processor.py:925} INFO - DAG(s) 'dag_extract_catalogs' retrieved from /opt/airflow/dags/dag_extract_catalogs.py
[2026-07-16T02:31:41.519+0000] {logging_mixin.py:190} INFO - [2026-07-16T02:31:41.519+0000] {dag.py:3239} INFO - Sync 1 DAGs
[2026-07-16T02:31:41.526+0000] {logging_mixin.py:190} INFO - [2026-07-16T02:31:41.526+0000] {dag.py:4180} INFO - Setting next_dagrun for dag_extract_catalogs to 2026-07-16 01:00:00+00:00, run_after=2026-07-17 01:00:00+00:00
[2026-07-16T02:31:41.531+0000] {processor.py:208} INFO - Processing /opt/airflow/dags/dag_extract_catalogs.py took 0.030 seconds
[2026-07-16T02:32:12.037+0000] {processor.py:186} INFO - Started process (PID=54544) to work on /opt/airflow/dags/dag_extract_catalogs.py
[2026-07-16T02:32:12.037+0000] {processor.py:914} INFO - Processing file /opt/airflow/dags/dag_extract_catalogs.py for tasks to queue
[2026-07-16T02:32:12.038+0000] {logging_mixin.py:190} INFO - [2026-07-16T02:32:12.038+0000] {dagbag.py:588} INFO - Filling up the DagBag from /opt/airflow/dags/dag_extract_catalogs.py
[2026-07-16T02:32:12.042+0000] {processor.py:925} INFO - DAG(s) 'dag_extract_catalogs' retrieved from /opt/airflow/dags/dag_extract_catalogs.py
[2026-07-16T02:32:12.052+0000] {logging_mixin.py:190} INFO - [2026-07-16T02:32:12.052+0000] {dag.py:3239} INFO - Sync 1 DAGs
[2026-07-16T02:32:12.059+0000] {logging_mixin.py:190} INFO - [2026-07-16T02:32:12.059+0000] {dag.py:4180} INFO - Setting next_dagrun for dag_extract_catalogs to 2026-07-16 01:00:00+00:00, run_after=2026-07-17 01:00:00+00:00
[2026-07-16T02:32:12.064+0000] {processor.py:208} INFO - Processing /opt/airflow/dags/dag_extract_catalogs.py took 0.029 seconds
[2026-07-16T02:32:48.048+0000] {processor.py:186} INFO - Started process (PID=54564) to work on /opt/airflow/dags/dag_extract_catalogs.py
[2026-07-16T02:32:48.048+0000] {processor.py:914} INFO - Processing file /opt/airflow/dags/dag_extract_catalogs.py for tasks to queue
[2026-07-16T02:32:48.049+0000] {logging_mixin.py:190} INFO - [2026-07-16T02:32:48.049+0000] {dagbag.py:588} INFO - Filling up the DagBag from /opt/airflow/dags/dag_extract_catalogs.py
[2026-07-16T02:32:48.053+0000] {processor.py:925} INFO - DAG(s) 'dag_extract_catalogs' retrieved from /opt/airflow/dags/dag_extract_catalogs.py
[2026-07-16T02:32:48.063+0000] {logging_mixin.py:190} INFO - [2026-07-16T02:32:48.063+0000] {dag.py:3239} INFO - Sync 1 DAGs
[2026-07-16T02:32:48.070+0000] {logging_mixin.py:190} INFO - [2026-07-16T02:32:48.070+0000] {dag.py:4180} INFO - Setting next_dagrun for dag_extract_catalogs to 2026-07-16 01:00:00+00:00, run_after=2026-07-17 01:00:00+00:00
[2026-07-16T02:32:48.075+0000] {processor.py:208} INFO - Processing /opt/airflow/dags/dag_extract_catalogs.py took 0.029 seconds
[2026-07-16T02:33:24.576+0000] {processor.py:186} INFO - Started process (PID=54584) to work on /opt/airflow/dags/dag_extract_catalogs.py
[2026-07-16T02:33:24.576+0000] {processor.py:914} INFO - Processing file /opt/airflow/dags/dag_extract_catalogs.py for tasks to queue
[2026-07-16T02:33:24.577+0000] {logging_mixin.py:190} INFO - [2026-07-16T02:33:24.577+0000] {dagbag.py:588} INFO - Filling up the DagBag from /opt/airflow/dags/dag_extract_catalogs.py
[2026-07-16T02:33:24.582+0000] {processor.py:925} INFO - DAG(s) 'dag_extract_catalogs' retrieved from /opt/airflow/dags/dag_extract_catalogs.py
[2026-07-16T02:33:24.592+0000] {logging_mixin.py:190} INFO - [2026-07-16T02:33:24.592+0000] {dag.py:3239} INFO - Sync 1 DAGs
[2026-07-16T02:33:24.599+0000] {logging_mixin.py:190} INFO - [2026-07-16T02:33:24.599+0000] {dag.py:4180} INFO - Setting next_dagrun for dag_extract_catalogs to 2026-07-16 01:00:00+00:00, run_after=2026-07-17 01:00:00+00:00
[2026-07-16T02:33:24.603+0000] {processor.py:208} INFO - Processing /opt/airflow/dags/dag_extract_catalogs.py took 0.030 seconds
[2026-07-16T02:33:55.013+0000] {processor.py:186} INFO - Started process (PID=54604) to work on /opt/airflow/dags/dag_extract_catalogs.py
[2026-07-16T02:33:55.013+0000] {processor.py:914} INFO - Processing file /opt/airflow/dags/dag_extract_catalogs.py for tasks to queue
[2026-07-16T02:33:55.014+0000] {logging_mixin.py:190} INFO - [2026-07-16T02:33:55.014+0000] {dagbag.py:588} INFO - Filling up the DagBag from /opt/airflow/dags/dag_extract_catalogs.py
[2026-07-16T02:33:55.019+0000] {processor.py:925} INFO - DAG(s) 'dag_extract_catalogs' retrieved from /opt/airflow/dags/dag_extract_catalogs.py
[2026-07-16T02:33:55.029+0000] {logging_mixin.py:190} INFO - [2026-07-16T02:33:55.029+0000] {dag.py:3239} INFO - Sync 1 DAGs
[2026-07-16T02:33:55.036+0000] {logging_mixin.py:190} INFO - [2026-07-16T02:33:55.036+0000] {dag.py:4180} INFO - Setting next_dagrun for dag_extract_catalogs to 2026-07-16 01:00:00+00:00, run_after=2026-07-17 01:00:00+00:00
[2026-07-16T02:33:55.041+0000] {processor.py:208} INFO - Processing /opt/airflow/dags/dag_extract_catalogs.py took 0.031 seconds
[2026-07-16T02:34:31.565+0000] {processor.py:186} INFO - Started process (PID=54624) to work on /opt/airflow/dags/dag_extract_catalogs.py
[2026-07-16T02:34:31.565+0000] {processor.py:914} INFO - Processing file /opt/airflow/dags/dag_extract_catalogs.py for tasks to queue
[2026-07-16T02:34:31.566+0000] {logging_mixin.py:190} INFO - [2026-07-16T02:34:31.566+0000] {dagbag.py:588} INFO - Filling up the DagBag from /opt/airflow/dags/dag_extract_catalogs.py
[2026-07-16T02:34:31.571+0000] {processor.py:925} INFO - DAG(s) 'dag_extract_catalogs' retrieved from /opt/airflow/dags/dag_extract_catalogs.py
[2026-07-16T02:34:31.581+0000] {logging_mixin.py:190} INFO - [2026-07-16T02:34:31.581+0000] {dag.py:3239} INFO - Sync 1 DAGs
[2026-07-16T02:34:31.588+0000] {logging_mixin.py:190} INFO - [2026-07-16T02:34:31.588+0000] {dag.py:4180} INFO - Setting next_dagrun for dag_extract_catalogs to 2026-07-16 01:00:00+00:00, run_after=2026-07-17 01:00:00+00:00
[2026-07-16T02:34:31.593+0000] {processor.py:208} INFO - Processing /opt/airflow/dags/dag_extract_catalogs.py took 0.032 seconds
[2026-07-16T02:35:08.344+0000] {processor.py:186} INFO - Started process (PID=54644) to work on /opt/airflow/dags/dag_extract_catalogs.py
[2026-07-16T02:35:08.345+0000] {processor.py:914} INFO - Processing file /opt/airflow/dags/dag_extract_catalogs.py for tasks to queue
[2026-07-16T02:35:08.346+0000] {logging_mixin.py:190} INFO - [2026-07-16T02:35:08.346+0000] {dagbag.py:588} INFO - Filling up the DagBag from /opt/airflow/dags/dag_extract_catalogs.py
[2026-07-16T02:35:08.350+0000] {processor.py:925} INFO - DAG(s) 'dag_extract_catalogs' retrieved from /opt/airflow/dags/dag_extract_catalogs.py
[2026-07-16T02:35:08.360+0000] {logging_mixin.py:190} INFO - [2026-07-16T02:35:08.360+0000] {dag.py:3239} INFO - Sync 1 DAGs
[2026-07-16T02:35:08.367+0000] {logging_mixin.py:190} INFO - [2026-07-16T02:35:08.367+0000] {dag.py:4180} INFO - Setting next_dagrun for dag_extract_catalogs to 2026-07-16 01:00:00+00:00, run_after=2026-07-17 01:00:00+00:00
[2026-07-16T02:35:08.372+0000] {processor.py:208} INFO - Processing /opt/airflow/dags/dag_extract_catalogs.py took 0.030 seconds
[2026-07-16T02:35:38.809+0000] {processor.py:186} INFO - Started process (PID=54664) to work on /opt/airflow/dags/dag_extract_catalogs.py
[2026-07-16T02:35:38.810+0000] {processor.py:914} INFO - Processing file /opt/airflow/dags/dag_extract_catalogs.py for tasks to queue
[2026-07-16T02:35:38.810+0000] {logging_mixin.py:190} INFO - [2026-07-16T02:35:38.810+0000] {dagbag.py:588} INFO - Filling up the DagBag from /opt/airflow/dags/dag_extract_catalogs.py
[2026-07-16T02:35:38.815+0000] {processor.py:925} INFO - DAG(s) 'dag_extract_catalogs' retrieved from /opt/airflow/dags/dag_extract_catalogs.py
[2026-07-16T02:35:38.827+0000] {logging_mixin.py:190} INFO - [2026-07-16T02:35:38.827+0000] {dag.py:3239} INFO - Sync 1 DAGs
[2026-07-16T02:35:38.835+0000] {logging_mixin.py:190} INFO - [2026-07-16T02:35:38.834+0000] {dag.py:4180} INFO - Setting next_dagrun for dag_extract_catalogs to 2026-07-16 01:00:00+00:00, run_after=2026-07-17 01:00:00+00:00
[2026-07-16T02:35:38.839+0000] {processor.py:208} INFO - Processing /opt/airflow/dags/dag_extract_catalogs.py took 0.032 seconds
[2026-07-16T02:36:15.097+0000] {processor.py:186} INFO - Started process (PID=54690) to work on /opt/airflow/dags/dag_extract_catalogs.py
[2026-07-16T02:36:15.098+0000] {processor.py:914} INFO - Processing file /opt/airflow/dags/dag_extract_catalogs.py for tasks to queue
[2026-07-16T02:36:15.099+0000] {logging_mixin.py:190} INFO - [2026-07-16T02:36:15.099+0000] {dagbag.py:588} INFO - Filling up the DagBag from /opt/airflow/dags/dag_extract_catalogs.py
[2026-07-16T02:36:15.106+0000] {processor.py:925} INFO - DAG(s) 'dag_extract_catalogs' retrieved from /opt/airflow/dags/dag_extract_catalogs.py
[2026-07-16T02:36:15.115+0000] {logging_mixin.py:190} INFO - [2026-07-16T02:36:15.115+0000] {dag.py:3239} INFO - Sync 1 DAGs
[2026-07-16T02:36:15.122+0000] {logging_mixin.py:190} INFO - [2026-07-16T02:36:15.122+0000] {dag.py:4180} INFO - Setting next_dagrun for dag_extract_catalogs to 2026-07-16 01:00:00+00:00, run_after=2026-07-17 01:00:00+00:00
[2026-07-16T02:36:15.127+0000] {processor.py:208} INFO - Processing /opt/airflow/dags/dag_extract_catalogs.py took 0.032 seconds
[2026-07-16T02:36:52.672+0000] {processor.py:186} INFO - Started process (PID=54710) to work on /opt/airflow/dags/dag_extract_catalogs.py
[2026-07-16T02:36:52.672+0000] {processor.py:914} INFO - Processing file /opt/airflow/dags/dag_extract_catalogs.py for tasks to queue
[2026-07-16T02:36:52.673+0000] {logging_mixin.py:190} INFO - [2026-07-16T02:36:52.673+0000] {dagbag.py:588} INFO - Filling up the DagBag from /opt/airflow/dags/dag_extract_catalogs.py
[2026-07-16T02:36:52.677+0000] {processor.py:925} INFO - DAG(s) 'dag_extract_catalogs' retrieved from /opt/airflow/dags/dag_extract_catalogs.py
[2026-07-16T02:36:52.687+0000] {logging_mixin.py:190} INFO - [2026-07-16T02:36:52.687+0000] {dag.py:3239} INFO - Sync 1 DAGs
[2026-07-16T02:36:52.694+0000] {logging_mixin.py:190} INFO - [2026-07-16T02:36:52.694+0000] {dag.py:4180} INFO - Setting next_dagrun for dag_extract_catalogs to 2026-07-16 01:00:00+00:00, run_after=2026-07-17 01:00:00+00:00
[2026-07-16T02:36:52.699+0000] {processor.py:208} INFO - Processing /opt/airflow/dags/dag_extract_catalogs.py took 0.030 seconds
[2026-07-16T02:37:23.120+0000] {processor.py:186} INFO - Started process (PID=54730) to work on /opt/airflow/dags/dag_extract_catalogs.py
[2026-07-16T02:37:23.121+0000] {processor.py:914} INFO - Processing file /opt/airflow/dags/dag_extract_catalogs.py for tasks to queue
[2026-07-16T02:37:23.122+0000] {logging_mixin.py:190} INFO - [2026-07-16T02:37:23.121+0000] {dagbag.py:588} INFO - Filling up the DagBag from /opt/airflow/dags/dag_extract_catalogs.py
[2026-07-16T02:37:23.126+0000] {processor.py:925} INFO - DAG(s) 'dag_extract_catalogs' retrieved from /opt/airflow/dags/dag_extract_catalogs.py
[2026-07-16T02:37:23.136+0000] {logging_mixin.py:190} INFO - [2026-07-16T02:37:23.136+0000] {dag.py:3239} INFO - Sync 1 DAGs
[2026-07-16T02:37:23.143+0000] {logging_mixin.py:190} INFO - [2026-07-16T02:37:23.143+0000] {dag.py:4180} INFO - Setting next_dagrun for dag_extract_catalogs to 2026-07-16 01:00:00+00:00, run_after=2026-07-17 01:00:00+00:00
[2026-07-16T02:37:23.148+0000] {processor.py:208} INFO - Processing /opt/airflow/dags/dag_extract_catalogs.py took 0.030 seconds
[2026-07-16T02:37:59.594+0000] {processor.py:186} INFO - Started process (PID=54750) to work on /opt/airflow/dags/dag_extract_catalogs.py
[2026-07-16T02:37:59.594+0000] {processor.py:914} INFO - Processing file /opt/airflow/dags/dag_extract_catalogs.py for tasks to queue
[2026-07-16T02:37:59.595+0000] {logging_mixin.py:190} INFO - [2026-07-16T02:37:59.595+0000] {dagbag.py:588} INFO - Filling up the DagBag from /opt/airflow/dags/dag_extract_catalogs.py
[2026-07-16T02:37:59.600+0000] {processor.py:925} INFO - DAG(s) 'dag_extract_catalogs' retrieved from /opt/airflow/dags/dag_extract_catalogs.py
[2026-07-16T02:37:59.609+0000] {logging_mixin.py:190} INFO - [2026-07-16T02:37:59.609+0000] {dag.py:3239} INFO - Sync 1 DAGs
[2026-07-16T02:37:59.616+0000] {logging_mixin.py:190} INFO - [2026-07-16T02:37:59.616+0000] {dag.py:4180} INFO - Setting next_dagrun for dag_extract_catalogs to 2026-07-16 01:00:00+00:00, run_after=2026-07-17 01:00:00+00:00
[2026-07-16T02:37:59.621+0000] {processor.py:208} INFO - Processing /opt/airflow/dags/dag_extract_catalogs.py took 0.029 seconds
[2026-07-16T02:38:30.174+0000] {processor.py:186} INFO - Started process (PID=54768) to work on /opt/airflow/dags/dag_extract_catalogs.py
[2026-07-16T02:38:30.174+0000] {processor.py:914} INFO - Processing file /opt/airflow/dags/dag_extract_catalogs.py for tasks to queue
[2026-07-16T02:38:30.176+0000] {logging_mixin.py:190} INFO - [2026-07-16T02:38:30.176+0000] {dagbag.py:588} INFO - Filling up the DagBag from /opt/airflow/dags/dag_extract_catalogs.py
[2026-07-16T02:38:30.183+0000] {processor.py:925} INFO - DAG(s) 'dag_extract_catalogs' retrieved from /opt/airflow/dags/dag_extract_catalogs.py
[2026-07-16T02:38:30.193+0000] {logging_mixin.py:190} INFO - [2026-07-16T02:38:30.193+0000] {dag.py:3239} INFO - Sync 1 DAGs
[2026-07-16T02:38:30.202+0000] {logging_mixin.py:190} INFO - [2026-07-16T02:38:30.202+0000] {dag.py:4180} INFO - Setting next_dagrun for dag_extract_catalogs to 2026-07-16 01:00:00+00:00, run_after=2026-07-17 01:00:00+00:00
[2026-07-16T02:38:30.211+0000] {processor.py:208} INFO - Processing /opt/airflow/dags/dag_extract_catalogs.py took 0.040 seconds
[2026-07-16T02:39:05.752+0000] {processor.py:186} INFO - Started process (PID=54790) to work on /opt/airflow/dags/dag_extract_catalogs.py
[2026-07-16T02:39:05.752+0000] {processor.py:914} INFO - Processing file /opt/airflow/dags/dag_extract_catalogs.py for tasks to queue
[2026-07-16T02:39:05.753+0000] {logging_mixin.py:190} INFO - [2026-07-16T02:39:05.753+0000] {dagbag.py:588} INFO - Filling up the DagBag from /opt/airflow/dags/dag_extract_catalogs.py
[2026-07-16T02:39:05.758+0000] {processor.py:925} INFO - DAG(s) 'dag_extract_catalogs' retrieved from /opt/airflow/dags/dag_extract_catalogs.py
[2026-07-16T02:39:05.767+0000] {logging_mixin.py:190} INFO - [2026-07-16T02:39:05.767+0000] {dag.py:3239} INFO - Sync 1 DAGs
[2026-07-16T02:39:05.775+0000] {logging_mixin.py:190} INFO - [2026-07-16T02:39:05.775+0000] {dag.py:4180} INFO - Setting next_dagrun for dag_extract_catalogs to 2026-07-16 01:00:00+00:00, run_after=2026-07-17 01:00:00+00:00
[2026-07-16T02:39:05.779+0000] {processor.py:208} INFO - Processing /opt/airflow/dags/dag_extract_catalogs.py took 0.030 seconds
[2026-07-16T02:39:42.264+0000] {processor.py:186} INFO - Started process (PID=54810) to work on /opt/airflow/dags/dag_extract_catalogs.py
[2026-07-16T02:39:42.265+0000] {processor.py:914} INFO - Processing file /opt/airflow/dags/dag_extract_catalogs.py for tasks to queue
[2026-07-16T02:39:42.265+0000] {logging_mixin.py:190} INFO - [2026-07-16T02:39:42.265+0000] {dagbag.py:588} INFO - Filling up the DagBag from /opt/airflow/dags/dag_extract_catalogs.py
[2026-07-16T02:39:42.270+0000] {processor.py:925} INFO - DAG(s) 'dag_extract_catalogs' retrieved from /opt/airflow/dags/dag_extract_catalogs.py
[2026-07-16T02:39:42.280+0000] {logging_mixin.py:190} INFO - [2026-07-16T02:39:42.280+0000] {dag.py:3239} INFO - Sync 1 DAGs
[2026-07-16T02:39:42.287+0000] {logging_mixin.py:190} INFO - [2026-07-16T02:39:42.287+0000] {dag.py:4180} INFO - Setting next_dagrun for dag_extract_catalogs to 2026-07-16 01:00:00+00:00, run_after=2026-07-17 01:00:00+00:00
[2026-07-16T02:39:42.292+0000] {processor.py:208} INFO - Processing /opt/airflow/dags/dag_extract_catalogs.py took 0.030 seconds
[2026-07-16T02:40:12.688+0000] {processor.py:186} INFO - Started process (PID=54830) to work on /opt/airflow/dags/dag_extract_catalogs.py
[2026-07-16T02:40:12.689+0000] {processor.py:914} INFO - Processing file /opt/airflow/dags/dag_extract_catalogs.py for tasks to queue
[2026-07-16T02:40:12.690+0000] {logging_mixin.py:190} INFO - [2026-07-16T02:40:12.689+0000] {dagbag.py:588} INFO - Filling up the DagBag from /opt/airflow/dags/dag_extract_catalogs.py
[2026-07-16T02:40:12.694+0000] {processor.py:925} INFO - DAG(s) 'dag_extract_catalogs' retrieved from /opt/airflow/dags/dag_extract_catalogs.py
[2026-07-16T02:40:12.704+0000] {logging_mixin.py:190} INFO - [2026-07-16T02:40:12.704+0000] {dag.py:3239} INFO - Sync 1 DAGs
[2026-07-16T02:40:12.711+0000] {logging_mixin.py:190} INFO - [2026-07-16T02:40:12.711+0000] {dag.py:4180} INFO - Setting next_dagrun for dag_extract_catalogs to 2026-07-16 01:00:00+00:00, run_after=2026-07-17 01:00:00+00:00
[2026-07-16T02:40:12.716+0000] {processor.py:208} INFO - Processing /opt/airflow/dags/dag_extract_catalogs.py took 0.030 seconds
[2026-07-16T02:40:50.534+0000] {processor.py:186} INFO - Started process (PID=54850) to work on /opt/airflow/dags/dag_extract_catalogs.py
[2026-07-16T02:40:50.534+0000] {processor.py:914} INFO - Processing file /opt/airflow/dags/dag_extract_catalogs.py for tasks to queue
[2026-07-16T02:40:50.535+0000] {logging_mixin.py:190} INFO - [2026-07-16T02:40:50.535+0000] {dagbag.py:588} INFO - Filling up the DagBag from /opt/airflow/dags/dag_extract_catalogs.py
[2026-07-16T02:40:50.539+0000] {processor.py:925} INFO - DAG(s) 'dag_extract_catalogs' retrieved from /opt/airflow/dags/dag_extract_catalogs.py
[2026-07-16T02:40:50.549+0000] {logging_mixin.py:190} INFO - [2026-07-16T02:40:50.549+0000] {dag.py:3239} INFO - Sync 1 DAGs
[2026-07-16T02:40:50.556+0000] {logging_mixin.py:190} INFO - [2026-07-16T02:40:50.556+0000] {dag.py:4180} INFO - Setting next_dagrun for dag_extract_catalogs to 2026-07-16 01:00:00+00:00, run_after=2026-07-17 01:00:00+00:00
[2026-07-16T02:40:50.561+0000] {processor.py:208} INFO - Processing /opt/airflow/dags/dag_extract_catalogs.py took 0.029 seconds
[2026-07-16T02:41:26.809+0000] {processor.py:186} INFO - Started process (PID=54870) to work on /opt/airflow/dags/dag_extract_catalogs.py
[2026-07-16T02:41:26.810+0000] {processor.py:914} INFO - Processing file /opt/airflow/dags/dag_extract_catalogs.py for tasks to queue
[2026-07-16T02:41:26.811+0000] {logging_mixin.py:190} INFO - [2026-07-16T02:41:26.811+0000] {dagbag.py:588} INFO - Filling up the DagBag from /opt/airflow/dags/dag_extract_catalogs.py
[2026-07-16T02:41:26.815+0000] {processor.py:925} INFO - DAG(s) 'dag_extract_catalogs' retrieved from /opt/airflow/dags/dag_extract_catalogs.py
[2026-07-16T02:41:26.825+0000] {logging_mixin.py:190} INFO - [2026-07-16T02:41:26.825+0000] {dag.py:3239} INFO - Sync 1 DAGs
[2026-07-16T02:41:26.832+0000] {logging_mixin.py:190} INFO - [2026-07-16T02:41:26.832+0000] {dag.py:4180} INFO - Setting next_dagrun for dag_extract_catalogs to 2026-07-16 01:00:00+00:00, run_after=2026-07-17 01:00:00+00:00
[2026-07-16T02:41:26.836+0000] {processor.py:208} INFO - Processing /opt/airflow/dags/dag_extract_catalogs.py took 0.029 seconds
[2026-07-16T02:41:57.223+0000] {processor.py:186} INFO - Started process (PID=54890) to work on /opt/airflow/dags/dag_extract_catalogs.py
[2026-07-16T02:41:57.223+0000] {processor.py:914} INFO - Processing file /opt/airflow/dags/dag_extract_catalogs.py for tasks to queue
[2026-07-16T02:41:57.224+0000] {logging_mixin.py:190} INFO - [2026-07-16T02:41:57.224+0000] {dagbag.py:588} INFO - Filling up the DagBag from /opt/airflow/dags/dag_extract_catalogs.py
[2026-07-16T02:41:57.229+0000] {processor.py:925} INFO - DAG(s) 'dag_extract_catalogs' retrieved from /opt/airflow/dags/dag_extract_catalogs.py
[2026-07-16T02:41:57.239+0000] {logging_mixin.py:190} INFO - [2026-07-16T02:41:57.239+0000] {dag.py:3239} INFO - Sync 1 DAGs
[2026-07-16T02:41:57.246+0000] {logging_mixin.py:190} INFO - [2026-07-16T02:41:57.246+0000] {dag.py:4180} INFO - Setting next_dagrun for dag_extract_catalogs to 2026-07-16 01:00:00+00:00, run_after=2026-07-17 01:00:00+00:00
[2026-07-16T02:41:57.251+0000] {processor.py:208} INFO - Processing /opt/airflow/dags/dag_extract_catalogs.py took 0.030 seconds
[2026-07-16T02:42:33.887+0000] {processor.py:186} INFO - Started process (PID=54910) to work on /opt/airflow/dags/dag_extract_catalogs.py
[2026-07-16T02:42:33.887+0000] {processor.py:914} INFO - Processing file /opt/airflow/dags/dag_extract_catalogs.py for tasks to queue
[2026-07-16T02:42:33.888+0000] {logging_mixin.py:190} INFO - [2026-07-16T02:42:33.888+0000] {dagbag.py:588} INFO - Filling up the DagBag from /opt/airflow/dags/dag_extract_catalogs.py
[2026-07-16T02:42:33.893+0000] {processor.py:925} INFO - DAG(s) 'dag_extract_catalogs' retrieved from /opt/airflow/dags/dag_extract_catalogs.py
[2026-07-16T02:42:33.903+0000] {logging_mixin.py:190} INFO - [2026-07-16T02:42:33.903+0000] {dag.py:3239} INFO - Sync 1 DAGs
[2026-07-16T02:42:33.910+0000] {logging_mixin.py:190} INFO - [2026-07-16T02:42:33.910+0000] {dag.py:4180} INFO - Setting next_dagrun for dag_extract_catalogs to 2026-07-16 01:00:00+00:00, run_after=2026-07-17 01:00:00+00:00
[2026-07-16T02:42:33.915+0000] {processor.py:208} INFO - Processing /opt/airflow/dags/dag_extract_catalogs.py took 0.031 seconds
[2026-07-16T02:43:11.395+0000] {processor.py:186} INFO - Started process (PID=54930) to work on /opt/airflow/dags/dag_extract_catalogs.py
[2026-07-16T02:43:11.395+0000] {processor.py:914} INFO - Processing file /opt/airflow/dags/dag_extract_catalogs.py for tasks to queue
[2026-07-16T02:43:11.396+0000] {logging_mixin.py:190} INFO - [2026-07-16T02:43:11.396+0000] {dagbag.py:588} INFO - Filling up the DagBag from /opt/airflow/dags/dag_extract_catalogs.py
[2026-07-16T02:43:11.401+0000] {processor.py:925} INFO - DAG(s) 'dag_extract_catalogs' retrieved from /opt/airflow/dags/dag_extract_catalogs.py
[2026-07-16T02:43:11.410+0000] {logging_mixin.py:190} INFO - [2026-07-16T02:43:11.410+0000] {dag.py:3239} INFO - Sync 1 DAGs
[2026-07-16T02:43:11.417+0000] {logging_mixin.py:190} INFO - [2026-07-16T02:43:11.417+0000] {dag.py:4180} INFO - Setting next_dagrun for dag_extract_catalogs to 2026-07-16 01:00:00+00:00, run_after=2026-07-17 01:00:00+00:00
[2026-07-16T02:43:11.422+0000] {processor.py:208} INFO - Processing /opt/airflow/dags/dag_extract_catalogs.py took 0.030 seconds
[2026-07-16T02:43:41.841+0000] {processor.py:186} INFO - Started process (PID=54950) to work on /opt/airflow/dags/dag_extract_catalogs.py
[2026-07-16T02:43:41.841+0000] {processor.py:914} INFO - Processing file /opt/airflow/dags/dag_extract_catalogs.py for tasks to queue
[2026-07-16T02:43:41.842+0000] {logging_mixin.py:190} INFO - [2026-07-16T02:43:41.842+0000] {dagbag.py:588} INFO - Filling up the DagBag from /opt/airflow/dags/dag_extract_catalogs.py
[2026-07-16T02:43:41.847+0000] {processor.py:925} INFO - DAG(s) 'dag_extract_catalogs' retrieved from /opt/airflow/dags/dag_extract_catalogs.py
[2026-07-16T02:43:41.857+0000] {logging_mixin.py:190} INFO - [2026-07-16T02:43:41.857+0000] {dag.py:3239} INFO - Sync 1 DAGs
[2026-07-16T02:43:41.864+0000] {logging_mixin.py:190} INFO - [2026-07-16T02:43:41.864+0000] {dag.py:4180} INFO - Setting next_dagrun for dag_extract_catalogs to 2026-07-16 01:00:00+00:00, run_after=2026-07-17 01:00:00+00:00
[2026-07-16T02:43:41.868+0000] {processor.py:208} INFO - Processing /opt/airflow/dags/dag_extract_catalogs.py took 0.030 seconds
[2026-07-16T02:44:18.402+0000] {processor.py:186} INFO - Started process (PID=54970) to work on /opt/airflow/dags/dag_extract_catalogs.py
[2026-07-16T02:44:18.402+0000] {processor.py:914} INFO - Processing file /opt/airflow/dags/dag_extract_catalogs.py for tasks to queue
[2026-07-16T02:44:18.403+0000] {logging_mixin.py:190} INFO - [2026-07-16T02:44:18.403+0000] {dagbag.py:588} INFO - Filling up the DagBag from /opt/airflow/dags/dag_extract_catalogs.py
[2026-07-16T02:44:18.408+0000] {processor.py:925} INFO - DAG(s) 'dag_extract_catalogs' retrieved from /opt/airflow/dags/dag_extract_catalogs.py
[2026-07-16T02:44:18.418+0000] {logging_mixin.py:190} INFO - [2026-07-16T02:44:18.418+0000] {dag.py:3239} INFO - Sync 1 DAGs
[2026-07-16T02:44:18.425+0000] {logging_mixin.py:190} INFO - [2026-07-16T02:44:18.425+0000] {dag.py:4180} INFO - Setting next_dagrun for dag_extract_catalogs to 2026-07-16 01:00:00+00:00, run_after=2026-07-17 01:00:00+00:00
[2026-07-16T02:44:18.429+0000] {processor.py:208} INFO - Processing /opt/airflow/dags/dag_extract_catalogs.py took 0.030 seconds
[2026-07-16T02:44:55.380+0000] {processor.py:186} INFO - Started process (PID=54990) to work on /opt/airflow/dags/dag_extract_catalogs.py
[2026-07-16T02:44:55.381+0000] {processor.py:914} INFO - Processing file /opt/airflow/dags/dag_extract_catalogs.py for tasks to queue
[2026-07-16T02:44:55.382+0000] {logging_mixin.py:190} INFO - [2026-07-16T02:44:55.381+0000] {dagbag.py:588} INFO - Filling up the DagBag from /opt/airflow/dags/dag_extract_catalogs.py
[2026-07-16T02:44:55.386+0000] {processor.py:925} INFO - DAG(s) 'dag_extract_catalogs' retrieved from /opt/airflow/dags/dag_extract_catalogs.py
[2026-07-16T02:44:55.396+0000] {logging_mixin.py:190} INFO - [2026-07-16T02:44:55.396+0000] {dag.py:3239} INFO - Sync 1 DAGs
[2026-07-16T02:44:55.403+0000] {logging_mixin.py:190} INFO - [2026-07-16T02:44:55.403+0000] {dag.py:4180} INFO - Setting next_dagrun for dag_extract_catalogs to 2026-07-16 01:00:00+00:00, run_after=2026-07-17 01:00:00+00:00
[2026-07-16T02:44:55.408+0000] {processor.py:208} INFO - Processing /opt/airflow/dags/dag_extract_catalogs.py took 0.030 seconds
[2026-07-16T02:45:25.878+0000] {processor.py:186} INFO - Started process (PID=55010) to work on /opt/airflow/dags/dag_extract_catalogs.py
[2026-07-16T02:45:25.878+0000] {processor.py:914} INFO - Processing file /opt/airflow/dags/dag_extract_catalogs.py for tasks to queue
[2026-07-16T02:45:25.879+0000] {logging_mixin.py:190} INFO - [2026-07-16T02:45:25.879+0000] {dagbag.py:588} INFO - Filling up the DagBag from /opt/airflow/dags/dag_extract_catalogs.py
[2026-07-16T02:45:25.884+0000] {processor.py:925} INFO - DAG(s) 'dag_extract_catalogs' retrieved from /opt/airflow/dags/dag_extract_catalogs.py
[2026-07-16T02:45:25.894+0000] {logging_mixin.py:190} INFO - [2026-07-16T02:45:25.894+0000] {dag.py:3239} INFO - Sync 1 DAGs
[2026-07-16T02:45:25.900+0000] {logging_mixin.py:190} INFO - [2026-07-16T02:45:25.900+0000] {dag.py:4180} INFO - Setting next_dagrun for dag_extract_catalogs to 2026-07-16 01:00:00+00:00, run_after=2026-07-17 01:00:00+00:00
[2026-07-16T02:45:25.905+0000] {processor.py:208} INFO - Processing /opt/airflow/dags/dag_extract_catalogs.py took 0.030 seconds
[2026-07-16T02:46:02.140+0000] {processor.py:186} INFO - Started process (PID=55030) to work on /opt/airflow/dags/dag_extract_catalogs.py
[2026-07-16T02:46:02.140+0000] {processor.py:914} INFO - Processing file /opt/airflow/dags/dag_extract_catalogs.py for tasks to queue
[2026-07-16T02:46:02.141+0000] {logging_mixin.py:190} INFO - [2026-07-16T02:46:02.141+0000] {dagbag.py:588} INFO - Filling up the DagBag from /opt/airflow/dags/dag_extract_catalogs.py
[2026-07-16T02:46:02.146+0000] {processor.py:925} INFO - DAG(s) 'dag_extract_catalogs' retrieved from /opt/airflow/dags/dag_extract_catalogs.py
[2026-07-16T02:46:02.155+0000] {logging_mixin.py:190} INFO - [2026-07-16T02:46:02.155+0000] {dag.py:3239} INFO - Sync 1 DAGs
[2026-07-16T02:46:02.163+0000] {logging_mixin.py:190} INFO - [2026-07-16T02:46:02.163+0000] {dag.py:4180} INFO - Setting next_dagrun for dag_extract_catalogs to 2026-07-16 01:00:00+00:00, run_after=2026-07-17 01:00:00+00:00
[2026-07-16T02:46:02.168+0000] {processor.py:208} INFO - Processing /opt/airflow/dags/dag_extract_catalogs.py took 0.030 seconds
[2026-07-16T02:46:32.593+0000] {processor.py:186} INFO - Started process (PID=55050) to work on /opt/airflow/dags/dag_extract_catalogs.py
[2026-07-16T02:46:32.593+0000] {processor.py:914} INFO - Processing file /opt/airflow/dags/dag_extract_catalogs.py for tasks to queue
[2026-07-16T02:46:32.594+0000] {logging_mixin.py:190} INFO - [2026-07-16T02:46:32.594+0000] {dagbag.py:588} INFO - Filling up the DagBag from /opt/airflow/dags/dag_extract_catalogs.py
[2026-07-16T02:46:32.599+0000] {processor.py:925} INFO - DAG(s) 'dag_extract_catalogs' retrieved from /opt/airflow/dags/dag_extract_catalogs.py
[2026-07-16T02:46:32.608+0000] {logging_mixin.py:190} INFO - [2026-07-16T02:46:32.608+0000] {dag.py:3239} INFO - Sync 1 DAGs
[2026-07-16T02:46:32.615+0000] {logging_mixin.py:190} INFO - [2026-07-16T02:46:32.615+0000] {dag.py:4180} INFO - Setting next_dagrun for dag_extract_catalogs to 2026-07-16 01:00:00+00:00, run_after=2026-07-17 01:00:00+00:00
[2026-07-16T02:46:32.620+0000] {processor.py:208} INFO - Processing /opt/airflow/dags/dag_extract_catalogs.py took 0.030 seconds
[2026-07-16T02:47:10.113+0000] {processor.py:186} INFO - Started process (PID=55068) to work on /opt/airflow/dags/dag_extract_catalogs.py
[2026-07-16T02:47:10.114+0000] {processor.py:914} INFO - Processing file /opt/airflow/dags/dag_extract_catalogs.py for tasks to queue
[2026-07-16T02:47:10.115+0000] {logging_mixin.py:190} INFO - [2026-07-16T02:47:10.115+0000] {dagbag.py:588} INFO - Filling up the DagBag from /opt/airflow/dags/dag_extract_catalogs.py
[2026-07-16T02:47:10.123+0000] {processor.py:925} INFO - DAG(s) 'dag_extract_catalogs' retrieved from /opt/airflow/dags/dag_extract_catalogs.py
[2026-07-16T02:47:10.137+0000] {logging_mixin.py:190} INFO - [2026-07-16T02:47:10.137+0000] {dag.py:3239} INFO - Sync 1 DAGs
[2026-07-16T02:47:10.145+0000] {logging_mixin.py:190} INFO - [2026-07-16T02:47:10.145+0000] {dag.py:4180} INFO - Setting next_dagrun for dag_extract_catalogs to 2026-07-16 01:00:00+00:00, run_after=2026-07-17 01:00:00+00:00
[2026-07-16T02:47:10.151+0000] {processor.py:208} INFO - Processing /opt/airflow/dags/dag_extract_catalogs.py took 0.040 seconds
[2026-07-16T02:47:46.866+0000] {processor.py:186} INFO - Started process (PID=55090) to work on /opt/airflow/dags/dag_extract_catalogs.py
[2026-07-16T02:47:46.866+0000] {processor.py:914} INFO - Processing file /opt/airflow/dags/dag_extract_catalogs.py for tasks to queue
[2026-07-16T02:47:46.867+0000] {logging_mixin.py:190} INFO - [2026-07-16T02:47:46.867+0000] {dagbag.py:588} INFO - Filling up the DagBag from /opt/airflow/dags/dag_extract_catalogs.py
[2026-07-16T02:47:46.872+0000] {processor.py:925} INFO - DAG(s) 'dag_extract_catalogs' retrieved from /opt/airflow/dags/dag_extract_catalogs.py
[2026-07-16T02:47:46.882+0000] {logging_mixin.py:190} INFO - [2026-07-16T02:47:46.882+0000] {dag.py:3239} INFO - Sync 1 DAGs
[2026-07-16T02:47:46.889+0000] {logging_mixin.py:190} INFO - [2026-07-16T02:47:46.889+0000] {dag.py:4180} INFO - Setting next_dagrun for dag_extract_catalogs to 2026-07-16 01:00:00+00:00, run_after=2026-07-17 01:00:00+00:00
[2026-07-16T02:47:46.894+0000] {processor.py:208} INFO - Processing /opt/airflow/dags/dag_extract_catalogs.py took 0.030 seconds
[2026-07-16T02:48:17.320+0000] {processor.py:186} INFO - Started process (PID=55110) to work on /opt/airflow/dags/dag_extract_catalogs.py
[2026-07-16T02:48:17.321+0000] {processor.py:914} INFO - Processing file /opt/airflow/dags/dag_extract_catalogs.py for tasks to queue
[2026-07-16T02:48:17.322+0000] {logging_mixin.py:190} INFO - [2026-07-16T02:48:17.322+0000] {dagbag.py:588} INFO - Filling up the DagBag from /opt/airflow/dags/dag_extract_catalogs.py
[2026-07-16T02:48:17.326+0000] {processor.py:925} INFO - DAG(s) 'dag_extract_catalogs' retrieved from /opt/airflow/dags/dag_extract_catalogs.py
[2026-07-16T02:48:17.336+0000] {logging_mixin.py:190} INFO - [2026-07-16T02:48:17.336+0000] {dag.py:3239} INFO - Sync 1 DAGs
[2026-07-16T02:48:17.343+0000] {logging_mixin.py:190} INFO - [2026-07-16T02:48:17.343+0000] {dag.py:4180} INFO - Setting next_dagrun for dag_extract_catalogs to 2026-07-16 01:00:00+00:00, run_after=2026-07-17 01:00:00+00:00
[2026-07-16T02:48:17.348+0000] {processor.py:208} INFO - Processing /opt/airflow/dags/dag_extract_catalogs.py took 0.030 seconds
[2026-07-16T02:48:53.730+0000] {processor.py:186} INFO - Started process (PID=55128) to work on /opt/airflow/dags/dag_extract_catalogs.py
[2026-07-16T02:48:53.731+0000] {processor.py:914} INFO - Processing file /opt/airflow/dags/dag_extract_catalogs.py for tasks to queue
[2026-07-16T02:48:53.732+0000] {logging_mixin.py:190} INFO - [2026-07-16T02:48:53.732+0000] {dagbag.py:588} INFO - Filling up the DagBag from /opt/airflow/dags/dag_extract_catalogs.py
[2026-07-16T02:48:53.738+0000] {processor.py:925} INFO - DAG(s) 'dag_extract_catalogs' retrieved from /opt/airflow/dags/dag_extract_catalogs.py
[2026-07-16T02:48:53.751+0000] {logging_mixin.py:190} INFO - [2026-07-16T02:48:53.751+0000] {dag.py:3239} INFO - Sync 1 DAGs
[2026-07-16T02:48:53.759+0000] {logging_mixin.py:190} INFO - [2026-07-16T02:48:53.759+0000] {dag.py:4180} INFO - Setting next_dagrun for dag_extract_catalogs to 2026-07-16 01:00:00+00:00, run_after=2026-07-17 01:00:00+00:00
[2026-07-16T02:48:53.765+0000] {processor.py:208} INFO - Processing /opt/airflow/dags/dag_extract_catalogs.py took 0.037 seconds
[2026-07-16T02:49:31.558+0000] {processor.py:186} INFO - Started process (PID=55148) to work on /opt/airflow/dags/dag_extract_catalogs.py
[2026-07-16T02:49:31.559+0000] {processor.py:914} INFO - Processing file /opt/airflow/dags/dag_extract_catalogs.py for tasks to queue
[2026-07-16T02:49:31.560+0000] {logging_mixin.py:190} INFO - [2026-07-16T02:49:31.560+0000] {dagbag.py:588} INFO - Filling up the DagBag from /opt/airflow/dags/dag_extract_catalogs.py
[2026-07-16T02:49:31.567+0000] {processor.py:925} INFO - DAG(s) 'dag_extract_catalogs' retrieved from /opt/airflow/dags/dag_extract_catalogs.py
[2026-07-16T02:49:31.578+0000] {logging_mixin.py:190} INFO - [2026-07-16T02:49:31.578+0000] {dag.py:3239} INFO - Sync 1 DAGs
[2026-07-16T02:49:31.586+0000] {logging_mixin.py:190} INFO - [2026-07-16T02:49:31.586+0000] {dag.py:4180} INFO - Setting next_dagrun for dag_extract_catalogs to 2026-07-16 01:00:00+00:00, run_after=2026-07-17 01:00:00+00:00
[2026-07-16T02:49:31.594+0000] {processor.py:208} INFO - Processing /opt/airflow/dags/dag_extract_catalogs.py took 0.039 seconds
[2026-07-16T02:50:02.049+0000] {processor.py:186} INFO - Started process (PID=55170) to work on /opt/airflow/dags/dag_extract_catalogs.py
[2026-07-16T02:50:02.049+0000] {processor.py:914} INFO - Processing file /opt/airflow/dags/dag_extract_catalogs.py for tasks to queue
[2026-07-16T02:50:02.050+0000] {logging_mixin.py:190} INFO - [2026-07-16T02:50:02.050+0000] {dagbag.py:588} INFO - Filling up the DagBag from /opt/airflow/dags/dag_extract_catalogs.py
[2026-07-16T02:50:02.055+0000] {processor.py:925} INFO - DAG(s) 'dag_extract_catalogs' retrieved from /opt/airflow/dags/dag_extract_catalogs.py
[2026-07-16T02:50:02.064+0000] {logging_mixin.py:190} INFO - [2026-07-16T02:50:02.064+0000] {dag.py:3239} INFO - Sync 1 DAGs
[2026-07-16T02:50:02.071+0000] {logging_mixin.py:190} INFO - [2026-07-16T02:50:02.071+0000] {dag.py:4180} INFO - Setting next_dagrun for dag_extract_catalogs to 2026-07-16 01:00:00+00:00, run_after=2026-07-17 01:00:00+00:00
[2026-07-16T02:50:02.076+0000] {processor.py:208} INFO - Processing /opt/airflow/dags/dag_extract_catalogs.py took 0.030 seconds
[2026-07-16T02:50:38.295+0000] {processor.py:186} INFO - Started process (PID=55190) to work on /opt/airflow/dags/dag_extract_catalogs.py
[2026-07-16T02:50:38.295+0000] {processor.py:914} INFO - Processing file /opt/airflow/dags/dag_extract_catalogs.py for tasks to queue
[2026-07-16T02:50:38.298+0000] {logging_mixin.py:190} INFO - [2026-07-16T02:50:38.297+0000] {dagbag.py:588} INFO - Filling up the DagBag from /opt/airflow/dags/dag_extract_catalogs.py
[2026-07-16T02:50:38.303+0000] {processor.py:925} INFO - DAG(s) 'dag_extract_catalogs' retrieved from /opt/airflow/dags/dag_extract_catalogs.py
[2026-07-16T02:50:38.316+0000] {logging_mixin.py:190} INFO - [2026-07-16T02:50:38.316+0000] {dag.py:3239} INFO - Sync 1 DAGs
[2026-07-16T02:50:38.325+0000] {logging_mixin.py:190} INFO - [2026-07-16T02:50:38.325+0000] {dag.py:4180} INFO - Setting next_dagrun for dag_extract_catalogs to 2026-07-16 01:00:00+00:00, run_after=2026-07-17 01:00:00+00:00
[2026-07-16T02:50:38.331+0000] {processor.py:208} INFO - Processing /opt/airflow/dags/dag_extract_catalogs.py took 0.039 seconds
[2026-07-16T02:51:14.504+0000] {processor.py:186} INFO - Started process (PID=55210) to work on /opt/airflow/dags/dag_extract_catalogs.py
[2026-07-16T02:51:14.505+0000] {processor.py:914} INFO - Processing file /opt/airflow/dags/dag_extract_catalogs.py for tasks to queue
[2026-07-16T02:51:14.505+0000] {logging_mixin.py:190} INFO - [2026-07-16T02:51:14.505+0000] {dagbag.py:588} INFO - Filling up the DagBag from /opt/airflow/dags/dag_extract_catalogs.py
[2026-07-16T02:51:14.510+0000] {processor.py:925} INFO - DAG(s) 'dag_extract_catalogs' retrieved from /opt/airflow/dags/dag_extract_catalogs.py
[2026-07-16T02:51:14.520+0000] {logging_mixin.py:190} INFO - [2026-07-16T02:51:14.520+0000] {dag.py:3239} INFO - Sync 1 DAGs
[2026-07-16T02:51:14.527+0000] {logging_mixin.py:190} INFO - [2026-07-16T02:51:14.527+0000] {dag.py:4180} INFO - Setting next_dagrun for dag_extract_catalogs to 2026-07-16 01:00:00+00:00, run_after=2026-07-17 01:00:00+00:00
[2026-07-16T02:51:14.532+0000] {processor.py:208} INFO - Processing /opt/airflow/dags/dag_extract_catalogs.py took 0.030 seconds
[2026-07-16T02:51:45.023+0000] {processor.py:186} INFO - Started process (PID=55230) to work on /opt/airflow/dags/dag_extract_catalogs.py
[2026-07-16T02:51:45.024+0000] {processor.py:914} INFO - Processing file /opt/airflow/dags/dag_extract_catalogs.py for tasks to queue
[2026-07-16T02:51:45.024+0000] {logging_mixin.py:190} INFO - [2026-07-16T02:51:45.024+0000] {dagbag.py:588} INFO - Filling up the DagBag from /opt/airflow/dags/dag_extract_catalogs.py
[2026-07-16T02:51:45.029+0000] {processor.py:925} INFO - DAG(s) 'dag_extract_catalogs' retrieved from /opt/airflow/dags/dag_extract_catalogs.py
[2026-07-16T02:51:45.039+0000] {logging_mixin.py:190} INFO - [2026-07-16T02:51:45.039+0000] {dag.py:3239} INFO - Sync 1 DAGs
[2026-07-16T02:51:45.046+0000] {logging_mixin.py:190} INFO - [2026-07-16T02:51:45.046+0000] {dag.py:4180} INFO - Setting next_dagrun for dag_extract_catalogs to 2026-07-16 01:00:00+00:00, run_after=2026-07-17 01:00:00+00:00
[2026-07-16T02:51:45.051+0000] {processor.py:208} INFO - Processing /opt/airflow/dags/dag_extract_catalogs.py took 0.030 seconds
[2026-07-16T02:52:21.796+0000] {processor.py:186} INFO - Started process (PID=55248) to work on /opt/airflow/dags/dag_extract_catalogs.py
[2026-07-16T02:52:21.797+0000] {processor.py:914} INFO - Processing file /opt/airflow/dags/dag_extract_catalogs.py for tasks to queue
[2026-07-16T02:52:21.798+0000] {logging_mixin.py:190} INFO - [2026-07-16T02:52:21.798+0000] {dagbag.py:588} INFO - Filling up the DagBag from /opt/airflow/dags/dag_extract_catalogs.py
[2026-07-16T02:52:21.803+0000] {processor.py:925} INFO - DAG(s) 'dag_extract_catalogs' retrieved from /opt/airflow/dags/dag_extract_catalogs.py
[2026-07-16T02:52:21.814+0000] {logging_mixin.py:190} INFO - [2026-07-16T02:52:21.814+0000] {dag.py:3239} INFO - Sync 1 DAGs
[2026-07-16T02:52:21.821+0000] {logging_mixin.py:190} INFO - [2026-07-16T02:52:21.821+0000] {dag.py:4180} INFO - Setting next_dagrun for dag_extract_catalogs to 2026-07-16 01:00:00+00:00, run_after=2026-07-17 01:00:00+00:00
[2026-07-16T02:52:21.828+0000] {processor.py:208} INFO - Processing /opt/airflow/dags/dag_extract_catalogs.py took 0.034 seconds
[2026-07-16T02:52:52.482+0000] {processor.py:186} INFO - Started process (PID=55268) to work on /opt/airflow/dags/dag_extract_catalogs.py
[2026-07-16T02:52:52.483+0000] {processor.py:914} INFO - Processing file /opt/airflow/dags/dag_extract_catalogs.py for tasks to queue
[2026-07-16T02:52:52.487+0000] {logging_mixin.py:190} INFO - [2026-07-16T02:52:52.484+0000] {dagbag.py:588} INFO - Filling up the DagBag from /opt/airflow/dags/dag_extract_catalogs.py
[2026-07-16T02:52:52.492+0000] {processor.py:925} INFO - DAG(s) 'dag_extract_catalogs' retrieved from /opt/airflow/dags/dag_extract_catalogs.py
[2026-07-16T02:52:52.507+0000] {logging_mixin.py:190} INFO - [2026-07-16T02:52:52.507+0000] {dag.py:3239} INFO - Sync 1 DAGs
[2026-07-16T02:52:52.520+0000] {logging_mixin.py:190} INFO - [2026-07-16T02:52:52.520+0000] {dag.py:4180} INFO - Setting next_dagrun for dag_extract_catalogs to 2026-07-16 01:00:00+00:00, run_after=2026-07-17 01:00:00+00:00
[2026-07-16T02:52:52.531+0000] {processor.py:208} INFO - Processing /opt/airflow/dags/dag_extract_catalogs.py took 0.052 seconds
[2026-07-16T02:53:28.716+0000] {processor.py:186} INFO - Started process (PID=55290) to work on /opt/airflow/dags/dag_extract_catalogs.py
[2026-07-16T02:53:28.717+0000] {processor.py:914} INFO - Processing file /opt/airflow/dags/dag_extract_catalogs.py for tasks to queue
[2026-07-16T02:53:28.718+0000] {logging_mixin.py:190} INFO - [2026-07-16T02:53:28.717+0000] {dagbag.py:588} INFO - Filling up the DagBag from /opt/airflow/dags/dag_extract_catalogs.py
[2026-07-16T02:53:28.722+0000] {processor.py:925} INFO - DAG(s) 'dag_extract_catalogs' retrieved from /opt/airflow/dags/dag_extract_catalogs.py
[2026-07-16T02:53:28.732+0000] {logging_mixin.py:190} INFO - [2026-07-16T02:53:28.732+0000] {dag.py:3239} INFO - Sync 1 DAGs
[2026-07-16T02:53:28.739+0000] {logging_mixin.py:190} INFO - [2026-07-16T02:53:28.739+0000] {dag.py:4180} INFO - Setting next_dagrun for dag_extract_catalogs to 2026-07-16 01:00:00+00:00, run_after=2026-07-17 01:00:00+00:00
[2026-07-16T02:53:28.744+0000] {processor.py:208} INFO - Processing /opt/airflow/dags/dag_extract_catalogs.py took 0.030 seconds
[2026-07-16T02:54:06.275+0000] {processor.py:186} INFO - Started process (PID=55308) to work on /opt/airflow/dags/dag_extract_catalogs.py
[2026-07-16T02:54:06.276+0000] {processor.py:914} INFO - Processing file /opt/airflow/dags/dag_extract_catalogs.py for tasks to queue
[2026-07-16T02:54:06.276+0000] {logging_mixin.py:190} INFO - [2026-07-16T02:54:06.276+0000] {dagbag.py:588} INFO - Filling up the DagBag from /opt/airflow/dags/dag_extract_catalogs.py
[2026-07-16T02:54:06.281+0000] {processor.py:925} INFO - DAG(s) 'dag_extract_catalogs' retrieved from /opt/airflow/dags/dag_extract_catalogs.py
[2026-07-16T02:54:06.291+0000] {logging_mixin.py:190} INFO - [2026-07-16T02:54:06.291+0000] {dag.py:3239} INFO - Sync 1 DAGs
[2026-07-16T02:54:06.299+0000] {logging_mixin.py:190} INFO - [2026-07-16T02:54:06.299+0000] {dag.py:4180} INFO - Setting next_dagrun for dag_extract_catalogs to 2026-07-16 01:00:00+00:00, run_after=2026-07-17 01:00:00+00:00
[2026-07-16T02:54:06.306+0000] {processor.py:208} INFO - Processing /opt/airflow/dags/dag_extract_catalogs.py took 0.034 seconds
[2026-07-16T02:54:36.767+0000] {processor.py:186} INFO - Started process (PID=55330) to work on /opt/airflow/dags/dag_extract_catalogs.py
[2026-07-16T02:54:36.768+0000] {processor.py:914} INFO - Processing file /opt/airflow/dags/dag_extract_catalogs.py for tasks to queue
[2026-07-16T02:54:36.769+0000] {logging_mixin.py:190} INFO - [2026-07-16T02:54:36.768+0000] {dagbag.py:588} INFO - Filling up the DagBag from /opt/airflow/dags/dag_extract_catalogs.py
[2026-07-16T02:54:36.773+0000] {processor.py:925} INFO - DAG(s) 'dag_extract_catalogs' retrieved from /opt/airflow/dags/dag_extract_catalogs.py
[2026-07-16T02:54:36.783+0000] {logging_mixin.py:190} INFO - [2026-07-16T02:54:36.783+0000] {dag.py:3239} INFO - Sync 1 DAGs
[2026-07-16T02:54:36.790+0000] {logging_mixin.py:190} INFO - [2026-07-16T02:54:36.790+0000] {dag.py:4180} INFO - Setting next_dagrun for dag_extract_catalogs to 2026-07-16 01:00:00+00:00, run_after=2026-07-17 01:00:00+00:00
[2026-07-16T02:54:36.795+0000] {processor.py:208} INFO - Processing /opt/airflow/dags/dag_extract_catalogs.py took 0.030 seconds
[2026-07-16T02:55:11.110+0000] {processor.py:186} INFO - Started process (PID=55348) to work on /opt/airflow/dags/dag_extract_catalogs.py
[2026-07-16T02:55:11.111+0000] {processor.py:914} INFO - Processing file /opt/airflow/dags/dag_extract_catalogs.py for tasks to queue
[2026-07-16T02:55:11.113+0000] {logging_mixin.py:190} INFO - [2026-07-16T02:55:11.112+0000] {dagbag.py:588} INFO - Filling up the DagBag from /opt/airflow/dags/dag_extract_catalogs.py
[2026-07-16T02:55:11.119+0000] {processor.py:925} INFO - DAG(s) 'dag_extract_catalogs' retrieved from /opt/airflow/dags/dag_extract_catalogs.py
[2026-07-16T02:55:11.135+0000] {logging_mixin.py:190} INFO - [2026-07-16T02:55:11.135+0000] {dag.py:3239} INFO - Sync 1 DAGs
[2026-07-16T02:55:11.143+0000] {logging_mixin.py:190} INFO - [2026-07-16T02:55:11.143+0000] {dag.py:4180} INFO - Setting next_dagrun for dag_extract_catalogs to 2026-07-16 01:00:00+00:00, run_after=2026-07-17 01:00:00+00:00
[2026-07-16T02:55:11.148+0000] {processor.py:208} INFO - Processing /opt/airflow/dags/dag_extract_catalogs.py took 0.040 seconds
[2026-07-16T02:55:47.800+0000] {processor.py:186} INFO - Started process (PID=55370) to work on /opt/airflow/dags/dag_extract_catalogs.py
[2026-07-16T02:55:47.801+0000] {processor.py:914} INFO - Processing file /opt/airflow/dags/dag_extract_catalogs.py for tasks to queue
[2026-07-16T02:55:47.802+0000] {logging_mixin.py:190} INFO - [2026-07-16T02:55:47.802+0000] {dagbag.py:588} INFO - Filling up the DagBag from /opt/airflow/dags/dag_extract_catalogs.py
[2026-07-16T02:55:47.806+0000] {processor.py:925} INFO - DAG(s) 'dag_extract_catalogs' retrieved from /opt/airflow/dags/dag_extract_catalogs.py
[2026-07-16T02:55:47.817+0000] {logging_mixin.py:190} INFO - [2026-07-16T02:55:47.817+0000] {dag.py:3239} INFO - Sync 1 DAGs
[2026-07-16T02:55:47.824+0000] {logging_mixin.py:190} INFO - [2026-07-16T02:55:47.823+0000] {dag.py:4180} INFO - Setting next_dagrun for dag_extract_catalogs to 2026-07-16 01:00:00+00:00, run_after=2026-07-17 01:00:00+00:00
[2026-07-16T02:55:47.828+0000] {processor.py:208} INFO - Processing /opt/airflow/dags/dag_extract_catalogs.py took 0.030 seconds
[2026-07-16T02:56:18.351+0000] {processor.py:186} INFO - Started process (PID=55390) to work on /opt/airflow/dags/dag_extract_catalogs.py
[2026-07-16T02:56:18.351+0000] {processor.py:914} INFO - Processing file /opt/airflow/dags/dag_extract_catalogs.py for tasks to queue
[2026-07-16T02:56:18.352+0000] {logging_mixin.py:190} INFO - [2026-07-16T02:56:18.352+0000] {dagbag.py:588} INFO - Filling up the DagBag from /opt/airflow/dags/dag_extract_catalogs.py
[2026-07-16T02:56:18.357+0000] {processor.py:925} INFO - DAG(s) 'dag_extract_catalogs' retrieved from /opt/airflow/dags/dag_extract_catalogs.py
[2026-07-16T02:56:18.367+0000] {logging_mixin.py:190} INFO - [2026-07-16T02:56:18.367+0000] {dag.py:3239} INFO - Sync 1 DAGs
[2026-07-16T02:56:18.374+0000] {logging_mixin.py:190} INFO - [2026-07-16T02:56:18.374+0000] {dag.py:4180} INFO - Setting next_dagrun for dag_extract_catalogs to 2026-07-16 01:00:00+00:00, run_after=2026-07-17 01:00:00+00:00
[2026-07-16T02:56:18.379+0000] {processor.py:208} INFO - Processing /opt/airflow/dags/dag_extract_catalogs.py took 0.030 seconds
[2026-07-16T02:56:55.204+0000] {processor.py:186} INFO - Started process (PID=55410) to work on /opt/airflow/dags/dag_extract_catalogs.py
[2026-07-16T02:56:55.204+0000] {processor.py:914} INFO - Processing file /opt/airflow/dags/dag_extract_catalogs.py for tasks to queue
[2026-07-16T02:56:55.205+0000] {logging_mixin.py:190} INFO - [2026-07-16T02:56:55.205+0000] {dagbag.py:588} INFO - Filling up the DagBag from /opt/airflow/dags/dag_extract_catalogs.py
[2026-07-16T02:56:55.209+0000] {processor.py:925} INFO - DAG(s) 'dag_extract_catalogs' retrieved from /opt/airflow/dags/dag_extract_catalogs.py
[2026-07-16T02:56:55.219+0000] {logging_mixin.py:190} INFO - [2026-07-16T02:56:55.218+0000] {dag.py:3239} INFO - Sync 1 DAGs
[2026-07-16T02:56:55.225+0000] {logging_mixin.py:190} INFO - [2026-07-16T02:56:55.225+0000] {dag.py:4180} INFO - Setting next_dagrun for dag_extract_catalogs to 2026-07-16 01:00:00+00:00, run_after=2026-07-17 01:00:00+00:00
[2026-07-16T02:56:55.230+0000] {processor.py:208} INFO - Processing /opt/airflow/dags/dag_extract_catalogs.py took 0.029 seconds
[2026-07-16T02:57:32.280+0000] {processor.py:186} INFO - Started process (PID=55428) to work on /opt/airflow/dags/dag_extract_catalogs.py
[2026-07-16T02:57:32.280+0000] {processor.py:914} INFO - Processing file /opt/airflow/dags/dag_extract_catalogs.py for tasks to queue
[2026-07-16T02:57:32.282+0000] {logging_mixin.py:190} INFO - [2026-07-16T02:57:32.281+0000] {dagbag.py:588} INFO - Filling up the DagBag from /opt/airflow/dags/dag_extract_catalogs.py
[2026-07-16T02:57:32.289+0000] {processor.py:925} INFO - DAG(s) 'dag_extract_catalogs' retrieved from /opt/airflow/dags/dag_extract_catalogs.py
[2026-07-16T02:57:32.303+0000] {logging_mixin.py:190} INFO - [2026-07-16T02:57:32.302+0000] {dag.py:3239} INFO - Sync 1 DAGs
[2026-07-16T02:57:32.311+0000] {logging_mixin.py:190} INFO - [2026-07-16T02:57:32.310+0000] {dag.py:4180} INFO - Setting next_dagrun for dag_extract_catalogs to 2026-07-16 01:00:00+00:00, run_after=2026-07-17 01:00:00+00:00
[2026-07-16T02:57:32.316+0000] {processor.py:208} INFO - Processing /opt/airflow/dags/dag_extract_catalogs.py took 0.039 seconds
[2026-07-16T02:58:02.812+0000] {processor.py:186} INFO - Started process (PID=55450) to work on /opt/airflow/dags/dag_extract_catalogs.py
[2026-07-16T02:58:02.812+0000] {processor.py:914} INFO - Processing file /opt/airflow/dags/dag_extract_catalogs.py for tasks to queue
[2026-07-16T02:58:02.813+0000] {logging_mixin.py:190} INFO - [2026-07-16T02:58:02.813+0000] {dagbag.py:588} INFO - Filling up the DagBag from /opt/airflow/dags/dag_extract_catalogs.py
[2026-07-16T02:58:02.818+0000] {processor.py:925} INFO - DAG(s) 'dag_extract_catalogs' retrieved from /opt/airflow/dags/dag_extract_catalogs.py
[2026-07-16T02:58:02.827+0000] {logging_mixin.py:190} INFO - [2026-07-16T02:58:02.827+0000] {dag.py:3239} INFO - Sync 1 DAGs
[2026-07-16T02:58:02.835+0000] {logging_mixin.py:190} INFO - [2026-07-16T02:58:02.835+0000] {dag.py:4180} INFO - Setting next_dagrun for dag_extract_catalogs to 2026-07-16 01:00:00+00:00, run_after=2026-07-17 01:00:00+00:00
[2026-07-16T02:58:02.839+0000] {processor.py:208} INFO - Processing /opt/airflow/dags/dag_extract_catalogs.py took 0.030 seconds
[2026-07-16T02:58:39.475+0000] {processor.py:186} INFO - Started process (PID=55470) to work on /opt/airflow/dags/dag_extract_catalogs.py
[2026-07-16T02:58:39.476+0000] {processor.py:914} INFO - Processing file /opt/airflow/dags/dag_extract_catalogs.py for tasks to queue
[2026-07-16T02:58:39.476+0000] {logging_mixin.py:190} INFO - [2026-07-16T02:58:39.476+0000] {dagbag.py:588} INFO - Filling up the DagBag from /opt/airflow/dags/dag_extract_catalogs.py
[2026-07-16T02:58:39.481+0000] {processor.py:925} INFO - DAG(s) 'dag_extract_catalogs' retrieved from /opt/airflow/dags/dag_extract_catalogs.py
[2026-07-16T02:58:39.491+0000] {logging_mixin.py:190} INFO - [2026-07-16T02:58:39.491+0000] {dag.py:3239} INFO - Sync 1 DAGs
[2026-07-16T02:58:39.497+0000] {logging_mixin.py:190} INFO - [2026-07-16T02:58:39.497+0000] {dag.py:4180} INFO - Setting next_dagrun for dag_extract_catalogs to 2026-07-16 01:00:00+00:00, run_after=2026-07-17 01:00:00+00:00
[2026-07-16T02:58:39.502+0000] {processor.py:208} INFO - Processing /opt/airflow/dags/dag_extract_catalogs.py took 0.029 seconds
[2026-07-16T02:59:16.959+0000] {processor.py:186} INFO - Started process (PID=55490) to work on /opt/airflow/dags/dag_extract_catalogs.py
[2026-07-16T02:59:16.960+0000] {processor.py:914} INFO - Processing file /opt/airflow/dags/dag_extract_catalogs.py for tasks to queue
[2026-07-16T02:59:16.961+0000] {logging_mixin.py:190} INFO - [2026-07-16T02:59:16.961+0000] {dagbag.py:588} INFO - Filling up the DagBag from /opt/airflow/dags/dag_extract_catalogs.py
[2026-07-16T02:59:16.965+0000] {processor.py:925} INFO - DAG(s) 'dag_extract_catalogs' retrieved from /opt/airflow/dags/dag_extract_catalogs.py
[2026-07-16T02:59:16.975+0000] {logging_mixin.py:190} INFO - [2026-07-16T02:59:16.975+0000] {dag.py:3239} INFO - Sync 1 DAGs
[2026-07-16T02:59:16.982+0000] {logging_mixin.py:190} INFO - [2026-07-16T02:59:16.982+0000] {dag.py:4180} INFO - Setting next_dagrun for dag_extract_catalogs to 2026-07-16 01:00:00+00:00, run_after=2026-07-17 01:00:00+00:00
[2026-07-16T02:59:16.987+0000] {processor.py:208} INFO - Processing /opt/airflow/dags/dag_extract_catalogs.py took 0.030 seconds
[2026-07-16T02:59:47.407+0000] {processor.py:186} INFO - Started process (PID=55508) to work on /opt/airflow/dags/dag_extract_catalogs.py
[2026-07-16T02:59:47.409+0000] {processor.py:914} INFO - Processing file /opt/airflow/dags/dag_extract_catalogs.py for tasks to queue
[2026-07-16T02:59:47.410+0000] {logging_mixin.py:190} INFO - [2026-07-16T02:59:47.410+0000] {dagbag.py:588} INFO - Filling up the DagBag from /opt/airflow/dags/dag_extract_catalogs.py
[2026-07-16T02:59:47.419+0000] {processor.py:925} INFO - DAG(s) 'dag_extract_catalogs' retrieved from /opt/airflow/dags/dag_extract_catalogs.py
[2026-07-16T02:59:47.431+0000] {logging_mixin.py:190} INFO - [2026-07-16T02:59:47.431+0000] {dag.py:3239} INFO - Sync 1 DAGs
[2026-07-16T02:59:47.439+0000] {logging_mixin.py:190} INFO - [2026-07-16T02:59:47.439+0000] {dag.py:4180} INFO - Setting next_dagrun for dag_extract_catalogs to 2026-07-16 01:00:00+00:00, run_after=2026-07-17 01:00:00+00:00
[2026-07-16T02:59:47.444+0000] {processor.py:208} INFO - Processing /opt/airflow/dags/dag_extract_catalogs.py took 0.039 seconds
[2026-07-16T03:00:24.079+0000] {processor.py:186} INFO - Started process (PID=55530) to work on /opt/airflow/dags/dag_extract_catalogs.py
[2026-07-16T03:00:24.079+0000] {processor.py:914} INFO - Processing file /opt/airflow/dags/dag_extract_catalogs.py for tasks to queue
[2026-07-16T03:00:24.080+0000] {logging_mixin.py:190} INFO - [2026-07-16T03:00:24.080+0000] {dagbag.py:588} INFO - Filling up the DagBag from /opt/airflow/dags/dag_extract_catalogs.py
[2026-07-16T03:00:24.084+0000] {processor.py:925} INFO - DAG(s) 'dag_extract_catalogs' retrieved from /opt/airflow/dags/dag_extract_catalogs.py
[2026-07-16T03:00:24.094+0000] {logging_mixin.py:190} INFO - [2026-07-16T03:00:24.094+0000] {dag.py:3239} INFO - Sync 1 DAGs
[2026-07-16T03:00:24.101+0000] {logging_mixin.py:190} INFO - [2026-07-16T03:00:24.101+0000] {dag.py:4180} INFO - Setting next_dagrun for dag_extract_catalogs to 2026-07-16 01:00:00+00:00, run_after=2026-07-17 01:00:00+00:00
[2026-07-16T03:00:24.106+0000] {processor.py:208} INFO - Processing /opt/airflow/dags/dag_extract_catalogs.py took 0.029 seconds
[2026-07-16T03:00:54.541+0000] {processor.py:186} INFO - Started process (PID=55550) to work on /opt/airflow/dags/dag_extract_catalogs.py
[2026-07-16T03:00:54.541+0000] {processor.py:914} INFO - Processing file /opt/airflow/dags/dag_extract_catalogs.py for tasks to queue
[2026-07-16T03:00:54.542+0000] {logging_mixin.py:190} INFO - [2026-07-16T03:00:54.542+0000] {dagbag.py:588} INFO - Filling up the DagBag from /opt/airflow/dags/dag_extract_catalogs.py
[2026-07-16T03:00:54.547+0000] {processor.py:925} INFO - DAG(s) 'dag_extract_catalogs' retrieved from /opt/airflow/dags/dag_extract_catalogs.py
[2026-07-16T03:00:54.557+0000] {logging_mixin.py:190} INFO - [2026-07-16T03:00:54.557+0000] {dag.py:3239} INFO - Sync 1 DAGs
[2026-07-16T03:00:54.564+0000] {logging_mixin.py:190} INFO - [2026-07-16T03:00:54.564+0000] {dag.py:4180} INFO - Setting next_dagrun for dag_extract_catalogs to 2026-07-16 01:00:00+00:00, run_after=2026-07-17 01:00:00+00:00
[2026-07-16T03:00:54.568+0000] {processor.py:208} INFO - Processing /opt/airflow/dags/dag_extract_catalogs.py took 0.030 seconds
[2026-07-16T03:01:35.361+0000] {processor.py:186} INFO - Started process (PID=55570) to work on /opt/airflow/dags/dag_extract_catalogs.py
[2026-07-16T03:01:35.362+0000] {processor.py:914} INFO - Processing file /opt/airflow/dags/dag_extract_catalogs.py for tasks to queue
[2026-07-16T03:01:35.362+0000] {logging_mixin.py:190} INFO - [2026-07-16T03:01:35.362+0000] {dagbag.py:588} INFO - Filling up the DagBag from /opt/airflow/dags/dag_extract_catalogs.py
[2026-07-16T03:01:35.367+0000] {processor.py:925} INFO - DAG(s) 'dag_extract_catalogs' retrieved from /opt/airflow/dags/dag_extract_catalogs.py
[2026-07-16T03:01:35.377+0000] {logging_mixin.py:190} INFO - [2026-07-16T03:01:35.377+0000] {dag.py:3239} INFO - Sync 1 DAGs
[2026-07-16T03:01:35.384+0000] {logging_mixin.py:190} INFO - [2026-07-16T03:01:35.384+0000] {dag.py:4180} INFO - Setting next_dagrun for dag_extract_catalogs to 2026-07-16 01:00:00+00:00, run_after=2026-07-17 01:00:00+00:00
[2026-07-16T03:01:35.389+0000] {processor.py:208} INFO - Processing /opt/airflow/dags/dag_extract_catalogs.py took 0.030 seconds
[2026-07-16T03:02:05.856+0000] {processor.py:186} INFO - Started process (PID=55590) to work on /opt/airflow/dags/dag_extract_catalogs.py
[2026-07-16T03:02:05.856+0000] {processor.py:914} INFO - Processing file /opt/airflow/dags/dag_extract_catalogs.py for tasks to queue
[2026-07-16T03:02:05.857+0000] {logging_mixin.py:190} INFO - [2026-07-16T03:02:05.857+0000] {dagbag.py:588} INFO - Filling up the DagBag from /opt/airflow/dags/dag_extract_catalogs.py
[2026-07-16T03:02:05.862+0000] {processor.py:925} INFO - DAG(s) 'dag_extract_catalogs' retrieved from /opt/airflow/dags/dag_extract_catalogs.py
[2026-07-16T03:02:05.871+0000] {logging_mixin.py:190} INFO - [2026-07-16T03:02:05.871+0000] {dag.py:3239} INFO - Sync 1 DAGs
[2026-07-16T03:02:05.878+0000] {logging_mixin.py:190} INFO - [2026-07-16T03:02:05.878+0000] {dag.py:4180} INFO - Setting next_dagrun for dag_extract_catalogs to 2026-07-16 01:00:00+00:00, run_after=2026-07-17 01:00:00+00:00
[2026-07-16T03:02:05.883+0000] {processor.py:208} INFO - Processing /opt/airflow/dags/dag_extract_catalogs.py took 0.029 seconds
[2026-07-16T03:18:32.672+0000] {processor.py:186} INFO - Started process (PID=55610) to work on /opt/airflow/dags/dag_extract_catalogs.py
[2026-07-16T03:18:32.672+0000] {processor.py:914} INFO - Processing file /opt/airflow/dags/dag_extract_catalogs.py for tasks to queue
[2026-07-16T03:18:32.673+0000] {logging_mixin.py:190} INFO - [2026-07-16T03:18:32.673+0000] {dagbag.py:588} INFO - Filling up the DagBag from /opt/airflow/dags/dag_extract_catalogs.py
[2026-07-16T03:18:32.678+0000] {processor.py:925} INFO - DAG(s) 'dag_extract_catalogs' retrieved from /opt/airflow/dags/dag_extract_catalogs.py
[2026-07-16T03:18:32.687+0000] {logging_mixin.py:190} INFO - [2026-07-16T03:18:32.687+0000] {dag.py:3239} INFO - Sync 1 DAGs
[2026-07-16T03:18:32.694+0000] {logging_mixin.py:190} INFO - [2026-07-16T03:18:32.694+0000] {dag.py:4180} INFO - Setting next_dagrun for dag_extract_catalogs to 2026-07-16 01:00:00+00:00, run_after=2026-07-17 01:00:00+00:00
[2026-07-16T03:18:32.699+0000] {processor.py:208} INFO - Processing /opt/airflow/dags/dag_extract_catalogs.py took 0.030 seconds
[2026-07-16T03:19:03.328+0000] {processor.py:186} INFO - Started process (PID=55630) to work on /opt/airflow/dags/dag_extract_catalogs.py
[2026-07-16T03:19:03.329+0000] {processor.py:914} INFO - Processing file /opt/airflow/dags/dag_extract_catalogs.py for tasks to queue
[2026-07-16T03:19:03.330+0000] {logging_mixin.py:190} INFO - [2026-07-16T03:19:03.329+0000] {dagbag.py:588} INFO - Filling up the DagBag from /opt/airflow/dags/dag_extract_catalogs.py
[2026-07-16T03:19:03.334+0000] {processor.py:925} INFO - DAG(s) 'dag_extract_catalogs' retrieved from /opt/airflow/dags/dag_extract_catalogs.py
[2026-07-16T03:19:03.344+0000] {logging_mixin.py:190} INFO - [2026-07-16T03:19:03.344+0000] {dag.py:3239} INFO - Sync 1 DAGs
[2026-07-16T03:19:03.352+0000] {logging_mixin.py:190} INFO - [2026-07-16T03:19:03.352+0000] {dag.py:4180} INFO - Setting next_dagrun for dag_extract_catalogs to 2026-07-16 01:00:00+00:00, run_after=2026-07-17 01:00:00+00:00
[2026-07-16T03:19:03.356+0000] {processor.py:208} INFO - Processing /opt/airflow/dags/dag_extract_catalogs.py took 0.030 seconds
[2026-07-16T03:35:18.627+0000] {processor.py:186} INFO - Started process (PID=55659) to work on /opt/airflow/dags/dag_extract_catalogs.py
[2026-07-16T03:35:18.627+0000] {processor.py:914} INFO - Processing file /opt/airflow/dags/dag_extract_catalogs.py for tasks to queue
[2026-07-16T03:35:18.628+0000] {logging_mixin.py:190} INFO - [2026-07-16T03:35:18.628+0000] {dagbag.py:588} INFO - Filling up the DagBag from /opt/airflow/dags/dag_extract_catalogs.py
[2026-07-16T03:35:18.633+0000] {processor.py:925} INFO - DAG(s) 'dag_extract_catalogs' retrieved from /opt/airflow/dags/dag_extract_catalogs.py
[2026-07-16T03:35:18.644+0000] {logging_mixin.py:190} INFO - [2026-07-16T03:35:18.644+0000] {dag.py:3239} INFO - Sync 1 DAGs
[2026-07-16T03:35:18.652+0000] {logging_mixin.py:190} INFO - [2026-07-16T03:35:18.652+0000] {dag.py:4180} INFO - Setting next_dagrun for dag_extract_catalogs to 2026-07-16 01:00:00+00:00, run_after=2026-07-17 01:00:00+00:00
[2026-07-16T03:35:18.657+0000] {processor.py:208} INFO - Processing /opt/airflow/dags/dag_extract_catalogs.py took 0.032 seconds
[2026-07-16T03:51:53.487+0000] {processor.py:186} INFO - Started process (PID=55679) to work on /opt/airflow/dags/dag_extract_catalogs.py
[2026-07-16T03:51:53.487+0000] {processor.py:914} INFO - Processing file /opt/airflow/dags/dag_extract_catalogs.py for tasks to queue
[2026-07-16T03:51:53.488+0000] {logging_mixin.py:190} INFO - [2026-07-16T03:51:53.488+0000] {dagbag.py:588} INFO - Filling up the DagBag from /opt/airflow/dags/dag_extract_catalogs.py
[2026-07-16T03:51:53.493+0000] {processor.py:925} INFO - DAG(s) 'dag_extract_catalogs' retrieved from /opt/airflow/dags/dag_extract_catalogs.py
[2026-07-16T03:51:53.503+0000] {logging_mixin.py:190} INFO - [2026-07-16T03:51:53.503+0000] {dag.py:3239} INFO - Sync 1 DAGs
[2026-07-16T03:51:53.510+0000] {logging_mixin.py:190} INFO - [2026-07-16T03:51:53.510+0000] {dag.py:4180} INFO - Setting next_dagrun for dag_extract_catalogs to 2026-07-16 01:00:00+00:00, run_after=2026-07-17 01:00:00+00:00
[2026-07-16T03:51:53.515+0000] {processor.py:208} INFO - Processing /opt/airflow/dags/dag_extract_catalogs.py took 0.030 seconds
[2026-07-16T04:10:06.029+0000] {processor.py:186} INFO - Started process (PID=55720) to work on /opt/airflow/dags/dag_extract_catalogs.py
[2026-07-16T04:10:06.030+0000] {processor.py:914} INFO - Processing file /opt/airflow/dags/dag_extract_catalogs.py for tasks to queue
[2026-07-16T04:10:06.030+0000] {logging_mixin.py:190} INFO - [2026-07-16T04:10:06.030+0000] {dagbag.py:588} INFO - Filling up the DagBag from /opt/airflow/dags/dag_extract_catalogs.py
[2026-07-16T04:10:06.035+0000] {processor.py:925} INFO - DAG(s) 'dag_extract_catalogs' retrieved from /opt/airflow/dags/dag_extract_catalogs.py
[2026-07-16T04:10:06.045+0000] {logging_mixin.py:190} INFO - [2026-07-16T04:10:06.045+0000] {dag.py:3239} INFO - Sync 1 DAGs
[2026-07-16T04:10:06.052+0000] {logging_mixin.py:190} INFO - [2026-07-16T04:10:06.052+0000] {dag.py:4180} INFO - Setting next_dagrun for dag_extract_catalogs to 2026-07-16 01:00:00+00:00, run_after=2026-07-17 01:00:00+00:00
[2026-07-16T04:10:06.057+0000] {processor.py:208} INFO - Processing /opt/airflow/dags/dag_extract_catalogs.py took 0.030 seconds
[2026-07-16T04:35:34.867+0000] {processor.py:186} INFO - Started process (PID=55740) to work on /opt/airflow/dags/dag_extract_catalogs.py
[2026-07-16T04:35:34.867+0000] {processor.py:914} INFO - Processing file /opt/airflow/dags/dag_extract_catalogs.py for tasks to queue
[2026-07-16T04:35:34.868+0000] {logging_mixin.py:190} INFO - [2026-07-16T04:35:34.868+0000] {dagbag.py:588} INFO - Filling up the DagBag from /opt/airflow/dags/dag_extract_catalogs.py
[2026-07-16T04:35:34.874+0000] {processor.py:925} INFO - DAG(s) 'dag_extract_catalogs' retrieved from /opt/airflow/dags/dag_extract_catalogs.py
[2026-07-16T04:35:34.887+0000] {logging_mixin.py:190} INFO - [2026-07-16T04:35:34.887+0000] {dag.py:3239} INFO - Sync 1 DAGs
[2026-07-16T04:35:34.896+0000] {logging_mixin.py:190} INFO - [2026-07-16T04:35:34.896+0000] {dag.py:4180} INFO - Setting next_dagrun for dag_extract_catalogs to 2026-07-16 01:00:00+00:00, run_after=2026-07-17 01:00:00+00:00
[2026-07-16T04:35:34.902+0000] {processor.py:208} INFO - Processing /opt/airflow/dags/dag_extract_catalogs.py took 0.038 seconds
[2026-07-16T05:07:32.251+0000] {processor.py:186} INFO - Started process (PID=55766) to work on /opt/airflow/dags/dag_extract_catalogs.py
[2026-07-16T05:07:32.251+0000] {processor.py:914} INFO - Processing file /opt/airflow/dags/dag_extract_catalogs.py for tasks to queue
[2026-07-16T05:07:32.252+0000] {logging_mixin.py:190} INFO - [2026-07-16T05:07:32.252+0000] {dagbag.py:588} INFO - Filling up the DagBag from /opt/airflow/dags/dag_extract_catalogs.py
[2026-07-16T05:07:32.257+0000] {processor.py:925} INFO - DAG(s) 'dag_extract_catalogs' retrieved from /opt/airflow/dags/dag_extract_catalogs.py
[2026-07-16T05:07:32.267+0000] {logging_mixin.py:190} INFO - [2026-07-16T05:07:32.266+0000] {dag.py:3239} INFO - Sync 1 DAGs
[2026-07-16T05:07:32.274+0000] {logging_mixin.py:190} INFO - [2026-07-16T05:07:32.274+0000] {dag.py:4180} INFO - Setting next_dagrun for dag_extract_catalogs to 2026-07-16 01:00:00+00:00, run_after=2026-07-17 01:00:00+00:00
[2026-07-16T05:07:32.278+0000] {processor.py:208} INFO - Processing /opt/airflow/dags/dag_extract_catalogs.py took 0.031 seconds
[2026-07-16T05:36:32.182+0000] {processor.py:186} INFO - Started process (PID=55786) to work on /opt/airflow/dags/dag_extract_catalogs.py
[2026-07-16T05:36:32.183+0000] {processor.py:914} INFO - Processing file /opt/airflow/dags/dag_extract_catalogs.py for tasks to queue
[2026-07-16T05:36:32.184+0000] {logging_mixin.py:190} INFO - [2026-07-16T05:36:32.184+0000] {dagbag.py:588} INFO - Filling up the DagBag from /opt/airflow/dags/dag_extract_catalogs.py
[2026-07-16T05:36:32.189+0000] {processor.py:925} INFO - DAG(s) 'dag_extract_catalogs' retrieved from /opt/airflow/dags/dag_extract_catalogs.py
[2026-07-16T05:36:32.201+0000] {logging_mixin.py:190} INFO - [2026-07-16T05:36:32.201+0000] {dag.py:3239} INFO - Sync 1 DAGs
[2026-07-16T05:36:32.209+0000] {logging_mixin.py:190} INFO - [2026-07-16T05:36:32.209+0000] {dag.py:4180} INFO - Setting next_dagrun for dag_extract_catalogs to 2026-07-16 01:00:00+00:00, run_after=2026-07-17 01:00:00+00:00
[2026-07-16T05:36:32.214+0000] {processor.py:208} INFO - Processing /opt/airflow/dags/dag_extract_catalogs.py took 0.035 seconds
[2026-07-16T05:52:25.701+0000] {processor.py:186} INFO - Started process (PID=55806) to work on /opt/airflow/dags/dag_extract_catalogs.py
[2026-07-16T05:52:25.701+0000] {processor.py:914} INFO - Processing file /opt/airflow/dags/dag_extract_catalogs.py for tasks to queue
[2026-07-16T05:52:25.702+0000] {logging_mixin.py:190} INFO - [2026-07-16T05:52:25.702+0000] {dagbag.py:588} INFO - Filling up the DagBag from /opt/airflow/dags/dag_extract_catalogs.py
[2026-07-16T05:52:25.707+0000] {processor.py:925} INFO - DAG(s) 'dag_extract_catalogs' retrieved from /opt/airflow/dags/dag_extract_catalogs.py
[2026-07-16T05:52:25.717+0000] {logging_mixin.py:190} INFO - [2026-07-16T05:52:25.717+0000] {dag.py:3239} INFO - Sync 1 DAGs
[2026-07-16T05:52:25.724+0000] {logging_mixin.py:190} INFO - [2026-07-16T05:52:25.724+0000] {dag.py:4180} INFO - Setting next_dagrun for dag_extract_catalogs to 2026-07-16 01:00:00+00:00, run_after=2026-07-17 01:00:00+00:00
[2026-07-16T05:52:25.729+0000] {processor.py:208} INFO - Processing /opt/airflow/dags/dag_extract_catalogs.py took 0.030 seconds
[2026-07-16T06:37:29.249+0000] {processor.py:186} INFO - Started process (PID=55826) to work on /opt/airflow/dags/dag_extract_catalogs.py
[2026-07-16T06:37:29.249+0000] {processor.py:914} INFO - Processing file /opt/airflow/dags/dag_extract_catalogs.py for tasks to queue
[2026-07-16T06:37:29.250+0000] {logging_mixin.py:190} INFO - [2026-07-16T06:37:29.250+0000] {dagbag.py:588} INFO - Filling up the DagBag from /opt/airflow/dags/dag_extract_catalogs.py
[2026-07-16T06:37:29.254+0000] {processor.py:925} INFO - DAG(s) 'dag_extract_catalogs' retrieved from /opt/airflow/dags/dag_extract_catalogs.py
[2026-07-16T06:37:29.265+0000] {logging_mixin.py:190} INFO - [2026-07-16T06:37:29.265+0000] {dag.py:3239} INFO - Sync 1 DAGs
[2026-07-16T06:37:29.272+0000] {logging_mixin.py:190} INFO - [2026-07-16T06:37:29.271+0000] {dag.py:4180} INFO - Setting next_dagrun for dag_extract_catalogs to 2026-07-16 01:00:00+00:00, run_after=2026-07-17 01:00:00+00:00
[2026-07-16T06:37:29.276+0000] {processor.py:208} INFO - Processing /opt/airflow/dags/dag_extract_catalogs.py took 0.030 seconds
[2026-07-16T06:53:03.848+0000] {processor.py:186} INFO - Started process (PID=55849) to work on /opt/airflow/dags/dag_extract_catalogs.py
[2026-07-16T06:53:03.848+0000] {processor.py:914} INFO - Processing file /opt/airflow/dags/dag_extract_catalogs.py for tasks to queue
[2026-07-16T06:53:03.849+0000] {logging_mixin.py:190} INFO - [2026-07-16T06:53:03.849+0000] {dagbag.py:588} INFO - Filling up the DagBag from /opt/airflow/dags/dag_extract_catalogs.py
[2026-07-16T06:53:03.854+0000] {processor.py:925} INFO - DAG(s) 'dag_extract_catalogs' retrieved from /opt/airflow/dags/dag_extract_catalogs.py
[2026-07-16T06:53:03.864+0000] {logging_mixin.py:190} INFO - [2026-07-16T06:53:03.864+0000] {dag.py:3239} INFO - Sync 1 DAGs
[2026-07-16T06:53:03.872+0000] {logging_mixin.py:190} INFO - [2026-07-16T06:53:03.872+0000] {dag.py:4180} INFO - Setting next_dagrun for dag_extract_catalogs to 2026-07-16 01:00:00+00:00, run_after=2026-07-17 01:00:00+00:00
[2026-07-16T06:53:03.876+0000] {processor.py:208} INFO - Processing /opt/airflow/dags/dag_extract_catalogs.py took 0.031 seconds
[2026-07-16T07:24:41.650+0000] {processor.py:186} INFO - Started process (PID=55875) to work on /opt/airflow/dags/dag_extract_catalogs.py
[2026-07-16T07:24:41.650+0000] {processor.py:914} INFO - Processing file /opt/airflow/dags/dag_extract_catalogs.py for tasks to queue
[2026-07-16T07:24:41.652+0000] {logging_mixin.py:190} INFO - [2026-07-16T07:24:41.652+0000] {dagbag.py:588} INFO - Filling up the DagBag from /opt/airflow/dags/dag_extract_catalogs.py
[2026-07-16T07:24:41.657+0000] {processor.py:925} INFO - DAG(s) 'dag_extract_catalogs' retrieved from /opt/airflow/dags/dag_extract_catalogs.py
[2026-07-16T07:24:41.669+0000] {logging_mixin.py:190} INFO - [2026-07-16T07:24:41.668+0000] {dag.py:3239} INFO - Sync 1 DAGs
[2026-07-16T07:24:41.678+0000] {logging_mixin.py:190} INFO - [2026-07-16T07:24:41.678+0000] {dag.py:4180} INFO - Setting next_dagrun for dag_extract_catalogs to 2026-07-16 01:00:00+00:00, run_after=2026-07-17 01:00:00+00:00
[2026-07-16T07:24:41.683+0000] {processor.py:208} INFO - Processing /opt/airflow/dags/dag_extract_catalogs.py took 0.036 seconds
[2026-07-16T07:38:38.234+0000] {processor.py:186} INFO - Started process (PID=55895) to work on /opt/airflow/dags/dag_extract_catalogs.py
[2026-07-16T07:38:38.234+0000] {processor.py:914} INFO - Processing file /opt/airflow/dags/dag_extract_catalogs.py for tasks to queue
[2026-07-16T07:38:38.235+0000] {logging_mixin.py:190} INFO - [2026-07-16T07:38:38.235+0000] {dagbag.py:588} INFO - Filling up the DagBag from /opt/airflow/dags/dag_extract_catalogs.py
[2026-07-16T07:38:38.240+0000] {processor.py:925} INFO - DAG(s) 'dag_extract_catalogs' retrieved from /opt/airflow/dags/dag_extract_catalogs.py
[2026-07-16T07:38:38.249+0000] {logging_mixin.py:190} INFO - [2026-07-16T07:38:38.249+0000] {dag.py:3239} INFO - Sync 1 DAGs
[2026-07-16T07:38:38.256+0000] {logging_mixin.py:190} INFO - [2026-07-16T07:38:38.256+0000] {dag.py:4180} INFO - Setting next_dagrun for dag_extract_catalogs to 2026-07-16 01:00:00+00:00, run_after=2026-07-17 01:00:00+00:00
[2026-07-16T07:38:38.261+0000] {processor.py:208} INFO - Processing /opt/airflow/dags/dag_extract_catalogs.py took 0.029 seconds
[2026-07-16T08:27:38.380+0000] {processor.py:186} INFO - Started process (PID=55913) to work on /opt/airflow/dags/dag_extract_catalogs.py
[2026-07-16T08:27:38.380+0000] {processor.py:914} INFO - Processing file /opt/airflow/dags/dag_extract_catalogs.py for tasks to queue
[2026-07-16T08:27:38.381+0000] {logging_mixin.py:190} INFO - [2026-07-16T08:27:38.381+0000] {dagbag.py:588} INFO - Filling up the DagBag from /opt/airflow/dags/dag_extract_catalogs.py
[2026-07-16T08:27:38.389+0000] {processor.py:925} INFO - DAG(s) 'dag_extract_catalogs' retrieved from /opt/airflow/dags/dag_extract_catalogs.py
[2026-07-16T08:27:38.401+0000] {logging_mixin.py:190} INFO - [2026-07-16T08:27:38.401+0000] {dag.py:3239} INFO - Sync 1 DAGs
[2026-07-16T08:27:38.411+0000] {logging_mixin.py:190} INFO - [2026-07-16T08:27:38.411+0000] {dag.py:4180} INFO - Setting next_dagrun for dag_extract_catalogs to 2026-07-16 01:00:00+00:00, run_after=2026-07-17 01:00:00+00:00
[2026-07-16T08:27:38.419+0000] {processor.py:208} INFO - Processing /opt/airflow/dags/dag_extract_catalogs.py took 0.042 seconds
[2026-07-16T08:39:37.750+0000] {processor.py:186} INFO - Started process (PID=55938) to work on /opt/airflow/dags/dag_extract_catalogs.py
[2026-07-16T08:39:37.750+0000] {processor.py:914} INFO - Processing file /opt/airflow/dags/dag_extract_catalogs.py for tasks to queue
[2026-07-16T08:39:37.751+0000] {logging_mixin.py:190} INFO - [2026-07-16T08:39:37.751+0000] {dagbag.py:588} INFO - Filling up the DagBag from /opt/airflow/dags/dag_extract_catalogs.py
[2026-07-16T08:39:37.756+0000] {processor.py:925} INFO - DAG(s) 'dag_extract_catalogs' retrieved from /opt/airflow/dags/dag_extract_catalogs.py
[2026-07-16T08:39:37.766+0000] {logging_mixin.py:190} INFO - [2026-07-16T08:39:37.766+0000] {dag.py:3239} INFO - Sync 1 DAGs
[2026-07-16T08:39:37.773+0000] {logging_mixin.py:190} INFO - [2026-07-16T08:39:37.773+0000] {dag.py:4180} INFO - Setting next_dagrun for dag_extract_catalogs to 2026-07-16 01:00:00+00:00, run_after=2026-07-17 01:00:00+00:00
[2026-07-16T08:39:37.777+0000] {processor.py:208} INFO - Processing /opt/airflow/dags/dag_extract_catalogs.py took 0.030 seconds
[2026-07-16T09:15:13.978+0000] {processor.py:186} INFO - Started process (PID=55964) to work on /opt/airflow/dags/dag_extract_catalogs.py
[2026-07-16T09:15:13.978+0000] {processor.py:914} INFO - Processing file /opt/airflow/dags/dag_extract_catalogs.py for tasks to queue
[2026-07-16T09:15:13.980+0000] {logging_mixin.py:190} INFO - [2026-07-16T09:15:13.980+0000] {dagbag.py:588} INFO - Filling up the DagBag from /opt/airflow/dags/dag_extract_catalogs.py
[2026-07-16T09:15:13.988+0000] {processor.py:925} INFO - DAG(s) 'dag_extract_catalogs' retrieved from /opt/airflow/dags/dag_extract_catalogs.py
[2026-07-16T09:15:14.002+0000] {logging_mixin.py:190} INFO - [2026-07-16T09:15:14.001+0000] {dag.py:3239} INFO - Sync 1 DAGs
[2026-07-16T09:15:14.011+0000] {logging_mixin.py:190} INFO - [2026-07-16T09:15:14.011+0000] {dag.py:4180} INFO - Setting next_dagrun for dag_extract_catalogs to 2026-07-16 01:00:00+00:00, run_after=2026-07-17 01:00:00+00:00
[2026-07-16T09:15:14.016+0000] {processor.py:208} INFO - Processing /opt/airflow/dags/dag_extract_catalogs.py took 0.042 seconds
[2026-07-16T09:40:34.846+0000] {processor.py:186} INFO - Started process (PID=55984) to work on /opt/airflow/dags/dag_extract_catalogs.py
[2026-07-16T09:40:34.846+0000] {processor.py:914} INFO - Processing file /opt/airflow/dags/dag_extract_catalogs.py for tasks to queue
[2026-07-16T09:40:34.847+0000] {logging_mixin.py:190} INFO - [2026-07-16T09:40:34.847+0000] {dagbag.py:588} INFO - Filling up the DagBag from /opt/airflow/dags/dag_extract_catalogs.py
[2026-07-16T09:40:34.852+0000] {processor.py:925} INFO - DAG(s) 'dag_extract_catalogs' retrieved from /opt/airflow/dags/dag_extract_catalogs.py
[2026-07-16T09:40:34.862+0000] {logging_mixin.py:190} INFO - [2026-07-16T09:40:34.862+0000] {dag.py:3239} INFO - Sync 1 DAGs
[2026-07-16T09:40:34.869+0000] {logging_mixin.py:190} INFO - [2026-07-16T09:40:34.869+0000] {dag.py:4180} INFO - Setting next_dagrun for dag_extract_catalogs to 2026-07-16 01:00:00+00:00, run_after=2026-07-17 01:00:00+00:00
[2026-07-16T09:40:34.874+0000] {processor.py:208} INFO - Processing /opt/airflow/dags/dag_extract_catalogs.py took 0.031 seconds
[2026-07-16T10:13:26.205+0000] {processor.py:186} INFO - Started process (PID=56004) to work on /opt/airflow/dags/dag_extract_catalogs.py
[2026-07-16T10:13:26.206+0000] {processor.py:914} INFO - Processing file /opt/airflow/dags/dag_extract_catalogs.py for tasks to queue
[2026-07-16T10:13:26.207+0000] {logging_mixin.py:190} INFO - [2026-07-16T10:13:26.207+0000] {dagbag.py:588} INFO - Filling up the DagBag from /opt/airflow/dags/dag_extract_catalogs.py
[2026-07-16T10:13:26.212+0000] {processor.py:925} INFO - DAG(s) 'dag_extract_catalogs' retrieved from /opt/airflow/dags/dag_extract_catalogs.py
[2026-07-16T10:13:26.223+0000] {logging_mixin.py:190} INFO - [2026-07-16T10:13:26.223+0000] {dag.py:3239} INFO - Sync 1 DAGs
[2026-07-16T10:13:26.231+0000] {logging_mixin.py:190} INFO - [2026-07-16T10:13:26.231+0000] {dag.py:4180} INFO - Setting next_dagrun for dag_extract_catalogs to 2026-07-16 01:00:00+00:00, run_after=2026-07-17 01:00:00+00:00
[2026-07-16T10:13:26.236+0000] {processor.py:208} INFO - Processing /opt/airflow/dags/dag_extract_catalogs.py took 0.039 seconds
[2026-07-16T10:30:15.492+0000] {processor.py:186} INFO - Started process (PID=56030) to work on /opt/airflow/dags/dag_extract_catalogs.py
[2026-07-16T10:30:15.492+0000] {processor.py:914} INFO - Processing file /opt/airflow/dags/dag_extract_catalogs.py for tasks to queue
[2026-07-16T10:30:15.493+0000] {logging_mixin.py:190} INFO - [2026-07-16T10:30:15.493+0000] {dagbag.py:588} INFO - Filling up the DagBag from /opt/airflow/dags/dag_extract_catalogs.py
[2026-07-16T10:30:15.497+0000] {processor.py:925} INFO - DAG(s) 'dag_extract_catalogs' retrieved from /opt/airflow/dags/dag_extract_catalogs.py
[2026-07-16T10:30:15.507+0000] {logging_mixin.py:190} INFO - [2026-07-16T10:30:15.507+0000] {dag.py:3239} INFO - Sync 1 DAGs
[2026-07-16T10:30:15.514+0000] {logging_mixin.py:190} INFO - [2026-07-16T10:30:15.514+0000] {dag.py:4180} INFO - Setting next_dagrun for dag_extract_catalogs to 2026-07-16 01:00:00+00:00, run_after=2026-07-17 01:00:00+00:00
[2026-07-16T10:30:15.519+0000] {processor.py:208} INFO - Processing /opt/airflow/dags/dag_extract_catalogs.py took 0.029 seconds
[2026-07-16T10:41:38.945+0000] {processor.py:186} INFO - Started process (PID=56050) to work on /opt/airflow/dags/dag_extract_catalogs.py
[2026-07-16T10:41:38.946+0000] {processor.py:914} INFO - Processing file /opt/airflow/dags/dag_extract_catalogs.py for tasks to queue
[2026-07-16T10:41:38.947+0000] {logging_mixin.py:190} INFO - [2026-07-16T10:41:38.947+0000] {dagbag.py:588} INFO - Filling up the DagBag from /opt/airflow/dags/dag_extract_catalogs.py
[2026-07-16T10:41:38.951+0000] {processor.py:925} INFO - DAG(s) 'dag_extract_catalogs' retrieved from /opt/airflow/dags/dag_extract_catalogs.py
[2026-07-16T10:41:38.961+0000] {logging_mixin.py:190} INFO - [2026-07-16T10:41:38.961+0000] {dag.py:3239} INFO - Sync 1 DAGs
[2026-07-16T10:41:38.968+0000] {logging_mixin.py:190} INFO - [2026-07-16T10:41:38.968+0000] {dag.py:4180} INFO - Setting next_dagrun for dag_extract_catalogs to 2026-07-16 01:00:00+00:00, run_after=2026-07-17 01:00:00+00:00
[2026-07-16T10:41:38.976+0000] {processor.py:208} INFO - Processing /opt/airflow/dags/dag_extract_catalogs.py took 0.032 seconds
[2026-07-16T11:14:49.221+0000] {processor.py:186} INFO - Started process (PID=56070) to work on /opt/airflow/dags/dag_extract_catalogs.py
[2026-07-16T11:14:49.221+0000] {processor.py:914} INFO - Processing file /opt/airflow/dags/dag_extract_catalogs.py for tasks to queue
[2026-07-16T11:14:49.222+0000] {logging_mixin.py:190} INFO - [2026-07-16T11:14:49.222+0000] {dagbag.py:588} INFO - Filling up the DagBag from /opt/airflow/dags/dag_extract_catalogs.py
[2026-07-16T11:14:49.227+0000] {processor.py:925} INFO - DAG(s) 'dag_extract_catalogs' retrieved from /opt/airflow/dags/dag_extract_catalogs.py
[2026-07-16T11:14:49.239+0000] {logging_mixin.py:190} INFO - [2026-07-16T11:14:49.239+0000] {dag.py:3239} INFO - Sync 1 DAGs
[2026-07-16T11:14:49.247+0000] {logging_mixin.py:190} INFO - [2026-07-16T11:14:49.247+0000] {dag.py:4180} INFO - Setting next_dagrun for dag_extract_catalogs to 2026-07-16 01:00:00+00:00, run_after=2026-07-17 01:00:00+00:00
[2026-07-16T11:14:49.252+0000] {processor.py:208} INFO - Processing /opt/airflow/dags/dag_extract_catalogs.py took 0.037 seconds
[2026-07-16T11:42:35.951+0000] {processor.py:186} INFO - Started process (PID=56088) to work on /opt/airflow/dags/dag_extract_catalogs.py
[2026-07-16T11:42:35.951+0000] {processor.py:914} INFO - Processing file /opt/airflow/dags/dag_extract_catalogs.py for tasks to queue
[2026-07-16T11:42:35.952+0000] {logging_mixin.py:190} INFO - [2026-07-16T11:42:35.952+0000] {dagbag.py:588} INFO - Filling up the DagBag from /opt/airflow/dags/dag_extract_catalogs.py
[2026-07-16T11:42:35.958+0000] {processor.py:925} INFO - DAG(s) 'dag_extract_catalogs' retrieved from /opt/airflow/dags/dag_extract_catalogs.py
[2026-07-16T11:42:35.968+0000] {logging_mixin.py:190} INFO - [2026-07-16T11:42:35.968+0000] {dag.py:3239} INFO - Sync 1 DAGs
[2026-07-16T11:42:35.976+0000] {logging_mixin.py:190} INFO - [2026-07-16T11:42:35.976+0000] {dag.py:4180} INFO - Setting next_dagrun for dag_extract_catalogs to 2026-07-16 01:00:00+00:00, run_after=2026-07-17 01:00:00+00:00
[2026-07-16T11:42:35.983+0000] {processor.py:208} INFO - Processing /opt/airflow/dags/dag_extract_catalogs.py took 0.035 seconds
[2026-07-16T12:04:35.222+0000] {processor.py:186} INFO - Started process (PID=56110) to work on /opt/airflow/dags/dag_extract_catalogs.py
[2026-07-16T12:04:35.222+0000] {processor.py:914} INFO - Processing file /opt/airflow/dags/dag_extract_catalogs.py for tasks to queue
[2026-07-16T12:04:35.223+0000] {logging_mixin.py:190} INFO - [2026-07-16T12:04:35.223+0000] {dagbag.py:588} INFO - Filling up the DagBag from /opt/airflow/dags/dag_extract_catalogs.py
[2026-07-16T12:04:35.227+0000] {processor.py:925} INFO - DAG(s) 'dag_extract_catalogs' retrieved from /opt/airflow/dags/dag_extract_catalogs.py
[2026-07-16T12:04:35.237+0000] {logging_mixin.py:190} INFO - [2026-07-16T12:04:35.237+0000] {dag.py:3239} INFO - Sync 1 DAGs
[2026-07-16T12:04:35.370+0000] {logging_mixin.py:190} INFO - [2026-07-16T12:04:35.370+0000] {dag.py:4180} INFO - Setting next_dagrun for dag_extract_catalogs to 2026-07-16 01:00:00+00:00, run_after=2026-07-17 01:00:00+00:00
[2026-07-16T12:04:35.376+0000] {processor.py:208} INFO - Processing /opt/airflow/dags/dag_extract_catalogs.py took 0.157 seconds
[2026-07-16T12:05:05.668+0000] {processor.py:186} INFO - Started process (PID=56130) to work on /opt/airflow/dags/dag_extract_catalogs.py
[2026-07-16T12:05:05.669+0000] {processor.py:914} INFO - Processing file /opt/airflow/dags/dag_extract_catalogs.py for tasks to queue
[2026-07-16T12:05:05.670+0000] {logging_mixin.py:190} INFO - [2026-07-16T12:05:05.669+0000] {dagbag.py:588} INFO - Filling up the DagBag from /opt/airflow/dags/dag_extract_catalogs.py
[2026-07-16T12:05:05.675+0000] {processor.py:925} INFO - DAG(s) 'dag_extract_catalogs' retrieved from /opt/airflow/dags/dag_extract_catalogs.py
[2026-07-16T12:05:05.684+0000] {logging_mixin.py:190} INFO - [2026-07-16T12:05:05.684+0000] {dag.py:3239} INFO - Sync 1 DAGs
[2026-07-16T12:05:05.691+0000] {logging_mixin.py:190} INFO - [2026-07-16T12:05:05.691+0000] {dag.py:4180} INFO - Setting next_dagrun for dag_extract_catalogs to 2026-07-16 01:00:00+00:00, run_after=2026-07-17 01:00:00+00:00
[2026-07-16T12:05:05.696+0000] {processor.py:208} INFO - Processing /opt/airflow/dags/dag_extract_catalogs.py took 0.030 seconds
[2026-07-16T12:43:16.725+0000] {processor.py:186} INFO - Started process (PID=56151) to work on /opt/airflow/dags/dag_extract_catalogs.py
[2026-07-16T12:43:16.726+0000] {processor.py:914} INFO - Processing file /opt/airflow/dags/dag_extract_catalogs.py for tasks to queue
[2026-07-16T12:43:16.727+0000] {logging_mixin.py:190} INFO - [2026-07-16T12:43:16.727+0000] {dagbag.py:588} INFO - Filling up the DagBag from /opt/airflow/dags/dag_extract_catalogs.py
[2026-07-16T12:43:16.732+0000] {processor.py:925} INFO - DAG(s) 'dag_extract_catalogs' retrieved from /opt/airflow/dags/dag_extract_catalogs.py
[2026-07-16T12:43:16.743+0000] {logging_mixin.py:190} INFO - [2026-07-16T12:43:16.743+0000] {dag.py:3239} INFO - Sync 1 DAGs
[2026-07-16T12:43:16.751+0000] {logging_mixin.py:190} INFO - [2026-07-16T12:43:16.751+0000] {dag.py:4180} INFO - Setting next_dagrun for dag_extract_catalogs to 2026-07-16 01:00:00+00:00, run_after=2026-07-17 01:00:00+00:00
[2026-07-16T12:43:16.756+0000] {processor.py:208} INFO - Processing /opt/airflow/dags/dag_extract_catalogs.py took 0.034 seconds
[2026-07-16T12:43:47.248+0000] {processor.py:186} INFO - Started process (PID=56173) to work on /opt/airflow/dags/dag_extract_catalogs.py
[2026-07-16T12:43:47.248+0000] {processor.py:914} INFO - Processing file /opt/airflow/dags/dag_extract_catalogs.py for tasks to queue
[2026-07-16T12:43:47.249+0000] {logging_mixin.py:190} INFO - [2026-07-16T12:43:47.249+0000] {dagbag.py:588} INFO - Filling up the DagBag from /opt/airflow/dags/dag_extract_catalogs.py
[2026-07-16T12:43:47.253+0000] {processor.py:925} INFO - DAG(s) 'dag_extract_catalogs' retrieved from /opt/airflow/dags/dag_extract_catalogs.py
[2026-07-16T12:43:47.263+0000] {logging_mixin.py:190} INFO - [2026-07-16T12:43:47.263+0000] {dag.py:3239} INFO - Sync 1 DAGs
[2026-07-16T12:43:47.337+0000] {logging_mixin.py:190} INFO - [2026-07-16T12:43:47.337+0000] {dag.py:4180} INFO - Setting next_dagrun for dag_extract_catalogs to 2026-07-16 01:00:00+00:00, run_after=2026-07-17 01:00:00+00:00
[2026-07-16T12:43:47.342+0000] {processor.py:208} INFO - Processing /opt/airflow/dags/dag_extract_catalogs.py took 0.097 seconds
[2026-07-16T13:44:13.902+0000] {processor.py:186} INFO - Started process (PID=56197) to work on /opt/airflow/dags/dag_extract_catalogs.py
[2026-07-16T13:44:13.903+0000] {processor.py:914} INFO - Processing file /opt/airflow/dags/dag_extract_catalogs.py for tasks to queue
[2026-07-16T13:44:13.904+0000] {logging_mixin.py:190} INFO - [2026-07-16T13:44:13.904+0000] {dagbag.py:588} INFO - Filling up the DagBag from /opt/airflow/dags/dag_extract_catalogs.py
[2026-07-16T13:44:13.910+0000] {processor.py:925} INFO - DAG(s) 'dag_extract_catalogs' retrieved from /opt/airflow/dags/dag_extract_catalogs.py
[2026-07-16T13:44:13.923+0000] {logging_mixin.py:190} INFO - [2026-07-16T13:44:13.923+0000] {dag.py:3239} INFO - Sync 1 DAGs
[2026-07-16T13:44:13.932+0000] {logging_mixin.py:190} INFO - [2026-07-16T13:44:13.932+0000] {dag.py:4180} INFO - Setting next_dagrun for dag_extract_catalogs to 2026-07-16 01:00:00+00:00, run_after=2026-07-17 01:00:00+00:00
[2026-07-16T13:44:13.938+0000] {processor.py:208} INFO - Processing /opt/airflow/dags/dag_extract_catalogs.py took 0.042 seconds
[2026-07-16T13:44:44.474+0000] {processor.py:186} INFO - Started process (PID=56217) to work on /opt/airflow/dags/dag_extract_catalogs.py
[2026-07-16T13:44:44.474+0000] {processor.py:914} INFO - Processing file /opt/airflow/dags/dag_extract_catalogs.py for tasks to queue
[2026-07-16T13:44:44.475+0000] {logging_mixin.py:190} INFO - [2026-07-16T13:44:44.475+0000] {dagbag.py:588} INFO - Filling up the DagBag from /opt/airflow/dags/dag_extract_catalogs.py
[2026-07-16T13:44:44.480+0000] {processor.py:925} INFO - DAG(s) 'dag_extract_catalogs' retrieved from /opt/airflow/dags/dag_extract_catalogs.py
[2026-07-16T13:44:44.549+0000] {logging_mixin.py:190} INFO - [2026-07-16T13:44:44.549+0000] {dag.py:3239} INFO - Sync 1 DAGs
[2026-07-16T13:44:44.556+0000] {logging_mixin.py:190} INFO - [2026-07-16T13:44:44.556+0000] {dag.py:4180} INFO - Setting next_dagrun for dag_extract_catalogs to 2026-07-16 01:00:00+00:00, run_after=2026-07-17 01:00:00+00:00
[2026-07-16T13:44:44.561+0000] {processor.py:208} INFO - Processing /opt/airflow/dags/dag_extract_catalogs.py took 0.090 seconds
[2026-07-16T14:34:56.909+0000] {processor.py:186} INFO - Started process (PID=56242) to work on /opt/airflow/dags/dag_extract_catalogs.py
[2026-07-16T14:34:56.910+0000] {processor.py:914} INFO - Processing file /opt/airflow/dags/dag_extract_catalogs.py for tasks to queue
[2026-07-16T14:34:56.911+0000] {logging_mixin.py:190} INFO - [2026-07-16T14:34:56.911+0000] {dagbag.py:588} INFO - Filling up the DagBag from /opt/airflow/dags/dag_extract_catalogs.py
[2026-07-16T14:34:56.917+0000] {processor.py:925} INFO - DAG(s) 'dag_extract_catalogs' retrieved from /opt/airflow/dags/dag_extract_catalogs.py
[2026-07-16T14:34:56.929+0000] {logging_mixin.py:190} INFO - [2026-07-16T14:34:56.929+0000] {dag.py:3239} INFO - Sync 1 DAGs
[2026-07-16T14:34:57.077+0000] {logging_mixin.py:190} INFO - [2026-07-16T14:34:57.077+0000] {dag.py:4180} INFO - Setting next_dagrun for dag_extract_catalogs to 2026-07-16 01:00:00+00:00, run_after=2026-07-17 01:00:00+00:00
[2026-07-16T14:34:57.082+0000] {processor.py:208} INFO - Processing /opt/airflow/dags/dag_extract_catalogs.py took 0.177 seconds
[2026-07-16T14:45:41.118+0000] {processor.py:186} INFO - Started process (PID=56262) to work on /opt/airflow/dags/dag_extract_catalogs.py
[2026-07-16T14:45:41.118+0000] {processor.py:914} INFO - Processing file /opt/airflow/dags/dag_extract_catalogs.py for tasks to queue
[2026-07-16T14:45:41.119+0000] {logging_mixin.py:190} INFO - [2026-07-16T14:45:41.119+0000] {dagbag.py:588} INFO - Filling up the DagBag from /opt/airflow/dags/dag_extract_catalogs.py
[2026-07-16T14:45:41.124+0000] {processor.py:925} INFO - DAG(s) 'dag_extract_catalogs' retrieved from /opt/airflow/dags/dag_extract_catalogs.py
[2026-07-16T14:45:41.134+0000] {logging_mixin.py:190} INFO - [2026-07-16T14:45:41.134+0000] {dag.py:3239} INFO - Sync 1 DAGs
[2026-07-16T14:45:41.141+0000] {logging_mixin.py:190} INFO - [2026-07-16T14:45:41.141+0000] {dag.py:4180} INFO - Setting next_dagrun for dag_extract_catalogs to 2026-07-16 01:00:00+00:00, run_after=2026-07-17 01:00:00+00:00
[2026-07-16T14:45:41.145+0000] {processor.py:208} INFO - Processing /opt/airflow/dags/dag_extract_catalogs.py took 0.030 seconds
[2026-07-16T15:34:40.234+0000] {processor.py:186} INFO - Started process (PID=56282) to work on /opt/airflow/dags/dag_extract_catalogs.py
[2026-07-16T15:34:40.234+0000] {processor.py:914} INFO - Processing file /opt/airflow/dags/dag_extract_catalogs.py for tasks to queue
[2026-07-16T15:34:40.235+0000] {logging_mixin.py:190} INFO - [2026-07-16T15:34:40.235+0000] {dagbag.py:588} INFO - Filling up the DagBag from /opt/airflow/dags/dag_extract_catalogs.py
[2026-07-16T15:34:40.240+0000] {processor.py:925} INFO - DAG(s) 'dag_extract_catalogs' retrieved from /opt/airflow/dags/dag_extract_catalogs.py
[2026-07-16T15:34:40.251+0000] {logging_mixin.py:190} INFO - [2026-07-16T15:34:40.251+0000] {dag.py:3239} INFO - Sync 1 DAGs
[2026-07-16T15:34:40.319+0000] {logging_mixin.py:190} INFO - [2026-07-16T15:34:40.319+0000] {dag.py:4180} INFO - Setting next_dagrun for dag_extract_catalogs to 2026-07-16 01:00:00+00:00, run_after=2026-07-17 01:00:00+00:00
[2026-07-16T15:34:40.324+0000] {processor.py:208} INFO - Processing /opt/airflow/dags/dag_extract_catalogs.py took 0.093 seconds
[2026-07-16T15:46:37.671+0000] {processor.py:186} INFO - Started process (PID=56300) to work on /opt/airflow/dags/dag_extract_catalogs.py
[2026-07-16T15:46:37.672+0000] {processor.py:914} INFO - Processing file /opt/airflow/dags/dag_extract_catalogs.py for tasks to queue
[2026-07-16T15:46:37.672+0000] {logging_mixin.py:190} INFO - [2026-07-16T15:46:37.672+0000] {dagbag.py:588} INFO - Filling up the DagBag from /opt/airflow/dags/dag_extract_catalogs.py
[2026-07-16T15:46:37.678+0000] {processor.py:925} INFO - DAG(s) 'dag_extract_catalogs' retrieved from /opt/airflow/dags/dag_extract_catalogs.py
[2026-07-16T15:46:37.688+0000] {logging_mixin.py:190} INFO - [2026-07-16T15:46:37.688+0000] {dag.py:3239} INFO - Sync 1 DAGs
[2026-07-16T15:46:37.697+0000] {logging_mixin.py:190} INFO - [2026-07-16T15:46:37.697+0000] {dag.py:4180} INFO - Setting next_dagrun for dag_extract_catalogs to 2026-07-16 01:00:00+00:00, run_after=2026-07-17 01:00:00+00:00
[2026-07-16T15:46:37.702+0000] {processor.py:208} INFO - Processing /opt/airflow/dags/dag_extract_catalogs.py took 0.033 seconds
[2026-07-16T16:18:55.958+0000] {processor.py:186} INFO - Started process (PID=56320) to work on /opt/airflow/dags/dag_extract_catalogs.py
[2026-07-16T16:18:55.959+0000] {processor.py:914} INFO - Processing file /opt/airflow/dags/dag_extract_catalogs.py for tasks to queue
[2026-07-16T16:18:55.960+0000] {logging_mixin.py:190} INFO - [2026-07-16T16:18:55.960+0000] {dagbag.py:588} INFO - Filling up the DagBag from /opt/airflow/dags/dag_extract_catalogs.py
[2026-07-16T16:18:55.966+0000] {processor.py:925} INFO - DAG(s) 'dag_extract_catalogs' retrieved from /opt/airflow/dags/dag_extract_catalogs.py
[2026-07-16T16:18:55.980+0000] {logging_mixin.py:190} INFO - [2026-07-16T16:18:55.980+0000] {dag.py:3239} INFO - Sync 1 DAGs
[2026-07-16T16:18:55.989+0000] {logging_mixin.py:190} INFO - [2026-07-16T16:18:55.988+0000] {dag.py:4180} INFO - Setting next_dagrun for dag_extract_catalogs to 2026-07-16 01:00:00+00:00, run_after=2026-07-17 01:00:00+00:00
[2026-07-16T16:18:55.995+0000] {processor.py:208} INFO - Processing /opt/airflow/dags/dag_extract_catalogs.py took 0.039 seconds
[2026-07-16T16:45:49.587+0000] {processor.py:186} INFO - Started process (PID=56348) to work on /opt/airflow/dags/dag_extract_catalogs.py
[2026-07-16T16:45:49.588+0000] {processor.py:914} INFO - Processing file /opt/airflow/dags/dag_extract_catalogs.py for tasks to queue
[2026-07-16T16:45:49.590+0000] {logging_mixin.py:190} INFO - [2026-07-16T16:45:49.589+0000] {dagbag.py:588} INFO - Filling up the DagBag from /opt/airflow/dags/dag_extract_catalogs.py
[2026-07-16T16:45:49.598+0000] {processor.py:925} INFO - DAG(s) 'dag_extract_catalogs' retrieved from /opt/airflow/dags/dag_extract_catalogs.py
[2026-07-16T16:45:49.611+0000] {logging_mixin.py:190} INFO - [2026-07-16T16:45:49.611+0000] {dag.py:3239} INFO - Sync 1 DAGs
[2026-07-16T16:45:49.619+0000] {logging_mixin.py:190} INFO - [2026-07-16T16:45:49.619+0000] {dag.py:4180} INFO - Setting next_dagrun for dag_extract_catalogs to 2026-07-16 01:00:00+00:00, run_after=2026-07-17 01:00:00+00:00
[2026-07-16T16:45:49.626+0000] {processor.py:208} INFO - Processing /opt/airflow/dags/dag_extract_catalogs.py took 0.044 seconds
[2026-07-16T16:46:20.010+0000] {processor.py:186} INFO - Started process (PID=56366) to work on /opt/airflow/dags/dag_extract_catalogs.py
[2026-07-16T16:46:20.011+0000] {processor.py:914} INFO - Processing file /opt/airflow/dags/dag_extract_catalogs.py for tasks to queue
[2026-07-16T16:46:20.012+0000] {logging_mixin.py:190} INFO - [2026-07-16T16:46:20.012+0000] {dagbag.py:588} INFO - Filling up the DagBag from /opt/airflow/dags/dag_extract_catalogs.py
[2026-07-16T16:46:20.019+0000] {processor.py:925} INFO - DAG(s) 'dag_extract_catalogs' retrieved from /opt/airflow/dags/dag_extract_catalogs.py
[2026-07-16T16:46:20.031+0000] {logging_mixin.py:190} INFO - [2026-07-16T16:46:20.031+0000] {dag.py:3239} INFO - Sync 1 DAGs
[2026-07-16T16:46:20.040+0000] {logging_mixin.py:190} INFO - [2026-07-16T16:46:20.040+0000] {dag.py:4180} INFO - Setting next_dagrun for dag_extract_catalogs to 2026-07-16 01:00:00+00:00, run_after=2026-07-17 01:00:00+00:00
[2026-07-16T16:46:20.046+0000] {processor.py:208} INFO - Processing /opt/airflow/dags/dag_extract_catalogs.py took 0.039 seconds
[2026-07-16T16:46:50.536+0000] {processor.py:186} INFO - Started process (PID=56388) to work on /opt/airflow/dags/dag_extract_catalogs.py
[2026-07-16T16:46:50.536+0000] {processor.py:914} INFO - Processing file /opt/airflow/dags/dag_extract_catalogs.py for tasks to queue
[2026-07-16T16:46:50.537+0000] {logging_mixin.py:190} INFO - [2026-07-16T16:46:50.537+0000] {dagbag.py:588} INFO - Filling up the DagBag from /opt/airflow/dags/dag_extract_catalogs.py
[2026-07-16T16:46:50.542+0000] {processor.py:925} INFO - DAG(s) 'dag_extract_catalogs' retrieved from /opt/airflow/dags/dag_extract_catalogs.py
[2026-07-16T16:46:50.553+0000] {logging_mixin.py:190} INFO - [2026-07-16T16:46:50.553+0000] {dag.py:3239} INFO - Sync 1 DAGs
[2026-07-16T16:46:50.560+0000] {logging_mixin.py:190} INFO - [2026-07-16T16:46:50.560+0000] {dag.py:4180} INFO - Setting next_dagrun for dag_extract_catalogs to 2026-07-16 01:00:00+00:00, run_after=2026-07-17 01:00:00+00:00
[2026-07-16T16:46:50.565+0000] {processor.py:208} INFO - Processing /opt/airflow/dags/dag_extract_catalogs.py took 0.033 seconds
[2026-07-16T16:47:20.990+0000] {processor.py:186} INFO - Started process (PID=56408) to work on /opt/airflow/dags/dag_extract_catalogs.py
[2026-07-16T16:47:20.990+0000] {processor.py:914} INFO - Processing file /opt/airflow/dags/dag_extract_catalogs.py for tasks to queue
[2026-07-16T16:47:20.991+0000] {logging_mixin.py:190} INFO - [2026-07-16T16:47:20.991+0000] {dagbag.py:588} INFO - Filling up the DagBag from /opt/airflow/dags/dag_extract_catalogs.py
[2026-07-16T16:47:20.996+0000] {processor.py:925} INFO - DAG(s) 'dag_extract_catalogs' retrieved from /opt/airflow/dags/dag_extract_catalogs.py
[2026-07-16T16:47:21.006+0000] {logging_mixin.py:190} INFO - [2026-07-16T16:47:21.006+0000] {dag.py:3239} INFO - Sync 1 DAGs
[2026-07-16T16:47:21.013+0000] {logging_mixin.py:190} INFO - [2026-07-16T16:47:21.013+0000] {dag.py:4180} INFO - Setting next_dagrun for dag_extract_catalogs to 2026-07-16 01:00:00+00:00, run_after=2026-07-17 01:00:00+00:00
[2026-07-16T16:47:21.018+0000] {processor.py:208} INFO - Processing /opt/airflow/dags/dag_extract_catalogs.py took 0.030 seconds
[2026-07-16T16:47:51.426+0000] {processor.py:186} INFO - Started process (PID=56428) to work on /opt/airflow/dags/dag_extract_catalogs.py
[2026-07-16T16:47:51.426+0000] {processor.py:914} INFO - Processing file /opt/airflow/dags/dag_extract_catalogs.py for tasks to queue
[2026-07-16T16:47:51.427+0000] {logging_mixin.py:190} INFO - [2026-07-16T16:47:51.427+0000] {dagbag.py:588} INFO - Filling up the DagBag from /opt/airflow/dags/dag_extract_catalogs.py
[2026-07-16T16:47:51.432+0000] {processor.py:925} INFO - DAG(s) 'dag_extract_catalogs' retrieved from /opt/airflow/dags/dag_extract_catalogs.py
[2026-07-16T16:47:51.442+0000] {logging_mixin.py:190} INFO - [2026-07-16T16:47:51.442+0000] {dag.py:3239} INFO - Sync 1 DAGs
[2026-07-16T16:47:51.450+0000] {logging_mixin.py:190} INFO - [2026-07-16T16:47:51.449+0000] {dag.py:4180} INFO - Setting next_dagrun for dag_extract_catalogs to 2026-07-16 01:00:00+00:00, run_after=2026-07-17 01:00:00+00:00
[2026-07-16T16:47:51.454+0000] {processor.py:208} INFO - Processing /opt/airflow/dags/dag_extract_catalogs.py took 0.034 seconds
[2026-07-16T16:48:21.844+0000] {processor.py:186} INFO - Started process (PID=56448) to work on /opt/airflow/dags/dag_extract_catalogs.py
[2026-07-16T16:48:21.845+0000] {processor.py:914} INFO - Processing file /opt/airflow/dags/dag_extract_catalogs.py for tasks to queue
[2026-07-16T16:48:21.846+0000] {logging_mixin.py:190} INFO - [2026-07-16T16:48:21.846+0000] {dagbag.py:588} INFO - Filling up the DagBag from /opt/airflow/dags/dag_extract_catalogs.py
[2026-07-16T16:48:21.851+0000] {processor.py:925} INFO - DAG(s) 'dag_extract_catalogs' retrieved from /opt/airflow/dags/dag_extract_catalogs.py
[2026-07-16T16:48:21.861+0000] {logging_mixin.py:190} INFO - [2026-07-16T16:48:21.861+0000] {dag.py:3239} INFO - Sync 1 DAGs
[2026-07-16T16:48:21.868+0000] {logging_mixin.py:190} INFO - [2026-07-16T16:48:21.868+0000] {dag.py:4180} INFO - Setting next_dagrun for dag_extract_catalogs to 2026-07-16 01:00:00+00:00, run_after=2026-07-17 01:00:00+00:00
[2026-07-16T16:48:21.873+0000] {processor.py:208} INFO - Processing /opt/airflow/dags/dag_extract_catalogs.py took 0.031 seconds
[2026-07-16T16:48:52.285+0000] {processor.py:186} INFO - Started process (PID=56468) to work on /opt/airflow/dags/dag_extract_catalogs.py
[2026-07-16T16:48:52.285+0000] {processor.py:914} INFO - Processing file /opt/airflow/dags/dag_extract_catalogs.py for tasks to queue
[2026-07-16T16:48:52.286+0000] {logging_mixin.py:190} INFO - [2026-07-16T16:48:52.286+0000] {dagbag.py:588} INFO - Filling up the DagBag from /opt/airflow/dags/dag_extract_catalogs.py
[2026-07-16T16:48:52.291+0000] {processor.py:925} INFO - DAG(s) 'dag_extract_catalogs' retrieved from /opt/airflow/dags/dag_extract_catalogs.py
[2026-07-16T16:48:52.301+0000] {logging_mixin.py:190} INFO - [2026-07-16T16:48:52.301+0000] {dag.py:3239} INFO - Sync 1 DAGs
[2026-07-16T16:48:52.309+0000] {logging_mixin.py:190} INFO - [2026-07-16T16:48:52.308+0000] {dag.py:4180} INFO - Setting next_dagrun for dag_extract_catalogs to 2026-07-16 01:00:00+00:00, run_after=2026-07-17 01:00:00+00:00
[2026-07-16T16:48:52.313+0000] {processor.py:208} INFO - Processing /opt/airflow/dags/dag_extract_catalogs.py took 0.031 seconds
[2026-07-16T16:49:22.787+0000] {processor.py:186} INFO - Started process (PID=56488) to work on /opt/airflow/dags/dag_extract_catalogs.py
[2026-07-16T16:49:22.788+0000] {processor.py:914} INFO - Processing file /opt/airflow/dags/dag_extract_catalogs.py for tasks to queue
[2026-07-16T16:49:22.789+0000] {logging_mixin.py:190} INFO - [2026-07-16T16:49:22.789+0000] {dagbag.py:588} INFO - Filling up the DagBag from /opt/airflow/dags/dag_extract_catalogs.py
[2026-07-16T16:49:22.794+0000] {processor.py:925} INFO - DAG(s) 'dag_extract_catalogs' retrieved from /opt/airflow/dags/dag_extract_catalogs.py
[2026-07-16T16:49:22.806+0000] {logging_mixin.py:190} INFO - [2026-07-16T16:49:22.806+0000] {dag.py:3239} INFO - Sync 1 DAGs
[2026-07-16T16:49:22.815+0000] {logging_mixin.py:190} INFO - [2026-07-16T16:49:22.815+0000] {dag.py:4180} INFO - Setting next_dagrun for dag_extract_catalogs to 2026-07-16 01:00:00+00:00, run_after=2026-07-17 01:00:00+00:00
[2026-07-16T16:49:22.821+0000] {processor.py:208} INFO - Processing /opt/airflow/dags/dag_extract_catalogs.py took 0.037 seconds
[2026-07-16T16:49:53.314+0000] {processor.py:186} INFO - Started process (PID=56508) to work on /opt/airflow/dags/dag_extract_catalogs.py
[2026-07-16T16:49:53.315+0000] {processor.py:914} INFO - Processing file /opt/airflow/dags/dag_extract_catalogs.py for tasks to queue
[2026-07-16T16:49:53.315+0000] {logging_mixin.py:190} INFO - [2026-07-16T16:49:53.315+0000] {dagbag.py:588} INFO - Filling up the DagBag from /opt/airflow/dags/dag_extract_catalogs.py
[2026-07-16T16:49:53.320+0000] {processor.py:925} INFO - DAG(s) 'dag_extract_catalogs' retrieved from /opt/airflow/dags/dag_extract_catalogs.py
[2026-07-16T16:49:53.331+0000] {logging_mixin.py:190} INFO - [2026-07-16T16:49:53.331+0000] {dag.py:3239} INFO - Sync 1 DAGs
[2026-07-16T16:49:53.339+0000] {logging_mixin.py:190} INFO - [2026-07-16T16:49:53.339+0000] {dag.py:4180} INFO - Setting next_dagrun for dag_extract_catalogs to 2026-07-16 01:00:00+00:00, run_after=2026-07-17 01:00:00+00:00
[2026-07-16T16:49:53.344+0000] {processor.py:208} INFO - Processing /opt/airflow/dags/dag_extract_catalogs.py took 0.033 seconds
[2026-07-16T16:50:23.753+0000] {processor.py:186} INFO - Started process (PID=56528) to work on /opt/airflow/dags/dag_extract_catalogs.py
[2026-07-16T16:50:23.753+0000] {processor.py:914} INFO - Processing file /opt/airflow/dags/dag_extract_catalogs.py for tasks to queue
[2026-07-16T16:50:23.754+0000] {logging_mixin.py:190} INFO - [2026-07-16T16:50:23.754+0000] {dagbag.py:588} INFO - Filling up the DagBag from /opt/airflow/dags/dag_extract_catalogs.py
[2026-07-16T16:50:23.759+0000] {processor.py:925} INFO - DAG(s) 'dag_extract_catalogs' retrieved from /opt/airflow/dags/dag_extract_catalogs.py
[2026-07-16T16:50:23.768+0000] {logging_mixin.py:190} INFO - [2026-07-16T16:50:23.768+0000] {dag.py:3239} INFO - Sync 1 DAGs
[2026-07-16T16:50:23.776+0000] {logging_mixin.py:190} INFO - [2026-07-16T16:50:23.775+0000] {dag.py:4180} INFO - Setting next_dagrun for dag_extract_catalogs to 2026-07-16 01:00:00+00:00, run_after=2026-07-17 01:00:00+00:00
[2026-07-16T16:50:23.780+0000] {processor.py:208} INFO - Processing /opt/airflow/dags/dag_extract_catalogs.py took 0.031 seconds
[2026-07-16T16:50:54.263+0000] {processor.py:186} INFO - Started process (PID=56548) to work on /opt/airflow/dags/dag_extract_catalogs.py
[2026-07-16T16:50:54.264+0000] {processor.py:914} INFO - Processing file /opt/airflow/dags/dag_extract_catalogs.py for tasks to queue
[2026-07-16T16:50:54.265+0000] {logging_mixin.py:190} INFO - [2026-07-16T16:50:54.264+0000] {dagbag.py:588} INFO - Filling up the DagBag from /opt/airflow/dags/dag_extract_catalogs.py
[2026-07-16T16:50:54.270+0000] {processor.py:925} INFO - DAG(s) 'dag_extract_catalogs' retrieved from /opt/airflow/dags/dag_extract_catalogs.py
[2026-07-16T16:50:54.280+0000] {logging_mixin.py:190} INFO - [2026-07-16T16:50:54.280+0000] {dag.py:3239} INFO - Sync 1 DAGs
[2026-07-16T16:50:54.288+0000] {logging_mixin.py:190} INFO - [2026-07-16T16:50:54.288+0000] {dag.py:4180} INFO - Setting next_dagrun for dag_extract_catalogs to 2026-07-16 01:00:00+00:00, run_after=2026-07-17 01:00:00+00:00
[2026-07-16T16:50:54.294+0000] {processor.py:208} INFO - Processing /opt/airflow/dags/dag_extract_catalogs.py took 0.034 seconds
[2026-07-16T16:51:24.740+0000] {processor.py:186} INFO - Started process (PID=56568) to work on /opt/airflow/dags/dag_extract_catalogs.py
[2026-07-16T16:51:24.740+0000] {processor.py:914} INFO - Processing file /opt/airflow/dags/dag_extract_catalogs.py for tasks to queue
[2026-07-16T16:51:24.741+0000] {logging_mixin.py:190} INFO - [2026-07-16T16:51:24.741+0000] {dagbag.py:588} INFO - Filling up the DagBag from /opt/airflow/dags/dag_extract_catalogs.py
[2026-07-16T16:51:24.746+0000] {processor.py:925} INFO - DAG(s) 'dag_extract_catalogs' retrieved from /opt/airflow/dags/dag_extract_catalogs.py
[2026-07-16T16:51:24.757+0000] {logging_mixin.py:190} INFO - [2026-07-16T16:51:24.757+0000] {dag.py:3239} INFO - Sync 1 DAGs
[2026-07-16T16:51:24.764+0000] {logging_mixin.py:190} INFO - [2026-07-16T16:51:24.764+0000] {dag.py:4180} INFO - Setting next_dagrun for dag_extract_catalogs to 2026-07-16 01:00:00+00:00, run_after=2026-07-17 01:00:00+00:00
[2026-07-16T16:51:24.769+0000] {processor.py:208} INFO - Processing /opt/airflow/dags/dag_extract_catalogs.py took 0.032 seconds
[2026-07-16T16:51:55.297+0000] {processor.py:186} INFO - Started process (PID=56588) to work on /opt/airflow/dags/dag_extract_catalogs.py
[2026-07-16T16:51:55.297+0000] {processor.py:914} INFO - Processing file /opt/airflow/dags/dag_extract_catalogs.py for tasks to queue
[2026-07-16T16:51:55.299+0000] {logging_mixin.py:190} INFO - [2026-07-16T16:51:55.299+0000] {dagbag.py:588} INFO - Filling up the DagBag from /opt/airflow/dags/dag_extract_catalogs.py
[2026-07-16T16:51:55.305+0000] {processor.py:925} INFO - DAG(s) 'dag_extract_catalogs' retrieved from /opt/airflow/dags/dag_extract_catalogs.py
[2026-07-16T16:51:55.317+0000] {logging_mixin.py:190} INFO - [2026-07-16T16:51:55.316+0000] {dag.py:3239} INFO - Sync 1 DAGs
[2026-07-16T16:51:55.324+0000] {logging_mixin.py:190} INFO - [2026-07-16T16:51:55.324+0000] {dag.py:4180} INFO - Setting next_dagrun for dag_extract_catalogs to 2026-07-16 01:00:00+00:00, run_after=2026-07-17 01:00:00+00:00
[2026-07-16T16:51:55.329+0000] {processor.py:208} INFO - Processing /opt/airflow/dags/dag_extract_catalogs.py took 0.036 seconds
[2026-07-16T16:52:25.714+0000] {processor.py:186} INFO - Started process (PID=56606) to work on /opt/airflow/dags/dag_extract_catalogs.py
[2026-07-16T16:52:25.715+0000] {processor.py:914} INFO - Processing file /opt/airflow/dags/dag_extract_catalogs.py for tasks to queue
[2026-07-16T16:52:25.716+0000] {logging_mixin.py:190} INFO - [2026-07-16T16:52:25.716+0000] {dagbag.py:588} INFO - Filling up the DagBag from /opt/airflow/dags/dag_extract_catalogs.py
[2026-07-16T16:52:25.723+0000] {processor.py:925} INFO - DAG(s) 'dag_extract_catalogs' retrieved from /opt/airflow/dags/dag_extract_catalogs.py
[2026-07-16T16:52:25.734+0000] {logging_mixin.py:190} INFO - [2026-07-16T16:52:25.734+0000] {dag.py:3239} INFO - Sync 1 DAGs
[2026-07-16T16:52:25.743+0000] {logging_mixin.py:190} INFO - [2026-07-16T16:52:25.743+0000] {dag.py:4180} INFO - Setting next_dagrun for dag_extract_catalogs to 2026-07-16 01:00:00+00:00, run_after=2026-07-17 01:00:00+00:00
[2026-07-16T16:52:25.749+0000] {processor.py:208} INFO - Processing /opt/airflow/dags/dag_extract_catalogs.py took 0.038 seconds
[2026-07-16T16:52:56.262+0000] {processor.py:186} INFO - Started process (PID=56628) to work on /opt/airflow/dags/dag_extract_catalogs.py
[2026-07-16T16:52:56.263+0000] {processor.py:914} INFO - Processing file /opt/airflow/dags/dag_extract_catalogs.py for tasks to queue
[2026-07-16T16:52:56.264+0000] {logging_mixin.py:190} INFO - [2026-07-16T16:52:56.264+0000] {dagbag.py:588} INFO - Filling up the DagBag from /opt/airflow/dags/dag_extract_catalogs.py
[2026-07-16T16:52:56.280+0000] {processor.py:925} INFO - DAG(s) 'dag_extract_catalogs' retrieved from /opt/airflow/dags/dag_extract_catalogs.py
[2026-07-16T16:52:56.290+0000] {logging_mixin.py:190} INFO - [2026-07-16T16:52:56.290+0000] {dag.py:3239} INFO - Sync 1 DAGs
[2026-07-16T16:52:56.298+0000] {logging_mixin.py:190} INFO - [2026-07-16T16:52:56.298+0000] {dag.py:4180} INFO - Setting next_dagrun for dag_extract_catalogs to 2026-07-16 01:00:00+00:00, run_after=2026-07-17 01:00:00+00:00
[2026-07-16T16:52:56.302+0000] {processor.py:208} INFO - Processing /opt/airflow/dags/dag_extract_catalogs.py took 0.043 seconds
[2026-07-16T16:53:26.637+0000] {processor.py:186} INFO - Started process (PID=56648) to work on /opt/airflow/dags/dag_extract_catalogs.py
[2026-07-16T16:53:26.638+0000] {processor.py:914} INFO - Processing file /opt/airflow/dags/dag_extract_catalogs.py for tasks to queue
[2026-07-16T16:53:26.639+0000] {logging_mixin.py:190} INFO - [2026-07-16T16:53:26.638+0000] {dagbag.py:588} INFO - Filling up the DagBag from /opt/airflow/dags/dag_extract_catalogs.py
[2026-07-16T16:53:26.643+0000] {processor.py:925} INFO - DAG(s) 'dag_extract_catalogs' retrieved from /opt/airflow/dags/dag_extract_catalogs.py
[2026-07-16T16:53:26.653+0000] {logging_mixin.py:190} INFO - [2026-07-16T16:53:26.653+0000] {dag.py:3239} INFO - Sync 1 DAGs
[2026-07-16T16:53:26.660+0000] {logging_mixin.py:190} INFO - [2026-07-16T16:53:26.660+0000] {dag.py:4180} INFO - Setting next_dagrun for dag_extract_catalogs to 2026-07-16 01:00:00+00:00, run_after=2026-07-17 01:00:00+00:00
[2026-07-16T16:53:26.665+0000] {processor.py:208} INFO - Processing /opt/airflow/dags/dag_extract_catalogs.py took 0.031 seconds
[2026-07-16T16:53:57.082+0000] {processor.py:186} INFO - Started process (PID=56666) to work on /opt/airflow/dags/dag_extract_catalogs.py
[2026-07-16T16:53:57.083+0000] {processor.py:914} INFO - Processing file /opt/airflow/dags/dag_extract_catalogs.py for tasks to queue
[2026-07-16T16:53:57.084+0000] {logging_mixin.py:190} INFO - [2026-07-16T16:53:57.084+0000] {dagbag.py:588} INFO - Filling up the DagBag from /opt/airflow/dags/dag_extract_catalogs.py
[2026-07-16T16:53:57.091+0000] {processor.py:925} INFO - DAG(s) 'dag_extract_catalogs' retrieved from /opt/airflow/dags/dag_extract_catalogs.py
[2026-07-16T16:53:57.104+0000] {logging_mixin.py:190} INFO - [2026-07-16T16:53:57.104+0000] {dag.py:3239} INFO - Sync 1 DAGs
[2026-07-16T16:53:57.116+0000] {logging_mixin.py:190} INFO - [2026-07-16T16:53:57.116+0000] {dag.py:4180} INFO - Setting next_dagrun for dag_extract_catalogs to 2026-07-16 01:00:00+00:00, run_after=2026-07-17 01:00:00+00:00
[2026-07-16T16:53:57.126+0000] {processor.py:208} INFO - Processing /opt/airflow/dags/dag_extract_catalogs.py took 0.048 seconds
[2026-07-16T16:54:27.577+0000] {processor.py:186} INFO - Started process (PID=56688) to work on /opt/airflow/dags/dag_extract_catalogs.py
[2026-07-16T16:54:27.577+0000] {processor.py:914} INFO - Processing file /opt/airflow/dags/dag_extract_catalogs.py for tasks to queue
[2026-07-16T16:54:27.578+0000] {logging_mixin.py:190} INFO - [2026-07-16T16:54:27.578+0000] {dagbag.py:588} INFO - Filling up the DagBag from /opt/airflow/dags/dag_extract_catalogs.py
[2026-07-16T16:54:27.583+0000] {processor.py:925} INFO - DAG(s) 'dag_extract_catalogs' retrieved from /opt/airflow/dags/dag_extract_catalogs.py
[2026-07-16T16:54:27.594+0000] {logging_mixin.py:190} INFO - [2026-07-16T16:54:27.594+0000] {dag.py:3239} INFO - Sync 1 DAGs
[2026-07-16T16:54:27.601+0000] {logging_mixin.py:190} INFO - [2026-07-16T16:54:27.601+0000] {dag.py:4180} INFO - Setting next_dagrun for dag_extract_catalogs to 2026-07-16 01:00:00+00:00, run_after=2026-07-17 01:00:00+00:00
[2026-07-16T16:54:27.606+0000] {processor.py:208} INFO - Processing /opt/airflow/dags/dag_extract_catalogs.py took 0.033 seconds
[2026-07-16T16:54:58.079+0000] {processor.py:186} INFO - Started process (PID=56708) to work on /opt/airflow/dags/dag_extract_catalogs.py
[2026-07-16T16:54:58.080+0000] {processor.py:914} INFO - Processing file /opt/airflow/dags/dag_extract_catalogs.py for tasks to queue
[2026-07-16T16:54:58.081+0000] {logging_mixin.py:190} INFO - [2026-07-16T16:54:58.080+0000] {dagbag.py:588} INFO - Filling up the DagBag from /opt/airflow/dags/dag_extract_catalogs.py
[2026-07-16T16:54:58.085+0000] {processor.py:925} INFO - DAG(s) 'dag_extract_catalogs' retrieved from /opt/airflow/dags/dag_extract_catalogs.py
[2026-07-16T16:54:58.096+0000] {logging_mixin.py:190} INFO - [2026-07-16T16:54:58.096+0000] {dag.py:3239} INFO - Sync 1 DAGs
[2026-07-16T16:54:58.103+0000] {logging_mixin.py:190} INFO - [2026-07-16T16:54:58.103+0000] {dag.py:4180} INFO - Setting next_dagrun for dag_extract_catalogs to 2026-07-16 01:00:00+00:00, run_after=2026-07-17 01:00:00+00:00
[2026-07-16T16:54:58.108+0000] {processor.py:208} INFO - Processing /opt/airflow/dags/dag_extract_catalogs.py took 0.031 seconds
[2026-07-16T16:55:28.635+0000] {processor.py:186} INFO - Started process (PID=56728) to work on /opt/airflow/dags/dag_extract_catalogs.py
[2026-07-16T16:55:28.636+0000] {processor.py:914} INFO - Processing file /opt/airflow/dags/dag_extract_catalogs.py for tasks to queue
[2026-07-16T16:55:28.637+0000] {logging_mixin.py:190} INFO - [2026-07-16T16:55:28.637+0000] {dagbag.py:588} INFO - Filling up the DagBag from /opt/airflow/dags/dag_extract_catalogs.py
[2026-07-16T16:55:28.645+0000] {processor.py:925} INFO - DAG(s) 'dag_extract_catalogs' retrieved from /opt/airflow/dags/dag_extract_catalogs.py
[2026-07-16T16:55:28.664+0000] {logging_mixin.py:190} INFO - [2026-07-16T16:55:28.664+0000] {dag.py:3239} INFO - Sync 1 DAGs
[2026-07-16T16:55:28.675+0000] {logging_mixin.py:190} INFO - [2026-07-16T16:55:28.675+0000] {dag.py:4180} INFO - Setting next_dagrun for dag_extract_catalogs to 2026-07-16 01:00:00+00:00, run_after=2026-07-17 01:00:00+00:00
[2026-07-16T16:55:28.685+0000] {processor.py:208} INFO - Processing /opt/airflow/dags/dag_extract_catalogs.py took 0.055 seconds
[2026-07-16T16:55:59.090+0000] {processor.py:186} INFO - Started process (PID=56751) to work on /opt/airflow/dags/dag_extract_catalogs.py
[2026-07-16T16:55:59.090+0000] {processor.py:914} INFO - Processing file /opt/airflow/dags/dag_extract_catalogs.py for tasks to queue
[2026-07-16T16:55:59.091+0000] {logging_mixin.py:190} INFO - [2026-07-16T16:55:59.091+0000] {dagbag.py:588} INFO - Filling up the DagBag from /opt/airflow/dags/dag_extract_catalogs.py
[2026-07-16T16:55:59.096+0000] {processor.py:925} INFO - DAG(s) 'dag_extract_catalogs' retrieved from /opt/airflow/dags/dag_extract_catalogs.py
[2026-07-16T16:55:59.107+0000] {logging_mixin.py:190} INFO - [2026-07-16T16:55:59.107+0000] {dag.py:3239} INFO - Sync 1 DAGs
[2026-07-16T16:55:59.116+0000] {logging_mixin.py:190} INFO - [2026-07-16T16:55:59.116+0000] {dag.py:4180} INFO - Setting next_dagrun for dag_extract_catalogs to 2026-07-16 01:00:00+00:00, run_after=2026-07-17 01:00:00+00:00
[2026-07-16T16:55:59.121+0000] {processor.py:208} INFO - Processing /opt/airflow/dags/dag_extract_catalogs.py took 0.034 seconds
[2026-07-16T16:56:29.585+0000] {processor.py:186} INFO - Started process (PID=56771) to work on /opt/airflow/dags/dag_extract_catalogs.py
[2026-07-16T16:56:29.586+0000] {processor.py:914} INFO - Processing file /opt/airflow/dags/dag_extract_catalogs.py for tasks to queue
[2026-07-16T16:56:29.586+0000] {logging_mixin.py:190} INFO - [2026-07-16T16:56:29.586+0000] {dagbag.py:588} INFO - Filling up the DagBag from /opt/airflow/dags/dag_extract_catalogs.py
[2026-07-16T16:56:29.591+0000] {processor.py:925} INFO - DAG(s) 'dag_extract_catalogs' retrieved from /opt/airflow/dags/dag_extract_catalogs.py
[2026-07-16T16:56:29.602+0000] {logging_mixin.py:190} INFO - [2026-07-16T16:56:29.602+0000] {dag.py:3239} INFO - Sync 1 DAGs
[2026-07-16T16:56:29.609+0000] {logging_mixin.py:190} INFO - [2026-07-16T16:56:29.609+0000] {dag.py:4180} INFO - Setting next_dagrun for dag_extract_catalogs to 2026-07-16 01:00:00+00:00, run_after=2026-07-17 01:00:00+00:00
[2026-07-16T16:56:29.614+0000] {processor.py:208} INFO - Processing /opt/airflow/dags/dag_extract_catalogs.py took 0.031 seconds
[2026-07-16T16:57:00.080+0000] {processor.py:186} INFO - Started process (PID=56791) to work on /opt/airflow/dags/dag_extract_catalogs.py
[2026-07-16T16:57:00.080+0000] {processor.py:914} INFO - Processing file /opt/airflow/dags/dag_extract_catalogs.py for tasks to queue
[2026-07-16T16:57:00.081+0000] {logging_mixin.py:190} INFO - [2026-07-16T16:57:00.081+0000] {dagbag.py:588} INFO - Filling up the DagBag from /opt/airflow/dags/dag_extract_catalogs.py
[2026-07-16T16:57:00.087+0000] {processor.py:925} INFO - DAG(s) 'dag_extract_catalogs' retrieved from /opt/airflow/dags/dag_extract_catalogs.py
[2026-07-16T16:57:00.099+0000] {logging_mixin.py:190} INFO - [2026-07-16T16:57:00.099+0000] {dag.py:3239} INFO - Sync 1 DAGs
[2026-07-16T16:57:00.108+0000] {logging_mixin.py:190} INFO - [2026-07-16T16:57:00.108+0000] {dag.py:4180} INFO - Setting next_dagrun for dag_extract_catalogs to 2026-07-16 01:00:00+00:00, run_after=2026-07-17 01:00:00+00:00
[2026-07-16T16:57:00.114+0000] {processor.py:208} INFO - Processing /opt/airflow/dags/dag_extract_catalogs.py took 0.038 seconds
[2026-07-16T16:57:30.525+0000] {processor.py:186} INFO - Started process (PID=56811) to work on /opt/airflow/dags/dag_extract_catalogs.py
[2026-07-16T16:57:30.525+0000] {processor.py:914} INFO - Processing file /opt/airflow/dags/dag_extract_catalogs.py for tasks to queue
[2026-07-16T16:57:30.526+0000] {logging_mixin.py:190} INFO - [2026-07-16T16:57:30.526+0000] {dagbag.py:588} INFO - Filling up the DagBag from /opt/airflow/dags/dag_extract_catalogs.py
[2026-07-16T16:57:30.531+0000] {processor.py:925} INFO - DAG(s) 'dag_extract_catalogs' retrieved from /opt/airflow/dags/dag_extract_catalogs.py
[2026-07-16T16:57:30.541+0000] {logging_mixin.py:190} INFO - [2026-07-16T16:57:30.541+0000] {dag.py:3239} INFO - Sync 1 DAGs
[2026-07-16T16:57:30.548+0000] {logging_mixin.py:190} INFO - [2026-07-16T16:57:30.548+0000] {dag.py:4180} INFO - Setting next_dagrun for dag_extract_catalogs to 2026-07-16 01:00:00+00:00, run_after=2026-07-17 01:00:00+00:00
[2026-07-16T16:57:30.553+0000] {processor.py:208} INFO - Processing /opt/airflow/dags/dag_extract_catalogs.py took 0.032 seconds
[2026-07-16T16:58:00.950+0000] {processor.py:186} INFO - Started process (PID=56829) to work on /opt/airflow/dags/dag_extract_catalogs.py
[2026-07-16T16:58:00.951+0000] {processor.py:914} INFO - Processing file /opt/airflow/dags/dag_extract_catalogs.py for tasks to queue
[2026-07-16T16:58:00.952+0000] {logging_mixin.py:190} INFO - [2026-07-16T16:58:00.952+0000] {dagbag.py:588} INFO - Filling up the DagBag from /opt/airflow/dags/dag_extract_catalogs.py
[2026-07-16T16:58:00.959+0000] {processor.py:925} INFO - DAG(s) 'dag_extract_catalogs' retrieved from /opt/airflow/dags/dag_extract_catalogs.py
[2026-07-16T16:58:00.970+0000] {logging_mixin.py:190} INFO - [2026-07-16T16:58:00.970+0000] {dag.py:3239} INFO - Sync 1 DAGs
[2026-07-16T16:58:00.979+0000] {logging_mixin.py:190} INFO - [2026-07-16T16:58:00.979+0000] {dag.py:4180} INFO - Setting next_dagrun for dag_extract_catalogs to 2026-07-16 01:00:00+00:00, run_after=2026-07-17 01:00:00+00:00
[2026-07-16T16:58:00.985+0000] {processor.py:208} INFO - Processing /opt/airflow/dags/dag_extract_catalogs.py took 0.038 seconds
[2026-07-16T16:58:31.396+0000] {processor.py:186} INFO - Started process (PID=56851) to work on /opt/airflow/dags/dag_extract_catalogs.py
[2026-07-16T16:58:31.400+0000] {processor.py:914} INFO - Processing file /opt/airflow/dags/dag_extract_catalogs.py for tasks to queue
[2026-07-16T16:58:31.401+0000] {logging_mixin.py:190} INFO - [2026-07-16T16:58:31.401+0000] {dagbag.py:588} INFO - Filling up the DagBag from /opt/airflow/dags/dag_extract_catalogs.py
[2026-07-16T16:58:31.406+0000] {processor.py:925} INFO - DAG(s) 'dag_extract_catalogs' retrieved from /opt/airflow/dags/dag_extract_catalogs.py
[2026-07-16T16:58:31.416+0000] {logging_mixin.py:190} INFO - [2026-07-16T16:58:31.416+0000] {dag.py:3239} INFO - Sync 1 DAGs
[2026-07-16T16:58:31.423+0000] {logging_mixin.py:190} INFO - [2026-07-16T16:58:31.423+0000] {dag.py:4180} INFO - Setting next_dagrun for dag_extract_catalogs to 2026-07-16 01:00:00+00:00, run_after=2026-07-17 01:00:00+00:00
[2026-07-16T16:58:31.428+0000] {processor.py:208} INFO - Processing /opt/airflow/dags/dag_extract_catalogs.py took 0.034 seconds
[2026-07-16T16:59:01.847+0000] {processor.py:186} INFO - Started process (PID=56871) to work on /opt/airflow/dags/dag_extract_catalogs.py
[2026-07-16T16:59:01.848+0000] {processor.py:914} INFO - Processing file /opt/airflow/dags/dag_extract_catalogs.py for tasks to queue
[2026-07-16T16:59:01.848+0000] {logging_mixin.py:190} INFO - [2026-07-16T16:59:01.848+0000] {dagbag.py:588} INFO - Filling up the DagBag from /opt/airflow/dags/dag_extract_catalogs.py
[2026-07-16T16:59:01.853+0000] {processor.py:925} INFO - DAG(s) 'dag_extract_catalogs' retrieved from /opt/airflow/dags/dag_extract_catalogs.py
[2026-07-16T16:59:01.863+0000] {logging_mixin.py:190} INFO - [2026-07-16T16:59:01.863+0000] {dag.py:3239} INFO - Sync 1 DAGs
[2026-07-16T16:59:01.870+0000] {logging_mixin.py:190} INFO - [2026-07-16T16:59:01.870+0000] {dag.py:4180} INFO - Setting next_dagrun for dag_extract_catalogs to 2026-07-16 01:00:00+00:00, run_after=2026-07-17 01:00:00+00:00
[2026-07-16T16:59:01.875+0000] {processor.py:208} INFO - Processing /opt/airflow/dags/dag_extract_catalogs.py took 0.030 seconds
[2026-07-16T16:59:32.270+0000] {processor.py:186} INFO - Started process (PID=56889) to work on /opt/airflow/dags/dag_extract_catalogs.py
[2026-07-16T16:59:32.270+0000] {processor.py:914} INFO - Processing file /opt/airflow/dags/dag_extract_catalogs.py for tasks to queue
[2026-07-16T16:59:32.271+0000] {logging_mixin.py:190} INFO - [2026-07-16T16:59:32.271+0000] {dagbag.py:588} INFO - Filling up the DagBag from /opt/airflow/dags/dag_extract_catalogs.py
[2026-07-16T16:59:32.276+0000] {processor.py:925} INFO - DAG(s) 'dag_extract_catalogs' retrieved from /opt/airflow/dags/dag_extract_catalogs.py
[2026-07-16T16:59:32.288+0000] {logging_mixin.py:190} INFO - [2026-07-16T16:59:32.288+0000] {dag.py:3239} INFO - Sync 1 DAGs
[2026-07-16T16:59:32.296+0000] {logging_mixin.py:190} INFO - [2026-07-16T16:59:32.296+0000] {dag.py:4180} INFO - Setting next_dagrun for dag_extract_catalogs to 2026-07-16 01:00:00+00:00, run_after=2026-07-17 01:00:00+00:00
[2026-07-16T16:59:32.304+0000] {processor.py:208} INFO - Processing /opt/airflow/dags/dag_extract_catalogs.py took 0.037 seconds
[2026-07-16T17:00:02.748+0000] {processor.py:186} INFO - Started process (PID=56911) to work on /opt/airflow/dags/dag_extract_catalogs.py
[2026-07-16T17:00:02.749+0000] {processor.py:914} INFO - Processing file /opt/airflow/dags/dag_extract_catalogs.py for tasks to queue
[2026-07-16T17:00:02.749+0000] {logging_mixin.py:190} INFO - [2026-07-16T17:00:02.749+0000] {dagbag.py:588} INFO - Filling up the DagBag from /opt/airflow/dags/dag_extract_catalogs.py
[2026-07-16T17:00:02.754+0000] {processor.py:925} INFO - DAG(s) 'dag_extract_catalogs' retrieved from /opt/airflow/dags/dag_extract_catalogs.py
[2026-07-16T17:00:02.764+0000] {logging_mixin.py:190} INFO - [2026-07-16T17:00:02.764+0000] {dag.py:3239} INFO - Sync 1 DAGs
[2026-07-16T17:00:02.772+0000] {logging_mixin.py:190} INFO - [2026-07-16T17:00:02.772+0000] {dag.py:4180} INFO - Setting next_dagrun for dag_extract_catalogs to 2026-07-16 01:00:00+00:00, run_after=2026-07-17 01:00:00+00:00
[2026-07-16T17:00:02.776+0000] {processor.py:208} INFO - Processing /opt/airflow/dags/dag_extract_catalogs.py took 0.030 seconds
[2026-07-16T17:00:33.217+0000] {processor.py:186} INFO - Started process (PID=56931) to work on /opt/airflow/dags/dag_extract_catalogs.py
[2026-07-16T17:00:33.218+0000] {processor.py:914} INFO - Processing file /opt/airflow/dags/dag_extract_catalogs.py for tasks to queue
[2026-07-16T17:00:33.219+0000] {logging_mixin.py:190} INFO - [2026-07-16T17:00:33.219+0000] {dagbag.py:588} INFO - Filling up the DagBag from /opt/airflow/dags/dag_extract_catalogs.py
[2026-07-16T17:00:33.224+0000] {processor.py:925} INFO - DAG(s) 'dag_extract_catalogs' retrieved from /opt/airflow/dags/dag_extract_catalogs.py
[2026-07-16T17:00:33.234+0000] {logging_mixin.py:190} INFO - [2026-07-16T17:00:33.234+0000] {dag.py:3239} INFO - Sync 1 DAGs
[2026-07-16T17:00:33.241+0000] {logging_mixin.py:190} INFO - [2026-07-16T17:00:33.241+0000] {dag.py:4180} INFO - Setting next_dagrun for dag_extract_catalogs to 2026-07-16 01:00:00+00:00, run_after=2026-07-17 01:00:00+00:00
[2026-07-16T17:00:33.246+0000] {processor.py:208} INFO - Processing /opt/airflow/dags/dag_extract_catalogs.py took 0.031 seconds
[2026-07-16T17:01:03.670+0000] {processor.py:186} INFO - Started process (PID=56951) to work on /opt/airflow/dags/dag_extract_catalogs.py
[2026-07-16T17:01:03.670+0000] {processor.py:914} INFO - Processing file /opt/airflow/dags/dag_extract_catalogs.py for tasks to queue
[2026-07-16T17:01:03.671+0000] {logging_mixin.py:190} INFO - [2026-07-16T17:01:03.671+0000] {dagbag.py:588} INFO - Filling up the DagBag from /opt/airflow/dags/dag_extract_catalogs.py
[2026-07-16T17:01:03.676+0000] {processor.py:925} INFO - DAG(s) 'dag_extract_catalogs' retrieved from /opt/airflow/dags/dag_extract_catalogs.py
[2026-07-16T17:01:03.686+0000] {logging_mixin.py:190} INFO - [2026-07-16T17:01:03.685+0000] {dag.py:3239} INFO - Sync 1 DAGs
[2026-07-16T17:01:03.693+0000] {logging_mixin.py:190} INFO - [2026-07-16T17:01:03.693+0000] {dag.py:4180} INFO - Setting next_dagrun for dag_extract_catalogs to 2026-07-16 01:00:00+00:00, run_after=2026-07-17 01:00:00+00:00
[2026-07-16T17:01:03.697+0000] {processor.py:208} INFO - Processing /opt/airflow/dags/dag_extract_catalogs.py took 0.030 seconds
[2026-07-16T17:01:34.076+0000] {processor.py:186} INFO - Started process (PID=56971) to work on /opt/airflow/dags/dag_extract_catalogs.py
[2026-07-16T17:01:34.077+0000] {processor.py:914} INFO - Processing file /opt/airflow/dags/dag_extract_catalogs.py for tasks to queue
[2026-07-16T17:01:34.078+0000] {logging_mixin.py:190} INFO - [2026-07-16T17:01:34.077+0000] {dagbag.py:588} INFO - Filling up the DagBag from /opt/airflow/dags/dag_extract_catalogs.py
[2026-07-16T17:01:34.082+0000] {processor.py:925} INFO - DAG(s) 'dag_extract_catalogs' retrieved from /opt/airflow/dags/dag_extract_catalogs.py
[2026-07-16T17:01:34.092+0000] {logging_mixin.py:190} INFO - [2026-07-16T17:01:34.092+0000] {dag.py:3239} INFO - Sync 1 DAGs
[2026-07-16T17:01:34.100+0000] {logging_mixin.py:190} INFO - [2026-07-16T17:01:34.099+0000] {dag.py:4180} INFO - Setting next_dagrun for dag_extract_catalogs to 2026-07-16 01:00:00+00:00, run_after=2026-07-17 01:00:00+00:00
[2026-07-16T17:01:34.104+0000] {processor.py:208} INFO - Processing /opt/airflow/dags/dag_extract_catalogs.py took 0.030 seconds
[2026-07-16T17:02:04.559+0000] {processor.py:186} INFO - Started process (PID=56991) to work on /opt/airflow/dags/dag_extract_catalogs.py
[2026-07-16T17:02:04.559+0000] {processor.py:914} INFO - Processing file /opt/airflow/dags/dag_extract_catalogs.py for tasks to queue
[2026-07-16T17:02:04.560+0000] {logging_mixin.py:190} INFO - [2026-07-16T17:02:04.560+0000] {dagbag.py:588} INFO - Filling up the DagBag from /opt/airflow/dags/dag_extract_catalogs.py
[2026-07-16T17:02:04.565+0000] {processor.py:925} INFO - DAG(s) 'dag_extract_catalogs' retrieved from /opt/airflow/dags/dag_extract_catalogs.py
[2026-07-16T17:02:04.575+0000] {logging_mixin.py:190} INFO - [2026-07-16T17:02:04.575+0000] {dag.py:3239} INFO - Sync 1 DAGs
[2026-07-16T17:02:04.582+0000] {logging_mixin.py:190} INFO - [2026-07-16T17:02:04.582+0000] {dag.py:4180} INFO - Setting next_dagrun for dag_extract_catalogs to 2026-07-16 01:00:00+00:00, run_after=2026-07-17 01:00:00+00:00
[2026-07-16T17:02:04.587+0000] {processor.py:208} INFO - Processing /opt/airflow/dags/dag_extract_catalogs.py took 0.030 seconds
[2026-07-16T17:02:35.035+0000] {processor.py:186} INFO - Started process (PID=57011) to work on /opt/airflow/dags/dag_extract_catalogs.py
[2026-07-16T17:02:35.036+0000] {processor.py:914} INFO - Processing file /opt/airflow/dags/dag_extract_catalogs.py for tasks to queue
[2026-07-16T17:02:35.036+0000] {logging_mixin.py:190} INFO - [2026-07-16T17:02:35.036+0000] {dagbag.py:588} INFO - Filling up the DagBag from /opt/airflow/dags/dag_extract_catalogs.py
[2026-07-16T17:02:35.041+0000] {processor.py:925} INFO - DAG(s) 'dag_extract_catalogs' retrieved from /opt/airflow/dags/dag_extract_catalogs.py
[2026-07-16T17:02:35.051+0000] {logging_mixin.py:190} INFO - [2026-07-16T17:02:35.051+0000] {dag.py:3239} INFO - Sync 1 DAGs
[2026-07-16T17:02:35.058+0000] {logging_mixin.py:190} INFO - [2026-07-16T17:02:35.058+0000] {dag.py:4180} INFO - Setting next_dagrun for dag_extract_catalogs to 2026-07-16 01:00:00+00:00, run_after=2026-07-17 01:00:00+00:00
[2026-07-16T17:02:35.063+0000] {processor.py:208} INFO - Processing /opt/airflow/dags/dag_extract_catalogs.py took 0.030 seconds
[2026-07-16T17:03:05.538+0000] {processor.py:186} INFO - Started process (PID=57031) to work on /opt/airflow/dags/dag_extract_catalogs.py
[2026-07-16T17:03:05.538+0000] {processor.py:914} INFO - Processing file /opt/airflow/dags/dag_extract_catalogs.py for tasks to queue
[2026-07-16T17:03:05.539+0000] {logging_mixin.py:190} INFO - [2026-07-16T17:03:05.539+0000] {dagbag.py:588} INFO - Filling up the DagBag from /opt/airflow/dags/dag_extract_catalogs.py
[2026-07-16T17:03:05.545+0000] {processor.py:925} INFO - DAG(s) 'dag_extract_catalogs' retrieved from /opt/airflow/dags/dag_extract_catalogs.py
[2026-07-16T17:03:05.555+0000] {logging_mixin.py:190} INFO - [2026-07-16T17:03:05.555+0000] {dag.py:3239} INFO - Sync 1 DAGs
[2026-07-16T17:03:05.563+0000] {logging_mixin.py:190} INFO - [2026-07-16T17:03:05.563+0000] {dag.py:4180} INFO - Setting next_dagrun for dag_extract_catalogs to 2026-07-16 01:00:00+00:00, run_after=2026-07-17 01:00:00+00:00
[2026-07-16T17:03:05.568+0000] {processor.py:208} INFO - Processing /opt/airflow/dags/dag_extract_catalogs.py took 0.033 seconds
[2026-07-16T17:03:36.009+0000] {processor.py:186} INFO - Started process (PID=57051) to work on /opt/airflow/dags/dag_extract_catalogs.py
[2026-07-16T17:03:36.010+0000] {processor.py:914} INFO - Processing file /opt/airflow/dags/dag_extract_catalogs.py for tasks to queue
[2026-07-16T17:03:36.011+0000] {logging_mixin.py:190} INFO - [2026-07-16T17:03:36.010+0000] {dagbag.py:588} INFO - Filling up the DagBag from /opt/airflow/dags/dag_extract_catalogs.py
[2026-07-16T17:03:36.015+0000] {processor.py:925} INFO - DAG(s) 'dag_extract_catalogs' retrieved from /opt/airflow/dags/dag_extract_catalogs.py
[2026-07-16T17:03:36.026+0000] {logging_mixin.py:190} INFO - [2026-07-16T17:03:36.026+0000] {dag.py:3239} INFO - Sync 1 DAGs
[2026-07-16T17:03:36.033+0000] {logging_mixin.py:190} INFO - [2026-07-16T17:03:36.033+0000] {dag.py:4180} INFO - Setting next_dagrun for dag_extract_catalogs to 2026-07-16 01:00:00+00:00, run_after=2026-07-17 01:00:00+00:00
[2026-07-16T17:03:36.037+0000] {processor.py:208} INFO - Processing /opt/airflow/dags/dag_extract_catalogs.py took 0.031 seconds
[2026-07-16T17:04:06.471+0000] {processor.py:186} INFO - Started process (PID=57071) to work on /opt/airflow/dags/dag_extract_catalogs.py
[2026-07-16T17:04:06.472+0000] {processor.py:914} INFO - Processing file /opt/airflow/dags/dag_extract_catalogs.py for tasks to queue
[2026-07-16T17:04:06.473+0000] {logging_mixin.py:190} INFO - [2026-07-16T17:04:06.473+0000] {dagbag.py:588} INFO - Filling up the DagBag from /opt/airflow/dags/dag_extract_catalogs.py
[2026-07-16T17:04:06.487+0000] {processor.py:925} INFO - DAG(s) 'dag_extract_catalogs' retrieved from /opt/airflow/dags/dag_extract_catalogs.py
[2026-07-16T17:04:06.497+0000] {logging_mixin.py:190} INFO - [2026-07-16T17:04:06.497+0000] {dag.py:3239} INFO - Sync 1 DAGs
[2026-07-16T17:04:06.505+0000] {logging_mixin.py:190} INFO - [2026-07-16T17:04:06.505+0000] {dag.py:4180} INFO - Setting next_dagrun for dag_extract_catalogs to 2026-07-16 01:00:00+00:00, run_after=2026-07-17 01:00:00+00:00
[2026-07-16T17:04:06.510+0000] {processor.py:208} INFO - Processing /opt/airflow/dags/dag_extract_catalogs.py took 0.041 seconds
[2026-07-16T17:04:37.011+0000] {processor.py:186} INFO - Started process (PID=57091) to work on /opt/airflow/dags/dag_extract_catalogs.py
[2026-07-16T17:04:37.011+0000] {processor.py:914} INFO - Processing file /opt/airflow/dags/dag_extract_catalogs.py for tasks to queue
[2026-07-16T17:04:37.012+0000] {logging_mixin.py:190} INFO - [2026-07-16T17:04:37.012+0000] {dagbag.py:588} INFO - Filling up the DagBag from /opt/airflow/dags/dag_extract_catalogs.py
[2026-07-16T17:04:37.017+0000] {processor.py:925} INFO - DAG(s) 'dag_extract_catalogs' retrieved from /opt/airflow/dags/dag_extract_catalogs.py
[2026-07-16T17:04:37.028+0000] {logging_mixin.py:190} INFO - [2026-07-16T17:04:37.028+0000] {dag.py:3239} INFO - Sync 1 DAGs
[2026-07-16T17:04:37.036+0000] {logging_mixin.py:190} INFO - [2026-07-16T17:04:37.036+0000] {dag.py:4180} INFO - Setting next_dagrun for dag_extract_catalogs to 2026-07-16 01:00:00+00:00, run_after=2026-07-17 01:00:00+00:00
[2026-07-16T17:04:37.041+0000] {processor.py:208} INFO - Processing /opt/airflow/dags/dag_extract_catalogs.py took 0.032 seconds
[2026-07-16T17:05:07.500+0000] {processor.py:186} INFO - Started process (PID=57111) to work on /opt/airflow/dags/dag_extract_catalogs.py
[2026-07-16T17:05:07.500+0000] {processor.py:914} INFO - Processing file /opt/airflow/dags/dag_extract_catalogs.py for tasks to queue
[2026-07-16T17:05:07.501+0000] {logging_mixin.py:190} INFO - [2026-07-16T17:05:07.501+0000] {dagbag.py:588} INFO - Filling up the DagBag from /opt/airflow/dags/dag_extract_catalogs.py
[2026-07-16T17:05:07.506+0000] {processor.py:925} INFO - DAG(s) 'dag_extract_catalogs' retrieved from /opt/airflow/dags/dag_extract_catalogs.py
[2026-07-16T17:05:07.517+0000] {logging_mixin.py:190} INFO - [2026-07-16T17:05:07.517+0000] {dag.py:3239} INFO - Sync 1 DAGs
[2026-07-16T17:05:07.524+0000] {logging_mixin.py:190} INFO - [2026-07-16T17:05:07.524+0000] {dag.py:4180} INFO - Setting next_dagrun for dag_extract_catalogs to 2026-07-16 01:00:00+00:00, run_after=2026-07-17 01:00:00+00:00
[2026-07-16T17:05:07.529+0000] {processor.py:208} INFO - Processing /opt/airflow/dags/dag_extract_catalogs.py took 0.032 seconds
[2026-07-16T17:05:37.993+0000] {processor.py:186} INFO - Started process (PID=57131) to work on /opt/airflow/dags/dag_extract_catalogs.py
[2026-07-16T17:05:37.994+0000] {processor.py:914} INFO - Processing file /opt/airflow/dags/dag_extract_catalogs.py for tasks to queue
[2026-07-16T17:05:37.995+0000] {logging_mixin.py:190} INFO - [2026-07-16T17:05:37.994+0000] {dagbag.py:588} INFO - Filling up the DagBag from /opt/airflow/dags/dag_extract_catalogs.py
[2026-07-16T17:05:38.000+0000] {processor.py:925} INFO - DAG(s) 'dag_extract_catalogs' retrieved from /opt/airflow/dags/dag_extract_catalogs.py
[2026-07-16T17:05:38.011+0000] {logging_mixin.py:190} INFO - [2026-07-16T17:05:38.011+0000] {dag.py:3239} INFO - Sync 1 DAGs
[2026-07-16T17:05:38.018+0000] {logging_mixin.py:190} INFO - [2026-07-16T17:05:38.018+0000] {dag.py:4180} INFO - Setting next_dagrun for dag_extract_catalogs to 2026-07-16 01:00:00+00:00, run_after=2026-07-17 01:00:00+00:00
[2026-07-16T17:05:38.022+0000] {processor.py:208} INFO - Processing /opt/airflow/dags/dag_extract_catalogs.py took 0.032 seconds
[2026-07-16T17:06:08.489+0000] {processor.py:186} INFO - Started process (PID=57151) to work on /opt/airflow/dags/dag_extract_catalogs.py
[2026-07-16T17:06:08.489+0000] {processor.py:914} INFO - Processing file /opt/airflow/dags/dag_extract_catalogs.py for tasks to queue
[2026-07-16T17:06:08.490+0000] {logging_mixin.py:190} INFO - [2026-07-16T17:06:08.490+0000] {dagbag.py:588} INFO - Filling up the DagBag from /opt/airflow/dags/dag_extract_catalogs.py
[2026-07-16T17:06:08.495+0000] {processor.py:925} INFO - DAG(s) 'dag_extract_catalogs' retrieved from /opt/airflow/dags/dag_extract_catalogs.py
[2026-07-16T17:06:08.505+0000] {logging_mixin.py:190} INFO - [2026-07-16T17:06:08.505+0000] {dag.py:3239} INFO - Sync 1 DAGs
[2026-07-16T17:06:08.512+0000] {logging_mixin.py:190} INFO - [2026-07-16T17:06:08.512+0000] {dag.py:4180} INFO - Setting next_dagrun for dag_extract_catalogs to 2026-07-16 01:00:00+00:00, run_after=2026-07-17 01:00:00+00:00
[2026-07-16T17:06:08.517+0000] {processor.py:208} INFO - Processing /opt/airflow/dags/dag_extract_catalogs.py took 0.031 seconds
[2026-07-16T17:06:39.042+0000] {processor.py:186} INFO - Started process (PID=57171) to work on /opt/airflow/dags/dag_extract_catalogs.py
[2026-07-16T17:06:39.043+0000] {processor.py:914} INFO - Processing file /opt/airflow/dags/dag_extract_catalogs.py for tasks to queue
[2026-07-16T17:06:39.044+0000] {logging_mixin.py:190} INFO - [2026-07-16T17:06:39.043+0000] {dagbag.py:588} INFO - Filling up the DagBag from /opt/airflow/dags/dag_extract_catalogs.py
[2026-07-16T17:06:39.050+0000] {processor.py:925} INFO - DAG(s) 'dag_extract_catalogs' retrieved from /opt/airflow/dags/dag_extract_catalogs.py
[2026-07-16T17:06:39.062+0000] {logging_mixin.py:190} INFO - [2026-07-16T17:06:39.062+0000] {dag.py:3239} INFO - Sync 1 DAGs
[2026-07-16T17:06:39.071+0000] {logging_mixin.py:190} INFO - [2026-07-16T17:06:39.071+0000] {dag.py:4180} INFO - Setting next_dagrun for dag_extract_catalogs to 2026-07-16 01:00:00+00:00, run_after=2026-07-17 01:00:00+00:00
[2026-07-16T17:06:39.078+0000] {processor.py:208} INFO - Processing /opt/airflow/dags/dag_extract_catalogs.py took 0.041 seconds
[2026-07-16T17:07:09.525+0000] {processor.py:186} INFO - Started process (PID=57191) to work on /opt/airflow/dags/dag_extract_catalogs.py
[2026-07-16T17:07:09.525+0000] {processor.py:914} INFO - Processing file /opt/airflow/dags/dag_extract_catalogs.py for tasks to queue
[2026-07-16T17:07:09.526+0000] {logging_mixin.py:190} INFO - [2026-07-16T17:07:09.526+0000] {dagbag.py:588} INFO - Filling up the DagBag from /opt/airflow/dags/dag_extract_catalogs.py
[2026-07-16T17:07:09.532+0000] {processor.py:925} INFO - DAG(s) 'dag_extract_catalogs' retrieved from /opt/airflow/dags/dag_extract_catalogs.py
[2026-07-16T17:07:09.546+0000] {logging_mixin.py:190} INFO - [2026-07-16T17:07:09.546+0000] {dag.py:3239} INFO - Sync 1 DAGs
[2026-07-16T17:07:09.556+0000] {logging_mixin.py:190} INFO - [2026-07-16T17:07:09.556+0000] {dag.py:4180} INFO - Setting next_dagrun for dag_extract_catalogs to 2026-07-16 01:00:00+00:00, run_after=2026-07-17 01:00:00+00:00
[2026-07-16T17:07:09.563+0000] {processor.py:208} INFO - Processing /opt/airflow/dags/dag_extract_catalogs.py took 0.042 seconds
[2026-07-16T17:07:40.031+0000] {processor.py:186} INFO - Started process (PID=57211) to work on /opt/airflow/dags/dag_extract_catalogs.py
[2026-07-16T17:07:40.032+0000] {processor.py:914} INFO - Processing file /opt/airflow/dags/dag_extract_catalogs.py for tasks to queue
[2026-07-16T17:07:40.034+0000] {logging_mixin.py:190} INFO - [2026-07-16T17:07:40.034+0000] {dagbag.py:588} INFO - Filling up the DagBag from /opt/airflow/dags/dag_extract_catalogs.py
[2026-07-16T17:07:40.042+0000] {processor.py:925} INFO - DAG(s) 'dag_extract_catalogs' retrieved from /opt/airflow/dags/dag_extract_catalogs.py
[2026-07-16T17:07:40.057+0000] {logging_mixin.py:190} INFO - [2026-07-16T17:07:40.056+0000] {dag.py:3239} INFO - Sync 1 DAGs
[2026-07-16T17:07:40.065+0000] {logging_mixin.py:190} INFO - [2026-07-16T17:07:40.065+0000] {dag.py:4180} INFO - Setting next_dagrun for dag_extract_catalogs to 2026-07-16 01:00:00+00:00, run_after=2026-07-17 01:00:00+00:00
[2026-07-16T17:07:40.070+0000] {processor.py:208} INFO - Processing /opt/airflow/dags/dag_extract_catalogs.py took 0.044 seconds
[2026-07-16T17:08:10.536+0000] {processor.py:186} INFO - Started process (PID=57229) to work on /opt/airflow/dags/dag_extract_catalogs.py
[2026-07-16T17:08:10.537+0000] {processor.py:914} INFO - Processing file /opt/airflow/dags/dag_extract_catalogs.py for tasks to queue
[2026-07-16T17:08:10.538+0000] {logging_mixin.py:190} INFO - [2026-07-16T17:08:10.538+0000] {dagbag.py:588} INFO - Filling up the DagBag from /opt/airflow/dags/dag_extract_catalogs.py
[2026-07-16T17:08:10.547+0000] {processor.py:925} INFO - DAG(s) 'dag_extract_catalogs' retrieved from /opt/airflow/dags/dag_extract_catalogs.py
[2026-07-16T17:08:10.560+0000] {logging_mixin.py:190} INFO - [2026-07-16T17:08:10.559+0000] {dag.py:3239} INFO - Sync 1 DAGs
[2026-07-16T17:08:10.573+0000] {logging_mixin.py:190} INFO - [2026-07-16T17:08:10.573+0000] {dag.py:4180} INFO - Setting next_dagrun for dag_extract_catalogs to 2026-07-16 01:00:00+00:00, run_after=2026-07-17 01:00:00+00:00
[2026-07-16T17:08:10.582+0000] {processor.py:208} INFO - Processing /opt/airflow/dags/dag_extract_catalogs.py took 0.049 seconds
[2026-07-16T17:08:41.042+0000] {processor.py:186} INFO - Started process (PID=57251) to work on /opt/airflow/dags/dag_extract_catalogs.py
[2026-07-16T17:08:41.043+0000] {processor.py:914} INFO - Processing file /opt/airflow/dags/dag_extract_catalogs.py for tasks to queue
[2026-07-16T17:08:41.043+0000] {logging_mixin.py:190} INFO - [2026-07-16T17:08:41.043+0000] {dagbag.py:588} INFO - Filling up the DagBag from /opt/airflow/dags/dag_extract_catalogs.py
[2026-07-16T17:08:41.048+0000] {processor.py:925} INFO - DAG(s) 'dag_extract_catalogs' retrieved from /opt/airflow/dags/dag_extract_catalogs.py
[2026-07-16T17:08:41.059+0000] {logging_mixin.py:190} INFO - [2026-07-16T17:08:41.059+0000] {dag.py:3239} INFO - Sync 1 DAGs
[2026-07-16T17:08:41.066+0000] {logging_mixin.py:190} INFO - [2026-07-16T17:08:41.066+0000] {dag.py:4180} INFO - Setting next_dagrun for dag_extract_catalogs to 2026-07-16 01:00:00+00:00, run_after=2026-07-17 01:00:00+00:00
[2026-07-16T17:08:41.071+0000] {processor.py:208} INFO - Processing /opt/airflow/dags/dag_extract_catalogs.py took 0.032 seconds
[2026-07-16T17:09:11.553+0000] {processor.py:186} INFO - Started process (PID=57271) to work on /opt/airflow/dags/dag_extract_catalogs.py
[2026-07-16T17:09:11.553+0000] {processor.py:914} INFO - Processing file /opt/airflow/dags/dag_extract_catalogs.py for tasks to queue
[2026-07-16T17:09:11.554+0000] {logging_mixin.py:190} INFO - [2026-07-16T17:09:11.554+0000] {dagbag.py:588} INFO - Filling up the DagBag from /opt/airflow/dags/dag_extract_catalogs.py
[2026-07-16T17:09:11.559+0000] {processor.py:925} INFO - DAG(s) 'dag_extract_catalogs' retrieved from /opt/airflow/dags/dag_extract_catalogs.py
[2026-07-16T17:09:11.569+0000] {logging_mixin.py:190} INFO - [2026-07-16T17:09:11.568+0000] {dag.py:3239} INFO - Sync 1 DAGs
[2026-07-16T17:09:11.576+0000] {logging_mixin.py:190} INFO - [2026-07-16T17:09:11.576+0000] {dag.py:4180} INFO - Setting next_dagrun for dag_extract_catalogs to 2026-07-16 01:00:00+00:00, run_after=2026-07-17 01:00:00+00:00
[2026-07-16T17:09:11.581+0000] {processor.py:208} INFO - Processing /opt/airflow/dags/dag_extract_catalogs.py took 0.030 seconds
[2026-07-16T17:09:42.035+0000] {processor.py:186} INFO - Started process (PID=57291) to work on /opt/airflow/dags/dag_extract_catalogs.py
[2026-07-16T17:09:42.035+0000] {processor.py:914} INFO - Processing file /opt/airflow/dags/dag_extract_catalogs.py for tasks to queue
[2026-07-16T17:09:42.036+0000] {logging_mixin.py:190} INFO - [2026-07-16T17:09:42.036+0000] {dagbag.py:588} INFO - Filling up the DagBag from /opt/airflow/dags/dag_extract_catalogs.py
[2026-07-16T17:09:42.041+0000] {processor.py:925} INFO - DAG(s) 'dag_extract_catalogs' retrieved from /opt/airflow/dags/dag_extract_catalogs.py
[2026-07-16T17:09:42.051+0000] {logging_mixin.py:190} INFO - [2026-07-16T17:09:42.051+0000] {dag.py:3239} INFO - Sync 1 DAGs
[2026-07-16T17:09:42.058+0000] {logging_mixin.py:190} INFO - [2026-07-16T17:09:42.058+0000] {dag.py:4180} INFO - Setting next_dagrun for dag_extract_catalogs to 2026-07-16 01:00:00+00:00, run_after=2026-07-17 01:00:00+00:00
[2026-07-16T17:09:42.063+0000] {processor.py:208} INFO - Processing /opt/airflow/dags/dag_extract_catalogs.py took 0.030 seconds
[2026-07-16T17:10:12.556+0000] {processor.py:186} INFO - Started process (PID=57311) to work on /opt/airflow/dags/dag_extract_catalogs.py
[2026-07-16T17:10:12.556+0000] {processor.py:914} INFO - Processing file /opt/airflow/dags/dag_extract_catalogs.py for tasks to queue
[2026-07-16T17:10:12.557+0000] {logging_mixin.py:190} INFO - [2026-07-16T17:10:12.557+0000] {dagbag.py:588} INFO - Filling up the DagBag from /opt/airflow/dags/dag_extract_catalogs.py
[2026-07-16T17:10:12.562+0000] {processor.py:925} INFO - DAG(s) 'dag_extract_catalogs' retrieved from /opt/airflow/dags/dag_extract_catalogs.py
[2026-07-16T17:10:12.572+0000] {logging_mixin.py:190} INFO - [2026-07-16T17:10:12.572+0000] {dag.py:3239} INFO - Sync 1 DAGs
[2026-07-16T17:10:12.580+0000] {logging_mixin.py:190} INFO - [2026-07-16T17:10:12.580+0000] {dag.py:4180} INFO - Setting next_dagrun for dag_extract_catalogs to 2026-07-16 01:00:00+00:00, run_after=2026-07-17 01:00:00+00:00
[2026-07-16T17:10:12.584+0000] {processor.py:208} INFO - Processing /opt/airflow/dags/dag_extract_catalogs.py took 0.033 seconds
[2026-07-16T17:10:42.949+0000] {processor.py:186} INFO - Started process (PID=57331) to work on /opt/airflow/dags/dag_extract_catalogs.py
[2026-07-16T17:10:42.949+0000] {processor.py:914} INFO - Processing file /opt/airflow/dags/dag_extract_catalogs.py for tasks to queue
[2026-07-16T17:10:42.950+0000] {logging_mixin.py:190} INFO - [2026-07-16T17:10:42.950+0000] {dagbag.py:588} INFO - Filling up the DagBag from /opt/airflow/dags/dag_extract_catalogs.py
[2026-07-16T17:10:42.955+0000] {processor.py:925} INFO - DAG(s) 'dag_extract_catalogs' retrieved from /opt/airflow/dags/dag_extract_catalogs.py
[2026-07-16T17:10:42.965+0000] {logging_mixin.py:190} INFO - [2026-07-16T17:10:42.965+0000] {dag.py:3239} INFO - Sync 1 DAGs
[2026-07-16T17:10:42.973+0000] {logging_mixin.py:190} INFO - [2026-07-16T17:10:42.973+0000] {dag.py:4180} INFO - Setting next_dagrun for dag_extract_catalogs to 2026-07-16 01:00:00+00:00, run_after=2026-07-17 01:00:00+00:00
[2026-07-16T17:10:42.977+0000] {processor.py:208} INFO - Processing /opt/airflow/dags/dag_extract_catalogs.py took 0.033 seconds
[2026-07-16T17:11:13.412+0000] {processor.py:186} INFO - Started process (PID=57351) to work on /opt/airflow/dags/dag_extract_catalogs.py
[2026-07-16T17:11:13.412+0000] {processor.py:914} INFO - Processing file /opt/airflow/dags/dag_extract_catalogs.py for tasks to queue
[2026-07-16T17:11:13.413+0000] {logging_mixin.py:190} INFO - [2026-07-16T17:11:13.413+0000] {dagbag.py:588} INFO - Filling up the DagBag from /opt/airflow/dags/dag_extract_catalogs.py
[2026-07-16T17:11:13.419+0000] {processor.py:925} INFO - DAG(s) 'dag_extract_catalogs' retrieved from /opt/airflow/dags/dag_extract_catalogs.py
[2026-07-16T17:11:13.430+0000] {logging_mixin.py:190} INFO - [2026-07-16T17:11:13.430+0000] {dag.py:3239} INFO - Sync 1 DAGs
[2026-07-16T17:11:13.438+0000] {logging_mixin.py:190} INFO - [2026-07-16T17:11:13.438+0000] {dag.py:4180} INFO - Setting next_dagrun for dag_extract_catalogs to 2026-07-16 01:00:00+00:00, run_after=2026-07-17 01:00:00+00:00
[2026-07-16T17:11:13.445+0000] {processor.py:208} INFO - Processing /opt/airflow/dags/dag_extract_catalogs.py took 0.036 seconds
[2026-07-16T17:11:43.828+0000] {processor.py:186} INFO - Started process (PID=57369) to work on /opt/airflow/dags/dag_extract_catalogs.py
[2026-07-16T17:11:43.828+0000] {processor.py:914} INFO - Processing file /opt/airflow/dags/dag_extract_catalogs.py for tasks to queue
[2026-07-16T17:11:43.829+0000] {logging_mixin.py:190} INFO - [2026-07-16T17:11:43.829+0000] {dagbag.py:588} INFO - Filling up the DagBag from /opt/airflow/dags/dag_extract_catalogs.py
[2026-07-16T17:11:43.838+0000] {processor.py:925} INFO - DAG(s) 'dag_extract_catalogs' retrieved from /opt/airflow/dags/dag_extract_catalogs.py
[2026-07-16T17:11:43.851+0000] {logging_mixin.py:190} INFO - [2026-07-16T17:11:43.851+0000] {dag.py:3239} INFO - Sync 1 DAGs
[2026-07-16T17:11:43.859+0000] {logging_mixin.py:190} INFO - [2026-07-16T17:11:43.859+0000] {dag.py:4180} INFO - Setting next_dagrun for dag_extract_catalogs to 2026-07-16 01:00:00+00:00, run_after=2026-07-17 01:00:00+00:00
[2026-07-16T17:11:43.865+0000] {processor.py:208} INFO - Processing /opt/airflow/dags/dag_extract_catalogs.py took 0.040 seconds
[2026-07-16T17:12:14.295+0000] {processor.py:186} INFO - Started process (PID=57389) to work on /opt/airflow/dags/dag_extract_catalogs.py
[2026-07-16T17:12:14.295+0000] {processor.py:914} INFO - Processing file /opt/airflow/dags/dag_extract_catalogs.py for tasks to queue
[2026-07-16T17:12:14.299+0000] {logging_mixin.py:190} INFO - [2026-07-16T17:12:14.298+0000] {dagbag.py:588} INFO - Filling up the DagBag from /opt/airflow/dags/dag_extract_catalogs.py
[2026-07-16T17:12:14.308+0000] {processor.py:925} INFO - DAG(s) 'dag_extract_catalogs' retrieved from /opt/airflow/dags/dag_extract_catalogs.py
[2026-07-16T17:12:14.327+0000] {logging_mixin.py:190} INFO - [2026-07-16T17:12:14.326+0000] {dag.py:3239} INFO - Sync 1 DAGs
[2026-07-16T17:12:14.341+0000] {logging_mixin.py:190} INFO - [2026-07-16T17:12:14.341+0000] {dag.py:4180} INFO - Setting next_dagrun for dag_extract_catalogs to 2026-07-16 01:00:00+00:00, run_after=2026-07-17 01:00:00+00:00
[2026-07-16T17:12:14.347+0000] {processor.py:208} INFO - Processing /opt/airflow/dags/dag_extract_catalogs.py took 0.058 seconds
[2026-07-16T17:12:44.879+0000] {processor.py:186} INFO - Started process (PID=57411) to work on /opt/airflow/dags/dag_extract_catalogs.py
[2026-07-16T17:12:44.879+0000] {processor.py:914} INFO - Processing file /opt/airflow/dags/dag_extract_catalogs.py for tasks to queue
[2026-07-16T17:12:44.880+0000] {logging_mixin.py:190} INFO - [2026-07-16T17:12:44.880+0000] {dagbag.py:588} INFO - Filling up the DagBag from /opt/airflow/dags/dag_extract_catalogs.py
[2026-07-16T17:12:44.885+0000] {processor.py:925} INFO - DAG(s) 'dag_extract_catalogs' retrieved from /opt/airflow/dags/dag_extract_catalogs.py
[2026-07-16T17:12:44.895+0000] {logging_mixin.py:190} INFO - [2026-07-16T17:12:44.895+0000] {dag.py:3239} INFO - Sync 1 DAGs
[2026-07-16T17:12:44.902+0000] {logging_mixin.py:190} INFO - [2026-07-16T17:12:44.902+0000] {dag.py:4180} INFO - Setting next_dagrun for dag_extract_catalogs to 2026-07-16 01:00:00+00:00, run_after=2026-07-17 01:00:00+00:00
[2026-07-16T17:12:44.907+0000] {processor.py:208} INFO - Processing /opt/airflow/dags/dag_extract_catalogs.py took 0.031 seconds
[2026-07-16T17:13:15.337+0000] {processor.py:186} INFO - Started process (PID=57431) to work on /opt/airflow/dags/dag_extract_catalogs.py
[2026-07-16T17:13:15.337+0000] {processor.py:914} INFO - Processing file /opt/airflow/dags/dag_extract_catalogs.py for tasks to queue
[2026-07-16T17:13:15.338+0000] {logging_mixin.py:190} INFO - [2026-07-16T17:13:15.338+0000] {dagbag.py:588} INFO - Filling up the DagBag from /opt/airflow/dags/dag_extract_catalogs.py
[2026-07-16T17:13:15.343+0000] {processor.py:925} INFO - DAG(s) 'dag_extract_catalogs' retrieved from /opt/airflow/dags/dag_extract_catalogs.py
[2026-07-16T17:13:15.353+0000] {logging_mixin.py:190} INFO - [2026-07-16T17:13:15.353+0000] {dag.py:3239} INFO - Sync 1 DAGs
[2026-07-16T17:13:15.360+0000] {logging_mixin.py:190} INFO - [2026-07-16T17:13:15.360+0000] {dag.py:4180} INFO - Setting next_dagrun for dag_extract_catalogs to 2026-07-16 01:00:00+00:00, run_after=2026-07-17 01:00:00+00:00
[2026-07-16T17:13:15.365+0000] {processor.py:208} INFO - Processing /opt/airflow/dags/dag_extract_catalogs.py took 0.031 seconds
[2026-07-16T17:13:45.956+0000] {processor.py:186} INFO - Started process (PID=57451) to work on /opt/airflow/dags/dag_extract_catalogs.py
[2026-07-16T17:13:45.957+0000] {processor.py:914} INFO - Processing file /opt/airflow/dags/dag_extract_catalogs.py for tasks to queue
[2026-07-16T17:13:45.958+0000] {logging_mixin.py:190} INFO - [2026-07-16T17:13:45.958+0000] {dagbag.py:588} INFO - Filling up the DagBag from /opt/airflow/dags/dag_extract_catalogs.py
[2026-07-16T17:13:45.962+0000] {processor.py:925} INFO - DAG(s) 'dag_extract_catalogs' retrieved from /opt/airflow/dags/dag_extract_catalogs.py
[2026-07-16T17:13:45.973+0000] {logging_mixin.py:190} INFO - [2026-07-16T17:13:45.973+0000] {dag.py:3239} INFO - Sync 1 DAGs
[2026-07-16T17:13:45.981+0000] {logging_mixin.py:190} INFO - [2026-07-16T17:13:45.980+0000] {dag.py:4180} INFO - Setting next_dagrun for dag_extract_catalogs to 2026-07-16 01:00:00+00:00, run_after=2026-07-17 01:00:00+00:00
[2026-07-16T17:13:45.985+0000] {processor.py:208} INFO - Processing /opt/airflow/dags/dag_extract_catalogs.py took 0.034 seconds
[2026-07-16T17:14:16.554+0000] {processor.py:186} INFO - Started process (PID=57471) to work on /opt/airflow/dags/dag_extract_catalogs.py
[2026-07-16T17:14:16.554+0000] {processor.py:914} INFO - Processing file /opt/airflow/dags/dag_extract_catalogs.py for tasks to queue
[2026-07-16T17:14:16.555+0000] {logging_mixin.py:190} INFO - [2026-07-16T17:14:16.555+0000] {dagbag.py:588} INFO - Filling up the DagBag from /opt/airflow/dags/dag_extract_catalogs.py
[2026-07-16T17:14:16.561+0000] {processor.py:925} INFO - DAG(s) 'dag_extract_catalogs' retrieved from /opt/airflow/dags/dag_extract_catalogs.py
[2026-07-16T17:14:16.571+0000] {logging_mixin.py:190} INFO - [2026-07-16T17:14:16.571+0000] {dag.py:3239} INFO - Sync 1 DAGs
[2026-07-16T17:14:16.580+0000] {logging_mixin.py:190} INFO - [2026-07-16T17:14:16.580+0000] {dag.py:4180} INFO - Setting next_dagrun for dag_extract_catalogs to 2026-07-16 01:00:00+00:00, run_after=2026-07-17 01:00:00+00:00
[2026-07-16T17:14:16.585+0000] {processor.py:208} INFO - Processing /opt/airflow/dags/dag_extract_catalogs.py took 0.034 seconds
[2026-07-16T17:14:46.988+0000] {processor.py:186} INFO - Started process (PID=57491) to work on /opt/airflow/dags/dag_extract_catalogs.py
[2026-07-16T17:14:46.988+0000] {processor.py:914} INFO - Processing file /opt/airflow/dags/dag_extract_catalogs.py for tasks to queue
[2026-07-16T17:14:46.990+0000] {logging_mixin.py:190} INFO - [2026-07-16T17:14:46.989+0000] {dagbag.py:588} INFO - Filling up the DagBag from /opt/airflow/dags/dag_extract_catalogs.py
[2026-07-16T17:14:46.995+0000] {processor.py:925} INFO - DAG(s) 'dag_extract_catalogs' retrieved from /opt/airflow/dags/dag_extract_catalogs.py
[2026-07-16T17:14:47.007+0000] {logging_mixin.py:190} INFO - [2026-07-16T17:14:47.007+0000] {dag.py:3239} INFO - Sync 1 DAGs
[2026-07-16T17:14:47.016+0000] {logging_mixin.py:190} INFO - [2026-07-16T17:14:47.016+0000] {dag.py:4180} INFO - Setting next_dagrun for dag_extract_catalogs to 2026-07-16 01:00:00+00:00, run_after=2026-07-17 01:00:00+00:00
[2026-07-16T17:14:47.021+0000] {processor.py:208} INFO - Processing /opt/airflow/dags/dag_extract_catalogs.py took 0.037 seconds
[2026-07-16T17:15:17.465+0000] {processor.py:186} INFO - Started process (PID=57511) to work on /opt/airflow/dags/dag_extract_catalogs.py
[2026-07-16T17:15:17.466+0000] {processor.py:914} INFO - Processing file /opt/airflow/dags/dag_extract_catalogs.py for tasks to queue
[2026-07-16T17:15:17.467+0000] {logging_mixin.py:190} INFO - [2026-07-16T17:15:17.467+0000] {dagbag.py:588} INFO - Filling up the DagBag from /opt/airflow/dags/dag_extract_catalogs.py
[2026-07-16T17:15:17.472+0000] {processor.py:925} INFO - DAG(s) 'dag_extract_catalogs' retrieved from /opt/airflow/dags/dag_extract_catalogs.py
[2026-07-16T17:15:17.482+0000] {logging_mixin.py:190} INFO - [2026-07-16T17:15:17.481+0000] {dag.py:3239} INFO - Sync 1 DAGs
[2026-07-16T17:15:17.489+0000] {logging_mixin.py:190} INFO - [2026-07-16T17:15:17.489+0000] {dag.py:4180} INFO - Setting next_dagrun for dag_extract_catalogs to 2026-07-16 01:00:00+00:00, run_after=2026-07-17 01:00:00+00:00
[2026-07-16T17:15:17.494+0000] {processor.py:208} INFO - Processing /opt/airflow/dags/dag_extract_catalogs.py took 0.031 seconds
[2026-07-16T17:15:47.916+0000] {processor.py:186} INFO - Started process (PID=57531) to work on /opt/airflow/dags/dag_extract_catalogs.py
[2026-07-16T17:15:47.917+0000] {processor.py:914} INFO - Processing file /opt/airflow/dags/dag_extract_catalogs.py for tasks to queue
[2026-07-16T17:15:47.918+0000] {logging_mixin.py:190} INFO - [2026-07-16T17:15:47.917+0000] {dagbag.py:588} INFO - Filling up the DagBag from /opt/airflow/dags/dag_extract_catalogs.py
[2026-07-16T17:15:47.922+0000] {processor.py:925} INFO - DAG(s) 'dag_extract_catalogs' retrieved from /opt/airflow/dags/dag_extract_catalogs.py
[2026-07-16T17:15:47.932+0000] {logging_mixin.py:190} INFO - [2026-07-16T17:15:47.932+0000] {dag.py:3239} INFO - Sync 1 DAGs
[2026-07-16T17:15:47.939+0000] {logging_mixin.py:190} INFO - [2026-07-16T17:15:47.939+0000] {dag.py:4180} INFO - Setting next_dagrun for dag_extract_catalogs to 2026-07-16 01:00:00+00:00, run_after=2026-07-17 01:00:00+00:00
[2026-07-16T17:15:47.944+0000] {processor.py:208} INFO - Processing /opt/airflow/dags/dag_extract_catalogs.py took 0.033 seconds
[2026-07-16T17:16:18.510+0000] {processor.py:186} INFO - Started process (PID=57551) to work on /opt/airflow/dags/dag_extract_catalogs.py
[2026-07-16T17:16:18.511+0000] {processor.py:914} INFO - Processing file /opt/airflow/dags/dag_extract_catalogs.py for tasks to queue
[2026-07-16T17:16:18.511+0000] {logging_mixin.py:190} INFO - [2026-07-16T17:16:18.511+0000] {dagbag.py:588} INFO - Filling up the DagBag from /opt/airflow/dags/dag_extract_catalogs.py
[2026-07-16T17:16:18.518+0000] {processor.py:925} INFO - DAG(s) 'dag_extract_catalogs' retrieved from /opt/airflow/dags/dag_extract_catalogs.py
[2026-07-16T17:16:18.528+0000] {logging_mixin.py:190} INFO - [2026-07-16T17:16:18.528+0000] {dag.py:3239} INFO - Sync 1 DAGs
[2026-07-16T17:16:18.536+0000] {logging_mixin.py:190} INFO - [2026-07-16T17:16:18.536+0000] {dag.py:4180} INFO - Setting next_dagrun for dag_extract_catalogs to 2026-07-16 01:00:00+00:00, run_after=2026-07-17 01:00:00+00:00
[2026-07-16T17:16:18.540+0000] {processor.py:208} INFO - Processing /opt/airflow/dags/dag_extract_catalogs.py took 0.034 seconds
[2026-07-16T17:16:48.949+0000] {processor.py:186} INFO - Started process (PID=57571) to work on /opt/airflow/dags/dag_extract_catalogs.py
[2026-07-16T17:16:48.950+0000] {processor.py:914} INFO - Processing file /opt/airflow/dags/dag_extract_catalogs.py for tasks to queue
[2026-07-16T17:16:48.951+0000] {logging_mixin.py:190} INFO - [2026-07-16T17:16:48.951+0000] {dagbag.py:588} INFO - Filling up the DagBag from /opt/airflow/dags/dag_extract_catalogs.py
[2026-07-16T17:16:48.956+0000] {processor.py:925} INFO - DAG(s) 'dag_extract_catalogs' retrieved from /opt/airflow/dags/dag_extract_catalogs.py
[2026-07-16T17:16:48.966+0000] {logging_mixin.py:190} INFO - [2026-07-16T17:16:48.966+0000] {dag.py:3239} INFO - Sync 1 DAGs
[2026-07-16T17:16:48.974+0000] {logging_mixin.py:190} INFO - [2026-07-16T17:16:48.974+0000] {dag.py:4180} INFO - Setting next_dagrun for dag_extract_catalogs to 2026-07-16 01:00:00+00:00, run_after=2026-07-17 01:00:00+00:00
[2026-07-16T17:16:48.979+0000] {processor.py:208} INFO - Processing /opt/airflow/dags/dag_extract_catalogs.py took 0.033 seconds
[2026-07-16T17:17:19.430+0000] {processor.py:186} INFO - Started process (PID=57591) to work on /opt/airflow/dags/dag_extract_catalogs.py
[2026-07-16T17:17:19.431+0000] {processor.py:914} INFO - Processing file /opt/airflow/dags/dag_extract_catalogs.py for tasks to queue
[2026-07-16T17:17:19.432+0000] {logging_mixin.py:190} INFO - [2026-07-16T17:17:19.432+0000] {dagbag.py:588} INFO - Filling up the DagBag from /opt/airflow/dags/dag_extract_catalogs.py
[2026-07-16T17:17:19.437+0000] {processor.py:925} INFO - DAG(s) 'dag_extract_catalogs' retrieved from /opt/airflow/dags/dag_extract_catalogs.py
[2026-07-16T17:17:19.447+0000] {logging_mixin.py:190} INFO - [2026-07-16T17:17:19.447+0000] {dag.py:3239} INFO - Sync 1 DAGs
[2026-07-16T17:17:19.455+0000] {logging_mixin.py:190} INFO - [2026-07-16T17:17:19.455+0000] {dag.py:4180} INFO - Setting next_dagrun for dag_extract_catalogs to 2026-07-16 01:00:00+00:00, run_after=2026-07-17 01:00:00+00:00
[2026-07-16T17:17:19.460+0000] {processor.py:208} INFO - Processing /opt/airflow/dags/dag_extract_catalogs.py took 0.032 seconds
[2026-07-16T17:17:49.953+0000] {processor.py:186} INFO - Started process (PID=57611) to work on /opt/airflow/dags/dag_extract_catalogs.py
[2026-07-16T17:17:49.953+0000] {processor.py:914} INFO - Processing file /opt/airflow/dags/dag_extract_catalogs.py for tasks to queue
[2026-07-16T17:17:49.954+0000] {logging_mixin.py:190} INFO - [2026-07-16T17:17:49.954+0000] {dagbag.py:588} INFO - Filling up the DagBag from /opt/airflow/dags/dag_extract_catalogs.py
[2026-07-16T17:17:49.959+0000] {processor.py:925} INFO - DAG(s) 'dag_extract_catalogs' retrieved from /opt/airflow/dags/dag_extract_catalogs.py
[2026-07-16T17:17:49.969+0000] {logging_mixin.py:190} INFO - [2026-07-16T17:17:49.969+0000] {dag.py:3239} INFO - Sync 1 DAGs
[2026-07-16T17:17:49.976+0000] {logging_mixin.py:190} INFO - [2026-07-16T17:17:49.976+0000] {dag.py:4180} INFO - Setting next_dagrun for dag_extract_catalogs to 2026-07-16 01:00:00+00:00, run_after=2026-07-17 01:00:00+00:00
[2026-07-16T17:17:49.981+0000] {processor.py:208} INFO - Processing /opt/airflow/dags/dag_extract_catalogs.py took 0.030 seconds
[2026-07-16T17:18:20.432+0000] {processor.py:186} INFO - Started process (PID=57631) to work on /opt/airflow/dags/dag_extract_catalogs.py
[2026-07-16T17:18:20.432+0000] {processor.py:914} INFO - Processing file /opt/airflow/dags/dag_extract_catalogs.py for tasks to queue
[2026-07-16T17:18:20.433+0000] {logging_mixin.py:190} INFO - [2026-07-16T17:18:20.433+0000] {dagbag.py:588} INFO - Filling up the DagBag from /opt/airflow/dags/dag_extract_catalogs.py
[2026-07-16T17:18:20.438+0000] {processor.py:925} INFO - DAG(s) 'dag_extract_catalogs' retrieved from /opt/airflow/dags/dag_extract_catalogs.py
[2026-07-16T17:18:20.448+0000] {logging_mixin.py:190} INFO - [2026-07-16T17:18:20.448+0000] {dag.py:3239} INFO - Sync 1 DAGs
[2026-07-16T17:18:20.455+0000] {logging_mixin.py:190} INFO - [2026-07-16T17:18:20.455+0000] {dag.py:4180} INFO - Setting next_dagrun for dag_extract_catalogs to 2026-07-16 01:00:00+00:00, run_after=2026-07-17 01:00:00+00:00
[2026-07-16T17:18:20.460+0000] {processor.py:208} INFO - Processing /opt/airflow/dags/dag_extract_catalogs.py took 0.030 seconds
[2026-07-16T17:18:50.900+0000] {processor.py:186} INFO - Started process (PID=57651) to work on /opt/airflow/dags/dag_extract_catalogs.py
[2026-07-16T17:18:50.901+0000] {processor.py:914} INFO - Processing file /opt/airflow/dags/dag_extract_catalogs.py for tasks to queue
[2026-07-16T17:18:50.902+0000] {logging_mixin.py:190} INFO - [2026-07-16T17:18:50.902+0000] {dagbag.py:588} INFO - Filling up the DagBag from /opt/airflow/dags/dag_extract_catalogs.py
[2026-07-16T17:18:50.906+0000] {processor.py:925} INFO - DAG(s) 'dag_extract_catalogs' retrieved from /opt/airflow/dags/dag_extract_catalogs.py
[2026-07-16T17:18:50.917+0000] {logging_mixin.py:190} INFO - [2026-07-16T17:18:50.917+0000] {dag.py:3239} INFO - Sync 1 DAGs
[2026-07-16T17:18:50.924+0000] {logging_mixin.py:190} INFO - [2026-07-16T17:18:50.924+0000] {dag.py:4180} INFO - Setting next_dagrun for dag_extract_catalogs to 2026-07-16 01:00:00+00:00, run_after=2026-07-17 01:00:00+00:00
[2026-07-16T17:18:50.929+0000] {processor.py:208} INFO - Processing /opt/airflow/dags/dag_extract_catalogs.py took 0.033 seconds
[2026-07-16T17:19:21.396+0000] {processor.py:186} INFO - Started process (PID=57671) to work on /opt/airflow/dags/dag_extract_catalogs.py
[2026-07-16T17:19:21.397+0000] {processor.py:914} INFO - Processing file /opt/airflow/dags/dag_extract_catalogs.py for tasks to queue
[2026-07-16T17:19:21.397+0000] {logging_mixin.py:190} INFO - [2026-07-16T17:19:21.397+0000] {dagbag.py:588} INFO - Filling up the DagBag from /opt/airflow/dags/dag_extract_catalogs.py
[2026-07-16T17:19:21.403+0000] {processor.py:925} INFO - DAG(s) 'dag_extract_catalogs' retrieved from /opt/airflow/dags/dag_extract_catalogs.py
[2026-07-16T17:19:21.413+0000] {logging_mixin.py:190} INFO - [2026-07-16T17:19:21.413+0000] {dag.py:3239} INFO - Sync 1 DAGs
[2026-07-16T17:19:21.420+0000] {logging_mixin.py:190} INFO - [2026-07-16T17:19:21.420+0000] {dag.py:4180} INFO - Setting next_dagrun for dag_extract_catalogs to 2026-07-16 01:00:00+00:00, run_after=2026-07-17 01:00:00+00:00
[2026-07-16T17:19:21.426+0000] {processor.py:208} INFO - Processing /opt/airflow/dags/dag_extract_catalogs.py took 0.033 seconds
[2026-07-16T17:19:51.972+0000] {processor.py:186} INFO - Started process (PID=57691) to work on /opt/airflow/dags/dag_extract_catalogs.py
[2026-07-16T17:19:51.973+0000] {processor.py:914} INFO - Processing file /opt/airflow/dags/dag_extract_catalogs.py for tasks to queue
[2026-07-16T17:19:51.974+0000] {logging_mixin.py:190} INFO - [2026-07-16T17:19:51.974+0000] {dagbag.py:588} INFO - Filling up the DagBag from /opt/airflow/dags/dag_extract_catalogs.py
[2026-07-16T17:19:51.979+0000] {processor.py:925} INFO - DAG(s) 'dag_extract_catalogs' retrieved from /opt/airflow/dags/dag_extract_catalogs.py
[2026-07-16T17:19:51.990+0000] {logging_mixin.py:190} INFO - [2026-07-16T17:19:51.990+0000] {dag.py:3239} INFO - Sync 1 DAGs
[2026-07-16T17:19:51.998+0000] {logging_mixin.py:190} INFO - [2026-07-16T17:19:51.998+0000] {dag.py:4180} INFO - Setting next_dagrun for dag_extract_catalogs to 2026-07-16 01:00:00+00:00, run_after=2026-07-17 01:00:00+00:00
[2026-07-16T17:19:52.003+0000] {processor.py:208} INFO - Processing /opt/airflow/dags/dag_extract_catalogs.py took 0.037 seconds
[2026-07-16T17:20:22.418+0000] {processor.py:186} INFO - Started process (PID=57711) to work on /opt/airflow/dags/dag_extract_catalogs.py
[2026-07-16T17:20:22.418+0000] {processor.py:914} INFO - Processing file /opt/airflow/dags/dag_extract_catalogs.py for tasks to queue
[2026-07-16T17:20:22.419+0000] {logging_mixin.py:190} INFO - [2026-07-16T17:20:22.419+0000] {dagbag.py:588} INFO - Filling up the DagBag from /opt/airflow/dags/dag_extract_catalogs.py
[2026-07-16T17:20:22.424+0000] {processor.py:925} INFO - DAG(s) 'dag_extract_catalogs' retrieved from /opt/airflow/dags/dag_extract_catalogs.py
[2026-07-16T17:20:22.434+0000] {logging_mixin.py:190} INFO - [2026-07-16T17:20:22.434+0000] {dag.py:3239} INFO - Sync 1 DAGs
[2026-07-16T17:20:22.441+0000] {logging_mixin.py:190} INFO - [2026-07-16T17:20:22.441+0000] {dag.py:4180} INFO - Setting next_dagrun for dag_extract_catalogs to 2026-07-16 01:00:00+00:00, run_after=2026-07-17 01:00:00+00:00
[2026-07-16T17:20:22.446+0000] {processor.py:208} INFO - Processing /opt/airflow/dags/dag_extract_catalogs.py took 0.031 seconds
[2026-07-16T17:20:52.942+0000] {processor.py:186} INFO - Started process (PID=57731) to work on /opt/airflow/dags/dag_extract_catalogs.py
[2026-07-16T17:20:52.942+0000] {processor.py:914} INFO - Processing file /opt/airflow/dags/dag_extract_catalogs.py for tasks to queue
[2026-07-16T17:20:52.943+0000] {logging_mixin.py:190} INFO - [2026-07-16T17:20:52.943+0000] {dagbag.py:588} INFO - Filling up the DagBag from /opt/airflow/dags/dag_extract_catalogs.py
[2026-07-16T17:20:52.948+0000] {processor.py:925} INFO - DAG(s) 'dag_extract_catalogs' retrieved from /opt/airflow/dags/dag_extract_catalogs.py
[2026-07-16T17:20:52.959+0000] {logging_mixin.py:190} INFO - [2026-07-16T17:20:52.958+0000] {dag.py:3239} INFO - Sync 1 DAGs
[2026-07-16T17:20:52.966+0000] {logging_mixin.py:190} INFO - [2026-07-16T17:20:52.966+0000] {dag.py:4180} INFO - Setting next_dagrun for dag_extract_catalogs to 2026-07-16 01:00:00+00:00, run_after=2026-07-17 01:00:00+00:00
[2026-07-16T17:20:52.971+0000] {processor.py:208} INFO - Processing /opt/airflow/dags/dag_extract_catalogs.py took 0.032 seconds
[2026-07-16T17:21:23.373+0000] {processor.py:186} INFO - Started process (PID=57751) to work on /opt/airflow/dags/dag_extract_catalogs.py
[2026-07-16T17:21:23.373+0000] {processor.py:914} INFO - Processing file /opt/airflow/dags/dag_extract_catalogs.py for tasks to queue
[2026-07-16T17:21:23.374+0000] {logging_mixin.py:190} INFO - [2026-07-16T17:21:23.374+0000] {dagbag.py:588} INFO - Filling up the DagBag from /opt/airflow/dags/dag_extract_catalogs.py
[2026-07-16T17:21:23.379+0000] {processor.py:925} INFO - DAG(s) 'dag_extract_catalogs' retrieved from /opt/airflow/dags/dag_extract_catalogs.py
[2026-07-16T17:21:23.389+0000] {logging_mixin.py:190} INFO - [2026-07-16T17:21:23.389+0000] {dag.py:3239} INFO - Sync 1 DAGs
[2026-07-16T17:21:23.397+0000] {logging_mixin.py:190} INFO - [2026-07-16T17:21:23.397+0000] {dag.py:4180} INFO - Setting next_dagrun for dag_extract_catalogs to 2026-07-16 01:00:00+00:00, run_after=2026-07-17 01:00:00+00:00
[2026-07-16T17:21:23.402+0000] {processor.py:208} INFO - Processing /opt/airflow/dags/dag_extract_catalogs.py took 0.032 seconds
[2026-07-16T17:21:53.862+0000] {processor.py:186} INFO - Started process (PID=57771) to work on /opt/airflow/dags/dag_extract_catalogs.py
[2026-07-16T17:21:53.863+0000] {processor.py:914} INFO - Processing file /opt/airflow/dags/dag_extract_catalogs.py for tasks to queue
[2026-07-16T17:21:53.863+0000] {logging_mixin.py:190} INFO - [2026-07-16T17:21:53.863+0000] {dagbag.py:588} INFO - Filling up the DagBag from /opt/airflow/dags/dag_extract_catalogs.py
[2026-07-16T17:21:53.868+0000] {processor.py:925} INFO - DAG(s) 'dag_extract_catalogs' retrieved from /opt/airflow/dags/dag_extract_catalogs.py
[2026-07-16T17:21:53.878+0000] {logging_mixin.py:190} INFO - [2026-07-16T17:21:53.878+0000] {dag.py:3239} INFO - Sync 1 DAGs
[2026-07-16T17:21:53.885+0000] {logging_mixin.py:190} INFO - [2026-07-16T17:21:53.885+0000] {dag.py:4180} INFO - Setting next_dagrun for dag_extract_catalogs to 2026-07-16 01:00:00+00:00, run_after=2026-07-17 01:00:00+00:00
[2026-07-16T17:21:53.889+0000] {processor.py:208} INFO - Processing /opt/airflow/dags/dag_extract_catalogs.py took 0.030 seconds
[2026-07-16T17:22:24.350+0000] {processor.py:186} INFO - Started process (PID=57791) to work on /opt/airflow/dags/dag_extract_catalogs.py
[2026-07-16T17:22:24.351+0000] {processor.py:914} INFO - Processing file /opt/airflow/dags/dag_extract_catalogs.py for tasks to queue
[2026-07-16T17:22:24.352+0000] {logging_mixin.py:190} INFO - [2026-07-16T17:22:24.352+0000] {dagbag.py:588} INFO - Filling up the DagBag from /opt/airflow/dags/dag_extract_catalogs.py
[2026-07-16T17:22:24.357+0000] {processor.py:925} INFO - DAG(s) 'dag_extract_catalogs' retrieved from /opt/airflow/dags/dag_extract_catalogs.py
[2026-07-16T17:22:24.367+0000] {logging_mixin.py:190} INFO - [2026-07-16T17:22:24.367+0000] {dag.py:3239} INFO - Sync 1 DAGs
[2026-07-16T17:22:24.375+0000] {logging_mixin.py:190} INFO - [2026-07-16T17:22:24.374+0000] {dag.py:4180} INFO - Setting next_dagrun for dag_extract_catalogs to 2026-07-16 01:00:00+00:00, run_after=2026-07-17 01:00:00+00:00
[2026-07-16T17:22:24.379+0000] {processor.py:208} INFO - Processing /opt/airflow/dags/dag_extract_catalogs.py took 0.032 seconds
[2026-07-16T17:22:54.857+0000] {processor.py:186} INFO - Started process (PID=57811) to work on /opt/airflow/dags/dag_extract_catalogs.py
[2026-07-16T17:22:54.858+0000] {processor.py:914} INFO - Processing file /opt/airflow/dags/dag_extract_catalogs.py for tasks to queue
[2026-07-16T17:22:54.859+0000] {logging_mixin.py:190} INFO - [2026-07-16T17:22:54.859+0000] {dagbag.py:588} INFO - Filling up the DagBag from /opt/airflow/dags/dag_extract_catalogs.py
[2026-07-16T17:22:54.864+0000] {processor.py:925} INFO - DAG(s) 'dag_extract_catalogs' retrieved from /opt/airflow/dags/dag_extract_catalogs.py
[2026-07-16T17:22:54.875+0000] {logging_mixin.py:190} INFO - [2026-07-16T17:22:54.875+0000] {dag.py:3239} INFO - Sync 1 DAGs
[2026-07-16T17:22:54.882+0000] {logging_mixin.py:190} INFO - [2026-07-16T17:22:54.882+0000] {dag.py:4180} INFO - Setting next_dagrun for dag_extract_catalogs to 2026-07-16 01:00:00+00:00, run_after=2026-07-17 01:00:00+00:00
[2026-07-16T17:22:54.888+0000] {processor.py:208} INFO - Processing /opt/airflow/dags/dag_extract_catalogs.py took 0.035 seconds
[2026-07-16T17:23:25.293+0000] {processor.py:186} INFO - Started process (PID=57831) to work on /opt/airflow/dags/dag_extract_catalogs.py
[2026-07-16T17:23:25.293+0000] {processor.py:914} INFO - Processing file /opt/airflow/dags/dag_extract_catalogs.py for tasks to queue
[2026-07-16T17:23:25.294+0000] {logging_mixin.py:190} INFO - [2026-07-16T17:23:25.294+0000] {dagbag.py:588} INFO - Filling up the DagBag from /opt/airflow/dags/dag_extract_catalogs.py
[2026-07-16T17:23:25.299+0000] {processor.py:925} INFO - DAG(s) 'dag_extract_catalogs' retrieved from /opt/airflow/dags/dag_extract_catalogs.py
[2026-07-16T17:23:25.309+0000] {logging_mixin.py:190} INFO - [2026-07-16T17:23:25.309+0000] {dag.py:3239} INFO - Sync 1 DAGs
[2026-07-16T17:23:25.316+0000] {logging_mixin.py:190} INFO - [2026-07-16T17:23:25.316+0000] {dag.py:4180} INFO - Setting next_dagrun for dag_extract_catalogs to 2026-07-16 01:00:00+00:00, run_after=2026-07-17 01:00:00+00:00
[2026-07-16T17:23:25.320+0000] {processor.py:208} INFO - Processing /opt/airflow/dags/dag_extract_catalogs.py took 0.030 seconds
[2026-07-16T17:23:55.733+0000] {processor.py:186} INFO - Started process (PID=57851) to work on /opt/airflow/dags/dag_extract_catalogs.py
[2026-07-16T17:23:55.733+0000] {processor.py:914} INFO - Processing file /opt/airflow/dags/dag_extract_catalogs.py for tasks to queue
[2026-07-16T17:23:55.734+0000] {logging_mixin.py:190} INFO - [2026-07-16T17:23:55.734+0000] {dagbag.py:588} INFO - Filling up the DagBag from /opt/airflow/dags/dag_extract_catalogs.py
[2026-07-16T17:23:55.739+0000] {processor.py:925} INFO - DAG(s) 'dag_extract_catalogs' retrieved from /opt/airflow/dags/dag_extract_catalogs.py
[2026-07-16T17:23:55.749+0000] {logging_mixin.py:190} INFO - [2026-07-16T17:23:55.749+0000] {dag.py:3239} INFO - Sync 1 DAGs
[2026-07-16T17:23:55.756+0000] {logging_mixin.py:190} INFO - [2026-07-16T17:23:55.756+0000] {dag.py:4180} INFO - Setting next_dagrun for dag_extract_catalogs to 2026-07-16 01:00:00+00:00, run_after=2026-07-17 01:00:00+00:00
[2026-07-16T17:23:55.761+0000] {processor.py:208} INFO - Processing /opt/airflow/dags/dag_extract_catalogs.py took 0.030 seconds
[2026-07-16T17:24:26.210+0000] {processor.py:186} INFO - Started process (PID=57871) to work on /opt/airflow/dags/dag_extract_catalogs.py
[2026-07-16T17:24:26.210+0000] {processor.py:914} INFO - Processing file /opt/airflow/dags/dag_extract_catalogs.py for tasks to queue
[2026-07-16T17:24:26.211+0000] {logging_mixin.py:190} INFO - [2026-07-16T17:24:26.211+0000] {dagbag.py:588} INFO - Filling up the DagBag from /opt/airflow/dags/dag_extract_catalogs.py
[2026-07-16T17:24:26.217+0000] {processor.py:925} INFO - DAG(s) 'dag_extract_catalogs' retrieved from /opt/airflow/dags/dag_extract_catalogs.py
[2026-07-16T17:24:26.231+0000] {logging_mixin.py:190} INFO - [2026-07-16T17:24:26.231+0000] {dag.py:3239} INFO - Sync 1 DAGs
[2026-07-16T17:24:26.241+0000] {logging_mixin.py:190} INFO - [2026-07-16T17:24:26.241+0000] {dag.py:4180} INFO - Setting next_dagrun for dag_extract_catalogs to 2026-07-16 01:00:00+00:00, run_after=2026-07-17 01:00:00+00:00
[2026-07-16T17:24:26.248+0000] {processor.py:208} INFO - Processing /opt/airflow/dags/dag_extract_catalogs.py took 0.042 seconds
[2026-07-16T17:24:56.720+0000] {processor.py:186} INFO - Started process (PID=57891) to work on /opt/airflow/dags/dag_extract_catalogs.py
[2026-07-16T17:24:56.720+0000] {processor.py:914} INFO - Processing file /opt/airflow/dags/dag_extract_catalogs.py for tasks to queue
[2026-07-16T17:24:56.721+0000] {logging_mixin.py:190} INFO - [2026-07-16T17:24:56.721+0000] {dagbag.py:588} INFO - Filling up the DagBag from /opt/airflow/dags/dag_extract_catalogs.py
[2026-07-16T17:24:56.727+0000] {processor.py:925} INFO - DAG(s) 'dag_extract_catalogs' retrieved from /opt/airflow/dags/dag_extract_catalogs.py
[2026-07-16T17:24:56.737+0000] {logging_mixin.py:190} INFO - [2026-07-16T17:24:56.737+0000] {dag.py:3239} INFO - Sync 1 DAGs
[2026-07-16T17:24:56.745+0000] {logging_mixin.py:190} INFO - [2026-07-16T17:24:56.744+0000] {dag.py:4180} INFO - Setting next_dagrun for dag_extract_catalogs to 2026-07-16 01:00:00+00:00, run_after=2026-07-17 01:00:00+00:00
[2026-07-16T17:24:56.749+0000] {processor.py:208} INFO - Processing /opt/airflow/dags/dag_extract_catalogs.py took 0.035 seconds
[2026-07-16T17:25:27.250+0000] {processor.py:186} INFO - Started process (PID=57911) to work on /opt/airflow/dags/dag_extract_catalogs.py
[2026-07-16T17:25:27.250+0000] {processor.py:914} INFO - Processing file /opt/airflow/dags/dag_extract_catalogs.py for tasks to queue
[2026-07-16T17:25:27.251+0000] {logging_mixin.py:190} INFO - [2026-07-16T17:25:27.251+0000] {dagbag.py:588} INFO - Filling up the DagBag from /opt/airflow/dags/dag_extract_catalogs.py
[2026-07-16T17:25:27.258+0000] {processor.py:925} INFO - DAG(s) 'dag_extract_catalogs' retrieved from /opt/airflow/dags/dag_extract_catalogs.py
[2026-07-16T17:25:27.275+0000] {logging_mixin.py:190} INFO - [2026-07-16T17:25:27.275+0000] {dag.py:3239} INFO - Sync 1 DAGs
[2026-07-16T17:25:27.289+0000] {logging_mixin.py:190} INFO - [2026-07-16T17:25:27.289+0000] {dag.py:4180} INFO - Setting next_dagrun for dag_extract_catalogs to 2026-07-16 01:00:00+00:00, run_after=2026-07-17 01:00:00+00:00
[2026-07-16T17:25:27.299+0000] {processor.py:208} INFO - Processing /opt/airflow/dags/dag_extract_catalogs.py took 0.053 seconds
[2026-07-16T17:25:57.725+0000] {processor.py:186} INFO - Started process (PID=57931) to work on /opt/airflow/dags/dag_extract_catalogs.py
[2026-07-16T17:25:57.726+0000] {processor.py:914} INFO - Processing file /opt/airflow/dags/dag_extract_catalogs.py for tasks to queue
[2026-07-16T17:25:57.727+0000] {logging_mixin.py:190} INFO - [2026-07-16T17:25:57.727+0000] {dagbag.py:588} INFO - Filling up the DagBag from /opt/airflow/dags/dag_extract_catalogs.py
[2026-07-16T17:25:57.732+0000] {processor.py:925} INFO - DAG(s) 'dag_extract_catalogs' retrieved from /opt/airflow/dags/dag_extract_catalogs.py
[2026-07-16T17:25:57.744+0000] {logging_mixin.py:190} INFO - [2026-07-16T17:25:57.744+0000] {dag.py:3239} INFO - Sync 1 DAGs
[2026-07-16T17:25:57.752+0000] {logging_mixin.py:190} INFO - [2026-07-16T17:25:57.752+0000] {dag.py:4180} INFO - Setting next_dagrun for dag_extract_catalogs to 2026-07-16 01:00:00+00:00, run_after=2026-07-17 01:00:00+00:00
[2026-07-16T17:25:57.757+0000] {processor.py:208} INFO - Processing /opt/airflow/dags/dag_extract_catalogs.py took 0.035 seconds
[2026-07-16T17:26:28.191+0000] {processor.py:186} INFO - Started process (PID=57951) to work on /opt/airflow/dags/dag_extract_catalogs.py
[2026-07-16T17:26:28.191+0000] {processor.py:914} INFO - Processing file /opt/airflow/dags/dag_extract_catalogs.py for tasks to queue
[2026-07-16T17:26:28.192+0000] {logging_mixin.py:190} INFO - [2026-07-16T17:26:28.192+0000] {dagbag.py:588} INFO - Filling up the DagBag from /opt/airflow/dags/dag_extract_catalogs.py
[2026-07-16T17:26:28.197+0000] {processor.py:925} INFO - DAG(s) 'dag_extract_catalogs' retrieved from /opt/airflow/dags/dag_extract_catalogs.py
[2026-07-16T17:26:28.207+0000] {logging_mixin.py:190} INFO - [2026-07-16T17:26:28.207+0000] {dag.py:3239} INFO - Sync 1 DAGs
[2026-07-16T17:26:28.214+0000] {logging_mixin.py:190} INFO - [2026-07-16T17:26:28.214+0000] {dag.py:4180} INFO - Setting next_dagrun for dag_extract_catalogs to 2026-07-16 01:00:00+00:00, run_after=2026-07-17 01:00:00+00:00
[2026-07-16T17:26:28.219+0000] {processor.py:208} INFO - Processing /opt/airflow/dags/dag_extract_catalogs.py took 0.033 seconds
[2026-07-16T17:26:58.660+0000] {processor.py:186} INFO - Started process (PID=57971) to work on /opt/airflow/dags/dag_extract_catalogs.py
[2026-07-16T17:26:58.660+0000] {processor.py:914} INFO - Processing file /opt/airflow/dags/dag_extract_catalogs.py for tasks to queue
[2026-07-16T17:26:58.661+0000] {logging_mixin.py:190} INFO - [2026-07-16T17:26:58.661+0000] {dagbag.py:588} INFO - Filling up the DagBag from /opt/airflow/dags/dag_extract_catalogs.py
[2026-07-16T17:26:58.666+0000] {processor.py:925} INFO - DAG(s) 'dag_extract_catalogs' retrieved from /opt/airflow/dags/dag_extract_catalogs.py
[2026-07-16T17:26:58.676+0000] {logging_mixin.py:190} INFO - [2026-07-16T17:26:58.676+0000] {dag.py:3239} INFO - Sync 1 DAGs
[2026-07-16T17:26:58.683+0000] {logging_mixin.py:190} INFO - [2026-07-16T17:26:58.683+0000] {dag.py:4180} INFO - Setting next_dagrun for dag_extract_catalogs to 2026-07-16 01:00:00+00:00, run_after=2026-07-17 01:00:00+00:00
[2026-07-16T17:26:58.688+0000] {processor.py:208} INFO - Processing /opt/airflow/dags/dag_extract_catalogs.py took 0.031 seconds
[2026-07-16T17:27:29.118+0000] {processor.py:186} INFO - Started process (PID=57991) to work on /opt/airflow/dags/dag_extract_catalogs.py
[2026-07-16T17:27:29.118+0000] {processor.py:914} INFO - Processing file /opt/airflow/dags/dag_extract_catalogs.py for tasks to queue
[2026-07-16T17:27:29.119+0000] {logging_mixin.py:190} INFO - [2026-07-16T17:27:29.119+0000] {dagbag.py:588} INFO - Filling up the DagBag from /opt/airflow/dags/dag_extract_catalogs.py
[2026-07-16T17:27:29.124+0000] {processor.py:925} INFO - DAG(s) 'dag_extract_catalogs' retrieved from /opt/airflow/dags/dag_extract_catalogs.py
[2026-07-16T17:27:29.134+0000] {logging_mixin.py:190} INFO - [2026-07-16T17:27:29.134+0000] {dag.py:3239} INFO - Sync 1 DAGs
[2026-07-16T17:27:29.142+0000] {logging_mixin.py:190} INFO - [2026-07-16T17:27:29.142+0000] {dag.py:4180} INFO - Setting next_dagrun for dag_extract_catalogs to 2026-07-16 01:00:00+00:00, run_after=2026-07-17 01:00:00+00:00
[2026-07-16T17:27:29.147+0000] {processor.py:208} INFO - Processing /opt/airflow/dags/dag_extract_catalogs.py took 0.033 seconds
[2026-07-16T17:27:59.602+0000] {processor.py:186} INFO - Started process (PID=58011) to work on /opt/airflow/dags/dag_extract_catalogs.py
[2026-07-16T17:27:59.602+0000] {processor.py:914} INFO - Processing file /opt/airflow/dags/dag_extract_catalogs.py for tasks to queue
[2026-07-16T17:27:59.603+0000] {logging_mixin.py:190} INFO - [2026-07-16T17:27:59.603+0000] {dagbag.py:588} INFO - Filling up the DagBag from /opt/airflow/dags/dag_extract_catalogs.py
[2026-07-16T17:27:59.610+0000] {processor.py:925} INFO - DAG(s) 'dag_extract_catalogs' retrieved from /opt/airflow/dags/dag_extract_catalogs.py
[2026-07-16T17:27:59.623+0000] {logging_mixin.py:190} INFO - [2026-07-16T17:27:59.623+0000] {dag.py:3239} INFO - Sync 1 DAGs
[2026-07-16T17:27:59.634+0000] {logging_mixin.py:190} INFO - [2026-07-16T17:27:59.634+0000] {dag.py:4180} INFO - Setting next_dagrun for dag_extract_catalogs to 2026-07-16 01:00:00+00:00, run_after=2026-07-17 01:00:00+00:00
[2026-07-16T17:27:59.640+0000] {processor.py:208} INFO - Processing /opt/airflow/dags/dag_extract_catalogs.py took 0.042 seconds
[2026-07-16T17:28:30.045+0000] {processor.py:186} INFO - Started process (PID=58031) to work on /opt/airflow/dags/dag_extract_catalogs.py
[2026-07-16T17:28:30.046+0000] {processor.py:914} INFO - Processing file /opt/airflow/dags/dag_extract_catalogs.py for tasks to queue
[2026-07-16T17:28:30.047+0000] {logging_mixin.py:190} INFO - [2026-07-16T17:28:30.047+0000] {dagbag.py:588} INFO - Filling up the DagBag from /opt/airflow/dags/dag_extract_catalogs.py
[2026-07-16T17:28:30.052+0000] {processor.py:925} INFO - DAG(s) 'dag_extract_catalogs' retrieved from /opt/airflow/dags/dag_extract_catalogs.py
[2026-07-16T17:28:30.062+0000] {logging_mixin.py:190} INFO - [2026-07-16T17:28:30.062+0000] {dag.py:3239} INFO - Sync 1 DAGs
[2026-07-16T17:28:30.069+0000] {logging_mixin.py:190} INFO - [2026-07-16T17:28:30.069+0000] {dag.py:4180} INFO - Setting next_dagrun for dag_extract_catalogs to 2026-07-16 01:00:00+00:00, run_after=2026-07-17 01:00:00+00:00
[2026-07-16T17:28:30.074+0000] {processor.py:208} INFO - Processing /opt/airflow/dags/dag_extract_catalogs.py took 0.032 seconds
[2026-07-16T17:29:00.478+0000] {processor.py:186} INFO - Started process (PID=58051) to work on /opt/airflow/dags/dag_extract_catalogs.py
[2026-07-16T17:29:00.478+0000] {processor.py:914} INFO - Processing file /opt/airflow/dags/dag_extract_catalogs.py for tasks to queue
[2026-07-16T17:29:00.479+0000] {logging_mixin.py:190} INFO - [2026-07-16T17:29:00.479+0000] {dagbag.py:588} INFO - Filling up the DagBag from /opt/airflow/dags/dag_extract_catalogs.py
[2026-07-16T17:29:00.483+0000] {processor.py:925} INFO - DAG(s) 'dag_extract_catalogs' retrieved from /opt/airflow/dags/dag_extract_catalogs.py
[2026-07-16T17:29:00.493+0000] {logging_mixin.py:190} INFO - [2026-07-16T17:29:00.493+0000] {dag.py:3239} INFO - Sync 1 DAGs
[2026-07-16T17:29:00.501+0000] {logging_mixin.py:190} INFO - [2026-07-16T17:29:00.501+0000] {dag.py:4180} INFO - Setting next_dagrun for dag_extract_catalogs to 2026-07-16 01:00:00+00:00, run_after=2026-07-17 01:00:00+00:00
[2026-07-16T17:29:00.506+0000] {processor.py:208} INFO - Processing /opt/airflow/dags/dag_extract_catalogs.py took 0.031 seconds
[2026-07-16T17:29:30.955+0000] {processor.py:186} INFO - Started process (PID=58071) to work on /opt/airflow/dags/dag_extract_catalogs.py
[2026-07-16T17:29:30.955+0000] {processor.py:914} INFO - Processing file /opt/airflow/dags/dag_extract_catalogs.py for tasks to queue
[2026-07-16T17:29:30.956+0000] {logging_mixin.py:190} INFO - [2026-07-16T17:29:30.956+0000] {dagbag.py:588} INFO - Filling up the DagBag from /opt/airflow/dags/dag_extract_catalogs.py
[2026-07-16T17:29:30.962+0000] {processor.py:925} INFO - DAG(s) 'dag_extract_catalogs' retrieved from /opt/airflow/dags/dag_extract_catalogs.py
[2026-07-16T17:29:30.973+0000] {logging_mixin.py:190} INFO - [2026-07-16T17:29:30.972+0000] {dag.py:3239} INFO - Sync 1 DAGs
[2026-07-16T17:29:30.980+0000] {logging_mixin.py:190} INFO - [2026-07-16T17:29:30.980+0000] {dag.py:4180} INFO - Setting next_dagrun for dag_extract_catalogs to 2026-07-16 01:00:00+00:00, run_after=2026-07-17 01:00:00+00:00
[2026-07-16T17:29:30.985+0000] {processor.py:208} INFO - Processing /opt/airflow/dags/dag_extract_catalogs.py took 0.033 seconds
[2026-07-16T17:30:01.421+0000] {processor.py:186} INFO - Started process (PID=58091) to work on /opt/airflow/dags/dag_extract_catalogs.py
[2026-07-16T17:30:01.421+0000] {processor.py:914} INFO - Processing file /opt/airflow/dags/dag_extract_catalogs.py for tasks to queue
[2026-07-16T17:30:01.422+0000] {logging_mixin.py:190} INFO - [2026-07-16T17:30:01.422+0000] {dagbag.py:588} INFO - Filling up the DagBag from /opt/airflow/dags/dag_extract_catalogs.py
[2026-07-16T17:30:01.427+0000] {processor.py:925} INFO - DAG(s) 'dag_extract_catalogs' retrieved from /opt/airflow/dags/dag_extract_catalogs.py
[2026-07-16T17:30:01.438+0000] {logging_mixin.py:190} INFO - [2026-07-16T17:30:01.438+0000] {dag.py:3239} INFO - Sync 1 DAGs
[2026-07-16T17:30:01.445+0000] {logging_mixin.py:190} INFO - [2026-07-16T17:30:01.445+0000] {dag.py:4180} INFO - Setting next_dagrun for dag_extract_catalogs to 2026-07-16 01:00:00+00:00, run_after=2026-07-17 01:00:00+00:00
[2026-07-16T17:30:01.450+0000] {processor.py:208} INFO - Processing /opt/airflow/dags/dag_extract_catalogs.py took 0.033 seconds
[2026-07-16T17:30:31.851+0000] {processor.py:186} INFO - Started process (PID=58111) to work on /opt/airflow/dags/dag_extract_catalogs.py
[2026-07-16T17:30:31.852+0000] {processor.py:914} INFO - Processing file /opt/airflow/dags/dag_extract_catalogs.py for tasks to queue
[2026-07-16T17:30:31.852+0000] {logging_mixin.py:190} INFO - [2026-07-16T17:30:31.852+0000] {dagbag.py:588} INFO - Filling up the DagBag from /opt/airflow/dags/dag_extract_catalogs.py
[2026-07-16T17:30:31.857+0000] {processor.py:925} INFO - DAG(s) 'dag_extract_catalogs' retrieved from /opt/airflow/dags/dag_extract_catalogs.py
[2026-07-16T17:30:31.867+0000] {logging_mixin.py:190} INFO - [2026-07-16T17:30:31.867+0000] {dag.py:3239} INFO - Sync 1 DAGs
[2026-07-16T17:30:31.875+0000] {logging_mixin.py:190} INFO - [2026-07-16T17:30:31.875+0000] {dag.py:4180} INFO - Setting next_dagrun for dag_extract_catalogs to 2026-07-16 01:00:00+00:00, run_after=2026-07-17 01:00:00+00:00
[2026-07-16T17:30:31.880+0000] {processor.py:208} INFO - Processing /opt/airflow/dags/dag_extract_catalogs.py took 0.031 seconds
[2026-07-16T17:31:02.299+0000] {processor.py:186} INFO - Started process (PID=58131) to work on /opt/airflow/dags/dag_extract_catalogs.py
[2026-07-16T17:31:02.300+0000] {processor.py:914} INFO - Processing file /opt/airflow/dags/dag_extract_catalogs.py for tasks to queue
[2026-07-16T17:31:02.301+0000] {logging_mixin.py:190} INFO - [2026-07-16T17:31:02.300+0000] {dagbag.py:588} INFO - Filling up the DagBag from /opt/airflow/dags/dag_extract_catalogs.py
[2026-07-16T17:31:02.306+0000] {processor.py:925} INFO - DAG(s) 'dag_extract_catalogs' retrieved from /opt/airflow/dags/dag_extract_catalogs.py
[2026-07-16T17:31:02.317+0000] {logging_mixin.py:190} INFO - [2026-07-16T17:31:02.317+0000] {dag.py:3239} INFO - Sync 1 DAGs
[2026-07-16T17:31:02.325+0000] {logging_mixin.py:190} INFO - [2026-07-16T17:31:02.325+0000] {dag.py:4180} INFO - Setting next_dagrun for dag_extract_catalogs to 2026-07-16 01:00:00+00:00, run_after=2026-07-17 01:00:00+00:00
[2026-07-16T17:31:02.330+0000] {processor.py:208} INFO - Processing /opt/airflow/dags/dag_extract_catalogs.py took 0.034 seconds
[2026-07-16T17:31:32.851+0000] {processor.py:186} INFO - Started process (PID=58151) to work on /opt/airflow/dags/dag_extract_catalogs.py
[2026-07-16T17:31:32.852+0000] {processor.py:914} INFO - Processing file /opt/airflow/dags/dag_extract_catalogs.py for tasks to queue
[2026-07-16T17:31:32.853+0000] {logging_mixin.py:190} INFO - [2026-07-16T17:31:32.853+0000] {dagbag.py:588} INFO - Filling up the DagBag from /opt/airflow/dags/dag_extract_catalogs.py
[2026-07-16T17:31:32.858+0000] {processor.py:925} INFO - DAG(s) 'dag_extract_catalogs' retrieved from /opt/airflow/dags/dag_extract_catalogs.py
[2026-07-16T17:31:32.868+0000] {logging_mixin.py:190} INFO - [2026-07-16T17:31:32.868+0000] {dag.py:3239} INFO - Sync 1 DAGs
[2026-07-16T17:31:32.875+0000] {logging_mixin.py:190} INFO - [2026-07-16T17:31:32.875+0000] {dag.py:4180} INFO - Setting next_dagrun for dag_extract_catalogs to 2026-07-16 01:00:00+00:00, run_after=2026-07-17 01:00:00+00:00
[2026-07-16T17:31:32.880+0000] {processor.py:208} INFO - Processing /opt/airflow/dags/dag_extract_catalogs.py took 0.033 seconds
[2026-07-16T17:32:03.235+0000] {processor.py:186} INFO - Started process (PID=58169) to work on /opt/airflow/dags/dag_extract_catalogs.py
[2026-07-16T17:32:03.236+0000] {processor.py:914} INFO - Processing file /opt/airflow/dags/dag_extract_catalogs.py for tasks to queue
[2026-07-16T17:32:03.237+0000] {logging_mixin.py:190} INFO - [2026-07-16T17:32:03.237+0000] {dagbag.py:588} INFO - Filling up the DagBag from /opt/airflow/dags/dag_extract_catalogs.py
[2026-07-16T17:32:03.244+0000] {processor.py:925} INFO - DAG(s) 'dag_extract_catalogs' retrieved from /opt/airflow/dags/dag_extract_catalogs.py
[2026-07-16T17:32:03.260+0000] {logging_mixin.py:190} INFO - [2026-07-16T17:32:03.260+0000] {dag.py:3239} INFO - Sync 1 DAGs
[2026-07-16T17:32:03.269+0000] {logging_mixin.py:190} INFO - [2026-07-16T17:32:03.269+0000] {dag.py:4180} INFO - Setting next_dagrun for dag_extract_catalogs to 2026-07-16 01:00:00+00:00, run_after=2026-07-17 01:00:00+00:00
[2026-07-16T17:32:03.276+0000] {processor.py:208} INFO - Processing /opt/airflow/dags/dag_extract_catalogs.py took 0.043 seconds
[2026-07-16T17:32:33.792+0000] {processor.py:186} INFO - Started process (PID=58191) to work on /opt/airflow/dags/dag_extract_catalogs.py
[2026-07-16T17:32:33.793+0000] {processor.py:914} INFO - Processing file /opt/airflow/dags/dag_extract_catalogs.py for tasks to queue
[2026-07-16T17:32:33.794+0000] {logging_mixin.py:190} INFO - [2026-07-16T17:32:33.794+0000] {dagbag.py:588} INFO - Filling up the DagBag from /opt/airflow/dags/dag_extract_catalogs.py
[2026-07-16T17:32:33.799+0000] {processor.py:925} INFO - DAG(s) 'dag_extract_catalogs' retrieved from /opt/airflow/dags/dag_extract_catalogs.py
[2026-07-16T17:32:33.809+0000] {logging_mixin.py:190} INFO - [2026-07-16T17:32:33.809+0000] {dag.py:3239} INFO - Sync 1 DAGs
[2026-07-16T17:32:33.816+0000] {logging_mixin.py:190} INFO - [2026-07-16T17:32:33.816+0000] {dag.py:4180} INFO - Setting next_dagrun for dag_extract_catalogs to 2026-07-16 01:00:00+00:00, run_after=2026-07-17 01:00:00+00:00
[2026-07-16T17:32:33.821+0000] {processor.py:208} INFO - Processing /opt/airflow/dags/dag_extract_catalogs.py took 0.032 seconds
[2026-07-16T17:33:04.357+0000] {processor.py:186} INFO - Started process (PID=58211) to work on /opt/airflow/dags/dag_extract_catalogs.py
[2026-07-16T17:33:04.357+0000] {processor.py:914} INFO - Processing file /opt/airflow/dags/dag_extract_catalogs.py for tasks to queue
[2026-07-16T17:33:04.358+0000] {logging_mixin.py:190} INFO - [2026-07-16T17:33:04.358+0000] {dagbag.py:588} INFO - Filling up the DagBag from /opt/airflow/dags/dag_extract_catalogs.py
[2026-07-16T17:33:04.364+0000] {processor.py:925} INFO - DAG(s) 'dag_extract_catalogs' retrieved from /opt/airflow/dags/dag_extract_catalogs.py
[2026-07-16T17:33:04.380+0000] {logging_mixin.py:190} INFO - [2026-07-16T17:33:04.379+0000] {dag.py:3239} INFO - Sync 1 DAGs
[2026-07-16T17:33:04.389+0000] {logging_mixin.py:190} INFO - [2026-07-16T17:33:04.389+0000] {dag.py:4180} INFO - Setting next_dagrun for dag_extract_catalogs to 2026-07-16 01:00:00+00:00, run_after=2026-07-17 01:00:00+00:00
[2026-07-16T17:33:04.395+0000] {processor.py:208} INFO - Processing /opt/airflow/dags/dag_extract_catalogs.py took 0.043 seconds
[2026-07-16T17:33:34.835+0000] {processor.py:186} INFO - Started process (PID=58231) to work on /opt/airflow/dags/dag_extract_catalogs.py
[2026-07-16T17:33:34.835+0000] {processor.py:914} INFO - Processing file /opt/airflow/dags/dag_extract_catalogs.py for tasks to queue
[2026-07-16T17:33:34.836+0000] {logging_mixin.py:190} INFO - [2026-07-16T17:33:34.836+0000] {dagbag.py:588} INFO - Filling up the DagBag from /opt/airflow/dags/dag_extract_catalogs.py
[2026-07-16T17:33:34.841+0000] {processor.py:925} INFO - DAG(s) 'dag_extract_catalogs' retrieved from /opt/airflow/dags/dag_extract_catalogs.py
[2026-07-16T17:33:34.851+0000] {logging_mixin.py:190} INFO - [2026-07-16T17:33:34.850+0000] {dag.py:3239} INFO - Sync 1 DAGs
[2026-07-16T17:33:34.858+0000] {logging_mixin.py:190} INFO - [2026-07-16T17:33:34.858+0000] {dag.py:4180} INFO - Setting next_dagrun for dag_extract_catalogs to 2026-07-16 01:00:00+00:00, run_after=2026-07-17 01:00:00+00:00
[2026-07-16T17:33:34.863+0000] {processor.py:208} INFO - Processing /opt/airflow/dags/dag_extract_catalogs.py took 0.031 seconds
[2026-07-16T17:34:05.271+0000] {processor.py:186} INFO - Started process (PID=58251) to work on /opt/airflow/dags/dag_extract_catalogs.py
[2026-07-16T17:34:05.271+0000] {processor.py:914} INFO - Processing file /opt/airflow/dags/dag_extract_catalogs.py for tasks to queue
[2026-07-16T17:34:05.272+0000] {logging_mixin.py:190} INFO - [2026-07-16T17:34:05.272+0000] {dagbag.py:588} INFO - Filling up the DagBag from /opt/airflow/dags/dag_extract_catalogs.py
[2026-07-16T17:34:05.277+0000] {processor.py:925} INFO - DAG(s) 'dag_extract_catalogs' retrieved from /opt/airflow/dags/dag_extract_catalogs.py
[2026-07-16T17:34:05.287+0000] {logging_mixin.py:190} INFO - [2026-07-16T17:34:05.286+0000] {dag.py:3239} INFO - Sync 1 DAGs
[2026-07-16T17:34:05.294+0000] {logging_mixin.py:190} INFO - [2026-07-16T17:34:05.294+0000] {dag.py:4180} INFO - Setting next_dagrun for dag_extract_catalogs to 2026-07-16 01:00:00+00:00, run_after=2026-07-17 01:00:00+00:00
[2026-07-16T17:34:05.299+0000] {processor.py:208} INFO - Processing /opt/airflow/dags/dag_extract_catalogs.py took 0.030 seconds
[2026-07-16T17:34:35.740+0000] {processor.py:186} INFO - Started process (PID=58271) to work on /opt/airflow/dags/dag_extract_catalogs.py
[2026-07-16T17:34:35.740+0000] {processor.py:914} INFO - Processing file /opt/airflow/dags/dag_extract_catalogs.py for tasks to queue
[2026-07-16T17:34:35.741+0000] {logging_mixin.py:190} INFO - [2026-07-16T17:34:35.741+0000] {dagbag.py:588} INFO - Filling up the DagBag from /opt/airflow/dags/dag_extract_catalogs.py
[2026-07-16T17:34:35.746+0000] {processor.py:925} INFO - DAG(s) 'dag_extract_catalogs' retrieved from /opt/airflow/dags/dag_extract_catalogs.py
[2026-07-16T17:34:35.756+0000] {logging_mixin.py:190} INFO - [2026-07-16T17:34:35.756+0000] {dag.py:3239} INFO - Sync 1 DAGs
[2026-07-16T17:34:35.763+0000] {logging_mixin.py:190} INFO - [2026-07-16T17:34:35.763+0000] {dag.py:4180} INFO - Setting next_dagrun for dag_extract_catalogs to 2026-07-16 01:00:00+00:00, run_after=2026-07-17 01:00:00+00:00
[2026-07-16T17:34:35.768+0000] {processor.py:208} INFO - Processing /opt/airflow/dags/dag_extract_catalogs.py took 0.032 seconds
[2026-07-16T17:35:06.233+0000] {processor.py:186} INFO - Started process (PID=58291) to work on /opt/airflow/dags/dag_extract_catalogs.py
[2026-07-16T17:35:06.233+0000] {processor.py:914} INFO - Processing file /opt/airflow/dags/dag_extract_catalogs.py for tasks to queue
[2026-07-16T17:35:06.235+0000] {logging_mixin.py:190} INFO - [2026-07-16T17:35:06.234+0000] {dagbag.py:588} INFO - Filling up the DagBag from /opt/airflow/dags/dag_extract_catalogs.py
[2026-07-16T17:35:06.240+0000] {processor.py:925} INFO - DAG(s) 'dag_extract_catalogs' retrieved from /opt/airflow/dags/dag_extract_catalogs.py
[2026-07-16T17:35:06.252+0000] {logging_mixin.py:190} INFO - [2026-07-16T17:35:06.252+0000] {dag.py:3239} INFO - Sync 1 DAGs
[2026-07-16T17:35:06.261+0000] {logging_mixin.py:190} INFO - [2026-07-16T17:35:06.260+0000] {dag.py:4180} INFO - Setting next_dagrun for dag_extract_catalogs to 2026-07-16 01:00:00+00:00, run_after=2026-07-17 01:00:00+00:00
[2026-07-16T17:35:06.266+0000] {processor.py:208} INFO - Processing /opt/airflow/dags/dag_extract_catalogs.py took 0.036 seconds
[2026-07-16T17:35:36.662+0000] {processor.py:186} INFO - Started process (PID=58311) to work on /opt/airflow/dags/dag_extract_catalogs.py
[2026-07-16T17:35:36.662+0000] {processor.py:914} INFO - Processing file /opt/airflow/dags/dag_extract_catalogs.py for tasks to queue
[2026-07-16T17:35:36.663+0000] {logging_mixin.py:190} INFO - [2026-07-16T17:35:36.663+0000] {dagbag.py:588} INFO - Filling up the DagBag from /opt/airflow/dags/dag_extract_catalogs.py
[2026-07-16T17:35:36.667+0000] {processor.py:925} INFO - DAG(s) 'dag_extract_catalogs' retrieved from /opt/airflow/dags/dag_extract_catalogs.py
[2026-07-16T17:35:36.677+0000] {logging_mixin.py:190} INFO - [2026-07-16T17:35:36.677+0000] {dag.py:3239} INFO - Sync 1 DAGs
[2026-07-16T17:35:36.684+0000] {logging_mixin.py:190} INFO - [2026-07-16T17:35:36.684+0000] {dag.py:4180} INFO - Setting next_dagrun for dag_extract_catalogs to 2026-07-16 01:00:00+00:00, run_after=2026-07-17 01:00:00+00:00
[2026-07-16T17:35:36.689+0000] {processor.py:208} INFO - Processing /opt/airflow/dags/dag_extract_catalogs.py took 0.030 seconds
[2026-07-16T17:36:07.197+0000] {processor.py:186} INFO - Started process (PID=58331) to work on /opt/airflow/dags/dag_extract_catalogs.py
[2026-07-16T17:36:07.198+0000] {processor.py:914} INFO - Processing file /opt/airflow/dags/dag_extract_catalogs.py for tasks to queue
[2026-07-16T17:36:07.199+0000] {logging_mixin.py:190} INFO - [2026-07-16T17:36:07.199+0000] {dagbag.py:588} INFO - Filling up the DagBag from /opt/airflow/dags/dag_extract_catalogs.py
[2026-07-16T17:36:07.204+0000] {processor.py:925} INFO - DAG(s) 'dag_extract_catalogs' retrieved from /opt/airflow/dags/dag_extract_catalogs.py
[2026-07-16T17:36:07.214+0000] {logging_mixin.py:190} INFO - [2026-07-16T17:36:07.214+0000] {dag.py:3239} INFO - Sync 1 DAGs
[2026-07-16T17:36:07.221+0000] {logging_mixin.py:190} INFO - [2026-07-16T17:36:07.221+0000] {dag.py:4180} INFO - Setting next_dagrun for dag_extract_catalogs to 2026-07-16 01:00:00+00:00, run_after=2026-07-17 01:00:00+00:00
[2026-07-16T17:36:07.226+0000] {processor.py:208} INFO - Processing /opt/airflow/dags/dag_extract_catalogs.py took 0.032 seconds
[2026-07-16T17:36:37.582+0000] {processor.py:186} INFO - Started process (PID=58349) to work on /opt/airflow/dags/dag_extract_catalogs.py
[2026-07-16T17:36:37.585+0000] {processor.py:914} INFO - Processing file /opt/airflow/dags/dag_extract_catalogs.py for tasks to queue
[2026-07-16T17:36:37.586+0000] {logging_mixin.py:190} INFO - [2026-07-16T17:36:37.586+0000] {dagbag.py:588} INFO - Filling up the DagBag from /opt/airflow/dags/dag_extract_catalogs.py
[2026-07-16T17:36:37.592+0000] {processor.py:925} INFO - DAG(s) 'dag_extract_catalogs' retrieved from /opt/airflow/dags/dag_extract_catalogs.py
[2026-07-16T17:36:37.610+0000] {logging_mixin.py:190} INFO - [2026-07-16T17:36:37.610+0000] {dag.py:3239} INFO - Sync 1 DAGs
[2026-07-16T17:36:37.620+0000] {logging_mixin.py:190} INFO - [2026-07-16T17:36:37.620+0000] {dag.py:4180} INFO - Setting next_dagrun for dag_extract_catalogs to 2026-07-16 01:00:00+00:00, run_after=2026-07-17 01:00:00+00:00
[2026-07-16T17:36:37.629+0000] {processor.py:208} INFO - Processing /opt/airflow/dags/dag_extract_catalogs.py took 0.050 seconds
[2026-07-16T17:37:08.088+0000] {processor.py:186} INFO - Started process (PID=58371) to work on /opt/airflow/dags/dag_extract_catalogs.py
[2026-07-16T17:37:08.089+0000] {processor.py:914} INFO - Processing file /opt/airflow/dags/dag_extract_catalogs.py for tasks to queue
[2026-07-16T17:37:08.090+0000] {logging_mixin.py:190} INFO - [2026-07-16T17:37:08.089+0000] {dagbag.py:588} INFO - Filling up the DagBag from /opt/airflow/dags/dag_extract_catalogs.py
[2026-07-16T17:37:08.094+0000] {processor.py:925} INFO - DAG(s) 'dag_extract_catalogs' retrieved from /opt/airflow/dags/dag_extract_catalogs.py
[2026-07-16T17:37:08.105+0000] {logging_mixin.py:190} INFO - [2026-07-16T17:37:08.105+0000] {dag.py:3239} INFO - Sync 1 DAGs
[2026-07-16T17:37:08.113+0000] {logging_mixin.py:190} INFO - [2026-07-16T17:37:08.113+0000] {dag.py:4180} INFO - Setting next_dagrun for dag_extract_catalogs to 2026-07-16 01:00:00+00:00, run_after=2026-07-17 01:00:00+00:00
[2026-07-16T17:37:08.119+0000] {processor.py:208} INFO - Processing /opt/airflow/dags/dag_extract_catalogs.py took 0.035 seconds
[2026-07-16T17:37:38.492+0000] {processor.py:186} INFO - Started process (PID=58391) to work on /opt/airflow/dags/dag_extract_catalogs.py
[2026-07-16T17:37:38.493+0000] {processor.py:914} INFO - Processing file /opt/airflow/dags/dag_extract_catalogs.py for tasks to queue
[2026-07-16T17:37:38.494+0000] {logging_mixin.py:190} INFO - [2026-07-16T17:37:38.493+0000] {dagbag.py:588} INFO - Filling up the DagBag from /opt/airflow/dags/dag_extract_catalogs.py
[2026-07-16T17:37:38.498+0000] {processor.py:925} INFO - DAG(s) 'dag_extract_catalogs' retrieved from /opt/airflow/dags/dag_extract_catalogs.py
[2026-07-16T17:37:38.509+0000] {logging_mixin.py:190} INFO - [2026-07-16T17:37:38.509+0000] {dag.py:3239} INFO - Sync 1 DAGs
[2026-07-16T17:37:38.517+0000] {logging_mixin.py:190} INFO - [2026-07-16T17:37:38.516+0000] {dag.py:4180} INFO - Setting next_dagrun for dag_extract_catalogs to 2026-07-16 01:00:00+00:00, run_after=2026-07-17 01:00:00+00:00
[2026-07-16T17:37:38.521+0000] {processor.py:208} INFO - Processing /opt/airflow/dags/dag_extract_catalogs.py took 0.031 seconds
[2026-07-16T17:38:08.946+0000] {processor.py:186} INFO - Started process (PID=58411) to work on /opt/airflow/dags/dag_extract_catalogs.py
[2026-07-16T17:38:08.946+0000] {processor.py:914} INFO - Processing file /opt/airflow/dags/dag_extract_catalogs.py for tasks to queue
[2026-07-16T17:38:08.947+0000] {logging_mixin.py:190} INFO - [2026-07-16T17:38:08.947+0000] {dagbag.py:588} INFO - Filling up the DagBag from /opt/airflow/dags/dag_extract_catalogs.py
[2026-07-16T17:38:08.952+0000] {processor.py:925} INFO - DAG(s) 'dag_extract_catalogs' retrieved from /opt/airflow/dags/dag_extract_catalogs.py
[2026-07-16T17:38:08.962+0000] {logging_mixin.py:190} INFO - [2026-07-16T17:38:08.962+0000] {dag.py:3239} INFO - Sync 1 DAGs
[2026-07-16T17:38:08.970+0000] {logging_mixin.py:190} INFO - [2026-07-16T17:38:08.970+0000] {dag.py:4180} INFO - Setting next_dagrun for dag_extract_catalogs to 2026-07-16 01:00:00+00:00, run_after=2026-07-17 01:00:00+00:00
[2026-07-16T17:38:08.974+0000] {processor.py:208} INFO - Processing /opt/airflow/dags/dag_extract_catalogs.py took 0.031 seconds
[2026-07-16T17:38:39.408+0000] {processor.py:186} INFO - Started process (PID=58431) to work on /opt/airflow/dags/dag_extract_catalogs.py
[2026-07-16T17:38:39.409+0000] {processor.py:914} INFO - Processing file /opt/airflow/dags/dag_extract_catalogs.py for tasks to queue
[2026-07-16T17:38:39.410+0000] {logging_mixin.py:190} INFO - [2026-07-16T17:38:39.410+0000] {dagbag.py:588} INFO - Filling up the DagBag from /opt/airflow/dags/dag_extract_catalogs.py
[2026-07-16T17:38:39.415+0000] {processor.py:925} INFO - DAG(s) 'dag_extract_catalogs' retrieved from /opt/airflow/dags/dag_extract_catalogs.py
[2026-07-16T17:38:39.425+0000] {logging_mixin.py:190} INFO - [2026-07-16T17:38:39.425+0000] {dag.py:3239} INFO - Sync 1 DAGs
[2026-07-16T17:38:39.432+0000] {logging_mixin.py:190} INFO - [2026-07-16T17:38:39.432+0000] {dag.py:4180} INFO - Setting next_dagrun for dag_extract_catalogs to 2026-07-16 01:00:00+00:00, run_after=2026-07-17 01:00:00+00:00
[2026-07-16T17:38:39.437+0000] {processor.py:208} INFO - Processing /opt/airflow/dags/dag_extract_catalogs.py took 0.033 seconds
[2026-07-16T17:39:09.843+0000] {processor.py:186} INFO - Started process (PID=58451) to work on /opt/airflow/dags/dag_extract_catalogs.py
[2026-07-16T17:39:09.843+0000] {processor.py:914} INFO - Processing file /opt/airflow/dags/dag_extract_catalogs.py for tasks to queue
[2026-07-16T17:39:09.845+0000] {logging_mixin.py:190} INFO - [2026-07-16T17:39:09.844+0000] {dagbag.py:588} INFO - Filling up the DagBag from /opt/airflow/dags/dag_extract_catalogs.py
[2026-07-16T17:39:09.850+0000] {processor.py:925} INFO - DAG(s) 'dag_extract_catalogs' retrieved from /opt/airflow/dags/dag_extract_catalogs.py
[2026-07-16T17:39:09.861+0000] {logging_mixin.py:190} INFO - [2026-07-16T17:39:09.861+0000] {dag.py:3239} INFO - Sync 1 DAGs
[2026-07-16T17:39:09.869+0000] {logging_mixin.py:190} INFO - [2026-07-16T17:39:09.869+0000] {dag.py:4180} INFO - Setting next_dagrun for dag_extract_catalogs to 2026-07-16 01:00:00+00:00, run_after=2026-07-17 01:00:00+00:00
[2026-07-16T17:39:09.874+0000] {processor.py:208} INFO - Processing /opt/airflow/dags/dag_extract_catalogs.py took 0.034 seconds
[2026-07-16T17:39:40.273+0000] {processor.py:186} INFO - Started process (PID=58471) to work on /opt/airflow/dags/dag_extract_catalogs.py
[2026-07-16T17:39:40.274+0000] {processor.py:914} INFO - Processing file /opt/airflow/dags/dag_extract_catalogs.py for tasks to queue
[2026-07-16T17:39:40.275+0000] {logging_mixin.py:190} INFO - [2026-07-16T17:39:40.275+0000] {dagbag.py:588} INFO - Filling up the DagBag from /opt/airflow/dags/dag_extract_catalogs.py
[2026-07-16T17:39:40.279+0000] {processor.py:925} INFO - DAG(s) 'dag_extract_catalogs' retrieved from /opt/airflow/dags/dag_extract_catalogs.py
[2026-07-16T17:39:40.289+0000] {logging_mixin.py:190} INFO - [2026-07-16T17:39:40.289+0000] {dag.py:3239} INFO - Sync 1 DAGs
[2026-07-16T17:39:40.297+0000] {logging_mixin.py:190} INFO - [2026-07-16T17:39:40.297+0000] {dag.py:4180} INFO - Setting next_dagrun for dag_extract_catalogs to 2026-07-16 01:00:00+00:00, run_after=2026-07-17 01:00:00+00:00
[2026-07-16T17:39:40.301+0000] {processor.py:208} INFO - Processing /opt/airflow/dags/dag_extract_catalogs.py took 0.030 seconds
[2026-07-16T17:40:10.710+0000] {processor.py:186} INFO - Started process (PID=58491) to work on /opt/airflow/dags/dag_extract_catalogs.py
[2026-07-16T17:40:10.711+0000] {processor.py:914} INFO - Processing file /opt/airflow/dags/dag_extract_catalogs.py for tasks to queue
[2026-07-16T17:40:10.711+0000] {logging_mixin.py:190} INFO - [2026-07-16T17:40:10.711+0000] {dagbag.py:588} INFO - Filling up the DagBag from /opt/airflow/dags/dag_extract_catalogs.py
[2026-07-16T17:40:10.716+0000] {processor.py:925} INFO - DAG(s) 'dag_extract_catalogs' retrieved from /opt/airflow/dags/dag_extract_catalogs.py
[2026-07-16T17:40:10.726+0000] {logging_mixin.py:190} INFO - [2026-07-16T17:40:10.726+0000] {dag.py:3239} INFO - Sync 1 DAGs
[2026-07-16T17:40:10.733+0000] {logging_mixin.py:190} INFO - [2026-07-16T17:40:10.733+0000] {dag.py:4180} INFO - Setting next_dagrun for dag_extract_catalogs to 2026-07-16 01:00:00+00:00, run_after=2026-07-17 01:00:00+00:00
[2026-07-16T17:40:10.738+0000] {processor.py:208} INFO - Processing /opt/airflow/dags/dag_extract_catalogs.py took 0.030 seconds
[2026-07-16T17:40:41.170+0000] {processor.py:186} INFO - Started process (PID=58511) to work on /opt/airflow/dags/dag_extract_catalogs.py
[2026-07-16T17:40:41.171+0000] {processor.py:914} INFO - Processing file /opt/airflow/dags/dag_extract_catalogs.py for tasks to queue
[2026-07-16T17:40:41.171+0000] {logging_mixin.py:190} INFO - [2026-07-16T17:40:41.171+0000] {dagbag.py:588} INFO - Filling up the DagBag from /opt/airflow/dags/dag_extract_catalogs.py
[2026-07-16T17:40:41.176+0000] {processor.py:925} INFO - DAG(s) 'dag_extract_catalogs' retrieved from /opt/airflow/dags/dag_extract_catalogs.py
[2026-07-16T17:40:41.186+0000] {logging_mixin.py:190} INFO - [2026-07-16T17:40:41.186+0000] {dag.py:3239} INFO - Sync 1 DAGs
[2026-07-16T17:40:41.193+0000] {logging_mixin.py:190} INFO - [2026-07-16T17:40:41.193+0000] {dag.py:4180} INFO - Setting next_dagrun for dag_extract_catalogs to 2026-07-16 01:00:00+00:00, run_after=2026-07-17 01:00:00+00:00
[2026-07-16T17:40:41.197+0000] {processor.py:208} INFO - Processing /opt/airflow/dags/dag_extract_catalogs.py took 0.030 seconds
[2026-07-16T17:41:11.625+0000] {processor.py:186} INFO - Started process (PID=58531) to work on /opt/airflow/dags/dag_extract_catalogs.py
[2026-07-16T17:41:11.626+0000] {processor.py:914} INFO - Processing file /opt/airflow/dags/dag_extract_catalogs.py for tasks to queue
[2026-07-16T17:41:11.626+0000] {logging_mixin.py:190} INFO - [2026-07-16T17:41:11.626+0000] {dagbag.py:588} INFO - Filling up the DagBag from /opt/airflow/dags/dag_extract_catalogs.py
[2026-07-16T17:41:11.631+0000] {processor.py:925} INFO - DAG(s) 'dag_extract_catalogs' retrieved from /opt/airflow/dags/dag_extract_catalogs.py
[2026-07-16T17:41:11.642+0000] {logging_mixin.py:190} INFO - [2026-07-16T17:41:11.642+0000] {dag.py:3239} INFO - Sync 1 DAGs
[2026-07-16T17:41:11.650+0000] {logging_mixin.py:190} INFO - [2026-07-16T17:41:11.649+0000] {dag.py:4180} INFO - Setting next_dagrun for dag_extract_catalogs to 2026-07-16 01:00:00+00:00, run_after=2026-07-17 01:00:00+00:00
[2026-07-16T17:41:11.654+0000] {processor.py:208} INFO - Processing /opt/airflow/dags/dag_extract_catalogs.py took 0.032 seconds
[2026-07-16T17:41:42.080+0000] {processor.py:186} INFO - Started process (PID=58551) to work on /opt/airflow/dags/dag_extract_catalogs.py
[2026-07-16T17:41:42.080+0000] {processor.py:914} INFO - Processing file /opt/airflow/dags/dag_extract_catalogs.py for tasks to queue
[2026-07-16T17:41:42.081+0000] {logging_mixin.py:190} INFO - [2026-07-16T17:41:42.081+0000] {dagbag.py:588} INFO - Filling up the DagBag from /opt/airflow/dags/dag_extract_catalogs.py
[2026-07-16T17:41:42.086+0000] {processor.py:925} INFO - DAG(s) 'dag_extract_catalogs' retrieved from /opt/airflow/dags/dag_extract_catalogs.py
[2026-07-16T17:41:42.096+0000] {logging_mixin.py:190} INFO - [2026-07-16T17:41:42.096+0000] {dag.py:3239} INFO - Sync 1 DAGs
[2026-07-16T17:41:42.103+0000] {logging_mixin.py:190} INFO - [2026-07-16T17:41:42.103+0000] {dag.py:4180} INFO - Setting next_dagrun for dag_extract_catalogs to 2026-07-16 01:00:00+00:00, run_after=2026-07-17 01:00:00+00:00
[2026-07-16T17:41:42.108+0000] {processor.py:208} INFO - Processing /opt/airflow/dags/dag_extract_catalogs.py took 0.031 seconds
[2026-07-16T17:42:12.536+0000] {processor.py:186} INFO - Started process (PID=58571) to work on /opt/airflow/dags/dag_extract_catalogs.py
[2026-07-16T17:42:12.536+0000] {processor.py:914} INFO - Processing file /opt/airflow/dags/dag_extract_catalogs.py for tasks to queue
[2026-07-16T17:42:12.537+0000] {logging_mixin.py:190} INFO - [2026-07-16T17:42:12.537+0000] {dagbag.py:588} INFO - Filling up the DagBag from /opt/airflow/dags/dag_extract_catalogs.py
[2026-07-16T17:42:12.542+0000] {processor.py:925} INFO - DAG(s) 'dag_extract_catalogs' retrieved from /opt/airflow/dags/dag_extract_catalogs.py
[2026-07-16T17:42:12.552+0000] {logging_mixin.py:190} INFO - [2026-07-16T17:42:12.552+0000] {dag.py:3239} INFO - Sync 1 DAGs
[2026-07-16T17:42:12.559+0000] {logging_mixin.py:190} INFO - [2026-07-16T17:42:12.559+0000] {dag.py:4180} INFO - Setting next_dagrun for dag_extract_catalogs to 2026-07-16 01:00:00+00:00, run_after=2026-07-17 01:00:00+00:00
[2026-07-16T17:42:12.564+0000] {processor.py:208} INFO - Processing /opt/airflow/dags/dag_extract_catalogs.py took 0.031 seconds
[2026-07-16T17:42:42.986+0000] {processor.py:186} INFO - Started process (PID=58591) to work on /opt/airflow/dags/dag_extract_catalogs.py
[2026-07-16T17:42:42.987+0000] {processor.py:914} INFO - Processing file /opt/airflow/dags/dag_extract_catalogs.py for tasks to queue
[2026-07-16T17:42:42.987+0000] {logging_mixin.py:190} INFO - [2026-07-16T17:42:42.987+0000] {dagbag.py:588} INFO - Filling up the DagBag from /opt/airflow/dags/dag_extract_catalogs.py
[2026-07-16T17:42:42.992+0000] {processor.py:925} INFO - DAG(s) 'dag_extract_catalogs' retrieved from /opt/airflow/dags/dag_extract_catalogs.py
[2026-07-16T17:42:43.003+0000] {logging_mixin.py:190} INFO - [2026-07-16T17:42:43.003+0000] {dag.py:3239} INFO - Sync 1 DAGs
[2026-07-16T17:42:43.010+0000] {logging_mixin.py:190} INFO - [2026-07-16T17:42:43.010+0000] {dag.py:4180} INFO - Setting next_dagrun for dag_extract_catalogs to 2026-07-16 01:00:00+00:00, run_after=2026-07-17 01:00:00+00:00
[2026-07-16T17:42:43.015+0000] {processor.py:208} INFO - Processing /opt/airflow/dags/dag_extract_catalogs.py took 0.031 seconds
[2026-07-16T17:43:13.427+0000] {processor.py:186} INFO - Started process (PID=58611) to work on /opt/airflow/dags/dag_extract_catalogs.py
[2026-07-16T17:43:13.428+0000] {processor.py:914} INFO - Processing file /opt/airflow/dags/dag_extract_catalogs.py for tasks to queue
[2026-07-16T17:43:13.428+0000] {logging_mixin.py:190} INFO - [2026-07-16T17:43:13.428+0000] {dagbag.py:588} INFO - Filling up the DagBag from /opt/airflow/dags/dag_extract_catalogs.py
[2026-07-16T17:43:13.433+0000] {processor.py:925} INFO - DAG(s) 'dag_extract_catalogs' retrieved from /opt/airflow/dags/dag_extract_catalogs.py
[2026-07-16T17:43:13.443+0000] {logging_mixin.py:190} INFO - [2026-07-16T17:43:13.443+0000] {dag.py:3239} INFO - Sync 1 DAGs
[2026-07-16T17:43:13.450+0000] {logging_mixin.py:190} INFO - [2026-07-16T17:43:13.450+0000] {dag.py:4180} INFO - Setting next_dagrun for dag_extract_catalogs to 2026-07-16 01:00:00+00:00, run_after=2026-07-17 01:00:00+00:00
[2026-07-16T17:43:13.455+0000] {processor.py:208} INFO - Processing /opt/airflow/dags/dag_extract_catalogs.py took 0.030 seconds
[2026-07-16T17:43:43.868+0000] {processor.py:186} INFO - Started process (PID=58629) to work on /opt/airflow/dags/dag_extract_catalogs.py
[2026-07-16T17:43:43.868+0000] {processor.py:914} INFO - Processing file /opt/airflow/dags/dag_extract_catalogs.py for tasks to queue
[2026-07-16T17:43:43.869+0000] {logging_mixin.py:190} INFO - [2026-07-16T17:43:43.869+0000] {dagbag.py:588} INFO - Filling up the DagBag from /opt/airflow/dags/dag_extract_catalogs.py
[2026-07-16T17:43:43.877+0000] {processor.py:925} INFO - DAG(s) 'dag_extract_catalogs' retrieved from /opt/airflow/dags/dag_extract_catalogs.py
[2026-07-16T17:43:43.889+0000] {logging_mixin.py:190} INFO - [2026-07-16T17:43:43.889+0000] {dag.py:3239} INFO - Sync 1 DAGs
[2026-07-16T17:43:43.898+0000] {logging_mixin.py:190} INFO - [2026-07-16T17:43:43.898+0000] {dag.py:4180} INFO - Setting next_dagrun for dag_extract_catalogs to 2026-07-16 01:00:00+00:00, run_after=2026-07-17 01:00:00+00:00
[2026-07-16T17:43:43.906+0000] {processor.py:208} INFO - Processing /opt/airflow/dags/dag_extract_catalogs.py took 0.041 seconds
[2026-07-16T17:44:14.340+0000] {processor.py:186} INFO - Started process (PID=58651) to work on /opt/airflow/dags/dag_extract_catalogs.py
[2026-07-16T17:44:14.341+0000] {processor.py:914} INFO - Processing file /opt/airflow/dags/dag_extract_catalogs.py for tasks to queue
[2026-07-16T17:44:14.342+0000] {logging_mixin.py:190} INFO - [2026-07-16T17:44:14.341+0000] {dagbag.py:588} INFO - Filling up the DagBag from /opt/airflow/dags/dag_extract_catalogs.py
[2026-07-16T17:44:14.346+0000] {processor.py:925} INFO - DAG(s) 'dag_extract_catalogs' retrieved from /opt/airflow/dags/dag_extract_catalogs.py
[2026-07-16T17:44:14.356+0000] {logging_mixin.py:190} INFO - [2026-07-16T17:44:14.356+0000] {dag.py:3239} INFO - Sync 1 DAGs
[2026-07-16T17:44:14.467+0000] {logging_mixin.py:190} INFO - [2026-07-16T17:44:14.467+0000] {dag.py:4180} INFO - Setting next_dagrun for dag_extract_catalogs to 2026-07-16 01:00:00+00:00, run_after=2026-07-17 01:00:00+00:00
[2026-07-16T17:44:14.471+0000] {processor.py:208} INFO - Processing /opt/airflow/dags/dag_extract_catalogs.py took 0.133 seconds
[2026-07-16T17:44:44.804+0000] {processor.py:186} INFO - Started process (PID=58671) to work on /opt/airflow/dags/dag_extract_catalogs.py
[2026-07-16T17:44:44.805+0000] {processor.py:914} INFO - Processing file /opt/airflow/dags/dag_extract_catalogs.py for tasks to queue
[2026-07-16T17:44:44.806+0000] {logging_mixin.py:190} INFO - [2026-07-16T17:44:44.805+0000] {dagbag.py:588} INFO - Filling up the DagBag from /opt/airflow/dags/dag_extract_catalogs.py
[2026-07-16T17:44:44.811+0000] {processor.py:925} INFO - DAG(s) 'dag_extract_catalogs' retrieved from /opt/airflow/dags/dag_extract_catalogs.py
[2026-07-16T17:44:44.820+0000] {logging_mixin.py:190} INFO - [2026-07-16T17:44:44.820+0000] {dag.py:3239} INFO - Sync 1 DAGs
[2026-07-16T17:44:44.827+0000] {logging_mixin.py:190} INFO - [2026-07-16T17:44:44.827+0000] {dag.py:4180} INFO - Setting next_dagrun for dag_extract_catalogs to 2026-07-16 01:00:00+00:00, run_after=2026-07-17 01:00:00+00:00
[2026-07-16T17:44:44.832+0000] {processor.py:208} INFO - Processing /opt/airflow/dags/dag_extract_catalogs.py took 0.030 seconds
[2026-07-16T17:45:15.322+0000] {processor.py:186} INFO - Started process (PID=58689) to work on /opt/airflow/dags/dag_extract_catalogs.py
[2026-07-16T17:45:15.323+0000] {processor.py:914} INFO - Processing file /opt/airflow/dags/dag_extract_catalogs.py for tasks to queue
[2026-07-16T17:45:15.324+0000] {logging_mixin.py:190} INFO - [2026-07-16T17:45:15.324+0000] {dagbag.py:588} INFO - Filling up the DagBag from /opt/airflow/dags/dag_extract_catalogs.py
[2026-07-16T17:45:15.330+0000] {processor.py:925} INFO - DAG(s) 'dag_extract_catalogs' retrieved from /opt/airflow/dags/dag_extract_catalogs.py
[2026-07-16T17:45:15.342+0000] {logging_mixin.py:190} INFO - [2026-07-16T17:45:15.342+0000] {dag.py:3239} INFO - Sync 1 DAGs
[2026-07-16T17:45:15.350+0000] {logging_mixin.py:190} INFO - [2026-07-16T17:45:15.350+0000] {dag.py:4180} INFO - Setting next_dagrun for dag_extract_catalogs to 2026-07-16 01:00:00+00:00, run_after=2026-07-17 01:00:00+00:00
[2026-07-16T17:45:15.356+0000] {processor.py:208} INFO - Processing /opt/airflow/dags/dag_extract_catalogs.py took 0.036 seconds
[2026-07-16T17:45:45.795+0000] {processor.py:186} INFO - Started process (PID=58711) to work on /opt/airflow/dags/dag_extract_catalogs.py
[2026-07-16T17:45:45.796+0000] {processor.py:914} INFO - Processing file /opt/airflow/dags/dag_extract_catalogs.py for tasks to queue
[2026-07-16T17:45:45.797+0000] {logging_mixin.py:190} INFO - [2026-07-16T17:45:45.797+0000] {dagbag.py:588} INFO - Filling up the DagBag from /opt/airflow/dags/dag_extract_catalogs.py
[2026-07-16T17:45:45.802+0000] {processor.py:925} INFO - DAG(s) 'dag_extract_catalogs' retrieved from /opt/airflow/dags/dag_extract_catalogs.py
[2026-07-16T17:45:45.812+0000] {logging_mixin.py:190} INFO - [2026-07-16T17:45:45.812+0000] {dag.py:3239} INFO - Sync 1 DAGs
[2026-07-16T17:45:45.921+0000] {logging_mixin.py:190} INFO - [2026-07-16T17:45:45.921+0000] {dag.py:4180} INFO - Setting next_dagrun for dag_extract_catalogs to 2026-07-16 01:00:00+00:00, run_after=2026-07-17 01:00:00+00:00
[2026-07-16T17:45:45.926+0000] {processor.py:208} INFO - Processing /opt/airflow/dags/dag_extract_catalogs.py took 0.133 seconds
[2026-07-16T17:46:16.286+0000] {processor.py:186} INFO - Started process (PID=58729) to work on /opt/airflow/dags/dag_extract_catalogs.py
[2026-07-16T17:46:16.287+0000] {processor.py:914} INFO - Processing file /opt/airflow/dags/dag_extract_catalogs.py for tasks to queue
[2026-07-16T17:46:16.288+0000] {logging_mixin.py:190} INFO - [2026-07-16T17:46:16.288+0000] {dagbag.py:588} INFO - Filling up the DagBag from /opt/airflow/dags/dag_extract_catalogs.py
[2026-07-16T17:46:16.293+0000] {processor.py:925} INFO - DAG(s) 'dag_extract_catalogs' retrieved from /opt/airflow/dags/dag_extract_catalogs.py
[2026-07-16T17:46:16.307+0000] {logging_mixin.py:190} INFO - [2026-07-16T17:46:16.306+0000] {dag.py:3239} INFO - Sync 1 DAGs
[2026-07-16T17:46:16.315+0000] {logging_mixin.py:190} INFO - [2026-07-16T17:46:16.315+0000] {dag.py:4180} INFO - Setting next_dagrun for dag_extract_catalogs to 2026-07-16 01:00:00+00:00, run_after=2026-07-17 01:00:00+00:00
[2026-07-16T17:46:16.319+0000] {processor.py:208} INFO - Processing /opt/airflow/dags/dag_extract_catalogs.py took 0.036 seconds
[2026-07-16T17:46:47.013+0000] {processor.py:186} INFO - Started process (PID=58751) to work on /opt/airflow/dags/dag_extract_catalogs.py
[2026-07-16T17:46:47.014+0000] {processor.py:914} INFO - Processing file /opt/airflow/dags/dag_extract_catalogs.py for tasks to queue
[2026-07-16T17:46:47.015+0000] {logging_mixin.py:190} INFO - [2026-07-16T17:46:47.015+0000] {dagbag.py:588} INFO - Filling up the DagBag from /opt/airflow/dags/dag_extract_catalogs.py
[2026-07-16T17:46:47.021+0000] {processor.py:925} INFO - DAG(s) 'dag_extract_catalogs' retrieved from /opt/airflow/dags/dag_extract_catalogs.py
[2026-07-16T17:46:47.089+0000] {logging_mixin.py:190} INFO - [2026-07-16T17:46:47.088+0000] {dag.py:3239} INFO - Sync 1 DAGs
[2026-07-16T17:46:47.095+0000] {logging_mixin.py:190} INFO - [2026-07-16T17:46:47.095+0000] {dag.py:4180} INFO - Setting next_dagrun for dag_extract_catalogs to 2026-07-16 01:00:00+00:00, run_after=2026-07-17 01:00:00+00:00
[2026-07-16T17:46:47.100+0000] {processor.py:208} INFO - Processing /opt/airflow/dags/dag_extract_catalogs.py took 0.089 seconds
[2026-07-16T17:47:17.569+0000] {processor.py:186} INFO - Started process (PID=58771) to work on /opt/airflow/dags/dag_extract_catalogs.py
[2026-07-16T17:47:17.569+0000] {processor.py:914} INFO - Processing file /opt/airflow/dags/dag_extract_catalogs.py for tasks to queue
[2026-07-16T17:47:17.570+0000] {logging_mixin.py:190} INFO - [2026-07-16T17:47:17.570+0000] {dagbag.py:588} INFO - Filling up the DagBag from /opt/airflow/dags/dag_extract_catalogs.py
[2026-07-16T17:47:17.575+0000] {processor.py:925} INFO - DAG(s) 'dag_extract_catalogs' retrieved from /opt/airflow/dags/dag_extract_catalogs.py
[2026-07-16T17:47:17.586+0000] {logging_mixin.py:190} INFO - [2026-07-16T17:47:17.586+0000] {dag.py:3239} INFO - Sync 1 DAGs
[2026-07-16T17:47:17.743+0000] {logging_mixin.py:190} INFO - [2026-07-16T17:47:17.743+0000] {dag.py:4180} INFO - Setting next_dagrun for dag_extract_catalogs to 2026-07-16 01:00:00+00:00, run_after=2026-07-17 01:00:00+00:00
[2026-07-16T17:47:17.749+0000] {processor.py:208} INFO - Processing /opt/airflow/dags/dag_extract_catalogs.py took 0.183 seconds
[2026-07-16T17:47:48.274+0000] {processor.py:186} INFO - Started process (PID=58791) to work on /opt/airflow/dags/dag_extract_catalogs.py
[2026-07-16T17:47:48.275+0000] {processor.py:914} INFO - Processing file /opt/airflow/dags/dag_extract_catalogs.py for tasks to queue
[2026-07-16T17:47:48.275+0000] {logging_mixin.py:190} INFO - [2026-07-16T17:47:48.275+0000] {dagbag.py:588} INFO - Filling up the DagBag from /opt/airflow/dags/dag_extract_catalogs.py
[2026-07-16T17:47:48.281+0000] {processor.py:925} INFO - DAG(s) 'dag_extract_catalogs' retrieved from /opt/airflow/dags/dag_extract_catalogs.py
[2026-07-16T17:47:48.292+0000] {logging_mixin.py:190} INFO - [2026-07-16T17:47:48.292+0000] {dag.py:3239} INFO - Sync 1 DAGs
[2026-07-16T17:47:48.301+0000] {logging_mixin.py:190} INFO - [2026-07-16T17:47:48.301+0000] {dag.py:4180} INFO - Setting next_dagrun for dag_extract_catalogs to 2026-07-16 01:00:00+00:00, run_after=2026-07-17 01:00:00+00:00
[2026-07-16T17:47:48.307+0000] {processor.py:208} INFO - Processing /opt/airflow/dags/dag_extract_catalogs.py took 0.036 seconds
[2026-07-16T17:48:18.750+0000] {processor.py:186} INFO - Started process (PID=58809) to work on /opt/airflow/dags/dag_extract_catalogs.py
[2026-07-16T17:48:18.750+0000] {processor.py:914} INFO - Processing file /opt/airflow/dags/dag_extract_catalogs.py for tasks to queue
[2026-07-16T17:48:18.751+0000] {logging_mixin.py:190} INFO - [2026-07-16T17:48:18.751+0000] {dagbag.py:588} INFO - Filling up the DagBag from /opt/airflow/dags/dag_extract_catalogs.py
[2026-07-16T17:48:18.756+0000] {processor.py:925} INFO - DAG(s) 'dag_extract_catalogs' retrieved from /opt/airflow/dags/dag_extract_catalogs.py
[2026-07-16T17:48:18.842+0000] {logging_mixin.py:190} INFO - [2026-07-16T17:48:18.842+0000] {dag.py:3239} INFO - Sync 1 DAGs
[2026-07-16T17:48:18.850+0000] {logging_mixin.py:190} INFO - [2026-07-16T17:48:18.850+0000] {dag.py:4180} INFO - Setting next_dagrun for dag_extract_catalogs to 2026-07-16 01:00:00+00:00, run_after=2026-07-17 01:00:00+00:00
[2026-07-16T17:48:18.855+0000] {processor.py:208} INFO - Processing /opt/airflow/dags/dag_extract_catalogs.py took 0.109 seconds
[2026-07-16T17:48:49.405+0000] {processor.py:186} INFO - Started process (PID=58829) to work on /opt/airflow/dags/dag_extract_catalogs.py
[2026-07-16T17:48:49.406+0000] {processor.py:914} INFO - Processing file /opt/airflow/dags/dag_extract_catalogs.py for tasks to queue
[2026-07-16T17:48:49.408+0000] {logging_mixin.py:190} INFO - [2026-07-16T17:48:49.408+0000] {dagbag.py:588} INFO - Filling up the DagBag from /opt/airflow/dags/dag_extract_catalogs.py
[2026-07-16T17:48:49.415+0000] {processor.py:925} INFO - DAG(s) 'dag_extract_catalogs' retrieved from /opt/airflow/dags/dag_extract_catalogs.py
[2026-07-16T17:48:49.429+0000] {logging_mixin.py:190} INFO - [2026-07-16T17:48:49.429+0000] {dag.py:3239} INFO - Sync 1 DAGs
[2026-07-16T17:48:49.438+0000] {logging_mixin.py:190} INFO - [2026-07-16T17:48:49.438+0000] {dag.py:4180} INFO - Setting next_dagrun for dag_extract_catalogs to 2026-07-16 01:00:00+00:00, run_after=2026-07-17 01:00:00+00:00
[2026-07-16T17:48:49.443+0000] {processor.py:208} INFO - Processing /opt/airflow/dags/dag_extract_catalogs.py took 0.041 seconds
[2026-07-16T17:49:19.834+0000] {processor.py:186} INFO - Started process (PID=58851) to work on /opt/airflow/dags/dag_extract_catalogs.py
[2026-07-16T17:49:19.835+0000] {processor.py:914} INFO - Processing file /opt/airflow/dags/dag_extract_catalogs.py for tasks to queue
[2026-07-16T17:49:19.835+0000] {logging_mixin.py:190} INFO - [2026-07-16T17:49:19.835+0000] {dagbag.py:588} INFO - Filling up the DagBag from /opt/airflow/dags/dag_extract_catalogs.py
[2026-07-16T17:49:19.840+0000] {processor.py:925} INFO - DAG(s) 'dag_extract_catalogs' retrieved from /opt/airflow/dags/dag_extract_catalogs.py
[2026-07-16T17:49:19.851+0000] {logging_mixin.py:190} INFO - [2026-07-16T17:49:19.850+0000] {dag.py:3239} INFO - Sync 1 DAGs
[2026-07-16T17:49:19.858+0000] {logging_mixin.py:190} INFO - [2026-07-16T17:49:19.858+0000] {dag.py:4180} INFO - Setting next_dagrun for dag_extract_catalogs to 2026-07-16 01:00:00+00:00, run_after=2026-07-17 01:00:00+00:00
[2026-07-16T17:49:19.863+0000] {processor.py:208} INFO - Processing /opt/airflow/dags/dag_extract_catalogs.py took 0.031 seconds
[2026-07-16T17:49:50.409+0000] {processor.py:186} INFO - Started process (PID=58871) to work on /opt/airflow/dags/dag_extract_catalogs.py
[2026-07-16T17:49:50.410+0000] {processor.py:914} INFO - Processing file /opt/airflow/dags/dag_extract_catalogs.py for tasks to queue
[2026-07-16T17:49:50.411+0000] {logging_mixin.py:190} INFO - [2026-07-16T17:49:50.411+0000] {dagbag.py:588} INFO - Filling up the DagBag from /opt/airflow/dags/dag_extract_catalogs.py
[2026-07-16T17:49:50.418+0000] {processor.py:925} INFO - DAG(s) 'dag_extract_catalogs' retrieved from /opt/airflow/dags/dag_extract_catalogs.py
[2026-07-16T17:49:50.430+0000] {logging_mixin.py:190} INFO - [2026-07-16T17:49:50.430+0000] {dag.py:3239} INFO - Sync 1 DAGs
[2026-07-16T17:49:50.438+0000] {logging_mixin.py:190} INFO - [2026-07-16T17:49:50.438+0000] {dag.py:4180} INFO - Setting next_dagrun for dag_extract_catalogs to 2026-07-16 01:00:00+00:00, run_after=2026-07-17 01:00:00+00:00
[2026-07-16T17:49:50.444+0000] {processor.py:208} INFO - Processing /opt/airflow/dags/dag_extract_catalogs.py took 0.040 seconds
[2026-07-16T17:50:20.878+0000] {processor.py:186} INFO - Started process (PID=58891) to work on /opt/airflow/dags/dag_extract_catalogs.py
[2026-07-16T17:50:20.879+0000] {processor.py:914} INFO - Processing file /opt/airflow/dags/dag_extract_catalogs.py for tasks to queue
[2026-07-16T17:50:20.880+0000] {logging_mixin.py:190} INFO - [2026-07-16T17:50:20.880+0000] {dagbag.py:588} INFO - Filling up the DagBag from /opt/airflow/dags/dag_extract_catalogs.py
[2026-07-16T17:50:20.887+0000] {processor.py:925} INFO - DAG(s) 'dag_extract_catalogs' retrieved from /opt/airflow/dags/dag_extract_catalogs.py
[2026-07-16T17:50:20.900+0000] {logging_mixin.py:190} INFO - [2026-07-16T17:50:20.900+0000] {dag.py:3239} INFO - Sync 1 DAGs
[2026-07-16T17:50:20.910+0000] {logging_mixin.py:190} INFO - [2026-07-16T17:50:20.910+0000] {dag.py:4180} INFO - Setting next_dagrun for dag_extract_catalogs to 2026-07-16 01:00:00+00:00, run_after=2026-07-17 01:00:00+00:00
[2026-07-16T17:50:20.916+0000] {processor.py:208} INFO - Processing /opt/airflow/dags/dag_extract_catalogs.py took 0.042 seconds
[2026-07-16T17:50:51.352+0000] {processor.py:186} INFO - Started process (PID=58911) to work on /opt/airflow/dags/dag_extract_catalogs.py
[2026-07-16T17:50:51.353+0000] {processor.py:914} INFO - Processing file /opt/airflow/dags/dag_extract_catalogs.py for tasks to queue
[2026-07-16T17:50:51.354+0000] {logging_mixin.py:190} INFO - [2026-07-16T17:50:51.353+0000] {dagbag.py:588} INFO - Filling up the DagBag from /opt/airflow/dags/dag_extract_catalogs.py
[2026-07-16T17:50:51.359+0000] {processor.py:925} INFO - DAG(s) 'dag_extract_catalogs' retrieved from /opt/airflow/dags/dag_extract_catalogs.py
[2026-07-16T17:50:51.369+0000] {logging_mixin.py:190} INFO - [2026-07-16T17:50:51.369+0000] {dag.py:3239} INFO - Sync 1 DAGs
[2026-07-16T17:50:51.376+0000] {logging_mixin.py:190} INFO - [2026-07-16T17:50:51.376+0000] {dag.py:4180} INFO - Setting next_dagrun for dag_extract_catalogs to 2026-07-16 01:00:00+00:00, run_after=2026-07-17 01:00:00+00:00
[2026-07-16T17:50:51.381+0000] {processor.py:208} INFO - Processing /opt/airflow/dags/dag_extract_catalogs.py took 0.031 seconds
[2026-07-16T17:51:21.912+0000] {processor.py:186} INFO - Started process (PID=58931) to work on /opt/airflow/dags/dag_extract_catalogs.py
[2026-07-16T17:51:21.912+0000] {processor.py:914} INFO - Processing file /opt/airflow/dags/dag_extract_catalogs.py for tasks to queue
[2026-07-16T17:51:21.913+0000] {logging_mixin.py:190} INFO - [2026-07-16T17:51:21.913+0000] {dagbag.py:588} INFO - Filling up the DagBag from /opt/airflow/dags/dag_extract_catalogs.py
[2026-07-16T17:51:21.919+0000] {processor.py:925} INFO - DAG(s) 'dag_extract_catalogs' retrieved from /opt/airflow/dags/dag_extract_catalogs.py
[2026-07-16T17:51:21.929+0000] {logging_mixin.py:190} INFO - [2026-07-16T17:51:21.929+0000] {dag.py:3239} INFO - Sync 1 DAGs
[2026-07-16T17:51:21.937+0000] {logging_mixin.py:190} INFO - [2026-07-16T17:51:21.936+0000] {dag.py:4180} INFO - Setting next_dagrun for dag_extract_catalogs to 2026-07-16 01:00:00+00:00, run_after=2026-07-17 01:00:00+00:00
[2026-07-16T17:51:21.941+0000] {processor.py:208} INFO - Processing /opt/airflow/dags/dag_extract_catalogs.py took 0.032 seconds
[2026-07-16T17:51:52.395+0000] {processor.py:186} INFO - Started process (PID=58951) to work on /opt/airflow/dags/dag_extract_catalogs.py
[2026-07-16T17:51:52.396+0000] {processor.py:914} INFO - Processing file /opt/airflow/dags/dag_extract_catalogs.py for tasks to queue
[2026-07-16T17:51:52.397+0000] {logging_mixin.py:190} INFO - [2026-07-16T17:51:52.397+0000] {dagbag.py:588} INFO - Filling up the DagBag from /opt/airflow/dags/dag_extract_catalogs.py
[2026-07-16T17:51:52.402+0000] {processor.py:925} INFO - DAG(s) 'dag_extract_catalogs' retrieved from /opt/airflow/dags/dag_extract_catalogs.py
[2026-07-16T17:51:52.412+0000] {logging_mixin.py:190} INFO - [2026-07-16T17:51:52.412+0000] {dag.py:3239} INFO - Sync 1 DAGs
[2026-07-16T17:51:52.420+0000] {logging_mixin.py:190} INFO - [2026-07-16T17:51:52.420+0000] {dag.py:4180} INFO - Setting next_dagrun for dag_extract_catalogs to 2026-07-16 01:00:00+00:00, run_after=2026-07-17 01:00:00+00:00
[2026-07-16T17:51:52.425+0000] {processor.py:208} INFO - Processing /opt/airflow/dags/dag_extract_catalogs.py took 0.036 seconds
[2026-07-16T17:52:22.905+0000] {processor.py:186} INFO - Started process (PID=58971) to work on /opt/airflow/dags/dag_extract_catalogs.py
[2026-07-16T17:52:22.905+0000] {processor.py:914} INFO - Processing file /opt/airflow/dags/dag_extract_catalogs.py for tasks to queue
[2026-07-16T17:52:22.906+0000] {logging_mixin.py:190} INFO - [2026-07-16T17:52:22.906+0000] {dagbag.py:588} INFO - Filling up the DagBag from /opt/airflow/dags/dag_extract_catalogs.py
[2026-07-16T17:52:22.911+0000] {processor.py:925} INFO - DAG(s) 'dag_extract_catalogs' retrieved from /opt/airflow/dags/dag_extract_catalogs.py
[2026-07-16T17:52:22.921+0000] {logging_mixin.py:190} INFO - [2026-07-16T17:52:22.921+0000] {dag.py:3239} INFO - Sync 1 DAGs
[2026-07-16T17:52:22.928+0000] {logging_mixin.py:190} INFO - [2026-07-16T17:52:22.928+0000] {dag.py:4180} INFO - Setting next_dagrun for dag_extract_catalogs to 2026-07-16 01:00:00+00:00, run_after=2026-07-17 01:00:00+00:00
[2026-07-16T17:52:22.933+0000] {processor.py:208} INFO - Processing /opt/airflow/dags/dag_extract_catalogs.py took 0.031 seconds
[2026-07-16T17:52:53.357+0000] {processor.py:186} INFO - Started process (PID=58991) to work on /opt/airflow/dags/dag_extract_catalogs.py
[2026-07-16T17:52:53.358+0000] {processor.py:914} INFO - Processing file /opt/airflow/dags/dag_extract_catalogs.py for tasks to queue
[2026-07-16T17:52:53.359+0000] {logging_mixin.py:190} INFO - [2026-07-16T17:52:53.359+0000] {dagbag.py:588} INFO - Filling up the DagBag from /opt/airflow/dags/dag_extract_catalogs.py
[2026-07-16T17:52:53.364+0000] {processor.py:925} INFO - DAG(s) 'dag_extract_catalogs' retrieved from /opt/airflow/dags/dag_extract_catalogs.py
[2026-07-16T17:52:53.374+0000] {logging_mixin.py:190} INFO - [2026-07-16T17:52:53.374+0000] {dag.py:3239} INFO - Sync 1 DAGs
[2026-07-16T17:52:53.381+0000] {logging_mixin.py:190} INFO - [2026-07-16T17:52:53.381+0000] {dag.py:4180} INFO - Setting next_dagrun for dag_extract_catalogs to 2026-07-16 01:00:00+00:00, run_after=2026-07-17 01:00:00+00:00
[2026-07-16T17:52:53.386+0000] {processor.py:208} INFO - Processing /opt/airflow/dags/dag_extract_catalogs.py took 0.031 seconds
[2026-07-16T17:53:23.807+0000] {processor.py:186} INFO - Started process (PID=59011) to work on /opt/airflow/dags/dag_extract_catalogs.py
[2026-07-16T17:53:23.807+0000] {processor.py:914} INFO - Processing file /opt/airflow/dags/dag_extract_catalogs.py for tasks to queue
[2026-07-16T17:53:23.808+0000] {logging_mixin.py:190} INFO - [2026-07-16T17:53:23.808+0000] {dagbag.py:588} INFO - Filling up the DagBag from /opt/airflow/dags/dag_extract_catalogs.py
[2026-07-16T17:53:23.813+0000] {processor.py:925} INFO - DAG(s) 'dag_extract_catalogs' retrieved from /opt/airflow/dags/dag_extract_catalogs.py
[2026-07-16T17:53:23.823+0000] {logging_mixin.py:190} INFO - [2026-07-16T17:53:23.823+0000] {dag.py:3239} INFO - Sync 1 DAGs
[2026-07-16T17:53:23.831+0000] {logging_mixin.py:190} INFO - [2026-07-16T17:53:23.831+0000] {dag.py:4180} INFO - Setting next_dagrun for dag_extract_catalogs to 2026-07-16 01:00:00+00:00, run_after=2026-07-17 01:00:00+00:00
[2026-07-16T17:53:23.835+0000] {processor.py:208} INFO - Processing /opt/airflow/dags/dag_extract_catalogs.py took 0.031 seconds
[2026-07-16T17:53:54.282+0000] {processor.py:186} INFO - Started process (PID=59031) to work on /opt/airflow/dags/dag_extract_catalogs.py
[2026-07-16T17:53:54.283+0000] {processor.py:914} INFO - Processing file /opt/airflow/dags/dag_extract_catalogs.py for tasks to queue
[2026-07-16T17:53:54.284+0000] {logging_mixin.py:190} INFO - [2026-07-16T17:53:54.284+0000] {dagbag.py:588} INFO - Filling up the DagBag from /opt/airflow/dags/dag_extract_catalogs.py
[2026-07-16T17:53:54.289+0000] {processor.py:925} INFO - DAG(s) 'dag_extract_catalogs' retrieved from /opt/airflow/dags/dag_extract_catalogs.py
[2026-07-16T17:53:54.299+0000] {logging_mixin.py:190} INFO - [2026-07-16T17:53:54.299+0000] {dag.py:3239} INFO - Sync 1 DAGs
[2026-07-16T17:53:54.306+0000] {logging_mixin.py:190} INFO - [2026-07-16T17:53:54.306+0000] {dag.py:4180} INFO - Setting next_dagrun for dag_extract_catalogs to 2026-07-16 01:00:00+00:00, run_after=2026-07-17 01:00:00+00:00
[2026-07-16T17:53:54.311+0000] {processor.py:208} INFO - Processing /opt/airflow/dags/dag_extract_catalogs.py took 0.031 seconds
[2026-07-16T17:54:24.787+0000] {processor.py:186} INFO - Started process (PID=59051) to work on /opt/airflow/dags/dag_extract_catalogs.py
[2026-07-16T17:54:24.788+0000] {processor.py:914} INFO - Processing file /opt/airflow/dags/dag_extract_catalogs.py for tasks to queue
[2026-07-16T17:54:24.789+0000] {logging_mixin.py:190} INFO - [2026-07-16T17:54:24.789+0000] {dagbag.py:588} INFO - Filling up the DagBag from /opt/airflow/dags/dag_extract_catalogs.py
[2026-07-16T17:54:24.795+0000] {processor.py:925} INFO - DAG(s) 'dag_extract_catalogs' retrieved from /opt/airflow/dags/dag_extract_catalogs.py
[2026-07-16T17:54:24.812+0000] {logging_mixin.py:190} INFO - [2026-07-16T17:54:24.812+0000] {dag.py:3239} INFO - Sync 1 DAGs
[2026-07-16T17:54:24.824+0000] {logging_mixin.py:190} INFO - [2026-07-16T17:54:24.824+0000] {dag.py:4180} INFO - Setting next_dagrun for dag_extract_catalogs to 2026-07-16 01:00:00+00:00, run_after=2026-07-17 01:00:00+00:00
[2026-07-16T17:54:24.831+0000] {processor.py:208} INFO - Processing /opt/airflow/dags/dag_extract_catalogs.py took 0.048 seconds
[2026-07-16T17:54:55.402+0000] {processor.py:186} INFO - Started process (PID=59071) to work on /opt/airflow/dags/dag_extract_catalogs.py
[2026-07-16T17:54:55.403+0000] {processor.py:914} INFO - Processing file /opt/airflow/dags/dag_extract_catalogs.py for tasks to queue
[2026-07-16T17:54:55.404+0000] {logging_mixin.py:190} INFO - [2026-07-16T17:54:55.404+0000] {dagbag.py:588} INFO - Filling up the DagBag from /opt/airflow/dags/dag_extract_catalogs.py
[2026-07-16T17:54:55.410+0000] {processor.py:925} INFO - DAG(s) 'dag_extract_catalogs' retrieved from /opt/airflow/dags/dag_extract_catalogs.py
[2026-07-16T17:54:55.424+0000] {logging_mixin.py:190} INFO - [2026-07-16T17:54:55.424+0000] {dag.py:3239} INFO - Sync 1 DAGs
[2026-07-16T17:54:55.433+0000] {logging_mixin.py:190} INFO - [2026-07-16T17:54:55.433+0000] {dag.py:4180} INFO - Setting next_dagrun for dag_extract_catalogs to 2026-07-16 01:00:00+00:00, run_after=2026-07-17 01:00:00+00:00
[2026-07-16T17:54:55.439+0000] {processor.py:208} INFO - Processing /opt/airflow/dags/dag_extract_catalogs.py took 0.039 seconds
[2026-07-16T17:55:25.885+0000] {processor.py:186} INFO - Started process (PID=59091) to work on /opt/airflow/dags/dag_extract_catalogs.py
[2026-07-16T17:55:25.885+0000] {processor.py:914} INFO - Processing file /opt/airflow/dags/dag_extract_catalogs.py for tasks to queue
[2026-07-16T17:55:25.886+0000] {logging_mixin.py:190} INFO - [2026-07-16T17:55:25.886+0000] {dagbag.py:588} INFO - Filling up the DagBag from /opt/airflow/dags/dag_extract_catalogs.py
[2026-07-16T17:55:25.891+0000] {processor.py:925} INFO - DAG(s) 'dag_extract_catalogs' retrieved from /opt/airflow/dags/dag_extract_catalogs.py
[2026-07-16T17:55:25.902+0000] {logging_mixin.py:190} INFO - [2026-07-16T17:55:25.902+0000] {dag.py:3239} INFO - Sync 1 DAGs
[2026-07-16T17:55:25.909+0000] {logging_mixin.py:190} INFO - [2026-07-16T17:55:25.909+0000] {dag.py:4180} INFO - Setting next_dagrun for dag_extract_catalogs to 2026-07-16 01:00:00+00:00, run_after=2026-07-17 01:00:00+00:00
[2026-07-16T17:55:25.914+0000] {processor.py:208} INFO - Processing /opt/airflow/dags/dag_extract_catalogs.py took 0.031 seconds
[2026-07-16T17:55:56.381+0000] {processor.py:186} INFO - Started process (PID=59111) to work on /opt/airflow/dags/dag_extract_catalogs.py
[2026-07-16T17:55:56.381+0000] {processor.py:914} INFO - Processing file /opt/airflow/dags/dag_extract_catalogs.py for tasks to queue
[2026-07-16T17:55:56.386+0000] {logging_mixin.py:190} INFO - [2026-07-16T17:55:56.386+0000] {dagbag.py:588} INFO - Filling up the DagBag from /opt/airflow/dags/dag_extract_catalogs.py
[2026-07-16T17:55:56.391+0000] {processor.py:925} INFO - DAG(s) 'dag_extract_catalogs' retrieved from /opt/airflow/dags/dag_extract_catalogs.py
[2026-07-16T17:55:56.402+0000] {logging_mixin.py:190} INFO - [2026-07-16T17:55:56.402+0000] {dag.py:3239} INFO - Sync 1 DAGs
[2026-07-16T17:55:56.409+0000] {logging_mixin.py:190} INFO - [2026-07-16T17:55:56.409+0000] {dag.py:4180} INFO - Setting next_dagrun for dag_extract_catalogs to 2026-07-16 01:00:00+00:00, run_after=2026-07-17 01:00:00+00:00
[2026-07-16T17:55:56.414+0000] {processor.py:208} INFO - Processing /opt/airflow/dags/dag_extract_catalogs.py took 0.036 seconds
[2026-07-16T17:56:26.821+0000] {processor.py:186} INFO - Started process (PID=59131) to work on /opt/airflow/dags/dag_extract_catalogs.py
[2026-07-16T17:56:26.822+0000] {processor.py:914} INFO - Processing file /opt/airflow/dags/dag_extract_catalogs.py for tasks to queue
[2026-07-16T17:56:26.823+0000] {logging_mixin.py:190} INFO - [2026-07-16T17:56:26.823+0000] {dagbag.py:588} INFO - Filling up the DagBag from /opt/airflow/dags/dag_extract_catalogs.py
[2026-07-16T17:56:26.828+0000] {processor.py:925} INFO - DAG(s) 'dag_extract_catalogs' retrieved from /opt/airflow/dags/dag_extract_catalogs.py
[2026-07-16T17:56:26.840+0000] {logging_mixin.py:190} INFO - [2026-07-16T17:56:26.840+0000] {dag.py:3239} INFO - Sync 1 DAGs
[2026-07-16T17:56:26.848+0000] {logging_mixin.py:190} INFO - [2026-07-16T17:56:26.848+0000] {dag.py:4180} INFO - Setting next_dagrun for dag_extract_catalogs to 2026-07-16 01:00:00+00:00, run_after=2026-07-17 01:00:00+00:00
[2026-07-16T17:56:26.853+0000] {processor.py:208} INFO - Processing /opt/airflow/dags/dag_extract_catalogs.py took 0.034 seconds
[2026-07-16T17:56:57.264+0000] {processor.py:186} INFO - Started process (PID=59151) to work on /opt/airflow/dags/dag_extract_catalogs.py
[2026-07-16T17:56:57.264+0000] {processor.py:914} INFO - Processing file /opt/airflow/dags/dag_extract_catalogs.py for tasks to queue
[2026-07-16T17:56:57.265+0000] {logging_mixin.py:190} INFO - [2026-07-16T17:56:57.265+0000] {dagbag.py:588} INFO - Filling up the DagBag from /opt/airflow/dags/dag_extract_catalogs.py
[2026-07-16T17:56:57.271+0000] {processor.py:925} INFO - DAG(s) 'dag_extract_catalogs' retrieved from /opt/airflow/dags/dag_extract_catalogs.py
[2026-07-16T17:56:57.282+0000] {logging_mixin.py:190} INFO - [2026-07-16T17:56:57.281+0000] {dag.py:3239} INFO - Sync 1 DAGs
[2026-07-16T17:56:57.289+0000] {logging_mixin.py:190} INFO - [2026-07-16T17:56:57.289+0000] {dag.py:4180} INFO - Setting next_dagrun for dag_extract_catalogs to 2026-07-16 01:00:00+00:00, run_after=2026-07-17 01:00:00+00:00
[2026-07-16T17:56:57.294+0000] {processor.py:208} INFO - Processing /opt/airflow/dags/dag_extract_catalogs.py took 0.033 seconds
[2026-07-16T17:57:27.695+0000] {processor.py:186} INFO - Started process (PID=59171) to work on /opt/airflow/dags/dag_extract_catalogs.py
[2026-07-16T17:57:27.695+0000] {processor.py:914} INFO - Processing file /opt/airflow/dags/dag_extract_catalogs.py for tasks to queue
[2026-07-16T17:57:27.696+0000] {logging_mixin.py:190} INFO - [2026-07-16T17:57:27.696+0000] {dagbag.py:588} INFO - Filling up the DagBag from /opt/airflow/dags/dag_extract_catalogs.py
[2026-07-16T17:57:27.701+0000] {processor.py:925} INFO - DAG(s) 'dag_extract_catalogs' retrieved from /opt/airflow/dags/dag_extract_catalogs.py
[2026-07-16T17:57:27.711+0000] {logging_mixin.py:190} INFO - [2026-07-16T17:57:27.711+0000] {dag.py:3239} INFO - Sync 1 DAGs
[2026-07-16T17:57:27.719+0000] {logging_mixin.py:190} INFO - [2026-07-16T17:57:27.719+0000] {dag.py:4180} INFO - Setting next_dagrun for dag_extract_catalogs to 2026-07-16 01:00:00+00:00, run_after=2026-07-17 01:00:00+00:00
[2026-07-16T17:57:27.724+0000] {processor.py:208} INFO - Processing /opt/airflow/dags/dag_extract_catalogs.py took 0.031 seconds
[2026-07-16T17:57:58.238+0000] {processor.py:186} INFO - Started process (PID=59191) to work on /opt/airflow/dags/dag_extract_catalogs.py
[2026-07-16T17:57:58.239+0000] {processor.py:914} INFO - Processing file /opt/airflow/dags/dag_extract_catalogs.py for tasks to queue
[2026-07-16T17:57:58.240+0000] {logging_mixin.py:190} INFO - [2026-07-16T17:57:58.240+0000] {dagbag.py:588} INFO - Filling up the DagBag from /opt/airflow/dags/dag_extract_catalogs.py
[2026-07-16T17:57:58.245+0000] {processor.py:925} INFO - DAG(s) 'dag_extract_catalogs' retrieved from /opt/airflow/dags/dag_extract_catalogs.py
[2026-07-16T17:57:58.256+0000] {logging_mixin.py:190} INFO - [2026-07-16T17:57:58.256+0000] {dag.py:3239} INFO - Sync 1 DAGs
[2026-07-16T17:57:58.263+0000] {logging_mixin.py:190} INFO - [2026-07-16T17:57:58.263+0000] {dag.py:4180} INFO - Setting next_dagrun for dag_extract_catalogs to 2026-07-16 01:00:00+00:00, run_after=2026-07-17 01:00:00+00:00
[2026-07-16T17:57:58.268+0000] {processor.py:208} INFO - Processing /opt/airflow/dags/dag_extract_catalogs.py took 0.033 seconds
[2026-07-16T17:58:28.623+0000] {processor.py:186} INFO - Started process (PID=59209) to work on /opt/airflow/dags/dag_extract_catalogs.py
[2026-07-16T17:58:28.623+0000] {processor.py:914} INFO - Processing file /opt/airflow/dags/dag_extract_catalogs.py for tasks to queue
[2026-07-16T17:58:28.624+0000] {logging_mixin.py:190} INFO - [2026-07-16T17:58:28.624+0000] {dagbag.py:588} INFO - Filling up the DagBag from /opt/airflow/dags/dag_extract_catalogs.py
[2026-07-16T17:58:28.632+0000] {processor.py:925} INFO - DAG(s) 'dag_extract_catalogs' retrieved from /opt/airflow/dags/dag_extract_catalogs.py
[2026-07-16T17:58:28.648+0000] {logging_mixin.py:190} INFO - [2026-07-16T17:58:28.647+0000] {dag.py:3239} INFO - Sync 1 DAGs
[2026-07-16T17:58:28.656+0000] {logging_mixin.py:190} INFO - [2026-07-16T17:58:28.655+0000] {dag.py:4180} INFO - Setting next_dagrun for dag_extract_catalogs to 2026-07-16 01:00:00+00:00, run_after=2026-07-17 01:00:00+00:00
[2026-07-16T17:58:28.662+0000] {processor.py:208} INFO - Processing /opt/airflow/dags/dag_extract_catalogs.py took 0.043 seconds
[2026-07-16T17:58:59.116+0000] {processor.py:186} INFO - Started process (PID=59231) to work on /opt/airflow/dags/dag_extract_catalogs.py
[2026-07-16T17:58:59.116+0000] {processor.py:914} INFO - Processing file /opt/airflow/dags/dag_extract_catalogs.py for tasks to queue
[2026-07-16T17:58:59.117+0000] {logging_mixin.py:190} INFO - [2026-07-16T17:58:59.117+0000] {dagbag.py:588} INFO - Filling up the DagBag from /opt/airflow/dags/dag_extract_catalogs.py
[2026-07-16T17:58:59.122+0000] {processor.py:925} INFO - DAG(s) 'dag_extract_catalogs' retrieved from /opt/airflow/dags/dag_extract_catalogs.py
[2026-07-16T17:58:59.132+0000] {logging_mixin.py:190} INFO - [2026-07-16T17:58:59.132+0000] {dag.py:3239} INFO - Sync 1 DAGs
[2026-07-16T17:58:59.139+0000] {logging_mixin.py:190} INFO - [2026-07-16T17:58:59.139+0000] {dag.py:4180} INFO - Setting next_dagrun for dag_extract_catalogs to 2026-07-16 01:00:00+00:00, run_after=2026-07-17 01:00:00+00:00
[2026-07-16T17:58:59.144+0000] {processor.py:208} INFO - Processing /opt/airflow/dags/dag_extract_catalogs.py took 0.031 seconds
[2026-07-16T17:59:29.540+0000] {processor.py:186} INFO - Started process (PID=59251) to work on /opt/airflow/dags/dag_extract_catalogs.py
[2026-07-16T17:59:29.540+0000] {processor.py:914} INFO - Processing file /opt/airflow/dags/dag_extract_catalogs.py for tasks to queue
[2026-07-16T17:59:29.541+0000] {logging_mixin.py:190} INFO - [2026-07-16T17:59:29.541+0000] {dagbag.py:588} INFO - Filling up the DagBag from /opt/airflow/dags/dag_extract_catalogs.py
[2026-07-16T17:59:29.546+0000] {processor.py:925} INFO - DAG(s) 'dag_extract_catalogs' retrieved from /opt/airflow/dags/dag_extract_catalogs.py
[2026-07-16T17:59:29.556+0000] {logging_mixin.py:190} INFO - [2026-07-16T17:59:29.556+0000] {dag.py:3239} INFO - Sync 1 DAGs
[2026-07-16T17:59:29.563+0000] {logging_mixin.py:190} INFO - [2026-07-16T17:59:29.563+0000] {dag.py:4180} INFO - Setting next_dagrun for dag_extract_catalogs to 2026-07-16 01:00:00+00:00, run_after=2026-07-17 01:00:00+00:00
[2026-07-16T17:59:29.568+0000] {processor.py:208} INFO - Processing /opt/airflow/dags/dag_extract_catalogs.py took 0.032 seconds
[2026-07-16T17:59:59.995+0000] {processor.py:186} INFO - Started process (PID=59271) to work on /opt/airflow/dags/dag_extract_catalogs.py
[2026-07-16T17:59:59.995+0000] {processor.py:914} INFO - Processing file /opt/airflow/dags/dag_extract_catalogs.py for tasks to queue
[2026-07-16T17:59:59.996+0000] {logging_mixin.py:190} INFO - [2026-07-16T17:59:59.996+0000] {dagbag.py:588} INFO - Filling up the DagBag from /opt/airflow/dags/dag_extract_catalogs.py
[2026-07-16T18:00:00.001+0000] {processor.py:925} INFO - DAG(s) 'dag_extract_catalogs' retrieved from /opt/airflow/dags/dag_extract_catalogs.py
[2026-07-16T18:00:00.013+0000] {logging_mixin.py:190} INFO - [2026-07-16T18:00:00.013+0000] {dag.py:3239} INFO - Sync 1 DAGs
[2026-07-16T18:00:00.021+0000] {logging_mixin.py:190} INFO - [2026-07-16T18:00:00.021+0000] {dag.py:4180} INFO - Setting next_dagrun for dag_extract_catalogs to 2026-07-16 01:00:00+00:00, run_after=2026-07-17 01:00:00+00:00
[2026-07-16T18:00:00.026+0000] {processor.py:208} INFO - Processing /opt/airflow/dags/dag_extract_catalogs.py took 0.034 seconds
[2026-07-16T18:00:30.514+0000] {processor.py:186} INFO - Started process (PID=59294) to work on /opt/airflow/dags/dag_extract_catalogs.py
[2026-07-16T18:00:30.515+0000] {processor.py:914} INFO - Processing file /opt/airflow/dags/dag_extract_catalogs.py for tasks to queue
[2026-07-16T18:00:30.516+0000] {logging_mixin.py:190} INFO - [2026-07-16T18:00:30.516+0000] {dagbag.py:588} INFO - Filling up the DagBag from /opt/airflow/dags/dag_extract_catalogs.py
[2026-07-16T18:00:30.521+0000] {processor.py:925} INFO - DAG(s) 'dag_extract_catalogs' retrieved from /opt/airflow/dags/dag_extract_catalogs.py
[2026-07-16T18:00:30.531+0000] {logging_mixin.py:190} INFO - [2026-07-16T18:00:30.531+0000] {dag.py:3239} INFO - Sync 1 DAGs
[2026-07-16T18:00:30.538+0000] {logging_mixin.py:190} INFO - [2026-07-16T18:00:30.538+0000] {dag.py:4180} INFO - Setting next_dagrun for dag_extract_catalogs to 2026-07-16 01:00:00+00:00, run_after=2026-07-17 01:00:00+00:00
[2026-07-16T18:00:30.543+0000] {processor.py:208} INFO - Processing /opt/airflow/dags/dag_extract_catalogs.py took 0.034 seconds
[2026-07-16T18:01:01.006+0000] {processor.py:186} INFO - Started process (PID=59314) to work on /opt/airflow/dags/dag_extract_catalogs.py
[2026-07-16T18:01:01.007+0000] {processor.py:914} INFO - Processing file /opt/airflow/dags/dag_extract_catalogs.py for tasks to queue
[2026-07-16T18:01:01.008+0000] {logging_mixin.py:190} INFO - [2026-07-16T18:01:01.008+0000] {dagbag.py:588} INFO - Filling up the DagBag from /opt/airflow/dags/dag_extract_catalogs.py
[2026-07-16T18:01:01.013+0000] {processor.py:925} INFO - DAG(s) 'dag_extract_catalogs' retrieved from /opt/airflow/dags/dag_extract_catalogs.py
[2026-07-16T18:01:01.023+0000] {logging_mixin.py:190} INFO - [2026-07-16T18:01:01.023+0000] {dag.py:3239} INFO - Sync 1 DAGs
[2026-07-16T18:01:01.030+0000] {logging_mixin.py:190} INFO - [2026-07-16T18:01:01.030+0000] {dag.py:4180} INFO - Setting next_dagrun for dag_extract_catalogs to 2026-07-16 01:00:00+00:00, run_after=2026-07-17 01:00:00+00:00
[2026-07-16T18:01:01.035+0000] {processor.py:208} INFO - Processing /opt/airflow/dags/dag_extract_catalogs.py took 0.031 seconds
[2026-07-16T18:01:31.551+0000] {processor.py:186} INFO - Started process (PID=59334) to work on /opt/airflow/dags/dag_extract_catalogs.py
[2026-07-16T18:01:31.552+0000] {processor.py:914} INFO - Processing file /opt/airflow/dags/dag_extract_catalogs.py for tasks to queue
[2026-07-16T18:01:31.553+0000] {logging_mixin.py:190} INFO - [2026-07-16T18:01:31.553+0000] {dagbag.py:588} INFO - Filling up the DagBag from /opt/airflow/dags/dag_extract_catalogs.py
[2026-07-16T18:01:31.563+0000] {processor.py:925} INFO - DAG(s) 'dag_extract_catalogs' retrieved from /opt/airflow/dags/dag_extract_catalogs.py
[2026-07-16T18:01:31.576+0000] {logging_mixin.py:190} INFO - [2026-07-16T18:01:31.576+0000] {dag.py:3239} INFO - Sync 1 DAGs
[2026-07-16T18:01:31.587+0000] {logging_mixin.py:190} INFO - [2026-07-16T18:01:31.586+0000] {dag.py:4180} INFO - Setting next_dagrun for dag_extract_catalogs to 2026-07-16 01:00:00+00:00, run_after=2026-07-17 01:00:00+00:00
[2026-07-16T18:01:31.593+0000] {processor.py:208} INFO - Processing /opt/airflow/dags/dag_extract_catalogs.py took 0.047 seconds
[2026-07-16T18:02:02.117+0000] {processor.py:186} INFO - Started process (PID=59354) to work on /opt/airflow/dags/dag_extract_catalogs.py
[2026-07-16T18:02:02.118+0000] {processor.py:914} INFO - Processing file /opt/airflow/dags/dag_extract_catalogs.py for tasks to queue
[2026-07-16T18:02:02.119+0000] {logging_mixin.py:190} INFO - [2026-07-16T18:02:02.119+0000] {dagbag.py:588} INFO - Filling up the DagBag from /opt/airflow/dags/dag_extract_catalogs.py
[2026-07-16T18:02:02.124+0000] {processor.py:925} INFO - DAG(s) 'dag_extract_catalogs' retrieved from /opt/airflow/dags/dag_extract_catalogs.py
[2026-07-16T18:02:02.137+0000] {logging_mixin.py:190} INFO - [2026-07-16T18:02:02.137+0000] {dag.py:3239} INFO - Sync 1 DAGs
[2026-07-16T18:02:02.145+0000] {logging_mixin.py:190} INFO - [2026-07-16T18:02:02.145+0000] {dag.py:4180} INFO - Setting next_dagrun for dag_extract_catalogs to 2026-07-16 01:00:00+00:00, run_after=2026-07-17 01:00:00+00:00
[2026-07-16T18:02:02.151+0000] {processor.py:208} INFO - Processing /opt/airflow/dags/dag_extract_catalogs.py took 0.036 seconds
[2026-07-16T18:02:32.609+0000] {processor.py:186} INFO - Started process (PID=59374) to work on /opt/airflow/dags/dag_extract_catalogs.py
[2026-07-16T18:02:32.610+0000] {processor.py:914} INFO - Processing file /opt/airflow/dags/dag_extract_catalogs.py for tasks to queue
[2026-07-16T18:02:32.611+0000] {logging_mixin.py:190} INFO - [2026-07-16T18:02:32.611+0000] {dagbag.py:588} INFO - Filling up the DagBag from /opt/airflow/dags/dag_extract_catalogs.py
[2026-07-16T18:02:32.616+0000] {processor.py:925} INFO - DAG(s) 'dag_extract_catalogs' retrieved from /opt/airflow/dags/dag_extract_catalogs.py
[2026-07-16T18:02:32.627+0000] {logging_mixin.py:190} INFO - [2026-07-16T18:02:32.627+0000] {dag.py:3239} INFO - Sync 1 DAGs
[2026-07-16T18:02:32.635+0000] {logging_mixin.py:190} INFO - [2026-07-16T18:02:32.635+0000] {dag.py:4180} INFO - Setting next_dagrun for dag_extract_catalogs to 2026-07-16 01:00:00+00:00, run_after=2026-07-17 01:00:00+00:00
[2026-07-16T18:02:32.640+0000] {processor.py:208} INFO - Processing /opt/airflow/dags/dag_extract_catalogs.py took 0.034 seconds
[2026-07-16T18:03:03.096+0000] {processor.py:186} INFO - Started process (PID=59394) to work on /opt/airflow/dags/dag_extract_catalogs.py
[2026-07-16T18:03:03.096+0000] {processor.py:914} INFO - Processing file /opt/airflow/dags/dag_extract_catalogs.py for tasks to queue
[2026-07-16T18:03:03.097+0000] {logging_mixin.py:190} INFO - [2026-07-16T18:03:03.097+0000] {dagbag.py:588} INFO - Filling up the DagBag from /opt/airflow/dags/dag_extract_catalogs.py
[2026-07-16T18:03:03.103+0000] {processor.py:925} INFO - DAG(s) 'dag_extract_catalogs' retrieved from /opt/airflow/dags/dag_extract_catalogs.py
[2026-07-16T18:03:03.114+0000] {logging_mixin.py:190} INFO - [2026-07-16T18:03:03.114+0000] {dag.py:3239} INFO - Sync 1 DAGs
[2026-07-16T18:03:03.122+0000] {logging_mixin.py:190} INFO - [2026-07-16T18:03:03.122+0000] {dag.py:4180} INFO - Setting next_dagrun for dag_extract_catalogs to 2026-07-16 01:00:00+00:00, run_after=2026-07-17 01:00:00+00:00
[2026-07-16T18:03:03.128+0000] {processor.py:208} INFO - Processing /opt/airflow/dags/dag_extract_catalogs.py took 0.036 seconds
[2026-07-16T18:03:33.622+0000] {processor.py:186} INFO - Started process (PID=59412) to work on /opt/airflow/dags/dag_extract_catalogs.py
[2026-07-16T18:03:33.623+0000] {processor.py:914} INFO - Processing file /opt/airflow/dags/dag_extract_catalogs.py for tasks to queue
[2026-07-16T18:03:33.625+0000] {logging_mixin.py:190} INFO - [2026-07-16T18:03:33.625+0000] {dagbag.py:588} INFO - Filling up the DagBag from /opt/airflow/dags/dag_extract_catalogs.py
[2026-07-16T18:03:33.633+0000] {processor.py:925} INFO - DAG(s) 'dag_extract_catalogs' retrieved from /opt/airflow/dags/dag_extract_catalogs.py
[2026-07-16T18:03:33.651+0000] {logging_mixin.py:190} INFO - [2026-07-16T18:03:33.651+0000] {dag.py:3239} INFO - Sync 1 DAGs
[2026-07-16T18:03:33.662+0000] {logging_mixin.py:190} INFO - [2026-07-16T18:03:33.662+0000] {dag.py:4180} INFO - Setting next_dagrun for dag_extract_catalogs to 2026-07-16 01:00:00+00:00, run_after=2026-07-17 01:00:00+00:00
[2026-07-16T18:03:33.670+0000] {processor.py:208} INFO - Processing /opt/airflow/dags/dag_extract_catalogs.py took 0.051 seconds
[2026-07-16T18:04:04.165+0000] {processor.py:186} INFO - Started process (PID=59434) to work on /opt/airflow/dags/dag_extract_catalogs.py
[2026-07-16T18:04:04.165+0000] {processor.py:914} INFO - Processing file /opt/airflow/dags/dag_extract_catalogs.py for tasks to queue
[2026-07-16T18:04:04.166+0000] {logging_mixin.py:190} INFO - [2026-07-16T18:04:04.166+0000] {dagbag.py:588} INFO - Filling up the DagBag from /opt/airflow/dags/dag_extract_catalogs.py
[2026-07-16T18:04:04.172+0000] {processor.py:925} INFO - DAG(s) 'dag_extract_catalogs' retrieved from /opt/airflow/dags/dag_extract_catalogs.py
[2026-07-16T18:04:04.182+0000] {logging_mixin.py:190} INFO - [2026-07-16T18:04:04.182+0000] {dag.py:3239} INFO - Sync 1 DAGs
[2026-07-16T18:04:04.190+0000] {logging_mixin.py:190} INFO - [2026-07-16T18:04:04.190+0000] {dag.py:4180} INFO - Setting next_dagrun for dag_extract_catalogs to 2026-07-16 01:00:00+00:00, run_after=2026-07-17 01:00:00+00:00
[2026-07-16T18:04:04.194+0000] {processor.py:208} INFO - Processing /opt/airflow/dags/dag_extract_catalogs.py took 0.032 seconds
[2026-07-16T18:04:34.578+0000] {processor.py:186} INFO - Started process (PID=59454) to work on /opt/airflow/dags/dag_extract_catalogs.py
[2026-07-16T18:04:34.578+0000] {processor.py:914} INFO - Processing file /opt/airflow/dags/dag_extract_catalogs.py for tasks to queue
[2026-07-16T18:04:34.579+0000] {logging_mixin.py:190} INFO - [2026-07-16T18:04:34.579+0000] {dagbag.py:588} INFO - Filling up the DagBag from /opt/airflow/dags/dag_extract_catalogs.py
[2026-07-16T18:04:34.584+0000] {processor.py:925} INFO - DAG(s) 'dag_extract_catalogs' retrieved from /opt/airflow/dags/dag_extract_catalogs.py
[2026-07-16T18:04:34.594+0000] {logging_mixin.py:190} INFO - [2026-07-16T18:04:34.594+0000] {dag.py:3239} INFO - Sync 1 DAGs
[2026-07-16T18:04:34.601+0000] {logging_mixin.py:190} INFO - [2026-07-16T18:04:34.601+0000] {dag.py:4180} INFO - Setting next_dagrun for dag_extract_catalogs to 2026-07-16 01:00:00+00:00, run_after=2026-07-17 01:00:00+00:00
[2026-07-16T18:04:34.605+0000] {processor.py:208} INFO - Processing /opt/airflow/dags/dag_extract_catalogs.py took 0.030 seconds
[2026-07-16T18:05:04.963+0000] {processor.py:186} INFO - Started process (PID=59472) to work on /opt/airflow/dags/dag_extract_catalogs.py
[2026-07-16T18:05:04.964+0000] {processor.py:914} INFO - Processing file /opt/airflow/dags/dag_extract_catalogs.py for tasks to queue
[2026-07-16T18:05:04.965+0000] {logging_mixin.py:190} INFO - [2026-07-16T18:05:04.965+0000] {dagbag.py:588} INFO - Filling up the DagBag from /opt/airflow/dags/dag_extract_catalogs.py
[2026-07-16T18:05:04.972+0000] {processor.py:925} INFO - DAG(s) 'dag_extract_catalogs' retrieved from /opt/airflow/dags/dag_extract_catalogs.py
[2026-07-16T18:05:04.991+0000] {logging_mixin.py:190} INFO - [2026-07-16T18:05:04.991+0000] {dag.py:3239} INFO - Sync 1 DAGs
[2026-07-16T18:05:05.002+0000] {logging_mixin.py:190} INFO - [2026-07-16T18:05:05.002+0000] {dag.py:4180} INFO - Setting next_dagrun for dag_extract_catalogs to 2026-07-16 01:00:00+00:00, run_after=2026-07-17 01:00:00+00:00
[2026-07-16T18:05:05.007+0000] {processor.py:208} INFO - Processing /opt/airflow/dags/dag_extract_catalogs.py took 0.047 seconds
[2026-07-16T18:05:35.459+0000] {processor.py:186} INFO - Started process (PID=59494) to work on /opt/airflow/dags/dag_extract_catalogs.py
[2026-07-16T18:05:35.459+0000] {processor.py:914} INFO - Processing file /opt/airflow/dags/dag_extract_catalogs.py for tasks to queue
[2026-07-16T18:05:35.460+0000] {logging_mixin.py:190} INFO - [2026-07-16T18:05:35.460+0000] {dagbag.py:588} INFO - Filling up the DagBag from /opt/airflow/dags/dag_extract_catalogs.py
[2026-07-16T18:05:35.465+0000] {processor.py:925} INFO - DAG(s) 'dag_extract_catalogs' retrieved from /opt/airflow/dags/dag_extract_catalogs.py
[2026-07-16T18:05:35.475+0000] {logging_mixin.py:190} INFO - [2026-07-16T18:05:35.475+0000] {dag.py:3239} INFO - Sync 1 DAGs
[2026-07-16T18:05:35.482+0000] {logging_mixin.py:190} INFO - [2026-07-16T18:05:35.482+0000] {dag.py:4180} INFO - Setting next_dagrun for dag_extract_catalogs to 2026-07-16 01:00:00+00:00, run_after=2026-07-17 01:00:00+00:00
[2026-07-16T18:05:35.487+0000] {processor.py:208} INFO - Processing /opt/airflow/dags/dag_extract_catalogs.py took 0.031 seconds
[2026-07-16T18:06:05.955+0000] {processor.py:186} INFO - Started process (PID=59514) to work on /opt/airflow/dags/dag_extract_catalogs.py
[2026-07-16T18:06:05.955+0000] {processor.py:914} INFO - Processing file /opt/airflow/dags/dag_extract_catalogs.py for tasks to queue
[2026-07-16T18:06:05.956+0000] {logging_mixin.py:190} INFO - [2026-07-16T18:06:05.956+0000] {dagbag.py:588} INFO - Filling up the DagBag from /opt/airflow/dags/dag_extract_catalogs.py
[2026-07-16T18:06:05.961+0000] {processor.py:925} INFO - DAG(s) 'dag_extract_catalogs' retrieved from /opt/airflow/dags/dag_extract_catalogs.py
[2026-07-16T18:06:05.971+0000] {logging_mixin.py:190} INFO - [2026-07-16T18:06:05.971+0000] {dag.py:3239} INFO - Sync 1 DAGs
[2026-07-16T18:06:05.978+0000] {logging_mixin.py:190} INFO - [2026-07-16T18:06:05.977+0000] {dag.py:4180} INFO - Setting next_dagrun for dag_extract_catalogs to 2026-07-16 01:00:00+00:00, run_after=2026-07-17 01:00:00+00:00
[2026-07-16T18:06:05.982+0000] {processor.py:208} INFO - Processing /opt/airflow/dags/dag_extract_catalogs.py took 0.029 seconds
[2026-07-16T18:06:36.422+0000] {processor.py:186} INFO - Started process (PID=59534) to work on /opt/airflow/dags/dag_extract_catalogs.py
[2026-07-16T18:06:36.423+0000] {processor.py:914} INFO - Processing file /opt/airflow/dags/dag_extract_catalogs.py for tasks to queue
[2026-07-16T18:06:36.423+0000] {logging_mixin.py:190} INFO - [2026-07-16T18:06:36.423+0000] {dagbag.py:588} INFO - Filling up the DagBag from /opt/airflow/dags/dag_extract_catalogs.py
[2026-07-16T18:06:36.428+0000] {processor.py:925} INFO - DAG(s) 'dag_extract_catalogs' retrieved from /opt/airflow/dags/dag_extract_catalogs.py
[2026-07-16T18:06:36.439+0000] {logging_mixin.py:190} INFO - [2026-07-16T18:06:36.439+0000] {dag.py:3239} INFO - Sync 1 DAGs
[2026-07-16T18:06:36.446+0000] {logging_mixin.py:190} INFO - [2026-07-16T18:06:36.446+0000] {dag.py:4180} INFO - Setting next_dagrun for dag_extract_catalogs to 2026-07-16 01:00:00+00:00, run_after=2026-07-17 01:00:00+00:00
[2026-07-16T18:06:36.451+0000] {processor.py:208} INFO - Processing /opt/airflow/dags/dag_extract_catalogs.py took 0.031 seconds
[2026-07-16T18:07:06.777+0000] {processor.py:186} INFO - Started process (PID=59552) to work on /opt/airflow/dags/dag_extract_catalogs.py
[2026-07-16T18:07:06.778+0000] {processor.py:914} INFO - Processing file /opt/airflow/dags/dag_extract_catalogs.py for tasks to queue
[2026-07-16T18:07:06.779+0000] {logging_mixin.py:190} INFO - [2026-07-16T18:07:06.779+0000] {dagbag.py:588} INFO - Filling up the DagBag from /opt/airflow/dags/dag_extract_catalogs.py
[2026-07-16T18:07:06.785+0000] {processor.py:925} INFO - DAG(s) 'dag_extract_catalogs' retrieved from /opt/airflow/dags/dag_extract_catalogs.py
[2026-07-16T18:07:06.801+0000] {logging_mixin.py:190} INFO - [2026-07-16T18:07:06.801+0000] {dag.py:3239} INFO - Sync 1 DAGs
[2026-07-16T18:07:06.811+0000] {logging_mixin.py:190} INFO - [2026-07-16T18:07:06.811+0000] {dag.py:4180} INFO - Setting next_dagrun for dag_extract_catalogs to 2026-07-16 01:00:00+00:00, run_after=2026-07-17 01:00:00+00:00
[2026-07-16T18:07:06.815+0000] {processor.py:208} INFO - Processing /opt/airflow/dags/dag_extract_catalogs.py took 0.041 seconds
[2026-07-16T18:07:37.279+0000] {processor.py:186} INFO - Started process (PID=59574) to work on /opt/airflow/dags/dag_extract_catalogs.py
[2026-07-16T18:07:37.280+0000] {processor.py:914} INFO - Processing file /opt/airflow/dags/dag_extract_catalogs.py for tasks to queue
[2026-07-16T18:07:37.281+0000] {logging_mixin.py:190} INFO - [2026-07-16T18:07:37.280+0000] {dagbag.py:588} INFO - Filling up the DagBag from /opt/airflow/dags/dag_extract_catalogs.py
[2026-07-16T18:07:37.285+0000] {processor.py:925} INFO - DAG(s) 'dag_extract_catalogs' retrieved from /opt/airflow/dags/dag_extract_catalogs.py
[2026-07-16T18:07:37.295+0000] {logging_mixin.py:190} INFO - [2026-07-16T18:07:37.295+0000] {dag.py:3239} INFO - Sync 1 DAGs
[2026-07-16T18:07:37.303+0000] {logging_mixin.py:190} INFO - [2026-07-16T18:07:37.302+0000] {dag.py:4180} INFO - Setting next_dagrun for dag_extract_catalogs to 2026-07-16 01:00:00+00:00, run_after=2026-07-17 01:00:00+00:00
[2026-07-16T18:07:37.307+0000] {processor.py:208} INFO - Processing /opt/airflow/dags/dag_extract_catalogs.py took 0.031 seconds
[2026-07-16T18:08:07.789+0000] {processor.py:186} INFO - Started process (PID=59592) to work on /opt/airflow/dags/dag_extract_catalogs.py
[2026-07-16T18:08:07.791+0000] {processor.py:914} INFO - Processing file /opt/airflow/dags/dag_extract_catalogs.py for tasks to queue
[2026-07-16T18:08:07.794+0000] {logging_mixin.py:190} INFO - [2026-07-16T18:08:07.793+0000] {dagbag.py:588} INFO - Filling up the DagBag from /opt/airflow/dags/dag_extract_catalogs.py
[2026-07-16T18:08:07.806+0000] {processor.py:925} INFO - DAG(s) 'dag_extract_catalogs' retrieved from /opt/airflow/dags/dag_extract_catalogs.py
[2026-07-16T18:08:07.826+0000] {logging_mixin.py:190} INFO - [2026-07-16T18:08:07.826+0000] {dag.py:3239} INFO - Sync 1 DAGs
[2026-07-16T18:08:07.838+0000] {logging_mixin.py:190} INFO - [2026-07-16T18:08:07.838+0000] {dag.py:4180} INFO - Setting next_dagrun for dag_extract_catalogs to 2026-07-16 01:00:00+00:00, run_after=2026-07-17 01:00:00+00:00
[2026-07-16T18:08:07.847+0000] {processor.py:208} INFO - Processing /opt/airflow/dags/dag_extract_catalogs.py took 0.062 seconds
[2026-07-16T18:08:38.331+0000] {processor.py:186} INFO - Started process (PID=59614) to work on /opt/airflow/dags/dag_extract_catalogs.py
[2026-07-16T18:08:38.331+0000] {processor.py:914} INFO - Processing file /opt/airflow/dags/dag_extract_catalogs.py for tasks to queue
[2026-07-16T18:08:38.332+0000] {logging_mixin.py:190} INFO - [2026-07-16T18:08:38.332+0000] {dagbag.py:588} INFO - Filling up the DagBag from /opt/airflow/dags/dag_extract_catalogs.py
[2026-07-16T18:08:38.336+0000] {processor.py:925} INFO - DAG(s) 'dag_extract_catalogs' retrieved from /opt/airflow/dags/dag_extract_catalogs.py
[2026-07-16T18:08:38.346+0000] {logging_mixin.py:190} INFO - [2026-07-16T18:08:38.346+0000] {dag.py:3239} INFO - Sync 1 DAGs
[2026-07-16T18:08:38.354+0000] {logging_mixin.py:190} INFO - [2026-07-16T18:08:38.354+0000] {dag.py:4180} INFO - Setting next_dagrun for dag_extract_catalogs to 2026-07-16 01:00:00+00:00, run_after=2026-07-17 01:00:00+00:00
[2026-07-16T18:08:38.358+0000] {processor.py:208} INFO - Processing /opt/airflow/dags/dag_extract_catalogs.py took 0.030 seconds
[2026-07-16T18:09:08.789+0000] {processor.py:186} INFO - Started process (PID=59634) to work on /opt/airflow/dags/dag_extract_catalogs.py
[2026-07-16T18:09:08.789+0000] {processor.py:914} INFO - Processing file /opt/airflow/dags/dag_extract_catalogs.py for tasks to queue
[2026-07-16T18:09:08.790+0000] {logging_mixin.py:190} INFO - [2026-07-16T18:09:08.790+0000] {dagbag.py:588} INFO - Filling up the DagBag from /opt/airflow/dags/dag_extract_catalogs.py
[2026-07-16T18:09:08.795+0000] {processor.py:925} INFO - DAG(s) 'dag_extract_catalogs' retrieved from /opt/airflow/dags/dag_extract_catalogs.py
[2026-07-16T18:09:08.805+0000] {logging_mixin.py:190} INFO - [2026-07-16T18:09:08.805+0000] {dag.py:3239} INFO - Sync 1 DAGs
[2026-07-16T18:09:08.812+0000] {logging_mixin.py:190} INFO - [2026-07-16T18:09:08.812+0000] {dag.py:4180} INFO - Setting next_dagrun for dag_extract_catalogs to 2026-07-16 01:00:00+00:00, run_after=2026-07-17 01:00:00+00:00
[2026-07-16T18:09:08.818+0000] {processor.py:208} INFO - Processing /opt/airflow/dags/dag_extract_catalogs.py took 0.032 seconds
[2026-07-16T18:09:39.241+0000] {processor.py:186} INFO - Started process (PID=59654) to work on /opt/airflow/dags/dag_extract_catalogs.py
[2026-07-16T18:09:39.241+0000] {processor.py:914} INFO - Processing file /opt/airflow/dags/dag_extract_catalogs.py for tasks to queue
[2026-07-16T18:09:39.242+0000] {logging_mixin.py:190} INFO - [2026-07-16T18:09:39.242+0000] {dagbag.py:588} INFO - Filling up the DagBag from /opt/airflow/dags/dag_extract_catalogs.py
[2026-07-16T18:09:39.247+0000] {processor.py:925} INFO - DAG(s) 'dag_extract_catalogs' retrieved from /opt/airflow/dags/dag_extract_catalogs.py
[2026-07-16T18:09:39.257+0000] {logging_mixin.py:190} INFO - [2026-07-16T18:09:39.257+0000] {dag.py:3239} INFO - Sync 1 DAGs
[2026-07-16T18:09:39.264+0000] {logging_mixin.py:190} INFO - [2026-07-16T18:09:39.264+0000] {dag.py:4180} INFO - Setting next_dagrun for dag_extract_catalogs to 2026-07-16 01:00:00+00:00, run_after=2026-07-17 01:00:00+00:00
[2026-07-16T18:09:39.269+0000] {processor.py:208} INFO - Processing /opt/airflow/dags/dag_extract_catalogs.py took 0.031 seconds
[2026-07-16T18:10:09.668+0000] {processor.py:186} INFO - Started process (PID=59677) to work on /opt/airflow/dags/dag_extract_catalogs.py
[2026-07-16T18:10:09.668+0000] {processor.py:914} INFO - Processing file /opt/airflow/dags/dag_extract_catalogs.py for tasks to queue
[2026-07-16T18:10:09.669+0000] {logging_mixin.py:190} INFO - [2026-07-16T18:10:09.669+0000] {dagbag.py:588} INFO - Filling up the DagBag from /opt/airflow/dags/dag_extract_catalogs.py
[2026-07-16T18:10:09.674+0000] {processor.py:925} INFO - DAG(s) 'dag_extract_catalogs' retrieved from /opt/airflow/dags/dag_extract_catalogs.py
[2026-07-16T18:10:09.684+0000] {logging_mixin.py:190} INFO - [2026-07-16T18:10:09.684+0000] {dag.py:3239} INFO - Sync 1 DAGs
[2026-07-16T18:10:09.691+0000] {logging_mixin.py:190} INFO - [2026-07-16T18:10:09.691+0000] {dag.py:4180} INFO - Setting next_dagrun for dag_extract_catalogs to 2026-07-16 01:00:00+00:00, run_after=2026-07-17 01:00:00+00:00
[2026-07-16T18:10:09.696+0000] {processor.py:208} INFO - Processing /opt/airflow/dags/dag_extract_catalogs.py took 0.031 seconds
[2026-07-16T18:10:40.135+0000] {processor.py:186} INFO - Started process (PID=59697) to work on /opt/airflow/dags/dag_extract_catalogs.py
[2026-07-16T18:10:40.136+0000] {processor.py:914} INFO - Processing file /opt/airflow/dags/dag_extract_catalogs.py for tasks to queue
[2026-07-16T18:10:40.136+0000] {logging_mixin.py:190} INFO - [2026-07-16T18:10:40.136+0000] {dagbag.py:588} INFO - Filling up the DagBag from /opt/airflow/dags/dag_extract_catalogs.py
[2026-07-16T18:10:40.141+0000] {processor.py:925} INFO - DAG(s) 'dag_extract_catalogs' retrieved from /opt/airflow/dags/dag_extract_catalogs.py
[2026-07-16T18:10:40.151+0000] {logging_mixin.py:190} INFO - [2026-07-16T18:10:40.151+0000] {dag.py:3239} INFO - Sync 1 DAGs
[2026-07-16T18:10:40.158+0000] {logging_mixin.py:190} INFO - [2026-07-16T18:10:40.158+0000] {dag.py:4180} INFO - Setting next_dagrun for dag_extract_catalogs to 2026-07-16 01:00:00+00:00, run_after=2026-07-17 01:00:00+00:00
[2026-07-16T18:10:40.163+0000] {processor.py:208} INFO - Processing /opt/airflow/dags/dag_extract_catalogs.py took 0.030 seconds
[2026-07-16T18:11:10.677+0000] {processor.py:186} INFO - Started process (PID=59717) to work on /opt/airflow/dags/dag_extract_catalogs.py
[2026-07-16T18:11:10.677+0000] {processor.py:914} INFO - Processing file /opt/airflow/dags/dag_extract_catalogs.py for tasks to queue
[2026-07-16T18:11:10.678+0000] {logging_mixin.py:190} INFO - [2026-07-16T18:11:10.678+0000] {dagbag.py:588} INFO - Filling up the DagBag from /opt/airflow/dags/dag_extract_catalogs.py
[2026-07-16T18:11:10.683+0000] {processor.py:925} INFO - DAG(s) 'dag_extract_catalogs' retrieved from /opt/airflow/dags/dag_extract_catalogs.py
[2026-07-16T18:11:10.694+0000] {logging_mixin.py:190} INFO - [2026-07-16T18:11:10.694+0000] {dag.py:3239} INFO - Sync 1 DAGs
[2026-07-16T18:11:10.701+0000] {logging_mixin.py:190} INFO - [2026-07-16T18:11:10.701+0000] {dag.py:4180} INFO - Setting next_dagrun for dag_extract_catalogs to 2026-07-16 01:00:00+00:00, run_after=2026-07-17 01:00:00+00:00
[2026-07-16T18:11:10.706+0000] {processor.py:208} INFO - Processing /opt/airflow/dags/dag_extract_catalogs.py took 0.032 seconds
[2026-07-16T18:11:41.096+0000] {processor.py:186} INFO - Started process (PID=59737) to work on /opt/airflow/dags/dag_extract_catalogs.py
[2026-07-16T18:11:41.097+0000] {processor.py:914} INFO - Processing file /opt/airflow/dags/dag_extract_catalogs.py for tasks to queue
[2026-07-16T18:11:41.098+0000] {logging_mixin.py:190} INFO - [2026-07-16T18:11:41.097+0000] {dagbag.py:588} INFO - Filling up the DagBag from /opt/airflow/dags/dag_extract_catalogs.py
[2026-07-16T18:11:41.102+0000] {processor.py:925} INFO - DAG(s) 'dag_extract_catalogs' retrieved from /opt/airflow/dags/dag_extract_catalogs.py
[2026-07-16T18:11:41.113+0000] {logging_mixin.py:190} INFO - [2026-07-16T18:11:41.113+0000] {dag.py:3239} INFO - Sync 1 DAGs
[2026-07-16T18:11:41.120+0000] {logging_mixin.py:190} INFO - [2026-07-16T18:11:41.120+0000] {dag.py:4180} INFO - Setting next_dagrun for dag_extract_catalogs to 2026-07-16 01:00:00+00:00, run_after=2026-07-17 01:00:00+00:00
[2026-07-16T18:11:41.125+0000] {processor.py:208} INFO - Processing /opt/airflow/dags/dag_extract_catalogs.py took 0.031 seconds
[2026-07-16T18:12:11.612+0000] {processor.py:186} INFO - Started process (PID=59757) to work on /opt/airflow/dags/dag_extract_catalogs.py
[2026-07-16T18:12:11.613+0000] {processor.py:914} INFO - Processing file /opt/airflow/dags/dag_extract_catalogs.py for tasks to queue
[2026-07-16T18:12:11.614+0000] {logging_mixin.py:190} INFO - [2026-07-16T18:12:11.614+0000] {dagbag.py:588} INFO - Filling up the DagBag from /opt/airflow/dags/dag_extract_catalogs.py
[2026-07-16T18:12:11.619+0000] {processor.py:925} INFO - DAG(s) 'dag_extract_catalogs' retrieved from /opt/airflow/dags/dag_extract_catalogs.py
[2026-07-16T18:12:11.630+0000] {logging_mixin.py:190} INFO - [2026-07-16T18:12:11.630+0000] {dag.py:3239} INFO - Sync 1 DAGs
[2026-07-16T18:12:11.637+0000] {logging_mixin.py:190} INFO - [2026-07-16T18:12:11.637+0000] {dag.py:4180} INFO - Setting next_dagrun for dag_extract_catalogs to 2026-07-16 01:00:00+00:00, run_after=2026-07-17 01:00:00+00:00
[2026-07-16T18:12:11.642+0000] {processor.py:208} INFO - Processing /opt/airflow/dags/dag_extract_catalogs.py took 0.035 seconds
[2026-07-16T18:12:42.031+0000] {processor.py:186} INFO - Started process (PID=59775) to work on /opt/airflow/dags/dag_extract_catalogs.py
[2026-07-16T18:12:42.031+0000] {processor.py:914} INFO - Processing file /opt/airflow/dags/dag_extract_catalogs.py for tasks to queue
[2026-07-16T18:12:42.033+0000] {logging_mixin.py:190} INFO - [2026-07-16T18:12:42.033+0000] {dagbag.py:588} INFO - Filling up the DagBag from /opt/airflow/dags/dag_extract_catalogs.py
[2026-07-16T18:12:42.039+0000] {processor.py:925} INFO - DAG(s) 'dag_extract_catalogs' retrieved from /opt/airflow/dags/dag_extract_catalogs.py
[2026-07-16T18:12:42.056+0000] {logging_mixin.py:190} INFO - [2026-07-16T18:12:42.056+0000] {dag.py:3239} INFO - Sync 1 DAGs
[2026-07-16T18:12:42.066+0000] {logging_mixin.py:190} INFO - [2026-07-16T18:12:42.066+0000] {dag.py:4180} INFO - Setting next_dagrun for dag_extract_catalogs to 2026-07-16 01:00:00+00:00, run_after=2026-07-17 01:00:00+00:00
[2026-07-16T18:12:42.074+0000] {processor.py:208} INFO - Processing /opt/airflow/dags/dag_extract_catalogs.py took 0.047 seconds
[2026-07-16T18:13:12.653+0000] {processor.py:186} INFO - Started process (PID=59797) to work on /opt/airflow/dags/dag_extract_catalogs.py
[2026-07-16T18:13:12.653+0000] {processor.py:914} INFO - Processing file /opt/airflow/dags/dag_extract_catalogs.py for tasks to queue
[2026-07-16T18:13:12.654+0000] {logging_mixin.py:190} INFO - [2026-07-16T18:13:12.654+0000] {dagbag.py:588} INFO - Filling up the DagBag from /opt/airflow/dags/dag_extract_catalogs.py
[2026-07-16T18:13:12.660+0000] {processor.py:925} INFO - DAG(s) 'dag_extract_catalogs' retrieved from /opt/airflow/dags/dag_extract_catalogs.py
[2026-07-16T18:13:12.671+0000] {logging_mixin.py:190} INFO - [2026-07-16T18:13:12.671+0000] {dag.py:3239} INFO - Sync 1 DAGs
[2026-07-16T18:13:12.679+0000] {logging_mixin.py:190} INFO - [2026-07-16T18:13:12.679+0000] {dag.py:4180} INFO - Setting next_dagrun for dag_extract_catalogs to 2026-07-16 01:00:00+00:00, run_after=2026-07-17 01:00:00+00:00
[2026-07-16T18:13:12.684+0000] {processor.py:208} INFO - Processing /opt/airflow/dags/dag_extract_catalogs.py took 0.034 seconds
[2026-07-16T18:13:43.105+0000] {processor.py:186} INFO - Started process (PID=59817) to work on /opt/airflow/dags/dag_extract_catalogs.py
[2026-07-16T18:13:43.105+0000] {processor.py:914} INFO - Processing file /opt/airflow/dags/dag_extract_catalogs.py for tasks to queue
[2026-07-16T18:13:43.106+0000] {logging_mixin.py:190} INFO - [2026-07-16T18:13:43.106+0000] {dagbag.py:588} INFO - Filling up the DagBag from /opt/airflow/dags/dag_extract_catalogs.py
[2026-07-16T18:13:43.111+0000] {processor.py:925} INFO - DAG(s) 'dag_extract_catalogs' retrieved from /opt/airflow/dags/dag_extract_catalogs.py
[2026-07-16T18:13:43.122+0000] {logging_mixin.py:190} INFO - [2026-07-16T18:13:43.122+0000] {dag.py:3239} INFO - Sync 1 DAGs
[2026-07-16T18:13:43.130+0000] {logging_mixin.py:190} INFO - [2026-07-16T18:13:43.130+0000] {dag.py:4180} INFO - Setting next_dagrun for dag_extract_catalogs to 2026-07-16 01:00:00+00:00, run_after=2026-07-17 01:00:00+00:00
[2026-07-16T18:13:43.135+0000] {processor.py:208} INFO - Processing /opt/airflow/dags/dag_extract_catalogs.py took 0.035 seconds
[2026-07-16T18:14:13.572+0000] {processor.py:186} INFO - Started process (PID=59837) to work on /opt/airflow/dags/dag_extract_catalogs.py
[2026-07-16T18:14:13.572+0000] {processor.py:914} INFO - Processing file /opt/airflow/dags/dag_extract_catalogs.py for tasks to queue
[2026-07-16T18:14:13.573+0000] {logging_mixin.py:190} INFO - [2026-07-16T18:14:13.573+0000] {dagbag.py:588} INFO - Filling up the DagBag from /opt/airflow/dags/dag_extract_catalogs.py
[2026-07-16T18:14:13.578+0000] {processor.py:925} INFO - DAG(s) 'dag_extract_catalogs' retrieved from /opt/airflow/dags/dag_extract_catalogs.py
[2026-07-16T18:14:13.588+0000] {logging_mixin.py:190} INFO - [2026-07-16T18:14:13.588+0000] {dag.py:3239} INFO - Sync 1 DAGs
[2026-07-16T18:14:13.595+0000] {logging_mixin.py:190} INFO - [2026-07-16T18:14:13.595+0000] {dag.py:4180} INFO - Setting next_dagrun for dag_extract_catalogs to 2026-07-16 01:00:00+00:00, run_after=2026-07-17 01:00:00+00:00
[2026-07-16T18:14:13.600+0000] {processor.py:208} INFO - Processing /opt/airflow/dags/dag_extract_catalogs.py took 0.031 seconds
[2026-07-16T18:14:44.015+0000] {processor.py:186} INFO - Started process (PID=59857) to work on /opt/airflow/dags/dag_extract_catalogs.py
[2026-07-16T18:14:44.016+0000] {processor.py:914} INFO - Processing file /opt/airflow/dags/dag_extract_catalogs.py for tasks to queue
[2026-07-16T18:14:44.016+0000] {logging_mixin.py:190} INFO - [2026-07-16T18:14:44.016+0000] {dagbag.py:588} INFO - Filling up the DagBag from /opt/airflow/dags/dag_extract_catalogs.py
[2026-07-16T18:14:44.022+0000] {processor.py:925} INFO - DAG(s) 'dag_extract_catalogs' retrieved from /opt/airflow/dags/dag_extract_catalogs.py
[2026-07-16T18:14:44.031+0000] {logging_mixin.py:190} INFO - [2026-07-16T18:14:44.031+0000] {dag.py:3239} INFO - Sync 1 DAGs
[2026-07-16T18:14:44.039+0000] {logging_mixin.py:190} INFO - [2026-07-16T18:14:44.039+0000] {dag.py:4180} INFO - Setting next_dagrun for dag_extract_catalogs to 2026-07-16 01:00:00+00:00, run_after=2026-07-17 01:00:00+00:00
[2026-07-16T18:14:44.044+0000] {processor.py:208} INFO - Processing /opt/airflow/dags/dag_extract_catalogs.py took 0.031 seconds
[2026-07-16T18:15:14.448+0000] {processor.py:186} INFO - Started process (PID=59877) to work on /opt/airflow/dags/dag_extract_catalogs.py
[2026-07-16T18:15:14.449+0000] {processor.py:914} INFO - Processing file /opt/airflow/dags/dag_extract_catalogs.py for tasks to queue
[2026-07-16T18:15:14.450+0000] {logging_mixin.py:190} INFO - [2026-07-16T18:15:14.450+0000] {dagbag.py:588} INFO - Filling up the DagBag from /opt/airflow/dags/dag_extract_catalogs.py
[2026-07-16T18:15:14.455+0000] {processor.py:925} INFO - DAG(s) 'dag_extract_catalogs' retrieved from /opt/airflow/dags/dag_extract_catalogs.py
[2026-07-16T18:15:14.465+0000] {logging_mixin.py:190} INFO - [2026-07-16T18:15:14.465+0000] {dag.py:3239} INFO - Sync 1 DAGs
[2026-07-16T18:15:14.472+0000] {logging_mixin.py:190} INFO - [2026-07-16T18:15:14.472+0000] {dag.py:4180} INFO - Setting next_dagrun for dag_extract_catalogs to 2026-07-16 01:00:00+00:00, run_after=2026-07-17 01:00:00+00:00
[2026-07-16T18:15:14.477+0000] {processor.py:208} INFO - Processing /opt/airflow/dags/dag_extract_catalogs.py took 0.031 seconds
[2026-07-16T18:15:44.923+0000] {processor.py:186} INFO - Started process (PID=59897) to work on /opt/airflow/dags/dag_extract_catalogs.py
[2026-07-16T18:15:44.924+0000] {processor.py:914} INFO - Processing file /opt/airflow/dags/dag_extract_catalogs.py for tasks to queue
[2026-07-16T18:15:44.925+0000] {logging_mixin.py:190} INFO - [2026-07-16T18:15:44.925+0000] {dagbag.py:588} INFO - Filling up the DagBag from /opt/airflow/dags/dag_extract_catalogs.py
[2026-07-16T18:15:44.930+0000] {processor.py:925} INFO - DAG(s) 'dag_extract_catalogs' retrieved from /opt/airflow/dags/dag_extract_catalogs.py
[2026-07-16T18:15:44.939+0000] {logging_mixin.py:190} INFO - [2026-07-16T18:15:44.939+0000] {dag.py:3239} INFO - Sync 1 DAGs
[2026-07-16T18:15:44.947+0000] {logging_mixin.py:190} INFO - [2026-07-16T18:15:44.947+0000] {dag.py:4180} INFO - Setting next_dagrun for dag_extract_catalogs to 2026-07-16 01:00:00+00:00, run_after=2026-07-17 01:00:00+00:00
[2026-07-16T18:15:44.951+0000] {processor.py:208} INFO - Processing /opt/airflow/dags/dag_extract_catalogs.py took 0.031 seconds
[2026-07-16T18:16:15.278+0000] {processor.py:186} INFO - Started process (PID=59915) to work on /opt/airflow/dags/dag_extract_catalogs.py
[2026-07-16T18:16:15.279+0000] {processor.py:914} INFO - Processing file /opt/airflow/dags/dag_extract_catalogs.py for tasks to queue
[2026-07-16T18:16:15.280+0000] {logging_mixin.py:190} INFO - [2026-07-16T18:16:15.280+0000] {dagbag.py:588} INFO - Filling up the DagBag from /opt/airflow/dags/dag_extract_catalogs.py
[2026-07-16T18:16:15.286+0000] {processor.py:925} INFO - DAG(s) 'dag_extract_catalogs' retrieved from /opt/airflow/dags/dag_extract_catalogs.py
[2026-07-16T18:16:15.300+0000] {logging_mixin.py:190} INFO - [2026-07-16T18:16:15.300+0000] {dag.py:3239} INFO - Sync 1 DAGs
[2026-07-16T18:16:15.309+0000] {logging_mixin.py:190} INFO - [2026-07-16T18:16:15.309+0000] {dag.py:4180} INFO - Setting next_dagrun for dag_extract_catalogs to 2026-07-16 01:00:00+00:00, run_after=2026-07-17 01:00:00+00:00
[2026-07-16T18:16:15.316+0000] {processor.py:208} INFO - Processing /opt/airflow/dags/dag_extract_catalogs.py took 0.040 seconds
[2026-07-16T18:16:45.856+0000] {processor.py:186} INFO - Started process (PID=59937) to work on /opt/airflow/dags/dag_extract_catalogs.py
[2026-07-16T18:16:45.857+0000] {processor.py:914} INFO - Processing file /opt/airflow/dags/dag_extract_catalogs.py for tasks to queue
[2026-07-16T18:16:45.858+0000] {logging_mixin.py:190} INFO - [2026-07-16T18:16:45.857+0000] {dagbag.py:588} INFO - Filling up the DagBag from /opt/airflow/dags/dag_extract_catalogs.py
[2026-07-16T18:16:45.863+0000] {processor.py:925} INFO - DAG(s) 'dag_extract_catalogs' retrieved from /opt/airflow/dags/dag_extract_catalogs.py
[2026-07-16T18:16:45.874+0000] {logging_mixin.py:190} INFO - [2026-07-16T18:16:45.874+0000] {dag.py:3239} INFO - Sync 1 DAGs
[2026-07-16T18:16:45.882+0000] {logging_mixin.py:190} INFO - [2026-07-16T18:16:45.882+0000] {dag.py:4180} INFO - Setting next_dagrun for dag_extract_catalogs to 2026-07-16 01:00:00+00:00, run_after=2026-07-17 01:00:00+00:00
[2026-07-16T18:16:45.887+0000] {processor.py:208} INFO - Processing /opt/airflow/dags/dag_extract_catalogs.py took 0.033 seconds
[2026-07-16T18:17:16.339+0000] {processor.py:186} INFO - Started process (PID=59955) to work on /opt/airflow/dags/dag_extract_catalogs.py
[2026-07-16T18:17:16.339+0000] {processor.py:914} INFO - Processing file /opt/airflow/dags/dag_extract_catalogs.py for tasks to queue
[2026-07-16T18:17:16.340+0000] {logging_mixin.py:190} INFO - [2026-07-16T18:17:16.340+0000] {dagbag.py:588} INFO - Filling up the DagBag from /opt/airflow/dags/dag_extract_catalogs.py
[2026-07-16T18:17:16.347+0000] {processor.py:925} INFO - DAG(s) 'dag_extract_catalogs' retrieved from /opt/airflow/dags/dag_extract_catalogs.py
[2026-07-16T18:17:16.362+0000] {logging_mixin.py:190} INFO - [2026-07-16T18:17:16.362+0000] {dag.py:3239} INFO - Sync 1 DAGs
[2026-07-16T18:17:16.370+0000] {logging_mixin.py:190} INFO - [2026-07-16T18:17:16.370+0000] {dag.py:4180} INFO - Setting next_dagrun for dag_extract_catalogs to 2026-07-16 01:00:00+00:00, run_after=2026-07-17 01:00:00+00:00
[2026-07-16T18:17:16.379+0000] {processor.py:208} INFO - Processing /opt/airflow/dags/dag_extract_catalogs.py took 0.043 seconds
[2026-07-16T18:17:46.926+0000] {processor.py:186} INFO - Started process (PID=59977) to work on /opt/airflow/dags/dag_extract_catalogs.py
[2026-07-16T18:17:46.926+0000] {processor.py:914} INFO - Processing file /opt/airflow/dags/dag_extract_catalogs.py for tasks to queue
[2026-07-16T18:17:46.927+0000] {logging_mixin.py:190} INFO - [2026-07-16T18:17:46.927+0000] {dagbag.py:588} INFO - Filling up the DagBag from /opt/airflow/dags/dag_extract_catalogs.py
[2026-07-16T18:17:46.933+0000] {processor.py:925} INFO - DAG(s) 'dag_extract_catalogs' retrieved from /opt/airflow/dags/dag_extract_catalogs.py
[2026-07-16T18:17:46.944+0000] {logging_mixin.py:190} INFO - [2026-07-16T18:17:46.944+0000] {dag.py:3239} INFO - Sync 1 DAGs
[2026-07-16T18:17:46.952+0000] {logging_mixin.py:190} INFO - [2026-07-16T18:17:46.952+0000] {dag.py:4180} INFO - Setting next_dagrun for dag_extract_catalogs to 2026-07-16 01:00:00+00:00, run_after=2026-07-17 01:00:00+00:00
[2026-07-16T18:17:46.957+0000] {processor.py:208} INFO - Processing /opt/airflow/dags/dag_extract_catalogs.py took 0.035 seconds
[2026-07-16T18:18:17.425+0000] {processor.py:186} INFO - Started process (PID=59997) to work on /opt/airflow/dags/dag_extract_catalogs.py
[2026-07-16T18:18:17.426+0000] {processor.py:914} INFO - Processing file /opt/airflow/dags/dag_extract_catalogs.py for tasks to queue
[2026-07-16T18:18:17.427+0000] {logging_mixin.py:190} INFO - [2026-07-16T18:18:17.427+0000] {dagbag.py:588} INFO - Filling up the DagBag from /opt/airflow/dags/dag_extract_catalogs.py
[2026-07-16T18:18:17.433+0000] {processor.py:925} INFO - DAG(s) 'dag_extract_catalogs' retrieved from /opt/airflow/dags/dag_extract_catalogs.py
[2026-07-16T18:18:17.444+0000] {logging_mixin.py:190} INFO - [2026-07-16T18:18:17.444+0000] {dag.py:3239} INFO - Sync 1 DAGs
[2026-07-16T18:18:17.452+0000] {logging_mixin.py:190} INFO - [2026-07-16T18:18:17.452+0000] {dag.py:4180} INFO - Setting next_dagrun for dag_extract_catalogs to 2026-07-16 01:00:00+00:00, run_after=2026-07-17 01:00:00+00:00
[2026-07-16T18:18:17.457+0000] {processor.py:208} INFO - Processing /opt/airflow/dags/dag_extract_catalogs.py took 0.039 seconds
[2026-07-16T18:18:47.892+0000] {processor.py:186} INFO - Started process (PID=60017) to work on /opt/airflow/dags/dag_extract_catalogs.py
[2026-07-16T18:18:47.893+0000] {processor.py:914} INFO - Processing file /opt/airflow/dags/dag_extract_catalogs.py for tasks to queue
[2026-07-16T18:18:47.894+0000] {logging_mixin.py:190} INFO - [2026-07-16T18:18:47.894+0000] {dagbag.py:588} INFO - Filling up the DagBag from /opt/airflow/dags/dag_extract_catalogs.py
[2026-07-16T18:18:47.898+0000] {processor.py:925} INFO - DAG(s) 'dag_extract_catalogs' retrieved from /opt/airflow/dags/dag_extract_catalogs.py
[2026-07-16T18:18:47.909+0000] {logging_mixin.py:190} INFO - [2026-07-16T18:18:47.909+0000] {dag.py:3239} INFO - Sync 1 DAGs
[2026-07-16T18:18:47.916+0000] {logging_mixin.py:190} INFO - [2026-07-16T18:18:47.916+0000] {dag.py:4180} INFO - Setting next_dagrun for dag_extract_catalogs to 2026-07-16 01:00:00+00:00, run_after=2026-07-17 01:00:00+00:00
[2026-07-16T18:18:47.922+0000] {processor.py:208} INFO - Processing /opt/airflow/dags/dag_extract_catalogs.py took 0.032 seconds
[2026-07-16T18:19:18.473+0000] {processor.py:186} INFO - Started process (PID=60037) to work on /opt/airflow/dags/dag_extract_catalogs.py
[2026-07-16T18:19:18.473+0000] {processor.py:914} INFO - Processing file /opt/airflow/dags/dag_extract_catalogs.py for tasks to queue
[2026-07-16T18:19:18.474+0000] {logging_mixin.py:190} INFO - [2026-07-16T18:19:18.474+0000] {dagbag.py:588} INFO - Filling up the DagBag from /opt/airflow/dags/dag_extract_catalogs.py
[2026-07-16T18:19:18.479+0000] {processor.py:925} INFO - DAG(s) 'dag_extract_catalogs' retrieved from /opt/airflow/dags/dag_extract_catalogs.py
[2026-07-16T18:19:18.489+0000] {logging_mixin.py:190} INFO - [2026-07-16T18:19:18.489+0000] {dag.py:3239} INFO - Sync 1 DAGs
[2026-07-16T18:19:18.497+0000] {logging_mixin.py:190} INFO - [2026-07-16T18:19:18.497+0000] {dag.py:4180} INFO - Setting next_dagrun for dag_extract_catalogs to 2026-07-16 01:00:00+00:00, run_after=2026-07-17 01:00:00+00:00
[2026-07-16T18:19:18.501+0000] {processor.py:208} INFO - Processing /opt/airflow/dags/dag_extract_catalogs.py took 0.032 seconds
[2026-07-16T18:19:48.942+0000] {processor.py:186} INFO - Started process (PID=60057) to work on /opt/airflow/dags/dag_extract_catalogs.py
[2026-07-16T18:19:48.942+0000] {processor.py:914} INFO - Processing file /opt/airflow/dags/dag_extract_catalogs.py for tasks to queue
[2026-07-16T18:19:48.943+0000] {logging_mixin.py:190} INFO - [2026-07-16T18:19:48.943+0000] {dagbag.py:588} INFO - Filling up the DagBag from /opt/airflow/dags/dag_extract_catalogs.py
[2026-07-16T18:19:48.948+0000] {processor.py:925} INFO - DAG(s) 'dag_extract_catalogs' retrieved from /opt/airflow/dags/dag_extract_catalogs.py
[2026-07-16T18:19:48.958+0000] {logging_mixin.py:190} INFO - [2026-07-16T18:19:48.958+0000] {dag.py:3239} INFO - Sync 1 DAGs
[2026-07-16T18:19:48.965+0000] {logging_mixin.py:190} INFO - [2026-07-16T18:19:48.965+0000] {dag.py:4180} INFO - Setting next_dagrun for dag_extract_catalogs to 2026-07-16 01:00:00+00:00, run_after=2026-07-17 01:00:00+00:00
[2026-07-16T18:19:48.970+0000] {processor.py:208} INFO - Processing /opt/airflow/dags/dag_extract_catalogs.py took 0.031 seconds
[2026-07-16T18:20:19.412+0000] {processor.py:186} INFO - Started process (PID=60080) to work on /opt/airflow/dags/dag_extract_catalogs.py
[2026-07-16T18:20:19.412+0000] {processor.py:914} INFO - Processing file /opt/airflow/dags/dag_extract_catalogs.py for tasks to queue
[2026-07-16T18:20:19.413+0000] {logging_mixin.py:190} INFO - [2026-07-16T18:20:19.413+0000] {dagbag.py:588} INFO - Filling up the DagBag from /opt/airflow/dags/dag_extract_catalogs.py
[2026-07-16T18:20:19.418+0000] {processor.py:925} INFO - DAG(s) 'dag_extract_catalogs' retrieved from /opt/airflow/dags/dag_extract_catalogs.py
[2026-07-16T18:20:19.429+0000] {logging_mixin.py:190} INFO - [2026-07-16T18:20:19.428+0000] {dag.py:3239} INFO - Sync 1 DAGs
[2026-07-16T18:20:19.436+0000] {logging_mixin.py:190} INFO - [2026-07-16T18:20:19.435+0000] {dag.py:4180} INFO - Setting next_dagrun for dag_extract_catalogs to 2026-07-16 01:00:00+00:00, run_after=2026-07-17 01:00:00+00:00
[2026-07-16T18:20:19.440+0000] {processor.py:208} INFO - Processing /opt/airflow/dags/dag_extract_catalogs.py took 0.031 seconds
[2026-07-16T18:20:49.762+0000] {processor.py:186} INFO - Started process (PID=60098) to work on /opt/airflow/dags/dag_extract_catalogs.py
[2026-07-16T18:20:49.762+0000] {processor.py:914} INFO - Processing file /opt/airflow/dags/dag_extract_catalogs.py for tasks to queue
[2026-07-16T18:20:49.764+0000] {logging_mixin.py:190} INFO - [2026-07-16T18:20:49.763+0000] {dagbag.py:588} INFO - Filling up the DagBag from /opt/airflow/dags/dag_extract_catalogs.py
[2026-07-16T18:20:49.769+0000] {processor.py:925} INFO - DAG(s) 'dag_extract_catalogs' retrieved from /opt/airflow/dags/dag_extract_catalogs.py
[2026-07-16T18:20:49.782+0000] {logging_mixin.py:190} INFO - [2026-07-16T18:20:49.782+0000] {dag.py:3239} INFO - Sync 1 DAGs
[2026-07-16T18:20:49.792+0000] {logging_mixin.py:190} INFO - [2026-07-16T18:20:49.792+0000] {dag.py:4180} INFO - Setting next_dagrun for dag_extract_catalogs to 2026-07-16 01:00:00+00:00, run_after=2026-07-17 01:00:00+00:00
[2026-07-16T18:20:49.799+0000] {processor.py:208} INFO - Processing /opt/airflow/dags/dag_extract_catalogs.py took 0.041 seconds
[2026-07-16T18:21:20.216+0000] {processor.py:186} INFO - Started process (PID=60118) to work on /opt/airflow/dags/dag_extract_catalogs.py
[2026-07-16T18:21:20.217+0000] {processor.py:914} INFO - Processing file /opt/airflow/dags/dag_extract_catalogs.py for tasks to queue
[2026-07-16T18:21:20.218+0000] {logging_mixin.py:190} INFO - [2026-07-16T18:21:20.218+0000] {dagbag.py:588} INFO - Filling up the DagBag from /opt/airflow/dags/dag_extract_catalogs.py
[2026-07-16T18:21:20.224+0000] {processor.py:925} INFO - DAG(s) 'dag_extract_catalogs' retrieved from /opt/airflow/dags/dag_extract_catalogs.py
[2026-07-16T18:21:20.239+0000] {logging_mixin.py:190} INFO - [2026-07-16T18:21:20.239+0000] {dag.py:3239} INFO - Sync 1 DAGs
[2026-07-16T18:21:20.247+0000] {logging_mixin.py:190} INFO - [2026-07-16T18:21:20.247+0000] {dag.py:4180} INFO - Setting next_dagrun for dag_extract_catalogs to 2026-07-16 01:00:00+00:00, run_after=2026-07-17 01:00:00+00:00
[2026-07-16T18:21:20.252+0000] {processor.py:208} INFO - Processing /opt/airflow/dags/dag_extract_catalogs.py took 0.038 seconds
[2026-07-16T18:21:50.713+0000] {processor.py:186} INFO - Started process (PID=60140) to work on /opt/airflow/dags/dag_extract_catalogs.py
[2026-07-16T18:21:50.713+0000] {processor.py:914} INFO - Processing file /opt/airflow/dags/dag_extract_catalogs.py for tasks to queue
[2026-07-16T18:21:50.714+0000] {logging_mixin.py:190} INFO - [2026-07-16T18:21:50.714+0000] {dagbag.py:588} INFO - Filling up the DagBag from /opt/airflow/dags/dag_extract_catalogs.py
[2026-07-16T18:21:50.719+0000] {processor.py:925} INFO - DAG(s) 'dag_extract_catalogs' retrieved from /opt/airflow/dags/dag_extract_catalogs.py
[2026-07-16T18:21:50.729+0000] {logging_mixin.py:190} INFO - [2026-07-16T18:21:50.729+0000] {dag.py:3239} INFO - Sync 1 DAGs
[2026-07-16T18:21:50.736+0000] {logging_mixin.py:190} INFO - [2026-07-16T18:21:50.736+0000] {dag.py:4180} INFO - Setting next_dagrun for dag_extract_catalogs to 2026-07-16 01:00:00+00:00, run_after=2026-07-17 01:00:00+00:00
[2026-07-16T18:21:50.740+0000] {processor.py:208} INFO - Processing /opt/airflow/dags/dag_extract_catalogs.py took 0.030 seconds
[2026-07-16T18:22:21.210+0000] {processor.py:186} INFO - Started process (PID=60160) to work on /opt/airflow/dags/dag_extract_catalogs.py
[2026-07-16T18:22:21.210+0000] {processor.py:914} INFO - Processing file /opt/airflow/dags/dag_extract_catalogs.py for tasks to queue
[2026-07-16T18:22:21.211+0000] {logging_mixin.py:190} INFO - [2026-07-16T18:22:21.211+0000] {dagbag.py:588} INFO - Filling up the DagBag from /opt/airflow/dags/dag_extract_catalogs.py
[2026-07-16T18:22:21.216+0000] {processor.py:925} INFO - DAG(s) 'dag_extract_catalogs' retrieved from /opt/airflow/dags/dag_extract_catalogs.py
[2026-07-16T18:22:21.227+0000] {logging_mixin.py:190} INFO - [2026-07-16T18:22:21.227+0000] {dag.py:3239} INFO - Sync 1 DAGs
[2026-07-16T18:22:21.234+0000] {logging_mixin.py:190} INFO - [2026-07-16T18:22:21.234+0000] {dag.py:4180} INFO - Setting next_dagrun for dag_extract_catalogs to 2026-07-16 01:00:00+00:00, run_after=2026-07-17 01:00:00+00:00
[2026-07-16T18:22:21.239+0000] {processor.py:208} INFO - Processing /opt/airflow/dags/dag_extract_catalogs.py took 0.031 seconds
[2026-07-16T18:22:51.644+0000] {processor.py:186} INFO - Started process (PID=60180) to work on /opt/airflow/dags/dag_extract_catalogs.py
[2026-07-16T18:22:51.644+0000] {processor.py:914} INFO - Processing file /opt/airflow/dags/dag_extract_catalogs.py for tasks to queue
[2026-07-16T18:22:51.645+0000] {logging_mixin.py:190} INFO - [2026-07-16T18:22:51.645+0000] {dagbag.py:588} INFO - Filling up the DagBag from /opt/airflow/dags/dag_extract_catalogs.py
[2026-07-16T18:22:51.650+0000] {processor.py:925} INFO - DAG(s) 'dag_extract_catalogs' retrieved from /opt/airflow/dags/dag_extract_catalogs.py
[2026-07-16T18:22:51.660+0000] {logging_mixin.py:190} INFO - [2026-07-16T18:22:51.660+0000] {dag.py:3239} INFO - Sync 1 DAGs
[2026-07-16T18:22:51.667+0000] {logging_mixin.py:190} INFO - [2026-07-16T18:22:51.667+0000] {dag.py:4180} INFO - Setting next_dagrun for dag_extract_catalogs to 2026-07-16 01:00:00+00:00, run_after=2026-07-17 01:00:00+00:00
[2026-07-16T18:22:51.672+0000] {processor.py:208} INFO - Processing /opt/airflow/dags/dag_extract_catalogs.py took 0.031 seconds
[2026-07-16T18:23:22.067+0000] {processor.py:186} INFO - Started process (PID=60198) to work on /opt/airflow/dags/dag_extract_catalogs.py
[2026-07-16T18:23:22.069+0000] {processor.py:914} INFO - Processing file /opt/airflow/dags/dag_extract_catalogs.py for tasks to queue
[2026-07-16T18:23:22.069+0000] {logging_mixin.py:190} INFO - [2026-07-16T18:23:22.069+0000] {dagbag.py:588} INFO - Filling up the DagBag from /opt/airflow/dags/dag_extract_catalogs.py
[2026-07-16T18:23:22.075+0000] {processor.py:925} INFO - DAG(s) 'dag_extract_catalogs' retrieved from /opt/airflow/dags/dag_extract_catalogs.py
[2026-07-16T18:23:22.090+0000] {logging_mixin.py:190} INFO - [2026-07-16T18:23:22.090+0000] {dag.py:3239} INFO - Sync 1 DAGs
[2026-07-16T18:23:22.100+0000] {logging_mixin.py:190} INFO - [2026-07-16T18:23:22.100+0000] {dag.py:4180} INFO - Setting next_dagrun for dag_extract_catalogs to 2026-07-16 01:00:00+00:00, run_after=2026-07-17 01:00:00+00:00
[2026-07-16T18:23:22.108+0000] {processor.py:208} INFO - Processing /opt/airflow/dags/dag_extract_catalogs.py took 0.043 seconds
[2026-07-16T18:23:52.561+0000] {processor.py:186} INFO - Started process (PID=60220) to work on /opt/airflow/dags/dag_extract_catalogs.py
[2026-07-16T18:23:52.561+0000] {processor.py:914} INFO - Processing file /opt/airflow/dags/dag_extract_catalogs.py for tasks to queue
[2026-07-16T18:23:52.562+0000] {logging_mixin.py:190} INFO - [2026-07-16T18:23:52.562+0000] {dagbag.py:588} INFO - Filling up the DagBag from /opt/airflow/dags/dag_extract_catalogs.py
[2026-07-16T18:23:52.567+0000] {processor.py:925} INFO - DAG(s) 'dag_extract_catalogs' retrieved from /opt/airflow/dags/dag_extract_catalogs.py
[2026-07-16T18:23:52.577+0000] {logging_mixin.py:190} INFO - [2026-07-16T18:23:52.577+0000] {dag.py:3239} INFO - Sync 1 DAGs
[2026-07-16T18:23:52.584+0000] {logging_mixin.py:190} INFO - [2026-07-16T18:23:52.584+0000] {dag.py:4180} INFO - Setting next_dagrun for dag_extract_catalogs to 2026-07-16 01:00:00+00:00, run_after=2026-07-17 01:00:00+00:00
[2026-07-16T18:23:52.589+0000] {processor.py:208} INFO - Processing /opt/airflow/dags/dag_extract_catalogs.py took 0.031 seconds
[2026-07-16T18:24:23.024+0000] {processor.py:186} INFO - Started process (PID=60240) to work on /opt/airflow/dags/dag_extract_catalogs.py
[2026-07-16T18:24:23.024+0000] {processor.py:914} INFO - Processing file /opt/airflow/dags/dag_extract_catalogs.py for tasks to queue
[2026-07-16T18:24:23.025+0000] {logging_mixin.py:190} INFO - [2026-07-16T18:24:23.025+0000] {dagbag.py:588} INFO - Filling up the DagBag from /opt/airflow/dags/dag_extract_catalogs.py
[2026-07-16T18:24:23.030+0000] {processor.py:925} INFO - DAG(s) 'dag_extract_catalogs' retrieved from /opt/airflow/dags/dag_extract_catalogs.py
[2026-07-16T18:24:23.040+0000] {logging_mixin.py:190} INFO - [2026-07-16T18:24:23.040+0000] {dag.py:3239} INFO - Sync 1 DAGs
[2026-07-16T18:24:23.047+0000] {logging_mixin.py:190} INFO - [2026-07-16T18:24:23.047+0000] {dag.py:4180} INFO - Setting next_dagrun for dag_extract_catalogs to 2026-07-16 01:00:00+00:00, run_after=2026-07-17 01:00:00+00:00
[2026-07-16T18:24:23.052+0000] {processor.py:208} INFO - Processing /opt/airflow/dags/dag_extract_catalogs.py took 0.031 seconds
[2026-07-16T18:24:53.486+0000] {processor.py:186} INFO - Started process (PID=60260) to work on /opt/airflow/dags/dag_extract_catalogs.py
[2026-07-16T18:24:53.487+0000] {processor.py:914} INFO - Processing file /opt/airflow/dags/dag_extract_catalogs.py for tasks to queue
[2026-07-16T18:24:53.488+0000] {logging_mixin.py:190} INFO - [2026-07-16T18:24:53.487+0000] {dagbag.py:588} INFO - Filling up the DagBag from /opt/airflow/dags/dag_extract_catalogs.py
[2026-07-16T18:24:53.492+0000] {processor.py:925} INFO - DAG(s) 'dag_extract_catalogs' retrieved from /opt/airflow/dags/dag_extract_catalogs.py
[2026-07-16T18:24:53.503+0000] {logging_mixin.py:190} INFO - [2026-07-16T18:24:53.503+0000] {dag.py:3239} INFO - Sync 1 DAGs
[2026-07-16T18:24:53.510+0000] {logging_mixin.py:190} INFO - [2026-07-16T18:24:53.510+0000] {dag.py:4180} INFO - Setting next_dagrun for dag_extract_catalogs to 2026-07-16 01:00:00+00:00, run_after=2026-07-17 01:00:00+00:00
[2026-07-16T18:24:53.515+0000] {processor.py:208} INFO - Processing /opt/airflow/dags/dag_extract_catalogs.py took 0.031 seconds
[2026-07-16T18:25:23.974+0000] {processor.py:186} INFO - Started process (PID=60280) to work on /opt/airflow/dags/dag_extract_catalogs.py
[2026-07-16T18:25:23.975+0000] {processor.py:914} INFO - Processing file /opt/airflow/dags/dag_extract_catalogs.py for tasks to queue
[2026-07-16T18:25:23.975+0000] {logging_mixin.py:190} INFO - [2026-07-16T18:25:23.975+0000] {dagbag.py:588} INFO - Filling up the DagBag from /opt/airflow/dags/dag_extract_catalogs.py
[2026-07-16T18:25:23.980+0000] {processor.py:925} INFO - DAG(s) 'dag_extract_catalogs' retrieved from /opt/airflow/dags/dag_extract_catalogs.py
[2026-07-16T18:25:23.990+0000] {logging_mixin.py:190} INFO - [2026-07-16T18:25:23.990+0000] {dag.py:3239} INFO - Sync 1 DAGs
[2026-07-16T18:25:23.997+0000] {logging_mixin.py:190} INFO - [2026-07-16T18:25:23.997+0000] {dag.py:4180} INFO - Setting next_dagrun for dag_extract_catalogs to 2026-07-16 01:00:00+00:00, run_after=2026-07-17 01:00:00+00:00
[2026-07-16T18:25:24.002+0000] {processor.py:208} INFO - Processing /opt/airflow/dags/dag_extract_catalogs.py took 0.030 seconds
[2026-07-16T18:25:54.399+0000] {processor.py:186} INFO - Started process (PID=60300) to work on /opt/airflow/dags/dag_extract_catalogs.py
[2026-07-16T18:25:54.399+0000] {processor.py:914} INFO - Processing file /opt/airflow/dags/dag_extract_catalogs.py for tasks to queue
[2026-07-16T18:25:54.400+0000] {logging_mixin.py:190} INFO - [2026-07-16T18:25:54.400+0000] {dagbag.py:588} INFO - Filling up the DagBag from /opt/airflow/dags/dag_extract_catalogs.py
[2026-07-16T18:25:54.405+0000] {processor.py:925} INFO - DAG(s) 'dag_extract_catalogs' retrieved from /opt/airflow/dags/dag_extract_catalogs.py
[2026-07-16T18:25:54.415+0000] {logging_mixin.py:190} INFO - [2026-07-16T18:25:54.414+0000] {dag.py:3239} INFO - Sync 1 DAGs
[2026-07-16T18:25:54.422+0000] {logging_mixin.py:190} INFO - [2026-07-16T18:25:54.422+0000] {dag.py:4180} INFO - Setting next_dagrun for dag_extract_catalogs to 2026-07-16 01:00:00+00:00, run_after=2026-07-17 01:00:00+00:00
[2026-07-16T18:25:54.426+0000] {processor.py:208} INFO - Processing /opt/airflow/dags/dag_extract_catalogs.py took 0.030 seconds
[2026-07-16T18:26:24.866+0000] {processor.py:186} INFO - Started process (PID=60320) to work on /opt/airflow/dags/dag_extract_catalogs.py
[2026-07-16T18:26:24.867+0000] {processor.py:914} INFO - Processing file /opt/airflow/dags/dag_extract_catalogs.py for tasks to queue
[2026-07-16T18:26:24.867+0000] {logging_mixin.py:190} INFO - [2026-07-16T18:26:24.867+0000] {dagbag.py:588} INFO - Filling up the DagBag from /opt/airflow/dags/dag_extract_catalogs.py
[2026-07-16T18:26:24.872+0000] {processor.py:925} INFO - DAG(s) 'dag_extract_catalogs' retrieved from /opt/airflow/dags/dag_extract_catalogs.py
[2026-07-16T18:26:24.882+0000] {logging_mixin.py:190} INFO - [2026-07-16T18:26:24.882+0000] {dag.py:3239} INFO - Sync 1 DAGs
[2026-07-16T18:26:24.889+0000] {logging_mixin.py:190} INFO - [2026-07-16T18:26:24.889+0000] {dag.py:4180} INFO - Setting next_dagrun for dag_extract_catalogs to 2026-07-16 01:00:00+00:00, run_after=2026-07-17 01:00:00+00:00
[2026-07-16T18:26:24.894+0000] {processor.py:208} INFO - Processing /opt/airflow/dags/dag_extract_catalogs.py took 0.030 seconds
[2026-07-16T18:26:55.315+0000] {processor.py:186} INFO - Started process (PID=60340) to work on /opt/airflow/dags/dag_extract_catalogs.py
[2026-07-16T18:26:55.316+0000] {processor.py:914} INFO - Processing file /opt/airflow/dags/dag_extract_catalogs.py for tasks to queue
[2026-07-16T18:26:55.317+0000] {logging_mixin.py:190} INFO - [2026-07-16T18:26:55.317+0000] {dagbag.py:588} INFO - Filling up the DagBag from /opt/airflow/dags/dag_extract_catalogs.py
[2026-07-16T18:26:55.321+0000] {processor.py:925} INFO - DAG(s) 'dag_extract_catalogs' retrieved from /opt/airflow/dags/dag_extract_catalogs.py
[2026-07-16T18:26:55.331+0000] {logging_mixin.py:190} INFO - [2026-07-16T18:26:55.331+0000] {dag.py:3239} INFO - Sync 1 DAGs
[2026-07-16T18:26:55.338+0000] {logging_mixin.py:190} INFO - [2026-07-16T18:26:55.338+0000] {dag.py:4180} INFO - Setting next_dagrun for dag_extract_catalogs to 2026-07-16 01:00:00+00:00, run_after=2026-07-17 01:00:00+00:00
[2026-07-16T18:26:55.343+0000] {processor.py:208} INFO - Processing /opt/airflow/dags/dag_extract_catalogs.py took 0.030 seconds
[2026-07-16T18:27:25.754+0000] {processor.py:186} INFO - Started process (PID=60360) to work on /opt/airflow/dags/dag_extract_catalogs.py
[2026-07-16T18:27:25.755+0000] {processor.py:914} INFO - Processing file /opt/airflow/dags/dag_extract_catalogs.py for tasks to queue
[2026-07-16T18:27:25.755+0000] {logging_mixin.py:190} INFO - [2026-07-16T18:27:25.755+0000] {dagbag.py:588} INFO - Filling up the DagBag from /opt/airflow/dags/dag_extract_catalogs.py
[2026-07-16T18:27:25.760+0000] {processor.py:925} INFO - DAG(s) 'dag_extract_catalogs' retrieved from /opt/airflow/dags/dag_extract_catalogs.py
[2026-07-16T18:27:25.770+0000] {logging_mixin.py:190} INFO - [2026-07-16T18:27:25.770+0000] {dag.py:3239} INFO - Sync 1 DAGs
[2026-07-16T18:27:25.777+0000] {logging_mixin.py:190} INFO - [2026-07-16T18:27:25.777+0000] {dag.py:4180} INFO - Setting next_dagrun for dag_extract_catalogs to 2026-07-16 01:00:00+00:00, run_after=2026-07-17 01:00:00+00:00
[2026-07-16T18:27:25.781+0000] {processor.py:208} INFO - Processing /opt/airflow/dags/dag_extract_catalogs.py took 0.030 seconds
[2026-07-16T18:27:56.203+0000] {processor.py:186} INFO - Started process (PID=60380) to work on /opt/airflow/dags/dag_extract_catalogs.py
[2026-07-16T18:27:56.203+0000] {processor.py:914} INFO - Processing file /opt/airflow/dags/dag_extract_catalogs.py for tasks to queue
[2026-07-16T18:27:56.204+0000] {logging_mixin.py:190} INFO - [2026-07-16T18:27:56.204+0000] {dagbag.py:588} INFO - Filling up the DagBag from /opt/airflow/dags/dag_extract_catalogs.py
[2026-07-16T18:27:56.209+0000] {processor.py:925} INFO - DAG(s) 'dag_extract_catalogs' retrieved from /opt/airflow/dags/dag_extract_catalogs.py
[2026-07-16T18:27:56.219+0000] {logging_mixin.py:190} INFO - [2026-07-16T18:27:56.219+0000] {dag.py:3239} INFO - Sync 1 DAGs
[2026-07-16T18:27:56.226+0000] {logging_mixin.py:190} INFO - [2026-07-16T18:27:56.226+0000] {dag.py:4180} INFO - Setting next_dagrun for dag_extract_catalogs to 2026-07-16 01:00:00+00:00, run_after=2026-07-17 01:00:00+00:00
[2026-07-16T18:27:56.230+0000] {processor.py:208} INFO - Processing /opt/airflow/dags/dag_extract_catalogs.py took 0.030 seconds
[2026-07-16T18:28:26.579+0000] {processor.py:186} INFO - Started process (PID=60400) to work on /opt/airflow/dags/dag_extract_catalogs.py
[2026-07-16T18:28:26.580+0000] {processor.py:914} INFO - Processing file /opt/airflow/dags/dag_extract_catalogs.py for tasks to queue
[2026-07-16T18:28:26.581+0000] {logging_mixin.py:190} INFO - [2026-07-16T18:28:26.580+0000] {dagbag.py:588} INFO - Filling up the DagBag from /opt/airflow/dags/dag_extract_catalogs.py
[2026-07-16T18:28:26.585+0000] {processor.py:925} INFO - DAG(s) 'dag_extract_catalogs' retrieved from /opt/airflow/dags/dag_extract_catalogs.py
[2026-07-16T18:28:26.595+0000] {logging_mixin.py:190} INFO - [2026-07-16T18:28:26.595+0000] {dag.py:3239} INFO - Sync 1 DAGs
[2026-07-16T18:28:26.602+0000] {logging_mixin.py:190} INFO - [2026-07-16T18:28:26.602+0000] {dag.py:4180} INFO - Setting next_dagrun for dag_extract_catalogs to 2026-07-16 01:00:00+00:00, run_after=2026-07-17 01:00:00+00:00
[2026-07-16T18:28:26.607+0000] {processor.py:208} INFO - Processing /opt/airflow/dags/dag_extract_catalogs.py took 0.030 seconds
[2026-07-16T18:28:56.970+0000] {processor.py:186} INFO - Started process (PID=60418) to work on /opt/airflow/dags/dag_extract_catalogs.py
[2026-07-16T18:28:56.971+0000] {processor.py:914} INFO - Processing file /opt/airflow/dags/dag_extract_catalogs.py for tasks to queue
[2026-07-16T18:28:56.972+0000] {logging_mixin.py:190} INFO - [2026-07-16T18:28:56.972+0000] {dagbag.py:588} INFO - Filling up the DagBag from /opt/airflow/dags/dag_extract_catalogs.py
[2026-07-16T18:28:56.981+0000] {processor.py:925} INFO - DAG(s) 'dag_extract_catalogs' retrieved from /opt/airflow/dags/dag_extract_catalogs.py
[2026-07-16T18:28:56.995+0000] {logging_mixin.py:190} INFO - [2026-07-16T18:28:56.995+0000] {dag.py:3239} INFO - Sync 1 DAGs
[2026-07-16T18:28:57.004+0000] {logging_mixin.py:190} INFO - [2026-07-16T18:28:57.003+0000] {dag.py:4180} INFO - Setting next_dagrun for dag_extract_catalogs to 2026-07-16 01:00:00+00:00, run_after=2026-07-17 01:00:00+00:00
[2026-07-16T18:28:57.008+0000] {processor.py:208} INFO - Processing /opt/airflow/dags/dag_extract_catalogs.py took 0.041 seconds
[2026-07-16T18:29:27.468+0000] {processor.py:186} INFO - Started process (PID=60440) to work on /opt/airflow/dags/dag_extract_catalogs.py
[2026-07-16T18:29:27.468+0000] {processor.py:914} INFO - Processing file /opt/airflow/dags/dag_extract_catalogs.py for tasks to queue
[2026-07-16T18:29:27.469+0000] {logging_mixin.py:190} INFO - [2026-07-16T18:29:27.469+0000] {dagbag.py:588} INFO - Filling up the DagBag from /opt/airflow/dags/dag_extract_catalogs.py
[2026-07-16T18:29:27.474+0000] {processor.py:925} INFO - DAG(s) 'dag_extract_catalogs' retrieved from /opt/airflow/dags/dag_extract_catalogs.py
[2026-07-16T18:29:27.484+0000] {logging_mixin.py:190} INFO - [2026-07-16T18:29:27.484+0000] {dag.py:3239} INFO - Sync 1 DAGs
[2026-07-16T18:29:27.491+0000] {logging_mixin.py:190} INFO - [2026-07-16T18:29:27.491+0000] {dag.py:4180} INFO - Setting next_dagrun for dag_extract_catalogs to 2026-07-16 01:00:00+00:00, run_after=2026-07-17 01:00:00+00:00
[2026-07-16T18:29:27.496+0000] {processor.py:208} INFO - Processing /opt/airflow/dags/dag_extract_catalogs.py took 0.030 seconds
[2026-07-16T18:29:57.962+0000] {processor.py:186} INFO - Started process (PID=60460) to work on /opt/airflow/dags/dag_extract_catalogs.py
[2026-07-16T18:29:57.962+0000] {processor.py:914} INFO - Processing file /opt/airflow/dags/dag_extract_catalogs.py for tasks to queue
[2026-07-16T18:29:57.963+0000] {logging_mixin.py:190} INFO - [2026-07-16T18:29:57.963+0000] {dagbag.py:588} INFO - Filling up the DagBag from /opt/airflow/dags/dag_extract_catalogs.py
[2026-07-16T18:29:57.968+0000] {processor.py:925} INFO - DAG(s) 'dag_extract_catalogs' retrieved from /opt/airflow/dags/dag_extract_catalogs.py
[2026-07-16T18:29:57.978+0000] {logging_mixin.py:190} INFO - [2026-07-16T18:29:57.978+0000] {dag.py:3239} INFO - Sync 1 DAGs
[2026-07-16T18:29:57.985+0000] {logging_mixin.py:190} INFO - [2026-07-16T18:29:57.985+0000] {dag.py:4180} INFO - Setting next_dagrun for dag_extract_catalogs to 2026-07-16 01:00:00+00:00, run_after=2026-07-17 01:00:00+00:00
[2026-07-16T18:29:57.990+0000] {processor.py:208} INFO - Processing /opt/airflow/dags/dag_extract_catalogs.py took 0.030 seconds
[2026-07-16T18:30:28.416+0000] {processor.py:186} INFO - Started process (PID=60480) to work on /opt/airflow/dags/dag_extract_catalogs.py
[2026-07-16T18:30:28.417+0000] {processor.py:914} INFO - Processing file /opt/airflow/dags/dag_extract_catalogs.py for tasks to queue
[2026-07-16T18:30:28.417+0000] {logging_mixin.py:190} INFO - [2026-07-16T18:30:28.417+0000] {dagbag.py:588} INFO - Filling up the DagBag from /opt/airflow/dags/dag_extract_catalogs.py
[2026-07-16T18:30:28.422+0000] {processor.py:925} INFO - DAG(s) 'dag_extract_catalogs' retrieved from /opt/airflow/dags/dag_extract_catalogs.py
[2026-07-16T18:30:28.432+0000] {logging_mixin.py:190} INFO - [2026-07-16T18:30:28.432+0000] {dag.py:3239} INFO - Sync 1 DAGs
[2026-07-16T18:30:28.439+0000] {logging_mixin.py:190} INFO - [2026-07-16T18:30:28.439+0000] {dag.py:4180} INFO - Setting next_dagrun for dag_extract_catalogs to 2026-07-16 01:00:00+00:00, run_after=2026-07-17 01:00:00+00:00
[2026-07-16T18:30:28.444+0000] {processor.py:208} INFO - Processing /opt/airflow/dags/dag_extract_catalogs.py took 0.030 seconds
[2026-07-16T18:30:58.914+0000] {processor.py:186} INFO - Started process (PID=60500) to work on /opt/airflow/dags/dag_extract_catalogs.py
[2026-07-16T18:30:58.914+0000] {processor.py:914} INFO - Processing file /opt/airflow/dags/dag_extract_catalogs.py for tasks to queue
[2026-07-16T18:30:58.915+0000] {logging_mixin.py:190} INFO - [2026-07-16T18:30:58.915+0000] {dagbag.py:588} INFO - Filling up the DagBag from /opt/airflow/dags/dag_extract_catalogs.py
[2026-07-16T18:30:58.920+0000] {processor.py:925} INFO - DAG(s) 'dag_extract_catalogs' retrieved from /opt/airflow/dags/dag_extract_catalogs.py
[2026-07-16T18:30:58.930+0000] {logging_mixin.py:190} INFO - [2026-07-16T18:30:58.930+0000] {dag.py:3239} INFO - Sync 1 DAGs
[2026-07-16T18:30:58.937+0000] {logging_mixin.py:190} INFO - [2026-07-16T18:30:58.937+0000] {dag.py:4180} INFO - Setting next_dagrun for dag_extract_catalogs to 2026-07-16 01:00:00+00:00, run_after=2026-07-17 01:00:00+00:00
[2026-07-16T18:30:58.942+0000] {processor.py:208} INFO - Processing /opt/airflow/dags/dag_extract_catalogs.py took 0.031 seconds
[2026-07-16T18:31:29.405+0000] {processor.py:186} INFO - Started process (PID=60520) to work on /opt/airflow/dags/dag_extract_catalogs.py
[2026-07-16T18:31:29.405+0000] {processor.py:914} INFO - Processing file /opt/airflow/dags/dag_extract_catalogs.py for tasks to queue
[2026-07-16T18:31:29.406+0000] {logging_mixin.py:190} INFO - [2026-07-16T18:31:29.406+0000] {dagbag.py:588} INFO - Filling up the DagBag from /opt/airflow/dags/dag_extract_catalogs.py
[2026-07-16T18:31:29.411+0000] {processor.py:925} INFO - DAG(s) 'dag_extract_catalogs' retrieved from /opt/airflow/dags/dag_extract_catalogs.py
[2026-07-16T18:31:29.421+0000] {logging_mixin.py:190} INFO - [2026-07-16T18:31:29.421+0000] {dag.py:3239} INFO - Sync 1 DAGs
[2026-07-16T18:31:29.428+0000] {logging_mixin.py:190} INFO - [2026-07-16T18:31:29.428+0000] {dag.py:4180} INFO - Setting next_dagrun for dag_extract_catalogs to 2026-07-16 01:00:00+00:00, run_after=2026-07-17 01:00:00+00:00
[2026-07-16T18:31:29.433+0000] {processor.py:208} INFO - Processing /opt/airflow/dags/dag_extract_catalogs.py took 0.030 seconds
[2026-07-16T18:31:59.918+0000] {processor.py:186} INFO - Started process (PID=60540) to work on /opt/airflow/dags/dag_extract_catalogs.py
[2026-07-16T18:31:59.919+0000] {processor.py:914} INFO - Processing file /opt/airflow/dags/dag_extract_catalogs.py for tasks to queue
[2026-07-16T18:31:59.919+0000] {logging_mixin.py:190} INFO - [2026-07-16T18:31:59.919+0000] {dagbag.py:588} INFO - Filling up the DagBag from /opt/airflow/dags/dag_extract_catalogs.py
[2026-07-16T18:31:59.924+0000] {processor.py:925} INFO - DAG(s) 'dag_extract_catalogs' retrieved from /opt/airflow/dags/dag_extract_catalogs.py
[2026-07-16T18:31:59.934+0000] {logging_mixin.py:190} INFO - [2026-07-16T18:31:59.934+0000] {dag.py:3239} INFO - Sync 1 DAGs
[2026-07-16T18:31:59.941+0000] {logging_mixin.py:190} INFO - [2026-07-16T18:31:59.941+0000] {dag.py:4180} INFO - Setting next_dagrun for dag_extract_catalogs to 2026-07-16 01:00:00+00:00, run_after=2026-07-17 01:00:00+00:00
[2026-07-16T18:31:59.946+0000] {processor.py:208} INFO - Processing /opt/airflow/dags/dag_extract_catalogs.py took 0.030 seconds
[2026-07-16T18:32:30.396+0000] {processor.py:186} INFO - Started process (PID=60560) to work on /opt/airflow/dags/dag_extract_catalogs.py
[2026-07-16T18:32:30.396+0000] {processor.py:914} INFO - Processing file /opt/airflow/dags/dag_extract_catalogs.py for tasks to queue
[2026-07-16T18:32:30.397+0000] {logging_mixin.py:190} INFO - [2026-07-16T18:32:30.397+0000] {dagbag.py:588} INFO - Filling up the DagBag from /opt/airflow/dags/dag_extract_catalogs.py
[2026-07-16T18:32:30.402+0000] {processor.py:925} INFO - DAG(s) 'dag_extract_catalogs' retrieved from /opt/airflow/dags/dag_extract_catalogs.py
[2026-07-16T18:32:30.414+0000] {logging_mixin.py:190} INFO - [2026-07-16T18:32:30.414+0000] {dag.py:3239} INFO - Sync 1 DAGs
[2026-07-16T18:32:30.422+0000] {logging_mixin.py:190} INFO - [2026-07-16T18:32:30.422+0000] {dag.py:4180} INFO - Setting next_dagrun for dag_extract_catalogs to 2026-07-16 01:00:00+00:00, run_after=2026-07-17 01:00:00+00:00
[2026-07-16T18:32:30.428+0000] {processor.py:208} INFO - Processing /opt/airflow/dags/dag_extract_catalogs.py took 0.035 seconds
[2026-07-16T18:33:00.913+0000] {processor.py:186} INFO - Started process (PID=60580) to work on /opt/airflow/dags/dag_extract_catalogs.py
[2026-07-16T18:33:00.914+0000] {processor.py:914} INFO - Processing file /opt/airflow/dags/dag_extract_catalogs.py for tasks to queue
[2026-07-16T18:33:00.914+0000] {logging_mixin.py:190} INFO - [2026-07-16T18:33:00.914+0000] {dagbag.py:588} INFO - Filling up the DagBag from /opt/airflow/dags/dag_extract_catalogs.py
[2026-07-16T18:33:00.919+0000] {processor.py:925} INFO - DAG(s) 'dag_extract_catalogs' retrieved from /opt/airflow/dags/dag_extract_catalogs.py
[2026-07-16T18:33:00.929+0000] {logging_mixin.py:190} INFO - [2026-07-16T18:33:00.929+0000] {dag.py:3239} INFO - Sync 1 DAGs
[2026-07-16T18:33:00.936+0000] {logging_mixin.py:190} INFO - [2026-07-16T18:33:00.936+0000] {dag.py:4180} INFO - Setting next_dagrun for dag_extract_catalogs to 2026-07-16 01:00:00+00:00, run_after=2026-07-17 01:00:00+00:00
[2026-07-16T18:33:00.941+0000] {processor.py:208} INFO - Processing /opt/airflow/dags/dag_extract_catalogs.py took 0.030 seconds
[2026-07-16T18:33:31.386+0000] {processor.py:186} INFO - Started process (PID=60600) to work on /opt/airflow/dags/dag_extract_catalogs.py
[2026-07-16T18:33:31.387+0000] {processor.py:914} INFO - Processing file /opt/airflow/dags/dag_extract_catalogs.py for tasks to queue
[2026-07-16T18:33:31.387+0000] {logging_mixin.py:190} INFO - [2026-07-16T18:33:31.387+0000] {dagbag.py:588} INFO - Filling up the DagBag from /opt/airflow/dags/dag_extract_catalogs.py
[2026-07-16T18:33:31.392+0000] {processor.py:925} INFO - DAG(s) 'dag_extract_catalogs' retrieved from /opt/airflow/dags/dag_extract_catalogs.py
[2026-07-16T18:33:31.402+0000] {logging_mixin.py:190} INFO - [2026-07-16T18:33:31.402+0000] {dag.py:3239} INFO - Sync 1 DAGs
[2026-07-16T18:33:31.409+0000] {logging_mixin.py:190} INFO - [2026-07-16T18:33:31.409+0000] {dag.py:4180} INFO - Setting next_dagrun for dag_extract_catalogs to 2026-07-16 01:00:00+00:00, run_after=2026-07-17 01:00:00+00:00
[2026-07-16T18:33:31.414+0000] {processor.py:208} INFO - Processing /opt/airflow/dags/dag_extract_catalogs.py took 0.030 seconds
[2026-07-16T18:34:01.819+0000] {processor.py:186} INFO - Started process (PID=60620) to work on /opt/airflow/dags/dag_extract_catalogs.py
[2026-07-16T18:34:01.819+0000] {processor.py:914} INFO - Processing file /opt/airflow/dags/dag_extract_catalogs.py for tasks to queue
[2026-07-16T18:34:01.820+0000] {logging_mixin.py:190} INFO - [2026-07-16T18:34:01.820+0000] {dagbag.py:588} INFO - Filling up the DagBag from /opt/airflow/dags/dag_extract_catalogs.py
[2026-07-16T18:34:01.825+0000] {processor.py:925} INFO - DAG(s) 'dag_extract_catalogs' retrieved from /opt/airflow/dags/dag_extract_catalogs.py
[2026-07-16T18:34:01.834+0000] {logging_mixin.py:190} INFO - [2026-07-16T18:34:01.834+0000] {dag.py:3239} INFO - Sync 1 DAGs
[2026-07-16T18:34:01.841+0000] {logging_mixin.py:190} INFO - [2026-07-16T18:34:01.841+0000] {dag.py:4180} INFO - Setting next_dagrun for dag_extract_catalogs to 2026-07-16 01:00:00+00:00, run_after=2026-07-17 01:00:00+00:00
[2026-07-16T18:34:01.846+0000] {processor.py:208} INFO - Processing /opt/airflow/dags/dag_extract_catalogs.py took 0.029 seconds
[2026-07-16T18:34:32.278+0000] {processor.py:186} INFO - Started process (PID=60640) to work on /opt/airflow/dags/dag_extract_catalogs.py
[2026-07-16T18:34:32.278+0000] {processor.py:914} INFO - Processing file /opt/airflow/dags/dag_extract_catalogs.py for tasks to queue
[2026-07-16T18:34:32.279+0000] {logging_mixin.py:190} INFO - [2026-07-16T18:34:32.279+0000] {dagbag.py:588} INFO - Filling up the DagBag from /opt/airflow/dags/dag_extract_catalogs.py
[2026-07-16T18:34:32.284+0000] {processor.py:925} INFO - DAG(s) 'dag_extract_catalogs' retrieved from /opt/airflow/dags/dag_extract_catalogs.py
[2026-07-16T18:34:32.294+0000] {logging_mixin.py:190} INFO - [2026-07-16T18:34:32.294+0000] {dag.py:3239} INFO - Sync 1 DAGs
[2026-07-16T18:34:32.301+0000] {logging_mixin.py:190} INFO - [2026-07-16T18:34:32.301+0000] {dag.py:4180} INFO - Setting next_dagrun for dag_extract_catalogs to 2026-07-16 01:00:00+00:00, run_after=2026-07-17 01:00:00+00:00
[2026-07-16T18:34:32.306+0000] {processor.py:208} INFO - Processing /opt/airflow/dags/dag_extract_catalogs.py took 0.030 seconds
[2026-07-16T18:35:02.783+0000] {processor.py:186} INFO - Started process (PID=60660) to work on /opt/airflow/dags/dag_extract_catalogs.py
[2026-07-16T18:35:02.783+0000] {processor.py:914} INFO - Processing file /opt/airflow/dags/dag_extract_catalogs.py for tasks to queue
[2026-07-16T18:35:02.784+0000] {logging_mixin.py:190} INFO - [2026-07-16T18:35:02.784+0000] {dagbag.py:588} INFO - Filling up the DagBag from /opt/airflow/dags/dag_extract_catalogs.py
[2026-07-16T18:35:02.789+0000] {processor.py:925} INFO - DAG(s) 'dag_extract_catalogs' retrieved from /opt/airflow/dags/dag_extract_catalogs.py
[2026-07-16T18:35:02.799+0000] {logging_mixin.py:190} INFO - [2026-07-16T18:35:02.798+0000] {dag.py:3239} INFO - Sync 1 DAGs
[2026-07-16T18:35:02.805+0000] {logging_mixin.py:190} INFO - [2026-07-16T18:35:02.805+0000] {dag.py:4180} INFO - Setting next_dagrun for dag_extract_catalogs to 2026-07-16 01:00:00+00:00, run_after=2026-07-17 01:00:00+00:00
[2026-07-16T18:35:02.810+0000] {processor.py:208} INFO - Processing /opt/airflow/dags/dag_extract_catalogs.py took 0.030 seconds
[2026-07-16T18:35:33.224+0000] {processor.py:186} INFO - Started process (PID=60678) to work on /opt/airflow/dags/dag_extract_catalogs.py
[2026-07-16T18:35:33.225+0000] {processor.py:914} INFO - Processing file /opt/airflow/dags/dag_extract_catalogs.py for tasks to queue
[2026-07-16T18:35:33.226+0000] {logging_mixin.py:190} INFO - [2026-07-16T18:35:33.226+0000] {dagbag.py:588} INFO - Filling up the DagBag from /opt/airflow/dags/dag_extract_catalogs.py
[2026-07-16T18:35:33.233+0000] {processor.py:925} INFO - DAG(s) 'dag_extract_catalogs' retrieved from /opt/airflow/dags/dag_extract_catalogs.py
[2026-07-16T18:35:33.246+0000] {logging_mixin.py:190} INFO - [2026-07-16T18:35:33.246+0000] {dag.py:3239} INFO - Sync 1 DAGs
[2026-07-16T18:35:33.254+0000] {logging_mixin.py:190} INFO - [2026-07-16T18:35:33.254+0000] {dag.py:4180} INFO - Setting next_dagrun for dag_extract_catalogs to 2026-07-16 01:00:00+00:00, run_after=2026-07-17 01:00:00+00:00
[2026-07-16T18:35:33.261+0000] {processor.py:208} INFO - Processing /opt/airflow/dags/dag_extract_catalogs.py took 0.040 seconds
[2026-07-16T18:36:03.842+0000] {processor.py:186} INFO - Started process (PID=60700) to work on /opt/airflow/dags/dag_extract_catalogs.py
[2026-07-16T18:36:03.842+0000] {processor.py:914} INFO - Processing file /opt/airflow/dags/dag_extract_catalogs.py for tasks to queue
[2026-07-16T18:36:03.843+0000] {logging_mixin.py:190} INFO - [2026-07-16T18:36:03.843+0000] {dagbag.py:588} INFO - Filling up the DagBag from /opt/airflow/dags/dag_extract_catalogs.py
[2026-07-16T18:36:03.849+0000] {processor.py:925} INFO - DAG(s) 'dag_extract_catalogs' retrieved from /opt/airflow/dags/dag_extract_catalogs.py
[2026-07-16T18:36:03.860+0000] {logging_mixin.py:190} INFO - [2026-07-16T18:36:03.860+0000] {dag.py:3239} INFO - Sync 1 DAGs
[2026-07-16T18:36:03.867+0000] {logging_mixin.py:190} INFO - [2026-07-16T18:36:03.867+0000] {dag.py:4180} INFO - Setting next_dagrun for dag_extract_catalogs to 2026-07-16 01:00:00+00:00, run_after=2026-07-17 01:00:00+00:00
[2026-07-16T18:36:03.872+0000] {processor.py:208} INFO - Processing /opt/airflow/dags/dag_extract_catalogs.py took 0.033 seconds
[2026-07-16T18:36:34.315+0000] {processor.py:186} INFO - Started process (PID=60720) to work on /opt/airflow/dags/dag_extract_catalogs.py
[2026-07-16T18:36:34.315+0000] {processor.py:914} INFO - Processing file /opt/airflow/dags/dag_extract_catalogs.py for tasks to queue
[2026-07-16T18:36:34.316+0000] {logging_mixin.py:190} INFO - [2026-07-16T18:36:34.316+0000] {dagbag.py:588} INFO - Filling up the DagBag from /opt/airflow/dags/dag_extract_catalogs.py
[2026-07-16T18:36:34.321+0000] {processor.py:925} INFO - DAG(s) 'dag_extract_catalogs' retrieved from /opt/airflow/dags/dag_extract_catalogs.py
[2026-07-16T18:36:34.332+0000] {logging_mixin.py:190} INFO - [2026-07-16T18:36:34.331+0000] {dag.py:3239} INFO - Sync 1 DAGs
[2026-07-16T18:36:34.339+0000] {logging_mixin.py:190} INFO - [2026-07-16T18:36:34.339+0000] {dag.py:4180} INFO - Setting next_dagrun for dag_extract_catalogs to 2026-07-16 01:00:00+00:00, run_after=2026-07-17 01:00:00+00:00
[2026-07-16T18:36:34.343+0000] {processor.py:208} INFO - Processing /opt/airflow/dags/dag_extract_catalogs.py took 0.031 seconds
[2026-07-16T18:37:04.805+0000] {processor.py:186} INFO - Started process (PID=60740) to work on /opt/airflow/dags/dag_extract_catalogs.py
[2026-07-16T18:37:04.805+0000] {processor.py:914} INFO - Processing file /opt/airflow/dags/dag_extract_catalogs.py for tasks to queue
[2026-07-16T18:37:04.806+0000] {logging_mixin.py:190} INFO - [2026-07-16T18:37:04.806+0000] {dagbag.py:588} INFO - Filling up the DagBag from /opt/airflow/dags/dag_extract_catalogs.py
[2026-07-16T18:37:04.811+0000] {processor.py:925} INFO - DAG(s) 'dag_extract_catalogs' retrieved from /opt/airflow/dags/dag_extract_catalogs.py
[2026-07-16T18:37:04.821+0000] {logging_mixin.py:190} INFO - [2026-07-16T18:37:04.821+0000] {dag.py:3239} INFO - Sync 1 DAGs
[2026-07-16T18:37:04.828+0000] {logging_mixin.py:190} INFO - [2026-07-16T18:37:04.828+0000] {dag.py:4180} INFO - Setting next_dagrun for dag_extract_catalogs to 2026-07-16 01:00:00+00:00, run_after=2026-07-17 01:00:00+00:00
[2026-07-16T18:37:04.833+0000] {processor.py:208} INFO - Processing /opt/airflow/dags/dag_extract_catalogs.py took 0.032 seconds
[2026-07-16T18:37:35.277+0000] {processor.py:186} INFO - Started process (PID=60760) to work on /opt/airflow/dags/dag_extract_catalogs.py
[2026-07-16T18:37:35.277+0000] {processor.py:914} INFO - Processing file /opt/airflow/dags/dag_extract_catalogs.py for tasks to queue
[2026-07-16T18:37:35.278+0000] {logging_mixin.py:190} INFO - [2026-07-16T18:37:35.278+0000] {dagbag.py:588} INFO - Filling up the DagBag from /opt/airflow/dags/dag_extract_catalogs.py
[2026-07-16T18:37:35.283+0000] {processor.py:925} INFO - DAG(s) 'dag_extract_catalogs' retrieved from /opt/airflow/dags/dag_extract_catalogs.py
[2026-07-16T18:37:35.293+0000] {logging_mixin.py:190} INFO - [2026-07-16T18:37:35.293+0000] {dag.py:3239} INFO - Sync 1 DAGs
[2026-07-16T18:37:35.301+0000] {logging_mixin.py:190} INFO - [2026-07-16T18:37:35.301+0000] {dag.py:4180} INFO - Setting next_dagrun for dag_extract_catalogs to 2026-07-16 01:00:00+00:00, run_after=2026-07-17 01:00:00+00:00
[2026-07-16T18:37:35.306+0000] {processor.py:208} INFO - Processing /opt/airflow/dags/dag_extract_catalogs.py took 0.034 seconds
[2026-07-16T18:38:05.762+0000] {processor.py:186} INFO - Started process (PID=60780) to work on /opt/airflow/dags/dag_extract_catalogs.py
[2026-07-16T18:38:05.763+0000] {processor.py:914} INFO - Processing file /opt/airflow/dags/dag_extract_catalogs.py for tasks to queue
[2026-07-16T18:38:05.764+0000] {logging_mixin.py:190} INFO - [2026-07-16T18:38:05.764+0000] {dagbag.py:588} INFO - Filling up the DagBag from /opt/airflow/dags/dag_extract_catalogs.py
[2026-07-16T18:38:05.769+0000] {processor.py:925} INFO - DAG(s) 'dag_extract_catalogs' retrieved from /opt/airflow/dags/dag_extract_catalogs.py
[2026-07-16T18:38:05.781+0000] {logging_mixin.py:190} INFO - [2026-07-16T18:38:05.781+0000] {dag.py:3239} INFO - Sync 1 DAGs
[2026-07-16T18:38:05.789+0000] {logging_mixin.py:190} INFO - [2026-07-16T18:38:05.789+0000] {dag.py:4180} INFO - Setting next_dagrun for dag_extract_catalogs to 2026-07-16 01:00:00+00:00, run_after=2026-07-17 01:00:00+00:00
[2026-07-16T18:38:05.795+0000] {processor.py:208} INFO - Processing /opt/airflow/dags/dag_extract_catalogs.py took 0.036 seconds
[2026-07-16T18:38:36.147+0000] {processor.py:186} INFO - Started process (PID=60798) to work on /opt/airflow/dags/dag_extract_catalogs.py
[2026-07-16T18:38:36.148+0000] {processor.py:914} INFO - Processing file /opt/airflow/dags/dag_extract_catalogs.py for tasks to queue
[2026-07-16T18:38:36.149+0000] {logging_mixin.py:190} INFO - [2026-07-16T18:38:36.149+0000] {dagbag.py:588} INFO - Filling up the DagBag from /opt/airflow/dags/dag_extract_catalogs.py
[2026-07-16T18:38:36.154+0000] {processor.py:925} INFO - DAG(s) 'dag_extract_catalogs' retrieved from /opt/airflow/dags/dag_extract_catalogs.py
[2026-07-16T18:38:36.169+0000] {logging_mixin.py:190} INFO - [2026-07-16T18:38:36.169+0000] {dag.py:3239} INFO - Sync 1 DAGs
[2026-07-16T18:38:36.179+0000] {logging_mixin.py:190} INFO - [2026-07-16T18:38:36.179+0000] {dag.py:4180} INFO - Setting next_dagrun for dag_extract_catalogs to 2026-07-16 01:00:00+00:00, run_after=2026-07-17 01:00:00+00:00
[2026-07-16T18:38:36.185+0000] {processor.py:208} INFO - Processing /opt/airflow/dags/dag_extract_catalogs.py took 0.041 seconds
[2026-07-16T18:39:06.699+0000] {processor.py:186} INFO - Started process (PID=60820) to work on /opt/airflow/dags/dag_extract_catalogs.py
[2026-07-16T18:39:06.699+0000] {processor.py:914} INFO - Processing file /opt/airflow/dags/dag_extract_catalogs.py for tasks to queue
[2026-07-16T18:39:06.700+0000] {logging_mixin.py:190} INFO - [2026-07-16T18:39:06.700+0000] {dagbag.py:588} INFO - Filling up the DagBag from /opt/airflow/dags/dag_extract_catalogs.py
[2026-07-16T18:39:06.705+0000] {processor.py:925} INFO - DAG(s) 'dag_extract_catalogs' retrieved from /opt/airflow/dags/dag_extract_catalogs.py
[2026-07-16T18:39:06.716+0000] {logging_mixin.py:190} INFO - [2026-07-16T18:39:06.716+0000] {dag.py:3239} INFO - Sync 1 DAGs
[2026-07-16T18:39:06.723+0000] {logging_mixin.py:190} INFO - [2026-07-16T18:39:06.723+0000] {dag.py:4180} INFO - Setting next_dagrun for dag_extract_catalogs to 2026-07-16 01:00:00+00:00, run_after=2026-07-17 01:00:00+00:00
[2026-07-16T18:39:06.728+0000] {processor.py:208} INFO - Processing /opt/airflow/dags/dag_extract_catalogs.py took 0.033 seconds
[2026-07-16T18:39:37.146+0000] {processor.py:186} INFO - Started process (PID=60840) to work on /opt/airflow/dags/dag_extract_catalogs.py
[2026-07-16T18:39:37.147+0000] {processor.py:914} INFO - Processing file /opt/airflow/dags/dag_extract_catalogs.py for tasks to queue
[2026-07-16T18:39:37.148+0000] {logging_mixin.py:190} INFO - [2026-07-16T18:39:37.148+0000] {dagbag.py:588} INFO - Filling up the DagBag from /opt/airflow/dags/dag_extract_catalogs.py
[2026-07-16T18:39:37.152+0000] {processor.py:925} INFO - DAG(s) 'dag_extract_catalogs' retrieved from /opt/airflow/dags/dag_extract_catalogs.py
[2026-07-16T18:39:37.162+0000] {logging_mixin.py:190} INFO - [2026-07-16T18:39:37.162+0000] {dag.py:3239} INFO - Sync 1 DAGs
[2026-07-16T18:39:37.169+0000] {logging_mixin.py:190} INFO - [2026-07-16T18:39:37.169+0000] {dag.py:4180} INFO - Setting next_dagrun for dag_extract_catalogs to 2026-07-16 01:00:00+00:00, run_after=2026-07-17 01:00:00+00:00
[2026-07-16T18:39:37.174+0000] {processor.py:208} INFO - Processing /opt/airflow/dags/dag_extract_catalogs.py took 0.031 seconds
[2026-07-16T18:40:07.525+0000] {processor.py:186} INFO - Started process (PID=60858) to work on /opt/airflow/dags/dag_extract_catalogs.py
[2026-07-16T18:40:07.526+0000] {processor.py:914} INFO - Processing file /opt/airflow/dags/dag_extract_catalogs.py for tasks to queue
[2026-07-16T18:40:07.527+0000] {logging_mixin.py:190} INFO - [2026-07-16T18:40:07.526+0000] {dagbag.py:588} INFO - Filling up the DagBag from /opt/airflow/dags/dag_extract_catalogs.py
[2026-07-16T18:40:07.533+0000] {processor.py:925} INFO - DAG(s) 'dag_extract_catalogs' retrieved from /opt/airflow/dags/dag_extract_catalogs.py
[2026-07-16T18:40:07.547+0000] {logging_mixin.py:190} INFO - [2026-07-16T18:40:07.547+0000] {dag.py:3239} INFO - Sync 1 DAGs
[2026-07-16T18:40:07.557+0000] {logging_mixin.py:190} INFO - [2026-07-16T18:40:07.557+0000] {dag.py:4180} INFO - Setting next_dagrun for dag_extract_catalogs to 2026-07-16 01:00:00+00:00, run_after=2026-07-17 01:00:00+00:00
[2026-07-16T18:40:07.562+0000] {processor.py:208} INFO - Processing /opt/airflow/dags/dag_extract_catalogs.py took 0.040 seconds
[2026-07-16T18:40:38.269+0000] {processor.py:186} INFO - Started process (PID=60880) to work on /opt/airflow/dags/dag_extract_catalogs.py
[2026-07-16T18:40:38.270+0000] {processor.py:914} INFO - Processing file /opt/airflow/dags/dag_extract_catalogs.py for tasks to queue
[2026-07-16T18:40:38.271+0000] {logging_mixin.py:190} INFO - [2026-07-16T18:40:38.271+0000] {dagbag.py:588} INFO - Filling up the DagBag from /opt/airflow/dags/dag_extract_catalogs.py
[2026-07-16T18:40:38.278+0000] {processor.py:925} INFO - DAG(s) 'dag_extract_catalogs' retrieved from /opt/airflow/dags/dag_extract_catalogs.py
[2026-07-16T18:40:38.292+0000] {logging_mixin.py:190} INFO - [2026-07-16T18:40:38.292+0000] {dag.py:3239} INFO - Sync 1 DAGs
[2026-07-16T18:40:38.306+0000] {logging_mixin.py:190} INFO - [2026-07-16T18:40:38.305+0000] {dag.py:4180} INFO - Setting next_dagrun for dag_extract_catalogs to 2026-07-16 01:00:00+00:00, run_after=2026-07-17 01:00:00+00:00
[2026-07-16T18:40:38.314+0000] {processor.py:208} INFO - Processing /opt/airflow/dags/dag_extract_catalogs.py took 0.049 seconds
[2026-07-16T18:41:08.746+0000] {processor.py:186} INFO - Started process (PID=60900) to work on /opt/airflow/dags/dag_extract_catalogs.py
[2026-07-16T18:41:08.747+0000] {processor.py:914} INFO - Processing file /opt/airflow/dags/dag_extract_catalogs.py for tasks to queue
[2026-07-16T18:41:08.748+0000] {logging_mixin.py:190} INFO - [2026-07-16T18:41:08.747+0000] {dagbag.py:588} INFO - Filling up the DagBag from /opt/airflow/dags/dag_extract_catalogs.py
[2026-07-16T18:41:08.753+0000] {processor.py:925} INFO - DAG(s) 'dag_extract_catalogs' retrieved from /opt/airflow/dags/dag_extract_catalogs.py
[2026-07-16T18:41:08.764+0000] {logging_mixin.py:190} INFO - [2026-07-16T18:41:08.764+0000] {dag.py:3239} INFO - Sync 1 DAGs
[2026-07-16T18:41:08.772+0000] {logging_mixin.py:190} INFO - [2026-07-16T18:41:08.772+0000] {dag.py:4180} INFO - Setting next_dagrun for dag_extract_catalogs to 2026-07-16 01:00:00+00:00, run_after=2026-07-17 01:00:00+00:00
[2026-07-16T18:41:08.778+0000] {processor.py:208} INFO - Processing /opt/airflow/dags/dag_extract_catalogs.py took 0.035 seconds
[2026-07-16T18:41:39.258+0000] {processor.py:186} INFO - Started process (PID=60920) to work on /opt/airflow/dags/dag_extract_catalogs.py
[2026-07-16T18:41:39.258+0000] {processor.py:914} INFO - Processing file /opt/airflow/dags/dag_extract_catalogs.py for tasks to queue
[2026-07-16T18:41:39.259+0000] {logging_mixin.py:190} INFO - [2026-07-16T18:41:39.259+0000] {dagbag.py:588} INFO - Filling up the DagBag from /opt/airflow/dags/dag_extract_catalogs.py
[2026-07-16T18:41:39.264+0000] {processor.py:925} INFO - DAG(s) 'dag_extract_catalogs' retrieved from /opt/airflow/dags/dag_extract_catalogs.py
[2026-07-16T18:41:39.274+0000] {logging_mixin.py:190} INFO - [2026-07-16T18:41:39.274+0000] {dag.py:3239} INFO - Sync 1 DAGs
[2026-07-16T18:41:39.281+0000] {logging_mixin.py:190} INFO - [2026-07-16T18:41:39.281+0000] {dag.py:4180} INFO - Setting next_dagrun for dag_extract_catalogs to 2026-07-16 01:00:00+00:00, run_after=2026-07-17 01:00:00+00:00
[2026-07-16T18:41:39.286+0000] {processor.py:208} INFO - Processing /opt/airflow/dags/dag_extract_catalogs.py took 0.031 seconds
[2026-07-16T18:42:09.750+0000] {processor.py:186} INFO - Started process (PID=60938) to work on /opt/airflow/dags/dag_extract_catalogs.py
[2026-07-16T18:42:09.758+0000] {processor.py:914} INFO - Processing file /opt/airflow/dags/dag_extract_catalogs.py for tasks to queue
[2026-07-16T18:42:09.759+0000] {logging_mixin.py:190} INFO - [2026-07-16T18:42:09.759+0000] {dagbag.py:588} INFO - Filling up the DagBag from /opt/airflow/dags/dag_extract_catalogs.py
[2026-07-16T18:42:09.773+0000] {processor.py:925} INFO - DAG(s) 'dag_extract_catalogs' retrieved from /opt/airflow/dags/dag_extract_catalogs.py
[2026-07-16T18:42:09.792+0000] {logging_mixin.py:190} INFO - [2026-07-16T18:42:09.792+0000] {dag.py:3239} INFO - Sync 1 DAGs
[2026-07-16T18:42:09.802+0000] {logging_mixin.py:190} INFO - [2026-07-16T18:42:09.802+0000] {dag.py:4180} INFO - Setting next_dagrun for dag_extract_catalogs to 2026-07-16 01:00:00+00:00, run_after=2026-07-17 01:00:00+00:00
[2026-07-16T18:42:09.808+0000] {processor.py:208} INFO - Processing /opt/airflow/dags/dag_extract_catalogs.py took 0.068 seconds
[2026-07-16T18:42:40.223+0000] {processor.py:186} INFO - Started process (PID=60960) to work on /opt/airflow/dags/dag_extract_catalogs.py
[2026-07-16T18:42:40.223+0000] {processor.py:914} INFO - Processing file /opt/airflow/dags/dag_extract_catalogs.py for tasks to queue
[2026-07-16T18:42:40.224+0000] {logging_mixin.py:190} INFO - [2026-07-16T18:42:40.224+0000] {dagbag.py:588} INFO - Filling up the DagBag from /opt/airflow/dags/dag_extract_catalogs.py
[2026-07-16T18:42:40.229+0000] {processor.py:925} INFO - DAG(s) 'dag_extract_catalogs' retrieved from /opt/airflow/dags/dag_extract_catalogs.py
[2026-07-16T18:42:40.238+0000] {logging_mixin.py:190} INFO - [2026-07-16T18:42:40.238+0000] {dag.py:3239} INFO - Sync 1 DAGs
[2026-07-16T18:42:40.245+0000] {logging_mixin.py:190} INFO - [2026-07-16T18:42:40.245+0000] {dag.py:4180} INFO - Setting next_dagrun for dag_extract_catalogs to 2026-07-16 01:00:00+00:00, run_after=2026-07-17 01:00:00+00:00
[2026-07-16T18:42:40.250+0000] {processor.py:208} INFO - Processing /opt/airflow/dags/dag_extract_catalogs.py took 0.030 seconds
[2026-07-16T18:43:10.650+0000] {processor.py:186} INFO - Started process (PID=60980) to work on /opt/airflow/dags/dag_extract_catalogs.py
[2026-07-16T18:43:10.650+0000] {processor.py:914} INFO - Processing file /opt/airflow/dags/dag_extract_catalogs.py for tasks to queue
[2026-07-16T18:43:10.651+0000] {logging_mixin.py:190} INFO - [2026-07-16T18:43:10.651+0000] {dagbag.py:588} INFO - Filling up the DagBag from /opt/airflow/dags/dag_extract_catalogs.py
[2026-07-16T18:43:10.656+0000] {processor.py:925} INFO - DAG(s) 'dag_extract_catalogs' retrieved from /opt/airflow/dags/dag_extract_catalogs.py
[2026-07-16T18:43:10.668+0000] {logging_mixin.py:190} INFO - [2026-07-16T18:43:10.668+0000] {dag.py:3239} INFO - Sync 1 DAGs
[2026-07-16T18:43:10.681+0000] {logging_mixin.py:190} INFO - [2026-07-16T18:43:10.681+0000] {dag.py:4180} INFO - Setting next_dagrun for dag_extract_catalogs to 2026-07-16 01:00:00+00:00, run_after=2026-07-17 01:00:00+00:00
[2026-07-16T18:43:10.686+0000] {processor.py:208} INFO - Processing /opt/airflow/dags/dag_extract_catalogs.py took 0.039 seconds
[2026-07-16T18:43:41.073+0000] {processor.py:186} INFO - Started process (PID=61000) to work on /opt/airflow/dags/dag_extract_catalogs.py
[2026-07-16T18:43:41.073+0000] {processor.py:914} INFO - Processing file /opt/airflow/dags/dag_extract_catalogs.py for tasks to queue
[2026-07-16T18:43:41.074+0000] {logging_mixin.py:190} INFO - [2026-07-16T18:43:41.074+0000] {dagbag.py:588} INFO - Filling up the DagBag from /opt/airflow/dags/dag_extract_catalogs.py
[2026-07-16T18:43:41.080+0000] {processor.py:925} INFO - DAG(s) 'dag_extract_catalogs' retrieved from /opt/airflow/dags/dag_extract_catalogs.py
[2026-07-16T18:43:41.090+0000] {logging_mixin.py:190} INFO - [2026-07-16T18:43:41.090+0000] {dag.py:3239} INFO - Sync 1 DAGs
[2026-07-16T18:43:41.098+0000] {logging_mixin.py:190} INFO - [2026-07-16T18:43:41.098+0000] {dag.py:4180} INFO - Setting next_dagrun for dag_extract_catalogs to 2026-07-16 01:00:00+00:00, run_after=2026-07-17 01:00:00+00:00
[2026-07-16T18:43:41.103+0000] {processor.py:208} INFO - Processing /opt/airflow/dags/dag_extract_catalogs.py took 0.033 seconds
[2026-07-16T18:44:11.599+0000] {processor.py:186} INFO - Started process (PID=61020) to work on /opt/airflow/dags/dag_extract_catalogs.py
[2026-07-16T18:44:11.600+0000] {processor.py:914} INFO - Processing file /opt/airflow/dags/dag_extract_catalogs.py for tasks to queue
[2026-07-16T18:44:11.600+0000] {logging_mixin.py:190} INFO - [2026-07-16T18:44:11.600+0000] {dagbag.py:588} INFO - Filling up the DagBag from /opt/airflow/dags/dag_extract_catalogs.py
[2026-07-16T18:44:11.605+0000] {processor.py:925} INFO - DAG(s) 'dag_extract_catalogs' retrieved from /opt/airflow/dags/dag_extract_catalogs.py
[2026-07-16T18:44:11.618+0000] {logging_mixin.py:190} INFO - [2026-07-16T18:44:11.618+0000] {dag.py:3239} INFO - Sync 1 DAGs
[2026-07-16T18:44:11.626+0000] {logging_mixin.py:190} INFO - [2026-07-16T18:44:11.626+0000] {dag.py:4180} INFO - Setting next_dagrun for dag_extract_catalogs to 2026-07-16 01:00:00+00:00, run_after=2026-07-17 01:00:00+00:00
[2026-07-16T18:44:11.632+0000] {processor.py:208} INFO - Processing /opt/airflow/dags/dag_extract_catalogs.py took 0.035 seconds
[2026-07-16T18:44:42.006+0000] {processor.py:186} INFO - Started process (PID=61040) to work on /opt/airflow/dags/dag_extract_catalogs.py
[2026-07-16T18:44:42.007+0000] {processor.py:914} INFO - Processing file /opt/airflow/dags/dag_extract_catalogs.py for tasks to queue
[2026-07-16T18:44:42.008+0000] {logging_mixin.py:190} INFO - [2026-07-16T18:44:42.007+0000] {dagbag.py:588} INFO - Filling up the DagBag from /opt/airflow/dags/dag_extract_catalogs.py
[2026-07-16T18:44:42.013+0000] {processor.py:925} INFO - DAG(s) 'dag_extract_catalogs' retrieved from /opt/airflow/dags/dag_extract_catalogs.py
[2026-07-16T18:44:42.024+0000] {logging_mixin.py:190} INFO - [2026-07-16T18:44:42.024+0000] {dag.py:3239} INFO - Sync 1 DAGs
[2026-07-16T18:44:42.032+0000] {logging_mixin.py:190} INFO - [2026-07-16T18:44:42.032+0000] {dag.py:4180} INFO - Setting next_dagrun for dag_extract_catalogs to 2026-07-16 01:00:00+00:00, run_after=2026-07-17 01:00:00+00:00
[2026-07-16T18:44:42.038+0000] {processor.py:208} INFO - Processing /opt/airflow/dags/dag_extract_catalogs.py took 0.034 seconds
[2026-07-16T18:45:12.460+0000] {processor.py:186} INFO - Started process (PID=61060) to work on /opt/airflow/dags/dag_extract_catalogs.py
[2026-07-16T18:45:12.461+0000] {processor.py:914} INFO - Processing file /opt/airflow/dags/dag_extract_catalogs.py for tasks to queue
[2026-07-16T18:45:12.462+0000] {logging_mixin.py:190} INFO - [2026-07-16T18:45:12.462+0000] {dagbag.py:588} INFO - Filling up the DagBag from /opt/airflow/dags/dag_extract_catalogs.py
[2026-07-16T18:45:12.470+0000] {processor.py:925} INFO - DAG(s) 'dag_extract_catalogs' retrieved from /opt/airflow/dags/dag_extract_catalogs.py
[2026-07-16T18:45:12.485+0000] {logging_mixin.py:190} INFO - [2026-07-16T18:45:12.485+0000] {dag.py:3239} INFO - Sync 1 DAGs
[2026-07-16T18:45:12.496+0000] {logging_mixin.py:190} INFO - [2026-07-16T18:45:12.496+0000] {dag.py:4180} INFO - Setting next_dagrun for dag_extract_catalogs to 2026-07-16 01:00:00+00:00, run_after=2026-07-17 01:00:00+00:00
[2026-07-16T18:45:12.506+0000] {processor.py:208} INFO - Processing /opt/airflow/dags/dag_extract_catalogs.py took 0.050 seconds
[2026-07-16T18:45:42.964+0000] {processor.py:186} INFO - Started process (PID=61080) to work on /opt/airflow/dags/dag_extract_catalogs.py
[2026-07-16T18:45:42.965+0000] {processor.py:914} INFO - Processing file /opt/airflow/dags/dag_extract_catalogs.py for tasks to queue
[2026-07-16T18:45:42.966+0000] {logging_mixin.py:190} INFO - [2026-07-16T18:45:42.966+0000] {dagbag.py:588} INFO - Filling up the DagBag from /opt/airflow/dags/dag_extract_catalogs.py
[2026-07-16T18:45:42.971+0000] {processor.py:925} INFO - DAG(s) 'dag_extract_catalogs' retrieved from /opt/airflow/dags/dag_extract_catalogs.py
[2026-07-16T18:45:42.983+0000] {logging_mixin.py:190} INFO - [2026-07-16T18:45:42.983+0000] {dag.py:3239} INFO - Sync 1 DAGs
[2026-07-16T18:45:42.991+0000] {logging_mixin.py:190} INFO - [2026-07-16T18:45:42.991+0000] {dag.py:4180} INFO - Setting next_dagrun for dag_extract_catalogs to 2026-07-16 01:00:00+00:00, run_after=2026-07-17 01:00:00+00:00
[2026-07-16T18:45:42.996+0000] {processor.py:208} INFO - Processing /opt/airflow/dags/dag_extract_catalogs.py took 0.037 seconds
[2026-07-16T18:46:13.469+0000] {processor.py:186} INFO - Started process (PID=61100) to work on /opt/airflow/dags/dag_extract_catalogs.py
[2026-07-16T18:46:13.469+0000] {processor.py:914} INFO - Processing file /opt/airflow/dags/dag_extract_catalogs.py for tasks to queue
[2026-07-16T18:46:13.470+0000] {logging_mixin.py:190} INFO - [2026-07-16T18:46:13.470+0000] {dagbag.py:588} INFO - Filling up the DagBag from /opt/airflow/dags/dag_extract_catalogs.py
[2026-07-16T18:46:13.475+0000] {processor.py:925} INFO - DAG(s) 'dag_extract_catalogs' retrieved from /opt/airflow/dags/dag_extract_catalogs.py
[2026-07-16T18:46:13.486+0000] {logging_mixin.py:190} INFO - [2026-07-16T18:46:13.486+0000] {dag.py:3239} INFO - Sync 1 DAGs
[2026-07-16T18:46:13.494+0000] {logging_mixin.py:190} INFO - [2026-07-16T18:46:13.494+0000] {dag.py:4180} INFO - Setting next_dagrun for dag_extract_catalogs to 2026-07-16 01:00:00+00:00, run_after=2026-07-17 01:00:00+00:00
[2026-07-16T18:46:13.498+0000] {processor.py:208} INFO - Processing /opt/airflow/dags/dag_extract_catalogs.py took 0.032 seconds
[2026-07-16T18:46:43.924+0000] {processor.py:186} INFO - Started process (PID=61118) to work on /opt/airflow/dags/dag_extract_catalogs.py
[2026-07-16T18:46:43.924+0000] {processor.py:914} INFO - Processing file /opt/airflow/dags/dag_extract_catalogs.py for tasks to queue
[2026-07-16T18:46:43.926+0000] {logging_mixin.py:190} INFO - [2026-07-16T18:46:43.926+0000] {dagbag.py:588} INFO - Filling up the DagBag from /opt/airflow/dags/dag_extract_catalogs.py
[2026-07-16T18:46:43.933+0000] {processor.py:925} INFO - DAG(s) 'dag_extract_catalogs' retrieved from /opt/airflow/dags/dag_extract_catalogs.py
[2026-07-16T18:46:43.948+0000] {logging_mixin.py:190} INFO - [2026-07-16T18:46:43.948+0000] {dag.py:3239} INFO - Sync 1 DAGs
[2026-07-16T18:46:43.961+0000] {logging_mixin.py:190} INFO - [2026-07-16T18:46:43.961+0000] {dag.py:4180} INFO - Setting next_dagrun for dag_extract_catalogs to 2026-07-16 01:00:00+00:00, run_after=2026-07-17 01:00:00+00:00
[2026-07-16T18:46:43.967+0000] {processor.py:208} INFO - Processing /opt/airflow/dags/dag_extract_catalogs.py took 0.046 seconds
[2026-07-16T18:47:14.433+0000] {processor.py:186} INFO - Started process (PID=61140) to work on /opt/airflow/dags/dag_extract_catalogs.py
[2026-07-16T18:47:14.434+0000] {processor.py:914} INFO - Processing file /opt/airflow/dags/dag_extract_catalogs.py for tasks to queue
[2026-07-16T18:47:14.434+0000] {logging_mixin.py:190} INFO - [2026-07-16T18:47:14.434+0000] {dagbag.py:588} INFO - Filling up the DagBag from /opt/airflow/dags/dag_extract_catalogs.py
[2026-07-16T18:47:14.439+0000] {processor.py:925} INFO - DAG(s) 'dag_extract_catalogs' retrieved from /opt/airflow/dags/dag_extract_catalogs.py
[2026-07-16T18:47:14.449+0000] {logging_mixin.py:190} INFO - [2026-07-16T18:47:14.449+0000] {dag.py:3239} INFO - Sync 1 DAGs
[2026-07-16T18:47:14.456+0000] {logging_mixin.py:190} INFO - [2026-07-16T18:47:14.456+0000] {dag.py:4180} INFO - Setting next_dagrun for dag_extract_catalogs to 2026-07-16 01:00:00+00:00, run_after=2026-07-17 01:00:00+00:00
[2026-07-16T18:47:14.461+0000] {processor.py:208} INFO - Processing /opt/airflow/dags/dag_extract_catalogs.py took 0.030 seconds
[2026-07-16T18:47:44.882+0000] {processor.py:186} INFO - Started process (PID=61160) to work on /opt/airflow/dags/dag_extract_catalogs.py
[2026-07-16T18:47:44.883+0000] {processor.py:914} INFO - Processing file /opt/airflow/dags/dag_extract_catalogs.py for tasks to queue
[2026-07-16T18:47:44.884+0000] {logging_mixin.py:190} INFO - [2026-07-16T18:47:44.884+0000] {dagbag.py:588} INFO - Filling up the DagBag from /opt/airflow/dags/dag_extract_catalogs.py
[2026-07-16T18:47:44.889+0000] {processor.py:925} INFO - DAG(s) 'dag_extract_catalogs' retrieved from /opt/airflow/dags/dag_extract_catalogs.py
[2026-07-16T18:47:44.899+0000] {logging_mixin.py:190} INFO - [2026-07-16T18:47:44.899+0000] {dag.py:3239} INFO - Sync 1 DAGs
[2026-07-16T18:47:44.907+0000] {logging_mixin.py:190} INFO - [2026-07-16T18:47:44.907+0000] {dag.py:4180} INFO - Setting next_dagrun for dag_extract_catalogs to 2026-07-16 01:00:00+00:00, run_after=2026-07-17 01:00:00+00:00
[2026-07-16T18:47:44.911+0000] {processor.py:208} INFO - Processing /opt/airflow/dags/dag_extract_catalogs.py took 0.032 seconds
[2026-07-16T18:48:15.277+0000] {processor.py:186} INFO - Started process (PID=61180) to work on /opt/airflow/dags/dag_extract_catalogs.py
[2026-07-16T18:48:15.277+0000] {processor.py:914} INFO - Processing file /opt/airflow/dags/dag_extract_catalogs.py for tasks to queue
[2026-07-16T18:48:15.278+0000] {logging_mixin.py:190} INFO - [2026-07-16T18:48:15.278+0000] {dagbag.py:588} INFO - Filling up the DagBag from /opt/airflow/dags/dag_extract_catalogs.py
[2026-07-16T18:48:15.283+0000] {processor.py:925} INFO - DAG(s) 'dag_extract_catalogs' retrieved from /opt/airflow/dags/dag_extract_catalogs.py
[2026-07-16T18:48:15.293+0000] {logging_mixin.py:190} INFO - [2026-07-16T18:48:15.293+0000] {dag.py:3239} INFO - Sync 1 DAGs
[2026-07-16T18:48:15.465+0000] {logging_mixin.py:190} INFO - [2026-07-16T18:48:15.465+0000] {dag.py:4180} INFO - Setting next_dagrun for dag_extract_catalogs to 2026-07-16 01:00:00+00:00, run_after=2026-07-17 01:00:00+00:00
[2026-07-16T18:48:15.471+0000] {processor.py:208} INFO - Processing /opt/airflow/dags/dag_extract_catalogs.py took 0.196 seconds
[2026-07-16T18:48:45.790+0000] {processor.py:186} INFO - Started process (PID=61200) to work on /opt/airflow/dags/dag_extract_catalogs.py
[2026-07-16T18:48:45.790+0000] {processor.py:914} INFO - Processing file /opt/airflow/dags/dag_extract_catalogs.py for tasks to queue
[2026-07-16T18:48:45.791+0000] {logging_mixin.py:190} INFO - [2026-07-16T18:48:45.791+0000] {dagbag.py:588} INFO - Filling up the DagBag from /opt/airflow/dags/dag_extract_catalogs.py
[2026-07-16T18:48:45.796+0000] {processor.py:925} INFO - DAG(s) 'dag_extract_catalogs' retrieved from /opt/airflow/dags/dag_extract_catalogs.py
[2026-07-16T18:48:45.808+0000] {logging_mixin.py:190} INFO - [2026-07-16T18:48:45.808+0000] {dag.py:3239} INFO - Sync 1 DAGs
[2026-07-16T18:48:45.815+0000] {logging_mixin.py:190} INFO - [2026-07-16T18:48:45.815+0000] {dag.py:4180} INFO - Setting next_dagrun for dag_extract_catalogs to 2026-07-16 01:00:00+00:00, run_after=2026-07-17 01:00:00+00:00
[2026-07-16T18:48:45.820+0000] {processor.py:208} INFO - Processing /opt/airflow/dags/dag_extract_catalogs.py took 0.037 seconds
[2026-07-16T18:49:16.275+0000] {processor.py:186} INFO - Started process (PID=61218) to work on /opt/airflow/dags/dag_extract_catalogs.py
[2026-07-16T18:49:16.277+0000] {processor.py:914} INFO - Processing file /opt/airflow/dags/dag_extract_catalogs.py for tasks to queue
[2026-07-16T18:49:16.278+0000] {logging_mixin.py:190} INFO - [2026-07-16T18:49:16.278+0000] {dagbag.py:588} INFO - Filling up the DagBag from /opt/airflow/dags/dag_extract_catalogs.py
[2026-07-16T18:49:16.285+0000] {processor.py:925} INFO - DAG(s) 'dag_extract_catalogs' retrieved from /opt/airflow/dags/dag_extract_catalogs.py
[2026-07-16T18:49:16.302+0000] {logging_mixin.py:190} INFO - [2026-07-16T18:49:16.301+0000] {dag.py:3239} INFO - Sync 1 DAGs
[2026-07-16T18:49:16.313+0000] {logging_mixin.py:190} INFO - [2026-07-16T18:49:16.313+0000] {dag.py:4180} INFO - Setting next_dagrun for dag_extract_catalogs to 2026-07-16 01:00:00+00:00, run_after=2026-07-17 01:00:00+00:00
[2026-07-16T18:49:16.320+0000] {processor.py:208} INFO - Processing /opt/airflow/dags/dag_extract_catalogs.py took 0.054 seconds
[2026-07-16T18:49:46.923+0000] {processor.py:186} INFO - Started process (PID=61240) to work on /opt/airflow/dags/dag_extract_catalogs.py
[2026-07-16T18:49:46.924+0000] {processor.py:914} INFO - Processing file /opt/airflow/dags/dag_extract_catalogs.py for tasks to queue
[2026-07-16T18:49:46.925+0000] {logging_mixin.py:190} INFO - [2026-07-16T18:49:46.925+0000] {dagbag.py:588} INFO - Filling up the DagBag from /opt/airflow/dags/dag_extract_catalogs.py
[2026-07-16T18:49:46.940+0000] {processor.py:925} INFO - DAG(s) 'dag_extract_catalogs' retrieved from /opt/airflow/dags/dag_extract_catalogs.py
[2026-07-16T18:49:46.959+0000] {logging_mixin.py:190} INFO - [2026-07-16T18:49:46.959+0000] {dag.py:3239} INFO - Sync 1 DAGs
[2026-07-16T18:49:47.066+0000] {logging_mixin.py:190} INFO - [2026-07-16T18:49:47.066+0000] {dag.py:4180} INFO - Setting next_dagrun for dag_extract_catalogs to 2026-07-16 01:00:00+00:00, run_after=2026-07-17 01:00:00+00:00
[2026-07-16T18:49:47.072+0000] {processor.py:208} INFO - Processing /opt/airflow/dags/dag_extract_catalogs.py took 0.157 seconds
[2026-07-16T18:50:17.424+0000] {processor.py:186} INFO - Started process (PID=61258) to work on /opt/airflow/dags/dag_extract_catalogs.py
[2026-07-16T18:50:17.425+0000] {processor.py:914} INFO - Processing file /opt/airflow/dags/dag_extract_catalogs.py for tasks to queue
[2026-07-16T18:50:17.426+0000] {logging_mixin.py:190} INFO - [2026-07-16T18:50:17.426+0000] {dagbag.py:588} INFO - Filling up the DagBag from /opt/airflow/dags/dag_extract_catalogs.py
[2026-07-16T18:50:17.433+0000] {processor.py:925} INFO - DAG(s) 'dag_extract_catalogs' retrieved from /opt/airflow/dags/dag_extract_catalogs.py
[2026-07-16T18:50:17.448+0000] {logging_mixin.py:190} INFO - [2026-07-16T18:50:17.448+0000] {dag.py:3239} INFO - Sync 1 DAGs
[2026-07-16T18:50:17.459+0000] {logging_mixin.py:190} INFO - [2026-07-16T18:50:17.459+0000] {dag.py:4180} INFO - Setting next_dagrun for dag_extract_catalogs to 2026-07-16 01:00:00+00:00, run_after=2026-07-17 01:00:00+00:00
[2026-07-16T18:50:17.466+0000] {processor.py:208} INFO - Processing /opt/airflow/dags/dag_extract_catalogs.py took 0.046 seconds
[2026-07-16T18:50:48.036+0000] {processor.py:186} INFO - Started process (PID=61278) to work on /opt/airflow/dags/dag_extract_catalogs.py
[2026-07-16T18:50:48.037+0000] {processor.py:914} INFO - Processing file /opt/airflow/dags/dag_extract_catalogs.py for tasks to queue
[2026-07-16T18:50:48.038+0000] {logging_mixin.py:190} INFO - [2026-07-16T18:50:48.037+0000] {dagbag.py:588} INFO - Filling up the DagBag from /opt/airflow/dags/dag_extract_catalogs.py
[2026-07-16T18:50:48.044+0000] {processor.py:925} INFO - DAG(s) 'dag_extract_catalogs' retrieved from /opt/airflow/dags/dag_extract_catalogs.py
[2026-07-16T18:50:48.124+0000] {logging_mixin.py:190} INFO - [2026-07-16T18:50:48.124+0000] {dag.py:3239} INFO - Sync 1 DAGs
[2026-07-16T18:50:48.131+0000] {logging_mixin.py:190} INFO - [2026-07-16T18:50:48.131+0000] {dag.py:4180} INFO - Setting next_dagrun for dag_extract_catalogs to 2026-07-16 01:00:00+00:00, run_after=2026-07-17 01:00:00+00:00
[2026-07-16T18:50:48.136+0000] {processor.py:208} INFO - Processing /opt/airflow/dags/dag_extract_catalogs.py took 0.103 seconds
[2026-07-16T18:51:18.578+0000] {processor.py:186} INFO - Started process (PID=61300) to work on /opt/airflow/dags/dag_extract_catalogs.py
[2026-07-16T18:51:18.578+0000] {processor.py:914} INFO - Processing file /opt/airflow/dags/dag_extract_catalogs.py for tasks to queue
[2026-07-16T18:51:18.580+0000] {logging_mixin.py:190} INFO - [2026-07-16T18:51:18.579+0000] {dagbag.py:588} INFO - Filling up the DagBag from /opt/airflow/dags/dag_extract_catalogs.py
[2026-07-16T18:51:18.585+0000] {processor.py:925} INFO - DAG(s) 'dag_extract_catalogs' retrieved from /opt/airflow/dags/dag_extract_catalogs.py
[2026-07-16T18:51:18.597+0000] {logging_mixin.py:190} INFO - [2026-07-16T18:51:18.596+0000] {dag.py:3239} INFO - Sync 1 DAGs
[2026-07-16T18:51:18.684+0000] {logging_mixin.py:190} INFO - [2026-07-16T18:51:18.684+0000] {dag.py:4180} INFO - Setting next_dagrun for dag_extract_catalogs to 2026-07-16 01:00:00+00:00, run_after=2026-07-17 01:00:00+00:00
[2026-07-16T18:51:18.689+0000] {processor.py:208} INFO - Processing /opt/airflow/dags/dag_extract_catalogs.py took 0.114 seconds
[2026-07-16T18:51:49.175+0000] {processor.py:186} INFO - Started process (PID=61320) to work on /opt/airflow/dags/dag_extract_catalogs.py
[2026-07-16T18:51:49.175+0000] {processor.py:914} INFO - Processing file /opt/airflow/dags/dag_extract_catalogs.py for tasks to queue
[2026-07-16T18:51:49.176+0000] {logging_mixin.py:190} INFO - [2026-07-16T18:51:49.176+0000] {dagbag.py:588} INFO - Filling up the DagBag from /opt/airflow/dags/dag_extract_catalogs.py
[2026-07-16T18:51:49.183+0000] {processor.py:925} INFO - DAG(s) 'dag_extract_catalogs' retrieved from /opt/airflow/dags/dag_extract_catalogs.py
[2026-07-16T18:51:49.193+0000] {logging_mixin.py:190} INFO - [2026-07-16T18:51:49.193+0000] {dag.py:3239} INFO - Sync 1 DAGs
[2026-07-16T18:51:49.200+0000] {logging_mixin.py:190} INFO - [2026-07-16T18:51:49.200+0000] {dag.py:4180} INFO - Setting next_dagrun for dag_extract_catalogs to 2026-07-16 01:00:00+00:00, run_after=2026-07-17 01:00:00+00:00
[2026-07-16T18:51:49.205+0000] {processor.py:208} INFO - Processing /opt/airflow/dags/dag_extract_catalogs.py took 0.033 seconds
[2026-07-16T18:52:19.736+0000] {processor.py:186} INFO - Started process (PID=61338) to work on /opt/airflow/dags/dag_extract_catalogs.py
[2026-07-16T18:52:19.737+0000] {processor.py:914} INFO - Processing file /opt/airflow/dags/dag_extract_catalogs.py for tasks to queue
[2026-07-16T18:52:19.738+0000] {logging_mixin.py:190} INFO - [2026-07-16T18:52:19.738+0000] {dagbag.py:588} INFO - Filling up the DagBag from /opt/airflow/dags/dag_extract_catalogs.py
[2026-07-16T18:52:19.743+0000] {processor.py:925} INFO - DAG(s) 'dag_extract_catalogs' retrieved from /opt/airflow/dags/dag_extract_catalogs.py
[2026-07-16T18:52:19.826+0000] {logging_mixin.py:190} INFO - [2026-07-16T18:52:19.826+0000] {dag.py:3239} INFO - Sync 1 DAGs
[2026-07-16T18:52:19.833+0000] {logging_mixin.py:190} INFO - [2026-07-16T18:52:19.832+0000] {dag.py:4180} INFO - Setting next_dagrun for dag_extract_catalogs to 2026-07-16 01:00:00+00:00, run_after=2026-07-17 01:00:00+00:00
[2026-07-16T18:52:19.837+0000] {processor.py:208} INFO - Processing /opt/airflow/dags/dag_extract_catalogs.py took 0.104 seconds
[2026-07-16T18:52:50.354+0000] {processor.py:186} INFO - Started process (PID=61360) to work on /opt/airflow/dags/dag_extract_catalogs.py
[2026-07-16T18:52:50.354+0000] {processor.py:914} INFO - Processing file /opt/airflow/dags/dag_extract_catalogs.py for tasks to queue
[2026-07-16T18:52:50.355+0000] {logging_mixin.py:190} INFO - [2026-07-16T18:52:50.355+0000] {dagbag.py:588} INFO - Filling up the DagBag from /opt/airflow/dags/dag_extract_catalogs.py
[2026-07-16T18:52:50.360+0000] {processor.py:925} INFO - DAG(s) 'dag_extract_catalogs' retrieved from /opt/airflow/dags/dag_extract_catalogs.py
[2026-07-16T18:52:50.370+0000] {logging_mixin.py:190} INFO - [2026-07-16T18:52:50.370+0000] {dag.py:3239} INFO - Sync 1 DAGs
[2026-07-16T18:52:50.377+0000] {logging_mixin.py:190} INFO - [2026-07-16T18:52:50.377+0000] {dag.py:4180} INFO - Setting next_dagrun for dag_extract_catalogs to 2026-07-16 01:00:00+00:00, run_after=2026-07-17 01:00:00+00:00
[2026-07-16T18:52:50.382+0000] {processor.py:208} INFO - Processing /opt/airflow/dags/dag_extract_catalogs.py took 0.031 seconds
[2026-07-16T18:53:20.838+0000] {processor.py:186} INFO - Started process (PID=61380) to work on /opt/airflow/dags/dag_extract_catalogs.py
[2026-07-16T18:53:20.839+0000] {processor.py:914} INFO - Processing file /opt/airflow/dags/dag_extract_catalogs.py for tasks to queue
[2026-07-16T18:53:20.840+0000] {logging_mixin.py:190} INFO - [2026-07-16T18:53:20.839+0000] {dagbag.py:588} INFO - Filling up the DagBag from /opt/airflow/dags/dag_extract_catalogs.py
[2026-07-16T18:53:20.845+0000] {processor.py:925} INFO - DAG(s) 'dag_extract_catalogs' retrieved from /opt/airflow/dags/dag_extract_catalogs.py
[2026-07-16T18:53:20.858+0000] {logging_mixin.py:190} INFO - [2026-07-16T18:53:20.858+0000] {dag.py:3239} INFO - Sync 1 DAGs
[2026-07-16T18:53:20.867+0000] {logging_mixin.py:190} INFO - [2026-07-16T18:53:20.867+0000] {dag.py:4180} INFO - Setting next_dagrun for dag_extract_catalogs to 2026-07-16 01:00:00+00:00, run_after=2026-07-17 01:00:00+00:00
[2026-07-16T18:53:20.872+0000] {processor.py:208} INFO - Processing /opt/airflow/dags/dag_extract_catalogs.py took 0.037 seconds
[2026-07-16T18:53:51.301+0000] {processor.py:186} INFO - Started process (PID=61400) to work on /opt/airflow/dags/dag_extract_catalogs.py
[2026-07-16T18:53:51.302+0000] {processor.py:914} INFO - Processing file /opt/airflow/dags/dag_extract_catalogs.py for tasks to queue
[2026-07-16T18:53:51.303+0000] {logging_mixin.py:190} INFO - [2026-07-16T18:53:51.303+0000] {dagbag.py:588} INFO - Filling up the DagBag from /opt/airflow/dags/dag_extract_catalogs.py
[2026-07-16T18:53:51.309+0000] {processor.py:925} INFO - DAG(s) 'dag_extract_catalogs' retrieved from /opt/airflow/dags/dag_extract_catalogs.py
[2026-07-16T18:53:51.321+0000] {logging_mixin.py:190} INFO - [2026-07-16T18:53:51.321+0000] {dag.py:3239} INFO - Sync 1 DAGs
[2026-07-16T18:53:51.330+0000] {logging_mixin.py:190} INFO - [2026-07-16T18:53:51.330+0000] {dag.py:4180} INFO - Setting next_dagrun for dag_extract_catalogs to 2026-07-16 01:00:00+00:00, run_after=2026-07-17 01:00:00+00:00
[2026-07-16T18:53:51.335+0000] {processor.py:208} INFO - Processing /opt/airflow/dags/dag_extract_catalogs.py took 0.037 seconds
[2026-07-16T18:54:21.752+0000] {processor.py:186} INFO - Started process (PID=61420) to work on /opt/airflow/dags/dag_extract_catalogs.py
[2026-07-16T18:54:21.753+0000] {processor.py:914} INFO - Processing file /opt/airflow/dags/dag_extract_catalogs.py for tasks to queue
[2026-07-16T18:54:21.753+0000] {logging_mixin.py:190} INFO - [2026-07-16T18:54:21.753+0000] {dagbag.py:588} INFO - Filling up the DagBag from /opt/airflow/dags/dag_extract_catalogs.py
[2026-07-16T18:54:21.759+0000] {processor.py:925} INFO - DAG(s) 'dag_extract_catalogs' retrieved from /opt/airflow/dags/dag_extract_catalogs.py
[2026-07-16T18:54:21.771+0000] {logging_mixin.py:190} INFO - [2026-07-16T18:54:21.771+0000] {dag.py:3239} INFO - Sync 1 DAGs
[2026-07-16T18:54:21.780+0000] {logging_mixin.py:190} INFO - [2026-07-16T18:54:21.780+0000] {dag.py:4180} INFO - Setting next_dagrun for dag_extract_catalogs to 2026-07-16 01:00:00+00:00, run_after=2026-07-17 01:00:00+00:00
[2026-07-16T18:54:21.786+0000] {processor.py:208} INFO - Processing /opt/airflow/dags/dag_extract_catalogs.py took 0.036 seconds
[2026-07-16T18:54:52.209+0000] {processor.py:186} INFO - Started process (PID=61440) to work on /opt/airflow/dags/dag_extract_catalogs.py
[2026-07-16T18:54:52.209+0000] {processor.py:914} INFO - Processing file /opt/airflow/dags/dag_extract_catalogs.py for tasks to queue
[2026-07-16T18:54:52.210+0000] {logging_mixin.py:190} INFO - [2026-07-16T18:54:52.210+0000] {dagbag.py:588} INFO - Filling up the DagBag from /opt/airflow/dags/dag_extract_catalogs.py
[2026-07-16T18:54:52.215+0000] {processor.py:925} INFO - DAG(s) 'dag_extract_catalogs' retrieved from /opt/airflow/dags/dag_extract_catalogs.py
[2026-07-16T18:54:52.225+0000] {logging_mixin.py:190} INFO - [2026-07-16T18:54:52.225+0000] {dag.py:3239} INFO - Sync 1 DAGs
[2026-07-16T18:54:52.232+0000] {logging_mixin.py:190} INFO - [2026-07-16T18:54:52.232+0000] {dag.py:4180} INFO - Setting next_dagrun for dag_extract_catalogs to 2026-07-16 01:00:00+00:00, run_after=2026-07-17 01:00:00+00:00
[2026-07-16T18:54:52.237+0000] {processor.py:208} INFO - Processing /opt/airflow/dags/dag_extract_catalogs.py took 0.030 seconds
[2026-07-16T18:55:22.650+0000] {processor.py:186} INFO - Started process (PID=61460) to work on /opt/airflow/dags/dag_extract_catalogs.py
[2026-07-16T18:55:22.650+0000] {processor.py:914} INFO - Processing file /opt/airflow/dags/dag_extract_catalogs.py for tasks to queue
[2026-07-16T18:55:22.651+0000] {logging_mixin.py:190} INFO - [2026-07-16T18:55:22.651+0000] {dagbag.py:588} INFO - Filling up the DagBag from /opt/airflow/dags/dag_extract_catalogs.py
[2026-07-16T18:55:22.656+0000] {processor.py:925} INFO - DAG(s) 'dag_extract_catalogs' retrieved from /opt/airflow/dags/dag_extract_catalogs.py
[2026-07-16T18:55:22.666+0000] {logging_mixin.py:190} INFO - [2026-07-16T18:55:22.666+0000] {dag.py:3239} INFO - Sync 1 DAGs
[2026-07-16T18:55:22.673+0000] {logging_mixin.py:190} INFO - [2026-07-16T18:55:22.673+0000] {dag.py:4180} INFO - Setting next_dagrun for dag_extract_catalogs to 2026-07-16 01:00:00+00:00, run_after=2026-07-17 01:00:00+00:00
[2026-07-16T18:55:22.677+0000] {processor.py:208} INFO - Processing /opt/airflow/dags/dag_extract_catalogs.py took 0.030 seconds
[2026-07-16T18:55:53.057+0000] {processor.py:186} INFO - Started process (PID=61478) to work on /opt/airflow/dags/dag_extract_catalogs.py
[2026-07-16T18:55:53.058+0000] {processor.py:914} INFO - Processing file /opt/airflow/dags/dag_extract_catalogs.py for tasks to queue
[2026-07-16T18:55:53.059+0000] {logging_mixin.py:190} INFO - [2026-07-16T18:55:53.059+0000] {dagbag.py:588} INFO - Filling up the DagBag from /opt/airflow/dags/dag_extract_catalogs.py
[2026-07-16T18:55:53.067+0000] {processor.py:925} INFO - DAG(s) 'dag_extract_catalogs' retrieved from /opt/airflow/dags/dag_extract_catalogs.py
[2026-07-16T18:55:53.080+0000] {logging_mixin.py:190} INFO - [2026-07-16T18:55:53.079+0000] {dag.py:3239} INFO - Sync 1 DAGs
[2026-07-16T18:55:53.092+0000] {logging_mixin.py:190} INFO - [2026-07-16T18:55:53.092+0000] {dag.py:4180} INFO - Setting next_dagrun for dag_extract_catalogs to 2026-07-16 01:00:00+00:00, run_after=2026-07-17 01:00:00+00:00
[2026-07-16T18:55:53.098+0000] {processor.py:208} INFO - Processing /opt/airflow/dags/dag_extract_catalogs.py took 0.043 seconds
[2026-07-16T18:56:23.591+0000] {processor.py:186} INFO - Started process (PID=61500) to work on /opt/airflow/dags/dag_extract_catalogs.py
[2026-07-16T18:56:23.592+0000] {processor.py:914} INFO - Processing file /opt/airflow/dags/dag_extract_catalogs.py for tasks to queue
[2026-07-16T18:56:23.592+0000] {logging_mixin.py:190} INFO - [2026-07-16T18:56:23.592+0000] {dagbag.py:588} INFO - Filling up the DagBag from /opt/airflow/dags/dag_extract_catalogs.py
[2026-07-16T18:56:23.597+0000] {processor.py:925} INFO - DAG(s) 'dag_extract_catalogs' retrieved from /opt/airflow/dags/dag_extract_catalogs.py
[2026-07-16T18:56:23.607+0000] {logging_mixin.py:190} INFO - [2026-07-16T18:56:23.607+0000] {dag.py:3239} INFO - Sync 1 DAGs
[2026-07-16T18:56:23.614+0000] {logging_mixin.py:190} INFO - [2026-07-16T18:56:23.614+0000] {dag.py:4180} INFO - Setting next_dagrun for dag_extract_catalogs to 2026-07-16 01:00:00+00:00, run_after=2026-07-17 01:00:00+00:00
[2026-07-16T18:56:23.619+0000] {processor.py:208} INFO - Processing /opt/airflow/dags/dag_extract_catalogs.py took 0.029 seconds
[2026-07-16T18:56:54.034+0000] {processor.py:186} INFO - Started process (PID=61520) to work on /opt/airflow/dags/dag_extract_catalogs.py
[2026-07-16T18:56:54.035+0000] {processor.py:914} INFO - Processing file /opt/airflow/dags/dag_extract_catalogs.py for tasks to queue
[2026-07-16T18:56:54.035+0000] {logging_mixin.py:190} INFO - [2026-07-16T18:56:54.035+0000] {dagbag.py:588} INFO - Filling up the DagBag from /opt/airflow/dags/dag_extract_catalogs.py
[2026-07-16T18:56:54.040+0000] {processor.py:925} INFO - DAG(s) 'dag_extract_catalogs' retrieved from /opt/airflow/dags/dag_extract_catalogs.py
[2026-07-16T18:56:54.050+0000] {logging_mixin.py:190} INFO - [2026-07-16T18:56:54.050+0000] {dag.py:3239} INFO - Sync 1 DAGs
[2026-07-16T18:56:54.058+0000] {logging_mixin.py:190} INFO - [2026-07-16T18:56:54.058+0000] {dag.py:4180} INFO - Setting next_dagrun for dag_extract_catalogs to 2026-07-16 01:00:00+00:00, run_after=2026-07-17 01:00:00+00:00
[2026-07-16T18:56:54.062+0000] {processor.py:208} INFO - Processing /opt/airflow/dags/dag_extract_catalogs.py took 0.031 seconds
[2026-07-16T18:57:24.522+0000] {processor.py:186} INFO - Started process (PID=61540) to work on /opt/airflow/dags/dag_extract_catalogs.py
[2026-07-16T18:57:24.522+0000] {processor.py:914} INFO - Processing file /opt/airflow/dags/dag_extract_catalogs.py for tasks to queue
[2026-07-16T18:57:24.523+0000] {logging_mixin.py:190} INFO - [2026-07-16T18:57:24.523+0000] {dagbag.py:588} INFO - Filling up the DagBag from /opt/airflow/dags/dag_extract_catalogs.py
[2026-07-16T18:57:24.528+0000] {processor.py:925} INFO - DAG(s) 'dag_extract_catalogs' retrieved from /opt/airflow/dags/dag_extract_catalogs.py
[2026-07-16T18:57:24.539+0000] {logging_mixin.py:190} INFO - [2026-07-16T18:57:24.539+0000] {dag.py:3239} INFO - Sync 1 DAGs
[2026-07-16T18:57:24.547+0000] {logging_mixin.py:190} INFO - [2026-07-16T18:57:24.547+0000] {dag.py:4180} INFO - Setting next_dagrun for dag_extract_catalogs to 2026-07-16 01:00:00+00:00, run_after=2026-07-17 01:00:00+00:00
[2026-07-16T18:57:24.552+0000] {processor.py:208} INFO - Processing /opt/airflow/dags/dag_extract_catalogs.py took 0.033 seconds
[2026-07-16T18:57:54.933+0000] {processor.py:186} INFO - Started process (PID=61558) to work on /opt/airflow/dags/dag_extract_catalogs.py
[2026-07-16T18:57:54.934+0000] {processor.py:914} INFO - Processing file /opt/airflow/dags/dag_extract_catalogs.py for tasks to queue
[2026-07-16T18:57:54.935+0000] {logging_mixin.py:190} INFO - [2026-07-16T18:57:54.935+0000] {dagbag.py:588} INFO - Filling up the DagBag from /opt/airflow/dags/dag_extract_catalogs.py
[2026-07-16T18:57:54.944+0000] {processor.py:925} INFO - DAG(s) 'dag_extract_catalogs' retrieved from /opt/airflow/dags/dag_extract_catalogs.py
[2026-07-16T18:57:54.958+0000] {logging_mixin.py:190} INFO - [2026-07-16T18:57:54.958+0000] {dag.py:3239} INFO - Sync 1 DAGs
[2026-07-16T18:57:54.967+0000] {logging_mixin.py:190} INFO - [2026-07-16T18:57:54.967+0000] {dag.py:4180} INFO - Setting next_dagrun for dag_extract_catalogs to 2026-07-16 01:00:00+00:00, run_after=2026-07-17 01:00:00+00:00
[2026-07-16T18:57:54.971+0000] {processor.py:208} INFO - Processing /opt/airflow/dags/dag_extract_catalogs.py took 0.041 seconds
[2026-07-16T18:58:25.422+0000] {processor.py:186} INFO - Started process (PID=61580) to work on /opt/airflow/dags/dag_extract_catalogs.py
[2026-07-16T18:58:25.422+0000] {processor.py:914} INFO - Processing file /opt/airflow/dags/dag_extract_catalogs.py for tasks to queue
[2026-07-16T18:58:25.423+0000] {logging_mixin.py:190} INFO - [2026-07-16T18:58:25.423+0000] {dagbag.py:588} INFO - Filling up the DagBag from /opt/airflow/dags/dag_extract_catalogs.py
[2026-07-16T18:58:25.428+0000] {processor.py:925} INFO - DAG(s) 'dag_extract_catalogs' retrieved from /opt/airflow/dags/dag_extract_catalogs.py
[2026-07-16T18:58:25.438+0000] {logging_mixin.py:190} INFO - [2026-07-16T18:58:25.438+0000] {dag.py:3239} INFO - Sync 1 DAGs
[2026-07-16T18:58:25.445+0000] {logging_mixin.py:190} INFO - [2026-07-16T18:58:25.445+0000] {dag.py:4180} INFO - Setting next_dagrun for dag_extract_catalogs to 2026-07-16 01:00:00+00:00, run_after=2026-07-17 01:00:00+00:00
[2026-07-16T18:58:25.449+0000] {processor.py:208} INFO - Processing /opt/airflow/dags/dag_extract_catalogs.py took 0.030 seconds
[2026-07-16T18:58:55.849+0000] {processor.py:186} INFO - Started process (PID=61600) to work on /opt/airflow/dags/dag_extract_catalogs.py
[2026-07-16T18:58:55.849+0000] {processor.py:914} INFO - Processing file /opt/airflow/dags/dag_extract_catalogs.py for tasks to queue
[2026-07-16T18:58:55.850+0000] {logging_mixin.py:190} INFO - [2026-07-16T18:58:55.850+0000] {dagbag.py:588} INFO - Filling up the DagBag from /opt/airflow/dags/dag_extract_catalogs.py
[2026-07-16T18:58:55.855+0000] {processor.py:925} INFO - DAG(s) 'dag_extract_catalogs' retrieved from /opt/airflow/dags/dag_extract_catalogs.py
[2026-07-16T18:58:55.864+0000] {logging_mixin.py:190} INFO - [2026-07-16T18:58:55.864+0000] {dag.py:3239} INFO - Sync 1 DAGs
[2026-07-16T18:58:55.872+0000] {logging_mixin.py:190} INFO - [2026-07-16T18:58:55.872+0000] {dag.py:4180} INFO - Setting next_dagrun for dag_extract_catalogs to 2026-07-16 01:00:00+00:00, run_after=2026-07-17 01:00:00+00:00
[2026-07-16T18:58:55.876+0000] {processor.py:208} INFO - Processing /opt/airflow/dags/dag_extract_catalogs.py took 0.030 seconds
[2026-07-16T18:59:26.302+0000] {processor.py:186} INFO - Started process (PID=61620) to work on /opt/airflow/dags/dag_extract_catalogs.py
[2026-07-16T18:59:26.303+0000] {processor.py:914} INFO - Processing file /opt/airflow/dags/dag_extract_catalogs.py for tasks to queue
[2026-07-16T18:59:26.303+0000] {logging_mixin.py:190} INFO - [2026-07-16T18:59:26.303+0000] {dagbag.py:588} INFO - Filling up the DagBag from /opt/airflow/dags/dag_extract_catalogs.py
[2026-07-16T18:59:26.308+0000] {processor.py:925} INFO - DAG(s) 'dag_extract_catalogs' retrieved from /opt/airflow/dags/dag_extract_catalogs.py
[2026-07-16T18:59:26.318+0000] {logging_mixin.py:190} INFO - [2026-07-16T18:59:26.318+0000] {dag.py:3239} INFO - Sync 1 DAGs
[2026-07-16T18:59:26.325+0000] {logging_mixin.py:190} INFO - [2026-07-16T18:59:26.325+0000] {dag.py:4180} INFO - Setting next_dagrun for dag_extract_catalogs to 2026-07-16 01:00:00+00:00, run_after=2026-07-17 01:00:00+00:00
[2026-07-16T18:59:26.330+0000] {processor.py:208} INFO - Processing /opt/airflow/dags/dag_extract_catalogs.py took 0.030 seconds
[2026-07-16T18:59:56.750+0000] {processor.py:186} INFO - Started process (PID=61640) to work on /opt/airflow/dags/dag_extract_catalogs.py
[2026-07-16T18:59:56.750+0000] {processor.py:914} INFO - Processing file /opt/airflow/dags/dag_extract_catalogs.py for tasks to queue
[2026-07-16T18:59:56.751+0000] {logging_mixin.py:190} INFO - [2026-07-16T18:59:56.751+0000] {dagbag.py:588} INFO - Filling up the DagBag from /opt/airflow/dags/dag_extract_catalogs.py
[2026-07-16T18:59:56.756+0000] {processor.py:925} INFO - DAG(s) 'dag_extract_catalogs' retrieved from /opt/airflow/dags/dag_extract_catalogs.py
[2026-07-16T18:59:56.766+0000] {logging_mixin.py:190} INFO - [2026-07-16T18:59:56.766+0000] {dag.py:3239} INFO - Sync 1 DAGs
[2026-07-16T18:59:56.773+0000] {logging_mixin.py:190} INFO - [2026-07-16T18:59:56.773+0000] {dag.py:4180} INFO - Setting next_dagrun for dag_extract_catalogs to 2026-07-16 01:00:00+00:00, run_after=2026-07-17 01:00:00+00:00
[2026-07-16T18:59:56.778+0000] {processor.py:208} INFO - Processing /opt/airflow/dags/dag_extract_catalogs.py took 0.030 seconds
[2026-07-16T19:00:27.214+0000] {processor.py:186} INFO - Started process (PID=61660) to work on /opt/airflow/dags/dag_extract_catalogs.py
[2026-07-16T19:00:27.214+0000] {processor.py:914} INFO - Processing file /opt/airflow/dags/dag_extract_catalogs.py for tasks to queue
[2026-07-16T19:00:27.215+0000] {logging_mixin.py:190} INFO - [2026-07-16T19:00:27.215+0000] {dagbag.py:588} INFO - Filling up the DagBag from /opt/airflow/dags/dag_extract_catalogs.py
[2026-07-16T19:00:27.220+0000] {processor.py:925} INFO - DAG(s) 'dag_extract_catalogs' retrieved from /opt/airflow/dags/dag_extract_catalogs.py
[2026-07-16T19:00:27.230+0000] {logging_mixin.py:190} INFO - [2026-07-16T19:00:27.230+0000] {dag.py:3239} INFO - Sync 1 DAGs
[2026-07-16T19:00:27.238+0000] {logging_mixin.py:190} INFO - [2026-07-16T19:00:27.238+0000] {dag.py:4180} INFO - Setting next_dagrun for dag_extract_catalogs to 2026-07-16 01:00:00+00:00, run_after=2026-07-17 01:00:00+00:00
[2026-07-16T19:00:27.242+0000] {processor.py:208} INFO - Processing /opt/airflow/dags/dag_extract_catalogs.py took 0.031 seconds
[2026-07-16T19:00:57.681+0000] {processor.py:186} INFO - Started process (PID=61680) to work on /opt/airflow/dags/dag_extract_catalogs.py
[2026-07-16T19:00:57.682+0000] {processor.py:914} INFO - Processing file /opt/airflow/dags/dag_extract_catalogs.py for tasks to queue
[2026-07-16T19:00:57.683+0000] {logging_mixin.py:190} INFO - [2026-07-16T19:00:57.682+0000] {dagbag.py:588} INFO - Filling up the DagBag from /opt/airflow/dags/dag_extract_catalogs.py
[2026-07-16T19:00:57.687+0000] {processor.py:925} INFO - DAG(s) 'dag_extract_catalogs' retrieved from /opt/airflow/dags/dag_extract_catalogs.py
[2026-07-16T19:00:57.697+0000] {logging_mixin.py:190} INFO - [2026-07-16T19:00:57.697+0000] {dag.py:3239} INFO - Sync 1 DAGs
[2026-07-16T19:00:57.704+0000] {logging_mixin.py:190} INFO - [2026-07-16T19:00:57.704+0000] {dag.py:4180} INFO - Setting next_dagrun for dag_extract_catalogs to 2026-07-16 01:00:00+00:00, run_after=2026-07-17 01:00:00+00:00
[2026-07-16T19:00:57.709+0000] {processor.py:208} INFO - Processing /opt/airflow/dags/dag_extract_catalogs.py took 0.030 seconds
[2026-07-16T19:01:28.226+0000] {processor.py:186} INFO - Started process (PID=61700) to work on /opt/airflow/dags/dag_extract_catalogs.py
[2026-07-16T19:01:28.226+0000] {processor.py:914} INFO - Processing file /opt/airflow/dags/dag_extract_catalogs.py for tasks to queue
[2026-07-16T19:01:28.227+0000] {logging_mixin.py:190} INFO - [2026-07-16T19:01:28.227+0000] {dagbag.py:588} INFO - Filling up the DagBag from /opt/airflow/dags/dag_extract_catalogs.py
[2026-07-16T19:01:28.232+0000] {processor.py:925} INFO - DAG(s) 'dag_extract_catalogs' retrieved from /opt/airflow/dags/dag_extract_catalogs.py
[2026-07-16T19:01:28.242+0000] {logging_mixin.py:190} INFO - [2026-07-16T19:01:28.242+0000] {dag.py:3239} INFO - Sync 1 DAGs
[2026-07-16T19:01:28.249+0000] {logging_mixin.py:190} INFO - [2026-07-16T19:01:28.249+0000] {dag.py:4180} INFO - Setting next_dagrun for dag_extract_catalogs to 2026-07-16 01:00:00+00:00, run_after=2026-07-17 01:00:00+00:00
[2026-07-16T19:01:28.254+0000] {processor.py:208} INFO - Processing /opt/airflow/dags/dag_extract_catalogs.py took 0.030 seconds
[2026-07-16T19:01:58.712+0000] {processor.py:186} INFO - Started process (PID=61718) to work on /opt/airflow/dags/dag_extract_catalogs.py
[2026-07-16T19:01:58.713+0000] {processor.py:914} INFO - Processing file /opt/airflow/dags/dag_extract_catalogs.py for tasks to queue
[2026-07-16T19:01:58.714+0000] {logging_mixin.py:190} INFO - [2026-07-16T19:01:58.714+0000] {dagbag.py:588} INFO - Filling up the DagBag from /opt/airflow/dags/dag_extract_catalogs.py
[2026-07-16T19:01:58.722+0000] {processor.py:925} INFO - DAG(s) 'dag_extract_catalogs' retrieved from /opt/airflow/dags/dag_extract_catalogs.py
[2026-07-16T19:01:58.735+0000] {logging_mixin.py:190} INFO - [2026-07-16T19:01:58.735+0000] {dag.py:3239} INFO - Sync 1 DAGs
[2026-07-16T19:01:58.745+0000] {logging_mixin.py:190} INFO - [2026-07-16T19:01:58.745+0000] {dag.py:4180} INFO - Setting next_dagrun for dag_extract_catalogs to 2026-07-16 01:00:00+00:00, run_after=2026-07-17 01:00:00+00:00
[2026-07-16T19:01:58.750+0000] {processor.py:208} INFO - Processing /opt/airflow/dags/dag_extract_catalogs.py took 0.040 seconds
[2026-07-16T19:02:29.260+0000] {processor.py:186} INFO - Started process (PID=61740) to work on /opt/airflow/dags/dag_extract_catalogs.py
[2026-07-16T19:02:29.260+0000] {processor.py:914} INFO - Processing file /opt/airflow/dags/dag_extract_catalogs.py for tasks to queue
[2026-07-16T19:02:29.261+0000] {logging_mixin.py:190} INFO - [2026-07-16T19:02:29.261+0000] {dagbag.py:588} INFO - Filling up the DagBag from /opt/airflow/dags/dag_extract_catalogs.py
[2026-07-16T19:02:29.266+0000] {processor.py:925} INFO - DAG(s) 'dag_extract_catalogs' retrieved from /opt/airflow/dags/dag_extract_catalogs.py
[2026-07-16T19:02:29.276+0000] {logging_mixin.py:190} INFO - [2026-07-16T19:02:29.276+0000] {dag.py:3239} INFO - Sync 1 DAGs
[2026-07-16T19:02:29.283+0000] {logging_mixin.py:190} INFO - [2026-07-16T19:02:29.283+0000] {dag.py:4180} INFO - Setting next_dagrun for dag_extract_catalogs to 2026-07-16 01:00:00+00:00, run_after=2026-07-17 01:00:00+00:00
[2026-07-16T19:02:29.288+0000] {processor.py:208} INFO - Processing /opt/airflow/dags/dag_extract_catalogs.py took 0.031 seconds
[2026-07-16T19:02:59.699+0000] {processor.py:186} INFO - Started process (PID=61760) to work on /opt/airflow/dags/dag_extract_catalogs.py
[2026-07-16T19:02:59.699+0000] {processor.py:914} INFO - Processing file /opt/airflow/dags/dag_extract_catalogs.py for tasks to queue
[2026-07-16T19:02:59.700+0000] {logging_mixin.py:190} INFO - [2026-07-16T19:02:59.700+0000] {dagbag.py:588} INFO - Filling up the DagBag from /opt/airflow/dags/dag_extract_catalogs.py
[2026-07-16T19:02:59.705+0000] {processor.py:925} INFO - DAG(s) 'dag_extract_catalogs' retrieved from /opt/airflow/dags/dag_extract_catalogs.py
[2026-07-16T19:02:59.715+0000] {logging_mixin.py:190} INFO - [2026-07-16T19:02:59.715+0000] {dag.py:3239} INFO - Sync 1 DAGs
[2026-07-16T19:02:59.722+0000] {logging_mixin.py:190} INFO - [2026-07-16T19:02:59.722+0000] {dag.py:4180} INFO - Setting next_dagrun for dag_extract_catalogs to 2026-07-16 01:00:00+00:00, run_after=2026-07-17 01:00:00+00:00
[2026-07-16T19:02:59.727+0000] {processor.py:208} INFO - Processing /opt/airflow/dags/dag_extract_catalogs.py took 0.030 seconds
[2026-07-16T19:03:30.172+0000] {processor.py:186} INFO - Started process (PID=61778) to work on /opt/airflow/dags/dag_extract_catalogs.py
[2026-07-16T19:03:30.173+0000] {processor.py:914} INFO - Processing file /opt/airflow/dags/dag_extract_catalogs.py for tasks to queue
[2026-07-16T19:03:30.174+0000] {logging_mixin.py:190} INFO - [2026-07-16T19:03:30.174+0000] {dagbag.py:588} INFO - Filling up the DagBag from /opt/airflow/dags/dag_extract_catalogs.py
[2026-07-16T19:03:30.180+0000] {processor.py:925} INFO - DAG(s) 'dag_extract_catalogs' retrieved from /opt/airflow/dags/dag_extract_catalogs.py
[2026-07-16T19:03:30.193+0000] {logging_mixin.py:190} INFO - [2026-07-16T19:03:30.193+0000] {dag.py:3239} INFO - Sync 1 DAGs
[2026-07-16T19:03:30.202+0000] {logging_mixin.py:190} INFO - [2026-07-16T19:03:30.202+0000] {dag.py:4180} INFO - Setting next_dagrun for dag_extract_catalogs to 2026-07-16 01:00:00+00:00, run_after=2026-07-17 01:00:00+00:00
[2026-07-16T19:03:30.209+0000] {processor.py:208} INFO - Processing /opt/airflow/dags/dag_extract_catalogs.py took 0.039 seconds
[2026-07-16T19:04:00.700+0000] {processor.py:186} INFO - Started process (PID=61800) to work on /opt/airflow/dags/dag_extract_catalogs.py
[2026-07-16T19:04:00.700+0000] {processor.py:914} INFO - Processing file /opt/airflow/dags/dag_extract_catalogs.py for tasks to queue
[2026-07-16T19:04:00.701+0000] {logging_mixin.py:190} INFO - [2026-07-16T19:04:00.701+0000] {dagbag.py:588} INFO - Filling up the DagBag from /opt/airflow/dags/dag_extract_catalogs.py
[2026-07-16T19:04:00.706+0000] {processor.py:925} INFO - DAG(s) 'dag_extract_catalogs' retrieved from /opt/airflow/dags/dag_extract_catalogs.py
[2026-07-16T19:04:00.716+0000] {logging_mixin.py:190} INFO - [2026-07-16T19:04:00.716+0000] {dag.py:3239} INFO - Sync 1 DAGs
[2026-07-16T19:04:00.724+0000] {logging_mixin.py:190} INFO - [2026-07-16T19:04:00.723+0000] {dag.py:4180} INFO - Setting next_dagrun for dag_extract_catalogs to 2026-07-16 01:00:00+00:00, run_after=2026-07-17 01:00:00+00:00
[2026-07-16T19:04:00.728+0000] {processor.py:208} INFO - Processing /opt/airflow/dags/dag_extract_catalogs.py took 0.031 seconds
[2026-07-16T19:04:31.227+0000] {processor.py:186} INFO - Started process (PID=61820) to work on /opt/airflow/dags/dag_extract_catalogs.py
[2026-07-16T19:04:31.227+0000] {processor.py:914} INFO - Processing file /opt/airflow/dags/dag_extract_catalogs.py for tasks to queue
[2026-07-16T19:04:31.228+0000] {logging_mixin.py:190} INFO - [2026-07-16T19:04:31.228+0000] {dagbag.py:588} INFO - Filling up the DagBag from /opt/airflow/dags/dag_extract_catalogs.py
[2026-07-16T19:04:31.233+0000] {processor.py:925} INFO - DAG(s) 'dag_extract_catalogs' retrieved from /opt/airflow/dags/dag_extract_catalogs.py
[2026-07-16T19:04:31.245+0000] {logging_mixin.py:190} INFO - [2026-07-16T19:04:31.245+0000] {dag.py:3239} INFO - Sync 1 DAGs
[2026-07-16T19:04:31.253+0000] {logging_mixin.py:190} INFO - [2026-07-16T19:04:31.253+0000] {dag.py:4180} INFO - Setting next_dagrun for dag_extract_catalogs to 2026-07-16 01:00:00+00:00, run_after=2026-07-17 01:00:00+00:00
[2026-07-16T19:04:31.258+0000] {processor.py:208} INFO - Processing /opt/airflow/dags/dag_extract_catalogs.py took 0.035 seconds
[2026-07-16T19:05:01.689+0000] {processor.py:186} INFO - Started process (PID=61840) to work on /opt/airflow/dags/dag_extract_catalogs.py
[2026-07-16T19:05:01.689+0000] {processor.py:914} INFO - Processing file /opt/airflow/dags/dag_extract_catalogs.py for tasks to queue
[2026-07-16T19:05:01.690+0000] {logging_mixin.py:190} INFO - [2026-07-16T19:05:01.690+0000] {dagbag.py:588} INFO - Filling up the DagBag from /opt/airflow/dags/dag_extract_catalogs.py
[2026-07-16T19:05:01.695+0000] {processor.py:925} INFO - DAG(s) 'dag_extract_catalogs' retrieved from /opt/airflow/dags/dag_extract_catalogs.py
[2026-07-16T19:05:01.705+0000] {logging_mixin.py:190} INFO - [2026-07-16T19:05:01.705+0000] {dag.py:3239} INFO - Sync 1 DAGs
[2026-07-16T19:05:01.712+0000] {logging_mixin.py:190} INFO - [2026-07-16T19:05:01.712+0000] {dag.py:4180} INFO - Setting next_dagrun for dag_extract_catalogs to 2026-07-16 01:00:00+00:00, run_after=2026-07-17 01:00:00+00:00
[2026-07-16T19:05:01.717+0000] {processor.py:208} INFO - Processing /opt/airflow/dags/dag_extract_catalogs.py took 0.030 seconds
[2026-07-16T19:05:32.174+0000] {processor.py:186} INFO - Started process (PID=61860) to work on /opt/airflow/dags/dag_extract_catalogs.py
[2026-07-16T19:05:32.174+0000] {processor.py:914} INFO - Processing file /opt/airflow/dags/dag_extract_catalogs.py for tasks to queue
[2026-07-16T19:05:32.175+0000] {logging_mixin.py:190} INFO - [2026-07-16T19:05:32.175+0000] {dagbag.py:588} INFO - Filling up the DagBag from /opt/airflow/dags/dag_extract_catalogs.py
[2026-07-16T19:05:32.180+0000] {processor.py:925} INFO - DAG(s) 'dag_extract_catalogs' retrieved from /opt/airflow/dags/dag_extract_catalogs.py
[2026-07-16T19:05:32.190+0000] {logging_mixin.py:190} INFO - [2026-07-16T19:05:32.190+0000] {dag.py:3239} INFO - Sync 1 DAGs
[2026-07-16T19:05:32.198+0000] {logging_mixin.py:190} INFO - [2026-07-16T19:05:32.198+0000] {dag.py:4180} INFO - Setting next_dagrun for dag_extract_catalogs to 2026-07-16 01:00:00+00:00, run_after=2026-07-17 01:00:00+00:00
[2026-07-16T19:05:32.202+0000] {processor.py:208} INFO - Processing /opt/airflow/dags/dag_extract_catalogs.py took 0.031 seconds
[2026-07-16T19:06:02.645+0000] {processor.py:186} INFO - Started process (PID=61880) to work on /opt/airflow/dags/dag_extract_catalogs.py
[2026-07-16T19:06:02.646+0000] {processor.py:914} INFO - Processing file /opt/airflow/dags/dag_extract_catalogs.py for tasks to queue
[2026-07-16T19:06:02.647+0000] {logging_mixin.py:190} INFO - [2026-07-16T19:06:02.647+0000] {dagbag.py:588} INFO - Filling up the DagBag from /opt/airflow/dags/dag_extract_catalogs.py
[2026-07-16T19:06:02.651+0000] {processor.py:925} INFO - DAG(s) 'dag_extract_catalogs' retrieved from /opt/airflow/dags/dag_extract_catalogs.py
[2026-07-16T19:06:02.661+0000] {logging_mixin.py:190} INFO - [2026-07-16T19:06:02.661+0000] {dag.py:3239} INFO - Sync 1 DAGs
[2026-07-16T19:06:02.669+0000] {logging_mixin.py:190} INFO - [2026-07-16T19:06:02.669+0000] {dag.py:4180} INFO - Setting next_dagrun for dag_extract_catalogs to 2026-07-16 01:00:00+00:00, run_after=2026-07-17 01:00:00+00:00
[2026-07-16T19:06:02.673+0000] {processor.py:208} INFO - Processing /opt/airflow/dags/dag_extract_catalogs.py took 0.030 seconds
[2026-07-16T19:06:33.125+0000] {processor.py:186} INFO - Started process (PID=61898) to work on /opt/airflow/dags/dag_extract_catalogs.py
[2026-07-16T19:06:33.126+0000] {processor.py:914} INFO - Processing file /opt/airflow/dags/dag_extract_catalogs.py for tasks to queue
[2026-07-16T19:06:33.127+0000] {logging_mixin.py:190} INFO - [2026-07-16T19:06:33.127+0000] {dagbag.py:588} INFO - Filling up the DagBag from /opt/airflow/dags/dag_extract_catalogs.py
[2026-07-16T19:06:33.135+0000] {processor.py:925} INFO - DAG(s) 'dag_extract_catalogs' retrieved from /opt/airflow/dags/dag_extract_catalogs.py
[2026-07-16T19:06:33.149+0000] {logging_mixin.py:190} INFO - [2026-07-16T19:06:33.149+0000] {dag.py:3239} INFO - Sync 1 DAGs
[2026-07-16T19:06:33.159+0000] {logging_mixin.py:190} INFO - [2026-07-16T19:06:33.159+0000] {dag.py:4180} INFO - Setting next_dagrun for dag_extract_catalogs to 2026-07-16 01:00:00+00:00, run_after=2026-07-17 01:00:00+00:00
[2026-07-16T19:06:33.163+0000] {processor.py:208} INFO - Processing /opt/airflow/dags/dag_extract_catalogs.py took 0.040 seconds
[2026-07-16T19:07:03.683+0000] {processor.py:186} INFO - Started process (PID=61920) to work on /opt/airflow/dags/dag_extract_catalogs.py
[2026-07-16T19:07:03.684+0000] {processor.py:914} INFO - Processing file /opt/airflow/dags/dag_extract_catalogs.py for tasks to queue
[2026-07-16T19:07:03.685+0000] {logging_mixin.py:190} INFO - [2026-07-16T19:07:03.684+0000] {dagbag.py:588} INFO - Filling up the DagBag from /opt/airflow/dags/dag_extract_catalogs.py
[2026-07-16T19:07:03.689+0000] {processor.py:925} INFO - DAG(s) 'dag_extract_catalogs' retrieved from /opt/airflow/dags/dag_extract_catalogs.py
[2026-07-16T19:07:03.699+0000] {logging_mixin.py:190} INFO - [2026-07-16T19:07:03.699+0000] {dag.py:3239} INFO - Sync 1 DAGs
[2026-07-16T19:07:03.706+0000] {logging_mixin.py:190} INFO - [2026-07-16T19:07:03.706+0000] {dag.py:4180} INFO - Setting next_dagrun for dag_extract_catalogs to 2026-07-16 01:00:00+00:00, run_after=2026-07-17 01:00:00+00:00
[2026-07-16T19:07:03.711+0000] {processor.py:208} INFO - Processing /opt/airflow/dags/dag_extract_catalogs.py took 0.030 seconds
[2026-07-16T19:07:34.182+0000] {processor.py:186} INFO - Started process (PID=61940) to work on /opt/airflow/dags/dag_extract_catalogs.py
[2026-07-16T19:07:34.182+0000] {processor.py:914} INFO - Processing file /opt/airflow/dags/dag_extract_catalogs.py for tasks to queue
[2026-07-16T19:07:34.183+0000] {logging_mixin.py:190} INFO - [2026-07-16T19:07:34.183+0000] {dagbag.py:588} INFO - Filling up the DagBag from /opt/airflow/dags/dag_extract_catalogs.py
[2026-07-16T19:07:34.188+0000] {processor.py:925} INFO - DAG(s) 'dag_extract_catalogs' retrieved from /opt/airflow/dags/dag_extract_catalogs.py
[2026-07-16T19:07:34.197+0000] {logging_mixin.py:190} INFO - [2026-07-16T19:07:34.197+0000] {dag.py:3239} INFO - Sync 1 DAGs
[2026-07-16T19:07:34.204+0000] {logging_mixin.py:190} INFO - [2026-07-16T19:07:34.204+0000] {dag.py:4180} INFO - Setting next_dagrun for dag_extract_catalogs to 2026-07-16 01:00:00+00:00, run_after=2026-07-17 01:00:00+00:00
[2026-07-16T19:07:34.209+0000] {processor.py:208} INFO - Processing /opt/airflow/dags/dag_extract_catalogs.py took 0.030 seconds
[2026-07-16T19:08:04.624+0000] {processor.py:186} INFO - Started process (PID=61958) to work on /opt/airflow/dags/dag_extract_catalogs.py
[2026-07-16T19:08:04.624+0000] {processor.py:914} INFO - Processing file /opt/airflow/dags/dag_extract_catalogs.py for tasks to queue
[2026-07-16T19:08:04.625+0000] {logging_mixin.py:190} INFO - [2026-07-16T19:08:04.625+0000] {dagbag.py:588} INFO - Filling up the DagBag from /opt/airflow/dags/dag_extract_catalogs.py
[2026-07-16T19:08:04.632+0000] {processor.py:925} INFO - DAG(s) 'dag_extract_catalogs' retrieved from /opt/airflow/dags/dag_extract_catalogs.py
[2026-07-16T19:08:04.647+0000] {logging_mixin.py:190} INFO - [2026-07-16T19:08:04.647+0000] {dag.py:3239} INFO - Sync 1 DAGs
[2026-07-16T19:08:04.660+0000] {logging_mixin.py:190} INFO - [2026-07-16T19:08:04.660+0000] {dag.py:4180} INFO - Setting next_dagrun for dag_extract_catalogs to 2026-07-16 01:00:00+00:00, run_after=2026-07-17 01:00:00+00:00
[2026-07-16T19:08:04.665+0000] {processor.py:208} INFO - Processing /opt/airflow/dags/dag_extract_catalogs.py took 0.044 seconds
[2026-07-16T19:08:35.104+0000] {processor.py:186} INFO - Started process (PID=61978) to work on /opt/airflow/dags/dag_extract_catalogs.py
[2026-07-16T19:08:35.104+0000] {processor.py:914} INFO - Processing file /opt/airflow/dags/dag_extract_catalogs.py for tasks to queue
[2026-07-16T19:08:35.106+0000] {logging_mixin.py:190} INFO - [2026-07-16T19:08:35.106+0000] {dagbag.py:588} INFO - Filling up the DagBag from /opt/airflow/dags/dag_extract_catalogs.py
[2026-07-16T19:08:35.115+0000] {processor.py:925} INFO - DAG(s) 'dag_extract_catalogs' retrieved from /opt/airflow/dags/dag_extract_catalogs.py
[2026-07-16T19:08:35.128+0000] {logging_mixin.py:190} INFO - [2026-07-16T19:08:35.128+0000] {dag.py:3239} INFO - Sync 1 DAGs
[2026-07-16T19:08:35.137+0000] {logging_mixin.py:190} INFO - [2026-07-16T19:08:35.137+0000] {dag.py:4180} INFO - Setting next_dagrun for dag_extract_catalogs to 2026-07-16 01:00:00+00:00, run_after=2026-07-17 01:00:00+00:00
[2026-07-16T19:08:35.143+0000] {processor.py:208} INFO - Processing /opt/airflow/dags/dag_extract_catalogs.py took 0.042 seconds
[2026-07-16T19:09:05.645+0000] {processor.py:186} INFO - Started process (PID=62000) to work on /opt/airflow/dags/dag_extract_catalogs.py
[2026-07-16T19:09:05.646+0000] {processor.py:914} INFO - Processing file /opt/airflow/dags/dag_extract_catalogs.py for tasks to queue
[2026-07-16T19:09:05.647+0000] {logging_mixin.py:190} INFO - [2026-07-16T19:09:05.646+0000] {dagbag.py:588} INFO - Filling up the DagBag from /opt/airflow/dags/dag_extract_catalogs.py
[2026-07-16T19:09:05.651+0000] {processor.py:925} INFO - DAG(s) 'dag_extract_catalogs' retrieved from /opt/airflow/dags/dag_extract_catalogs.py
[2026-07-16T19:09:05.661+0000] {logging_mixin.py:190} INFO - [2026-07-16T19:09:05.661+0000] {dag.py:3239} INFO - Sync 1 DAGs
[2026-07-16T19:09:05.669+0000] {logging_mixin.py:190} INFO - [2026-07-16T19:09:05.669+0000] {dag.py:4180} INFO - Setting next_dagrun for dag_extract_catalogs to 2026-07-16 01:00:00+00:00, run_after=2026-07-17 01:00:00+00:00
[2026-07-16T19:09:05.673+0000] {processor.py:208} INFO - Processing /opt/airflow/dags/dag_extract_catalogs.py took 0.030 seconds
[2026-07-16T19:09:36.150+0000] {processor.py:186} INFO - Started process (PID=62020) to work on /opt/airflow/dags/dag_extract_catalogs.py
[2026-07-16T19:09:36.150+0000] {processor.py:914} INFO - Processing file /opt/airflow/dags/dag_extract_catalogs.py for tasks to queue
[2026-07-16T19:09:36.151+0000] {logging_mixin.py:190} INFO - [2026-07-16T19:09:36.151+0000] {dagbag.py:588} INFO - Filling up the DagBag from /opt/airflow/dags/dag_extract_catalogs.py
[2026-07-16T19:09:36.156+0000] {processor.py:925} INFO - DAG(s) 'dag_extract_catalogs' retrieved from /opt/airflow/dags/dag_extract_catalogs.py
[2026-07-16T19:09:36.166+0000] {logging_mixin.py:190} INFO - [2026-07-16T19:09:36.166+0000] {dag.py:3239} INFO - Sync 1 DAGs
[2026-07-16T19:09:36.174+0000] {logging_mixin.py:190} INFO - [2026-07-16T19:09:36.174+0000] {dag.py:4180} INFO - Setting next_dagrun for dag_extract_catalogs to 2026-07-16 01:00:00+00:00, run_after=2026-07-17 01:00:00+00:00
[2026-07-16T19:09:36.178+0000] {processor.py:208} INFO - Processing /opt/airflow/dags/dag_extract_catalogs.py took 0.031 seconds
[2026-07-16T19:10:06.628+0000] {processor.py:186} INFO - Started process (PID=62040) to work on /opt/airflow/dags/dag_extract_catalogs.py
[2026-07-16T19:10:06.629+0000] {processor.py:914} INFO - Processing file /opt/airflow/dags/dag_extract_catalogs.py for tasks to queue
[2026-07-16T19:10:06.630+0000] {logging_mixin.py:190} INFO - [2026-07-16T19:10:06.630+0000] {dagbag.py:588} INFO - Filling up the DagBag from /opt/airflow/dags/dag_extract_catalogs.py
[2026-07-16T19:10:06.635+0000] {processor.py:925} INFO - DAG(s) 'dag_extract_catalogs' retrieved from /opt/airflow/dags/dag_extract_catalogs.py
[2026-07-16T19:10:06.645+0000] {logging_mixin.py:190} INFO - [2026-07-16T19:10:06.645+0000] {dag.py:3239} INFO - Sync 1 DAGs
[2026-07-16T19:10:06.652+0000] {logging_mixin.py:190} INFO - [2026-07-16T19:10:06.652+0000] {dag.py:4180} INFO - Setting next_dagrun for dag_extract_catalogs to 2026-07-16 01:00:00+00:00, run_after=2026-07-17 01:00:00+00:00
[2026-07-16T19:10:06.657+0000] {processor.py:208} INFO - Processing /opt/airflow/dags/dag_extract_catalogs.py took 0.031 seconds
[2026-07-16T19:10:37.173+0000] {processor.py:186} INFO - Started process (PID=62060) to work on /opt/airflow/dags/dag_extract_catalogs.py
[2026-07-16T19:10:37.174+0000] {processor.py:914} INFO - Processing file /opt/airflow/dags/dag_extract_catalogs.py for tasks to queue
[2026-07-16T19:10:37.174+0000] {logging_mixin.py:190} INFO - [2026-07-16T19:10:37.174+0000] {dagbag.py:588} INFO - Filling up the DagBag from /opt/airflow/dags/dag_extract_catalogs.py
[2026-07-16T19:10:37.179+0000] {processor.py:925} INFO - DAG(s) 'dag_extract_catalogs' retrieved from /opt/airflow/dags/dag_extract_catalogs.py
[2026-07-16T19:10:37.189+0000] {logging_mixin.py:190} INFO - [2026-07-16T19:10:37.189+0000] {dag.py:3239} INFO - Sync 1 DAGs
[2026-07-16T19:10:37.196+0000] {logging_mixin.py:190} INFO - [2026-07-16T19:10:37.196+0000] {dag.py:4180} INFO - Setting next_dagrun for dag_extract_catalogs to 2026-07-16 01:00:00+00:00, run_after=2026-07-17 01:00:00+00:00
[2026-07-16T19:10:37.201+0000] {processor.py:208} INFO - Processing /opt/airflow/dags/dag_extract_catalogs.py took 0.030 seconds
[2026-07-16T19:11:07.700+0000] {processor.py:186} INFO - Started process (PID=62080) to work on /opt/airflow/dags/dag_extract_catalogs.py
[2026-07-16T19:11:07.700+0000] {processor.py:914} INFO - Processing file /opt/airflow/dags/dag_extract_catalogs.py for tasks to queue
[2026-07-16T19:11:07.701+0000] {logging_mixin.py:190} INFO - [2026-07-16T19:11:07.701+0000] {dagbag.py:588} INFO - Filling up the DagBag from /opt/airflow/dags/dag_extract_catalogs.py
[2026-07-16T19:11:07.706+0000] {processor.py:925} INFO - DAG(s) 'dag_extract_catalogs' retrieved from /opt/airflow/dags/dag_extract_catalogs.py
[2026-07-16T19:11:07.716+0000] {logging_mixin.py:190} INFO - [2026-07-16T19:11:07.716+0000] {dag.py:3239} INFO - Sync 1 DAGs
[2026-07-16T19:11:07.724+0000] {logging_mixin.py:190} INFO - [2026-07-16T19:11:07.723+0000] {dag.py:4180} INFO - Setting next_dagrun for dag_extract_catalogs to 2026-07-16 01:00:00+00:00, run_after=2026-07-17 01:00:00+00:00
[2026-07-16T19:11:07.728+0000] {processor.py:208} INFO - Processing /opt/airflow/dags/dag_extract_catalogs.py took 0.031 seconds
[2026-07-16T19:11:38.174+0000] {processor.py:186} INFO - Started process (PID=62100) to work on /opt/airflow/dags/dag_extract_catalogs.py
[2026-07-16T19:11:38.174+0000] {processor.py:914} INFO - Processing file /opt/airflow/dags/dag_extract_catalogs.py for tasks to queue
[2026-07-16T19:11:38.175+0000] {logging_mixin.py:190} INFO - [2026-07-16T19:11:38.175+0000] {dagbag.py:588} INFO - Filling up the DagBag from /opt/airflow/dags/dag_extract_catalogs.py
[2026-07-16T19:11:38.180+0000] {processor.py:925} INFO - DAG(s) 'dag_extract_catalogs' retrieved from /opt/airflow/dags/dag_extract_catalogs.py
[2026-07-16T19:11:38.189+0000] {logging_mixin.py:190} INFO - [2026-07-16T19:11:38.189+0000] {dag.py:3239} INFO - Sync 1 DAGs
[2026-07-16T19:11:38.196+0000] {logging_mixin.py:190} INFO - [2026-07-16T19:11:38.196+0000] {dag.py:4180} INFO - Setting next_dagrun for dag_extract_catalogs to 2026-07-16 01:00:00+00:00, run_after=2026-07-17 01:00:00+00:00
[2026-07-16T19:11:38.201+0000] {processor.py:208} INFO - Processing /opt/airflow/dags/dag_extract_catalogs.py took 0.029 seconds
[2026-07-16T19:12:08.625+0000] {processor.py:186} INFO - Started process (PID=62120) to work on /opt/airflow/dags/dag_extract_catalogs.py
[2026-07-16T19:12:08.626+0000] {processor.py:914} INFO - Processing file /opt/airflow/dags/dag_extract_catalogs.py for tasks to queue
[2026-07-16T19:12:08.627+0000] {logging_mixin.py:190} INFO - [2026-07-16T19:12:08.626+0000] {dagbag.py:588} INFO - Filling up the DagBag from /opt/airflow/dags/dag_extract_catalogs.py
[2026-07-16T19:12:08.631+0000] {processor.py:925} INFO - DAG(s) 'dag_extract_catalogs' retrieved from /opt/airflow/dags/dag_extract_catalogs.py
[2026-07-16T19:12:08.642+0000] {logging_mixin.py:190} INFO - [2026-07-16T19:12:08.641+0000] {dag.py:3239} INFO - Sync 1 DAGs
[2026-07-16T19:12:08.649+0000] {logging_mixin.py:190} INFO - [2026-07-16T19:12:08.649+0000] {dag.py:4180} INFO - Setting next_dagrun for dag_extract_catalogs to 2026-07-16 01:00:00+00:00, run_after=2026-07-17 01:00:00+00:00
[2026-07-16T19:12:08.654+0000] {processor.py:208} INFO - Processing /opt/airflow/dags/dag_extract_catalogs.py took 0.031 seconds
[2026-07-16T19:12:39.128+0000] {processor.py:186} INFO - Started process (PID=62138) to work on /opt/airflow/dags/dag_extract_catalogs.py
[2026-07-16T19:12:39.128+0000] {processor.py:914} INFO - Processing file /opt/airflow/dags/dag_extract_catalogs.py for tasks to queue
[2026-07-16T19:12:39.130+0000] {logging_mixin.py:190} INFO - [2026-07-16T19:12:39.130+0000] {dagbag.py:588} INFO - Filling up the DagBag from /opt/airflow/dags/dag_extract_catalogs.py
[2026-07-16T19:12:39.136+0000] {processor.py:925} INFO - DAG(s) 'dag_extract_catalogs' retrieved from /opt/airflow/dags/dag_extract_catalogs.py
[2026-07-16T19:12:39.148+0000] {logging_mixin.py:190} INFO - [2026-07-16T19:12:39.148+0000] {dag.py:3239} INFO - Sync 1 DAGs
[2026-07-16T19:12:39.157+0000] {logging_mixin.py:190} INFO - [2026-07-16T19:12:39.157+0000] {dag.py:4180} INFO - Setting next_dagrun for dag_extract_catalogs to 2026-07-16 01:00:00+00:00, run_after=2026-07-17 01:00:00+00:00
[2026-07-16T19:12:39.163+0000] {processor.py:208} INFO - Processing /opt/airflow/dags/dag_extract_catalogs.py took 0.038 seconds
[2026-07-16T19:13:09.673+0000] {processor.py:186} INFO - Started process (PID=62160) to work on /opt/airflow/dags/dag_extract_catalogs.py
[2026-07-16T19:13:09.673+0000] {processor.py:914} INFO - Processing file /opt/airflow/dags/dag_extract_catalogs.py for tasks to queue
[2026-07-16T19:13:09.674+0000] {logging_mixin.py:190} INFO - [2026-07-16T19:13:09.674+0000] {dagbag.py:588} INFO - Filling up the DagBag from /opt/airflow/dags/dag_extract_catalogs.py
[2026-07-16T19:13:09.679+0000] {processor.py:925} INFO - DAG(s) 'dag_extract_catalogs' retrieved from /opt/airflow/dags/dag_extract_catalogs.py
[2026-07-16T19:13:09.688+0000] {logging_mixin.py:190} INFO - [2026-07-16T19:13:09.688+0000] {dag.py:3239} INFO - Sync 1 DAGs
[2026-07-16T19:13:09.696+0000] {logging_mixin.py:190} INFO - [2026-07-16T19:13:09.695+0000] {dag.py:4180} INFO - Setting next_dagrun for dag_extract_catalogs to 2026-07-16 01:00:00+00:00, run_after=2026-07-17 01:00:00+00:00
[2026-07-16T19:13:09.700+0000] {processor.py:208} INFO - Processing /opt/airflow/dags/dag_extract_catalogs.py took 0.030 seconds
[2026-07-16T19:13:40.182+0000] {processor.py:186} INFO - Started process (PID=62180) to work on /opt/airflow/dags/dag_extract_catalogs.py
[2026-07-16T19:13:40.182+0000] {processor.py:914} INFO - Processing file /opt/airflow/dags/dag_extract_catalogs.py for tasks to queue
[2026-07-16T19:13:40.183+0000] {logging_mixin.py:190} INFO - [2026-07-16T19:13:40.183+0000] {dagbag.py:588} INFO - Filling up the DagBag from /opt/airflow/dags/dag_extract_catalogs.py
[2026-07-16T19:13:40.188+0000] {processor.py:925} INFO - DAG(s) 'dag_extract_catalogs' retrieved from /opt/airflow/dags/dag_extract_catalogs.py
[2026-07-16T19:13:40.198+0000] {logging_mixin.py:190} INFO - [2026-07-16T19:13:40.197+0000] {dag.py:3239} INFO - Sync 1 DAGs
[2026-07-16T19:13:40.205+0000] {logging_mixin.py:190} INFO - [2026-07-16T19:13:40.205+0000] {dag.py:4180} INFO - Setting next_dagrun for dag_extract_catalogs to 2026-07-16 01:00:00+00:00, run_after=2026-07-17 01:00:00+00:00
[2026-07-16T19:13:40.210+0000] {processor.py:208} INFO - Processing /opt/airflow/dags/dag_extract_catalogs.py took 0.030 seconds
[2026-07-16T19:14:10.631+0000] {processor.py:186} INFO - Started process (PID=62200) to work on /opt/airflow/dags/dag_extract_catalogs.py
[2026-07-16T19:14:10.631+0000] {processor.py:914} INFO - Processing file /opt/airflow/dags/dag_extract_catalogs.py for tasks to queue
[2026-07-16T19:14:10.632+0000] {logging_mixin.py:190} INFO - [2026-07-16T19:14:10.632+0000] {dagbag.py:588} INFO - Filling up the DagBag from /opt/airflow/dags/dag_extract_catalogs.py
[2026-07-16T19:14:10.636+0000] {processor.py:925} INFO - DAG(s) 'dag_extract_catalogs' retrieved from /opt/airflow/dags/dag_extract_catalogs.py
[2026-07-16T19:14:10.646+0000] {logging_mixin.py:190} INFO - [2026-07-16T19:14:10.646+0000] {dag.py:3239} INFO - Sync 1 DAGs
[2026-07-16T19:14:10.654+0000] {logging_mixin.py:190} INFO - [2026-07-16T19:14:10.653+0000] {dag.py:4180} INFO - Setting next_dagrun for dag_extract_catalogs to 2026-07-16 01:00:00+00:00, run_after=2026-07-17 01:00:00+00:00
[2026-07-16T19:14:10.658+0000] {processor.py:208} INFO - Processing /opt/airflow/dags/dag_extract_catalogs.py took 0.030 seconds
[2026-07-16T19:14:41.125+0000] {processor.py:186} INFO - Started process (PID=62220) to work on /opt/airflow/dags/dag_extract_catalogs.py
[2026-07-16T19:14:41.125+0000] {processor.py:914} INFO - Processing file /opt/airflow/dags/dag_extract_catalogs.py for tasks to queue
[2026-07-16T19:14:41.126+0000] {logging_mixin.py:190} INFO - [2026-07-16T19:14:41.126+0000] {dagbag.py:588} INFO - Filling up the DagBag from /opt/airflow/dags/dag_extract_catalogs.py
[2026-07-16T19:14:41.131+0000] {processor.py:925} INFO - DAG(s) 'dag_extract_catalogs' retrieved from /opt/airflow/dags/dag_extract_catalogs.py
[2026-07-16T19:14:41.140+0000] {logging_mixin.py:190} INFO - [2026-07-16T19:14:41.140+0000] {dag.py:3239} INFO - Sync 1 DAGs
[2026-07-16T19:14:41.147+0000] {logging_mixin.py:190} INFO - [2026-07-16T19:14:41.147+0000] {dag.py:4180} INFO - Setting next_dagrun for dag_extract_catalogs to 2026-07-16 01:00:00+00:00, run_after=2026-07-17 01:00:00+00:00
[2026-07-16T19:14:41.152+0000] {processor.py:208} INFO - Processing /opt/airflow/dags/dag_extract_catalogs.py took 0.030 seconds
[2026-07-16T19:15:11.707+0000] {processor.py:186} INFO - Started process (PID=62240) to work on /opt/airflow/dags/dag_extract_catalogs.py
[2026-07-16T19:15:11.707+0000] {processor.py:914} INFO - Processing file /opt/airflow/dags/dag_extract_catalogs.py for tasks to queue
[2026-07-16T19:15:11.708+0000] {logging_mixin.py:190} INFO - [2026-07-16T19:15:11.708+0000] {dagbag.py:588} INFO - Filling up the DagBag from /opt/airflow/dags/dag_extract_catalogs.py
[2026-07-16T19:15:11.713+0000] {processor.py:925} INFO - DAG(s) 'dag_extract_catalogs' retrieved from /opt/airflow/dags/dag_extract_catalogs.py
[2026-07-16T19:15:11.724+0000] {logging_mixin.py:190} INFO - [2026-07-16T19:15:11.724+0000] {dag.py:3239} INFO - Sync 1 DAGs
[2026-07-16T19:15:11.731+0000] {logging_mixin.py:190} INFO - [2026-07-16T19:15:11.731+0000] {dag.py:4180} INFO - Setting next_dagrun for dag_extract_catalogs to 2026-07-16 01:00:00+00:00, run_after=2026-07-17 01:00:00+00:00
[2026-07-16T19:15:11.736+0000] {processor.py:208} INFO - Processing /opt/airflow/dags/dag_extract_catalogs.py took 0.031 seconds
[2026-07-16T20:03:16.187+0000] {processor.py:186} INFO - Started process (PID=62263) to work on /opt/airflow/dags/dag_extract_catalogs.py
[2026-07-16T20:03:16.188+0000] {processor.py:914} INFO - Processing file /opt/airflow/dags/dag_extract_catalogs.py for tasks to queue
[2026-07-16T20:03:16.189+0000] {logging_mixin.py:190} INFO - [2026-07-16T20:03:16.188+0000] {dagbag.py:588} INFO - Filling up the DagBag from /opt/airflow/dags/dag_extract_catalogs.py
[2026-07-16T20:03:16.194+0000] {processor.py:925} INFO - DAG(s) 'dag_extract_catalogs' retrieved from /opt/airflow/dags/dag_extract_catalogs.py
[2026-07-16T20:03:16.206+0000] {logging_mixin.py:190} INFO - [2026-07-16T20:03:16.205+0000] {dag.py:3239} INFO - Sync 1 DAGs
[2026-07-16T20:03:16.214+0000] {logging_mixin.py:190} INFO - [2026-07-16T20:03:16.214+0000] {dag.py:4180} INFO - Setting next_dagrun for dag_extract_catalogs to 2026-07-16 01:00:00+00:00, run_after=2026-07-17 01:00:00+00:00
[2026-07-16T20:03:16.219+0000] {processor.py:208} INFO - Processing /opt/airflow/dags/dag_extract_catalogs.py took 0.036 seconds
[2026-07-16T21:16:02.128+0000] {processor.py:186} INFO - Started process (PID=62283) to work on /opt/airflow/dags/dag_extract_catalogs.py
[2026-07-16T21:16:02.129+0000] {processor.py:914} INFO - Processing file /opt/airflow/dags/dag_extract_catalogs.py for tasks to queue
[2026-07-16T21:16:02.130+0000] {logging_mixin.py:190} INFO - [2026-07-16T21:16:02.130+0000] {dagbag.py:588} INFO - Filling up the DagBag from /opt/airflow/dags/dag_extract_catalogs.py
[2026-07-16T21:16:02.136+0000] {processor.py:925} INFO - DAG(s) 'dag_extract_catalogs' retrieved from /opt/airflow/dags/dag_extract_catalogs.py
[2026-07-16T21:16:02.148+0000] {logging_mixin.py:190} INFO - [2026-07-16T21:16:02.148+0000] {dag.py:3239} INFO - Sync 1 DAGs
[2026-07-16T21:16:02.156+0000] {logging_mixin.py:190} INFO - [2026-07-16T21:16:02.156+0000] {dag.py:4180} INFO - Setting next_dagrun for dag_extract_catalogs to 2026-07-16 01:00:00+00:00, run_after=2026-07-17 01:00:00+00:00
[2026-07-16T21:16:02.161+0000] {processor.py:208} INFO - Processing /opt/airflow/dags/dag_extract_catalogs.py took 0.035 seconds
[2026-07-16T21:16:32.597+0000] {processor.py:186} INFO - Started process (PID=62306) to work on /opt/airflow/dags/dag_extract_catalogs.py
[2026-07-16T21:16:32.598+0000] {processor.py:914} INFO - Processing file /opt/airflow/dags/dag_extract_catalogs.py for tasks to queue
[2026-07-16T21:16:32.599+0000] {logging_mixin.py:190} INFO - [2026-07-16T21:16:32.598+0000] {dagbag.py:588} INFO - Filling up the DagBag from /opt/airflow/dags/dag_extract_catalogs.py
[2026-07-16T21:16:32.603+0000] {processor.py:925} INFO - DAG(s) 'dag_extract_catalogs' retrieved from /opt/airflow/dags/dag_extract_catalogs.py
[2026-07-16T21:16:32.613+0000] {logging_mixin.py:190} INFO - [2026-07-16T21:16:32.613+0000] {dag.py:3239} INFO - Sync 1 DAGs
[2026-07-16T21:16:32.620+0000] {logging_mixin.py:190} INFO - [2026-07-16T21:16:32.620+0000] {dag.py:4180} INFO - Setting next_dagrun for dag_extract_catalogs to 2026-07-16 01:00:00+00:00, run_after=2026-07-17 01:00:00+00:00
[2026-07-16T21:16:32.625+0000] {processor.py:208} INFO - Processing /opt/airflow/dags/dag_extract_catalogs.py took 0.030 seconds
[2026-07-16T22:04:09.556+0000] {processor.py:186} INFO - Started process (PID=62326) to work on /opt/airflow/dags/dag_extract_catalogs.py
[2026-07-16T22:04:09.557+0000] {processor.py:914} INFO - Processing file /opt/airflow/dags/dag_extract_catalogs.py for tasks to queue
[2026-07-16T22:04:09.558+0000] {logging_mixin.py:190} INFO - [2026-07-16T22:04:09.558+0000] {dagbag.py:588} INFO - Filling up the DagBag from /opt/airflow/dags/dag_extract_catalogs.py
[2026-07-16T22:04:09.563+0000] {processor.py:925} INFO - DAG(s) 'dag_extract_catalogs' retrieved from /opt/airflow/dags/dag_extract_catalogs.py
[2026-07-16T22:04:09.573+0000] {logging_mixin.py:190} INFO - [2026-07-16T22:04:09.573+0000] {dag.py:3239} INFO - Sync 1 DAGs
[2026-07-16T22:04:09.580+0000] {logging_mixin.py:190} INFO - [2026-07-16T22:04:09.580+0000] {dag.py:4180} INFO - Setting next_dagrun for dag_extract_catalogs to 2026-07-16 01:00:00+00:00, run_after=2026-07-17 01:00:00+00:00
[2026-07-16T22:04:09.585+0000] {processor.py:208} INFO - Processing /opt/airflow/dags/dag_extract_catalogs.py took 0.031 seconds
[2026-07-16T23:08:14.895+0000] {processor.py:186} INFO - Started process (PID=62352) to work on /opt/airflow/dags/dag_extract_catalogs.py
[2026-07-16T23:08:14.895+0000] {processor.py:914} INFO - Processing file /opt/airflow/dags/dag_extract_catalogs.py for tasks to queue
[2026-07-16T23:08:14.896+0000] {logging_mixin.py:190} INFO - [2026-07-16T23:08:14.896+0000] {dagbag.py:588} INFO - Filling up the DagBag from /opt/airflow/dags/dag_extract_catalogs.py
[2026-07-16T23:08:14.901+0000] {processor.py:925} INFO - DAG(s) 'dag_extract_catalogs' retrieved from /opt/airflow/dags/dag_extract_catalogs.py
[2026-07-16T23:08:14.910+0000] {logging_mixin.py:190} INFO - [2026-07-16T23:08:14.910+0000] {dag.py:3239} INFO - Sync 1 DAGs
[2026-07-16T23:08:14.917+0000] {logging_mixin.py:190} INFO - [2026-07-16T23:08:14.917+0000] {dag.py:4180} INFO - Setting next_dagrun for dag_extract_catalogs to 2026-07-16 01:00:00+00:00, run_after=2026-07-17 01:00:00+00:00
[2026-07-16T23:08:14.922+0000] {processor.py:208} INFO - Processing /opt/airflow/dags/dag_extract_catalogs.py took 0.029 seconds
[2026-07-16T23:08:45.381+0000] {processor.py:186} INFO - Started process (PID=62373) to work on /opt/airflow/dags/dag_extract_catalogs.py
[2026-07-16T23:08:45.382+0000] {processor.py:914} INFO - Processing file /opt/airflow/dags/dag_extract_catalogs.py for tasks to queue
[2026-07-16T23:08:45.383+0000] {logging_mixin.py:190} INFO - [2026-07-16T23:08:45.383+0000] {dagbag.py:588} INFO - Filling up the DagBag from /opt/airflow/dags/dag_extract_catalogs.py
[2026-07-16T23:08:45.389+0000] {processor.py:925} INFO - DAG(s) 'dag_extract_catalogs' retrieved from /opt/airflow/dags/dag_extract_catalogs.py
[2026-07-16T23:08:45.403+0000] {logging_mixin.py:190} INFO - [2026-07-16T23:08:45.403+0000] {dag.py:3239} INFO - Sync 1 DAGs
[2026-07-16T23:08:45.412+0000] {logging_mixin.py:190} INFO - [2026-07-16T23:08:45.412+0000] {dag.py:4180} INFO - Setting next_dagrun for dag_extract_catalogs to 2026-07-16 01:00:00+00:00, run_after=2026-07-17 01:00:00+00:00
[2026-07-16T23:08:45.418+0000] {processor.py:208} INFO - Processing /opt/airflow/dags/dag_extract_catalogs.py took 0.040 seconds
[2026-07-16T23:09:21.411+0000] {processor.py:186} INFO - Started process (PID=62395) to work on /opt/airflow/dags/dag_extract_catalogs.py
[2026-07-16T23:09:21.412+0000] {processor.py:914} INFO - Processing file /opt/airflow/dags/dag_extract_catalogs.py for tasks to queue
[2026-07-16T23:09:21.413+0000] {logging_mixin.py:190} INFO - [2026-07-16T23:09:21.412+0000] {dagbag.py:588} INFO - Filling up the DagBag from /opt/airflow/dags/dag_extract_catalogs.py
[2026-07-16T23:09:21.417+0000] {processor.py:925} INFO - DAG(s) 'dag_extract_catalogs' retrieved from /opt/airflow/dags/dag_extract_catalogs.py
[2026-07-16T23:09:21.427+0000] {logging_mixin.py:190} INFO - [2026-07-16T23:09:21.427+0000] {dag.py:3239} INFO - Sync 1 DAGs
[2026-07-16T23:09:21.434+0000] {logging_mixin.py:190} INFO - [2026-07-16T23:09:21.434+0000] {dag.py:4180} INFO - Setting next_dagrun for dag_extract_catalogs to 2026-07-16 01:00:00+00:00, run_after=2026-07-17 01:00:00+00:00
[2026-07-16T23:09:21.439+0000] {processor.py:208} INFO - Processing /opt/airflow/dags/dag_extract_catalogs.py took 0.032 seconds
[2026-07-16T23:09:57.658+0000] {processor.py:186} INFO - Started process (PID=62415) to work on /opt/airflow/dags/dag_extract_catalogs.py
[2026-07-16T23:09:57.658+0000] {processor.py:914} INFO - Processing file /opt/airflow/dags/dag_extract_catalogs.py for tasks to queue
[2026-07-16T23:09:57.659+0000] {logging_mixin.py:190} INFO - [2026-07-16T23:09:57.659+0000] {dagbag.py:588} INFO - Filling up the DagBag from /opt/airflow/dags/dag_extract_catalogs.py
[2026-07-16T23:09:57.668+0000] {processor.py:925} INFO - DAG(s) 'dag_extract_catalogs' retrieved from /opt/airflow/dags/dag_extract_catalogs.py
[2026-07-16T23:09:57.679+0000] {logging_mixin.py:190} INFO - [2026-07-16T23:09:57.679+0000] {dag.py:3239} INFO - Sync 1 DAGs
[2026-07-16T23:09:57.686+0000] {logging_mixin.py:190} INFO - [2026-07-16T23:09:57.686+0000] {dag.py:4180} INFO - Setting next_dagrun for dag_extract_catalogs to 2026-07-16 01:00:00+00:00, run_after=2026-07-17 01:00:00+00:00
[2026-07-16T23:09:57.691+0000] {processor.py:208} INFO - Processing /opt/airflow/dags/dag_extract_catalogs.py took 0.036 seconds
[2026-07-16T23:10:28.140+0000] {processor.py:186} INFO - Started process (PID=62435) to work on /opt/airflow/dags/dag_extract_catalogs.py
[2026-07-16T23:10:28.141+0000] {processor.py:914} INFO - Processing file /opt/airflow/dags/dag_extract_catalogs.py for tasks to queue
[2026-07-16T23:10:28.142+0000] {logging_mixin.py:190} INFO - [2026-07-16T23:10:28.142+0000] {dagbag.py:588} INFO - Filling up the DagBag from /opt/airflow/dags/dag_extract_catalogs.py
[2026-07-16T23:10:28.146+0000] {processor.py:925} INFO - DAG(s) 'dag_extract_catalogs' retrieved from /opt/airflow/dags/dag_extract_catalogs.py
[2026-07-16T23:10:28.156+0000] {logging_mixin.py:190} INFO - [2026-07-16T23:10:28.156+0000] {dag.py:3239} INFO - Sync 1 DAGs
[2026-07-16T23:10:28.163+0000] {logging_mixin.py:190} INFO - [2026-07-16T23:10:28.163+0000] {dag.py:4180} INFO - Setting next_dagrun for dag_extract_catalogs to 2026-07-16 01:00:00+00:00, run_after=2026-07-17 01:00:00+00:00
[2026-07-16T23:10:28.168+0000] {processor.py:208} INFO - Processing /opt/airflow/dags/dag_extract_catalogs.py took 0.030 seconds
[2026-07-16T23:11:04.448+0000] {processor.py:186} INFO - Started process (PID=62455) to work on /opt/airflow/dags/dag_extract_catalogs.py
[2026-07-16T23:11:04.449+0000] {processor.py:914} INFO - Processing file /opt/airflow/dags/dag_extract_catalogs.py for tasks to queue
[2026-07-16T23:11:04.450+0000] {logging_mixin.py:190} INFO - [2026-07-16T23:11:04.450+0000] {dagbag.py:588} INFO - Filling up the DagBag from /opt/airflow/dags/dag_extract_catalogs.py
[2026-07-16T23:11:04.454+0000] {processor.py:925} INFO - DAG(s) 'dag_extract_catalogs' retrieved from /opt/airflow/dags/dag_extract_catalogs.py
[2026-07-16T23:11:04.464+0000] {logging_mixin.py:190} INFO - [2026-07-16T23:11:04.464+0000] {dag.py:3239} INFO - Sync 1 DAGs
[2026-07-16T23:11:04.471+0000] {logging_mixin.py:190} INFO - [2026-07-16T23:11:04.471+0000] {dag.py:4180} INFO - Setting next_dagrun for dag_extract_catalogs to 2026-07-16 01:00:00+00:00, run_after=2026-07-17 01:00:00+00:00
[2026-07-16T23:11:04.476+0000] {processor.py:208} INFO - Processing /opt/airflow/dags/dag_extract_catalogs.py took 0.030 seconds
[2026-07-16T23:11:34.950+0000] {processor.py:186} INFO - Started process (PID=62475) to work on /opt/airflow/dags/dag_extract_catalogs.py
[2026-07-16T23:11:34.950+0000] {processor.py:914} INFO - Processing file /opt/airflow/dags/dag_extract_catalogs.py for tasks to queue
[2026-07-16T23:11:34.951+0000] {logging_mixin.py:190} INFO - [2026-07-16T23:11:34.951+0000] {dagbag.py:588} INFO - Filling up the DagBag from /opt/airflow/dags/dag_extract_catalogs.py
[2026-07-16T23:11:34.956+0000] {processor.py:925} INFO - DAG(s) 'dag_extract_catalogs' retrieved from /opt/airflow/dags/dag_extract_catalogs.py
[2026-07-16T23:11:34.965+0000] {logging_mixin.py:190} INFO - [2026-07-16T23:11:34.965+0000] {dag.py:3239} INFO - Sync 1 DAGs
[2026-07-16T23:11:34.972+0000] {logging_mixin.py:190} INFO - [2026-07-16T23:11:34.972+0000] {dag.py:4180} INFO - Setting next_dagrun for dag_extract_catalogs to 2026-07-16 01:00:00+00:00, run_after=2026-07-17 01:00:00+00:00
[2026-07-16T23:11:34.977+0000] {processor.py:208} INFO - Processing /opt/airflow/dags/dag_extract_catalogs.py took 0.029 seconds
[2026-07-16T23:12:11.254+0000] {processor.py:186} INFO - Started process (PID=62495) to work on /opt/airflow/dags/dag_extract_catalogs.py
[2026-07-16T23:12:11.254+0000] {processor.py:914} INFO - Processing file /opt/airflow/dags/dag_extract_catalogs.py for tasks to queue
[2026-07-16T23:12:11.255+0000] {logging_mixin.py:190} INFO - [2026-07-16T23:12:11.255+0000] {dagbag.py:588} INFO - Filling up the DagBag from /opt/airflow/dags/dag_extract_catalogs.py
[2026-07-16T23:12:11.260+0000] {processor.py:925} INFO - DAG(s) 'dag_extract_catalogs' retrieved from /opt/airflow/dags/dag_extract_catalogs.py
[2026-07-16T23:12:11.270+0000] {logging_mixin.py:190} INFO - [2026-07-16T23:12:11.270+0000] {dag.py:3239} INFO - Sync 1 DAGs
[2026-07-16T23:12:11.277+0000] {logging_mixin.py:190} INFO - [2026-07-16T23:12:11.277+0000] {dag.py:4180} INFO - Setting next_dagrun for dag_extract_catalogs to 2026-07-16 01:00:00+00:00, run_after=2026-07-17 01:00:00+00:00
[2026-07-16T23:12:11.281+0000] {processor.py:208} INFO - Processing /opt/airflow/dags/dag_extract_catalogs.py took 0.030 seconds
[2026-07-16T23:12:48.544+0000] {processor.py:186} INFO - Started process (PID=62515) to work on /opt/airflow/dags/dag_extract_catalogs.py
[2026-07-16T23:12:48.545+0000] {processor.py:914} INFO - Processing file /opt/airflow/dags/dag_extract_catalogs.py for tasks to queue
[2026-07-16T23:12:48.546+0000] {logging_mixin.py:190} INFO - [2026-07-16T23:12:48.545+0000] {dagbag.py:588} INFO - Filling up the DagBag from /opt/airflow/dags/dag_extract_catalogs.py
[2026-07-16T23:12:48.550+0000] {processor.py:925} INFO - DAG(s) 'dag_extract_catalogs' retrieved from /opt/airflow/dags/dag_extract_catalogs.py
[2026-07-16T23:12:48.560+0000] {logging_mixin.py:190} INFO - [2026-07-16T23:12:48.560+0000] {dag.py:3239} INFO - Sync 1 DAGs
[2026-07-16T23:12:48.567+0000] {logging_mixin.py:190} INFO - [2026-07-16T23:12:48.567+0000] {dag.py:4180} INFO - Setting next_dagrun for dag_extract_catalogs to 2026-07-16 01:00:00+00:00, run_after=2026-07-17 01:00:00+00:00
[2026-07-16T23:12:48.572+0000] {processor.py:208} INFO - Processing /opt/airflow/dags/dag_extract_catalogs.py took 0.029 seconds
[2026-07-16T23:13:19.046+0000] {processor.py:186} INFO - Started process (PID=62535) to work on /opt/airflow/dags/dag_extract_catalogs.py
[2026-07-16T23:13:19.046+0000] {processor.py:914} INFO - Processing file /opt/airflow/dags/dag_extract_catalogs.py for tasks to queue
[2026-07-16T23:13:19.047+0000] {logging_mixin.py:190} INFO - [2026-07-16T23:13:19.047+0000] {dagbag.py:588} INFO - Filling up the DagBag from /opt/airflow/dags/dag_extract_catalogs.py
[2026-07-16T23:13:19.052+0000] {processor.py:925} INFO - DAG(s) 'dag_extract_catalogs' retrieved from /opt/airflow/dags/dag_extract_catalogs.py
[2026-07-16T23:13:19.062+0000] {logging_mixin.py:190} INFO - [2026-07-16T23:13:19.062+0000] {dag.py:3239} INFO - Sync 1 DAGs
[2026-07-16T23:13:19.069+0000] {logging_mixin.py:190} INFO - [2026-07-16T23:13:19.069+0000] {dag.py:4180} INFO - Setting next_dagrun for dag_extract_catalogs to 2026-07-16 01:00:00+00:00, run_after=2026-07-17 01:00:00+00:00
[2026-07-16T23:13:19.074+0000] {processor.py:208} INFO - Processing /opt/airflow/dags/dag_extract_catalogs.py took 0.031 seconds
[2026-07-16T23:13:55.651+0000] {processor.py:186} INFO - Started process (PID=62553) to work on /opt/airflow/dags/dag_extract_catalogs.py
[2026-07-16T23:13:55.652+0000] {processor.py:914} INFO - Processing file /opt/airflow/dags/dag_extract_catalogs.py for tasks to queue
[2026-07-16T23:13:55.653+0000] {logging_mixin.py:190} INFO - [2026-07-16T23:13:55.653+0000] {dagbag.py:588} INFO - Filling up the DagBag from /opt/airflow/dags/dag_extract_catalogs.py
[2026-07-16T23:13:55.661+0000] {processor.py:925} INFO - DAG(s) 'dag_extract_catalogs' retrieved from /opt/airflow/dags/dag_extract_catalogs.py
[2026-07-16T23:13:55.676+0000] {logging_mixin.py:190} INFO - [2026-07-16T23:13:55.676+0000] {dag.py:3239} INFO - Sync 1 DAGs
[2026-07-16T23:13:55.685+0000] {logging_mixin.py:190} INFO - [2026-07-16T23:13:55.685+0000] {dag.py:4180} INFO - Setting next_dagrun for dag_extract_catalogs to 2026-07-16 01:00:00+00:00, run_after=2026-07-17 01:00:00+00:00
[2026-07-16T23:13:55.690+0000] {processor.py:208} INFO - Processing /opt/airflow/dags/dag_extract_catalogs.py took 0.041 seconds
[2026-07-16T23:14:33.585+0000] {processor.py:186} INFO - Started process (PID=62575) to work on /opt/airflow/dags/dag_extract_catalogs.py
[2026-07-16T23:14:33.585+0000] {processor.py:914} INFO - Processing file /opt/airflow/dags/dag_extract_catalogs.py for tasks to queue
[2026-07-16T23:14:33.586+0000] {logging_mixin.py:190} INFO - [2026-07-16T23:14:33.586+0000] {dagbag.py:588} INFO - Filling up the DagBag from /opt/airflow/dags/dag_extract_catalogs.py
[2026-07-16T23:14:33.590+0000] {processor.py:925} INFO - DAG(s) 'dag_extract_catalogs' retrieved from /opt/airflow/dags/dag_extract_catalogs.py
[2026-07-16T23:14:33.601+0000] {logging_mixin.py:190} INFO - [2026-07-16T23:14:33.601+0000] {dag.py:3239} INFO - Sync 1 DAGs
[2026-07-16T23:14:33.608+0000] {logging_mixin.py:190} INFO - [2026-07-16T23:14:33.608+0000] {dag.py:4180} INFO - Setting next_dagrun for dag_extract_catalogs to 2026-07-16 01:00:00+00:00, run_after=2026-07-17 01:00:00+00:00
[2026-07-16T23:14:33.613+0000] {processor.py:208} INFO - Processing /opt/airflow/dags/dag_extract_catalogs.py took 0.031 seconds
[2026-07-16T23:15:04.073+0000] {processor.py:186} INFO - Started process (PID=62595) to work on /opt/airflow/dags/dag_extract_catalogs.py
[2026-07-16T23:15:04.074+0000] {processor.py:914} INFO - Processing file /opt/airflow/dags/dag_extract_catalogs.py for tasks to queue
[2026-07-16T23:15:04.074+0000] {logging_mixin.py:190} INFO - [2026-07-16T23:15:04.074+0000] {dagbag.py:588} INFO - Filling up the DagBag from /opt/airflow/dags/dag_extract_catalogs.py
[2026-07-16T23:15:04.079+0000] {processor.py:925} INFO - DAG(s) 'dag_extract_catalogs' retrieved from /opt/airflow/dags/dag_extract_catalogs.py
[2026-07-16T23:15:04.089+0000] {logging_mixin.py:190} INFO - [2026-07-16T23:15:04.089+0000] {dag.py:3239} INFO - Sync 1 DAGs
[2026-07-16T23:15:04.095+0000] {logging_mixin.py:190} INFO - [2026-07-16T23:15:04.095+0000] {dag.py:4180} INFO - Setting next_dagrun for dag_extract_catalogs to 2026-07-16 01:00:00+00:00, run_after=2026-07-17 01:00:00+00:00
[2026-07-16T23:15:04.100+0000] {processor.py:208} INFO - Processing /opt/airflow/dags/dag_extract_catalogs.py took 0.029 seconds
[2026-07-16T23:15:40.200+0000] {processor.py:186} INFO - Started process (PID=62615) to work on /opt/airflow/dags/dag_extract_catalogs.py
[2026-07-16T23:15:40.200+0000] {processor.py:914} INFO - Processing file /opt/airflow/dags/dag_extract_catalogs.py for tasks to queue
[2026-07-16T23:15:40.201+0000] {logging_mixin.py:190} INFO - [2026-07-16T23:15:40.201+0000] {dagbag.py:588} INFO - Filling up the DagBag from /opt/airflow/dags/dag_extract_catalogs.py
[2026-07-16T23:15:40.205+0000] {processor.py:925} INFO - DAG(s) 'dag_extract_catalogs' retrieved from /opt/airflow/dags/dag_extract_catalogs.py
[2026-07-16T23:15:40.215+0000] {logging_mixin.py:190} INFO - [2026-07-16T23:15:40.215+0000] {dag.py:3239} INFO - Sync 1 DAGs
[2026-07-16T23:15:40.222+0000] {logging_mixin.py:190} INFO - [2026-07-16T23:15:40.222+0000] {dag.py:4180} INFO - Setting next_dagrun for dag_extract_catalogs to 2026-07-16 01:00:00+00:00, run_after=2026-07-17 01:00:00+00:00
[2026-07-16T23:15:40.227+0000] {processor.py:208} INFO - Processing /opt/airflow/dags/dag_extract_catalogs.py took 0.030 seconds
[2026-07-16T23:16:16.696+0000] {processor.py:186} INFO - Started process (PID=62635) to work on /opt/airflow/dags/dag_extract_catalogs.py
[2026-07-16T23:16:16.697+0000] {processor.py:914} INFO - Processing file /opt/airflow/dags/dag_extract_catalogs.py for tasks to queue
[2026-07-16T23:16:16.697+0000] {logging_mixin.py:190} INFO - [2026-07-16T23:16:16.697+0000] {dagbag.py:588} INFO - Filling up the DagBag from /opt/airflow/dags/dag_extract_catalogs.py
[2026-07-16T23:16:16.702+0000] {processor.py:925} INFO - DAG(s) 'dag_extract_catalogs' retrieved from /opt/airflow/dags/dag_extract_catalogs.py
[2026-07-16T23:16:16.712+0000] {logging_mixin.py:190} INFO - [2026-07-16T23:16:16.712+0000] {dag.py:3239} INFO - Sync 1 DAGs
[2026-07-16T23:16:16.719+0000] {logging_mixin.py:190} INFO - [2026-07-16T23:16:16.719+0000] {dag.py:4180} INFO - Setting next_dagrun for dag_extract_catalogs to 2026-07-16 01:00:00+00:00, run_after=2026-07-17 01:00:00+00:00
[2026-07-16T23:16:16.724+0000] {processor.py:208} INFO - Processing /opt/airflow/dags/dag_extract_catalogs.py took 0.030 seconds
[2026-07-16T23:16:47.204+0000] {processor.py:186} INFO - Started process (PID=62655) to work on /opt/airflow/dags/dag_extract_catalogs.py
[2026-07-16T23:16:47.204+0000] {processor.py:914} INFO - Processing file /opt/airflow/dags/dag_extract_catalogs.py for tasks to queue
[2026-07-16T23:16:47.205+0000] {logging_mixin.py:190} INFO - [2026-07-16T23:16:47.205+0000] {dagbag.py:588} INFO - Filling up the DagBag from /opt/airflow/dags/dag_extract_catalogs.py
[2026-07-16T23:16:47.210+0000] {processor.py:925} INFO - DAG(s) 'dag_extract_catalogs' retrieved from /opt/airflow/dags/dag_extract_catalogs.py
[2026-07-16T23:16:47.219+0000] {logging_mixin.py:190} INFO - [2026-07-16T23:16:47.219+0000] {dag.py:3239} INFO - Sync 1 DAGs
[2026-07-16T23:16:47.226+0000] {logging_mixin.py:190} INFO - [2026-07-16T23:16:47.226+0000] {dag.py:4180} INFO - Setting next_dagrun for dag_extract_catalogs to 2026-07-16 01:00:00+00:00, run_after=2026-07-17 01:00:00+00:00
[2026-07-16T23:16:47.230+0000] {processor.py:208} INFO - Processing /opt/airflow/dags/dag_extract_catalogs.py took 0.029 seconds
[2026-07-16T23:17:23.980+0000] {processor.py:186} INFO - Started process (PID=62675) to work on /opt/airflow/dags/dag_extract_catalogs.py
[2026-07-16T23:17:23.980+0000] {processor.py:914} INFO - Processing file /opt/airflow/dags/dag_extract_catalogs.py for tasks to queue
[2026-07-16T23:17:23.981+0000] {logging_mixin.py:190} INFO - [2026-07-16T23:17:23.981+0000] {dagbag.py:588} INFO - Filling up the DagBag from /opt/airflow/dags/dag_extract_catalogs.py
[2026-07-16T23:17:23.985+0000] {processor.py:925} INFO - DAG(s) 'dag_extract_catalogs' retrieved from /opt/airflow/dags/dag_extract_catalogs.py
[2026-07-16T23:17:23.995+0000] {logging_mixin.py:190} INFO - [2026-07-16T23:17:23.995+0000] {dag.py:3239} INFO - Sync 1 DAGs
[2026-07-16T23:17:24.002+0000] {logging_mixin.py:190} INFO - [2026-07-16T23:17:24.002+0000] {dag.py:4180} INFO - Setting next_dagrun for dag_extract_catalogs to 2026-07-16 01:00:00+00:00, run_after=2026-07-17 01:00:00+00:00
[2026-07-16T23:17:24.007+0000] {processor.py:208} INFO - Processing /opt/airflow/dags/dag_extract_catalogs.py took 0.030 seconds
[2026-07-16T23:17:54.464+0000] {processor.py:186} INFO - Started process (PID=62695) to work on /opt/airflow/dags/dag_extract_catalogs.py
[2026-07-16T23:17:54.464+0000] {processor.py:914} INFO - Processing file /opt/airflow/dags/dag_extract_catalogs.py for tasks to queue
[2026-07-16T23:17:54.465+0000] {logging_mixin.py:190} INFO - [2026-07-16T23:17:54.465+0000] {dagbag.py:588} INFO - Filling up the DagBag from /opt/airflow/dags/dag_extract_catalogs.py
[2026-07-16T23:17:54.470+0000] {processor.py:925} INFO - DAG(s) 'dag_extract_catalogs' retrieved from /opt/airflow/dags/dag_extract_catalogs.py
[2026-07-16T23:17:54.480+0000] {logging_mixin.py:190} INFO - [2026-07-16T23:17:54.480+0000] {dag.py:3239} INFO - Sync 1 DAGs
[2026-07-16T23:17:54.487+0000] {logging_mixin.py:190} INFO - [2026-07-16T23:17:54.487+0000] {dag.py:4180} INFO - Setting next_dagrun for dag_extract_catalogs to 2026-07-16 01:00:00+00:00, run_after=2026-07-17 01:00:00+00:00
[2026-07-16T23:17:54.492+0000] {processor.py:208} INFO - Processing /opt/airflow/dags/dag_extract_catalogs.py took 0.031 seconds
[2026-07-16T23:18:30.602+0000] {processor.py:186} INFO - Started process (PID=62718) to work on /opt/airflow/dags/dag_extract_catalogs.py
[2026-07-16T23:18:30.602+0000] {processor.py:914} INFO - Processing file /opt/airflow/dags/dag_extract_catalogs.py for tasks to queue
[2026-07-16T23:18:30.603+0000] {logging_mixin.py:190} INFO - [2026-07-16T23:18:30.603+0000] {dagbag.py:588} INFO - Filling up the DagBag from /opt/airflow/dags/dag_extract_catalogs.py
[2026-07-16T23:18:30.608+0000] {processor.py:925} INFO - DAG(s) 'dag_extract_catalogs' retrieved from /opt/airflow/dags/dag_extract_catalogs.py
[2026-07-16T23:18:30.618+0000] {logging_mixin.py:190} INFO - [2026-07-16T23:18:30.618+0000] {dag.py:3239} INFO - Sync 1 DAGs
[2026-07-16T23:18:30.625+0000] {logging_mixin.py:190} INFO - [2026-07-16T23:18:30.625+0000] {dag.py:4180} INFO - Setting next_dagrun for dag_extract_catalogs to 2026-07-16 01:00:00+00:00, run_after=2026-07-17 01:00:00+00:00
[2026-07-16T23:18:30.630+0000] {processor.py:208} INFO - Processing /opt/airflow/dags/dag_extract_catalogs.py took 0.030 seconds
[2026-07-16T23:19:08.278+0000] {processor.py:186} INFO - Started process (PID=62738) to work on /opt/airflow/dags/dag_extract_catalogs.py
[2026-07-16T23:19:08.278+0000] {processor.py:914} INFO - Processing file /opt/airflow/dags/dag_extract_catalogs.py for tasks to queue
[2026-07-16T23:19:08.279+0000] {logging_mixin.py:190} INFO - [2026-07-16T23:19:08.279+0000] {dagbag.py:588} INFO - Filling up the DagBag from /opt/airflow/dags/dag_extract_catalogs.py
[2026-07-16T23:19:08.284+0000] {processor.py:925} INFO - DAG(s) 'dag_extract_catalogs' retrieved from /opt/airflow/dags/dag_extract_catalogs.py
[2026-07-16T23:19:08.294+0000] {logging_mixin.py:190} INFO - [2026-07-16T23:19:08.294+0000] {dag.py:3239} INFO - Sync 1 DAGs
[2026-07-16T23:19:08.300+0000] {logging_mixin.py:190} INFO - [2026-07-16T23:19:08.300+0000] {dag.py:4180} INFO - Setting next_dagrun for dag_extract_catalogs to 2026-07-16 01:00:00+00:00, run_after=2026-07-17 01:00:00+00:00
[2026-07-16T23:19:08.305+0000] {processor.py:208} INFO - Processing /opt/airflow/dags/dag_extract_catalogs.py took 0.029 seconds
[2026-07-16T23:19:38.755+0000] {processor.py:186} INFO - Started process (PID=62758) to work on /opt/airflow/dags/dag_extract_catalogs.py
[2026-07-16T23:19:38.755+0000] {processor.py:914} INFO - Processing file /opt/airflow/dags/dag_extract_catalogs.py for tasks to queue
[2026-07-16T23:19:38.756+0000] {logging_mixin.py:190} INFO - [2026-07-16T23:19:38.756+0000] {dagbag.py:588} INFO - Filling up the DagBag from /opt/airflow/dags/dag_extract_catalogs.py
[2026-07-16T23:19:38.761+0000] {processor.py:925} INFO - DAG(s) 'dag_extract_catalogs' retrieved from /opt/airflow/dags/dag_extract_catalogs.py
[2026-07-16T23:19:38.770+0000] {logging_mixin.py:190} INFO - [2026-07-16T23:19:38.770+0000] {dag.py:3239} INFO - Sync 1 DAGs
[2026-07-16T23:19:38.778+0000] {logging_mixin.py:190} INFO - [2026-07-16T23:19:38.778+0000] {dag.py:4180} INFO - Setting next_dagrun for dag_extract_catalogs to 2026-07-16 01:00:00+00:00, run_after=2026-07-17 01:00:00+00:00
[2026-07-16T23:19:38.782+0000] {processor.py:208} INFO - Processing /opt/airflow/dags/dag_extract_catalogs.py took 0.030 seconds
[2026-07-16T23:20:15.543+0000] {processor.py:186} INFO - Started process (PID=62778) to work on /opt/airflow/dags/dag_extract_catalogs.py
[2026-07-16T23:20:15.544+0000] {processor.py:914} INFO - Processing file /opt/airflow/dags/dag_extract_catalogs.py for tasks to queue
[2026-07-16T23:20:15.545+0000] {logging_mixin.py:190} INFO - [2026-07-16T23:20:15.544+0000] {dagbag.py:588} INFO - Filling up the DagBag from /opt/airflow/dags/dag_extract_catalogs.py
[2026-07-16T23:20:15.549+0000] {processor.py:925} INFO - DAG(s) 'dag_extract_catalogs' retrieved from /opt/airflow/dags/dag_extract_catalogs.py
[2026-07-16T23:20:15.559+0000] {logging_mixin.py:190} INFO - [2026-07-16T23:20:15.559+0000] {dag.py:3239} INFO - Sync 1 DAGs
[2026-07-16T23:20:15.566+0000] {logging_mixin.py:190} INFO - [2026-07-16T23:20:15.566+0000] {dag.py:4180} INFO - Setting next_dagrun for dag_extract_catalogs to 2026-07-16 01:00:00+00:00, run_after=2026-07-17 01:00:00+00:00
[2026-07-16T23:20:15.570+0000] {processor.py:208} INFO - Processing /opt/airflow/dags/dag_extract_catalogs.py took 0.029 seconds
[2026-07-16T23:20:51.780+0000] {processor.py:186} INFO - Started process (PID=62798) to work on /opt/airflow/dags/dag_extract_catalogs.py
[2026-07-16T23:20:51.781+0000] {processor.py:914} INFO - Processing file /opt/airflow/dags/dag_extract_catalogs.py for tasks to queue
[2026-07-16T23:20:51.782+0000] {logging_mixin.py:190} INFO - [2026-07-16T23:20:51.782+0000] {dagbag.py:588} INFO - Filling up the DagBag from /opt/airflow/dags/dag_extract_catalogs.py
[2026-07-16T23:20:51.786+0000] {processor.py:925} INFO - DAG(s) 'dag_extract_catalogs' retrieved from /opt/airflow/dags/dag_extract_catalogs.py
[2026-07-16T23:20:51.797+0000] {logging_mixin.py:190} INFO - [2026-07-16T23:20:51.796+0000] {dag.py:3239} INFO - Sync 1 DAGs
[2026-07-16T23:20:51.803+0000] {logging_mixin.py:190} INFO - [2026-07-16T23:20:51.803+0000] {dag.py:4180} INFO - Setting next_dagrun for dag_extract_catalogs to 2026-07-16 01:00:00+00:00, run_after=2026-07-17 01:00:00+00:00
[2026-07-16T23:20:51.808+0000] {processor.py:208} INFO - Processing /opt/airflow/dags/dag_extract_catalogs.py took 0.030 seconds
[2026-07-16T23:21:22.222+0000] {processor.py:186} INFO - Started process (PID=62818) to work on /opt/airflow/dags/dag_extract_catalogs.py
[2026-07-16T23:21:22.223+0000] {processor.py:914} INFO - Processing file /opt/airflow/dags/dag_extract_catalogs.py for tasks to queue
[2026-07-16T23:21:22.223+0000] {logging_mixin.py:190} INFO - [2026-07-16T23:21:22.223+0000] {dagbag.py:588} INFO - Filling up the DagBag from /opt/airflow/dags/dag_extract_catalogs.py
[2026-07-16T23:21:22.228+0000] {processor.py:925} INFO - DAG(s) 'dag_extract_catalogs' retrieved from /opt/airflow/dags/dag_extract_catalogs.py
[2026-07-16T23:21:22.238+0000] {logging_mixin.py:190} INFO - [2026-07-16T23:21:22.238+0000] {dag.py:3239} INFO - Sync 1 DAGs
[2026-07-16T23:21:22.245+0000] {logging_mixin.py:190} INFO - [2026-07-16T23:21:22.245+0000] {dag.py:4180} INFO - Setting next_dagrun for dag_extract_catalogs to 2026-07-16 01:00:00+00:00, run_after=2026-07-17 01:00:00+00:00
[2026-07-16T23:21:22.249+0000] {processor.py:208} INFO - Processing /opt/airflow/dags/dag_extract_catalogs.py took 0.029 seconds
[2026-07-16T23:21:58.615+0000] {processor.py:186} INFO - Started process (PID=62838) to work on /opt/airflow/dags/dag_extract_catalogs.py
[2026-07-16T23:21:58.615+0000] {processor.py:914} INFO - Processing file /opt/airflow/dags/dag_extract_catalogs.py for tasks to queue
[2026-07-16T23:21:58.616+0000] {logging_mixin.py:190} INFO - [2026-07-16T23:21:58.616+0000] {dagbag.py:588} INFO - Filling up the DagBag from /opt/airflow/dags/dag_extract_catalogs.py
[2026-07-16T23:21:58.621+0000] {processor.py:925} INFO - DAG(s) 'dag_extract_catalogs' retrieved from /opt/airflow/dags/dag_extract_catalogs.py
[2026-07-16T23:21:58.631+0000] {logging_mixin.py:190} INFO - [2026-07-16T23:21:58.630+0000] {dag.py:3239} INFO - Sync 1 DAGs
[2026-07-16T23:21:58.637+0000] {logging_mixin.py:190} INFO - [2026-07-16T23:21:58.637+0000] {dag.py:4180} INFO - Setting next_dagrun for dag_extract_catalogs to 2026-07-16 01:00:00+00:00, run_after=2026-07-17 01:00:00+00:00
[2026-07-16T23:21:58.642+0000] {processor.py:208} INFO - Processing /opt/airflow/dags/dag_extract_catalogs.py took 0.029 seconds
[2026-07-16T23:22:36.490+0000] {processor.py:186} INFO - Started process (PID=62856) to work on /opt/airflow/dags/dag_extract_catalogs.py
[2026-07-16T23:22:36.491+0000] {processor.py:914} INFO - Processing file /opt/airflow/dags/dag_extract_catalogs.py for tasks to queue
[2026-07-16T23:22:36.492+0000] {logging_mixin.py:190} INFO - [2026-07-16T23:22:36.492+0000] {dagbag.py:588} INFO - Filling up the DagBag from /opt/airflow/dags/dag_extract_catalogs.py
[2026-07-16T23:22:36.498+0000] {processor.py:925} INFO - DAG(s) 'dag_extract_catalogs' retrieved from /opt/airflow/dags/dag_extract_catalogs.py
[2026-07-16T23:22:36.510+0000] {logging_mixin.py:190} INFO - [2026-07-16T23:22:36.510+0000] {dag.py:3239} INFO - Sync 1 DAGs
[2026-07-16T23:22:36.518+0000] {logging_mixin.py:190} INFO - [2026-07-16T23:22:36.518+0000] {dag.py:4180} INFO - Setting next_dagrun for dag_extract_catalogs to 2026-07-16 01:00:00+00:00, run_after=2026-07-17 01:00:00+00:00
[2026-07-16T23:22:36.525+0000] {processor.py:208} INFO - Processing /opt/airflow/dags/dag_extract_catalogs.py took 0.038 seconds
[2026-07-16T23:23:07.019+0000] {processor.py:186} INFO - Started process (PID=62878) to work on /opt/airflow/dags/dag_extract_catalogs.py
[2026-07-16T23:23:07.020+0000] {processor.py:914} INFO - Processing file /opt/airflow/dags/dag_extract_catalogs.py for tasks to queue
[2026-07-16T23:23:07.021+0000] {logging_mixin.py:190} INFO - [2026-07-16T23:23:07.020+0000] {dagbag.py:588} INFO - Filling up the DagBag from /opt/airflow/dags/dag_extract_catalogs.py
[2026-07-16T23:23:07.025+0000] {processor.py:925} INFO - DAG(s) 'dag_extract_catalogs' retrieved from /opt/airflow/dags/dag_extract_catalogs.py
[2026-07-16T23:23:07.035+0000] {logging_mixin.py:190} INFO - [2026-07-16T23:23:07.035+0000] {dag.py:3239} INFO - Sync 1 DAGs
[2026-07-16T23:23:07.043+0000] {logging_mixin.py:190} INFO - [2026-07-16T23:23:07.042+0000] {dag.py:4180} INFO - Setting next_dagrun for dag_extract_catalogs to 2026-07-16 01:00:00+00:00, run_after=2026-07-17 01:00:00+00:00
[2026-07-16T23:23:07.047+0000] {processor.py:208} INFO - Processing /opt/airflow/dags/dag_extract_catalogs.py took 0.030 seconds
[2026-07-16T23:23:43.519+0000] {processor.py:186} INFO - Started process (PID=62898) to work on /opt/airflow/dags/dag_extract_catalogs.py
[2026-07-16T23:23:43.520+0000] {processor.py:914} INFO - Processing file /opt/airflow/dags/dag_extract_catalogs.py for tasks to queue
[2026-07-16T23:23:43.520+0000] {logging_mixin.py:190} INFO - [2026-07-16T23:23:43.520+0000] {dagbag.py:588} INFO - Filling up the DagBag from /opt/airflow/dags/dag_extract_catalogs.py
[2026-07-16T23:23:43.525+0000] {processor.py:925} INFO - DAG(s) 'dag_extract_catalogs' retrieved from /opt/airflow/dags/dag_extract_catalogs.py
[2026-07-16T23:23:43.535+0000] {logging_mixin.py:190} INFO - [2026-07-16T23:23:43.535+0000] {dag.py:3239} INFO - Sync 1 DAGs
[2026-07-16T23:23:43.542+0000] {logging_mixin.py:190} INFO - [2026-07-16T23:23:43.542+0000] {dag.py:4180} INFO - Setting next_dagrun for dag_extract_catalogs to 2026-07-16 01:00:00+00:00, run_after=2026-07-17 01:00:00+00:00
[2026-07-16T23:23:43.546+0000] {processor.py:208} INFO - Processing /opt/airflow/dags/dag_extract_catalogs.py took 0.029 seconds
[2026-07-16T23:24:20.957+0000] {processor.py:186} INFO - Started process (PID=62918) to work on /opt/airflow/dags/dag_extract_catalogs.py
[2026-07-16T23:24:20.958+0000] {processor.py:914} INFO - Processing file /opt/airflow/dags/dag_extract_catalogs.py for tasks to queue
[2026-07-16T23:24:20.958+0000] {logging_mixin.py:190} INFO - [2026-07-16T23:24:20.958+0000] {dagbag.py:588} INFO - Filling up the DagBag from /opt/airflow/dags/dag_extract_catalogs.py
[2026-07-16T23:24:20.963+0000] {processor.py:925} INFO - DAG(s) 'dag_extract_catalogs' retrieved from /opt/airflow/dags/dag_extract_catalogs.py
[2026-07-16T23:24:20.973+0000] {logging_mixin.py:190} INFO - [2026-07-16T23:24:20.973+0000] {dag.py:3239} INFO - Sync 1 DAGs
[2026-07-16T23:24:20.980+0000] {logging_mixin.py:190} INFO - [2026-07-16T23:24:20.980+0000] {dag.py:4180} INFO - Setting next_dagrun for dag_extract_catalogs to 2026-07-16 01:00:00+00:00, run_after=2026-07-17 01:00:00+00:00
[2026-07-16T23:24:20.985+0000] {processor.py:208} INFO - Processing /opt/airflow/dags/dag_extract_catalogs.py took 0.030 seconds
[2026-07-16T23:24:51.402+0000] {processor.py:186} INFO - Started process (PID=62936) to work on /opt/airflow/dags/dag_extract_catalogs.py
[2026-07-16T23:24:51.403+0000] {processor.py:914} INFO - Processing file /opt/airflow/dags/dag_extract_catalogs.py for tasks to queue
[2026-07-16T23:24:51.404+0000] {logging_mixin.py:190} INFO - [2026-07-16T23:24:51.404+0000] {dagbag.py:588} INFO - Filling up the DagBag from /opt/airflow/dags/dag_extract_catalogs.py
[2026-07-16T23:24:51.409+0000] {processor.py:925} INFO - DAG(s) 'dag_extract_catalogs' retrieved from /opt/airflow/dags/dag_extract_catalogs.py
[2026-07-16T23:24:51.423+0000] {logging_mixin.py:190} INFO - [2026-07-16T23:24:51.423+0000] {dag.py:3239} INFO - Sync 1 DAGs
[2026-07-16T23:24:51.431+0000] {logging_mixin.py:190} INFO - [2026-07-16T23:24:51.431+0000] {dag.py:4180} INFO - Setting next_dagrun for dag_extract_catalogs to 2026-07-16 01:00:00+00:00, run_after=2026-07-17 01:00:00+00:00
[2026-07-16T23:24:51.438+0000] {processor.py:208} INFO - Processing /opt/airflow/dags/dag_extract_catalogs.py took 0.039 seconds
[2026-07-16T23:25:27.812+0000] {processor.py:186} INFO - Started process (PID=62956) to work on /opt/airflow/dags/dag_extract_catalogs.py
[2026-07-16T23:25:27.813+0000] {processor.py:914} INFO - Processing file /opt/airflow/dags/dag_extract_catalogs.py for tasks to queue
[2026-07-16T23:25:27.815+0000] {logging_mixin.py:190} INFO - [2026-07-16T23:25:27.814+0000] {dagbag.py:588} INFO - Filling up the DagBag from /opt/airflow/dags/dag_extract_catalogs.py
[2026-07-16T23:25:27.827+0000] {processor.py:925} INFO - DAG(s) 'dag_extract_catalogs' retrieved from /opt/airflow/dags/dag_extract_catalogs.py
[2026-07-16T23:25:27.839+0000] {logging_mixin.py:190} INFO - [2026-07-16T23:25:27.839+0000] {dag.py:3239} INFO - Sync 1 DAGs
[2026-07-16T23:25:27.847+0000] {logging_mixin.py:190} INFO - [2026-07-16T23:25:27.847+0000] {dag.py:4180} INFO - Setting next_dagrun for dag_extract_catalogs to 2026-07-16 01:00:00+00:00, run_after=2026-07-17 01:00:00+00:00
[2026-07-16T23:25:27.852+0000] {processor.py:208} INFO - Processing /opt/airflow/dags/dag_extract_catalogs.py took 0.046 seconds
[2026-07-16T23:25:58.360+0000] {processor.py:186} INFO - Started process (PID=62976) to work on /opt/airflow/dags/dag_extract_catalogs.py
[2026-07-16T23:25:58.361+0000] {processor.py:914} INFO - Processing file /opt/airflow/dags/dag_extract_catalogs.py for tasks to queue
[2026-07-16T23:25:58.362+0000] {logging_mixin.py:190} INFO - [2026-07-16T23:25:58.362+0000] {dagbag.py:588} INFO - Filling up the DagBag from /opt/airflow/dags/dag_extract_catalogs.py
[2026-07-16T23:25:58.368+0000] {processor.py:925} INFO - DAG(s) 'dag_extract_catalogs' retrieved from /opt/airflow/dags/dag_extract_catalogs.py
[2026-07-16T23:25:58.381+0000] {logging_mixin.py:190} INFO - [2026-07-16T23:25:58.381+0000] {dag.py:3239} INFO - Sync 1 DAGs
[2026-07-16T23:25:58.390+0000] {logging_mixin.py:190} INFO - [2026-07-16T23:25:58.390+0000] {dag.py:4180} INFO - Setting next_dagrun for dag_extract_catalogs to 2026-07-16 01:00:00+00:00, run_after=2026-07-17 01:00:00+00:00
[2026-07-16T23:25:58.398+0000] {processor.py:208} INFO - Processing /opt/airflow/dags/dag_extract_catalogs.py took 0.041 seconds
[2026-07-16T23:26:29.357+0000] {processor.py:186} INFO - Started process (PID=62998) to work on /opt/airflow/dags/dag_extract_catalogs.py
[2026-07-16T23:26:29.357+0000] {processor.py:914} INFO - Processing file /opt/airflow/dags/dag_extract_catalogs.py for tasks to queue
[2026-07-16T23:26:29.358+0000] {logging_mixin.py:190} INFO - [2026-07-16T23:26:29.358+0000] {dagbag.py:588} INFO - Filling up the DagBag from /opt/airflow/dags/dag_extract_catalogs.py
[2026-07-16T23:26:29.362+0000] {processor.py:925} INFO - DAG(s) 'dag_extract_catalogs' retrieved from /opt/airflow/dags/dag_extract_catalogs.py
[2026-07-16T23:26:29.372+0000] {logging_mixin.py:190} INFO - [2026-07-16T23:26:29.372+0000] {dag.py:3239} INFO - Sync 1 DAGs
[2026-07-16T23:26:29.379+0000] {logging_mixin.py:190} INFO - [2026-07-16T23:26:29.379+0000] {dag.py:4180} INFO - Setting next_dagrun for dag_extract_catalogs to 2026-07-16 01:00:00+00:00, run_after=2026-07-17 01:00:00+00:00
[2026-07-16T23:26:29.384+0000] {processor.py:208} INFO - Processing /opt/airflow/dags/dag_extract_catalogs.py took 0.030 seconds
[2026-07-16T23:27:05.616+0000] {processor.py:186} INFO - Started process (PID=63018) to work on /opt/airflow/dags/dag_extract_catalogs.py
[2026-07-16T23:27:05.616+0000] {processor.py:914} INFO - Processing file /opt/airflow/dags/dag_extract_catalogs.py for tasks to queue
[2026-07-16T23:27:05.617+0000] {logging_mixin.py:190} INFO - [2026-07-16T23:27:05.617+0000] {dagbag.py:588} INFO - Filling up the DagBag from /opt/airflow/dags/dag_extract_catalogs.py
[2026-07-16T23:27:05.622+0000] {processor.py:925} INFO - DAG(s) 'dag_extract_catalogs' retrieved from /opt/airflow/dags/dag_extract_catalogs.py
[2026-07-16T23:27:05.631+0000] {logging_mixin.py:190} INFO - [2026-07-16T23:27:05.631+0000] {dag.py:3239} INFO - Sync 1 DAGs
[2026-07-16T23:27:05.639+0000] {logging_mixin.py:190} INFO - [2026-07-16T23:27:05.639+0000] {dag.py:4180} INFO - Setting next_dagrun for dag_extract_catalogs to 2026-07-16 01:00:00+00:00, run_after=2026-07-17 01:00:00+00:00
[2026-07-16T23:27:05.643+0000] {processor.py:208} INFO - Processing /opt/airflow/dags/dag_extract_catalogs.py took 0.030 seconds
[2026-07-16T23:27:36.092+0000] {processor.py:186} INFO - Started process (PID=63036) to work on /opt/airflow/dags/dag_extract_catalogs.py
[2026-07-16T23:27:36.092+0000] {processor.py:914} INFO - Processing file /opt/airflow/dags/dag_extract_catalogs.py for tasks to queue
[2026-07-16T23:27:36.093+0000] {logging_mixin.py:190} INFO - [2026-07-16T23:27:36.093+0000] {dagbag.py:588} INFO - Filling up the DagBag from /opt/airflow/dags/dag_extract_catalogs.py
[2026-07-16T23:27:36.099+0000] {processor.py:925} INFO - DAG(s) 'dag_extract_catalogs' retrieved from /opt/airflow/dags/dag_extract_catalogs.py
[2026-07-16T23:27:36.112+0000] {logging_mixin.py:190} INFO - [2026-07-16T23:27:36.112+0000] {dag.py:3239} INFO - Sync 1 DAGs
[2026-07-16T23:27:36.123+0000] {logging_mixin.py:190} INFO - [2026-07-16T23:27:36.123+0000] {dag.py:4180} INFO - Setting next_dagrun for dag_extract_catalogs to 2026-07-16 01:00:00+00:00, run_after=2026-07-17 01:00:00+00:00
[2026-07-16T23:27:36.130+0000] {processor.py:208} INFO - Processing /opt/airflow/dags/dag_extract_catalogs.py took 0.042 seconds
[2026-07-16T23:28:12.885+0000] {processor.py:186} INFO - Started process (PID=63058) to work on /opt/airflow/dags/dag_extract_catalogs.py
[2026-07-16T23:28:12.885+0000] {processor.py:914} INFO - Processing file /opt/airflow/dags/dag_extract_catalogs.py for tasks to queue
[2026-07-16T23:28:12.886+0000] {logging_mixin.py:190} INFO - [2026-07-16T23:28:12.886+0000] {dagbag.py:588} INFO - Filling up the DagBag from /opt/airflow/dags/dag_extract_catalogs.py
[2026-07-16T23:28:12.890+0000] {processor.py:925} INFO - DAG(s) 'dag_extract_catalogs' retrieved from /opt/airflow/dags/dag_extract_catalogs.py
[2026-07-16T23:28:12.900+0000] {logging_mixin.py:190} INFO - [2026-07-16T23:28:12.900+0000] {dag.py:3239} INFO - Sync 1 DAGs
[2026-07-16T23:28:12.907+0000] {logging_mixin.py:190} INFO - [2026-07-16T23:28:12.907+0000] {dag.py:4180} INFO - Setting next_dagrun for dag_extract_catalogs to 2026-07-16 01:00:00+00:00, run_after=2026-07-17 01:00:00+00:00
[2026-07-16T23:28:12.967+0000] {processor.py:208} INFO - Processing /opt/airflow/dags/dag_extract_catalogs.py took 0.085 seconds
[2026-07-16T23:28:50.035+0000] {processor.py:186} INFO - Started process (PID=63078) to work on /opt/airflow/dags/dag_extract_catalogs.py
[2026-07-16T23:28:50.036+0000] {processor.py:914} INFO - Processing file /opt/airflow/dags/dag_extract_catalogs.py for tasks to queue
[2026-07-16T23:28:50.036+0000] {logging_mixin.py:190} INFO - [2026-07-16T23:28:50.036+0000] {dagbag.py:588} INFO - Filling up the DagBag from /opt/airflow/dags/dag_extract_catalogs.py
[2026-07-16T23:28:50.041+0000] {processor.py:925} INFO - DAG(s) 'dag_extract_catalogs' retrieved from /opt/airflow/dags/dag_extract_catalogs.py
[2026-07-16T23:28:50.050+0000] {logging_mixin.py:190} INFO - [2026-07-16T23:28:50.050+0000] {dag.py:3239} INFO - Sync 1 DAGs
[2026-07-16T23:28:50.058+0000] {logging_mixin.py:190} INFO - [2026-07-16T23:28:50.057+0000] {dag.py:4180} INFO - Setting next_dagrun for dag_extract_catalogs to 2026-07-16 01:00:00+00:00, run_after=2026-07-17 01:00:00+00:00
[2026-07-16T23:28:50.062+0000] {processor.py:208} INFO - Processing /opt/airflow/dags/dag_extract_catalogs.py took 0.029 seconds
[2026-07-16T23:29:20.584+0000] {processor.py:186} INFO - Started process (PID=63096) to work on /opt/airflow/dags/dag_extract_catalogs.py
[2026-07-16T23:29:20.584+0000] {processor.py:914} INFO - Processing file /opt/airflow/dags/dag_extract_catalogs.py for tasks to queue
[2026-07-16T23:29:20.585+0000] {logging_mixin.py:190} INFO - [2026-07-16T23:29:20.585+0000] {dagbag.py:588} INFO - Filling up the DagBag from /opt/airflow/dags/dag_extract_catalogs.py
[2026-07-16T23:29:20.591+0000] {processor.py:925} INFO - DAG(s) 'dag_extract_catalogs' retrieved from /opt/airflow/dags/dag_extract_catalogs.py
[2026-07-16T23:29:20.602+0000] {logging_mixin.py:190} INFO - [2026-07-16T23:29:20.602+0000] {dag.py:3239} INFO - Sync 1 DAGs
[2026-07-16T23:29:20.666+0000] {logging_mixin.py:190} INFO - [2026-07-16T23:29:20.666+0000] {dag.py:4180} INFO - Setting next_dagrun for dag_extract_catalogs to 2026-07-16 01:00:00+00:00, run_after=2026-07-17 01:00:00+00:00
[2026-07-16T23:29:20.671+0000] {processor.py:208} INFO - Processing /opt/airflow/dags/dag_extract_catalogs.py took 0.089 seconds
[2026-07-16T23:29:55.444+0000] {processor.py:186} INFO - Started process (PID=63118) to work on /opt/airflow/dags/dag_extract_catalogs.py
[2026-07-16T23:29:55.444+0000] {processor.py:914} INFO - Processing file /opt/airflow/dags/dag_extract_catalogs.py for tasks to queue
[2026-07-16T23:29:55.445+0000] {logging_mixin.py:190} INFO - [2026-07-16T23:29:55.445+0000] {dagbag.py:588} INFO - Filling up the DagBag from /opt/airflow/dags/dag_extract_catalogs.py
[2026-07-16T23:29:55.450+0000] {processor.py:925} INFO - DAG(s) 'dag_extract_catalogs' retrieved from /opt/airflow/dags/dag_extract_catalogs.py
[2026-07-16T23:29:55.459+0000] {logging_mixin.py:190} INFO - [2026-07-16T23:29:55.459+0000] {dag.py:3239} INFO - Sync 1 DAGs
[2026-07-16T23:29:55.467+0000] {logging_mixin.py:190} INFO - [2026-07-16T23:29:55.467+0000] {dag.py:4180} INFO - Setting next_dagrun for dag_extract_catalogs to 2026-07-16 01:00:00+00:00, run_after=2026-07-17 01:00:00+00:00
[2026-07-16T23:29:55.472+0000] {processor.py:208} INFO - Processing /opt/airflow/dags/dag_extract_catalogs.py took 0.030 seconds
[2026-07-16T23:30:33.212+0000] {processor.py:186} INFO - Started process (PID=63138) to work on /opt/airflow/dags/dag_extract_catalogs.py
[2026-07-16T23:30:33.212+0000] {processor.py:914} INFO - Processing file /opt/airflow/dags/dag_extract_catalogs.py for tasks to queue
[2026-07-16T23:30:33.213+0000] {logging_mixin.py:190} INFO - [2026-07-16T23:30:33.213+0000] {dagbag.py:588} INFO - Filling up the DagBag from /opt/airflow/dags/dag_extract_catalogs.py
[2026-07-16T23:30:33.218+0000] {processor.py:925} INFO - DAG(s) 'dag_extract_catalogs' retrieved from /opt/airflow/dags/dag_extract_catalogs.py
[2026-07-16T23:30:33.228+0000] {logging_mixin.py:190} INFO - [2026-07-16T23:30:33.228+0000] {dag.py:3239} INFO - Sync 1 DAGs
[2026-07-16T23:30:33.236+0000] {logging_mixin.py:190} INFO - [2026-07-16T23:30:33.235+0000] {dag.py:4180} INFO - Setting next_dagrun for dag_extract_catalogs to 2026-07-16 01:00:00+00:00, run_after=2026-07-17 01:00:00+00:00
[2026-07-16T23:30:33.240+0000] {processor.py:208} INFO - Processing /opt/airflow/dags/dag_extract_catalogs.py took 0.031 seconds
[2026-07-16T23:31:03.688+0000] {processor.py:186} INFO - Started process (PID=63156) to work on /opt/airflow/dags/dag_extract_catalogs.py
[2026-07-16T23:31:03.689+0000] {processor.py:914} INFO - Processing file /opt/airflow/dags/dag_extract_catalogs.py for tasks to queue
[2026-07-16T23:31:03.692+0000] {logging_mixin.py:190} INFO - [2026-07-16T23:31:03.692+0000] {dagbag.py:588} INFO - Filling up the DagBag from /opt/airflow/dags/dag_extract_catalogs.py
[2026-07-16T23:31:03.700+0000] {processor.py:925} INFO - DAG(s) 'dag_extract_catalogs' retrieved from /opt/airflow/dags/dag_extract_catalogs.py
[2026-07-16T23:31:03.713+0000] {logging_mixin.py:190} INFO - [2026-07-16T23:31:03.713+0000] {dag.py:3239} INFO - Sync 1 DAGs
[2026-07-16T23:31:03.721+0000] {logging_mixin.py:190} INFO - [2026-07-16T23:31:03.721+0000] {dag.py:4180} INFO - Setting next_dagrun for dag_extract_catalogs to 2026-07-16 01:00:00+00:00, run_after=2026-07-17 01:00:00+00:00
[2026-07-16T23:31:03.725+0000] {processor.py:208} INFO - Processing /opt/airflow/dags/dag_extract_catalogs.py took 0.040 seconds
[2026-07-16T23:31:40.197+0000] {processor.py:186} INFO - Started process (PID=63178) to work on /opt/airflow/dags/dag_extract_catalogs.py
[2026-07-16T23:31:40.198+0000] {processor.py:914} INFO - Processing file /opt/airflow/dags/dag_extract_catalogs.py for tasks to queue
[2026-07-16T23:31:40.198+0000] {logging_mixin.py:190} INFO - [2026-07-16T23:31:40.198+0000] {dagbag.py:588} INFO - Filling up the DagBag from /opt/airflow/dags/dag_extract_catalogs.py
[2026-07-16T23:31:40.203+0000] {processor.py:925} INFO - DAG(s) 'dag_extract_catalogs' retrieved from /opt/airflow/dags/dag_extract_catalogs.py
[2026-07-16T23:31:40.213+0000] {logging_mixin.py:190} INFO - [2026-07-16T23:31:40.213+0000] {dag.py:3239} INFO - Sync 1 DAGs
[2026-07-16T23:31:40.220+0000] {logging_mixin.py:190} INFO - [2026-07-16T23:31:40.220+0000] {dag.py:4180} INFO - Setting next_dagrun for dag_extract_catalogs to 2026-07-16 01:00:00+00:00, run_after=2026-07-17 01:00:00+00:00
[2026-07-16T23:31:40.225+0000] {processor.py:208} INFO - Processing /opt/airflow/dags/dag_extract_catalogs.py took 0.030 seconds
[2026-07-16T23:32:10.642+0000] {processor.py:186} INFO - Started process (PID=63198) to work on /opt/airflow/dags/dag_extract_catalogs.py
[2026-07-16T23:32:10.642+0000] {processor.py:914} INFO - Processing file /opt/airflow/dags/dag_extract_catalogs.py for tasks to queue
[2026-07-16T23:32:10.643+0000] {logging_mixin.py:190} INFO - [2026-07-16T23:32:10.643+0000] {dagbag.py:588} INFO - Filling up the DagBag from /opt/airflow/dags/dag_extract_catalogs.py
[2026-07-16T23:32:10.648+0000] {processor.py:925} INFO - DAG(s) 'dag_extract_catalogs' retrieved from /opt/airflow/dags/dag_extract_catalogs.py
[2026-07-16T23:32:10.658+0000] {logging_mixin.py:190} INFO - [2026-07-16T23:32:10.658+0000] {dag.py:3239} INFO - Sync 1 DAGs
[2026-07-16T23:32:10.665+0000] {logging_mixin.py:190} INFO - [2026-07-16T23:32:10.665+0000] {dag.py:4180} INFO - Setting next_dagrun for dag_extract_catalogs to 2026-07-16 01:00:00+00:00, run_after=2026-07-17 01:00:00+00:00
[2026-07-16T23:32:10.669+0000] {processor.py:208} INFO - Processing /opt/airflow/dags/dag_extract_catalogs.py took 0.030 seconds
[2026-07-16T23:32:47.066+0000] {processor.py:186} INFO - Started process (PID=63218) to work on /opt/airflow/dags/dag_extract_catalogs.py
[2026-07-16T23:32:47.067+0000] {processor.py:914} INFO - Processing file /opt/airflow/dags/dag_extract_catalogs.py for tasks to queue
[2026-07-16T23:32:47.067+0000] {logging_mixin.py:190} INFO - [2026-07-16T23:32:47.067+0000] {dagbag.py:588} INFO - Filling up the DagBag from /opt/airflow/dags/dag_extract_catalogs.py
[2026-07-16T23:32:47.072+0000] {processor.py:925} INFO - DAG(s) 'dag_extract_catalogs' retrieved from /opt/airflow/dags/dag_extract_catalogs.py
[2026-07-16T23:32:47.082+0000] {logging_mixin.py:190} INFO - [2026-07-16T23:32:47.082+0000] {dag.py:3239} INFO - Sync 1 DAGs
[2026-07-16T23:32:47.089+0000] {logging_mixin.py:190} INFO - [2026-07-16T23:32:47.089+0000] {dag.py:4180} INFO - Setting next_dagrun for dag_extract_catalogs to 2026-07-16 01:00:00+00:00, run_after=2026-07-17 01:00:00+00:00
[2026-07-16T23:32:47.093+0000] {processor.py:208} INFO - Processing /opt/airflow/dags/dag_extract_catalogs.py took 0.029 seconds
[2026-07-16T23:33:23.756+0000] {processor.py:186} INFO - Started process (PID=63236) to work on /opt/airflow/dags/dag_extract_catalogs.py
[2026-07-16T23:33:23.756+0000] {processor.py:914} INFO - Processing file /opt/airflow/dags/dag_extract_catalogs.py for tasks to queue
[2026-07-16T23:33:23.758+0000] {logging_mixin.py:190} INFO - [2026-07-16T23:33:23.758+0000] {dagbag.py:588} INFO - Filling up the DagBag from /opt/airflow/dags/dag_extract_catalogs.py
[2026-07-16T23:33:23.764+0000] {processor.py:925} INFO - DAG(s) 'dag_extract_catalogs' retrieved from /opt/airflow/dags/dag_extract_catalogs.py
[2026-07-16T23:33:23.780+0000] {logging_mixin.py:190} INFO - [2026-07-16T23:33:23.780+0000] {dag.py:3239} INFO - Sync 1 DAGs
[2026-07-16T23:33:23.789+0000] {logging_mixin.py:190} INFO - [2026-07-16T23:33:23.788+0000] {dag.py:4180} INFO - Setting next_dagrun for dag_extract_catalogs to 2026-07-16 01:00:00+00:00, run_after=2026-07-17 01:00:00+00:00
[2026-07-16T23:33:23.794+0000] {processor.py:208} INFO - Processing /opt/airflow/dags/dag_extract_catalogs.py took 0.040 seconds
[2026-07-16T23:33:54.336+0000] {processor.py:186} INFO - Started process (PID=63258) to work on /opt/airflow/dags/dag_extract_catalogs.py
[2026-07-16T23:33:54.337+0000] {processor.py:914} INFO - Processing file /opt/airflow/dags/dag_extract_catalogs.py for tasks to queue
[2026-07-16T23:33:54.337+0000] {logging_mixin.py:190} INFO - [2026-07-16T23:33:54.337+0000] {dagbag.py:588} INFO - Filling up the DagBag from /opt/airflow/dags/dag_extract_catalogs.py
[2026-07-16T23:33:54.342+0000] {processor.py:925} INFO - DAG(s) 'dag_extract_catalogs' retrieved from /opt/airflow/dags/dag_extract_catalogs.py
[2026-07-16T23:33:54.352+0000] {logging_mixin.py:190} INFO - [2026-07-16T23:33:54.352+0000] {dag.py:3239} INFO - Sync 1 DAGs
[2026-07-16T23:33:54.359+0000] {logging_mixin.py:190} INFO - [2026-07-16T23:33:54.358+0000] {dag.py:4180} INFO - Setting next_dagrun for dag_extract_catalogs to 2026-07-16 01:00:00+00:00, run_after=2026-07-17 01:00:00+00:00
[2026-07-16T23:33:54.363+0000] {processor.py:208} INFO - Processing /opt/airflow/dags/dag_extract_catalogs.py took 0.029 seconds
[2026-07-16T23:34:30.685+0000] {processor.py:186} INFO - Started process (PID=63278) to work on /opt/airflow/dags/dag_extract_catalogs.py
[2026-07-16T23:34:30.686+0000] {processor.py:914} INFO - Processing file /opt/airflow/dags/dag_extract_catalogs.py for tasks to queue
[2026-07-16T23:34:30.686+0000] {logging_mixin.py:190} INFO - [2026-07-16T23:34:30.686+0000] {dagbag.py:588} INFO - Filling up the DagBag from /opt/airflow/dags/dag_extract_catalogs.py
[2026-07-16T23:34:30.691+0000] {processor.py:925} INFO - DAG(s) 'dag_extract_catalogs' retrieved from /opt/airflow/dags/dag_extract_catalogs.py
[2026-07-16T23:34:30.701+0000] {logging_mixin.py:190} INFO - [2026-07-16T23:34:30.701+0000] {dag.py:3239} INFO - Sync 1 DAGs
[2026-07-16T23:34:30.708+0000] {logging_mixin.py:190} INFO - [2026-07-16T23:34:30.708+0000] {dag.py:4180} INFO - Setting next_dagrun for dag_extract_catalogs to 2026-07-16 01:00:00+00:00, run_after=2026-07-17 01:00:00+00:00
[2026-07-16T23:34:30.713+0000] {processor.py:208} INFO - Processing /opt/airflow/dags/dag_extract_catalogs.py took 0.030 seconds
[2026-07-16T23:50:23.329+0000] {processor.py:186} INFO - Started process (PID=63298) to work on /opt/airflow/dags/dag_extract_catalogs.py
[2026-07-16T23:50:23.330+0000] {processor.py:914} INFO - Processing file /opt/airflow/dags/dag_extract_catalogs.py for tasks to queue
[2026-07-16T23:50:23.331+0000] {logging_mixin.py:190} INFO - [2026-07-16T23:50:23.330+0000] {dagbag.py:588} INFO - Filling up the DagBag from /opt/airflow/dags/dag_extract_catalogs.py
[2026-07-16T23:50:23.335+0000] {processor.py:925} INFO - DAG(s) 'dag_extract_catalogs' retrieved from /opt/airflow/dags/dag_extract_catalogs.py
[2026-07-16T23:50:23.345+0000] {logging_mixin.py:190} INFO - [2026-07-16T23:50:23.345+0000] {dag.py:3239} INFO - Sync 1 DAGs
[2026-07-16T23:50:23.352+0000] {logging_mixin.py:190} INFO - [2026-07-16T23:50:23.352+0000] {dag.py:4180} INFO - Setting next_dagrun for dag_extract_catalogs to 2026-07-16 01:00:00+00:00, run_after=2026-07-17 01:00:00+00:00
[2026-07-16T23:50:23.357+0000] {processor.py:208} INFO - Processing /opt/airflow/dags/dag_extract_catalogs.py took 0.030 seconds
[2026-07-16T23:50:53.882+0000] {processor.py:186} INFO - Started process (PID=63318) to work on /opt/airflow/dags/dag_extract_catalogs.py
[2026-07-16T23:50:53.882+0000] {processor.py:914} INFO - Processing file /opt/airflow/dags/dag_extract_catalogs.py for tasks to queue
[2026-07-16T23:50:53.883+0000] {logging_mixin.py:190} INFO - [2026-07-16T23:50:53.883+0000] {dagbag.py:588} INFO - Filling up the DagBag from /opt/airflow/dags/dag_extract_catalogs.py
[2026-07-16T23:50:53.888+0000] {processor.py:925} INFO - DAG(s) 'dag_extract_catalogs' retrieved from /opt/airflow/dags/dag_extract_catalogs.py
[2026-07-16T23:50:53.897+0000] {logging_mixin.py:190} INFO - [2026-07-16T23:50:53.897+0000] {dag.py:3239} INFO - Sync 1 DAGs
[2026-07-16T23:50:53.904+0000] {logging_mixin.py:190} INFO - [2026-07-16T23:50:53.904+0000] {dag.py:4180} INFO - Setting next_dagrun for dag_extract_catalogs to 2026-07-16 01:00:00+00:00, run_after=2026-07-17 01:00:00+00:00
[2026-07-16T23:50:53.909+0000] {processor.py:208} INFO - Processing /opt/airflow/dags/dag_extract_catalogs.py took 0.029 seconds
[2026-07-16T23:51:30.737+0000] {processor.py:186} INFO - Started process (PID=63338) to work on /opt/airflow/dags/dag_extract_catalogs.py
[2026-07-16T23:51:30.737+0000] {processor.py:914} INFO - Processing file /opt/airflow/dags/dag_extract_catalogs.py for tasks to queue
[2026-07-16T23:51:30.738+0000] {logging_mixin.py:190} INFO - [2026-07-16T23:51:30.738+0000] {dagbag.py:588} INFO - Filling up the DagBag from /opt/airflow/dags/dag_extract_catalogs.py
[2026-07-16T23:51:30.743+0000] {processor.py:925} INFO - DAG(s) 'dag_extract_catalogs' retrieved from /opt/airflow/dags/dag_extract_catalogs.py
[2026-07-16T23:51:30.753+0000] {logging_mixin.py:190} INFO - [2026-07-16T23:51:30.753+0000] {dag.py:3239} INFO - Sync 1 DAGs
[2026-07-16T23:51:30.760+0000] {logging_mixin.py:190} INFO - [2026-07-16T23:51:30.760+0000] {dag.py:4180} INFO - Setting next_dagrun for dag_extract_catalogs to 2026-07-16 01:00:00+00:00, run_after=2026-07-17 01:00:00+00:00
[2026-07-16T23:51:30.765+0000] {processor.py:208} INFO - Processing /opt/airflow/dags/dag_extract_catalogs.py took 0.030 seconds
[2026-07-16T23:52:07.163+0000] {processor.py:186} INFO - Started process (PID=63358) to work on /opt/airflow/dags/dag_extract_catalogs.py
[2026-07-16T23:52:07.163+0000] {processor.py:914} INFO - Processing file /opt/airflow/dags/dag_extract_catalogs.py for tasks to queue
[2026-07-16T23:52:07.164+0000] {logging_mixin.py:190} INFO - [2026-07-16T23:52:07.164+0000] {dagbag.py:588} INFO - Filling up the DagBag from /opt/airflow/dags/dag_extract_catalogs.py
[2026-07-16T23:52:07.169+0000] {processor.py:925} INFO - DAG(s) 'dag_extract_catalogs' retrieved from /opt/airflow/dags/dag_extract_catalogs.py
[2026-07-16T23:52:07.179+0000] {logging_mixin.py:190} INFO - [2026-07-16T23:52:07.178+0000] {dag.py:3239} INFO - Sync 1 DAGs
[2026-07-16T23:52:07.186+0000] {logging_mixin.py:190} INFO - [2026-07-16T23:52:07.186+0000] {dag.py:4180} INFO - Setting next_dagrun for dag_extract_catalogs to 2026-07-16 01:00:00+00:00, run_after=2026-07-17 01:00:00+00:00
[2026-07-16T23:52:07.190+0000] {processor.py:208} INFO - Processing /opt/airflow/dags/dag_extract_catalogs.py took 0.030 seconds
[2026-07-16T23:52:37.639+0000] {processor.py:186} INFO - Started process (PID=63378) to work on /opt/airflow/dags/dag_extract_catalogs.py
[2026-07-16T23:52:37.639+0000] {processor.py:914} INFO - Processing file /opt/airflow/dags/dag_extract_catalogs.py for tasks to queue
[2026-07-16T23:52:37.640+0000] {logging_mixin.py:190} INFO - [2026-07-16T23:52:37.640+0000] {dagbag.py:588} INFO - Filling up the DagBag from /opt/airflow/dags/dag_extract_catalogs.py
[2026-07-16T23:52:37.645+0000] {processor.py:925} INFO - DAG(s) 'dag_extract_catalogs' retrieved from /opt/airflow/dags/dag_extract_catalogs.py
[2026-07-16T23:52:37.654+0000] {logging_mixin.py:190} INFO - [2026-07-16T23:52:37.654+0000] {dag.py:3239} INFO - Sync 1 DAGs
[2026-07-16T23:52:37.661+0000] {logging_mixin.py:190} INFO - [2026-07-16T23:52:37.661+0000] {dag.py:4180} INFO - Setting next_dagrun for dag_extract_catalogs to 2026-07-16 01:00:00+00:00, run_after=2026-07-17 01:00:00+00:00
[2026-07-16T23:52:37.666+0000] {processor.py:208} INFO - Processing /opt/airflow/dags/dag_extract_catalogs.py took 0.030 seconds
[2026-07-16T23:53:15.120+0000] {processor.py:186} INFO - Started process (PID=63398) to work on /opt/airflow/dags/dag_extract_catalogs.py
[2026-07-16T23:53:15.120+0000] {processor.py:914} INFO - Processing file /opt/airflow/dags/dag_extract_catalogs.py for tasks to queue
[2026-07-16T23:53:15.121+0000] {logging_mixin.py:190} INFO - [2026-07-16T23:53:15.121+0000] {dagbag.py:588} INFO - Filling up the DagBag from /opt/airflow/dags/dag_extract_catalogs.py
[2026-07-16T23:53:15.125+0000] {processor.py:925} INFO - DAG(s) 'dag_extract_catalogs' retrieved from /opt/airflow/dags/dag_extract_catalogs.py
[2026-07-16T23:53:15.135+0000] {logging_mixin.py:190} INFO - [2026-07-16T23:53:15.135+0000] {dag.py:3239} INFO - Sync 1 DAGs
[2026-07-16T23:53:15.142+0000] {logging_mixin.py:190} INFO - [2026-07-16T23:53:15.142+0000] {dag.py:4180} INFO - Setting next_dagrun for dag_extract_catalogs to 2026-07-16 01:00:00+00:00, run_after=2026-07-17 01:00:00+00:00
[2026-07-16T23:53:15.147+0000] {processor.py:208} INFO - Processing /opt/airflow/dags/dag_extract_catalogs.py took 0.030 seconds
[2026-07-16T23:53:51.509+0000] {processor.py:186} INFO - Started process (PID=63418) to work on /opt/airflow/dags/dag_extract_catalogs.py
[2026-07-16T23:53:51.509+0000] {processor.py:914} INFO - Processing file /opt/airflow/dags/dag_extract_catalogs.py for tasks to queue
[2026-07-16T23:53:51.510+0000] {logging_mixin.py:190} INFO - [2026-07-16T23:53:51.510+0000] {dagbag.py:588} INFO - Filling up the DagBag from /opt/airflow/dags/dag_extract_catalogs.py
[2026-07-16T23:53:51.515+0000] {processor.py:925} INFO - DAG(s) 'dag_extract_catalogs' retrieved from /opt/airflow/dags/dag_extract_catalogs.py
[2026-07-16T23:53:51.525+0000] {logging_mixin.py:190} INFO - [2026-07-16T23:53:51.525+0000] {dag.py:3239} INFO - Sync 1 DAGs
[2026-07-16T23:53:51.532+0000] {logging_mixin.py:190} INFO - [2026-07-16T23:53:51.532+0000] {dag.py:4180} INFO - Setting next_dagrun for dag_extract_catalogs to 2026-07-16 01:00:00+00:00, run_after=2026-07-17 01:00:00+00:00
[2026-07-16T23:53:51.537+0000] {processor.py:208} INFO - Processing /opt/airflow/dags/dag_extract_catalogs.py took 0.030 seconds
[2026-07-16T23:54:21.961+0000] {processor.py:186} INFO - Started process (PID=63438) to work on /opt/airflow/dags/dag_extract_catalogs.py
[2026-07-16T23:54:21.961+0000] {processor.py:914} INFO - Processing file /opt/airflow/dags/dag_extract_catalogs.py for tasks to queue
[2026-07-16T23:54:21.962+0000] {logging_mixin.py:190} INFO - [2026-07-16T23:54:21.962+0000] {dagbag.py:588} INFO - Filling up the DagBag from /opt/airflow/dags/dag_extract_catalogs.py
[2026-07-16T23:54:21.966+0000] {processor.py:925} INFO - DAG(s) 'dag_extract_catalogs' retrieved from /opt/airflow/dags/dag_extract_catalogs.py
[2026-07-16T23:54:21.976+0000] {logging_mixin.py:190} INFO - [2026-07-16T23:54:21.976+0000] {dag.py:3239} INFO - Sync 1 DAGs
[2026-07-16T23:54:21.983+0000] {logging_mixin.py:190} INFO - [2026-07-16T23:54:21.983+0000] {dag.py:4180} INFO - Setting next_dagrun for dag_extract_catalogs to 2026-07-16 01:00:00+00:00, run_after=2026-07-17 01:00:00+00:00
[2026-07-16T23:54:21.987+0000] {processor.py:208} INFO - Processing /opt/airflow/dags/dag_extract_catalogs.py took 0.029 seconds
[2026-07-16T23:54:59.198+0000] {processor.py:186} INFO - Started process (PID=63458) to work on /opt/airflow/dags/dag_extract_catalogs.py
[2026-07-16T23:54:59.198+0000] {processor.py:914} INFO - Processing file /opt/airflow/dags/dag_extract_catalogs.py for tasks to queue
[2026-07-16T23:54:59.199+0000] {logging_mixin.py:190} INFO - [2026-07-16T23:54:59.199+0000] {dagbag.py:588} INFO - Filling up the DagBag from /opt/airflow/dags/dag_extract_catalogs.py
[2026-07-16T23:54:59.203+0000] {processor.py:925} INFO - DAG(s) 'dag_extract_catalogs' retrieved from /opt/airflow/dags/dag_extract_catalogs.py
[2026-07-16T23:54:59.213+0000] {logging_mixin.py:190} INFO - [2026-07-16T23:54:59.213+0000] {dag.py:3239} INFO - Sync 1 DAGs
[2026-07-16T23:54:59.221+0000] {logging_mixin.py:190} INFO - [2026-07-16T23:54:59.221+0000] {dag.py:4180} INFO - Setting next_dagrun for dag_extract_catalogs to 2026-07-16 01:00:00+00:00, run_after=2026-07-17 01:00:00+00:00
[2026-07-16T23:54:59.225+0000] {processor.py:208} INFO - Processing /opt/airflow/dags/dag_extract_catalogs.py took 0.030 seconds
[2026-07-16T23:55:29.877+0000] {processor.py:186} INFO - Started process (PID=63478) to work on /opt/airflow/dags/dag_extract_catalogs.py
[2026-07-16T23:55:29.877+0000] {processor.py:914} INFO - Processing file /opt/airflow/dags/dag_extract_catalogs.py for tasks to queue
[2026-07-16T23:55:29.878+0000] {logging_mixin.py:190} INFO - [2026-07-16T23:55:29.878+0000] {dagbag.py:588} INFO - Filling up the DagBag from /opt/airflow/dags/dag_extract_catalogs.py
[2026-07-16T23:55:29.884+0000] {processor.py:925} INFO - DAG(s) 'dag_extract_catalogs' retrieved from /opt/airflow/dags/dag_extract_catalogs.py
[2026-07-16T23:55:29.896+0000] {logging_mixin.py:190} INFO - [2026-07-16T23:55:29.896+0000] {dag.py:3239} INFO - Sync 1 DAGs
[2026-07-16T23:55:29.904+0000] {logging_mixin.py:190} INFO - [2026-07-16T23:55:29.904+0000] {dag.py:4180} INFO - Setting next_dagrun for dag_extract_catalogs to 2026-07-16 01:00:00+00:00, run_after=2026-07-17 01:00:00+00:00
[2026-07-16T23:55:29.909+0000] {processor.py:208} INFO - Processing /opt/airflow/dags/dag_extract_catalogs.py took 0.038 seconds
[2026-07-16T23:56:06.835+0000] {processor.py:186} INFO - Started process (PID=63498) to work on /opt/airflow/dags/dag_extract_catalogs.py
[2026-07-16T23:56:06.835+0000] {processor.py:914} INFO - Processing file /opt/airflow/dags/dag_extract_catalogs.py for tasks to queue
[2026-07-16T23:56:06.836+0000] {logging_mixin.py:190} INFO - [2026-07-16T23:56:06.836+0000] {dagbag.py:588} INFO - Filling up the DagBag from /opt/airflow/dags/dag_extract_catalogs.py
[2026-07-16T23:56:06.840+0000] {processor.py:925} INFO - DAG(s) 'dag_extract_catalogs' retrieved from /opt/airflow/dags/dag_extract_catalogs.py
[2026-07-16T23:56:06.850+0000] {logging_mixin.py:190} INFO - [2026-07-16T23:56:06.850+0000] {dag.py:3239} INFO - Sync 1 DAGs
[2026-07-16T23:56:06.857+0000] {logging_mixin.py:190} INFO - [2026-07-16T23:56:06.857+0000] {dag.py:4180} INFO - Setting next_dagrun for dag_extract_catalogs to 2026-07-16 01:00:00+00:00, run_after=2026-07-17 01:00:00+00:00
[2026-07-16T23:56:06.862+0000] {processor.py:208} INFO - Processing /opt/airflow/dags/dag_extract_catalogs.py took 0.030 seconds
