[2026-07-09T10:35:39.502+0000] {processor.py:186} INFO - Started process (PID=198) to work on /opt/airflow/dags/dag_extract_dvizhenie.py
[2026-07-09T10:35:39.503+0000] {processor.py:914} INFO - Processing file /opt/airflow/dags/dag_extract_dvizhenie.py for tasks to queue
[2026-07-09T10:35:39.504+0000] {logging_mixin.py:190} INFO - [2026-07-09T10:35:39.504+0000] {dagbag.py:588} INFO - Filling up the DagBag from /opt/airflow/dags/dag_extract_dvizhenie.py
[2026-07-09T10:35:39.510+0000] {processor.py:925} INFO - DAG(s) 'dag_extract_dvizhenie' retrieved from /opt/airflow/dags/dag_extract_dvizhenie.py
[2026-07-09T10:35:39.549+0000] {logging_mixin.py:190} INFO - [2026-07-09T10:35:39.548+0000] {dag.py:3239} INFO - Sync 1 DAGs
[2026-07-09T10:35:39.555+0000] {logging_mixin.py:190} INFO - [2026-07-09T10:35:39.555+0000] {dag.py:4180} INFO - Setting next_dagrun for dag_extract_dvizhenie to 2026-07-09 08:00:00+00:00, run_after=2026-07-09 10:00:00+00:00
[2026-07-09T10:35:39.561+0000] {processor.py:208} INFO - Processing /opt/airflow/dags/dag_extract_dvizhenie.py took 0.062 seconds
[2026-07-09T10:36:09.977+0000] {processor.py:186} INFO - Started process (PID=218) to work on /opt/airflow/dags/dag_extract_dvizhenie.py
[2026-07-09T10:36:09.977+0000] {processor.py:914} INFO - Processing file /opt/airflow/dags/dag_extract_dvizhenie.py for tasks to queue
[2026-07-09T10:36:09.978+0000] {logging_mixin.py:190} INFO - [2026-07-09T10:36:09.978+0000] {dagbag.py:588} INFO - Filling up the DagBag from /opt/airflow/dags/dag_extract_dvizhenie.py
[2026-07-09T10:36:09.983+0000] {processor.py:925} INFO - DAG(s) 'dag_extract_dvizhenie' retrieved from /opt/airflow/dags/dag_extract_dvizhenie.py
[2026-07-09T10:36:09.993+0000] {logging_mixin.py:190} INFO - [2026-07-09T10:36:09.993+0000] {dag.py:3239} INFO - Sync 1 DAGs
[2026-07-09T10:36:10.000+0000] {logging_mixin.py:190} INFO - [2026-07-09T10:36:10.000+0000] {dag.py:4180} INFO - Setting next_dagrun for dag_extract_dvizhenie to 2026-07-09 08:00:00+00:00, run_after=2026-07-09 10:00:00+00:00
[2026-07-09T10:36:10.005+0000] {processor.py:208} INFO - Processing /opt/airflow/dags/dag_extract_dvizhenie.py took 0.030 seconds
[2026-07-09T10:36:40.439+0000] {processor.py:186} INFO - Started process (PID=238) to work on /opt/airflow/dags/dag_extract_dvizhenie.py
[2026-07-09T10:36:40.439+0000] {processor.py:914} INFO - Processing file /opt/airflow/dags/dag_extract_dvizhenie.py for tasks to queue
[2026-07-09T10:36:40.440+0000] {logging_mixin.py:190} INFO - [2026-07-09T10:36:40.440+0000] {dagbag.py:588} INFO - Filling up the DagBag from /opt/airflow/dags/dag_extract_dvizhenie.py
[2026-07-09T10:36:40.445+0000] {processor.py:925} INFO - DAG(s) 'dag_extract_dvizhenie' retrieved from /opt/airflow/dags/dag_extract_dvizhenie.py
[2026-07-09T10:36:40.455+0000] {logging_mixin.py:190} INFO - [2026-07-09T10:36:40.455+0000] {dag.py:3239} INFO - Sync 1 DAGs
[2026-07-09T10:36:40.462+0000] {logging_mixin.py:190} INFO - [2026-07-09T10:36:40.462+0000] {dag.py:4180} INFO - Setting next_dagrun for dag_extract_dvizhenie to 2026-07-09 08:00:00+00:00, run_after=2026-07-09 10:00:00+00:00
[2026-07-09T10:36:40.467+0000] {processor.py:208} INFO - Processing /opt/airflow/dags/dag_extract_dvizhenie.py took 0.031 seconds
[2026-07-09T10:37:10.858+0000] {processor.py:186} INFO - Started process (PID=258) to work on /opt/airflow/dags/dag_extract_dvizhenie.py
[2026-07-09T10:37:10.859+0000] {processor.py:914} INFO - Processing file /opt/airflow/dags/dag_extract_dvizhenie.py for tasks to queue
[2026-07-09T10:37:10.860+0000] {logging_mixin.py:190} INFO - [2026-07-09T10:37:10.859+0000] {dagbag.py:588} INFO - Filling up the DagBag from /opt/airflow/dags/dag_extract_dvizhenie.py
[2026-07-09T10:37:10.864+0000] {processor.py:925} INFO - DAG(s) 'dag_extract_dvizhenie' retrieved from /opt/airflow/dags/dag_extract_dvizhenie.py
[2026-07-09T10:37:10.874+0000] {logging_mixin.py:190} INFO - [2026-07-09T10:37:10.874+0000] {dag.py:3239} INFO - Sync 1 DAGs
[2026-07-09T10:37:10.882+0000] {logging_mixin.py:190} INFO - [2026-07-09T10:37:10.882+0000] {dag.py:4180} INFO - Setting next_dagrun for dag_extract_dvizhenie to 2026-07-09 08:00:00+00:00, run_after=2026-07-09 10:00:00+00:00
[2026-07-09T10:37:10.886+0000] {processor.py:208} INFO - Processing /opt/airflow/dags/dag_extract_dvizhenie.py took 0.030 seconds
[2026-07-09T10:37:41.361+0000] {processor.py:186} INFO - Started process (PID=278) to work on /opt/airflow/dags/dag_extract_dvizhenie.py
[2026-07-09T10:37:41.361+0000] {processor.py:914} INFO - Processing file /opt/airflow/dags/dag_extract_dvizhenie.py for tasks to queue
[2026-07-09T10:37:41.362+0000] {logging_mixin.py:190} INFO - [2026-07-09T10:37:41.362+0000] {dagbag.py:588} INFO - Filling up the DagBag from /opt/airflow/dags/dag_extract_dvizhenie.py
[2026-07-09T10:37:41.367+0000] {processor.py:925} INFO - DAG(s) 'dag_extract_dvizhenie' retrieved from /opt/airflow/dags/dag_extract_dvizhenie.py
[2026-07-09T10:37:41.379+0000] {logging_mixin.py:190} INFO - [2026-07-09T10:37:41.379+0000] {dag.py:3239} INFO - Sync 1 DAGs
[2026-07-09T10:37:41.387+0000] {logging_mixin.py:190} INFO - [2026-07-09T10:37:41.387+0000] {dag.py:4180} INFO - Setting next_dagrun for dag_extract_dvizhenie to 2026-07-09 08:00:00+00:00, run_after=2026-07-09 10:00:00+00:00
[2026-07-09T10:37:41.391+0000] {processor.py:208} INFO - Processing /opt/airflow/dags/dag_extract_dvizhenie.py took 0.033 seconds
[2026-07-09T10:38:11.890+0000] {processor.py:186} INFO - Started process (PID=296) to work on /opt/airflow/dags/dag_extract_dvizhenie.py
[2026-07-09T10:38:11.891+0000] {processor.py:914} INFO - Processing file /opt/airflow/dags/dag_extract_dvizhenie.py for tasks to queue
[2026-07-09T10:38:11.892+0000] {logging_mixin.py:190} INFO - [2026-07-09T10:38:11.892+0000] {dagbag.py:588} INFO - Filling up the DagBag from /opt/airflow/dags/dag_extract_dvizhenie.py
[2026-07-09T10:38:11.901+0000] {processor.py:925} INFO - DAG(s) 'dag_extract_dvizhenie' retrieved from /opt/airflow/dags/dag_extract_dvizhenie.py
[2026-07-09T10:38:11.918+0000] {logging_mixin.py:190} INFO - [2026-07-09T10:38:11.918+0000] {dag.py:3239} INFO - Sync 1 DAGs
[2026-07-09T10:38:11.928+0000] {logging_mixin.py:190} INFO - [2026-07-09T10:38:11.928+0000] {dag.py:4180} INFO - Setting next_dagrun for dag_extract_dvizhenie to 2026-07-09 08:00:00+00:00, run_after=2026-07-09 10:00:00+00:00
[2026-07-09T10:38:11.936+0000] {processor.py:208} INFO - Processing /opt/airflow/dags/dag_extract_dvizhenie.py took 0.050 seconds
[2026-07-09T10:38:42.374+0000] {processor.py:186} INFO - Started process (PID=318) to work on /opt/airflow/dags/dag_extract_dvizhenie.py
[2026-07-09T10:38:42.375+0000] {processor.py:914} INFO - Processing file /opt/airflow/dags/dag_extract_dvizhenie.py for tasks to queue
[2026-07-09T10:38:42.376+0000] {logging_mixin.py:190} INFO - [2026-07-09T10:38:42.376+0000] {dagbag.py:588} INFO - Filling up the DagBag from /opt/airflow/dags/dag_extract_dvizhenie.py
[2026-07-09T10:38:42.383+0000] {processor.py:925} INFO - DAG(s) 'dag_extract_dvizhenie' retrieved from /opt/airflow/dags/dag_extract_dvizhenie.py
[2026-07-09T10:38:42.397+0000] {logging_mixin.py:190} INFO - [2026-07-09T10:38:42.397+0000] {dag.py:3239} INFO - Sync 1 DAGs
[2026-07-09T10:38:42.406+0000] {logging_mixin.py:190} INFO - [2026-07-09T10:38:42.406+0000] {dag.py:4180} INFO - Setting next_dagrun for dag_extract_dvizhenie to 2026-07-09 08:00:00+00:00, run_after=2026-07-09 10:00:00+00:00
[2026-07-09T10:38:42.413+0000] {processor.py:208} INFO - Processing /opt/airflow/dags/dag_extract_dvizhenie.py took 0.042 seconds
[2026-07-09T10:39:12.794+0000] {processor.py:186} INFO - Started process (PID=338) to work on /opt/airflow/dags/dag_extract_dvizhenie.py
[2026-07-09T10:39:12.795+0000] {processor.py:914} INFO - Processing file /opt/airflow/dags/dag_extract_dvizhenie.py for tasks to queue
[2026-07-09T10:39:12.796+0000] {logging_mixin.py:190} INFO - [2026-07-09T10:39:12.796+0000] {dagbag.py:588} INFO - Filling up the DagBag from /opt/airflow/dags/dag_extract_dvizhenie.py
[2026-07-09T10:39:12.803+0000] {processor.py:925} INFO - DAG(s) 'dag_extract_dvizhenie' retrieved from /opt/airflow/dags/dag_extract_dvizhenie.py
[2026-07-09T10:39:12.818+0000] {logging_mixin.py:190} INFO - [2026-07-09T10:39:12.818+0000] {dag.py:3239} INFO - Sync 1 DAGs
[2026-07-09T10:39:12.826+0000] {logging_mixin.py:190} INFO - [2026-07-09T10:39:12.826+0000] {dag.py:4180} INFO - Setting next_dagrun for dag_extract_dvizhenie to 2026-07-09 08:00:00+00:00, run_after=2026-07-09 10:00:00+00:00
[2026-07-09T10:39:12.834+0000] {processor.py:208} INFO - Processing /opt/airflow/dags/dag_extract_dvizhenie.py took 0.042 seconds
[2026-07-09T10:39:43.288+0000] {processor.py:186} INFO - Started process (PID=358) to work on /opt/airflow/dags/dag_extract_dvizhenie.py
[2026-07-09T10:39:43.289+0000] {processor.py:914} INFO - Processing file /opt/airflow/dags/dag_extract_dvizhenie.py for tasks to queue
[2026-07-09T10:39:43.289+0000] {logging_mixin.py:190} INFO - [2026-07-09T10:39:43.289+0000] {dagbag.py:588} INFO - Filling up the DagBag from /opt/airflow/dags/dag_extract_dvizhenie.py
[2026-07-09T10:39:43.294+0000] {processor.py:925} INFO - DAG(s) 'dag_extract_dvizhenie' retrieved from /opt/airflow/dags/dag_extract_dvizhenie.py
[2026-07-09T10:39:43.304+0000] {logging_mixin.py:190} INFO - [2026-07-09T10:39:43.303+0000] {dag.py:3239} INFO - Sync 1 DAGs
[2026-07-09T10:39:43.311+0000] {logging_mixin.py:190} INFO - [2026-07-09T10:39:43.311+0000] {dag.py:4180} INFO - Setting next_dagrun for dag_extract_dvizhenie to 2026-07-09 08:00:00+00:00, run_after=2026-07-09 10:00:00+00:00
[2026-07-09T10:39:43.316+0000] {processor.py:208} INFO - Processing /opt/airflow/dags/dag_extract_dvizhenie.py took 0.054 seconds
[2026-07-09T10:39:52.536+0000] {processor.py:186} INFO - Started process (PID=378) to work on /opt/airflow/dags/dag_extract_dvizhenie.py
[2026-07-09T10:39:52.537+0000] {processor.py:914} INFO - Processing file /opt/airflow/dags/dag_extract_dvizhenie.py for tasks to queue
[2026-07-09T10:39:52.538+0000] {logging_mixin.py:190} INFO - [2026-07-09T10:39:52.538+0000] {dagbag.py:588} INFO - Filling up the DagBag from /opt/airflow/dags/dag_extract_dvizhenie.py
[2026-07-09T10:39:52.545+0000] {processor.py:925} INFO - DAG(s) 'dag_extract_dvizhenie' retrieved from /opt/airflow/dags/dag_extract_dvizhenie.py
[2026-07-09T10:39:52.561+0000] {logging_mixin.py:190} INFO - [2026-07-09T10:39:52.561+0000] {dag.py:3239} INFO - Sync 1 DAGs
[2026-07-09T10:39:52.575+0000] {logging_mixin.py:190} INFO - [2026-07-09T10:39:52.575+0000] {dag.py:4180} INFO - Setting next_dagrun for dag_extract_dvizhenie to 2026-07-09 08:00:00+00:00, run_after=2026-07-09 10:00:00+00:00
[2026-07-09T10:39:52.592+0000] {processor.py:208} INFO - Processing /opt/airflow/dags/dag_extract_dvizhenie.py took 0.058 seconds
[2026-07-09T10:40:23.004+0000] {processor.py:186} INFO - Started process (PID=396) to work on /opt/airflow/dags/dag_extract_dvizhenie.py
[2026-07-09T10:40:23.005+0000] {processor.py:914} INFO - Processing file /opt/airflow/dags/dag_extract_dvizhenie.py for tasks to queue
[2026-07-09T10:40:23.006+0000] {logging_mixin.py:190} INFO - [2026-07-09T10:40:23.006+0000] {dagbag.py:588} INFO - Filling up the DagBag from /opt/airflow/dags/dag_extract_dvizhenie.py
[2026-07-09T10:40:23.014+0000] {processor.py:925} INFO - DAG(s) 'dag_extract_dvizhenie' retrieved from /opt/airflow/dags/dag_extract_dvizhenie.py
[2026-07-09T10:40:23.029+0000] {logging_mixin.py:190} INFO - [2026-07-09T10:40:23.029+0000] {dag.py:3239} INFO - Sync 1 DAGs
[2026-07-09T10:40:23.038+0000] {logging_mixin.py:190} INFO - [2026-07-09T10:40:23.038+0000] {dag.py:4180} INFO - Setting next_dagrun for dag_extract_dvizhenie to 2026-07-09 08:00:00+00:00, run_after=2026-07-09 10:00:00+00:00
[2026-07-09T10:40:23.047+0000] {processor.py:208} INFO - Processing /opt/airflow/dags/dag_extract_dvizhenie.py took 0.046 seconds
[2026-07-09T10:40:53.503+0000] {processor.py:186} INFO - Started process (PID=418) to work on /opt/airflow/dags/dag_extract_dvizhenie.py
[2026-07-09T10:40:53.504+0000] {processor.py:914} INFO - Processing file /opt/airflow/dags/dag_extract_dvizhenie.py for tasks to queue
[2026-07-09T10:40:53.504+0000] {logging_mixin.py:190} INFO - [2026-07-09T10:40:53.504+0000] {dagbag.py:588} INFO - Filling up the DagBag from /opt/airflow/dags/dag_extract_dvizhenie.py
[2026-07-09T10:40:53.509+0000] {processor.py:925} INFO - DAG(s) 'dag_extract_dvizhenie' retrieved from /opt/airflow/dags/dag_extract_dvizhenie.py
[2026-07-09T10:40:53.524+0000] {logging_mixin.py:190} INFO - [2026-07-09T10:40:53.524+0000] {dag.py:3239} INFO - Sync 1 DAGs
[2026-07-09T10:40:53.534+0000] {logging_mixin.py:190} INFO - [2026-07-09T10:40:53.534+0000] {dag.py:4180} INFO - Setting next_dagrun for dag_extract_dvizhenie to 2026-07-09 08:00:00+00:00, run_after=2026-07-09 10:00:00+00:00
[2026-07-09T10:40:53.539+0000] {processor.py:208} INFO - Processing /opt/airflow/dags/dag_extract_dvizhenie.py took 0.038 seconds
[2026-07-09T10:41:23.921+0000] {processor.py:186} INFO - Started process (PID=438) to work on /opt/airflow/dags/dag_extract_dvizhenie.py
[2026-07-09T10:41:23.922+0000] {processor.py:914} INFO - Processing file /opt/airflow/dags/dag_extract_dvizhenie.py for tasks to queue
[2026-07-09T10:41:23.923+0000] {logging_mixin.py:190} INFO - [2026-07-09T10:41:23.923+0000] {dagbag.py:588} INFO - Filling up the DagBag from /opt/airflow/dags/dag_extract_dvizhenie.py
[2026-07-09T10:41:23.927+0000] {processor.py:925} INFO - DAG(s) 'dag_extract_dvizhenie' retrieved from /opt/airflow/dags/dag_extract_dvizhenie.py
[2026-07-09T10:41:23.937+0000] {logging_mixin.py:190} INFO - [2026-07-09T10:41:23.937+0000] {dag.py:3239} INFO - Sync 1 DAGs
[2026-07-09T10:41:23.945+0000] {logging_mixin.py:190} INFO - [2026-07-09T10:41:23.945+0000] {dag.py:4180} INFO - Setting next_dagrun for dag_extract_dvizhenie to 2026-07-09 08:00:00+00:00, run_after=2026-07-09 10:00:00+00:00
[2026-07-09T10:41:23.949+0000] {processor.py:208} INFO - Processing /opt/airflow/dags/dag_extract_dvizhenie.py took 0.030 seconds
[2026-07-09T10:41:54.352+0000] {processor.py:186} INFO - Started process (PID=458) to work on /opt/airflow/dags/dag_extract_dvizhenie.py
[2026-07-09T10:41:54.353+0000] {processor.py:914} INFO - Processing file /opt/airflow/dags/dag_extract_dvizhenie.py for tasks to queue
[2026-07-09T10:41:54.354+0000] {logging_mixin.py:190} INFO - [2026-07-09T10:41:54.354+0000] {dagbag.py:588} INFO - Filling up the DagBag from /opt/airflow/dags/dag_extract_dvizhenie.py
[2026-07-09T10:41:54.359+0000] {processor.py:925} INFO - DAG(s) 'dag_extract_dvizhenie' retrieved from /opt/airflow/dags/dag_extract_dvizhenie.py
[2026-07-09T10:41:54.373+0000] {logging_mixin.py:190} INFO - [2026-07-09T10:41:54.373+0000] {dag.py:3239} INFO - Sync 1 DAGs
[2026-07-09T10:41:54.382+0000] {logging_mixin.py:190} INFO - [2026-07-09T10:41:54.381+0000] {dag.py:4180} INFO - Setting next_dagrun for dag_extract_dvizhenie to 2026-07-09 08:00:00+00:00, run_after=2026-07-09 10:00:00+00:00
[2026-07-09T10:41:54.390+0000] {processor.py:208} INFO - Processing /opt/airflow/dags/dag_extract_dvizhenie.py took 0.040 seconds
[2026-07-09T10:42:24.815+0000] {processor.py:186} INFO - Started process (PID=478) to work on /opt/airflow/dags/dag_extract_dvizhenie.py
[2026-07-09T10:42:24.815+0000] {processor.py:914} INFO - Processing file /opt/airflow/dags/dag_extract_dvizhenie.py for tasks to queue
[2026-07-09T10:42:24.816+0000] {logging_mixin.py:190} INFO - [2026-07-09T10:42:24.816+0000] {dagbag.py:588} INFO - Filling up the DagBag from /opt/airflow/dags/dag_extract_dvizhenie.py
[2026-07-09T10:42:24.820+0000] {processor.py:925} INFO - DAG(s) 'dag_extract_dvizhenie' retrieved from /opt/airflow/dags/dag_extract_dvizhenie.py
[2026-07-09T10:42:24.830+0000] {logging_mixin.py:190} INFO - [2026-07-09T10:42:24.830+0000] {dag.py:3239} INFO - Sync 1 DAGs
[2026-07-09T10:42:24.837+0000] {logging_mixin.py:190} INFO - [2026-07-09T10:42:24.837+0000] {dag.py:4180} INFO - Setting next_dagrun for dag_extract_dvizhenie to 2026-07-09 08:00:00+00:00, run_after=2026-07-09 10:00:00+00:00
[2026-07-09T10:42:24.842+0000] {processor.py:208} INFO - Processing /opt/airflow/dags/dag_extract_dvizhenie.py took 0.029 seconds
[2026-07-09T10:42:55.249+0000] {processor.py:186} INFO - Started process (PID=498) to work on /opt/airflow/dags/dag_extract_dvizhenie.py
[2026-07-09T10:42:55.249+0000] {processor.py:914} INFO - Processing file /opt/airflow/dags/dag_extract_dvizhenie.py for tasks to queue
[2026-07-09T10:42:55.250+0000] {logging_mixin.py:190} INFO - [2026-07-09T10:42:55.250+0000] {dagbag.py:588} INFO - Filling up the DagBag from /opt/airflow/dags/dag_extract_dvizhenie.py
[2026-07-09T10:42:55.254+0000] {processor.py:925} INFO - DAG(s) 'dag_extract_dvizhenie' retrieved from /opt/airflow/dags/dag_extract_dvizhenie.py
[2026-07-09T10:42:55.265+0000] {logging_mixin.py:190} INFO - [2026-07-09T10:42:55.265+0000] {dag.py:3239} INFO - Sync 1 DAGs
[2026-07-09T10:42:55.273+0000] {logging_mixin.py:190} INFO - [2026-07-09T10:42:55.273+0000] {dag.py:4180} INFO - Setting next_dagrun for dag_extract_dvizhenie to 2026-07-09 08:00:00+00:00, run_after=2026-07-09 10:00:00+00:00
[2026-07-09T10:42:55.277+0000] {processor.py:208} INFO - Processing /opt/airflow/dags/dag_extract_dvizhenie.py took 0.031 seconds
[2026-07-09T10:43:25.639+0000] {processor.py:186} INFO - Started process (PID=518) to work on /opt/airflow/dags/dag_extract_dvizhenie.py
[2026-07-09T10:43:25.639+0000] {processor.py:914} INFO - Processing file /opt/airflow/dags/dag_extract_dvizhenie.py for tasks to queue
[2026-07-09T10:43:25.640+0000] {logging_mixin.py:190} INFO - [2026-07-09T10:43:25.640+0000] {dagbag.py:588} INFO - Filling up the DagBag from /opt/airflow/dags/dag_extract_dvizhenie.py
[2026-07-09T10:43:25.645+0000] {processor.py:925} INFO - DAG(s) 'dag_extract_dvizhenie' retrieved from /opt/airflow/dags/dag_extract_dvizhenie.py
[2026-07-09T10:43:25.654+0000] {logging_mixin.py:190} INFO - [2026-07-09T10:43:25.654+0000] {dag.py:3239} INFO - Sync 1 DAGs
[2026-07-09T10:43:25.662+0000] {logging_mixin.py:190} INFO - [2026-07-09T10:43:25.661+0000] {dag.py:4180} INFO - Setting next_dagrun for dag_extract_dvizhenie to 2026-07-09 08:00:00+00:00, run_after=2026-07-09 10:00:00+00:00
[2026-07-09T10:43:25.666+0000] {processor.py:208} INFO - Processing /opt/airflow/dags/dag_extract_dvizhenie.py took 0.030 seconds
[2026-07-09T10:43:56.075+0000] {processor.py:186} INFO - Started process (PID=538) to work on /opt/airflow/dags/dag_extract_dvizhenie.py
[2026-07-09T10:43:56.075+0000] {processor.py:914} INFO - Processing file /opt/airflow/dags/dag_extract_dvizhenie.py for tasks to queue
[2026-07-09T10:43:56.076+0000] {logging_mixin.py:190} INFO - [2026-07-09T10:43:56.076+0000] {dagbag.py:588} INFO - Filling up the DagBag from /opt/airflow/dags/dag_extract_dvizhenie.py
[2026-07-09T10:43:56.080+0000] {processor.py:925} INFO - DAG(s) 'dag_extract_dvizhenie' retrieved from /opt/airflow/dags/dag_extract_dvizhenie.py
[2026-07-09T10:43:56.090+0000] {logging_mixin.py:190} INFO - [2026-07-09T10:43:56.090+0000] {dag.py:3239} INFO - Sync 1 DAGs
[2026-07-09T10:43:56.097+0000] {logging_mixin.py:190} INFO - [2026-07-09T10:43:56.097+0000] {dag.py:4180} INFO - Setting next_dagrun for dag_extract_dvizhenie to 2026-07-09 08:00:00+00:00, run_after=2026-07-09 10:00:00+00:00
[2026-07-09T10:43:56.102+0000] {processor.py:208} INFO - Processing /opt/airflow/dags/dag_extract_dvizhenie.py took 0.030 seconds
[2026-07-09T10:44:26.503+0000] {processor.py:186} INFO - Started process (PID=558) to work on /opt/airflow/dags/dag_extract_dvizhenie.py
[2026-07-09T10:44:26.504+0000] {processor.py:914} INFO - Processing file /opt/airflow/dags/dag_extract_dvizhenie.py for tasks to queue
[2026-07-09T10:44:26.504+0000] {logging_mixin.py:190} INFO - [2026-07-09T10:44:26.504+0000] {dagbag.py:588} INFO - Filling up the DagBag from /opt/airflow/dags/dag_extract_dvizhenie.py
[2026-07-09T10:44:26.509+0000] {processor.py:925} INFO - DAG(s) 'dag_extract_dvizhenie' retrieved from /opt/airflow/dags/dag_extract_dvizhenie.py
[2026-07-09T10:44:26.519+0000] {logging_mixin.py:190} INFO - [2026-07-09T10:44:26.519+0000] {dag.py:3239} INFO - Sync 1 DAGs
[2026-07-09T10:44:26.527+0000] {logging_mixin.py:190} INFO - [2026-07-09T10:44:26.527+0000] {dag.py:4180} INFO - Setting next_dagrun for dag_extract_dvizhenie to 2026-07-09 08:00:00+00:00, run_after=2026-07-09 10:00:00+00:00
[2026-07-09T10:44:26.531+0000] {processor.py:208} INFO - Processing /opt/airflow/dags/dag_extract_dvizhenie.py took 0.030 seconds
[2026-07-09T10:44:56.934+0000] {processor.py:186} INFO - Started process (PID=578) to work on /opt/airflow/dags/dag_extract_dvizhenie.py
[2026-07-09T10:44:56.935+0000] {processor.py:914} INFO - Processing file /opt/airflow/dags/dag_extract_dvizhenie.py for tasks to queue
[2026-07-09T10:44:56.936+0000] {logging_mixin.py:190} INFO - [2026-07-09T10:44:56.936+0000] {dagbag.py:588} INFO - Filling up the DagBag from /opt/airflow/dags/dag_extract_dvizhenie.py
[2026-07-09T10:44:56.940+0000] {processor.py:925} INFO - DAG(s) 'dag_extract_dvizhenie' retrieved from /opt/airflow/dags/dag_extract_dvizhenie.py
[2026-07-09T10:44:56.950+0000] {logging_mixin.py:190} INFO - [2026-07-09T10:44:56.950+0000] {dag.py:3239} INFO - Sync 1 DAGs
[2026-07-09T10:44:56.957+0000] {logging_mixin.py:190} INFO - [2026-07-09T10:44:56.957+0000] {dag.py:4180} INFO - Setting next_dagrun for dag_extract_dvizhenie to 2026-07-09 08:00:00+00:00, run_after=2026-07-09 10:00:00+00:00
[2026-07-09T10:44:56.962+0000] {processor.py:208} INFO - Processing /opt/airflow/dags/dag_extract_dvizhenie.py took 0.030 seconds
[2026-07-09T10:45:27.359+0000] {processor.py:186} INFO - Started process (PID=598) to work on /opt/airflow/dags/dag_extract_dvizhenie.py
[2026-07-09T10:45:27.360+0000] {processor.py:914} INFO - Processing file /opt/airflow/dags/dag_extract_dvizhenie.py for tasks to queue
[2026-07-09T10:45:27.361+0000] {logging_mixin.py:190} INFO - [2026-07-09T10:45:27.360+0000] {dagbag.py:588} INFO - Filling up the DagBag from /opt/airflow/dags/dag_extract_dvizhenie.py
[2026-07-09T10:45:27.366+0000] {processor.py:925} INFO - DAG(s) 'dag_extract_dvizhenie' retrieved from /opt/airflow/dags/dag_extract_dvizhenie.py
[2026-07-09T10:45:27.377+0000] {logging_mixin.py:190} INFO - [2026-07-09T10:45:27.377+0000] {dag.py:3239} INFO - Sync 1 DAGs
[2026-07-09T10:45:27.384+0000] {logging_mixin.py:190} INFO - [2026-07-09T10:45:27.384+0000] {dag.py:4180} INFO - Setting next_dagrun for dag_extract_dvizhenie to 2026-07-09 08:00:00+00:00, run_after=2026-07-09 10:00:00+00:00
[2026-07-09T10:45:27.389+0000] {processor.py:208} INFO - Processing /opt/airflow/dags/dag_extract_dvizhenie.py took 0.032 seconds
[2026-07-09T10:45:57.802+0000] {processor.py:186} INFO - Started process (PID=618) to work on /opt/airflow/dags/dag_extract_dvizhenie.py
[2026-07-09T10:45:57.803+0000] {processor.py:914} INFO - Processing file /opt/airflow/dags/dag_extract_dvizhenie.py for tasks to queue
[2026-07-09T10:45:57.803+0000] {logging_mixin.py:190} INFO - [2026-07-09T10:45:57.803+0000] {dagbag.py:588} INFO - Filling up the DagBag from /opt/airflow/dags/dag_extract_dvizhenie.py
[2026-07-09T10:45:57.808+0000] {processor.py:925} INFO - DAG(s) 'dag_extract_dvizhenie' retrieved from /opt/airflow/dags/dag_extract_dvizhenie.py
[2026-07-09T10:45:57.817+0000] {logging_mixin.py:190} INFO - [2026-07-09T10:45:57.817+0000] {dag.py:3239} INFO - Sync 1 DAGs
[2026-07-09T10:45:57.824+0000] {logging_mixin.py:190} INFO - [2026-07-09T10:45:57.824+0000] {dag.py:4180} INFO - Setting next_dagrun for dag_extract_dvizhenie to 2026-07-09 08:00:00+00:00, run_after=2026-07-09 10:00:00+00:00
[2026-07-09T10:45:57.829+0000] {processor.py:208} INFO - Processing /opt/airflow/dags/dag_extract_dvizhenie.py took 0.029 seconds
[2026-07-09T10:46:28.325+0000] {processor.py:186} INFO - Started process (PID=638) to work on /opt/airflow/dags/dag_extract_dvizhenie.py
[2026-07-09T10:46:28.325+0000] {processor.py:914} INFO - Processing file /opt/airflow/dags/dag_extract_dvizhenie.py for tasks to queue
[2026-07-09T10:46:28.326+0000] {logging_mixin.py:190} INFO - [2026-07-09T10:46:28.326+0000] {dagbag.py:588} INFO - Filling up the DagBag from /opt/airflow/dags/dag_extract_dvizhenie.py
[2026-07-09T10:46:28.330+0000] {processor.py:925} INFO - DAG(s) 'dag_extract_dvizhenie' retrieved from /opt/airflow/dags/dag_extract_dvizhenie.py
[2026-07-09T10:46:28.340+0000] {logging_mixin.py:190} INFO - [2026-07-09T10:46:28.340+0000] {dag.py:3239} INFO - Sync 1 DAGs
[2026-07-09T10:46:28.347+0000] {logging_mixin.py:190} INFO - [2026-07-09T10:46:28.347+0000] {dag.py:4180} INFO - Setting next_dagrun for dag_extract_dvizhenie to 2026-07-09 08:00:00+00:00, run_after=2026-07-09 10:00:00+00:00
[2026-07-09T10:46:28.352+0000] {processor.py:208} INFO - Processing /opt/airflow/dags/dag_extract_dvizhenie.py took 0.029 seconds
[2026-07-09T10:46:58.803+0000] {processor.py:186} INFO - Started process (PID=656) to work on /opt/airflow/dags/dag_extract_dvizhenie.py
[2026-07-09T10:46:58.805+0000] {processor.py:914} INFO - Processing file /opt/airflow/dags/dag_extract_dvizhenie.py for tasks to queue
[2026-07-09T10:46:58.807+0000] {logging_mixin.py:190} INFO - [2026-07-09T10:46:58.807+0000] {dagbag.py:588} INFO - Filling up the DagBag from /opt/airflow/dags/dag_extract_dvizhenie.py
[2026-07-09T10:46:58.814+0000] {processor.py:925} INFO - DAG(s) 'dag_extract_dvizhenie' retrieved from /opt/airflow/dags/dag_extract_dvizhenie.py
[2026-07-09T10:46:58.831+0000] {logging_mixin.py:190} INFO - [2026-07-09T10:46:58.831+0000] {dag.py:3239} INFO - Sync 1 DAGs
[2026-07-09T10:46:58.845+0000] {logging_mixin.py:190} INFO - [2026-07-09T10:46:58.845+0000] {dag.py:4180} INFO - Setting next_dagrun for dag_extract_dvizhenie to 2026-07-09 08:00:00+00:00, run_after=2026-07-09 10:00:00+00:00
[2026-07-09T10:46:58.854+0000] {processor.py:208} INFO - Processing /opt/airflow/dags/dag_extract_dvizhenie.py took 0.055 seconds
[2026-07-09T10:47:29.258+0000] {processor.py:186} INFO - Started process (PID=676) to work on /opt/airflow/dags/dag_extract_dvizhenie.py
[2026-07-09T10:47:29.258+0000] {processor.py:914} INFO - Processing file /opt/airflow/dags/dag_extract_dvizhenie.py for tasks to queue
[2026-07-09T10:47:29.260+0000] {logging_mixin.py:190} INFO - [2026-07-09T10:47:29.259+0000] {dagbag.py:588} INFO - Filling up the DagBag from /opt/airflow/dags/dag_extract_dvizhenie.py
[2026-07-09T10:47:29.267+0000] {processor.py:925} INFO - DAG(s) 'dag_extract_dvizhenie' retrieved from /opt/airflow/dags/dag_extract_dvizhenie.py
[2026-07-09T10:47:29.281+0000] {logging_mixin.py:190} INFO - [2026-07-09T10:47:29.280+0000] {dag.py:3239} INFO - Sync 1 DAGs
[2026-07-09T10:47:29.289+0000] {logging_mixin.py:190} INFO - [2026-07-09T10:47:29.289+0000] {dag.py:4180} INFO - Setting next_dagrun for dag_extract_dvizhenie to 2026-07-09 08:00:00+00:00, run_after=2026-07-09 10:00:00+00:00
[2026-07-09T10:47:29.296+0000] {processor.py:208} INFO - Processing /opt/airflow/dags/dag_extract_dvizhenie.py took 0.041 seconds
[2026-07-09T10:47:59.670+0000] {processor.py:186} INFO - Started process (PID=698) to work on /opt/airflow/dags/dag_extract_dvizhenie.py
[2026-07-09T10:47:59.670+0000] {processor.py:914} INFO - Processing file /opt/airflow/dags/dag_extract_dvizhenie.py for tasks to queue
[2026-07-09T10:47:59.671+0000] {logging_mixin.py:190} INFO - [2026-07-09T10:47:59.671+0000] {dagbag.py:588} INFO - Filling up the DagBag from /opt/airflow/dags/dag_extract_dvizhenie.py
[2026-07-09T10:47:59.675+0000] {processor.py:925} INFO - DAG(s) 'dag_extract_dvizhenie' retrieved from /opt/airflow/dags/dag_extract_dvizhenie.py
[2026-07-09T10:47:59.684+0000] {logging_mixin.py:190} INFO - [2026-07-09T10:47:59.684+0000] {dag.py:3239} INFO - Sync 1 DAGs
[2026-07-09T10:47:59.691+0000] {logging_mixin.py:190} INFO - [2026-07-09T10:47:59.691+0000] {dag.py:4180} INFO - Setting next_dagrun for dag_extract_dvizhenie to 2026-07-09 08:00:00+00:00, run_after=2026-07-09 10:00:00+00:00
[2026-07-09T10:47:59.696+0000] {processor.py:208} INFO - Processing /opt/airflow/dags/dag_extract_dvizhenie.py took 0.029 seconds
[2026-07-09T10:48:30.128+0000] {processor.py:186} INFO - Started process (PID=718) to work on /opt/airflow/dags/dag_extract_dvizhenie.py
[2026-07-09T10:48:30.128+0000] {processor.py:914} INFO - Processing file /opt/airflow/dags/dag_extract_dvizhenie.py for tasks to queue
[2026-07-09T10:48:30.129+0000] {logging_mixin.py:190} INFO - [2026-07-09T10:48:30.129+0000] {dagbag.py:588} INFO - Filling up the DagBag from /opt/airflow/dags/dag_extract_dvizhenie.py
[2026-07-09T10:48:30.133+0000] {processor.py:925} INFO - DAG(s) 'dag_extract_dvizhenie' retrieved from /opt/airflow/dags/dag_extract_dvizhenie.py
[2026-07-09T10:48:30.142+0000] {logging_mixin.py:190} INFO - [2026-07-09T10:48:30.142+0000] {dag.py:3239} INFO - Sync 1 DAGs
[2026-07-09T10:48:30.149+0000] {logging_mixin.py:190} INFO - [2026-07-09T10:48:30.149+0000] {dag.py:4180} INFO - Setting next_dagrun for dag_extract_dvizhenie to 2026-07-09 08:00:00+00:00, run_after=2026-07-09 10:00:00+00:00
[2026-07-09T10:48:30.154+0000] {processor.py:208} INFO - Processing /opt/airflow/dags/dag_extract_dvizhenie.py took 0.029 seconds
[2026-07-09T10:49:00.566+0000] {processor.py:186} INFO - Started process (PID=738) to work on /opt/airflow/dags/dag_extract_dvizhenie.py
[2026-07-09T10:49:00.566+0000] {processor.py:914} INFO - Processing file /opt/airflow/dags/dag_extract_dvizhenie.py for tasks to queue
[2026-07-09T10:49:00.567+0000] {logging_mixin.py:190} INFO - [2026-07-09T10:49:00.567+0000] {dagbag.py:588} INFO - Filling up the DagBag from /opt/airflow/dags/dag_extract_dvizhenie.py
[2026-07-09T10:49:00.572+0000] {processor.py:925} INFO - DAG(s) 'dag_extract_dvizhenie' retrieved from /opt/airflow/dags/dag_extract_dvizhenie.py
[2026-07-09T10:49:00.582+0000] {logging_mixin.py:190} INFO - [2026-07-09T10:49:00.581+0000] {dag.py:3239} INFO - Sync 1 DAGs
[2026-07-09T10:49:00.589+0000] {logging_mixin.py:190} INFO - [2026-07-09T10:49:00.589+0000] {dag.py:4180} INFO - Setting next_dagrun for dag_extract_dvizhenie to 2026-07-09 08:00:00+00:00, run_after=2026-07-09 10:00:00+00:00
[2026-07-09T10:49:00.593+0000] {processor.py:208} INFO - Processing /opt/airflow/dags/dag_extract_dvizhenie.py took 0.030 seconds
[2026-07-09T10:49:30.998+0000] {processor.py:186} INFO - Started process (PID=756) to work on /opt/airflow/dags/dag_extract_dvizhenie.py
[2026-07-09T10:49:30.999+0000] {processor.py:914} INFO - Processing file /opt/airflow/dags/dag_extract_dvizhenie.py for tasks to queue
[2026-07-09T10:49:31.000+0000] {logging_mixin.py:190} INFO - [2026-07-09T10:49:31.000+0000] {dagbag.py:588} INFO - Filling up the DagBag from /opt/airflow/dags/dag_extract_dvizhenie.py
[2026-07-09T10:49:31.005+0000] {processor.py:925} INFO - DAG(s) 'dag_extract_dvizhenie' retrieved from /opt/airflow/dags/dag_extract_dvizhenie.py
[2026-07-09T10:49:31.020+0000] {logging_mixin.py:190} INFO - [2026-07-09T10:49:31.019+0000] {dag.py:3239} INFO - Sync 1 DAGs
[2026-07-09T10:49:31.029+0000] {logging_mixin.py:190} INFO - [2026-07-09T10:49:31.029+0000] {dag.py:4180} INFO - Setting next_dagrun for dag_extract_dvizhenie to 2026-07-09 08:00:00+00:00, run_after=2026-07-09 10:00:00+00:00
[2026-07-09T10:49:31.036+0000] {processor.py:208} INFO - Processing /opt/airflow/dags/dag_extract_dvizhenie.py took 0.040 seconds
[2026-07-09T10:50:01.457+0000] {processor.py:186} INFO - Started process (PID=778) to work on /opt/airflow/dags/dag_extract_dvizhenie.py
[2026-07-09T10:50:01.457+0000] {processor.py:914} INFO - Processing file /opt/airflow/dags/dag_extract_dvizhenie.py for tasks to queue
[2026-07-09T10:50:01.458+0000] {logging_mixin.py:190} INFO - [2026-07-09T10:50:01.458+0000] {dagbag.py:588} INFO - Filling up the DagBag from /opt/airflow/dags/dag_extract_dvizhenie.py
[2026-07-09T10:50:01.462+0000] {processor.py:925} INFO - DAG(s) 'dag_extract_dvizhenie' retrieved from /opt/airflow/dags/dag_extract_dvizhenie.py
[2026-07-09T10:50:01.472+0000] {logging_mixin.py:190} INFO - [2026-07-09T10:50:01.472+0000] {dag.py:3239} INFO - Sync 1 DAGs
[2026-07-09T10:50:01.480+0000] {logging_mixin.py:190} INFO - [2026-07-09T10:50:01.480+0000] {dag.py:4180} INFO - Setting next_dagrun for dag_extract_dvizhenie to 2026-07-09 08:00:00+00:00, run_after=2026-07-09 10:00:00+00:00
[2026-07-09T10:50:01.484+0000] {processor.py:208} INFO - Processing /opt/airflow/dags/dag_extract_dvizhenie.py took 0.030 seconds
[2026-07-09T10:50:31.860+0000] {processor.py:186} INFO - Started process (PID=798) to work on /opt/airflow/dags/dag_extract_dvizhenie.py
[2026-07-09T10:50:31.861+0000] {processor.py:914} INFO - Processing file /opt/airflow/dags/dag_extract_dvizhenie.py for tasks to queue
[2026-07-09T10:50:31.862+0000] {logging_mixin.py:190} INFO - [2026-07-09T10:50:31.862+0000] {dagbag.py:588} INFO - Filling up the DagBag from /opt/airflow/dags/dag_extract_dvizhenie.py
[2026-07-09T10:50:31.868+0000] {processor.py:925} INFO - DAG(s) 'dag_extract_dvizhenie' retrieved from /opt/airflow/dags/dag_extract_dvizhenie.py
[2026-07-09T10:50:31.883+0000] {logging_mixin.py:190} INFO - [2026-07-09T10:50:31.883+0000] {dag.py:3239} INFO - Sync 1 DAGs
[2026-07-09T10:50:31.894+0000] {logging_mixin.py:190} INFO - [2026-07-09T10:50:31.894+0000] {dag.py:4180} INFO - Setting next_dagrun for dag_extract_dvizhenie to 2026-07-09 08:00:00+00:00, run_after=2026-07-09 10:00:00+00:00
[2026-07-09T10:50:31.900+0000] {processor.py:208} INFO - Processing /opt/airflow/dags/dag_extract_dvizhenie.py took 0.044 seconds
[2026-07-09T10:51:02.425+0000] {processor.py:186} INFO - Started process (PID=818) to work on /opt/airflow/dags/dag_extract_dvizhenie.py
[2026-07-09T10:51:02.426+0000] {processor.py:914} INFO - Processing file /opt/airflow/dags/dag_extract_dvizhenie.py for tasks to queue
[2026-07-09T10:51:02.427+0000] {logging_mixin.py:190} INFO - [2026-07-09T10:51:02.427+0000] {dagbag.py:588} INFO - Filling up the DagBag from /opt/airflow/dags/dag_extract_dvizhenie.py
[2026-07-09T10:51:02.431+0000] {processor.py:925} INFO - DAG(s) 'dag_extract_dvizhenie' retrieved from /opt/airflow/dags/dag_extract_dvizhenie.py
[2026-07-09T10:51:02.441+0000] {logging_mixin.py:190} INFO - [2026-07-09T10:51:02.441+0000] {dag.py:3239} INFO - Sync 1 DAGs
[2026-07-09T10:51:02.449+0000] {logging_mixin.py:190} INFO - [2026-07-09T10:51:02.449+0000] {dag.py:4180} INFO - Setting next_dagrun for dag_extract_dvizhenie to 2026-07-09 08:00:00+00:00, run_after=2026-07-09 10:00:00+00:00
[2026-07-09T10:51:02.453+0000] {processor.py:208} INFO - Processing /opt/airflow/dags/dag_extract_dvizhenie.py took 0.030 seconds
[2026-07-09T10:51:32.882+0000] {processor.py:186} INFO - Started process (PID=838) to work on /opt/airflow/dags/dag_extract_dvizhenie.py
[2026-07-09T10:51:32.883+0000] {processor.py:914} INFO - Processing file /opt/airflow/dags/dag_extract_dvizhenie.py for tasks to queue
[2026-07-09T10:51:32.884+0000] {logging_mixin.py:190} INFO - [2026-07-09T10:51:32.883+0000] {dagbag.py:588} INFO - Filling up the DagBag from /opt/airflow/dags/dag_extract_dvizhenie.py
[2026-07-09T10:51:32.888+0000] {processor.py:925} INFO - DAG(s) 'dag_extract_dvizhenie' retrieved from /opt/airflow/dags/dag_extract_dvizhenie.py
[2026-07-09T10:51:32.898+0000] {logging_mixin.py:190} INFO - [2026-07-09T10:51:32.898+0000] {dag.py:3239} INFO - Sync 1 DAGs
[2026-07-09T10:51:32.905+0000] {logging_mixin.py:190} INFO - [2026-07-09T10:51:32.905+0000] {dag.py:4180} INFO - Setting next_dagrun for dag_extract_dvizhenie to 2026-07-09 08:00:00+00:00, run_after=2026-07-09 10:00:00+00:00
[2026-07-09T10:51:32.910+0000] {processor.py:208} INFO - Processing /opt/airflow/dags/dag_extract_dvizhenie.py took 0.030 seconds
[2026-07-09T10:52:03.328+0000] {processor.py:186} INFO - Started process (PID=858) to work on /opt/airflow/dags/dag_extract_dvizhenie.py
[2026-07-09T10:52:03.328+0000] {processor.py:914} INFO - Processing file /opt/airflow/dags/dag_extract_dvizhenie.py for tasks to queue
[2026-07-09T10:52:03.329+0000] {logging_mixin.py:190} INFO - [2026-07-09T10:52:03.329+0000] {dagbag.py:588} INFO - Filling up the DagBag from /opt/airflow/dags/dag_extract_dvizhenie.py
[2026-07-09T10:52:03.334+0000] {processor.py:925} INFO - DAG(s) 'dag_extract_dvizhenie' retrieved from /opt/airflow/dags/dag_extract_dvizhenie.py
[2026-07-09T10:52:03.343+0000] {logging_mixin.py:190} INFO - [2026-07-09T10:52:03.343+0000] {dag.py:3239} INFO - Sync 1 DAGs
[2026-07-09T10:52:03.351+0000] {logging_mixin.py:190} INFO - [2026-07-09T10:52:03.351+0000] {dag.py:4180} INFO - Setting next_dagrun for dag_extract_dvizhenie to 2026-07-09 08:00:00+00:00, run_after=2026-07-09 10:00:00+00:00
[2026-07-09T10:52:03.355+0000] {processor.py:208} INFO - Processing /opt/airflow/dags/dag_extract_dvizhenie.py took 0.030 seconds
[2026-07-09T10:52:33.743+0000] {processor.py:186} INFO - Started process (PID=878) to work on /opt/airflow/dags/dag_extract_dvizhenie.py
[2026-07-09T10:52:33.743+0000] {processor.py:914} INFO - Processing file /opt/airflow/dags/dag_extract_dvizhenie.py for tasks to queue
[2026-07-09T10:52:33.744+0000] {logging_mixin.py:190} INFO - [2026-07-09T10:52:33.744+0000] {dagbag.py:588} INFO - Filling up the DagBag from /opt/airflow/dags/dag_extract_dvizhenie.py
[2026-07-09T10:52:33.748+0000] {processor.py:925} INFO - DAG(s) 'dag_extract_dvizhenie' retrieved from /opt/airflow/dags/dag_extract_dvizhenie.py
[2026-07-09T10:52:33.758+0000] {logging_mixin.py:190} INFO - [2026-07-09T10:52:33.758+0000] {dag.py:3239} INFO - Sync 1 DAGs
[2026-07-09T10:52:33.765+0000] {logging_mixin.py:190} INFO - [2026-07-09T10:52:33.765+0000] {dag.py:4180} INFO - Setting next_dagrun for dag_extract_dvizhenie to 2026-07-09 08:00:00+00:00, run_after=2026-07-09 10:00:00+00:00
[2026-07-09T10:52:33.770+0000] {processor.py:208} INFO - Processing /opt/airflow/dags/dag_extract_dvizhenie.py took 0.029 seconds
[2026-07-09T10:53:04.174+0000] {processor.py:186} INFO - Started process (PID=898) to work on /opt/airflow/dags/dag_extract_dvizhenie.py
[2026-07-09T10:53:04.174+0000] {processor.py:914} INFO - Processing file /opt/airflow/dags/dag_extract_dvizhenie.py for tasks to queue
[2026-07-09T10:53:04.175+0000] {logging_mixin.py:190} INFO - [2026-07-09T10:53:04.175+0000] {dagbag.py:588} INFO - Filling up the DagBag from /opt/airflow/dags/dag_extract_dvizhenie.py
[2026-07-09T10:53:04.179+0000] {processor.py:925} INFO - DAG(s) 'dag_extract_dvizhenie' retrieved from /opt/airflow/dags/dag_extract_dvizhenie.py
[2026-07-09T10:53:04.189+0000] {logging_mixin.py:190} INFO - [2026-07-09T10:53:04.189+0000] {dag.py:3239} INFO - Sync 1 DAGs
[2026-07-09T10:53:04.196+0000] {logging_mixin.py:190} INFO - [2026-07-09T10:53:04.196+0000] {dag.py:4180} INFO - Setting next_dagrun for dag_extract_dvizhenie to 2026-07-09 08:00:00+00:00, run_after=2026-07-09 10:00:00+00:00
[2026-07-09T10:53:04.201+0000] {processor.py:208} INFO - Processing /opt/airflow/dags/dag_extract_dvizhenie.py took 0.030 seconds
[2026-07-09T10:53:34.612+0000] {processor.py:186} INFO - Started process (PID=918) to work on /opt/airflow/dags/dag_extract_dvizhenie.py
[2026-07-09T10:53:34.612+0000] {processor.py:914} INFO - Processing file /opt/airflow/dags/dag_extract_dvizhenie.py for tasks to queue
[2026-07-09T10:53:34.613+0000] {logging_mixin.py:190} INFO - [2026-07-09T10:53:34.613+0000] {dagbag.py:588} INFO - Filling up the DagBag from /opt/airflow/dags/dag_extract_dvizhenie.py
[2026-07-09T10:53:34.618+0000] {processor.py:925} INFO - DAG(s) 'dag_extract_dvizhenie' retrieved from /opt/airflow/dags/dag_extract_dvizhenie.py
[2026-07-09T10:53:34.627+0000] {logging_mixin.py:190} INFO - [2026-07-09T10:53:34.627+0000] {dag.py:3239} INFO - Sync 1 DAGs
[2026-07-09T10:53:34.635+0000] {logging_mixin.py:190} INFO - [2026-07-09T10:53:34.635+0000] {dag.py:4180} INFO - Setting next_dagrun for dag_extract_dvizhenie to 2026-07-09 08:00:00+00:00, run_after=2026-07-09 10:00:00+00:00
[2026-07-09T10:53:34.639+0000] {processor.py:208} INFO - Processing /opt/airflow/dags/dag_extract_dvizhenie.py took 0.029 seconds
[2026-07-09T10:54:05.052+0000] {processor.py:186} INFO - Started process (PID=938) to work on /opt/airflow/dags/dag_extract_dvizhenie.py
[2026-07-09T10:54:05.053+0000] {processor.py:914} INFO - Processing file /opt/airflow/dags/dag_extract_dvizhenie.py for tasks to queue
[2026-07-09T10:54:05.054+0000] {logging_mixin.py:190} INFO - [2026-07-09T10:54:05.053+0000] {dagbag.py:588} INFO - Filling up the DagBag from /opt/airflow/dags/dag_extract_dvizhenie.py
[2026-07-09T10:54:05.058+0000] {processor.py:925} INFO - DAG(s) 'dag_extract_dvizhenie' retrieved from /opt/airflow/dags/dag_extract_dvizhenie.py
[2026-07-09T10:54:05.067+0000] {logging_mixin.py:190} INFO - [2026-07-09T10:54:05.067+0000] {dag.py:3239} INFO - Sync 1 DAGs
[2026-07-09T10:54:05.074+0000] {logging_mixin.py:190} INFO - [2026-07-09T10:54:05.074+0000] {dag.py:4180} INFO - Setting next_dagrun for dag_extract_dvizhenie to 2026-07-09 08:00:00+00:00, run_after=2026-07-09 10:00:00+00:00
[2026-07-09T10:54:05.079+0000] {processor.py:208} INFO - Processing /opt/airflow/dags/dag_extract_dvizhenie.py took 0.029 seconds
[2026-07-09T10:54:35.519+0000] {processor.py:186} INFO - Started process (PID=958) to work on /opt/airflow/dags/dag_extract_dvizhenie.py
[2026-07-09T10:54:35.520+0000] {processor.py:914} INFO - Processing file /opt/airflow/dags/dag_extract_dvizhenie.py for tasks to queue
[2026-07-09T10:54:35.521+0000] {logging_mixin.py:190} INFO - [2026-07-09T10:54:35.520+0000] {dagbag.py:588} INFO - Filling up the DagBag from /opt/airflow/dags/dag_extract_dvizhenie.py
[2026-07-09T10:54:35.525+0000] {processor.py:925} INFO - DAG(s) 'dag_extract_dvizhenie' retrieved from /opt/airflow/dags/dag_extract_dvizhenie.py
[2026-07-09T10:54:35.535+0000] {logging_mixin.py:190} INFO - [2026-07-09T10:54:35.535+0000] {dag.py:3239} INFO - Sync 1 DAGs
[2026-07-09T10:54:35.542+0000] {logging_mixin.py:190} INFO - [2026-07-09T10:54:35.542+0000] {dag.py:4180} INFO - Setting next_dagrun for dag_extract_dvizhenie to 2026-07-09 08:00:00+00:00, run_after=2026-07-09 10:00:00+00:00
[2026-07-09T10:54:35.547+0000] {processor.py:208} INFO - Processing /opt/airflow/dags/dag_extract_dvizhenie.py took 0.030 seconds
[2026-07-09T10:55:05.920+0000] {processor.py:186} INFO - Started process (PID=978) to work on /opt/airflow/dags/dag_extract_dvizhenie.py
[2026-07-09T10:55:05.920+0000] {processor.py:914} INFO - Processing file /opt/airflow/dags/dag_extract_dvizhenie.py for tasks to queue
[2026-07-09T10:55:05.921+0000] {logging_mixin.py:190} INFO - [2026-07-09T10:55:05.921+0000] {dagbag.py:588} INFO - Filling up the DagBag from /opt/airflow/dags/dag_extract_dvizhenie.py
[2026-07-09T10:55:05.925+0000] {processor.py:925} INFO - DAG(s) 'dag_extract_dvizhenie' retrieved from /opt/airflow/dags/dag_extract_dvizhenie.py
[2026-07-09T10:55:05.935+0000] {logging_mixin.py:190} INFO - [2026-07-09T10:55:05.935+0000] {dag.py:3239} INFO - Sync 1 DAGs
[2026-07-09T10:55:05.943+0000] {logging_mixin.py:190} INFO - [2026-07-09T10:55:05.943+0000] {dag.py:4180} INFO - Setting next_dagrun for dag_extract_dvizhenie to 2026-07-09 08:00:00+00:00, run_after=2026-07-09 10:00:00+00:00
[2026-07-09T10:55:05.948+0000] {processor.py:208} INFO - Processing /opt/airflow/dags/dag_extract_dvizhenie.py took 0.031 seconds
[2026-07-09T10:55:36.360+0000] {processor.py:186} INFO - Started process (PID=998) to work on /opt/airflow/dags/dag_extract_dvizhenie.py
[2026-07-09T10:55:36.360+0000] {processor.py:914} INFO - Processing file /opt/airflow/dags/dag_extract_dvizhenie.py for tasks to queue
[2026-07-09T10:55:36.361+0000] {logging_mixin.py:190} INFO - [2026-07-09T10:55:36.361+0000] {dagbag.py:588} INFO - Filling up the DagBag from /opt/airflow/dags/dag_extract_dvizhenie.py
[2026-07-09T10:55:36.366+0000] {processor.py:925} INFO - DAG(s) 'dag_extract_dvizhenie' retrieved from /opt/airflow/dags/dag_extract_dvizhenie.py
[2026-07-09T10:55:36.376+0000] {logging_mixin.py:190} INFO - [2026-07-09T10:55:36.376+0000] {dag.py:3239} INFO - Sync 1 DAGs
[2026-07-09T10:55:36.383+0000] {logging_mixin.py:190} INFO - [2026-07-09T10:55:36.383+0000] {dag.py:4180} INFO - Setting next_dagrun for dag_extract_dvizhenie to 2026-07-09 08:00:00+00:00, run_after=2026-07-09 10:00:00+00:00
[2026-07-09T10:55:36.388+0000] {processor.py:208} INFO - Processing /opt/airflow/dags/dag_extract_dvizhenie.py took 0.030 seconds
[2026-07-09T10:56:06.822+0000] {processor.py:186} INFO - Started process (PID=1018) to work on /opt/airflow/dags/dag_extract_dvizhenie.py
[2026-07-09T10:56:06.822+0000] {processor.py:914} INFO - Processing file /opt/airflow/dags/dag_extract_dvizhenie.py for tasks to queue
[2026-07-09T10:56:06.823+0000] {logging_mixin.py:190} INFO - [2026-07-09T10:56:06.823+0000] {dagbag.py:588} INFO - Filling up the DagBag from /opt/airflow/dags/dag_extract_dvizhenie.py
[2026-07-09T10:56:06.828+0000] {processor.py:925} INFO - DAG(s) 'dag_extract_dvizhenie' retrieved from /opt/airflow/dags/dag_extract_dvizhenie.py
[2026-07-09T10:56:06.837+0000] {logging_mixin.py:190} INFO - [2026-07-09T10:56:06.837+0000] {dag.py:3239} INFO - Sync 1 DAGs
[2026-07-09T10:56:06.844+0000] {logging_mixin.py:190} INFO - [2026-07-09T10:56:06.844+0000] {dag.py:4180} INFO - Setting next_dagrun for dag_extract_dvizhenie to 2026-07-09 08:00:00+00:00, run_after=2026-07-09 10:00:00+00:00
[2026-07-09T10:56:06.849+0000] {processor.py:208} INFO - Processing /opt/airflow/dags/dag_extract_dvizhenie.py took 0.029 seconds
[2026-07-09T10:56:37.263+0000] {processor.py:186} INFO - Started process (PID=1038) to work on /opt/airflow/dags/dag_extract_dvizhenie.py
[2026-07-09T10:56:37.263+0000] {processor.py:914} INFO - Processing file /opt/airflow/dags/dag_extract_dvizhenie.py for tasks to queue
[2026-07-09T10:56:37.264+0000] {logging_mixin.py:190} INFO - [2026-07-09T10:56:37.264+0000] {dagbag.py:588} INFO - Filling up the DagBag from /opt/airflow/dags/dag_extract_dvizhenie.py
[2026-07-09T10:56:37.269+0000] {processor.py:925} INFO - DAG(s) 'dag_extract_dvizhenie' retrieved from /opt/airflow/dags/dag_extract_dvizhenie.py
[2026-07-09T10:56:37.279+0000] {logging_mixin.py:190} INFO - [2026-07-09T10:56:37.279+0000] {dag.py:3239} INFO - Sync 1 DAGs
[2026-07-09T10:56:37.286+0000] {logging_mixin.py:190} INFO - [2026-07-09T10:56:37.286+0000] {dag.py:4180} INFO - Setting next_dagrun for dag_extract_dvizhenie to 2026-07-09 08:00:00+00:00, run_after=2026-07-09 10:00:00+00:00
[2026-07-09T10:56:37.290+0000] {processor.py:208} INFO - Processing /opt/airflow/dags/dag_extract_dvizhenie.py took 0.030 seconds
[2026-07-09T10:57:07.682+0000] {processor.py:186} INFO - Started process (PID=1058) to work on /opt/airflow/dags/dag_extract_dvizhenie.py
[2026-07-09T10:57:07.682+0000] {processor.py:914} INFO - Processing file /opt/airflow/dags/dag_extract_dvizhenie.py for tasks to queue
[2026-07-09T10:57:07.683+0000] {logging_mixin.py:190} INFO - [2026-07-09T10:57:07.683+0000] {dagbag.py:588} INFO - Filling up the DagBag from /opt/airflow/dags/dag_extract_dvizhenie.py
[2026-07-09T10:57:07.687+0000] {processor.py:925} INFO - DAG(s) 'dag_extract_dvizhenie' retrieved from /opt/airflow/dags/dag_extract_dvizhenie.py
[2026-07-09T10:57:07.697+0000] {logging_mixin.py:190} INFO - [2026-07-09T10:57:07.697+0000] {dag.py:3239} INFO - Sync 1 DAGs
[2026-07-09T10:57:07.704+0000] {logging_mixin.py:190} INFO - [2026-07-09T10:57:07.704+0000] {dag.py:4180} INFO - Setting next_dagrun for dag_extract_dvizhenie to 2026-07-09 08:00:00+00:00, run_after=2026-07-09 10:00:00+00:00
[2026-07-09T10:57:07.709+0000] {processor.py:208} INFO - Processing /opt/airflow/dags/dag_extract_dvizhenie.py took 0.030 seconds
[2026-07-09T10:57:38.052+0000] {processor.py:186} INFO - Started process (PID=1078) to work on /opt/airflow/dags/dag_extract_dvizhenie.py
[2026-07-09T10:57:38.052+0000] {processor.py:914} INFO - Processing file /opt/airflow/dags/dag_extract_dvizhenie.py for tasks to queue
[2026-07-09T10:57:38.053+0000] {logging_mixin.py:190} INFO - [2026-07-09T10:57:38.053+0000] {dagbag.py:588} INFO - Filling up the DagBag from /opt/airflow/dags/dag_extract_dvizhenie.py
[2026-07-09T10:57:38.058+0000] {processor.py:925} INFO - DAG(s) 'dag_extract_dvizhenie' retrieved from /opt/airflow/dags/dag_extract_dvizhenie.py
[2026-07-09T10:57:38.071+0000] {logging_mixin.py:190} INFO - [2026-07-09T10:57:38.071+0000] {dag.py:3239} INFO - Sync 1 DAGs
[2026-07-09T10:57:38.081+0000] {logging_mixin.py:190} INFO - [2026-07-09T10:57:38.080+0000] {dag.py:4180} INFO - Setting next_dagrun for dag_extract_dvizhenie to 2026-07-09 08:00:00+00:00, run_after=2026-07-09 10:00:00+00:00
[2026-07-09T10:57:38.086+0000] {processor.py:208} INFO - Processing /opt/airflow/dags/dag_extract_dvizhenie.py took 0.036 seconds
[2026-07-09T10:58:08.594+0000] {processor.py:186} INFO - Started process (PID=1098) to work on /opt/airflow/dags/dag_extract_dvizhenie.py
[2026-07-09T10:58:08.595+0000] {processor.py:914} INFO - Processing file /opt/airflow/dags/dag_extract_dvizhenie.py for tasks to queue
[2026-07-09T10:58:08.596+0000] {logging_mixin.py:190} INFO - [2026-07-09T10:58:08.595+0000] {dagbag.py:588} INFO - Filling up the DagBag from /opt/airflow/dags/dag_extract_dvizhenie.py
[2026-07-09T10:58:08.601+0000] {processor.py:925} INFO - DAG(s) 'dag_extract_dvizhenie' retrieved from /opt/airflow/dags/dag_extract_dvizhenie.py
[2026-07-09T10:58:08.612+0000] {logging_mixin.py:190} INFO - [2026-07-09T10:58:08.612+0000] {dag.py:3239} INFO - Sync 1 DAGs
[2026-07-09T10:58:08.621+0000] {logging_mixin.py:190} INFO - [2026-07-09T10:58:08.620+0000] {dag.py:4180} INFO - Setting next_dagrun for dag_extract_dvizhenie to 2026-07-09 08:00:00+00:00, run_after=2026-07-09 10:00:00+00:00
[2026-07-09T10:58:08.626+0000] {processor.py:208} INFO - Processing /opt/airflow/dags/dag_extract_dvizhenie.py took 0.035 seconds
[2026-07-09T10:58:39.153+0000] {processor.py:186} INFO - Started process (PID=1118) to work on /opt/airflow/dags/dag_extract_dvizhenie.py
[2026-07-09T10:58:39.154+0000] {processor.py:914} INFO - Processing file /opt/airflow/dags/dag_extract_dvizhenie.py for tasks to queue
[2026-07-09T10:58:39.155+0000] {logging_mixin.py:190} INFO - [2026-07-09T10:58:39.155+0000] {dagbag.py:588} INFO - Filling up the DagBag from /opt/airflow/dags/dag_extract_dvizhenie.py
[2026-07-09T10:58:39.161+0000] {processor.py:925} INFO - DAG(s) 'dag_extract_dvizhenie' retrieved from /opt/airflow/dags/dag_extract_dvizhenie.py
[2026-07-09T10:58:39.178+0000] {logging_mixin.py:190} INFO - [2026-07-09T10:58:39.178+0000] {dag.py:3239} INFO - Sync 1 DAGs
[2026-07-09T10:58:39.189+0000] {logging_mixin.py:190} INFO - [2026-07-09T10:58:39.189+0000] {dag.py:4180} INFO - Setting next_dagrun for dag_extract_dvizhenie to 2026-07-09 08:00:00+00:00, run_after=2026-07-09 10:00:00+00:00
[2026-07-09T10:58:39.199+0000] {processor.py:208} INFO - Processing /opt/airflow/dags/dag_extract_dvizhenie.py took 0.049 seconds
[2026-07-09T10:59:09.864+0000] {processor.py:186} INFO - Started process (PID=1138) to work on /opt/airflow/dags/dag_extract_dvizhenie.py
[2026-07-09T10:59:09.864+0000] {processor.py:914} INFO - Processing file /opt/airflow/dags/dag_extract_dvizhenie.py for tasks to queue
[2026-07-09T10:59:09.865+0000] {logging_mixin.py:190} INFO - [2026-07-09T10:59:09.865+0000] {dagbag.py:588} INFO - Filling up the DagBag from /opt/airflow/dags/dag_extract_dvizhenie.py
[2026-07-09T10:59:09.870+0000] {processor.py:925} INFO - DAG(s) 'dag_extract_dvizhenie' retrieved from /opt/airflow/dags/dag_extract_dvizhenie.py
[2026-07-09T10:59:09.888+0000] {logging_mixin.py:190} INFO - [2026-07-09T10:59:09.888+0000] {dag.py:3239} INFO - Sync 1 DAGs
[2026-07-09T10:59:09.897+0000] {logging_mixin.py:190} INFO - [2026-07-09T10:59:09.896+0000] {dag.py:4180} INFO - Setting next_dagrun for dag_extract_dvizhenie to 2026-07-09 08:00:00+00:00, run_after=2026-07-09 10:00:00+00:00
[2026-07-09T10:59:09.902+0000] {processor.py:208} INFO - Processing /opt/airflow/dags/dag_extract_dvizhenie.py took 0.041 seconds
[2026-07-09T10:59:40.546+0000] {processor.py:186} INFO - Started process (PID=1158) to work on /opt/airflow/dags/dag_extract_dvizhenie.py
[2026-07-09T10:59:40.547+0000] {processor.py:914} INFO - Processing file /opt/airflow/dags/dag_extract_dvizhenie.py for tasks to queue
[2026-07-09T10:59:40.547+0000] {logging_mixin.py:190} INFO - [2026-07-09T10:59:40.547+0000] {dagbag.py:588} INFO - Filling up the DagBag from /opt/airflow/dags/dag_extract_dvizhenie.py
[2026-07-09T10:59:40.552+0000] {processor.py:925} INFO - DAG(s) 'dag_extract_dvizhenie' retrieved from /opt/airflow/dags/dag_extract_dvizhenie.py
[2026-07-09T10:59:40.561+0000] {logging_mixin.py:190} INFO - [2026-07-09T10:59:40.561+0000] {dag.py:3239} INFO - Sync 1 DAGs
[2026-07-09T10:59:40.569+0000] {logging_mixin.py:190} INFO - [2026-07-09T10:59:40.569+0000] {dag.py:4180} INFO - Setting next_dagrun for dag_extract_dvizhenie to 2026-07-09 08:00:00+00:00, run_after=2026-07-09 10:00:00+00:00
[2026-07-09T10:59:40.573+0000] {processor.py:208} INFO - Processing /opt/airflow/dags/dag_extract_dvizhenie.py took 0.029 seconds
[2026-07-09T11:00:11.022+0000] {processor.py:186} INFO - Started process (PID=1178) to work on /opt/airflow/dags/dag_extract_dvizhenie.py
[2026-07-09T11:00:11.022+0000] {processor.py:914} INFO - Processing file /opt/airflow/dags/dag_extract_dvizhenie.py for tasks to queue
[2026-07-09T11:00:11.023+0000] {logging_mixin.py:190} INFO - [2026-07-09T11:00:11.023+0000] {dagbag.py:588} INFO - Filling up the DagBag from /opt/airflow/dags/dag_extract_dvizhenie.py
[2026-07-09T11:00:11.027+0000] {processor.py:925} INFO - DAG(s) 'dag_extract_dvizhenie' retrieved from /opt/airflow/dags/dag_extract_dvizhenie.py
[2026-07-09T11:00:11.037+0000] {logging_mixin.py:190} INFO - [2026-07-09T11:00:11.037+0000] {dag.py:3239} INFO - Sync 1 DAGs
[2026-07-09T11:00:11.044+0000] {logging_mixin.py:190} INFO - [2026-07-09T11:00:11.044+0000] {dag.py:4180} INFO - Setting next_dagrun for dag_extract_dvizhenie to 2026-07-09 08:00:00+00:00, run_after=2026-07-09 10:00:00+00:00
[2026-07-09T11:00:11.049+0000] {processor.py:208} INFO - Processing /opt/airflow/dags/dag_extract_dvizhenie.py took 0.030 seconds
[2026-07-09T11:00:41.454+0000] {processor.py:186} INFO - Started process (PID=1198) to work on /opt/airflow/dags/dag_extract_dvizhenie.py
[2026-07-09T11:00:41.455+0000] {processor.py:914} INFO - Processing file /opt/airflow/dags/dag_extract_dvizhenie.py for tasks to queue
[2026-07-09T11:00:41.455+0000] {logging_mixin.py:190} INFO - [2026-07-09T11:00:41.455+0000] {dagbag.py:588} INFO - Filling up the DagBag from /opt/airflow/dags/dag_extract_dvizhenie.py
[2026-07-09T11:00:41.460+0000] {processor.py:925} INFO - DAG(s) 'dag_extract_dvizhenie' retrieved from /opt/airflow/dags/dag_extract_dvizhenie.py
[2026-07-09T11:00:41.470+0000] {logging_mixin.py:190} INFO - [2026-07-09T11:00:41.470+0000] {dag.py:3239} INFO - Sync 1 DAGs
[2026-07-09T11:00:41.477+0000] {logging_mixin.py:190} INFO - [2026-07-09T11:00:41.477+0000] {dag.py:4180} INFO - Setting next_dagrun for dag_extract_dvizhenie to 2026-07-09 08:00:00+00:00, run_after=2026-07-09 10:00:00+00:00
[2026-07-09T11:00:41.482+0000] {processor.py:208} INFO - Processing /opt/airflow/dags/dag_extract_dvizhenie.py took 0.030 seconds
[2026-07-09T11:01:11.963+0000] {processor.py:186} INFO - Started process (PID=1218) to work on /opt/airflow/dags/dag_extract_dvizhenie.py
[2026-07-09T11:01:11.964+0000] {processor.py:914} INFO - Processing file /opt/airflow/dags/dag_extract_dvizhenie.py for tasks to queue
[2026-07-09T11:01:11.965+0000] {logging_mixin.py:190} INFO - [2026-07-09T11:01:11.965+0000] {dagbag.py:588} INFO - Filling up the DagBag from /opt/airflow/dags/dag_extract_dvizhenie.py
[2026-07-09T11:01:11.971+0000] {processor.py:925} INFO - DAG(s) 'dag_extract_dvizhenie' retrieved from /opt/airflow/dags/dag_extract_dvizhenie.py
[2026-07-09T11:01:11.987+0000] {logging_mixin.py:190} INFO - [2026-07-09T11:01:11.986+0000] {dag.py:3239} INFO - Sync 1 DAGs
[2026-07-09T11:01:11.996+0000] {logging_mixin.py:190} INFO - [2026-07-09T11:01:11.996+0000] {dag.py:4180} INFO - Setting next_dagrun for dag_extract_dvizhenie to 2026-07-09 08:00:00+00:00, run_after=2026-07-09 10:00:00+00:00
[2026-07-09T11:01:12.008+0000] {processor.py:208} INFO - Processing /opt/airflow/dags/dag_extract_dvizhenie.py took 0.049 seconds
[2026-07-09T11:01:42.496+0000] {processor.py:186} INFO - Started process (PID=1238) to work on /opt/airflow/dags/dag_extract_dvizhenie.py
[2026-07-09T11:01:42.496+0000] {processor.py:914} INFO - Processing file /opt/airflow/dags/dag_extract_dvizhenie.py for tasks to queue
[2026-07-09T11:01:42.497+0000] {logging_mixin.py:190} INFO - [2026-07-09T11:01:42.497+0000] {dagbag.py:588} INFO - Filling up the DagBag from /opt/airflow/dags/dag_extract_dvizhenie.py
[2026-07-09T11:01:42.502+0000] {processor.py:925} INFO - DAG(s) 'dag_extract_dvizhenie' retrieved from /opt/airflow/dags/dag_extract_dvizhenie.py
[2026-07-09T11:01:42.512+0000] {logging_mixin.py:190} INFO - [2026-07-09T11:01:42.512+0000] {dag.py:3239} INFO - Sync 1 DAGs
[2026-07-09T11:01:42.520+0000] {logging_mixin.py:190} INFO - [2026-07-09T11:01:42.520+0000] {dag.py:4180} INFO - Setting next_dagrun for dag_extract_dvizhenie to 2026-07-09 08:00:00+00:00, run_after=2026-07-09 10:00:00+00:00
[2026-07-09T11:01:42.524+0000] {processor.py:208} INFO - Processing /opt/airflow/dags/dag_extract_dvizhenie.py took 0.031 seconds
[2026-07-09T11:02:12.957+0000] {processor.py:186} INFO - Started process (PID=1258) to work on /opt/airflow/dags/dag_extract_dvizhenie.py
[2026-07-09T11:02:12.958+0000] {processor.py:914} INFO - Processing file /opt/airflow/dags/dag_extract_dvizhenie.py for tasks to queue
[2026-07-09T11:02:12.958+0000] {logging_mixin.py:190} INFO - [2026-07-09T11:02:12.958+0000] {dagbag.py:588} INFO - Filling up the DagBag from /opt/airflow/dags/dag_extract_dvizhenie.py
[2026-07-09T11:02:12.963+0000] {processor.py:925} INFO - DAG(s) 'dag_extract_dvizhenie' retrieved from /opt/airflow/dags/dag_extract_dvizhenie.py
[2026-07-09T11:02:12.973+0000] {logging_mixin.py:190} INFO - [2026-07-09T11:02:12.973+0000] {dag.py:3239} INFO - Sync 1 DAGs
[2026-07-09T11:02:12.980+0000] {logging_mixin.py:190} INFO - [2026-07-09T11:02:12.980+0000] {dag.py:4180} INFO - Setting next_dagrun for dag_extract_dvizhenie to 2026-07-09 08:00:00+00:00, run_after=2026-07-09 10:00:00+00:00
[2026-07-09T11:02:12.985+0000] {processor.py:208} INFO - Processing /opt/airflow/dags/dag_extract_dvizhenie.py took 0.030 seconds
[2026-07-09T11:02:43.365+0000] {processor.py:186} INFO - Started process (PID=1278) to work on /opt/airflow/dags/dag_extract_dvizhenie.py
[2026-07-09T11:02:43.365+0000] {processor.py:914} INFO - Processing file /opt/airflow/dags/dag_extract_dvizhenie.py for tasks to queue
[2026-07-09T11:02:43.366+0000] {logging_mixin.py:190} INFO - [2026-07-09T11:02:43.366+0000] {dagbag.py:588} INFO - Filling up the DagBag from /opt/airflow/dags/dag_extract_dvizhenie.py
[2026-07-09T11:02:43.370+0000] {processor.py:925} INFO - DAG(s) 'dag_extract_dvizhenie' retrieved from /opt/airflow/dags/dag_extract_dvizhenie.py
[2026-07-09T11:02:43.381+0000] {logging_mixin.py:190} INFO - [2026-07-09T11:02:43.380+0000] {dag.py:3239} INFO - Sync 1 DAGs
[2026-07-09T11:02:43.388+0000] {logging_mixin.py:190} INFO - [2026-07-09T11:02:43.388+0000] {dag.py:4180} INFO - Setting next_dagrun for dag_extract_dvizhenie to 2026-07-09 08:00:00+00:00, run_after=2026-07-09 10:00:00+00:00
[2026-07-09T11:02:43.392+0000] {processor.py:208} INFO - Processing /opt/airflow/dags/dag_extract_dvizhenie.py took 0.030 seconds
[2026-07-09T11:03:13.806+0000] {processor.py:186} INFO - Started process (PID=1298) to work on /opt/airflow/dags/dag_extract_dvizhenie.py
[2026-07-09T11:03:13.806+0000] {processor.py:914} INFO - Processing file /opt/airflow/dags/dag_extract_dvizhenie.py for tasks to queue
[2026-07-09T11:03:13.807+0000] {logging_mixin.py:190} INFO - [2026-07-09T11:03:13.807+0000] {dagbag.py:588} INFO - Filling up the DagBag from /opt/airflow/dags/dag_extract_dvizhenie.py
[2026-07-09T11:03:13.812+0000] {processor.py:925} INFO - DAG(s) 'dag_extract_dvizhenie' retrieved from /opt/airflow/dags/dag_extract_dvizhenie.py
[2026-07-09T11:03:13.823+0000] {logging_mixin.py:190} INFO - [2026-07-09T11:03:13.823+0000] {dag.py:3239} INFO - Sync 1 DAGs
[2026-07-09T11:03:13.831+0000] {logging_mixin.py:190} INFO - [2026-07-09T11:03:13.831+0000] {dag.py:4180} INFO - Setting next_dagrun for dag_extract_dvizhenie to 2026-07-09 08:00:00+00:00, run_after=2026-07-09 10:00:00+00:00
[2026-07-09T11:03:13.837+0000] {processor.py:208} INFO - Processing /opt/airflow/dags/dag_extract_dvizhenie.py took 0.033 seconds
[2026-07-09T11:03:44.242+0000] {processor.py:186} INFO - Started process (PID=1318) to work on /opt/airflow/dags/dag_extract_dvizhenie.py
[2026-07-09T11:03:44.243+0000] {processor.py:914} INFO - Processing file /opt/airflow/dags/dag_extract_dvizhenie.py for tasks to queue
[2026-07-09T11:03:44.243+0000] {logging_mixin.py:190} INFO - [2026-07-09T11:03:44.243+0000] {dagbag.py:588} INFO - Filling up the DagBag from /opt/airflow/dags/dag_extract_dvizhenie.py
[2026-07-09T11:03:44.248+0000] {processor.py:925} INFO - DAG(s) 'dag_extract_dvizhenie' retrieved from /opt/airflow/dags/dag_extract_dvizhenie.py
[2026-07-09T11:03:44.258+0000] {logging_mixin.py:190} INFO - [2026-07-09T11:03:44.257+0000] {dag.py:3239} INFO - Sync 1 DAGs
[2026-07-09T11:03:44.265+0000] {logging_mixin.py:190} INFO - [2026-07-09T11:03:44.264+0000] {dag.py:4180} INFO - Setting next_dagrun for dag_extract_dvizhenie to 2026-07-09 08:00:00+00:00, run_after=2026-07-09 10:00:00+00:00
[2026-07-09T11:03:44.269+0000] {processor.py:208} INFO - Processing /opt/airflow/dags/dag_extract_dvizhenie.py took 0.029 seconds
[2026-07-09T11:04:14.655+0000] {processor.py:186} INFO - Started process (PID=1338) to work on /opt/airflow/dags/dag_extract_dvizhenie.py
[2026-07-09T11:04:14.655+0000] {processor.py:914} INFO - Processing file /opt/airflow/dags/dag_extract_dvizhenie.py for tasks to queue
[2026-07-09T11:04:14.656+0000] {logging_mixin.py:190} INFO - [2026-07-09T11:04:14.656+0000] {dagbag.py:588} INFO - Filling up the DagBag from /opt/airflow/dags/dag_extract_dvizhenie.py
[2026-07-09T11:04:14.661+0000] {processor.py:925} INFO - DAG(s) 'dag_extract_dvizhenie' retrieved from /opt/airflow/dags/dag_extract_dvizhenie.py
[2026-07-09T11:04:14.671+0000] {logging_mixin.py:190} INFO - [2026-07-09T11:04:14.671+0000] {dag.py:3239} INFO - Sync 1 DAGs
[2026-07-09T11:04:14.678+0000] {logging_mixin.py:190} INFO - [2026-07-09T11:04:14.678+0000] {dag.py:4180} INFO - Setting next_dagrun for dag_extract_dvizhenie to 2026-07-09 08:00:00+00:00, run_after=2026-07-09 10:00:00+00:00
[2026-07-09T11:04:14.683+0000] {processor.py:208} INFO - Processing /opt/airflow/dags/dag_extract_dvizhenie.py took 0.030 seconds
[2026-07-09T11:04:45.082+0000] {processor.py:186} INFO - Started process (PID=1358) to work on /opt/airflow/dags/dag_extract_dvizhenie.py
[2026-07-09T11:04:45.082+0000] {processor.py:914} INFO - Processing file /opt/airflow/dags/dag_extract_dvizhenie.py for tasks to queue
[2026-07-09T11:04:45.083+0000] {logging_mixin.py:190} INFO - [2026-07-09T11:04:45.083+0000] {dagbag.py:588} INFO - Filling up the DagBag from /opt/airflow/dags/dag_extract_dvizhenie.py
[2026-07-09T11:04:45.088+0000] {processor.py:925} INFO - DAG(s) 'dag_extract_dvizhenie' retrieved from /opt/airflow/dags/dag_extract_dvizhenie.py
[2026-07-09T11:04:45.097+0000] {logging_mixin.py:190} INFO - [2026-07-09T11:04:45.097+0000] {dag.py:3239} INFO - Sync 1 DAGs
[2026-07-09T11:04:45.104+0000] {logging_mixin.py:190} INFO - [2026-07-09T11:04:45.104+0000] {dag.py:4180} INFO - Setting next_dagrun for dag_extract_dvizhenie to 2026-07-09 08:00:00+00:00, run_after=2026-07-09 10:00:00+00:00
[2026-07-09T11:04:45.109+0000] {processor.py:208} INFO - Processing /opt/airflow/dags/dag_extract_dvizhenie.py took 0.029 seconds
[2026-07-09T11:05:15.557+0000] {processor.py:186} INFO - Started process (PID=1378) to work on /opt/airflow/dags/dag_extract_dvizhenie.py
[2026-07-09T11:05:15.557+0000] {processor.py:914} INFO - Processing file /opt/airflow/dags/dag_extract_dvizhenie.py for tasks to queue
[2026-07-09T11:05:15.558+0000] {logging_mixin.py:190} INFO - [2026-07-09T11:05:15.558+0000] {dagbag.py:588} INFO - Filling up the DagBag from /opt/airflow/dags/dag_extract_dvizhenie.py
[2026-07-09T11:05:15.563+0000] {processor.py:925} INFO - DAG(s) 'dag_extract_dvizhenie' retrieved from /opt/airflow/dags/dag_extract_dvizhenie.py
[2026-07-09T11:05:15.577+0000] {logging_mixin.py:190} INFO - [2026-07-09T11:05:15.577+0000] {dag.py:3239} INFO - Sync 1 DAGs
[2026-07-09T11:05:15.585+0000] {logging_mixin.py:190} INFO - [2026-07-09T11:05:15.585+0000] {dag.py:4180} INFO - Setting next_dagrun for dag_extract_dvizhenie to 2026-07-09 08:00:00+00:00, run_after=2026-07-09 10:00:00+00:00
[2026-07-09T11:05:15.593+0000] {processor.py:208} INFO - Processing /opt/airflow/dags/dag_extract_dvizhenie.py took 0.039 seconds
[2026-07-09T11:05:46.008+0000] {processor.py:186} INFO - Started process (PID=1398) to work on /opt/airflow/dags/dag_extract_dvizhenie.py
[2026-07-09T11:05:46.008+0000] {processor.py:914} INFO - Processing file /opt/airflow/dags/dag_extract_dvizhenie.py for tasks to queue
[2026-07-09T11:05:46.009+0000] {logging_mixin.py:190} INFO - [2026-07-09T11:05:46.009+0000] {dagbag.py:588} INFO - Filling up the DagBag from /opt/airflow/dags/dag_extract_dvizhenie.py
[2026-07-09T11:05:46.015+0000] {processor.py:925} INFO - DAG(s) 'dag_extract_dvizhenie' retrieved from /opt/airflow/dags/dag_extract_dvizhenie.py
[2026-07-09T11:05:46.030+0000] {logging_mixin.py:190} INFO - [2026-07-09T11:05:46.030+0000] {dag.py:3239} INFO - Sync 1 DAGs
[2026-07-09T11:05:46.041+0000] {logging_mixin.py:190} INFO - [2026-07-09T11:05:46.041+0000] {dag.py:4180} INFO - Setting next_dagrun for dag_extract_dvizhenie to 2026-07-09 08:00:00+00:00, run_after=2026-07-09 10:00:00+00:00
[2026-07-09T11:05:46.047+0000] {processor.py:208} INFO - Processing /opt/airflow/dags/dag_extract_dvizhenie.py took 0.043 seconds
[2026-07-09T11:06:16.439+0000] {processor.py:186} INFO - Started process (PID=1418) to work on /opt/airflow/dags/dag_extract_dvizhenie.py
[2026-07-09T11:06:16.440+0000] {processor.py:914} INFO - Processing file /opt/airflow/dags/dag_extract_dvizhenie.py for tasks to queue
[2026-07-09T11:06:16.441+0000] {logging_mixin.py:190} INFO - [2026-07-09T11:06:16.441+0000] {dagbag.py:588} INFO - Filling up the DagBag from /opt/airflow/dags/dag_extract_dvizhenie.py
[2026-07-09T11:06:16.448+0000] {processor.py:925} INFO - DAG(s) 'dag_extract_dvizhenie' retrieved from /opt/airflow/dags/dag_extract_dvizhenie.py
[2026-07-09T11:06:16.462+0000] {logging_mixin.py:190} INFO - [2026-07-09T11:06:16.462+0000] {dag.py:3239} INFO - Sync 1 DAGs
[2026-07-09T11:06:16.472+0000] {logging_mixin.py:190} INFO - [2026-07-09T11:06:16.472+0000] {dag.py:4180} INFO - Setting next_dagrun for dag_extract_dvizhenie to 2026-07-09 08:00:00+00:00, run_after=2026-07-09 10:00:00+00:00
[2026-07-09T11:06:16.482+0000] {processor.py:208} INFO - Processing /opt/airflow/dags/dag_extract_dvizhenie.py took 0.047 seconds
[2026-07-09T11:06:46.914+0000] {processor.py:186} INFO - Started process (PID=1438) to work on /opt/airflow/dags/dag_extract_dvizhenie.py
[2026-07-09T11:06:46.915+0000] {processor.py:914} INFO - Processing file /opt/airflow/dags/dag_extract_dvizhenie.py for tasks to queue
[2026-07-09T11:06:46.915+0000] {logging_mixin.py:190} INFO - [2026-07-09T11:06:46.915+0000] {dagbag.py:588} INFO - Filling up the DagBag from /opt/airflow/dags/dag_extract_dvizhenie.py
[2026-07-09T11:06:46.920+0000] {processor.py:925} INFO - DAG(s) 'dag_extract_dvizhenie' retrieved from /opt/airflow/dags/dag_extract_dvizhenie.py
[2026-07-09T11:06:46.932+0000] {logging_mixin.py:190} INFO - [2026-07-09T11:06:46.932+0000] {dag.py:3239} INFO - Sync 1 DAGs
[2026-07-09T11:06:46.941+0000] {logging_mixin.py:190} INFO - [2026-07-09T11:06:46.941+0000] {dag.py:4180} INFO - Setting next_dagrun for dag_extract_dvizhenie to 2026-07-09 08:00:00+00:00, run_after=2026-07-09 10:00:00+00:00
[2026-07-09T11:06:46.947+0000] {processor.py:208} INFO - Processing /opt/airflow/dags/dag_extract_dvizhenie.py took 0.035 seconds
[2026-07-09T11:07:17.362+0000] {processor.py:186} INFO - Started process (PID=1458) to work on /opt/airflow/dags/dag_extract_dvizhenie.py
[2026-07-09T11:07:17.362+0000] {processor.py:914} INFO - Processing file /opt/airflow/dags/dag_extract_dvizhenie.py for tasks to queue
[2026-07-09T11:07:17.363+0000] {logging_mixin.py:190} INFO - [2026-07-09T11:07:17.363+0000] {dagbag.py:588} INFO - Filling up the DagBag from /opt/airflow/dags/dag_extract_dvizhenie.py
[2026-07-09T11:07:17.368+0000] {processor.py:925} INFO - DAG(s) 'dag_extract_dvizhenie' retrieved from /opt/airflow/dags/dag_extract_dvizhenie.py
[2026-07-09T11:07:17.382+0000] {logging_mixin.py:190} INFO - [2026-07-09T11:07:17.382+0000] {dag.py:3239} INFO - Sync 1 DAGs
[2026-07-09T11:07:17.391+0000] {logging_mixin.py:190} INFO - [2026-07-09T11:07:17.391+0000] {dag.py:4180} INFO - Setting next_dagrun for dag_extract_dvizhenie to 2026-07-09 08:00:00+00:00, run_after=2026-07-09 10:00:00+00:00
[2026-07-09T11:07:17.398+0000] {processor.py:208} INFO - Processing /opt/airflow/dags/dag_extract_dvizhenie.py took 0.039 seconds
[2026-07-09T11:07:47.818+0000] {processor.py:186} INFO - Started process (PID=1478) to work on /opt/airflow/dags/dag_extract_dvizhenie.py
[2026-07-09T11:07:47.819+0000] {processor.py:914} INFO - Processing file /opt/airflow/dags/dag_extract_dvizhenie.py for tasks to queue
[2026-07-09T11:07:47.820+0000] {logging_mixin.py:190} INFO - [2026-07-09T11:07:47.820+0000] {dagbag.py:588} INFO - Filling up the DagBag from /opt/airflow/dags/dag_extract_dvizhenie.py
[2026-07-09T11:07:47.826+0000] {processor.py:925} INFO - DAG(s) 'dag_extract_dvizhenie' retrieved from /opt/airflow/dags/dag_extract_dvizhenie.py
[2026-07-09T11:07:47.839+0000] {logging_mixin.py:190} INFO - [2026-07-09T11:07:47.839+0000] {dag.py:3239} INFO - Sync 1 DAGs
[2026-07-09T11:07:47.847+0000] {logging_mixin.py:190} INFO - [2026-07-09T11:07:47.847+0000] {dag.py:4180} INFO - Setting next_dagrun for dag_extract_dvizhenie to 2026-07-09 08:00:00+00:00, run_after=2026-07-09 10:00:00+00:00
[2026-07-09T11:07:47.853+0000] {processor.py:208} INFO - Processing /opt/airflow/dags/dag_extract_dvizhenie.py took 0.038 seconds
[2026-07-09T11:08:18.213+0000] {processor.py:186} INFO - Started process (PID=1498) to work on /opt/airflow/dags/dag_extract_dvizhenie.py
[2026-07-09T11:08:18.214+0000] {processor.py:914} INFO - Processing file /opt/airflow/dags/dag_extract_dvizhenie.py for tasks to queue
[2026-07-09T11:08:18.215+0000] {logging_mixin.py:190} INFO - [2026-07-09T11:08:18.215+0000] {dagbag.py:588} INFO - Filling up the DagBag from /opt/airflow/dags/dag_extract_dvizhenie.py
[2026-07-09T11:08:18.221+0000] {processor.py:925} INFO - DAG(s) 'dag_extract_dvizhenie' retrieved from /opt/airflow/dags/dag_extract_dvizhenie.py
[2026-07-09T11:08:18.236+0000] {logging_mixin.py:190} INFO - [2026-07-09T11:08:18.236+0000] {dag.py:3239} INFO - Sync 1 DAGs
[2026-07-09T11:08:18.245+0000] {logging_mixin.py:190} INFO - [2026-07-09T11:08:18.245+0000] {dag.py:4180} INFO - Setting next_dagrun for dag_extract_dvizhenie to 2026-07-09 08:00:00+00:00, run_after=2026-07-09 10:00:00+00:00
[2026-07-09T11:08:18.253+0000] {processor.py:208} INFO - Processing /opt/airflow/dags/dag_extract_dvizhenie.py took 0.043 seconds
[2026-07-09T11:08:48.594+0000] {processor.py:186} INFO - Started process (PID=1518) to work on /opt/airflow/dags/dag_extract_dvizhenie.py
[2026-07-09T11:08:48.594+0000] {processor.py:914} INFO - Processing file /opt/airflow/dags/dag_extract_dvizhenie.py for tasks to queue
[2026-07-09T11:08:48.595+0000] {logging_mixin.py:190} INFO - [2026-07-09T11:08:48.595+0000] {dagbag.py:588} INFO - Filling up the DagBag from /opt/airflow/dags/dag_extract_dvizhenie.py
[2026-07-09T11:08:48.600+0000] {processor.py:925} INFO - DAG(s) 'dag_extract_dvizhenie' retrieved from /opt/airflow/dags/dag_extract_dvizhenie.py
[2026-07-09T11:08:48.610+0000] {logging_mixin.py:190} INFO - [2026-07-09T11:08:48.610+0000] {dag.py:3239} INFO - Sync 1 DAGs
[2026-07-09T11:08:48.618+0000] {logging_mixin.py:190} INFO - [2026-07-09T11:08:48.618+0000] {dag.py:4180} INFO - Setting next_dagrun for dag_extract_dvizhenie to 2026-07-09 08:00:00+00:00, run_after=2026-07-09 10:00:00+00:00
[2026-07-09T11:08:48.622+0000] {processor.py:208} INFO - Processing /opt/airflow/dags/dag_extract_dvizhenie.py took 0.031 seconds
[2026-07-09T11:09:19.039+0000] {processor.py:186} INFO - Started process (PID=1538) to work on /opt/airflow/dags/dag_extract_dvizhenie.py
[2026-07-09T11:09:19.040+0000] {processor.py:914} INFO - Processing file /opt/airflow/dags/dag_extract_dvizhenie.py for tasks to queue
[2026-07-09T11:09:19.040+0000] {logging_mixin.py:190} INFO - [2026-07-09T11:09:19.040+0000] {dagbag.py:588} INFO - Filling up the DagBag from /opt/airflow/dags/dag_extract_dvizhenie.py
[2026-07-09T11:09:19.045+0000] {processor.py:925} INFO - DAG(s) 'dag_extract_dvizhenie' retrieved from /opt/airflow/dags/dag_extract_dvizhenie.py
[2026-07-09T11:09:19.055+0000] {logging_mixin.py:190} INFO - [2026-07-09T11:09:19.055+0000] {dag.py:3239} INFO - Sync 1 DAGs
[2026-07-09T11:09:19.062+0000] {logging_mixin.py:190} INFO - [2026-07-09T11:09:19.062+0000] {dag.py:4180} INFO - Setting next_dagrun for dag_extract_dvizhenie to 2026-07-09 08:00:00+00:00, run_after=2026-07-09 10:00:00+00:00
[2026-07-09T11:09:19.067+0000] {processor.py:208} INFO - Processing /opt/airflow/dags/dag_extract_dvizhenie.py took 0.030 seconds
[2026-07-09T11:09:49.529+0000] {processor.py:186} INFO - Started process (PID=1558) to work on /opt/airflow/dags/dag_extract_dvizhenie.py
[2026-07-09T11:09:49.530+0000] {processor.py:914} INFO - Processing file /opt/airflow/dags/dag_extract_dvizhenie.py for tasks to queue
[2026-07-09T11:09:49.530+0000] {logging_mixin.py:190} INFO - [2026-07-09T11:09:49.530+0000] {dagbag.py:588} INFO - Filling up the DagBag from /opt/airflow/dags/dag_extract_dvizhenie.py
[2026-07-09T11:09:49.535+0000] {processor.py:925} INFO - DAG(s) 'dag_extract_dvizhenie' retrieved from /opt/airflow/dags/dag_extract_dvizhenie.py
[2026-07-09T11:09:49.545+0000] {logging_mixin.py:190} INFO - [2026-07-09T11:09:49.545+0000] {dag.py:3239} INFO - Sync 1 DAGs
[2026-07-09T11:09:49.552+0000] {logging_mixin.py:190} INFO - [2026-07-09T11:09:49.552+0000] {dag.py:4180} INFO - Setting next_dagrun for dag_extract_dvizhenie to 2026-07-09 08:00:00+00:00, run_after=2026-07-09 10:00:00+00:00
[2026-07-09T11:09:49.556+0000] {processor.py:208} INFO - Processing /opt/airflow/dags/dag_extract_dvizhenie.py took 0.030 seconds
[2026-07-09T11:10:20.033+0000] {processor.py:186} INFO - Started process (PID=1578) to work on /opt/airflow/dags/dag_extract_dvizhenie.py
[2026-07-09T11:10:20.033+0000] {processor.py:914} INFO - Processing file /opt/airflow/dags/dag_extract_dvizhenie.py for tasks to queue
[2026-07-09T11:10:20.034+0000] {logging_mixin.py:190} INFO - [2026-07-09T11:10:20.034+0000] {dagbag.py:588} INFO - Filling up the DagBag from /opt/airflow/dags/dag_extract_dvizhenie.py
[2026-07-09T11:10:20.040+0000] {processor.py:925} INFO - DAG(s) 'dag_extract_dvizhenie' retrieved from /opt/airflow/dags/dag_extract_dvizhenie.py
[2026-07-09T11:10:20.052+0000] {logging_mixin.py:190} INFO - [2026-07-09T11:10:20.052+0000] {dag.py:3239} INFO - Sync 1 DAGs
[2026-07-09T11:10:20.061+0000] {logging_mixin.py:190} INFO - [2026-07-09T11:10:20.061+0000] {dag.py:4180} INFO - Setting next_dagrun for dag_extract_dvizhenie to 2026-07-09 08:00:00+00:00, run_after=2026-07-09 10:00:00+00:00
[2026-07-09T11:10:20.067+0000] {processor.py:208} INFO - Processing /opt/airflow/dags/dag_extract_dvizhenie.py took 0.038 seconds
[2026-07-09T11:10:50.466+0000] {processor.py:186} INFO - Started process (PID=1598) to work on /opt/airflow/dags/dag_extract_dvizhenie.py
[2026-07-09T11:10:50.466+0000] {processor.py:914} INFO - Processing file /opt/airflow/dags/dag_extract_dvizhenie.py for tasks to queue
[2026-07-09T11:10:50.468+0000] {logging_mixin.py:190} INFO - [2026-07-09T11:10:50.467+0000] {dagbag.py:588} INFO - Filling up the DagBag from /opt/airflow/dags/dag_extract_dvizhenie.py
[2026-07-09T11:10:50.474+0000] {processor.py:925} INFO - DAG(s) 'dag_extract_dvizhenie' retrieved from /opt/airflow/dags/dag_extract_dvizhenie.py
[2026-07-09T11:10:50.485+0000] {logging_mixin.py:190} INFO - [2026-07-09T11:10:50.485+0000] {dag.py:3239} INFO - Sync 1 DAGs
[2026-07-09T11:10:50.493+0000] {logging_mixin.py:190} INFO - [2026-07-09T11:10:50.493+0000] {dag.py:4180} INFO - Setting next_dagrun for dag_extract_dvizhenie to 2026-07-09 08:00:00+00:00, run_after=2026-07-09 10:00:00+00:00
[2026-07-09T11:10:50.500+0000] {processor.py:208} INFO - Processing /opt/airflow/dags/dag_extract_dvizhenie.py took 0.037 seconds
[2026-07-09T11:11:20.895+0000] {processor.py:186} INFO - Started process (PID=1618) to work on /opt/airflow/dags/dag_extract_dvizhenie.py
[2026-07-09T11:11:20.896+0000] {processor.py:914} INFO - Processing file /opt/airflow/dags/dag_extract_dvizhenie.py for tasks to queue
[2026-07-09T11:11:20.897+0000] {logging_mixin.py:190} INFO - [2026-07-09T11:11:20.897+0000] {dagbag.py:588} INFO - Filling up the DagBag from /opt/airflow/dags/dag_extract_dvizhenie.py
[2026-07-09T11:11:20.901+0000] {processor.py:925} INFO - DAG(s) 'dag_extract_dvizhenie' retrieved from /opt/airflow/dags/dag_extract_dvizhenie.py
[2026-07-09T11:11:20.911+0000] {logging_mixin.py:190} INFO - [2026-07-09T11:11:20.911+0000] {dag.py:3239} INFO - Sync 1 DAGs
[2026-07-09T11:11:20.918+0000] {logging_mixin.py:190} INFO - [2026-07-09T11:11:20.917+0000] {dag.py:4180} INFO - Setting next_dagrun for dag_extract_dvizhenie to 2026-07-09 08:00:00+00:00, run_after=2026-07-09 10:00:00+00:00
[2026-07-09T11:11:20.922+0000] {processor.py:208} INFO - Processing /opt/airflow/dags/dag_extract_dvizhenie.py took 0.029 seconds
[2026-07-09T11:11:51.307+0000] {processor.py:186} INFO - Started process (PID=1637) to work on /opt/airflow/dags/dag_extract_dvizhenie.py
[2026-07-09T11:11:51.308+0000] {processor.py:914} INFO - Processing file /opt/airflow/dags/dag_extract_dvizhenie.py for tasks to queue
[2026-07-09T11:11:51.309+0000] {logging_mixin.py:190} INFO - [2026-07-09T11:11:51.309+0000] {dagbag.py:588} INFO - Filling up the DagBag from /opt/airflow/dags/dag_extract_dvizhenie.py
[2026-07-09T11:11:51.315+0000] {processor.py:925} INFO - DAG(s) 'dag_extract_dvizhenie' retrieved from /opt/airflow/dags/dag_extract_dvizhenie.py
[2026-07-09T11:11:51.331+0000] {logging_mixin.py:190} INFO - [2026-07-09T11:11:51.331+0000] {dag.py:3239} INFO - Sync 1 DAGs
[2026-07-09T11:11:51.340+0000] {logging_mixin.py:190} INFO - [2026-07-09T11:11:51.340+0000] {dag.py:4180} INFO - Setting next_dagrun for dag_extract_dvizhenie to 2026-07-09 08:00:00+00:00, run_after=2026-07-09 10:00:00+00:00
[2026-07-09T11:11:51.345+0000] {processor.py:208} INFO - Processing /opt/airflow/dags/dag_extract_dvizhenie.py took 0.041 seconds
[2026-07-09T11:12:21.854+0000] {processor.py:186} INFO - Started process (PID=1658) to work on /opt/airflow/dags/dag_extract_dvizhenie.py
[2026-07-09T11:12:21.855+0000] {processor.py:914} INFO - Processing file /opt/airflow/dags/dag_extract_dvizhenie.py for tasks to queue
[2026-07-09T11:12:21.856+0000] {logging_mixin.py:190} INFO - [2026-07-09T11:12:21.856+0000] {dagbag.py:588} INFO - Filling up the DagBag from /opt/airflow/dags/dag_extract_dvizhenie.py
[2026-07-09T11:12:21.863+0000] {processor.py:925} INFO - DAG(s) 'dag_extract_dvizhenie' retrieved from /opt/airflow/dags/dag_extract_dvizhenie.py
[2026-07-09T11:12:21.880+0000] {logging_mixin.py:190} INFO - [2026-07-09T11:12:21.880+0000] {dag.py:3239} INFO - Sync 1 DAGs
[2026-07-09T11:12:21.889+0000] {logging_mixin.py:190} INFO - [2026-07-09T11:12:21.889+0000] {dag.py:4180} INFO - Setting next_dagrun for dag_extract_dvizhenie to 2026-07-09 08:00:00+00:00, run_after=2026-07-09 10:00:00+00:00
[2026-07-09T11:12:21.894+0000] {processor.py:208} INFO - Processing /opt/airflow/dags/dag_extract_dvizhenie.py took 0.043 seconds
[2026-07-09T11:12:52.262+0000] {processor.py:186} INFO - Started process (PID=1676) to work on /opt/airflow/dags/dag_extract_dvizhenie.py
[2026-07-09T11:12:52.263+0000] {processor.py:914} INFO - Processing file /opt/airflow/dags/dag_extract_dvizhenie.py for tasks to queue
[2026-07-09T11:12:52.264+0000] {logging_mixin.py:190} INFO - [2026-07-09T11:12:52.264+0000] {dagbag.py:588} INFO - Filling up the DagBag from /opt/airflow/dags/dag_extract_dvizhenie.py
[2026-07-09T11:12:52.271+0000] {processor.py:925} INFO - DAG(s) 'dag_extract_dvizhenie' retrieved from /opt/airflow/dags/dag_extract_dvizhenie.py
[2026-07-09T11:12:52.285+0000] {logging_mixin.py:190} INFO - [2026-07-09T11:12:52.285+0000] {dag.py:3239} INFO - Sync 1 DAGs
[2026-07-09T11:12:52.293+0000] {logging_mixin.py:190} INFO - [2026-07-09T11:12:52.293+0000] {dag.py:4180} INFO - Setting next_dagrun for dag_extract_dvizhenie to 2026-07-09 08:00:00+00:00, run_after=2026-07-09 10:00:00+00:00
[2026-07-09T11:12:52.298+0000] {processor.py:208} INFO - Processing /opt/airflow/dags/dag_extract_dvizhenie.py took 0.039 seconds
[2026-07-09T11:13:22.767+0000] {processor.py:186} INFO - Started process (PID=1698) to work on /opt/airflow/dags/dag_extract_dvizhenie.py
[2026-07-09T11:13:22.768+0000] {processor.py:914} INFO - Processing file /opt/airflow/dags/dag_extract_dvizhenie.py for tasks to queue
[2026-07-09T11:13:22.769+0000] {logging_mixin.py:190} INFO - [2026-07-09T11:13:22.769+0000] {dagbag.py:588} INFO - Filling up the DagBag from /opt/airflow/dags/dag_extract_dvizhenie.py
[2026-07-09T11:13:22.774+0000] {processor.py:925} INFO - DAG(s) 'dag_extract_dvizhenie' retrieved from /opt/airflow/dags/dag_extract_dvizhenie.py
[2026-07-09T11:13:22.786+0000] {logging_mixin.py:190} INFO - [2026-07-09T11:13:22.786+0000] {dag.py:3239} INFO - Sync 1 DAGs
[2026-07-09T11:13:22.795+0000] {logging_mixin.py:190} INFO - [2026-07-09T11:13:22.795+0000] {dag.py:4180} INFO - Setting next_dagrun for dag_extract_dvizhenie to 2026-07-09 08:00:00+00:00, run_after=2026-07-09 10:00:00+00:00
[2026-07-09T11:13:22.801+0000] {processor.py:208} INFO - Processing /opt/airflow/dags/dag_extract_dvizhenie.py took 0.036 seconds
[2026-07-09T11:13:53.224+0000] {processor.py:186} INFO - Started process (PID=1718) to work on /opt/airflow/dags/dag_extract_dvizhenie.py
[2026-07-09T11:13:53.225+0000] {processor.py:914} INFO - Processing file /opt/airflow/dags/dag_extract_dvizhenie.py for tasks to queue
[2026-07-09T11:13:53.225+0000] {logging_mixin.py:190} INFO - [2026-07-09T11:13:53.225+0000] {dagbag.py:588} INFO - Filling up the DagBag from /opt/airflow/dags/dag_extract_dvizhenie.py
[2026-07-09T11:13:53.230+0000] {processor.py:925} INFO - DAG(s) 'dag_extract_dvizhenie' retrieved from /opt/airflow/dags/dag_extract_dvizhenie.py
[2026-07-09T11:13:53.239+0000] {logging_mixin.py:190} INFO - [2026-07-09T11:13:53.239+0000] {dag.py:3239} INFO - Sync 1 DAGs
[2026-07-09T11:13:53.246+0000] {logging_mixin.py:190} INFO - [2026-07-09T11:13:53.246+0000] {dag.py:4180} INFO - Setting next_dagrun for dag_extract_dvizhenie to 2026-07-09 08:00:00+00:00, run_after=2026-07-09 10:00:00+00:00
[2026-07-09T11:13:53.251+0000] {processor.py:208} INFO - Processing /opt/airflow/dags/dag_extract_dvizhenie.py took 0.030 seconds
[2026-07-09T11:14:23.626+0000] {processor.py:186} INFO - Started process (PID=1737) to work on /opt/airflow/dags/dag_extract_dvizhenie.py
[2026-07-09T11:14:23.626+0000] {processor.py:914} INFO - Processing file /opt/airflow/dags/dag_extract_dvizhenie.py for tasks to queue
[2026-07-09T11:14:23.627+0000] {logging_mixin.py:190} INFO - [2026-07-09T11:14:23.627+0000] {dagbag.py:588} INFO - Filling up the DagBag from /opt/airflow/dags/dag_extract_dvizhenie.py
[2026-07-09T11:14:23.635+0000] {processor.py:925} INFO - DAG(s) 'dag_extract_dvizhenie' retrieved from /opt/airflow/dags/dag_extract_dvizhenie.py
[2026-07-09T11:14:23.650+0000] {logging_mixin.py:190} INFO - [2026-07-09T11:14:23.650+0000] {dag.py:3239} INFO - Sync 1 DAGs
[2026-07-09T11:14:23.662+0000] {logging_mixin.py:190} INFO - [2026-07-09T11:14:23.662+0000] {dag.py:4180} INFO - Setting next_dagrun for dag_extract_dvizhenie to 2026-07-09 08:00:00+00:00, run_after=2026-07-09 10:00:00+00:00
[2026-07-09T11:14:23.671+0000] {processor.py:208} INFO - Processing /opt/airflow/dags/dag_extract_dvizhenie.py took 0.048 seconds
[2026-07-09T11:14:54.030+0000] {processor.py:186} INFO - Started process (PID=1758) to work on /opt/airflow/dags/dag_extract_dvizhenie.py
[2026-07-09T11:14:54.031+0000] {processor.py:914} INFO - Processing file /opt/airflow/dags/dag_extract_dvizhenie.py for tasks to queue
[2026-07-09T11:14:54.031+0000] {logging_mixin.py:190} INFO - [2026-07-09T11:14:54.031+0000] {dagbag.py:588} INFO - Filling up the DagBag from /opt/airflow/dags/dag_extract_dvizhenie.py
[2026-07-09T11:14:54.036+0000] {processor.py:925} INFO - DAG(s) 'dag_extract_dvizhenie' retrieved from /opt/airflow/dags/dag_extract_dvizhenie.py
[2026-07-09T11:14:54.045+0000] {logging_mixin.py:190} INFO - [2026-07-09T11:14:54.045+0000] {dag.py:3239} INFO - Sync 1 DAGs
[2026-07-09T11:14:54.053+0000] {logging_mixin.py:190} INFO - [2026-07-09T11:14:54.053+0000] {dag.py:4180} INFO - Setting next_dagrun for dag_extract_dvizhenie to 2026-07-09 08:00:00+00:00, run_after=2026-07-09 10:00:00+00:00
[2026-07-09T11:14:54.057+0000] {processor.py:208} INFO - Processing /opt/airflow/dags/dag_extract_dvizhenie.py took 0.029 seconds
[2026-07-09T11:15:24.426+0000] {processor.py:186} INFO - Started process (PID=1778) to work on /opt/airflow/dags/dag_extract_dvizhenie.py
[2026-07-09T11:15:24.427+0000] {processor.py:914} INFO - Processing file /opt/airflow/dags/dag_extract_dvizhenie.py for tasks to queue
[2026-07-09T11:15:24.428+0000] {logging_mixin.py:190} INFO - [2026-07-09T11:15:24.428+0000] {dagbag.py:588} INFO - Filling up the DagBag from /opt/airflow/dags/dag_extract_dvizhenie.py
[2026-07-09T11:15:24.433+0000] {processor.py:925} INFO - DAG(s) 'dag_extract_dvizhenie' retrieved from /opt/airflow/dags/dag_extract_dvizhenie.py
[2026-07-09T11:15:24.447+0000] {logging_mixin.py:190} INFO - [2026-07-09T11:15:24.447+0000] {dag.py:3239} INFO - Sync 1 DAGs
[2026-07-09T11:15:24.456+0000] {logging_mixin.py:190} INFO - [2026-07-09T11:15:24.456+0000] {dag.py:4180} INFO - Setting next_dagrun for dag_extract_dvizhenie to 2026-07-09 08:00:00+00:00, run_after=2026-07-09 10:00:00+00:00
[2026-07-09T11:15:24.462+0000] {processor.py:208} INFO - Processing /opt/airflow/dags/dag_extract_dvizhenie.py took 0.040 seconds
[2026-07-09T11:15:54.867+0000] {processor.py:186} INFO - Started process (PID=1798) to work on /opt/airflow/dags/dag_extract_dvizhenie.py
[2026-07-09T11:15:54.868+0000] {processor.py:914} INFO - Processing file /opt/airflow/dags/dag_extract_dvizhenie.py for tasks to queue
[2026-07-09T11:15:54.869+0000] {logging_mixin.py:190} INFO - [2026-07-09T11:15:54.869+0000] {dagbag.py:588} INFO - Filling up the DagBag from /opt/airflow/dags/dag_extract_dvizhenie.py
[2026-07-09T11:15:54.880+0000] {processor.py:925} INFO - DAG(s) 'dag_extract_dvizhenie' retrieved from /opt/airflow/dags/dag_extract_dvizhenie.py
[2026-07-09T11:15:54.904+0000] {logging_mixin.py:190} INFO - [2026-07-09T11:15:54.903+0000] {dag.py:3239} INFO - Sync 1 DAGs
[2026-07-09T11:15:54.923+0000] {logging_mixin.py:190} INFO - [2026-07-09T11:15:54.923+0000] {dag.py:4180} INFO - Setting next_dagrun for dag_extract_dvizhenie to 2026-07-09 08:00:00+00:00, run_after=2026-07-09 10:00:00+00:00
[2026-07-09T11:15:54.932+0000] {processor.py:208} INFO - Processing /opt/airflow/dags/dag_extract_dvizhenie.py took 0.067 seconds
[2026-07-09T11:16:25.291+0000] {processor.py:186} INFO - Started process (PID=1818) to work on /opt/airflow/dags/dag_extract_dvizhenie.py
[2026-07-09T11:16:25.292+0000] {processor.py:914} INFO - Processing file /opt/airflow/dags/dag_extract_dvizhenie.py for tasks to queue
[2026-07-09T11:16:25.295+0000] {logging_mixin.py:190} INFO - [2026-07-09T11:16:25.295+0000] {dagbag.py:588} INFO - Filling up the DagBag from /opt/airflow/dags/dag_extract_dvizhenie.py
[2026-07-09T11:16:25.307+0000] {processor.py:925} INFO - DAG(s) 'dag_extract_dvizhenie' retrieved from /opt/airflow/dags/dag_extract_dvizhenie.py
[2026-07-09T11:16:25.327+0000] {logging_mixin.py:190} INFO - [2026-07-09T11:16:25.327+0000] {dag.py:3239} INFO - Sync 1 DAGs
[2026-07-09T11:16:25.337+0000] {logging_mixin.py:190} INFO - [2026-07-09T11:16:25.337+0000] {dag.py:4180} INFO - Setting next_dagrun for dag_extract_dvizhenie to 2026-07-09 08:00:00+00:00, run_after=2026-07-09 10:00:00+00:00
[2026-07-09T11:16:25.343+0000] {processor.py:208} INFO - Processing /opt/airflow/dags/dag_extract_dvizhenie.py took 0.058 seconds
[2026-07-09T11:16:55.725+0000] {processor.py:186} INFO - Started process (PID=1838) to work on /opt/airflow/dags/dag_extract_dvizhenie.py
[2026-07-09T11:16:55.726+0000] {processor.py:914} INFO - Processing file /opt/airflow/dags/dag_extract_dvizhenie.py for tasks to queue
[2026-07-09T11:16:55.727+0000] {logging_mixin.py:190} INFO - [2026-07-09T11:16:55.727+0000] {dagbag.py:588} INFO - Filling up the DagBag from /opt/airflow/dags/dag_extract_dvizhenie.py
[2026-07-09T11:16:55.739+0000] {processor.py:925} INFO - DAG(s) 'dag_extract_dvizhenie' retrieved from /opt/airflow/dags/dag_extract_dvizhenie.py
[2026-07-09T11:16:55.763+0000] {logging_mixin.py:190} INFO - [2026-07-09T11:16:55.763+0000] {dag.py:3239} INFO - Sync 1 DAGs
[2026-07-09T11:16:55.776+0000] {logging_mixin.py:190} INFO - [2026-07-09T11:16:55.776+0000] {dag.py:4180} INFO - Setting next_dagrun for dag_extract_dvizhenie to 2026-07-09 08:00:00+00:00, run_after=2026-07-09 10:00:00+00:00
[2026-07-09T11:16:55.782+0000] {processor.py:208} INFO - Processing /opt/airflow/dags/dag_extract_dvizhenie.py took 0.062 seconds
[2026-07-09T11:17:26.175+0000] {processor.py:186} INFO - Started process (PID=1858) to work on /opt/airflow/dags/dag_extract_dvizhenie.py
[2026-07-09T11:17:26.176+0000] {processor.py:914} INFO - Processing file /opt/airflow/dags/dag_extract_dvizhenie.py for tasks to queue
[2026-07-09T11:17:26.177+0000] {logging_mixin.py:190} INFO - [2026-07-09T11:17:26.177+0000] {dagbag.py:588} INFO - Filling up the DagBag from /opt/airflow/dags/dag_extract_dvizhenie.py
[2026-07-09T11:17:26.188+0000] {processor.py:925} INFO - DAG(s) 'dag_extract_dvizhenie' retrieved from /opt/airflow/dags/dag_extract_dvizhenie.py
[2026-07-09T11:17:26.217+0000] {logging_mixin.py:190} INFO - [2026-07-09T11:17:26.216+0000] {dag.py:3239} INFO - Sync 1 DAGs
[2026-07-09T11:17:26.241+0000] {logging_mixin.py:190} INFO - [2026-07-09T11:17:26.241+0000] {dag.py:4180} INFO - Setting next_dagrun for dag_extract_dvizhenie to 2026-07-09 08:00:00+00:00, run_after=2026-07-09 10:00:00+00:00
[2026-07-09T11:17:26.257+0000] {processor.py:208} INFO - Processing /opt/airflow/dags/dag_extract_dvizhenie.py took 0.085 seconds
[2026-07-09T11:17:56.633+0000] {processor.py:186} INFO - Started process (PID=1878) to work on /opt/airflow/dags/dag_extract_dvizhenie.py
[2026-07-09T11:17:56.633+0000] {processor.py:914} INFO - Processing file /opt/airflow/dags/dag_extract_dvizhenie.py for tasks to queue
[2026-07-09T11:17:56.634+0000] {logging_mixin.py:190} INFO - [2026-07-09T11:17:56.634+0000] {dagbag.py:588} INFO - Filling up the DagBag from /opt/airflow/dags/dag_extract_dvizhenie.py
[2026-07-09T11:17:56.640+0000] {processor.py:925} INFO - DAG(s) 'dag_extract_dvizhenie' retrieved from /opt/airflow/dags/dag_extract_dvizhenie.py
[2026-07-09T11:17:56.667+0000] {logging_mixin.py:190} INFO - [2026-07-09T11:17:56.667+0000] {dag.py:3239} INFO - Sync 1 DAGs
[2026-07-09T11:17:56.693+0000] {logging_mixin.py:190} INFO - [2026-07-09T11:17:56.692+0000] {dag.py:4180} INFO - Setting next_dagrun for dag_extract_dvizhenie to 2026-07-09 08:00:00+00:00, run_after=2026-07-09 10:00:00+00:00
[2026-07-09T11:17:56.715+0000] {processor.py:208} INFO - Processing /opt/airflow/dags/dag_extract_dvizhenie.py took 0.085 seconds
[2026-07-09T11:18:27.132+0000] {processor.py:186} INFO - Started process (PID=1896) to work on /opt/airflow/dags/dag_extract_dvizhenie.py
[2026-07-09T11:18:27.133+0000] {processor.py:914} INFO - Processing file /opt/airflow/dags/dag_extract_dvizhenie.py for tasks to queue
[2026-07-09T11:18:27.134+0000] {logging_mixin.py:190} INFO - [2026-07-09T11:18:27.134+0000] {dagbag.py:588} INFO - Filling up the DagBag from /opt/airflow/dags/dag_extract_dvizhenie.py
[2026-07-09T11:18:27.141+0000] {processor.py:925} INFO - DAG(s) 'dag_extract_dvizhenie' retrieved from /opt/airflow/dags/dag_extract_dvizhenie.py
[2026-07-09T11:18:27.175+0000] {logging_mixin.py:190} INFO - [2026-07-09T11:18:27.175+0000] {dag.py:3239} INFO - Sync 1 DAGs
[2026-07-09T11:18:27.212+0000] {logging_mixin.py:190} INFO - [2026-07-09T11:18:27.212+0000] {dag.py:4180} INFO - Setting next_dagrun for dag_extract_dvizhenie to 2026-07-09 08:00:00+00:00, run_after=2026-07-09 10:00:00+00:00
[2026-07-09T11:18:27.232+0000] {processor.py:208} INFO - Processing /opt/airflow/dags/dag_extract_dvizhenie.py took 0.103 seconds
[2026-07-09T11:18:57.580+0000] {processor.py:186} INFO - Started process (PID=1918) to work on /opt/airflow/dags/dag_extract_dvizhenie.py
[2026-07-09T11:18:57.581+0000] {processor.py:914} INFO - Processing file /opt/airflow/dags/dag_extract_dvizhenie.py for tasks to queue
[2026-07-09T11:18:57.581+0000] {logging_mixin.py:190} INFO - [2026-07-09T11:18:57.581+0000] {dagbag.py:588} INFO - Filling up the DagBag from /opt/airflow/dags/dag_extract_dvizhenie.py
[2026-07-09T11:18:57.587+0000] {processor.py:925} INFO - DAG(s) 'dag_extract_dvizhenie' retrieved from /opt/airflow/dags/dag_extract_dvizhenie.py
[2026-07-09T11:18:57.598+0000] {logging_mixin.py:190} INFO - [2026-07-09T11:18:57.598+0000] {dag.py:3239} INFO - Sync 1 DAGs
[2026-07-09T11:18:57.607+0000] {logging_mixin.py:190} INFO - [2026-07-09T11:18:57.607+0000] {dag.py:4180} INFO - Setting next_dagrun for dag_extract_dvizhenie to 2026-07-09 08:00:00+00:00, run_after=2026-07-09 10:00:00+00:00
[2026-07-09T11:18:57.612+0000] {processor.py:208} INFO - Processing /opt/airflow/dags/dag_extract_dvizhenie.py took 0.035 seconds
[2026-07-09T11:19:28.054+0000] {processor.py:186} INFO - Started process (PID=1937) to work on /opt/airflow/dags/dag_extract_dvizhenie.py
[2026-07-09T11:19:28.055+0000] {processor.py:914} INFO - Processing file /opt/airflow/dags/dag_extract_dvizhenie.py for tasks to queue
[2026-07-09T11:19:28.056+0000] {logging_mixin.py:190} INFO - [2026-07-09T11:19:28.056+0000] {dagbag.py:588} INFO - Filling up the DagBag from /opt/airflow/dags/dag_extract_dvizhenie.py
[2026-07-09T11:19:28.075+0000] {processor.py:925} INFO - DAG(s) 'dag_extract_dvizhenie' retrieved from /opt/airflow/dags/dag_extract_dvizhenie.py
[2026-07-09T11:19:28.104+0000] {logging_mixin.py:190} INFO - [2026-07-09T11:19:28.104+0000] {dag.py:3239} INFO - Sync 1 DAGs
[2026-07-09T11:19:28.117+0000] {logging_mixin.py:190} INFO - [2026-07-09T11:19:28.117+0000] {dag.py:4180} INFO - Setting next_dagrun for dag_extract_dvizhenie to 2026-07-09 08:00:00+00:00, run_after=2026-07-09 10:00:00+00:00
[2026-07-09T11:19:28.131+0000] {processor.py:208} INFO - Processing /opt/airflow/dags/dag_extract_dvizhenie.py took 0.086 seconds
[2026-07-09T11:19:58.559+0000] {processor.py:186} INFO - Started process (PID=1958) to work on /opt/airflow/dags/dag_extract_dvizhenie.py
[2026-07-09T11:19:58.559+0000] {processor.py:914} INFO - Processing file /opt/airflow/dags/dag_extract_dvizhenie.py for tasks to queue
[2026-07-09T11:19:58.560+0000] {logging_mixin.py:190} INFO - [2026-07-09T11:19:58.560+0000] {dagbag.py:588} INFO - Filling up the DagBag from /opt/airflow/dags/dag_extract_dvizhenie.py
[2026-07-09T11:19:58.564+0000] {processor.py:925} INFO - DAG(s) 'dag_extract_dvizhenie' retrieved from /opt/airflow/dags/dag_extract_dvizhenie.py
[2026-07-09T11:19:58.575+0000] {logging_mixin.py:190} INFO - [2026-07-09T11:19:58.574+0000] {dag.py:3239} INFO - Sync 1 DAGs
[2026-07-09T11:19:58.583+0000] {logging_mixin.py:190} INFO - [2026-07-09T11:19:58.583+0000] {dag.py:4180} INFO - Setting next_dagrun for dag_extract_dvizhenie to 2026-07-09 08:00:00+00:00, run_after=2026-07-09 10:00:00+00:00
[2026-07-09T11:19:58.588+0000] {processor.py:208} INFO - Processing /opt/airflow/dags/dag_extract_dvizhenie.py took 0.032 seconds
[2026-07-09T11:20:28.917+0000] {processor.py:186} INFO - Started process (PID=1977) to work on /opt/airflow/dags/dag_extract_dvizhenie.py
[2026-07-09T11:20:28.918+0000] {processor.py:914} INFO - Processing file /opt/airflow/dags/dag_extract_dvizhenie.py for tasks to queue
[2026-07-09T11:20:28.919+0000] {logging_mixin.py:190} INFO - [2026-07-09T11:20:28.919+0000] {dagbag.py:588} INFO - Filling up the DagBag from /opt/airflow/dags/dag_extract_dvizhenie.py
[2026-07-09T11:20:28.924+0000] {processor.py:925} INFO - DAG(s) 'dag_extract_dvizhenie' retrieved from /opt/airflow/dags/dag_extract_dvizhenie.py
[2026-07-09T11:20:28.938+0000] {logging_mixin.py:190} INFO - [2026-07-09T11:20:28.938+0000] {dag.py:3239} INFO - Sync 1 DAGs
[2026-07-09T11:20:28.947+0000] {logging_mixin.py:190} INFO - [2026-07-09T11:20:28.947+0000] {dag.py:4180} INFO - Setting next_dagrun for dag_extract_dvizhenie to 2026-07-09 08:00:00+00:00, run_after=2026-07-09 10:00:00+00:00
[2026-07-09T11:20:28.954+0000] {processor.py:208} INFO - Processing /opt/airflow/dags/dag_extract_dvizhenie.py took 0.040 seconds
[2026-07-09T11:20:59.386+0000] {processor.py:186} INFO - Started process (PID=1998) to work on /opt/airflow/dags/dag_extract_dvizhenie.py
[2026-07-09T11:20:59.386+0000] {processor.py:914} INFO - Processing file /opt/airflow/dags/dag_extract_dvizhenie.py for tasks to queue
[2026-07-09T11:20:59.387+0000] {logging_mixin.py:190} INFO - [2026-07-09T11:20:59.387+0000] {dagbag.py:588} INFO - Filling up the DagBag from /opt/airflow/dags/dag_extract_dvizhenie.py
[2026-07-09T11:20:59.393+0000] {processor.py:925} INFO - DAG(s) 'dag_extract_dvizhenie' retrieved from /opt/airflow/dags/dag_extract_dvizhenie.py
[2026-07-09T11:20:59.405+0000] {logging_mixin.py:190} INFO - [2026-07-09T11:20:59.405+0000] {dag.py:3239} INFO - Sync 1 DAGs
[2026-07-09T11:20:59.413+0000] {logging_mixin.py:190} INFO - [2026-07-09T11:20:59.413+0000] {dag.py:4180} INFO - Setting next_dagrun for dag_extract_dvizhenie to 2026-07-09 08:00:00+00:00, run_after=2026-07-09 10:00:00+00:00
[2026-07-09T11:20:59.419+0000] {processor.py:208} INFO - Processing /opt/airflow/dags/dag_extract_dvizhenie.py took 0.037 seconds
[2026-07-09T11:21:29.845+0000] {processor.py:186} INFO - Started process (PID=2018) to work on /opt/airflow/dags/dag_extract_dvizhenie.py
[2026-07-09T11:21:29.845+0000] {processor.py:914} INFO - Processing file /opt/airflow/dags/dag_extract_dvizhenie.py for tasks to queue
[2026-07-09T11:21:29.846+0000] {logging_mixin.py:190} INFO - [2026-07-09T11:21:29.846+0000] {dagbag.py:588} INFO - Filling up the DagBag from /opt/airflow/dags/dag_extract_dvizhenie.py
[2026-07-09T11:21:29.850+0000] {processor.py:925} INFO - DAG(s) 'dag_extract_dvizhenie' retrieved from /opt/airflow/dags/dag_extract_dvizhenie.py
[2026-07-09T11:21:29.861+0000] {logging_mixin.py:190} INFO - [2026-07-09T11:21:29.861+0000] {dag.py:3239} INFO - Sync 1 DAGs
[2026-07-09T11:21:29.869+0000] {logging_mixin.py:190} INFO - [2026-07-09T11:21:29.869+0000] {dag.py:4180} INFO - Setting next_dagrun for dag_extract_dvizhenie to 2026-07-09 08:00:00+00:00, run_after=2026-07-09 10:00:00+00:00
[2026-07-09T11:21:29.874+0000] {processor.py:208} INFO - Processing /opt/airflow/dags/dag_extract_dvizhenie.py took 0.032 seconds
[2026-07-09T11:22:00.266+0000] {processor.py:186} INFO - Started process (PID=2038) to work on /opt/airflow/dags/dag_extract_dvizhenie.py
[2026-07-09T11:22:00.268+0000] {processor.py:914} INFO - Processing file /opt/airflow/dags/dag_extract_dvizhenie.py for tasks to queue
[2026-07-09T11:22:00.269+0000] {logging_mixin.py:190} INFO - [2026-07-09T11:22:00.269+0000] {dagbag.py:588} INFO - Filling up the DagBag from /opt/airflow/dags/dag_extract_dvizhenie.py
[2026-07-09T11:22:00.275+0000] {processor.py:925} INFO - DAG(s) 'dag_extract_dvizhenie' retrieved from /opt/airflow/dags/dag_extract_dvizhenie.py
[2026-07-09T11:22:00.292+0000] {logging_mixin.py:190} INFO - [2026-07-09T11:22:00.292+0000] {dag.py:3239} INFO - Sync 1 DAGs
[2026-07-09T11:22:00.301+0000] {logging_mixin.py:190} INFO - [2026-07-09T11:22:00.301+0000] {dag.py:4180} INFO - Setting next_dagrun for dag_extract_dvizhenie to 2026-07-09 08:00:00+00:00, run_after=2026-07-09 10:00:00+00:00
[2026-07-09T11:22:00.310+0000] {processor.py:208} INFO - Processing /opt/airflow/dags/dag_extract_dvizhenie.py took 0.046 seconds
[2026-07-09T11:22:30.734+0000] {processor.py:186} INFO - Started process (PID=2058) to work on /opt/airflow/dags/dag_extract_dvizhenie.py
[2026-07-09T11:22:30.735+0000] {processor.py:914} INFO - Processing file /opt/airflow/dags/dag_extract_dvizhenie.py for tasks to queue
[2026-07-09T11:22:30.736+0000] {logging_mixin.py:190} INFO - [2026-07-09T11:22:30.736+0000] {dagbag.py:588} INFO - Filling up the DagBag from /opt/airflow/dags/dag_extract_dvizhenie.py
[2026-07-09T11:22:30.742+0000] {processor.py:925} INFO - DAG(s) 'dag_extract_dvizhenie' retrieved from /opt/airflow/dags/dag_extract_dvizhenie.py
[2026-07-09T11:22:30.755+0000] {logging_mixin.py:190} INFO - [2026-07-09T11:22:30.755+0000] {dag.py:3239} INFO - Sync 1 DAGs
[2026-07-09T11:22:30.765+0000] {logging_mixin.py:190} INFO - [2026-07-09T11:22:30.765+0000] {dag.py:4180} INFO - Setting next_dagrun for dag_extract_dvizhenie to 2026-07-09 08:00:00+00:00, run_after=2026-07-09 10:00:00+00:00
[2026-07-09T11:22:30.771+0000] {processor.py:208} INFO - Processing /opt/airflow/dags/dag_extract_dvizhenie.py took 0.041 seconds
[2026-07-09T11:23:01.189+0000] {processor.py:186} INFO - Started process (PID=2078) to work on /opt/airflow/dags/dag_extract_dvizhenie.py
[2026-07-09T11:23:01.190+0000] {processor.py:914} INFO - Processing file /opt/airflow/dags/dag_extract_dvizhenie.py for tasks to queue
[2026-07-09T11:23:01.191+0000] {logging_mixin.py:190} INFO - [2026-07-09T11:23:01.190+0000] {dagbag.py:588} INFO - Filling up the DagBag from /opt/airflow/dags/dag_extract_dvizhenie.py
[2026-07-09T11:23:01.197+0000] {processor.py:925} INFO - DAG(s) 'dag_extract_dvizhenie' retrieved from /opt/airflow/dags/dag_extract_dvizhenie.py
[2026-07-09T11:23:01.211+0000] {logging_mixin.py:190} INFO - [2026-07-09T11:23:01.211+0000] {dag.py:3239} INFO - Sync 1 DAGs
[2026-07-09T11:23:01.220+0000] {logging_mixin.py:190} INFO - [2026-07-09T11:23:01.220+0000] {dag.py:4180} INFO - Setting next_dagrun for dag_extract_dvizhenie to 2026-07-09 08:00:00+00:00, run_after=2026-07-09 10:00:00+00:00
[2026-07-09T11:23:01.226+0000] {processor.py:208} INFO - Processing /opt/airflow/dags/dag_extract_dvizhenie.py took 0.042 seconds
[2026-07-09T11:23:31.664+0000] {processor.py:186} INFO - Started process (PID=2098) to work on /opt/airflow/dags/dag_extract_dvizhenie.py
[2026-07-09T11:23:31.664+0000] {processor.py:914} INFO - Processing file /opt/airflow/dags/dag_extract_dvizhenie.py for tasks to queue
[2026-07-09T11:23:31.665+0000] {logging_mixin.py:190} INFO - [2026-07-09T11:23:31.665+0000] {dagbag.py:588} INFO - Filling up the DagBag from /opt/airflow/dags/dag_extract_dvizhenie.py
[2026-07-09T11:23:31.671+0000] {processor.py:925} INFO - DAG(s) 'dag_extract_dvizhenie' retrieved from /opt/airflow/dags/dag_extract_dvizhenie.py
[2026-07-09T11:23:31.686+0000] {logging_mixin.py:190} INFO - [2026-07-09T11:23:31.686+0000] {dag.py:3239} INFO - Sync 1 DAGs
[2026-07-09T11:23:31.695+0000] {logging_mixin.py:190} INFO - [2026-07-09T11:23:31.695+0000] {dag.py:4180} INFO - Setting next_dagrun for dag_extract_dvizhenie to 2026-07-09 08:00:00+00:00, run_after=2026-07-09 10:00:00+00:00
[2026-07-09T11:23:31.701+0000] {processor.py:208} INFO - Processing /opt/airflow/dags/dag_extract_dvizhenie.py took 0.041 seconds
[2026-07-09T11:24:02.109+0000] {processor.py:186} INFO - Started process (PID=2117) to work on /opt/airflow/dags/dag_extract_dvizhenie.py
[2026-07-09T11:24:02.110+0000] {processor.py:914} INFO - Processing file /opt/airflow/dags/dag_extract_dvizhenie.py for tasks to queue
[2026-07-09T11:24:02.114+0000] {logging_mixin.py:190} INFO - [2026-07-09T11:24:02.114+0000] {dagbag.py:588} INFO - Filling up the DagBag from /opt/airflow/dags/dag_extract_dvizhenie.py
[2026-07-09T11:24:02.121+0000] {processor.py:925} INFO - DAG(s) 'dag_extract_dvizhenie' retrieved from /opt/airflow/dags/dag_extract_dvizhenie.py
[2026-07-09T11:24:02.136+0000] {logging_mixin.py:190} INFO - [2026-07-09T11:24:02.136+0000] {dag.py:3239} INFO - Sync 1 DAGs
[2026-07-09T11:24:02.147+0000] {logging_mixin.py:190} INFO - [2026-07-09T11:24:02.147+0000] {dag.py:4180} INFO - Setting next_dagrun for dag_extract_dvizhenie to 2026-07-09 08:00:00+00:00, run_after=2026-07-09 10:00:00+00:00
[2026-07-09T11:24:02.156+0000] {processor.py:208} INFO - Processing /opt/airflow/dags/dag_extract_dvizhenie.py took 0.050 seconds
[2026-07-09T11:24:32.578+0000] {processor.py:186} INFO - Started process (PID=2138) to work on /opt/airflow/dags/dag_extract_dvizhenie.py
[2026-07-09T11:24:32.578+0000] {processor.py:914} INFO - Processing file /opt/airflow/dags/dag_extract_dvizhenie.py for tasks to queue
[2026-07-09T11:24:32.579+0000] {logging_mixin.py:190} INFO - [2026-07-09T11:24:32.579+0000] {dagbag.py:588} INFO - Filling up the DagBag from /opt/airflow/dags/dag_extract_dvizhenie.py
[2026-07-09T11:24:32.584+0000] {processor.py:925} INFO - DAG(s) 'dag_extract_dvizhenie' retrieved from /opt/airflow/dags/dag_extract_dvizhenie.py
[2026-07-09T11:24:32.593+0000] {logging_mixin.py:190} INFO - [2026-07-09T11:24:32.593+0000] {dag.py:3239} INFO - Sync 1 DAGs
[2026-07-09T11:24:32.600+0000] {logging_mixin.py:190} INFO - [2026-07-09T11:24:32.600+0000] {dag.py:4180} INFO - Setting next_dagrun for dag_extract_dvizhenie to 2026-07-09 08:00:00+00:00, run_after=2026-07-09 10:00:00+00:00
[2026-07-09T11:24:32.605+0000] {processor.py:208} INFO - Processing /opt/airflow/dags/dag_extract_dvizhenie.py took 0.029 seconds
[2026-07-09T11:25:02.997+0000] {processor.py:186} INFO - Started process (PID=2157) to work on /opt/airflow/dags/dag_extract_dvizhenie.py
[2026-07-09T11:25:02.999+0000] {processor.py:914} INFO - Processing file /opt/airflow/dags/dag_extract_dvizhenie.py for tasks to queue
[2026-07-09T11:25:03.001+0000] {logging_mixin.py:190} INFO - [2026-07-09T11:25:03.001+0000] {dagbag.py:588} INFO - Filling up the DagBag from /opt/airflow/dags/dag_extract_dvizhenie.py
[2026-07-09T11:25:03.007+0000] {processor.py:925} INFO - DAG(s) 'dag_extract_dvizhenie' retrieved from /opt/airflow/dags/dag_extract_dvizhenie.py
[2026-07-09T11:25:03.026+0000] {logging_mixin.py:190} INFO - [2026-07-09T11:25:03.025+0000] {dag.py:3239} INFO - Sync 1 DAGs
[2026-07-09T11:25:03.037+0000] {logging_mixin.py:190} INFO - [2026-07-09T11:25:03.037+0000] {dag.py:4180} INFO - Setting next_dagrun for dag_extract_dvizhenie to 2026-07-09 08:00:00+00:00, run_after=2026-07-09 10:00:00+00:00
[2026-07-09T11:25:03.045+0000] {processor.py:208} INFO - Processing /opt/airflow/dags/dag_extract_dvizhenie.py took 0.051 seconds
[2026-07-09T11:25:33.563+0000] {processor.py:186} INFO - Started process (PID=2178) to work on /opt/airflow/dags/dag_extract_dvizhenie.py
[2026-07-09T11:25:33.564+0000] {processor.py:914} INFO - Processing file /opt/airflow/dags/dag_extract_dvizhenie.py for tasks to queue
[2026-07-09T11:25:33.564+0000] {logging_mixin.py:190} INFO - [2026-07-09T11:25:33.564+0000] {dagbag.py:588} INFO - Filling up the DagBag from /opt/airflow/dags/dag_extract_dvizhenie.py
[2026-07-09T11:25:33.569+0000] {processor.py:925} INFO - DAG(s) 'dag_extract_dvizhenie' retrieved from /opt/airflow/dags/dag_extract_dvizhenie.py
[2026-07-09T11:25:33.579+0000] {logging_mixin.py:190} INFO - [2026-07-09T11:25:33.578+0000] {dag.py:3239} INFO - Sync 1 DAGs
[2026-07-09T11:25:33.586+0000] {logging_mixin.py:190} INFO - [2026-07-09T11:25:33.586+0000] {dag.py:4180} INFO - Setting next_dagrun for dag_extract_dvizhenie to 2026-07-09 08:00:00+00:00, run_after=2026-07-09 10:00:00+00:00
[2026-07-09T11:25:33.591+0000] {processor.py:208} INFO - Processing /opt/airflow/dags/dag_extract_dvizhenie.py took 0.030 seconds
[2026-07-09T11:26:04.045+0000] {processor.py:186} INFO - Started process (PID=2198) to work on /opt/airflow/dags/dag_extract_dvizhenie.py
[2026-07-09T11:26:04.046+0000] {processor.py:914} INFO - Processing file /opt/airflow/dags/dag_extract_dvizhenie.py for tasks to queue
[2026-07-09T11:26:04.047+0000] {logging_mixin.py:190} INFO - [2026-07-09T11:26:04.047+0000] {dagbag.py:588} INFO - Filling up the DagBag from /opt/airflow/dags/dag_extract_dvizhenie.py
[2026-07-09T11:26:04.052+0000] {processor.py:925} INFO - DAG(s) 'dag_extract_dvizhenie' retrieved from /opt/airflow/dags/dag_extract_dvizhenie.py
[2026-07-09T11:26:04.065+0000] {logging_mixin.py:190} INFO - [2026-07-09T11:26:04.065+0000] {dag.py:3239} INFO - Sync 1 DAGs
[2026-07-09T11:26:04.074+0000] {logging_mixin.py:190} INFO - [2026-07-09T11:26:04.074+0000] {dag.py:4180} INFO - Setting next_dagrun for dag_extract_dvizhenie to 2026-07-09 08:00:00+00:00, run_after=2026-07-09 10:00:00+00:00
[2026-07-09T11:26:04.081+0000] {processor.py:208} INFO - Processing /opt/airflow/dags/dag_extract_dvizhenie.py took 0.039 seconds
[2026-07-09T11:26:34.499+0000] {processor.py:186} INFO - Started process (PID=2218) to work on /opt/airflow/dags/dag_extract_dvizhenie.py
[2026-07-09T11:26:34.500+0000] {processor.py:914} INFO - Processing file /opt/airflow/dags/dag_extract_dvizhenie.py for tasks to queue
[2026-07-09T11:26:34.501+0000] {logging_mixin.py:190} INFO - [2026-07-09T11:26:34.501+0000] {dagbag.py:588} INFO - Filling up the DagBag from /opt/airflow/dags/dag_extract_dvizhenie.py
[2026-07-09T11:26:34.506+0000] {processor.py:925} INFO - DAG(s) 'dag_extract_dvizhenie' retrieved from /opt/airflow/dags/dag_extract_dvizhenie.py
[2026-07-09T11:26:34.522+0000] {logging_mixin.py:190} INFO - [2026-07-09T11:26:34.522+0000] {dag.py:3239} INFO - Sync 1 DAGs
[2026-07-09T11:26:34.530+0000] {logging_mixin.py:190} INFO - [2026-07-09T11:26:34.530+0000] {dag.py:4180} INFO - Setting next_dagrun for dag_extract_dvizhenie to 2026-07-09 08:00:00+00:00, run_after=2026-07-09 10:00:00+00:00
[2026-07-09T11:26:34.539+0000] {processor.py:208} INFO - Processing /opt/airflow/dags/dag_extract_dvizhenie.py took 0.043 seconds
[2026-07-09T11:27:04.953+0000] {processor.py:186} INFO - Started process (PID=2238) to work on /opt/airflow/dags/dag_extract_dvizhenie.py
[2026-07-09T11:27:04.953+0000] {processor.py:914} INFO - Processing file /opt/airflow/dags/dag_extract_dvizhenie.py for tasks to queue
[2026-07-09T11:27:04.954+0000] {logging_mixin.py:190} INFO - [2026-07-09T11:27:04.954+0000] {dagbag.py:588} INFO - Filling up the DagBag from /opt/airflow/dags/dag_extract_dvizhenie.py
[2026-07-09T11:27:04.958+0000] {processor.py:925} INFO - DAG(s) 'dag_extract_dvizhenie' retrieved from /opt/airflow/dags/dag_extract_dvizhenie.py
[2026-07-09T11:27:04.968+0000] {logging_mixin.py:190} INFO - [2026-07-09T11:27:04.968+0000] {dag.py:3239} INFO - Sync 1 DAGs
[2026-07-09T11:27:04.976+0000] {logging_mixin.py:190} INFO - [2026-07-09T11:27:04.976+0000] {dag.py:4180} INFO - Setting next_dagrun for dag_extract_dvizhenie to 2026-07-09 08:00:00+00:00, run_after=2026-07-09 10:00:00+00:00
[2026-07-09T11:27:04.980+0000] {processor.py:208} INFO - Processing /opt/airflow/dags/dag_extract_dvizhenie.py took 0.030 seconds
[2026-07-09T11:27:35.519+0000] {processor.py:186} INFO - Started process (PID=2258) to work on /opt/airflow/dags/dag_extract_dvizhenie.py
[2026-07-09T11:27:35.520+0000] {processor.py:914} INFO - Processing file /opt/airflow/dags/dag_extract_dvizhenie.py for tasks to queue
[2026-07-09T11:27:35.520+0000] {logging_mixin.py:190} INFO - [2026-07-09T11:27:35.520+0000] {dagbag.py:588} INFO - Filling up the DagBag from /opt/airflow/dags/dag_extract_dvizhenie.py
[2026-07-09T11:27:35.526+0000] {processor.py:925} INFO - DAG(s) 'dag_extract_dvizhenie' retrieved from /opt/airflow/dags/dag_extract_dvizhenie.py
[2026-07-09T11:27:35.540+0000] {logging_mixin.py:190} INFO - [2026-07-09T11:27:35.540+0000] {dag.py:3239} INFO - Sync 1 DAGs
[2026-07-09T11:27:35.550+0000] {logging_mixin.py:190} INFO - [2026-07-09T11:27:35.550+0000] {dag.py:4180} INFO - Setting next_dagrun for dag_extract_dvizhenie to 2026-07-09 08:00:00+00:00, run_after=2026-07-09 10:00:00+00:00
[2026-07-09T11:27:35.558+0000] {processor.py:208} INFO - Processing /opt/airflow/dags/dag_extract_dvizhenie.py took 0.043 seconds
[2026-07-09T11:28:05.987+0000] {processor.py:186} INFO - Started process (PID=2278) to work on /opt/airflow/dags/dag_extract_dvizhenie.py
[2026-07-09T11:28:05.987+0000] {processor.py:914} INFO - Processing file /opt/airflow/dags/dag_extract_dvizhenie.py for tasks to queue
[2026-07-09T11:28:05.988+0000] {logging_mixin.py:190} INFO - [2026-07-09T11:28:05.988+0000] {dagbag.py:588} INFO - Filling up the DagBag from /opt/airflow/dags/dag_extract_dvizhenie.py
[2026-07-09T11:28:05.994+0000] {processor.py:925} INFO - DAG(s) 'dag_extract_dvizhenie' retrieved from /opt/airflow/dags/dag_extract_dvizhenie.py
[2026-07-09T11:28:06.006+0000] {logging_mixin.py:190} INFO - [2026-07-09T11:28:06.006+0000] {dag.py:3239} INFO - Sync 1 DAGs
[2026-07-09T11:28:06.014+0000] {logging_mixin.py:190} INFO - [2026-07-09T11:28:06.014+0000] {dag.py:4180} INFO - Setting next_dagrun for dag_extract_dvizhenie to 2026-07-09 08:00:00+00:00, run_after=2026-07-09 10:00:00+00:00
[2026-07-09T11:28:06.019+0000] {processor.py:208} INFO - Processing /opt/airflow/dags/dag_extract_dvizhenie.py took 0.037 seconds
[2026-07-09T11:28:36.472+0000] {processor.py:186} INFO - Started process (PID=2298) to work on /opt/airflow/dags/dag_extract_dvizhenie.py
[2026-07-09T11:28:36.472+0000] {processor.py:914} INFO - Processing file /opt/airflow/dags/dag_extract_dvizhenie.py for tasks to queue
[2026-07-09T11:28:36.473+0000] {logging_mixin.py:190} INFO - [2026-07-09T11:28:36.473+0000] {dagbag.py:588} INFO - Filling up the DagBag from /opt/airflow/dags/dag_extract_dvizhenie.py
[2026-07-09T11:28:36.478+0000] {processor.py:925} INFO - DAG(s) 'dag_extract_dvizhenie' retrieved from /opt/airflow/dags/dag_extract_dvizhenie.py
[2026-07-09T11:28:36.488+0000] {logging_mixin.py:190} INFO - [2026-07-09T11:28:36.488+0000] {dag.py:3239} INFO - Sync 1 DAGs
[2026-07-09T11:28:36.495+0000] {logging_mixin.py:190} INFO - [2026-07-09T11:28:36.495+0000] {dag.py:4180} INFO - Setting next_dagrun for dag_extract_dvizhenie to 2026-07-09 08:00:00+00:00, run_after=2026-07-09 10:00:00+00:00
[2026-07-09T11:28:36.500+0000] {processor.py:208} INFO - Processing /opt/airflow/dags/dag_extract_dvizhenie.py took 0.030 seconds
[2026-07-09T11:29:06.918+0000] {processor.py:186} INFO - Started process (PID=2318) to work on /opt/airflow/dags/dag_extract_dvizhenie.py
[2026-07-09T11:29:06.919+0000] {processor.py:914} INFO - Processing file /opt/airflow/dags/dag_extract_dvizhenie.py for tasks to queue
[2026-07-09T11:29:06.920+0000] {logging_mixin.py:190} INFO - [2026-07-09T11:29:06.920+0000] {dagbag.py:588} INFO - Filling up the DagBag from /opt/airflow/dags/dag_extract_dvizhenie.py
[2026-07-09T11:29:06.925+0000] {processor.py:925} INFO - DAG(s) 'dag_extract_dvizhenie' retrieved from /opt/airflow/dags/dag_extract_dvizhenie.py
[2026-07-09T11:29:06.939+0000] {logging_mixin.py:190} INFO - [2026-07-09T11:29:06.938+0000] {dag.py:3239} INFO - Sync 1 DAGs
[2026-07-09T11:29:06.949+0000] {logging_mixin.py:190} INFO - [2026-07-09T11:29:06.949+0000] {dag.py:4180} INFO - Setting next_dagrun for dag_extract_dvizhenie to 2026-07-09 08:00:00+00:00, run_after=2026-07-09 10:00:00+00:00
[2026-07-09T11:29:06.958+0000] {processor.py:208} INFO - Processing /opt/airflow/dags/dag_extract_dvizhenie.py took 0.042 seconds
[2026-07-09T11:29:37.391+0000] {processor.py:186} INFO - Started process (PID=2336) to work on /opt/airflow/dags/dag_extract_dvizhenie.py
[2026-07-09T11:29:37.391+0000] {processor.py:914} INFO - Processing file /opt/airflow/dags/dag_extract_dvizhenie.py for tasks to queue
[2026-07-09T11:29:37.392+0000] {logging_mixin.py:190} INFO - [2026-07-09T11:29:37.392+0000] {dagbag.py:588} INFO - Filling up the DagBag from /opt/airflow/dags/dag_extract_dvizhenie.py
[2026-07-09T11:29:37.397+0000] {processor.py:925} INFO - DAG(s) 'dag_extract_dvizhenie' retrieved from /opt/airflow/dags/dag_extract_dvizhenie.py
[2026-07-09T11:29:37.410+0000] {logging_mixin.py:190} INFO - [2026-07-09T11:29:37.410+0000] {dag.py:3239} INFO - Sync 1 DAGs
[2026-07-09T11:29:37.419+0000] {logging_mixin.py:190} INFO - [2026-07-09T11:29:37.419+0000] {dag.py:4180} INFO - Setting next_dagrun for dag_extract_dvizhenie to 2026-07-09 08:00:00+00:00, run_after=2026-07-09 10:00:00+00:00
[2026-07-09T11:29:37.426+0000] {processor.py:208} INFO - Processing /opt/airflow/dags/dag_extract_dvizhenie.py took 0.038 seconds
[2026-07-09T11:30:07.853+0000] {processor.py:186} INFO - Started process (PID=2358) to work on /opt/airflow/dags/dag_extract_dvizhenie.py
[2026-07-09T11:30:07.854+0000] {processor.py:914} INFO - Processing file /opt/airflow/dags/dag_extract_dvizhenie.py for tasks to queue
[2026-07-09T11:30:07.855+0000] {logging_mixin.py:190} INFO - [2026-07-09T11:30:07.855+0000] {dagbag.py:588} INFO - Filling up the DagBag from /opt/airflow/dags/dag_extract_dvizhenie.py
[2026-07-09T11:30:07.860+0000] {processor.py:925} INFO - DAG(s) 'dag_extract_dvizhenie' retrieved from /opt/airflow/dags/dag_extract_dvizhenie.py
[2026-07-09T11:30:07.872+0000] {logging_mixin.py:190} INFO - [2026-07-09T11:30:07.872+0000] {dag.py:3239} INFO - Sync 1 DAGs
[2026-07-09T11:30:07.882+0000] {logging_mixin.py:190} INFO - [2026-07-09T11:30:07.881+0000] {dag.py:4180} INFO - Setting next_dagrun for dag_extract_dvizhenie to 2026-07-09 08:00:00+00:00, run_after=2026-07-09 10:00:00+00:00
[2026-07-09T11:30:07.952+0000] {processor.py:208} INFO - Processing /opt/airflow/dags/dag_extract_dvizhenie.py took 0.103 seconds
[2026-07-09T11:30:38.416+0000] {processor.py:186} INFO - Started process (PID=2378) to work on /opt/airflow/dags/dag_extract_dvizhenie.py
[2026-07-09T11:30:38.416+0000] {processor.py:914} INFO - Processing file /opt/airflow/dags/dag_extract_dvizhenie.py for tasks to queue
[2026-07-09T11:30:38.417+0000] {logging_mixin.py:190} INFO - [2026-07-09T11:30:38.417+0000] {dagbag.py:588} INFO - Filling up the DagBag from /opt/airflow/dags/dag_extract_dvizhenie.py
[2026-07-09T11:30:38.421+0000] {processor.py:925} INFO - DAG(s) 'dag_extract_dvizhenie' retrieved from /opt/airflow/dags/dag_extract_dvizhenie.py
[2026-07-09T11:30:38.431+0000] {logging_mixin.py:190} INFO - [2026-07-09T11:30:38.431+0000] {dag.py:3239} INFO - Sync 1 DAGs
[2026-07-09T11:30:38.438+0000] {logging_mixin.py:190} INFO - [2026-07-09T11:30:38.438+0000] {dag.py:4180} INFO - Setting next_dagrun for dag_extract_dvizhenie to 2026-07-09 08:00:00+00:00, run_after=2026-07-09 10:00:00+00:00
[2026-07-09T11:30:38.443+0000] {processor.py:208} INFO - Processing /opt/airflow/dags/dag_extract_dvizhenie.py took 0.030 seconds
[2026-07-09T11:31:08.875+0000] {processor.py:186} INFO - Started process (PID=2396) to work on /opt/airflow/dags/dag_extract_dvizhenie.py
[2026-07-09T11:31:08.876+0000] {processor.py:914} INFO - Processing file /opt/airflow/dags/dag_extract_dvizhenie.py for tasks to queue
[2026-07-09T11:31:08.877+0000] {logging_mixin.py:190} INFO - [2026-07-09T11:31:08.876+0000] {dagbag.py:588} INFO - Filling up the DagBag from /opt/airflow/dags/dag_extract_dvizhenie.py
[2026-07-09T11:31:08.882+0000] {processor.py:925} INFO - DAG(s) 'dag_extract_dvizhenie' retrieved from /opt/airflow/dags/dag_extract_dvizhenie.py
[2026-07-09T11:31:08.893+0000] {logging_mixin.py:190} INFO - [2026-07-09T11:31:08.893+0000] {dag.py:3239} INFO - Sync 1 DAGs
[2026-07-09T11:31:08.902+0000] {logging_mixin.py:190} INFO - [2026-07-09T11:31:08.902+0000] {dag.py:4180} INFO - Setting next_dagrun for dag_extract_dvizhenie to 2026-07-09 08:00:00+00:00, run_after=2026-07-09 10:00:00+00:00
[2026-07-09T11:31:08.907+0000] {processor.py:208} INFO - Processing /opt/airflow/dags/dag_extract_dvizhenie.py took 0.035 seconds
[2026-07-09T11:31:39.367+0000] {processor.py:186} INFO - Started process (PID=2418) to work on /opt/airflow/dags/dag_extract_dvizhenie.py
[2026-07-09T11:31:39.367+0000] {processor.py:914} INFO - Processing file /opt/airflow/dags/dag_extract_dvizhenie.py for tasks to queue
[2026-07-09T11:31:39.368+0000] {logging_mixin.py:190} INFO - [2026-07-09T11:31:39.368+0000] {dagbag.py:588} INFO - Filling up the DagBag from /opt/airflow/dags/dag_extract_dvizhenie.py
[2026-07-09T11:31:39.373+0000] {processor.py:925} INFO - DAG(s) 'dag_extract_dvizhenie' retrieved from /opt/airflow/dags/dag_extract_dvizhenie.py
[2026-07-09T11:31:39.383+0000] {logging_mixin.py:190} INFO - [2026-07-09T11:31:39.383+0000] {dag.py:3239} INFO - Sync 1 DAGs
[2026-07-09T11:31:39.390+0000] {logging_mixin.py:190} INFO - [2026-07-09T11:31:39.390+0000] {dag.py:4180} INFO - Setting next_dagrun for dag_extract_dvizhenie to 2026-07-09 08:00:00+00:00, run_after=2026-07-09 10:00:00+00:00
[2026-07-09T11:31:39.468+0000] {processor.py:208} INFO - Processing /opt/airflow/dags/dag_extract_dvizhenie.py took 0.103 seconds
[2026-07-09T11:32:09.829+0000] {processor.py:186} INFO - Started process (PID=2438) to work on /opt/airflow/dags/dag_extract_dvizhenie.py
[2026-07-09T11:32:09.830+0000] {processor.py:914} INFO - Processing file /opt/airflow/dags/dag_extract_dvizhenie.py for tasks to queue
[2026-07-09T11:32:09.831+0000] {logging_mixin.py:190} INFO - [2026-07-09T11:32:09.830+0000] {dagbag.py:588} INFO - Filling up the DagBag from /opt/airflow/dags/dag_extract_dvizhenie.py
[2026-07-09T11:32:09.835+0000] {processor.py:925} INFO - DAG(s) 'dag_extract_dvizhenie' retrieved from /opt/airflow/dags/dag_extract_dvizhenie.py
[2026-07-09T11:32:09.845+0000] {logging_mixin.py:190} INFO - [2026-07-09T11:32:09.845+0000] {dag.py:3239} INFO - Sync 1 DAGs
[2026-07-09T11:32:09.852+0000] {logging_mixin.py:190} INFO - [2026-07-09T11:32:09.852+0000] {dag.py:4180} INFO - Setting next_dagrun for dag_extract_dvizhenie to 2026-07-09 08:00:00+00:00, run_after=2026-07-09 10:00:00+00:00
[2026-07-09T11:32:09.857+0000] {processor.py:208} INFO - Processing /opt/airflow/dags/dag_extract_dvizhenie.py took 0.030 seconds
[2026-07-09T11:32:40.333+0000] {processor.py:186} INFO - Started process (PID=2458) to work on /opt/airflow/dags/dag_extract_dvizhenie.py
[2026-07-09T11:32:40.333+0000] {processor.py:914} INFO - Processing file /opt/airflow/dags/dag_extract_dvizhenie.py for tasks to queue
[2026-07-09T11:32:40.334+0000] {logging_mixin.py:190} INFO - [2026-07-09T11:32:40.334+0000] {dagbag.py:588} INFO - Filling up the DagBag from /opt/airflow/dags/dag_extract_dvizhenie.py
[2026-07-09T11:32:40.338+0000] {processor.py:925} INFO - DAG(s) 'dag_extract_dvizhenie' retrieved from /opt/airflow/dags/dag_extract_dvizhenie.py
[2026-07-09T11:32:40.348+0000] {logging_mixin.py:190} INFO - [2026-07-09T11:32:40.348+0000] {dag.py:3239} INFO - Sync 1 DAGs
[2026-07-09T11:32:40.355+0000] {logging_mixin.py:190} INFO - [2026-07-09T11:32:40.355+0000] {dag.py:4180} INFO - Setting next_dagrun for dag_extract_dvizhenie to 2026-07-09 08:00:00+00:00, run_after=2026-07-09 10:00:00+00:00
[2026-07-09T11:32:40.360+0000] {processor.py:208} INFO - Processing /opt/airflow/dags/dag_extract_dvizhenie.py took 0.029 seconds
[2026-07-09T11:33:10.776+0000] {processor.py:186} INFO - Started process (PID=2478) to work on /opt/airflow/dags/dag_extract_dvizhenie.py
[2026-07-09T11:33:10.776+0000] {processor.py:914} INFO - Processing file /opt/airflow/dags/dag_extract_dvizhenie.py for tasks to queue
[2026-07-09T11:33:10.777+0000] {logging_mixin.py:190} INFO - [2026-07-09T11:33:10.777+0000] {dagbag.py:588} INFO - Filling up the DagBag from /opt/airflow/dags/dag_extract_dvizhenie.py
[2026-07-09T11:33:10.781+0000] {processor.py:925} INFO - DAG(s) 'dag_extract_dvizhenie' retrieved from /opt/airflow/dags/dag_extract_dvizhenie.py
[2026-07-09T11:33:10.792+0000] {logging_mixin.py:190} INFO - [2026-07-09T11:33:10.792+0000] {dag.py:3239} INFO - Sync 1 DAGs
[2026-07-09T11:33:10.800+0000] {logging_mixin.py:190} INFO - [2026-07-09T11:33:10.800+0000] {dag.py:4180} INFO - Setting next_dagrun for dag_extract_dvizhenie to 2026-07-09 08:00:00+00:00, run_after=2026-07-09 10:00:00+00:00
[2026-07-09T11:33:10.879+0000] {processor.py:208} INFO - Processing /opt/airflow/dags/dag_extract_dvizhenie.py took 0.106 seconds
[2026-07-09T11:33:41.334+0000] {processor.py:186} INFO - Started process (PID=2498) to work on /opt/airflow/dags/dag_extract_dvizhenie.py
[2026-07-09T11:33:41.334+0000] {processor.py:914} INFO - Processing file /opt/airflow/dags/dag_extract_dvizhenie.py for tasks to queue
[2026-07-09T11:33:41.336+0000] {logging_mixin.py:190} INFO - [2026-07-09T11:33:41.336+0000] {dagbag.py:588} INFO - Filling up the DagBag from /opt/airflow/dags/dag_extract_dvizhenie.py
[2026-07-09T11:33:41.341+0000] {processor.py:925} INFO - DAG(s) 'dag_extract_dvizhenie' retrieved from /opt/airflow/dags/dag_extract_dvizhenie.py
[2026-07-09T11:33:41.358+0000] {logging_mixin.py:190} INFO - [2026-07-09T11:33:41.357+0000] {dag.py:3239} INFO - Sync 1 DAGs
[2026-07-09T11:33:41.368+0000] {logging_mixin.py:190} INFO - [2026-07-09T11:33:41.368+0000] {dag.py:4180} INFO - Setting next_dagrun for dag_extract_dvizhenie to 2026-07-09 08:00:00+00:00, run_after=2026-07-09 10:00:00+00:00
[2026-07-09T11:33:41.374+0000] {processor.py:208} INFO - Processing /opt/airflow/dags/dag_extract_dvizhenie.py took 0.043 seconds
[2026-07-09T11:34:12.019+0000] {processor.py:186} INFO - Started process (PID=2517) to work on /opt/airflow/dags/dag_extract_dvizhenie.py
[2026-07-09T11:34:12.019+0000] {processor.py:914} INFO - Processing file /opt/airflow/dags/dag_extract_dvizhenie.py for tasks to queue
[2026-07-09T11:34:12.021+0000] {logging_mixin.py:190} INFO - [2026-07-09T11:34:12.021+0000] {dagbag.py:588} INFO - Filling up the DagBag from /opt/airflow/dags/dag_extract_dvizhenie.py
[2026-07-09T11:34:12.030+0000] {processor.py:925} INFO - DAG(s) 'dag_extract_dvizhenie' retrieved from /opt/airflow/dags/dag_extract_dvizhenie.py
[2026-07-09T11:34:12.044+0000] {logging_mixin.py:190} INFO - [2026-07-09T11:34:12.044+0000] {dag.py:3239} INFO - Sync 1 DAGs
[2026-07-09T11:34:12.116+0000] {logging_mixin.py:190} INFO - [2026-07-09T11:34:12.116+0000] {dag.py:4180} INFO - Setting next_dagrun for dag_extract_dvizhenie to 2026-07-09 08:00:00+00:00, run_after=2026-07-09 10:00:00+00:00
[2026-07-09T11:34:12.120+0000] {processor.py:208} INFO - Processing /opt/airflow/dags/dag_extract_dvizhenie.py took 0.105 seconds
[2026-07-09T11:34:42.535+0000] {processor.py:186} INFO - Started process (PID=2538) to work on /opt/airflow/dags/dag_extract_dvizhenie.py
[2026-07-09T11:34:42.535+0000] {processor.py:914} INFO - Processing file /opt/airflow/dags/dag_extract_dvizhenie.py for tasks to queue
[2026-07-09T11:34:42.536+0000] {logging_mixin.py:190} INFO - [2026-07-09T11:34:42.536+0000] {dagbag.py:588} INFO - Filling up the DagBag from /opt/airflow/dags/dag_extract_dvizhenie.py
[2026-07-09T11:34:42.541+0000] {processor.py:925} INFO - DAG(s) 'dag_extract_dvizhenie' retrieved from /opt/airflow/dags/dag_extract_dvizhenie.py
[2026-07-09T11:34:42.551+0000] {logging_mixin.py:190} INFO - [2026-07-09T11:34:42.551+0000] {dag.py:3239} INFO - Sync 1 DAGs
[2026-07-09T11:34:42.560+0000] {logging_mixin.py:190} INFO - [2026-07-09T11:34:42.559+0000] {dag.py:4180} INFO - Setting next_dagrun for dag_extract_dvizhenie to 2026-07-09 08:00:00+00:00, run_after=2026-07-09 10:00:00+00:00
[2026-07-09T11:34:42.664+0000] {processor.py:208} INFO - Processing /opt/airflow/dags/dag_extract_dvizhenie.py took 0.132 seconds
[2026-07-09T11:35:13.096+0000] {processor.py:186} INFO - Started process (PID=2556) to work on /opt/airflow/dags/dag_extract_dvizhenie.py
[2026-07-09T11:35:13.096+0000] {processor.py:914} INFO - Processing file /opt/airflow/dags/dag_extract_dvizhenie.py for tasks to queue
[2026-07-09T11:35:13.097+0000] {logging_mixin.py:190} INFO - [2026-07-09T11:35:13.097+0000] {dagbag.py:588} INFO - Filling up the DagBag from /opt/airflow/dags/dag_extract_dvizhenie.py
[2026-07-09T11:35:13.102+0000] {processor.py:925} INFO - DAG(s) 'dag_extract_dvizhenie' retrieved from /opt/airflow/dags/dag_extract_dvizhenie.py
[2026-07-09T11:35:13.114+0000] {logging_mixin.py:190} INFO - [2026-07-09T11:35:13.114+0000] {dag.py:3239} INFO - Sync 1 DAGs
[2026-07-09T11:35:13.123+0000] {logging_mixin.py:190} INFO - [2026-07-09T11:35:13.122+0000] {dag.py:4180} INFO - Setting next_dagrun for dag_extract_dvizhenie to 2026-07-09 08:00:00+00:00, run_after=2026-07-09 10:00:00+00:00
[2026-07-09T11:35:13.128+0000] {processor.py:208} INFO - Processing /opt/airflow/dags/dag_extract_dvizhenie.py took 0.036 seconds
[2026-07-09T11:35:43.638+0000] {processor.py:186} INFO - Started process (PID=2576) to work on /opt/airflow/dags/dag_extract_dvizhenie.py
[2026-07-09T11:35:43.638+0000] {processor.py:914} INFO - Processing file /opt/airflow/dags/dag_extract_dvizhenie.py for tasks to queue
[2026-07-09T11:35:43.640+0000] {logging_mixin.py:190} INFO - [2026-07-09T11:35:43.640+0000] {dagbag.py:588} INFO - Filling up the DagBag from /opt/airflow/dags/dag_extract_dvizhenie.py
[2026-07-09T11:35:43.647+0000] {processor.py:925} INFO - DAG(s) 'dag_extract_dvizhenie' retrieved from /opt/airflow/dags/dag_extract_dvizhenie.py
[2026-07-09T11:35:43.661+0000] {logging_mixin.py:190} INFO - [2026-07-09T11:35:43.661+0000] {dag.py:3239} INFO - Sync 1 DAGs
[2026-07-09T11:35:43.731+0000] {logging_mixin.py:190} INFO - [2026-07-09T11:35:43.731+0000] {dag.py:4180} INFO - Setting next_dagrun for dag_extract_dvizhenie to 2026-07-09 08:00:00+00:00, run_after=2026-07-09 10:00:00+00:00
[2026-07-09T11:35:43.736+0000] {processor.py:208} INFO - Processing /opt/airflow/dags/dag_extract_dvizhenie.py took 0.100 seconds
[2026-07-09T11:36:14.175+0000] {processor.py:186} INFO - Started process (PID=2598) to work on /opt/airflow/dags/dag_extract_dvizhenie.py
[2026-07-09T11:36:14.176+0000] {processor.py:914} INFO - Processing file /opt/airflow/dags/dag_extract_dvizhenie.py for tasks to queue
[2026-07-09T11:36:14.177+0000] {logging_mixin.py:190} INFO - [2026-07-09T11:36:14.177+0000] {dagbag.py:588} INFO - Filling up the DagBag from /opt/airflow/dags/dag_extract_dvizhenie.py
[2026-07-09T11:36:14.183+0000] {processor.py:925} INFO - DAG(s) 'dag_extract_dvizhenie' retrieved from /opt/airflow/dags/dag_extract_dvizhenie.py
[2026-07-09T11:36:14.193+0000] {logging_mixin.py:190} INFO - [2026-07-09T11:36:14.193+0000] {dag.py:3239} INFO - Sync 1 DAGs
[2026-07-09T11:36:14.201+0000] {logging_mixin.py:190} INFO - [2026-07-09T11:36:14.201+0000] {dag.py:4180} INFO - Setting next_dagrun for dag_extract_dvizhenie to 2026-07-09 08:00:00+00:00, run_after=2026-07-09 10:00:00+00:00
[2026-07-09T11:36:14.324+0000] {processor.py:208} INFO - Processing /opt/airflow/dags/dag_extract_dvizhenie.py took 0.153 seconds
[2026-07-09T11:36:44.829+0000] {processor.py:186} INFO - Started process (PID=2618) to work on /opt/airflow/dags/dag_extract_dvizhenie.py
[2026-07-09T11:36:44.829+0000] {processor.py:914} INFO - Processing file /opt/airflow/dags/dag_extract_dvizhenie.py for tasks to queue
[2026-07-09T11:36:44.830+0000] {logging_mixin.py:190} INFO - [2026-07-09T11:36:44.830+0000] {dagbag.py:588} INFO - Filling up the DagBag from /opt/airflow/dags/dag_extract_dvizhenie.py
[2026-07-09T11:36:44.835+0000] {processor.py:925} INFO - DAG(s) 'dag_extract_dvizhenie' retrieved from /opt/airflow/dags/dag_extract_dvizhenie.py
[2026-07-09T11:36:44.845+0000] {logging_mixin.py:190} INFO - [2026-07-09T11:36:44.845+0000] {dag.py:3239} INFO - Sync 1 DAGs
[2026-07-09T11:36:44.853+0000] {logging_mixin.py:190} INFO - [2026-07-09T11:36:44.853+0000] {dag.py:4180} INFO - Setting next_dagrun for dag_extract_dvizhenie to 2026-07-09 08:00:00+00:00, run_after=2026-07-09 10:00:00+00:00
[2026-07-09T11:36:44.858+0000] {processor.py:208} INFO - Processing /opt/airflow/dags/dag_extract_dvizhenie.py took 0.032 seconds
[2026-07-09T11:37:15.448+0000] {processor.py:186} INFO - Started process (PID=2636) to work on /opt/airflow/dags/dag_extract_dvizhenie.py
[2026-07-09T11:37:15.449+0000] {processor.py:914} INFO - Processing file /opt/airflow/dags/dag_extract_dvizhenie.py for tasks to queue
[2026-07-09T11:37:15.450+0000] {logging_mixin.py:190} INFO - [2026-07-09T11:37:15.450+0000] {dagbag.py:588} INFO - Filling up the DagBag from /opt/airflow/dags/dag_extract_dvizhenie.py
[2026-07-09T11:37:15.459+0000] {processor.py:925} INFO - DAG(s) 'dag_extract_dvizhenie' retrieved from /opt/airflow/dags/dag_extract_dvizhenie.py
[2026-07-09T11:37:15.470+0000] {logging_mixin.py:190} INFO - [2026-07-09T11:37:15.470+0000] {dag.py:3239} INFO - Sync 1 DAGs
[2026-07-09T11:37:15.553+0000] {logging_mixin.py:190} INFO - [2026-07-09T11:37:15.553+0000] {dag.py:4180} INFO - Setting next_dagrun for dag_extract_dvizhenie to 2026-07-09 08:00:00+00:00, run_after=2026-07-09 10:00:00+00:00
[2026-07-09T11:37:15.558+0000] {processor.py:208} INFO - Processing /opt/airflow/dags/dag_extract_dvizhenie.py took 0.114 seconds
[2026-07-09T11:37:45.966+0000] {processor.py:186} INFO - Started process (PID=2656) to work on /opt/airflow/dags/dag_extract_dvizhenie.py
[2026-07-09T11:37:45.968+0000] {processor.py:914} INFO - Processing file /opt/airflow/dags/dag_extract_dvizhenie.py for tasks to queue
[2026-07-09T11:37:45.970+0000] {logging_mixin.py:190} INFO - [2026-07-09T11:37:45.970+0000] {dagbag.py:588} INFO - Filling up the DagBag from /opt/airflow/dags/dag_extract_dvizhenie.py
[2026-07-09T11:37:45.976+0000] {processor.py:925} INFO - DAG(s) 'dag_extract_dvizhenie' retrieved from /opt/airflow/dags/dag_extract_dvizhenie.py
[2026-07-09T11:37:45.987+0000] {logging_mixin.py:190} INFO - [2026-07-09T11:37:45.987+0000] {dag.py:3239} INFO - Sync 1 DAGs
[2026-07-09T11:37:45.997+0000] {logging_mixin.py:190} INFO - [2026-07-09T11:37:45.996+0000] {dag.py:4180} INFO - Setting next_dagrun for dag_extract_dvizhenie to 2026-07-09 08:00:00+00:00, run_after=2026-07-09 10:00:00+00:00
[2026-07-09T11:37:46.004+0000] {processor.py:208} INFO - Processing /opt/airflow/dags/dag_extract_dvizhenie.py took 0.042 seconds
[2026-07-09T11:38:16.479+0000] {processor.py:186} INFO - Started process (PID=2678) to work on /opt/airflow/dags/dag_extract_dvizhenie.py
[2026-07-09T11:38:16.479+0000] {processor.py:914} INFO - Processing file /opt/airflow/dags/dag_extract_dvizhenie.py for tasks to queue
[2026-07-09T11:38:16.480+0000] {logging_mixin.py:190} INFO - [2026-07-09T11:38:16.480+0000] {dagbag.py:588} INFO - Filling up the DagBag from /opt/airflow/dags/dag_extract_dvizhenie.py
[2026-07-09T11:38:16.485+0000] {processor.py:925} INFO - DAG(s) 'dag_extract_dvizhenie' retrieved from /opt/airflow/dags/dag_extract_dvizhenie.py
[2026-07-09T11:38:16.495+0000] {logging_mixin.py:190} INFO - [2026-07-09T11:38:16.495+0000] {dag.py:3239} INFO - Sync 1 DAGs
[2026-07-09T11:38:16.502+0000] {logging_mixin.py:190} INFO - [2026-07-09T11:38:16.502+0000] {dag.py:4180} INFO - Setting next_dagrun for dag_extract_dvizhenie to 2026-07-09 08:00:00+00:00, run_after=2026-07-09 10:00:00+00:00
[2026-07-09T11:38:16.507+0000] {processor.py:208} INFO - Processing /opt/airflow/dags/dag_extract_dvizhenie.py took 0.032 seconds
[2026-07-09T11:38:46.975+0000] {processor.py:186} INFO - Started process (PID=2698) to work on /opt/airflow/dags/dag_extract_dvizhenie.py
[2026-07-09T11:38:46.976+0000] {processor.py:914} INFO - Processing file /opt/airflow/dags/dag_extract_dvizhenie.py for tasks to queue
[2026-07-09T11:38:46.977+0000] {logging_mixin.py:190} INFO - [2026-07-09T11:38:46.977+0000] {dagbag.py:588} INFO - Filling up the DagBag from /opt/airflow/dags/dag_extract_dvizhenie.py
[2026-07-09T11:38:46.983+0000] {processor.py:925} INFO - DAG(s) 'dag_extract_dvizhenie' retrieved from /opt/airflow/dags/dag_extract_dvizhenie.py
[2026-07-09T11:38:46.999+0000] {logging_mixin.py:190} INFO - [2026-07-09T11:38:46.999+0000] {dag.py:3239} INFO - Sync 1 DAGs
[2026-07-09T11:38:47.012+0000] {logging_mixin.py:190} INFO - [2026-07-09T11:38:47.012+0000] {dag.py:4180} INFO - Setting next_dagrun for dag_extract_dvizhenie to 2026-07-09 08:00:00+00:00, run_after=2026-07-09 10:00:00+00:00
[2026-07-09T11:38:47.021+0000] {processor.py:208} INFO - Processing /opt/airflow/dags/dag_extract_dvizhenie.py took 0.051 seconds
[2026-07-09T11:39:17.449+0000] {processor.py:186} INFO - Started process (PID=2718) to work on /opt/airflow/dags/dag_extract_dvizhenie.py
[2026-07-09T11:39:17.449+0000] {processor.py:914} INFO - Processing file /opt/airflow/dags/dag_extract_dvizhenie.py for tasks to queue
[2026-07-09T11:39:17.450+0000] {logging_mixin.py:190} INFO - [2026-07-09T11:39:17.450+0000] {dagbag.py:588} INFO - Filling up the DagBag from /opt/airflow/dags/dag_extract_dvizhenie.py
[2026-07-09T11:39:17.455+0000] {processor.py:925} INFO - DAG(s) 'dag_extract_dvizhenie' retrieved from /opt/airflow/dags/dag_extract_dvizhenie.py
[2026-07-09T11:39:17.464+0000] {logging_mixin.py:190} INFO - [2026-07-09T11:39:17.464+0000] {dag.py:3239} INFO - Sync 1 DAGs
[2026-07-09T11:39:17.472+0000] {logging_mixin.py:190} INFO - [2026-07-09T11:39:17.472+0000] {dag.py:4180} INFO - Setting next_dagrun for dag_extract_dvizhenie to 2026-07-09 08:00:00+00:00, run_after=2026-07-09 10:00:00+00:00
[2026-07-09T11:39:17.477+0000] {processor.py:208} INFO - Processing /opt/airflow/dags/dag_extract_dvizhenie.py took 0.031 seconds
[2026-07-09T11:39:47.904+0000] {processor.py:186} INFO - Started process (PID=2738) to work on /opt/airflow/dags/dag_extract_dvizhenie.py
[2026-07-09T11:39:47.905+0000] {processor.py:914} INFO - Processing file /opt/airflow/dags/dag_extract_dvizhenie.py for tasks to queue
[2026-07-09T11:39:47.905+0000] {logging_mixin.py:190} INFO - [2026-07-09T11:39:47.905+0000] {dagbag.py:588} INFO - Filling up the DagBag from /opt/airflow/dags/dag_extract_dvizhenie.py
[2026-07-09T11:39:47.910+0000] {processor.py:925} INFO - DAG(s) 'dag_extract_dvizhenie' retrieved from /opt/airflow/dags/dag_extract_dvizhenie.py
[2026-07-09T11:39:47.920+0000] {logging_mixin.py:190} INFO - [2026-07-09T11:39:47.920+0000] {dag.py:3239} INFO - Sync 1 DAGs
[2026-07-09T11:39:47.927+0000] {logging_mixin.py:190} INFO - [2026-07-09T11:39:47.927+0000] {dag.py:4180} INFO - Setting next_dagrun for dag_extract_dvizhenie to 2026-07-09 08:00:00+00:00, run_after=2026-07-09 10:00:00+00:00
[2026-07-09T11:39:47.932+0000] {processor.py:208} INFO - Processing /opt/airflow/dags/dag_extract_dvizhenie.py took 0.030 seconds
[2026-07-09T11:40:18.300+0000] {processor.py:186} INFO - Started process (PID=2758) to work on /opt/airflow/dags/dag_extract_dvizhenie.py
[2026-07-09T11:40:18.300+0000] {processor.py:914} INFO - Processing file /opt/airflow/dags/dag_extract_dvizhenie.py for tasks to queue
[2026-07-09T11:40:18.301+0000] {logging_mixin.py:190} INFO - [2026-07-09T11:40:18.301+0000] {dagbag.py:588} INFO - Filling up the DagBag from /opt/airflow/dags/dag_extract_dvizhenie.py
[2026-07-09T11:40:18.305+0000] {processor.py:925} INFO - DAG(s) 'dag_extract_dvizhenie' retrieved from /opt/airflow/dags/dag_extract_dvizhenie.py
[2026-07-09T11:40:18.315+0000] {logging_mixin.py:190} INFO - [2026-07-09T11:40:18.315+0000] {dag.py:3239} INFO - Sync 1 DAGs
[2026-07-09T11:40:18.323+0000] {logging_mixin.py:190} INFO - [2026-07-09T11:40:18.323+0000] {dag.py:4180} INFO - Setting next_dagrun for dag_extract_dvizhenie to 2026-07-09 08:00:00+00:00, run_after=2026-07-09 10:00:00+00:00
[2026-07-09T11:40:18.327+0000] {processor.py:208} INFO - Processing /opt/airflow/dags/dag_extract_dvizhenie.py took 0.030 seconds
[2026-07-09T11:40:48.831+0000] {processor.py:186} INFO - Started process (PID=2778) to work on /opt/airflow/dags/dag_extract_dvizhenie.py
[2026-07-09T11:40:48.832+0000] {processor.py:914} INFO - Processing file /opt/airflow/dags/dag_extract_dvizhenie.py for tasks to queue
[2026-07-09T11:40:48.833+0000] {logging_mixin.py:190} INFO - [2026-07-09T11:40:48.832+0000] {dagbag.py:588} INFO - Filling up the DagBag from /opt/airflow/dags/dag_extract_dvizhenie.py
[2026-07-09T11:40:48.837+0000] {processor.py:925} INFO - DAG(s) 'dag_extract_dvizhenie' retrieved from /opt/airflow/dags/dag_extract_dvizhenie.py
[2026-07-09T11:40:48.847+0000] {logging_mixin.py:190} INFO - [2026-07-09T11:40:48.847+0000] {dag.py:3239} INFO - Sync 1 DAGs
[2026-07-09T11:40:48.854+0000] {logging_mixin.py:190} INFO - [2026-07-09T11:40:48.854+0000] {dag.py:4180} INFO - Setting next_dagrun for dag_extract_dvizhenie to 2026-07-09 08:00:00+00:00, run_after=2026-07-09 10:00:00+00:00
[2026-07-09T11:40:48.859+0000] {processor.py:208} INFO - Processing /opt/airflow/dags/dag_extract_dvizhenie.py took 0.030 seconds
[2026-07-09T11:41:19.292+0000] {processor.py:186} INFO - Started process (PID=2798) to work on /opt/airflow/dags/dag_extract_dvizhenie.py
[2026-07-09T11:41:19.292+0000] {processor.py:914} INFO - Processing file /opt/airflow/dags/dag_extract_dvizhenie.py for tasks to queue
[2026-07-09T11:41:19.293+0000] {logging_mixin.py:190} INFO - [2026-07-09T11:41:19.293+0000] {dagbag.py:588} INFO - Filling up the DagBag from /opt/airflow/dags/dag_extract_dvizhenie.py
[2026-07-09T11:41:19.298+0000] {processor.py:925} INFO - DAG(s) 'dag_extract_dvizhenie' retrieved from /opt/airflow/dags/dag_extract_dvizhenie.py
[2026-07-09T11:41:19.308+0000] {logging_mixin.py:190} INFO - [2026-07-09T11:41:19.308+0000] {dag.py:3239} INFO - Sync 1 DAGs
[2026-07-09T11:41:19.315+0000] {logging_mixin.py:190} INFO - [2026-07-09T11:41:19.315+0000] {dag.py:4180} INFO - Setting next_dagrun for dag_extract_dvizhenie to 2026-07-09 08:00:00+00:00, run_after=2026-07-09 10:00:00+00:00
[2026-07-09T11:41:19.320+0000] {processor.py:208} INFO - Processing /opt/airflow/dags/dag_extract_dvizhenie.py took 0.030 seconds
[2026-07-09T11:41:49.797+0000] {processor.py:186} INFO - Started process (PID=2818) to work on /opt/airflow/dags/dag_extract_dvizhenie.py
[2026-07-09T11:41:49.797+0000] {processor.py:914} INFO - Processing file /opt/airflow/dags/dag_extract_dvizhenie.py for tasks to queue
[2026-07-09T11:41:49.798+0000] {logging_mixin.py:190} INFO - [2026-07-09T11:41:49.798+0000] {dagbag.py:588} INFO - Filling up the DagBag from /opt/airflow/dags/dag_extract_dvizhenie.py
[2026-07-09T11:41:49.803+0000] {processor.py:925} INFO - DAG(s) 'dag_extract_dvizhenie' retrieved from /opt/airflow/dags/dag_extract_dvizhenie.py
[2026-07-09T11:41:49.813+0000] {logging_mixin.py:190} INFO - [2026-07-09T11:41:49.813+0000] {dag.py:3239} INFO - Sync 1 DAGs
[2026-07-09T11:41:49.821+0000] {logging_mixin.py:190} INFO - [2026-07-09T11:41:49.821+0000] {dag.py:4180} INFO - Setting next_dagrun for dag_extract_dvizhenie to 2026-07-09 08:00:00+00:00, run_after=2026-07-09 10:00:00+00:00
[2026-07-09T11:41:49.826+0000] {processor.py:208} INFO - Processing /opt/airflow/dags/dag_extract_dvizhenie.py took 0.032 seconds
[2026-07-09T11:42:20.247+0000] {processor.py:186} INFO - Started process (PID=2838) to work on /opt/airflow/dags/dag_extract_dvizhenie.py
[2026-07-09T11:42:20.248+0000] {processor.py:914} INFO - Processing file /opt/airflow/dags/dag_extract_dvizhenie.py for tasks to queue
[2026-07-09T11:42:20.249+0000] {logging_mixin.py:190} INFO - [2026-07-09T11:42:20.249+0000] {dagbag.py:588} INFO - Filling up the DagBag from /opt/airflow/dags/dag_extract_dvizhenie.py
[2026-07-09T11:42:20.253+0000] {processor.py:925} INFO - DAG(s) 'dag_extract_dvizhenie' retrieved from /opt/airflow/dags/dag_extract_dvizhenie.py
[2026-07-09T11:42:20.263+0000] {logging_mixin.py:190} INFO - [2026-07-09T11:42:20.263+0000] {dag.py:3239} INFO - Sync 1 DAGs
[2026-07-09T11:42:20.271+0000] {logging_mixin.py:190} INFO - [2026-07-09T11:42:20.271+0000] {dag.py:4180} INFO - Setting next_dagrun for dag_extract_dvizhenie to 2026-07-09 08:00:00+00:00, run_after=2026-07-09 10:00:00+00:00
[2026-07-09T11:42:20.276+0000] {processor.py:208} INFO - Processing /opt/airflow/dags/dag_extract_dvizhenie.py took 0.031 seconds
[2026-07-09T11:42:50.785+0000] {processor.py:186} INFO - Started process (PID=2858) to work on /opt/airflow/dags/dag_extract_dvizhenie.py
[2026-07-09T11:42:50.786+0000] {processor.py:914} INFO - Processing file /opt/airflow/dags/dag_extract_dvizhenie.py for tasks to queue
[2026-07-09T11:42:50.787+0000] {logging_mixin.py:190} INFO - [2026-07-09T11:42:50.787+0000] {dagbag.py:588} INFO - Filling up the DagBag from /opt/airflow/dags/dag_extract_dvizhenie.py
[2026-07-09T11:42:50.791+0000] {processor.py:925} INFO - DAG(s) 'dag_extract_dvizhenie' retrieved from /opt/airflow/dags/dag_extract_dvizhenie.py
[2026-07-09T11:42:50.801+0000] {logging_mixin.py:190} INFO - [2026-07-09T11:42:50.801+0000] {dag.py:3239} INFO - Sync 1 DAGs
[2026-07-09T11:42:50.808+0000] {logging_mixin.py:190} INFO - [2026-07-09T11:42:50.808+0000] {dag.py:4180} INFO - Setting next_dagrun for dag_extract_dvizhenie to 2026-07-09 08:00:00+00:00, run_after=2026-07-09 10:00:00+00:00
[2026-07-09T11:42:50.813+0000] {processor.py:208} INFO - Processing /opt/airflow/dags/dag_extract_dvizhenie.py took 0.032 seconds
[2026-07-09T11:43:21.216+0000] {processor.py:186} INFO - Started process (PID=2878) to work on /opt/airflow/dags/dag_extract_dvizhenie.py
[2026-07-09T11:43:21.216+0000] {processor.py:914} INFO - Processing file /opt/airflow/dags/dag_extract_dvizhenie.py for tasks to queue
[2026-07-09T11:43:21.217+0000] {logging_mixin.py:190} INFO - [2026-07-09T11:43:21.217+0000] {dagbag.py:588} INFO - Filling up the DagBag from /opt/airflow/dags/dag_extract_dvizhenie.py
[2026-07-09T11:43:21.221+0000] {processor.py:925} INFO - DAG(s) 'dag_extract_dvizhenie' retrieved from /opt/airflow/dags/dag_extract_dvizhenie.py
[2026-07-09T11:43:21.231+0000] {logging_mixin.py:190} INFO - [2026-07-09T11:43:21.231+0000] {dag.py:3239} INFO - Sync 1 DAGs
[2026-07-09T11:43:21.238+0000] {logging_mixin.py:190} INFO - [2026-07-09T11:43:21.238+0000] {dag.py:4180} INFO - Setting next_dagrun for dag_extract_dvizhenie to 2026-07-09 08:00:00+00:00, run_after=2026-07-09 10:00:00+00:00
[2026-07-09T11:43:21.243+0000] {processor.py:208} INFO - Processing /opt/airflow/dags/dag_extract_dvizhenie.py took 0.030 seconds
[2026-07-09T11:43:51.693+0000] {processor.py:186} INFO - Started process (PID=2898) to work on /opt/airflow/dags/dag_extract_dvizhenie.py
[2026-07-09T11:43:51.693+0000] {processor.py:914} INFO - Processing file /opt/airflow/dags/dag_extract_dvizhenie.py for tasks to queue
[2026-07-09T11:43:51.694+0000] {logging_mixin.py:190} INFO - [2026-07-09T11:43:51.694+0000] {dagbag.py:588} INFO - Filling up the DagBag from /opt/airflow/dags/dag_extract_dvizhenie.py
[2026-07-09T11:43:51.699+0000] {processor.py:925} INFO - DAG(s) 'dag_extract_dvizhenie' retrieved from /opt/airflow/dags/dag_extract_dvizhenie.py
[2026-07-09T11:43:51.709+0000] {logging_mixin.py:190} INFO - [2026-07-09T11:43:51.709+0000] {dag.py:3239} INFO - Sync 1 DAGs
[2026-07-09T11:43:51.716+0000] {logging_mixin.py:190} INFO - [2026-07-09T11:43:51.716+0000] {dag.py:4180} INFO - Setting next_dagrun for dag_extract_dvizhenie to 2026-07-09 08:00:00+00:00, run_after=2026-07-09 10:00:00+00:00
[2026-07-09T11:43:51.721+0000] {processor.py:208} INFO - Processing /opt/airflow/dags/dag_extract_dvizhenie.py took 0.031 seconds
[2026-07-09T11:44:22.148+0000] {processor.py:186} INFO - Started process (PID=2918) to work on /opt/airflow/dags/dag_extract_dvizhenie.py
[2026-07-09T11:44:22.149+0000] {processor.py:914} INFO - Processing file /opt/airflow/dags/dag_extract_dvizhenie.py for tasks to queue
[2026-07-09T11:44:22.150+0000] {logging_mixin.py:190} INFO - [2026-07-09T11:44:22.149+0000] {dagbag.py:588} INFO - Filling up the DagBag from /opt/airflow/dags/dag_extract_dvizhenie.py
[2026-07-09T11:44:22.154+0000] {processor.py:925} INFO - DAG(s) 'dag_extract_dvizhenie' retrieved from /opt/airflow/dags/dag_extract_dvizhenie.py
[2026-07-09T11:44:22.164+0000] {logging_mixin.py:190} INFO - [2026-07-09T11:44:22.164+0000] {dag.py:3239} INFO - Sync 1 DAGs
[2026-07-09T11:44:22.171+0000] {logging_mixin.py:190} INFO - [2026-07-09T11:44:22.171+0000] {dag.py:4180} INFO - Setting next_dagrun for dag_extract_dvizhenie to 2026-07-09 08:00:00+00:00, run_after=2026-07-09 10:00:00+00:00
[2026-07-09T11:44:22.176+0000] {processor.py:208} INFO - Processing /opt/airflow/dags/dag_extract_dvizhenie.py took 0.031 seconds
[2026-07-09T11:44:52.581+0000] {processor.py:186} INFO - Started process (PID=2938) to work on /opt/airflow/dags/dag_extract_dvizhenie.py
[2026-07-09T11:44:52.583+0000] {processor.py:914} INFO - Processing file /opt/airflow/dags/dag_extract_dvizhenie.py for tasks to queue
[2026-07-09T11:44:52.583+0000] {logging_mixin.py:190} INFO - [2026-07-09T11:44:52.583+0000] {dagbag.py:588} INFO - Filling up the DagBag from /opt/airflow/dags/dag_extract_dvizhenie.py
[2026-07-09T11:44:52.588+0000] {processor.py:925} INFO - DAG(s) 'dag_extract_dvizhenie' retrieved from /opt/airflow/dags/dag_extract_dvizhenie.py
[2026-07-09T11:44:52.598+0000] {logging_mixin.py:190} INFO - [2026-07-09T11:44:52.598+0000] {dag.py:3239} INFO - Sync 1 DAGs
[2026-07-09T11:44:52.605+0000] {logging_mixin.py:190} INFO - [2026-07-09T11:44:52.605+0000] {dag.py:4180} INFO - Setting next_dagrun for dag_extract_dvizhenie to 2026-07-09 08:00:00+00:00, run_after=2026-07-09 10:00:00+00:00
[2026-07-09T11:44:52.610+0000] {processor.py:208} INFO - Processing /opt/airflow/dags/dag_extract_dvizhenie.py took 0.035 seconds
[2026-07-09T11:45:23.058+0000] {processor.py:186} INFO - Started process (PID=2958) to work on /opt/airflow/dags/dag_extract_dvizhenie.py
[2026-07-09T11:45:23.059+0000] {processor.py:914} INFO - Processing file /opt/airflow/dags/dag_extract_dvizhenie.py for tasks to queue
[2026-07-09T11:45:23.060+0000] {logging_mixin.py:190} INFO - [2026-07-09T11:45:23.060+0000] {dagbag.py:588} INFO - Filling up the DagBag from /opt/airflow/dags/dag_extract_dvizhenie.py
[2026-07-09T11:45:23.064+0000] {processor.py:925} INFO - DAG(s) 'dag_extract_dvizhenie' retrieved from /opt/airflow/dags/dag_extract_dvizhenie.py
[2026-07-09T11:45:23.074+0000] {logging_mixin.py:190} INFO - [2026-07-09T11:45:23.074+0000] {dag.py:3239} INFO - Sync 1 DAGs
[2026-07-09T11:45:23.082+0000] {logging_mixin.py:190} INFO - [2026-07-09T11:45:23.082+0000] {dag.py:4180} INFO - Setting next_dagrun for dag_extract_dvizhenie to 2026-07-09 08:00:00+00:00, run_after=2026-07-09 10:00:00+00:00
[2026-07-09T11:45:23.087+0000] {processor.py:208} INFO - Processing /opt/airflow/dags/dag_extract_dvizhenie.py took 0.036 seconds
[2026-07-09T11:45:53.647+0000] {processor.py:186} INFO - Started process (PID=2978) to work on /opt/airflow/dags/dag_extract_dvizhenie.py
[2026-07-09T11:45:53.648+0000] {processor.py:914} INFO - Processing file /opt/airflow/dags/dag_extract_dvizhenie.py for tasks to queue
[2026-07-09T11:45:53.648+0000] {logging_mixin.py:190} INFO - [2026-07-09T11:45:53.648+0000] {dagbag.py:588} INFO - Filling up the DagBag from /opt/airflow/dags/dag_extract_dvizhenie.py
[2026-07-09T11:45:53.653+0000] {processor.py:925} INFO - DAG(s) 'dag_extract_dvizhenie' retrieved from /opt/airflow/dags/dag_extract_dvizhenie.py
[2026-07-09T11:45:53.663+0000] {logging_mixin.py:190} INFO - [2026-07-09T11:45:53.663+0000] {dag.py:3239} INFO - Sync 1 DAGs
[2026-07-09T11:45:53.670+0000] {logging_mixin.py:190} INFO - [2026-07-09T11:45:53.670+0000] {dag.py:4180} INFO - Setting next_dagrun for dag_extract_dvizhenie to 2026-07-09 08:00:00+00:00, run_after=2026-07-09 10:00:00+00:00
[2026-07-09T11:45:53.674+0000] {processor.py:208} INFO - Processing /opt/airflow/dags/dag_extract_dvizhenie.py took 0.032 seconds
[2026-07-09T11:46:24.106+0000] {processor.py:186} INFO - Started process (PID=2998) to work on /opt/airflow/dags/dag_extract_dvizhenie.py
[2026-07-09T11:46:24.106+0000] {processor.py:914} INFO - Processing file /opt/airflow/dags/dag_extract_dvizhenie.py for tasks to queue
[2026-07-09T11:46:24.107+0000] {logging_mixin.py:190} INFO - [2026-07-09T11:46:24.107+0000] {dagbag.py:588} INFO - Filling up the DagBag from /opt/airflow/dags/dag_extract_dvizhenie.py
[2026-07-09T11:46:24.112+0000] {processor.py:925} INFO - DAG(s) 'dag_extract_dvizhenie' retrieved from /opt/airflow/dags/dag_extract_dvizhenie.py
[2026-07-09T11:46:24.121+0000] {logging_mixin.py:190} INFO - [2026-07-09T11:46:24.121+0000] {dag.py:3239} INFO - Sync 1 DAGs
[2026-07-09T11:46:24.129+0000] {logging_mixin.py:190} INFO - [2026-07-09T11:46:24.129+0000] {dag.py:4180} INFO - Setting next_dagrun for dag_extract_dvizhenie to 2026-07-09 08:00:00+00:00, run_after=2026-07-09 10:00:00+00:00
[2026-07-09T11:46:24.133+0000] {processor.py:208} INFO - Processing /opt/airflow/dags/dag_extract_dvizhenie.py took 0.030 seconds
[2026-07-09T11:46:54.574+0000] {processor.py:186} INFO - Started process (PID=3018) to work on /opt/airflow/dags/dag_extract_dvizhenie.py
[2026-07-09T11:46:54.575+0000] {processor.py:914} INFO - Processing file /opt/airflow/dags/dag_extract_dvizhenie.py for tasks to queue
[2026-07-09T11:46:54.576+0000] {logging_mixin.py:190} INFO - [2026-07-09T11:46:54.575+0000] {dagbag.py:588} INFO - Filling up the DagBag from /opt/airflow/dags/dag_extract_dvizhenie.py
[2026-07-09T11:46:54.581+0000] {processor.py:925} INFO - DAG(s) 'dag_extract_dvizhenie' retrieved from /opt/airflow/dags/dag_extract_dvizhenie.py
[2026-07-09T11:46:54.593+0000] {logging_mixin.py:190} INFO - [2026-07-09T11:46:54.593+0000] {dag.py:3239} INFO - Sync 1 DAGs
[2026-07-09T11:46:54.605+0000] {logging_mixin.py:190} INFO - [2026-07-09T11:46:54.605+0000] {dag.py:4180} INFO - Setting next_dagrun for dag_extract_dvizhenie to 2026-07-09 08:00:00+00:00, run_after=2026-07-09 10:00:00+00:00
[2026-07-09T11:46:54.610+0000] {processor.py:208} INFO - Processing /opt/airflow/dags/dag_extract_dvizhenie.py took 0.039 seconds
[2026-07-09T11:47:24.941+0000] {processor.py:186} INFO - Started process (PID=3036) to work on /opt/airflow/dags/dag_extract_dvizhenie.py
[2026-07-09T11:47:24.942+0000] {processor.py:914} INFO - Processing file /opt/airflow/dags/dag_extract_dvizhenie.py for tasks to queue
[2026-07-09T11:47:24.944+0000] {logging_mixin.py:190} INFO - [2026-07-09T11:47:24.943+0000] {dagbag.py:588} INFO - Filling up the DagBag from /opt/airflow/dags/dag_extract_dvizhenie.py
[2026-07-09T11:47:24.950+0000] {processor.py:925} INFO - DAG(s) 'dag_extract_dvizhenie' retrieved from /opt/airflow/dags/dag_extract_dvizhenie.py
[2026-07-09T11:47:24.962+0000] {logging_mixin.py:190} INFO - [2026-07-09T11:47:24.962+0000] {dag.py:3239} INFO - Sync 1 DAGs
[2026-07-09T11:47:24.970+0000] {logging_mixin.py:190} INFO - [2026-07-09T11:47:24.970+0000] {dag.py:4180} INFO - Setting next_dagrun for dag_extract_dvizhenie to 2026-07-09 08:00:00+00:00, run_after=2026-07-09 10:00:00+00:00
[2026-07-09T11:47:24.978+0000] {processor.py:208} INFO - Processing /opt/airflow/dags/dag_extract_dvizhenie.py took 0.039 seconds
[2026-07-09T11:47:55.387+0000] {processor.py:186} INFO - Started process (PID=3056) to work on /opt/airflow/dags/dag_extract_dvizhenie.py
[2026-07-09T11:47:55.388+0000] {processor.py:914} INFO - Processing file /opt/airflow/dags/dag_extract_dvizhenie.py for tasks to queue
[2026-07-09T11:47:55.389+0000] {logging_mixin.py:190} INFO - [2026-07-09T11:47:55.389+0000] {dagbag.py:588} INFO - Filling up the DagBag from /opt/airflow/dags/dag_extract_dvizhenie.py
[2026-07-09T11:47:55.397+0000] {processor.py:925} INFO - DAG(s) 'dag_extract_dvizhenie' retrieved from /opt/airflow/dags/dag_extract_dvizhenie.py
[2026-07-09T11:47:55.410+0000] {logging_mixin.py:190} INFO - [2026-07-09T11:47:55.410+0000] {dag.py:3239} INFO - Sync 1 DAGs
[2026-07-09T11:47:55.418+0000] {logging_mixin.py:190} INFO - [2026-07-09T11:47:55.418+0000] {dag.py:4180} INFO - Setting next_dagrun for dag_extract_dvizhenie to 2026-07-09 08:00:00+00:00, run_after=2026-07-09 10:00:00+00:00
[2026-07-09T11:47:55.426+0000] {processor.py:208} INFO - Processing /opt/airflow/dags/dag_extract_dvizhenie.py took 0.042 seconds
[2026-07-09T11:48:25.850+0000] {processor.py:186} INFO - Started process (PID=3078) to work on /opt/airflow/dags/dag_extract_dvizhenie.py
[2026-07-09T11:48:25.851+0000] {processor.py:914} INFO - Processing file /opt/airflow/dags/dag_extract_dvizhenie.py for tasks to queue
[2026-07-09T11:48:25.854+0000] {logging_mixin.py:190} INFO - [2026-07-09T11:48:25.853+0000] {dagbag.py:588} INFO - Filling up the DagBag from /opt/airflow/dags/dag_extract_dvizhenie.py
[2026-07-09T11:48:25.859+0000] {processor.py:925} INFO - DAG(s) 'dag_extract_dvizhenie' retrieved from /opt/airflow/dags/dag_extract_dvizhenie.py
[2026-07-09T11:48:25.872+0000] {logging_mixin.py:190} INFO - [2026-07-09T11:48:25.872+0000] {dag.py:3239} INFO - Sync 1 DAGs
[2026-07-09T11:48:25.880+0000] {logging_mixin.py:190} INFO - [2026-07-09T11:48:25.880+0000] {dag.py:4180} INFO - Setting next_dagrun for dag_extract_dvizhenie to 2026-07-09 08:00:00+00:00, run_after=2026-07-09 10:00:00+00:00
[2026-07-09T11:48:25.887+0000] {processor.py:208} INFO - Processing /opt/airflow/dags/dag_extract_dvizhenie.py took 0.039 seconds
[2026-07-09T11:48:56.334+0000] {processor.py:186} INFO - Started process (PID=3098) to work on /opt/airflow/dags/dag_extract_dvizhenie.py
[2026-07-09T11:48:56.335+0000] {processor.py:914} INFO - Processing file /opt/airflow/dags/dag_extract_dvizhenie.py for tasks to queue
[2026-07-09T11:48:56.335+0000] {logging_mixin.py:190} INFO - [2026-07-09T11:48:56.335+0000] {dagbag.py:588} INFO - Filling up the DagBag from /opt/airflow/dags/dag_extract_dvizhenie.py
[2026-07-09T11:48:56.340+0000] {processor.py:925} INFO - DAG(s) 'dag_extract_dvizhenie' retrieved from /opt/airflow/dags/dag_extract_dvizhenie.py
[2026-07-09T11:48:56.350+0000] {logging_mixin.py:190} INFO - [2026-07-09T11:48:56.350+0000] {dag.py:3239} INFO - Sync 1 DAGs
[2026-07-09T11:48:56.357+0000] {logging_mixin.py:190} INFO - [2026-07-09T11:48:56.357+0000] {dag.py:4180} INFO - Setting next_dagrun for dag_extract_dvizhenie to 2026-07-09 08:00:00+00:00, run_after=2026-07-09 10:00:00+00:00
[2026-07-09T11:48:56.362+0000] {processor.py:208} INFO - Processing /opt/airflow/dags/dag_extract_dvizhenie.py took 0.030 seconds
[2026-07-09T11:49:26.806+0000] {processor.py:186} INFO - Started process (PID=3118) to work on /opt/airflow/dags/dag_extract_dvizhenie.py
[2026-07-09T11:49:26.806+0000] {processor.py:914} INFO - Processing file /opt/airflow/dags/dag_extract_dvizhenie.py for tasks to queue
[2026-07-09T11:49:26.807+0000] {logging_mixin.py:190} INFO - [2026-07-09T11:49:26.807+0000] {dagbag.py:588} INFO - Filling up the DagBag from /opt/airflow/dags/dag_extract_dvizhenie.py
[2026-07-09T11:49:26.812+0000] {processor.py:925} INFO - DAG(s) 'dag_extract_dvizhenie' retrieved from /opt/airflow/dags/dag_extract_dvizhenie.py
[2026-07-09T11:49:26.822+0000] {logging_mixin.py:190} INFO - [2026-07-09T11:49:26.821+0000] {dag.py:3239} INFO - Sync 1 DAGs
[2026-07-09T11:49:26.829+0000] {logging_mixin.py:190} INFO - [2026-07-09T11:49:26.829+0000] {dag.py:4180} INFO - Setting next_dagrun for dag_extract_dvizhenie to 2026-07-09 08:00:00+00:00, run_after=2026-07-09 10:00:00+00:00
[2026-07-09T11:49:26.835+0000] {processor.py:208} INFO - Processing /opt/airflow/dags/dag_extract_dvizhenie.py took 0.031 seconds
[2026-07-09T11:49:57.234+0000] {processor.py:186} INFO - Started process (PID=3138) to work on /opt/airflow/dags/dag_extract_dvizhenie.py
[2026-07-09T11:49:57.234+0000] {processor.py:914} INFO - Processing file /opt/airflow/dags/dag_extract_dvizhenie.py for tasks to queue
[2026-07-09T11:49:57.235+0000] {logging_mixin.py:190} INFO - [2026-07-09T11:49:57.235+0000] {dagbag.py:588} INFO - Filling up the DagBag from /opt/airflow/dags/dag_extract_dvizhenie.py
[2026-07-09T11:49:57.242+0000] {processor.py:925} INFO - DAG(s) 'dag_extract_dvizhenie' retrieved from /opt/airflow/dags/dag_extract_dvizhenie.py
[2026-07-09T11:49:57.256+0000] {logging_mixin.py:190} INFO - [2026-07-09T11:49:57.256+0000] {dag.py:3239} INFO - Sync 1 DAGs
[2026-07-09T11:49:57.265+0000] {logging_mixin.py:190} INFO - [2026-07-09T11:49:57.265+0000] {dag.py:4180} INFO - Setting next_dagrun for dag_extract_dvizhenie to 2026-07-09 08:00:00+00:00, run_after=2026-07-09 10:00:00+00:00
[2026-07-09T11:49:57.273+0000] {processor.py:208} INFO - Processing /opt/airflow/dags/dag_extract_dvizhenie.py took 0.042 seconds
[2026-07-09T11:50:27.674+0000] {processor.py:186} INFO - Started process (PID=3158) to work on /opt/airflow/dags/dag_extract_dvizhenie.py
[2026-07-09T11:50:27.674+0000] {processor.py:914} INFO - Processing file /opt/airflow/dags/dag_extract_dvizhenie.py for tasks to queue
[2026-07-09T11:50:27.675+0000] {logging_mixin.py:190} INFO - [2026-07-09T11:50:27.675+0000] {dagbag.py:588} INFO - Filling up the DagBag from /opt/airflow/dags/dag_extract_dvizhenie.py
[2026-07-09T11:50:27.680+0000] {processor.py:925} INFO - DAG(s) 'dag_extract_dvizhenie' retrieved from /opt/airflow/dags/dag_extract_dvizhenie.py
[2026-07-09T11:50:27.689+0000] {logging_mixin.py:190} INFO - [2026-07-09T11:50:27.689+0000] {dag.py:3239} INFO - Sync 1 DAGs
[2026-07-09T11:50:27.696+0000] {logging_mixin.py:190} INFO - [2026-07-09T11:50:27.696+0000] {dag.py:4180} INFO - Setting next_dagrun for dag_extract_dvizhenie to 2026-07-09 08:00:00+00:00, run_after=2026-07-09 10:00:00+00:00
[2026-07-09T11:50:27.701+0000] {processor.py:208} INFO - Processing /opt/airflow/dags/dag_extract_dvizhenie.py took 0.029 seconds
[2026-07-09T11:50:58.165+0000] {processor.py:186} INFO - Started process (PID=3178) to work on /opt/airflow/dags/dag_extract_dvizhenie.py
[2026-07-09T11:50:58.166+0000] {processor.py:914} INFO - Processing file /opt/airflow/dags/dag_extract_dvizhenie.py for tasks to queue
[2026-07-09T11:50:58.166+0000] {logging_mixin.py:190} INFO - [2026-07-09T11:50:58.166+0000] {dagbag.py:588} INFO - Filling up the DagBag from /opt/airflow/dags/dag_extract_dvizhenie.py
[2026-07-09T11:50:58.171+0000] {processor.py:925} INFO - DAG(s) 'dag_extract_dvizhenie' retrieved from /opt/airflow/dags/dag_extract_dvizhenie.py
[2026-07-09T11:50:58.180+0000] {logging_mixin.py:190} INFO - [2026-07-09T11:50:58.180+0000] {dag.py:3239} INFO - Sync 1 DAGs
[2026-07-09T11:50:58.188+0000] {logging_mixin.py:190} INFO - [2026-07-09T11:50:58.188+0000] {dag.py:4180} INFO - Setting next_dagrun for dag_extract_dvizhenie to 2026-07-09 08:00:00+00:00, run_after=2026-07-09 10:00:00+00:00
[2026-07-09T11:50:58.193+0000] {processor.py:208} INFO - Processing /opt/airflow/dags/dag_extract_dvizhenie.py took 0.031 seconds
[2026-07-09T11:51:28.606+0000] {processor.py:186} INFO - Started process (PID=3198) to work on /opt/airflow/dags/dag_extract_dvizhenie.py
[2026-07-09T11:51:28.606+0000] {processor.py:914} INFO - Processing file /opt/airflow/dags/dag_extract_dvizhenie.py for tasks to queue
[2026-07-09T11:51:28.607+0000] {logging_mixin.py:190} INFO - [2026-07-09T11:51:28.607+0000] {dagbag.py:588} INFO - Filling up the DagBag from /opt/airflow/dags/dag_extract_dvizhenie.py
[2026-07-09T11:51:28.612+0000] {processor.py:925} INFO - DAG(s) 'dag_extract_dvizhenie' retrieved from /opt/airflow/dags/dag_extract_dvizhenie.py
[2026-07-09T11:51:28.622+0000] {logging_mixin.py:190} INFO - [2026-07-09T11:51:28.622+0000] {dag.py:3239} INFO - Sync 1 DAGs
[2026-07-09T11:51:28.629+0000] {logging_mixin.py:190} INFO - [2026-07-09T11:51:28.629+0000] {dag.py:4180} INFO - Setting next_dagrun for dag_extract_dvizhenie to 2026-07-09 08:00:00+00:00, run_after=2026-07-09 10:00:00+00:00
[2026-07-09T11:51:28.634+0000] {processor.py:208} INFO - Processing /opt/airflow/dags/dag_extract_dvizhenie.py took 0.031 seconds
[2026-07-09T11:51:59.049+0000] {processor.py:186} INFO - Started process (PID=3216) to work on /opt/airflow/dags/dag_extract_dvizhenie.py
[2026-07-09T11:51:59.049+0000] {processor.py:914} INFO - Processing file /opt/airflow/dags/dag_extract_dvizhenie.py for tasks to queue
[2026-07-09T11:51:59.051+0000] {logging_mixin.py:190} INFO - [2026-07-09T11:51:59.051+0000] {dagbag.py:588} INFO - Filling up the DagBag from /opt/airflow/dags/dag_extract_dvizhenie.py
[2026-07-09T11:51:59.059+0000] {processor.py:925} INFO - DAG(s) 'dag_extract_dvizhenie' retrieved from /opt/airflow/dags/dag_extract_dvizhenie.py
[2026-07-09T11:51:59.072+0000] {logging_mixin.py:190} INFO - [2026-07-09T11:51:59.072+0000] {dag.py:3239} INFO - Sync 1 DAGs
[2026-07-09T11:51:59.081+0000] {logging_mixin.py:190} INFO - [2026-07-09T11:51:59.081+0000] {dag.py:4180} INFO - Setting next_dagrun for dag_extract_dvizhenie to 2026-07-09 08:00:00+00:00, run_after=2026-07-09 10:00:00+00:00
[2026-07-09T11:51:59.089+0000] {processor.py:208} INFO - Processing /opt/airflow/dags/dag_extract_dvizhenie.py took 0.048 seconds
[2026-07-09T11:52:29.527+0000] {processor.py:186} INFO - Started process (PID=3238) to work on /opt/airflow/dags/dag_extract_dvizhenie.py
[2026-07-09T11:52:29.527+0000] {processor.py:914} INFO - Processing file /opt/airflow/dags/dag_extract_dvizhenie.py for tasks to queue
[2026-07-09T11:52:29.528+0000] {logging_mixin.py:190} INFO - [2026-07-09T11:52:29.528+0000] {dagbag.py:588} INFO - Filling up the DagBag from /opt/airflow/dags/dag_extract_dvizhenie.py
[2026-07-09T11:52:29.532+0000] {processor.py:925} INFO - DAG(s) 'dag_extract_dvizhenie' retrieved from /opt/airflow/dags/dag_extract_dvizhenie.py
[2026-07-09T11:52:29.542+0000] {logging_mixin.py:190} INFO - [2026-07-09T11:52:29.542+0000] {dag.py:3239} INFO - Sync 1 DAGs
[2026-07-09T11:52:29.550+0000] {logging_mixin.py:190} INFO - [2026-07-09T11:52:29.550+0000] {dag.py:4180} INFO - Setting next_dagrun for dag_extract_dvizhenie to 2026-07-09 08:00:00+00:00, run_after=2026-07-09 10:00:00+00:00
[2026-07-09T11:52:29.554+0000] {processor.py:208} INFO - Processing /opt/airflow/dags/dag_extract_dvizhenie.py took 0.031 seconds
[2026-07-09T11:53:00.081+0000] {processor.py:186} INFO - Started process (PID=3258) to work on /opt/airflow/dags/dag_extract_dvizhenie.py
[2026-07-09T11:53:00.081+0000] {processor.py:914} INFO - Processing file /opt/airflow/dags/dag_extract_dvizhenie.py for tasks to queue
[2026-07-09T11:53:00.082+0000] {logging_mixin.py:190} INFO - [2026-07-09T11:53:00.082+0000] {dagbag.py:588} INFO - Filling up the DagBag from /opt/airflow/dags/dag_extract_dvizhenie.py
[2026-07-09T11:53:00.087+0000] {processor.py:925} INFO - DAG(s) 'dag_extract_dvizhenie' retrieved from /opt/airflow/dags/dag_extract_dvizhenie.py
[2026-07-09T11:53:00.099+0000] {logging_mixin.py:190} INFO - [2026-07-09T11:53:00.099+0000] {dag.py:3239} INFO - Sync 1 DAGs
[2026-07-09T11:53:00.107+0000] {logging_mixin.py:190} INFO - [2026-07-09T11:53:00.107+0000] {dag.py:4180} INFO - Setting next_dagrun for dag_extract_dvizhenie to 2026-07-09 08:00:00+00:00, run_after=2026-07-09 10:00:00+00:00
[2026-07-09T11:53:00.113+0000] {processor.py:208} INFO - Processing /opt/airflow/dags/dag_extract_dvizhenie.py took 0.035 seconds
[2026-07-09T11:53:30.559+0000] {processor.py:186} INFO - Started process (PID=3278) to work on /opt/airflow/dags/dag_extract_dvizhenie.py
[2026-07-09T11:53:30.559+0000] {processor.py:914} INFO - Processing file /opt/airflow/dags/dag_extract_dvizhenie.py for tasks to queue
[2026-07-09T11:53:30.561+0000] {logging_mixin.py:190} INFO - [2026-07-09T11:53:30.560+0000] {dagbag.py:588} INFO - Filling up the DagBag from /opt/airflow/dags/dag_extract_dvizhenie.py
[2026-07-09T11:53:30.567+0000] {processor.py:925} INFO - DAG(s) 'dag_extract_dvizhenie' retrieved from /opt/airflow/dags/dag_extract_dvizhenie.py
[2026-07-09T11:53:30.586+0000] {logging_mixin.py:190} INFO - [2026-07-09T11:53:30.586+0000] {dag.py:3239} INFO - Sync 1 DAGs
[2026-07-09T11:53:30.609+0000] {logging_mixin.py:190} INFO - [2026-07-09T11:53:30.609+0000] {dag.py:4180} INFO - Setting next_dagrun for dag_extract_dvizhenie to 2026-07-09 08:00:00+00:00, run_after=2026-07-09 10:00:00+00:00
[2026-07-09T11:53:30.620+0000] {processor.py:208} INFO - Processing /opt/airflow/dags/dag_extract_dvizhenie.py took 0.065 seconds
[2026-07-09T11:54:01.050+0000] {processor.py:186} INFO - Started process (PID=3298) to work on /opt/airflow/dags/dag_extract_dvizhenie.py
[2026-07-09T11:54:01.051+0000] {processor.py:914} INFO - Processing file /opt/airflow/dags/dag_extract_dvizhenie.py for tasks to queue
[2026-07-09T11:54:01.052+0000] {logging_mixin.py:190} INFO - [2026-07-09T11:54:01.052+0000] {dagbag.py:588} INFO - Filling up the DagBag from /opt/airflow/dags/dag_extract_dvizhenie.py
[2026-07-09T11:54:01.056+0000] {processor.py:925} INFO - DAG(s) 'dag_extract_dvizhenie' retrieved from /opt/airflow/dags/dag_extract_dvizhenie.py
[2026-07-09T11:54:01.066+0000] {logging_mixin.py:190} INFO - [2026-07-09T11:54:01.066+0000] {dag.py:3239} INFO - Sync 1 DAGs
[2026-07-09T11:54:01.074+0000] {logging_mixin.py:190} INFO - [2026-07-09T11:54:01.074+0000] {dag.py:4180} INFO - Setting next_dagrun for dag_extract_dvizhenie to 2026-07-09 08:00:00+00:00, run_after=2026-07-09 10:00:00+00:00
[2026-07-09T11:54:01.080+0000] {processor.py:208} INFO - Processing /opt/airflow/dags/dag_extract_dvizhenie.py took 0.032 seconds
[2026-07-09T11:54:31.449+0000] {processor.py:186} INFO - Started process (PID=3316) to work on /opt/airflow/dags/dag_extract_dvizhenie.py
[2026-07-09T11:54:31.449+0000] {processor.py:914} INFO - Processing file /opt/airflow/dags/dag_extract_dvizhenie.py for tasks to queue
[2026-07-09T11:54:31.450+0000] {logging_mixin.py:190} INFO - [2026-07-09T11:54:31.450+0000] {dagbag.py:588} INFO - Filling up the DagBag from /opt/airflow/dags/dag_extract_dvizhenie.py
[2026-07-09T11:54:31.456+0000] {processor.py:925} INFO - DAG(s) 'dag_extract_dvizhenie' retrieved from /opt/airflow/dags/dag_extract_dvizhenie.py
[2026-07-09T11:54:31.468+0000] {logging_mixin.py:190} INFO - [2026-07-09T11:54:31.468+0000] {dag.py:3239} INFO - Sync 1 DAGs
[2026-07-09T11:54:31.477+0000] {logging_mixin.py:190} INFO - [2026-07-09T11:54:31.477+0000] {dag.py:4180} INFO - Setting next_dagrun for dag_extract_dvizhenie to 2026-07-09 08:00:00+00:00, run_after=2026-07-09 10:00:00+00:00
[2026-07-09T11:54:31.487+0000] {processor.py:208} INFO - Processing /opt/airflow/dags/dag_extract_dvizhenie.py took 0.042 seconds
[2026-07-09T11:55:01.920+0000] {processor.py:186} INFO - Started process (PID=3336) to work on /opt/airflow/dags/dag_extract_dvizhenie.py
[2026-07-09T11:55:01.920+0000] {processor.py:914} INFO - Processing file /opt/airflow/dags/dag_extract_dvizhenie.py for tasks to queue
[2026-07-09T11:55:01.922+0000] {logging_mixin.py:190} INFO - [2026-07-09T11:55:01.921+0000] {dagbag.py:588} INFO - Filling up the DagBag from /opt/airflow/dags/dag_extract_dvizhenie.py
[2026-07-09T11:55:01.927+0000] {processor.py:925} INFO - DAG(s) 'dag_extract_dvizhenie' retrieved from /opt/airflow/dags/dag_extract_dvizhenie.py
[2026-07-09T11:55:01.940+0000] {logging_mixin.py:190} INFO - [2026-07-09T11:55:01.940+0000] {dag.py:3239} INFO - Sync 1 DAGs
[2026-07-09T11:55:01.948+0000] {logging_mixin.py:190} INFO - [2026-07-09T11:55:01.948+0000] {dag.py:4180} INFO - Setting next_dagrun for dag_extract_dvizhenie to 2026-07-09 08:00:00+00:00, run_after=2026-07-09 10:00:00+00:00
[2026-07-09T11:55:01.954+0000] {processor.py:208} INFO - Processing /opt/airflow/dags/dag_extract_dvizhenie.py took 0.038 seconds
[2026-07-09T11:55:32.411+0000] {processor.py:186} INFO - Started process (PID=3358) to work on /opt/airflow/dags/dag_extract_dvizhenie.py
[2026-07-09T11:55:32.411+0000] {processor.py:914} INFO - Processing file /opt/airflow/dags/dag_extract_dvizhenie.py for tasks to queue
[2026-07-09T11:55:32.412+0000] {logging_mixin.py:190} INFO - [2026-07-09T11:55:32.412+0000] {dagbag.py:588} INFO - Filling up the DagBag from /opt/airflow/dags/dag_extract_dvizhenie.py
[2026-07-09T11:55:32.416+0000] {processor.py:925} INFO - DAG(s) 'dag_extract_dvizhenie' retrieved from /opt/airflow/dags/dag_extract_dvizhenie.py
[2026-07-09T11:55:32.426+0000] {logging_mixin.py:190} INFO - [2026-07-09T11:55:32.426+0000] {dag.py:3239} INFO - Sync 1 DAGs
[2026-07-09T11:55:32.434+0000] {logging_mixin.py:190} INFO - [2026-07-09T11:55:32.434+0000] {dag.py:4180} INFO - Setting next_dagrun for dag_extract_dvizhenie to 2026-07-09 08:00:00+00:00, run_after=2026-07-09 10:00:00+00:00
[2026-07-09T11:55:32.438+0000] {processor.py:208} INFO - Processing /opt/airflow/dags/dag_extract_dvizhenie.py took 0.030 seconds
[2026-07-09T11:56:02.901+0000] {processor.py:186} INFO - Started process (PID=3376) to work on /opt/airflow/dags/dag_extract_dvizhenie.py
[2026-07-09T11:56:02.902+0000] {processor.py:914} INFO - Processing file /opt/airflow/dags/dag_extract_dvizhenie.py for tasks to queue
[2026-07-09T11:56:02.903+0000] {logging_mixin.py:190} INFO - [2026-07-09T11:56:02.903+0000] {dagbag.py:588} INFO - Filling up the DagBag from /opt/airflow/dags/dag_extract_dvizhenie.py
[2026-07-09T11:56:02.909+0000] {processor.py:925} INFO - DAG(s) 'dag_extract_dvizhenie' retrieved from /opt/airflow/dags/dag_extract_dvizhenie.py
[2026-07-09T11:56:02.923+0000] {logging_mixin.py:190} INFO - [2026-07-09T11:56:02.923+0000] {dag.py:3239} INFO - Sync 1 DAGs
[2026-07-09T11:56:02.932+0000] {logging_mixin.py:190} INFO - [2026-07-09T11:56:02.932+0000] {dag.py:4180} INFO - Setting next_dagrun for dag_extract_dvizhenie to 2026-07-09 08:00:00+00:00, run_after=2026-07-09 10:00:00+00:00
[2026-07-09T11:56:02.939+0000] {processor.py:208} INFO - Processing /opt/airflow/dags/dag_extract_dvizhenie.py took 0.041 seconds
[2026-07-09T11:56:33.382+0000] {processor.py:186} INFO - Started process (PID=3398) to work on /opt/airflow/dags/dag_extract_dvizhenie.py
[2026-07-09T11:56:33.382+0000] {processor.py:914} INFO - Processing file /opt/airflow/dags/dag_extract_dvizhenie.py for tasks to queue
[2026-07-09T11:56:33.383+0000] {logging_mixin.py:190} INFO - [2026-07-09T11:56:33.383+0000] {dagbag.py:588} INFO - Filling up the DagBag from /opt/airflow/dags/dag_extract_dvizhenie.py
[2026-07-09T11:56:33.388+0000] {processor.py:925} INFO - DAG(s) 'dag_extract_dvizhenie' retrieved from /opt/airflow/dags/dag_extract_dvizhenie.py
[2026-07-09T11:56:33.398+0000] {logging_mixin.py:190} INFO - [2026-07-09T11:56:33.398+0000] {dag.py:3239} INFO - Sync 1 DAGs
[2026-07-09T11:56:33.405+0000] {logging_mixin.py:190} INFO - [2026-07-09T11:56:33.405+0000] {dag.py:4180} INFO - Setting next_dagrun for dag_extract_dvizhenie to 2026-07-09 08:00:00+00:00, run_after=2026-07-09 10:00:00+00:00
[2026-07-09T11:56:33.410+0000] {processor.py:208} INFO - Processing /opt/airflow/dags/dag_extract_dvizhenie.py took 0.031 seconds
[2026-07-09T11:57:03.781+0000] {processor.py:186} INFO - Started process (PID=3418) to work on /opt/airflow/dags/dag_extract_dvizhenie.py
[2026-07-09T11:57:03.783+0000] {processor.py:914} INFO - Processing file /opt/airflow/dags/dag_extract_dvizhenie.py for tasks to queue
[2026-07-09T11:57:03.784+0000] {logging_mixin.py:190} INFO - [2026-07-09T11:57:03.784+0000] {dagbag.py:588} INFO - Filling up the DagBag from /opt/airflow/dags/dag_extract_dvizhenie.py
[2026-07-09T11:57:03.789+0000] {processor.py:925} INFO - DAG(s) 'dag_extract_dvizhenie' retrieved from /opt/airflow/dags/dag_extract_dvizhenie.py
[2026-07-09T11:57:03.803+0000] {logging_mixin.py:190} INFO - [2026-07-09T11:57:03.803+0000] {dag.py:3239} INFO - Sync 1 DAGs
[2026-07-09T11:57:03.812+0000] {logging_mixin.py:190} INFO - [2026-07-09T11:57:03.812+0000] {dag.py:4180} INFO - Setting next_dagrun for dag_extract_dvizhenie to 2026-07-09 08:00:00+00:00, run_after=2026-07-09 10:00:00+00:00
[2026-07-09T11:57:03.821+0000] {processor.py:208} INFO - Processing /opt/airflow/dags/dag_extract_dvizhenie.py took 0.043 seconds
[2026-07-09T11:57:34.215+0000] {processor.py:186} INFO - Started process (PID=3438) to work on /opt/airflow/dags/dag_extract_dvizhenie.py
[2026-07-09T11:57:34.216+0000] {processor.py:914} INFO - Processing file /opt/airflow/dags/dag_extract_dvizhenie.py for tasks to queue
[2026-07-09T11:57:34.216+0000] {logging_mixin.py:190} INFO - [2026-07-09T11:57:34.216+0000] {dagbag.py:588} INFO - Filling up the DagBag from /opt/airflow/dags/dag_extract_dvizhenie.py
[2026-07-09T11:57:34.221+0000] {processor.py:925} INFO - DAG(s) 'dag_extract_dvizhenie' retrieved from /opt/airflow/dags/dag_extract_dvizhenie.py
[2026-07-09T11:57:34.231+0000] {logging_mixin.py:190} INFO - [2026-07-09T11:57:34.231+0000] {dag.py:3239} INFO - Sync 1 DAGs
[2026-07-09T11:57:34.238+0000] {logging_mixin.py:190} INFO - [2026-07-09T11:57:34.238+0000] {dag.py:4180} INFO - Setting next_dagrun for dag_extract_dvizhenie to 2026-07-09 08:00:00+00:00, run_after=2026-07-09 10:00:00+00:00
[2026-07-09T11:57:34.243+0000] {processor.py:208} INFO - Processing /opt/airflow/dags/dag_extract_dvizhenie.py took 0.031 seconds
[2026-07-09T11:58:04.658+0000] {processor.py:186} INFO - Started process (PID=3457) to work on /opt/airflow/dags/dag_extract_dvizhenie.py
[2026-07-09T11:58:04.659+0000] {processor.py:914} INFO - Processing file /opt/airflow/dags/dag_extract_dvizhenie.py for tasks to queue
[2026-07-09T11:58:04.661+0000] {logging_mixin.py:190} INFO - [2026-07-09T11:58:04.661+0000] {dagbag.py:588} INFO - Filling up the DagBag from /opt/airflow/dags/dag_extract_dvizhenie.py
[2026-07-09T11:58:04.667+0000] {processor.py:925} INFO - DAG(s) 'dag_extract_dvizhenie' retrieved from /opt/airflow/dags/dag_extract_dvizhenie.py
[2026-07-09T11:58:04.682+0000] {logging_mixin.py:190} INFO - [2026-07-09T11:58:04.682+0000] {dag.py:3239} INFO - Sync 1 DAGs
[2026-07-09T11:58:04.691+0000] {logging_mixin.py:190} INFO - [2026-07-09T11:58:04.691+0000] {dag.py:4180} INFO - Setting next_dagrun for dag_extract_dvizhenie to 2026-07-09 08:00:00+00:00, run_after=2026-07-09 10:00:00+00:00
[2026-07-09T11:58:04.698+0000] {processor.py:208} INFO - Processing /opt/airflow/dags/dag_extract_dvizhenie.py took 0.042 seconds
[2026-07-09T11:58:35.087+0000] {processor.py:186} INFO - Started process (PID=3478) to work on /opt/airflow/dags/dag_extract_dvizhenie.py
[2026-07-09T11:58:35.088+0000] {processor.py:914} INFO - Processing file /opt/airflow/dags/dag_extract_dvizhenie.py for tasks to queue
[2026-07-09T11:58:35.089+0000] {logging_mixin.py:190} INFO - [2026-07-09T11:58:35.088+0000] {dagbag.py:588} INFO - Filling up the DagBag from /opt/airflow/dags/dag_extract_dvizhenie.py
[2026-07-09T11:58:35.093+0000] {processor.py:925} INFO - DAG(s) 'dag_extract_dvizhenie' retrieved from /opt/airflow/dags/dag_extract_dvizhenie.py
[2026-07-09T11:58:35.103+0000] {logging_mixin.py:190} INFO - [2026-07-09T11:58:35.103+0000] {dag.py:3239} INFO - Sync 1 DAGs
[2026-07-09T11:58:35.110+0000] {logging_mixin.py:190} INFO - [2026-07-09T11:58:35.110+0000] {dag.py:4180} INFO - Setting next_dagrun for dag_extract_dvizhenie to 2026-07-09 08:00:00+00:00, run_after=2026-07-09 10:00:00+00:00
[2026-07-09T11:58:35.115+0000] {processor.py:208} INFO - Processing /opt/airflow/dags/dag_extract_dvizhenie.py took 0.030 seconds
[2026-07-09T11:59:05.592+0000] {processor.py:186} INFO - Started process (PID=3498) to work on /opt/airflow/dags/dag_extract_dvizhenie.py
[2026-07-09T11:59:05.593+0000] {processor.py:914} INFO - Processing file /opt/airflow/dags/dag_extract_dvizhenie.py for tasks to queue
[2026-07-09T11:59:05.593+0000] {logging_mixin.py:190} INFO - [2026-07-09T11:59:05.593+0000] {dagbag.py:588} INFO - Filling up the DagBag from /opt/airflow/dags/dag_extract_dvizhenie.py
[2026-07-09T11:59:05.598+0000] {processor.py:925} INFO - DAG(s) 'dag_extract_dvizhenie' retrieved from /opt/airflow/dags/dag_extract_dvizhenie.py
[2026-07-09T11:59:05.608+0000] {logging_mixin.py:190} INFO - [2026-07-09T11:59:05.608+0000] {dag.py:3239} INFO - Sync 1 DAGs
[2026-07-09T11:59:05.615+0000] {logging_mixin.py:190} INFO - [2026-07-09T11:59:05.615+0000] {dag.py:4180} INFO - Setting next_dagrun for dag_extract_dvizhenie to 2026-07-09 08:00:00+00:00, run_after=2026-07-09 10:00:00+00:00
[2026-07-09T11:59:05.620+0000] {processor.py:208} INFO - Processing /opt/airflow/dags/dag_extract_dvizhenie.py took 0.031 seconds
[2026-07-09T11:59:36.037+0000] {processor.py:186} INFO - Started process (PID=3518) to work on /opt/airflow/dags/dag_extract_dvizhenie.py
[2026-07-09T11:59:36.037+0000] {processor.py:914} INFO - Processing file /opt/airflow/dags/dag_extract_dvizhenie.py for tasks to queue
[2026-07-09T11:59:36.038+0000] {logging_mixin.py:190} INFO - [2026-07-09T11:59:36.038+0000] {dagbag.py:588} INFO - Filling up the DagBag from /opt/airflow/dags/dag_extract_dvizhenie.py
[2026-07-09T11:59:36.042+0000] {processor.py:925} INFO - DAG(s) 'dag_extract_dvizhenie' retrieved from /opt/airflow/dags/dag_extract_dvizhenie.py
[2026-07-09T11:59:36.052+0000] {logging_mixin.py:190} INFO - [2026-07-09T11:59:36.052+0000] {dag.py:3239} INFO - Sync 1 DAGs
[2026-07-09T11:59:36.059+0000] {logging_mixin.py:190} INFO - [2026-07-09T11:59:36.059+0000] {dag.py:4180} INFO - Setting next_dagrun for dag_extract_dvizhenie to 2026-07-09 08:00:00+00:00, run_after=2026-07-09 10:00:00+00:00
[2026-07-09T11:59:36.064+0000] {processor.py:208} INFO - Processing /opt/airflow/dags/dag_extract_dvizhenie.py took 0.030 seconds
[2026-07-09T12:00:06.542+0000] {processor.py:186} INFO - Started process (PID=3538) to work on /opt/airflow/dags/dag_extract_dvizhenie.py
[2026-07-09T12:00:06.542+0000] {processor.py:914} INFO - Processing file /opt/airflow/dags/dag_extract_dvizhenie.py for tasks to queue
[2026-07-09T12:00:06.544+0000] {logging_mixin.py:190} INFO - [2026-07-09T12:00:06.544+0000] {dagbag.py:588} INFO - Filling up the DagBag from /opt/airflow/dags/dag_extract_dvizhenie.py
[2026-07-09T12:00:06.550+0000] {processor.py:925} INFO - DAG(s) 'dag_extract_dvizhenie' retrieved from /opt/airflow/dags/dag_extract_dvizhenie.py
[2026-07-09T12:00:06.564+0000] {logging_mixin.py:190} INFO - [2026-07-09T12:00:06.564+0000] {dag.py:3239} INFO - Sync 1 DAGs
[2026-07-09T12:00:06.573+0000] {logging_mixin.py:190} INFO - [2026-07-09T12:00:06.573+0000] {dag.py:4180} INFO - Setting next_dagrun for dag_extract_dvizhenie to 2026-07-09 10:00:00+00:00, run_after=2026-07-09 12:00:00+00:00
[2026-07-09T12:00:06.583+0000] {processor.py:208} INFO - Processing /opt/airflow/dags/dag_extract_dvizhenie.py took 0.044 seconds
[2026-07-09T12:00:37.053+0000] {processor.py:186} INFO - Started process (PID=3558) to work on /opt/airflow/dags/dag_extract_dvizhenie.py
[2026-07-09T12:00:37.054+0000] {processor.py:914} INFO - Processing file /opt/airflow/dags/dag_extract_dvizhenie.py for tasks to queue
[2026-07-09T12:00:37.054+0000] {logging_mixin.py:190} INFO - [2026-07-09T12:00:37.054+0000] {dagbag.py:588} INFO - Filling up the DagBag from /opt/airflow/dags/dag_extract_dvizhenie.py
[2026-07-09T12:00:37.059+0000] {processor.py:925} INFO - DAG(s) 'dag_extract_dvizhenie' retrieved from /opt/airflow/dags/dag_extract_dvizhenie.py
[2026-07-09T12:00:37.068+0000] {logging_mixin.py:190} INFO - [2026-07-09T12:00:37.068+0000] {dag.py:3239} INFO - Sync 1 DAGs
[2026-07-09T12:00:37.076+0000] {logging_mixin.py:190} INFO - [2026-07-09T12:00:37.075+0000] {dag.py:4180} INFO - Setting next_dagrun for dag_extract_dvizhenie to 2026-07-09 10:00:00+00:00, run_after=2026-07-09 12:00:00+00:00
[2026-07-09T12:00:37.081+0000] {processor.py:208} INFO - Processing /opt/airflow/dags/dag_extract_dvizhenie.py took 0.030 seconds
[2026-07-09T12:01:07.556+0000] {processor.py:186} INFO - Started process (PID=3578) to work on /opt/airflow/dags/dag_extract_dvizhenie.py
[2026-07-09T12:01:07.556+0000] {processor.py:914} INFO - Processing file /opt/airflow/dags/dag_extract_dvizhenie.py for tasks to queue
[2026-07-09T12:01:07.557+0000] {logging_mixin.py:190} INFO - [2026-07-09T12:01:07.557+0000] {dagbag.py:588} INFO - Filling up the DagBag from /opt/airflow/dags/dag_extract_dvizhenie.py
[2026-07-09T12:01:07.561+0000] {processor.py:925} INFO - DAG(s) 'dag_extract_dvizhenie' retrieved from /opt/airflow/dags/dag_extract_dvizhenie.py
[2026-07-09T12:01:07.571+0000] {logging_mixin.py:190} INFO - [2026-07-09T12:01:07.571+0000] {dag.py:3239} INFO - Sync 1 DAGs
[2026-07-09T12:01:07.578+0000] {logging_mixin.py:190} INFO - [2026-07-09T12:01:07.578+0000] {dag.py:4180} INFO - Setting next_dagrun for dag_extract_dvizhenie to 2026-07-09 10:00:00+00:00, run_after=2026-07-09 12:00:00+00:00
[2026-07-09T12:01:07.583+0000] {processor.py:208} INFO - Processing /opt/airflow/dags/dag_extract_dvizhenie.py took 0.029 seconds
[2026-07-09T12:01:37.985+0000] {processor.py:186} INFO - Started process (PID=3598) to work on /opt/airflow/dags/dag_extract_dvizhenie.py
[2026-07-09T12:01:37.986+0000] {processor.py:914} INFO - Processing file /opt/airflow/dags/dag_extract_dvizhenie.py for tasks to queue
[2026-07-09T12:01:37.986+0000] {logging_mixin.py:190} INFO - [2026-07-09T12:01:37.986+0000] {dagbag.py:588} INFO - Filling up the DagBag from /opt/airflow/dags/dag_extract_dvizhenie.py
[2026-07-09T12:01:37.991+0000] {processor.py:925} INFO - DAG(s) 'dag_extract_dvizhenie' retrieved from /opt/airflow/dags/dag_extract_dvizhenie.py
[2026-07-09T12:01:38.001+0000] {logging_mixin.py:190} INFO - [2026-07-09T12:01:38.001+0000] {dag.py:3239} INFO - Sync 1 DAGs
[2026-07-09T12:01:38.008+0000] {logging_mixin.py:190} INFO - [2026-07-09T12:01:38.008+0000] {dag.py:4180} INFO - Setting next_dagrun for dag_extract_dvizhenie to 2026-07-09 10:00:00+00:00, run_after=2026-07-09 12:00:00+00:00
[2026-07-09T12:01:38.013+0000] {processor.py:208} INFO - Processing /opt/airflow/dags/dag_extract_dvizhenie.py took 0.031 seconds
[2026-07-09T12:02:08.395+0000] {processor.py:186} INFO - Started process (PID=3616) to work on /opt/airflow/dags/dag_extract_dvizhenie.py
[2026-07-09T12:02:08.395+0000] {processor.py:914} INFO - Processing file /opt/airflow/dags/dag_extract_dvizhenie.py for tasks to queue
[2026-07-09T12:02:08.397+0000] {logging_mixin.py:190} INFO - [2026-07-09T12:02:08.397+0000] {dagbag.py:588} INFO - Filling up the DagBag from /opt/airflow/dags/dag_extract_dvizhenie.py
[2026-07-09T12:02:08.403+0000] {processor.py:925} INFO - DAG(s) 'dag_extract_dvizhenie' retrieved from /opt/airflow/dags/dag_extract_dvizhenie.py
[2026-07-09T12:02:08.418+0000] {logging_mixin.py:190} INFO - [2026-07-09T12:02:08.418+0000] {dag.py:3239} INFO - Sync 1 DAGs
[2026-07-09T12:02:08.426+0000] {logging_mixin.py:190} INFO - [2026-07-09T12:02:08.426+0000] {dag.py:4180} INFO - Setting next_dagrun for dag_extract_dvizhenie to 2026-07-09 10:00:00+00:00, run_after=2026-07-09 12:00:00+00:00
[2026-07-09T12:02:08.434+0000] {processor.py:208} INFO - Processing /opt/airflow/dags/dag_extract_dvizhenie.py took 0.042 seconds
[2026-07-09T12:02:38.832+0000] {processor.py:186} INFO - Started process (PID=3638) to work on /opt/airflow/dags/dag_extract_dvizhenie.py
[2026-07-09T12:02:38.832+0000] {processor.py:914} INFO - Processing file /opt/airflow/dags/dag_extract_dvizhenie.py for tasks to queue
[2026-07-09T12:02:38.833+0000] {logging_mixin.py:190} INFO - [2026-07-09T12:02:38.833+0000] {dagbag.py:588} INFO - Filling up the DagBag from /opt/airflow/dags/dag_extract_dvizhenie.py
[2026-07-09T12:02:38.838+0000] {processor.py:925} INFO - DAG(s) 'dag_extract_dvizhenie' retrieved from /opt/airflow/dags/dag_extract_dvizhenie.py
[2026-07-09T12:02:38.848+0000] {logging_mixin.py:190} INFO - [2026-07-09T12:02:38.848+0000] {dag.py:3239} INFO - Sync 1 DAGs
[2026-07-09T12:02:38.855+0000] {logging_mixin.py:190} INFO - [2026-07-09T12:02:38.855+0000] {dag.py:4180} INFO - Setting next_dagrun for dag_extract_dvizhenie to 2026-07-09 10:00:00+00:00, run_after=2026-07-09 12:00:00+00:00
[2026-07-09T12:02:38.859+0000] {processor.py:208} INFO - Processing /opt/airflow/dags/dag_extract_dvizhenie.py took 0.030 seconds
[2026-07-09T12:03:09.256+0000] {processor.py:186} INFO - Started process (PID=3658) to work on /opt/airflow/dags/dag_extract_dvizhenie.py
[2026-07-09T12:03:09.256+0000] {processor.py:914} INFO - Processing file /opt/airflow/dags/dag_extract_dvizhenie.py for tasks to queue
[2026-07-09T12:03:09.257+0000] {logging_mixin.py:190} INFO - [2026-07-09T12:03:09.257+0000] {dagbag.py:588} INFO - Filling up the DagBag from /opt/airflow/dags/dag_extract_dvizhenie.py
[2026-07-09T12:03:09.261+0000] {processor.py:925} INFO - DAG(s) 'dag_extract_dvizhenie' retrieved from /opt/airflow/dags/dag_extract_dvizhenie.py
[2026-07-09T12:03:09.271+0000] {logging_mixin.py:190} INFO - [2026-07-09T12:03:09.271+0000] {dag.py:3239} INFO - Sync 1 DAGs
[2026-07-09T12:03:09.278+0000] {logging_mixin.py:190} INFO - [2026-07-09T12:03:09.278+0000] {dag.py:4180} INFO - Setting next_dagrun for dag_extract_dvizhenie to 2026-07-09 10:00:00+00:00, run_after=2026-07-09 12:00:00+00:00
[2026-07-09T12:03:09.283+0000] {processor.py:208} INFO - Processing /opt/airflow/dags/dag_extract_dvizhenie.py took 0.030 seconds
[2026-07-09T12:03:39.727+0000] {processor.py:186} INFO - Started process (PID=3678) to work on /opt/airflow/dags/dag_extract_dvizhenie.py
[2026-07-09T12:03:39.727+0000] {processor.py:914} INFO - Processing file /opt/airflow/dags/dag_extract_dvizhenie.py for tasks to queue
[2026-07-09T12:03:39.728+0000] {logging_mixin.py:190} INFO - [2026-07-09T12:03:39.728+0000] {dagbag.py:588} INFO - Filling up the DagBag from /opt/airflow/dags/dag_extract_dvizhenie.py
[2026-07-09T12:03:39.732+0000] {processor.py:925} INFO - DAG(s) 'dag_extract_dvizhenie' retrieved from /opt/airflow/dags/dag_extract_dvizhenie.py
[2026-07-09T12:03:39.742+0000] {logging_mixin.py:190} INFO - [2026-07-09T12:03:39.742+0000] {dag.py:3239} INFO - Sync 1 DAGs
[2026-07-09T12:03:39.749+0000] {logging_mixin.py:190} INFO - [2026-07-09T12:03:39.749+0000] {dag.py:4180} INFO - Setting next_dagrun for dag_extract_dvizhenie to 2026-07-09 10:00:00+00:00, run_after=2026-07-09 12:00:00+00:00
[2026-07-09T12:03:39.754+0000] {processor.py:208} INFO - Processing /opt/airflow/dags/dag_extract_dvizhenie.py took 0.030 seconds
[2026-07-09T12:04:10.178+0000] {processor.py:186} INFO - Started process (PID=3696) to work on /opt/airflow/dags/dag_extract_dvizhenie.py
[2026-07-09T12:04:10.178+0000] {processor.py:914} INFO - Processing file /opt/airflow/dags/dag_extract_dvizhenie.py for tasks to queue
[2026-07-09T12:04:10.182+0000] {logging_mixin.py:190} INFO - [2026-07-09T12:04:10.182+0000] {dagbag.py:588} INFO - Filling up the DagBag from /opt/airflow/dags/dag_extract_dvizhenie.py
[2026-07-09T12:04:10.187+0000] {processor.py:925} INFO - DAG(s) 'dag_extract_dvizhenie' retrieved from /opt/airflow/dags/dag_extract_dvizhenie.py
[2026-07-09T12:04:10.200+0000] {logging_mixin.py:190} INFO - [2026-07-09T12:04:10.200+0000] {dag.py:3239} INFO - Sync 1 DAGs
[2026-07-09T12:04:10.209+0000] {logging_mixin.py:190} INFO - [2026-07-09T12:04:10.209+0000] {dag.py:4180} INFO - Setting next_dagrun for dag_extract_dvizhenie to 2026-07-09 10:00:00+00:00, run_after=2026-07-09 12:00:00+00:00
[2026-07-09T12:04:10.215+0000] {processor.py:208} INFO - Processing /opt/airflow/dags/dag_extract_dvizhenie.py took 0.040 seconds
[2026-07-09T12:04:40.626+0000] {processor.py:186} INFO - Started process (PID=3718) to work on /opt/airflow/dags/dag_extract_dvizhenie.py
[2026-07-09T12:04:40.626+0000] {processor.py:914} INFO - Processing file /opt/airflow/dags/dag_extract_dvizhenie.py for tasks to queue
[2026-07-09T12:04:40.627+0000] {logging_mixin.py:190} INFO - [2026-07-09T12:04:40.627+0000] {dagbag.py:588} INFO - Filling up the DagBag from /opt/airflow/dags/dag_extract_dvizhenie.py
[2026-07-09T12:04:40.633+0000] {processor.py:925} INFO - DAG(s) 'dag_extract_dvizhenie' retrieved from /opt/airflow/dags/dag_extract_dvizhenie.py
[2026-07-09T12:04:40.649+0000] {logging_mixin.py:190} INFO - [2026-07-09T12:04:40.648+0000] {dag.py:3239} INFO - Sync 1 DAGs
[2026-07-09T12:04:40.658+0000] {logging_mixin.py:190} INFO - [2026-07-09T12:04:40.658+0000] {dag.py:4180} INFO - Setting next_dagrun for dag_extract_dvizhenie to 2026-07-09 10:00:00+00:00, run_after=2026-07-09 12:00:00+00:00
[2026-07-09T12:04:40.664+0000] {processor.py:208} INFO - Processing /opt/airflow/dags/dag_extract_dvizhenie.py took 0.041 seconds
[2026-07-09T12:05:11.098+0000] {processor.py:186} INFO - Started process (PID=3738) to work on /opt/airflow/dags/dag_extract_dvizhenie.py
[2026-07-09T12:05:11.098+0000] {processor.py:914} INFO - Processing file /opt/airflow/dags/dag_extract_dvizhenie.py for tasks to queue
[2026-07-09T12:05:11.099+0000] {logging_mixin.py:190} INFO - [2026-07-09T12:05:11.099+0000] {dagbag.py:588} INFO - Filling up the DagBag from /opt/airflow/dags/dag_extract_dvizhenie.py
[2026-07-09T12:05:11.104+0000] {processor.py:925} INFO - DAG(s) 'dag_extract_dvizhenie' retrieved from /opt/airflow/dags/dag_extract_dvizhenie.py
[2026-07-09T12:05:11.113+0000] {logging_mixin.py:190} INFO - [2026-07-09T12:05:11.113+0000] {dag.py:3239} INFO - Sync 1 DAGs
[2026-07-09T12:05:11.121+0000] {logging_mixin.py:190} INFO - [2026-07-09T12:05:11.121+0000] {dag.py:4180} INFO - Setting next_dagrun for dag_extract_dvizhenie to 2026-07-09 10:00:00+00:00, run_after=2026-07-09 12:00:00+00:00
[2026-07-09T12:05:11.126+0000] {processor.py:208} INFO - Processing /opt/airflow/dags/dag_extract_dvizhenie.py took 0.030 seconds
[2026-07-09T12:05:41.581+0000] {processor.py:186} INFO - Started process (PID=3758) to work on /opt/airflow/dags/dag_extract_dvizhenie.py
[2026-07-09T12:05:41.581+0000] {processor.py:914} INFO - Processing file /opt/airflow/dags/dag_extract_dvizhenie.py for tasks to queue
[2026-07-09T12:05:41.582+0000] {logging_mixin.py:190} INFO - [2026-07-09T12:05:41.582+0000] {dagbag.py:588} INFO - Filling up the DagBag from /opt/airflow/dags/dag_extract_dvizhenie.py
[2026-07-09T12:05:41.586+0000] {processor.py:925} INFO - DAG(s) 'dag_extract_dvizhenie' retrieved from /opt/airflow/dags/dag_extract_dvizhenie.py
[2026-07-09T12:05:41.596+0000] {logging_mixin.py:190} INFO - [2026-07-09T12:05:41.596+0000] {dag.py:3239} INFO - Sync 1 DAGs
[2026-07-09T12:05:41.603+0000] {logging_mixin.py:190} INFO - [2026-07-09T12:05:41.603+0000] {dag.py:4180} INFO - Setting next_dagrun for dag_extract_dvizhenie to 2026-07-09 10:00:00+00:00, run_after=2026-07-09 12:00:00+00:00
[2026-07-09T12:05:41.608+0000] {processor.py:208} INFO - Processing /opt/airflow/dags/dag_extract_dvizhenie.py took 0.029 seconds
[2026-07-09T12:06:12.090+0000] {processor.py:186} INFO - Started process (PID=3778) to work on /opt/airflow/dags/dag_extract_dvizhenie.py
[2026-07-09T12:06:12.090+0000] {processor.py:914} INFO - Processing file /opt/airflow/dags/dag_extract_dvizhenie.py for tasks to queue
[2026-07-09T12:06:12.091+0000] {logging_mixin.py:190} INFO - [2026-07-09T12:06:12.091+0000] {dagbag.py:588} INFO - Filling up the DagBag from /opt/airflow/dags/dag_extract_dvizhenie.py
[2026-07-09T12:06:12.095+0000] {processor.py:925} INFO - DAG(s) 'dag_extract_dvizhenie' retrieved from /opt/airflow/dags/dag_extract_dvizhenie.py
[2026-07-09T12:06:12.105+0000] {logging_mixin.py:190} INFO - [2026-07-09T12:06:12.105+0000] {dag.py:3239} INFO - Sync 1 DAGs
[2026-07-09T12:06:12.113+0000] {logging_mixin.py:190} INFO - [2026-07-09T12:06:12.113+0000] {dag.py:4180} INFO - Setting next_dagrun for dag_extract_dvizhenie to 2026-07-09 10:00:00+00:00, run_after=2026-07-09 12:00:00+00:00
[2026-07-09T12:06:12.117+0000] {processor.py:208} INFO - Processing /opt/airflow/dags/dag_extract_dvizhenie.py took 0.030 seconds
[2026-07-09T12:06:42.595+0000] {processor.py:186} INFO - Started process (PID=3798) to work on /opt/airflow/dags/dag_extract_dvizhenie.py
[2026-07-09T12:06:42.595+0000] {processor.py:914} INFO - Processing file /opt/airflow/dags/dag_extract_dvizhenie.py for tasks to queue
[2026-07-09T12:06:42.596+0000] {logging_mixin.py:190} INFO - [2026-07-09T12:06:42.596+0000] {dagbag.py:588} INFO - Filling up the DagBag from /opt/airflow/dags/dag_extract_dvizhenie.py
[2026-07-09T12:06:42.601+0000] {processor.py:925} INFO - DAG(s) 'dag_extract_dvizhenie' retrieved from /opt/airflow/dags/dag_extract_dvizhenie.py
[2026-07-09T12:06:42.610+0000] {logging_mixin.py:190} INFO - [2026-07-09T12:06:42.610+0000] {dag.py:3239} INFO - Sync 1 DAGs
[2026-07-09T12:06:42.617+0000] {logging_mixin.py:190} INFO - [2026-07-09T12:06:42.617+0000] {dag.py:4180} INFO - Setting next_dagrun for dag_extract_dvizhenie to 2026-07-09 10:00:00+00:00, run_after=2026-07-09 12:00:00+00:00
[2026-07-09T12:06:42.622+0000] {processor.py:208} INFO - Processing /opt/airflow/dags/dag_extract_dvizhenie.py took 0.030 seconds
[2026-07-09T12:07:13.125+0000] {processor.py:186} INFO - Started process (PID=3818) to work on /opt/airflow/dags/dag_extract_dvizhenie.py
[2026-07-09T12:07:13.126+0000] {processor.py:914} INFO - Processing file /opt/airflow/dags/dag_extract_dvizhenie.py for tasks to queue
[2026-07-09T12:07:13.127+0000] {logging_mixin.py:190} INFO - [2026-07-09T12:07:13.127+0000] {dagbag.py:588} INFO - Filling up the DagBag from /opt/airflow/dags/dag_extract_dvizhenie.py
[2026-07-09T12:07:13.131+0000] {processor.py:925} INFO - DAG(s) 'dag_extract_dvizhenie' retrieved from /opt/airflow/dags/dag_extract_dvizhenie.py
[2026-07-09T12:07:13.141+0000] {logging_mixin.py:190} INFO - [2026-07-09T12:07:13.141+0000] {dag.py:3239} INFO - Sync 1 DAGs
[2026-07-09T12:07:13.148+0000] {logging_mixin.py:190} INFO - [2026-07-09T12:07:13.148+0000] {dag.py:4180} INFO - Setting next_dagrun for dag_extract_dvizhenie to 2026-07-09 10:00:00+00:00, run_after=2026-07-09 12:00:00+00:00
[2026-07-09T12:07:13.153+0000] {processor.py:208} INFO - Processing /opt/airflow/dags/dag_extract_dvizhenie.py took 0.032 seconds
[2026-07-09T12:07:43.650+0000] {processor.py:186} INFO - Started process (PID=3838) to work on /opt/airflow/dags/dag_extract_dvizhenie.py
[2026-07-09T12:07:43.651+0000] {processor.py:914} INFO - Processing file /opt/airflow/dags/dag_extract_dvizhenie.py for tasks to queue
[2026-07-09T12:07:43.652+0000] {logging_mixin.py:190} INFO - [2026-07-09T12:07:43.652+0000] {dagbag.py:588} INFO - Filling up the DagBag from /opt/airflow/dags/dag_extract_dvizhenie.py
[2026-07-09T12:07:43.659+0000] {processor.py:925} INFO - DAG(s) 'dag_extract_dvizhenie' retrieved from /opt/airflow/dags/dag_extract_dvizhenie.py
[2026-07-09T12:07:43.672+0000] {logging_mixin.py:190} INFO - [2026-07-09T12:07:43.672+0000] {dag.py:3239} INFO - Sync 1 DAGs
[2026-07-09T12:07:43.681+0000] {logging_mixin.py:190} INFO - [2026-07-09T12:07:43.681+0000] {dag.py:4180} INFO - Setting next_dagrun for dag_extract_dvizhenie to 2026-07-09 10:00:00+00:00, run_after=2026-07-09 12:00:00+00:00
[2026-07-09T12:07:43.692+0000] {processor.py:208} INFO - Processing /opt/airflow/dags/dag_extract_dvizhenie.py took 0.045 seconds
[2026-07-09T12:08:14.192+0000] {processor.py:186} INFO - Started process (PID=3858) to work on /opt/airflow/dags/dag_extract_dvizhenie.py
[2026-07-09T12:08:14.193+0000] {processor.py:914} INFO - Processing file /opt/airflow/dags/dag_extract_dvizhenie.py for tasks to queue
[2026-07-09T12:08:14.194+0000] {logging_mixin.py:190} INFO - [2026-07-09T12:08:14.194+0000] {dagbag.py:588} INFO - Filling up the DagBag from /opt/airflow/dags/dag_extract_dvizhenie.py
[2026-07-09T12:08:14.198+0000] {processor.py:925} INFO - DAG(s) 'dag_extract_dvizhenie' retrieved from /opt/airflow/dags/dag_extract_dvizhenie.py
[2026-07-09T12:08:14.207+0000] {logging_mixin.py:190} INFO - [2026-07-09T12:08:14.207+0000] {dag.py:3239} INFO - Sync 1 DAGs
[2026-07-09T12:08:14.215+0000] {logging_mixin.py:190} INFO - [2026-07-09T12:08:14.215+0000] {dag.py:4180} INFO - Setting next_dagrun for dag_extract_dvizhenie to 2026-07-09 10:00:00+00:00, run_after=2026-07-09 12:00:00+00:00
[2026-07-09T12:08:14.220+0000] {processor.py:208} INFO - Processing /opt/airflow/dags/dag_extract_dvizhenie.py took 0.030 seconds
[2026-07-09T12:08:44.651+0000] {processor.py:186} INFO - Started process (PID=3876) to work on /opt/airflow/dags/dag_extract_dvizhenie.py
[2026-07-09T12:08:44.652+0000] {processor.py:914} INFO - Processing file /opt/airflow/dags/dag_extract_dvizhenie.py for tasks to queue
[2026-07-09T12:08:44.654+0000] {logging_mixin.py:190} INFO - [2026-07-09T12:08:44.654+0000] {dagbag.py:588} INFO - Filling up the DagBag from /opt/airflow/dags/dag_extract_dvizhenie.py
[2026-07-09T12:08:44.660+0000] {processor.py:925} INFO - DAG(s) 'dag_extract_dvizhenie' retrieved from /opt/airflow/dags/dag_extract_dvizhenie.py
[2026-07-09T12:08:44.674+0000] {logging_mixin.py:190} INFO - [2026-07-09T12:08:44.674+0000] {dag.py:3239} INFO - Sync 1 DAGs
[2026-07-09T12:08:44.681+0000] {logging_mixin.py:190} INFO - [2026-07-09T12:08:44.681+0000] {dag.py:4180} INFO - Setting next_dagrun for dag_extract_dvizhenie to 2026-07-09 10:00:00+00:00, run_after=2026-07-09 12:00:00+00:00
[2026-07-09T12:08:44.688+0000] {processor.py:208} INFO - Processing /opt/airflow/dags/dag_extract_dvizhenie.py took 0.039 seconds
[2026-07-09T12:09:15.235+0000] {processor.py:186} INFO - Started process (PID=3896) to work on /opt/airflow/dags/dag_extract_dvizhenie.py
[2026-07-09T12:09:15.235+0000] {processor.py:914} INFO - Processing file /opt/airflow/dags/dag_extract_dvizhenie.py for tasks to queue
[2026-07-09T12:09:15.238+0000] {logging_mixin.py:190} INFO - [2026-07-09T12:09:15.238+0000] {dagbag.py:588} INFO - Filling up the DagBag from /opt/airflow/dags/dag_extract_dvizhenie.py
[2026-07-09T12:09:15.243+0000] {processor.py:925} INFO - DAG(s) 'dag_extract_dvizhenie' retrieved from /opt/airflow/dags/dag_extract_dvizhenie.py
[2026-07-09T12:09:15.258+0000] {logging_mixin.py:190} INFO - [2026-07-09T12:09:15.258+0000] {dag.py:3239} INFO - Sync 1 DAGs
[2026-07-09T12:09:15.269+0000] {logging_mixin.py:190} INFO - [2026-07-09T12:09:15.269+0000] {dag.py:4180} INFO - Setting next_dagrun for dag_extract_dvizhenie to 2026-07-09 10:00:00+00:00, run_after=2026-07-09 12:00:00+00:00
[2026-07-09T12:09:15.276+0000] {processor.py:208} INFO - Processing /opt/airflow/dags/dag_extract_dvizhenie.py took 0.044 seconds
[2026-07-09T12:09:45.762+0000] {processor.py:186} INFO - Started process (PID=3918) to work on /opt/airflow/dags/dag_extract_dvizhenie.py
[2026-07-09T12:09:45.762+0000] {processor.py:914} INFO - Processing file /opt/airflow/dags/dag_extract_dvizhenie.py for tasks to queue
[2026-07-09T12:09:45.763+0000] {logging_mixin.py:190} INFO - [2026-07-09T12:09:45.763+0000] {dagbag.py:588} INFO - Filling up the DagBag from /opt/airflow/dags/dag_extract_dvizhenie.py
[2026-07-09T12:09:45.767+0000] {processor.py:925} INFO - DAG(s) 'dag_extract_dvizhenie' retrieved from /opt/airflow/dags/dag_extract_dvizhenie.py
[2026-07-09T12:09:45.777+0000] {logging_mixin.py:190} INFO - [2026-07-09T12:09:45.777+0000] {dag.py:3239} INFO - Sync 1 DAGs
[2026-07-09T12:09:45.785+0000] {logging_mixin.py:190} INFO - [2026-07-09T12:09:45.784+0000] {dag.py:4180} INFO - Setting next_dagrun for dag_extract_dvizhenie to 2026-07-09 10:00:00+00:00, run_after=2026-07-09 12:00:00+00:00
[2026-07-09T12:09:45.790+0000] {processor.py:208} INFO - Processing /opt/airflow/dags/dag_extract_dvizhenie.py took 0.031 seconds
[2026-07-09T12:10:16.252+0000] {processor.py:186} INFO - Started process (PID=3938) to work on /opt/airflow/dags/dag_extract_dvizhenie.py
[2026-07-09T12:10:16.252+0000] {processor.py:914} INFO - Processing file /opt/airflow/dags/dag_extract_dvizhenie.py for tasks to queue
[2026-07-09T12:10:16.253+0000] {logging_mixin.py:190} INFO - [2026-07-09T12:10:16.253+0000] {dagbag.py:588} INFO - Filling up the DagBag from /opt/airflow/dags/dag_extract_dvizhenie.py
[2026-07-09T12:10:16.258+0000] {processor.py:925} INFO - DAG(s) 'dag_extract_dvizhenie' retrieved from /opt/airflow/dags/dag_extract_dvizhenie.py
[2026-07-09T12:10:16.268+0000] {logging_mixin.py:190} INFO - [2026-07-09T12:10:16.268+0000] {dag.py:3239} INFO - Sync 1 DAGs
[2026-07-09T12:10:16.276+0000] {logging_mixin.py:190} INFO - [2026-07-09T12:10:16.275+0000] {dag.py:4180} INFO - Setting next_dagrun for dag_extract_dvizhenie to 2026-07-09 10:00:00+00:00, run_after=2026-07-09 12:00:00+00:00
[2026-07-09T12:10:16.280+0000] {processor.py:208} INFO - Processing /opt/airflow/dags/dag_extract_dvizhenie.py took 0.031 seconds
[2026-07-09T12:10:46.760+0000] {processor.py:186} INFO - Started process (PID=3958) to work on /opt/airflow/dags/dag_extract_dvizhenie.py
[2026-07-09T12:10:46.760+0000] {processor.py:914} INFO - Processing file /opt/airflow/dags/dag_extract_dvizhenie.py for tasks to queue
[2026-07-09T12:10:46.761+0000] {logging_mixin.py:190} INFO - [2026-07-09T12:10:46.761+0000] {dagbag.py:588} INFO - Filling up the DagBag from /opt/airflow/dags/dag_extract_dvizhenie.py
[2026-07-09T12:10:46.765+0000] {processor.py:925} INFO - DAG(s) 'dag_extract_dvizhenie' retrieved from /opt/airflow/dags/dag_extract_dvizhenie.py
[2026-07-09T12:10:46.775+0000] {logging_mixin.py:190} INFO - [2026-07-09T12:10:46.775+0000] {dag.py:3239} INFO - Sync 1 DAGs
[2026-07-09T12:10:46.783+0000] {logging_mixin.py:190} INFO - [2026-07-09T12:10:46.783+0000] {dag.py:4180} INFO - Setting next_dagrun for dag_extract_dvizhenie to 2026-07-09 10:00:00+00:00, run_after=2026-07-09 12:00:00+00:00
[2026-07-09T12:10:46.787+0000] {processor.py:208} INFO - Processing /opt/airflow/dags/dag_extract_dvizhenie.py took 0.030 seconds
[2026-07-09T12:11:17.316+0000] {processor.py:186} INFO - Started process (PID=3978) to work on /opt/airflow/dags/dag_extract_dvizhenie.py
[2026-07-09T12:11:17.316+0000] {processor.py:914} INFO - Processing file /opt/airflow/dags/dag_extract_dvizhenie.py for tasks to queue
[2026-07-09T12:11:17.317+0000] {logging_mixin.py:190} INFO - [2026-07-09T12:11:17.317+0000] {dagbag.py:588} INFO - Filling up the DagBag from /opt/airflow/dags/dag_extract_dvizhenie.py
[2026-07-09T12:11:17.323+0000] {processor.py:925} INFO - DAG(s) 'dag_extract_dvizhenie' retrieved from /opt/airflow/dags/dag_extract_dvizhenie.py
[2026-07-09T12:11:17.336+0000] {logging_mixin.py:190} INFO - [2026-07-09T12:11:17.336+0000] {dag.py:3239} INFO - Sync 1 DAGs
[2026-07-09T12:11:17.344+0000] {logging_mixin.py:190} INFO - [2026-07-09T12:11:17.344+0000] {dag.py:4180} INFO - Setting next_dagrun for dag_extract_dvizhenie to 2026-07-09 10:00:00+00:00, run_after=2026-07-09 12:00:00+00:00
[2026-07-09T12:11:17.349+0000] {processor.py:208} INFO - Processing /opt/airflow/dags/dag_extract_dvizhenie.py took 0.037 seconds
[2026-07-09T12:11:47.904+0000] {processor.py:186} INFO - Started process (PID=3998) to work on /opt/airflow/dags/dag_extract_dvizhenie.py
[2026-07-09T12:11:47.905+0000] {processor.py:914} INFO - Processing file /opt/airflow/dags/dag_extract_dvizhenie.py for tasks to queue
[2026-07-09T12:11:47.906+0000] {logging_mixin.py:190} INFO - [2026-07-09T12:11:47.906+0000] {dagbag.py:588} INFO - Filling up the DagBag from /opt/airflow/dags/dag_extract_dvizhenie.py
[2026-07-09T12:11:47.910+0000] {processor.py:925} INFO - DAG(s) 'dag_extract_dvizhenie' retrieved from /opt/airflow/dags/dag_extract_dvizhenie.py
[2026-07-09T12:11:47.922+0000] {logging_mixin.py:190} INFO - [2026-07-09T12:11:47.922+0000] {dag.py:3239} INFO - Sync 1 DAGs
[2026-07-09T12:11:47.929+0000] {logging_mixin.py:190} INFO - [2026-07-09T12:11:47.929+0000] {dag.py:4180} INFO - Setting next_dagrun for dag_extract_dvizhenie to 2026-07-09 10:00:00+00:00, run_after=2026-07-09 12:00:00+00:00
[2026-07-09T12:11:47.934+0000] {processor.py:208} INFO - Processing /opt/airflow/dags/dag_extract_dvizhenie.py took 0.033 seconds
[2026-07-09T12:12:18.424+0000] {processor.py:186} INFO - Started process (PID=4018) to work on /opt/airflow/dags/dag_extract_dvizhenie.py
[2026-07-09T12:12:18.424+0000] {processor.py:914} INFO - Processing file /opt/airflow/dags/dag_extract_dvizhenie.py for tasks to queue
[2026-07-09T12:12:18.425+0000] {logging_mixin.py:190} INFO - [2026-07-09T12:12:18.425+0000] {dagbag.py:588} INFO - Filling up the DagBag from /opt/airflow/dags/dag_extract_dvizhenie.py
[2026-07-09T12:12:18.430+0000] {processor.py:925} INFO - DAG(s) 'dag_extract_dvizhenie' retrieved from /opt/airflow/dags/dag_extract_dvizhenie.py
[2026-07-09T12:12:18.440+0000] {logging_mixin.py:190} INFO - [2026-07-09T12:12:18.440+0000] {dag.py:3239} INFO - Sync 1 DAGs
[2026-07-09T12:12:18.448+0000] {logging_mixin.py:190} INFO - [2026-07-09T12:12:18.448+0000] {dag.py:4180} INFO - Setting next_dagrun for dag_extract_dvizhenie to 2026-07-09 10:00:00+00:00, run_after=2026-07-09 12:00:00+00:00
[2026-07-09T12:12:18.453+0000] {processor.py:208} INFO - Processing /opt/airflow/dags/dag_extract_dvizhenie.py took 0.031 seconds
[2026-07-09T12:12:48.865+0000] {processor.py:186} INFO - Started process (PID=4038) to work on /opt/airflow/dags/dag_extract_dvizhenie.py
[2026-07-09T12:12:48.867+0000] {processor.py:914} INFO - Processing file /opt/airflow/dags/dag_extract_dvizhenie.py for tasks to queue
[2026-07-09T12:12:48.868+0000] {logging_mixin.py:190} INFO - [2026-07-09T12:12:48.868+0000] {dagbag.py:588} INFO - Filling up the DagBag from /opt/airflow/dags/dag_extract_dvizhenie.py
[2026-07-09T12:12:48.873+0000] {processor.py:925} INFO - DAG(s) 'dag_extract_dvizhenie' retrieved from /opt/airflow/dags/dag_extract_dvizhenie.py
[2026-07-09T12:12:48.887+0000] {logging_mixin.py:190} INFO - [2026-07-09T12:12:48.887+0000] {dag.py:3239} INFO - Sync 1 DAGs
[2026-07-09T12:12:48.895+0000] {logging_mixin.py:190} INFO - [2026-07-09T12:12:48.895+0000] {dag.py:4180} INFO - Setting next_dagrun for dag_extract_dvizhenie to 2026-07-09 10:00:00+00:00, run_after=2026-07-09 12:00:00+00:00
[2026-07-09T12:12:48.907+0000] {processor.py:208} INFO - Processing /opt/airflow/dags/dag_extract_dvizhenie.py took 0.044 seconds
[2026-07-09T12:13:19.365+0000] {processor.py:186} INFO - Started process (PID=4056) to work on /opt/airflow/dags/dag_extract_dvizhenie.py
[2026-07-09T12:13:19.366+0000] {processor.py:914} INFO - Processing file /opt/airflow/dags/dag_extract_dvizhenie.py for tasks to queue
[2026-07-09T12:13:19.367+0000] {logging_mixin.py:190} INFO - [2026-07-09T12:13:19.367+0000] {dagbag.py:588} INFO - Filling up the DagBag from /opt/airflow/dags/dag_extract_dvizhenie.py
[2026-07-09T12:13:19.372+0000] {processor.py:925} INFO - DAG(s) 'dag_extract_dvizhenie' retrieved from /opt/airflow/dags/dag_extract_dvizhenie.py
[2026-07-09T12:13:19.390+0000] {logging_mixin.py:190} INFO - [2026-07-09T12:13:19.390+0000] {dag.py:3239} INFO - Sync 1 DAGs
[2026-07-09T12:13:19.398+0000] {logging_mixin.py:190} INFO - [2026-07-09T12:13:19.398+0000] {dag.py:4180} INFO - Setting next_dagrun for dag_extract_dvizhenie to 2026-07-09 10:00:00+00:00, run_after=2026-07-09 12:00:00+00:00
[2026-07-09T12:13:19.407+0000] {processor.py:208} INFO - Processing /opt/airflow/dags/dag_extract_dvizhenie.py took 0.045 seconds
[2026-07-09T12:13:49.816+0000] {processor.py:186} INFO - Started process (PID=4076) to work on /opt/airflow/dags/dag_extract_dvizhenie.py
[2026-07-09T12:13:49.818+0000] {processor.py:914} INFO - Processing file /opt/airflow/dags/dag_extract_dvizhenie.py for tasks to queue
[2026-07-09T12:13:49.819+0000] {logging_mixin.py:190} INFO - [2026-07-09T12:13:49.819+0000] {dagbag.py:588} INFO - Filling up the DagBag from /opt/airflow/dags/dag_extract_dvizhenie.py
[2026-07-09T12:13:49.824+0000] {processor.py:925} INFO - DAG(s) 'dag_extract_dvizhenie' retrieved from /opt/airflow/dags/dag_extract_dvizhenie.py
[2026-07-09T12:13:49.841+0000] {logging_mixin.py:190} INFO - [2026-07-09T12:13:49.839+0000] {dag.py:3239} INFO - Sync 1 DAGs
[2026-07-09T12:13:49.850+0000] {logging_mixin.py:190} INFO - [2026-07-09T12:13:49.850+0000] {dag.py:4180} INFO - Setting next_dagrun for dag_extract_dvizhenie to 2026-07-09 10:00:00+00:00, run_after=2026-07-09 12:00:00+00:00
[2026-07-09T12:13:49.857+0000] {processor.py:208} INFO - Processing /opt/airflow/dags/dag_extract_dvizhenie.py took 0.043 seconds
[2026-07-09T12:14:20.286+0000] {processor.py:186} INFO - Started process (PID=4096) to work on /opt/airflow/dags/dag_extract_dvizhenie.py
[2026-07-09T12:14:20.287+0000] {processor.py:914} INFO - Processing file /opt/airflow/dags/dag_extract_dvizhenie.py for tasks to queue
[2026-07-09T12:14:20.288+0000] {logging_mixin.py:190} INFO - [2026-07-09T12:14:20.288+0000] {dagbag.py:588} INFO - Filling up the DagBag from /opt/airflow/dags/dag_extract_dvizhenie.py
[2026-07-09T12:14:20.295+0000] {processor.py:925} INFO - DAG(s) 'dag_extract_dvizhenie' retrieved from /opt/airflow/dags/dag_extract_dvizhenie.py
[2026-07-09T12:14:20.307+0000] {logging_mixin.py:190} INFO - [2026-07-09T12:14:20.307+0000] {dag.py:3239} INFO - Sync 1 DAGs
[2026-07-09T12:14:20.316+0000] {logging_mixin.py:190} INFO - [2026-07-09T12:14:20.316+0000] {dag.py:4180} INFO - Setting next_dagrun for dag_extract_dvizhenie to 2026-07-09 10:00:00+00:00, run_after=2026-07-09 12:00:00+00:00
[2026-07-09T12:14:20.323+0000] {processor.py:208} INFO - Processing /opt/airflow/dags/dag_extract_dvizhenie.py took 0.041 seconds
[2026-07-09T12:14:50.784+0000] {processor.py:186} INFO - Started process (PID=4118) to work on /opt/airflow/dags/dag_extract_dvizhenie.py
[2026-07-09T12:14:50.785+0000] {processor.py:914} INFO - Processing file /opt/airflow/dags/dag_extract_dvizhenie.py for tasks to queue
[2026-07-09T12:14:50.785+0000] {logging_mixin.py:190} INFO - [2026-07-09T12:14:50.785+0000] {dagbag.py:588} INFO - Filling up the DagBag from /opt/airflow/dags/dag_extract_dvizhenie.py
[2026-07-09T12:14:50.790+0000] {processor.py:925} INFO - DAG(s) 'dag_extract_dvizhenie' retrieved from /opt/airflow/dags/dag_extract_dvizhenie.py
[2026-07-09T12:14:50.799+0000] {logging_mixin.py:190} INFO - [2026-07-09T12:14:50.799+0000] {dag.py:3239} INFO - Sync 1 DAGs
[2026-07-09T12:14:50.807+0000] {logging_mixin.py:190} INFO - [2026-07-09T12:14:50.807+0000] {dag.py:4180} INFO - Setting next_dagrun for dag_extract_dvizhenie to 2026-07-09 10:00:00+00:00, run_after=2026-07-09 12:00:00+00:00
[2026-07-09T12:14:50.811+0000] {processor.py:208} INFO - Processing /opt/airflow/dags/dag_extract_dvizhenie.py took 0.029 seconds
[2026-07-09T12:15:21.354+0000] {processor.py:186} INFO - Started process (PID=4138) to work on /opt/airflow/dags/dag_extract_dvizhenie.py
[2026-07-09T12:15:21.354+0000] {processor.py:914} INFO - Processing file /opt/airflow/dags/dag_extract_dvizhenie.py for tasks to queue
[2026-07-09T12:15:21.356+0000] {logging_mixin.py:190} INFO - [2026-07-09T12:15:21.355+0000] {dagbag.py:588} INFO - Filling up the DagBag from /opt/airflow/dags/dag_extract_dvizhenie.py
[2026-07-09T12:15:21.361+0000] {processor.py:925} INFO - DAG(s) 'dag_extract_dvizhenie' retrieved from /opt/airflow/dags/dag_extract_dvizhenie.py
[2026-07-09T12:15:21.372+0000] {logging_mixin.py:190} INFO - [2026-07-09T12:15:21.372+0000] {dag.py:3239} INFO - Sync 1 DAGs
[2026-07-09T12:15:21.381+0000] {logging_mixin.py:190} INFO - [2026-07-09T12:15:21.380+0000] {dag.py:4180} INFO - Setting next_dagrun for dag_extract_dvizhenie to 2026-07-09 10:00:00+00:00, run_after=2026-07-09 12:00:00+00:00
[2026-07-09T12:15:21.386+0000] {processor.py:208} INFO - Processing /opt/airflow/dags/dag_extract_dvizhenie.py took 0.035 seconds
[2026-07-09T12:15:51.841+0000] {processor.py:186} INFO - Started process (PID=4158) to work on /opt/airflow/dags/dag_extract_dvizhenie.py
[2026-07-09T12:15:51.842+0000] {processor.py:914} INFO - Processing file /opt/airflow/dags/dag_extract_dvizhenie.py for tasks to queue
[2026-07-09T12:15:51.843+0000] {logging_mixin.py:190} INFO - [2026-07-09T12:15:51.843+0000] {dagbag.py:588} INFO - Filling up the DagBag from /opt/airflow/dags/dag_extract_dvizhenie.py
[2026-07-09T12:15:51.848+0000] {processor.py:925} INFO - DAG(s) 'dag_extract_dvizhenie' retrieved from /opt/airflow/dags/dag_extract_dvizhenie.py
[2026-07-09T12:15:51.859+0000] {logging_mixin.py:190} INFO - [2026-07-09T12:15:51.859+0000] {dag.py:3239} INFO - Sync 1 DAGs
[2026-07-09T12:15:51.867+0000] {logging_mixin.py:190} INFO - [2026-07-09T12:15:51.867+0000] {dag.py:4180} INFO - Setting next_dagrun for dag_extract_dvizhenie to 2026-07-09 10:00:00+00:00, run_after=2026-07-09 12:00:00+00:00
[2026-07-09T12:15:51.872+0000] {processor.py:208} INFO - Processing /opt/airflow/dags/dag_extract_dvizhenie.py took 0.037 seconds
[2026-07-09T12:16:22.292+0000] {processor.py:186} INFO - Started process (PID=4178) to work on /opt/airflow/dags/dag_extract_dvizhenie.py
[2026-07-09T12:16:22.292+0000] {processor.py:914} INFO - Processing file /opt/airflow/dags/dag_extract_dvizhenie.py for tasks to queue
[2026-07-09T12:16:22.293+0000] {logging_mixin.py:190} INFO - [2026-07-09T12:16:22.293+0000] {dagbag.py:588} INFO - Filling up the DagBag from /opt/airflow/dags/dag_extract_dvizhenie.py
[2026-07-09T12:16:22.298+0000] {processor.py:925} INFO - DAG(s) 'dag_extract_dvizhenie' retrieved from /opt/airflow/dags/dag_extract_dvizhenie.py
[2026-07-09T12:16:22.307+0000] {logging_mixin.py:190} INFO - [2026-07-09T12:16:22.307+0000] {dag.py:3239} INFO - Sync 1 DAGs
[2026-07-09T12:16:22.314+0000] {logging_mixin.py:190} INFO - [2026-07-09T12:16:22.314+0000] {dag.py:4180} INFO - Setting next_dagrun for dag_extract_dvizhenie to 2026-07-09 10:00:00+00:00, run_after=2026-07-09 12:00:00+00:00
[2026-07-09T12:16:22.319+0000] {processor.py:208} INFO - Processing /opt/airflow/dags/dag_extract_dvizhenie.py took 0.030 seconds
[2026-07-09T12:16:52.740+0000] {processor.py:186} INFO - Started process (PID=4198) to work on /opt/airflow/dags/dag_extract_dvizhenie.py
[2026-07-09T12:16:52.741+0000] {processor.py:914} INFO - Processing file /opt/airflow/dags/dag_extract_dvizhenie.py for tasks to queue
[2026-07-09T12:16:52.741+0000] {logging_mixin.py:190} INFO - [2026-07-09T12:16:52.741+0000] {dagbag.py:588} INFO - Filling up the DagBag from /opt/airflow/dags/dag_extract_dvizhenie.py
[2026-07-09T12:16:52.746+0000] {processor.py:925} INFO - DAG(s) 'dag_extract_dvizhenie' retrieved from /opt/airflow/dags/dag_extract_dvizhenie.py
[2026-07-09T12:16:52.756+0000] {logging_mixin.py:190} INFO - [2026-07-09T12:16:52.756+0000] {dag.py:3239} INFO - Sync 1 DAGs
[2026-07-09T12:16:52.764+0000] {logging_mixin.py:190} INFO - [2026-07-09T12:16:52.764+0000] {dag.py:4180} INFO - Setting next_dagrun for dag_extract_dvizhenie to 2026-07-09 10:00:00+00:00, run_after=2026-07-09 12:00:00+00:00
[2026-07-09T12:16:52.769+0000] {processor.py:208} INFO - Processing /opt/airflow/dags/dag_extract_dvizhenie.py took 0.031 seconds
[2026-07-09T12:17:23.183+0000] {processor.py:186} INFO - Started process (PID=4218) to work on /opt/airflow/dags/dag_extract_dvizhenie.py
[2026-07-09T12:17:23.185+0000] {processor.py:914} INFO - Processing file /opt/airflow/dags/dag_extract_dvizhenie.py for tasks to queue
[2026-07-09T12:17:23.186+0000] {logging_mixin.py:190} INFO - [2026-07-09T12:17:23.186+0000] {dagbag.py:588} INFO - Filling up the DagBag from /opt/airflow/dags/dag_extract_dvizhenie.py
[2026-07-09T12:17:23.191+0000] {processor.py:925} INFO - DAG(s) 'dag_extract_dvizhenie' retrieved from /opt/airflow/dags/dag_extract_dvizhenie.py
[2026-07-09T12:17:23.207+0000] {logging_mixin.py:190} INFO - [2026-07-09T12:17:23.206+0000] {dag.py:3239} INFO - Sync 1 DAGs
[2026-07-09T12:17:23.217+0000] {logging_mixin.py:190} INFO - [2026-07-09T12:17:23.217+0000] {dag.py:4180} INFO - Setting next_dagrun for dag_extract_dvizhenie to 2026-07-09 10:00:00+00:00, run_after=2026-07-09 12:00:00+00:00
[2026-07-09T12:17:23.226+0000] {processor.py:208} INFO - Processing /opt/airflow/dags/dag_extract_dvizhenie.py took 0.046 seconds
[2026-07-09T12:17:53.637+0000] {processor.py:186} INFO - Started process (PID=4238) to work on /opt/airflow/dags/dag_extract_dvizhenie.py
[2026-07-09T12:17:53.637+0000] {processor.py:914} INFO - Processing file /opt/airflow/dags/dag_extract_dvizhenie.py for tasks to queue
[2026-07-09T12:17:53.638+0000] {logging_mixin.py:190} INFO - [2026-07-09T12:17:53.638+0000] {dagbag.py:588} INFO - Filling up the DagBag from /opt/airflow/dags/dag_extract_dvizhenie.py
[2026-07-09T12:17:53.643+0000] {processor.py:925} INFO - DAG(s) 'dag_extract_dvizhenie' retrieved from /opt/airflow/dags/dag_extract_dvizhenie.py
[2026-07-09T12:17:53.653+0000] {logging_mixin.py:190} INFO - [2026-07-09T12:17:53.653+0000] {dag.py:3239} INFO - Sync 1 DAGs
[2026-07-09T12:17:53.660+0000] {logging_mixin.py:190} INFO - [2026-07-09T12:17:53.660+0000] {dag.py:4180} INFO - Setting next_dagrun for dag_extract_dvizhenie to 2026-07-09 10:00:00+00:00, run_after=2026-07-09 12:00:00+00:00
[2026-07-09T12:17:53.665+0000] {processor.py:208} INFO - Processing /opt/airflow/dags/dag_extract_dvizhenie.py took 0.031 seconds
[2026-07-09T12:18:24.110+0000] {processor.py:186} INFO - Started process (PID=4258) to work on /opt/airflow/dags/dag_extract_dvizhenie.py
[2026-07-09T12:18:24.110+0000] {processor.py:914} INFO - Processing file /opt/airflow/dags/dag_extract_dvizhenie.py for tasks to queue
[2026-07-09T12:18:24.111+0000] {logging_mixin.py:190} INFO - [2026-07-09T12:18:24.111+0000] {dagbag.py:588} INFO - Filling up the DagBag from /opt/airflow/dags/dag_extract_dvizhenie.py
[2026-07-09T12:18:24.116+0000] {processor.py:925} INFO - DAG(s) 'dag_extract_dvizhenie' retrieved from /opt/airflow/dags/dag_extract_dvizhenie.py
[2026-07-09T12:18:24.127+0000] {logging_mixin.py:190} INFO - [2026-07-09T12:18:24.127+0000] {dag.py:3239} INFO - Sync 1 DAGs
[2026-07-09T12:18:24.135+0000] {logging_mixin.py:190} INFO - [2026-07-09T12:18:24.135+0000] {dag.py:4180} INFO - Setting next_dagrun for dag_extract_dvizhenie to 2026-07-09 10:00:00+00:00, run_after=2026-07-09 12:00:00+00:00
[2026-07-09T12:18:24.140+0000] {processor.py:208} INFO - Processing /opt/airflow/dags/dag_extract_dvizhenie.py took 0.033 seconds
[2026-07-09T12:18:54.589+0000] {processor.py:186} INFO - Started process (PID=4278) to work on /opt/airflow/dags/dag_extract_dvizhenie.py
[2026-07-09T12:18:54.589+0000] {processor.py:914} INFO - Processing file /opt/airflow/dags/dag_extract_dvizhenie.py for tasks to queue
[2026-07-09T12:18:54.590+0000] {logging_mixin.py:190} INFO - [2026-07-09T12:18:54.590+0000] {dagbag.py:588} INFO - Filling up the DagBag from /opt/airflow/dags/dag_extract_dvizhenie.py
[2026-07-09T12:18:54.595+0000] {processor.py:925} INFO - DAG(s) 'dag_extract_dvizhenie' retrieved from /opt/airflow/dags/dag_extract_dvizhenie.py
[2026-07-09T12:18:54.605+0000] {logging_mixin.py:190} INFO - [2026-07-09T12:18:54.605+0000] {dag.py:3239} INFO - Sync 1 DAGs
[2026-07-09T12:18:54.612+0000] {logging_mixin.py:190} INFO - [2026-07-09T12:18:54.612+0000] {dag.py:4180} INFO - Setting next_dagrun for dag_extract_dvizhenie to 2026-07-09 10:00:00+00:00, run_after=2026-07-09 12:00:00+00:00
[2026-07-09T12:18:54.617+0000] {processor.py:208} INFO - Processing /opt/airflow/dags/dag_extract_dvizhenie.py took 0.030 seconds
[2026-07-09T12:19:25.015+0000] {processor.py:186} INFO - Started process (PID=4296) to work on /opt/airflow/dags/dag_extract_dvizhenie.py
[2026-07-09T12:19:25.016+0000] {processor.py:914} INFO - Processing file /opt/airflow/dags/dag_extract_dvizhenie.py for tasks to queue
[2026-07-09T12:19:25.018+0000] {logging_mixin.py:190} INFO - [2026-07-09T12:19:25.018+0000] {dagbag.py:588} INFO - Filling up the DagBag from /opt/airflow/dags/dag_extract_dvizhenie.py
[2026-07-09T12:19:25.024+0000] {processor.py:925} INFO - DAG(s) 'dag_extract_dvizhenie' retrieved from /opt/airflow/dags/dag_extract_dvizhenie.py
[2026-07-09T12:19:25.038+0000] {logging_mixin.py:190} INFO - [2026-07-09T12:19:25.038+0000] {dag.py:3239} INFO - Sync 1 DAGs
[2026-07-09T12:19:25.048+0000] {logging_mixin.py:190} INFO - [2026-07-09T12:19:25.048+0000] {dag.py:4180} INFO - Setting next_dagrun for dag_extract_dvizhenie to 2026-07-09 10:00:00+00:00, run_after=2026-07-09 12:00:00+00:00
[2026-07-09T12:19:25.056+0000] {processor.py:208} INFO - Processing /opt/airflow/dags/dag_extract_dvizhenie.py took 0.043 seconds
[2026-07-09T12:19:55.500+0000] {processor.py:186} INFO - Started process (PID=4316) to work on /opt/airflow/dags/dag_extract_dvizhenie.py
[2026-07-09T12:19:55.501+0000] {processor.py:914} INFO - Processing file /opt/airflow/dags/dag_extract_dvizhenie.py for tasks to queue
[2026-07-09T12:19:55.502+0000] {logging_mixin.py:190} INFO - [2026-07-09T12:19:55.501+0000] {dagbag.py:588} INFO - Filling up the DagBag from /opt/airflow/dags/dag_extract_dvizhenie.py
[2026-07-09T12:19:55.506+0000] {processor.py:925} INFO - DAG(s) 'dag_extract_dvizhenie' retrieved from /opt/airflow/dags/dag_extract_dvizhenie.py
[2026-07-09T12:19:55.520+0000] {logging_mixin.py:190} INFO - [2026-07-09T12:19:55.520+0000] {dag.py:3239} INFO - Sync 1 DAGs
[2026-07-09T12:19:55.528+0000] {logging_mixin.py:190} INFO - [2026-07-09T12:19:55.528+0000] {dag.py:4180} INFO - Setting next_dagrun for dag_extract_dvizhenie to 2026-07-09 10:00:00+00:00, run_after=2026-07-09 12:00:00+00:00
[2026-07-09T12:19:55.536+0000] {processor.py:208} INFO - Processing /opt/airflow/dags/dag_extract_dvizhenie.py took 0.042 seconds
[2026-07-09T12:20:25.946+0000] {processor.py:186} INFO - Started process (PID=4338) to work on /opt/airflow/dags/dag_extract_dvizhenie.py
[2026-07-09T12:20:25.946+0000] {processor.py:914} INFO - Processing file /opt/airflow/dags/dag_extract_dvizhenie.py for tasks to queue
[2026-07-09T12:20:25.947+0000] {logging_mixin.py:190} INFO - [2026-07-09T12:20:25.947+0000] {dagbag.py:588} INFO - Filling up the DagBag from /opt/airflow/dags/dag_extract_dvizhenie.py
[2026-07-09T12:20:25.951+0000] {processor.py:925} INFO - DAG(s) 'dag_extract_dvizhenie' retrieved from /opt/airflow/dags/dag_extract_dvizhenie.py
[2026-07-09T12:20:25.961+0000] {logging_mixin.py:190} INFO - [2026-07-09T12:20:25.961+0000] {dag.py:3239} INFO - Sync 1 DAGs
[2026-07-09T12:20:25.968+0000] {logging_mixin.py:190} INFO - [2026-07-09T12:20:25.968+0000] {dag.py:4180} INFO - Setting next_dagrun for dag_extract_dvizhenie to 2026-07-09 10:00:00+00:00, run_after=2026-07-09 12:00:00+00:00
[2026-07-09T12:20:25.973+0000] {processor.py:208} INFO - Processing /opt/airflow/dags/dag_extract_dvizhenie.py took 0.030 seconds
[2026-07-09T12:20:56.445+0000] {processor.py:186} INFO - Started process (PID=4358) to work on /opt/airflow/dags/dag_extract_dvizhenie.py
[2026-07-09T12:20:56.446+0000] {processor.py:914} INFO - Processing file /opt/airflow/dags/dag_extract_dvizhenie.py for tasks to queue
[2026-07-09T12:20:56.446+0000] {logging_mixin.py:190} INFO - [2026-07-09T12:20:56.446+0000] {dagbag.py:588} INFO - Filling up the DagBag from /opt/airflow/dags/dag_extract_dvizhenie.py
[2026-07-09T12:20:56.451+0000] {processor.py:925} INFO - DAG(s) 'dag_extract_dvizhenie' retrieved from /opt/airflow/dags/dag_extract_dvizhenie.py
[2026-07-09T12:20:56.461+0000] {logging_mixin.py:190} INFO - [2026-07-09T12:20:56.461+0000] {dag.py:3239} INFO - Sync 1 DAGs
[2026-07-09T12:20:56.468+0000] {logging_mixin.py:190} INFO - [2026-07-09T12:20:56.468+0000] {dag.py:4180} INFO - Setting next_dagrun for dag_extract_dvizhenie to 2026-07-09 10:00:00+00:00, run_after=2026-07-09 12:00:00+00:00
[2026-07-09T12:20:56.473+0000] {processor.py:208} INFO - Processing /opt/airflow/dags/dag_extract_dvizhenie.py took 0.031 seconds
[2026-07-09T12:21:26.929+0000] {processor.py:186} INFO - Started process (PID=4378) to work on /opt/airflow/dags/dag_extract_dvizhenie.py
[2026-07-09T12:21:26.929+0000] {processor.py:914} INFO - Processing file /opt/airflow/dags/dag_extract_dvizhenie.py for tasks to queue
[2026-07-09T12:21:26.930+0000] {logging_mixin.py:190} INFO - [2026-07-09T12:21:26.930+0000] {dagbag.py:588} INFO - Filling up the DagBag from /opt/airflow/dags/dag_extract_dvizhenie.py
[2026-07-09T12:21:26.935+0000] {processor.py:925} INFO - DAG(s) 'dag_extract_dvizhenie' retrieved from /opt/airflow/dags/dag_extract_dvizhenie.py
[2026-07-09T12:21:26.947+0000] {logging_mixin.py:190} INFO - [2026-07-09T12:21:26.947+0000] {dag.py:3239} INFO - Sync 1 DAGs
[2026-07-09T12:21:26.954+0000] {logging_mixin.py:190} INFO - [2026-07-09T12:21:26.954+0000] {dag.py:4180} INFO - Setting next_dagrun for dag_extract_dvizhenie to 2026-07-09 10:00:00+00:00, run_after=2026-07-09 12:00:00+00:00
[2026-07-09T12:21:26.959+0000] {processor.py:208} INFO - Processing /opt/airflow/dags/dag_extract_dvizhenie.py took 0.041 seconds
[2026-07-09T12:21:57.376+0000] {processor.py:186} INFO - Started process (PID=4398) to work on /opt/airflow/dags/dag_extract_dvizhenie.py
[2026-07-09T12:21:57.377+0000] {processor.py:914} INFO - Processing file /opt/airflow/dags/dag_extract_dvizhenie.py for tasks to queue
[2026-07-09T12:21:57.377+0000] {logging_mixin.py:190} INFO - [2026-07-09T12:21:57.377+0000] {dagbag.py:588} INFO - Filling up the DagBag from /opt/airflow/dags/dag_extract_dvizhenie.py
[2026-07-09T12:21:57.382+0000] {processor.py:925} INFO - DAG(s) 'dag_extract_dvizhenie' retrieved from /opt/airflow/dags/dag_extract_dvizhenie.py
[2026-07-09T12:21:57.392+0000] {logging_mixin.py:190} INFO - [2026-07-09T12:21:57.392+0000] {dag.py:3239} INFO - Sync 1 DAGs
[2026-07-09T12:21:57.399+0000] {logging_mixin.py:190} INFO - [2026-07-09T12:21:57.399+0000] {dag.py:4180} INFO - Setting next_dagrun for dag_extract_dvizhenie to 2026-07-09 10:00:00+00:00, run_after=2026-07-09 12:00:00+00:00
[2026-07-09T12:21:57.404+0000] {processor.py:208} INFO - Processing /opt/airflow/dags/dag_extract_dvizhenie.py took 0.030 seconds
[2026-07-09T12:22:27.810+0000] {processor.py:186} INFO - Started process (PID=4418) to work on /opt/airflow/dags/dag_extract_dvizhenie.py
[2026-07-09T12:22:27.810+0000] {processor.py:914} INFO - Processing file /opt/airflow/dags/dag_extract_dvizhenie.py for tasks to queue
[2026-07-09T12:22:27.811+0000] {logging_mixin.py:190} INFO - [2026-07-09T12:22:27.811+0000] {dagbag.py:588} INFO - Filling up the DagBag from /opt/airflow/dags/dag_extract_dvizhenie.py
[2026-07-09T12:22:27.816+0000] {processor.py:925} INFO - DAG(s) 'dag_extract_dvizhenie' retrieved from /opt/airflow/dags/dag_extract_dvizhenie.py
[2026-07-09T12:22:27.826+0000] {logging_mixin.py:190} INFO - [2026-07-09T12:22:27.826+0000] {dag.py:3239} INFO - Sync 1 DAGs
[2026-07-09T12:22:27.833+0000] {logging_mixin.py:190} INFO - [2026-07-09T12:22:27.833+0000] {dag.py:4180} INFO - Setting next_dagrun for dag_extract_dvizhenie to 2026-07-09 10:00:00+00:00, run_after=2026-07-09 12:00:00+00:00
[2026-07-09T12:22:27.837+0000] {processor.py:208} INFO - Processing /opt/airflow/dags/dag_extract_dvizhenie.py took 0.030 seconds
[2026-07-09T12:22:58.245+0000] {processor.py:186} INFO - Started process (PID=4438) to work on /opt/airflow/dags/dag_extract_dvizhenie.py
[2026-07-09T12:22:58.246+0000] {processor.py:914} INFO - Processing file /opt/airflow/dags/dag_extract_dvizhenie.py for tasks to queue
[2026-07-09T12:22:58.247+0000] {logging_mixin.py:190} INFO - [2026-07-09T12:22:58.246+0000] {dagbag.py:588} INFO - Filling up the DagBag from /opt/airflow/dags/dag_extract_dvizhenie.py
[2026-07-09T12:22:58.251+0000] {processor.py:925} INFO - DAG(s) 'dag_extract_dvizhenie' retrieved from /opt/airflow/dags/dag_extract_dvizhenie.py
[2026-07-09T12:22:58.261+0000] {logging_mixin.py:190} INFO - [2026-07-09T12:22:58.261+0000] {dag.py:3239} INFO - Sync 1 DAGs
[2026-07-09T12:22:58.268+0000] {logging_mixin.py:190} INFO - [2026-07-09T12:22:58.268+0000] {dag.py:4180} INFO - Setting next_dagrun for dag_extract_dvizhenie to 2026-07-09 10:00:00+00:00, run_after=2026-07-09 12:00:00+00:00
[2026-07-09T12:22:58.272+0000] {processor.py:208} INFO - Processing /opt/airflow/dags/dag_extract_dvizhenie.py took 0.029 seconds
[2026-07-09T12:23:28.741+0000] {processor.py:186} INFO - Started process (PID=4458) to work on /opt/airflow/dags/dag_extract_dvizhenie.py
[2026-07-09T12:23:28.741+0000] {processor.py:914} INFO - Processing file /opt/airflow/dags/dag_extract_dvizhenie.py for tasks to queue
[2026-07-09T12:23:28.743+0000] {logging_mixin.py:190} INFO - [2026-07-09T12:23:28.742+0000] {dagbag.py:588} INFO - Filling up the DagBag from /opt/airflow/dags/dag_extract_dvizhenie.py
[2026-07-09T12:23:28.750+0000] {processor.py:925} INFO - DAG(s) 'dag_extract_dvizhenie' retrieved from /opt/airflow/dags/dag_extract_dvizhenie.py
[2026-07-09T12:23:28.767+0000] {logging_mixin.py:190} INFO - [2026-07-09T12:23:28.767+0000] {dag.py:3239} INFO - Sync 1 DAGs
[2026-07-09T12:23:28.776+0000] {logging_mixin.py:190} INFO - [2026-07-09T12:23:28.776+0000] {dag.py:4180} INFO - Setting next_dagrun for dag_extract_dvizhenie to 2026-07-09 10:00:00+00:00, run_after=2026-07-09 12:00:00+00:00
[2026-07-09T12:23:28.784+0000] {processor.py:208} INFO - Processing /opt/airflow/dags/dag_extract_dvizhenie.py took 0.047 seconds
[2026-07-09T12:23:59.298+0000] {processor.py:186} INFO - Started process (PID=4478) to work on /opt/airflow/dags/dag_extract_dvizhenie.py
[2026-07-09T12:23:59.298+0000] {processor.py:914} INFO - Processing file /opt/airflow/dags/dag_extract_dvizhenie.py for tasks to queue
[2026-07-09T12:23:59.299+0000] {logging_mixin.py:190} INFO - [2026-07-09T12:23:59.299+0000] {dagbag.py:588} INFO - Filling up the DagBag from /opt/airflow/dags/dag_extract_dvizhenie.py
[2026-07-09T12:23:59.305+0000] {processor.py:925} INFO - DAG(s) 'dag_extract_dvizhenie' retrieved from /opt/airflow/dags/dag_extract_dvizhenie.py
[2026-07-09T12:23:59.320+0000] {logging_mixin.py:190} INFO - [2026-07-09T12:23:59.320+0000] {dag.py:3239} INFO - Sync 1 DAGs
[2026-07-09T12:23:59.332+0000] {logging_mixin.py:190} INFO - [2026-07-09T12:23:59.332+0000] {dag.py:4180} INFO - Setting next_dagrun for dag_extract_dvizhenie to 2026-07-09 10:00:00+00:00, run_after=2026-07-09 12:00:00+00:00
[2026-07-09T12:23:59.344+0000] {processor.py:208} INFO - Processing /opt/airflow/dags/dag_extract_dvizhenie.py took 0.049 seconds
[2026-07-09T12:24:29.681+0000] {processor.py:186} INFO - Started process (PID=4496) to work on /opt/airflow/dags/dag_extract_dvizhenie.py
[2026-07-09T12:24:29.681+0000] {processor.py:914} INFO - Processing file /opt/airflow/dags/dag_extract_dvizhenie.py for tasks to queue
[2026-07-09T12:24:29.683+0000] {logging_mixin.py:190} INFO - [2026-07-09T12:24:29.683+0000] {dagbag.py:588} INFO - Filling up the DagBag from /opt/airflow/dags/dag_extract_dvizhenie.py
[2026-07-09T12:24:29.690+0000] {processor.py:925} INFO - DAG(s) 'dag_extract_dvizhenie' retrieved from /opt/airflow/dags/dag_extract_dvizhenie.py
[2026-07-09T12:24:29.704+0000] {logging_mixin.py:190} INFO - [2026-07-09T12:24:29.704+0000] {dag.py:3239} INFO - Sync 1 DAGs
[2026-07-09T12:24:29.712+0000] {logging_mixin.py:190} INFO - [2026-07-09T12:24:29.712+0000] {dag.py:4180} INFO - Setting next_dagrun for dag_extract_dvizhenie to 2026-07-09 10:00:00+00:00, run_after=2026-07-09 12:00:00+00:00
[2026-07-09T12:24:29.718+0000] {processor.py:208} INFO - Processing /opt/airflow/dags/dag_extract_dvizhenie.py took 0.040 seconds
[2026-07-09T12:25:00.154+0000] {processor.py:186} INFO - Started process (PID=4518) to work on /opt/airflow/dags/dag_extract_dvizhenie.py
[2026-07-09T12:25:00.155+0000] {processor.py:914} INFO - Processing file /opt/airflow/dags/dag_extract_dvizhenie.py for tasks to queue
[2026-07-09T12:25:00.155+0000] {logging_mixin.py:190} INFO - [2026-07-09T12:25:00.155+0000] {dagbag.py:588} INFO - Filling up the DagBag from /opt/airflow/dags/dag_extract_dvizhenie.py
[2026-07-09T12:25:00.160+0000] {processor.py:925} INFO - DAG(s) 'dag_extract_dvizhenie' retrieved from /opt/airflow/dags/dag_extract_dvizhenie.py
[2026-07-09T12:25:00.170+0000] {logging_mixin.py:190} INFO - [2026-07-09T12:25:00.170+0000] {dag.py:3239} INFO - Sync 1 DAGs
[2026-07-09T12:25:00.177+0000] {logging_mixin.py:190} INFO - [2026-07-09T12:25:00.177+0000] {dag.py:4180} INFO - Setting next_dagrun for dag_extract_dvizhenie to 2026-07-09 10:00:00+00:00, run_after=2026-07-09 12:00:00+00:00
[2026-07-09T12:25:00.182+0000] {processor.py:208} INFO - Processing /opt/airflow/dags/dag_extract_dvizhenie.py took 0.031 seconds
[2026-07-09T12:25:30.600+0000] {processor.py:186} INFO - Started process (PID=4538) to work on /opt/airflow/dags/dag_extract_dvizhenie.py
[2026-07-09T12:25:30.600+0000] {processor.py:914} INFO - Processing file /opt/airflow/dags/dag_extract_dvizhenie.py for tasks to queue
[2026-07-09T12:25:30.601+0000] {logging_mixin.py:190} INFO - [2026-07-09T12:25:30.601+0000] {dagbag.py:588} INFO - Filling up the DagBag from /opt/airflow/dags/dag_extract_dvizhenie.py
[2026-07-09T12:25:30.606+0000] {processor.py:925} INFO - DAG(s) 'dag_extract_dvizhenie' retrieved from /opt/airflow/dags/dag_extract_dvizhenie.py
[2026-07-09T12:25:30.615+0000] {logging_mixin.py:190} INFO - [2026-07-09T12:25:30.615+0000] {dag.py:3239} INFO - Sync 1 DAGs
[2026-07-09T12:25:30.623+0000] {logging_mixin.py:190} INFO - [2026-07-09T12:25:30.622+0000] {dag.py:4180} INFO - Setting next_dagrun for dag_extract_dvizhenie to 2026-07-09 10:00:00+00:00, run_after=2026-07-09 12:00:00+00:00
[2026-07-09T12:25:30.627+0000] {processor.py:208} INFO - Processing /opt/airflow/dags/dag_extract_dvizhenie.py took 0.029 seconds
[2026-07-09T12:26:01.123+0000] {processor.py:186} INFO - Started process (PID=4558) to work on /opt/airflow/dags/dag_extract_dvizhenie.py
[2026-07-09T12:26:01.124+0000] {processor.py:914} INFO - Processing file /opt/airflow/dags/dag_extract_dvizhenie.py for tasks to queue
[2026-07-09T12:26:01.124+0000] {logging_mixin.py:190} INFO - [2026-07-09T12:26:01.124+0000] {dagbag.py:588} INFO - Filling up the DagBag from /opt/airflow/dags/dag_extract_dvizhenie.py
[2026-07-09T12:26:01.129+0000] {processor.py:925} INFO - DAG(s) 'dag_extract_dvizhenie' retrieved from /opt/airflow/dags/dag_extract_dvizhenie.py
[2026-07-09T12:26:01.139+0000] {logging_mixin.py:190} INFO - [2026-07-09T12:26:01.139+0000] {dag.py:3239} INFO - Sync 1 DAGs
[2026-07-09T12:26:01.146+0000] {logging_mixin.py:190} INFO - [2026-07-09T12:26:01.146+0000] {dag.py:4180} INFO - Setting next_dagrun for dag_extract_dvizhenie to 2026-07-09 10:00:00+00:00, run_after=2026-07-09 12:00:00+00:00
[2026-07-09T12:26:01.151+0000] {processor.py:208} INFO - Processing /opt/airflow/dags/dag_extract_dvizhenie.py took 0.030 seconds
[2026-07-09T12:26:31.523+0000] {processor.py:186} INFO - Started process (PID=4578) to work on /opt/airflow/dags/dag_extract_dvizhenie.py
[2026-07-09T12:26:31.523+0000] {processor.py:914} INFO - Processing file /opt/airflow/dags/dag_extract_dvizhenie.py for tasks to queue
[2026-07-09T12:26:31.524+0000] {logging_mixin.py:190} INFO - [2026-07-09T12:26:31.524+0000] {dagbag.py:588} INFO - Filling up the DagBag from /opt/airflow/dags/dag_extract_dvizhenie.py
[2026-07-09T12:26:31.529+0000] {processor.py:925} INFO - DAG(s) 'dag_extract_dvizhenie' retrieved from /opt/airflow/dags/dag_extract_dvizhenie.py
[2026-07-09T12:26:31.539+0000] {logging_mixin.py:190} INFO - [2026-07-09T12:26:31.539+0000] {dag.py:3239} INFO - Sync 1 DAGs
[2026-07-09T12:26:31.546+0000] {logging_mixin.py:190} INFO - [2026-07-09T12:26:31.546+0000] {dag.py:4180} INFO - Setting next_dagrun for dag_extract_dvizhenie to 2026-07-09 10:00:00+00:00, run_after=2026-07-09 12:00:00+00:00
[2026-07-09T12:26:31.551+0000] {processor.py:208} INFO - Processing /opt/airflow/dags/dag_extract_dvizhenie.py took 0.031 seconds
[2026-07-09T12:27:01.939+0000] {processor.py:186} INFO - Started process (PID=4596) to work on /opt/airflow/dags/dag_extract_dvizhenie.py
[2026-07-09T12:27:01.940+0000] {processor.py:914} INFO - Processing file /opt/airflow/dags/dag_extract_dvizhenie.py for tasks to queue
[2026-07-09T12:27:01.941+0000] {logging_mixin.py:190} INFO - [2026-07-09T12:27:01.941+0000] {dagbag.py:588} INFO - Filling up the DagBag from /opt/airflow/dags/dag_extract_dvizhenie.py
[2026-07-09T12:27:01.948+0000] {processor.py:925} INFO - DAG(s) 'dag_extract_dvizhenie' retrieved from /opt/airflow/dags/dag_extract_dvizhenie.py
[2026-07-09T12:27:01.963+0000] {logging_mixin.py:190} INFO - [2026-07-09T12:27:01.962+0000] {dag.py:3239} INFO - Sync 1 DAGs
[2026-07-09T12:27:01.971+0000] {logging_mixin.py:190} INFO - [2026-07-09T12:27:01.971+0000] {dag.py:4180} INFO - Setting next_dagrun for dag_extract_dvizhenie to 2026-07-09 10:00:00+00:00, run_after=2026-07-09 12:00:00+00:00
[2026-07-09T12:27:01.977+0000] {processor.py:208} INFO - Processing /opt/airflow/dags/dag_extract_dvizhenie.py took 0.041 seconds
[2026-07-09T12:27:32.406+0000] {processor.py:186} INFO - Started process (PID=4617) to work on /opt/airflow/dags/dag_extract_dvizhenie.py
[2026-07-09T12:27:32.407+0000] {processor.py:914} INFO - Processing file /opt/airflow/dags/dag_extract_dvizhenie.py for tasks to queue
[2026-07-09T12:27:32.408+0000] {logging_mixin.py:190} INFO - [2026-07-09T12:27:32.408+0000] {dagbag.py:588} INFO - Filling up the DagBag from /opt/airflow/dags/dag_extract_dvizhenie.py
[2026-07-09T12:27:32.414+0000] {processor.py:925} INFO - DAG(s) 'dag_extract_dvizhenie' retrieved from /opt/airflow/dags/dag_extract_dvizhenie.py
[2026-07-09T12:27:32.428+0000] {logging_mixin.py:190} INFO - [2026-07-09T12:27:32.428+0000] {dag.py:3239} INFO - Sync 1 DAGs
[2026-07-09T12:27:32.436+0000] {logging_mixin.py:190} INFO - [2026-07-09T12:27:32.436+0000] {dag.py:4180} INFO - Setting next_dagrun for dag_extract_dvizhenie to 2026-07-09 10:00:00+00:00, run_after=2026-07-09 12:00:00+00:00
[2026-07-09T12:27:32.443+0000] {processor.py:208} INFO - Processing /opt/airflow/dags/dag_extract_dvizhenie.py took 0.039 seconds
[2026-07-09T12:28:02.870+0000] {processor.py:186} INFO - Started process (PID=4636) to work on /opt/airflow/dags/dag_extract_dvizhenie.py
[2026-07-09T12:28:02.870+0000] {processor.py:914} INFO - Processing file /opt/airflow/dags/dag_extract_dvizhenie.py for tasks to queue
[2026-07-09T12:28:02.871+0000] {logging_mixin.py:190} INFO - [2026-07-09T12:28:02.871+0000] {dagbag.py:588} INFO - Filling up the DagBag from /opt/airflow/dags/dag_extract_dvizhenie.py
[2026-07-09T12:28:02.879+0000] {processor.py:925} INFO - DAG(s) 'dag_extract_dvizhenie' retrieved from /opt/airflow/dags/dag_extract_dvizhenie.py
[2026-07-09T12:28:02.893+0000] {logging_mixin.py:190} INFO - [2026-07-09T12:28:02.893+0000] {dag.py:3239} INFO - Sync 1 DAGs
[2026-07-09T12:28:02.901+0000] {logging_mixin.py:190} INFO - [2026-07-09T12:28:02.901+0000] {dag.py:4180} INFO - Setting next_dagrun for dag_extract_dvizhenie to 2026-07-09 10:00:00+00:00, run_after=2026-07-09 12:00:00+00:00
[2026-07-09T12:28:02.908+0000] {processor.py:208} INFO - Processing /opt/airflow/dags/dag_extract_dvizhenie.py took 0.040 seconds
[2026-07-09T12:28:33.376+0000] {processor.py:186} INFO - Started process (PID=4658) to work on /opt/airflow/dags/dag_extract_dvizhenie.py
[2026-07-09T12:28:33.377+0000] {processor.py:914} INFO - Processing file /opt/airflow/dags/dag_extract_dvizhenie.py for tasks to queue
[2026-07-09T12:28:33.378+0000] {logging_mixin.py:190} INFO - [2026-07-09T12:28:33.378+0000] {dagbag.py:588} INFO - Filling up the DagBag from /opt/airflow/dags/dag_extract_dvizhenie.py
[2026-07-09T12:28:33.383+0000] {processor.py:925} INFO - DAG(s) 'dag_extract_dvizhenie' retrieved from /opt/airflow/dags/dag_extract_dvizhenie.py
[2026-07-09T12:28:33.393+0000] {logging_mixin.py:190} INFO - [2026-07-09T12:28:33.393+0000] {dag.py:3239} INFO - Sync 1 DAGs
[2026-07-09T12:28:33.400+0000] {logging_mixin.py:190} INFO - [2026-07-09T12:28:33.400+0000] {dag.py:4180} INFO - Setting next_dagrun for dag_extract_dvizhenie to 2026-07-09 10:00:00+00:00, run_after=2026-07-09 12:00:00+00:00
[2026-07-09T12:28:33.404+0000] {processor.py:208} INFO - Processing /opt/airflow/dags/dag_extract_dvizhenie.py took 0.031 seconds
[2026-07-09T12:29:03.810+0000] {processor.py:186} INFO - Started process (PID=4676) to work on /opt/airflow/dags/dag_extract_dvizhenie.py
[2026-07-09T12:29:03.810+0000] {processor.py:914} INFO - Processing file /opt/airflow/dags/dag_extract_dvizhenie.py for tasks to queue
[2026-07-09T12:29:03.812+0000] {logging_mixin.py:190} INFO - [2026-07-09T12:29:03.812+0000] {dagbag.py:588} INFO - Filling up the DagBag from /opt/airflow/dags/dag_extract_dvizhenie.py
[2026-07-09T12:29:03.817+0000] {processor.py:925} INFO - DAG(s) 'dag_extract_dvizhenie' retrieved from /opt/airflow/dags/dag_extract_dvizhenie.py
[2026-07-09T12:29:03.832+0000] {logging_mixin.py:190} INFO - [2026-07-09T12:29:03.832+0000] {dag.py:3239} INFO - Sync 1 DAGs
[2026-07-09T12:29:03.840+0000] {logging_mixin.py:190} INFO - [2026-07-09T12:29:03.840+0000] {dag.py:4180} INFO - Setting next_dagrun for dag_extract_dvizhenie to 2026-07-09 10:00:00+00:00, run_after=2026-07-09 12:00:00+00:00
[2026-07-09T12:29:03.846+0000] {processor.py:208} INFO - Processing /opt/airflow/dags/dag_extract_dvizhenie.py took 0.039 seconds
[2026-07-09T12:29:34.305+0000] {processor.py:186} INFO - Started process (PID=4698) to work on /opt/airflow/dags/dag_extract_dvizhenie.py
[2026-07-09T12:29:34.306+0000] {processor.py:914} INFO - Processing file /opt/airflow/dags/dag_extract_dvizhenie.py for tasks to queue
[2026-07-09T12:29:34.307+0000] {logging_mixin.py:190} INFO - [2026-07-09T12:29:34.307+0000] {dagbag.py:588} INFO - Filling up the DagBag from /opt/airflow/dags/dag_extract_dvizhenie.py
[2026-07-09T12:29:34.313+0000] {processor.py:925} INFO - DAG(s) 'dag_extract_dvizhenie' retrieved from /opt/airflow/dags/dag_extract_dvizhenie.py
[2026-07-09T12:29:34.327+0000] {logging_mixin.py:190} INFO - [2026-07-09T12:29:34.327+0000] {dag.py:3239} INFO - Sync 1 DAGs
[2026-07-09T12:29:34.336+0000] {logging_mixin.py:190} INFO - [2026-07-09T12:29:34.336+0000] {dag.py:4180} INFO - Setting next_dagrun for dag_extract_dvizhenie to 2026-07-09 10:00:00+00:00, run_after=2026-07-09 12:00:00+00:00
[2026-07-09T12:29:34.351+0000] {processor.py:208} INFO - Processing /opt/airflow/dags/dag_extract_dvizhenie.py took 0.048 seconds
[2026-07-09T12:30:04.784+0000] {processor.py:186} INFO - Started process (PID=4718) to work on /opt/airflow/dags/dag_extract_dvizhenie.py
[2026-07-09T12:30:04.784+0000] {processor.py:914} INFO - Processing file /opt/airflow/dags/dag_extract_dvizhenie.py for tasks to queue
[2026-07-09T12:30:04.785+0000] {logging_mixin.py:190} INFO - [2026-07-09T12:30:04.785+0000] {dagbag.py:588} INFO - Filling up the DagBag from /opt/airflow/dags/dag_extract_dvizhenie.py
[2026-07-09T12:30:04.789+0000] {processor.py:925} INFO - DAG(s) 'dag_extract_dvizhenie' retrieved from /opt/airflow/dags/dag_extract_dvizhenie.py
[2026-07-09T12:30:04.799+0000] {logging_mixin.py:190} INFO - [2026-07-09T12:30:04.799+0000] {dag.py:3239} INFO - Sync 1 DAGs
[2026-07-09T12:30:04.807+0000] {logging_mixin.py:190} INFO - [2026-07-09T12:30:04.807+0000] {dag.py:4180} INFO - Setting next_dagrun for dag_extract_dvizhenie to 2026-07-09 10:00:00+00:00, run_after=2026-07-09 12:00:00+00:00
[2026-07-09T12:30:04.811+0000] {processor.py:208} INFO - Processing /opt/airflow/dags/dag_extract_dvizhenie.py took 0.030 seconds
[2026-07-09T12:30:35.294+0000] {processor.py:186} INFO - Started process (PID=4738) to work on /opt/airflow/dags/dag_extract_dvizhenie.py
[2026-07-09T12:30:35.294+0000] {processor.py:914} INFO - Processing file /opt/airflow/dags/dag_extract_dvizhenie.py for tasks to queue
[2026-07-09T12:30:35.296+0000] {logging_mixin.py:190} INFO - [2026-07-09T12:30:35.295+0000] {dagbag.py:588} INFO - Filling up the DagBag from /opt/airflow/dags/dag_extract_dvizhenie.py
[2026-07-09T12:30:35.302+0000] {processor.py:925} INFO - DAG(s) 'dag_extract_dvizhenie' retrieved from /opt/airflow/dags/dag_extract_dvizhenie.py
[2026-07-09T12:30:35.314+0000] {logging_mixin.py:190} INFO - [2026-07-09T12:30:35.314+0000] {dag.py:3239} INFO - Sync 1 DAGs
[2026-07-09T12:30:35.323+0000] {logging_mixin.py:190} INFO - [2026-07-09T12:30:35.323+0000] {dag.py:4180} INFO - Setting next_dagrun for dag_extract_dvizhenie to 2026-07-09 10:00:00+00:00, run_after=2026-07-09 12:00:00+00:00
[2026-07-09T12:30:35.328+0000] {processor.py:208} INFO - Processing /opt/airflow/dags/dag_extract_dvizhenie.py took 0.039 seconds
[2026-07-09T12:31:05.756+0000] {processor.py:186} INFO - Started process (PID=4758) to work on /opt/airflow/dags/dag_extract_dvizhenie.py
[2026-07-09T12:31:05.757+0000] {processor.py:914} INFO - Processing file /opt/airflow/dags/dag_extract_dvizhenie.py for tasks to queue
[2026-07-09T12:31:05.758+0000] {logging_mixin.py:190} INFO - [2026-07-09T12:31:05.758+0000] {dagbag.py:588} INFO - Filling up the DagBag from /opt/airflow/dags/dag_extract_dvizhenie.py
[2026-07-09T12:31:05.763+0000] {processor.py:925} INFO - DAG(s) 'dag_extract_dvizhenie' retrieved from /opt/airflow/dags/dag_extract_dvizhenie.py
[2026-07-09T12:31:05.777+0000] {logging_mixin.py:190} INFO - [2026-07-09T12:31:05.777+0000] {dag.py:3239} INFO - Sync 1 DAGs
[2026-07-09T12:31:05.786+0000] {logging_mixin.py:190} INFO - [2026-07-09T12:31:05.786+0000] {dag.py:4180} INFO - Setting next_dagrun for dag_extract_dvizhenie to 2026-07-09 10:00:00+00:00, run_after=2026-07-09 12:00:00+00:00
[2026-07-09T12:31:05.796+0000] {processor.py:208} INFO - Processing /opt/airflow/dags/dag_extract_dvizhenie.py took 0.042 seconds
[2026-07-09T12:31:36.244+0000] {processor.py:186} INFO - Started process (PID=4778) to work on /opt/airflow/dags/dag_extract_dvizhenie.py
[2026-07-09T12:31:36.244+0000] {processor.py:914} INFO - Processing file /opt/airflow/dags/dag_extract_dvizhenie.py for tasks to queue
[2026-07-09T12:31:36.245+0000] {logging_mixin.py:190} INFO - [2026-07-09T12:31:36.245+0000] {dagbag.py:588} INFO - Filling up the DagBag from /opt/airflow/dags/dag_extract_dvizhenie.py
[2026-07-09T12:31:36.250+0000] {processor.py:925} INFO - DAG(s) 'dag_extract_dvizhenie' retrieved from /opt/airflow/dags/dag_extract_dvizhenie.py
[2026-07-09T12:31:36.259+0000] {logging_mixin.py:190} INFO - [2026-07-09T12:31:36.259+0000] {dag.py:3239} INFO - Sync 1 DAGs
[2026-07-09T12:31:36.266+0000] {logging_mixin.py:190} INFO - [2026-07-09T12:31:36.266+0000] {dag.py:4180} INFO - Setting next_dagrun for dag_extract_dvizhenie to 2026-07-09 10:00:00+00:00, run_after=2026-07-09 12:00:00+00:00
[2026-07-09T12:31:36.271+0000] {processor.py:208} INFO - Processing /opt/airflow/dags/dag_extract_dvizhenie.py took 0.030 seconds
[2026-07-09T12:32:06.704+0000] {processor.py:186} INFO - Started process (PID=4798) to work on /opt/airflow/dags/dag_extract_dvizhenie.py
[2026-07-09T12:32:06.704+0000] {processor.py:914} INFO - Processing file /opt/airflow/dags/dag_extract_dvizhenie.py for tasks to queue
[2026-07-09T12:32:06.705+0000] {logging_mixin.py:190} INFO - [2026-07-09T12:32:06.705+0000] {dagbag.py:588} INFO - Filling up the DagBag from /opt/airflow/dags/dag_extract_dvizhenie.py
[2026-07-09T12:32:06.710+0000] {processor.py:925} INFO - DAG(s) 'dag_extract_dvizhenie' retrieved from /opt/airflow/dags/dag_extract_dvizhenie.py
[2026-07-09T12:32:06.719+0000] {logging_mixin.py:190} INFO - [2026-07-09T12:32:06.719+0000] {dag.py:3239} INFO - Sync 1 DAGs
[2026-07-09T12:32:06.727+0000] {logging_mixin.py:190} INFO - [2026-07-09T12:32:06.727+0000] {dag.py:4180} INFO - Setting next_dagrun for dag_extract_dvizhenie to 2026-07-09 10:00:00+00:00, run_after=2026-07-09 12:00:00+00:00
[2026-07-09T12:32:06.731+0000] {processor.py:208} INFO - Processing /opt/airflow/dags/dag_extract_dvizhenie.py took 0.030 seconds
[2026-07-09T12:32:37.157+0000] {processor.py:186} INFO - Started process (PID=4818) to work on /opt/airflow/dags/dag_extract_dvizhenie.py
[2026-07-09T12:32:37.157+0000] {processor.py:914} INFO - Processing file /opt/airflow/dags/dag_extract_dvizhenie.py for tasks to queue
[2026-07-09T12:32:37.158+0000] {logging_mixin.py:190} INFO - [2026-07-09T12:32:37.158+0000] {dagbag.py:588} INFO - Filling up the DagBag from /opt/airflow/dags/dag_extract_dvizhenie.py
[2026-07-09T12:32:37.163+0000] {processor.py:925} INFO - DAG(s) 'dag_extract_dvizhenie' retrieved from /opt/airflow/dags/dag_extract_dvizhenie.py
[2026-07-09T12:32:37.173+0000] {logging_mixin.py:190} INFO - [2026-07-09T12:32:37.173+0000] {dag.py:3239} INFO - Sync 1 DAGs
[2026-07-09T12:32:37.180+0000] {logging_mixin.py:190} INFO - [2026-07-09T12:32:37.180+0000] {dag.py:4180} INFO - Setting next_dagrun for dag_extract_dvizhenie to 2026-07-09 10:00:00+00:00, run_after=2026-07-09 12:00:00+00:00
[2026-07-09T12:32:37.186+0000] {processor.py:208} INFO - Processing /opt/airflow/dags/dag_extract_dvizhenie.py took 0.033 seconds
[2026-07-09T12:33:07.609+0000] {processor.py:186} INFO - Started process (PID=4838) to work on /opt/airflow/dags/dag_extract_dvizhenie.py
[2026-07-09T12:33:07.610+0000] {processor.py:914} INFO - Processing file /opt/airflow/dags/dag_extract_dvizhenie.py for tasks to queue
[2026-07-09T12:33:07.612+0000] {logging_mixin.py:190} INFO - [2026-07-09T12:33:07.611+0000] {dagbag.py:588} INFO - Filling up the DagBag from /opt/airflow/dags/dag_extract_dvizhenie.py
[2026-07-09T12:33:07.617+0000] {processor.py:925} INFO - DAG(s) 'dag_extract_dvizhenie' retrieved from /opt/airflow/dags/dag_extract_dvizhenie.py
[2026-07-09T12:33:07.632+0000] {logging_mixin.py:190} INFO - [2026-07-09T12:33:07.632+0000] {dag.py:3239} INFO - Sync 1 DAGs
[2026-07-09T12:33:07.642+0000] {logging_mixin.py:190} INFO - [2026-07-09T12:33:07.642+0000] {dag.py:4180} INFO - Setting next_dagrun for dag_extract_dvizhenie to 2026-07-09 10:00:00+00:00, run_after=2026-07-09 12:00:00+00:00
[2026-07-09T12:33:07.650+0000] {processor.py:208} INFO - Processing /opt/airflow/dags/dag_extract_dvizhenie.py took 0.044 seconds
[2026-07-09T12:33:38.103+0000] {processor.py:186} INFO - Started process (PID=4856) to work on /opt/airflow/dags/dag_extract_dvizhenie.py
[2026-07-09T12:33:38.104+0000] {processor.py:914} INFO - Processing file /opt/airflow/dags/dag_extract_dvizhenie.py for tasks to queue
[2026-07-09T12:33:38.105+0000] {logging_mixin.py:190} INFO - [2026-07-09T12:33:38.105+0000] {dagbag.py:588} INFO - Filling up the DagBag from /opt/airflow/dags/dag_extract_dvizhenie.py
[2026-07-09T12:33:38.112+0000] {processor.py:925} INFO - DAG(s) 'dag_extract_dvizhenie' retrieved from /opt/airflow/dags/dag_extract_dvizhenie.py
[2026-07-09T12:33:38.130+0000] {logging_mixin.py:190} INFO - [2026-07-09T12:33:38.129+0000] {dag.py:3239} INFO - Sync 1 DAGs
[2026-07-09T12:33:38.143+0000] {logging_mixin.py:190} INFO - [2026-07-09T12:33:38.142+0000] {dag.py:4180} INFO - Setting next_dagrun for dag_extract_dvizhenie to 2026-07-09 10:00:00+00:00, run_after=2026-07-09 12:00:00+00:00
[2026-07-09T12:33:38.150+0000] {processor.py:208} INFO - Processing /opt/airflow/dags/dag_extract_dvizhenie.py took 0.063 seconds
[2026-07-09T12:34:08.629+0000] {processor.py:186} INFO - Started process (PID=4878) to work on /opt/airflow/dags/dag_extract_dvizhenie.py
[2026-07-09T12:34:08.630+0000] {processor.py:914} INFO - Processing file /opt/airflow/dags/dag_extract_dvizhenie.py for tasks to queue
[2026-07-09T12:34:08.631+0000] {logging_mixin.py:190} INFO - [2026-07-09T12:34:08.631+0000] {dagbag.py:588} INFO - Filling up the DagBag from /opt/airflow/dags/dag_extract_dvizhenie.py
[2026-07-09T12:34:08.637+0000] {processor.py:925} INFO - DAG(s) 'dag_extract_dvizhenie' retrieved from /opt/airflow/dags/dag_extract_dvizhenie.py
[2026-07-09T12:34:08.653+0000] {logging_mixin.py:190} INFO - [2026-07-09T12:34:08.653+0000] {dag.py:3239} INFO - Sync 1 DAGs
[2026-07-09T12:34:08.661+0000] {logging_mixin.py:190} INFO - [2026-07-09T12:34:08.661+0000] {dag.py:4180} INFO - Setting next_dagrun for dag_extract_dvizhenie to 2026-07-09 10:00:00+00:00, run_after=2026-07-09 12:00:00+00:00
[2026-07-09T12:34:08.733+0000] {processor.py:208} INFO - Processing /opt/airflow/dags/dag_extract_dvizhenie.py took 0.108 seconds
[2026-07-09T12:34:39.089+0000] {processor.py:186} INFO - Started process (PID=4898) to work on /opt/airflow/dags/dag_extract_dvizhenie.py
[2026-07-09T12:34:39.089+0000] {processor.py:914} INFO - Processing file /opt/airflow/dags/dag_extract_dvizhenie.py for tasks to queue
[2026-07-09T12:34:39.090+0000] {logging_mixin.py:190} INFO - [2026-07-09T12:34:39.090+0000] {dagbag.py:588} INFO - Filling up the DagBag from /opt/airflow/dags/dag_extract_dvizhenie.py
[2026-07-09T12:34:39.095+0000] {processor.py:925} INFO - DAG(s) 'dag_extract_dvizhenie' retrieved from /opt/airflow/dags/dag_extract_dvizhenie.py
[2026-07-09T12:34:39.104+0000] {logging_mixin.py:190} INFO - [2026-07-09T12:34:39.104+0000] {dag.py:3239} INFO - Sync 1 DAGs
[2026-07-09T12:34:39.112+0000] {logging_mixin.py:190} INFO - [2026-07-09T12:34:39.112+0000] {dag.py:4180} INFO - Setting next_dagrun for dag_extract_dvizhenie to 2026-07-09 10:00:00+00:00, run_after=2026-07-09 12:00:00+00:00
[2026-07-09T12:34:39.117+0000] {processor.py:208} INFO - Processing /opt/airflow/dags/dag_extract_dvizhenie.py took 0.031 seconds
[2026-07-09T12:35:09.647+0000] {processor.py:186} INFO - Started process (PID=4916) to work on /opt/airflow/dags/dag_extract_dvizhenie.py
[2026-07-09T12:35:09.648+0000] {processor.py:914} INFO - Processing file /opt/airflow/dags/dag_extract_dvizhenie.py for tasks to queue
[2026-07-09T12:35:09.649+0000] {logging_mixin.py:190} INFO - [2026-07-09T12:35:09.649+0000] {dagbag.py:588} INFO - Filling up the DagBag from /opt/airflow/dags/dag_extract_dvizhenie.py
[2026-07-09T12:35:09.655+0000] {processor.py:925} INFO - DAG(s) 'dag_extract_dvizhenie' retrieved from /opt/airflow/dags/dag_extract_dvizhenie.py
[2026-07-09T12:35:09.666+0000] {logging_mixin.py:190} INFO - [2026-07-09T12:35:09.666+0000] {dag.py:3239} INFO - Sync 1 DAGs
[2026-07-09T12:35:09.674+0000] {logging_mixin.py:190} INFO - [2026-07-09T12:35:09.674+0000] {dag.py:4180} INFO - Setting next_dagrun for dag_extract_dvizhenie to 2026-07-09 10:00:00+00:00, run_after=2026-07-09 12:00:00+00:00
[2026-07-09T12:35:09.682+0000] {processor.py:208} INFO - Processing /opt/airflow/dags/dag_extract_dvizhenie.py took 0.039 seconds
[2026-07-09T12:35:40.074+0000] {processor.py:186} INFO - Started process (PID=4938) to work on /opt/airflow/dags/dag_extract_dvizhenie.py
[2026-07-09T12:35:40.074+0000] {processor.py:914} INFO - Processing file /opt/airflow/dags/dag_extract_dvizhenie.py for tasks to queue
[2026-07-09T12:35:40.075+0000] {logging_mixin.py:190} INFO - [2026-07-09T12:35:40.075+0000] {dagbag.py:588} INFO - Filling up the DagBag from /opt/airflow/dags/dag_extract_dvizhenie.py
[2026-07-09T12:35:40.079+0000] {processor.py:925} INFO - DAG(s) 'dag_extract_dvizhenie' retrieved from /opt/airflow/dags/dag_extract_dvizhenie.py
[2026-07-09T12:35:40.089+0000] {logging_mixin.py:190} INFO - [2026-07-09T12:35:40.089+0000] {dag.py:3239} INFO - Sync 1 DAGs
[2026-07-09T12:35:40.096+0000] {logging_mixin.py:190} INFO - [2026-07-09T12:35:40.096+0000] {dag.py:4180} INFO - Setting next_dagrun for dag_extract_dvizhenie to 2026-07-09 10:00:00+00:00, run_after=2026-07-09 12:00:00+00:00
[2026-07-09T12:35:40.176+0000] {processor.py:208} INFO - Processing /opt/airflow/dags/dag_extract_dvizhenie.py took 0.105 seconds
[2026-07-09T12:36:10.696+0000] {processor.py:186} INFO - Started process (PID=4958) to work on /opt/airflow/dags/dag_extract_dvizhenie.py
[2026-07-09T12:36:10.696+0000] {processor.py:914} INFO - Processing file /opt/airflow/dags/dag_extract_dvizhenie.py for tasks to queue
[2026-07-09T12:36:10.697+0000] {logging_mixin.py:190} INFO - [2026-07-09T12:36:10.697+0000] {dagbag.py:588} INFO - Filling up the DagBag from /opt/airflow/dags/dag_extract_dvizhenie.py
[2026-07-09T12:36:10.702+0000] {processor.py:925} INFO - DAG(s) 'dag_extract_dvizhenie' retrieved from /opt/airflow/dags/dag_extract_dvizhenie.py
[2026-07-09T12:36:10.712+0000] {logging_mixin.py:190} INFO - [2026-07-09T12:36:10.712+0000] {dag.py:3239} INFO - Sync 1 DAGs
[2026-07-09T12:36:10.719+0000] {logging_mixin.py:190} INFO - [2026-07-09T12:36:10.719+0000] {dag.py:4180} INFO - Setting next_dagrun for dag_extract_dvizhenie to 2026-07-09 10:00:00+00:00, run_after=2026-07-09 12:00:00+00:00
[2026-07-09T12:36:10.724+0000] {processor.py:208} INFO - Processing /opt/airflow/dags/dag_extract_dvizhenie.py took 0.031 seconds
[2026-07-09T12:36:41.352+0000] {processor.py:186} INFO - Started process (PID=4976) to work on /opt/airflow/dags/dag_extract_dvizhenie.py
[2026-07-09T12:36:41.353+0000] {processor.py:914} INFO - Processing file /opt/airflow/dags/dag_extract_dvizhenie.py for tasks to queue
[2026-07-09T12:36:41.354+0000] {logging_mixin.py:190} INFO - [2026-07-09T12:36:41.354+0000] {dagbag.py:588} INFO - Filling up the DagBag from /opt/airflow/dags/dag_extract_dvizhenie.py
[2026-07-09T12:36:41.362+0000] {processor.py:925} INFO - DAG(s) 'dag_extract_dvizhenie' retrieved from /opt/airflow/dags/dag_extract_dvizhenie.py
[2026-07-09T12:36:41.374+0000] {logging_mixin.py:190} INFO - [2026-07-09T12:36:41.374+0000] {dag.py:3239} INFO - Sync 1 DAGs
[2026-07-09T12:36:41.453+0000] {logging_mixin.py:190} INFO - [2026-07-09T12:36:41.453+0000] {dag.py:4180} INFO - Setting next_dagrun for dag_extract_dvizhenie to 2026-07-09 10:00:00+00:00, run_after=2026-07-09 12:00:00+00:00
[2026-07-09T12:36:41.458+0000] {processor.py:208} INFO - Processing /opt/airflow/dags/dag_extract_dvizhenie.py took 0.110 seconds
[2026-07-09T12:37:11.914+0000] {processor.py:186} INFO - Started process (PID=4996) to work on /opt/airflow/dags/dag_extract_dvizhenie.py
[2026-07-09T12:37:11.914+0000] {processor.py:914} INFO - Processing file /opt/airflow/dags/dag_extract_dvizhenie.py for tasks to queue
[2026-07-09T12:37:11.915+0000] {logging_mixin.py:190} INFO - [2026-07-09T12:37:11.915+0000] {dagbag.py:588} INFO - Filling up the DagBag from /opt/airflow/dags/dag_extract_dvizhenie.py
[2026-07-09T12:37:11.921+0000] {processor.py:925} INFO - DAG(s) 'dag_extract_dvizhenie' retrieved from /opt/airflow/dags/dag_extract_dvizhenie.py
[2026-07-09T12:37:11.932+0000] {logging_mixin.py:190} INFO - [2026-07-09T12:37:11.932+0000] {dag.py:3239} INFO - Sync 1 DAGs
[2026-07-09T12:37:11.941+0000] {logging_mixin.py:190} INFO - [2026-07-09T12:37:11.940+0000] {dag.py:4180} INFO - Setting next_dagrun for dag_extract_dvizhenie to 2026-07-09 10:00:00+00:00, run_after=2026-07-09 12:00:00+00:00
[2026-07-09T12:37:12.027+0000] {processor.py:208} INFO - Processing /opt/airflow/dags/dag_extract_dvizhenie.py took 0.116 seconds
[2026-07-09T12:37:42.651+0000] {processor.py:186} INFO - Started process (PID=5018) to work on /opt/airflow/dags/dag_extract_dvizhenie.py
[2026-07-09T12:37:42.651+0000] {processor.py:914} INFO - Processing file /opt/airflow/dags/dag_extract_dvizhenie.py for tasks to queue
[2026-07-09T12:37:42.653+0000] {logging_mixin.py:190} INFO - [2026-07-09T12:37:42.652+0000] {dagbag.py:588} INFO - Filling up the DagBag from /opt/airflow/dags/dag_extract_dvizhenie.py
[2026-07-09T12:37:42.721+0000] {processor.py:925} INFO - DAG(s) 'dag_extract_dvizhenie' retrieved from /opt/airflow/dags/dag_extract_dvizhenie.py
[2026-07-09T12:37:42.729+0000] {logging_mixin.py:190} INFO - [2026-07-09T12:37:42.729+0000] {dag.py:3239} INFO - Sync 1 DAGs
[2026-07-09T12:37:42.736+0000] {logging_mixin.py:190} INFO - [2026-07-09T12:37:42.736+0000] {dag.py:4180} INFO - Setting next_dagrun for dag_extract_dvizhenie to 2026-07-09 10:00:00+00:00, run_after=2026-07-09 12:00:00+00:00
[2026-07-09T12:37:42.740+0000] {processor.py:208} INFO - Processing /opt/airflow/dags/dag_extract_dvizhenie.py took 0.092 seconds
[2026-07-09T12:38:13.328+0000] {processor.py:186} INFO - Started process (PID=5038) to work on /opt/airflow/dags/dag_extract_dvizhenie.py
[2026-07-09T12:38:13.328+0000] {processor.py:914} INFO - Processing file /opt/airflow/dags/dag_extract_dvizhenie.py for tasks to queue
[2026-07-09T12:38:13.329+0000] {logging_mixin.py:190} INFO - [2026-07-09T12:38:13.329+0000] {dagbag.py:588} INFO - Filling up the DagBag from /opt/airflow/dags/dag_extract_dvizhenie.py
[2026-07-09T12:38:13.334+0000] {processor.py:925} INFO - DAG(s) 'dag_extract_dvizhenie' retrieved from /opt/airflow/dags/dag_extract_dvizhenie.py
[2026-07-09T12:38:13.344+0000] {logging_mixin.py:190} INFO - [2026-07-09T12:38:13.344+0000] {dag.py:3239} INFO - Sync 1 DAGs
[2026-07-09T12:38:13.351+0000] {logging_mixin.py:190} INFO - [2026-07-09T12:38:13.351+0000] {dag.py:4180} INFO - Setting next_dagrun for dag_extract_dvizhenie to 2026-07-09 10:00:00+00:00, run_after=2026-07-09 12:00:00+00:00
[2026-07-09T12:38:13.356+0000] {processor.py:208} INFO - Processing /opt/airflow/dags/dag_extract_dvizhenie.py took 0.032 seconds
[2026-07-09T12:38:43.868+0000] {processor.py:186} INFO - Started process (PID=5058) to work on /opt/airflow/dags/dag_extract_dvizhenie.py
[2026-07-09T12:38:43.868+0000] {processor.py:914} INFO - Processing file /opt/airflow/dags/dag_extract_dvizhenie.py for tasks to queue
[2026-07-09T12:38:43.869+0000] {logging_mixin.py:190} INFO - [2026-07-09T12:38:43.869+0000] {dagbag.py:588} INFO - Filling up the DagBag from /opt/airflow/dags/dag_extract_dvizhenie.py
[2026-07-09T12:38:43.874+0000] {processor.py:925} INFO - DAG(s) 'dag_extract_dvizhenie' retrieved from /opt/airflow/dags/dag_extract_dvizhenie.py
[2026-07-09T12:38:43.883+0000] {logging_mixin.py:190} INFO - [2026-07-09T12:38:43.883+0000] {dag.py:3239} INFO - Sync 1 DAGs
[2026-07-09T12:38:43.891+0000] {logging_mixin.py:190} INFO - [2026-07-09T12:38:43.891+0000] {dag.py:4180} INFO - Setting next_dagrun for dag_extract_dvizhenie to 2026-07-09 10:00:00+00:00, run_after=2026-07-09 12:00:00+00:00
[2026-07-09T12:38:43.896+0000] {processor.py:208} INFO - Processing /opt/airflow/dags/dag_extract_dvizhenie.py took 0.030 seconds
[2026-07-09T12:39:14.330+0000] {processor.py:186} INFO - Started process (PID=5078) to work on /opt/airflow/dags/dag_extract_dvizhenie.py
[2026-07-09T12:39:14.331+0000] {processor.py:914} INFO - Processing file /opt/airflow/dags/dag_extract_dvizhenie.py for tasks to queue
[2026-07-09T12:39:14.332+0000] {logging_mixin.py:190} INFO - [2026-07-09T12:39:14.331+0000] {dagbag.py:588} INFO - Filling up the DagBag from /opt/airflow/dags/dag_extract_dvizhenie.py
[2026-07-09T12:39:14.336+0000] {processor.py:925} INFO - DAG(s) 'dag_extract_dvizhenie' retrieved from /opt/airflow/dags/dag_extract_dvizhenie.py
[2026-07-09T12:39:14.346+0000] {logging_mixin.py:190} INFO - [2026-07-09T12:39:14.346+0000] {dag.py:3239} INFO - Sync 1 DAGs
[2026-07-09T12:39:14.353+0000] {logging_mixin.py:190} INFO - [2026-07-09T12:39:14.353+0000] {dag.py:4180} INFO - Setting next_dagrun for dag_extract_dvizhenie to 2026-07-09 10:00:00+00:00, run_after=2026-07-09 12:00:00+00:00
[2026-07-09T12:39:14.357+0000] {processor.py:208} INFO - Processing /opt/airflow/dags/dag_extract_dvizhenie.py took 0.029 seconds
[2026-07-09T12:39:44.855+0000] {processor.py:186} INFO - Started process (PID=5098) to work on /opt/airflow/dags/dag_extract_dvizhenie.py
[2026-07-09T12:39:44.855+0000] {processor.py:914} INFO - Processing file /opt/airflow/dags/dag_extract_dvizhenie.py for tasks to queue
[2026-07-09T12:39:44.856+0000] {logging_mixin.py:190} INFO - [2026-07-09T12:39:44.856+0000] {dagbag.py:588} INFO - Filling up the DagBag from /opt/airflow/dags/dag_extract_dvizhenie.py
[2026-07-09T12:39:44.861+0000] {processor.py:925} INFO - DAG(s) 'dag_extract_dvizhenie' retrieved from /opt/airflow/dags/dag_extract_dvizhenie.py
[2026-07-09T12:39:44.870+0000] {logging_mixin.py:190} INFO - [2026-07-09T12:39:44.870+0000] {dag.py:3239} INFO - Sync 1 DAGs
[2026-07-09T12:39:44.877+0000] {logging_mixin.py:190} INFO - [2026-07-09T12:39:44.877+0000] {dag.py:4180} INFO - Setting next_dagrun for dag_extract_dvizhenie to 2026-07-09 10:00:00+00:00, run_after=2026-07-09 12:00:00+00:00
[2026-07-09T12:39:44.882+0000] {processor.py:208} INFO - Processing /opt/airflow/dags/dag_extract_dvizhenie.py took 0.030 seconds
[2026-07-09T12:40:15.334+0000] {processor.py:186} INFO - Started process (PID=5118) to work on /opt/airflow/dags/dag_extract_dvizhenie.py
[2026-07-09T12:40:15.334+0000] {processor.py:914} INFO - Processing file /opt/airflow/dags/dag_extract_dvizhenie.py for tasks to queue
[2026-07-09T12:40:15.335+0000] {logging_mixin.py:190} INFO - [2026-07-09T12:40:15.335+0000] {dagbag.py:588} INFO - Filling up the DagBag from /opt/airflow/dags/dag_extract_dvizhenie.py
[2026-07-09T12:40:15.339+0000] {processor.py:925} INFO - DAG(s) 'dag_extract_dvizhenie' retrieved from /opt/airflow/dags/dag_extract_dvizhenie.py
[2026-07-09T12:40:15.349+0000] {logging_mixin.py:190} INFO - [2026-07-09T12:40:15.349+0000] {dag.py:3239} INFO - Sync 1 DAGs
[2026-07-09T12:40:15.356+0000] {logging_mixin.py:190} INFO - [2026-07-09T12:40:15.356+0000] {dag.py:4180} INFO - Setting next_dagrun for dag_extract_dvizhenie to 2026-07-09 10:00:00+00:00, run_after=2026-07-09 12:00:00+00:00
[2026-07-09T12:40:15.362+0000] {processor.py:208} INFO - Processing /opt/airflow/dags/dag_extract_dvizhenie.py took 0.031 seconds
[2026-07-09T12:40:45.856+0000] {processor.py:186} INFO - Started process (PID=5138) to work on /opt/airflow/dags/dag_extract_dvizhenie.py
[2026-07-09T12:40:45.857+0000] {processor.py:914} INFO - Processing file /opt/airflow/dags/dag_extract_dvizhenie.py for tasks to queue
[2026-07-09T12:40:45.858+0000] {logging_mixin.py:190} INFO - [2026-07-09T12:40:45.858+0000] {dagbag.py:588} INFO - Filling up the DagBag from /opt/airflow/dags/dag_extract_dvizhenie.py
[2026-07-09T12:40:45.863+0000] {processor.py:925} INFO - DAG(s) 'dag_extract_dvizhenie' retrieved from /opt/airflow/dags/dag_extract_dvizhenie.py
[2026-07-09T12:40:45.877+0000] {logging_mixin.py:190} INFO - [2026-07-09T12:40:45.877+0000] {dag.py:3239} INFO - Sync 1 DAGs
[2026-07-09T12:40:45.887+0000] {logging_mixin.py:190} INFO - [2026-07-09T12:40:45.887+0000] {dag.py:4180} INFO - Setting next_dagrun for dag_extract_dvizhenie to 2026-07-09 10:00:00+00:00, run_after=2026-07-09 12:00:00+00:00
[2026-07-09T12:40:45.894+0000] {processor.py:208} INFO - Processing /opt/airflow/dags/dag_extract_dvizhenie.py took 0.041 seconds
[2026-07-09T12:41:16.402+0000] {processor.py:186} INFO - Started process (PID=5158) to work on /opt/airflow/dags/dag_extract_dvizhenie.py
[2026-07-09T12:41:16.402+0000] {processor.py:914} INFO - Processing file /opt/airflow/dags/dag_extract_dvizhenie.py for tasks to queue
[2026-07-09T12:41:16.403+0000] {logging_mixin.py:190} INFO - [2026-07-09T12:41:16.403+0000] {dagbag.py:588} INFO - Filling up the DagBag from /opt/airflow/dags/dag_extract_dvizhenie.py
[2026-07-09T12:41:16.408+0000] {processor.py:925} INFO - DAG(s) 'dag_extract_dvizhenie' retrieved from /opt/airflow/dags/dag_extract_dvizhenie.py
[2026-07-09T12:41:16.418+0000] {logging_mixin.py:190} INFO - [2026-07-09T12:41:16.418+0000] {dag.py:3239} INFO - Sync 1 DAGs
[2026-07-09T12:41:16.425+0000] {logging_mixin.py:190} INFO - [2026-07-09T12:41:16.425+0000] {dag.py:4180} INFO - Setting next_dagrun for dag_extract_dvizhenie to 2026-07-09 10:00:00+00:00, run_after=2026-07-09 12:00:00+00:00
[2026-07-09T12:41:16.430+0000] {processor.py:208} INFO - Processing /opt/airflow/dags/dag_extract_dvizhenie.py took 0.030 seconds
[2026-07-09T12:41:46.906+0000] {processor.py:186} INFO - Started process (PID=5178) to work on /opt/airflow/dags/dag_extract_dvizhenie.py
[2026-07-09T12:41:46.907+0000] {processor.py:914} INFO - Processing file /opt/airflow/dags/dag_extract_dvizhenie.py for tasks to queue
[2026-07-09T12:41:46.908+0000] {logging_mixin.py:190} INFO - [2026-07-09T12:41:46.907+0000] {dagbag.py:588} INFO - Filling up the DagBag from /opt/airflow/dags/dag_extract_dvizhenie.py
[2026-07-09T12:41:46.912+0000] {processor.py:925} INFO - DAG(s) 'dag_extract_dvizhenie' retrieved from /opt/airflow/dags/dag_extract_dvizhenie.py
[2026-07-09T12:41:46.922+0000] {logging_mixin.py:190} INFO - [2026-07-09T12:41:46.922+0000] {dag.py:3239} INFO - Sync 1 DAGs
[2026-07-09T12:41:46.929+0000] {logging_mixin.py:190} INFO - [2026-07-09T12:41:46.929+0000] {dag.py:4180} INFO - Setting next_dagrun for dag_extract_dvizhenie to 2026-07-09 10:00:00+00:00, run_after=2026-07-09 12:00:00+00:00
[2026-07-09T12:41:46.935+0000] {processor.py:208} INFO - Processing /opt/airflow/dags/dag_extract_dvizhenie.py took 0.031 seconds
[2026-07-09T12:42:17.409+0000] {processor.py:186} INFO - Started process (PID=5198) to work on /opt/airflow/dags/dag_extract_dvizhenie.py
[2026-07-09T12:42:17.410+0000] {processor.py:914} INFO - Processing file /opt/airflow/dags/dag_extract_dvizhenie.py for tasks to queue
[2026-07-09T12:42:17.411+0000] {logging_mixin.py:190} INFO - [2026-07-09T12:42:17.411+0000] {dagbag.py:588} INFO - Filling up the DagBag from /opt/airflow/dags/dag_extract_dvizhenie.py
[2026-07-09T12:42:17.415+0000] {processor.py:925} INFO - DAG(s) 'dag_extract_dvizhenie' retrieved from /opt/airflow/dags/dag_extract_dvizhenie.py
[2026-07-09T12:42:17.425+0000] {logging_mixin.py:190} INFO - [2026-07-09T12:42:17.425+0000] {dag.py:3239} INFO - Sync 1 DAGs
[2026-07-09T12:42:17.432+0000] {logging_mixin.py:190} INFO - [2026-07-09T12:42:17.432+0000] {dag.py:4180} INFO - Setting next_dagrun for dag_extract_dvizhenie to 2026-07-09 10:00:00+00:00, run_after=2026-07-09 12:00:00+00:00
[2026-07-09T12:42:17.437+0000] {processor.py:208} INFO - Processing /opt/airflow/dags/dag_extract_dvizhenie.py took 0.030 seconds
[2026-07-09T12:42:47.956+0000] {processor.py:186} INFO - Started process (PID=5218) to work on /opt/airflow/dags/dag_extract_dvizhenie.py
[2026-07-09T12:42:47.957+0000] {processor.py:914} INFO - Processing file /opt/airflow/dags/dag_extract_dvizhenie.py for tasks to queue
[2026-07-09T12:42:47.958+0000] {logging_mixin.py:190} INFO - [2026-07-09T12:42:47.958+0000] {dagbag.py:588} INFO - Filling up the DagBag from /opt/airflow/dags/dag_extract_dvizhenie.py
[2026-07-09T12:42:47.962+0000] {processor.py:925} INFO - DAG(s) 'dag_extract_dvizhenie' retrieved from /opt/airflow/dags/dag_extract_dvizhenie.py
[2026-07-09T12:42:47.972+0000] {logging_mixin.py:190} INFO - [2026-07-09T12:42:47.972+0000] {dag.py:3239} INFO - Sync 1 DAGs
[2026-07-09T12:42:47.980+0000] {logging_mixin.py:190} INFO - [2026-07-09T12:42:47.980+0000] {dag.py:4180} INFO - Setting next_dagrun for dag_extract_dvizhenie to 2026-07-09 10:00:00+00:00, run_after=2026-07-09 12:00:00+00:00
[2026-07-09T12:42:47.984+0000] {processor.py:208} INFO - Processing /opt/airflow/dags/dag_extract_dvizhenie.py took 0.030 seconds
[2026-07-09T12:43:18.474+0000] {processor.py:186} INFO - Started process (PID=5238) to work on /opt/airflow/dags/dag_extract_dvizhenie.py
[2026-07-09T12:43:18.475+0000] {processor.py:914} INFO - Processing file /opt/airflow/dags/dag_extract_dvizhenie.py for tasks to queue
[2026-07-09T12:43:18.476+0000] {logging_mixin.py:190} INFO - [2026-07-09T12:43:18.475+0000] {dagbag.py:588} INFO - Filling up the DagBag from /opt/airflow/dags/dag_extract_dvizhenie.py
[2026-07-09T12:43:18.480+0000] {processor.py:925} INFO - DAG(s) 'dag_extract_dvizhenie' retrieved from /opt/airflow/dags/dag_extract_dvizhenie.py
[2026-07-09T12:43:18.490+0000] {logging_mixin.py:190} INFO - [2026-07-09T12:43:18.490+0000] {dag.py:3239} INFO - Sync 1 DAGs
[2026-07-09T12:43:18.497+0000] {logging_mixin.py:190} INFO - [2026-07-09T12:43:18.497+0000] {dag.py:4180} INFO - Setting next_dagrun for dag_extract_dvizhenie to 2026-07-09 10:00:00+00:00, run_after=2026-07-09 12:00:00+00:00
[2026-07-09T12:43:18.502+0000] {processor.py:208} INFO - Processing /opt/airflow/dags/dag_extract_dvizhenie.py took 0.031 seconds
[2026-07-09T12:43:48.937+0000] {processor.py:186} INFO - Started process (PID=5258) to work on /opt/airflow/dags/dag_extract_dvizhenie.py
[2026-07-09T12:43:48.937+0000] {processor.py:914} INFO - Processing file /opt/airflow/dags/dag_extract_dvizhenie.py for tasks to queue
[2026-07-09T12:43:48.938+0000] {logging_mixin.py:190} INFO - [2026-07-09T12:43:48.938+0000] {dagbag.py:588} INFO - Filling up the DagBag from /opt/airflow/dags/dag_extract_dvizhenie.py
[2026-07-09T12:43:48.943+0000] {processor.py:925} INFO - DAG(s) 'dag_extract_dvizhenie' retrieved from /opt/airflow/dags/dag_extract_dvizhenie.py
[2026-07-09T12:43:48.956+0000] {logging_mixin.py:190} INFO - [2026-07-09T12:43:48.956+0000] {dag.py:3239} INFO - Sync 1 DAGs
[2026-07-09T12:43:48.965+0000] {logging_mixin.py:190} INFO - [2026-07-09T12:43:48.965+0000] {dag.py:4180} INFO - Setting next_dagrun for dag_extract_dvizhenie to 2026-07-09 10:00:00+00:00, run_after=2026-07-09 12:00:00+00:00
[2026-07-09T12:43:48.973+0000] {processor.py:208} INFO - Processing /opt/airflow/dags/dag_extract_dvizhenie.py took 0.039 seconds
[2026-07-09T12:44:19.414+0000] {processor.py:186} INFO - Started process (PID=5278) to work on /opt/airflow/dags/dag_extract_dvizhenie.py
[2026-07-09T12:44:19.414+0000] {processor.py:914} INFO - Processing file /opt/airflow/dags/dag_extract_dvizhenie.py for tasks to queue
[2026-07-09T12:44:19.415+0000] {logging_mixin.py:190} INFO - [2026-07-09T12:44:19.415+0000] {dagbag.py:588} INFO - Filling up the DagBag from /opt/airflow/dags/dag_extract_dvizhenie.py
[2026-07-09T12:44:19.419+0000] {processor.py:925} INFO - DAG(s) 'dag_extract_dvizhenie' retrieved from /opt/airflow/dags/dag_extract_dvizhenie.py
[2026-07-09T12:44:19.429+0000] {logging_mixin.py:190} INFO - [2026-07-09T12:44:19.429+0000] {dag.py:3239} INFO - Sync 1 DAGs
[2026-07-09T12:44:19.436+0000] {logging_mixin.py:190} INFO - [2026-07-09T12:44:19.436+0000] {dag.py:4180} INFO - Setting next_dagrun for dag_extract_dvizhenie to 2026-07-09 10:00:00+00:00, run_after=2026-07-09 12:00:00+00:00
[2026-07-09T12:44:19.441+0000] {processor.py:208} INFO - Processing /opt/airflow/dags/dag_extract_dvizhenie.py took 0.029 seconds
[2026-07-09T12:44:49.801+0000] {processor.py:186} INFO - Started process (PID=5298) to work on /opt/airflow/dags/dag_extract_dvizhenie.py
[2026-07-09T12:44:49.801+0000] {processor.py:914} INFO - Processing file /opt/airflow/dags/dag_extract_dvizhenie.py for tasks to queue
[2026-07-09T12:44:49.802+0000] {logging_mixin.py:190} INFO - [2026-07-09T12:44:49.802+0000] {dagbag.py:588} INFO - Filling up the DagBag from /opt/airflow/dags/dag_extract_dvizhenie.py
[2026-07-09T12:44:49.806+0000] {processor.py:925} INFO - DAG(s) 'dag_extract_dvizhenie' retrieved from /opt/airflow/dags/dag_extract_dvizhenie.py
[2026-07-09T12:44:49.816+0000] {logging_mixin.py:190} INFO - [2026-07-09T12:44:49.816+0000] {dag.py:3239} INFO - Sync 1 DAGs
[2026-07-09T12:44:49.824+0000] {logging_mixin.py:190} INFO - [2026-07-09T12:44:49.823+0000] {dag.py:4180} INFO - Setting next_dagrun for dag_extract_dvizhenie to 2026-07-09 10:00:00+00:00, run_after=2026-07-09 12:00:00+00:00
[2026-07-09T12:44:49.829+0000] {processor.py:208} INFO - Processing /opt/airflow/dags/dag_extract_dvizhenie.py took 0.031 seconds
[2026-07-09T12:45:20.258+0000] {processor.py:186} INFO - Started process (PID=5318) to work on /opt/airflow/dags/dag_extract_dvizhenie.py
[2026-07-09T12:45:20.258+0000] {processor.py:914} INFO - Processing file /opt/airflow/dags/dag_extract_dvizhenie.py for tasks to queue
[2026-07-09T12:45:20.259+0000] {logging_mixin.py:190} INFO - [2026-07-09T12:45:20.259+0000] {dagbag.py:588} INFO - Filling up the DagBag from /opt/airflow/dags/dag_extract_dvizhenie.py
[2026-07-09T12:45:20.264+0000] {processor.py:925} INFO - DAG(s) 'dag_extract_dvizhenie' retrieved from /opt/airflow/dags/dag_extract_dvizhenie.py
[2026-07-09T12:45:20.273+0000] {logging_mixin.py:190} INFO - [2026-07-09T12:45:20.273+0000] {dag.py:3239} INFO - Sync 1 DAGs
[2026-07-09T12:45:20.281+0000] {logging_mixin.py:190} INFO - [2026-07-09T12:45:20.280+0000] {dag.py:4180} INFO - Setting next_dagrun for dag_extract_dvizhenie to 2026-07-09 10:00:00+00:00, run_after=2026-07-09 12:00:00+00:00
[2026-07-09T12:45:20.285+0000] {processor.py:208} INFO - Processing /opt/airflow/dags/dag_extract_dvizhenie.py took 0.030 seconds
[2026-07-09T12:45:50.751+0000] {processor.py:186} INFO - Started process (PID=5338) to work on /opt/airflow/dags/dag_extract_dvizhenie.py
[2026-07-09T12:45:50.751+0000] {processor.py:914} INFO - Processing file /opt/airflow/dags/dag_extract_dvizhenie.py for tasks to queue
[2026-07-09T12:45:50.753+0000] {logging_mixin.py:190} INFO - [2026-07-09T12:45:50.752+0000] {dagbag.py:588} INFO - Filling up the DagBag from /opt/airflow/dags/dag_extract_dvizhenie.py
[2026-07-09T12:45:50.758+0000] {processor.py:925} INFO - DAG(s) 'dag_extract_dvizhenie' retrieved from /opt/airflow/dags/dag_extract_dvizhenie.py
[2026-07-09T12:45:50.775+0000] {logging_mixin.py:190} INFO - [2026-07-09T12:45:50.773+0000] {dag.py:3239} INFO - Sync 1 DAGs
[2026-07-09T12:45:50.787+0000] {logging_mixin.py:190} INFO - [2026-07-09T12:45:50.787+0000] {dag.py:4180} INFO - Setting next_dagrun for dag_extract_dvizhenie to 2026-07-09 10:00:00+00:00, run_after=2026-07-09 12:00:00+00:00
[2026-07-09T12:45:50.794+0000] {processor.py:208} INFO - Processing /opt/airflow/dags/dag_extract_dvizhenie.py took 0.047 seconds
[2026-07-09T12:46:21.207+0000] {processor.py:186} INFO - Started process (PID=5356) to work on /opt/airflow/dags/dag_extract_dvizhenie.py
[2026-07-09T12:46:21.208+0000] {processor.py:914} INFO - Processing file /opt/airflow/dags/dag_extract_dvizhenie.py for tasks to queue
[2026-07-09T12:46:21.209+0000] {logging_mixin.py:190} INFO - [2026-07-09T12:46:21.209+0000] {dagbag.py:588} INFO - Filling up the DagBag from /opt/airflow/dags/dag_extract_dvizhenie.py
[2026-07-09T12:46:21.216+0000] {processor.py:925} INFO - DAG(s) 'dag_extract_dvizhenie' retrieved from /opt/airflow/dags/dag_extract_dvizhenie.py
[2026-07-09T12:46:21.232+0000] {logging_mixin.py:190} INFO - [2026-07-09T12:46:21.232+0000] {dag.py:3239} INFO - Sync 1 DAGs
[2026-07-09T12:46:21.241+0000] {logging_mixin.py:190} INFO - [2026-07-09T12:46:21.241+0000] {dag.py:4180} INFO - Setting next_dagrun for dag_extract_dvizhenie to 2026-07-09 10:00:00+00:00, run_after=2026-07-09 12:00:00+00:00
[2026-07-09T12:46:21.248+0000] {processor.py:208} INFO - Processing /opt/airflow/dags/dag_extract_dvizhenie.py took 0.044 seconds
[2026-07-09T12:46:51.709+0000] {processor.py:186} INFO - Started process (PID=5378) to work on /opt/airflow/dags/dag_extract_dvizhenie.py
[2026-07-09T12:46:51.709+0000] {processor.py:914} INFO - Processing file /opt/airflow/dags/dag_extract_dvizhenie.py for tasks to queue
[2026-07-09T12:46:51.710+0000] {logging_mixin.py:190} INFO - [2026-07-09T12:46:51.710+0000] {dagbag.py:588} INFO - Filling up the DagBag from /opt/airflow/dags/dag_extract_dvizhenie.py
[2026-07-09T12:46:51.716+0000] {processor.py:925} INFO - DAG(s) 'dag_extract_dvizhenie' retrieved from /opt/airflow/dags/dag_extract_dvizhenie.py
[2026-07-09T12:46:51.727+0000] {logging_mixin.py:190} INFO - [2026-07-09T12:46:51.727+0000] {dag.py:3239} INFO - Sync 1 DAGs
[2026-07-09T12:46:51.734+0000] {logging_mixin.py:190} INFO - [2026-07-09T12:46:51.734+0000] {dag.py:4180} INFO - Setting next_dagrun for dag_extract_dvizhenie to 2026-07-09 10:00:00+00:00, run_after=2026-07-09 12:00:00+00:00
[2026-07-09T12:46:51.739+0000] {processor.py:208} INFO - Processing /opt/airflow/dags/dag_extract_dvizhenie.py took 0.034 seconds
[2026-07-09T12:47:22.186+0000] {processor.py:186} INFO - Started process (PID=5398) to work on /opt/airflow/dags/dag_extract_dvizhenie.py
[2026-07-09T12:47:22.187+0000] {processor.py:914} INFO - Processing file /opt/airflow/dags/dag_extract_dvizhenie.py for tasks to queue
[2026-07-09T12:47:22.188+0000] {logging_mixin.py:190} INFO - [2026-07-09T12:47:22.188+0000] {dagbag.py:588} INFO - Filling up the DagBag from /opt/airflow/dags/dag_extract_dvizhenie.py
[2026-07-09T12:47:22.194+0000] {processor.py:925} INFO - DAG(s) 'dag_extract_dvizhenie' retrieved from /opt/airflow/dags/dag_extract_dvizhenie.py
[2026-07-09T12:47:22.211+0000] {logging_mixin.py:190} INFO - [2026-07-09T12:47:22.210+0000] {dag.py:3239} INFO - Sync 1 DAGs
[2026-07-09T12:47:22.219+0000] {logging_mixin.py:190} INFO - [2026-07-09T12:47:22.219+0000] {dag.py:4180} INFO - Setting next_dagrun for dag_extract_dvizhenie to 2026-07-09 10:00:00+00:00, run_after=2026-07-09 12:00:00+00:00
[2026-07-09T12:47:22.227+0000] {processor.py:208} INFO - Processing /opt/airflow/dags/dag_extract_dvizhenie.py took 0.044 seconds
[2026-07-09T12:47:52.622+0000] {processor.py:186} INFO - Started process (PID=5418) to work on /opt/airflow/dags/dag_extract_dvizhenie.py
[2026-07-09T12:47:52.622+0000] {processor.py:914} INFO - Processing file /opt/airflow/dags/dag_extract_dvizhenie.py for tasks to queue
[2026-07-09T12:47:52.623+0000] {logging_mixin.py:190} INFO - [2026-07-09T12:47:52.623+0000] {dagbag.py:588} INFO - Filling up the DagBag from /opt/airflow/dags/dag_extract_dvizhenie.py
[2026-07-09T12:47:52.628+0000] {processor.py:925} INFO - DAG(s) 'dag_extract_dvizhenie' retrieved from /opt/airflow/dags/dag_extract_dvizhenie.py
[2026-07-09T12:47:52.638+0000] {logging_mixin.py:190} INFO - [2026-07-09T12:47:52.638+0000] {dag.py:3239} INFO - Sync 1 DAGs
[2026-07-09T12:47:52.646+0000] {logging_mixin.py:190} INFO - [2026-07-09T12:47:52.646+0000] {dag.py:4180} INFO - Setting next_dagrun for dag_extract_dvizhenie to 2026-07-09 10:00:00+00:00, run_after=2026-07-09 12:00:00+00:00
[2026-07-09T12:47:52.651+0000] {processor.py:208} INFO - Processing /opt/airflow/dags/dag_extract_dvizhenie.py took 0.031 seconds
[2026-07-09T12:48:23.091+0000] {processor.py:186} INFO - Started process (PID=5438) to work on /opt/airflow/dags/dag_extract_dvizhenie.py
[2026-07-09T12:48:23.091+0000] {processor.py:914} INFO - Processing file /opt/airflow/dags/dag_extract_dvizhenie.py for tasks to queue
[2026-07-09T12:48:23.092+0000] {logging_mixin.py:190} INFO - [2026-07-09T12:48:23.092+0000] {dagbag.py:588} INFO - Filling up the DagBag from /opt/airflow/dags/dag_extract_dvizhenie.py
[2026-07-09T12:48:23.098+0000] {processor.py:925} INFO - DAG(s) 'dag_extract_dvizhenie' retrieved from /opt/airflow/dags/dag_extract_dvizhenie.py
[2026-07-09T12:48:23.107+0000] {logging_mixin.py:190} INFO - [2026-07-09T12:48:23.107+0000] {dag.py:3239} INFO - Sync 1 DAGs
[2026-07-09T12:48:23.115+0000] {logging_mixin.py:190} INFO - [2026-07-09T12:48:23.114+0000] {dag.py:4180} INFO - Setting next_dagrun for dag_extract_dvizhenie to 2026-07-09 10:00:00+00:00, run_after=2026-07-09 12:00:00+00:00
[2026-07-09T12:48:23.119+0000] {processor.py:208} INFO - Processing /opt/airflow/dags/dag_extract_dvizhenie.py took 0.031 seconds
[2026-07-09T12:48:53.474+0000] {processor.py:186} INFO - Started process (PID=5458) to work on /opt/airflow/dags/dag_extract_dvizhenie.py
[2026-07-09T12:48:53.475+0000] {processor.py:914} INFO - Processing file /opt/airflow/dags/dag_extract_dvizhenie.py for tasks to queue
[2026-07-09T12:48:53.475+0000] {logging_mixin.py:190} INFO - [2026-07-09T12:48:53.475+0000] {dagbag.py:588} INFO - Filling up the DagBag from /opt/airflow/dags/dag_extract_dvizhenie.py
[2026-07-09T12:48:53.480+0000] {processor.py:925} INFO - DAG(s) 'dag_extract_dvizhenie' retrieved from /opt/airflow/dags/dag_extract_dvizhenie.py
[2026-07-09T12:48:53.490+0000] {logging_mixin.py:190} INFO - [2026-07-09T12:48:53.490+0000] {dag.py:3239} INFO - Sync 1 DAGs
[2026-07-09T12:48:53.498+0000] {logging_mixin.py:190} INFO - [2026-07-09T12:48:53.498+0000] {dag.py:4180} INFO - Setting next_dagrun for dag_extract_dvizhenie to 2026-07-09 10:00:00+00:00, run_after=2026-07-09 12:00:00+00:00
[2026-07-09T12:48:53.502+0000] {processor.py:208} INFO - Processing /opt/airflow/dags/dag_extract_dvizhenie.py took 0.031 seconds
[2026-07-09T12:49:23.922+0000] {processor.py:186} INFO - Started process (PID=5476) to work on /opt/airflow/dags/dag_extract_dvizhenie.py
[2026-07-09T12:49:23.923+0000] {processor.py:914} INFO - Processing file /opt/airflow/dags/dag_extract_dvizhenie.py for tasks to queue
[2026-07-09T12:49:23.924+0000] {logging_mixin.py:190} INFO - [2026-07-09T12:49:23.924+0000] {dagbag.py:588} INFO - Filling up the DagBag from /opt/airflow/dags/dag_extract_dvizhenie.py
[2026-07-09T12:49:23.932+0000] {processor.py:925} INFO - DAG(s) 'dag_extract_dvizhenie' retrieved from /opt/airflow/dags/dag_extract_dvizhenie.py
[2026-07-09T12:49:23.945+0000] {logging_mixin.py:190} INFO - [2026-07-09T12:49:23.945+0000] {dag.py:3239} INFO - Sync 1 DAGs
[2026-07-09T12:49:23.954+0000] {logging_mixin.py:190} INFO - [2026-07-09T12:49:23.954+0000] {dag.py:4180} INFO - Setting next_dagrun for dag_extract_dvizhenie to 2026-07-09 10:00:00+00:00, run_after=2026-07-09 12:00:00+00:00
[2026-07-09T12:49:23.961+0000] {processor.py:208} INFO - Processing /opt/airflow/dags/dag_extract_dvizhenie.py took 0.042 seconds
[2026-07-09T12:49:54.441+0000] {processor.py:186} INFO - Started process (PID=5498) to work on /opt/airflow/dags/dag_extract_dvizhenie.py
[2026-07-09T12:49:54.442+0000] {processor.py:914} INFO - Processing file /opt/airflow/dags/dag_extract_dvizhenie.py for tasks to queue
[2026-07-09T12:49:54.443+0000] {logging_mixin.py:190} INFO - [2026-07-09T12:49:54.443+0000] {dagbag.py:588} INFO - Filling up the DagBag from /opt/airflow/dags/dag_extract_dvizhenie.py
[2026-07-09T12:49:54.447+0000] {processor.py:925} INFO - DAG(s) 'dag_extract_dvizhenie' retrieved from /opt/airflow/dags/dag_extract_dvizhenie.py
[2026-07-09T12:49:54.458+0000] {logging_mixin.py:190} INFO - [2026-07-09T12:49:54.458+0000] {dag.py:3239} INFO - Sync 1 DAGs
[2026-07-09T12:49:54.465+0000] {logging_mixin.py:190} INFO - [2026-07-09T12:49:54.465+0000] {dag.py:4180} INFO - Setting next_dagrun for dag_extract_dvizhenie to 2026-07-09 10:00:00+00:00, run_after=2026-07-09 12:00:00+00:00
[2026-07-09T12:49:54.470+0000] {processor.py:208} INFO - Processing /opt/airflow/dags/dag_extract_dvizhenie.py took 0.031 seconds
[2026-07-09T12:50:24.905+0000] {processor.py:186} INFO - Started process (PID=5518) to work on /opt/airflow/dags/dag_extract_dvizhenie.py
[2026-07-09T12:50:24.906+0000] {processor.py:914} INFO - Processing file /opt/airflow/dags/dag_extract_dvizhenie.py for tasks to queue
[2026-07-09T12:50:24.907+0000] {logging_mixin.py:190} INFO - [2026-07-09T12:50:24.906+0000] {dagbag.py:588} INFO - Filling up the DagBag from /opt/airflow/dags/dag_extract_dvizhenie.py
[2026-07-09T12:50:24.911+0000] {processor.py:925} INFO - DAG(s) 'dag_extract_dvizhenie' retrieved from /opt/airflow/dags/dag_extract_dvizhenie.py
[2026-07-09T12:50:24.921+0000] {logging_mixin.py:190} INFO - [2026-07-09T12:50:24.921+0000] {dag.py:3239} INFO - Sync 1 DAGs
[2026-07-09T12:50:24.928+0000] {logging_mixin.py:190} INFO - [2026-07-09T12:50:24.928+0000] {dag.py:4180} INFO - Setting next_dagrun for dag_extract_dvizhenie to 2026-07-09 10:00:00+00:00, run_after=2026-07-09 12:00:00+00:00
[2026-07-09T12:50:24.933+0000] {processor.py:208} INFO - Processing /opt/airflow/dags/dag_extract_dvizhenie.py took 0.031 seconds
[2026-07-09T12:50:55.451+0000] {processor.py:186} INFO - Started process (PID=5538) to work on /opt/airflow/dags/dag_extract_dvizhenie.py
[2026-07-09T12:50:55.452+0000] {processor.py:914} INFO - Processing file /opt/airflow/dags/dag_extract_dvizhenie.py for tasks to queue
[2026-07-09T12:50:55.452+0000] {logging_mixin.py:190} INFO - [2026-07-09T12:50:55.452+0000] {dagbag.py:588} INFO - Filling up the DagBag from /opt/airflow/dags/dag_extract_dvizhenie.py
[2026-07-09T12:50:55.457+0000] {processor.py:925} INFO - DAG(s) 'dag_extract_dvizhenie' retrieved from /opt/airflow/dags/dag_extract_dvizhenie.py
[2026-07-09T12:50:55.468+0000] {logging_mixin.py:190} INFO - [2026-07-09T12:50:55.467+0000] {dag.py:3239} INFO - Sync 1 DAGs
[2026-07-09T12:50:55.475+0000] {logging_mixin.py:190} INFO - [2026-07-09T12:50:55.475+0000] {dag.py:4180} INFO - Setting next_dagrun for dag_extract_dvizhenie to 2026-07-09 10:00:00+00:00, run_after=2026-07-09 12:00:00+00:00
[2026-07-09T12:50:55.480+0000] {processor.py:208} INFO - Processing /opt/airflow/dags/dag_extract_dvizhenie.py took 0.032 seconds
[2026-07-09T12:51:25.973+0000] {processor.py:186} INFO - Started process (PID=5558) to work on /opt/airflow/dags/dag_extract_dvizhenie.py
[2026-07-09T12:51:25.974+0000] {processor.py:914} INFO - Processing file /opt/airflow/dags/dag_extract_dvizhenie.py for tasks to queue
[2026-07-09T12:51:25.975+0000] {logging_mixin.py:190} INFO - [2026-07-09T12:51:25.975+0000] {dagbag.py:588} INFO - Filling up the DagBag from /opt/airflow/dags/dag_extract_dvizhenie.py
[2026-07-09T12:51:25.979+0000] {processor.py:925} INFO - DAG(s) 'dag_extract_dvizhenie' retrieved from /opt/airflow/dags/dag_extract_dvizhenie.py
[2026-07-09T12:51:25.989+0000] {logging_mixin.py:190} INFO - [2026-07-09T12:51:25.989+0000] {dag.py:3239} INFO - Sync 1 DAGs
[2026-07-09T12:51:25.996+0000] {logging_mixin.py:190} INFO - [2026-07-09T12:51:25.996+0000] {dag.py:4180} INFO - Setting next_dagrun for dag_extract_dvizhenie to 2026-07-09 10:00:00+00:00, run_after=2026-07-09 12:00:00+00:00
[2026-07-09T12:51:26.001+0000] {processor.py:208} INFO - Processing /opt/airflow/dags/dag_extract_dvizhenie.py took 0.030 seconds
[2026-07-09T12:51:56.476+0000] {processor.py:186} INFO - Started process (PID=5578) to work on /opt/airflow/dags/dag_extract_dvizhenie.py
[2026-07-09T12:51:56.476+0000] {processor.py:914} INFO - Processing file /opt/airflow/dags/dag_extract_dvizhenie.py for tasks to queue
[2026-07-09T12:51:56.477+0000] {logging_mixin.py:190} INFO - [2026-07-09T12:51:56.477+0000] {dagbag.py:588} INFO - Filling up the DagBag from /opt/airflow/dags/dag_extract_dvizhenie.py
[2026-07-09T12:51:56.482+0000] {processor.py:925} INFO - DAG(s) 'dag_extract_dvizhenie' retrieved from /opt/airflow/dags/dag_extract_dvizhenie.py
[2026-07-09T12:51:56.492+0000] {logging_mixin.py:190} INFO - [2026-07-09T12:51:56.492+0000] {dag.py:3239} INFO - Sync 1 DAGs
[2026-07-09T12:51:56.499+0000] {logging_mixin.py:190} INFO - [2026-07-09T12:51:56.499+0000] {dag.py:4180} INFO - Setting next_dagrun for dag_extract_dvizhenie to 2026-07-09 10:00:00+00:00, run_after=2026-07-09 12:00:00+00:00
[2026-07-09T12:51:56.504+0000] {processor.py:208} INFO - Processing /opt/airflow/dags/dag_extract_dvizhenie.py took 0.031 seconds
[2026-07-09T12:52:27.014+0000] {processor.py:186} INFO - Started process (PID=5598) to work on /opt/airflow/dags/dag_extract_dvizhenie.py
[2026-07-09T12:52:27.015+0000] {processor.py:914} INFO - Processing file /opt/airflow/dags/dag_extract_dvizhenie.py for tasks to queue
[2026-07-09T12:52:27.016+0000] {logging_mixin.py:190} INFO - [2026-07-09T12:52:27.016+0000] {dagbag.py:588} INFO - Filling up the DagBag from /opt/airflow/dags/dag_extract_dvizhenie.py
[2026-07-09T12:52:27.020+0000] {processor.py:925} INFO - DAG(s) 'dag_extract_dvizhenie' retrieved from /opt/airflow/dags/dag_extract_dvizhenie.py
[2026-07-09T12:52:27.030+0000] {logging_mixin.py:190} INFO - [2026-07-09T12:52:27.030+0000] {dag.py:3239} INFO - Sync 1 DAGs
[2026-07-09T12:52:27.037+0000] {logging_mixin.py:190} INFO - [2026-07-09T12:52:27.037+0000] {dag.py:4180} INFO - Setting next_dagrun for dag_extract_dvizhenie to 2026-07-09 10:00:00+00:00, run_after=2026-07-09 12:00:00+00:00
[2026-07-09T12:52:27.042+0000] {processor.py:208} INFO - Processing /opt/airflow/dags/dag_extract_dvizhenie.py took 0.030 seconds
[2026-07-09T12:52:57.584+0000] {processor.py:186} INFO - Started process (PID=5618) to work on /opt/airflow/dags/dag_extract_dvizhenie.py
[2026-07-09T12:52:57.585+0000] {processor.py:914} INFO - Processing file /opt/airflow/dags/dag_extract_dvizhenie.py for tasks to queue
[2026-07-09T12:52:57.586+0000] {logging_mixin.py:190} INFO - [2026-07-09T12:52:57.585+0000] {dagbag.py:588} INFO - Filling up the DagBag from /opt/airflow/dags/dag_extract_dvizhenie.py
[2026-07-09T12:52:57.590+0000] {processor.py:925} INFO - DAG(s) 'dag_extract_dvizhenie' retrieved from /opt/airflow/dags/dag_extract_dvizhenie.py
[2026-07-09T12:52:57.600+0000] {logging_mixin.py:190} INFO - [2026-07-09T12:52:57.600+0000] {dag.py:3239} INFO - Sync 1 DAGs
[2026-07-09T12:52:57.608+0000] {logging_mixin.py:190} INFO - [2026-07-09T12:52:57.608+0000] {dag.py:4180} INFO - Setting next_dagrun for dag_extract_dvizhenie to 2026-07-09 10:00:00+00:00, run_after=2026-07-09 12:00:00+00:00
[2026-07-09T12:52:57.612+0000] {processor.py:208} INFO - Processing /opt/airflow/dags/dag_extract_dvizhenie.py took 0.031 seconds
[2026-07-09T12:53:28.026+0000] {processor.py:186} INFO - Started process (PID=5638) to work on /opt/airflow/dags/dag_extract_dvizhenie.py
[2026-07-09T12:53:28.027+0000] {processor.py:914} INFO - Processing file /opt/airflow/dags/dag_extract_dvizhenie.py for tasks to queue
[2026-07-09T12:53:28.028+0000] {logging_mixin.py:190} INFO - [2026-07-09T12:53:28.027+0000] {dagbag.py:588} INFO - Filling up the DagBag from /opt/airflow/dags/dag_extract_dvizhenie.py
[2026-07-09T12:53:28.032+0000] {processor.py:925} INFO - DAG(s) 'dag_extract_dvizhenie' retrieved from /opt/airflow/dags/dag_extract_dvizhenie.py
[2026-07-09T12:53:28.042+0000] {logging_mixin.py:190} INFO - [2026-07-09T12:53:28.042+0000] {dag.py:3239} INFO - Sync 1 DAGs
[2026-07-09T12:53:28.050+0000] {logging_mixin.py:190} INFO - [2026-07-09T12:53:28.050+0000] {dag.py:4180} INFO - Setting next_dagrun for dag_extract_dvizhenie to 2026-07-09 10:00:00+00:00, run_after=2026-07-09 12:00:00+00:00
[2026-07-09T12:53:28.054+0000] {processor.py:208} INFO - Processing /opt/airflow/dags/dag_extract_dvizhenie.py took 0.031 seconds
[2026-07-09T12:53:58.598+0000] {processor.py:186} INFO - Started process (PID=5658) to work on /opt/airflow/dags/dag_extract_dvizhenie.py
[2026-07-09T12:53:58.598+0000] {processor.py:914} INFO - Processing file /opt/airflow/dags/dag_extract_dvizhenie.py for tasks to queue
[2026-07-09T12:53:58.599+0000] {logging_mixin.py:190} INFO - [2026-07-09T12:53:58.599+0000] {dagbag.py:588} INFO - Filling up the DagBag from /opt/airflow/dags/dag_extract_dvizhenie.py
[2026-07-09T12:53:58.604+0000] {processor.py:925} INFO - DAG(s) 'dag_extract_dvizhenie' retrieved from /opt/airflow/dags/dag_extract_dvizhenie.py
[2026-07-09T12:53:58.615+0000] {logging_mixin.py:190} INFO - [2026-07-09T12:53:58.615+0000] {dag.py:3239} INFO - Sync 1 DAGs
[2026-07-09T12:53:58.623+0000] {logging_mixin.py:190} INFO - [2026-07-09T12:53:58.623+0000] {dag.py:4180} INFO - Setting next_dagrun for dag_extract_dvizhenie to 2026-07-09 10:00:00+00:00, run_after=2026-07-09 12:00:00+00:00
[2026-07-09T12:53:58.629+0000] {processor.py:208} INFO - Processing /opt/airflow/dags/dag_extract_dvizhenie.py took 0.035 seconds
[2026-07-09T12:54:29.041+0000] {processor.py:186} INFO - Started process (PID=5676) to work on /opt/airflow/dags/dag_extract_dvizhenie.py
[2026-07-09T12:54:29.043+0000] {processor.py:914} INFO - Processing file /opt/airflow/dags/dag_extract_dvizhenie.py for tasks to queue
[2026-07-09T12:54:29.044+0000] {logging_mixin.py:190} INFO - [2026-07-09T12:54:29.043+0000] {dagbag.py:588} INFO - Filling up the DagBag from /opt/airflow/dags/dag_extract_dvizhenie.py
[2026-07-09T12:54:29.050+0000] {processor.py:925} INFO - DAG(s) 'dag_extract_dvizhenie' retrieved from /opt/airflow/dags/dag_extract_dvizhenie.py
[2026-07-09T12:54:29.063+0000] {logging_mixin.py:190} INFO - [2026-07-09T12:54:29.063+0000] {dag.py:3239} INFO - Sync 1 DAGs
[2026-07-09T12:54:29.072+0000] {logging_mixin.py:190} INFO - [2026-07-09T12:54:29.072+0000] {dag.py:4180} INFO - Setting next_dagrun for dag_extract_dvizhenie to 2026-07-09 10:00:00+00:00, run_after=2026-07-09 12:00:00+00:00
[2026-07-09T12:54:29.081+0000] {processor.py:208} INFO - Processing /opt/airflow/dags/dag_extract_dvizhenie.py took 0.043 seconds
[2026-07-09T12:54:59.624+0000] {processor.py:186} INFO - Started process (PID=5698) to work on /opt/airflow/dags/dag_extract_dvizhenie.py
[2026-07-09T12:54:59.624+0000] {processor.py:914} INFO - Processing file /opt/airflow/dags/dag_extract_dvizhenie.py for tasks to queue
[2026-07-09T12:54:59.625+0000] {logging_mixin.py:190} INFO - [2026-07-09T12:54:59.625+0000] {dagbag.py:588} INFO - Filling up the DagBag from /opt/airflow/dags/dag_extract_dvizhenie.py
[2026-07-09T12:54:59.630+0000] {processor.py:925} INFO - DAG(s) 'dag_extract_dvizhenie' retrieved from /opt/airflow/dags/dag_extract_dvizhenie.py
[2026-07-09T12:54:59.641+0000] {logging_mixin.py:190} INFO - [2026-07-09T12:54:59.641+0000] {dag.py:3239} INFO - Sync 1 DAGs
[2026-07-09T12:54:59.648+0000] {logging_mixin.py:190} INFO - [2026-07-09T12:54:59.648+0000] {dag.py:4180} INFO - Setting next_dagrun for dag_extract_dvizhenie to 2026-07-09 10:00:00+00:00, run_after=2026-07-09 12:00:00+00:00
[2026-07-09T12:54:59.653+0000] {processor.py:208} INFO - Processing /opt/airflow/dags/dag_extract_dvizhenie.py took 0.032 seconds
[2026-07-09T12:55:30.129+0000] {processor.py:186} INFO - Started process (PID=5718) to work on /opt/airflow/dags/dag_extract_dvizhenie.py
[2026-07-09T12:55:30.130+0000] {processor.py:914} INFO - Processing file /opt/airflow/dags/dag_extract_dvizhenie.py for tasks to queue
[2026-07-09T12:55:30.132+0000] {logging_mixin.py:190} INFO - [2026-07-09T12:55:30.132+0000] {dagbag.py:588} INFO - Filling up the DagBag from /opt/airflow/dags/dag_extract_dvizhenie.py
[2026-07-09T12:55:30.137+0000] {processor.py:925} INFO - DAG(s) 'dag_extract_dvizhenie' retrieved from /opt/airflow/dags/dag_extract_dvizhenie.py
[2026-07-09T12:55:30.151+0000] {logging_mixin.py:190} INFO - [2026-07-09T12:55:30.151+0000] {dag.py:3239} INFO - Sync 1 DAGs
[2026-07-09T12:55:30.159+0000] {logging_mixin.py:190} INFO - [2026-07-09T12:55:30.159+0000] {dag.py:4180} INFO - Setting next_dagrun for dag_extract_dvizhenie to 2026-07-09 10:00:00+00:00, run_after=2026-07-09 12:00:00+00:00
[2026-07-09T12:55:30.167+0000] {processor.py:208} INFO - Processing /opt/airflow/dags/dag_extract_dvizhenie.py took 0.041 seconds
[2026-07-09T12:56:00.663+0000] {processor.py:186} INFO - Started process (PID=5738) to work on /opt/airflow/dags/dag_extract_dvizhenie.py
[2026-07-09T12:56:00.664+0000] {processor.py:914} INFO - Processing file /opt/airflow/dags/dag_extract_dvizhenie.py for tasks to queue
[2026-07-09T12:56:00.665+0000] {logging_mixin.py:190} INFO - [2026-07-09T12:56:00.664+0000] {dagbag.py:588} INFO - Filling up the DagBag from /opt/airflow/dags/dag_extract_dvizhenie.py
[2026-07-09T12:56:00.669+0000] {processor.py:925} INFO - DAG(s) 'dag_extract_dvizhenie' retrieved from /opt/airflow/dags/dag_extract_dvizhenie.py
[2026-07-09T12:56:00.679+0000] {logging_mixin.py:190} INFO - [2026-07-09T12:56:00.679+0000] {dag.py:3239} INFO - Sync 1 DAGs
[2026-07-09T12:56:00.686+0000] {logging_mixin.py:190} INFO - [2026-07-09T12:56:00.686+0000] {dag.py:4180} INFO - Setting next_dagrun for dag_extract_dvizhenie to 2026-07-09 10:00:00+00:00, run_after=2026-07-09 12:00:00+00:00
[2026-07-09T12:56:00.691+0000] {processor.py:208} INFO - Processing /opt/airflow/dags/dag_extract_dvizhenie.py took 0.030 seconds
[2026-07-09T12:56:31.127+0000] {processor.py:186} INFO - Started process (PID=5756) to work on /opt/airflow/dags/dag_extract_dvizhenie.py
[2026-07-09T12:56:31.128+0000] {processor.py:914} INFO - Processing file /opt/airflow/dags/dag_extract_dvizhenie.py for tasks to queue
[2026-07-09T12:56:31.129+0000] {logging_mixin.py:190} INFO - [2026-07-09T12:56:31.129+0000] {dagbag.py:588} INFO - Filling up the DagBag from /opt/airflow/dags/dag_extract_dvizhenie.py
[2026-07-09T12:56:31.136+0000] {processor.py:925} INFO - DAG(s) 'dag_extract_dvizhenie' retrieved from /opt/airflow/dags/dag_extract_dvizhenie.py
[2026-07-09T12:56:31.149+0000] {logging_mixin.py:190} INFO - [2026-07-09T12:56:31.149+0000] {dag.py:3239} INFO - Sync 1 DAGs
[2026-07-09T12:56:31.158+0000] {logging_mixin.py:190} INFO - [2026-07-09T12:56:31.157+0000] {dag.py:4180} INFO - Setting next_dagrun for dag_extract_dvizhenie to 2026-07-09 10:00:00+00:00, run_after=2026-07-09 12:00:00+00:00
[2026-07-09T12:56:31.166+0000] {processor.py:208} INFO - Processing /opt/airflow/dags/dag_extract_dvizhenie.py took 0.042 seconds
[2026-07-09T12:57:01.635+0000] {processor.py:186} INFO - Started process (PID=5778) to work on /opt/airflow/dags/dag_extract_dvizhenie.py
[2026-07-09T12:57:01.635+0000] {processor.py:914} INFO - Processing file /opt/airflow/dags/dag_extract_dvizhenie.py for tasks to queue
[2026-07-09T12:57:01.636+0000] {logging_mixin.py:190} INFO - [2026-07-09T12:57:01.636+0000] {dagbag.py:588} INFO - Filling up the DagBag from /opt/airflow/dags/dag_extract_dvizhenie.py
[2026-07-09T12:57:01.641+0000] {processor.py:925} INFO - DAG(s) 'dag_extract_dvizhenie' retrieved from /opt/airflow/dags/dag_extract_dvizhenie.py
[2026-07-09T12:57:01.651+0000] {logging_mixin.py:190} INFO - [2026-07-09T12:57:01.651+0000] {dag.py:3239} INFO - Sync 1 DAGs
[2026-07-09T12:57:01.658+0000] {logging_mixin.py:190} INFO - [2026-07-09T12:57:01.658+0000] {dag.py:4180} INFO - Setting next_dagrun for dag_extract_dvizhenie to 2026-07-09 10:00:00+00:00, run_after=2026-07-09 12:00:00+00:00
[2026-07-09T12:57:01.664+0000] {processor.py:208} INFO - Processing /opt/airflow/dags/dag_extract_dvizhenie.py took 0.032 seconds
[2026-07-09T12:57:32.076+0000] {processor.py:186} INFO - Started process (PID=5798) to work on /opt/airflow/dags/dag_extract_dvizhenie.py
[2026-07-09T12:57:32.077+0000] {processor.py:914} INFO - Processing file /opt/airflow/dags/dag_extract_dvizhenie.py for tasks to queue
[2026-07-09T12:57:32.077+0000] {logging_mixin.py:190} INFO - [2026-07-09T12:57:32.077+0000] {dagbag.py:588} INFO - Filling up the DagBag from /opt/airflow/dags/dag_extract_dvizhenie.py
[2026-07-09T12:57:32.082+0000] {processor.py:925} INFO - DAG(s) 'dag_extract_dvizhenie' retrieved from /opt/airflow/dags/dag_extract_dvizhenie.py
[2026-07-09T12:57:32.092+0000] {logging_mixin.py:190} INFO - [2026-07-09T12:57:32.092+0000] {dag.py:3239} INFO - Sync 1 DAGs
[2026-07-09T12:57:32.100+0000] {logging_mixin.py:190} INFO - [2026-07-09T12:57:32.100+0000] {dag.py:4180} INFO - Setting next_dagrun for dag_extract_dvizhenie to 2026-07-09 10:00:00+00:00, run_after=2026-07-09 12:00:00+00:00
[2026-07-09T12:57:32.104+0000] {processor.py:208} INFO - Processing /opt/airflow/dags/dag_extract_dvizhenie.py took 0.031 seconds
[2026-07-09T12:58:02.501+0000] {processor.py:186} INFO - Started process (PID=5818) to work on /opt/airflow/dags/dag_extract_dvizhenie.py
[2026-07-09T12:58:02.501+0000] {processor.py:914} INFO - Processing file /opt/airflow/dags/dag_extract_dvizhenie.py for tasks to queue
[2026-07-09T12:58:02.502+0000] {logging_mixin.py:190} INFO - [2026-07-09T12:58:02.502+0000] {dagbag.py:588} INFO - Filling up the DagBag from /opt/airflow/dags/dag_extract_dvizhenie.py
[2026-07-09T12:58:02.507+0000] {processor.py:925} INFO - DAG(s) 'dag_extract_dvizhenie' retrieved from /opt/airflow/dags/dag_extract_dvizhenie.py
[2026-07-09T12:58:02.517+0000] {logging_mixin.py:190} INFO - [2026-07-09T12:58:02.517+0000] {dag.py:3239} INFO - Sync 1 DAGs
[2026-07-09T12:58:02.525+0000] {logging_mixin.py:190} INFO - [2026-07-09T12:58:02.525+0000] {dag.py:4180} INFO - Setting next_dagrun for dag_extract_dvizhenie to 2026-07-09 10:00:00+00:00, run_after=2026-07-09 12:00:00+00:00
[2026-07-09T12:58:02.530+0000] {processor.py:208} INFO - Processing /opt/airflow/dags/dag_extract_dvizhenie.py took 0.031 seconds
[2026-07-09T12:58:32.920+0000] {processor.py:186} INFO - Started process (PID=5838) to work on /opt/airflow/dags/dag_extract_dvizhenie.py
[2026-07-09T12:58:32.920+0000] {processor.py:914} INFO - Processing file /opt/airflow/dags/dag_extract_dvizhenie.py for tasks to queue
[2026-07-09T12:58:32.921+0000] {logging_mixin.py:190} INFO - [2026-07-09T12:58:32.921+0000] {dagbag.py:588} INFO - Filling up the DagBag from /opt/airflow/dags/dag_extract_dvizhenie.py
[2026-07-09T12:58:32.926+0000] {processor.py:925} INFO - DAG(s) 'dag_extract_dvizhenie' retrieved from /opt/airflow/dags/dag_extract_dvizhenie.py
[2026-07-09T12:58:32.936+0000] {logging_mixin.py:190} INFO - [2026-07-09T12:58:32.936+0000] {dag.py:3239} INFO - Sync 1 DAGs
[2026-07-09T12:58:32.943+0000] {logging_mixin.py:190} INFO - [2026-07-09T12:58:32.943+0000] {dag.py:4180} INFO - Setting next_dagrun for dag_extract_dvizhenie to 2026-07-09 10:00:00+00:00, run_after=2026-07-09 12:00:00+00:00
[2026-07-09T12:58:32.948+0000] {processor.py:208} INFO - Processing /opt/airflow/dags/dag_extract_dvizhenie.py took 0.031 seconds
[2026-07-09T12:59:03.396+0000] {processor.py:186} INFO - Started process (PID=5858) to work on /opt/airflow/dags/dag_extract_dvizhenie.py
[2026-07-09T12:59:03.396+0000] {processor.py:914} INFO - Processing file /opt/airflow/dags/dag_extract_dvizhenie.py for tasks to queue
[2026-07-09T12:59:03.397+0000] {logging_mixin.py:190} INFO - [2026-07-09T12:59:03.397+0000] {dagbag.py:588} INFO - Filling up the DagBag from /opt/airflow/dags/dag_extract_dvizhenie.py
[2026-07-09T12:59:03.402+0000] {processor.py:925} INFO - DAG(s) 'dag_extract_dvizhenie' retrieved from /opt/airflow/dags/dag_extract_dvizhenie.py
[2026-07-09T12:59:03.412+0000] {logging_mixin.py:190} INFO - [2026-07-09T12:59:03.411+0000] {dag.py:3239} INFO - Sync 1 DAGs
[2026-07-09T12:59:03.419+0000] {logging_mixin.py:190} INFO - [2026-07-09T12:59:03.419+0000] {dag.py:4180} INFO - Setting next_dagrun for dag_extract_dvizhenie to 2026-07-09 10:00:00+00:00, run_after=2026-07-09 12:00:00+00:00
[2026-07-09T12:59:03.424+0000] {processor.py:208} INFO - Processing /opt/airflow/dags/dag_extract_dvizhenie.py took 0.031 seconds
[2026-07-09T12:59:33.847+0000] {processor.py:186} INFO - Started process (PID=5878) to work on /opt/airflow/dags/dag_extract_dvizhenie.py
[2026-07-09T12:59:33.847+0000] {processor.py:914} INFO - Processing file /opt/airflow/dags/dag_extract_dvizhenie.py for tasks to queue
[2026-07-09T12:59:33.848+0000] {logging_mixin.py:190} INFO - [2026-07-09T12:59:33.848+0000] {dagbag.py:588} INFO - Filling up the DagBag from /opt/airflow/dags/dag_extract_dvizhenie.py
[2026-07-09T12:59:33.852+0000] {processor.py:925} INFO - DAG(s) 'dag_extract_dvizhenie' retrieved from /opt/airflow/dags/dag_extract_dvizhenie.py
[2026-07-09T12:59:33.863+0000] {logging_mixin.py:190} INFO - [2026-07-09T12:59:33.863+0000] {dag.py:3239} INFO - Sync 1 DAGs
[2026-07-09T12:59:33.870+0000] {logging_mixin.py:190} INFO - [2026-07-09T12:59:33.870+0000] {dag.py:4180} INFO - Setting next_dagrun for dag_extract_dvizhenie to 2026-07-09 10:00:00+00:00, run_after=2026-07-09 12:00:00+00:00
[2026-07-09T12:59:33.875+0000] {processor.py:208} INFO - Processing /opt/airflow/dags/dag_extract_dvizhenie.py took 0.030 seconds
[2026-07-09T13:00:04.294+0000] {processor.py:186} INFO - Started process (PID=5898) to work on /opt/airflow/dags/dag_extract_dvizhenie.py
[2026-07-09T13:00:04.295+0000] {processor.py:914} INFO - Processing file /opt/airflow/dags/dag_extract_dvizhenie.py for tasks to queue
[2026-07-09T13:00:04.295+0000] {logging_mixin.py:190} INFO - [2026-07-09T13:00:04.295+0000] {dagbag.py:588} INFO - Filling up the DagBag from /opt/airflow/dags/dag_extract_dvizhenie.py
[2026-07-09T13:00:04.300+0000] {processor.py:925} INFO - DAG(s) 'dag_extract_dvizhenie' retrieved from /opt/airflow/dags/dag_extract_dvizhenie.py
[2026-07-09T13:00:04.310+0000] {logging_mixin.py:190} INFO - [2026-07-09T13:00:04.310+0000] {dag.py:3239} INFO - Sync 1 DAGs
[2026-07-09T13:00:04.317+0000] {logging_mixin.py:190} INFO - [2026-07-09T13:00:04.317+0000] {dag.py:4180} INFO - Setting next_dagrun for dag_extract_dvizhenie to 2026-07-09 10:00:00+00:00, run_after=2026-07-09 12:00:00+00:00
[2026-07-09T13:00:04.322+0000] {processor.py:208} INFO - Processing /opt/airflow/dags/dag_extract_dvizhenie.py took 0.031 seconds
[2026-07-09T13:00:34.760+0000] {processor.py:186} INFO - Started process (PID=5918) to work on /opt/airflow/dags/dag_extract_dvizhenie.py
[2026-07-09T13:00:34.760+0000] {processor.py:914} INFO - Processing file /opt/airflow/dags/dag_extract_dvizhenie.py for tasks to queue
[2026-07-09T13:00:34.761+0000] {logging_mixin.py:190} INFO - [2026-07-09T13:00:34.761+0000] {dagbag.py:588} INFO - Filling up the DagBag from /opt/airflow/dags/dag_extract_dvizhenie.py
[2026-07-09T13:00:34.765+0000] {processor.py:925} INFO - DAG(s) 'dag_extract_dvizhenie' retrieved from /opt/airflow/dags/dag_extract_dvizhenie.py
[2026-07-09T13:00:34.775+0000] {logging_mixin.py:190} INFO - [2026-07-09T13:00:34.775+0000] {dag.py:3239} INFO - Sync 1 DAGs
[2026-07-09T13:00:34.782+0000] {logging_mixin.py:190} INFO - [2026-07-09T13:00:34.782+0000] {dag.py:4180} INFO - Setting next_dagrun for dag_extract_dvizhenie to 2026-07-09 10:00:00+00:00, run_after=2026-07-09 12:00:00+00:00
[2026-07-09T13:00:34.787+0000] {processor.py:208} INFO - Processing /opt/airflow/dags/dag_extract_dvizhenie.py took 0.030 seconds
[2026-07-09T13:01:05.240+0000] {processor.py:186} INFO - Started process (PID=5938) to work on /opt/airflow/dags/dag_extract_dvizhenie.py
[2026-07-09T13:01:05.240+0000] {processor.py:914} INFO - Processing file /opt/airflow/dags/dag_extract_dvizhenie.py for tasks to queue
[2026-07-09T13:01:05.241+0000] {logging_mixin.py:190} INFO - [2026-07-09T13:01:05.241+0000] {dagbag.py:588} INFO - Filling up the DagBag from /opt/airflow/dags/dag_extract_dvizhenie.py
[2026-07-09T13:01:05.246+0000] {processor.py:925} INFO - DAG(s) 'dag_extract_dvizhenie' retrieved from /opt/airflow/dags/dag_extract_dvizhenie.py
[2026-07-09T13:01:05.256+0000] {logging_mixin.py:190} INFO - [2026-07-09T13:01:05.256+0000] {dag.py:3239} INFO - Sync 1 DAGs
[2026-07-09T13:01:05.264+0000] {logging_mixin.py:190} INFO - [2026-07-09T13:01:05.264+0000] {dag.py:4180} INFO - Setting next_dagrun for dag_extract_dvizhenie to 2026-07-09 10:00:00+00:00, run_after=2026-07-09 12:00:00+00:00
[2026-07-09T13:01:05.269+0000] {processor.py:208} INFO - Processing /opt/airflow/dags/dag_extract_dvizhenie.py took 0.031 seconds
[2026-07-09T13:01:35.713+0000] {processor.py:186} INFO - Started process (PID=5958) to work on /opt/airflow/dags/dag_extract_dvizhenie.py
[2026-07-09T13:01:35.713+0000] {processor.py:914} INFO - Processing file /opt/airflow/dags/dag_extract_dvizhenie.py for tasks to queue
[2026-07-09T13:01:35.714+0000] {logging_mixin.py:190} INFO - [2026-07-09T13:01:35.714+0000] {dagbag.py:588} INFO - Filling up the DagBag from /opt/airflow/dags/dag_extract_dvizhenie.py
[2026-07-09T13:01:35.718+0000] {processor.py:925} INFO - DAG(s) 'dag_extract_dvizhenie' retrieved from /opt/airflow/dags/dag_extract_dvizhenie.py
[2026-07-09T13:01:35.729+0000] {logging_mixin.py:190} INFO - [2026-07-09T13:01:35.729+0000] {dag.py:3239} INFO - Sync 1 DAGs
[2026-07-09T13:01:35.736+0000] {logging_mixin.py:190} INFO - [2026-07-09T13:01:35.736+0000] {dag.py:4180} INFO - Setting next_dagrun for dag_extract_dvizhenie to 2026-07-09 10:00:00+00:00, run_after=2026-07-09 12:00:00+00:00
[2026-07-09T13:01:35.741+0000] {processor.py:208} INFO - Processing /opt/airflow/dags/dag_extract_dvizhenie.py took 0.031 seconds
[2026-07-09T13:02:06.231+0000] {processor.py:186} INFO - Started process (PID=5978) to work on /opt/airflow/dags/dag_extract_dvizhenie.py
[2026-07-09T13:02:06.232+0000] {processor.py:914} INFO - Processing file /opt/airflow/dags/dag_extract_dvizhenie.py for tasks to queue
[2026-07-09T13:02:06.232+0000] {logging_mixin.py:190} INFO - [2026-07-09T13:02:06.232+0000] {dagbag.py:588} INFO - Filling up the DagBag from /opt/airflow/dags/dag_extract_dvizhenie.py
[2026-07-09T13:02:06.237+0000] {processor.py:925} INFO - DAG(s) 'dag_extract_dvizhenie' retrieved from /opt/airflow/dags/dag_extract_dvizhenie.py
[2026-07-09T13:02:06.247+0000] {logging_mixin.py:190} INFO - [2026-07-09T13:02:06.247+0000] {dag.py:3239} INFO - Sync 1 DAGs
[2026-07-09T13:02:06.254+0000] {logging_mixin.py:190} INFO - [2026-07-09T13:02:06.254+0000] {dag.py:4180} INFO - Setting next_dagrun for dag_extract_dvizhenie to 2026-07-09 10:00:00+00:00, run_after=2026-07-09 12:00:00+00:00
[2026-07-09T13:02:06.260+0000] {processor.py:208} INFO - Processing /opt/airflow/dags/dag_extract_dvizhenie.py took 0.031 seconds
[2026-07-09T13:02:36.806+0000] {processor.py:186} INFO - Started process (PID=5998) to work on /opt/airflow/dags/dag_extract_dvizhenie.py
[2026-07-09T13:02:36.806+0000] {processor.py:914} INFO - Processing file /opt/airflow/dags/dag_extract_dvizhenie.py for tasks to queue
[2026-07-09T13:02:36.807+0000] {logging_mixin.py:190} INFO - [2026-07-09T13:02:36.807+0000] {dagbag.py:588} INFO - Filling up the DagBag from /opt/airflow/dags/dag_extract_dvizhenie.py
[2026-07-09T13:02:36.813+0000] {processor.py:925} INFO - DAG(s) 'dag_extract_dvizhenie' retrieved from /opt/airflow/dags/dag_extract_dvizhenie.py
[2026-07-09T13:02:36.824+0000] {logging_mixin.py:190} INFO - [2026-07-09T13:02:36.824+0000] {dag.py:3239} INFO - Sync 1 DAGs
[2026-07-09T13:02:36.831+0000] {logging_mixin.py:190} INFO - [2026-07-09T13:02:36.831+0000] {dag.py:4180} INFO - Setting next_dagrun for dag_extract_dvizhenie to 2026-07-09 10:00:00+00:00, run_after=2026-07-09 12:00:00+00:00
[2026-07-09T13:02:36.836+0000] {processor.py:208} INFO - Processing /opt/airflow/dags/dag_extract_dvizhenie.py took 0.034 seconds
[2026-07-09T13:03:07.272+0000] {processor.py:186} INFO - Started process (PID=6018) to work on /opt/airflow/dags/dag_extract_dvizhenie.py
[2026-07-09T13:03:07.273+0000] {processor.py:914} INFO - Processing file /opt/airflow/dags/dag_extract_dvizhenie.py for tasks to queue
[2026-07-09T13:03:07.274+0000] {logging_mixin.py:190} INFO - [2026-07-09T13:03:07.274+0000] {dagbag.py:588} INFO - Filling up the DagBag from /opt/airflow/dags/dag_extract_dvizhenie.py
[2026-07-09T13:03:07.278+0000] {processor.py:925} INFO - DAG(s) 'dag_extract_dvizhenie' retrieved from /opt/airflow/dags/dag_extract_dvizhenie.py
[2026-07-09T13:03:07.288+0000] {logging_mixin.py:190} INFO - [2026-07-09T13:03:07.288+0000] {dag.py:3239} INFO - Sync 1 DAGs
[2026-07-09T13:03:07.296+0000] {logging_mixin.py:190} INFO - [2026-07-09T13:03:07.296+0000] {dag.py:4180} INFO - Setting next_dagrun for dag_extract_dvizhenie to 2026-07-09 10:00:00+00:00, run_after=2026-07-09 12:00:00+00:00
[2026-07-09T13:03:07.301+0000] {processor.py:208} INFO - Processing /opt/airflow/dags/dag_extract_dvizhenie.py took 0.031 seconds
[2026-07-09T13:03:37.800+0000] {processor.py:186} INFO - Started process (PID=6038) to work on /opt/airflow/dags/dag_extract_dvizhenie.py
[2026-07-09T13:03:37.800+0000] {processor.py:914} INFO - Processing file /opt/airflow/dags/dag_extract_dvizhenie.py for tasks to queue
[2026-07-09T13:03:37.801+0000] {logging_mixin.py:190} INFO - [2026-07-09T13:03:37.801+0000] {dagbag.py:588} INFO - Filling up the DagBag from /opt/airflow/dags/dag_extract_dvizhenie.py
[2026-07-09T13:03:37.806+0000] {processor.py:925} INFO - DAG(s) 'dag_extract_dvizhenie' retrieved from /opt/airflow/dags/dag_extract_dvizhenie.py
[2026-07-09T13:03:37.815+0000] {logging_mixin.py:190} INFO - [2026-07-09T13:03:37.815+0000] {dag.py:3239} INFO - Sync 1 DAGs
[2026-07-09T13:03:37.822+0000] {logging_mixin.py:190} INFO - [2026-07-09T13:03:37.822+0000] {dag.py:4180} INFO - Setting next_dagrun for dag_extract_dvizhenie to 2026-07-09 10:00:00+00:00, run_after=2026-07-09 12:00:00+00:00
[2026-07-09T13:03:37.827+0000] {processor.py:208} INFO - Processing /opt/airflow/dags/dag_extract_dvizhenie.py took 0.030 seconds
[2026-07-09T13:04:08.264+0000] {processor.py:186} INFO - Started process (PID=6058) to work on /opt/airflow/dags/dag_extract_dvizhenie.py
[2026-07-09T13:04:08.265+0000] {processor.py:914} INFO - Processing file /opt/airflow/dags/dag_extract_dvizhenie.py for tasks to queue
[2026-07-09T13:04:08.265+0000] {logging_mixin.py:190} INFO - [2026-07-09T13:04:08.265+0000] {dagbag.py:588} INFO - Filling up the DagBag from /opt/airflow/dags/dag_extract_dvizhenie.py
[2026-07-09T13:04:08.270+0000] {processor.py:925} INFO - DAG(s) 'dag_extract_dvizhenie' retrieved from /opt/airflow/dags/dag_extract_dvizhenie.py
[2026-07-09T13:04:08.280+0000] {logging_mixin.py:190} INFO - [2026-07-09T13:04:08.280+0000] {dag.py:3239} INFO - Sync 1 DAGs
[2026-07-09T13:04:08.287+0000] {logging_mixin.py:190} INFO - [2026-07-09T13:04:08.287+0000] {dag.py:4180} INFO - Setting next_dagrun for dag_extract_dvizhenie to 2026-07-09 10:00:00+00:00, run_after=2026-07-09 12:00:00+00:00
[2026-07-09T13:04:08.291+0000] {processor.py:208} INFO - Processing /opt/airflow/dags/dag_extract_dvizhenie.py took 0.030 seconds
[2026-07-09T13:04:38.809+0000] {processor.py:186} INFO - Started process (PID=6078) to work on /opt/airflow/dags/dag_extract_dvizhenie.py
[2026-07-09T13:04:38.810+0000] {processor.py:914} INFO - Processing file /opt/airflow/dags/dag_extract_dvizhenie.py for tasks to queue
[2026-07-09T13:04:38.811+0000] {logging_mixin.py:190} INFO - [2026-07-09T13:04:38.811+0000] {dagbag.py:588} INFO - Filling up the DagBag from /opt/airflow/dags/dag_extract_dvizhenie.py
[2026-07-09T13:04:38.815+0000] {processor.py:925} INFO - DAG(s) 'dag_extract_dvizhenie' retrieved from /opt/airflow/dags/dag_extract_dvizhenie.py
[2026-07-09T13:04:38.825+0000] {logging_mixin.py:190} INFO - [2026-07-09T13:04:38.825+0000] {dag.py:3239} INFO - Sync 1 DAGs
[2026-07-09T13:04:38.833+0000] {logging_mixin.py:190} INFO - [2026-07-09T13:04:38.833+0000] {dag.py:4180} INFO - Setting next_dagrun for dag_extract_dvizhenie to 2026-07-09 10:00:00+00:00, run_after=2026-07-09 12:00:00+00:00
[2026-07-09T13:04:38.838+0000] {processor.py:208} INFO - Processing /opt/airflow/dags/dag_extract_dvizhenie.py took 0.032 seconds
[2026-07-09T13:05:09.304+0000] {processor.py:186} INFO - Started process (PID=6098) to work on /opt/airflow/dags/dag_extract_dvizhenie.py
[2026-07-09T13:05:09.304+0000] {processor.py:914} INFO - Processing file /opt/airflow/dags/dag_extract_dvizhenie.py for tasks to queue
[2026-07-09T13:05:09.305+0000] {logging_mixin.py:190} INFO - [2026-07-09T13:05:09.305+0000] {dagbag.py:588} INFO - Filling up the DagBag from /opt/airflow/dags/dag_extract_dvizhenie.py
[2026-07-09T13:05:09.310+0000] {processor.py:925} INFO - DAG(s) 'dag_extract_dvizhenie' retrieved from /opt/airflow/dags/dag_extract_dvizhenie.py
[2026-07-09T13:05:09.320+0000] {logging_mixin.py:190} INFO - [2026-07-09T13:05:09.320+0000] {dag.py:3239} INFO - Sync 1 DAGs
[2026-07-09T13:05:09.327+0000] {logging_mixin.py:190} INFO - [2026-07-09T13:05:09.327+0000] {dag.py:4180} INFO - Setting next_dagrun for dag_extract_dvizhenie to 2026-07-09 10:00:00+00:00, run_after=2026-07-09 12:00:00+00:00
[2026-07-09T13:05:09.332+0000] {processor.py:208} INFO - Processing /opt/airflow/dags/dag_extract_dvizhenie.py took 0.031 seconds
[2026-07-09T13:05:39.748+0000] {processor.py:186} INFO - Started process (PID=6118) to work on /opt/airflow/dags/dag_extract_dvizhenie.py
[2026-07-09T13:05:39.749+0000] {processor.py:914} INFO - Processing file /opt/airflow/dags/dag_extract_dvizhenie.py for tasks to queue
[2026-07-09T13:05:39.750+0000] {logging_mixin.py:190} INFO - [2026-07-09T13:05:39.749+0000] {dagbag.py:588} INFO - Filling up the DagBag from /opt/airflow/dags/dag_extract_dvizhenie.py
[2026-07-09T13:05:39.754+0000] {processor.py:925} INFO - DAG(s) 'dag_extract_dvizhenie' retrieved from /opt/airflow/dags/dag_extract_dvizhenie.py
[2026-07-09T13:05:39.764+0000] {logging_mixin.py:190} INFO - [2026-07-09T13:05:39.764+0000] {dag.py:3239} INFO - Sync 1 DAGs
[2026-07-09T13:05:39.771+0000] {logging_mixin.py:190} INFO - [2026-07-09T13:05:39.771+0000] {dag.py:4180} INFO - Setting next_dagrun for dag_extract_dvizhenie to 2026-07-09 10:00:00+00:00, run_after=2026-07-09 12:00:00+00:00
[2026-07-09T13:05:39.776+0000] {processor.py:208} INFO - Processing /opt/airflow/dags/dag_extract_dvizhenie.py took 0.030 seconds
[2026-07-09T13:06:10.242+0000] {processor.py:186} INFO - Started process (PID=6138) to work on /opt/airflow/dags/dag_extract_dvizhenie.py
[2026-07-09T13:06:10.243+0000] {processor.py:914} INFO - Processing file /opt/airflow/dags/dag_extract_dvizhenie.py for tasks to queue
[2026-07-09T13:06:10.243+0000] {logging_mixin.py:190} INFO - [2026-07-09T13:06:10.243+0000] {dagbag.py:588} INFO - Filling up the DagBag from /opt/airflow/dags/dag_extract_dvizhenie.py
[2026-07-09T13:06:10.248+0000] {processor.py:925} INFO - DAG(s) 'dag_extract_dvizhenie' retrieved from /opt/airflow/dags/dag_extract_dvizhenie.py
[2026-07-09T13:06:10.258+0000] {logging_mixin.py:190} INFO - [2026-07-09T13:06:10.258+0000] {dag.py:3239} INFO - Sync 1 DAGs
[2026-07-09T13:06:10.265+0000] {logging_mixin.py:190} INFO - [2026-07-09T13:06:10.265+0000] {dag.py:4180} INFO - Setting next_dagrun for dag_extract_dvizhenie to 2026-07-09 10:00:00+00:00, run_after=2026-07-09 12:00:00+00:00
[2026-07-09T13:06:10.270+0000] {processor.py:208} INFO - Processing /opt/airflow/dags/dag_extract_dvizhenie.py took 0.031 seconds
[2026-07-09T13:06:40.745+0000] {processor.py:186} INFO - Started process (PID=6158) to work on /opt/airflow/dags/dag_extract_dvizhenie.py
[2026-07-09T13:06:40.746+0000] {processor.py:914} INFO - Processing file /opt/airflow/dags/dag_extract_dvizhenie.py for tasks to queue
[2026-07-09T13:06:40.747+0000] {logging_mixin.py:190} INFO - [2026-07-09T13:06:40.747+0000] {dagbag.py:588} INFO - Filling up the DagBag from /opt/airflow/dags/dag_extract_dvizhenie.py
[2026-07-09T13:06:40.751+0000] {processor.py:925} INFO - DAG(s) 'dag_extract_dvizhenie' retrieved from /opt/airflow/dags/dag_extract_dvizhenie.py
[2026-07-09T13:06:40.761+0000] {logging_mixin.py:190} INFO - [2026-07-09T13:06:40.761+0000] {dag.py:3239} INFO - Sync 1 DAGs
[2026-07-09T13:06:40.768+0000] {logging_mixin.py:190} INFO - [2026-07-09T13:06:40.768+0000] {dag.py:4180} INFO - Setting next_dagrun for dag_extract_dvizhenie to 2026-07-09 10:00:00+00:00, run_after=2026-07-09 12:00:00+00:00
[2026-07-09T13:06:40.773+0000] {processor.py:208} INFO - Processing /opt/airflow/dags/dag_extract_dvizhenie.py took 0.030 seconds
[2026-07-09T13:07:11.265+0000] {processor.py:186} INFO - Started process (PID=6178) to work on /opt/airflow/dags/dag_extract_dvizhenie.py
[2026-07-09T13:07:11.267+0000] {processor.py:914} INFO - Processing file /opt/airflow/dags/dag_extract_dvizhenie.py for tasks to queue
[2026-07-09T13:07:11.268+0000] {logging_mixin.py:190} INFO - [2026-07-09T13:07:11.267+0000] {dagbag.py:588} INFO - Filling up the DagBag from /opt/airflow/dags/dag_extract_dvizhenie.py
[2026-07-09T13:07:11.272+0000] {processor.py:925} INFO - DAG(s) 'dag_extract_dvizhenie' retrieved from /opt/airflow/dags/dag_extract_dvizhenie.py
[2026-07-09T13:07:11.285+0000] {logging_mixin.py:190} INFO - [2026-07-09T13:07:11.285+0000] {dag.py:3239} INFO - Sync 1 DAGs
[2026-07-09T13:07:11.294+0000] {logging_mixin.py:190} INFO - [2026-07-09T13:07:11.293+0000] {dag.py:4180} INFO - Setting next_dagrun for dag_extract_dvizhenie to 2026-07-09 10:00:00+00:00, run_after=2026-07-09 12:00:00+00:00
[2026-07-09T13:07:11.301+0000] {processor.py:208} INFO - Processing /opt/airflow/dags/dag_extract_dvizhenie.py took 0.038 seconds
[2026-07-09T13:07:41.784+0000] {processor.py:186} INFO - Started process (PID=6198) to work on /opt/airflow/dags/dag_extract_dvizhenie.py
[2026-07-09T13:07:41.785+0000] {processor.py:914} INFO - Processing file /opt/airflow/dags/dag_extract_dvizhenie.py for tasks to queue
[2026-07-09T13:07:41.785+0000] {logging_mixin.py:190} INFO - [2026-07-09T13:07:41.785+0000] {dagbag.py:588} INFO - Filling up the DagBag from /opt/airflow/dags/dag_extract_dvizhenie.py
[2026-07-09T13:07:41.790+0000] {processor.py:925} INFO - DAG(s) 'dag_extract_dvizhenie' retrieved from /opt/airflow/dags/dag_extract_dvizhenie.py
[2026-07-09T13:07:41.800+0000] {logging_mixin.py:190} INFO - [2026-07-09T13:07:41.800+0000] {dag.py:3239} INFO - Sync 1 DAGs
[2026-07-09T13:07:41.807+0000] {logging_mixin.py:190} INFO - [2026-07-09T13:07:41.807+0000] {dag.py:4180} INFO - Setting next_dagrun for dag_extract_dvizhenie to 2026-07-09 10:00:00+00:00, run_after=2026-07-09 12:00:00+00:00
[2026-07-09T13:07:41.812+0000] {processor.py:208} INFO - Processing /opt/airflow/dags/dag_extract_dvizhenie.py took 0.031 seconds
[2026-07-09T13:08:12.254+0000] {processor.py:186} INFO - Started process (PID=6216) to work on /opt/airflow/dags/dag_extract_dvizhenie.py
[2026-07-09T13:08:12.255+0000] {processor.py:914} INFO - Processing file /opt/airflow/dags/dag_extract_dvizhenie.py for tasks to queue
[2026-07-09T13:08:12.256+0000] {logging_mixin.py:190} INFO - [2026-07-09T13:08:12.256+0000] {dagbag.py:588} INFO - Filling up the DagBag from /opt/airflow/dags/dag_extract_dvizhenie.py
[2026-07-09T13:08:12.262+0000] {processor.py:925} INFO - DAG(s) 'dag_extract_dvizhenie' retrieved from /opt/airflow/dags/dag_extract_dvizhenie.py
[2026-07-09T13:08:12.276+0000] {logging_mixin.py:190} INFO - [2026-07-09T13:08:12.276+0000] {dag.py:3239} INFO - Sync 1 DAGs
[2026-07-09T13:08:12.285+0000] {logging_mixin.py:190} INFO - [2026-07-09T13:08:12.285+0000] {dag.py:4180} INFO - Setting next_dagrun for dag_extract_dvizhenie to 2026-07-09 10:00:00+00:00, run_after=2026-07-09 12:00:00+00:00
[2026-07-09T13:08:12.291+0000] {processor.py:208} INFO - Processing /opt/airflow/dags/dag_extract_dvizhenie.py took 0.039 seconds
[2026-07-09T13:08:42.790+0000] {processor.py:186} INFO - Started process (PID=6238) to work on /opt/airflow/dags/dag_extract_dvizhenie.py
[2026-07-09T13:08:42.791+0000] {processor.py:914} INFO - Processing file /opt/airflow/dags/dag_extract_dvizhenie.py for tasks to queue
[2026-07-09T13:08:42.792+0000] {logging_mixin.py:190} INFO - [2026-07-09T13:08:42.791+0000] {dagbag.py:588} INFO - Filling up the DagBag from /opt/airflow/dags/dag_extract_dvizhenie.py
[2026-07-09T13:08:42.796+0000] {processor.py:925} INFO - DAG(s) 'dag_extract_dvizhenie' retrieved from /opt/airflow/dags/dag_extract_dvizhenie.py
[2026-07-09T13:08:42.806+0000] {logging_mixin.py:190} INFO - [2026-07-09T13:08:42.806+0000] {dag.py:3239} INFO - Sync 1 DAGs
[2026-07-09T13:08:42.814+0000] {logging_mixin.py:190} INFO - [2026-07-09T13:08:42.814+0000] {dag.py:4180} INFO - Setting next_dagrun for dag_extract_dvizhenie to 2026-07-09 10:00:00+00:00, run_after=2026-07-09 12:00:00+00:00
[2026-07-09T13:08:42.819+0000] {processor.py:208} INFO - Processing /opt/airflow/dags/dag_extract_dvizhenie.py took 0.031 seconds
[2026-07-09T13:09:13.277+0000] {processor.py:186} INFO - Started process (PID=6258) to work on /opt/airflow/dags/dag_extract_dvizhenie.py
[2026-07-09T13:09:13.278+0000] {processor.py:914} INFO - Processing file /opt/airflow/dags/dag_extract_dvizhenie.py for tasks to queue
[2026-07-09T13:09:13.279+0000] {logging_mixin.py:190} INFO - [2026-07-09T13:09:13.279+0000] {dagbag.py:588} INFO - Filling up the DagBag from /opt/airflow/dags/dag_extract_dvizhenie.py
[2026-07-09T13:09:13.284+0000] {processor.py:925} INFO - DAG(s) 'dag_extract_dvizhenie' retrieved from /opt/airflow/dags/dag_extract_dvizhenie.py
[2026-07-09T13:09:13.294+0000] {logging_mixin.py:190} INFO - [2026-07-09T13:09:13.293+0000] {dag.py:3239} INFO - Sync 1 DAGs
[2026-07-09T13:09:13.301+0000] {logging_mixin.py:190} INFO - [2026-07-09T13:09:13.301+0000] {dag.py:4180} INFO - Setting next_dagrun for dag_extract_dvizhenie to 2026-07-09 10:00:00+00:00, run_after=2026-07-09 12:00:00+00:00
[2026-07-09T13:09:13.307+0000] {processor.py:208} INFO - Processing /opt/airflow/dags/dag_extract_dvizhenie.py took 0.032 seconds
[2026-07-09T13:09:43.727+0000] {processor.py:186} INFO - Started process (PID=6278) to work on /opt/airflow/dags/dag_extract_dvizhenie.py
[2026-07-09T13:09:43.728+0000] {processor.py:914} INFO - Processing file /opt/airflow/dags/dag_extract_dvizhenie.py for tasks to queue
[2026-07-09T13:09:43.729+0000] {logging_mixin.py:190} INFO - [2026-07-09T13:09:43.729+0000] {dagbag.py:588} INFO - Filling up the DagBag from /opt/airflow/dags/dag_extract_dvizhenie.py
[2026-07-09T13:09:43.734+0000] {processor.py:925} INFO - DAG(s) 'dag_extract_dvizhenie' retrieved from /opt/airflow/dags/dag_extract_dvizhenie.py
[2026-07-09T13:09:43.749+0000] {logging_mixin.py:190} INFO - [2026-07-09T13:09:43.749+0000] {dag.py:3239} INFO - Sync 1 DAGs
[2026-07-09T13:09:43.761+0000] {logging_mixin.py:190} INFO - [2026-07-09T13:09:43.761+0000] {dag.py:4180} INFO - Setting next_dagrun for dag_extract_dvizhenie to 2026-07-09 10:00:00+00:00, run_after=2026-07-09 12:00:00+00:00
[2026-07-09T13:09:43.770+0000] {processor.py:208} INFO - Processing /opt/airflow/dags/dag_extract_dvizhenie.py took 0.046 seconds
[2026-07-09T13:10:14.194+0000] {processor.py:186} INFO - Started process (PID=6298) to work on /opt/airflow/dags/dag_extract_dvizhenie.py
[2026-07-09T13:10:14.195+0000] {processor.py:914} INFO - Processing file /opt/airflow/dags/dag_extract_dvizhenie.py for tasks to queue
[2026-07-09T13:10:14.196+0000] {logging_mixin.py:190} INFO - [2026-07-09T13:10:14.195+0000] {dagbag.py:588} INFO - Filling up the DagBag from /opt/airflow/dags/dag_extract_dvizhenie.py
[2026-07-09T13:10:14.200+0000] {processor.py:925} INFO - DAG(s) 'dag_extract_dvizhenie' retrieved from /opt/airflow/dags/dag_extract_dvizhenie.py
[2026-07-09T13:10:14.210+0000] {logging_mixin.py:190} INFO - [2026-07-09T13:10:14.210+0000] {dag.py:3239} INFO - Sync 1 DAGs
[2026-07-09T13:10:14.217+0000] {logging_mixin.py:190} INFO - [2026-07-09T13:10:14.217+0000] {dag.py:4180} INFO - Setting next_dagrun for dag_extract_dvizhenie to 2026-07-09 10:00:00+00:00, run_after=2026-07-09 12:00:00+00:00
[2026-07-09T13:10:14.222+0000] {processor.py:208} INFO - Processing /opt/airflow/dags/dag_extract_dvizhenie.py took 0.031 seconds
[2026-07-09T13:10:44.634+0000] {processor.py:186} INFO - Started process (PID=6318) to work on /opt/airflow/dags/dag_extract_dvizhenie.py
[2026-07-09T13:10:44.634+0000] {processor.py:914} INFO - Processing file /opt/airflow/dags/dag_extract_dvizhenie.py for tasks to queue
[2026-07-09T13:10:44.635+0000] {logging_mixin.py:190} INFO - [2026-07-09T13:10:44.635+0000] {dagbag.py:588} INFO - Filling up the DagBag from /opt/airflow/dags/dag_extract_dvizhenie.py
[2026-07-09T13:10:44.639+0000] {processor.py:925} INFO - DAG(s) 'dag_extract_dvizhenie' retrieved from /opt/airflow/dags/dag_extract_dvizhenie.py
[2026-07-09T13:10:44.648+0000] {logging_mixin.py:190} INFO - [2026-07-09T13:10:44.648+0000] {dag.py:3239} INFO - Sync 1 DAGs
[2026-07-09T13:10:44.656+0000] {logging_mixin.py:190} INFO - [2026-07-09T13:10:44.656+0000] {dag.py:4180} INFO - Setting next_dagrun for dag_extract_dvizhenie to 2026-07-09 10:00:00+00:00, run_after=2026-07-09 12:00:00+00:00
[2026-07-09T13:10:44.661+0000] {processor.py:208} INFO - Processing /opt/airflow/dags/dag_extract_dvizhenie.py took 0.030 seconds
[2026-07-09T13:11:15.133+0000] {processor.py:186} INFO - Started process (PID=6338) to work on /opt/airflow/dags/dag_extract_dvizhenie.py
[2026-07-09T13:11:15.133+0000] {processor.py:914} INFO - Processing file /opt/airflow/dags/dag_extract_dvizhenie.py for tasks to queue
[2026-07-09T13:11:15.134+0000] {logging_mixin.py:190} INFO - [2026-07-09T13:11:15.134+0000] {dagbag.py:588} INFO - Filling up the DagBag from /opt/airflow/dags/dag_extract_dvizhenie.py
[2026-07-09T13:11:15.138+0000] {processor.py:925} INFO - DAG(s) 'dag_extract_dvizhenie' retrieved from /opt/airflow/dags/dag_extract_dvizhenie.py
[2026-07-09T13:11:15.149+0000] {logging_mixin.py:190} INFO - [2026-07-09T13:11:15.149+0000] {dag.py:3239} INFO - Sync 1 DAGs
[2026-07-09T13:11:15.156+0000] {logging_mixin.py:190} INFO - [2026-07-09T13:11:15.156+0000] {dag.py:4180} INFO - Setting next_dagrun for dag_extract_dvizhenie to 2026-07-09 10:00:00+00:00, run_after=2026-07-09 12:00:00+00:00
[2026-07-09T13:11:15.161+0000] {processor.py:208} INFO - Processing /opt/airflow/dags/dag_extract_dvizhenie.py took 0.031 seconds
[2026-07-09T13:11:45.594+0000] {processor.py:186} INFO - Started process (PID=6356) to work on /opt/airflow/dags/dag_extract_dvizhenie.py
[2026-07-09T13:11:45.595+0000] {processor.py:914} INFO - Processing file /opt/airflow/dags/dag_extract_dvizhenie.py for tasks to queue
[2026-07-09T13:11:45.597+0000] {logging_mixin.py:190} INFO - [2026-07-09T13:11:45.597+0000] {dagbag.py:588} INFO - Filling up the DagBag from /opt/airflow/dags/dag_extract_dvizhenie.py
[2026-07-09T13:11:45.603+0000] {processor.py:925} INFO - DAG(s) 'dag_extract_dvizhenie' retrieved from /opt/airflow/dags/dag_extract_dvizhenie.py
[2026-07-09T13:11:45.617+0000] {logging_mixin.py:190} INFO - [2026-07-09T13:11:45.616+0000] {dag.py:3239} INFO - Sync 1 DAGs
[2026-07-09T13:11:45.625+0000] {logging_mixin.py:190} INFO - [2026-07-09T13:11:45.625+0000] {dag.py:4180} INFO - Setting next_dagrun for dag_extract_dvizhenie to 2026-07-09 10:00:00+00:00, run_after=2026-07-09 12:00:00+00:00
[2026-07-09T13:11:45.632+0000] {processor.py:208} INFO - Processing /opt/airflow/dags/dag_extract_dvizhenie.py took 0.040 seconds
[2026-07-09T13:12:16.086+0000] {processor.py:186} INFO - Started process (PID=6378) to work on /opt/airflow/dags/dag_extract_dvizhenie.py
[2026-07-09T13:12:16.086+0000] {processor.py:914} INFO - Processing file /opt/airflow/dags/dag_extract_dvizhenie.py for tasks to queue
[2026-07-09T13:12:16.087+0000] {logging_mixin.py:190} INFO - [2026-07-09T13:12:16.087+0000] {dagbag.py:588} INFO - Filling up the DagBag from /opt/airflow/dags/dag_extract_dvizhenie.py
[2026-07-09T13:12:16.091+0000] {processor.py:925} INFO - DAG(s) 'dag_extract_dvizhenie' retrieved from /opt/airflow/dags/dag_extract_dvizhenie.py
[2026-07-09T13:12:16.101+0000] {logging_mixin.py:190} INFO - [2026-07-09T13:12:16.101+0000] {dag.py:3239} INFO - Sync 1 DAGs
[2026-07-09T13:12:16.108+0000] {logging_mixin.py:190} INFO - [2026-07-09T13:12:16.108+0000] {dag.py:4180} INFO - Setting next_dagrun for dag_extract_dvizhenie to 2026-07-09 10:00:00+00:00, run_after=2026-07-09 12:00:00+00:00
[2026-07-09T13:12:16.113+0000] {processor.py:208} INFO - Processing /opt/airflow/dags/dag_extract_dvizhenie.py took 0.030 seconds
[2026-07-09T13:12:46.488+0000] {processor.py:186} INFO - Started process (PID=6398) to work on /opt/airflow/dags/dag_extract_dvizhenie.py
[2026-07-09T13:12:46.488+0000] {processor.py:914} INFO - Processing file /opt/airflow/dags/dag_extract_dvizhenie.py for tasks to queue
[2026-07-09T13:12:46.489+0000] {logging_mixin.py:190} INFO - [2026-07-09T13:12:46.489+0000] {dagbag.py:588} INFO - Filling up the DagBag from /opt/airflow/dags/dag_extract_dvizhenie.py
[2026-07-09T13:12:46.494+0000] {processor.py:925} INFO - DAG(s) 'dag_extract_dvizhenie' retrieved from /opt/airflow/dags/dag_extract_dvizhenie.py
[2026-07-09T13:12:46.504+0000] {logging_mixin.py:190} INFO - [2026-07-09T13:12:46.504+0000] {dag.py:3239} INFO - Sync 1 DAGs
[2026-07-09T13:12:46.511+0000] {logging_mixin.py:190} INFO - [2026-07-09T13:12:46.511+0000] {dag.py:4180} INFO - Setting next_dagrun for dag_extract_dvizhenie to 2026-07-09 10:00:00+00:00, run_after=2026-07-09 12:00:00+00:00
[2026-07-09T13:12:46.516+0000] {processor.py:208} INFO - Processing /opt/airflow/dags/dag_extract_dvizhenie.py took 0.031 seconds
[2026-07-09T13:13:16.923+0000] {processor.py:186} INFO - Started process (PID=6418) to work on /opt/airflow/dags/dag_extract_dvizhenie.py
[2026-07-09T13:13:16.924+0000] {processor.py:914} INFO - Processing file /opt/airflow/dags/dag_extract_dvizhenie.py for tasks to queue
[2026-07-09T13:13:16.924+0000] {logging_mixin.py:190} INFO - [2026-07-09T13:13:16.924+0000] {dagbag.py:588} INFO - Filling up the DagBag from /opt/airflow/dags/dag_extract_dvizhenie.py
[2026-07-09T13:13:16.929+0000] {processor.py:925} INFO - DAG(s) 'dag_extract_dvizhenie' retrieved from /opt/airflow/dags/dag_extract_dvizhenie.py
[2026-07-09T13:13:16.938+0000] {logging_mixin.py:190} INFO - [2026-07-09T13:13:16.938+0000] {dag.py:3239} INFO - Sync 1 DAGs
[2026-07-09T13:13:16.946+0000] {logging_mixin.py:190} INFO - [2026-07-09T13:13:16.945+0000] {dag.py:4180} INFO - Setting next_dagrun for dag_extract_dvizhenie to 2026-07-09 10:00:00+00:00, run_after=2026-07-09 12:00:00+00:00
[2026-07-09T13:13:16.950+0000] {processor.py:208} INFO - Processing /opt/airflow/dags/dag_extract_dvizhenie.py took 0.031 seconds
[2026-07-09T13:13:47.374+0000] {processor.py:186} INFO - Started process (PID=6436) to work on /opt/airflow/dags/dag_extract_dvizhenie.py
[2026-07-09T13:13:47.375+0000] {processor.py:914} INFO - Processing file /opt/airflow/dags/dag_extract_dvizhenie.py for tasks to queue
[2026-07-09T13:13:47.376+0000] {logging_mixin.py:190} INFO - [2026-07-09T13:13:47.375+0000] {dagbag.py:588} INFO - Filling up the DagBag from /opt/airflow/dags/dag_extract_dvizhenie.py
[2026-07-09T13:13:47.384+0000] {processor.py:925} INFO - DAG(s) 'dag_extract_dvizhenie' retrieved from /opt/airflow/dags/dag_extract_dvizhenie.py
[2026-07-09T13:13:47.399+0000] {logging_mixin.py:190} INFO - [2026-07-09T13:13:47.399+0000] {dag.py:3239} INFO - Sync 1 DAGs
[2026-07-09T13:13:47.407+0000] {logging_mixin.py:190} INFO - [2026-07-09T13:13:47.407+0000] {dag.py:4180} INFO - Setting next_dagrun for dag_extract_dvizhenie to 2026-07-09 10:00:00+00:00, run_after=2026-07-09 12:00:00+00:00
[2026-07-09T13:13:47.413+0000] {processor.py:208} INFO - Processing /opt/airflow/dags/dag_extract_dvizhenie.py took 0.042 seconds
[2026-07-09T13:14:17.867+0000] {processor.py:186} INFO - Started process (PID=6458) to work on /opt/airflow/dags/dag_extract_dvizhenie.py
[2026-07-09T13:14:17.868+0000] {processor.py:914} INFO - Processing file /opt/airflow/dags/dag_extract_dvizhenie.py for tasks to queue
[2026-07-09T13:14:17.869+0000] {logging_mixin.py:190} INFO - [2026-07-09T13:14:17.868+0000] {dagbag.py:588} INFO - Filling up the DagBag from /opt/airflow/dags/dag_extract_dvizhenie.py
[2026-07-09T13:14:17.873+0000] {processor.py:925} INFO - DAG(s) 'dag_extract_dvizhenie' retrieved from /opt/airflow/dags/dag_extract_dvizhenie.py
[2026-07-09T13:14:17.883+0000] {logging_mixin.py:190} INFO - [2026-07-09T13:14:17.883+0000] {dag.py:3239} INFO - Sync 1 DAGs
[2026-07-09T13:14:17.890+0000] {logging_mixin.py:190} INFO - [2026-07-09T13:14:17.890+0000] {dag.py:4180} INFO - Setting next_dagrun for dag_extract_dvizhenie to 2026-07-09 10:00:00+00:00, run_after=2026-07-09 12:00:00+00:00
[2026-07-09T13:14:17.895+0000] {processor.py:208} INFO - Processing /opt/airflow/dags/dag_extract_dvizhenie.py took 0.030 seconds
[2026-07-09T13:14:48.379+0000] {processor.py:186} INFO - Started process (PID=6478) to work on /opt/airflow/dags/dag_extract_dvizhenie.py
[2026-07-09T13:14:48.380+0000] {processor.py:914} INFO - Processing file /opt/airflow/dags/dag_extract_dvizhenie.py for tasks to queue
[2026-07-09T13:14:48.381+0000] {logging_mixin.py:190} INFO - [2026-07-09T13:14:48.380+0000] {dagbag.py:588} INFO - Filling up the DagBag from /opt/airflow/dags/dag_extract_dvizhenie.py
[2026-07-09T13:14:48.385+0000] {processor.py:925} INFO - DAG(s) 'dag_extract_dvizhenie' retrieved from /opt/airflow/dags/dag_extract_dvizhenie.py
[2026-07-09T13:14:48.395+0000] {logging_mixin.py:190} INFO - [2026-07-09T13:14:48.395+0000] {dag.py:3239} INFO - Sync 1 DAGs
[2026-07-09T13:14:48.402+0000] {logging_mixin.py:190} INFO - [2026-07-09T13:14:48.402+0000] {dag.py:4180} INFO - Setting next_dagrun for dag_extract_dvizhenie to 2026-07-09 10:00:00+00:00, run_after=2026-07-09 12:00:00+00:00
[2026-07-09T13:14:48.407+0000] {processor.py:208} INFO - Processing /opt/airflow/dags/dag_extract_dvizhenie.py took 0.030 seconds
[2026-07-09T13:15:18.882+0000] {processor.py:186} INFO - Started process (PID=6498) to work on /opt/airflow/dags/dag_extract_dvizhenie.py
[2026-07-09T13:15:18.883+0000] {processor.py:914} INFO - Processing file /opt/airflow/dags/dag_extract_dvizhenie.py for tasks to queue
[2026-07-09T13:15:18.884+0000] {logging_mixin.py:190} INFO - [2026-07-09T13:15:18.884+0000] {dagbag.py:588} INFO - Filling up the DagBag from /opt/airflow/dags/dag_extract_dvizhenie.py
[2026-07-09T13:15:18.888+0000] {processor.py:925} INFO - DAG(s) 'dag_extract_dvizhenie' retrieved from /opt/airflow/dags/dag_extract_dvizhenie.py
[2026-07-09T13:15:18.898+0000] {logging_mixin.py:190} INFO - [2026-07-09T13:15:18.898+0000] {dag.py:3239} INFO - Sync 1 DAGs
[2026-07-09T13:15:18.905+0000] {logging_mixin.py:190} INFO - [2026-07-09T13:15:18.905+0000] {dag.py:4180} INFO - Setting next_dagrun for dag_extract_dvizhenie to 2026-07-09 10:00:00+00:00, run_after=2026-07-09 12:00:00+00:00
[2026-07-09T13:15:18.910+0000] {processor.py:208} INFO - Processing /opt/airflow/dags/dag_extract_dvizhenie.py took 0.030 seconds
[2026-07-09T13:15:49.344+0000] {processor.py:186} INFO - Started process (PID=6518) to work on /opt/airflow/dags/dag_extract_dvizhenie.py
[2026-07-09T13:15:49.344+0000] {processor.py:914} INFO - Processing file /opt/airflow/dags/dag_extract_dvizhenie.py for tasks to queue
[2026-07-09T13:15:49.345+0000] {logging_mixin.py:190} INFO - [2026-07-09T13:15:49.345+0000] {dagbag.py:588} INFO - Filling up the DagBag from /opt/airflow/dags/dag_extract_dvizhenie.py
[2026-07-09T13:15:49.350+0000] {processor.py:925} INFO - DAG(s) 'dag_extract_dvizhenie' retrieved from /opt/airflow/dags/dag_extract_dvizhenie.py
[2026-07-09T13:15:49.360+0000] {logging_mixin.py:190} INFO - [2026-07-09T13:15:49.359+0000] {dag.py:3239} INFO - Sync 1 DAGs
[2026-07-09T13:15:49.367+0000] {logging_mixin.py:190} INFO - [2026-07-09T13:15:49.367+0000] {dag.py:4180} INFO - Setting next_dagrun for dag_extract_dvizhenie to 2026-07-09 10:00:00+00:00, run_after=2026-07-09 12:00:00+00:00
[2026-07-09T13:15:49.371+0000] {processor.py:208} INFO - Processing /opt/airflow/dags/dag_extract_dvizhenie.py took 0.030 seconds
[2026-07-09T13:16:19.868+0000] {processor.py:186} INFO - Started process (PID=6538) to work on /opt/airflow/dags/dag_extract_dvizhenie.py
[2026-07-09T13:16:19.869+0000] {processor.py:914} INFO - Processing file /opt/airflow/dags/dag_extract_dvizhenie.py for tasks to queue
[2026-07-09T13:16:19.869+0000] {logging_mixin.py:190} INFO - [2026-07-09T13:16:19.869+0000] {dagbag.py:588} INFO - Filling up the DagBag from /opt/airflow/dags/dag_extract_dvizhenie.py
[2026-07-09T13:16:19.874+0000] {processor.py:925} INFO - DAG(s) 'dag_extract_dvizhenie' retrieved from /opt/airflow/dags/dag_extract_dvizhenie.py
[2026-07-09T13:16:19.884+0000] {logging_mixin.py:190} INFO - [2026-07-09T13:16:19.884+0000] {dag.py:3239} INFO - Sync 1 DAGs
[2026-07-09T13:16:19.891+0000] {logging_mixin.py:190} INFO - [2026-07-09T13:16:19.891+0000] {dag.py:4180} INFO - Setting next_dagrun for dag_extract_dvizhenie to 2026-07-09 10:00:00+00:00, run_after=2026-07-09 12:00:00+00:00
[2026-07-09T13:16:19.896+0000] {processor.py:208} INFO - Processing /opt/airflow/dags/dag_extract_dvizhenie.py took 0.030 seconds
[2026-07-09T13:16:50.370+0000] {processor.py:186} INFO - Started process (PID=6558) to work on /opt/airflow/dags/dag_extract_dvizhenie.py
[2026-07-09T13:16:50.370+0000] {processor.py:914} INFO - Processing file /opt/airflow/dags/dag_extract_dvizhenie.py for tasks to queue
[2026-07-09T13:16:50.371+0000] {logging_mixin.py:190} INFO - [2026-07-09T13:16:50.371+0000] {dagbag.py:588} INFO - Filling up the DagBag from /opt/airflow/dags/dag_extract_dvizhenie.py
[2026-07-09T13:16:50.375+0000] {processor.py:925} INFO - DAG(s) 'dag_extract_dvizhenie' retrieved from /opt/airflow/dags/dag_extract_dvizhenie.py
[2026-07-09T13:16:50.385+0000] {logging_mixin.py:190} INFO - [2026-07-09T13:16:50.385+0000] {dag.py:3239} INFO - Sync 1 DAGs
[2026-07-09T13:16:50.392+0000] {logging_mixin.py:190} INFO - [2026-07-09T13:16:50.392+0000] {dag.py:4180} INFO - Setting next_dagrun for dag_extract_dvizhenie to 2026-07-09 10:00:00+00:00, run_after=2026-07-09 12:00:00+00:00
[2026-07-09T13:16:50.398+0000] {processor.py:208} INFO - Processing /opt/airflow/dags/dag_extract_dvizhenie.py took 0.030 seconds
[2026-07-09T13:17:20.908+0000] {processor.py:186} INFO - Started process (PID=6578) to work on /opt/airflow/dags/dag_extract_dvizhenie.py
[2026-07-09T13:17:20.908+0000] {processor.py:914} INFO - Processing file /opt/airflow/dags/dag_extract_dvizhenie.py for tasks to queue
[2026-07-09T13:17:20.909+0000] {logging_mixin.py:190} INFO - [2026-07-09T13:17:20.909+0000] {dagbag.py:588} INFO - Filling up the DagBag from /opt/airflow/dags/dag_extract_dvizhenie.py
[2026-07-09T13:17:20.913+0000] {processor.py:925} INFO - DAG(s) 'dag_extract_dvizhenie' retrieved from /opt/airflow/dags/dag_extract_dvizhenie.py
[2026-07-09T13:17:20.923+0000] {logging_mixin.py:190} INFO - [2026-07-09T13:17:20.923+0000] {dag.py:3239} INFO - Sync 1 DAGs
[2026-07-09T13:17:20.930+0000] {logging_mixin.py:190} INFO - [2026-07-09T13:17:20.930+0000] {dag.py:4180} INFO - Setting next_dagrun for dag_extract_dvizhenie to 2026-07-09 10:00:00+00:00, run_after=2026-07-09 12:00:00+00:00
[2026-07-09T13:17:20.935+0000] {processor.py:208} INFO - Processing /opt/airflow/dags/dag_extract_dvizhenie.py took 0.030 seconds
[2026-07-09T13:17:51.420+0000] {processor.py:186} INFO - Started process (PID=6598) to work on /opt/airflow/dags/dag_extract_dvizhenie.py
[2026-07-09T13:17:51.420+0000] {processor.py:914} INFO - Processing file /opt/airflow/dags/dag_extract_dvizhenie.py for tasks to queue
[2026-07-09T13:17:51.421+0000] {logging_mixin.py:190} INFO - [2026-07-09T13:17:51.421+0000] {dagbag.py:588} INFO - Filling up the DagBag from /opt/airflow/dags/dag_extract_dvizhenie.py
[2026-07-09T13:17:51.426+0000] {processor.py:925} INFO - DAG(s) 'dag_extract_dvizhenie' retrieved from /opt/airflow/dags/dag_extract_dvizhenie.py
[2026-07-09T13:17:51.435+0000] {logging_mixin.py:190} INFO - [2026-07-09T13:17:51.435+0000] {dag.py:3239} INFO - Sync 1 DAGs
[2026-07-09T13:17:51.442+0000] {logging_mixin.py:190} INFO - [2026-07-09T13:17:51.442+0000] {dag.py:4180} INFO - Setting next_dagrun for dag_extract_dvizhenie to 2026-07-09 10:00:00+00:00, run_after=2026-07-09 12:00:00+00:00
[2026-07-09T13:17:51.447+0000] {processor.py:208} INFO - Processing /opt/airflow/dags/dag_extract_dvizhenie.py took 0.030 seconds
[2026-07-09T13:18:21.951+0000] {processor.py:186} INFO - Started process (PID=6618) to work on /opt/airflow/dags/dag_extract_dvizhenie.py
[2026-07-09T13:18:21.952+0000] {processor.py:914} INFO - Processing file /opt/airflow/dags/dag_extract_dvizhenie.py for tasks to queue
[2026-07-09T13:18:21.953+0000] {logging_mixin.py:190} INFO - [2026-07-09T13:18:21.952+0000] {dagbag.py:588} INFO - Filling up the DagBag from /opt/airflow/dags/dag_extract_dvizhenie.py
[2026-07-09T13:18:21.958+0000] {processor.py:925} INFO - DAG(s) 'dag_extract_dvizhenie' retrieved from /opt/airflow/dags/dag_extract_dvizhenie.py
[2026-07-09T13:18:21.973+0000] {logging_mixin.py:190} INFO - [2026-07-09T13:18:21.973+0000] {dag.py:3239} INFO - Sync 1 DAGs
[2026-07-09T13:18:21.985+0000] {logging_mixin.py:190} INFO - [2026-07-09T13:18:21.985+0000] {dag.py:4180} INFO - Setting next_dagrun for dag_extract_dvizhenie to 2026-07-09 10:00:00+00:00, run_after=2026-07-09 12:00:00+00:00
[2026-07-09T13:18:21.992+0000] {processor.py:208} INFO - Processing /opt/airflow/dags/dag_extract_dvizhenie.py took 0.044 seconds
[2026-07-09T13:18:52.483+0000] {processor.py:186} INFO - Started process (PID=6638) to work on /opt/airflow/dags/dag_extract_dvizhenie.py
[2026-07-09T13:18:52.484+0000] {processor.py:914} INFO - Processing file /opt/airflow/dags/dag_extract_dvizhenie.py for tasks to queue
[2026-07-09T13:18:52.485+0000] {logging_mixin.py:190} INFO - [2026-07-09T13:18:52.485+0000] {dagbag.py:588} INFO - Filling up the DagBag from /opt/airflow/dags/dag_extract_dvizhenie.py
[2026-07-09T13:18:52.490+0000] {processor.py:925} INFO - DAG(s) 'dag_extract_dvizhenie' retrieved from /opt/airflow/dags/dag_extract_dvizhenie.py
[2026-07-09T13:18:52.501+0000] {logging_mixin.py:190} INFO - [2026-07-09T13:18:52.501+0000] {dag.py:3239} INFO - Sync 1 DAGs
[2026-07-09T13:18:52.509+0000] {logging_mixin.py:190} INFO - [2026-07-09T13:18:52.508+0000] {dag.py:4180} INFO - Setting next_dagrun for dag_extract_dvizhenie to 2026-07-09 10:00:00+00:00, run_after=2026-07-09 12:00:00+00:00
[2026-07-09T13:18:52.514+0000] {processor.py:208} INFO - Processing /opt/airflow/dags/dag_extract_dvizhenie.py took 0.037 seconds
[2026-07-09T13:19:23.032+0000] {processor.py:186} INFO - Started process (PID=6658) to work on /opt/airflow/dags/dag_extract_dvizhenie.py
[2026-07-09T13:19:23.032+0000] {processor.py:914} INFO - Processing file /opt/airflow/dags/dag_extract_dvizhenie.py for tasks to queue
[2026-07-09T13:19:23.033+0000] {logging_mixin.py:190} INFO - [2026-07-09T13:19:23.033+0000] {dagbag.py:588} INFO - Filling up the DagBag from /opt/airflow/dags/dag_extract_dvizhenie.py
[2026-07-09T13:19:23.038+0000] {processor.py:925} INFO - DAG(s) 'dag_extract_dvizhenie' retrieved from /opt/airflow/dags/dag_extract_dvizhenie.py
[2026-07-09T13:19:23.050+0000] {logging_mixin.py:190} INFO - [2026-07-09T13:19:23.050+0000] {dag.py:3239} INFO - Sync 1 DAGs
[2026-07-09T13:19:23.058+0000] {logging_mixin.py:190} INFO - [2026-07-09T13:19:23.058+0000] {dag.py:4180} INFO - Setting next_dagrun for dag_extract_dvizhenie to 2026-07-09 10:00:00+00:00, run_after=2026-07-09 12:00:00+00:00
[2026-07-09T13:19:23.063+0000] {processor.py:208} INFO - Processing /opt/airflow/dags/dag_extract_dvizhenie.py took 0.035 seconds
[2026-07-09T13:19:53.472+0000] {processor.py:186} INFO - Started process (PID=6678) to work on /opt/airflow/dags/dag_extract_dvizhenie.py
[2026-07-09T13:19:53.473+0000] {processor.py:914} INFO - Processing file /opt/airflow/dags/dag_extract_dvizhenie.py for tasks to queue
[2026-07-09T13:19:53.474+0000] {logging_mixin.py:190} INFO - [2026-07-09T13:19:53.474+0000] {dagbag.py:588} INFO - Filling up the DagBag from /opt/airflow/dags/dag_extract_dvizhenie.py
[2026-07-09T13:19:53.480+0000] {processor.py:925} INFO - DAG(s) 'dag_extract_dvizhenie' retrieved from /opt/airflow/dags/dag_extract_dvizhenie.py
[2026-07-09T13:19:53.493+0000] {logging_mixin.py:190} INFO - [2026-07-09T13:19:53.493+0000] {dag.py:3239} INFO - Sync 1 DAGs
[2026-07-09T13:19:53.502+0000] {logging_mixin.py:190} INFO - [2026-07-09T13:19:53.502+0000] {dag.py:4180} INFO - Setting next_dagrun for dag_extract_dvizhenie to 2026-07-09 10:00:00+00:00, run_after=2026-07-09 12:00:00+00:00
[2026-07-09T13:19:53.511+0000] {processor.py:208} INFO - Processing /opt/airflow/dags/dag_extract_dvizhenie.py took 0.042 seconds
[2026-07-09T13:20:23.919+0000] {processor.py:186} INFO - Started process (PID=6698) to work on /opt/airflow/dags/dag_extract_dvizhenie.py
[2026-07-09T13:20:23.919+0000] {processor.py:914} INFO - Processing file /opt/airflow/dags/dag_extract_dvizhenie.py for tasks to queue
[2026-07-09T13:20:23.920+0000] {logging_mixin.py:190} INFO - [2026-07-09T13:20:23.920+0000] {dagbag.py:588} INFO - Filling up the DagBag from /opt/airflow/dags/dag_extract_dvizhenie.py
[2026-07-09T13:20:23.925+0000] {processor.py:925} INFO - DAG(s) 'dag_extract_dvizhenie' retrieved from /opt/airflow/dags/dag_extract_dvizhenie.py
[2026-07-09T13:20:23.934+0000] {logging_mixin.py:190} INFO - [2026-07-09T13:20:23.934+0000] {dag.py:3239} INFO - Sync 1 DAGs
[2026-07-09T13:20:23.942+0000] {logging_mixin.py:190} INFO - [2026-07-09T13:20:23.942+0000] {dag.py:4180} INFO - Setting next_dagrun for dag_extract_dvizhenie to 2026-07-09 10:00:00+00:00, run_after=2026-07-09 12:00:00+00:00
[2026-07-09T13:20:23.947+0000] {processor.py:208} INFO - Processing /opt/airflow/dags/dag_extract_dvizhenie.py took 0.031 seconds
[2026-07-09T13:20:54.343+0000] {processor.py:186} INFO - Started process (PID=6717) to work on /opt/airflow/dags/dag_extract_dvizhenie.py
[2026-07-09T13:20:54.344+0000] {processor.py:914} INFO - Processing file /opt/airflow/dags/dag_extract_dvizhenie.py for tasks to queue
[2026-07-09T13:20:54.345+0000] {logging_mixin.py:190} INFO - [2026-07-09T13:20:54.345+0000] {dagbag.py:588} INFO - Filling up the DagBag from /opt/airflow/dags/dag_extract_dvizhenie.py
[2026-07-09T13:20:54.351+0000] {processor.py:925} INFO - DAG(s) 'dag_extract_dvizhenie' retrieved from /opt/airflow/dags/dag_extract_dvizhenie.py
[2026-07-09T13:20:54.363+0000] {logging_mixin.py:190} INFO - [2026-07-09T13:20:54.363+0000] {dag.py:3239} INFO - Sync 1 DAGs
[2026-07-09T13:20:54.373+0000] {logging_mixin.py:190} INFO - [2026-07-09T13:20:54.372+0000] {dag.py:4180} INFO - Setting next_dagrun for dag_extract_dvizhenie to 2026-07-09 10:00:00+00:00, run_after=2026-07-09 12:00:00+00:00
[2026-07-09T13:20:54.379+0000] {processor.py:208} INFO - Processing /opt/airflow/dags/dag_extract_dvizhenie.py took 0.038 seconds
[2026-07-09T13:21:24.815+0000] {processor.py:186} INFO - Started process (PID=6738) to work on /opt/airflow/dags/dag_extract_dvizhenie.py
[2026-07-09T13:21:24.816+0000] {processor.py:914} INFO - Processing file /opt/airflow/dags/dag_extract_dvizhenie.py for tasks to queue
[2026-07-09T13:21:24.817+0000] {logging_mixin.py:190} INFO - [2026-07-09T13:21:24.816+0000] {dagbag.py:588} INFO - Filling up the DagBag from /opt/airflow/dags/dag_extract_dvizhenie.py
[2026-07-09T13:21:24.821+0000] {processor.py:925} INFO - DAG(s) 'dag_extract_dvizhenie' retrieved from /opt/airflow/dags/dag_extract_dvizhenie.py
[2026-07-09T13:21:24.831+0000] {logging_mixin.py:190} INFO - [2026-07-09T13:21:24.831+0000] {dag.py:3239} INFO - Sync 1 DAGs
[2026-07-09T13:21:24.838+0000] {logging_mixin.py:190} INFO - [2026-07-09T13:21:24.838+0000] {dag.py:4180} INFO - Setting next_dagrun for dag_extract_dvizhenie to 2026-07-09 10:00:00+00:00, run_after=2026-07-09 12:00:00+00:00
[2026-07-09T13:21:24.843+0000] {processor.py:208} INFO - Processing /opt/airflow/dags/dag_extract_dvizhenie.py took 0.031 seconds
[2026-07-09T13:21:55.367+0000] {processor.py:186} INFO - Started process (PID=6758) to work on /opt/airflow/dags/dag_extract_dvizhenie.py
[2026-07-09T13:21:55.367+0000] {processor.py:914} INFO - Processing file /opt/airflow/dags/dag_extract_dvizhenie.py for tasks to queue
[2026-07-09T13:21:55.368+0000] {logging_mixin.py:190} INFO - [2026-07-09T13:21:55.368+0000] {dagbag.py:588} INFO - Filling up the DagBag from /opt/airflow/dags/dag_extract_dvizhenie.py
[2026-07-09T13:21:55.372+0000] {processor.py:925} INFO - DAG(s) 'dag_extract_dvizhenie' retrieved from /opt/airflow/dags/dag_extract_dvizhenie.py
[2026-07-09T13:21:55.382+0000] {logging_mixin.py:190} INFO - [2026-07-09T13:21:55.382+0000] {dag.py:3239} INFO - Sync 1 DAGs
[2026-07-09T13:21:55.389+0000] {logging_mixin.py:190} INFO - [2026-07-09T13:21:55.389+0000] {dag.py:4180} INFO - Setting next_dagrun for dag_extract_dvizhenie to 2026-07-09 10:00:00+00:00, run_after=2026-07-09 12:00:00+00:00
[2026-07-09T13:21:55.394+0000] {processor.py:208} INFO - Processing /opt/airflow/dags/dag_extract_dvizhenie.py took 0.030 seconds
[2026-07-09T14:12:00.102+0000] {processor.py:186} INFO - Started process (PID=6778) to work on /opt/airflow/dags/dag_extract_dvizhenie.py
[2026-07-09T14:12:00.102+0000] {processor.py:914} INFO - Processing file /opt/airflow/dags/dag_extract_dvizhenie.py for tasks to queue
[2026-07-09T14:12:00.103+0000] {logging_mixin.py:190} INFO - [2026-07-09T14:12:00.103+0000] {dagbag.py:588} INFO - Filling up the DagBag from /opt/airflow/dags/dag_extract_dvizhenie.py
[2026-07-09T14:12:00.107+0000] {processor.py:925} INFO - DAG(s) 'dag_extract_dvizhenie' retrieved from /opt/airflow/dags/dag_extract_dvizhenie.py
[2026-07-09T14:12:00.118+0000] {logging_mixin.py:190} INFO - [2026-07-09T14:12:00.118+0000] {dag.py:3239} INFO - Sync 1 DAGs
[2026-07-09T14:12:00.127+0000] {logging_mixin.py:190} INFO - [2026-07-09T14:12:00.126+0000] {dag.py:4180} INFO - Setting next_dagrun for dag_extract_dvizhenie to 2026-07-09 12:00:00+00:00, run_after=2026-07-09 14:00:00+00:00
[2026-07-09T14:12:00.131+0000] {processor.py:208} INFO - Processing /opt/airflow/dags/dag_extract_dvizhenie.py took 0.032 seconds
[2026-07-09T14:29:22.720+0000] {processor.py:186} INFO - Started process (PID=6798) to work on /opt/airflow/dags/dag_extract_dvizhenie.py
[2026-07-09T14:29:22.721+0000] {processor.py:914} INFO - Processing file /opt/airflow/dags/dag_extract_dvizhenie.py for tasks to queue
[2026-07-09T14:29:22.722+0000] {logging_mixin.py:190} INFO - [2026-07-09T14:29:22.722+0000] {dagbag.py:588} INFO - Filling up the DagBag from /opt/airflow/dags/dag_extract_dvizhenie.py
[2026-07-09T14:29:22.729+0000] {processor.py:925} INFO - DAG(s) 'dag_extract_dvizhenie' retrieved from /opt/airflow/dags/dag_extract_dvizhenie.py
[2026-07-09T14:29:22.744+0000] {logging_mixin.py:190} INFO - [2026-07-09T14:29:22.743+0000] {dag.py:3239} INFO - Sync 1 DAGs
[2026-07-09T14:29:22.755+0000] {logging_mixin.py:190} INFO - [2026-07-09T14:29:22.755+0000] {dag.py:4180} INFO - Setting next_dagrun for dag_extract_dvizhenie to 2026-07-09 12:00:00+00:00, run_after=2026-07-09 14:00:00+00:00
[2026-07-09T14:29:22.763+0000] {processor.py:208} INFO - Processing /opt/airflow/dags/dag_extract_dvizhenie.py took 0.047 seconds
[2026-07-09T15:09:09.033+0000] {processor.py:186} INFO - Started process (PID=6818) to work on /opt/airflow/dags/dag_extract_dvizhenie.py
[2026-07-09T15:09:09.033+0000] {processor.py:914} INFO - Processing file /opt/airflow/dags/dag_extract_dvizhenie.py for tasks to queue
[2026-07-09T15:09:09.034+0000] {logging_mixin.py:190} INFO - [2026-07-09T15:09:09.034+0000] {dagbag.py:588} INFO - Filling up the DagBag from /opt/airflow/dags/dag_extract_dvizhenie.py
[2026-07-09T15:09:09.040+0000] {processor.py:925} INFO - DAG(s) 'dag_extract_dvizhenie' retrieved from /opt/airflow/dags/dag_extract_dvizhenie.py
[2026-07-09T15:09:09.056+0000] {logging_mixin.py:190} INFO - [2026-07-09T15:09:09.056+0000] {dag.py:3239} INFO - Sync 1 DAGs
[2026-07-09T15:09:09.067+0000] {logging_mixin.py:190} INFO - [2026-07-09T15:09:09.067+0000] {dag.py:4180} INFO - Setting next_dagrun for dag_extract_dvizhenie to 2026-07-09 12:00:00+00:00, run_after=2026-07-09 14:00:00+00:00
[2026-07-09T15:09:09.074+0000] {processor.py:208} INFO - Processing /opt/airflow/dags/dag_extract_dvizhenie.py took 0.045 seconds
[2026-07-09T15:09:39.589+0000] {processor.py:186} INFO - Started process (PID=6838) to work on /opt/airflow/dags/dag_extract_dvizhenie.py
[2026-07-09T15:09:39.590+0000] {processor.py:914} INFO - Processing file /opt/airflow/dags/dag_extract_dvizhenie.py for tasks to queue
[2026-07-09T15:09:39.591+0000] {logging_mixin.py:190} INFO - [2026-07-09T15:09:39.591+0000] {dagbag.py:588} INFO - Filling up the DagBag from /opt/airflow/dags/dag_extract_dvizhenie.py
[2026-07-09T15:09:39.597+0000] {processor.py:925} INFO - DAG(s) 'dag_extract_dvizhenie' retrieved from /opt/airflow/dags/dag_extract_dvizhenie.py
[2026-07-09T15:09:39.613+0000] {logging_mixin.py:190} INFO - [2026-07-09T15:09:39.613+0000] {dag.py:3239} INFO - Sync 1 DAGs
[2026-07-09T15:09:39.625+0000] {logging_mixin.py:190} INFO - [2026-07-09T15:09:39.625+0000] {dag.py:4180} INFO - Setting next_dagrun for dag_extract_dvizhenie to 2026-07-09 12:00:00+00:00, run_after=2026-07-09 14:00:00+00:00
[2026-07-09T15:09:39.632+0000] {processor.py:208} INFO - Processing /opt/airflow/dags/dag_extract_dvizhenie.py took 0.046 seconds
[2026-07-09T15:22:55.249+0000] {processor.py:186} INFO - Started process (PID=6858) to work on /opt/airflow/dags/dag_extract_dvizhenie.py
[2026-07-09T15:22:55.250+0000] {processor.py:914} INFO - Processing file /opt/airflow/dags/dag_extract_dvizhenie.py for tasks to queue
[2026-07-09T15:22:55.251+0000] {logging_mixin.py:190} INFO - [2026-07-09T15:22:55.250+0000] {dagbag.py:588} INFO - Filling up the DagBag from /opt/airflow/dags/dag_extract_dvizhenie.py
[2026-07-09T15:22:55.255+0000] {processor.py:925} INFO - DAG(s) 'dag_extract_dvizhenie' retrieved from /opt/airflow/dags/dag_extract_dvizhenie.py
[2026-07-09T15:22:55.264+0000] {logging_mixin.py:190} INFO - [2026-07-09T15:22:55.264+0000] {dag.py:3239} INFO - Sync 1 DAGs
[2026-07-09T15:22:55.271+0000] {logging_mixin.py:190} INFO - [2026-07-09T15:22:55.271+0000] {dag.py:4180} INFO - Setting next_dagrun for dag_extract_dvizhenie to 2026-07-09 12:00:00+00:00, run_after=2026-07-09 14:00:00+00:00
[2026-07-09T15:22:55.276+0000] {processor.py:208} INFO - Processing /opt/airflow/dags/dag_extract_dvizhenie.py took 0.029 seconds
[2026-07-09T15:56:16.612+0000] {processor.py:186} INFO - Started process (PID=6878) to work on /opt/airflow/dags/dag_extract_dvizhenie.py
[2026-07-09T15:56:16.614+0000] {processor.py:914} INFO - Processing file /opt/airflow/dags/dag_extract_dvizhenie.py for tasks to queue
[2026-07-09T15:56:16.615+0000] {logging_mixin.py:190} INFO - [2026-07-09T15:56:16.615+0000] {dagbag.py:588} INFO - Filling up the DagBag from /opt/airflow/dags/dag_extract_dvizhenie.py
[2026-07-09T15:56:16.621+0000] {processor.py:925} INFO - DAG(s) 'dag_extract_dvizhenie' retrieved from /opt/airflow/dags/dag_extract_dvizhenie.py
[2026-07-09T15:56:16.634+0000] {logging_mixin.py:190} INFO - [2026-07-09T15:56:16.634+0000] {dag.py:3239} INFO - Sync 1 DAGs
[2026-07-09T15:56:16.642+0000] {logging_mixin.py:190} INFO - [2026-07-09T15:56:16.642+0000] {dag.py:4180} INFO - Setting next_dagrun for dag_extract_dvizhenie to 2026-07-09 12:00:00+00:00, run_after=2026-07-09 14:00:00+00:00
[2026-07-09T15:56:16.649+0000] {processor.py:208} INFO - Processing /opt/airflow/dags/dag_extract_dvizhenie.py took 0.039 seconds
[2026-07-09T16:23:36.997+0000] {processor.py:186} INFO - Started process (PID=6898) to work on /opt/airflow/dags/dag_extract_dvizhenie.py
[2026-07-09T16:23:36.998+0000] {processor.py:914} INFO - Processing file /opt/airflow/dags/dag_extract_dvizhenie.py for tasks to queue
[2026-07-09T16:23:36.999+0000] {logging_mixin.py:190} INFO - [2026-07-09T16:23:36.999+0000] {dagbag.py:588} INFO - Filling up the DagBag from /opt/airflow/dags/dag_extract_dvizhenie.py
[2026-07-09T16:23:37.004+0000] {processor.py:925} INFO - DAG(s) 'dag_extract_dvizhenie' retrieved from /opt/airflow/dags/dag_extract_dvizhenie.py
[2026-07-09T16:23:37.016+0000] {logging_mixin.py:190} INFO - [2026-07-09T16:23:37.016+0000] {dag.py:3239} INFO - Sync 1 DAGs
[2026-07-09T16:23:37.025+0000] {logging_mixin.py:190} INFO - [2026-07-09T16:23:37.025+0000] {dag.py:4180} INFO - Setting next_dagrun for dag_extract_dvizhenie to 2026-07-09 14:00:00+00:00, run_after=2026-07-09 16:00:00+00:00
[2026-07-09T16:23:37.030+0000] {processor.py:208} INFO - Processing /opt/airflow/dags/dag_extract_dvizhenie.py took 0.035 seconds
[2026-07-09T16:24:07.462+0000] {processor.py:186} INFO - Started process (PID=6918) to work on /opt/airflow/dags/dag_extract_dvizhenie.py
[2026-07-09T16:24:07.463+0000] {processor.py:914} INFO - Processing file /opt/airflow/dags/dag_extract_dvizhenie.py for tasks to queue
[2026-07-09T16:24:07.464+0000] {logging_mixin.py:190} INFO - [2026-07-09T16:24:07.464+0000] {dagbag.py:588} INFO - Filling up the DagBag from /opt/airflow/dags/dag_extract_dvizhenie.py
[2026-07-09T16:24:07.468+0000] {processor.py:925} INFO - DAG(s) 'dag_extract_dvizhenie' retrieved from /opt/airflow/dags/dag_extract_dvizhenie.py
[2026-07-09T16:24:07.478+0000] {logging_mixin.py:190} INFO - [2026-07-09T16:24:07.478+0000] {dag.py:3239} INFO - Sync 1 DAGs
[2026-07-09T16:24:07.485+0000] {logging_mixin.py:190} INFO - [2026-07-09T16:24:07.484+0000] {dag.py:4180} INFO - Setting next_dagrun for dag_extract_dvizhenie to 2026-07-09 14:00:00+00:00, run_after=2026-07-09 16:00:00+00:00
[2026-07-09T16:24:07.490+0000] {processor.py:208} INFO - Processing /opt/airflow/dags/dag_extract_dvizhenie.py took 0.030 seconds
[2026-07-09T16:24:37.967+0000] {processor.py:186} INFO - Started process (PID=6938) to work on /opt/airflow/dags/dag_extract_dvizhenie.py
[2026-07-09T16:24:37.967+0000] {processor.py:914} INFO - Processing file /opt/airflow/dags/dag_extract_dvizhenie.py for tasks to queue
[2026-07-09T16:24:37.968+0000] {logging_mixin.py:190} INFO - [2026-07-09T16:24:37.968+0000] {dagbag.py:588} INFO - Filling up the DagBag from /opt/airflow/dags/dag_extract_dvizhenie.py
[2026-07-09T16:24:37.972+0000] {processor.py:925} INFO - DAG(s) 'dag_extract_dvizhenie' retrieved from /opt/airflow/dags/dag_extract_dvizhenie.py
[2026-07-09T16:24:37.982+0000] {logging_mixin.py:190} INFO - [2026-07-09T16:24:37.982+0000] {dag.py:3239} INFO - Sync 1 DAGs
[2026-07-09T16:24:37.989+0000] {logging_mixin.py:190} INFO - [2026-07-09T16:24:37.989+0000] {dag.py:4180} INFO - Setting next_dagrun for dag_extract_dvizhenie to 2026-07-09 14:00:00+00:00, run_after=2026-07-09 16:00:00+00:00
[2026-07-09T16:24:37.994+0000] {processor.py:208} INFO - Processing /opt/airflow/dags/dag_extract_dvizhenie.py took 0.030 seconds
[2026-07-09T16:25:08.413+0000] {processor.py:186} INFO - Started process (PID=6958) to work on /opt/airflow/dags/dag_extract_dvizhenie.py
[2026-07-09T16:25:08.414+0000] {processor.py:914} INFO - Processing file /opt/airflow/dags/dag_extract_dvizhenie.py for tasks to queue
[2026-07-09T16:25:08.415+0000] {logging_mixin.py:190} INFO - [2026-07-09T16:25:08.414+0000] {dagbag.py:588} INFO - Filling up the DagBag from /opt/airflow/dags/dag_extract_dvizhenie.py
[2026-07-09T16:25:08.419+0000] {processor.py:925} INFO - DAG(s) 'dag_extract_dvizhenie' retrieved from /opt/airflow/dags/dag_extract_dvizhenie.py
[2026-07-09T16:25:08.429+0000] {logging_mixin.py:190} INFO - [2026-07-09T16:25:08.429+0000] {dag.py:3239} INFO - Sync 1 DAGs
[2026-07-09T16:25:08.437+0000] {logging_mixin.py:190} INFO - [2026-07-09T16:25:08.437+0000] {dag.py:4180} INFO - Setting next_dagrun for dag_extract_dvizhenie to 2026-07-09 14:00:00+00:00, run_after=2026-07-09 16:00:00+00:00
[2026-07-09T16:25:08.441+0000] {processor.py:208} INFO - Processing /opt/airflow/dags/dag_extract_dvizhenie.py took 0.031 seconds
[2026-07-09T16:25:38.840+0000] {processor.py:186} INFO - Started process (PID=6976) to work on /opt/airflow/dags/dag_extract_dvizhenie.py
[2026-07-09T16:25:38.840+0000] {processor.py:914} INFO - Processing file /opt/airflow/dags/dag_extract_dvizhenie.py for tasks to queue
[2026-07-09T16:25:38.841+0000] {logging_mixin.py:190} INFO - [2026-07-09T16:25:38.841+0000] {dagbag.py:588} INFO - Filling up the DagBag from /opt/airflow/dags/dag_extract_dvizhenie.py
[2026-07-09T16:25:38.848+0000] {processor.py:925} INFO - DAG(s) 'dag_extract_dvizhenie' retrieved from /opt/airflow/dags/dag_extract_dvizhenie.py
[2026-07-09T16:25:38.863+0000] {logging_mixin.py:190} INFO - [2026-07-09T16:25:38.863+0000] {dag.py:3239} INFO - Sync 1 DAGs
[2026-07-09T16:25:38.871+0000] {logging_mixin.py:190} INFO - [2026-07-09T16:25:38.871+0000] {dag.py:4180} INFO - Setting next_dagrun for dag_extract_dvizhenie to 2026-07-09 14:00:00+00:00, run_after=2026-07-09 16:00:00+00:00
[2026-07-09T16:25:38.877+0000] {processor.py:208} INFO - Processing /opt/airflow/dags/dag_extract_dvizhenie.py took 0.040 seconds
[2026-07-09T16:26:09.290+0000] {processor.py:186} INFO - Started process (PID=6998) to work on /opt/airflow/dags/dag_extract_dvizhenie.py
[2026-07-09T16:26:09.290+0000] {processor.py:914} INFO - Processing file /opt/airflow/dags/dag_extract_dvizhenie.py for tasks to queue
[2026-07-09T16:26:09.291+0000] {logging_mixin.py:190} INFO - [2026-07-09T16:26:09.291+0000] {dagbag.py:588} INFO - Filling up the DagBag from /opt/airflow/dags/dag_extract_dvizhenie.py
[2026-07-09T16:26:09.296+0000] {processor.py:925} INFO - DAG(s) 'dag_extract_dvizhenie' retrieved from /opt/airflow/dags/dag_extract_dvizhenie.py
[2026-07-09T16:26:09.305+0000] {logging_mixin.py:190} INFO - [2026-07-09T16:26:09.305+0000] {dag.py:3239} INFO - Sync 1 DAGs
[2026-07-09T16:26:09.313+0000] {logging_mixin.py:190} INFO - [2026-07-09T16:26:09.312+0000] {dag.py:4180} INFO - Setting next_dagrun for dag_extract_dvizhenie to 2026-07-09 14:00:00+00:00, run_after=2026-07-09 16:00:00+00:00
[2026-07-09T16:26:09.317+0000] {processor.py:208} INFO - Processing /opt/airflow/dags/dag_extract_dvizhenie.py took 0.030 seconds
[2026-07-09T16:26:39.726+0000] {processor.py:186} INFO - Started process (PID=7016) to work on /opt/airflow/dags/dag_extract_dvizhenie.py
[2026-07-09T16:26:39.727+0000] {processor.py:914} INFO - Processing file /opt/airflow/dags/dag_extract_dvizhenie.py for tasks to queue
[2026-07-09T16:26:39.728+0000] {logging_mixin.py:190} INFO - [2026-07-09T16:26:39.728+0000] {dagbag.py:588} INFO - Filling up the DagBag from /opt/airflow/dags/dag_extract_dvizhenie.py
[2026-07-09T16:26:39.735+0000] {processor.py:925} INFO - DAG(s) 'dag_extract_dvizhenie' retrieved from /opt/airflow/dags/dag_extract_dvizhenie.py
[2026-07-09T16:26:39.750+0000] {logging_mixin.py:190} INFO - [2026-07-09T16:26:39.750+0000] {dag.py:3239} INFO - Sync 1 DAGs
[2026-07-09T16:26:39.759+0000] {logging_mixin.py:190} INFO - [2026-07-09T16:26:39.759+0000] {dag.py:4180} INFO - Setting next_dagrun for dag_extract_dvizhenie to 2026-07-09 14:00:00+00:00, run_after=2026-07-09 16:00:00+00:00
[2026-07-09T16:26:39.768+0000] {processor.py:208} INFO - Processing /opt/airflow/dags/dag_extract_dvizhenie.py took 0.045 seconds
[2026-07-09T16:27:10.213+0000] {processor.py:186} INFO - Started process (PID=7038) to work on /opt/airflow/dags/dag_extract_dvizhenie.py
[2026-07-09T16:27:10.213+0000] {processor.py:914} INFO - Processing file /opt/airflow/dags/dag_extract_dvizhenie.py for tasks to queue
[2026-07-09T16:27:10.214+0000] {logging_mixin.py:190} INFO - [2026-07-09T16:27:10.214+0000] {dagbag.py:588} INFO - Filling up the DagBag from /opt/airflow/dags/dag_extract_dvizhenie.py
[2026-07-09T16:27:10.218+0000] {processor.py:925} INFO - DAG(s) 'dag_extract_dvizhenie' retrieved from /opt/airflow/dags/dag_extract_dvizhenie.py
[2026-07-09T16:27:10.228+0000] {logging_mixin.py:190} INFO - [2026-07-09T16:27:10.228+0000] {dag.py:3239} INFO - Sync 1 DAGs
[2026-07-09T16:27:10.236+0000] {logging_mixin.py:190} INFO - [2026-07-09T16:27:10.236+0000] {dag.py:4180} INFO - Setting next_dagrun for dag_extract_dvizhenie to 2026-07-09 14:00:00+00:00, run_after=2026-07-09 16:00:00+00:00
[2026-07-09T16:27:10.241+0000] {processor.py:208} INFO - Processing /opt/airflow/dags/dag_extract_dvizhenie.py took 0.031 seconds
[2026-07-09T16:27:40.633+0000] {processor.py:186} INFO - Started process (PID=7056) to work on /opt/airflow/dags/dag_extract_dvizhenie.py
[2026-07-09T16:27:40.634+0000] {processor.py:914} INFO - Processing file /opt/airflow/dags/dag_extract_dvizhenie.py for tasks to queue
[2026-07-09T16:27:40.635+0000] {logging_mixin.py:190} INFO - [2026-07-09T16:27:40.635+0000] {dagbag.py:588} INFO - Filling up the DagBag from /opt/airflow/dags/dag_extract_dvizhenie.py
[2026-07-09T16:27:40.640+0000] {processor.py:925} INFO - DAG(s) 'dag_extract_dvizhenie' retrieved from /opt/airflow/dags/dag_extract_dvizhenie.py
[2026-07-09T16:27:40.656+0000] {logging_mixin.py:190} INFO - [2026-07-09T16:27:40.656+0000] {dag.py:3239} INFO - Sync 1 DAGs
[2026-07-09T16:27:40.666+0000] {logging_mixin.py:190} INFO - [2026-07-09T16:27:40.666+0000] {dag.py:4180} INFO - Setting next_dagrun for dag_extract_dvizhenie to 2026-07-09 14:00:00+00:00, run_after=2026-07-09 16:00:00+00:00
[2026-07-09T16:27:40.674+0000] {processor.py:208} INFO - Processing /opt/airflow/dags/dag_extract_dvizhenie.py took 0.044 seconds
[2026-07-09T16:28:11.032+0000] {processor.py:186} INFO - Started process (PID=7076) to work on /opt/airflow/dags/dag_extract_dvizhenie.py
[2026-07-09T16:28:11.032+0000] {processor.py:914} INFO - Processing file /opt/airflow/dags/dag_extract_dvizhenie.py for tasks to queue
[2026-07-09T16:28:11.034+0000] {logging_mixin.py:190} INFO - [2026-07-09T16:28:11.034+0000] {dagbag.py:588} INFO - Filling up the DagBag from /opt/airflow/dags/dag_extract_dvizhenie.py
[2026-07-09T16:28:11.040+0000] {processor.py:925} INFO - DAG(s) 'dag_extract_dvizhenie' retrieved from /opt/airflow/dags/dag_extract_dvizhenie.py
[2026-07-09T16:28:11.054+0000] {logging_mixin.py:190} INFO - [2026-07-09T16:28:11.054+0000] {dag.py:3239} INFO - Sync 1 DAGs
[2026-07-09T16:28:11.065+0000] {logging_mixin.py:190} INFO - [2026-07-09T16:28:11.065+0000] {dag.py:4180} INFO - Setting next_dagrun for dag_extract_dvizhenie to 2026-07-09 14:00:00+00:00, run_after=2026-07-09 16:00:00+00:00
[2026-07-09T16:28:11.072+0000] {processor.py:208} INFO - Processing /opt/airflow/dags/dag_extract_dvizhenie.py took 0.043 seconds
[2026-07-09T16:28:41.494+0000] {processor.py:186} INFO - Started process (PID=7098) to work on /opt/airflow/dags/dag_extract_dvizhenie.py
[2026-07-09T16:28:41.495+0000] {processor.py:914} INFO - Processing file /opt/airflow/dags/dag_extract_dvizhenie.py for tasks to queue
[2026-07-09T16:28:41.496+0000] {logging_mixin.py:190} INFO - [2026-07-09T16:28:41.496+0000] {dagbag.py:588} INFO - Filling up the DagBag from /opt/airflow/dags/dag_extract_dvizhenie.py
[2026-07-09T16:28:41.502+0000] {processor.py:925} INFO - DAG(s) 'dag_extract_dvizhenie' retrieved from /opt/airflow/dags/dag_extract_dvizhenie.py
[2026-07-09T16:28:41.515+0000] {logging_mixin.py:190} INFO - [2026-07-09T16:28:41.514+0000] {dag.py:3239} INFO - Sync 1 DAGs
[2026-07-09T16:28:41.525+0000] {logging_mixin.py:190} INFO - [2026-07-09T16:28:41.525+0000] {dag.py:4180} INFO - Setting next_dagrun for dag_extract_dvizhenie to 2026-07-09 14:00:00+00:00, run_after=2026-07-09 16:00:00+00:00
[2026-07-09T16:28:41.532+0000] {processor.py:208} INFO - Processing /opt/airflow/dags/dag_extract_dvizhenie.py took 0.041 seconds
[2026-07-09T16:29:11.993+0000] {processor.py:186} INFO - Started process (PID=7118) to work on /opt/airflow/dags/dag_extract_dvizhenie.py
[2026-07-09T16:29:11.994+0000] {processor.py:914} INFO - Processing file /opt/airflow/dags/dag_extract_dvizhenie.py for tasks to queue
[2026-07-09T16:29:11.994+0000] {logging_mixin.py:190} INFO - [2026-07-09T16:29:11.994+0000] {dagbag.py:588} INFO - Filling up the DagBag from /opt/airflow/dags/dag_extract_dvizhenie.py
[2026-07-09T16:29:11.999+0000] {processor.py:925} INFO - DAG(s) 'dag_extract_dvizhenie' retrieved from /opt/airflow/dags/dag_extract_dvizhenie.py
[2026-07-09T16:29:12.009+0000] {logging_mixin.py:190} INFO - [2026-07-09T16:29:12.009+0000] {dag.py:3239} INFO - Sync 1 DAGs
[2026-07-09T16:29:12.016+0000] {logging_mixin.py:190} INFO - [2026-07-09T16:29:12.016+0000] {dag.py:4180} INFO - Setting next_dagrun for dag_extract_dvizhenie to 2026-07-09 14:00:00+00:00, run_after=2026-07-09 16:00:00+00:00
[2026-07-09T16:29:12.021+0000] {processor.py:208} INFO - Processing /opt/airflow/dags/dag_extract_dvizhenie.py took 0.030 seconds
[2026-07-09T16:29:42.461+0000] {processor.py:186} INFO - Started process (PID=7136) to work on /opt/airflow/dags/dag_extract_dvizhenie.py
[2026-07-09T16:29:42.461+0000] {processor.py:914} INFO - Processing file /opt/airflow/dags/dag_extract_dvizhenie.py for tasks to queue
[2026-07-09T16:29:42.465+0000] {logging_mixin.py:190} INFO - [2026-07-09T16:29:42.465+0000] {dagbag.py:588} INFO - Filling up the DagBag from /opt/airflow/dags/dag_extract_dvizhenie.py
[2026-07-09T16:29:42.471+0000] {processor.py:925} INFO - DAG(s) 'dag_extract_dvizhenie' retrieved from /opt/airflow/dags/dag_extract_dvizhenie.py
[2026-07-09T16:29:42.485+0000] {logging_mixin.py:190} INFO - [2026-07-09T16:29:42.485+0000] {dag.py:3239} INFO - Sync 1 DAGs
[2026-07-09T16:29:42.494+0000] {logging_mixin.py:190} INFO - [2026-07-09T16:29:42.494+0000] {dag.py:4180} INFO - Setting next_dagrun for dag_extract_dvizhenie to 2026-07-09 14:00:00+00:00, run_after=2026-07-09 16:00:00+00:00
[2026-07-09T16:29:42.502+0000] {processor.py:208} INFO - Processing /opt/airflow/dags/dag_extract_dvizhenie.py took 0.044 seconds
[2026-07-09T16:30:12.863+0000] {processor.py:186} INFO - Started process (PID=7158) to work on /opt/airflow/dags/dag_extract_dvizhenie.py
[2026-07-09T16:30:12.863+0000] {processor.py:914} INFO - Processing file /opt/airflow/dags/dag_extract_dvizhenie.py for tasks to queue
[2026-07-09T16:30:12.864+0000] {logging_mixin.py:190} INFO - [2026-07-09T16:30:12.864+0000] {dagbag.py:588} INFO - Filling up the DagBag from /opt/airflow/dags/dag_extract_dvizhenie.py
[2026-07-09T16:30:12.869+0000] {processor.py:925} INFO - DAG(s) 'dag_extract_dvizhenie' retrieved from /opt/airflow/dags/dag_extract_dvizhenie.py
[2026-07-09T16:30:12.878+0000] {logging_mixin.py:190} INFO - [2026-07-09T16:30:12.878+0000] {dag.py:3239} INFO - Sync 1 DAGs
[2026-07-09T16:30:12.886+0000] {logging_mixin.py:190} INFO - [2026-07-09T16:30:12.885+0000] {dag.py:4180} INFO - Setting next_dagrun for dag_extract_dvizhenie to 2026-07-09 14:00:00+00:00, run_after=2026-07-09 16:00:00+00:00
[2026-07-09T16:30:12.891+0000] {processor.py:208} INFO - Processing /opt/airflow/dags/dag_extract_dvizhenie.py took 0.030 seconds
[2026-07-09T16:30:43.324+0000] {processor.py:186} INFO - Started process (PID=7178) to work on /opt/airflow/dags/dag_extract_dvizhenie.py
[2026-07-09T16:30:43.324+0000] {processor.py:914} INFO - Processing file /opt/airflow/dags/dag_extract_dvizhenie.py for tasks to queue
[2026-07-09T16:30:43.325+0000] {logging_mixin.py:190} INFO - [2026-07-09T16:30:43.325+0000] {dagbag.py:588} INFO - Filling up the DagBag from /opt/airflow/dags/dag_extract_dvizhenie.py
[2026-07-09T16:30:43.330+0000] {processor.py:925} INFO - DAG(s) 'dag_extract_dvizhenie' retrieved from /opt/airflow/dags/dag_extract_dvizhenie.py
[2026-07-09T16:30:43.343+0000] {logging_mixin.py:190} INFO - [2026-07-09T16:30:43.343+0000] {dag.py:3239} INFO - Sync 1 DAGs
[2026-07-09T16:30:43.352+0000] {logging_mixin.py:190} INFO - [2026-07-09T16:30:43.352+0000] {dag.py:4180} INFO - Setting next_dagrun for dag_extract_dvizhenie to 2026-07-09 14:00:00+00:00, run_after=2026-07-09 16:00:00+00:00
[2026-07-09T16:30:43.358+0000] {processor.py:208} INFO - Processing /opt/airflow/dags/dag_extract_dvizhenie.py took 0.037 seconds
[2026-07-09T16:31:13.799+0000] {processor.py:186} INFO - Started process (PID=7198) to work on /opt/airflow/dags/dag_extract_dvizhenie.py
[2026-07-09T16:31:13.800+0000] {processor.py:914} INFO - Processing file /opt/airflow/dags/dag_extract_dvizhenie.py for tasks to queue
[2026-07-09T16:31:13.800+0000] {logging_mixin.py:190} INFO - [2026-07-09T16:31:13.800+0000] {dagbag.py:588} INFO - Filling up the DagBag from /opt/airflow/dags/dag_extract_dvizhenie.py
[2026-07-09T16:31:13.805+0000] {processor.py:925} INFO - DAG(s) 'dag_extract_dvizhenie' retrieved from /opt/airflow/dags/dag_extract_dvizhenie.py
[2026-07-09T16:31:13.815+0000] {logging_mixin.py:190} INFO - [2026-07-09T16:31:13.815+0000] {dag.py:3239} INFO - Sync 1 DAGs
[2026-07-09T16:31:13.822+0000] {logging_mixin.py:190} INFO - [2026-07-09T16:31:13.822+0000] {dag.py:4180} INFO - Setting next_dagrun for dag_extract_dvizhenie to 2026-07-09 14:00:00+00:00, run_after=2026-07-09 16:00:00+00:00
[2026-07-09T16:31:13.827+0000] {processor.py:208} INFO - Processing /opt/airflow/dags/dag_extract_dvizhenie.py took 0.031 seconds
[2026-07-09T16:31:44.231+0000] {processor.py:186} INFO - Started process (PID=7218) to work on /opt/airflow/dags/dag_extract_dvizhenie.py
[2026-07-09T16:31:44.232+0000] {processor.py:914} INFO - Processing file /opt/airflow/dags/dag_extract_dvizhenie.py for tasks to queue
[2026-07-09T16:31:44.233+0000] {logging_mixin.py:190} INFO - [2026-07-09T16:31:44.232+0000] {dagbag.py:588} INFO - Filling up the DagBag from /opt/airflow/dags/dag_extract_dvizhenie.py
[2026-07-09T16:31:44.237+0000] {processor.py:925} INFO - DAG(s) 'dag_extract_dvizhenie' retrieved from /opt/airflow/dags/dag_extract_dvizhenie.py
[2026-07-09T16:31:44.247+0000] {logging_mixin.py:190} INFO - [2026-07-09T16:31:44.247+0000] {dag.py:3239} INFO - Sync 1 DAGs
[2026-07-09T16:31:44.254+0000] {logging_mixin.py:190} INFO - [2026-07-09T16:31:44.254+0000] {dag.py:4180} INFO - Setting next_dagrun for dag_extract_dvizhenie to 2026-07-09 14:00:00+00:00, run_after=2026-07-09 16:00:00+00:00
[2026-07-09T16:31:44.259+0000] {processor.py:208} INFO - Processing /opt/airflow/dags/dag_extract_dvizhenie.py took 0.031 seconds
[2026-07-09T16:32:14.654+0000] {processor.py:186} INFO - Started process (PID=7238) to work on /opt/airflow/dags/dag_extract_dvizhenie.py
[2026-07-09T16:32:14.654+0000] {processor.py:914} INFO - Processing file /opt/airflow/dags/dag_extract_dvizhenie.py for tasks to queue
[2026-07-09T16:32:14.655+0000] {logging_mixin.py:190} INFO - [2026-07-09T16:32:14.655+0000] {dagbag.py:588} INFO - Filling up the DagBag from /opt/airflow/dags/dag_extract_dvizhenie.py
[2026-07-09T16:32:14.660+0000] {processor.py:925} INFO - DAG(s) 'dag_extract_dvizhenie' retrieved from /opt/airflow/dags/dag_extract_dvizhenie.py
[2026-07-09T16:32:14.669+0000] {logging_mixin.py:190} INFO - [2026-07-09T16:32:14.669+0000] {dag.py:3239} INFO - Sync 1 DAGs
[2026-07-09T16:32:14.676+0000] {logging_mixin.py:190} INFO - [2026-07-09T16:32:14.676+0000] {dag.py:4180} INFO - Setting next_dagrun for dag_extract_dvizhenie to 2026-07-09 14:00:00+00:00, run_after=2026-07-09 16:00:00+00:00
[2026-07-09T16:32:14.681+0000] {processor.py:208} INFO - Processing /opt/airflow/dags/dag_extract_dvizhenie.py took 0.030 seconds
[2026-07-09T16:32:45.123+0000] {processor.py:186} INFO - Started process (PID=7258) to work on /opt/airflow/dags/dag_extract_dvizhenie.py
[2026-07-09T16:32:45.124+0000] {processor.py:914} INFO - Processing file /opt/airflow/dags/dag_extract_dvizhenie.py for tasks to queue
[2026-07-09T16:32:45.125+0000] {logging_mixin.py:190} INFO - [2026-07-09T16:32:45.125+0000] {dagbag.py:588} INFO - Filling up the DagBag from /opt/airflow/dags/dag_extract_dvizhenie.py
[2026-07-09T16:32:45.130+0000] {processor.py:925} INFO - DAG(s) 'dag_extract_dvizhenie' retrieved from /opt/airflow/dags/dag_extract_dvizhenie.py
[2026-07-09T16:32:45.144+0000] {logging_mixin.py:190} INFO - [2026-07-09T16:32:45.144+0000] {dag.py:3239} INFO - Sync 1 DAGs
[2026-07-09T16:32:45.152+0000] {logging_mixin.py:190} INFO - [2026-07-09T16:32:45.152+0000] {dag.py:4180} INFO - Setting next_dagrun for dag_extract_dvizhenie to 2026-07-09 14:00:00+00:00, run_after=2026-07-09 16:00:00+00:00
[2026-07-09T16:32:45.157+0000] {processor.py:208} INFO - Processing /opt/airflow/dags/dag_extract_dvizhenie.py took 0.037 seconds
[2026-07-09T16:33:15.550+0000] {processor.py:186} INFO - Started process (PID=7278) to work on /opt/airflow/dags/dag_extract_dvizhenie.py
[2026-07-09T16:33:15.550+0000] {processor.py:914} INFO - Processing file /opt/airflow/dags/dag_extract_dvizhenie.py for tasks to queue
[2026-07-09T16:33:15.551+0000] {logging_mixin.py:190} INFO - [2026-07-09T16:33:15.551+0000] {dagbag.py:588} INFO - Filling up the DagBag from /opt/airflow/dags/dag_extract_dvizhenie.py
[2026-07-09T16:33:15.557+0000] {processor.py:925} INFO - DAG(s) 'dag_extract_dvizhenie' retrieved from /opt/airflow/dags/dag_extract_dvizhenie.py
[2026-07-09T16:33:15.571+0000] {logging_mixin.py:190} INFO - [2026-07-09T16:33:15.571+0000] {dag.py:3239} INFO - Sync 1 DAGs
[2026-07-09T16:33:15.580+0000] {logging_mixin.py:190} INFO - [2026-07-09T16:33:15.580+0000] {dag.py:4180} INFO - Setting next_dagrun for dag_extract_dvizhenie to 2026-07-09 14:00:00+00:00, run_after=2026-07-09 16:00:00+00:00
[2026-07-09T16:33:15.590+0000] {processor.py:208} INFO - Processing /opt/airflow/dags/dag_extract_dvizhenie.py took 0.043 seconds
[2026-07-09T16:33:46.033+0000] {processor.py:186} INFO - Started process (PID=7298) to work on /opt/airflow/dags/dag_extract_dvizhenie.py
[2026-07-09T16:33:46.033+0000] {processor.py:914} INFO - Processing file /opt/airflow/dags/dag_extract_dvizhenie.py for tasks to queue
[2026-07-09T16:33:46.034+0000] {logging_mixin.py:190} INFO - [2026-07-09T16:33:46.034+0000] {dagbag.py:588} INFO - Filling up the DagBag from /opt/airflow/dags/dag_extract_dvizhenie.py
[2026-07-09T16:33:46.042+0000] {processor.py:925} INFO - DAG(s) 'dag_extract_dvizhenie' retrieved from /opt/airflow/dags/dag_extract_dvizhenie.py
[2026-07-09T16:33:46.057+0000] {logging_mixin.py:190} INFO - [2026-07-09T16:33:46.057+0000] {dag.py:3239} INFO - Sync 1 DAGs
[2026-07-09T16:33:46.067+0000] {logging_mixin.py:190} INFO - [2026-07-09T16:33:46.066+0000] {dag.py:4180} INFO - Setting next_dagrun for dag_extract_dvizhenie to 2026-07-09 14:00:00+00:00, run_after=2026-07-09 16:00:00+00:00
[2026-07-09T16:33:46.075+0000] {processor.py:208} INFO - Processing /opt/airflow/dags/dag_extract_dvizhenie.py took 0.045 seconds
[2026-07-09T16:34:16.494+0000] {processor.py:186} INFO - Started process (PID=7316) to work on /opt/airflow/dags/dag_extract_dvizhenie.py
[2026-07-09T16:34:16.495+0000] {processor.py:914} INFO - Processing file /opt/airflow/dags/dag_extract_dvizhenie.py for tasks to queue
[2026-07-09T16:34:16.496+0000] {logging_mixin.py:190} INFO - [2026-07-09T16:34:16.496+0000] {dagbag.py:588} INFO - Filling up the DagBag from /opt/airflow/dags/dag_extract_dvizhenie.py
[2026-07-09T16:34:16.501+0000] {processor.py:925} INFO - DAG(s) 'dag_extract_dvizhenie' retrieved from /opt/airflow/dags/dag_extract_dvizhenie.py
[2026-07-09T16:34:16.514+0000] {logging_mixin.py:190} INFO - [2026-07-09T16:34:16.514+0000] {dag.py:3239} INFO - Sync 1 DAGs
[2026-07-09T16:34:16.523+0000] {logging_mixin.py:190} INFO - [2026-07-09T16:34:16.523+0000] {dag.py:4180} INFO - Setting next_dagrun for dag_extract_dvizhenie to 2026-07-09 14:00:00+00:00, run_after=2026-07-09 16:00:00+00:00
[2026-07-09T16:34:16.528+0000] {processor.py:208} INFO - Processing /opt/airflow/dags/dag_extract_dvizhenie.py took 0.037 seconds
[2026-07-09T16:34:46.998+0000] {processor.py:186} INFO - Started process (PID=7338) to work on /opt/airflow/dags/dag_extract_dvizhenie.py
[2026-07-09T16:34:46.998+0000] {processor.py:914} INFO - Processing file /opt/airflow/dags/dag_extract_dvizhenie.py for tasks to queue
[2026-07-09T16:34:46.999+0000] {logging_mixin.py:190} INFO - [2026-07-09T16:34:46.999+0000] {dagbag.py:588} INFO - Filling up the DagBag from /opt/airflow/dags/dag_extract_dvizhenie.py
[2026-07-09T16:34:47.004+0000] {processor.py:925} INFO - DAG(s) 'dag_extract_dvizhenie' retrieved from /opt/airflow/dags/dag_extract_dvizhenie.py
[2026-07-09T16:34:47.014+0000] {logging_mixin.py:190} INFO - [2026-07-09T16:34:47.014+0000] {dag.py:3239} INFO - Sync 1 DAGs
[2026-07-09T16:34:47.021+0000] {logging_mixin.py:190} INFO - [2026-07-09T16:34:47.021+0000] {dag.py:4180} INFO - Setting next_dagrun for dag_extract_dvizhenie to 2026-07-09 14:00:00+00:00, run_after=2026-07-09 16:00:00+00:00
[2026-07-09T16:34:47.026+0000] {processor.py:208} INFO - Processing /opt/airflow/dags/dag_extract_dvizhenie.py took 0.031 seconds
[2026-07-09T16:35:17.472+0000] {processor.py:186} INFO - Started process (PID=7356) to work on /opt/airflow/dags/dag_extract_dvizhenie.py
[2026-07-09T16:35:17.472+0000] {processor.py:914} INFO - Processing file /opt/airflow/dags/dag_extract_dvizhenie.py for tasks to queue
[2026-07-09T16:35:17.473+0000] {logging_mixin.py:190} INFO - [2026-07-09T16:35:17.473+0000] {dagbag.py:588} INFO - Filling up the DagBag from /opt/airflow/dags/dag_extract_dvizhenie.py
[2026-07-09T16:35:17.478+0000] {processor.py:925} INFO - DAG(s) 'dag_extract_dvizhenie' retrieved from /opt/airflow/dags/dag_extract_dvizhenie.py
[2026-07-09T16:35:17.490+0000] {logging_mixin.py:190} INFO - [2026-07-09T16:35:17.490+0000] {dag.py:3239} INFO - Sync 1 DAGs
[2026-07-09T16:35:17.498+0000] {logging_mixin.py:190} INFO - [2026-07-09T16:35:17.498+0000] {dag.py:4180} INFO - Setting next_dagrun for dag_extract_dvizhenie to 2026-07-09 14:00:00+00:00, run_after=2026-07-09 16:00:00+00:00
[2026-07-09T16:35:17.504+0000] {processor.py:208} INFO - Processing /opt/airflow/dags/dag_extract_dvizhenie.py took 0.036 seconds
[2026-07-09T16:35:47.904+0000] {processor.py:186} INFO - Started process (PID=7376) to work on /opt/airflow/dags/dag_extract_dvizhenie.py
[2026-07-09T16:35:47.904+0000] {processor.py:914} INFO - Processing file /opt/airflow/dags/dag_extract_dvizhenie.py for tasks to queue
[2026-07-09T16:35:47.905+0000] {logging_mixin.py:190} INFO - [2026-07-09T16:35:47.905+0000] {dagbag.py:588} INFO - Filling up the DagBag from /opt/airflow/dags/dag_extract_dvizhenie.py
[2026-07-09T16:35:47.911+0000] {processor.py:925} INFO - DAG(s) 'dag_extract_dvizhenie' retrieved from /opt/airflow/dags/dag_extract_dvizhenie.py
[2026-07-09T16:35:47.922+0000] {logging_mixin.py:190} INFO - [2026-07-09T16:35:47.922+0000] {dag.py:3239} INFO - Sync 1 DAGs
[2026-07-09T16:35:48.011+0000] {logging_mixin.py:190} INFO - [2026-07-09T16:35:48.010+0000] {dag.py:4180} INFO - Setting next_dagrun for dag_extract_dvizhenie to 2026-07-09 14:00:00+00:00, run_after=2026-07-09 16:00:00+00:00
[2026-07-09T16:35:48.021+0000] {processor.py:208} INFO - Processing /opt/airflow/dags/dag_extract_dvizhenie.py took 0.120 seconds
[2026-07-09T16:36:18.422+0000] {processor.py:186} INFO - Started process (PID=7398) to work on /opt/airflow/dags/dag_extract_dvizhenie.py
[2026-07-09T16:36:18.423+0000] {processor.py:914} INFO - Processing file /opt/airflow/dags/dag_extract_dvizhenie.py for tasks to queue
[2026-07-09T16:36:18.424+0000] {logging_mixin.py:190} INFO - [2026-07-09T16:36:18.424+0000] {dagbag.py:588} INFO - Filling up the DagBag from /opt/airflow/dags/dag_extract_dvizhenie.py
[2026-07-09T16:36:18.428+0000] {processor.py:925} INFO - DAG(s) 'dag_extract_dvizhenie' retrieved from /opt/airflow/dags/dag_extract_dvizhenie.py
[2026-07-09T16:36:18.438+0000] {logging_mixin.py:190} INFO - [2026-07-09T16:36:18.438+0000] {dag.py:3239} INFO - Sync 1 DAGs
[2026-07-09T16:36:18.445+0000] {logging_mixin.py:190} INFO - [2026-07-09T16:36:18.445+0000] {dag.py:4180} INFO - Setting next_dagrun for dag_extract_dvizhenie to 2026-07-09 14:00:00+00:00, run_after=2026-07-09 16:00:00+00:00
[2026-07-09T16:36:18.450+0000] {processor.py:208} INFO - Processing /opt/airflow/dags/dag_extract_dvizhenie.py took 0.031 seconds
[2026-07-09T16:36:48.956+0000] {processor.py:186} INFO - Started process (PID=7418) to work on /opt/airflow/dags/dag_extract_dvizhenie.py
[2026-07-09T16:36:48.956+0000] {processor.py:914} INFO - Processing file /opt/airflow/dags/dag_extract_dvizhenie.py for tasks to queue
[2026-07-09T16:36:48.957+0000] {logging_mixin.py:190} INFO - [2026-07-09T16:36:48.957+0000] {dagbag.py:588} INFO - Filling up the DagBag from /opt/airflow/dags/dag_extract_dvizhenie.py
[2026-07-09T16:36:48.962+0000] {processor.py:925} INFO - DAG(s) 'dag_extract_dvizhenie' retrieved from /opt/airflow/dags/dag_extract_dvizhenie.py
[2026-07-09T16:36:48.971+0000] {logging_mixin.py:190} INFO - [2026-07-09T16:36:48.971+0000] {dag.py:3239} INFO - Sync 1 DAGs
[2026-07-09T16:36:48.978+0000] {logging_mixin.py:190} INFO - [2026-07-09T16:36:48.978+0000] {dag.py:4180} INFO - Setting next_dagrun for dag_extract_dvizhenie to 2026-07-09 14:00:00+00:00, run_after=2026-07-09 16:00:00+00:00
[2026-07-09T16:36:48.983+0000] {processor.py:208} INFO - Processing /opt/airflow/dags/dag_extract_dvizhenie.py took 0.030 seconds
[2026-07-09T16:37:19.407+0000] {processor.py:186} INFO - Started process (PID=7436) to work on /opt/airflow/dags/dag_extract_dvizhenie.py
[2026-07-09T16:37:19.408+0000] {processor.py:914} INFO - Processing file /opt/airflow/dags/dag_extract_dvizhenie.py for tasks to queue
[2026-07-09T16:37:19.409+0000] {logging_mixin.py:190} INFO - [2026-07-09T16:37:19.408+0000] {dagbag.py:588} INFO - Filling up the DagBag from /opt/airflow/dags/dag_extract_dvizhenie.py
[2026-07-09T16:37:19.414+0000] {processor.py:925} INFO - DAG(s) 'dag_extract_dvizhenie' retrieved from /opt/airflow/dags/dag_extract_dvizhenie.py
[2026-07-09T16:37:19.425+0000] {logging_mixin.py:190} INFO - [2026-07-09T16:37:19.425+0000] {dag.py:3239} INFO - Sync 1 DAGs
[2026-07-09T16:37:19.509+0000] {logging_mixin.py:190} INFO - [2026-07-09T16:37:19.509+0000] {dag.py:4180} INFO - Setting next_dagrun for dag_extract_dvizhenie to 2026-07-09 14:00:00+00:00, run_after=2026-07-09 16:00:00+00:00
[2026-07-09T16:37:19.516+0000] {processor.py:208} INFO - Processing /opt/airflow/dags/dag_extract_dvizhenie.py took 0.112 seconds
[2026-07-09T16:37:50.027+0000] {processor.py:186} INFO - Started process (PID=7456) to work on /opt/airflow/dags/dag_extract_dvizhenie.py
[2026-07-09T16:37:50.027+0000] {processor.py:914} INFO - Processing file /opt/airflow/dags/dag_extract_dvizhenie.py for tasks to queue
[2026-07-09T16:37:50.029+0000] {logging_mixin.py:190} INFO - [2026-07-09T16:37:50.029+0000] {dagbag.py:588} INFO - Filling up the DagBag from /opt/airflow/dags/dag_extract_dvizhenie.py
[2026-07-09T16:37:50.036+0000] {processor.py:925} INFO - DAG(s) 'dag_extract_dvizhenie' retrieved from /opt/airflow/dags/dag_extract_dvizhenie.py
[2026-07-09T16:37:50.049+0000] {logging_mixin.py:190} INFO - [2026-07-09T16:37:50.049+0000] {dag.py:3239} INFO - Sync 1 DAGs
[2026-07-09T16:37:50.059+0000] {logging_mixin.py:190} INFO - [2026-07-09T16:37:50.059+0000] {dag.py:4180} INFO - Setting next_dagrun for dag_extract_dvizhenie to 2026-07-09 14:00:00+00:00, run_after=2026-07-09 16:00:00+00:00
[2026-07-09T16:37:50.067+0000] {processor.py:208} INFO - Processing /opt/airflow/dags/dag_extract_dvizhenie.py took 0.043 seconds
[2026-07-09T16:38:20.460+0000] {processor.py:186} INFO - Started process (PID=7478) to work on /opt/airflow/dags/dag_extract_dvizhenie.py
[2026-07-09T16:38:20.461+0000] {processor.py:914} INFO - Processing file /opt/airflow/dags/dag_extract_dvizhenie.py for tasks to queue
[2026-07-09T16:38:20.461+0000] {logging_mixin.py:190} INFO - [2026-07-09T16:38:20.461+0000] {dagbag.py:588} INFO - Filling up the DagBag from /opt/airflow/dags/dag_extract_dvizhenie.py
[2026-07-09T16:38:20.466+0000] {processor.py:925} INFO - DAG(s) 'dag_extract_dvizhenie' retrieved from /opt/airflow/dags/dag_extract_dvizhenie.py
[2026-07-09T16:38:20.476+0000] {logging_mixin.py:190} INFO - [2026-07-09T16:38:20.476+0000] {dag.py:3239} INFO - Sync 1 DAGs
[2026-07-09T16:38:20.483+0000] {logging_mixin.py:190} INFO - [2026-07-09T16:38:20.483+0000] {dag.py:4180} INFO - Setting next_dagrun for dag_extract_dvizhenie to 2026-07-09 14:00:00+00:00, run_after=2026-07-09 16:00:00+00:00
[2026-07-09T16:38:20.487+0000] {processor.py:208} INFO - Processing /opt/airflow/dags/dag_extract_dvizhenie.py took 0.030 seconds
[2026-07-09T16:38:50.943+0000] {processor.py:186} INFO - Started process (PID=7498) to work on /opt/airflow/dags/dag_extract_dvizhenie.py
[2026-07-09T16:38:50.944+0000] {processor.py:914} INFO - Processing file /opt/airflow/dags/dag_extract_dvizhenie.py for tasks to queue
[2026-07-09T16:38:50.945+0000] {logging_mixin.py:190} INFO - [2026-07-09T16:38:50.945+0000] {dagbag.py:588} INFO - Filling up the DagBag from /opt/airflow/dags/dag_extract_dvizhenie.py
[2026-07-09T16:38:50.950+0000] {processor.py:925} INFO - DAG(s) 'dag_extract_dvizhenie' retrieved from /opt/airflow/dags/dag_extract_dvizhenie.py
[2026-07-09T16:38:50.964+0000] {logging_mixin.py:190} INFO - [2026-07-09T16:38:50.964+0000] {dag.py:3239} INFO - Sync 1 DAGs
[2026-07-09T16:38:50.973+0000] {logging_mixin.py:190} INFO - [2026-07-09T16:38:50.973+0000] {dag.py:4180} INFO - Setting next_dagrun for dag_extract_dvizhenie to 2026-07-09 14:00:00+00:00, run_after=2026-07-09 16:00:00+00:00
[2026-07-09T16:38:50.980+0000] {processor.py:208} INFO - Processing /opt/airflow/dags/dag_extract_dvizhenie.py took 0.039 seconds
[2026-07-09T16:39:21.422+0000] {processor.py:186} INFO - Started process (PID=7518) to work on /opt/airflow/dags/dag_extract_dvizhenie.py
[2026-07-09T16:39:21.422+0000] {processor.py:914} INFO - Processing file /opt/airflow/dags/dag_extract_dvizhenie.py for tasks to queue
[2026-07-09T16:39:21.423+0000] {logging_mixin.py:190} INFO - [2026-07-09T16:39:21.423+0000] {dagbag.py:588} INFO - Filling up the DagBag from /opt/airflow/dags/dag_extract_dvizhenie.py
[2026-07-09T16:39:21.428+0000] {processor.py:925} INFO - DAG(s) 'dag_extract_dvizhenie' retrieved from /opt/airflow/dags/dag_extract_dvizhenie.py
[2026-07-09T16:39:21.437+0000] {logging_mixin.py:190} INFO - [2026-07-09T16:39:21.437+0000] {dag.py:3239} INFO - Sync 1 DAGs
[2026-07-09T16:39:21.445+0000] {logging_mixin.py:190} INFO - [2026-07-09T16:39:21.444+0000] {dag.py:4180} INFO - Setting next_dagrun for dag_extract_dvizhenie to 2026-07-09 14:00:00+00:00, run_after=2026-07-09 16:00:00+00:00
[2026-07-09T16:39:21.450+0000] {processor.py:208} INFO - Processing /opt/airflow/dags/dag_extract_dvizhenie.py took 0.031 seconds
[2026-07-09T16:39:51.861+0000] {processor.py:186} INFO - Started process (PID=7538) to work on /opt/airflow/dags/dag_extract_dvizhenie.py
[2026-07-09T16:39:51.861+0000] {processor.py:914} INFO - Processing file /opt/airflow/dags/dag_extract_dvizhenie.py for tasks to queue
[2026-07-09T16:39:51.862+0000] {logging_mixin.py:190} INFO - [2026-07-09T16:39:51.862+0000] {dagbag.py:588} INFO - Filling up the DagBag from /opt/airflow/dags/dag_extract_dvizhenie.py
[2026-07-09T16:39:51.867+0000] {processor.py:925} INFO - DAG(s) 'dag_extract_dvizhenie' retrieved from /opt/airflow/dags/dag_extract_dvizhenie.py
[2026-07-09T16:39:51.877+0000] {logging_mixin.py:190} INFO - [2026-07-09T16:39:51.877+0000] {dag.py:3239} INFO - Sync 1 DAGs
[2026-07-09T16:39:51.884+0000] {logging_mixin.py:190} INFO - [2026-07-09T16:39:51.884+0000] {dag.py:4180} INFO - Setting next_dagrun for dag_extract_dvizhenie to 2026-07-09 14:00:00+00:00, run_after=2026-07-09 16:00:00+00:00
[2026-07-09T16:39:51.888+0000] {processor.py:208} INFO - Processing /opt/airflow/dags/dag_extract_dvizhenie.py took 0.030 seconds
[2026-07-09T16:40:22.258+0000] {processor.py:186} INFO - Started process (PID=7558) to work on /opt/airflow/dags/dag_extract_dvizhenie.py
[2026-07-09T16:40:22.258+0000] {processor.py:914} INFO - Processing file /opt/airflow/dags/dag_extract_dvizhenie.py for tasks to queue
[2026-07-09T16:40:22.259+0000] {logging_mixin.py:190} INFO - [2026-07-09T16:40:22.259+0000] {dagbag.py:588} INFO - Filling up the DagBag from /opt/airflow/dags/dag_extract_dvizhenie.py
[2026-07-09T16:40:22.263+0000] {processor.py:925} INFO - DAG(s) 'dag_extract_dvizhenie' retrieved from /opt/airflow/dags/dag_extract_dvizhenie.py
[2026-07-09T16:40:22.273+0000] {logging_mixin.py:190} INFO - [2026-07-09T16:40:22.273+0000] {dag.py:3239} INFO - Sync 1 DAGs
[2026-07-09T16:40:22.280+0000] {logging_mixin.py:190} INFO - [2026-07-09T16:40:22.280+0000] {dag.py:4180} INFO - Setting next_dagrun for dag_extract_dvizhenie to 2026-07-09 14:00:00+00:00, run_after=2026-07-09 16:00:00+00:00
[2026-07-09T16:40:22.285+0000] {processor.py:208} INFO - Processing /opt/airflow/dags/dag_extract_dvizhenie.py took 0.030 seconds
[2026-07-09T16:40:52.698+0000] {processor.py:186} INFO - Started process (PID=7578) to work on /opt/airflow/dags/dag_extract_dvizhenie.py
[2026-07-09T16:40:52.698+0000] {processor.py:914} INFO - Processing file /opt/airflow/dags/dag_extract_dvizhenie.py for tasks to queue
[2026-07-09T16:40:52.699+0000] {logging_mixin.py:190} INFO - [2026-07-09T16:40:52.699+0000] {dagbag.py:588} INFO - Filling up the DagBag from /opt/airflow/dags/dag_extract_dvizhenie.py
[2026-07-09T16:40:52.703+0000] {processor.py:925} INFO - DAG(s) 'dag_extract_dvizhenie' retrieved from /opt/airflow/dags/dag_extract_dvizhenie.py
[2026-07-09T16:40:52.713+0000] {logging_mixin.py:190} INFO - [2026-07-09T16:40:52.713+0000] {dag.py:3239} INFO - Sync 1 DAGs
[2026-07-09T16:40:52.720+0000] {logging_mixin.py:190} INFO - [2026-07-09T16:40:52.720+0000] {dag.py:4180} INFO - Setting next_dagrun for dag_extract_dvizhenie to 2026-07-09 14:00:00+00:00, run_after=2026-07-09 16:00:00+00:00
[2026-07-09T16:40:52.725+0000] {processor.py:208} INFO - Processing /opt/airflow/dags/dag_extract_dvizhenie.py took 0.031 seconds
[2026-07-09T16:41:23.168+0000] {processor.py:186} INFO - Started process (PID=7598) to work on /opt/airflow/dags/dag_extract_dvizhenie.py
[2026-07-09T16:41:23.168+0000] {processor.py:914} INFO - Processing file /opt/airflow/dags/dag_extract_dvizhenie.py for tasks to queue
[2026-07-09T16:41:23.169+0000] {logging_mixin.py:190} INFO - [2026-07-09T16:41:23.169+0000] {dagbag.py:588} INFO - Filling up the DagBag from /opt/airflow/dags/dag_extract_dvizhenie.py
[2026-07-09T16:41:23.173+0000] {processor.py:925} INFO - DAG(s) 'dag_extract_dvizhenie' retrieved from /opt/airflow/dags/dag_extract_dvizhenie.py
[2026-07-09T16:41:23.183+0000] {logging_mixin.py:190} INFO - [2026-07-09T16:41:23.183+0000] {dag.py:3239} INFO - Sync 1 DAGs
[2026-07-09T16:41:23.190+0000] {logging_mixin.py:190} INFO - [2026-07-09T16:41:23.190+0000] {dag.py:4180} INFO - Setting next_dagrun for dag_extract_dvizhenie to 2026-07-09 14:00:00+00:00, run_after=2026-07-09 16:00:00+00:00
[2026-07-09T16:41:23.194+0000] {processor.py:208} INFO - Processing /opt/airflow/dags/dag_extract_dvizhenie.py took 0.029 seconds
[2026-07-09T16:41:53.626+0000] {processor.py:186} INFO - Started process (PID=7616) to work on /opt/airflow/dags/dag_extract_dvizhenie.py
[2026-07-09T16:41:53.627+0000] {processor.py:914} INFO - Processing file /opt/airflow/dags/dag_extract_dvizhenie.py for tasks to queue
[2026-07-09T16:41:53.628+0000] {logging_mixin.py:190} INFO - [2026-07-09T16:41:53.628+0000] {dagbag.py:588} INFO - Filling up the DagBag from /opt/airflow/dags/dag_extract_dvizhenie.py
[2026-07-09T16:41:53.633+0000] {processor.py:925} INFO - DAG(s) 'dag_extract_dvizhenie' retrieved from /opt/airflow/dags/dag_extract_dvizhenie.py
[2026-07-09T16:41:53.644+0000] {logging_mixin.py:190} INFO - [2026-07-09T16:41:53.644+0000] {dag.py:3239} INFO - Sync 1 DAGs
[2026-07-09T16:41:53.654+0000] {logging_mixin.py:190} INFO - [2026-07-09T16:41:53.653+0000] {dag.py:4180} INFO - Setting next_dagrun for dag_extract_dvizhenie to 2026-07-09 14:00:00+00:00, run_after=2026-07-09 16:00:00+00:00
[2026-07-09T16:41:53.662+0000] {processor.py:208} INFO - Processing /opt/airflow/dags/dag_extract_dvizhenie.py took 0.039 seconds
[2026-07-09T16:42:24.091+0000] {processor.py:186} INFO - Started process (PID=7638) to work on /opt/airflow/dags/dag_extract_dvizhenie.py
[2026-07-09T16:42:24.092+0000] {processor.py:914} INFO - Processing file /opt/airflow/dags/dag_extract_dvizhenie.py for tasks to queue
[2026-07-09T16:42:24.093+0000] {logging_mixin.py:190} INFO - [2026-07-09T16:42:24.093+0000] {dagbag.py:588} INFO - Filling up the DagBag from /opt/airflow/dags/dag_extract_dvizhenie.py
[2026-07-09T16:42:24.098+0000] {processor.py:925} INFO - DAG(s) 'dag_extract_dvizhenie' retrieved from /opt/airflow/dags/dag_extract_dvizhenie.py
[2026-07-09T16:42:24.115+0000] {logging_mixin.py:190} INFO - [2026-07-09T16:42:24.113+0000] {dag.py:3239} INFO - Sync 1 DAGs
[2026-07-09T16:42:24.124+0000] {logging_mixin.py:190} INFO - [2026-07-09T16:42:24.124+0000] {dag.py:4180} INFO - Setting next_dagrun for dag_extract_dvizhenie to 2026-07-09 14:00:00+00:00, run_after=2026-07-09 16:00:00+00:00
[2026-07-09T16:42:24.131+0000] {processor.py:208} INFO - Processing /opt/airflow/dags/dag_extract_dvizhenie.py took 0.042 seconds
[2026-07-09T16:42:54.498+0000] {processor.py:186} INFO - Started process (PID=7658) to work on /opt/airflow/dags/dag_extract_dvizhenie.py
[2026-07-09T16:42:54.499+0000] {processor.py:914} INFO - Processing file /opt/airflow/dags/dag_extract_dvizhenie.py for tasks to queue
[2026-07-09T16:42:54.499+0000] {logging_mixin.py:190} INFO - [2026-07-09T16:42:54.499+0000] {dagbag.py:588} INFO - Filling up the DagBag from /opt/airflow/dags/dag_extract_dvizhenie.py
[2026-07-09T16:42:54.504+0000] {processor.py:925} INFO - DAG(s) 'dag_extract_dvizhenie' retrieved from /opt/airflow/dags/dag_extract_dvizhenie.py
[2026-07-09T16:42:54.513+0000] {logging_mixin.py:190} INFO - [2026-07-09T16:42:54.513+0000] {dag.py:3239} INFO - Sync 1 DAGs
[2026-07-09T16:42:54.520+0000] {logging_mixin.py:190} INFO - [2026-07-09T16:42:54.520+0000] {dag.py:4180} INFO - Setting next_dagrun for dag_extract_dvizhenie to 2026-07-09 14:00:00+00:00, run_after=2026-07-09 16:00:00+00:00
[2026-07-09T16:42:54.525+0000] {processor.py:208} INFO - Processing /opt/airflow/dags/dag_extract_dvizhenie.py took 0.029 seconds
[2026-07-09T16:43:24.919+0000] {processor.py:186} INFO - Started process (PID=7677) to work on /opt/airflow/dags/dag_extract_dvizhenie.py
[2026-07-09T16:43:24.921+0000] {processor.py:914} INFO - Processing file /opt/airflow/dags/dag_extract_dvizhenie.py for tasks to queue
[2026-07-09T16:43:24.922+0000] {logging_mixin.py:190} INFO - [2026-07-09T16:43:24.922+0000] {dagbag.py:588} INFO - Filling up the DagBag from /opt/airflow/dags/dag_extract_dvizhenie.py
[2026-07-09T16:43:24.927+0000] {processor.py:925} INFO - DAG(s) 'dag_extract_dvizhenie' retrieved from /opt/airflow/dags/dag_extract_dvizhenie.py
[2026-07-09T16:43:24.942+0000] {logging_mixin.py:190} INFO - [2026-07-09T16:43:24.941+0000] {dag.py:3239} INFO - Sync 1 DAGs
[2026-07-09T16:43:24.949+0000] {logging_mixin.py:190} INFO - [2026-07-09T16:43:24.949+0000] {dag.py:4180} INFO - Setting next_dagrun for dag_extract_dvizhenie to 2026-07-09 14:00:00+00:00, run_after=2026-07-09 16:00:00+00:00
[2026-07-09T16:43:24.959+0000] {processor.py:208} INFO - Processing /opt/airflow/dags/dag_extract_dvizhenie.py took 0.043 seconds
[2026-07-09T16:43:55.437+0000] {processor.py:186} INFO - Started process (PID=7698) to work on /opt/airflow/dags/dag_extract_dvizhenie.py
[2026-07-09T16:43:55.437+0000] {processor.py:914} INFO - Processing file /opt/airflow/dags/dag_extract_dvizhenie.py for tasks to queue
[2026-07-09T16:43:55.438+0000] {logging_mixin.py:190} INFO - [2026-07-09T16:43:55.438+0000] {dagbag.py:588} INFO - Filling up the DagBag from /opt/airflow/dags/dag_extract_dvizhenie.py
[2026-07-09T16:43:55.443+0000] {processor.py:925} INFO - DAG(s) 'dag_extract_dvizhenie' retrieved from /opt/airflow/dags/dag_extract_dvizhenie.py
[2026-07-09T16:43:55.452+0000] {logging_mixin.py:190} INFO - [2026-07-09T16:43:55.452+0000] {dag.py:3239} INFO - Sync 1 DAGs
[2026-07-09T16:43:55.459+0000] {logging_mixin.py:190} INFO - [2026-07-09T16:43:55.459+0000] {dag.py:4180} INFO - Setting next_dagrun for dag_extract_dvizhenie to 2026-07-09 14:00:00+00:00, run_after=2026-07-09 16:00:00+00:00
[2026-07-09T16:43:55.465+0000] {processor.py:208} INFO - Processing /opt/airflow/dags/dag_extract_dvizhenie.py took 0.030 seconds
[2026-07-09T16:44:25.943+0000] {processor.py:186} INFO - Started process (PID=7718) to work on /opt/airflow/dags/dag_extract_dvizhenie.py
[2026-07-09T16:44:25.943+0000] {processor.py:914} INFO - Processing file /opt/airflow/dags/dag_extract_dvizhenie.py for tasks to queue
[2026-07-09T16:44:25.944+0000] {logging_mixin.py:190} INFO - [2026-07-09T16:44:25.944+0000] {dagbag.py:588} INFO - Filling up the DagBag from /opt/airflow/dags/dag_extract_dvizhenie.py
[2026-07-09T16:44:25.951+0000] {processor.py:925} INFO - DAG(s) 'dag_extract_dvizhenie' retrieved from /opt/airflow/dags/dag_extract_dvizhenie.py
[2026-07-09T16:44:25.965+0000] {logging_mixin.py:190} INFO - [2026-07-09T16:44:25.964+0000] {dag.py:3239} INFO - Sync 1 DAGs
[2026-07-09T16:44:25.974+0000] {logging_mixin.py:190} INFO - [2026-07-09T16:44:25.974+0000] {dag.py:4180} INFO - Setting next_dagrun for dag_extract_dvizhenie to 2026-07-09 14:00:00+00:00, run_after=2026-07-09 16:00:00+00:00
[2026-07-09T16:44:25.980+0000] {processor.py:208} INFO - Processing /opt/airflow/dags/dag_extract_dvizhenie.py took 0.041 seconds
[2026-07-09T16:44:56.433+0000] {processor.py:186} INFO - Started process (PID=7738) to work on /opt/airflow/dags/dag_extract_dvizhenie.py
[2026-07-09T16:44:56.433+0000] {processor.py:914} INFO - Processing file /opt/airflow/dags/dag_extract_dvizhenie.py for tasks to queue
[2026-07-09T16:44:56.434+0000] {logging_mixin.py:190} INFO - [2026-07-09T16:44:56.434+0000] {dagbag.py:588} INFO - Filling up the DagBag from /opt/airflow/dags/dag_extract_dvizhenie.py
[2026-07-09T16:44:56.439+0000] {processor.py:925} INFO - DAG(s) 'dag_extract_dvizhenie' retrieved from /opt/airflow/dags/dag_extract_dvizhenie.py
[2026-07-09T16:44:56.449+0000] {logging_mixin.py:190} INFO - [2026-07-09T16:44:56.449+0000] {dag.py:3239} INFO - Sync 1 DAGs
[2026-07-09T16:44:56.457+0000] {logging_mixin.py:190} INFO - [2026-07-09T16:44:56.457+0000] {dag.py:4180} INFO - Setting next_dagrun for dag_extract_dvizhenie to 2026-07-09 14:00:00+00:00, run_after=2026-07-09 16:00:00+00:00
[2026-07-09T16:44:56.461+0000] {processor.py:208} INFO - Processing /opt/airflow/dags/dag_extract_dvizhenie.py took 0.031 seconds
[2026-07-09T16:45:26.863+0000] {processor.py:186} INFO - Started process (PID=7758) to work on /opt/airflow/dags/dag_extract_dvizhenie.py
[2026-07-09T16:45:26.863+0000] {processor.py:914} INFO - Processing file /opt/airflow/dags/dag_extract_dvizhenie.py for tasks to queue
[2026-07-09T16:45:26.865+0000] {logging_mixin.py:190} INFO - [2026-07-09T16:45:26.865+0000] {dagbag.py:588} INFO - Filling up the DagBag from /opt/airflow/dags/dag_extract_dvizhenie.py
[2026-07-09T16:45:26.871+0000] {processor.py:925} INFO - DAG(s) 'dag_extract_dvizhenie' retrieved from /opt/airflow/dags/dag_extract_dvizhenie.py
[2026-07-09T16:45:26.888+0000] {logging_mixin.py:190} INFO - [2026-07-09T16:45:26.888+0000] {dag.py:3239} INFO - Sync 1 DAGs
[2026-07-09T16:45:26.896+0000] {logging_mixin.py:190} INFO - [2026-07-09T16:45:26.896+0000] {dag.py:4180} INFO - Setting next_dagrun for dag_extract_dvizhenie to 2026-07-09 14:00:00+00:00, run_after=2026-07-09 16:00:00+00:00
[2026-07-09T16:45:26.904+0000] {processor.py:208} INFO - Processing /opt/airflow/dags/dag_extract_dvizhenie.py took 0.044 seconds
[2026-07-09T16:45:57.356+0000] {processor.py:186} INFO - Started process (PID=7778) to work on /opt/airflow/dags/dag_extract_dvizhenie.py
[2026-07-09T16:45:57.356+0000] {processor.py:914} INFO - Processing file /opt/airflow/dags/dag_extract_dvizhenie.py for tasks to queue
[2026-07-09T16:45:57.357+0000] {logging_mixin.py:190} INFO - [2026-07-09T16:45:57.357+0000] {dagbag.py:588} INFO - Filling up the DagBag from /opt/airflow/dags/dag_extract_dvizhenie.py
[2026-07-09T16:45:57.361+0000] {processor.py:925} INFO - DAG(s) 'dag_extract_dvizhenie' retrieved from /opt/airflow/dags/dag_extract_dvizhenie.py
[2026-07-09T16:45:57.371+0000] {logging_mixin.py:190} INFO - [2026-07-09T16:45:57.371+0000] {dag.py:3239} INFO - Sync 1 DAGs
[2026-07-09T16:45:57.378+0000] {logging_mixin.py:190} INFO - [2026-07-09T16:45:57.378+0000] {dag.py:4180} INFO - Setting next_dagrun for dag_extract_dvizhenie to 2026-07-09 14:00:00+00:00, run_after=2026-07-09 16:00:00+00:00
[2026-07-09T16:45:57.383+0000] {processor.py:208} INFO - Processing /opt/airflow/dags/dag_extract_dvizhenie.py took 0.030 seconds
[2026-07-09T16:46:27.811+0000] {processor.py:186} INFO - Started process (PID=7798) to work on /opt/airflow/dags/dag_extract_dvizhenie.py
[2026-07-09T16:46:27.811+0000] {processor.py:914} INFO - Processing file /opt/airflow/dags/dag_extract_dvizhenie.py for tasks to queue
[2026-07-09T16:46:27.812+0000] {logging_mixin.py:190} INFO - [2026-07-09T16:46:27.812+0000] {dagbag.py:588} INFO - Filling up the DagBag from /opt/airflow/dags/dag_extract_dvizhenie.py
[2026-07-09T16:46:27.816+0000] {processor.py:925} INFO - DAG(s) 'dag_extract_dvizhenie' retrieved from /opt/airflow/dags/dag_extract_dvizhenie.py
[2026-07-09T16:46:27.827+0000] {logging_mixin.py:190} INFO - [2026-07-09T16:46:27.827+0000] {dag.py:3239} INFO - Sync 1 DAGs
[2026-07-09T16:46:27.835+0000] {logging_mixin.py:190} INFO - [2026-07-09T16:46:27.835+0000] {dag.py:4180} INFO - Setting next_dagrun for dag_extract_dvizhenie to 2026-07-09 14:00:00+00:00, run_after=2026-07-09 16:00:00+00:00
[2026-07-09T16:46:27.840+0000] {processor.py:208} INFO - Processing /opt/airflow/dags/dag_extract_dvizhenie.py took 0.032 seconds
[2026-07-09T16:46:58.288+0000] {processor.py:186} INFO - Started process (PID=7818) to work on /opt/airflow/dags/dag_extract_dvizhenie.py
[2026-07-09T16:46:58.289+0000] {processor.py:914} INFO - Processing file /opt/airflow/dags/dag_extract_dvizhenie.py for tasks to queue
[2026-07-09T16:46:58.290+0000] {logging_mixin.py:190} INFO - [2026-07-09T16:46:58.290+0000] {dagbag.py:588} INFO - Filling up the DagBag from /opt/airflow/dags/dag_extract_dvizhenie.py
[2026-07-09T16:46:58.295+0000] {processor.py:925} INFO - DAG(s) 'dag_extract_dvizhenie' retrieved from /opt/airflow/dags/dag_extract_dvizhenie.py
[2026-07-09T16:46:58.309+0000] {logging_mixin.py:190} INFO - [2026-07-09T16:46:58.309+0000] {dag.py:3239} INFO - Sync 1 DAGs
[2026-07-09T16:46:58.319+0000] {logging_mixin.py:190} INFO - [2026-07-09T16:46:58.319+0000] {dag.py:4180} INFO - Setting next_dagrun for dag_extract_dvizhenie to 2026-07-09 14:00:00+00:00, run_after=2026-07-09 16:00:00+00:00
[2026-07-09T16:46:58.332+0000] {processor.py:208} INFO - Processing /opt/airflow/dags/dag_extract_dvizhenie.py took 0.046 seconds
[2026-07-09T16:47:28.729+0000] {processor.py:186} INFO - Started process (PID=7838) to work on /opt/airflow/dags/dag_extract_dvizhenie.py
[2026-07-09T16:47:28.730+0000] {processor.py:914} INFO - Processing file /opt/airflow/dags/dag_extract_dvizhenie.py for tasks to queue
[2026-07-09T16:47:28.731+0000] {logging_mixin.py:190} INFO - [2026-07-09T16:47:28.731+0000] {dagbag.py:588} INFO - Filling up the DagBag from /opt/airflow/dags/dag_extract_dvizhenie.py
[2026-07-09T16:47:28.738+0000] {processor.py:925} INFO - DAG(s) 'dag_extract_dvizhenie' retrieved from /opt/airflow/dags/dag_extract_dvizhenie.py
[2026-07-09T16:47:28.752+0000] {logging_mixin.py:190} INFO - [2026-07-09T16:47:28.752+0000] {dag.py:3239} INFO - Sync 1 DAGs
[2026-07-09T16:47:28.760+0000] {logging_mixin.py:190} INFO - [2026-07-09T16:47:28.760+0000] {dag.py:4180} INFO - Setting next_dagrun for dag_extract_dvizhenie to 2026-07-09 14:00:00+00:00, run_after=2026-07-09 16:00:00+00:00
[2026-07-09T16:47:28.766+0000] {processor.py:208} INFO - Processing /opt/airflow/dags/dag_extract_dvizhenie.py took 0.040 seconds
[2026-07-09T16:47:59.171+0000] {processor.py:186} INFO - Started process (PID=7856) to work on /opt/airflow/dags/dag_extract_dvizhenie.py
[2026-07-09T16:47:59.172+0000] {processor.py:914} INFO - Processing file /opt/airflow/dags/dag_extract_dvizhenie.py for tasks to queue
[2026-07-09T16:47:59.173+0000] {logging_mixin.py:190} INFO - [2026-07-09T16:47:59.173+0000] {dagbag.py:588} INFO - Filling up the DagBag from /opt/airflow/dags/dag_extract_dvizhenie.py
[2026-07-09T16:47:59.180+0000] {processor.py:925} INFO - DAG(s) 'dag_extract_dvizhenie' retrieved from /opt/airflow/dags/dag_extract_dvizhenie.py
[2026-07-09T16:47:59.195+0000] {logging_mixin.py:190} INFO - [2026-07-09T16:47:59.195+0000] {dag.py:3239} INFO - Sync 1 DAGs
[2026-07-09T16:47:59.203+0000] {logging_mixin.py:190} INFO - [2026-07-09T16:47:59.203+0000] {dag.py:4180} INFO - Setting next_dagrun for dag_extract_dvizhenie to 2026-07-09 14:00:00+00:00, run_after=2026-07-09 16:00:00+00:00
[2026-07-09T16:47:59.209+0000] {processor.py:208} INFO - Processing /opt/airflow/dags/dag_extract_dvizhenie.py took 0.041 seconds
[2026-07-09T16:48:29.623+0000] {processor.py:186} INFO - Started process (PID=7878) to work on /opt/airflow/dags/dag_extract_dvizhenie.py
[2026-07-09T16:48:29.623+0000] {processor.py:914} INFO - Processing file /opt/airflow/dags/dag_extract_dvizhenie.py for tasks to queue
[2026-07-09T16:48:29.624+0000] {logging_mixin.py:190} INFO - [2026-07-09T16:48:29.624+0000] {dagbag.py:588} INFO - Filling up the DagBag from /opt/airflow/dags/dag_extract_dvizhenie.py
[2026-07-09T16:48:29.629+0000] {processor.py:925} INFO - DAG(s) 'dag_extract_dvizhenie' retrieved from /opt/airflow/dags/dag_extract_dvizhenie.py
[2026-07-09T16:48:29.638+0000] {logging_mixin.py:190} INFO - [2026-07-09T16:48:29.638+0000] {dag.py:3239} INFO - Sync 1 DAGs
[2026-07-09T16:48:29.645+0000] {logging_mixin.py:190} INFO - [2026-07-09T16:48:29.645+0000] {dag.py:4180} INFO - Setting next_dagrun for dag_extract_dvizhenie to 2026-07-09 14:00:00+00:00, run_after=2026-07-09 16:00:00+00:00
[2026-07-09T16:48:29.651+0000] {processor.py:208} INFO - Processing /opt/airflow/dags/dag_extract_dvizhenie.py took 0.030 seconds
[2026-07-09T16:49:00.082+0000] {processor.py:186} INFO - Started process (PID=7898) to work on /opt/airflow/dags/dag_extract_dvizhenie.py
[2026-07-09T16:49:00.082+0000] {processor.py:914} INFO - Processing file /opt/airflow/dags/dag_extract_dvizhenie.py for tasks to queue
[2026-07-09T16:49:00.083+0000] {logging_mixin.py:190} INFO - [2026-07-09T16:49:00.083+0000] {dagbag.py:588} INFO - Filling up the DagBag from /opt/airflow/dags/dag_extract_dvizhenie.py
[2026-07-09T16:49:00.088+0000] {processor.py:925} INFO - DAG(s) 'dag_extract_dvizhenie' retrieved from /opt/airflow/dags/dag_extract_dvizhenie.py
[2026-07-09T16:49:00.098+0000] {logging_mixin.py:190} INFO - [2026-07-09T16:49:00.098+0000] {dag.py:3239} INFO - Sync 1 DAGs
[2026-07-09T16:49:00.105+0000] {logging_mixin.py:190} INFO - [2026-07-09T16:49:00.105+0000] {dag.py:4180} INFO - Setting next_dagrun for dag_extract_dvizhenie to 2026-07-09 14:00:00+00:00, run_after=2026-07-09 16:00:00+00:00
[2026-07-09T16:49:00.110+0000] {processor.py:208} INFO - Processing /opt/airflow/dags/dag_extract_dvizhenie.py took 0.031 seconds
[2026-07-09T16:49:30.541+0000] {processor.py:186} INFO - Started process (PID=7918) to work on /opt/airflow/dags/dag_extract_dvizhenie.py
[2026-07-09T16:49:30.541+0000] {processor.py:914} INFO - Processing file /opt/airflow/dags/dag_extract_dvizhenie.py for tasks to queue
[2026-07-09T16:49:30.542+0000] {logging_mixin.py:190} INFO - [2026-07-09T16:49:30.542+0000] {dagbag.py:588} INFO - Filling up the DagBag from /opt/airflow/dags/dag_extract_dvizhenie.py
[2026-07-09T16:49:30.546+0000] {processor.py:925} INFO - DAG(s) 'dag_extract_dvizhenie' retrieved from /opt/airflow/dags/dag_extract_dvizhenie.py
[2026-07-09T16:49:30.556+0000] {logging_mixin.py:190} INFO - [2026-07-09T16:49:30.556+0000] {dag.py:3239} INFO - Sync 1 DAGs
[2026-07-09T16:49:30.564+0000] {logging_mixin.py:190} INFO - [2026-07-09T16:49:30.564+0000] {dag.py:4180} INFO - Setting next_dagrun for dag_extract_dvizhenie to 2026-07-09 14:00:00+00:00, run_after=2026-07-09 16:00:00+00:00
[2026-07-09T16:49:30.568+0000] {processor.py:208} INFO - Processing /opt/airflow/dags/dag_extract_dvizhenie.py took 0.030 seconds
[2026-07-09T16:50:00.987+0000] {processor.py:186} INFO - Started process (PID=7938) to work on /opt/airflow/dags/dag_extract_dvizhenie.py
[2026-07-09T16:50:00.987+0000] {processor.py:914} INFO - Processing file /opt/airflow/dags/dag_extract_dvizhenie.py for tasks to queue
[2026-07-09T16:50:00.988+0000] {logging_mixin.py:190} INFO - [2026-07-09T16:50:00.988+0000] {dagbag.py:588} INFO - Filling up the DagBag from /opt/airflow/dags/dag_extract_dvizhenie.py
[2026-07-09T16:50:00.993+0000] {processor.py:925} INFO - DAG(s) 'dag_extract_dvizhenie' retrieved from /opt/airflow/dags/dag_extract_dvizhenie.py
[2026-07-09T16:50:01.003+0000] {logging_mixin.py:190} INFO - [2026-07-09T16:50:01.003+0000] {dag.py:3239} INFO - Sync 1 DAGs
[2026-07-09T16:50:01.010+0000] {logging_mixin.py:190} INFO - [2026-07-09T16:50:01.010+0000] {dag.py:4180} INFO - Setting next_dagrun for dag_extract_dvizhenie to 2026-07-09 14:00:00+00:00, run_after=2026-07-09 16:00:00+00:00
[2026-07-09T16:50:01.015+0000] {processor.py:208} INFO - Processing /opt/airflow/dags/dag_extract_dvizhenie.py took 0.031 seconds
[2026-07-09T16:50:31.391+0000] {processor.py:186} INFO - Started process (PID=7958) to work on /opt/airflow/dags/dag_extract_dvizhenie.py
[2026-07-09T16:50:31.392+0000] {processor.py:914} INFO - Processing file /opt/airflow/dags/dag_extract_dvizhenie.py for tasks to queue
[2026-07-09T16:50:31.392+0000] {logging_mixin.py:190} INFO - [2026-07-09T16:50:31.392+0000] {dagbag.py:588} INFO - Filling up the DagBag from /opt/airflow/dags/dag_extract_dvizhenie.py
[2026-07-09T16:50:31.397+0000] {processor.py:925} INFO - DAG(s) 'dag_extract_dvizhenie' retrieved from /opt/airflow/dags/dag_extract_dvizhenie.py
[2026-07-09T16:50:31.407+0000] {logging_mixin.py:190} INFO - [2026-07-09T16:50:31.407+0000] {dag.py:3239} INFO - Sync 1 DAGs
[2026-07-09T16:50:31.414+0000] {logging_mixin.py:190} INFO - [2026-07-09T16:50:31.414+0000] {dag.py:4180} INFO - Setting next_dagrun for dag_extract_dvizhenie to 2026-07-09 14:00:00+00:00, run_after=2026-07-09 16:00:00+00:00
[2026-07-09T16:50:31.419+0000] {processor.py:208} INFO - Processing /opt/airflow/dags/dag_extract_dvizhenie.py took 0.031 seconds
[2026-07-09T16:51:01.862+0000] {processor.py:186} INFO - Started process (PID=7978) to work on /opt/airflow/dags/dag_extract_dvizhenie.py
[2026-07-09T16:51:01.863+0000] {processor.py:914} INFO - Processing file /opt/airflow/dags/dag_extract_dvizhenie.py for tasks to queue
[2026-07-09T16:51:01.864+0000] {logging_mixin.py:190} INFO - [2026-07-09T16:51:01.863+0000] {dagbag.py:588} INFO - Filling up the DagBag from /opt/airflow/dags/dag_extract_dvizhenie.py
[2026-07-09T16:51:01.868+0000] {processor.py:925} INFO - DAG(s) 'dag_extract_dvizhenie' retrieved from /opt/airflow/dags/dag_extract_dvizhenie.py
[2026-07-09T16:51:01.878+0000] {logging_mixin.py:190} INFO - [2026-07-09T16:51:01.878+0000] {dag.py:3239} INFO - Sync 1 DAGs
[2026-07-09T16:51:01.886+0000] {logging_mixin.py:190} INFO - [2026-07-09T16:51:01.885+0000] {dag.py:4180} INFO - Setting next_dagrun for dag_extract_dvizhenie to 2026-07-09 14:00:00+00:00, run_after=2026-07-09 16:00:00+00:00
[2026-07-09T16:51:01.890+0000] {processor.py:208} INFO - Processing /opt/airflow/dags/dag_extract_dvizhenie.py took 0.031 seconds
[2026-07-09T16:51:32.313+0000] {processor.py:186} INFO - Started process (PID=7998) to work on /opt/airflow/dags/dag_extract_dvizhenie.py
[2026-07-09T16:51:32.313+0000] {processor.py:914} INFO - Processing file /opt/airflow/dags/dag_extract_dvizhenie.py for tasks to queue
[2026-07-09T16:51:32.314+0000] {logging_mixin.py:190} INFO - [2026-07-09T16:51:32.314+0000] {dagbag.py:588} INFO - Filling up the DagBag from /opt/airflow/dags/dag_extract_dvizhenie.py
[2026-07-09T16:51:32.318+0000] {processor.py:925} INFO - DAG(s) 'dag_extract_dvizhenie' retrieved from /opt/airflow/dags/dag_extract_dvizhenie.py
[2026-07-09T16:51:32.328+0000] {logging_mixin.py:190} INFO - [2026-07-09T16:51:32.328+0000] {dag.py:3239} INFO - Sync 1 DAGs
[2026-07-09T16:51:32.335+0000] {logging_mixin.py:190} INFO - [2026-07-09T16:51:32.335+0000] {dag.py:4180} INFO - Setting next_dagrun for dag_extract_dvizhenie to 2026-07-09 14:00:00+00:00, run_after=2026-07-09 16:00:00+00:00
[2026-07-09T16:51:32.340+0000] {processor.py:208} INFO - Processing /opt/airflow/dags/dag_extract_dvizhenie.py took 0.030 seconds
[2026-07-09T16:52:02.715+0000] {processor.py:186} INFO - Started process (PID=8018) to work on /opt/airflow/dags/dag_extract_dvizhenie.py
[2026-07-09T16:52:02.715+0000] {processor.py:914} INFO - Processing file /opt/airflow/dags/dag_extract_dvizhenie.py for tasks to queue
[2026-07-09T16:52:02.716+0000] {logging_mixin.py:190} INFO - [2026-07-09T16:52:02.716+0000] {dagbag.py:588} INFO - Filling up the DagBag from /opt/airflow/dags/dag_extract_dvizhenie.py
[2026-07-09T16:52:02.720+0000] {processor.py:925} INFO - DAG(s) 'dag_extract_dvizhenie' retrieved from /opt/airflow/dags/dag_extract_dvizhenie.py
[2026-07-09T16:52:02.730+0000] {logging_mixin.py:190} INFO - [2026-07-09T16:52:02.730+0000] {dag.py:3239} INFO - Sync 1 DAGs
[2026-07-09T16:52:02.737+0000] {logging_mixin.py:190} INFO - [2026-07-09T16:52:02.737+0000] {dag.py:4180} INFO - Setting next_dagrun for dag_extract_dvizhenie to 2026-07-09 14:00:00+00:00, run_after=2026-07-09 16:00:00+00:00
[2026-07-09T16:52:02.741+0000] {processor.py:208} INFO - Processing /opt/airflow/dags/dag_extract_dvizhenie.py took 0.029 seconds
[2026-07-09T16:52:33.135+0000] {processor.py:186} INFO - Started process (PID=8038) to work on /opt/airflow/dags/dag_extract_dvizhenie.py
[2026-07-09T16:52:33.137+0000] {processor.py:914} INFO - Processing file /opt/airflow/dags/dag_extract_dvizhenie.py for tasks to queue
[2026-07-09T16:52:33.138+0000] {logging_mixin.py:190} INFO - [2026-07-09T16:52:33.138+0000] {dagbag.py:588} INFO - Filling up the DagBag from /opt/airflow/dags/dag_extract_dvizhenie.py
[2026-07-09T16:52:33.143+0000] {processor.py:925} INFO - DAG(s) 'dag_extract_dvizhenie' retrieved from /opt/airflow/dags/dag_extract_dvizhenie.py
[2026-07-09T16:52:33.157+0000] {logging_mixin.py:190} INFO - [2026-07-09T16:52:33.157+0000] {dag.py:3239} INFO - Sync 1 DAGs
[2026-07-09T16:52:33.165+0000] {logging_mixin.py:190} INFO - [2026-07-09T16:52:33.165+0000] {dag.py:4180} INFO - Setting next_dagrun for dag_extract_dvizhenie to 2026-07-09 14:00:00+00:00, run_after=2026-07-09 16:00:00+00:00
[2026-07-09T16:52:33.173+0000] {processor.py:208} INFO - Processing /opt/airflow/dags/dag_extract_dvizhenie.py took 0.040 seconds
[2026-07-09T16:53:03.610+0000] {processor.py:186} INFO - Started process (PID=8058) to work on /opt/airflow/dags/dag_extract_dvizhenie.py
[2026-07-09T16:53:03.610+0000] {processor.py:914} INFO - Processing file /opt/airflow/dags/dag_extract_dvizhenie.py for tasks to queue
[2026-07-09T16:53:03.611+0000] {logging_mixin.py:190} INFO - [2026-07-09T16:53:03.611+0000] {dagbag.py:588} INFO - Filling up the DagBag from /opt/airflow/dags/dag_extract_dvizhenie.py
[2026-07-09T16:53:03.616+0000] {processor.py:925} INFO - DAG(s) 'dag_extract_dvizhenie' retrieved from /opt/airflow/dags/dag_extract_dvizhenie.py
[2026-07-09T16:53:03.625+0000] {logging_mixin.py:190} INFO - [2026-07-09T16:53:03.625+0000] {dag.py:3239} INFO - Sync 1 DAGs
[2026-07-09T16:53:03.632+0000] {logging_mixin.py:190} INFO - [2026-07-09T16:53:03.632+0000] {dag.py:4180} INFO - Setting next_dagrun for dag_extract_dvizhenie to 2026-07-09 14:00:00+00:00, run_after=2026-07-09 16:00:00+00:00
[2026-07-09T16:53:03.637+0000] {processor.py:208} INFO - Processing /opt/airflow/dags/dag_extract_dvizhenie.py took 0.030 seconds
[2026-07-09T16:53:34.096+0000] {processor.py:186} INFO - Started process (PID=8078) to work on /opt/airflow/dags/dag_extract_dvizhenie.py
[2026-07-09T16:53:34.097+0000] {processor.py:914} INFO - Processing file /opt/airflow/dags/dag_extract_dvizhenie.py for tasks to queue
[2026-07-09T16:53:34.098+0000] {logging_mixin.py:190} INFO - [2026-07-09T16:53:34.098+0000] {dagbag.py:588} INFO - Filling up the DagBag from /opt/airflow/dags/dag_extract_dvizhenie.py
[2026-07-09T16:53:34.104+0000] {processor.py:925} INFO - DAG(s) 'dag_extract_dvizhenie' retrieved from /opt/airflow/dags/dag_extract_dvizhenie.py
[2026-07-09T16:53:34.122+0000] {logging_mixin.py:190} INFO - [2026-07-09T16:53:34.122+0000] {dag.py:3239} INFO - Sync 1 DAGs
[2026-07-09T16:53:34.131+0000] {logging_mixin.py:190} INFO - [2026-07-09T16:53:34.131+0000] {dag.py:4180} INFO - Setting next_dagrun for dag_extract_dvizhenie to 2026-07-09 14:00:00+00:00, run_after=2026-07-09 16:00:00+00:00
[2026-07-09T16:53:34.138+0000] {processor.py:208} INFO - Processing /opt/airflow/dags/dag_extract_dvizhenie.py took 0.045 seconds
[2026-07-09T16:54:04.565+0000] {processor.py:186} INFO - Started process (PID=8098) to work on /opt/airflow/dags/dag_extract_dvizhenie.py
[2026-07-09T16:54:04.565+0000] {processor.py:914} INFO - Processing file /opt/airflow/dags/dag_extract_dvizhenie.py for tasks to queue
[2026-07-09T16:54:04.566+0000] {logging_mixin.py:190} INFO - [2026-07-09T16:54:04.566+0000] {dagbag.py:588} INFO - Filling up the DagBag from /opt/airflow/dags/dag_extract_dvizhenie.py
[2026-07-09T16:54:04.571+0000] {processor.py:925} INFO - DAG(s) 'dag_extract_dvizhenie' retrieved from /opt/airflow/dags/dag_extract_dvizhenie.py
[2026-07-09T16:54:04.580+0000] {logging_mixin.py:190} INFO - [2026-07-09T16:54:04.580+0000] {dag.py:3239} INFO - Sync 1 DAGs
[2026-07-09T16:54:04.588+0000] {logging_mixin.py:190} INFO - [2026-07-09T16:54:04.588+0000] {dag.py:4180} INFO - Setting next_dagrun for dag_extract_dvizhenie to 2026-07-09 14:00:00+00:00, run_after=2026-07-09 16:00:00+00:00
[2026-07-09T16:54:04.593+0000] {processor.py:208} INFO - Processing /opt/airflow/dags/dag_extract_dvizhenie.py took 0.030 seconds
[2026-07-09T16:54:35.043+0000] {processor.py:186} INFO - Started process (PID=8118) to work on /opt/airflow/dags/dag_extract_dvizhenie.py
[2026-07-09T16:54:35.043+0000] {processor.py:914} INFO - Processing file /opt/airflow/dags/dag_extract_dvizhenie.py for tasks to queue
[2026-07-09T16:54:35.044+0000] {logging_mixin.py:190} INFO - [2026-07-09T16:54:35.044+0000] {dagbag.py:588} INFO - Filling up the DagBag from /opt/airflow/dags/dag_extract_dvizhenie.py
[2026-07-09T16:54:35.049+0000] {processor.py:925} INFO - DAG(s) 'dag_extract_dvizhenie' retrieved from /opt/airflow/dags/dag_extract_dvizhenie.py
[2026-07-09T16:54:35.059+0000] {logging_mixin.py:190} INFO - [2026-07-09T16:54:35.059+0000] {dag.py:3239} INFO - Sync 1 DAGs
[2026-07-09T16:54:35.066+0000] {logging_mixin.py:190} INFO - [2026-07-09T16:54:35.066+0000] {dag.py:4180} INFO - Setting next_dagrun for dag_extract_dvizhenie to 2026-07-09 14:00:00+00:00, run_after=2026-07-09 16:00:00+00:00
[2026-07-09T16:54:35.072+0000] {processor.py:208} INFO - Processing /opt/airflow/dags/dag_extract_dvizhenie.py took 0.032 seconds
[2026-07-09T16:55:05.503+0000] {processor.py:186} INFO - Started process (PID=8138) to work on /opt/airflow/dags/dag_extract_dvizhenie.py
[2026-07-09T16:55:05.504+0000] {processor.py:914} INFO - Processing file /opt/airflow/dags/dag_extract_dvizhenie.py for tasks to queue
[2026-07-09T16:55:05.505+0000] {logging_mixin.py:190} INFO - [2026-07-09T16:55:05.505+0000] {dagbag.py:588} INFO - Filling up the DagBag from /opt/airflow/dags/dag_extract_dvizhenie.py
[2026-07-09T16:55:05.509+0000] {processor.py:925} INFO - DAG(s) 'dag_extract_dvizhenie' retrieved from /opt/airflow/dags/dag_extract_dvizhenie.py
[2026-07-09T16:55:05.519+0000] {logging_mixin.py:190} INFO - [2026-07-09T16:55:05.519+0000] {dag.py:3239} INFO - Sync 1 DAGs
[2026-07-09T16:55:05.526+0000] {logging_mixin.py:190} INFO - [2026-07-09T16:55:05.526+0000] {dag.py:4180} INFO - Setting next_dagrun for dag_extract_dvizhenie to 2026-07-09 14:00:00+00:00, run_after=2026-07-09 16:00:00+00:00
[2026-07-09T16:55:05.531+0000] {processor.py:208} INFO - Processing /opt/airflow/dags/dag_extract_dvizhenie.py took 0.030 seconds
[2026-07-09T16:55:35.959+0000] {processor.py:186} INFO - Started process (PID=8156) to work on /opt/airflow/dags/dag_extract_dvizhenie.py
[2026-07-09T16:55:35.959+0000] {processor.py:914} INFO - Processing file /opt/airflow/dags/dag_extract_dvizhenie.py for tasks to queue
[2026-07-09T16:55:35.962+0000] {logging_mixin.py:190} INFO - [2026-07-09T16:55:35.962+0000] {dagbag.py:588} INFO - Filling up the DagBag from /opt/airflow/dags/dag_extract_dvizhenie.py
[2026-07-09T16:55:35.968+0000] {processor.py:925} INFO - DAG(s) 'dag_extract_dvizhenie' retrieved from /opt/airflow/dags/dag_extract_dvizhenie.py
[2026-07-09T16:55:35.982+0000] {logging_mixin.py:190} INFO - [2026-07-09T16:55:35.982+0000] {dag.py:3239} INFO - Sync 1 DAGs
[2026-07-09T16:55:35.991+0000] {logging_mixin.py:190} INFO - [2026-07-09T16:55:35.991+0000] {dag.py:4180} INFO - Setting next_dagrun for dag_extract_dvizhenie to 2026-07-09 14:00:00+00:00, run_after=2026-07-09 16:00:00+00:00
[2026-07-09T16:55:35.998+0000] {processor.py:208} INFO - Processing /opt/airflow/dags/dag_extract_dvizhenie.py took 0.042 seconds
[2026-07-09T16:56:06.374+0000] {processor.py:186} INFO - Started process (PID=8178) to work on /opt/airflow/dags/dag_extract_dvizhenie.py
[2026-07-09T16:56:06.374+0000] {processor.py:914} INFO - Processing file /opt/airflow/dags/dag_extract_dvizhenie.py for tasks to queue
[2026-07-09T16:56:06.375+0000] {logging_mixin.py:190} INFO - [2026-07-09T16:56:06.375+0000] {dagbag.py:588} INFO - Filling up the DagBag from /opt/airflow/dags/dag_extract_dvizhenie.py
[2026-07-09T16:56:06.380+0000] {processor.py:925} INFO - DAG(s) 'dag_extract_dvizhenie' retrieved from /opt/airflow/dags/dag_extract_dvizhenie.py
[2026-07-09T16:56:06.390+0000] {logging_mixin.py:190} INFO - [2026-07-09T16:56:06.390+0000] {dag.py:3239} INFO - Sync 1 DAGs
[2026-07-09T16:56:06.397+0000] {logging_mixin.py:190} INFO - [2026-07-09T16:56:06.397+0000] {dag.py:4180} INFO - Setting next_dagrun for dag_extract_dvizhenie to 2026-07-09 14:00:00+00:00, run_after=2026-07-09 16:00:00+00:00
[2026-07-09T16:56:06.402+0000] {processor.py:208} INFO - Processing /opt/airflow/dags/dag_extract_dvizhenie.py took 0.031 seconds
[2026-07-09T16:56:36.830+0000] {processor.py:186} INFO - Started process (PID=8198) to work on /opt/airflow/dags/dag_extract_dvizhenie.py
[2026-07-09T16:56:36.830+0000] {processor.py:914} INFO - Processing file /opt/airflow/dags/dag_extract_dvizhenie.py for tasks to queue
[2026-07-09T16:56:36.831+0000] {logging_mixin.py:190} INFO - [2026-07-09T16:56:36.831+0000] {dagbag.py:588} INFO - Filling up the DagBag from /opt/airflow/dags/dag_extract_dvizhenie.py
[2026-07-09T16:56:36.836+0000] {processor.py:925} INFO - DAG(s) 'dag_extract_dvizhenie' retrieved from /opt/airflow/dags/dag_extract_dvizhenie.py
[2026-07-09T16:56:36.846+0000] {logging_mixin.py:190} INFO - [2026-07-09T16:56:36.846+0000] {dag.py:3239} INFO - Sync 1 DAGs
[2026-07-09T16:56:36.853+0000] {logging_mixin.py:190} INFO - [2026-07-09T16:56:36.853+0000] {dag.py:4180} INFO - Setting next_dagrun for dag_extract_dvizhenie to 2026-07-09 14:00:00+00:00, run_after=2026-07-09 16:00:00+00:00
[2026-07-09T16:56:36.857+0000] {processor.py:208} INFO - Processing /opt/airflow/dags/dag_extract_dvizhenie.py took 0.030 seconds
[2026-07-09T16:57:07.256+0000] {processor.py:186} INFO - Started process (PID=8218) to work on /opt/airflow/dags/dag_extract_dvizhenie.py
[2026-07-09T16:57:07.256+0000] {processor.py:914} INFO - Processing file /opt/airflow/dags/dag_extract_dvizhenie.py for tasks to queue
[2026-07-09T16:57:07.257+0000] {logging_mixin.py:190} INFO - [2026-07-09T16:57:07.257+0000] {dagbag.py:588} INFO - Filling up the DagBag from /opt/airflow/dags/dag_extract_dvizhenie.py
[2026-07-09T16:57:07.262+0000] {processor.py:925} INFO - DAG(s) 'dag_extract_dvizhenie' retrieved from /opt/airflow/dags/dag_extract_dvizhenie.py
[2026-07-09T16:57:07.271+0000] {logging_mixin.py:190} INFO - [2026-07-09T16:57:07.271+0000] {dag.py:3239} INFO - Sync 1 DAGs
[2026-07-09T16:57:07.279+0000] {logging_mixin.py:190} INFO - [2026-07-09T16:57:07.279+0000] {dag.py:4180} INFO - Setting next_dagrun for dag_extract_dvizhenie to 2026-07-09 14:00:00+00:00, run_after=2026-07-09 16:00:00+00:00
[2026-07-09T16:57:07.283+0000] {processor.py:208} INFO - Processing /opt/airflow/dags/dag_extract_dvizhenie.py took 0.031 seconds
[2026-07-09T16:57:37.710+0000] {processor.py:186} INFO - Started process (PID=8238) to work on /opt/airflow/dags/dag_extract_dvizhenie.py
[2026-07-09T16:57:37.711+0000] {processor.py:914} INFO - Processing file /opt/airflow/dags/dag_extract_dvizhenie.py for tasks to queue
[2026-07-09T16:57:37.712+0000] {logging_mixin.py:190} INFO - [2026-07-09T16:57:37.712+0000] {dagbag.py:588} INFO - Filling up the DagBag from /opt/airflow/dags/dag_extract_dvizhenie.py
[2026-07-09T16:57:37.716+0000] {processor.py:925} INFO - DAG(s) 'dag_extract_dvizhenie' retrieved from /opt/airflow/dags/dag_extract_dvizhenie.py
[2026-07-09T16:57:37.726+0000] {logging_mixin.py:190} INFO - [2026-07-09T16:57:37.726+0000] {dag.py:3239} INFO - Sync 1 DAGs
[2026-07-09T16:57:37.733+0000] {logging_mixin.py:190} INFO - [2026-07-09T16:57:37.733+0000] {dag.py:4180} INFO - Setting next_dagrun for dag_extract_dvizhenie to 2026-07-09 14:00:00+00:00, run_after=2026-07-09 16:00:00+00:00
[2026-07-09T16:57:37.738+0000] {processor.py:208} INFO - Processing /opt/airflow/dags/dag_extract_dvizhenie.py took 0.031 seconds
[2026-07-09T16:58:08.157+0000] {processor.py:186} INFO - Started process (PID=8258) to work on /opt/airflow/dags/dag_extract_dvizhenie.py
[2026-07-09T16:58:08.158+0000] {processor.py:914} INFO - Processing file /opt/airflow/dags/dag_extract_dvizhenie.py for tasks to queue
[2026-07-09T16:58:08.159+0000] {logging_mixin.py:190} INFO - [2026-07-09T16:58:08.158+0000] {dagbag.py:588} INFO - Filling up the DagBag from /opt/airflow/dags/dag_extract_dvizhenie.py
[2026-07-09T16:58:08.163+0000] {processor.py:925} INFO - DAG(s) 'dag_extract_dvizhenie' retrieved from /opt/airflow/dags/dag_extract_dvizhenie.py
[2026-07-09T16:58:08.173+0000] {logging_mixin.py:190} INFO - [2026-07-09T16:58:08.173+0000] {dag.py:3239} INFO - Sync 1 DAGs
[2026-07-09T16:58:08.180+0000] {logging_mixin.py:190} INFO - [2026-07-09T16:58:08.180+0000] {dag.py:4180} INFO - Setting next_dagrun for dag_extract_dvizhenie to 2026-07-09 14:00:00+00:00, run_after=2026-07-09 16:00:00+00:00
[2026-07-09T16:58:08.185+0000] {processor.py:208} INFO - Processing /opt/airflow/dags/dag_extract_dvizhenie.py took 0.030 seconds
[2026-07-09T16:58:38.587+0000] {processor.py:186} INFO - Started process (PID=8278) to work on /opt/airflow/dags/dag_extract_dvizhenie.py
[2026-07-09T16:58:38.587+0000] {processor.py:914} INFO - Processing file /opt/airflow/dags/dag_extract_dvizhenie.py for tasks to queue
[2026-07-09T16:58:38.588+0000] {logging_mixin.py:190} INFO - [2026-07-09T16:58:38.588+0000] {dagbag.py:588} INFO - Filling up the DagBag from /opt/airflow/dags/dag_extract_dvizhenie.py
[2026-07-09T16:58:38.593+0000] {processor.py:925} INFO - DAG(s) 'dag_extract_dvizhenie' retrieved from /opt/airflow/dags/dag_extract_dvizhenie.py
[2026-07-09T16:58:38.603+0000] {logging_mixin.py:190} INFO - [2026-07-09T16:58:38.603+0000] {dag.py:3239} INFO - Sync 1 DAGs
[2026-07-09T16:58:38.610+0000] {logging_mixin.py:190} INFO - [2026-07-09T16:58:38.610+0000] {dag.py:4180} INFO - Setting next_dagrun for dag_extract_dvizhenie to 2026-07-09 14:00:00+00:00, run_after=2026-07-09 16:00:00+00:00
[2026-07-09T16:58:38.615+0000] {processor.py:208} INFO - Processing /opt/airflow/dags/dag_extract_dvizhenie.py took 0.030 seconds
[2026-07-09T16:59:08.993+0000] {processor.py:186} INFO - Started process (PID=8296) to work on /opt/airflow/dags/dag_extract_dvizhenie.py
[2026-07-09T16:59:08.994+0000] {processor.py:914} INFO - Processing file /opt/airflow/dags/dag_extract_dvizhenie.py for tasks to queue
[2026-07-09T16:59:08.996+0000] {logging_mixin.py:190} INFO - [2026-07-09T16:59:08.996+0000] {dagbag.py:588} INFO - Filling up the DagBag from /opt/airflow/dags/dag_extract_dvizhenie.py
[2026-07-09T16:59:09.002+0000] {processor.py:925} INFO - DAG(s) 'dag_extract_dvizhenie' retrieved from /opt/airflow/dags/dag_extract_dvizhenie.py
[2026-07-09T16:59:09.017+0000] {logging_mixin.py:190} INFO - [2026-07-09T16:59:09.017+0000] {dag.py:3239} INFO - Sync 1 DAGs
[2026-07-09T16:59:09.025+0000] {logging_mixin.py:190} INFO - [2026-07-09T16:59:09.025+0000] {dag.py:4180} INFO - Setting next_dagrun for dag_extract_dvizhenie to 2026-07-09 14:00:00+00:00, run_after=2026-07-09 16:00:00+00:00
[2026-07-09T16:59:09.032+0000] {processor.py:208} INFO - Processing /opt/airflow/dags/dag_extract_dvizhenie.py took 0.041 seconds
[2026-07-09T16:59:39.447+0000] {processor.py:186} INFO - Started process (PID=8318) to work on /opt/airflow/dags/dag_extract_dvizhenie.py
[2026-07-09T16:59:39.447+0000] {processor.py:914} INFO - Processing file /opt/airflow/dags/dag_extract_dvizhenie.py for tasks to queue
[2026-07-09T16:59:39.448+0000] {logging_mixin.py:190} INFO - [2026-07-09T16:59:39.448+0000] {dagbag.py:588} INFO - Filling up the DagBag from /opt/airflow/dags/dag_extract_dvizhenie.py
[2026-07-09T16:59:39.453+0000] {processor.py:925} INFO - DAG(s) 'dag_extract_dvizhenie' retrieved from /opt/airflow/dags/dag_extract_dvizhenie.py
[2026-07-09T16:59:39.463+0000] {logging_mixin.py:190} INFO - [2026-07-09T16:59:39.463+0000] {dag.py:3239} INFO - Sync 1 DAGs
[2026-07-09T16:59:39.470+0000] {logging_mixin.py:190} INFO - [2026-07-09T16:59:39.470+0000] {dag.py:4180} INFO - Setting next_dagrun for dag_extract_dvizhenie to 2026-07-09 14:00:00+00:00, run_after=2026-07-09 16:00:00+00:00
[2026-07-09T16:59:39.475+0000] {processor.py:208} INFO - Processing /opt/airflow/dags/dag_extract_dvizhenie.py took 0.031 seconds
[2026-07-09T17:00:09.912+0000] {processor.py:186} INFO - Started process (PID=8338) to work on /opt/airflow/dags/dag_extract_dvizhenie.py
[2026-07-09T17:00:09.912+0000] {processor.py:914} INFO - Processing file /opt/airflow/dags/dag_extract_dvizhenie.py for tasks to queue
[2026-07-09T17:00:09.913+0000] {logging_mixin.py:190} INFO - [2026-07-09T17:00:09.913+0000] {dagbag.py:588} INFO - Filling up the DagBag from /opt/airflow/dags/dag_extract_dvizhenie.py
[2026-07-09T17:00:09.918+0000] {processor.py:925} INFO - DAG(s) 'dag_extract_dvizhenie' retrieved from /opt/airflow/dags/dag_extract_dvizhenie.py
[2026-07-09T17:00:09.927+0000] {logging_mixin.py:190} INFO - [2026-07-09T17:00:09.927+0000] {dag.py:3239} INFO - Sync 1 DAGs
[2026-07-09T17:00:09.935+0000] {logging_mixin.py:190} INFO - [2026-07-09T17:00:09.935+0000] {dag.py:4180} INFO - Setting next_dagrun for dag_extract_dvizhenie to 2026-07-09 14:00:00+00:00, run_after=2026-07-09 16:00:00+00:00
[2026-07-09T17:00:09.939+0000] {processor.py:208} INFO - Processing /opt/airflow/dags/dag_extract_dvizhenie.py took 0.030 seconds
[2026-07-09T17:00:40.353+0000] {processor.py:186} INFO - Started process (PID=8358) to work on /opt/airflow/dags/dag_extract_dvizhenie.py
[2026-07-09T17:00:40.353+0000] {processor.py:914} INFO - Processing file /opt/airflow/dags/dag_extract_dvizhenie.py for tasks to queue
[2026-07-09T17:00:40.354+0000] {logging_mixin.py:190} INFO - [2026-07-09T17:00:40.354+0000] {dagbag.py:588} INFO - Filling up the DagBag from /opt/airflow/dags/dag_extract_dvizhenie.py
[2026-07-09T17:00:40.359+0000] {processor.py:925} INFO - DAG(s) 'dag_extract_dvizhenie' retrieved from /opt/airflow/dags/dag_extract_dvizhenie.py
[2026-07-09T17:00:40.368+0000] {logging_mixin.py:190} INFO - [2026-07-09T17:00:40.368+0000] {dag.py:3239} INFO - Sync 1 DAGs
[2026-07-09T17:00:40.376+0000] {logging_mixin.py:190} INFO - [2026-07-09T17:00:40.376+0000] {dag.py:4180} INFO - Setting next_dagrun for dag_extract_dvizhenie to 2026-07-09 14:00:00+00:00, run_after=2026-07-09 16:00:00+00:00
[2026-07-09T17:00:40.381+0000] {processor.py:208} INFO - Processing /opt/airflow/dags/dag_extract_dvizhenie.py took 0.030 seconds
[2026-07-09T17:01:10.806+0000] {processor.py:186} INFO - Started process (PID=8378) to work on /opt/airflow/dags/dag_extract_dvizhenie.py
[2026-07-09T17:01:10.806+0000] {processor.py:914} INFO - Processing file /opt/airflow/dags/dag_extract_dvizhenie.py for tasks to queue
[2026-07-09T17:01:10.807+0000] {logging_mixin.py:190} INFO - [2026-07-09T17:01:10.807+0000] {dagbag.py:588} INFO - Filling up the DagBag from /opt/airflow/dags/dag_extract_dvizhenie.py
[2026-07-09T17:01:10.811+0000] {processor.py:925} INFO - DAG(s) 'dag_extract_dvizhenie' retrieved from /opt/airflow/dags/dag_extract_dvizhenie.py
[2026-07-09T17:01:10.821+0000] {logging_mixin.py:190} INFO - [2026-07-09T17:01:10.821+0000] {dag.py:3239} INFO - Sync 1 DAGs
[2026-07-09T17:01:10.829+0000] {logging_mixin.py:190} INFO - [2026-07-09T17:01:10.829+0000] {dag.py:4180} INFO - Setting next_dagrun for dag_extract_dvizhenie to 2026-07-09 14:00:00+00:00, run_after=2026-07-09 16:00:00+00:00
[2026-07-09T17:01:10.834+0000] {processor.py:208} INFO - Processing /opt/airflow/dags/dag_extract_dvizhenie.py took 0.032 seconds
[2026-07-09T17:01:41.181+0000] {processor.py:186} INFO - Started process (PID=8396) to work on /opt/airflow/dags/dag_extract_dvizhenie.py
[2026-07-09T17:01:41.181+0000] {processor.py:914} INFO - Processing file /opt/airflow/dags/dag_extract_dvizhenie.py for tasks to queue
[2026-07-09T17:01:41.182+0000] {logging_mixin.py:190} INFO - [2026-07-09T17:01:41.182+0000] {dagbag.py:588} INFO - Filling up the DagBag from /opt/airflow/dags/dag_extract_dvizhenie.py
[2026-07-09T17:01:41.187+0000] {processor.py:925} INFO - DAG(s) 'dag_extract_dvizhenie' retrieved from /opt/airflow/dags/dag_extract_dvizhenie.py
[2026-07-09T17:01:41.201+0000] {logging_mixin.py:190} INFO - [2026-07-09T17:01:41.201+0000] {dag.py:3239} INFO - Sync 1 DAGs
[2026-07-09T17:01:41.212+0000] {logging_mixin.py:190} INFO - [2026-07-09T17:01:41.212+0000] {dag.py:4180} INFO - Setting next_dagrun for dag_extract_dvizhenie to 2026-07-09 14:00:00+00:00, run_after=2026-07-09 16:00:00+00:00
[2026-07-09T17:01:41.220+0000] {processor.py:208} INFO - Processing /opt/airflow/dags/dag_extract_dvizhenie.py took 0.043 seconds
[2026-07-09T17:02:11.634+0000] {processor.py:186} INFO - Started process (PID=8418) to work on /opt/airflow/dags/dag_extract_dvizhenie.py
[2026-07-09T17:02:11.634+0000] {processor.py:914} INFO - Processing file /opt/airflow/dags/dag_extract_dvizhenie.py for tasks to queue
[2026-07-09T17:02:11.635+0000] {logging_mixin.py:190} INFO - [2026-07-09T17:02:11.635+0000] {dagbag.py:588} INFO - Filling up the DagBag from /opt/airflow/dags/dag_extract_dvizhenie.py
[2026-07-09T17:02:11.640+0000] {processor.py:925} INFO - DAG(s) 'dag_extract_dvizhenie' retrieved from /opt/airflow/dags/dag_extract_dvizhenie.py
[2026-07-09T17:02:11.650+0000] {logging_mixin.py:190} INFO - [2026-07-09T17:02:11.650+0000] {dag.py:3239} INFO - Sync 1 DAGs
[2026-07-09T17:02:11.657+0000] {logging_mixin.py:190} INFO - [2026-07-09T17:02:11.657+0000] {dag.py:4180} INFO - Setting next_dagrun for dag_extract_dvizhenie to 2026-07-09 14:00:00+00:00, run_after=2026-07-09 16:00:00+00:00
[2026-07-09T17:02:11.662+0000] {processor.py:208} INFO - Processing /opt/airflow/dags/dag_extract_dvizhenie.py took 0.031 seconds
[2026-07-09T17:02:42.084+0000] {processor.py:186} INFO - Started process (PID=8438) to work on /opt/airflow/dags/dag_extract_dvizhenie.py
[2026-07-09T17:02:42.084+0000] {processor.py:914} INFO - Processing file /opt/airflow/dags/dag_extract_dvizhenie.py for tasks to queue
[2026-07-09T17:02:42.085+0000] {logging_mixin.py:190} INFO - [2026-07-09T17:02:42.085+0000] {dagbag.py:588} INFO - Filling up the DagBag from /opt/airflow/dags/dag_extract_dvizhenie.py
[2026-07-09T17:02:42.089+0000] {processor.py:925} INFO - DAG(s) 'dag_extract_dvizhenie' retrieved from /opt/airflow/dags/dag_extract_dvizhenie.py
[2026-07-09T17:02:42.099+0000] {logging_mixin.py:190} INFO - [2026-07-09T17:02:42.099+0000] {dag.py:3239} INFO - Sync 1 DAGs
[2026-07-09T17:02:42.106+0000] {logging_mixin.py:190} INFO - [2026-07-09T17:02:42.106+0000] {dag.py:4180} INFO - Setting next_dagrun for dag_extract_dvizhenie to 2026-07-09 14:00:00+00:00, run_after=2026-07-09 16:00:00+00:00
[2026-07-09T17:02:42.110+0000] {processor.py:208} INFO - Processing /opt/airflow/dags/dag_extract_dvizhenie.py took 0.029 seconds
[2026-07-09T17:03:12.505+0000] {processor.py:186} INFO - Started process (PID=8458) to work on /opt/airflow/dags/dag_extract_dvizhenie.py
[2026-07-09T17:03:12.505+0000] {processor.py:914} INFO - Processing file /opt/airflow/dags/dag_extract_dvizhenie.py for tasks to queue
[2026-07-09T17:03:12.506+0000] {logging_mixin.py:190} INFO - [2026-07-09T17:03:12.506+0000] {dagbag.py:588} INFO - Filling up the DagBag from /opt/airflow/dags/dag_extract_dvizhenie.py
[2026-07-09T17:03:12.512+0000] {processor.py:925} INFO - DAG(s) 'dag_extract_dvizhenie' retrieved from /opt/airflow/dags/dag_extract_dvizhenie.py
[2026-07-09T17:03:12.524+0000] {logging_mixin.py:190} INFO - [2026-07-09T17:03:12.524+0000] {dag.py:3239} INFO - Sync 1 DAGs
[2026-07-09T17:03:12.534+0000] {logging_mixin.py:190} INFO - [2026-07-09T17:03:12.533+0000] {dag.py:4180} INFO - Setting next_dagrun for dag_extract_dvizhenie to 2026-07-09 14:00:00+00:00, run_after=2026-07-09 16:00:00+00:00
[2026-07-09T17:03:12.540+0000] {processor.py:208} INFO - Processing /opt/airflow/dags/dag_extract_dvizhenie.py took 0.038 seconds
[2026-07-09T17:03:42.983+0000] {processor.py:186} INFO - Started process (PID=8478) to work on /opt/airflow/dags/dag_extract_dvizhenie.py
[2026-07-09T17:03:42.984+0000] {processor.py:914} INFO - Processing file /opt/airflow/dags/dag_extract_dvizhenie.py for tasks to queue
[2026-07-09T17:03:42.985+0000] {logging_mixin.py:190} INFO - [2026-07-09T17:03:42.985+0000] {dagbag.py:588} INFO - Filling up the DagBag from /opt/airflow/dags/dag_extract_dvizhenie.py
[2026-07-09T17:03:42.989+0000] {processor.py:925} INFO - DAG(s) 'dag_extract_dvizhenie' retrieved from /opt/airflow/dags/dag_extract_dvizhenie.py
[2026-07-09T17:03:42.999+0000] {logging_mixin.py:190} INFO - [2026-07-09T17:03:42.999+0000] {dag.py:3239} INFO - Sync 1 DAGs
[2026-07-09T17:03:43.006+0000] {logging_mixin.py:190} INFO - [2026-07-09T17:03:43.006+0000] {dag.py:4180} INFO - Setting next_dagrun for dag_extract_dvizhenie to 2026-07-09 14:00:00+00:00, run_after=2026-07-09 16:00:00+00:00
[2026-07-09T17:03:43.012+0000] {processor.py:208} INFO - Processing /opt/airflow/dags/dag_extract_dvizhenie.py took 0.031 seconds
[2026-07-09T17:04:13.514+0000] {processor.py:186} INFO - Started process (PID=8498) to work on /opt/airflow/dags/dag_extract_dvizhenie.py
[2026-07-09T17:04:13.514+0000] {processor.py:914} INFO - Processing file /opt/airflow/dags/dag_extract_dvizhenie.py for tasks to queue
[2026-07-09T17:04:13.516+0000] {logging_mixin.py:190} INFO - [2026-07-09T17:04:13.516+0000] {dagbag.py:588} INFO - Filling up the DagBag from /opt/airflow/dags/dag_extract_dvizhenie.py
[2026-07-09T17:04:13.524+0000] {processor.py:925} INFO - DAG(s) 'dag_extract_dvizhenie' retrieved from /opt/airflow/dags/dag_extract_dvizhenie.py
[2026-07-09T17:04:13.541+0000] {logging_mixin.py:190} INFO - [2026-07-09T17:04:13.541+0000] {dag.py:3239} INFO - Sync 1 DAGs
[2026-07-09T17:04:13.552+0000] {logging_mixin.py:190} INFO - [2026-07-09T17:04:13.551+0000] {dag.py:4180} INFO - Setting next_dagrun for dag_extract_dvizhenie to 2026-07-09 14:00:00+00:00, run_after=2026-07-09 16:00:00+00:00
[2026-07-09T17:04:13.558+0000] {processor.py:208} INFO - Processing /opt/airflow/dags/dag_extract_dvizhenie.py took 0.048 seconds
[2026-07-09T17:04:43.959+0000] {processor.py:186} INFO - Started process (PID=8518) to work on /opt/airflow/dags/dag_extract_dvizhenie.py
[2026-07-09T17:04:43.959+0000] {processor.py:914} INFO - Processing file /opt/airflow/dags/dag_extract_dvizhenie.py for tasks to queue
[2026-07-09T17:04:43.961+0000] {logging_mixin.py:190} INFO - [2026-07-09T17:04:43.960+0000] {dagbag.py:588} INFO - Filling up the DagBag from /opt/airflow/dags/dag_extract_dvizhenie.py
[2026-07-09T17:04:43.966+0000] {processor.py:925} INFO - DAG(s) 'dag_extract_dvizhenie' retrieved from /opt/airflow/dags/dag_extract_dvizhenie.py
[2026-07-09T17:04:43.978+0000] {logging_mixin.py:190} INFO - [2026-07-09T17:04:43.978+0000] {dag.py:3239} INFO - Sync 1 DAGs
[2026-07-09T17:04:43.987+0000] {logging_mixin.py:190} INFO - [2026-07-09T17:04:43.987+0000] {dag.py:4180} INFO - Setting next_dagrun for dag_extract_dvizhenie to 2026-07-09 14:00:00+00:00, run_after=2026-07-09 16:00:00+00:00
[2026-07-09T17:04:43.992+0000] {processor.py:208} INFO - Processing /opt/airflow/dags/dag_extract_dvizhenie.py took 0.037 seconds
[2026-07-09T17:05:14.443+0000] {processor.py:186} INFO - Started process (PID=8538) to work on /opt/airflow/dags/dag_extract_dvizhenie.py
[2026-07-09T17:05:14.443+0000] {processor.py:914} INFO - Processing file /opt/airflow/dags/dag_extract_dvizhenie.py for tasks to queue
[2026-07-09T17:05:14.444+0000] {logging_mixin.py:190} INFO - [2026-07-09T17:05:14.444+0000] {dagbag.py:588} INFO - Filling up the DagBag from /opt/airflow/dags/dag_extract_dvizhenie.py
[2026-07-09T17:05:14.449+0000] {processor.py:925} INFO - DAG(s) 'dag_extract_dvizhenie' retrieved from /opt/airflow/dags/dag_extract_dvizhenie.py
[2026-07-09T17:05:14.459+0000] {logging_mixin.py:190} INFO - [2026-07-09T17:05:14.459+0000] {dag.py:3239} INFO - Sync 1 DAGs
[2026-07-09T17:05:14.466+0000] {logging_mixin.py:190} INFO - [2026-07-09T17:05:14.466+0000] {dag.py:4180} INFO - Setting next_dagrun for dag_extract_dvizhenie to 2026-07-09 14:00:00+00:00, run_after=2026-07-09 16:00:00+00:00
[2026-07-09T17:05:14.471+0000] {processor.py:208} INFO - Processing /opt/airflow/dags/dag_extract_dvizhenie.py took 0.031 seconds
[2026-07-09T17:05:44.862+0000] {processor.py:186} INFO - Started process (PID=8558) to work on /opt/airflow/dags/dag_extract_dvizhenie.py
[2026-07-09T17:05:44.863+0000] {processor.py:914} INFO - Processing file /opt/airflow/dags/dag_extract_dvizhenie.py for tasks to queue
[2026-07-09T17:05:44.864+0000] {logging_mixin.py:190} INFO - [2026-07-09T17:05:44.863+0000] {dagbag.py:588} INFO - Filling up the DagBag from /opt/airflow/dags/dag_extract_dvizhenie.py
[2026-07-09T17:05:44.868+0000] {processor.py:925} INFO - DAG(s) 'dag_extract_dvizhenie' retrieved from /opt/airflow/dags/dag_extract_dvizhenie.py
[2026-07-09T17:05:44.878+0000] {logging_mixin.py:190} INFO - [2026-07-09T17:05:44.878+0000] {dag.py:3239} INFO - Sync 1 DAGs
[2026-07-09T17:05:44.886+0000] {logging_mixin.py:190} INFO - [2026-07-09T17:05:44.885+0000] {dag.py:4180} INFO - Setting next_dagrun for dag_extract_dvizhenie to 2026-07-09 14:00:00+00:00, run_after=2026-07-09 16:00:00+00:00
[2026-07-09T17:05:44.890+0000] {processor.py:208} INFO - Processing /opt/airflow/dags/dag_extract_dvizhenie.py took 0.031 seconds
[2026-07-09T17:06:15.290+0000] {processor.py:186} INFO - Started process (PID=8578) to work on /opt/airflow/dags/dag_extract_dvizhenie.py
[2026-07-09T17:06:15.290+0000] {processor.py:914} INFO - Processing file /opt/airflow/dags/dag_extract_dvizhenie.py for tasks to queue
[2026-07-09T17:06:15.291+0000] {logging_mixin.py:190} INFO - [2026-07-09T17:06:15.291+0000] {dagbag.py:588} INFO - Filling up the DagBag from /opt/airflow/dags/dag_extract_dvizhenie.py
[2026-07-09T17:06:15.296+0000] {processor.py:925} INFO - DAG(s) 'dag_extract_dvizhenie' retrieved from /opt/airflow/dags/dag_extract_dvizhenie.py
[2026-07-09T17:06:15.306+0000] {logging_mixin.py:190} INFO - [2026-07-09T17:06:15.306+0000] {dag.py:3239} INFO - Sync 1 DAGs
[2026-07-09T17:06:15.313+0000] {logging_mixin.py:190} INFO - [2026-07-09T17:06:15.313+0000] {dag.py:4180} INFO - Setting next_dagrun for dag_extract_dvizhenie to 2026-07-09 14:00:00+00:00, run_after=2026-07-09 16:00:00+00:00
[2026-07-09T17:06:15.318+0000] {processor.py:208} INFO - Processing /opt/airflow/dags/dag_extract_dvizhenie.py took 0.030 seconds
[2026-07-09T17:06:45.737+0000] {processor.py:186} INFO - Started process (PID=8597) to work on /opt/airflow/dags/dag_extract_dvizhenie.py
[2026-07-09T17:06:45.738+0000] {processor.py:914} INFO - Processing file /opt/airflow/dags/dag_extract_dvizhenie.py for tasks to queue
[2026-07-09T17:06:45.739+0000] {logging_mixin.py:190} INFO - [2026-07-09T17:06:45.739+0000] {dagbag.py:588} INFO - Filling up the DagBag from /opt/airflow/dags/dag_extract_dvizhenie.py
[2026-07-09T17:06:45.744+0000] {processor.py:925} INFO - DAG(s) 'dag_extract_dvizhenie' retrieved from /opt/airflow/dags/dag_extract_dvizhenie.py
[2026-07-09T17:06:45.759+0000] {logging_mixin.py:190} INFO - [2026-07-09T17:06:45.758+0000] {dag.py:3239} INFO - Sync 1 DAGs
[2026-07-09T17:06:45.767+0000] {logging_mixin.py:190} INFO - [2026-07-09T17:06:45.767+0000] {dag.py:4180} INFO - Setting next_dagrun for dag_extract_dvizhenie to 2026-07-09 14:00:00+00:00, run_after=2026-07-09 16:00:00+00:00
[2026-07-09T17:06:45.775+0000] {processor.py:208} INFO - Processing /opt/airflow/dags/dag_extract_dvizhenie.py took 0.040 seconds
[2026-07-09T17:07:16.250+0000] {processor.py:186} INFO - Started process (PID=8618) to work on /opt/airflow/dags/dag_extract_dvizhenie.py
[2026-07-09T17:07:16.250+0000] {processor.py:914} INFO - Processing file /opt/airflow/dags/dag_extract_dvizhenie.py for tasks to queue
[2026-07-09T17:07:16.251+0000] {logging_mixin.py:190} INFO - [2026-07-09T17:07:16.251+0000] {dagbag.py:588} INFO - Filling up the DagBag from /opt/airflow/dags/dag_extract_dvizhenie.py
[2026-07-09T17:07:16.256+0000] {processor.py:925} INFO - DAG(s) 'dag_extract_dvizhenie' retrieved from /opt/airflow/dags/dag_extract_dvizhenie.py
[2026-07-09T17:07:16.266+0000] {logging_mixin.py:190} INFO - [2026-07-09T17:07:16.266+0000] {dag.py:3239} INFO - Sync 1 DAGs
[2026-07-09T17:07:16.273+0000] {logging_mixin.py:190} INFO - [2026-07-09T17:07:16.273+0000] {dag.py:4180} INFO - Setting next_dagrun for dag_extract_dvizhenie to 2026-07-09 14:00:00+00:00, run_after=2026-07-09 16:00:00+00:00
[2026-07-09T17:07:16.278+0000] {processor.py:208} INFO - Processing /opt/airflow/dags/dag_extract_dvizhenie.py took 0.031 seconds
[2026-07-09T17:07:46.703+0000] {processor.py:186} INFO - Started process (PID=8638) to work on /opt/airflow/dags/dag_extract_dvizhenie.py
[2026-07-09T17:07:46.705+0000] {processor.py:914} INFO - Processing file /opt/airflow/dags/dag_extract_dvizhenie.py for tasks to queue
[2026-07-09T17:07:46.706+0000] {logging_mixin.py:190} INFO - [2026-07-09T17:07:46.706+0000] {dagbag.py:588} INFO - Filling up the DagBag from /opt/airflow/dags/dag_extract_dvizhenie.py
[2026-07-09T17:07:46.711+0000] {processor.py:925} INFO - DAG(s) 'dag_extract_dvizhenie' retrieved from /opt/airflow/dags/dag_extract_dvizhenie.py
[2026-07-09T17:07:46.725+0000] {logging_mixin.py:190} INFO - [2026-07-09T17:07:46.725+0000] {dag.py:3239} INFO - Sync 1 DAGs
[2026-07-09T17:07:46.734+0000] {logging_mixin.py:190} INFO - [2026-07-09T17:07:46.733+0000] {dag.py:4180} INFO - Setting next_dagrun for dag_extract_dvizhenie to 2026-07-09 14:00:00+00:00, run_after=2026-07-09 16:00:00+00:00
[2026-07-09T17:07:46.740+0000] {processor.py:208} INFO - Processing /opt/airflow/dags/dag_extract_dvizhenie.py took 0.040 seconds
[2026-07-09T17:08:17.172+0000] {processor.py:186} INFO - Started process (PID=8658) to work on /opt/airflow/dags/dag_extract_dvizhenie.py
[2026-07-09T17:08:17.173+0000] {processor.py:914} INFO - Processing file /opt/airflow/dags/dag_extract_dvizhenie.py for tasks to queue
[2026-07-09T17:08:17.174+0000] {logging_mixin.py:190} INFO - [2026-07-09T17:08:17.174+0000] {dagbag.py:588} INFO - Filling up the DagBag from /opt/airflow/dags/dag_extract_dvizhenie.py
[2026-07-09T17:08:17.179+0000] {processor.py:925} INFO - DAG(s) 'dag_extract_dvizhenie' retrieved from /opt/airflow/dags/dag_extract_dvizhenie.py
[2026-07-09T17:08:17.190+0000] {logging_mixin.py:190} INFO - [2026-07-09T17:08:17.190+0000] {dag.py:3239} INFO - Sync 1 DAGs
[2026-07-09T17:08:17.198+0000] {logging_mixin.py:190} INFO - [2026-07-09T17:08:17.198+0000] {dag.py:4180} INFO - Setting next_dagrun for dag_extract_dvizhenie to 2026-07-09 14:00:00+00:00, run_after=2026-07-09 16:00:00+00:00
[2026-07-09T17:08:17.204+0000] {processor.py:208} INFO - Processing /opt/airflow/dags/dag_extract_dvizhenie.py took 0.034 seconds
[2026-07-09T17:08:47.638+0000] {processor.py:186} INFO - Started process (PID=8678) to work on /opt/airflow/dags/dag_extract_dvizhenie.py
[2026-07-09T17:08:47.638+0000] {processor.py:914} INFO - Processing file /opt/airflow/dags/dag_extract_dvizhenie.py for tasks to queue
[2026-07-09T17:08:47.639+0000] {logging_mixin.py:190} INFO - [2026-07-09T17:08:47.639+0000] {dagbag.py:588} INFO - Filling up the DagBag from /opt/airflow/dags/dag_extract_dvizhenie.py
[2026-07-09T17:08:47.644+0000] {processor.py:925} INFO - DAG(s) 'dag_extract_dvizhenie' retrieved from /opt/airflow/dags/dag_extract_dvizhenie.py
[2026-07-09T17:08:47.654+0000] {logging_mixin.py:190} INFO - [2026-07-09T17:08:47.654+0000] {dag.py:3239} INFO - Sync 1 DAGs
[2026-07-09T17:08:47.661+0000] {logging_mixin.py:190} INFO - [2026-07-09T17:08:47.661+0000] {dag.py:4180} INFO - Setting next_dagrun for dag_extract_dvizhenie to 2026-07-09 14:00:00+00:00, run_after=2026-07-09 16:00:00+00:00
[2026-07-09T17:08:47.665+0000] {processor.py:208} INFO - Processing /opt/airflow/dags/dag_extract_dvizhenie.py took 0.030 seconds
[2026-07-09T17:09:18.100+0000] {processor.py:186} INFO - Started process (PID=8698) to work on /opt/airflow/dags/dag_extract_dvizhenie.py
[2026-07-09T17:09:18.100+0000] {processor.py:914} INFO - Processing file /opt/airflow/dags/dag_extract_dvizhenie.py for tasks to queue
[2026-07-09T17:09:18.101+0000] {logging_mixin.py:190} INFO - [2026-07-09T17:09:18.101+0000] {dagbag.py:588} INFO - Filling up the DagBag from /opt/airflow/dags/dag_extract_dvizhenie.py
[2026-07-09T17:09:18.106+0000] {processor.py:925} INFO - DAG(s) 'dag_extract_dvizhenie' retrieved from /opt/airflow/dags/dag_extract_dvizhenie.py
[2026-07-09T17:09:18.116+0000] {logging_mixin.py:190} INFO - [2026-07-09T17:09:18.116+0000] {dag.py:3239} INFO - Sync 1 DAGs
[2026-07-09T17:09:18.123+0000] {logging_mixin.py:190} INFO - [2026-07-09T17:09:18.123+0000] {dag.py:4180} INFO - Setting next_dagrun for dag_extract_dvizhenie to 2026-07-09 14:00:00+00:00, run_after=2026-07-09 16:00:00+00:00
[2026-07-09T17:09:18.127+0000] {processor.py:208} INFO - Processing /opt/airflow/dags/dag_extract_dvizhenie.py took 0.030 seconds
[2026-07-09T17:09:48.534+0000] {processor.py:186} INFO - Started process (PID=8718) to work on /opt/airflow/dags/dag_extract_dvizhenie.py
[2026-07-09T17:09:48.534+0000] {processor.py:914} INFO - Processing file /opt/airflow/dags/dag_extract_dvizhenie.py for tasks to queue
[2026-07-09T17:09:48.535+0000] {logging_mixin.py:190} INFO - [2026-07-09T17:09:48.535+0000] {dagbag.py:588} INFO - Filling up the DagBag from /opt/airflow/dags/dag_extract_dvizhenie.py
[2026-07-09T17:09:48.540+0000] {processor.py:925} INFO - DAG(s) 'dag_extract_dvizhenie' retrieved from /opt/airflow/dags/dag_extract_dvizhenie.py
[2026-07-09T17:09:48.549+0000] {logging_mixin.py:190} INFO - [2026-07-09T17:09:48.549+0000] {dag.py:3239} INFO - Sync 1 DAGs
[2026-07-09T17:09:48.557+0000] {logging_mixin.py:190} INFO - [2026-07-09T17:09:48.557+0000] {dag.py:4180} INFO - Setting next_dagrun for dag_extract_dvizhenie to 2026-07-09 14:00:00+00:00, run_after=2026-07-09 16:00:00+00:00
[2026-07-09T17:09:48.562+0000] {processor.py:208} INFO - Processing /opt/airflow/dags/dag_extract_dvizhenie.py took 0.030 seconds
[2026-07-09T17:10:19.003+0000] {processor.py:186} INFO - Started process (PID=8738) to work on /opt/airflow/dags/dag_extract_dvizhenie.py
[2026-07-09T17:10:19.003+0000] {processor.py:914} INFO - Processing file /opt/airflow/dags/dag_extract_dvizhenie.py for tasks to queue
[2026-07-09T17:10:19.004+0000] {logging_mixin.py:190} INFO - [2026-07-09T17:10:19.004+0000] {dagbag.py:588} INFO - Filling up the DagBag from /opt/airflow/dags/dag_extract_dvizhenie.py
[2026-07-09T17:10:19.008+0000] {processor.py:925} INFO - DAG(s) 'dag_extract_dvizhenie' retrieved from /opt/airflow/dags/dag_extract_dvizhenie.py
[2026-07-09T17:10:19.019+0000] {logging_mixin.py:190} INFO - [2026-07-09T17:10:19.018+0000] {dag.py:3239} INFO - Sync 1 DAGs
[2026-07-09T17:10:19.026+0000] {logging_mixin.py:190} INFO - [2026-07-09T17:10:19.026+0000] {dag.py:4180} INFO - Setting next_dagrun for dag_extract_dvizhenie to 2026-07-09 14:00:00+00:00, run_after=2026-07-09 16:00:00+00:00
[2026-07-09T17:10:19.031+0000] {processor.py:208} INFO - Processing /opt/airflow/dags/dag_extract_dvizhenie.py took 0.031 seconds
[2026-07-09T17:10:49.512+0000] {processor.py:186} INFO - Started process (PID=8758) to work on /opt/airflow/dags/dag_extract_dvizhenie.py
[2026-07-09T17:10:49.513+0000] {processor.py:914} INFO - Processing file /opt/airflow/dags/dag_extract_dvizhenie.py for tasks to queue
[2026-07-09T17:10:49.515+0000] {logging_mixin.py:190} INFO - [2026-07-09T17:10:49.514+0000] {dagbag.py:588} INFO - Filling up the DagBag from /opt/airflow/dags/dag_extract_dvizhenie.py
[2026-07-09T17:10:49.520+0000] {processor.py:925} INFO - DAG(s) 'dag_extract_dvizhenie' retrieved from /opt/airflow/dags/dag_extract_dvizhenie.py
[2026-07-09T17:10:49.532+0000] {logging_mixin.py:190} INFO - [2026-07-09T17:10:49.532+0000] {dag.py:3239} INFO - Sync 1 DAGs
[2026-07-09T17:10:49.541+0000] {logging_mixin.py:190} INFO - [2026-07-09T17:10:49.540+0000] {dag.py:4180} INFO - Setting next_dagrun for dag_extract_dvizhenie to 2026-07-09 14:00:00+00:00, run_after=2026-07-09 16:00:00+00:00
[2026-07-09T17:10:49.546+0000] {processor.py:208} INFO - Processing /opt/airflow/dags/dag_extract_dvizhenie.py took 0.037 seconds
[2026-07-09T17:11:20.000+0000] {processor.py:186} INFO - Started process (PID=8778) to work on /opt/airflow/dags/dag_extract_dvizhenie.py
[2026-07-09T17:11:20.001+0000] {processor.py:914} INFO - Processing file /opt/airflow/dags/dag_extract_dvizhenie.py for tasks to queue
[2026-07-09T17:11:20.001+0000] {logging_mixin.py:190} INFO - [2026-07-09T17:11:20.001+0000] {dagbag.py:588} INFO - Filling up the DagBag from /opt/airflow/dags/dag_extract_dvizhenie.py
[2026-07-09T17:11:20.006+0000] {processor.py:925} INFO - DAG(s) 'dag_extract_dvizhenie' retrieved from /opt/airflow/dags/dag_extract_dvizhenie.py
[2026-07-09T17:11:20.016+0000] {logging_mixin.py:190} INFO - [2026-07-09T17:11:20.015+0000] {dag.py:3239} INFO - Sync 1 DAGs
[2026-07-09T17:11:20.023+0000] {logging_mixin.py:190} INFO - [2026-07-09T17:11:20.023+0000] {dag.py:4180} INFO - Setting next_dagrun for dag_extract_dvizhenie to 2026-07-09 14:00:00+00:00, run_after=2026-07-09 16:00:00+00:00
[2026-07-09T17:11:20.028+0000] {processor.py:208} INFO - Processing /opt/airflow/dags/dag_extract_dvizhenie.py took 0.030 seconds
[2026-07-09T17:11:50.474+0000] {processor.py:186} INFO - Started process (PID=8796) to work on /opt/airflow/dags/dag_extract_dvizhenie.py
[2026-07-09T17:11:50.475+0000] {processor.py:914} INFO - Processing file /opt/airflow/dags/dag_extract_dvizhenie.py for tasks to queue
[2026-07-09T17:11:50.477+0000] {logging_mixin.py:190} INFO - [2026-07-09T17:11:50.476+0000] {dagbag.py:588} INFO - Filling up the DagBag from /opt/airflow/dags/dag_extract_dvizhenie.py
[2026-07-09T17:11:50.483+0000] {processor.py:925} INFO - DAG(s) 'dag_extract_dvizhenie' retrieved from /opt/airflow/dags/dag_extract_dvizhenie.py
[2026-07-09T17:11:50.497+0000] {logging_mixin.py:190} INFO - [2026-07-09T17:11:50.497+0000] {dag.py:3239} INFO - Sync 1 DAGs
[2026-07-09T17:11:50.505+0000] {logging_mixin.py:190} INFO - [2026-07-09T17:11:50.505+0000] {dag.py:4180} INFO - Setting next_dagrun for dag_extract_dvizhenie to 2026-07-09 14:00:00+00:00, run_after=2026-07-09 16:00:00+00:00
[2026-07-09T17:11:50.512+0000] {processor.py:208} INFO - Processing /opt/airflow/dags/dag_extract_dvizhenie.py took 0.041 seconds
[2026-07-09T17:12:20.960+0000] {processor.py:186} INFO - Started process (PID=8818) to work on /opt/airflow/dags/dag_extract_dvizhenie.py
[2026-07-09T17:12:20.960+0000] {processor.py:914} INFO - Processing file /opt/airflow/dags/dag_extract_dvizhenie.py for tasks to queue
[2026-07-09T17:12:20.961+0000] {logging_mixin.py:190} INFO - [2026-07-09T17:12:20.961+0000] {dagbag.py:588} INFO - Filling up the DagBag from /opt/airflow/dags/dag_extract_dvizhenie.py
[2026-07-09T17:12:20.966+0000] {processor.py:925} INFO - DAG(s) 'dag_extract_dvizhenie' retrieved from /opt/airflow/dags/dag_extract_dvizhenie.py
[2026-07-09T17:12:20.976+0000] {logging_mixin.py:190} INFO - [2026-07-09T17:12:20.976+0000] {dag.py:3239} INFO - Sync 1 DAGs
[2026-07-09T17:12:20.983+0000] {logging_mixin.py:190} INFO - [2026-07-09T17:12:20.983+0000] {dag.py:4180} INFO - Setting next_dagrun for dag_extract_dvizhenie to 2026-07-09 14:00:00+00:00, run_after=2026-07-09 16:00:00+00:00
[2026-07-09T17:12:20.988+0000] {processor.py:208} INFO - Processing /opt/airflow/dags/dag_extract_dvizhenie.py took 0.031 seconds
[2026-07-09T17:12:51.461+0000] {processor.py:186} INFO - Started process (PID=8838) to work on /opt/airflow/dags/dag_extract_dvizhenie.py
[2026-07-09T17:12:51.462+0000] {processor.py:914} INFO - Processing file /opt/airflow/dags/dag_extract_dvizhenie.py for tasks to queue
[2026-07-09T17:12:51.463+0000] {logging_mixin.py:190} INFO - [2026-07-09T17:12:51.463+0000] {dagbag.py:588} INFO - Filling up the DagBag from /opt/airflow/dags/dag_extract_dvizhenie.py
[2026-07-09T17:12:51.467+0000] {processor.py:925} INFO - DAG(s) 'dag_extract_dvizhenie' retrieved from /opt/airflow/dags/dag_extract_dvizhenie.py
[2026-07-09T17:12:51.477+0000] {logging_mixin.py:190} INFO - [2026-07-09T17:12:51.477+0000] {dag.py:3239} INFO - Sync 1 DAGs
[2026-07-09T17:12:51.484+0000] {logging_mixin.py:190} INFO - [2026-07-09T17:12:51.484+0000] {dag.py:4180} INFO - Setting next_dagrun for dag_extract_dvizhenie to 2026-07-09 14:00:00+00:00, run_after=2026-07-09 16:00:00+00:00
[2026-07-09T17:12:51.489+0000] {processor.py:208} INFO - Processing /opt/airflow/dags/dag_extract_dvizhenie.py took 0.030 seconds
[2026-07-09T17:13:21.933+0000] {processor.py:186} INFO - Started process (PID=8858) to work on /opt/airflow/dags/dag_extract_dvizhenie.py
[2026-07-09T17:13:21.933+0000] {processor.py:914} INFO - Processing file /opt/airflow/dags/dag_extract_dvizhenie.py for tasks to queue
[2026-07-09T17:13:21.934+0000] {logging_mixin.py:190} INFO - [2026-07-09T17:13:21.934+0000] {dagbag.py:588} INFO - Filling up the DagBag from /opt/airflow/dags/dag_extract_dvizhenie.py
[2026-07-09T17:13:21.939+0000] {processor.py:925} INFO - DAG(s) 'dag_extract_dvizhenie' retrieved from /opt/airflow/dags/dag_extract_dvizhenie.py
[2026-07-09T17:13:21.949+0000] {logging_mixin.py:190} INFO - [2026-07-09T17:13:21.948+0000] {dag.py:3239} INFO - Sync 1 DAGs
[2026-07-09T17:13:21.956+0000] {logging_mixin.py:190} INFO - [2026-07-09T17:13:21.956+0000] {dag.py:4180} INFO - Setting next_dagrun for dag_extract_dvizhenie to 2026-07-09 14:00:00+00:00, run_after=2026-07-09 16:00:00+00:00
[2026-07-09T17:13:21.960+0000] {processor.py:208} INFO - Processing /opt/airflow/dags/dag_extract_dvizhenie.py took 0.030 seconds
[2026-07-09T17:13:52.486+0000] {processor.py:186} INFO - Started process (PID=8878) to work on /opt/airflow/dags/dag_extract_dvizhenie.py
[2026-07-09T17:13:52.486+0000] {processor.py:914} INFO - Processing file /opt/airflow/dags/dag_extract_dvizhenie.py for tasks to queue
[2026-07-09T17:13:52.487+0000] {logging_mixin.py:190} INFO - [2026-07-09T17:13:52.487+0000] {dagbag.py:588} INFO - Filling up the DagBag from /opt/airflow/dags/dag_extract_dvizhenie.py
[2026-07-09T17:13:52.492+0000] {processor.py:925} INFO - DAG(s) 'dag_extract_dvizhenie' retrieved from /opt/airflow/dags/dag_extract_dvizhenie.py
[2026-07-09T17:13:52.503+0000] {logging_mixin.py:190} INFO - [2026-07-09T17:13:52.502+0000] {dag.py:3239} INFO - Sync 1 DAGs
[2026-07-09T17:13:52.510+0000] {logging_mixin.py:190} INFO - [2026-07-09T17:13:52.510+0000] {dag.py:4180} INFO - Setting next_dagrun for dag_extract_dvizhenie to 2026-07-09 14:00:00+00:00, run_after=2026-07-09 16:00:00+00:00
[2026-07-09T17:13:52.515+0000] {processor.py:208} INFO - Processing /opt/airflow/dags/dag_extract_dvizhenie.py took 0.032 seconds
[2026-07-09T17:14:22.976+0000] {processor.py:186} INFO - Started process (PID=8898) to work on /opt/airflow/dags/dag_extract_dvizhenie.py
[2026-07-09T17:14:22.977+0000] {processor.py:914} INFO - Processing file /opt/airflow/dags/dag_extract_dvizhenie.py for tasks to queue
[2026-07-09T17:14:22.978+0000] {logging_mixin.py:190} INFO - [2026-07-09T17:14:22.978+0000] {dagbag.py:588} INFO - Filling up the DagBag from /opt/airflow/dags/dag_extract_dvizhenie.py
[2026-07-09T17:14:22.982+0000] {processor.py:925} INFO - DAG(s) 'dag_extract_dvizhenie' retrieved from /opt/airflow/dags/dag_extract_dvizhenie.py
[2026-07-09T17:14:22.992+0000] {logging_mixin.py:190} INFO - [2026-07-09T17:14:22.992+0000] {dag.py:3239} INFO - Sync 1 DAGs
[2026-07-09T17:14:22.999+0000] {logging_mixin.py:190} INFO - [2026-07-09T17:14:22.999+0000] {dag.py:4180} INFO - Setting next_dagrun for dag_extract_dvizhenie to 2026-07-09 14:00:00+00:00, run_after=2026-07-09 16:00:00+00:00
[2026-07-09T17:14:23.004+0000] {processor.py:208} INFO - Processing /opt/airflow/dags/dag_extract_dvizhenie.py took 0.031 seconds
[2026-07-09T17:14:53.475+0000] {processor.py:186} INFO - Started process (PID=8918) to work on /opt/airflow/dags/dag_extract_dvizhenie.py
[2026-07-09T17:14:53.475+0000] {processor.py:914} INFO - Processing file /opt/airflow/dags/dag_extract_dvizhenie.py for tasks to queue
[2026-07-09T17:14:53.476+0000] {logging_mixin.py:190} INFO - [2026-07-09T17:14:53.476+0000] {dagbag.py:588} INFO - Filling up the DagBag from /opt/airflow/dags/dag_extract_dvizhenie.py
[2026-07-09T17:14:53.480+0000] {processor.py:925} INFO - DAG(s) 'dag_extract_dvizhenie' retrieved from /opt/airflow/dags/dag_extract_dvizhenie.py
[2026-07-09T17:14:53.490+0000] {logging_mixin.py:190} INFO - [2026-07-09T17:14:53.490+0000] {dag.py:3239} INFO - Sync 1 DAGs
[2026-07-09T17:14:53.497+0000] {logging_mixin.py:190} INFO - [2026-07-09T17:14:53.497+0000] {dag.py:4180} INFO - Setting next_dagrun for dag_extract_dvizhenie to 2026-07-09 14:00:00+00:00, run_after=2026-07-09 16:00:00+00:00
[2026-07-09T17:14:53.502+0000] {processor.py:208} INFO - Processing /opt/airflow/dags/dag_extract_dvizhenie.py took 0.029 seconds
[2026-07-09T17:15:24.047+0000] {processor.py:186} INFO - Started process (PID=8938) to work on /opt/airflow/dags/dag_extract_dvizhenie.py
[2026-07-09T17:15:24.047+0000] {processor.py:914} INFO - Processing file /opt/airflow/dags/dag_extract_dvizhenie.py for tasks to queue
[2026-07-09T17:15:24.048+0000] {logging_mixin.py:190} INFO - [2026-07-09T17:15:24.048+0000] {dagbag.py:588} INFO - Filling up the DagBag from /opt/airflow/dags/dag_extract_dvizhenie.py
[2026-07-09T17:15:24.053+0000] {processor.py:925} INFO - DAG(s) 'dag_extract_dvizhenie' retrieved from /opt/airflow/dags/dag_extract_dvizhenie.py
[2026-07-09T17:15:24.063+0000] {logging_mixin.py:190} INFO - [2026-07-09T17:15:24.063+0000] {dag.py:3239} INFO - Sync 1 DAGs
[2026-07-09T17:15:24.071+0000] {logging_mixin.py:190} INFO - [2026-07-09T17:15:24.070+0000] {dag.py:4180} INFO - Setting next_dagrun for dag_extract_dvizhenie to 2026-07-09 14:00:00+00:00, run_after=2026-07-09 16:00:00+00:00
[2026-07-09T17:15:24.075+0000] {processor.py:208} INFO - Processing /opt/airflow/dags/dag_extract_dvizhenie.py took 0.032 seconds
[2026-07-09T17:15:54.522+0000] {processor.py:186} INFO - Started process (PID=8958) to work on /opt/airflow/dags/dag_extract_dvizhenie.py
[2026-07-09T17:15:54.523+0000] {processor.py:914} INFO - Processing file /opt/airflow/dags/dag_extract_dvizhenie.py for tasks to queue
[2026-07-09T17:15:54.524+0000] {logging_mixin.py:190} INFO - [2026-07-09T17:15:54.524+0000] {dagbag.py:588} INFO - Filling up the DagBag from /opt/airflow/dags/dag_extract_dvizhenie.py
[2026-07-09T17:15:54.528+0000] {processor.py:925} INFO - DAG(s) 'dag_extract_dvizhenie' retrieved from /opt/airflow/dags/dag_extract_dvizhenie.py
[2026-07-09T17:15:54.538+0000] {logging_mixin.py:190} INFO - [2026-07-09T17:15:54.538+0000] {dag.py:3239} INFO - Sync 1 DAGs
[2026-07-09T17:15:54.545+0000] {logging_mixin.py:190} INFO - [2026-07-09T17:15:54.545+0000] {dag.py:4180} INFO - Setting next_dagrun for dag_extract_dvizhenie to 2026-07-09 14:00:00+00:00, run_after=2026-07-09 16:00:00+00:00
[2026-07-09T17:15:54.550+0000] {processor.py:208} INFO - Processing /opt/airflow/dags/dag_extract_dvizhenie.py took 0.030 seconds
[2026-07-09T17:16:25.038+0000] {processor.py:186} INFO - Started process (PID=8978) to work on /opt/airflow/dags/dag_extract_dvizhenie.py
[2026-07-09T17:16:25.038+0000] {processor.py:914} INFO - Processing file /opt/airflow/dags/dag_extract_dvizhenie.py for tasks to queue
[2026-07-09T17:16:25.039+0000] {logging_mixin.py:190} INFO - [2026-07-09T17:16:25.039+0000] {dagbag.py:588} INFO - Filling up the DagBag from /opt/airflow/dags/dag_extract_dvizhenie.py
[2026-07-09T17:16:25.043+0000] {processor.py:925} INFO - DAG(s) 'dag_extract_dvizhenie' retrieved from /opt/airflow/dags/dag_extract_dvizhenie.py
[2026-07-09T17:16:25.053+0000] {logging_mixin.py:190} INFO - [2026-07-09T17:16:25.053+0000] {dag.py:3239} INFO - Sync 1 DAGs
[2026-07-09T17:16:25.060+0000] {logging_mixin.py:190} INFO - [2026-07-09T17:16:25.060+0000] {dag.py:4180} INFO - Setting next_dagrun for dag_extract_dvizhenie to 2026-07-09 14:00:00+00:00, run_after=2026-07-09 16:00:00+00:00
[2026-07-09T17:16:25.065+0000] {processor.py:208} INFO - Processing /opt/airflow/dags/dag_extract_dvizhenie.py took 0.030 seconds
[2026-07-09T17:16:55.509+0000] {processor.py:186} INFO - Started process (PID=8998) to work on /opt/airflow/dags/dag_extract_dvizhenie.py
[2026-07-09T17:16:55.510+0000] {processor.py:914} INFO - Processing file /opt/airflow/dags/dag_extract_dvizhenie.py for tasks to queue
[2026-07-09T17:16:55.511+0000] {logging_mixin.py:190} INFO - [2026-07-09T17:16:55.511+0000] {dagbag.py:588} INFO - Filling up the DagBag from /opt/airflow/dags/dag_extract_dvizhenie.py
[2026-07-09T17:16:55.516+0000] {processor.py:925} INFO - DAG(s) 'dag_extract_dvizhenie' retrieved from /opt/airflow/dags/dag_extract_dvizhenie.py
[2026-07-09T17:16:55.527+0000] {logging_mixin.py:190} INFO - [2026-07-09T17:16:55.527+0000] {dag.py:3239} INFO - Sync 1 DAGs
[2026-07-09T17:16:55.539+0000] {logging_mixin.py:190} INFO - [2026-07-09T17:16:55.539+0000] {dag.py:4180} INFO - Setting next_dagrun for dag_extract_dvizhenie to 2026-07-09 14:00:00+00:00, run_after=2026-07-09 16:00:00+00:00
[2026-07-09T17:16:55.544+0000] {processor.py:208} INFO - Processing /opt/airflow/dags/dag_extract_dvizhenie.py took 0.038 seconds
[2026-07-09T17:17:25.987+0000] {processor.py:186} INFO - Started process (PID=9018) to work on /opt/airflow/dags/dag_extract_dvizhenie.py
[2026-07-09T17:17:25.988+0000] {processor.py:914} INFO - Processing file /opt/airflow/dags/dag_extract_dvizhenie.py for tasks to queue
[2026-07-09T17:17:25.989+0000] {logging_mixin.py:190} INFO - [2026-07-09T17:17:25.988+0000] {dagbag.py:588} INFO - Filling up the DagBag from /opt/airflow/dags/dag_extract_dvizhenie.py
[2026-07-09T17:17:25.993+0000] {processor.py:925} INFO - DAG(s) 'dag_extract_dvizhenie' retrieved from /opt/airflow/dags/dag_extract_dvizhenie.py
[2026-07-09T17:17:26.003+0000] {logging_mixin.py:190} INFO - [2026-07-09T17:17:26.003+0000] {dag.py:3239} INFO - Sync 1 DAGs
[2026-07-09T17:17:26.010+0000] {logging_mixin.py:190} INFO - [2026-07-09T17:17:26.010+0000] {dag.py:4180} INFO - Setting next_dagrun for dag_extract_dvizhenie to 2026-07-09 14:00:00+00:00, run_after=2026-07-09 16:00:00+00:00
[2026-07-09T17:17:26.015+0000] {processor.py:208} INFO - Processing /opt/airflow/dags/dag_extract_dvizhenie.py took 0.030 seconds
[2026-07-09T17:17:56.473+0000] {processor.py:186} INFO - Started process (PID=9037) to work on /opt/airflow/dags/dag_extract_dvizhenie.py
[2026-07-09T17:17:56.475+0000] {processor.py:914} INFO - Processing file /opt/airflow/dags/dag_extract_dvizhenie.py for tasks to queue
[2026-07-09T17:17:56.476+0000] {logging_mixin.py:190} INFO - [2026-07-09T17:17:56.476+0000] {dagbag.py:588} INFO - Filling up the DagBag from /opt/airflow/dags/dag_extract_dvizhenie.py
[2026-07-09T17:17:56.481+0000] {processor.py:925} INFO - DAG(s) 'dag_extract_dvizhenie' retrieved from /opt/airflow/dags/dag_extract_dvizhenie.py
[2026-07-09T17:17:56.494+0000] {logging_mixin.py:190} INFO - [2026-07-09T17:17:56.494+0000] {dag.py:3239} INFO - Sync 1 DAGs
[2026-07-09T17:17:56.502+0000] {logging_mixin.py:190} INFO - [2026-07-09T17:17:56.502+0000] {dag.py:4180} INFO - Setting next_dagrun for dag_extract_dvizhenie to 2026-07-09 14:00:00+00:00, run_after=2026-07-09 16:00:00+00:00
[2026-07-09T17:17:56.508+0000] {processor.py:208} INFO - Processing /opt/airflow/dags/dag_extract_dvizhenie.py took 0.038 seconds
[2026-07-09T17:18:26.978+0000] {processor.py:186} INFO - Started process (PID=9058) to work on /opt/airflow/dags/dag_extract_dvizhenie.py
[2026-07-09T17:18:26.979+0000] {processor.py:914} INFO - Processing file /opt/airflow/dags/dag_extract_dvizhenie.py for tasks to queue
[2026-07-09T17:18:26.980+0000] {logging_mixin.py:190} INFO - [2026-07-09T17:18:26.980+0000] {dagbag.py:588} INFO - Filling up the DagBag from /opt/airflow/dags/dag_extract_dvizhenie.py
[2026-07-09T17:18:26.985+0000] {processor.py:925} INFO - DAG(s) 'dag_extract_dvizhenie' retrieved from /opt/airflow/dags/dag_extract_dvizhenie.py
[2026-07-09T17:18:26.997+0000] {logging_mixin.py:190} INFO - [2026-07-09T17:18:26.997+0000] {dag.py:3239} INFO - Sync 1 DAGs
[2026-07-09T17:18:27.009+0000] {logging_mixin.py:190} INFO - [2026-07-09T17:18:27.009+0000] {dag.py:4180} INFO - Setting next_dagrun for dag_extract_dvizhenie to 2026-07-09 14:00:00+00:00, run_after=2026-07-09 16:00:00+00:00
[2026-07-09T17:18:27.015+0000] {processor.py:208} INFO - Processing /opt/airflow/dags/dag_extract_dvizhenie.py took 0.039 seconds
[2026-07-09T17:18:57.529+0000] {processor.py:186} INFO - Started process (PID=9076) to work on /opt/airflow/dags/dag_extract_dvizhenie.py
[2026-07-09T17:18:57.530+0000] {processor.py:914} INFO - Processing file /opt/airflow/dags/dag_extract_dvizhenie.py for tasks to queue
[2026-07-09T17:18:57.531+0000] {logging_mixin.py:190} INFO - [2026-07-09T17:18:57.531+0000] {dagbag.py:588} INFO - Filling up the DagBag from /opt/airflow/dags/dag_extract_dvizhenie.py
[2026-07-09T17:18:57.536+0000] {processor.py:925} INFO - DAG(s) 'dag_extract_dvizhenie' retrieved from /opt/airflow/dags/dag_extract_dvizhenie.py
[2026-07-09T17:18:57.550+0000] {logging_mixin.py:190} INFO - [2026-07-09T17:18:57.549+0000] {dag.py:3239} INFO - Sync 1 DAGs
[2026-07-09T17:18:57.558+0000] {logging_mixin.py:190} INFO - [2026-07-09T17:18:57.558+0000] {dag.py:4180} INFO - Setting next_dagrun for dag_extract_dvizhenie to 2026-07-09 14:00:00+00:00, run_after=2026-07-09 16:00:00+00:00
[2026-07-09T17:18:57.566+0000] {processor.py:208} INFO - Processing /opt/airflow/dags/dag_extract_dvizhenie.py took 0.039 seconds
[2026-07-09T17:19:28.006+0000] {processor.py:186} INFO - Started process (PID=9098) to work on /opt/airflow/dags/dag_extract_dvizhenie.py
[2026-07-09T17:19:28.008+0000] {processor.py:914} INFO - Processing file /opt/airflow/dags/dag_extract_dvizhenie.py for tasks to queue
[2026-07-09T17:19:28.009+0000] {logging_mixin.py:190} INFO - [2026-07-09T17:19:28.009+0000] {dagbag.py:588} INFO - Filling up the DagBag from /opt/airflow/dags/dag_extract_dvizhenie.py
[2026-07-09T17:19:28.013+0000] {processor.py:925} INFO - DAG(s) 'dag_extract_dvizhenie' retrieved from /opt/airflow/dags/dag_extract_dvizhenie.py
[2026-07-09T17:19:28.023+0000] {logging_mixin.py:190} INFO - [2026-07-09T17:19:28.023+0000] {dag.py:3239} INFO - Sync 1 DAGs
[2026-07-09T17:19:28.030+0000] {logging_mixin.py:190} INFO - [2026-07-09T17:19:28.030+0000] {dag.py:4180} INFO - Setting next_dagrun for dag_extract_dvizhenie to 2026-07-09 14:00:00+00:00, run_after=2026-07-09 16:00:00+00:00
[2026-07-09T17:19:28.035+0000] {processor.py:208} INFO - Processing /opt/airflow/dags/dag_extract_dvizhenie.py took 0.031 seconds
[2026-07-09T17:19:58.522+0000] {processor.py:186} INFO - Started process (PID=9118) to work on /opt/airflow/dags/dag_extract_dvizhenie.py
[2026-07-09T17:19:58.522+0000] {processor.py:914} INFO - Processing file /opt/airflow/dags/dag_extract_dvizhenie.py for tasks to queue
[2026-07-09T17:19:58.523+0000] {logging_mixin.py:190} INFO - [2026-07-09T17:19:58.523+0000] {dagbag.py:588} INFO - Filling up the DagBag from /opt/airflow/dags/dag_extract_dvizhenie.py
[2026-07-09T17:19:58.528+0000] {processor.py:925} INFO - DAG(s) 'dag_extract_dvizhenie' retrieved from /opt/airflow/dags/dag_extract_dvizhenie.py
[2026-07-09T17:19:58.537+0000] {logging_mixin.py:190} INFO - [2026-07-09T17:19:58.537+0000] {dag.py:3239} INFO - Sync 1 DAGs
[2026-07-09T17:19:58.544+0000] {logging_mixin.py:190} INFO - [2026-07-09T17:19:58.544+0000] {dag.py:4180} INFO - Setting next_dagrun for dag_extract_dvizhenie to 2026-07-09 14:00:00+00:00, run_after=2026-07-09 16:00:00+00:00
[2026-07-09T17:19:58.549+0000] {processor.py:208} INFO - Processing /opt/airflow/dags/dag_extract_dvizhenie.py took 0.030 seconds
[2026-07-09T17:20:29.007+0000] {processor.py:186} INFO - Started process (PID=9138) to work on /opt/airflow/dags/dag_extract_dvizhenie.py
[2026-07-09T17:20:29.007+0000] {processor.py:914} INFO - Processing file /opt/airflow/dags/dag_extract_dvizhenie.py for tasks to queue
[2026-07-09T17:20:29.008+0000] {logging_mixin.py:190} INFO - [2026-07-09T17:20:29.008+0000] {dagbag.py:588} INFO - Filling up the DagBag from /opt/airflow/dags/dag_extract_dvizhenie.py
[2026-07-09T17:20:29.012+0000] {processor.py:925} INFO - DAG(s) 'dag_extract_dvizhenie' retrieved from /opt/airflow/dags/dag_extract_dvizhenie.py
[2026-07-09T17:20:29.022+0000] {logging_mixin.py:190} INFO - [2026-07-09T17:20:29.022+0000] {dag.py:3239} INFO - Sync 1 DAGs
[2026-07-09T17:20:29.029+0000] {logging_mixin.py:190} INFO - [2026-07-09T17:20:29.029+0000] {dag.py:4180} INFO - Setting next_dagrun for dag_extract_dvizhenie to 2026-07-09 14:00:00+00:00, run_after=2026-07-09 16:00:00+00:00
[2026-07-09T17:20:29.034+0000] {processor.py:208} INFO - Processing /opt/airflow/dags/dag_extract_dvizhenie.py took 0.029 seconds
[2026-07-09T17:20:59.548+0000] {processor.py:186} INFO - Started process (PID=9158) to work on /opt/airflow/dags/dag_extract_dvizhenie.py
[2026-07-09T17:20:59.548+0000] {processor.py:914} INFO - Processing file /opt/airflow/dags/dag_extract_dvizhenie.py for tasks to queue
[2026-07-09T17:20:59.549+0000] {logging_mixin.py:190} INFO - [2026-07-09T17:20:59.549+0000] {dagbag.py:588} INFO - Filling up the DagBag from /opt/airflow/dags/dag_extract_dvizhenie.py
[2026-07-09T17:20:59.553+0000] {processor.py:925} INFO - DAG(s) 'dag_extract_dvizhenie' retrieved from /opt/airflow/dags/dag_extract_dvizhenie.py
[2026-07-09T17:20:59.562+0000] {logging_mixin.py:190} INFO - [2026-07-09T17:20:59.562+0000] {dag.py:3239} INFO - Sync 1 DAGs
[2026-07-09T17:20:59.569+0000] {logging_mixin.py:190} INFO - [2026-07-09T17:20:59.569+0000] {dag.py:4180} INFO - Setting next_dagrun for dag_extract_dvizhenie to 2026-07-09 14:00:00+00:00, run_after=2026-07-09 16:00:00+00:00
[2026-07-09T17:20:59.574+0000] {processor.py:208} INFO - Processing /opt/airflow/dags/dag_extract_dvizhenie.py took 0.028 seconds
[2026-07-09T17:21:30.025+0000] {processor.py:186} INFO - Started process (PID=9178) to work on /opt/airflow/dags/dag_extract_dvizhenie.py
[2026-07-09T17:21:30.026+0000] {processor.py:914} INFO - Processing file /opt/airflow/dags/dag_extract_dvizhenie.py for tasks to queue
[2026-07-09T17:21:30.027+0000] {logging_mixin.py:190} INFO - [2026-07-09T17:21:30.026+0000] {dagbag.py:588} INFO - Filling up the DagBag from /opt/airflow/dags/dag_extract_dvizhenie.py
[2026-07-09T17:21:30.031+0000] {processor.py:925} INFO - DAG(s) 'dag_extract_dvizhenie' retrieved from /opt/airflow/dags/dag_extract_dvizhenie.py
[2026-07-09T17:21:30.040+0000] {logging_mixin.py:190} INFO - [2026-07-09T17:21:30.040+0000] {dag.py:3239} INFO - Sync 1 DAGs
[2026-07-09T17:21:30.048+0000] {logging_mixin.py:190} INFO - [2026-07-09T17:21:30.048+0000] {dag.py:4180} INFO - Setting next_dagrun for dag_extract_dvizhenie to 2026-07-09 14:00:00+00:00, run_after=2026-07-09 16:00:00+00:00
[2026-07-09T17:21:30.052+0000] {processor.py:208} INFO - Processing /opt/airflow/dags/dag_extract_dvizhenie.py took 0.029 seconds
[2026-07-09T17:22:00.485+0000] {processor.py:186} INFO - Started process (PID=9198) to work on /opt/airflow/dags/dag_extract_dvizhenie.py
[2026-07-09T17:22:00.486+0000] {processor.py:914} INFO - Processing file /opt/airflow/dags/dag_extract_dvizhenie.py for tasks to queue
[2026-07-09T17:22:00.486+0000] {logging_mixin.py:190} INFO - [2026-07-09T17:22:00.486+0000] {dagbag.py:588} INFO - Filling up the DagBag from /opt/airflow/dags/dag_extract_dvizhenie.py
[2026-07-09T17:22:00.491+0000] {processor.py:925} INFO - DAG(s) 'dag_extract_dvizhenie' retrieved from /opt/airflow/dags/dag_extract_dvizhenie.py
[2026-07-09T17:22:00.501+0000] {logging_mixin.py:190} INFO - [2026-07-09T17:22:00.500+0000] {dag.py:3239} INFO - Sync 1 DAGs
[2026-07-09T17:22:00.508+0000] {logging_mixin.py:190} INFO - [2026-07-09T17:22:00.508+0000] {dag.py:4180} INFO - Setting next_dagrun for dag_extract_dvizhenie to 2026-07-09 14:00:00+00:00, run_after=2026-07-09 16:00:00+00:00
[2026-07-09T17:22:00.513+0000] {processor.py:208} INFO - Processing /opt/airflow/dags/dag_extract_dvizhenie.py took 0.030 seconds
[2026-07-09T17:22:30.965+0000] {processor.py:186} INFO - Started process (PID=9218) to work on /opt/airflow/dags/dag_extract_dvizhenie.py
[2026-07-09T17:22:30.966+0000] {processor.py:914} INFO - Processing file /opt/airflow/dags/dag_extract_dvizhenie.py for tasks to queue
[2026-07-09T17:22:30.966+0000] {logging_mixin.py:190} INFO - [2026-07-09T17:22:30.966+0000] {dagbag.py:588} INFO - Filling up the DagBag from /opt/airflow/dags/dag_extract_dvizhenie.py
[2026-07-09T17:22:30.971+0000] {processor.py:925} INFO - DAG(s) 'dag_extract_dvizhenie' retrieved from /opt/airflow/dags/dag_extract_dvizhenie.py
[2026-07-09T17:22:30.980+0000] {logging_mixin.py:190} INFO - [2026-07-09T17:22:30.980+0000] {dag.py:3239} INFO - Sync 1 DAGs
[2026-07-09T17:22:30.987+0000] {logging_mixin.py:190} INFO - [2026-07-09T17:22:30.987+0000] {dag.py:4180} INFO - Setting next_dagrun for dag_extract_dvizhenie to 2026-07-09 14:00:00+00:00, run_after=2026-07-09 16:00:00+00:00
[2026-07-09T17:22:30.992+0000] {processor.py:208} INFO - Processing /opt/airflow/dags/dag_extract_dvizhenie.py took 0.029 seconds
[2026-07-09T17:23:01.472+0000] {processor.py:186} INFO - Started process (PID=9238) to work on /opt/airflow/dags/dag_extract_dvizhenie.py
[2026-07-09T17:23:01.473+0000] {processor.py:914} INFO - Processing file /opt/airflow/dags/dag_extract_dvizhenie.py for tasks to queue
[2026-07-09T17:23:01.474+0000] {logging_mixin.py:190} INFO - [2026-07-09T17:23:01.474+0000] {dagbag.py:588} INFO - Filling up the DagBag from /opt/airflow/dags/dag_extract_dvizhenie.py
[2026-07-09T17:23:01.478+0000] {processor.py:925} INFO - DAG(s) 'dag_extract_dvizhenie' retrieved from /opt/airflow/dags/dag_extract_dvizhenie.py
[2026-07-09T17:23:01.488+0000] {logging_mixin.py:190} INFO - [2026-07-09T17:23:01.488+0000] {dag.py:3239} INFO - Sync 1 DAGs
[2026-07-09T17:23:01.496+0000] {logging_mixin.py:190} INFO - [2026-07-09T17:23:01.496+0000] {dag.py:4180} INFO - Setting next_dagrun for dag_extract_dvizhenie to 2026-07-09 14:00:00+00:00, run_after=2026-07-09 16:00:00+00:00
[2026-07-09T17:23:01.500+0000] {processor.py:208} INFO - Processing /opt/airflow/dags/dag_extract_dvizhenie.py took 0.031 seconds
[2026-07-09T17:23:31.949+0000] {processor.py:186} INFO - Started process (PID=9258) to work on /opt/airflow/dags/dag_extract_dvizhenie.py
[2026-07-09T17:23:31.950+0000] {processor.py:914} INFO - Processing file /opt/airflow/dags/dag_extract_dvizhenie.py for tasks to queue
[2026-07-09T17:23:31.951+0000] {logging_mixin.py:190} INFO - [2026-07-09T17:23:31.951+0000] {dagbag.py:588} INFO - Filling up the DagBag from /opt/airflow/dags/dag_extract_dvizhenie.py
[2026-07-09T17:23:31.956+0000] {processor.py:925} INFO - DAG(s) 'dag_extract_dvizhenie' retrieved from /opt/airflow/dags/dag_extract_dvizhenie.py
[2026-07-09T17:23:31.968+0000] {logging_mixin.py:190} INFO - [2026-07-09T17:23:31.967+0000] {dag.py:3239} INFO - Sync 1 DAGs
[2026-07-09T17:23:31.976+0000] {logging_mixin.py:190} INFO - [2026-07-09T17:23:31.976+0000] {dag.py:4180} INFO - Setting next_dagrun for dag_extract_dvizhenie to 2026-07-09 14:00:00+00:00, run_after=2026-07-09 16:00:00+00:00
[2026-07-09T17:23:31.982+0000] {processor.py:208} INFO - Processing /opt/airflow/dags/dag_extract_dvizhenie.py took 0.036 seconds
[2026-07-09T17:24:02.431+0000] {processor.py:186} INFO - Started process (PID=9278) to work on /opt/airflow/dags/dag_extract_dvizhenie.py
[2026-07-09T17:24:02.431+0000] {processor.py:914} INFO - Processing file /opt/airflow/dags/dag_extract_dvizhenie.py for tasks to queue
[2026-07-09T17:24:02.432+0000] {logging_mixin.py:190} INFO - [2026-07-09T17:24:02.432+0000] {dagbag.py:588} INFO - Filling up the DagBag from /opt/airflow/dags/dag_extract_dvizhenie.py
[2026-07-09T17:24:02.436+0000] {processor.py:925} INFO - DAG(s) 'dag_extract_dvizhenie' retrieved from /opt/airflow/dags/dag_extract_dvizhenie.py
[2026-07-09T17:24:02.446+0000] {logging_mixin.py:190} INFO - [2026-07-09T17:24:02.446+0000] {dag.py:3239} INFO - Sync 1 DAGs
[2026-07-09T17:24:02.453+0000] {logging_mixin.py:190} INFO - [2026-07-09T17:24:02.452+0000] {dag.py:4180} INFO - Setting next_dagrun for dag_extract_dvizhenie to 2026-07-09 14:00:00+00:00, run_after=2026-07-09 16:00:00+00:00
[2026-07-09T17:24:02.457+0000] {processor.py:208} INFO - Processing /opt/airflow/dags/dag_extract_dvizhenie.py took 0.029 seconds
[2026-07-09T17:24:32.937+0000] {processor.py:186} INFO - Started process (PID=9298) to work on /opt/airflow/dags/dag_extract_dvizhenie.py
[2026-07-09T17:24:32.937+0000] {processor.py:914} INFO - Processing file /opt/airflow/dags/dag_extract_dvizhenie.py for tasks to queue
[2026-07-09T17:24:32.938+0000] {logging_mixin.py:190} INFO - [2026-07-09T17:24:32.938+0000] {dagbag.py:588} INFO - Filling up the DagBag from /opt/airflow/dags/dag_extract_dvizhenie.py
[2026-07-09T17:24:32.942+0000] {processor.py:925} INFO - DAG(s) 'dag_extract_dvizhenie' retrieved from /opt/airflow/dags/dag_extract_dvizhenie.py
[2026-07-09T17:24:32.953+0000] {logging_mixin.py:190} INFO - [2026-07-09T17:24:32.952+0000] {dag.py:3239} INFO - Sync 1 DAGs
[2026-07-09T17:24:32.960+0000] {logging_mixin.py:190} INFO - [2026-07-09T17:24:32.960+0000] {dag.py:4180} INFO - Setting next_dagrun for dag_extract_dvizhenie to 2026-07-09 14:00:00+00:00, run_after=2026-07-09 16:00:00+00:00
[2026-07-09T17:24:32.964+0000] {processor.py:208} INFO - Processing /opt/airflow/dags/dag_extract_dvizhenie.py took 0.030 seconds
[2026-07-09T17:25:03.473+0000] {processor.py:186} INFO - Started process (PID=9318) to work on /opt/airflow/dags/dag_extract_dvizhenie.py
[2026-07-09T17:25:03.473+0000] {processor.py:914} INFO - Processing file /opt/airflow/dags/dag_extract_dvizhenie.py for tasks to queue
[2026-07-09T17:25:03.474+0000] {logging_mixin.py:190} INFO - [2026-07-09T17:25:03.474+0000] {dagbag.py:588} INFO - Filling up the DagBag from /opt/airflow/dags/dag_extract_dvizhenie.py
[2026-07-09T17:25:03.478+0000] {processor.py:925} INFO - DAG(s) 'dag_extract_dvizhenie' retrieved from /opt/airflow/dags/dag_extract_dvizhenie.py
[2026-07-09T17:25:03.488+0000] {logging_mixin.py:190} INFO - [2026-07-09T17:25:03.488+0000] {dag.py:3239} INFO - Sync 1 DAGs
[2026-07-09T17:25:03.495+0000] {logging_mixin.py:190} INFO - [2026-07-09T17:25:03.495+0000] {dag.py:4180} INFO - Setting next_dagrun for dag_extract_dvizhenie to 2026-07-09 14:00:00+00:00, run_after=2026-07-09 16:00:00+00:00
[2026-07-09T17:25:03.500+0000] {processor.py:208} INFO - Processing /opt/airflow/dags/dag_extract_dvizhenie.py took 0.030 seconds
[2026-07-09T17:25:33.984+0000] {processor.py:186} INFO - Started process (PID=9338) to work on /opt/airflow/dags/dag_extract_dvizhenie.py
[2026-07-09T17:25:33.984+0000] {processor.py:914} INFO - Processing file /opt/airflow/dags/dag_extract_dvizhenie.py for tasks to queue
[2026-07-09T17:25:33.985+0000] {logging_mixin.py:190} INFO - [2026-07-09T17:25:33.985+0000] {dagbag.py:588} INFO - Filling up the DagBag from /opt/airflow/dags/dag_extract_dvizhenie.py
[2026-07-09T17:25:33.989+0000] {processor.py:925} INFO - DAG(s) 'dag_extract_dvizhenie' retrieved from /opt/airflow/dags/dag_extract_dvizhenie.py
[2026-07-09T17:25:33.999+0000] {logging_mixin.py:190} INFO - [2026-07-09T17:25:33.999+0000] {dag.py:3239} INFO - Sync 1 DAGs
[2026-07-09T17:25:34.006+0000] {logging_mixin.py:190} INFO - [2026-07-09T17:25:34.006+0000] {dag.py:4180} INFO - Setting next_dagrun for dag_extract_dvizhenie to 2026-07-09 14:00:00+00:00, run_after=2026-07-09 16:00:00+00:00
[2026-07-09T17:25:34.011+0000] {processor.py:208} INFO - Processing /opt/airflow/dags/dag_extract_dvizhenie.py took 0.030 seconds
[2026-07-09T17:26:04.516+0000] {processor.py:186} INFO - Started process (PID=9358) to work on /opt/airflow/dags/dag_extract_dvizhenie.py
[2026-07-09T17:26:04.516+0000] {processor.py:914} INFO - Processing file /opt/airflow/dags/dag_extract_dvizhenie.py for tasks to queue
[2026-07-09T17:26:04.517+0000] {logging_mixin.py:190} INFO - [2026-07-09T17:26:04.517+0000] {dagbag.py:588} INFO - Filling up the DagBag from /opt/airflow/dags/dag_extract_dvizhenie.py
[2026-07-09T17:26:04.522+0000] {processor.py:925} INFO - DAG(s) 'dag_extract_dvizhenie' retrieved from /opt/airflow/dags/dag_extract_dvizhenie.py
[2026-07-09T17:26:04.532+0000] {logging_mixin.py:190} INFO - [2026-07-09T17:26:04.532+0000] {dag.py:3239} INFO - Sync 1 DAGs
[2026-07-09T17:26:04.539+0000] {logging_mixin.py:190} INFO - [2026-07-09T17:26:04.539+0000] {dag.py:4180} INFO - Setting next_dagrun for dag_extract_dvizhenie to 2026-07-09 14:00:00+00:00, run_after=2026-07-09 16:00:00+00:00
[2026-07-09T17:26:04.544+0000] {processor.py:208} INFO - Processing /opt/airflow/dags/dag_extract_dvizhenie.py took 0.030 seconds
[2026-07-09T17:26:34.961+0000] {processor.py:186} INFO - Started process (PID=9378) to work on /opt/airflow/dags/dag_extract_dvizhenie.py
[2026-07-09T17:26:34.961+0000] {processor.py:914} INFO - Processing file /opt/airflow/dags/dag_extract_dvizhenie.py for tasks to queue
[2026-07-09T17:26:34.962+0000] {logging_mixin.py:190} INFO - [2026-07-09T17:26:34.962+0000] {dagbag.py:588} INFO - Filling up the DagBag from /opt/airflow/dags/dag_extract_dvizhenie.py
[2026-07-09T17:26:34.966+0000] {processor.py:925} INFO - DAG(s) 'dag_extract_dvizhenie' retrieved from /opt/airflow/dags/dag_extract_dvizhenie.py
[2026-07-09T17:26:34.975+0000] {logging_mixin.py:190} INFO - [2026-07-09T17:26:34.975+0000] {dag.py:3239} INFO - Sync 1 DAGs
[2026-07-09T17:26:34.982+0000] {logging_mixin.py:190} INFO - [2026-07-09T17:26:34.982+0000] {dag.py:4180} INFO - Setting next_dagrun for dag_extract_dvizhenie to 2026-07-09 14:00:00+00:00, run_after=2026-07-09 16:00:00+00:00
[2026-07-09T17:26:34.987+0000] {processor.py:208} INFO - Processing /opt/airflow/dags/dag_extract_dvizhenie.py took 0.029 seconds
[2026-07-09T17:27:05.420+0000] {processor.py:186} INFO - Started process (PID=9398) to work on /opt/airflow/dags/dag_extract_dvizhenie.py
[2026-07-09T17:27:05.420+0000] {processor.py:914} INFO - Processing file /opt/airflow/dags/dag_extract_dvizhenie.py for tasks to queue
[2026-07-09T17:27:05.421+0000] {logging_mixin.py:190} INFO - [2026-07-09T17:27:05.421+0000] {dagbag.py:588} INFO - Filling up the DagBag from /opt/airflow/dags/dag_extract_dvizhenie.py
[2026-07-09T17:27:05.425+0000] {processor.py:925} INFO - DAG(s) 'dag_extract_dvizhenie' retrieved from /opt/airflow/dags/dag_extract_dvizhenie.py
[2026-07-09T17:27:05.435+0000] {logging_mixin.py:190} INFO - [2026-07-09T17:27:05.435+0000] {dag.py:3239} INFO - Sync 1 DAGs
[2026-07-09T17:27:05.442+0000] {logging_mixin.py:190} INFO - [2026-07-09T17:27:05.442+0000] {dag.py:4180} INFO - Setting next_dagrun for dag_extract_dvizhenie to 2026-07-09 14:00:00+00:00, run_after=2026-07-09 16:00:00+00:00
[2026-07-09T17:27:05.446+0000] {processor.py:208} INFO - Processing /opt/airflow/dags/dag_extract_dvizhenie.py took 0.029 seconds
[2026-07-09T17:27:35.903+0000] {processor.py:186} INFO - Started process (PID=9418) to work on /opt/airflow/dags/dag_extract_dvizhenie.py
[2026-07-09T17:27:35.904+0000] {processor.py:914} INFO - Processing file /opt/airflow/dags/dag_extract_dvizhenie.py for tasks to queue
[2026-07-09T17:27:35.905+0000] {logging_mixin.py:190} INFO - [2026-07-09T17:27:35.905+0000] {dagbag.py:588} INFO - Filling up the DagBag from /opt/airflow/dags/dag_extract_dvizhenie.py
[2026-07-09T17:27:35.909+0000] {processor.py:925} INFO - DAG(s) 'dag_extract_dvizhenie' retrieved from /opt/airflow/dags/dag_extract_dvizhenie.py
[2026-07-09T17:27:35.919+0000] {logging_mixin.py:190} INFO - [2026-07-09T17:27:35.919+0000] {dag.py:3239} INFO - Sync 1 DAGs
[2026-07-09T17:27:35.926+0000] {logging_mixin.py:190} INFO - [2026-07-09T17:27:35.926+0000] {dag.py:4180} INFO - Setting next_dagrun for dag_extract_dvizhenie to 2026-07-09 14:00:00+00:00, run_after=2026-07-09 16:00:00+00:00
[2026-07-09T17:27:35.930+0000] {processor.py:208} INFO - Processing /opt/airflow/dags/dag_extract_dvizhenie.py took 0.029 seconds
[2026-07-09T17:28:06.415+0000] {processor.py:186} INFO - Started process (PID=9438) to work on /opt/airflow/dags/dag_extract_dvizhenie.py
[2026-07-09T17:28:06.415+0000] {processor.py:914} INFO - Processing file /opt/airflow/dags/dag_extract_dvizhenie.py for tasks to queue
[2026-07-09T17:28:06.416+0000] {logging_mixin.py:190} INFO - [2026-07-09T17:28:06.416+0000] {dagbag.py:588} INFO - Filling up the DagBag from /opt/airflow/dags/dag_extract_dvizhenie.py
[2026-07-09T17:28:06.421+0000] {processor.py:925} INFO - DAG(s) 'dag_extract_dvizhenie' retrieved from /opt/airflow/dags/dag_extract_dvizhenie.py
[2026-07-09T17:28:06.433+0000] {logging_mixin.py:190} INFO - [2026-07-09T17:28:06.433+0000] {dag.py:3239} INFO - Sync 1 DAGs
[2026-07-09T17:28:06.442+0000] {logging_mixin.py:190} INFO - [2026-07-09T17:28:06.442+0000] {dag.py:4180} INFO - Setting next_dagrun for dag_extract_dvizhenie to 2026-07-09 14:00:00+00:00, run_after=2026-07-09 16:00:00+00:00
[2026-07-09T17:28:06.448+0000] {processor.py:208} INFO - Processing /opt/airflow/dags/dag_extract_dvizhenie.py took 0.036 seconds
[2026-07-09T17:28:36.918+0000] {processor.py:186} INFO - Started process (PID=9457) to work on /opt/airflow/dags/dag_extract_dvizhenie.py
[2026-07-09T17:28:36.918+0000] {processor.py:914} INFO - Processing file /opt/airflow/dags/dag_extract_dvizhenie.py for tasks to queue
[2026-07-09T17:28:36.920+0000] {logging_mixin.py:190} INFO - [2026-07-09T17:28:36.920+0000] {dagbag.py:588} INFO - Filling up the DagBag from /opt/airflow/dags/dag_extract_dvizhenie.py
[2026-07-09T17:28:36.926+0000] {processor.py:925} INFO - DAG(s) 'dag_extract_dvizhenie' retrieved from /opt/airflow/dags/dag_extract_dvizhenie.py
[2026-07-09T17:28:36.939+0000] {logging_mixin.py:190} INFO - [2026-07-09T17:28:36.939+0000] {dag.py:3239} INFO - Sync 1 DAGs
[2026-07-09T17:28:36.947+0000] {logging_mixin.py:190} INFO - [2026-07-09T17:28:36.947+0000] {dag.py:4180} INFO - Setting next_dagrun for dag_extract_dvizhenie to 2026-07-09 14:00:00+00:00, run_after=2026-07-09 16:00:00+00:00
[2026-07-09T17:28:36.956+0000] {processor.py:208} INFO - Processing /opt/airflow/dags/dag_extract_dvizhenie.py took 0.041 seconds
[2026-07-09T17:29:07.435+0000] {processor.py:186} INFO - Started process (PID=9478) to work on /opt/airflow/dags/dag_extract_dvizhenie.py
[2026-07-09T17:29:07.435+0000] {processor.py:914} INFO - Processing file /opt/airflow/dags/dag_extract_dvizhenie.py for tasks to queue
[2026-07-09T17:29:07.436+0000] {logging_mixin.py:190} INFO - [2026-07-09T17:29:07.436+0000] {dagbag.py:588} INFO - Filling up the DagBag from /opt/airflow/dags/dag_extract_dvizhenie.py
[2026-07-09T17:29:07.441+0000] {processor.py:925} INFO - DAG(s) 'dag_extract_dvizhenie' retrieved from /opt/airflow/dags/dag_extract_dvizhenie.py
[2026-07-09T17:29:07.450+0000] {logging_mixin.py:190} INFO - [2026-07-09T17:29:07.450+0000] {dag.py:3239} INFO - Sync 1 DAGs
[2026-07-09T17:29:07.457+0000] {logging_mixin.py:190} INFO - [2026-07-09T17:29:07.457+0000] {dag.py:4180} INFO - Setting next_dagrun for dag_extract_dvizhenie to 2026-07-09 14:00:00+00:00, run_after=2026-07-09 16:00:00+00:00
[2026-07-09T17:29:07.462+0000] {processor.py:208} INFO - Processing /opt/airflow/dags/dag_extract_dvizhenie.py took 0.029 seconds
[2026-07-09T17:29:37.929+0000] {processor.py:186} INFO - Started process (PID=9498) to work on /opt/airflow/dags/dag_extract_dvizhenie.py
[2026-07-09T17:29:37.930+0000] {processor.py:914} INFO - Processing file /opt/airflow/dags/dag_extract_dvizhenie.py for tasks to queue
[2026-07-09T17:29:37.931+0000] {logging_mixin.py:190} INFO - [2026-07-09T17:29:37.931+0000] {dagbag.py:588} INFO - Filling up the DagBag from /opt/airflow/dags/dag_extract_dvizhenie.py
[2026-07-09T17:29:37.936+0000] {processor.py:925} INFO - DAG(s) 'dag_extract_dvizhenie' retrieved from /opt/airflow/dags/dag_extract_dvizhenie.py
[2026-07-09T17:29:37.949+0000] {logging_mixin.py:190} INFO - [2026-07-09T17:29:37.949+0000] {dag.py:3239} INFO - Sync 1 DAGs
[2026-07-09T17:29:37.956+0000] {logging_mixin.py:190} INFO - [2026-07-09T17:29:37.956+0000] {dag.py:4180} INFO - Setting next_dagrun for dag_extract_dvizhenie to 2026-07-09 14:00:00+00:00, run_after=2026-07-09 16:00:00+00:00
[2026-07-09T17:29:37.964+0000] {processor.py:208} INFO - Processing /opt/airflow/dags/dag_extract_dvizhenie.py took 0.038 seconds
[2026-07-09T17:30:08.452+0000] {processor.py:186} INFO - Started process (PID=9518) to work on /opt/airflow/dags/dag_extract_dvizhenie.py
[2026-07-09T17:30:08.453+0000] {processor.py:914} INFO - Processing file /opt/airflow/dags/dag_extract_dvizhenie.py for tasks to queue
[2026-07-09T17:30:08.453+0000] {logging_mixin.py:190} INFO - [2026-07-09T17:30:08.453+0000] {dagbag.py:588} INFO - Filling up the DagBag from /opt/airflow/dags/dag_extract_dvizhenie.py
[2026-07-09T17:30:08.458+0000] {processor.py:925} INFO - DAG(s) 'dag_extract_dvizhenie' retrieved from /opt/airflow/dags/dag_extract_dvizhenie.py
[2026-07-09T17:30:08.467+0000] {logging_mixin.py:190} INFO - [2026-07-09T17:30:08.467+0000] {dag.py:3239} INFO - Sync 1 DAGs
[2026-07-09T17:30:08.474+0000] {logging_mixin.py:190} INFO - [2026-07-09T17:30:08.474+0000] {dag.py:4180} INFO - Setting next_dagrun for dag_extract_dvizhenie to 2026-07-09 14:00:00+00:00, run_after=2026-07-09 16:00:00+00:00
[2026-07-09T17:30:08.479+0000] {processor.py:208} INFO - Processing /opt/airflow/dags/dag_extract_dvizhenie.py took 0.029 seconds
[2026-07-09T17:30:38.902+0000] {processor.py:186} INFO - Started process (PID=9538) to work on /opt/airflow/dags/dag_extract_dvizhenie.py
[2026-07-09T17:30:38.903+0000] {processor.py:914} INFO - Processing file /opt/airflow/dags/dag_extract_dvizhenie.py for tasks to queue
[2026-07-09T17:30:38.904+0000] {logging_mixin.py:190} INFO - [2026-07-09T17:30:38.904+0000] {dagbag.py:588} INFO - Filling up the DagBag from /opt/airflow/dags/dag_extract_dvizhenie.py
[2026-07-09T17:30:38.909+0000] {processor.py:925} INFO - DAG(s) 'dag_extract_dvizhenie' retrieved from /opt/airflow/dags/dag_extract_dvizhenie.py
[2026-07-09T17:30:38.924+0000] {logging_mixin.py:190} INFO - [2026-07-09T17:30:38.924+0000] {dag.py:3239} INFO - Sync 1 DAGs
[2026-07-09T17:30:38.934+0000] {logging_mixin.py:190} INFO - [2026-07-09T17:30:38.933+0000] {dag.py:4180} INFO - Setting next_dagrun for dag_extract_dvizhenie to 2026-07-09 14:00:00+00:00, run_after=2026-07-09 16:00:00+00:00
[2026-07-09T17:30:38.940+0000] {processor.py:208} INFO - Processing /opt/airflow/dags/dag_extract_dvizhenie.py took 0.041 seconds
[2026-07-09T17:31:09.413+0000] {processor.py:186} INFO - Started process (PID=9558) to work on /opt/airflow/dags/dag_extract_dvizhenie.py
[2026-07-09T17:31:09.413+0000] {processor.py:914} INFO - Processing file /opt/airflow/dags/dag_extract_dvizhenie.py for tasks to queue
[2026-07-09T17:31:09.414+0000] {logging_mixin.py:190} INFO - [2026-07-09T17:31:09.414+0000] {dagbag.py:588} INFO - Filling up the DagBag from /opt/airflow/dags/dag_extract_dvizhenie.py
[2026-07-09T17:31:09.418+0000] {processor.py:925} INFO - DAG(s) 'dag_extract_dvizhenie' retrieved from /opt/airflow/dags/dag_extract_dvizhenie.py
[2026-07-09T17:31:09.428+0000] {logging_mixin.py:190} INFO - [2026-07-09T17:31:09.428+0000] {dag.py:3239} INFO - Sync 1 DAGs
[2026-07-09T17:31:09.435+0000] {logging_mixin.py:190} INFO - [2026-07-09T17:31:09.435+0000] {dag.py:4180} INFO - Setting next_dagrun for dag_extract_dvizhenie to 2026-07-09 14:00:00+00:00, run_after=2026-07-09 16:00:00+00:00
[2026-07-09T17:31:09.440+0000] {processor.py:208} INFO - Processing /opt/airflow/dags/dag_extract_dvizhenie.py took 0.029 seconds
[2026-07-09T17:31:39.900+0000] {processor.py:186} INFO - Started process (PID=9578) to work on /opt/airflow/dags/dag_extract_dvizhenie.py
[2026-07-09T17:31:39.900+0000] {processor.py:914} INFO - Processing file /opt/airflow/dags/dag_extract_dvizhenie.py for tasks to queue
[2026-07-09T17:31:39.901+0000] {logging_mixin.py:190} INFO - [2026-07-09T17:31:39.901+0000] {dagbag.py:588} INFO - Filling up the DagBag from /opt/airflow/dags/dag_extract_dvizhenie.py
[2026-07-09T17:31:39.905+0000] {processor.py:925} INFO - DAG(s) 'dag_extract_dvizhenie' retrieved from /opt/airflow/dags/dag_extract_dvizhenie.py
[2026-07-09T17:31:39.915+0000] {logging_mixin.py:190} INFO - [2026-07-09T17:31:39.915+0000] {dag.py:3239} INFO - Sync 1 DAGs
[2026-07-09T17:31:39.922+0000] {logging_mixin.py:190} INFO - [2026-07-09T17:31:39.922+0000] {dag.py:4180} INFO - Setting next_dagrun for dag_extract_dvizhenie to 2026-07-09 14:00:00+00:00, run_after=2026-07-09 16:00:00+00:00
[2026-07-09T17:31:39.926+0000] {processor.py:208} INFO - Processing /opt/airflow/dags/dag_extract_dvizhenie.py took 0.029 seconds
[2026-07-09T17:32:10.374+0000] {processor.py:186} INFO - Started process (PID=9598) to work on /opt/airflow/dags/dag_extract_dvizhenie.py
[2026-07-09T17:32:10.374+0000] {processor.py:914} INFO - Processing file /opt/airflow/dags/dag_extract_dvizhenie.py for tasks to queue
[2026-07-09T17:32:10.375+0000] {logging_mixin.py:190} INFO - [2026-07-09T17:32:10.375+0000] {dagbag.py:588} INFO - Filling up the DagBag from /opt/airflow/dags/dag_extract_dvizhenie.py
[2026-07-09T17:32:10.379+0000] {processor.py:925} INFO - DAG(s) 'dag_extract_dvizhenie' retrieved from /opt/airflow/dags/dag_extract_dvizhenie.py
[2026-07-09T17:32:10.389+0000] {logging_mixin.py:190} INFO - [2026-07-09T17:32:10.389+0000] {dag.py:3239} INFO - Sync 1 DAGs
[2026-07-09T17:32:10.396+0000] {logging_mixin.py:190} INFO - [2026-07-09T17:32:10.396+0000] {dag.py:4180} INFO - Setting next_dagrun for dag_extract_dvizhenie to 2026-07-09 14:00:00+00:00, run_after=2026-07-09 16:00:00+00:00
[2026-07-09T17:32:10.401+0000] {processor.py:208} INFO - Processing /opt/airflow/dags/dag_extract_dvizhenie.py took 0.029 seconds
[2026-07-09T17:32:40.889+0000] {processor.py:186} INFO - Started process (PID=9618) to work on /opt/airflow/dags/dag_extract_dvizhenie.py
[2026-07-09T17:32:40.889+0000] {processor.py:914} INFO - Processing file /opt/airflow/dags/dag_extract_dvizhenie.py for tasks to queue
[2026-07-09T17:32:40.890+0000] {logging_mixin.py:190} INFO - [2026-07-09T17:32:40.890+0000] {dagbag.py:588} INFO - Filling up the DagBag from /opt/airflow/dags/dag_extract_dvizhenie.py
[2026-07-09T17:32:40.895+0000] {processor.py:925} INFO - DAG(s) 'dag_extract_dvizhenie' retrieved from /opt/airflow/dags/dag_extract_dvizhenie.py
[2026-07-09T17:32:40.904+0000] {logging_mixin.py:190} INFO - [2026-07-09T17:32:40.904+0000] {dag.py:3239} INFO - Sync 1 DAGs
[2026-07-09T17:32:40.911+0000] {logging_mixin.py:190} INFO - [2026-07-09T17:32:40.911+0000] {dag.py:4180} INFO - Setting next_dagrun for dag_extract_dvizhenie to 2026-07-09 14:00:00+00:00, run_after=2026-07-09 16:00:00+00:00
[2026-07-09T17:32:40.916+0000] {processor.py:208} INFO - Processing /opt/airflow/dags/dag_extract_dvizhenie.py took 0.030 seconds
[2026-07-09T17:33:11.319+0000] {processor.py:186} INFO - Started process (PID=9638) to work on /opt/airflow/dags/dag_extract_dvizhenie.py
[2026-07-09T17:33:11.319+0000] {processor.py:914} INFO - Processing file /opt/airflow/dags/dag_extract_dvizhenie.py for tasks to queue
[2026-07-09T17:33:11.320+0000] {logging_mixin.py:190} INFO - [2026-07-09T17:33:11.320+0000] {dagbag.py:588} INFO - Filling up the DagBag from /opt/airflow/dags/dag_extract_dvizhenie.py
[2026-07-09T17:33:11.325+0000] {processor.py:925} INFO - DAG(s) 'dag_extract_dvizhenie' retrieved from /opt/airflow/dags/dag_extract_dvizhenie.py
[2026-07-09T17:33:11.334+0000] {logging_mixin.py:190} INFO - [2026-07-09T17:33:11.334+0000] {dag.py:3239} INFO - Sync 1 DAGs
[2026-07-09T17:33:11.341+0000] {logging_mixin.py:190} INFO - [2026-07-09T17:33:11.341+0000] {dag.py:4180} INFO - Setting next_dagrun for dag_extract_dvizhenie to 2026-07-09 14:00:00+00:00, run_after=2026-07-09 16:00:00+00:00
[2026-07-09T17:33:11.346+0000] {processor.py:208} INFO - Processing /opt/airflow/dags/dag_extract_dvizhenie.py took 0.029 seconds
[2026-07-09T17:33:41.824+0000] {processor.py:186} INFO - Started process (PID=9658) to work on /opt/airflow/dags/dag_extract_dvizhenie.py
[2026-07-09T17:33:41.824+0000] {processor.py:914} INFO - Processing file /opt/airflow/dags/dag_extract_dvizhenie.py for tasks to queue
[2026-07-09T17:33:41.825+0000] {logging_mixin.py:190} INFO - [2026-07-09T17:33:41.825+0000] {dagbag.py:588} INFO - Filling up the DagBag from /opt/airflow/dags/dag_extract_dvizhenie.py
[2026-07-09T17:33:41.829+0000] {processor.py:925} INFO - DAG(s) 'dag_extract_dvizhenie' retrieved from /opt/airflow/dags/dag_extract_dvizhenie.py
[2026-07-09T17:33:41.839+0000] {logging_mixin.py:190} INFO - [2026-07-09T17:33:41.839+0000] {dag.py:3239} INFO - Sync 1 DAGs
[2026-07-09T17:33:41.846+0000] {logging_mixin.py:190} INFO - [2026-07-09T17:33:41.846+0000] {dag.py:4180} INFO - Setting next_dagrun for dag_extract_dvizhenie to 2026-07-09 14:00:00+00:00, run_after=2026-07-09 16:00:00+00:00
[2026-07-09T17:33:41.851+0000] {processor.py:208} INFO - Processing /opt/airflow/dags/dag_extract_dvizhenie.py took 0.029 seconds
[2026-07-09T17:34:12.360+0000] {processor.py:186} INFO - Started process (PID=9678) to work on /opt/airflow/dags/dag_extract_dvizhenie.py
[2026-07-09T17:34:12.360+0000] {processor.py:914} INFO - Processing file /opt/airflow/dags/dag_extract_dvizhenie.py for tasks to queue
[2026-07-09T17:34:12.361+0000] {logging_mixin.py:190} INFO - [2026-07-09T17:34:12.361+0000] {dagbag.py:588} INFO - Filling up the DagBag from /opt/airflow/dags/dag_extract_dvizhenie.py
[2026-07-09T17:34:12.365+0000] {processor.py:925} INFO - DAG(s) 'dag_extract_dvizhenie' retrieved from /opt/airflow/dags/dag_extract_dvizhenie.py
[2026-07-09T17:34:12.375+0000] {logging_mixin.py:190} INFO - [2026-07-09T17:34:12.375+0000] {dag.py:3239} INFO - Sync 1 DAGs
[2026-07-09T17:34:12.382+0000] {logging_mixin.py:190} INFO - [2026-07-09T17:34:12.382+0000] {dag.py:4180} INFO - Setting next_dagrun for dag_extract_dvizhenie to 2026-07-09 14:00:00+00:00, run_after=2026-07-09 16:00:00+00:00
[2026-07-09T17:34:12.387+0000] {processor.py:208} INFO - Processing /opt/airflow/dags/dag_extract_dvizhenie.py took 0.030 seconds
[2026-07-09T17:34:42.834+0000] {processor.py:186} INFO - Started process (PID=9698) to work on /opt/airflow/dags/dag_extract_dvizhenie.py
[2026-07-09T17:34:42.834+0000] {processor.py:914} INFO - Processing file /opt/airflow/dags/dag_extract_dvizhenie.py for tasks to queue
[2026-07-09T17:34:42.835+0000] {logging_mixin.py:190} INFO - [2026-07-09T17:34:42.835+0000] {dagbag.py:588} INFO - Filling up the DagBag from /opt/airflow/dags/dag_extract_dvizhenie.py
[2026-07-09T17:34:42.839+0000] {processor.py:925} INFO - DAG(s) 'dag_extract_dvizhenie' retrieved from /opt/airflow/dags/dag_extract_dvizhenie.py
[2026-07-09T17:34:42.849+0000] {logging_mixin.py:190} INFO - [2026-07-09T17:34:42.849+0000] {dag.py:3239} INFO - Sync 1 DAGs
[2026-07-09T17:34:42.856+0000] {logging_mixin.py:190} INFO - [2026-07-09T17:34:42.856+0000] {dag.py:4180} INFO - Setting next_dagrun for dag_extract_dvizhenie to 2026-07-09 14:00:00+00:00, run_after=2026-07-09 16:00:00+00:00
[2026-07-09T17:34:42.860+0000] {processor.py:208} INFO - Processing /opt/airflow/dags/dag_extract_dvizhenie.py took 0.029 seconds
[2026-07-09T17:35:13.268+0000] {processor.py:186} INFO - Started process (PID=9718) to work on /opt/airflow/dags/dag_extract_dvizhenie.py
[2026-07-09T17:35:13.269+0000] {processor.py:914} INFO - Processing file /opt/airflow/dags/dag_extract_dvizhenie.py for tasks to queue
[2026-07-09T17:35:13.269+0000] {logging_mixin.py:190} INFO - [2026-07-09T17:35:13.269+0000] {dagbag.py:588} INFO - Filling up the DagBag from /opt/airflow/dags/dag_extract_dvizhenie.py
[2026-07-09T17:35:13.274+0000] {processor.py:925} INFO - DAG(s) 'dag_extract_dvizhenie' retrieved from /opt/airflow/dags/dag_extract_dvizhenie.py
[2026-07-09T17:35:13.283+0000] {logging_mixin.py:190} INFO - [2026-07-09T17:35:13.283+0000] {dag.py:3239} INFO - Sync 1 DAGs
[2026-07-09T17:35:13.290+0000] {logging_mixin.py:190} INFO - [2026-07-09T17:35:13.290+0000] {dag.py:4180} INFO - Setting next_dagrun for dag_extract_dvizhenie to 2026-07-09 14:00:00+00:00, run_after=2026-07-09 16:00:00+00:00
[2026-07-09T17:35:13.295+0000] {processor.py:208} INFO - Processing /opt/airflow/dags/dag_extract_dvizhenie.py took 0.030 seconds
[2026-07-09T17:35:43.758+0000] {processor.py:186} INFO - Started process (PID=9738) to work on /opt/airflow/dags/dag_extract_dvizhenie.py
[2026-07-09T17:35:43.758+0000] {processor.py:914} INFO - Processing file /opt/airflow/dags/dag_extract_dvizhenie.py for tasks to queue
[2026-07-09T17:35:43.759+0000] {logging_mixin.py:190} INFO - [2026-07-09T17:35:43.759+0000] {dagbag.py:588} INFO - Filling up the DagBag from /opt/airflow/dags/dag_extract_dvizhenie.py
[2026-07-09T17:35:43.763+0000] {processor.py:925} INFO - DAG(s) 'dag_extract_dvizhenie' retrieved from /opt/airflow/dags/dag_extract_dvizhenie.py
[2026-07-09T17:35:43.773+0000] {logging_mixin.py:190} INFO - [2026-07-09T17:35:43.773+0000] {dag.py:3239} INFO - Sync 1 DAGs
[2026-07-09T17:35:43.780+0000] {logging_mixin.py:190} INFO - [2026-07-09T17:35:43.780+0000] {dag.py:4180} INFO - Setting next_dagrun for dag_extract_dvizhenie to 2026-07-09 14:00:00+00:00, run_after=2026-07-09 16:00:00+00:00
[2026-07-09T17:35:43.785+0000] {processor.py:208} INFO - Processing /opt/airflow/dags/dag_extract_dvizhenie.py took 0.030 seconds
[2026-07-09T17:36:14.276+0000] {processor.py:186} INFO - Started process (PID=9758) to work on /opt/airflow/dags/dag_extract_dvizhenie.py
[2026-07-09T17:36:14.276+0000] {processor.py:914} INFO - Processing file /opt/airflow/dags/dag_extract_dvizhenie.py for tasks to queue
[2026-07-09T17:36:14.277+0000] {logging_mixin.py:190} INFO - [2026-07-09T17:36:14.277+0000] {dagbag.py:588} INFO - Filling up the DagBag from /opt/airflow/dags/dag_extract_dvizhenie.py
[2026-07-09T17:36:14.282+0000] {processor.py:925} INFO - DAG(s) 'dag_extract_dvizhenie' retrieved from /opt/airflow/dags/dag_extract_dvizhenie.py
[2026-07-09T17:36:14.291+0000] {logging_mixin.py:190} INFO - [2026-07-09T17:36:14.291+0000] {dag.py:3239} INFO - Sync 1 DAGs
[2026-07-09T17:36:14.298+0000] {logging_mixin.py:190} INFO - [2026-07-09T17:36:14.298+0000] {dag.py:4180} INFO - Setting next_dagrun for dag_extract_dvizhenie to 2026-07-09 14:00:00+00:00, run_after=2026-07-09 16:00:00+00:00
[2026-07-09T17:36:14.302+0000] {processor.py:208} INFO - Processing /opt/airflow/dags/dag_extract_dvizhenie.py took 0.029 seconds
[2026-07-09T17:36:44.766+0000] {processor.py:186} INFO - Started process (PID=9778) to work on /opt/airflow/dags/dag_extract_dvizhenie.py
[2026-07-09T17:36:44.766+0000] {processor.py:914} INFO - Processing file /opt/airflow/dags/dag_extract_dvizhenie.py for tasks to queue
[2026-07-09T17:36:44.767+0000] {logging_mixin.py:190} INFO - [2026-07-09T17:36:44.767+0000] {dagbag.py:588} INFO - Filling up the DagBag from /opt/airflow/dags/dag_extract_dvizhenie.py
[2026-07-09T17:36:44.771+0000] {processor.py:925} INFO - DAG(s) 'dag_extract_dvizhenie' retrieved from /opt/airflow/dags/dag_extract_dvizhenie.py
[2026-07-09T17:36:44.780+0000] {logging_mixin.py:190} INFO - [2026-07-09T17:36:44.780+0000] {dag.py:3239} INFO - Sync 1 DAGs
[2026-07-09T17:36:44.788+0000] {logging_mixin.py:190} INFO - [2026-07-09T17:36:44.788+0000] {dag.py:4180} INFO - Setting next_dagrun for dag_extract_dvizhenie to 2026-07-09 14:00:00+00:00, run_after=2026-07-09 16:00:00+00:00
[2026-07-09T17:36:44.792+0000] {processor.py:208} INFO - Processing /opt/airflow/dags/dag_extract_dvizhenie.py took 0.029 seconds
[2026-07-09T17:37:15.227+0000] {processor.py:186} INFO - Started process (PID=9798) to work on /opt/airflow/dags/dag_extract_dvizhenie.py
[2026-07-09T17:37:15.227+0000] {processor.py:914} INFO - Processing file /opt/airflow/dags/dag_extract_dvizhenie.py for tasks to queue
[2026-07-09T17:37:15.228+0000] {logging_mixin.py:190} INFO - [2026-07-09T17:37:15.228+0000] {dagbag.py:588} INFO - Filling up the DagBag from /opt/airflow/dags/dag_extract_dvizhenie.py
[2026-07-09T17:37:15.232+0000] {processor.py:925} INFO - DAG(s) 'dag_extract_dvizhenie' retrieved from /opt/airflow/dags/dag_extract_dvizhenie.py
[2026-07-09T17:37:15.242+0000] {logging_mixin.py:190} INFO - [2026-07-09T17:37:15.242+0000] {dag.py:3239} INFO - Sync 1 DAGs
[2026-07-09T17:37:15.249+0000] {logging_mixin.py:190} INFO - [2026-07-09T17:37:15.249+0000] {dag.py:4180} INFO - Setting next_dagrun for dag_extract_dvizhenie to 2026-07-09 14:00:00+00:00, run_after=2026-07-09 16:00:00+00:00
[2026-07-09T17:37:15.254+0000] {processor.py:208} INFO - Processing /opt/airflow/dags/dag_extract_dvizhenie.py took 0.030 seconds
[2026-07-09T17:37:45.695+0000] {processor.py:186} INFO - Started process (PID=9818) to work on /opt/airflow/dags/dag_extract_dvizhenie.py
[2026-07-09T17:37:45.695+0000] {processor.py:914} INFO - Processing file /opt/airflow/dags/dag_extract_dvizhenie.py for tasks to queue
[2026-07-09T17:37:45.696+0000] {logging_mixin.py:190} INFO - [2026-07-09T17:37:45.696+0000] {dagbag.py:588} INFO - Filling up the DagBag from /opt/airflow/dags/dag_extract_dvizhenie.py
[2026-07-09T17:37:45.700+0000] {processor.py:925} INFO - DAG(s) 'dag_extract_dvizhenie' retrieved from /opt/airflow/dags/dag_extract_dvizhenie.py
[2026-07-09T17:37:45.710+0000] {logging_mixin.py:190} INFO - [2026-07-09T17:37:45.710+0000] {dag.py:3239} INFO - Sync 1 DAGs
[2026-07-09T17:37:45.717+0000] {logging_mixin.py:190} INFO - [2026-07-09T17:37:45.717+0000] {dag.py:4180} INFO - Setting next_dagrun for dag_extract_dvizhenie to 2026-07-09 14:00:00+00:00, run_after=2026-07-09 16:00:00+00:00
[2026-07-09T17:37:45.721+0000] {processor.py:208} INFO - Processing /opt/airflow/dags/dag_extract_dvizhenie.py took 0.029 seconds
[2026-07-09T17:38:16.213+0000] {processor.py:186} INFO - Started process (PID=9836) to work on /opt/airflow/dags/dag_extract_dvizhenie.py
[2026-07-09T17:38:16.214+0000] {processor.py:914} INFO - Processing file /opt/airflow/dags/dag_extract_dvizhenie.py for tasks to queue
[2026-07-09T17:38:16.215+0000] {logging_mixin.py:190} INFO - [2026-07-09T17:38:16.214+0000] {dagbag.py:588} INFO - Filling up the DagBag from /opt/airflow/dags/dag_extract_dvizhenie.py
[2026-07-09T17:38:16.220+0000] {processor.py:925} INFO - DAG(s) 'dag_extract_dvizhenie' retrieved from /opt/airflow/dags/dag_extract_dvizhenie.py
[2026-07-09T17:38:16.234+0000] {logging_mixin.py:190} INFO - [2026-07-09T17:38:16.234+0000] {dag.py:3239} INFO - Sync 1 DAGs
[2026-07-09T17:38:16.244+0000] {logging_mixin.py:190} INFO - [2026-07-09T17:38:16.244+0000] {dag.py:4180} INFO - Setting next_dagrun for dag_extract_dvizhenie to 2026-07-09 14:00:00+00:00, run_after=2026-07-09 16:00:00+00:00
[2026-07-09T17:38:16.250+0000] {processor.py:208} INFO - Processing /opt/airflow/dags/dag_extract_dvizhenie.py took 0.041 seconds
[2026-07-09T17:38:46.733+0000] {processor.py:186} INFO - Started process (PID=9857) to work on /opt/airflow/dags/dag_extract_dvizhenie.py
[2026-07-09T17:38:46.734+0000] {processor.py:914} INFO - Processing file /opt/airflow/dags/dag_extract_dvizhenie.py for tasks to queue
[2026-07-09T17:38:46.735+0000] {logging_mixin.py:190} INFO - [2026-07-09T17:38:46.735+0000] {dagbag.py:588} INFO - Filling up the DagBag from /opt/airflow/dags/dag_extract_dvizhenie.py
[2026-07-09T17:38:46.740+0000] {processor.py:925} INFO - DAG(s) 'dag_extract_dvizhenie' retrieved from /opt/airflow/dags/dag_extract_dvizhenie.py
[2026-07-09T17:38:46.755+0000] {logging_mixin.py:190} INFO - [2026-07-09T17:38:46.755+0000] {dag.py:3239} INFO - Sync 1 DAGs
[2026-07-09T17:38:46.763+0000] {logging_mixin.py:190} INFO - [2026-07-09T17:38:46.763+0000] {dag.py:4180} INFO - Setting next_dagrun for dag_extract_dvizhenie to 2026-07-09 14:00:00+00:00, run_after=2026-07-09 16:00:00+00:00
[2026-07-09T17:38:46.772+0000] {processor.py:208} INFO - Processing /opt/airflow/dags/dag_extract_dvizhenie.py took 0.041 seconds
[2026-07-09T17:39:17.196+0000] {processor.py:186} INFO - Started process (PID=9876) to work on /opt/airflow/dags/dag_extract_dvizhenie.py
[2026-07-09T17:39:17.197+0000] {processor.py:914} INFO - Processing file /opt/airflow/dags/dag_extract_dvizhenie.py for tasks to queue
[2026-07-09T17:39:17.198+0000] {logging_mixin.py:190} INFO - [2026-07-09T17:39:17.198+0000] {dagbag.py:588} INFO - Filling up the DagBag from /opt/airflow/dags/dag_extract_dvizhenie.py
[2026-07-09T17:39:17.205+0000] {processor.py:925} INFO - DAG(s) 'dag_extract_dvizhenie' retrieved from /opt/airflow/dags/dag_extract_dvizhenie.py
[2026-07-09T17:39:17.218+0000] {logging_mixin.py:190} INFO - [2026-07-09T17:39:17.218+0000] {dag.py:3239} INFO - Sync 1 DAGs
[2026-07-09T17:39:17.227+0000] {logging_mixin.py:190} INFO - [2026-07-09T17:39:17.227+0000] {dag.py:4180} INFO - Setting next_dagrun for dag_extract_dvizhenie to 2026-07-09 14:00:00+00:00, run_after=2026-07-09 16:00:00+00:00
[2026-07-09T17:39:17.233+0000] {processor.py:208} INFO - Processing /opt/airflow/dags/dag_extract_dvizhenie.py took 0.040 seconds
[2026-07-09T17:39:47.717+0000] {processor.py:186} INFO - Started process (PID=9896) to work on /opt/airflow/dags/dag_extract_dvizhenie.py
[2026-07-09T17:39:47.717+0000] {processor.py:914} INFO - Processing file /opt/airflow/dags/dag_extract_dvizhenie.py for tasks to queue
[2026-07-09T17:39:47.718+0000] {logging_mixin.py:190} INFO - [2026-07-09T17:39:47.718+0000] {dagbag.py:588} INFO - Filling up the DagBag from /opt/airflow/dags/dag_extract_dvizhenie.py
[2026-07-09T17:39:47.723+0000] {processor.py:925} INFO - DAG(s) 'dag_extract_dvizhenie' retrieved from /opt/airflow/dags/dag_extract_dvizhenie.py
[2026-07-09T17:39:47.735+0000] {logging_mixin.py:190} INFO - [2026-07-09T17:39:47.735+0000] {dag.py:3239} INFO - Sync 1 DAGs
[2026-07-09T17:39:47.823+0000] {logging_mixin.py:190} INFO - [2026-07-09T17:39:47.823+0000] {dag.py:4180} INFO - Setting next_dagrun for dag_extract_dvizhenie to 2026-07-09 14:00:00+00:00, run_after=2026-07-09 16:00:00+00:00
[2026-07-09T17:39:47.831+0000] {processor.py:208} INFO - Processing /opt/airflow/dags/dag_extract_dvizhenie.py took 0.117 seconds
[2026-07-09T17:40:18.350+0000] {processor.py:186} INFO - Started process (PID=9918) to work on /opt/airflow/dags/dag_extract_dvizhenie.py
[2026-07-09T17:40:18.351+0000] {processor.py:914} INFO - Processing file /opt/airflow/dags/dag_extract_dvizhenie.py for tasks to queue
[2026-07-09T17:40:18.352+0000] {logging_mixin.py:190} INFO - [2026-07-09T17:40:18.352+0000] {dagbag.py:588} INFO - Filling up the DagBag from /opt/airflow/dags/dag_extract_dvizhenie.py
[2026-07-09T17:40:18.356+0000] {processor.py:925} INFO - DAG(s) 'dag_extract_dvizhenie' retrieved from /opt/airflow/dags/dag_extract_dvizhenie.py
[2026-07-09T17:40:18.366+0000] {logging_mixin.py:190} INFO - [2026-07-09T17:40:18.366+0000] {dag.py:3239} INFO - Sync 1 DAGs
[2026-07-09T17:40:18.373+0000] {logging_mixin.py:190} INFO - [2026-07-09T17:40:18.373+0000] {dag.py:4180} INFO - Setting next_dagrun for dag_extract_dvizhenie to 2026-07-09 14:00:00+00:00, run_after=2026-07-09 16:00:00+00:00
[2026-07-09T17:40:18.378+0000] {processor.py:208} INFO - Processing /opt/airflow/dags/dag_extract_dvizhenie.py took 0.031 seconds
[2026-07-09T17:40:48.884+0000] {processor.py:186} INFO - Started process (PID=9938) to work on /opt/airflow/dags/dag_extract_dvizhenie.py
[2026-07-09T17:40:48.884+0000] {processor.py:914} INFO - Processing file /opt/airflow/dags/dag_extract_dvizhenie.py for tasks to queue
[2026-07-09T17:40:48.885+0000] {logging_mixin.py:190} INFO - [2026-07-09T17:40:48.885+0000] {dagbag.py:588} INFO - Filling up the DagBag from /opt/airflow/dags/dag_extract_dvizhenie.py
[2026-07-09T17:40:48.890+0000] {processor.py:925} INFO - DAG(s) 'dag_extract_dvizhenie' retrieved from /opt/airflow/dags/dag_extract_dvizhenie.py
[2026-07-09T17:40:48.900+0000] {logging_mixin.py:190} INFO - [2026-07-09T17:40:48.900+0000] {dag.py:3239} INFO - Sync 1 DAGs
[2026-07-09T17:40:48.907+0000] {logging_mixin.py:190} INFO - [2026-07-09T17:40:48.907+0000] {dag.py:4180} INFO - Setting next_dagrun for dag_extract_dvizhenie to 2026-07-09 14:00:00+00:00, run_after=2026-07-09 16:00:00+00:00
[2026-07-09T17:40:48.912+0000] {processor.py:208} INFO - Processing /opt/airflow/dags/dag_extract_dvizhenie.py took 0.030 seconds
[2026-07-09T17:41:19.444+0000] {processor.py:186} INFO - Started process (PID=9956) to work on /opt/airflow/dags/dag_extract_dvizhenie.py
[2026-07-09T17:41:19.445+0000] {processor.py:914} INFO - Processing file /opt/airflow/dags/dag_extract_dvizhenie.py for tasks to queue
[2026-07-09T17:41:19.446+0000] {logging_mixin.py:190} INFO - [2026-07-09T17:41:19.446+0000] {dagbag.py:588} INFO - Filling up the DagBag from /opt/airflow/dags/dag_extract_dvizhenie.py
[2026-07-09T17:41:19.451+0000] {processor.py:925} INFO - DAG(s) 'dag_extract_dvizhenie' retrieved from /opt/airflow/dags/dag_extract_dvizhenie.py
[2026-07-09T17:41:19.464+0000] {logging_mixin.py:190} INFO - [2026-07-09T17:41:19.464+0000] {dag.py:3239} INFO - Sync 1 DAGs
[2026-07-09T17:41:19.544+0000] {logging_mixin.py:190} INFO - [2026-07-09T17:41:19.544+0000] {dag.py:4180} INFO - Setting next_dagrun for dag_extract_dvizhenie to 2026-07-09 14:00:00+00:00, run_after=2026-07-09 16:00:00+00:00
[2026-07-09T17:41:19.551+0000] {processor.py:208} INFO - Processing /opt/airflow/dags/dag_extract_dvizhenie.py took 0.110 seconds
[2026-07-09T17:41:50.159+0000] {processor.py:186} INFO - Started process (PID=9978) to work on /opt/airflow/dags/dag_extract_dvizhenie.py
[2026-07-09T17:41:50.159+0000] {processor.py:914} INFO - Processing file /opt/airflow/dags/dag_extract_dvizhenie.py for tasks to queue
[2026-07-09T17:41:50.160+0000] {logging_mixin.py:190} INFO - [2026-07-09T17:41:50.160+0000] {dagbag.py:588} INFO - Filling up the DagBag from /opt/airflow/dags/dag_extract_dvizhenie.py
[2026-07-09T17:41:50.168+0000] {processor.py:925} INFO - DAG(s) 'dag_extract_dvizhenie' retrieved from /opt/airflow/dags/dag_extract_dvizhenie.py
[2026-07-09T17:41:50.181+0000] {logging_mixin.py:190} INFO - [2026-07-09T17:41:50.180+0000] {dag.py:3239} INFO - Sync 1 DAGs
[2026-07-09T17:41:50.189+0000] {logging_mixin.py:190} INFO - [2026-07-09T17:41:50.189+0000] {dag.py:4180} INFO - Setting next_dagrun for dag_extract_dvizhenie to 2026-07-09 14:00:00+00:00, run_after=2026-07-09 16:00:00+00:00
[2026-07-09T17:41:50.195+0000] {processor.py:208} INFO - Processing /opt/airflow/dags/dag_extract_dvizhenie.py took 0.039 seconds
[2026-07-09T17:42:20.645+0000] {processor.py:186} INFO - Started process (PID=9998) to work on /opt/airflow/dags/dag_extract_dvizhenie.py
[2026-07-09T17:42:20.645+0000] {processor.py:914} INFO - Processing file /opt/airflow/dags/dag_extract_dvizhenie.py for tasks to queue
[2026-07-09T17:42:20.646+0000] {logging_mixin.py:190} INFO - [2026-07-09T17:42:20.646+0000] {dagbag.py:588} INFO - Filling up the DagBag from /opt/airflow/dags/dag_extract_dvizhenie.py
[2026-07-09T17:42:20.650+0000] {processor.py:925} INFO - DAG(s) 'dag_extract_dvizhenie' retrieved from /opt/airflow/dags/dag_extract_dvizhenie.py
[2026-07-09T17:42:20.660+0000] {logging_mixin.py:190} INFO - [2026-07-09T17:42:20.660+0000] {dag.py:3239} INFO - Sync 1 DAGs
[2026-07-09T17:42:20.667+0000] {logging_mixin.py:190} INFO - [2026-07-09T17:42:20.667+0000] {dag.py:4180} INFO - Setting next_dagrun for dag_extract_dvizhenie to 2026-07-09 14:00:00+00:00, run_after=2026-07-09 16:00:00+00:00
[2026-07-09T17:42:20.672+0000] {processor.py:208} INFO - Processing /opt/airflow/dags/dag_extract_dvizhenie.py took 0.030 seconds
[2026-07-09T17:42:51.148+0000] {processor.py:186} INFO - Started process (PID=10018) to work on /opt/airflow/dags/dag_extract_dvizhenie.py
[2026-07-09T17:42:51.148+0000] {processor.py:914} INFO - Processing file /opt/airflow/dags/dag_extract_dvizhenie.py for tasks to queue
[2026-07-09T17:42:51.149+0000] {logging_mixin.py:190} INFO - [2026-07-09T17:42:51.149+0000] {dagbag.py:588} INFO - Filling up the DagBag from /opt/airflow/dags/dag_extract_dvizhenie.py
[2026-07-09T17:42:51.154+0000] {processor.py:925} INFO - DAG(s) 'dag_extract_dvizhenie' retrieved from /opt/airflow/dags/dag_extract_dvizhenie.py
[2026-07-09T17:42:51.163+0000] {logging_mixin.py:190} INFO - [2026-07-09T17:42:51.163+0000] {dag.py:3239} INFO - Sync 1 DAGs
[2026-07-09T17:42:51.170+0000] {logging_mixin.py:190} INFO - [2026-07-09T17:42:51.170+0000] {dag.py:4180} INFO - Setting next_dagrun for dag_extract_dvizhenie to 2026-07-09 14:00:00+00:00, run_after=2026-07-09 16:00:00+00:00
[2026-07-09T17:42:51.175+0000] {processor.py:208} INFO - Processing /opt/airflow/dags/dag_extract_dvizhenie.py took 0.030 seconds
[2026-07-09T17:43:21.633+0000] {processor.py:186} INFO - Started process (PID=10038) to work on /opt/airflow/dags/dag_extract_dvizhenie.py
[2026-07-09T17:43:21.633+0000] {processor.py:914} INFO - Processing file /opt/airflow/dags/dag_extract_dvizhenie.py for tasks to queue
[2026-07-09T17:43:21.634+0000] {logging_mixin.py:190} INFO - [2026-07-09T17:43:21.634+0000] {dagbag.py:588} INFO - Filling up the DagBag from /opt/airflow/dags/dag_extract_dvizhenie.py
[2026-07-09T17:43:21.639+0000] {processor.py:925} INFO - DAG(s) 'dag_extract_dvizhenie' retrieved from /opt/airflow/dags/dag_extract_dvizhenie.py
[2026-07-09T17:43:21.648+0000] {logging_mixin.py:190} INFO - [2026-07-09T17:43:21.648+0000] {dag.py:3239} INFO - Sync 1 DAGs
[2026-07-09T17:43:21.655+0000] {logging_mixin.py:190} INFO - [2026-07-09T17:43:21.655+0000] {dag.py:4180} INFO - Setting next_dagrun for dag_extract_dvizhenie to 2026-07-09 14:00:00+00:00, run_after=2026-07-09 16:00:00+00:00
[2026-07-09T17:43:21.660+0000] {processor.py:208} INFO - Processing /opt/airflow/dags/dag_extract_dvizhenie.py took 0.029 seconds
[2026-07-09T17:43:52.142+0000] {processor.py:186} INFO - Started process (PID=10058) to work on /opt/airflow/dags/dag_extract_dvizhenie.py
[2026-07-09T17:43:52.142+0000] {processor.py:914} INFO - Processing file /opt/airflow/dags/dag_extract_dvizhenie.py for tasks to queue
[2026-07-09T17:43:52.143+0000] {logging_mixin.py:190} INFO - [2026-07-09T17:43:52.143+0000] {dagbag.py:588} INFO - Filling up the DagBag from /opt/airflow/dags/dag_extract_dvizhenie.py
[2026-07-09T17:43:52.147+0000] {processor.py:925} INFO - DAG(s) 'dag_extract_dvizhenie' retrieved from /opt/airflow/dags/dag_extract_dvizhenie.py
[2026-07-09T17:43:52.157+0000] {logging_mixin.py:190} INFO - [2026-07-09T17:43:52.157+0000] {dag.py:3239} INFO - Sync 1 DAGs
[2026-07-09T17:43:52.164+0000] {logging_mixin.py:190} INFO - [2026-07-09T17:43:52.164+0000] {dag.py:4180} INFO - Setting next_dagrun for dag_extract_dvizhenie to 2026-07-09 14:00:00+00:00, run_after=2026-07-09 16:00:00+00:00
[2026-07-09T17:43:52.168+0000] {processor.py:208} INFO - Processing /opt/airflow/dags/dag_extract_dvizhenie.py took 0.029 seconds
[2026-07-09T17:44:22.624+0000] {processor.py:186} INFO - Started process (PID=10078) to work on /opt/airflow/dags/dag_extract_dvizhenie.py
[2026-07-09T17:44:22.624+0000] {processor.py:914} INFO - Processing file /opt/airflow/dags/dag_extract_dvizhenie.py for tasks to queue
[2026-07-09T17:44:22.625+0000] {logging_mixin.py:190} INFO - [2026-07-09T17:44:22.625+0000] {dagbag.py:588} INFO - Filling up the DagBag from /opt/airflow/dags/dag_extract_dvizhenie.py
[2026-07-09T17:44:22.629+0000] {processor.py:925} INFO - DAG(s) 'dag_extract_dvizhenie' retrieved from /opt/airflow/dags/dag_extract_dvizhenie.py
[2026-07-09T17:44:22.639+0000] {logging_mixin.py:190} INFO - [2026-07-09T17:44:22.639+0000] {dag.py:3239} INFO - Sync 1 DAGs
[2026-07-09T17:44:22.646+0000] {logging_mixin.py:190} INFO - [2026-07-09T17:44:22.646+0000] {dag.py:4180} INFO - Setting next_dagrun for dag_extract_dvizhenie to 2026-07-09 14:00:00+00:00, run_after=2026-07-09 16:00:00+00:00
[2026-07-09T17:44:22.651+0000] {processor.py:208} INFO - Processing /opt/airflow/dags/dag_extract_dvizhenie.py took 0.030 seconds
[2026-07-09T17:44:53.147+0000] {processor.py:186} INFO - Started process (PID=10098) to work on /opt/airflow/dags/dag_extract_dvizhenie.py
[2026-07-09T17:44:53.148+0000] {processor.py:914} INFO - Processing file /opt/airflow/dags/dag_extract_dvizhenie.py for tasks to queue
[2026-07-09T17:44:53.148+0000] {logging_mixin.py:190} INFO - [2026-07-09T17:44:53.148+0000] {dagbag.py:588} INFO - Filling up the DagBag from /opt/airflow/dags/dag_extract_dvizhenie.py
[2026-07-09T17:44:53.153+0000] {processor.py:925} INFO - DAG(s) 'dag_extract_dvizhenie' retrieved from /opt/airflow/dags/dag_extract_dvizhenie.py
[2026-07-09T17:44:53.163+0000] {logging_mixin.py:190} INFO - [2026-07-09T17:44:53.163+0000] {dag.py:3239} INFO - Sync 1 DAGs
[2026-07-09T17:44:53.170+0000] {logging_mixin.py:190} INFO - [2026-07-09T17:44:53.170+0000] {dag.py:4180} INFO - Setting next_dagrun for dag_extract_dvizhenie to 2026-07-09 14:00:00+00:00, run_after=2026-07-09 16:00:00+00:00
[2026-07-09T17:44:53.175+0000] {processor.py:208} INFO - Processing /opt/airflow/dags/dag_extract_dvizhenie.py took 0.030 seconds
[2026-07-09T17:45:23.613+0000] {processor.py:186} INFO - Started process (PID=10118) to work on /opt/airflow/dags/dag_extract_dvizhenie.py
[2026-07-09T17:45:23.613+0000] {processor.py:914} INFO - Processing file /opt/airflow/dags/dag_extract_dvizhenie.py for tasks to queue
[2026-07-09T17:45:23.614+0000] {logging_mixin.py:190} INFO - [2026-07-09T17:45:23.614+0000] {dagbag.py:588} INFO - Filling up the DagBag from /opt/airflow/dags/dag_extract_dvizhenie.py
[2026-07-09T17:45:23.618+0000] {processor.py:925} INFO - DAG(s) 'dag_extract_dvizhenie' retrieved from /opt/airflow/dags/dag_extract_dvizhenie.py
[2026-07-09T17:45:23.628+0000] {logging_mixin.py:190} INFO - [2026-07-09T17:45:23.628+0000] {dag.py:3239} INFO - Sync 1 DAGs
[2026-07-09T17:45:23.635+0000] {logging_mixin.py:190} INFO - [2026-07-09T17:45:23.635+0000] {dag.py:4180} INFO - Setting next_dagrun for dag_extract_dvizhenie to 2026-07-09 14:00:00+00:00, run_after=2026-07-09 16:00:00+00:00
[2026-07-09T17:45:23.640+0000] {processor.py:208} INFO - Processing /opt/airflow/dags/dag_extract_dvizhenie.py took 0.030 seconds
[2026-07-09T17:45:54.013+0000] {processor.py:186} INFO - Started process (PID=10138) to work on /opt/airflow/dags/dag_extract_dvizhenie.py
[2026-07-09T17:45:54.014+0000] {processor.py:914} INFO - Processing file /opt/airflow/dags/dag_extract_dvizhenie.py for tasks to queue
[2026-07-09T17:45:54.015+0000] {logging_mixin.py:190} INFO - [2026-07-09T17:45:54.015+0000] {dagbag.py:588} INFO - Filling up the DagBag from /opt/airflow/dags/dag_extract_dvizhenie.py
[2026-07-09T17:45:54.020+0000] {processor.py:925} INFO - DAG(s) 'dag_extract_dvizhenie' retrieved from /opt/airflow/dags/dag_extract_dvizhenie.py
[2026-07-09T17:45:54.033+0000] {logging_mixin.py:190} INFO - [2026-07-09T17:45:54.033+0000] {dag.py:3239} INFO - Sync 1 DAGs
[2026-07-09T17:45:54.041+0000] {logging_mixin.py:190} INFO - [2026-07-09T17:45:54.041+0000] {dag.py:4180} INFO - Setting next_dagrun for dag_extract_dvizhenie to 2026-07-09 14:00:00+00:00, run_after=2026-07-09 16:00:00+00:00
[2026-07-09T17:45:54.048+0000] {processor.py:208} INFO - Processing /opt/airflow/dags/dag_extract_dvizhenie.py took 0.037 seconds
[2026-07-09T17:46:24.504+0000] {processor.py:186} INFO - Started process (PID=10158) to work on /opt/airflow/dags/dag_extract_dvizhenie.py
[2026-07-09T17:46:24.505+0000] {processor.py:914} INFO - Processing file /opt/airflow/dags/dag_extract_dvizhenie.py for tasks to queue
[2026-07-09T17:46:24.506+0000] {logging_mixin.py:190} INFO - [2026-07-09T17:46:24.506+0000] {dagbag.py:588} INFO - Filling up the DagBag from /opt/airflow/dags/dag_extract_dvizhenie.py
[2026-07-09T17:46:24.511+0000] {processor.py:925} INFO - DAG(s) 'dag_extract_dvizhenie' retrieved from /opt/airflow/dags/dag_extract_dvizhenie.py
[2026-07-09T17:46:24.525+0000] {logging_mixin.py:190} INFO - [2026-07-09T17:46:24.525+0000] {dag.py:3239} INFO - Sync 1 DAGs
[2026-07-09T17:46:24.534+0000] {logging_mixin.py:190} INFO - [2026-07-09T17:46:24.534+0000] {dag.py:4180} INFO - Setting next_dagrun for dag_extract_dvizhenie to 2026-07-09 14:00:00+00:00, run_after=2026-07-09 16:00:00+00:00
[2026-07-09T17:46:24.542+0000] {processor.py:208} INFO - Processing /opt/airflow/dags/dag_extract_dvizhenie.py took 0.041 seconds
[2026-07-09T17:46:54.978+0000] {processor.py:186} INFO - Started process (PID=10178) to work on /opt/airflow/dags/dag_extract_dvizhenie.py
[2026-07-09T17:46:54.979+0000] {processor.py:914} INFO - Processing file /opt/airflow/dags/dag_extract_dvizhenie.py for tasks to queue
[2026-07-09T17:46:54.979+0000] {logging_mixin.py:190} INFO - [2026-07-09T17:46:54.979+0000] {dagbag.py:588} INFO - Filling up the DagBag from /opt/airflow/dags/dag_extract_dvizhenie.py
[2026-07-09T17:46:54.984+0000] {processor.py:925} INFO - DAG(s) 'dag_extract_dvizhenie' retrieved from /opt/airflow/dags/dag_extract_dvizhenie.py
[2026-07-09T17:46:54.994+0000] {logging_mixin.py:190} INFO - [2026-07-09T17:46:54.994+0000] {dag.py:3239} INFO - Sync 1 DAGs
[2026-07-09T17:46:55.001+0000] {logging_mixin.py:190} INFO - [2026-07-09T17:46:55.001+0000] {dag.py:4180} INFO - Setting next_dagrun for dag_extract_dvizhenie to 2026-07-09 14:00:00+00:00, run_after=2026-07-09 16:00:00+00:00
[2026-07-09T17:46:55.005+0000] {processor.py:208} INFO - Processing /opt/airflow/dags/dag_extract_dvizhenie.py took 0.029 seconds
[2026-07-09T17:47:25.471+0000] {processor.py:186} INFO - Started process (PID=10198) to work on /opt/airflow/dags/dag_extract_dvizhenie.py
[2026-07-09T17:47:25.472+0000] {processor.py:914} INFO - Processing file /opt/airflow/dags/dag_extract_dvizhenie.py for tasks to queue
[2026-07-09T17:47:25.473+0000] {logging_mixin.py:190} INFO - [2026-07-09T17:47:25.473+0000] {dagbag.py:588} INFO - Filling up the DagBag from /opt/airflow/dags/dag_extract_dvizhenie.py
[2026-07-09T17:47:25.478+0000] {processor.py:925} INFO - DAG(s) 'dag_extract_dvizhenie' retrieved from /opt/airflow/dags/dag_extract_dvizhenie.py
[2026-07-09T17:47:25.490+0000] {logging_mixin.py:190} INFO - [2026-07-09T17:47:25.490+0000] {dag.py:3239} INFO - Sync 1 DAGs
[2026-07-09T17:47:25.502+0000] {logging_mixin.py:190} INFO - [2026-07-09T17:47:25.502+0000] {dag.py:4180} INFO - Setting next_dagrun for dag_extract_dvizhenie to 2026-07-09 14:00:00+00:00, run_after=2026-07-09 16:00:00+00:00
[2026-07-09T17:47:25.508+0000] {processor.py:208} INFO - Processing /opt/airflow/dags/dag_extract_dvizhenie.py took 0.040 seconds
[2026-07-09T17:47:55.973+0000] {processor.py:186} INFO - Started process (PID=10218) to work on /opt/airflow/dags/dag_extract_dvizhenie.py
[2026-07-09T17:47:55.974+0000] {processor.py:914} INFO - Processing file /opt/airflow/dags/dag_extract_dvizhenie.py for tasks to queue
[2026-07-09T17:47:55.975+0000] {logging_mixin.py:190} INFO - [2026-07-09T17:47:55.975+0000] {dagbag.py:588} INFO - Filling up the DagBag from /opt/airflow/dags/dag_extract_dvizhenie.py
[2026-07-09T17:47:55.980+0000] {processor.py:925} INFO - DAG(s) 'dag_extract_dvizhenie' retrieved from /opt/airflow/dags/dag_extract_dvizhenie.py
[2026-07-09T17:47:55.989+0000] {logging_mixin.py:190} INFO - [2026-07-09T17:47:55.989+0000] {dag.py:3239} INFO - Sync 1 DAGs
[2026-07-09T17:47:55.996+0000] {logging_mixin.py:190} INFO - [2026-07-09T17:47:55.996+0000] {dag.py:4180} INFO - Setting next_dagrun for dag_extract_dvizhenie to 2026-07-09 14:00:00+00:00, run_after=2026-07-09 16:00:00+00:00
[2026-07-09T17:47:56.001+0000] {processor.py:208} INFO - Processing /opt/airflow/dags/dag_extract_dvizhenie.py took 0.031 seconds
[2026-07-09T17:48:26.440+0000] {processor.py:186} INFO - Started process (PID=10238) to work on /opt/airflow/dags/dag_extract_dvizhenie.py
[2026-07-09T17:48:26.441+0000] {processor.py:914} INFO - Processing file /opt/airflow/dags/dag_extract_dvizhenie.py for tasks to queue
[2026-07-09T17:48:26.442+0000] {logging_mixin.py:190} INFO - [2026-07-09T17:48:26.441+0000] {dagbag.py:588} INFO - Filling up the DagBag from /opt/airflow/dags/dag_extract_dvizhenie.py
[2026-07-09T17:48:26.446+0000] {processor.py:925} INFO - DAG(s) 'dag_extract_dvizhenie' retrieved from /opt/airflow/dags/dag_extract_dvizhenie.py
[2026-07-09T17:48:26.456+0000] {logging_mixin.py:190} INFO - [2026-07-09T17:48:26.456+0000] {dag.py:3239} INFO - Sync 1 DAGs
[2026-07-09T17:48:26.463+0000] {logging_mixin.py:190} INFO - [2026-07-09T17:48:26.463+0000] {dag.py:4180} INFO - Setting next_dagrun for dag_extract_dvizhenie to 2026-07-09 14:00:00+00:00, run_after=2026-07-09 16:00:00+00:00
[2026-07-09T17:48:26.467+0000] {processor.py:208} INFO - Processing /opt/airflow/dags/dag_extract_dvizhenie.py took 0.029 seconds
[2026-07-09T17:48:56.979+0000] {processor.py:186} INFO - Started process (PID=10258) to work on /opt/airflow/dags/dag_extract_dvizhenie.py
[2026-07-09T17:48:56.979+0000] {processor.py:914} INFO - Processing file /opt/airflow/dags/dag_extract_dvizhenie.py for tasks to queue
[2026-07-09T17:48:56.980+0000] {logging_mixin.py:190} INFO - [2026-07-09T17:48:56.980+0000] {dagbag.py:588} INFO - Filling up the DagBag from /opt/airflow/dags/dag_extract_dvizhenie.py
[2026-07-09T17:48:56.985+0000] {processor.py:925} INFO - DAG(s) 'dag_extract_dvizhenie' retrieved from /opt/airflow/dags/dag_extract_dvizhenie.py
[2026-07-09T17:48:56.994+0000] {logging_mixin.py:190} INFO - [2026-07-09T17:48:56.994+0000] {dag.py:3239} INFO - Sync 1 DAGs
[2026-07-09T17:48:57.001+0000] {logging_mixin.py:190} INFO - [2026-07-09T17:48:57.001+0000] {dag.py:4180} INFO - Setting next_dagrun for dag_extract_dvizhenie to 2026-07-09 14:00:00+00:00, run_after=2026-07-09 16:00:00+00:00
[2026-07-09T17:48:57.006+0000] {processor.py:208} INFO - Processing /opt/airflow/dags/dag_extract_dvizhenie.py took 0.029 seconds
[2026-07-09T17:49:27.497+0000] {processor.py:186} INFO - Started process (PID=10278) to work on /opt/airflow/dags/dag_extract_dvizhenie.py
[2026-07-09T17:49:27.498+0000] {processor.py:914} INFO - Processing file /opt/airflow/dags/dag_extract_dvizhenie.py for tasks to queue
[2026-07-09T17:49:27.499+0000] {logging_mixin.py:190} INFO - [2026-07-09T17:49:27.499+0000] {dagbag.py:588} INFO - Filling up the DagBag from /opt/airflow/dags/dag_extract_dvizhenie.py
[2026-07-09T17:49:27.505+0000] {processor.py:925} INFO - DAG(s) 'dag_extract_dvizhenie' retrieved from /opt/airflow/dags/dag_extract_dvizhenie.py
[2026-07-09T17:49:27.517+0000] {logging_mixin.py:190} INFO - [2026-07-09T17:49:27.517+0000] {dag.py:3239} INFO - Sync 1 DAGs
[2026-07-09T17:49:27.526+0000] {logging_mixin.py:190} INFO - [2026-07-09T17:49:27.526+0000] {dag.py:4180} INFO - Setting next_dagrun for dag_extract_dvizhenie to 2026-07-09 14:00:00+00:00, run_after=2026-07-09 16:00:00+00:00
[2026-07-09T17:49:27.533+0000] {processor.py:208} INFO - Processing /opt/airflow/dags/dag_extract_dvizhenie.py took 0.038 seconds
[2026-07-09T17:49:57.964+0000] {processor.py:186} INFO - Started process (PID=10298) to work on /opt/airflow/dags/dag_extract_dvizhenie.py
[2026-07-09T17:49:57.965+0000] {processor.py:914} INFO - Processing file /opt/airflow/dags/dag_extract_dvizhenie.py for tasks to queue
[2026-07-09T17:49:57.966+0000] {logging_mixin.py:190} INFO - [2026-07-09T17:49:57.966+0000] {dagbag.py:588} INFO - Filling up the DagBag from /opt/airflow/dags/dag_extract_dvizhenie.py
[2026-07-09T17:49:57.971+0000] {processor.py:925} INFO - DAG(s) 'dag_extract_dvizhenie' retrieved from /opt/airflow/dags/dag_extract_dvizhenie.py
[2026-07-09T17:49:57.983+0000] {logging_mixin.py:190} INFO - [2026-07-09T17:49:57.983+0000] {dag.py:3239} INFO - Sync 1 DAGs
[2026-07-09T17:49:57.990+0000] {logging_mixin.py:190} INFO - [2026-07-09T17:49:57.989+0000] {dag.py:4180} INFO - Setting next_dagrun for dag_extract_dvizhenie to 2026-07-09 14:00:00+00:00, run_after=2026-07-09 16:00:00+00:00
[2026-07-09T17:49:57.994+0000] {processor.py:208} INFO - Processing /opt/airflow/dags/dag_extract_dvizhenie.py took 0.033 seconds
[2026-07-09T17:50:28.474+0000] {processor.py:186} INFO - Started process (PID=10318) to work on /opt/airflow/dags/dag_extract_dvizhenie.py
[2026-07-09T17:50:28.474+0000] {processor.py:914} INFO - Processing file /opt/airflow/dags/dag_extract_dvizhenie.py for tasks to queue
[2026-07-09T17:50:28.475+0000] {logging_mixin.py:190} INFO - [2026-07-09T17:50:28.475+0000] {dagbag.py:588} INFO - Filling up the DagBag from /opt/airflow/dags/dag_extract_dvizhenie.py
[2026-07-09T17:50:28.480+0000] {processor.py:925} INFO - DAG(s) 'dag_extract_dvizhenie' retrieved from /opt/airflow/dags/dag_extract_dvizhenie.py
[2026-07-09T17:50:28.489+0000] {logging_mixin.py:190} INFO - [2026-07-09T17:50:28.489+0000] {dag.py:3239} INFO - Sync 1 DAGs
[2026-07-09T17:50:28.497+0000] {logging_mixin.py:190} INFO - [2026-07-09T17:50:28.497+0000] {dag.py:4180} INFO - Setting next_dagrun for dag_extract_dvizhenie to 2026-07-09 14:00:00+00:00, run_after=2026-07-09 16:00:00+00:00
[2026-07-09T17:50:28.502+0000] {processor.py:208} INFO - Processing /opt/airflow/dags/dag_extract_dvizhenie.py took 0.030 seconds
[2026-07-09T17:50:58.953+0000] {processor.py:186} INFO - Started process (PID=10338) to work on /opt/airflow/dags/dag_extract_dvizhenie.py
[2026-07-09T17:50:58.953+0000] {processor.py:914} INFO - Processing file /opt/airflow/dags/dag_extract_dvizhenie.py for tasks to queue
[2026-07-09T17:50:58.954+0000] {logging_mixin.py:190} INFO - [2026-07-09T17:50:58.954+0000] {dagbag.py:588} INFO - Filling up the DagBag from /opt/airflow/dags/dag_extract_dvizhenie.py
[2026-07-09T17:50:58.958+0000] {processor.py:925} INFO - DAG(s) 'dag_extract_dvizhenie' retrieved from /opt/airflow/dags/dag_extract_dvizhenie.py
[2026-07-09T17:50:58.967+0000] {logging_mixin.py:190} INFO - [2026-07-09T17:50:58.967+0000] {dag.py:3239} INFO - Sync 1 DAGs
[2026-07-09T17:50:58.974+0000] {logging_mixin.py:190} INFO - [2026-07-09T17:50:58.974+0000] {dag.py:4180} INFO - Setting next_dagrun for dag_extract_dvizhenie to 2026-07-09 14:00:00+00:00, run_after=2026-07-09 16:00:00+00:00
[2026-07-09T17:50:58.979+0000] {processor.py:208} INFO - Processing /opt/airflow/dags/dag_extract_dvizhenie.py took 0.029 seconds
[2026-07-09T17:51:29.466+0000] {processor.py:186} INFO - Started process (PID=10358) to work on /opt/airflow/dags/dag_extract_dvizhenie.py
[2026-07-09T17:51:29.467+0000] {processor.py:914} INFO - Processing file /opt/airflow/dags/dag_extract_dvizhenie.py for tasks to queue
[2026-07-09T17:51:29.467+0000] {logging_mixin.py:190} INFO - [2026-07-09T17:51:29.467+0000] {dagbag.py:588} INFO - Filling up the DagBag from /opt/airflow/dags/dag_extract_dvizhenie.py
[2026-07-09T17:51:29.472+0000] {processor.py:925} INFO - DAG(s) 'dag_extract_dvizhenie' retrieved from /opt/airflow/dags/dag_extract_dvizhenie.py
[2026-07-09T17:51:29.481+0000] {logging_mixin.py:190} INFO - [2026-07-09T17:51:29.481+0000] {dag.py:3239} INFO - Sync 1 DAGs
[2026-07-09T17:51:29.488+0000] {logging_mixin.py:190} INFO - [2026-07-09T17:51:29.488+0000] {dag.py:4180} INFO - Setting next_dagrun for dag_extract_dvizhenie to 2026-07-09 14:00:00+00:00, run_after=2026-07-09 16:00:00+00:00
[2026-07-09T17:51:29.493+0000] {processor.py:208} INFO - Processing /opt/airflow/dags/dag_extract_dvizhenie.py took 0.029 seconds
[2026-07-09T17:51:59.948+0000] {processor.py:186} INFO - Started process (PID=10378) to work on /opt/airflow/dags/dag_extract_dvizhenie.py
[2026-07-09T17:51:59.948+0000] {processor.py:914} INFO - Processing file /opt/airflow/dags/dag_extract_dvizhenie.py for tasks to queue
[2026-07-09T17:51:59.949+0000] {logging_mixin.py:190} INFO - [2026-07-09T17:51:59.949+0000] {dagbag.py:588} INFO - Filling up the DagBag from /opt/airflow/dags/dag_extract_dvizhenie.py
[2026-07-09T17:51:59.953+0000] {processor.py:925} INFO - DAG(s) 'dag_extract_dvizhenie' retrieved from /opt/airflow/dags/dag_extract_dvizhenie.py
[2026-07-09T17:51:59.963+0000] {logging_mixin.py:190} INFO - [2026-07-09T17:51:59.963+0000] {dag.py:3239} INFO - Sync 1 DAGs
[2026-07-09T17:51:59.971+0000] {logging_mixin.py:190} INFO - [2026-07-09T17:51:59.970+0000] {dag.py:4180} INFO - Setting next_dagrun for dag_extract_dvizhenie to 2026-07-09 14:00:00+00:00, run_after=2026-07-09 16:00:00+00:00
[2026-07-09T17:51:59.975+0000] {processor.py:208} INFO - Processing /opt/airflow/dags/dag_extract_dvizhenie.py took 0.030 seconds
[2026-07-09T17:52:30.513+0000] {processor.py:186} INFO - Started process (PID=10398) to work on /opt/airflow/dags/dag_extract_dvizhenie.py
[2026-07-09T17:52:30.513+0000] {processor.py:914} INFO - Processing file /opt/airflow/dags/dag_extract_dvizhenie.py for tasks to queue
[2026-07-09T17:52:30.514+0000] {logging_mixin.py:190} INFO - [2026-07-09T17:52:30.514+0000] {dagbag.py:588} INFO - Filling up the DagBag from /opt/airflow/dags/dag_extract_dvizhenie.py
[2026-07-09T17:52:30.519+0000] {processor.py:925} INFO - DAG(s) 'dag_extract_dvizhenie' retrieved from /opt/airflow/dags/dag_extract_dvizhenie.py
[2026-07-09T17:52:30.530+0000] {logging_mixin.py:190} INFO - [2026-07-09T17:52:30.530+0000] {dag.py:3239} INFO - Sync 1 DAGs
[2026-07-09T17:52:30.538+0000] {logging_mixin.py:190} INFO - [2026-07-09T17:52:30.538+0000] {dag.py:4180} INFO - Setting next_dagrun for dag_extract_dvizhenie to 2026-07-09 14:00:00+00:00, run_after=2026-07-09 16:00:00+00:00
[2026-07-09T17:52:30.543+0000] {processor.py:208} INFO - Processing /opt/airflow/dags/dag_extract_dvizhenie.py took 0.034 seconds
[2026-07-09T17:53:01.030+0000] {processor.py:186} INFO - Started process (PID=10418) to work on /opt/airflow/dags/dag_extract_dvizhenie.py
[2026-07-09T17:53:01.030+0000] {processor.py:914} INFO - Processing file /opt/airflow/dags/dag_extract_dvizhenie.py for tasks to queue
[2026-07-09T17:53:01.031+0000] {logging_mixin.py:190} INFO - [2026-07-09T17:53:01.031+0000] {dagbag.py:588} INFO - Filling up the DagBag from /opt/airflow/dags/dag_extract_dvizhenie.py
[2026-07-09T17:53:01.035+0000] {processor.py:925} INFO - DAG(s) 'dag_extract_dvizhenie' retrieved from /opt/airflow/dags/dag_extract_dvizhenie.py
[2026-07-09T17:53:01.045+0000] {logging_mixin.py:190} INFO - [2026-07-09T17:53:01.045+0000] {dag.py:3239} INFO - Sync 1 DAGs
[2026-07-09T17:53:01.053+0000] {logging_mixin.py:190} INFO - [2026-07-09T17:53:01.053+0000] {dag.py:4180} INFO - Setting next_dagrun for dag_extract_dvizhenie to 2026-07-09 14:00:00+00:00, run_after=2026-07-09 16:00:00+00:00
[2026-07-09T17:53:01.058+0000] {processor.py:208} INFO - Processing /opt/airflow/dags/dag_extract_dvizhenie.py took 0.031 seconds
[2026-07-09T17:53:31.520+0000] {processor.py:186} INFO - Started process (PID=10438) to work on /opt/airflow/dags/dag_extract_dvizhenie.py
[2026-07-09T17:53:31.520+0000] {processor.py:914} INFO - Processing file /opt/airflow/dags/dag_extract_dvizhenie.py for tasks to queue
[2026-07-09T17:53:31.521+0000] {logging_mixin.py:190} INFO - [2026-07-09T17:53:31.521+0000] {dagbag.py:588} INFO - Filling up the DagBag from /opt/airflow/dags/dag_extract_dvizhenie.py
[2026-07-09T17:53:31.525+0000] {processor.py:925} INFO - DAG(s) 'dag_extract_dvizhenie' retrieved from /opt/airflow/dags/dag_extract_dvizhenie.py
[2026-07-09T17:53:31.535+0000] {logging_mixin.py:190} INFO - [2026-07-09T17:53:31.535+0000] {dag.py:3239} INFO - Sync 1 DAGs
[2026-07-09T17:53:31.542+0000] {logging_mixin.py:190} INFO - [2026-07-09T17:53:31.542+0000] {dag.py:4180} INFO - Setting next_dagrun for dag_extract_dvizhenie to 2026-07-09 14:00:00+00:00, run_after=2026-07-09 16:00:00+00:00
[2026-07-09T17:53:31.547+0000] {processor.py:208} INFO - Processing /opt/airflow/dags/dag_extract_dvizhenie.py took 0.030 seconds
[2026-07-09T17:54:02.060+0000] {processor.py:186} INFO - Started process (PID=10458) to work on /opt/airflow/dags/dag_extract_dvizhenie.py
[2026-07-09T17:54:02.060+0000] {processor.py:914} INFO - Processing file /opt/airflow/dags/dag_extract_dvizhenie.py for tasks to queue
[2026-07-09T17:54:02.061+0000] {logging_mixin.py:190} INFO - [2026-07-09T17:54:02.061+0000] {dagbag.py:588} INFO - Filling up the DagBag from /opt/airflow/dags/dag_extract_dvizhenie.py
[2026-07-09T17:54:02.065+0000] {processor.py:925} INFO - DAG(s) 'dag_extract_dvizhenie' retrieved from /opt/airflow/dags/dag_extract_dvizhenie.py
[2026-07-09T17:54:02.075+0000] {logging_mixin.py:190} INFO - [2026-07-09T17:54:02.075+0000] {dag.py:3239} INFO - Sync 1 DAGs
[2026-07-09T17:54:02.082+0000] {logging_mixin.py:190} INFO - [2026-07-09T17:54:02.082+0000] {dag.py:4180} INFO - Setting next_dagrun for dag_extract_dvizhenie to 2026-07-09 14:00:00+00:00, run_after=2026-07-09 16:00:00+00:00
[2026-07-09T17:54:02.086+0000] {processor.py:208} INFO - Processing /opt/airflow/dags/dag_extract_dvizhenie.py took 0.029 seconds
[2026-07-09T17:54:32.545+0000] {processor.py:186} INFO - Started process (PID=10478) to work on /opt/airflow/dags/dag_extract_dvizhenie.py
[2026-07-09T17:54:32.545+0000] {processor.py:914} INFO - Processing file /opt/airflow/dags/dag_extract_dvizhenie.py for tasks to queue
[2026-07-09T17:54:32.546+0000] {logging_mixin.py:190} INFO - [2026-07-09T17:54:32.546+0000] {dagbag.py:588} INFO - Filling up the DagBag from /opt/airflow/dags/dag_extract_dvizhenie.py
[2026-07-09T17:54:32.550+0000] {processor.py:925} INFO - DAG(s) 'dag_extract_dvizhenie' retrieved from /opt/airflow/dags/dag_extract_dvizhenie.py
[2026-07-09T17:54:32.560+0000] {logging_mixin.py:190} INFO - [2026-07-09T17:54:32.560+0000] {dag.py:3239} INFO - Sync 1 DAGs
[2026-07-09T17:54:32.567+0000] {logging_mixin.py:190} INFO - [2026-07-09T17:54:32.567+0000] {dag.py:4180} INFO - Setting next_dagrun for dag_extract_dvizhenie to 2026-07-09 14:00:00+00:00, run_after=2026-07-09 16:00:00+00:00
[2026-07-09T17:54:32.571+0000] {processor.py:208} INFO - Processing /opt/airflow/dags/dag_extract_dvizhenie.py took 0.029 seconds
[2026-07-09T17:55:03.048+0000] {processor.py:186} INFO - Started process (PID=10498) to work on /opt/airflow/dags/dag_extract_dvizhenie.py
[2026-07-09T17:55:03.049+0000] {processor.py:914} INFO - Processing file /opt/airflow/dags/dag_extract_dvizhenie.py for tasks to queue
[2026-07-09T17:55:03.049+0000] {logging_mixin.py:190} INFO - [2026-07-09T17:55:03.049+0000] {dagbag.py:588} INFO - Filling up the DagBag from /opt/airflow/dags/dag_extract_dvizhenie.py
[2026-07-09T17:55:03.054+0000] {processor.py:925} INFO - DAG(s) 'dag_extract_dvizhenie' retrieved from /opt/airflow/dags/dag_extract_dvizhenie.py
[2026-07-09T17:55:03.064+0000] {logging_mixin.py:190} INFO - [2026-07-09T17:55:03.064+0000] {dag.py:3239} INFO - Sync 1 DAGs
[2026-07-09T17:55:03.072+0000] {logging_mixin.py:190} INFO - [2026-07-09T17:55:03.072+0000] {dag.py:4180} INFO - Setting next_dagrun for dag_extract_dvizhenie to 2026-07-09 14:00:00+00:00, run_after=2026-07-09 16:00:00+00:00
[2026-07-09T17:55:03.079+0000] {processor.py:208} INFO - Processing /opt/airflow/dags/dag_extract_dvizhenie.py took 0.033 seconds
[2026-07-09T17:55:33.530+0000] {processor.py:186} INFO - Started process (PID=10518) to work on /opt/airflow/dags/dag_extract_dvizhenie.py
[2026-07-09T17:55:33.530+0000] {processor.py:914} INFO - Processing file /opt/airflow/dags/dag_extract_dvizhenie.py for tasks to queue
[2026-07-09T17:55:33.531+0000] {logging_mixin.py:190} INFO - [2026-07-09T17:55:33.531+0000] {dagbag.py:588} INFO - Filling up the DagBag from /opt/airflow/dags/dag_extract_dvizhenie.py
[2026-07-09T17:55:33.536+0000] {processor.py:925} INFO - DAG(s) 'dag_extract_dvizhenie' retrieved from /opt/airflow/dags/dag_extract_dvizhenie.py
[2026-07-09T17:55:33.546+0000] {logging_mixin.py:190} INFO - [2026-07-09T17:55:33.546+0000] {dag.py:3239} INFO - Sync 1 DAGs
[2026-07-09T17:55:33.554+0000] {logging_mixin.py:190} INFO - [2026-07-09T17:55:33.553+0000] {dag.py:4180} INFO - Setting next_dagrun for dag_extract_dvizhenie to 2026-07-09 14:00:00+00:00, run_after=2026-07-09 16:00:00+00:00
[2026-07-09T17:55:33.559+0000] {processor.py:208} INFO - Processing /opt/airflow/dags/dag_extract_dvizhenie.py took 0.032 seconds
[2026-07-09T17:56:04.063+0000] {processor.py:186} INFO - Started process (PID=10538) to work on /opt/airflow/dags/dag_extract_dvizhenie.py
[2026-07-09T17:56:04.064+0000] {processor.py:914} INFO - Processing file /opt/airflow/dags/dag_extract_dvizhenie.py for tasks to queue
[2026-07-09T17:56:04.064+0000] {logging_mixin.py:190} INFO - [2026-07-09T17:56:04.064+0000] {dagbag.py:588} INFO - Filling up the DagBag from /opt/airflow/dags/dag_extract_dvizhenie.py
[2026-07-09T17:56:04.069+0000] {processor.py:925} INFO - DAG(s) 'dag_extract_dvizhenie' retrieved from /opt/airflow/dags/dag_extract_dvizhenie.py
[2026-07-09T17:56:04.078+0000] {logging_mixin.py:190} INFO - [2026-07-09T17:56:04.078+0000] {dag.py:3239} INFO - Sync 1 DAGs
[2026-07-09T17:56:04.085+0000] {logging_mixin.py:190} INFO - [2026-07-09T17:56:04.085+0000] {dag.py:4180} INFO - Setting next_dagrun for dag_extract_dvizhenie to 2026-07-09 14:00:00+00:00, run_after=2026-07-09 16:00:00+00:00
[2026-07-09T17:56:04.090+0000] {processor.py:208} INFO - Processing /opt/airflow/dags/dag_extract_dvizhenie.py took 0.029 seconds
[2026-07-09T17:56:34.546+0000] {processor.py:186} INFO - Started process (PID=10558) to work on /opt/airflow/dags/dag_extract_dvizhenie.py
[2026-07-09T17:56:34.547+0000] {processor.py:914} INFO - Processing file /opt/airflow/dags/dag_extract_dvizhenie.py for tasks to queue
[2026-07-09T17:56:34.548+0000] {logging_mixin.py:190} INFO - [2026-07-09T17:56:34.548+0000] {dagbag.py:588} INFO - Filling up the DagBag from /opt/airflow/dags/dag_extract_dvizhenie.py
[2026-07-09T17:56:34.552+0000] {processor.py:925} INFO - DAG(s) 'dag_extract_dvizhenie' retrieved from /opt/airflow/dags/dag_extract_dvizhenie.py
[2026-07-09T17:56:34.562+0000] {logging_mixin.py:190} INFO - [2026-07-09T17:56:34.562+0000] {dag.py:3239} INFO - Sync 1 DAGs
[2026-07-09T17:56:34.569+0000] {logging_mixin.py:190} INFO - [2026-07-09T17:56:34.569+0000] {dag.py:4180} INFO - Setting next_dagrun for dag_extract_dvizhenie to 2026-07-09 14:00:00+00:00, run_after=2026-07-09 16:00:00+00:00
[2026-07-09T17:56:34.573+0000] {processor.py:208} INFO - Processing /opt/airflow/dags/dag_extract_dvizhenie.py took 0.029 seconds
[2026-07-09T17:57:05.058+0000] {processor.py:186} INFO - Started process (PID=10578) to work on /opt/airflow/dags/dag_extract_dvizhenie.py
[2026-07-09T17:57:05.058+0000] {processor.py:914} INFO - Processing file /opt/airflow/dags/dag_extract_dvizhenie.py for tasks to queue
[2026-07-09T17:57:05.059+0000] {logging_mixin.py:190} INFO - [2026-07-09T17:57:05.059+0000] {dagbag.py:588} INFO - Filling up the DagBag from /opt/airflow/dags/dag_extract_dvizhenie.py
[2026-07-09T17:57:05.063+0000] {processor.py:925} INFO - DAG(s) 'dag_extract_dvizhenie' retrieved from /opt/airflow/dags/dag_extract_dvizhenie.py
[2026-07-09T17:57:05.073+0000] {logging_mixin.py:190} INFO - [2026-07-09T17:57:05.073+0000] {dag.py:3239} INFO - Sync 1 DAGs
[2026-07-09T17:57:05.080+0000] {logging_mixin.py:190} INFO - [2026-07-09T17:57:05.080+0000] {dag.py:4180} INFO - Setting next_dagrun for dag_extract_dvizhenie to 2026-07-09 14:00:00+00:00, run_after=2026-07-09 16:00:00+00:00
[2026-07-09T17:57:05.085+0000] {processor.py:208} INFO - Processing /opt/airflow/dags/dag_extract_dvizhenie.py took 0.030 seconds
[2026-07-09T17:57:35.445+0000] {processor.py:186} INFO - Started process (PID=10598) to work on /opt/airflow/dags/dag_extract_dvizhenie.py
[2026-07-09T17:57:35.445+0000] {processor.py:914} INFO - Processing file /opt/airflow/dags/dag_extract_dvizhenie.py for tasks to queue
[2026-07-09T17:57:35.446+0000] {logging_mixin.py:190} INFO - [2026-07-09T17:57:35.446+0000] {dagbag.py:588} INFO - Filling up the DagBag from /opt/airflow/dags/dag_extract_dvizhenie.py
[2026-07-09T17:57:35.452+0000] {processor.py:925} INFO - DAG(s) 'dag_extract_dvizhenie' retrieved from /opt/airflow/dags/dag_extract_dvizhenie.py
[2026-07-09T17:57:35.466+0000] {logging_mixin.py:190} INFO - [2026-07-09T17:57:35.466+0000] {dag.py:3239} INFO - Sync 1 DAGs
[2026-07-09T17:57:35.475+0000] {logging_mixin.py:190} INFO - [2026-07-09T17:57:35.474+0000] {dag.py:4180} INFO - Setting next_dagrun for dag_extract_dvizhenie to 2026-07-09 14:00:00+00:00, run_after=2026-07-09 16:00:00+00:00
[2026-07-09T17:57:35.482+0000] {processor.py:208} INFO - Processing /opt/airflow/dags/dag_extract_dvizhenie.py took 0.040 seconds
[2026-07-09T17:58:05.986+0000] {processor.py:186} INFO - Started process (PID=10618) to work on /opt/airflow/dags/dag_extract_dvizhenie.py
[2026-07-09T17:58:05.986+0000] {processor.py:914} INFO - Processing file /opt/airflow/dags/dag_extract_dvizhenie.py for tasks to queue
[2026-07-09T17:58:05.987+0000] {logging_mixin.py:190} INFO - [2026-07-09T17:58:05.987+0000] {dagbag.py:588} INFO - Filling up the DagBag from /opt/airflow/dags/dag_extract_dvizhenie.py
[2026-07-09T17:58:05.991+0000] {processor.py:925} INFO - DAG(s) 'dag_extract_dvizhenie' retrieved from /opt/airflow/dags/dag_extract_dvizhenie.py
[2026-07-09T17:58:06.001+0000] {logging_mixin.py:190} INFO - [2026-07-09T17:58:06.001+0000] {dag.py:3239} INFO - Sync 1 DAGs
[2026-07-09T17:58:06.008+0000] {logging_mixin.py:190} INFO - [2026-07-09T17:58:06.008+0000] {dag.py:4180} INFO - Setting next_dagrun for dag_extract_dvizhenie to 2026-07-09 14:00:00+00:00, run_after=2026-07-09 16:00:00+00:00
[2026-07-09T17:58:06.013+0000] {processor.py:208} INFO - Processing /opt/airflow/dags/dag_extract_dvizhenie.py took 0.029 seconds
[2026-07-09T17:58:36.460+0000] {processor.py:186} INFO - Started process (PID=10638) to work on /opt/airflow/dags/dag_extract_dvizhenie.py
[2026-07-09T17:58:36.461+0000] {processor.py:914} INFO - Processing file /opt/airflow/dags/dag_extract_dvizhenie.py for tasks to queue
[2026-07-09T17:58:36.462+0000] {logging_mixin.py:190} INFO - [2026-07-09T17:58:36.461+0000] {dagbag.py:588} INFO - Filling up the DagBag from /opt/airflow/dags/dag_extract_dvizhenie.py
[2026-07-09T17:58:36.466+0000] {processor.py:925} INFO - DAG(s) 'dag_extract_dvizhenie' retrieved from /opt/airflow/dags/dag_extract_dvizhenie.py
[2026-07-09T17:58:36.476+0000] {logging_mixin.py:190} INFO - [2026-07-09T17:58:36.476+0000] {dag.py:3239} INFO - Sync 1 DAGs
[2026-07-09T17:58:36.483+0000] {logging_mixin.py:190} INFO - [2026-07-09T17:58:36.483+0000] {dag.py:4180} INFO - Setting next_dagrun for dag_extract_dvizhenie to 2026-07-09 14:00:00+00:00, run_after=2026-07-09 16:00:00+00:00
[2026-07-09T17:58:36.488+0000] {processor.py:208} INFO - Processing /opt/airflow/dags/dag_extract_dvizhenie.py took 0.031 seconds
[2026-07-09T17:59:06.966+0000] {processor.py:186} INFO - Started process (PID=10658) to work on /opt/airflow/dags/dag_extract_dvizhenie.py
[2026-07-09T17:59:06.966+0000] {processor.py:914} INFO - Processing file /opt/airflow/dags/dag_extract_dvizhenie.py for tasks to queue
[2026-07-09T17:59:06.967+0000] {logging_mixin.py:190} INFO - [2026-07-09T17:59:06.967+0000] {dagbag.py:588} INFO - Filling up the DagBag from /opt/airflow/dags/dag_extract_dvizhenie.py
[2026-07-09T17:59:06.971+0000] {processor.py:925} INFO - DAG(s) 'dag_extract_dvizhenie' retrieved from /opt/airflow/dags/dag_extract_dvizhenie.py
[2026-07-09T17:59:06.980+0000] {logging_mixin.py:190} INFO - [2026-07-09T17:59:06.980+0000] {dag.py:3239} INFO - Sync 1 DAGs
[2026-07-09T17:59:06.987+0000] {logging_mixin.py:190} INFO - [2026-07-09T17:59:06.987+0000] {dag.py:4180} INFO - Setting next_dagrun for dag_extract_dvizhenie to 2026-07-09 14:00:00+00:00, run_after=2026-07-09 16:00:00+00:00
[2026-07-09T17:59:06.992+0000] {processor.py:208} INFO - Processing /opt/airflow/dags/dag_extract_dvizhenie.py took 0.029 seconds
[2026-07-09T17:59:37.421+0000] {processor.py:186} INFO - Started process (PID=10678) to work on /opt/airflow/dags/dag_extract_dvizhenie.py
[2026-07-09T17:59:37.422+0000] {processor.py:914} INFO - Processing file /opt/airflow/dags/dag_extract_dvizhenie.py for tasks to queue
[2026-07-09T17:59:37.422+0000] {logging_mixin.py:190} INFO - [2026-07-09T17:59:37.422+0000] {dagbag.py:588} INFO - Filling up the DagBag from /opt/airflow/dags/dag_extract_dvizhenie.py
[2026-07-09T17:59:37.427+0000] {processor.py:925} INFO - DAG(s) 'dag_extract_dvizhenie' retrieved from /opt/airflow/dags/dag_extract_dvizhenie.py
[2026-07-09T17:59:37.437+0000] {logging_mixin.py:190} INFO - [2026-07-09T17:59:37.436+0000] {dag.py:3239} INFO - Sync 1 DAGs
[2026-07-09T17:59:37.444+0000] {logging_mixin.py:190} INFO - [2026-07-09T17:59:37.444+0000] {dag.py:4180} INFO - Setting next_dagrun for dag_extract_dvizhenie to 2026-07-09 14:00:00+00:00, run_after=2026-07-09 16:00:00+00:00
[2026-07-09T17:59:37.448+0000] {processor.py:208} INFO - Processing /opt/airflow/dags/dag_extract_dvizhenie.py took 0.029 seconds
[2026-07-09T18:00:07.944+0000] {processor.py:186} INFO - Started process (PID=10698) to work on /opt/airflow/dags/dag_extract_dvizhenie.py
[2026-07-09T18:00:07.944+0000] {processor.py:914} INFO - Processing file /opt/airflow/dags/dag_extract_dvizhenie.py for tasks to queue
[2026-07-09T18:00:07.945+0000] {logging_mixin.py:190} INFO - [2026-07-09T18:00:07.945+0000] {dagbag.py:588} INFO - Filling up the DagBag from /opt/airflow/dags/dag_extract_dvizhenie.py
[2026-07-09T18:00:07.949+0000] {processor.py:925} INFO - DAG(s) 'dag_extract_dvizhenie' retrieved from /opt/airflow/dags/dag_extract_dvizhenie.py
[2026-07-09T18:00:07.959+0000] {logging_mixin.py:190} INFO - [2026-07-09T18:00:07.959+0000] {dag.py:3239} INFO - Sync 1 DAGs
[2026-07-09T18:00:07.966+0000] {logging_mixin.py:190} INFO - [2026-07-09T18:00:07.966+0000] {dag.py:4180} INFO - Setting next_dagrun for dag_extract_dvizhenie to 2026-07-09 16:00:00+00:00, run_after=2026-07-09 18:00:00+00:00
[2026-07-09T18:00:07.971+0000] {processor.py:208} INFO - Processing /opt/airflow/dags/dag_extract_dvizhenie.py took 0.030 seconds
[2026-07-09T18:00:38.416+0000] {processor.py:186} INFO - Started process (PID=10718) to work on /opt/airflow/dags/dag_extract_dvizhenie.py
[2026-07-09T18:00:38.416+0000] {processor.py:914} INFO - Processing file /opt/airflow/dags/dag_extract_dvizhenie.py for tasks to queue
[2026-07-09T18:00:38.417+0000] {logging_mixin.py:190} INFO - [2026-07-09T18:00:38.417+0000] {dagbag.py:588} INFO - Filling up the DagBag from /opt/airflow/dags/dag_extract_dvizhenie.py
[2026-07-09T18:00:38.422+0000] {processor.py:925} INFO - DAG(s) 'dag_extract_dvizhenie' retrieved from /opt/airflow/dags/dag_extract_dvizhenie.py
[2026-07-09T18:00:38.431+0000] {logging_mixin.py:190} INFO - [2026-07-09T18:00:38.431+0000] {dag.py:3239} INFO - Sync 1 DAGs
[2026-07-09T18:00:38.439+0000] {logging_mixin.py:190} INFO - [2026-07-09T18:00:38.438+0000] {dag.py:4180} INFO - Setting next_dagrun for dag_extract_dvizhenie to 2026-07-09 16:00:00+00:00, run_after=2026-07-09 18:00:00+00:00
[2026-07-09T18:00:38.443+0000] {processor.py:208} INFO - Processing /opt/airflow/dags/dag_extract_dvizhenie.py took 0.030 seconds
[2026-07-09T18:01:08.931+0000] {processor.py:186} INFO - Started process (PID=10738) to work on /opt/airflow/dags/dag_extract_dvizhenie.py
[2026-07-09T18:01:08.931+0000] {processor.py:914} INFO - Processing file /opt/airflow/dags/dag_extract_dvizhenie.py for tasks to queue
[2026-07-09T18:01:08.932+0000] {logging_mixin.py:190} INFO - [2026-07-09T18:01:08.932+0000] {dagbag.py:588} INFO - Filling up the DagBag from /opt/airflow/dags/dag_extract_dvizhenie.py
[2026-07-09T18:01:08.938+0000] {processor.py:925} INFO - DAG(s) 'dag_extract_dvizhenie' retrieved from /opt/airflow/dags/dag_extract_dvizhenie.py
[2026-07-09T18:01:08.952+0000] {logging_mixin.py:190} INFO - [2026-07-09T18:01:08.952+0000] {dag.py:3239} INFO - Sync 1 DAGs
[2026-07-09T18:01:08.962+0000] {logging_mixin.py:190} INFO - [2026-07-09T18:01:08.962+0000] {dag.py:4180} INFO - Setting next_dagrun for dag_extract_dvizhenie to 2026-07-09 16:00:00+00:00, run_after=2026-07-09 18:00:00+00:00
[2026-07-09T18:01:08.968+0000] {processor.py:208} INFO - Processing /opt/airflow/dags/dag_extract_dvizhenie.py took 0.040 seconds
[2026-07-09T18:01:39.399+0000] {processor.py:186} INFO - Started process (PID=10758) to work on /opt/airflow/dags/dag_extract_dvizhenie.py
[2026-07-09T18:01:39.399+0000] {processor.py:914} INFO - Processing file /opt/airflow/dags/dag_extract_dvizhenie.py for tasks to queue
[2026-07-09T18:01:39.400+0000] {logging_mixin.py:190} INFO - [2026-07-09T18:01:39.400+0000] {dagbag.py:588} INFO - Filling up the DagBag from /opt/airflow/dags/dag_extract_dvizhenie.py
[2026-07-09T18:01:39.404+0000] {processor.py:925} INFO - DAG(s) 'dag_extract_dvizhenie' retrieved from /opt/airflow/dags/dag_extract_dvizhenie.py
[2026-07-09T18:01:39.414+0000] {logging_mixin.py:190} INFO - [2026-07-09T18:01:39.414+0000] {dag.py:3239} INFO - Sync 1 DAGs
[2026-07-09T18:01:39.421+0000] {logging_mixin.py:190} INFO - [2026-07-09T18:01:39.421+0000] {dag.py:4180} INFO - Setting next_dagrun for dag_extract_dvizhenie to 2026-07-09 16:00:00+00:00, run_after=2026-07-09 18:00:00+00:00
[2026-07-09T18:01:39.426+0000] {processor.py:208} INFO - Processing /opt/airflow/dags/dag_extract_dvizhenie.py took 0.030 seconds
[2026-07-09T18:02:09.873+0000] {processor.py:186} INFO - Started process (PID=10778) to work on /opt/airflow/dags/dag_extract_dvizhenie.py
[2026-07-09T18:02:09.873+0000] {processor.py:914} INFO - Processing file /opt/airflow/dags/dag_extract_dvizhenie.py for tasks to queue
[2026-07-09T18:02:09.874+0000] {logging_mixin.py:190} INFO - [2026-07-09T18:02:09.874+0000] {dagbag.py:588} INFO - Filling up the DagBag from /opt/airflow/dags/dag_extract_dvizhenie.py
[2026-07-09T18:02:09.878+0000] {processor.py:925} INFO - DAG(s) 'dag_extract_dvizhenie' retrieved from /opt/airflow/dags/dag_extract_dvizhenie.py
[2026-07-09T18:02:09.888+0000] {logging_mixin.py:190} INFO - [2026-07-09T18:02:09.888+0000] {dag.py:3239} INFO - Sync 1 DAGs
[2026-07-09T18:02:09.895+0000] {logging_mixin.py:190} INFO - [2026-07-09T18:02:09.895+0000] {dag.py:4180} INFO - Setting next_dagrun for dag_extract_dvizhenie to 2026-07-09 16:00:00+00:00, run_after=2026-07-09 18:00:00+00:00
[2026-07-09T18:02:09.900+0000] {processor.py:208} INFO - Processing /opt/airflow/dags/dag_extract_dvizhenie.py took 0.030 seconds
[2026-07-09T18:02:40.379+0000] {processor.py:186} INFO - Started process (PID=10797) to work on /opt/airflow/dags/dag_extract_dvizhenie.py
[2026-07-09T18:02:40.379+0000] {processor.py:914} INFO - Processing file /opt/airflow/dags/dag_extract_dvizhenie.py for tasks to queue
[2026-07-09T18:02:40.382+0000] {logging_mixin.py:190} INFO - [2026-07-09T18:02:40.381+0000] {dagbag.py:588} INFO - Filling up the DagBag from /opt/airflow/dags/dag_extract_dvizhenie.py
[2026-07-09T18:02:40.387+0000] {processor.py:925} INFO - DAG(s) 'dag_extract_dvizhenie' retrieved from /opt/airflow/dags/dag_extract_dvizhenie.py
[2026-07-09T18:02:40.404+0000] {logging_mixin.py:190} INFO - [2026-07-09T18:02:40.402+0000] {dag.py:3239} INFO - Sync 1 DAGs
[2026-07-09T18:02:40.414+0000] {logging_mixin.py:190} INFO - [2026-07-09T18:02:40.414+0000] {dag.py:4180} INFO - Setting next_dagrun for dag_extract_dvizhenie to 2026-07-09 16:00:00+00:00, run_after=2026-07-09 18:00:00+00:00
[2026-07-09T18:02:40.420+0000] {processor.py:208} INFO - Processing /opt/airflow/dags/dag_extract_dvizhenie.py took 0.044 seconds
[2026-07-09T18:03:10.821+0000] {processor.py:186} INFO - Started process (PID=10818) to work on /opt/airflow/dags/dag_extract_dvizhenie.py
[2026-07-09T18:03:10.822+0000] {processor.py:914} INFO - Processing file /opt/airflow/dags/dag_extract_dvizhenie.py for tasks to queue
[2026-07-09T18:03:10.822+0000] {logging_mixin.py:190} INFO - [2026-07-09T18:03:10.822+0000] {dagbag.py:588} INFO - Filling up the DagBag from /opt/airflow/dags/dag_extract_dvizhenie.py
[2026-07-09T18:03:10.827+0000] {processor.py:925} INFO - DAG(s) 'dag_extract_dvizhenie' retrieved from /opt/airflow/dags/dag_extract_dvizhenie.py
[2026-07-09T18:03:10.836+0000] {logging_mixin.py:190} INFO - [2026-07-09T18:03:10.836+0000] {dag.py:3239} INFO - Sync 1 DAGs
[2026-07-09T18:03:10.843+0000] {logging_mixin.py:190} INFO - [2026-07-09T18:03:10.843+0000] {dag.py:4180} INFO - Setting next_dagrun for dag_extract_dvizhenie to 2026-07-09 16:00:00+00:00, run_after=2026-07-09 18:00:00+00:00
[2026-07-09T18:03:10.848+0000] {processor.py:208} INFO - Processing /opt/airflow/dags/dag_extract_dvizhenie.py took 0.030 seconds
[2026-07-09T18:03:41.280+0000] {processor.py:186} INFO - Started process (PID=10838) to work on /opt/airflow/dags/dag_extract_dvizhenie.py
[2026-07-09T18:03:41.281+0000] {processor.py:914} INFO - Processing file /opt/airflow/dags/dag_extract_dvizhenie.py for tasks to queue
[2026-07-09T18:03:41.282+0000] {logging_mixin.py:190} INFO - [2026-07-09T18:03:41.282+0000] {dagbag.py:588} INFO - Filling up the DagBag from /opt/airflow/dags/dag_extract_dvizhenie.py
[2026-07-09T18:03:41.287+0000] {processor.py:925} INFO - DAG(s) 'dag_extract_dvizhenie' retrieved from /opt/airflow/dags/dag_extract_dvizhenie.py
[2026-07-09T18:03:41.300+0000] {logging_mixin.py:190} INFO - [2026-07-09T18:03:41.300+0000] {dag.py:3239} INFO - Sync 1 DAGs
[2026-07-09T18:03:41.307+0000] {logging_mixin.py:190} INFO - [2026-07-09T18:03:41.307+0000] {dag.py:4180} INFO - Setting next_dagrun for dag_extract_dvizhenie to 2026-07-09 16:00:00+00:00, run_after=2026-07-09 18:00:00+00:00
[2026-07-09T18:03:41.315+0000] {processor.py:208} INFO - Processing /opt/airflow/dags/dag_extract_dvizhenie.py took 0.037 seconds
[2026-07-09T18:04:11.856+0000] {processor.py:186} INFO - Started process (PID=10858) to work on /opt/airflow/dags/dag_extract_dvizhenie.py
[2026-07-09T18:04:11.856+0000] {processor.py:914} INFO - Processing file /opt/airflow/dags/dag_extract_dvizhenie.py for tasks to queue
[2026-07-09T18:04:11.857+0000] {logging_mixin.py:190} INFO - [2026-07-09T18:04:11.857+0000] {dagbag.py:588} INFO - Filling up the DagBag from /opt/airflow/dags/dag_extract_dvizhenie.py
[2026-07-09T18:04:11.862+0000] {processor.py:925} INFO - DAG(s) 'dag_extract_dvizhenie' retrieved from /opt/airflow/dags/dag_extract_dvizhenie.py
[2026-07-09T18:04:11.872+0000] {logging_mixin.py:190} INFO - [2026-07-09T18:04:11.872+0000] {dag.py:3239} INFO - Sync 1 DAGs
[2026-07-09T18:04:11.879+0000] {logging_mixin.py:190} INFO - [2026-07-09T18:04:11.879+0000] {dag.py:4180} INFO - Setting next_dagrun for dag_extract_dvizhenie to 2026-07-09 16:00:00+00:00, run_after=2026-07-09 18:00:00+00:00
[2026-07-09T18:04:11.884+0000] {processor.py:208} INFO - Processing /opt/airflow/dags/dag_extract_dvizhenie.py took 0.031 seconds
[2026-07-09T18:04:42.414+0000] {processor.py:186} INFO - Started process (PID=10878) to work on /opt/airflow/dags/dag_extract_dvizhenie.py
[2026-07-09T18:04:42.415+0000] {processor.py:914} INFO - Processing file /opt/airflow/dags/dag_extract_dvizhenie.py for tasks to queue
[2026-07-09T18:04:42.416+0000] {logging_mixin.py:190} INFO - [2026-07-09T18:04:42.416+0000] {dagbag.py:588} INFO - Filling up the DagBag from /opt/airflow/dags/dag_extract_dvizhenie.py
[2026-07-09T18:04:42.421+0000] {processor.py:925} INFO - DAG(s) 'dag_extract_dvizhenie' retrieved from /opt/airflow/dags/dag_extract_dvizhenie.py
[2026-07-09T18:04:42.431+0000] {logging_mixin.py:190} INFO - [2026-07-09T18:04:42.431+0000] {dag.py:3239} INFO - Sync 1 DAGs
[2026-07-09T18:04:42.439+0000] {logging_mixin.py:190} INFO - [2026-07-09T18:04:42.439+0000] {dag.py:4180} INFO - Setting next_dagrun for dag_extract_dvizhenie to 2026-07-09 16:00:00+00:00, run_after=2026-07-09 18:00:00+00:00
[2026-07-09T18:04:42.445+0000] {processor.py:208} INFO - Processing /opt/airflow/dags/dag_extract_dvizhenie.py took 0.034 seconds
[2026-07-09T18:05:12.932+0000] {processor.py:186} INFO - Started process (PID=10898) to work on /opt/airflow/dags/dag_extract_dvizhenie.py
[2026-07-09T18:05:12.933+0000] {processor.py:914} INFO - Processing file /opt/airflow/dags/dag_extract_dvizhenie.py for tasks to queue
[2026-07-09T18:05:12.935+0000] {logging_mixin.py:190} INFO - [2026-07-09T18:05:12.934+0000] {dagbag.py:588} INFO - Filling up the DagBag from /opt/airflow/dags/dag_extract_dvizhenie.py
[2026-07-09T18:05:12.940+0000] {processor.py:925} INFO - DAG(s) 'dag_extract_dvizhenie' retrieved from /opt/airflow/dags/dag_extract_dvizhenie.py
[2026-07-09T18:05:12.956+0000] {logging_mixin.py:190} INFO - [2026-07-09T18:05:12.956+0000] {dag.py:3239} INFO - Sync 1 DAGs
[2026-07-09T18:05:12.969+0000] {logging_mixin.py:190} INFO - [2026-07-09T18:05:12.969+0000] {dag.py:4180} INFO - Setting next_dagrun for dag_extract_dvizhenie to 2026-07-09 16:00:00+00:00, run_after=2026-07-09 18:00:00+00:00
[2026-07-09T18:05:12.977+0000] {processor.py:208} INFO - Processing /opt/airflow/dags/dag_extract_dvizhenie.py took 0.050 seconds
[2026-07-09T18:05:43.354+0000] {processor.py:186} INFO - Started process (PID=10918) to work on /opt/airflow/dags/dag_extract_dvizhenie.py
[2026-07-09T18:05:43.355+0000] {processor.py:914} INFO - Processing file /opt/airflow/dags/dag_extract_dvizhenie.py for tasks to queue
[2026-07-09T18:05:43.356+0000] {logging_mixin.py:190} INFO - [2026-07-09T18:05:43.356+0000] {dagbag.py:588} INFO - Filling up the DagBag from /opt/airflow/dags/dag_extract_dvizhenie.py
[2026-07-09T18:05:43.360+0000] {processor.py:925} INFO - DAG(s) 'dag_extract_dvizhenie' retrieved from /opt/airflow/dags/dag_extract_dvizhenie.py
[2026-07-09T18:05:43.372+0000] {logging_mixin.py:190} INFO - [2026-07-09T18:05:43.372+0000] {dag.py:3239} INFO - Sync 1 DAGs
[2026-07-09T18:05:43.381+0000] {logging_mixin.py:190} INFO - [2026-07-09T18:05:43.381+0000] {dag.py:4180} INFO - Setting next_dagrun for dag_extract_dvizhenie to 2026-07-09 16:00:00+00:00, run_after=2026-07-09 18:00:00+00:00
[2026-07-09T18:05:43.386+0000] {processor.py:208} INFO - Processing /opt/airflow/dags/dag_extract_dvizhenie.py took 0.034 seconds
[2026-07-09T18:06:13.933+0000] {processor.py:186} INFO - Started process (PID=10938) to work on /opt/airflow/dags/dag_extract_dvizhenie.py
[2026-07-09T18:06:13.933+0000] {processor.py:914} INFO - Processing file /opt/airflow/dags/dag_extract_dvizhenie.py for tasks to queue
[2026-07-09T18:06:13.934+0000] {logging_mixin.py:190} INFO - [2026-07-09T18:06:13.934+0000] {dagbag.py:588} INFO - Filling up the DagBag from /opt/airflow/dags/dag_extract_dvizhenie.py
[2026-07-09T18:06:13.939+0000] {processor.py:925} INFO - DAG(s) 'dag_extract_dvizhenie' retrieved from /opt/airflow/dags/dag_extract_dvizhenie.py
[2026-07-09T18:06:13.950+0000] {logging_mixin.py:190} INFO - [2026-07-09T18:06:13.949+0000] {dag.py:3239} INFO - Sync 1 DAGs
[2026-07-09T18:06:13.957+0000] {logging_mixin.py:190} INFO - [2026-07-09T18:06:13.957+0000] {dag.py:4180} INFO - Setting next_dagrun for dag_extract_dvizhenie to 2026-07-09 16:00:00+00:00, run_after=2026-07-09 18:00:00+00:00
[2026-07-09T18:06:13.963+0000] {processor.py:208} INFO - Processing /opt/airflow/dags/dag_extract_dvizhenie.py took 0.034 seconds
[2026-07-09T18:06:44.399+0000] {processor.py:186} INFO - Started process (PID=10958) to work on /opt/airflow/dags/dag_extract_dvizhenie.py
[2026-07-09T18:06:44.399+0000] {processor.py:914} INFO - Processing file /opt/airflow/dags/dag_extract_dvizhenie.py for tasks to queue
[2026-07-09T18:06:44.400+0000] {logging_mixin.py:190} INFO - [2026-07-09T18:06:44.400+0000] {dagbag.py:588} INFO - Filling up the DagBag from /opt/airflow/dags/dag_extract_dvizhenie.py
[2026-07-09T18:06:44.405+0000] {processor.py:925} INFO - DAG(s) 'dag_extract_dvizhenie' retrieved from /opt/airflow/dags/dag_extract_dvizhenie.py
[2026-07-09T18:06:44.415+0000] {logging_mixin.py:190} INFO - [2026-07-09T18:06:44.415+0000] {dag.py:3239} INFO - Sync 1 DAGs
[2026-07-09T18:06:44.422+0000] {logging_mixin.py:190} INFO - [2026-07-09T18:06:44.422+0000] {dag.py:4180} INFO - Setting next_dagrun for dag_extract_dvizhenie to 2026-07-09 16:00:00+00:00, run_after=2026-07-09 18:00:00+00:00
[2026-07-09T18:06:44.427+0000] {processor.py:208} INFO - Processing /opt/airflow/dags/dag_extract_dvizhenie.py took 0.034 seconds
[2026-07-09T18:07:14.870+0000] {processor.py:186} INFO - Started process (PID=10978) to work on /opt/airflow/dags/dag_extract_dvizhenie.py
[2026-07-09T18:07:14.871+0000] {processor.py:914} INFO - Processing file /opt/airflow/dags/dag_extract_dvizhenie.py for tasks to queue
[2026-07-09T18:07:14.871+0000] {logging_mixin.py:190} INFO - [2026-07-09T18:07:14.871+0000] {dagbag.py:588} INFO - Filling up the DagBag from /opt/airflow/dags/dag_extract_dvizhenie.py
[2026-07-09T18:07:14.876+0000] {processor.py:925} INFO - DAG(s) 'dag_extract_dvizhenie' retrieved from /opt/airflow/dags/dag_extract_dvizhenie.py
[2026-07-09T18:07:14.886+0000] {logging_mixin.py:190} INFO - [2026-07-09T18:07:14.886+0000] {dag.py:3239} INFO - Sync 1 DAGs
[2026-07-09T18:07:14.893+0000] {logging_mixin.py:190} INFO - [2026-07-09T18:07:14.893+0000] {dag.py:4180} INFO - Setting next_dagrun for dag_extract_dvizhenie to 2026-07-09 16:00:00+00:00, run_after=2026-07-09 18:00:00+00:00
[2026-07-09T18:07:14.898+0000] {processor.py:208} INFO - Processing /opt/airflow/dags/dag_extract_dvizhenie.py took 0.030 seconds
[2026-07-09T18:07:45.350+0000] {processor.py:186} INFO - Started process (PID=10998) to work on /opt/airflow/dags/dag_extract_dvizhenie.py
[2026-07-09T18:07:45.350+0000] {processor.py:914} INFO - Processing file /opt/airflow/dags/dag_extract_dvizhenie.py for tasks to queue
[2026-07-09T18:07:45.351+0000] {logging_mixin.py:190} INFO - [2026-07-09T18:07:45.351+0000] {dagbag.py:588} INFO - Filling up the DagBag from /opt/airflow/dags/dag_extract_dvizhenie.py
[2026-07-09T18:07:45.355+0000] {processor.py:925} INFO - DAG(s) 'dag_extract_dvizhenie' retrieved from /opt/airflow/dags/dag_extract_dvizhenie.py
[2026-07-09T18:07:45.366+0000] {logging_mixin.py:190} INFO - [2026-07-09T18:07:45.366+0000] {dag.py:3239} INFO - Sync 1 DAGs
[2026-07-09T18:07:45.373+0000] {logging_mixin.py:190} INFO - [2026-07-09T18:07:45.373+0000] {dag.py:4180} INFO - Setting next_dagrun for dag_extract_dvizhenie to 2026-07-09 16:00:00+00:00, run_after=2026-07-09 18:00:00+00:00
[2026-07-09T18:07:45.378+0000] {processor.py:208} INFO - Processing /opt/airflow/dags/dag_extract_dvizhenie.py took 0.031 seconds
[2026-07-09T18:08:15.783+0000] {processor.py:186} INFO - Started process (PID=11018) to work on /opt/airflow/dags/dag_extract_dvizhenie.py
[2026-07-09T18:08:15.784+0000] {processor.py:914} INFO - Processing file /opt/airflow/dags/dag_extract_dvizhenie.py for tasks to queue
[2026-07-09T18:08:15.785+0000] {logging_mixin.py:190} INFO - [2026-07-09T18:08:15.784+0000] {dagbag.py:588} INFO - Filling up the DagBag from /opt/airflow/dags/dag_extract_dvizhenie.py
[2026-07-09T18:08:15.789+0000] {processor.py:925} INFO - DAG(s) 'dag_extract_dvizhenie' retrieved from /opt/airflow/dags/dag_extract_dvizhenie.py
[2026-07-09T18:08:15.799+0000] {logging_mixin.py:190} INFO - [2026-07-09T18:08:15.799+0000] {dag.py:3239} INFO - Sync 1 DAGs
[2026-07-09T18:08:15.806+0000] {logging_mixin.py:190} INFO - [2026-07-09T18:08:15.806+0000] {dag.py:4180} INFO - Setting next_dagrun for dag_extract_dvizhenie to 2026-07-09 16:00:00+00:00, run_after=2026-07-09 18:00:00+00:00
[2026-07-09T18:08:15.811+0000] {processor.py:208} INFO - Processing /opt/airflow/dags/dag_extract_dvizhenie.py took 0.031 seconds
[2026-07-09T18:08:46.291+0000] {processor.py:186} INFO - Started process (PID=11038) to work on /opt/airflow/dags/dag_extract_dvizhenie.py
[2026-07-09T18:08:46.292+0000] {processor.py:914} INFO - Processing file /opt/airflow/dags/dag_extract_dvizhenie.py for tasks to queue
[2026-07-09T18:08:46.293+0000] {logging_mixin.py:190} INFO - [2026-07-09T18:08:46.292+0000] {dagbag.py:588} INFO - Filling up the DagBag from /opt/airflow/dags/dag_extract_dvizhenie.py
[2026-07-09T18:08:46.297+0000] {processor.py:925} INFO - DAG(s) 'dag_extract_dvizhenie' retrieved from /opt/airflow/dags/dag_extract_dvizhenie.py
[2026-07-09T18:08:46.308+0000] {logging_mixin.py:190} INFO - [2026-07-09T18:08:46.308+0000] {dag.py:3239} INFO - Sync 1 DAGs
[2026-07-09T18:08:46.316+0000] {logging_mixin.py:190} INFO - [2026-07-09T18:08:46.316+0000] {dag.py:4180} INFO - Setting next_dagrun for dag_extract_dvizhenie to 2026-07-09 16:00:00+00:00, run_after=2026-07-09 18:00:00+00:00
[2026-07-09T18:08:46.321+0000] {processor.py:208} INFO - Processing /opt/airflow/dags/dag_extract_dvizhenie.py took 0.032 seconds
[2026-07-09T18:09:16.781+0000] {processor.py:186} INFO - Started process (PID=11058) to work on /opt/airflow/dags/dag_extract_dvizhenie.py
[2026-07-09T18:09:16.781+0000] {processor.py:914} INFO - Processing file /opt/airflow/dags/dag_extract_dvizhenie.py for tasks to queue
[2026-07-09T18:09:16.782+0000] {logging_mixin.py:190} INFO - [2026-07-09T18:09:16.782+0000] {dagbag.py:588} INFO - Filling up the DagBag from /opt/airflow/dags/dag_extract_dvizhenie.py
[2026-07-09T18:09:16.787+0000] {processor.py:925} INFO - DAG(s) 'dag_extract_dvizhenie' retrieved from /opt/airflow/dags/dag_extract_dvizhenie.py
[2026-07-09T18:09:16.799+0000] {logging_mixin.py:190} INFO - [2026-07-09T18:09:16.799+0000] {dag.py:3239} INFO - Sync 1 DAGs
[2026-07-09T18:09:16.808+0000] {logging_mixin.py:190} INFO - [2026-07-09T18:09:16.808+0000] {dag.py:4180} INFO - Setting next_dagrun for dag_extract_dvizhenie to 2026-07-09 16:00:00+00:00, run_after=2026-07-09 18:00:00+00:00
[2026-07-09T18:09:16.814+0000] {processor.py:208} INFO - Processing /opt/airflow/dags/dag_extract_dvizhenie.py took 0.036 seconds
[2026-07-09T18:09:47.216+0000] {processor.py:186} INFO - Started process (PID=11076) to work on /opt/airflow/dags/dag_extract_dvizhenie.py
[2026-07-09T18:09:47.217+0000] {processor.py:914} INFO - Processing file /opt/airflow/dags/dag_extract_dvizhenie.py for tasks to queue
[2026-07-09T18:09:47.217+0000] {logging_mixin.py:190} INFO - [2026-07-09T18:09:47.217+0000] {dagbag.py:588} INFO - Filling up the DagBag from /opt/airflow/dags/dag_extract_dvizhenie.py
[2026-07-09T18:09:47.222+0000] {processor.py:925} INFO - DAG(s) 'dag_extract_dvizhenie' retrieved from /opt/airflow/dags/dag_extract_dvizhenie.py
[2026-07-09T18:09:47.239+0000] {logging_mixin.py:190} INFO - [2026-07-09T18:09:47.239+0000] {dag.py:3239} INFO - Sync 1 DAGs
[2026-07-09T18:09:47.248+0000] {logging_mixin.py:190} INFO - [2026-07-09T18:09:47.248+0000] {dag.py:4180} INFO - Setting next_dagrun for dag_extract_dvizhenie to 2026-07-09 16:00:00+00:00, run_after=2026-07-09 18:00:00+00:00
[2026-07-09T18:09:47.257+0000] {processor.py:208} INFO - Processing /opt/airflow/dags/dag_extract_dvizhenie.py took 0.044 seconds
[2026-07-09T18:10:17.760+0000] {processor.py:186} INFO - Started process (PID=11098) to work on /opt/airflow/dags/dag_extract_dvizhenie.py
[2026-07-09T18:10:17.761+0000] {processor.py:914} INFO - Processing file /opt/airflow/dags/dag_extract_dvizhenie.py for tasks to queue
[2026-07-09T18:10:17.762+0000] {logging_mixin.py:190} INFO - [2026-07-09T18:10:17.761+0000] {dagbag.py:588} INFO - Filling up the DagBag from /opt/airflow/dags/dag_extract_dvizhenie.py
[2026-07-09T18:10:17.767+0000] {processor.py:925} INFO - DAG(s) 'dag_extract_dvizhenie' retrieved from /opt/airflow/dags/dag_extract_dvizhenie.py
[2026-07-09T18:10:17.783+0000] {logging_mixin.py:190} INFO - [2026-07-09T18:10:17.783+0000] {dag.py:3239} INFO - Sync 1 DAGs
[2026-07-09T18:10:17.791+0000] {logging_mixin.py:190} INFO - [2026-07-09T18:10:17.791+0000] {dag.py:4180} INFO - Setting next_dagrun for dag_extract_dvizhenie to 2026-07-09 16:00:00+00:00, run_after=2026-07-09 18:00:00+00:00
[2026-07-09T18:10:17.796+0000] {processor.py:208} INFO - Processing /opt/airflow/dags/dag_extract_dvizhenie.py took 0.040 seconds
[2026-07-09T18:10:48.256+0000] {processor.py:186} INFO - Started process (PID=11118) to work on /opt/airflow/dags/dag_extract_dvizhenie.py
[2026-07-09T18:10:48.257+0000] {processor.py:914} INFO - Processing file /opt/airflow/dags/dag_extract_dvizhenie.py for tasks to queue
[2026-07-09T18:10:48.258+0000] {logging_mixin.py:190} INFO - [2026-07-09T18:10:48.258+0000] {dagbag.py:588} INFO - Filling up the DagBag from /opt/airflow/dags/dag_extract_dvizhenie.py
[2026-07-09T18:10:48.263+0000] {processor.py:925} INFO - DAG(s) 'dag_extract_dvizhenie' retrieved from /opt/airflow/dags/dag_extract_dvizhenie.py
[2026-07-09T18:10:48.281+0000] {logging_mixin.py:190} INFO - [2026-07-09T18:10:48.280+0000] {dag.py:3239} INFO - Sync 1 DAGs
[2026-07-09T18:10:48.292+0000] {logging_mixin.py:190} INFO - [2026-07-09T18:10:48.292+0000] {dag.py:4180} INFO - Setting next_dagrun for dag_extract_dvizhenie to 2026-07-09 16:00:00+00:00, run_after=2026-07-09 18:00:00+00:00
[2026-07-09T18:10:48.300+0000] {processor.py:208} INFO - Processing /opt/airflow/dags/dag_extract_dvizhenie.py took 0.047 seconds
[2026-07-09T18:11:18.752+0000] {processor.py:186} INFO - Started process (PID=11138) to work on /opt/airflow/dags/dag_extract_dvizhenie.py
[2026-07-09T18:11:18.753+0000] {processor.py:914} INFO - Processing file /opt/airflow/dags/dag_extract_dvizhenie.py for tasks to queue
[2026-07-09T18:11:18.754+0000] {logging_mixin.py:190} INFO - [2026-07-09T18:11:18.753+0000] {dagbag.py:588} INFO - Filling up the DagBag from /opt/airflow/dags/dag_extract_dvizhenie.py
[2026-07-09T18:11:18.759+0000] {processor.py:925} INFO - DAG(s) 'dag_extract_dvizhenie' retrieved from /opt/airflow/dags/dag_extract_dvizhenie.py
[2026-07-09T18:11:18.769+0000] {logging_mixin.py:190} INFO - [2026-07-09T18:11:18.769+0000] {dag.py:3239} INFO - Sync 1 DAGs
[2026-07-09T18:11:18.777+0000] {logging_mixin.py:190} INFO - [2026-07-09T18:11:18.777+0000] {dag.py:4180} INFO - Setting next_dagrun for dag_extract_dvizhenie to 2026-07-09 16:00:00+00:00, run_after=2026-07-09 18:00:00+00:00
[2026-07-09T18:11:18.781+0000] {processor.py:208} INFO - Processing /opt/airflow/dags/dag_extract_dvizhenie.py took 0.032 seconds
[2026-07-09T18:11:49.205+0000] {processor.py:186} INFO - Started process (PID=11158) to work on /opt/airflow/dags/dag_extract_dvizhenie.py
[2026-07-09T18:11:49.206+0000] {processor.py:914} INFO - Processing file /opt/airflow/dags/dag_extract_dvizhenie.py for tasks to queue
[2026-07-09T18:11:49.208+0000] {logging_mixin.py:190} INFO - [2026-07-09T18:11:49.207+0000] {dagbag.py:588} INFO - Filling up the DagBag from /opt/airflow/dags/dag_extract_dvizhenie.py
[2026-07-09T18:11:49.213+0000] {processor.py:925} INFO - DAG(s) 'dag_extract_dvizhenie' retrieved from /opt/airflow/dags/dag_extract_dvizhenie.py
[2026-07-09T18:11:49.226+0000] {logging_mixin.py:190} INFO - [2026-07-09T18:11:49.226+0000] {dag.py:3239} INFO - Sync 1 DAGs
[2026-07-09T18:11:49.234+0000] {logging_mixin.py:190} INFO - [2026-07-09T18:11:49.234+0000] {dag.py:4180} INFO - Setting next_dagrun for dag_extract_dvizhenie to 2026-07-09 16:00:00+00:00, run_after=2026-07-09 18:00:00+00:00
[2026-07-09T18:11:49.240+0000] {processor.py:208} INFO - Processing /opt/airflow/dags/dag_extract_dvizhenie.py took 0.038 seconds
[2026-07-09T18:12:19.668+0000] {processor.py:186} INFO - Started process (PID=11178) to work on /opt/airflow/dags/dag_extract_dvizhenie.py
[2026-07-09T18:12:19.669+0000] {processor.py:914} INFO - Processing file /opt/airflow/dags/dag_extract_dvizhenie.py for tasks to queue
[2026-07-09T18:12:19.670+0000] {logging_mixin.py:190} INFO - [2026-07-09T18:12:19.670+0000] {dagbag.py:588} INFO - Filling up the DagBag from /opt/airflow/dags/dag_extract_dvizhenie.py
[2026-07-09T18:12:19.675+0000] {processor.py:925} INFO - DAG(s) 'dag_extract_dvizhenie' retrieved from /opt/airflow/dags/dag_extract_dvizhenie.py
[2026-07-09T18:12:19.689+0000] {logging_mixin.py:190} INFO - [2026-07-09T18:12:19.689+0000] {dag.py:3239} INFO - Sync 1 DAGs
[2026-07-09T18:12:19.697+0000] {logging_mixin.py:190} INFO - [2026-07-09T18:12:19.697+0000] {dag.py:4180} INFO - Setting next_dagrun for dag_extract_dvizhenie to 2026-07-09 16:00:00+00:00, run_after=2026-07-09 18:00:00+00:00
[2026-07-09T18:12:19.705+0000] {processor.py:208} INFO - Processing /opt/airflow/dags/dag_extract_dvizhenie.py took 0.040 seconds
[2026-07-09T18:12:50.163+0000] {processor.py:186} INFO - Started process (PID=11198) to work on /opt/airflow/dags/dag_extract_dvizhenie.py
[2026-07-09T18:12:50.163+0000] {processor.py:914} INFO - Processing file /opt/airflow/dags/dag_extract_dvizhenie.py for tasks to queue
[2026-07-09T18:12:50.164+0000] {logging_mixin.py:190} INFO - [2026-07-09T18:12:50.164+0000] {dagbag.py:588} INFO - Filling up the DagBag from /opt/airflow/dags/dag_extract_dvizhenie.py
[2026-07-09T18:12:50.168+0000] {processor.py:925} INFO - DAG(s) 'dag_extract_dvizhenie' retrieved from /opt/airflow/dags/dag_extract_dvizhenie.py
[2026-07-09T18:12:50.178+0000] {logging_mixin.py:190} INFO - [2026-07-09T18:12:50.178+0000] {dag.py:3239} INFO - Sync 1 DAGs
[2026-07-09T18:12:50.185+0000] {logging_mixin.py:190} INFO - [2026-07-09T18:12:50.185+0000] {dag.py:4180} INFO - Setting next_dagrun for dag_extract_dvizhenie to 2026-07-09 16:00:00+00:00, run_after=2026-07-09 18:00:00+00:00
[2026-07-09T18:12:50.190+0000] {processor.py:208} INFO - Processing /opt/airflow/dags/dag_extract_dvizhenie.py took 0.030 seconds
[2026-07-09T18:13:20.606+0000] {processor.py:186} INFO - Started process (PID=11218) to work on /opt/airflow/dags/dag_extract_dvizhenie.py
[2026-07-09T18:13:20.606+0000] {processor.py:914} INFO - Processing file /opt/airflow/dags/dag_extract_dvizhenie.py for tasks to queue
[2026-07-09T18:13:20.607+0000] {logging_mixin.py:190} INFO - [2026-07-09T18:13:20.607+0000] {dagbag.py:588} INFO - Filling up the DagBag from /opt/airflow/dags/dag_extract_dvizhenie.py
[2026-07-09T18:13:20.611+0000] {processor.py:925} INFO - DAG(s) 'dag_extract_dvizhenie' retrieved from /opt/airflow/dags/dag_extract_dvizhenie.py
[2026-07-09T18:13:20.621+0000] {logging_mixin.py:190} INFO - [2026-07-09T18:13:20.620+0000] {dag.py:3239} INFO - Sync 1 DAGs
[2026-07-09T18:13:20.628+0000] {logging_mixin.py:190} INFO - [2026-07-09T18:13:20.628+0000] {dag.py:4180} INFO - Setting next_dagrun for dag_extract_dvizhenie to 2026-07-09 16:00:00+00:00, run_after=2026-07-09 18:00:00+00:00
[2026-07-09T18:13:20.633+0000] {processor.py:208} INFO - Processing /opt/airflow/dags/dag_extract_dvizhenie.py took 0.030 seconds
[2026-07-09T18:13:51.062+0000] {processor.py:186} INFO - Started process (PID=11238) to work on /opt/airflow/dags/dag_extract_dvizhenie.py
[2026-07-09T18:13:51.063+0000] {processor.py:914} INFO - Processing file /opt/airflow/dags/dag_extract_dvizhenie.py for tasks to queue
[2026-07-09T18:13:51.063+0000] {logging_mixin.py:190} INFO - [2026-07-09T18:13:51.063+0000] {dagbag.py:588} INFO - Filling up the DagBag from /opt/airflow/dags/dag_extract_dvizhenie.py
[2026-07-09T18:13:51.068+0000] {processor.py:925} INFO - DAG(s) 'dag_extract_dvizhenie' retrieved from /opt/airflow/dags/dag_extract_dvizhenie.py
[2026-07-09T18:13:51.077+0000] {logging_mixin.py:190} INFO - [2026-07-09T18:13:51.077+0000] {dag.py:3239} INFO - Sync 1 DAGs
[2026-07-09T18:13:51.084+0000] {logging_mixin.py:190} INFO - [2026-07-09T18:13:51.084+0000] {dag.py:4180} INFO - Setting next_dagrun for dag_extract_dvizhenie to 2026-07-09 16:00:00+00:00, run_after=2026-07-09 18:00:00+00:00
[2026-07-09T18:13:51.089+0000] {processor.py:208} INFO - Processing /opt/airflow/dags/dag_extract_dvizhenie.py took 0.030 seconds
[2026-07-09T18:14:21.516+0000] {processor.py:186} INFO - Started process (PID=11256) to work on /opt/airflow/dags/dag_extract_dvizhenie.py
[2026-07-09T18:14:21.517+0000] {processor.py:914} INFO - Processing file /opt/airflow/dags/dag_extract_dvizhenie.py for tasks to queue
[2026-07-09T18:14:21.519+0000] {logging_mixin.py:190} INFO - [2026-07-09T18:14:21.519+0000] {dagbag.py:588} INFO - Filling up the DagBag from /opt/airflow/dags/dag_extract_dvizhenie.py
[2026-07-09T18:14:21.525+0000] {processor.py:925} INFO - DAG(s) 'dag_extract_dvizhenie' retrieved from /opt/airflow/dags/dag_extract_dvizhenie.py
[2026-07-09T18:14:21.542+0000] {logging_mixin.py:190} INFO - [2026-07-09T18:14:21.542+0000] {dag.py:3239} INFO - Sync 1 DAGs
[2026-07-09T18:14:21.549+0000] {logging_mixin.py:190} INFO - [2026-07-09T18:14:21.549+0000] {dag.py:4180} INFO - Setting next_dagrun for dag_extract_dvizhenie to 2026-07-09 16:00:00+00:00, run_after=2026-07-09 18:00:00+00:00
[2026-07-09T18:14:21.555+0000] {processor.py:208} INFO - Processing /opt/airflow/dags/dag_extract_dvizhenie.py took 0.042 seconds
[2026-07-09T18:14:51.957+0000] {processor.py:186} INFO - Started process (PID=11278) to work on /opt/airflow/dags/dag_extract_dvizhenie.py
[2026-07-09T18:14:51.958+0000] {processor.py:914} INFO - Processing file /opt/airflow/dags/dag_extract_dvizhenie.py for tasks to queue
[2026-07-09T18:14:51.959+0000] {logging_mixin.py:190} INFO - [2026-07-09T18:14:51.958+0000] {dagbag.py:588} INFO - Filling up the DagBag from /opt/airflow/dags/dag_extract_dvizhenie.py
[2026-07-09T18:14:51.963+0000] {processor.py:925} INFO - DAG(s) 'dag_extract_dvizhenie' retrieved from /opt/airflow/dags/dag_extract_dvizhenie.py
[2026-07-09T18:14:51.972+0000] {logging_mixin.py:190} INFO - [2026-07-09T18:14:51.972+0000] {dag.py:3239} INFO - Sync 1 DAGs
[2026-07-09T18:14:51.980+0000] {logging_mixin.py:190} INFO - [2026-07-09T18:14:51.980+0000] {dag.py:4180} INFO - Setting next_dagrun for dag_extract_dvizhenie to 2026-07-09 16:00:00+00:00, run_after=2026-07-09 18:00:00+00:00
[2026-07-09T18:14:51.984+0000] {processor.py:208} INFO - Processing /opt/airflow/dags/dag_extract_dvizhenie.py took 0.029 seconds
[2026-07-09T18:15:22.413+0000] {processor.py:186} INFO - Started process (PID=11296) to work on /opt/airflow/dags/dag_extract_dvizhenie.py
[2026-07-09T18:15:22.414+0000] {processor.py:914} INFO - Processing file /opt/airflow/dags/dag_extract_dvizhenie.py for tasks to queue
[2026-07-09T18:15:22.415+0000] {logging_mixin.py:190} INFO - [2026-07-09T18:15:22.415+0000] {dagbag.py:588} INFO - Filling up the DagBag from /opt/airflow/dags/dag_extract_dvizhenie.py
[2026-07-09T18:15:22.423+0000] {processor.py:925} INFO - DAG(s) 'dag_extract_dvizhenie' retrieved from /opt/airflow/dags/dag_extract_dvizhenie.py
[2026-07-09T18:15:22.437+0000] {logging_mixin.py:190} INFO - [2026-07-09T18:15:22.437+0000] {dag.py:3239} INFO - Sync 1 DAGs
[2026-07-09T18:15:22.445+0000] {logging_mixin.py:190} INFO - [2026-07-09T18:15:22.445+0000] {dag.py:4180} INFO - Setting next_dagrun for dag_extract_dvizhenie to 2026-07-09 16:00:00+00:00, run_after=2026-07-09 18:00:00+00:00
[2026-07-09T18:15:22.454+0000] {processor.py:208} INFO - Processing /opt/airflow/dags/dag_extract_dvizhenie.py took 0.043 seconds
[2026-07-09T18:15:52.848+0000] {processor.py:186} INFO - Started process (PID=11318) to work on /opt/airflow/dags/dag_extract_dvizhenie.py
[2026-07-09T18:15:52.849+0000] {processor.py:914} INFO - Processing file /opt/airflow/dags/dag_extract_dvizhenie.py for tasks to queue
[2026-07-09T18:15:52.850+0000] {logging_mixin.py:190} INFO - [2026-07-09T18:15:52.849+0000] {dagbag.py:588} INFO - Filling up the DagBag from /opt/airflow/dags/dag_extract_dvizhenie.py
[2026-07-09T18:15:52.854+0000] {processor.py:925} INFO - DAG(s) 'dag_extract_dvizhenie' retrieved from /opt/airflow/dags/dag_extract_dvizhenie.py
[2026-07-09T18:15:52.864+0000] {logging_mixin.py:190} INFO - [2026-07-09T18:15:52.864+0000] {dag.py:3239} INFO - Sync 1 DAGs
[2026-07-09T18:15:52.871+0000] {logging_mixin.py:190} INFO - [2026-07-09T18:15:52.871+0000] {dag.py:4180} INFO - Setting next_dagrun for dag_extract_dvizhenie to 2026-07-09 16:00:00+00:00, run_after=2026-07-09 18:00:00+00:00
[2026-07-09T18:15:52.875+0000] {processor.py:208} INFO - Processing /opt/airflow/dags/dag_extract_dvizhenie.py took 0.030 seconds
[2026-07-09T18:16:23.328+0000] {processor.py:186} INFO - Started process (PID=11338) to work on /opt/airflow/dags/dag_extract_dvizhenie.py
[2026-07-09T18:16:23.328+0000] {processor.py:914} INFO - Processing file /opt/airflow/dags/dag_extract_dvizhenie.py for tasks to queue
[2026-07-09T18:16:23.329+0000] {logging_mixin.py:190} INFO - [2026-07-09T18:16:23.329+0000] {dagbag.py:588} INFO - Filling up the DagBag from /opt/airflow/dags/dag_extract_dvizhenie.py
[2026-07-09T18:16:23.333+0000] {processor.py:925} INFO - DAG(s) 'dag_extract_dvizhenie' retrieved from /opt/airflow/dags/dag_extract_dvizhenie.py
[2026-07-09T18:16:23.343+0000] {logging_mixin.py:190} INFO - [2026-07-09T18:16:23.343+0000] {dag.py:3239} INFO - Sync 1 DAGs
[2026-07-09T18:16:23.350+0000] {logging_mixin.py:190} INFO - [2026-07-09T18:16:23.350+0000] {dag.py:4180} INFO - Setting next_dagrun for dag_extract_dvizhenie to 2026-07-09 16:00:00+00:00, run_after=2026-07-09 18:00:00+00:00
[2026-07-09T18:16:23.355+0000] {processor.py:208} INFO - Processing /opt/airflow/dags/dag_extract_dvizhenie.py took 0.030 seconds
[2026-07-09T18:16:53.807+0000] {processor.py:186} INFO - Started process (PID=11358) to work on /opt/airflow/dags/dag_extract_dvizhenie.py
[2026-07-09T18:16:53.808+0000] {processor.py:914} INFO - Processing file /opt/airflow/dags/dag_extract_dvizhenie.py for tasks to queue
[2026-07-09T18:16:53.809+0000] {logging_mixin.py:190} INFO - [2026-07-09T18:16:53.809+0000] {dagbag.py:588} INFO - Filling up the DagBag from /opt/airflow/dags/dag_extract_dvizhenie.py
[2026-07-09T18:16:53.814+0000] {processor.py:925} INFO - DAG(s) 'dag_extract_dvizhenie' retrieved from /opt/airflow/dags/dag_extract_dvizhenie.py
[2026-07-09T18:16:53.828+0000] {logging_mixin.py:190} INFO - [2026-07-09T18:16:53.828+0000] {dag.py:3239} INFO - Sync 1 DAGs
[2026-07-09T18:16:53.836+0000] {logging_mixin.py:190} INFO - [2026-07-09T18:16:53.836+0000] {dag.py:4180} INFO - Setting next_dagrun for dag_extract_dvizhenie to 2026-07-09 16:00:00+00:00, run_after=2026-07-09 18:00:00+00:00
[2026-07-09T18:16:53.844+0000] {processor.py:208} INFO - Processing /opt/airflow/dags/dag_extract_dvizhenie.py took 0.039 seconds
[2026-07-09T18:17:24.344+0000] {processor.py:186} INFO - Started process (PID=11378) to work on /opt/airflow/dags/dag_extract_dvizhenie.py
[2026-07-09T18:17:24.345+0000] {processor.py:914} INFO - Processing file /opt/airflow/dags/dag_extract_dvizhenie.py for tasks to queue
[2026-07-09T18:17:24.346+0000] {logging_mixin.py:190} INFO - [2026-07-09T18:17:24.346+0000] {dagbag.py:588} INFO - Filling up the DagBag from /opt/airflow/dags/dag_extract_dvizhenie.py
[2026-07-09T18:17:24.351+0000] {processor.py:925} INFO - DAG(s) 'dag_extract_dvizhenie' retrieved from /opt/airflow/dags/dag_extract_dvizhenie.py
[2026-07-09T18:17:24.364+0000] {logging_mixin.py:190} INFO - [2026-07-09T18:17:24.364+0000] {dag.py:3239} INFO - Sync 1 DAGs
[2026-07-09T18:17:24.372+0000] {logging_mixin.py:190} INFO - [2026-07-09T18:17:24.372+0000] {dag.py:4180} INFO - Setting next_dagrun for dag_extract_dvizhenie to 2026-07-09 16:00:00+00:00, run_after=2026-07-09 18:00:00+00:00
[2026-07-09T18:17:24.378+0000] {processor.py:208} INFO - Processing /opt/airflow/dags/dag_extract_dvizhenie.py took 0.037 seconds
[2026-07-09T18:17:54.852+0000] {processor.py:186} INFO - Started process (PID=11396) to work on /opt/airflow/dags/dag_extract_dvizhenie.py
[2026-07-09T18:17:54.853+0000] {processor.py:914} INFO - Processing file /opt/airflow/dags/dag_extract_dvizhenie.py for tasks to queue
[2026-07-09T18:17:54.854+0000] {logging_mixin.py:190} INFO - [2026-07-09T18:17:54.854+0000] {dagbag.py:588} INFO - Filling up the DagBag from /opt/airflow/dags/dag_extract_dvizhenie.py
[2026-07-09T18:17:54.859+0000] {processor.py:925} INFO - DAG(s) 'dag_extract_dvizhenie' retrieved from /opt/airflow/dags/dag_extract_dvizhenie.py
[2026-07-09T18:17:54.871+0000] {logging_mixin.py:190} INFO - [2026-07-09T18:17:54.871+0000] {dag.py:3239} INFO - Sync 1 DAGs
[2026-07-09T18:17:54.880+0000] {logging_mixin.py:190} INFO - [2026-07-09T18:17:54.880+0000] {dag.py:4180} INFO - Setting next_dagrun for dag_extract_dvizhenie to 2026-07-09 16:00:00+00:00, run_after=2026-07-09 18:00:00+00:00
[2026-07-09T18:17:54.885+0000] {processor.py:208} INFO - Processing /opt/airflow/dags/dag_extract_dvizhenie.py took 0.036 seconds
[2026-07-09T18:18:25.348+0000] {processor.py:186} INFO - Started process (PID=11418) to work on /opt/airflow/dags/dag_extract_dvizhenie.py
[2026-07-09T18:18:25.348+0000] {processor.py:914} INFO - Processing file /opt/airflow/dags/dag_extract_dvizhenie.py for tasks to queue
[2026-07-09T18:18:25.349+0000] {logging_mixin.py:190} INFO - [2026-07-09T18:18:25.349+0000] {dagbag.py:588} INFO - Filling up the DagBag from /opt/airflow/dags/dag_extract_dvizhenie.py
[2026-07-09T18:18:25.353+0000] {processor.py:925} INFO - DAG(s) 'dag_extract_dvizhenie' retrieved from /opt/airflow/dags/dag_extract_dvizhenie.py
[2026-07-09T18:18:25.363+0000] {logging_mixin.py:190} INFO - [2026-07-09T18:18:25.363+0000] {dag.py:3239} INFO - Sync 1 DAGs
[2026-07-09T18:18:25.370+0000] {logging_mixin.py:190} INFO - [2026-07-09T18:18:25.370+0000] {dag.py:4180} INFO - Setting next_dagrun for dag_extract_dvizhenie to 2026-07-09 16:00:00+00:00, run_after=2026-07-09 18:00:00+00:00
[2026-07-09T18:18:25.375+0000] {processor.py:208} INFO - Processing /opt/airflow/dags/dag_extract_dvizhenie.py took 0.030 seconds
[2026-07-09T18:18:55.883+0000] {processor.py:186} INFO - Started process (PID=11438) to work on /opt/airflow/dags/dag_extract_dvizhenie.py
[2026-07-09T18:18:55.883+0000] {processor.py:914} INFO - Processing file /opt/airflow/dags/dag_extract_dvizhenie.py for tasks to queue
[2026-07-09T18:18:55.884+0000] {logging_mixin.py:190} INFO - [2026-07-09T18:18:55.884+0000] {dagbag.py:588} INFO - Filling up the DagBag from /opt/airflow/dags/dag_extract_dvizhenie.py
[2026-07-09T18:18:55.889+0000] {processor.py:925} INFO - DAG(s) 'dag_extract_dvizhenie' retrieved from /opt/airflow/dags/dag_extract_dvizhenie.py
[2026-07-09T18:18:55.899+0000] {logging_mixin.py:190} INFO - [2026-07-09T18:18:55.899+0000] {dag.py:3239} INFO - Sync 1 DAGs
[2026-07-09T18:18:55.906+0000] {logging_mixin.py:190} INFO - [2026-07-09T18:18:55.906+0000] {dag.py:4180} INFO - Setting next_dagrun for dag_extract_dvizhenie to 2026-07-09 16:00:00+00:00, run_after=2026-07-09 18:00:00+00:00
[2026-07-09T18:18:55.910+0000] {processor.py:208} INFO - Processing /opt/airflow/dags/dag_extract_dvizhenie.py took 0.030 seconds
[2026-07-09T18:19:26.367+0000] {processor.py:186} INFO - Started process (PID=11458) to work on /opt/airflow/dags/dag_extract_dvizhenie.py
[2026-07-09T18:19:26.367+0000] {processor.py:914} INFO - Processing file /opt/airflow/dags/dag_extract_dvizhenie.py for tasks to queue
[2026-07-09T18:19:26.368+0000] {logging_mixin.py:190} INFO - [2026-07-09T18:19:26.368+0000] {dagbag.py:588} INFO - Filling up the DagBag from /opt/airflow/dags/dag_extract_dvizhenie.py
[2026-07-09T18:19:26.372+0000] {processor.py:925} INFO - DAG(s) 'dag_extract_dvizhenie' retrieved from /opt/airflow/dags/dag_extract_dvizhenie.py
[2026-07-09T18:19:26.382+0000] {logging_mixin.py:190} INFO - [2026-07-09T18:19:26.382+0000] {dag.py:3239} INFO - Sync 1 DAGs
[2026-07-09T18:19:26.390+0000] {logging_mixin.py:190} INFO - [2026-07-09T18:19:26.389+0000] {dag.py:4180} INFO - Setting next_dagrun for dag_extract_dvizhenie to 2026-07-09 16:00:00+00:00, run_after=2026-07-09 18:00:00+00:00
[2026-07-09T18:19:26.394+0000] {processor.py:208} INFO - Processing /opt/airflow/dags/dag_extract_dvizhenie.py took 0.030 seconds
[2026-07-09T18:19:56.854+0000] {processor.py:186} INFO - Started process (PID=11478) to work on /opt/airflow/dags/dag_extract_dvizhenie.py
[2026-07-09T18:19:56.854+0000] {processor.py:914} INFO - Processing file /opt/airflow/dags/dag_extract_dvizhenie.py for tasks to queue
[2026-07-09T18:19:56.855+0000] {logging_mixin.py:190} INFO - [2026-07-09T18:19:56.855+0000] {dagbag.py:588} INFO - Filling up the DagBag from /opt/airflow/dags/dag_extract_dvizhenie.py
[2026-07-09T18:19:56.860+0000] {processor.py:925} INFO - DAG(s) 'dag_extract_dvizhenie' retrieved from /opt/airflow/dags/dag_extract_dvizhenie.py
[2026-07-09T18:19:56.870+0000] {logging_mixin.py:190} INFO - [2026-07-09T18:19:56.870+0000] {dag.py:3239} INFO - Sync 1 DAGs
[2026-07-09T18:19:56.877+0000] {logging_mixin.py:190} INFO - [2026-07-09T18:19:56.877+0000] {dag.py:4180} INFO - Setting next_dagrun for dag_extract_dvizhenie to 2026-07-09 16:00:00+00:00, run_after=2026-07-09 18:00:00+00:00
[2026-07-09T18:19:56.883+0000] {processor.py:208} INFO - Processing /opt/airflow/dags/dag_extract_dvizhenie.py took 0.032 seconds
[2026-07-09T18:20:27.338+0000] {processor.py:186} INFO - Started process (PID=11498) to work on /opt/airflow/dags/dag_extract_dvizhenie.py
[2026-07-09T18:20:27.339+0000] {processor.py:914} INFO - Processing file /opt/airflow/dags/dag_extract_dvizhenie.py for tasks to queue
[2026-07-09T18:20:27.339+0000] {logging_mixin.py:190} INFO - [2026-07-09T18:20:27.339+0000] {dagbag.py:588} INFO - Filling up the DagBag from /opt/airflow/dags/dag_extract_dvizhenie.py
[2026-07-09T18:20:27.344+0000] {processor.py:925} INFO - DAG(s) 'dag_extract_dvizhenie' retrieved from /opt/airflow/dags/dag_extract_dvizhenie.py
[2026-07-09T18:20:27.353+0000] {logging_mixin.py:190} INFO - [2026-07-09T18:20:27.353+0000] {dag.py:3239} INFO - Sync 1 DAGs
[2026-07-09T18:20:27.360+0000] {logging_mixin.py:190} INFO - [2026-07-09T18:20:27.360+0000] {dag.py:4180} INFO - Setting next_dagrun for dag_extract_dvizhenie to 2026-07-09 16:00:00+00:00, run_after=2026-07-09 18:00:00+00:00
[2026-07-09T18:20:27.365+0000] {processor.py:208} INFO - Processing /opt/airflow/dags/dag_extract_dvizhenie.py took 0.029 seconds
[2026-07-09T18:20:57.891+0000] {processor.py:186} INFO - Started process (PID=11518) to work on /opt/airflow/dags/dag_extract_dvizhenie.py
[2026-07-09T18:20:57.891+0000] {processor.py:914} INFO - Processing file /opt/airflow/dags/dag_extract_dvizhenie.py for tasks to queue
[2026-07-09T18:20:57.892+0000] {logging_mixin.py:190} INFO - [2026-07-09T18:20:57.892+0000] {dagbag.py:588} INFO - Filling up the DagBag from /opt/airflow/dags/dag_extract_dvizhenie.py
[2026-07-09T18:20:57.897+0000] {processor.py:925} INFO - DAG(s) 'dag_extract_dvizhenie' retrieved from /opt/airflow/dags/dag_extract_dvizhenie.py
[2026-07-09T18:20:57.907+0000] {logging_mixin.py:190} INFO - [2026-07-09T18:20:57.907+0000] {dag.py:3239} INFO - Sync 1 DAGs
[2026-07-09T18:20:57.915+0000] {logging_mixin.py:190} INFO - [2026-07-09T18:20:57.915+0000] {dag.py:4180} INFO - Setting next_dagrun for dag_extract_dvizhenie to 2026-07-09 16:00:00+00:00, run_after=2026-07-09 18:00:00+00:00
[2026-07-09T18:20:57.919+0000] {processor.py:208} INFO - Processing /opt/airflow/dags/dag_extract_dvizhenie.py took 0.032 seconds
[2026-07-09T18:21:28.427+0000] {processor.py:186} INFO - Started process (PID=11538) to work on /opt/airflow/dags/dag_extract_dvizhenie.py
[2026-07-09T18:21:28.428+0000] {processor.py:914} INFO - Processing file /opt/airflow/dags/dag_extract_dvizhenie.py for tasks to queue
[2026-07-09T18:21:28.428+0000] {logging_mixin.py:190} INFO - [2026-07-09T18:21:28.428+0000] {dagbag.py:588} INFO - Filling up the DagBag from /opt/airflow/dags/dag_extract_dvizhenie.py
[2026-07-09T18:21:28.433+0000] {processor.py:925} INFO - DAG(s) 'dag_extract_dvizhenie' retrieved from /opt/airflow/dags/dag_extract_dvizhenie.py
[2026-07-09T18:21:28.443+0000] {logging_mixin.py:190} INFO - [2026-07-09T18:21:28.443+0000] {dag.py:3239} INFO - Sync 1 DAGs
[2026-07-09T18:21:28.450+0000] {logging_mixin.py:190} INFO - [2026-07-09T18:21:28.450+0000] {dag.py:4180} INFO - Setting next_dagrun for dag_extract_dvizhenie to 2026-07-09 16:00:00+00:00, run_after=2026-07-09 18:00:00+00:00
[2026-07-09T18:21:28.455+0000] {processor.py:208} INFO - Processing /opt/airflow/dags/dag_extract_dvizhenie.py took 0.032 seconds
[2026-07-09T18:21:58.931+0000] {processor.py:186} INFO - Started process (PID=11558) to work on /opt/airflow/dags/dag_extract_dvizhenie.py
[2026-07-09T18:21:58.932+0000] {processor.py:914} INFO - Processing file /opt/airflow/dags/dag_extract_dvizhenie.py for tasks to queue
[2026-07-09T18:21:58.932+0000] {logging_mixin.py:190} INFO - [2026-07-09T18:21:58.932+0000] {dagbag.py:588} INFO - Filling up the DagBag from /opt/airflow/dags/dag_extract_dvizhenie.py
[2026-07-09T18:21:58.937+0000] {processor.py:925} INFO - DAG(s) 'dag_extract_dvizhenie' retrieved from /opt/airflow/dags/dag_extract_dvizhenie.py
[2026-07-09T18:21:58.947+0000] {logging_mixin.py:190} INFO - [2026-07-09T18:21:58.947+0000] {dag.py:3239} INFO - Sync 1 DAGs
[2026-07-09T18:21:58.954+0000] {logging_mixin.py:190} INFO - [2026-07-09T18:21:58.954+0000] {dag.py:4180} INFO - Setting next_dagrun for dag_extract_dvizhenie to 2026-07-09 16:00:00+00:00, run_after=2026-07-09 18:00:00+00:00
[2026-07-09T18:21:58.959+0000] {processor.py:208} INFO - Processing /opt/airflow/dags/dag_extract_dvizhenie.py took 0.030 seconds
[2026-07-09T18:22:29.439+0000] {processor.py:186} INFO - Started process (PID=11576) to work on /opt/airflow/dags/dag_extract_dvizhenie.py
[2026-07-09T18:22:29.439+0000] {processor.py:914} INFO - Processing file /opt/airflow/dags/dag_extract_dvizhenie.py for tasks to queue
[2026-07-09T18:22:29.441+0000] {logging_mixin.py:190} INFO - [2026-07-09T18:22:29.441+0000] {dagbag.py:588} INFO - Filling up the DagBag from /opt/airflow/dags/dag_extract_dvizhenie.py
[2026-07-09T18:22:29.447+0000] {processor.py:925} INFO - DAG(s) 'dag_extract_dvizhenie' retrieved from /opt/airflow/dags/dag_extract_dvizhenie.py
[2026-07-09T18:22:29.462+0000] {logging_mixin.py:190} INFO - [2026-07-09T18:22:29.461+0000] {dag.py:3239} INFO - Sync 1 DAGs
[2026-07-09T18:22:29.470+0000] {logging_mixin.py:190} INFO - [2026-07-09T18:22:29.470+0000] {dag.py:4180} INFO - Setting next_dagrun for dag_extract_dvizhenie to 2026-07-09 16:00:00+00:00, run_after=2026-07-09 18:00:00+00:00
[2026-07-09T18:22:29.477+0000] {processor.py:208} INFO - Processing /opt/airflow/dags/dag_extract_dvizhenie.py took 0.041 seconds
[2026-07-09T18:22:59.988+0000] {processor.py:186} INFO - Started process (PID=11598) to work on /opt/airflow/dags/dag_extract_dvizhenie.py
[2026-07-09T18:22:59.989+0000] {processor.py:914} INFO - Processing file /opt/airflow/dags/dag_extract_dvizhenie.py for tasks to queue
[2026-07-09T18:22:59.990+0000] {logging_mixin.py:190} INFO - [2026-07-09T18:22:59.989+0000] {dagbag.py:588} INFO - Filling up the DagBag from /opt/airflow/dags/dag_extract_dvizhenie.py
[2026-07-09T18:22:59.994+0000] {processor.py:925} INFO - DAG(s) 'dag_extract_dvizhenie' retrieved from /opt/airflow/dags/dag_extract_dvizhenie.py
[2026-07-09T18:23:00.004+0000] {logging_mixin.py:190} INFO - [2026-07-09T18:23:00.004+0000] {dag.py:3239} INFO - Sync 1 DAGs
[2026-07-09T18:23:00.011+0000] {logging_mixin.py:190} INFO - [2026-07-09T18:23:00.011+0000] {dag.py:4180} INFO - Setting next_dagrun for dag_extract_dvizhenie to 2026-07-09 16:00:00+00:00, run_after=2026-07-09 18:00:00+00:00
[2026-07-09T18:23:00.016+0000] {processor.py:208} INFO - Processing /opt/airflow/dags/dag_extract_dvizhenie.py took 0.030 seconds
[2026-07-09T18:23:30.416+0000] {processor.py:186} INFO - Started process (PID=11616) to work on /opt/airflow/dags/dag_extract_dvizhenie.py
[2026-07-09T18:23:30.416+0000] {processor.py:914} INFO - Processing file /opt/airflow/dags/dag_extract_dvizhenie.py for tasks to queue
[2026-07-09T18:23:30.417+0000] {logging_mixin.py:190} INFO - [2026-07-09T18:23:30.417+0000] {dagbag.py:588} INFO - Filling up the DagBag from /opt/airflow/dags/dag_extract_dvizhenie.py
[2026-07-09T18:23:30.422+0000] {processor.py:925} INFO - DAG(s) 'dag_extract_dvizhenie' retrieved from /opt/airflow/dags/dag_extract_dvizhenie.py
[2026-07-09T18:23:30.437+0000] {logging_mixin.py:190} INFO - [2026-07-09T18:23:30.437+0000] {dag.py:3239} INFO - Sync 1 DAGs
[2026-07-09T18:23:30.447+0000] {logging_mixin.py:190} INFO - [2026-07-09T18:23:30.447+0000] {dag.py:4180} INFO - Setting next_dagrun for dag_extract_dvizhenie to 2026-07-09 16:00:00+00:00, run_after=2026-07-09 18:00:00+00:00
[2026-07-09T18:23:30.456+0000] {processor.py:208} INFO - Processing /opt/airflow/dags/dag_extract_dvizhenie.py took 0.044 seconds
[2026-07-09T18:24:00.923+0000] {processor.py:186} INFO - Started process (PID=11638) to work on /opt/airflow/dags/dag_extract_dvizhenie.py
[2026-07-09T18:24:00.923+0000] {processor.py:914} INFO - Processing file /opt/airflow/dags/dag_extract_dvizhenie.py for tasks to queue
[2026-07-09T18:24:00.924+0000] {logging_mixin.py:190} INFO - [2026-07-09T18:24:00.924+0000] {dagbag.py:588} INFO - Filling up the DagBag from /opt/airflow/dags/dag_extract_dvizhenie.py
[2026-07-09T18:24:00.928+0000] {processor.py:925} INFO - DAG(s) 'dag_extract_dvizhenie' retrieved from /opt/airflow/dags/dag_extract_dvizhenie.py
[2026-07-09T18:24:00.938+0000] {logging_mixin.py:190} INFO - [2026-07-09T18:24:00.938+0000] {dag.py:3239} INFO - Sync 1 DAGs
[2026-07-09T18:24:00.946+0000] {logging_mixin.py:190} INFO - [2026-07-09T18:24:00.946+0000] {dag.py:4180} INFO - Setting next_dagrun for dag_extract_dvizhenie to 2026-07-09 16:00:00+00:00, run_after=2026-07-09 18:00:00+00:00
[2026-07-09T18:24:00.950+0000] {processor.py:208} INFO - Processing /opt/airflow/dags/dag_extract_dvizhenie.py took 0.030 seconds
[2026-07-09T18:24:31.419+0000] {processor.py:186} INFO - Started process (PID=11658) to work on /opt/airflow/dags/dag_extract_dvizhenie.py
[2026-07-09T18:24:31.420+0000] {processor.py:914} INFO - Processing file /opt/airflow/dags/dag_extract_dvizhenie.py for tasks to queue
[2026-07-09T18:24:31.421+0000] {logging_mixin.py:190} INFO - [2026-07-09T18:24:31.420+0000] {dagbag.py:588} INFO - Filling up the DagBag from /opt/airflow/dags/dag_extract_dvizhenie.py
[2026-07-09T18:24:31.425+0000] {processor.py:925} INFO - DAG(s) 'dag_extract_dvizhenie' retrieved from /opt/airflow/dags/dag_extract_dvizhenie.py
[2026-07-09T18:24:31.435+0000] {logging_mixin.py:190} INFO - [2026-07-09T18:24:31.435+0000] {dag.py:3239} INFO - Sync 1 DAGs
[2026-07-09T18:24:31.442+0000] {logging_mixin.py:190} INFO - [2026-07-09T18:24:31.442+0000] {dag.py:4180} INFO - Setting next_dagrun for dag_extract_dvizhenie to 2026-07-09 16:00:00+00:00, run_after=2026-07-09 18:00:00+00:00
[2026-07-09T18:24:31.447+0000] {processor.py:208} INFO - Processing /opt/airflow/dags/dag_extract_dvizhenie.py took 0.030 seconds
[2026-07-09T18:25:01.944+0000] {processor.py:186} INFO - Started process (PID=11678) to work on /opt/airflow/dags/dag_extract_dvizhenie.py
[2026-07-09T18:25:01.944+0000] {processor.py:914} INFO - Processing file /opt/airflow/dags/dag_extract_dvizhenie.py for tasks to queue
[2026-07-09T18:25:01.945+0000] {logging_mixin.py:190} INFO - [2026-07-09T18:25:01.945+0000] {dagbag.py:588} INFO - Filling up the DagBag from /opt/airflow/dags/dag_extract_dvizhenie.py
[2026-07-09T18:25:01.949+0000] {processor.py:925} INFO - DAG(s) 'dag_extract_dvizhenie' retrieved from /opt/airflow/dags/dag_extract_dvizhenie.py
[2026-07-09T18:25:01.959+0000] {logging_mixin.py:190} INFO - [2026-07-09T18:25:01.958+0000] {dag.py:3239} INFO - Sync 1 DAGs
[2026-07-09T18:25:01.966+0000] {logging_mixin.py:190} INFO - [2026-07-09T18:25:01.965+0000] {dag.py:4180} INFO - Setting next_dagrun for dag_extract_dvizhenie to 2026-07-09 16:00:00+00:00, run_after=2026-07-09 18:00:00+00:00
[2026-07-09T18:25:01.970+0000] {processor.py:208} INFO - Processing /opt/airflow/dags/dag_extract_dvizhenie.py took 0.029 seconds
[2026-07-09T18:25:32.429+0000] {processor.py:186} INFO - Started process (PID=11698) to work on /opt/airflow/dags/dag_extract_dvizhenie.py
[2026-07-09T18:25:32.429+0000] {processor.py:914} INFO - Processing file /opt/airflow/dags/dag_extract_dvizhenie.py for tasks to queue
[2026-07-09T18:25:32.430+0000] {logging_mixin.py:190} INFO - [2026-07-09T18:25:32.430+0000] {dagbag.py:588} INFO - Filling up the DagBag from /opt/airflow/dags/dag_extract_dvizhenie.py
[2026-07-09T18:25:32.434+0000] {processor.py:925} INFO - DAG(s) 'dag_extract_dvizhenie' retrieved from /opt/airflow/dags/dag_extract_dvizhenie.py
[2026-07-09T18:25:32.444+0000] {logging_mixin.py:190} INFO - [2026-07-09T18:25:32.444+0000] {dag.py:3239} INFO - Sync 1 DAGs
[2026-07-09T18:25:32.451+0000] {logging_mixin.py:190} INFO - [2026-07-09T18:25:32.451+0000] {dag.py:4180} INFO - Setting next_dagrun for dag_extract_dvizhenie to 2026-07-09 16:00:00+00:00, run_after=2026-07-09 18:00:00+00:00
[2026-07-09T18:25:32.456+0000] {processor.py:208} INFO - Processing /opt/airflow/dags/dag_extract_dvizhenie.py took 0.030 seconds
[2026-07-09T18:26:02.963+0000] {processor.py:186} INFO - Started process (PID=11718) to work on /opt/airflow/dags/dag_extract_dvizhenie.py
[2026-07-09T18:26:02.963+0000] {processor.py:914} INFO - Processing file /opt/airflow/dags/dag_extract_dvizhenie.py for tasks to queue
[2026-07-09T18:26:02.964+0000] {logging_mixin.py:190} INFO - [2026-07-09T18:26:02.964+0000] {dagbag.py:588} INFO - Filling up the DagBag from /opt/airflow/dags/dag_extract_dvizhenie.py
[2026-07-09T18:26:02.968+0000] {processor.py:925} INFO - DAG(s) 'dag_extract_dvizhenie' retrieved from /opt/airflow/dags/dag_extract_dvizhenie.py
[2026-07-09T18:26:02.978+0000] {logging_mixin.py:190} INFO - [2026-07-09T18:26:02.978+0000] {dag.py:3239} INFO - Sync 1 DAGs
[2026-07-09T18:26:02.985+0000] {logging_mixin.py:190} INFO - [2026-07-09T18:26:02.985+0000] {dag.py:4180} INFO - Setting next_dagrun for dag_extract_dvizhenie to 2026-07-09 16:00:00+00:00, run_after=2026-07-09 18:00:00+00:00
[2026-07-09T18:26:02.990+0000] {processor.py:208} INFO - Processing /opt/airflow/dags/dag_extract_dvizhenie.py took 0.030 seconds
[2026-07-09T18:26:33.502+0000] {processor.py:186} INFO - Started process (PID=11738) to work on /opt/airflow/dags/dag_extract_dvizhenie.py
[2026-07-09T18:26:33.502+0000] {processor.py:914} INFO - Processing file /opt/airflow/dags/dag_extract_dvizhenie.py for tasks to queue
[2026-07-09T18:26:33.503+0000] {logging_mixin.py:190} INFO - [2026-07-09T18:26:33.503+0000] {dagbag.py:588} INFO - Filling up the DagBag from /opt/airflow/dags/dag_extract_dvizhenie.py
[2026-07-09T18:26:33.507+0000] {processor.py:925} INFO - DAG(s) 'dag_extract_dvizhenie' retrieved from /opt/airflow/dags/dag_extract_dvizhenie.py
[2026-07-09T18:26:33.516+0000] {logging_mixin.py:190} INFO - [2026-07-09T18:26:33.516+0000] {dag.py:3239} INFO - Sync 1 DAGs
[2026-07-09T18:26:33.523+0000] {logging_mixin.py:190} INFO - [2026-07-09T18:26:33.523+0000] {dag.py:4180} INFO - Setting next_dagrun for dag_extract_dvizhenie to 2026-07-09 16:00:00+00:00, run_after=2026-07-09 18:00:00+00:00
[2026-07-09T18:26:33.528+0000] {processor.py:208} INFO - Processing /opt/airflow/dags/dag_extract_dvizhenie.py took 0.029 seconds
[2026-07-09T18:27:03.955+0000] {processor.py:186} INFO - Started process (PID=11758) to work on /opt/airflow/dags/dag_extract_dvizhenie.py
[2026-07-09T18:27:03.956+0000] {processor.py:914} INFO - Processing file /opt/airflow/dags/dag_extract_dvizhenie.py for tasks to queue
[2026-07-09T18:27:03.957+0000] {logging_mixin.py:190} INFO - [2026-07-09T18:27:03.957+0000] {dagbag.py:588} INFO - Filling up the DagBag from /opt/airflow/dags/dag_extract_dvizhenie.py
[2026-07-09T18:27:03.963+0000] {processor.py:925} INFO - DAG(s) 'dag_extract_dvizhenie' retrieved from /opt/airflow/dags/dag_extract_dvizhenie.py
[2026-07-09T18:27:03.976+0000] {logging_mixin.py:190} INFO - [2026-07-09T18:27:03.976+0000] {dag.py:3239} INFO - Sync 1 DAGs
[2026-07-09T18:27:03.986+0000] {logging_mixin.py:190} INFO - [2026-07-09T18:27:03.985+0000] {dag.py:4180} INFO - Setting next_dagrun for dag_extract_dvizhenie to 2026-07-09 16:00:00+00:00, run_after=2026-07-09 18:00:00+00:00
[2026-07-09T18:27:03.993+0000] {processor.py:208} INFO - Processing /opt/airflow/dags/dag_extract_dvizhenie.py took 0.041 seconds
[2026-07-09T18:27:34.472+0000] {processor.py:186} INFO - Started process (PID=11778) to work on /opt/airflow/dags/dag_extract_dvizhenie.py
[2026-07-09T18:27:34.473+0000] {processor.py:914} INFO - Processing file /opt/airflow/dags/dag_extract_dvizhenie.py for tasks to queue
[2026-07-09T18:27:34.474+0000] {logging_mixin.py:190} INFO - [2026-07-09T18:27:34.474+0000] {dagbag.py:588} INFO - Filling up the DagBag from /opt/airflow/dags/dag_extract_dvizhenie.py
[2026-07-09T18:27:34.479+0000] {processor.py:925} INFO - DAG(s) 'dag_extract_dvizhenie' retrieved from /opt/airflow/dags/dag_extract_dvizhenie.py
[2026-07-09T18:27:34.494+0000] {logging_mixin.py:190} INFO - [2026-07-09T18:27:34.494+0000] {dag.py:3239} INFO - Sync 1 DAGs
[2026-07-09T18:27:34.501+0000] {logging_mixin.py:190} INFO - [2026-07-09T18:27:34.501+0000] {dag.py:4180} INFO - Setting next_dagrun for dag_extract_dvizhenie to 2026-07-09 16:00:00+00:00, run_after=2026-07-09 18:00:00+00:00
[2026-07-09T18:27:34.509+0000] {processor.py:208} INFO - Processing /opt/airflow/dags/dag_extract_dvizhenie.py took 0.040 seconds
[2026-07-09T18:28:04.969+0000] {processor.py:186} INFO - Started process (PID=11798) to work on /opt/airflow/dags/dag_extract_dvizhenie.py
[2026-07-09T18:28:04.969+0000] {processor.py:914} INFO - Processing file /opt/airflow/dags/dag_extract_dvizhenie.py for tasks to queue
[2026-07-09T18:28:04.970+0000] {logging_mixin.py:190} INFO - [2026-07-09T18:28:04.970+0000] {dagbag.py:588} INFO - Filling up the DagBag from /opt/airflow/dags/dag_extract_dvizhenie.py
[2026-07-09T18:28:04.974+0000] {processor.py:925} INFO - DAG(s) 'dag_extract_dvizhenie' retrieved from /opt/airflow/dags/dag_extract_dvizhenie.py
[2026-07-09T18:28:04.984+0000] {logging_mixin.py:190} INFO - [2026-07-09T18:28:04.984+0000] {dag.py:3239} INFO - Sync 1 DAGs
[2026-07-09T18:28:04.991+0000] {logging_mixin.py:190} INFO - [2026-07-09T18:28:04.991+0000] {dag.py:4180} INFO - Setting next_dagrun for dag_extract_dvizhenie to 2026-07-09 16:00:00+00:00, run_after=2026-07-09 18:00:00+00:00
[2026-07-09T18:28:04.995+0000] {processor.py:208} INFO - Processing /opt/airflow/dags/dag_extract_dvizhenie.py took 0.029 seconds
[2026-07-09T18:28:35.435+0000] {processor.py:186} INFO - Started process (PID=11818) to work on /opt/airflow/dags/dag_extract_dvizhenie.py
[2026-07-09T18:28:35.435+0000] {processor.py:914} INFO - Processing file /opt/airflow/dags/dag_extract_dvizhenie.py for tasks to queue
[2026-07-09T18:28:35.436+0000] {logging_mixin.py:190} INFO - [2026-07-09T18:28:35.436+0000] {dagbag.py:588} INFO - Filling up the DagBag from /opt/airflow/dags/dag_extract_dvizhenie.py
[2026-07-09T18:28:35.441+0000] {processor.py:925} INFO - DAG(s) 'dag_extract_dvizhenie' retrieved from /opt/airflow/dags/dag_extract_dvizhenie.py
[2026-07-09T18:28:35.451+0000] {logging_mixin.py:190} INFO - [2026-07-09T18:28:35.451+0000] {dag.py:3239} INFO - Sync 1 DAGs
[2026-07-09T18:28:35.458+0000] {logging_mixin.py:190} INFO - [2026-07-09T18:28:35.458+0000] {dag.py:4180} INFO - Setting next_dagrun for dag_extract_dvizhenie to 2026-07-09 16:00:00+00:00, run_after=2026-07-09 18:00:00+00:00
[2026-07-09T18:28:35.463+0000] {processor.py:208} INFO - Processing /opt/airflow/dags/dag_extract_dvizhenie.py took 0.030 seconds
[2026-07-09T18:29:05.960+0000] {processor.py:186} INFO - Started process (PID=11837) to work on /opt/airflow/dags/dag_extract_dvizhenie.py
[2026-07-09T18:29:05.961+0000] {processor.py:914} INFO - Processing file /opt/airflow/dags/dag_extract_dvizhenie.py for tasks to queue
[2026-07-09T18:29:05.962+0000] {logging_mixin.py:190} INFO - [2026-07-09T18:29:05.962+0000] {dagbag.py:588} INFO - Filling up the DagBag from /opt/airflow/dags/dag_extract_dvizhenie.py
[2026-07-09T18:29:05.968+0000] {processor.py:925} INFO - DAG(s) 'dag_extract_dvizhenie' retrieved from /opt/airflow/dags/dag_extract_dvizhenie.py
[2026-07-09T18:29:05.984+0000] {logging_mixin.py:190} INFO - [2026-07-09T18:29:05.984+0000] {dag.py:3239} INFO - Sync 1 DAGs
[2026-07-09T18:29:05.993+0000] {logging_mixin.py:190} INFO - [2026-07-09T18:29:05.993+0000] {dag.py:4180} INFO - Setting next_dagrun for dag_extract_dvizhenie to 2026-07-09 16:00:00+00:00, run_after=2026-07-09 18:00:00+00:00
[2026-07-09T18:29:06.000+0000] {processor.py:208} INFO - Processing /opt/airflow/dags/dag_extract_dvizhenie.py took 0.042 seconds
[2026-07-09T18:29:36.374+0000] {processor.py:186} INFO - Started process (PID=11858) to work on /opt/airflow/dags/dag_extract_dvizhenie.py
[2026-07-09T18:29:36.375+0000] {processor.py:914} INFO - Processing file /opt/airflow/dags/dag_extract_dvizhenie.py for tasks to queue
[2026-07-09T18:29:36.376+0000] {logging_mixin.py:190} INFO - [2026-07-09T18:29:36.376+0000] {dagbag.py:588} INFO - Filling up the DagBag from /opt/airflow/dags/dag_extract_dvizhenie.py
[2026-07-09T18:29:36.380+0000] {processor.py:925} INFO - DAG(s) 'dag_extract_dvizhenie' retrieved from /opt/airflow/dags/dag_extract_dvizhenie.py
[2026-07-09T18:29:36.390+0000] {logging_mixin.py:190} INFO - [2026-07-09T18:29:36.390+0000] {dag.py:3239} INFO - Sync 1 DAGs
[2026-07-09T18:29:36.397+0000] {logging_mixin.py:190} INFO - [2026-07-09T18:29:36.397+0000] {dag.py:4180} INFO - Setting next_dagrun for dag_extract_dvizhenie to 2026-07-09 16:00:00+00:00, run_after=2026-07-09 18:00:00+00:00
[2026-07-09T18:29:36.401+0000] {processor.py:208} INFO - Processing /opt/airflow/dags/dag_extract_dvizhenie.py took 0.030 seconds
[2026-07-09T18:30:06.880+0000] {processor.py:186} INFO - Started process (PID=11878) to work on /opt/airflow/dags/dag_extract_dvizhenie.py
[2026-07-09T18:30:06.880+0000] {processor.py:914} INFO - Processing file /opt/airflow/dags/dag_extract_dvizhenie.py for tasks to queue
[2026-07-09T18:30:06.881+0000] {logging_mixin.py:190} INFO - [2026-07-09T18:30:06.881+0000] {dagbag.py:588} INFO - Filling up the DagBag from /opt/airflow/dags/dag_extract_dvizhenie.py
[2026-07-09T18:30:06.885+0000] {processor.py:925} INFO - DAG(s) 'dag_extract_dvizhenie' retrieved from /opt/airflow/dags/dag_extract_dvizhenie.py
[2026-07-09T18:30:06.895+0000] {logging_mixin.py:190} INFO - [2026-07-09T18:30:06.895+0000] {dag.py:3239} INFO - Sync 1 DAGs
[2026-07-09T18:30:06.902+0000] {logging_mixin.py:190} INFO - [2026-07-09T18:30:06.902+0000] {dag.py:4180} INFO - Setting next_dagrun for dag_extract_dvizhenie to 2026-07-09 16:00:00+00:00, run_after=2026-07-09 18:00:00+00:00
[2026-07-09T18:30:06.907+0000] {processor.py:208} INFO - Processing /opt/airflow/dags/dag_extract_dvizhenie.py took 0.029 seconds
[2026-07-09T18:30:37.345+0000] {processor.py:186} INFO - Started process (PID=11898) to work on /opt/airflow/dags/dag_extract_dvizhenie.py
[2026-07-09T18:30:37.346+0000] {processor.py:914} INFO - Processing file /opt/airflow/dags/dag_extract_dvizhenie.py for tasks to queue
[2026-07-09T18:30:37.346+0000] {logging_mixin.py:190} INFO - [2026-07-09T18:30:37.346+0000] {dagbag.py:588} INFO - Filling up the DagBag from /opt/airflow/dags/dag_extract_dvizhenie.py
[2026-07-09T18:30:37.351+0000] {processor.py:925} INFO - DAG(s) 'dag_extract_dvizhenie' retrieved from /opt/airflow/dags/dag_extract_dvizhenie.py
[2026-07-09T18:30:37.361+0000] {logging_mixin.py:190} INFO - [2026-07-09T18:30:37.361+0000] {dag.py:3239} INFO - Sync 1 DAGs
[2026-07-09T18:30:37.368+0000] {logging_mixin.py:190} INFO - [2026-07-09T18:30:37.368+0000] {dag.py:4180} INFO - Setting next_dagrun for dag_extract_dvizhenie to 2026-07-09 16:00:00+00:00, run_after=2026-07-09 18:00:00+00:00
[2026-07-09T18:30:37.373+0000] {processor.py:208} INFO - Processing /opt/airflow/dags/dag_extract_dvizhenie.py took 0.030 seconds
[2026-07-09T18:31:07.860+0000] {processor.py:186} INFO - Started process (PID=11918) to work on /opt/airflow/dags/dag_extract_dvizhenie.py
[2026-07-09T18:31:07.861+0000] {processor.py:914} INFO - Processing file /opt/airflow/dags/dag_extract_dvizhenie.py for tasks to queue
[2026-07-09T18:31:07.861+0000] {logging_mixin.py:190} INFO - [2026-07-09T18:31:07.861+0000] {dagbag.py:588} INFO - Filling up the DagBag from /opt/airflow/dags/dag_extract_dvizhenie.py
[2026-07-09T18:31:07.866+0000] {processor.py:925} INFO - DAG(s) 'dag_extract_dvizhenie' retrieved from /opt/airflow/dags/dag_extract_dvizhenie.py
[2026-07-09T18:31:07.875+0000] {logging_mixin.py:190} INFO - [2026-07-09T18:31:07.875+0000] {dag.py:3239} INFO - Sync 1 DAGs
[2026-07-09T18:31:07.882+0000] {logging_mixin.py:190} INFO - [2026-07-09T18:31:07.882+0000] {dag.py:4180} INFO - Setting next_dagrun for dag_extract_dvizhenie to 2026-07-09 16:00:00+00:00, run_after=2026-07-09 18:00:00+00:00
[2026-07-09T18:31:07.887+0000] {processor.py:208} INFO - Processing /opt/airflow/dags/dag_extract_dvizhenie.py took 0.029 seconds
[2026-07-09T18:31:38.332+0000] {processor.py:186} INFO - Started process (PID=11937) to work on /opt/airflow/dags/dag_extract_dvizhenie.py
[2026-07-09T18:31:38.332+0000] {processor.py:914} INFO - Processing file /opt/airflow/dags/dag_extract_dvizhenie.py for tasks to queue
[2026-07-09T18:31:38.333+0000] {logging_mixin.py:190} INFO - [2026-07-09T18:31:38.333+0000] {dagbag.py:588} INFO - Filling up the DagBag from /opt/airflow/dags/dag_extract_dvizhenie.py
[2026-07-09T18:31:38.341+0000] {processor.py:925} INFO - DAG(s) 'dag_extract_dvizhenie' retrieved from /opt/airflow/dags/dag_extract_dvizhenie.py
[2026-07-09T18:31:38.356+0000] {logging_mixin.py:190} INFO - [2026-07-09T18:31:38.356+0000] {dag.py:3239} INFO - Sync 1 DAGs
[2026-07-09T18:31:38.365+0000] {logging_mixin.py:190} INFO - [2026-07-09T18:31:38.365+0000] {dag.py:4180} INFO - Setting next_dagrun for dag_extract_dvizhenie to 2026-07-09 16:00:00+00:00, run_after=2026-07-09 18:00:00+00:00
[2026-07-09T18:31:38.372+0000] {processor.py:208} INFO - Processing /opt/airflow/dags/dag_extract_dvizhenie.py took 0.043 seconds
[2026-07-09T18:32:08.859+0000] {processor.py:186} INFO - Started process (PID=11958) to work on /opt/airflow/dags/dag_extract_dvizhenie.py
[2026-07-09T18:32:08.860+0000] {processor.py:914} INFO - Processing file /opt/airflow/dags/dag_extract_dvizhenie.py for tasks to queue
[2026-07-09T18:32:08.860+0000] {logging_mixin.py:190} INFO - [2026-07-09T18:32:08.860+0000] {dagbag.py:588} INFO - Filling up the DagBag from /opt/airflow/dags/dag_extract_dvizhenie.py
[2026-07-09T18:32:08.865+0000] {processor.py:925} INFO - DAG(s) 'dag_extract_dvizhenie' retrieved from /opt/airflow/dags/dag_extract_dvizhenie.py
[2026-07-09T18:32:08.875+0000] {logging_mixin.py:190} INFO - [2026-07-09T18:32:08.875+0000] {dag.py:3239} INFO - Sync 1 DAGs
[2026-07-09T18:32:08.882+0000] {logging_mixin.py:190} INFO - [2026-07-09T18:32:08.882+0000] {dag.py:4180} INFO - Setting next_dagrun for dag_extract_dvizhenie to 2026-07-09 16:00:00+00:00, run_after=2026-07-09 18:00:00+00:00
[2026-07-09T18:32:08.887+0000] {processor.py:208} INFO - Processing /opt/airflow/dags/dag_extract_dvizhenie.py took 0.030 seconds
[2026-07-09T18:32:39.334+0000] {processor.py:186} INFO - Started process (PID=11978) to work on /opt/airflow/dags/dag_extract_dvizhenie.py
[2026-07-09T18:32:39.334+0000] {processor.py:914} INFO - Processing file /opt/airflow/dags/dag_extract_dvizhenie.py for tasks to queue
[2026-07-09T18:32:39.335+0000] {logging_mixin.py:190} INFO - [2026-07-09T18:32:39.335+0000] {dagbag.py:588} INFO - Filling up the DagBag from /opt/airflow/dags/dag_extract_dvizhenie.py
[2026-07-09T18:32:39.339+0000] {processor.py:925} INFO - DAG(s) 'dag_extract_dvizhenie' retrieved from /opt/airflow/dags/dag_extract_dvizhenie.py
[2026-07-09T18:32:39.350+0000] {logging_mixin.py:190} INFO - [2026-07-09T18:32:39.350+0000] {dag.py:3239} INFO - Sync 1 DAGs
[2026-07-09T18:32:39.357+0000] {logging_mixin.py:190} INFO - [2026-07-09T18:32:39.357+0000] {dag.py:4180} INFO - Setting next_dagrun for dag_extract_dvizhenie to 2026-07-09 16:00:00+00:00, run_after=2026-07-09 18:00:00+00:00
[2026-07-09T18:32:39.362+0000] {processor.py:208} INFO - Processing /opt/airflow/dags/dag_extract_dvizhenie.py took 0.030 seconds
[2026-07-09T18:33:09.837+0000] {processor.py:186} INFO - Started process (PID=11998) to work on /opt/airflow/dags/dag_extract_dvizhenie.py
[2026-07-09T18:33:09.837+0000] {processor.py:914} INFO - Processing file /opt/airflow/dags/dag_extract_dvizhenie.py for tasks to queue
[2026-07-09T18:33:09.838+0000] {logging_mixin.py:190} INFO - [2026-07-09T18:33:09.838+0000] {dagbag.py:588} INFO - Filling up the DagBag from /opt/airflow/dags/dag_extract_dvizhenie.py
[2026-07-09T18:33:09.843+0000] {processor.py:925} INFO - DAG(s) 'dag_extract_dvizhenie' retrieved from /opt/airflow/dags/dag_extract_dvizhenie.py
[2026-07-09T18:33:09.852+0000] {logging_mixin.py:190} INFO - [2026-07-09T18:33:09.852+0000] {dag.py:3239} INFO - Sync 1 DAGs
[2026-07-09T18:33:09.860+0000] {logging_mixin.py:190} INFO - [2026-07-09T18:33:09.859+0000] {dag.py:4180} INFO - Setting next_dagrun for dag_extract_dvizhenie to 2026-07-09 16:00:00+00:00, run_after=2026-07-09 18:00:00+00:00
[2026-07-09T18:33:09.864+0000] {processor.py:208} INFO - Processing /opt/airflow/dags/dag_extract_dvizhenie.py took 0.030 seconds
[2026-07-09T18:33:40.287+0000] {processor.py:186} INFO - Started process (PID=12018) to work on /opt/airflow/dags/dag_extract_dvizhenie.py
[2026-07-09T18:33:40.288+0000] {processor.py:914} INFO - Processing file /opt/airflow/dags/dag_extract_dvizhenie.py for tasks to queue
[2026-07-09T18:33:40.289+0000] {logging_mixin.py:190} INFO - [2026-07-09T18:33:40.289+0000] {dagbag.py:588} INFO - Filling up the DagBag from /opt/airflow/dags/dag_extract_dvizhenie.py
[2026-07-09T18:33:40.293+0000] {processor.py:925} INFO - DAG(s) 'dag_extract_dvizhenie' retrieved from /opt/airflow/dags/dag_extract_dvizhenie.py
[2026-07-09T18:33:40.303+0000] {logging_mixin.py:190} INFO - [2026-07-09T18:33:40.303+0000] {dag.py:3239} INFO - Sync 1 DAGs
[2026-07-09T18:33:40.310+0000] {logging_mixin.py:190} INFO - [2026-07-09T18:33:40.310+0000] {dag.py:4180} INFO - Setting next_dagrun for dag_extract_dvizhenie to 2026-07-09 16:00:00+00:00, run_after=2026-07-09 18:00:00+00:00
[2026-07-09T18:33:40.315+0000] {processor.py:208} INFO - Processing /opt/airflow/dags/dag_extract_dvizhenie.py took 0.030 seconds
[2026-07-09T18:34:10.725+0000] {processor.py:186} INFO - Started process (PID=12038) to work on /opt/airflow/dags/dag_extract_dvizhenie.py
[2026-07-09T18:34:10.725+0000] {processor.py:914} INFO - Processing file /opt/airflow/dags/dag_extract_dvizhenie.py for tasks to queue
[2026-07-09T18:34:10.726+0000] {logging_mixin.py:190} INFO - [2026-07-09T18:34:10.726+0000] {dagbag.py:588} INFO - Filling up the DagBag from /opt/airflow/dags/dag_extract_dvizhenie.py
[2026-07-09T18:34:10.731+0000] {processor.py:925} INFO - DAG(s) 'dag_extract_dvizhenie' retrieved from /opt/airflow/dags/dag_extract_dvizhenie.py
[2026-07-09T18:34:10.740+0000] {logging_mixin.py:190} INFO - [2026-07-09T18:34:10.740+0000] {dag.py:3239} INFO - Sync 1 DAGs
[2026-07-09T18:34:10.747+0000] {logging_mixin.py:190} INFO - [2026-07-09T18:34:10.747+0000] {dag.py:4180} INFO - Setting next_dagrun for dag_extract_dvizhenie to 2026-07-09 16:00:00+00:00, run_after=2026-07-09 18:00:00+00:00
[2026-07-09T18:34:10.752+0000] {processor.py:208} INFO - Processing /opt/airflow/dags/dag_extract_dvizhenie.py took 0.029 seconds
[2026-07-09T18:34:41.197+0000] {processor.py:186} INFO - Started process (PID=12058) to work on /opt/airflow/dags/dag_extract_dvizhenie.py
[2026-07-09T18:34:41.197+0000] {processor.py:914} INFO - Processing file /opt/airflow/dags/dag_extract_dvizhenie.py for tasks to queue
[2026-07-09T18:34:41.198+0000] {logging_mixin.py:190} INFO - [2026-07-09T18:34:41.198+0000] {dagbag.py:588} INFO - Filling up the DagBag from /opt/airflow/dags/dag_extract_dvizhenie.py
[2026-07-09T18:34:41.202+0000] {processor.py:925} INFO - DAG(s) 'dag_extract_dvizhenie' retrieved from /opt/airflow/dags/dag_extract_dvizhenie.py
[2026-07-09T18:34:41.212+0000] {logging_mixin.py:190} INFO - [2026-07-09T18:34:41.212+0000] {dag.py:3239} INFO - Sync 1 DAGs
[2026-07-09T18:34:41.219+0000] {logging_mixin.py:190} INFO - [2026-07-09T18:34:41.219+0000] {dag.py:4180} INFO - Setting next_dagrun for dag_extract_dvizhenie to 2026-07-09 16:00:00+00:00, run_after=2026-07-09 18:00:00+00:00
[2026-07-09T18:34:41.224+0000] {processor.py:208} INFO - Processing /opt/airflow/dags/dag_extract_dvizhenie.py took 0.030 seconds
[2026-07-09T18:35:11.699+0000] {processor.py:186} INFO - Started process (PID=12078) to work on /opt/airflow/dags/dag_extract_dvizhenie.py
[2026-07-09T18:35:11.699+0000] {processor.py:914} INFO - Processing file /opt/airflow/dags/dag_extract_dvizhenie.py for tasks to queue
[2026-07-09T18:35:11.700+0000] {logging_mixin.py:190} INFO - [2026-07-09T18:35:11.700+0000] {dagbag.py:588} INFO - Filling up the DagBag from /opt/airflow/dags/dag_extract_dvizhenie.py
[2026-07-09T18:35:11.705+0000] {processor.py:925} INFO - DAG(s) 'dag_extract_dvizhenie' retrieved from /opt/airflow/dags/dag_extract_dvizhenie.py
[2026-07-09T18:35:11.715+0000] {logging_mixin.py:190} INFO - [2026-07-09T18:35:11.715+0000] {dag.py:3239} INFO - Sync 1 DAGs
[2026-07-09T18:35:11.722+0000] {logging_mixin.py:190} INFO - [2026-07-09T18:35:11.722+0000] {dag.py:4180} INFO - Setting next_dagrun for dag_extract_dvizhenie to 2026-07-09 16:00:00+00:00, run_after=2026-07-09 18:00:00+00:00
[2026-07-09T18:35:11.727+0000] {processor.py:208} INFO - Processing /opt/airflow/dags/dag_extract_dvizhenie.py took 0.031 seconds
[2026-07-09T18:35:42.209+0000] {processor.py:186} INFO - Started process (PID=12098) to work on /opt/airflow/dags/dag_extract_dvizhenie.py
[2026-07-09T18:35:42.209+0000] {processor.py:914} INFO - Processing file /opt/airflow/dags/dag_extract_dvizhenie.py for tasks to queue
[2026-07-09T18:35:42.210+0000] {logging_mixin.py:190} INFO - [2026-07-09T18:35:42.210+0000] {dagbag.py:588} INFO - Filling up the DagBag from /opt/airflow/dags/dag_extract_dvizhenie.py
[2026-07-09T18:35:42.214+0000] {processor.py:925} INFO - DAG(s) 'dag_extract_dvizhenie' retrieved from /opt/airflow/dags/dag_extract_dvizhenie.py
[2026-07-09T18:35:42.224+0000] {logging_mixin.py:190} INFO - [2026-07-09T18:35:42.224+0000] {dag.py:3239} INFO - Sync 1 DAGs
[2026-07-09T18:35:42.231+0000] {logging_mixin.py:190} INFO - [2026-07-09T18:35:42.231+0000] {dag.py:4180} INFO - Setting next_dagrun for dag_extract_dvizhenie to 2026-07-09 16:00:00+00:00, run_after=2026-07-09 18:00:00+00:00
[2026-07-09T18:35:42.235+0000] {processor.py:208} INFO - Processing /opt/airflow/dags/dag_extract_dvizhenie.py took 0.029 seconds
[2026-07-09T18:36:12.732+0000] {processor.py:186} INFO - Started process (PID=12118) to work on /opt/airflow/dags/dag_extract_dvizhenie.py
[2026-07-09T18:36:12.733+0000] {processor.py:914} INFO - Processing file /opt/airflow/dags/dag_extract_dvizhenie.py for tasks to queue
[2026-07-09T18:36:12.734+0000] {logging_mixin.py:190} INFO - [2026-07-09T18:36:12.733+0000] {dagbag.py:588} INFO - Filling up the DagBag from /opt/airflow/dags/dag_extract_dvizhenie.py
[2026-07-09T18:36:12.738+0000] {processor.py:925} INFO - DAG(s) 'dag_extract_dvizhenie' retrieved from /opt/airflow/dags/dag_extract_dvizhenie.py
[2026-07-09T18:36:12.748+0000] {logging_mixin.py:190} INFO - [2026-07-09T18:36:12.748+0000] {dag.py:3239} INFO - Sync 1 DAGs
[2026-07-09T18:36:12.756+0000] {logging_mixin.py:190} INFO - [2026-07-09T18:36:12.756+0000] {dag.py:4180} INFO - Setting next_dagrun for dag_extract_dvizhenie to 2026-07-09 16:00:00+00:00, run_after=2026-07-09 18:00:00+00:00
[2026-07-09T18:36:12.761+0000] {processor.py:208} INFO - Processing /opt/airflow/dags/dag_extract_dvizhenie.py took 0.031 seconds
[2026-07-09T18:36:43.217+0000] {processor.py:186} INFO - Started process (PID=12138) to work on /opt/airflow/dags/dag_extract_dvizhenie.py
[2026-07-09T18:36:43.218+0000] {processor.py:914} INFO - Processing file /opt/airflow/dags/dag_extract_dvizhenie.py for tasks to queue
[2026-07-09T18:36:43.219+0000] {logging_mixin.py:190} INFO - [2026-07-09T18:36:43.219+0000] {dagbag.py:588} INFO - Filling up the DagBag from /opt/airflow/dags/dag_extract_dvizhenie.py
[2026-07-09T18:36:43.224+0000] {processor.py:925} INFO - DAG(s) 'dag_extract_dvizhenie' retrieved from /opt/airflow/dags/dag_extract_dvizhenie.py
[2026-07-09T18:36:43.237+0000] {logging_mixin.py:190} INFO - [2026-07-09T18:36:43.237+0000] {dag.py:3239} INFO - Sync 1 DAGs
[2026-07-09T18:36:43.245+0000] {logging_mixin.py:190} INFO - [2026-07-09T18:36:43.245+0000] {dag.py:4180} INFO - Setting next_dagrun for dag_extract_dvizhenie to 2026-07-09 16:00:00+00:00, run_after=2026-07-09 18:00:00+00:00
[2026-07-09T18:36:43.252+0000] {processor.py:208} INFO - Processing /opt/airflow/dags/dag_extract_dvizhenie.py took 0.038 seconds
[2026-07-09T18:37:13.731+0000] {processor.py:186} INFO - Started process (PID=12158) to work on /opt/airflow/dags/dag_extract_dvizhenie.py
[2026-07-09T18:37:13.731+0000] {processor.py:914} INFO - Processing file /opt/airflow/dags/dag_extract_dvizhenie.py for tasks to queue
[2026-07-09T18:37:13.732+0000] {logging_mixin.py:190} INFO - [2026-07-09T18:37:13.732+0000] {dagbag.py:588} INFO - Filling up the DagBag from /opt/airflow/dags/dag_extract_dvizhenie.py
[2026-07-09T18:37:13.736+0000] {processor.py:925} INFO - DAG(s) 'dag_extract_dvizhenie' retrieved from /opt/airflow/dags/dag_extract_dvizhenie.py
[2026-07-09T18:37:13.746+0000] {logging_mixin.py:190} INFO - [2026-07-09T18:37:13.746+0000] {dag.py:3239} INFO - Sync 1 DAGs
[2026-07-09T18:37:13.753+0000] {logging_mixin.py:190} INFO - [2026-07-09T18:37:13.753+0000] {dag.py:4180} INFO - Setting next_dagrun for dag_extract_dvizhenie to 2026-07-09 16:00:00+00:00, run_after=2026-07-09 18:00:00+00:00
[2026-07-09T18:37:13.757+0000] {processor.py:208} INFO - Processing /opt/airflow/dags/dag_extract_dvizhenie.py took 0.029 seconds
[2026-07-09T18:37:44.235+0000] {processor.py:186} INFO - Started process (PID=12178) to work on /opt/airflow/dags/dag_extract_dvizhenie.py
[2026-07-09T18:37:44.236+0000] {processor.py:914} INFO - Processing file /opt/airflow/dags/dag_extract_dvizhenie.py for tasks to queue
[2026-07-09T18:37:44.237+0000] {logging_mixin.py:190} INFO - [2026-07-09T18:37:44.237+0000] {dagbag.py:588} INFO - Filling up the DagBag from /opt/airflow/dags/dag_extract_dvizhenie.py
[2026-07-09T18:37:44.242+0000] {processor.py:925} INFO - DAG(s) 'dag_extract_dvizhenie' retrieved from /opt/airflow/dags/dag_extract_dvizhenie.py
[2026-07-09T18:37:44.258+0000] {logging_mixin.py:190} INFO - [2026-07-09T18:37:44.258+0000] {dag.py:3239} INFO - Sync 1 DAGs
[2026-07-09T18:37:44.267+0000] {logging_mixin.py:190} INFO - [2026-07-09T18:37:44.267+0000] {dag.py:4180} INFO - Setting next_dagrun for dag_extract_dvizhenie to 2026-07-09 16:00:00+00:00, run_after=2026-07-09 18:00:00+00:00
[2026-07-09T18:37:44.274+0000] {processor.py:208} INFO - Processing /opt/airflow/dags/dag_extract_dvizhenie.py took 0.042 seconds
[2026-07-09T18:38:14.724+0000] {processor.py:186} INFO - Started process (PID=12198) to work on /opt/airflow/dags/dag_extract_dvizhenie.py
[2026-07-09T18:38:14.725+0000] {processor.py:914} INFO - Processing file /opt/airflow/dags/dag_extract_dvizhenie.py for tasks to queue
[2026-07-09T18:38:14.725+0000] {logging_mixin.py:190} INFO - [2026-07-09T18:38:14.725+0000] {dagbag.py:588} INFO - Filling up the DagBag from /opt/airflow/dags/dag_extract_dvizhenie.py
[2026-07-09T18:38:14.730+0000] {processor.py:925} INFO - DAG(s) 'dag_extract_dvizhenie' retrieved from /opt/airflow/dags/dag_extract_dvizhenie.py
[2026-07-09T18:38:14.739+0000] {logging_mixin.py:190} INFO - [2026-07-09T18:38:14.739+0000] {dag.py:3239} INFO - Sync 1 DAGs
[2026-07-09T18:38:14.746+0000] {logging_mixin.py:190} INFO - [2026-07-09T18:38:14.746+0000] {dag.py:4180} INFO - Setting next_dagrun for dag_extract_dvizhenie to 2026-07-09 16:00:00+00:00, run_after=2026-07-09 18:00:00+00:00
[2026-07-09T18:38:14.752+0000] {processor.py:208} INFO - Processing /opt/airflow/dags/dag_extract_dvizhenie.py took 0.030 seconds
[2026-07-09T18:38:45.221+0000] {processor.py:186} INFO - Started process (PID=12218) to work on /opt/airflow/dags/dag_extract_dvizhenie.py
[2026-07-09T18:38:45.221+0000] {processor.py:914} INFO - Processing file /opt/airflow/dags/dag_extract_dvizhenie.py for tasks to queue
[2026-07-09T18:38:45.222+0000] {logging_mixin.py:190} INFO - [2026-07-09T18:38:45.222+0000] {dagbag.py:588} INFO - Filling up the DagBag from /opt/airflow/dags/dag_extract_dvizhenie.py
[2026-07-09T18:38:45.226+0000] {processor.py:925} INFO - DAG(s) 'dag_extract_dvizhenie' retrieved from /opt/airflow/dags/dag_extract_dvizhenie.py
[2026-07-09T18:38:45.236+0000] {logging_mixin.py:190} INFO - [2026-07-09T18:38:45.236+0000] {dag.py:3239} INFO - Sync 1 DAGs
[2026-07-09T18:38:45.243+0000] {logging_mixin.py:190} INFO - [2026-07-09T18:38:45.243+0000] {dag.py:4180} INFO - Setting next_dagrun for dag_extract_dvizhenie to 2026-07-09 16:00:00+00:00, run_after=2026-07-09 18:00:00+00:00
[2026-07-09T18:38:45.248+0000] {processor.py:208} INFO - Processing /opt/airflow/dags/dag_extract_dvizhenie.py took 0.029 seconds
[2026-07-09T18:39:15.687+0000] {processor.py:186} INFO - Started process (PID=12238) to work on /opt/airflow/dags/dag_extract_dvizhenie.py
[2026-07-09T18:39:15.687+0000] {processor.py:914} INFO - Processing file /opt/airflow/dags/dag_extract_dvizhenie.py for tasks to queue
[2026-07-09T18:39:15.688+0000] {logging_mixin.py:190} INFO - [2026-07-09T18:39:15.688+0000] {dagbag.py:588} INFO - Filling up the DagBag from /opt/airflow/dags/dag_extract_dvizhenie.py
[2026-07-09T18:39:15.693+0000] {processor.py:925} INFO - DAG(s) 'dag_extract_dvizhenie' retrieved from /opt/airflow/dags/dag_extract_dvizhenie.py
[2026-07-09T18:39:15.702+0000] {logging_mixin.py:190} INFO - [2026-07-09T18:39:15.702+0000] {dag.py:3239} INFO - Sync 1 DAGs
[2026-07-09T18:39:15.710+0000] {logging_mixin.py:190} INFO - [2026-07-09T18:39:15.710+0000] {dag.py:4180} INFO - Setting next_dagrun for dag_extract_dvizhenie to 2026-07-09 16:00:00+00:00, run_after=2026-07-09 18:00:00+00:00
[2026-07-09T18:39:15.714+0000] {processor.py:208} INFO - Processing /opt/airflow/dags/dag_extract_dvizhenie.py took 0.030 seconds
[2026-07-09T18:39:46.159+0000] {processor.py:186} INFO - Started process (PID=12258) to work on /opt/airflow/dags/dag_extract_dvizhenie.py
[2026-07-09T18:39:46.159+0000] {processor.py:914} INFO - Processing file /opt/airflow/dags/dag_extract_dvizhenie.py for tasks to queue
[2026-07-09T18:39:46.160+0000] {logging_mixin.py:190} INFO - [2026-07-09T18:39:46.160+0000] {dagbag.py:588} INFO - Filling up the DagBag from /opt/airflow/dags/dag_extract_dvizhenie.py
[2026-07-09T18:39:46.165+0000] {processor.py:925} INFO - DAG(s) 'dag_extract_dvizhenie' retrieved from /opt/airflow/dags/dag_extract_dvizhenie.py
[2026-07-09T18:39:46.174+0000] {logging_mixin.py:190} INFO - [2026-07-09T18:39:46.174+0000] {dag.py:3239} INFO - Sync 1 DAGs
[2026-07-09T18:39:46.181+0000] {logging_mixin.py:190} INFO - [2026-07-09T18:39:46.181+0000] {dag.py:4180} INFO - Setting next_dagrun for dag_extract_dvizhenie to 2026-07-09 16:00:00+00:00, run_after=2026-07-09 18:00:00+00:00
[2026-07-09T18:39:46.186+0000] {processor.py:208} INFO - Processing /opt/airflow/dags/dag_extract_dvizhenie.py took 0.029 seconds
[2026-07-09T18:40:16.688+0000] {processor.py:186} INFO - Started process (PID=12278) to work on /opt/airflow/dags/dag_extract_dvizhenie.py
[2026-07-09T18:40:16.689+0000] {processor.py:914} INFO - Processing file /opt/airflow/dags/dag_extract_dvizhenie.py for tasks to queue
[2026-07-09T18:40:16.690+0000] {logging_mixin.py:190} INFO - [2026-07-09T18:40:16.689+0000] {dagbag.py:588} INFO - Filling up the DagBag from /opt/airflow/dags/dag_extract_dvizhenie.py
[2026-07-09T18:40:16.694+0000] {processor.py:925} INFO - DAG(s) 'dag_extract_dvizhenie' retrieved from /opt/airflow/dags/dag_extract_dvizhenie.py
[2026-07-09T18:40:16.704+0000] {logging_mixin.py:190} INFO - [2026-07-09T18:40:16.703+0000] {dag.py:3239} INFO - Sync 1 DAGs
[2026-07-09T18:40:16.711+0000] {logging_mixin.py:190} INFO - [2026-07-09T18:40:16.711+0000] {dag.py:4180} INFO - Setting next_dagrun for dag_extract_dvizhenie to 2026-07-09 16:00:00+00:00, run_after=2026-07-09 18:00:00+00:00
[2026-07-09T18:40:16.716+0000] {processor.py:208} INFO - Processing /opt/airflow/dags/dag_extract_dvizhenie.py took 0.030 seconds
[2026-07-09T18:40:47.158+0000] {processor.py:186} INFO - Started process (PID=12298) to work on /opt/airflow/dags/dag_extract_dvizhenie.py
[2026-07-09T18:40:47.159+0000] {processor.py:914} INFO - Processing file /opt/airflow/dags/dag_extract_dvizhenie.py for tasks to queue
[2026-07-09T18:40:47.160+0000] {logging_mixin.py:190} INFO - [2026-07-09T18:40:47.160+0000] {dagbag.py:588} INFO - Filling up the DagBag from /opt/airflow/dags/dag_extract_dvizhenie.py
[2026-07-09T18:40:47.165+0000] {processor.py:925} INFO - DAG(s) 'dag_extract_dvizhenie' retrieved from /opt/airflow/dags/dag_extract_dvizhenie.py
[2026-07-09T18:40:47.182+0000] {logging_mixin.py:190} INFO - [2026-07-09T18:40:47.181+0000] {dag.py:3239} INFO - Sync 1 DAGs
[2026-07-09T18:40:47.193+0000] {logging_mixin.py:190} INFO - [2026-07-09T18:40:47.193+0000] {dag.py:4180} INFO - Setting next_dagrun for dag_extract_dvizhenie to 2026-07-09 16:00:00+00:00, run_after=2026-07-09 18:00:00+00:00
[2026-07-09T18:40:47.202+0000] {processor.py:208} INFO - Processing /opt/airflow/dags/dag_extract_dvizhenie.py took 0.047 seconds
[2026-07-09T18:41:17.703+0000] {processor.py:186} INFO - Started process (PID=12318) to work on /opt/airflow/dags/dag_extract_dvizhenie.py
[2026-07-09T18:41:17.704+0000] {processor.py:914} INFO - Processing file /opt/airflow/dags/dag_extract_dvizhenie.py for tasks to queue
[2026-07-09T18:41:17.704+0000] {logging_mixin.py:190} INFO - [2026-07-09T18:41:17.704+0000] {dagbag.py:588} INFO - Filling up the DagBag from /opt/airflow/dags/dag_extract_dvizhenie.py
[2026-07-09T18:41:17.709+0000] {processor.py:925} INFO - DAG(s) 'dag_extract_dvizhenie' retrieved from /opt/airflow/dags/dag_extract_dvizhenie.py
[2026-07-09T18:41:17.718+0000] {logging_mixin.py:190} INFO - [2026-07-09T18:41:17.718+0000] {dag.py:3239} INFO - Sync 1 DAGs
[2026-07-09T18:41:17.725+0000] {logging_mixin.py:190} INFO - [2026-07-09T18:41:17.725+0000] {dag.py:4180} INFO - Setting next_dagrun for dag_extract_dvizhenie to 2026-07-09 16:00:00+00:00, run_after=2026-07-09 18:00:00+00:00
[2026-07-09T18:41:17.730+0000] {processor.py:208} INFO - Processing /opt/airflow/dags/dag_extract_dvizhenie.py took 0.029 seconds
[2026-07-09T18:41:48.232+0000] {processor.py:186} INFO - Started process (PID=12338) to work on /opt/airflow/dags/dag_extract_dvizhenie.py
[2026-07-09T18:41:48.232+0000] {processor.py:914} INFO - Processing file /opt/airflow/dags/dag_extract_dvizhenie.py for tasks to queue
[2026-07-09T18:41:48.233+0000] {logging_mixin.py:190} INFO - [2026-07-09T18:41:48.233+0000] {dagbag.py:588} INFO - Filling up the DagBag from /opt/airflow/dags/dag_extract_dvizhenie.py
[2026-07-09T18:41:48.238+0000] {processor.py:925} INFO - DAG(s) 'dag_extract_dvizhenie' retrieved from /opt/airflow/dags/dag_extract_dvizhenie.py
[2026-07-09T18:41:48.248+0000] {logging_mixin.py:190} INFO - [2026-07-09T18:41:48.248+0000] {dag.py:3239} INFO - Sync 1 DAGs
[2026-07-09T18:41:48.256+0000] {logging_mixin.py:190} INFO - [2026-07-09T18:41:48.256+0000] {dag.py:4180} INFO - Setting next_dagrun for dag_extract_dvizhenie to 2026-07-09 16:00:00+00:00, run_after=2026-07-09 18:00:00+00:00
[2026-07-09T18:41:48.260+0000] {processor.py:208} INFO - Processing /opt/airflow/dags/dag_extract_dvizhenie.py took 0.031 seconds
[2026-07-09T18:42:18.710+0000] {processor.py:186} INFO - Started process (PID=12356) to work on /opt/airflow/dags/dag_extract_dvizhenie.py
[2026-07-09T18:42:18.710+0000] {processor.py:914} INFO - Processing file /opt/airflow/dags/dag_extract_dvizhenie.py for tasks to queue
[2026-07-09T18:42:18.711+0000] {logging_mixin.py:190} INFO - [2026-07-09T18:42:18.711+0000] {dagbag.py:588} INFO - Filling up the DagBag from /opt/airflow/dags/dag_extract_dvizhenie.py
[2026-07-09T18:42:18.717+0000] {processor.py:925} INFO - DAG(s) 'dag_extract_dvizhenie' retrieved from /opt/airflow/dags/dag_extract_dvizhenie.py
[2026-07-09T18:42:18.728+0000] {logging_mixin.py:190} INFO - [2026-07-09T18:42:18.728+0000] {dag.py:3239} INFO - Sync 1 DAGs
[2026-07-09T18:42:18.814+0000] {logging_mixin.py:190} INFO - [2026-07-09T18:42:18.814+0000] {dag.py:4180} INFO - Setting next_dagrun for dag_extract_dvizhenie to 2026-07-09 16:00:00+00:00, run_after=2026-07-09 18:00:00+00:00
[2026-07-09T18:42:18.820+0000] {processor.py:208} INFO - Processing /opt/airflow/dags/dag_extract_dvizhenie.py took 0.115 seconds
[2026-07-09T18:42:49.228+0000] {processor.py:186} INFO - Started process (PID=12376) to work on /opt/airflow/dags/dag_extract_dvizhenie.py
[2026-07-09T18:42:49.229+0000] {processor.py:914} INFO - Processing file /opt/airflow/dags/dag_extract_dvizhenie.py for tasks to queue
[2026-07-09T18:42:49.232+0000] {logging_mixin.py:190} INFO - [2026-07-09T18:42:49.232+0000] {dagbag.py:588} INFO - Filling up the DagBag from /opt/airflow/dags/dag_extract_dvizhenie.py
[2026-07-09T18:42:49.237+0000] {processor.py:925} INFO - DAG(s) 'dag_extract_dvizhenie' retrieved from /opt/airflow/dags/dag_extract_dvizhenie.py
[2026-07-09T18:42:49.249+0000] {logging_mixin.py:190} INFO - [2026-07-09T18:42:49.249+0000] {dag.py:3239} INFO - Sync 1 DAGs
[2026-07-09T18:42:49.257+0000] {logging_mixin.py:190} INFO - [2026-07-09T18:42:49.257+0000] {dag.py:4180} INFO - Setting next_dagrun for dag_extract_dvizhenie to 2026-07-09 16:00:00+00:00, run_after=2026-07-09 18:00:00+00:00
[2026-07-09T18:42:49.263+0000] {processor.py:208} INFO - Processing /opt/airflow/dags/dag_extract_dvizhenie.py took 0.037 seconds
[2026-07-09T18:43:19.740+0000] {processor.py:186} INFO - Started process (PID=12396) to work on /opt/airflow/dags/dag_extract_dvizhenie.py
[2026-07-09T18:43:19.741+0000] {processor.py:914} INFO - Processing file /opt/airflow/dags/dag_extract_dvizhenie.py for tasks to queue
[2026-07-09T18:43:19.742+0000] {logging_mixin.py:190} INFO - [2026-07-09T18:43:19.742+0000] {dagbag.py:588} INFO - Filling up the DagBag from /opt/airflow/dags/dag_extract_dvizhenie.py
[2026-07-09T18:43:19.747+0000] {processor.py:925} INFO - DAG(s) 'dag_extract_dvizhenie' retrieved from /opt/airflow/dags/dag_extract_dvizhenie.py
[2026-07-09T18:43:19.758+0000] {logging_mixin.py:190} INFO - [2026-07-09T18:43:19.758+0000] {dag.py:3239} INFO - Sync 1 DAGs
[2026-07-09T18:43:19.766+0000] {logging_mixin.py:190} INFO - [2026-07-09T18:43:19.766+0000] {dag.py:4180} INFO - Setting next_dagrun for dag_extract_dvizhenie to 2026-07-09 16:00:00+00:00, run_after=2026-07-09 18:00:00+00:00
[2026-07-09T18:43:19.773+0000] {processor.py:208} INFO - Processing /opt/airflow/dags/dag_extract_dvizhenie.py took 0.036 seconds
[2026-07-09T18:43:50.269+0000] {processor.py:186} INFO - Started process (PID=12416) to work on /opt/airflow/dags/dag_extract_dvizhenie.py
[2026-07-09T18:43:50.269+0000] {processor.py:914} INFO - Processing file /opt/airflow/dags/dag_extract_dvizhenie.py for tasks to queue
[2026-07-09T18:43:50.270+0000] {logging_mixin.py:190} INFO - [2026-07-09T18:43:50.270+0000] {dagbag.py:588} INFO - Filling up the DagBag from /opt/airflow/dags/dag_extract_dvizhenie.py
[2026-07-09T18:43:50.275+0000] {processor.py:925} INFO - DAG(s) 'dag_extract_dvizhenie' retrieved from /opt/airflow/dags/dag_extract_dvizhenie.py
[2026-07-09T18:43:50.287+0000] {logging_mixin.py:190} INFO - [2026-07-09T18:43:50.287+0000] {dag.py:3239} INFO - Sync 1 DAGs
[2026-07-09T18:43:50.368+0000] {logging_mixin.py:190} INFO - [2026-07-09T18:43:50.368+0000] {dag.py:4180} INFO - Setting next_dagrun for dag_extract_dvizhenie to 2026-07-09 16:00:00+00:00, run_after=2026-07-09 18:00:00+00:00
[2026-07-09T18:43:50.379+0000] {processor.py:208} INFO - Processing /opt/airflow/dags/dag_extract_dvizhenie.py took 0.114 seconds
[2026-07-09T18:44:20.836+0000] {processor.py:186} INFO - Started process (PID=12436) to work on /opt/airflow/dags/dag_extract_dvizhenie.py
[2026-07-09T18:44:20.839+0000] {processor.py:914} INFO - Processing file /opt/airflow/dags/dag_extract_dvizhenie.py for tasks to queue
[2026-07-09T18:44:20.840+0000] {logging_mixin.py:190} INFO - [2026-07-09T18:44:20.840+0000] {dagbag.py:588} INFO - Filling up the DagBag from /opt/airflow/dags/dag_extract_dvizhenie.py
[2026-07-09T18:44:20.845+0000] {processor.py:925} INFO - DAG(s) 'dag_extract_dvizhenie' retrieved from /opt/airflow/dags/dag_extract_dvizhenie.py
[2026-07-09T18:44:20.860+0000] {logging_mixin.py:190} INFO - [2026-07-09T18:44:20.860+0000] {dag.py:3239} INFO - Sync 1 DAGs
[2026-07-09T18:44:20.868+0000] {logging_mixin.py:190} INFO - [2026-07-09T18:44:20.868+0000] {dag.py:4180} INFO - Setting next_dagrun for dag_extract_dvizhenie to 2026-07-09 16:00:00+00:00, run_after=2026-07-09 18:00:00+00:00
[2026-07-09T18:44:20.875+0000] {processor.py:208} INFO - Processing /opt/airflow/dags/dag_extract_dvizhenie.py took 0.041 seconds
[2026-07-09T18:44:51.449+0000] {processor.py:186} INFO - Started process (PID=12458) to work on /opt/airflow/dags/dag_extract_dvizhenie.py
[2026-07-09T18:44:51.450+0000] {processor.py:914} INFO - Processing file /opt/airflow/dags/dag_extract_dvizhenie.py for tasks to queue
[2026-07-09T18:44:51.450+0000] {logging_mixin.py:190} INFO - [2026-07-09T18:44:51.450+0000] {dagbag.py:588} INFO - Filling up the DagBag from /opt/airflow/dags/dag_extract_dvizhenie.py
[2026-07-09T18:44:51.455+0000] {processor.py:925} INFO - DAG(s) 'dag_extract_dvizhenie' retrieved from /opt/airflow/dags/dag_extract_dvizhenie.py
[2026-07-09T18:44:51.464+0000] {logging_mixin.py:190} INFO - [2026-07-09T18:44:51.464+0000] {dag.py:3239} INFO - Sync 1 DAGs
[2026-07-09T18:44:51.471+0000] {logging_mixin.py:190} INFO - [2026-07-09T18:44:51.471+0000] {dag.py:4180} INFO - Setting next_dagrun for dag_extract_dvizhenie to 2026-07-09 16:00:00+00:00, run_after=2026-07-09 18:00:00+00:00
[2026-07-09T18:44:51.476+0000] {processor.py:208} INFO - Processing /opt/airflow/dags/dag_extract_dvizhenie.py took 0.029 seconds
[2026-07-09T18:45:21.943+0000] {processor.py:186} INFO - Started process (PID=12476) to work on /opt/airflow/dags/dag_extract_dvizhenie.py
[2026-07-09T18:45:21.944+0000] {processor.py:914} INFO - Processing file /opt/airflow/dags/dag_extract_dvizhenie.py for tasks to queue
[2026-07-09T18:45:21.945+0000] {logging_mixin.py:190} INFO - [2026-07-09T18:45:21.945+0000] {dagbag.py:588} INFO - Filling up the DagBag from /opt/airflow/dags/dag_extract_dvizhenie.py
[2026-07-09T18:45:21.950+0000] {processor.py:925} INFO - DAG(s) 'dag_extract_dvizhenie' retrieved from /opt/airflow/dags/dag_extract_dvizhenie.py
[2026-07-09T18:45:21.961+0000] {logging_mixin.py:190} INFO - [2026-07-09T18:45:21.960+0000] {dag.py:3239} INFO - Sync 1 DAGs
[2026-07-09T18:45:22.042+0000] {logging_mixin.py:190} INFO - [2026-07-09T18:45:22.041+0000] {dag.py:4180} INFO - Setting next_dagrun for dag_extract_dvizhenie to 2026-07-09 16:00:00+00:00, run_after=2026-07-09 18:00:00+00:00
[2026-07-09T18:45:22.047+0000] {processor.py:208} INFO - Processing /opt/airflow/dags/dag_extract_dvizhenie.py took 0.107 seconds
[2026-07-09T18:45:52.612+0000] {processor.py:186} INFO - Started process (PID=12496) to work on /opt/airflow/dags/dag_extract_dvizhenie.py
[2026-07-09T18:45:52.612+0000] {processor.py:914} INFO - Processing file /opt/airflow/dags/dag_extract_dvizhenie.py for tasks to queue
[2026-07-09T18:45:52.613+0000] {logging_mixin.py:190} INFO - [2026-07-09T18:45:52.613+0000] {dagbag.py:588} INFO - Filling up the DagBag from /opt/airflow/dags/dag_extract_dvizhenie.py
[2026-07-09T18:45:52.618+0000] {processor.py:925} INFO - DAG(s) 'dag_extract_dvizhenie' retrieved from /opt/airflow/dags/dag_extract_dvizhenie.py
[2026-07-09T18:45:52.631+0000] {logging_mixin.py:190} INFO - [2026-07-09T18:45:52.631+0000] {dag.py:3239} INFO - Sync 1 DAGs
[2026-07-09T18:45:52.639+0000] {logging_mixin.py:190} INFO - [2026-07-09T18:45:52.639+0000] {dag.py:4180} INFO - Setting next_dagrun for dag_extract_dvizhenie to 2026-07-09 16:00:00+00:00, run_after=2026-07-09 18:00:00+00:00
[2026-07-09T18:45:52.649+0000] {processor.py:208} INFO - Processing /opt/airflow/dags/dag_extract_dvizhenie.py took 0.040 seconds
[2026-07-09T18:46:23.100+0000] {processor.py:186} INFO - Started process (PID=12518) to work on /opt/airflow/dags/dag_extract_dvizhenie.py
[2026-07-09T18:46:23.101+0000] {processor.py:914} INFO - Processing file /opt/airflow/dags/dag_extract_dvizhenie.py for tasks to queue
[2026-07-09T18:46:23.102+0000] {logging_mixin.py:190} INFO - [2026-07-09T18:46:23.102+0000] {dagbag.py:588} INFO - Filling up the DagBag from /opt/airflow/dags/dag_extract_dvizhenie.py
[2026-07-09T18:46:23.106+0000] {processor.py:925} INFO - DAG(s) 'dag_extract_dvizhenie' retrieved from /opt/airflow/dags/dag_extract_dvizhenie.py
[2026-07-09T18:46:23.115+0000] {logging_mixin.py:190} INFO - [2026-07-09T18:46:23.115+0000] {dag.py:3239} INFO - Sync 1 DAGs
[2026-07-09T18:46:23.122+0000] {logging_mixin.py:190} INFO - [2026-07-09T18:46:23.122+0000] {dag.py:4180} INFO - Setting next_dagrun for dag_extract_dvizhenie to 2026-07-09 16:00:00+00:00, run_after=2026-07-09 18:00:00+00:00
[2026-07-09T18:46:23.127+0000] {processor.py:208} INFO - Processing /opt/airflow/dags/dag_extract_dvizhenie.py took 0.029 seconds
[2026-07-09T18:46:53.595+0000] {processor.py:186} INFO - Started process (PID=12538) to work on /opt/airflow/dags/dag_extract_dvizhenie.py
[2026-07-09T18:46:53.595+0000] {processor.py:914} INFO - Processing file /opt/airflow/dags/dag_extract_dvizhenie.py for tasks to queue
[2026-07-09T18:46:53.596+0000] {logging_mixin.py:190} INFO - [2026-07-09T18:46:53.596+0000] {dagbag.py:588} INFO - Filling up the DagBag from /opt/airflow/dags/dag_extract_dvizhenie.py
[2026-07-09T18:46:53.600+0000] {processor.py:925} INFO - DAG(s) 'dag_extract_dvizhenie' retrieved from /opt/airflow/dags/dag_extract_dvizhenie.py
[2026-07-09T18:46:53.610+0000] {logging_mixin.py:190} INFO - [2026-07-09T18:46:53.610+0000] {dag.py:3239} INFO - Sync 1 DAGs
[2026-07-09T18:46:53.617+0000] {logging_mixin.py:190} INFO - [2026-07-09T18:46:53.617+0000] {dag.py:4180} INFO - Setting next_dagrun for dag_extract_dvizhenie to 2026-07-09 16:00:00+00:00, run_after=2026-07-09 18:00:00+00:00
[2026-07-09T18:46:53.622+0000] {processor.py:208} INFO - Processing /opt/airflow/dags/dag_extract_dvizhenie.py took 0.029 seconds
[2026-07-09T18:47:24.043+0000] {processor.py:186} INFO - Started process (PID=12558) to work on /opt/airflow/dags/dag_extract_dvizhenie.py
[2026-07-09T18:47:24.043+0000] {processor.py:914} INFO - Processing file /opt/airflow/dags/dag_extract_dvizhenie.py for tasks to queue
[2026-07-09T18:47:24.044+0000] {logging_mixin.py:190} INFO - [2026-07-09T18:47:24.044+0000] {dagbag.py:588} INFO - Filling up the DagBag from /opt/airflow/dags/dag_extract_dvizhenie.py
[2026-07-09T18:47:24.049+0000] {processor.py:925} INFO - DAG(s) 'dag_extract_dvizhenie' retrieved from /opt/airflow/dags/dag_extract_dvizhenie.py
[2026-07-09T18:47:24.058+0000] {logging_mixin.py:190} INFO - [2026-07-09T18:47:24.058+0000] {dag.py:3239} INFO - Sync 1 DAGs
[2026-07-09T18:47:24.065+0000] {logging_mixin.py:190} INFO - [2026-07-09T18:47:24.065+0000] {dag.py:4180} INFO - Setting next_dagrun for dag_extract_dvizhenie to 2026-07-09 16:00:00+00:00, run_after=2026-07-09 18:00:00+00:00
[2026-07-09T18:47:24.070+0000] {processor.py:208} INFO - Processing /opt/airflow/dags/dag_extract_dvizhenie.py took 0.030 seconds
[2026-07-09T18:47:54.569+0000] {processor.py:186} INFO - Started process (PID=12577) to work on /opt/airflow/dags/dag_extract_dvizhenie.py
[2026-07-09T18:47:54.570+0000] {processor.py:914} INFO - Processing file /opt/airflow/dags/dag_extract_dvizhenie.py for tasks to queue
[2026-07-09T18:47:54.571+0000] {logging_mixin.py:190} INFO - [2026-07-09T18:47:54.571+0000] {dagbag.py:588} INFO - Filling up the DagBag from /opt/airflow/dags/dag_extract_dvizhenie.py
[2026-07-09T18:47:54.577+0000] {processor.py:925} INFO - DAG(s) 'dag_extract_dvizhenie' retrieved from /opt/airflow/dags/dag_extract_dvizhenie.py
[2026-07-09T18:47:54.591+0000] {logging_mixin.py:190} INFO - [2026-07-09T18:47:54.591+0000] {dag.py:3239} INFO - Sync 1 DAGs
[2026-07-09T18:47:54.602+0000] {logging_mixin.py:190} INFO - [2026-07-09T18:47:54.602+0000] {dag.py:4180} INFO - Setting next_dagrun for dag_extract_dvizhenie to 2026-07-09 16:00:00+00:00, run_after=2026-07-09 18:00:00+00:00
[2026-07-09T18:47:54.609+0000] {processor.py:208} INFO - Processing /opt/airflow/dags/dag_extract_dvizhenie.py took 0.043 seconds
[2026-07-09T18:48:25.128+0000] {processor.py:186} INFO - Started process (PID=12598) to work on /opt/airflow/dags/dag_extract_dvizhenie.py
[2026-07-09T18:48:25.128+0000] {processor.py:914} INFO - Processing file /opt/airflow/dags/dag_extract_dvizhenie.py for tasks to queue
[2026-07-09T18:48:25.129+0000] {logging_mixin.py:190} INFO - [2026-07-09T18:48:25.129+0000] {dagbag.py:588} INFO - Filling up the DagBag from /opt/airflow/dags/dag_extract_dvizhenie.py
[2026-07-09T18:48:25.133+0000] {processor.py:925} INFO - DAG(s) 'dag_extract_dvizhenie' retrieved from /opt/airflow/dags/dag_extract_dvizhenie.py
[2026-07-09T18:48:25.143+0000] {logging_mixin.py:190} INFO - [2026-07-09T18:48:25.143+0000] {dag.py:3239} INFO - Sync 1 DAGs
[2026-07-09T18:48:25.150+0000] {logging_mixin.py:190} INFO - [2026-07-09T18:48:25.150+0000] {dag.py:4180} INFO - Setting next_dagrun for dag_extract_dvizhenie to 2026-07-09 16:00:00+00:00, run_after=2026-07-09 18:00:00+00:00
[2026-07-09T18:48:25.155+0000] {processor.py:208} INFO - Processing /opt/airflow/dags/dag_extract_dvizhenie.py took 0.029 seconds
[2026-07-09T18:48:55.594+0000] {processor.py:186} INFO - Started process (PID=12618) to work on /opt/airflow/dags/dag_extract_dvizhenie.py
[2026-07-09T18:48:55.595+0000] {processor.py:914} INFO - Processing file /opt/airflow/dags/dag_extract_dvizhenie.py for tasks to queue
[2026-07-09T18:48:55.596+0000] {logging_mixin.py:190} INFO - [2026-07-09T18:48:55.596+0000] {dagbag.py:588} INFO - Filling up the DagBag from /opt/airflow/dags/dag_extract_dvizhenie.py
[2026-07-09T18:48:55.601+0000] {processor.py:925} INFO - DAG(s) 'dag_extract_dvizhenie' retrieved from /opt/airflow/dags/dag_extract_dvizhenie.py
[2026-07-09T18:48:55.617+0000] {logging_mixin.py:190} INFO - [2026-07-09T18:48:55.617+0000] {dag.py:3239} INFO - Sync 1 DAGs
[2026-07-09T18:48:55.624+0000] {logging_mixin.py:190} INFO - [2026-07-09T18:48:55.624+0000] {dag.py:4180} INFO - Setting next_dagrun for dag_extract_dvizhenie to 2026-07-09 16:00:00+00:00, run_after=2026-07-09 18:00:00+00:00
[2026-07-09T18:48:55.631+0000] {processor.py:208} INFO - Processing /opt/airflow/dags/dag_extract_dvizhenie.py took 0.039 seconds
[2026-07-09T18:49:26.035+0000] {processor.py:186} INFO - Started process (PID=12638) to work on /opt/airflow/dags/dag_extract_dvizhenie.py
[2026-07-09T18:49:26.036+0000] {processor.py:914} INFO - Processing file /opt/airflow/dags/dag_extract_dvizhenie.py for tasks to queue
[2026-07-09T18:49:26.037+0000] {logging_mixin.py:190} INFO - [2026-07-09T18:49:26.037+0000] {dagbag.py:588} INFO - Filling up the DagBag from /opt/airflow/dags/dag_extract_dvizhenie.py
[2026-07-09T18:49:26.041+0000] {processor.py:925} INFO - DAG(s) 'dag_extract_dvizhenie' retrieved from /opt/airflow/dags/dag_extract_dvizhenie.py
[2026-07-09T18:49:26.051+0000] {logging_mixin.py:190} INFO - [2026-07-09T18:49:26.051+0000] {dag.py:3239} INFO - Sync 1 DAGs
[2026-07-09T18:49:26.058+0000] {logging_mixin.py:190} INFO - [2026-07-09T18:49:26.058+0000] {dag.py:4180} INFO - Setting next_dagrun for dag_extract_dvizhenie to 2026-07-09 16:00:00+00:00, run_after=2026-07-09 18:00:00+00:00
[2026-07-09T18:49:26.063+0000] {processor.py:208} INFO - Processing /opt/airflow/dags/dag_extract_dvizhenie.py took 0.030 seconds
[2026-07-09T18:49:56.532+0000] {processor.py:186} INFO - Started process (PID=12658) to work on /opt/airflow/dags/dag_extract_dvizhenie.py
[2026-07-09T18:49:56.532+0000] {processor.py:914} INFO - Processing file /opt/airflow/dags/dag_extract_dvizhenie.py for tasks to queue
[2026-07-09T18:49:56.533+0000] {logging_mixin.py:190} INFO - [2026-07-09T18:49:56.533+0000] {dagbag.py:588} INFO - Filling up the DagBag from /opt/airflow/dags/dag_extract_dvizhenie.py
[2026-07-09T18:49:56.537+0000] {processor.py:925} INFO - DAG(s) 'dag_extract_dvizhenie' retrieved from /opt/airflow/dags/dag_extract_dvizhenie.py
[2026-07-09T18:49:56.547+0000] {logging_mixin.py:190} INFO - [2026-07-09T18:49:56.547+0000] {dag.py:3239} INFO - Sync 1 DAGs
[2026-07-09T18:49:56.554+0000] {logging_mixin.py:190} INFO - [2026-07-09T18:49:56.554+0000] {dag.py:4180} INFO - Setting next_dagrun for dag_extract_dvizhenie to 2026-07-09 16:00:00+00:00, run_after=2026-07-09 18:00:00+00:00
[2026-07-09T18:49:56.559+0000] {processor.py:208} INFO - Processing /opt/airflow/dags/dag_extract_dvizhenie.py took 0.030 seconds
[2026-07-09T18:50:27.051+0000] {processor.py:186} INFO - Started process (PID=12678) to work on /opt/airflow/dags/dag_extract_dvizhenie.py
[2026-07-09T18:50:27.052+0000] {processor.py:914} INFO - Processing file /opt/airflow/dags/dag_extract_dvizhenie.py for tasks to queue
[2026-07-09T18:50:27.053+0000] {logging_mixin.py:190} INFO - [2026-07-09T18:50:27.053+0000] {dagbag.py:588} INFO - Filling up the DagBag from /opt/airflow/dags/dag_extract_dvizhenie.py
[2026-07-09T18:50:27.058+0000] {processor.py:925} INFO - DAG(s) 'dag_extract_dvizhenie' retrieved from /opt/airflow/dags/dag_extract_dvizhenie.py
[2026-07-09T18:50:27.072+0000] {logging_mixin.py:190} INFO - [2026-07-09T18:50:27.072+0000] {dag.py:3239} INFO - Sync 1 DAGs
[2026-07-09T18:50:27.080+0000] {logging_mixin.py:190} INFO - [2026-07-09T18:50:27.080+0000] {dag.py:4180} INFO - Setting next_dagrun for dag_extract_dvizhenie to 2026-07-09 16:00:00+00:00, run_after=2026-07-09 18:00:00+00:00
[2026-07-09T18:50:27.086+0000] {processor.py:208} INFO - Processing /opt/airflow/dags/dag_extract_dvizhenie.py took 0.037 seconds
[2026-07-09T18:50:57.534+0000] {processor.py:186} INFO - Started process (PID=12698) to work on /opt/airflow/dags/dag_extract_dvizhenie.py
[2026-07-09T18:50:57.534+0000] {processor.py:914} INFO - Processing file /opt/airflow/dags/dag_extract_dvizhenie.py for tasks to queue
[2026-07-09T18:50:57.535+0000] {logging_mixin.py:190} INFO - [2026-07-09T18:50:57.535+0000] {dagbag.py:588} INFO - Filling up the DagBag from /opt/airflow/dags/dag_extract_dvizhenie.py
[2026-07-09T18:50:57.540+0000] {processor.py:925} INFO - DAG(s) 'dag_extract_dvizhenie' retrieved from /opt/airflow/dags/dag_extract_dvizhenie.py
[2026-07-09T18:50:57.550+0000] {logging_mixin.py:190} INFO - [2026-07-09T18:50:57.550+0000] {dag.py:3239} INFO - Sync 1 DAGs
[2026-07-09T18:50:57.557+0000] {logging_mixin.py:190} INFO - [2026-07-09T18:50:57.557+0000] {dag.py:4180} INFO - Setting next_dagrun for dag_extract_dvizhenie to 2026-07-09 16:00:00+00:00, run_after=2026-07-09 18:00:00+00:00
[2026-07-09T18:50:57.561+0000] {processor.py:208} INFO - Processing /opt/airflow/dags/dag_extract_dvizhenie.py took 0.030 seconds
[2026-07-09T18:51:28.005+0000] {processor.py:186} INFO - Started process (PID=12716) to work on /opt/airflow/dags/dag_extract_dvizhenie.py
[2026-07-09T18:51:28.005+0000] {processor.py:914} INFO - Processing file /opt/airflow/dags/dag_extract_dvizhenie.py for tasks to queue
[2026-07-09T18:51:28.007+0000] {logging_mixin.py:190} INFO - [2026-07-09T18:51:28.007+0000] {dagbag.py:588} INFO - Filling up the DagBag from /opt/airflow/dags/dag_extract_dvizhenie.py
[2026-07-09T18:51:28.017+0000] {processor.py:925} INFO - DAG(s) 'dag_extract_dvizhenie' retrieved from /opt/airflow/dags/dag_extract_dvizhenie.py
[2026-07-09T18:51:28.030+0000] {logging_mixin.py:190} INFO - [2026-07-09T18:51:28.030+0000] {dag.py:3239} INFO - Sync 1 DAGs
[2026-07-09T18:51:28.039+0000] {logging_mixin.py:190} INFO - [2026-07-09T18:51:28.039+0000] {dag.py:4180} INFO - Setting next_dagrun for dag_extract_dvizhenie to 2026-07-09 16:00:00+00:00, run_after=2026-07-09 18:00:00+00:00
[2026-07-09T18:51:28.045+0000] {processor.py:208} INFO - Processing /opt/airflow/dags/dag_extract_dvizhenie.py took 0.044 seconds
[2026-07-09T18:51:58.534+0000] {processor.py:186} INFO - Started process (PID=12738) to work on /opt/airflow/dags/dag_extract_dvizhenie.py
[2026-07-09T18:51:58.534+0000] {processor.py:914} INFO - Processing file /opt/airflow/dags/dag_extract_dvizhenie.py for tasks to queue
[2026-07-09T18:51:58.535+0000] {logging_mixin.py:190} INFO - [2026-07-09T18:51:58.535+0000] {dagbag.py:588} INFO - Filling up the DagBag from /opt/airflow/dags/dag_extract_dvizhenie.py
[2026-07-09T18:51:58.540+0000] {processor.py:925} INFO - DAG(s) 'dag_extract_dvizhenie' retrieved from /opt/airflow/dags/dag_extract_dvizhenie.py
[2026-07-09T18:51:58.550+0000] {logging_mixin.py:190} INFO - [2026-07-09T18:51:58.550+0000] {dag.py:3239} INFO - Sync 1 DAGs
[2026-07-09T18:51:58.557+0000] {logging_mixin.py:190} INFO - [2026-07-09T18:51:58.557+0000] {dag.py:4180} INFO - Setting next_dagrun for dag_extract_dvizhenie to 2026-07-09 16:00:00+00:00, run_after=2026-07-09 18:00:00+00:00
[2026-07-09T18:51:58.562+0000] {processor.py:208} INFO - Processing /opt/airflow/dags/dag_extract_dvizhenie.py took 0.031 seconds
[2026-07-09T18:52:29.042+0000] {processor.py:186} INFO - Started process (PID=12758) to work on /opt/airflow/dags/dag_extract_dvizhenie.py
[2026-07-09T18:52:29.042+0000] {processor.py:914} INFO - Processing file /opt/airflow/dags/dag_extract_dvizhenie.py for tasks to queue
[2026-07-09T18:52:29.043+0000] {logging_mixin.py:190} INFO - [2026-07-09T18:52:29.043+0000] {dagbag.py:588} INFO - Filling up the DagBag from /opt/airflow/dags/dag_extract_dvizhenie.py
[2026-07-09T18:52:29.048+0000] {processor.py:925} INFO - DAG(s) 'dag_extract_dvizhenie' retrieved from /opt/airflow/dags/dag_extract_dvizhenie.py
[2026-07-09T18:52:29.057+0000] {logging_mixin.py:190} INFO - [2026-07-09T18:52:29.057+0000] {dag.py:3239} INFO - Sync 1 DAGs
[2026-07-09T18:52:29.064+0000] {logging_mixin.py:190} INFO - [2026-07-09T18:52:29.064+0000] {dag.py:4180} INFO - Setting next_dagrun for dag_extract_dvizhenie to 2026-07-09 16:00:00+00:00, run_after=2026-07-09 18:00:00+00:00
[2026-07-09T18:52:29.068+0000] {processor.py:208} INFO - Processing /opt/airflow/dags/dag_extract_dvizhenie.py took 0.029 seconds
[2026-07-09T18:52:59.468+0000] {processor.py:186} INFO - Started process (PID=12778) to work on /opt/airflow/dags/dag_extract_dvizhenie.py
[2026-07-09T18:52:59.468+0000] {processor.py:914} INFO - Processing file /opt/airflow/dags/dag_extract_dvizhenie.py for tasks to queue
[2026-07-09T18:52:59.469+0000] {logging_mixin.py:190} INFO - [2026-07-09T18:52:59.469+0000] {dagbag.py:588} INFO - Filling up the DagBag from /opt/airflow/dags/dag_extract_dvizhenie.py
[2026-07-09T18:52:59.474+0000] {processor.py:925} INFO - DAG(s) 'dag_extract_dvizhenie' retrieved from /opt/airflow/dags/dag_extract_dvizhenie.py
[2026-07-09T18:52:59.483+0000] {logging_mixin.py:190} INFO - [2026-07-09T18:52:59.483+0000] {dag.py:3239} INFO - Sync 1 DAGs
[2026-07-09T18:52:59.491+0000] {logging_mixin.py:190} INFO - [2026-07-09T18:52:59.491+0000] {dag.py:4180} INFO - Setting next_dagrun for dag_extract_dvizhenie to 2026-07-09 16:00:00+00:00, run_after=2026-07-09 18:00:00+00:00
[2026-07-09T18:52:59.496+0000] {processor.py:208} INFO - Processing /opt/airflow/dags/dag_extract_dvizhenie.py took 0.031 seconds
[2026-07-09T18:53:29.968+0000] {processor.py:186} INFO - Started process (PID=12798) to work on /opt/airflow/dags/dag_extract_dvizhenie.py
[2026-07-09T18:53:29.969+0000] {processor.py:914} INFO - Processing file /opt/airflow/dags/dag_extract_dvizhenie.py for tasks to queue
[2026-07-09T18:53:29.969+0000] {logging_mixin.py:190} INFO - [2026-07-09T18:53:29.969+0000] {dagbag.py:588} INFO - Filling up the DagBag from /opt/airflow/dags/dag_extract_dvizhenie.py
[2026-07-09T18:53:29.974+0000] {processor.py:925} INFO - DAG(s) 'dag_extract_dvizhenie' retrieved from /opt/airflow/dags/dag_extract_dvizhenie.py
[2026-07-09T18:53:29.984+0000] {logging_mixin.py:190} INFO - [2026-07-09T18:53:29.984+0000] {dag.py:3239} INFO - Sync 1 DAGs
[2026-07-09T18:53:29.991+0000] {logging_mixin.py:190} INFO - [2026-07-09T18:53:29.990+0000] {dag.py:4180} INFO - Setting next_dagrun for dag_extract_dvizhenie to 2026-07-09 16:00:00+00:00, run_after=2026-07-09 18:00:00+00:00
[2026-07-09T18:53:29.995+0000] {processor.py:208} INFO - Processing /opt/airflow/dags/dag_extract_dvizhenie.py took 0.030 seconds
[2026-07-09T18:54:00.454+0000] {processor.py:186} INFO - Started process (PID=12818) to work on /opt/airflow/dags/dag_extract_dvizhenie.py
[2026-07-09T18:54:00.455+0000] {processor.py:914} INFO - Processing file /opt/airflow/dags/dag_extract_dvizhenie.py for tasks to queue
[2026-07-09T18:54:00.457+0000] {logging_mixin.py:190} INFO - [2026-07-09T18:54:00.457+0000] {dagbag.py:588} INFO - Filling up the DagBag from /opt/airflow/dags/dag_extract_dvizhenie.py
[2026-07-09T18:54:00.462+0000] {processor.py:925} INFO - DAG(s) 'dag_extract_dvizhenie' retrieved from /opt/airflow/dags/dag_extract_dvizhenie.py
[2026-07-09T18:54:00.475+0000] {logging_mixin.py:190} INFO - [2026-07-09T18:54:00.475+0000] {dag.py:3239} INFO - Sync 1 DAGs
[2026-07-09T18:54:00.484+0000] {logging_mixin.py:190} INFO - [2026-07-09T18:54:00.484+0000] {dag.py:4180} INFO - Setting next_dagrun for dag_extract_dvizhenie to 2026-07-09 16:00:00+00:00, run_after=2026-07-09 18:00:00+00:00
[2026-07-09T18:54:00.489+0000] {processor.py:208} INFO - Processing /opt/airflow/dags/dag_extract_dvizhenie.py took 0.038 seconds
[2026-07-09T18:54:30.949+0000] {processor.py:186} INFO - Started process (PID=12838) to work on /opt/airflow/dags/dag_extract_dvizhenie.py
[2026-07-09T18:54:30.949+0000] {processor.py:914} INFO - Processing file /opt/airflow/dags/dag_extract_dvizhenie.py for tasks to queue
[2026-07-09T18:54:30.950+0000] {logging_mixin.py:190} INFO - [2026-07-09T18:54:30.950+0000] {dagbag.py:588} INFO - Filling up the DagBag from /opt/airflow/dags/dag_extract_dvizhenie.py
[2026-07-09T18:54:30.955+0000] {processor.py:925} INFO - DAG(s) 'dag_extract_dvizhenie' retrieved from /opt/airflow/dags/dag_extract_dvizhenie.py
[2026-07-09T18:54:30.964+0000] {logging_mixin.py:190} INFO - [2026-07-09T18:54:30.964+0000] {dag.py:3239} INFO - Sync 1 DAGs
[2026-07-09T18:54:30.971+0000] {logging_mixin.py:190} INFO - [2026-07-09T18:54:30.971+0000] {dag.py:4180} INFO - Setting next_dagrun for dag_extract_dvizhenie to 2026-07-09 16:00:00+00:00, run_after=2026-07-09 18:00:00+00:00
[2026-07-09T18:54:30.976+0000] {processor.py:208} INFO - Processing /opt/airflow/dags/dag_extract_dvizhenie.py took 0.030 seconds
[2026-07-09T18:55:01.416+0000] {processor.py:186} INFO - Started process (PID=12858) to work on /opt/airflow/dags/dag_extract_dvizhenie.py
[2026-07-09T18:55:01.416+0000] {processor.py:914} INFO - Processing file /opt/airflow/dags/dag_extract_dvizhenie.py for tasks to queue
[2026-07-09T18:55:01.417+0000] {logging_mixin.py:190} INFO - [2026-07-09T18:55:01.417+0000] {dagbag.py:588} INFO - Filling up the DagBag from /opt/airflow/dags/dag_extract_dvizhenie.py
[2026-07-09T18:55:01.421+0000] {processor.py:925} INFO - DAG(s) 'dag_extract_dvizhenie' retrieved from /opt/airflow/dags/dag_extract_dvizhenie.py
[2026-07-09T18:55:01.431+0000] {logging_mixin.py:190} INFO - [2026-07-09T18:55:01.431+0000] {dag.py:3239} INFO - Sync 1 DAGs
[2026-07-09T18:55:01.438+0000] {logging_mixin.py:190} INFO - [2026-07-09T18:55:01.438+0000] {dag.py:4180} INFO - Setting next_dagrun for dag_extract_dvizhenie to 2026-07-09 16:00:00+00:00, run_after=2026-07-09 18:00:00+00:00
[2026-07-09T18:55:01.443+0000] {processor.py:208} INFO - Processing /opt/airflow/dags/dag_extract_dvizhenie.py took 0.029 seconds
[2026-07-09T18:55:31.920+0000] {processor.py:186} INFO - Started process (PID=12878) to work on /opt/airflow/dags/dag_extract_dvizhenie.py
[2026-07-09T18:55:31.920+0000] {processor.py:914} INFO - Processing file /opt/airflow/dags/dag_extract_dvizhenie.py for tasks to queue
[2026-07-09T18:55:31.921+0000] {logging_mixin.py:190} INFO - [2026-07-09T18:55:31.921+0000] {dagbag.py:588} INFO - Filling up the DagBag from /opt/airflow/dags/dag_extract_dvizhenie.py
[2026-07-09T18:55:31.925+0000] {processor.py:925} INFO - DAG(s) 'dag_extract_dvizhenie' retrieved from /opt/airflow/dags/dag_extract_dvizhenie.py
[2026-07-09T18:55:31.935+0000] {logging_mixin.py:190} INFO - [2026-07-09T18:55:31.934+0000] {dag.py:3239} INFO - Sync 1 DAGs
[2026-07-09T18:55:31.941+0000] {logging_mixin.py:190} INFO - [2026-07-09T18:55:31.941+0000] {dag.py:4180} INFO - Setting next_dagrun for dag_extract_dvizhenie to 2026-07-09 16:00:00+00:00, run_after=2026-07-09 18:00:00+00:00
[2026-07-09T18:55:31.946+0000] {processor.py:208} INFO - Processing /opt/airflow/dags/dag_extract_dvizhenie.py took 0.029 seconds
[2026-07-09T18:56:02.436+0000] {processor.py:186} INFO - Started process (PID=12898) to work on /opt/airflow/dags/dag_extract_dvizhenie.py
[2026-07-09T18:56:02.437+0000] {processor.py:914} INFO - Processing file /opt/airflow/dags/dag_extract_dvizhenie.py for tasks to queue
[2026-07-09T18:56:02.438+0000] {logging_mixin.py:190} INFO - [2026-07-09T18:56:02.437+0000] {dagbag.py:588} INFO - Filling up the DagBag from /opt/airflow/dags/dag_extract_dvizhenie.py
[2026-07-09T18:56:02.442+0000] {processor.py:925} INFO - DAG(s) 'dag_extract_dvizhenie' retrieved from /opt/airflow/dags/dag_extract_dvizhenie.py
[2026-07-09T18:56:02.451+0000] {logging_mixin.py:190} INFO - [2026-07-09T18:56:02.451+0000] {dag.py:3239} INFO - Sync 1 DAGs
[2026-07-09T18:56:02.458+0000] {logging_mixin.py:190} INFO - [2026-07-09T18:56:02.458+0000] {dag.py:4180} INFO - Setting next_dagrun for dag_extract_dvizhenie to 2026-07-09 16:00:00+00:00, run_after=2026-07-09 18:00:00+00:00
[2026-07-09T18:56:02.463+0000] {processor.py:208} INFO - Processing /opt/airflow/dags/dag_extract_dvizhenie.py took 0.029 seconds
[2026-07-09T18:56:32.951+0000] {processor.py:186} INFO - Started process (PID=12918) to work on /opt/airflow/dags/dag_extract_dvizhenie.py
[2026-07-09T18:56:32.951+0000] {processor.py:914} INFO - Processing file /opt/airflow/dags/dag_extract_dvizhenie.py for tasks to queue
[2026-07-09T18:56:32.952+0000] {logging_mixin.py:190} INFO - [2026-07-09T18:56:32.952+0000] {dagbag.py:588} INFO - Filling up the DagBag from /opt/airflow/dags/dag_extract_dvizhenie.py
[2026-07-09T18:56:32.957+0000] {processor.py:925} INFO - DAG(s) 'dag_extract_dvizhenie' retrieved from /opt/airflow/dags/dag_extract_dvizhenie.py
[2026-07-09T18:56:32.966+0000] {logging_mixin.py:190} INFO - [2026-07-09T18:56:32.966+0000] {dag.py:3239} INFO - Sync 1 DAGs
[2026-07-09T18:56:32.973+0000] {logging_mixin.py:190} INFO - [2026-07-09T18:56:32.973+0000] {dag.py:4180} INFO - Setting next_dagrun for dag_extract_dvizhenie to 2026-07-09 16:00:00+00:00, run_after=2026-07-09 18:00:00+00:00
[2026-07-09T18:56:32.978+0000] {processor.py:208} INFO - Processing /opt/airflow/dags/dag_extract_dvizhenie.py took 0.030 seconds
[2026-07-09T18:57:03.418+0000] {processor.py:186} INFO - Started process (PID=12938) to work on /opt/airflow/dags/dag_extract_dvizhenie.py
[2026-07-09T18:57:03.419+0000] {processor.py:914} INFO - Processing file /opt/airflow/dags/dag_extract_dvizhenie.py for tasks to queue
[2026-07-09T18:57:03.420+0000] {logging_mixin.py:190} INFO - [2026-07-09T18:57:03.419+0000] {dagbag.py:588} INFO - Filling up the DagBag from /opt/airflow/dags/dag_extract_dvizhenie.py
[2026-07-09T18:57:03.424+0000] {processor.py:925} INFO - DAG(s) 'dag_extract_dvizhenie' retrieved from /opt/airflow/dags/dag_extract_dvizhenie.py
[2026-07-09T18:57:03.434+0000] {logging_mixin.py:190} INFO - [2026-07-09T18:57:03.434+0000] {dag.py:3239} INFO - Sync 1 DAGs
[2026-07-09T18:57:03.441+0000] {logging_mixin.py:190} INFO - [2026-07-09T18:57:03.441+0000] {dag.py:4180} INFO - Setting next_dagrun for dag_extract_dvizhenie to 2026-07-09 16:00:00+00:00, run_after=2026-07-09 18:00:00+00:00
[2026-07-09T18:57:03.446+0000] {processor.py:208} INFO - Processing /opt/airflow/dags/dag_extract_dvizhenie.py took 0.030 seconds
[2026-07-09T18:57:33.918+0000] {processor.py:186} INFO - Started process (PID=12958) to work on /opt/airflow/dags/dag_extract_dvizhenie.py
[2026-07-09T18:57:33.918+0000] {processor.py:914} INFO - Processing file /opt/airflow/dags/dag_extract_dvizhenie.py for tasks to queue
[2026-07-09T18:57:33.919+0000] {logging_mixin.py:190} INFO - [2026-07-09T18:57:33.919+0000] {dagbag.py:588} INFO - Filling up the DagBag from /opt/airflow/dags/dag_extract_dvizhenie.py
[2026-07-09T18:57:33.923+0000] {processor.py:925} INFO - DAG(s) 'dag_extract_dvizhenie' retrieved from /opt/airflow/dags/dag_extract_dvizhenie.py
[2026-07-09T18:57:33.933+0000] {logging_mixin.py:190} INFO - [2026-07-09T18:57:33.933+0000] {dag.py:3239} INFO - Sync 1 DAGs
[2026-07-09T18:57:33.940+0000] {logging_mixin.py:190} INFO - [2026-07-09T18:57:33.940+0000] {dag.py:4180} INFO - Setting next_dagrun for dag_extract_dvizhenie to 2026-07-09 16:00:00+00:00, run_after=2026-07-09 18:00:00+00:00
[2026-07-09T18:57:33.945+0000] {processor.py:208} INFO - Processing /opt/airflow/dags/dag_extract_dvizhenie.py took 0.030 seconds
[2026-07-09T18:58:04.468+0000] {processor.py:186} INFO - Started process (PID=12978) to work on /opt/airflow/dags/dag_extract_dvizhenie.py
[2026-07-09T18:58:04.468+0000] {processor.py:914} INFO - Processing file /opt/airflow/dags/dag_extract_dvizhenie.py for tasks to queue
[2026-07-09T18:58:04.469+0000] {logging_mixin.py:190} INFO - [2026-07-09T18:58:04.469+0000] {dagbag.py:588} INFO - Filling up the DagBag from /opt/airflow/dags/dag_extract_dvizhenie.py
[2026-07-09T18:58:04.474+0000] {processor.py:925} INFO - DAG(s) 'dag_extract_dvizhenie' retrieved from /opt/airflow/dags/dag_extract_dvizhenie.py
[2026-07-09T18:58:04.486+0000] {logging_mixin.py:190} INFO - [2026-07-09T18:58:04.486+0000] {dag.py:3239} INFO - Sync 1 DAGs
[2026-07-09T18:58:04.494+0000] {logging_mixin.py:190} INFO - [2026-07-09T18:58:04.493+0000] {dag.py:4180} INFO - Setting next_dagrun for dag_extract_dvizhenie to 2026-07-09 16:00:00+00:00, run_after=2026-07-09 18:00:00+00:00
[2026-07-09T18:58:04.499+0000] {processor.py:208} INFO - Processing /opt/airflow/dags/dag_extract_dvizhenie.py took 0.036 seconds
[2026-07-09T18:58:34.954+0000] {processor.py:186} INFO - Started process (PID=12998) to work on /opt/airflow/dags/dag_extract_dvizhenie.py
[2026-07-09T18:58:34.954+0000] {processor.py:914} INFO - Processing file /opt/airflow/dags/dag_extract_dvizhenie.py for tasks to queue
[2026-07-09T18:58:34.955+0000] {logging_mixin.py:190} INFO - [2026-07-09T18:58:34.955+0000] {dagbag.py:588} INFO - Filling up the DagBag from /opt/airflow/dags/dag_extract_dvizhenie.py
[2026-07-09T18:58:34.959+0000] {processor.py:925} INFO - DAG(s) 'dag_extract_dvizhenie' retrieved from /opt/airflow/dags/dag_extract_dvizhenie.py
[2026-07-09T18:58:34.969+0000] {logging_mixin.py:190} INFO - [2026-07-09T18:58:34.969+0000] {dag.py:3239} INFO - Sync 1 DAGs
[2026-07-09T18:58:34.976+0000] {logging_mixin.py:190} INFO - [2026-07-09T18:58:34.976+0000] {dag.py:4180} INFO - Setting next_dagrun for dag_extract_dvizhenie to 2026-07-09 16:00:00+00:00, run_after=2026-07-09 18:00:00+00:00
[2026-07-09T18:58:34.981+0000] {processor.py:208} INFO - Processing /opt/airflow/dags/dag_extract_dvizhenie.py took 0.030 seconds
[2026-07-09T18:59:05.433+0000] {processor.py:186} INFO - Started process (PID=13018) to work on /opt/airflow/dags/dag_extract_dvizhenie.py
[2026-07-09T18:59:05.433+0000] {processor.py:914} INFO - Processing file /opt/airflow/dags/dag_extract_dvizhenie.py for tasks to queue
[2026-07-09T18:59:05.434+0000] {logging_mixin.py:190} INFO - [2026-07-09T18:59:05.434+0000] {dagbag.py:588} INFO - Filling up the DagBag from /opt/airflow/dags/dag_extract_dvizhenie.py
[2026-07-09T18:59:05.439+0000] {processor.py:925} INFO - DAG(s) 'dag_extract_dvizhenie' retrieved from /opt/airflow/dags/dag_extract_dvizhenie.py
[2026-07-09T18:59:05.448+0000] {logging_mixin.py:190} INFO - [2026-07-09T18:59:05.448+0000] {dag.py:3239} INFO - Sync 1 DAGs
[2026-07-09T18:59:05.456+0000] {logging_mixin.py:190} INFO - [2026-07-09T18:59:05.456+0000] {dag.py:4180} INFO - Setting next_dagrun for dag_extract_dvizhenie to 2026-07-09 16:00:00+00:00, run_after=2026-07-09 18:00:00+00:00
[2026-07-09T18:59:05.460+0000] {processor.py:208} INFO - Processing /opt/airflow/dags/dag_extract_dvizhenie.py took 0.030 seconds
[2026-07-09T18:59:35.887+0000] {processor.py:186} INFO - Started process (PID=13038) to work on /opt/airflow/dags/dag_extract_dvizhenie.py
[2026-07-09T18:59:35.887+0000] {processor.py:914} INFO - Processing file /opt/airflow/dags/dag_extract_dvizhenie.py for tasks to queue
[2026-07-09T18:59:35.888+0000] {logging_mixin.py:190} INFO - [2026-07-09T18:59:35.888+0000] {dagbag.py:588} INFO - Filling up the DagBag from /opt/airflow/dags/dag_extract_dvizhenie.py
[2026-07-09T18:59:35.892+0000] {processor.py:925} INFO - DAG(s) 'dag_extract_dvizhenie' retrieved from /opt/airflow/dags/dag_extract_dvizhenie.py
[2026-07-09T18:59:35.902+0000] {logging_mixin.py:190} INFO - [2026-07-09T18:59:35.902+0000] {dag.py:3239} INFO - Sync 1 DAGs
[2026-07-09T18:59:35.909+0000] {logging_mixin.py:190} INFO - [2026-07-09T18:59:35.909+0000] {dag.py:4180} INFO - Setting next_dagrun for dag_extract_dvizhenie to 2026-07-09 16:00:00+00:00, run_after=2026-07-09 18:00:00+00:00
[2026-07-09T18:59:35.915+0000] {processor.py:208} INFO - Processing /opt/airflow/dags/dag_extract_dvizhenie.py took 0.030 seconds
[2026-07-09T19:00:06.361+0000] {processor.py:186} INFO - Started process (PID=13056) to work on /opt/airflow/dags/dag_extract_dvizhenie.py
[2026-07-09T19:00:06.363+0000] {processor.py:914} INFO - Processing file /opt/airflow/dags/dag_extract_dvizhenie.py for tasks to queue
[2026-07-09T19:00:06.364+0000] {logging_mixin.py:190} INFO - [2026-07-09T19:00:06.364+0000] {dagbag.py:588} INFO - Filling up the DagBag from /opt/airflow/dags/dag_extract_dvizhenie.py
[2026-07-09T19:00:06.369+0000] {processor.py:925} INFO - DAG(s) 'dag_extract_dvizhenie' retrieved from /opt/airflow/dags/dag_extract_dvizhenie.py
[2026-07-09T19:00:06.384+0000] {logging_mixin.py:190} INFO - [2026-07-09T19:00:06.384+0000] {dag.py:3239} INFO - Sync 1 DAGs
[2026-07-09T19:00:06.394+0000] {logging_mixin.py:190} INFO - [2026-07-09T19:00:06.394+0000] {dag.py:4180} INFO - Setting next_dagrun for dag_extract_dvizhenie to 2026-07-09 16:00:00+00:00, run_after=2026-07-09 18:00:00+00:00
[2026-07-09T19:00:06.402+0000] {processor.py:208} INFO - Processing /opt/airflow/dags/dag_extract_dvizhenie.py took 0.043 seconds
[2026-07-09T19:00:36.797+0000] {processor.py:186} INFO - Started process (PID=13076) to work on /opt/airflow/dags/dag_extract_dvizhenie.py
[2026-07-09T19:00:36.797+0000] {processor.py:914} INFO - Processing file /opt/airflow/dags/dag_extract_dvizhenie.py for tasks to queue
[2026-07-09T19:00:36.800+0000] {logging_mixin.py:190} INFO - [2026-07-09T19:00:36.799+0000] {dagbag.py:588} INFO - Filling up the DagBag from /opt/airflow/dags/dag_extract_dvizhenie.py
[2026-07-09T19:00:36.805+0000] {processor.py:925} INFO - DAG(s) 'dag_extract_dvizhenie' retrieved from /opt/airflow/dags/dag_extract_dvizhenie.py
[2026-07-09T19:00:36.820+0000] {logging_mixin.py:190} INFO - [2026-07-09T19:00:36.820+0000] {dag.py:3239} INFO - Sync 1 DAGs
[2026-07-09T19:00:36.829+0000] {logging_mixin.py:190} INFO - [2026-07-09T19:00:36.829+0000] {dag.py:4180} INFO - Setting next_dagrun for dag_extract_dvizhenie to 2026-07-09 16:00:00+00:00, run_after=2026-07-09 18:00:00+00:00
[2026-07-09T19:00:36.836+0000] {processor.py:208} INFO - Processing /opt/airflow/dags/dag_extract_dvizhenie.py took 0.042 seconds
[2026-07-09T19:01:07.235+0000] {processor.py:186} INFO - Started process (PID=13098) to work on /opt/airflow/dags/dag_extract_dvizhenie.py
[2026-07-09T19:01:07.235+0000] {processor.py:914} INFO - Processing file /opt/airflow/dags/dag_extract_dvizhenie.py for tasks to queue
[2026-07-09T19:01:07.237+0000] {logging_mixin.py:190} INFO - [2026-07-09T19:01:07.237+0000] {dagbag.py:588} INFO - Filling up the DagBag from /opt/airflow/dags/dag_extract_dvizhenie.py
[2026-07-09T19:01:07.243+0000] {processor.py:925} INFO - DAG(s) 'dag_extract_dvizhenie' retrieved from /opt/airflow/dags/dag_extract_dvizhenie.py
[2026-07-09T19:01:07.255+0000] {logging_mixin.py:190} INFO - [2026-07-09T19:01:07.255+0000] {dag.py:3239} INFO - Sync 1 DAGs
[2026-07-09T19:01:07.264+0000] {logging_mixin.py:190} INFO - [2026-07-09T19:01:07.264+0000] {dag.py:4180} INFO - Setting next_dagrun for dag_extract_dvizhenie to 2026-07-09 16:00:00+00:00, run_after=2026-07-09 18:00:00+00:00
[2026-07-09T19:01:07.271+0000] {processor.py:208} INFO - Processing /opt/airflow/dags/dag_extract_dvizhenie.py took 0.039 seconds
[2026-07-09T19:01:37.692+0000] {processor.py:186} INFO - Started process (PID=13118) to work on /opt/airflow/dags/dag_extract_dvizhenie.py
[2026-07-09T19:01:37.692+0000] {processor.py:914} INFO - Processing file /opt/airflow/dags/dag_extract_dvizhenie.py for tasks to queue
[2026-07-09T19:01:37.693+0000] {logging_mixin.py:190} INFO - [2026-07-09T19:01:37.693+0000] {dagbag.py:588} INFO - Filling up the DagBag from /opt/airflow/dags/dag_extract_dvizhenie.py
[2026-07-09T19:01:37.698+0000] {processor.py:925} INFO - DAG(s) 'dag_extract_dvizhenie' retrieved from /opt/airflow/dags/dag_extract_dvizhenie.py
[2026-07-09T19:01:37.708+0000] {logging_mixin.py:190} INFO - [2026-07-09T19:01:37.708+0000] {dag.py:3239} INFO - Sync 1 DAGs
[2026-07-09T19:01:37.715+0000] {logging_mixin.py:190} INFO - [2026-07-09T19:01:37.715+0000] {dag.py:4180} INFO - Setting next_dagrun for dag_extract_dvizhenie to 2026-07-09 16:00:00+00:00, run_after=2026-07-09 18:00:00+00:00
[2026-07-09T19:01:37.719+0000] {processor.py:208} INFO - Processing /opt/airflow/dags/dag_extract_dvizhenie.py took 0.030 seconds
[2026-07-09T19:02:08.137+0000] {processor.py:186} INFO - Started process (PID=13138) to work on /opt/airflow/dags/dag_extract_dvizhenie.py
[2026-07-09T19:02:08.137+0000] {processor.py:914} INFO - Processing file /opt/airflow/dags/dag_extract_dvizhenie.py for tasks to queue
[2026-07-09T19:02:08.138+0000] {logging_mixin.py:190} INFO - [2026-07-09T19:02:08.138+0000] {dagbag.py:588} INFO - Filling up the DagBag from /opt/airflow/dags/dag_extract_dvizhenie.py
[2026-07-09T19:02:08.144+0000] {processor.py:925} INFO - DAG(s) 'dag_extract_dvizhenie' retrieved from /opt/airflow/dags/dag_extract_dvizhenie.py
[2026-07-09T19:02:08.158+0000] {logging_mixin.py:190} INFO - [2026-07-09T19:02:08.158+0000] {dag.py:3239} INFO - Sync 1 DAGs
[2026-07-09T19:02:08.167+0000] {logging_mixin.py:190} INFO - [2026-07-09T19:02:08.167+0000] {dag.py:4180} INFO - Setting next_dagrun for dag_extract_dvizhenie to 2026-07-09 16:00:00+00:00, run_after=2026-07-09 18:00:00+00:00
[2026-07-09T19:02:08.173+0000] {processor.py:208} INFO - Processing /opt/airflow/dags/dag_extract_dvizhenie.py took 0.039 seconds
[2026-07-09T19:02:38.566+0000] {processor.py:186} INFO - Started process (PID=13158) to work on /opt/airflow/dags/dag_extract_dvizhenie.py
[2026-07-09T19:02:38.567+0000] {processor.py:914} INFO - Processing file /opt/airflow/dags/dag_extract_dvizhenie.py for tasks to queue
[2026-07-09T19:02:38.568+0000] {logging_mixin.py:190} INFO - [2026-07-09T19:02:38.568+0000] {dagbag.py:588} INFO - Filling up the DagBag from /opt/airflow/dags/dag_extract_dvizhenie.py
[2026-07-09T19:02:38.573+0000] {processor.py:925} INFO - DAG(s) 'dag_extract_dvizhenie' retrieved from /opt/airflow/dags/dag_extract_dvizhenie.py
[2026-07-09T19:02:38.586+0000] {logging_mixin.py:190} INFO - [2026-07-09T19:02:38.586+0000] {dag.py:3239} INFO - Sync 1 DAGs
[2026-07-09T19:02:38.593+0000] {logging_mixin.py:190} INFO - [2026-07-09T19:02:38.593+0000] {dag.py:4180} INFO - Setting next_dagrun for dag_extract_dvizhenie to 2026-07-09 16:00:00+00:00, run_after=2026-07-09 18:00:00+00:00
[2026-07-09T19:02:38.604+0000] {processor.py:208} INFO - Processing /opt/airflow/dags/dag_extract_dvizhenie.py took 0.040 seconds
[2026-07-09T19:03:09.005+0000] {processor.py:186} INFO - Started process (PID=13178) to work on /opt/airflow/dags/dag_extract_dvizhenie.py
[2026-07-09T19:03:09.005+0000] {processor.py:914} INFO - Processing file /opt/airflow/dags/dag_extract_dvizhenie.py for tasks to queue
[2026-07-09T19:03:09.006+0000] {logging_mixin.py:190} INFO - [2026-07-09T19:03:09.006+0000] {dagbag.py:588} INFO - Filling up the DagBag from /opt/airflow/dags/dag_extract_dvizhenie.py
[2026-07-09T19:03:09.011+0000] {processor.py:925} INFO - DAG(s) 'dag_extract_dvizhenie' retrieved from /opt/airflow/dags/dag_extract_dvizhenie.py
[2026-07-09T19:03:09.021+0000] {logging_mixin.py:190} INFO - [2026-07-09T19:03:09.021+0000] {dag.py:3239} INFO - Sync 1 DAGs
[2026-07-09T19:03:09.028+0000] {logging_mixin.py:190} INFO - [2026-07-09T19:03:09.028+0000] {dag.py:4180} INFO - Setting next_dagrun for dag_extract_dvizhenie to 2026-07-09 16:00:00+00:00, run_after=2026-07-09 18:00:00+00:00
[2026-07-09T19:03:09.033+0000] {processor.py:208} INFO - Processing /opt/airflow/dags/dag_extract_dvizhenie.py took 0.030 seconds
[2026-07-09T19:03:39.422+0000] {processor.py:186} INFO - Started process (PID=13198) to work on /opt/airflow/dags/dag_extract_dvizhenie.py
[2026-07-09T19:03:39.423+0000] {processor.py:914} INFO - Processing file /opt/airflow/dags/dag_extract_dvizhenie.py for tasks to queue
[2026-07-09T19:03:39.424+0000] {logging_mixin.py:190} INFO - [2026-07-09T19:03:39.424+0000] {dagbag.py:588} INFO - Filling up the DagBag from /opt/airflow/dags/dag_extract_dvizhenie.py
[2026-07-09T19:03:39.428+0000] {processor.py:925} INFO - DAG(s) 'dag_extract_dvizhenie' retrieved from /opt/airflow/dags/dag_extract_dvizhenie.py
[2026-07-09T19:03:39.437+0000] {logging_mixin.py:190} INFO - [2026-07-09T19:03:39.437+0000] {dag.py:3239} INFO - Sync 1 DAGs
[2026-07-09T19:03:39.445+0000] {logging_mixin.py:190} INFO - [2026-07-09T19:03:39.445+0000] {dag.py:4180} INFO - Setting next_dagrun for dag_extract_dvizhenie to 2026-07-09 16:00:00+00:00, run_after=2026-07-09 18:00:00+00:00
[2026-07-09T19:03:39.450+0000] {processor.py:208} INFO - Processing /opt/airflow/dags/dag_extract_dvizhenie.py took 0.030 seconds
[2026-07-09T19:04:09.877+0000] {processor.py:186} INFO - Started process (PID=13218) to work on /opt/airflow/dags/dag_extract_dvizhenie.py
[2026-07-09T19:04:09.877+0000] {processor.py:914} INFO - Processing file /opt/airflow/dags/dag_extract_dvizhenie.py for tasks to queue
[2026-07-09T19:04:09.878+0000] {logging_mixin.py:190} INFO - [2026-07-09T19:04:09.878+0000] {dagbag.py:588} INFO - Filling up the DagBag from /opt/airflow/dags/dag_extract_dvizhenie.py
[2026-07-09T19:04:09.883+0000] {processor.py:925} INFO - DAG(s) 'dag_extract_dvizhenie' retrieved from /opt/airflow/dags/dag_extract_dvizhenie.py
[2026-07-09T19:04:09.893+0000] {logging_mixin.py:190} INFO - [2026-07-09T19:04:09.893+0000] {dag.py:3239} INFO - Sync 1 DAGs
[2026-07-09T19:04:09.900+0000] {logging_mixin.py:190} INFO - [2026-07-09T19:04:09.900+0000] {dag.py:4180} INFO - Setting next_dagrun for dag_extract_dvizhenie to 2026-07-09 16:00:00+00:00, run_after=2026-07-09 18:00:00+00:00
[2026-07-09T19:04:09.905+0000] {processor.py:208} INFO - Processing /opt/airflow/dags/dag_extract_dvizhenie.py took 0.031 seconds
[2026-07-09T19:04:40.368+0000] {processor.py:186} INFO - Started process (PID=13238) to work on /opt/airflow/dags/dag_extract_dvizhenie.py
[2026-07-09T19:04:40.369+0000] {processor.py:914} INFO - Processing file /opt/airflow/dags/dag_extract_dvizhenie.py for tasks to queue
[2026-07-09T19:04:40.370+0000] {logging_mixin.py:190} INFO - [2026-07-09T19:04:40.370+0000] {dagbag.py:588} INFO - Filling up the DagBag from /opt/airflow/dags/dag_extract_dvizhenie.py
[2026-07-09T19:04:40.374+0000] {processor.py:925} INFO - DAG(s) 'dag_extract_dvizhenie' retrieved from /opt/airflow/dags/dag_extract_dvizhenie.py
[2026-07-09T19:04:40.384+0000] {logging_mixin.py:190} INFO - [2026-07-09T19:04:40.383+0000] {dag.py:3239} INFO - Sync 1 DAGs
[2026-07-09T19:04:40.391+0000] {logging_mixin.py:190} INFO - [2026-07-09T19:04:40.391+0000] {dag.py:4180} INFO - Setting next_dagrun for dag_extract_dvizhenie to 2026-07-09 16:00:00+00:00, run_after=2026-07-09 18:00:00+00:00
[2026-07-09T19:04:40.395+0000] {processor.py:208} INFO - Processing /opt/airflow/dags/dag_extract_dvizhenie.py took 0.030 seconds
[2026-07-09T19:05:10.822+0000] {processor.py:186} INFO - Started process (PID=13258) to work on /opt/airflow/dags/dag_extract_dvizhenie.py
[2026-07-09T19:05:10.822+0000] {processor.py:914} INFO - Processing file /opt/airflow/dags/dag_extract_dvizhenie.py for tasks to queue
[2026-07-09T19:05:10.823+0000] {logging_mixin.py:190} INFO - [2026-07-09T19:05:10.823+0000] {dagbag.py:588} INFO - Filling up the DagBag from /opt/airflow/dags/dag_extract_dvizhenie.py
[2026-07-09T19:05:10.828+0000] {processor.py:925} INFO - DAG(s) 'dag_extract_dvizhenie' retrieved from /opt/airflow/dags/dag_extract_dvizhenie.py
[2026-07-09T19:05:10.837+0000] {logging_mixin.py:190} INFO - [2026-07-09T19:05:10.837+0000] {dag.py:3239} INFO - Sync 1 DAGs
[2026-07-09T19:05:10.845+0000] {logging_mixin.py:190} INFO - [2026-07-09T19:05:10.844+0000] {dag.py:4180} INFO - Setting next_dagrun for dag_extract_dvizhenie to 2026-07-09 16:00:00+00:00, run_after=2026-07-09 18:00:00+00:00
[2026-07-09T19:05:10.849+0000] {processor.py:208} INFO - Processing /opt/airflow/dags/dag_extract_dvizhenie.py took 0.030 seconds
[2026-07-09T19:05:41.268+0000] {processor.py:186} INFO - Started process (PID=13278) to work on /opt/airflow/dags/dag_extract_dvizhenie.py
[2026-07-09T19:05:41.268+0000] {processor.py:914} INFO - Processing file /opt/airflow/dags/dag_extract_dvizhenie.py for tasks to queue
[2026-07-09T19:05:41.269+0000] {logging_mixin.py:190} INFO - [2026-07-09T19:05:41.269+0000] {dagbag.py:588} INFO - Filling up the DagBag from /opt/airflow/dags/dag_extract_dvizhenie.py
[2026-07-09T19:05:41.273+0000] {processor.py:925} INFO - DAG(s) 'dag_extract_dvizhenie' retrieved from /opt/airflow/dags/dag_extract_dvizhenie.py
[2026-07-09T19:05:41.283+0000] {logging_mixin.py:190} INFO - [2026-07-09T19:05:41.283+0000] {dag.py:3239} INFO - Sync 1 DAGs
[2026-07-09T19:05:41.290+0000] {logging_mixin.py:190} INFO - [2026-07-09T19:05:41.290+0000] {dag.py:4180} INFO - Setting next_dagrun for dag_extract_dvizhenie to 2026-07-09 16:00:00+00:00, run_after=2026-07-09 18:00:00+00:00
[2026-07-09T19:05:41.295+0000] {processor.py:208} INFO - Processing /opt/airflow/dags/dag_extract_dvizhenie.py took 0.030 seconds
[2026-07-09T19:06:11.681+0000] {processor.py:186} INFO - Started process (PID=13298) to work on /opt/airflow/dags/dag_extract_dvizhenie.py
[2026-07-09T19:06:11.682+0000] {processor.py:914} INFO - Processing file /opt/airflow/dags/dag_extract_dvizhenie.py for tasks to queue
[2026-07-09T19:06:11.683+0000] {logging_mixin.py:190} INFO - [2026-07-09T19:06:11.682+0000] {dagbag.py:588} INFO - Filling up the DagBag from /opt/airflow/dags/dag_extract_dvizhenie.py
[2026-07-09T19:06:11.687+0000] {processor.py:925} INFO - DAG(s) 'dag_extract_dvizhenie' retrieved from /opt/airflow/dags/dag_extract_dvizhenie.py
[2026-07-09T19:06:11.697+0000] {logging_mixin.py:190} INFO - [2026-07-09T19:06:11.697+0000] {dag.py:3239} INFO - Sync 1 DAGs
[2026-07-09T19:06:11.704+0000] {logging_mixin.py:190} INFO - [2026-07-09T19:06:11.704+0000] {dag.py:4180} INFO - Setting next_dagrun for dag_extract_dvizhenie to 2026-07-09 16:00:00+00:00, run_after=2026-07-09 18:00:00+00:00
[2026-07-09T19:06:11.709+0000] {processor.py:208} INFO - Processing /opt/airflow/dags/dag_extract_dvizhenie.py took 0.030 seconds
[2026-07-09T19:06:42.133+0000] {processor.py:186} INFO - Started process (PID=13318) to work on /opt/airflow/dags/dag_extract_dvizhenie.py
[2026-07-09T19:06:42.133+0000] {processor.py:914} INFO - Processing file /opt/airflow/dags/dag_extract_dvizhenie.py for tasks to queue
[2026-07-09T19:06:42.134+0000] {logging_mixin.py:190} INFO - [2026-07-09T19:06:42.134+0000] {dagbag.py:588} INFO - Filling up the DagBag from /opt/airflow/dags/dag_extract_dvizhenie.py
[2026-07-09T19:06:42.139+0000] {processor.py:925} INFO - DAG(s) 'dag_extract_dvizhenie' retrieved from /opt/airflow/dags/dag_extract_dvizhenie.py
[2026-07-09T19:06:42.148+0000] {logging_mixin.py:190} INFO - [2026-07-09T19:06:42.148+0000] {dag.py:3239} INFO - Sync 1 DAGs
[2026-07-09T19:06:42.155+0000] {logging_mixin.py:190} INFO - [2026-07-09T19:06:42.155+0000] {dag.py:4180} INFO - Setting next_dagrun for dag_extract_dvizhenie to 2026-07-09 16:00:00+00:00, run_after=2026-07-09 18:00:00+00:00
[2026-07-09T19:06:42.160+0000] {processor.py:208} INFO - Processing /opt/airflow/dags/dag_extract_dvizhenie.py took 0.030 seconds
[2026-07-09T19:07:12.591+0000] {processor.py:186} INFO - Started process (PID=13338) to work on /opt/airflow/dags/dag_extract_dvizhenie.py
[2026-07-09T19:07:12.591+0000] {processor.py:914} INFO - Processing file /opt/airflow/dags/dag_extract_dvizhenie.py for tasks to queue
[2026-07-09T19:07:12.592+0000] {logging_mixin.py:190} INFO - [2026-07-09T19:07:12.592+0000] {dagbag.py:588} INFO - Filling up the DagBag from /opt/airflow/dags/dag_extract_dvizhenie.py
[2026-07-09T19:07:12.597+0000] {processor.py:925} INFO - DAG(s) 'dag_extract_dvizhenie' retrieved from /opt/airflow/dags/dag_extract_dvizhenie.py
[2026-07-09T19:07:12.607+0000] {logging_mixin.py:190} INFO - [2026-07-09T19:07:12.607+0000] {dag.py:3239} INFO - Sync 1 DAGs
[2026-07-09T19:07:12.614+0000] {logging_mixin.py:190} INFO - [2026-07-09T19:07:12.614+0000] {dag.py:4180} INFO - Setting next_dagrun for dag_extract_dvizhenie to 2026-07-09 16:00:00+00:00, run_after=2026-07-09 18:00:00+00:00
[2026-07-09T19:07:12.619+0000] {processor.py:208} INFO - Processing /opt/airflow/dags/dag_extract_dvizhenie.py took 0.030 seconds
[2026-07-09T19:07:43.034+0000] {processor.py:186} INFO - Started process (PID=13358) to work on /opt/airflow/dags/dag_extract_dvizhenie.py
[2026-07-09T19:07:43.034+0000] {processor.py:914} INFO - Processing file /opt/airflow/dags/dag_extract_dvizhenie.py for tasks to queue
[2026-07-09T19:07:43.035+0000] {logging_mixin.py:190} INFO - [2026-07-09T19:07:43.035+0000] {dagbag.py:588} INFO - Filling up the DagBag from /opt/airflow/dags/dag_extract_dvizhenie.py
[2026-07-09T19:07:43.040+0000] {processor.py:925} INFO - DAG(s) 'dag_extract_dvizhenie' retrieved from /opt/airflow/dags/dag_extract_dvizhenie.py
[2026-07-09T19:07:43.049+0000] {logging_mixin.py:190} INFO - [2026-07-09T19:07:43.049+0000] {dag.py:3239} INFO - Sync 1 DAGs
[2026-07-09T19:07:43.056+0000] {logging_mixin.py:190} INFO - [2026-07-09T19:07:43.056+0000] {dag.py:4180} INFO - Setting next_dagrun for dag_extract_dvizhenie to 2026-07-09 16:00:00+00:00, run_after=2026-07-09 18:00:00+00:00
[2026-07-09T19:07:43.061+0000] {processor.py:208} INFO - Processing /opt/airflow/dags/dag_extract_dvizhenie.py took 0.029 seconds
[2026-07-09T19:08:13.459+0000] {processor.py:186} INFO - Started process (PID=13376) to work on /opt/airflow/dags/dag_extract_dvizhenie.py
[2026-07-09T19:08:13.460+0000] {processor.py:914} INFO - Processing file /opt/airflow/dags/dag_extract_dvizhenie.py for tasks to queue
[2026-07-09T19:08:13.461+0000] {logging_mixin.py:190} INFO - [2026-07-09T19:08:13.461+0000] {dagbag.py:588} INFO - Filling up the DagBag from /opt/airflow/dags/dag_extract_dvizhenie.py
[2026-07-09T19:08:13.468+0000] {processor.py:925} INFO - DAG(s) 'dag_extract_dvizhenie' retrieved from /opt/airflow/dags/dag_extract_dvizhenie.py
[2026-07-09T19:08:13.480+0000] {logging_mixin.py:190} INFO - [2026-07-09T19:08:13.480+0000] {dag.py:3239} INFO - Sync 1 DAGs
[2026-07-09T19:08:13.488+0000] {logging_mixin.py:190} INFO - [2026-07-09T19:08:13.488+0000] {dag.py:4180} INFO - Setting next_dagrun for dag_extract_dvizhenie to 2026-07-09 16:00:00+00:00, run_after=2026-07-09 18:00:00+00:00
[2026-07-09T19:08:13.499+0000] {processor.py:208} INFO - Processing /opt/airflow/dags/dag_extract_dvizhenie.py took 0.042 seconds
[2026-07-09T19:08:43.923+0000] {processor.py:186} INFO - Started process (PID=13398) to work on /opt/airflow/dags/dag_extract_dvizhenie.py
[2026-07-09T19:08:43.924+0000] {processor.py:914} INFO - Processing file /opt/airflow/dags/dag_extract_dvizhenie.py for tasks to queue
[2026-07-09T19:08:43.924+0000] {logging_mixin.py:190} INFO - [2026-07-09T19:08:43.924+0000] {dagbag.py:588} INFO - Filling up the DagBag from /opt/airflow/dags/dag_extract_dvizhenie.py
[2026-07-09T19:08:43.929+0000] {processor.py:925} INFO - DAG(s) 'dag_extract_dvizhenie' retrieved from /opt/airflow/dags/dag_extract_dvizhenie.py
[2026-07-09T19:08:43.939+0000] {logging_mixin.py:190} INFO - [2026-07-09T19:08:43.939+0000] {dag.py:3239} INFO - Sync 1 DAGs
[2026-07-09T19:08:43.946+0000] {logging_mixin.py:190} INFO - [2026-07-09T19:08:43.946+0000] {dag.py:4180} INFO - Setting next_dagrun for dag_extract_dvizhenie to 2026-07-09 16:00:00+00:00, run_after=2026-07-09 18:00:00+00:00
[2026-07-09T19:08:43.951+0000] {processor.py:208} INFO - Processing /opt/airflow/dags/dag_extract_dvizhenie.py took 0.031 seconds
[2026-07-09T19:09:14.384+0000] {processor.py:186} INFO - Started process (PID=13416) to work on /opt/airflow/dags/dag_extract_dvizhenie.py
[2026-07-09T19:09:14.384+0000] {processor.py:914} INFO - Processing file /opt/airflow/dags/dag_extract_dvizhenie.py for tasks to queue
[2026-07-09T19:09:14.386+0000] {logging_mixin.py:190} INFO - [2026-07-09T19:09:14.385+0000] {dagbag.py:588} INFO - Filling up the DagBag from /opt/airflow/dags/dag_extract_dvizhenie.py
[2026-07-09T19:09:14.392+0000] {processor.py:925} INFO - DAG(s) 'dag_extract_dvizhenie' retrieved from /opt/airflow/dags/dag_extract_dvizhenie.py
[2026-07-09T19:09:14.406+0000] {logging_mixin.py:190} INFO - [2026-07-09T19:09:14.406+0000] {dag.py:3239} INFO - Sync 1 DAGs
[2026-07-09T19:09:14.420+0000] {logging_mixin.py:190} INFO - [2026-07-09T19:09:14.419+0000] {dag.py:4180} INFO - Setting next_dagrun for dag_extract_dvizhenie to 2026-07-09 16:00:00+00:00, run_after=2026-07-09 18:00:00+00:00
[2026-07-09T19:09:14.430+0000] {processor.py:208} INFO - Processing /opt/airflow/dags/dag_extract_dvizhenie.py took 0.049 seconds
[2026-07-09T19:09:44.869+0000] {processor.py:186} INFO - Started process (PID=13438) to work on /opt/airflow/dags/dag_extract_dvizhenie.py
[2026-07-09T19:09:44.870+0000] {processor.py:914} INFO - Processing file /opt/airflow/dags/dag_extract_dvizhenie.py for tasks to queue
[2026-07-09T19:09:44.870+0000] {logging_mixin.py:190} INFO - [2026-07-09T19:09:44.870+0000] {dagbag.py:588} INFO - Filling up the DagBag from /opt/airflow/dags/dag_extract_dvizhenie.py
[2026-07-09T19:09:44.875+0000] {processor.py:925} INFO - DAG(s) 'dag_extract_dvizhenie' retrieved from /opt/airflow/dags/dag_extract_dvizhenie.py
[2026-07-09T19:09:44.885+0000] {logging_mixin.py:190} INFO - [2026-07-09T19:09:44.885+0000] {dag.py:3239} INFO - Sync 1 DAGs
[2026-07-09T19:09:44.892+0000] {logging_mixin.py:190} INFO - [2026-07-09T19:09:44.892+0000] {dag.py:4180} INFO - Setting next_dagrun for dag_extract_dvizhenie to 2026-07-09 16:00:00+00:00, run_after=2026-07-09 18:00:00+00:00
[2026-07-09T19:09:44.897+0000] {processor.py:208} INFO - Processing /opt/airflow/dags/dag_extract_dvizhenie.py took 0.031 seconds
[2026-07-09T19:10:15.397+0000] {processor.py:186} INFO - Started process (PID=13458) to work on /opt/airflow/dags/dag_extract_dvizhenie.py
[2026-07-09T19:10:15.398+0000] {processor.py:914} INFO - Processing file /opt/airflow/dags/dag_extract_dvizhenie.py for tasks to queue
[2026-07-09T19:10:15.399+0000] {logging_mixin.py:190} INFO - [2026-07-09T19:10:15.399+0000] {dagbag.py:588} INFO - Filling up the DagBag from /opt/airflow/dags/dag_extract_dvizhenie.py
[2026-07-09T19:10:15.405+0000] {processor.py:925} INFO - DAG(s) 'dag_extract_dvizhenie' retrieved from /opt/airflow/dags/dag_extract_dvizhenie.py
[2026-07-09T19:10:15.418+0000] {logging_mixin.py:190} INFO - [2026-07-09T19:10:15.418+0000] {dag.py:3239} INFO - Sync 1 DAGs
[2026-07-09T19:10:15.426+0000] {logging_mixin.py:190} INFO - [2026-07-09T19:10:15.426+0000] {dag.py:4180} INFO - Setting next_dagrun for dag_extract_dvizhenie to 2026-07-09 16:00:00+00:00, run_after=2026-07-09 18:00:00+00:00
[2026-07-09T19:10:15.432+0000] {processor.py:208} INFO - Processing /opt/airflow/dags/dag_extract_dvizhenie.py took 0.039 seconds
[2026-07-09T19:10:45.844+0000] {processor.py:186} INFO - Started process (PID=13478) to work on /opt/airflow/dags/dag_extract_dvizhenie.py
[2026-07-09T19:10:45.845+0000] {processor.py:914} INFO - Processing file /opt/airflow/dags/dag_extract_dvizhenie.py for tasks to queue
[2026-07-09T19:10:45.845+0000] {logging_mixin.py:190} INFO - [2026-07-09T19:10:45.845+0000] {dagbag.py:588} INFO - Filling up the DagBag from /opt/airflow/dags/dag_extract_dvizhenie.py
[2026-07-09T19:10:45.850+0000] {processor.py:925} INFO - DAG(s) 'dag_extract_dvizhenie' retrieved from /opt/airflow/dags/dag_extract_dvizhenie.py
[2026-07-09T19:10:45.859+0000] {logging_mixin.py:190} INFO - [2026-07-09T19:10:45.859+0000] {dag.py:3239} INFO - Sync 1 DAGs
[2026-07-09T19:10:45.867+0000] {logging_mixin.py:190} INFO - [2026-07-09T19:10:45.867+0000] {dag.py:4180} INFO - Setting next_dagrun for dag_extract_dvizhenie to 2026-07-09 16:00:00+00:00, run_after=2026-07-09 18:00:00+00:00
[2026-07-09T19:10:45.871+0000] {processor.py:208} INFO - Processing /opt/airflow/dags/dag_extract_dvizhenie.py took 0.030 seconds
[2026-07-09T19:11:16.266+0000] {processor.py:186} INFO - Started process (PID=13498) to work on /opt/airflow/dags/dag_extract_dvizhenie.py
[2026-07-09T19:11:16.266+0000] {processor.py:914} INFO - Processing file /opt/airflow/dags/dag_extract_dvizhenie.py for tasks to queue
[2026-07-09T19:11:16.267+0000] {logging_mixin.py:190} INFO - [2026-07-09T19:11:16.267+0000] {dagbag.py:588} INFO - Filling up the DagBag from /opt/airflow/dags/dag_extract_dvizhenie.py
[2026-07-09T19:11:16.272+0000] {processor.py:925} INFO - DAG(s) 'dag_extract_dvizhenie' retrieved from /opt/airflow/dags/dag_extract_dvizhenie.py
[2026-07-09T19:11:16.282+0000] {logging_mixin.py:190} INFO - [2026-07-09T19:11:16.282+0000] {dag.py:3239} INFO - Sync 1 DAGs
[2026-07-09T19:11:16.289+0000] {logging_mixin.py:190} INFO - [2026-07-09T19:11:16.289+0000] {dag.py:4180} INFO - Setting next_dagrun for dag_extract_dvizhenie to 2026-07-09 16:00:00+00:00, run_after=2026-07-09 18:00:00+00:00
[2026-07-09T19:11:16.294+0000] {processor.py:208} INFO - Processing /opt/airflow/dags/dag_extract_dvizhenie.py took 0.031 seconds
[2026-07-09T19:11:46.736+0000] {processor.py:186} INFO - Started process (PID=13518) to work on /opt/airflow/dags/dag_extract_dvizhenie.py
[2026-07-09T19:11:46.736+0000] {processor.py:914} INFO - Processing file /opt/airflow/dags/dag_extract_dvizhenie.py for tasks to queue
[2026-07-09T19:11:46.737+0000] {logging_mixin.py:190} INFO - [2026-07-09T19:11:46.737+0000] {dagbag.py:588} INFO - Filling up the DagBag from /opt/airflow/dags/dag_extract_dvizhenie.py
[2026-07-09T19:11:46.741+0000] {processor.py:925} INFO - DAG(s) 'dag_extract_dvizhenie' retrieved from /opt/airflow/dags/dag_extract_dvizhenie.py
[2026-07-09T19:11:46.751+0000] {logging_mixin.py:190} INFO - [2026-07-09T19:11:46.751+0000] {dag.py:3239} INFO - Sync 1 DAGs
[2026-07-09T19:11:46.758+0000] {logging_mixin.py:190} INFO - [2026-07-09T19:11:46.758+0000] {dag.py:4180} INFO - Setting next_dagrun for dag_extract_dvizhenie to 2026-07-09 16:00:00+00:00, run_after=2026-07-09 18:00:00+00:00
[2026-07-09T19:11:46.763+0000] {processor.py:208} INFO - Processing /opt/airflow/dags/dag_extract_dvizhenie.py took 0.030 seconds
[2026-07-09T19:12:17.184+0000] {processor.py:186} INFO - Started process (PID=13536) to work on /opt/airflow/dags/dag_extract_dvizhenie.py
[2026-07-09T19:12:17.184+0000] {processor.py:914} INFO - Processing file /opt/airflow/dags/dag_extract_dvizhenie.py for tasks to queue
[2026-07-09T19:12:17.186+0000] {logging_mixin.py:190} INFO - [2026-07-09T19:12:17.186+0000] {dagbag.py:588} INFO - Filling up the DagBag from /opt/airflow/dags/dag_extract_dvizhenie.py
[2026-07-09T19:12:17.192+0000] {processor.py:925} INFO - DAG(s) 'dag_extract_dvizhenie' retrieved from /opt/airflow/dags/dag_extract_dvizhenie.py
[2026-07-09T19:12:17.207+0000] {logging_mixin.py:190} INFO - [2026-07-09T19:12:17.207+0000] {dag.py:3239} INFO - Sync 1 DAGs
[2026-07-09T19:12:17.215+0000] {logging_mixin.py:190} INFO - [2026-07-09T19:12:17.215+0000] {dag.py:4180} INFO - Setting next_dagrun for dag_extract_dvizhenie to 2026-07-09 16:00:00+00:00, run_after=2026-07-09 18:00:00+00:00
[2026-07-09T19:12:17.220+0000] {processor.py:208} INFO - Processing /opt/airflow/dags/dag_extract_dvizhenie.py took 0.039 seconds
[2026-07-09T19:12:47.642+0000] {processor.py:186} INFO - Started process (PID=13558) to work on /opt/airflow/dags/dag_extract_dvizhenie.py
[2026-07-09T19:12:47.642+0000] {processor.py:914} INFO - Processing file /opt/airflow/dags/dag_extract_dvizhenie.py for tasks to queue
[2026-07-09T19:12:47.643+0000] {logging_mixin.py:190} INFO - [2026-07-09T19:12:47.643+0000] {dagbag.py:588} INFO - Filling up the DagBag from /opt/airflow/dags/dag_extract_dvizhenie.py
[2026-07-09T19:12:47.647+0000] {processor.py:925} INFO - DAG(s) 'dag_extract_dvizhenie' retrieved from /opt/airflow/dags/dag_extract_dvizhenie.py
[2026-07-09T19:12:47.657+0000] {logging_mixin.py:190} INFO - [2026-07-09T19:12:47.657+0000] {dag.py:3239} INFO - Sync 1 DAGs
[2026-07-09T19:12:47.665+0000] {logging_mixin.py:190} INFO - [2026-07-09T19:12:47.664+0000] {dag.py:4180} INFO - Setting next_dagrun for dag_extract_dvizhenie to 2026-07-09 16:00:00+00:00, run_after=2026-07-09 18:00:00+00:00
[2026-07-09T19:12:47.669+0000] {processor.py:208} INFO - Processing /opt/airflow/dags/dag_extract_dvizhenie.py took 0.030 seconds
[2026-07-09T19:13:18.093+0000] {processor.py:186} INFO - Started process (PID=13578) to work on /opt/airflow/dags/dag_extract_dvizhenie.py
[2026-07-09T19:13:18.093+0000] {processor.py:914} INFO - Processing file /opt/airflow/dags/dag_extract_dvizhenie.py for tasks to queue
[2026-07-09T19:13:18.094+0000] {logging_mixin.py:190} INFO - [2026-07-09T19:13:18.094+0000] {dagbag.py:588} INFO - Filling up the DagBag from /opt/airflow/dags/dag_extract_dvizhenie.py
[2026-07-09T19:13:18.098+0000] {processor.py:925} INFO - DAG(s) 'dag_extract_dvizhenie' retrieved from /opt/airflow/dags/dag_extract_dvizhenie.py
[2026-07-09T19:13:18.108+0000] {logging_mixin.py:190} INFO - [2026-07-09T19:13:18.108+0000] {dag.py:3239} INFO - Sync 1 DAGs
[2026-07-09T19:13:18.115+0000] {logging_mixin.py:190} INFO - [2026-07-09T19:13:18.115+0000] {dag.py:4180} INFO - Setting next_dagrun for dag_extract_dvizhenie to 2026-07-09 16:00:00+00:00, run_after=2026-07-09 18:00:00+00:00
[2026-07-09T19:13:18.120+0000] {processor.py:208} INFO - Processing /opt/airflow/dags/dag_extract_dvizhenie.py took 0.030 seconds
[2026-07-09T19:13:48.503+0000] {processor.py:186} INFO - Started process (PID=13598) to work on /opt/airflow/dags/dag_extract_dvizhenie.py
[2026-07-09T19:13:48.503+0000] {processor.py:914} INFO - Processing file /opt/airflow/dags/dag_extract_dvizhenie.py for tasks to queue
[2026-07-09T19:13:48.504+0000] {logging_mixin.py:190} INFO - [2026-07-09T19:13:48.504+0000] {dagbag.py:588} INFO - Filling up the DagBag from /opt/airflow/dags/dag_extract_dvizhenie.py
[2026-07-09T19:13:48.509+0000] {processor.py:925} INFO - DAG(s) 'dag_extract_dvizhenie' retrieved from /opt/airflow/dags/dag_extract_dvizhenie.py
[2026-07-09T19:13:48.519+0000] {logging_mixin.py:190} INFO - [2026-07-09T19:13:48.519+0000] {dag.py:3239} INFO - Sync 1 DAGs
[2026-07-09T19:13:48.526+0000] {logging_mixin.py:190} INFO - [2026-07-09T19:13:48.526+0000] {dag.py:4180} INFO - Setting next_dagrun for dag_extract_dvizhenie to 2026-07-09 16:00:00+00:00, run_after=2026-07-09 18:00:00+00:00
[2026-07-09T19:13:48.530+0000] {processor.py:208} INFO - Processing /opt/airflow/dags/dag_extract_dvizhenie.py took 0.030 seconds
[2026-07-09T19:14:18.926+0000] {processor.py:186} INFO - Started process (PID=13618) to work on /opt/airflow/dags/dag_extract_dvizhenie.py
[2026-07-09T19:14:18.927+0000] {processor.py:914} INFO - Processing file /opt/airflow/dags/dag_extract_dvizhenie.py for tasks to queue
[2026-07-09T19:14:18.927+0000] {logging_mixin.py:190} INFO - [2026-07-09T19:14:18.927+0000] {dagbag.py:588} INFO - Filling up the DagBag from /opt/airflow/dags/dag_extract_dvizhenie.py
[2026-07-09T19:14:18.932+0000] {processor.py:925} INFO - DAG(s) 'dag_extract_dvizhenie' retrieved from /opt/airflow/dags/dag_extract_dvizhenie.py
[2026-07-09T19:14:18.941+0000] {logging_mixin.py:190} INFO - [2026-07-09T19:14:18.941+0000] {dag.py:3239} INFO - Sync 1 DAGs
[2026-07-09T19:14:18.949+0000] {logging_mixin.py:190} INFO - [2026-07-09T19:14:18.949+0000] {dag.py:4180} INFO - Setting next_dagrun for dag_extract_dvizhenie to 2026-07-09 16:00:00+00:00, run_after=2026-07-09 18:00:00+00:00
[2026-07-09T19:14:18.954+0000] {processor.py:208} INFO - Processing /opt/airflow/dags/dag_extract_dvizhenie.py took 0.030 seconds
[2026-07-09T19:14:49.382+0000] {processor.py:186} INFO - Started process (PID=13638) to work on /opt/airflow/dags/dag_extract_dvizhenie.py
[2026-07-09T19:14:49.382+0000] {processor.py:914} INFO - Processing file /opt/airflow/dags/dag_extract_dvizhenie.py for tasks to queue
[2026-07-09T19:14:49.385+0000] {logging_mixin.py:190} INFO - [2026-07-09T19:14:49.385+0000] {dagbag.py:588} INFO - Filling up the DagBag from /opt/airflow/dags/dag_extract_dvizhenie.py
[2026-07-09T19:14:49.393+0000] {processor.py:925} INFO - DAG(s) 'dag_extract_dvizhenie' retrieved from /opt/airflow/dags/dag_extract_dvizhenie.py
[2026-07-09T19:14:49.403+0000] {logging_mixin.py:190} INFO - [2026-07-09T19:14:49.403+0000] {dag.py:3239} INFO - Sync 1 DAGs
[2026-07-09T19:14:49.410+0000] {logging_mixin.py:190} INFO - [2026-07-09T19:14:49.410+0000] {dag.py:4180} INFO - Setting next_dagrun for dag_extract_dvizhenie to 2026-07-09 16:00:00+00:00, run_after=2026-07-09 18:00:00+00:00
[2026-07-09T19:14:49.415+0000] {processor.py:208} INFO - Processing /opt/airflow/dags/dag_extract_dvizhenie.py took 0.036 seconds
[2026-07-09T19:15:19.839+0000] {processor.py:186} INFO - Started process (PID=13658) to work on /opt/airflow/dags/dag_extract_dvizhenie.py
[2026-07-09T19:15:19.839+0000] {processor.py:914} INFO - Processing file /opt/airflow/dags/dag_extract_dvizhenie.py for tasks to queue
[2026-07-09T19:15:19.840+0000] {logging_mixin.py:190} INFO - [2026-07-09T19:15:19.840+0000] {dagbag.py:588} INFO - Filling up the DagBag from /opt/airflow/dags/dag_extract_dvizhenie.py
[2026-07-09T19:15:19.845+0000] {processor.py:925} INFO - DAG(s) 'dag_extract_dvizhenie' retrieved from /opt/airflow/dags/dag_extract_dvizhenie.py
[2026-07-09T19:15:19.855+0000] {logging_mixin.py:190} INFO - [2026-07-09T19:15:19.855+0000] {dag.py:3239} INFO - Sync 1 DAGs
[2026-07-09T19:15:19.862+0000] {logging_mixin.py:190} INFO - [2026-07-09T19:15:19.862+0000] {dag.py:4180} INFO - Setting next_dagrun for dag_extract_dvizhenie to 2026-07-09 16:00:00+00:00, run_after=2026-07-09 18:00:00+00:00
[2026-07-09T19:15:19.866+0000] {processor.py:208} INFO - Processing /opt/airflow/dags/dag_extract_dvizhenie.py took 0.030 seconds
[2026-07-09T19:15:50.281+0000] {processor.py:186} INFO - Started process (PID=13678) to work on /opt/airflow/dags/dag_extract_dvizhenie.py
[2026-07-09T19:15:50.281+0000] {processor.py:914} INFO - Processing file /opt/airflow/dags/dag_extract_dvizhenie.py for tasks to queue
[2026-07-09T19:15:50.282+0000] {logging_mixin.py:190} INFO - [2026-07-09T19:15:50.282+0000] {dagbag.py:588} INFO - Filling up the DagBag from /opt/airflow/dags/dag_extract_dvizhenie.py
[2026-07-09T19:15:50.287+0000] {processor.py:925} INFO - DAG(s) 'dag_extract_dvizhenie' retrieved from /opt/airflow/dags/dag_extract_dvizhenie.py
[2026-07-09T19:15:50.300+0000] {logging_mixin.py:190} INFO - [2026-07-09T19:15:50.300+0000] {dag.py:3239} INFO - Sync 1 DAGs
[2026-07-09T19:15:50.311+0000] {logging_mixin.py:190} INFO - [2026-07-09T19:15:50.311+0000] {dag.py:4180} INFO - Setting next_dagrun for dag_extract_dvizhenie to 2026-07-09 16:00:00+00:00, run_after=2026-07-09 18:00:00+00:00
[2026-07-09T19:15:50.317+0000] {processor.py:208} INFO - Processing /opt/airflow/dags/dag_extract_dvizhenie.py took 0.039 seconds
[2026-07-09T19:16:20.758+0000] {processor.py:186} INFO - Started process (PID=13698) to work on /opt/airflow/dags/dag_extract_dvizhenie.py
[2026-07-09T19:16:20.758+0000] {processor.py:914} INFO - Processing file /opt/airflow/dags/dag_extract_dvizhenie.py for tasks to queue
[2026-07-09T19:16:20.759+0000] {logging_mixin.py:190} INFO - [2026-07-09T19:16:20.759+0000] {dagbag.py:588} INFO - Filling up the DagBag from /opt/airflow/dags/dag_extract_dvizhenie.py
[2026-07-09T19:16:20.763+0000] {processor.py:925} INFO - DAG(s) 'dag_extract_dvizhenie' retrieved from /opt/airflow/dags/dag_extract_dvizhenie.py
[2026-07-09T19:16:20.775+0000] {logging_mixin.py:190} INFO - [2026-07-09T19:16:20.775+0000] {dag.py:3239} INFO - Sync 1 DAGs
[2026-07-09T19:16:20.783+0000] {logging_mixin.py:190} INFO - [2026-07-09T19:16:20.783+0000] {dag.py:4180} INFO - Setting next_dagrun for dag_extract_dvizhenie to 2026-07-09 16:00:00+00:00, run_after=2026-07-09 18:00:00+00:00
[2026-07-09T19:16:20.788+0000] {processor.py:208} INFO - Processing /opt/airflow/dags/dag_extract_dvizhenie.py took 0.033 seconds
[2026-07-09T19:16:51.227+0000] {processor.py:186} INFO - Started process (PID=13718) to work on /opt/airflow/dags/dag_extract_dvizhenie.py
[2026-07-09T19:16:51.228+0000] {processor.py:914} INFO - Processing file /opt/airflow/dags/dag_extract_dvizhenie.py for tasks to queue
[2026-07-09T19:16:51.230+0000] {logging_mixin.py:190} INFO - [2026-07-09T19:16:51.230+0000] {dagbag.py:588} INFO - Filling up the DagBag from /opt/airflow/dags/dag_extract_dvizhenie.py
[2026-07-09T19:16:51.235+0000] {processor.py:925} INFO - DAG(s) 'dag_extract_dvizhenie' retrieved from /opt/airflow/dags/dag_extract_dvizhenie.py
[2026-07-09T19:16:51.249+0000] {logging_mixin.py:190} INFO - [2026-07-09T19:16:51.248+0000] {dag.py:3239} INFO - Sync 1 DAGs
[2026-07-09T19:16:51.257+0000] {logging_mixin.py:190} INFO - [2026-07-09T19:16:51.257+0000] {dag.py:4180} INFO - Setting next_dagrun for dag_extract_dvizhenie to 2026-07-09 16:00:00+00:00, run_after=2026-07-09 18:00:00+00:00
[2026-07-09T19:16:51.265+0000] {processor.py:208} INFO - Processing /opt/airflow/dags/dag_extract_dvizhenie.py took 0.040 seconds
[2026-07-09T19:17:21.681+0000] {processor.py:186} INFO - Started process (PID=13738) to work on /opt/airflow/dags/dag_extract_dvizhenie.py
[2026-07-09T19:17:21.681+0000] {processor.py:914} INFO - Processing file /opt/airflow/dags/dag_extract_dvizhenie.py for tasks to queue
[2026-07-09T19:17:21.682+0000] {logging_mixin.py:190} INFO - [2026-07-09T19:17:21.682+0000] {dagbag.py:588} INFO - Filling up the DagBag from /opt/airflow/dags/dag_extract_dvizhenie.py
[2026-07-09T19:17:21.686+0000] {processor.py:925} INFO - DAG(s) 'dag_extract_dvizhenie' retrieved from /opt/airflow/dags/dag_extract_dvizhenie.py
[2026-07-09T19:17:21.696+0000] {logging_mixin.py:190} INFO - [2026-07-09T19:17:21.696+0000] {dag.py:3239} INFO - Sync 1 DAGs
[2026-07-09T19:17:21.703+0000] {logging_mixin.py:190} INFO - [2026-07-09T19:17:21.703+0000] {dag.py:4180} INFO - Setting next_dagrun for dag_extract_dvizhenie to 2026-07-09 16:00:00+00:00, run_after=2026-07-09 18:00:00+00:00
[2026-07-09T19:17:21.708+0000] {processor.py:208} INFO - Processing /opt/airflow/dags/dag_extract_dvizhenie.py took 0.030 seconds
[2026-07-09T19:17:52.130+0000] {processor.py:186} INFO - Started process (PID=13756) to work on /opt/airflow/dags/dag_extract_dvizhenie.py
[2026-07-09T19:17:52.130+0000] {processor.py:914} INFO - Processing file /opt/airflow/dags/dag_extract_dvizhenie.py for tasks to queue
[2026-07-09T19:17:52.132+0000] {logging_mixin.py:190} INFO - [2026-07-09T19:17:52.132+0000] {dagbag.py:588} INFO - Filling up the DagBag from /opt/airflow/dags/dag_extract_dvizhenie.py
[2026-07-09T19:17:52.138+0000] {processor.py:925} INFO - DAG(s) 'dag_extract_dvizhenie' retrieved from /opt/airflow/dags/dag_extract_dvizhenie.py
[2026-07-09T19:17:52.153+0000] {logging_mixin.py:190} INFO - [2026-07-09T19:17:52.153+0000] {dag.py:3239} INFO - Sync 1 DAGs
[2026-07-09T19:17:52.161+0000] {logging_mixin.py:190} INFO - [2026-07-09T19:17:52.161+0000] {dag.py:4180} INFO - Setting next_dagrun for dag_extract_dvizhenie to 2026-07-09 16:00:00+00:00, run_after=2026-07-09 18:00:00+00:00
[2026-07-09T19:17:52.168+0000] {processor.py:208} INFO - Processing /opt/airflow/dags/dag_extract_dvizhenie.py took 0.041 seconds
[2026-07-09T19:18:22.608+0000] {processor.py:186} INFO - Started process (PID=13778) to work on /opt/airflow/dags/dag_extract_dvizhenie.py
[2026-07-09T19:18:22.608+0000] {processor.py:914} INFO - Processing file /opt/airflow/dags/dag_extract_dvizhenie.py for tasks to queue
[2026-07-09T19:18:22.609+0000] {logging_mixin.py:190} INFO - [2026-07-09T19:18:22.609+0000] {dagbag.py:588} INFO - Filling up the DagBag from /opt/airflow/dags/dag_extract_dvizhenie.py
[2026-07-09T19:18:22.613+0000] {processor.py:925} INFO - DAG(s) 'dag_extract_dvizhenie' retrieved from /opt/airflow/dags/dag_extract_dvizhenie.py
[2026-07-09T19:18:22.623+0000] {logging_mixin.py:190} INFO - [2026-07-09T19:18:22.623+0000] {dag.py:3239} INFO - Sync 1 DAGs
[2026-07-09T19:18:22.630+0000] {logging_mixin.py:190} INFO - [2026-07-09T19:18:22.630+0000] {dag.py:4180} INFO - Setting next_dagrun for dag_extract_dvizhenie to 2026-07-09 16:00:00+00:00, run_after=2026-07-09 18:00:00+00:00
[2026-07-09T19:18:22.635+0000] {processor.py:208} INFO - Processing /opt/airflow/dags/dag_extract_dvizhenie.py took 0.029 seconds
[2026-07-09T19:18:53.046+0000] {processor.py:186} INFO - Started process (PID=13798) to work on /opt/airflow/dags/dag_extract_dvizhenie.py
[2026-07-09T19:18:53.047+0000] {processor.py:914} INFO - Processing file /opt/airflow/dags/dag_extract_dvizhenie.py for tasks to queue
[2026-07-09T19:18:53.048+0000] {logging_mixin.py:190} INFO - [2026-07-09T19:18:53.048+0000] {dagbag.py:588} INFO - Filling up the DagBag from /opt/airflow/dags/dag_extract_dvizhenie.py
[2026-07-09T19:18:53.053+0000] {processor.py:925} INFO - DAG(s) 'dag_extract_dvizhenie' retrieved from /opt/airflow/dags/dag_extract_dvizhenie.py
[2026-07-09T19:18:53.068+0000] {logging_mixin.py:190} INFO - [2026-07-09T19:18:53.068+0000] {dag.py:3239} INFO - Sync 1 DAGs
[2026-07-09T19:18:53.078+0000] {logging_mixin.py:190} INFO - [2026-07-09T19:18:53.078+0000] {dag.py:4180} INFO - Setting next_dagrun for dag_extract_dvizhenie to 2026-07-09 16:00:00+00:00, run_after=2026-07-09 18:00:00+00:00
[2026-07-09T19:18:53.085+0000] {processor.py:208} INFO - Processing /opt/airflow/dags/dag_extract_dvizhenie.py took 0.042 seconds
[2026-07-09T19:19:23.503+0000] {processor.py:186} INFO - Started process (PID=13818) to work on /opt/airflow/dags/dag_extract_dvizhenie.py
[2026-07-09T19:19:23.503+0000] {processor.py:914} INFO - Processing file /opt/airflow/dags/dag_extract_dvizhenie.py for tasks to queue
[2026-07-09T19:19:23.504+0000] {logging_mixin.py:190} INFO - [2026-07-09T19:19:23.504+0000] {dagbag.py:588} INFO - Filling up the DagBag from /opt/airflow/dags/dag_extract_dvizhenie.py
[2026-07-09T19:19:23.508+0000] {processor.py:925} INFO - DAG(s) 'dag_extract_dvizhenie' retrieved from /opt/airflow/dags/dag_extract_dvizhenie.py
[2026-07-09T19:19:23.518+0000] {logging_mixin.py:190} INFO - [2026-07-09T19:19:23.518+0000] {dag.py:3239} INFO - Sync 1 DAGs
[2026-07-09T19:19:23.525+0000] {logging_mixin.py:190} INFO - [2026-07-09T19:19:23.525+0000] {dag.py:4180} INFO - Setting next_dagrun for dag_extract_dvizhenie to 2026-07-09 16:00:00+00:00, run_after=2026-07-09 18:00:00+00:00
[2026-07-09T19:19:23.531+0000] {processor.py:208} INFO - Processing /opt/airflow/dags/dag_extract_dvizhenie.py took 0.031 seconds
[2026-07-09T19:19:53.955+0000] {processor.py:186} INFO - Started process (PID=13838) to work on /opt/airflow/dags/dag_extract_dvizhenie.py
[2026-07-09T19:19:53.956+0000] {processor.py:914} INFO - Processing file /opt/airflow/dags/dag_extract_dvizhenie.py for tasks to queue
[2026-07-09T19:19:53.957+0000] {logging_mixin.py:190} INFO - [2026-07-09T19:19:53.957+0000] {dagbag.py:588} INFO - Filling up the DagBag from /opt/airflow/dags/dag_extract_dvizhenie.py
[2026-07-09T19:19:53.963+0000] {processor.py:925} INFO - DAG(s) 'dag_extract_dvizhenie' retrieved from /opt/airflow/dags/dag_extract_dvizhenie.py
[2026-07-09T19:19:53.975+0000] {logging_mixin.py:190} INFO - [2026-07-09T19:19:53.975+0000] {dag.py:3239} INFO - Sync 1 DAGs
[2026-07-09T19:19:53.982+0000] {logging_mixin.py:190} INFO - [2026-07-09T19:19:53.982+0000] {dag.py:4180} INFO - Setting next_dagrun for dag_extract_dvizhenie to 2026-07-09 16:00:00+00:00, run_after=2026-07-09 18:00:00+00:00
[2026-07-09T19:19:53.988+0000] {processor.py:208} INFO - Processing /opt/airflow/dags/dag_extract_dvizhenie.py took 0.036 seconds
[2026-07-09T19:20:24.397+0000] {processor.py:186} INFO - Started process (PID=13858) to work on /opt/airflow/dags/dag_extract_dvizhenie.py
[2026-07-09T19:20:24.397+0000] {processor.py:914} INFO - Processing file /opt/airflow/dags/dag_extract_dvizhenie.py for tasks to queue
[2026-07-09T19:20:24.398+0000] {logging_mixin.py:190} INFO - [2026-07-09T19:20:24.398+0000] {dagbag.py:588} INFO - Filling up the DagBag from /opt/airflow/dags/dag_extract_dvizhenie.py
[2026-07-09T19:20:24.402+0000] {processor.py:925} INFO - DAG(s) 'dag_extract_dvizhenie' retrieved from /opt/airflow/dags/dag_extract_dvizhenie.py
[2026-07-09T19:20:24.413+0000] {logging_mixin.py:190} INFO - [2026-07-09T19:20:24.413+0000] {dag.py:3239} INFO - Sync 1 DAGs
[2026-07-09T19:20:24.420+0000] {logging_mixin.py:190} INFO - [2026-07-09T19:20:24.420+0000] {dag.py:4180} INFO - Setting next_dagrun for dag_extract_dvizhenie to 2026-07-09 16:00:00+00:00, run_after=2026-07-09 18:00:00+00:00
[2026-07-09T19:20:24.425+0000] {processor.py:208} INFO - Processing /opt/airflow/dags/dag_extract_dvizhenie.py took 0.031 seconds
[2026-07-09T19:20:54.867+0000] {processor.py:186} INFO - Started process (PID=13878) to work on /opt/airflow/dags/dag_extract_dvizhenie.py
[2026-07-09T19:20:54.868+0000] {processor.py:914} INFO - Processing file /opt/airflow/dags/dag_extract_dvizhenie.py for tasks to queue
[2026-07-09T19:20:54.869+0000] {logging_mixin.py:190} INFO - [2026-07-09T19:20:54.868+0000] {dagbag.py:588} INFO - Filling up the DagBag from /opt/airflow/dags/dag_extract_dvizhenie.py
[2026-07-09T19:20:54.873+0000] {processor.py:925} INFO - DAG(s) 'dag_extract_dvizhenie' retrieved from /opt/airflow/dags/dag_extract_dvizhenie.py
[2026-07-09T19:20:54.882+0000] {logging_mixin.py:190} INFO - [2026-07-09T19:20:54.882+0000] {dag.py:3239} INFO - Sync 1 DAGs
[2026-07-09T19:20:54.890+0000] {logging_mixin.py:190} INFO - [2026-07-09T19:20:54.889+0000] {dag.py:4180} INFO - Setting next_dagrun for dag_extract_dvizhenie to 2026-07-09 16:00:00+00:00, run_after=2026-07-09 18:00:00+00:00
[2026-07-09T19:20:54.895+0000] {processor.py:208} INFO - Processing /opt/airflow/dags/dag_extract_dvizhenie.py took 0.030 seconds
[2026-07-09T19:21:25.363+0000] {processor.py:186} INFO - Started process (PID=13898) to work on /opt/airflow/dags/dag_extract_dvizhenie.py
[2026-07-09T19:21:25.364+0000] {processor.py:914} INFO - Processing file /opt/airflow/dags/dag_extract_dvizhenie.py for tasks to queue
[2026-07-09T19:21:25.365+0000] {logging_mixin.py:190} INFO - [2026-07-09T19:21:25.365+0000] {dagbag.py:588} INFO - Filling up the DagBag from /opt/airflow/dags/dag_extract_dvizhenie.py
[2026-07-09T19:21:25.371+0000] {processor.py:925} INFO - DAG(s) 'dag_extract_dvizhenie' retrieved from /opt/airflow/dags/dag_extract_dvizhenie.py
[2026-07-09T19:21:25.385+0000] {logging_mixin.py:190} INFO - [2026-07-09T19:21:25.385+0000] {dag.py:3239} INFO - Sync 1 DAGs
[2026-07-09T19:21:25.394+0000] {logging_mixin.py:190} INFO - [2026-07-09T19:21:25.394+0000] {dag.py:4180} INFO - Setting next_dagrun for dag_extract_dvizhenie to 2026-07-09 16:00:00+00:00, run_after=2026-07-09 18:00:00+00:00
[2026-07-09T19:21:25.400+0000] {processor.py:208} INFO - Processing /opt/airflow/dags/dag_extract_dvizhenie.py took 0.041 seconds
[2026-07-09T19:21:55.882+0000] {processor.py:186} INFO - Started process (PID=13918) to work on /opt/airflow/dags/dag_extract_dvizhenie.py
[2026-07-09T19:21:55.883+0000] {processor.py:914} INFO - Processing file /opt/airflow/dags/dag_extract_dvizhenie.py for tasks to queue
[2026-07-09T19:21:55.885+0000] {logging_mixin.py:190} INFO - [2026-07-09T19:21:55.885+0000] {dagbag.py:588} INFO - Filling up the DagBag from /opt/airflow/dags/dag_extract_dvizhenie.py
[2026-07-09T19:21:55.892+0000] {processor.py:925} INFO - DAG(s) 'dag_extract_dvizhenie' retrieved from /opt/airflow/dags/dag_extract_dvizhenie.py
[2026-07-09T19:21:55.907+0000] {logging_mixin.py:190} INFO - [2026-07-09T19:21:55.907+0000] {dag.py:3239} INFO - Sync 1 DAGs
[2026-07-09T19:21:55.919+0000] {logging_mixin.py:190} INFO - [2026-07-09T19:21:55.918+0000] {dag.py:4180} INFO - Setting next_dagrun for dag_extract_dvizhenie to 2026-07-09 16:00:00+00:00, run_after=2026-07-09 18:00:00+00:00
[2026-07-09T19:21:55.926+0000] {processor.py:208} INFO - Processing /opt/airflow/dags/dag_extract_dvizhenie.py took 0.048 seconds
[2026-07-09T19:22:26.494+0000] {processor.py:186} INFO - Started process (PID=13938) to work on /opt/airflow/dags/dag_extract_dvizhenie.py
[2026-07-09T19:22:26.494+0000] {processor.py:914} INFO - Processing file /opt/airflow/dags/dag_extract_dvizhenie.py for tasks to queue
[2026-07-09T19:22:26.495+0000] {logging_mixin.py:190} INFO - [2026-07-09T19:22:26.495+0000] {dagbag.py:588} INFO - Filling up the DagBag from /opt/airflow/dags/dag_extract_dvizhenie.py
[2026-07-09T19:22:26.502+0000] {processor.py:925} INFO - DAG(s) 'dag_extract_dvizhenie' retrieved from /opt/airflow/dags/dag_extract_dvizhenie.py
[2026-07-09T19:22:26.518+0000] {logging_mixin.py:190} INFO - [2026-07-09T19:22:26.518+0000] {dag.py:3239} INFO - Sync 1 DAGs
[2026-07-09T19:22:26.528+0000] {logging_mixin.py:190} INFO - [2026-07-09T19:22:26.528+0000] {dag.py:4180} INFO - Setting next_dagrun for dag_extract_dvizhenie to 2026-07-09 16:00:00+00:00, run_after=2026-07-09 18:00:00+00:00
[2026-07-09T19:22:26.543+0000] {processor.py:208} INFO - Processing /opt/airflow/dags/dag_extract_dvizhenie.py took 0.052 seconds
[2026-07-09T19:22:57.051+0000] {processor.py:186} INFO - Started process (PID=13958) to work on /opt/airflow/dags/dag_extract_dvizhenie.py
[2026-07-09T19:22:57.052+0000] {processor.py:914} INFO - Processing file /opt/airflow/dags/dag_extract_dvizhenie.py for tasks to queue
[2026-07-09T19:22:57.053+0000] {logging_mixin.py:190} INFO - [2026-07-09T19:22:57.052+0000] {dagbag.py:588} INFO - Filling up the DagBag from /opt/airflow/dags/dag_extract_dvizhenie.py
[2026-07-09T19:22:57.057+0000] {processor.py:925} INFO - DAG(s) 'dag_extract_dvizhenie' retrieved from /opt/airflow/dags/dag_extract_dvizhenie.py
[2026-07-09T19:22:57.070+0000] {logging_mixin.py:190} INFO - [2026-07-09T19:22:57.069+0000] {dag.py:3239} INFO - Sync 1 DAGs
[2026-07-09T19:22:57.077+0000] {logging_mixin.py:190} INFO - [2026-07-09T19:22:57.077+0000] {dag.py:4180} INFO - Setting next_dagrun for dag_extract_dvizhenie to 2026-07-09 16:00:00+00:00, run_after=2026-07-09 18:00:00+00:00
[2026-07-09T19:22:57.082+0000] {processor.py:208} INFO - Processing /opt/airflow/dags/dag_extract_dvizhenie.py took 0.034 seconds
[2026-07-09T19:23:27.466+0000] {processor.py:186} INFO - Started process (PID=13978) to work on /opt/airflow/dags/dag_extract_dvizhenie.py
[2026-07-09T19:23:27.466+0000] {processor.py:914} INFO - Processing file /opt/airflow/dags/dag_extract_dvizhenie.py for tasks to queue
[2026-07-09T19:23:27.467+0000] {logging_mixin.py:190} INFO - [2026-07-09T19:23:27.467+0000] {dagbag.py:588} INFO - Filling up the DagBag from /opt/airflow/dags/dag_extract_dvizhenie.py
[2026-07-09T19:23:27.473+0000] {processor.py:925} INFO - DAG(s) 'dag_extract_dvizhenie' retrieved from /opt/airflow/dags/dag_extract_dvizhenie.py
[2026-07-09T19:23:27.484+0000] {logging_mixin.py:190} INFO - [2026-07-09T19:23:27.484+0000] {dag.py:3239} INFO - Sync 1 DAGs
[2026-07-09T19:23:27.493+0000] {logging_mixin.py:190} INFO - [2026-07-09T19:23:27.493+0000] {dag.py:4180} INFO - Setting next_dagrun for dag_extract_dvizhenie to 2026-07-09 16:00:00+00:00, run_after=2026-07-09 18:00:00+00:00
[2026-07-09T19:23:27.499+0000] {processor.py:208} INFO - Processing /opt/airflow/dags/dag_extract_dvizhenie.py took 0.038 seconds
[2026-07-09T19:23:57.892+0000] {processor.py:186} INFO - Started process (PID=13998) to work on /opt/airflow/dags/dag_extract_dvizhenie.py
[2026-07-09T19:23:57.893+0000] {processor.py:914} INFO - Processing file /opt/airflow/dags/dag_extract_dvizhenie.py for tasks to queue
[2026-07-09T19:23:57.894+0000] {logging_mixin.py:190} INFO - [2026-07-09T19:23:57.894+0000] {dagbag.py:588} INFO - Filling up the DagBag from /opt/airflow/dags/dag_extract_dvizhenie.py
[2026-07-09T19:23:57.900+0000] {processor.py:925} INFO - DAG(s) 'dag_extract_dvizhenie' retrieved from /opt/airflow/dags/dag_extract_dvizhenie.py
[2026-07-09T19:23:57.914+0000] {logging_mixin.py:190} INFO - [2026-07-09T19:23:57.914+0000] {dag.py:3239} INFO - Sync 1 DAGs
[2026-07-09T19:23:57.924+0000] {logging_mixin.py:190} INFO - [2026-07-09T19:23:57.923+0000] {dag.py:4180} INFO - Setting next_dagrun for dag_extract_dvizhenie to 2026-07-09 16:00:00+00:00, run_after=2026-07-09 18:00:00+00:00
[2026-07-09T19:23:57.931+0000] {processor.py:208} INFO - Processing /opt/airflow/dags/dag_extract_dvizhenie.py took 0.043 seconds
[2026-07-09T19:24:28.433+0000] {processor.py:186} INFO - Started process (PID=14018) to work on /opt/airflow/dags/dag_extract_dvizhenie.py
[2026-07-09T19:24:28.434+0000] {processor.py:914} INFO - Processing file /opt/airflow/dags/dag_extract_dvizhenie.py for tasks to queue
[2026-07-09T19:24:28.435+0000] {logging_mixin.py:190} INFO - [2026-07-09T19:24:28.435+0000] {dagbag.py:588} INFO - Filling up the DagBag from /opt/airflow/dags/dag_extract_dvizhenie.py
[2026-07-09T19:24:28.441+0000] {processor.py:925} INFO - DAG(s) 'dag_extract_dvizhenie' retrieved from /opt/airflow/dags/dag_extract_dvizhenie.py
[2026-07-09T19:24:28.454+0000] {logging_mixin.py:190} INFO - [2026-07-09T19:24:28.453+0000] {dag.py:3239} INFO - Sync 1 DAGs
[2026-07-09T19:24:28.462+0000] {logging_mixin.py:190} INFO - [2026-07-09T19:24:28.462+0000] {dag.py:4180} INFO - Setting next_dagrun for dag_extract_dvizhenie to 2026-07-09 16:00:00+00:00, run_after=2026-07-09 18:00:00+00:00
[2026-07-09T19:24:28.468+0000] {processor.py:208} INFO - Processing /opt/airflow/dags/dag_extract_dvizhenie.py took 0.040 seconds
[2026-07-09T19:24:59.098+0000] {processor.py:186} INFO - Started process (PID=14038) to work on /opt/airflow/dags/dag_extract_dvizhenie.py
[2026-07-09T19:24:59.098+0000] {processor.py:914} INFO - Processing file /opt/airflow/dags/dag_extract_dvizhenie.py for tasks to queue
[2026-07-09T19:24:59.099+0000] {logging_mixin.py:190} INFO - [2026-07-09T19:24:59.099+0000] {dagbag.py:588} INFO - Filling up the DagBag from /opt/airflow/dags/dag_extract_dvizhenie.py
[2026-07-09T19:24:59.105+0000] {processor.py:925} INFO - DAG(s) 'dag_extract_dvizhenie' retrieved from /opt/airflow/dags/dag_extract_dvizhenie.py
[2026-07-09T19:24:59.118+0000] {logging_mixin.py:190} INFO - [2026-07-09T19:24:59.118+0000] {dag.py:3239} INFO - Sync 1 DAGs
[2026-07-09T19:24:59.127+0000] {logging_mixin.py:190} INFO - [2026-07-09T19:24:59.127+0000] {dag.py:4180} INFO - Setting next_dagrun for dag_extract_dvizhenie to 2026-07-09 16:00:00+00:00, run_after=2026-07-09 18:00:00+00:00
[2026-07-09T19:24:59.133+0000] {processor.py:208} INFO - Processing /opt/airflow/dags/dag_extract_dvizhenie.py took 0.039 seconds
[2026-07-09T19:25:29.528+0000] {processor.py:186} INFO - Started process (PID=14058) to work on /opt/airflow/dags/dag_extract_dvizhenie.py
[2026-07-09T19:25:29.529+0000] {processor.py:914} INFO - Processing file /opt/airflow/dags/dag_extract_dvizhenie.py for tasks to queue
[2026-07-09T19:25:29.530+0000] {logging_mixin.py:190} INFO - [2026-07-09T19:25:29.530+0000] {dagbag.py:588} INFO - Filling up the DagBag from /opt/airflow/dags/dag_extract_dvizhenie.py
[2026-07-09T19:25:29.536+0000] {processor.py:925} INFO - DAG(s) 'dag_extract_dvizhenie' retrieved from /opt/airflow/dags/dag_extract_dvizhenie.py
[2026-07-09T19:25:29.550+0000] {logging_mixin.py:190} INFO - [2026-07-09T19:25:29.549+0000] {dag.py:3239} INFO - Sync 1 DAGs
[2026-07-09T19:25:29.559+0000] {logging_mixin.py:190} INFO - [2026-07-09T19:25:29.559+0000] {dag.py:4180} INFO - Setting next_dagrun for dag_extract_dvizhenie to 2026-07-09 16:00:00+00:00, run_after=2026-07-09 18:00:00+00:00
[2026-07-09T19:25:29.566+0000] {processor.py:208} INFO - Processing /opt/airflow/dags/dag_extract_dvizhenie.py took 0.042 seconds
[2026-07-09T19:26:00.163+0000] {processor.py:186} INFO - Started process (PID=14078) to work on /opt/airflow/dags/dag_extract_dvizhenie.py
[2026-07-09T19:26:00.163+0000] {processor.py:914} INFO - Processing file /opt/airflow/dags/dag_extract_dvizhenie.py for tasks to queue
[2026-07-09T19:26:00.165+0000] {logging_mixin.py:190} INFO - [2026-07-09T19:26:00.164+0000] {dagbag.py:588} INFO - Filling up the DagBag from /opt/airflow/dags/dag_extract_dvizhenie.py
[2026-07-09T19:26:00.171+0000] {processor.py:925} INFO - DAG(s) 'dag_extract_dvizhenie' retrieved from /opt/airflow/dags/dag_extract_dvizhenie.py
[2026-07-09T19:26:00.190+0000] {logging_mixin.py:190} INFO - [2026-07-09T19:26:00.190+0000] {dag.py:3239} INFO - Sync 1 DAGs
[2026-07-09T19:26:00.203+0000] {logging_mixin.py:190} INFO - [2026-07-09T19:26:00.203+0000] {dag.py:4180} INFO - Setting next_dagrun for dag_extract_dvizhenie to 2026-07-09 16:00:00+00:00, run_after=2026-07-09 18:00:00+00:00
[2026-07-09T19:26:00.215+0000] {processor.py:208} INFO - Processing /opt/airflow/dags/dag_extract_dvizhenie.py took 0.057 seconds
[2026-07-09T19:26:30.569+0000] {processor.py:186} INFO - Started process (PID=14098) to work on /opt/airflow/dags/dag_extract_dvizhenie.py
[2026-07-09T19:26:30.569+0000] {processor.py:914} INFO - Processing file /opt/airflow/dags/dag_extract_dvizhenie.py for tasks to queue
[2026-07-09T19:26:30.570+0000] {logging_mixin.py:190} INFO - [2026-07-09T19:26:30.570+0000] {dagbag.py:588} INFO - Filling up the DagBag from /opt/airflow/dags/dag_extract_dvizhenie.py
[2026-07-09T19:26:30.575+0000] {processor.py:925} INFO - DAG(s) 'dag_extract_dvizhenie' retrieved from /opt/airflow/dags/dag_extract_dvizhenie.py
[2026-07-09T19:26:30.585+0000] {logging_mixin.py:190} INFO - [2026-07-09T19:26:30.585+0000] {dag.py:3239} INFO - Sync 1 DAGs
[2026-07-09T19:26:30.593+0000] {logging_mixin.py:190} INFO - [2026-07-09T19:26:30.593+0000] {dag.py:4180} INFO - Setting next_dagrun for dag_extract_dvizhenie to 2026-07-09 16:00:00+00:00, run_after=2026-07-09 18:00:00+00:00
[2026-07-09T19:26:30.597+0000] {processor.py:208} INFO - Processing /opt/airflow/dags/dag_extract_dvizhenie.py took 0.032 seconds
[2026-07-09T19:27:00.992+0000] {processor.py:186} INFO - Started process (PID=14118) to work on /opt/airflow/dags/dag_extract_dvizhenie.py
[2026-07-09T19:27:00.992+0000] {processor.py:914} INFO - Processing file /opt/airflow/dags/dag_extract_dvizhenie.py for tasks to queue
[2026-07-09T19:27:00.994+0000] {logging_mixin.py:190} INFO - [2026-07-09T19:27:00.994+0000] {dagbag.py:588} INFO - Filling up the DagBag from /opt/airflow/dags/dag_extract_dvizhenie.py
[2026-07-09T19:27:00.999+0000] {processor.py:925} INFO - DAG(s) 'dag_extract_dvizhenie' retrieved from /opt/airflow/dags/dag_extract_dvizhenie.py
[2026-07-09T19:27:01.014+0000] {logging_mixin.py:190} INFO - [2026-07-09T19:27:01.014+0000] {dag.py:3239} INFO - Sync 1 DAGs
[2026-07-09T19:27:01.022+0000] {logging_mixin.py:190} INFO - [2026-07-09T19:27:01.022+0000] {dag.py:4180} INFO - Setting next_dagrun for dag_extract_dvizhenie to 2026-07-09 16:00:00+00:00, run_after=2026-07-09 18:00:00+00:00
[2026-07-09T19:27:01.029+0000] {processor.py:208} INFO - Processing /opt/airflow/dags/dag_extract_dvizhenie.py took 0.040 seconds
[2026-07-09T19:27:31.429+0000] {processor.py:186} INFO - Started process (PID=14138) to work on /opt/airflow/dags/dag_extract_dvizhenie.py
[2026-07-09T19:27:31.429+0000] {processor.py:914} INFO - Processing file /opt/airflow/dags/dag_extract_dvizhenie.py for tasks to queue
[2026-07-09T19:27:31.430+0000] {logging_mixin.py:190} INFO - [2026-07-09T19:27:31.430+0000] {dagbag.py:588} INFO - Filling up the DagBag from /opt/airflow/dags/dag_extract_dvizhenie.py
[2026-07-09T19:27:31.436+0000] {processor.py:925} INFO - DAG(s) 'dag_extract_dvizhenie' retrieved from /opt/airflow/dags/dag_extract_dvizhenie.py
[2026-07-09T19:27:31.448+0000] {logging_mixin.py:190} INFO - [2026-07-09T19:27:31.448+0000] {dag.py:3239} INFO - Sync 1 DAGs
[2026-07-09T19:27:31.457+0000] {logging_mixin.py:190} INFO - [2026-07-09T19:27:31.457+0000] {dag.py:4180} INFO - Setting next_dagrun for dag_extract_dvizhenie to 2026-07-09 16:00:00+00:00, run_after=2026-07-09 18:00:00+00:00
[2026-07-09T19:27:31.463+0000] {processor.py:208} INFO - Processing /opt/airflow/dags/dag_extract_dvizhenie.py took 0.037 seconds
[2026-07-09T19:28:02.002+0000] {processor.py:186} INFO - Started process (PID=14158) to work on /opt/airflow/dags/dag_extract_dvizhenie.py
[2026-07-09T19:28:02.002+0000] {processor.py:914} INFO - Processing file /opt/airflow/dags/dag_extract_dvizhenie.py for tasks to queue
[2026-07-09T19:28:02.003+0000] {logging_mixin.py:190} INFO - [2026-07-09T19:28:02.003+0000] {dagbag.py:588} INFO - Filling up the DagBag from /opt/airflow/dags/dag_extract_dvizhenie.py
[2026-07-09T19:28:02.009+0000] {processor.py:925} INFO - DAG(s) 'dag_extract_dvizhenie' retrieved from /opt/airflow/dags/dag_extract_dvizhenie.py
[2026-07-09T19:28:02.022+0000] {logging_mixin.py:190} INFO - [2026-07-09T19:28:02.022+0000] {dag.py:3239} INFO - Sync 1 DAGs
[2026-07-09T19:28:02.032+0000] {logging_mixin.py:190} INFO - [2026-07-09T19:28:02.032+0000] {dag.py:4180} INFO - Setting next_dagrun for dag_extract_dvizhenie to 2026-07-09 16:00:00+00:00, run_after=2026-07-09 18:00:00+00:00
[2026-07-09T19:28:02.038+0000] {processor.py:208} INFO - Processing /opt/airflow/dags/dag_extract_dvizhenie.py took 0.040 seconds
[2026-07-09T19:28:32.428+0000] {processor.py:186} INFO - Started process (PID=14178) to work on /opt/airflow/dags/dag_extract_dvizhenie.py
[2026-07-09T19:28:32.428+0000] {processor.py:914} INFO - Processing file /opt/airflow/dags/dag_extract_dvizhenie.py for tasks to queue
[2026-07-09T19:28:32.429+0000] {logging_mixin.py:190} INFO - [2026-07-09T19:28:32.429+0000] {dagbag.py:588} INFO - Filling up the DagBag from /opt/airflow/dags/dag_extract_dvizhenie.py
[2026-07-09T19:28:32.434+0000] {processor.py:925} INFO - DAG(s) 'dag_extract_dvizhenie' retrieved from /opt/airflow/dags/dag_extract_dvizhenie.py
[2026-07-09T19:28:32.446+0000] {logging_mixin.py:190} INFO - [2026-07-09T19:28:32.446+0000] {dag.py:3239} INFO - Sync 1 DAGs
[2026-07-09T19:28:32.454+0000] {logging_mixin.py:190} INFO - [2026-07-09T19:28:32.454+0000] {dag.py:4180} INFO - Setting next_dagrun for dag_extract_dvizhenie to 2026-07-09 16:00:00+00:00, run_after=2026-07-09 18:00:00+00:00
[2026-07-09T19:28:32.459+0000] {processor.py:208} INFO - Processing /opt/airflow/dags/dag_extract_dvizhenie.py took 0.035 seconds
[2026-07-09T19:29:02.892+0000] {processor.py:186} INFO - Started process (PID=14196) to work on /opt/airflow/dags/dag_extract_dvizhenie.py
[2026-07-09T19:29:02.893+0000] {processor.py:914} INFO - Processing file /opt/airflow/dags/dag_extract_dvizhenie.py for tasks to queue
[2026-07-09T19:29:02.894+0000] {logging_mixin.py:190} INFO - [2026-07-09T19:29:02.894+0000] {dagbag.py:588} INFO - Filling up the DagBag from /opt/airflow/dags/dag_extract_dvizhenie.py
[2026-07-09T19:29:02.902+0000] {processor.py:925} INFO - DAG(s) 'dag_extract_dvizhenie' retrieved from /opt/airflow/dags/dag_extract_dvizhenie.py
[2026-07-09T19:29:02.914+0000] {logging_mixin.py:190} INFO - [2026-07-09T19:29:02.914+0000] {dag.py:3239} INFO - Sync 1 DAGs
[2026-07-09T19:29:02.922+0000] {logging_mixin.py:190} INFO - [2026-07-09T19:29:02.922+0000] {dag.py:4180} INFO - Setting next_dagrun for dag_extract_dvizhenie to 2026-07-09 16:00:00+00:00, run_after=2026-07-09 18:00:00+00:00
[2026-07-09T19:29:02.928+0000] {processor.py:208} INFO - Processing /opt/airflow/dags/dag_extract_dvizhenie.py took 0.039 seconds
[2026-07-09T19:29:33.389+0000] {processor.py:186} INFO - Started process (PID=14218) to work on /opt/airflow/dags/dag_extract_dvizhenie.py
[2026-07-09T19:29:33.390+0000] {processor.py:914} INFO - Processing file /opt/airflow/dags/dag_extract_dvizhenie.py for tasks to queue
[2026-07-09T19:29:33.391+0000] {logging_mixin.py:190} INFO - [2026-07-09T19:29:33.391+0000] {dagbag.py:588} INFO - Filling up the DagBag from /opt/airflow/dags/dag_extract_dvizhenie.py
[2026-07-09T19:29:33.397+0000] {processor.py:925} INFO - DAG(s) 'dag_extract_dvizhenie' retrieved from /opt/airflow/dags/dag_extract_dvizhenie.py
[2026-07-09T19:29:33.411+0000] {logging_mixin.py:190} INFO - [2026-07-09T19:29:33.411+0000] {dag.py:3239} INFO - Sync 1 DAGs
[2026-07-09T19:29:33.422+0000] {logging_mixin.py:190} INFO - [2026-07-09T19:29:33.422+0000] {dag.py:4180} INFO - Setting next_dagrun for dag_extract_dvizhenie to 2026-07-09 16:00:00+00:00, run_after=2026-07-09 18:00:00+00:00
[2026-07-09T19:29:33.429+0000] {processor.py:208} INFO - Processing /opt/airflow/dags/dag_extract_dvizhenie.py took 0.043 seconds
[2026-07-09T19:30:03.852+0000] {processor.py:186} INFO - Started process (PID=14238) to work on /opt/airflow/dags/dag_extract_dvizhenie.py
[2026-07-09T19:30:03.852+0000] {processor.py:914} INFO - Processing file /opt/airflow/dags/dag_extract_dvizhenie.py for tasks to queue
[2026-07-09T19:30:03.853+0000] {logging_mixin.py:190} INFO - [2026-07-09T19:30:03.853+0000] {dagbag.py:588} INFO - Filling up the DagBag from /opt/airflow/dags/dag_extract_dvizhenie.py
[2026-07-09T19:30:03.857+0000] {processor.py:925} INFO - DAG(s) 'dag_extract_dvizhenie' retrieved from /opt/airflow/dags/dag_extract_dvizhenie.py
[2026-07-09T19:30:03.868+0000] {logging_mixin.py:190} INFO - [2026-07-09T19:30:03.868+0000] {dag.py:3239} INFO - Sync 1 DAGs
[2026-07-09T19:30:03.875+0000] {logging_mixin.py:190} INFO - [2026-07-09T19:30:03.875+0000] {dag.py:4180} INFO - Setting next_dagrun for dag_extract_dvizhenie to 2026-07-09 16:00:00+00:00, run_after=2026-07-09 18:00:00+00:00
[2026-07-09T19:30:03.880+0000] {processor.py:208} INFO - Processing /opt/airflow/dags/dag_extract_dvizhenie.py took 0.032 seconds
[2026-07-09T19:30:34.277+0000] {processor.py:186} INFO - Started process (PID=14258) to work on /opt/airflow/dags/dag_extract_dvizhenie.py
[2026-07-09T19:30:34.277+0000] {processor.py:914} INFO - Processing file /opt/airflow/dags/dag_extract_dvizhenie.py for tasks to queue
[2026-07-09T19:30:34.278+0000] {logging_mixin.py:190} INFO - [2026-07-09T19:30:34.278+0000] {dagbag.py:588} INFO - Filling up the DagBag from /opt/airflow/dags/dag_extract_dvizhenie.py
[2026-07-09T19:30:34.283+0000] {processor.py:925} INFO - DAG(s) 'dag_extract_dvizhenie' retrieved from /opt/airflow/dags/dag_extract_dvizhenie.py
[2026-07-09T19:30:34.295+0000] {logging_mixin.py:190} INFO - [2026-07-09T19:30:34.295+0000] {dag.py:3239} INFO - Sync 1 DAGs
[2026-07-09T19:30:34.303+0000] {logging_mixin.py:190} INFO - [2026-07-09T19:30:34.303+0000] {dag.py:4180} INFO - Setting next_dagrun for dag_extract_dvizhenie to 2026-07-09 16:00:00+00:00, run_after=2026-07-09 18:00:00+00:00
[2026-07-09T19:30:34.308+0000] {processor.py:208} INFO - Processing /opt/airflow/dags/dag_extract_dvizhenie.py took 0.036 seconds
[2026-07-09T19:31:04.727+0000] {processor.py:186} INFO - Started process (PID=14278) to work on /opt/airflow/dags/dag_extract_dvizhenie.py
[2026-07-09T19:31:04.728+0000] {processor.py:914} INFO - Processing file /opt/airflow/dags/dag_extract_dvizhenie.py for tasks to queue
[2026-07-09T19:31:04.729+0000] {logging_mixin.py:190} INFO - [2026-07-09T19:31:04.728+0000] {dagbag.py:588} INFO - Filling up the DagBag from /opt/airflow/dags/dag_extract_dvizhenie.py
[2026-07-09T19:31:04.733+0000] {processor.py:925} INFO - DAG(s) 'dag_extract_dvizhenie' retrieved from /opt/airflow/dags/dag_extract_dvizhenie.py
[2026-07-09T19:31:04.743+0000] {logging_mixin.py:190} INFO - [2026-07-09T19:31:04.743+0000] {dag.py:3239} INFO - Sync 1 DAGs
[2026-07-09T19:31:04.750+0000] {logging_mixin.py:190} INFO - [2026-07-09T19:31:04.750+0000] {dag.py:4180} INFO - Setting next_dagrun for dag_extract_dvizhenie to 2026-07-09 16:00:00+00:00, run_after=2026-07-09 18:00:00+00:00
[2026-07-09T19:31:04.756+0000] {processor.py:208} INFO - Processing /opt/airflow/dags/dag_extract_dvizhenie.py took 0.031 seconds
[2026-07-09T19:31:35.174+0000] {processor.py:186} INFO - Started process (PID=14298) to work on /opt/airflow/dags/dag_extract_dvizhenie.py
[2026-07-09T19:31:35.175+0000] {processor.py:914} INFO - Processing file /opt/airflow/dags/dag_extract_dvizhenie.py for tasks to queue
[2026-07-09T19:31:35.177+0000] {logging_mixin.py:190} INFO - [2026-07-09T19:31:35.177+0000] {dagbag.py:588} INFO - Filling up the DagBag from /opt/airflow/dags/dag_extract_dvizhenie.py
[2026-07-09T19:31:35.182+0000] {processor.py:925} INFO - DAG(s) 'dag_extract_dvizhenie' retrieved from /opt/airflow/dags/dag_extract_dvizhenie.py
[2026-07-09T19:31:35.196+0000] {logging_mixin.py:190} INFO - [2026-07-09T19:31:35.196+0000] {dag.py:3239} INFO - Sync 1 DAGs
[2026-07-09T19:31:35.204+0000] {logging_mixin.py:190} INFO - [2026-07-09T19:31:35.204+0000] {dag.py:4180} INFO - Setting next_dagrun for dag_extract_dvizhenie to 2026-07-09 16:00:00+00:00, run_after=2026-07-09 18:00:00+00:00
[2026-07-09T19:31:35.212+0000] {processor.py:208} INFO - Processing /opt/airflow/dags/dag_extract_dvizhenie.py took 0.040 seconds
[2026-07-09T19:32:05.635+0000] {processor.py:186} INFO - Started process (PID=14318) to work on /opt/airflow/dags/dag_extract_dvizhenie.py
[2026-07-09T19:32:05.635+0000] {processor.py:914} INFO - Processing file /opt/airflow/dags/dag_extract_dvizhenie.py for tasks to queue
[2026-07-09T19:32:05.636+0000] {logging_mixin.py:190} INFO - [2026-07-09T19:32:05.636+0000] {dagbag.py:588} INFO - Filling up the DagBag from /opt/airflow/dags/dag_extract_dvizhenie.py
[2026-07-09T19:32:05.640+0000] {processor.py:925} INFO - DAG(s) 'dag_extract_dvizhenie' retrieved from /opt/airflow/dags/dag_extract_dvizhenie.py
[2026-07-09T19:32:05.650+0000] {logging_mixin.py:190} INFO - [2026-07-09T19:32:05.650+0000] {dag.py:3239} INFO - Sync 1 DAGs
[2026-07-09T19:32:05.657+0000] {logging_mixin.py:190} INFO - [2026-07-09T19:32:05.657+0000] {dag.py:4180} INFO - Setting next_dagrun for dag_extract_dvizhenie to 2026-07-09 16:00:00+00:00, run_after=2026-07-09 18:00:00+00:00
[2026-07-09T19:32:05.662+0000] {processor.py:208} INFO - Processing /opt/airflow/dags/dag_extract_dvizhenie.py took 0.030 seconds
[2026-07-09T19:32:36.111+0000] {processor.py:186} INFO - Started process (PID=14338) to work on /opt/airflow/dags/dag_extract_dvizhenie.py
[2026-07-09T19:32:36.112+0000] {processor.py:914} INFO - Processing file /opt/airflow/dags/dag_extract_dvizhenie.py for tasks to queue
[2026-07-09T19:32:36.113+0000] {logging_mixin.py:190} INFO - [2026-07-09T19:32:36.113+0000] {dagbag.py:588} INFO - Filling up the DagBag from /opt/airflow/dags/dag_extract_dvizhenie.py
[2026-07-09T19:32:36.119+0000] {processor.py:925} INFO - DAG(s) 'dag_extract_dvizhenie' retrieved from /opt/airflow/dags/dag_extract_dvizhenie.py
[2026-07-09T19:32:36.133+0000] {logging_mixin.py:190} INFO - [2026-07-09T19:32:36.133+0000] {dag.py:3239} INFO - Sync 1 DAGs
[2026-07-09T19:32:36.144+0000] {logging_mixin.py:190} INFO - [2026-07-09T19:32:36.144+0000] {dag.py:4180} INFO - Setting next_dagrun for dag_extract_dvizhenie to 2026-07-09 16:00:00+00:00, run_after=2026-07-09 18:00:00+00:00
[2026-07-09T19:32:36.152+0000] {processor.py:208} INFO - Processing /opt/airflow/dags/dag_extract_dvizhenie.py took 0.045 seconds
[2026-07-09T19:33:06.557+0000] {processor.py:186} INFO - Started process (PID=14358) to work on /opt/airflow/dags/dag_extract_dvizhenie.py
[2026-07-09T19:33:06.558+0000] {processor.py:914} INFO - Processing file /opt/airflow/dags/dag_extract_dvizhenie.py for tasks to queue
[2026-07-09T19:33:06.559+0000] {logging_mixin.py:190} INFO - [2026-07-09T19:33:06.559+0000] {dagbag.py:588} INFO - Filling up the DagBag from /opt/airflow/dags/dag_extract_dvizhenie.py
[2026-07-09T19:33:06.565+0000] {processor.py:925} INFO - DAG(s) 'dag_extract_dvizhenie' retrieved from /opt/airflow/dags/dag_extract_dvizhenie.py
[2026-07-09T19:33:06.579+0000] {logging_mixin.py:190} INFO - [2026-07-09T19:33:06.579+0000] {dag.py:3239} INFO - Sync 1 DAGs
[2026-07-09T19:33:06.588+0000] {logging_mixin.py:190} INFO - [2026-07-09T19:33:06.588+0000] {dag.py:4180} INFO - Setting next_dagrun for dag_extract_dvizhenie to 2026-07-09 16:00:00+00:00, run_after=2026-07-09 18:00:00+00:00
[2026-07-09T19:33:06.594+0000] {processor.py:208} INFO - Processing /opt/airflow/dags/dag_extract_dvizhenie.py took 0.041 seconds
[2026-07-09T19:33:37.001+0000] {processor.py:186} INFO - Started process (PID=14378) to work on /opt/airflow/dags/dag_extract_dvizhenie.py
[2026-07-09T19:33:37.002+0000] {processor.py:914} INFO - Processing file /opt/airflow/dags/dag_extract_dvizhenie.py for tasks to queue
[2026-07-09T19:33:37.004+0000] {logging_mixin.py:190} INFO - [2026-07-09T19:33:37.004+0000] {dagbag.py:588} INFO - Filling up the DagBag from /opt/airflow/dags/dag_extract_dvizhenie.py
[2026-07-09T19:33:37.011+0000] {processor.py:925} INFO - DAG(s) 'dag_extract_dvizhenie' retrieved from /opt/airflow/dags/dag_extract_dvizhenie.py
[2026-07-09T19:33:37.028+0000] {logging_mixin.py:190} INFO - [2026-07-09T19:33:37.028+0000] {dag.py:3239} INFO - Sync 1 DAGs
[2026-07-09T19:33:37.038+0000] {logging_mixin.py:190} INFO - [2026-07-09T19:33:37.038+0000] {dag.py:4180} INFO - Setting next_dagrun for dag_extract_dvizhenie to 2026-07-09 16:00:00+00:00, run_after=2026-07-09 18:00:00+00:00
[2026-07-09T19:33:37.045+0000] {processor.py:208} INFO - Processing /opt/airflow/dags/dag_extract_dvizhenie.py took 0.047 seconds
[2026-07-09T19:34:07.425+0000] {processor.py:186} INFO - Started process (PID=14398) to work on /opt/airflow/dags/dag_extract_dvizhenie.py
[2026-07-09T19:34:07.426+0000] {processor.py:914} INFO - Processing file /opt/airflow/dags/dag_extract_dvizhenie.py for tasks to queue
[2026-07-09T19:34:07.427+0000] {logging_mixin.py:190} INFO - [2026-07-09T19:34:07.427+0000] {dagbag.py:588} INFO - Filling up the DagBag from /opt/airflow/dags/dag_extract_dvizhenie.py
[2026-07-09T19:34:07.432+0000] {processor.py:925} INFO - DAG(s) 'dag_extract_dvizhenie' retrieved from /opt/airflow/dags/dag_extract_dvizhenie.py
[2026-07-09T19:34:07.445+0000] {logging_mixin.py:190} INFO - [2026-07-09T19:34:07.445+0000] {dag.py:3239} INFO - Sync 1 DAGs
[2026-07-09T19:34:07.455+0000] {logging_mixin.py:190} INFO - [2026-07-09T19:34:07.454+0000] {dag.py:4180} INFO - Setting next_dagrun for dag_extract_dvizhenie to 2026-07-09 16:00:00+00:00, run_after=2026-07-09 18:00:00+00:00
[2026-07-09T19:34:07.461+0000] {processor.py:208} INFO - Processing /opt/airflow/dags/dag_extract_dvizhenie.py took 0.038 seconds
[2026-07-09T19:34:37.852+0000] {processor.py:186} INFO - Started process (PID=14418) to work on /opt/airflow/dags/dag_extract_dvizhenie.py
[2026-07-09T19:34:37.853+0000] {processor.py:914} INFO - Processing file /opt/airflow/dags/dag_extract_dvizhenie.py for tasks to queue
[2026-07-09T19:34:37.854+0000] {logging_mixin.py:190} INFO - [2026-07-09T19:34:37.854+0000] {dagbag.py:588} INFO - Filling up the DagBag from /opt/airflow/dags/dag_extract_dvizhenie.py
[2026-07-09T19:34:37.859+0000] {processor.py:925} INFO - DAG(s) 'dag_extract_dvizhenie' retrieved from /opt/airflow/dags/dag_extract_dvizhenie.py
[2026-07-09T19:34:37.871+0000] {logging_mixin.py:190} INFO - [2026-07-09T19:34:37.871+0000] {dag.py:3239} INFO - Sync 1 DAGs
[2026-07-09T19:34:37.879+0000] {logging_mixin.py:190} INFO - [2026-07-09T19:34:37.879+0000] {dag.py:4180} INFO - Setting next_dagrun for dag_extract_dvizhenie to 2026-07-09 16:00:00+00:00, run_after=2026-07-09 18:00:00+00:00
[2026-07-09T19:34:37.885+0000] {processor.py:208} INFO - Processing /opt/airflow/dags/dag_extract_dvizhenie.py took 0.036 seconds
[2026-07-09T19:35:08.290+0000] {processor.py:186} INFO - Started process (PID=14438) to work on /opt/airflow/dags/dag_extract_dvizhenie.py
[2026-07-09T19:35:08.291+0000] {processor.py:914} INFO - Processing file /opt/airflow/dags/dag_extract_dvizhenie.py for tasks to queue
[2026-07-09T19:35:08.291+0000] {logging_mixin.py:190} INFO - [2026-07-09T19:35:08.291+0000] {dagbag.py:588} INFO - Filling up the DagBag from /opt/airflow/dags/dag_extract_dvizhenie.py
[2026-07-09T19:35:08.296+0000] {processor.py:925} INFO - DAG(s) 'dag_extract_dvizhenie' retrieved from /opt/airflow/dags/dag_extract_dvizhenie.py
[2026-07-09T19:35:08.306+0000] {logging_mixin.py:190} INFO - [2026-07-09T19:35:08.306+0000] {dag.py:3239} INFO - Sync 1 DAGs
[2026-07-09T19:35:08.313+0000] {logging_mixin.py:190} INFO - [2026-07-09T19:35:08.313+0000] {dag.py:4180} INFO - Setting next_dagrun for dag_extract_dvizhenie to 2026-07-09 16:00:00+00:00, run_after=2026-07-09 18:00:00+00:00
[2026-07-09T19:35:08.318+0000] {processor.py:208} INFO - Processing /opt/airflow/dags/dag_extract_dvizhenie.py took 0.030 seconds
[2026-07-09T19:35:38.747+0000] {processor.py:186} INFO - Started process (PID=14458) to work on /opt/airflow/dags/dag_extract_dvizhenie.py
[2026-07-09T19:35:38.748+0000] {processor.py:914} INFO - Processing file /opt/airflow/dags/dag_extract_dvizhenie.py for tasks to queue
[2026-07-09T19:35:38.748+0000] {logging_mixin.py:190} INFO - [2026-07-09T19:35:38.748+0000] {dagbag.py:588} INFO - Filling up the DagBag from /opt/airflow/dags/dag_extract_dvizhenie.py
[2026-07-09T19:35:38.753+0000] {processor.py:925} INFO - DAG(s) 'dag_extract_dvizhenie' retrieved from /opt/airflow/dags/dag_extract_dvizhenie.py
[2026-07-09T19:35:38.763+0000] {logging_mixin.py:190} INFO - [2026-07-09T19:35:38.763+0000] {dag.py:3239} INFO - Sync 1 DAGs
[2026-07-09T19:35:38.770+0000] {logging_mixin.py:190} INFO - [2026-07-09T19:35:38.770+0000] {dag.py:4180} INFO - Setting next_dagrun for dag_extract_dvizhenie to 2026-07-09 16:00:00+00:00, run_after=2026-07-09 18:00:00+00:00
[2026-07-09T19:35:38.775+0000] {processor.py:208} INFO - Processing /opt/airflow/dags/dag_extract_dvizhenie.py took 0.031 seconds
[2026-07-09T19:36:09.182+0000] {processor.py:186} INFO - Started process (PID=14476) to work on /opt/airflow/dags/dag_extract_dvizhenie.py
[2026-07-09T19:36:09.183+0000] {processor.py:914} INFO - Processing file /opt/airflow/dags/dag_extract_dvizhenie.py for tasks to queue
[2026-07-09T19:36:09.184+0000] {logging_mixin.py:190} INFO - [2026-07-09T19:36:09.184+0000] {dagbag.py:588} INFO - Filling up the DagBag from /opt/airflow/dags/dag_extract_dvizhenie.py
[2026-07-09T19:36:09.190+0000] {processor.py:925} INFO - DAG(s) 'dag_extract_dvizhenie' retrieved from /opt/airflow/dags/dag_extract_dvizhenie.py
[2026-07-09T19:36:09.205+0000] {logging_mixin.py:190} INFO - [2026-07-09T19:36:09.205+0000] {dag.py:3239} INFO - Sync 1 DAGs
[2026-07-09T19:36:09.213+0000] {logging_mixin.py:190} INFO - [2026-07-09T19:36:09.213+0000] {dag.py:4180} INFO - Setting next_dagrun for dag_extract_dvizhenie to 2026-07-09 16:00:00+00:00, run_after=2026-07-09 18:00:00+00:00
[2026-07-09T19:36:09.221+0000] {processor.py:208} INFO - Processing /opt/airflow/dags/dag_extract_dvizhenie.py took 0.042 seconds
[2026-07-09T19:36:39.614+0000] {processor.py:186} INFO - Started process (PID=14498) to work on /opt/airflow/dags/dag_extract_dvizhenie.py
[2026-07-09T19:36:39.615+0000] {processor.py:914} INFO - Processing file /opt/airflow/dags/dag_extract_dvizhenie.py for tasks to queue
[2026-07-09T19:36:39.615+0000] {logging_mixin.py:190} INFO - [2026-07-09T19:36:39.615+0000] {dagbag.py:588} INFO - Filling up the DagBag from /opt/airflow/dags/dag_extract_dvizhenie.py
[2026-07-09T19:36:39.620+0000] {processor.py:925} INFO - DAG(s) 'dag_extract_dvizhenie' retrieved from /opt/airflow/dags/dag_extract_dvizhenie.py
[2026-07-09T19:36:39.630+0000] {logging_mixin.py:190} INFO - [2026-07-09T19:36:39.630+0000] {dag.py:3239} INFO - Sync 1 DAGs
[2026-07-09T19:36:39.637+0000] {logging_mixin.py:190} INFO - [2026-07-09T19:36:39.637+0000] {dag.py:4180} INFO - Setting next_dagrun for dag_extract_dvizhenie to 2026-07-09 16:00:00+00:00, run_after=2026-07-09 18:00:00+00:00
[2026-07-09T19:36:39.642+0000] {processor.py:208} INFO - Processing /opt/airflow/dags/dag_extract_dvizhenie.py took 0.030 seconds
[2026-07-09T19:37:10.088+0000] {processor.py:186} INFO - Started process (PID=14518) to work on /opt/airflow/dags/dag_extract_dvizhenie.py
[2026-07-09T19:37:10.089+0000] {processor.py:914} INFO - Processing file /opt/airflow/dags/dag_extract_dvizhenie.py for tasks to queue
[2026-07-09T19:37:10.090+0000] {logging_mixin.py:190} INFO - [2026-07-09T19:37:10.090+0000] {dagbag.py:588} INFO - Filling up the DagBag from /opt/airflow/dags/dag_extract_dvizhenie.py
[2026-07-09T19:37:10.094+0000] {processor.py:925} INFO - DAG(s) 'dag_extract_dvizhenie' retrieved from /opt/airflow/dags/dag_extract_dvizhenie.py
[2026-07-09T19:37:10.104+0000] {logging_mixin.py:190} INFO - [2026-07-09T19:37:10.104+0000] {dag.py:3239} INFO - Sync 1 DAGs
[2026-07-09T19:37:10.111+0000] {logging_mixin.py:190} INFO - [2026-07-09T19:37:10.111+0000] {dag.py:4180} INFO - Setting next_dagrun for dag_extract_dvizhenie to 2026-07-09 16:00:00+00:00, run_after=2026-07-09 18:00:00+00:00
[2026-07-09T19:37:10.116+0000] {processor.py:208} INFO - Processing /opt/airflow/dags/dag_extract_dvizhenie.py took 0.030 seconds
[2026-07-09T19:37:40.545+0000] {processor.py:186} INFO - Started process (PID=14538) to work on /opt/airflow/dags/dag_extract_dvizhenie.py
[2026-07-09T19:37:40.545+0000] {processor.py:914} INFO - Processing file /opt/airflow/dags/dag_extract_dvizhenie.py for tasks to queue
[2026-07-09T19:37:40.546+0000] {logging_mixin.py:190} INFO - [2026-07-09T19:37:40.546+0000] {dagbag.py:588} INFO - Filling up the DagBag from /opt/airflow/dags/dag_extract_dvizhenie.py
[2026-07-09T19:37:40.550+0000] {processor.py:925} INFO - DAG(s) 'dag_extract_dvizhenie' retrieved from /opt/airflow/dags/dag_extract_dvizhenie.py
[2026-07-09T19:37:40.560+0000] {logging_mixin.py:190} INFO - [2026-07-09T19:37:40.560+0000] {dag.py:3239} INFO - Sync 1 DAGs
[2026-07-09T19:37:40.568+0000] {logging_mixin.py:190} INFO - [2026-07-09T19:37:40.568+0000] {dag.py:4180} INFO - Setting next_dagrun for dag_extract_dvizhenie to 2026-07-09 16:00:00+00:00, run_after=2026-07-09 18:00:00+00:00
[2026-07-09T19:37:40.573+0000] {processor.py:208} INFO - Processing /opt/airflow/dags/dag_extract_dvizhenie.py took 0.031 seconds
[2026-07-09T19:38:11.022+0000] {processor.py:186} INFO - Started process (PID=14558) to work on /opt/airflow/dags/dag_extract_dvizhenie.py
[2026-07-09T19:38:11.022+0000] {processor.py:914} INFO - Processing file /opt/airflow/dags/dag_extract_dvizhenie.py for tasks to queue
[2026-07-09T19:38:11.023+0000] {logging_mixin.py:190} INFO - [2026-07-09T19:38:11.023+0000] {dagbag.py:588} INFO - Filling up the DagBag from /opt/airflow/dags/dag_extract_dvizhenie.py
[2026-07-09T19:38:11.028+0000] {processor.py:925} INFO - DAG(s) 'dag_extract_dvizhenie' retrieved from /opt/airflow/dags/dag_extract_dvizhenie.py
[2026-07-09T19:38:11.038+0000] {logging_mixin.py:190} INFO - [2026-07-09T19:38:11.038+0000] {dag.py:3239} INFO - Sync 1 DAGs
[2026-07-09T19:38:11.046+0000] {logging_mixin.py:190} INFO - [2026-07-09T19:38:11.046+0000] {dag.py:4180} INFO - Setting next_dagrun for dag_extract_dvizhenie to 2026-07-09 16:00:00+00:00, run_after=2026-07-09 18:00:00+00:00
[2026-07-09T19:38:11.051+0000] {processor.py:208} INFO - Processing /opt/airflow/dags/dag_extract_dvizhenie.py took 0.032 seconds
[2026-07-09T19:38:41.434+0000] {processor.py:186} INFO - Started process (PID=14578) to work on /opt/airflow/dags/dag_extract_dvizhenie.py
[2026-07-09T19:38:41.435+0000] {processor.py:914} INFO - Processing file /opt/airflow/dags/dag_extract_dvizhenie.py for tasks to queue
[2026-07-09T19:38:41.436+0000] {logging_mixin.py:190} INFO - [2026-07-09T19:38:41.435+0000] {dagbag.py:588} INFO - Filling up the DagBag from /opt/airflow/dags/dag_extract_dvizhenie.py
[2026-07-09T19:38:41.440+0000] {processor.py:925} INFO - DAG(s) 'dag_extract_dvizhenie' retrieved from /opt/airflow/dags/dag_extract_dvizhenie.py
[2026-07-09T19:38:41.450+0000] {logging_mixin.py:190} INFO - [2026-07-09T19:38:41.450+0000] {dag.py:3239} INFO - Sync 1 DAGs
[2026-07-09T19:38:41.458+0000] {logging_mixin.py:190} INFO - [2026-07-09T19:38:41.457+0000] {dag.py:4180} INFO - Setting next_dagrun for dag_extract_dvizhenie to 2026-07-09 16:00:00+00:00, run_after=2026-07-09 18:00:00+00:00
[2026-07-09T19:38:41.462+0000] {processor.py:208} INFO - Processing /opt/airflow/dags/dag_extract_dvizhenie.py took 0.030 seconds
[2026-07-09T19:39:11.884+0000] {processor.py:186} INFO - Started process (PID=14598) to work on /opt/airflow/dags/dag_extract_dvizhenie.py
[2026-07-09T19:39:11.884+0000] {processor.py:914} INFO - Processing file /opt/airflow/dags/dag_extract_dvizhenie.py for tasks to queue
[2026-07-09T19:39:11.885+0000] {logging_mixin.py:190} INFO - [2026-07-09T19:39:11.885+0000] {dagbag.py:588} INFO - Filling up the DagBag from /opt/airflow/dags/dag_extract_dvizhenie.py
[2026-07-09T19:39:11.889+0000] {processor.py:925} INFO - DAG(s) 'dag_extract_dvizhenie' retrieved from /opt/airflow/dags/dag_extract_dvizhenie.py
[2026-07-09T19:39:11.899+0000] {logging_mixin.py:190} INFO - [2026-07-09T19:39:11.899+0000] {dag.py:3239} INFO - Sync 1 DAGs
[2026-07-09T19:39:11.907+0000] {logging_mixin.py:190} INFO - [2026-07-09T19:39:11.907+0000] {dag.py:4180} INFO - Setting next_dagrun for dag_extract_dvizhenie to 2026-07-09 16:00:00+00:00, run_after=2026-07-09 18:00:00+00:00
[2026-07-09T19:39:11.912+0000] {processor.py:208} INFO - Processing /opt/airflow/dags/dag_extract_dvizhenie.py took 0.031 seconds
[2026-07-09T19:39:42.314+0000] {processor.py:186} INFO - Started process (PID=14618) to work on /opt/airflow/dags/dag_extract_dvizhenie.py
[2026-07-09T19:39:42.315+0000] {processor.py:914} INFO - Processing file /opt/airflow/dags/dag_extract_dvizhenie.py for tasks to queue
[2026-07-09T19:39:42.317+0000] {logging_mixin.py:190} INFO - [2026-07-09T19:39:42.316+0000] {dagbag.py:588} INFO - Filling up the DagBag from /opt/airflow/dags/dag_extract_dvizhenie.py
[2026-07-09T19:39:42.324+0000] {processor.py:925} INFO - DAG(s) 'dag_extract_dvizhenie' retrieved from /opt/airflow/dags/dag_extract_dvizhenie.py
[2026-07-09T19:39:42.337+0000] {logging_mixin.py:190} INFO - [2026-07-09T19:39:42.337+0000] {dag.py:3239} INFO - Sync 1 DAGs
[2026-07-09T19:39:42.346+0000] {logging_mixin.py:190} INFO - [2026-07-09T19:39:42.346+0000] {dag.py:4180} INFO - Setting next_dagrun for dag_extract_dvizhenie to 2026-07-09 16:00:00+00:00, run_after=2026-07-09 18:00:00+00:00
[2026-07-09T19:39:42.353+0000] {processor.py:208} INFO - Processing /opt/airflow/dags/dag_extract_dvizhenie.py took 0.042 seconds
[2026-07-09T19:40:12.805+0000] {processor.py:186} INFO - Started process (PID=14638) to work on /opt/airflow/dags/dag_extract_dvizhenie.py
[2026-07-09T19:40:12.805+0000] {processor.py:914} INFO - Processing file /opt/airflow/dags/dag_extract_dvizhenie.py for tasks to queue
[2026-07-09T19:40:12.806+0000] {logging_mixin.py:190} INFO - [2026-07-09T19:40:12.806+0000] {dagbag.py:588} INFO - Filling up the DagBag from /opt/airflow/dags/dag_extract_dvizhenie.py
[2026-07-09T19:40:12.810+0000] {processor.py:925} INFO - DAG(s) 'dag_extract_dvizhenie' retrieved from /opt/airflow/dags/dag_extract_dvizhenie.py
[2026-07-09T19:40:12.820+0000] {logging_mixin.py:190} INFO - [2026-07-09T19:40:12.820+0000] {dag.py:3239} INFO - Sync 1 DAGs
[2026-07-09T19:40:12.828+0000] {logging_mixin.py:190} INFO - [2026-07-09T19:40:12.828+0000] {dag.py:4180} INFO - Setting next_dagrun for dag_extract_dvizhenie to 2026-07-09 16:00:00+00:00, run_after=2026-07-09 18:00:00+00:00
[2026-07-09T19:40:12.832+0000] {processor.py:208} INFO - Processing /opt/airflow/dags/dag_extract_dvizhenie.py took 0.030 seconds
[2026-07-09T19:40:43.255+0000] {processor.py:186} INFO - Started process (PID=14658) to work on /opt/airflow/dags/dag_extract_dvizhenie.py
[2026-07-09T19:40:43.255+0000] {processor.py:914} INFO - Processing file /opt/airflow/dags/dag_extract_dvizhenie.py for tasks to queue
[2026-07-09T19:40:43.256+0000] {logging_mixin.py:190} INFO - [2026-07-09T19:40:43.256+0000] {dagbag.py:588} INFO - Filling up the DagBag from /opt/airflow/dags/dag_extract_dvizhenie.py
[2026-07-09T19:40:43.261+0000] {processor.py:925} INFO - DAG(s) 'dag_extract_dvizhenie' retrieved from /opt/airflow/dags/dag_extract_dvizhenie.py
[2026-07-09T19:40:43.271+0000] {logging_mixin.py:190} INFO - [2026-07-09T19:40:43.271+0000] {dag.py:3239} INFO - Sync 1 DAGs
[2026-07-09T19:40:43.279+0000] {logging_mixin.py:190} INFO - [2026-07-09T19:40:43.279+0000] {dag.py:4180} INFO - Setting next_dagrun for dag_extract_dvizhenie to 2026-07-09 16:00:00+00:00, run_after=2026-07-09 18:00:00+00:00
[2026-07-09T19:40:43.284+0000] {processor.py:208} INFO - Processing /opt/airflow/dags/dag_extract_dvizhenie.py took 0.032 seconds
[2026-07-09T19:41:13.714+0000] {processor.py:186} INFO - Started process (PID=14678) to work on /opt/airflow/dags/dag_extract_dvizhenie.py
[2026-07-09T19:41:13.714+0000] {processor.py:914} INFO - Processing file /opt/airflow/dags/dag_extract_dvizhenie.py for tasks to queue
[2026-07-09T19:41:13.716+0000] {logging_mixin.py:190} INFO - [2026-07-09T19:41:13.716+0000] {dagbag.py:588} INFO - Filling up the DagBag from /opt/airflow/dags/dag_extract_dvizhenie.py
[2026-07-09T19:41:13.726+0000] {processor.py:925} INFO - DAG(s) 'dag_extract_dvizhenie' retrieved from /opt/airflow/dags/dag_extract_dvizhenie.py
[2026-07-09T19:41:13.770+0000] {logging_mixin.py:190} INFO - [2026-07-09T19:41:13.770+0000] {dag.py:3239} INFO - Sync 1 DAGs
[2026-07-09T19:41:13.788+0000] {logging_mixin.py:190} INFO - [2026-07-09T19:41:13.788+0000] {dag.py:4180} INFO - Setting next_dagrun for dag_extract_dvizhenie to 2026-07-09 16:00:00+00:00, run_after=2026-07-09 18:00:00+00:00
[2026-07-09T19:41:13.800+0000] {processor.py:208} INFO - Processing /opt/airflow/dags/dag_extract_dvizhenie.py took 0.090 seconds
[2026-07-09T19:41:44.227+0000] {processor.py:186} INFO - Started process (PID=14698) to work on /opt/airflow/dags/dag_extract_dvizhenie.py
[2026-07-09T19:41:44.227+0000] {processor.py:914} INFO - Processing file /opt/airflow/dags/dag_extract_dvizhenie.py for tasks to queue
[2026-07-09T19:41:44.228+0000] {logging_mixin.py:190} INFO - [2026-07-09T19:41:44.228+0000] {dagbag.py:588} INFO - Filling up the DagBag from /opt/airflow/dags/dag_extract_dvizhenie.py
[2026-07-09T19:41:44.233+0000] {processor.py:925} INFO - DAG(s) 'dag_extract_dvizhenie' retrieved from /opt/airflow/dags/dag_extract_dvizhenie.py
[2026-07-09T19:41:44.243+0000] {logging_mixin.py:190} INFO - [2026-07-09T19:41:44.243+0000] {dag.py:3239} INFO - Sync 1 DAGs
[2026-07-09T19:41:44.250+0000] {logging_mixin.py:190} INFO - [2026-07-09T19:41:44.250+0000] {dag.py:4180} INFO - Setting next_dagrun for dag_extract_dvizhenie to 2026-07-09 16:00:00+00:00, run_after=2026-07-09 18:00:00+00:00
[2026-07-09T19:41:44.254+0000] {processor.py:208} INFO - Processing /opt/airflow/dags/dag_extract_dvizhenie.py took 0.030 seconds
[2026-07-09T19:42:14.667+0000] {processor.py:186} INFO - Started process (PID=14718) to work on /opt/airflow/dags/dag_extract_dvizhenie.py
[2026-07-09T19:42:14.667+0000] {processor.py:914} INFO - Processing file /opt/airflow/dags/dag_extract_dvizhenie.py for tasks to queue
[2026-07-09T19:42:14.668+0000] {logging_mixin.py:190} INFO - [2026-07-09T19:42:14.668+0000] {dagbag.py:588} INFO - Filling up the DagBag from /opt/airflow/dags/dag_extract_dvizhenie.py
[2026-07-09T19:42:14.672+0000] {processor.py:925} INFO - DAG(s) 'dag_extract_dvizhenie' retrieved from /opt/airflow/dags/dag_extract_dvizhenie.py
[2026-07-09T19:42:14.682+0000] {logging_mixin.py:190} INFO - [2026-07-09T19:42:14.682+0000] {dag.py:3239} INFO - Sync 1 DAGs
[2026-07-09T19:42:14.689+0000] {logging_mixin.py:190} INFO - [2026-07-09T19:42:14.689+0000] {dag.py:4180} INFO - Setting next_dagrun for dag_extract_dvizhenie to 2026-07-09 16:00:00+00:00, run_after=2026-07-09 18:00:00+00:00
[2026-07-09T19:42:14.695+0000] {processor.py:208} INFO - Processing /opt/airflow/dags/dag_extract_dvizhenie.py took 0.031 seconds
[2026-07-09T19:42:45.073+0000] {processor.py:186} INFO - Started process (PID=14736) to work on /opt/airflow/dags/dag_extract_dvizhenie.py
[2026-07-09T19:42:45.074+0000] {processor.py:914} INFO - Processing file /opt/airflow/dags/dag_extract_dvizhenie.py for tasks to queue
[2026-07-09T19:42:45.075+0000] {logging_mixin.py:190} INFO - [2026-07-09T19:42:45.075+0000] {dagbag.py:588} INFO - Filling up the DagBag from /opt/airflow/dags/dag_extract_dvizhenie.py
[2026-07-09T19:42:45.080+0000] {processor.py:925} INFO - DAG(s) 'dag_extract_dvizhenie' retrieved from /opt/airflow/dags/dag_extract_dvizhenie.py
[2026-07-09T19:42:45.095+0000] {logging_mixin.py:190} INFO - [2026-07-09T19:42:45.092+0000] {dag.py:3239} INFO - Sync 1 DAGs
[2026-07-09T19:42:45.103+0000] {logging_mixin.py:190} INFO - [2026-07-09T19:42:45.103+0000] {dag.py:4180} INFO - Setting next_dagrun for dag_extract_dvizhenie to 2026-07-09 16:00:00+00:00, run_after=2026-07-09 18:00:00+00:00
[2026-07-09T19:42:45.111+0000] {processor.py:208} INFO - Processing /opt/airflow/dags/dag_extract_dvizhenie.py took 0.040 seconds
[2026-07-09T19:43:15.527+0000] {processor.py:186} INFO - Started process (PID=14758) to work on /opt/airflow/dags/dag_extract_dvizhenie.py
[2026-07-09T19:43:15.528+0000] {processor.py:914} INFO - Processing file /opt/airflow/dags/dag_extract_dvizhenie.py for tasks to queue
[2026-07-09T19:43:15.529+0000] {logging_mixin.py:190} INFO - [2026-07-09T19:43:15.529+0000] {dagbag.py:588} INFO - Filling up the DagBag from /opt/airflow/dags/dag_extract_dvizhenie.py
[2026-07-09T19:43:15.533+0000] {processor.py:925} INFO - DAG(s) 'dag_extract_dvizhenie' retrieved from /opt/airflow/dags/dag_extract_dvizhenie.py
[2026-07-09T19:43:15.543+0000] {logging_mixin.py:190} INFO - [2026-07-09T19:43:15.543+0000] {dag.py:3239} INFO - Sync 1 DAGs
[2026-07-09T19:43:15.550+0000] {logging_mixin.py:190} INFO - [2026-07-09T19:43:15.550+0000] {dag.py:4180} INFO - Setting next_dagrun for dag_extract_dvizhenie to 2026-07-09 16:00:00+00:00, run_after=2026-07-09 18:00:00+00:00
[2026-07-09T19:43:15.555+0000] {processor.py:208} INFO - Processing /opt/airflow/dags/dag_extract_dvizhenie.py took 0.030 seconds
[2026-07-09T19:43:45.925+0000] {processor.py:186} INFO - Started process (PID=14778) to work on /opt/airflow/dags/dag_extract_dvizhenie.py
[2026-07-09T19:43:45.925+0000] {processor.py:914} INFO - Processing file /opt/airflow/dags/dag_extract_dvizhenie.py for tasks to queue
[2026-07-09T19:43:45.926+0000] {logging_mixin.py:190} INFO - [2026-07-09T19:43:45.926+0000] {dagbag.py:588} INFO - Filling up the DagBag from /opt/airflow/dags/dag_extract_dvizhenie.py
[2026-07-09T19:43:45.930+0000] {processor.py:925} INFO - DAG(s) 'dag_extract_dvizhenie' retrieved from /opt/airflow/dags/dag_extract_dvizhenie.py
[2026-07-09T19:43:45.940+0000] {logging_mixin.py:190} INFO - [2026-07-09T19:43:45.940+0000] {dag.py:3239} INFO - Sync 1 DAGs
[2026-07-09T19:43:45.948+0000] {logging_mixin.py:190} INFO - [2026-07-09T19:43:45.947+0000] {dag.py:4180} INFO - Setting next_dagrun for dag_extract_dvizhenie to 2026-07-09 16:00:00+00:00, run_after=2026-07-09 18:00:00+00:00
[2026-07-09T19:43:45.953+0000] {processor.py:208} INFO - Processing /opt/airflow/dags/dag_extract_dvizhenie.py took 0.031 seconds
[2026-07-09T19:44:16.386+0000] {processor.py:186} INFO - Started process (PID=14798) to work on /opt/airflow/dags/dag_extract_dvizhenie.py
[2026-07-09T19:44:16.386+0000] {processor.py:914} INFO - Processing file /opt/airflow/dags/dag_extract_dvizhenie.py for tasks to queue
[2026-07-09T19:44:16.387+0000] {logging_mixin.py:190} INFO - [2026-07-09T19:44:16.387+0000] {dagbag.py:588} INFO - Filling up the DagBag from /opt/airflow/dags/dag_extract_dvizhenie.py
[2026-07-09T19:44:16.392+0000] {processor.py:925} INFO - DAG(s) 'dag_extract_dvizhenie' retrieved from /opt/airflow/dags/dag_extract_dvizhenie.py
[2026-07-09T19:44:16.401+0000] {logging_mixin.py:190} INFO - [2026-07-09T19:44:16.401+0000] {dag.py:3239} INFO - Sync 1 DAGs
[2026-07-09T19:44:16.409+0000] {logging_mixin.py:190} INFO - [2026-07-09T19:44:16.408+0000] {dag.py:4180} INFO - Setting next_dagrun for dag_extract_dvizhenie to 2026-07-09 16:00:00+00:00, run_after=2026-07-09 18:00:00+00:00
[2026-07-09T19:44:16.413+0000] {processor.py:208} INFO - Processing /opt/airflow/dags/dag_extract_dvizhenie.py took 0.030 seconds
[2026-07-09T19:44:46.821+0000] {processor.py:186} INFO - Started process (PID=14816) to work on /opt/airflow/dags/dag_extract_dvizhenie.py
[2026-07-09T19:44:46.821+0000] {processor.py:914} INFO - Processing file /opt/airflow/dags/dag_extract_dvizhenie.py for tasks to queue
[2026-07-09T19:44:46.823+0000] {logging_mixin.py:190} INFO - [2026-07-09T19:44:46.823+0000] {dagbag.py:588} INFO - Filling up the DagBag from /opt/airflow/dags/dag_extract_dvizhenie.py
[2026-07-09T19:44:46.829+0000] {processor.py:925} INFO - DAG(s) 'dag_extract_dvizhenie' retrieved from /opt/airflow/dags/dag_extract_dvizhenie.py
[2026-07-09T19:44:46.842+0000] {logging_mixin.py:190} INFO - [2026-07-09T19:44:46.842+0000] {dag.py:3239} INFO - Sync 1 DAGs
[2026-07-09T19:44:46.851+0000] {logging_mixin.py:190} INFO - [2026-07-09T19:44:46.851+0000] {dag.py:4180} INFO - Setting next_dagrun for dag_extract_dvizhenie to 2026-07-09 16:00:00+00:00, run_after=2026-07-09 18:00:00+00:00
[2026-07-09T19:44:46.857+0000] {processor.py:208} INFO - Processing /opt/airflow/dags/dag_extract_dvizhenie.py took 0.039 seconds
[2026-07-09T19:45:17.248+0000] {processor.py:186} INFO - Started process (PID=14838) to work on /opt/airflow/dags/dag_extract_dvizhenie.py
[2026-07-09T19:45:17.248+0000] {processor.py:914} INFO - Processing file /opt/airflow/dags/dag_extract_dvizhenie.py for tasks to queue
[2026-07-09T19:45:17.249+0000] {logging_mixin.py:190} INFO - [2026-07-09T19:45:17.249+0000] {dagbag.py:588} INFO - Filling up the DagBag from /opt/airflow/dags/dag_extract_dvizhenie.py
[2026-07-09T19:45:17.254+0000] {processor.py:925} INFO - DAG(s) 'dag_extract_dvizhenie' retrieved from /opt/airflow/dags/dag_extract_dvizhenie.py
[2026-07-09T19:45:17.264+0000] {logging_mixin.py:190} INFO - [2026-07-09T19:45:17.264+0000] {dag.py:3239} INFO - Sync 1 DAGs
[2026-07-09T19:45:17.272+0000] {logging_mixin.py:190} INFO - [2026-07-09T19:45:17.271+0000] {dag.py:4180} INFO - Setting next_dagrun for dag_extract_dvizhenie to 2026-07-09 16:00:00+00:00, run_after=2026-07-09 18:00:00+00:00
[2026-07-09T19:45:17.277+0000] {processor.py:208} INFO - Processing /opt/airflow/dags/dag_extract_dvizhenie.py took 0.032 seconds
[2026-07-09T19:45:47.678+0000] {processor.py:186} INFO - Started process (PID=14858) to work on /opt/airflow/dags/dag_extract_dvizhenie.py
[2026-07-09T19:45:47.678+0000] {processor.py:914} INFO - Processing file /opt/airflow/dags/dag_extract_dvizhenie.py for tasks to queue
[2026-07-09T19:45:47.679+0000] {logging_mixin.py:190} INFO - [2026-07-09T19:45:47.679+0000] {dagbag.py:588} INFO - Filling up the DagBag from /opt/airflow/dags/dag_extract_dvizhenie.py
[2026-07-09T19:45:47.684+0000] {processor.py:925} INFO - DAG(s) 'dag_extract_dvizhenie' retrieved from /opt/airflow/dags/dag_extract_dvizhenie.py
[2026-07-09T19:45:47.694+0000] {logging_mixin.py:190} INFO - [2026-07-09T19:45:47.694+0000] {dag.py:3239} INFO - Sync 1 DAGs
[2026-07-09T19:45:47.702+0000] {logging_mixin.py:190} INFO - [2026-07-09T19:45:47.702+0000] {dag.py:4180} INFO - Setting next_dagrun for dag_extract_dvizhenie to 2026-07-09 16:00:00+00:00, run_after=2026-07-09 18:00:00+00:00
[2026-07-09T19:45:47.707+0000] {processor.py:208} INFO - Processing /opt/airflow/dags/dag_extract_dvizhenie.py took 0.031 seconds
[2026-07-09T19:46:18.117+0000] {processor.py:186} INFO - Started process (PID=14876) to work on /opt/airflow/dags/dag_extract_dvizhenie.py
[2026-07-09T19:46:18.118+0000] {processor.py:914} INFO - Processing file /opt/airflow/dags/dag_extract_dvizhenie.py for tasks to queue
[2026-07-09T19:46:18.119+0000] {logging_mixin.py:190} INFO - [2026-07-09T19:46:18.119+0000] {dagbag.py:588} INFO - Filling up the DagBag from /opt/airflow/dags/dag_extract_dvizhenie.py
[2026-07-09T19:46:18.125+0000] {processor.py:925} INFO - DAG(s) 'dag_extract_dvizhenie' retrieved from /opt/airflow/dags/dag_extract_dvizhenie.py
[2026-07-09T19:46:18.136+0000] {logging_mixin.py:190} INFO - [2026-07-09T19:46:18.136+0000] {dag.py:3239} INFO - Sync 1 DAGs
[2026-07-09T19:46:18.228+0000] {logging_mixin.py:190} INFO - [2026-07-09T19:46:18.228+0000] {dag.py:4180} INFO - Setting next_dagrun for dag_extract_dvizhenie to 2026-07-09 16:00:00+00:00, run_after=2026-07-09 18:00:00+00:00
[2026-07-09T19:46:18.234+0000] {processor.py:208} INFO - Processing /opt/airflow/dags/dag_extract_dvizhenie.py took 0.121 seconds
[2026-07-09T19:46:48.576+0000] {processor.py:186} INFO - Started process (PID=14898) to work on /opt/airflow/dags/dag_extract_dvizhenie.py
[2026-07-09T19:46:48.576+0000] {processor.py:914} INFO - Processing file /opt/airflow/dags/dag_extract_dvizhenie.py for tasks to queue
[2026-07-09T19:46:48.577+0000] {logging_mixin.py:190} INFO - [2026-07-09T19:46:48.577+0000] {dagbag.py:588} INFO - Filling up the DagBag from /opt/airflow/dags/dag_extract_dvizhenie.py
[2026-07-09T19:46:48.582+0000] {processor.py:925} INFO - DAG(s) 'dag_extract_dvizhenie' retrieved from /opt/airflow/dags/dag_extract_dvizhenie.py
[2026-07-09T19:46:48.591+0000] {logging_mixin.py:190} INFO - [2026-07-09T19:46:48.591+0000] {dag.py:3239} INFO - Sync 1 DAGs
[2026-07-09T19:46:48.598+0000] {logging_mixin.py:190} INFO - [2026-07-09T19:46:48.598+0000] {dag.py:4180} INFO - Setting next_dagrun for dag_extract_dvizhenie to 2026-07-09 16:00:00+00:00, run_after=2026-07-09 18:00:00+00:00
[2026-07-09T19:46:48.604+0000] {processor.py:208} INFO - Processing /opt/airflow/dags/dag_extract_dvizhenie.py took 0.031 seconds
[2026-07-09T19:47:19.101+0000] {processor.py:186} INFO - Started process (PID=14916) to work on /opt/airflow/dags/dag_extract_dvizhenie.py
[2026-07-09T19:47:19.101+0000] {processor.py:914} INFO - Processing file /opt/airflow/dags/dag_extract_dvizhenie.py for tasks to queue
[2026-07-09T19:47:19.102+0000] {logging_mixin.py:190} INFO - [2026-07-09T19:47:19.102+0000] {dagbag.py:588} INFO - Filling up the DagBag from /opt/airflow/dags/dag_extract_dvizhenie.py
[2026-07-09T19:47:19.108+0000] {processor.py:925} INFO - DAG(s) 'dag_extract_dvizhenie' retrieved from /opt/airflow/dags/dag_extract_dvizhenie.py
[2026-07-09T19:47:19.120+0000] {logging_mixin.py:190} INFO - [2026-07-09T19:47:19.120+0000] {dag.py:3239} INFO - Sync 1 DAGs
[2026-07-09T19:47:19.129+0000] {logging_mixin.py:190} INFO - [2026-07-09T19:47:19.129+0000] {dag.py:4180} INFO - Setting next_dagrun for dag_extract_dvizhenie to 2026-07-09 16:00:00+00:00, run_after=2026-07-09 18:00:00+00:00
[2026-07-09T19:47:19.135+0000] {processor.py:208} INFO - Processing /opt/airflow/dags/dag_extract_dvizhenie.py took 0.037 seconds
[2026-07-09T19:47:49.590+0000] {processor.py:186} INFO - Started process (PID=14936) to work on /opt/airflow/dags/dag_extract_dvizhenie.py
[2026-07-09T19:47:49.590+0000] {processor.py:914} INFO - Processing file /opt/airflow/dags/dag_extract_dvizhenie.py for tasks to queue
[2026-07-09T19:47:49.591+0000] {logging_mixin.py:190} INFO - [2026-07-09T19:47:49.591+0000] {dagbag.py:588} INFO - Filling up the DagBag from /opt/airflow/dags/dag_extract_dvizhenie.py
[2026-07-09T19:47:49.596+0000] {processor.py:925} INFO - DAG(s) 'dag_extract_dvizhenie' retrieved from /opt/airflow/dags/dag_extract_dvizhenie.py
[2026-07-09T19:47:49.608+0000] {logging_mixin.py:190} INFO - [2026-07-09T19:47:49.608+0000] {dag.py:3239} INFO - Sync 1 DAGs
[2026-07-09T19:47:49.693+0000] {logging_mixin.py:190} INFO - [2026-07-09T19:47:49.693+0000] {dag.py:4180} INFO - Setting next_dagrun for dag_extract_dvizhenie to 2026-07-09 16:00:00+00:00, run_after=2026-07-09 18:00:00+00:00
[2026-07-09T19:47:49.701+0000] {processor.py:208} INFO - Processing /opt/airflow/dags/dag_extract_dvizhenie.py took 0.115 seconds
[2026-07-09T19:48:20.171+0000] {processor.py:186} INFO - Started process (PID=14958) to work on /opt/airflow/dags/dag_extract_dvizhenie.py
[2026-07-09T19:48:20.172+0000] {processor.py:914} INFO - Processing file /opt/airflow/dags/dag_extract_dvizhenie.py for tasks to queue
[2026-07-09T19:48:20.173+0000] {logging_mixin.py:190} INFO - [2026-07-09T19:48:20.172+0000] {dagbag.py:588} INFO - Filling up the DagBag from /opt/airflow/dags/dag_extract_dvizhenie.py
[2026-07-09T19:48:20.177+0000] {processor.py:925} INFO - DAG(s) 'dag_extract_dvizhenie' retrieved from /opt/airflow/dags/dag_extract_dvizhenie.py
[2026-07-09T19:48:20.187+0000] {logging_mixin.py:190} INFO - [2026-07-09T19:48:20.187+0000] {dag.py:3239} INFO - Sync 1 DAGs
[2026-07-09T19:48:20.194+0000] {logging_mixin.py:190} INFO - [2026-07-09T19:48:20.194+0000] {dag.py:4180} INFO - Setting next_dagrun for dag_extract_dvizhenie to 2026-07-09 16:00:00+00:00, run_after=2026-07-09 18:00:00+00:00
[2026-07-09T19:48:20.199+0000] {processor.py:208} INFO - Processing /opt/airflow/dags/dag_extract_dvizhenie.py took 0.031 seconds
[2026-07-09T19:48:50.729+0000] {processor.py:186} INFO - Started process (PID=14978) to work on /opt/airflow/dags/dag_extract_dvizhenie.py
[2026-07-09T19:48:50.729+0000] {processor.py:914} INFO - Processing file /opt/airflow/dags/dag_extract_dvizhenie.py for tasks to queue
[2026-07-09T19:48:50.730+0000] {logging_mixin.py:190} INFO - [2026-07-09T19:48:50.730+0000] {dagbag.py:588} INFO - Filling up the DagBag from /opt/airflow/dags/dag_extract_dvizhenie.py
[2026-07-09T19:48:50.735+0000] {processor.py:925} INFO - DAG(s) 'dag_extract_dvizhenie' retrieved from /opt/airflow/dags/dag_extract_dvizhenie.py
[2026-07-09T19:48:50.744+0000] {logging_mixin.py:190} INFO - [2026-07-09T19:48:50.744+0000] {dag.py:3239} INFO - Sync 1 DAGs
[2026-07-09T19:48:50.751+0000] {logging_mixin.py:190} INFO - [2026-07-09T19:48:50.751+0000] {dag.py:4180} INFO - Setting next_dagrun for dag_extract_dvizhenie to 2026-07-09 16:00:00+00:00, run_after=2026-07-09 18:00:00+00:00
[2026-07-09T19:48:50.756+0000] {processor.py:208} INFO - Processing /opt/airflow/dags/dag_extract_dvizhenie.py took 0.029 seconds
[2026-07-09T19:49:21.187+0000] {processor.py:186} INFO - Started process (PID=14996) to work on /opt/airflow/dags/dag_extract_dvizhenie.py
[2026-07-09T19:49:21.187+0000] {processor.py:914} INFO - Processing file /opt/airflow/dags/dag_extract_dvizhenie.py for tasks to queue
[2026-07-09T19:49:21.189+0000] {logging_mixin.py:190} INFO - [2026-07-09T19:49:21.188+0000] {dagbag.py:588} INFO - Filling up the DagBag from /opt/airflow/dags/dag_extract_dvizhenie.py
[2026-07-09T19:49:21.194+0000] {processor.py:925} INFO - DAG(s) 'dag_extract_dvizhenie' retrieved from /opt/airflow/dags/dag_extract_dvizhenie.py
[2026-07-09T19:49:21.205+0000] {logging_mixin.py:190} INFO - [2026-07-09T19:49:21.205+0000] {dag.py:3239} INFO - Sync 1 DAGs
[2026-07-09T19:49:21.287+0000] {logging_mixin.py:190} INFO - [2026-07-09T19:49:21.287+0000] {dag.py:4180} INFO - Setting next_dagrun for dag_extract_dvizhenie to 2026-07-09 16:00:00+00:00, run_after=2026-07-09 18:00:00+00:00
[2026-07-09T19:49:21.295+0000] {processor.py:208} INFO - Processing /opt/airflow/dags/dag_extract_dvizhenie.py took 0.111 seconds
[2026-07-09T19:49:51.845+0000] {processor.py:186} INFO - Started process (PID=15018) to work on /opt/airflow/dags/dag_extract_dvizhenie.py
[2026-07-09T19:49:51.845+0000] {processor.py:914} INFO - Processing file /opt/airflow/dags/dag_extract_dvizhenie.py for tasks to queue
[2026-07-09T19:49:51.846+0000] {logging_mixin.py:190} INFO - [2026-07-09T19:49:51.846+0000] {dagbag.py:588} INFO - Filling up the DagBag from /opt/airflow/dags/dag_extract_dvizhenie.py
[2026-07-09T19:49:51.850+0000] {processor.py:925} INFO - DAG(s) 'dag_extract_dvizhenie' retrieved from /opt/airflow/dags/dag_extract_dvizhenie.py
[2026-07-09T19:49:51.861+0000] {logging_mixin.py:190} INFO - [2026-07-09T19:49:51.861+0000] {dag.py:3239} INFO - Sync 1 DAGs
[2026-07-09T19:49:51.868+0000] {logging_mixin.py:190} INFO - [2026-07-09T19:49:51.868+0000] {dag.py:4180} INFO - Setting next_dagrun for dag_extract_dvizhenie to 2026-07-09 16:00:00+00:00, run_after=2026-07-09 18:00:00+00:00
[2026-07-09T19:49:51.873+0000] {processor.py:208} INFO - Processing /opt/airflow/dags/dag_extract_dvizhenie.py took 0.032 seconds
[2026-07-09T19:50:22.357+0000] {processor.py:186} INFO - Started process (PID=15038) to work on /opt/airflow/dags/dag_extract_dvizhenie.py
[2026-07-09T19:50:22.357+0000] {processor.py:914} INFO - Processing file /opt/airflow/dags/dag_extract_dvizhenie.py for tasks to queue
[2026-07-09T19:50:22.358+0000] {logging_mixin.py:190} INFO - [2026-07-09T19:50:22.358+0000] {dagbag.py:588} INFO - Filling up the DagBag from /opt/airflow/dags/dag_extract_dvizhenie.py
[2026-07-09T19:50:22.362+0000] {processor.py:925} INFO - DAG(s) 'dag_extract_dvizhenie' retrieved from /opt/airflow/dags/dag_extract_dvizhenie.py
[2026-07-09T19:50:22.372+0000] {logging_mixin.py:190} INFO - [2026-07-09T19:50:22.372+0000] {dag.py:3239} INFO - Sync 1 DAGs
[2026-07-09T19:50:22.379+0000] {logging_mixin.py:190} INFO - [2026-07-09T19:50:22.379+0000] {dag.py:4180} INFO - Setting next_dagrun for dag_extract_dvizhenie to 2026-07-09 16:00:00+00:00, run_after=2026-07-09 18:00:00+00:00
[2026-07-09T19:50:22.384+0000] {processor.py:208} INFO - Processing /opt/airflow/dags/dag_extract_dvizhenie.py took 0.030 seconds
[2026-07-09T19:50:52.830+0000] {processor.py:186} INFO - Started process (PID=15058) to work on /opt/airflow/dags/dag_extract_dvizhenie.py
[2026-07-09T19:50:52.830+0000] {processor.py:914} INFO - Processing file /opt/airflow/dags/dag_extract_dvizhenie.py for tasks to queue
[2026-07-09T19:50:52.831+0000] {logging_mixin.py:190} INFO - [2026-07-09T19:50:52.831+0000] {dagbag.py:588} INFO - Filling up the DagBag from /opt/airflow/dags/dag_extract_dvizhenie.py
[2026-07-09T19:50:52.836+0000] {processor.py:925} INFO - DAG(s) 'dag_extract_dvizhenie' retrieved from /opt/airflow/dags/dag_extract_dvizhenie.py
[2026-07-09T19:50:52.846+0000] {logging_mixin.py:190} INFO - [2026-07-09T19:50:52.846+0000] {dag.py:3239} INFO - Sync 1 DAGs
[2026-07-09T19:50:52.853+0000] {logging_mixin.py:190} INFO - [2026-07-09T19:50:52.853+0000] {dag.py:4180} INFO - Setting next_dagrun for dag_extract_dvizhenie to 2026-07-09 16:00:00+00:00, run_after=2026-07-09 18:00:00+00:00
[2026-07-09T19:50:52.858+0000] {processor.py:208} INFO - Processing /opt/airflow/dags/dag_extract_dvizhenie.py took 0.030 seconds
[2026-07-09T19:51:23.340+0000] {processor.py:186} INFO - Started process (PID=15078) to work on /opt/airflow/dags/dag_extract_dvizhenie.py
[2026-07-09T19:51:23.341+0000] {processor.py:914} INFO - Processing file /opt/airflow/dags/dag_extract_dvizhenie.py for tasks to queue
[2026-07-09T19:51:23.342+0000] {logging_mixin.py:190} INFO - [2026-07-09T19:51:23.341+0000] {dagbag.py:588} INFO - Filling up the DagBag from /opt/airflow/dags/dag_extract_dvizhenie.py
[2026-07-09T19:51:23.346+0000] {processor.py:925} INFO - DAG(s) 'dag_extract_dvizhenie' retrieved from /opt/airflow/dags/dag_extract_dvizhenie.py
[2026-07-09T19:51:23.356+0000] {logging_mixin.py:190} INFO - [2026-07-09T19:51:23.356+0000] {dag.py:3239} INFO - Sync 1 DAGs
[2026-07-09T19:51:23.363+0000] {logging_mixin.py:190} INFO - [2026-07-09T19:51:23.363+0000] {dag.py:4180} INFO - Setting next_dagrun for dag_extract_dvizhenie to 2026-07-09 16:00:00+00:00, run_after=2026-07-09 18:00:00+00:00
[2026-07-09T19:51:23.368+0000] {processor.py:208} INFO - Processing /opt/airflow/dags/dag_extract_dvizhenie.py took 0.030 seconds
[2026-07-09T19:51:53.849+0000] {processor.py:186} INFO - Started process (PID=15098) to work on /opt/airflow/dags/dag_extract_dvizhenie.py
[2026-07-09T19:51:53.850+0000] {processor.py:914} INFO - Processing file /opt/airflow/dags/dag_extract_dvizhenie.py for tasks to queue
[2026-07-09T19:51:53.851+0000] {logging_mixin.py:190} INFO - [2026-07-09T19:51:53.850+0000] {dagbag.py:588} INFO - Filling up the DagBag from /opt/airflow/dags/dag_extract_dvizhenie.py
[2026-07-09T19:51:53.855+0000] {processor.py:925} INFO - DAG(s) 'dag_extract_dvizhenie' retrieved from /opt/airflow/dags/dag_extract_dvizhenie.py
[2026-07-09T19:51:53.865+0000] {logging_mixin.py:190} INFO - [2026-07-09T19:51:53.865+0000] {dag.py:3239} INFO - Sync 1 DAGs
[2026-07-09T19:51:53.873+0000] {logging_mixin.py:190} INFO - [2026-07-09T19:51:53.873+0000] {dag.py:4180} INFO - Setting next_dagrun for dag_extract_dvizhenie to 2026-07-09 16:00:00+00:00, run_after=2026-07-09 18:00:00+00:00
[2026-07-09T19:51:53.878+0000] {processor.py:208} INFO - Processing /opt/airflow/dags/dag_extract_dvizhenie.py took 0.032 seconds
[2026-07-09T19:52:24.396+0000] {processor.py:186} INFO - Started process (PID=15117) to work on /opt/airflow/dags/dag_extract_dvizhenie.py
[2026-07-09T19:52:24.397+0000] {processor.py:914} INFO - Processing file /opt/airflow/dags/dag_extract_dvizhenie.py for tasks to queue
[2026-07-09T19:52:24.398+0000] {logging_mixin.py:190} INFO - [2026-07-09T19:52:24.398+0000] {dagbag.py:588} INFO - Filling up the DagBag from /opt/airflow/dags/dag_extract_dvizhenie.py
[2026-07-09T19:52:24.403+0000] {processor.py:925} INFO - DAG(s) 'dag_extract_dvizhenie' retrieved from /opt/airflow/dags/dag_extract_dvizhenie.py
[2026-07-09T19:52:24.416+0000] {logging_mixin.py:190} INFO - [2026-07-09T19:52:24.416+0000] {dag.py:3239} INFO - Sync 1 DAGs
[2026-07-09T19:52:24.429+0000] {logging_mixin.py:190} INFO - [2026-07-09T19:52:24.429+0000] {dag.py:4180} INFO - Setting next_dagrun for dag_extract_dvizhenie to 2026-07-09 16:00:00+00:00, run_after=2026-07-09 18:00:00+00:00
[2026-07-09T19:52:24.434+0000] {processor.py:208} INFO - Processing /opt/airflow/dags/dag_extract_dvizhenie.py took 0.041 seconds
[2026-07-09T19:52:54.871+0000] {processor.py:186} INFO - Started process (PID=15138) to work on /opt/airflow/dags/dag_extract_dvizhenie.py
[2026-07-09T19:52:54.871+0000] {processor.py:914} INFO - Processing file /opt/airflow/dags/dag_extract_dvizhenie.py for tasks to queue
[2026-07-09T19:52:54.872+0000] {logging_mixin.py:190} INFO - [2026-07-09T19:52:54.872+0000] {dagbag.py:588} INFO - Filling up the DagBag from /opt/airflow/dags/dag_extract_dvizhenie.py
[2026-07-09T19:52:54.877+0000] {processor.py:925} INFO - DAG(s) 'dag_extract_dvizhenie' retrieved from /opt/airflow/dags/dag_extract_dvizhenie.py
[2026-07-09T19:52:54.886+0000] {logging_mixin.py:190} INFO - [2026-07-09T19:52:54.886+0000] {dag.py:3239} INFO - Sync 1 DAGs
[2026-07-09T19:52:54.894+0000] {logging_mixin.py:190} INFO - [2026-07-09T19:52:54.893+0000] {dag.py:4180} INFO - Setting next_dagrun for dag_extract_dvizhenie to 2026-07-09 16:00:00+00:00, run_after=2026-07-09 18:00:00+00:00
[2026-07-09T19:52:54.898+0000] {processor.py:208} INFO - Processing /opt/airflow/dags/dag_extract_dvizhenie.py took 0.030 seconds
[2026-07-09T19:53:25.375+0000] {processor.py:186} INFO - Started process (PID=15158) to work on /opt/airflow/dags/dag_extract_dvizhenie.py
[2026-07-09T19:53:25.376+0000] {processor.py:914} INFO - Processing file /opt/airflow/dags/dag_extract_dvizhenie.py for tasks to queue
[2026-07-09T19:53:25.376+0000] {logging_mixin.py:190} INFO - [2026-07-09T19:53:25.376+0000] {dagbag.py:588} INFO - Filling up the DagBag from /opt/airflow/dags/dag_extract_dvizhenie.py
[2026-07-09T19:53:25.381+0000] {processor.py:925} INFO - DAG(s) 'dag_extract_dvizhenie' retrieved from /opt/airflow/dags/dag_extract_dvizhenie.py
[2026-07-09T19:53:25.391+0000] {logging_mixin.py:190} INFO - [2026-07-09T19:53:25.391+0000] {dag.py:3239} INFO - Sync 1 DAGs
[2026-07-09T19:53:25.398+0000] {logging_mixin.py:190} INFO - [2026-07-09T19:53:25.398+0000] {dag.py:4180} INFO - Setting next_dagrun for dag_extract_dvizhenie to 2026-07-09 16:00:00+00:00, run_after=2026-07-09 18:00:00+00:00
[2026-07-09T19:53:25.402+0000] {processor.py:208} INFO - Processing /opt/airflow/dags/dag_extract_dvizhenie.py took 0.030 seconds
[2026-07-09T19:53:55.879+0000] {processor.py:186} INFO - Started process (PID=15178) to work on /opt/airflow/dags/dag_extract_dvizhenie.py
[2026-07-09T19:53:55.880+0000] {processor.py:914} INFO - Processing file /opt/airflow/dags/dag_extract_dvizhenie.py for tasks to queue
[2026-07-09T19:53:55.881+0000] {logging_mixin.py:190} INFO - [2026-07-09T19:53:55.881+0000] {dagbag.py:588} INFO - Filling up the DagBag from /opt/airflow/dags/dag_extract_dvizhenie.py
[2026-07-09T19:53:55.885+0000] {processor.py:925} INFO - DAG(s) 'dag_extract_dvizhenie' retrieved from /opt/airflow/dags/dag_extract_dvizhenie.py
[2026-07-09T19:53:55.902+0000] {logging_mixin.py:190} INFO - [2026-07-09T19:53:55.902+0000] {dag.py:3239} INFO - Sync 1 DAGs
[2026-07-09T19:53:55.910+0000] {logging_mixin.py:190} INFO - [2026-07-09T19:53:55.910+0000] {dag.py:4180} INFO - Setting next_dagrun for dag_extract_dvizhenie to 2026-07-09 16:00:00+00:00, run_after=2026-07-09 18:00:00+00:00
[2026-07-09T19:53:55.918+0000] {processor.py:208} INFO - Processing /opt/airflow/dags/dag_extract_dvizhenie.py took 0.042 seconds
[2026-07-09T19:54:26.415+0000] {processor.py:186} INFO - Started process (PID=15196) to work on /opt/airflow/dags/dag_extract_dvizhenie.py
[2026-07-09T19:54:26.415+0000] {processor.py:914} INFO - Processing file /opt/airflow/dags/dag_extract_dvizhenie.py for tasks to queue
[2026-07-09T19:54:26.416+0000] {logging_mixin.py:190} INFO - [2026-07-09T19:54:26.416+0000] {dagbag.py:588} INFO - Filling up the DagBag from /opt/airflow/dags/dag_extract_dvizhenie.py
[2026-07-09T19:54:26.422+0000] {processor.py:925} INFO - DAG(s) 'dag_extract_dvizhenie' retrieved from /opt/airflow/dags/dag_extract_dvizhenie.py
[2026-07-09T19:54:26.436+0000] {logging_mixin.py:190} INFO - [2026-07-09T19:54:26.436+0000] {dag.py:3239} INFO - Sync 1 DAGs
[2026-07-09T19:54:26.443+0000] {logging_mixin.py:190} INFO - [2026-07-09T19:54:26.443+0000] {dag.py:4180} INFO - Setting next_dagrun for dag_extract_dvizhenie to 2026-07-09 16:00:00+00:00, run_after=2026-07-09 18:00:00+00:00
[2026-07-09T19:54:26.451+0000] {processor.py:208} INFO - Processing /opt/airflow/dags/dag_extract_dvizhenie.py took 0.038 seconds
[2026-07-09T19:54:56.881+0000] {processor.py:186} INFO - Started process (PID=15218) to work on /opt/airflow/dags/dag_extract_dvizhenie.py
[2026-07-09T19:54:56.881+0000] {processor.py:914} INFO - Processing file /opt/airflow/dags/dag_extract_dvizhenie.py for tasks to queue
[2026-07-09T19:54:56.882+0000] {logging_mixin.py:190} INFO - [2026-07-09T19:54:56.882+0000] {dagbag.py:588} INFO - Filling up the DagBag from /opt/airflow/dags/dag_extract_dvizhenie.py
[2026-07-09T19:54:56.886+0000] {processor.py:925} INFO - DAG(s) 'dag_extract_dvizhenie' retrieved from /opt/airflow/dags/dag_extract_dvizhenie.py
[2026-07-09T19:54:56.896+0000] {logging_mixin.py:190} INFO - [2026-07-09T19:54:56.896+0000] {dag.py:3239} INFO - Sync 1 DAGs
[2026-07-09T19:54:56.903+0000] {logging_mixin.py:190} INFO - [2026-07-09T19:54:56.903+0000] {dag.py:4180} INFO - Setting next_dagrun for dag_extract_dvizhenie to 2026-07-09 16:00:00+00:00, run_after=2026-07-09 18:00:00+00:00
[2026-07-09T19:54:56.907+0000] {processor.py:208} INFO - Processing /opt/airflow/dags/dag_extract_dvizhenie.py took 0.030 seconds
[2026-07-09T19:55:27.360+0000] {processor.py:186} INFO - Started process (PID=15238) to work on /opt/airflow/dags/dag_extract_dvizhenie.py
[2026-07-09T19:55:27.360+0000] {processor.py:914} INFO - Processing file /opt/airflow/dags/dag_extract_dvizhenie.py for tasks to queue
[2026-07-09T19:55:27.361+0000] {logging_mixin.py:190} INFO - [2026-07-09T19:55:27.361+0000] {dagbag.py:588} INFO - Filling up the DagBag from /opt/airflow/dags/dag_extract_dvizhenie.py
[2026-07-09T19:55:27.366+0000] {processor.py:925} INFO - DAG(s) 'dag_extract_dvizhenie' retrieved from /opt/airflow/dags/dag_extract_dvizhenie.py
[2026-07-09T19:55:27.375+0000] {logging_mixin.py:190} INFO - [2026-07-09T19:55:27.375+0000] {dag.py:3239} INFO - Sync 1 DAGs
[2026-07-09T19:55:27.383+0000] {logging_mixin.py:190} INFO - [2026-07-09T19:55:27.382+0000] {dag.py:4180} INFO - Setting next_dagrun for dag_extract_dvizhenie to 2026-07-09 16:00:00+00:00, run_after=2026-07-09 18:00:00+00:00
[2026-07-09T19:55:27.388+0000] {processor.py:208} INFO - Processing /opt/airflow/dags/dag_extract_dvizhenie.py took 0.030 seconds
[2026-07-09T19:55:57.868+0000] {processor.py:186} INFO - Started process (PID=15258) to work on /opt/airflow/dags/dag_extract_dvizhenie.py
[2026-07-09T19:55:57.868+0000] {processor.py:914} INFO - Processing file /opt/airflow/dags/dag_extract_dvizhenie.py for tasks to queue
[2026-07-09T19:55:57.869+0000] {logging_mixin.py:190} INFO - [2026-07-09T19:55:57.869+0000] {dagbag.py:588} INFO - Filling up the DagBag from /opt/airflow/dags/dag_extract_dvizhenie.py
[2026-07-09T19:55:57.874+0000] {processor.py:925} INFO - DAG(s) 'dag_extract_dvizhenie' retrieved from /opt/airflow/dags/dag_extract_dvizhenie.py
[2026-07-09T19:55:57.884+0000] {logging_mixin.py:190} INFO - [2026-07-09T19:55:57.884+0000] {dag.py:3239} INFO - Sync 1 DAGs
[2026-07-09T19:55:57.891+0000] {logging_mixin.py:190} INFO - [2026-07-09T19:55:57.891+0000] {dag.py:4180} INFO - Setting next_dagrun for dag_extract_dvizhenie to 2026-07-09 16:00:00+00:00, run_after=2026-07-09 18:00:00+00:00
[2026-07-09T19:55:57.896+0000] {processor.py:208} INFO - Processing /opt/airflow/dags/dag_extract_dvizhenie.py took 0.030 seconds
[2026-07-09T19:56:28.372+0000] {processor.py:186} INFO - Started process (PID=15278) to work on /opt/airflow/dags/dag_extract_dvizhenie.py
[2026-07-09T19:56:28.373+0000] {processor.py:914} INFO - Processing file /opt/airflow/dags/dag_extract_dvizhenie.py for tasks to queue
[2026-07-09T19:56:28.374+0000] {logging_mixin.py:190} INFO - [2026-07-09T19:56:28.373+0000] {dagbag.py:588} INFO - Filling up the DagBag from /opt/airflow/dags/dag_extract_dvizhenie.py
[2026-07-09T19:56:28.378+0000] {processor.py:925} INFO - DAG(s) 'dag_extract_dvizhenie' retrieved from /opt/airflow/dags/dag_extract_dvizhenie.py
[2026-07-09T19:56:28.387+0000] {logging_mixin.py:190} INFO - [2026-07-09T19:56:28.387+0000] {dag.py:3239} INFO - Sync 1 DAGs
[2026-07-09T19:56:28.394+0000] {logging_mixin.py:190} INFO - [2026-07-09T19:56:28.394+0000] {dag.py:4180} INFO - Setting next_dagrun for dag_extract_dvizhenie to 2026-07-09 16:00:00+00:00, run_after=2026-07-09 18:00:00+00:00
[2026-07-09T19:56:28.399+0000] {processor.py:208} INFO - Processing /opt/airflow/dags/dag_extract_dvizhenie.py took 0.029 seconds
[2026-07-09T19:56:58.854+0000] {processor.py:186} INFO - Started process (PID=15298) to work on /opt/airflow/dags/dag_extract_dvizhenie.py
[2026-07-09T19:56:58.854+0000] {processor.py:914} INFO - Processing file /opt/airflow/dags/dag_extract_dvizhenie.py for tasks to queue
[2026-07-09T19:56:58.855+0000] {logging_mixin.py:190} INFO - [2026-07-09T19:56:58.855+0000] {dagbag.py:588} INFO - Filling up the DagBag from /opt/airflow/dags/dag_extract_dvizhenie.py
[2026-07-09T19:56:58.860+0000] {processor.py:925} INFO - DAG(s) 'dag_extract_dvizhenie' retrieved from /opt/airflow/dags/dag_extract_dvizhenie.py
[2026-07-09T19:56:58.869+0000] {logging_mixin.py:190} INFO - [2026-07-09T19:56:58.869+0000] {dag.py:3239} INFO - Sync 1 DAGs
[2026-07-09T19:56:58.877+0000] {logging_mixin.py:190} INFO - [2026-07-09T19:56:58.877+0000] {dag.py:4180} INFO - Setting next_dagrun for dag_extract_dvizhenie to 2026-07-09 16:00:00+00:00, run_after=2026-07-09 18:00:00+00:00
[2026-07-09T19:56:58.881+0000] {processor.py:208} INFO - Processing /opt/airflow/dags/dag_extract_dvizhenie.py took 0.029 seconds
[2026-07-09T19:57:29.356+0000] {processor.py:186} INFO - Started process (PID=15318) to work on /opt/airflow/dags/dag_extract_dvizhenie.py
[2026-07-09T19:57:29.357+0000] {processor.py:914} INFO - Processing file /opt/airflow/dags/dag_extract_dvizhenie.py for tasks to queue
[2026-07-09T19:57:29.358+0000] {logging_mixin.py:190} INFO - [2026-07-09T19:57:29.358+0000] {dagbag.py:588} INFO - Filling up the DagBag from /opt/airflow/dags/dag_extract_dvizhenie.py
[2026-07-09T19:57:29.362+0000] {processor.py:925} INFO - DAG(s) 'dag_extract_dvizhenie' retrieved from /opt/airflow/dags/dag_extract_dvizhenie.py
[2026-07-09T19:57:29.372+0000] {logging_mixin.py:190} INFO - [2026-07-09T19:57:29.372+0000] {dag.py:3239} INFO - Sync 1 DAGs
[2026-07-09T19:57:29.379+0000] {logging_mixin.py:190} INFO - [2026-07-09T19:57:29.379+0000] {dag.py:4180} INFO - Setting next_dagrun for dag_extract_dvizhenie to 2026-07-09 16:00:00+00:00, run_after=2026-07-09 18:00:00+00:00
[2026-07-09T19:57:29.384+0000] {processor.py:208} INFO - Processing /opt/airflow/dags/dag_extract_dvizhenie.py took 0.030 seconds
[2026-07-09T19:57:59.859+0000] {processor.py:186} INFO - Started process (PID=15336) to work on /opt/airflow/dags/dag_extract_dvizhenie.py
[2026-07-09T19:57:59.860+0000] {processor.py:914} INFO - Processing file /opt/airflow/dags/dag_extract_dvizhenie.py for tasks to queue
[2026-07-09T19:57:59.862+0000] {logging_mixin.py:190} INFO - [2026-07-09T19:57:59.862+0000] {dagbag.py:588} INFO - Filling up the DagBag from /opt/airflow/dags/dag_extract_dvizhenie.py
[2026-07-09T19:57:59.867+0000] {processor.py:925} INFO - DAG(s) 'dag_extract_dvizhenie' retrieved from /opt/airflow/dags/dag_extract_dvizhenie.py
[2026-07-09T19:57:59.882+0000] {logging_mixin.py:190} INFO - [2026-07-09T19:57:59.881+0000] {dag.py:3239} INFO - Sync 1 DAGs
[2026-07-09T19:57:59.890+0000] {logging_mixin.py:190} INFO - [2026-07-09T19:57:59.890+0000] {dag.py:4180} INFO - Setting next_dagrun for dag_extract_dvizhenie to 2026-07-09 16:00:00+00:00, run_after=2026-07-09 18:00:00+00:00
[2026-07-09T19:57:59.895+0000] {processor.py:208} INFO - Processing /opt/airflow/dags/dag_extract_dvizhenie.py took 0.039 seconds
[2026-07-09T19:58:30.351+0000] {processor.py:186} INFO - Started process (PID=15358) to work on /opt/airflow/dags/dag_extract_dvizhenie.py
[2026-07-09T19:58:30.352+0000] {processor.py:914} INFO - Processing file /opt/airflow/dags/dag_extract_dvizhenie.py for tasks to queue
[2026-07-09T19:58:30.352+0000] {logging_mixin.py:190} INFO - [2026-07-09T19:58:30.352+0000] {dagbag.py:588} INFO - Filling up the DagBag from /opt/airflow/dags/dag_extract_dvizhenie.py
[2026-07-09T19:58:30.357+0000] {processor.py:925} INFO - DAG(s) 'dag_extract_dvizhenie' retrieved from /opt/airflow/dags/dag_extract_dvizhenie.py
[2026-07-09T19:58:30.367+0000] {logging_mixin.py:190} INFO - [2026-07-09T19:58:30.367+0000] {dag.py:3239} INFO - Sync 1 DAGs
[2026-07-09T19:58:30.374+0000] {logging_mixin.py:190} INFO - [2026-07-09T19:58:30.374+0000] {dag.py:4180} INFO - Setting next_dagrun for dag_extract_dvizhenie to 2026-07-09 16:00:00+00:00, run_after=2026-07-09 18:00:00+00:00
[2026-07-09T19:58:30.379+0000] {processor.py:208} INFO - Processing /opt/airflow/dags/dag_extract_dvizhenie.py took 0.030 seconds
[2026-07-09T19:59:00.816+0000] {processor.py:186} INFO - Started process (PID=15378) to work on /opt/airflow/dags/dag_extract_dvizhenie.py
[2026-07-09T19:59:00.816+0000] {processor.py:914} INFO - Processing file /opt/airflow/dags/dag_extract_dvizhenie.py for tasks to queue
[2026-07-09T19:59:00.817+0000] {logging_mixin.py:190} INFO - [2026-07-09T19:59:00.817+0000] {dagbag.py:588} INFO - Filling up the DagBag from /opt/airflow/dags/dag_extract_dvizhenie.py
[2026-07-09T19:59:00.822+0000] {processor.py:925} INFO - DAG(s) 'dag_extract_dvizhenie' retrieved from /opt/airflow/dags/dag_extract_dvizhenie.py
[2026-07-09T19:59:00.832+0000] {logging_mixin.py:190} INFO - [2026-07-09T19:59:00.832+0000] {dag.py:3239} INFO - Sync 1 DAGs
[2026-07-09T19:59:00.840+0000] {logging_mixin.py:190} INFO - [2026-07-09T19:59:00.840+0000] {dag.py:4180} INFO - Setting next_dagrun for dag_extract_dvizhenie to 2026-07-09 16:00:00+00:00, run_after=2026-07-09 18:00:00+00:00
[2026-07-09T19:59:00.844+0000] {processor.py:208} INFO - Processing /opt/airflow/dags/dag_extract_dvizhenie.py took 0.031 seconds
[2026-07-09T19:59:31.353+0000] {processor.py:186} INFO - Started process (PID=15398) to work on /opt/airflow/dags/dag_extract_dvizhenie.py
[2026-07-09T19:59:31.353+0000] {processor.py:914} INFO - Processing file /opt/airflow/dags/dag_extract_dvizhenie.py for tasks to queue
[2026-07-09T19:59:31.354+0000] {logging_mixin.py:190} INFO - [2026-07-09T19:59:31.354+0000] {dagbag.py:588} INFO - Filling up the DagBag from /opt/airflow/dags/dag_extract_dvizhenie.py
[2026-07-09T19:59:31.358+0000] {processor.py:925} INFO - DAG(s) 'dag_extract_dvizhenie' retrieved from /opt/airflow/dags/dag_extract_dvizhenie.py
[2026-07-09T19:59:31.368+0000] {logging_mixin.py:190} INFO - [2026-07-09T19:59:31.368+0000] {dag.py:3239} INFO - Sync 1 DAGs
[2026-07-09T19:59:31.376+0000] {logging_mixin.py:190} INFO - [2026-07-09T19:59:31.375+0000] {dag.py:4180} INFO - Setting next_dagrun for dag_extract_dvizhenie to 2026-07-09 16:00:00+00:00, run_after=2026-07-09 18:00:00+00:00
[2026-07-09T19:59:31.380+0000] {processor.py:208} INFO - Processing /opt/airflow/dags/dag_extract_dvizhenie.py took 0.030 seconds
[2026-07-09T20:00:01.883+0000] {processor.py:186} INFO - Started process (PID=15418) to work on /opt/airflow/dags/dag_extract_dvizhenie.py
[2026-07-09T20:00:01.883+0000] {processor.py:914} INFO - Processing file /opt/airflow/dags/dag_extract_dvizhenie.py for tasks to queue
[2026-07-09T20:00:01.884+0000] {logging_mixin.py:190} INFO - [2026-07-09T20:00:01.884+0000] {dagbag.py:588} INFO - Filling up the DagBag from /opt/airflow/dags/dag_extract_dvizhenie.py
[2026-07-09T20:00:01.889+0000] {processor.py:925} INFO - DAG(s) 'dag_extract_dvizhenie' retrieved from /opt/airflow/dags/dag_extract_dvizhenie.py
[2026-07-09T20:00:01.899+0000] {logging_mixin.py:190} INFO - [2026-07-09T20:00:01.899+0000] {dag.py:3239} INFO - Sync 1 DAGs
[2026-07-09T20:00:01.908+0000] {logging_mixin.py:190} INFO - [2026-07-09T20:00:01.908+0000] {dag.py:4180} INFO - Setting next_dagrun for dag_extract_dvizhenie to 2026-07-09 18:00:00+00:00, run_after=2026-07-09 20:00:00+00:00
[2026-07-09T20:00:01.920+0000] {processor.py:208} INFO - Processing /opt/airflow/dags/dag_extract_dvizhenie.py took 0.040 seconds
[2026-07-09T20:00:32.333+0000] {processor.py:186} INFO - Started process (PID=15438) to work on /opt/airflow/dags/dag_extract_dvizhenie.py
[2026-07-09T20:00:32.333+0000] {processor.py:914} INFO - Processing file /opt/airflow/dags/dag_extract_dvizhenie.py for tasks to queue
[2026-07-09T20:00:32.334+0000] {logging_mixin.py:190} INFO - [2026-07-09T20:00:32.334+0000] {dagbag.py:588} INFO - Filling up the DagBag from /opt/airflow/dags/dag_extract_dvizhenie.py
[2026-07-09T20:00:32.339+0000] {processor.py:925} INFO - DAG(s) 'dag_extract_dvizhenie' retrieved from /opt/airflow/dags/dag_extract_dvizhenie.py
[2026-07-09T20:00:32.349+0000] {logging_mixin.py:190} INFO - [2026-07-09T20:00:32.349+0000] {dag.py:3239} INFO - Sync 1 DAGs
[2026-07-09T20:00:32.356+0000] {logging_mixin.py:190} INFO - [2026-07-09T20:00:32.356+0000] {dag.py:4180} INFO - Setting next_dagrun for dag_extract_dvizhenie to 2026-07-09 18:00:00+00:00, run_after=2026-07-09 20:00:00+00:00
[2026-07-09T20:00:32.360+0000] {processor.py:208} INFO - Processing /opt/airflow/dags/dag_extract_dvizhenie.py took 0.030 seconds
[2026-07-09T20:01:02.823+0000] {processor.py:186} INFO - Started process (PID=15458) to work on /opt/airflow/dags/dag_extract_dvizhenie.py
[2026-07-09T20:01:02.823+0000] {processor.py:914} INFO - Processing file /opt/airflow/dags/dag_extract_dvizhenie.py for tasks to queue
[2026-07-09T20:01:02.824+0000] {logging_mixin.py:190} INFO - [2026-07-09T20:01:02.824+0000] {dagbag.py:588} INFO - Filling up the DagBag from /opt/airflow/dags/dag_extract_dvizhenie.py
[2026-07-09T20:01:02.828+0000] {processor.py:925} INFO - DAG(s) 'dag_extract_dvizhenie' retrieved from /opt/airflow/dags/dag_extract_dvizhenie.py
[2026-07-09T20:01:02.838+0000] {logging_mixin.py:190} INFO - [2026-07-09T20:01:02.838+0000] {dag.py:3239} INFO - Sync 1 DAGs
[2026-07-09T20:01:02.845+0000] {logging_mixin.py:190} INFO - [2026-07-09T20:01:02.845+0000] {dag.py:4180} INFO - Setting next_dagrun for dag_extract_dvizhenie to 2026-07-09 18:00:00+00:00, run_after=2026-07-09 20:00:00+00:00
[2026-07-09T20:01:02.850+0000] {processor.py:208} INFO - Processing /opt/airflow/dags/dag_extract_dvizhenie.py took 0.030 seconds
[2026-07-09T20:01:33.273+0000] {processor.py:186} INFO - Started process (PID=15476) to work on /opt/airflow/dags/dag_extract_dvizhenie.py
[2026-07-09T20:01:33.274+0000] {processor.py:914} INFO - Processing file /opt/airflow/dags/dag_extract_dvizhenie.py for tasks to queue
[2026-07-09T20:01:33.275+0000] {logging_mixin.py:190} INFO - [2026-07-09T20:01:33.275+0000] {dagbag.py:588} INFO - Filling up the DagBag from /opt/airflow/dags/dag_extract_dvizhenie.py
[2026-07-09T20:01:33.282+0000] {processor.py:925} INFO - DAG(s) 'dag_extract_dvizhenie' retrieved from /opt/airflow/dags/dag_extract_dvizhenie.py
[2026-07-09T20:01:33.295+0000] {logging_mixin.py:190} INFO - [2026-07-09T20:01:33.295+0000] {dag.py:3239} INFO - Sync 1 DAGs
[2026-07-09T20:01:33.303+0000] {logging_mixin.py:190} INFO - [2026-07-09T20:01:33.303+0000] {dag.py:4180} INFO - Setting next_dagrun for dag_extract_dvizhenie to 2026-07-09 18:00:00+00:00, run_after=2026-07-09 20:00:00+00:00
[2026-07-09T20:01:33.310+0000] {processor.py:208} INFO - Processing /opt/airflow/dags/dag_extract_dvizhenie.py took 0.039 seconds
[2026-07-09T20:02:03.796+0000] {processor.py:186} INFO - Started process (PID=15498) to work on /opt/airflow/dags/dag_extract_dvizhenie.py
[2026-07-09T20:02:03.796+0000] {processor.py:914} INFO - Processing file /opt/airflow/dags/dag_extract_dvizhenie.py for tasks to queue
[2026-07-09T20:02:03.797+0000] {logging_mixin.py:190} INFO - [2026-07-09T20:02:03.797+0000] {dagbag.py:588} INFO - Filling up the DagBag from /opt/airflow/dags/dag_extract_dvizhenie.py
[2026-07-09T20:02:03.801+0000] {processor.py:925} INFO - DAG(s) 'dag_extract_dvizhenie' retrieved from /opt/airflow/dags/dag_extract_dvizhenie.py
[2026-07-09T20:02:03.811+0000] {logging_mixin.py:190} INFO - [2026-07-09T20:02:03.811+0000] {dag.py:3239} INFO - Sync 1 DAGs
[2026-07-09T20:02:03.818+0000] {logging_mixin.py:190} INFO - [2026-07-09T20:02:03.818+0000] {dag.py:4180} INFO - Setting next_dagrun for dag_extract_dvizhenie to 2026-07-09 18:00:00+00:00, run_after=2026-07-09 20:00:00+00:00
[2026-07-09T20:02:03.823+0000] {processor.py:208} INFO - Processing /opt/airflow/dags/dag_extract_dvizhenie.py took 0.030 seconds
[2026-07-09T20:02:34.269+0000] {processor.py:186} INFO - Started process (PID=15518) to work on /opt/airflow/dags/dag_extract_dvizhenie.py
[2026-07-09T20:02:34.269+0000] {processor.py:914} INFO - Processing file /opt/airflow/dags/dag_extract_dvizhenie.py for tasks to queue
[2026-07-09T20:02:34.270+0000] {logging_mixin.py:190} INFO - [2026-07-09T20:02:34.270+0000] {dagbag.py:588} INFO - Filling up the DagBag from /opt/airflow/dags/dag_extract_dvizhenie.py
[2026-07-09T20:02:34.274+0000] {processor.py:925} INFO - DAG(s) 'dag_extract_dvizhenie' retrieved from /opt/airflow/dags/dag_extract_dvizhenie.py
[2026-07-09T20:02:34.284+0000] {logging_mixin.py:190} INFO - [2026-07-09T20:02:34.284+0000] {dag.py:3239} INFO - Sync 1 DAGs
[2026-07-09T20:02:34.291+0000] {logging_mixin.py:190} INFO - [2026-07-09T20:02:34.291+0000] {dag.py:4180} INFO - Setting next_dagrun for dag_extract_dvizhenie to 2026-07-09 18:00:00+00:00, run_after=2026-07-09 20:00:00+00:00
[2026-07-09T20:02:34.296+0000] {processor.py:208} INFO - Processing /opt/airflow/dags/dag_extract_dvizhenie.py took 0.030 seconds
[2026-07-09T20:03:04.750+0000] {processor.py:186} INFO - Started process (PID=15538) to work on /opt/airflow/dags/dag_extract_dvizhenie.py
[2026-07-09T20:03:04.750+0000] {processor.py:914} INFO - Processing file /opt/airflow/dags/dag_extract_dvizhenie.py for tasks to queue
[2026-07-09T20:03:04.751+0000] {logging_mixin.py:190} INFO - [2026-07-09T20:03:04.751+0000] {dagbag.py:588} INFO - Filling up the DagBag from /opt/airflow/dags/dag_extract_dvizhenie.py
[2026-07-09T20:03:04.756+0000] {processor.py:925} INFO - DAG(s) 'dag_extract_dvizhenie' retrieved from /opt/airflow/dags/dag_extract_dvizhenie.py
[2026-07-09T20:03:04.765+0000] {logging_mixin.py:190} INFO - [2026-07-09T20:03:04.765+0000] {dag.py:3239} INFO - Sync 1 DAGs
[2026-07-09T20:03:04.772+0000] {logging_mixin.py:190} INFO - [2026-07-09T20:03:04.772+0000] {dag.py:4180} INFO - Setting next_dagrun for dag_extract_dvizhenie to 2026-07-09 18:00:00+00:00, run_after=2026-07-09 20:00:00+00:00
[2026-07-09T20:03:04.777+0000] {processor.py:208} INFO - Processing /opt/airflow/dags/dag_extract_dvizhenie.py took 0.030 seconds
[2026-07-09T20:03:35.305+0000] {processor.py:186} INFO - Started process (PID=15558) to work on /opt/airflow/dags/dag_extract_dvizhenie.py
[2026-07-09T20:03:35.306+0000] {processor.py:914} INFO - Processing file /opt/airflow/dags/dag_extract_dvizhenie.py for tasks to queue
[2026-07-09T20:03:35.307+0000] {logging_mixin.py:190} INFO - [2026-07-09T20:03:35.307+0000] {dagbag.py:588} INFO - Filling up the DagBag from /opt/airflow/dags/dag_extract_dvizhenie.py
[2026-07-09T20:03:35.313+0000] {processor.py:925} INFO - DAG(s) 'dag_extract_dvizhenie' retrieved from /opt/airflow/dags/dag_extract_dvizhenie.py
[2026-07-09T20:03:35.323+0000] {logging_mixin.py:190} INFO - [2026-07-09T20:03:35.323+0000] {dag.py:3239} INFO - Sync 1 DAGs
[2026-07-09T20:03:35.330+0000] {logging_mixin.py:190} INFO - [2026-07-09T20:03:35.330+0000] {dag.py:4180} INFO - Setting next_dagrun for dag_extract_dvizhenie to 2026-07-09 18:00:00+00:00, run_after=2026-07-09 20:00:00+00:00
[2026-07-09T20:03:35.335+0000] {processor.py:208} INFO - Processing /opt/airflow/dags/dag_extract_dvizhenie.py took 0.032 seconds
[2026-07-09T20:04:05.781+0000] {processor.py:186} INFO - Started process (PID=15578) to work on /opt/airflow/dags/dag_extract_dvizhenie.py
[2026-07-09T20:04:05.782+0000] {processor.py:914} INFO - Processing file /opt/airflow/dags/dag_extract_dvizhenie.py for tasks to queue
[2026-07-09T20:04:05.782+0000] {logging_mixin.py:190} INFO - [2026-07-09T20:04:05.782+0000] {dagbag.py:588} INFO - Filling up the DagBag from /opt/airflow/dags/dag_extract_dvizhenie.py
[2026-07-09T20:04:05.787+0000] {processor.py:925} INFO - DAG(s) 'dag_extract_dvizhenie' retrieved from /opt/airflow/dags/dag_extract_dvizhenie.py
[2026-07-09T20:04:05.797+0000] {logging_mixin.py:190} INFO - [2026-07-09T20:04:05.796+0000] {dag.py:3239} INFO - Sync 1 DAGs
[2026-07-09T20:04:05.804+0000] {logging_mixin.py:190} INFO - [2026-07-09T20:04:05.804+0000] {dag.py:4180} INFO - Setting next_dagrun for dag_extract_dvizhenie to 2026-07-09 18:00:00+00:00, run_after=2026-07-09 20:00:00+00:00
[2026-07-09T20:04:05.809+0000] {processor.py:208} INFO - Processing /opt/airflow/dags/dag_extract_dvizhenie.py took 0.030 seconds
[2026-07-09T20:04:36.240+0000] {processor.py:186} INFO - Started process (PID=15598) to work on /opt/airflow/dags/dag_extract_dvizhenie.py
[2026-07-09T20:04:36.240+0000] {processor.py:914} INFO - Processing file /opt/airflow/dags/dag_extract_dvizhenie.py for tasks to queue
[2026-07-09T20:04:36.241+0000] {logging_mixin.py:190} INFO - [2026-07-09T20:04:36.241+0000] {dagbag.py:588} INFO - Filling up the DagBag from /opt/airflow/dags/dag_extract_dvizhenie.py
[2026-07-09T20:04:36.245+0000] {processor.py:925} INFO - DAG(s) 'dag_extract_dvizhenie' retrieved from /opt/airflow/dags/dag_extract_dvizhenie.py
[2026-07-09T20:04:36.255+0000] {logging_mixin.py:190} INFO - [2026-07-09T20:04:36.255+0000] {dag.py:3239} INFO - Sync 1 DAGs
[2026-07-09T20:04:36.262+0000] {logging_mixin.py:190} INFO - [2026-07-09T20:04:36.262+0000] {dag.py:4180} INFO - Setting next_dagrun for dag_extract_dvizhenie to 2026-07-09 18:00:00+00:00, run_after=2026-07-09 20:00:00+00:00
[2026-07-09T20:04:36.267+0000] {processor.py:208} INFO - Processing /opt/airflow/dags/dag_extract_dvizhenie.py took 0.030 seconds
[2026-07-09T20:05:06.759+0000] {processor.py:186} INFO - Started process (PID=15618) to work on /opt/airflow/dags/dag_extract_dvizhenie.py
[2026-07-09T20:05:06.759+0000] {processor.py:914} INFO - Processing file /opt/airflow/dags/dag_extract_dvizhenie.py for tasks to queue
[2026-07-09T20:05:06.760+0000] {logging_mixin.py:190} INFO - [2026-07-09T20:05:06.760+0000] {dagbag.py:588} INFO - Filling up the DagBag from /opt/airflow/dags/dag_extract_dvizhenie.py
[2026-07-09T20:05:06.765+0000] {processor.py:925} INFO - DAG(s) 'dag_extract_dvizhenie' retrieved from /opt/airflow/dags/dag_extract_dvizhenie.py
[2026-07-09T20:05:06.774+0000] {logging_mixin.py:190} INFO - [2026-07-09T20:05:06.774+0000] {dag.py:3239} INFO - Sync 1 DAGs
[2026-07-09T20:05:06.782+0000] {logging_mixin.py:190} INFO - [2026-07-09T20:05:06.781+0000] {dag.py:4180} INFO - Setting next_dagrun for dag_extract_dvizhenie to 2026-07-09 18:00:00+00:00, run_after=2026-07-09 20:00:00+00:00
[2026-07-09T20:05:06.786+0000] {processor.py:208} INFO - Processing /opt/airflow/dags/dag_extract_dvizhenie.py took 0.030 seconds
[2026-07-09T20:05:37.261+0000] {processor.py:186} INFO - Started process (PID=15638) to work on /opt/airflow/dags/dag_extract_dvizhenie.py
[2026-07-09T20:05:37.262+0000] {processor.py:914} INFO - Processing file /opt/airflow/dags/dag_extract_dvizhenie.py for tasks to queue
[2026-07-09T20:05:37.263+0000] {logging_mixin.py:190} INFO - [2026-07-09T20:05:37.263+0000] {dagbag.py:588} INFO - Filling up the DagBag from /opt/airflow/dags/dag_extract_dvizhenie.py
[2026-07-09T20:05:37.268+0000] {processor.py:925} INFO - DAG(s) 'dag_extract_dvizhenie' retrieved from /opt/airflow/dags/dag_extract_dvizhenie.py
[2026-07-09T20:05:37.282+0000] {logging_mixin.py:190} INFO - [2026-07-09T20:05:37.282+0000] {dag.py:3239} INFO - Sync 1 DAGs
[2026-07-09T20:05:37.289+0000] {logging_mixin.py:190} INFO - [2026-07-09T20:05:37.289+0000] {dag.py:4180} INFO - Setting next_dagrun for dag_extract_dvizhenie to 2026-07-09 18:00:00+00:00, run_after=2026-07-09 20:00:00+00:00
[2026-07-09T20:05:37.296+0000] {processor.py:208} INFO - Processing /opt/airflow/dags/dag_extract_dvizhenie.py took 0.038 seconds
[2026-07-09T20:06:07.991+0000] {processor.py:186} INFO - Started process (PID=15658) to work on /opt/airflow/dags/dag_extract_dvizhenie.py
[2026-07-09T20:06:07.991+0000] {processor.py:914} INFO - Processing file /opt/airflow/dags/dag_extract_dvizhenie.py for tasks to queue
[2026-07-09T20:06:07.992+0000] {logging_mixin.py:190} INFO - [2026-07-09T20:06:07.992+0000] {dagbag.py:588} INFO - Filling up the DagBag from /opt/airflow/dags/dag_extract_dvizhenie.py
[2026-07-09T20:06:07.997+0000] {processor.py:925} INFO - DAG(s) 'dag_extract_dvizhenie' retrieved from /opt/airflow/dags/dag_extract_dvizhenie.py
[2026-07-09T20:06:08.007+0000] {logging_mixin.py:190} INFO - [2026-07-09T20:06:08.007+0000] {dag.py:3239} INFO - Sync 1 DAGs
[2026-07-09T20:06:08.014+0000] {logging_mixin.py:190} INFO - [2026-07-09T20:06:08.014+0000] {dag.py:4180} INFO - Setting next_dagrun for dag_extract_dvizhenie to 2026-07-09 18:00:00+00:00, run_after=2026-07-09 20:00:00+00:00
[2026-07-09T20:06:08.019+0000] {processor.py:208} INFO - Processing /opt/airflow/dags/dag_extract_dvizhenie.py took 0.031 seconds
[2026-07-09T20:14:20.805+0000] {processor.py:186} INFO - Started process (PID=15678) to work on /opt/airflow/dags/dag_extract_dvizhenie.py
[2026-07-09T20:14:20.806+0000] {processor.py:914} INFO - Processing file /opt/airflow/dags/dag_extract_dvizhenie.py for tasks to queue
[2026-07-09T20:14:20.808+0000] {logging_mixin.py:190} INFO - [2026-07-09T20:14:20.807+0000] {dagbag.py:588} INFO - Filling up the DagBag from /opt/airflow/dags/dag_extract_dvizhenie.py
[2026-07-09T20:14:20.813+0000] {processor.py:925} INFO - DAG(s) 'dag_extract_dvizhenie' retrieved from /opt/airflow/dags/dag_extract_dvizhenie.py
[2026-07-09T20:14:20.828+0000] {logging_mixin.py:190} INFO - [2026-07-09T20:14:20.828+0000] {dag.py:3239} INFO - Sync 1 DAGs
[2026-07-09T20:14:20.836+0000] {logging_mixin.py:190} INFO - [2026-07-09T20:14:20.836+0000] {dag.py:4180} INFO - Setting next_dagrun for dag_extract_dvizhenie to 2026-07-09 18:00:00+00:00, run_after=2026-07-09 20:00:00+00:00
[2026-07-09T20:14:20.841+0000] {processor.py:208} INFO - Processing /opt/airflow/dags/dag_extract_dvizhenie.py took 0.039 seconds
[2026-07-09T20:14:51.298+0000] {processor.py:186} INFO - Started process (PID=15698) to work on /opt/airflow/dags/dag_extract_dvizhenie.py
[2026-07-09T20:14:51.299+0000] {processor.py:914} INFO - Processing file /opt/airflow/dags/dag_extract_dvizhenie.py for tasks to queue
[2026-07-09T20:14:51.299+0000] {logging_mixin.py:190} INFO - [2026-07-09T20:14:51.299+0000] {dagbag.py:588} INFO - Filling up the DagBag from /opt/airflow/dags/dag_extract_dvizhenie.py
[2026-07-09T20:14:51.304+0000] {processor.py:925} INFO - DAG(s) 'dag_extract_dvizhenie' retrieved from /opt/airflow/dags/dag_extract_dvizhenie.py
[2026-07-09T20:14:51.314+0000] {logging_mixin.py:190} INFO - [2026-07-09T20:14:51.314+0000] {dag.py:3239} INFO - Sync 1 DAGs
[2026-07-09T20:14:51.321+0000] {logging_mixin.py:190} INFO - [2026-07-09T20:14:51.321+0000] {dag.py:4180} INFO - Setting next_dagrun for dag_extract_dvizhenie to 2026-07-09 18:00:00+00:00, run_after=2026-07-09 20:00:00+00:00
[2026-07-09T20:14:51.325+0000] {processor.py:208} INFO - Processing /opt/airflow/dags/dag_extract_dvizhenie.py took 0.030 seconds
[2026-07-09T20:15:49.195+0000] {processor.py:186} INFO - Started process (PID=15718) to work on /opt/airflow/dags/dag_extract_dvizhenie.py
[2026-07-09T20:15:49.195+0000] {processor.py:914} INFO - Processing file /opt/airflow/dags/dag_extract_dvizhenie.py for tasks to queue
[2026-07-09T20:15:49.196+0000] {logging_mixin.py:190} INFO - [2026-07-09T20:15:49.196+0000] {dagbag.py:588} INFO - Filling up the DagBag from /opt/airflow/dags/dag_extract_dvizhenie.py
[2026-07-09T20:15:49.200+0000] {processor.py:925} INFO - DAG(s) 'dag_extract_dvizhenie' retrieved from /opt/airflow/dags/dag_extract_dvizhenie.py
[2026-07-09T20:15:49.210+0000] {logging_mixin.py:190} INFO - [2026-07-09T20:15:49.210+0000] {dag.py:3239} INFO - Sync 1 DAGs
[2026-07-09T20:15:49.217+0000] {logging_mixin.py:190} INFO - [2026-07-09T20:15:49.217+0000] {dag.py:4180} INFO - Setting next_dagrun for dag_extract_dvizhenie to 2026-07-09 18:00:00+00:00, run_after=2026-07-09 20:00:00+00:00
[2026-07-09T20:15:49.222+0000] {processor.py:208} INFO - Processing /opt/airflow/dags/dag_extract_dvizhenie.py took 0.030 seconds
[2026-07-09T20:31:18.421+0000] {processor.py:186} INFO - Started process (PID=15738) to work on /opt/airflow/dags/dag_extract_dvizhenie.py
[2026-07-09T20:31:18.421+0000] {processor.py:914} INFO - Processing file /opt/airflow/dags/dag_extract_dvizhenie.py for tasks to queue
[2026-07-09T20:31:18.422+0000] {logging_mixin.py:190} INFO - [2026-07-09T20:31:18.422+0000] {dagbag.py:588} INFO - Filling up the DagBag from /opt/airflow/dags/dag_extract_dvizhenie.py
[2026-07-09T20:31:18.426+0000] {processor.py:925} INFO - DAG(s) 'dag_extract_dvizhenie' retrieved from /opt/airflow/dags/dag_extract_dvizhenie.py
[2026-07-09T20:31:18.437+0000] {logging_mixin.py:190} INFO - [2026-07-09T20:31:18.437+0000] {dag.py:3239} INFO - Sync 1 DAGs
[2026-07-09T20:31:18.444+0000] {logging_mixin.py:190} INFO - [2026-07-09T20:31:18.444+0000] {dag.py:4180} INFO - Setting next_dagrun for dag_extract_dvizhenie to 2026-07-09 18:00:00+00:00, run_after=2026-07-09 20:00:00+00:00
[2026-07-09T20:31:18.448+0000] {processor.py:208} INFO - Processing /opt/airflow/dags/dag_extract_dvizhenie.py took 0.030 seconds
[2026-07-09T20:31:48.921+0000] {processor.py:186} INFO - Started process (PID=15758) to work on /opt/airflow/dags/dag_extract_dvizhenie.py
[2026-07-09T20:31:48.922+0000] {processor.py:914} INFO - Processing file /opt/airflow/dags/dag_extract_dvizhenie.py for tasks to queue
[2026-07-09T20:31:48.923+0000] {logging_mixin.py:190} INFO - [2026-07-09T20:31:48.922+0000] {dagbag.py:588} INFO - Filling up the DagBag from /opt/airflow/dags/dag_extract_dvizhenie.py
[2026-07-09T20:31:48.927+0000] {processor.py:925} INFO - DAG(s) 'dag_extract_dvizhenie' retrieved from /opt/airflow/dags/dag_extract_dvizhenie.py
[2026-07-09T20:31:48.937+0000] {logging_mixin.py:190} INFO - [2026-07-09T20:31:48.937+0000] {dag.py:3239} INFO - Sync 1 DAGs
[2026-07-09T20:31:48.944+0000] {logging_mixin.py:190} INFO - [2026-07-09T20:31:48.944+0000] {dag.py:4180} INFO - Setting next_dagrun for dag_extract_dvizhenie to 2026-07-09 18:00:00+00:00, run_after=2026-07-09 20:00:00+00:00
[2026-07-09T20:31:48.949+0000] {processor.py:208} INFO - Processing /opt/airflow/dags/dag_extract_dvizhenie.py took 0.030 seconds
[2026-07-09T20:47:17.279+0000] {processor.py:186} INFO - Started process (PID=15778) to work on /opt/airflow/dags/dag_extract_dvizhenie.py
[2026-07-09T20:47:17.280+0000] {processor.py:914} INFO - Processing file /opt/airflow/dags/dag_extract_dvizhenie.py for tasks to queue
[2026-07-09T20:47:17.280+0000] {logging_mixin.py:190} INFO - [2026-07-09T20:47:17.280+0000] {dagbag.py:588} INFO - Filling up the DagBag from /opt/airflow/dags/dag_extract_dvizhenie.py
[2026-07-09T20:47:17.285+0000] {processor.py:925} INFO - DAG(s) 'dag_extract_dvizhenie' retrieved from /opt/airflow/dags/dag_extract_dvizhenie.py
[2026-07-09T20:47:17.294+0000] {logging_mixin.py:190} INFO - [2026-07-09T20:47:17.294+0000] {dag.py:3239} INFO - Sync 1 DAGs
[2026-07-09T20:47:17.301+0000] {logging_mixin.py:190} INFO - [2026-07-09T20:47:17.301+0000] {dag.py:4180} INFO - Setting next_dagrun for dag_extract_dvizhenie to 2026-07-09 18:00:00+00:00, run_after=2026-07-09 20:00:00+00:00
[2026-07-09T20:47:17.306+0000] {processor.py:208} INFO - Processing /opt/airflow/dags/dag_extract_dvizhenie.py took 0.029 seconds
[2026-07-09T20:47:47.808+0000] {processor.py:186} INFO - Started process (PID=15798) to work on /opt/airflow/dags/dag_extract_dvizhenie.py
[2026-07-09T20:47:47.808+0000] {processor.py:914} INFO - Processing file /opt/airflow/dags/dag_extract_dvizhenie.py for tasks to queue
[2026-07-09T20:47:47.809+0000] {logging_mixin.py:190} INFO - [2026-07-09T20:47:47.809+0000] {dagbag.py:588} INFO - Filling up the DagBag from /opt/airflow/dags/dag_extract_dvizhenie.py
[2026-07-09T20:47:47.813+0000] {processor.py:925} INFO - DAG(s) 'dag_extract_dvizhenie' retrieved from /opt/airflow/dags/dag_extract_dvizhenie.py
[2026-07-09T20:47:47.823+0000] {logging_mixin.py:190} INFO - [2026-07-09T20:47:47.823+0000] {dag.py:3239} INFO - Sync 1 DAGs
[2026-07-09T20:47:47.830+0000] {logging_mixin.py:190} INFO - [2026-07-09T20:47:47.830+0000] {dag.py:4180} INFO - Setting next_dagrun for dag_extract_dvizhenie to 2026-07-09 18:00:00+00:00, run_after=2026-07-09 20:00:00+00:00
[2026-07-09T20:47:47.834+0000] {processor.py:208} INFO - Processing /opt/airflow/dags/dag_extract_dvizhenie.py took 0.029 seconds
[2026-07-09T21:03:15.324+0000] {processor.py:186} INFO - Started process (PID=15818) to work on /opt/airflow/dags/dag_extract_dvizhenie.py
[2026-07-09T21:03:15.325+0000] {processor.py:914} INFO - Processing file /opt/airflow/dags/dag_extract_dvizhenie.py for tasks to queue
[2026-07-09T21:03:15.326+0000] {logging_mixin.py:190} INFO - [2026-07-09T21:03:15.325+0000] {dagbag.py:588} INFO - Filling up the DagBag from /opt/airflow/dags/dag_extract_dvizhenie.py
[2026-07-09T21:03:15.330+0000] {processor.py:925} INFO - DAG(s) 'dag_extract_dvizhenie' retrieved from /opt/airflow/dags/dag_extract_dvizhenie.py
[2026-07-09T21:03:15.340+0000] {logging_mixin.py:190} INFO - [2026-07-09T21:03:15.340+0000] {dag.py:3239} INFO - Sync 1 DAGs
[2026-07-09T21:03:15.348+0000] {logging_mixin.py:190} INFO - [2026-07-09T21:03:15.348+0000] {dag.py:4180} INFO - Setting next_dagrun for dag_extract_dvizhenie to 2026-07-09 18:00:00+00:00, run_after=2026-07-09 20:00:00+00:00
[2026-07-09T21:03:15.352+0000] {processor.py:208} INFO - Processing /opt/airflow/dags/dag_extract_dvizhenie.py took 0.031 seconds
[2026-07-09T21:18:44.007+0000] {processor.py:186} INFO - Started process (PID=15838) to work on /opt/airflow/dags/dag_extract_dvizhenie.py
[2026-07-09T21:18:44.007+0000] {processor.py:914} INFO - Processing file /opt/airflow/dags/dag_extract_dvizhenie.py for tasks to queue
[2026-07-09T21:18:44.008+0000] {logging_mixin.py:190} INFO - [2026-07-09T21:18:44.008+0000] {dagbag.py:588} INFO - Filling up the DagBag from /opt/airflow/dags/dag_extract_dvizhenie.py
[2026-07-09T21:18:44.013+0000] {processor.py:925} INFO - DAG(s) 'dag_extract_dvizhenie' retrieved from /opt/airflow/dags/dag_extract_dvizhenie.py
[2026-07-09T21:18:44.023+0000] {logging_mixin.py:190} INFO - [2026-07-09T21:18:44.023+0000] {dag.py:3239} INFO - Sync 1 DAGs
[2026-07-09T21:18:44.031+0000] {logging_mixin.py:190} INFO - [2026-07-09T21:18:44.031+0000] {dag.py:4180} INFO - Setting next_dagrun for dag_extract_dvizhenie to 2026-07-09 18:00:00+00:00, run_after=2026-07-09 20:00:00+00:00
[2026-07-09T21:18:44.037+0000] {processor.py:208} INFO - Processing /opt/airflow/dags/dag_extract_dvizhenie.py took 0.036 seconds
[2026-07-09T21:19:14.536+0000] {processor.py:186} INFO - Started process (PID=15858) to work on /opt/airflow/dags/dag_extract_dvizhenie.py
[2026-07-09T21:19:14.537+0000] {processor.py:914} INFO - Processing file /opt/airflow/dags/dag_extract_dvizhenie.py for tasks to queue
[2026-07-09T21:19:14.537+0000] {logging_mixin.py:190} INFO - [2026-07-09T21:19:14.537+0000] {dagbag.py:588} INFO - Filling up the DagBag from /opt/airflow/dags/dag_extract_dvizhenie.py
[2026-07-09T21:19:14.542+0000] {processor.py:925} INFO - DAG(s) 'dag_extract_dvizhenie' retrieved from /opt/airflow/dags/dag_extract_dvizhenie.py
[2026-07-09T21:19:14.551+0000] {logging_mixin.py:190} INFO - [2026-07-09T21:19:14.551+0000] {dag.py:3239} INFO - Sync 1 DAGs
[2026-07-09T21:19:14.558+0000] {logging_mixin.py:190} INFO - [2026-07-09T21:19:14.558+0000] {dag.py:4180} INFO - Setting next_dagrun for dag_extract_dvizhenie to 2026-07-09 18:00:00+00:00, run_after=2026-07-09 20:00:00+00:00
[2026-07-09T21:19:14.563+0000] {processor.py:208} INFO - Processing /opt/airflow/dags/dag_extract_dvizhenie.py took 0.029 seconds
[2026-07-09T21:19:45.022+0000] {processor.py:186} INFO - Started process (PID=15878) to work on /opt/airflow/dags/dag_extract_dvizhenie.py
[2026-07-09T21:19:45.023+0000] {processor.py:914} INFO - Processing file /opt/airflow/dags/dag_extract_dvizhenie.py for tasks to queue
[2026-07-09T21:19:45.023+0000] {logging_mixin.py:190} INFO - [2026-07-09T21:19:45.023+0000] {dagbag.py:588} INFO - Filling up the DagBag from /opt/airflow/dags/dag_extract_dvizhenie.py
[2026-07-09T21:19:45.028+0000] {processor.py:925} INFO - DAG(s) 'dag_extract_dvizhenie' retrieved from /opt/airflow/dags/dag_extract_dvizhenie.py
[2026-07-09T21:19:45.037+0000] {logging_mixin.py:190} INFO - [2026-07-09T21:19:45.037+0000] {dag.py:3239} INFO - Sync 1 DAGs
[2026-07-09T21:19:45.045+0000] {logging_mixin.py:190} INFO - [2026-07-09T21:19:45.044+0000] {dag.py:4180} INFO - Setting next_dagrun for dag_extract_dvizhenie to 2026-07-09 18:00:00+00:00, run_after=2026-07-09 20:00:00+00:00
[2026-07-09T21:19:45.049+0000] {processor.py:208} INFO - Processing /opt/airflow/dags/dag_extract_dvizhenie.py took 0.029 seconds
[2026-07-09T21:20:15.450+0000] {processor.py:186} INFO - Started process (PID=15898) to work on /opt/airflow/dags/dag_extract_dvizhenie.py
[2026-07-09T21:20:15.450+0000] {processor.py:914} INFO - Processing file /opt/airflow/dags/dag_extract_dvizhenie.py for tasks to queue
[2026-07-09T21:20:15.451+0000] {logging_mixin.py:190} INFO - [2026-07-09T21:20:15.451+0000] {dagbag.py:588} INFO - Filling up the DagBag from /opt/airflow/dags/dag_extract_dvizhenie.py
[2026-07-09T21:20:15.455+0000] {processor.py:925} INFO - DAG(s) 'dag_extract_dvizhenie' retrieved from /opt/airflow/dags/dag_extract_dvizhenie.py
[2026-07-09T21:20:15.465+0000] {logging_mixin.py:190} INFO - [2026-07-09T21:20:15.465+0000] {dag.py:3239} INFO - Sync 1 DAGs
[2026-07-09T21:20:15.472+0000] {logging_mixin.py:190} INFO - [2026-07-09T21:20:15.472+0000] {dag.py:4180} INFO - Setting next_dagrun for dag_extract_dvizhenie to 2026-07-09 18:00:00+00:00, run_after=2026-07-09 20:00:00+00:00
[2026-07-09T21:20:15.477+0000] {processor.py:208} INFO - Processing /opt/airflow/dags/dag_extract_dvizhenie.py took 0.030 seconds
[2026-07-09T21:20:45.989+0000] {processor.py:186} INFO - Started process (PID=15918) to work on /opt/airflow/dags/dag_extract_dvizhenie.py
[2026-07-09T21:20:45.990+0000] {processor.py:914} INFO - Processing file /opt/airflow/dags/dag_extract_dvizhenie.py for tasks to queue
[2026-07-09T21:20:45.990+0000] {logging_mixin.py:190} INFO - [2026-07-09T21:20:45.990+0000] {dagbag.py:588} INFO - Filling up the DagBag from /opt/airflow/dags/dag_extract_dvizhenie.py
[2026-07-09T21:20:45.995+0000] {processor.py:925} INFO - DAG(s) 'dag_extract_dvizhenie' retrieved from /opt/airflow/dags/dag_extract_dvizhenie.py
[2026-07-09T21:20:46.005+0000] {logging_mixin.py:190} INFO - [2026-07-09T21:20:46.005+0000] {dag.py:3239} INFO - Sync 1 DAGs
[2026-07-09T21:20:46.012+0000] {logging_mixin.py:190} INFO - [2026-07-09T21:20:46.012+0000] {dag.py:4180} INFO - Setting next_dagrun for dag_extract_dvizhenie to 2026-07-09 18:00:00+00:00, run_after=2026-07-09 20:00:00+00:00
[2026-07-09T21:20:46.016+0000] {processor.py:208} INFO - Processing /opt/airflow/dags/dag_extract_dvizhenie.py took 0.030 seconds
[2026-07-09T21:21:16.477+0000] {processor.py:186} INFO - Started process (PID=15938) to work on /opt/airflow/dags/dag_extract_dvizhenie.py
[2026-07-09T21:21:16.478+0000] {processor.py:914} INFO - Processing file /opt/airflow/dags/dag_extract_dvizhenie.py for tasks to queue
[2026-07-09T21:21:16.479+0000] {logging_mixin.py:190} INFO - [2026-07-09T21:21:16.479+0000] {dagbag.py:588} INFO - Filling up the DagBag from /opt/airflow/dags/dag_extract_dvizhenie.py
[2026-07-09T21:21:16.484+0000] {processor.py:925} INFO - DAG(s) 'dag_extract_dvizhenie' retrieved from /opt/airflow/dags/dag_extract_dvizhenie.py
[2026-07-09T21:21:16.498+0000] {logging_mixin.py:190} INFO - [2026-07-09T21:21:16.498+0000] {dag.py:3239} INFO - Sync 1 DAGs
[2026-07-09T21:21:16.507+0000] {logging_mixin.py:190} INFO - [2026-07-09T21:21:16.507+0000] {dag.py:4180} INFO - Setting next_dagrun for dag_extract_dvizhenie to 2026-07-09 18:00:00+00:00, run_after=2026-07-09 20:00:00+00:00
[2026-07-09T21:21:16.515+0000] {processor.py:208} INFO - Processing /opt/airflow/dags/dag_extract_dvizhenie.py took 0.041 seconds
[2026-07-09T21:21:46.978+0000] {processor.py:186} INFO - Started process (PID=15958) to work on /opt/airflow/dags/dag_extract_dvizhenie.py
[2026-07-09T21:21:46.979+0000] {processor.py:914} INFO - Processing file /opt/airflow/dags/dag_extract_dvizhenie.py for tasks to queue
[2026-07-09T21:21:46.980+0000] {logging_mixin.py:190} INFO - [2026-07-09T21:21:46.979+0000] {dagbag.py:588} INFO - Filling up the DagBag from /opt/airflow/dags/dag_extract_dvizhenie.py
[2026-07-09T21:21:46.984+0000] {processor.py:925} INFO - DAG(s) 'dag_extract_dvizhenie' retrieved from /opt/airflow/dags/dag_extract_dvizhenie.py
[2026-07-09T21:21:46.994+0000] {logging_mixin.py:190} INFO - [2026-07-09T21:21:46.994+0000] {dag.py:3239} INFO - Sync 1 DAGs
[2026-07-09T21:21:47.001+0000] {logging_mixin.py:190} INFO - [2026-07-09T21:21:47.001+0000] {dag.py:4180} INFO - Setting next_dagrun for dag_extract_dvizhenie to 2026-07-09 18:00:00+00:00, run_after=2026-07-09 20:00:00+00:00
[2026-07-09T21:21:47.006+0000] {processor.py:208} INFO - Processing /opt/airflow/dags/dag_extract_dvizhenie.py took 0.030 seconds
[2026-07-09T21:22:17.444+0000] {processor.py:186} INFO - Started process (PID=15978) to work on /opt/airflow/dags/dag_extract_dvizhenie.py
[2026-07-09T21:22:17.444+0000] {processor.py:914} INFO - Processing file /opt/airflow/dags/dag_extract_dvizhenie.py for tasks to queue
[2026-07-09T21:22:17.445+0000] {logging_mixin.py:190} INFO - [2026-07-09T21:22:17.445+0000] {dagbag.py:588} INFO - Filling up the DagBag from /opt/airflow/dags/dag_extract_dvizhenie.py
[2026-07-09T21:22:17.450+0000] {processor.py:925} INFO - DAG(s) 'dag_extract_dvizhenie' retrieved from /opt/airflow/dags/dag_extract_dvizhenie.py
[2026-07-09T21:22:17.460+0000] {logging_mixin.py:190} INFO - [2026-07-09T21:22:17.460+0000] {dag.py:3239} INFO - Sync 1 DAGs
[2026-07-09T21:22:17.467+0000] {logging_mixin.py:190} INFO - [2026-07-09T21:22:17.467+0000] {dag.py:4180} INFO - Setting next_dagrun for dag_extract_dvizhenie to 2026-07-09 18:00:00+00:00, run_after=2026-07-09 20:00:00+00:00
[2026-07-09T21:22:17.471+0000] {processor.py:208} INFO - Processing /opt/airflow/dags/dag_extract_dvizhenie.py took 0.030 seconds
[2026-07-09T21:22:47.982+0000] {processor.py:186} INFO - Started process (PID=15998) to work on /opt/airflow/dags/dag_extract_dvizhenie.py
[2026-07-09T21:22:47.983+0000] {processor.py:914} INFO - Processing file /opt/airflow/dags/dag_extract_dvizhenie.py for tasks to queue
[2026-07-09T21:22:47.984+0000] {logging_mixin.py:190} INFO - [2026-07-09T21:22:47.984+0000] {dagbag.py:588} INFO - Filling up the DagBag from /opt/airflow/dags/dag_extract_dvizhenie.py
[2026-07-09T21:22:47.988+0000] {processor.py:925} INFO - DAG(s) 'dag_extract_dvizhenie' retrieved from /opt/airflow/dags/dag_extract_dvizhenie.py
[2026-07-09T21:22:47.998+0000] {logging_mixin.py:190} INFO - [2026-07-09T21:22:47.998+0000] {dag.py:3239} INFO - Sync 1 DAGs
[2026-07-09T21:22:48.005+0000] {logging_mixin.py:190} INFO - [2026-07-09T21:22:48.005+0000] {dag.py:4180} INFO - Setting next_dagrun for dag_extract_dvizhenie to 2026-07-09 18:00:00+00:00, run_after=2026-07-09 20:00:00+00:00
[2026-07-09T21:22:48.010+0000] {processor.py:208} INFO - Processing /opt/airflow/dags/dag_extract_dvizhenie.py took 0.030 seconds
[2026-07-09T21:23:18.440+0000] {processor.py:186} INFO - Started process (PID=16018) to work on /opt/airflow/dags/dag_extract_dvizhenie.py
[2026-07-09T21:23:18.440+0000] {processor.py:914} INFO - Processing file /opt/airflow/dags/dag_extract_dvizhenie.py for tasks to queue
[2026-07-09T21:23:18.441+0000] {logging_mixin.py:190} INFO - [2026-07-09T21:23:18.441+0000] {dagbag.py:588} INFO - Filling up the DagBag from /opt/airflow/dags/dag_extract_dvizhenie.py
[2026-07-09T21:23:18.446+0000] {processor.py:925} INFO - DAG(s) 'dag_extract_dvizhenie' retrieved from /opt/airflow/dags/dag_extract_dvizhenie.py
[2026-07-09T21:23:18.456+0000] {logging_mixin.py:190} INFO - [2026-07-09T21:23:18.456+0000] {dag.py:3239} INFO - Sync 1 DAGs
[2026-07-09T21:23:18.464+0000] {logging_mixin.py:190} INFO - [2026-07-09T21:23:18.464+0000] {dag.py:4180} INFO - Setting next_dagrun for dag_extract_dvizhenie to 2026-07-09 18:00:00+00:00, run_after=2026-07-09 20:00:00+00:00
[2026-07-09T21:23:18.470+0000] {processor.py:208} INFO - Processing /opt/airflow/dags/dag_extract_dvizhenie.py took 0.033 seconds
[2026-07-09T21:23:48.935+0000] {processor.py:186} INFO - Started process (PID=16038) to work on /opt/airflow/dags/dag_extract_dvizhenie.py
[2026-07-09T21:23:48.935+0000] {processor.py:914} INFO - Processing file /opt/airflow/dags/dag_extract_dvizhenie.py for tasks to queue
[2026-07-09T21:23:48.936+0000] {logging_mixin.py:190} INFO - [2026-07-09T21:23:48.936+0000] {dagbag.py:588} INFO - Filling up the DagBag from /opt/airflow/dags/dag_extract_dvizhenie.py
[2026-07-09T21:23:48.940+0000] {processor.py:925} INFO - DAG(s) 'dag_extract_dvizhenie' retrieved from /opt/airflow/dags/dag_extract_dvizhenie.py
[2026-07-09T21:23:48.950+0000] {logging_mixin.py:190} INFO - [2026-07-09T21:23:48.950+0000] {dag.py:3239} INFO - Sync 1 DAGs
[2026-07-09T21:23:48.957+0000] {logging_mixin.py:190} INFO - [2026-07-09T21:23:48.957+0000] {dag.py:4180} INFO - Setting next_dagrun for dag_extract_dvizhenie to 2026-07-09 18:00:00+00:00, run_after=2026-07-09 20:00:00+00:00
[2026-07-09T21:23:48.962+0000] {processor.py:208} INFO - Processing /opt/airflow/dags/dag_extract_dvizhenie.py took 0.030 seconds
[2026-07-09T21:24:19.412+0000] {processor.py:186} INFO - Started process (PID=16058) to work on /opt/airflow/dags/dag_extract_dvizhenie.py
[2026-07-09T21:24:19.412+0000] {processor.py:914} INFO - Processing file /opt/airflow/dags/dag_extract_dvizhenie.py for tasks to queue
[2026-07-09T21:24:19.413+0000] {logging_mixin.py:190} INFO - [2026-07-09T21:24:19.413+0000] {dagbag.py:588} INFO - Filling up the DagBag from /opt/airflow/dags/dag_extract_dvizhenie.py
[2026-07-09T21:24:19.418+0000] {processor.py:925} INFO - DAG(s) 'dag_extract_dvizhenie' retrieved from /opt/airflow/dags/dag_extract_dvizhenie.py
[2026-07-09T21:24:19.427+0000] {logging_mixin.py:190} INFO - [2026-07-09T21:24:19.427+0000] {dag.py:3239} INFO - Sync 1 DAGs
[2026-07-09T21:24:19.434+0000] {logging_mixin.py:190} INFO - [2026-07-09T21:24:19.434+0000] {dag.py:4180} INFO - Setting next_dagrun for dag_extract_dvizhenie to 2026-07-09 18:00:00+00:00, run_after=2026-07-09 20:00:00+00:00
[2026-07-09T21:24:19.439+0000] {processor.py:208} INFO - Processing /opt/airflow/dags/dag_extract_dvizhenie.py took 0.029 seconds
[2026-07-09T21:28:59.436+0000] {processor.py:186} INFO - Started process (PID=16078) to work on /opt/airflow/dags/dag_extract_dvizhenie.py
[2026-07-09T21:28:59.437+0000] {processor.py:914} INFO - Processing file /opt/airflow/dags/dag_extract_dvizhenie.py for tasks to queue
[2026-07-09T21:28:59.437+0000] {logging_mixin.py:190} INFO - [2026-07-09T21:28:59.437+0000] {dagbag.py:588} INFO - Filling up the DagBag from /opt/airflow/dags/dag_extract_dvizhenie.py
[2026-07-09T21:28:59.442+0000] {processor.py:925} INFO - DAG(s) 'dag_extract_dvizhenie' retrieved from /opt/airflow/dags/dag_extract_dvizhenie.py
[2026-07-09T21:28:59.451+0000] {logging_mixin.py:190} INFO - [2026-07-09T21:28:59.451+0000] {dag.py:3239} INFO - Sync 1 DAGs
[2026-07-09T21:28:59.458+0000] {logging_mixin.py:190} INFO - [2026-07-09T21:28:59.458+0000] {dag.py:4180} INFO - Setting next_dagrun for dag_extract_dvizhenie to 2026-07-09 18:00:00+00:00, run_after=2026-07-09 20:00:00+00:00
[2026-07-09T21:28:59.463+0000] {processor.py:208} INFO - Processing /opt/airflow/dags/dag_extract_dvizhenie.py took 0.029 seconds
[2026-07-09T21:29:29.933+0000] {processor.py:186} INFO - Started process (PID=16098) to work on /opt/airflow/dags/dag_extract_dvizhenie.py
[2026-07-09T21:29:29.934+0000] {processor.py:914} INFO - Processing file /opt/airflow/dags/dag_extract_dvizhenie.py for tasks to queue
[2026-07-09T21:29:29.935+0000] {logging_mixin.py:190} INFO - [2026-07-09T21:29:29.934+0000] {dagbag.py:588} INFO - Filling up the DagBag from /opt/airflow/dags/dag_extract_dvizhenie.py
[2026-07-09T21:29:29.940+0000] {processor.py:925} INFO - DAG(s) 'dag_extract_dvizhenie' retrieved from /opt/airflow/dags/dag_extract_dvizhenie.py
[2026-07-09T21:29:29.956+0000] {logging_mixin.py:190} INFO - [2026-07-09T21:29:29.956+0000] {dag.py:3239} INFO - Sync 1 DAGs
[2026-07-09T21:29:29.965+0000] {logging_mixin.py:190} INFO - [2026-07-09T21:29:29.965+0000] {dag.py:4180} INFO - Setting next_dagrun for dag_extract_dvizhenie to 2026-07-09 18:00:00+00:00, run_after=2026-07-09 20:00:00+00:00
[2026-07-09T21:29:29.971+0000] {processor.py:208} INFO - Processing /opt/airflow/dags/dag_extract_dvizhenie.py took 0.041 seconds
[2026-07-09T21:34:12.471+0000] {processor.py:186} INFO - Started process (PID=16116) to work on /opt/airflow/dags/dag_extract_dvizhenie.py
[2026-07-09T21:34:12.472+0000] {processor.py:914} INFO - Processing file /opt/airflow/dags/dag_extract_dvizhenie.py for tasks to queue
[2026-07-09T21:34:12.474+0000] {logging_mixin.py:190} INFO - [2026-07-09T21:34:12.474+0000] {dagbag.py:588} INFO - Filling up the DagBag from /opt/airflow/dags/dag_extract_dvizhenie.py
[2026-07-09T21:34:12.479+0000] {processor.py:925} INFO - DAG(s) 'dag_extract_dvizhenie' retrieved from /opt/airflow/dags/dag_extract_dvizhenie.py
[2026-07-09T21:34:12.494+0000] {logging_mixin.py:190} INFO - [2026-07-09T21:34:12.494+0000] {dag.py:3239} INFO - Sync 1 DAGs
[2026-07-09T21:34:12.504+0000] {logging_mixin.py:190} INFO - [2026-07-09T21:34:12.503+0000] {dag.py:4180} INFO - Setting next_dagrun for dag_extract_dvizhenie to 2026-07-09 18:00:00+00:00, run_after=2026-07-09 20:00:00+00:00
[2026-07-09T21:34:12.510+0000] {processor.py:208} INFO - Processing /opt/airflow/dags/dag_extract_dvizhenie.py took 0.041 seconds
[2026-07-09T21:38:56.162+0000] {processor.py:186} INFO - Started process (PID=16138) to work on /opt/airflow/dags/dag_extract_dvizhenie.py
[2026-07-09T21:38:56.162+0000] {processor.py:914} INFO - Processing file /opt/airflow/dags/dag_extract_dvizhenie.py for tasks to queue
[2026-07-09T21:38:56.163+0000] {logging_mixin.py:190} INFO - [2026-07-09T21:38:56.163+0000] {dagbag.py:588} INFO - Filling up the DagBag from /opt/airflow/dags/dag_extract_dvizhenie.py
[2026-07-09T21:38:56.168+0000] {processor.py:925} INFO - DAG(s) 'dag_extract_dvizhenie' retrieved from /opt/airflow/dags/dag_extract_dvizhenie.py
[2026-07-09T21:38:56.178+0000] {logging_mixin.py:190} INFO - [2026-07-09T21:38:56.178+0000] {dag.py:3239} INFO - Sync 1 DAGs
[2026-07-09T21:38:56.185+0000] {logging_mixin.py:190} INFO - [2026-07-09T21:38:56.185+0000] {dag.py:4180} INFO - Setting next_dagrun for dag_extract_dvizhenie to 2026-07-09 18:00:00+00:00, run_after=2026-07-09 20:00:00+00:00
[2026-07-09T21:38:56.190+0000] {processor.py:208} INFO - Processing /opt/airflow/dags/dag_extract_dvizhenie.py took 0.030 seconds
[2026-07-09T21:39:26.700+0000] {processor.py:186} INFO - Started process (PID=16156) to work on /opt/airflow/dags/dag_extract_dvizhenie.py
[2026-07-09T21:39:26.700+0000] {processor.py:914} INFO - Processing file /opt/airflow/dags/dag_extract_dvizhenie.py for tasks to queue
[2026-07-09T21:39:26.702+0000] {logging_mixin.py:190} INFO - [2026-07-09T21:39:26.702+0000] {dagbag.py:588} INFO - Filling up the DagBag from /opt/airflow/dags/dag_extract_dvizhenie.py
[2026-07-09T21:39:26.708+0000] {processor.py:925} INFO - DAG(s) 'dag_extract_dvizhenie' retrieved from /opt/airflow/dags/dag_extract_dvizhenie.py
[2026-07-09T21:39:26.724+0000] {logging_mixin.py:190} INFO - [2026-07-09T21:39:26.724+0000] {dag.py:3239} INFO - Sync 1 DAGs
[2026-07-09T21:39:26.732+0000] {logging_mixin.py:190} INFO - [2026-07-09T21:39:26.732+0000] {dag.py:4180} INFO - Setting next_dagrun for dag_extract_dvizhenie to 2026-07-09 18:00:00+00:00, run_after=2026-07-09 20:00:00+00:00
[2026-07-09T21:39:26.738+0000] {processor.py:208} INFO - Processing /opt/airflow/dags/dag_extract_dvizhenie.py took 0.041 seconds
[2026-07-09T21:47:47.241+0000] {processor.py:186} INFO - Started process (PID=16178) to work on /opt/airflow/dags/dag_extract_dvizhenie.py
[2026-07-09T21:47:47.242+0000] {processor.py:914} INFO - Processing file /opt/airflow/dags/dag_extract_dvizhenie.py for tasks to queue
[2026-07-09T21:47:47.243+0000] {logging_mixin.py:190} INFO - [2026-07-09T21:47:47.243+0000] {dagbag.py:588} INFO - Filling up the DagBag from /opt/airflow/dags/dag_extract_dvizhenie.py
[2026-07-09T21:47:47.248+0000] {processor.py:925} INFO - DAG(s) 'dag_extract_dvizhenie' retrieved from /opt/airflow/dags/dag_extract_dvizhenie.py
[2026-07-09T21:47:47.262+0000] {logging_mixin.py:190} INFO - [2026-07-09T21:47:47.262+0000] {dag.py:3239} INFO - Sync 1 DAGs
[2026-07-09T21:47:47.272+0000] {logging_mixin.py:190} INFO - [2026-07-09T21:47:47.272+0000] {dag.py:4180} INFO - Setting next_dagrun for dag_extract_dvizhenie to 2026-07-09 18:00:00+00:00, run_after=2026-07-09 20:00:00+00:00
[2026-07-09T21:47:47.279+0000] {processor.py:208} INFO - Processing /opt/airflow/dags/dag_extract_dvizhenie.py took 0.040 seconds
[2026-07-09T22:05:00.481+0000] {processor.py:186} INFO - Started process (PID=16198) to work on /opt/airflow/dags/dag_extract_dvizhenie.py
[2026-07-09T22:05:00.481+0000] {processor.py:914} INFO - Processing file /opt/airflow/dags/dag_extract_dvizhenie.py for tasks to queue
[2026-07-09T22:05:00.482+0000] {logging_mixin.py:190} INFO - [2026-07-09T22:05:00.482+0000] {dagbag.py:588} INFO - Filling up the DagBag from /opt/airflow/dags/dag_extract_dvizhenie.py
[2026-07-09T22:05:00.486+0000] {processor.py:925} INFO - DAG(s) 'dag_extract_dvizhenie' retrieved from /opt/airflow/dags/dag_extract_dvizhenie.py
[2026-07-09T22:05:00.496+0000] {logging_mixin.py:190} INFO - [2026-07-09T22:05:00.496+0000] {dag.py:3239} INFO - Sync 1 DAGs
[2026-07-09T22:05:00.503+0000] {logging_mixin.py:190} INFO - [2026-07-09T22:05:00.503+0000] {dag.py:4180} INFO - Setting next_dagrun for dag_extract_dvizhenie to 2026-07-09 20:00:00+00:00, run_after=2026-07-09 22:00:00+00:00
[2026-07-09T22:05:00.508+0000] {processor.py:208} INFO - Processing /opt/airflow/dags/dag_extract_dvizhenie.py took 0.030 seconds
[2026-07-09T22:05:31.003+0000] {processor.py:186} INFO - Started process (PID=16218) to work on /opt/airflow/dags/dag_extract_dvizhenie.py
[2026-07-09T22:05:31.004+0000] {processor.py:914} INFO - Processing file /opt/airflow/dags/dag_extract_dvizhenie.py for tasks to queue
[2026-07-09T22:05:31.005+0000] {logging_mixin.py:190} INFO - [2026-07-09T22:05:31.004+0000] {dagbag.py:588} INFO - Filling up the DagBag from /opt/airflow/dags/dag_extract_dvizhenie.py
[2026-07-09T22:05:31.009+0000] {processor.py:925} INFO - DAG(s) 'dag_extract_dvizhenie' retrieved from /opt/airflow/dags/dag_extract_dvizhenie.py
[2026-07-09T22:05:31.018+0000] {logging_mixin.py:190} INFO - [2026-07-09T22:05:31.018+0000] {dag.py:3239} INFO - Sync 1 DAGs
[2026-07-09T22:05:31.025+0000] {logging_mixin.py:190} INFO - [2026-07-09T22:05:31.025+0000] {dag.py:4180} INFO - Setting next_dagrun for dag_extract_dvizhenie to 2026-07-09 20:00:00+00:00, run_after=2026-07-09 22:00:00+00:00
[2026-07-09T22:05:31.030+0000] {processor.py:208} INFO - Processing /opt/airflow/dags/dag_extract_dvizhenie.py took 0.029 seconds
[2026-07-09T22:21:42.186+0000] {processor.py:186} INFO - Started process (PID=16238) to work on /opt/airflow/dags/dag_extract_dvizhenie.py
[2026-07-09T22:21:42.187+0000] {processor.py:914} INFO - Processing file /opt/airflow/dags/dag_extract_dvizhenie.py for tasks to queue
[2026-07-09T22:21:42.188+0000] {logging_mixin.py:190} INFO - [2026-07-09T22:21:42.188+0000] {dagbag.py:588} INFO - Filling up the DagBag from /opt/airflow/dags/dag_extract_dvizhenie.py
[2026-07-09T22:21:42.194+0000] {processor.py:925} INFO - DAG(s) 'dag_extract_dvizhenie' retrieved from /opt/airflow/dags/dag_extract_dvizhenie.py
[2026-07-09T22:21:42.208+0000] {logging_mixin.py:190} INFO - [2026-07-09T22:21:42.208+0000] {dag.py:3239} INFO - Sync 1 DAGs
[2026-07-09T22:21:42.217+0000] {logging_mixin.py:190} INFO - [2026-07-09T22:21:42.217+0000] {dag.py:4180} INFO - Setting next_dagrun for dag_extract_dvizhenie to 2026-07-09 20:00:00+00:00, run_after=2026-07-09 22:00:00+00:00
[2026-07-09T22:21:42.228+0000] {processor.py:208} INFO - Processing /opt/airflow/dags/dag_extract_dvizhenie.py took 0.044 seconds
[2026-07-09T22:37:25.736+0000] {processor.py:186} INFO - Started process (PID=16258) to work on /opt/airflow/dags/dag_extract_dvizhenie.py
[2026-07-09T22:37:25.737+0000] {processor.py:914} INFO - Processing file /opt/airflow/dags/dag_extract_dvizhenie.py for tasks to queue
[2026-07-09T22:37:25.737+0000] {logging_mixin.py:190} INFO - [2026-07-09T22:37:25.737+0000] {dagbag.py:588} INFO - Filling up the DagBag from /opt/airflow/dags/dag_extract_dvizhenie.py
[2026-07-09T22:37:25.742+0000] {processor.py:925} INFO - DAG(s) 'dag_extract_dvizhenie' retrieved from /opt/airflow/dags/dag_extract_dvizhenie.py
[2026-07-09T22:37:25.751+0000] {logging_mixin.py:190} INFO - [2026-07-09T22:37:25.751+0000] {dag.py:3239} INFO - Sync 1 DAGs
[2026-07-09T22:37:25.758+0000] {logging_mixin.py:190} INFO - [2026-07-09T22:37:25.758+0000] {dag.py:4180} INFO - Setting next_dagrun for dag_extract_dvizhenie to 2026-07-09 20:00:00+00:00, run_after=2026-07-09 22:00:00+00:00
[2026-07-09T22:37:25.764+0000] {processor.py:208} INFO - Processing /opt/airflow/dags/dag_extract_dvizhenie.py took 0.030 seconds
[2026-07-09T22:37:56.207+0000] {processor.py:186} INFO - Started process (PID=16278) to work on /opt/airflow/dags/dag_extract_dvizhenie.py
[2026-07-09T22:37:56.208+0000] {processor.py:914} INFO - Processing file /opt/airflow/dags/dag_extract_dvizhenie.py for tasks to queue
[2026-07-09T22:37:56.209+0000] {logging_mixin.py:190} INFO - [2026-07-09T22:37:56.209+0000] {dagbag.py:588} INFO - Filling up the DagBag from /opt/airflow/dags/dag_extract_dvizhenie.py
[2026-07-09T22:37:56.213+0000] {processor.py:925} INFO - DAG(s) 'dag_extract_dvizhenie' retrieved from /opt/airflow/dags/dag_extract_dvizhenie.py
[2026-07-09T22:37:56.223+0000] {logging_mixin.py:190} INFO - [2026-07-09T22:37:56.223+0000] {dag.py:3239} INFO - Sync 1 DAGs
[2026-07-09T22:37:56.230+0000] {logging_mixin.py:190} INFO - [2026-07-09T22:37:56.230+0000] {dag.py:4180} INFO - Setting next_dagrun for dag_extract_dvizhenie to 2026-07-09 20:00:00+00:00, run_after=2026-07-09 22:00:00+00:00
[2026-07-09T22:37:56.234+0000] {processor.py:208} INFO - Processing /opt/airflow/dags/dag_extract_dvizhenie.py took 0.030 seconds
[2026-07-09T22:38:26.671+0000] {processor.py:186} INFO - Started process (PID=16298) to work on /opt/airflow/dags/dag_extract_dvizhenie.py
[2026-07-09T22:38:26.671+0000] {processor.py:914} INFO - Processing file /opt/airflow/dags/dag_extract_dvizhenie.py for tasks to queue
[2026-07-09T22:38:26.672+0000] {logging_mixin.py:190} INFO - [2026-07-09T22:38:26.672+0000] {dagbag.py:588} INFO - Filling up the DagBag from /opt/airflow/dags/dag_extract_dvizhenie.py
[2026-07-09T22:38:26.677+0000] {processor.py:925} INFO - DAG(s) 'dag_extract_dvizhenie' retrieved from /opt/airflow/dags/dag_extract_dvizhenie.py
[2026-07-09T22:38:26.686+0000] {logging_mixin.py:190} INFO - [2026-07-09T22:38:26.686+0000] {dag.py:3239} INFO - Sync 1 DAGs
[2026-07-09T22:38:26.694+0000] {logging_mixin.py:190} INFO - [2026-07-09T22:38:26.694+0000] {dag.py:4180} INFO - Setting next_dagrun for dag_extract_dvizhenie to 2026-07-09 20:00:00+00:00, run_after=2026-07-09 22:00:00+00:00
[2026-07-09T22:38:26.698+0000] {processor.py:208} INFO - Processing /opt/airflow/dags/dag_extract_dvizhenie.py took 0.030 seconds
[2026-07-09T22:38:57.082+0000] {processor.py:186} INFO - Started process (PID=16318) to work on /opt/airflow/dags/dag_extract_dvizhenie.py
[2026-07-09T22:38:57.083+0000] {processor.py:914} INFO - Processing file /opt/airflow/dags/dag_extract_dvizhenie.py for tasks to queue
[2026-07-09T22:38:57.084+0000] {logging_mixin.py:190} INFO - [2026-07-09T22:38:57.083+0000] {dagbag.py:588} INFO - Filling up the DagBag from /opt/airflow/dags/dag_extract_dvizhenie.py
[2026-07-09T22:38:57.088+0000] {processor.py:925} INFO - DAG(s) 'dag_extract_dvizhenie' retrieved from /opt/airflow/dags/dag_extract_dvizhenie.py
[2026-07-09T22:38:57.098+0000] {logging_mixin.py:190} INFO - [2026-07-09T22:38:57.098+0000] {dag.py:3239} INFO - Sync 1 DAGs
[2026-07-09T22:38:57.105+0000] {logging_mixin.py:190} INFO - [2026-07-09T22:38:57.105+0000] {dag.py:4180} INFO - Setting next_dagrun for dag_extract_dvizhenie to 2026-07-09 20:00:00+00:00, run_after=2026-07-09 22:00:00+00:00
[2026-07-09T22:38:57.110+0000] {processor.py:208} INFO - Processing /opt/airflow/dags/dag_extract_dvizhenie.py took 0.030 seconds
[2026-07-09T22:39:35.150+0000] {processor.py:186} INFO - Started process (PID=16338) to work on /opt/airflow/dags/dag_extract_dvizhenie.py
[2026-07-09T22:39:35.151+0000] {processor.py:914} INFO - Processing file /opt/airflow/dags/dag_extract_dvizhenie.py for tasks to queue
[2026-07-09T22:39:35.152+0000] {logging_mixin.py:190} INFO - [2026-07-09T22:39:35.152+0000] {dagbag.py:588} INFO - Filling up the DagBag from /opt/airflow/dags/dag_extract_dvizhenie.py
[2026-07-09T22:39:35.156+0000] {processor.py:925} INFO - DAG(s) 'dag_extract_dvizhenie' retrieved from /opt/airflow/dags/dag_extract_dvizhenie.py
[2026-07-09T22:39:35.166+0000] {logging_mixin.py:190} INFO - [2026-07-09T22:39:35.166+0000] {dag.py:3239} INFO - Sync 1 DAGs
[2026-07-09T22:39:35.173+0000] {logging_mixin.py:190} INFO - [2026-07-09T22:39:35.173+0000] {dag.py:4180} INFO - Setting next_dagrun for dag_extract_dvizhenie to 2026-07-09 20:00:00+00:00, run_after=2026-07-09 22:00:00+00:00
[2026-07-09T22:39:35.177+0000] {processor.py:208} INFO - Processing /opt/airflow/dags/dag_extract_dvizhenie.py took 0.030 seconds
[2026-07-09T22:40:05.677+0000] {processor.py:186} INFO - Started process (PID=16358) to work on /opt/airflow/dags/dag_extract_dvizhenie.py
[2026-07-09T22:40:05.678+0000] {processor.py:914} INFO - Processing file /opt/airflow/dags/dag_extract_dvizhenie.py for tasks to queue
[2026-07-09T22:40:05.678+0000] {logging_mixin.py:190} INFO - [2026-07-09T22:40:05.678+0000] {dagbag.py:588} INFO - Filling up the DagBag from /opt/airflow/dags/dag_extract_dvizhenie.py
[2026-07-09T22:40:05.683+0000] {processor.py:925} INFO - DAG(s) 'dag_extract_dvizhenie' retrieved from /opt/airflow/dags/dag_extract_dvizhenie.py
[2026-07-09T22:40:05.692+0000] {logging_mixin.py:190} INFO - [2026-07-09T22:40:05.692+0000] {dag.py:3239} INFO - Sync 1 DAGs
[2026-07-09T22:40:05.700+0000] {logging_mixin.py:190} INFO - [2026-07-09T22:40:05.700+0000] {dag.py:4180} INFO - Setting next_dagrun for dag_extract_dvizhenie to 2026-07-09 20:00:00+00:00, run_after=2026-07-09 22:00:00+00:00
[2026-07-09T22:40:05.704+0000] {processor.py:208} INFO - Processing /opt/airflow/dags/dag_extract_dvizhenie.py took 0.030 seconds
[2026-07-09T22:40:36.933+0000] {processor.py:186} INFO - Started process (PID=16376) to work on /opt/airflow/dags/dag_extract_dvizhenie.py
[2026-07-09T22:40:36.934+0000] {processor.py:914} INFO - Processing file /opt/airflow/dags/dag_extract_dvizhenie.py for tasks to queue
[2026-07-09T22:40:36.936+0000] {logging_mixin.py:190} INFO - [2026-07-09T22:40:36.935+0000] {dagbag.py:588} INFO - Filling up the DagBag from /opt/airflow/dags/dag_extract_dvizhenie.py
[2026-07-09T22:40:36.943+0000] {processor.py:925} INFO - DAG(s) 'dag_extract_dvizhenie' retrieved from /opt/airflow/dags/dag_extract_dvizhenie.py
[2026-07-09T22:40:36.956+0000] {logging_mixin.py:190} INFO - [2026-07-09T22:40:36.956+0000] {dag.py:3239} INFO - Sync 1 DAGs
[2026-07-09T22:40:36.964+0000] {logging_mixin.py:190} INFO - [2026-07-09T22:40:36.964+0000] {dag.py:4180} INFO - Setting next_dagrun for dag_extract_dvizhenie to 2026-07-09 20:00:00+00:00, run_after=2026-07-09 22:00:00+00:00
[2026-07-09T22:40:36.973+0000] {processor.py:208} INFO - Processing /opt/airflow/dags/dag_extract_dvizhenie.py took 0.043 seconds
[2026-07-09T22:41:14.059+0000] {processor.py:186} INFO - Started process (PID=16398) to work on /opt/airflow/dags/dag_extract_dvizhenie.py
[2026-07-09T22:41:14.060+0000] {processor.py:914} INFO - Processing file /opt/airflow/dags/dag_extract_dvizhenie.py for tasks to queue
[2026-07-09T22:41:14.061+0000] {logging_mixin.py:190} INFO - [2026-07-09T22:41:14.060+0000] {dagbag.py:588} INFO - Filling up the DagBag from /opt/airflow/dags/dag_extract_dvizhenie.py
[2026-07-09T22:41:14.065+0000] {processor.py:925} INFO - DAG(s) 'dag_extract_dvizhenie' retrieved from /opt/airflow/dags/dag_extract_dvizhenie.py
[2026-07-09T22:41:14.075+0000] {logging_mixin.py:190} INFO - [2026-07-09T22:41:14.075+0000] {dag.py:3239} INFO - Sync 1 DAGs
[2026-07-09T22:41:14.082+0000] {logging_mixin.py:190} INFO - [2026-07-09T22:41:14.082+0000] {dag.py:4180} INFO - Setting next_dagrun for dag_extract_dvizhenie to 2026-07-09 20:00:00+00:00, run_after=2026-07-09 22:00:00+00:00
[2026-07-09T22:41:14.087+0000] {processor.py:208} INFO - Processing /opt/airflow/dags/dag_extract_dvizhenie.py took 0.030 seconds
[2026-07-09T22:41:44.557+0000] {processor.py:186} INFO - Started process (PID=16416) to work on /opt/airflow/dags/dag_extract_dvizhenie.py
[2026-07-09T22:41:44.557+0000] {processor.py:914} INFO - Processing file /opt/airflow/dags/dag_extract_dvizhenie.py for tasks to queue
[2026-07-09T22:41:44.559+0000] {logging_mixin.py:190} INFO - [2026-07-09T22:41:44.559+0000] {dagbag.py:588} INFO - Filling up the DagBag from /opt/airflow/dags/dag_extract_dvizhenie.py
[2026-07-09T22:41:44.564+0000] {processor.py:925} INFO - DAG(s) 'dag_extract_dvizhenie' retrieved from /opt/airflow/dags/dag_extract_dvizhenie.py
[2026-07-09T22:41:44.580+0000] {logging_mixin.py:190} INFO - [2026-07-09T22:41:44.580+0000] {dag.py:3239} INFO - Sync 1 DAGs
[2026-07-09T22:41:44.589+0000] {logging_mixin.py:190} INFO - [2026-07-09T22:41:44.589+0000] {dag.py:4180} INFO - Setting next_dagrun for dag_extract_dvizhenie to 2026-07-09 20:00:00+00:00, run_after=2026-07-09 22:00:00+00:00
[2026-07-09T22:41:44.596+0000] {processor.py:208} INFO - Processing /opt/airflow/dags/dag_extract_dvizhenie.py took 0.042 seconds
[2026-07-09T22:42:20.106+0000] {processor.py:186} INFO - Started process (PID=16436) to work on /opt/airflow/dags/dag_extract_dvizhenie.py
[2026-07-09T22:42:20.106+0000] {processor.py:914} INFO - Processing file /opt/airflow/dags/dag_extract_dvizhenie.py for tasks to queue
[2026-07-09T22:42:20.107+0000] {logging_mixin.py:190} INFO - [2026-07-09T22:42:20.107+0000] {dagbag.py:588} INFO - Filling up the DagBag from /opt/airflow/dags/dag_extract_dvizhenie.py
[2026-07-09T22:42:20.114+0000] {processor.py:925} INFO - DAG(s) 'dag_extract_dvizhenie' retrieved from /opt/airflow/dags/dag_extract_dvizhenie.py
[2026-07-09T22:42:20.128+0000] {logging_mixin.py:190} INFO - [2026-07-09T22:42:20.128+0000] {dag.py:3239} INFO - Sync 1 DAGs
[2026-07-09T22:42:20.136+0000] {logging_mixin.py:190} INFO - [2026-07-09T22:42:20.135+0000] {dag.py:4180} INFO - Setting next_dagrun for dag_extract_dvizhenie to 2026-07-09 20:00:00+00:00, run_after=2026-07-09 22:00:00+00:00
[2026-07-09T22:42:20.142+0000] {processor.py:208} INFO - Processing /opt/airflow/dags/dag_extract_dvizhenie.py took 0.039 seconds
[2026-07-09T22:42:56.884+0000] {processor.py:186} INFO - Started process (PID=16458) to work on /opt/airflow/dags/dag_extract_dvizhenie.py
[2026-07-09T22:42:56.884+0000] {processor.py:914} INFO - Processing file /opt/airflow/dags/dag_extract_dvizhenie.py for tasks to queue
[2026-07-09T22:42:56.885+0000] {logging_mixin.py:190} INFO - [2026-07-09T22:42:56.885+0000] {dagbag.py:588} INFO - Filling up the DagBag from /opt/airflow/dags/dag_extract_dvizhenie.py
[2026-07-09T22:42:56.890+0000] {processor.py:925} INFO - DAG(s) 'dag_extract_dvizhenie' retrieved from /opt/airflow/dags/dag_extract_dvizhenie.py
[2026-07-09T22:42:56.899+0000] {logging_mixin.py:190} INFO - [2026-07-09T22:42:56.899+0000] {dag.py:3239} INFO - Sync 1 DAGs
[2026-07-09T22:42:56.906+0000] {logging_mixin.py:190} INFO - [2026-07-09T22:42:56.906+0000] {dag.py:4180} INFO - Setting next_dagrun for dag_extract_dvizhenie to 2026-07-09 20:00:00+00:00, run_after=2026-07-09 22:00:00+00:00
[2026-07-09T22:42:56.911+0000] {processor.py:208} INFO - Processing /opt/airflow/dags/dag_extract_dvizhenie.py took 0.029 seconds
[2026-07-09T22:43:27.345+0000] {processor.py:186} INFO - Started process (PID=16478) to work on /opt/airflow/dags/dag_extract_dvizhenie.py
[2026-07-09T22:43:27.345+0000] {processor.py:914} INFO - Processing file /opt/airflow/dags/dag_extract_dvizhenie.py for tasks to queue
[2026-07-09T22:43:27.346+0000] {logging_mixin.py:190} INFO - [2026-07-09T22:43:27.346+0000] {dagbag.py:588} INFO - Filling up the DagBag from /opt/airflow/dags/dag_extract_dvizhenie.py
[2026-07-09T22:43:27.350+0000] {processor.py:925} INFO - DAG(s) 'dag_extract_dvizhenie' retrieved from /opt/airflow/dags/dag_extract_dvizhenie.py
[2026-07-09T22:43:27.360+0000] {logging_mixin.py:190} INFO - [2026-07-09T22:43:27.360+0000] {dag.py:3239} INFO - Sync 1 DAGs
[2026-07-09T22:43:27.368+0000] {logging_mixin.py:190} INFO - [2026-07-09T22:43:27.367+0000] {dag.py:4180} INFO - Setting next_dagrun for dag_extract_dvizhenie to 2026-07-09 20:00:00+00:00, run_after=2026-07-09 22:00:00+00:00
[2026-07-09T22:43:27.372+0000] {processor.py:208} INFO - Processing /opt/airflow/dags/dag_extract_dvizhenie.py took 0.030 seconds
[2026-07-09T22:44:04.743+0000] {processor.py:186} INFO - Started process (PID=16496) to work on /opt/airflow/dags/dag_extract_dvizhenie.py
[2026-07-09T22:44:04.744+0000] {processor.py:914} INFO - Processing file /opt/airflow/dags/dag_extract_dvizhenie.py for tasks to queue
[2026-07-09T22:44:04.745+0000] {logging_mixin.py:190} INFO - [2026-07-09T22:44:04.745+0000] {dagbag.py:588} INFO - Filling up the DagBag from /opt/airflow/dags/dag_extract_dvizhenie.py
[2026-07-09T22:44:04.750+0000] {processor.py:925} INFO - DAG(s) 'dag_extract_dvizhenie' retrieved from /opt/airflow/dags/dag_extract_dvizhenie.py
[2026-07-09T22:44:04.765+0000] {logging_mixin.py:190} INFO - [2026-07-09T22:44:04.765+0000] {dag.py:3239} INFO - Sync 1 DAGs
[2026-07-09T22:44:04.773+0000] {logging_mixin.py:190} INFO - [2026-07-09T22:44:04.773+0000] {dag.py:4180} INFO - Setting next_dagrun for dag_extract_dvizhenie to 2026-07-09 20:00:00+00:00, run_after=2026-07-09 22:00:00+00:00
[2026-07-09T22:44:04.781+0000] {processor.py:208} INFO - Processing /opt/airflow/dags/dag_extract_dvizhenie.py took 0.040 seconds
[2026-07-09T22:44:40.441+0000] {processor.py:186} INFO - Started process (PID=16516) to work on /opt/airflow/dags/dag_extract_dvizhenie.py
[2026-07-09T22:44:40.441+0000] {processor.py:914} INFO - Processing file /opt/airflow/dags/dag_extract_dvizhenie.py for tasks to queue
[2026-07-09T22:44:40.443+0000] {logging_mixin.py:190} INFO - [2026-07-09T22:44:40.443+0000] {dagbag.py:588} INFO - Filling up the DagBag from /opt/airflow/dags/dag_extract_dvizhenie.py
[2026-07-09T22:44:40.449+0000] {processor.py:925} INFO - DAG(s) 'dag_extract_dvizhenie' retrieved from /opt/airflow/dags/dag_extract_dvizhenie.py
[2026-07-09T22:44:40.463+0000] {logging_mixin.py:190} INFO - [2026-07-09T22:44:40.463+0000] {dag.py:3239} INFO - Sync 1 DAGs
[2026-07-09T22:44:40.471+0000] {logging_mixin.py:190} INFO - [2026-07-09T22:44:40.471+0000] {dag.py:4180} INFO - Setting next_dagrun for dag_extract_dvizhenie to 2026-07-09 20:00:00+00:00, run_after=2026-07-09 22:00:00+00:00
[2026-07-09T22:44:40.477+0000] {processor.py:208} INFO - Processing /opt/airflow/dags/dag_extract_dvizhenie.py took 0.039 seconds
[2026-07-09T22:45:10.988+0000] {processor.py:186} INFO - Started process (PID=16538) to work on /opt/airflow/dags/dag_extract_dvizhenie.py
[2026-07-09T22:45:10.989+0000] {processor.py:914} INFO - Processing file /opt/airflow/dags/dag_extract_dvizhenie.py for tasks to queue
[2026-07-09T22:45:10.989+0000] {logging_mixin.py:190} INFO - [2026-07-09T22:45:10.989+0000] {dagbag.py:588} INFO - Filling up the DagBag from /opt/airflow/dags/dag_extract_dvizhenie.py
[2026-07-09T22:45:10.994+0000] {processor.py:925} INFO - DAG(s) 'dag_extract_dvizhenie' retrieved from /opt/airflow/dags/dag_extract_dvizhenie.py
[2026-07-09T22:45:11.003+0000] {logging_mixin.py:190} INFO - [2026-07-09T22:45:11.003+0000] {dag.py:3239} INFO - Sync 1 DAGs
[2026-07-09T22:45:11.010+0000] {logging_mixin.py:190} INFO - [2026-07-09T22:45:11.010+0000] {dag.py:4180} INFO - Setting next_dagrun for dag_extract_dvizhenie to 2026-07-09 20:00:00+00:00, run_after=2026-07-09 22:00:00+00:00
[2026-07-09T22:45:11.015+0000] {processor.py:208} INFO - Processing /opt/airflow/dags/dag_extract_dvizhenie.py took 0.029 seconds
[2026-07-09T22:45:47.160+0000] {processor.py:186} INFO - Started process (PID=16558) to work on /opt/airflow/dags/dag_extract_dvizhenie.py
[2026-07-09T22:45:47.160+0000] {processor.py:914} INFO - Processing file /opt/airflow/dags/dag_extract_dvizhenie.py for tasks to queue
[2026-07-09T22:45:47.161+0000] {logging_mixin.py:190} INFO - [2026-07-09T22:45:47.161+0000] {dagbag.py:588} INFO - Filling up the DagBag from /opt/airflow/dags/dag_extract_dvizhenie.py
[2026-07-09T22:45:47.166+0000] {processor.py:925} INFO - DAG(s) 'dag_extract_dvizhenie' retrieved from /opt/airflow/dags/dag_extract_dvizhenie.py
[2026-07-09T22:45:47.175+0000] {logging_mixin.py:190} INFO - [2026-07-09T22:45:47.175+0000] {dag.py:3239} INFO - Sync 1 DAGs
[2026-07-09T22:45:47.182+0000] {logging_mixin.py:190} INFO - [2026-07-09T22:45:47.182+0000] {dag.py:4180} INFO - Setting next_dagrun for dag_extract_dvizhenie to 2026-07-09 20:00:00+00:00, run_after=2026-07-09 22:00:00+00:00
[2026-07-09T22:45:47.187+0000] {processor.py:208} INFO - Processing /opt/airflow/dags/dag_extract_dvizhenie.py took 0.030 seconds
[2026-07-09T22:46:17.612+0000] {processor.py:186} INFO - Started process (PID=16577) to work on /opt/airflow/dags/dag_extract_dvizhenie.py
[2026-07-09T22:46:17.613+0000] {processor.py:914} INFO - Processing file /opt/airflow/dags/dag_extract_dvizhenie.py for tasks to queue
[2026-07-09T22:46:17.614+0000] {logging_mixin.py:190} INFO - [2026-07-09T22:46:17.613+0000] {dagbag.py:588} INFO - Filling up the DagBag from /opt/airflow/dags/dag_extract_dvizhenie.py
[2026-07-09T22:46:17.619+0000] {processor.py:925} INFO - DAG(s) 'dag_extract_dvizhenie' retrieved from /opt/airflow/dags/dag_extract_dvizhenie.py
[2026-07-09T22:46:17.634+0000] {logging_mixin.py:190} INFO - [2026-07-09T22:46:17.634+0000] {dag.py:3239} INFO - Sync 1 DAGs
[2026-07-09T22:46:17.643+0000] {logging_mixin.py:190} INFO - [2026-07-09T22:46:17.643+0000] {dag.py:4180} INFO - Setting next_dagrun for dag_extract_dvizhenie to 2026-07-09 20:00:00+00:00, run_after=2026-07-09 22:00:00+00:00
[2026-07-09T22:46:17.650+0000] {processor.py:208} INFO - Processing /opt/airflow/dags/dag_extract_dvizhenie.py took 0.041 seconds
[2026-07-09T22:46:54.167+0000] {processor.py:186} INFO - Started process (PID=16598) to work on /opt/airflow/dags/dag_extract_dvizhenie.py
[2026-07-09T22:46:54.167+0000] {processor.py:914} INFO - Processing file /opt/airflow/dags/dag_extract_dvizhenie.py for tasks to queue
[2026-07-09T22:46:54.168+0000] {logging_mixin.py:190} INFO - [2026-07-09T22:46:54.168+0000] {dagbag.py:588} INFO - Filling up the DagBag from /opt/airflow/dags/dag_extract_dvizhenie.py
[2026-07-09T22:46:54.172+0000] {processor.py:925} INFO - DAG(s) 'dag_extract_dvizhenie' retrieved from /opt/airflow/dags/dag_extract_dvizhenie.py
[2026-07-09T22:46:54.182+0000] {logging_mixin.py:190} INFO - [2026-07-09T22:46:54.182+0000] {dag.py:3239} INFO - Sync 1 DAGs
[2026-07-09T22:46:54.189+0000] {logging_mixin.py:190} INFO - [2026-07-09T22:46:54.189+0000] {dag.py:4180} INFO - Setting next_dagrun for dag_extract_dvizhenie to 2026-07-09 20:00:00+00:00, run_after=2026-07-09 22:00:00+00:00
[2026-07-09T22:46:54.193+0000] {processor.py:208} INFO - Processing /opt/airflow/dags/dag_extract_dvizhenie.py took 0.029 seconds
[2026-07-09T22:47:31.537+0000] {processor.py:186} INFO - Started process (PID=16618) to work on /opt/airflow/dags/dag_extract_dvizhenie.py
[2026-07-09T22:47:31.537+0000] {processor.py:914} INFO - Processing file /opt/airflow/dags/dag_extract_dvizhenie.py for tasks to queue
[2026-07-09T22:47:31.538+0000] {logging_mixin.py:190} INFO - [2026-07-09T22:47:31.538+0000] {dagbag.py:588} INFO - Filling up the DagBag from /opt/airflow/dags/dag_extract_dvizhenie.py
[2026-07-09T22:47:31.542+0000] {processor.py:925} INFO - DAG(s) 'dag_extract_dvizhenie' retrieved from /opt/airflow/dags/dag_extract_dvizhenie.py
[2026-07-09T22:47:31.552+0000] {logging_mixin.py:190} INFO - [2026-07-09T22:47:31.552+0000] {dag.py:3239} INFO - Sync 1 DAGs
[2026-07-09T22:47:31.559+0000] {logging_mixin.py:190} INFO - [2026-07-09T22:47:31.559+0000] {dag.py:4180} INFO - Setting next_dagrun for dag_extract_dvizhenie to 2026-07-09 20:00:00+00:00, run_after=2026-07-09 22:00:00+00:00
[2026-07-09T22:47:31.565+0000] {processor.py:208} INFO - Processing /opt/airflow/dags/dag_extract_dvizhenie.py took 0.030 seconds
[2026-07-09T22:48:02.012+0000] {processor.py:186} INFO - Started process (PID=16637) to work on /opt/airflow/dags/dag_extract_dvizhenie.py
[2026-07-09T22:48:02.012+0000] {processor.py:914} INFO - Processing file /opt/airflow/dags/dag_extract_dvizhenie.py for tasks to queue
[2026-07-09T22:48:02.013+0000] {logging_mixin.py:190} INFO - [2026-07-09T22:48:02.013+0000] {dagbag.py:588} INFO - Filling up the DagBag from /opt/airflow/dags/dag_extract_dvizhenie.py
[2026-07-09T22:48:02.020+0000] {processor.py:925} INFO - DAG(s) 'dag_extract_dvizhenie' retrieved from /opt/airflow/dags/dag_extract_dvizhenie.py
[2026-07-09T22:48:02.033+0000] {logging_mixin.py:190} INFO - [2026-07-09T22:48:02.032+0000] {dag.py:3239} INFO - Sync 1 DAGs
[2026-07-09T22:48:02.040+0000] {logging_mixin.py:190} INFO - [2026-07-09T22:48:02.040+0000] {dag.py:4180} INFO - Setting next_dagrun for dag_extract_dvizhenie to 2026-07-09 20:00:00+00:00, run_after=2026-07-09 22:00:00+00:00
[2026-07-09T22:48:02.050+0000] {processor.py:208} INFO - Processing /opt/airflow/dags/dag_extract_dvizhenie.py took 0.041 seconds
[2026-07-09T22:48:38.830+0000] {processor.py:186} INFO - Started process (PID=16658) to work on /opt/airflow/dags/dag_extract_dvizhenie.py
[2026-07-09T22:48:38.831+0000] {processor.py:914} INFO - Processing file /opt/airflow/dags/dag_extract_dvizhenie.py for tasks to queue
[2026-07-09T22:48:38.831+0000] {logging_mixin.py:190} INFO - [2026-07-09T22:48:38.831+0000] {dagbag.py:588} INFO - Filling up the DagBag from /opt/airflow/dags/dag_extract_dvizhenie.py
[2026-07-09T22:48:38.836+0000] {processor.py:925} INFO - DAG(s) 'dag_extract_dvizhenie' retrieved from /opt/airflow/dags/dag_extract_dvizhenie.py
[2026-07-09T22:48:38.846+0000] {logging_mixin.py:190} INFO - [2026-07-09T22:48:38.846+0000] {dag.py:3239} INFO - Sync 1 DAGs
[2026-07-09T22:48:38.853+0000] {logging_mixin.py:190} INFO - [2026-07-09T22:48:38.853+0000] {dag.py:4180} INFO - Setting next_dagrun for dag_extract_dvizhenie to 2026-07-09 20:00:00+00:00, run_after=2026-07-09 22:00:00+00:00
[2026-07-09T22:48:38.858+0000] {processor.py:208} INFO - Processing /opt/airflow/dags/dag_extract_dvizhenie.py took 0.030 seconds
[2026-07-09T22:49:15.208+0000] {processor.py:186} INFO - Started process (PID=16676) to work on /opt/airflow/dags/dag_extract_dvizhenie.py
[2026-07-09T22:49:15.208+0000] {processor.py:914} INFO - Processing file /opt/airflow/dags/dag_extract_dvizhenie.py for tasks to queue
[2026-07-09T22:49:15.209+0000] {logging_mixin.py:190} INFO - [2026-07-09T22:49:15.209+0000] {dagbag.py:588} INFO - Filling up the DagBag from /opt/airflow/dags/dag_extract_dvizhenie.py
[2026-07-09T22:49:15.216+0000] {processor.py:925} INFO - DAG(s) 'dag_extract_dvizhenie' retrieved from /opt/airflow/dags/dag_extract_dvizhenie.py
[2026-07-09T22:49:15.230+0000] {logging_mixin.py:190} INFO - [2026-07-09T22:49:15.230+0000] {dag.py:3239} INFO - Sync 1 DAGs
[2026-07-09T22:49:15.238+0000] {logging_mixin.py:190} INFO - [2026-07-09T22:49:15.238+0000] {dag.py:4180} INFO - Setting next_dagrun for dag_extract_dvizhenie to 2026-07-09 20:00:00+00:00, run_after=2026-07-09 22:00:00+00:00
[2026-07-09T22:49:15.245+0000] {processor.py:208} INFO - Processing /opt/airflow/dags/dag_extract_dvizhenie.py took 0.040 seconds
[2026-07-09T22:49:45.712+0000] {processor.py:186} INFO - Started process (PID=16698) to work on /opt/airflow/dags/dag_extract_dvizhenie.py
[2026-07-09T22:49:45.712+0000] {processor.py:914} INFO - Processing file /opt/airflow/dags/dag_extract_dvizhenie.py for tasks to queue
[2026-07-09T22:49:45.713+0000] {logging_mixin.py:190} INFO - [2026-07-09T22:49:45.713+0000] {dagbag.py:588} INFO - Filling up the DagBag from /opt/airflow/dags/dag_extract_dvizhenie.py
[2026-07-09T22:49:45.718+0000] {processor.py:925} INFO - DAG(s) 'dag_extract_dvizhenie' retrieved from /opt/airflow/dags/dag_extract_dvizhenie.py
[2026-07-09T22:49:45.728+0000] {logging_mixin.py:190} INFO - [2026-07-09T22:49:45.728+0000] {dag.py:3239} INFO - Sync 1 DAGs
[2026-07-09T22:49:45.735+0000] {logging_mixin.py:190} INFO - [2026-07-09T22:49:45.735+0000] {dag.py:4180} INFO - Setting next_dagrun for dag_extract_dvizhenie to 2026-07-09 20:00:00+00:00, run_after=2026-07-09 22:00:00+00:00
[2026-07-09T22:49:45.740+0000] {processor.py:208} INFO - Processing /opt/airflow/dags/dag_extract_dvizhenie.py took 0.030 seconds
[2026-07-09T22:50:22.409+0000] {processor.py:186} INFO - Started process (PID=16716) to work on /opt/airflow/dags/dag_extract_dvizhenie.py
[2026-07-09T22:50:22.410+0000] {processor.py:914} INFO - Processing file /opt/airflow/dags/dag_extract_dvizhenie.py for tasks to queue
[2026-07-09T22:50:22.411+0000] {logging_mixin.py:190} INFO - [2026-07-09T22:50:22.411+0000] {dagbag.py:588} INFO - Filling up the DagBag from /opt/airflow/dags/dag_extract_dvizhenie.py
[2026-07-09T22:50:22.417+0000] {processor.py:925} INFO - DAG(s) 'dag_extract_dvizhenie' retrieved from /opt/airflow/dags/dag_extract_dvizhenie.py
[2026-07-09T22:50:22.431+0000] {logging_mixin.py:190} INFO - [2026-07-09T22:50:22.431+0000] {dag.py:3239} INFO - Sync 1 DAGs
[2026-07-09T22:50:22.440+0000] {logging_mixin.py:190} INFO - [2026-07-09T22:50:22.440+0000] {dag.py:4180} INFO - Setting next_dagrun for dag_extract_dvizhenie to 2026-07-09 20:00:00+00:00, run_after=2026-07-09 22:00:00+00:00
[2026-07-09T22:50:22.446+0000] {processor.py:208} INFO - Processing /opt/airflow/dags/dag_extract_dvizhenie.py took 0.040 seconds
[2026-07-09T22:50:58.463+0000] {processor.py:186} INFO - Started process (PID=16738) to work on /opt/airflow/dags/dag_extract_dvizhenie.py
[2026-07-09T22:50:58.463+0000] {processor.py:914} INFO - Processing file /opt/airflow/dags/dag_extract_dvizhenie.py for tasks to queue
[2026-07-09T22:50:58.464+0000] {logging_mixin.py:190} INFO - [2026-07-09T22:50:58.464+0000] {dagbag.py:588} INFO - Filling up the DagBag from /opt/airflow/dags/dag_extract_dvizhenie.py
[2026-07-09T22:50:58.468+0000] {processor.py:925} INFO - DAG(s) 'dag_extract_dvizhenie' retrieved from /opt/airflow/dags/dag_extract_dvizhenie.py
[2026-07-09T22:50:58.478+0000] {logging_mixin.py:190} INFO - [2026-07-09T22:50:58.478+0000] {dag.py:3239} INFO - Sync 1 DAGs
[2026-07-09T22:50:58.485+0000] {logging_mixin.py:190} INFO - [2026-07-09T22:50:58.485+0000] {dag.py:4180} INFO - Setting next_dagrun for dag_extract_dvizhenie to 2026-07-09 20:00:00+00:00, run_after=2026-07-09 22:00:00+00:00
[2026-07-09T22:50:58.560+0000] {processor.py:208} INFO - Processing /opt/airflow/dags/dag_extract_dvizhenie.py took 0.100 seconds
[2026-07-09T22:51:29.022+0000] {processor.py:186} INFO - Started process (PID=16758) to work on /opt/airflow/dags/dag_extract_dvizhenie.py
[2026-07-09T22:51:29.023+0000] {processor.py:914} INFO - Processing file /opt/airflow/dags/dag_extract_dvizhenie.py for tasks to queue
[2026-07-09T22:51:29.024+0000] {logging_mixin.py:190} INFO - [2026-07-09T22:51:29.023+0000] {dagbag.py:588} INFO - Filling up the DagBag from /opt/airflow/dags/dag_extract_dvizhenie.py
[2026-07-09T22:51:29.028+0000] {processor.py:925} INFO - DAG(s) 'dag_extract_dvizhenie' retrieved from /opt/airflow/dags/dag_extract_dvizhenie.py
[2026-07-09T22:51:29.037+0000] {logging_mixin.py:190} INFO - [2026-07-09T22:51:29.037+0000] {dag.py:3239} INFO - Sync 1 DAGs
[2026-07-09T22:51:29.044+0000] {logging_mixin.py:190} INFO - [2026-07-09T22:51:29.044+0000] {dag.py:4180} INFO - Setting next_dagrun for dag_extract_dvizhenie to 2026-07-09 20:00:00+00:00, run_after=2026-07-09 22:00:00+00:00
[2026-07-09T22:51:29.049+0000] {processor.py:208} INFO - Processing /opt/airflow/dags/dag_extract_dvizhenie.py took 0.029 seconds
[2026-07-09T22:52:05.894+0000] {processor.py:186} INFO - Started process (PID=16776) to work on /opt/airflow/dags/dag_extract_dvizhenie.py
[2026-07-09T22:52:05.894+0000] {processor.py:914} INFO - Processing file /opt/airflow/dags/dag_extract_dvizhenie.py for tasks to queue
[2026-07-09T22:52:05.895+0000] {logging_mixin.py:190} INFO - [2026-07-09T22:52:05.895+0000] {dagbag.py:588} INFO - Filling up the DagBag from /opt/airflow/dags/dag_extract_dvizhenie.py
[2026-07-09T22:52:05.900+0000] {processor.py:925} INFO - DAG(s) 'dag_extract_dvizhenie' retrieved from /opt/airflow/dags/dag_extract_dvizhenie.py
[2026-07-09T22:52:05.911+0000] {logging_mixin.py:190} INFO - [2026-07-09T22:52:05.911+0000] {dag.py:3239} INFO - Sync 1 DAGs
[2026-07-09T22:52:05.919+0000] {logging_mixin.py:190} INFO - [2026-07-09T22:52:05.919+0000] {dag.py:4180} INFO - Setting next_dagrun for dag_extract_dvizhenie to 2026-07-09 20:00:00+00:00, run_after=2026-07-09 22:00:00+00:00
[2026-07-09T22:52:05.928+0000] {processor.py:208} INFO - Processing /opt/airflow/dags/dag_extract_dvizhenie.py took 0.037 seconds
[2026-07-09T22:52:36.375+0000] {processor.py:186} INFO - Started process (PID=16798) to work on /opt/airflow/dags/dag_extract_dvizhenie.py
[2026-07-09T22:52:36.375+0000] {processor.py:914} INFO - Processing file /opt/airflow/dags/dag_extract_dvizhenie.py for tasks to queue
[2026-07-09T22:52:36.376+0000] {logging_mixin.py:190} INFO - [2026-07-09T22:52:36.376+0000] {dagbag.py:588} INFO - Filling up the DagBag from /opt/airflow/dags/dag_extract_dvizhenie.py
[2026-07-09T22:52:36.380+0000] {processor.py:925} INFO - DAG(s) 'dag_extract_dvizhenie' retrieved from /opt/airflow/dags/dag_extract_dvizhenie.py
[2026-07-09T22:52:36.390+0000] {logging_mixin.py:190} INFO - [2026-07-09T22:52:36.390+0000] {dag.py:3239} INFO - Sync 1 DAGs
[2026-07-09T22:52:36.397+0000] {logging_mixin.py:190} INFO - [2026-07-09T22:52:36.397+0000] {dag.py:4180} INFO - Setting next_dagrun for dag_extract_dvizhenie to 2026-07-09 20:00:00+00:00, run_after=2026-07-09 22:00:00+00:00
[2026-07-09T22:52:36.459+0000] {processor.py:208} INFO - Processing /opt/airflow/dags/dag_extract_dvizhenie.py took 0.087 seconds
[2026-07-09T22:53:12.991+0000] {processor.py:186} INFO - Started process (PID=16818) to work on /opt/airflow/dags/dag_extract_dvizhenie.py
[2026-07-09T22:53:12.992+0000] {processor.py:914} INFO - Processing file /opt/airflow/dags/dag_extract_dvizhenie.py for tasks to queue
[2026-07-09T22:53:12.993+0000] {logging_mixin.py:190} INFO - [2026-07-09T22:53:12.992+0000] {dagbag.py:588} INFO - Filling up the DagBag from /opt/airflow/dags/dag_extract_dvizhenie.py
[2026-07-09T22:53:12.997+0000] {processor.py:925} INFO - DAG(s) 'dag_extract_dvizhenie' retrieved from /opt/airflow/dags/dag_extract_dvizhenie.py
[2026-07-09T22:53:13.007+0000] {logging_mixin.py:190} INFO - [2026-07-09T22:53:13.007+0000] {dag.py:3239} INFO - Sync 1 DAGs
[2026-07-09T22:53:13.014+0000] {logging_mixin.py:190} INFO - [2026-07-09T22:53:13.014+0000] {dag.py:4180} INFO - Setting next_dagrun for dag_extract_dvizhenie to 2026-07-09 20:00:00+00:00, run_after=2026-07-09 22:00:00+00:00
[2026-07-09T22:53:13.019+0000] {processor.py:208} INFO - Processing /opt/airflow/dags/dag_extract_dvizhenie.py took 0.030 seconds
[2026-07-09T22:53:43.526+0000] {processor.py:186} INFO - Started process (PID=16838) to work on /opt/airflow/dags/dag_extract_dvizhenie.py
[2026-07-09T22:53:43.527+0000] {processor.py:914} INFO - Processing file /opt/airflow/dags/dag_extract_dvizhenie.py for tasks to queue
[2026-07-09T22:53:43.527+0000] {logging_mixin.py:190} INFO - [2026-07-09T22:53:43.527+0000] {dagbag.py:588} INFO - Filling up the DagBag from /opt/airflow/dags/dag_extract_dvizhenie.py
[2026-07-09T22:53:43.532+0000] {processor.py:925} INFO - DAG(s) 'dag_extract_dvizhenie' retrieved from /opt/airflow/dags/dag_extract_dvizhenie.py
[2026-07-09T22:53:43.542+0000] {logging_mixin.py:190} INFO - [2026-07-09T22:53:43.542+0000] {dag.py:3239} INFO - Sync 1 DAGs
[2026-07-09T22:53:43.609+0000] {logging_mixin.py:190} INFO - [2026-07-09T22:53:43.608+0000] {dag.py:4180} INFO - Setting next_dagrun for dag_extract_dvizhenie to 2026-07-09 20:00:00+00:00, run_after=2026-07-09 22:00:00+00:00
[2026-07-09T22:53:43.613+0000] {processor.py:208} INFO - Processing /opt/airflow/dags/dag_extract_dvizhenie.py took 0.090 seconds
[2026-07-09T23:10:20.755+0000] {processor.py:186} INFO - Started process (PID=16858) to work on /opt/airflow/dags/dag_extract_dvizhenie.py
[2026-07-09T23:10:20.756+0000] {processor.py:914} INFO - Processing file /opt/airflow/dags/dag_extract_dvizhenie.py for tasks to queue
[2026-07-09T23:10:20.757+0000] {logging_mixin.py:190} INFO - [2026-07-09T23:10:20.757+0000] {dagbag.py:588} INFO - Filling up the DagBag from /opt/airflow/dags/dag_extract_dvizhenie.py
[2026-07-09T23:10:20.762+0000] {processor.py:925} INFO - DAG(s) 'dag_extract_dvizhenie' retrieved from /opt/airflow/dags/dag_extract_dvizhenie.py
[2026-07-09T23:10:20.780+0000] {logging_mixin.py:190} INFO - [2026-07-09T23:10:20.780+0000] {dag.py:3239} INFO - Sync 1 DAGs
[2026-07-09T23:10:20.789+0000] {logging_mixin.py:190} INFO - [2026-07-09T23:10:20.789+0000] {dag.py:4180} INFO - Setting next_dagrun for dag_extract_dvizhenie to 2026-07-09 20:00:00+00:00, run_after=2026-07-09 22:00:00+00:00
[2026-07-09T23:10:20.901+0000] {processor.py:208} INFO - Processing /opt/airflow/dags/dag_extract_dvizhenie.py took 0.149 seconds
[2026-07-09T23:10:51.526+0000] {processor.py:186} INFO - Started process (PID=16878) to work on /opt/airflow/dags/dag_extract_dvizhenie.py
[2026-07-09T23:10:51.526+0000] {processor.py:914} INFO - Processing file /opt/airflow/dags/dag_extract_dvizhenie.py for tasks to queue
[2026-07-09T23:10:51.527+0000] {logging_mixin.py:190} INFO - [2026-07-09T23:10:51.527+0000] {dagbag.py:588} INFO - Filling up the DagBag from /opt/airflow/dags/dag_extract_dvizhenie.py
[2026-07-09T23:10:51.590+0000] {processor.py:925} INFO - DAG(s) 'dag_extract_dvizhenie' retrieved from /opt/airflow/dags/dag_extract_dvizhenie.py
[2026-07-09T23:10:51.600+0000] {logging_mixin.py:190} INFO - [2026-07-09T23:10:51.600+0000] {dag.py:3239} INFO - Sync 1 DAGs
[2026-07-09T23:10:51.606+0000] {logging_mixin.py:190} INFO - [2026-07-09T23:10:51.606+0000] {dag.py:4180} INFO - Setting next_dagrun for dag_extract_dvizhenie to 2026-07-09 20:00:00+00:00, run_after=2026-07-09 22:00:00+00:00
[2026-07-09T23:10:51.610+0000] {processor.py:208} INFO - Processing /opt/airflow/dags/dag_extract_dvizhenie.py took 0.087 seconds
[2026-07-09T23:26:35.175+0000] {processor.py:186} INFO - Started process (PID=16898) to work on /opt/airflow/dags/dag_extract_dvizhenie.py
[2026-07-09T23:26:35.176+0000] {processor.py:914} INFO - Processing file /opt/airflow/dags/dag_extract_dvizhenie.py for tasks to queue
[2026-07-09T23:26:35.177+0000] {logging_mixin.py:190} INFO - [2026-07-09T23:26:35.177+0000] {dagbag.py:588} INFO - Filling up the DagBag from /opt/airflow/dags/dag_extract_dvizhenie.py
[2026-07-09T23:26:35.181+0000] {processor.py:925} INFO - DAG(s) 'dag_extract_dvizhenie' retrieved from /opt/airflow/dags/dag_extract_dvizhenie.py
[2026-07-09T23:26:35.191+0000] {logging_mixin.py:190} INFO - [2026-07-09T23:26:35.191+0000] {dag.py:3239} INFO - Sync 1 DAGs
[2026-07-09T23:26:35.198+0000] {logging_mixin.py:190} INFO - [2026-07-09T23:26:35.198+0000] {dag.py:4180} INFO - Setting next_dagrun for dag_extract_dvizhenie to 2026-07-09 20:00:00+00:00, run_after=2026-07-09 22:00:00+00:00
[2026-07-09T23:26:35.203+0000] {processor.py:208} INFO - Processing /opt/airflow/dags/dag_extract_dvizhenie.py took 0.030 seconds
[2026-07-09T23:42:22.754+0000] {processor.py:186} INFO - Started process (PID=16918) to work on /opt/airflow/dags/dag_extract_dvizhenie.py
[2026-07-09T23:42:22.754+0000] {processor.py:914} INFO - Processing file /opt/airflow/dags/dag_extract_dvizhenie.py for tasks to queue
[2026-07-09T23:42:22.755+0000] {logging_mixin.py:190} INFO - [2026-07-09T23:42:22.755+0000] {dagbag.py:588} INFO - Filling up the DagBag from /opt/airflow/dags/dag_extract_dvizhenie.py
[2026-07-09T23:42:22.760+0000] {processor.py:925} INFO - DAG(s) 'dag_extract_dvizhenie' retrieved from /opt/airflow/dags/dag_extract_dvizhenie.py
[2026-07-09T23:42:22.770+0000] {logging_mixin.py:190} INFO - [2026-07-09T23:42:22.770+0000] {dag.py:3239} INFO - Sync 1 DAGs
[2026-07-09T23:42:22.778+0000] {logging_mixin.py:190} INFO - [2026-07-09T23:42:22.778+0000] {dag.py:4180} INFO - Setting next_dagrun for dag_extract_dvizhenie to 2026-07-09 20:00:00+00:00, run_after=2026-07-09 22:00:00+00:00
[2026-07-09T23:42:22.783+0000] {processor.py:208} INFO - Processing /opt/airflow/dags/dag_extract_dvizhenie.py took 0.031 seconds
[2026-07-09T23:42:53.227+0000] {processor.py:186} INFO - Started process (PID=16938) to work on /opt/airflow/dags/dag_extract_dvizhenie.py
[2026-07-09T23:42:53.228+0000] {processor.py:914} INFO - Processing file /opt/airflow/dags/dag_extract_dvizhenie.py for tasks to queue
[2026-07-09T23:42:53.229+0000] {logging_mixin.py:190} INFO - [2026-07-09T23:42:53.229+0000] {dagbag.py:588} INFO - Filling up the DagBag from /opt/airflow/dags/dag_extract_dvizhenie.py
[2026-07-09T23:42:53.234+0000] {processor.py:925} INFO - DAG(s) 'dag_extract_dvizhenie' retrieved from /opt/airflow/dags/dag_extract_dvizhenie.py
[2026-07-09T23:42:53.248+0000] {logging_mixin.py:190} INFO - [2026-07-09T23:42:53.248+0000] {dag.py:3239} INFO - Sync 1 DAGs
[2026-07-09T23:42:53.257+0000] {logging_mixin.py:190} INFO - [2026-07-09T23:42:53.257+0000] {dag.py:4180} INFO - Setting next_dagrun for dag_extract_dvizhenie to 2026-07-09 20:00:00+00:00, run_after=2026-07-09 22:00:00+00:00
[2026-07-09T23:42:53.262+0000] {processor.py:208} INFO - Processing /opt/airflow/dags/dag_extract_dvizhenie.py took 0.038 seconds
[2026-07-09T23:59:57.182+0000] {processor.py:186} INFO - Started process (PID=16957) to work on /opt/airflow/dags/dag_extract_dvizhenie.py
[2026-07-09T23:59:57.182+0000] {processor.py:914} INFO - Processing file /opt/airflow/dags/dag_extract_dvizhenie.py for tasks to queue
[2026-07-09T23:59:57.184+0000] {logging_mixin.py:190} INFO - [2026-07-09T23:59:57.184+0000] {dagbag.py:588} INFO - Filling up the DagBag from /opt/airflow/dags/dag_extract_dvizhenie.py
[2026-07-09T23:59:57.191+0000] {processor.py:925} INFO - DAG(s) 'dag_extract_dvizhenie' retrieved from /opt/airflow/dags/dag_extract_dvizhenie.py
[2026-07-09T23:59:57.206+0000] {logging_mixin.py:190} INFO - [2026-07-09T23:59:57.206+0000] {dag.py:3239} INFO - Sync 1 DAGs
[2026-07-09T23:59:57.218+0000] {logging_mixin.py:190} INFO - [2026-07-09T23:59:57.218+0000] {dag.py:4180} INFO - Setting next_dagrun for dag_extract_dvizhenie to 2026-07-09 20:00:00+00:00, run_after=2026-07-09 22:00:00+00:00
[2026-07-09T23:59:57.227+0000] {processor.py:208} INFO - Processing /opt/airflow/dags/dag_extract_dvizhenie.py took 0.048 seconds
