[2026-07-09T10:35:39.573+0000] {processor.py:186} INFO - Started process (PID=203) to work on /opt/airflow/dags/dag_extract_catalogs.py
[2026-07-09T10:35:39.574+0000] {processor.py:914} INFO - Processing file /opt/airflow/dags/dag_extract_catalogs.py for tasks to queue
[2026-07-09T10:35:39.574+0000] {logging_mixin.py:190} INFO - [2026-07-09T10:35:39.574+0000] {dagbag.py:588} INFO - Filling up the DagBag from /opt/airflow/dags/dag_extract_catalogs.py
[2026-07-09T10:35:39.581+0000] {processor.py:925} INFO - DAG(s) 'dag_extract_catalogs' retrieved from /opt/airflow/dags/dag_extract_catalogs.py
[2026-07-09T10:35:39.616+0000] {logging_mixin.py:190} INFO - [2026-07-09T10:35:39.615+0000] {override.py:1911} INFO - Created Permission View: can edit on DAG:dag_extract_catalogs
[2026-07-09T10:35:39.618+0000] {logging_mixin.py:190} INFO - [2026-07-09T10:35:39.618+0000] {override.py:1911} INFO - Created Permission View: can read on DAG:dag_extract_catalogs
[2026-07-09T10:35:39.619+0000] {logging_mixin.py:190} INFO - [2026-07-09T10:35:39.619+0000] {override.py:1911} INFO - Created Permission View: can delete on DAG:dag_extract_catalogs
[2026-07-09T10:35:39.620+0000] {logging_mixin.py:190} INFO - [2026-07-09T10:35:39.620+0000] {override.py:1911} INFO - Created Permission View: can create on DAG Run:dag_extract_catalogs
[2026-07-09T10:35:39.622+0000] {logging_mixin.py:190} INFO - [2026-07-09T10:35:39.622+0000] {override.py:1911} INFO - Created Permission View: can read on DAG Run:dag_extract_catalogs
[2026-07-09T10:35:39.623+0000] {logging_mixin.py:190} INFO - [2026-07-09T10:35:39.623+0000] {override.py:1911} INFO - Created Permission View: menu access on DAG Run:dag_extract_catalogs
[2026-07-09T10:35:39.624+0000] {logging_mixin.py:190} INFO - [2026-07-09T10:35:39.624+0000] {override.py:1911} INFO - Created Permission View: can delete on DAG Run:dag_extract_catalogs
[2026-07-09T10:35:39.624+0000] {logging_mixin.py:190} INFO - [2026-07-09T10:35:39.624+0000] {dag.py:3239} INFO - Sync 1 DAGs
[2026-07-09T10:35:39.629+0000] {logging_mixin.py:190} INFO - [2026-07-09T10:35:39.629+0000] {dag.py:3262} INFO - Creating ORM DAG for dag_extract_catalogs
[2026-07-09T10:35:39.633+0000] {logging_mixin.py:190} INFO - [2026-07-09T10:35:39.633+0000] {dag.py:4180} INFO - Setting next_dagrun for dag_extract_catalogs to 2026-07-08 01:00:00+00:00, run_after=2026-07-09 01:00:00+00:00
[2026-07-09T10:35:39.638+0000] {processor.py:208} INFO - Processing /opt/airflow/dags/dag_extract_catalogs.py took 0.067 seconds
[2026-07-09T10:36:10.016+0000] {processor.py:186} INFO - Started process (PID=223) to work on /opt/airflow/dags/dag_extract_catalogs.py
[2026-07-09T10:36:10.017+0000] {processor.py:914} INFO - Processing file /opt/airflow/dags/dag_extract_catalogs.py for tasks to queue
[2026-07-09T10:36:10.018+0000] {logging_mixin.py:190} INFO - [2026-07-09T10:36:10.018+0000] {dagbag.py:588} INFO - Filling up the DagBag from /opt/airflow/dags/dag_extract_catalogs.py
[2026-07-09T10:36:10.023+0000] {processor.py:925} INFO - DAG(s) 'dag_extract_catalogs' retrieved from /opt/airflow/dags/dag_extract_catalogs.py
[2026-07-09T10:36:10.033+0000] {logging_mixin.py:190} INFO - [2026-07-09T10:36:10.033+0000] {dag.py:3239} INFO - Sync 1 DAGs
[2026-07-09T10:36:10.041+0000] {logging_mixin.py:190} INFO - [2026-07-09T10:36:10.041+0000] {dag.py:4180} INFO - Setting next_dagrun for dag_extract_catalogs to 2026-07-08 01:00:00+00:00, run_after=2026-07-09 01:00:00+00:00
[2026-07-09T10:36:10.046+0000] {processor.py:208} INFO - Processing /opt/airflow/dags/dag_extract_catalogs.py took 0.032 seconds
[2026-07-09T10:36:40.478+0000] {processor.py:186} INFO - Started process (PID=243) to work on /opt/airflow/dags/dag_extract_catalogs.py
[2026-07-09T10:36:40.479+0000] {processor.py:914} INFO - Processing file /opt/airflow/dags/dag_extract_catalogs.py for tasks to queue
[2026-07-09T10:36:40.480+0000] {logging_mixin.py:190} INFO - [2026-07-09T10:36:40.480+0000] {dagbag.py:588} INFO - Filling up the DagBag from /opt/airflow/dags/dag_extract_catalogs.py
[2026-07-09T10:36:40.485+0000] {processor.py:925} INFO - DAG(s) 'dag_extract_catalogs' retrieved from /opt/airflow/dags/dag_extract_catalogs.py
[2026-07-09T10:36:40.495+0000] {logging_mixin.py:190} INFO - [2026-07-09T10:36:40.495+0000] {dag.py:3239} INFO - Sync 1 DAGs
[2026-07-09T10:36:40.503+0000] {logging_mixin.py:190} INFO - [2026-07-09T10:36:40.503+0000] {dag.py:4180} INFO - Setting next_dagrun for dag_extract_catalogs to 2026-07-08 01:00:00+00:00, run_after=2026-07-09 01:00:00+00:00
[2026-07-09T10:36:40.507+0000] {processor.py:208} INFO - Processing /opt/airflow/dags/dag_extract_catalogs.py took 0.031 seconds
[2026-07-09T10:37:10.897+0000] {processor.py:186} INFO - Started process (PID=263) to work on /opt/airflow/dags/dag_extract_catalogs.py
[2026-07-09T10:37:10.898+0000] {processor.py:914} INFO - Processing file /opt/airflow/dags/dag_extract_catalogs.py for tasks to queue
[2026-07-09T10:37:10.899+0000] {logging_mixin.py:190} INFO - [2026-07-09T10:37:10.898+0000] {dagbag.py:588} INFO - Filling up the DagBag from /opt/airflow/dags/dag_extract_catalogs.py
[2026-07-09T10:37:10.904+0000] {processor.py:925} INFO - DAG(s) 'dag_extract_catalogs' retrieved from /opt/airflow/dags/dag_extract_catalogs.py
[2026-07-09T10:37:10.914+0000] {logging_mixin.py:190} INFO - [2026-07-09T10:37:10.913+0000] {dag.py:3239} INFO - Sync 1 DAGs
[2026-07-09T10:37:10.920+0000] {logging_mixin.py:190} INFO - [2026-07-09T10:37:10.920+0000] {dag.py:4180} INFO - Setting next_dagrun for dag_extract_catalogs to 2026-07-08 01:00:00+00:00, run_after=2026-07-09 01:00:00+00:00
[2026-07-09T10:37:10.925+0000] {processor.py:208} INFO - Processing /opt/airflow/dags/dag_extract_catalogs.py took 0.030 seconds
[2026-07-09T10:37:41.403+0000] {processor.py:186} INFO - Started process (PID=283) to work on /opt/airflow/dags/dag_extract_catalogs.py
[2026-07-09T10:37:41.404+0000] {processor.py:914} INFO - Processing file /opt/airflow/dags/dag_extract_catalogs.py for tasks to queue
[2026-07-09T10:37:41.405+0000] {logging_mixin.py:190} INFO - [2026-07-09T10:37:41.405+0000] {dagbag.py:588} INFO - Filling up the DagBag from /opt/airflow/dags/dag_extract_catalogs.py
[2026-07-09T10:37:41.410+0000] {processor.py:925} INFO - DAG(s) 'dag_extract_catalogs' retrieved from /opt/airflow/dags/dag_extract_catalogs.py
[2026-07-09T10:37:41.422+0000] {logging_mixin.py:190} INFO - [2026-07-09T10:37:41.422+0000] {dag.py:3239} INFO - Sync 1 DAGs
[2026-07-09T10:37:41.430+0000] {logging_mixin.py:190} INFO - [2026-07-09T10:37:41.430+0000] {dag.py:4180} INFO - Setting next_dagrun for dag_extract_catalogs to 2026-07-08 01:00:00+00:00, run_after=2026-07-09 01:00:00+00:00
[2026-07-09T10:37:41.434+0000] {processor.py:208} INFO - Processing /opt/airflow/dags/dag_extract_catalogs.py took 0.033 seconds
[2026-07-09T10:38:11.896+0000] {processor.py:186} INFO - Started process (PID=301) to work on /opt/airflow/dags/dag_extract_catalogs.py
[2026-07-09T10:38:11.898+0000] {processor.py:914} INFO - Processing file /opt/airflow/dags/dag_extract_catalogs.py for tasks to queue
[2026-07-09T10:38:11.900+0000] {logging_mixin.py:190} INFO - [2026-07-09T10:38:11.900+0000] {dagbag.py:588} INFO - Filling up the DagBag from /opt/airflow/dags/dag_extract_catalogs.py
[2026-07-09T10:38:11.909+0000] {processor.py:925} INFO - DAG(s) 'dag_extract_catalogs' retrieved from /opt/airflow/dags/dag_extract_catalogs.py
[2026-07-09T10:38:11.922+0000] {logging_mixin.py:190} INFO - [2026-07-09T10:38:11.922+0000] {dag.py:3239} INFO - Sync 1 DAGs
[2026-07-09T10:38:11.929+0000] {logging_mixin.py:190} INFO - [2026-07-09T10:38:11.929+0000] {dag.py:4180} INFO - Setting next_dagrun for dag_extract_catalogs to 2026-07-08 01:00:00+00:00, run_after=2026-07-09 01:00:00+00:00
[2026-07-09T10:38:11.937+0000] {processor.py:208} INFO - Processing /opt/airflow/dags/dag_extract_catalogs.py took 0.043 seconds
[2026-07-09T10:38:42.379+0000] {processor.py:186} INFO - Started process (PID=321) to work on /opt/airflow/dags/dag_extract_catalogs.py
[2026-07-09T10:38:42.380+0000] {processor.py:914} INFO - Processing file /opt/airflow/dags/dag_extract_catalogs.py for tasks to queue
[2026-07-09T10:38:42.383+0000] {logging_mixin.py:190} INFO - [2026-07-09T10:38:42.383+0000] {dagbag.py:588} INFO - Filling up the DagBag from /opt/airflow/dags/dag_extract_catalogs.py
[2026-07-09T10:38:42.391+0000] {processor.py:925} INFO - DAG(s) 'dag_extract_catalogs' retrieved from /opt/airflow/dags/dag_extract_catalogs.py
[2026-07-09T10:38:42.404+0000] {logging_mixin.py:190} INFO - [2026-07-09T10:38:42.403+0000] {dag.py:3239} INFO - Sync 1 DAGs
[2026-07-09T10:38:42.413+0000] {logging_mixin.py:190} INFO - [2026-07-09T10:38:42.413+0000] {dag.py:4180} INFO - Setting next_dagrun for dag_extract_catalogs to 2026-07-08 01:00:00+00:00, run_after=2026-07-09 01:00:00+00:00
[2026-07-09T10:38:42.420+0000] {processor.py:208} INFO - Processing /opt/airflow/dags/dag_extract_catalogs.py took 0.044 seconds
[2026-07-09T10:39:12.803+0000] {processor.py:186} INFO - Started process (PID=341) to work on /opt/airflow/dags/dag_extract_catalogs.py
[2026-07-09T10:39:12.804+0000] {processor.py:914} INFO - Processing file /opt/airflow/dags/dag_extract_catalogs.py for tasks to queue
[2026-07-09T10:39:12.805+0000] {logging_mixin.py:190} INFO - [2026-07-09T10:39:12.805+0000] {dagbag.py:588} INFO - Filling up the DagBag from /opt/airflow/dags/dag_extract_catalogs.py
[2026-07-09T10:39:12.812+0000] {processor.py:925} INFO - DAG(s) 'dag_extract_catalogs' retrieved from /opt/airflow/dags/dag_extract_catalogs.py
[2026-07-09T10:39:12.829+0000] {logging_mixin.py:190} INFO - [2026-07-09T10:39:12.829+0000] {dag.py:3239} INFO - Sync 1 DAGs
[2026-07-09T10:39:12.838+0000] {logging_mixin.py:190} INFO - [2026-07-09T10:39:12.838+0000] {dag.py:4180} INFO - Setting next_dagrun for dag_extract_catalogs to 2026-07-08 01:00:00+00:00, run_after=2026-07-09 01:00:00+00:00
[2026-07-09T10:39:12.842+0000] {processor.py:208} INFO - Processing /opt/airflow/dags/dag_extract_catalogs.py took 0.042 seconds
[2026-07-09T10:39:43.327+0000] {processor.py:186} INFO - Started process (PID=363) to work on /opt/airflow/dags/dag_extract_catalogs.py
[2026-07-09T10:39:43.327+0000] {processor.py:914} INFO - Processing file /opt/airflow/dags/dag_extract_catalogs.py for tasks to queue
[2026-07-09T10:39:43.328+0000] {logging_mixin.py:190} INFO - [2026-07-09T10:39:43.328+0000] {dagbag.py:588} INFO - Filling up the DagBag from /opt/airflow/dags/dag_extract_catalogs.py
[2026-07-09T10:39:43.333+0000] {processor.py:925} INFO - DAG(s) 'dag_extract_catalogs' retrieved from /opt/airflow/dags/dag_extract_catalogs.py
[2026-07-09T10:39:43.343+0000] {logging_mixin.py:190} INFO - [2026-07-09T10:39:43.343+0000] {dag.py:3239} INFO - Sync 1 DAGs
[2026-07-09T10:39:43.350+0000] {logging_mixin.py:190} INFO - [2026-07-09T10:39:43.350+0000] {dag.py:4180} INFO - Setting next_dagrun for dag_extract_catalogs to 2026-07-08 01:00:00+00:00, run_after=2026-07-09 01:00:00+00:00
[2026-07-09T10:39:43.354+0000] {processor.py:208} INFO - Processing /opt/airflow/dags/dag_extract_catalogs.py took 0.030 seconds
[2026-07-09T10:39:52.544+0000] {processor.py:186} INFO - Started process (PID=381) to work on /opt/airflow/dags/dag_extract_catalogs.py
[2026-07-09T10:39:52.545+0000] {processor.py:914} INFO - Processing file /opt/airflow/dags/dag_extract_catalogs.py for tasks to queue
[2026-07-09T10:39:52.546+0000] {logging_mixin.py:190} INFO - [2026-07-09T10:39:52.546+0000] {dagbag.py:588} INFO - Filling up the DagBag from /opt/airflow/dags/dag_extract_catalogs.py
[2026-07-09T10:39:52.555+0000] {processor.py:925} INFO - DAG(s) 'dag_extract_catalogs' retrieved from /opt/airflow/dags/dag_extract_catalogs.py
[2026-07-09T10:39:52.566+0000] {logging_mixin.py:190} INFO - [2026-07-09T10:39:52.566+0000] {dag.py:3239} INFO - Sync 1 DAGs
[2026-07-09T10:39:52.592+0000] {logging_mixin.py:190} INFO - [2026-07-09T10:39:52.592+0000] {dag.py:4180} INFO - Setting next_dagrun for dag_extract_catalogs to 2026-07-08 01:00:00+00:00, run_after=2026-07-09 01:00:00+00:00
[2026-07-09T10:39:52.599+0000] {processor.py:208} INFO - Processing /opt/airflow/dags/dag_extract_catalogs.py took 0.058 seconds
[2026-07-09T10:40:23.014+0000] {processor.py:186} INFO - Started process (PID=401) to work on /opt/airflow/dags/dag_extract_catalogs.py
[2026-07-09T10:40:23.015+0000] {processor.py:914} INFO - Processing file /opt/airflow/dags/dag_extract_catalogs.py for tasks to queue
[2026-07-09T10:40:23.016+0000] {logging_mixin.py:190} INFO - [2026-07-09T10:40:23.016+0000] {dagbag.py:588} INFO - Filling up the DagBag from /opt/airflow/dags/dag_extract_catalogs.py
[2026-07-09T10:40:23.023+0000] {processor.py:925} INFO - DAG(s) 'dag_extract_catalogs' retrieved from /opt/airflow/dags/dag_extract_catalogs.py
[2026-07-09T10:40:23.038+0000] {logging_mixin.py:190} INFO - [2026-07-09T10:40:23.038+0000] {dag.py:3239} INFO - Sync 1 DAGs
[2026-07-09T10:40:23.046+0000] {logging_mixin.py:190} INFO - [2026-07-09T10:40:23.046+0000] {dag.py:4180} INFO - Setting next_dagrun for dag_extract_catalogs to 2026-07-08 01:00:00+00:00, run_after=2026-07-09 01:00:00+00:00
[2026-07-09T10:40:23.053+0000] {processor.py:208} INFO - Processing /opt/airflow/dags/dag_extract_catalogs.py took 0.042 seconds
[2026-07-09T10:40:53.550+0000] {processor.py:186} INFO - Started process (PID=423) to work on /opt/airflow/dags/dag_extract_catalogs.py
[2026-07-09T10:40:53.550+0000] {processor.py:914} INFO - Processing file /opt/airflow/dags/dag_extract_catalogs.py for tasks to queue
[2026-07-09T10:40:53.551+0000] {logging_mixin.py:190} INFO - [2026-07-09T10:40:53.551+0000] {dagbag.py:588} INFO - Filling up the DagBag from /opt/airflow/dags/dag_extract_catalogs.py
[2026-07-09T10:40:53.556+0000] {processor.py:925} INFO - DAG(s) 'dag_extract_catalogs' retrieved from /opt/airflow/dags/dag_extract_catalogs.py
[2026-07-09T10:40:53.566+0000] {logging_mixin.py:190} INFO - [2026-07-09T10:40:53.566+0000] {dag.py:3239} INFO - Sync 1 DAGs
[2026-07-09T10:40:53.573+0000] {logging_mixin.py:190} INFO - [2026-07-09T10:40:53.573+0000] {dag.py:4180} INFO - Setting next_dagrun for dag_extract_catalogs to 2026-07-08 01:00:00+00:00, run_after=2026-07-09 01:00:00+00:00
[2026-07-09T10:40:53.578+0000] {processor.py:208} INFO - Processing /opt/airflow/dags/dag_extract_catalogs.py took 0.030 seconds
[2026-07-09T10:41:23.960+0000] {processor.py:186} INFO - Started process (PID=443) to work on /opt/airflow/dags/dag_extract_catalogs.py
[2026-07-09T10:41:23.960+0000] {processor.py:914} INFO - Processing file /opt/airflow/dags/dag_extract_catalogs.py for tasks to queue
[2026-07-09T10:41:23.961+0000] {logging_mixin.py:190} INFO - [2026-07-09T10:41:23.961+0000] {dagbag.py:588} INFO - Filling up the DagBag from /opt/airflow/dags/dag_extract_catalogs.py
[2026-07-09T10:41:23.966+0000] {processor.py:925} INFO - DAG(s) 'dag_extract_catalogs' retrieved from /opt/airflow/dags/dag_extract_catalogs.py
[2026-07-09T10:41:23.976+0000] {logging_mixin.py:190} INFO - [2026-07-09T10:41:23.976+0000] {dag.py:3239} INFO - Sync 1 DAGs
[2026-07-09T10:41:23.983+0000] {logging_mixin.py:190} INFO - [2026-07-09T10:41:23.983+0000] {dag.py:4180} INFO - Setting next_dagrun for dag_extract_catalogs to 2026-07-08 01:00:00+00:00, run_after=2026-07-09 01:00:00+00:00
[2026-07-09T10:41:23.988+0000] {processor.py:208} INFO - Processing /opt/airflow/dags/dag_extract_catalogs.py took 0.030 seconds
[2026-07-09T10:41:54.358+0000] {processor.py:186} INFO - Started process (PID=461) to work on /opt/airflow/dags/dag_extract_catalogs.py
[2026-07-09T10:41:54.359+0000] {processor.py:914} INFO - Processing file /opt/airflow/dags/dag_extract_catalogs.py for tasks to queue
[2026-07-09T10:41:54.359+0000] {logging_mixin.py:190} INFO - [2026-07-09T10:41:54.359+0000] {dagbag.py:588} INFO - Filling up the DagBag from /opt/airflow/dags/dag_extract_catalogs.py
[2026-07-09T10:41:54.367+0000] {processor.py:925} INFO - DAG(s) 'dag_extract_catalogs' retrieved from /opt/airflow/dags/dag_extract_catalogs.py
[2026-07-09T10:41:54.378+0000] {logging_mixin.py:190} INFO - [2026-07-09T10:41:54.378+0000] {dag.py:3239} INFO - Sync 1 DAGs
[2026-07-09T10:41:54.385+0000] {logging_mixin.py:190} INFO - [2026-07-09T10:41:54.385+0000] {dag.py:4180} INFO - Setting next_dagrun for dag_extract_catalogs to 2026-07-08 01:00:00+00:00, run_after=2026-07-09 01:00:00+00:00
[2026-07-09T10:41:54.394+0000] {processor.py:208} INFO - Processing /opt/airflow/dags/dag_extract_catalogs.py took 0.039 seconds
[2026-07-09T10:42:24.853+0000] {processor.py:186} INFO - Started process (PID=483) to work on /opt/airflow/dags/dag_extract_catalogs.py
[2026-07-09T10:42:24.853+0000] {processor.py:914} INFO - Processing file /opt/airflow/dags/dag_extract_catalogs.py for tasks to queue
[2026-07-09T10:42:24.854+0000] {logging_mixin.py:190} INFO - [2026-07-09T10:42:24.854+0000] {dagbag.py:588} INFO - Filling up the DagBag from /opt/airflow/dags/dag_extract_catalogs.py
[2026-07-09T10:42:24.858+0000] {processor.py:925} INFO - DAG(s) 'dag_extract_catalogs' retrieved from /opt/airflow/dags/dag_extract_catalogs.py
[2026-07-09T10:42:24.868+0000] {logging_mixin.py:190} INFO - [2026-07-09T10:42:24.868+0000] {dag.py:3239} INFO - Sync 1 DAGs
[2026-07-09T10:42:24.875+0000] {logging_mixin.py:190} INFO - [2026-07-09T10:42:24.875+0000] {dag.py:4180} INFO - Setting next_dagrun for dag_extract_catalogs to 2026-07-08 01:00:00+00:00, run_after=2026-07-09 01:00:00+00:00
[2026-07-09T10:42:24.879+0000] {processor.py:208} INFO - Processing /opt/airflow/dags/dag_extract_catalogs.py took 0.029 seconds
[2026-07-09T10:42:55.290+0000] {processor.py:186} INFO - Started process (PID=503) to work on /opt/airflow/dags/dag_extract_catalogs.py
[2026-07-09T10:42:55.290+0000] {processor.py:914} INFO - Processing file /opt/airflow/dags/dag_extract_catalogs.py for tasks to queue
[2026-07-09T10:42:55.291+0000] {logging_mixin.py:190} INFO - [2026-07-09T10:42:55.291+0000] {dagbag.py:588} INFO - Filling up the DagBag from /opt/airflow/dags/dag_extract_catalogs.py
[2026-07-09T10:42:55.296+0000] {processor.py:925} INFO - DAG(s) 'dag_extract_catalogs' retrieved from /opt/airflow/dags/dag_extract_catalogs.py
[2026-07-09T10:42:55.306+0000] {logging_mixin.py:190} INFO - [2026-07-09T10:42:55.306+0000] {dag.py:3239} INFO - Sync 1 DAGs
[2026-07-09T10:42:55.314+0000] {logging_mixin.py:190} INFO - [2026-07-09T10:42:55.314+0000] {dag.py:4180} INFO - Setting next_dagrun for dag_extract_catalogs to 2026-07-08 01:00:00+00:00, run_after=2026-07-09 01:00:00+00:00
[2026-07-09T10:42:55.318+0000] {processor.py:208} INFO - Processing /opt/airflow/dags/dag_extract_catalogs.py took 0.031 seconds
[2026-07-09T10:43:25.677+0000] {processor.py:186} INFO - Started process (PID=523) to work on /opt/airflow/dags/dag_extract_catalogs.py
[2026-07-09T10:43:25.677+0000] {processor.py:914} INFO - Processing file /opt/airflow/dags/dag_extract_catalogs.py for tasks to queue
[2026-07-09T10:43:25.678+0000] {logging_mixin.py:190} INFO - [2026-07-09T10:43:25.678+0000] {dagbag.py:588} INFO - Filling up the DagBag from /opt/airflow/dags/dag_extract_catalogs.py
[2026-07-09T10:43:25.683+0000] {processor.py:925} INFO - DAG(s) 'dag_extract_catalogs' retrieved from /opt/airflow/dags/dag_extract_catalogs.py
[2026-07-09T10:43:25.692+0000] {logging_mixin.py:190} INFO - [2026-07-09T10:43:25.692+0000] {dag.py:3239} INFO - Sync 1 DAGs
[2026-07-09T10:43:25.699+0000] {logging_mixin.py:190} INFO - [2026-07-09T10:43:25.699+0000] {dag.py:4180} INFO - Setting next_dagrun for dag_extract_catalogs to 2026-07-08 01:00:00+00:00, run_after=2026-07-09 01:00:00+00:00
[2026-07-09T10:43:25.703+0000] {processor.py:208} INFO - Processing /opt/airflow/dags/dag_extract_catalogs.py took 0.029 seconds
[2026-07-09T10:43:56.113+0000] {processor.py:186} INFO - Started process (PID=543) to work on /opt/airflow/dags/dag_extract_catalogs.py
[2026-07-09T10:43:56.113+0000] {processor.py:914} INFO - Processing file /opt/airflow/dags/dag_extract_catalogs.py for tasks to queue
[2026-07-09T10:43:56.114+0000] {logging_mixin.py:190} INFO - [2026-07-09T10:43:56.114+0000] {dagbag.py:588} INFO - Filling up the DagBag from /opt/airflow/dags/dag_extract_catalogs.py
[2026-07-09T10:43:56.118+0000] {processor.py:925} INFO - DAG(s) 'dag_extract_catalogs' retrieved from /opt/airflow/dags/dag_extract_catalogs.py
[2026-07-09T10:43:56.128+0000] {logging_mixin.py:190} INFO - [2026-07-09T10:43:56.128+0000] {dag.py:3239} INFO - Sync 1 DAGs
[2026-07-09T10:43:56.135+0000] {logging_mixin.py:190} INFO - [2026-07-09T10:43:56.135+0000] {dag.py:4180} INFO - Setting next_dagrun for dag_extract_catalogs to 2026-07-08 01:00:00+00:00, run_after=2026-07-09 01:00:00+00:00
[2026-07-09T10:43:56.140+0000] {processor.py:208} INFO - Processing /opt/airflow/dags/dag_extract_catalogs.py took 0.030 seconds
[2026-07-09T10:44:26.542+0000] {processor.py:186} INFO - Started process (PID=563) to work on /opt/airflow/dags/dag_extract_catalogs.py
[2026-07-09T10:44:26.542+0000] {processor.py:914} INFO - Processing file /opt/airflow/dags/dag_extract_catalogs.py for tasks to queue
[2026-07-09T10:44:26.543+0000] {logging_mixin.py:190} INFO - [2026-07-09T10:44:26.543+0000] {dagbag.py:588} INFO - Filling up the DagBag from /opt/airflow/dags/dag_extract_catalogs.py
[2026-07-09T10:44:26.548+0000] {processor.py:925} INFO - DAG(s) 'dag_extract_catalogs' retrieved from /opt/airflow/dags/dag_extract_catalogs.py
[2026-07-09T10:44:26.557+0000] {logging_mixin.py:190} INFO - [2026-07-09T10:44:26.557+0000] {dag.py:3239} INFO - Sync 1 DAGs
[2026-07-09T10:44:26.564+0000] {logging_mixin.py:190} INFO - [2026-07-09T10:44:26.564+0000] {dag.py:4180} INFO - Setting next_dagrun for dag_extract_catalogs to 2026-07-08 01:00:00+00:00, run_after=2026-07-09 01:00:00+00:00
[2026-07-09T10:44:26.569+0000] {processor.py:208} INFO - Processing /opt/airflow/dags/dag_extract_catalogs.py took 0.029 seconds
[2026-07-09T10:44:56.973+0000] {processor.py:186} INFO - Started process (PID=583) to work on /opt/airflow/dags/dag_extract_catalogs.py
[2026-07-09T10:44:56.973+0000] {processor.py:914} INFO - Processing file /opt/airflow/dags/dag_extract_catalogs.py for tasks to queue
[2026-07-09T10:44:56.974+0000] {logging_mixin.py:190} INFO - [2026-07-09T10:44:56.974+0000] {dagbag.py:588} INFO - Filling up the DagBag from /opt/airflow/dags/dag_extract_catalogs.py
[2026-07-09T10:44:56.979+0000] {processor.py:925} INFO - DAG(s) 'dag_extract_catalogs' retrieved from /opt/airflow/dags/dag_extract_catalogs.py
[2026-07-09T10:44:56.988+0000] {logging_mixin.py:190} INFO - [2026-07-09T10:44:56.988+0000] {dag.py:3239} INFO - Sync 1 DAGs
[2026-07-09T10:44:56.995+0000] {logging_mixin.py:190} INFO - [2026-07-09T10:44:56.995+0000] {dag.py:4180} INFO - Setting next_dagrun for dag_extract_catalogs to 2026-07-08 01:00:00+00:00, run_after=2026-07-09 01:00:00+00:00
[2026-07-09T10:44:57.000+0000] {processor.py:208} INFO - Processing /opt/airflow/dags/dag_extract_catalogs.py took 0.030 seconds
[2026-07-09T10:45:27.401+0000] {processor.py:186} INFO - Started process (PID=603) to work on /opt/airflow/dags/dag_extract_catalogs.py
[2026-07-09T10:45:27.402+0000] {processor.py:914} INFO - Processing file /opt/airflow/dags/dag_extract_catalogs.py for tasks to queue
[2026-07-09T10:45:27.403+0000] {logging_mixin.py:190} INFO - [2026-07-09T10:45:27.402+0000] {dagbag.py:588} INFO - Filling up the DagBag from /opt/airflow/dags/dag_extract_catalogs.py
[2026-07-09T10:45:27.408+0000] {processor.py:925} INFO - DAG(s) 'dag_extract_catalogs' retrieved from /opt/airflow/dags/dag_extract_catalogs.py
[2026-07-09T10:45:27.418+0000] {logging_mixin.py:190} INFO - [2026-07-09T10:45:27.418+0000] {dag.py:3239} INFO - Sync 1 DAGs
[2026-07-09T10:45:27.425+0000] {logging_mixin.py:190} INFO - [2026-07-09T10:45:27.425+0000] {dag.py:4180} INFO - Setting next_dagrun for dag_extract_catalogs to 2026-07-08 01:00:00+00:00, run_after=2026-07-09 01:00:00+00:00
[2026-07-09T10:45:27.429+0000] {processor.py:208} INFO - Processing /opt/airflow/dags/dag_extract_catalogs.py took 0.031 seconds
[2026-07-09T10:45:57.840+0000] {processor.py:186} INFO - Started process (PID=623) to work on /opt/airflow/dags/dag_extract_catalogs.py
[2026-07-09T10:45:57.840+0000] {processor.py:914} INFO - Processing file /opt/airflow/dags/dag_extract_catalogs.py for tasks to queue
[2026-07-09T10:45:57.841+0000] {logging_mixin.py:190} INFO - [2026-07-09T10:45:57.841+0000] {dagbag.py:588} INFO - Filling up the DagBag from /opt/airflow/dags/dag_extract_catalogs.py
[2026-07-09T10:45:57.846+0000] {processor.py:925} INFO - DAG(s) 'dag_extract_catalogs' retrieved from /opt/airflow/dags/dag_extract_catalogs.py
[2026-07-09T10:45:57.855+0000] {logging_mixin.py:190} INFO - [2026-07-09T10:45:57.855+0000] {dag.py:3239} INFO - Sync 1 DAGs
[2026-07-09T10:45:57.862+0000] {logging_mixin.py:190} INFO - [2026-07-09T10:45:57.862+0000] {dag.py:4180} INFO - Setting next_dagrun for dag_extract_catalogs to 2026-07-08 01:00:00+00:00, run_after=2026-07-09 01:00:00+00:00
[2026-07-09T10:45:57.867+0000] {processor.py:208} INFO - Processing /opt/airflow/dags/dag_extract_catalogs.py took 0.029 seconds
[2026-07-09T10:46:28.363+0000] {processor.py:186} INFO - Started process (PID=643) to work on /opt/airflow/dags/dag_extract_catalogs.py
[2026-07-09T10:46:28.363+0000] {processor.py:914} INFO - Processing file /opt/airflow/dags/dag_extract_catalogs.py for tasks to queue
[2026-07-09T10:46:28.364+0000] {logging_mixin.py:190} INFO - [2026-07-09T10:46:28.364+0000] {dagbag.py:588} INFO - Filling up the DagBag from /opt/airflow/dags/dag_extract_catalogs.py
[2026-07-09T10:46:28.369+0000] {processor.py:925} INFO - DAG(s) 'dag_extract_catalogs' retrieved from /opt/airflow/dags/dag_extract_catalogs.py
[2026-07-09T10:46:28.379+0000] {logging_mixin.py:190} INFO - [2026-07-09T10:46:28.379+0000] {dag.py:3239} INFO - Sync 1 DAGs
[2026-07-09T10:46:28.386+0000] {logging_mixin.py:190} INFO - [2026-07-09T10:46:28.385+0000] {dag.py:4180} INFO - Setting next_dagrun for dag_extract_catalogs to 2026-07-08 01:00:00+00:00, run_after=2026-07-09 01:00:00+00:00
[2026-07-09T10:46:28.390+0000] {processor.py:208} INFO - Processing /opt/airflow/dags/dag_extract_catalogs.py took 0.030 seconds
[2026-07-09T10:46:58.839+0000] {processor.py:186} INFO - Started process (PID=661) to work on /opt/airflow/dags/dag_extract_catalogs.py
[2026-07-09T10:46:58.840+0000] {processor.py:914} INFO - Processing file /opt/airflow/dags/dag_extract_catalogs.py for tasks to queue
[2026-07-09T10:46:58.841+0000] {logging_mixin.py:190} INFO - [2026-07-09T10:46:58.840+0000] {dagbag.py:588} INFO - Filling up the DagBag from /opt/airflow/dags/dag_extract_catalogs.py
[2026-07-09T10:46:58.848+0000] {processor.py:925} INFO - DAG(s) 'dag_extract_catalogs' retrieved from /opt/airflow/dags/dag_extract_catalogs.py
[2026-07-09T10:46:58.861+0000] {logging_mixin.py:190} INFO - [2026-07-09T10:46:58.861+0000] {dag.py:3239} INFO - Sync 1 DAGs
[2026-07-09T10:46:58.868+0000] {logging_mixin.py:190} INFO - [2026-07-09T10:46:58.868+0000] {dag.py:4180} INFO - Setting next_dagrun for dag_extract_catalogs to 2026-07-08 01:00:00+00:00, run_after=2026-07-09 01:00:00+00:00
[2026-07-09T10:46:58.874+0000] {processor.py:208} INFO - Processing /opt/airflow/dags/dag_extract_catalogs.py took 0.044 seconds
[2026-07-09T10:47:29.268+0000] {processor.py:186} INFO - Started process (PID=681) to work on /opt/airflow/dags/dag_extract_catalogs.py
[2026-07-09T10:47:29.268+0000] {processor.py:914} INFO - Processing file /opt/airflow/dags/dag_extract_catalogs.py for tasks to queue
[2026-07-09T10:47:29.270+0000] {logging_mixin.py:190} INFO - [2026-07-09T10:47:29.270+0000] {dagbag.py:588} INFO - Filling up the DagBag from /opt/airflow/dags/dag_extract_catalogs.py
[2026-07-09T10:47:29.277+0000] {processor.py:925} INFO - DAG(s) 'dag_extract_catalogs' retrieved from /opt/airflow/dags/dag_extract_catalogs.py
[2026-07-09T10:47:29.290+0000] {logging_mixin.py:190} INFO - [2026-07-09T10:47:29.290+0000] {dag.py:3239} INFO - Sync 1 DAGs
[2026-07-09T10:47:29.298+0000] {logging_mixin.py:190} INFO - [2026-07-09T10:47:29.298+0000] {dag.py:4180} INFO - Setting next_dagrun for dag_extract_catalogs to 2026-07-08 01:00:00+00:00, run_after=2026-07-09 01:00:00+00:00
[2026-07-09T10:47:29.303+0000] {processor.py:208} INFO - Processing /opt/airflow/dags/dag_extract_catalogs.py took 0.038 seconds
[2026-07-09T10:47:59.707+0000] {processor.py:186} INFO - Started process (PID=703) to work on /opt/airflow/dags/dag_extract_catalogs.py
[2026-07-09T10:47:59.707+0000] {processor.py:914} INFO - Processing file /opt/airflow/dags/dag_extract_catalogs.py for tasks to queue
[2026-07-09T10:47:59.708+0000] {logging_mixin.py:190} INFO - [2026-07-09T10:47:59.708+0000] {dagbag.py:588} INFO - Filling up the DagBag from /opt/airflow/dags/dag_extract_catalogs.py
[2026-07-09T10:47:59.713+0000] {processor.py:925} INFO - DAG(s) 'dag_extract_catalogs' retrieved from /opt/airflow/dags/dag_extract_catalogs.py
[2026-07-09T10:47:59.723+0000] {logging_mixin.py:190} INFO - [2026-07-09T10:47:59.723+0000] {dag.py:3239} INFO - Sync 1 DAGs
[2026-07-09T10:47:59.730+0000] {logging_mixin.py:190} INFO - [2026-07-09T10:47:59.730+0000] {dag.py:4180} INFO - Setting next_dagrun for dag_extract_catalogs to 2026-07-08 01:00:00+00:00, run_after=2026-07-09 01:00:00+00:00
[2026-07-09T10:47:59.734+0000] {processor.py:208} INFO - Processing /opt/airflow/dags/dag_extract_catalogs.py took 0.030 seconds
[2026-07-09T10:48:30.165+0000] {processor.py:186} INFO - Started process (PID=723) to work on /opt/airflow/dags/dag_extract_catalogs.py
[2026-07-09T10:48:30.165+0000] {processor.py:914} INFO - Processing file /opt/airflow/dags/dag_extract_catalogs.py for tasks to queue
[2026-07-09T10:48:30.166+0000] {logging_mixin.py:190} INFO - [2026-07-09T10:48:30.166+0000] {dagbag.py:588} INFO - Filling up the DagBag from /opt/airflow/dags/dag_extract_catalogs.py
[2026-07-09T10:48:30.171+0000] {processor.py:925} INFO - DAG(s) 'dag_extract_catalogs' retrieved from /opt/airflow/dags/dag_extract_catalogs.py
[2026-07-09T10:48:30.180+0000] {logging_mixin.py:190} INFO - [2026-07-09T10:48:30.180+0000] {dag.py:3239} INFO - Sync 1 DAGs
[2026-07-09T10:48:30.187+0000] {logging_mixin.py:190} INFO - [2026-07-09T10:48:30.187+0000] {dag.py:4180} INFO - Setting next_dagrun for dag_extract_catalogs to 2026-07-08 01:00:00+00:00, run_after=2026-07-09 01:00:00+00:00
[2026-07-09T10:48:30.192+0000] {processor.py:208} INFO - Processing /opt/airflow/dags/dag_extract_catalogs.py took 0.029 seconds
[2026-07-09T10:49:00.604+0000] {processor.py:186} INFO - Started process (PID=743) to work on /opt/airflow/dags/dag_extract_catalogs.py
[2026-07-09T10:49:00.604+0000] {processor.py:914} INFO - Processing file /opt/airflow/dags/dag_extract_catalogs.py for tasks to queue
[2026-07-09T10:49:00.605+0000] {logging_mixin.py:190} INFO - [2026-07-09T10:49:00.605+0000] {dagbag.py:588} INFO - Filling up the DagBag from /opt/airflow/dags/dag_extract_catalogs.py
[2026-07-09T10:49:00.610+0000] {processor.py:925} INFO - DAG(s) 'dag_extract_catalogs' retrieved from /opt/airflow/dags/dag_extract_catalogs.py
[2026-07-09T10:49:00.620+0000] {logging_mixin.py:190} INFO - [2026-07-09T10:49:00.619+0000] {dag.py:3239} INFO - Sync 1 DAGs
[2026-07-09T10:49:00.626+0000] {logging_mixin.py:190} INFO - [2026-07-09T10:49:00.626+0000] {dag.py:4180} INFO - Setting next_dagrun for dag_extract_catalogs to 2026-07-08 01:00:00+00:00, run_after=2026-07-09 01:00:00+00:00
[2026-07-09T10:49:00.631+0000] {processor.py:208} INFO - Processing /opt/airflow/dags/dag_extract_catalogs.py took 0.029 seconds
[2026-07-09T10:49:31.004+0000] {processor.py:186} INFO - Started process (PID=761) to work on /opt/airflow/dags/dag_extract_catalogs.py
[2026-07-09T10:49:31.004+0000] {processor.py:914} INFO - Processing file /opt/airflow/dags/dag_extract_catalogs.py for tasks to queue
[2026-07-09T10:49:31.005+0000] {logging_mixin.py:190} INFO - [2026-07-09T10:49:31.005+0000] {dagbag.py:588} INFO - Filling up the DagBag from /opt/airflow/dags/dag_extract_catalogs.py
[2026-07-09T10:49:31.012+0000] {processor.py:925} INFO - DAG(s) 'dag_extract_catalogs' retrieved from /opt/airflow/dags/dag_extract_catalogs.py
[2026-07-09T10:49:31.024+0000] {logging_mixin.py:190} INFO - [2026-07-09T10:49:31.024+0000] {dag.py:3239} INFO - Sync 1 DAGs
[2026-07-09T10:49:31.032+0000] {logging_mixin.py:190} INFO - [2026-07-09T10:49:31.032+0000] {dag.py:4180} INFO - Setting next_dagrun for dag_extract_catalogs to 2026-07-08 01:00:00+00:00, run_after=2026-07-09 01:00:00+00:00
[2026-07-09T10:49:31.040+0000] {processor.py:208} INFO - Processing /opt/airflow/dags/dag_extract_catalogs.py took 0.038 seconds
[2026-07-09T10:50:01.496+0000] {processor.py:186} INFO - Started process (PID=783) to work on /opt/airflow/dags/dag_extract_catalogs.py
[2026-07-09T10:50:01.496+0000] {processor.py:914} INFO - Processing file /opt/airflow/dags/dag_extract_catalogs.py for tasks to queue
[2026-07-09T10:50:01.497+0000] {logging_mixin.py:190} INFO - [2026-07-09T10:50:01.497+0000] {dagbag.py:588} INFO - Filling up the DagBag from /opt/airflow/dags/dag_extract_catalogs.py
[2026-07-09T10:50:01.503+0000] {processor.py:925} INFO - DAG(s) 'dag_extract_catalogs' retrieved from /opt/airflow/dags/dag_extract_catalogs.py
[2026-07-09T10:50:01.513+0000] {logging_mixin.py:190} INFO - [2026-07-09T10:50:01.513+0000] {dag.py:3239} INFO - Sync 1 DAGs
[2026-07-09T10:50:01.520+0000] {logging_mixin.py:190} INFO - [2026-07-09T10:50:01.520+0000] {dag.py:4180} INFO - Setting next_dagrun for dag_extract_catalogs to 2026-07-08 01:00:00+00:00, run_after=2026-07-09 01:00:00+00:00
[2026-07-09T10:50:01.526+0000] {processor.py:208} INFO - Processing /opt/airflow/dags/dag_extract_catalogs.py took 0.033 seconds
[2026-07-09T10:50:31.916+0000] {processor.py:186} INFO - Started process (PID=803) to work on /opt/airflow/dags/dag_extract_catalogs.py
[2026-07-09T10:50:31.916+0000] {processor.py:914} INFO - Processing file /opt/airflow/dags/dag_extract_catalogs.py for tasks to queue
[2026-07-09T10:50:31.917+0000] {logging_mixin.py:190} INFO - [2026-07-09T10:50:31.917+0000] {dagbag.py:588} INFO - Filling up the DagBag from /opt/airflow/dags/dag_extract_catalogs.py
[2026-07-09T10:50:31.923+0000] {processor.py:925} INFO - DAG(s) 'dag_extract_catalogs' retrieved from /opt/airflow/dags/dag_extract_catalogs.py
[2026-07-09T10:50:31.937+0000] {logging_mixin.py:190} INFO - [2026-07-09T10:50:31.937+0000] {dag.py:3239} INFO - Sync 1 DAGs
[2026-07-09T10:50:31.948+0000] {logging_mixin.py:190} INFO - [2026-07-09T10:50:31.948+0000] {dag.py:4180} INFO - Setting next_dagrun for dag_extract_catalogs to 2026-07-08 01:00:00+00:00, run_after=2026-07-09 01:00:00+00:00
[2026-07-09T10:50:31.955+0000] {processor.py:208} INFO - Processing /opt/airflow/dags/dag_extract_catalogs.py took 0.043 seconds
[2026-07-09T10:51:02.464+0000] {processor.py:186} INFO - Started process (PID=823) to work on /opt/airflow/dags/dag_extract_catalogs.py
[2026-07-09T10:51:02.465+0000] {processor.py:914} INFO - Processing file /opt/airflow/dags/dag_extract_catalogs.py for tasks to queue
[2026-07-09T10:51:02.466+0000] {logging_mixin.py:190} INFO - [2026-07-09T10:51:02.466+0000] {dagbag.py:588} INFO - Filling up the DagBag from /opt/airflow/dags/dag_extract_catalogs.py
[2026-07-09T10:51:02.471+0000] {processor.py:925} INFO - DAG(s) 'dag_extract_catalogs' retrieved from /opt/airflow/dags/dag_extract_catalogs.py
[2026-07-09T10:51:02.481+0000] {logging_mixin.py:190} INFO - [2026-07-09T10:51:02.481+0000] {dag.py:3239} INFO - Sync 1 DAGs
[2026-07-09T10:51:02.488+0000] {logging_mixin.py:190} INFO - [2026-07-09T10:51:02.488+0000] {dag.py:4180} INFO - Setting next_dagrun for dag_extract_catalogs to 2026-07-08 01:00:00+00:00, run_after=2026-07-09 01:00:00+00:00
[2026-07-09T10:51:02.492+0000] {processor.py:208} INFO - Processing /opt/airflow/dags/dag_extract_catalogs.py took 0.030 seconds
[2026-07-09T10:51:32.921+0000] {processor.py:186} INFO - Started process (PID=843) to work on /opt/airflow/dags/dag_extract_catalogs.py
[2026-07-09T10:51:32.921+0000] {processor.py:914} INFO - Processing file /opt/airflow/dags/dag_extract_catalogs.py for tasks to queue
[2026-07-09T10:51:32.922+0000] {logging_mixin.py:190} INFO - [2026-07-09T10:51:32.922+0000] {dagbag.py:588} INFO - Filling up the DagBag from /opt/airflow/dags/dag_extract_catalogs.py
[2026-07-09T10:51:32.927+0000] {processor.py:925} INFO - DAG(s) 'dag_extract_catalogs' retrieved from /opt/airflow/dags/dag_extract_catalogs.py
[2026-07-09T10:51:32.937+0000] {logging_mixin.py:190} INFO - [2026-07-09T10:51:32.936+0000] {dag.py:3239} INFO - Sync 1 DAGs
[2026-07-09T10:51:32.943+0000] {logging_mixin.py:190} INFO - [2026-07-09T10:51:32.943+0000] {dag.py:4180} INFO - Setting next_dagrun for dag_extract_catalogs to 2026-07-08 01:00:00+00:00, run_after=2026-07-09 01:00:00+00:00
[2026-07-09T10:51:32.948+0000] {processor.py:208} INFO - Processing /opt/airflow/dags/dag_extract_catalogs.py took 0.030 seconds
[2026-07-09T10:52:03.366+0000] {processor.py:186} INFO - Started process (PID=863) to work on /opt/airflow/dags/dag_extract_catalogs.py
[2026-07-09T10:52:03.367+0000] {processor.py:914} INFO - Processing file /opt/airflow/dags/dag_extract_catalogs.py for tasks to queue
[2026-07-09T10:52:03.367+0000] {logging_mixin.py:190} INFO - [2026-07-09T10:52:03.367+0000] {dagbag.py:588} INFO - Filling up the DagBag from /opt/airflow/dags/dag_extract_catalogs.py
[2026-07-09T10:52:03.372+0000] {processor.py:925} INFO - DAG(s) 'dag_extract_catalogs' retrieved from /opt/airflow/dags/dag_extract_catalogs.py
[2026-07-09T10:52:03.382+0000] {logging_mixin.py:190} INFO - [2026-07-09T10:52:03.382+0000] {dag.py:3239} INFO - Sync 1 DAGs
[2026-07-09T10:52:03.389+0000] {logging_mixin.py:190} INFO - [2026-07-09T10:52:03.389+0000] {dag.py:4180} INFO - Setting next_dagrun for dag_extract_catalogs to 2026-07-08 01:00:00+00:00, run_after=2026-07-09 01:00:00+00:00
[2026-07-09T10:52:03.394+0000] {processor.py:208} INFO - Processing /opt/airflow/dags/dag_extract_catalogs.py took 0.030 seconds
[2026-07-09T10:52:33.782+0000] {processor.py:186} INFO - Started process (PID=883) to work on /opt/airflow/dags/dag_extract_catalogs.py
[2026-07-09T10:52:33.782+0000] {processor.py:914} INFO - Processing file /opt/airflow/dags/dag_extract_catalogs.py for tasks to queue
[2026-07-09T10:52:33.783+0000] {logging_mixin.py:190} INFO - [2026-07-09T10:52:33.783+0000] {dagbag.py:588} INFO - Filling up the DagBag from /opt/airflow/dags/dag_extract_catalogs.py
[2026-07-09T10:52:33.788+0000] {processor.py:925} INFO - DAG(s) 'dag_extract_catalogs' retrieved from /opt/airflow/dags/dag_extract_catalogs.py
[2026-07-09T10:52:33.798+0000] {logging_mixin.py:190} INFO - [2026-07-09T10:52:33.797+0000] {dag.py:3239} INFO - Sync 1 DAGs
[2026-07-09T10:52:33.805+0000] {logging_mixin.py:190} INFO - [2026-07-09T10:52:33.805+0000] {dag.py:4180} INFO - Setting next_dagrun for dag_extract_catalogs to 2026-07-08 01:00:00+00:00, run_after=2026-07-09 01:00:00+00:00
[2026-07-09T10:52:33.810+0000] {processor.py:208} INFO - Processing /opt/airflow/dags/dag_extract_catalogs.py took 0.030 seconds
[2026-07-09T10:53:04.213+0000] {processor.py:186} INFO - Started process (PID=903) to work on /opt/airflow/dags/dag_extract_catalogs.py
[2026-07-09T10:53:04.213+0000] {processor.py:914} INFO - Processing file /opt/airflow/dags/dag_extract_catalogs.py for tasks to queue
[2026-07-09T10:53:04.214+0000] {logging_mixin.py:190} INFO - [2026-07-09T10:53:04.214+0000] {dagbag.py:588} INFO - Filling up the DagBag from /opt/airflow/dags/dag_extract_catalogs.py
[2026-07-09T10:53:04.219+0000] {processor.py:925} INFO - DAG(s) 'dag_extract_catalogs' retrieved from /opt/airflow/dags/dag_extract_catalogs.py
[2026-07-09T10:53:04.229+0000] {logging_mixin.py:190} INFO - [2026-07-09T10:53:04.229+0000] {dag.py:3239} INFO - Sync 1 DAGs
[2026-07-09T10:53:04.235+0000] {logging_mixin.py:190} INFO - [2026-07-09T10:53:04.235+0000] {dag.py:4180} INFO - Setting next_dagrun for dag_extract_catalogs to 2026-07-08 01:00:00+00:00, run_after=2026-07-09 01:00:00+00:00
[2026-07-09T10:53:04.240+0000] {processor.py:208} INFO - Processing /opt/airflow/dags/dag_extract_catalogs.py took 0.030 seconds
[2026-07-09T10:53:34.650+0000] {processor.py:186} INFO - Started process (PID=923) to work on /opt/airflow/dags/dag_extract_catalogs.py
[2026-07-09T10:53:34.650+0000] {processor.py:914} INFO - Processing file /opt/airflow/dags/dag_extract_catalogs.py for tasks to queue
[2026-07-09T10:53:34.651+0000] {logging_mixin.py:190} INFO - [2026-07-09T10:53:34.651+0000] {dagbag.py:588} INFO - Filling up the DagBag from /opt/airflow/dags/dag_extract_catalogs.py
[2026-07-09T10:53:34.656+0000] {processor.py:925} INFO - DAG(s) 'dag_extract_catalogs' retrieved from /opt/airflow/dags/dag_extract_catalogs.py
[2026-07-09T10:53:34.665+0000] {logging_mixin.py:190} INFO - [2026-07-09T10:53:34.665+0000] {dag.py:3239} INFO - Sync 1 DAGs
[2026-07-09T10:53:34.673+0000] {logging_mixin.py:190} INFO - [2026-07-09T10:53:34.673+0000] {dag.py:4180} INFO - Setting next_dagrun for dag_extract_catalogs to 2026-07-08 01:00:00+00:00, run_after=2026-07-09 01:00:00+00:00
[2026-07-09T10:53:34.677+0000] {processor.py:208} INFO - Processing /opt/airflow/dags/dag_extract_catalogs.py took 0.030 seconds
[2026-07-09T10:54:05.090+0000] {processor.py:186} INFO - Started process (PID=943) to work on /opt/airflow/dags/dag_extract_catalogs.py
[2026-07-09T10:54:05.090+0000] {processor.py:914} INFO - Processing file /opt/airflow/dags/dag_extract_catalogs.py for tasks to queue
[2026-07-09T10:54:05.091+0000] {logging_mixin.py:190} INFO - [2026-07-09T10:54:05.091+0000] {dagbag.py:588} INFO - Filling up the DagBag from /opt/airflow/dags/dag_extract_catalogs.py
[2026-07-09T10:54:05.096+0000] {processor.py:925} INFO - DAG(s) 'dag_extract_catalogs' retrieved from /opt/airflow/dags/dag_extract_catalogs.py
[2026-07-09T10:54:05.105+0000] {logging_mixin.py:190} INFO - [2026-07-09T10:54:05.105+0000] {dag.py:3239} INFO - Sync 1 DAGs
[2026-07-09T10:54:05.112+0000] {logging_mixin.py:190} INFO - [2026-07-09T10:54:05.112+0000] {dag.py:4180} INFO - Setting next_dagrun for dag_extract_catalogs to 2026-07-08 01:00:00+00:00, run_after=2026-07-09 01:00:00+00:00
[2026-07-09T10:54:05.117+0000] {processor.py:208} INFO - Processing /opt/airflow/dags/dag_extract_catalogs.py took 0.029 seconds
[2026-07-09T10:54:35.563+0000] {processor.py:186} INFO - Started process (PID=963) to work on /opt/airflow/dags/dag_extract_catalogs.py
[2026-07-09T10:54:35.563+0000] {processor.py:914} INFO - Processing file /opt/airflow/dags/dag_extract_catalogs.py for tasks to queue
[2026-07-09T10:54:35.564+0000] {logging_mixin.py:190} INFO - [2026-07-09T10:54:35.564+0000] {dagbag.py:588} INFO - Filling up the DagBag from /opt/airflow/dags/dag_extract_catalogs.py
[2026-07-09T10:54:35.569+0000] {processor.py:925} INFO - DAG(s) 'dag_extract_catalogs' retrieved from /opt/airflow/dags/dag_extract_catalogs.py
[2026-07-09T10:54:35.579+0000] {logging_mixin.py:190} INFO - [2026-07-09T10:54:35.579+0000] {dag.py:3239} INFO - Sync 1 DAGs
[2026-07-09T10:54:35.586+0000] {logging_mixin.py:190} INFO - [2026-07-09T10:54:35.586+0000] {dag.py:4180} INFO - Setting next_dagrun for dag_extract_catalogs to 2026-07-08 01:00:00+00:00, run_after=2026-07-09 01:00:00+00:00
[2026-07-09T10:54:35.591+0000] {processor.py:208} INFO - Processing /opt/airflow/dags/dag_extract_catalogs.py took 0.030 seconds
[2026-07-09T10:55:05.959+0000] {processor.py:186} INFO - Started process (PID=983) to work on /opt/airflow/dags/dag_extract_catalogs.py
[2026-07-09T10:55:05.959+0000] {processor.py:914} INFO - Processing file /opt/airflow/dags/dag_extract_catalogs.py for tasks to queue
[2026-07-09T10:55:05.960+0000] {logging_mixin.py:190} INFO - [2026-07-09T10:55:05.960+0000] {dagbag.py:588} INFO - Filling up the DagBag from /opt/airflow/dags/dag_extract_catalogs.py
[2026-07-09T10:55:05.965+0000] {processor.py:925} INFO - DAG(s) 'dag_extract_catalogs' retrieved from /opt/airflow/dags/dag_extract_catalogs.py
[2026-07-09T10:55:05.975+0000] {logging_mixin.py:190} INFO - [2026-07-09T10:55:05.975+0000] {dag.py:3239} INFO - Sync 1 DAGs
[2026-07-09T10:55:05.982+0000] {logging_mixin.py:190} INFO - [2026-07-09T10:55:05.982+0000] {dag.py:4180} INFO - Setting next_dagrun for dag_extract_catalogs to 2026-07-08 01:00:00+00:00, run_after=2026-07-09 01:00:00+00:00
[2026-07-09T10:55:05.986+0000] {processor.py:208} INFO - Processing /opt/airflow/dags/dag_extract_catalogs.py took 0.030 seconds
[2026-07-09T10:55:36.399+0000] {processor.py:186} INFO - Started process (PID=1003) to work on /opt/airflow/dags/dag_extract_catalogs.py
[2026-07-09T10:55:36.400+0000] {processor.py:914} INFO - Processing file /opt/airflow/dags/dag_extract_catalogs.py for tasks to queue
[2026-07-09T10:55:36.401+0000] {logging_mixin.py:190} INFO - [2026-07-09T10:55:36.401+0000] {dagbag.py:588} INFO - Filling up the DagBag from /opt/airflow/dags/dag_extract_catalogs.py
[2026-07-09T10:55:36.406+0000] {processor.py:925} INFO - DAG(s) 'dag_extract_catalogs' retrieved from /opt/airflow/dags/dag_extract_catalogs.py
[2026-07-09T10:55:36.415+0000] {logging_mixin.py:190} INFO - [2026-07-09T10:55:36.415+0000] {dag.py:3239} INFO - Sync 1 DAGs
[2026-07-09T10:55:36.422+0000] {logging_mixin.py:190} INFO - [2026-07-09T10:55:36.422+0000] {dag.py:4180} INFO - Setting next_dagrun for dag_extract_catalogs to 2026-07-08 01:00:00+00:00, run_after=2026-07-09 01:00:00+00:00
[2026-07-09T10:55:36.427+0000] {processor.py:208} INFO - Processing /opt/airflow/dags/dag_extract_catalogs.py took 0.030 seconds
[2026-07-09T10:56:06.860+0000] {processor.py:186} INFO - Started process (PID=1023) to work on /opt/airflow/dags/dag_extract_catalogs.py
[2026-07-09T10:56:06.861+0000] {processor.py:914} INFO - Processing file /opt/airflow/dags/dag_extract_catalogs.py for tasks to queue
[2026-07-09T10:56:06.862+0000] {logging_mixin.py:190} INFO - [2026-07-09T10:56:06.861+0000] {dagbag.py:588} INFO - Filling up the DagBag from /opt/airflow/dags/dag_extract_catalogs.py
[2026-07-09T10:56:06.867+0000] {processor.py:925} INFO - DAG(s) 'dag_extract_catalogs' retrieved from /opt/airflow/dags/dag_extract_catalogs.py
[2026-07-09T10:56:06.876+0000] {logging_mixin.py:190} INFO - [2026-07-09T10:56:06.876+0000] {dag.py:3239} INFO - Sync 1 DAGs
[2026-07-09T10:56:06.883+0000] {logging_mixin.py:190} INFO - [2026-07-09T10:56:06.883+0000] {dag.py:4180} INFO - Setting next_dagrun for dag_extract_catalogs to 2026-07-08 01:00:00+00:00, run_after=2026-07-09 01:00:00+00:00
[2026-07-09T10:56:06.888+0000] {processor.py:208} INFO - Processing /opt/airflow/dags/dag_extract_catalogs.py took 0.030 seconds
[2026-07-09T10:56:37.302+0000] {processor.py:186} INFO - Started process (PID=1043) to work on /opt/airflow/dags/dag_extract_catalogs.py
[2026-07-09T10:56:37.302+0000] {processor.py:914} INFO - Processing file /opt/airflow/dags/dag_extract_catalogs.py for tasks to queue
[2026-07-09T10:56:37.303+0000] {logging_mixin.py:190} INFO - [2026-07-09T10:56:37.303+0000] {dagbag.py:588} INFO - Filling up the DagBag from /opt/airflow/dags/dag_extract_catalogs.py
[2026-07-09T10:56:37.308+0000] {processor.py:925} INFO - DAG(s) 'dag_extract_catalogs' retrieved from /opt/airflow/dags/dag_extract_catalogs.py
[2026-07-09T10:56:37.317+0000] {logging_mixin.py:190} INFO - [2026-07-09T10:56:37.317+0000] {dag.py:3239} INFO - Sync 1 DAGs
[2026-07-09T10:56:37.324+0000] {logging_mixin.py:190} INFO - [2026-07-09T10:56:37.324+0000] {dag.py:4180} INFO - Setting next_dagrun for dag_extract_catalogs to 2026-07-08 01:00:00+00:00, run_after=2026-07-09 01:00:00+00:00
[2026-07-09T10:56:37.329+0000] {processor.py:208} INFO - Processing /opt/airflow/dags/dag_extract_catalogs.py took 0.030 seconds
[2026-07-09T10:57:07.721+0000] {processor.py:186} INFO - Started process (PID=1063) to work on /opt/airflow/dags/dag_extract_catalogs.py
[2026-07-09T10:57:07.721+0000] {processor.py:914} INFO - Processing file /opt/airflow/dags/dag_extract_catalogs.py for tasks to queue
[2026-07-09T10:57:07.722+0000] {logging_mixin.py:190} INFO - [2026-07-09T10:57:07.722+0000] {dagbag.py:588} INFO - Filling up the DagBag from /opt/airflow/dags/dag_extract_catalogs.py
[2026-07-09T10:57:07.727+0000] {processor.py:925} INFO - DAG(s) 'dag_extract_catalogs' retrieved from /opt/airflow/dags/dag_extract_catalogs.py
[2026-07-09T10:57:07.737+0000] {logging_mixin.py:190} INFO - [2026-07-09T10:57:07.737+0000] {dag.py:3239} INFO - Sync 1 DAGs
[2026-07-09T10:57:07.744+0000] {logging_mixin.py:190} INFO - [2026-07-09T10:57:07.744+0000] {dag.py:4180} INFO - Setting next_dagrun for dag_extract_catalogs to 2026-07-08 01:00:00+00:00, run_after=2026-07-09 01:00:00+00:00
[2026-07-09T10:57:07.749+0000] {processor.py:208} INFO - Processing /opt/airflow/dags/dag_extract_catalogs.py took 0.030 seconds
[2026-07-09T10:57:38.057+0000] {processor.py:186} INFO - Started process (PID=1081) to work on /opt/airflow/dags/dag_extract_catalogs.py
[2026-07-09T10:57:38.058+0000] {processor.py:914} INFO - Processing file /opt/airflow/dags/dag_extract_catalogs.py for tasks to queue
[2026-07-09T10:57:38.059+0000] {logging_mixin.py:190} INFO - [2026-07-09T10:57:38.059+0000] {dagbag.py:588} INFO - Filling up the DagBag from /opt/airflow/dags/dag_extract_catalogs.py
[2026-07-09T10:57:38.066+0000] {processor.py:925} INFO - DAG(s) 'dag_extract_catalogs' retrieved from /opt/airflow/dags/dag_extract_catalogs.py
[2026-07-09T10:57:38.078+0000] {logging_mixin.py:190} INFO - [2026-07-09T10:57:38.078+0000] {dag.py:3239} INFO - Sync 1 DAGs
[2026-07-09T10:57:38.086+0000] {logging_mixin.py:190} INFO - [2026-07-09T10:57:38.086+0000] {dag.py:4180} INFO - Setting next_dagrun for dag_extract_catalogs to 2026-07-08 01:00:00+00:00, run_after=2026-07-09 01:00:00+00:00
[2026-07-09T10:57:38.092+0000] {processor.py:208} INFO - Processing /opt/airflow/dags/dag_extract_catalogs.py took 0.038 seconds
[2026-07-09T10:58:08.639+0000] {processor.py:186} INFO - Started process (PID=1103) to work on /opt/airflow/dags/dag_extract_catalogs.py
[2026-07-09T10:58:08.639+0000] {processor.py:914} INFO - Processing file /opt/airflow/dags/dag_extract_catalogs.py for tasks to queue
[2026-07-09T10:58:08.640+0000] {logging_mixin.py:190} INFO - [2026-07-09T10:58:08.640+0000] {dagbag.py:588} INFO - Filling up the DagBag from /opt/airflow/dags/dag_extract_catalogs.py
[2026-07-09T10:58:08.647+0000] {processor.py:925} INFO - DAG(s) 'dag_extract_catalogs' retrieved from /opt/airflow/dags/dag_extract_catalogs.py
[2026-07-09T10:58:08.658+0000] {logging_mixin.py:190} INFO - [2026-07-09T10:58:08.658+0000] {dag.py:3239} INFO - Sync 1 DAGs
[2026-07-09T10:58:08.667+0000] {logging_mixin.py:190} INFO - [2026-07-09T10:58:08.667+0000] {dag.py:4180} INFO - Setting next_dagrun for dag_extract_catalogs to 2026-07-08 01:00:00+00:00, run_after=2026-07-09 01:00:00+00:00
[2026-07-09T10:58:08.672+0000] {processor.py:208} INFO - Processing /opt/airflow/dags/dag_extract_catalogs.py took 0.036 seconds
[2026-07-09T10:58:39.158+0000] {processor.py:186} INFO - Started process (PID=1121) to work on /opt/airflow/dags/dag_extract_catalogs.py
[2026-07-09T10:58:39.159+0000] {processor.py:914} INFO - Processing file /opt/airflow/dags/dag_extract_catalogs.py for tasks to queue
[2026-07-09T10:58:39.161+0000] {logging_mixin.py:190} INFO - [2026-07-09T10:58:39.161+0000] {dagbag.py:588} INFO - Filling up the DagBag from /opt/airflow/dags/dag_extract_catalogs.py
[2026-07-09T10:58:39.168+0000] {processor.py:925} INFO - DAG(s) 'dag_extract_catalogs' retrieved from /opt/airflow/dags/dag_extract_catalogs.py
[2026-07-09T10:58:39.184+0000] {logging_mixin.py:190} INFO - [2026-07-09T10:58:39.184+0000] {dag.py:3239} INFO - Sync 1 DAGs
[2026-07-09T10:58:39.196+0000] {logging_mixin.py:190} INFO - [2026-07-09T10:58:39.196+0000] {dag.py:4180} INFO - Setting next_dagrun for dag_extract_catalogs to 2026-07-08 01:00:00+00:00, run_after=2026-07-09 01:00:00+00:00
[2026-07-09T10:58:39.208+0000] {processor.py:208} INFO - Processing /opt/airflow/dags/dag_extract_catalogs.py took 0.053 seconds
[2026-07-09T10:59:09.922+0000] {processor.py:186} INFO - Started process (PID=1143) to work on /opt/airflow/dags/dag_extract_catalogs.py
[2026-07-09T10:59:09.923+0000] {processor.py:914} INFO - Processing file /opt/airflow/dags/dag_extract_catalogs.py for tasks to queue
[2026-07-09T10:59:09.924+0000] {logging_mixin.py:190} INFO - [2026-07-09T10:59:09.924+0000] {dagbag.py:588} INFO - Filling up the DagBag from /opt/airflow/dags/dag_extract_catalogs.py
[2026-07-09T10:59:09.934+0000] {processor.py:925} INFO - DAG(s) 'dag_extract_catalogs' retrieved from /opt/airflow/dags/dag_extract_catalogs.py
[2026-07-09T10:59:09.946+0000] {logging_mixin.py:190} INFO - [2026-07-09T10:59:09.946+0000] {dag.py:3239} INFO - Sync 1 DAGs
[2026-07-09T10:59:09.955+0000] {logging_mixin.py:190} INFO - [2026-07-09T10:59:09.955+0000] {dag.py:4180} INFO - Setting next_dagrun for dag_extract_catalogs to 2026-07-08 01:00:00+00:00, run_after=2026-07-09 01:00:00+00:00
[2026-07-09T10:59:09.960+0000] {processor.py:208} INFO - Processing /opt/airflow/dags/dag_extract_catalogs.py took 0.042 seconds
[2026-07-09T10:59:40.584+0000] {processor.py:186} INFO - Started process (PID=1163) to work on /opt/airflow/dags/dag_extract_catalogs.py
[2026-07-09T10:59:40.585+0000] {processor.py:914} INFO - Processing file /opt/airflow/dags/dag_extract_catalogs.py for tasks to queue
[2026-07-09T10:59:40.586+0000] {logging_mixin.py:190} INFO - [2026-07-09T10:59:40.586+0000] {dagbag.py:588} INFO - Filling up the DagBag from /opt/airflow/dags/dag_extract_catalogs.py
[2026-07-09T10:59:40.591+0000] {processor.py:925} INFO - DAG(s) 'dag_extract_catalogs' retrieved from /opt/airflow/dags/dag_extract_catalogs.py
[2026-07-09T10:59:40.600+0000] {logging_mixin.py:190} INFO - [2026-07-09T10:59:40.600+0000] {dag.py:3239} INFO - Sync 1 DAGs
[2026-07-09T10:59:40.608+0000] {logging_mixin.py:190} INFO - [2026-07-09T10:59:40.608+0000] {dag.py:4180} INFO - Setting next_dagrun for dag_extract_catalogs to 2026-07-08 01:00:00+00:00, run_after=2026-07-09 01:00:00+00:00
[2026-07-09T10:59:40.612+0000] {processor.py:208} INFO - Processing /opt/airflow/dags/dag_extract_catalogs.py took 0.030 seconds
[2026-07-09T11:00:11.061+0000] {processor.py:186} INFO - Started process (PID=1183) to work on /opt/airflow/dags/dag_extract_catalogs.py
[2026-07-09T11:00:11.062+0000] {processor.py:914} INFO - Processing file /opt/airflow/dags/dag_extract_catalogs.py for tasks to queue
[2026-07-09T11:00:11.062+0000] {logging_mixin.py:190} INFO - [2026-07-09T11:00:11.062+0000] {dagbag.py:588} INFO - Filling up the DagBag from /opt/airflow/dags/dag_extract_catalogs.py
[2026-07-09T11:00:11.067+0000] {processor.py:925} INFO - DAG(s) 'dag_extract_catalogs' retrieved from /opt/airflow/dags/dag_extract_catalogs.py
[2026-07-09T11:00:11.078+0000] {logging_mixin.py:190} INFO - [2026-07-09T11:00:11.077+0000] {dag.py:3239} INFO - Sync 1 DAGs
[2026-07-09T11:00:11.085+0000] {logging_mixin.py:190} INFO - [2026-07-09T11:00:11.085+0000] {dag.py:4180} INFO - Setting next_dagrun for dag_extract_catalogs to 2026-07-08 01:00:00+00:00, run_after=2026-07-09 01:00:00+00:00
[2026-07-09T11:00:11.089+0000] {processor.py:208} INFO - Processing /opt/airflow/dags/dag_extract_catalogs.py took 0.031 seconds
[2026-07-09T11:00:41.498+0000] {processor.py:186} INFO - Started process (PID=1203) to work on /opt/airflow/dags/dag_extract_catalogs.py
[2026-07-09T11:00:41.499+0000] {processor.py:914} INFO - Processing file /opt/airflow/dags/dag_extract_catalogs.py for tasks to queue
[2026-07-09T11:00:41.500+0000] {logging_mixin.py:190} INFO - [2026-07-09T11:00:41.500+0000] {dagbag.py:588} INFO - Filling up the DagBag from /opt/airflow/dags/dag_extract_catalogs.py
[2026-07-09T11:00:41.507+0000] {processor.py:925} INFO - DAG(s) 'dag_extract_catalogs' retrieved from /opt/airflow/dags/dag_extract_catalogs.py
[2026-07-09T11:00:41.518+0000] {logging_mixin.py:190} INFO - [2026-07-09T11:00:41.518+0000] {dag.py:3239} INFO - Sync 1 DAGs
[2026-07-09T11:00:41.526+0000] {logging_mixin.py:190} INFO - [2026-07-09T11:00:41.526+0000] {dag.py:4180} INFO - Setting next_dagrun for dag_extract_catalogs to 2026-07-08 01:00:00+00:00, run_after=2026-07-09 01:00:00+00:00
[2026-07-09T11:00:41.531+0000] {processor.py:208} INFO - Processing /opt/airflow/dags/dag_extract_catalogs.py took 0.036 seconds
[2026-07-09T11:01:11.967+0000] {processor.py:186} INFO - Started process (PID=1221) to work on /opt/airflow/dags/dag_extract_catalogs.py
[2026-07-09T11:01:11.969+0000] {processor.py:914} INFO - Processing file /opt/airflow/dags/dag_extract_catalogs.py for tasks to queue
[2026-07-09T11:01:11.971+0000] {logging_mixin.py:190} INFO - [2026-07-09T11:01:11.971+0000] {dagbag.py:588} INFO - Filling up the DagBag from /opt/airflow/dags/dag_extract_catalogs.py
[2026-07-09T11:01:11.978+0000] {processor.py:925} INFO - DAG(s) 'dag_extract_catalogs' retrieved from /opt/airflow/dags/dag_extract_catalogs.py
[2026-07-09T11:01:11.992+0000] {logging_mixin.py:190} INFO - [2026-07-09T11:01:11.992+0000] {dag.py:3239} INFO - Sync 1 DAGs
[2026-07-09T11:01:12.002+0000] {logging_mixin.py:190} INFO - [2026-07-09T11:01:12.002+0000] {dag.py:4180} INFO - Setting next_dagrun for dag_extract_catalogs to 2026-07-08 01:00:00+00:00, run_after=2026-07-09 01:00:00+00:00
[2026-07-09T11:01:12.014+0000] {processor.py:208} INFO - Processing /opt/airflow/dags/dag_extract_catalogs.py took 0.049 seconds
[2026-07-09T11:01:42.541+0000] {processor.py:186} INFO - Started process (PID=1243) to work on /opt/airflow/dags/dag_extract_catalogs.py
[2026-07-09T11:01:42.542+0000] {processor.py:914} INFO - Processing file /opt/airflow/dags/dag_extract_catalogs.py for tasks to queue
[2026-07-09T11:01:42.543+0000] {logging_mixin.py:190} INFO - [2026-07-09T11:01:42.542+0000] {dagbag.py:588} INFO - Filling up the DagBag from /opt/airflow/dags/dag_extract_catalogs.py
[2026-07-09T11:01:42.548+0000] {processor.py:925} INFO - DAG(s) 'dag_extract_catalogs' retrieved from /opt/airflow/dags/dag_extract_catalogs.py
[2026-07-09T11:01:42.558+0000] {logging_mixin.py:190} INFO - [2026-07-09T11:01:42.558+0000] {dag.py:3239} INFO - Sync 1 DAGs
[2026-07-09T11:01:42.566+0000] {logging_mixin.py:190} INFO - [2026-07-09T11:01:42.565+0000] {dag.py:4180} INFO - Setting next_dagrun for dag_extract_catalogs to 2026-07-08 01:00:00+00:00, run_after=2026-07-09 01:00:00+00:00
[2026-07-09T11:01:42.571+0000] {processor.py:208} INFO - Processing /opt/airflow/dags/dag_extract_catalogs.py took 0.036 seconds
[2026-07-09T11:02:12.998+0000] {processor.py:186} INFO - Started process (PID=1263) to work on /opt/airflow/dags/dag_extract_catalogs.py
[2026-07-09T11:02:12.998+0000] {processor.py:914} INFO - Processing file /opt/airflow/dags/dag_extract_catalogs.py for tasks to queue
[2026-07-09T11:02:12.999+0000] {logging_mixin.py:190} INFO - [2026-07-09T11:02:12.999+0000] {dagbag.py:588} INFO - Filling up the DagBag from /opt/airflow/dags/dag_extract_catalogs.py
[2026-07-09T11:02:13.004+0000] {processor.py:925} INFO - DAG(s) 'dag_extract_catalogs' retrieved from /opt/airflow/dags/dag_extract_catalogs.py
[2026-07-09T11:02:13.014+0000] {logging_mixin.py:190} INFO - [2026-07-09T11:02:13.014+0000] {dag.py:3239} INFO - Sync 1 DAGs
[2026-07-09T11:02:13.021+0000] {logging_mixin.py:190} INFO - [2026-07-09T11:02:13.021+0000] {dag.py:4180} INFO - Setting next_dagrun for dag_extract_catalogs to 2026-07-08 01:00:00+00:00, run_after=2026-07-09 01:00:00+00:00
[2026-07-09T11:02:13.026+0000] {processor.py:208} INFO - Processing /opt/airflow/dags/dag_extract_catalogs.py took 0.032 seconds
[2026-07-09T11:02:43.403+0000] {processor.py:186} INFO - Started process (PID=1283) to work on /opt/airflow/dags/dag_extract_catalogs.py
[2026-07-09T11:02:43.404+0000] {processor.py:914} INFO - Processing file /opt/airflow/dags/dag_extract_catalogs.py for tasks to queue
[2026-07-09T11:02:43.405+0000] {logging_mixin.py:190} INFO - [2026-07-09T11:02:43.405+0000] {dagbag.py:588} INFO - Filling up the DagBag from /opt/airflow/dags/dag_extract_catalogs.py
[2026-07-09T11:02:43.410+0000] {processor.py:925} INFO - DAG(s) 'dag_extract_catalogs' retrieved from /opt/airflow/dags/dag_extract_catalogs.py
[2026-07-09T11:02:43.420+0000] {logging_mixin.py:190} INFO - [2026-07-09T11:02:43.419+0000] {dag.py:3239} INFO - Sync 1 DAGs
[2026-07-09T11:02:43.427+0000] {logging_mixin.py:190} INFO - [2026-07-09T11:02:43.427+0000] {dag.py:4180} INFO - Setting next_dagrun for dag_extract_catalogs to 2026-07-08 01:00:00+00:00, run_after=2026-07-09 01:00:00+00:00
[2026-07-09T11:02:43.431+0000] {processor.py:208} INFO - Processing /opt/airflow/dags/dag_extract_catalogs.py took 0.030 seconds
[2026-07-09T11:03:13.849+0000] {processor.py:186} INFO - Started process (PID=1303) to work on /opt/airflow/dags/dag_extract_catalogs.py
[2026-07-09T11:03:13.850+0000] {processor.py:914} INFO - Processing file /opt/airflow/dags/dag_extract_catalogs.py for tasks to queue
[2026-07-09T11:03:13.850+0000] {logging_mixin.py:190} INFO - [2026-07-09T11:03:13.850+0000] {dagbag.py:588} INFO - Filling up the DagBag from /opt/airflow/dags/dag_extract_catalogs.py
[2026-07-09T11:03:13.855+0000] {processor.py:925} INFO - DAG(s) 'dag_extract_catalogs' retrieved from /opt/airflow/dags/dag_extract_catalogs.py
[2026-07-09T11:03:13.866+0000] {logging_mixin.py:190} INFO - [2026-07-09T11:03:13.866+0000] {dag.py:3239} INFO - Sync 1 DAGs
[2026-07-09T11:03:13.874+0000] {logging_mixin.py:190} INFO - [2026-07-09T11:03:13.874+0000] {dag.py:4180} INFO - Setting next_dagrun for dag_extract_catalogs to 2026-07-08 01:00:00+00:00, run_after=2026-07-09 01:00:00+00:00
[2026-07-09T11:03:13.879+0000] {processor.py:208} INFO - Processing /opt/airflow/dags/dag_extract_catalogs.py took 0.032 seconds
[2026-07-09T11:03:44.280+0000] {processor.py:186} INFO - Started process (PID=1323) to work on /opt/airflow/dags/dag_extract_catalogs.py
[2026-07-09T11:03:44.281+0000] {processor.py:914} INFO - Processing file /opt/airflow/dags/dag_extract_catalogs.py for tasks to queue
[2026-07-09T11:03:44.282+0000] {logging_mixin.py:190} INFO - [2026-07-09T11:03:44.281+0000] {dagbag.py:588} INFO - Filling up the DagBag from /opt/airflow/dags/dag_extract_catalogs.py
[2026-07-09T11:03:44.286+0000] {processor.py:925} INFO - DAG(s) 'dag_extract_catalogs' retrieved from /opt/airflow/dags/dag_extract_catalogs.py
[2026-07-09T11:03:44.296+0000] {logging_mixin.py:190} INFO - [2026-07-09T11:03:44.296+0000] {dag.py:3239} INFO - Sync 1 DAGs
[2026-07-09T11:03:44.303+0000] {logging_mixin.py:190} INFO - [2026-07-09T11:03:44.303+0000] {dag.py:4180} INFO - Setting next_dagrun for dag_extract_catalogs to 2026-07-08 01:00:00+00:00, run_after=2026-07-09 01:00:00+00:00
[2026-07-09T11:03:44.308+0000] {processor.py:208} INFO - Processing /opt/airflow/dags/dag_extract_catalogs.py took 0.030 seconds
[2026-07-09T11:04:14.694+0000] {processor.py:186} INFO - Started process (PID=1343) to work on /opt/airflow/dags/dag_extract_catalogs.py
[2026-07-09T11:04:14.694+0000] {processor.py:914} INFO - Processing file /opt/airflow/dags/dag_extract_catalogs.py for tasks to queue
[2026-07-09T11:04:14.695+0000] {logging_mixin.py:190} INFO - [2026-07-09T11:04:14.695+0000] {dagbag.py:588} INFO - Filling up the DagBag from /opt/airflow/dags/dag_extract_catalogs.py
[2026-07-09T11:04:14.700+0000] {processor.py:925} INFO - DAG(s) 'dag_extract_catalogs' retrieved from /opt/airflow/dags/dag_extract_catalogs.py
[2026-07-09T11:04:14.709+0000] {logging_mixin.py:190} INFO - [2026-07-09T11:04:14.709+0000] {dag.py:3239} INFO - Sync 1 DAGs
[2026-07-09T11:04:14.717+0000] {logging_mixin.py:190} INFO - [2026-07-09T11:04:14.717+0000] {dag.py:4180} INFO - Setting next_dagrun for dag_extract_catalogs to 2026-07-08 01:00:00+00:00, run_after=2026-07-09 01:00:00+00:00
[2026-07-09T11:04:14.721+0000] {processor.py:208} INFO - Processing /opt/airflow/dags/dag_extract_catalogs.py took 0.030 seconds
[2026-07-09T11:04:45.120+0000] {processor.py:186} INFO - Started process (PID=1363) to work on /opt/airflow/dags/dag_extract_catalogs.py
[2026-07-09T11:04:45.120+0000] {processor.py:914} INFO - Processing file /opt/airflow/dags/dag_extract_catalogs.py for tasks to queue
[2026-07-09T11:04:45.121+0000] {logging_mixin.py:190} INFO - [2026-07-09T11:04:45.121+0000] {dagbag.py:588} INFO - Filling up the DagBag from /opt/airflow/dags/dag_extract_catalogs.py
[2026-07-09T11:04:45.126+0000] {processor.py:925} INFO - DAG(s) 'dag_extract_catalogs' retrieved from /opt/airflow/dags/dag_extract_catalogs.py
[2026-07-09T11:04:45.136+0000] {logging_mixin.py:190} INFO - [2026-07-09T11:04:45.136+0000] {dag.py:3239} INFO - Sync 1 DAGs
[2026-07-09T11:04:45.143+0000] {logging_mixin.py:190} INFO - [2026-07-09T11:04:45.143+0000] {dag.py:4180} INFO - Setting next_dagrun for dag_extract_catalogs to 2026-07-08 01:00:00+00:00, run_after=2026-07-09 01:00:00+00:00
[2026-07-09T11:04:45.147+0000] {processor.py:208} INFO - Processing /opt/airflow/dags/dag_extract_catalogs.py took 0.030 seconds
[2026-07-09T11:05:15.560+0000] {processor.py:186} INFO - Started process (PID=1381) to work on /opt/airflow/dags/dag_extract_catalogs.py
[2026-07-09T11:05:15.562+0000] {processor.py:914} INFO - Processing file /opt/airflow/dags/dag_extract_catalogs.py for tasks to queue
[2026-07-09T11:05:15.563+0000] {logging_mixin.py:190} INFO - [2026-07-09T11:05:15.563+0000] {dagbag.py:588} INFO - Filling up the DagBag from /opt/airflow/dags/dag_extract_catalogs.py
[2026-07-09T11:05:15.569+0000] {processor.py:925} INFO - DAG(s) 'dag_extract_catalogs' retrieved from /opt/airflow/dags/dag_extract_catalogs.py
[2026-07-09T11:05:15.580+0000] {logging_mixin.py:190} INFO - [2026-07-09T11:05:15.580+0000] {dag.py:3239} INFO - Sync 1 DAGs
[2026-07-09T11:05:15.589+0000] {logging_mixin.py:190} INFO - [2026-07-09T11:05:15.589+0000] {dag.py:4180} INFO - Setting next_dagrun for dag_extract_catalogs to 2026-07-08 01:00:00+00:00, run_after=2026-07-09 01:00:00+00:00
[2026-07-09T11:05:15.597+0000] {processor.py:208} INFO - Processing /opt/airflow/dags/dag_extract_catalogs.py took 0.040 seconds
[2026-07-09T11:05:46.065+0000] {processor.py:186} INFO - Started process (PID=1403) to work on /opt/airflow/dags/dag_extract_catalogs.py
[2026-07-09T11:05:46.066+0000] {processor.py:914} INFO - Processing file /opt/airflow/dags/dag_extract_catalogs.py for tasks to queue
[2026-07-09T11:05:46.067+0000] {logging_mixin.py:190} INFO - [2026-07-09T11:05:46.067+0000] {dagbag.py:588} INFO - Filling up the DagBag from /opt/airflow/dags/dag_extract_catalogs.py
[2026-07-09T11:05:46.074+0000] {processor.py:925} INFO - DAG(s) 'dag_extract_catalogs' retrieved from /opt/airflow/dags/dag_extract_catalogs.py
[2026-07-09T11:05:46.087+0000] {logging_mixin.py:190} INFO - [2026-07-09T11:05:46.087+0000] {dag.py:3239} INFO - Sync 1 DAGs
[2026-07-09T11:05:46.096+0000] {logging_mixin.py:190} INFO - [2026-07-09T11:05:46.096+0000] {dag.py:4180} INFO - Setting next_dagrun for dag_extract_catalogs to 2026-07-08 01:00:00+00:00, run_after=2026-07-09 01:00:00+00:00
[2026-07-09T11:05:46.101+0000] {processor.py:208} INFO - Processing /opt/airflow/dags/dag_extract_catalogs.py took 0.040 seconds
[2026-07-09T11:06:16.444+0000] {processor.py:186} INFO - Started process (PID=1421) to work on /opt/airflow/dags/dag_extract_catalogs.py
[2026-07-09T11:06:16.445+0000] {processor.py:914} INFO - Processing file /opt/airflow/dags/dag_extract_catalogs.py for tasks to queue
[2026-07-09T11:06:16.448+0000] {logging_mixin.py:190} INFO - [2026-07-09T11:06:16.448+0000] {dagbag.py:588} INFO - Filling up the DagBag from /opt/airflow/dags/dag_extract_catalogs.py
[2026-07-09T11:06:16.456+0000] {processor.py:925} INFO - DAG(s) 'dag_extract_catalogs' retrieved from /opt/airflow/dags/dag_extract_catalogs.py
[2026-07-09T11:06:16.472+0000] {logging_mixin.py:190} INFO - [2026-07-09T11:06:16.471+0000] {dag.py:3239} INFO - Sync 1 DAGs
[2026-07-09T11:06:16.483+0000] {logging_mixin.py:190} INFO - [2026-07-09T11:06:16.483+0000] {dag.py:4180} INFO - Setting next_dagrun for dag_extract_catalogs to 2026-07-08 01:00:00+00:00, run_after=2026-07-09 01:00:00+00:00
[2026-07-09T11:06:16.490+0000] {processor.py:208} INFO - Processing /opt/airflow/dags/dag_extract_catalogs.py took 0.050 seconds
[2026-07-09T11:06:46.961+0000] {processor.py:186} INFO - Started process (PID=1443) to work on /opt/airflow/dags/dag_extract_catalogs.py
[2026-07-09T11:06:46.961+0000] {processor.py:914} INFO - Processing file /opt/airflow/dags/dag_extract_catalogs.py for tasks to queue
[2026-07-09T11:06:46.962+0000] {logging_mixin.py:190} INFO - [2026-07-09T11:06:46.962+0000] {dagbag.py:588} INFO - Filling up the DagBag from /opt/airflow/dags/dag_extract_catalogs.py
[2026-07-09T11:06:46.967+0000] {processor.py:925} INFO - DAG(s) 'dag_extract_catalogs' retrieved from /opt/airflow/dags/dag_extract_catalogs.py
[2026-07-09T11:06:46.979+0000] {logging_mixin.py:190} INFO - [2026-07-09T11:06:46.979+0000] {dag.py:3239} INFO - Sync 1 DAGs
[2026-07-09T11:06:46.986+0000] {logging_mixin.py:190} INFO - [2026-07-09T11:06:46.986+0000] {dag.py:4180} INFO - Setting next_dagrun for dag_extract_catalogs to 2026-07-08 01:00:00+00:00, run_after=2026-07-09 01:00:00+00:00
[2026-07-09T11:06:46.991+0000] {processor.py:208} INFO - Processing /opt/airflow/dags/dag_extract_catalogs.py took 0.033 seconds
[2026-07-09T11:07:17.368+0000] {processor.py:186} INFO - Started process (PID=1461) to work on /opt/airflow/dags/dag_extract_catalogs.py
[2026-07-09T11:07:17.368+0000] {processor.py:914} INFO - Processing file /opt/airflow/dags/dag_extract_catalogs.py for tasks to queue
[2026-07-09T11:07:17.369+0000] {logging_mixin.py:190} INFO - [2026-07-09T11:07:17.369+0000] {dagbag.py:588} INFO - Filling up the DagBag from /opt/airflow/dags/dag_extract_catalogs.py
[2026-07-09T11:07:17.375+0000] {processor.py:925} INFO - DAG(s) 'dag_extract_catalogs' retrieved from /opt/airflow/dags/dag_extract_catalogs.py
[2026-07-09T11:07:17.388+0000] {logging_mixin.py:190} INFO - [2026-07-09T11:07:17.388+0000] {dag.py:3239} INFO - Sync 1 DAGs
[2026-07-09T11:07:17.396+0000] {logging_mixin.py:190} INFO - [2026-07-09T11:07:17.396+0000] {dag.py:4180} INFO - Setting next_dagrun for dag_extract_catalogs to 2026-07-08 01:00:00+00:00, run_after=2026-07-09 01:00:00+00:00
[2026-07-09T11:07:17.403+0000] {processor.py:208} INFO - Processing /opt/airflow/dags/dag_extract_catalogs.py took 0.038 seconds
[2026-07-09T11:07:47.869+0000] {processor.py:186} INFO - Started process (PID=1483) to work on /opt/airflow/dags/dag_extract_catalogs.py
[2026-07-09T11:07:47.869+0000] {processor.py:914} INFO - Processing file /opt/airflow/dags/dag_extract_catalogs.py for tasks to queue
[2026-07-09T11:07:47.871+0000] {logging_mixin.py:190} INFO - [2026-07-09T11:07:47.871+0000] {dagbag.py:588} INFO - Filling up the DagBag from /opt/airflow/dags/dag_extract_catalogs.py
[2026-07-09T11:07:47.877+0000] {processor.py:925} INFO - DAG(s) 'dag_extract_catalogs' retrieved from /opt/airflow/dags/dag_extract_catalogs.py
[2026-07-09T11:07:47.891+0000] {logging_mixin.py:190} INFO - [2026-07-09T11:07:47.891+0000] {dag.py:3239} INFO - Sync 1 DAGs
[2026-07-09T11:07:47.901+0000] {logging_mixin.py:190} INFO - [2026-07-09T11:07:47.901+0000] {dag.py:4180} INFO - Setting next_dagrun for dag_extract_catalogs to 2026-07-08 01:00:00+00:00, run_after=2026-07-09 01:00:00+00:00
[2026-07-09T11:07:47.907+0000] {processor.py:208} INFO - Processing /opt/airflow/dags/dag_extract_catalogs.py took 0.041 seconds
[2026-07-09T11:08:18.217+0000] {processor.py:186} INFO - Started process (PID=1501) to work on /opt/airflow/dags/dag_extract_catalogs.py
[2026-07-09T11:08:18.217+0000] {processor.py:914} INFO - Processing file /opt/airflow/dags/dag_extract_catalogs.py for tasks to queue
[2026-07-09T11:08:18.218+0000] {logging_mixin.py:190} INFO - [2026-07-09T11:08:18.218+0000] {dagbag.py:588} INFO - Filling up the DagBag from /opt/airflow/dags/dag_extract_catalogs.py
[2026-07-09T11:08:18.225+0000] {processor.py:925} INFO - DAG(s) 'dag_extract_catalogs' retrieved from /opt/airflow/dags/dag_extract_catalogs.py
[2026-07-09T11:08:18.237+0000] {logging_mixin.py:190} INFO - [2026-07-09T11:08:18.237+0000] {dag.py:3239} INFO - Sync 1 DAGs
[2026-07-09T11:08:18.246+0000] {logging_mixin.py:190} INFO - [2026-07-09T11:08:18.246+0000] {dag.py:4180} INFO - Setting next_dagrun for dag_extract_catalogs to 2026-07-08 01:00:00+00:00, run_after=2026-07-09 01:00:00+00:00
[2026-07-09T11:08:18.254+0000] {processor.py:208} INFO - Processing /opt/airflow/dags/dag_extract_catalogs.py took 0.040 seconds
[2026-07-09T11:08:48.634+0000] {processor.py:186} INFO - Started process (PID=1523) to work on /opt/airflow/dags/dag_extract_catalogs.py
[2026-07-09T11:08:48.634+0000] {processor.py:914} INFO - Processing file /opt/airflow/dags/dag_extract_catalogs.py for tasks to queue
[2026-07-09T11:08:48.635+0000] {logging_mixin.py:190} INFO - [2026-07-09T11:08:48.635+0000] {dagbag.py:588} INFO - Filling up the DagBag from /opt/airflow/dags/dag_extract_catalogs.py
[2026-07-09T11:08:48.640+0000] {processor.py:925} INFO - DAG(s) 'dag_extract_catalogs' retrieved from /opt/airflow/dags/dag_extract_catalogs.py
[2026-07-09T11:08:48.650+0000] {logging_mixin.py:190} INFO - [2026-07-09T11:08:48.650+0000] {dag.py:3239} INFO - Sync 1 DAGs
[2026-07-09T11:08:48.657+0000] {logging_mixin.py:190} INFO - [2026-07-09T11:08:48.657+0000] {dag.py:4180} INFO - Setting next_dagrun for dag_extract_catalogs to 2026-07-08 01:00:00+00:00, run_after=2026-07-09 01:00:00+00:00
[2026-07-09T11:08:48.662+0000] {processor.py:208} INFO - Processing /opt/airflow/dags/dag_extract_catalogs.py took 0.031 seconds
[2026-07-09T11:09:19.079+0000] {processor.py:186} INFO - Started process (PID=1543) to work on /opt/airflow/dags/dag_extract_catalogs.py
[2026-07-09T11:09:19.079+0000] {processor.py:914} INFO - Processing file /opt/airflow/dags/dag_extract_catalogs.py for tasks to queue
[2026-07-09T11:09:19.080+0000] {logging_mixin.py:190} INFO - [2026-07-09T11:09:19.080+0000] {dagbag.py:588} INFO - Filling up the DagBag from /opt/airflow/dags/dag_extract_catalogs.py
[2026-07-09T11:09:19.085+0000] {processor.py:925} INFO - DAG(s) 'dag_extract_catalogs' retrieved from /opt/airflow/dags/dag_extract_catalogs.py
[2026-07-09T11:09:19.095+0000] {logging_mixin.py:190} INFO - [2026-07-09T11:09:19.095+0000] {dag.py:3239} INFO - Sync 1 DAGs
[2026-07-09T11:09:19.102+0000] {logging_mixin.py:190} INFO - [2026-07-09T11:09:19.102+0000] {dag.py:4180} INFO - Setting next_dagrun for dag_extract_catalogs to 2026-07-08 01:00:00+00:00, run_after=2026-07-09 01:00:00+00:00
[2026-07-09T11:09:19.107+0000] {processor.py:208} INFO - Processing /opt/airflow/dags/dag_extract_catalogs.py took 0.030 seconds
[2026-07-09T11:09:49.569+0000] {processor.py:186} INFO - Started process (PID=1563) to work on /opt/airflow/dags/dag_extract_catalogs.py
[2026-07-09T11:09:49.570+0000] {processor.py:914} INFO - Processing file /opt/airflow/dags/dag_extract_catalogs.py for tasks to queue
[2026-07-09T11:09:49.571+0000] {logging_mixin.py:190} INFO - [2026-07-09T11:09:49.570+0000] {dagbag.py:588} INFO - Filling up the DagBag from /opt/airflow/dags/dag_extract_catalogs.py
[2026-07-09T11:09:49.575+0000] {processor.py:925} INFO - DAG(s) 'dag_extract_catalogs' retrieved from /opt/airflow/dags/dag_extract_catalogs.py
[2026-07-09T11:09:49.585+0000] {logging_mixin.py:190} INFO - [2026-07-09T11:09:49.585+0000] {dag.py:3239} INFO - Sync 1 DAGs
[2026-07-09T11:09:49.592+0000] {logging_mixin.py:190} INFO - [2026-07-09T11:09:49.592+0000] {dag.py:4180} INFO - Setting next_dagrun for dag_extract_catalogs to 2026-07-08 01:00:00+00:00, run_after=2026-07-09 01:00:00+00:00
[2026-07-09T11:09:49.597+0000] {processor.py:208} INFO - Processing /opt/airflow/dags/dag_extract_catalogs.py took 0.031 seconds
[2026-07-09T11:10:20.080+0000] {processor.py:186} INFO - Started process (PID=1583) to work on /opt/airflow/dags/dag_extract_catalogs.py
[2026-07-09T11:10:20.080+0000] {processor.py:914} INFO - Processing file /opt/airflow/dags/dag_extract_catalogs.py for tasks to queue
[2026-07-09T11:10:20.081+0000] {logging_mixin.py:190} INFO - [2026-07-09T11:10:20.081+0000] {dagbag.py:588} INFO - Filling up the DagBag from /opt/airflow/dags/dag_extract_catalogs.py
[2026-07-09T11:10:20.087+0000] {processor.py:925} INFO - DAG(s) 'dag_extract_catalogs' retrieved from /opt/airflow/dags/dag_extract_catalogs.py
[2026-07-09T11:10:20.098+0000] {logging_mixin.py:190} INFO - [2026-07-09T11:10:20.098+0000] {dag.py:3239} INFO - Sync 1 DAGs
[2026-07-09T11:10:20.106+0000] {logging_mixin.py:190} INFO - [2026-07-09T11:10:20.106+0000] {dag.py:4180} INFO - Setting next_dagrun for dag_extract_catalogs to 2026-07-08 01:00:00+00:00, run_after=2026-07-09 01:00:00+00:00
[2026-07-09T11:10:20.111+0000] {processor.py:208} INFO - Processing /opt/airflow/dags/dag_extract_catalogs.py took 0.034 seconds
[2026-07-09T11:10:50.474+0000] {processor.py:186} INFO - Started process (PID=1601) to work on /opt/airflow/dags/dag_extract_catalogs.py
[2026-07-09T11:10:50.474+0000] {processor.py:914} INFO - Processing file /opt/airflow/dags/dag_extract_catalogs.py for tasks to queue
[2026-07-09T11:10:50.475+0000] {logging_mixin.py:190} INFO - [2026-07-09T11:10:50.475+0000] {dagbag.py:588} INFO - Filling up the DagBag from /opt/airflow/dags/dag_extract_catalogs.py
[2026-07-09T11:10:50.481+0000] {processor.py:925} INFO - DAG(s) 'dag_extract_catalogs' retrieved from /opt/airflow/dags/dag_extract_catalogs.py
[2026-07-09T11:10:50.494+0000] {logging_mixin.py:190} INFO - [2026-07-09T11:10:50.494+0000] {dag.py:3239} INFO - Sync 1 DAGs
[2026-07-09T11:10:50.502+0000] {logging_mixin.py:190} INFO - [2026-07-09T11:10:50.502+0000] {dag.py:4180} INFO - Setting next_dagrun for dag_extract_catalogs to 2026-07-08 01:00:00+00:00, run_after=2026-07-09 01:00:00+00:00
[2026-07-09T11:10:50.507+0000] {processor.py:208} INFO - Processing /opt/airflow/dags/dag_extract_catalogs.py took 0.036 seconds
[2026-07-09T11:11:20.933+0000] {processor.py:186} INFO - Started process (PID=1623) to work on /opt/airflow/dags/dag_extract_catalogs.py
[2026-07-09T11:11:20.933+0000] {processor.py:914} INFO - Processing file /opt/airflow/dags/dag_extract_catalogs.py for tasks to queue
[2026-07-09T11:11:20.934+0000] {logging_mixin.py:190} INFO - [2026-07-09T11:11:20.934+0000] {dagbag.py:588} INFO - Filling up the DagBag from /opt/airflow/dags/dag_extract_catalogs.py
[2026-07-09T11:11:20.939+0000] {processor.py:925} INFO - DAG(s) 'dag_extract_catalogs' retrieved from /opt/airflow/dags/dag_extract_catalogs.py
[2026-07-09T11:11:20.948+0000] {logging_mixin.py:190} INFO - [2026-07-09T11:11:20.948+0000] {dag.py:3239} INFO - Sync 1 DAGs
[2026-07-09T11:11:20.955+0000] {logging_mixin.py:190} INFO - [2026-07-09T11:11:20.955+0000] {dag.py:4180} INFO - Setting next_dagrun for dag_extract_catalogs to 2026-07-08 01:00:00+00:00, run_after=2026-07-09 01:00:00+00:00
[2026-07-09T11:11:20.960+0000] {processor.py:208} INFO - Processing /opt/airflow/dags/dag_extract_catalogs.py took 0.029 seconds
[2026-07-09T11:11:51.315+0000] {processor.py:186} INFO - Started process (PID=1641) to work on /opt/airflow/dags/dag_extract_catalogs.py
[2026-07-09T11:11:51.316+0000] {processor.py:914} INFO - Processing file /opt/airflow/dags/dag_extract_catalogs.py for tasks to queue
[2026-07-09T11:11:51.317+0000] {logging_mixin.py:190} INFO - [2026-07-09T11:11:51.317+0000] {dagbag.py:588} INFO - Filling up the DagBag from /opt/airflow/dags/dag_extract_catalogs.py
[2026-07-09T11:11:51.324+0000] {processor.py:925} INFO - DAG(s) 'dag_extract_catalogs' retrieved from /opt/airflow/dags/dag_extract_catalogs.py
[2026-07-09T11:11:51.337+0000] {logging_mixin.py:190} INFO - [2026-07-09T11:11:51.336+0000] {dag.py:3239} INFO - Sync 1 DAGs
[2026-07-09T11:11:51.345+0000] {logging_mixin.py:190} INFO - [2026-07-09T11:11:51.345+0000] {dag.py:4180} INFO - Setting next_dagrun for dag_extract_catalogs to 2026-07-08 01:00:00+00:00, run_after=2026-07-09 01:00:00+00:00
[2026-07-09T11:11:51.352+0000] {processor.py:208} INFO - Processing /opt/airflow/dags/dag_extract_catalogs.py took 0.040 seconds
[2026-07-09T11:12:21.908+0000] {processor.py:186} INFO - Started process (PID=1663) to work on /opt/airflow/dags/dag_extract_catalogs.py
[2026-07-09T11:12:21.908+0000] {processor.py:914} INFO - Processing file /opt/airflow/dags/dag_extract_catalogs.py for tasks to queue
[2026-07-09T11:12:21.909+0000] {logging_mixin.py:190} INFO - [2026-07-09T11:12:21.909+0000] {dagbag.py:588} INFO - Filling up the DagBag from /opt/airflow/dags/dag_extract_catalogs.py
[2026-07-09T11:12:21.915+0000] {processor.py:925} INFO - DAG(s) 'dag_extract_catalogs' retrieved from /opt/airflow/dags/dag_extract_catalogs.py
[2026-07-09T11:12:21.926+0000] {logging_mixin.py:190} INFO - [2026-07-09T11:12:21.926+0000] {dag.py:3239} INFO - Sync 1 DAGs
[2026-07-09T11:12:21.934+0000] {logging_mixin.py:190} INFO - [2026-07-09T11:12:21.933+0000] {dag.py:4180} INFO - Setting next_dagrun for dag_extract_catalogs to 2026-07-08 01:00:00+00:00, run_after=2026-07-09 01:00:00+00:00
[2026-07-09T11:12:21.939+0000] {processor.py:208} INFO - Processing /opt/airflow/dags/dag_extract_catalogs.py took 0.034 seconds
[2026-07-09T11:12:52.271+0000] {processor.py:186} INFO - Started process (PID=1681) to work on /opt/airflow/dags/dag_extract_catalogs.py
[2026-07-09T11:12:52.272+0000] {processor.py:914} INFO - Processing file /opt/airflow/dags/dag_extract_catalogs.py for tasks to queue
[2026-07-09T11:12:52.273+0000] {logging_mixin.py:190} INFO - [2026-07-09T11:12:52.273+0000] {dagbag.py:588} INFO - Filling up the DagBag from /opt/airflow/dags/dag_extract_catalogs.py
[2026-07-09T11:12:52.280+0000] {processor.py:925} INFO - DAG(s) 'dag_extract_catalogs' retrieved from /opt/airflow/dags/dag_extract_catalogs.py
[2026-07-09T11:12:52.295+0000] {logging_mixin.py:190} INFO - [2026-07-09T11:12:52.295+0000] {dag.py:3239} INFO - Sync 1 DAGs
[2026-07-09T11:12:52.303+0000] {logging_mixin.py:190} INFO - [2026-07-09T11:12:52.303+0000] {dag.py:4180} INFO - Setting next_dagrun for dag_extract_catalogs to 2026-07-08 01:00:00+00:00, run_after=2026-07-09 01:00:00+00:00
[2026-07-09T11:12:52.308+0000] {processor.py:208} INFO - Processing /opt/airflow/dags/dag_extract_catalogs.py took 0.040 seconds
[2026-07-09T11:13:22.815+0000] {processor.py:186} INFO - Started process (PID=1703) to work on /opt/airflow/dags/dag_extract_catalogs.py
[2026-07-09T11:13:22.816+0000] {processor.py:914} INFO - Processing file /opt/airflow/dags/dag_extract_catalogs.py for tasks to queue
[2026-07-09T11:13:22.817+0000] {logging_mixin.py:190} INFO - [2026-07-09T11:13:22.817+0000] {dagbag.py:588} INFO - Filling up the DagBag from /opt/airflow/dags/dag_extract_catalogs.py
[2026-07-09T11:13:22.822+0000] {processor.py:925} INFO - DAG(s) 'dag_extract_catalogs' retrieved from /opt/airflow/dags/dag_extract_catalogs.py
[2026-07-09T11:13:22.834+0000] {logging_mixin.py:190} INFO - [2026-07-09T11:13:22.833+0000] {dag.py:3239} INFO - Sync 1 DAGs
[2026-07-09T11:13:22.841+0000] {logging_mixin.py:190} INFO - [2026-07-09T11:13:22.841+0000] {dag.py:4180} INFO - Setting next_dagrun for dag_extract_catalogs to 2026-07-08 01:00:00+00:00, run_after=2026-07-09 01:00:00+00:00
[2026-07-09T11:13:22.847+0000] {processor.py:208} INFO - Processing /opt/airflow/dags/dag_extract_catalogs.py took 0.035 seconds
[2026-07-09T11:13:53.264+0000] {processor.py:186} INFO - Started process (PID=1723) to work on /opt/airflow/dags/dag_extract_catalogs.py
[2026-07-09T11:13:53.264+0000] {processor.py:914} INFO - Processing file /opt/airflow/dags/dag_extract_catalogs.py for tasks to queue
[2026-07-09T11:13:53.265+0000] {logging_mixin.py:190} INFO - [2026-07-09T11:13:53.265+0000] {dagbag.py:588} INFO - Filling up the DagBag from /opt/airflow/dags/dag_extract_catalogs.py
[2026-07-09T11:13:53.270+0000] {processor.py:925} INFO - DAG(s) 'dag_extract_catalogs' retrieved from /opt/airflow/dags/dag_extract_catalogs.py
[2026-07-09T11:13:53.280+0000] {logging_mixin.py:190} INFO - [2026-07-09T11:13:53.280+0000] {dag.py:3239} INFO - Sync 1 DAGs
[2026-07-09T11:13:53.287+0000] {logging_mixin.py:190} INFO - [2026-07-09T11:13:53.287+0000] {dag.py:4180} INFO - Setting next_dagrun for dag_extract_catalogs to 2026-07-08 01:00:00+00:00, run_after=2026-07-09 01:00:00+00:00
[2026-07-09T11:13:53.291+0000] {processor.py:208} INFO - Processing /opt/airflow/dags/dag_extract_catalogs.py took 0.030 seconds
[2026-07-09T11:14:23.635+0000] {processor.py:186} INFO - Started process (PID=1741) to work on /opt/airflow/dags/dag_extract_catalogs.py
[2026-07-09T11:14:23.636+0000] {processor.py:914} INFO - Processing file /opt/airflow/dags/dag_extract_catalogs.py for tasks to queue
[2026-07-09T11:14:23.637+0000] {logging_mixin.py:190} INFO - [2026-07-09T11:14:23.636+0000] {dagbag.py:588} INFO - Filling up the DagBag from /opt/airflow/dags/dag_extract_catalogs.py
[2026-07-09T11:14:23.644+0000] {processor.py:925} INFO - DAG(s) 'dag_extract_catalogs' retrieved from /opt/airflow/dags/dag_extract_catalogs.py
[2026-07-09T11:14:23.662+0000] {logging_mixin.py:190} INFO - [2026-07-09T11:14:23.661+0000] {dag.py:3239} INFO - Sync 1 DAGs
[2026-07-09T11:14:23.673+0000] {logging_mixin.py:190} INFO - [2026-07-09T11:14:23.673+0000] {dag.py:4180} INFO - Setting next_dagrun for dag_extract_catalogs to 2026-07-08 01:00:00+00:00, run_after=2026-07-09 01:00:00+00:00
[2026-07-09T11:14:23.679+0000] {processor.py:208} INFO - Processing /opt/airflow/dags/dag_extract_catalogs.py took 0.047 seconds
[2026-07-09T11:14:54.068+0000] {processor.py:186} INFO - Started process (PID=1763) to work on /opt/airflow/dags/dag_extract_catalogs.py
[2026-07-09T11:14:54.069+0000] {processor.py:914} INFO - Processing file /opt/airflow/dags/dag_extract_catalogs.py for tasks to queue
[2026-07-09T11:14:54.070+0000] {logging_mixin.py:190} INFO - [2026-07-09T11:14:54.069+0000] {dagbag.py:588} INFO - Filling up the DagBag from /opt/airflow/dags/dag_extract_catalogs.py
[2026-07-09T11:14:54.075+0000] {processor.py:925} INFO - DAG(s) 'dag_extract_catalogs' retrieved from /opt/airflow/dags/dag_extract_catalogs.py
[2026-07-09T11:14:54.084+0000] {logging_mixin.py:190} INFO - [2026-07-09T11:14:54.084+0000] {dag.py:3239} INFO - Sync 1 DAGs
[2026-07-09T11:14:54.092+0000] {logging_mixin.py:190} INFO - [2026-07-09T11:14:54.092+0000] {dag.py:4180} INFO - Setting next_dagrun for dag_extract_catalogs to 2026-07-08 01:00:00+00:00, run_after=2026-07-09 01:00:00+00:00
[2026-07-09T11:14:54.097+0000] {processor.py:208} INFO - Processing /opt/airflow/dags/dag_extract_catalogs.py took 0.031 seconds
[2026-07-09T11:15:24.477+0000] {processor.py:186} INFO - Started process (PID=1783) to work on /opt/airflow/dags/dag_extract_catalogs.py
[2026-07-09T11:15:24.478+0000] {processor.py:914} INFO - Processing file /opt/airflow/dags/dag_extract_catalogs.py for tasks to queue
[2026-07-09T11:15:24.479+0000] {logging_mixin.py:190} INFO - [2026-07-09T11:15:24.479+0000] {dagbag.py:588} INFO - Filling up the DagBag from /opt/airflow/dags/dag_extract_catalogs.py
[2026-07-09T11:15:24.484+0000] {processor.py:925} INFO - DAG(s) 'dag_extract_catalogs' retrieved from /opt/airflow/dags/dag_extract_catalogs.py
[2026-07-09T11:15:24.497+0000] {logging_mixin.py:190} INFO - [2026-07-09T11:15:24.496+0000] {dag.py:3239} INFO - Sync 1 DAGs
[2026-07-09T11:15:24.505+0000] {logging_mixin.py:190} INFO - [2026-07-09T11:15:24.505+0000] {dag.py:4180} INFO - Setting next_dagrun for dag_extract_catalogs to 2026-07-08 01:00:00+00:00, run_after=2026-07-09 01:00:00+00:00
[2026-07-09T11:15:24.511+0000] {processor.py:208} INFO - Processing /opt/airflow/dags/dag_extract_catalogs.py took 0.036 seconds
[2026-07-09T11:15:54.944+0000] {processor.py:186} INFO - Started process (PID=1803) to work on /opt/airflow/dags/dag_extract_catalogs.py
[2026-07-09T11:15:54.944+0000] {processor.py:914} INFO - Processing file /opt/airflow/dags/dag_extract_catalogs.py for tasks to queue
[2026-07-09T11:15:54.945+0000] {logging_mixin.py:190} INFO - [2026-07-09T11:15:54.945+0000] {dagbag.py:588} INFO - Filling up the DagBag from /opt/airflow/dags/dag_extract_catalogs.py
[2026-07-09T11:15:54.962+0000] {processor.py:925} INFO - DAG(s) 'dag_extract_catalogs' retrieved from /opt/airflow/dags/dag_extract_catalogs.py
[2026-07-09T11:15:55.003+0000] {logging_mixin.py:190} INFO - [2026-07-09T11:15:55.002+0000] {dag.py:3239} INFO - Sync 1 DAGs
[2026-07-09T11:15:55.018+0000] {logging_mixin.py:190} INFO - [2026-07-09T11:15:55.018+0000] {dag.py:4180} INFO - Setting next_dagrun for dag_extract_catalogs to 2026-07-08 01:00:00+00:00, run_after=2026-07-09 01:00:00+00:00
[2026-07-09T11:15:55.024+0000] {processor.py:208} INFO - Processing /opt/airflow/dags/dag_extract_catalogs.py took 0.082 seconds
[2026-07-09T11:16:25.297+0000] {processor.py:186} INFO - Started process (PID=1821) to work on /opt/airflow/dags/dag_extract_catalogs.py
[2026-07-09T11:16:25.299+0000] {processor.py:914} INFO - Processing file /opt/airflow/dags/dag_extract_catalogs.py for tasks to queue
[2026-07-09T11:16:25.302+0000] {logging_mixin.py:190} INFO - [2026-07-09T11:16:25.302+0000] {dagbag.py:588} INFO - Filling up the DagBag from /opt/airflow/dags/dag_extract_catalogs.py
[2026-07-09T11:16:25.319+0000] {processor.py:925} INFO - DAG(s) 'dag_extract_catalogs' retrieved from /opt/airflow/dags/dag_extract_catalogs.py
[2026-07-09T11:16:25.333+0000] {logging_mixin.py:190} INFO - [2026-07-09T11:16:25.333+0000] {dag.py:3239} INFO - Sync 1 DAGs
[2026-07-09T11:16:25.342+0000] {logging_mixin.py:190} INFO - [2026-07-09T11:16:25.342+0000] {dag.py:4180} INFO - Setting next_dagrun for dag_extract_catalogs to 2026-07-08 01:00:00+00:00, run_after=2026-07-09 01:00:00+00:00
[2026-07-09T11:16:25.360+0000] {processor.py:208} INFO - Processing /opt/airflow/dags/dag_extract_catalogs.py took 0.067 seconds
[2026-07-09T11:16:55.797+0000] {processor.py:186} INFO - Started process (PID=1843) to work on /opt/airflow/dags/dag_extract_catalogs.py
[2026-07-09T11:16:55.797+0000] {processor.py:914} INFO - Processing file /opt/airflow/dags/dag_extract_catalogs.py for tasks to queue
[2026-07-09T11:16:55.798+0000] {logging_mixin.py:190} INFO - [2026-07-09T11:16:55.798+0000] {dagbag.py:588} INFO - Filling up the DagBag from /opt/airflow/dags/dag_extract_catalogs.py
[2026-07-09T11:16:55.809+0000] {processor.py:925} INFO - DAG(s) 'dag_extract_catalogs' retrieved from /opt/airflow/dags/dag_extract_catalogs.py
[2026-07-09T11:16:55.836+0000] {logging_mixin.py:190} INFO - [2026-07-09T11:16:55.836+0000] {dag.py:3239} INFO - Sync 1 DAGs
[2026-07-09T11:16:55.857+0000] {logging_mixin.py:190} INFO - [2026-07-09T11:16:55.857+0000] {dag.py:4180} INFO - Setting next_dagrun for dag_extract_catalogs to 2026-07-08 01:00:00+00:00, run_after=2026-07-09 01:00:00+00:00
[2026-07-09T11:16:55.873+0000] {processor.py:208} INFO - Processing /opt/airflow/dags/dag_extract_catalogs.py took 0.079 seconds
[2026-07-09T11:17:26.281+0000] {processor.py:186} INFO - Started process (PID=1863) to work on /opt/airflow/dags/dag_extract_catalogs.py
[2026-07-09T11:17:26.282+0000] {processor.py:914} INFO - Processing file /opt/airflow/dags/dag_extract_catalogs.py for tasks to queue
[2026-07-09T11:17:26.283+0000] {logging_mixin.py:190} INFO - [2026-07-09T11:17:26.283+0000] {dagbag.py:588} INFO - Filling up the DagBag from /opt/airflow/dags/dag_extract_catalogs.py
[2026-07-09T11:17:26.289+0000] {processor.py:925} INFO - DAG(s) 'dag_extract_catalogs' retrieved from /opt/airflow/dags/dag_extract_catalogs.py
[2026-07-09T11:17:26.301+0000] {logging_mixin.py:190} INFO - [2026-07-09T11:17:26.301+0000] {dag.py:3239} INFO - Sync 1 DAGs
[2026-07-09T11:17:26.322+0000] {logging_mixin.py:190} INFO - [2026-07-09T11:17:26.322+0000] {dag.py:4180} INFO - Setting next_dagrun for dag_extract_catalogs to 2026-07-08 01:00:00+00:00, run_after=2026-07-09 01:00:00+00:00
[2026-07-09T11:17:26.338+0000] {processor.py:208} INFO - Processing /opt/airflow/dags/dag_extract_catalogs.py took 0.060 seconds
[2026-07-09T11:17:56.743+0000] {processor.py:186} INFO - Started process (PID=1883) to work on /opt/airflow/dags/dag_extract_catalogs.py
[2026-07-09T11:17:56.744+0000] {processor.py:914} INFO - Processing file /opt/airflow/dags/dag_extract_catalogs.py for tasks to queue
[2026-07-09T11:17:56.746+0000] {logging_mixin.py:190} INFO - [2026-07-09T11:17:56.746+0000] {dagbag.py:588} INFO - Filling up the DagBag from /opt/airflow/dags/dag_extract_catalogs.py
[2026-07-09T11:17:56.755+0000] {processor.py:925} INFO - DAG(s) 'dag_extract_catalogs' retrieved from /opt/airflow/dags/dag_extract_catalogs.py
[2026-07-09T11:17:56.767+0000] {logging_mixin.py:190} INFO - [2026-07-09T11:17:56.767+0000] {dag.py:3239} INFO - Sync 1 DAGs
[2026-07-09T11:17:56.775+0000] {logging_mixin.py:190} INFO - [2026-07-09T11:17:56.775+0000] {dag.py:4180} INFO - Setting next_dagrun for dag_extract_catalogs to 2026-07-08 01:00:00+00:00, run_after=2026-07-09 01:00:00+00:00
[2026-07-09T11:17:56.781+0000] {processor.py:208} INFO - Processing /opt/airflow/dags/dag_extract_catalogs.py took 0.043 seconds
[2026-07-09T11:18:27.142+0000] {processor.py:186} INFO - Started process (PID=1901) to work on /opt/airflow/dags/dag_extract_catalogs.py
[2026-07-09T11:18:27.143+0000] {processor.py:914} INFO - Processing file /opt/airflow/dags/dag_extract_catalogs.py for tasks to queue
[2026-07-09T11:18:27.144+0000] {logging_mixin.py:190} INFO - [2026-07-09T11:18:27.144+0000] {dagbag.py:588} INFO - Filling up the DagBag from /opt/airflow/dags/dag_extract_catalogs.py
[2026-07-09T11:18:27.156+0000] {processor.py:925} INFO - DAG(s) 'dag_extract_catalogs' retrieved from /opt/airflow/dags/dag_extract_catalogs.py
[2026-07-09T11:18:27.186+0000] {logging_mixin.py:190} INFO - [2026-07-09T11:18:27.185+0000] {dag.py:3239} INFO - Sync 1 DAGs
[2026-07-09T11:18:27.208+0000] {logging_mixin.py:190} INFO - [2026-07-09T11:18:27.208+0000] {dag.py:4180} INFO - Setting next_dagrun for dag_extract_catalogs to 2026-07-08 01:00:00+00:00, run_after=2026-07-09 01:00:00+00:00
[2026-07-09T11:18:27.231+0000] {processor.py:208} INFO - Processing /opt/airflow/dags/dag_extract_catalogs.py took 0.092 seconds
[2026-07-09T11:18:57.632+0000] {processor.py:186} INFO - Started process (PID=1923) to work on /opt/airflow/dags/dag_extract_catalogs.py
[2026-07-09T11:18:57.635+0000] {processor.py:914} INFO - Processing file /opt/airflow/dags/dag_extract_catalogs.py for tasks to queue
[2026-07-09T11:18:57.639+0000] {logging_mixin.py:190} INFO - [2026-07-09T11:18:57.639+0000] {dagbag.py:588} INFO - Filling up the DagBag from /opt/airflow/dags/dag_extract_catalogs.py
[2026-07-09T11:18:57.652+0000] {processor.py:925} INFO - DAG(s) 'dag_extract_catalogs' retrieved from /opt/airflow/dags/dag_extract_catalogs.py
[2026-07-09T11:18:57.684+0000] {logging_mixin.py:190} INFO - [2026-07-09T11:18:57.683+0000] {dag.py:3239} INFO - Sync 1 DAGs
[2026-07-09T11:18:57.705+0000] {logging_mixin.py:190} INFO - [2026-07-09T11:18:57.705+0000] {dag.py:4180} INFO - Setting next_dagrun for dag_extract_catalogs to 2026-07-08 01:00:00+00:00, run_after=2026-07-09 01:00:00+00:00
[2026-07-09T11:18:57.721+0000] {processor.py:208} INFO - Processing /opt/airflow/dags/dag_extract_catalogs.py took 0.098 seconds
[2026-07-09T11:19:28.081+0000] {processor.py:186} INFO - Started process (PID=1941) to work on /opt/airflow/dags/dag_extract_catalogs.py
[2026-07-09T11:19:28.082+0000] {processor.py:914} INFO - Processing file /opt/airflow/dags/dag_extract_catalogs.py for tasks to queue
[2026-07-09T11:19:28.084+0000] {logging_mixin.py:190} INFO - [2026-07-09T11:19:28.084+0000] {dagbag.py:588} INFO - Filling up the DagBag from /opt/airflow/dags/dag_extract_catalogs.py
[2026-07-09T11:19:28.100+0000] {processor.py:925} INFO - DAG(s) 'dag_extract_catalogs' retrieved from /opt/airflow/dags/dag_extract_catalogs.py
[2026-07-09T11:19:28.117+0000] {logging_mixin.py:190} INFO - [2026-07-09T11:19:28.117+0000] {dag.py:3239} INFO - Sync 1 DAGs
[2026-07-09T11:19:28.132+0000] {logging_mixin.py:190} INFO - [2026-07-09T11:19:28.131+0000] {dag.py:4180} INFO - Setting next_dagrun for dag_extract_catalogs to 2026-07-08 01:00:00+00:00, run_after=2026-07-09 01:00:00+00:00
[2026-07-09T11:19:28.140+0000] {processor.py:208} INFO - Processing /opt/airflow/dags/dag_extract_catalogs.py took 0.065 seconds
[2026-07-09T11:19:58.599+0000] {processor.py:186} INFO - Started process (PID=1963) to work on /opt/airflow/dags/dag_extract_catalogs.py
[2026-07-09T11:19:58.599+0000] {processor.py:914} INFO - Processing file /opt/airflow/dags/dag_extract_catalogs.py for tasks to queue
[2026-07-09T11:19:58.600+0000] {logging_mixin.py:190} INFO - [2026-07-09T11:19:58.600+0000] {dagbag.py:588} INFO - Filling up the DagBag from /opt/airflow/dags/dag_extract_catalogs.py
[2026-07-09T11:19:58.605+0000] {processor.py:925} INFO - DAG(s) 'dag_extract_catalogs' retrieved from /opt/airflow/dags/dag_extract_catalogs.py
[2026-07-09T11:19:58.616+0000] {logging_mixin.py:190} INFO - [2026-07-09T11:19:58.615+0000] {dag.py:3239} INFO - Sync 1 DAGs
[2026-07-09T11:19:58.623+0000] {logging_mixin.py:190} INFO - [2026-07-09T11:19:58.623+0000] {dag.py:4180} INFO - Setting next_dagrun for dag_extract_catalogs to 2026-07-08 01:00:00+00:00, run_after=2026-07-09 01:00:00+00:00
[2026-07-09T11:19:58.628+0000] {processor.py:208} INFO - Processing /opt/airflow/dags/dag_extract_catalogs.py took 0.031 seconds
[2026-07-09T11:20:28.924+0000] {processor.py:186} INFO - Started process (PID=1981) to work on /opt/airflow/dags/dag_extract_catalogs.py
[2026-07-09T11:20:28.925+0000] {processor.py:914} INFO - Processing file /opt/airflow/dags/dag_extract_catalogs.py for tasks to queue
[2026-07-09T11:20:28.926+0000] {logging_mixin.py:190} INFO - [2026-07-09T11:20:28.926+0000] {dagbag.py:588} INFO - Filling up the DagBag from /opt/airflow/dags/dag_extract_catalogs.py
[2026-07-09T11:20:28.932+0000] {processor.py:925} INFO - DAG(s) 'dag_extract_catalogs' retrieved from /opt/airflow/dags/dag_extract_catalogs.py
[2026-07-09T11:20:28.943+0000] {logging_mixin.py:190} INFO - [2026-07-09T11:20:28.942+0000] {dag.py:3239} INFO - Sync 1 DAGs
[2026-07-09T11:20:28.950+0000] {logging_mixin.py:190} INFO - [2026-07-09T11:20:28.950+0000] {dag.py:4180} INFO - Setting next_dagrun for dag_extract_catalogs to 2026-07-08 01:00:00+00:00, run_after=2026-07-09 01:00:00+00:00
[2026-07-09T11:20:28.958+0000] {processor.py:208} INFO - Processing /opt/airflow/dags/dag_extract_catalogs.py took 0.037 seconds
[2026-07-09T11:20:59.434+0000] {processor.py:186} INFO - Started process (PID=2003) to work on /opt/airflow/dags/dag_extract_catalogs.py
[2026-07-09T11:20:59.434+0000] {processor.py:914} INFO - Processing file /opt/airflow/dags/dag_extract_catalogs.py for tasks to queue
[2026-07-09T11:20:59.435+0000] {logging_mixin.py:190} INFO - [2026-07-09T11:20:59.435+0000] {dagbag.py:588} INFO - Filling up the DagBag from /opt/airflow/dags/dag_extract_catalogs.py
[2026-07-09T11:20:59.441+0000] {processor.py:925} INFO - DAG(s) 'dag_extract_catalogs' retrieved from /opt/airflow/dags/dag_extract_catalogs.py
[2026-07-09T11:20:59.453+0000] {logging_mixin.py:190} INFO - [2026-07-09T11:20:59.453+0000] {dag.py:3239} INFO - Sync 1 DAGs
[2026-07-09T11:20:59.461+0000] {logging_mixin.py:190} INFO - [2026-07-09T11:20:59.461+0000] {dag.py:4180} INFO - Setting next_dagrun for dag_extract_catalogs to 2026-07-08 01:00:00+00:00, run_after=2026-07-09 01:00:00+00:00
[2026-07-09T11:20:59.466+0000] {processor.py:208} INFO - Processing /opt/airflow/dags/dag_extract_catalogs.py took 0.035 seconds
[2026-07-09T11:21:29.886+0000] {processor.py:186} INFO - Started process (PID=2023) to work on /opt/airflow/dags/dag_extract_catalogs.py
[2026-07-09T11:21:29.886+0000] {processor.py:914} INFO - Processing file /opt/airflow/dags/dag_extract_catalogs.py for tasks to queue
[2026-07-09T11:21:29.887+0000] {logging_mixin.py:190} INFO - [2026-07-09T11:21:29.887+0000] {dagbag.py:588} INFO - Filling up the DagBag from /opt/airflow/dags/dag_extract_catalogs.py
[2026-07-09T11:21:29.893+0000] {processor.py:925} INFO - DAG(s) 'dag_extract_catalogs' retrieved from /opt/airflow/dags/dag_extract_catalogs.py
[2026-07-09T11:21:29.904+0000] {logging_mixin.py:190} INFO - [2026-07-09T11:21:29.904+0000] {dag.py:3239} INFO - Sync 1 DAGs
[2026-07-09T11:21:29.913+0000] {logging_mixin.py:190} INFO - [2026-07-09T11:21:29.913+0000] {dag.py:4180} INFO - Setting next_dagrun for dag_extract_catalogs to 2026-07-08 01:00:00+00:00, run_after=2026-07-09 01:00:00+00:00
[2026-07-09T11:21:29.921+0000] {processor.py:208} INFO - Processing /opt/airflow/dags/dag_extract_catalogs.py took 0.038 seconds
[2026-07-09T11:22:00.274+0000] {processor.py:186} INFO - Started process (PID=2041) to work on /opt/airflow/dags/dag_extract_catalogs.py
[2026-07-09T11:22:00.275+0000] {processor.py:914} INFO - Processing file /opt/airflow/dags/dag_extract_catalogs.py for tasks to queue
[2026-07-09T11:22:00.276+0000] {logging_mixin.py:190} INFO - [2026-07-09T11:22:00.276+0000] {dagbag.py:588} INFO - Filling up the DagBag from /opt/airflow/dags/dag_extract_catalogs.py
[2026-07-09T11:22:00.283+0000] {processor.py:925} INFO - DAG(s) 'dag_extract_catalogs' retrieved from /opt/airflow/dags/dag_extract_catalogs.py
[2026-07-09T11:22:00.299+0000] {logging_mixin.py:190} INFO - [2026-07-09T11:22:00.299+0000] {dag.py:3239} INFO - Sync 1 DAGs
[2026-07-09T11:22:00.308+0000] {logging_mixin.py:190} INFO - [2026-07-09T11:22:00.308+0000] {dag.py:4180} INFO - Setting next_dagrun for dag_extract_catalogs to 2026-07-08 01:00:00+00:00, run_after=2026-07-09 01:00:00+00:00
[2026-07-09T11:22:00.315+0000] {processor.py:208} INFO - Processing /opt/airflow/dags/dag_extract_catalogs.py took 0.044 seconds
[2026-07-09T11:22:30.788+0000] {processor.py:186} INFO - Started process (PID=2063) to work on /opt/airflow/dags/dag_extract_catalogs.py
[2026-07-09T11:22:30.789+0000] {processor.py:914} INFO - Processing file /opt/airflow/dags/dag_extract_catalogs.py for tasks to queue
[2026-07-09T11:22:30.790+0000] {logging_mixin.py:190} INFO - [2026-07-09T11:22:30.790+0000] {dagbag.py:588} INFO - Filling up the DagBag from /opt/airflow/dags/dag_extract_catalogs.py
[2026-07-09T11:22:30.795+0000] {processor.py:925} INFO - DAG(s) 'dag_extract_catalogs' retrieved from /opt/airflow/dags/dag_extract_catalogs.py
[2026-07-09T11:22:30.808+0000] {logging_mixin.py:190} INFO - [2026-07-09T11:22:30.808+0000] {dag.py:3239} INFO - Sync 1 DAGs
[2026-07-09T11:22:30.817+0000] {logging_mixin.py:190} INFO - [2026-07-09T11:22:30.817+0000] {dag.py:4180} INFO - Setting next_dagrun for dag_extract_catalogs to 2026-07-08 01:00:00+00:00, run_after=2026-07-09 01:00:00+00:00
[2026-07-09T11:22:30.822+0000] {processor.py:208} INFO - Processing /opt/airflow/dags/dag_extract_catalogs.py took 0.037 seconds
[2026-07-09T11:23:01.243+0000] {processor.py:186} INFO - Started process (PID=2083) to work on /opt/airflow/dags/dag_extract_catalogs.py
[2026-07-09T11:23:01.243+0000] {processor.py:914} INFO - Processing file /opt/airflow/dags/dag_extract_catalogs.py for tasks to queue
[2026-07-09T11:23:01.244+0000] {logging_mixin.py:190} INFO - [2026-07-09T11:23:01.244+0000] {dagbag.py:588} INFO - Filling up the DagBag from /opt/airflow/dags/dag_extract_catalogs.py
[2026-07-09T11:23:01.250+0000] {processor.py:925} INFO - DAG(s) 'dag_extract_catalogs' retrieved from /opt/airflow/dags/dag_extract_catalogs.py
[2026-07-09T11:23:01.263+0000] {logging_mixin.py:190} INFO - [2026-07-09T11:23:01.263+0000] {dag.py:3239} INFO - Sync 1 DAGs
[2026-07-09T11:23:01.272+0000] {logging_mixin.py:190} INFO - [2026-07-09T11:23:01.272+0000] {dag.py:4180} INFO - Setting next_dagrun for dag_extract_catalogs to 2026-07-08 01:00:00+00:00, run_after=2026-07-09 01:00:00+00:00
[2026-07-09T11:23:01.278+0000] {processor.py:208} INFO - Processing /opt/airflow/dags/dag_extract_catalogs.py took 0.039 seconds
[2026-07-09T11:23:31.718+0000] {processor.py:186} INFO - Started process (PID=2103) to work on /opt/airflow/dags/dag_extract_catalogs.py
[2026-07-09T11:23:31.719+0000] {processor.py:914} INFO - Processing file /opt/airflow/dags/dag_extract_catalogs.py for tasks to queue
[2026-07-09T11:23:31.720+0000] {logging_mixin.py:190} INFO - [2026-07-09T11:23:31.720+0000] {dagbag.py:588} INFO - Filling up the DagBag from /opt/airflow/dags/dag_extract_catalogs.py
[2026-07-09T11:23:31.726+0000] {processor.py:925} INFO - DAG(s) 'dag_extract_catalogs' retrieved from /opt/airflow/dags/dag_extract_catalogs.py
[2026-07-09T11:23:31.738+0000] {logging_mixin.py:190} INFO - [2026-07-09T11:23:31.738+0000] {dag.py:3239} INFO - Sync 1 DAGs
[2026-07-09T11:23:31.746+0000] {logging_mixin.py:190} INFO - [2026-07-09T11:23:31.746+0000] {dag.py:4180} INFO - Setting next_dagrun for dag_extract_catalogs to 2026-07-08 01:00:00+00:00, run_after=2026-07-09 01:00:00+00:00
[2026-07-09T11:23:31.752+0000] {processor.py:208} INFO - Processing /opt/airflow/dags/dag_extract_catalogs.py took 0.038 seconds
[2026-07-09T11:24:02.121+0000] {processor.py:186} INFO - Started process (PID=2121) to work on /opt/airflow/dags/dag_extract_catalogs.py
[2026-07-09T11:24:02.122+0000] {processor.py:914} INFO - Processing file /opt/airflow/dags/dag_extract_catalogs.py for tasks to queue
[2026-07-09T11:24:02.124+0000] {logging_mixin.py:190} INFO - [2026-07-09T11:24:02.123+0000] {dagbag.py:588} INFO - Filling up the DagBag from /opt/airflow/dags/dag_extract_catalogs.py
[2026-07-09T11:24:02.131+0000] {processor.py:925} INFO - DAG(s) 'dag_extract_catalogs' retrieved from /opt/airflow/dags/dag_extract_catalogs.py
[2026-07-09T11:24:02.148+0000] {logging_mixin.py:190} INFO - [2026-07-09T11:24:02.148+0000] {dag.py:3239} INFO - Sync 1 DAGs
[2026-07-09T11:24:02.159+0000] {logging_mixin.py:190} INFO - [2026-07-09T11:24:02.159+0000] {dag.py:4180} INFO - Setting next_dagrun for dag_extract_catalogs to 2026-07-08 01:00:00+00:00, run_after=2026-07-09 01:00:00+00:00
[2026-07-09T11:24:02.167+0000] {processor.py:208} INFO - Processing /opt/airflow/dags/dag_extract_catalogs.py took 0.049 seconds
[2026-07-09T11:24:32.615+0000] {processor.py:186} INFO - Started process (PID=2143) to work on /opt/airflow/dags/dag_extract_catalogs.py
[2026-07-09T11:24:32.616+0000] {processor.py:914} INFO - Processing file /opt/airflow/dags/dag_extract_catalogs.py for tasks to queue
[2026-07-09T11:24:32.617+0000] {logging_mixin.py:190} INFO - [2026-07-09T11:24:32.617+0000] {dagbag.py:588} INFO - Filling up the DagBag from /opt/airflow/dags/dag_extract_catalogs.py
[2026-07-09T11:24:32.623+0000] {processor.py:925} INFO - DAG(s) 'dag_extract_catalogs' retrieved from /opt/airflow/dags/dag_extract_catalogs.py
[2026-07-09T11:24:32.633+0000] {logging_mixin.py:190} INFO - [2026-07-09T11:24:32.633+0000] {dag.py:3239} INFO - Sync 1 DAGs
[2026-07-09T11:24:32.640+0000] {logging_mixin.py:190} INFO - [2026-07-09T11:24:32.640+0000] {dag.py:4180} INFO - Setting next_dagrun for dag_extract_catalogs to 2026-07-08 01:00:00+00:00, run_after=2026-07-09 01:00:00+00:00
[2026-07-09T11:24:32.645+0000] {processor.py:208} INFO - Processing /opt/airflow/dags/dag_extract_catalogs.py took 0.032 seconds
[2026-07-09T11:25:03.007+0000] {processor.py:186} INFO - Started process (PID=2161) to work on /opt/airflow/dags/dag_extract_catalogs.py
[2026-07-09T11:25:03.008+0000] {processor.py:914} INFO - Processing file /opt/airflow/dags/dag_extract_catalogs.py for tasks to queue
[2026-07-09T11:25:03.009+0000] {logging_mixin.py:190} INFO - [2026-07-09T11:25:03.009+0000] {dagbag.py:588} INFO - Filling up the DagBag from /opt/airflow/dags/dag_extract_catalogs.py
[2026-07-09T11:25:03.019+0000] {processor.py:925} INFO - DAG(s) 'dag_extract_catalogs' retrieved from /opt/airflow/dags/dag_extract_catalogs.py
[2026-07-09T11:25:03.038+0000] {logging_mixin.py:190} INFO - [2026-07-09T11:25:03.038+0000] {dag.py:3239} INFO - Sync 1 DAGs
[2026-07-09T11:25:03.047+0000] {logging_mixin.py:190} INFO - [2026-07-09T11:25:03.047+0000] {dag.py:4180} INFO - Setting next_dagrun for dag_extract_catalogs to 2026-07-08 01:00:00+00:00, run_after=2026-07-09 01:00:00+00:00
[2026-07-09T11:25:03.052+0000] {processor.py:208} INFO - Processing /opt/airflow/dags/dag_extract_catalogs.py took 0.049 seconds
[2026-07-09T11:25:33.602+0000] {processor.py:186} INFO - Started process (PID=2183) to work on /opt/airflow/dags/dag_extract_catalogs.py
[2026-07-09T11:25:33.602+0000] {processor.py:914} INFO - Processing file /opt/airflow/dags/dag_extract_catalogs.py for tasks to queue
[2026-07-09T11:25:33.603+0000] {logging_mixin.py:190} INFO - [2026-07-09T11:25:33.603+0000] {dagbag.py:588} INFO - Filling up the DagBag from /opt/airflow/dags/dag_extract_catalogs.py
[2026-07-09T11:25:33.608+0000] {processor.py:925} INFO - DAG(s) 'dag_extract_catalogs' retrieved from /opt/airflow/dags/dag_extract_catalogs.py
[2026-07-09T11:25:33.618+0000] {logging_mixin.py:190} INFO - [2026-07-09T11:25:33.618+0000] {dag.py:3239} INFO - Sync 1 DAGs
[2026-07-09T11:25:33.625+0000] {logging_mixin.py:190} INFO - [2026-07-09T11:25:33.625+0000] {dag.py:4180} INFO - Setting next_dagrun for dag_extract_catalogs to 2026-07-08 01:00:00+00:00, run_after=2026-07-09 01:00:00+00:00
[2026-07-09T11:25:33.630+0000] {processor.py:208} INFO - Processing /opt/airflow/dags/dag_extract_catalogs.py took 0.030 seconds
[2026-07-09T11:26:04.051+0000] {processor.py:186} INFO - Started process (PID=2201) to work on /opt/airflow/dags/dag_extract_catalogs.py
[2026-07-09T11:26:04.052+0000] {processor.py:914} INFO - Processing file /opt/airflow/dags/dag_extract_catalogs.py for tasks to queue
[2026-07-09T11:26:04.053+0000] {logging_mixin.py:190} INFO - [2026-07-09T11:26:04.053+0000] {dagbag.py:588} INFO - Filling up the DagBag from /opt/airflow/dags/dag_extract_catalogs.py
[2026-07-09T11:26:04.063+0000] {processor.py:925} INFO - DAG(s) 'dag_extract_catalogs' retrieved from /opt/airflow/dags/dag_extract_catalogs.py
[2026-07-09T11:26:04.076+0000] {logging_mixin.py:190} INFO - [2026-07-09T11:26:04.076+0000] {dag.py:3239} INFO - Sync 1 DAGs
[2026-07-09T11:26:04.086+0000] {logging_mixin.py:190} INFO - [2026-07-09T11:26:04.086+0000] {dag.py:4180} INFO - Setting next_dagrun for dag_extract_catalogs to 2026-07-08 01:00:00+00:00, run_after=2026-07-09 01:00:00+00:00
[2026-07-09T11:26:04.090+0000] {processor.py:208} INFO - Processing /opt/airflow/dags/dag_extract_catalogs.py took 0.042 seconds
[2026-07-09T11:26:34.505+0000] {processor.py:186} INFO - Started process (PID=2221) to work on /opt/airflow/dags/dag_extract_catalogs.py
[2026-07-09T11:26:34.506+0000] {processor.py:914} INFO - Processing file /opt/airflow/dags/dag_extract_catalogs.py for tasks to queue
[2026-07-09T11:26:34.507+0000] {logging_mixin.py:190} INFO - [2026-07-09T11:26:34.507+0000] {dagbag.py:588} INFO - Filling up the DagBag from /opt/airflow/dags/dag_extract_catalogs.py
[2026-07-09T11:26:34.512+0000] {processor.py:925} INFO - DAG(s) 'dag_extract_catalogs' retrieved from /opt/airflow/dags/dag_extract_catalogs.py
[2026-07-09T11:26:34.526+0000] {logging_mixin.py:190} INFO - [2026-07-09T11:26:34.526+0000] {dag.py:3239} INFO - Sync 1 DAGs
[2026-07-09T11:26:34.535+0000] {logging_mixin.py:190} INFO - [2026-07-09T11:26:34.535+0000] {dag.py:4180} INFO - Setting next_dagrun for dag_extract_catalogs to 2026-07-08 01:00:00+00:00, run_after=2026-07-09 01:00:00+00:00
[2026-07-09T11:26:34.543+0000] {processor.py:208} INFO - Processing /opt/airflow/dags/dag_extract_catalogs.py took 0.041 seconds
[2026-07-09T11:27:04.991+0000] {processor.py:186} INFO - Started process (PID=2243) to work on /opt/airflow/dags/dag_extract_catalogs.py
[2026-07-09T11:27:04.992+0000] {processor.py:914} INFO - Processing file /opt/airflow/dags/dag_extract_catalogs.py for tasks to queue
[2026-07-09T11:27:04.993+0000] {logging_mixin.py:190} INFO - [2026-07-09T11:27:04.993+0000] {dagbag.py:588} INFO - Filling up the DagBag from /opt/airflow/dags/dag_extract_catalogs.py
[2026-07-09T11:27:04.997+0000] {processor.py:925} INFO - DAG(s) 'dag_extract_catalogs' retrieved from /opt/airflow/dags/dag_extract_catalogs.py
[2026-07-09T11:27:05.007+0000] {logging_mixin.py:190} INFO - [2026-07-09T11:27:05.007+0000] {dag.py:3239} INFO - Sync 1 DAGs
[2026-07-09T11:27:05.014+0000] {logging_mixin.py:190} INFO - [2026-07-09T11:27:05.014+0000] {dag.py:4180} INFO - Setting next_dagrun for dag_extract_catalogs to 2026-07-08 01:00:00+00:00, run_after=2026-07-09 01:00:00+00:00
[2026-07-09T11:27:05.019+0000] {processor.py:208} INFO - Processing /opt/airflow/dags/dag_extract_catalogs.py took 0.030 seconds
[2026-07-09T11:27:35.572+0000] {processor.py:186} INFO - Started process (PID=2263) to work on /opt/airflow/dags/dag_extract_catalogs.py
[2026-07-09T11:27:35.573+0000] {processor.py:914} INFO - Processing file /opt/airflow/dags/dag_extract_catalogs.py for tasks to queue
[2026-07-09T11:27:35.574+0000] {logging_mixin.py:190} INFO - [2026-07-09T11:27:35.573+0000] {dagbag.py:588} INFO - Filling up the DagBag from /opt/airflow/dags/dag_extract_catalogs.py
[2026-07-09T11:27:35.579+0000] {processor.py:925} INFO - DAG(s) 'dag_extract_catalogs' retrieved from /opt/airflow/dags/dag_extract_catalogs.py
[2026-07-09T11:27:35.589+0000] {logging_mixin.py:190} INFO - [2026-07-09T11:27:35.589+0000] {dag.py:3239} INFO - Sync 1 DAGs
[2026-07-09T11:27:35.596+0000] {logging_mixin.py:190} INFO - [2026-07-09T11:27:35.596+0000] {dag.py:4180} INFO - Setting next_dagrun for dag_extract_catalogs to 2026-07-08 01:00:00+00:00, run_after=2026-07-09 01:00:00+00:00
[2026-07-09T11:27:35.601+0000] {processor.py:208} INFO - Processing /opt/airflow/dags/dag_extract_catalogs.py took 0.032 seconds
[2026-07-09T11:28:06.032+0000] {processor.py:186} INFO - Started process (PID=2283) to work on /opt/airflow/dags/dag_extract_catalogs.py
[2026-07-09T11:28:06.032+0000] {processor.py:914} INFO - Processing file /opt/airflow/dags/dag_extract_catalogs.py for tasks to queue
[2026-07-09T11:28:06.033+0000] {logging_mixin.py:190} INFO - [2026-07-09T11:28:06.033+0000] {dagbag.py:588} INFO - Filling up the DagBag from /opt/airflow/dags/dag_extract_catalogs.py
[2026-07-09T11:28:06.039+0000] {processor.py:925} INFO - DAG(s) 'dag_extract_catalogs' retrieved from /opt/airflow/dags/dag_extract_catalogs.py
[2026-07-09T11:28:06.049+0000] {logging_mixin.py:190} INFO - [2026-07-09T11:28:06.049+0000] {dag.py:3239} INFO - Sync 1 DAGs
[2026-07-09T11:28:06.056+0000] {logging_mixin.py:190} INFO - [2026-07-09T11:28:06.056+0000] {dag.py:4180} INFO - Setting next_dagrun for dag_extract_catalogs to 2026-07-08 01:00:00+00:00, run_after=2026-07-09 01:00:00+00:00
[2026-07-09T11:28:06.061+0000] {processor.py:208} INFO - Processing /opt/airflow/dags/dag_extract_catalogs.py took 0.032 seconds
[2026-07-09T11:28:36.511+0000] {processor.py:186} INFO - Started process (PID=2303) to work on /opt/airflow/dags/dag_extract_catalogs.py
[2026-07-09T11:28:36.511+0000] {processor.py:914} INFO - Processing file /opt/airflow/dags/dag_extract_catalogs.py for tasks to queue
[2026-07-09T11:28:36.512+0000] {logging_mixin.py:190} INFO - [2026-07-09T11:28:36.512+0000] {dagbag.py:588} INFO - Filling up the DagBag from /opt/airflow/dags/dag_extract_catalogs.py
[2026-07-09T11:28:36.517+0000] {processor.py:925} INFO - DAG(s) 'dag_extract_catalogs' retrieved from /opt/airflow/dags/dag_extract_catalogs.py
[2026-07-09T11:28:36.527+0000] {logging_mixin.py:190} INFO - [2026-07-09T11:28:36.527+0000] {dag.py:3239} INFO - Sync 1 DAGs
[2026-07-09T11:28:36.535+0000] {logging_mixin.py:190} INFO - [2026-07-09T11:28:36.535+0000] {dag.py:4180} INFO - Setting next_dagrun for dag_extract_catalogs to 2026-07-08 01:00:00+00:00, run_after=2026-07-09 01:00:00+00:00
[2026-07-09T11:28:36.539+0000] {processor.py:208} INFO - Processing /opt/airflow/dags/dag_extract_catalogs.py took 0.030 seconds
[2026-07-09T11:29:06.921+0000] {processor.py:186} INFO - Started process (PID=2321) to work on /opt/airflow/dags/dag_extract_catalogs.py
[2026-07-09T11:29:06.922+0000] {processor.py:914} INFO - Processing file /opt/airflow/dags/dag_extract_catalogs.py for tasks to queue
[2026-07-09T11:29:06.923+0000] {logging_mixin.py:190} INFO - [2026-07-09T11:29:06.923+0000] {dagbag.py:588} INFO - Filling up the DagBag from /opt/airflow/dags/dag_extract_catalogs.py
[2026-07-09T11:29:06.929+0000] {processor.py:925} INFO - DAG(s) 'dag_extract_catalogs' retrieved from /opt/airflow/dags/dag_extract_catalogs.py
[2026-07-09T11:29:06.944+0000] {logging_mixin.py:190} INFO - [2026-07-09T11:29:06.943+0000] {dag.py:3239} INFO - Sync 1 DAGs
[2026-07-09T11:29:06.951+0000] {logging_mixin.py:190} INFO - [2026-07-09T11:29:06.951+0000] {dag.py:4180} INFO - Setting next_dagrun for dag_extract_catalogs to 2026-07-08 01:00:00+00:00, run_after=2026-07-09 01:00:00+00:00
[2026-07-09T11:29:06.960+0000] {processor.py:208} INFO - Processing /opt/airflow/dags/dag_extract_catalogs.py took 0.041 seconds
[2026-07-09T11:29:37.446+0000] {processor.py:186} INFO - Started process (PID=2341) to work on /opt/airflow/dags/dag_extract_catalogs.py
[2026-07-09T11:29:37.447+0000] {processor.py:914} INFO - Processing file /opt/airflow/dags/dag_extract_catalogs.py for tasks to queue
[2026-07-09T11:29:37.448+0000] {logging_mixin.py:190} INFO - [2026-07-09T11:29:37.448+0000] {dagbag.py:588} INFO - Filling up the DagBag from /opt/airflow/dags/dag_extract_catalogs.py
[2026-07-09T11:29:37.454+0000] {processor.py:925} INFO - DAG(s) 'dag_extract_catalogs' retrieved from /opt/airflow/dags/dag_extract_catalogs.py
[2026-07-09T11:29:37.468+0000] {logging_mixin.py:190} INFO - [2026-07-09T11:29:37.468+0000] {dag.py:3239} INFO - Sync 1 DAGs
[2026-07-09T11:29:37.478+0000] {logging_mixin.py:190} INFO - [2026-07-09T11:29:37.478+0000] {dag.py:4180} INFO - Setting next_dagrun for dag_extract_catalogs to 2026-07-08 01:00:00+00:00, run_after=2026-07-09 01:00:00+00:00
[2026-07-09T11:29:37.485+0000] {processor.py:208} INFO - Processing /opt/airflow/dags/dag_extract_catalogs.py took 0.043 seconds
[2026-07-09T11:30:07.965+0000] {processor.py:186} INFO - Started process (PID=2363) to work on /opt/airflow/dags/dag_extract_catalogs.py
[2026-07-09T11:30:07.966+0000] {processor.py:914} INFO - Processing file /opt/airflow/dags/dag_extract_catalogs.py for tasks to queue
[2026-07-09T11:30:07.967+0000] {logging_mixin.py:190} INFO - [2026-07-09T11:30:07.966+0000] {dagbag.py:588} INFO - Filling up the DagBag from /opt/airflow/dags/dag_extract_catalogs.py
[2026-07-09T11:30:07.972+0000] {processor.py:925} INFO - DAG(s) 'dag_extract_catalogs' retrieved from /opt/airflow/dags/dag_extract_catalogs.py
[2026-07-09T11:30:07.982+0000] {logging_mixin.py:190} INFO - [2026-07-09T11:30:07.982+0000] {dag.py:3239} INFO - Sync 1 DAGs
[2026-07-09T11:30:07.989+0000] {logging_mixin.py:190} INFO - [2026-07-09T11:30:07.989+0000] {dag.py:4180} INFO - Setting next_dagrun for dag_extract_catalogs to 2026-07-08 01:00:00+00:00, run_after=2026-07-09 01:00:00+00:00
[2026-07-09T11:30:07.993+0000] {processor.py:208} INFO - Processing /opt/airflow/dags/dag_extract_catalogs.py took 0.031 seconds
[2026-07-09T11:30:38.454+0000] {processor.py:186} INFO - Started process (PID=2383) to work on /opt/airflow/dags/dag_extract_catalogs.py
[2026-07-09T11:30:38.454+0000] {processor.py:914} INFO - Processing file /opt/airflow/dags/dag_extract_catalogs.py for tasks to queue
[2026-07-09T11:30:38.455+0000] {logging_mixin.py:190} INFO - [2026-07-09T11:30:38.455+0000] {dagbag.py:588} INFO - Filling up the DagBag from /opt/airflow/dags/dag_extract_catalogs.py
[2026-07-09T11:30:38.460+0000] {processor.py:925} INFO - DAG(s) 'dag_extract_catalogs' retrieved from /opt/airflow/dags/dag_extract_catalogs.py
[2026-07-09T11:30:38.470+0000] {logging_mixin.py:190} INFO - [2026-07-09T11:30:38.470+0000] {dag.py:3239} INFO - Sync 1 DAGs
[2026-07-09T11:30:38.477+0000] {logging_mixin.py:190} INFO - [2026-07-09T11:30:38.477+0000] {dag.py:4180} INFO - Setting next_dagrun for dag_extract_catalogs to 2026-07-08 01:00:00+00:00, run_after=2026-07-09 01:00:00+00:00
[2026-07-09T11:30:38.482+0000] {processor.py:208} INFO - Processing /opt/airflow/dags/dag_extract_catalogs.py took 0.030 seconds
[2026-07-09T11:31:08.921+0000] {processor.py:186} INFO - Started process (PID=2401) to work on /opt/airflow/dags/dag_extract_catalogs.py
[2026-07-09T11:31:08.922+0000] {processor.py:914} INFO - Processing file /opt/airflow/dags/dag_extract_catalogs.py for tasks to queue
[2026-07-09T11:31:08.923+0000] {logging_mixin.py:190} INFO - [2026-07-09T11:31:08.923+0000] {dagbag.py:588} INFO - Filling up the DagBag from /opt/airflow/dags/dag_extract_catalogs.py
[2026-07-09T11:31:08.928+0000] {processor.py:925} INFO - DAG(s) 'dag_extract_catalogs' retrieved from /opt/airflow/dags/dag_extract_catalogs.py
[2026-07-09T11:31:08.940+0000] {logging_mixin.py:190} INFO - [2026-07-09T11:31:08.940+0000] {dag.py:3239} INFO - Sync 1 DAGs
[2026-07-09T11:31:08.947+0000] {logging_mixin.py:190} INFO - [2026-07-09T11:31:08.947+0000] {dag.py:4180} INFO - Setting next_dagrun for dag_extract_catalogs to 2026-07-08 01:00:00+00:00, run_after=2026-07-09 01:00:00+00:00
[2026-07-09T11:31:08.952+0000] {processor.py:208} INFO - Processing /opt/airflow/dags/dag_extract_catalogs.py took 0.034 seconds
[2026-07-09T11:31:39.481+0000] {processor.py:186} INFO - Started process (PID=2423) to work on /opt/airflow/dags/dag_extract_catalogs.py
[2026-07-09T11:31:39.481+0000] {processor.py:914} INFO - Processing file /opt/airflow/dags/dag_extract_catalogs.py for tasks to queue
[2026-07-09T11:31:39.482+0000] {logging_mixin.py:190} INFO - [2026-07-09T11:31:39.482+0000] {dagbag.py:588} INFO - Filling up the DagBag from /opt/airflow/dags/dag_extract_catalogs.py
[2026-07-09T11:31:39.486+0000] {processor.py:925} INFO - DAG(s) 'dag_extract_catalogs' retrieved from /opt/airflow/dags/dag_extract_catalogs.py
[2026-07-09T11:31:39.496+0000] {logging_mixin.py:190} INFO - [2026-07-09T11:31:39.496+0000] {dag.py:3239} INFO - Sync 1 DAGs
[2026-07-09T11:31:39.563+0000] {logging_mixin.py:190} INFO - [2026-07-09T11:31:39.563+0000] {dag.py:4180} INFO - Setting next_dagrun for dag_extract_catalogs to 2026-07-08 01:00:00+00:00, run_after=2026-07-09 01:00:00+00:00
[2026-07-09T11:31:39.568+0000] {processor.py:208} INFO - Processing /opt/airflow/dags/dag_extract_catalogs.py took 0.089 seconds
[2026-07-09T11:32:09.868+0000] {processor.py:186} INFO - Started process (PID=2443) to work on /opt/airflow/dags/dag_extract_catalogs.py
[2026-07-09T11:32:09.869+0000] {processor.py:914} INFO - Processing file /opt/airflow/dags/dag_extract_catalogs.py for tasks to queue
[2026-07-09T11:32:09.870+0000] {logging_mixin.py:190} INFO - [2026-07-09T11:32:09.869+0000] {dagbag.py:588} INFO - Filling up the DagBag from /opt/airflow/dags/dag_extract_catalogs.py
[2026-07-09T11:32:09.874+0000] {processor.py:925} INFO - DAG(s) 'dag_extract_catalogs' retrieved from /opt/airflow/dags/dag_extract_catalogs.py
[2026-07-09T11:32:09.884+0000] {logging_mixin.py:190} INFO - [2026-07-09T11:32:09.884+0000] {dag.py:3239} INFO - Sync 1 DAGs
[2026-07-09T11:32:09.891+0000] {logging_mixin.py:190} INFO - [2026-07-09T11:32:09.891+0000] {dag.py:4180} INFO - Setting next_dagrun for dag_extract_catalogs to 2026-07-08 01:00:00+00:00, run_after=2026-07-09 01:00:00+00:00
[2026-07-09T11:32:09.896+0000] {processor.py:208} INFO - Processing /opt/airflow/dags/dag_extract_catalogs.py took 0.029 seconds
[2026-07-09T11:32:40.371+0000] {processor.py:186} INFO - Started process (PID=2463) to work on /opt/airflow/dags/dag_extract_catalogs.py
[2026-07-09T11:32:40.371+0000] {processor.py:914} INFO - Processing file /opt/airflow/dags/dag_extract_catalogs.py for tasks to queue
[2026-07-09T11:32:40.372+0000] {logging_mixin.py:190} INFO - [2026-07-09T11:32:40.372+0000] {dagbag.py:588} INFO - Filling up the DagBag from /opt/airflow/dags/dag_extract_catalogs.py
[2026-07-09T11:32:40.377+0000] {processor.py:925} INFO - DAG(s) 'dag_extract_catalogs' retrieved from /opt/airflow/dags/dag_extract_catalogs.py
[2026-07-09T11:32:40.386+0000] {logging_mixin.py:190} INFO - [2026-07-09T11:32:40.386+0000] {dag.py:3239} INFO - Sync 1 DAGs
[2026-07-09T11:32:40.393+0000] {logging_mixin.py:190} INFO - [2026-07-09T11:32:40.393+0000] {dag.py:4180} INFO - Setting next_dagrun for dag_extract_catalogs to 2026-07-08 01:00:00+00:00, run_after=2026-07-09 01:00:00+00:00
[2026-07-09T11:32:40.398+0000] {processor.py:208} INFO - Processing /opt/airflow/dags/dag_extract_catalogs.py took 0.030 seconds
[2026-07-09T11:33:10.892+0000] {processor.py:186} INFO - Started process (PID=2483) to work on /opt/airflow/dags/dag_extract_catalogs.py
[2026-07-09T11:33:10.892+0000] {processor.py:914} INFO - Processing file /opt/airflow/dags/dag_extract_catalogs.py for tasks to queue
[2026-07-09T11:33:10.893+0000] {logging_mixin.py:190} INFO - [2026-07-09T11:33:10.893+0000] {dagbag.py:588} INFO - Filling up the DagBag from /opt/airflow/dags/dag_extract_catalogs.py
[2026-07-09T11:33:10.898+0000] {processor.py:925} INFO - DAG(s) 'dag_extract_catalogs' retrieved from /opt/airflow/dags/dag_extract_catalogs.py
[2026-07-09T11:33:10.907+0000] {logging_mixin.py:190} INFO - [2026-07-09T11:33:10.907+0000] {dag.py:3239} INFO - Sync 1 DAGs
[2026-07-09T11:33:10.973+0000] {logging_mixin.py:190} INFO - [2026-07-09T11:33:10.973+0000] {dag.py:4180} INFO - Setting next_dagrun for dag_extract_catalogs to 2026-07-08 01:00:00+00:00, run_after=2026-07-09 01:00:00+00:00
[2026-07-09T11:33:10.978+0000] {processor.py:208} INFO - Processing /opt/airflow/dags/dag_extract_catalogs.py took 0.088 seconds
[2026-07-09T11:33:41.340+0000] {processor.py:186} INFO - Started process (PID=2501) to work on /opt/airflow/dags/dag_extract_catalogs.py
[2026-07-09T11:33:41.341+0000] {processor.py:914} INFO - Processing file /opt/airflow/dags/dag_extract_catalogs.py for tasks to queue
[2026-07-09T11:33:41.343+0000] {logging_mixin.py:190} INFO - [2026-07-09T11:33:41.343+0000] {dagbag.py:588} INFO - Filling up the DagBag from /opt/airflow/dags/dag_extract_catalogs.py
[2026-07-09T11:33:41.350+0000] {processor.py:925} INFO - DAG(s) 'dag_extract_catalogs' retrieved from /opt/airflow/dags/dag_extract_catalogs.py
[2026-07-09T11:33:41.366+0000] {logging_mixin.py:190} INFO - [2026-07-09T11:33:41.366+0000] {dag.py:3239} INFO - Sync 1 DAGs
[2026-07-09T11:33:41.375+0000] {logging_mixin.py:190} INFO - [2026-07-09T11:33:41.375+0000] {dag.py:4180} INFO - Setting next_dagrun for dag_extract_catalogs to 2026-07-08 01:00:00+00:00, run_after=2026-07-09 01:00:00+00:00
[2026-07-09T11:33:41.381+0000] {processor.py:208} INFO - Processing /opt/airflow/dags/dag_extract_catalogs.py took 0.044 seconds
[2026-07-09T11:34:12.031+0000] {processor.py:186} INFO - Started process (PID=2521) to work on /opt/airflow/dags/dag_extract_catalogs.py
[2026-07-09T11:34:12.032+0000] {processor.py:914} INFO - Processing file /opt/airflow/dags/dag_extract_catalogs.py for tasks to queue
[2026-07-09T11:34:12.033+0000] {logging_mixin.py:190} INFO - [2026-07-09T11:34:12.032+0000] {dagbag.py:588} INFO - Filling up the DagBag from /opt/airflow/dags/dag_extract_catalogs.py
[2026-07-09T11:34:12.039+0000] {processor.py:925} INFO - DAG(s) 'dag_extract_catalogs' retrieved from /opt/airflow/dags/dag_extract_catalogs.py
[2026-07-09T11:34:12.053+0000] {logging_mixin.py:190} INFO - [2026-07-09T11:34:12.053+0000] {dag.py:3239} INFO - Sync 1 DAGs
[2026-07-09T11:34:12.062+0000] {logging_mixin.py:190} INFO - [2026-07-09T11:34:12.062+0000] {dag.py:4180} INFO - Setting next_dagrun for dag_extract_catalogs to 2026-07-08 01:00:00+00:00, run_after=2026-07-09 01:00:00+00:00
[2026-07-09T11:34:12.067+0000] {processor.py:208} INFO - Processing /opt/airflow/dags/dag_extract_catalogs.py took 0.039 seconds
[2026-07-09T11:34:42.678+0000] {processor.py:186} INFO - Started process (PID=2543) to work on /opt/airflow/dags/dag_extract_catalogs.py
[2026-07-09T11:34:42.679+0000] {processor.py:914} INFO - Processing file /opt/airflow/dags/dag_extract_catalogs.py for tasks to queue
[2026-07-09T11:34:42.680+0000] {logging_mixin.py:190} INFO - [2026-07-09T11:34:42.680+0000] {dagbag.py:588} INFO - Filling up the DagBag from /opt/airflow/dags/dag_extract_catalogs.py
[2026-07-09T11:34:42.685+0000] {processor.py:925} INFO - DAG(s) 'dag_extract_catalogs' retrieved from /opt/airflow/dags/dag_extract_catalogs.py
[2026-07-09T11:34:42.695+0000] {logging_mixin.py:190} INFO - [2026-07-09T11:34:42.695+0000] {dag.py:3239} INFO - Sync 1 DAGs
[2026-07-09T11:34:42.765+0000] {logging_mixin.py:190} INFO - [2026-07-09T11:34:42.765+0000] {dag.py:4180} INFO - Setting next_dagrun for dag_extract_catalogs to 2026-07-08 01:00:00+00:00, run_after=2026-07-09 01:00:00+00:00
[2026-07-09T11:34:42.770+0000] {processor.py:208} INFO - Processing /opt/airflow/dags/dag_extract_catalogs.py took 0.094 seconds
[2026-07-09T11:35:13.142+0000] {processor.py:186} INFO - Started process (PID=2561) to work on /opt/airflow/dags/dag_extract_catalogs.py
[2026-07-09T11:35:13.142+0000] {processor.py:914} INFO - Processing file /opt/airflow/dags/dag_extract_catalogs.py for tasks to queue
[2026-07-09T11:35:13.144+0000] {logging_mixin.py:190} INFO - [2026-07-09T11:35:13.143+0000] {dagbag.py:588} INFO - Filling up the DagBag from /opt/airflow/dags/dag_extract_catalogs.py
[2026-07-09T11:35:13.150+0000] {processor.py:925} INFO - DAG(s) 'dag_extract_catalogs' retrieved from /opt/airflow/dags/dag_extract_catalogs.py
[2026-07-09T11:35:13.160+0000] {logging_mixin.py:190} INFO - [2026-07-09T11:35:13.160+0000] {dag.py:3239} INFO - Sync 1 DAGs
[2026-07-09T11:35:13.168+0000] {logging_mixin.py:190} INFO - [2026-07-09T11:35:13.167+0000] {dag.py:4180} INFO - Setting next_dagrun for dag_extract_catalogs to 2026-07-08 01:00:00+00:00, run_after=2026-07-09 01:00:00+00:00
[2026-07-09T11:35:13.172+0000] {processor.py:208} INFO - Processing /opt/airflow/dags/dag_extract_catalogs.py took 0.034 seconds
[2026-07-09T11:35:43.647+0000] {processor.py:186} INFO - Started process (PID=2581) to work on /opt/airflow/dags/dag_extract_catalogs.py
[2026-07-09T11:35:43.647+0000] {processor.py:914} INFO - Processing file /opt/airflow/dags/dag_extract_catalogs.py for tasks to queue
[2026-07-09T11:35:43.649+0000] {logging_mixin.py:190} INFO - [2026-07-09T11:35:43.649+0000] {dagbag.py:588} INFO - Filling up the DagBag from /opt/airflow/dags/dag_extract_catalogs.py
[2026-07-09T11:35:43.655+0000] {processor.py:925} INFO - DAG(s) 'dag_extract_catalogs' retrieved from /opt/airflow/dags/dag_extract_catalogs.py
[2026-07-09T11:35:43.666+0000] {logging_mixin.py:190} INFO - [2026-07-09T11:35:43.666+0000] {dag.py:3239} INFO - Sync 1 DAGs
[2026-07-09T11:35:43.673+0000] {logging_mixin.py:190} INFO - [2026-07-09T11:35:43.673+0000] {dag.py:4180} INFO - Setting next_dagrun for dag_extract_catalogs to 2026-07-08 01:00:00+00:00, run_after=2026-07-09 01:00:00+00:00
[2026-07-09T11:35:43.679+0000] {processor.py:208} INFO - Processing /opt/airflow/dags/dag_extract_catalogs.py took 0.034 seconds
[2026-07-09T11:36:14.341+0000] {processor.py:186} INFO - Started process (PID=2603) to work on /opt/airflow/dags/dag_extract_catalogs.py
[2026-07-09T11:36:14.341+0000] {processor.py:914} INFO - Processing file /opt/airflow/dags/dag_extract_catalogs.py for tasks to queue
[2026-07-09T11:36:14.342+0000] {logging_mixin.py:190} INFO - [2026-07-09T11:36:14.342+0000] {dagbag.py:588} INFO - Filling up the DagBag from /opt/airflow/dags/dag_extract_catalogs.py
[2026-07-09T11:36:14.348+0000] {processor.py:925} INFO - DAG(s) 'dag_extract_catalogs' retrieved from /opt/airflow/dags/dag_extract_catalogs.py
[2026-07-09T11:36:14.363+0000] {logging_mixin.py:190} INFO - [2026-07-09T11:36:14.363+0000] {dag.py:3239} INFO - Sync 1 DAGs
[2026-07-09T11:36:14.443+0000] {logging_mixin.py:190} INFO - [2026-07-09T11:36:14.443+0000] {dag.py:4180} INFO - Setting next_dagrun for dag_extract_catalogs to 2026-07-08 01:00:00+00:00, run_after=2026-07-09 01:00:00+00:00
[2026-07-09T11:36:14.447+0000] {processor.py:208} INFO - Processing /opt/airflow/dags/dag_extract_catalogs.py took 0.110 seconds
[2026-07-09T11:36:44.871+0000] {processor.py:186} INFO - Started process (PID=2623) to work on /opt/airflow/dags/dag_extract_catalogs.py
[2026-07-09T11:36:44.871+0000] {processor.py:914} INFO - Processing file /opt/airflow/dags/dag_extract_catalogs.py for tasks to queue
[2026-07-09T11:36:44.872+0000] {logging_mixin.py:190} INFO - [2026-07-09T11:36:44.872+0000] {dagbag.py:588} INFO - Filling up the DagBag from /opt/airflow/dags/dag_extract_catalogs.py
[2026-07-09T11:36:44.877+0000] {processor.py:925} INFO - DAG(s) 'dag_extract_catalogs' retrieved from /opt/airflow/dags/dag_extract_catalogs.py
[2026-07-09T11:36:44.888+0000] {logging_mixin.py:190} INFO - [2026-07-09T11:36:44.888+0000] {dag.py:3239} INFO - Sync 1 DAGs
[2026-07-09T11:36:44.895+0000] {logging_mixin.py:190} INFO - [2026-07-09T11:36:44.895+0000] {dag.py:4180} INFO - Setting next_dagrun for dag_extract_catalogs to 2026-07-08 01:00:00+00:00, run_after=2026-07-09 01:00:00+00:00
[2026-07-09T11:36:44.900+0000] {processor.py:208} INFO - Processing /opt/airflow/dags/dag_extract_catalogs.py took 0.032 seconds
[2026-07-09T11:37:15.464+0000] {processor.py:186} INFO - Started process (PID=2641) to work on /opt/airflow/dags/dag_extract_catalogs.py
[2026-07-09T11:37:15.464+0000] {processor.py:914} INFO - Processing file /opt/airflow/dags/dag_extract_catalogs.py for tasks to queue
[2026-07-09T11:37:15.465+0000] {logging_mixin.py:190} INFO - [2026-07-09T11:37:15.465+0000] {dagbag.py:588} INFO - Filling up the DagBag from /opt/airflow/dags/dag_extract_catalogs.py
[2026-07-09T11:37:15.471+0000] {processor.py:925} INFO - DAG(s) 'dag_extract_catalogs' retrieved from /opt/airflow/dags/dag_extract_catalogs.py
[2026-07-09T11:37:15.559+0000] {logging_mixin.py:190} INFO - [2026-07-09T11:37:15.559+0000] {dag.py:3239} INFO - Sync 1 DAGs
[2026-07-09T11:37:15.567+0000] {logging_mixin.py:190} INFO - [2026-07-09T11:37:15.567+0000] {dag.py:4180} INFO - Setting next_dagrun for dag_extract_catalogs to 2026-07-08 01:00:00+00:00, run_after=2026-07-09 01:00:00+00:00
[2026-07-09T11:37:15.571+0000] {processor.py:208} INFO - Processing /opt/airflow/dags/dag_extract_catalogs.py took 0.110 seconds
[2026-07-09T11:37:45.978+0000] {processor.py:186} INFO - Started process (PID=2661) to work on /opt/airflow/dags/dag_extract_catalogs.py
[2026-07-09T11:37:45.979+0000] {processor.py:914} INFO - Processing file /opt/airflow/dags/dag_extract_catalogs.py for tasks to queue
[2026-07-09T11:37:45.980+0000] {logging_mixin.py:190} INFO - [2026-07-09T11:37:45.980+0000] {dagbag.py:588} INFO - Filling up the DagBag from /opt/airflow/dags/dag_extract_catalogs.py
[2026-07-09T11:37:45.989+0000] {processor.py:925} INFO - DAG(s) 'dag_extract_catalogs' retrieved from /opt/airflow/dags/dag_extract_catalogs.py
[2026-07-09T11:37:46.008+0000] {logging_mixin.py:190} INFO - [2026-07-09T11:37:46.008+0000] {dag.py:3239} INFO - Sync 1 DAGs
[2026-07-09T11:37:46.016+0000] {logging_mixin.py:190} INFO - [2026-07-09T11:37:46.016+0000] {dag.py:4180} INFO - Setting next_dagrun for dag_extract_catalogs to 2026-07-08 01:00:00+00:00, run_after=2026-07-09 01:00:00+00:00
[2026-07-09T11:37:46.021+0000] {processor.py:208} INFO - Processing /opt/airflow/dags/dag_extract_catalogs.py took 0.047 seconds
[2026-07-09T11:38:16.519+0000] {processor.py:186} INFO - Started process (PID=2683) to work on /opt/airflow/dags/dag_extract_catalogs.py
[2026-07-09T11:38:16.520+0000] {processor.py:914} INFO - Processing file /opt/airflow/dags/dag_extract_catalogs.py for tasks to queue
[2026-07-09T11:38:16.520+0000] {logging_mixin.py:190} INFO - [2026-07-09T11:38:16.520+0000] {dagbag.py:588} INFO - Filling up the DagBag from /opt/airflow/dags/dag_extract_catalogs.py
[2026-07-09T11:38:16.525+0000] {processor.py:925} INFO - DAG(s) 'dag_extract_catalogs' retrieved from /opt/airflow/dags/dag_extract_catalogs.py
[2026-07-09T11:38:16.535+0000] {logging_mixin.py:190} INFO - [2026-07-09T11:38:16.535+0000] {dag.py:3239} INFO - Sync 1 DAGs
[2026-07-09T11:38:16.542+0000] {logging_mixin.py:190} INFO - [2026-07-09T11:38:16.542+0000] {dag.py:4180} INFO - Setting next_dagrun for dag_extract_catalogs to 2026-07-08 01:00:00+00:00, run_after=2026-07-09 01:00:00+00:00
[2026-07-09T11:38:16.547+0000] {processor.py:208} INFO - Processing /opt/airflow/dags/dag_extract_catalogs.py took 0.031 seconds
[2026-07-09T11:38:46.980+0000] {processor.py:186} INFO - Started process (PID=2701) to work on /opt/airflow/dags/dag_extract_catalogs.py
[2026-07-09T11:38:46.981+0000] {processor.py:914} INFO - Processing file /opt/airflow/dags/dag_extract_catalogs.py for tasks to queue
[2026-07-09T11:38:46.982+0000] {logging_mixin.py:190} INFO - [2026-07-09T11:38:46.982+0000] {dagbag.py:588} INFO - Filling up the DagBag from /opt/airflow/dags/dag_extract_catalogs.py
[2026-07-09T11:38:46.988+0000] {processor.py:925} INFO - DAG(s) 'dag_extract_catalogs' retrieved from /opt/airflow/dags/dag_extract_catalogs.py
[2026-07-09T11:38:47.003+0000] {logging_mixin.py:190} INFO - [2026-07-09T11:38:47.003+0000] {dag.py:3239} INFO - Sync 1 DAGs
[2026-07-09T11:38:47.016+0000] {logging_mixin.py:190} INFO - [2026-07-09T11:38:47.016+0000] {dag.py:4180} INFO - Setting next_dagrun for dag_extract_catalogs to 2026-07-08 01:00:00+00:00, run_after=2026-07-09 01:00:00+00:00
[2026-07-09T11:38:47.026+0000] {processor.py:208} INFO - Processing /opt/airflow/dags/dag_extract_catalogs.py took 0.052 seconds
[2026-07-09T11:39:17.489+0000] {processor.py:186} INFO - Started process (PID=2723) to work on /opt/airflow/dags/dag_extract_catalogs.py
[2026-07-09T11:39:17.489+0000] {processor.py:914} INFO - Processing file /opt/airflow/dags/dag_extract_catalogs.py for tasks to queue
[2026-07-09T11:39:17.490+0000] {logging_mixin.py:190} INFO - [2026-07-09T11:39:17.490+0000] {dagbag.py:588} INFO - Filling up the DagBag from /opt/airflow/dags/dag_extract_catalogs.py
[2026-07-09T11:39:17.495+0000] {processor.py:925} INFO - DAG(s) 'dag_extract_catalogs' retrieved from /opt/airflow/dags/dag_extract_catalogs.py
[2026-07-09T11:39:17.505+0000] {logging_mixin.py:190} INFO - [2026-07-09T11:39:17.505+0000] {dag.py:3239} INFO - Sync 1 DAGs
[2026-07-09T11:39:17.512+0000] {logging_mixin.py:190} INFO - [2026-07-09T11:39:17.512+0000] {dag.py:4180} INFO - Setting next_dagrun for dag_extract_catalogs to 2026-07-08 01:00:00+00:00, run_after=2026-07-09 01:00:00+00:00
[2026-07-09T11:39:17.517+0000] {processor.py:208} INFO - Processing /opt/airflow/dags/dag_extract_catalogs.py took 0.031 seconds
[2026-07-09T11:39:47.943+0000] {processor.py:186} INFO - Started process (PID=2743) to work on /opt/airflow/dags/dag_extract_catalogs.py
[2026-07-09T11:39:47.943+0000] {processor.py:914} INFO - Processing file /opt/airflow/dags/dag_extract_catalogs.py for tasks to queue
[2026-07-09T11:39:47.944+0000] {logging_mixin.py:190} INFO - [2026-07-09T11:39:47.944+0000] {dagbag.py:588} INFO - Filling up the DagBag from /opt/airflow/dags/dag_extract_catalogs.py
[2026-07-09T11:39:47.949+0000] {processor.py:925} INFO - DAG(s) 'dag_extract_catalogs' retrieved from /opt/airflow/dags/dag_extract_catalogs.py
[2026-07-09T11:39:47.959+0000] {logging_mixin.py:190} INFO - [2026-07-09T11:39:47.959+0000] {dag.py:3239} INFO - Sync 1 DAGs
[2026-07-09T11:39:47.966+0000] {logging_mixin.py:190} INFO - [2026-07-09T11:39:47.966+0000] {dag.py:4180} INFO - Setting next_dagrun for dag_extract_catalogs to 2026-07-08 01:00:00+00:00, run_after=2026-07-09 01:00:00+00:00
[2026-07-09T11:39:47.970+0000] {processor.py:208} INFO - Processing /opt/airflow/dags/dag_extract_catalogs.py took 0.030 seconds
[2026-07-09T11:40:18.340+0000] {processor.py:186} INFO - Started process (PID=2763) to work on /opt/airflow/dags/dag_extract_catalogs.py
[2026-07-09T11:40:18.340+0000] {processor.py:914} INFO - Processing file /opt/airflow/dags/dag_extract_catalogs.py for tasks to queue
[2026-07-09T11:40:18.341+0000] {logging_mixin.py:190} INFO - [2026-07-09T11:40:18.341+0000] {dagbag.py:588} INFO - Filling up the DagBag from /opt/airflow/dags/dag_extract_catalogs.py
[2026-07-09T11:40:18.346+0000] {processor.py:925} INFO - DAG(s) 'dag_extract_catalogs' retrieved from /opt/airflow/dags/dag_extract_catalogs.py
[2026-07-09T11:40:18.356+0000] {logging_mixin.py:190} INFO - [2026-07-09T11:40:18.356+0000] {dag.py:3239} INFO - Sync 1 DAGs
[2026-07-09T11:40:18.363+0000] {logging_mixin.py:190} INFO - [2026-07-09T11:40:18.363+0000] {dag.py:4180} INFO - Setting next_dagrun for dag_extract_catalogs to 2026-07-08 01:00:00+00:00, run_after=2026-07-09 01:00:00+00:00
[2026-07-09T11:40:18.367+0000] {processor.py:208} INFO - Processing /opt/airflow/dags/dag_extract_catalogs.py took 0.031 seconds
[2026-07-09T11:40:48.872+0000] {processor.py:186} INFO - Started process (PID=2783) to work on /opt/airflow/dags/dag_extract_catalogs.py
[2026-07-09T11:40:48.872+0000] {processor.py:914} INFO - Processing file /opt/airflow/dags/dag_extract_catalogs.py for tasks to queue
[2026-07-09T11:40:48.873+0000] {logging_mixin.py:190} INFO - [2026-07-09T11:40:48.873+0000] {dagbag.py:588} INFO - Filling up the DagBag from /opt/airflow/dags/dag_extract_catalogs.py
[2026-07-09T11:40:48.878+0000] {processor.py:925} INFO - DAG(s) 'dag_extract_catalogs' retrieved from /opt/airflow/dags/dag_extract_catalogs.py
[2026-07-09T11:40:48.889+0000] {logging_mixin.py:190} INFO - [2026-07-09T11:40:48.889+0000] {dag.py:3239} INFO - Sync 1 DAGs
[2026-07-09T11:40:48.903+0000] {logging_mixin.py:190} INFO - [2026-07-09T11:40:48.903+0000] {dag.py:4180} INFO - Setting next_dagrun for dag_extract_catalogs to 2026-07-08 01:00:00+00:00, run_after=2026-07-09 01:00:00+00:00
[2026-07-09T11:40:48.908+0000] {processor.py:208} INFO - Processing /opt/airflow/dags/dag_extract_catalogs.py took 0.040 seconds
[2026-07-09T11:41:19.331+0000] {processor.py:186} INFO - Started process (PID=2803) to work on /opt/airflow/dags/dag_extract_catalogs.py
[2026-07-09T11:41:19.332+0000] {processor.py:914} INFO - Processing file /opt/airflow/dags/dag_extract_catalogs.py for tasks to queue
[2026-07-09T11:41:19.333+0000] {logging_mixin.py:190} INFO - [2026-07-09T11:41:19.333+0000] {dagbag.py:588} INFO - Filling up the DagBag from /opt/airflow/dags/dag_extract_catalogs.py
[2026-07-09T11:41:19.338+0000] {processor.py:925} INFO - DAG(s) 'dag_extract_catalogs' retrieved from /opt/airflow/dags/dag_extract_catalogs.py
[2026-07-09T11:41:19.348+0000] {logging_mixin.py:190} INFO - [2026-07-09T11:41:19.348+0000] {dag.py:3239} INFO - Sync 1 DAGs
[2026-07-09T11:41:19.355+0000] {logging_mixin.py:190} INFO - [2026-07-09T11:41:19.355+0000] {dag.py:4180} INFO - Setting next_dagrun for dag_extract_catalogs to 2026-07-08 01:00:00+00:00, run_after=2026-07-09 01:00:00+00:00
[2026-07-09T11:41:19.360+0000] {processor.py:208} INFO - Processing /opt/airflow/dags/dag_extract_catalogs.py took 0.031 seconds
[2026-07-09T11:41:49.840+0000] {processor.py:186} INFO - Started process (PID=2823) to work on /opt/airflow/dags/dag_extract_catalogs.py
[2026-07-09T11:41:49.841+0000] {processor.py:914} INFO - Processing file /opt/airflow/dags/dag_extract_catalogs.py for tasks to queue
[2026-07-09T11:41:49.842+0000] {logging_mixin.py:190} INFO - [2026-07-09T11:41:49.842+0000] {dagbag.py:588} INFO - Filling up the DagBag from /opt/airflow/dags/dag_extract_catalogs.py
[2026-07-09T11:41:49.847+0000] {processor.py:925} INFO - DAG(s) 'dag_extract_catalogs' retrieved from /opt/airflow/dags/dag_extract_catalogs.py
[2026-07-09T11:41:49.860+0000] {logging_mixin.py:190} INFO - [2026-07-09T11:41:49.860+0000] {dag.py:3239} INFO - Sync 1 DAGs
[2026-07-09T11:41:49.869+0000] {logging_mixin.py:190} INFO - [2026-07-09T11:41:49.868+0000] {dag.py:4180} INFO - Setting next_dagrun for dag_extract_catalogs to 2026-07-08 01:00:00+00:00, run_after=2026-07-09 01:00:00+00:00
[2026-07-09T11:41:49.873+0000] {processor.py:208} INFO - Processing /opt/airflow/dags/dag_extract_catalogs.py took 0.037 seconds
[2026-07-09T11:42:20.290+0000] {processor.py:186} INFO - Started process (PID=2843) to work on /opt/airflow/dags/dag_extract_catalogs.py
[2026-07-09T11:42:20.290+0000] {processor.py:914} INFO - Processing file /opt/airflow/dags/dag_extract_catalogs.py for tasks to queue
[2026-07-09T11:42:20.292+0000] {logging_mixin.py:190} INFO - [2026-07-09T11:42:20.292+0000] {dagbag.py:588} INFO - Filling up the DagBag from /opt/airflow/dags/dag_extract_catalogs.py
[2026-07-09T11:42:20.296+0000] {processor.py:925} INFO - DAG(s) 'dag_extract_catalogs' retrieved from /opt/airflow/dags/dag_extract_catalogs.py
[2026-07-09T11:42:20.307+0000] {logging_mixin.py:190} INFO - [2026-07-09T11:42:20.307+0000] {dag.py:3239} INFO - Sync 1 DAGs
[2026-07-09T11:42:20.314+0000] {logging_mixin.py:190} INFO - [2026-07-09T11:42:20.314+0000] {dag.py:4180} INFO - Setting next_dagrun for dag_extract_catalogs to 2026-07-08 01:00:00+00:00, run_after=2026-07-09 01:00:00+00:00
[2026-07-09T11:42:20.319+0000] {processor.py:208} INFO - Processing /opt/airflow/dags/dag_extract_catalogs.py took 0.032 seconds
[2026-07-09T11:42:50.825+0000] {processor.py:186} INFO - Started process (PID=2863) to work on /opt/airflow/dags/dag_extract_catalogs.py
[2026-07-09T11:42:50.826+0000] {processor.py:914} INFO - Processing file /opt/airflow/dags/dag_extract_catalogs.py for tasks to queue
[2026-07-09T11:42:50.827+0000] {logging_mixin.py:190} INFO - [2026-07-09T11:42:50.827+0000] {dagbag.py:588} INFO - Filling up the DagBag from /opt/airflow/dags/dag_extract_catalogs.py
[2026-07-09T11:42:50.832+0000] {processor.py:925} INFO - DAG(s) 'dag_extract_catalogs' retrieved from /opt/airflow/dags/dag_extract_catalogs.py
[2026-07-09T11:42:50.843+0000] {logging_mixin.py:190} INFO - [2026-07-09T11:42:50.843+0000] {dag.py:3239} INFO - Sync 1 DAGs
[2026-07-09T11:42:50.850+0000] {logging_mixin.py:190} INFO - [2026-07-09T11:42:50.850+0000] {dag.py:4180} INFO - Setting next_dagrun for dag_extract_catalogs to 2026-07-08 01:00:00+00:00, run_after=2026-07-09 01:00:00+00:00
[2026-07-09T11:42:50.855+0000] {processor.py:208} INFO - Processing /opt/airflow/dags/dag_extract_catalogs.py took 0.032 seconds
[2026-07-09T11:43:21.255+0000] {processor.py:186} INFO - Started process (PID=2883) to work on /opt/airflow/dags/dag_extract_catalogs.py
[2026-07-09T11:43:21.255+0000] {processor.py:914} INFO - Processing file /opt/airflow/dags/dag_extract_catalogs.py for tasks to queue
[2026-07-09T11:43:21.256+0000] {logging_mixin.py:190} INFO - [2026-07-09T11:43:21.256+0000] {dagbag.py:588} INFO - Filling up the DagBag from /opt/airflow/dags/dag_extract_catalogs.py
[2026-07-09T11:43:21.261+0000] {processor.py:925} INFO - DAG(s) 'dag_extract_catalogs' retrieved from /opt/airflow/dags/dag_extract_catalogs.py
[2026-07-09T11:43:21.271+0000] {logging_mixin.py:190} INFO - [2026-07-09T11:43:21.271+0000] {dag.py:3239} INFO - Sync 1 DAGs
[2026-07-09T11:43:21.278+0000] {logging_mixin.py:190} INFO - [2026-07-09T11:43:21.278+0000] {dag.py:4180} INFO - Setting next_dagrun for dag_extract_catalogs to 2026-07-08 01:00:00+00:00, run_after=2026-07-09 01:00:00+00:00
[2026-07-09T11:43:21.282+0000] {processor.py:208} INFO - Processing /opt/airflow/dags/dag_extract_catalogs.py took 0.030 seconds
[2026-07-09T11:43:51.735+0000] {processor.py:186} INFO - Started process (PID=2903) to work on /opt/airflow/dags/dag_extract_catalogs.py
[2026-07-09T11:43:51.736+0000] {processor.py:914} INFO - Processing file /opt/airflow/dags/dag_extract_catalogs.py for tasks to queue
[2026-07-09T11:43:51.736+0000] {logging_mixin.py:190} INFO - [2026-07-09T11:43:51.736+0000] {dagbag.py:588} INFO - Filling up the DagBag from /opt/airflow/dags/dag_extract_catalogs.py
[2026-07-09T11:43:51.741+0000] {processor.py:925} INFO - DAG(s) 'dag_extract_catalogs' retrieved from /opt/airflow/dags/dag_extract_catalogs.py
[2026-07-09T11:43:51.752+0000] {logging_mixin.py:190} INFO - [2026-07-09T11:43:51.752+0000] {dag.py:3239} INFO - Sync 1 DAGs
[2026-07-09T11:43:51.760+0000] {logging_mixin.py:190} INFO - [2026-07-09T11:43:51.760+0000] {dag.py:4180} INFO - Setting next_dagrun for dag_extract_catalogs to 2026-07-08 01:00:00+00:00, run_after=2026-07-09 01:00:00+00:00
[2026-07-09T11:43:51.765+0000] {processor.py:208} INFO - Processing /opt/airflow/dags/dag_extract_catalogs.py took 0.032 seconds
[2026-07-09T11:44:22.188+0000] {processor.py:186} INFO - Started process (PID=2923) to work on /opt/airflow/dags/dag_extract_catalogs.py
[2026-07-09T11:44:22.188+0000] {processor.py:914} INFO - Processing file /opt/airflow/dags/dag_extract_catalogs.py for tasks to queue
[2026-07-09T11:44:22.189+0000] {logging_mixin.py:190} INFO - [2026-07-09T11:44:22.189+0000] {dagbag.py:588} INFO - Filling up the DagBag from /opt/airflow/dags/dag_extract_catalogs.py
[2026-07-09T11:44:22.194+0000] {processor.py:925} INFO - DAG(s) 'dag_extract_catalogs' retrieved from /opt/airflow/dags/dag_extract_catalogs.py
[2026-07-09T11:44:22.205+0000] {logging_mixin.py:190} INFO - [2026-07-09T11:44:22.204+0000] {dag.py:3239} INFO - Sync 1 DAGs
[2026-07-09T11:44:22.212+0000] {logging_mixin.py:190} INFO - [2026-07-09T11:44:22.212+0000] {dag.py:4180} INFO - Setting next_dagrun for dag_extract_catalogs to 2026-07-08 01:00:00+00:00, run_after=2026-07-09 01:00:00+00:00
[2026-07-09T11:44:22.217+0000] {processor.py:208} INFO - Processing /opt/airflow/dags/dag_extract_catalogs.py took 0.031 seconds
[2026-07-09T11:44:52.622+0000] {processor.py:186} INFO - Started process (PID=2943) to work on /opt/airflow/dags/dag_extract_catalogs.py
[2026-07-09T11:44:52.623+0000] {processor.py:914} INFO - Processing file /opt/airflow/dags/dag_extract_catalogs.py for tasks to queue
[2026-07-09T11:44:52.624+0000] {logging_mixin.py:190} INFO - [2026-07-09T11:44:52.623+0000] {dagbag.py:588} INFO - Filling up the DagBag from /opt/airflow/dags/dag_extract_catalogs.py
[2026-07-09T11:44:52.629+0000] {processor.py:925} INFO - DAG(s) 'dag_extract_catalogs' retrieved from /opt/airflow/dags/dag_extract_catalogs.py
[2026-07-09T11:44:52.639+0000] {logging_mixin.py:190} INFO - [2026-07-09T11:44:52.639+0000] {dag.py:3239} INFO - Sync 1 DAGs
[2026-07-09T11:44:52.646+0000] {logging_mixin.py:190} INFO - [2026-07-09T11:44:52.646+0000] {dag.py:4180} INFO - Setting next_dagrun for dag_extract_catalogs to 2026-07-08 01:00:00+00:00, run_after=2026-07-09 01:00:00+00:00
[2026-07-09T11:44:52.651+0000] {processor.py:208} INFO - Processing /opt/airflow/dags/dag_extract_catalogs.py took 0.031 seconds
[2026-07-09T11:45:23.103+0000] {processor.py:186} INFO - Started process (PID=2963) to work on /opt/airflow/dags/dag_extract_catalogs.py
[2026-07-09T11:45:23.104+0000] {processor.py:914} INFO - Processing file /opt/airflow/dags/dag_extract_catalogs.py for tasks to queue
[2026-07-09T11:45:23.104+0000] {logging_mixin.py:190} INFO - [2026-07-09T11:45:23.104+0000] {dagbag.py:588} INFO - Filling up the DagBag from /opt/airflow/dags/dag_extract_catalogs.py
[2026-07-09T11:45:23.110+0000] {processor.py:925} INFO - DAG(s) 'dag_extract_catalogs' retrieved from /opt/airflow/dags/dag_extract_catalogs.py
[2026-07-09T11:45:23.121+0000] {logging_mixin.py:190} INFO - [2026-07-09T11:45:23.121+0000] {dag.py:3239} INFO - Sync 1 DAGs
[2026-07-09T11:45:23.128+0000] {logging_mixin.py:190} INFO - [2026-07-09T11:45:23.128+0000] {dag.py:4180} INFO - Setting next_dagrun for dag_extract_catalogs to 2026-07-08 01:00:00+00:00, run_after=2026-07-09 01:00:00+00:00
[2026-07-09T11:45:23.132+0000] {processor.py:208} INFO - Processing /opt/airflow/dags/dag_extract_catalogs.py took 0.036 seconds
[2026-07-09T11:45:53.686+0000] {processor.py:186} INFO - Started process (PID=2983) to work on /opt/airflow/dags/dag_extract_catalogs.py
[2026-07-09T11:45:53.686+0000] {processor.py:914} INFO - Processing file /opt/airflow/dags/dag_extract_catalogs.py for tasks to queue
[2026-07-09T11:45:53.687+0000] {logging_mixin.py:190} INFO - [2026-07-09T11:45:53.687+0000] {dagbag.py:588} INFO - Filling up the DagBag from /opt/airflow/dags/dag_extract_catalogs.py
[2026-07-09T11:45:53.692+0000] {processor.py:925} INFO - DAG(s) 'dag_extract_catalogs' retrieved from /opt/airflow/dags/dag_extract_catalogs.py
[2026-07-09T11:45:53.703+0000] {logging_mixin.py:190} INFO - [2026-07-09T11:45:53.702+0000] {dag.py:3239} INFO - Sync 1 DAGs
[2026-07-09T11:45:53.709+0000] {logging_mixin.py:190} INFO - [2026-07-09T11:45:53.709+0000] {dag.py:4180} INFO - Setting next_dagrun for dag_extract_catalogs to 2026-07-08 01:00:00+00:00, run_after=2026-07-09 01:00:00+00:00
[2026-07-09T11:45:53.714+0000] {processor.py:208} INFO - Processing /opt/airflow/dags/dag_extract_catalogs.py took 0.031 seconds
[2026-07-09T11:46:24.146+0000] {processor.py:186} INFO - Started process (PID=3003) to work on /opt/airflow/dags/dag_extract_catalogs.py
[2026-07-09T11:46:24.146+0000] {processor.py:914} INFO - Processing file /opt/airflow/dags/dag_extract_catalogs.py for tasks to queue
[2026-07-09T11:46:24.147+0000] {logging_mixin.py:190} INFO - [2026-07-09T11:46:24.147+0000] {dagbag.py:588} INFO - Filling up the DagBag from /opt/airflow/dags/dag_extract_catalogs.py
[2026-07-09T11:46:24.152+0000] {processor.py:925} INFO - DAG(s) 'dag_extract_catalogs' retrieved from /opt/airflow/dags/dag_extract_catalogs.py
[2026-07-09T11:46:24.162+0000] {logging_mixin.py:190} INFO - [2026-07-09T11:46:24.162+0000] {dag.py:3239} INFO - Sync 1 DAGs
[2026-07-09T11:46:24.169+0000] {logging_mixin.py:190} INFO - [2026-07-09T11:46:24.169+0000] {dag.py:4180} INFO - Setting next_dagrun for dag_extract_catalogs to 2026-07-08 01:00:00+00:00, run_after=2026-07-09 01:00:00+00:00
[2026-07-09T11:46:24.174+0000] {processor.py:208} INFO - Processing /opt/airflow/dags/dag_extract_catalogs.py took 0.031 seconds
[2026-07-09T11:46:54.622+0000] {processor.py:186} INFO - Started process (PID=3023) to work on /opt/airflow/dags/dag_extract_catalogs.py
[2026-07-09T11:46:54.622+0000] {processor.py:914} INFO - Processing file /opt/airflow/dags/dag_extract_catalogs.py for tasks to queue
[2026-07-09T11:46:54.623+0000] {logging_mixin.py:190} INFO - [2026-07-09T11:46:54.623+0000] {dagbag.py:588} INFO - Filling up the DagBag from /opt/airflow/dags/dag_extract_catalogs.py
[2026-07-09T11:46:54.628+0000] {processor.py:925} INFO - DAG(s) 'dag_extract_catalogs' retrieved from /opt/airflow/dags/dag_extract_catalogs.py
[2026-07-09T11:46:54.638+0000] {logging_mixin.py:190} INFO - [2026-07-09T11:46:54.638+0000] {dag.py:3239} INFO - Sync 1 DAGs
[2026-07-09T11:46:54.645+0000] {logging_mixin.py:190} INFO - [2026-07-09T11:46:54.645+0000] {dag.py:4180} INFO - Setting next_dagrun for dag_extract_catalogs to 2026-07-08 01:00:00+00:00, run_after=2026-07-09 01:00:00+00:00
[2026-07-09T11:46:54.650+0000] {processor.py:208} INFO - Processing /opt/airflow/dags/dag_extract_catalogs.py took 0.030 seconds
[2026-07-09T11:47:24.950+0000] {processor.py:186} INFO - Started process (PID=3041) to work on /opt/airflow/dags/dag_extract_catalogs.py
[2026-07-09T11:47:24.950+0000] {processor.py:914} INFO - Processing file /opt/airflow/dags/dag_extract_catalogs.py for tasks to queue
[2026-07-09T11:47:24.951+0000] {logging_mixin.py:190} INFO - [2026-07-09T11:47:24.951+0000] {dagbag.py:588} INFO - Filling up the DagBag from /opt/airflow/dags/dag_extract_catalogs.py
[2026-07-09T11:47:24.961+0000] {processor.py:925} INFO - DAG(s) 'dag_extract_catalogs' retrieved from /opt/airflow/dags/dag_extract_catalogs.py
[2026-07-09T11:47:24.972+0000] {logging_mixin.py:190} INFO - [2026-07-09T11:47:24.972+0000] {dag.py:3239} INFO - Sync 1 DAGs
[2026-07-09T11:47:24.980+0000] {logging_mixin.py:190} INFO - [2026-07-09T11:47:24.979+0000] {dag.py:4180} INFO - Setting next_dagrun for dag_extract_catalogs to 2026-07-08 01:00:00+00:00, run_after=2026-07-09 01:00:00+00:00
[2026-07-09T11:47:24.985+0000] {processor.py:208} INFO - Processing /opt/airflow/dags/dag_extract_catalogs.py took 0.038 seconds
[2026-07-09T11:47:55.397+0000] {processor.py:186} INFO - Started process (PID=3061) to work on /opt/airflow/dags/dag_extract_catalogs.py
[2026-07-09T11:47:55.398+0000] {processor.py:914} INFO - Processing file /opt/airflow/dags/dag_extract_catalogs.py for tasks to queue
[2026-07-09T11:47:55.399+0000] {logging_mixin.py:190} INFO - [2026-07-09T11:47:55.399+0000] {dagbag.py:588} INFO - Filling up the DagBag from /opt/airflow/dags/dag_extract_catalogs.py
[2026-07-09T11:47:55.407+0000] {processor.py:925} INFO - DAG(s) 'dag_extract_catalogs' retrieved from /opt/airflow/dags/dag_extract_catalogs.py
[2026-07-09T11:47:55.420+0000] {logging_mixin.py:190} INFO - [2026-07-09T11:47:55.420+0000] {dag.py:3239} INFO - Sync 1 DAGs
[2026-07-09T11:47:55.428+0000] {logging_mixin.py:190} INFO - [2026-07-09T11:47:55.428+0000] {dag.py:4180} INFO - Setting next_dagrun for dag_extract_catalogs to 2026-07-08 01:00:00+00:00, run_after=2026-07-09 01:00:00+00:00
[2026-07-09T11:47:55.433+0000] {processor.py:208} INFO - Processing /opt/airflow/dags/dag_extract_catalogs.py took 0.039 seconds
[2026-07-09T11:48:25.859+0000] {processor.py:186} INFO - Started process (PID=3081) to work on /opt/airflow/dags/dag_extract_catalogs.py
[2026-07-09T11:48:25.860+0000] {processor.py:914} INFO - Processing file /opt/airflow/dags/dag_extract_catalogs.py for tasks to queue
[2026-07-09T11:48:25.860+0000] {logging_mixin.py:190} INFO - [2026-07-09T11:48:25.860+0000] {dagbag.py:588} INFO - Filling up the DagBag from /opt/airflow/dags/dag_extract_catalogs.py
[2026-07-09T11:48:25.866+0000] {processor.py:925} INFO - DAG(s) 'dag_extract_catalogs' retrieved from /opt/airflow/dags/dag_extract_catalogs.py
[2026-07-09T11:48:25.880+0000] {logging_mixin.py:190} INFO - [2026-07-09T11:48:25.880+0000] {dag.py:3239} INFO - Sync 1 DAGs
[2026-07-09T11:48:25.890+0000] {logging_mixin.py:190} INFO - [2026-07-09T11:48:25.890+0000] {dag.py:4180} INFO - Setting next_dagrun for dag_extract_catalogs to 2026-07-08 01:00:00+00:00, run_after=2026-07-09 01:00:00+00:00
[2026-07-09T11:48:25.895+0000] {processor.py:208} INFO - Processing /opt/airflow/dags/dag_extract_catalogs.py took 0.039 seconds
[2026-07-09T11:48:56.373+0000] {processor.py:186} INFO - Started process (PID=3103) to work on /opt/airflow/dags/dag_extract_catalogs.py
[2026-07-09T11:48:56.373+0000] {processor.py:914} INFO - Processing file /opt/airflow/dags/dag_extract_catalogs.py for tasks to queue
[2026-07-09T11:48:56.374+0000] {logging_mixin.py:190} INFO - [2026-07-09T11:48:56.374+0000] {dagbag.py:588} INFO - Filling up the DagBag from /opt/airflow/dags/dag_extract_catalogs.py
[2026-07-09T11:48:56.379+0000] {processor.py:925} INFO - DAG(s) 'dag_extract_catalogs' retrieved from /opt/airflow/dags/dag_extract_catalogs.py
[2026-07-09T11:48:56.389+0000] {logging_mixin.py:190} INFO - [2026-07-09T11:48:56.389+0000] {dag.py:3239} INFO - Sync 1 DAGs
[2026-07-09T11:48:56.396+0000] {logging_mixin.py:190} INFO - [2026-07-09T11:48:56.396+0000] {dag.py:4180} INFO - Setting next_dagrun for dag_extract_catalogs to 2026-07-08 01:00:00+00:00, run_after=2026-07-09 01:00:00+00:00
[2026-07-09T11:48:56.400+0000] {processor.py:208} INFO - Processing /opt/airflow/dags/dag_extract_catalogs.py took 0.030 seconds
[2026-07-09T11:49:26.847+0000] {processor.py:186} INFO - Started process (PID=3123) to work on /opt/airflow/dags/dag_extract_catalogs.py
[2026-07-09T11:49:26.847+0000] {processor.py:914} INFO - Processing file /opt/airflow/dags/dag_extract_catalogs.py for tasks to queue
[2026-07-09T11:49:26.848+0000] {logging_mixin.py:190} INFO - [2026-07-09T11:49:26.848+0000] {dagbag.py:588} INFO - Filling up the DagBag from /opt/airflow/dags/dag_extract_catalogs.py
[2026-07-09T11:49:26.853+0000] {processor.py:925} INFO - DAG(s) 'dag_extract_catalogs' retrieved from /opt/airflow/dags/dag_extract_catalogs.py
[2026-07-09T11:49:26.863+0000] {logging_mixin.py:190} INFO - [2026-07-09T11:49:26.863+0000] {dag.py:3239} INFO - Sync 1 DAGs
[2026-07-09T11:49:26.870+0000] {logging_mixin.py:190} INFO - [2026-07-09T11:49:26.870+0000] {dag.py:4180} INFO - Setting next_dagrun for dag_extract_catalogs to 2026-07-08 01:00:00+00:00, run_after=2026-07-09 01:00:00+00:00
[2026-07-09T11:49:26.875+0000] {processor.py:208} INFO - Processing /opt/airflow/dags/dag_extract_catalogs.py took 0.031 seconds
[2026-07-09T11:49:57.292+0000] {processor.py:186} INFO - Started process (PID=3143) to work on /opt/airflow/dags/dag_extract_catalogs.py
[2026-07-09T11:49:57.292+0000] {processor.py:914} INFO - Processing file /opt/airflow/dags/dag_extract_catalogs.py for tasks to queue
[2026-07-09T11:49:57.293+0000] {logging_mixin.py:190} INFO - [2026-07-09T11:49:57.293+0000] {dagbag.py:588} INFO - Filling up the DagBag from /opt/airflow/dags/dag_extract_catalogs.py
[2026-07-09T11:49:57.300+0000] {processor.py:925} INFO - DAG(s) 'dag_extract_catalogs' retrieved from /opt/airflow/dags/dag_extract_catalogs.py
[2026-07-09T11:49:57.313+0000] {logging_mixin.py:190} INFO - [2026-07-09T11:49:57.313+0000] {dag.py:3239} INFO - Sync 1 DAGs
[2026-07-09T11:49:57.322+0000] {logging_mixin.py:190} INFO - [2026-07-09T11:49:57.322+0000] {dag.py:4180} INFO - Setting next_dagrun for dag_extract_catalogs to 2026-07-08 01:00:00+00:00, run_after=2026-07-09 01:00:00+00:00
[2026-07-09T11:49:57.327+0000] {processor.py:208} INFO - Processing /opt/airflow/dags/dag_extract_catalogs.py took 0.039 seconds
[2026-07-09T11:50:27.713+0000] {processor.py:186} INFO - Started process (PID=3163) to work on /opt/airflow/dags/dag_extract_catalogs.py
[2026-07-09T11:50:27.713+0000] {processor.py:914} INFO - Processing file /opt/airflow/dags/dag_extract_catalogs.py for tasks to queue
[2026-07-09T11:50:27.714+0000] {logging_mixin.py:190} INFO - [2026-07-09T11:50:27.714+0000] {dagbag.py:588} INFO - Filling up the DagBag from /opt/airflow/dags/dag_extract_catalogs.py
[2026-07-09T11:50:27.718+0000] {processor.py:925} INFO - DAG(s) 'dag_extract_catalogs' retrieved from /opt/airflow/dags/dag_extract_catalogs.py
[2026-07-09T11:50:27.728+0000] {logging_mixin.py:190} INFO - [2026-07-09T11:50:27.728+0000] {dag.py:3239} INFO - Sync 1 DAGs
[2026-07-09T11:50:27.735+0000] {logging_mixin.py:190} INFO - [2026-07-09T11:50:27.735+0000] {dag.py:4180} INFO - Setting next_dagrun for dag_extract_catalogs to 2026-07-08 01:00:00+00:00, run_after=2026-07-09 01:00:00+00:00
[2026-07-09T11:50:27.740+0000] {processor.py:208} INFO - Processing /opt/airflow/dags/dag_extract_catalogs.py took 0.030 seconds
[2026-07-09T11:50:58.205+0000] {processor.py:186} INFO - Started process (PID=3183) to work on /opt/airflow/dags/dag_extract_catalogs.py
[2026-07-09T11:50:58.206+0000] {processor.py:914} INFO - Processing file /opt/airflow/dags/dag_extract_catalogs.py for tasks to queue
[2026-07-09T11:50:58.206+0000] {logging_mixin.py:190} INFO - [2026-07-09T11:50:58.206+0000] {dagbag.py:588} INFO - Filling up the DagBag from /opt/airflow/dags/dag_extract_catalogs.py
[2026-07-09T11:50:58.212+0000] {processor.py:925} INFO - DAG(s) 'dag_extract_catalogs' retrieved from /opt/airflow/dags/dag_extract_catalogs.py
[2026-07-09T11:50:58.223+0000] {logging_mixin.py:190} INFO - [2026-07-09T11:50:58.223+0000] {dag.py:3239} INFO - Sync 1 DAGs
[2026-07-09T11:50:58.230+0000] {logging_mixin.py:190} INFO - [2026-07-09T11:50:58.230+0000] {dag.py:4180} INFO - Setting next_dagrun for dag_extract_catalogs to 2026-07-08 01:00:00+00:00, run_after=2026-07-09 01:00:00+00:00
[2026-07-09T11:50:58.235+0000] {processor.py:208} INFO - Processing /opt/airflow/dags/dag_extract_catalogs.py took 0.032 seconds
[2026-07-09T11:51:28.647+0000] {processor.py:186} INFO - Started process (PID=3203) to work on /opt/airflow/dags/dag_extract_catalogs.py
[2026-07-09T11:51:28.647+0000] {processor.py:914} INFO - Processing file /opt/airflow/dags/dag_extract_catalogs.py for tasks to queue
[2026-07-09T11:51:28.648+0000] {logging_mixin.py:190} INFO - [2026-07-09T11:51:28.648+0000] {dagbag.py:588} INFO - Filling up the DagBag from /opt/airflow/dags/dag_extract_catalogs.py
[2026-07-09T11:51:28.653+0000] {processor.py:925} INFO - DAG(s) 'dag_extract_catalogs' retrieved from /opt/airflow/dags/dag_extract_catalogs.py
[2026-07-09T11:51:28.664+0000] {logging_mixin.py:190} INFO - [2026-07-09T11:51:28.664+0000] {dag.py:3239} INFO - Sync 1 DAGs
[2026-07-09T11:51:28.671+0000] {logging_mixin.py:190} INFO - [2026-07-09T11:51:28.671+0000] {dag.py:4180} INFO - Setting next_dagrun for dag_extract_catalogs to 2026-07-08 01:00:00+00:00, run_after=2026-07-09 01:00:00+00:00
[2026-07-09T11:51:28.676+0000] {processor.py:208} INFO - Processing /opt/airflow/dags/dag_extract_catalogs.py took 0.032 seconds
[2026-07-09T11:51:59.066+0000] {processor.py:186} INFO - Started process (PID=3221) to work on /opt/airflow/dags/dag_extract_catalogs.py
[2026-07-09T11:51:59.068+0000] {processor.py:914} INFO - Processing file /opt/airflow/dags/dag_extract_catalogs.py for tasks to queue
[2026-07-09T11:51:59.070+0000] {logging_mixin.py:190} INFO - [2026-07-09T11:51:59.070+0000] {dagbag.py:588} INFO - Filling up the DagBag from /opt/airflow/dags/dag_extract_catalogs.py
[2026-07-09T11:51:59.079+0000] {processor.py:925} INFO - DAG(s) 'dag_extract_catalogs' retrieved from /opt/airflow/dags/dag_extract_catalogs.py
[2026-07-09T11:51:59.094+0000] {logging_mixin.py:190} INFO - [2026-07-09T11:51:59.094+0000] {dag.py:3239} INFO - Sync 1 DAGs
[2026-07-09T11:51:59.102+0000] {logging_mixin.py:190} INFO - [2026-07-09T11:51:59.102+0000] {dag.py:4180} INFO - Setting next_dagrun for dag_extract_catalogs to 2026-07-08 01:00:00+00:00, run_after=2026-07-09 01:00:00+00:00
[2026-07-09T11:51:59.107+0000] {processor.py:208} INFO - Processing /opt/airflow/dags/dag_extract_catalogs.py took 0.044 seconds
[2026-07-09T11:52:29.567+0000] {processor.py:186} INFO - Started process (PID=3243) to work on /opt/airflow/dags/dag_extract_catalogs.py
[2026-07-09T11:52:29.568+0000] {processor.py:914} INFO - Processing file /opt/airflow/dags/dag_extract_catalogs.py for tasks to queue
[2026-07-09T11:52:29.569+0000] {logging_mixin.py:190} INFO - [2026-07-09T11:52:29.569+0000] {dagbag.py:588} INFO - Filling up the DagBag from /opt/airflow/dags/dag_extract_catalogs.py
[2026-07-09T11:52:29.574+0000] {processor.py:925} INFO - DAG(s) 'dag_extract_catalogs' retrieved from /opt/airflow/dags/dag_extract_catalogs.py
[2026-07-09T11:52:29.584+0000] {logging_mixin.py:190} INFO - [2026-07-09T11:52:29.584+0000] {dag.py:3239} INFO - Sync 1 DAGs
[2026-07-09T11:52:29.591+0000] {logging_mixin.py:190} INFO - [2026-07-09T11:52:29.590+0000] {dag.py:4180} INFO - Setting next_dagrun for dag_extract_catalogs to 2026-07-08 01:00:00+00:00, run_after=2026-07-09 01:00:00+00:00
[2026-07-09T11:52:29.595+0000] {processor.py:208} INFO - Processing /opt/airflow/dags/dag_extract_catalogs.py took 0.031 seconds
[2026-07-09T11:53:00.126+0000] {processor.py:186} INFO - Started process (PID=3263) to work on /opt/airflow/dags/dag_extract_catalogs.py
[2026-07-09T11:53:00.127+0000] {processor.py:914} INFO - Processing file /opt/airflow/dags/dag_extract_catalogs.py for tasks to queue
[2026-07-09T11:53:00.128+0000] {logging_mixin.py:190} INFO - [2026-07-09T11:53:00.128+0000] {dagbag.py:588} INFO - Filling up the DagBag from /opt/airflow/dags/dag_extract_catalogs.py
[2026-07-09T11:53:00.133+0000] {processor.py:925} INFO - DAG(s) 'dag_extract_catalogs' retrieved from /opt/airflow/dags/dag_extract_catalogs.py
[2026-07-09T11:53:00.144+0000] {logging_mixin.py:190} INFO - [2026-07-09T11:53:00.144+0000] {dag.py:3239} INFO - Sync 1 DAGs
[2026-07-09T11:53:00.152+0000] {logging_mixin.py:190} INFO - [2026-07-09T11:53:00.152+0000] {dag.py:4180} INFO - Setting next_dagrun for dag_extract_catalogs to 2026-07-08 01:00:00+00:00, run_after=2026-07-09 01:00:00+00:00
[2026-07-09T11:53:00.157+0000] {processor.py:208} INFO - Processing /opt/airflow/dags/dag_extract_catalogs.py took 0.033 seconds
[2026-07-09T11:53:30.564+0000] {processor.py:186} INFO - Started process (PID=3281) to work on /opt/airflow/dags/dag_extract_catalogs.py
[2026-07-09T11:53:30.565+0000] {processor.py:914} INFO - Processing file /opt/airflow/dags/dag_extract_catalogs.py for tasks to queue
[2026-07-09T11:53:30.567+0000] {logging_mixin.py:190} INFO - [2026-07-09T11:53:30.567+0000] {dagbag.py:588} INFO - Filling up the DagBag from /opt/airflow/dags/dag_extract_catalogs.py
[2026-07-09T11:53:30.576+0000] {processor.py:925} INFO - DAG(s) 'dag_extract_catalogs' retrieved from /opt/airflow/dags/dag_extract_catalogs.py
[2026-07-09T11:53:30.592+0000] {logging_mixin.py:190} INFO - [2026-07-09T11:53:30.592+0000] {dag.py:3239} INFO - Sync 1 DAGs
[2026-07-09T11:53:30.611+0000] {logging_mixin.py:190} INFO - [2026-07-09T11:53:30.611+0000] {dag.py:4180} INFO - Setting next_dagrun for dag_extract_catalogs to 2026-07-08 01:00:00+00:00, run_after=2026-07-09 01:00:00+00:00
[2026-07-09T11:53:30.623+0000] {processor.py:208} INFO - Processing /opt/airflow/dags/dag_extract_catalogs.py took 0.062 seconds
[2026-07-09T11:54:01.093+0000] {processor.py:186} INFO - Started process (PID=3303) to work on /opt/airflow/dags/dag_extract_catalogs.py
[2026-07-09T11:54:01.093+0000] {processor.py:914} INFO - Processing file /opt/airflow/dags/dag_extract_catalogs.py for tasks to queue
[2026-07-09T11:54:01.094+0000] {logging_mixin.py:190} INFO - [2026-07-09T11:54:01.094+0000] {dagbag.py:588} INFO - Filling up the DagBag from /opt/airflow/dags/dag_extract_catalogs.py
[2026-07-09T11:54:01.099+0000] {processor.py:925} INFO - DAG(s) 'dag_extract_catalogs' retrieved from /opt/airflow/dags/dag_extract_catalogs.py
[2026-07-09T11:54:01.110+0000] {logging_mixin.py:190} INFO - [2026-07-09T11:54:01.110+0000] {dag.py:3239} INFO - Sync 1 DAGs
[2026-07-09T11:54:01.117+0000] {logging_mixin.py:190} INFO - [2026-07-09T11:54:01.117+0000] {dag.py:4180} INFO - Setting next_dagrun for dag_extract_catalogs to 2026-07-08 01:00:00+00:00, run_after=2026-07-09 01:00:00+00:00
[2026-07-09T11:54:01.122+0000] {processor.py:208} INFO - Processing /opt/airflow/dags/dag_extract_catalogs.py took 0.031 seconds
[2026-07-09T11:54:31.464+0000] {processor.py:186} INFO - Started process (PID=3321) to work on /opt/airflow/dags/dag_extract_catalogs.py
[2026-07-09T11:54:31.466+0000] {processor.py:914} INFO - Processing file /opt/airflow/dags/dag_extract_catalogs.py for tasks to queue
[2026-07-09T11:54:31.467+0000] {logging_mixin.py:190} INFO - [2026-07-09T11:54:31.467+0000] {dagbag.py:588} INFO - Filling up the DagBag from /opt/airflow/dags/dag_extract_catalogs.py
[2026-07-09T11:54:31.474+0000] {processor.py:925} INFO - DAG(s) 'dag_extract_catalogs' retrieved from /opt/airflow/dags/dag_extract_catalogs.py
[2026-07-09T11:54:31.487+0000] {logging_mixin.py:190} INFO - [2026-07-09T11:54:31.487+0000] {dag.py:3239} INFO - Sync 1 DAGs
[2026-07-09T11:54:31.495+0000] {logging_mixin.py:190} INFO - [2026-07-09T11:54:31.495+0000] {dag.py:4180} INFO - Setting next_dagrun for dag_extract_catalogs to 2026-07-08 01:00:00+00:00, run_after=2026-07-09 01:00:00+00:00
[2026-07-09T11:54:31.500+0000] {processor.py:208} INFO - Processing /opt/airflow/dags/dag_extract_catalogs.py took 0.039 seconds
[2026-07-09T11:55:01.926+0000] {processor.py:186} INFO - Started process (PID=3341) to work on /opt/airflow/dags/dag_extract_catalogs.py
[2026-07-09T11:55:01.927+0000] {processor.py:914} INFO - Processing file /opt/airflow/dags/dag_extract_catalogs.py for tasks to queue
[2026-07-09T11:55:01.928+0000] {logging_mixin.py:190} INFO - [2026-07-09T11:55:01.928+0000] {dagbag.py:588} INFO - Filling up the DagBag from /opt/airflow/dags/dag_extract_catalogs.py
[2026-07-09T11:55:01.935+0000] {processor.py:925} INFO - DAG(s) 'dag_extract_catalogs' retrieved from /opt/airflow/dags/dag_extract_catalogs.py
[2026-07-09T11:55:01.950+0000] {logging_mixin.py:190} INFO - [2026-07-09T11:55:01.950+0000] {dag.py:3239} INFO - Sync 1 DAGs
[2026-07-09T11:55:01.958+0000] {logging_mixin.py:190} INFO - [2026-07-09T11:55:01.958+0000] {dag.py:4180} INFO - Setting next_dagrun for dag_extract_catalogs to 2026-07-08 01:00:00+00:00, run_after=2026-07-09 01:00:00+00:00
[2026-07-09T11:55:01.963+0000] {processor.py:208} INFO - Processing /opt/airflow/dags/dag_extract_catalogs.py took 0.039 seconds
[2026-07-09T11:55:32.450+0000] {processor.py:186} INFO - Started process (PID=3363) to work on /opt/airflow/dags/dag_extract_catalogs.py
[2026-07-09T11:55:32.451+0000] {processor.py:914} INFO - Processing file /opt/airflow/dags/dag_extract_catalogs.py for tasks to queue
[2026-07-09T11:55:32.451+0000] {logging_mixin.py:190} INFO - [2026-07-09T11:55:32.451+0000] {dagbag.py:588} INFO - Filling up the DagBag from /opt/airflow/dags/dag_extract_catalogs.py
[2026-07-09T11:55:32.456+0000] {processor.py:925} INFO - DAG(s) 'dag_extract_catalogs' retrieved from /opt/airflow/dags/dag_extract_catalogs.py
[2026-07-09T11:55:32.467+0000] {logging_mixin.py:190} INFO - [2026-07-09T11:55:32.467+0000] {dag.py:3239} INFO - Sync 1 DAGs
[2026-07-09T11:55:32.474+0000] {logging_mixin.py:190} INFO - [2026-07-09T11:55:32.474+0000] {dag.py:4180} INFO - Setting next_dagrun for dag_extract_catalogs to 2026-07-08 01:00:00+00:00, run_after=2026-07-09 01:00:00+00:00
[2026-07-09T11:55:32.479+0000] {processor.py:208} INFO - Processing /opt/airflow/dags/dag_extract_catalogs.py took 0.031 seconds
[2026-07-09T11:56:02.910+0000] {processor.py:186} INFO - Started process (PID=3381) to work on /opt/airflow/dags/dag_extract_catalogs.py
[2026-07-09T11:56:02.910+0000] {processor.py:914} INFO - Processing file /opt/airflow/dags/dag_extract_catalogs.py for tasks to queue
[2026-07-09T11:56:02.911+0000] {logging_mixin.py:190} INFO - [2026-07-09T11:56:02.911+0000] {dagbag.py:588} INFO - Filling up the DagBag from /opt/airflow/dags/dag_extract_catalogs.py
[2026-07-09T11:56:02.918+0000] {processor.py:925} INFO - DAG(s) 'dag_extract_catalogs' retrieved from /opt/airflow/dags/dag_extract_catalogs.py
[2026-07-09T11:56:02.935+0000] {logging_mixin.py:190} INFO - [2026-07-09T11:56:02.935+0000] {dag.py:3239} INFO - Sync 1 DAGs
[2026-07-09T11:56:02.944+0000] {logging_mixin.py:190} INFO - [2026-07-09T11:56:02.944+0000] {dag.py:4180} INFO - Setting next_dagrun for dag_extract_catalogs to 2026-07-08 01:00:00+00:00, run_after=2026-07-09 01:00:00+00:00
[2026-07-09T11:56:02.948+0000] {processor.py:208} INFO - Processing /opt/airflow/dags/dag_extract_catalogs.py took 0.042 seconds
[2026-07-09T11:56:33.422+0000] {processor.py:186} INFO - Started process (PID=3403) to work on /opt/airflow/dags/dag_extract_catalogs.py
[2026-07-09T11:56:33.422+0000] {processor.py:914} INFO - Processing file /opt/airflow/dags/dag_extract_catalogs.py for tasks to queue
[2026-07-09T11:56:33.423+0000] {logging_mixin.py:190} INFO - [2026-07-09T11:56:33.423+0000] {dagbag.py:588} INFO - Filling up the DagBag from /opt/airflow/dags/dag_extract_catalogs.py
[2026-07-09T11:56:33.428+0000] {processor.py:925} INFO - DAG(s) 'dag_extract_catalogs' retrieved from /opt/airflow/dags/dag_extract_catalogs.py
[2026-07-09T11:56:33.438+0000] {logging_mixin.py:190} INFO - [2026-07-09T11:56:33.438+0000] {dag.py:3239} INFO - Sync 1 DAGs
[2026-07-09T11:56:33.445+0000] {logging_mixin.py:190} INFO - [2026-07-09T11:56:33.445+0000] {dag.py:4180} INFO - Setting next_dagrun for dag_extract_catalogs to 2026-07-08 01:00:00+00:00, run_after=2026-07-09 01:00:00+00:00
[2026-07-09T11:56:33.449+0000] {processor.py:208} INFO - Processing /opt/airflow/dags/dag_extract_catalogs.py took 0.030 seconds
[2026-07-09T11:57:03.789+0000] {processor.py:186} INFO - Started process (PID=3421) to work on /opt/airflow/dags/dag_extract_catalogs.py
[2026-07-09T11:57:03.789+0000] {processor.py:914} INFO - Processing file /opt/airflow/dags/dag_extract_catalogs.py for tasks to queue
[2026-07-09T11:57:03.791+0000] {logging_mixin.py:190} INFO - [2026-07-09T11:57:03.791+0000] {dagbag.py:588} INFO - Filling up the DagBag from /opt/airflow/dags/dag_extract_catalogs.py
[2026-07-09T11:57:03.797+0000] {processor.py:925} INFO - DAG(s) 'dag_extract_catalogs' retrieved from /opt/airflow/dags/dag_extract_catalogs.py
[2026-07-09T11:57:03.813+0000] {logging_mixin.py:190} INFO - [2026-07-09T11:57:03.813+0000] {dag.py:3239} INFO - Sync 1 DAGs
[2026-07-09T11:57:03.823+0000] {logging_mixin.py:190} INFO - [2026-07-09T11:57:03.823+0000] {dag.py:4180} INFO - Setting next_dagrun for dag_extract_catalogs to 2026-07-08 01:00:00+00:00, run_after=2026-07-09 01:00:00+00:00
[2026-07-09T11:57:03.829+0000] {processor.py:208} INFO - Processing /opt/airflow/dags/dag_extract_catalogs.py took 0.043 seconds
[2026-07-09T11:57:34.255+0000] {processor.py:186} INFO - Started process (PID=3443) to work on /opt/airflow/dags/dag_extract_catalogs.py
[2026-07-09T11:57:34.256+0000] {processor.py:914} INFO - Processing file /opt/airflow/dags/dag_extract_catalogs.py for tasks to queue
[2026-07-09T11:57:34.256+0000] {logging_mixin.py:190} INFO - [2026-07-09T11:57:34.256+0000] {dagbag.py:588} INFO - Filling up the DagBag from /opt/airflow/dags/dag_extract_catalogs.py
[2026-07-09T11:57:34.261+0000] {processor.py:925} INFO - DAG(s) 'dag_extract_catalogs' retrieved from /opt/airflow/dags/dag_extract_catalogs.py
[2026-07-09T11:57:34.271+0000] {logging_mixin.py:190} INFO - [2026-07-09T11:57:34.271+0000] {dag.py:3239} INFO - Sync 1 DAGs
[2026-07-09T11:57:34.279+0000] {logging_mixin.py:190} INFO - [2026-07-09T11:57:34.279+0000] {dag.py:4180} INFO - Setting next_dagrun for dag_extract_catalogs to 2026-07-08 01:00:00+00:00, run_after=2026-07-09 01:00:00+00:00
[2026-07-09T11:57:34.283+0000] {processor.py:208} INFO - Processing /opt/airflow/dags/dag_extract_catalogs.py took 0.031 seconds
[2026-07-09T11:58:04.668+0000] {processor.py:186} INFO - Started process (PID=3461) to work on /opt/airflow/dags/dag_extract_catalogs.py
[2026-07-09T11:58:04.668+0000] {processor.py:914} INFO - Processing file /opt/airflow/dags/dag_extract_catalogs.py for tasks to queue
[2026-07-09T11:58:04.669+0000] {logging_mixin.py:190} INFO - [2026-07-09T11:58:04.669+0000] {dagbag.py:588} INFO - Filling up the DagBag from /opt/airflow/dags/dag_extract_catalogs.py
[2026-07-09T11:58:04.678+0000] {processor.py:925} INFO - DAG(s) 'dag_extract_catalogs' retrieved from /opt/airflow/dags/dag_extract_catalogs.py
[2026-07-09T11:58:04.689+0000] {logging_mixin.py:190} INFO - [2026-07-09T11:58:04.689+0000] {dag.py:3239} INFO - Sync 1 DAGs
[2026-07-09T11:58:04.696+0000] {logging_mixin.py:190} INFO - [2026-07-09T11:58:04.696+0000] {dag.py:4180} INFO - Setting next_dagrun for dag_extract_catalogs to 2026-07-08 01:00:00+00:00, run_after=2026-07-09 01:00:00+00:00
[2026-07-09T11:58:04.703+0000] {processor.py:208} INFO - Processing /opt/airflow/dags/dag_extract_catalogs.py took 0.038 seconds
[2026-07-09T11:58:35.126+0000] {processor.py:186} INFO - Started process (PID=3483) to work on /opt/airflow/dags/dag_extract_catalogs.py
[2026-07-09T11:58:35.127+0000] {processor.py:914} INFO - Processing file /opt/airflow/dags/dag_extract_catalogs.py for tasks to queue
[2026-07-09T11:58:35.127+0000] {logging_mixin.py:190} INFO - [2026-07-09T11:58:35.127+0000] {dagbag.py:588} INFO - Filling up the DagBag from /opt/airflow/dags/dag_extract_catalogs.py
[2026-07-09T11:58:35.132+0000] {processor.py:925} INFO - DAG(s) 'dag_extract_catalogs' retrieved from /opt/airflow/dags/dag_extract_catalogs.py
[2026-07-09T11:58:35.142+0000] {logging_mixin.py:190} INFO - [2026-07-09T11:58:35.142+0000] {dag.py:3239} INFO - Sync 1 DAGs
[2026-07-09T11:58:35.151+0000] {logging_mixin.py:190} INFO - [2026-07-09T11:58:35.151+0000] {dag.py:4180} INFO - Setting next_dagrun for dag_extract_catalogs to 2026-07-08 01:00:00+00:00, run_after=2026-07-09 01:00:00+00:00
[2026-07-09T11:58:35.155+0000] {processor.py:208} INFO - Processing /opt/airflow/dags/dag_extract_catalogs.py took 0.032 seconds
[2026-07-09T11:59:05.632+0000] {processor.py:186} INFO - Started process (PID=3503) to work on /opt/airflow/dags/dag_extract_catalogs.py
[2026-07-09T11:59:05.633+0000] {processor.py:914} INFO - Processing file /opt/airflow/dags/dag_extract_catalogs.py for tasks to queue
[2026-07-09T11:59:05.634+0000] {logging_mixin.py:190} INFO - [2026-07-09T11:59:05.633+0000] {dagbag.py:588} INFO - Filling up the DagBag from /opt/airflow/dags/dag_extract_catalogs.py
[2026-07-09T11:59:05.639+0000] {processor.py:925} INFO - DAG(s) 'dag_extract_catalogs' retrieved from /opt/airflow/dags/dag_extract_catalogs.py
[2026-07-09T11:59:05.649+0000] {logging_mixin.py:190} INFO - [2026-07-09T11:59:05.649+0000] {dag.py:3239} INFO - Sync 1 DAGs
[2026-07-09T11:59:05.657+0000] {logging_mixin.py:190} INFO - [2026-07-09T11:59:05.657+0000] {dag.py:4180} INFO - Setting next_dagrun for dag_extract_catalogs to 2026-07-08 01:00:00+00:00, run_after=2026-07-09 01:00:00+00:00
[2026-07-09T11:59:05.662+0000] {processor.py:208} INFO - Processing /opt/airflow/dags/dag_extract_catalogs.py took 0.032 seconds
[2026-07-09T11:59:36.075+0000] {processor.py:186} INFO - Started process (PID=3523) to work on /opt/airflow/dags/dag_extract_catalogs.py
[2026-07-09T11:59:36.076+0000] {processor.py:914} INFO - Processing file /opt/airflow/dags/dag_extract_catalogs.py for tasks to queue
[2026-07-09T11:59:36.076+0000] {logging_mixin.py:190} INFO - [2026-07-09T11:59:36.076+0000] {dagbag.py:588} INFO - Filling up the DagBag from /opt/airflow/dags/dag_extract_catalogs.py
[2026-07-09T11:59:36.081+0000] {processor.py:925} INFO - DAG(s) 'dag_extract_catalogs' retrieved from /opt/airflow/dags/dag_extract_catalogs.py
[2026-07-09T11:59:36.091+0000] {logging_mixin.py:190} INFO - [2026-07-09T11:59:36.091+0000] {dag.py:3239} INFO - Sync 1 DAGs
[2026-07-09T11:59:36.098+0000] {logging_mixin.py:190} INFO - [2026-07-09T11:59:36.098+0000] {dag.py:4180} INFO - Setting next_dagrun for dag_extract_catalogs to 2026-07-08 01:00:00+00:00, run_after=2026-07-09 01:00:00+00:00
[2026-07-09T11:59:36.103+0000] {processor.py:208} INFO - Processing /opt/airflow/dags/dag_extract_catalogs.py took 0.030 seconds
[2026-07-09T12:00:06.550+0000] {processor.py:186} INFO - Started process (PID=3541) to work on /opt/airflow/dags/dag_extract_catalogs.py
[2026-07-09T12:00:06.551+0000] {processor.py:914} INFO - Processing file /opt/airflow/dags/dag_extract_catalogs.py for tasks to queue
[2026-07-09T12:00:06.552+0000] {logging_mixin.py:190} INFO - [2026-07-09T12:00:06.552+0000] {dagbag.py:588} INFO - Filling up the DagBag from /opt/airflow/dags/dag_extract_catalogs.py
[2026-07-09T12:00:06.558+0000] {processor.py:925} INFO - DAG(s) 'dag_extract_catalogs' retrieved from /opt/airflow/dags/dag_extract_catalogs.py
[2026-07-09T12:00:06.575+0000] {logging_mixin.py:190} INFO - [2026-07-09T12:00:06.575+0000] {dag.py:3239} INFO - Sync 1 DAGs
[2026-07-09T12:00:06.583+0000] {logging_mixin.py:190} INFO - [2026-07-09T12:00:06.583+0000] {dag.py:4180} INFO - Setting next_dagrun for dag_extract_catalogs to 2026-07-08 01:00:00+00:00, run_after=2026-07-09 01:00:00+00:00
[2026-07-09T12:00:06.588+0000] {processor.py:208} INFO - Processing /opt/airflow/dags/dag_extract_catalogs.py took 0.041 seconds
[2026-07-09T12:00:37.093+0000] {processor.py:186} INFO - Started process (PID=3563) to work on /opt/airflow/dags/dag_extract_catalogs.py
[2026-07-09T12:00:37.093+0000] {processor.py:914} INFO - Processing file /opt/airflow/dags/dag_extract_catalogs.py for tasks to queue
[2026-07-09T12:00:37.094+0000] {logging_mixin.py:190} INFO - [2026-07-09T12:00:37.094+0000] {dagbag.py:588} INFO - Filling up the DagBag from /opt/airflow/dags/dag_extract_catalogs.py
[2026-07-09T12:00:37.098+0000] {processor.py:925} INFO - DAG(s) 'dag_extract_catalogs' retrieved from /opt/airflow/dags/dag_extract_catalogs.py
[2026-07-09T12:00:37.108+0000] {logging_mixin.py:190} INFO - [2026-07-09T12:00:37.108+0000] {dag.py:3239} INFO - Sync 1 DAGs
[2026-07-09T12:00:37.115+0000] {logging_mixin.py:190} INFO - [2026-07-09T12:00:37.115+0000] {dag.py:4180} INFO - Setting next_dagrun for dag_extract_catalogs to 2026-07-08 01:00:00+00:00, run_after=2026-07-09 01:00:00+00:00
[2026-07-09T12:00:37.120+0000] {processor.py:208} INFO - Processing /opt/airflow/dags/dag_extract_catalogs.py took 0.030 seconds
[2026-07-09T12:01:07.595+0000] {processor.py:186} INFO - Started process (PID=3583) to work on /opt/airflow/dags/dag_extract_catalogs.py
[2026-07-09T12:01:07.595+0000] {processor.py:914} INFO - Processing file /opt/airflow/dags/dag_extract_catalogs.py for tasks to queue
[2026-07-09T12:01:07.596+0000] {logging_mixin.py:190} INFO - [2026-07-09T12:01:07.596+0000] {dagbag.py:588} INFO - Filling up the DagBag from /opt/airflow/dags/dag_extract_catalogs.py
[2026-07-09T12:01:07.600+0000] {processor.py:925} INFO - DAG(s) 'dag_extract_catalogs' retrieved from /opt/airflow/dags/dag_extract_catalogs.py
[2026-07-09T12:01:07.610+0000] {logging_mixin.py:190} INFO - [2026-07-09T12:01:07.610+0000] {dag.py:3239} INFO - Sync 1 DAGs
[2026-07-09T12:01:07.617+0000] {logging_mixin.py:190} INFO - [2026-07-09T12:01:07.617+0000] {dag.py:4180} INFO - Setting next_dagrun for dag_extract_catalogs to 2026-07-08 01:00:00+00:00, run_after=2026-07-09 01:00:00+00:00
[2026-07-09T12:01:07.622+0000] {processor.py:208} INFO - Processing /opt/airflow/dags/dag_extract_catalogs.py took 0.030 seconds
[2026-07-09T12:01:38.025+0000] {processor.py:186} INFO - Started process (PID=3603) to work on /opt/airflow/dags/dag_extract_catalogs.py
[2026-07-09T12:01:38.025+0000] {processor.py:914} INFO - Processing file /opt/airflow/dags/dag_extract_catalogs.py for tasks to queue
[2026-07-09T12:01:38.026+0000] {logging_mixin.py:190} INFO - [2026-07-09T12:01:38.026+0000] {dagbag.py:588} INFO - Filling up the DagBag from /opt/airflow/dags/dag_extract_catalogs.py
[2026-07-09T12:01:38.031+0000] {processor.py:925} INFO - DAG(s) 'dag_extract_catalogs' retrieved from /opt/airflow/dags/dag_extract_catalogs.py
[2026-07-09T12:01:38.041+0000] {logging_mixin.py:190} INFO - [2026-07-09T12:01:38.041+0000] {dag.py:3239} INFO - Sync 1 DAGs
[2026-07-09T12:01:38.048+0000] {logging_mixin.py:190} INFO - [2026-07-09T12:01:38.048+0000] {dag.py:4180} INFO - Setting next_dagrun for dag_extract_catalogs to 2026-07-08 01:00:00+00:00, run_after=2026-07-09 01:00:00+00:00
[2026-07-09T12:01:38.053+0000] {processor.py:208} INFO - Processing /opt/airflow/dags/dag_extract_catalogs.py took 0.031 seconds
[2026-07-09T12:02:08.404+0000] {processor.py:186} INFO - Started process (PID=3621) to work on /opt/airflow/dags/dag_extract_catalogs.py
[2026-07-09T12:02:08.404+0000] {processor.py:914} INFO - Processing file /opt/airflow/dags/dag_extract_catalogs.py for tasks to queue
[2026-07-09T12:02:08.406+0000] {logging_mixin.py:190} INFO - [2026-07-09T12:02:08.406+0000] {dagbag.py:588} INFO - Filling up the DagBag from /opt/airflow/dags/dag_extract_catalogs.py
[2026-07-09T12:02:08.411+0000] {processor.py:925} INFO - DAG(s) 'dag_extract_catalogs' retrieved from /opt/airflow/dags/dag_extract_catalogs.py
[2026-07-09T12:02:08.429+0000] {logging_mixin.py:190} INFO - [2026-07-09T12:02:08.429+0000] {dag.py:3239} INFO - Sync 1 DAGs
[2026-07-09T12:02:08.441+0000] {logging_mixin.py:190} INFO - [2026-07-09T12:02:08.441+0000] {dag.py:4180} INFO - Setting next_dagrun for dag_extract_catalogs to 2026-07-08 01:00:00+00:00, run_after=2026-07-09 01:00:00+00:00
[2026-07-09T12:02:08.445+0000] {processor.py:208} INFO - Processing /opt/airflow/dags/dag_extract_catalogs.py took 0.044 seconds
[2026-07-09T12:02:38.871+0000] {processor.py:186} INFO - Started process (PID=3643) to work on /opt/airflow/dags/dag_extract_catalogs.py
[2026-07-09T12:02:38.871+0000] {processor.py:914} INFO - Processing file /opt/airflow/dags/dag_extract_catalogs.py for tasks to queue
[2026-07-09T12:02:38.872+0000] {logging_mixin.py:190} INFO - [2026-07-09T12:02:38.872+0000] {dagbag.py:588} INFO - Filling up the DagBag from /opt/airflow/dags/dag_extract_catalogs.py
[2026-07-09T12:02:38.877+0000] {processor.py:925} INFO - DAG(s) 'dag_extract_catalogs' retrieved from /opt/airflow/dags/dag_extract_catalogs.py
[2026-07-09T12:02:38.887+0000] {logging_mixin.py:190} INFO - [2026-07-09T12:02:38.887+0000] {dag.py:3239} INFO - Sync 1 DAGs
[2026-07-09T12:02:38.894+0000] {logging_mixin.py:190} INFO - [2026-07-09T12:02:38.894+0000] {dag.py:4180} INFO - Setting next_dagrun for dag_extract_catalogs to 2026-07-08 01:00:00+00:00, run_after=2026-07-09 01:00:00+00:00
[2026-07-09T12:02:38.899+0000] {processor.py:208} INFO - Processing /opt/airflow/dags/dag_extract_catalogs.py took 0.030 seconds
[2026-07-09T12:03:09.294+0000] {processor.py:186} INFO - Started process (PID=3663) to work on /opt/airflow/dags/dag_extract_catalogs.py
[2026-07-09T12:03:09.295+0000] {processor.py:914} INFO - Processing file /opt/airflow/dags/dag_extract_catalogs.py for tasks to queue
[2026-07-09T12:03:09.295+0000] {logging_mixin.py:190} INFO - [2026-07-09T12:03:09.295+0000] {dagbag.py:588} INFO - Filling up the DagBag from /opt/airflow/dags/dag_extract_catalogs.py
[2026-07-09T12:03:09.300+0000] {processor.py:925} INFO - DAG(s) 'dag_extract_catalogs' retrieved from /opt/airflow/dags/dag_extract_catalogs.py
[2026-07-09T12:03:09.310+0000] {logging_mixin.py:190} INFO - [2026-07-09T12:03:09.310+0000] {dag.py:3239} INFO - Sync 1 DAGs
[2026-07-09T12:03:09.317+0000] {logging_mixin.py:190} INFO - [2026-07-09T12:03:09.317+0000] {dag.py:4180} INFO - Setting next_dagrun for dag_extract_catalogs to 2026-07-08 01:00:00+00:00, run_after=2026-07-09 01:00:00+00:00
[2026-07-09T12:03:09.322+0000] {processor.py:208} INFO - Processing /opt/airflow/dags/dag_extract_catalogs.py took 0.030 seconds
[2026-07-09T12:03:39.766+0000] {processor.py:186} INFO - Started process (PID=3683) to work on /opt/airflow/dags/dag_extract_catalogs.py
[2026-07-09T12:03:39.767+0000] {processor.py:914} INFO - Processing file /opt/airflow/dags/dag_extract_catalogs.py for tasks to queue
[2026-07-09T12:03:39.767+0000] {logging_mixin.py:190} INFO - [2026-07-09T12:03:39.767+0000] {dagbag.py:588} INFO - Filling up the DagBag from /opt/airflow/dags/dag_extract_catalogs.py
[2026-07-09T12:03:39.772+0000] {processor.py:925} INFO - DAG(s) 'dag_extract_catalogs' retrieved from /opt/airflow/dags/dag_extract_catalogs.py
[2026-07-09T12:03:39.782+0000] {logging_mixin.py:190} INFO - [2026-07-09T12:03:39.782+0000] {dag.py:3239} INFO - Sync 1 DAGs
[2026-07-09T12:03:39.790+0000] {logging_mixin.py:190} INFO - [2026-07-09T12:03:39.790+0000] {dag.py:4180} INFO - Setting next_dagrun for dag_extract_catalogs to 2026-07-08 01:00:00+00:00, run_after=2026-07-09 01:00:00+00:00
[2026-07-09T12:03:39.794+0000] {processor.py:208} INFO - Processing /opt/airflow/dags/dag_extract_catalogs.py took 0.030 seconds
[2026-07-09T12:04:10.187+0000] {processor.py:186} INFO - Started process (PID=3701) to work on /opt/airflow/dags/dag_extract_catalogs.py
[2026-07-09T12:04:10.187+0000] {processor.py:914} INFO - Processing file /opt/airflow/dags/dag_extract_catalogs.py for tasks to queue
[2026-07-09T12:04:10.188+0000] {logging_mixin.py:190} INFO - [2026-07-09T12:04:10.188+0000] {dagbag.py:588} INFO - Filling up the DagBag from /opt/airflow/dags/dag_extract_catalogs.py
[2026-07-09T12:04:10.195+0000] {processor.py:925} INFO - DAG(s) 'dag_extract_catalogs' retrieved from /opt/airflow/dags/dag_extract_catalogs.py
[2026-07-09T12:04:10.212+0000] {logging_mixin.py:190} INFO - [2026-07-09T12:04:10.212+0000] {dag.py:3239} INFO - Sync 1 DAGs
[2026-07-09T12:04:10.220+0000] {logging_mixin.py:190} INFO - [2026-07-09T12:04:10.220+0000] {dag.py:4180} INFO - Setting next_dagrun for dag_extract_catalogs to 2026-07-08 01:00:00+00:00, run_after=2026-07-09 01:00:00+00:00
[2026-07-09T12:04:10.225+0000] {processor.py:208} INFO - Processing /opt/airflow/dags/dag_extract_catalogs.py took 0.041 seconds
[2026-07-09T12:04:40.633+0000] {processor.py:186} INFO - Started process (PID=3721) to work on /opt/airflow/dags/dag_extract_catalogs.py
[2026-07-09T12:04:40.633+0000] {processor.py:914} INFO - Processing file /opt/airflow/dags/dag_extract_catalogs.py for tasks to queue
[2026-07-09T12:04:40.634+0000] {logging_mixin.py:190} INFO - [2026-07-09T12:04:40.634+0000] {dagbag.py:588} INFO - Filling up the DagBag from /opt/airflow/dags/dag_extract_catalogs.py
[2026-07-09T12:04:40.640+0000] {processor.py:925} INFO - DAG(s) 'dag_extract_catalogs' retrieved from /opt/airflow/dags/dag_extract_catalogs.py
[2026-07-09T12:04:40.653+0000] {logging_mixin.py:190} INFO - [2026-07-09T12:04:40.653+0000] {dag.py:3239} INFO - Sync 1 DAGs
[2026-07-09T12:04:40.660+0000] {logging_mixin.py:190} INFO - [2026-07-09T12:04:40.660+0000] {dag.py:4180} INFO - Setting next_dagrun for dag_extract_catalogs to 2026-07-08 01:00:00+00:00, run_after=2026-07-09 01:00:00+00:00
[2026-07-09T12:04:40.667+0000] {processor.py:208} INFO - Processing /opt/airflow/dags/dag_extract_catalogs.py took 0.037 seconds
[2026-07-09T12:05:11.138+0000] {processor.py:186} INFO - Started process (PID=3743) to work on /opt/airflow/dags/dag_extract_catalogs.py
[2026-07-09T12:05:11.138+0000] {processor.py:914} INFO - Processing file /opt/airflow/dags/dag_extract_catalogs.py for tasks to queue
[2026-07-09T12:05:11.139+0000] {logging_mixin.py:190} INFO - [2026-07-09T12:05:11.139+0000] {dagbag.py:588} INFO - Filling up the DagBag from /opt/airflow/dags/dag_extract_catalogs.py
[2026-07-09T12:05:11.144+0000] {processor.py:925} INFO - DAG(s) 'dag_extract_catalogs' retrieved from /opt/airflow/dags/dag_extract_catalogs.py
[2026-07-09T12:05:11.153+0000] {logging_mixin.py:190} INFO - [2026-07-09T12:05:11.153+0000] {dag.py:3239} INFO - Sync 1 DAGs
[2026-07-09T12:05:11.160+0000] {logging_mixin.py:190} INFO - [2026-07-09T12:05:11.160+0000] {dag.py:4180} INFO - Setting next_dagrun for dag_extract_catalogs to 2026-07-08 01:00:00+00:00, run_after=2026-07-09 01:00:00+00:00
[2026-07-09T12:05:11.166+0000] {processor.py:208} INFO - Processing /opt/airflow/dags/dag_extract_catalogs.py took 0.030 seconds
[2026-07-09T12:05:41.620+0000] {processor.py:186} INFO - Started process (PID=3763) to work on /opt/airflow/dags/dag_extract_catalogs.py
[2026-07-09T12:05:41.620+0000] {processor.py:914} INFO - Processing file /opt/airflow/dags/dag_extract_catalogs.py for tasks to queue
[2026-07-09T12:05:41.621+0000] {logging_mixin.py:190} INFO - [2026-07-09T12:05:41.621+0000] {dagbag.py:588} INFO - Filling up the DagBag from /opt/airflow/dags/dag_extract_catalogs.py
[2026-07-09T12:05:41.626+0000] {processor.py:925} INFO - DAG(s) 'dag_extract_catalogs' retrieved from /opt/airflow/dags/dag_extract_catalogs.py
[2026-07-09T12:05:41.636+0000] {logging_mixin.py:190} INFO - [2026-07-09T12:05:41.636+0000] {dag.py:3239} INFO - Sync 1 DAGs
[2026-07-09T12:05:41.643+0000] {logging_mixin.py:190} INFO - [2026-07-09T12:05:41.643+0000] {dag.py:4180} INFO - Setting next_dagrun for dag_extract_catalogs to 2026-07-08 01:00:00+00:00, run_after=2026-07-09 01:00:00+00:00
[2026-07-09T12:05:41.647+0000] {processor.py:208} INFO - Processing /opt/airflow/dags/dag_extract_catalogs.py took 0.030 seconds
[2026-07-09T12:06:12.130+0000] {processor.py:186} INFO - Started process (PID=3783) to work on /opt/airflow/dags/dag_extract_catalogs.py
[2026-07-09T12:06:12.130+0000] {processor.py:914} INFO - Processing file /opt/airflow/dags/dag_extract_catalogs.py for tasks to queue
[2026-07-09T12:06:12.131+0000] {logging_mixin.py:190} INFO - [2026-07-09T12:06:12.131+0000] {dagbag.py:588} INFO - Filling up the DagBag from /opt/airflow/dags/dag_extract_catalogs.py
[2026-07-09T12:06:12.136+0000] {processor.py:925} INFO - DAG(s) 'dag_extract_catalogs' retrieved from /opt/airflow/dags/dag_extract_catalogs.py
[2026-07-09T12:06:12.146+0000] {logging_mixin.py:190} INFO - [2026-07-09T12:06:12.146+0000] {dag.py:3239} INFO - Sync 1 DAGs
[2026-07-09T12:06:12.155+0000] {logging_mixin.py:190} INFO - [2026-07-09T12:06:12.155+0000] {dag.py:4180} INFO - Setting next_dagrun for dag_extract_catalogs to 2026-07-08 01:00:00+00:00, run_after=2026-07-09 01:00:00+00:00
[2026-07-09T12:06:12.160+0000] {processor.py:208} INFO - Processing /opt/airflow/dags/dag_extract_catalogs.py took 0.034 seconds
[2026-07-09T12:06:42.634+0000] {processor.py:186} INFO - Started process (PID=3803) to work on /opt/airflow/dags/dag_extract_catalogs.py
[2026-07-09T12:06:42.634+0000] {processor.py:914} INFO - Processing file /opt/airflow/dags/dag_extract_catalogs.py for tasks to queue
[2026-07-09T12:06:42.635+0000] {logging_mixin.py:190} INFO - [2026-07-09T12:06:42.635+0000] {dagbag.py:588} INFO - Filling up the DagBag from /opt/airflow/dags/dag_extract_catalogs.py
[2026-07-09T12:06:42.640+0000] {processor.py:925} INFO - DAG(s) 'dag_extract_catalogs' retrieved from /opt/airflow/dags/dag_extract_catalogs.py
[2026-07-09T12:06:42.650+0000] {logging_mixin.py:190} INFO - [2026-07-09T12:06:42.650+0000] {dag.py:3239} INFO - Sync 1 DAGs
[2026-07-09T12:06:42.657+0000] {logging_mixin.py:190} INFO - [2026-07-09T12:06:42.657+0000] {dag.py:4180} INFO - Setting next_dagrun for dag_extract_catalogs to 2026-07-08 01:00:00+00:00, run_after=2026-07-09 01:00:00+00:00
[2026-07-09T12:06:42.662+0000] {processor.py:208} INFO - Processing /opt/airflow/dags/dag_extract_catalogs.py took 0.030 seconds
[2026-07-09T12:07:13.165+0000] {processor.py:186} INFO - Started process (PID=3823) to work on /opt/airflow/dags/dag_extract_catalogs.py
[2026-07-09T12:07:13.165+0000] {processor.py:914} INFO - Processing file /opt/airflow/dags/dag_extract_catalogs.py for tasks to queue
[2026-07-09T12:07:13.166+0000] {logging_mixin.py:190} INFO - [2026-07-09T12:07:13.166+0000] {dagbag.py:588} INFO - Filling up the DagBag from /opt/airflow/dags/dag_extract_catalogs.py
[2026-07-09T12:07:13.171+0000] {processor.py:925} INFO - DAG(s) 'dag_extract_catalogs' retrieved from /opt/airflow/dags/dag_extract_catalogs.py
[2026-07-09T12:07:13.180+0000] {logging_mixin.py:190} INFO - [2026-07-09T12:07:13.180+0000] {dag.py:3239} INFO - Sync 1 DAGs
[2026-07-09T12:07:13.189+0000] {logging_mixin.py:190} INFO - [2026-07-09T12:07:13.189+0000] {dag.py:4180} INFO - Setting next_dagrun for dag_extract_catalogs to 2026-07-08 01:00:00+00:00, run_after=2026-07-09 01:00:00+00:00
[2026-07-09T12:07:13.193+0000] {processor.py:208} INFO - Processing /opt/airflow/dags/dag_extract_catalogs.py took 0.031 seconds
[2026-07-09T12:07:43.658+0000] {processor.py:186} INFO - Started process (PID=3841) to work on /opt/airflow/dags/dag_extract_catalogs.py
[2026-07-09T12:07:43.658+0000] {processor.py:914} INFO - Processing file /opt/airflow/dags/dag_extract_catalogs.py for tasks to queue
[2026-07-09T12:07:43.659+0000] {logging_mixin.py:190} INFO - [2026-07-09T12:07:43.659+0000] {dagbag.py:588} INFO - Filling up the DagBag from /opt/airflow/dags/dag_extract_catalogs.py
[2026-07-09T12:07:43.666+0000] {processor.py:925} INFO - DAG(s) 'dag_extract_catalogs' retrieved from /opt/airflow/dags/dag_extract_catalogs.py
[2026-07-09T12:07:43.687+0000] {logging_mixin.py:190} INFO - [2026-07-09T12:07:43.687+0000] {dag.py:3239} INFO - Sync 1 DAGs
[2026-07-09T12:07:43.698+0000] {logging_mixin.py:190} INFO - [2026-07-09T12:07:43.698+0000] {dag.py:4180} INFO - Setting next_dagrun for dag_extract_catalogs to 2026-07-08 01:00:00+00:00, run_after=2026-07-09 01:00:00+00:00
[2026-07-09T12:07:43.702+0000] {processor.py:208} INFO - Processing /opt/airflow/dags/dag_extract_catalogs.py took 0.048 seconds
[2026-07-09T12:08:14.232+0000] {processor.py:186} INFO - Started process (PID=3863) to work on /opt/airflow/dags/dag_extract_catalogs.py
[2026-07-09T12:08:14.232+0000] {processor.py:914} INFO - Processing file /opt/airflow/dags/dag_extract_catalogs.py for tasks to queue
[2026-07-09T12:08:14.233+0000] {logging_mixin.py:190} INFO - [2026-07-09T12:08:14.233+0000] {dagbag.py:588} INFO - Filling up the DagBag from /opt/airflow/dags/dag_extract_catalogs.py
[2026-07-09T12:08:14.238+0000] {processor.py:925} INFO - DAG(s) 'dag_extract_catalogs' retrieved from /opt/airflow/dags/dag_extract_catalogs.py
[2026-07-09T12:08:14.248+0000] {logging_mixin.py:190} INFO - [2026-07-09T12:08:14.247+0000] {dag.py:3239} INFO - Sync 1 DAGs
[2026-07-09T12:08:14.255+0000] {logging_mixin.py:190} INFO - [2026-07-09T12:08:14.255+0000] {dag.py:4180} INFO - Setting next_dagrun for dag_extract_catalogs to 2026-07-08 01:00:00+00:00, run_after=2026-07-09 01:00:00+00:00
[2026-07-09T12:08:14.259+0000] {processor.py:208} INFO - Processing /opt/airflow/dags/dag_extract_catalogs.py took 0.031 seconds
[2026-07-09T12:08:44.660+0000] {processor.py:186} INFO - Started process (PID=3881) to work on /opt/airflow/dags/dag_extract_catalogs.py
[2026-07-09T12:08:44.661+0000] {processor.py:914} INFO - Processing file /opt/airflow/dags/dag_extract_catalogs.py for tasks to queue
[2026-07-09T12:08:44.662+0000] {logging_mixin.py:190} INFO - [2026-07-09T12:08:44.662+0000] {dagbag.py:588} INFO - Filling up the DagBag from /opt/airflow/dags/dag_extract_catalogs.py
[2026-07-09T12:08:44.669+0000] {processor.py:925} INFO - DAG(s) 'dag_extract_catalogs' retrieved from /opt/airflow/dags/dag_extract_catalogs.py
[2026-07-09T12:08:44.684+0000] {logging_mixin.py:190} INFO - [2026-07-09T12:08:44.684+0000] {dag.py:3239} INFO - Sync 1 DAGs
[2026-07-09T12:08:44.692+0000] {logging_mixin.py:190} INFO - [2026-07-09T12:08:44.692+0000] {dag.py:4180} INFO - Setting next_dagrun for dag_extract_catalogs to 2026-07-08 01:00:00+00:00, run_after=2026-07-09 01:00:00+00:00
[2026-07-09T12:08:44.697+0000] {processor.py:208} INFO - Processing /opt/airflow/dags/dag_extract_catalogs.py took 0.039 seconds
[2026-07-09T12:09:15.243+0000] {processor.py:186} INFO - Started process (PID=3901) to work on /opt/airflow/dags/dag_extract_catalogs.py
[2026-07-09T12:09:15.244+0000] {processor.py:914} INFO - Processing file /opt/airflow/dags/dag_extract_catalogs.py for tasks to queue
[2026-07-09T12:09:15.245+0000] {logging_mixin.py:190} INFO - [2026-07-09T12:09:15.245+0000] {dagbag.py:588} INFO - Filling up the DagBag from /opt/airflow/dags/dag_extract_catalogs.py
[2026-07-09T12:09:15.252+0000] {processor.py:925} INFO - DAG(s) 'dag_extract_catalogs' retrieved from /opt/airflow/dags/dag_extract_catalogs.py
[2026-07-09T12:09:15.264+0000] {logging_mixin.py:190} INFO - [2026-07-09T12:09:15.264+0000] {dag.py:3239} INFO - Sync 1 DAGs
[2026-07-09T12:09:15.273+0000] {logging_mixin.py:190} INFO - [2026-07-09T12:09:15.273+0000] {dag.py:4180} INFO - Setting next_dagrun for dag_extract_catalogs to 2026-07-08 01:00:00+00:00, run_after=2026-07-09 01:00:00+00:00
[2026-07-09T12:09:15.281+0000] {processor.py:208} INFO - Processing /opt/airflow/dags/dag_extract_catalogs.py took 0.041 seconds
[2026-07-09T12:09:45.802+0000] {processor.py:186} INFO - Started process (PID=3923) to work on /opt/airflow/dags/dag_extract_catalogs.py
[2026-07-09T12:09:45.802+0000] {processor.py:914} INFO - Processing file /opt/airflow/dags/dag_extract_catalogs.py for tasks to queue
[2026-07-09T12:09:45.803+0000] {logging_mixin.py:190} INFO - [2026-07-09T12:09:45.803+0000] {dagbag.py:588} INFO - Filling up the DagBag from /opt/airflow/dags/dag_extract_catalogs.py
[2026-07-09T12:09:45.808+0000] {processor.py:925} INFO - DAG(s) 'dag_extract_catalogs' retrieved from /opt/airflow/dags/dag_extract_catalogs.py
[2026-07-09T12:09:45.818+0000] {logging_mixin.py:190} INFO - [2026-07-09T12:09:45.818+0000] {dag.py:3239} INFO - Sync 1 DAGs
[2026-07-09T12:09:45.825+0000] {logging_mixin.py:190} INFO - [2026-07-09T12:09:45.825+0000] {dag.py:4180} INFO - Setting next_dagrun for dag_extract_catalogs to 2026-07-08 01:00:00+00:00, run_after=2026-07-09 01:00:00+00:00
[2026-07-09T12:09:45.830+0000] {processor.py:208} INFO - Processing /opt/airflow/dags/dag_extract_catalogs.py took 0.031 seconds
[2026-07-09T12:10:16.293+0000] {processor.py:186} INFO - Started process (PID=3943) to work on /opt/airflow/dags/dag_extract_catalogs.py
[2026-07-09T12:10:16.293+0000] {processor.py:914} INFO - Processing file /opt/airflow/dags/dag_extract_catalogs.py for tasks to queue
[2026-07-09T12:10:16.294+0000] {logging_mixin.py:190} INFO - [2026-07-09T12:10:16.294+0000] {dagbag.py:588} INFO - Filling up the DagBag from /opt/airflow/dags/dag_extract_catalogs.py
[2026-07-09T12:10:16.299+0000] {processor.py:925} INFO - DAG(s) 'dag_extract_catalogs' retrieved from /opt/airflow/dags/dag_extract_catalogs.py
[2026-07-09T12:10:16.309+0000] {logging_mixin.py:190} INFO - [2026-07-09T12:10:16.309+0000] {dag.py:3239} INFO - Sync 1 DAGs
[2026-07-09T12:10:16.317+0000] {logging_mixin.py:190} INFO - [2026-07-09T12:10:16.317+0000] {dag.py:4180} INFO - Setting next_dagrun for dag_extract_catalogs to 2026-07-08 01:00:00+00:00, run_after=2026-07-09 01:00:00+00:00
[2026-07-09T12:10:16.323+0000] {processor.py:208} INFO - Processing /opt/airflow/dags/dag_extract_catalogs.py took 0.032 seconds
[2026-07-09T12:10:46.799+0000] {processor.py:186} INFO - Started process (PID=3963) to work on /opt/airflow/dags/dag_extract_catalogs.py
[2026-07-09T12:10:46.799+0000] {processor.py:914} INFO - Processing file /opt/airflow/dags/dag_extract_catalogs.py for tasks to queue
[2026-07-09T12:10:46.800+0000] {logging_mixin.py:190} INFO - [2026-07-09T12:10:46.800+0000] {dagbag.py:588} INFO - Filling up the DagBag from /opt/airflow/dags/dag_extract_catalogs.py
[2026-07-09T12:10:46.805+0000] {processor.py:925} INFO - DAG(s) 'dag_extract_catalogs' retrieved from /opt/airflow/dags/dag_extract_catalogs.py
[2026-07-09T12:10:46.814+0000] {logging_mixin.py:190} INFO - [2026-07-09T12:10:46.814+0000] {dag.py:3239} INFO - Sync 1 DAGs
[2026-07-09T12:10:46.821+0000] {logging_mixin.py:190} INFO - [2026-07-09T12:10:46.821+0000] {dag.py:4180} INFO - Setting next_dagrun for dag_extract_catalogs to 2026-07-08 01:00:00+00:00, run_after=2026-07-09 01:00:00+00:00
[2026-07-09T12:10:46.826+0000] {processor.py:208} INFO - Processing /opt/airflow/dags/dag_extract_catalogs.py took 0.030 seconds
[2026-07-09T12:11:17.362+0000] {processor.py:186} INFO - Started process (PID=3983) to work on /opt/airflow/dags/dag_extract_catalogs.py
[2026-07-09T12:11:17.362+0000] {processor.py:914} INFO - Processing file /opt/airflow/dags/dag_extract_catalogs.py for tasks to queue
[2026-07-09T12:11:17.363+0000] {logging_mixin.py:190} INFO - [2026-07-09T12:11:17.363+0000] {dagbag.py:588} INFO - Filling up the DagBag from /opt/airflow/dags/dag_extract_catalogs.py
[2026-07-09T12:11:17.369+0000] {processor.py:925} INFO - DAG(s) 'dag_extract_catalogs' retrieved from /opt/airflow/dags/dag_extract_catalogs.py
[2026-07-09T12:11:17.379+0000] {logging_mixin.py:190} INFO - [2026-07-09T12:11:17.379+0000] {dag.py:3239} INFO - Sync 1 DAGs
[2026-07-09T12:11:17.386+0000] {logging_mixin.py:190} INFO - [2026-07-09T12:11:17.386+0000] {dag.py:4180} INFO - Setting next_dagrun for dag_extract_catalogs to 2026-07-08 01:00:00+00:00, run_after=2026-07-09 01:00:00+00:00
[2026-07-09T12:11:17.391+0000] {processor.py:208} INFO - Processing /opt/airflow/dags/dag_extract_catalogs.py took 0.031 seconds
[2026-07-09T12:11:47.947+0000] {processor.py:186} INFO - Started process (PID=4003) to work on /opt/airflow/dags/dag_extract_catalogs.py
[2026-07-09T12:11:47.947+0000] {processor.py:914} INFO - Processing file /opt/airflow/dags/dag_extract_catalogs.py for tasks to queue
[2026-07-09T12:11:47.948+0000] {logging_mixin.py:190} INFO - [2026-07-09T12:11:47.948+0000] {dagbag.py:588} INFO - Filling up the DagBag from /opt/airflow/dags/dag_extract_catalogs.py
[2026-07-09T12:11:47.953+0000] {processor.py:925} INFO - DAG(s) 'dag_extract_catalogs' retrieved from /opt/airflow/dags/dag_extract_catalogs.py
[2026-07-09T12:11:47.963+0000] {logging_mixin.py:190} INFO - [2026-07-09T12:11:47.963+0000] {dag.py:3239} INFO - Sync 1 DAGs
[2026-07-09T12:11:47.970+0000] {logging_mixin.py:190} INFO - [2026-07-09T12:11:47.970+0000] {dag.py:4180} INFO - Setting next_dagrun for dag_extract_catalogs to 2026-07-08 01:00:00+00:00, run_after=2026-07-09 01:00:00+00:00
[2026-07-09T12:11:47.975+0000] {processor.py:208} INFO - Processing /opt/airflow/dags/dag_extract_catalogs.py took 0.031 seconds
[2026-07-09T12:12:18.465+0000] {processor.py:186} INFO - Started process (PID=4023) to work on /opt/airflow/dags/dag_extract_catalogs.py
[2026-07-09T12:12:18.465+0000] {processor.py:914} INFO - Processing file /opt/airflow/dags/dag_extract_catalogs.py for tasks to queue
[2026-07-09T12:12:18.466+0000] {logging_mixin.py:190} INFO - [2026-07-09T12:12:18.466+0000] {dagbag.py:588} INFO - Filling up the DagBag from /opt/airflow/dags/dag_extract_catalogs.py
[2026-07-09T12:12:18.471+0000] {processor.py:925} INFO - DAG(s) 'dag_extract_catalogs' retrieved from /opt/airflow/dags/dag_extract_catalogs.py
[2026-07-09T12:12:18.481+0000] {logging_mixin.py:190} INFO - [2026-07-09T12:12:18.481+0000] {dag.py:3239} INFO - Sync 1 DAGs
[2026-07-09T12:12:18.488+0000] {logging_mixin.py:190} INFO - [2026-07-09T12:12:18.488+0000] {dag.py:4180} INFO - Setting next_dagrun for dag_extract_catalogs to 2026-07-08 01:00:00+00:00, run_after=2026-07-09 01:00:00+00:00
[2026-07-09T12:12:18.493+0000] {processor.py:208} INFO - Processing /opt/airflow/dags/dag_extract_catalogs.py took 0.030 seconds
[2026-07-09T12:12:48.872+0000] {processor.py:186} INFO - Started process (PID=4041) to work on /opt/airflow/dags/dag_extract_catalogs.py
[2026-07-09T12:12:48.873+0000] {processor.py:914} INFO - Processing file /opt/airflow/dags/dag_extract_catalogs.py for tasks to queue
[2026-07-09T12:12:48.874+0000] {logging_mixin.py:190} INFO - [2026-07-09T12:12:48.874+0000] {dagbag.py:588} INFO - Filling up the DagBag from /opt/airflow/dags/dag_extract_catalogs.py
[2026-07-09T12:12:48.881+0000] {processor.py:925} INFO - DAG(s) 'dag_extract_catalogs' retrieved from /opt/airflow/dags/dag_extract_catalogs.py
[2026-07-09T12:12:48.898+0000] {logging_mixin.py:190} INFO - [2026-07-09T12:12:48.898+0000] {dag.py:3239} INFO - Sync 1 DAGs
[2026-07-09T12:12:48.911+0000] {logging_mixin.py:190} INFO - [2026-07-09T12:12:48.911+0000] {dag.py:4180} INFO - Setting next_dagrun for dag_extract_catalogs to 2026-07-08 01:00:00+00:00, run_after=2026-07-09 01:00:00+00:00
[2026-07-09T12:12:48.916+0000] {processor.py:208} INFO - Processing /opt/airflow/dags/dag_extract_catalogs.py took 0.047 seconds
[2026-07-09T12:13:19.372+0000] {processor.py:186} INFO - Started process (PID=4061) to work on /opt/airflow/dags/dag_extract_catalogs.py
[2026-07-09T12:13:19.373+0000] {processor.py:914} INFO - Processing file /opt/airflow/dags/dag_extract_catalogs.py for tasks to queue
[2026-07-09T12:13:19.374+0000] {logging_mixin.py:190} INFO - [2026-07-09T12:13:19.374+0000] {dagbag.py:588} INFO - Filling up the DagBag from /opt/airflow/dags/dag_extract_catalogs.py
[2026-07-09T12:13:19.380+0000] {processor.py:925} INFO - DAG(s) 'dag_extract_catalogs' retrieved from /opt/airflow/dags/dag_extract_catalogs.py
[2026-07-09T12:13:19.393+0000] {logging_mixin.py:190} INFO - [2026-07-09T12:13:19.393+0000] {dag.py:3239} INFO - Sync 1 DAGs
[2026-07-09T12:13:19.401+0000] {logging_mixin.py:190} INFO - [2026-07-09T12:13:19.401+0000] {dag.py:4180} INFO - Setting next_dagrun for dag_extract_catalogs to 2026-07-08 01:00:00+00:00, run_after=2026-07-09 01:00:00+00:00
[2026-07-09T12:13:19.409+0000] {processor.py:208} INFO - Processing /opt/airflow/dags/dag_extract_catalogs.py took 0.040 seconds
[2026-07-09T12:13:49.824+0000] {processor.py:186} INFO - Started process (PID=4081) to work on /opt/airflow/dags/dag_extract_catalogs.py
[2026-07-09T12:13:49.825+0000] {processor.py:914} INFO - Processing file /opt/airflow/dags/dag_extract_catalogs.py for tasks to queue
[2026-07-09T12:13:49.826+0000] {logging_mixin.py:190} INFO - [2026-07-09T12:13:49.826+0000] {dagbag.py:588} INFO - Filling up the DagBag from /opt/airflow/dags/dag_extract_catalogs.py
[2026-07-09T12:13:49.831+0000] {processor.py:925} INFO - DAG(s) 'dag_extract_catalogs' retrieved from /opt/airflow/dags/dag_extract_catalogs.py
[2026-07-09T12:13:49.844+0000] {logging_mixin.py:190} INFO - [2026-07-09T12:13:49.844+0000] {dag.py:3239} INFO - Sync 1 DAGs
[2026-07-09T12:13:49.852+0000] {logging_mixin.py:190} INFO - [2026-07-09T12:13:49.852+0000] {dag.py:4180} INFO - Setting next_dagrun for dag_extract_catalogs to 2026-07-08 01:00:00+00:00, run_after=2026-07-09 01:00:00+00:00
[2026-07-09T12:13:49.861+0000] {processor.py:208} INFO - Processing /opt/airflow/dags/dag_extract_catalogs.py took 0.040 seconds
[2026-07-09T12:14:20.302+0000] {processor.py:186} INFO - Started process (PID=4101) to work on /opt/airflow/dags/dag_extract_catalogs.py
[2026-07-09T12:14:20.304+0000] {processor.py:914} INFO - Processing file /opt/airflow/dags/dag_extract_catalogs.py for tasks to queue
[2026-07-09T12:14:20.305+0000] {logging_mixin.py:190} INFO - [2026-07-09T12:14:20.305+0000] {dagbag.py:588} INFO - Filling up the DagBag from /opt/airflow/dags/dag_extract_catalogs.py
[2026-07-09T12:14:20.311+0000] {processor.py:925} INFO - DAG(s) 'dag_extract_catalogs' retrieved from /opt/airflow/dags/dag_extract_catalogs.py
[2026-07-09T12:14:20.328+0000] {logging_mixin.py:190} INFO - [2026-07-09T12:14:20.327+0000] {dag.py:3239} INFO - Sync 1 DAGs
[2026-07-09T12:14:20.335+0000] {logging_mixin.py:190} INFO - [2026-07-09T12:14:20.335+0000] {dag.py:4180} INFO - Setting next_dagrun for dag_extract_catalogs to 2026-07-08 01:00:00+00:00, run_after=2026-07-09 01:00:00+00:00
[2026-07-09T12:14:20.340+0000] {processor.py:208} INFO - Processing /opt/airflow/dags/dag_extract_catalogs.py took 0.041 seconds
[2026-07-09T12:14:50.823+0000] {processor.py:186} INFO - Started process (PID=4123) to work on /opt/airflow/dags/dag_extract_catalogs.py
[2026-07-09T12:14:50.823+0000] {processor.py:914} INFO - Processing file /opt/airflow/dags/dag_extract_catalogs.py for tasks to queue
[2026-07-09T12:14:50.824+0000] {logging_mixin.py:190} INFO - [2026-07-09T12:14:50.824+0000] {dagbag.py:588} INFO - Filling up the DagBag from /opt/airflow/dags/dag_extract_catalogs.py
[2026-07-09T12:14:50.829+0000] {processor.py:925} INFO - DAG(s) 'dag_extract_catalogs' retrieved from /opt/airflow/dags/dag_extract_catalogs.py
[2026-07-09T12:14:50.839+0000] {logging_mixin.py:190} INFO - [2026-07-09T12:14:50.839+0000] {dag.py:3239} INFO - Sync 1 DAGs
[2026-07-09T12:14:50.846+0000] {logging_mixin.py:190} INFO - [2026-07-09T12:14:50.846+0000] {dag.py:4180} INFO - Setting next_dagrun for dag_extract_catalogs to 2026-07-08 01:00:00+00:00, run_after=2026-07-09 01:00:00+00:00
[2026-07-09T12:14:50.850+0000] {processor.py:208} INFO - Processing /opt/airflow/dags/dag_extract_catalogs.py took 0.030 seconds
[2026-07-09T12:15:21.399+0000] {processor.py:186} INFO - Started process (PID=4143) to work on /opt/airflow/dags/dag_extract_catalogs.py
[2026-07-09T12:15:21.399+0000] {processor.py:914} INFO - Processing file /opt/airflow/dags/dag_extract_catalogs.py for tasks to queue
[2026-07-09T12:15:21.400+0000] {logging_mixin.py:190} INFO - [2026-07-09T12:15:21.400+0000] {dagbag.py:588} INFO - Filling up the DagBag from /opt/airflow/dags/dag_extract_catalogs.py
[2026-07-09T12:15:21.405+0000] {processor.py:925} INFO - DAG(s) 'dag_extract_catalogs' retrieved from /opt/airflow/dags/dag_extract_catalogs.py
[2026-07-09T12:15:21.416+0000] {logging_mixin.py:190} INFO - [2026-07-09T12:15:21.416+0000] {dag.py:3239} INFO - Sync 1 DAGs
[2026-07-09T12:15:21.424+0000] {logging_mixin.py:190} INFO - [2026-07-09T12:15:21.423+0000] {dag.py:4180} INFO - Setting next_dagrun for dag_extract_catalogs to 2026-07-08 01:00:00+00:00, run_after=2026-07-09 01:00:00+00:00
[2026-07-09T12:15:21.428+0000] {processor.py:208} INFO - Processing /opt/airflow/dags/dag_extract_catalogs.py took 0.032 seconds
[2026-07-09T12:15:51.884+0000] {processor.py:186} INFO - Started process (PID=4163) to work on /opt/airflow/dags/dag_extract_catalogs.py
[2026-07-09T12:15:51.885+0000] {processor.py:914} INFO - Processing file /opt/airflow/dags/dag_extract_catalogs.py for tasks to queue
[2026-07-09T12:15:51.886+0000] {logging_mixin.py:190} INFO - [2026-07-09T12:15:51.886+0000] {dagbag.py:588} INFO - Filling up the DagBag from /opt/airflow/dags/dag_extract_catalogs.py
[2026-07-09T12:15:51.891+0000] {processor.py:925} INFO - DAG(s) 'dag_extract_catalogs' retrieved from /opt/airflow/dags/dag_extract_catalogs.py
[2026-07-09T12:15:51.901+0000] {logging_mixin.py:190} INFO - [2026-07-09T12:15:51.901+0000] {dag.py:3239} INFO - Sync 1 DAGs
[2026-07-09T12:15:51.908+0000] {logging_mixin.py:190} INFO - [2026-07-09T12:15:51.908+0000] {dag.py:4180} INFO - Setting next_dagrun for dag_extract_catalogs to 2026-07-08 01:00:00+00:00, run_after=2026-07-09 01:00:00+00:00
[2026-07-09T12:15:51.913+0000] {processor.py:208} INFO - Processing /opt/airflow/dags/dag_extract_catalogs.py took 0.031 seconds
[2026-07-09T12:16:22.332+0000] {processor.py:186} INFO - Started process (PID=4183) to work on /opt/airflow/dags/dag_extract_catalogs.py
[2026-07-09T12:16:22.332+0000] {processor.py:914} INFO - Processing file /opt/airflow/dags/dag_extract_catalogs.py for tasks to queue
[2026-07-09T12:16:22.333+0000] {logging_mixin.py:190} INFO - [2026-07-09T12:16:22.333+0000] {dagbag.py:588} INFO - Filling up the DagBag from /opt/airflow/dags/dag_extract_catalogs.py
[2026-07-09T12:16:22.338+0000] {processor.py:925} INFO - DAG(s) 'dag_extract_catalogs' retrieved from /opt/airflow/dags/dag_extract_catalogs.py
[2026-07-09T12:16:22.349+0000] {logging_mixin.py:190} INFO - [2026-07-09T12:16:22.349+0000] {dag.py:3239} INFO - Sync 1 DAGs
[2026-07-09T12:16:22.356+0000] {logging_mixin.py:190} INFO - [2026-07-09T12:16:22.356+0000] {dag.py:4180} INFO - Setting next_dagrun for dag_extract_catalogs to 2026-07-08 01:00:00+00:00, run_after=2026-07-09 01:00:00+00:00
[2026-07-09T12:16:22.361+0000] {processor.py:208} INFO - Processing /opt/airflow/dags/dag_extract_catalogs.py took 0.031 seconds
[2026-07-09T12:16:52.780+0000] {processor.py:186} INFO - Started process (PID=4203) to work on /opt/airflow/dags/dag_extract_catalogs.py
[2026-07-09T12:16:52.781+0000] {processor.py:914} INFO - Processing file /opt/airflow/dags/dag_extract_catalogs.py for tasks to queue
[2026-07-09T12:16:52.782+0000] {logging_mixin.py:190} INFO - [2026-07-09T12:16:52.781+0000] {dagbag.py:588} INFO - Filling up the DagBag from /opt/airflow/dags/dag_extract_catalogs.py
[2026-07-09T12:16:52.787+0000] {processor.py:925} INFO - DAG(s) 'dag_extract_catalogs' retrieved from /opt/airflow/dags/dag_extract_catalogs.py
[2026-07-09T12:16:52.797+0000] {logging_mixin.py:190} INFO - [2026-07-09T12:16:52.797+0000] {dag.py:3239} INFO - Sync 1 DAGs
[2026-07-09T12:16:52.804+0000] {logging_mixin.py:190} INFO - [2026-07-09T12:16:52.804+0000] {dag.py:4180} INFO - Setting next_dagrun for dag_extract_catalogs to 2026-07-08 01:00:00+00:00, run_after=2026-07-09 01:00:00+00:00
[2026-07-09T12:16:52.808+0000] {processor.py:208} INFO - Processing /opt/airflow/dags/dag_extract_catalogs.py took 0.031 seconds
[2026-07-09T12:17:23.191+0000] {processor.py:186} INFO - Started process (PID=4221) to work on /opt/airflow/dags/dag_extract_catalogs.py
[2026-07-09T12:17:23.192+0000] {processor.py:914} INFO - Processing file /opt/airflow/dags/dag_extract_catalogs.py for tasks to queue
[2026-07-09T12:17:23.193+0000] {logging_mixin.py:190} INFO - [2026-07-09T12:17:23.193+0000] {dagbag.py:588} INFO - Filling up the DagBag from /opt/airflow/dags/dag_extract_catalogs.py
[2026-07-09T12:17:23.199+0000] {processor.py:925} INFO - DAG(s) 'dag_extract_catalogs' retrieved from /opt/airflow/dags/dag_extract_catalogs.py
[2026-07-09T12:17:23.211+0000] {logging_mixin.py:190} INFO - [2026-07-09T12:17:23.211+0000] {dag.py:3239} INFO - Sync 1 DAGs
[2026-07-09T12:17:23.219+0000] {logging_mixin.py:190} INFO - [2026-07-09T12:17:23.219+0000] {dag.py:4180} INFO - Setting next_dagrun for dag_extract_catalogs to 2026-07-08 01:00:00+00:00, run_after=2026-07-09 01:00:00+00:00
[2026-07-09T12:17:23.227+0000] {processor.py:208} INFO - Processing /opt/airflow/dags/dag_extract_catalogs.py took 0.039 seconds
[2026-07-09T12:17:53.677+0000] {processor.py:186} INFO - Started process (PID=4243) to work on /opt/airflow/dags/dag_extract_catalogs.py
[2026-07-09T12:17:53.677+0000] {processor.py:914} INFO - Processing file /opt/airflow/dags/dag_extract_catalogs.py for tasks to queue
[2026-07-09T12:17:53.678+0000] {logging_mixin.py:190} INFO - [2026-07-09T12:17:53.678+0000] {dagbag.py:588} INFO - Filling up the DagBag from /opt/airflow/dags/dag_extract_catalogs.py
[2026-07-09T12:17:53.684+0000] {processor.py:925} INFO - DAG(s) 'dag_extract_catalogs' retrieved from /opt/airflow/dags/dag_extract_catalogs.py
[2026-07-09T12:17:53.694+0000] {logging_mixin.py:190} INFO - [2026-07-09T12:17:53.694+0000] {dag.py:3239} INFO - Sync 1 DAGs
[2026-07-09T12:17:53.701+0000] {logging_mixin.py:190} INFO - [2026-07-09T12:17:53.701+0000] {dag.py:4180} INFO - Setting next_dagrun for dag_extract_catalogs to 2026-07-08 01:00:00+00:00, run_after=2026-07-09 01:00:00+00:00
[2026-07-09T12:17:53.706+0000] {processor.py:208} INFO - Processing /opt/airflow/dags/dag_extract_catalogs.py took 0.031 seconds
[2026-07-09T12:18:24.153+0000] {processor.py:186} INFO - Started process (PID=4263) to work on /opt/airflow/dags/dag_extract_catalogs.py
[2026-07-09T12:18:24.153+0000] {processor.py:914} INFO - Processing file /opt/airflow/dags/dag_extract_catalogs.py for tasks to queue
[2026-07-09T12:18:24.154+0000] {logging_mixin.py:190} INFO - [2026-07-09T12:18:24.154+0000] {dagbag.py:588} INFO - Filling up the DagBag from /opt/airflow/dags/dag_extract_catalogs.py
[2026-07-09T12:18:24.159+0000] {processor.py:925} INFO - DAG(s) 'dag_extract_catalogs' retrieved from /opt/airflow/dags/dag_extract_catalogs.py
[2026-07-09T12:18:24.169+0000] {logging_mixin.py:190} INFO - [2026-07-09T12:18:24.169+0000] {dag.py:3239} INFO - Sync 1 DAGs
[2026-07-09T12:18:24.176+0000] {logging_mixin.py:190} INFO - [2026-07-09T12:18:24.176+0000] {dag.py:4180} INFO - Setting next_dagrun for dag_extract_catalogs to 2026-07-08 01:00:00+00:00, run_after=2026-07-09 01:00:00+00:00
[2026-07-09T12:18:24.181+0000] {processor.py:208} INFO - Processing /opt/airflow/dags/dag_extract_catalogs.py took 0.031 seconds
[2026-07-09T12:18:54.630+0000] {processor.py:186} INFO - Started process (PID=4283) to work on /opt/airflow/dags/dag_extract_catalogs.py
[2026-07-09T12:18:54.631+0000] {processor.py:914} INFO - Processing file /opt/airflow/dags/dag_extract_catalogs.py for tasks to queue
[2026-07-09T12:18:54.632+0000] {logging_mixin.py:190} INFO - [2026-07-09T12:18:54.631+0000] {dagbag.py:588} INFO - Filling up the DagBag from /opt/airflow/dags/dag_extract_catalogs.py
[2026-07-09T12:18:54.636+0000] {processor.py:925} INFO - DAG(s) 'dag_extract_catalogs' retrieved from /opt/airflow/dags/dag_extract_catalogs.py
[2026-07-09T12:18:54.646+0000] {logging_mixin.py:190} INFO - [2026-07-09T12:18:54.646+0000] {dag.py:3239} INFO - Sync 1 DAGs
[2026-07-09T12:18:54.653+0000] {logging_mixin.py:190} INFO - [2026-07-09T12:18:54.653+0000] {dag.py:4180} INFO - Setting next_dagrun for dag_extract_catalogs to 2026-07-08 01:00:00+00:00, run_after=2026-07-09 01:00:00+00:00
[2026-07-09T12:18:54.658+0000] {processor.py:208} INFO - Processing /opt/airflow/dags/dag_extract_catalogs.py took 0.031 seconds
[2026-07-09T12:19:25.024+0000] {processor.py:186} INFO - Started process (PID=4301) to work on /opt/airflow/dags/dag_extract_catalogs.py
[2026-07-09T12:19:25.025+0000] {processor.py:914} INFO - Processing file /opt/airflow/dags/dag_extract_catalogs.py for tasks to queue
[2026-07-09T12:19:25.026+0000] {logging_mixin.py:190} INFO - [2026-07-09T12:19:25.026+0000] {dagbag.py:588} INFO - Filling up the DagBag from /opt/airflow/dags/dag_extract_catalogs.py
[2026-07-09T12:19:25.031+0000] {processor.py:925} INFO - DAG(s) 'dag_extract_catalogs' retrieved from /opt/airflow/dags/dag_extract_catalogs.py
[2026-07-09T12:19:25.044+0000] {logging_mixin.py:190} INFO - [2026-07-09T12:19:25.044+0000] {dag.py:3239} INFO - Sync 1 DAGs
[2026-07-09T12:19:25.055+0000] {logging_mixin.py:190} INFO - [2026-07-09T12:19:25.054+0000] {dag.py:4180} INFO - Setting next_dagrun for dag_extract_catalogs to 2026-07-08 01:00:00+00:00, run_after=2026-07-09 01:00:00+00:00
[2026-07-09T12:19:25.060+0000] {processor.py:208} INFO - Processing /opt/airflow/dags/dag_extract_catalogs.py took 0.039 seconds
[2026-07-09T12:19:55.514+0000] {processor.py:186} INFO - Started process (PID=4321) to work on /opt/airflow/dags/dag_extract_catalogs.py
[2026-07-09T12:19:55.517+0000] {processor.py:914} INFO - Processing file /opt/airflow/dags/dag_extract_catalogs.py for tasks to queue
[2026-07-09T12:19:55.518+0000] {logging_mixin.py:190} INFO - [2026-07-09T12:19:55.518+0000] {dagbag.py:588} INFO - Filling up the DagBag from /opt/airflow/dags/dag_extract_catalogs.py
[2026-07-09T12:19:55.526+0000] {processor.py:925} INFO - DAG(s) 'dag_extract_catalogs' retrieved from /opt/airflow/dags/dag_extract_catalogs.py
[2026-07-09T12:19:55.539+0000] {logging_mixin.py:190} INFO - [2026-07-09T12:19:55.538+0000] {dag.py:3239} INFO - Sync 1 DAGs
[2026-07-09T12:19:55.549+0000] {logging_mixin.py:190} INFO - [2026-07-09T12:19:55.549+0000] {dag.py:4180} INFO - Setting next_dagrun for dag_extract_catalogs to 2026-07-08 01:00:00+00:00, run_after=2026-07-09 01:00:00+00:00
[2026-07-09T12:19:55.553+0000] {processor.py:208} INFO - Processing /opt/airflow/dags/dag_extract_catalogs.py took 0.042 seconds
[2026-07-09T12:20:25.984+0000] {processor.py:186} INFO - Started process (PID=4343) to work on /opt/airflow/dags/dag_extract_catalogs.py
[2026-07-09T12:20:25.985+0000] {processor.py:914} INFO - Processing file /opt/airflow/dags/dag_extract_catalogs.py for tasks to queue
[2026-07-09T12:20:25.985+0000] {logging_mixin.py:190} INFO - [2026-07-09T12:20:25.985+0000] {dagbag.py:588} INFO - Filling up the DagBag from /opt/airflow/dags/dag_extract_catalogs.py
[2026-07-09T12:20:25.990+0000] {processor.py:925} INFO - DAG(s) 'dag_extract_catalogs' retrieved from /opt/airflow/dags/dag_extract_catalogs.py
[2026-07-09T12:20:26.000+0000] {logging_mixin.py:190} INFO - [2026-07-09T12:20:26.000+0000] {dag.py:3239} INFO - Sync 1 DAGs
[2026-07-09T12:20:26.007+0000] {logging_mixin.py:190} INFO - [2026-07-09T12:20:26.007+0000] {dag.py:4180} INFO - Setting next_dagrun for dag_extract_catalogs to 2026-07-08 01:00:00+00:00, run_after=2026-07-09 01:00:00+00:00
[2026-07-09T12:20:26.012+0000] {processor.py:208} INFO - Processing /opt/airflow/dags/dag_extract_catalogs.py took 0.030 seconds
[2026-07-09T12:20:56.486+0000] {processor.py:186} INFO - Started process (PID=4363) to work on /opt/airflow/dags/dag_extract_catalogs.py
[2026-07-09T12:20:56.486+0000] {processor.py:914} INFO - Processing file /opt/airflow/dags/dag_extract_catalogs.py for tasks to queue
[2026-07-09T12:20:56.488+0000] {logging_mixin.py:190} INFO - [2026-07-09T12:20:56.487+0000] {dagbag.py:588} INFO - Filling up the DagBag from /opt/airflow/dags/dag_extract_catalogs.py
[2026-07-09T12:20:56.492+0000] {processor.py:925} INFO - DAG(s) 'dag_extract_catalogs' retrieved from /opt/airflow/dags/dag_extract_catalogs.py
[2026-07-09T12:20:56.502+0000] {logging_mixin.py:190} INFO - [2026-07-09T12:20:56.502+0000] {dag.py:3239} INFO - Sync 1 DAGs
[2026-07-09T12:20:56.511+0000] {logging_mixin.py:190} INFO - [2026-07-09T12:20:56.511+0000] {dag.py:4180} INFO - Setting next_dagrun for dag_extract_catalogs to 2026-07-08 01:00:00+00:00, run_after=2026-07-09 01:00:00+00:00
[2026-07-09T12:20:56.515+0000] {processor.py:208} INFO - Processing /opt/airflow/dags/dag_extract_catalogs.py took 0.033 seconds
[2026-07-09T12:21:26.971+0000] {processor.py:186} INFO - Started process (PID=4383) to work on /opt/airflow/dags/dag_extract_catalogs.py
[2026-07-09T12:21:26.972+0000] {processor.py:914} INFO - Processing file /opt/airflow/dags/dag_extract_catalogs.py for tasks to queue
[2026-07-09T12:21:26.973+0000] {logging_mixin.py:190} INFO - [2026-07-09T12:21:26.973+0000] {dagbag.py:588} INFO - Filling up the DagBag from /opt/airflow/dags/dag_extract_catalogs.py
[2026-07-09T12:21:26.978+0000] {processor.py:925} INFO - DAG(s) 'dag_extract_catalogs' retrieved from /opt/airflow/dags/dag_extract_catalogs.py
[2026-07-09T12:21:26.989+0000] {logging_mixin.py:190} INFO - [2026-07-09T12:21:26.989+0000] {dag.py:3239} INFO - Sync 1 DAGs
[2026-07-09T12:21:26.996+0000] {logging_mixin.py:190} INFO - [2026-07-09T12:21:26.996+0000] {dag.py:4180} INFO - Setting next_dagrun for dag_extract_catalogs to 2026-07-08 01:00:00+00:00, run_after=2026-07-09 01:00:00+00:00
[2026-07-09T12:21:27.001+0000] {processor.py:208} INFO - Processing /opt/airflow/dags/dag_extract_catalogs.py took 0.033 seconds
[2026-07-09T12:21:57.416+0000] {processor.py:186} INFO - Started process (PID=4403) to work on /opt/airflow/dags/dag_extract_catalogs.py
[2026-07-09T12:21:57.416+0000] {processor.py:914} INFO - Processing file /opt/airflow/dags/dag_extract_catalogs.py for tasks to queue
[2026-07-09T12:21:57.417+0000] {logging_mixin.py:190} INFO - [2026-07-09T12:21:57.417+0000] {dagbag.py:588} INFO - Filling up the DagBag from /opt/airflow/dags/dag_extract_catalogs.py
[2026-07-09T12:21:57.422+0000] {processor.py:925} INFO - DAG(s) 'dag_extract_catalogs' retrieved from /opt/airflow/dags/dag_extract_catalogs.py
[2026-07-09T12:21:57.431+0000] {logging_mixin.py:190} INFO - [2026-07-09T12:21:57.431+0000] {dag.py:3239} INFO - Sync 1 DAGs
[2026-07-09T12:21:57.439+0000] {logging_mixin.py:190} INFO - [2026-07-09T12:21:57.439+0000] {dag.py:4180} INFO - Setting next_dagrun for dag_extract_catalogs to 2026-07-08 01:00:00+00:00, run_after=2026-07-09 01:00:00+00:00
[2026-07-09T12:21:57.444+0000] {processor.py:208} INFO - Processing /opt/airflow/dags/dag_extract_catalogs.py took 0.030 seconds
[2026-07-09T12:22:27.849+0000] {processor.py:186} INFO - Started process (PID=4423) to work on /opt/airflow/dags/dag_extract_catalogs.py
[2026-07-09T12:22:27.849+0000] {processor.py:914} INFO - Processing file /opt/airflow/dags/dag_extract_catalogs.py for tasks to queue
[2026-07-09T12:22:27.850+0000] {logging_mixin.py:190} INFO - [2026-07-09T12:22:27.850+0000] {dagbag.py:588} INFO - Filling up the DagBag from /opt/airflow/dags/dag_extract_catalogs.py
[2026-07-09T12:22:27.855+0000] {processor.py:925} INFO - DAG(s) 'dag_extract_catalogs' retrieved from /opt/airflow/dags/dag_extract_catalogs.py
[2026-07-09T12:22:27.864+0000] {logging_mixin.py:190} INFO - [2026-07-09T12:22:27.864+0000] {dag.py:3239} INFO - Sync 1 DAGs
[2026-07-09T12:22:27.871+0000] {logging_mixin.py:190} INFO - [2026-07-09T12:22:27.871+0000] {dag.py:4180} INFO - Setting next_dagrun for dag_extract_catalogs to 2026-07-08 01:00:00+00:00, run_after=2026-07-09 01:00:00+00:00
[2026-07-09T12:22:27.876+0000] {processor.py:208} INFO - Processing /opt/airflow/dags/dag_extract_catalogs.py took 0.030 seconds
[2026-07-09T12:22:58.284+0000] {processor.py:186} INFO - Started process (PID=4443) to work on /opt/airflow/dags/dag_extract_catalogs.py
[2026-07-09T12:22:58.284+0000] {processor.py:914} INFO - Processing file /opt/airflow/dags/dag_extract_catalogs.py for tasks to queue
[2026-07-09T12:22:58.285+0000] {logging_mixin.py:190} INFO - [2026-07-09T12:22:58.285+0000] {dagbag.py:588} INFO - Filling up the DagBag from /opt/airflow/dags/dag_extract_catalogs.py
[2026-07-09T12:22:58.290+0000] {processor.py:925} INFO - DAG(s) 'dag_extract_catalogs' retrieved from /opt/airflow/dags/dag_extract_catalogs.py
[2026-07-09T12:22:58.300+0000] {logging_mixin.py:190} INFO - [2026-07-09T12:22:58.300+0000] {dag.py:3239} INFO - Sync 1 DAGs
[2026-07-09T12:22:58.307+0000] {logging_mixin.py:190} INFO - [2026-07-09T12:22:58.307+0000] {dag.py:4180} INFO - Setting next_dagrun for dag_extract_catalogs to 2026-07-08 01:00:00+00:00, run_after=2026-07-09 01:00:00+00:00
[2026-07-09T12:22:58.311+0000] {processor.py:208} INFO - Processing /opt/airflow/dags/dag_extract_catalogs.py took 0.030 seconds
[2026-07-09T12:23:28.745+0000] {processor.py:186} INFO - Started process (PID=4461) to work on /opt/airflow/dags/dag_extract_catalogs.py
[2026-07-09T12:23:28.746+0000] {processor.py:914} INFO - Processing file /opt/airflow/dags/dag_extract_catalogs.py for tasks to queue
[2026-07-09T12:23:28.748+0000] {logging_mixin.py:190} INFO - [2026-07-09T12:23:28.748+0000] {dagbag.py:588} INFO - Filling up the DagBag from /opt/airflow/dags/dag_extract_catalogs.py
[2026-07-09T12:23:28.757+0000] {processor.py:925} INFO - DAG(s) 'dag_extract_catalogs' retrieved from /opt/airflow/dags/dag_extract_catalogs.py
[2026-07-09T12:23:28.773+0000] {logging_mixin.py:190} INFO - [2026-07-09T12:23:28.773+0000] {dag.py:3239} INFO - Sync 1 DAGs
[2026-07-09T12:23:28.786+0000] {logging_mixin.py:190} INFO - [2026-07-09T12:23:28.786+0000] {dag.py:4180} INFO - Setting next_dagrun for dag_extract_catalogs to 2026-07-08 01:00:00+00:00, run_after=2026-07-09 01:00:00+00:00
[2026-07-09T12:23:28.807+0000] {processor.py:208} INFO - Processing /opt/airflow/dags/dag_extract_catalogs.py took 0.066 seconds
[2026-07-09T12:23:59.301+0000] {processor.py:186} INFO - Started process (PID=4481) to work on /opt/airflow/dags/dag_extract_catalogs.py
[2026-07-09T12:23:59.302+0000] {processor.py:914} INFO - Processing file /opt/airflow/dags/dag_extract_catalogs.py for tasks to queue
[2026-07-09T12:23:59.303+0000] {logging_mixin.py:190} INFO - [2026-07-09T12:23:59.303+0000] {dagbag.py:588} INFO - Filling up the DagBag from /opt/airflow/dags/dag_extract_catalogs.py
[2026-07-09T12:23:59.311+0000] {processor.py:925} INFO - DAG(s) 'dag_extract_catalogs' retrieved from /opt/airflow/dags/dag_extract_catalogs.py
[2026-07-09T12:23:59.324+0000] {logging_mixin.py:190} INFO - [2026-07-09T12:23:59.324+0000] {dag.py:3239} INFO - Sync 1 DAGs
[2026-07-09T12:23:59.336+0000] {logging_mixin.py:190} INFO - [2026-07-09T12:23:59.336+0000] {dag.py:4180} INFO - Setting next_dagrun for dag_extract_catalogs to 2026-07-08 01:00:00+00:00, run_after=2026-07-09 01:00:00+00:00
[2026-07-09T12:23:59.347+0000] {processor.py:208} INFO - Processing /opt/airflow/dags/dag_extract_catalogs.py took 0.049 seconds
[2026-07-09T12:24:29.690+0000] {processor.py:186} INFO - Started process (PID=4501) to work on /opt/airflow/dags/dag_extract_catalogs.py
[2026-07-09T12:24:29.691+0000] {processor.py:914} INFO - Processing file /opt/airflow/dags/dag_extract_catalogs.py for tasks to queue
[2026-07-09T12:24:29.692+0000] {logging_mixin.py:190} INFO - [2026-07-09T12:24:29.692+0000] {dagbag.py:588} INFO - Filling up the DagBag from /opt/airflow/dags/dag_extract_catalogs.py
[2026-07-09T12:24:29.699+0000] {processor.py:925} INFO - DAG(s) 'dag_extract_catalogs' retrieved from /opt/airflow/dags/dag_extract_catalogs.py
[2026-07-09T12:24:29.713+0000] {logging_mixin.py:190} INFO - [2026-07-09T12:24:29.713+0000] {dag.py:3239} INFO - Sync 1 DAGs
[2026-07-09T12:24:29.723+0000] {logging_mixin.py:190} INFO - [2026-07-09T12:24:29.723+0000] {dag.py:4180} INFO - Setting next_dagrun for dag_extract_catalogs to 2026-07-08 01:00:00+00:00, run_after=2026-07-09 01:00:00+00:00
[2026-07-09T12:24:29.727+0000] {processor.py:208} INFO - Processing /opt/airflow/dags/dag_extract_catalogs.py took 0.040 seconds
[2026-07-09T12:25:00.194+0000] {processor.py:186} INFO - Started process (PID=4523) to work on /opt/airflow/dags/dag_extract_catalogs.py
[2026-07-09T12:25:00.194+0000] {processor.py:914} INFO - Processing file /opt/airflow/dags/dag_extract_catalogs.py for tasks to queue
[2026-07-09T12:25:00.195+0000] {logging_mixin.py:190} INFO - [2026-07-09T12:25:00.195+0000] {dagbag.py:588} INFO - Filling up the DagBag from /opt/airflow/dags/dag_extract_catalogs.py
[2026-07-09T12:25:00.200+0000] {processor.py:925} INFO - DAG(s) 'dag_extract_catalogs' retrieved from /opt/airflow/dags/dag_extract_catalogs.py
[2026-07-09T12:25:00.210+0000] {logging_mixin.py:190} INFO - [2026-07-09T12:25:00.210+0000] {dag.py:3239} INFO - Sync 1 DAGs
[2026-07-09T12:25:00.217+0000] {logging_mixin.py:190} INFO - [2026-07-09T12:25:00.217+0000] {dag.py:4180} INFO - Setting next_dagrun for dag_extract_catalogs to 2026-07-08 01:00:00+00:00, run_after=2026-07-09 01:00:00+00:00
[2026-07-09T12:25:00.222+0000] {processor.py:208} INFO - Processing /opt/airflow/dags/dag_extract_catalogs.py took 0.030 seconds
[2026-07-09T12:25:30.639+0000] {processor.py:186} INFO - Started process (PID=4543) to work on /opt/airflow/dags/dag_extract_catalogs.py
[2026-07-09T12:25:30.639+0000] {processor.py:914} INFO - Processing file /opt/airflow/dags/dag_extract_catalogs.py for tasks to queue
[2026-07-09T12:25:30.640+0000] {logging_mixin.py:190} INFO - [2026-07-09T12:25:30.640+0000] {dagbag.py:588} INFO - Filling up the DagBag from /opt/airflow/dags/dag_extract_catalogs.py
[2026-07-09T12:25:30.645+0000] {processor.py:925} INFO - DAG(s) 'dag_extract_catalogs' retrieved from /opt/airflow/dags/dag_extract_catalogs.py
[2026-07-09T12:25:30.655+0000] {logging_mixin.py:190} INFO - [2026-07-09T12:25:30.655+0000] {dag.py:3239} INFO - Sync 1 DAGs
[2026-07-09T12:25:30.662+0000] {logging_mixin.py:190} INFO - [2026-07-09T12:25:30.662+0000] {dag.py:4180} INFO - Setting next_dagrun for dag_extract_catalogs to 2026-07-08 01:00:00+00:00, run_after=2026-07-09 01:00:00+00:00
[2026-07-09T12:25:30.666+0000] {processor.py:208} INFO - Processing /opt/airflow/dags/dag_extract_catalogs.py took 0.030 seconds
[2026-07-09T12:26:01.162+0000] {processor.py:186} INFO - Started process (PID=4563) to work on /opt/airflow/dags/dag_extract_catalogs.py
[2026-07-09T12:26:01.163+0000] {processor.py:914} INFO - Processing file /opt/airflow/dags/dag_extract_catalogs.py for tasks to queue
[2026-07-09T12:26:01.164+0000] {logging_mixin.py:190} INFO - [2026-07-09T12:26:01.163+0000] {dagbag.py:588} INFO - Filling up the DagBag from /opt/airflow/dags/dag_extract_catalogs.py
[2026-07-09T12:26:01.169+0000] {processor.py:925} INFO - DAG(s) 'dag_extract_catalogs' retrieved from /opt/airflow/dags/dag_extract_catalogs.py
[2026-07-09T12:26:01.179+0000] {logging_mixin.py:190} INFO - [2026-07-09T12:26:01.178+0000] {dag.py:3239} INFO - Sync 1 DAGs
[2026-07-09T12:26:01.186+0000] {logging_mixin.py:190} INFO - [2026-07-09T12:26:01.186+0000] {dag.py:4180} INFO - Setting next_dagrun for dag_extract_catalogs to 2026-07-08 01:00:00+00:00, run_after=2026-07-09 01:00:00+00:00
[2026-07-09T12:26:01.191+0000] {processor.py:208} INFO - Processing /opt/airflow/dags/dag_extract_catalogs.py took 0.031 seconds
[2026-07-09T12:26:31.563+0000] {processor.py:186} INFO - Started process (PID=4583) to work on /opt/airflow/dags/dag_extract_catalogs.py
[2026-07-09T12:26:31.563+0000] {processor.py:914} INFO - Processing file /opt/airflow/dags/dag_extract_catalogs.py for tasks to queue
[2026-07-09T12:26:31.564+0000] {logging_mixin.py:190} INFO - [2026-07-09T12:26:31.564+0000] {dagbag.py:588} INFO - Filling up the DagBag from /opt/airflow/dags/dag_extract_catalogs.py
[2026-07-09T12:26:31.569+0000] {processor.py:925} INFO - DAG(s) 'dag_extract_catalogs' retrieved from /opt/airflow/dags/dag_extract_catalogs.py
[2026-07-09T12:26:31.579+0000] {logging_mixin.py:190} INFO - [2026-07-09T12:26:31.579+0000] {dag.py:3239} INFO - Sync 1 DAGs
[2026-07-09T12:26:31.587+0000] {logging_mixin.py:190} INFO - [2026-07-09T12:26:31.586+0000] {dag.py:4180} INFO - Setting next_dagrun for dag_extract_catalogs to 2026-07-08 01:00:00+00:00, run_after=2026-07-09 01:00:00+00:00
[2026-07-09T12:26:31.591+0000] {processor.py:208} INFO - Processing /opt/airflow/dags/dag_extract_catalogs.py took 0.031 seconds
[2026-07-09T12:27:01.948+0000] {processor.py:186} INFO - Started process (PID=4601) to work on /opt/airflow/dags/dag_extract_catalogs.py
[2026-07-09T12:27:01.949+0000] {processor.py:914} INFO - Processing file /opt/airflow/dags/dag_extract_catalogs.py for tasks to queue
[2026-07-09T12:27:01.950+0000] {logging_mixin.py:190} INFO - [2026-07-09T12:27:01.949+0000] {dagbag.py:588} INFO - Filling up the DagBag from /opt/airflow/dags/dag_extract_catalogs.py
[2026-07-09T12:27:01.957+0000] {processor.py:925} INFO - DAG(s) 'dag_extract_catalogs' retrieved from /opt/airflow/dags/dag_extract_catalogs.py
[2026-07-09T12:27:01.974+0000] {logging_mixin.py:190} INFO - [2026-07-09T12:27:01.974+0000] {dag.py:3239} INFO - Sync 1 DAGs
[2026-07-09T12:27:01.983+0000] {logging_mixin.py:190} INFO - [2026-07-09T12:27:01.983+0000] {dag.py:4180} INFO - Setting next_dagrun for dag_extract_catalogs to 2026-07-08 01:00:00+00:00, run_after=2026-07-09 01:00:00+00:00
[2026-07-09T12:27:01.988+0000] {processor.py:208} INFO - Processing /opt/airflow/dags/dag_extract_catalogs.py took 0.043 seconds
[2026-07-09T12:27:32.414+0000] {processor.py:186} INFO - Started process (PID=4621) to work on /opt/airflow/dags/dag_extract_catalogs.py
[2026-07-09T12:27:32.415+0000] {processor.py:914} INFO - Processing file /opt/airflow/dags/dag_extract_catalogs.py for tasks to queue
[2026-07-09T12:27:32.416+0000] {logging_mixin.py:190} INFO - [2026-07-09T12:27:32.416+0000] {dagbag.py:588} INFO - Filling up the DagBag from /opt/airflow/dags/dag_extract_catalogs.py
[2026-07-09T12:27:32.422+0000] {processor.py:925} INFO - DAG(s) 'dag_extract_catalogs' retrieved from /opt/airflow/dags/dag_extract_catalogs.py
[2026-07-09T12:27:32.439+0000] {logging_mixin.py:190} INFO - [2026-07-09T12:27:32.439+0000] {dag.py:3239} INFO - Sync 1 DAGs
[2026-07-09T12:27:32.448+0000] {logging_mixin.py:190} INFO - [2026-07-09T12:27:32.448+0000] {dag.py:4180} INFO - Setting next_dagrun for dag_extract_catalogs to 2026-07-08 01:00:00+00:00, run_after=2026-07-09 01:00:00+00:00
[2026-07-09T12:27:32.453+0000] {processor.py:208} INFO - Processing /opt/airflow/dags/dag_extract_catalogs.py took 0.042 seconds
[2026-07-09T12:28:02.880+0000] {processor.py:186} INFO - Started process (PID=4641) to work on /opt/airflow/dags/dag_extract_catalogs.py
[2026-07-09T12:28:02.881+0000] {processor.py:914} INFO - Processing file /opt/airflow/dags/dag_extract_catalogs.py for tasks to queue
[2026-07-09T12:28:02.883+0000] {logging_mixin.py:190} INFO - [2026-07-09T12:28:02.882+0000] {dagbag.py:588} INFO - Filling up the DagBag from /opt/airflow/dags/dag_extract_catalogs.py
[2026-07-09T12:28:02.890+0000] {processor.py:925} INFO - DAG(s) 'dag_extract_catalogs' retrieved from /opt/airflow/dags/dag_extract_catalogs.py
[2026-07-09T12:28:02.902+0000] {logging_mixin.py:190} INFO - [2026-07-09T12:28:02.902+0000] {dag.py:3239} INFO - Sync 1 DAGs
[2026-07-09T12:28:02.911+0000] {logging_mixin.py:190} INFO - [2026-07-09T12:28:02.911+0000] {dag.py:4180} INFO - Setting next_dagrun for dag_extract_catalogs to 2026-07-08 01:00:00+00:00, run_after=2026-07-09 01:00:00+00:00
[2026-07-09T12:28:02.916+0000] {processor.py:208} INFO - Processing /opt/airflow/dags/dag_extract_catalogs.py took 0.039 seconds
[2026-07-09T12:28:33.416+0000] {processor.py:186} INFO - Started process (PID=4663) to work on /opt/airflow/dags/dag_extract_catalogs.py
[2026-07-09T12:28:33.417+0000] {processor.py:914} INFO - Processing file /opt/airflow/dags/dag_extract_catalogs.py for tasks to queue
[2026-07-09T12:28:33.418+0000] {logging_mixin.py:190} INFO - [2026-07-09T12:28:33.417+0000] {dagbag.py:588} INFO - Filling up the DagBag from /opt/airflow/dags/dag_extract_catalogs.py
[2026-07-09T12:28:33.422+0000] {processor.py:925} INFO - DAG(s) 'dag_extract_catalogs' retrieved from /opt/airflow/dags/dag_extract_catalogs.py
[2026-07-09T12:28:33.433+0000] {logging_mixin.py:190} INFO - [2026-07-09T12:28:33.433+0000] {dag.py:3239} INFO - Sync 1 DAGs
[2026-07-09T12:28:33.440+0000] {logging_mixin.py:190} INFO - [2026-07-09T12:28:33.440+0000] {dag.py:4180} INFO - Setting next_dagrun for dag_extract_catalogs to 2026-07-08 01:00:00+00:00, run_after=2026-07-09 01:00:00+00:00
[2026-07-09T12:28:33.444+0000] {processor.py:208} INFO - Processing /opt/airflow/dags/dag_extract_catalogs.py took 0.031 seconds
[2026-07-09T12:29:03.817+0000] {processor.py:186} INFO - Started process (PID=4681) to work on /opt/airflow/dags/dag_extract_catalogs.py
[2026-07-09T12:29:03.817+0000] {processor.py:914} INFO - Processing file /opt/airflow/dags/dag_extract_catalogs.py for tasks to queue
[2026-07-09T12:29:03.819+0000] {logging_mixin.py:190} INFO - [2026-07-09T12:29:03.819+0000] {dagbag.py:588} INFO - Filling up the DagBag from /opt/airflow/dags/dag_extract_catalogs.py
[2026-07-09T12:29:03.825+0000] {processor.py:925} INFO - DAG(s) 'dag_extract_catalogs' retrieved from /opt/airflow/dags/dag_extract_catalogs.py
[2026-07-09T12:29:03.839+0000] {logging_mixin.py:190} INFO - [2026-07-09T12:29:03.839+0000] {dag.py:3239} INFO - Sync 1 DAGs
[2026-07-09T12:29:03.848+0000] {logging_mixin.py:190} INFO - [2026-07-09T12:29:03.848+0000] {dag.py:4180} INFO - Setting next_dagrun for dag_extract_catalogs to 2026-07-08 01:00:00+00:00, run_after=2026-07-09 01:00:00+00:00
[2026-07-09T12:29:03.853+0000] {processor.py:208} INFO - Processing /opt/airflow/dags/dag_extract_catalogs.py took 0.039 seconds
[2026-07-09T12:29:34.312+0000] {processor.py:186} INFO - Started process (PID=4701) to work on /opt/airflow/dags/dag_extract_catalogs.py
[2026-07-09T12:29:34.313+0000] {processor.py:914} INFO - Processing file /opt/airflow/dags/dag_extract_catalogs.py for tasks to queue
[2026-07-09T12:29:34.314+0000] {logging_mixin.py:190} INFO - [2026-07-09T12:29:34.314+0000] {dagbag.py:588} INFO - Filling up the DagBag from /opt/airflow/dags/dag_extract_catalogs.py
[2026-07-09T12:29:34.321+0000] {processor.py:925} INFO - DAG(s) 'dag_extract_catalogs' retrieved from /opt/airflow/dags/dag_extract_catalogs.py
[2026-07-09T12:29:34.340+0000] {logging_mixin.py:190} INFO - [2026-07-09T12:29:34.340+0000] {dag.py:3239} INFO - Sync 1 DAGs
[2026-07-09T12:29:34.355+0000] {logging_mixin.py:190} INFO - [2026-07-09T12:29:34.354+0000] {dag.py:4180} INFO - Setting next_dagrun for dag_extract_catalogs to 2026-07-08 01:00:00+00:00, run_after=2026-07-09 01:00:00+00:00
[2026-07-09T12:29:34.360+0000] {processor.py:208} INFO - Processing /opt/airflow/dags/dag_extract_catalogs.py took 0.051 seconds
[2026-07-09T12:30:04.823+0000] {processor.py:186} INFO - Started process (PID=4723) to work on /opt/airflow/dags/dag_extract_catalogs.py
[2026-07-09T12:30:04.823+0000] {processor.py:914} INFO - Processing file /opt/airflow/dags/dag_extract_catalogs.py for tasks to queue
[2026-07-09T12:30:04.824+0000] {logging_mixin.py:190} INFO - [2026-07-09T12:30:04.824+0000] {dagbag.py:588} INFO - Filling up the DagBag from /opt/airflow/dags/dag_extract_catalogs.py
[2026-07-09T12:30:04.829+0000] {processor.py:925} INFO - DAG(s) 'dag_extract_catalogs' retrieved from /opt/airflow/dags/dag_extract_catalogs.py
[2026-07-09T12:30:04.839+0000] {logging_mixin.py:190} INFO - [2026-07-09T12:30:04.839+0000] {dag.py:3239} INFO - Sync 1 DAGs
[2026-07-09T12:30:04.846+0000] {logging_mixin.py:190} INFO - [2026-07-09T12:30:04.846+0000] {dag.py:4180} INFO - Setting next_dagrun for dag_extract_catalogs to 2026-07-08 01:00:00+00:00, run_after=2026-07-09 01:00:00+00:00
[2026-07-09T12:30:04.851+0000] {processor.py:208} INFO - Processing /opt/airflow/dags/dag_extract_catalogs.py took 0.030 seconds
[2026-07-09T12:30:35.342+0000] {processor.py:186} INFO - Started process (PID=4743) to work on /opt/airflow/dags/dag_extract_catalogs.py
[2026-07-09T12:30:35.343+0000] {processor.py:914} INFO - Processing file /opt/airflow/dags/dag_extract_catalogs.py for tasks to queue
[2026-07-09T12:30:35.344+0000] {logging_mixin.py:190} INFO - [2026-07-09T12:30:35.344+0000] {dagbag.py:588} INFO - Filling up the DagBag from /opt/airflow/dags/dag_extract_catalogs.py
[2026-07-09T12:30:35.350+0000] {processor.py:925} INFO - DAG(s) 'dag_extract_catalogs' retrieved from /opt/airflow/dags/dag_extract_catalogs.py
[2026-07-09T12:30:35.361+0000] {logging_mixin.py:190} INFO - [2026-07-09T12:30:35.361+0000] {dag.py:3239} INFO - Sync 1 DAGs
[2026-07-09T12:30:35.369+0000] {logging_mixin.py:190} INFO - [2026-07-09T12:30:35.369+0000] {dag.py:4180} INFO - Setting next_dagrun for dag_extract_catalogs to 2026-07-08 01:00:00+00:00, run_after=2026-07-09 01:00:00+00:00
[2026-07-09T12:30:35.375+0000] {processor.py:208} INFO - Processing /opt/airflow/dags/dag_extract_catalogs.py took 0.036 seconds
[2026-07-09T12:31:05.762+0000] {processor.py:186} INFO - Started process (PID=4761) to work on /opt/airflow/dags/dag_extract_catalogs.py
[2026-07-09T12:31:05.763+0000] {processor.py:914} INFO - Processing file /opt/airflow/dags/dag_extract_catalogs.py for tasks to queue
[2026-07-09T12:31:05.764+0000] {logging_mixin.py:190} INFO - [2026-07-09T12:31:05.764+0000] {dagbag.py:588} INFO - Filling up the DagBag from /opt/airflow/dags/dag_extract_catalogs.py
[2026-07-09T12:31:05.771+0000] {processor.py:925} INFO - DAG(s) 'dag_extract_catalogs' retrieved from /opt/airflow/dags/dag_extract_catalogs.py
[2026-07-09T12:31:05.783+0000] {logging_mixin.py:190} INFO - [2026-07-09T12:31:05.783+0000] {dag.py:3239} INFO - Sync 1 DAGs
[2026-07-09T12:31:05.794+0000] {logging_mixin.py:190} INFO - [2026-07-09T12:31:05.794+0000] {dag.py:4180} INFO - Setting next_dagrun for dag_extract_catalogs to 2026-07-08 01:00:00+00:00, run_after=2026-07-09 01:00:00+00:00
[2026-07-09T12:31:05.802+0000] {processor.py:208} INFO - Processing /opt/airflow/dags/dag_extract_catalogs.py took 0.042 seconds
[2026-07-09T12:31:36.283+0000] {processor.py:186} INFO - Started process (PID=4783) to work on /opt/airflow/dags/dag_extract_catalogs.py
[2026-07-09T12:31:36.283+0000] {processor.py:914} INFO - Processing file /opt/airflow/dags/dag_extract_catalogs.py for tasks to queue
[2026-07-09T12:31:36.284+0000] {logging_mixin.py:190} INFO - [2026-07-09T12:31:36.284+0000] {dagbag.py:588} INFO - Filling up the DagBag from /opt/airflow/dags/dag_extract_catalogs.py
[2026-07-09T12:31:36.289+0000] {processor.py:925} INFO - DAG(s) 'dag_extract_catalogs' retrieved from /opt/airflow/dags/dag_extract_catalogs.py
[2026-07-09T12:31:36.299+0000] {logging_mixin.py:190} INFO - [2026-07-09T12:31:36.299+0000] {dag.py:3239} INFO - Sync 1 DAGs
[2026-07-09T12:31:36.306+0000] {logging_mixin.py:190} INFO - [2026-07-09T12:31:36.306+0000] {dag.py:4180} INFO - Setting next_dagrun for dag_extract_catalogs to 2026-07-08 01:00:00+00:00, run_after=2026-07-09 01:00:00+00:00
[2026-07-09T12:31:36.311+0000] {processor.py:208} INFO - Processing /opt/airflow/dags/dag_extract_catalogs.py took 0.031 seconds
[2026-07-09T12:32:06.744+0000] {processor.py:186} INFO - Started process (PID=4803) to work on /opt/airflow/dags/dag_extract_catalogs.py
[2026-07-09T12:32:06.744+0000] {processor.py:914} INFO - Processing file /opt/airflow/dags/dag_extract_catalogs.py for tasks to queue
[2026-07-09T12:32:06.745+0000] {logging_mixin.py:190} INFO - [2026-07-09T12:32:06.745+0000] {dagbag.py:588} INFO - Filling up the DagBag from /opt/airflow/dags/dag_extract_catalogs.py
[2026-07-09T12:32:06.750+0000] {processor.py:925} INFO - DAG(s) 'dag_extract_catalogs' retrieved from /opt/airflow/dags/dag_extract_catalogs.py
[2026-07-09T12:32:06.760+0000] {logging_mixin.py:190} INFO - [2026-07-09T12:32:06.760+0000] {dag.py:3239} INFO - Sync 1 DAGs
[2026-07-09T12:32:06.767+0000] {logging_mixin.py:190} INFO - [2026-07-09T12:32:06.767+0000] {dag.py:4180} INFO - Setting next_dagrun for dag_extract_catalogs to 2026-07-08 01:00:00+00:00, run_after=2026-07-09 01:00:00+00:00
[2026-07-09T12:32:06.771+0000] {processor.py:208} INFO - Processing /opt/airflow/dags/dag_extract_catalogs.py took 0.030 seconds
[2026-07-09T12:32:37.200+0000] {processor.py:186} INFO - Started process (PID=4823) to work on /opt/airflow/dags/dag_extract_catalogs.py
[2026-07-09T12:32:37.200+0000] {processor.py:914} INFO - Processing file /opt/airflow/dags/dag_extract_catalogs.py for tasks to queue
[2026-07-09T12:32:37.201+0000] {logging_mixin.py:190} INFO - [2026-07-09T12:32:37.201+0000] {dagbag.py:588} INFO - Filling up the DagBag from /opt/airflow/dags/dag_extract_catalogs.py
[2026-07-09T12:32:37.205+0000] {processor.py:925} INFO - DAG(s) 'dag_extract_catalogs' retrieved from /opt/airflow/dags/dag_extract_catalogs.py
[2026-07-09T12:32:37.216+0000] {logging_mixin.py:190} INFO - [2026-07-09T12:32:37.215+0000] {dag.py:3239} INFO - Sync 1 DAGs
[2026-07-09T12:32:37.223+0000] {logging_mixin.py:190} INFO - [2026-07-09T12:32:37.223+0000] {dag.py:4180} INFO - Setting next_dagrun for dag_extract_catalogs to 2026-07-08 01:00:00+00:00, run_after=2026-07-09 01:00:00+00:00
[2026-07-09T12:32:37.227+0000] {processor.py:208} INFO - Processing /opt/airflow/dags/dag_extract_catalogs.py took 0.030 seconds
[2026-07-09T12:33:07.617+0000] {processor.py:186} INFO - Started process (PID=4841) to work on /opt/airflow/dags/dag_extract_catalogs.py
[2026-07-09T12:33:07.618+0000] {processor.py:914} INFO - Processing file /opt/airflow/dags/dag_extract_catalogs.py for tasks to queue
[2026-07-09T12:33:07.619+0000] {logging_mixin.py:190} INFO - [2026-07-09T12:33:07.619+0000] {dagbag.py:588} INFO - Filling up the DagBag from /opt/airflow/dags/dag_extract_catalogs.py
[2026-07-09T12:33:07.626+0000] {processor.py:925} INFO - DAG(s) 'dag_extract_catalogs' retrieved from /opt/airflow/dags/dag_extract_catalogs.py
[2026-07-09T12:33:07.640+0000] {logging_mixin.py:190} INFO - [2026-07-09T12:33:07.640+0000] {dag.py:3239} INFO - Sync 1 DAGs
[2026-07-09T12:33:07.647+0000] {logging_mixin.py:190} INFO - [2026-07-09T12:33:07.647+0000] {dag.py:4180} INFO - Setting next_dagrun for dag_extract_catalogs to 2026-07-08 01:00:00+00:00, run_after=2026-07-09 01:00:00+00:00
[2026-07-09T12:33:07.656+0000] {processor.py:208} INFO - Processing /opt/airflow/dags/dag_extract_catalogs.py took 0.042 seconds
[2026-07-09T12:33:38.170+0000] {processor.py:186} INFO - Started process (PID=4861) to work on /opt/airflow/dags/dag_extract_catalogs.py
[2026-07-09T12:33:38.171+0000] {processor.py:914} INFO - Processing file /opt/airflow/dags/dag_extract_catalogs.py for tasks to queue
[2026-07-09T12:33:38.172+0000] {logging_mixin.py:190} INFO - [2026-07-09T12:33:38.172+0000] {dagbag.py:588} INFO - Filling up the DagBag from /opt/airflow/dags/dag_extract_catalogs.py
[2026-07-09T12:33:38.180+0000] {processor.py:925} INFO - DAG(s) 'dag_extract_catalogs' retrieved from /opt/airflow/dags/dag_extract_catalogs.py
[2026-07-09T12:33:38.203+0000] {logging_mixin.py:190} INFO - [2026-07-09T12:33:38.203+0000] {dag.py:3239} INFO - Sync 1 DAGs
[2026-07-09T12:33:38.213+0000] {logging_mixin.py:190} INFO - [2026-07-09T12:33:38.213+0000] {dag.py:4180} INFO - Setting next_dagrun for dag_extract_catalogs to 2026-07-08 01:00:00+00:00, run_after=2026-07-09 01:00:00+00:00
[2026-07-09T12:33:38.220+0000] {processor.py:208} INFO - Processing /opt/airflow/dags/dag_extract_catalogs.py took 0.056 seconds
[2026-07-09T12:34:08.636+0000] {processor.py:186} INFO - Started process (PID=4881) to work on /opt/airflow/dags/dag_extract_catalogs.py
[2026-07-09T12:34:08.637+0000] {processor.py:914} INFO - Processing file /opt/airflow/dags/dag_extract_catalogs.py for tasks to queue
[2026-07-09T12:34:08.638+0000] {logging_mixin.py:190} INFO - [2026-07-09T12:34:08.638+0000] {dagbag.py:588} INFO - Filling up the DagBag from /opt/airflow/dags/dag_extract_catalogs.py
[2026-07-09T12:34:08.646+0000] {processor.py:925} INFO - DAG(s) 'dag_extract_catalogs' retrieved from /opt/airflow/dags/dag_extract_catalogs.py
[2026-07-09T12:34:08.660+0000] {logging_mixin.py:190} INFO - [2026-07-09T12:34:08.660+0000] {dag.py:3239} INFO - Sync 1 DAGs
[2026-07-09T12:34:08.671+0000] {logging_mixin.py:190} INFO - [2026-07-09T12:34:08.670+0000] {dag.py:4180} INFO - Setting next_dagrun for dag_extract_catalogs to 2026-07-08 01:00:00+00:00, run_after=2026-07-09 01:00:00+00:00
[2026-07-09T12:34:08.677+0000] {processor.py:208} INFO - Processing /opt/airflow/dags/dag_extract_catalogs.py took 0.044 seconds
[2026-07-09T12:34:39.129+0000] {processor.py:186} INFO - Started process (PID=4903) to work on /opt/airflow/dags/dag_extract_catalogs.py
[2026-07-09T12:34:39.129+0000] {processor.py:914} INFO - Processing file /opt/airflow/dags/dag_extract_catalogs.py for tasks to queue
[2026-07-09T12:34:39.130+0000] {logging_mixin.py:190} INFO - [2026-07-09T12:34:39.130+0000] {dagbag.py:588} INFO - Filling up the DagBag from /opt/airflow/dags/dag_extract_catalogs.py
[2026-07-09T12:34:39.135+0000] {processor.py:925} INFO - DAG(s) 'dag_extract_catalogs' retrieved from /opt/airflow/dags/dag_extract_catalogs.py
[2026-07-09T12:34:39.146+0000] {logging_mixin.py:190} INFO - [2026-07-09T12:34:39.145+0000] {dag.py:3239} INFO - Sync 1 DAGs
[2026-07-09T12:34:39.153+0000] {logging_mixin.py:190} INFO - [2026-07-09T12:34:39.153+0000] {dag.py:4180} INFO - Setting next_dagrun for dag_extract_catalogs to 2026-07-08 01:00:00+00:00, run_after=2026-07-09 01:00:00+00:00
[2026-07-09T12:34:39.157+0000] {processor.py:208} INFO - Processing /opt/airflow/dags/dag_extract_catalogs.py took 0.031 seconds
[2026-07-09T12:35:09.660+0000] {processor.py:186} INFO - Started process (PID=4921) to work on /opt/airflow/dags/dag_extract_catalogs.py
[2026-07-09T12:35:09.663+0000] {processor.py:914} INFO - Processing file /opt/airflow/dags/dag_extract_catalogs.py for tasks to queue
[2026-07-09T12:35:09.664+0000] {logging_mixin.py:190} INFO - [2026-07-09T12:35:09.664+0000] {dagbag.py:588} INFO - Filling up the DagBag from /opt/airflow/dags/dag_extract_catalogs.py
[2026-07-09T12:35:09.671+0000] {processor.py:925} INFO - DAG(s) 'dag_extract_catalogs' retrieved from /opt/airflow/dags/dag_extract_catalogs.py
[2026-07-09T12:35:09.687+0000] {logging_mixin.py:190} INFO - [2026-07-09T12:35:09.687+0000] {dag.py:3239} INFO - Sync 1 DAGs
[2026-07-09T12:35:09.694+0000] {logging_mixin.py:190} INFO - [2026-07-09T12:35:09.694+0000] {dag.py:4180} INFO - Setting next_dagrun for dag_extract_catalogs to 2026-07-08 01:00:00+00:00, run_after=2026-07-09 01:00:00+00:00
[2026-07-09T12:35:09.699+0000] {processor.py:208} INFO - Processing /opt/airflow/dags/dag_extract_catalogs.py took 0.042 seconds
[2026-07-09T12:35:40.190+0000] {processor.py:186} INFO - Started process (PID=4943) to work on /opt/airflow/dags/dag_extract_catalogs.py
[2026-07-09T12:35:40.191+0000] {processor.py:914} INFO - Processing file /opt/airflow/dags/dag_extract_catalogs.py for tasks to queue
[2026-07-09T12:35:40.192+0000] {logging_mixin.py:190} INFO - [2026-07-09T12:35:40.192+0000] {dagbag.py:588} INFO - Filling up the DagBag from /opt/airflow/dags/dag_extract_catalogs.py
[2026-07-09T12:35:40.197+0000] {processor.py:925} INFO - DAG(s) 'dag_extract_catalogs' retrieved from /opt/airflow/dags/dag_extract_catalogs.py
[2026-07-09T12:35:40.208+0000] {logging_mixin.py:190} INFO - [2026-07-09T12:35:40.208+0000] {dag.py:3239} INFO - Sync 1 DAGs
[2026-07-09T12:35:40.278+0000] {logging_mixin.py:190} INFO - [2026-07-09T12:35:40.278+0000] {dag.py:4180} INFO - Setting next_dagrun for dag_extract_catalogs to 2026-07-08 01:00:00+00:00, run_after=2026-07-09 01:00:00+00:00
[2026-07-09T12:35:40.283+0000] {processor.py:208} INFO - Processing /opt/airflow/dags/dag_extract_catalogs.py took 0.096 seconds
[2026-07-09T12:36:10.736+0000] {processor.py:186} INFO - Started process (PID=4963) to work on /opt/airflow/dags/dag_extract_catalogs.py
[2026-07-09T12:36:10.736+0000] {processor.py:914} INFO - Processing file /opt/airflow/dags/dag_extract_catalogs.py for tasks to queue
[2026-07-09T12:36:10.737+0000] {logging_mixin.py:190} INFO - [2026-07-09T12:36:10.737+0000] {dagbag.py:588} INFO - Filling up the DagBag from /opt/airflow/dags/dag_extract_catalogs.py
[2026-07-09T12:36:10.742+0000] {processor.py:925} INFO - DAG(s) 'dag_extract_catalogs' retrieved from /opt/airflow/dags/dag_extract_catalogs.py
[2026-07-09T12:36:10.752+0000] {logging_mixin.py:190} INFO - [2026-07-09T12:36:10.752+0000] {dag.py:3239} INFO - Sync 1 DAGs
[2026-07-09T12:36:10.759+0000] {logging_mixin.py:190} INFO - [2026-07-09T12:36:10.759+0000] {dag.py:4180} INFO - Setting next_dagrun for dag_extract_catalogs to 2026-07-08 01:00:00+00:00, run_after=2026-07-09 01:00:00+00:00
[2026-07-09T12:36:10.763+0000] {processor.py:208} INFO - Processing /opt/airflow/dags/dag_extract_catalogs.py took 0.030 seconds
[2026-07-09T12:36:41.364+0000] {processor.py:186} INFO - Started process (PID=4981) to work on /opt/airflow/dags/dag_extract_catalogs.py
[2026-07-09T12:36:41.365+0000] {processor.py:914} INFO - Processing file /opt/airflow/dags/dag_extract_catalogs.py for tasks to queue
[2026-07-09T12:36:41.367+0000] {logging_mixin.py:190} INFO - [2026-07-09T12:36:41.366+0000] {dagbag.py:588} INFO - Filling up the DagBag from /opt/airflow/dags/dag_extract_catalogs.py
[2026-07-09T12:36:41.374+0000] {processor.py:925} INFO - DAG(s) 'dag_extract_catalogs' retrieved from /opt/airflow/dags/dag_extract_catalogs.py
[2026-07-09T12:36:41.460+0000] {logging_mixin.py:190} INFO - [2026-07-09T12:36:41.460+0000] {dag.py:3239} INFO - Sync 1 DAGs
[2026-07-09T12:36:41.467+0000] {logging_mixin.py:190} INFO - [2026-07-09T12:36:41.467+0000] {dag.py:4180} INFO - Setting next_dagrun for dag_extract_catalogs to 2026-07-08 01:00:00+00:00, run_after=2026-07-09 01:00:00+00:00
[2026-07-09T12:36:41.471+0000] {processor.py:208} INFO - Processing /opt/airflow/dags/dag_extract_catalogs.py took 0.110 seconds
[2026-07-09T12:37:11.927+0000] {processor.py:186} INFO - Started process (PID=5001) to work on /opt/airflow/dags/dag_extract_catalogs.py
[2026-07-09T12:37:11.928+0000] {processor.py:914} INFO - Processing file /opt/airflow/dags/dag_extract_catalogs.py for tasks to queue
[2026-07-09T12:37:11.929+0000] {logging_mixin.py:190} INFO - [2026-07-09T12:37:11.929+0000] {dagbag.py:588} INFO - Filling up the DagBag from /opt/airflow/dags/dag_extract_catalogs.py
[2026-07-09T12:37:11.938+0000] {processor.py:925} INFO - DAG(s) 'dag_extract_catalogs' retrieved from /opt/airflow/dags/dag_extract_catalogs.py
[2026-07-09T12:37:11.951+0000] {logging_mixin.py:190} INFO - [2026-07-09T12:37:11.951+0000] {dag.py:3239} INFO - Sync 1 DAGs
[2026-07-09T12:37:12.035+0000] {logging_mixin.py:190} INFO - [2026-07-09T12:37:12.035+0000] {dag.py:4180} INFO - Setting next_dagrun for dag_extract_catalogs to 2026-07-08 01:00:00+00:00, run_after=2026-07-09 01:00:00+00:00
[2026-07-09T12:37:12.039+0000] {processor.py:208} INFO - Processing /opt/airflow/dags/dag_extract_catalogs.py took 0.115 seconds
[2026-07-09T12:37:42.813+0000] {processor.py:186} INFO - Started process (PID=5023) to work on /opt/airflow/dags/dag_extract_catalogs.py
[2026-07-09T12:37:42.813+0000] {processor.py:914} INFO - Processing file /opt/airflow/dags/dag_extract_catalogs.py for tasks to queue
[2026-07-09T12:37:42.814+0000] {logging_mixin.py:190} INFO - [2026-07-09T12:37:42.814+0000] {dagbag.py:588} INFO - Filling up the DagBag from /opt/airflow/dags/dag_extract_catalogs.py
[2026-07-09T12:37:42.819+0000] {processor.py:925} INFO - DAG(s) 'dag_extract_catalogs' retrieved from /opt/airflow/dags/dag_extract_catalogs.py
[2026-07-09T12:37:42.829+0000] {logging_mixin.py:190} INFO - [2026-07-09T12:37:42.829+0000] {dag.py:3239} INFO - Sync 1 DAGs
[2026-07-09T12:37:42.837+0000] {logging_mixin.py:190} INFO - [2026-07-09T12:37:42.836+0000] {dag.py:4180} INFO - Setting next_dagrun for dag_extract_catalogs to 2026-07-08 01:00:00+00:00, run_after=2026-07-09 01:00:00+00:00
[2026-07-09T12:37:42.841+0000] {processor.py:208} INFO - Processing /opt/airflow/dags/dag_extract_catalogs.py took 0.031 seconds
[2026-07-09T12:38:13.368+0000] {processor.py:186} INFO - Started process (PID=5043) to work on /opt/airflow/dags/dag_extract_catalogs.py
[2026-07-09T12:38:13.369+0000] {processor.py:914} INFO - Processing file /opt/airflow/dags/dag_extract_catalogs.py for tasks to queue
[2026-07-09T12:38:13.370+0000] {logging_mixin.py:190} INFO - [2026-07-09T12:38:13.369+0000] {dagbag.py:588} INFO - Filling up the DagBag from /opt/airflow/dags/dag_extract_catalogs.py
[2026-07-09T12:38:13.375+0000] {processor.py:925} INFO - DAG(s) 'dag_extract_catalogs' retrieved from /opt/airflow/dags/dag_extract_catalogs.py
[2026-07-09T12:38:13.385+0000] {logging_mixin.py:190} INFO - [2026-07-09T12:38:13.385+0000] {dag.py:3239} INFO - Sync 1 DAGs
[2026-07-09T12:38:13.392+0000] {logging_mixin.py:190} INFO - [2026-07-09T12:38:13.392+0000] {dag.py:4180} INFO - Setting next_dagrun for dag_extract_catalogs to 2026-07-08 01:00:00+00:00, run_after=2026-07-09 01:00:00+00:00
[2026-07-09T12:38:13.397+0000] {processor.py:208} INFO - Processing /opt/airflow/dags/dag_extract_catalogs.py took 0.031 seconds
[2026-07-09T12:38:43.907+0000] {processor.py:186} INFO - Started process (PID=5063) to work on /opt/airflow/dags/dag_extract_catalogs.py
[2026-07-09T12:38:43.908+0000] {processor.py:914} INFO - Processing file /opt/airflow/dags/dag_extract_catalogs.py for tasks to queue
[2026-07-09T12:38:43.908+0000] {logging_mixin.py:190} INFO - [2026-07-09T12:38:43.908+0000] {dagbag.py:588} INFO - Filling up the DagBag from /opt/airflow/dags/dag_extract_catalogs.py
[2026-07-09T12:38:43.913+0000] {processor.py:925} INFO - DAG(s) 'dag_extract_catalogs' retrieved from /opt/airflow/dags/dag_extract_catalogs.py
[2026-07-09T12:38:43.923+0000] {logging_mixin.py:190} INFO - [2026-07-09T12:38:43.923+0000] {dag.py:3239} INFO - Sync 1 DAGs
[2026-07-09T12:38:43.931+0000] {logging_mixin.py:190} INFO - [2026-07-09T12:38:43.931+0000] {dag.py:4180} INFO - Setting next_dagrun for dag_extract_catalogs to 2026-07-08 01:00:00+00:00, run_after=2026-07-09 01:00:00+00:00
[2026-07-09T12:38:43.935+0000] {processor.py:208} INFO - Processing /opt/airflow/dags/dag_extract_catalogs.py took 0.031 seconds
[2026-07-09T12:39:14.369+0000] {processor.py:186} INFO - Started process (PID=5083) to work on /opt/airflow/dags/dag_extract_catalogs.py
[2026-07-09T12:39:14.369+0000] {processor.py:914} INFO - Processing file /opt/airflow/dags/dag_extract_catalogs.py for tasks to queue
[2026-07-09T12:39:14.370+0000] {logging_mixin.py:190} INFO - [2026-07-09T12:39:14.370+0000] {dagbag.py:588} INFO - Filling up the DagBag from /opt/airflow/dags/dag_extract_catalogs.py
[2026-07-09T12:39:14.375+0000] {processor.py:925} INFO - DAG(s) 'dag_extract_catalogs' retrieved from /opt/airflow/dags/dag_extract_catalogs.py
[2026-07-09T12:39:14.385+0000] {logging_mixin.py:190} INFO - [2026-07-09T12:39:14.385+0000] {dag.py:3239} INFO - Sync 1 DAGs
[2026-07-09T12:39:14.392+0000] {logging_mixin.py:190} INFO - [2026-07-09T12:39:14.392+0000] {dag.py:4180} INFO - Setting next_dagrun for dag_extract_catalogs to 2026-07-08 01:00:00+00:00, run_after=2026-07-09 01:00:00+00:00
[2026-07-09T12:39:14.397+0000] {processor.py:208} INFO - Processing /opt/airflow/dags/dag_extract_catalogs.py took 0.031 seconds
[2026-07-09T12:39:44.895+0000] {processor.py:186} INFO - Started process (PID=5103) to work on /opt/airflow/dags/dag_extract_catalogs.py
[2026-07-09T12:39:44.895+0000] {processor.py:914} INFO - Processing file /opt/airflow/dags/dag_extract_catalogs.py for tasks to queue
[2026-07-09T12:39:44.896+0000] {logging_mixin.py:190} INFO - [2026-07-09T12:39:44.896+0000] {dagbag.py:588} INFO - Filling up the DagBag from /opt/airflow/dags/dag_extract_catalogs.py
[2026-07-09T12:39:44.901+0000] {processor.py:925} INFO - DAG(s) 'dag_extract_catalogs' retrieved from /opt/airflow/dags/dag_extract_catalogs.py
[2026-07-09T12:39:44.911+0000] {logging_mixin.py:190} INFO - [2026-07-09T12:39:44.911+0000] {dag.py:3239} INFO - Sync 1 DAGs
[2026-07-09T12:39:44.918+0000] {logging_mixin.py:190} INFO - [2026-07-09T12:39:44.918+0000] {dag.py:4180} INFO - Setting next_dagrun for dag_extract_catalogs to 2026-07-08 01:00:00+00:00, run_after=2026-07-09 01:00:00+00:00
[2026-07-09T12:39:44.923+0000] {processor.py:208} INFO - Processing /opt/airflow/dags/dag_extract_catalogs.py took 0.032 seconds
[2026-07-09T12:40:15.375+0000] {processor.py:186} INFO - Started process (PID=5123) to work on /opt/airflow/dags/dag_extract_catalogs.py
[2026-07-09T12:40:15.375+0000] {processor.py:914} INFO - Processing file /opt/airflow/dags/dag_extract_catalogs.py for tasks to queue
[2026-07-09T12:40:15.376+0000] {logging_mixin.py:190} INFO - [2026-07-09T12:40:15.376+0000] {dagbag.py:588} INFO - Filling up the DagBag from /opt/airflow/dags/dag_extract_catalogs.py
[2026-07-09T12:40:15.381+0000] {processor.py:925} INFO - DAG(s) 'dag_extract_catalogs' retrieved from /opt/airflow/dags/dag_extract_catalogs.py
[2026-07-09T12:40:15.391+0000] {logging_mixin.py:190} INFO - [2026-07-09T12:40:15.391+0000] {dag.py:3239} INFO - Sync 1 DAGs
[2026-07-09T12:40:15.398+0000] {logging_mixin.py:190} INFO - [2026-07-09T12:40:15.398+0000] {dag.py:4180} INFO - Setting next_dagrun for dag_extract_catalogs to 2026-07-08 01:00:00+00:00, run_after=2026-07-09 01:00:00+00:00
[2026-07-09T12:40:15.403+0000] {processor.py:208} INFO - Processing /opt/airflow/dags/dag_extract_catalogs.py took 0.031 seconds
[2026-07-09T12:40:45.862+0000] {processor.py:186} INFO - Started process (PID=5141) to work on /opt/airflow/dags/dag_extract_catalogs.py
[2026-07-09T12:40:45.863+0000] {processor.py:914} INFO - Processing file /opt/airflow/dags/dag_extract_catalogs.py for tasks to queue
[2026-07-09T12:40:45.864+0000] {logging_mixin.py:190} INFO - [2026-07-09T12:40:45.864+0000] {dagbag.py:588} INFO - Filling up the DagBag from /opt/airflow/dags/dag_extract_catalogs.py
[2026-07-09T12:40:45.871+0000] {processor.py:925} INFO - DAG(s) 'dag_extract_catalogs' retrieved from /opt/airflow/dags/dag_extract_catalogs.py
[2026-07-09T12:40:45.882+0000] {logging_mixin.py:190} INFO - [2026-07-09T12:40:45.882+0000] {dag.py:3239} INFO - Sync 1 DAGs
[2026-07-09T12:40:45.891+0000] {logging_mixin.py:190} INFO - [2026-07-09T12:40:45.891+0000] {dag.py:4180} INFO - Setting next_dagrun for dag_extract_catalogs to 2026-07-08 01:00:00+00:00, run_after=2026-07-09 01:00:00+00:00
[2026-07-09T12:40:45.899+0000] {processor.py:208} INFO - Processing /opt/airflow/dags/dag_extract_catalogs.py took 0.040 seconds
[2026-07-09T12:41:16.441+0000] {processor.py:186} INFO - Started process (PID=5163) to work on /opt/airflow/dags/dag_extract_catalogs.py
[2026-07-09T12:41:16.442+0000] {processor.py:914} INFO - Processing file /opt/airflow/dags/dag_extract_catalogs.py for tasks to queue
[2026-07-09T12:41:16.443+0000] {logging_mixin.py:190} INFO - [2026-07-09T12:41:16.442+0000] {dagbag.py:588} INFO - Filling up the DagBag from /opt/airflow/dags/dag_extract_catalogs.py
[2026-07-09T12:41:16.447+0000] {processor.py:925} INFO - DAG(s) 'dag_extract_catalogs' retrieved from /opt/airflow/dags/dag_extract_catalogs.py
[2026-07-09T12:41:16.458+0000] {logging_mixin.py:190} INFO - [2026-07-09T12:41:16.458+0000] {dag.py:3239} INFO - Sync 1 DAGs
[2026-07-09T12:41:16.465+0000] {logging_mixin.py:190} INFO - [2026-07-09T12:41:16.465+0000] {dag.py:4180} INFO - Setting next_dagrun for dag_extract_catalogs to 2026-07-08 01:00:00+00:00, run_after=2026-07-09 01:00:00+00:00
[2026-07-09T12:41:16.470+0000] {processor.py:208} INFO - Processing /opt/airflow/dags/dag_extract_catalogs.py took 0.031 seconds
[2026-07-09T12:41:46.947+0000] {processor.py:186} INFO - Started process (PID=5183) to work on /opt/airflow/dags/dag_extract_catalogs.py
[2026-07-09T12:41:46.947+0000] {processor.py:914} INFO - Processing file /opt/airflow/dags/dag_extract_catalogs.py for tasks to queue
[2026-07-09T12:41:46.948+0000] {logging_mixin.py:190} INFO - [2026-07-09T12:41:46.948+0000] {dagbag.py:588} INFO - Filling up the DagBag from /opt/airflow/dags/dag_extract_catalogs.py
[2026-07-09T12:41:46.953+0000] {processor.py:925} INFO - DAG(s) 'dag_extract_catalogs' retrieved from /opt/airflow/dags/dag_extract_catalogs.py
[2026-07-09T12:41:46.964+0000] {logging_mixin.py:190} INFO - [2026-07-09T12:41:46.964+0000] {dag.py:3239} INFO - Sync 1 DAGs
[2026-07-09T12:41:46.971+0000] {logging_mixin.py:190} INFO - [2026-07-09T12:41:46.971+0000] {dag.py:4180} INFO - Setting next_dagrun for dag_extract_catalogs to 2026-07-08 01:00:00+00:00, run_after=2026-07-09 01:00:00+00:00
[2026-07-09T12:41:46.976+0000] {processor.py:208} INFO - Processing /opt/airflow/dags/dag_extract_catalogs.py took 0.032 seconds
[2026-07-09T12:42:17.451+0000] {processor.py:186} INFO - Started process (PID=5203) to work on /opt/airflow/dags/dag_extract_catalogs.py
[2026-07-09T12:42:17.451+0000] {processor.py:914} INFO - Processing file /opt/airflow/dags/dag_extract_catalogs.py for tasks to queue
[2026-07-09T12:42:17.452+0000] {logging_mixin.py:190} INFO - [2026-07-09T12:42:17.452+0000] {dagbag.py:588} INFO - Filling up the DagBag from /opt/airflow/dags/dag_extract_catalogs.py
[2026-07-09T12:42:17.457+0000] {processor.py:925} INFO - DAG(s) 'dag_extract_catalogs' retrieved from /opt/airflow/dags/dag_extract_catalogs.py
[2026-07-09T12:42:17.467+0000] {logging_mixin.py:190} INFO - [2026-07-09T12:42:17.467+0000] {dag.py:3239} INFO - Sync 1 DAGs
[2026-07-09T12:42:17.474+0000] {logging_mixin.py:190} INFO - [2026-07-09T12:42:17.474+0000] {dag.py:4180} INFO - Setting next_dagrun for dag_extract_catalogs to 2026-07-08 01:00:00+00:00, run_after=2026-07-09 01:00:00+00:00
[2026-07-09T12:42:17.479+0000] {processor.py:208} INFO - Processing /opt/airflow/dags/dag_extract_catalogs.py took 0.032 seconds
[2026-07-09T12:42:47.996+0000] {processor.py:186} INFO - Started process (PID=5223) to work on /opt/airflow/dags/dag_extract_catalogs.py
[2026-07-09T12:42:47.996+0000] {processor.py:914} INFO - Processing file /opt/airflow/dags/dag_extract_catalogs.py for tasks to queue
[2026-07-09T12:42:47.997+0000] {logging_mixin.py:190} INFO - [2026-07-09T12:42:47.997+0000] {dagbag.py:588} INFO - Filling up the DagBag from /opt/airflow/dags/dag_extract_catalogs.py
[2026-07-09T12:42:48.002+0000] {processor.py:925} INFO - DAG(s) 'dag_extract_catalogs' retrieved from /opt/airflow/dags/dag_extract_catalogs.py
[2026-07-09T12:42:48.013+0000] {logging_mixin.py:190} INFO - [2026-07-09T12:42:48.013+0000] {dag.py:3239} INFO - Sync 1 DAGs
[2026-07-09T12:42:48.020+0000] {logging_mixin.py:190} INFO - [2026-07-09T12:42:48.020+0000] {dag.py:4180} INFO - Setting next_dagrun for dag_extract_catalogs to 2026-07-08 01:00:00+00:00, run_after=2026-07-09 01:00:00+00:00
[2026-07-09T12:42:48.024+0000] {processor.py:208} INFO - Processing /opt/airflow/dags/dag_extract_catalogs.py took 0.031 seconds
[2026-07-09T12:43:18.515+0000] {processor.py:186} INFO - Started process (PID=5243) to work on /opt/airflow/dags/dag_extract_catalogs.py
[2026-07-09T12:43:18.515+0000] {processor.py:914} INFO - Processing file /opt/airflow/dags/dag_extract_catalogs.py for tasks to queue
[2026-07-09T12:43:18.516+0000] {logging_mixin.py:190} INFO - [2026-07-09T12:43:18.516+0000] {dagbag.py:588} INFO - Filling up the DagBag from /opt/airflow/dags/dag_extract_catalogs.py
[2026-07-09T12:43:18.521+0000] {processor.py:925} INFO - DAG(s) 'dag_extract_catalogs' retrieved from /opt/airflow/dags/dag_extract_catalogs.py
[2026-07-09T12:43:18.532+0000] {logging_mixin.py:190} INFO - [2026-07-09T12:43:18.532+0000] {dag.py:3239} INFO - Sync 1 DAGs
[2026-07-09T12:43:18.540+0000] {logging_mixin.py:190} INFO - [2026-07-09T12:43:18.540+0000] {dag.py:4180} INFO - Setting next_dagrun for dag_extract_catalogs to 2026-07-08 01:00:00+00:00, run_after=2026-07-09 01:00:00+00:00
[2026-07-09T12:43:18.544+0000] {processor.py:208} INFO - Processing /opt/airflow/dags/dag_extract_catalogs.py took 0.033 seconds
[2026-07-09T12:43:48.941+0000] {processor.py:186} INFO - Started process (PID=5261) to work on /opt/airflow/dags/dag_extract_catalogs.py
[2026-07-09T12:43:48.942+0000] {processor.py:914} INFO - Processing file /opt/airflow/dags/dag_extract_catalogs.py for tasks to queue
[2026-07-09T12:43:48.944+0000] {logging_mixin.py:190} INFO - [2026-07-09T12:43:48.944+0000] {dagbag.py:588} INFO - Filling up the DagBag from /opt/airflow/dags/dag_extract_catalogs.py
[2026-07-09T12:43:48.950+0000] {processor.py:925} INFO - DAG(s) 'dag_extract_catalogs' retrieved from /opt/airflow/dags/dag_extract_catalogs.py
[2026-07-09T12:43:48.964+0000] {logging_mixin.py:190} INFO - [2026-07-09T12:43:48.964+0000] {dag.py:3239} INFO - Sync 1 DAGs
[2026-07-09T12:43:48.975+0000] {logging_mixin.py:190} INFO - [2026-07-09T12:43:48.975+0000] {dag.py:4180} INFO - Setting next_dagrun for dag_extract_catalogs to 2026-07-08 01:00:00+00:00, run_after=2026-07-09 01:00:00+00:00
[2026-07-09T12:43:48.980+0000] {processor.py:208} INFO - Processing /opt/airflow/dags/dag_extract_catalogs.py took 0.043 seconds
[2026-07-09T12:44:19.452+0000] {processor.py:186} INFO - Started process (PID=5283) to work on /opt/airflow/dags/dag_extract_catalogs.py
[2026-07-09T12:44:19.452+0000] {processor.py:914} INFO - Processing file /opt/airflow/dags/dag_extract_catalogs.py for tasks to queue
[2026-07-09T12:44:19.453+0000] {logging_mixin.py:190} INFO - [2026-07-09T12:44:19.453+0000] {dagbag.py:588} INFO - Filling up the DagBag from /opt/airflow/dags/dag_extract_catalogs.py
[2026-07-09T12:44:19.458+0000] {processor.py:925} INFO - DAG(s) 'dag_extract_catalogs' retrieved from /opt/airflow/dags/dag_extract_catalogs.py
[2026-07-09T12:44:19.468+0000] {logging_mixin.py:190} INFO - [2026-07-09T12:44:19.468+0000] {dag.py:3239} INFO - Sync 1 DAGs
[2026-07-09T12:44:19.475+0000] {logging_mixin.py:190} INFO - [2026-07-09T12:44:19.475+0000] {dag.py:4180} INFO - Setting next_dagrun for dag_extract_catalogs to 2026-07-08 01:00:00+00:00, run_after=2026-07-09 01:00:00+00:00
[2026-07-09T12:44:19.481+0000] {processor.py:208} INFO - Processing /opt/airflow/dags/dag_extract_catalogs.py took 0.032 seconds
[2026-07-09T12:44:49.840+0000] {processor.py:186} INFO - Started process (PID=5303) to work on /opt/airflow/dags/dag_extract_catalogs.py
[2026-07-09T12:44:49.840+0000] {processor.py:914} INFO - Processing file /opt/airflow/dags/dag_extract_catalogs.py for tasks to queue
[2026-07-09T12:44:49.841+0000] {logging_mixin.py:190} INFO - [2026-07-09T12:44:49.841+0000] {dagbag.py:588} INFO - Filling up the DagBag from /opt/airflow/dags/dag_extract_catalogs.py
[2026-07-09T12:44:49.846+0000] {processor.py:925} INFO - DAG(s) 'dag_extract_catalogs' retrieved from /opt/airflow/dags/dag_extract_catalogs.py
[2026-07-09T12:44:49.856+0000] {logging_mixin.py:190} INFO - [2026-07-09T12:44:49.856+0000] {dag.py:3239} INFO - Sync 1 DAGs
[2026-07-09T12:44:49.863+0000] {logging_mixin.py:190} INFO - [2026-07-09T12:44:49.863+0000] {dag.py:4180} INFO - Setting next_dagrun for dag_extract_catalogs to 2026-07-08 01:00:00+00:00, run_after=2026-07-09 01:00:00+00:00
[2026-07-09T12:44:49.868+0000] {processor.py:208} INFO - Processing /opt/airflow/dags/dag_extract_catalogs.py took 0.030 seconds
[2026-07-09T12:45:20.297+0000] {processor.py:186} INFO - Started process (PID=5323) to work on /opt/airflow/dags/dag_extract_catalogs.py
[2026-07-09T12:45:20.298+0000] {processor.py:914} INFO - Processing file /opt/airflow/dags/dag_extract_catalogs.py for tasks to queue
[2026-07-09T12:45:20.298+0000] {logging_mixin.py:190} INFO - [2026-07-09T12:45:20.298+0000] {dagbag.py:588} INFO - Filling up the DagBag from /opt/airflow/dags/dag_extract_catalogs.py
[2026-07-09T12:45:20.304+0000] {processor.py:925} INFO - DAG(s) 'dag_extract_catalogs' retrieved from /opt/airflow/dags/dag_extract_catalogs.py
[2026-07-09T12:45:20.314+0000] {logging_mixin.py:190} INFO - [2026-07-09T12:45:20.314+0000] {dag.py:3239} INFO - Sync 1 DAGs
[2026-07-09T12:45:20.321+0000] {logging_mixin.py:190} INFO - [2026-07-09T12:45:20.321+0000] {dag.py:4180} INFO - Setting next_dagrun for dag_extract_catalogs to 2026-07-08 01:00:00+00:00, run_after=2026-07-09 01:00:00+00:00
[2026-07-09T12:45:20.326+0000] {processor.py:208} INFO - Processing /opt/airflow/dags/dag_extract_catalogs.py took 0.031 seconds
[2026-07-09T12:45:50.756+0000] {processor.py:186} INFO - Started process (PID=5341) to work on /opt/airflow/dags/dag_extract_catalogs.py
[2026-07-09T12:45:50.757+0000] {processor.py:914} INFO - Processing file /opt/airflow/dags/dag_extract_catalogs.py for tasks to queue
[2026-07-09T12:45:50.759+0000] {logging_mixin.py:190} INFO - [2026-07-09T12:45:50.759+0000] {dagbag.py:588} INFO - Filling up the DagBag from /opt/airflow/dags/dag_extract_catalogs.py
[2026-07-09T12:45:50.764+0000] {processor.py:925} INFO - DAG(s) 'dag_extract_catalogs' retrieved from /opt/airflow/dags/dag_extract_catalogs.py
[2026-07-09T12:45:50.781+0000] {logging_mixin.py:190} INFO - [2026-07-09T12:45:50.781+0000] {dag.py:3239} INFO - Sync 1 DAGs
[2026-07-09T12:45:50.790+0000] {logging_mixin.py:190} INFO - [2026-07-09T12:45:50.790+0000] {dag.py:4180} INFO - Setting next_dagrun for dag_extract_catalogs to 2026-07-08 01:00:00+00:00, run_after=2026-07-09 01:00:00+00:00
[2026-07-09T12:45:50.799+0000] {processor.py:208} INFO - Processing /opt/airflow/dags/dag_extract_catalogs.py took 0.047 seconds
[2026-07-09T12:46:21.217+0000] {processor.py:186} INFO - Started process (PID=5361) to work on /opt/airflow/dags/dag_extract_catalogs.py
[2026-07-09T12:46:21.217+0000] {processor.py:914} INFO - Processing file /opt/airflow/dags/dag_extract_catalogs.py for tasks to queue
[2026-07-09T12:46:21.219+0000] {logging_mixin.py:190} INFO - [2026-07-09T12:46:21.219+0000] {dagbag.py:588} INFO - Filling up the DagBag from /opt/airflow/dags/dag_extract_catalogs.py
[2026-07-09T12:46:21.226+0000] {processor.py:925} INFO - DAG(s) 'dag_extract_catalogs' retrieved from /opt/airflow/dags/dag_extract_catalogs.py
[2026-07-09T12:46:21.242+0000] {logging_mixin.py:190} INFO - [2026-07-09T12:46:21.242+0000] {dag.py:3239} INFO - Sync 1 DAGs
[2026-07-09T12:46:21.251+0000] {logging_mixin.py:190} INFO - [2026-07-09T12:46:21.250+0000] {dag.py:4180} INFO - Setting next_dagrun for dag_extract_catalogs to 2026-07-08 01:00:00+00:00, run_after=2026-07-09 01:00:00+00:00
[2026-07-09T12:46:21.255+0000] {processor.py:208} INFO - Processing /opt/airflow/dags/dag_extract_catalogs.py took 0.041 seconds
[2026-07-09T12:46:51.753+0000] {processor.py:186} INFO - Started process (PID=5383) to work on /opt/airflow/dags/dag_extract_catalogs.py
[2026-07-09T12:46:51.754+0000] {processor.py:914} INFO - Processing file /opt/airflow/dags/dag_extract_catalogs.py for tasks to queue
[2026-07-09T12:46:51.755+0000] {logging_mixin.py:190} INFO - [2026-07-09T12:46:51.755+0000] {dagbag.py:588} INFO - Filling up the DagBag from /opt/airflow/dags/dag_extract_catalogs.py
[2026-07-09T12:46:51.760+0000] {processor.py:925} INFO - DAG(s) 'dag_extract_catalogs' retrieved from /opt/airflow/dags/dag_extract_catalogs.py
[2026-07-09T12:46:51.771+0000] {logging_mixin.py:190} INFO - [2026-07-09T12:46:51.771+0000] {dag.py:3239} INFO - Sync 1 DAGs
[2026-07-09T12:46:51.778+0000] {logging_mixin.py:190} INFO - [2026-07-09T12:46:51.778+0000] {dag.py:4180} INFO - Setting next_dagrun for dag_extract_catalogs to 2026-07-08 01:00:00+00:00, run_after=2026-07-09 01:00:00+00:00
[2026-07-09T12:46:51.783+0000] {processor.py:208} INFO - Processing /opt/airflow/dags/dag_extract_catalogs.py took 0.034 seconds
[2026-07-09T12:47:22.195+0000] {processor.py:186} INFO - Started process (PID=5401) to work on /opt/airflow/dags/dag_extract_catalogs.py
[2026-07-09T12:47:22.196+0000] {processor.py:914} INFO - Processing file /opt/airflow/dags/dag_extract_catalogs.py for tasks to queue
[2026-07-09T12:47:22.197+0000] {logging_mixin.py:190} INFO - [2026-07-09T12:47:22.196+0000] {dagbag.py:588} INFO - Filling up the DagBag from /opt/airflow/dags/dag_extract_catalogs.py
[2026-07-09T12:47:22.202+0000] {processor.py:925} INFO - DAG(s) 'dag_extract_catalogs' retrieved from /opt/airflow/dags/dag_extract_catalogs.py
[2026-07-09T12:47:22.215+0000] {logging_mixin.py:190} INFO - [2026-07-09T12:47:22.215+0000] {dag.py:3239} INFO - Sync 1 DAGs
[2026-07-09T12:47:22.223+0000] {logging_mixin.py:190} INFO - [2026-07-09T12:47:22.223+0000] {dag.py:4180} INFO - Setting next_dagrun for dag_extract_catalogs to 2026-07-08 01:00:00+00:00, run_after=2026-07-09 01:00:00+00:00
[2026-07-09T12:47:22.228+0000] {processor.py:208} INFO - Processing /opt/airflow/dags/dag_extract_catalogs.py took 0.037 seconds
[2026-07-09T12:47:52.664+0000] {processor.py:186} INFO - Started process (PID=5423) to work on /opt/airflow/dags/dag_extract_catalogs.py
[2026-07-09T12:47:52.664+0000] {processor.py:914} INFO - Processing file /opt/airflow/dags/dag_extract_catalogs.py for tasks to queue
[2026-07-09T12:47:52.665+0000] {logging_mixin.py:190} INFO - [2026-07-09T12:47:52.665+0000] {dagbag.py:588} INFO - Filling up the DagBag from /opt/airflow/dags/dag_extract_catalogs.py
[2026-07-09T12:47:52.670+0000] {processor.py:925} INFO - DAG(s) 'dag_extract_catalogs' retrieved from /opt/airflow/dags/dag_extract_catalogs.py
[2026-07-09T12:47:52.681+0000] {logging_mixin.py:190} INFO - [2026-07-09T12:47:52.680+0000] {dag.py:3239} INFO - Sync 1 DAGs
[2026-07-09T12:47:52.688+0000] {logging_mixin.py:190} INFO - [2026-07-09T12:47:52.688+0000] {dag.py:4180} INFO - Setting next_dagrun for dag_extract_catalogs to 2026-07-08 01:00:00+00:00, run_after=2026-07-09 01:00:00+00:00
[2026-07-09T12:47:52.693+0000] {processor.py:208} INFO - Processing /opt/airflow/dags/dag_extract_catalogs.py took 0.032 seconds
[2026-07-09T12:48:23.132+0000] {processor.py:186} INFO - Started process (PID=5443) to work on /opt/airflow/dags/dag_extract_catalogs.py
[2026-07-09T12:48:23.133+0000] {processor.py:914} INFO - Processing file /opt/airflow/dags/dag_extract_catalogs.py for tasks to queue
[2026-07-09T12:48:23.134+0000] {logging_mixin.py:190} INFO - [2026-07-09T12:48:23.134+0000] {dagbag.py:588} INFO - Filling up the DagBag from /opt/airflow/dags/dag_extract_catalogs.py
[2026-07-09T12:48:23.139+0000] {processor.py:925} INFO - DAG(s) 'dag_extract_catalogs' retrieved from /opt/airflow/dags/dag_extract_catalogs.py
[2026-07-09T12:48:23.149+0000] {logging_mixin.py:190} INFO - [2026-07-09T12:48:23.149+0000] {dag.py:3239} INFO - Sync 1 DAGs
[2026-07-09T12:48:23.156+0000] {logging_mixin.py:190} INFO - [2026-07-09T12:48:23.156+0000] {dag.py:4180} INFO - Setting next_dagrun for dag_extract_catalogs to 2026-07-08 01:00:00+00:00, run_after=2026-07-09 01:00:00+00:00
[2026-07-09T12:48:23.161+0000] {processor.py:208} INFO - Processing /opt/airflow/dags/dag_extract_catalogs.py took 0.031 seconds
[2026-07-09T12:48:53.514+0000] {processor.py:186} INFO - Started process (PID=5463) to work on /opt/airflow/dags/dag_extract_catalogs.py
[2026-07-09T12:48:53.515+0000] {processor.py:914} INFO - Processing file /opt/airflow/dags/dag_extract_catalogs.py for tasks to queue
[2026-07-09T12:48:53.516+0000] {logging_mixin.py:190} INFO - [2026-07-09T12:48:53.516+0000] {dagbag.py:588} INFO - Filling up the DagBag from /opt/airflow/dags/dag_extract_catalogs.py
[2026-07-09T12:48:53.521+0000] {processor.py:925} INFO - DAG(s) 'dag_extract_catalogs' retrieved from /opt/airflow/dags/dag_extract_catalogs.py
[2026-07-09T12:48:53.531+0000] {logging_mixin.py:190} INFO - [2026-07-09T12:48:53.531+0000] {dag.py:3239} INFO - Sync 1 DAGs
[2026-07-09T12:48:53.538+0000] {logging_mixin.py:190} INFO - [2026-07-09T12:48:53.538+0000] {dag.py:4180} INFO - Setting next_dagrun for dag_extract_catalogs to 2026-07-08 01:00:00+00:00, run_after=2026-07-09 01:00:00+00:00
[2026-07-09T12:48:53.543+0000] {processor.py:208} INFO - Processing /opt/airflow/dags/dag_extract_catalogs.py took 0.032 seconds
[2026-07-09T12:49:23.932+0000] {processor.py:186} INFO - Started process (PID=5481) to work on /opt/airflow/dags/dag_extract_catalogs.py
[2026-07-09T12:49:23.933+0000] {processor.py:914} INFO - Processing file /opt/airflow/dags/dag_extract_catalogs.py for tasks to queue
[2026-07-09T12:49:23.934+0000] {logging_mixin.py:190} INFO - [2026-07-09T12:49:23.934+0000] {dagbag.py:588} INFO - Filling up the DagBag from /opt/airflow/dags/dag_extract_catalogs.py
[2026-07-09T12:49:23.942+0000] {processor.py:925} INFO - DAG(s) 'dag_extract_catalogs' retrieved from /opt/airflow/dags/dag_extract_catalogs.py
[2026-07-09T12:49:23.957+0000] {logging_mixin.py:190} INFO - [2026-07-09T12:49:23.956+0000] {dag.py:3239} INFO - Sync 1 DAGs
[2026-07-09T12:49:23.966+0000] {logging_mixin.py:190} INFO - [2026-07-09T12:49:23.966+0000] {dag.py:4180} INFO - Setting next_dagrun for dag_extract_catalogs to 2026-07-08 01:00:00+00:00, run_after=2026-07-09 01:00:00+00:00
[2026-07-09T12:49:23.971+0000] {processor.py:208} INFO - Processing /opt/airflow/dags/dag_extract_catalogs.py took 0.041 seconds
[2026-07-09T12:49:54.482+0000] {processor.py:186} INFO - Started process (PID=5503) to work on /opt/airflow/dags/dag_extract_catalogs.py
[2026-07-09T12:49:54.482+0000] {processor.py:914} INFO - Processing file /opt/airflow/dags/dag_extract_catalogs.py for tasks to queue
[2026-07-09T12:49:54.483+0000] {logging_mixin.py:190} INFO - [2026-07-09T12:49:54.483+0000] {dagbag.py:588} INFO - Filling up the DagBag from /opt/airflow/dags/dag_extract_catalogs.py
[2026-07-09T12:49:54.488+0000] {processor.py:925} INFO - DAG(s) 'dag_extract_catalogs' retrieved from /opt/airflow/dags/dag_extract_catalogs.py
[2026-07-09T12:49:54.499+0000] {logging_mixin.py:190} INFO - [2026-07-09T12:49:54.499+0000] {dag.py:3239} INFO - Sync 1 DAGs
[2026-07-09T12:49:54.506+0000] {logging_mixin.py:190} INFO - [2026-07-09T12:49:54.506+0000] {dag.py:4180} INFO - Setting next_dagrun for dag_extract_catalogs to 2026-07-08 01:00:00+00:00, run_after=2026-07-09 01:00:00+00:00
[2026-07-09T12:49:54.510+0000] {processor.py:208} INFO - Processing /opt/airflow/dags/dag_extract_catalogs.py took 0.031 seconds
[2026-07-09T12:50:24.947+0000] {processor.py:186} INFO - Started process (PID=5523) to work on /opt/airflow/dags/dag_extract_catalogs.py
[2026-07-09T12:50:24.948+0000] {processor.py:914} INFO - Processing file /opt/airflow/dags/dag_extract_catalogs.py for tasks to queue
[2026-07-09T12:50:24.949+0000] {logging_mixin.py:190} INFO - [2026-07-09T12:50:24.948+0000] {dagbag.py:588} INFO - Filling up the DagBag from /opt/airflow/dags/dag_extract_catalogs.py
[2026-07-09T12:50:24.953+0000] {processor.py:925} INFO - DAG(s) 'dag_extract_catalogs' retrieved from /opt/airflow/dags/dag_extract_catalogs.py
[2026-07-09T12:50:24.964+0000] {logging_mixin.py:190} INFO - [2026-07-09T12:50:24.964+0000] {dag.py:3239} INFO - Sync 1 DAGs
[2026-07-09T12:50:24.972+0000] {logging_mixin.py:190} INFO - [2026-07-09T12:50:24.972+0000] {dag.py:4180} INFO - Setting next_dagrun for dag_extract_catalogs to 2026-07-08 01:00:00+00:00, run_after=2026-07-09 01:00:00+00:00
[2026-07-09T12:50:24.978+0000] {processor.py:208} INFO - Processing /opt/airflow/dags/dag_extract_catalogs.py took 0.033 seconds
[2026-07-09T12:50:55.492+0000] {processor.py:186} INFO - Started process (PID=5543) to work on /opt/airflow/dags/dag_extract_catalogs.py
[2026-07-09T12:50:55.492+0000] {processor.py:914} INFO - Processing file /opt/airflow/dags/dag_extract_catalogs.py for tasks to queue
[2026-07-09T12:50:55.493+0000] {logging_mixin.py:190} INFO - [2026-07-09T12:50:55.493+0000] {dagbag.py:588} INFO - Filling up the DagBag from /opt/airflow/dags/dag_extract_catalogs.py
[2026-07-09T12:50:55.498+0000] {processor.py:925} INFO - DAG(s) 'dag_extract_catalogs' retrieved from /opt/airflow/dags/dag_extract_catalogs.py
[2026-07-09T12:50:55.509+0000] {logging_mixin.py:190} INFO - [2026-07-09T12:50:55.508+0000] {dag.py:3239} INFO - Sync 1 DAGs
[2026-07-09T12:50:55.516+0000] {logging_mixin.py:190} INFO - [2026-07-09T12:50:55.516+0000] {dag.py:4180} INFO - Setting next_dagrun for dag_extract_catalogs to 2026-07-08 01:00:00+00:00, run_after=2026-07-09 01:00:00+00:00
[2026-07-09T12:50:55.521+0000] {processor.py:208} INFO - Processing /opt/airflow/dags/dag_extract_catalogs.py took 0.031 seconds
[2026-07-09T12:51:26.013+0000] {processor.py:186} INFO - Started process (PID=5563) to work on /opt/airflow/dags/dag_extract_catalogs.py
[2026-07-09T12:51:26.013+0000] {processor.py:914} INFO - Processing file /opt/airflow/dags/dag_extract_catalogs.py for tasks to queue
[2026-07-09T12:51:26.014+0000] {logging_mixin.py:190} INFO - [2026-07-09T12:51:26.014+0000] {dagbag.py:588} INFO - Filling up the DagBag from /opt/airflow/dags/dag_extract_catalogs.py
[2026-07-09T12:51:26.019+0000] {processor.py:925} INFO - DAG(s) 'dag_extract_catalogs' retrieved from /opt/airflow/dags/dag_extract_catalogs.py
[2026-07-09T12:51:26.029+0000] {logging_mixin.py:190} INFO - [2026-07-09T12:51:26.029+0000] {dag.py:3239} INFO - Sync 1 DAGs
[2026-07-09T12:51:26.036+0000] {logging_mixin.py:190} INFO - [2026-07-09T12:51:26.036+0000] {dag.py:4180} INFO - Setting next_dagrun for dag_extract_catalogs to 2026-07-08 01:00:00+00:00, run_after=2026-07-09 01:00:00+00:00
[2026-07-09T12:51:26.041+0000] {processor.py:208} INFO - Processing /opt/airflow/dags/dag_extract_catalogs.py took 0.031 seconds
[2026-07-09T12:51:56.516+0000] {processor.py:186} INFO - Started process (PID=5583) to work on /opt/airflow/dags/dag_extract_catalogs.py
[2026-07-09T12:51:56.516+0000] {processor.py:914} INFO - Processing file /opt/airflow/dags/dag_extract_catalogs.py for tasks to queue
[2026-07-09T12:51:56.517+0000] {logging_mixin.py:190} INFO - [2026-07-09T12:51:56.517+0000] {dagbag.py:588} INFO - Filling up the DagBag from /opt/airflow/dags/dag_extract_catalogs.py
[2026-07-09T12:51:56.522+0000] {processor.py:925} INFO - DAG(s) 'dag_extract_catalogs' retrieved from /opt/airflow/dags/dag_extract_catalogs.py
[2026-07-09T12:51:56.532+0000] {logging_mixin.py:190} INFO - [2026-07-09T12:51:56.532+0000] {dag.py:3239} INFO - Sync 1 DAGs
[2026-07-09T12:51:56.539+0000] {logging_mixin.py:190} INFO - [2026-07-09T12:51:56.539+0000] {dag.py:4180} INFO - Setting next_dagrun for dag_extract_catalogs to 2026-07-08 01:00:00+00:00, run_after=2026-07-09 01:00:00+00:00
[2026-07-09T12:51:56.544+0000] {processor.py:208} INFO - Processing /opt/airflow/dags/dag_extract_catalogs.py took 0.031 seconds
[2026-07-09T12:52:27.054+0000] {processor.py:186} INFO - Started process (PID=5603) to work on /opt/airflow/dags/dag_extract_catalogs.py
[2026-07-09T12:52:27.054+0000] {processor.py:914} INFO - Processing file /opt/airflow/dags/dag_extract_catalogs.py for tasks to queue
[2026-07-09T12:52:27.055+0000] {logging_mixin.py:190} INFO - [2026-07-09T12:52:27.055+0000] {dagbag.py:588} INFO - Filling up the DagBag from /opt/airflow/dags/dag_extract_catalogs.py
[2026-07-09T12:52:27.060+0000] {processor.py:925} INFO - DAG(s) 'dag_extract_catalogs' retrieved from /opt/airflow/dags/dag_extract_catalogs.py
[2026-07-09T12:52:27.070+0000] {logging_mixin.py:190} INFO - [2026-07-09T12:52:27.070+0000] {dag.py:3239} INFO - Sync 1 DAGs
[2026-07-09T12:52:27.077+0000] {logging_mixin.py:190} INFO - [2026-07-09T12:52:27.077+0000] {dag.py:4180} INFO - Setting next_dagrun for dag_extract_catalogs to 2026-07-08 01:00:00+00:00, run_after=2026-07-09 01:00:00+00:00
[2026-07-09T12:52:27.082+0000] {processor.py:208} INFO - Processing /opt/airflow/dags/dag_extract_catalogs.py took 0.031 seconds
[2026-07-09T12:52:57.625+0000] {processor.py:186} INFO - Started process (PID=5623) to work on /opt/airflow/dags/dag_extract_catalogs.py
[2026-07-09T12:52:57.625+0000] {processor.py:914} INFO - Processing file /opt/airflow/dags/dag_extract_catalogs.py for tasks to queue
[2026-07-09T12:52:57.626+0000] {logging_mixin.py:190} INFO - [2026-07-09T12:52:57.626+0000] {dagbag.py:588} INFO - Filling up the DagBag from /opt/airflow/dags/dag_extract_catalogs.py
[2026-07-09T12:52:57.631+0000] {processor.py:925} INFO - DAG(s) 'dag_extract_catalogs' retrieved from /opt/airflow/dags/dag_extract_catalogs.py
[2026-07-09T12:52:57.642+0000] {logging_mixin.py:190} INFO - [2026-07-09T12:52:57.641+0000] {dag.py:3239} INFO - Sync 1 DAGs
[2026-07-09T12:52:57.649+0000] {logging_mixin.py:190} INFO - [2026-07-09T12:52:57.649+0000] {dag.py:4180} INFO - Setting next_dagrun for dag_extract_catalogs to 2026-07-08 01:00:00+00:00, run_after=2026-07-09 01:00:00+00:00
[2026-07-09T12:52:57.653+0000] {processor.py:208} INFO - Processing /opt/airflow/dags/dag_extract_catalogs.py took 0.032 seconds
[2026-07-09T12:53:28.067+0000] {processor.py:186} INFO - Started process (PID=5643) to work on /opt/airflow/dags/dag_extract_catalogs.py
[2026-07-09T12:53:28.067+0000] {processor.py:914} INFO - Processing file /opt/airflow/dags/dag_extract_catalogs.py for tasks to queue
[2026-07-09T12:53:28.068+0000] {logging_mixin.py:190} INFO - [2026-07-09T12:53:28.068+0000] {dagbag.py:588} INFO - Filling up the DagBag from /opt/airflow/dags/dag_extract_catalogs.py
[2026-07-09T12:53:28.073+0000] {processor.py:925} INFO - DAG(s) 'dag_extract_catalogs' retrieved from /opt/airflow/dags/dag_extract_catalogs.py
[2026-07-09T12:53:28.083+0000] {logging_mixin.py:190} INFO - [2026-07-09T12:53:28.083+0000] {dag.py:3239} INFO - Sync 1 DAGs
[2026-07-09T12:53:28.090+0000] {logging_mixin.py:190} INFO - [2026-07-09T12:53:28.090+0000] {dag.py:4180} INFO - Setting next_dagrun for dag_extract_catalogs to 2026-07-08 01:00:00+00:00, run_after=2026-07-09 01:00:00+00:00
[2026-07-09T12:53:28.095+0000] {processor.py:208} INFO - Processing /opt/airflow/dags/dag_extract_catalogs.py took 0.031 seconds
[2026-07-09T12:53:58.643+0000] {processor.py:186} INFO - Started process (PID=5663) to work on /opt/airflow/dags/dag_extract_catalogs.py
[2026-07-09T12:53:58.644+0000] {processor.py:914} INFO - Processing file /opt/airflow/dags/dag_extract_catalogs.py for tasks to queue
[2026-07-09T12:53:58.645+0000] {logging_mixin.py:190} INFO - [2026-07-09T12:53:58.645+0000] {dagbag.py:588} INFO - Filling up the DagBag from /opt/airflow/dags/dag_extract_catalogs.py
[2026-07-09T12:53:58.650+0000] {processor.py:925} INFO - DAG(s) 'dag_extract_catalogs' retrieved from /opt/airflow/dags/dag_extract_catalogs.py
[2026-07-09T12:53:58.662+0000] {logging_mixin.py:190} INFO - [2026-07-09T12:53:58.662+0000] {dag.py:3239} INFO - Sync 1 DAGs
[2026-07-09T12:53:58.672+0000] {logging_mixin.py:190} INFO - [2026-07-09T12:53:58.672+0000] {dag.py:4180} INFO - Setting next_dagrun for dag_extract_catalogs to 2026-07-08 01:00:00+00:00, run_after=2026-07-09 01:00:00+00:00
[2026-07-09T12:53:58.678+0000] {processor.py:208} INFO - Processing /opt/airflow/dags/dag_extract_catalogs.py took 0.037 seconds
[2026-07-09T12:54:29.056+0000] {processor.py:186} INFO - Started process (PID=5681) to work on /opt/airflow/dags/dag_extract_catalogs.py
[2026-07-09T12:54:29.058+0000] {processor.py:914} INFO - Processing file /opt/airflow/dags/dag_extract_catalogs.py for tasks to queue
[2026-07-09T12:54:29.059+0000] {logging_mixin.py:190} INFO - [2026-07-09T12:54:29.059+0000] {dagbag.py:588} INFO - Filling up the DagBag from /opt/airflow/dags/dag_extract_catalogs.py
[2026-07-09T12:54:29.066+0000] {processor.py:925} INFO - DAG(s) 'dag_extract_catalogs' retrieved from /opt/airflow/dags/dag_extract_catalogs.py
[2026-07-09T12:54:29.077+0000] {logging_mixin.py:190} INFO - [2026-07-09T12:54:29.077+0000] {dag.py:3239} INFO - Sync 1 DAGs
[2026-07-09T12:54:29.085+0000] {logging_mixin.py:190} INFO - [2026-07-09T12:54:29.085+0000] {dag.py:4180} INFO - Setting next_dagrun for dag_extract_catalogs to 2026-07-08 01:00:00+00:00, run_after=2026-07-09 01:00:00+00:00
[2026-07-09T12:54:29.090+0000] {processor.py:208} INFO - Processing /opt/airflow/dags/dag_extract_catalogs.py took 0.037 seconds
[2026-07-09T12:54:59.666+0000] {processor.py:186} INFO - Started process (PID=5703) to work on /opt/airflow/dags/dag_extract_catalogs.py
[2026-07-09T12:54:59.666+0000] {processor.py:914} INFO - Processing file /opt/airflow/dags/dag_extract_catalogs.py for tasks to queue
[2026-07-09T12:54:59.667+0000] {logging_mixin.py:190} INFO - [2026-07-09T12:54:59.667+0000] {dagbag.py:588} INFO - Filling up the DagBag from /opt/airflow/dags/dag_extract_catalogs.py
[2026-07-09T12:54:59.672+0000] {processor.py:925} INFO - DAG(s) 'dag_extract_catalogs' retrieved from /opt/airflow/dags/dag_extract_catalogs.py
[2026-07-09T12:54:59.682+0000] {logging_mixin.py:190} INFO - [2026-07-09T12:54:59.682+0000] {dag.py:3239} INFO - Sync 1 DAGs
[2026-07-09T12:54:59.689+0000] {logging_mixin.py:190} INFO - [2026-07-09T12:54:59.689+0000] {dag.py:4180} INFO - Setting next_dagrun for dag_extract_catalogs to 2026-07-08 01:00:00+00:00, run_after=2026-07-09 01:00:00+00:00
[2026-07-09T12:54:59.695+0000] {processor.py:208} INFO - Processing /opt/airflow/dags/dag_extract_catalogs.py took 0.032 seconds
[2026-07-09T12:55:30.137+0000] {processor.py:186} INFO - Started process (PID=5721) to work on /opt/airflow/dags/dag_extract_catalogs.py
[2026-07-09T12:55:30.137+0000] {processor.py:914} INFO - Processing file /opt/airflow/dags/dag_extract_catalogs.py for tasks to queue
[2026-07-09T12:55:30.139+0000] {logging_mixin.py:190} INFO - [2026-07-09T12:55:30.139+0000] {dagbag.py:588} INFO - Filling up the DagBag from /opt/airflow/dags/dag_extract_catalogs.py
[2026-07-09T12:55:30.145+0000] {processor.py:925} INFO - DAG(s) 'dag_extract_catalogs' retrieved from /opt/airflow/dags/dag_extract_catalogs.py
[2026-07-09T12:55:30.160+0000] {logging_mixin.py:190} INFO - [2026-07-09T12:55:30.160+0000] {dag.py:3239} INFO - Sync 1 DAGs
[2026-07-09T12:55:30.172+0000] {logging_mixin.py:190} INFO - [2026-07-09T12:55:30.171+0000] {dag.py:4180} INFO - Setting next_dagrun for dag_extract_catalogs to 2026-07-08 01:00:00+00:00, run_after=2026-07-09 01:00:00+00:00
[2026-07-09T12:55:30.176+0000] {processor.py:208} INFO - Processing /opt/airflow/dags/dag_extract_catalogs.py took 0.042 seconds
[2026-07-09T12:56:00.703+0000] {processor.py:186} INFO - Started process (PID=5743) to work on /opt/airflow/dags/dag_extract_catalogs.py
[2026-07-09T12:56:00.703+0000] {processor.py:914} INFO - Processing file /opt/airflow/dags/dag_extract_catalogs.py for tasks to queue
[2026-07-09T12:56:00.704+0000] {logging_mixin.py:190} INFO - [2026-07-09T12:56:00.704+0000] {dagbag.py:588} INFO - Filling up the DagBag from /opt/airflow/dags/dag_extract_catalogs.py
[2026-07-09T12:56:00.709+0000] {processor.py:925} INFO - DAG(s) 'dag_extract_catalogs' retrieved from /opt/airflow/dags/dag_extract_catalogs.py
[2026-07-09T12:56:00.720+0000] {logging_mixin.py:190} INFO - [2026-07-09T12:56:00.720+0000] {dag.py:3239} INFO - Sync 1 DAGs
[2026-07-09T12:56:00.727+0000] {logging_mixin.py:190} INFO - [2026-07-09T12:56:00.727+0000] {dag.py:4180} INFO - Setting next_dagrun for dag_extract_catalogs to 2026-07-08 01:00:00+00:00, run_after=2026-07-09 01:00:00+00:00
[2026-07-09T12:56:00.732+0000] {processor.py:208} INFO - Processing /opt/airflow/dags/dag_extract_catalogs.py took 0.031 seconds
[2026-07-09T12:56:31.136+0000] {processor.py:186} INFO - Started process (PID=5761) to work on /opt/airflow/dags/dag_extract_catalogs.py
[2026-07-09T12:56:31.137+0000] {processor.py:914} INFO - Processing file /opt/airflow/dags/dag_extract_catalogs.py for tasks to queue
[2026-07-09T12:56:31.138+0000] {logging_mixin.py:190} INFO - [2026-07-09T12:56:31.138+0000] {dagbag.py:588} INFO - Filling up the DagBag from /opt/airflow/dags/dag_extract_catalogs.py
[2026-07-09T12:56:31.144+0000] {processor.py:925} INFO - DAG(s) 'dag_extract_catalogs' retrieved from /opt/airflow/dags/dag_extract_catalogs.py
[2026-07-09T12:56:31.159+0000] {logging_mixin.py:190} INFO - [2026-07-09T12:56:31.159+0000] {dag.py:3239} INFO - Sync 1 DAGs
[2026-07-09T12:56:31.168+0000] {logging_mixin.py:190} INFO - [2026-07-09T12:56:31.168+0000] {dag.py:4180} INFO - Setting next_dagrun for dag_extract_catalogs to 2026-07-08 01:00:00+00:00, run_after=2026-07-09 01:00:00+00:00
[2026-07-09T12:56:31.173+0000] {processor.py:208} INFO - Processing /opt/airflow/dags/dag_extract_catalogs.py took 0.040 seconds
[2026-07-09T12:57:01.676+0000] {processor.py:186} INFO - Started process (PID=5783) to work on /opt/airflow/dags/dag_extract_catalogs.py
[2026-07-09T12:57:01.676+0000] {processor.py:914} INFO - Processing file /opt/airflow/dags/dag_extract_catalogs.py for tasks to queue
[2026-07-09T12:57:01.677+0000] {logging_mixin.py:190} INFO - [2026-07-09T12:57:01.677+0000] {dagbag.py:588} INFO - Filling up the DagBag from /opt/airflow/dags/dag_extract_catalogs.py
[2026-07-09T12:57:01.682+0000] {processor.py:925} INFO - DAG(s) 'dag_extract_catalogs' retrieved from /opt/airflow/dags/dag_extract_catalogs.py
[2026-07-09T12:57:01.693+0000] {logging_mixin.py:190} INFO - [2026-07-09T12:57:01.693+0000] {dag.py:3239} INFO - Sync 1 DAGs
[2026-07-09T12:57:01.700+0000] {logging_mixin.py:190} INFO - [2026-07-09T12:57:01.700+0000] {dag.py:4180} INFO - Setting next_dagrun for dag_extract_catalogs to 2026-07-08 01:00:00+00:00, run_after=2026-07-09 01:00:00+00:00
[2026-07-09T12:57:01.705+0000] {processor.py:208} INFO - Processing /opt/airflow/dags/dag_extract_catalogs.py took 0.032 seconds
[2026-07-09T12:57:32.117+0000] {processor.py:186} INFO - Started process (PID=5803) to work on /opt/airflow/dags/dag_extract_catalogs.py
[2026-07-09T12:57:32.117+0000] {processor.py:914} INFO - Processing file /opt/airflow/dags/dag_extract_catalogs.py for tasks to queue
[2026-07-09T12:57:32.118+0000] {logging_mixin.py:190} INFO - [2026-07-09T12:57:32.118+0000] {dagbag.py:588} INFO - Filling up the DagBag from /opt/airflow/dags/dag_extract_catalogs.py
[2026-07-09T12:57:32.123+0000] {processor.py:925} INFO - DAG(s) 'dag_extract_catalogs' retrieved from /opt/airflow/dags/dag_extract_catalogs.py
[2026-07-09T12:57:32.134+0000] {logging_mixin.py:190} INFO - [2026-07-09T12:57:32.134+0000] {dag.py:3239} INFO - Sync 1 DAGs
[2026-07-09T12:57:32.142+0000] {logging_mixin.py:190} INFO - [2026-07-09T12:57:32.142+0000] {dag.py:4180} INFO - Setting next_dagrun for dag_extract_catalogs to 2026-07-08 01:00:00+00:00, run_after=2026-07-09 01:00:00+00:00
[2026-07-09T12:57:32.146+0000] {processor.py:208} INFO - Processing /opt/airflow/dags/dag_extract_catalogs.py took 0.032 seconds
[2026-07-09T12:58:02.542+0000] {processor.py:186} INFO - Started process (PID=5823) to work on /opt/airflow/dags/dag_extract_catalogs.py
[2026-07-09T12:58:02.542+0000] {processor.py:914} INFO - Processing file /opt/airflow/dags/dag_extract_catalogs.py for tasks to queue
[2026-07-09T12:58:02.543+0000] {logging_mixin.py:190} INFO - [2026-07-09T12:58:02.543+0000] {dagbag.py:588} INFO - Filling up the DagBag from /opt/airflow/dags/dag_extract_catalogs.py
[2026-07-09T12:58:02.548+0000] {processor.py:925} INFO - DAG(s) 'dag_extract_catalogs' retrieved from /opt/airflow/dags/dag_extract_catalogs.py
[2026-07-09T12:58:02.558+0000] {logging_mixin.py:190} INFO - [2026-07-09T12:58:02.558+0000] {dag.py:3239} INFO - Sync 1 DAGs
[2026-07-09T12:58:02.565+0000] {logging_mixin.py:190} INFO - [2026-07-09T12:58:02.565+0000] {dag.py:4180} INFO - Setting next_dagrun for dag_extract_catalogs to 2026-07-08 01:00:00+00:00, run_after=2026-07-09 01:00:00+00:00
[2026-07-09T12:58:02.570+0000] {processor.py:208} INFO - Processing /opt/airflow/dags/dag_extract_catalogs.py took 0.031 seconds
[2026-07-09T12:58:32.961+0000] {processor.py:186} INFO - Started process (PID=5843) to work on /opt/airflow/dags/dag_extract_catalogs.py
[2026-07-09T12:58:32.961+0000] {processor.py:914} INFO - Processing file /opt/airflow/dags/dag_extract_catalogs.py for tasks to queue
[2026-07-09T12:58:32.962+0000] {logging_mixin.py:190} INFO - [2026-07-09T12:58:32.962+0000] {dagbag.py:588} INFO - Filling up the DagBag from /opt/airflow/dags/dag_extract_catalogs.py
[2026-07-09T12:58:32.967+0000] {processor.py:925} INFO - DAG(s) 'dag_extract_catalogs' retrieved from /opt/airflow/dags/dag_extract_catalogs.py
[2026-07-09T12:58:32.978+0000] {logging_mixin.py:190} INFO - [2026-07-09T12:58:32.977+0000] {dag.py:3239} INFO - Sync 1 DAGs
[2026-07-09T12:58:32.985+0000] {logging_mixin.py:190} INFO - [2026-07-09T12:58:32.985+0000] {dag.py:4180} INFO - Setting next_dagrun for dag_extract_catalogs to 2026-07-08 01:00:00+00:00, run_after=2026-07-09 01:00:00+00:00
[2026-07-09T12:58:32.990+0000] {processor.py:208} INFO - Processing /opt/airflow/dags/dag_extract_catalogs.py took 0.031 seconds
[2026-07-09T12:59:03.436+0000] {processor.py:186} INFO - Started process (PID=5863) to work on /opt/airflow/dags/dag_extract_catalogs.py
[2026-07-09T12:59:03.436+0000] {processor.py:914} INFO - Processing file /opt/airflow/dags/dag_extract_catalogs.py for tasks to queue
[2026-07-09T12:59:03.437+0000] {logging_mixin.py:190} INFO - [2026-07-09T12:59:03.437+0000] {dagbag.py:588} INFO - Filling up the DagBag from /opt/airflow/dags/dag_extract_catalogs.py
[2026-07-09T12:59:03.442+0000] {processor.py:925} INFO - DAG(s) 'dag_extract_catalogs' retrieved from /opt/airflow/dags/dag_extract_catalogs.py
[2026-07-09T12:59:03.452+0000] {logging_mixin.py:190} INFO - [2026-07-09T12:59:03.452+0000] {dag.py:3239} INFO - Sync 1 DAGs
[2026-07-09T12:59:03.459+0000] {logging_mixin.py:190} INFO - [2026-07-09T12:59:03.459+0000] {dag.py:4180} INFO - Setting next_dagrun for dag_extract_catalogs to 2026-07-08 01:00:00+00:00, run_after=2026-07-09 01:00:00+00:00
[2026-07-09T12:59:03.464+0000] {processor.py:208} INFO - Processing /opt/airflow/dags/dag_extract_catalogs.py took 0.031 seconds
[2026-07-09T12:59:33.887+0000] {processor.py:186} INFO - Started process (PID=5883) to work on /opt/airflow/dags/dag_extract_catalogs.py
[2026-07-09T12:59:33.887+0000] {processor.py:914} INFO - Processing file /opt/airflow/dags/dag_extract_catalogs.py for tasks to queue
[2026-07-09T12:59:33.888+0000] {logging_mixin.py:190} INFO - [2026-07-09T12:59:33.888+0000] {dagbag.py:588} INFO - Filling up the DagBag from /opt/airflow/dags/dag_extract_catalogs.py
[2026-07-09T12:59:33.893+0000] {processor.py:925} INFO - DAG(s) 'dag_extract_catalogs' retrieved from /opt/airflow/dags/dag_extract_catalogs.py
[2026-07-09T12:59:33.903+0000] {logging_mixin.py:190} INFO - [2026-07-09T12:59:33.903+0000] {dag.py:3239} INFO - Sync 1 DAGs
[2026-07-09T12:59:33.910+0000] {logging_mixin.py:190} INFO - [2026-07-09T12:59:33.910+0000] {dag.py:4180} INFO - Setting next_dagrun for dag_extract_catalogs to 2026-07-08 01:00:00+00:00, run_after=2026-07-09 01:00:00+00:00
[2026-07-09T12:59:33.915+0000] {processor.py:208} INFO - Processing /opt/airflow/dags/dag_extract_catalogs.py took 0.031 seconds
[2026-07-09T13:00:04.334+0000] {processor.py:186} INFO - Started process (PID=5903) to work on /opt/airflow/dags/dag_extract_catalogs.py
[2026-07-09T13:00:04.335+0000] {processor.py:914} INFO - Processing file /opt/airflow/dags/dag_extract_catalogs.py for tasks to queue
[2026-07-09T13:00:04.335+0000] {logging_mixin.py:190} INFO - [2026-07-09T13:00:04.335+0000] {dagbag.py:588} INFO - Filling up the DagBag from /opt/airflow/dags/dag_extract_catalogs.py
[2026-07-09T13:00:04.340+0000] {processor.py:925} INFO - DAG(s) 'dag_extract_catalogs' retrieved from /opt/airflow/dags/dag_extract_catalogs.py
[2026-07-09T13:00:04.351+0000] {logging_mixin.py:190} INFO - [2026-07-09T13:00:04.350+0000] {dag.py:3239} INFO - Sync 1 DAGs
[2026-07-09T13:00:04.358+0000] {logging_mixin.py:190} INFO - [2026-07-09T13:00:04.358+0000] {dag.py:4180} INFO - Setting next_dagrun for dag_extract_catalogs to 2026-07-08 01:00:00+00:00, run_after=2026-07-09 01:00:00+00:00
[2026-07-09T13:00:04.362+0000] {processor.py:208} INFO - Processing /opt/airflow/dags/dag_extract_catalogs.py took 0.031 seconds
[2026-07-09T13:00:34.799+0000] {processor.py:186} INFO - Started process (PID=5923) to work on /opt/airflow/dags/dag_extract_catalogs.py
[2026-07-09T13:00:34.799+0000] {processor.py:914} INFO - Processing file /opt/airflow/dags/dag_extract_catalogs.py for tasks to queue
[2026-07-09T13:00:34.800+0000] {logging_mixin.py:190} INFO - [2026-07-09T13:00:34.800+0000] {dagbag.py:588} INFO - Filling up the DagBag from /opt/airflow/dags/dag_extract_catalogs.py
[2026-07-09T13:00:34.805+0000] {processor.py:925} INFO - DAG(s) 'dag_extract_catalogs' retrieved from /opt/airflow/dags/dag_extract_catalogs.py
[2026-07-09T13:00:34.816+0000] {logging_mixin.py:190} INFO - [2026-07-09T13:00:34.815+0000] {dag.py:3239} INFO - Sync 1 DAGs
[2026-07-09T13:00:34.822+0000] {logging_mixin.py:190} INFO - [2026-07-09T13:00:34.822+0000] {dag.py:4180} INFO - Setting next_dagrun for dag_extract_catalogs to 2026-07-08 01:00:00+00:00, run_after=2026-07-09 01:00:00+00:00
[2026-07-09T13:00:34.827+0000] {processor.py:208} INFO - Processing /opt/airflow/dags/dag_extract_catalogs.py took 0.031 seconds
[2026-07-09T13:01:05.281+0000] {processor.py:186} INFO - Started process (PID=5943) to work on /opt/airflow/dags/dag_extract_catalogs.py
[2026-07-09T13:01:05.281+0000] {processor.py:914} INFO - Processing file /opt/airflow/dags/dag_extract_catalogs.py for tasks to queue
[2026-07-09T13:01:05.282+0000] {logging_mixin.py:190} INFO - [2026-07-09T13:01:05.282+0000] {dagbag.py:588} INFO - Filling up the DagBag from /opt/airflow/dags/dag_extract_catalogs.py
[2026-07-09T13:01:05.287+0000] {processor.py:925} INFO - DAG(s) 'dag_extract_catalogs' retrieved from /opt/airflow/dags/dag_extract_catalogs.py
[2026-07-09T13:01:05.298+0000] {logging_mixin.py:190} INFO - [2026-07-09T13:01:05.298+0000] {dag.py:3239} INFO - Sync 1 DAGs
[2026-07-09T13:01:05.305+0000] {logging_mixin.py:190} INFO - [2026-07-09T13:01:05.305+0000] {dag.py:4180} INFO - Setting next_dagrun for dag_extract_catalogs to 2026-07-08 01:00:00+00:00, run_after=2026-07-09 01:00:00+00:00
[2026-07-09T13:01:05.310+0000] {processor.py:208} INFO - Processing /opt/airflow/dags/dag_extract_catalogs.py took 0.032 seconds
[2026-07-09T13:01:35.754+0000] {processor.py:186} INFO - Started process (PID=5963) to work on /opt/airflow/dags/dag_extract_catalogs.py
[2026-07-09T13:01:35.754+0000] {processor.py:914} INFO - Processing file /opt/airflow/dags/dag_extract_catalogs.py for tasks to queue
[2026-07-09T13:01:35.755+0000] {logging_mixin.py:190} INFO - [2026-07-09T13:01:35.755+0000] {dagbag.py:588} INFO - Filling up the DagBag from /opt/airflow/dags/dag_extract_catalogs.py
[2026-07-09T13:01:35.760+0000] {processor.py:925} INFO - DAG(s) 'dag_extract_catalogs' retrieved from /opt/airflow/dags/dag_extract_catalogs.py
[2026-07-09T13:01:35.771+0000] {logging_mixin.py:190} INFO - [2026-07-09T13:01:35.771+0000] {dag.py:3239} INFO - Sync 1 DAGs
[2026-07-09T13:01:35.778+0000] {logging_mixin.py:190} INFO - [2026-07-09T13:01:35.778+0000] {dag.py:4180} INFO - Setting next_dagrun for dag_extract_catalogs to 2026-07-08 01:00:00+00:00, run_after=2026-07-09 01:00:00+00:00
[2026-07-09T13:01:35.783+0000] {processor.py:208} INFO - Processing /opt/airflow/dags/dag_extract_catalogs.py took 0.032 seconds
[2026-07-09T13:02:06.272+0000] {processor.py:186} INFO - Started process (PID=5983) to work on /opt/airflow/dags/dag_extract_catalogs.py
[2026-07-09T13:02:06.272+0000] {processor.py:914} INFO - Processing file /opt/airflow/dags/dag_extract_catalogs.py for tasks to queue
[2026-07-09T13:02:06.273+0000] {logging_mixin.py:190} INFO - [2026-07-09T13:02:06.273+0000] {dagbag.py:588} INFO - Filling up the DagBag from /opt/airflow/dags/dag_extract_catalogs.py
[2026-07-09T13:02:06.278+0000] {processor.py:925} INFO - DAG(s) 'dag_extract_catalogs' retrieved from /opt/airflow/dags/dag_extract_catalogs.py
[2026-07-09T13:02:06.288+0000] {logging_mixin.py:190} INFO - [2026-07-09T13:02:06.288+0000] {dag.py:3239} INFO - Sync 1 DAGs
[2026-07-09T13:02:06.295+0000] {logging_mixin.py:190} INFO - [2026-07-09T13:02:06.295+0000] {dag.py:4180} INFO - Setting next_dagrun for dag_extract_catalogs to 2026-07-08 01:00:00+00:00, run_after=2026-07-09 01:00:00+00:00
[2026-07-09T13:02:06.300+0000] {processor.py:208} INFO - Processing /opt/airflow/dags/dag_extract_catalogs.py took 0.031 seconds
[2026-07-09T13:02:36.849+0000] {processor.py:186} INFO - Started process (PID=6003) to work on /opt/airflow/dags/dag_extract_catalogs.py
[2026-07-09T13:02:36.849+0000] {processor.py:914} INFO - Processing file /opt/airflow/dags/dag_extract_catalogs.py for tasks to queue
[2026-07-09T13:02:36.850+0000] {logging_mixin.py:190} INFO - [2026-07-09T13:02:36.850+0000] {dagbag.py:588} INFO - Filling up the DagBag from /opt/airflow/dags/dag_extract_catalogs.py
[2026-07-09T13:02:36.856+0000] {processor.py:925} INFO - DAG(s) 'dag_extract_catalogs' retrieved from /opt/airflow/dags/dag_extract_catalogs.py
[2026-07-09T13:02:36.866+0000] {logging_mixin.py:190} INFO - [2026-07-09T13:02:36.866+0000] {dag.py:3239} INFO - Sync 1 DAGs
[2026-07-09T13:02:36.873+0000] {logging_mixin.py:190} INFO - [2026-07-09T13:02:36.873+0000] {dag.py:4180} INFO - Setting next_dagrun for dag_extract_catalogs to 2026-07-08 01:00:00+00:00, run_after=2026-07-09 01:00:00+00:00
[2026-07-09T13:02:36.878+0000] {processor.py:208} INFO - Processing /opt/airflow/dags/dag_extract_catalogs.py took 0.031 seconds
[2026-07-09T13:03:07.313+0000] {processor.py:186} INFO - Started process (PID=6023) to work on /opt/airflow/dags/dag_extract_catalogs.py
[2026-07-09T13:03:07.313+0000] {processor.py:914} INFO - Processing file /opt/airflow/dags/dag_extract_catalogs.py for tasks to queue
[2026-07-09T13:03:07.314+0000] {logging_mixin.py:190} INFO - [2026-07-09T13:03:07.314+0000] {dagbag.py:588} INFO - Filling up the DagBag from /opt/airflow/dags/dag_extract_catalogs.py
[2026-07-09T13:03:07.319+0000] {processor.py:925} INFO - DAG(s) 'dag_extract_catalogs' retrieved from /opt/airflow/dags/dag_extract_catalogs.py
[2026-07-09T13:03:07.329+0000] {logging_mixin.py:190} INFO - [2026-07-09T13:03:07.329+0000] {dag.py:3239} INFO - Sync 1 DAGs
[2026-07-09T13:03:07.337+0000] {logging_mixin.py:190} INFO - [2026-07-09T13:03:07.337+0000] {dag.py:4180} INFO - Setting next_dagrun for dag_extract_catalogs to 2026-07-08 01:00:00+00:00, run_after=2026-07-09 01:00:00+00:00
[2026-07-09T13:03:07.341+0000] {processor.py:208} INFO - Processing /opt/airflow/dags/dag_extract_catalogs.py took 0.031 seconds
[2026-07-09T13:03:37.840+0000] {processor.py:186} INFO - Started process (PID=6043) to work on /opt/airflow/dags/dag_extract_catalogs.py
[2026-07-09T13:03:37.840+0000] {processor.py:914} INFO - Processing file /opt/airflow/dags/dag_extract_catalogs.py for tasks to queue
[2026-07-09T13:03:37.841+0000] {logging_mixin.py:190} INFO - [2026-07-09T13:03:37.841+0000] {dagbag.py:588} INFO - Filling up the DagBag from /opt/airflow/dags/dag_extract_catalogs.py
[2026-07-09T13:03:37.846+0000] {processor.py:925} INFO - DAG(s) 'dag_extract_catalogs' retrieved from /opt/airflow/dags/dag_extract_catalogs.py
[2026-07-09T13:03:37.856+0000] {logging_mixin.py:190} INFO - [2026-07-09T13:03:37.856+0000] {dag.py:3239} INFO - Sync 1 DAGs
[2026-07-09T13:03:37.863+0000] {logging_mixin.py:190} INFO - [2026-07-09T13:03:37.863+0000] {dag.py:4180} INFO - Setting next_dagrun for dag_extract_catalogs to 2026-07-08 01:00:00+00:00, run_after=2026-07-09 01:00:00+00:00
[2026-07-09T13:03:37.867+0000] {processor.py:208} INFO - Processing /opt/airflow/dags/dag_extract_catalogs.py took 0.031 seconds
[2026-07-09T13:04:08.304+0000] {processor.py:186} INFO - Started process (PID=6063) to work on /opt/airflow/dags/dag_extract_catalogs.py
[2026-07-09T13:04:08.305+0000] {processor.py:914} INFO - Processing file /opt/airflow/dags/dag_extract_catalogs.py for tasks to queue
[2026-07-09T13:04:08.305+0000] {logging_mixin.py:190} INFO - [2026-07-09T13:04:08.305+0000] {dagbag.py:588} INFO - Filling up the DagBag from /opt/airflow/dags/dag_extract_catalogs.py
[2026-07-09T13:04:08.310+0000] {processor.py:925} INFO - DAG(s) 'dag_extract_catalogs' retrieved from /opt/airflow/dags/dag_extract_catalogs.py
[2026-07-09T13:04:08.321+0000] {logging_mixin.py:190} INFO - [2026-07-09T13:04:08.321+0000] {dag.py:3239} INFO - Sync 1 DAGs
[2026-07-09T13:04:08.328+0000] {logging_mixin.py:190} INFO - [2026-07-09T13:04:08.328+0000] {dag.py:4180} INFO - Setting next_dagrun for dag_extract_catalogs to 2026-07-08 01:00:00+00:00, run_after=2026-07-09 01:00:00+00:00
[2026-07-09T13:04:08.332+0000] {processor.py:208} INFO - Processing /opt/airflow/dags/dag_extract_catalogs.py took 0.031 seconds
[2026-07-09T13:04:38.850+0000] {processor.py:186} INFO - Started process (PID=6083) to work on /opt/airflow/dags/dag_extract_catalogs.py
[2026-07-09T13:04:38.850+0000] {processor.py:914} INFO - Processing file /opt/airflow/dags/dag_extract_catalogs.py for tasks to queue
[2026-07-09T13:04:38.851+0000] {logging_mixin.py:190} INFO - [2026-07-09T13:04:38.851+0000] {dagbag.py:588} INFO - Filling up the DagBag from /opt/airflow/dags/dag_extract_catalogs.py
[2026-07-09T13:04:38.857+0000] {processor.py:925} INFO - DAG(s) 'dag_extract_catalogs' retrieved from /opt/airflow/dags/dag_extract_catalogs.py
[2026-07-09T13:04:38.867+0000] {logging_mixin.py:190} INFO - [2026-07-09T13:04:38.867+0000] {dag.py:3239} INFO - Sync 1 DAGs
[2026-07-09T13:04:38.874+0000] {logging_mixin.py:190} INFO - [2026-07-09T13:04:38.874+0000] {dag.py:4180} INFO - Setting next_dagrun for dag_extract_catalogs to 2026-07-08 01:00:00+00:00, run_after=2026-07-09 01:00:00+00:00
[2026-07-09T13:04:38.879+0000] {processor.py:208} INFO - Processing /opt/airflow/dags/dag_extract_catalogs.py took 0.032 seconds
[2026-07-09T13:05:09.344+0000] {processor.py:186} INFO - Started process (PID=6103) to work on /opt/airflow/dags/dag_extract_catalogs.py
[2026-07-09T13:05:09.345+0000] {processor.py:914} INFO - Processing file /opt/airflow/dags/dag_extract_catalogs.py for tasks to queue
[2026-07-09T13:05:09.346+0000] {logging_mixin.py:190} INFO - [2026-07-09T13:05:09.345+0000] {dagbag.py:588} INFO - Filling up the DagBag from /opt/airflow/dags/dag_extract_catalogs.py
[2026-07-09T13:05:09.351+0000] {processor.py:925} INFO - DAG(s) 'dag_extract_catalogs' retrieved from /opt/airflow/dags/dag_extract_catalogs.py
[2026-07-09T13:05:09.361+0000] {logging_mixin.py:190} INFO - [2026-07-09T13:05:09.361+0000] {dag.py:3239} INFO - Sync 1 DAGs
[2026-07-09T13:05:09.369+0000] {logging_mixin.py:190} INFO - [2026-07-09T13:05:09.369+0000] {dag.py:4180} INFO - Setting next_dagrun for dag_extract_catalogs to 2026-07-08 01:00:00+00:00, run_after=2026-07-09 01:00:00+00:00
[2026-07-09T13:05:09.375+0000] {processor.py:208} INFO - Processing /opt/airflow/dags/dag_extract_catalogs.py took 0.033 seconds
[2026-07-09T13:05:39.788+0000] {processor.py:186} INFO - Started process (PID=6123) to work on /opt/airflow/dags/dag_extract_catalogs.py
[2026-07-09T13:05:39.788+0000] {processor.py:914} INFO - Processing file /opt/airflow/dags/dag_extract_catalogs.py for tasks to queue
[2026-07-09T13:05:39.789+0000] {logging_mixin.py:190} INFO - [2026-07-09T13:05:39.789+0000] {dagbag.py:588} INFO - Filling up the DagBag from /opt/airflow/dags/dag_extract_catalogs.py
[2026-07-09T13:05:39.794+0000] {processor.py:925} INFO - DAG(s) 'dag_extract_catalogs' retrieved from /opt/airflow/dags/dag_extract_catalogs.py
[2026-07-09T13:05:39.804+0000] {logging_mixin.py:190} INFO - [2026-07-09T13:05:39.804+0000] {dag.py:3239} INFO - Sync 1 DAGs
[2026-07-09T13:05:39.812+0000] {logging_mixin.py:190} INFO - [2026-07-09T13:05:39.811+0000] {dag.py:4180} INFO - Setting next_dagrun for dag_extract_catalogs to 2026-07-08 01:00:00+00:00, run_after=2026-07-09 01:00:00+00:00
[2026-07-09T13:05:39.816+0000] {processor.py:208} INFO - Processing /opt/airflow/dags/dag_extract_catalogs.py took 0.031 seconds
[2026-07-09T13:06:10.282+0000] {processor.py:186} INFO - Started process (PID=6143) to work on /opt/airflow/dags/dag_extract_catalogs.py
[2026-07-09T13:06:10.282+0000] {processor.py:914} INFO - Processing file /opt/airflow/dags/dag_extract_catalogs.py for tasks to queue
[2026-07-09T13:06:10.283+0000] {logging_mixin.py:190} INFO - [2026-07-09T13:06:10.283+0000] {dagbag.py:588} INFO - Filling up the DagBag from /opt/airflow/dags/dag_extract_catalogs.py
[2026-07-09T13:06:10.288+0000] {processor.py:925} INFO - DAG(s) 'dag_extract_catalogs' retrieved from /opt/airflow/dags/dag_extract_catalogs.py
[2026-07-09T13:06:10.298+0000] {logging_mixin.py:190} INFO - [2026-07-09T13:06:10.298+0000] {dag.py:3239} INFO - Sync 1 DAGs
[2026-07-09T13:06:10.305+0000] {logging_mixin.py:190} INFO - [2026-07-09T13:06:10.305+0000] {dag.py:4180} INFO - Setting next_dagrun for dag_extract_catalogs to 2026-07-08 01:00:00+00:00, run_after=2026-07-09 01:00:00+00:00
[2026-07-09T13:06:10.310+0000] {processor.py:208} INFO - Processing /opt/airflow/dags/dag_extract_catalogs.py took 0.030 seconds
[2026-07-09T13:06:40.784+0000] {processor.py:186} INFO - Started process (PID=6163) to work on /opt/airflow/dags/dag_extract_catalogs.py
[2026-07-09T13:06:40.785+0000] {processor.py:914} INFO - Processing file /opt/airflow/dags/dag_extract_catalogs.py for tasks to queue
[2026-07-09T13:06:40.786+0000] {logging_mixin.py:190} INFO - [2026-07-09T13:06:40.786+0000] {dagbag.py:588} INFO - Filling up the DagBag from /opt/airflow/dags/dag_extract_catalogs.py
[2026-07-09T13:06:40.791+0000] {processor.py:925} INFO - DAG(s) 'dag_extract_catalogs' retrieved from /opt/airflow/dags/dag_extract_catalogs.py
[2026-07-09T13:06:40.801+0000] {logging_mixin.py:190} INFO - [2026-07-09T13:06:40.801+0000] {dag.py:3239} INFO - Sync 1 DAGs
[2026-07-09T13:06:40.808+0000] {logging_mixin.py:190} INFO - [2026-07-09T13:06:40.808+0000] {dag.py:4180} INFO - Setting next_dagrun for dag_extract_catalogs to 2026-07-08 01:00:00+00:00, run_after=2026-07-09 01:00:00+00:00
[2026-07-09T13:06:40.812+0000] {processor.py:208} INFO - Processing /opt/airflow/dags/dag_extract_catalogs.py took 0.031 seconds
[2026-07-09T13:07:11.272+0000] {processor.py:186} INFO - Started process (PID=6181) to work on /opt/airflow/dags/dag_extract_catalogs.py
[2026-07-09T13:07:11.273+0000] {processor.py:914} INFO - Processing file /opt/airflow/dags/dag_extract_catalogs.py for tasks to queue
[2026-07-09T13:07:11.274+0000] {logging_mixin.py:190} INFO - [2026-07-09T13:07:11.274+0000] {dagbag.py:588} INFO - Filling up the DagBag from /opt/airflow/dags/dag_extract_catalogs.py
[2026-07-09T13:07:11.282+0000] {processor.py:925} INFO - DAG(s) 'dag_extract_catalogs' retrieved from /opt/airflow/dags/dag_extract_catalogs.py
[2026-07-09T13:07:11.299+0000] {logging_mixin.py:190} INFO - [2026-07-09T13:07:11.299+0000] {dag.py:3239} INFO - Sync 1 DAGs
[2026-07-09T13:07:11.307+0000] {logging_mixin.py:190} INFO - [2026-07-09T13:07:11.307+0000] {dag.py:4180} INFO - Setting next_dagrun for dag_extract_catalogs to 2026-07-08 01:00:00+00:00, run_after=2026-07-09 01:00:00+00:00
[2026-07-09T13:07:11.312+0000] {processor.py:208} INFO - Processing /opt/airflow/dags/dag_extract_catalogs.py took 0.043 seconds
[2026-07-09T13:07:41.824+0000] {processor.py:186} INFO - Started process (PID=6203) to work on /opt/airflow/dags/dag_extract_catalogs.py
[2026-07-09T13:07:41.825+0000] {processor.py:914} INFO - Processing file /opt/airflow/dags/dag_extract_catalogs.py for tasks to queue
[2026-07-09T13:07:41.825+0000] {logging_mixin.py:190} INFO - [2026-07-09T13:07:41.825+0000] {dagbag.py:588} INFO - Filling up the DagBag from /opt/airflow/dags/dag_extract_catalogs.py
[2026-07-09T13:07:41.831+0000] {processor.py:925} INFO - DAG(s) 'dag_extract_catalogs' retrieved from /opt/airflow/dags/dag_extract_catalogs.py
[2026-07-09T13:07:41.841+0000] {logging_mixin.py:190} INFO - [2026-07-09T13:07:41.841+0000] {dag.py:3239} INFO - Sync 1 DAGs
[2026-07-09T13:07:41.848+0000] {logging_mixin.py:190} INFO - [2026-07-09T13:07:41.848+0000] {dag.py:4180} INFO - Setting next_dagrun for dag_extract_catalogs to 2026-07-08 01:00:00+00:00, run_after=2026-07-09 01:00:00+00:00
[2026-07-09T13:07:41.853+0000] {processor.py:208} INFO - Processing /opt/airflow/dags/dag_extract_catalogs.py took 0.031 seconds
[2026-07-09T13:08:12.262+0000] {processor.py:186} INFO - Started process (PID=6221) to work on /opt/airflow/dags/dag_extract_catalogs.py
[2026-07-09T13:08:12.263+0000] {processor.py:914} INFO - Processing file /opt/airflow/dags/dag_extract_catalogs.py for tasks to queue
[2026-07-09T13:08:12.264+0000] {logging_mixin.py:190} INFO - [2026-07-09T13:08:12.263+0000] {dagbag.py:588} INFO - Filling up the DagBag from /opt/airflow/dags/dag_extract_catalogs.py
[2026-07-09T13:08:12.270+0000] {processor.py:925} INFO - DAG(s) 'dag_extract_catalogs' retrieved from /opt/airflow/dags/dag_extract_catalogs.py
[2026-07-09T13:08:12.286+0000] {logging_mixin.py:190} INFO - [2026-07-09T13:08:12.286+0000] {dag.py:3239} INFO - Sync 1 DAGs
[2026-07-09T13:08:12.295+0000] {logging_mixin.py:190} INFO - [2026-07-09T13:08:12.294+0000] {dag.py:4180} INFO - Setting next_dagrun for dag_extract_catalogs to 2026-07-08 01:00:00+00:00, run_after=2026-07-09 01:00:00+00:00
[2026-07-09T13:08:12.299+0000] {processor.py:208} INFO - Processing /opt/airflow/dags/dag_extract_catalogs.py took 0.040 seconds
[2026-07-09T13:08:42.831+0000] {processor.py:186} INFO - Started process (PID=6243) to work on /opt/airflow/dags/dag_extract_catalogs.py
[2026-07-09T13:08:42.831+0000] {processor.py:914} INFO - Processing file /opt/airflow/dags/dag_extract_catalogs.py for tasks to queue
[2026-07-09T13:08:42.832+0000] {logging_mixin.py:190} INFO - [2026-07-09T13:08:42.832+0000] {dagbag.py:588} INFO - Filling up the DagBag from /opt/airflow/dags/dag_extract_catalogs.py
[2026-07-09T13:08:42.837+0000] {processor.py:925} INFO - DAG(s) 'dag_extract_catalogs' retrieved from /opt/airflow/dags/dag_extract_catalogs.py
[2026-07-09T13:08:42.847+0000] {logging_mixin.py:190} INFO - [2026-07-09T13:08:42.847+0000] {dag.py:3239} INFO - Sync 1 DAGs
[2026-07-09T13:08:42.855+0000] {logging_mixin.py:190} INFO - [2026-07-09T13:08:42.855+0000] {dag.py:4180} INFO - Setting next_dagrun for dag_extract_catalogs to 2026-07-08 01:00:00+00:00, run_after=2026-07-09 01:00:00+00:00
[2026-07-09T13:08:42.860+0000] {processor.py:208} INFO - Processing /opt/airflow/dags/dag_extract_catalogs.py took 0.031 seconds
[2026-07-09T13:09:13.319+0000] {processor.py:186} INFO - Started process (PID=6263) to work on /opt/airflow/dags/dag_extract_catalogs.py
[2026-07-09T13:09:13.319+0000] {processor.py:914} INFO - Processing file /opt/airflow/dags/dag_extract_catalogs.py for tasks to queue
[2026-07-09T13:09:13.320+0000] {logging_mixin.py:190} INFO - [2026-07-09T13:09:13.320+0000] {dagbag.py:588} INFO - Filling up the DagBag from /opt/airflow/dags/dag_extract_catalogs.py
[2026-07-09T13:09:13.325+0000] {processor.py:925} INFO - DAG(s) 'dag_extract_catalogs' retrieved from /opt/airflow/dags/dag_extract_catalogs.py
[2026-07-09T13:09:13.337+0000] {logging_mixin.py:190} INFO - [2026-07-09T13:09:13.337+0000] {dag.py:3239} INFO - Sync 1 DAGs
[2026-07-09T13:09:13.344+0000] {logging_mixin.py:190} INFO - [2026-07-09T13:09:13.344+0000] {dag.py:4180} INFO - Setting next_dagrun for dag_extract_catalogs to 2026-07-08 01:00:00+00:00, run_after=2026-07-09 01:00:00+00:00
[2026-07-09T13:09:13.349+0000] {processor.py:208} INFO - Processing /opt/airflow/dags/dag_extract_catalogs.py took 0.033 seconds
[2026-07-09T13:09:43.734+0000] {processor.py:186} INFO - Started process (PID=6281) to work on /opt/airflow/dags/dag_extract_catalogs.py
[2026-07-09T13:09:43.734+0000] {processor.py:914} INFO - Processing file /opt/airflow/dags/dag_extract_catalogs.py for tasks to queue
[2026-07-09T13:09:43.736+0000] {logging_mixin.py:190} INFO - [2026-07-09T13:09:43.736+0000] {dagbag.py:588} INFO - Filling up the DagBag from /opt/airflow/dags/dag_extract_catalogs.py
[2026-07-09T13:09:43.741+0000] {processor.py:925} INFO - DAG(s) 'dag_extract_catalogs' retrieved from /opt/airflow/dags/dag_extract_catalogs.py
[2026-07-09T13:09:43.757+0000] {logging_mixin.py:190} INFO - [2026-07-09T13:09:43.757+0000] {dag.py:3239} INFO - Sync 1 DAGs
[2026-07-09T13:09:43.767+0000] {logging_mixin.py:190} INFO - [2026-07-09T13:09:43.767+0000] {dag.py:4180} INFO - Setting next_dagrun for dag_extract_catalogs to 2026-07-08 01:00:00+00:00, run_after=2026-07-09 01:00:00+00:00
[2026-07-09T13:09:43.776+0000] {processor.py:208} INFO - Processing /opt/airflow/dags/dag_extract_catalogs.py took 0.045 seconds
[2026-07-09T13:10:14.234+0000] {processor.py:186} INFO - Started process (PID=6303) to work on /opt/airflow/dags/dag_extract_catalogs.py
[2026-07-09T13:10:14.235+0000] {processor.py:914} INFO - Processing file /opt/airflow/dags/dag_extract_catalogs.py for tasks to queue
[2026-07-09T13:10:14.235+0000] {logging_mixin.py:190} INFO - [2026-07-09T13:10:14.235+0000] {dagbag.py:588} INFO - Filling up the DagBag from /opt/airflow/dags/dag_extract_catalogs.py
[2026-07-09T13:10:14.240+0000] {processor.py:925} INFO - DAG(s) 'dag_extract_catalogs' retrieved from /opt/airflow/dags/dag_extract_catalogs.py
[2026-07-09T13:10:14.250+0000] {logging_mixin.py:190} INFO - [2026-07-09T13:10:14.250+0000] {dag.py:3239} INFO - Sync 1 DAGs
[2026-07-09T13:10:14.258+0000] {logging_mixin.py:190} INFO - [2026-07-09T13:10:14.257+0000] {dag.py:4180} INFO - Setting next_dagrun for dag_extract_catalogs to 2026-07-08 01:00:00+00:00, run_after=2026-07-09 01:00:00+00:00
[2026-07-09T13:10:14.263+0000] {processor.py:208} INFO - Processing /opt/airflow/dags/dag_extract_catalogs.py took 0.031 seconds
[2026-07-09T13:10:44.673+0000] {processor.py:186} INFO - Started process (PID=6323) to work on /opt/airflow/dags/dag_extract_catalogs.py
[2026-07-09T13:10:44.673+0000] {processor.py:914} INFO - Processing file /opt/airflow/dags/dag_extract_catalogs.py for tasks to queue
[2026-07-09T13:10:44.674+0000] {logging_mixin.py:190} INFO - [2026-07-09T13:10:44.674+0000] {dagbag.py:588} INFO - Filling up the DagBag from /opt/airflow/dags/dag_extract_catalogs.py
[2026-07-09T13:10:44.679+0000] {processor.py:925} INFO - DAG(s) 'dag_extract_catalogs' retrieved from /opt/airflow/dags/dag_extract_catalogs.py
[2026-07-09T13:10:44.689+0000] {logging_mixin.py:190} INFO - [2026-07-09T13:10:44.688+0000] {dag.py:3239} INFO - Sync 1 DAGs
[2026-07-09T13:10:44.696+0000] {logging_mixin.py:190} INFO - [2026-07-09T13:10:44.696+0000] {dag.py:4180} INFO - Setting next_dagrun for dag_extract_catalogs to 2026-07-08 01:00:00+00:00, run_after=2026-07-09 01:00:00+00:00
[2026-07-09T13:10:44.701+0000] {processor.py:208} INFO - Processing /opt/airflow/dags/dag_extract_catalogs.py took 0.030 seconds
[2026-07-09T13:11:15.173+0000] {processor.py:186} INFO - Started process (PID=6343) to work on /opt/airflow/dags/dag_extract_catalogs.py
[2026-07-09T13:11:15.174+0000] {processor.py:914} INFO - Processing file /opt/airflow/dags/dag_extract_catalogs.py for tasks to queue
[2026-07-09T13:11:15.175+0000] {logging_mixin.py:190} INFO - [2026-07-09T13:11:15.175+0000] {dagbag.py:588} INFO - Filling up the DagBag from /opt/airflow/dags/dag_extract_catalogs.py
[2026-07-09T13:11:15.180+0000] {processor.py:925} INFO - DAG(s) 'dag_extract_catalogs' retrieved from /opt/airflow/dags/dag_extract_catalogs.py
[2026-07-09T13:11:15.190+0000] {logging_mixin.py:190} INFO - [2026-07-09T13:11:15.190+0000] {dag.py:3239} INFO - Sync 1 DAGs
[2026-07-09T13:11:15.197+0000] {logging_mixin.py:190} INFO - [2026-07-09T13:11:15.197+0000] {dag.py:4180} INFO - Setting next_dagrun for dag_extract_catalogs to 2026-07-08 01:00:00+00:00, run_after=2026-07-09 01:00:00+00:00
[2026-07-09T13:11:15.202+0000] {processor.py:208} INFO - Processing /opt/airflow/dags/dag_extract_catalogs.py took 0.031 seconds
[2026-07-09T13:11:45.604+0000] {processor.py:186} INFO - Started process (PID=6361) to work on /opt/airflow/dags/dag_extract_catalogs.py
[2026-07-09T13:11:45.605+0000] {processor.py:914} INFO - Processing file /opt/airflow/dags/dag_extract_catalogs.py for tasks to queue
[2026-07-09T13:11:45.605+0000] {logging_mixin.py:190} INFO - [2026-07-09T13:11:45.605+0000] {dagbag.py:588} INFO - Filling up the DagBag from /opt/airflow/dags/dag_extract_catalogs.py
[2026-07-09T13:11:45.611+0000] {processor.py:925} INFO - DAG(s) 'dag_extract_catalogs' retrieved from /opt/airflow/dags/dag_extract_catalogs.py
[2026-07-09T13:11:45.624+0000] {logging_mixin.py:190} INFO - [2026-07-09T13:11:45.624+0000] {dag.py:3239} INFO - Sync 1 DAGs
[2026-07-09T13:11:45.633+0000] {logging_mixin.py:190} INFO - [2026-07-09T13:11:45.633+0000] {dag.py:4180} INFO - Setting next_dagrun for dag_extract_catalogs to 2026-07-08 01:00:00+00:00, run_after=2026-07-09 01:00:00+00:00
[2026-07-09T13:11:45.639+0000] {processor.py:208} INFO - Processing /opt/airflow/dags/dag_extract_catalogs.py took 0.038 seconds
[2026-07-09T13:12:16.126+0000] {processor.py:186} INFO - Started process (PID=6383) to work on /opt/airflow/dags/dag_extract_catalogs.py
[2026-07-09T13:12:16.126+0000] {processor.py:914} INFO - Processing file /opt/airflow/dags/dag_extract_catalogs.py for tasks to queue
[2026-07-09T13:12:16.127+0000] {logging_mixin.py:190} INFO - [2026-07-09T13:12:16.127+0000] {dagbag.py:588} INFO - Filling up the DagBag from /opt/airflow/dags/dag_extract_catalogs.py
[2026-07-09T13:12:16.132+0000] {processor.py:925} INFO - DAG(s) 'dag_extract_catalogs' retrieved from /opt/airflow/dags/dag_extract_catalogs.py
[2026-07-09T13:12:16.142+0000] {logging_mixin.py:190} INFO - [2026-07-09T13:12:16.142+0000] {dag.py:3239} INFO - Sync 1 DAGs
[2026-07-09T13:12:16.150+0000] {logging_mixin.py:190} INFO - [2026-07-09T13:12:16.149+0000] {dag.py:4180} INFO - Setting next_dagrun for dag_extract_catalogs to 2026-07-08 01:00:00+00:00, run_after=2026-07-09 01:00:00+00:00
[2026-07-09T13:12:16.154+0000] {processor.py:208} INFO - Processing /opt/airflow/dags/dag_extract_catalogs.py took 0.031 seconds
[2026-07-09T13:12:46.528+0000] {processor.py:186} INFO - Started process (PID=6403) to work on /opt/airflow/dags/dag_extract_catalogs.py
[2026-07-09T13:12:46.529+0000] {processor.py:914} INFO - Processing file /opt/airflow/dags/dag_extract_catalogs.py for tasks to queue
[2026-07-09T13:12:46.529+0000] {logging_mixin.py:190} INFO - [2026-07-09T13:12:46.529+0000] {dagbag.py:588} INFO - Filling up the DagBag from /opt/airflow/dags/dag_extract_catalogs.py
[2026-07-09T13:12:46.534+0000] {processor.py:925} INFO - DAG(s) 'dag_extract_catalogs' retrieved from /opt/airflow/dags/dag_extract_catalogs.py
[2026-07-09T13:12:46.544+0000] {logging_mixin.py:190} INFO - [2026-07-09T13:12:46.544+0000] {dag.py:3239} INFO - Sync 1 DAGs
[2026-07-09T13:12:46.552+0000] {logging_mixin.py:190} INFO - [2026-07-09T13:12:46.552+0000] {dag.py:4180} INFO - Setting next_dagrun for dag_extract_catalogs to 2026-07-08 01:00:00+00:00, run_after=2026-07-09 01:00:00+00:00
[2026-07-09T13:12:46.556+0000] {processor.py:208} INFO - Processing /opt/airflow/dags/dag_extract_catalogs.py took 0.031 seconds
[2026-07-09T13:13:16.962+0000] {processor.py:186} INFO - Started process (PID=6423) to work on /opt/airflow/dags/dag_extract_catalogs.py
[2026-07-09T13:13:16.963+0000] {processor.py:914} INFO - Processing file /opt/airflow/dags/dag_extract_catalogs.py for tasks to queue
[2026-07-09T13:13:16.964+0000] {logging_mixin.py:190} INFO - [2026-07-09T13:13:16.963+0000] {dagbag.py:588} INFO - Filling up the DagBag from /opt/airflow/dags/dag_extract_catalogs.py
[2026-07-09T13:13:16.969+0000] {processor.py:925} INFO - DAG(s) 'dag_extract_catalogs' retrieved from /opt/airflow/dags/dag_extract_catalogs.py
[2026-07-09T13:13:16.984+0000] {logging_mixin.py:190} INFO - [2026-07-09T13:13:16.984+0000] {dag.py:3239} INFO - Sync 1 DAGs
[2026-07-09T13:13:16.995+0000] {logging_mixin.py:190} INFO - [2026-07-09T13:13:16.995+0000] {dag.py:4180} INFO - Setting next_dagrun for dag_extract_catalogs to 2026-07-08 01:00:00+00:00, run_after=2026-07-09 01:00:00+00:00
[2026-07-09T13:13:17.001+0000] {processor.py:208} INFO - Processing /opt/airflow/dags/dag_extract_catalogs.py took 0.042 seconds
[2026-07-09T13:13:47.386+0000] {processor.py:186} INFO - Started process (PID=6441) to work on /opt/airflow/dags/dag_extract_catalogs.py
[2026-07-09T13:13:47.386+0000] {processor.py:914} INFO - Processing file /opt/airflow/dags/dag_extract_catalogs.py for tasks to queue
[2026-07-09T13:13:47.388+0000] {logging_mixin.py:190} INFO - [2026-07-09T13:13:47.388+0000] {dagbag.py:588} INFO - Filling up the DagBag from /opt/airflow/dags/dag_extract_catalogs.py
[2026-07-09T13:13:47.394+0000] {processor.py:925} INFO - DAG(s) 'dag_extract_catalogs' retrieved from /opt/airflow/dags/dag_extract_catalogs.py
[2026-07-09T13:13:47.408+0000] {logging_mixin.py:190} INFO - [2026-07-09T13:13:47.408+0000] {dag.py:3239} INFO - Sync 1 DAGs
[2026-07-09T13:13:47.417+0000] {logging_mixin.py:190} INFO - [2026-07-09T13:13:47.417+0000] {dag.py:4180} INFO - Setting next_dagrun for dag_extract_catalogs to 2026-07-08 01:00:00+00:00, run_after=2026-07-09 01:00:00+00:00
[2026-07-09T13:13:47.422+0000] {processor.py:208} INFO - Processing /opt/airflow/dags/dag_extract_catalogs.py took 0.039 seconds
[2026-07-09T13:14:17.906+0000] {processor.py:186} INFO - Started process (PID=6463) to work on /opt/airflow/dags/dag_extract_catalogs.py
[2026-07-09T13:14:17.907+0000] {processor.py:914} INFO - Processing file /opt/airflow/dags/dag_extract_catalogs.py for tasks to queue
[2026-07-09T13:14:17.908+0000] {logging_mixin.py:190} INFO - [2026-07-09T13:14:17.907+0000] {dagbag.py:588} INFO - Filling up the DagBag from /opt/airflow/dags/dag_extract_catalogs.py
[2026-07-09T13:14:17.913+0000] {processor.py:925} INFO - DAG(s) 'dag_extract_catalogs' retrieved from /opt/airflow/dags/dag_extract_catalogs.py
[2026-07-09T13:14:17.922+0000] {logging_mixin.py:190} INFO - [2026-07-09T13:14:17.922+0000] {dag.py:3239} INFO - Sync 1 DAGs
[2026-07-09T13:14:17.930+0000] {logging_mixin.py:190} INFO - [2026-07-09T13:14:17.929+0000] {dag.py:4180} INFO - Setting next_dagrun for dag_extract_catalogs to 2026-07-08 01:00:00+00:00, run_after=2026-07-09 01:00:00+00:00
[2026-07-09T13:14:17.934+0000] {processor.py:208} INFO - Processing /opt/airflow/dags/dag_extract_catalogs.py took 0.030 seconds
[2026-07-09T13:14:48.419+0000] {processor.py:186} INFO - Started process (PID=6483) to work on /opt/airflow/dags/dag_extract_catalogs.py
[2026-07-09T13:14:48.419+0000] {processor.py:914} INFO - Processing file /opt/airflow/dags/dag_extract_catalogs.py for tasks to queue
[2026-07-09T13:14:48.420+0000] {logging_mixin.py:190} INFO - [2026-07-09T13:14:48.420+0000] {dagbag.py:588} INFO - Filling up the DagBag from /opt/airflow/dags/dag_extract_catalogs.py
[2026-07-09T13:14:48.425+0000] {processor.py:925} INFO - DAG(s) 'dag_extract_catalogs' retrieved from /opt/airflow/dags/dag_extract_catalogs.py
[2026-07-09T13:14:48.435+0000] {logging_mixin.py:190} INFO - [2026-07-09T13:14:48.435+0000] {dag.py:3239} INFO - Sync 1 DAGs
[2026-07-09T13:14:48.443+0000] {logging_mixin.py:190} INFO - [2026-07-09T13:14:48.443+0000] {dag.py:4180} INFO - Setting next_dagrun for dag_extract_catalogs to 2026-07-08 01:00:00+00:00, run_after=2026-07-09 01:00:00+00:00
[2026-07-09T13:14:48.447+0000] {processor.py:208} INFO - Processing /opt/airflow/dags/dag_extract_catalogs.py took 0.031 seconds
[2026-07-09T13:15:18.922+0000] {processor.py:186} INFO - Started process (PID=6503) to work on /opt/airflow/dags/dag_extract_catalogs.py
[2026-07-09T13:15:18.923+0000] {processor.py:914} INFO - Processing file /opt/airflow/dags/dag_extract_catalogs.py for tasks to queue
[2026-07-09T13:15:18.923+0000] {logging_mixin.py:190} INFO - [2026-07-09T13:15:18.923+0000] {dagbag.py:588} INFO - Filling up the DagBag from /opt/airflow/dags/dag_extract_catalogs.py
[2026-07-09T13:15:18.928+0000] {processor.py:925} INFO - DAG(s) 'dag_extract_catalogs' retrieved from /opt/airflow/dags/dag_extract_catalogs.py
[2026-07-09T13:15:18.938+0000] {logging_mixin.py:190} INFO - [2026-07-09T13:15:18.938+0000] {dag.py:3239} INFO - Sync 1 DAGs
[2026-07-09T13:15:18.945+0000] {logging_mixin.py:190} INFO - [2026-07-09T13:15:18.945+0000] {dag.py:4180} INFO - Setting next_dagrun for dag_extract_catalogs to 2026-07-08 01:00:00+00:00, run_after=2026-07-09 01:00:00+00:00
[2026-07-09T13:15:18.950+0000] {processor.py:208} INFO - Processing /opt/airflow/dags/dag_extract_catalogs.py took 0.030 seconds
[2026-07-09T13:15:49.383+0000] {processor.py:186} INFO - Started process (PID=6523) to work on /opt/airflow/dags/dag_extract_catalogs.py
[2026-07-09T13:15:49.383+0000] {processor.py:914} INFO - Processing file /opt/airflow/dags/dag_extract_catalogs.py for tasks to queue
[2026-07-09T13:15:49.384+0000] {logging_mixin.py:190} INFO - [2026-07-09T13:15:49.384+0000] {dagbag.py:588} INFO - Filling up the DagBag from /opt/airflow/dags/dag_extract_catalogs.py
[2026-07-09T13:15:49.389+0000] {processor.py:925} INFO - DAG(s) 'dag_extract_catalogs' retrieved from /opt/airflow/dags/dag_extract_catalogs.py
[2026-07-09T13:15:49.399+0000] {logging_mixin.py:190} INFO - [2026-07-09T13:15:49.399+0000] {dag.py:3239} INFO - Sync 1 DAGs
[2026-07-09T13:15:49.406+0000] {logging_mixin.py:190} INFO - [2026-07-09T13:15:49.406+0000] {dag.py:4180} INFO - Setting next_dagrun for dag_extract_catalogs to 2026-07-08 01:00:00+00:00, run_after=2026-07-09 01:00:00+00:00
[2026-07-09T13:15:49.411+0000] {processor.py:208} INFO - Processing /opt/airflow/dags/dag_extract_catalogs.py took 0.030 seconds
[2026-07-09T13:16:19.907+0000] {processor.py:186} INFO - Started process (PID=6543) to work on /opt/airflow/dags/dag_extract_catalogs.py
[2026-07-09T13:16:19.908+0000] {processor.py:914} INFO - Processing file /opt/airflow/dags/dag_extract_catalogs.py for tasks to queue
[2026-07-09T13:16:19.909+0000] {logging_mixin.py:190} INFO - [2026-07-09T13:16:19.909+0000] {dagbag.py:588} INFO - Filling up the DagBag from /opt/airflow/dags/dag_extract_catalogs.py
[2026-07-09T13:16:19.914+0000] {processor.py:925} INFO - DAG(s) 'dag_extract_catalogs' retrieved from /opt/airflow/dags/dag_extract_catalogs.py
[2026-07-09T13:16:19.924+0000] {logging_mixin.py:190} INFO - [2026-07-09T13:16:19.923+0000] {dag.py:3239} INFO - Sync 1 DAGs
[2026-07-09T13:16:19.931+0000] {logging_mixin.py:190} INFO - [2026-07-09T13:16:19.930+0000] {dag.py:4180} INFO - Setting next_dagrun for dag_extract_catalogs to 2026-07-08 01:00:00+00:00, run_after=2026-07-09 01:00:00+00:00
[2026-07-09T13:16:19.935+0000] {processor.py:208} INFO - Processing /opt/airflow/dags/dag_extract_catalogs.py took 0.030 seconds
[2026-07-09T13:16:50.409+0000] {processor.py:186} INFO - Started process (PID=6563) to work on /opt/airflow/dags/dag_extract_catalogs.py
[2026-07-09T13:16:50.410+0000] {processor.py:914} INFO - Processing file /opt/airflow/dags/dag_extract_catalogs.py for tasks to queue
[2026-07-09T13:16:50.411+0000] {logging_mixin.py:190} INFO - [2026-07-09T13:16:50.411+0000] {dagbag.py:588} INFO - Filling up the DagBag from /opt/airflow/dags/dag_extract_catalogs.py
[2026-07-09T13:16:50.416+0000] {processor.py:925} INFO - DAG(s) 'dag_extract_catalogs' retrieved from /opt/airflow/dags/dag_extract_catalogs.py
[2026-07-09T13:16:50.426+0000] {logging_mixin.py:190} INFO - [2026-07-09T13:16:50.426+0000] {dag.py:3239} INFO - Sync 1 DAGs
[2026-07-09T13:16:50.433+0000] {logging_mixin.py:190} INFO - [2026-07-09T13:16:50.433+0000] {dag.py:4180} INFO - Setting next_dagrun for dag_extract_catalogs to 2026-07-08 01:00:00+00:00, run_after=2026-07-09 01:00:00+00:00
[2026-07-09T13:16:50.437+0000] {processor.py:208} INFO - Processing /opt/airflow/dags/dag_extract_catalogs.py took 0.031 seconds
[2026-07-09T13:17:20.947+0000] {processor.py:186} INFO - Started process (PID=6583) to work on /opt/airflow/dags/dag_extract_catalogs.py
[2026-07-09T13:17:20.947+0000] {processor.py:914} INFO - Processing file /opt/airflow/dags/dag_extract_catalogs.py for tasks to queue
[2026-07-09T13:17:20.948+0000] {logging_mixin.py:190} INFO - [2026-07-09T13:17:20.948+0000] {dagbag.py:588} INFO - Filling up the DagBag from /opt/airflow/dags/dag_extract_catalogs.py
[2026-07-09T13:17:20.953+0000] {processor.py:925} INFO - DAG(s) 'dag_extract_catalogs' retrieved from /opt/airflow/dags/dag_extract_catalogs.py
[2026-07-09T13:17:20.963+0000] {logging_mixin.py:190} INFO - [2026-07-09T13:17:20.963+0000] {dag.py:3239} INFO - Sync 1 DAGs
[2026-07-09T13:17:20.970+0000] {logging_mixin.py:190} INFO - [2026-07-09T13:17:20.970+0000] {dag.py:4180} INFO - Setting next_dagrun for dag_extract_catalogs to 2026-07-08 01:00:00+00:00, run_after=2026-07-09 01:00:00+00:00
[2026-07-09T13:17:20.975+0000] {processor.py:208} INFO - Processing /opt/airflow/dags/dag_extract_catalogs.py took 0.031 seconds
[2026-07-09T13:17:51.459+0000] {processor.py:186} INFO - Started process (PID=6603) to work on /opt/airflow/dags/dag_extract_catalogs.py
[2026-07-09T13:17:51.459+0000] {processor.py:914} INFO - Processing file /opt/airflow/dags/dag_extract_catalogs.py for tasks to queue
[2026-07-09T13:17:51.460+0000] {logging_mixin.py:190} INFO - [2026-07-09T13:17:51.460+0000] {dagbag.py:588} INFO - Filling up the DagBag from /opt/airflow/dags/dag_extract_catalogs.py
[2026-07-09T13:17:51.465+0000] {processor.py:925} INFO - DAG(s) 'dag_extract_catalogs' retrieved from /opt/airflow/dags/dag_extract_catalogs.py
[2026-07-09T13:17:51.476+0000] {logging_mixin.py:190} INFO - [2026-07-09T13:17:51.475+0000] {dag.py:3239} INFO - Sync 1 DAGs
[2026-07-09T13:17:51.483+0000] {logging_mixin.py:190} INFO - [2026-07-09T13:17:51.483+0000] {dag.py:4180} INFO - Setting next_dagrun for dag_extract_catalogs to 2026-07-08 01:00:00+00:00, run_after=2026-07-09 01:00:00+00:00
[2026-07-09T13:17:51.487+0000] {processor.py:208} INFO - Processing /opt/airflow/dags/dag_extract_catalogs.py took 0.031 seconds
[2026-07-09T13:18:22.005+0000] {processor.py:186} INFO - Started process (PID=6623) to work on /opt/airflow/dags/dag_extract_catalogs.py
[2026-07-09T13:18:22.006+0000] {processor.py:914} INFO - Processing file /opt/airflow/dags/dag_extract_catalogs.py for tasks to queue
[2026-07-09T13:18:22.007+0000] {logging_mixin.py:190} INFO - [2026-07-09T13:18:22.006+0000] {dagbag.py:588} INFO - Filling up the DagBag from /opt/airflow/dags/dag_extract_catalogs.py
[2026-07-09T13:18:22.013+0000] {processor.py:925} INFO - DAG(s) 'dag_extract_catalogs' retrieved from /opt/airflow/dags/dag_extract_catalogs.py
[2026-07-09T13:18:22.025+0000] {logging_mixin.py:190} INFO - [2026-07-09T13:18:22.025+0000] {dag.py:3239} INFO - Sync 1 DAGs
[2026-07-09T13:18:22.033+0000] {logging_mixin.py:190} INFO - [2026-07-09T13:18:22.032+0000] {dag.py:4180} INFO - Setting next_dagrun for dag_extract_catalogs to 2026-07-08 01:00:00+00:00, run_after=2026-07-09 01:00:00+00:00
[2026-07-09T13:18:22.037+0000] {processor.py:208} INFO - Processing /opt/airflow/dags/dag_extract_catalogs.py took 0.035 seconds
[2026-07-09T13:18:52.532+0000] {processor.py:186} INFO - Started process (PID=6643) to work on /opt/airflow/dags/dag_extract_catalogs.py
[2026-07-09T13:18:52.532+0000] {processor.py:914} INFO - Processing file /opt/airflow/dags/dag_extract_catalogs.py for tasks to queue
[2026-07-09T13:18:52.533+0000] {logging_mixin.py:190} INFO - [2026-07-09T13:18:52.533+0000] {dagbag.py:588} INFO - Filling up the DagBag from /opt/airflow/dags/dag_extract_catalogs.py
[2026-07-09T13:18:52.538+0000] {processor.py:925} INFO - DAG(s) 'dag_extract_catalogs' retrieved from /opt/airflow/dags/dag_extract_catalogs.py
[2026-07-09T13:18:52.549+0000] {logging_mixin.py:190} INFO - [2026-07-09T13:18:52.549+0000] {dag.py:3239} INFO - Sync 1 DAGs
[2026-07-09T13:18:52.556+0000] {logging_mixin.py:190} INFO - [2026-07-09T13:18:52.556+0000] {dag.py:4180} INFO - Setting next_dagrun for dag_extract_catalogs to 2026-07-08 01:00:00+00:00, run_after=2026-07-09 01:00:00+00:00
[2026-07-09T13:18:52.561+0000] {processor.py:208} INFO - Processing /opt/airflow/dags/dag_extract_catalogs.py took 0.034 seconds
[2026-07-09T13:19:23.076+0000] {processor.py:186} INFO - Started process (PID=6663) to work on /opt/airflow/dags/dag_extract_catalogs.py
[2026-07-09T13:19:23.076+0000] {processor.py:914} INFO - Processing file /opt/airflow/dags/dag_extract_catalogs.py for tasks to queue
[2026-07-09T13:19:23.077+0000] {logging_mixin.py:190} INFO - [2026-07-09T13:19:23.077+0000] {dagbag.py:588} INFO - Filling up the DagBag from /opt/airflow/dags/dag_extract_catalogs.py
[2026-07-09T13:19:23.083+0000] {processor.py:925} INFO - DAG(s) 'dag_extract_catalogs' retrieved from /opt/airflow/dags/dag_extract_catalogs.py
[2026-07-09T13:19:23.097+0000] {logging_mixin.py:190} INFO - [2026-07-09T13:19:23.097+0000] {dag.py:3239} INFO - Sync 1 DAGs
[2026-07-09T13:19:23.105+0000] {logging_mixin.py:190} INFO - [2026-07-09T13:19:23.105+0000] {dag.py:4180} INFO - Setting next_dagrun for dag_extract_catalogs to 2026-07-08 01:00:00+00:00, run_after=2026-07-09 01:00:00+00:00
[2026-07-09T13:19:23.110+0000] {processor.py:208} INFO - Processing /opt/airflow/dags/dag_extract_catalogs.py took 0.037 seconds
[2026-07-09T13:19:53.479+0000] {processor.py:186} INFO - Started process (PID=6681) to work on /opt/airflow/dags/dag_extract_catalogs.py
[2026-07-09T13:19:53.480+0000] {processor.py:914} INFO - Processing file /opt/airflow/dags/dag_extract_catalogs.py for tasks to queue
[2026-07-09T13:19:53.481+0000] {logging_mixin.py:190} INFO - [2026-07-09T13:19:53.481+0000] {dagbag.py:588} INFO - Filling up the DagBag from /opt/airflow/dags/dag_extract_catalogs.py
[2026-07-09T13:19:53.489+0000] {processor.py:925} INFO - DAG(s) 'dag_extract_catalogs' retrieved from /opt/airflow/dags/dag_extract_catalogs.py
[2026-07-09T13:19:53.502+0000] {logging_mixin.py:190} INFO - [2026-07-09T13:19:53.502+0000] {dag.py:3239} INFO - Sync 1 DAGs
[2026-07-09T13:19:53.510+0000] {logging_mixin.py:190} INFO - [2026-07-09T13:19:53.510+0000] {dag.py:4180} INFO - Setting next_dagrun for dag_extract_catalogs to 2026-07-08 01:00:00+00:00, run_after=2026-07-09 01:00:00+00:00
[2026-07-09T13:19:53.517+0000] {processor.py:208} INFO - Processing /opt/airflow/dags/dag_extract_catalogs.py took 0.041 seconds
[2026-07-09T13:20:23.959+0000] {processor.py:186} INFO - Started process (PID=6703) to work on /opt/airflow/dags/dag_extract_catalogs.py
[2026-07-09T13:20:23.959+0000] {processor.py:914} INFO - Processing file /opt/airflow/dags/dag_extract_catalogs.py for tasks to queue
[2026-07-09T13:20:23.960+0000] {logging_mixin.py:190} INFO - [2026-07-09T13:20:23.960+0000] {dagbag.py:588} INFO - Filling up the DagBag from /opt/airflow/dags/dag_extract_catalogs.py
[2026-07-09T13:20:23.965+0000] {processor.py:925} INFO - DAG(s) 'dag_extract_catalogs' retrieved from /opt/airflow/dags/dag_extract_catalogs.py
[2026-07-09T13:20:23.975+0000] {logging_mixin.py:190} INFO - [2026-07-09T13:20:23.975+0000] {dag.py:3239} INFO - Sync 1 DAGs
[2026-07-09T13:20:23.982+0000] {logging_mixin.py:190} INFO - [2026-07-09T13:20:23.982+0000] {dag.py:4180} INFO - Setting next_dagrun for dag_extract_catalogs to 2026-07-08 01:00:00+00:00, run_after=2026-07-09 01:00:00+00:00
[2026-07-09T13:20:23.987+0000] {processor.py:208} INFO - Processing /opt/airflow/dags/dag_extract_catalogs.py took 0.030 seconds
[2026-07-09T13:20:54.351+0000] {processor.py:186} INFO - Started process (PID=6721) to work on /opt/airflow/dags/dag_extract_catalogs.py
[2026-07-09T13:20:54.352+0000] {processor.py:914} INFO - Processing file /opt/airflow/dags/dag_extract_catalogs.py for tasks to queue
[2026-07-09T13:20:54.353+0000] {logging_mixin.py:190} INFO - [2026-07-09T13:20:54.353+0000] {dagbag.py:588} INFO - Filling up the DagBag from /opt/airflow/dags/dag_extract_catalogs.py
[2026-07-09T13:20:54.362+0000] {processor.py:925} INFO - DAG(s) 'dag_extract_catalogs' retrieved from /opt/airflow/dags/dag_extract_catalogs.py
[2026-07-09T13:20:54.376+0000] {logging_mixin.py:190} INFO - [2026-07-09T13:20:54.376+0000] {dag.py:3239} INFO - Sync 1 DAGs
[2026-07-09T13:20:54.384+0000] {logging_mixin.py:190} INFO - [2026-07-09T13:20:54.384+0000] {dag.py:4180} INFO - Setting next_dagrun for dag_extract_catalogs to 2026-07-08 01:00:00+00:00, run_after=2026-07-09 01:00:00+00:00
[2026-07-09T13:20:54.388+0000] {processor.py:208} INFO - Processing /opt/airflow/dags/dag_extract_catalogs.py took 0.040 seconds
[2026-07-09T13:21:24.855+0000] {processor.py:186} INFO - Started process (PID=6743) to work on /opt/airflow/dags/dag_extract_catalogs.py
[2026-07-09T13:21:24.855+0000] {processor.py:914} INFO - Processing file /opt/airflow/dags/dag_extract_catalogs.py for tasks to queue
[2026-07-09T13:21:24.856+0000] {logging_mixin.py:190} INFO - [2026-07-09T13:21:24.856+0000] {dagbag.py:588} INFO - Filling up the DagBag from /opt/airflow/dags/dag_extract_catalogs.py
[2026-07-09T13:21:24.861+0000] {processor.py:925} INFO - DAG(s) 'dag_extract_catalogs' retrieved from /opt/airflow/dags/dag_extract_catalogs.py
[2026-07-09T13:21:24.871+0000] {logging_mixin.py:190} INFO - [2026-07-09T13:21:24.871+0000] {dag.py:3239} INFO - Sync 1 DAGs
[2026-07-09T13:21:24.878+0000] {logging_mixin.py:190} INFO - [2026-07-09T13:21:24.878+0000] {dag.py:4180} INFO - Setting next_dagrun for dag_extract_catalogs to 2026-07-08 01:00:00+00:00, run_after=2026-07-09 01:00:00+00:00
[2026-07-09T13:21:24.883+0000] {processor.py:208} INFO - Processing /opt/airflow/dags/dag_extract_catalogs.py took 0.030 seconds
[2026-07-09T13:21:55.406+0000] {processor.py:186} INFO - Started process (PID=6763) to work on /opt/airflow/dags/dag_extract_catalogs.py
[2026-07-09T13:21:55.407+0000] {processor.py:914} INFO - Processing file /opt/airflow/dags/dag_extract_catalogs.py for tasks to queue
[2026-07-09T13:21:55.408+0000] {logging_mixin.py:190} INFO - [2026-07-09T13:21:55.407+0000] {dagbag.py:588} INFO - Filling up the DagBag from /opt/airflow/dags/dag_extract_catalogs.py
[2026-07-09T13:21:55.412+0000] {processor.py:925} INFO - DAG(s) 'dag_extract_catalogs' retrieved from /opt/airflow/dags/dag_extract_catalogs.py
[2026-07-09T13:21:55.423+0000] {logging_mixin.py:190} INFO - [2026-07-09T13:21:55.423+0000] {dag.py:3239} INFO - Sync 1 DAGs
[2026-07-09T13:21:55.430+0000] {logging_mixin.py:190} INFO - [2026-07-09T13:21:55.429+0000] {dag.py:4180} INFO - Setting next_dagrun for dag_extract_catalogs to 2026-07-08 01:00:00+00:00, run_after=2026-07-09 01:00:00+00:00
[2026-07-09T13:21:55.434+0000] {processor.py:208} INFO - Processing /opt/airflow/dags/dag_extract_catalogs.py took 0.031 seconds
[2026-07-09T14:12:00.144+0000] {processor.py:186} INFO - Started process (PID=6783) to work on /opt/airflow/dags/dag_extract_catalogs.py
[2026-07-09T14:12:00.144+0000] {processor.py:914} INFO - Processing file /opt/airflow/dags/dag_extract_catalogs.py for tasks to queue
[2026-07-09T14:12:00.145+0000] {logging_mixin.py:190} INFO - [2026-07-09T14:12:00.145+0000] {dagbag.py:588} INFO - Filling up the DagBag from /opt/airflow/dags/dag_extract_catalogs.py
[2026-07-09T14:12:00.150+0000] {processor.py:925} INFO - DAG(s) 'dag_extract_catalogs' retrieved from /opt/airflow/dags/dag_extract_catalogs.py
[2026-07-09T14:12:00.160+0000] {logging_mixin.py:190} INFO - [2026-07-09T14:12:00.160+0000] {dag.py:3239} INFO - Sync 1 DAGs
[2026-07-09T14:12:00.167+0000] {logging_mixin.py:190} INFO - [2026-07-09T14:12:00.167+0000] {dag.py:4180} INFO - Setting next_dagrun for dag_extract_catalogs to 2026-07-08 01:00:00+00:00, run_after=2026-07-09 01:00:00+00:00
[2026-07-09T14:12:00.172+0000] {processor.py:208} INFO - Processing /opt/airflow/dags/dag_extract_catalogs.py took 0.031 seconds
[2026-07-09T14:29:22.779+0000] {processor.py:186} INFO - Started process (PID=6803) to work on /opt/airflow/dags/dag_extract_catalogs.py
[2026-07-09T14:29:22.780+0000] {processor.py:914} INFO - Processing file /opt/airflow/dags/dag_extract_catalogs.py for tasks to queue
[2026-07-09T14:29:22.781+0000] {logging_mixin.py:190} INFO - [2026-07-09T14:29:22.781+0000] {dagbag.py:588} INFO - Filling up the DagBag from /opt/airflow/dags/dag_extract_catalogs.py
[2026-07-09T14:29:22.788+0000] {processor.py:925} INFO - DAG(s) 'dag_extract_catalogs' retrieved from /opt/airflow/dags/dag_extract_catalogs.py
[2026-07-09T14:29:22.803+0000] {logging_mixin.py:190} INFO - [2026-07-09T14:29:22.803+0000] {dag.py:3239} INFO - Sync 1 DAGs
[2026-07-09T14:29:22.814+0000] {logging_mixin.py:190} INFO - [2026-07-09T14:29:22.814+0000] {dag.py:4180} INFO - Setting next_dagrun for dag_extract_catalogs to 2026-07-08 01:00:00+00:00, run_after=2026-07-09 01:00:00+00:00
[2026-07-09T14:29:22.821+0000] {processor.py:208} INFO - Processing /opt/airflow/dags/dag_extract_catalogs.py took 0.046 seconds
[2026-07-09T15:09:09.036+0000] {processor.py:186} INFO - Started process (PID=6821) to work on /opt/airflow/dags/dag_extract_catalogs.py
[2026-07-09T15:09:09.037+0000] {processor.py:914} INFO - Processing file /opt/airflow/dags/dag_extract_catalogs.py for tasks to queue
[2026-07-09T15:09:09.039+0000] {logging_mixin.py:190} INFO - [2026-07-09T15:09:09.039+0000] {dagbag.py:588} INFO - Filling up the DagBag from /opt/airflow/dags/dag_extract_catalogs.py
[2026-07-09T15:09:09.047+0000] {processor.py:925} INFO - DAG(s) 'dag_extract_catalogs' retrieved from /opt/airflow/dags/dag_extract_catalogs.py
[2026-07-09T15:09:09.058+0000] {logging_mixin.py:190} INFO - [2026-07-09T15:09:09.058+0000] {dag.py:3239} INFO - Sync 1 DAGs
[2026-07-09T15:09:09.068+0000] {logging_mixin.py:190} INFO - [2026-07-09T15:09:09.068+0000] {dag.py:4180} INFO - Setting next_dagrun for dag_extract_catalogs to 2026-07-08 01:00:00+00:00, run_after=2026-07-09 01:00:00+00:00
[2026-07-09T15:09:09.079+0000] {processor.py:208} INFO - Processing /opt/airflow/dags/dag_extract_catalogs.py took 0.046 seconds
[2026-07-09T15:09:39.597+0000] {processor.py:186} INFO - Started process (PID=6841) to work on /opt/airflow/dags/dag_extract_catalogs.py
[2026-07-09T15:09:39.598+0000] {processor.py:914} INFO - Processing file /opt/airflow/dags/dag_extract_catalogs.py for tasks to queue
[2026-07-09T15:09:39.599+0000] {logging_mixin.py:190} INFO - [2026-07-09T15:09:39.599+0000] {dagbag.py:588} INFO - Filling up the DagBag from /opt/airflow/dags/dag_extract_catalogs.py
[2026-07-09T15:09:39.607+0000] {processor.py:925} INFO - DAG(s) 'dag_extract_catalogs' retrieved from /opt/airflow/dags/dag_extract_catalogs.py
[2026-07-09T15:09:39.623+0000] {logging_mixin.py:190} INFO - [2026-07-09T15:09:39.623+0000] {dag.py:3239} INFO - Sync 1 DAGs
[2026-07-09T15:09:39.634+0000] {logging_mixin.py:190} INFO - [2026-07-09T15:09:39.633+0000] {dag.py:4180} INFO - Setting next_dagrun for dag_extract_catalogs to 2026-07-08 01:00:00+00:00, run_after=2026-07-09 01:00:00+00:00
[2026-07-09T15:09:39.640+0000] {processor.py:208} INFO - Processing /opt/airflow/dags/dag_extract_catalogs.py took 0.047 seconds
[2026-07-09T15:22:55.287+0000] {processor.py:186} INFO - Started process (PID=6863) to work on /opt/airflow/dags/dag_extract_catalogs.py
[2026-07-09T15:22:55.288+0000] {processor.py:914} INFO - Processing file /opt/airflow/dags/dag_extract_catalogs.py for tasks to queue
[2026-07-09T15:22:55.289+0000] {logging_mixin.py:190} INFO - [2026-07-09T15:22:55.289+0000] {dagbag.py:588} INFO - Filling up the DagBag from /opt/airflow/dags/dag_extract_catalogs.py
[2026-07-09T15:22:55.294+0000] {processor.py:925} INFO - DAG(s) 'dag_extract_catalogs' retrieved from /opt/airflow/dags/dag_extract_catalogs.py
[2026-07-09T15:22:55.304+0000] {logging_mixin.py:190} INFO - [2026-07-09T15:22:55.304+0000] {dag.py:3239} INFO - Sync 1 DAGs
[2026-07-09T15:22:55.311+0000] {logging_mixin.py:190} INFO - [2026-07-09T15:22:55.311+0000] {dag.py:4180} INFO - Setting next_dagrun for dag_extract_catalogs to 2026-07-08 01:00:00+00:00, run_after=2026-07-09 01:00:00+00:00
[2026-07-09T15:22:55.315+0000] {processor.py:208} INFO - Processing /opt/airflow/dags/dag_extract_catalogs.py took 0.030 seconds
[2026-07-09T15:56:16.621+0000] {processor.py:186} INFO - Started process (PID=6881) to work on /opt/airflow/dags/dag_extract_catalogs.py
[2026-07-09T15:56:16.621+0000] {processor.py:914} INFO - Processing file /opt/airflow/dags/dag_extract_catalogs.py for tasks to queue
[2026-07-09T15:56:16.623+0000] {logging_mixin.py:190} INFO - [2026-07-09T15:56:16.623+0000] {dagbag.py:588} INFO - Filling up the DagBag from /opt/airflow/dags/dag_extract_catalogs.py
[2026-07-09T15:56:16.630+0000] {processor.py:925} INFO - DAG(s) 'dag_extract_catalogs' retrieved from /opt/airflow/dags/dag_extract_catalogs.py
[2026-07-09T15:56:16.645+0000] {logging_mixin.py:190} INFO - [2026-07-09T15:56:16.645+0000] {dag.py:3239} INFO - Sync 1 DAGs
[2026-07-09T15:56:16.658+0000] {logging_mixin.py:190} INFO - [2026-07-09T15:56:16.658+0000] {dag.py:4180} INFO - Setting next_dagrun for dag_extract_catalogs to 2026-07-08 01:00:00+00:00, run_after=2026-07-09 01:00:00+00:00
[2026-07-09T15:56:16.662+0000] {processor.py:208} INFO - Processing /opt/airflow/dags/dag_extract_catalogs.py took 0.044 seconds
[2026-07-09T16:23:37.047+0000] {processor.py:186} INFO - Started process (PID=6903) to work on /opt/airflow/dags/dag_extract_catalogs.py
[2026-07-09T16:23:37.048+0000] {processor.py:914} INFO - Processing file /opt/airflow/dags/dag_extract_catalogs.py for tasks to queue
[2026-07-09T16:23:37.049+0000] {logging_mixin.py:190} INFO - [2026-07-09T16:23:37.049+0000] {dagbag.py:588} INFO - Filling up the DagBag from /opt/airflow/dags/dag_extract_catalogs.py
[2026-07-09T16:23:37.054+0000] {processor.py:925} INFO - DAG(s) 'dag_extract_catalogs' retrieved from /opt/airflow/dags/dag_extract_catalogs.py
[2026-07-09T16:23:37.066+0000] {logging_mixin.py:190} INFO - [2026-07-09T16:23:37.066+0000] {dag.py:3239} INFO - Sync 1 DAGs
[2026-07-09T16:23:37.074+0000] {logging_mixin.py:190} INFO - [2026-07-09T16:23:37.074+0000] {dag.py:4180} INFO - Setting next_dagrun for dag_extract_catalogs to 2026-07-08 01:00:00+00:00, run_after=2026-07-09 01:00:00+00:00
[2026-07-09T16:23:37.079+0000] {processor.py:208} INFO - Processing /opt/airflow/dags/dag_extract_catalogs.py took 0.037 seconds
[2026-07-09T16:24:07.502+0000] {processor.py:186} INFO - Started process (PID=6923) to work on /opt/airflow/dags/dag_extract_catalogs.py
[2026-07-09T16:24:07.502+0000] {processor.py:914} INFO - Processing file /opt/airflow/dags/dag_extract_catalogs.py for tasks to queue
[2026-07-09T16:24:07.503+0000] {logging_mixin.py:190} INFO - [2026-07-09T16:24:07.503+0000] {dagbag.py:588} INFO - Filling up the DagBag from /opt/airflow/dags/dag_extract_catalogs.py
[2026-07-09T16:24:07.508+0000] {processor.py:925} INFO - DAG(s) 'dag_extract_catalogs' retrieved from /opt/airflow/dags/dag_extract_catalogs.py
[2026-07-09T16:24:07.518+0000] {logging_mixin.py:190} INFO - [2026-07-09T16:24:07.517+0000] {dag.py:3239} INFO - Sync 1 DAGs
[2026-07-09T16:24:07.525+0000] {logging_mixin.py:190} INFO - [2026-07-09T16:24:07.525+0000] {dag.py:4180} INFO - Setting next_dagrun for dag_extract_catalogs to 2026-07-08 01:00:00+00:00, run_after=2026-07-09 01:00:00+00:00
[2026-07-09T16:24:07.529+0000] {processor.py:208} INFO - Processing /opt/airflow/dags/dag_extract_catalogs.py took 0.030 seconds
[2026-07-09T16:24:38.006+0000] {processor.py:186} INFO - Started process (PID=6943) to work on /opt/airflow/dags/dag_extract_catalogs.py
[2026-07-09T16:24:38.006+0000] {processor.py:914} INFO - Processing file /opt/airflow/dags/dag_extract_catalogs.py for tasks to queue
[2026-07-09T16:24:38.007+0000] {logging_mixin.py:190} INFO - [2026-07-09T16:24:38.007+0000] {dagbag.py:588} INFO - Filling up the DagBag from /opt/airflow/dags/dag_extract_catalogs.py
[2026-07-09T16:24:38.012+0000] {processor.py:925} INFO - DAG(s) 'dag_extract_catalogs' retrieved from /opt/airflow/dags/dag_extract_catalogs.py
[2026-07-09T16:24:38.023+0000] {logging_mixin.py:190} INFO - [2026-07-09T16:24:38.022+0000] {dag.py:3239} INFO - Sync 1 DAGs
[2026-07-09T16:24:38.030+0000] {logging_mixin.py:190} INFO - [2026-07-09T16:24:38.030+0000] {dag.py:4180} INFO - Setting next_dagrun for dag_extract_catalogs to 2026-07-08 01:00:00+00:00, run_after=2026-07-09 01:00:00+00:00
[2026-07-09T16:24:38.034+0000] {processor.py:208} INFO - Processing /opt/airflow/dags/dag_extract_catalogs.py took 0.031 seconds
[2026-07-09T16:25:08.453+0000] {processor.py:186} INFO - Started process (PID=6963) to work on /opt/airflow/dags/dag_extract_catalogs.py
[2026-07-09T16:25:08.453+0000] {processor.py:914} INFO - Processing file /opt/airflow/dags/dag_extract_catalogs.py for tasks to queue
[2026-07-09T16:25:08.454+0000] {logging_mixin.py:190} INFO - [2026-07-09T16:25:08.454+0000] {dagbag.py:588} INFO - Filling up the DagBag from /opt/airflow/dags/dag_extract_catalogs.py
[2026-07-09T16:25:08.459+0000] {processor.py:925} INFO - DAG(s) 'dag_extract_catalogs' retrieved from /opt/airflow/dags/dag_extract_catalogs.py
[2026-07-09T16:25:08.469+0000] {logging_mixin.py:190} INFO - [2026-07-09T16:25:08.469+0000] {dag.py:3239} INFO - Sync 1 DAGs
[2026-07-09T16:25:08.476+0000] {logging_mixin.py:190} INFO - [2026-07-09T16:25:08.476+0000] {dag.py:4180} INFO - Setting next_dagrun for dag_extract_catalogs to 2026-07-08 01:00:00+00:00, run_after=2026-07-09 01:00:00+00:00
[2026-07-09T16:25:08.481+0000] {processor.py:208} INFO - Processing /opt/airflow/dags/dag_extract_catalogs.py took 0.031 seconds
[2026-07-09T16:25:38.848+0000] {processor.py:186} INFO - Started process (PID=6981) to work on /opt/airflow/dags/dag_extract_catalogs.py
[2026-07-09T16:25:38.849+0000] {processor.py:914} INFO - Processing file /opt/airflow/dags/dag_extract_catalogs.py for tasks to queue
[2026-07-09T16:25:38.850+0000] {logging_mixin.py:190} INFO - [2026-07-09T16:25:38.850+0000] {dagbag.py:588} INFO - Filling up the DagBag from /opt/airflow/dags/dag_extract_catalogs.py
[2026-07-09T16:25:38.859+0000] {processor.py:925} INFO - DAG(s) 'dag_extract_catalogs' retrieved from /opt/airflow/dags/dag_extract_catalogs.py
[2026-07-09T16:25:38.879+0000] {logging_mixin.py:190} INFO - [2026-07-09T16:25:38.879+0000] {dag.py:3239} INFO - Sync 1 DAGs
[2026-07-09T16:25:38.889+0000] {logging_mixin.py:190} INFO - [2026-07-09T16:25:38.888+0000] {dag.py:4180} INFO - Setting next_dagrun for dag_extract_catalogs to 2026-07-08 01:00:00+00:00, run_after=2026-07-09 01:00:00+00:00
[2026-07-09T16:25:38.893+0000] {processor.py:208} INFO - Processing /opt/airflow/dags/dag_extract_catalogs.py took 0.048 seconds
[2026-07-09T16:26:09.329+0000] {processor.py:186} INFO - Started process (PID=7003) to work on /opt/airflow/dags/dag_extract_catalogs.py
[2026-07-09T16:26:09.329+0000] {processor.py:914} INFO - Processing file /opt/airflow/dags/dag_extract_catalogs.py for tasks to queue
[2026-07-09T16:26:09.330+0000] {logging_mixin.py:190} INFO - [2026-07-09T16:26:09.330+0000] {dagbag.py:588} INFO - Filling up the DagBag from /opt/airflow/dags/dag_extract_catalogs.py
[2026-07-09T16:26:09.335+0000] {processor.py:925} INFO - DAG(s) 'dag_extract_catalogs' retrieved from /opt/airflow/dags/dag_extract_catalogs.py
[2026-07-09T16:26:09.344+0000] {logging_mixin.py:190} INFO - [2026-07-09T16:26:09.344+0000] {dag.py:3239} INFO - Sync 1 DAGs
[2026-07-09T16:26:09.351+0000] {logging_mixin.py:190} INFO - [2026-07-09T16:26:09.351+0000] {dag.py:4180} INFO - Setting next_dagrun for dag_extract_catalogs to 2026-07-08 01:00:00+00:00, run_after=2026-07-09 01:00:00+00:00
[2026-07-09T16:26:09.356+0000] {processor.py:208} INFO - Processing /opt/airflow/dags/dag_extract_catalogs.py took 0.030 seconds
[2026-07-09T16:26:39.736+0000] {processor.py:186} INFO - Started process (PID=7021) to work on /opt/airflow/dags/dag_extract_catalogs.py
[2026-07-09T16:26:39.736+0000] {processor.py:914} INFO - Processing file /opt/airflow/dags/dag_extract_catalogs.py for tasks to queue
[2026-07-09T16:26:39.738+0000] {logging_mixin.py:190} INFO - [2026-07-09T16:26:39.737+0000] {dagbag.py:588} INFO - Filling up the DagBag from /opt/airflow/dags/dag_extract_catalogs.py
[2026-07-09T16:26:39.745+0000] {processor.py:925} INFO - DAG(s) 'dag_extract_catalogs' retrieved from /opt/airflow/dags/dag_extract_catalogs.py
[2026-07-09T16:26:39.763+0000] {logging_mixin.py:190} INFO - [2026-07-09T16:26:39.763+0000] {dag.py:3239} INFO - Sync 1 DAGs
[2026-07-09T16:26:39.771+0000] {logging_mixin.py:190} INFO - [2026-07-09T16:26:39.771+0000] {dag.py:4180} INFO - Setting next_dagrun for dag_extract_catalogs to 2026-07-08 01:00:00+00:00, run_after=2026-07-09 01:00:00+00:00
[2026-07-09T16:26:39.776+0000] {processor.py:208} INFO - Processing /opt/airflow/dags/dag_extract_catalogs.py took 0.043 seconds
[2026-07-09T16:27:10.253+0000] {processor.py:186} INFO - Started process (PID=7043) to work on /opt/airflow/dags/dag_extract_catalogs.py
[2026-07-09T16:27:10.253+0000] {processor.py:914} INFO - Processing file /opt/airflow/dags/dag_extract_catalogs.py for tasks to queue
[2026-07-09T16:27:10.254+0000] {logging_mixin.py:190} INFO - [2026-07-09T16:27:10.254+0000] {dagbag.py:588} INFO - Filling up the DagBag from /opt/airflow/dags/dag_extract_catalogs.py
[2026-07-09T16:27:10.259+0000] {processor.py:925} INFO - DAG(s) 'dag_extract_catalogs' retrieved from /opt/airflow/dags/dag_extract_catalogs.py
[2026-07-09T16:27:10.269+0000] {logging_mixin.py:190} INFO - [2026-07-09T16:27:10.269+0000] {dag.py:3239} INFO - Sync 1 DAGs
[2026-07-09T16:27:10.276+0000] {logging_mixin.py:190} INFO - [2026-07-09T16:27:10.276+0000] {dag.py:4180} INFO - Setting next_dagrun for dag_extract_catalogs to 2026-07-08 01:00:00+00:00, run_after=2026-07-09 01:00:00+00:00
[2026-07-09T16:27:10.280+0000] {processor.py:208} INFO - Processing /opt/airflow/dags/dag_extract_catalogs.py took 0.030 seconds
[2026-07-09T16:27:40.640+0000] {processor.py:186} INFO - Started process (PID=7061) to work on /opt/airflow/dags/dag_extract_catalogs.py
[2026-07-09T16:27:40.641+0000] {processor.py:914} INFO - Processing file /opt/airflow/dags/dag_extract_catalogs.py for tasks to queue
[2026-07-09T16:27:40.642+0000] {logging_mixin.py:190} INFO - [2026-07-09T16:27:40.642+0000] {dagbag.py:588} INFO - Filling up the DagBag from /opt/airflow/dags/dag_extract_catalogs.py
[2026-07-09T16:27:40.648+0000] {processor.py:925} INFO - DAG(s) 'dag_extract_catalogs' retrieved from /opt/airflow/dags/dag_extract_catalogs.py
[2026-07-09T16:27:40.660+0000] {logging_mixin.py:190} INFO - [2026-07-09T16:27:40.660+0000] {dag.py:3239} INFO - Sync 1 DAGs
[2026-07-09T16:27:40.668+0000] {logging_mixin.py:190} INFO - [2026-07-09T16:27:40.668+0000] {dag.py:4180} INFO - Setting next_dagrun for dag_extract_catalogs to 2026-07-08 01:00:00+00:00, run_after=2026-07-09 01:00:00+00:00
[2026-07-09T16:27:40.675+0000] {processor.py:208} INFO - Processing /opt/airflow/dags/dag_extract_catalogs.py took 0.037 seconds
[2026-07-09T16:28:11.040+0000] {processor.py:186} INFO - Started process (PID=7081) to work on /opt/airflow/dags/dag_extract_catalogs.py
[2026-07-09T16:28:11.041+0000] {processor.py:914} INFO - Processing file /opt/airflow/dags/dag_extract_catalogs.py for tasks to queue
[2026-07-09T16:28:11.043+0000] {logging_mixin.py:190} INFO - [2026-07-09T16:28:11.042+0000] {dagbag.py:588} INFO - Filling up the DagBag from /opt/airflow/dags/dag_extract_catalogs.py
[2026-07-09T16:28:11.048+0000] {processor.py:925} INFO - DAG(s) 'dag_extract_catalogs' retrieved from /opt/airflow/dags/dag_extract_catalogs.py
[2026-07-09T16:28:11.060+0000] {logging_mixin.py:190} INFO - [2026-07-09T16:28:11.060+0000] {dag.py:3239} INFO - Sync 1 DAGs
[2026-07-09T16:28:11.068+0000] {logging_mixin.py:190} INFO - [2026-07-09T16:28:11.068+0000] {dag.py:4180} INFO - Setting next_dagrun for dag_extract_catalogs to 2026-07-08 01:00:00+00:00, run_after=2026-07-09 01:00:00+00:00
[2026-07-09T16:28:11.076+0000] {processor.py:208} INFO - Processing /opt/airflow/dags/dag_extract_catalogs.py took 0.038 seconds
[2026-07-09T16:28:41.501+0000] {processor.py:186} INFO - Started process (PID=7101) to work on /opt/airflow/dags/dag_extract_catalogs.py
[2026-07-09T16:28:41.502+0000] {processor.py:914} INFO - Processing file /opt/airflow/dags/dag_extract_catalogs.py for tasks to queue
[2026-07-09T16:28:41.503+0000] {logging_mixin.py:190} INFO - [2026-07-09T16:28:41.503+0000] {dagbag.py:588} INFO - Filling up the DagBag from /opt/airflow/dags/dag_extract_catalogs.py
[2026-07-09T16:28:41.510+0000] {processor.py:925} INFO - DAG(s) 'dag_extract_catalogs' retrieved from /opt/airflow/dags/dag_extract_catalogs.py
[2026-07-09T16:28:41.526+0000] {logging_mixin.py:190} INFO - [2026-07-09T16:28:41.526+0000] {dag.py:3239} INFO - Sync 1 DAGs
[2026-07-09T16:28:41.535+0000] {logging_mixin.py:190} INFO - [2026-07-09T16:28:41.535+0000] {dag.py:4180} INFO - Setting next_dagrun for dag_extract_catalogs to 2026-07-08 01:00:00+00:00, run_after=2026-07-09 01:00:00+00:00
[2026-07-09T16:28:41.540+0000] {processor.py:208} INFO - Processing /opt/airflow/dags/dag_extract_catalogs.py took 0.042 seconds
[2026-07-09T16:29:12.034+0000] {processor.py:186} INFO - Started process (PID=7123) to work on /opt/airflow/dags/dag_extract_catalogs.py
[2026-07-09T16:29:12.034+0000] {processor.py:914} INFO - Processing file /opt/airflow/dags/dag_extract_catalogs.py for tasks to queue
[2026-07-09T16:29:12.035+0000] {logging_mixin.py:190} INFO - [2026-07-09T16:29:12.035+0000] {dagbag.py:588} INFO - Filling up the DagBag from /opt/airflow/dags/dag_extract_catalogs.py
[2026-07-09T16:29:12.040+0000] {processor.py:925} INFO - DAG(s) 'dag_extract_catalogs' retrieved from /opt/airflow/dags/dag_extract_catalogs.py
[2026-07-09T16:29:12.051+0000] {logging_mixin.py:190} INFO - [2026-07-09T16:29:12.051+0000] {dag.py:3239} INFO - Sync 1 DAGs
[2026-07-09T16:29:12.058+0000] {logging_mixin.py:190} INFO - [2026-07-09T16:29:12.058+0000] {dag.py:4180} INFO - Setting next_dagrun for dag_extract_catalogs to 2026-07-08 01:00:00+00:00, run_after=2026-07-09 01:00:00+00:00
[2026-07-09T16:29:12.063+0000] {processor.py:208} INFO - Processing /opt/airflow/dags/dag_extract_catalogs.py took 0.032 seconds
[2026-07-09T16:29:42.470+0000] {processor.py:186} INFO - Started process (PID=7141) to work on /opt/airflow/dags/dag_extract_catalogs.py
[2026-07-09T16:29:42.471+0000] {processor.py:914} INFO - Processing file /opt/airflow/dags/dag_extract_catalogs.py for tasks to queue
[2026-07-09T16:29:42.472+0000] {logging_mixin.py:190} INFO - [2026-07-09T16:29:42.472+0000] {dagbag.py:588} INFO - Filling up the DagBag from /opt/airflow/dags/dag_extract_catalogs.py
[2026-07-09T16:29:42.479+0000] {processor.py:925} INFO - DAG(s) 'dag_extract_catalogs' retrieved from /opt/airflow/dags/dag_extract_catalogs.py
[2026-07-09T16:29:42.496+0000] {logging_mixin.py:190} INFO - [2026-07-09T16:29:42.496+0000] {dag.py:3239} INFO - Sync 1 DAGs
[2026-07-09T16:29:42.506+0000] {logging_mixin.py:190} INFO - [2026-07-09T16:29:42.506+0000] {dag.py:4180} INFO - Setting next_dagrun for dag_extract_catalogs to 2026-07-08 01:00:00+00:00, run_after=2026-07-09 01:00:00+00:00
[2026-07-09T16:29:42.511+0000] {processor.py:208} INFO - Processing /opt/airflow/dags/dag_extract_catalogs.py took 0.044 seconds
[2026-07-09T16:30:12.902+0000] {processor.py:186} INFO - Started process (PID=7163) to work on /opt/airflow/dags/dag_extract_catalogs.py
[2026-07-09T16:30:12.903+0000] {processor.py:914} INFO - Processing file /opt/airflow/dags/dag_extract_catalogs.py for tasks to queue
[2026-07-09T16:30:12.903+0000] {logging_mixin.py:190} INFO - [2026-07-09T16:30:12.903+0000] {dagbag.py:588} INFO - Filling up the DagBag from /opt/airflow/dags/dag_extract_catalogs.py
[2026-07-09T16:30:12.908+0000] {processor.py:925} INFO - DAG(s) 'dag_extract_catalogs' retrieved from /opt/airflow/dags/dag_extract_catalogs.py
[2026-07-09T16:30:12.918+0000] {logging_mixin.py:190} INFO - [2026-07-09T16:30:12.918+0000] {dag.py:3239} INFO - Sync 1 DAGs
[2026-07-09T16:30:12.926+0000] {logging_mixin.py:190} INFO - [2026-07-09T16:30:12.926+0000] {dag.py:4180} INFO - Setting next_dagrun for dag_extract_catalogs to 2026-07-08 01:00:00+00:00, run_after=2026-07-09 01:00:00+00:00
[2026-07-09T16:30:12.930+0000] {processor.py:208} INFO - Processing /opt/airflow/dags/dag_extract_catalogs.py took 0.031 seconds
[2026-07-09T16:30:43.374+0000] {processor.py:186} INFO - Started process (PID=7183) to work on /opt/airflow/dags/dag_extract_catalogs.py
[2026-07-09T16:30:43.374+0000] {processor.py:914} INFO - Processing file /opt/airflow/dags/dag_extract_catalogs.py for tasks to queue
[2026-07-09T16:30:43.375+0000] {logging_mixin.py:190} INFO - [2026-07-09T16:30:43.375+0000] {dagbag.py:588} INFO - Filling up the DagBag from /opt/airflow/dags/dag_extract_catalogs.py
[2026-07-09T16:30:43.382+0000] {processor.py:925} INFO - DAG(s) 'dag_extract_catalogs' retrieved from /opt/airflow/dags/dag_extract_catalogs.py
[2026-07-09T16:30:43.394+0000] {logging_mixin.py:190} INFO - [2026-07-09T16:30:43.393+0000] {dag.py:3239} INFO - Sync 1 DAGs
[2026-07-09T16:30:43.401+0000] {logging_mixin.py:190} INFO - [2026-07-09T16:30:43.400+0000] {dag.py:4180} INFO - Setting next_dagrun for dag_extract_catalogs to 2026-07-08 01:00:00+00:00, run_after=2026-07-09 01:00:00+00:00
[2026-07-09T16:30:43.405+0000] {processor.py:208} INFO - Processing /opt/airflow/dags/dag_extract_catalogs.py took 0.034 seconds
[2026-07-09T16:31:13.839+0000] {processor.py:186} INFO - Started process (PID=7203) to work on /opt/airflow/dags/dag_extract_catalogs.py
[2026-07-09T16:31:13.839+0000] {processor.py:914} INFO - Processing file /opt/airflow/dags/dag_extract_catalogs.py for tasks to queue
[2026-07-09T16:31:13.840+0000] {logging_mixin.py:190} INFO - [2026-07-09T16:31:13.840+0000] {dagbag.py:588} INFO - Filling up the DagBag from /opt/airflow/dags/dag_extract_catalogs.py
[2026-07-09T16:31:13.845+0000] {processor.py:925} INFO - DAG(s) 'dag_extract_catalogs' retrieved from /opt/airflow/dags/dag_extract_catalogs.py
[2026-07-09T16:31:13.855+0000] {logging_mixin.py:190} INFO - [2026-07-09T16:31:13.855+0000] {dag.py:3239} INFO - Sync 1 DAGs
[2026-07-09T16:31:13.862+0000] {logging_mixin.py:190} INFO - [2026-07-09T16:31:13.862+0000] {dag.py:4180} INFO - Setting next_dagrun for dag_extract_catalogs to 2026-07-08 01:00:00+00:00, run_after=2026-07-09 01:00:00+00:00
[2026-07-09T16:31:13.867+0000] {processor.py:208} INFO - Processing /opt/airflow/dags/dag_extract_catalogs.py took 0.030 seconds
[2026-07-09T16:31:44.271+0000] {processor.py:186} INFO - Started process (PID=7223) to work on /opt/airflow/dags/dag_extract_catalogs.py
[2026-07-09T16:31:44.271+0000] {processor.py:914} INFO - Processing file /opt/airflow/dags/dag_extract_catalogs.py for tasks to queue
[2026-07-09T16:31:44.272+0000] {logging_mixin.py:190} INFO - [2026-07-09T16:31:44.272+0000] {dagbag.py:588} INFO - Filling up the DagBag from /opt/airflow/dags/dag_extract_catalogs.py
[2026-07-09T16:31:44.277+0000] {processor.py:925} INFO - DAG(s) 'dag_extract_catalogs' retrieved from /opt/airflow/dags/dag_extract_catalogs.py
[2026-07-09T16:31:44.287+0000] {logging_mixin.py:190} INFO - [2026-07-09T16:31:44.287+0000] {dag.py:3239} INFO - Sync 1 DAGs
[2026-07-09T16:31:44.294+0000] {logging_mixin.py:190} INFO - [2026-07-09T16:31:44.294+0000] {dag.py:4180} INFO - Setting next_dagrun for dag_extract_catalogs to 2026-07-08 01:00:00+00:00, run_after=2026-07-09 01:00:00+00:00
[2026-07-09T16:31:44.298+0000] {processor.py:208} INFO - Processing /opt/airflow/dags/dag_extract_catalogs.py took 0.030 seconds
[2026-07-09T16:32:14.693+0000] {processor.py:186} INFO - Started process (PID=7243) to work on /opt/airflow/dags/dag_extract_catalogs.py
[2026-07-09T16:32:14.693+0000] {processor.py:914} INFO - Processing file /opt/airflow/dags/dag_extract_catalogs.py for tasks to queue
[2026-07-09T16:32:14.694+0000] {logging_mixin.py:190} INFO - [2026-07-09T16:32:14.694+0000] {dagbag.py:588} INFO - Filling up the DagBag from /opt/airflow/dags/dag_extract_catalogs.py
[2026-07-09T16:32:14.699+0000] {processor.py:925} INFO - DAG(s) 'dag_extract_catalogs' retrieved from /opt/airflow/dags/dag_extract_catalogs.py
[2026-07-09T16:32:14.709+0000] {logging_mixin.py:190} INFO - [2026-07-09T16:32:14.709+0000] {dag.py:3239} INFO - Sync 1 DAGs
[2026-07-09T16:32:14.716+0000] {logging_mixin.py:190} INFO - [2026-07-09T16:32:14.716+0000] {dag.py:4180} INFO - Setting next_dagrun for dag_extract_catalogs to 2026-07-08 01:00:00+00:00, run_after=2026-07-09 01:00:00+00:00
[2026-07-09T16:32:14.720+0000] {processor.py:208} INFO - Processing /opt/airflow/dags/dag_extract_catalogs.py took 0.030 seconds
[2026-07-09T16:32:45.129+0000] {processor.py:186} INFO - Started process (PID=7261) to work on /opt/airflow/dags/dag_extract_catalogs.py
[2026-07-09T16:32:45.130+0000] {processor.py:914} INFO - Processing file /opt/airflow/dags/dag_extract_catalogs.py for tasks to queue
[2026-07-09T16:32:45.131+0000] {logging_mixin.py:190} INFO - [2026-07-09T16:32:45.131+0000] {dagbag.py:588} INFO - Filling up the DagBag from /opt/airflow/dags/dag_extract_catalogs.py
[2026-07-09T16:32:45.138+0000] {processor.py:925} INFO - DAG(s) 'dag_extract_catalogs' retrieved from /opt/airflow/dags/dag_extract_catalogs.py
[2026-07-09T16:32:45.150+0000] {logging_mixin.py:190} INFO - [2026-07-09T16:32:45.150+0000] {dag.py:3239} INFO - Sync 1 DAGs
[2026-07-09T16:32:45.158+0000] {logging_mixin.py:190} INFO - [2026-07-09T16:32:45.158+0000] {dag.py:4180} INFO - Setting next_dagrun for dag_extract_catalogs to 2026-07-08 01:00:00+00:00, run_after=2026-07-09 01:00:00+00:00
[2026-07-09T16:32:45.163+0000] {processor.py:208} INFO - Processing /opt/airflow/dags/dag_extract_catalogs.py took 0.037 seconds
[2026-07-09T16:33:15.556+0000] {processor.py:186} INFO - Started process (PID=7281) to work on /opt/airflow/dags/dag_extract_catalogs.py
[2026-07-09T16:33:15.557+0000] {processor.py:914} INFO - Processing file /opt/airflow/dags/dag_extract_catalogs.py for tasks to queue
[2026-07-09T16:33:15.558+0000] {logging_mixin.py:190} INFO - [2026-07-09T16:33:15.557+0000] {dagbag.py:588} INFO - Filling up the DagBag from /opt/airflow/dags/dag_extract_catalogs.py
[2026-07-09T16:33:15.565+0000] {processor.py:925} INFO - DAG(s) 'dag_extract_catalogs' retrieved from /opt/airflow/dags/dag_extract_catalogs.py
[2026-07-09T16:33:15.578+0000] {logging_mixin.py:190} INFO - [2026-07-09T16:33:15.578+0000] {dag.py:3239} INFO - Sync 1 DAGs
[2026-07-09T16:33:15.680+0000] {logging_mixin.py:190} INFO - [2026-07-09T16:33:15.680+0000] {dag.py:4180} INFO - Setting next_dagrun for dag_extract_catalogs to 2026-07-08 01:00:00+00:00, run_after=2026-07-09 01:00:00+00:00
[2026-07-09T16:33:15.685+0000] {processor.py:208} INFO - Processing /opt/airflow/dags/dag_extract_catalogs.py took 0.131 seconds
[2026-07-09T16:33:46.041+0000] {processor.py:186} INFO - Started process (PID=7301) to work on /opt/airflow/dags/dag_extract_catalogs.py
[2026-07-09T16:33:46.042+0000] {processor.py:914} INFO - Processing file /opt/airflow/dags/dag_extract_catalogs.py for tasks to queue
[2026-07-09T16:33:46.044+0000] {logging_mixin.py:190} INFO - [2026-07-09T16:33:46.043+0000] {dagbag.py:588} INFO - Filling up the DagBag from /opt/airflow/dags/dag_extract_catalogs.py
[2026-07-09T16:33:46.049+0000] {processor.py:925} INFO - DAG(s) 'dag_extract_catalogs' retrieved from /opt/airflow/dags/dag_extract_catalogs.py
[2026-07-09T16:33:46.062+0000] {logging_mixin.py:190} INFO - [2026-07-09T16:33:46.062+0000] {dag.py:3239} INFO - Sync 1 DAGs
[2026-07-09T16:33:46.070+0000] {logging_mixin.py:190} INFO - [2026-07-09T16:33:46.070+0000] {dag.py:4180} INFO - Setting next_dagrun for dag_extract_catalogs to 2026-07-08 01:00:00+00:00, run_after=2026-07-09 01:00:00+00:00
[2026-07-09T16:33:46.078+0000] {processor.py:208} INFO - Processing /opt/airflow/dags/dag_extract_catalogs.py took 0.040 seconds
[2026-07-09T16:34:16.543+0000] {processor.py:186} INFO - Started process (PID=7321) to work on /opt/airflow/dags/dag_extract_catalogs.py
[2026-07-09T16:34:16.544+0000] {processor.py:914} INFO - Processing file /opt/airflow/dags/dag_extract_catalogs.py for tasks to queue
[2026-07-09T16:34:16.545+0000] {logging_mixin.py:190} INFO - [2026-07-09T16:34:16.545+0000] {dagbag.py:588} INFO - Filling up the DagBag from /opt/airflow/dags/dag_extract_catalogs.py
[2026-07-09T16:34:16.550+0000] {processor.py:925} INFO - DAG(s) 'dag_extract_catalogs' retrieved from /opt/airflow/dags/dag_extract_catalogs.py
[2026-07-09T16:34:16.562+0000] {logging_mixin.py:190} INFO - [2026-07-09T16:34:16.562+0000] {dag.py:3239} INFO - Sync 1 DAGs
[2026-07-09T16:34:16.570+0000] {logging_mixin.py:190} INFO - [2026-07-09T16:34:16.570+0000] {dag.py:4180} INFO - Setting next_dagrun for dag_extract_catalogs to 2026-07-08 01:00:00+00:00, run_after=2026-07-09 01:00:00+00:00
[2026-07-09T16:34:16.575+0000] {processor.py:208} INFO - Processing /opt/airflow/dags/dag_extract_catalogs.py took 0.035 seconds
[2026-07-09T16:34:47.038+0000] {processor.py:186} INFO - Started process (PID=7343) to work on /opt/airflow/dags/dag_extract_catalogs.py
[2026-07-09T16:34:47.038+0000] {processor.py:914} INFO - Processing file /opt/airflow/dags/dag_extract_catalogs.py for tasks to queue
[2026-07-09T16:34:47.039+0000] {logging_mixin.py:190} INFO - [2026-07-09T16:34:47.039+0000] {dagbag.py:588} INFO - Filling up the DagBag from /opt/airflow/dags/dag_extract_catalogs.py
[2026-07-09T16:34:47.044+0000] {processor.py:925} INFO - DAG(s) 'dag_extract_catalogs' retrieved from /opt/airflow/dags/dag_extract_catalogs.py
[2026-07-09T16:34:47.054+0000] {logging_mixin.py:190} INFO - [2026-07-09T16:34:47.054+0000] {dag.py:3239} INFO - Sync 1 DAGs
[2026-07-09T16:34:47.120+0000] {logging_mixin.py:190} INFO - [2026-07-09T16:34:47.120+0000] {dag.py:4180} INFO - Setting next_dagrun for dag_extract_catalogs to 2026-07-08 01:00:00+00:00, run_after=2026-07-09 01:00:00+00:00
[2026-07-09T16:34:47.125+0000] {processor.py:208} INFO - Processing /opt/airflow/dags/dag_extract_catalogs.py took 0.090 seconds
[2026-07-09T16:35:17.518+0000] {processor.py:186} INFO - Started process (PID=7361) to work on /opt/airflow/dags/dag_extract_catalogs.py
[2026-07-09T16:35:17.518+0000] {processor.py:914} INFO - Processing file /opt/airflow/dags/dag_extract_catalogs.py for tasks to queue
[2026-07-09T16:35:17.519+0000] {logging_mixin.py:190} INFO - [2026-07-09T16:35:17.519+0000] {dagbag.py:588} INFO - Filling up the DagBag from /opt/airflow/dags/dag_extract_catalogs.py
[2026-07-09T16:35:17.525+0000] {processor.py:925} INFO - DAG(s) 'dag_extract_catalogs' retrieved from /opt/airflow/dags/dag_extract_catalogs.py
[2026-07-09T16:35:17.536+0000] {logging_mixin.py:190} INFO - [2026-07-09T16:35:17.536+0000] {dag.py:3239} INFO - Sync 1 DAGs
[2026-07-09T16:35:17.544+0000] {logging_mixin.py:190} INFO - [2026-07-09T16:35:17.544+0000] {dag.py:4180} INFO - Setting next_dagrun for dag_extract_catalogs to 2026-07-08 01:00:00+00:00, run_after=2026-07-09 01:00:00+00:00
[2026-07-09T16:35:17.549+0000] {processor.py:208} INFO - Processing /opt/airflow/dags/dag_extract_catalogs.py took 0.034 seconds
[2026-07-09T16:35:47.987+0000] {processor.py:186} INFO - Started process (PID=7381) to work on /opt/airflow/dags/dag_extract_catalogs.py
[2026-07-09T16:35:47.987+0000] {processor.py:914} INFO - Processing file /opt/airflow/dags/dag_extract_catalogs.py for tasks to queue
[2026-07-09T16:35:47.989+0000] {logging_mixin.py:190} INFO - [2026-07-09T16:35:47.989+0000] {dagbag.py:588} INFO - Filling up the DagBag from /opt/airflow/dags/dag_extract_catalogs.py
[2026-07-09T16:35:47.994+0000] {processor.py:925} INFO - DAG(s) 'dag_extract_catalogs' retrieved from /opt/airflow/dags/dag_extract_catalogs.py
[2026-07-09T16:35:48.069+0000] {logging_mixin.py:190} INFO - [2026-07-09T16:35:48.069+0000] {dag.py:3239} INFO - Sync 1 DAGs
[2026-07-09T16:35:48.075+0000] {logging_mixin.py:190} INFO - [2026-07-09T16:35:48.075+0000] {dag.py:4180} INFO - Setting next_dagrun for dag_extract_catalogs to 2026-07-08 01:00:00+00:00, run_after=2026-07-09 01:00:00+00:00
[2026-07-09T16:35:48.080+0000] {processor.py:208} INFO - Processing /opt/airflow/dags/dag_extract_catalogs.py took 0.096 seconds
[2026-07-09T16:36:18.462+0000] {processor.py:186} INFO - Started process (PID=7403) to work on /opt/airflow/dags/dag_extract_catalogs.py
[2026-07-09T16:36:18.462+0000] {processor.py:914} INFO - Processing file /opt/airflow/dags/dag_extract_catalogs.py for tasks to queue
[2026-07-09T16:36:18.463+0000] {logging_mixin.py:190} INFO - [2026-07-09T16:36:18.463+0000] {dagbag.py:588} INFO - Filling up the DagBag from /opt/airflow/dags/dag_extract_catalogs.py
[2026-07-09T16:36:18.468+0000] {processor.py:925} INFO - DAG(s) 'dag_extract_catalogs' retrieved from /opt/airflow/dags/dag_extract_catalogs.py
[2026-07-09T16:36:18.478+0000] {logging_mixin.py:190} INFO - [2026-07-09T16:36:18.478+0000] {dag.py:3239} INFO - Sync 1 DAGs
[2026-07-09T16:36:18.552+0000] {logging_mixin.py:190} INFO - [2026-07-09T16:36:18.552+0000] {dag.py:4180} INFO - Setting next_dagrun for dag_extract_catalogs to 2026-07-08 01:00:00+00:00, run_after=2026-07-09 01:00:00+00:00
[2026-07-09T16:36:18.557+0000] {processor.py:208} INFO - Processing /opt/airflow/dags/dag_extract_catalogs.py took 0.098 seconds
[2026-07-09T16:36:48.995+0000] {processor.py:186} INFO - Started process (PID=7423) to work on /opt/airflow/dags/dag_extract_catalogs.py
[2026-07-09T16:36:48.995+0000] {processor.py:914} INFO - Processing file /opt/airflow/dags/dag_extract_catalogs.py for tasks to queue
[2026-07-09T16:36:48.996+0000] {logging_mixin.py:190} INFO - [2026-07-09T16:36:48.996+0000] {dagbag.py:588} INFO - Filling up the DagBag from /opt/airflow/dags/dag_extract_catalogs.py
[2026-07-09T16:36:49.001+0000] {processor.py:925} INFO - DAG(s) 'dag_extract_catalogs' retrieved from /opt/airflow/dags/dag_extract_catalogs.py
[2026-07-09T16:36:49.011+0000] {logging_mixin.py:190} INFO - [2026-07-09T16:36:49.011+0000] {dag.py:3239} INFO - Sync 1 DAGs
[2026-07-09T16:36:49.018+0000] {logging_mixin.py:190} INFO - [2026-07-09T16:36:49.018+0000] {dag.py:4180} INFO - Setting next_dagrun for dag_extract_catalogs to 2026-07-08 01:00:00+00:00, run_after=2026-07-09 01:00:00+00:00
[2026-07-09T16:36:49.022+0000] {processor.py:208} INFO - Processing /opt/airflow/dags/dag_extract_catalogs.py took 0.030 seconds
[2026-07-09T16:37:19.486+0000] {processor.py:186} INFO - Started process (PID=7441) to work on /opt/airflow/dags/dag_extract_catalogs.py
[2026-07-09T16:37:19.487+0000] {processor.py:914} INFO - Processing file /opt/airflow/dags/dag_extract_catalogs.py for tasks to queue
[2026-07-09T16:37:19.488+0000] {logging_mixin.py:190} INFO - [2026-07-09T16:37:19.488+0000] {dagbag.py:588} INFO - Filling up the DagBag from /opt/airflow/dags/dag_extract_catalogs.py
[2026-07-09T16:37:19.493+0000] {processor.py:925} INFO - DAG(s) 'dag_extract_catalogs' retrieved from /opt/airflow/dags/dag_extract_catalogs.py
[2026-07-09T16:37:19.568+0000] {logging_mixin.py:190} INFO - [2026-07-09T16:37:19.568+0000] {dag.py:3239} INFO - Sync 1 DAGs
[2026-07-09T16:37:19.574+0000] {logging_mixin.py:190} INFO - [2026-07-09T16:37:19.574+0000] {dag.py:4180} INFO - Setting next_dagrun for dag_extract_catalogs to 2026-07-08 01:00:00+00:00, run_after=2026-07-09 01:00:00+00:00
[2026-07-09T16:37:19.579+0000] {processor.py:208} INFO - Processing /opt/airflow/dags/dag_extract_catalogs.py took 0.095 seconds
[2026-07-09T16:37:50.044+0000] {processor.py:186} INFO - Started process (PID=7461) to work on /opt/airflow/dags/dag_extract_catalogs.py
[2026-07-09T16:37:50.045+0000] {processor.py:914} INFO - Processing file /opt/airflow/dags/dag_extract_catalogs.py for tasks to queue
[2026-07-09T16:37:50.046+0000] {logging_mixin.py:190} INFO - [2026-07-09T16:37:50.046+0000] {dagbag.py:588} INFO - Filling up the DagBag from /opt/airflow/dags/dag_extract_catalogs.py
[2026-07-09T16:37:50.051+0000] {processor.py:925} INFO - DAG(s) 'dag_extract_catalogs' retrieved from /opt/airflow/dags/dag_extract_catalogs.py
[2026-07-09T16:37:50.064+0000] {logging_mixin.py:190} INFO - [2026-07-09T16:37:50.064+0000] {dag.py:3239} INFO - Sync 1 DAGs
[2026-07-09T16:37:50.073+0000] {logging_mixin.py:190} INFO - [2026-07-09T16:37:50.073+0000] {dag.py:4180} INFO - Setting next_dagrun for dag_extract_catalogs to 2026-07-08 01:00:00+00:00, run_after=2026-07-09 01:00:00+00:00
[2026-07-09T16:37:50.077+0000] {processor.py:208} INFO - Processing /opt/airflow/dags/dag_extract_catalogs.py took 0.037 seconds
[2026-07-09T16:38:20.499+0000] {processor.py:186} INFO - Started process (PID=7483) to work on /opt/airflow/dags/dag_extract_catalogs.py
[2026-07-09T16:38:20.499+0000] {processor.py:914} INFO - Processing file /opt/airflow/dags/dag_extract_catalogs.py for tasks to queue
[2026-07-09T16:38:20.500+0000] {logging_mixin.py:190} INFO - [2026-07-09T16:38:20.500+0000] {dagbag.py:588} INFO - Filling up the DagBag from /opt/airflow/dags/dag_extract_catalogs.py
[2026-07-09T16:38:20.505+0000] {processor.py:925} INFO - DAG(s) 'dag_extract_catalogs' retrieved from /opt/airflow/dags/dag_extract_catalogs.py
[2026-07-09T16:38:20.515+0000] {logging_mixin.py:190} INFO - [2026-07-09T16:38:20.515+0000] {dag.py:3239} INFO - Sync 1 DAGs
[2026-07-09T16:38:20.521+0000] {logging_mixin.py:190} INFO - [2026-07-09T16:38:20.521+0000] {dag.py:4180} INFO - Setting next_dagrun for dag_extract_catalogs to 2026-07-08 01:00:00+00:00, run_after=2026-07-09 01:00:00+00:00
[2026-07-09T16:38:20.526+0000] {processor.py:208} INFO - Processing /opt/airflow/dags/dag_extract_catalogs.py took 0.030 seconds
[2026-07-09T16:38:50.949+0000] {processor.py:186} INFO - Started process (PID=7501) to work on /opt/airflow/dags/dag_extract_catalogs.py
[2026-07-09T16:38:50.950+0000] {processor.py:914} INFO - Processing file /opt/airflow/dags/dag_extract_catalogs.py for tasks to queue
[2026-07-09T16:38:50.951+0000] {logging_mixin.py:190} INFO - [2026-07-09T16:38:50.951+0000] {dagbag.py:588} INFO - Filling up the DagBag from /opt/airflow/dags/dag_extract_catalogs.py
[2026-07-09T16:38:50.958+0000] {processor.py:925} INFO - DAG(s) 'dag_extract_catalogs' retrieved from /opt/airflow/dags/dag_extract_catalogs.py
[2026-07-09T16:38:50.974+0000] {logging_mixin.py:190} INFO - [2026-07-09T16:38:50.974+0000] {dag.py:3239} INFO - Sync 1 DAGs
[2026-07-09T16:38:50.981+0000] {logging_mixin.py:190} INFO - [2026-07-09T16:38:50.981+0000] {dag.py:4180} INFO - Setting next_dagrun for dag_extract_catalogs to 2026-07-08 01:00:00+00:00, run_after=2026-07-09 01:00:00+00:00
[2026-07-09T16:38:50.988+0000] {processor.py:208} INFO - Processing /opt/airflow/dags/dag_extract_catalogs.py took 0.041 seconds
[2026-07-09T16:39:21.462+0000] {processor.py:186} INFO - Started process (PID=7523) to work on /opt/airflow/dags/dag_extract_catalogs.py
[2026-07-09T16:39:21.462+0000] {processor.py:914} INFO - Processing file /opt/airflow/dags/dag_extract_catalogs.py for tasks to queue
[2026-07-09T16:39:21.463+0000] {logging_mixin.py:190} INFO - [2026-07-09T16:39:21.463+0000] {dagbag.py:588} INFO - Filling up the DagBag from /opt/airflow/dags/dag_extract_catalogs.py
[2026-07-09T16:39:21.468+0000] {processor.py:925} INFO - DAG(s) 'dag_extract_catalogs' retrieved from /opt/airflow/dags/dag_extract_catalogs.py
[2026-07-09T16:39:21.478+0000] {logging_mixin.py:190} INFO - [2026-07-09T16:39:21.478+0000] {dag.py:3239} INFO - Sync 1 DAGs
[2026-07-09T16:39:21.485+0000] {logging_mixin.py:190} INFO - [2026-07-09T16:39:21.485+0000] {dag.py:4180} INFO - Setting next_dagrun for dag_extract_catalogs to 2026-07-08 01:00:00+00:00, run_after=2026-07-09 01:00:00+00:00
[2026-07-09T16:39:21.490+0000] {processor.py:208} INFO - Processing /opt/airflow/dags/dag_extract_catalogs.py took 0.031 seconds
[2026-07-09T16:39:51.900+0000] {processor.py:186} INFO - Started process (PID=7543) to work on /opt/airflow/dags/dag_extract_catalogs.py
[2026-07-09T16:39:51.901+0000] {processor.py:914} INFO - Processing file /opt/airflow/dags/dag_extract_catalogs.py for tasks to queue
[2026-07-09T16:39:51.901+0000] {logging_mixin.py:190} INFO - [2026-07-09T16:39:51.901+0000] {dagbag.py:588} INFO - Filling up the DagBag from /opt/airflow/dags/dag_extract_catalogs.py
[2026-07-09T16:39:51.906+0000] {processor.py:925} INFO - DAG(s) 'dag_extract_catalogs' retrieved from /opt/airflow/dags/dag_extract_catalogs.py
[2026-07-09T16:39:51.916+0000] {logging_mixin.py:190} INFO - [2026-07-09T16:39:51.916+0000] {dag.py:3239} INFO - Sync 1 DAGs
[2026-07-09T16:39:51.923+0000] {logging_mixin.py:190} INFO - [2026-07-09T16:39:51.923+0000] {dag.py:4180} INFO - Setting next_dagrun for dag_extract_catalogs to 2026-07-08 01:00:00+00:00, run_after=2026-07-09 01:00:00+00:00
[2026-07-09T16:39:51.928+0000] {processor.py:208} INFO - Processing /opt/airflow/dags/dag_extract_catalogs.py took 0.030 seconds
[2026-07-09T16:40:22.296+0000] {processor.py:186} INFO - Started process (PID=7563) to work on /opt/airflow/dags/dag_extract_catalogs.py
[2026-07-09T16:40:22.297+0000] {processor.py:914} INFO - Processing file /opt/airflow/dags/dag_extract_catalogs.py for tasks to queue
[2026-07-09T16:40:22.298+0000] {logging_mixin.py:190} INFO - [2026-07-09T16:40:22.298+0000] {dagbag.py:588} INFO - Filling up the DagBag from /opt/airflow/dags/dag_extract_catalogs.py
[2026-07-09T16:40:22.302+0000] {processor.py:925} INFO - DAG(s) 'dag_extract_catalogs' retrieved from /opt/airflow/dags/dag_extract_catalogs.py
[2026-07-09T16:40:22.312+0000] {logging_mixin.py:190} INFO - [2026-07-09T16:40:22.312+0000] {dag.py:3239} INFO - Sync 1 DAGs
[2026-07-09T16:40:22.319+0000] {logging_mixin.py:190} INFO - [2026-07-09T16:40:22.319+0000] {dag.py:4180} INFO - Setting next_dagrun for dag_extract_catalogs to 2026-07-08 01:00:00+00:00, run_after=2026-07-09 01:00:00+00:00
[2026-07-09T16:40:22.324+0000] {processor.py:208} INFO - Processing /opt/airflow/dags/dag_extract_catalogs.py took 0.030 seconds
[2026-07-09T16:40:52.737+0000] {processor.py:186} INFO - Started process (PID=7583) to work on /opt/airflow/dags/dag_extract_catalogs.py
[2026-07-09T16:40:52.737+0000] {processor.py:914} INFO - Processing file /opt/airflow/dags/dag_extract_catalogs.py for tasks to queue
[2026-07-09T16:40:52.738+0000] {logging_mixin.py:190} INFO - [2026-07-09T16:40:52.738+0000] {dagbag.py:588} INFO - Filling up the DagBag from /opt/airflow/dags/dag_extract_catalogs.py
[2026-07-09T16:40:52.743+0000] {processor.py:925} INFO - DAG(s) 'dag_extract_catalogs' retrieved from /opt/airflow/dags/dag_extract_catalogs.py
[2026-07-09T16:40:52.753+0000] {logging_mixin.py:190} INFO - [2026-07-09T16:40:52.753+0000] {dag.py:3239} INFO - Sync 1 DAGs
[2026-07-09T16:40:52.760+0000] {logging_mixin.py:190} INFO - [2026-07-09T16:40:52.760+0000] {dag.py:4180} INFO - Setting next_dagrun for dag_extract_catalogs to 2026-07-08 01:00:00+00:00, run_after=2026-07-09 01:00:00+00:00
[2026-07-09T16:40:52.765+0000] {processor.py:208} INFO - Processing /opt/airflow/dags/dag_extract_catalogs.py took 0.031 seconds
[2026-07-09T16:41:23.206+0000] {processor.py:186} INFO - Started process (PID=7603) to work on /opt/airflow/dags/dag_extract_catalogs.py
[2026-07-09T16:41:23.206+0000] {processor.py:914} INFO - Processing file /opt/airflow/dags/dag_extract_catalogs.py for tasks to queue
[2026-07-09T16:41:23.207+0000] {logging_mixin.py:190} INFO - [2026-07-09T16:41:23.207+0000] {dagbag.py:588} INFO - Filling up the DagBag from /opt/airflow/dags/dag_extract_catalogs.py
[2026-07-09T16:41:23.212+0000] {processor.py:925} INFO - DAG(s) 'dag_extract_catalogs' retrieved from /opt/airflow/dags/dag_extract_catalogs.py
[2026-07-09T16:41:23.222+0000] {logging_mixin.py:190} INFO - [2026-07-09T16:41:23.222+0000] {dag.py:3239} INFO - Sync 1 DAGs
[2026-07-09T16:41:23.229+0000] {logging_mixin.py:190} INFO - [2026-07-09T16:41:23.229+0000] {dag.py:4180} INFO - Setting next_dagrun for dag_extract_catalogs to 2026-07-08 01:00:00+00:00, run_after=2026-07-09 01:00:00+00:00
[2026-07-09T16:41:23.233+0000] {processor.py:208} INFO - Processing /opt/airflow/dags/dag_extract_catalogs.py took 0.030 seconds
[2026-07-09T16:41:53.640+0000] {processor.py:186} INFO - Started process (PID=7621) to work on /opt/airflow/dags/dag_extract_catalogs.py
[2026-07-09T16:41:53.640+0000] {processor.py:914} INFO - Processing file /opt/airflow/dags/dag_extract_catalogs.py for tasks to queue
[2026-07-09T16:41:53.642+0000] {logging_mixin.py:190} INFO - [2026-07-09T16:41:53.642+0000] {dagbag.py:588} INFO - Filling up the DagBag from /opt/airflow/dags/dag_extract_catalogs.py
[2026-07-09T16:41:53.652+0000] {processor.py:925} INFO - DAG(s) 'dag_extract_catalogs' retrieved from /opt/airflow/dags/dag_extract_catalogs.py
[2026-07-09T16:41:53.669+0000] {logging_mixin.py:190} INFO - [2026-07-09T16:41:53.668+0000] {dag.py:3239} INFO - Sync 1 DAGs
[2026-07-09T16:41:53.677+0000] {logging_mixin.py:190} INFO - [2026-07-09T16:41:53.677+0000] {dag.py:4180} INFO - Setting next_dagrun for dag_extract_catalogs to 2026-07-08 01:00:00+00:00, run_after=2026-07-09 01:00:00+00:00
[2026-07-09T16:41:53.682+0000] {processor.py:208} INFO - Processing /opt/airflow/dags/dag_extract_catalogs.py took 0.045 seconds
[2026-07-09T16:42:24.098+0000] {processor.py:186} INFO - Started process (PID=7641) to work on /opt/airflow/dags/dag_extract_catalogs.py
[2026-07-09T16:42:24.099+0000] {processor.py:914} INFO - Processing file /opt/airflow/dags/dag_extract_catalogs.py for tasks to queue
[2026-07-09T16:42:24.100+0000] {logging_mixin.py:190} INFO - [2026-07-09T16:42:24.100+0000] {dagbag.py:588} INFO - Filling up the DagBag from /opt/airflow/dags/dag_extract_catalogs.py
[2026-07-09T16:42:24.107+0000] {processor.py:925} INFO - DAG(s) 'dag_extract_catalogs' retrieved from /opt/airflow/dags/dag_extract_catalogs.py
[2026-07-09T16:42:24.120+0000] {logging_mixin.py:190} INFO - [2026-07-09T16:42:24.120+0000] {dag.py:3239} INFO - Sync 1 DAGs
[2026-07-09T16:42:24.130+0000] {logging_mixin.py:190} INFO - [2026-07-09T16:42:24.130+0000] {dag.py:4180} INFO - Setting next_dagrun for dag_extract_catalogs to 2026-07-08 01:00:00+00:00, run_after=2026-07-09 01:00:00+00:00
[2026-07-09T16:42:24.137+0000] {processor.py:208} INFO - Processing /opt/airflow/dags/dag_extract_catalogs.py took 0.041 seconds
[2026-07-09T16:42:54.537+0000] {processor.py:186} INFO - Started process (PID=7663) to work on /opt/airflow/dags/dag_extract_catalogs.py
[2026-07-09T16:42:54.537+0000] {processor.py:914} INFO - Processing file /opt/airflow/dags/dag_extract_catalogs.py for tasks to queue
[2026-07-09T16:42:54.538+0000] {logging_mixin.py:190} INFO - [2026-07-09T16:42:54.538+0000] {dagbag.py:588} INFO - Filling up the DagBag from /opt/airflow/dags/dag_extract_catalogs.py
[2026-07-09T16:42:54.542+0000] {processor.py:925} INFO - DAG(s) 'dag_extract_catalogs' retrieved from /opt/airflow/dags/dag_extract_catalogs.py
[2026-07-09T16:42:54.552+0000] {logging_mixin.py:190} INFO - [2026-07-09T16:42:54.552+0000] {dag.py:3239} INFO - Sync 1 DAGs
[2026-07-09T16:42:54.559+0000] {logging_mixin.py:190} INFO - [2026-07-09T16:42:54.559+0000] {dag.py:4180} INFO - Setting next_dagrun for dag_extract_catalogs to 2026-07-08 01:00:00+00:00, run_after=2026-07-09 01:00:00+00:00
[2026-07-09T16:42:54.564+0000] {processor.py:208} INFO - Processing /opt/airflow/dags/dag_extract_catalogs.py took 0.030 seconds
[2026-07-09T16:43:24.927+0000] {processor.py:186} INFO - Started process (PID=7681) to work on /opt/airflow/dags/dag_extract_catalogs.py
[2026-07-09T16:43:24.927+0000] {processor.py:914} INFO - Processing file /opt/airflow/dags/dag_extract_catalogs.py for tasks to queue
[2026-07-09T16:43:24.928+0000] {logging_mixin.py:190} INFO - [2026-07-09T16:43:24.928+0000] {dagbag.py:588} INFO - Filling up the DagBag from /opt/airflow/dags/dag_extract_catalogs.py
[2026-07-09T16:43:24.933+0000] {processor.py:925} INFO - DAG(s) 'dag_extract_catalogs' retrieved from /opt/airflow/dags/dag_extract_catalogs.py
[2026-07-09T16:43:24.949+0000] {logging_mixin.py:190} INFO - [2026-07-09T16:43:24.949+0000] {dag.py:3239} INFO - Sync 1 DAGs
[2026-07-09T16:43:24.958+0000] {logging_mixin.py:190} INFO - [2026-07-09T16:43:24.958+0000] {dag.py:4180} INFO - Setting next_dagrun for dag_extract_catalogs to 2026-07-08 01:00:00+00:00, run_after=2026-07-09 01:00:00+00:00
[2026-07-09T16:43:24.964+0000] {processor.py:208} INFO - Processing /opt/airflow/dags/dag_extract_catalogs.py took 0.039 seconds
[2026-07-09T16:43:55.476+0000] {processor.py:186} INFO - Started process (PID=7703) to work on /opt/airflow/dags/dag_extract_catalogs.py
[2026-07-09T16:43:55.477+0000] {processor.py:914} INFO - Processing file /opt/airflow/dags/dag_extract_catalogs.py for tasks to queue
[2026-07-09T16:43:55.477+0000] {logging_mixin.py:190} INFO - [2026-07-09T16:43:55.477+0000] {dagbag.py:588} INFO - Filling up the DagBag from /opt/airflow/dags/dag_extract_catalogs.py
[2026-07-09T16:43:55.482+0000] {processor.py:925} INFO - DAG(s) 'dag_extract_catalogs' retrieved from /opt/airflow/dags/dag_extract_catalogs.py
[2026-07-09T16:43:55.492+0000] {logging_mixin.py:190} INFO - [2026-07-09T16:43:55.492+0000] {dag.py:3239} INFO - Sync 1 DAGs
[2026-07-09T16:43:55.500+0000] {logging_mixin.py:190} INFO - [2026-07-09T16:43:55.500+0000] {dag.py:4180} INFO - Setting next_dagrun for dag_extract_catalogs to 2026-07-08 01:00:00+00:00, run_after=2026-07-09 01:00:00+00:00
[2026-07-09T16:43:55.504+0000] {processor.py:208} INFO - Processing /opt/airflow/dags/dag_extract_catalogs.py took 0.031 seconds
[2026-07-09T16:44:25.998+0000] {processor.py:186} INFO - Started process (PID=7723) to work on /opt/airflow/dags/dag_extract_catalogs.py
[2026-07-09T16:44:25.999+0000] {processor.py:914} INFO - Processing file /opt/airflow/dags/dag_extract_catalogs.py for tasks to queue
[2026-07-09T16:44:26.000+0000] {logging_mixin.py:190} INFO - [2026-07-09T16:44:26.000+0000] {dagbag.py:588} INFO - Filling up the DagBag from /opt/airflow/dags/dag_extract_catalogs.py
[2026-07-09T16:44:26.005+0000] {processor.py:925} INFO - DAG(s) 'dag_extract_catalogs' retrieved from /opt/airflow/dags/dag_extract_catalogs.py
[2026-07-09T16:44:26.018+0000] {logging_mixin.py:190} INFO - [2026-07-09T16:44:26.018+0000] {dag.py:3239} INFO - Sync 1 DAGs
[2026-07-09T16:44:26.026+0000] {logging_mixin.py:190} INFO - [2026-07-09T16:44:26.026+0000] {dag.py:4180} INFO - Setting next_dagrun for dag_extract_catalogs to 2026-07-08 01:00:00+00:00, run_after=2026-07-09 01:00:00+00:00
[2026-07-09T16:44:26.032+0000] {processor.py:208} INFO - Processing /opt/airflow/dags/dag_extract_catalogs.py took 0.037 seconds
[2026-07-09T16:44:56.473+0000] {processor.py:186} INFO - Started process (PID=7743) to work on /opt/airflow/dags/dag_extract_catalogs.py
[2026-07-09T16:44:56.474+0000] {processor.py:914} INFO - Processing file /opt/airflow/dags/dag_extract_catalogs.py for tasks to queue
[2026-07-09T16:44:56.474+0000] {logging_mixin.py:190} INFO - [2026-07-09T16:44:56.474+0000] {dagbag.py:588} INFO - Filling up the DagBag from /opt/airflow/dags/dag_extract_catalogs.py
[2026-07-09T16:44:56.479+0000] {processor.py:925} INFO - DAG(s) 'dag_extract_catalogs' retrieved from /opt/airflow/dags/dag_extract_catalogs.py
[2026-07-09T16:44:56.489+0000] {logging_mixin.py:190} INFO - [2026-07-09T16:44:56.489+0000] {dag.py:3239} INFO - Sync 1 DAGs
[2026-07-09T16:44:56.496+0000] {logging_mixin.py:190} INFO - [2026-07-09T16:44:56.496+0000] {dag.py:4180} INFO - Setting next_dagrun for dag_extract_catalogs to 2026-07-08 01:00:00+00:00, run_after=2026-07-09 01:00:00+00:00
[2026-07-09T16:44:56.501+0000] {processor.py:208} INFO - Processing /opt/airflow/dags/dag_extract_catalogs.py took 0.030 seconds
[2026-07-09T16:45:26.871+0000] {processor.py:186} INFO - Started process (PID=7761) to work on /opt/airflow/dags/dag_extract_catalogs.py
[2026-07-09T16:45:26.872+0000] {processor.py:914} INFO - Processing file /opt/airflow/dags/dag_extract_catalogs.py for tasks to queue
[2026-07-09T16:45:26.873+0000] {logging_mixin.py:190} INFO - [2026-07-09T16:45:26.873+0000] {dagbag.py:588} INFO - Filling up the DagBag from /opt/airflow/dags/dag_extract_catalogs.py
[2026-07-09T16:45:26.878+0000] {processor.py:925} INFO - DAG(s) 'dag_extract_catalogs' retrieved from /opt/airflow/dags/dag_extract_catalogs.py
[2026-07-09T16:45:26.889+0000] {logging_mixin.py:190} INFO - [2026-07-09T16:45:26.889+0000] {dag.py:3239} INFO - Sync 1 DAGs
[2026-07-09T16:45:26.898+0000] {logging_mixin.py:190} INFO - [2026-07-09T16:45:26.898+0000] {dag.py:4180} INFO - Setting next_dagrun for dag_extract_catalogs to 2026-07-08 01:00:00+00:00, run_after=2026-07-09 01:00:00+00:00
[2026-07-09T16:45:26.907+0000] {processor.py:208} INFO - Processing /opt/airflow/dags/dag_extract_catalogs.py took 0.039 seconds
[2026-07-09T16:45:57.397+0000] {processor.py:186} INFO - Started process (PID=7783) to work on /opt/airflow/dags/dag_extract_catalogs.py
[2026-07-09T16:45:57.398+0000] {processor.py:914} INFO - Processing file /opt/airflow/dags/dag_extract_catalogs.py for tasks to queue
[2026-07-09T16:45:57.399+0000] {logging_mixin.py:190} INFO - [2026-07-09T16:45:57.399+0000] {dagbag.py:588} INFO - Filling up the DagBag from /opt/airflow/dags/dag_extract_catalogs.py
[2026-07-09T16:45:57.405+0000] {processor.py:925} INFO - DAG(s) 'dag_extract_catalogs' retrieved from /opt/airflow/dags/dag_extract_catalogs.py
[2026-07-09T16:45:57.415+0000] {logging_mixin.py:190} INFO - [2026-07-09T16:45:57.415+0000] {dag.py:3239} INFO - Sync 1 DAGs
[2026-07-09T16:45:57.423+0000] {logging_mixin.py:190} INFO - [2026-07-09T16:45:57.423+0000] {dag.py:4180} INFO - Setting next_dagrun for dag_extract_catalogs to 2026-07-08 01:00:00+00:00, run_after=2026-07-09 01:00:00+00:00
[2026-07-09T16:45:57.427+0000] {processor.py:208} INFO - Processing /opt/airflow/dags/dag_extract_catalogs.py took 0.035 seconds
[2026-07-09T16:46:27.852+0000] {processor.py:186} INFO - Started process (PID=7803) to work on /opt/airflow/dags/dag_extract_catalogs.py
[2026-07-09T16:46:27.852+0000] {processor.py:914} INFO - Processing file /opt/airflow/dags/dag_extract_catalogs.py for tasks to queue
[2026-07-09T16:46:27.853+0000] {logging_mixin.py:190} INFO - [2026-07-09T16:46:27.853+0000] {dagbag.py:588} INFO - Filling up the DagBag from /opt/airflow/dags/dag_extract_catalogs.py
[2026-07-09T16:46:27.858+0000] {processor.py:925} INFO - DAG(s) 'dag_extract_catalogs' retrieved from /opt/airflow/dags/dag_extract_catalogs.py
[2026-07-09T16:46:27.868+0000] {logging_mixin.py:190} INFO - [2026-07-09T16:46:27.868+0000] {dag.py:3239} INFO - Sync 1 DAGs
[2026-07-09T16:46:27.875+0000] {logging_mixin.py:190} INFO - [2026-07-09T16:46:27.875+0000] {dag.py:4180} INFO - Setting next_dagrun for dag_extract_catalogs to 2026-07-08 01:00:00+00:00, run_after=2026-07-09 01:00:00+00:00
[2026-07-09T16:46:27.880+0000] {processor.py:208} INFO - Processing /opt/airflow/dags/dag_extract_catalogs.py took 0.030 seconds
[2026-07-09T16:46:58.295+0000] {processor.py:186} INFO - Started process (PID=7821) to work on /opt/airflow/dags/dag_extract_catalogs.py
[2026-07-09T16:46:58.295+0000] {processor.py:914} INFO - Processing file /opt/airflow/dags/dag_extract_catalogs.py for tasks to queue
[2026-07-09T16:46:58.297+0000] {logging_mixin.py:190} INFO - [2026-07-09T16:46:58.297+0000] {dagbag.py:588} INFO - Filling up the DagBag from /opt/airflow/dags/dag_extract_catalogs.py
[2026-07-09T16:46:58.303+0000] {processor.py:925} INFO - DAG(s) 'dag_extract_catalogs' retrieved from /opt/airflow/dags/dag_extract_catalogs.py
[2026-07-09T16:46:58.319+0000] {logging_mixin.py:190} INFO - [2026-07-09T16:46:58.318+0000] {dag.py:3239} INFO - Sync 1 DAGs
[2026-07-09T16:46:58.330+0000] {logging_mixin.py:190} INFO - [2026-07-09T16:46:58.330+0000] {dag.py:4180} INFO - Setting next_dagrun for dag_extract_catalogs to 2026-07-08 01:00:00+00:00, run_after=2026-07-09 01:00:00+00:00
[2026-07-09T16:46:58.338+0000] {processor.py:208} INFO - Processing /opt/airflow/dags/dag_extract_catalogs.py took 0.046 seconds
[2026-07-09T16:47:28.739+0000] {processor.py:186} INFO - Started process (PID=7841) to work on /opt/airflow/dags/dag_extract_catalogs.py
[2026-07-09T16:47:28.739+0000] {processor.py:914} INFO - Processing file /opt/airflow/dags/dag_extract_catalogs.py for tasks to queue
[2026-07-09T16:47:28.741+0000] {logging_mixin.py:190} INFO - [2026-07-09T16:47:28.740+0000] {dagbag.py:588} INFO - Filling up the DagBag from /opt/airflow/dags/dag_extract_catalogs.py
[2026-07-09T16:47:28.747+0000] {processor.py:925} INFO - DAG(s) 'dag_extract_catalogs' retrieved from /opt/airflow/dags/dag_extract_catalogs.py
[2026-07-09T16:47:28.762+0000] {logging_mixin.py:190} INFO - [2026-07-09T16:47:28.762+0000] {dag.py:3239} INFO - Sync 1 DAGs
[2026-07-09T16:47:28.771+0000] {logging_mixin.py:190} INFO - [2026-07-09T16:47:28.771+0000] {dag.py:4180} INFO - Setting next_dagrun for dag_extract_catalogs to 2026-07-08 01:00:00+00:00, run_after=2026-07-09 01:00:00+00:00
[2026-07-09T16:47:28.775+0000] {processor.py:208} INFO - Processing /opt/airflow/dags/dag_extract_catalogs.py took 0.039 seconds
[2026-07-09T16:47:59.181+0000] {processor.py:186} INFO - Started process (PID=7861) to work on /opt/airflow/dags/dag_extract_catalogs.py
[2026-07-09T16:47:59.181+0000] {processor.py:914} INFO - Processing file /opt/airflow/dags/dag_extract_catalogs.py for tasks to queue
[2026-07-09T16:47:59.182+0000] {logging_mixin.py:190} INFO - [2026-07-09T16:47:59.182+0000] {dagbag.py:588} INFO - Filling up the DagBag from /opt/airflow/dags/dag_extract_catalogs.py
[2026-07-09T16:47:59.190+0000] {processor.py:925} INFO - DAG(s) 'dag_extract_catalogs' retrieved from /opt/airflow/dags/dag_extract_catalogs.py
[2026-07-09T16:47:59.204+0000] {logging_mixin.py:190} INFO - [2026-07-09T16:47:59.204+0000] {dag.py:3239} INFO - Sync 1 DAGs
[2026-07-09T16:47:59.212+0000] {logging_mixin.py:190} INFO - [2026-07-09T16:47:59.212+0000] {dag.py:4180} INFO - Setting next_dagrun for dag_extract_catalogs to 2026-07-08 01:00:00+00:00, run_after=2026-07-09 01:00:00+00:00
[2026-07-09T16:47:59.217+0000] {processor.py:208} INFO - Processing /opt/airflow/dags/dag_extract_catalogs.py took 0.039 seconds
[2026-07-09T16:48:29.662+0000] {processor.py:186} INFO - Started process (PID=7883) to work on /opt/airflow/dags/dag_extract_catalogs.py
[2026-07-09T16:48:29.663+0000] {processor.py:914} INFO - Processing file /opt/airflow/dags/dag_extract_catalogs.py for tasks to queue
[2026-07-09T16:48:29.663+0000] {logging_mixin.py:190} INFO - [2026-07-09T16:48:29.663+0000] {dagbag.py:588} INFO - Filling up the DagBag from /opt/airflow/dags/dag_extract_catalogs.py
[2026-07-09T16:48:29.668+0000] {processor.py:925} INFO - DAG(s) 'dag_extract_catalogs' retrieved from /opt/airflow/dags/dag_extract_catalogs.py
[2026-07-09T16:48:29.678+0000] {logging_mixin.py:190} INFO - [2026-07-09T16:48:29.678+0000] {dag.py:3239} INFO - Sync 1 DAGs
[2026-07-09T16:48:29.686+0000] {logging_mixin.py:190} INFO - [2026-07-09T16:48:29.686+0000] {dag.py:4180} INFO - Setting next_dagrun for dag_extract_catalogs to 2026-07-08 01:00:00+00:00, run_after=2026-07-09 01:00:00+00:00
[2026-07-09T16:48:29.690+0000] {processor.py:208} INFO - Processing /opt/airflow/dags/dag_extract_catalogs.py took 0.030 seconds
[2026-07-09T16:49:00.121+0000] {processor.py:186} INFO - Started process (PID=7903) to work on /opt/airflow/dags/dag_extract_catalogs.py
[2026-07-09T16:49:00.122+0000] {processor.py:914} INFO - Processing file /opt/airflow/dags/dag_extract_catalogs.py for tasks to queue
[2026-07-09T16:49:00.123+0000] {logging_mixin.py:190} INFO - [2026-07-09T16:49:00.123+0000] {dagbag.py:588} INFO - Filling up the DagBag from /opt/airflow/dags/dag_extract_catalogs.py
[2026-07-09T16:49:00.128+0000] {processor.py:925} INFO - DAG(s) 'dag_extract_catalogs' retrieved from /opt/airflow/dags/dag_extract_catalogs.py
[2026-07-09T16:49:00.138+0000] {logging_mixin.py:190} INFO - [2026-07-09T16:49:00.138+0000] {dag.py:3239} INFO - Sync 1 DAGs
[2026-07-09T16:49:00.145+0000] {logging_mixin.py:190} INFO - [2026-07-09T16:49:00.144+0000] {dag.py:4180} INFO - Setting next_dagrun for dag_extract_catalogs to 2026-07-08 01:00:00+00:00, run_after=2026-07-09 01:00:00+00:00
[2026-07-09T16:49:00.149+0000] {processor.py:208} INFO - Processing /opt/airflow/dags/dag_extract_catalogs.py took 0.030 seconds
[2026-07-09T16:49:30.580+0000] {processor.py:186} INFO - Started process (PID=7923) to work on /opt/airflow/dags/dag_extract_catalogs.py
[2026-07-09T16:49:30.580+0000] {processor.py:914} INFO - Processing file /opt/airflow/dags/dag_extract_catalogs.py for tasks to queue
[2026-07-09T16:49:30.581+0000] {logging_mixin.py:190} INFO - [2026-07-09T16:49:30.581+0000] {dagbag.py:588} INFO - Filling up the DagBag from /opt/airflow/dags/dag_extract_catalogs.py
[2026-07-09T16:49:30.586+0000] {processor.py:925} INFO - DAG(s) 'dag_extract_catalogs' retrieved from /opt/airflow/dags/dag_extract_catalogs.py
[2026-07-09T16:49:30.596+0000] {logging_mixin.py:190} INFO - [2026-07-09T16:49:30.596+0000] {dag.py:3239} INFO - Sync 1 DAGs
[2026-07-09T16:49:30.603+0000] {logging_mixin.py:190} INFO - [2026-07-09T16:49:30.603+0000] {dag.py:4180} INFO - Setting next_dagrun for dag_extract_catalogs to 2026-07-08 01:00:00+00:00, run_after=2026-07-09 01:00:00+00:00
[2026-07-09T16:49:30.608+0000] {processor.py:208} INFO - Processing /opt/airflow/dags/dag_extract_catalogs.py took 0.031 seconds
[2026-07-09T16:50:01.026+0000] {processor.py:186} INFO - Started process (PID=7943) to work on /opt/airflow/dags/dag_extract_catalogs.py
[2026-07-09T16:50:01.027+0000] {processor.py:914} INFO - Processing file /opt/airflow/dags/dag_extract_catalogs.py for tasks to queue
[2026-07-09T16:50:01.027+0000] {logging_mixin.py:190} INFO - [2026-07-09T16:50:01.027+0000] {dagbag.py:588} INFO - Filling up the DagBag from /opt/airflow/dags/dag_extract_catalogs.py
[2026-07-09T16:50:01.032+0000] {processor.py:925} INFO - DAG(s) 'dag_extract_catalogs' retrieved from /opt/airflow/dags/dag_extract_catalogs.py
[2026-07-09T16:50:01.042+0000] {logging_mixin.py:190} INFO - [2026-07-09T16:50:01.042+0000] {dag.py:3239} INFO - Sync 1 DAGs
[2026-07-09T16:50:01.050+0000] {logging_mixin.py:190} INFO - [2026-07-09T16:50:01.049+0000] {dag.py:4180} INFO - Setting next_dagrun for dag_extract_catalogs to 2026-07-08 01:00:00+00:00, run_after=2026-07-09 01:00:00+00:00
[2026-07-09T16:50:01.054+0000] {processor.py:208} INFO - Processing /opt/airflow/dags/dag_extract_catalogs.py took 0.030 seconds
[2026-07-09T16:50:31.431+0000] {processor.py:186} INFO - Started process (PID=7963) to work on /opt/airflow/dags/dag_extract_catalogs.py
[2026-07-09T16:50:31.432+0000] {processor.py:914} INFO - Processing file /opt/airflow/dags/dag_extract_catalogs.py for tasks to queue
[2026-07-09T16:50:31.433+0000] {logging_mixin.py:190} INFO - [2026-07-09T16:50:31.433+0000] {dagbag.py:588} INFO - Filling up the DagBag from /opt/airflow/dags/dag_extract_catalogs.py
[2026-07-09T16:50:31.437+0000] {processor.py:925} INFO - DAG(s) 'dag_extract_catalogs' retrieved from /opt/airflow/dags/dag_extract_catalogs.py
[2026-07-09T16:50:31.447+0000] {logging_mixin.py:190} INFO - [2026-07-09T16:50:31.447+0000] {dag.py:3239} INFO - Sync 1 DAGs
[2026-07-09T16:50:31.454+0000] {logging_mixin.py:190} INFO - [2026-07-09T16:50:31.454+0000] {dag.py:4180} INFO - Setting next_dagrun for dag_extract_catalogs to 2026-07-08 01:00:00+00:00, run_after=2026-07-09 01:00:00+00:00
[2026-07-09T16:50:31.459+0000] {processor.py:208} INFO - Processing /opt/airflow/dags/dag_extract_catalogs.py took 0.030 seconds
[2026-07-09T16:51:01.902+0000] {processor.py:186} INFO - Started process (PID=7983) to work on /opt/airflow/dags/dag_extract_catalogs.py
[2026-07-09T16:51:01.902+0000] {processor.py:914} INFO - Processing file /opt/airflow/dags/dag_extract_catalogs.py for tasks to queue
[2026-07-09T16:51:01.903+0000] {logging_mixin.py:190} INFO - [2026-07-09T16:51:01.903+0000] {dagbag.py:588} INFO - Filling up the DagBag from /opt/airflow/dags/dag_extract_catalogs.py
[2026-07-09T16:51:01.908+0000] {processor.py:925} INFO - DAG(s) 'dag_extract_catalogs' retrieved from /opt/airflow/dags/dag_extract_catalogs.py
[2026-07-09T16:51:01.918+0000] {logging_mixin.py:190} INFO - [2026-07-09T16:51:01.918+0000] {dag.py:3239} INFO - Sync 1 DAGs
[2026-07-09T16:51:01.925+0000] {logging_mixin.py:190} INFO - [2026-07-09T16:51:01.925+0000] {dag.py:4180} INFO - Setting next_dagrun for dag_extract_catalogs to 2026-07-08 01:00:00+00:00, run_after=2026-07-09 01:00:00+00:00
[2026-07-09T16:51:01.930+0000] {processor.py:208} INFO - Processing /opt/airflow/dags/dag_extract_catalogs.py took 0.030 seconds
[2026-07-09T16:51:32.352+0000] {processor.py:186} INFO - Started process (PID=8003) to work on /opt/airflow/dags/dag_extract_catalogs.py
[2026-07-09T16:51:32.352+0000] {processor.py:914} INFO - Processing file /opt/airflow/dags/dag_extract_catalogs.py for tasks to queue
[2026-07-09T16:51:32.353+0000] {logging_mixin.py:190} INFO - [2026-07-09T16:51:32.353+0000] {dagbag.py:588} INFO - Filling up the DagBag from /opt/airflow/dags/dag_extract_catalogs.py
[2026-07-09T16:51:32.359+0000] {processor.py:925} INFO - DAG(s) 'dag_extract_catalogs' retrieved from /opt/airflow/dags/dag_extract_catalogs.py
[2026-07-09T16:51:32.369+0000] {logging_mixin.py:190} INFO - [2026-07-09T16:51:32.369+0000] {dag.py:3239} INFO - Sync 1 DAGs
[2026-07-09T16:51:32.377+0000] {logging_mixin.py:190} INFO - [2026-07-09T16:51:32.377+0000] {dag.py:4180} INFO - Setting next_dagrun for dag_extract_catalogs to 2026-07-08 01:00:00+00:00, run_after=2026-07-09 01:00:00+00:00
[2026-07-09T16:51:32.381+0000] {processor.py:208} INFO - Processing /opt/airflow/dags/dag_extract_catalogs.py took 0.032 seconds
[2026-07-09T16:52:02.753+0000] {processor.py:186} INFO - Started process (PID=8023) to work on /opt/airflow/dags/dag_extract_catalogs.py
[2026-07-09T16:52:02.754+0000] {processor.py:914} INFO - Processing file /opt/airflow/dags/dag_extract_catalogs.py for tasks to queue
[2026-07-09T16:52:02.754+0000] {logging_mixin.py:190} INFO - [2026-07-09T16:52:02.754+0000] {dagbag.py:588} INFO - Filling up the DagBag from /opt/airflow/dags/dag_extract_catalogs.py
[2026-07-09T16:52:02.759+0000] {processor.py:925} INFO - DAG(s) 'dag_extract_catalogs' retrieved from /opt/airflow/dags/dag_extract_catalogs.py
[2026-07-09T16:52:02.769+0000] {logging_mixin.py:190} INFO - [2026-07-09T16:52:02.769+0000] {dag.py:3239} INFO - Sync 1 DAGs
[2026-07-09T16:52:02.776+0000] {logging_mixin.py:190} INFO - [2026-07-09T16:52:02.776+0000] {dag.py:4180} INFO - Setting next_dagrun for dag_extract_catalogs to 2026-07-08 01:00:00+00:00, run_after=2026-07-09 01:00:00+00:00
[2026-07-09T16:52:02.781+0000] {processor.py:208} INFO - Processing /opt/airflow/dags/dag_extract_catalogs.py took 0.030 seconds
[2026-07-09T16:52:33.142+0000] {processor.py:186} INFO - Started process (PID=8041) to work on /opt/airflow/dags/dag_extract_catalogs.py
[2026-07-09T16:52:33.142+0000] {processor.py:914} INFO - Processing file /opt/airflow/dags/dag_extract_catalogs.py for tasks to queue
[2026-07-09T16:52:33.144+0000] {logging_mixin.py:190} INFO - [2026-07-09T16:52:33.143+0000] {dagbag.py:588} INFO - Filling up the DagBag from /opt/airflow/dags/dag_extract_catalogs.py
[2026-07-09T16:52:33.150+0000] {processor.py:925} INFO - DAG(s) 'dag_extract_catalogs' retrieved from /opt/airflow/dags/dag_extract_catalogs.py
[2026-07-09T16:52:33.163+0000] {logging_mixin.py:190} INFO - [2026-07-09T16:52:33.163+0000] {dag.py:3239} INFO - Sync 1 DAGs
[2026-07-09T16:52:33.171+0000] {logging_mixin.py:190} INFO - [2026-07-09T16:52:33.171+0000] {dag.py:4180} INFO - Setting next_dagrun for dag_extract_catalogs to 2026-07-08 01:00:00+00:00, run_after=2026-07-09 01:00:00+00:00
[2026-07-09T16:52:33.178+0000] {processor.py:208} INFO - Processing /opt/airflow/dags/dag_extract_catalogs.py took 0.039 seconds
[2026-07-09T16:53:03.649+0000] {processor.py:186} INFO - Started process (PID=8063) to work on /opt/airflow/dags/dag_extract_catalogs.py
[2026-07-09T16:53:03.649+0000] {processor.py:914} INFO - Processing file /opt/airflow/dags/dag_extract_catalogs.py for tasks to queue
[2026-07-09T16:53:03.650+0000] {logging_mixin.py:190} INFO - [2026-07-09T16:53:03.650+0000] {dagbag.py:588} INFO - Filling up the DagBag from /opt/airflow/dags/dag_extract_catalogs.py
[2026-07-09T16:53:03.655+0000] {processor.py:925} INFO - DAG(s) 'dag_extract_catalogs' retrieved from /opt/airflow/dags/dag_extract_catalogs.py
[2026-07-09T16:53:03.665+0000] {logging_mixin.py:190} INFO - [2026-07-09T16:53:03.665+0000] {dag.py:3239} INFO - Sync 1 DAGs
[2026-07-09T16:53:03.672+0000] {logging_mixin.py:190} INFO - [2026-07-09T16:53:03.672+0000] {dag.py:4180} INFO - Setting next_dagrun for dag_extract_catalogs to 2026-07-08 01:00:00+00:00, run_after=2026-07-09 01:00:00+00:00
[2026-07-09T16:53:03.677+0000] {processor.py:208} INFO - Processing /opt/airflow/dags/dag_extract_catalogs.py took 0.031 seconds
[2026-07-09T16:53:34.153+0000] {processor.py:186} INFO - Started process (PID=8083) to work on /opt/airflow/dags/dag_extract_catalogs.py
[2026-07-09T16:53:34.153+0000] {processor.py:914} INFO - Processing file /opt/airflow/dags/dag_extract_catalogs.py for tasks to queue
[2026-07-09T16:53:34.155+0000] {logging_mixin.py:190} INFO - [2026-07-09T16:53:34.154+0000] {dagbag.py:588} INFO - Filling up the DagBag from /opt/airflow/dags/dag_extract_catalogs.py
[2026-07-09T16:53:34.161+0000] {processor.py:925} INFO - DAG(s) 'dag_extract_catalogs' retrieved from /opt/airflow/dags/dag_extract_catalogs.py
[2026-07-09T16:53:34.174+0000] {logging_mixin.py:190} INFO - [2026-07-09T16:53:34.174+0000] {dag.py:3239} INFO - Sync 1 DAGs
[2026-07-09T16:53:34.183+0000] {logging_mixin.py:190} INFO - [2026-07-09T16:53:34.183+0000] {dag.py:4180} INFO - Setting next_dagrun for dag_extract_catalogs to 2026-07-08 01:00:00+00:00, run_after=2026-07-09 01:00:00+00:00
[2026-07-09T16:53:34.189+0000] {processor.py:208} INFO - Processing /opt/airflow/dags/dag_extract_catalogs.py took 0.039 seconds
[2026-07-09T16:54:04.605+0000] {processor.py:186} INFO - Started process (PID=8103) to work on /opt/airflow/dags/dag_extract_catalogs.py
[2026-07-09T16:54:04.606+0000] {processor.py:914} INFO - Processing file /opt/airflow/dags/dag_extract_catalogs.py for tasks to queue
[2026-07-09T16:54:04.607+0000] {logging_mixin.py:190} INFO - [2026-07-09T16:54:04.606+0000] {dagbag.py:588} INFO - Filling up the DagBag from /opt/airflow/dags/dag_extract_catalogs.py
[2026-07-09T16:54:04.612+0000] {processor.py:925} INFO - DAG(s) 'dag_extract_catalogs' retrieved from /opt/airflow/dags/dag_extract_catalogs.py
[2026-07-09T16:54:04.622+0000] {logging_mixin.py:190} INFO - [2026-07-09T16:54:04.622+0000] {dag.py:3239} INFO - Sync 1 DAGs
[2026-07-09T16:54:04.629+0000] {logging_mixin.py:190} INFO - [2026-07-09T16:54:04.629+0000] {dag.py:4180} INFO - Setting next_dagrun for dag_extract_catalogs to 2026-07-08 01:00:00+00:00, run_after=2026-07-09 01:00:00+00:00
[2026-07-09T16:54:04.634+0000] {processor.py:208} INFO - Processing /opt/airflow/dags/dag_extract_catalogs.py took 0.032 seconds
[2026-07-09T16:54:35.086+0000] {processor.py:186} INFO - Started process (PID=8123) to work on /opt/airflow/dags/dag_extract_catalogs.py
[2026-07-09T16:54:35.086+0000] {processor.py:914} INFO - Processing file /opt/airflow/dags/dag_extract_catalogs.py for tasks to queue
[2026-07-09T16:54:35.087+0000] {logging_mixin.py:190} INFO - [2026-07-09T16:54:35.087+0000] {dagbag.py:588} INFO - Filling up the DagBag from /opt/airflow/dags/dag_extract_catalogs.py
[2026-07-09T16:54:35.092+0000] {processor.py:925} INFO - DAG(s) 'dag_extract_catalogs' retrieved from /opt/airflow/dags/dag_extract_catalogs.py
[2026-07-09T16:54:35.102+0000] {logging_mixin.py:190} INFO - [2026-07-09T16:54:35.102+0000] {dag.py:3239} INFO - Sync 1 DAGs
[2026-07-09T16:54:35.110+0000] {logging_mixin.py:190} INFO - [2026-07-09T16:54:35.110+0000] {dag.py:4180} INFO - Setting next_dagrun for dag_extract_catalogs to 2026-07-08 01:00:00+00:00, run_after=2026-07-09 01:00:00+00:00
[2026-07-09T16:54:35.115+0000] {processor.py:208} INFO - Processing /opt/airflow/dags/dag_extract_catalogs.py took 0.032 seconds
[2026-07-09T16:55:05.543+0000] {processor.py:186} INFO - Started process (PID=8143) to work on /opt/airflow/dags/dag_extract_catalogs.py
[2026-07-09T16:55:05.543+0000] {processor.py:914} INFO - Processing file /opt/airflow/dags/dag_extract_catalogs.py for tasks to queue
[2026-07-09T16:55:05.544+0000] {logging_mixin.py:190} INFO - [2026-07-09T16:55:05.544+0000] {dagbag.py:588} INFO - Filling up the DagBag from /opt/airflow/dags/dag_extract_catalogs.py
[2026-07-09T16:55:05.549+0000] {processor.py:925} INFO - DAG(s) 'dag_extract_catalogs' retrieved from /opt/airflow/dags/dag_extract_catalogs.py
[2026-07-09T16:55:05.559+0000] {logging_mixin.py:190} INFO - [2026-07-09T16:55:05.559+0000] {dag.py:3239} INFO - Sync 1 DAGs
[2026-07-09T16:55:05.566+0000] {logging_mixin.py:190} INFO - [2026-07-09T16:55:05.566+0000] {dag.py:4180} INFO - Setting next_dagrun for dag_extract_catalogs to 2026-07-08 01:00:00+00:00, run_after=2026-07-09 01:00:00+00:00
[2026-07-09T16:55:05.571+0000] {processor.py:208} INFO - Processing /opt/airflow/dags/dag_extract_catalogs.py took 0.031 seconds
[2026-07-09T16:55:35.968+0000] {processor.py:186} INFO - Started process (PID=8161) to work on /opt/airflow/dags/dag_extract_catalogs.py
[2026-07-09T16:55:35.969+0000] {processor.py:914} INFO - Processing file /opt/airflow/dags/dag_extract_catalogs.py for tasks to queue
[2026-07-09T16:55:35.970+0000] {logging_mixin.py:190} INFO - [2026-07-09T16:55:35.970+0000] {dagbag.py:588} INFO - Filling up the DagBag from /opt/airflow/dags/dag_extract_catalogs.py
[2026-07-09T16:55:35.976+0000] {processor.py:925} INFO - DAG(s) 'dag_extract_catalogs' retrieved from /opt/airflow/dags/dag_extract_catalogs.py
[2026-07-09T16:55:35.991+0000] {logging_mixin.py:190} INFO - [2026-07-09T16:55:35.991+0000] {dag.py:3239} INFO - Sync 1 DAGs
[2026-07-09T16:55:36.000+0000] {logging_mixin.py:190} INFO - [2026-07-09T16:55:36.000+0000] {dag.py:4180} INFO - Setting next_dagrun for dag_extract_catalogs to 2026-07-08 01:00:00+00:00, run_after=2026-07-09 01:00:00+00:00
[2026-07-09T16:55:36.006+0000] {processor.py:208} INFO - Processing /opt/airflow/dags/dag_extract_catalogs.py took 0.041 seconds
[2026-07-09T16:56:06.413+0000] {processor.py:186} INFO - Started process (PID=8183) to work on /opt/airflow/dags/dag_extract_catalogs.py
[2026-07-09T16:56:06.414+0000] {processor.py:914} INFO - Processing file /opt/airflow/dags/dag_extract_catalogs.py for tasks to queue
[2026-07-09T16:56:06.415+0000] {logging_mixin.py:190} INFO - [2026-07-09T16:56:06.414+0000] {dagbag.py:588} INFO - Filling up the DagBag from /opt/airflow/dags/dag_extract_catalogs.py
[2026-07-09T16:56:06.419+0000] {processor.py:925} INFO - DAG(s) 'dag_extract_catalogs' retrieved from /opt/airflow/dags/dag_extract_catalogs.py
[2026-07-09T16:56:06.430+0000] {logging_mixin.py:190} INFO - [2026-07-09T16:56:06.430+0000] {dag.py:3239} INFO - Sync 1 DAGs
[2026-07-09T16:56:06.437+0000] {logging_mixin.py:190} INFO - [2026-07-09T16:56:06.437+0000] {dag.py:4180} INFO - Setting next_dagrun for dag_extract_catalogs to 2026-07-08 01:00:00+00:00, run_after=2026-07-09 01:00:00+00:00
[2026-07-09T16:56:06.442+0000] {processor.py:208} INFO - Processing /opt/airflow/dags/dag_extract_catalogs.py took 0.031 seconds
[2026-07-09T16:56:36.869+0000] {processor.py:186} INFO - Started process (PID=8203) to work on /opt/airflow/dags/dag_extract_catalogs.py
[2026-07-09T16:56:36.869+0000] {processor.py:914} INFO - Processing file /opt/airflow/dags/dag_extract_catalogs.py for tasks to queue
[2026-07-09T16:56:36.870+0000] {logging_mixin.py:190} INFO - [2026-07-09T16:56:36.870+0000] {dagbag.py:588} INFO - Filling up the DagBag from /opt/airflow/dags/dag_extract_catalogs.py
[2026-07-09T16:56:36.875+0000] {processor.py:925} INFO - DAG(s) 'dag_extract_catalogs' retrieved from /opt/airflow/dags/dag_extract_catalogs.py
[2026-07-09T16:56:36.885+0000] {logging_mixin.py:190} INFO - [2026-07-09T16:56:36.884+0000] {dag.py:3239} INFO - Sync 1 DAGs
[2026-07-09T16:56:36.892+0000] {logging_mixin.py:190} INFO - [2026-07-09T16:56:36.892+0000] {dag.py:4180} INFO - Setting next_dagrun for dag_extract_catalogs to 2026-07-08 01:00:00+00:00, run_after=2026-07-09 01:00:00+00:00
[2026-07-09T16:56:36.896+0000] {processor.py:208} INFO - Processing /opt/airflow/dags/dag_extract_catalogs.py took 0.030 seconds
[2026-07-09T16:57:07.295+0000] {processor.py:186} INFO - Started process (PID=8223) to work on /opt/airflow/dags/dag_extract_catalogs.py
[2026-07-09T16:57:07.296+0000] {processor.py:914} INFO - Processing file /opt/airflow/dags/dag_extract_catalogs.py for tasks to queue
[2026-07-09T16:57:07.297+0000] {logging_mixin.py:190} INFO - [2026-07-09T16:57:07.297+0000] {dagbag.py:588} INFO - Filling up the DagBag from /opt/airflow/dags/dag_extract_catalogs.py
[2026-07-09T16:57:07.302+0000] {processor.py:925} INFO - DAG(s) 'dag_extract_catalogs' retrieved from /opt/airflow/dags/dag_extract_catalogs.py
[2026-07-09T16:57:07.312+0000] {logging_mixin.py:190} INFO - [2026-07-09T16:57:07.312+0000] {dag.py:3239} INFO - Sync 1 DAGs
[2026-07-09T16:57:07.319+0000] {logging_mixin.py:190} INFO - [2026-07-09T16:57:07.319+0000] {dag.py:4180} INFO - Setting next_dagrun for dag_extract_catalogs to 2026-07-08 01:00:00+00:00, run_after=2026-07-09 01:00:00+00:00
[2026-07-09T16:57:07.323+0000] {processor.py:208} INFO - Processing /opt/airflow/dags/dag_extract_catalogs.py took 0.031 seconds
[2026-07-09T16:57:37.750+0000] {processor.py:186} INFO - Started process (PID=8243) to work on /opt/airflow/dags/dag_extract_catalogs.py
[2026-07-09T16:57:37.750+0000] {processor.py:914} INFO - Processing file /opt/airflow/dags/dag_extract_catalogs.py for tasks to queue
[2026-07-09T16:57:37.751+0000] {logging_mixin.py:190} INFO - [2026-07-09T16:57:37.751+0000] {dagbag.py:588} INFO - Filling up the DagBag from /opt/airflow/dags/dag_extract_catalogs.py
[2026-07-09T16:57:37.756+0000] {processor.py:925} INFO - DAG(s) 'dag_extract_catalogs' retrieved from /opt/airflow/dags/dag_extract_catalogs.py
[2026-07-09T16:57:37.767+0000] {logging_mixin.py:190} INFO - [2026-07-09T16:57:37.767+0000] {dag.py:3239} INFO - Sync 1 DAGs
[2026-07-09T16:57:37.775+0000] {logging_mixin.py:190} INFO - [2026-07-09T16:57:37.775+0000] {dag.py:4180} INFO - Setting next_dagrun for dag_extract_catalogs to 2026-07-08 01:00:00+00:00, run_after=2026-07-09 01:00:00+00:00
[2026-07-09T16:57:37.780+0000] {processor.py:208} INFO - Processing /opt/airflow/dags/dag_extract_catalogs.py took 0.033 seconds
[2026-07-09T16:58:08.196+0000] {processor.py:186} INFO - Started process (PID=8263) to work on /opt/airflow/dags/dag_extract_catalogs.py
[2026-07-09T16:58:08.196+0000] {processor.py:914} INFO - Processing file /opt/airflow/dags/dag_extract_catalogs.py for tasks to queue
[2026-07-09T16:58:08.197+0000] {logging_mixin.py:190} INFO - [2026-07-09T16:58:08.197+0000] {dagbag.py:588} INFO - Filling up the DagBag from /opt/airflow/dags/dag_extract_catalogs.py
[2026-07-09T16:58:08.202+0000] {processor.py:925} INFO - DAG(s) 'dag_extract_catalogs' retrieved from /opt/airflow/dags/dag_extract_catalogs.py
[2026-07-09T16:58:08.211+0000] {logging_mixin.py:190} INFO - [2026-07-09T16:58:08.211+0000] {dag.py:3239} INFO - Sync 1 DAGs
[2026-07-09T16:58:08.218+0000] {logging_mixin.py:190} INFO - [2026-07-09T16:58:08.218+0000] {dag.py:4180} INFO - Setting next_dagrun for dag_extract_catalogs to 2026-07-08 01:00:00+00:00, run_after=2026-07-09 01:00:00+00:00
[2026-07-09T16:58:08.223+0000] {processor.py:208} INFO - Processing /opt/airflow/dags/dag_extract_catalogs.py took 0.030 seconds
[2026-07-09T16:58:38.626+0000] {processor.py:186} INFO - Started process (PID=8283) to work on /opt/airflow/dags/dag_extract_catalogs.py
[2026-07-09T16:58:38.626+0000] {processor.py:914} INFO - Processing file /opt/airflow/dags/dag_extract_catalogs.py for tasks to queue
[2026-07-09T16:58:38.627+0000] {logging_mixin.py:190} INFO - [2026-07-09T16:58:38.627+0000] {dagbag.py:588} INFO - Filling up the DagBag from /opt/airflow/dags/dag_extract_catalogs.py
[2026-07-09T16:58:38.632+0000] {processor.py:925} INFO - DAG(s) 'dag_extract_catalogs' retrieved from /opt/airflow/dags/dag_extract_catalogs.py
[2026-07-09T16:58:38.642+0000] {logging_mixin.py:190} INFO - [2026-07-09T16:58:38.642+0000] {dag.py:3239} INFO - Sync 1 DAGs
[2026-07-09T16:58:38.649+0000] {logging_mixin.py:190} INFO - [2026-07-09T16:58:38.649+0000] {dag.py:4180} INFO - Setting next_dagrun for dag_extract_catalogs to 2026-07-08 01:00:00+00:00, run_after=2026-07-09 01:00:00+00:00
[2026-07-09T16:58:38.654+0000] {processor.py:208} INFO - Processing /opt/airflow/dags/dag_extract_catalogs.py took 0.030 seconds
[2026-07-09T16:59:09.002+0000] {processor.py:186} INFO - Started process (PID=8301) to work on /opt/airflow/dags/dag_extract_catalogs.py
[2026-07-09T16:59:09.003+0000] {processor.py:914} INFO - Processing file /opt/airflow/dags/dag_extract_catalogs.py for tasks to queue
[2026-07-09T16:59:09.004+0000] {logging_mixin.py:190} INFO - [2026-07-09T16:59:09.004+0000] {dagbag.py:588} INFO - Filling up the DagBag from /opt/airflow/dags/dag_extract_catalogs.py
[2026-07-09T16:59:09.011+0000] {processor.py:925} INFO - DAG(s) 'dag_extract_catalogs' retrieved from /opt/airflow/dags/dag_extract_catalogs.py
[2026-07-09T16:59:09.024+0000] {logging_mixin.py:190} INFO - [2026-07-09T16:59:09.024+0000] {dag.py:3239} INFO - Sync 1 DAGs
[2026-07-09T16:59:09.033+0000] {logging_mixin.py:190} INFO - [2026-07-09T16:59:09.033+0000] {dag.py:4180} INFO - Setting next_dagrun for dag_extract_catalogs to 2026-07-08 01:00:00+00:00, run_after=2026-07-09 01:00:00+00:00
[2026-07-09T16:59:09.038+0000] {processor.py:208} INFO - Processing /opt/airflow/dags/dag_extract_catalogs.py took 0.039 seconds
[2026-07-09T16:59:39.486+0000] {processor.py:186} INFO - Started process (PID=8323) to work on /opt/airflow/dags/dag_extract_catalogs.py
[2026-07-09T16:59:39.486+0000] {processor.py:914} INFO - Processing file /opt/airflow/dags/dag_extract_catalogs.py for tasks to queue
[2026-07-09T16:59:39.487+0000] {logging_mixin.py:190} INFO - [2026-07-09T16:59:39.487+0000] {dagbag.py:588} INFO - Filling up the DagBag from /opt/airflow/dags/dag_extract_catalogs.py
[2026-07-09T16:59:39.492+0000] {processor.py:925} INFO - DAG(s) 'dag_extract_catalogs' retrieved from /opt/airflow/dags/dag_extract_catalogs.py
[2026-07-09T16:59:39.502+0000] {logging_mixin.py:190} INFO - [2026-07-09T16:59:39.502+0000] {dag.py:3239} INFO - Sync 1 DAGs
[2026-07-09T16:59:39.509+0000] {logging_mixin.py:190} INFO - [2026-07-09T16:59:39.509+0000] {dag.py:4180} INFO - Setting next_dagrun for dag_extract_catalogs to 2026-07-08 01:00:00+00:00, run_after=2026-07-09 01:00:00+00:00
[2026-07-09T16:59:39.514+0000] {processor.py:208} INFO - Processing /opt/airflow/dags/dag_extract_catalogs.py took 0.030 seconds
[2026-07-09T17:00:09.951+0000] {processor.py:186} INFO - Started process (PID=8343) to work on /opt/airflow/dags/dag_extract_catalogs.py
[2026-07-09T17:00:09.951+0000] {processor.py:914} INFO - Processing file /opt/airflow/dags/dag_extract_catalogs.py for tasks to queue
[2026-07-09T17:00:09.952+0000] {logging_mixin.py:190} INFO - [2026-07-09T17:00:09.952+0000] {dagbag.py:588} INFO - Filling up the DagBag from /opt/airflow/dags/dag_extract_catalogs.py
[2026-07-09T17:00:09.957+0000] {processor.py:925} INFO - DAG(s) 'dag_extract_catalogs' retrieved from /opt/airflow/dags/dag_extract_catalogs.py
[2026-07-09T17:00:09.968+0000] {logging_mixin.py:190} INFO - [2026-07-09T17:00:09.967+0000] {dag.py:3239} INFO - Sync 1 DAGs
[2026-07-09T17:00:09.975+0000] {logging_mixin.py:190} INFO - [2026-07-09T17:00:09.975+0000] {dag.py:4180} INFO - Setting next_dagrun for dag_extract_catalogs to 2026-07-08 01:00:00+00:00, run_after=2026-07-09 01:00:00+00:00
[2026-07-09T17:00:09.979+0000] {processor.py:208} INFO - Processing /opt/airflow/dags/dag_extract_catalogs.py took 0.031 seconds
[2026-07-09T17:00:40.392+0000] {processor.py:186} INFO - Started process (PID=8363) to work on /opt/airflow/dags/dag_extract_catalogs.py
[2026-07-09T17:00:40.393+0000] {processor.py:914} INFO - Processing file /opt/airflow/dags/dag_extract_catalogs.py for tasks to queue
[2026-07-09T17:00:40.393+0000] {logging_mixin.py:190} INFO - [2026-07-09T17:00:40.393+0000] {dagbag.py:588} INFO - Filling up the DagBag from /opt/airflow/dags/dag_extract_catalogs.py
[2026-07-09T17:00:40.398+0000] {processor.py:925} INFO - DAG(s) 'dag_extract_catalogs' retrieved from /opt/airflow/dags/dag_extract_catalogs.py
[2026-07-09T17:00:40.408+0000] {logging_mixin.py:190} INFO - [2026-07-09T17:00:40.408+0000] {dag.py:3239} INFO - Sync 1 DAGs
[2026-07-09T17:00:40.416+0000] {logging_mixin.py:190} INFO - [2026-07-09T17:00:40.416+0000] {dag.py:4180} INFO - Setting next_dagrun for dag_extract_catalogs to 2026-07-08 01:00:00+00:00, run_after=2026-07-09 01:00:00+00:00
[2026-07-09T17:00:40.421+0000] {processor.py:208} INFO - Processing /opt/airflow/dags/dag_extract_catalogs.py took 0.031 seconds
[2026-07-09T17:01:10.846+0000] {processor.py:186} INFO - Started process (PID=8383) to work on /opt/airflow/dags/dag_extract_catalogs.py
[2026-07-09T17:01:10.846+0000] {processor.py:914} INFO - Processing file /opt/airflow/dags/dag_extract_catalogs.py for tasks to queue
[2026-07-09T17:01:10.847+0000] {logging_mixin.py:190} INFO - [2026-07-09T17:01:10.847+0000] {dagbag.py:588} INFO - Filling up the DagBag from /opt/airflow/dags/dag_extract_catalogs.py
[2026-07-09T17:01:10.852+0000] {processor.py:925} INFO - DAG(s) 'dag_extract_catalogs' retrieved from /opt/airflow/dags/dag_extract_catalogs.py
[2026-07-09T17:01:10.862+0000] {logging_mixin.py:190} INFO - [2026-07-09T17:01:10.862+0000] {dag.py:3239} INFO - Sync 1 DAGs
[2026-07-09T17:01:10.869+0000] {logging_mixin.py:190} INFO - [2026-07-09T17:01:10.869+0000] {dag.py:4180} INFO - Setting next_dagrun for dag_extract_catalogs to 2026-07-08 01:00:00+00:00, run_after=2026-07-09 01:00:00+00:00
[2026-07-09T17:01:10.874+0000] {processor.py:208} INFO - Processing /opt/airflow/dags/dag_extract_catalogs.py took 0.030 seconds
[2026-07-09T17:01:41.192+0000] {processor.py:186} INFO - Started process (PID=8401) to work on /opt/airflow/dags/dag_extract_catalogs.py
[2026-07-09T17:01:41.194+0000] {processor.py:914} INFO - Processing file /opt/airflow/dags/dag_extract_catalogs.py for tasks to queue
[2026-07-09T17:01:41.196+0000] {logging_mixin.py:190} INFO - [2026-07-09T17:01:41.195+0000] {dagbag.py:588} INFO - Filling up the DagBag from /opt/airflow/dags/dag_extract_catalogs.py
[2026-07-09T17:01:41.203+0000] {processor.py:925} INFO - DAG(s) 'dag_extract_catalogs' retrieved from /opt/airflow/dags/dag_extract_catalogs.py
[2026-07-09T17:01:41.217+0000] {logging_mixin.py:190} INFO - [2026-07-09T17:01:41.217+0000] {dag.py:3239} INFO - Sync 1 DAGs
[2026-07-09T17:01:41.226+0000] {logging_mixin.py:190} INFO - [2026-07-09T17:01:41.226+0000] {dag.py:4180} INFO - Setting next_dagrun for dag_extract_catalogs to 2026-07-08 01:00:00+00:00, run_after=2026-07-09 01:00:00+00:00
[2026-07-09T17:01:41.230+0000] {processor.py:208} INFO - Processing /opt/airflow/dags/dag_extract_catalogs.py took 0.041 seconds
[2026-07-09T17:02:11.674+0000] {processor.py:186} INFO - Started process (PID=8423) to work on /opt/airflow/dags/dag_extract_catalogs.py
[2026-07-09T17:02:11.674+0000] {processor.py:914} INFO - Processing file /opt/airflow/dags/dag_extract_catalogs.py for tasks to queue
[2026-07-09T17:02:11.675+0000] {logging_mixin.py:190} INFO - [2026-07-09T17:02:11.675+0000] {dagbag.py:588} INFO - Filling up the DagBag from /opt/airflow/dags/dag_extract_catalogs.py
[2026-07-09T17:02:11.680+0000] {processor.py:925} INFO - DAG(s) 'dag_extract_catalogs' retrieved from /opt/airflow/dags/dag_extract_catalogs.py
[2026-07-09T17:02:11.690+0000] {logging_mixin.py:190} INFO - [2026-07-09T17:02:11.690+0000] {dag.py:3239} INFO - Sync 1 DAGs
[2026-07-09T17:02:11.697+0000] {logging_mixin.py:190} INFO - [2026-07-09T17:02:11.697+0000] {dag.py:4180} INFO - Setting next_dagrun for dag_extract_catalogs to 2026-07-08 01:00:00+00:00, run_after=2026-07-09 01:00:00+00:00
[2026-07-09T17:02:11.702+0000] {processor.py:208} INFO - Processing /opt/airflow/dags/dag_extract_catalogs.py took 0.031 seconds
[2026-07-09T17:02:42.122+0000] {processor.py:186} INFO - Started process (PID=8443) to work on /opt/airflow/dags/dag_extract_catalogs.py
[2026-07-09T17:02:42.122+0000] {processor.py:914} INFO - Processing file /opt/airflow/dags/dag_extract_catalogs.py for tasks to queue
[2026-07-09T17:02:42.123+0000] {logging_mixin.py:190} INFO - [2026-07-09T17:02:42.123+0000] {dagbag.py:588} INFO - Filling up the DagBag from /opt/airflow/dags/dag_extract_catalogs.py
[2026-07-09T17:02:42.128+0000] {processor.py:925} INFO - DAG(s) 'dag_extract_catalogs' retrieved from /opt/airflow/dags/dag_extract_catalogs.py
[2026-07-09T17:02:42.138+0000] {logging_mixin.py:190} INFO - [2026-07-09T17:02:42.138+0000] {dag.py:3239} INFO - Sync 1 DAGs
[2026-07-09T17:02:42.145+0000] {logging_mixin.py:190} INFO - [2026-07-09T17:02:42.144+0000] {dag.py:4180} INFO - Setting next_dagrun for dag_extract_catalogs to 2026-07-08 01:00:00+00:00, run_after=2026-07-09 01:00:00+00:00
[2026-07-09T17:02:42.149+0000] {processor.py:208} INFO - Processing /opt/airflow/dags/dag_extract_catalogs.py took 0.030 seconds
[2026-07-09T17:03:12.511+0000] {processor.py:186} INFO - Started process (PID=8461) to work on /opt/airflow/dags/dag_extract_catalogs.py
[2026-07-09T17:03:12.512+0000] {processor.py:914} INFO - Processing file /opt/airflow/dags/dag_extract_catalogs.py for tasks to queue
[2026-07-09T17:03:12.513+0000] {logging_mixin.py:190} INFO - [2026-07-09T17:03:12.513+0000] {dagbag.py:588} INFO - Filling up the DagBag from /opt/airflow/dags/dag_extract_catalogs.py
[2026-07-09T17:03:12.521+0000] {processor.py:925} INFO - DAG(s) 'dag_extract_catalogs' retrieved from /opt/airflow/dags/dag_extract_catalogs.py
[2026-07-09T17:03:12.535+0000] {logging_mixin.py:190} INFO - [2026-07-09T17:03:12.535+0000] {dag.py:3239} INFO - Sync 1 DAGs
[2026-07-09T17:03:12.543+0000] {logging_mixin.py:190} INFO - [2026-07-09T17:03:12.543+0000] {dag.py:4180} INFO - Setting next_dagrun for dag_extract_catalogs to 2026-07-08 01:00:00+00:00, run_after=2026-07-09 01:00:00+00:00
[2026-07-09T17:03:12.548+0000] {processor.py:208} INFO - Processing /opt/airflow/dags/dag_extract_catalogs.py took 0.040 seconds
[2026-07-09T17:03:43.023+0000] {processor.py:186} INFO - Started process (PID=8483) to work on /opt/airflow/dags/dag_extract_catalogs.py
[2026-07-09T17:03:43.024+0000] {processor.py:914} INFO - Processing file /opt/airflow/dags/dag_extract_catalogs.py for tasks to queue
[2026-07-09T17:03:43.024+0000] {logging_mixin.py:190} INFO - [2026-07-09T17:03:43.024+0000] {dagbag.py:588} INFO - Filling up the DagBag from /opt/airflow/dags/dag_extract_catalogs.py
[2026-07-09T17:03:43.029+0000] {processor.py:925} INFO - DAG(s) 'dag_extract_catalogs' retrieved from /opt/airflow/dags/dag_extract_catalogs.py
[2026-07-09T17:03:43.039+0000] {logging_mixin.py:190} INFO - [2026-07-09T17:03:43.039+0000] {dag.py:3239} INFO - Sync 1 DAGs
[2026-07-09T17:03:43.047+0000] {logging_mixin.py:190} INFO - [2026-07-09T17:03:43.046+0000] {dag.py:4180} INFO - Setting next_dagrun for dag_extract_catalogs to 2026-07-08 01:00:00+00:00, run_after=2026-07-09 01:00:00+00:00
[2026-07-09T17:03:43.051+0000] {processor.py:208} INFO - Processing /opt/airflow/dags/dag_extract_catalogs.py took 0.030 seconds
[2026-07-09T17:04:13.572+0000] {processor.py:186} INFO - Started process (PID=8503) to work on /opt/airflow/dags/dag_extract_catalogs.py
[2026-07-09T17:04:13.572+0000] {processor.py:914} INFO - Processing file /opt/airflow/dags/dag_extract_catalogs.py for tasks to queue
[2026-07-09T17:04:13.573+0000] {logging_mixin.py:190} INFO - [2026-07-09T17:04:13.573+0000] {dagbag.py:588} INFO - Filling up the DagBag from /opt/airflow/dags/dag_extract_catalogs.py
[2026-07-09T17:04:13.578+0000] {processor.py:925} INFO - DAG(s) 'dag_extract_catalogs' retrieved from /opt/airflow/dags/dag_extract_catalogs.py
[2026-07-09T17:04:13.590+0000] {logging_mixin.py:190} INFO - [2026-07-09T17:04:13.590+0000] {dag.py:3239} INFO - Sync 1 DAGs
[2026-07-09T17:04:13.599+0000] {logging_mixin.py:190} INFO - [2026-07-09T17:04:13.599+0000] {dag.py:4180} INFO - Setting next_dagrun for dag_extract_catalogs to 2026-07-08 01:00:00+00:00, run_after=2026-07-09 01:00:00+00:00
[2026-07-09T17:04:13.604+0000] {processor.py:208} INFO - Processing /opt/airflow/dags/dag_extract_catalogs.py took 0.035 seconds
[2026-07-09T17:04:44.007+0000] {processor.py:186} INFO - Started process (PID=8523) to work on /opt/airflow/dags/dag_extract_catalogs.py
[2026-07-09T17:04:44.007+0000] {processor.py:914} INFO - Processing file /opt/airflow/dags/dag_extract_catalogs.py for tasks to queue
[2026-07-09T17:04:44.008+0000] {logging_mixin.py:190} INFO - [2026-07-09T17:04:44.008+0000] {dagbag.py:588} INFO - Filling up the DagBag from /opt/airflow/dags/dag_extract_catalogs.py
[2026-07-09T17:04:44.014+0000] {processor.py:925} INFO - DAG(s) 'dag_extract_catalogs' retrieved from /opt/airflow/dags/dag_extract_catalogs.py
[2026-07-09T17:04:44.027+0000] {logging_mixin.py:190} INFO - [2026-07-09T17:04:44.027+0000] {dag.py:3239} INFO - Sync 1 DAGs
[2026-07-09T17:04:44.038+0000] {logging_mixin.py:190} INFO - [2026-07-09T17:04:44.038+0000] {dag.py:4180} INFO - Setting next_dagrun for dag_extract_catalogs to 2026-07-08 01:00:00+00:00, run_after=2026-07-09 01:00:00+00:00
[2026-07-09T17:04:44.046+0000] {processor.py:208} INFO - Processing /opt/airflow/dags/dag_extract_catalogs.py took 0.043 seconds
[2026-07-09T17:05:14.483+0000] {processor.py:186} INFO - Started process (PID=8543) to work on /opt/airflow/dags/dag_extract_catalogs.py
[2026-07-09T17:05:14.483+0000] {processor.py:914} INFO - Processing file /opt/airflow/dags/dag_extract_catalogs.py for tasks to queue
[2026-07-09T17:05:14.484+0000] {logging_mixin.py:190} INFO - [2026-07-09T17:05:14.484+0000] {dagbag.py:588} INFO - Filling up the DagBag from /opt/airflow/dags/dag_extract_catalogs.py
[2026-07-09T17:05:14.489+0000] {processor.py:925} INFO - DAG(s) 'dag_extract_catalogs' retrieved from /opt/airflow/dags/dag_extract_catalogs.py
[2026-07-09T17:05:14.499+0000] {logging_mixin.py:190} INFO - [2026-07-09T17:05:14.499+0000] {dag.py:3239} INFO - Sync 1 DAGs
[2026-07-09T17:05:14.506+0000] {logging_mixin.py:190} INFO - [2026-07-09T17:05:14.506+0000] {dag.py:4180} INFO - Setting next_dagrun for dag_extract_catalogs to 2026-07-08 01:00:00+00:00, run_after=2026-07-09 01:00:00+00:00
[2026-07-09T17:05:14.511+0000] {processor.py:208} INFO - Processing /opt/airflow/dags/dag_extract_catalogs.py took 0.031 seconds
[2026-07-09T17:05:44.902+0000] {processor.py:186} INFO - Started process (PID=8563) to work on /opt/airflow/dags/dag_extract_catalogs.py
[2026-07-09T17:05:44.902+0000] {processor.py:914} INFO - Processing file /opt/airflow/dags/dag_extract_catalogs.py for tasks to queue
[2026-07-09T17:05:44.903+0000] {logging_mixin.py:190} INFO - [2026-07-09T17:05:44.903+0000] {dagbag.py:588} INFO - Filling up the DagBag from /opt/airflow/dags/dag_extract_catalogs.py
[2026-07-09T17:05:44.908+0000] {processor.py:925} INFO - DAG(s) 'dag_extract_catalogs' retrieved from /opt/airflow/dags/dag_extract_catalogs.py
[2026-07-09T17:05:44.918+0000] {logging_mixin.py:190} INFO - [2026-07-09T17:05:44.918+0000] {dag.py:3239} INFO - Sync 1 DAGs
[2026-07-09T17:05:44.924+0000] {logging_mixin.py:190} INFO - [2026-07-09T17:05:44.924+0000] {dag.py:4180} INFO - Setting next_dagrun for dag_extract_catalogs to 2026-07-08 01:00:00+00:00, run_after=2026-07-09 01:00:00+00:00
[2026-07-09T17:05:44.929+0000] {processor.py:208} INFO - Processing /opt/airflow/dags/dag_extract_catalogs.py took 0.030 seconds
[2026-07-09T17:06:15.329+0000] {processor.py:186} INFO - Started process (PID=8583) to work on /opt/airflow/dags/dag_extract_catalogs.py
[2026-07-09T17:06:15.330+0000] {processor.py:914} INFO - Processing file /opt/airflow/dags/dag_extract_catalogs.py for tasks to queue
[2026-07-09T17:06:15.331+0000] {logging_mixin.py:190} INFO - [2026-07-09T17:06:15.331+0000] {dagbag.py:588} INFO - Filling up the DagBag from /opt/airflow/dags/dag_extract_catalogs.py
[2026-07-09T17:06:15.335+0000] {processor.py:925} INFO - DAG(s) 'dag_extract_catalogs' retrieved from /opt/airflow/dags/dag_extract_catalogs.py
[2026-07-09T17:06:15.346+0000] {logging_mixin.py:190} INFO - [2026-07-09T17:06:15.346+0000] {dag.py:3239} INFO - Sync 1 DAGs
[2026-07-09T17:06:15.352+0000] {logging_mixin.py:190} INFO - [2026-07-09T17:06:15.352+0000] {dag.py:4180} INFO - Setting next_dagrun for dag_extract_catalogs to 2026-07-08 01:00:00+00:00, run_after=2026-07-09 01:00:00+00:00
[2026-07-09T17:06:15.357+0000] {processor.py:208} INFO - Processing /opt/airflow/dags/dag_extract_catalogs.py took 0.030 seconds
[2026-07-09T17:06:45.744+0000] {processor.py:186} INFO - Started process (PID=8601) to work on /opt/airflow/dags/dag_extract_catalogs.py
[2026-07-09T17:06:45.745+0000] {processor.py:914} INFO - Processing file /opt/airflow/dags/dag_extract_catalogs.py for tasks to queue
[2026-07-09T17:06:45.746+0000] {logging_mixin.py:190} INFO - [2026-07-09T17:06:45.746+0000] {dagbag.py:588} INFO - Filling up the DagBag from /opt/airflow/dags/dag_extract_catalogs.py
[2026-07-09T17:06:45.751+0000] {processor.py:925} INFO - DAG(s) 'dag_extract_catalogs' retrieved from /opt/airflow/dags/dag_extract_catalogs.py
[2026-07-09T17:06:45.767+0000] {logging_mixin.py:190} INFO - [2026-07-09T17:06:45.767+0000] {dag.py:3239} INFO - Sync 1 DAGs
[2026-07-09T17:06:45.776+0000] {logging_mixin.py:190} INFO - [2026-07-09T17:06:45.776+0000] {dag.py:4180} INFO - Setting next_dagrun for dag_extract_catalogs to 2026-07-08 01:00:00+00:00, run_after=2026-07-09 01:00:00+00:00
[2026-07-09T17:06:45.782+0000] {processor.py:208} INFO - Processing /opt/airflow/dags/dag_extract_catalogs.py took 0.041 seconds
[2026-07-09T17:07:16.290+0000] {processor.py:186} INFO - Started process (PID=8623) to work on /opt/airflow/dags/dag_extract_catalogs.py
[2026-07-09T17:07:16.291+0000] {processor.py:914} INFO - Processing file /opt/airflow/dags/dag_extract_catalogs.py for tasks to queue
[2026-07-09T17:07:16.292+0000] {logging_mixin.py:190} INFO - [2026-07-09T17:07:16.292+0000] {dagbag.py:588} INFO - Filling up the DagBag from /opt/airflow/dags/dag_extract_catalogs.py
[2026-07-09T17:07:16.296+0000] {processor.py:925} INFO - DAG(s) 'dag_extract_catalogs' retrieved from /opt/airflow/dags/dag_extract_catalogs.py
[2026-07-09T17:07:16.312+0000] {logging_mixin.py:190} INFO - [2026-07-09T17:07:16.312+0000] {dag.py:3239} INFO - Sync 1 DAGs
[2026-07-09T17:07:16.320+0000] {logging_mixin.py:190} INFO - [2026-07-09T17:07:16.320+0000] {dag.py:4180} INFO - Setting next_dagrun for dag_extract_catalogs to 2026-07-08 01:00:00+00:00, run_after=2026-07-09 01:00:00+00:00
[2026-07-09T17:07:16.325+0000] {processor.py:208} INFO - Processing /opt/airflow/dags/dag_extract_catalogs.py took 0.038 seconds
[2026-07-09T17:07:46.710+0000] {processor.py:186} INFO - Started process (PID=8641) to work on /opt/airflow/dags/dag_extract_catalogs.py
[2026-07-09T17:07:46.711+0000] {processor.py:914} INFO - Processing file /opt/airflow/dags/dag_extract_catalogs.py for tasks to queue
[2026-07-09T17:07:46.712+0000] {logging_mixin.py:190} INFO - [2026-07-09T17:07:46.712+0000] {dagbag.py:588} INFO - Filling up the DagBag from /opt/airflow/dags/dag_extract_catalogs.py
[2026-07-09T17:07:46.721+0000] {processor.py:925} INFO - DAG(s) 'dag_extract_catalogs' retrieved from /opt/airflow/dags/dag_extract_catalogs.py
[2026-07-09T17:07:46.736+0000] {logging_mixin.py:190} INFO - [2026-07-09T17:07:46.736+0000] {dag.py:3239} INFO - Sync 1 DAGs
[2026-07-09T17:07:46.744+0000] {logging_mixin.py:190} INFO - [2026-07-09T17:07:46.744+0000] {dag.py:4180} INFO - Setting next_dagrun for dag_extract_catalogs to 2026-07-08 01:00:00+00:00, run_after=2026-07-09 01:00:00+00:00
[2026-07-09T17:07:46.749+0000] {processor.py:208} INFO - Processing /opt/airflow/dags/dag_extract_catalogs.py took 0.042 seconds
[2026-07-09T17:08:17.217+0000] {processor.py:186} INFO - Started process (PID=8663) to work on /opt/airflow/dags/dag_extract_catalogs.py
[2026-07-09T17:08:17.217+0000] {processor.py:914} INFO - Processing file /opt/airflow/dags/dag_extract_catalogs.py for tasks to queue
[2026-07-09T17:08:17.218+0000] {logging_mixin.py:190} INFO - [2026-07-09T17:08:17.218+0000] {dagbag.py:588} INFO - Filling up the DagBag from /opt/airflow/dags/dag_extract_catalogs.py
[2026-07-09T17:08:17.223+0000] {processor.py:925} INFO - DAG(s) 'dag_extract_catalogs' retrieved from /opt/airflow/dags/dag_extract_catalogs.py
[2026-07-09T17:08:17.233+0000] {logging_mixin.py:190} INFO - [2026-07-09T17:08:17.233+0000] {dag.py:3239} INFO - Sync 1 DAGs
[2026-07-09T17:08:17.240+0000] {logging_mixin.py:190} INFO - [2026-07-09T17:08:17.240+0000] {dag.py:4180} INFO - Setting next_dagrun for dag_extract_catalogs to 2026-07-08 01:00:00+00:00, run_after=2026-07-09 01:00:00+00:00
[2026-07-09T17:08:17.245+0000] {processor.py:208} INFO - Processing /opt/airflow/dags/dag_extract_catalogs.py took 0.031 seconds
[2026-07-09T17:08:47.676+0000] {processor.py:186} INFO - Started process (PID=8683) to work on /opt/airflow/dags/dag_extract_catalogs.py
[2026-07-09T17:08:47.677+0000] {processor.py:914} INFO - Processing file /opt/airflow/dags/dag_extract_catalogs.py for tasks to queue
[2026-07-09T17:08:47.678+0000] {logging_mixin.py:190} INFO - [2026-07-09T17:08:47.678+0000] {dagbag.py:588} INFO - Filling up the DagBag from /opt/airflow/dags/dag_extract_catalogs.py
[2026-07-09T17:08:47.683+0000] {processor.py:925} INFO - DAG(s) 'dag_extract_catalogs' retrieved from /opt/airflow/dags/dag_extract_catalogs.py
[2026-07-09T17:08:47.692+0000] {logging_mixin.py:190} INFO - [2026-07-09T17:08:47.692+0000] {dag.py:3239} INFO - Sync 1 DAGs
[2026-07-09T17:08:47.699+0000] {logging_mixin.py:190} INFO - [2026-07-09T17:08:47.699+0000] {dag.py:4180} INFO - Setting next_dagrun for dag_extract_catalogs to 2026-07-08 01:00:00+00:00, run_after=2026-07-09 01:00:00+00:00
[2026-07-09T17:08:47.704+0000] {processor.py:208} INFO - Processing /opt/airflow/dags/dag_extract_catalogs.py took 0.030 seconds
[2026-07-09T17:09:18.139+0000] {processor.py:186} INFO - Started process (PID=8703) to work on /opt/airflow/dags/dag_extract_catalogs.py
[2026-07-09T17:09:18.139+0000] {processor.py:914} INFO - Processing file /opt/airflow/dags/dag_extract_catalogs.py for tasks to queue
[2026-07-09T17:09:18.140+0000] {logging_mixin.py:190} INFO - [2026-07-09T17:09:18.140+0000] {dagbag.py:588} INFO - Filling up the DagBag from /opt/airflow/dags/dag_extract_catalogs.py
[2026-07-09T17:09:18.145+0000] {processor.py:925} INFO - DAG(s) 'dag_extract_catalogs' retrieved from /opt/airflow/dags/dag_extract_catalogs.py
[2026-07-09T17:09:18.155+0000] {logging_mixin.py:190} INFO - [2026-07-09T17:09:18.155+0000] {dag.py:3239} INFO - Sync 1 DAGs
[2026-07-09T17:09:18.162+0000] {logging_mixin.py:190} INFO - [2026-07-09T17:09:18.162+0000] {dag.py:4180} INFO - Setting next_dagrun for dag_extract_catalogs to 2026-07-08 01:00:00+00:00, run_after=2026-07-09 01:00:00+00:00
[2026-07-09T17:09:18.167+0000] {processor.py:208} INFO - Processing /opt/airflow/dags/dag_extract_catalogs.py took 0.030 seconds
[2026-07-09T17:09:48.573+0000] {processor.py:186} INFO - Started process (PID=8723) to work on /opt/airflow/dags/dag_extract_catalogs.py
[2026-07-09T17:09:48.574+0000] {processor.py:914} INFO - Processing file /opt/airflow/dags/dag_extract_catalogs.py for tasks to queue
[2026-07-09T17:09:48.574+0000] {logging_mixin.py:190} INFO - [2026-07-09T17:09:48.574+0000] {dagbag.py:588} INFO - Filling up the DagBag from /opt/airflow/dags/dag_extract_catalogs.py
[2026-07-09T17:09:48.579+0000] {processor.py:925} INFO - DAG(s) 'dag_extract_catalogs' retrieved from /opt/airflow/dags/dag_extract_catalogs.py
[2026-07-09T17:09:48.589+0000] {logging_mixin.py:190} INFO - [2026-07-09T17:09:48.589+0000] {dag.py:3239} INFO - Sync 1 DAGs
[2026-07-09T17:09:48.596+0000] {logging_mixin.py:190} INFO - [2026-07-09T17:09:48.596+0000] {dag.py:4180} INFO - Setting next_dagrun for dag_extract_catalogs to 2026-07-08 01:00:00+00:00, run_after=2026-07-09 01:00:00+00:00
[2026-07-09T17:09:48.601+0000] {processor.py:208} INFO - Processing /opt/airflow/dags/dag_extract_catalogs.py took 0.030 seconds
[2026-07-09T17:10:19.043+0000] {processor.py:186} INFO - Started process (PID=8743) to work on /opt/airflow/dags/dag_extract_catalogs.py
[2026-07-09T17:10:19.043+0000] {processor.py:914} INFO - Processing file /opt/airflow/dags/dag_extract_catalogs.py for tasks to queue
[2026-07-09T17:10:19.044+0000] {logging_mixin.py:190} INFO - [2026-07-09T17:10:19.044+0000] {dagbag.py:588} INFO - Filling up the DagBag from /opt/airflow/dags/dag_extract_catalogs.py
[2026-07-09T17:10:19.049+0000] {processor.py:925} INFO - DAG(s) 'dag_extract_catalogs' retrieved from /opt/airflow/dags/dag_extract_catalogs.py
[2026-07-09T17:10:19.059+0000] {logging_mixin.py:190} INFO - [2026-07-09T17:10:19.058+0000] {dag.py:3239} INFO - Sync 1 DAGs
[2026-07-09T17:10:19.065+0000] {logging_mixin.py:190} INFO - [2026-07-09T17:10:19.065+0000] {dag.py:4180} INFO - Setting next_dagrun for dag_extract_catalogs to 2026-07-08 01:00:00+00:00, run_after=2026-07-09 01:00:00+00:00
[2026-07-09T17:10:19.070+0000] {processor.py:208} INFO - Processing /opt/airflow/dags/dag_extract_catalogs.py took 0.030 seconds
[2026-07-09T17:10:49.519+0000] {processor.py:186} INFO - Started process (PID=8761) to work on /opt/airflow/dags/dag_extract_catalogs.py
[2026-07-09T17:10:49.520+0000] {processor.py:914} INFO - Processing file /opt/airflow/dags/dag_extract_catalogs.py for tasks to queue
[2026-07-09T17:10:49.521+0000] {logging_mixin.py:190} INFO - [2026-07-09T17:10:49.521+0000] {dagbag.py:588} INFO - Filling up the DagBag from /opt/airflow/dags/dag_extract_catalogs.py
[2026-07-09T17:10:49.527+0000] {processor.py:925} INFO - DAG(s) 'dag_extract_catalogs' retrieved from /opt/airflow/dags/dag_extract_catalogs.py
[2026-07-09T17:10:49.542+0000] {logging_mixin.py:190} INFO - [2026-07-09T17:10:49.542+0000] {dag.py:3239} INFO - Sync 1 DAGs
[2026-07-09T17:10:49.550+0000] {logging_mixin.py:190} INFO - [2026-07-09T17:10:49.550+0000] {dag.py:4180} INFO - Setting next_dagrun for dag_extract_catalogs to 2026-07-08 01:00:00+00:00, run_after=2026-07-09 01:00:00+00:00
[2026-07-09T17:10:49.555+0000] {processor.py:208} INFO - Processing /opt/airflow/dags/dag_extract_catalogs.py took 0.038 seconds
[2026-07-09T17:11:20.039+0000] {processor.py:186} INFO - Started process (PID=8783) to work on /opt/airflow/dags/dag_extract_catalogs.py
[2026-07-09T17:11:20.039+0000] {processor.py:914} INFO - Processing file /opt/airflow/dags/dag_extract_catalogs.py for tasks to queue
[2026-07-09T17:11:20.040+0000] {logging_mixin.py:190} INFO - [2026-07-09T17:11:20.040+0000] {dagbag.py:588} INFO - Filling up the DagBag from /opt/airflow/dags/dag_extract_catalogs.py
[2026-07-09T17:11:20.045+0000] {processor.py:925} INFO - DAG(s) 'dag_extract_catalogs' retrieved from /opt/airflow/dags/dag_extract_catalogs.py
[2026-07-09T17:11:20.055+0000] {logging_mixin.py:190} INFO - [2026-07-09T17:11:20.055+0000] {dag.py:3239} INFO - Sync 1 DAGs
[2026-07-09T17:11:20.062+0000] {logging_mixin.py:190} INFO - [2026-07-09T17:11:20.062+0000] {dag.py:4180} INFO - Setting next_dagrun for dag_extract_catalogs to 2026-07-08 01:00:00+00:00, run_after=2026-07-09 01:00:00+00:00
[2026-07-09T17:11:20.067+0000] {processor.py:208} INFO - Processing /opt/airflow/dags/dag_extract_catalogs.py took 0.030 seconds
[2026-07-09T17:11:50.483+0000] {processor.py:186} INFO - Started process (PID=8801) to work on /opt/airflow/dags/dag_extract_catalogs.py
[2026-07-09T17:11:50.483+0000] {processor.py:914} INFO - Processing file /opt/airflow/dags/dag_extract_catalogs.py for tasks to queue
[2026-07-09T17:11:50.484+0000] {logging_mixin.py:190} INFO - [2026-07-09T17:11:50.484+0000] {dagbag.py:588} INFO - Filling up the DagBag from /opt/airflow/dags/dag_extract_catalogs.py
[2026-07-09T17:11:50.490+0000] {processor.py:925} INFO - DAG(s) 'dag_extract_catalogs' retrieved from /opt/airflow/dags/dag_extract_catalogs.py
[2026-07-09T17:11:50.501+0000] {logging_mixin.py:190} INFO - [2026-07-09T17:11:50.501+0000] {dag.py:3239} INFO - Sync 1 DAGs
[2026-07-09T17:11:50.508+0000] {logging_mixin.py:190} INFO - [2026-07-09T17:11:50.508+0000] {dag.py:4180} INFO - Setting next_dagrun for dag_extract_catalogs to 2026-07-08 01:00:00+00:00, run_after=2026-07-09 01:00:00+00:00
[2026-07-09T17:11:50.517+0000] {processor.py:208} INFO - Processing /opt/airflow/dags/dag_extract_catalogs.py took 0.037 seconds
[2026-07-09T17:12:20.999+0000] {processor.py:186} INFO - Started process (PID=8823) to work on /opt/airflow/dags/dag_extract_catalogs.py
[2026-07-09T17:12:21.000+0000] {processor.py:914} INFO - Processing file /opt/airflow/dags/dag_extract_catalogs.py for tasks to queue
[2026-07-09T17:12:21.000+0000] {logging_mixin.py:190} INFO - [2026-07-09T17:12:21.000+0000] {dagbag.py:588} INFO - Filling up the DagBag from /opt/airflow/dags/dag_extract_catalogs.py
[2026-07-09T17:12:21.005+0000] {processor.py:925} INFO - DAG(s) 'dag_extract_catalogs' retrieved from /opt/airflow/dags/dag_extract_catalogs.py
[2026-07-09T17:12:21.015+0000] {logging_mixin.py:190} INFO - [2026-07-09T17:12:21.015+0000] {dag.py:3239} INFO - Sync 1 DAGs
[2026-07-09T17:12:21.023+0000] {logging_mixin.py:190} INFO - [2026-07-09T17:12:21.022+0000] {dag.py:4180} INFO - Setting next_dagrun for dag_extract_catalogs to 2026-07-08 01:00:00+00:00, run_after=2026-07-09 01:00:00+00:00
[2026-07-09T17:12:21.027+0000] {processor.py:208} INFO - Processing /opt/airflow/dags/dag_extract_catalogs.py took 0.030 seconds
[2026-07-09T17:12:51.501+0000] {processor.py:186} INFO - Started process (PID=8843) to work on /opt/airflow/dags/dag_extract_catalogs.py
[2026-07-09T17:12:51.501+0000] {processor.py:914} INFO - Processing file /opt/airflow/dags/dag_extract_catalogs.py for tasks to queue
[2026-07-09T17:12:51.502+0000] {logging_mixin.py:190} INFO - [2026-07-09T17:12:51.502+0000] {dagbag.py:588} INFO - Filling up the DagBag from /opt/airflow/dags/dag_extract_catalogs.py
[2026-07-09T17:12:51.507+0000] {processor.py:925} INFO - DAG(s) 'dag_extract_catalogs' retrieved from /opt/airflow/dags/dag_extract_catalogs.py
[2026-07-09T17:12:51.517+0000] {logging_mixin.py:190} INFO - [2026-07-09T17:12:51.517+0000] {dag.py:3239} INFO - Sync 1 DAGs
[2026-07-09T17:12:51.524+0000] {logging_mixin.py:190} INFO - [2026-07-09T17:12:51.524+0000] {dag.py:4180} INFO - Setting next_dagrun for dag_extract_catalogs to 2026-07-08 01:00:00+00:00, run_after=2026-07-09 01:00:00+00:00
[2026-07-09T17:12:51.528+0000] {processor.py:208} INFO - Processing /opt/airflow/dags/dag_extract_catalogs.py took 0.030 seconds
[2026-07-09T17:13:21.973+0000] {processor.py:186} INFO - Started process (PID=8863) to work on /opt/airflow/dags/dag_extract_catalogs.py
[2026-07-09T17:13:21.973+0000] {processor.py:914} INFO - Processing file /opt/airflow/dags/dag_extract_catalogs.py for tasks to queue
[2026-07-09T17:13:21.974+0000] {logging_mixin.py:190} INFO - [2026-07-09T17:13:21.974+0000] {dagbag.py:588} INFO - Filling up the DagBag from /opt/airflow/dags/dag_extract_catalogs.py
[2026-07-09T17:13:21.979+0000] {processor.py:925} INFO - DAG(s) 'dag_extract_catalogs' retrieved from /opt/airflow/dags/dag_extract_catalogs.py
[2026-07-09T17:13:21.989+0000] {logging_mixin.py:190} INFO - [2026-07-09T17:13:21.989+0000] {dag.py:3239} INFO - Sync 1 DAGs
[2026-07-09T17:13:21.996+0000] {logging_mixin.py:190} INFO - [2026-07-09T17:13:21.996+0000] {dag.py:4180} INFO - Setting next_dagrun for dag_extract_catalogs to 2026-07-08 01:00:00+00:00, run_after=2026-07-09 01:00:00+00:00
[2026-07-09T17:13:22.001+0000] {processor.py:208} INFO - Processing /opt/airflow/dags/dag_extract_catalogs.py took 0.030 seconds
[2026-07-09T17:13:52.526+0000] {processor.py:186} INFO - Started process (PID=8883) to work on /opt/airflow/dags/dag_extract_catalogs.py
[2026-07-09T17:13:52.527+0000] {processor.py:914} INFO - Processing file /opt/airflow/dags/dag_extract_catalogs.py for tasks to queue
[2026-07-09T17:13:52.528+0000] {logging_mixin.py:190} INFO - [2026-07-09T17:13:52.527+0000] {dagbag.py:588} INFO - Filling up the DagBag from /opt/airflow/dags/dag_extract_catalogs.py
[2026-07-09T17:13:52.532+0000] {processor.py:925} INFO - DAG(s) 'dag_extract_catalogs' retrieved from /opt/airflow/dags/dag_extract_catalogs.py
[2026-07-09T17:13:52.542+0000] {logging_mixin.py:190} INFO - [2026-07-09T17:13:52.542+0000] {dag.py:3239} INFO - Sync 1 DAGs
[2026-07-09T17:13:52.549+0000] {logging_mixin.py:190} INFO - [2026-07-09T17:13:52.549+0000] {dag.py:4180} INFO - Setting next_dagrun for dag_extract_catalogs to 2026-07-08 01:00:00+00:00, run_after=2026-07-09 01:00:00+00:00
[2026-07-09T17:13:52.554+0000] {processor.py:208} INFO - Processing /opt/airflow/dags/dag_extract_catalogs.py took 0.030 seconds
[2026-07-09T17:14:23.016+0000] {processor.py:186} INFO - Started process (PID=8903) to work on /opt/airflow/dags/dag_extract_catalogs.py
[2026-07-09T17:14:23.016+0000] {processor.py:914} INFO - Processing file /opt/airflow/dags/dag_extract_catalogs.py for tasks to queue
[2026-07-09T17:14:23.017+0000] {logging_mixin.py:190} INFO - [2026-07-09T17:14:23.017+0000] {dagbag.py:588} INFO - Filling up the DagBag from /opt/airflow/dags/dag_extract_catalogs.py
[2026-07-09T17:14:23.022+0000] {processor.py:925} INFO - DAG(s) 'dag_extract_catalogs' retrieved from /opt/airflow/dags/dag_extract_catalogs.py
[2026-07-09T17:14:23.032+0000] {logging_mixin.py:190} INFO - [2026-07-09T17:14:23.032+0000] {dag.py:3239} INFO - Sync 1 DAGs
[2026-07-09T17:14:23.039+0000] {logging_mixin.py:190} INFO - [2026-07-09T17:14:23.039+0000] {dag.py:4180} INFO - Setting next_dagrun for dag_extract_catalogs to 2026-07-08 01:00:00+00:00, run_after=2026-07-09 01:00:00+00:00
[2026-07-09T17:14:23.043+0000] {processor.py:208} INFO - Processing /opt/airflow/dags/dag_extract_catalogs.py took 0.030 seconds
[2026-07-09T17:14:53.513+0000] {processor.py:186} INFO - Started process (PID=8923) to work on /opt/airflow/dags/dag_extract_catalogs.py
[2026-07-09T17:14:53.513+0000] {processor.py:914} INFO - Processing file /opt/airflow/dags/dag_extract_catalogs.py for tasks to queue
[2026-07-09T17:14:53.514+0000] {logging_mixin.py:190} INFO - [2026-07-09T17:14:53.514+0000] {dagbag.py:588} INFO - Filling up the DagBag from /opt/airflow/dags/dag_extract_catalogs.py
[2026-07-09T17:14:53.519+0000] {processor.py:925} INFO - DAG(s) 'dag_extract_catalogs' retrieved from /opt/airflow/dags/dag_extract_catalogs.py
[2026-07-09T17:14:53.529+0000] {logging_mixin.py:190} INFO - [2026-07-09T17:14:53.529+0000] {dag.py:3239} INFO - Sync 1 DAGs
[2026-07-09T17:14:53.536+0000] {logging_mixin.py:190} INFO - [2026-07-09T17:14:53.536+0000] {dag.py:4180} INFO - Setting next_dagrun for dag_extract_catalogs to 2026-07-08 01:00:00+00:00, run_after=2026-07-09 01:00:00+00:00
[2026-07-09T17:14:53.541+0000] {processor.py:208} INFO - Processing /opt/airflow/dags/dag_extract_catalogs.py took 0.030 seconds
[2026-07-09T17:15:24.087+0000] {processor.py:186} INFO - Started process (PID=8943) to work on /opt/airflow/dags/dag_extract_catalogs.py
[2026-07-09T17:15:24.088+0000] {processor.py:914} INFO - Processing file /opt/airflow/dags/dag_extract_catalogs.py for tasks to queue
[2026-07-09T17:15:24.088+0000] {logging_mixin.py:190} INFO - [2026-07-09T17:15:24.088+0000] {dagbag.py:588} INFO - Filling up the DagBag from /opt/airflow/dags/dag_extract_catalogs.py
[2026-07-09T17:15:24.093+0000] {processor.py:925} INFO - DAG(s) 'dag_extract_catalogs' retrieved from /opt/airflow/dags/dag_extract_catalogs.py
[2026-07-09T17:15:24.103+0000] {logging_mixin.py:190} INFO - [2026-07-09T17:15:24.103+0000] {dag.py:3239} INFO - Sync 1 DAGs
[2026-07-09T17:15:24.110+0000] {logging_mixin.py:190} INFO - [2026-07-09T17:15:24.110+0000] {dag.py:4180} INFO - Setting next_dagrun for dag_extract_catalogs to 2026-07-08 01:00:00+00:00, run_after=2026-07-09 01:00:00+00:00
[2026-07-09T17:15:24.115+0000] {processor.py:208} INFO - Processing /opt/airflow/dags/dag_extract_catalogs.py took 0.031 seconds
[2026-07-09T17:15:54.561+0000] {processor.py:186} INFO - Started process (PID=8963) to work on /opt/airflow/dags/dag_extract_catalogs.py
[2026-07-09T17:15:54.561+0000] {processor.py:914} INFO - Processing file /opt/airflow/dags/dag_extract_catalogs.py for tasks to queue
[2026-07-09T17:15:54.562+0000] {logging_mixin.py:190} INFO - [2026-07-09T17:15:54.562+0000] {dagbag.py:588} INFO - Filling up the DagBag from /opt/airflow/dags/dag_extract_catalogs.py
[2026-07-09T17:15:54.567+0000] {processor.py:925} INFO - DAG(s) 'dag_extract_catalogs' retrieved from /opt/airflow/dags/dag_extract_catalogs.py
[2026-07-09T17:15:54.576+0000] {logging_mixin.py:190} INFO - [2026-07-09T17:15:54.576+0000] {dag.py:3239} INFO - Sync 1 DAGs
[2026-07-09T17:15:54.584+0000] {logging_mixin.py:190} INFO - [2026-07-09T17:15:54.584+0000] {dag.py:4180} INFO - Setting next_dagrun for dag_extract_catalogs to 2026-07-08 01:00:00+00:00, run_after=2026-07-09 01:00:00+00:00
[2026-07-09T17:15:54.588+0000] {processor.py:208} INFO - Processing /opt/airflow/dags/dag_extract_catalogs.py took 0.030 seconds
[2026-07-09T17:16:25.077+0000] {processor.py:186} INFO - Started process (PID=8983) to work on /opt/airflow/dags/dag_extract_catalogs.py
[2026-07-09T17:16:25.078+0000] {processor.py:914} INFO - Processing file /opt/airflow/dags/dag_extract_catalogs.py for tasks to queue
[2026-07-09T17:16:25.079+0000] {logging_mixin.py:190} INFO - [2026-07-09T17:16:25.079+0000] {dagbag.py:588} INFO - Filling up the DagBag from /opt/airflow/dags/dag_extract_catalogs.py
[2026-07-09T17:16:25.084+0000] {processor.py:925} INFO - DAG(s) 'dag_extract_catalogs' retrieved from /opt/airflow/dags/dag_extract_catalogs.py
[2026-07-09T17:16:25.094+0000] {logging_mixin.py:190} INFO - [2026-07-09T17:16:25.094+0000] {dag.py:3239} INFO - Sync 1 DAGs
[2026-07-09T17:16:25.101+0000] {logging_mixin.py:190} INFO - [2026-07-09T17:16:25.101+0000] {dag.py:4180} INFO - Setting next_dagrun for dag_extract_catalogs to 2026-07-08 01:00:00+00:00, run_after=2026-07-09 01:00:00+00:00
[2026-07-09T17:16:25.106+0000] {processor.py:208} INFO - Processing /opt/airflow/dags/dag_extract_catalogs.py took 0.031 seconds
[2026-07-09T17:16:55.557+0000] {processor.py:186} INFO - Started process (PID=9003) to work on /opt/airflow/dags/dag_extract_catalogs.py
[2026-07-09T17:16:55.557+0000] {processor.py:914} INFO - Processing file /opt/airflow/dags/dag_extract_catalogs.py for tasks to queue
[2026-07-09T17:16:55.558+0000] {logging_mixin.py:190} INFO - [2026-07-09T17:16:55.558+0000] {dagbag.py:588} INFO - Filling up the DagBag from /opt/airflow/dags/dag_extract_catalogs.py
[2026-07-09T17:16:55.563+0000] {processor.py:925} INFO - DAG(s) 'dag_extract_catalogs' retrieved from /opt/airflow/dags/dag_extract_catalogs.py
[2026-07-09T17:16:55.573+0000] {logging_mixin.py:190} INFO - [2026-07-09T17:16:55.573+0000] {dag.py:3239} INFO - Sync 1 DAGs
[2026-07-09T17:16:55.580+0000] {logging_mixin.py:190} INFO - [2026-07-09T17:16:55.580+0000] {dag.py:4180} INFO - Setting next_dagrun for dag_extract_catalogs to 2026-07-08 01:00:00+00:00, run_after=2026-07-09 01:00:00+00:00
[2026-07-09T17:16:55.585+0000] {processor.py:208} INFO - Processing /opt/airflow/dags/dag_extract_catalogs.py took 0.031 seconds
[2026-07-09T17:17:26.026+0000] {processor.py:186} INFO - Started process (PID=9023) to work on /opt/airflow/dags/dag_extract_catalogs.py
[2026-07-09T17:17:26.027+0000] {processor.py:914} INFO - Processing file /opt/airflow/dags/dag_extract_catalogs.py for tasks to queue
[2026-07-09T17:17:26.028+0000] {logging_mixin.py:190} INFO - [2026-07-09T17:17:26.027+0000] {dagbag.py:588} INFO - Filling up the DagBag from /opt/airflow/dags/dag_extract_catalogs.py
[2026-07-09T17:17:26.032+0000] {processor.py:925} INFO - DAG(s) 'dag_extract_catalogs' retrieved from /opt/airflow/dags/dag_extract_catalogs.py
[2026-07-09T17:17:26.042+0000] {logging_mixin.py:190} INFO - [2026-07-09T17:17:26.042+0000] {dag.py:3239} INFO - Sync 1 DAGs
[2026-07-09T17:17:26.049+0000] {logging_mixin.py:190} INFO - [2026-07-09T17:17:26.049+0000] {dag.py:4180} INFO - Setting next_dagrun for dag_extract_catalogs to 2026-07-08 01:00:00+00:00, run_after=2026-07-09 01:00:00+00:00
[2026-07-09T17:17:26.054+0000] {processor.py:208} INFO - Processing /opt/airflow/dags/dag_extract_catalogs.py took 0.030 seconds
[2026-07-09T17:17:56.481+0000] {processor.py:186} INFO - Started process (PID=9041) to work on /opt/airflow/dags/dag_extract_catalogs.py
[2026-07-09T17:17:56.481+0000] {processor.py:914} INFO - Processing file /opt/airflow/dags/dag_extract_catalogs.py for tasks to queue
[2026-07-09T17:17:56.483+0000] {logging_mixin.py:190} INFO - [2026-07-09T17:17:56.483+0000] {dagbag.py:588} INFO - Filling up the DagBag from /opt/airflow/dags/dag_extract_catalogs.py
[2026-07-09T17:17:56.489+0000] {processor.py:925} INFO - DAG(s) 'dag_extract_catalogs' retrieved from /opt/airflow/dags/dag_extract_catalogs.py
[2026-07-09T17:17:56.502+0000] {logging_mixin.py:190} INFO - [2026-07-09T17:17:56.502+0000] {dag.py:3239} INFO - Sync 1 DAGs
[2026-07-09T17:17:56.510+0000] {logging_mixin.py:190} INFO - [2026-07-09T17:17:56.510+0000] {dag.py:4180} INFO - Setting next_dagrun for dag_extract_catalogs to 2026-07-08 01:00:00+00:00, run_after=2026-07-09 01:00:00+00:00
[2026-07-09T17:17:56.515+0000] {processor.py:208} INFO - Processing /opt/airflow/dags/dag_extract_catalogs.py took 0.037 seconds
[2026-07-09T17:18:26.984+0000] {processor.py:186} INFO - Started process (PID=9061) to work on /opt/airflow/dags/dag_extract_catalogs.py
[2026-07-09T17:18:26.984+0000] {processor.py:914} INFO - Processing file /opt/airflow/dags/dag_extract_catalogs.py for tasks to queue
[2026-07-09T17:18:26.986+0000] {logging_mixin.py:190} INFO - [2026-07-09T17:18:26.985+0000] {dagbag.py:588} INFO - Filling up the DagBag from /opt/airflow/dags/dag_extract_catalogs.py
[2026-07-09T17:18:26.991+0000] {processor.py:925} INFO - DAG(s) 'dag_extract_catalogs' retrieved from /opt/airflow/dags/dag_extract_catalogs.py
[2026-07-09T17:18:27.003+0000] {logging_mixin.py:190} INFO - [2026-07-09T17:18:27.003+0000] {dag.py:3239} INFO - Sync 1 DAGs
[2026-07-09T17:18:27.013+0000] {logging_mixin.py:190} INFO - [2026-07-09T17:18:27.013+0000] {dag.py:4180} INFO - Setting next_dagrun for dag_extract_catalogs to 2026-07-08 01:00:00+00:00, run_after=2026-07-09 01:00:00+00:00
[2026-07-09T17:18:27.020+0000] {processor.py:208} INFO - Processing /opt/airflow/dags/dag_extract_catalogs.py took 0.038 seconds
[2026-07-09T17:18:57.535+0000] {processor.py:186} INFO - Started process (PID=9081) to work on /opt/airflow/dags/dag_extract_catalogs.py
[2026-07-09T17:18:57.536+0000] {processor.py:914} INFO - Processing file /opt/airflow/dags/dag_extract_catalogs.py for tasks to queue
[2026-07-09T17:18:57.537+0000] {logging_mixin.py:190} INFO - [2026-07-09T17:18:57.537+0000] {dagbag.py:588} INFO - Filling up the DagBag from /opt/airflow/dags/dag_extract_catalogs.py
[2026-07-09T17:18:57.544+0000] {processor.py:925} INFO - DAG(s) 'dag_extract_catalogs' retrieved from /opt/airflow/dags/dag_extract_catalogs.py
[2026-07-09T17:18:57.559+0000] {logging_mixin.py:190} INFO - [2026-07-09T17:18:57.559+0000] {dag.py:3239} INFO - Sync 1 DAGs
[2026-07-09T17:18:57.567+0000] {logging_mixin.py:190} INFO - [2026-07-09T17:18:57.567+0000] {dag.py:4180} INFO - Setting next_dagrun for dag_extract_catalogs to 2026-07-08 01:00:00+00:00, run_after=2026-07-09 01:00:00+00:00
[2026-07-09T17:18:57.573+0000] {processor.py:208} INFO - Processing /opt/airflow/dags/dag_extract_catalogs.py took 0.041 seconds
[2026-07-09T17:19:28.045+0000] {processor.py:186} INFO - Started process (PID=9103) to work on /opt/airflow/dags/dag_extract_catalogs.py
[2026-07-09T17:19:28.046+0000] {processor.py:914} INFO - Processing file /opt/airflow/dags/dag_extract_catalogs.py for tasks to queue
[2026-07-09T17:19:28.047+0000] {logging_mixin.py:190} INFO - [2026-07-09T17:19:28.046+0000] {dagbag.py:588} INFO - Filling up the DagBag from /opt/airflow/dags/dag_extract_catalogs.py
[2026-07-09T17:19:28.052+0000] {processor.py:925} INFO - DAG(s) 'dag_extract_catalogs' retrieved from /opt/airflow/dags/dag_extract_catalogs.py
[2026-07-09T17:19:28.062+0000] {logging_mixin.py:190} INFO - [2026-07-09T17:19:28.062+0000] {dag.py:3239} INFO - Sync 1 DAGs
[2026-07-09T17:19:28.069+0000] {logging_mixin.py:190} INFO - [2026-07-09T17:19:28.069+0000] {dag.py:4180} INFO - Setting next_dagrun for dag_extract_catalogs to 2026-07-08 01:00:00+00:00, run_after=2026-07-09 01:00:00+00:00
[2026-07-09T17:19:28.074+0000] {processor.py:208} INFO - Processing /opt/airflow/dags/dag_extract_catalogs.py took 0.031 seconds
[2026-07-09T17:19:58.560+0000] {processor.py:186} INFO - Started process (PID=9123) to work on /opt/airflow/dags/dag_extract_catalogs.py
[2026-07-09T17:19:58.561+0000] {processor.py:914} INFO - Processing file /opt/airflow/dags/dag_extract_catalogs.py for tasks to queue
[2026-07-09T17:19:58.562+0000] {logging_mixin.py:190} INFO - [2026-07-09T17:19:58.561+0000] {dagbag.py:588} INFO - Filling up the DagBag from /opt/airflow/dags/dag_extract_catalogs.py
[2026-07-09T17:19:58.566+0000] {processor.py:925} INFO - DAG(s) 'dag_extract_catalogs' retrieved from /opt/airflow/dags/dag_extract_catalogs.py
[2026-07-09T17:19:58.576+0000] {logging_mixin.py:190} INFO - [2026-07-09T17:19:58.576+0000] {dag.py:3239} INFO - Sync 1 DAGs
[2026-07-09T17:19:58.583+0000] {logging_mixin.py:190} INFO - [2026-07-09T17:19:58.583+0000] {dag.py:4180} INFO - Setting next_dagrun for dag_extract_catalogs to 2026-07-08 01:00:00+00:00, run_after=2026-07-09 01:00:00+00:00
[2026-07-09T17:19:58.588+0000] {processor.py:208} INFO - Processing /opt/airflow/dags/dag_extract_catalogs.py took 0.030 seconds
[2026-07-09T17:20:29.045+0000] {processor.py:186} INFO - Started process (PID=9143) to work on /opt/airflow/dags/dag_extract_catalogs.py
[2026-07-09T17:20:29.045+0000] {processor.py:914} INFO - Processing file /opt/airflow/dags/dag_extract_catalogs.py for tasks to queue
[2026-07-09T17:20:29.046+0000] {logging_mixin.py:190} INFO - [2026-07-09T17:20:29.046+0000] {dagbag.py:588} INFO - Filling up the DagBag from /opt/airflow/dags/dag_extract_catalogs.py
[2026-07-09T17:20:29.051+0000] {processor.py:925} INFO - DAG(s) 'dag_extract_catalogs' retrieved from /opt/airflow/dags/dag_extract_catalogs.py
[2026-07-09T17:20:29.061+0000] {logging_mixin.py:190} INFO - [2026-07-09T17:20:29.060+0000] {dag.py:3239} INFO - Sync 1 DAGs
[2026-07-09T17:20:29.068+0000] {logging_mixin.py:190} INFO - [2026-07-09T17:20:29.068+0000] {dag.py:4180} INFO - Setting next_dagrun for dag_extract_catalogs to 2026-07-08 01:00:00+00:00, run_after=2026-07-09 01:00:00+00:00
[2026-07-09T17:20:29.072+0000] {processor.py:208} INFO - Processing /opt/airflow/dags/dag_extract_catalogs.py took 0.030 seconds
[2026-07-09T17:20:59.585+0000] {processor.py:186} INFO - Started process (PID=9163) to work on /opt/airflow/dags/dag_extract_catalogs.py
[2026-07-09T17:20:59.585+0000] {processor.py:914} INFO - Processing file /opt/airflow/dags/dag_extract_catalogs.py for tasks to queue
[2026-07-09T17:20:59.586+0000] {logging_mixin.py:190} INFO - [2026-07-09T17:20:59.586+0000] {dagbag.py:588} INFO - Filling up the DagBag from /opt/airflow/dags/dag_extract_catalogs.py
[2026-07-09T17:20:59.591+0000] {processor.py:925} INFO - DAG(s) 'dag_extract_catalogs' retrieved from /opt/airflow/dags/dag_extract_catalogs.py
[2026-07-09T17:20:59.600+0000] {logging_mixin.py:190} INFO - [2026-07-09T17:20:59.600+0000] {dag.py:3239} INFO - Sync 1 DAGs
[2026-07-09T17:20:59.607+0000] {logging_mixin.py:190} INFO - [2026-07-09T17:20:59.607+0000] {dag.py:4180} INFO - Setting next_dagrun for dag_extract_catalogs to 2026-07-08 01:00:00+00:00, run_after=2026-07-09 01:00:00+00:00
[2026-07-09T17:20:59.612+0000] {processor.py:208} INFO - Processing /opt/airflow/dags/dag_extract_catalogs.py took 0.030 seconds
[2026-07-09T17:21:30.063+0000] {processor.py:186} INFO - Started process (PID=9183) to work on /opt/airflow/dags/dag_extract_catalogs.py
[2026-07-09T17:21:30.063+0000] {processor.py:914} INFO - Processing file /opt/airflow/dags/dag_extract_catalogs.py for tasks to queue
[2026-07-09T17:21:30.064+0000] {logging_mixin.py:190} INFO - [2026-07-09T17:21:30.064+0000] {dagbag.py:588} INFO - Filling up the DagBag from /opt/airflow/dags/dag_extract_catalogs.py
[2026-07-09T17:21:30.069+0000] {processor.py:925} INFO - DAG(s) 'dag_extract_catalogs' retrieved from /opt/airflow/dags/dag_extract_catalogs.py
[2026-07-09T17:21:30.079+0000] {logging_mixin.py:190} INFO - [2026-07-09T17:21:30.079+0000] {dag.py:3239} INFO - Sync 1 DAGs
[2026-07-09T17:21:30.086+0000] {logging_mixin.py:190} INFO - [2026-07-09T17:21:30.086+0000] {dag.py:4180} INFO - Setting next_dagrun for dag_extract_catalogs to 2026-07-08 01:00:00+00:00, run_after=2026-07-09 01:00:00+00:00
[2026-07-09T17:21:30.090+0000] {processor.py:208} INFO - Processing /opt/airflow/dags/dag_extract_catalogs.py took 0.030 seconds
[2026-07-09T17:22:00.524+0000] {processor.py:186} INFO - Started process (PID=9203) to work on /opt/airflow/dags/dag_extract_catalogs.py
[2026-07-09T17:22:00.525+0000] {processor.py:914} INFO - Processing file /opt/airflow/dags/dag_extract_catalogs.py for tasks to queue
[2026-07-09T17:22:00.526+0000] {logging_mixin.py:190} INFO - [2026-07-09T17:22:00.526+0000] {dagbag.py:588} INFO - Filling up the DagBag from /opt/airflow/dags/dag_extract_catalogs.py
[2026-07-09T17:22:00.530+0000] {processor.py:925} INFO - DAG(s) 'dag_extract_catalogs' retrieved from /opt/airflow/dags/dag_extract_catalogs.py
[2026-07-09T17:22:00.540+0000] {logging_mixin.py:190} INFO - [2026-07-09T17:22:00.540+0000] {dag.py:3239} INFO - Sync 1 DAGs
[2026-07-09T17:22:00.547+0000] {logging_mixin.py:190} INFO - [2026-07-09T17:22:00.547+0000] {dag.py:4180} INFO - Setting next_dagrun for dag_extract_catalogs to 2026-07-08 01:00:00+00:00, run_after=2026-07-09 01:00:00+00:00
[2026-07-09T17:22:00.552+0000] {processor.py:208} INFO - Processing /opt/airflow/dags/dag_extract_catalogs.py took 0.030 seconds
[2026-07-09T17:22:31.003+0000] {processor.py:186} INFO - Started process (PID=9223) to work on /opt/airflow/dags/dag_extract_catalogs.py
[2026-07-09T17:22:31.003+0000] {processor.py:914} INFO - Processing file /opt/airflow/dags/dag_extract_catalogs.py for tasks to queue
[2026-07-09T17:22:31.004+0000] {logging_mixin.py:190} INFO - [2026-07-09T17:22:31.004+0000] {dagbag.py:588} INFO - Filling up the DagBag from /opt/airflow/dags/dag_extract_catalogs.py
[2026-07-09T17:22:31.009+0000] {processor.py:925} INFO - DAG(s) 'dag_extract_catalogs' retrieved from /opt/airflow/dags/dag_extract_catalogs.py
[2026-07-09T17:22:31.019+0000] {logging_mixin.py:190} INFO - [2026-07-09T17:22:31.019+0000] {dag.py:3239} INFO - Sync 1 DAGs
[2026-07-09T17:22:31.026+0000] {logging_mixin.py:190} INFO - [2026-07-09T17:22:31.026+0000] {dag.py:4180} INFO - Setting next_dagrun for dag_extract_catalogs to 2026-07-08 01:00:00+00:00, run_after=2026-07-09 01:00:00+00:00
[2026-07-09T17:22:31.031+0000] {processor.py:208} INFO - Processing /opt/airflow/dags/dag_extract_catalogs.py took 0.030 seconds
[2026-07-09T17:23:01.512+0000] {processor.py:186} INFO - Started process (PID=9243) to work on /opt/airflow/dags/dag_extract_catalogs.py
[2026-07-09T17:23:01.513+0000] {processor.py:914} INFO - Processing file /opt/airflow/dags/dag_extract_catalogs.py for tasks to queue
[2026-07-09T17:23:01.514+0000] {logging_mixin.py:190} INFO - [2026-07-09T17:23:01.513+0000] {dagbag.py:588} INFO - Filling up the DagBag from /opt/airflow/dags/dag_extract_catalogs.py
[2026-07-09T17:23:01.518+0000] {processor.py:925} INFO - DAG(s) 'dag_extract_catalogs' retrieved from /opt/airflow/dags/dag_extract_catalogs.py
[2026-07-09T17:23:01.528+0000] {logging_mixin.py:190} INFO - [2026-07-09T17:23:01.528+0000] {dag.py:3239} INFO - Sync 1 DAGs
[2026-07-09T17:23:01.535+0000] {logging_mixin.py:190} INFO - [2026-07-09T17:23:01.535+0000] {dag.py:4180} INFO - Setting next_dagrun for dag_extract_catalogs to 2026-07-08 01:00:00+00:00, run_after=2026-07-09 01:00:00+00:00
[2026-07-09T17:23:01.540+0000] {processor.py:208} INFO - Processing /opt/airflow/dags/dag_extract_catalogs.py took 0.030 seconds
[2026-07-09T17:23:31.955+0000] {processor.py:186} INFO - Started process (PID=9261) to work on /opt/airflow/dags/dag_extract_catalogs.py
[2026-07-09T17:23:31.956+0000] {processor.py:914} INFO - Processing file /opt/airflow/dags/dag_extract_catalogs.py for tasks to queue
[2026-07-09T17:23:31.957+0000] {logging_mixin.py:190} INFO - [2026-07-09T17:23:31.957+0000] {dagbag.py:588} INFO - Filling up the DagBag from /opt/airflow/dags/dag_extract_catalogs.py
[2026-07-09T17:23:31.963+0000] {processor.py:925} INFO - DAG(s) 'dag_extract_catalogs' retrieved from /opt/airflow/dags/dag_extract_catalogs.py
[2026-07-09T17:23:31.975+0000] {logging_mixin.py:190} INFO - [2026-07-09T17:23:31.975+0000] {dag.py:3239} INFO - Sync 1 DAGs
[2026-07-09T17:23:31.985+0000] {logging_mixin.py:190} INFO - [2026-07-09T17:23:31.984+0000] {dag.py:4180} INFO - Setting next_dagrun for dag_extract_catalogs to 2026-07-08 01:00:00+00:00, run_after=2026-07-09 01:00:00+00:00
[2026-07-09T17:23:31.990+0000] {processor.py:208} INFO - Processing /opt/airflow/dags/dag_extract_catalogs.py took 0.037 seconds
[2026-07-09T17:24:02.468+0000] {processor.py:186} INFO - Started process (PID=9283) to work on /opt/airflow/dags/dag_extract_catalogs.py
[2026-07-09T17:24:02.468+0000] {processor.py:914} INFO - Processing file /opt/airflow/dags/dag_extract_catalogs.py for tasks to queue
[2026-07-09T17:24:02.469+0000] {logging_mixin.py:190} INFO - [2026-07-09T17:24:02.469+0000] {dagbag.py:588} INFO - Filling up the DagBag from /opt/airflow/dags/dag_extract_catalogs.py
[2026-07-09T17:24:02.474+0000] {processor.py:925} INFO - DAG(s) 'dag_extract_catalogs' retrieved from /opt/airflow/dags/dag_extract_catalogs.py
[2026-07-09T17:24:02.483+0000] {logging_mixin.py:190} INFO - [2026-07-09T17:24:02.483+0000] {dag.py:3239} INFO - Sync 1 DAGs
[2026-07-09T17:24:02.490+0000] {logging_mixin.py:190} INFO - [2026-07-09T17:24:02.490+0000] {dag.py:4180} INFO - Setting next_dagrun for dag_extract_catalogs to 2026-07-08 01:00:00+00:00, run_after=2026-07-09 01:00:00+00:00
[2026-07-09T17:24:02.495+0000] {processor.py:208} INFO - Processing /opt/airflow/dags/dag_extract_catalogs.py took 0.029 seconds
[2026-07-09T17:24:32.976+0000] {processor.py:186} INFO - Started process (PID=9303) to work on /opt/airflow/dags/dag_extract_catalogs.py
[2026-07-09T17:24:32.976+0000] {processor.py:914} INFO - Processing file /opt/airflow/dags/dag_extract_catalogs.py for tasks to queue
[2026-07-09T17:24:32.977+0000] {logging_mixin.py:190} INFO - [2026-07-09T17:24:32.977+0000] {dagbag.py:588} INFO - Filling up the DagBag from /opt/airflow/dags/dag_extract_catalogs.py
[2026-07-09T17:24:32.982+0000] {processor.py:925} INFO - DAG(s) 'dag_extract_catalogs' retrieved from /opt/airflow/dags/dag_extract_catalogs.py
[2026-07-09T17:24:32.992+0000] {logging_mixin.py:190} INFO - [2026-07-09T17:24:32.991+0000] {dag.py:3239} INFO - Sync 1 DAGs
[2026-07-09T17:24:32.998+0000] {logging_mixin.py:190} INFO - [2026-07-09T17:24:32.998+0000] {dag.py:4180} INFO - Setting next_dagrun for dag_extract_catalogs to 2026-07-08 01:00:00+00:00, run_after=2026-07-09 01:00:00+00:00
[2026-07-09T17:24:33.003+0000] {processor.py:208} INFO - Processing /opt/airflow/dags/dag_extract_catalogs.py took 0.029 seconds
[2026-07-09T17:25:03.511+0000] {processor.py:186} INFO - Started process (PID=9323) to work on /opt/airflow/dags/dag_extract_catalogs.py
[2026-07-09T17:25:03.512+0000] {processor.py:914} INFO - Processing file /opt/airflow/dags/dag_extract_catalogs.py for tasks to queue
[2026-07-09T17:25:03.513+0000] {logging_mixin.py:190} INFO - [2026-07-09T17:25:03.512+0000] {dagbag.py:588} INFO - Filling up the DagBag from /opt/airflow/dags/dag_extract_catalogs.py
[2026-07-09T17:25:03.518+0000] {processor.py:925} INFO - DAG(s) 'dag_extract_catalogs' retrieved from /opt/airflow/dags/dag_extract_catalogs.py
[2026-07-09T17:25:03.527+0000] {logging_mixin.py:190} INFO - [2026-07-09T17:25:03.527+0000] {dag.py:3239} INFO - Sync 1 DAGs
[2026-07-09T17:25:03.535+0000] {logging_mixin.py:190} INFO - [2026-07-09T17:25:03.534+0000] {dag.py:4180} INFO - Setting next_dagrun for dag_extract_catalogs to 2026-07-08 01:00:00+00:00, run_after=2026-07-09 01:00:00+00:00
[2026-07-09T17:25:03.539+0000] {processor.py:208} INFO - Processing /opt/airflow/dags/dag_extract_catalogs.py took 0.030 seconds
[2026-07-09T17:25:34.022+0000] {processor.py:186} INFO - Started process (PID=9343) to work on /opt/airflow/dags/dag_extract_catalogs.py
[2026-07-09T17:25:34.022+0000] {processor.py:914} INFO - Processing file /opt/airflow/dags/dag_extract_catalogs.py for tasks to queue
[2026-07-09T17:25:34.023+0000] {logging_mixin.py:190} INFO - [2026-07-09T17:25:34.023+0000] {dagbag.py:588} INFO - Filling up the DagBag from /opt/airflow/dags/dag_extract_catalogs.py
[2026-07-09T17:25:34.028+0000] {processor.py:925} INFO - DAG(s) 'dag_extract_catalogs' retrieved from /opt/airflow/dags/dag_extract_catalogs.py
[2026-07-09T17:25:34.037+0000] {logging_mixin.py:190} INFO - [2026-07-09T17:25:34.037+0000] {dag.py:3239} INFO - Sync 1 DAGs
[2026-07-09T17:25:34.044+0000] {logging_mixin.py:190} INFO - [2026-07-09T17:25:34.044+0000] {dag.py:4180} INFO - Setting next_dagrun for dag_extract_catalogs to 2026-07-08 01:00:00+00:00, run_after=2026-07-09 01:00:00+00:00
[2026-07-09T17:25:34.049+0000] {processor.py:208} INFO - Processing /opt/airflow/dags/dag_extract_catalogs.py took 0.029 seconds
[2026-07-09T17:26:04.555+0000] {processor.py:186} INFO - Started process (PID=9363) to work on /opt/airflow/dags/dag_extract_catalogs.py
[2026-07-09T17:26:04.555+0000] {processor.py:914} INFO - Processing file /opt/airflow/dags/dag_extract_catalogs.py for tasks to queue
[2026-07-09T17:26:04.556+0000] {logging_mixin.py:190} INFO - [2026-07-09T17:26:04.556+0000] {dagbag.py:588} INFO - Filling up the DagBag from /opt/airflow/dags/dag_extract_catalogs.py
[2026-07-09T17:26:04.561+0000] {processor.py:925} INFO - DAG(s) 'dag_extract_catalogs' retrieved from /opt/airflow/dags/dag_extract_catalogs.py
[2026-07-09T17:26:04.571+0000] {logging_mixin.py:190} INFO - [2026-07-09T17:26:04.571+0000] {dag.py:3239} INFO - Sync 1 DAGs
[2026-07-09T17:26:04.578+0000] {logging_mixin.py:190} INFO - [2026-07-09T17:26:04.577+0000] {dag.py:4180} INFO - Setting next_dagrun for dag_extract_catalogs to 2026-07-08 01:00:00+00:00, run_after=2026-07-09 01:00:00+00:00
[2026-07-09T17:26:04.582+0000] {processor.py:208} INFO - Processing /opt/airflow/dags/dag_extract_catalogs.py took 0.030 seconds
[2026-07-09T17:26:34.998+0000] {processor.py:186} INFO - Started process (PID=9383) to work on /opt/airflow/dags/dag_extract_catalogs.py
[2026-07-09T17:26:34.999+0000] {processor.py:914} INFO - Processing file /opt/airflow/dags/dag_extract_catalogs.py for tasks to queue
[2026-07-09T17:26:34.999+0000] {logging_mixin.py:190} INFO - [2026-07-09T17:26:34.999+0000] {dagbag.py:588} INFO - Filling up the DagBag from /opt/airflow/dags/dag_extract_catalogs.py
[2026-07-09T17:26:35.004+0000] {processor.py:925} INFO - DAG(s) 'dag_extract_catalogs' retrieved from /opt/airflow/dags/dag_extract_catalogs.py
[2026-07-09T17:26:35.014+0000] {logging_mixin.py:190} INFO - [2026-07-09T17:26:35.014+0000] {dag.py:3239} INFO - Sync 1 DAGs
[2026-07-09T17:26:35.021+0000] {logging_mixin.py:190} INFO - [2026-07-09T17:26:35.021+0000] {dag.py:4180} INFO - Setting next_dagrun for dag_extract_catalogs to 2026-07-08 01:00:00+00:00, run_after=2026-07-09 01:00:00+00:00
[2026-07-09T17:26:35.025+0000] {processor.py:208} INFO - Processing /opt/airflow/dags/dag_extract_catalogs.py took 0.030 seconds
[2026-07-09T17:27:05.457+0000] {processor.py:186} INFO - Started process (PID=9403) to work on /opt/airflow/dags/dag_extract_catalogs.py
[2026-07-09T17:27:05.458+0000] {processor.py:914} INFO - Processing file /opt/airflow/dags/dag_extract_catalogs.py for tasks to queue
[2026-07-09T17:27:05.458+0000] {logging_mixin.py:190} INFO - [2026-07-09T17:27:05.458+0000] {dagbag.py:588} INFO - Filling up the DagBag from /opt/airflow/dags/dag_extract_catalogs.py
[2026-07-09T17:27:05.463+0000] {processor.py:925} INFO - DAG(s) 'dag_extract_catalogs' retrieved from /opt/airflow/dags/dag_extract_catalogs.py
[2026-07-09T17:27:05.473+0000] {logging_mixin.py:190} INFO - [2026-07-09T17:27:05.473+0000] {dag.py:3239} INFO - Sync 1 DAGs
[2026-07-09T17:27:05.480+0000] {logging_mixin.py:190} INFO - [2026-07-09T17:27:05.480+0000] {dag.py:4180} INFO - Setting next_dagrun for dag_extract_catalogs to 2026-07-08 01:00:00+00:00, run_after=2026-07-09 01:00:00+00:00
[2026-07-09T17:27:05.484+0000] {processor.py:208} INFO - Processing /opt/airflow/dags/dag_extract_catalogs.py took 0.029 seconds
[2026-07-09T17:27:35.942+0000] {processor.py:186} INFO - Started process (PID=9423) to work on /opt/airflow/dags/dag_extract_catalogs.py
[2026-07-09T17:27:35.942+0000] {processor.py:914} INFO - Processing file /opt/airflow/dags/dag_extract_catalogs.py for tasks to queue
[2026-07-09T17:27:35.943+0000] {logging_mixin.py:190} INFO - [2026-07-09T17:27:35.943+0000] {dagbag.py:588} INFO - Filling up the DagBag from /opt/airflow/dags/dag_extract_catalogs.py
[2026-07-09T17:27:35.948+0000] {processor.py:925} INFO - DAG(s) 'dag_extract_catalogs' retrieved from /opt/airflow/dags/dag_extract_catalogs.py
[2026-07-09T17:27:35.958+0000] {logging_mixin.py:190} INFO - [2026-07-09T17:27:35.958+0000] {dag.py:3239} INFO - Sync 1 DAGs
[2026-07-09T17:27:35.965+0000] {logging_mixin.py:190} INFO - [2026-07-09T17:27:35.965+0000] {dag.py:4180} INFO - Setting next_dagrun for dag_extract_catalogs to 2026-07-08 01:00:00+00:00, run_after=2026-07-09 01:00:00+00:00
[2026-07-09T17:27:35.970+0000] {processor.py:208} INFO - Processing /opt/airflow/dags/dag_extract_catalogs.py took 0.031 seconds
[2026-07-09T17:28:06.420+0000] {processor.py:186} INFO - Started process (PID=9441) to work on /opt/airflow/dags/dag_extract_catalogs.py
[2026-07-09T17:28:06.421+0000] {processor.py:914} INFO - Processing file /opt/airflow/dags/dag_extract_catalogs.py for tasks to queue
[2026-07-09T17:28:06.422+0000] {logging_mixin.py:190} INFO - [2026-07-09T17:28:06.422+0000] {dagbag.py:588} INFO - Filling up the DagBag from /opt/airflow/dags/dag_extract_catalogs.py
[2026-07-09T17:28:06.428+0000] {processor.py:925} INFO - DAG(s) 'dag_extract_catalogs' retrieved from /opt/airflow/dags/dag_extract_catalogs.py
[2026-07-09T17:28:06.442+0000] {logging_mixin.py:190} INFO - [2026-07-09T17:28:06.442+0000] {dag.py:3239} INFO - Sync 1 DAGs
[2026-07-09T17:28:06.451+0000] {logging_mixin.py:190} INFO - [2026-07-09T17:28:06.451+0000] {dag.py:4180} INFO - Setting next_dagrun for dag_extract_catalogs to 2026-07-08 01:00:00+00:00, run_after=2026-07-09 01:00:00+00:00
[2026-07-09T17:28:06.455+0000] {processor.py:208} INFO - Processing /opt/airflow/dags/dag_extract_catalogs.py took 0.038 seconds
[2026-07-09T17:28:36.926+0000] {processor.py:186} INFO - Started process (PID=9461) to work on /opt/airflow/dags/dag_extract_catalogs.py
[2026-07-09T17:28:36.926+0000] {processor.py:914} INFO - Processing file /opt/airflow/dags/dag_extract_catalogs.py for tasks to queue
[2026-07-09T17:28:36.928+0000] {logging_mixin.py:190} INFO - [2026-07-09T17:28:36.928+0000] {dagbag.py:588} INFO - Filling up the DagBag from /opt/airflow/dags/dag_extract_catalogs.py
[2026-07-09T17:28:36.934+0000] {processor.py:925} INFO - DAG(s) 'dag_extract_catalogs' retrieved from /opt/airflow/dags/dag_extract_catalogs.py
[2026-07-09T17:28:36.949+0000] {logging_mixin.py:190} INFO - [2026-07-09T17:28:36.949+0000] {dag.py:3239} INFO - Sync 1 DAGs
[2026-07-09T17:28:36.958+0000] {logging_mixin.py:190} INFO - [2026-07-09T17:28:36.958+0000] {dag.py:4180} INFO - Setting next_dagrun for dag_extract_catalogs to 2026-07-08 01:00:00+00:00, run_after=2026-07-09 01:00:00+00:00
[2026-07-09T17:28:36.963+0000] {processor.py:208} INFO - Processing /opt/airflow/dags/dag_extract_catalogs.py took 0.040 seconds
[2026-07-09T17:29:07.473+0000] {processor.py:186} INFO - Started process (PID=9483) to work on /opt/airflow/dags/dag_extract_catalogs.py
[2026-07-09T17:29:07.474+0000] {processor.py:914} INFO - Processing file /opt/airflow/dags/dag_extract_catalogs.py for tasks to queue
[2026-07-09T17:29:07.475+0000] {logging_mixin.py:190} INFO - [2026-07-09T17:29:07.475+0000] {dagbag.py:588} INFO - Filling up the DagBag from /opt/airflow/dags/dag_extract_catalogs.py
[2026-07-09T17:29:07.480+0000] {processor.py:925} INFO - DAG(s) 'dag_extract_catalogs' retrieved from /opt/airflow/dags/dag_extract_catalogs.py
[2026-07-09T17:29:07.489+0000] {logging_mixin.py:190} INFO - [2026-07-09T17:29:07.489+0000] {dag.py:3239} INFO - Sync 1 DAGs
[2026-07-09T17:29:07.496+0000] {logging_mixin.py:190} INFO - [2026-07-09T17:29:07.496+0000] {dag.py:4180} INFO - Setting next_dagrun for dag_extract_catalogs to 2026-07-08 01:00:00+00:00, run_after=2026-07-09 01:00:00+00:00
[2026-07-09T17:29:07.500+0000] {processor.py:208} INFO - Processing /opt/airflow/dags/dag_extract_catalogs.py took 0.030 seconds
[2026-07-09T17:29:37.935+0000] {processor.py:186} INFO - Started process (PID=9501) to work on /opt/airflow/dags/dag_extract_catalogs.py
[2026-07-09T17:29:37.936+0000] {processor.py:914} INFO - Processing file /opt/airflow/dags/dag_extract_catalogs.py for tasks to queue
[2026-07-09T17:29:37.938+0000] {logging_mixin.py:190} INFO - [2026-07-09T17:29:37.937+0000] {dagbag.py:588} INFO - Filling up the DagBag from /opt/airflow/dags/dag_extract_catalogs.py
[2026-07-09T17:29:37.943+0000] {processor.py:925} INFO - DAG(s) 'dag_extract_catalogs' retrieved from /opt/airflow/dags/dag_extract_catalogs.py
[2026-07-09T17:29:37.958+0000] {logging_mixin.py:190} INFO - [2026-07-09T17:29:37.958+0000] {dag.py:3239} INFO - Sync 1 DAGs
[2026-07-09T17:29:37.967+0000] {logging_mixin.py:190} INFO - [2026-07-09T17:29:37.967+0000] {dag.py:4180} INFO - Setting next_dagrun for dag_extract_catalogs to 2026-07-08 01:00:00+00:00, run_after=2026-07-09 01:00:00+00:00
[2026-07-09T17:29:37.972+0000] {processor.py:208} INFO - Processing /opt/airflow/dags/dag_extract_catalogs.py took 0.039 seconds
[2026-07-09T17:30:08.490+0000] {processor.py:186} INFO - Started process (PID=9523) to work on /opt/airflow/dags/dag_extract_catalogs.py
[2026-07-09T17:30:08.490+0000] {processor.py:914} INFO - Processing file /opt/airflow/dags/dag_extract_catalogs.py for tasks to queue
[2026-07-09T17:30:08.491+0000] {logging_mixin.py:190} INFO - [2026-07-09T17:30:08.491+0000] {dagbag.py:588} INFO - Filling up the DagBag from /opt/airflow/dags/dag_extract_catalogs.py
[2026-07-09T17:30:08.495+0000] {processor.py:925} INFO - DAG(s) 'dag_extract_catalogs' retrieved from /opt/airflow/dags/dag_extract_catalogs.py
[2026-07-09T17:30:08.505+0000] {logging_mixin.py:190} INFO - [2026-07-09T17:30:08.505+0000] {dag.py:3239} INFO - Sync 1 DAGs
[2026-07-09T17:30:08.512+0000] {logging_mixin.py:190} INFO - [2026-07-09T17:30:08.512+0000] {dag.py:4180} INFO - Setting next_dagrun for dag_extract_catalogs to 2026-07-08 01:00:00+00:00, run_after=2026-07-09 01:00:00+00:00
[2026-07-09T17:30:08.516+0000] {processor.py:208} INFO - Processing /opt/airflow/dags/dag_extract_catalogs.py took 0.029 seconds
[2026-07-09T17:30:38.908+0000] {processor.py:186} INFO - Started process (PID=9541) to work on /opt/airflow/dags/dag_extract_catalogs.py
[2026-07-09T17:30:38.908+0000] {processor.py:914} INFO - Processing file /opt/airflow/dags/dag_extract_catalogs.py for tasks to queue
[2026-07-09T17:30:38.909+0000] {logging_mixin.py:190} INFO - [2026-07-09T17:30:38.909+0000] {dagbag.py:588} INFO - Filling up the DagBag from /opt/airflow/dags/dag_extract_catalogs.py
[2026-07-09T17:30:38.916+0000] {processor.py:925} INFO - DAG(s) 'dag_extract_catalogs' retrieved from /opt/airflow/dags/dag_extract_catalogs.py
[2026-07-09T17:30:38.929+0000] {logging_mixin.py:190} INFO - [2026-07-09T17:30:38.929+0000] {dag.py:3239} INFO - Sync 1 DAGs
[2026-07-09T17:30:38.937+0000] {logging_mixin.py:190} INFO - [2026-07-09T17:30:38.936+0000] {dag.py:4180} INFO - Setting next_dagrun for dag_extract_catalogs to 2026-07-08 01:00:00+00:00, run_after=2026-07-09 01:00:00+00:00
[2026-07-09T17:30:38.945+0000] {processor.py:208} INFO - Processing /opt/airflow/dags/dag_extract_catalogs.py took 0.040 seconds
[2026-07-09T17:31:09.450+0000] {processor.py:186} INFO - Started process (PID=9563) to work on /opt/airflow/dags/dag_extract_catalogs.py
[2026-07-09T17:31:09.451+0000] {processor.py:914} INFO - Processing file /opt/airflow/dags/dag_extract_catalogs.py for tasks to queue
[2026-07-09T17:31:09.452+0000] {logging_mixin.py:190} INFO - [2026-07-09T17:31:09.452+0000] {dagbag.py:588} INFO - Filling up the DagBag from /opt/airflow/dags/dag_extract_catalogs.py
[2026-07-09T17:31:09.456+0000] {processor.py:925} INFO - DAG(s) 'dag_extract_catalogs' retrieved from /opt/airflow/dags/dag_extract_catalogs.py
[2026-07-09T17:31:09.466+0000] {logging_mixin.py:190} INFO - [2026-07-09T17:31:09.466+0000] {dag.py:3239} INFO - Sync 1 DAGs
[2026-07-09T17:31:09.473+0000] {logging_mixin.py:190} INFO - [2026-07-09T17:31:09.473+0000] {dag.py:4180} INFO - Setting next_dagrun for dag_extract_catalogs to 2026-07-08 01:00:00+00:00, run_after=2026-07-09 01:00:00+00:00
[2026-07-09T17:31:09.478+0000] {processor.py:208} INFO - Processing /opt/airflow/dags/dag_extract_catalogs.py took 0.030 seconds
[2026-07-09T17:31:39.937+0000] {processor.py:186} INFO - Started process (PID=9583) to work on /opt/airflow/dags/dag_extract_catalogs.py
[2026-07-09T17:31:39.938+0000] {processor.py:914} INFO - Processing file /opt/airflow/dags/dag_extract_catalogs.py for tasks to queue
[2026-07-09T17:31:39.938+0000] {logging_mixin.py:190} INFO - [2026-07-09T17:31:39.938+0000] {dagbag.py:588} INFO - Filling up the DagBag from /opt/airflow/dags/dag_extract_catalogs.py
[2026-07-09T17:31:39.943+0000] {processor.py:925} INFO - DAG(s) 'dag_extract_catalogs' retrieved from /opt/airflow/dags/dag_extract_catalogs.py
[2026-07-09T17:31:39.953+0000] {logging_mixin.py:190} INFO - [2026-07-09T17:31:39.952+0000] {dag.py:3239} INFO - Sync 1 DAGs
[2026-07-09T17:31:39.959+0000] {logging_mixin.py:190} INFO - [2026-07-09T17:31:39.959+0000] {dag.py:4180} INFO - Setting next_dagrun for dag_extract_catalogs to 2026-07-08 01:00:00+00:00, run_after=2026-07-09 01:00:00+00:00
[2026-07-09T17:31:39.964+0000] {processor.py:208} INFO - Processing /opt/airflow/dags/dag_extract_catalogs.py took 0.029 seconds
[2026-07-09T17:32:10.411+0000] {processor.py:186} INFO - Started process (PID=9603) to work on /opt/airflow/dags/dag_extract_catalogs.py
[2026-07-09T17:32:10.412+0000] {processor.py:914} INFO - Processing file /opt/airflow/dags/dag_extract_catalogs.py for tasks to queue
[2026-07-09T17:32:10.412+0000] {logging_mixin.py:190} INFO - [2026-07-09T17:32:10.412+0000] {dagbag.py:588} INFO - Filling up the DagBag from /opt/airflow/dags/dag_extract_catalogs.py
[2026-07-09T17:32:10.417+0000] {processor.py:925} INFO - DAG(s) 'dag_extract_catalogs' retrieved from /opt/airflow/dags/dag_extract_catalogs.py
[2026-07-09T17:32:10.427+0000] {logging_mixin.py:190} INFO - [2026-07-09T17:32:10.427+0000] {dag.py:3239} INFO - Sync 1 DAGs
[2026-07-09T17:32:10.434+0000] {logging_mixin.py:190} INFO - [2026-07-09T17:32:10.434+0000] {dag.py:4180} INFO - Setting next_dagrun for dag_extract_catalogs to 2026-07-08 01:00:00+00:00, run_after=2026-07-09 01:00:00+00:00
[2026-07-09T17:32:10.439+0000] {processor.py:208} INFO - Processing /opt/airflow/dags/dag_extract_catalogs.py took 0.030 seconds
[2026-07-09T17:32:40.927+0000] {processor.py:186} INFO - Started process (PID=9623) to work on /opt/airflow/dags/dag_extract_catalogs.py
[2026-07-09T17:32:40.927+0000] {processor.py:914} INFO - Processing file /opt/airflow/dags/dag_extract_catalogs.py for tasks to queue
[2026-07-09T17:32:40.928+0000] {logging_mixin.py:190} INFO - [2026-07-09T17:32:40.928+0000] {dagbag.py:588} INFO - Filling up the DagBag from /opt/airflow/dags/dag_extract_catalogs.py
[2026-07-09T17:32:40.933+0000] {processor.py:925} INFO - DAG(s) 'dag_extract_catalogs' retrieved from /opt/airflow/dags/dag_extract_catalogs.py
[2026-07-09T17:32:40.942+0000] {logging_mixin.py:190} INFO - [2026-07-09T17:32:40.942+0000] {dag.py:3239} INFO - Sync 1 DAGs
[2026-07-09T17:32:40.950+0000] {logging_mixin.py:190} INFO - [2026-07-09T17:32:40.950+0000] {dag.py:4180} INFO - Setting next_dagrun for dag_extract_catalogs to 2026-07-08 01:00:00+00:00, run_after=2026-07-09 01:00:00+00:00
[2026-07-09T17:32:40.954+0000] {processor.py:208} INFO - Processing /opt/airflow/dags/dag_extract_catalogs.py took 0.030 seconds
[2026-07-09T17:33:11.357+0000] {processor.py:186} INFO - Started process (PID=9643) to work on /opt/airflow/dags/dag_extract_catalogs.py
[2026-07-09T17:33:11.358+0000] {processor.py:914} INFO - Processing file /opt/airflow/dags/dag_extract_catalogs.py for tasks to queue
[2026-07-09T17:33:11.358+0000] {logging_mixin.py:190} INFO - [2026-07-09T17:33:11.358+0000] {dagbag.py:588} INFO - Filling up the DagBag from /opt/airflow/dags/dag_extract_catalogs.py
[2026-07-09T17:33:11.363+0000] {processor.py:925} INFO - DAG(s) 'dag_extract_catalogs' retrieved from /opt/airflow/dags/dag_extract_catalogs.py
[2026-07-09T17:33:11.373+0000] {logging_mixin.py:190} INFO - [2026-07-09T17:33:11.373+0000] {dag.py:3239} INFO - Sync 1 DAGs
[2026-07-09T17:33:11.380+0000] {logging_mixin.py:190} INFO - [2026-07-09T17:33:11.380+0000] {dag.py:4180} INFO - Setting next_dagrun for dag_extract_catalogs to 2026-07-08 01:00:00+00:00, run_after=2026-07-09 01:00:00+00:00
[2026-07-09T17:33:11.384+0000] {processor.py:208} INFO - Processing /opt/airflow/dags/dag_extract_catalogs.py took 0.030 seconds
[2026-07-09T17:33:41.861+0000] {processor.py:186} INFO - Started process (PID=9663) to work on /opt/airflow/dags/dag_extract_catalogs.py
[2026-07-09T17:33:41.862+0000] {processor.py:914} INFO - Processing file /opt/airflow/dags/dag_extract_catalogs.py for tasks to queue
[2026-07-09T17:33:41.863+0000] {logging_mixin.py:190} INFO - [2026-07-09T17:33:41.862+0000] {dagbag.py:588} INFO - Filling up the DagBag from /opt/airflow/dags/dag_extract_catalogs.py
[2026-07-09T17:33:41.867+0000] {processor.py:925} INFO - DAG(s) 'dag_extract_catalogs' retrieved from /opt/airflow/dags/dag_extract_catalogs.py
[2026-07-09T17:33:41.877+0000] {logging_mixin.py:190} INFO - [2026-07-09T17:33:41.877+0000] {dag.py:3239} INFO - Sync 1 DAGs
[2026-07-09T17:33:41.884+0000] {logging_mixin.py:190} INFO - [2026-07-09T17:33:41.883+0000] {dag.py:4180} INFO - Setting next_dagrun for dag_extract_catalogs to 2026-07-08 01:00:00+00:00, run_after=2026-07-09 01:00:00+00:00
[2026-07-09T17:33:41.888+0000] {processor.py:208} INFO - Processing /opt/airflow/dags/dag_extract_catalogs.py took 0.029 seconds
[2026-07-09T17:34:12.398+0000] {processor.py:186} INFO - Started process (PID=9683) to work on /opt/airflow/dags/dag_extract_catalogs.py
[2026-07-09T17:34:12.399+0000] {processor.py:914} INFO - Processing file /opt/airflow/dags/dag_extract_catalogs.py for tasks to queue
[2026-07-09T17:34:12.400+0000] {logging_mixin.py:190} INFO - [2026-07-09T17:34:12.400+0000] {dagbag.py:588} INFO - Filling up the DagBag from /opt/airflow/dags/dag_extract_catalogs.py
[2026-07-09T17:34:12.404+0000] {processor.py:925} INFO - DAG(s) 'dag_extract_catalogs' retrieved from /opt/airflow/dags/dag_extract_catalogs.py
[2026-07-09T17:34:12.414+0000] {logging_mixin.py:190} INFO - [2026-07-09T17:34:12.414+0000] {dag.py:3239} INFO - Sync 1 DAGs
[2026-07-09T17:34:12.422+0000] {logging_mixin.py:190} INFO - [2026-07-09T17:34:12.421+0000] {dag.py:4180} INFO - Setting next_dagrun for dag_extract_catalogs to 2026-07-08 01:00:00+00:00, run_after=2026-07-09 01:00:00+00:00
[2026-07-09T17:34:12.426+0000] {processor.py:208} INFO - Processing /opt/airflow/dags/dag_extract_catalogs.py took 0.030 seconds
[2026-07-09T17:34:42.872+0000] {processor.py:186} INFO - Started process (PID=9703) to work on /opt/airflow/dags/dag_extract_catalogs.py
[2026-07-09T17:34:42.872+0000] {processor.py:914} INFO - Processing file /opt/airflow/dags/dag_extract_catalogs.py for tasks to queue
[2026-07-09T17:34:42.873+0000] {logging_mixin.py:190} INFO - [2026-07-09T17:34:42.873+0000] {dagbag.py:588} INFO - Filling up the DagBag from /opt/airflow/dags/dag_extract_catalogs.py
[2026-07-09T17:34:42.878+0000] {processor.py:925} INFO - DAG(s) 'dag_extract_catalogs' retrieved from /opt/airflow/dags/dag_extract_catalogs.py
[2026-07-09T17:34:42.888+0000] {logging_mixin.py:190} INFO - [2026-07-09T17:34:42.888+0000] {dag.py:3239} INFO - Sync 1 DAGs
[2026-07-09T17:34:42.895+0000] {logging_mixin.py:190} INFO - [2026-07-09T17:34:42.895+0000] {dag.py:4180} INFO - Setting next_dagrun for dag_extract_catalogs to 2026-07-08 01:00:00+00:00, run_after=2026-07-09 01:00:00+00:00
[2026-07-09T17:34:42.900+0000] {processor.py:208} INFO - Processing /opt/airflow/dags/dag_extract_catalogs.py took 0.030 seconds
[2026-07-09T17:35:13.306+0000] {processor.py:186} INFO - Started process (PID=9723) to work on /opt/airflow/dags/dag_extract_catalogs.py
[2026-07-09T17:35:13.307+0000] {processor.py:914} INFO - Processing file /opt/airflow/dags/dag_extract_catalogs.py for tasks to queue
[2026-07-09T17:35:13.308+0000] {logging_mixin.py:190} INFO - [2026-07-09T17:35:13.307+0000] {dagbag.py:588} INFO - Filling up the DagBag from /opt/airflow/dags/dag_extract_catalogs.py
[2026-07-09T17:35:13.312+0000] {processor.py:925} INFO - DAG(s) 'dag_extract_catalogs' retrieved from /opt/airflow/dags/dag_extract_catalogs.py
[2026-07-09T17:35:13.322+0000] {logging_mixin.py:190} INFO - [2026-07-09T17:35:13.322+0000] {dag.py:3239} INFO - Sync 1 DAGs
[2026-07-09T17:35:13.329+0000] {logging_mixin.py:190} INFO - [2026-07-09T17:35:13.329+0000] {dag.py:4180} INFO - Setting next_dagrun for dag_extract_catalogs to 2026-07-08 01:00:00+00:00, run_after=2026-07-09 01:00:00+00:00
[2026-07-09T17:35:13.334+0000] {processor.py:208} INFO - Processing /opt/airflow/dags/dag_extract_catalogs.py took 0.030 seconds
[2026-07-09T17:35:43.796+0000] {processor.py:186} INFO - Started process (PID=9743) to work on /opt/airflow/dags/dag_extract_catalogs.py
[2026-07-09T17:35:43.796+0000] {processor.py:914} INFO - Processing file /opt/airflow/dags/dag_extract_catalogs.py for tasks to queue
[2026-07-09T17:35:43.797+0000] {logging_mixin.py:190} INFO - [2026-07-09T17:35:43.797+0000] {dagbag.py:588} INFO - Filling up the DagBag from /opt/airflow/dags/dag_extract_catalogs.py
[2026-07-09T17:35:43.801+0000] {processor.py:925} INFO - DAG(s) 'dag_extract_catalogs' retrieved from /opt/airflow/dags/dag_extract_catalogs.py
[2026-07-09T17:35:43.811+0000] {logging_mixin.py:190} INFO - [2026-07-09T17:35:43.811+0000] {dag.py:3239} INFO - Sync 1 DAGs
[2026-07-09T17:35:43.819+0000] {logging_mixin.py:190} INFO - [2026-07-09T17:35:43.818+0000] {dag.py:4180} INFO - Setting next_dagrun for dag_extract_catalogs to 2026-07-08 01:00:00+00:00, run_after=2026-07-09 01:00:00+00:00
[2026-07-09T17:35:43.823+0000] {processor.py:208} INFO - Processing /opt/airflow/dags/dag_extract_catalogs.py took 0.030 seconds
[2026-07-09T17:36:14.313+0000] {processor.py:186} INFO - Started process (PID=9763) to work on /opt/airflow/dags/dag_extract_catalogs.py
[2026-07-09T17:36:14.313+0000] {processor.py:914} INFO - Processing file /opt/airflow/dags/dag_extract_catalogs.py for tasks to queue
[2026-07-09T17:36:14.314+0000] {logging_mixin.py:190} INFO - [2026-07-09T17:36:14.314+0000] {dagbag.py:588} INFO - Filling up the DagBag from /opt/airflow/dags/dag_extract_catalogs.py
[2026-07-09T17:36:14.319+0000] {processor.py:925} INFO - DAG(s) 'dag_extract_catalogs' retrieved from /opt/airflow/dags/dag_extract_catalogs.py
[2026-07-09T17:36:14.329+0000] {logging_mixin.py:190} INFO - [2026-07-09T17:36:14.329+0000] {dag.py:3239} INFO - Sync 1 DAGs
[2026-07-09T17:36:14.336+0000] {logging_mixin.py:190} INFO - [2026-07-09T17:36:14.335+0000] {dag.py:4180} INFO - Setting next_dagrun for dag_extract_catalogs to 2026-07-08 01:00:00+00:00, run_after=2026-07-09 01:00:00+00:00
[2026-07-09T17:36:14.340+0000] {processor.py:208} INFO - Processing /opt/airflow/dags/dag_extract_catalogs.py took 0.029 seconds
[2026-07-09T17:36:44.803+0000] {processor.py:186} INFO - Started process (PID=9783) to work on /opt/airflow/dags/dag_extract_catalogs.py
[2026-07-09T17:36:44.804+0000] {processor.py:914} INFO - Processing file /opt/airflow/dags/dag_extract_catalogs.py for tasks to queue
[2026-07-09T17:36:44.804+0000] {logging_mixin.py:190} INFO - [2026-07-09T17:36:44.804+0000] {dagbag.py:588} INFO - Filling up the DagBag from /opt/airflow/dags/dag_extract_catalogs.py
[2026-07-09T17:36:44.810+0000] {processor.py:925} INFO - DAG(s) 'dag_extract_catalogs' retrieved from /opt/airflow/dags/dag_extract_catalogs.py
[2026-07-09T17:36:44.820+0000] {logging_mixin.py:190} INFO - [2026-07-09T17:36:44.820+0000] {dag.py:3239} INFO - Sync 1 DAGs
[2026-07-09T17:36:44.827+0000] {logging_mixin.py:190} INFO - [2026-07-09T17:36:44.827+0000] {dag.py:4180} INFO - Setting next_dagrun for dag_extract_catalogs to 2026-07-08 01:00:00+00:00, run_after=2026-07-09 01:00:00+00:00
[2026-07-09T17:36:44.832+0000] {processor.py:208} INFO - Processing /opt/airflow/dags/dag_extract_catalogs.py took 0.032 seconds
[2026-07-09T17:37:15.266+0000] {processor.py:186} INFO - Started process (PID=9803) to work on /opt/airflow/dags/dag_extract_catalogs.py
[2026-07-09T17:37:15.266+0000] {processor.py:914} INFO - Processing file /opt/airflow/dags/dag_extract_catalogs.py for tasks to queue
[2026-07-09T17:37:15.267+0000] {logging_mixin.py:190} INFO - [2026-07-09T17:37:15.267+0000] {dagbag.py:588} INFO - Filling up the DagBag from /opt/airflow/dags/dag_extract_catalogs.py
[2026-07-09T17:37:15.272+0000] {processor.py:925} INFO - DAG(s) 'dag_extract_catalogs' retrieved from /opt/airflow/dags/dag_extract_catalogs.py
[2026-07-09T17:37:15.282+0000] {logging_mixin.py:190} INFO - [2026-07-09T17:37:15.282+0000] {dag.py:3239} INFO - Sync 1 DAGs
[2026-07-09T17:37:15.384+0000] {logging_mixin.py:190} INFO - [2026-07-09T17:37:15.384+0000] {dag.py:4180} INFO - Setting next_dagrun for dag_extract_catalogs to 2026-07-08 01:00:00+00:00, run_after=2026-07-09 01:00:00+00:00
[2026-07-09T17:37:15.389+0000] {processor.py:208} INFO - Processing /opt/airflow/dags/dag_extract_catalogs.py took 0.126 seconds
[2026-07-09T17:37:45.732+0000] {processor.py:186} INFO - Started process (PID=9823) to work on /opt/airflow/dags/dag_extract_catalogs.py
[2026-07-09T17:37:45.733+0000] {processor.py:914} INFO - Processing file /opt/airflow/dags/dag_extract_catalogs.py for tasks to queue
[2026-07-09T17:37:45.733+0000] {logging_mixin.py:190} INFO - [2026-07-09T17:37:45.733+0000] {dagbag.py:588} INFO - Filling up the DagBag from /opt/airflow/dags/dag_extract_catalogs.py
[2026-07-09T17:37:45.738+0000] {processor.py:925} INFO - DAG(s) 'dag_extract_catalogs' retrieved from /opt/airflow/dags/dag_extract_catalogs.py
[2026-07-09T17:37:45.748+0000] {logging_mixin.py:190} INFO - [2026-07-09T17:37:45.748+0000] {dag.py:3239} INFO - Sync 1 DAGs
[2026-07-09T17:37:45.755+0000] {logging_mixin.py:190} INFO - [2026-07-09T17:37:45.755+0000] {dag.py:4180} INFO - Setting next_dagrun for dag_extract_catalogs to 2026-07-08 01:00:00+00:00, run_after=2026-07-09 01:00:00+00:00
[2026-07-09T17:37:45.759+0000] {processor.py:208} INFO - Processing /opt/airflow/dags/dag_extract_catalogs.py took 0.030 seconds
[2026-07-09T17:38:16.264+0000] {processor.py:186} INFO - Started process (PID=9841) to work on /opt/airflow/dags/dag_extract_catalogs.py
[2026-07-09T17:38:16.265+0000] {processor.py:914} INFO - Processing file /opt/airflow/dags/dag_extract_catalogs.py for tasks to queue
[2026-07-09T17:38:16.266+0000] {logging_mixin.py:190} INFO - [2026-07-09T17:38:16.266+0000] {dagbag.py:588} INFO - Filling up the DagBag from /opt/airflow/dags/dag_extract_catalogs.py
[2026-07-09T17:38:16.272+0000] {processor.py:925} INFO - DAG(s) 'dag_extract_catalogs' retrieved from /opt/airflow/dags/dag_extract_catalogs.py
[2026-07-09T17:38:16.284+0000] {logging_mixin.py:190} INFO - [2026-07-09T17:38:16.284+0000] {dag.py:3239} INFO - Sync 1 DAGs
[2026-07-09T17:38:16.291+0000] {logging_mixin.py:190} INFO - [2026-07-09T17:38:16.291+0000] {dag.py:4180} INFO - Setting next_dagrun for dag_extract_catalogs to 2026-07-08 01:00:00+00:00, run_after=2026-07-09 01:00:00+00:00
[2026-07-09T17:38:16.296+0000] {processor.py:208} INFO - Processing /opt/airflow/dags/dag_extract_catalogs.py took 0.035 seconds
[2026-07-09T17:38:46.740+0000] {processor.py:186} INFO - Started process (PID=9861) to work on /opt/airflow/dags/dag_extract_catalogs.py
[2026-07-09T17:38:46.741+0000] {processor.py:914} INFO - Processing file /opt/airflow/dags/dag_extract_catalogs.py for tasks to queue
[2026-07-09T17:38:46.742+0000] {logging_mixin.py:190} INFO - [2026-07-09T17:38:46.742+0000] {dagbag.py:588} INFO - Filling up the DagBag from /opt/airflow/dags/dag_extract_catalogs.py
[2026-07-09T17:38:46.748+0000] {processor.py:925} INFO - DAG(s) 'dag_extract_catalogs' retrieved from /opt/airflow/dags/dag_extract_catalogs.py
[2026-07-09T17:38:46.764+0000] {logging_mixin.py:190} INFO - [2026-07-09T17:38:46.764+0000] {dag.py:3239} INFO - Sync 1 DAGs
[2026-07-09T17:38:46.828+0000] {logging_mixin.py:190} INFO - [2026-07-09T17:38:46.828+0000] {dag.py:4180} INFO - Setting next_dagrun for dag_extract_catalogs to 2026-07-08 01:00:00+00:00, run_after=2026-07-09 01:00:00+00:00
[2026-07-09T17:38:46.833+0000] {processor.py:208} INFO - Processing /opt/airflow/dags/dag_extract_catalogs.py took 0.095 seconds
[2026-07-09T17:39:17.249+0000] {processor.py:186} INFO - Started process (PID=9881) to work on /opt/airflow/dags/dag_extract_catalogs.py
[2026-07-09T17:39:17.250+0000] {processor.py:914} INFO - Processing file /opt/airflow/dags/dag_extract_catalogs.py for tasks to queue
[2026-07-09T17:39:17.251+0000] {logging_mixin.py:190} INFO - [2026-07-09T17:39:17.251+0000] {dagbag.py:588} INFO - Filling up the DagBag from /opt/airflow/dags/dag_extract_catalogs.py
[2026-07-09T17:39:17.255+0000] {processor.py:925} INFO - DAG(s) 'dag_extract_catalogs' retrieved from /opt/airflow/dags/dag_extract_catalogs.py
[2026-07-09T17:39:17.264+0000] {logging_mixin.py:190} INFO - [2026-07-09T17:39:17.264+0000] {dag.py:3239} INFO - Sync 1 DAGs
[2026-07-09T17:39:17.271+0000] {logging_mixin.py:190} INFO - [2026-07-09T17:39:17.271+0000] {dag.py:4180} INFO - Setting next_dagrun for dag_extract_catalogs to 2026-07-08 01:00:00+00:00, run_after=2026-07-09 01:00:00+00:00
[2026-07-09T17:39:17.276+0000] {processor.py:208} INFO - Processing /opt/airflow/dags/dag_extract_catalogs.py took 0.029 seconds
[2026-07-09T17:39:47.795+0000] {processor.py:186} INFO - Started process (PID=9901) to work on /opt/airflow/dags/dag_extract_catalogs.py
[2026-07-09T17:39:47.795+0000] {processor.py:914} INFO - Processing file /opt/airflow/dags/dag_extract_catalogs.py for tasks to queue
[2026-07-09T17:39:47.796+0000] {logging_mixin.py:190} INFO - [2026-07-09T17:39:47.796+0000] {dagbag.py:588} INFO - Filling up the DagBag from /opt/airflow/dags/dag_extract_catalogs.py
[2026-07-09T17:39:47.802+0000] {processor.py:925} INFO - DAG(s) 'dag_extract_catalogs' retrieved from /opt/airflow/dags/dag_extract_catalogs.py
[2026-07-09T17:39:47.871+0000] {logging_mixin.py:190} INFO - [2026-07-09T17:39:47.871+0000] {dag.py:3239} INFO - Sync 1 DAGs
[2026-07-09T17:39:47.877+0000] {logging_mixin.py:190} INFO - [2026-07-09T17:39:47.877+0000] {dag.py:4180} INFO - Setting next_dagrun for dag_extract_catalogs to 2026-07-08 01:00:00+00:00, run_after=2026-07-09 01:00:00+00:00
[2026-07-09T17:39:47.882+0000] {processor.py:208} INFO - Processing /opt/airflow/dags/dag_extract_catalogs.py took 0.090 seconds
[2026-07-09T17:40:18.390+0000] {processor.py:186} INFO - Started process (PID=9923) to work on /opt/airflow/dags/dag_extract_catalogs.py
[2026-07-09T17:40:18.390+0000] {processor.py:914} INFO - Processing file /opt/airflow/dags/dag_extract_catalogs.py for tasks to queue
[2026-07-09T17:40:18.391+0000] {logging_mixin.py:190} INFO - [2026-07-09T17:40:18.391+0000] {dagbag.py:588} INFO - Filling up the DagBag from /opt/airflow/dags/dag_extract_catalogs.py
[2026-07-09T17:40:18.395+0000] {processor.py:925} INFO - DAG(s) 'dag_extract_catalogs' retrieved from /opt/airflow/dags/dag_extract_catalogs.py
[2026-07-09T17:40:18.405+0000] {logging_mixin.py:190} INFO - [2026-07-09T17:40:18.405+0000] {dag.py:3239} INFO - Sync 1 DAGs
[2026-07-09T17:40:18.471+0000] {logging_mixin.py:190} INFO - [2026-07-09T17:40:18.471+0000] {dag.py:4180} INFO - Setting next_dagrun for dag_extract_catalogs to 2026-07-08 01:00:00+00:00, run_after=2026-07-09 01:00:00+00:00
[2026-07-09T17:40:18.476+0000] {processor.py:208} INFO - Processing /opt/airflow/dags/dag_extract_catalogs.py took 0.089 seconds
[2026-07-09T17:40:48.923+0000] {processor.py:186} INFO - Started process (PID=9943) to work on /opt/airflow/dags/dag_extract_catalogs.py
[2026-07-09T17:40:48.923+0000] {processor.py:914} INFO - Processing file /opt/airflow/dags/dag_extract_catalogs.py for tasks to queue
[2026-07-09T17:40:48.924+0000] {logging_mixin.py:190} INFO - [2026-07-09T17:40:48.924+0000] {dagbag.py:588} INFO - Filling up the DagBag from /opt/airflow/dags/dag_extract_catalogs.py
[2026-07-09T17:40:48.929+0000] {processor.py:925} INFO - DAG(s) 'dag_extract_catalogs' retrieved from /opt/airflow/dags/dag_extract_catalogs.py
[2026-07-09T17:40:48.939+0000] {logging_mixin.py:190} INFO - [2026-07-09T17:40:48.939+0000] {dag.py:3239} INFO - Sync 1 DAGs
[2026-07-09T17:40:48.946+0000] {logging_mixin.py:190} INFO - [2026-07-09T17:40:48.946+0000] {dag.py:4180} INFO - Setting next_dagrun for dag_extract_catalogs to 2026-07-08 01:00:00+00:00, run_after=2026-07-09 01:00:00+00:00
[2026-07-09T17:40:48.950+0000] {processor.py:208} INFO - Processing /opt/airflow/dags/dag_extract_catalogs.py took 0.030 seconds
[2026-07-09T17:41:19.515+0000] {processor.py:186} INFO - Started process (PID=9961) to work on /opt/airflow/dags/dag_extract_catalogs.py
[2026-07-09T17:41:19.515+0000] {processor.py:914} INFO - Processing file /opt/airflow/dags/dag_extract_catalogs.py for tasks to queue
[2026-07-09T17:41:19.516+0000] {logging_mixin.py:190} INFO - [2026-07-09T17:41:19.516+0000] {dagbag.py:588} INFO - Filling up the DagBag from /opt/airflow/dags/dag_extract_catalogs.py
[2026-07-09T17:41:19.522+0000] {processor.py:925} INFO - DAG(s) 'dag_extract_catalogs' retrieved from /opt/airflow/dags/dag_extract_catalogs.py
[2026-07-09T17:41:19.592+0000] {logging_mixin.py:190} INFO - [2026-07-09T17:41:19.592+0000] {dag.py:3239} INFO - Sync 1 DAGs
[2026-07-09T17:41:19.599+0000] {logging_mixin.py:190} INFO - [2026-07-09T17:41:19.599+0000] {dag.py:4180} INFO - Setting next_dagrun for dag_extract_catalogs to 2026-07-08 01:00:00+00:00, run_after=2026-07-09 01:00:00+00:00
[2026-07-09T17:41:19.603+0000] {processor.py:208} INFO - Processing /opt/airflow/dags/dag_extract_catalogs.py took 0.092 seconds
[2026-07-09T17:41:50.167+0000] {processor.py:186} INFO - Started process (PID=9981) to work on /opt/airflow/dags/dag_extract_catalogs.py
[2026-07-09T17:41:50.168+0000] {processor.py:914} INFO - Processing file /opt/airflow/dags/dag_extract_catalogs.py for tasks to queue
[2026-07-09T17:41:50.169+0000] {logging_mixin.py:190} INFO - [2026-07-09T17:41:50.169+0000] {dagbag.py:588} INFO - Filling up the DagBag from /opt/airflow/dags/dag_extract_catalogs.py
[2026-07-09T17:41:50.175+0000] {processor.py:925} INFO - DAG(s) 'dag_extract_catalogs' retrieved from /opt/airflow/dags/dag_extract_catalogs.py
[2026-07-09T17:41:50.188+0000] {logging_mixin.py:190} INFO - [2026-07-09T17:41:50.188+0000] {dag.py:3239} INFO - Sync 1 DAGs
[2026-07-09T17:41:50.196+0000] {logging_mixin.py:190} INFO - [2026-07-09T17:41:50.196+0000] {dag.py:4180} INFO - Setting next_dagrun for dag_extract_catalogs to 2026-07-08 01:00:00+00:00, run_after=2026-07-09 01:00:00+00:00
[2026-07-09T17:41:50.201+0000] {processor.py:208} INFO - Processing /opt/airflow/dags/dag_extract_catalogs.py took 0.036 seconds
[2026-07-09T17:42:20.684+0000] {processor.py:186} INFO - Started process (PID=10003) to work on /opt/airflow/dags/dag_extract_catalogs.py
[2026-07-09T17:42:20.684+0000] {processor.py:914} INFO - Processing file /opt/airflow/dags/dag_extract_catalogs.py for tasks to queue
[2026-07-09T17:42:20.685+0000] {logging_mixin.py:190} INFO - [2026-07-09T17:42:20.685+0000] {dagbag.py:588} INFO - Filling up the DagBag from /opt/airflow/dags/dag_extract_catalogs.py
[2026-07-09T17:42:20.689+0000] {processor.py:925} INFO - DAG(s) 'dag_extract_catalogs' retrieved from /opt/airflow/dags/dag_extract_catalogs.py
[2026-07-09T17:42:20.699+0000] {logging_mixin.py:190} INFO - [2026-07-09T17:42:20.699+0000] {dag.py:3239} INFO - Sync 1 DAGs
[2026-07-09T17:42:20.706+0000] {logging_mixin.py:190} INFO - [2026-07-09T17:42:20.706+0000] {dag.py:4180} INFO - Setting next_dagrun for dag_extract_catalogs to 2026-07-08 01:00:00+00:00, run_after=2026-07-09 01:00:00+00:00
[2026-07-09T17:42:20.711+0000] {processor.py:208} INFO - Processing /opt/airflow/dags/dag_extract_catalogs.py took 0.030 seconds
[2026-07-09T17:42:51.186+0000] {processor.py:186} INFO - Started process (PID=10023) to work on /opt/airflow/dags/dag_extract_catalogs.py
[2026-07-09T17:42:51.186+0000] {processor.py:914} INFO - Processing file /opt/airflow/dags/dag_extract_catalogs.py for tasks to queue
[2026-07-09T17:42:51.187+0000] {logging_mixin.py:190} INFO - [2026-07-09T17:42:51.187+0000] {dagbag.py:588} INFO - Filling up the DagBag from /opt/airflow/dags/dag_extract_catalogs.py
[2026-07-09T17:42:51.192+0000] {processor.py:925} INFO - DAG(s) 'dag_extract_catalogs' retrieved from /opt/airflow/dags/dag_extract_catalogs.py
[2026-07-09T17:42:51.202+0000] {logging_mixin.py:190} INFO - [2026-07-09T17:42:51.202+0000] {dag.py:3239} INFO - Sync 1 DAGs
[2026-07-09T17:42:51.208+0000] {logging_mixin.py:190} INFO - [2026-07-09T17:42:51.208+0000] {dag.py:4180} INFO - Setting next_dagrun for dag_extract_catalogs to 2026-07-08 01:00:00+00:00, run_after=2026-07-09 01:00:00+00:00
[2026-07-09T17:42:51.213+0000] {processor.py:208} INFO - Processing /opt/airflow/dags/dag_extract_catalogs.py took 0.030 seconds
[2026-07-09T17:43:21.672+0000] {processor.py:186} INFO - Started process (PID=10043) to work on /opt/airflow/dags/dag_extract_catalogs.py
[2026-07-09T17:43:21.672+0000] {processor.py:914} INFO - Processing file /opt/airflow/dags/dag_extract_catalogs.py for tasks to queue
[2026-07-09T17:43:21.673+0000] {logging_mixin.py:190} INFO - [2026-07-09T17:43:21.673+0000] {dagbag.py:588} INFO - Filling up the DagBag from /opt/airflow/dags/dag_extract_catalogs.py
[2026-07-09T17:43:21.678+0000] {processor.py:925} INFO - DAG(s) 'dag_extract_catalogs' retrieved from /opt/airflow/dags/dag_extract_catalogs.py
[2026-07-09T17:43:21.688+0000] {logging_mixin.py:190} INFO - [2026-07-09T17:43:21.688+0000] {dag.py:3239} INFO - Sync 1 DAGs
[2026-07-09T17:43:21.697+0000] {logging_mixin.py:190} INFO - [2026-07-09T17:43:21.697+0000] {dag.py:4180} INFO - Setting next_dagrun for dag_extract_catalogs to 2026-07-08 01:00:00+00:00, run_after=2026-07-09 01:00:00+00:00
[2026-07-09T17:43:21.702+0000] {processor.py:208} INFO - Processing /opt/airflow/dags/dag_extract_catalogs.py took 0.034 seconds
[2026-07-09T17:43:52.179+0000] {processor.py:186} INFO - Started process (PID=10063) to work on /opt/airflow/dags/dag_extract_catalogs.py
[2026-07-09T17:43:52.180+0000] {processor.py:914} INFO - Processing file /opt/airflow/dags/dag_extract_catalogs.py for tasks to queue
[2026-07-09T17:43:52.181+0000] {logging_mixin.py:190} INFO - [2026-07-09T17:43:52.180+0000] {dagbag.py:588} INFO - Filling up the DagBag from /opt/airflow/dags/dag_extract_catalogs.py
[2026-07-09T17:43:52.185+0000] {processor.py:925} INFO - DAG(s) 'dag_extract_catalogs' retrieved from /opt/airflow/dags/dag_extract_catalogs.py
[2026-07-09T17:43:52.195+0000] {logging_mixin.py:190} INFO - [2026-07-09T17:43:52.195+0000] {dag.py:3239} INFO - Sync 1 DAGs
[2026-07-09T17:43:52.202+0000] {logging_mixin.py:190} INFO - [2026-07-09T17:43:52.202+0000] {dag.py:4180} INFO - Setting next_dagrun for dag_extract_catalogs to 2026-07-08 01:00:00+00:00, run_after=2026-07-09 01:00:00+00:00
[2026-07-09T17:43:52.206+0000] {processor.py:208} INFO - Processing /opt/airflow/dags/dag_extract_catalogs.py took 0.029 seconds
[2026-07-09T17:44:22.662+0000] {processor.py:186} INFO - Started process (PID=10083) to work on /opt/airflow/dags/dag_extract_catalogs.py
[2026-07-09T17:44:22.662+0000] {processor.py:914} INFO - Processing file /opt/airflow/dags/dag_extract_catalogs.py for tasks to queue
[2026-07-09T17:44:22.663+0000] {logging_mixin.py:190} INFO - [2026-07-09T17:44:22.663+0000] {dagbag.py:588} INFO - Filling up the DagBag from /opt/airflow/dags/dag_extract_catalogs.py
[2026-07-09T17:44:22.668+0000] {processor.py:925} INFO - DAG(s) 'dag_extract_catalogs' retrieved from /opt/airflow/dags/dag_extract_catalogs.py
[2026-07-09T17:44:22.678+0000] {logging_mixin.py:190} INFO - [2026-07-09T17:44:22.678+0000] {dag.py:3239} INFO - Sync 1 DAGs
[2026-07-09T17:44:22.684+0000] {logging_mixin.py:190} INFO - [2026-07-09T17:44:22.684+0000] {dag.py:4180} INFO - Setting next_dagrun for dag_extract_catalogs to 2026-07-08 01:00:00+00:00, run_after=2026-07-09 01:00:00+00:00
[2026-07-09T17:44:22.689+0000] {processor.py:208} INFO - Processing /opt/airflow/dags/dag_extract_catalogs.py took 0.029 seconds
[2026-07-09T17:44:53.186+0000] {processor.py:186} INFO - Started process (PID=10103) to work on /opt/airflow/dags/dag_extract_catalogs.py
[2026-07-09T17:44:53.187+0000] {processor.py:914} INFO - Processing file /opt/airflow/dags/dag_extract_catalogs.py for tasks to queue
[2026-07-09T17:44:53.188+0000] {logging_mixin.py:190} INFO - [2026-07-09T17:44:53.187+0000] {dagbag.py:588} INFO - Filling up the DagBag from /opt/airflow/dags/dag_extract_catalogs.py
[2026-07-09T17:44:53.192+0000] {processor.py:925} INFO - DAG(s) 'dag_extract_catalogs' retrieved from /opt/airflow/dags/dag_extract_catalogs.py
[2026-07-09T17:44:53.202+0000] {logging_mixin.py:190} INFO - [2026-07-09T17:44:53.202+0000] {dag.py:3239} INFO - Sync 1 DAGs
[2026-07-09T17:44:53.209+0000] {logging_mixin.py:190} INFO - [2026-07-09T17:44:53.209+0000] {dag.py:4180} INFO - Setting next_dagrun for dag_extract_catalogs to 2026-07-08 01:00:00+00:00, run_after=2026-07-09 01:00:00+00:00
[2026-07-09T17:44:53.214+0000] {processor.py:208} INFO - Processing /opt/airflow/dags/dag_extract_catalogs.py took 0.030 seconds
[2026-07-09T17:45:23.651+0000] {processor.py:186} INFO - Started process (PID=10123) to work on /opt/airflow/dags/dag_extract_catalogs.py
[2026-07-09T17:45:23.651+0000] {processor.py:914} INFO - Processing file /opt/airflow/dags/dag_extract_catalogs.py for tasks to queue
[2026-07-09T17:45:23.652+0000] {logging_mixin.py:190} INFO - [2026-07-09T17:45:23.652+0000] {dagbag.py:588} INFO - Filling up the DagBag from /opt/airflow/dags/dag_extract_catalogs.py
[2026-07-09T17:45:23.657+0000] {processor.py:925} INFO - DAG(s) 'dag_extract_catalogs' retrieved from /opt/airflow/dags/dag_extract_catalogs.py
[2026-07-09T17:45:23.667+0000] {logging_mixin.py:190} INFO - [2026-07-09T17:45:23.667+0000] {dag.py:3239} INFO - Sync 1 DAGs
[2026-07-09T17:45:23.674+0000] {logging_mixin.py:190} INFO - [2026-07-09T17:45:23.674+0000] {dag.py:4180} INFO - Setting next_dagrun for dag_extract_catalogs to 2026-07-08 01:00:00+00:00, run_after=2026-07-09 01:00:00+00:00
[2026-07-09T17:45:23.679+0000] {processor.py:208} INFO - Processing /opt/airflow/dags/dag_extract_catalogs.py took 0.031 seconds
[2026-07-09T17:45:54.019+0000] {processor.py:186} INFO - Started process (PID=10141) to work on /opt/airflow/dags/dag_extract_catalogs.py
[2026-07-09T17:45:54.020+0000] {processor.py:914} INFO - Processing file /opt/airflow/dags/dag_extract_catalogs.py for tasks to queue
[2026-07-09T17:45:54.021+0000] {logging_mixin.py:190} INFO - [2026-07-09T17:45:54.021+0000] {dagbag.py:588} INFO - Filling up the DagBag from /opt/airflow/dags/dag_extract_catalogs.py
[2026-07-09T17:45:54.028+0000] {processor.py:925} INFO - DAG(s) 'dag_extract_catalogs' retrieved from /opt/airflow/dags/dag_extract_catalogs.py
[2026-07-09T17:45:54.043+0000] {logging_mixin.py:190} INFO - [2026-07-09T17:45:54.043+0000] {dag.py:3239} INFO - Sync 1 DAGs
[2026-07-09T17:45:54.052+0000] {logging_mixin.py:190} INFO - [2026-07-09T17:45:54.052+0000] {dag.py:4180} INFO - Setting next_dagrun for dag_extract_catalogs to 2026-07-08 01:00:00+00:00, run_after=2026-07-09 01:00:00+00:00
[2026-07-09T17:45:54.057+0000] {processor.py:208} INFO - Processing /opt/airflow/dags/dag_extract_catalogs.py took 0.040 seconds
[2026-07-09T17:46:24.511+0000] {processor.py:186} INFO - Started process (PID=10161) to work on /opt/airflow/dags/dag_extract_catalogs.py
[2026-07-09T17:46:24.512+0000] {processor.py:914} INFO - Processing file /opt/airflow/dags/dag_extract_catalogs.py for tasks to queue
[2026-07-09T17:46:24.513+0000] {logging_mixin.py:190} INFO - [2026-07-09T17:46:24.513+0000] {dagbag.py:588} INFO - Filling up the DagBag from /opt/airflow/dags/dag_extract_catalogs.py
[2026-07-09T17:46:24.519+0000] {processor.py:925} INFO - DAG(s) 'dag_extract_catalogs' retrieved from /opt/airflow/dags/dag_extract_catalogs.py
[2026-07-09T17:46:24.531+0000] {logging_mixin.py:190} INFO - [2026-07-09T17:46:24.531+0000] {dag.py:3239} INFO - Sync 1 DAGs
[2026-07-09T17:46:24.540+0000] {logging_mixin.py:190} INFO - [2026-07-09T17:46:24.540+0000] {dag.py:4180} INFO - Setting next_dagrun for dag_extract_catalogs to 2026-07-08 01:00:00+00:00, run_after=2026-07-09 01:00:00+00:00
[2026-07-09T17:46:24.548+0000] {processor.py:208} INFO - Processing /opt/airflow/dags/dag_extract_catalogs.py took 0.040 seconds
[2026-07-09T17:46:55.016+0000] {processor.py:186} INFO - Started process (PID=10183) to work on /opt/airflow/dags/dag_extract_catalogs.py
[2026-07-09T17:46:55.017+0000] {processor.py:914} INFO - Processing file /opt/airflow/dags/dag_extract_catalogs.py for tasks to queue
[2026-07-09T17:46:55.018+0000] {logging_mixin.py:190} INFO - [2026-07-09T17:46:55.018+0000] {dagbag.py:588} INFO - Filling up the DagBag from /opt/airflow/dags/dag_extract_catalogs.py
[2026-07-09T17:46:55.022+0000] {processor.py:925} INFO - DAG(s) 'dag_extract_catalogs' retrieved from /opt/airflow/dags/dag_extract_catalogs.py
[2026-07-09T17:46:55.032+0000] {logging_mixin.py:190} INFO - [2026-07-09T17:46:55.032+0000] {dag.py:3239} INFO - Sync 1 DAGs
[2026-07-09T17:46:55.039+0000] {logging_mixin.py:190} INFO - [2026-07-09T17:46:55.039+0000] {dag.py:4180} INFO - Setting next_dagrun for dag_extract_catalogs to 2026-07-08 01:00:00+00:00, run_after=2026-07-09 01:00:00+00:00
[2026-07-09T17:46:55.044+0000] {processor.py:208} INFO - Processing /opt/airflow/dags/dag_extract_catalogs.py took 0.030 seconds
[2026-07-09T17:47:25.478+0000] {processor.py:186} INFO - Started process (PID=10201) to work on /opt/airflow/dags/dag_extract_catalogs.py
[2026-07-09T17:47:25.478+0000] {processor.py:914} INFO - Processing file /opt/airflow/dags/dag_extract_catalogs.py for tasks to queue
[2026-07-09T17:47:25.479+0000] {logging_mixin.py:190} INFO - [2026-07-09T17:47:25.479+0000] {dagbag.py:588} INFO - Filling up the DagBag from /opt/airflow/dags/dag_extract_catalogs.py
[2026-07-09T17:47:25.485+0000] {processor.py:925} INFO - DAG(s) 'dag_extract_catalogs' retrieved from /opt/airflow/dags/dag_extract_catalogs.py
[2026-07-09T17:47:25.499+0000] {logging_mixin.py:190} INFO - [2026-07-09T17:47:25.499+0000] {dag.py:3239} INFO - Sync 1 DAGs
[2026-07-09T17:47:25.507+0000] {logging_mixin.py:190} INFO - [2026-07-09T17:47:25.507+0000] {dag.py:4180} INFO - Setting next_dagrun for dag_extract_catalogs to 2026-07-08 01:00:00+00:00, run_after=2026-07-09 01:00:00+00:00
[2026-07-09T17:47:25.514+0000] {processor.py:208} INFO - Processing /opt/airflow/dags/dag_extract_catalogs.py took 0.039 seconds
[2026-07-09T17:47:56.012+0000] {processor.py:186} INFO - Started process (PID=10223) to work on /opt/airflow/dags/dag_extract_catalogs.py
[2026-07-09T17:47:56.013+0000] {processor.py:914} INFO - Processing file /opt/airflow/dags/dag_extract_catalogs.py for tasks to queue
[2026-07-09T17:47:56.014+0000] {logging_mixin.py:190} INFO - [2026-07-09T17:47:56.013+0000] {dagbag.py:588} INFO - Filling up the DagBag from /opt/airflow/dags/dag_extract_catalogs.py
[2026-07-09T17:47:56.018+0000] {processor.py:925} INFO - DAG(s) 'dag_extract_catalogs' retrieved from /opt/airflow/dags/dag_extract_catalogs.py
[2026-07-09T17:47:56.028+0000] {logging_mixin.py:190} INFO - [2026-07-09T17:47:56.028+0000] {dag.py:3239} INFO - Sync 1 DAGs
[2026-07-09T17:47:56.035+0000] {logging_mixin.py:190} INFO - [2026-07-09T17:47:56.035+0000] {dag.py:4180} INFO - Setting next_dagrun for dag_extract_catalogs to 2026-07-08 01:00:00+00:00, run_after=2026-07-09 01:00:00+00:00
[2026-07-09T17:47:56.039+0000] {processor.py:208} INFO - Processing /opt/airflow/dags/dag_extract_catalogs.py took 0.029 seconds
[2026-07-09T17:48:26.478+0000] {processor.py:186} INFO - Started process (PID=10243) to work on /opt/airflow/dags/dag_extract_catalogs.py
[2026-07-09T17:48:26.479+0000] {processor.py:914} INFO - Processing file /opt/airflow/dags/dag_extract_catalogs.py for tasks to queue
[2026-07-09T17:48:26.479+0000] {logging_mixin.py:190} INFO - [2026-07-09T17:48:26.479+0000] {dagbag.py:588} INFO - Filling up the DagBag from /opt/airflow/dags/dag_extract_catalogs.py
[2026-07-09T17:48:26.484+0000] {processor.py:925} INFO - DAG(s) 'dag_extract_catalogs' retrieved from /opt/airflow/dags/dag_extract_catalogs.py
[2026-07-09T17:48:26.494+0000] {logging_mixin.py:190} INFO - [2026-07-09T17:48:26.494+0000] {dag.py:3239} INFO - Sync 1 DAGs
[2026-07-09T17:48:26.501+0000] {logging_mixin.py:190} INFO - [2026-07-09T17:48:26.500+0000] {dag.py:4180} INFO - Setting next_dagrun for dag_extract_catalogs to 2026-07-08 01:00:00+00:00, run_after=2026-07-09 01:00:00+00:00
[2026-07-09T17:48:26.505+0000] {processor.py:208} INFO - Processing /opt/airflow/dags/dag_extract_catalogs.py took 0.029 seconds
[2026-07-09T17:48:57.017+0000] {processor.py:186} INFO - Started process (PID=10263) to work on /opt/airflow/dags/dag_extract_catalogs.py
[2026-07-09T17:48:57.017+0000] {processor.py:914} INFO - Processing file /opt/airflow/dags/dag_extract_catalogs.py for tasks to queue
[2026-07-09T17:48:57.018+0000] {logging_mixin.py:190} INFO - [2026-07-09T17:48:57.018+0000] {dagbag.py:588} INFO - Filling up the DagBag from /opt/airflow/dags/dag_extract_catalogs.py
[2026-07-09T17:48:57.023+0000] {processor.py:925} INFO - DAG(s) 'dag_extract_catalogs' retrieved from /opt/airflow/dags/dag_extract_catalogs.py
[2026-07-09T17:48:57.033+0000] {logging_mixin.py:190} INFO - [2026-07-09T17:48:57.033+0000] {dag.py:3239} INFO - Sync 1 DAGs
[2026-07-09T17:48:57.040+0000] {logging_mixin.py:190} INFO - [2026-07-09T17:48:57.040+0000] {dag.py:4180} INFO - Setting next_dagrun for dag_extract_catalogs to 2026-07-08 01:00:00+00:00, run_after=2026-07-09 01:00:00+00:00
[2026-07-09T17:48:57.044+0000] {processor.py:208} INFO - Processing /opt/airflow/dags/dag_extract_catalogs.py took 0.029 seconds
[2026-07-09T17:49:27.505+0000] {processor.py:186} INFO - Started process (PID=10281) to work on /opt/airflow/dags/dag_extract_catalogs.py
[2026-07-09T17:49:27.505+0000] {processor.py:914} INFO - Processing file /opt/airflow/dags/dag_extract_catalogs.py for tasks to queue
[2026-07-09T17:49:27.506+0000] {logging_mixin.py:190} INFO - [2026-07-09T17:49:27.506+0000] {dagbag.py:588} INFO - Filling up the DagBag from /opt/airflow/dags/dag_extract_catalogs.py
[2026-07-09T17:49:27.512+0000] {processor.py:925} INFO - DAG(s) 'dag_extract_catalogs' retrieved from /opt/airflow/dags/dag_extract_catalogs.py
[2026-07-09T17:49:27.523+0000] {logging_mixin.py:190} INFO - [2026-07-09T17:49:27.523+0000] {dag.py:3239} INFO - Sync 1 DAGs
[2026-07-09T17:49:27.531+0000] {logging_mixin.py:190} INFO - [2026-07-09T17:49:27.531+0000] {dag.py:4180} INFO - Setting next_dagrun for dag_extract_catalogs to 2026-07-08 01:00:00+00:00, run_after=2026-07-09 01:00:00+00:00
[2026-07-09T17:49:27.538+0000] {processor.py:208} INFO - Processing /opt/airflow/dags/dag_extract_catalogs.py took 0.036 seconds
[2026-07-09T17:49:58.005+0000] {processor.py:186} INFO - Started process (PID=10303) to work on /opt/airflow/dags/dag_extract_catalogs.py
[2026-07-09T17:49:58.005+0000] {processor.py:914} INFO - Processing file /opt/airflow/dags/dag_extract_catalogs.py for tasks to queue
[2026-07-09T17:49:58.006+0000] {logging_mixin.py:190} INFO - [2026-07-09T17:49:58.006+0000] {dagbag.py:588} INFO - Filling up the DagBag from /opt/airflow/dags/dag_extract_catalogs.py
[2026-07-09T17:49:58.011+0000] {processor.py:925} INFO - DAG(s) 'dag_extract_catalogs' retrieved from /opt/airflow/dags/dag_extract_catalogs.py
[2026-07-09T17:49:58.021+0000] {logging_mixin.py:190} INFO - [2026-07-09T17:49:58.021+0000] {dag.py:3239} INFO - Sync 1 DAGs
[2026-07-09T17:49:58.028+0000] {logging_mixin.py:190} INFO - [2026-07-09T17:49:58.028+0000] {dag.py:4180} INFO - Setting next_dagrun for dag_extract_catalogs to 2026-07-08 01:00:00+00:00, run_after=2026-07-09 01:00:00+00:00
[2026-07-09T17:49:58.032+0000] {processor.py:208} INFO - Processing /opt/airflow/dags/dag_extract_catalogs.py took 0.030 seconds
[2026-07-09T17:50:28.514+0000] {processor.py:186} INFO - Started process (PID=10323) to work on /opt/airflow/dags/dag_extract_catalogs.py
[2026-07-09T17:50:28.514+0000] {processor.py:914} INFO - Processing file /opt/airflow/dags/dag_extract_catalogs.py for tasks to queue
[2026-07-09T17:50:28.515+0000] {logging_mixin.py:190} INFO - [2026-07-09T17:50:28.515+0000] {dagbag.py:588} INFO - Filling up the DagBag from /opt/airflow/dags/dag_extract_catalogs.py
[2026-07-09T17:50:28.520+0000] {processor.py:925} INFO - DAG(s) 'dag_extract_catalogs' retrieved from /opt/airflow/dags/dag_extract_catalogs.py
[2026-07-09T17:50:28.530+0000] {logging_mixin.py:190} INFO - [2026-07-09T17:50:28.530+0000] {dag.py:3239} INFO - Sync 1 DAGs
[2026-07-09T17:50:28.537+0000] {logging_mixin.py:190} INFO - [2026-07-09T17:50:28.537+0000] {dag.py:4180} INFO - Setting next_dagrun for dag_extract_catalogs to 2026-07-08 01:00:00+00:00, run_after=2026-07-09 01:00:00+00:00
[2026-07-09T17:50:28.541+0000] {processor.py:208} INFO - Processing /opt/airflow/dags/dag_extract_catalogs.py took 0.030 seconds
[2026-07-09T17:50:58.991+0000] {processor.py:186} INFO - Started process (PID=10343) to work on /opt/airflow/dags/dag_extract_catalogs.py
[2026-07-09T17:50:58.991+0000] {processor.py:914} INFO - Processing file /opt/airflow/dags/dag_extract_catalogs.py for tasks to queue
[2026-07-09T17:50:58.992+0000] {logging_mixin.py:190} INFO - [2026-07-09T17:50:58.992+0000] {dagbag.py:588} INFO - Filling up the DagBag from /opt/airflow/dags/dag_extract_catalogs.py
[2026-07-09T17:50:58.997+0000] {processor.py:925} INFO - DAG(s) 'dag_extract_catalogs' retrieved from /opt/airflow/dags/dag_extract_catalogs.py
[2026-07-09T17:50:59.006+0000] {logging_mixin.py:190} INFO - [2026-07-09T17:50:59.006+0000] {dag.py:3239} INFO - Sync 1 DAGs
[2026-07-09T17:50:59.014+0000] {logging_mixin.py:190} INFO - [2026-07-09T17:50:59.014+0000] {dag.py:4180} INFO - Setting next_dagrun for dag_extract_catalogs to 2026-07-08 01:00:00+00:00, run_after=2026-07-09 01:00:00+00:00
[2026-07-09T17:50:59.018+0000] {processor.py:208} INFO - Processing /opt/airflow/dags/dag_extract_catalogs.py took 0.030 seconds
[2026-07-09T17:51:29.504+0000] {processor.py:186} INFO - Started process (PID=10363) to work on /opt/airflow/dags/dag_extract_catalogs.py
[2026-07-09T17:51:29.504+0000] {processor.py:914} INFO - Processing file /opt/airflow/dags/dag_extract_catalogs.py for tasks to queue
[2026-07-09T17:51:29.505+0000] {logging_mixin.py:190} INFO - [2026-07-09T17:51:29.505+0000] {dagbag.py:588} INFO - Filling up the DagBag from /opt/airflow/dags/dag_extract_catalogs.py
[2026-07-09T17:51:29.510+0000] {processor.py:925} INFO - DAG(s) 'dag_extract_catalogs' retrieved from /opt/airflow/dags/dag_extract_catalogs.py
[2026-07-09T17:51:29.520+0000] {logging_mixin.py:190} INFO - [2026-07-09T17:51:29.520+0000] {dag.py:3239} INFO - Sync 1 DAGs
[2026-07-09T17:51:29.527+0000] {logging_mixin.py:190} INFO - [2026-07-09T17:51:29.527+0000] {dag.py:4180} INFO - Setting next_dagrun for dag_extract_catalogs to 2026-07-08 01:00:00+00:00, run_after=2026-07-09 01:00:00+00:00
[2026-07-09T17:51:29.532+0000] {processor.py:208} INFO - Processing /opt/airflow/dags/dag_extract_catalogs.py took 0.030 seconds
[2026-07-09T17:51:59.987+0000] {processor.py:186} INFO - Started process (PID=10383) to work on /opt/airflow/dags/dag_extract_catalogs.py
[2026-07-09T17:51:59.987+0000] {processor.py:914} INFO - Processing file /opt/airflow/dags/dag_extract_catalogs.py for tasks to queue
[2026-07-09T17:51:59.988+0000] {logging_mixin.py:190} INFO - [2026-07-09T17:51:59.988+0000] {dagbag.py:588} INFO - Filling up the DagBag from /opt/airflow/dags/dag_extract_catalogs.py
[2026-07-09T17:51:59.992+0000] {processor.py:925} INFO - DAG(s) 'dag_extract_catalogs' retrieved from /opt/airflow/dags/dag_extract_catalogs.py
[2026-07-09T17:52:00.003+0000] {logging_mixin.py:190} INFO - [2026-07-09T17:52:00.002+0000] {dag.py:3239} INFO - Sync 1 DAGs
[2026-07-09T17:52:00.009+0000] {logging_mixin.py:190} INFO - [2026-07-09T17:52:00.009+0000] {dag.py:4180} INFO - Setting next_dagrun for dag_extract_catalogs to 2026-07-08 01:00:00+00:00, run_after=2026-07-09 01:00:00+00:00
[2026-07-09T17:52:00.014+0000] {processor.py:208} INFO - Processing /opt/airflow/dags/dag_extract_catalogs.py took 0.030 seconds
[2026-07-09T17:52:30.557+0000] {processor.py:186} INFO - Started process (PID=10403) to work on /opt/airflow/dags/dag_extract_catalogs.py
[2026-07-09T17:52:30.557+0000] {processor.py:914} INFO - Processing file /opt/airflow/dags/dag_extract_catalogs.py for tasks to queue
[2026-07-09T17:52:30.558+0000] {logging_mixin.py:190} INFO - [2026-07-09T17:52:30.558+0000] {dagbag.py:588} INFO - Filling up the DagBag from /opt/airflow/dags/dag_extract_catalogs.py
[2026-07-09T17:52:30.563+0000] {processor.py:925} INFO - DAG(s) 'dag_extract_catalogs' retrieved from /opt/airflow/dags/dag_extract_catalogs.py
[2026-07-09T17:52:30.574+0000] {logging_mixin.py:190} INFO - [2026-07-09T17:52:30.574+0000] {dag.py:3239} INFO - Sync 1 DAGs
[2026-07-09T17:52:30.581+0000] {logging_mixin.py:190} INFO - [2026-07-09T17:52:30.581+0000] {dag.py:4180} INFO - Setting next_dagrun for dag_extract_catalogs to 2026-07-08 01:00:00+00:00, run_after=2026-07-09 01:00:00+00:00
[2026-07-09T17:52:30.586+0000] {processor.py:208} INFO - Processing /opt/airflow/dags/dag_extract_catalogs.py took 0.032 seconds
[2026-07-09T17:53:01.072+0000] {processor.py:186} INFO - Started process (PID=10423) to work on /opt/airflow/dags/dag_extract_catalogs.py
[2026-07-09T17:53:01.072+0000] {processor.py:914} INFO - Processing file /opt/airflow/dags/dag_extract_catalogs.py for tasks to queue
[2026-07-09T17:53:01.073+0000] {logging_mixin.py:190} INFO - [2026-07-09T17:53:01.073+0000] {dagbag.py:588} INFO - Filling up the DagBag from /opt/airflow/dags/dag_extract_catalogs.py
[2026-07-09T17:53:01.078+0000] {processor.py:925} INFO - DAG(s) 'dag_extract_catalogs' retrieved from /opt/airflow/dags/dag_extract_catalogs.py
[2026-07-09T17:53:01.089+0000] {logging_mixin.py:190} INFO - [2026-07-09T17:53:01.089+0000] {dag.py:3239} INFO - Sync 1 DAGs
[2026-07-09T17:53:01.096+0000] {logging_mixin.py:190} INFO - [2026-07-09T17:53:01.096+0000] {dag.py:4180} INFO - Setting next_dagrun for dag_extract_catalogs to 2026-07-08 01:00:00+00:00, run_after=2026-07-09 01:00:00+00:00
[2026-07-09T17:53:01.101+0000] {processor.py:208} INFO - Processing /opt/airflow/dags/dag_extract_catalogs.py took 0.032 seconds
[2026-07-09T17:53:31.559+0000] {processor.py:186} INFO - Started process (PID=10443) to work on /opt/airflow/dags/dag_extract_catalogs.py
[2026-07-09T17:53:31.560+0000] {processor.py:914} INFO - Processing file /opt/airflow/dags/dag_extract_catalogs.py for tasks to queue
[2026-07-09T17:53:31.560+0000] {logging_mixin.py:190} INFO - [2026-07-09T17:53:31.560+0000] {dagbag.py:588} INFO - Filling up the DagBag from /opt/airflow/dags/dag_extract_catalogs.py
[2026-07-09T17:53:31.565+0000] {processor.py:925} INFO - DAG(s) 'dag_extract_catalogs' retrieved from /opt/airflow/dags/dag_extract_catalogs.py
[2026-07-09T17:53:31.575+0000] {logging_mixin.py:190} INFO - [2026-07-09T17:53:31.575+0000] {dag.py:3239} INFO - Sync 1 DAGs
[2026-07-09T17:53:31.582+0000] {logging_mixin.py:190} INFO - [2026-07-09T17:53:31.582+0000] {dag.py:4180} INFO - Setting next_dagrun for dag_extract_catalogs to 2026-07-08 01:00:00+00:00, run_after=2026-07-09 01:00:00+00:00
[2026-07-09T17:53:31.587+0000] {processor.py:208} INFO - Processing /opt/airflow/dags/dag_extract_catalogs.py took 0.030 seconds
[2026-07-09T17:54:02.098+0000] {processor.py:186} INFO - Started process (PID=10463) to work on /opt/airflow/dags/dag_extract_catalogs.py
[2026-07-09T17:54:02.098+0000] {processor.py:914} INFO - Processing file /opt/airflow/dags/dag_extract_catalogs.py for tasks to queue
[2026-07-09T17:54:02.099+0000] {logging_mixin.py:190} INFO - [2026-07-09T17:54:02.099+0000] {dagbag.py:588} INFO - Filling up the DagBag from /opt/airflow/dags/dag_extract_catalogs.py
[2026-07-09T17:54:02.103+0000] {processor.py:925} INFO - DAG(s) 'dag_extract_catalogs' retrieved from /opt/airflow/dags/dag_extract_catalogs.py
[2026-07-09T17:54:02.113+0000] {logging_mixin.py:190} INFO - [2026-07-09T17:54:02.113+0000] {dag.py:3239} INFO - Sync 1 DAGs
[2026-07-09T17:54:02.121+0000] {logging_mixin.py:190} INFO - [2026-07-09T17:54:02.121+0000] {dag.py:4180} INFO - Setting next_dagrun for dag_extract_catalogs to 2026-07-08 01:00:00+00:00, run_after=2026-07-09 01:00:00+00:00
[2026-07-09T17:54:02.125+0000] {processor.py:208} INFO - Processing /opt/airflow/dags/dag_extract_catalogs.py took 0.030 seconds
[2026-07-09T17:54:32.583+0000] {processor.py:186} INFO - Started process (PID=10483) to work on /opt/airflow/dags/dag_extract_catalogs.py
[2026-07-09T17:54:32.583+0000] {processor.py:914} INFO - Processing file /opt/airflow/dags/dag_extract_catalogs.py for tasks to queue
[2026-07-09T17:54:32.584+0000] {logging_mixin.py:190} INFO - [2026-07-09T17:54:32.584+0000] {dagbag.py:588} INFO - Filling up the DagBag from /opt/airflow/dags/dag_extract_catalogs.py
[2026-07-09T17:54:32.589+0000] {processor.py:925} INFO - DAG(s) 'dag_extract_catalogs' retrieved from /opt/airflow/dags/dag_extract_catalogs.py
[2026-07-09T17:54:32.598+0000] {logging_mixin.py:190} INFO - [2026-07-09T17:54:32.598+0000] {dag.py:3239} INFO - Sync 1 DAGs
[2026-07-09T17:54:32.605+0000] {logging_mixin.py:190} INFO - [2026-07-09T17:54:32.605+0000] {dag.py:4180} INFO - Setting next_dagrun for dag_extract_catalogs to 2026-07-08 01:00:00+00:00, run_after=2026-07-09 01:00:00+00:00
[2026-07-09T17:54:32.610+0000] {processor.py:208} INFO - Processing /opt/airflow/dags/dag_extract_catalogs.py took 0.030 seconds
[2026-07-09T17:55:03.091+0000] {processor.py:186} INFO - Started process (PID=10503) to work on /opt/airflow/dags/dag_extract_catalogs.py
[2026-07-09T17:55:03.092+0000] {processor.py:914} INFO - Processing file /opt/airflow/dags/dag_extract_catalogs.py for tasks to queue
[2026-07-09T17:55:03.093+0000] {logging_mixin.py:190} INFO - [2026-07-09T17:55:03.092+0000] {dagbag.py:588} INFO - Filling up the DagBag from /opt/airflow/dags/dag_extract_catalogs.py
[2026-07-09T17:55:03.097+0000] {processor.py:925} INFO - DAG(s) 'dag_extract_catalogs' retrieved from /opt/airflow/dags/dag_extract_catalogs.py
[2026-07-09T17:55:03.108+0000] {logging_mixin.py:190} INFO - [2026-07-09T17:55:03.108+0000] {dag.py:3239} INFO - Sync 1 DAGs
[2026-07-09T17:55:03.116+0000] {logging_mixin.py:190} INFO - [2026-07-09T17:55:03.116+0000] {dag.py:4180} INFO - Setting next_dagrun for dag_extract_catalogs to 2026-07-08 01:00:00+00:00, run_after=2026-07-09 01:00:00+00:00
[2026-07-09T17:55:03.122+0000] {processor.py:208} INFO - Processing /opt/airflow/dags/dag_extract_catalogs.py took 0.033 seconds
[2026-07-09T17:55:33.570+0000] {processor.py:186} INFO - Started process (PID=10523) to work on /opt/airflow/dags/dag_extract_catalogs.py
[2026-07-09T17:55:33.571+0000] {processor.py:914} INFO - Processing file /opt/airflow/dags/dag_extract_catalogs.py for tasks to queue
[2026-07-09T17:55:33.571+0000] {logging_mixin.py:190} INFO - [2026-07-09T17:55:33.571+0000] {dagbag.py:588} INFO - Filling up the DagBag from /opt/airflow/dags/dag_extract_catalogs.py
[2026-07-09T17:55:33.576+0000] {processor.py:925} INFO - DAG(s) 'dag_extract_catalogs' retrieved from /opt/airflow/dags/dag_extract_catalogs.py
[2026-07-09T17:55:33.586+0000] {logging_mixin.py:190} INFO - [2026-07-09T17:55:33.586+0000] {dag.py:3239} INFO - Sync 1 DAGs
[2026-07-09T17:55:33.593+0000] {logging_mixin.py:190} INFO - [2026-07-09T17:55:33.593+0000] {dag.py:4180} INFO - Setting next_dagrun for dag_extract_catalogs to 2026-07-08 01:00:00+00:00, run_after=2026-07-09 01:00:00+00:00
[2026-07-09T17:55:33.598+0000] {processor.py:208} INFO - Processing /opt/airflow/dags/dag_extract_catalogs.py took 0.030 seconds
[2026-07-09T17:56:04.101+0000] {processor.py:186} INFO - Started process (PID=10543) to work on /opt/airflow/dags/dag_extract_catalogs.py
[2026-07-09T17:56:04.101+0000] {processor.py:914} INFO - Processing file /opt/airflow/dags/dag_extract_catalogs.py for tasks to queue
[2026-07-09T17:56:04.102+0000] {logging_mixin.py:190} INFO - [2026-07-09T17:56:04.102+0000] {dagbag.py:588} INFO - Filling up the DagBag from /opt/airflow/dags/dag_extract_catalogs.py
[2026-07-09T17:56:04.107+0000] {processor.py:925} INFO - DAG(s) 'dag_extract_catalogs' retrieved from /opt/airflow/dags/dag_extract_catalogs.py
[2026-07-09T17:56:04.117+0000] {logging_mixin.py:190} INFO - [2026-07-09T17:56:04.117+0000] {dag.py:3239} INFO - Sync 1 DAGs
[2026-07-09T17:56:04.124+0000] {logging_mixin.py:190} INFO - [2026-07-09T17:56:04.124+0000] {dag.py:4180} INFO - Setting next_dagrun for dag_extract_catalogs to 2026-07-08 01:00:00+00:00, run_after=2026-07-09 01:00:00+00:00
[2026-07-09T17:56:04.128+0000] {processor.py:208} INFO - Processing /opt/airflow/dags/dag_extract_catalogs.py took 0.030 seconds
[2026-07-09T17:56:34.585+0000] {processor.py:186} INFO - Started process (PID=10563) to work on /opt/airflow/dags/dag_extract_catalogs.py
[2026-07-09T17:56:34.585+0000] {processor.py:914} INFO - Processing file /opt/airflow/dags/dag_extract_catalogs.py for tasks to queue
[2026-07-09T17:56:34.586+0000] {logging_mixin.py:190} INFO - [2026-07-09T17:56:34.586+0000] {dagbag.py:588} INFO - Filling up the DagBag from /opt/airflow/dags/dag_extract_catalogs.py
[2026-07-09T17:56:34.591+0000] {processor.py:925} INFO - DAG(s) 'dag_extract_catalogs' retrieved from /opt/airflow/dags/dag_extract_catalogs.py
[2026-07-09T17:56:34.601+0000] {logging_mixin.py:190} INFO - [2026-07-09T17:56:34.601+0000] {dag.py:3239} INFO - Sync 1 DAGs
[2026-07-09T17:56:34.608+0000] {logging_mixin.py:190} INFO - [2026-07-09T17:56:34.608+0000] {dag.py:4180} INFO - Setting next_dagrun for dag_extract_catalogs to 2026-07-08 01:00:00+00:00, run_after=2026-07-09 01:00:00+00:00
[2026-07-09T17:56:34.612+0000] {processor.py:208} INFO - Processing /opt/airflow/dags/dag_extract_catalogs.py took 0.030 seconds
[2026-07-09T17:57:05.097+0000] {processor.py:186} INFO - Started process (PID=10583) to work on /opt/airflow/dags/dag_extract_catalogs.py
[2026-07-09T17:57:05.097+0000] {processor.py:914} INFO - Processing file /opt/airflow/dags/dag_extract_catalogs.py for tasks to queue
[2026-07-09T17:57:05.098+0000] {logging_mixin.py:190} INFO - [2026-07-09T17:57:05.098+0000] {dagbag.py:588} INFO - Filling up the DagBag from /opt/airflow/dags/dag_extract_catalogs.py
[2026-07-09T17:57:05.103+0000] {processor.py:925} INFO - DAG(s) 'dag_extract_catalogs' retrieved from /opt/airflow/dags/dag_extract_catalogs.py
[2026-07-09T17:57:05.113+0000] {logging_mixin.py:190} INFO - [2026-07-09T17:57:05.113+0000] {dag.py:3239} INFO - Sync 1 DAGs
[2026-07-09T17:57:05.120+0000] {logging_mixin.py:190} INFO - [2026-07-09T17:57:05.120+0000] {dag.py:4180} INFO - Setting next_dagrun for dag_extract_catalogs to 2026-07-08 01:00:00+00:00, run_after=2026-07-09 01:00:00+00:00
[2026-07-09T17:57:05.124+0000] {processor.py:208} INFO - Processing /opt/airflow/dags/dag_extract_catalogs.py took 0.030 seconds
[2026-07-09T17:57:35.452+0000] {processor.py:186} INFO - Started process (PID=10601) to work on /opt/airflow/dags/dag_extract_catalogs.py
[2026-07-09T17:57:35.453+0000] {processor.py:914} INFO - Processing file /opt/airflow/dags/dag_extract_catalogs.py for tasks to queue
[2026-07-09T17:57:35.454+0000] {logging_mixin.py:190} INFO - [2026-07-09T17:57:35.454+0000] {dagbag.py:588} INFO - Filling up the DagBag from /opt/airflow/dags/dag_extract_catalogs.py
[2026-07-09T17:57:35.459+0000] {processor.py:925} INFO - DAG(s) 'dag_extract_catalogs' retrieved from /opt/airflow/dags/dag_extract_catalogs.py
[2026-07-09T17:57:35.473+0000] {logging_mixin.py:190} INFO - [2026-07-09T17:57:35.473+0000] {dag.py:3239} INFO - Sync 1 DAGs
[2026-07-09T17:57:35.480+0000] {logging_mixin.py:190} INFO - [2026-07-09T17:57:35.480+0000] {dag.py:4180} INFO - Setting next_dagrun for dag_extract_catalogs to 2026-07-08 01:00:00+00:00, run_after=2026-07-09 01:00:00+00:00
[2026-07-09T17:57:35.487+0000] {processor.py:208} INFO - Processing /opt/airflow/dags/dag_extract_catalogs.py took 0.038 seconds
[2026-07-09T17:58:06.023+0000] {processor.py:186} INFO - Started process (PID=10623) to work on /opt/airflow/dags/dag_extract_catalogs.py
[2026-07-09T17:58:06.024+0000] {processor.py:914} INFO - Processing file /opt/airflow/dags/dag_extract_catalogs.py for tasks to queue
[2026-07-09T17:58:06.025+0000] {logging_mixin.py:190} INFO - [2026-07-09T17:58:06.024+0000] {dagbag.py:588} INFO - Filling up the DagBag from /opt/airflow/dags/dag_extract_catalogs.py
[2026-07-09T17:58:06.029+0000] {processor.py:925} INFO - DAG(s) 'dag_extract_catalogs' retrieved from /opt/airflow/dags/dag_extract_catalogs.py
[2026-07-09T17:58:06.039+0000] {logging_mixin.py:190} INFO - [2026-07-09T17:58:06.039+0000] {dag.py:3239} INFO - Sync 1 DAGs
[2026-07-09T17:58:06.046+0000] {logging_mixin.py:190} INFO - [2026-07-09T17:58:06.046+0000] {dag.py:4180} INFO - Setting next_dagrun for dag_extract_catalogs to 2026-07-08 01:00:00+00:00, run_after=2026-07-09 01:00:00+00:00
[2026-07-09T17:58:06.051+0000] {processor.py:208} INFO - Processing /opt/airflow/dags/dag_extract_catalogs.py took 0.029 seconds
[2026-07-09T17:58:36.499+0000] {processor.py:186} INFO - Started process (PID=10643) to work on /opt/airflow/dags/dag_extract_catalogs.py
[2026-07-09T17:58:36.499+0000] {processor.py:914} INFO - Processing file /opt/airflow/dags/dag_extract_catalogs.py for tasks to queue
[2026-07-09T17:58:36.500+0000] {logging_mixin.py:190} INFO - [2026-07-09T17:58:36.500+0000] {dagbag.py:588} INFO - Filling up the DagBag from /opt/airflow/dags/dag_extract_catalogs.py
[2026-07-09T17:58:36.505+0000] {processor.py:925} INFO - DAG(s) 'dag_extract_catalogs' retrieved from /opt/airflow/dags/dag_extract_catalogs.py
[2026-07-09T17:58:36.514+0000] {logging_mixin.py:190} INFO - [2026-07-09T17:58:36.514+0000] {dag.py:3239} INFO - Sync 1 DAGs
[2026-07-09T17:58:36.522+0000] {logging_mixin.py:190} INFO - [2026-07-09T17:58:36.522+0000] {dag.py:4180} INFO - Setting next_dagrun for dag_extract_catalogs to 2026-07-08 01:00:00+00:00, run_after=2026-07-09 01:00:00+00:00
[2026-07-09T17:58:36.526+0000] {processor.py:208} INFO - Processing /opt/airflow/dags/dag_extract_catalogs.py took 0.030 seconds
[2026-07-09T17:59:07.003+0000] {processor.py:186} INFO - Started process (PID=10663) to work on /opt/airflow/dags/dag_extract_catalogs.py
[2026-07-09T17:59:07.003+0000] {processor.py:914} INFO - Processing file /opt/airflow/dags/dag_extract_catalogs.py for tasks to queue
[2026-07-09T17:59:07.004+0000] {logging_mixin.py:190} INFO - [2026-07-09T17:59:07.004+0000] {dagbag.py:588} INFO - Filling up the DagBag from /opt/airflow/dags/dag_extract_catalogs.py
[2026-07-09T17:59:07.009+0000] {processor.py:925} INFO - DAG(s) 'dag_extract_catalogs' retrieved from /opt/airflow/dags/dag_extract_catalogs.py
[2026-07-09T17:59:07.018+0000] {logging_mixin.py:190} INFO - [2026-07-09T17:59:07.018+0000] {dag.py:3239} INFO - Sync 1 DAGs
[2026-07-09T17:59:07.025+0000] {logging_mixin.py:190} INFO - [2026-07-09T17:59:07.025+0000] {dag.py:4180} INFO - Setting next_dagrun for dag_extract_catalogs to 2026-07-08 01:00:00+00:00, run_after=2026-07-09 01:00:00+00:00
[2026-07-09T17:59:07.030+0000] {processor.py:208} INFO - Processing /opt/airflow/dags/dag_extract_catalogs.py took 0.029 seconds
[2026-07-09T17:59:37.459+0000] {processor.py:186} INFO - Started process (PID=10683) to work on /opt/airflow/dags/dag_extract_catalogs.py
[2026-07-09T17:59:37.459+0000] {processor.py:914} INFO - Processing file /opt/airflow/dags/dag_extract_catalogs.py for tasks to queue
[2026-07-09T17:59:37.460+0000] {logging_mixin.py:190} INFO - [2026-07-09T17:59:37.460+0000] {dagbag.py:588} INFO - Filling up the DagBag from /opt/airflow/dags/dag_extract_catalogs.py
[2026-07-09T17:59:37.465+0000] {processor.py:925} INFO - DAG(s) 'dag_extract_catalogs' retrieved from /opt/airflow/dags/dag_extract_catalogs.py
[2026-07-09T17:59:37.475+0000] {logging_mixin.py:190} INFO - [2026-07-09T17:59:37.475+0000] {dag.py:3239} INFO - Sync 1 DAGs
[2026-07-09T17:59:37.481+0000] {logging_mixin.py:190} INFO - [2026-07-09T17:59:37.481+0000] {dag.py:4180} INFO - Setting next_dagrun for dag_extract_catalogs to 2026-07-08 01:00:00+00:00, run_after=2026-07-09 01:00:00+00:00
[2026-07-09T17:59:37.486+0000] {processor.py:208} INFO - Processing /opt/airflow/dags/dag_extract_catalogs.py took 0.029 seconds
[2026-07-09T18:00:07.982+0000] {processor.py:186} INFO - Started process (PID=10703) to work on /opt/airflow/dags/dag_extract_catalogs.py
[2026-07-09T18:00:07.982+0000] {processor.py:914} INFO - Processing file /opt/airflow/dags/dag_extract_catalogs.py for tasks to queue
[2026-07-09T18:00:07.983+0000] {logging_mixin.py:190} INFO - [2026-07-09T18:00:07.983+0000] {dagbag.py:588} INFO - Filling up the DagBag from /opt/airflow/dags/dag_extract_catalogs.py
[2026-07-09T18:00:07.988+0000] {processor.py:925} INFO - DAG(s) 'dag_extract_catalogs' retrieved from /opt/airflow/dags/dag_extract_catalogs.py
[2026-07-09T18:00:07.998+0000] {logging_mixin.py:190} INFO - [2026-07-09T18:00:07.998+0000] {dag.py:3239} INFO - Sync 1 DAGs
[2026-07-09T18:00:08.005+0000] {logging_mixin.py:190} INFO - [2026-07-09T18:00:08.005+0000] {dag.py:4180} INFO - Setting next_dagrun for dag_extract_catalogs to 2026-07-08 01:00:00+00:00, run_after=2026-07-09 01:00:00+00:00
[2026-07-09T18:00:08.010+0000] {processor.py:208} INFO - Processing /opt/airflow/dags/dag_extract_catalogs.py took 0.030 seconds
[2026-07-09T18:00:38.454+0000] {processor.py:186} INFO - Started process (PID=10723) to work on /opt/airflow/dags/dag_extract_catalogs.py
[2026-07-09T18:00:38.455+0000] {processor.py:914} INFO - Processing file /opt/airflow/dags/dag_extract_catalogs.py for tasks to queue
[2026-07-09T18:00:38.455+0000] {logging_mixin.py:190} INFO - [2026-07-09T18:00:38.455+0000] {dagbag.py:588} INFO - Filling up the DagBag from /opt/airflow/dags/dag_extract_catalogs.py
[2026-07-09T18:00:38.460+0000] {processor.py:925} INFO - DAG(s) 'dag_extract_catalogs' retrieved from /opt/airflow/dags/dag_extract_catalogs.py
[2026-07-09T18:00:38.470+0000] {logging_mixin.py:190} INFO - [2026-07-09T18:00:38.470+0000] {dag.py:3239} INFO - Sync 1 DAGs
[2026-07-09T18:00:38.476+0000] {logging_mixin.py:190} INFO - [2026-07-09T18:00:38.476+0000] {dag.py:4180} INFO - Setting next_dagrun for dag_extract_catalogs to 2026-07-08 01:00:00+00:00, run_after=2026-07-09 01:00:00+00:00
[2026-07-09T18:00:38.481+0000] {processor.py:208} INFO - Processing /opt/airflow/dags/dag_extract_catalogs.py took 0.029 seconds
[2026-07-09T18:01:08.938+0000] {processor.py:186} INFO - Started process (PID=10741) to work on /opt/airflow/dags/dag_extract_catalogs.py
[2026-07-09T18:01:08.938+0000] {processor.py:914} INFO - Processing file /opt/airflow/dags/dag_extract_catalogs.py for tasks to queue
[2026-07-09T18:01:08.939+0000] {logging_mixin.py:190} INFO - [2026-07-09T18:01:08.939+0000] {dagbag.py:588} INFO - Filling up the DagBag from /opt/airflow/dags/dag_extract_catalogs.py
[2026-07-09T18:01:08.945+0000] {processor.py:925} INFO - DAG(s) 'dag_extract_catalogs' retrieved from /opt/airflow/dags/dag_extract_catalogs.py
[2026-07-09T18:01:08.958+0000] {logging_mixin.py:190} INFO - [2026-07-09T18:01:08.958+0000] {dag.py:3239} INFO - Sync 1 DAGs
[2026-07-09T18:01:08.966+0000] {logging_mixin.py:190} INFO - [2026-07-09T18:01:08.966+0000] {dag.py:4180} INFO - Setting next_dagrun for dag_extract_catalogs to 2026-07-08 01:00:00+00:00, run_after=2026-07-09 01:00:00+00:00
[2026-07-09T18:01:08.971+0000] {processor.py:208} INFO - Processing /opt/airflow/dags/dag_extract_catalogs.py took 0.036 seconds
[2026-07-09T18:01:39.437+0000] {processor.py:186} INFO - Started process (PID=10763) to work on /opt/airflow/dags/dag_extract_catalogs.py
[2026-07-09T18:01:39.437+0000] {processor.py:914} INFO - Processing file /opt/airflow/dags/dag_extract_catalogs.py for tasks to queue
[2026-07-09T18:01:39.438+0000] {logging_mixin.py:190} INFO - [2026-07-09T18:01:39.438+0000] {dagbag.py:588} INFO - Filling up the DagBag from /opt/airflow/dags/dag_extract_catalogs.py
[2026-07-09T18:01:39.443+0000] {processor.py:925} INFO - DAG(s) 'dag_extract_catalogs' retrieved from /opt/airflow/dags/dag_extract_catalogs.py
[2026-07-09T18:01:39.452+0000] {logging_mixin.py:190} INFO - [2026-07-09T18:01:39.452+0000] {dag.py:3239} INFO - Sync 1 DAGs
[2026-07-09T18:01:39.459+0000] {logging_mixin.py:190} INFO - [2026-07-09T18:01:39.459+0000] {dag.py:4180} INFO - Setting next_dagrun for dag_extract_catalogs to 2026-07-08 01:00:00+00:00, run_after=2026-07-09 01:00:00+00:00
[2026-07-09T18:01:39.465+0000] {processor.py:208} INFO - Processing /opt/airflow/dags/dag_extract_catalogs.py took 0.030 seconds
[2026-07-09T18:02:09.911+0000] {processor.py:186} INFO - Started process (PID=10783) to work on /opt/airflow/dags/dag_extract_catalogs.py
[2026-07-09T18:02:09.911+0000] {processor.py:914} INFO - Processing file /opt/airflow/dags/dag_extract_catalogs.py for tasks to queue
[2026-07-09T18:02:09.912+0000] {logging_mixin.py:190} INFO - [2026-07-09T18:02:09.912+0000] {dagbag.py:588} INFO - Filling up the DagBag from /opt/airflow/dags/dag_extract_catalogs.py
[2026-07-09T18:02:09.916+0000] {processor.py:925} INFO - DAG(s) 'dag_extract_catalogs' retrieved from /opt/airflow/dags/dag_extract_catalogs.py
[2026-07-09T18:02:09.926+0000] {logging_mixin.py:190} INFO - [2026-07-09T18:02:09.926+0000] {dag.py:3239} INFO - Sync 1 DAGs
[2026-07-09T18:02:09.933+0000] {logging_mixin.py:190} INFO - [2026-07-09T18:02:09.933+0000] {dag.py:4180} INFO - Setting next_dagrun for dag_extract_catalogs to 2026-07-08 01:00:00+00:00, run_after=2026-07-09 01:00:00+00:00
[2026-07-09T18:02:09.937+0000] {processor.py:208} INFO - Processing /opt/airflow/dags/dag_extract_catalogs.py took 0.029 seconds
[2026-07-09T18:02:40.387+0000] {processor.py:186} INFO - Started process (PID=10801) to work on /opt/airflow/dags/dag_extract_catalogs.py
[2026-07-09T18:02:40.388+0000] {processor.py:914} INFO - Processing file /opt/airflow/dags/dag_extract_catalogs.py for tasks to queue
[2026-07-09T18:02:40.389+0000] {logging_mixin.py:190} INFO - [2026-07-09T18:02:40.389+0000] {dagbag.py:588} INFO - Filling up the DagBag from /opt/airflow/dags/dag_extract_catalogs.py
[2026-07-09T18:02:40.395+0000] {processor.py:925} INFO - DAG(s) 'dag_extract_catalogs' retrieved from /opt/airflow/dags/dag_extract_catalogs.py
[2026-07-09T18:02:40.407+0000] {logging_mixin.py:190} INFO - [2026-07-09T18:02:40.407+0000] {dag.py:3239} INFO - Sync 1 DAGs
[2026-07-09T18:02:40.415+0000] {logging_mixin.py:190} INFO - [2026-07-09T18:02:40.415+0000] {dag.py:4180} INFO - Setting next_dagrun for dag_extract_catalogs to 2026-07-08 01:00:00+00:00, run_after=2026-07-09 01:00:00+00:00
[2026-07-09T18:02:40.420+0000] {processor.py:208} INFO - Processing /opt/airflow/dags/dag_extract_catalogs.py took 0.036 seconds
[2026-07-09T18:03:10.859+0000] {processor.py:186} INFO - Started process (PID=10823) to work on /opt/airflow/dags/dag_extract_catalogs.py
[2026-07-09T18:03:10.860+0000] {processor.py:914} INFO - Processing file /opt/airflow/dags/dag_extract_catalogs.py for tasks to queue
[2026-07-09T18:03:10.861+0000] {logging_mixin.py:190} INFO - [2026-07-09T18:03:10.860+0000] {dagbag.py:588} INFO - Filling up the DagBag from /opt/airflow/dags/dag_extract_catalogs.py
[2026-07-09T18:03:10.865+0000] {processor.py:925} INFO - DAG(s) 'dag_extract_catalogs' retrieved from /opt/airflow/dags/dag_extract_catalogs.py
[2026-07-09T18:03:10.875+0000] {logging_mixin.py:190} INFO - [2026-07-09T18:03:10.875+0000] {dag.py:3239} INFO - Sync 1 DAGs
[2026-07-09T18:03:10.882+0000] {logging_mixin.py:190} INFO - [2026-07-09T18:03:10.882+0000] {dag.py:4180} INFO - Setting next_dagrun for dag_extract_catalogs to 2026-07-08 01:00:00+00:00, run_after=2026-07-09 01:00:00+00:00
[2026-07-09T18:03:10.886+0000] {processor.py:208} INFO - Processing /opt/airflow/dags/dag_extract_catalogs.py took 0.029 seconds
[2026-07-09T18:03:41.287+0000] {processor.py:186} INFO - Started process (PID=10841) to work on /opt/airflow/dags/dag_extract_catalogs.py
[2026-07-09T18:03:41.287+0000] {processor.py:914} INFO - Processing file /opt/airflow/dags/dag_extract_catalogs.py for tasks to queue
[2026-07-09T18:03:41.289+0000] {logging_mixin.py:190} INFO - [2026-07-09T18:03:41.288+0000] {dagbag.py:588} INFO - Filling up the DagBag from /opt/airflow/dags/dag_extract_catalogs.py
[2026-07-09T18:03:41.296+0000] {processor.py:925} INFO - DAG(s) 'dag_extract_catalogs' retrieved from /opt/airflow/dags/dag_extract_catalogs.py
[2026-07-09T18:03:41.310+0000] {logging_mixin.py:190} INFO - [2026-07-09T18:03:41.310+0000] {dag.py:3239} INFO - Sync 1 DAGs
[2026-07-09T18:03:41.318+0000] {logging_mixin.py:190} INFO - [2026-07-09T18:03:41.318+0000] {dag.py:4180} INFO - Setting next_dagrun for dag_extract_catalogs to 2026-07-08 01:00:00+00:00, run_after=2026-07-09 01:00:00+00:00
[2026-07-09T18:03:41.323+0000] {processor.py:208} INFO - Processing /opt/airflow/dags/dag_extract_catalogs.py took 0.039 seconds
[2026-07-09T18:04:11.895+0000] {processor.py:186} INFO - Started process (PID=10863) to work on /opt/airflow/dags/dag_extract_catalogs.py
[2026-07-09T18:04:11.896+0000] {processor.py:914} INFO - Processing file /opt/airflow/dags/dag_extract_catalogs.py for tasks to queue
[2026-07-09T18:04:11.897+0000] {logging_mixin.py:190} INFO - [2026-07-09T18:04:11.897+0000] {dagbag.py:588} INFO - Filling up the DagBag from /opt/airflow/dags/dag_extract_catalogs.py
[2026-07-09T18:04:11.902+0000] {processor.py:925} INFO - DAG(s) 'dag_extract_catalogs' retrieved from /opt/airflow/dags/dag_extract_catalogs.py
[2026-07-09T18:04:11.912+0000] {logging_mixin.py:190} INFO - [2026-07-09T18:04:11.912+0000] {dag.py:3239} INFO - Sync 1 DAGs
[2026-07-09T18:04:11.920+0000] {logging_mixin.py:190} INFO - [2026-07-09T18:04:11.920+0000] {dag.py:4180} INFO - Setting next_dagrun for dag_extract_catalogs to 2026-07-08 01:00:00+00:00, run_after=2026-07-09 01:00:00+00:00
[2026-07-09T18:04:11.924+0000] {processor.py:208} INFO - Processing /opt/airflow/dags/dag_extract_catalogs.py took 0.031 seconds
[2026-07-09T18:04:42.458+0000] {processor.py:186} INFO - Started process (PID=10883) to work on /opt/airflow/dags/dag_extract_catalogs.py
[2026-07-09T18:04:42.458+0000] {processor.py:914} INFO - Processing file /opt/airflow/dags/dag_extract_catalogs.py for tasks to queue
[2026-07-09T18:04:42.459+0000] {logging_mixin.py:190} INFO - [2026-07-09T18:04:42.459+0000] {dagbag.py:588} INFO - Filling up the DagBag from /opt/airflow/dags/dag_extract_catalogs.py
[2026-07-09T18:04:42.465+0000] {processor.py:925} INFO - DAG(s) 'dag_extract_catalogs' retrieved from /opt/airflow/dags/dag_extract_catalogs.py
[2026-07-09T18:04:42.476+0000] {logging_mixin.py:190} INFO - [2026-07-09T18:04:42.476+0000] {dag.py:3239} INFO - Sync 1 DAGs
[2026-07-09T18:04:42.484+0000] {logging_mixin.py:190} INFO - [2026-07-09T18:04:42.484+0000] {dag.py:4180} INFO - Setting next_dagrun for dag_extract_catalogs to 2026-07-08 01:00:00+00:00, run_after=2026-07-09 01:00:00+00:00
[2026-07-09T18:04:42.489+0000] {processor.py:208} INFO - Processing /opt/airflow/dags/dag_extract_catalogs.py took 0.034 seconds
[2026-07-09T18:05:12.938+0000] {processor.py:186} INFO - Started process (PID=10901) to work on /opt/airflow/dags/dag_extract_catalogs.py
[2026-07-09T18:05:12.939+0000] {processor.py:914} INFO - Processing file /opt/airflow/dags/dag_extract_catalogs.py for tasks to queue
[2026-07-09T18:05:12.940+0000] {logging_mixin.py:190} INFO - [2026-07-09T18:05:12.940+0000] {dagbag.py:588} INFO - Filling up the DagBag from /opt/airflow/dags/dag_extract_catalogs.py
[2026-07-09T18:05:12.947+0000] {processor.py:925} INFO - DAG(s) 'dag_extract_catalogs' retrieved from /opt/airflow/dags/dag_extract_catalogs.py
[2026-07-09T18:05:12.962+0000] {logging_mixin.py:190} INFO - [2026-07-09T18:05:12.962+0000] {dag.py:3239} INFO - Sync 1 DAGs
[2026-07-09T18:05:12.973+0000] {logging_mixin.py:190} INFO - [2026-07-09T18:05:12.973+0000] {dag.py:4180} INFO - Setting next_dagrun for dag_extract_catalogs to 2026-07-08 01:00:00+00:00, run_after=2026-07-09 01:00:00+00:00
[2026-07-09T18:05:12.981+0000] {processor.py:208} INFO - Processing /opt/airflow/dags/dag_extract_catalogs.py took 0.050 seconds
[2026-07-09T18:05:43.398+0000] {processor.py:186} INFO - Started process (PID=10923) to work on /opt/airflow/dags/dag_extract_catalogs.py
[2026-07-09T18:05:43.399+0000] {processor.py:914} INFO - Processing file /opt/airflow/dags/dag_extract_catalogs.py for tasks to queue
[2026-07-09T18:05:43.399+0000] {logging_mixin.py:190} INFO - [2026-07-09T18:05:43.399+0000] {dagbag.py:588} INFO - Filling up the DagBag from /opt/airflow/dags/dag_extract_catalogs.py
[2026-07-09T18:05:43.405+0000] {processor.py:925} INFO - DAG(s) 'dag_extract_catalogs' retrieved from /opt/airflow/dags/dag_extract_catalogs.py
[2026-07-09T18:05:43.415+0000] {logging_mixin.py:190} INFO - [2026-07-09T18:05:43.415+0000] {dag.py:3239} INFO - Sync 1 DAGs
[2026-07-09T18:05:43.422+0000] {logging_mixin.py:190} INFO - [2026-07-09T18:05:43.422+0000] {dag.py:4180} INFO - Setting next_dagrun for dag_extract_catalogs to 2026-07-08 01:00:00+00:00, run_after=2026-07-09 01:00:00+00:00
[2026-07-09T18:05:43.427+0000] {processor.py:208} INFO - Processing /opt/airflow/dags/dag_extract_catalogs.py took 0.031 seconds
[2026-07-09T18:06:13.980+0000] {processor.py:186} INFO - Started process (PID=10943) to work on /opt/airflow/dags/dag_extract_catalogs.py
[2026-07-09T18:06:13.980+0000] {processor.py:914} INFO - Processing file /opt/airflow/dags/dag_extract_catalogs.py for tasks to queue
[2026-07-09T18:06:13.981+0000] {logging_mixin.py:190} INFO - [2026-07-09T18:06:13.981+0000] {dagbag.py:588} INFO - Filling up the DagBag from /opt/airflow/dags/dag_extract_catalogs.py
[2026-07-09T18:06:13.986+0000] {processor.py:925} INFO - DAG(s) 'dag_extract_catalogs' retrieved from /opt/airflow/dags/dag_extract_catalogs.py
[2026-07-09T18:06:13.998+0000] {logging_mixin.py:190} INFO - [2026-07-09T18:06:13.998+0000] {dag.py:3239} INFO - Sync 1 DAGs
[2026-07-09T18:06:14.006+0000] {logging_mixin.py:190} INFO - [2026-07-09T18:06:14.006+0000] {dag.py:4180} INFO - Setting next_dagrun for dag_extract_catalogs to 2026-07-08 01:00:00+00:00, run_after=2026-07-09 01:00:00+00:00
[2026-07-09T18:06:14.010+0000] {processor.py:208} INFO - Processing /opt/airflow/dags/dag_extract_catalogs.py took 0.038 seconds
[2026-07-09T18:06:44.438+0000] {processor.py:186} INFO - Started process (PID=10963) to work on /opt/airflow/dags/dag_extract_catalogs.py
[2026-07-09T18:06:44.439+0000] {processor.py:914} INFO - Processing file /opt/airflow/dags/dag_extract_catalogs.py for tasks to queue
[2026-07-09T18:06:44.440+0000] {logging_mixin.py:190} INFO - [2026-07-09T18:06:44.439+0000] {dagbag.py:588} INFO - Filling up the DagBag from /opt/airflow/dags/dag_extract_catalogs.py
[2026-07-09T18:06:44.444+0000] {processor.py:925} INFO - DAG(s) 'dag_extract_catalogs' retrieved from /opt/airflow/dags/dag_extract_catalogs.py
[2026-07-09T18:06:44.454+0000] {logging_mixin.py:190} INFO - [2026-07-09T18:06:44.454+0000] {dag.py:3239} INFO - Sync 1 DAGs
[2026-07-09T18:06:44.461+0000] {logging_mixin.py:190} INFO - [2026-07-09T18:06:44.461+0000] {dag.py:4180} INFO - Setting next_dagrun for dag_extract_catalogs to 2026-07-08 01:00:00+00:00, run_after=2026-07-09 01:00:00+00:00
[2026-07-09T18:06:44.466+0000] {processor.py:208} INFO - Processing /opt/airflow/dags/dag_extract_catalogs.py took 0.030 seconds
[2026-07-09T18:07:14.909+0000] {processor.py:186} INFO - Started process (PID=10983) to work on /opt/airflow/dags/dag_extract_catalogs.py
[2026-07-09T18:07:14.910+0000] {processor.py:914} INFO - Processing file /opt/airflow/dags/dag_extract_catalogs.py for tasks to queue
[2026-07-09T18:07:14.911+0000] {logging_mixin.py:190} INFO - [2026-07-09T18:07:14.910+0000] {dagbag.py:588} INFO - Filling up the DagBag from /opt/airflow/dags/dag_extract_catalogs.py
[2026-07-09T18:07:14.916+0000] {processor.py:925} INFO - DAG(s) 'dag_extract_catalogs' retrieved from /opt/airflow/dags/dag_extract_catalogs.py
[2026-07-09T18:07:14.926+0000] {logging_mixin.py:190} INFO - [2026-07-09T18:07:14.926+0000] {dag.py:3239} INFO - Sync 1 DAGs
[2026-07-09T18:07:14.933+0000] {logging_mixin.py:190} INFO - [2026-07-09T18:07:14.933+0000] {dag.py:4180} INFO - Setting next_dagrun for dag_extract_catalogs to 2026-07-08 01:00:00+00:00, run_after=2026-07-09 01:00:00+00:00
[2026-07-09T18:07:14.938+0000] {processor.py:208} INFO - Processing /opt/airflow/dags/dag_extract_catalogs.py took 0.031 seconds
[2026-07-09T18:07:45.390+0000] {processor.py:186} INFO - Started process (PID=11003) to work on /opt/airflow/dags/dag_extract_catalogs.py
[2026-07-09T18:07:45.390+0000] {processor.py:914} INFO - Processing file /opt/airflow/dags/dag_extract_catalogs.py for tasks to queue
[2026-07-09T18:07:45.391+0000] {logging_mixin.py:190} INFO - [2026-07-09T18:07:45.391+0000] {dagbag.py:588} INFO - Filling up the DagBag from /opt/airflow/dags/dag_extract_catalogs.py
[2026-07-09T18:07:45.396+0000] {processor.py:925} INFO - DAG(s) 'dag_extract_catalogs' retrieved from /opt/airflow/dags/dag_extract_catalogs.py
[2026-07-09T18:07:45.407+0000] {logging_mixin.py:190} INFO - [2026-07-09T18:07:45.407+0000] {dag.py:3239} INFO - Sync 1 DAGs
[2026-07-09T18:07:45.414+0000] {logging_mixin.py:190} INFO - [2026-07-09T18:07:45.414+0000] {dag.py:4180} INFO - Setting next_dagrun for dag_extract_catalogs to 2026-07-08 01:00:00+00:00, run_after=2026-07-09 01:00:00+00:00
[2026-07-09T18:07:45.419+0000] {processor.py:208} INFO - Processing /opt/airflow/dags/dag_extract_catalogs.py took 0.032 seconds
[2026-07-09T18:08:15.824+0000] {processor.py:186} INFO - Started process (PID=11023) to work on /opt/airflow/dags/dag_extract_catalogs.py
[2026-07-09T18:08:15.824+0000] {processor.py:914} INFO - Processing file /opt/airflow/dags/dag_extract_catalogs.py for tasks to queue
[2026-07-09T18:08:15.825+0000] {logging_mixin.py:190} INFO - [2026-07-09T18:08:15.825+0000] {dagbag.py:588} INFO - Filling up the DagBag from /opt/airflow/dags/dag_extract_catalogs.py
[2026-07-09T18:08:15.831+0000] {processor.py:925} INFO - DAG(s) 'dag_extract_catalogs' retrieved from /opt/airflow/dags/dag_extract_catalogs.py
[2026-07-09T18:08:15.842+0000] {logging_mixin.py:190} INFO - [2026-07-09T18:08:15.842+0000] {dag.py:3239} INFO - Sync 1 DAGs
[2026-07-09T18:08:15.849+0000] {logging_mixin.py:190} INFO - [2026-07-09T18:08:15.849+0000] {dag.py:4180} INFO - Setting next_dagrun for dag_extract_catalogs to 2026-07-08 01:00:00+00:00, run_after=2026-07-09 01:00:00+00:00
[2026-07-09T18:08:15.854+0000] {processor.py:208} INFO - Processing /opt/airflow/dags/dag_extract_catalogs.py took 0.033 seconds
[2026-07-09T18:08:46.334+0000] {processor.py:186} INFO - Started process (PID=11043) to work on /opt/airflow/dags/dag_extract_catalogs.py
[2026-07-09T18:08:46.334+0000] {processor.py:914} INFO - Processing file /opt/airflow/dags/dag_extract_catalogs.py for tasks to queue
[2026-07-09T18:08:46.335+0000] {logging_mixin.py:190} INFO - [2026-07-09T18:08:46.335+0000] {dagbag.py:588} INFO - Filling up the DagBag from /opt/airflow/dags/dag_extract_catalogs.py
[2026-07-09T18:08:46.340+0000] {processor.py:925} INFO - DAG(s) 'dag_extract_catalogs' retrieved from /opt/airflow/dags/dag_extract_catalogs.py
[2026-07-09T18:08:46.350+0000] {logging_mixin.py:190} INFO - [2026-07-09T18:08:46.350+0000] {dag.py:3239} INFO - Sync 1 DAGs
[2026-07-09T18:08:46.358+0000] {logging_mixin.py:190} INFO - [2026-07-09T18:08:46.358+0000] {dag.py:4180} INFO - Setting next_dagrun for dag_extract_catalogs to 2026-07-08 01:00:00+00:00, run_after=2026-07-09 01:00:00+00:00
[2026-07-09T18:08:46.363+0000] {processor.py:208} INFO - Processing /opt/airflow/dags/dag_extract_catalogs.py took 0.032 seconds
[2026-07-09T18:09:16.826+0000] {processor.py:186} INFO - Started process (PID=11063) to work on /opt/airflow/dags/dag_extract_catalogs.py
[2026-07-09T18:09:16.826+0000] {processor.py:914} INFO - Processing file /opt/airflow/dags/dag_extract_catalogs.py for tasks to queue
[2026-07-09T18:09:16.827+0000] {logging_mixin.py:190} INFO - [2026-07-09T18:09:16.827+0000] {dagbag.py:588} INFO - Filling up the DagBag from /opt/airflow/dags/dag_extract_catalogs.py
[2026-07-09T18:09:16.832+0000] {processor.py:925} INFO - DAG(s) 'dag_extract_catalogs' retrieved from /opt/airflow/dags/dag_extract_catalogs.py
[2026-07-09T18:09:16.843+0000] {logging_mixin.py:190} INFO - [2026-07-09T18:09:16.842+0000] {dag.py:3239} INFO - Sync 1 DAGs
[2026-07-09T18:09:16.850+0000] {logging_mixin.py:190} INFO - [2026-07-09T18:09:16.850+0000] {dag.py:4180} INFO - Setting next_dagrun for dag_extract_catalogs to 2026-07-08 01:00:00+00:00, run_after=2026-07-09 01:00:00+00:00
[2026-07-09T18:09:16.855+0000] {processor.py:208} INFO - Processing /opt/airflow/dags/dag_extract_catalogs.py took 0.032 seconds
[2026-07-09T18:09:47.231+0000] {processor.py:186} INFO - Started process (PID=11081) to work on /opt/airflow/dags/dag_extract_catalogs.py
[2026-07-09T18:09:47.232+0000] {processor.py:914} INFO - Processing file /opt/airflow/dags/dag_extract_catalogs.py for tasks to queue
[2026-07-09T18:09:47.233+0000] {logging_mixin.py:190} INFO - [2026-07-09T18:09:47.233+0000] {dagbag.py:588} INFO - Filling up the DagBag from /opt/airflow/dags/dag_extract_catalogs.py
[2026-07-09T18:09:47.240+0000] {processor.py:925} INFO - DAG(s) 'dag_extract_catalogs' retrieved from /opt/airflow/dags/dag_extract_catalogs.py
[2026-07-09T18:09:47.254+0000] {logging_mixin.py:190} INFO - [2026-07-09T18:09:47.254+0000] {dag.py:3239} INFO - Sync 1 DAGs
[2026-07-09T18:09:47.262+0000] {logging_mixin.py:190} INFO - [2026-07-09T18:09:47.261+0000] {dag.py:4180} INFO - Setting next_dagrun for dag_extract_catalogs to 2026-07-08 01:00:00+00:00, run_after=2026-07-09 01:00:00+00:00
[2026-07-09T18:09:47.266+0000] {processor.py:208} INFO - Processing /opt/airflow/dags/dag_extract_catalogs.py took 0.038 seconds
[2026-07-09T18:10:17.810+0000] {processor.py:186} INFO - Started process (PID=11103) to work on /opt/airflow/dags/dag_extract_catalogs.py
[2026-07-09T18:10:17.810+0000] {processor.py:914} INFO - Processing file /opt/airflow/dags/dag_extract_catalogs.py for tasks to queue
[2026-07-09T18:10:17.812+0000] {logging_mixin.py:190} INFO - [2026-07-09T18:10:17.811+0000] {dagbag.py:588} INFO - Filling up the DagBag from /opt/airflow/dags/dag_extract_catalogs.py
[2026-07-09T18:10:17.817+0000] {processor.py:925} INFO - DAG(s) 'dag_extract_catalogs' retrieved from /opt/airflow/dags/dag_extract_catalogs.py
[2026-07-09T18:10:17.827+0000] {logging_mixin.py:190} INFO - [2026-07-09T18:10:17.827+0000] {dag.py:3239} INFO - Sync 1 DAGs
[2026-07-09T18:10:17.834+0000] {logging_mixin.py:190} INFO - [2026-07-09T18:10:17.834+0000] {dag.py:4180} INFO - Setting next_dagrun for dag_extract_catalogs to 2026-07-08 01:00:00+00:00, run_after=2026-07-09 01:00:00+00:00
[2026-07-09T18:10:17.839+0000] {processor.py:208} INFO - Processing /opt/airflow/dags/dag_extract_catalogs.py took 0.032 seconds
[2026-07-09T18:10:48.263+0000] {processor.py:186} INFO - Started process (PID=11121) to work on /opt/airflow/dags/dag_extract_catalogs.py
[2026-07-09T18:10:48.263+0000] {processor.py:914} INFO - Processing file /opt/airflow/dags/dag_extract_catalogs.py for tasks to queue
[2026-07-09T18:10:48.265+0000] {logging_mixin.py:190} INFO - [2026-07-09T18:10:48.265+0000] {dagbag.py:588} INFO - Filling up the DagBag from /opt/airflow/dags/dag_extract_catalogs.py
[2026-07-09T18:10:48.271+0000] {processor.py:925} INFO - DAG(s) 'dag_extract_catalogs' retrieved from /opt/airflow/dags/dag_extract_catalogs.py
[2026-07-09T18:10:48.287+0000] {logging_mixin.py:190} INFO - [2026-07-09T18:10:48.287+0000] {dag.py:3239} INFO - Sync 1 DAGs
[2026-07-09T18:10:48.296+0000] {logging_mixin.py:190} INFO - [2026-07-09T18:10:48.296+0000] {dag.py:4180} INFO - Setting next_dagrun for dag_extract_catalogs to 2026-07-08 01:00:00+00:00, run_after=2026-07-09 01:00:00+00:00
[2026-07-09T18:10:48.305+0000] {processor.py:208} INFO - Processing /opt/airflow/dags/dag_extract_catalogs.py took 0.046 seconds
[2026-07-09T18:11:18.794+0000] {processor.py:186} INFO - Started process (PID=11143) to work on /opt/airflow/dags/dag_extract_catalogs.py
[2026-07-09T18:11:18.794+0000] {processor.py:914} INFO - Processing file /opt/airflow/dags/dag_extract_catalogs.py for tasks to queue
[2026-07-09T18:11:18.795+0000] {logging_mixin.py:190} INFO - [2026-07-09T18:11:18.795+0000] {dagbag.py:588} INFO - Filling up the DagBag from /opt/airflow/dags/dag_extract_catalogs.py
[2026-07-09T18:11:18.800+0000] {processor.py:925} INFO - DAG(s) 'dag_extract_catalogs' retrieved from /opt/airflow/dags/dag_extract_catalogs.py
[2026-07-09T18:11:18.811+0000] {logging_mixin.py:190} INFO - [2026-07-09T18:11:18.810+0000] {dag.py:3239} INFO - Sync 1 DAGs
[2026-07-09T18:11:18.818+0000] {logging_mixin.py:190} INFO - [2026-07-09T18:11:18.818+0000] {dag.py:4180} INFO - Setting next_dagrun for dag_extract_catalogs to 2026-07-08 01:00:00+00:00, run_after=2026-07-09 01:00:00+00:00
[2026-07-09T18:11:18.822+0000] {processor.py:208} INFO - Processing /opt/airflow/dags/dag_extract_catalogs.py took 0.032 seconds
[2026-07-09T18:11:49.213+0000] {processor.py:186} INFO - Started process (PID=11161) to work on /opt/airflow/dags/dag_extract_catalogs.py
[2026-07-09T18:11:49.214+0000] {processor.py:914} INFO - Processing file /opt/airflow/dags/dag_extract_catalogs.py for tasks to queue
[2026-07-09T18:11:49.215+0000] {logging_mixin.py:190} INFO - [2026-07-09T18:11:49.215+0000] {dagbag.py:588} INFO - Filling up the DagBag from /opt/airflow/dags/dag_extract_catalogs.py
[2026-07-09T18:11:49.222+0000] {processor.py:925} INFO - DAG(s) 'dag_extract_catalogs' retrieved from /opt/airflow/dags/dag_extract_catalogs.py
[2026-07-09T18:11:49.237+0000] {logging_mixin.py:190} INFO - [2026-07-09T18:11:49.236+0000] {dag.py:3239} INFO - Sync 1 DAGs
[2026-07-09T18:11:49.245+0000] {logging_mixin.py:190} INFO - [2026-07-09T18:11:49.245+0000] {dag.py:4180} INFO - Setting next_dagrun for dag_extract_catalogs to 2026-07-08 01:00:00+00:00, run_after=2026-07-09 01:00:00+00:00
[2026-07-09T18:11:49.249+0000] {processor.py:208} INFO - Processing /opt/airflow/dags/dag_extract_catalogs.py took 0.040 seconds
[2026-07-09T18:12:19.674+0000] {processor.py:186} INFO - Started process (PID=11181) to work on /opt/airflow/dags/dag_extract_catalogs.py
[2026-07-09T18:12:19.675+0000] {processor.py:914} INFO - Processing file /opt/airflow/dags/dag_extract_catalogs.py for tasks to queue
[2026-07-09T18:12:19.676+0000] {logging_mixin.py:190} INFO - [2026-07-09T18:12:19.676+0000] {dagbag.py:588} INFO - Filling up the DagBag from /opt/airflow/dags/dag_extract_catalogs.py
[2026-07-09T18:12:19.683+0000] {processor.py:925} INFO - DAG(s) 'dag_extract_catalogs' retrieved from /opt/airflow/dags/dag_extract_catalogs.py
[2026-07-09T18:12:19.699+0000] {logging_mixin.py:190} INFO - [2026-07-09T18:12:19.699+0000] {dag.py:3239} INFO - Sync 1 DAGs
[2026-07-09T18:12:19.709+0000] {logging_mixin.py:190} INFO - [2026-07-09T18:12:19.709+0000] {dag.py:4180} INFO - Setting next_dagrun for dag_extract_catalogs to 2026-07-08 01:00:00+00:00, run_after=2026-07-09 01:00:00+00:00
[2026-07-09T18:12:19.713+0000] {processor.py:208} INFO - Processing /opt/airflow/dags/dag_extract_catalogs.py took 0.042 seconds
[2026-07-09T18:12:50.201+0000] {processor.py:186} INFO - Started process (PID=11203) to work on /opt/airflow/dags/dag_extract_catalogs.py
[2026-07-09T18:12:50.202+0000] {processor.py:914} INFO - Processing file /opt/airflow/dags/dag_extract_catalogs.py for tasks to queue
[2026-07-09T18:12:50.202+0000] {logging_mixin.py:190} INFO - [2026-07-09T18:12:50.202+0000] {dagbag.py:588} INFO - Filling up the DagBag from /opt/airflow/dags/dag_extract_catalogs.py
[2026-07-09T18:12:50.207+0000] {processor.py:925} INFO - DAG(s) 'dag_extract_catalogs' retrieved from /opt/airflow/dags/dag_extract_catalogs.py
[2026-07-09T18:12:50.218+0000] {logging_mixin.py:190} INFO - [2026-07-09T18:12:50.218+0000] {dag.py:3239} INFO - Sync 1 DAGs
[2026-07-09T18:12:50.225+0000] {logging_mixin.py:190} INFO - [2026-07-09T18:12:50.225+0000] {dag.py:4180} INFO - Setting next_dagrun for dag_extract_catalogs to 2026-07-08 01:00:00+00:00, run_after=2026-07-09 01:00:00+00:00
[2026-07-09T18:12:50.229+0000] {processor.py:208} INFO - Processing /opt/airflow/dags/dag_extract_catalogs.py took 0.031 seconds
[2026-07-09T18:13:20.644+0000] {processor.py:186} INFO - Started process (PID=11223) to work on /opt/airflow/dags/dag_extract_catalogs.py
[2026-07-09T18:13:20.644+0000] {processor.py:914} INFO - Processing file /opt/airflow/dags/dag_extract_catalogs.py for tasks to queue
[2026-07-09T18:13:20.645+0000] {logging_mixin.py:190} INFO - [2026-07-09T18:13:20.645+0000] {dagbag.py:588} INFO - Filling up the DagBag from /opt/airflow/dags/dag_extract_catalogs.py
[2026-07-09T18:13:20.650+0000] {processor.py:925} INFO - DAG(s) 'dag_extract_catalogs' retrieved from /opt/airflow/dags/dag_extract_catalogs.py
[2026-07-09T18:13:20.660+0000] {logging_mixin.py:190} INFO - [2026-07-09T18:13:20.660+0000] {dag.py:3239} INFO - Sync 1 DAGs
[2026-07-09T18:13:20.667+0000] {logging_mixin.py:190} INFO - [2026-07-09T18:13:20.666+0000] {dag.py:4180} INFO - Setting next_dagrun for dag_extract_catalogs to 2026-07-08 01:00:00+00:00, run_after=2026-07-09 01:00:00+00:00
[2026-07-09T18:13:20.671+0000] {processor.py:208} INFO - Processing /opt/airflow/dags/dag_extract_catalogs.py took 0.030 seconds
[2026-07-09T18:13:51.100+0000] {processor.py:186} INFO - Started process (PID=11243) to work on /opt/airflow/dags/dag_extract_catalogs.py
[2026-07-09T18:13:51.100+0000] {processor.py:914} INFO - Processing file /opt/airflow/dags/dag_extract_catalogs.py for tasks to queue
[2026-07-09T18:13:51.101+0000] {logging_mixin.py:190} INFO - [2026-07-09T18:13:51.101+0000] {dagbag.py:588} INFO - Filling up the DagBag from /opt/airflow/dags/dag_extract_catalogs.py
[2026-07-09T18:13:51.106+0000] {processor.py:925} INFO - DAG(s) 'dag_extract_catalogs' retrieved from /opt/airflow/dags/dag_extract_catalogs.py
[2026-07-09T18:13:51.116+0000] {logging_mixin.py:190} INFO - [2026-07-09T18:13:51.116+0000] {dag.py:3239} INFO - Sync 1 DAGs
[2026-07-09T18:13:51.123+0000] {logging_mixin.py:190} INFO - [2026-07-09T18:13:51.123+0000] {dag.py:4180} INFO - Setting next_dagrun for dag_extract_catalogs to 2026-07-08 01:00:00+00:00, run_after=2026-07-09 01:00:00+00:00
[2026-07-09T18:13:51.128+0000] {processor.py:208} INFO - Processing /opt/airflow/dags/dag_extract_catalogs.py took 0.030 seconds
[2026-07-09T18:14:21.525+0000] {processor.py:186} INFO - Started process (PID=11261) to work on /opt/airflow/dags/dag_extract_catalogs.py
[2026-07-09T18:14:21.526+0000] {processor.py:914} INFO - Processing file /opt/airflow/dags/dag_extract_catalogs.py for tasks to queue
[2026-07-09T18:14:21.527+0000] {logging_mixin.py:190} INFO - [2026-07-09T18:14:21.527+0000] {dagbag.py:588} INFO - Filling up the DagBag from /opt/airflow/dags/dag_extract_catalogs.py
[2026-07-09T18:14:21.535+0000] {processor.py:925} INFO - DAG(s) 'dag_extract_catalogs' retrieved from /opt/airflow/dags/dag_extract_catalogs.py
[2026-07-09T18:14:21.551+0000] {logging_mixin.py:190} INFO - [2026-07-09T18:14:21.551+0000] {dag.py:3239} INFO - Sync 1 DAGs
[2026-07-09T18:14:21.561+0000] {logging_mixin.py:190} INFO - [2026-07-09T18:14:21.561+0000] {dag.py:4180} INFO - Setting next_dagrun for dag_extract_catalogs to 2026-07-08 01:00:00+00:00, run_after=2026-07-09 01:00:00+00:00
[2026-07-09T18:14:21.565+0000] {processor.py:208} INFO - Processing /opt/airflow/dags/dag_extract_catalogs.py took 0.043 seconds
[2026-07-09T18:14:51.996+0000] {processor.py:186} INFO - Started process (PID=11283) to work on /opt/airflow/dags/dag_extract_catalogs.py
[2026-07-09T18:14:51.996+0000] {processor.py:914} INFO - Processing file /opt/airflow/dags/dag_extract_catalogs.py for tasks to queue
[2026-07-09T18:14:51.997+0000] {logging_mixin.py:190} INFO - [2026-07-09T18:14:51.997+0000] {dagbag.py:588} INFO - Filling up the DagBag from /opt/airflow/dags/dag_extract_catalogs.py
[2026-07-09T18:14:52.002+0000] {processor.py:925} INFO - DAG(s) 'dag_extract_catalogs' retrieved from /opt/airflow/dags/dag_extract_catalogs.py
[2026-07-09T18:14:52.012+0000] {logging_mixin.py:190} INFO - [2026-07-09T18:14:52.012+0000] {dag.py:3239} INFO - Sync 1 DAGs
[2026-07-09T18:14:52.019+0000] {logging_mixin.py:190} INFO - [2026-07-09T18:14:52.019+0000] {dag.py:4180} INFO - Setting next_dagrun for dag_extract_catalogs to 2026-07-08 01:00:00+00:00, run_after=2026-07-09 01:00:00+00:00
[2026-07-09T18:14:52.023+0000] {processor.py:208} INFO - Processing /opt/airflow/dags/dag_extract_catalogs.py took 0.030 seconds
[2026-07-09T18:15:22.423+0000] {processor.py:186} INFO - Started process (PID=11301) to work on /opt/airflow/dags/dag_extract_catalogs.py
[2026-07-09T18:15:22.424+0000] {processor.py:914} INFO - Processing file /opt/airflow/dags/dag_extract_catalogs.py for tasks to queue
[2026-07-09T18:15:22.425+0000] {logging_mixin.py:190} INFO - [2026-07-09T18:15:22.425+0000] {dagbag.py:588} INFO - Filling up the DagBag from /opt/airflow/dags/dag_extract_catalogs.py
[2026-07-09T18:15:22.432+0000] {processor.py:925} INFO - DAG(s) 'dag_extract_catalogs' retrieved from /opt/airflow/dags/dag_extract_catalogs.py
[2026-07-09T18:15:22.446+0000] {logging_mixin.py:190} INFO - [2026-07-09T18:15:22.445+0000] {dag.py:3239} INFO - Sync 1 DAGs
[2026-07-09T18:15:22.453+0000] {logging_mixin.py:190} INFO - [2026-07-09T18:15:22.453+0000] {dag.py:4180} INFO - Setting next_dagrun for dag_extract_catalogs to 2026-07-08 01:00:00+00:00, run_after=2026-07-09 01:00:00+00:00
[2026-07-09T18:15:22.459+0000] {processor.py:208} INFO - Processing /opt/airflow/dags/dag_extract_catalogs.py took 0.039 seconds
[2026-07-09T18:15:52.887+0000] {processor.py:186} INFO - Started process (PID=11323) to work on /opt/airflow/dags/dag_extract_catalogs.py
[2026-07-09T18:15:52.887+0000] {processor.py:914} INFO - Processing file /opt/airflow/dags/dag_extract_catalogs.py for tasks to queue
[2026-07-09T18:15:52.888+0000] {logging_mixin.py:190} INFO - [2026-07-09T18:15:52.888+0000] {dagbag.py:588} INFO - Filling up the DagBag from /opt/airflow/dags/dag_extract_catalogs.py
[2026-07-09T18:15:52.893+0000] {processor.py:925} INFO - DAG(s) 'dag_extract_catalogs' retrieved from /opt/airflow/dags/dag_extract_catalogs.py
[2026-07-09T18:15:52.903+0000] {logging_mixin.py:190} INFO - [2026-07-09T18:15:52.903+0000] {dag.py:3239} INFO - Sync 1 DAGs
[2026-07-09T18:15:52.910+0000] {logging_mixin.py:190} INFO - [2026-07-09T18:15:52.910+0000] {dag.py:4180} INFO - Setting next_dagrun for dag_extract_catalogs to 2026-07-08 01:00:00+00:00, run_after=2026-07-09 01:00:00+00:00
[2026-07-09T18:15:52.914+0000] {processor.py:208} INFO - Processing /opt/airflow/dags/dag_extract_catalogs.py took 0.030 seconds
[2026-07-09T18:16:23.366+0000] {processor.py:186} INFO - Started process (PID=11343) to work on /opt/airflow/dags/dag_extract_catalogs.py
[2026-07-09T18:16:23.367+0000] {processor.py:914} INFO - Processing file /opt/airflow/dags/dag_extract_catalogs.py for tasks to queue
[2026-07-09T18:16:23.368+0000] {logging_mixin.py:190} INFO - [2026-07-09T18:16:23.367+0000] {dagbag.py:588} INFO - Filling up the DagBag from /opt/airflow/dags/dag_extract_catalogs.py
[2026-07-09T18:16:23.373+0000] {processor.py:925} INFO - DAG(s) 'dag_extract_catalogs' retrieved from /opt/airflow/dags/dag_extract_catalogs.py
[2026-07-09T18:16:23.383+0000] {logging_mixin.py:190} INFO - [2026-07-09T18:16:23.383+0000] {dag.py:3239} INFO - Sync 1 DAGs
[2026-07-09T18:16:23.390+0000] {logging_mixin.py:190} INFO - [2026-07-09T18:16:23.390+0000] {dag.py:4180} INFO - Setting next_dagrun for dag_extract_catalogs to 2026-07-08 01:00:00+00:00, run_after=2026-07-09 01:00:00+00:00
[2026-07-09T18:16:23.394+0000] {processor.py:208} INFO - Processing /opt/airflow/dags/dag_extract_catalogs.py took 0.031 seconds
[2026-07-09T18:16:53.814+0000] {processor.py:186} INFO - Started process (PID=11361) to work on /opt/airflow/dags/dag_extract_catalogs.py
[2026-07-09T18:16:53.814+0000] {processor.py:914} INFO - Processing file /opt/airflow/dags/dag_extract_catalogs.py for tasks to queue
[2026-07-09T18:16:53.816+0000] {logging_mixin.py:190} INFO - [2026-07-09T18:16:53.816+0000] {dagbag.py:588} INFO - Filling up the DagBag from /opt/airflow/dags/dag_extract_catalogs.py
[2026-07-09T18:16:53.823+0000] {processor.py:925} INFO - DAG(s) 'dag_extract_catalogs' retrieved from /opt/airflow/dags/dag_extract_catalogs.py
[2026-07-09T18:16:53.838+0000] {logging_mixin.py:190} INFO - [2026-07-09T18:16:53.838+0000] {dag.py:3239} INFO - Sync 1 DAGs
[2026-07-09T18:16:53.848+0000] {logging_mixin.py:190} INFO - [2026-07-09T18:16:53.848+0000] {dag.py:4180} INFO - Setting next_dagrun for dag_extract_catalogs to 2026-07-08 01:00:00+00:00, run_after=2026-07-09 01:00:00+00:00
[2026-07-09T18:16:53.853+0000] {processor.py:208} INFO - Processing /opt/airflow/dags/dag_extract_catalogs.py took 0.042 seconds
[2026-07-09T18:17:24.350+0000] {processor.py:186} INFO - Started process (PID=11381) to work on /opt/airflow/dags/dag_extract_catalogs.py
[2026-07-09T18:17:24.351+0000] {processor.py:914} INFO - Processing file /opt/airflow/dags/dag_extract_catalogs.py for tasks to queue
[2026-07-09T18:17:24.352+0000] {logging_mixin.py:190} INFO - [2026-07-09T18:17:24.352+0000] {dagbag.py:588} INFO - Filling up the DagBag from /opt/airflow/dags/dag_extract_catalogs.py
[2026-07-09T18:17:24.359+0000] {processor.py:925} INFO - DAG(s) 'dag_extract_catalogs' retrieved from /opt/airflow/dags/dag_extract_catalogs.py
[2026-07-09T18:17:24.372+0000] {logging_mixin.py:190} INFO - [2026-07-09T18:17:24.372+0000] {dag.py:3239} INFO - Sync 1 DAGs
[2026-07-09T18:17:24.381+0000] {logging_mixin.py:190} INFO - [2026-07-09T18:17:24.381+0000] {dag.py:4180} INFO - Setting next_dagrun for dag_extract_catalogs to 2026-07-08 01:00:00+00:00, run_after=2026-07-09 01:00:00+00:00
[2026-07-09T18:17:24.386+0000] {processor.py:208} INFO - Processing /opt/airflow/dags/dag_extract_catalogs.py took 0.039 seconds
[2026-07-09T18:17:54.859+0000] {processor.py:186} INFO - Started process (PID=11401) to work on /opt/airflow/dags/dag_extract_catalogs.py
[2026-07-09T18:17:54.860+0000] {processor.py:914} INFO - Processing file /opt/airflow/dags/dag_extract_catalogs.py for tasks to queue
[2026-07-09T18:17:54.861+0000] {logging_mixin.py:190} INFO - [2026-07-09T18:17:54.861+0000] {dagbag.py:588} INFO - Filling up the DagBag from /opt/airflow/dags/dag_extract_catalogs.py
[2026-07-09T18:17:54.869+0000] {processor.py:925} INFO - DAG(s) 'dag_extract_catalogs' retrieved from /opt/airflow/dags/dag_extract_catalogs.py
[2026-07-09T18:17:54.886+0000] {logging_mixin.py:190} INFO - [2026-07-09T18:17:54.886+0000] {dag.py:3239} INFO - Sync 1 DAGs
[2026-07-09T18:17:54.896+0000] {logging_mixin.py:190} INFO - [2026-07-09T18:17:54.896+0000] {dag.py:4180} INFO - Setting next_dagrun for dag_extract_catalogs to 2026-07-08 01:00:00+00:00, run_after=2026-07-09 01:00:00+00:00
[2026-07-09T18:17:54.900+0000] {processor.py:208} INFO - Processing /opt/airflow/dags/dag_extract_catalogs.py took 0.044 seconds
[2026-07-09T18:18:25.386+0000] {processor.py:186} INFO - Started process (PID=11423) to work on /opt/airflow/dags/dag_extract_catalogs.py
[2026-07-09T18:18:25.387+0000] {processor.py:914} INFO - Processing file /opt/airflow/dags/dag_extract_catalogs.py for tasks to queue
[2026-07-09T18:18:25.388+0000] {logging_mixin.py:190} INFO - [2026-07-09T18:18:25.387+0000] {dagbag.py:588} INFO - Filling up the DagBag from /opt/airflow/dags/dag_extract_catalogs.py
[2026-07-09T18:18:25.392+0000] {processor.py:925} INFO - DAG(s) 'dag_extract_catalogs' retrieved from /opt/airflow/dags/dag_extract_catalogs.py
[2026-07-09T18:18:25.402+0000] {logging_mixin.py:190} INFO - [2026-07-09T18:18:25.402+0000] {dag.py:3239} INFO - Sync 1 DAGs
[2026-07-09T18:18:25.409+0000] {logging_mixin.py:190} INFO - [2026-07-09T18:18:25.409+0000] {dag.py:4180} INFO - Setting next_dagrun for dag_extract_catalogs to 2026-07-08 01:00:00+00:00, run_after=2026-07-09 01:00:00+00:00
[2026-07-09T18:18:25.414+0000] {processor.py:208} INFO - Processing /opt/airflow/dags/dag_extract_catalogs.py took 0.030 seconds
[2026-07-09T18:18:55.921+0000] {processor.py:186} INFO - Started process (PID=11443) to work on /opt/airflow/dags/dag_extract_catalogs.py
[2026-07-09T18:18:55.922+0000] {processor.py:914} INFO - Processing file /opt/airflow/dags/dag_extract_catalogs.py for tasks to queue
[2026-07-09T18:18:55.922+0000] {logging_mixin.py:190} INFO - [2026-07-09T18:18:55.922+0000] {dagbag.py:588} INFO - Filling up the DagBag from /opt/airflow/dags/dag_extract_catalogs.py
[2026-07-09T18:18:55.927+0000] {processor.py:925} INFO - DAG(s) 'dag_extract_catalogs' retrieved from /opt/airflow/dags/dag_extract_catalogs.py
[2026-07-09T18:18:55.937+0000] {logging_mixin.py:190} INFO - [2026-07-09T18:18:55.937+0000] {dag.py:3239} INFO - Sync 1 DAGs
[2026-07-09T18:18:55.944+0000] {logging_mixin.py:190} INFO - [2026-07-09T18:18:55.944+0000] {dag.py:4180} INFO - Setting next_dagrun for dag_extract_catalogs to 2026-07-08 01:00:00+00:00, run_after=2026-07-09 01:00:00+00:00
[2026-07-09T18:18:55.949+0000] {processor.py:208} INFO - Processing /opt/airflow/dags/dag_extract_catalogs.py took 0.030 seconds
[2026-07-09T18:19:26.406+0000] {processor.py:186} INFO - Started process (PID=11463) to work on /opt/airflow/dags/dag_extract_catalogs.py
[2026-07-09T18:19:26.407+0000] {processor.py:914} INFO - Processing file /opt/airflow/dags/dag_extract_catalogs.py for tasks to queue
[2026-07-09T18:19:26.407+0000] {logging_mixin.py:190} INFO - [2026-07-09T18:19:26.407+0000] {dagbag.py:588} INFO - Filling up the DagBag from /opt/airflow/dags/dag_extract_catalogs.py
[2026-07-09T18:19:26.412+0000] {processor.py:925} INFO - DAG(s) 'dag_extract_catalogs' retrieved from /opt/airflow/dags/dag_extract_catalogs.py
[2026-07-09T18:19:26.422+0000] {logging_mixin.py:190} INFO - [2026-07-09T18:19:26.422+0000] {dag.py:3239} INFO - Sync 1 DAGs
[2026-07-09T18:19:26.429+0000] {logging_mixin.py:190} INFO - [2026-07-09T18:19:26.429+0000] {dag.py:4180} INFO - Setting next_dagrun for dag_extract_catalogs to 2026-07-08 01:00:00+00:00, run_after=2026-07-09 01:00:00+00:00
[2026-07-09T18:19:26.434+0000] {processor.py:208} INFO - Processing /opt/airflow/dags/dag_extract_catalogs.py took 0.031 seconds
[2026-07-09T18:19:56.895+0000] {processor.py:186} INFO - Started process (PID=11483) to work on /opt/airflow/dags/dag_extract_catalogs.py
[2026-07-09T18:19:56.895+0000] {processor.py:914} INFO - Processing file /opt/airflow/dags/dag_extract_catalogs.py for tasks to queue
[2026-07-09T18:19:56.896+0000] {logging_mixin.py:190} INFO - [2026-07-09T18:19:56.896+0000] {dagbag.py:588} INFO - Filling up the DagBag from /opt/airflow/dags/dag_extract_catalogs.py
[2026-07-09T18:19:56.901+0000] {processor.py:925} INFO - DAG(s) 'dag_extract_catalogs' retrieved from /opt/airflow/dags/dag_extract_catalogs.py
[2026-07-09T18:19:56.911+0000] {logging_mixin.py:190} INFO - [2026-07-09T18:19:56.910+0000] {dag.py:3239} INFO - Sync 1 DAGs
[2026-07-09T18:19:56.918+0000] {logging_mixin.py:190} INFO - [2026-07-09T18:19:56.918+0000] {dag.py:4180} INFO - Setting next_dagrun for dag_extract_catalogs to 2026-07-08 01:00:00+00:00, run_after=2026-07-09 01:00:00+00:00
[2026-07-09T18:19:56.922+0000] {processor.py:208} INFO - Processing /opt/airflow/dags/dag_extract_catalogs.py took 0.030 seconds
[2026-07-09T18:20:27.377+0000] {processor.py:186} INFO - Started process (PID=11503) to work on /opt/airflow/dags/dag_extract_catalogs.py
[2026-07-09T18:20:27.377+0000] {processor.py:914} INFO - Processing file /opt/airflow/dags/dag_extract_catalogs.py for tasks to queue
[2026-07-09T18:20:27.378+0000] {logging_mixin.py:190} INFO - [2026-07-09T18:20:27.378+0000] {dagbag.py:588} INFO - Filling up the DagBag from /opt/airflow/dags/dag_extract_catalogs.py
[2026-07-09T18:20:27.383+0000] {processor.py:925} INFO - DAG(s) 'dag_extract_catalogs' retrieved from /opt/airflow/dags/dag_extract_catalogs.py
[2026-07-09T18:20:27.392+0000] {logging_mixin.py:190} INFO - [2026-07-09T18:20:27.392+0000] {dag.py:3239} INFO - Sync 1 DAGs
[2026-07-09T18:20:27.399+0000] {logging_mixin.py:190} INFO - [2026-07-09T18:20:27.399+0000] {dag.py:4180} INFO - Setting next_dagrun for dag_extract_catalogs to 2026-07-08 01:00:00+00:00, run_after=2026-07-09 01:00:00+00:00
[2026-07-09T18:20:27.404+0000] {processor.py:208} INFO - Processing /opt/airflow/dags/dag_extract_catalogs.py took 0.030 seconds
[2026-07-09T18:20:57.932+0000] {processor.py:186} INFO - Started process (PID=11523) to work on /opt/airflow/dags/dag_extract_catalogs.py
[2026-07-09T18:20:57.932+0000] {processor.py:914} INFO - Processing file /opt/airflow/dags/dag_extract_catalogs.py for tasks to queue
[2026-07-09T18:20:57.933+0000] {logging_mixin.py:190} INFO - [2026-07-09T18:20:57.933+0000] {dagbag.py:588} INFO - Filling up the DagBag from /opt/airflow/dags/dag_extract_catalogs.py
[2026-07-09T18:20:57.938+0000] {processor.py:925} INFO - DAG(s) 'dag_extract_catalogs' retrieved from /opt/airflow/dags/dag_extract_catalogs.py
[2026-07-09T18:20:57.948+0000] {logging_mixin.py:190} INFO - [2026-07-09T18:20:57.948+0000] {dag.py:3239} INFO - Sync 1 DAGs
[2026-07-09T18:20:57.955+0000] {logging_mixin.py:190} INFO - [2026-07-09T18:20:57.955+0000] {dag.py:4180} INFO - Setting next_dagrun for dag_extract_catalogs to 2026-07-08 01:00:00+00:00, run_after=2026-07-09 01:00:00+00:00
[2026-07-09T18:20:57.960+0000] {processor.py:208} INFO - Processing /opt/airflow/dags/dag_extract_catalogs.py took 0.031 seconds
[2026-07-09T18:21:28.467+0000] {processor.py:186} INFO - Started process (PID=11543) to work on /opt/airflow/dags/dag_extract_catalogs.py
[2026-07-09T18:21:28.467+0000] {processor.py:914} INFO - Processing file /opt/airflow/dags/dag_extract_catalogs.py for tasks to queue
[2026-07-09T18:21:28.468+0000] {logging_mixin.py:190} INFO - [2026-07-09T18:21:28.468+0000] {dagbag.py:588} INFO - Filling up the DagBag from /opt/airflow/dags/dag_extract_catalogs.py
[2026-07-09T18:21:28.473+0000] {processor.py:925} INFO - DAG(s) 'dag_extract_catalogs' retrieved from /opt/airflow/dags/dag_extract_catalogs.py
[2026-07-09T18:21:28.484+0000] {logging_mixin.py:190} INFO - [2026-07-09T18:21:28.484+0000] {dag.py:3239} INFO - Sync 1 DAGs
[2026-07-09T18:21:28.493+0000] {logging_mixin.py:190} INFO - [2026-07-09T18:21:28.492+0000] {dag.py:4180} INFO - Setting next_dagrun for dag_extract_catalogs to 2026-07-08 01:00:00+00:00, run_after=2026-07-09 01:00:00+00:00
[2026-07-09T18:21:28.497+0000] {processor.py:208} INFO - Processing /opt/airflow/dags/dag_extract_catalogs.py took 0.033 seconds
[2026-07-09T18:21:58.970+0000] {processor.py:186} INFO - Started process (PID=11563) to work on /opt/airflow/dags/dag_extract_catalogs.py
[2026-07-09T18:21:58.970+0000] {processor.py:914} INFO - Processing file /opt/airflow/dags/dag_extract_catalogs.py for tasks to queue
[2026-07-09T18:21:58.971+0000] {logging_mixin.py:190} INFO - [2026-07-09T18:21:58.971+0000] {dagbag.py:588} INFO - Filling up the DagBag from /opt/airflow/dags/dag_extract_catalogs.py
[2026-07-09T18:21:58.976+0000] {processor.py:925} INFO - DAG(s) 'dag_extract_catalogs' retrieved from /opt/airflow/dags/dag_extract_catalogs.py
[2026-07-09T18:21:58.986+0000] {logging_mixin.py:190} INFO - [2026-07-09T18:21:58.985+0000] {dag.py:3239} INFO - Sync 1 DAGs
[2026-07-09T18:21:58.992+0000] {logging_mixin.py:190} INFO - [2026-07-09T18:21:58.992+0000] {dag.py:4180} INFO - Setting next_dagrun for dag_extract_catalogs to 2026-07-08 01:00:00+00:00, run_after=2026-07-09 01:00:00+00:00
[2026-07-09T18:21:58.997+0000] {processor.py:208} INFO - Processing /opt/airflow/dags/dag_extract_catalogs.py took 0.029 seconds
[2026-07-09T18:22:29.447+0000] {processor.py:186} INFO - Started process (PID=11581) to work on /opt/airflow/dags/dag_extract_catalogs.py
[2026-07-09T18:22:29.448+0000] {processor.py:914} INFO - Processing file /opt/airflow/dags/dag_extract_catalogs.py for tasks to queue
[2026-07-09T18:22:29.449+0000] {logging_mixin.py:190} INFO - [2026-07-09T18:22:29.449+0000] {dagbag.py:588} INFO - Filling up the DagBag from /opt/airflow/dags/dag_extract_catalogs.py
[2026-07-09T18:22:29.455+0000] {processor.py:925} INFO - DAG(s) 'dag_extract_catalogs' retrieved from /opt/airflow/dags/dag_extract_catalogs.py
[2026-07-09T18:22:29.468+0000] {logging_mixin.py:190} INFO - [2026-07-09T18:22:29.468+0000] {dag.py:3239} INFO - Sync 1 DAGs
[2026-07-09T18:22:29.477+0000] {logging_mixin.py:190} INFO - [2026-07-09T18:22:29.476+0000] {dag.py:4180} INFO - Setting next_dagrun for dag_extract_catalogs to 2026-07-08 01:00:00+00:00, run_after=2026-07-09 01:00:00+00:00
[2026-07-09T18:22:29.483+0000] {processor.py:208} INFO - Processing /opt/airflow/dags/dag_extract_catalogs.py took 0.039 seconds
[2026-07-09T18:23:00.029+0000] {processor.py:186} INFO - Started process (PID=11603) to work on /opt/airflow/dags/dag_extract_catalogs.py
[2026-07-09T18:23:00.030+0000] {processor.py:914} INFO - Processing file /opt/airflow/dags/dag_extract_catalogs.py for tasks to queue
[2026-07-09T18:23:00.030+0000] {logging_mixin.py:190} INFO - [2026-07-09T18:23:00.030+0000] {dagbag.py:588} INFO - Filling up the DagBag from /opt/airflow/dags/dag_extract_catalogs.py
[2026-07-09T18:23:00.035+0000] {processor.py:925} INFO - DAG(s) 'dag_extract_catalogs' retrieved from /opt/airflow/dags/dag_extract_catalogs.py
[2026-07-09T18:23:00.045+0000] {logging_mixin.py:190} INFO - [2026-07-09T18:23:00.045+0000] {dag.py:3239} INFO - Sync 1 DAGs
[2026-07-09T18:23:00.053+0000] {logging_mixin.py:190} INFO - [2026-07-09T18:23:00.053+0000] {dag.py:4180} INFO - Setting next_dagrun for dag_extract_catalogs to 2026-07-08 01:00:00+00:00, run_after=2026-07-09 01:00:00+00:00
[2026-07-09T18:23:00.058+0000] {processor.py:208} INFO - Processing /opt/airflow/dags/dag_extract_catalogs.py took 0.031 seconds
[2026-07-09T18:23:30.430+0000] {processor.py:186} INFO - Started process (PID=11621) to work on /opt/airflow/dags/dag_extract_catalogs.py
[2026-07-09T18:23:30.431+0000] {processor.py:914} INFO - Processing file /opt/airflow/dags/dag_extract_catalogs.py for tasks to queue
[2026-07-09T18:23:30.432+0000] {logging_mixin.py:190} INFO - [2026-07-09T18:23:30.432+0000] {dagbag.py:588} INFO - Filling up the DagBag from /opt/airflow/dags/dag_extract_catalogs.py
[2026-07-09T18:23:30.441+0000] {processor.py:925} INFO - DAG(s) 'dag_extract_catalogs' retrieved from /opt/airflow/dags/dag_extract_catalogs.py
[2026-07-09T18:23:30.456+0000] {logging_mixin.py:190} INFO - [2026-07-09T18:23:30.456+0000] {dag.py:3239} INFO - Sync 1 DAGs
[2026-07-09T18:23:30.464+0000] {logging_mixin.py:190} INFO - [2026-07-09T18:23:30.464+0000] {dag.py:4180} INFO - Setting next_dagrun for dag_extract_catalogs to 2026-07-08 01:00:00+00:00, run_after=2026-07-09 01:00:00+00:00
[2026-07-09T18:23:30.468+0000] {processor.py:208} INFO - Processing /opt/airflow/dags/dag_extract_catalogs.py took 0.041 seconds
[2026-07-09T18:24:00.962+0000] {processor.py:186} INFO - Started process (PID=11643) to work on /opt/airflow/dags/dag_extract_catalogs.py
[2026-07-09T18:24:00.963+0000] {processor.py:914} INFO - Processing file /opt/airflow/dags/dag_extract_catalogs.py for tasks to queue
[2026-07-09T18:24:00.964+0000] {logging_mixin.py:190} INFO - [2026-07-09T18:24:00.964+0000] {dagbag.py:588} INFO - Filling up the DagBag from /opt/airflow/dags/dag_extract_catalogs.py
[2026-07-09T18:24:00.969+0000] {processor.py:925} INFO - DAG(s) 'dag_extract_catalogs' retrieved from /opt/airflow/dags/dag_extract_catalogs.py
[2026-07-09T18:24:00.979+0000] {logging_mixin.py:190} INFO - [2026-07-09T18:24:00.979+0000] {dag.py:3239} INFO - Sync 1 DAGs
[2026-07-09T18:24:00.986+0000] {logging_mixin.py:190} INFO - [2026-07-09T18:24:00.986+0000] {dag.py:4180} INFO - Setting next_dagrun for dag_extract_catalogs to 2026-07-08 01:00:00+00:00, run_after=2026-07-09 01:00:00+00:00
[2026-07-09T18:24:00.990+0000] {processor.py:208} INFO - Processing /opt/airflow/dags/dag_extract_catalogs.py took 0.031 seconds
[2026-07-09T18:24:31.458+0000] {processor.py:186} INFO - Started process (PID=11663) to work on /opt/airflow/dags/dag_extract_catalogs.py
[2026-07-09T18:24:31.459+0000] {processor.py:914} INFO - Processing file /opt/airflow/dags/dag_extract_catalogs.py for tasks to queue
[2026-07-09T18:24:31.460+0000] {logging_mixin.py:190} INFO - [2026-07-09T18:24:31.459+0000] {dagbag.py:588} INFO - Filling up the DagBag from /opt/airflow/dags/dag_extract_catalogs.py
[2026-07-09T18:24:31.464+0000] {processor.py:925} INFO - DAG(s) 'dag_extract_catalogs' retrieved from /opt/airflow/dags/dag_extract_catalogs.py
[2026-07-09T18:24:31.475+0000] {logging_mixin.py:190} INFO - [2026-07-09T18:24:31.475+0000] {dag.py:3239} INFO - Sync 1 DAGs
[2026-07-09T18:24:31.482+0000] {logging_mixin.py:190} INFO - [2026-07-09T18:24:31.482+0000] {dag.py:4180} INFO - Setting next_dagrun for dag_extract_catalogs to 2026-07-08 01:00:00+00:00, run_after=2026-07-09 01:00:00+00:00
[2026-07-09T18:24:31.486+0000] {processor.py:208} INFO - Processing /opt/airflow/dags/dag_extract_catalogs.py took 0.030 seconds
[2026-07-09T18:25:01.982+0000] {processor.py:186} INFO - Started process (PID=11683) to work on /opt/airflow/dags/dag_extract_catalogs.py
[2026-07-09T18:25:01.982+0000] {processor.py:914} INFO - Processing file /opt/airflow/dags/dag_extract_catalogs.py for tasks to queue
[2026-07-09T18:25:01.983+0000] {logging_mixin.py:190} INFO - [2026-07-09T18:25:01.983+0000] {dagbag.py:588} INFO - Filling up the DagBag from /opt/airflow/dags/dag_extract_catalogs.py
[2026-07-09T18:25:01.988+0000] {processor.py:925} INFO - DAG(s) 'dag_extract_catalogs' retrieved from /opt/airflow/dags/dag_extract_catalogs.py
[2026-07-09T18:25:01.998+0000] {logging_mixin.py:190} INFO - [2026-07-09T18:25:01.998+0000] {dag.py:3239} INFO - Sync 1 DAGs
[2026-07-09T18:25:02.005+0000] {logging_mixin.py:190} INFO - [2026-07-09T18:25:02.005+0000] {dag.py:4180} INFO - Setting next_dagrun for dag_extract_catalogs to 2026-07-08 01:00:00+00:00, run_after=2026-07-09 01:00:00+00:00
[2026-07-09T18:25:02.010+0000] {processor.py:208} INFO - Processing /opt/airflow/dags/dag_extract_catalogs.py took 0.030 seconds
[2026-07-09T18:25:32.466+0000] {processor.py:186} INFO - Started process (PID=11703) to work on /opt/airflow/dags/dag_extract_catalogs.py
[2026-07-09T18:25:32.467+0000] {processor.py:914} INFO - Processing file /opt/airflow/dags/dag_extract_catalogs.py for tasks to queue
[2026-07-09T18:25:32.468+0000] {logging_mixin.py:190} INFO - [2026-07-09T18:25:32.467+0000] {dagbag.py:588} INFO - Filling up the DagBag from /opt/airflow/dags/dag_extract_catalogs.py
[2026-07-09T18:25:32.472+0000] {processor.py:925} INFO - DAG(s) 'dag_extract_catalogs' retrieved from /opt/airflow/dags/dag_extract_catalogs.py
[2026-07-09T18:25:32.483+0000] {logging_mixin.py:190} INFO - [2026-07-09T18:25:32.482+0000] {dag.py:3239} INFO - Sync 1 DAGs
[2026-07-09T18:25:32.489+0000] {logging_mixin.py:190} INFO - [2026-07-09T18:25:32.489+0000] {dag.py:4180} INFO - Setting next_dagrun for dag_extract_catalogs to 2026-07-08 01:00:00+00:00, run_after=2026-07-09 01:00:00+00:00
[2026-07-09T18:25:32.494+0000] {processor.py:208} INFO - Processing /opt/airflow/dags/dag_extract_catalogs.py took 0.030 seconds
[2026-07-09T18:26:03.000+0000] {processor.py:186} INFO - Started process (PID=11723) to work on /opt/airflow/dags/dag_extract_catalogs.py
[2026-07-09T18:26:03.001+0000] {processor.py:914} INFO - Processing file /opt/airflow/dags/dag_extract_catalogs.py for tasks to queue
[2026-07-09T18:26:03.002+0000] {logging_mixin.py:190} INFO - [2026-07-09T18:26:03.001+0000] {dagbag.py:588} INFO - Filling up the DagBag from /opt/airflow/dags/dag_extract_catalogs.py
[2026-07-09T18:26:03.006+0000] {processor.py:925} INFO - DAG(s) 'dag_extract_catalogs' retrieved from /opt/airflow/dags/dag_extract_catalogs.py
[2026-07-09T18:26:03.016+0000] {logging_mixin.py:190} INFO - [2026-07-09T18:26:03.016+0000] {dag.py:3239} INFO - Sync 1 DAGs
[2026-07-09T18:26:03.023+0000] {logging_mixin.py:190} INFO - [2026-07-09T18:26:03.023+0000] {dag.py:4180} INFO - Setting next_dagrun for dag_extract_catalogs to 2026-07-08 01:00:00+00:00, run_after=2026-07-09 01:00:00+00:00
[2026-07-09T18:26:03.027+0000] {processor.py:208} INFO - Processing /opt/airflow/dags/dag_extract_catalogs.py took 0.029 seconds
[2026-07-09T18:26:33.540+0000] {processor.py:186} INFO - Started process (PID=11743) to work on /opt/airflow/dags/dag_extract_catalogs.py
[2026-07-09T18:26:33.540+0000] {processor.py:914} INFO - Processing file /opt/airflow/dags/dag_extract_catalogs.py for tasks to queue
[2026-07-09T18:26:33.541+0000] {logging_mixin.py:190} INFO - [2026-07-09T18:26:33.541+0000] {dagbag.py:588} INFO - Filling up the DagBag from /opt/airflow/dags/dag_extract_catalogs.py
[2026-07-09T18:26:33.546+0000] {processor.py:925} INFO - DAG(s) 'dag_extract_catalogs' retrieved from /opt/airflow/dags/dag_extract_catalogs.py
[2026-07-09T18:26:33.556+0000] {logging_mixin.py:190} INFO - [2026-07-09T18:26:33.556+0000] {dag.py:3239} INFO - Sync 1 DAGs
[2026-07-09T18:26:33.563+0000] {logging_mixin.py:190} INFO - [2026-07-09T18:26:33.563+0000] {dag.py:4180} INFO - Setting next_dagrun for dag_extract_catalogs to 2026-07-08 01:00:00+00:00, run_after=2026-07-09 01:00:00+00:00
[2026-07-09T18:26:33.568+0000] {processor.py:208} INFO - Processing /opt/airflow/dags/dag_extract_catalogs.py took 0.030 seconds
[2026-07-09T18:27:03.962+0000] {processor.py:186} INFO - Started process (PID=11761) to work on /opt/airflow/dags/dag_extract_catalogs.py
[2026-07-09T18:27:03.963+0000] {processor.py:914} INFO - Processing file /opt/airflow/dags/dag_extract_catalogs.py for tasks to queue
[2026-07-09T18:27:03.965+0000] {logging_mixin.py:190} INFO - [2026-07-09T18:27:03.965+0000] {dagbag.py:588} INFO - Filling up the DagBag from /opt/airflow/dags/dag_extract_catalogs.py
[2026-07-09T18:27:03.972+0000] {processor.py:925} INFO - DAG(s) 'dag_extract_catalogs' retrieved from /opt/airflow/dags/dag_extract_catalogs.py
[2026-07-09T18:27:03.989+0000] {logging_mixin.py:190} INFO - [2026-07-09T18:27:03.989+0000] {dag.py:3239} INFO - Sync 1 DAGs
[2026-07-09T18:27:03.999+0000] {logging_mixin.py:190} INFO - [2026-07-09T18:27:03.999+0000] {dag.py:4180} INFO - Setting next_dagrun for dag_extract_catalogs to 2026-07-08 01:00:00+00:00, run_after=2026-07-09 01:00:00+00:00
[2026-07-09T18:27:04.004+0000] {processor.py:208} INFO - Processing /opt/airflow/dags/dag_extract_catalogs.py took 0.045 seconds
[2026-07-09T18:27:34.478+0000] {processor.py:186} INFO - Started process (PID=11781) to work on /opt/airflow/dags/dag_extract_catalogs.py
[2026-07-09T18:27:34.479+0000] {processor.py:914} INFO - Processing file /opt/airflow/dags/dag_extract_catalogs.py for tasks to queue
[2026-07-09T18:27:34.480+0000] {logging_mixin.py:190} INFO - [2026-07-09T18:27:34.480+0000] {dagbag.py:588} INFO - Filling up the DagBag from /opt/airflow/dags/dag_extract_catalogs.py
[2026-07-09T18:27:34.490+0000] {processor.py:925} INFO - DAG(s) 'dag_extract_catalogs' retrieved from /opt/airflow/dags/dag_extract_catalogs.py
[2026-07-09T18:27:34.504+0000] {logging_mixin.py:190} INFO - [2026-07-09T18:27:34.504+0000] {dag.py:3239} INFO - Sync 1 DAGs
[2026-07-09T18:27:34.512+0000] {logging_mixin.py:190} INFO - [2026-07-09T18:27:34.512+0000] {dag.py:4180} INFO - Setting next_dagrun for dag_extract_catalogs to 2026-07-08 01:00:00+00:00, run_after=2026-07-09 01:00:00+00:00
[2026-07-09T18:27:34.517+0000] {processor.py:208} INFO - Processing /opt/airflow/dags/dag_extract_catalogs.py took 0.041 seconds
[2026-07-09T18:28:05.006+0000] {processor.py:186} INFO - Started process (PID=11803) to work on /opt/airflow/dags/dag_extract_catalogs.py
[2026-07-09T18:28:05.007+0000] {processor.py:914} INFO - Processing file /opt/airflow/dags/dag_extract_catalogs.py for tasks to queue
[2026-07-09T18:28:05.007+0000] {logging_mixin.py:190} INFO - [2026-07-09T18:28:05.007+0000] {dagbag.py:588} INFO - Filling up the DagBag from /opt/airflow/dags/dag_extract_catalogs.py
[2026-07-09T18:28:05.012+0000] {processor.py:925} INFO - DAG(s) 'dag_extract_catalogs' retrieved from /opt/airflow/dags/dag_extract_catalogs.py
[2026-07-09T18:28:05.022+0000] {logging_mixin.py:190} INFO - [2026-07-09T18:28:05.022+0000] {dag.py:3239} INFO - Sync 1 DAGs
[2026-07-09T18:28:05.029+0000] {logging_mixin.py:190} INFO - [2026-07-09T18:28:05.029+0000] {dag.py:4180} INFO - Setting next_dagrun for dag_extract_catalogs to 2026-07-08 01:00:00+00:00, run_after=2026-07-09 01:00:00+00:00
[2026-07-09T18:28:05.033+0000] {processor.py:208} INFO - Processing /opt/airflow/dags/dag_extract_catalogs.py took 0.030 seconds
[2026-07-09T18:28:35.474+0000] {processor.py:186} INFO - Started process (PID=11823) to work on /opt/airflow/dags/dag_extract_catalogs.py
[2026-07-09T18:28:35.475+0000] {processor.py:914} INFO - Processing file /opt/airflow/dags/dag_extract_catalogs.py for tasks to queue
[2026-07-09T18:28:35.476+0000] {logging_mixin.py:190} INFO - [2026-07-09T18:28:35.476+0000] {dagbag.py:588} INFO - Filling up the DagBag from /opt/airflow/dags/dag_extract_catalogs.py
[2026-07-09T18:28:35.481+0000] {processor.py:925} INFO - DAG(s) 'dag_extract_catalogs' retrieved from /opt/airflow/dags/dag_extract_catalogs.py
[2026-07-09T18:28:35.491+0000] {logging_mixin.py:190} INFO - [2026-07-09T18:28:35.491+0000] {dag.py:3239} INFO - Sync 1 DAGs
[2026-07-09T18:28:35.499+0000] {logging_mixin.py:190} INFO - [2026-07-09T18:28:35.499+0000] {dag.py:4180} INFO - Setting next_dagrun for dag_extract_catalogs to 2026-07-08 01:00:00+00:00, run_after=2026-07-09 01:00:00+00:00
[2026-07-09T18:28:35.503+0000] {processor.py:208} INFO - Processing /opt/airflow/dags/dag_extract_catalogs.py took 0.032 seconds
[2026-07-09T18:29:05.968+0000] {processor.py:186} INFO - Started process (PID=11841) to work on /opt/airflow/dags/dag_extract_catalogs.py
[2026-07-09T18:29:05.969+0000] {processor.py:914} INFO - Processing file /opt/airflow/dags/dag_extract_catalogs.py for tasks to queue
[2026-07-09T18:29:05.970+0000] {logging_mixin.py:190} INFO - [2026-07-09T18:29:05.970+0000] {dagbag.py:588} INFO - Filling up the DagBag from /opt/airflow/dags/dag_extract_catalogs.py
[2026-07-09T18:29:05.977+0000] {processor.py:925} INFO - DAG(s) 'dag_extract_catalogs' retrieved from /opt/airflow/dags/dag_extract_catalogs.py
[2026-07-09T18:29:05.988+0000] {logging_mixin.py:190} INFO - [2026-07-09T18:29:05.988+0000] {dag.py:3239} INFO - Sync 1 DAGs
[2026-07-09T18:29:05.998+0000] {logging_mixin.py:190} INFO - [2026-07-09T18:29:05.998+0000] {dag.py:4180} INFO - Setting next_dagrun for dag_extract_catalogs to 2026-07-08 01:00:00+00:00, run_after=2026-07-09 01:00:00+00:00
[2026-07-09T18:29:06.005+0000] {processor.py:208} INFO - Processing /opt/airflow/dags/dag_extract_catalogs.py took 0.039 seconds
[2026-07-09T18:29:36.412+0000] {processor.py:186} INFO - Started process (PID=11863) to work on /opt/airflow/dags/dag_extract_catalogs.py
[2026-07-09T18:29:36.413+0000] {processor.py:914} INFO - Processing file /opt/airflow/dags/dag_extract_catalogs.py for tasks to queue
[2026-07-09T18:29:36.414+0000] {logging_mixin.py:190} INFO - [2026-07-09T18:29:36.414+0000] {dagbag.py:588} INFO - Filling up the DagBag from /opt/airflow/dags/dag_extract_catalogs.py
[2026-07-09T18:29:36.418+0000] {processor.py:925} INFO - DAG(s) 'dag_extract_catalogs' retrieved from /opt/airflow/dags/dag_extract_catalogs.py
[2026-07-09T18:29:36.428+0000] {logging_mixin.py:190} INFO - [2026-07-09T18:29:36.428+0000] {dag.py:3239} INFO - Sync 1 DAGs
[2026-07-09T18:29:36.435+0000] {logging_mixin.py:190} INFO - [2026-07-09T18:29:36.434+0000] {dag.py:4180} INFO - Setting next_dagrun for dag_extract_catalogs to 2026-07-08 01:00:00+00:00, run_after=2026-07-09 01:00:00+00:00
[2026-07-09T18:29:36.439+0000] {processor.py:208} INFO - Processing /opt/airflow/dags/dag_extract_catalogs.py took 0.029 seconds
[2026-07-09T18:30:06.918+0000] {processor.py:186} INFO - Started process (PID=11883) to work on /opt/airflow/dags/dag_extract_catalogs.py
[2026-07-09T18:30:06.918+0000] {processor.py:914} INFO - Processing file /opt/airflow/dags/dag_extract_catalogs.py for tasks to queue
[2026-07-09T18:30:06.919+0000] {logging_mixin.py:190} INFO - [2026-07-09T18:30:06.919+0000] {dagbag.py:588} INFO - Filling up the DagBag from /opt/airflow/dags/dag_extract_catalogs.py
[2026-07-09T18:30:06.924+0000] {processor.py:925} INFO - DAG(s) 'dag_extract_catalogs' retrieved from /opt/airflow/dags/dag_extract_catalogs.py
[2026-07-09T18:30:06.933+0000] {logging_mixin.py:190} INFO - [2026-07-09T18:30:06.933+0000] {dag.py:3239} INFO - Sync 1 DAGs
[2026-07-09T18:30:06.940+0000] {logging_mixin.py:190} INFO - [2026-07-09T18:30:06.940+0000] {dag.py:4180} INFO - Setting next_dagrun for dag_extract_catalogs to 2026-07-08 01:00:00+00:00, run_after=2026-07-09 01:00:00+00:00
[2026-07-09T18:30:06.945+0000] {processor.py:208} INFO - Processing /opt/airflow/dags/dag_extract_catalogs.py took 0.030 seconds
[2026-07-09T18:30:37.384+0000] {processor.py:186} INFO - Started process (PID=11903) to work on /opt/airflow/dags/dag_extract_catalogs.py
[2026-07-09T18:30:37.384+0000] {processor.py:914} INFO - Processing file /opt/airflow/dags/dag_extract_catalogs.py for tasks to queue
[2026-07-09T18:30:37.385+0000] {logging_mixin.py:190} INFO - [2026-07-09T18:30:37.385+0000] {dagbag.py:588} INFO - Filling up the DagBag from /opt/airflow/dags/dag_extract_catalogs.py
[2026-07-09T18:30:37.390+0000] {processor.py:925} INFO - DAG(s) 'dag_extract_catalogs' retrieved from /opt/airflow/dags/dag_extract_catalogs.py
[2026-07-09T18:30:37.399+0000] {logging_mixin.py:190} INFO - [2026-07-09T18:30:37.399+0000] {dag.py:3239} INFO - Sync 1 DAGs
[2026-07-09T18:30:37.407+0000] {logging_mixin.py:190} INFO - [2026-07-09T18:30:37.407+0000] {dag.py:4180} INFO - Setting next_dagrun for dag_extract_catalogs to 2026-07-08 01:00:00+00:00, run_after=2026-07-09 01:00:00+00:00
[2026-07-09T18:30:37.411+0000] {processor.py:208} INFO - Processing /opt/airflow/dags/dag_extract_catalogs.py took 0.030 seconds
[2026-07-09T18:31:07.897+0000] {processor.py:186} INFO - Started process (PID=11923) to work on /opt/airflow/dags/dag_extract_catalogs.py
[2026-07-09T18:31:07.898+0000] {processor.py:914} INFO - Processing file /opt/airflow/dags/dag_extract_catalogs.py for tasks to queue
[2026-07-09T18:31:07.899+0000] {logging_mixin.py:190} INFO - [2026-07-09T18:31:07.899+0000] {dagbag.py:588} INFO - Filling up the DagBag from /opt/airflow/dags/dag_extract_catalogs.py
[2026-07-09T18:31:07.904+0000] {processor.py:925} INFO - DAG(s) 'dag_extract_catalogs' retrieved from /opt/airflow/dags/dag_extract_catalogs.py
[2026-07-09T18:31:07.913+0000] {logging_mixin.py:190} INFO - [2026-07-09T18:31:07.913+0000] {dag.py:3239} INFO - Sync 1 DAGs
[2026-07-09T18:31:07.920+0000] {logging_mixin.py:190} INFO - [2026-07-09T18:31:07.920+0000] {dag.py:4180} INFO - Setting next_dagrun for dag_extract_catalogs to 2026-07-08 01:00:00+00:00, run_after=2026-07-09 01:00:00+00:00
[2026-07-09T18:31:07.925+0000] {processor.py:208} INFO - Processing /opt/airflow/dags/dag_extract_catalogs.py took 0.030 seconds
[2026-07-09T18:31:38.341+0000] {processor.py:186} INFO - Started process (PID=11941) to work on /opt/airflow/dags/dag_extract_catalogs.py
[2026-07-09T18:31:38.341+0000] {processor.py:914} INFO - Processing file /opt/airflow/dags/dag_extract_catalogs.py for tasks to queue
[2026-07-09T18:31:38.343+0000] {logging_mixin.py:190} INFO - [2026-07-09T18:31:38.343+0000] {dagbag.py:588} INFO - Filling up the DagBag from /opt/airflow/dags/dag_extract_catalogs.py
[2026-07-09T18:31:38.350+0000] {processor.py:925} INFO - DAG(s) 'dag_extract_catalogs' retrieved from /opt/airflow/dags/dag_extract_catalogs.py
[2026-07-09T18:31:38.362+0000] {logging_mixin.py:190} INFO - [2026-07-09T18:31:38.362+0000] {dag.py:3239} INFO - Sync 1 DAGs
[2026-07-09T18:31:38.371+0000] {logging_mixin.py:190} INFO - [2026-07-09T18:31:38.370+0000] {dag.py:4180} INFO - Setting next_dagrun for dag_extract_catalogs to 2026-07-08 01:00:00+00:00, run_after=2026-07-09 01:00:00+00:00
[2026-07-09T18:31:38.378+0000] {processor.py:208} INFO - Processing /opt/airflow/dags/dag_extract_catalogs.py took 0.039 seconds
[2026-07-09T18:32:08.898+0000] {processor.py:186} INFO - Started process (PID=11963) to work on /opt/airflow/dags/dag_extract_catalogs.py
[2026-07-09T18:32:08.898+0000] {processor.py:914} INFO - Processing file /opt/airflow/dags/dag_extract_catalogs.py for tasks to queue
[2026-07-09T18:32:08.899+0000] {logging_mixin.py:190} INFO - [2026-07-09T18:32:08.899+0000] {dagbag.py:588} INFO - Filling up the DagBag from /opt/airflow/dags/dag_extract_catalogs.py
[2026-07-09T18:32:08.904+0000] {processor.py:925} INFO - DAG(s) 'dag_extract_catalogs' retrieved from /opt/airflow/dags/dag_extract_catalogs.py
[2026-07-09T18:32:08.914+0000] {logging_mixin.py:190} INFO - [2026-07-09T18:32:08.914+0000] {dag.py:3239} INFO - Sync 1 DAGs
[2026-07-09T18:32:08.921+0000] {logging_mixin.py:190} INFO - [2026-07-09T18:32:08.921+0000] {dag.py:4180} INFO - Setting next_dagrun for dag_extract_catalogs to 2026-07-08 01:00:00+00:00, run_after=2026-07-09 01:00:00+00:00
[2026-07-09T18:32:08.925+0000] {processor.py:208} INFO - Processing /opt/airflow/dags/dag_extract_catalogs.py took 0.030 seconds
[2026-07-09T18:32:39.376+0000] {processor.py:186} INFO - Started process (PID=11983) to work on /opt/airflow/dags/dag_extract_catalogs.py
[2026-07-09T18:32:39.376+0000] {processor.py:914} INFO - Processing file /opt/airflow/dags/dag_extract_catalogs.py for tasks to queue
[2026-07-09T18:32:39.377+0000] {logging_mixin.py:190} INFO - [2026-07-09T18:32:39.377+0000] {dagbag.py:588} INFO - Filling up the DagBag from /opt/airflow/dags/dag_extract_catalogs.py
[2026-07-09T18:32:39.382+0000] {processor.py:925} INFO - DAG(s) 'dag_extract_catalogs' retrieved from /opt/airflow/dags/dag_extract_catalogs.py
[2026-07-09T18:32:39.392+0000] {logging_mixin.py:190} INFO - [2026-07-09T18:32:39.392+0000] {dag.py:3239} INFO - Sync 1 DAGs
[2026-07-09T18:32:39.399+0000] {logging_mixin.py:190} INFO - [2026-07-09T18:32:39.398+0000] {dag.py:4180} INFO - Setting next_dagrun for dag_extract_catalogs to 2026-07-08 01:00:00+00:00, run_after=2026-07-09 01:00:00+00:00
[2026-07-09T18:32:39.403+0000] {processor.py:208} INFO - Processing /opt/airflow/dags/dag_extract_catalogs.py took 0.030 seconds
[2026-07-09T18:33:09.876+0000] {processor.py:186} INFO - Started process (PID=12003) to work on /opt/airflow/dags/dag_extract_catalogs.py
[2026-07-09T18:33:09.876+0000] {processor.py:914} INFO - Processing file /opt/airflow/dags/dag_extract_catalogs.py for tasks to queue
[2026-07-09T18:33:09.877+0000] {logging_mixin.py:190} INFO - [2026-07-09T18:33:09.877+0000] {dagbag.py:588} INFO - Filling up the DagBag from /opt/airflow/dags/dag_extract_catalogs.py
[2026-07-09T18:33:09.881+0000] {processor.py:925} INFO - DAG(s) 'dag_extract_catalogs' retrieved from /opt/airflow/dags/dag_extract_catalogs.py
[2026-07-09T18:33:09.891+0000] {logging_mixin.py:190} INFO - [2026-07-09T18:33:09.891+0000] {dag.py:3239} INFO - Sync 1 DAGs
[2026-07-09T18:33:09.898+0000] {logging_mixin.py:190} INFO - [2026-07-09T18:33:09.898+0000] {dag.py:4180} INFO - Setting next_dagrun for dag_extract_catalogs to 2026-07-08 01:00:00+00:00, run_after=2026-07-09 01:00:00+00:00
[2026-07-09T18:33:09.903+0000] {processor.py:208} INFO - Processing /opt/airflow/dags/dag_extract_catalogs.py took 0.030 seconds
[2026-07-09T18:33:40.326+0000] {processor.py:186} INFO - Started process (PID=12023) to work on /opt/airflow/dags/dag_extract_catalogs.py
[2026-07-09T18:33:40.326+0000] {processor.py:914} INFO - Processing file /opt/airflow/dags/dag_extract_catalogs.py for tasks to queue
[2026-07-09T18:33:40.327+0000] {logging_mixin.py:190} INFO - [2026-07-09T18:33:40.327+0000] {dagbag.py:588} INFO - Filling up the DagBag from /opt/airflow/dags/dag_extract_catalogs.py
[2026-07-09T18:33:40.332+0000] {processor.py:925} INFO - DAG(s) 'dag_extract_catalogs' retrieved from /opt/airflow/dags/dag_extract_catalogs.py
[2026-07-09T18:33:40.341+0000] {logging_mixin.py:190} INFO - [2026-07-09T18:33:40.341+0000] {dag.py:3239} INFO - Sync 1 DAGs
[2026-07-09T18:33:40.348+0000] {logging_mixin.py:190} INFO - [2026-07-09T18:33:40.348+0000] {dag.py:4180} INFO - Setting next_dagrun for dag_extract_catalogs to 2026-07-08 01:00:00+00:00, run_after=2026-07-09 01:00:00+00:00
[2026-07-09T18:33:40.353+0000] {processor.py:208} INFO - Processing /opt/airflow/dags/dag_extract_catalogs.py took 0.029 seconds
[2026-07-09T18:34:10.763+0000] {processor.py:186} INFO - Started process (PID=12043) to work on /opt/airflow/dags/dag_extract_catalogs.py
[2026-07-09T18:34:10.763+0000] {processor.py:914} INFO - Processing file /opt/airflow/dags/dag_extract_catalogs.py for tasks to queue
[2026-07-09T18:34:10.764+0000] {logging_mixin.py:190} INFO - [2026-07-09T18:34:10.764+0000] {dagbag.py:588} INFO - Filling up the DagBag from /opt/airflow/dags/dag_extract_catalogs.py
[2026-07-09T18:34:10.769+0000] {processor.py:925} INFO - DAG(s) 'dag_extract_catalogs' retrieved from /opt/airflow/dags/dag_extract_catalogs.py
[2026-07-09T18:34:10.779+0000] {logging_mixin.py:190} INFO - [2026-07-09T18:34:10.779+0000] {dag.py:3239} INFO - Sync 1 DAGs
[2026-07-09T18:34:10.786+0000] {logging_mixin.py:190} INFO - [2026-07-09T18:34:10.786+0000] {dag.py:4180} INFO - Setting next_dagrun for dag_extract_catalogs to 2026-07-08 01:00:00+00:00, run_after=2026-07-09 01:00:00+00:00
[2026-07-09T18:34:10.790+0000] {processor.py:208} INFO - Processing /opt/airflow/dags/dag_extract_catalogs.py took 0.029 seconds
[2026-07-09T18:34:41.235+0000] {processor.py:186} INFO - Started process (PID=12063) to work on /opt/airflow/dags/dag_extract_catalogs.py
[2026-07-09T18:34:41.235+0000] {processor.py:914} INFO - Processing file /opt/airflow/dags/dag_extract_catalogs.py for tasks to queue
[2026-07-09T18:34:41.236+0000] {logging_mixin.py:190} INFO - [2026-07-09T18:34:41.236+0000] {dagbag.py:588} INFO - Filling up the DagBag from /opt/airflow/dags/dag_extract_catalogs.py
[2026-07-09T18:34:41.240+0000] {processor.py:925} INFO - DAG(s) 'dag_extract_catalogs' retrieved from /opt/airflow/dags/dag_extract_catalogs.py
[2026-07-09T18:34:41.250+0000] {logging_mixin.py:190} INFO - [2026-07-09T18:34:41.250+0000] {dag.py:3239} INFO - Sync 1 DAGs
[2026-07-09T18:34:41.257+0000] {logging_mixin.py:190} INFO - [2026-07-09T18:34:41.257+0000] {dag.py:4180} INFO - Setting next_dagrun for dag_extract_catalogs to 2026-07-08 01:00:00+00:00, run_after=2026-07-09 01:00:00+00:00
[2026-07-09T18:34:41.262+0000] {processor.py:208} INFO - Processing /opt/airflow/dags/dag_extract_catalogs.py took 0.030 seconds
[2026-07-09T18:35:11.738+0000] {processor.py:186} INFO - Started process (PID=12083) to work on /opt/airflow/dags/dag_extract_catalogs.py
[2026-07-09T18:35:11.739+0000] {processor.py:914} INFO - Processing file /opt/airflow/dags/dag_extract_catalogs.py for tasks to queue
[2026-07-09T18:35:11.740+0000] {logging_mixin.py:190} INFO - [2026-07-09T18:35:11.739+0000] {dagbag.py:588} INFO - Filling up the DagBag from /opt/airflow/dags/dag_extract_catalogs.py
[2026-07-09T18:35:11.744+0000] {processor.py:925} INFO - DAG(s) 'dag_extract_catalogs' retrieved from /opt/airflow/dags/dag_extract_catalogs.py
[2026-07-09T18:35:11.754+0000] {logging_mixin.py:190} INFO - [2026-07-09T18:35:11.754+0000] {dag.py:3239} INFO - Sync 1 DAGs
[2026-07-09T18:35:11.762+0000] {logging_mixin.py:190} INFO - [2026-07-09T18:35:11.761+0000] {dag.py:4180} INFO - Setting next_dagrun for dag_extract_catalogs to 2026-07-08 01:00:00+00:00, run_after=2026-07-09 01:00:00+00:00
[2026-07-09T18:35:11.766+0000] {processor.py:208} INFO - Processing /opt/airflow/dags/dag_extract_catalogs.py took 0.030 seconds
[2026-07-09T18:35:42.247+0000] {processor.py:186} INFO - Started process (PID=12103) to work on /opt/airflow/dags/dag_extract_catalogs.py
[2026-07-09T18:35:42.247+0000] {processor.py:914} INFO - Processing file /opt/airflow/dags/dag_extract_catalogs.py for tasks to queue
[2026-07-09T18:35:42.248+0000] {logging_mixin.py:190} INFO - [2026-07-09T18:35:42.248+0000] {dagbag.py:588} INFO - Filling up the DagBag from /opt/airflow/dags/dag_extract_catalogs.py
[2026-07-09T18:35:42.253+0000] {processor.py:925} INFO - DAG(s) 'dag_extract_catalogs' retrieved from /opt/airflow/dags/dag_extract_catalogs.py
[2026-07-09T18:35:42.262+0000] {logging_mixin.py:190} INFO - [2026-07-09T18:35:42.262+0000] {dag.py:3239} INFO - Sync 1 DAGs
[2026-07-09T18:35:42.269+0000] {logging_mixin.py:190} INFO - [2026-07-09T18:35:42.269+0000] {dag.py:4180} INFO - Setting next_dagrun for dag_extract_catalogs to 2026-07-08 01:00:00+00:00, run_after=2026-07-09 01:00:00+00:00
[2026-07-09T18:35:42.274+0000] {processor.py:208} INFO - Processing /opt/airflow/dags/dag_extract_catalogs.py took 0.029 seconds
[2026-07-09T18:36:12.772+0000] {processor.py:186} INFO - Started process (PID=12123) to work on /opt/airflow/dags/dag_extract_catalogs.py
[2026-07-09T18:36:12.772+0000] {processor.py:914} INFO - Processing file /opt/airflow/dags/dag_extract_catalogs.py for tasks to queue
[2026-07-09T18:36:12.773+0000] {logging_mixin.py:190} INFO - [2026-07-09T18:36:12.773+0000] {dagbag.py:588} INFO - Filling up the DagBag from /opt/airflow/dags/dag_extract_catalogs.py
[2026-07-09T18:36:12.778+0000] {processor.py:925} INFO - DAG(s) 'dag_extract_catalogs' retrieved from /opt/airflow/dags/dag_extract_catalogs.py
[2026-07-09T18:36:12.787+0000] {logging_mixin.py:190} INFO - [2026-07-09T18:36:12.787+0000] {dag.py:3239} INFO - Sync 1 DAGs
[2026-07-09T18:36:12.794+0000] {logging_mixin.py:190} INFO - [2026-07-09T18:36:12.794+0000] {dag.py:4180} INFO - Setting next_dagrun for dag_extract_catalogs to 2026-07-08 01:00:00+00:00, run_after=2026-07-09 01:00:00+00:00
[2026-07-09T18:36:12.799+0000] {processor.py:208} INFO - Processing /opt/airflow/dags/dag_extract_catalogs.py took 0.029 seconds
[2026-07-09T18:36:43.223+0000] {processor.py:186} INFO - Started process (PID=12141) to work on /opt/airflow/dags/dag_extract_catalogs.py
[2026-07-09T18:36:43.224+0000] {processor.py:914} INFO - Processing file /opt/airflow/dags/dag_extract_catalogs.py for tasks to queue
[2026-07-09T18:36:43.225+0000] {logging_mixin.py:190} INFO - [2026-07-09T18:36:43.225+0000] {dagbag.py:588} INFO - Filling up the DagBag from /opt/airflow/dags/dag_extract_catalogs.py
[2026-07-09T18:36:43.234+0000] {processor.py:925} INFO - DAG(s) 'dag_extract_catalogs' retrieved from /opt/airflow/dags/dag_extract_catalogs.py
[2026-07-09T18:36:43.246+0000] {logging_mixin.py:190} INFO - [2026-07-09T18:36:43.245+0000] {dag.py:3239} INFO - Sync 1 DAGs
[2026-07-09T18:36:43.254+0000] {logging_mixin.py:190} INFO - [2026-07-09T18:36:43.254+0000] {dag.py:4180} INFO - Setting next_dagrun for dag_extract_catalogs to 2026-07-08 01:00:00+00:00, run_after=2026-07-09 01:00:00+00:00
[2026-07-09T18:36:43.259+0000] {processor.py:208} INFO - Processing /opt/airflow/dags/dag_extract_catalogs.py took 0.039 seconds
[2026-07-09T18:37:13.768+0000] {processor.py:186} INFO - Started process (PID=12163) to work on /opt/airflow/dags/dag_extract_catalogs.py
[2026-07-09T18:37:13.769+0000] {processor.py:914} INFO - Processing file /opt/airflow/dags/dag_extract_catalogs.py for tasks to queue
[2026-07-09T18:37:13.769+0000] {logging_mixin.py:190} INFO - [2026-07-09T18:37:13.769+0000] {dagbag.py:588} INFO - Filling up the DagBag from /opt/airflow/dags/dag_extract_catalogs.py
[2026-07-09T18:37:13.774+0000] {processor.py:925} INFO - DAG(s) 'dag_extract_catalogs' retrieved from /opt/airflow/dags/dag_extract_catalogs.py
[2026-07-09T18:37:13.784+0000] {logging_mixin.py:190} INFO - [2026-07-09T18:37:13.784+0000] {dag.py:3239} INFO - Sync 1 DAGs
[2026-07-09T18:37:13.790+0000] {logging_mixin.py:190} INFO - [2026-07-09T18:37:13.790+0000] {dag.py:4180} INFO - Setting next_dagrun for dag_extract_catalogs to 2026-07-08 01:00:00+00:00, run_after=2026-07-09 01:00:00+00:00
[2026-07-09T18:37:13.795+0000] {processor.py:208} INFO - Processing /opt/airflow/dags/dag_extract_catalogs.py took 0.029 seconds
[2026-07-09T18:37:44.242+0000] {processor.py:186} INFO - Started process (PID=12181) to work on /opt/airflow/dags/dag_extract_catalogs.py
[2026-07-09T18:37:44.243+0000] {processor.py:914} INFO - Processing file /opt/airflow/dags/dag_extract_catalogs.py for tasks to queue
[2026-07-09T18:37:44.244+0000] {logging_mixin.py:190} INFO - [2026-07-09T18:37:44.244+0000] {dagbag.py:588} INFO - Filling up the DagBag from /opt/airflow/dags/dag_extract_catalogs.py
[2026-07-09T18:37:44.249+0000] {processor.py:925} INFO - DAG(s) 'dag_extract_catalogs' retrieved from /opt/airflow/dags/dag_extract_catalogs.py
[2026-07-09T18:37:44.263+0000] {logging_mixin.py:190} INFO - [2026-07-09T18:37:44.263+0000] {dag.py:3239} INFO - Sync 1 DAGs
[2026-07-09T18:37:44.270+0000] {logging_mixin.py:190} INFO - [2026-07-09T18:37:44.270+0000] {dag.py:4180} INFO - Setting next_dagrun for dag_extract_catalogs to 2026-07-08 01:00:00+00:00, run_after=2026-07-09 01:00:00+00:00
[2026-07-09T18:37:44.278+0000] {processor.py:208} INFO - Processing /opt/airflow/dags/dag_extract_catalogs.py took 0.039 seconds
[2026-07-09T18:38:14.763+0000] {processor.py:186} INFO - Started process (PID=12203) to work on /opt/airflow/dags/dag_extract_catalogs.py
[2026-07-09T18:38:14.763+0000] {processor.py:914} INFO - Processing file /opt/airflow/dags/dag_extract_catalogs.py for tasks to queue
[2026-07-09T18:38:14.764+0000] {logging_mixin.py:190} INFO - [2026-07-09T18:38:14.764+0000] {dagbag.py:588} INFO - Filling up the DagBag from /opt/airflow/dags/dag_extract_catalogs.py
[2026-07-09T18:38:14.768+0000] {processor.py:925} INFO - DAG(s) 'dag_extract_catalogs' retrieved from /opt/airflow/dags/dag_extract_catalogs.py
[2026-07-09T18:38:14.778+0000] {logging_mixin.py:190} INFO - [2026-07-09T18:38:14.778+0000] {dag.py:3239} INFO - Sync 1 DAGs
[2026-07-09T18:38:14.785+0000] {logging_mixin.py:190} INFO - [2026-07-09T18:38:14.785+0000] {dag.py:4180} INFO - Setting next_dagrun for dag_extract_catalogs to 2026-07-08 01:00:00+00:00, run_after=2026-07-09 01:00:00+00:00
[2026-07-09T18:38:14.790+0000] {processor.py:208} INFO - Processing /opt/airflow/dags/dag_extract_catalogs.py took 0.030 seconds
[2026-07-09T18:38:45.259+0000] {processor.py:186} INFO - Started process (PID=12223) to work on /opt/airflow/dags/dag_extract_catalogs.py
[2026-07-09T18:38:45.259+0000] {processor.py:914} INFO - Processing file /opt/airflow/dags/dag_extract_catalogs.py for tasks to queue
[2026-07-09T18:38:45.260+0000] {logging_mixin.py:190} INFO - [2026-07-09T18:38:45.260+0000] {dagbag.py:588} INFO - Filling up the DagBag from /opt/airflow/dags/dag_extract_catalogs.py
[2026-07-09T18:38:45.264+0000] {processor.py:925} INFO - DAG(s) 'dag_extract_catalogs' retrieved from /opt/airflow/dags/dag_extract_catalogs.py
[2026-07-09T18:38:45.274+0000] {logging_mixin.py:190} INFO - [2026-07-09T18:38:45.274+0000] {dag.py:3239} INFO - Sync 1 DAGs
[2026-07-09T18:38:45.281+0000] {logging_mixin.py:190} INFO - [2026-07-09T18:38:45.281+0000] {dag.py:4180} INFO - Setting next_dagrun for dag_extract_catalogs to 2026-07-08 01:00:00+00:00, run_after=2026-07-09 01:00:00+00:00
[2026-07-09T18:38:45.286+0000] {processor.py:208} INFO - Processing /opt/airflow/dags/dag_extract_catalogs.py took 0.029 seconds
[2026-07-09T18:39:15.725+0000] {processor.py:186} INFO - Started process (PID=12243) to work on /opt/airflow/dags/dag_extract_catalogs.py
[2026-07-09T18:39:15.726+0000] {processor.py:914} INFO - Processing file /opt/airflow/dags/dag_extract_catalogs.py for tasks to queue
[2026-07-09T18:39:15.726+0000] {logging_mixin.py:190} INFO - [2026-07-09T18:39:15.726+0000] {dagbag.py:588} INFO - Filling up the DagBag from /opt/airflow/dags/dag_extract_catalogs.py
[2026-07-09T18:39:15.731+0000] {processor.py:925} INFO - DAG(s) 'dag_extract_catalogs' retrieved from /opt/airflow/dags/dag_extract_catalogs.py
[2026-07-09T18:39:15.741+0000] {logging_mixin.py:190} INFO - [2026-07-09T18:39:15.741+0000] {dag.py:3239} INFO - Sync 1 DAGs
[2026-07-09T18:39:15.748+0000] {logging_mixin.py:190} INFO - [2026-07-09T18:39:15.748+0000] {dag.py:4180} INFO - Setting next_dagrun for dag_extract_catalogs to 2026-07-08 01:00:00+00:00, run_after=2026-07-09 01:00:00+00:00
[2026-07-09T18:39:15.752+0000] {processor.py:208} INFO - Processing /opt/airflow/dags/dag_extract_catalogs.py took 0.030 seconds
[2026-07-09T18:39:46.197+0000] {processor.py:186} INFO - Started process (PID=12263) to work on /opt/airflow/dags/dag_extract_catalogs.py
[2026-07-09T18:39:46.197+0000] {processor.py:914} INFO - Processing file /opt/airflow/dags/dag_extract_catalogs.py for tasks to queue
[2026-07-09T18:39:46.198+0000] {logging_mixin.py:190} INFO - [2026-07-09T18:39:46.198+0000] {dagbag.py:588} INFO - Filling up the DagBag from /opt/airflow/dags/dag_extract_catalogs.py
[2026-07-09T18:39:46.203+0000] {processor.py:925} INFO - DAG(s) 'dag_extract_catalogs' retrieved from /opt/airflow/dags/dag_extract_catalogs.py
[2026-07-09T18:39:46.213+0000] {logging_mixin.py:190} INFO - [2026-07-09T18:39:46.213+0000] {dag.py:3239} INFO - Sync 1 DAGs
[2026-07-09T18:39:46.220+0000] {logging_mixin.py:190} INFO - [2026-07-09T18:39:46.220+0000] {dag.py:4180} INFO - Setting next_dagrun for dag_extract_catalogs to 2026-07-08 01:00:00+00:00, run_after=2026-07-09 01:00:00+00:00
[2026-07-09T18:39:46.225+0000] {processor.py:208} INFO - Processing /opt/airflow/dags/dag_extract_catalogs.py took 0.030 seconds
[2026-07-09T18:40:16.727+0000] {processor.py:186} INFO - Started process (PID=12283) to work on /opt/airflow/dags/dag_extract_catalogs.py
[2026-07-09T18:40:16.727+0000] {processor.py:914} INFO - Processing file /opt/airflow/dags/dag_extract_catalogs.py for tasks to queue
[2026-07-09T18:40:16.728+0000] {logging_mixin.py:190} INFO - [2026-07-09T18:40:16.728+0000] {dagbag.py:588} INFO - Filling up the DagBag from /opt/airflow/dags/dag_extract_catalogs.py
[2026-07-09T18:40:16.732+0000] {processor.py:925} INFO - DAG(s) 'dag_extract_catalogs' retrieved from /opt/airflow/dags/dag_extract_catalogs.py
[2026-07-09T18:40:16.742+0000] {logging_mixin.py:190} INFO - [2026-07-09T18:40:16.742+0000] {dag.py:3239} INFO - Sync 1 DAGs
[2026-07-09T18:40:16.749+0000] {logging_mixin.py:190} INFO - [2026-07-09T18:40:16.749+0000] {dag.py:4180} INFO - Setting next_dagrun for dag_extract_catalogs to 2026-07-08 01:00:00+00:00, run_after=2026-07-09 01:00:00+00:00
[2026-07-09T18:40:16.753+0000] {processor.py:208} INFO - Processing /opt/airflow/dags/dag_extract_catalogs.py took 0.029 seconds
[2026-07-09T18:40:47.165+0000] {processor.py:186} INFO - Started process (PID=12301) to work on /opt/airflow/dags/dag_extract_catalogs.py
[2026-07-09T18:40:47.165+0000] {processor.py:914} INFO - Processing file /opt/airflow/dags/dag_extract_catalogs.py for tasks to queue
[2026-07-09T18:40:47.167+0000] {logging_mixin.py:190} INFO - [2026-07-09T18:40:47.167+0000] {dagbag.py:588} INFO - Filling up the DagBag from /opt/airflow/dags/dag_extract_catalogs.py
[2026-07-09T18:40:47.173+0000] {processor.py:925} INFO - DAG(s) 'dag_extract_catalogs' retrieved from /opt/airflow/dags/dag_extract_catalogs.py
[2026-07-09T18:40:47.187+0000] {logging_mixin.py:190} INFO - [2026-07-09T18:40:47.187+0000] {dag.py:3239} INFO - Sync 1 DAGs
[2026-07-09T18:40:47.196+0000] {logging_mixin.py:190} INFO - [2026-07-09T18:40:47.196+0000] {dag.py:4180} INFO - Setting next_dagrun for dag_extract_catalogs to 2026-07-08 01:00:00+00:00, run_after=2026-07-09 01:00:00+00:00
[2026-07-09T18:40:47.206+0000] {processor.py:208} INFO - Processing /opt/airflow/dags/dag_extract_catalogs.py took 0.044 seconds
[2026-07-09T18:41:17.741+0000] {processor.py:186} INFO - Started process (PID=12323) to work on /opt/airflow/dags/dag_extract_catalogs.py
[2026-07-09T18:41:17.742+0000] {processor.py:914} INFO - Processing file /opt/airflow/dags/dag_extract_catalogs.py for tasks to queue
[2026-07-09T18:41:17.743+0000] {logging_mixin.py:190} INFO - [2026-07-09T18:41:17.742+0000] {dagbag.py:588} INFO - Filling up the DagBag from /opt/airflow/dags/dag_extract_catalogs.py
[2026-07-09T18:41:17.747+0000] {processor.py:925} INFO - DAG(s) 'dag_extract_catalogs' retrieved from /opt/airflow/dags/dag_extract_catalogs.py
[2026-07-09T18:41:17.760+0000] {logging_mixin.py:190} INFO - [2026-07-09T18:41:17.760+0000] {dag.py:3239} INFO - Sync 1 DAGs
[2026-07-09T18:41:17.853+0000] {logging_mixin.py:190} INFO - [2026-07-09T18:41:17.853+0000] {dag.py:4180} INFO - Setting next_dagrun for dag_extract_catalogs to 2026-07-08 01:00:00+00:00, run_after=2026-07-09 01:00:00+00:00
[2026-07-09T18:41:17.858+0000] {processor.py:208} INFO - Processing /opt/airflow/dags/dag_extract_catalogs.py took 0.119 seconds
[2026-07-09T18:41:48.272+0000] {processor.py:186} INFO - Started process (PID=12343) to work on /opt/airflow/dags/dag_extract_catalogs.py
[2026-07-09T18:41:48.273+0000] {processor.py:914} INFO - Processing file /opt/airflow/dags/dag_extract_catalogs.py for tasks to queue
[2026-07-09T18:41:48.273+0000] {logging_mixin.py:190} INFO - [2026-07-09T18:41:48.273+0000] {dagbag.py:588} INFO - Filling up the DagBag from /opt/airflow/dags/dag_extract_catalogs.py
[2026-07-09T18:41:48.278+0000] {processor.py:925} INFO - DAG(s) 'dag_extract_catalogs' retrieved from /opt/airflow/dags/dag_extract_catalogs.py
[2026-07-09T18:41:48.289+0000] {logging_mixin.py:190} INFO - [2026-07-09T18:41:48.289+0000] {dag.py:3239} INFO - Sync 1 DAGs
[2026-07-09T18:41:48.296+0000] {logging_mixin.py:190} INFO - [2026-07-09T18:41:48.296+0000] {dag.py:4180} INFO - Setting next_dagrun for dag_extract_catalogs to 2026-07-08 01:00:00+00:00, run_after=2026-07-09 01:00:00+00:00
[2026-07-09T18:41:48.301+0000] {processor.py:208} INFO - Processing /opt/airflow/dags/dag_extract_catalogs.py took 0.031 seconds
[2026-07-09T18:42:18.788+0000] {processor.py:186} INFO - Started process (PID=12361) to work on /opt/airflow/dags/dag_extract_catalogs.py
[2026-07-09T18:42:18.788+0000] {processor.py:914} INFO - Processing file /opt/airflow/dags/dag_extract_catalogs.py for tasks to queue
[2026-07-09T18:42:18.789+0000] {logging_mixin.py:190} INFO - [2026-07-09T18:42:18.789+0000] {dagbag.py:588} INFO - Filling up the DagBag from /opt/airflow/dags/dag_extract_catalogs.py
[2026-07-09T18:42:18.794+0000] {processor.py:925} INFO - DAG(s) 'dag_extract_catalogs' retrieved from /opt/airflow/dags/dag_extract_catalogs.py
[2026-07-09T18:42:18.806+0000] {logging_mixin.py:190} INFO - [2026-07-09T18:42:18.806+0000] {dag.py:3239} INFO - Sync 1 DAGs
[2026-07-09T18:42:18.813+0000] {logging_mixin.py:190} INFO - [2026-07-09T18:42:18.813+0000] {dag.py:4180} INFO - Setting next_dagrun for dag_extract_catalogs to 2026-07-08 01:00:00+00:00, run_after=2026-07-09 01:00:00+00:00
[2026-07-09T18:42:18.821+0000] {processor.py:208} INFO - Processing /opt/airflow/dags/dag_extract_catalogs.py took 0.036 seconds
[2026-07-09T18:42:49.237+0000] {processor.py:186} INFO - Started process (PID=12381) to work on /opt/airflow/dags/dag_extract_catalogs.py
[2026-07-09T18:42:49.237+0000] {processor.py:914} INFO - Processing file /opt/airflow/dags/dag_extract_catalogs.py for tasks to queue
[2026-07-09T18:42:49.239+0000] {logging_mixin.py:190} INFO - [2026-07-09T18:42:49.239+0000] {dagbag.py:588} INFO - Filling up the DagBag from /opt/airflow/dags/dag_extract_catalogs.py
[2026-07-09T18:42:49.245+0000] {processor.py:925} INFO - DAG(s) 'dag_extract_catalogs' retrieved from /opt/airflow/dags/dag_extract_catalogs.py
[2026-07-09T18:42:49.257+0000] {logging_mixin.py:190} INFO - [2026-07-09T18:42:49.257+0000] {dag.py:3239} INFO - Sync 1 DAGs
[2026-07-09T18:42:49.321+0000] {logging_mixin.py:190} INFO - [2026-07-09T18:42:49.321+0000] {dag.py:4180} INFO - Setting next_dagrun for dag_extract_catalogs to 2026-07-08 01:00:00+00:00, run_after=2026-07-09 01:00:00+00:00
[2026-07-09T18:42:49.326+0000] {processor.py:208} INFO - Processing /opt/airflow/dags/dag_extract_catalogs.py took 0.091 seconds
[2026-07-09T18:43:19.786+0000] {processor.py:186} INFO - Started process (PID=12401) to work on /opt/airflow/dags/dag_extract_catalogs.py
[2026-07-09T18:43:19.786+0000] {processor.py:914} INFO - Processing file /opt/airflow/dags/dag_extract_catalogs.py for tasks to queue
[2026-07-09T18:43:19.787+0000] {logging_mixin.py:190} INFO - [2026-07-09T18:43:19.787+0000] {dagbag.py:588} INFO - Filling up the DagBag from /opt/airflow/dags/dag_extract_catalogs.py
[2026-07-09T18:43:19.792+0000] {processor.py:925} INFO - DAG(s) 'dag_extract_catalogs' retrieved from /opt/airflow/dags/dag_extract_catalogs.py
[2026-07-09T18:43:19.805+0000] {logging_mixin.py:190} INFO - [2026-07-09T18:43:19.805+0000] {dag.py:3239} INFO - Sync 1 DAGs
[2026-07-09T18:43:19.812+0000] {logging_mixin.py:190} INFO - [2026-07-09T18:43:19.812+0000] {dag.py:4180} INFO - Setting next_dagrun for dag_extract_catalogs to 2026-07-08 01:00:00+00:00, run_after=2026-07-09 01:00:00+00:00
[2026-07-09T18:43:19.817+0000] {processor.py:208} INFO - Processing /opt/airflow/dags/dag_extract_catalogs.py took 0.033 seconds
[2026-07-09T18:43:50.343+0000] {processor.py:186} INFO - Started process (PID=12421) to work on /opt/airflow/dags/dag_extract_catalogs.py
[2026-07-09T18:43:50.344+0000] {processor.py:914} INFO - Processing file /opt/airflow/dags/dag_extract_catalogs.py for tasks to queue
[2026-07-09T18:43:50.345+0000] {logging_mixin.py:190} INFO - [2026-07-09T18:43:50.344+0000] {dagbag.py:588} INFO - Filling up the DagBag from /opt/airflow/dags/dag_extract_catalogs.py
[2026-07-09T18:43:50.350+0000] {processor.py:925} INFO - DAG(s) 'dag_extract_catalogs' retrieved from /opt/airflow/dags/dag_extract_catalogs.py
[2026-07-09T18:43:50.423+0000] {logging_mixin.py:190} INFO - [2026-07-09T18:43:50.423+0000] {dag.py:3239} INFO - Sync 1 DAGs
[2026-07-09T18:43:50.430+0000] {logging_mixin.py:190} INFO - [2026-07-09T18:43:50.430+0000] {dag.py:4180} INFO - Setting next_dagrun for dag_extract_catalogs to 2026-07-08 01:00:00+00:00, run_after=2026-07-09 01:00:00+00:00
[2026-07-09T18:43:50.434+0000] {processor.py:208} INFO - Processing /opt/airflow/dags/dag_extract_catalogs.py took 0.094 seconds
[2026-07-09T18:44:20.844+0000] {processor.py:186} INFO - Started process (PID=12441) to work on /opt/airflow/dags/dag_extract_catalogs.py
[2026-07-09T18:44:20.844+0000] {processor.py:914} INFO - Processing file /opt/airflow/dags/dag_extract_catalogs.py for tasks to queue
[2026-07-09T18:44:20.845+0000] {logging_mixin.py:190} INFO - [2026-07-09T18:44:20.845+0000] {dagbag.py:588} INFO - Filling up the DagBag from /opt/airflow/dags/dag_extract_catalogs.py
[2026-07-09T18:44:20.851+0000] {processor.py:925} INFO - DAG(s) 'dag_extract_catalogs' retrieved from /opt/airflow/dags/dag_extract_catalogs.py
[2026-07-09T18:44:20.864+0000] {logging_mixin.py:190} INFO - [2026-07-09T18:44:20.864+0000] {dag.py:3239} INFO - Sync 1 DAGs
[2026-07-09T18:44:20.929+0000] {logging_mixin.py:190} INFO - [2026-07-09T18:44:20.929+0000] {dag.py:4180} INFO - Setting next_dagrun for dag_extract_catalogs to 2026-07-08 01:00:00+00:00, run_after=2026-07-09 01:00:00+00:00
[2026-07-09T18:44:20.934+0000] {processor.py:208} INFO - Processing /opt/airflow/dags/dag_extract_catalogs.py took 0.093 seconds
[2026-07-09T18:44:51.487+0000] {processor.py:186} INFO - Started process (PID=12463) to work on /opt/airflow/dags/dag_extract_catalogs.py
[2026-07-09T18:44:51.487+0000] {processor.py:914} INFO - Processing file /opt/airflow/dags/dag_extract_catalogs.py for tasks to queue
[2026-07-09T18:44:51.488+0000] {logging_mixin.py:190} INFO - [2026-07-09T18:44:51.488+0000] {dagbag.py:588} INFO - Filling up the DagBag from /opt/airflow/dags/dag_extract_catalogs.py
[2026-07-09T18:44:51.492+0000] {processor.py:925} INFO - DAG(s) 'dag_extract_catalogs' retrieved from /opt/airflow/dags/dag_extract_catalogs.py
[2026-07-09T18:44:51.502+0000] {logging_mixin.py:190} INFO - [2026-07-09T18:44:51.502+0000] {dag.py:3239} INFO - Sync 1 DAGs
[2026-07-09T18:44:51.509+0000] {logging_mixin.py:190} INFO - [2026-07-09T18:44:51.509+0000] {dag.py:4180} INFO - Setting next_dagrun for dag_extract_catalogs to 2026-07-08 01:00:00+00:00, run_after=2026-07-09 01:00:00+00:00
[2026-07-09T18:44:51.514+0000] {processor.py:208} INFO - Processing /opt/airflow/dags/dag_extract_catalogs.py took 0.029 seconds
[2026-07-09T18:45:22.020+0000] {processor.py:186} INFO - Started process (PID=12481) to work on /opt/airflow/dags/dag_extract_catalogs.py
[2026-07-09T18:45:22.020+0000] {processor.py:914} INFO - Processing file /opt/airflow/dags/dag_extract_catalogs.py for tasks to queue
[2026-07-09T18:45:22.021+0000] {logging_mixin.py:190} INFO - [2026-07-09T18:45:22.021+0000] {dagbag.py:588} INFO - Filling up the DagBag from /opt/airflow/dags/dag_extract_catalogs.py
[2026-07-09T18:45:22.026+0000] {processor.py:925} INFO - DAG(s) 'dag_extract_catalogs' retrieved from /opt/airflow/dags/dag_extract_catalogs.py
[2026-07-09T18:45:22.095+0000] {logging_mixin.py:190} INFO - [2026-07-09T18:45:22.095+0000] {dag.py:3239} INFO - Sync 1 DAGs
[2026-07-09T18:45:22.102+0000] {logging_mixin.py:190} INFO - [2026-07-09T18:45:22.101+0000] {dag.py:4180} INFO - Setting next_dagrun for dag_extract_catalogs to 2026-07-08 01:00:00+00:00, run_after=2026-07-09 01:00:00+00:00
[2026-07-09T18:45:22.106+0000] {processor.py:208} INFO - Processing /opt/airflow/dags/dag_extract_catalogs.py took 0.089 seconds
[2026-07-09T18:45:52.626+0000] {processor.py:186} INFO - Started process (PID=12501) to work on /opt/airflow/dags/dag_extract_catalogs.py
[2026-07-09T18:45:52.627+0000] {processor.py:914} INFO - Processing file /opt/airflow/dags/dag_extract_catalogs.py for tasks to queue
[2026-07-09T18:45:52.628+0000] {logging_mixin.py:190} INFO - [2026-07-09T18:45:52.628+0000] {dagbag.py:588} INFO - Filling up the DagBag from /opt/airflow/dags/dag_extract_catalogs.py
[2026-07-09T18:45:52.637+0000] {processor.py:925} INFO - DAG(s) 'dag_extract_catalogs' retrieved from /opt/airflow/dags/dag_extract_catalogs.py
[2026-07-09T18:45:52.649+0000] {logging_mixin.py:190} INFO - [2026-07-09T18:45:52.649+0000] {dag.py:3239} INFO - Sync 1 DAGs
[2026-07-09T18:45:52.659+0000] {logging_mixin.py:190} INFO - [2026-07-09T18:45:52.659+0000] {dag.py:4180} INFO - Setting next_dagrun for dag_extract_catalogs to 2026-07-08 01:00:00+00:00, run_after=2026-07-09 01:00:00+00:00
[2026-07-09T18:45:52.664+0000] {processor.py:208} INFO - Processing /opt/airflow/dags/dag_extract_catalogs.py took 0.041 seconds
[2026-07-09T18:46:23.138+0000] {processor.py:186} INFO - Started process (PID=12523) to work on /opt/airflow/dags/dag_extract_catalogs.py
[2026-07-09T18:46:23.139+0000] {processor.py:914} INFO - Processing file /opt/airflow/dags/dag_extract_catalogs.py for tasks to queue
[2026-07-09T18:46:23.139+0000] {logging_mixin.py:190} INFO - [2026-07-09T18:46:23.139+0000] {dagbag.py:588} INFO - Filling up the DagBag from /opt/airflow/dags/dag_extract_catalogs.py
[2026-07-09T18:46:23.144+0000] {processor.py:925} INFO - DAG(s) 'dag_extract_catalogs' retrieved from /opt/airflow/dags/dag_extract_catalogs.py
[2026-07-09T18:46:23.154+0000] {logging_mixin.py:190} INFO - [2026-07-09T18:46:23.154+0000] {dag.py:3239} INFO - Sync 1 DAGs
[2026-07-09T18:46:23.161+0000] {logging_mixin.py:190} INFO - [2026-07-09T18:46:23.161+0000] {dag.py:4180} INFO - Setting next_dagrun for dag_extract_catalogs to 2026-07-08 01:00:00+00:00, run_after=2026-07-09 01:00:00+00:00
[2026-07-09T18:46:23.165+0000] {processor.py:208} INFO - Processing /opt/airflow/dags/dag_extract_catalogs.py took 0.030 seconds
[2026-07-09T18:46:53.633+0000] {processor.py:186} INFO - Started process (PID=12543) to work on /opt/airflow/dags/dag_extract_catalogs.py
[2026-07-09T18:46:53.633+0000] {processor.py:914} INFO - Processing file /opt/airflow/dags/dag_extract_catalogs.py for tasks to queue
[2026-07-09T18:46:53.634+0000] {logging_mixin.py:190} INFO - [2026-07-09T18:46:53.634+0000] {dagbag.py:588} INFO - Filling up the DagBag from /opt/airflow/dags/dag_extract_catalogs.py
[2026-07-09T18:46:53.639+0000] {processor.py:925} INFO - DAG(s) 'dag_extract_catalogs' retrieved from /opt/airflow/dags/dag_extract_catalogs.py
[2026-07-09T18:46:53.649+0000] {logging_mixin.py:190} INFO - [2026-07-09T18:46:53.648+0000] {dag.py:3239} INFO - Sync 1 DAGs
[2026-07-09T18:46:53.655+0000] {logging_mixin.py:190} INFO - [2026-07-09T18:46:53.655+0000] {dag.py:4180} INFO - Setting next_dagrun for dag_extract_catalogs to 2026-07-08 01:00:00+00:00, run_after=2026-07-09 01:00:00+00:00
[2026-07-09T18:46:53.660+0000] {processor.py:208} INFO - Processing /opt/airflow/dags/dag_extract_catalogs.py took 0.029 seconds
[2026-07-09T18:47:24.081+0000] {processor.py:186} INFO - Started process (PID=12563) to work on /opt/airflow/dags/dag_extract_catalogs.py
[2026-07-09T18:47:24.082+0000] {processor.py:914} INFO - Processing file /opt/airflow/dags/dag_extract_catalogs.py for tasks to queue
[2026-07-09T18:47:24.083+0000] {logging_mixin.py:190} INFO - [2026-07-09T18:47:24.082+0000] {dagbag.py:588} INFO - Filling up the DagBag from /opt/airflow/dags/dag_extract_catalogs.py
[2026-07-09T18:47:24.087+0000] {processor.py:925} INFO - DAG(s) 'dag_extract_catalogs' retrieved from /opt/airflow/dags/dag_extract_catalogs.py
[2026-07-09T18:47:24.097+0000] {logging_mixin.py:190} INFO - [2026-07-09T18:47:24.097+0000] {dag.py:3239} INFO - Sync 1 DAGs
[2026-07-09T18:47:24.104+0000] {logging_mixin.py:190} INFO - [2026-07-09T18:47:24.104+0000] {dag.py:4180} INFO - Setting next_dagrun for dag_extract_catalogs to 2026-07-08 01:00:00+00:00, run_after=2026-07-09 01:00:00+00:00
[2026-07-09T18:47:24.109+0000] {processor.py:208} INFO - Processing /opt/airflow/dags/dag_extract_catalogs.py took 0.030 seconds
[2026-07-09T18:47:54.577+0000] {processor.py:186} INFO - Started process (PID=12581) to work on /opt/airflow/dags/dag_extract_catalogs.py
[2026-07-09T18:47:54.578+0000] {processor.py:914} INFO - Processing file /opt/airflow/dags/dag_extract_catalogs.py for tasks to queue
[2026-07-09T18:47:54.579+0000] {logging_mixin.py:190} INFO - [2026-07-09T18:47:54.579+0000] {dagbag.py:588} INFO - Filling up the DagBag from /opt/airflow/dags/dag_extract_catalogs.py
[2026-07-09T18:47:54.586+0000] {processor.py:925} INFO - DAG(s) 'dag_extract_catalogs' retrieved from /opt/airflow/dags/dag_extract_catalogs.py
[2026-07-09T18:47:54.600+0000] {logging_mixin.py:190} INFO - [2026-07-09T18:47:54.600+0000] {dag.py:3239} INFO - Sync 1 DAGs
[2026-07-09T18:47:54.608+0000] {logging_mixin.py:190} INFO - [2026-07-09T18:47:54.608+0000] {dag.py:4180} INFO - Setting next_dagrun for dag_extract_catalogs to 2026-07-08 01:00:00+00:00, run_after=2026-07-09 01:00:00+00:00
[2026-07-09T18:47:54.615+0000] {processor.py:208} INFO - Processing /opt/airflow/dags/dag_extract_catalogs.py took 0.041 seconds
[2026-07-09T18:48:25.166+0000] {processor.py:186} INFO - Started process (PID=12603) to work on /opt/airflow/dags/dag_extract_catalogs.py
[2026-07-09T18:48:25.166+0000] {processor.py:914} INFO - Processing file /opt/airflow/dags/dag_extract_catalogs.py for tasks to queue
[2026-07-09T18:48:25.167+0000] {logging_mixin.py:190} INFO - [2026-07-09T18:48:25.167+0000] {dagbag.py:588} INFO - Filling up the DagBag from /opt/airflow/dags/dag_extract_catalogs.py
[2026-07-09T18:48:25.172+0000] {processor.py:925} INFO - DAG(s) 'dag_extract_catalogs' retrieved from /opt/airflow/dags/dag_extract_catalogs.py
[2026-07-09T18:48:25.182+0000] {logging_mixin.py:190} INFO - [2026-07-09T18:48:25.182+0000] {dag.py:3239} INFO - Sync 1 DAGs
[2026-07-09T18:48:25.189+0000] {logging_mixin.py:190} INFO - [2026-07-09T18:48:25.189+0000] {dag.py:4180} INFO - Setting next_dagrun for dag_extract_catalogs to 2026-07-08 01:00:00+00:00, run_after=2026-07-09 01:00:00+00:00
[2026-07-09T18:48:25.193+0000] {processor.py:208} INFO - Processing /opt/airflow/dags/dag_extract_catalogs.py took 0.030 seconds
[2026-07-09T18:48:55.601+0000] {processor.py:186} INFO - Started process (PID=12621) to work on /opt/airflow/dags/dag_extract_catalogs.py
[2026-07-09T18:48:55.601+0000] {processor.py:914} INFO - Processing file /opt/airflow/dags/dag_extract_catalogs.py for tasks to queue
[2026-07-09T18:48:55.603+0000] {logging_mixin.py:190} INFO - [2026-07-09T18:48:55.603+0000] {dagbag.py:588} INFO - Filling up the DagBag from /opt/airflow/dags/dag_extract_catalogs.py
[2026-07-09T18:48:55.608+0000] {processor.py:925} INFO - DAG(s) 'dag_extract_catalogs' retrieved from /opt/airflow/dags/dag_extract_catalogs.py
[2026-07-09T18:48:55.621+0000] {logging_mixin.py:190} INFO - [2026-07-09T18:48:55.621+0000] {dag.py:3239} INFO - Sync 1 DAGs
[2026-07-09T18:48:55.630+0000] {logging_mixin.py:190} INFO - [2026-07-09T18:48:55.630+0000] {dag.py:4180} INFO - Setting next_dagrun for dag_extract_catalogs to 2026-07-08 01:00:00+00:00, run_after=2026-07-09 01:00:00+00:00
[2026-07-09T18:48:55.636+0000] {processor.py:208} INFO - Processing /opt/airflow/dags/dag_extract_catalogs.py took 0.038 seconds
[2026-07-09T18:49:26.074+0000] {processor.py:186} INFO - Started process (PID=12643) to work on /opt/airflow/dags/dag_extract_catalogs.py
[2026-07-09T18:49:26.074+0000] {processor.py:914} INFO - Processing file /opt/airflow/dags/dag_extract_catalogs.py for tasks to queue
[2026-07-09T18:49:26.075+0000] {logging_mixin.py:190} INFO - [2026-07-09T18:49:26.075+0000] {dagbag.py:588} INFO - Filling up the DagBag from /opt/airflow/dags/dag_extract_catalogs.py
[2026-07-09T18:49:26.080+0000] {processor.py:925} INFO - DAG(s) 'dag_extract_catalogs' retrieved from /opt/airflow/dags/dag_extract_catalogs.py
[2026-07-09T18:49:26.090+0000] {logging_mixin.py:190} INFO - [2026-07-09T18:49:26.090+0000] {dag.py:3239} INFO - Sync 1 DAGs
[2026-07-09T18:49:26.097+0000] {logging_mixin.py:190} INFO - [2026-07-09T18:49:26.097+0000] {dag.py:4180} INFO - Setting next_dagrun for dag_extract_catalogs to 2026-07-08 01:00:00+00:00, run_after=2026-07-09 01:00:00+00:00
[2026-07-09T18:49:26.101+0000] {processor.py:208} INFO - Processing /opt/airflow/dags/dag_extract_catalogs.py took 0.030 seconds
[2026-07-09T18:49:56.570+0000] {processor.py:186} INFO - Started process (PID=12663) to work on /opt/airflow/dags/dag_extract_catalogs.py
[2026-07-09T18:49:56.570+0000] {processor.py:914} INFO - Processing file /opt/airflow/dags/dag_extract_catalogs.py for tasks to queue
[2026-07-09T18:49:56.571+0000] {logging_mixin.py:190} INFO - [2026-07-09T18:49:56.571+0000] {dagbag.py:588} INFO - Filling up the DagBag from /opt/airflow/dags/dag_extract_catalogs.py
[2026-07-09T18:49:56.576+0000] {processor.py:925} INFO - DAG(s) 'dag_extract_catalogs' retrieved from /opt/airflow/dags/dag_extract_catalogs.py
[2026-07-09T18:49:56.586+0000] {logging_mixin.py:190} INFO - [2026-07-09T18:49:56.586+0000] {dag.py:3239} INFO - Sync 1 DAGs
[2026-07-09T18:49:56.593+0000] {logging_mixin.py:190} INFO - [2026-07-09T18:49:56.593+0000] {dag.py:4180} INFO - Setting next_dagrun for dag_extract_catalogs to 2026-07-08 01:00:00+00:00, run_after=2026-07-09 01:00:00+00:00
[2026-07-09T18:49:56.598+0000] {processor.py:208} INFO - Processing /opt/airflow/dags/dag_extract_catalogs.py took 0.030 seconds
[2026-07-09T18:50:27.058+0000] {processor.py:186} INFO - Started process (PID=12681) to work on /opt/airflow/dags/dag_extract_catalogs.py
[2026-07-09T18:50:27.059+0000] {processor.py:914} INFO - Processing file /opt/airflow/dags/dag_extract_catalogs.py for tasks to queue
[2026-07-09T18:50:27.060+0000] {logging_mixin.py:190} INFO - [2026-07-09T18:50:27.060+0000] {dagbag.py:588} INFO - Filling up the DagBag from /opt/airflow/dags/dag_extract_catalogs.py
[2026-07-09T18:50:27.065+0000] {processor.py:925} INFO - DAG(s) 'dag_extract_catalogs' retrieved from /opt/airflow/dags/dag_extract_catalogs.py
[2026-07-09T18:50:27.077+0000] {logging_mixin.py:190} INFO - [2026-07-09T18:50:27.077+0000] {dag.py:3239} INFO - Sync 1 DAGs
[2026-07-09T18:50:27.086+0000] {logging_mixin.py:190} INFO - [2026-07-09T18:50:27.086+0000] {dag.py:4180} INFO - Setting next_dagrun for dag_extract_catalogs to 2026-07-08 01:00:00+00:00, run_after=2026-07-09 01:00:00+00:00
[2026-07-09T18:50:27.092+0000] {processor.py:208} INFO - Processing /opt/airflow/dags/dag_extract_catalogs.py took 0.037 seconds
[2026-07-09T18:50:57.572+0000] {processor.py:186} INFO - Started process (PID=12703) to work on /opt/airflow/dags/dag_extract_catalogs.py
[2026-07-09T18:50:57.573+0000] {processor.py:914} INFO - Processing file /opt/airflow/dags/dag_extract_catalogs.py for tasks to queue
[2026-07-09T18:50:57.574+0000] {logging_mixin.py:190} INFO - [2026-07-09T18:50:57.574+0000] {dagbag.py:588} INFO - Filling up the DagBag from /opt/airflow/dags/dag_extract_catalogs.py
[2026-07-09T18:50:57.578+0000] {processor.py:925} INFO - DAG(s) 'dag_extract_catalogs' retrieved from /opt/airflow/dags/dag_extract_catalogs.py
[2026-07-09T18:50:57.589+0000] {logging_mixin.py:190} INFO - [2026-07-09T18:50:57.589+0000] {dag.py:3239} INFO - Sync 1 DAGs
[2026-07-09T18:50:57.597+0000] {logging_mixin.py:190} INFO - [2026-07-09T18:50:57.596+0000] {dag.py:4180} INFO - Setting next_dagrun for dag_extract_catalogs to 2026-07-08 01:00:00+00:00, run_after=2026-07-09 01:00:00+00:00
[2026-07-09T18:50:57.601+0000] {processor.py:208} INFO - Processing /opt/airflow/dags/dag_extract_catalogs.py took 0.031 seconds
[2026-07-09T18:51:28.018+0000] {processor.py:186} INFO - Started process (PID=12721) to work on /opt/airflow/dags/dag_extract_catalogs.py
[2026-07-09T18:51:28.018+0000] {processor.py:914} INFO - Processing file /opt/airflow/dags/dag_extract_catalogs.py for tasks to queue
[2026-07-09T18:51:28.020+0000] {logging_mixin.py:190} INFO - [2026-07-09T18:51:28.019+0000] {dagbag.py:588} INFO - Filling up the DagBag from /opt/airflow/dags/dag_extract_catalogs.py
[2026-07-09T18:51:28.024+0000] {processor.py:925} INFO - DAG(s) 'dag_extract_catalogs' retrieved from /opt/airflow/dags/dag_extract_catalogs.py
[2026-07-09T18:51:28.035+0000] {logging_mixin.py:190} INFO - [2026-07-09T18:51:28.035+0000] {dag.py:3239} INFO - Sync 1 DAGs
[2026-07-09T18:51:28.042+0000] {logging_mixin.py:190} INFO - [2026-07-09T18:51:28.042+0000] {dag.py:4180} INFO - Setting next_dagrun for dag_extract_catalogs to 2026-07-08 01:00:00+00:00, run_after=2026-07-09 01:00:00+00:00
[2026-07-09T18:51:28.050+0000] {processor.py:208} INFO - Processing /opt/airflow/dags/dag_extract_catalogs.py took 0.035 seconds
[2026-07-09T18:51:58.574+0000] {processor.py:186} INFO - Started process (PID=12743) to work on /opt/airflow/dags/dag_extract_catalogs.py
[2026-07-09T18:51:58.574+0000] {processor.py:914} INFO - Processing file /opt/airflow/dags/dag_extract_catalogs.py for tasks to queue
[2026-07-09T18:51:58.575+0000] {logging_mixin.py:190} INFO - [2026-07-09T18:51:58.575+0000] {dagbag.py:588} INFO - Filling up the DagBag from /opt/airflow/dags/dag_extract_catalogs.py
[2026-07-09T18:51:58.580+0000] {processor.py:925} INFO - DAG(s) 'dag_extract_catalogs' retrieved from /opt/airflow/dags/dag_extract_catalogs.py
[2026-07-09T18:51:58.589+0000] {logging_mixin.py:190} INFO - [2026-07-09T18:51:58.589+0000] {dag.py:3239} INFO - Sync 1 DAGs
[2026-07-09T18:51:58.597+0000] {logging_mixin.py:190} INFO - [2026-07-09T18:51:58.597+0000] {dag.py:4180} INFO - Setting next_dagrun for dag_extract_catalogs to 2026-07-08 01:00:00+00:00, run_after=2026-07-09 01:00:00+00:00
[2026-07-09T18:51:58.601+0000] {processor.py:208} INFO - Processing /opt/airflow/dags/dag_extract_catalogs.py took 0.030 seconds
[2026-07-09T18:52:29.080+0000] {processor.py:186} INFO - Started process (PID=12763) to work on /opt/airflow/dags/dag_extract_catalogs.py
[2026-07-09T18:52:29.080+0000] {processor.py:914} INFO - Processing file /opt/airflow/dags/dag_extract_catalogs.py for tasks to queue
[2026-07-09T18:52:29.081+0000] {logging_mixin.py:190} INFO - [2026-07-09T18:52:29.081+0000] {dagbag.py:588} INFO - Filling up the DagBag from /opt/airflow/dags/dag_extract_catalogs.py
[2026-07-09T18:52:29.086+0000] {processor.py:925} INFO - DAG(s) 'dag_extract_catalogs' retrieved from /opt/airflow/dags/dag_extract_catalogs.py
[2026-07-09T18:52:29.095+0000] {logging_mixin.py:190} INFO - [2026-07-09T18:52:29.095+0000] {dag.py:3239} INFO - Sync 1 DAGs
[2026-07-09T18:52:29.102+0000] {logging_mixin.py:190} INFO - [2026-07-09T18:52:29.102+0000] {dag.py:4180} INFO - Setting next_dagrun for dag_extract_catalogs to 2026-07-08 01:00:00+00:00, run_after=2026-07-09 01:00:00+00:00
[2026-07-09T18:52:29.107+0000] {processor.py:208} INFO - Processing /opt/airflow/dags/dag_extract_catalogs.py took 0.029 seconds
[2026-07-09T18:52:59.508+0000] {processor.py:186} INFO - Started process (PID=12783) to work on /opt/airflow/dags/dag_extract_catalogs.py
[2026-07-09T18:52:59.508+0000] {processor.py:914} INFO - Processing file /opt/airflow/dags/dag_extract_catalogs.py for tasks to queue
[2026-07-09T18:52:59.509+0000] {logging_mixin.py:190} INFO - [2026-07-09T18:52:59.509+0000] {dagbag.py:588} INFO - Filling up the DagBag from /opt/airflow/dags/dag_extract_catalogs.py
[2026-07-09T18:52:59.514+0000] {processor.py:925} INFO - DAG(s) 'dag_extract_catalogs' retrieved from /opt/airflow/dags/dag_extract_catalogs.py
[2026-07-09T18:52:59.524+0000] {logging_mixin.py:190} INFO - [2026-07-09T18:52:59.524+0000] {dag.py:3239} INFO - Sync 1 DAGs
[2026-07-09T18:52:59.531+0000] {logging_mixin.py:190} INFO - [2026-07-09T18:52:59.531+0000] {dag.py:4180} INFO - Setting next_dagrun for dag_extract_catalogs to 2026-07-08 01:00:00+00:00, run_after=2026-07-09 01:00:00+00:00
[2026-07-09T18:52:59.536+0000] {processor.py:208} INFO - Processing /opt/airflow/dags/dag_extract_catalogs.py took 0.031 seconds
[2026-07-09T18:53:30.007+0000] {processor.py:186} INFO - Started process (PID=12803) to work on /opt/airflow/dags/dag_extract_catalogs.py
[2026-07-09T18:53:30.007+0000] {processor.py:914} INFO - Processing file /opt/airflow/dags/dag_extract_catalogs.py for tasks to queue
[2026-07-09T18:53:30.008+0000] {logging_mixin.py:190} INFO - [2026-07-09T18:53:30.008+0000] {dagbag.py:588} INFO - Filling up the DagBag from /opt/airflow/dags/dag_extract_catalogs.py
[2026-07-09T18:53:30.013+0000] {processor.py:925} INFO - DAG(s) 'dag_extract_catalogs' retrieved from /opt/airflow/dags/dag_extract_catalogs.py
[2026-07-09T18:53:30.022+0000] {logging_mixin.py:190} INFO - [2026-07-09T18:53:30.022+0000] {dag.py:3239} INFO - Sync 1 DAGs
[2026-07-09T18:53:30.029+0000] {logging_mixin.py:190} INFO - [2026-07-09T18:53:30.029+0000] {dag.py:4180} INFO - Setting next_dagrun for dag_extract_catalogs to 2026-07-08 01:00:00+00:00, run_after=2026-07-09 01:00:00+00:00
[2026-07-09T18:53:30.034+0000] {processor.py:208} INFO - Processing /opt/airflow/dags/dag_extract_catalogs.py took 0.030 seconds
[2026-07-09T18:54:00.462+0000] {processor.py:186} INFO - Started process (PID=12821) to work on /opt/airflow/dags/dag_extract_catalogs.py
[2026-07-09T18:54:00.462+0000] {processor.py:914} INFO - Processing file /opt/airflow/dags/dag_extract_catalogs.py for tasks to queue
[2026-07-09T18:54:00.464+0000] {logging_mixin.py:190} INFO - [2026-07-09T18:54:00.464+0000] {dagbag.py:588} INFO - Filling up the DagBag from /opt/airflow/dags/dag_extract_catalogs.py
[2026-07-09T18:54:00.470+0000] {processor.py:925} INFO - DAG(s) 'dag_extract_catalogs' retrieved from /opt/airflow/dags/dag_extract_catalogs.py
[2026-07-09T18:54:00.484+0000] {logging_mixin.py:190} INFO - [2026-07-09T18:54:00.484+0000] {dag.py:3239} INFO - Sync 1 DAGs
[2026-07-09T18:54:00.492+0000] {logging_mixin.py:190} INFO - [2026-07-09T18:54:00.492+0000] {dag.py:4180} INFO - Setting next_dagrun for dag_extract_catalogs to 2026-07-08 01:00:00+00:00, run_after=2026-07-09 01:00:00+00:00
[2026-07-09T18:54:00.497+0000] {processor.py:208} INFO - Processing /opt/airflow/dags/dag_extract_catalogs.py took 0.038 seconds
[2026-07-09T18:54:30.987+0000] {processor.py:186} INFO - Started process (PID=12843) to work on /opt/airflow/dags/dag_extract_catalogs.py
[2026-07-09T18:54:30.987+0000] {processor.py:914} INFO - Processing file /opt/airflow/dags/dag_extract_catalogs.py for tasks to queue
[2026-07-09T18:54:30.988+0000] {logging_mixin.py:190} INFO - [2026-07-09T18:54:30.988+0000] {dagbag.py:588} INFO - Filling up the DagBag from /opt/airflow/dags/dag_extract_catalogs.py
[2026-07-09T18:54:30.993+0000] {processor.py:925} INFO - DAG(s) 'dag_extract_catalogs' retrieved from /opt/airflow/dags/dag_extract_catalogs.py
[2026-07-09T18:54:31.003+0000] {logging_mixin.py:190} INFO - [2026-07-09T18:54:31.003+0000] {dag.py:3239} INFO - Sync 1 DAGs
[2026-07-09T18:54:31.010+0000] {logging_mixin.py:190} INFO - [2026-07-09T18:54:31.010+0000] {dag.py:4180} INFO - Setting next_dagrun for dag_extract_catalogs to 2026-07-08 01:00:00+00:00, run_after=2026-07-09 01:00:00+00:00
[2026-07-09T18:54:31.014+0000] {processor.py:208} INFO - Processing /opt/airflow/dags/dag_extract_catalogs.py took 0.029 seconds
[2026-07-09T18:55:01.454+0000] {processor.py:186} INFO - Started process (PID=12863) to work on /opt/airflow/dags/dag_extract_catalogs.py
[2026-07-09T18:55:01.454+0000] {processor.py:914} INFO - Processing file /opt/airflow/dags/dag_extract_catalogs.py for tasks to queue
[2026-07-09T18:55:01.455+0000] {logging_mixin.py:190} INFO - [2026-07-09T18:55:01.455+0000] {dagbag.py:588} INFO - Filling up the DagBag from /opt/airflow/dags/dag_extract_catalogs.py
[2026-07-09T18:55:01.460+0000] {processor.py:925} INFO - DAG(s) 'dag_extract_catalogs' retrieved from /opt/airflow/dags/dag_extract_catalogs.py
[2026-07-09T18:55:01.470+0000] {logging_mixin.py:190} INFO - [2026-07-09T18:55:01.470+0000] {dag.py:3239} INFO - Sync 1 DAGs
[2026-07-09T18:55:01.477+0000] {logging_mixin.py:190} INFO - [2026-07-09T18:55:01.477+0000] {dag.py:4180} INFO - Setting next_dagrun for dag_extract_catalogs to 2026-07-08 01:00:00+00:00, run_after=2026-07-09 01:00:00+00:00
[2026-07-09T18:55:01.482+0000] {processor.py:208} INFO - Processing /opt/airflow/dags/dag_extract_catalogs.py took 0.031 seconds
[2026-07-09T18:55:31.957+0000] {processor.py:186} INFO - Started process (PID=12883) to work on /opt/airflow/dags/dag_extract_catalogs.py
[2026-07-09T18:55:31.957+0000] {processor.py:914} INFO - Processing file /opt/airflow/dags/dag_extract_catalogs.py for tasks to queue
[2026-07-09T18:55:31.958+0000] {logging_mixin.py:190} INFO - [2026-07-09T18:55:31.958+0000] {dagbag.py:588} INFO - Filling up the DagBag from /opt/airflow/dags/dag_extract_catalogs.py
[2026-07-09T18:55:31.963+0000] {processor.py:925} INFO - DAG(s) 'dag_extract_catalogs' retrieved from /opt/airflow/dags/dag_extract_catalogs.py
[2026-07-09T18:55:31.973+0000] {logging_mixin.py:190} INFO - [2026-07-09T18:55:31.973+0000] {dag.py:3239} INFO - Sync 1 DAGs
[2026-07-09T18:55:31.979+0000] {logging_mixin.py:190} INFO - [2026-07-09T18:55:31.979+0000] {dag.py:4180} INFO - Setting next_dagrun for dag_extract_catalogs to 2026-07-08 01:00:00+00:00, run_after=2026-07-09 01:00:00+00:00
[2026-07-09T18:55:31.984+0000] {processor.py:208} INFO - Processing /opt/airflow/dags/dag_extract_catalogs.py took 0.030 seconds
[2026-07-09T18:56:02.474+0000] {processor.py:186} INFO - Started process (PID=12903) to work on /opt/airflow/dags/dag_extract_catalogs.py
[2026-07-09T18:56:02.474+0000] {processor.py:914} INFO - Processing file /opt/airflow/dags/dag_extract_catalogs.py for tasks to queue
[2026-07-09T18:56:02.475+0000] {logging_mixin.py:190} INFO - [2026-07-09T18:56:02.475+0000] {dagbag.py:588} INFO - Filling up the DagBag from /opt/airflow/dags/dag_extract_catalogs.py
[2026-07-09T18:56:02.480+0000] {processor.py:925} INFO - DAG(s) 'dag_extract_catalogs' retrieved from /opt/airflow/dags/dag_extract_catalogs.py
[2026-07-09T18:56:02.490+0000] {logging_mixin.py:190} INFO - [2026-07-09T18:56:02.490+0000] {dag.py:3239} INFO - Sync 1 DAGs
[2026-07-09T18:56:02.497+0000] {logging_mixin.py:190} INFO - [2026-07-09T18:56:02.497+0000] {dag.py:4180} INFO - Setting next_dagrun for dag_extract_catalogs to 2026-07-08 01:00:00+00:00, run_after=2026-07-09 01:00:00+00:00
[2026-07-09T18:56:02.502+0000] {processor.py:208} INFO - Processing /opt/airflow/dags/dag_extract_catalogs.py took 0.030 seconds
[2026-07-09T18:56:32.989+0000] {processor.py:186} INFO - Started process (PID=12923) to work on /opt/airflow/dags/dag_extract_catalogs.py
[2026-07-09T18:56:32.990+0000] {processor.py:914} INFO - Processing file /opt/airflow/dags/dag_extract_catalogs.py for tasks to queue
[2026-07-09T18:56:32.991+0000] {logging_mixin.py:190} INFO - [2026-07-09T18:56:32.991+0000] {dagbag.py:588} INFO - Filling up the DagBag from /opt/airflow/dags/dag_extract_catalogs.py
[2026-07-09T18:56:32.996+0000] {processor.py:925} INFO - DAG(s) 'dag_extract_catalogs' retrieved from /opt/airflow/dags/dag_extract_catalogs.py
[2026-07-09T18:56:33.005+0000] {logging_mixin.py:190} INFO - [2026-07-09T18:56:33.005+0000] {dag.py:3239} INFO - Sync 1 DAGs
[2026-07-09T18:56:33.012+0000] {logging_mixin.py:190} INFO - [2026-07-09T18:56:33.012+0000] {dag.py:4180} INFO - Setting next_dagrun for dag_extract_catalogs to 2026-07-08 01:00:00+00:00, run_after=2026-07-09 01:00:00+00:00
[2026-07-09T18:56:33.017+0000] {processor.py:208} INFO - Processing /opt/airflow/dags/dag_extract_catalogs.py took 0.030 seconds
[2026-07-09T18:57:03.457+0000] {processor.py:186} INFO - Started process (PID=12943) to work on /opt/airflow/dags/dag_extract_catalogs.py
[2026-07-09T18:57:03.457+0000] {processor.py:914} INFO - Processing file /opt/airflow/dags/dag_extract_catalogs.py for tasks to queue
[2026-07-09T18:57:03.458+0000] {logging_mixin.py:190} INFO - [2026-07-09T18:57:03.458+0000] {dagbag.py:588} INFO - Filling up the DagBag from /opt/airflow/dags/dag_extract_catalogs.py
[2026-07-09T18:57:03.463+0000] {processor.py:925} INFO - DAG(s) 'dag_extract_catalogs' retrieved from /opt/airflow/dags/dag_extract_catalogs.py
[2026-07-09T18:57:03.473+0000] {logging_mixin.py:190} INFO - [2026-07-09T18:57:03.473+0000] {dag.py:3239} INFO - Sync 1 DAGs
[2026-07-09T18:57:03.481+0000] {logging_mixin.py:190} INFO - [2026-07-09T18:57:03.481+0000] {dag.py:4180} INFO - Setting next_dagrun for dag_extract_catalogs to 2026-07-08 01:00:00+00:00, run_after=2026-07-09 01:00:00+00:00
[2026-07-09T18:57:03.486+0000] {processor.py:208} INFO - Processing /opt/airflow/dags/dag_extract_catalogs.py took 0.031 seconds
[2026-07-09T18:57:33.956+0000] {processor.py:186} INFO - Started process (PID=12963) to work on /opt/airflow/dags/dag_extract_catalogs.py
[2026-07-09T18:57:33.957+0000] {processor.py:914} INFO - Processing file /opt/airflow/dags/dag_extract_catalogs.py for tasks to queue
[2026-07-09T18:57:33.957+0000] {logging_mixin.py:190} INFO - [2026-07-09T18:57:33.957+0000] {dagbag.py:588} INFO - Filling up the DagBag from /opt/airflow/dags/dag_extract_catalogs.py
[2026-07-09T18:57:33.962+0000] {processor.py:925} INFO - DAG(s) 'dag_extract_catalogs' retrieved from /opt/airflow/dags/dag_extract_catalogs.py
[2026-07-09T18:57:33.972+0000] {logging_mixin.py:190} INFO - [2026-07-09T18:57:33.972+0000] {dag.py:3239} INFO - Sync 1 DAGs
[2026-07-09T18:57:33.979+0000] {logging_mixin.py:190} INFO - [2026-07-09T18:57:33.979+0000] {dag.py:4180} INFO - Setting next_dagrun for dag_extract_catalogs to 2026-07-08 01:00:00+00:00, run_after=2026-07-09 01:00:00+00:00
[2026-07-09T18:57:33.983+0000] {processor.py:208} INFO - Processing /opt/airflow/dags/dag_extract_catalogs.py took 0.030 seconds
[2026-07-09T18:58:04.515+0000] {processor.py:186} INFO - Started process (PID=12983) to work on /opt/airflow/dags/dag_extract_catalogs.py
[2026-07-09T18:58:04.516+0000] {processor.py:914} INFO - Processing file /opt/airflow/dags/dag_extract_catalogs.py for tasks to queue
[2026-07-09T18:58:04.517+0000] {logging_mixin.py:190} INFO - [2026-07-09T18:58:04.516+0000] {dagbag.py:588} INFO - Filling up the DagBag from /opt/airflow/dags/dag_extract_catalogs.py
[2026-07-09T18:58:04.521+0000] {processor.py:925} INFO - DAG(s) 'dag_extract_catalogs' retrieved from /opt/airflow/dags/dag_extract_catalogs.py
[2026-07-09T18:58:04.532+0000] {logging_mixin.py:190} INFO - [2026-07-09T18:58:04.532+0000] {dag.py:3239} INFO - Sync 1 DAGs
[2026-07-09T18:58:04.539+0000] {logging_mixin.py:190} INFO - [2026-07-09T18:58:04.539+0000] {dag.py:4180} INFO - Setting next_dagrun for dag_extract_catalogs to 2026-07-08 01:00:00+00:00, run_after=2026-07-09 01:00:00+00:00
[2026-07-09T18:58:04.544+0000] {processor.py:208} INFO - Processing /opt/airflow/dags/dag_extract_catalogs.py took 0.034 seconds
[2026-07-09T18:58:34.993+0000] {processor.py:186} INFO - Started process (PID=13003) to work on /opt/airflow/dags/dag_extract_catalogs.py
[2026-07-09T18:58:34.993+0000] {processor.py:914} INFO - Processing file /opt/airflow/dags/dag_extract_catalogs.py for tasks to queue
[2026-07-09T18:58:34.994+0000] {logging_mixin.py:190} INFO - [2026-07-09T18:58:34.994+0000] {dagbag.py:588} INFO - Filling up the DagBag from /opt/airflow/dags/dag_extract_catalogs.py
[2026-07-09T18:58:34.999+0000] {processor.py:925} INFO - DAG(s) 'dag_extract_catalogs' retrieved from /opt/airflow/dags/dag_extract_catalogs.py
[2026-07-09T18:58:35.010+0000] {logging_mixin.py:190} INFO - [2026-07-09T18:58:35.010+0000] {dag.py:3239} INFO - Sync 1 DAGs
[2026-07-09T18:58:35.017+0000] {logging_mixin.py:190} INFO - [2026-07-09T18:58:35.017+0000] {dag.py:4180} INFO - Setting next_dagrun for dag_extract_catalogs to 2026-07-08 01:00:00+00:00, run_after=2026-07-09 01:00:00+00:00
[2026-07-09T18:58:35.021+0000] {processor.py:208} INFO - Processing /opt/airflow/dags/dag_extract_catalogs.py took 0.031 seconds
[2026-07-09T18:59:05.472+0000] {processor.py:186} INFO - Started process (PID=13023) to work on /opt/airflow/dags/dag_extract_catalogs.py
[2026-07-09T18:59:05.472+0000] {processor.py:914} INFO - Processing file /opt/airflow/dags/dag_extract_catalogs.py for tasks to queue
[2026-07-09T18:59:05.473+0000] {logging_mixin.py:190} INFO - [2026-07-09T18:59:05.473+0000] {dagbag.py:588} INFO - Filling up the DagBag from /opt/airflow/dags/dag_extract_catalogs.py
[2026-07-09T18:59:05.478+0000] {processor.py:925} INFO - DAG(s) 'dag_extract_catalogs' retrieved from /opt/airflow/dags/dag_extract_catalogs.py
[2026-07-09T18:59:05.488+0000] {logging_mixin.py:190} INFO - [2026-07-09T18:59:05.488+0000] {dag.py:3239} INFO - Sync 1 DAGs
[2026-07-09T18:59:05.495+0000] {logging_mixin.py:190} INFO - [2026-07-09T18:59:05.495+0000] {dag.py:4180} INFO - Setting next_dagrun for dag_extract_catalogs to 2026-07-08 01:00:00+00:00, run_after=2026-07-09 01:00:00+00:00
[2026-07-09T18:59:05.499+0000] {processor.py:208} INFO - Processing /opt/airflow/dags/dag_extract_catalogs.py took 0.030 seconds
[2026-07-09T18:59:35.927+0000] {processor.py:186} INFO - Started process (PID=13043) to work on /opt/airflow/dags/dag_extract_catalogs.py
[2026-07-09T18:59:35.927+0000] {processor.py:914} INFO - Processing file /opt/airflow/dags/dag_extract_catalogs.py for tasks to queue
[2026-07-09T18:59:35.928+0000] {logging_mixin.py:190} INFO - [2026-07-09T18:59:35.928+0000] {dagbag.py:588} INFO - Filling up the DagBag from /opt/airflow/dags/dag_extract_catalogs.py
[2026-07-09T18:59:35.932+0000] {processor.py:925} INFO - DAG(s) 'dag_extract_catalogs' retrieved from /opt/airflow/dags/dag_extract_catalogs.py
[2026-07-09T18:59:35.942+0000] {logging_mixin.py:190} INFO - [2026-07-09T18:59:35.942+0000] {dag.py:3239} INFO - Sync 1 DAGs
[2026-07-09T18:59:35.950+0000] {logging_mixin.py:190} INFO - [2026-07-09T18:59:35.949+0000] {dag.py:4180} INFO - Setting next_dagrun for dag_extract_catalogs to 2026-07-08 01:00:00+00:00, run_after=2026-07-09 01:00:00+00:00
[2026-07-09T18:59:35.954+0000] {processor.py:208} INFO - Processing /opt/airflow/dags/dag_extract_catalogs.py took 0.030 seconds
[2026-07-09T19:00:06.368+0000] {processor.py:186} INFO - Started process (PID=13061) to work on /opt/airflow/dags/dag_extract_catalogs.py
[2026-07-09T19:00:06.370+0000] {processor.py:914} INFO - Processing file /opt/airflow/dags/dag_extract_catalogs.py for tasks to queue
[2026-07-09T19:00:06.370+0000] {logging_mixin.py:190} INFO - [2026-07-09T19:00:06.370+0000] {dagbag.py:588} INFO - Filling up the DagBag from /opt/airflow/dags/dag_extract_catalogs.py
[2026-07-09T19:00:06.378+0000] {processor.py:925} INFO - DAG(s) 'dag_extract_catalogs' retrieved from /opt/airflow/dags/dag_extract_catalogs.py
[2026-07-09T19:00:06.389+0000] {logging_mixin.py:190} INFO - [2026-07-09T19:00:06.389+0000] {dag.py:3239} INFO - Sync 1 DAGs
[2026-07-09T19:00:06.396+0000] {logging_mixin.py:190} INFO - [2026-07-09T19:00:06.396+0000] {dag.py:4180} INFO - Setting next_dagrun for dag_extract_catalogs to 2026-07-08 01:00:00+00:00, run_after=2026-07-09 01:00:00+00:00
[2026-07-09T19:00:06.404+0000] {processor.py:208} INFO - Processing /opt/airflow/dags/dag_extract_catalogs.py took 0.039 seconds
[2026-07-09T19:00:36.805+0000] {processor.py:186} INFO - Started process (PID=13081) to work on /opt/airflow/dags/dag_extract_catalogs.py
[2026-07-09T19:00:36.806+0000] {processor.py:914} INFO - Processing file /opt/airflow/dags/dag_extract_catalogs.py for tasks to queue
[2026-07-09T19:00:36.807+0000] {logging_mixin.py:190} INFO - [2026-07-09T19:00:36.807+0000] {dagbag.py:588} INFO - Filling up the DagBag from /opt/airflow/dags/dag_extract_catalogs.py
[2026-07-09T19:00:36.813+0000] {processor.py:925} INFO - DAG(s) 'dag_extract_catalogs' retrieved from /opt/airflow/dags/dag_extract_catalogs.py
[2026-07-09T19:00:36.825+0000] {logging_mixin.py:190} INFO - [2026-07-09T19:00:36.825+0000] {dag.py:3239} INFO - Sync 1 DAGs
[2026-07-09T19:00:36.832+0000] {logging_mixin.py:190} INFO - [2026-07-09T19:00:36.832+0000] {dag.py:4180} INFO - Setting next_dagrun for dag_extract_catalogs to 2026-07-08 01:00:00+00:00, run_after=2026-07-09 01:00:00+00:00
[2026-07-09T19:00:36.840+0000] {processor.py:208} INFO - Processing /opt/airflow/dags/dag_extract_catalogs.py took 0.037 seconds
[2026-07-09T19:01:07.243+0000] {processor.py:186} INFO - Started process (PID=13101) to work on /opt/airflow/dags/dag_extract_catalogs.py
[2026-07-09T19:01:07.244+0000] {processor.py:914} INFO - Processing file /opt/airflow/dags/dag_extract_catalogs.py for tasks to queue
[2026-07-09T19:01:07.245+0000] {logging_mixin.py:190} INFO - [2026-07-09T19:01:07.245+0000] {dagbag.py:588} INFO - Filling up the DagBag from /opt/airflow/dags/dag_extract_catalogs.py
[2026-07-09T19:01:07.250+0000] {processor.py:925} INFO - DAG(s) 'dag_extract_catalogs' retrieved from /opt/airflow/dags/dag_extract_catalogs.py
[2026-07-09T19:01:07.261+0000] {logging_mixin.py:190} INFO - [2026-07-09T19:01:07.261+0000] {dag.py:3239} INFO - Sync 1 DAGs
[2026-07-09T19:01:07.270+0000] {logging_mixin.py:190} INFO - [2026-07-09T19:01:07.270+0000] {dag.py:4180} INFO - Setting next_dagrun for dag_extract_catalogs to 2026-07-08 01:00:00+00:00, run_after=2026-07-09 01:00:00+00:00
[2026-07-09T19:01:07.278+0000] {processor.py:208} INFO - Processing /opt/airflow/dags/dag_extract_catalogs.py took 0.037 seconds
[2026-07-09T19:01:37.731+0000] {processor.py:186} INFO - Started process (PID=13123) to work on /opt/airflow/dags/dag_extract_catalogs.py
[2026-07-09T19:01:37.731+0000] {processor.py:914} INFO - Processing file /opt/airflow/dags/dag_extract_catalogs.py for tasks to queue
[2026-07-09T19:01:37.732+0000] {logging_mixin.py:190} INFO - [2026-07-09T19:01:37.732+0000] {dagbag.py:588} INFO - Filling up the DagBag from /opt/airflow/dags/dag_extract_catalogs.py
[2026-07-09T19:01:37.737+0000] {processor.py:925} INFO - DAG(s) 'dag_extract_catalogs' retrieved from /opt/airflow/dags/dag_extract_catalogs.py
[2026-07-09T19:01:37.746+0000] {logging_mixin.py:190} INFO - [2026-07-09T19:01:37.746+0000] {dag.py:3239} INFO - Sync 1 DAGs
[2026-07-09T19:01:37.753+0000] {logging_mixin.py:190} INFO - [2026-07-09T19:01:37.753+0000] {dag.py:4180} INFO - Setting next_dagrun for dag_extract_catalogs to 2026-07-08 01:00:00+00:00, run_after=2026-07-09 01:00:00+00:00
[2026-07-09T19:01:37.758+0000] {processor.py:208} INFO - Processing /opt/airflow/dags/dag_extract_catalogs.py took 0.030 seconds
[2026-07-09T19:02:08.144+0000] {processor.py:186} INFO - Started process (PID=13141) to work on /opt/airflow/dags/dag_extract_catalogs.py
[2026-07-09T19:02:08.145+0000] {processor.py:914} INFO - Processing file /opt/airflow/dags/dag_extract_catalogs.py for tasks to queue
[2026-07-09T19:02:08.146+0000] {logging_mixin.py:190} INFO - [2026-07-09T19:02:08.146+0000] {dagbag.py:588} INFO - Filling up the DagBag from /opt/airflow/dags/dag_extract_catalogs.py
[2026-07-09T19:02:08.152+0000] {processor.py:925} INFO - DAG(s) 'dag_extract_catalogs' retrieved from /opt/airflow/dags/dag_extract_catalogs.py
[2026-07-09T19:02:08.164+0000] {logging_mixin.py:190} INFO - [2026-07-09T19:02:08.164+0000] {dag.py:3239} INFO - Sync 1 DAGs
[2026-07-09T19:02:08.171+0000] {logging_mixin.py:190} INFO - [2026-07-09T19:02:08.171+0000] {dag.py:4180} INFO - Setting next_dagrun for dag_extract_catalogs to 2026-07-08 01:00:00+00:00, run_after=2026-07-09 01:00:00+00:00
[2026-07-09T19:02:08.178+0000] {processor.py:208} INFO - Processing /opt/airflow/dags/dag_extract_catalogs.py took 0.036 seconds
[2026-07-09T19:02:38.573+0000] {processor.py:186} INFO - Started process (PID=13161) to work on /opt/airflow/dags/dag_extract_catalogs.py
[2026-07-09T19:02:38.573+0000] {processor.py:914} INFO - Processing file /opt/airflow/dags/dag_extract_catalogs.py for tasks to queue
[2026-07-09T19:02:38.574+0000] {logging_mixin.py:190} INFO - [2026-07-09T19:02:38.574+0000] {dagbag.py:588} INFO - Filling up the DagBag from /opt/airflow/dags/dag_extract_catalogs.py
[2026-07-09T19:02:38.581+0000] {processor.py:925} INFO - DAG(s) 'dag_extract_catalogs' retrieved from /opt/airflow/dags/dag_extract_catalogs.py
[2026-07-09T19:02:38.596+0000] {logging_mixin.py:190} INFO - [2026-07-09T19:02:38.596+0000] {dag.py:3239} INFO - Sync 1 DAGs
[2026-07-09T19:02:38.608+0000] {logging_mixin.py:190} INFO - [2026-07-09T19:02:38.607+0000] {dag.py:4180} INFO - Setting next_dagrun for dag_extract_catalogs to 2026-07-08 01:00:00+00:00, run_after=2026-07-09 01:00:00+00:00
[2026-07-09T19:02:38.612+0000] {processor.py:208} INFO - Processing /opt/airflow/dags/dag_extract_catalogs.py took 0.042 seconds
[2026-07-09T19:03:09.044+0000] {processor.py:186} INFO - Started process (PID=13183) to work on /opt/airflow/dags/dag_extract_catalogs.py
[2026-07-09T19:03:09.045+0000] {processor.py:914} INFO - Processing file /opt/airflow/dags/dag_extract_catalogs.py for tasks to queue
[2026-07-09T19:03:09.046+0000] {logging_mixin.py:190} INFO - [2026-07-09T19:03:09.046+0000] {dagbag.py:588} INFO - Filling up the DagBag from /opt/airflow/dags/dag_extract_catalogs.py
[2026-07-09T19:03:09.050+0000] {processor.py:925} INFO - DAG(s) 'dag_extract_catalogs' retrieved from /opt/airflow/dags/dag_extract_catalogs.py
[2026-07-09T19:03:09.060+0000] {logging_mixin.py:190} INFO - [2026-07-09T19:03:09.060+0000] {dag.py:3239} INFO - Sync 1 DAGs
[2026-07-09T19:03:09.067+0000] {logging_mixin.py:190} INFO - [2026-07-09T19:03:09.067+0000] {dag.py:4180} INFO - Setting next_dagrun for dag_extract_catalogs to 2026-07-08 01:00:00+00:00, run_after=2026-07-09 01:00:00+00:00
[2026-07-09T19:03:09.072+0000] {processor.py:208} INFO - Processing /opt/airflow/dags/dag_extract_catalogs.py took 0.030 seconds
[2026-07-09T19:03:39.461+0000] {processor.py:186} INFO - Started process (PID=13203) to work on /opt/airflow/dags/dag_extract_catalogs.py
[2026-07-09T19:03:39.462+0000] {processor.py:914} INFO - Processing file /opt/airflow/dags/dag_extract_catalogs.py for tasks to queue
[2026-07-09T19:03:39.463+0000] {logging_mixin.py:190} INFO - [2026-07-09T19:03:39.462+0000] {dagbag.py:588} INFO - Filling up the DagBag from /opt/airflow/dags/dag_extract_catalogs.py
[2026-07-09T19:03:39.467+0000] {processor.py:925} INFO - DAG(s) 'dag_extract_catalogs' retrieved from /opt/airflow/dags/dag_extract_catalogs.py
[2026-07-09T19:03:39.477+0000] {logging_mixin.py:190} INFO - [2026-07-09T19:03:39.477+0000] {dag.py:3239} INFO - Sync 1 DAGs
[2026-07-09T19:03:39.484+0000] {logging_mixin.py:190} INFO - [2026-07-09T19:03:39.484+0000] {dag.py:4180} INFO - Setting next_dagrun for dag_extract_catalogs to 2026-07-08 01:00:00+00:00, run_after=2026-07-09 01:00:00+00:00
[2026-07-09T19:03:39.489+0000] {processor.py:208} INFO - Processing /opt/airflow/dags/dag_extract_catalogs.py took 0.030 seconds
[2026-07-09T19:04:09.918+0000] {processor.py:186} INFO - Started process (PID=13223) to work on /opt/airflow/dags/dag_extract_catalogs.py
[2026-07-09T19:04:09.918+0000] {processor.py:914} INFO - Processing file /opt/airflow/dags/dag_extract_catalogs.py for tasks to queue
[2026-07-09T19:04:09.919+0000] {logging_mixin.py:190} INFO - [2026-07-09T19:04:09.919+0000] {dagbag.py:588} INFO - Filling up the DagBag from /opt/airflow/dags/dag_extract_catalogs.py
[2026-07-09T19:04:09.924+0000] {processor.py:925} INFO - DAG(s) 'dag_extract_catalogs' retrieved from /opt/airflow/dags/dag_extract_catalogs.py
[2026-07-09T19:04:09.934+0000] {logging_mixin.py:190} INFO - [2026-07-09T19:04:09.934+0000] {dag.py:3239} INFO - Sync 1 DAGs
[2026-07-09T19:04:09.941+0000] {logging_mixin.py:190} INFO - [2026-07-09T19:04:09.941+0000] {dag.py:4180} INFO - Setting next_dagrun for dag_extract_catalogs to 2026-07-08 01:00:00+00:00, run_after=2026-07-09 01:00:00+00:00
[2026-07-09T19:04:09.946+0000] {processor.py:208} INFO - Processing /opt/airflow/dags/dag_extract_catalogs.py took 0.031 seconds
[2026-07-09T19:04:40.407+0000] {processor.py:186} INFO - Started process (PID=13243) to work on /opt/airflow/dags/dag_extract_catalogs.py
[2026-07-09T19:04:40.408+0000] {processor.py:914} INFO - Processing file /opt/airflow/dags/dag_extract_catalogs.py for tasks to queue
[2026-07-09T19:04:40.408+0000] {logging_mixin.py:190} INFO - [2026-07-09T19:04:40.408+0000] {dagbag.py:588} INFO - Filling up the DagBag from /opt/airflow/dags/dag_extract_catalogs.py
[2026-07-09T19:04:40.413+0000] {processor.py:925} INFO - DAG(s) 'dag_extract_catalogs' retrieved from /opt/airflow/dags/dag_extract_catalogs.py
[2026-07-09T19:04:40.423+0000] {logging_mixin.py:190} INFO - [2026-07-09T19:04:40.423+0000] {dag.py:3239} INFO - Sync 1 DAGs
[2026-07-09T19:04:40.430+0000] {logging_mixin.py:190} INFO - [2026-07-09T19:04:40.430+0000] {dag.py:4180} INFO - Setting next_dagrun for dag_extract_catalogs to 2026-07-08 01:00:00+00:00, run_after=2026-07-09 01:00:00+00:00
[2026-07-09T19:04:40.435+0000] {processor.py:208} INFO - Processing /opt/airflow/dags/dag_extract_catalogs.py took 0.030 seconds
[2026-07-09T19:05:10.861+0000] {processor.py:186} INFO - Started process (PID=13263) to work on /opt/airflow/dags/dag_extract_catalogs.py
[2026-07-09T19:05:10.862+0000] {processor.py:914} INFO - Processing file /opt/airflow/dags/dag_extract_catalogs.py for tasks to queue
[2026-07-09T19:05:10.863+0000] {logging_mixin.py:190} INFO - [2026-07-09T19:05:10.862+0000] {dagbag.py:588} INFO - Filling up the DagBag from /opt/airflow/dags/dag_extract_catalogs.py
[2026-07-09T19:05:10.868+0000] {processor.py:925} INFO - DAG(s) 'dag_extract_catalogs' retrieved from /opt/airflow/dags/dag_extract_catalogs.py
[2026-07-09T19:05:10.878+0000] {logging_mixin.py:190} INFO - [2026-07-09T19:05:10.878+0000] {dag.py:3239} INFO - Sync 1 DAGs
[2026-07-09T19:05:10.885+0000] {logging_mixin.py:190} INFO - [2026-07-09T19:05:10.885+0000] {dag.py:4180} INFO - Setting next_dagrun for dag_extract_catalogs to 2026-07-08 01:00:00+00:00, run_after=2026-07-09 01:00:00+00:00
[2026-07-09T19:05:10.890+0000] {processor.py:208} INFO - Processing /opt/airflow/dags/dag_extract_catalogs.py took 0.031 seconds
[2026-07-09T19:05:41.307+0000] {processor.py:186} INFO - Started process (PID=13283) to work on /opt/airflow/dags/dag_extract_catalogs.py
[2026-07-09T19:05:41.308+0000] {processor.py:914} INFO - Processing file /opt/airflow/dags/dag_extract_catalogs.py for tasks to queue
[2026-07-09T19:05:41.309+0000] {logging_mixin.py:190} INFO - [2026-07-09T19:05:41.308+0000] {dagbag.py:588} INFO - Filling up the DagBag from /opt/airflow/dags/dag_extract_catalogs.py
[2026-07-09T19:05:41.313+0000] {processor.py:925} INFO - DAG(s) 'dag_extract_catalogs' retrieved from /opt/airflow/dags/dag_extract_catalogs.py
[2026-07-09T19:05:41.323+0000] {logging_mixin.py:190} INFO - [2026-07-09T19:05:41.323+0000] {dag.py:3239} INFO - Sync 1 DAGs
[2026-07-09T19:05:41.331+0000] {logging_mixin.py:190} INFO - [2026-07-09T19:05:41.330+0000] {dag.py:4180} INFO - Setting next_dagrun for dag_extract_catalogs to 2026-07-08 01:00:00+00:00, run_after=2026-07-09 01:00:00+00:00
[2026-07-09T19:05:41.335+0000] {processor.py:208} INFO - Processing /opt/airflow/dags/dag_extract_catalogs.py took 0.031 seconds
[2026-07-09T19:06:11.721+0000] {processor.py:186} INFO - Started process (PID=13303) to work on /opt/airflow/dags/dag_extract_catalogs.py
[2026-07-09T19:06:11.722+0000] {processor.py:914} INFO - Processing file /opt/airflow/dags/dag_extract_catalogs.py for tasks to queue
[2026-07-09T19:06:11.723+0000] {logging_mixin.py:190} INFO - [2026-07-09T19:06:11.722+0000] {dagbag.py:588} INFO - Filling up the DagBag from /opt/airflow/dags/dag_extract_catalogs.py
[2026-07-09T19:06:11.728+0000] {processor.py:925} INFO - DAG(s) 'dag_extract_catalogs' retrieved from /opt/airflow/dags/dag_extract_catalogs.py
[2026-07-09T19:06:11.738+0000] {logging_mixin.py:190} INFO - [2026-07-09T19:06:11.738+0000] {dag.py:3239} INFO - Sync 1 DAGs
[2026-07-09T19:06:11.745+0000] {logging_mixin.py:190} INFO - [2026-07-09T19:06:11.745+0000] {dag.py:4180} INFO - Setting next_dagrun for dag_extract_catalogs to 2026-07-08 01:00:00+00:00, run_after=2026-07-09 01:00:00+00:00
[2026-07-09T19:06:11.749+0000] {processor.py:208} INFO - Processing /opt/airflow/dags/dag_extract_catalogs.py took 0.031 seconds
[2026-07-09T19:06:42.171+0000] {processor.py:186} INFO - Started process (PID=13323) to work on /opt/airflow/dags/dag_extract_catalogs.py
[2026-07-09T19:06:42.172+0000] {processor.py:914} INFO - Processing file /opt/airflow/dags/dag_extract_catalogs.py for tasks to queue
[2026-07-09T19:06:42.173+0000] {logging_mixin.py:190} INFO - [2026-07-09T19:06:42.173+0000] {dagbag.py:588} INFO - Filling up the DagBag from /opt/airflow/dags/dag_extract_catalogs.py
[2026-07-09T19:06:42.177+0000] {processor.py:925} INFO - DAG(s) 'dag_extract_catalogs' retrieved from /opt/airflow/dags/dag_extract_catalogs.py
[2026-07-09T19:06:42.187+0000] {logging_mixin.py:190} INFO - [2026-07-09T19:06:42.187+0000] {dag.py:3239} INFO - Sync 1 DAGs
[2026-07-09T19:06:42.194+0000] {logging_mixin.py:190} INFO - [2026-07-09T19:06:42.194+0000] {dag.py:4180} INFO - Setting next_dagrun for dag_extract_catalogs to 2026-07-08 01:00:00+00:00, run_after=2026-07-09 01:00:00+00:00
[2026-07-09T19:06:42.198+0000] {processor.py:208} INFO - Processing /opt/airflow/dags/dag_extract_catalogs.py took 0.029 seconds
[2026-07-09T19:07:12.630+0000] {processor.py:186} INFO - Started process (PID=13343) to work on /opt/airflow/dags/dag_extract_catalogs.py
[2026-07-09T19:07:12.630+0000] {processor.py:914} INFO - Processing file /opt/airflow/dags/dag_extract_catalogs.py for tasks to queue
[2026-07-09T19:07:12.631+0000] {logging_mixin.py:190} INFO - [2026-07-09T19:07:12.631+0000] {dagbag.py:588} INFO - Filling up the DagBag from /opt/airflow/dags/dag_extract_catalogs.py
[2026-07-09T19:07:12.636+0000] {processor.py:925} INFO - DAG(s) 'dag_extract_catalogs' retrieved from /opt/airflow/dags/dag_extract_catalogs.py
[2026-07-09T19:07:12.646+0000] {logging_mixin.py:190} INFO - [2026-07-09T19:07:12.646+0000] {dag.py:3239} INFO - Sync 1 DAGs
[2026-07-09T19:07:12.653+0000] {logging_mixin.py:190} INFO - [2026-07-09T19:07:12.653+0000] {dag.py:4180} INFO - Setting next_dagrun for dag_extract_catalogs to 2026-07-08 01:00:00+00:00, run_after=2026-07-09 01:00:00+00:00
[2026-07-09T19:07:12.657+0000] {processor.py:208} INFO - Processing /opt/airflow/dags/dag_extract_catalogs.py took 0.030 seconds
[2026-07-09T19:07:43.072+0000] {processor.py:186} INFO - Started process (PID=13363) to work on /opt/airflow/dags/dag_extract_catalogs.py
[2026-07-09T19:07:43.072+0000] {processor.py:914} INFO - Processing file /opt/airflow/dags/dag_extract_catalogs.py for tasks to queue
[2026-07-09T19:07:43.073+0000] {logging_mixin.py:190} INFO - [2026-07-09T19:07:43.073+0000] {dagbag.py:588} INFO - Filling up the DagBag from /opt/airflow/dags/dag_extract_catalogs.py
[2026-07-09T19:07:43.078+0000] {processor.py:925} INFO - DAG(s) 'dag_extract_catalogs' retrieved from /opt/airflow/dags/dag_extract_catalogs.py
[2026-07-09T19:07:43.088+0000] {logging_mixin.py:190} INFO - [2026-07-09T19:07:43.088+0000] {dag.py:3239} INFO - Sync 1 DAGs
[2026-07-09T19:07:43.095+0000] {logging_mixin.py:190} INFO - [2026-07-09T19:07:43.094+0000] {dag.py:4180} INFO - Setting next_dagrun for dag_extract_catalogs to 2026-07-08 01:00:00+00:00, run_after=2026-07-09 01:00:00+00:00
[2026-07-09T19:07:43.099+0000] {processor.py:208} INFO - Processing /opt/airflow/dags/dag_extract_catalogs.py took 0.029 seconds
[2026-07-09T19:08:13.468+0000] {processor.py:186} INFO - Started process (PID=13381) to work on /opt/airflow/dags/dag_extract_catalogs.py
[2026-07-09T19:08:13.469+0000] {processor.py:914} INFO - Processing file /opt/airflow/dags/dag_extract_catalogs.py for tasks to queue
[2026-07-09T19:08:13.470+0000] {logging_mixin.py:190} INFO - [2026-07-09T19:08:13.470+0000] {dagbag.py:588} INFO - Filling up the DagBag from /opt/airflow/dags/dag_extract_catalogs.py
[2026-07-09T19:08:13.475+0000] {processor.py:925} INFO - DAG(s) 'dag_extract_catalogs' retrieved from /opt/airflow/dags/dag_extract_catalogs.py
[2026-07-09T19:08:13.493+0000] {logging_mixin.py:190} INFO - [2026-07-09T19:08:13.493+0000] {dag.py:3239} INFO - Sync 1 DAGs
[2026-07-09T19:08:13.500+0000] {logging_mixin.py:190} INFO - [2026-07-09T19:08:13.500+0000] {dag.py:4180} INFO - Setting next_dagrun for dag_extract_catalogs to 2026-07-08 01:00:00+00:00, run_after=2026-07-09 01:00:00+00:00
[2026-07-09T19:08:13.506+0000] {processor.py:208} INFO - Processing /opt/airflow/dags/dag_extract_catalogs.py took 0.040 seconds
[2026-07-09T19:08:43.964+0000] {processor.py:186} INFO - Started process (PID=13403) to work on /opt/airflow/dags/dag_extract_catalogs.py
[2026-07-09T19:08:43.965+0000] {processor.py:914} INFO - Processing file /opt/airflow/dags/dag_extract_catalogs.py for tasks to queue
[2026-07-09T19:08:43.966+0000] {logging_mixin.py:190} INFO - [2026-07-09T19:08:43.966+0000] {dagbag.py:588} INFO - Filling up the DagBag from /opt/airflow/dags/dag_extract_catalogs.py
[2026-07-09T19:08:43.971+0000] {processor.py:925} INFO - DAG(s) 'dag_extract_catalogs' retrieved from /opt/airflow/dags/dag_extract_catalogs.py
[2026-07-09T19:08:43.981+0000] {logging_mixin.py:190} INFO - [2026-07-09T19:08:43.981+0000] {dag.py:3239} INFO - Sync 1 DAGs
[2026-07-09T19:08:43.989+0000] {logging_mixin.py:190} INFO - [2026-07-09T19:08:43.989+0000] {dag.py:4180} INFO - Setting next_dagrun for dag_extract_catalogs to 2026-07-08 01:00:00+00:00, run_after=2026-07-09 01:00:00+00:00
[2026-07-09T19:08:43.994+0000] {processor.py:208} INFO - Processing /opt/airflow/dags/dag_extract_catalogs.py took 0.033 seconds
[2026-07-09T19:09:14.398+0000] {processor.py:186} INFO - Started process (PID=13421) to work on /opt/airflow/dags/dag_extract_catalogs.py
[2026-07-09T19:09:14.399+0000] {processor.py:914} INFO - Processing file /opt/airflow/dags/dag_extract_catalogs.py for tasks to queue
[2026-07-09T19:09:14.402+0000] {logging_mixin.py:190} INFO - [2026-07-09T19:09:14.402+0000] {dagbag.py:588} INFO - Filling up the DagBag from /opt/airflow/dags/dag_extract_catalogs.py
[2026-07-09T19:09:14.413+0000] {processor.py:925} INFO - DAG(s) 'dag_extract_catalogs' retrieved from /opt/airflow/dags/dag_extract_catalogs.py
[2026-07-09T19:09:14.426+0000] {logging_mixin.py:190} INFO - [2026-07-09T19:09:14.426+0000] {dag.py:3239} INFO - Sync 1 DAGs
[2026-07-09T19:09:14.436+0000] {logging_mixin.py:190} INFO - [2026-07-09T19:09:14.436+0000] {dag.py:4180} INFO - Setting next_dagrun for dag_extract_catalogs to 2026-07-08 01:00:00+00:00, run_after=2026-07-09 01:00:00+00:00
[2026-07-09T19:09:14.441+0000] {processor.py:208} INFO - Processing /opt/airflow/dags/dag_extract_catalogs.py took 0.047 seconds
[2026-07-09T19:09:44.909+0000] {processor.py:186} INFO - Started process (PID=13443) to work on /opt/airflow/dags/dag_extract_catalogs.py
[2026-07-09T19:09:44.909+0000] {processor.py:914} INFO - Processing file /opt/airflow/dags/dag_extract_catalogs.py for tasks to queue
[2026-07-09T19:09:44.910+0000] {logging_mixin.py:190} INFO - [2026-07-09T19:09:44.910+0000] {dagbag.py:588} INFO - Filling up the DagBag from /opt/airflow/dags/dag_extract_catalogs.py
[2026-07-09T19:09:44.915+0000] {processor.py:925} INFO - DAG(s) 'dag_extract_catalogs' retrieved from /opt/airflow/dags/dag_extract_catalogs.py
[2026-07-09T19:09:44.926+0000] {logging_mixin.py:190} INFO - [2026-07-09T19:09:44.926+0000] {dag.py:3239} INFO - Sync 1 DAGs
[2026-07-09T19:09:44.933+0000] {logging_mixin.py:190} INFO - [2026-07-09T19:09:44.933+0000] {dag.py:4180} INFO - Setting next_dagrun for dag_extract_catalogs to 2026-07-08 01:00:00+00:00, run_after=2026-07-09 01:00:00+00:00
[2026-07-09T19:09:44.937+0000] {processor.py:208} INFO - Processing /opt/airflow/dags/dag_extract_catalogs.py took 0.031 seconds
[2026-07-09T19:10:15.446+0000] {processor.py:186} INFO - Started process (PID=13463) to work on /opt/airflow/dags/dag_extract_catalogs.py
[2026-07-09T19:10:15.447+0000] {processor.py:914} INFO - Processing file /opt/airflow/dags/dag_extract_catalogs.py for tasks to queue
[2026-07-09T19:10:15.448+0000] {logging_mixin.py:190} INFO - [2026-07-09T19:10:15.448+0000] {dagbag.py:588} INFO - Filling up the DagBag from /opt/airflow/dags/dag_extract_catalogs.py
[2026-07-09T19:10:15.453+0000] {processor.py:925} INFO - DAG(s) 'dag_extract_catalogs' retrieved from /opt/airflow/dags/dag_extract_catalogs.py
[2026-07-09T19:10:15.464+0000] {logging_mixin.py:190} INFO - [2026-07-09T19:10:15.464+0000] {dag.py:3239} INFO - Sync 1 DAGs
[2026-07-09T19:10:15.472+0000] {logging_mixin.py:190} INFO - [2026-07-09T19:10:15.472+0000] {dag.py:4180} INFO - Setting next_dagrun for dag_extract_catalogs to 2026-07-08 01:00:00+00:00, run_after=2026-07-09 01:00:00+00:00
[2026-07-09T19:10:15.477+0000] {processor.py:208} INFO - Processing /opt/airflow/dags/dag_extract_catalogs.py took 0.035 seconds
[2026-07-09T19:10:45.884+0000] {processor.py:186} INFO - Started process (PID=13483) to work on /opt/airflow/dags/dag_extract_catalogs.py
[2026-07-09T19:10:45.884+0000] {processor.py:914} INFO - Processing file /opt/airflow/dags/dag_extract_catalogs.py for tasks to queue
[2026-07-09T19:10:45.885+0000] {logging_mixin.py:190} INFO - [2026-07-09T19:10:45.885+0000] {dagbag.py:588} INFO - Filling up the DagBag from /opt/airflow/dags/dag_extract_catalogs.py
[2026-07-09T19:10:45.890+0000] {processor.py:925} INFO - DAG(s) 'dag_extract_catalogs' retrieved from /opt/airflow/dags/dag_extract_catalogs.py
[2026-07-09T19:10:45.900+0000] {logging_mixin.py:190} INFO - [2026-07-09T19:10:45.900+0000] {dag.py:3239} INFO - Sync 1 DAGs
[2026-07-09T19:10:45.907+0000] {logging_mixin.py:190} INFO - [2026-07-09T19:10:45.907+0000] {dag.py:4180} INFO - Setting next_dagrun for dag_extract_catalogs to 2026-07-08 01:00:00+00:00, run_after=2026-07-09 01:00:00+00:00
[2026-07-09T19:10:45.912+0000] {processor.py:208} INFO - Processing /opt/airflow/dags/dag_extract_catalogs.py took 0.031 seconds
[2026-07-09T19:11:16.306+0000] {processor.py:186} INFO - Started process (PID=13503) to work on /opt/airflow/dags/dag_extract_catalogs.py
[2026-07-09T19:11:16.306+0000] {processor.py:914} INFO - Processing file /opt/airflow/dags/dag_extract_catalogs.py for tasks to queue
[2026-07-09T19:11:16.307+0000] {logging_mixin.py:190} INFO - [2026-07-09T19:11:16.307+0000] {dagbag.py:588} INFO - Filling up the DagBag from /opt/airflow/dags/dag_extract_catalogs.py
[2026-07-09T19:11:16.312+0000] {processor.py:925} INFO - DAG(s) 'dag_extract_catalogs' retrieved from /opt/airflow/dags/dag_extract_catalogs.py
[2026-07-09T19:11:16.322+0000] {logging_mixin.py:190} INFO - [2026-07-09T19:11:16.322+0000] {dag.py:3239} INFO - Sync 1 DAGs
[2026-07-09T19:11:16.329+0000] {logging_mixin.py:190} INFO - [2026-07-09T19:11:16.329+0000] {dag.py:4180} INFO - Setting next_dagrun for dag_extract_catalogs to 2026-07-08 01:00:00+00:00, run_after=2026-07-09 01:00:00+00:00
[2026-07-09T19:11:16.333+0000] {processor.py:208} INFO - Processing /opt/airflow/dags/dag_extract_catalogs.py took 0.030 seconds
[2026-07-09T19:11:46.775+0000] {processor.py:186} INFO - Started process (PID=13523) to work on /opt/airflow/dags/dag_extract_catalogs.py
[2026-07-09T19:11:46.775+0000] {processor.py:914} INFO - Processing file /opt/airflow/dags/dag_extract_catalogs.py for tasks to queue
[2026-07-09T19:11:46.776+0000] {logging_mixin.py:190} INFO - [2026-07-09T19:11:46.776+0000] {dagbag.py:588} INFO - Filling up the DagBag from /opt/airflow/dags/dag_extract_catalogs.py
[2026-07-09T19:11:46.781+0000] {processor.py:925} INFO - DAG(s) 'dag_extract_catalogs' retrieved from /opt/airflow/dags/dag_extract_catalogs.py
[2026-07-09T19:11:46.791+0000] {logging_mixin.py:190} INFO - [2026-07-09T19:11:46.791+0000] {dag.py:3239} INFO - Sync 1 DAGs
[2026-07-09T19:11:46.798+0000] {logging_mixin.py:190} INFO - [2026-07-09T19:11:46.798+0000] {dag.py:4180} INFO - Setting next_dagrun for dag_extract_catalogs to 2026-07-08 01:00:00+00:00, run_after=2026-07-09 01:00:00+00:00
[2026-07-09T19:11:46.803+0000] {processor.py:208} INFO - Processing /opt/airflow/dags/dag_extract_catalogs.py took 0.030 seconds
[2026-07-09T19:12:17.192+0000] {processor.py:186} INFO - Started process (PID=13541) to work on /opt/airflow/dags/dag_extract_catalogs.py
[2026-07-09T19:12:17.193+0000] {processor.py:914} INFO - Processing file /opt/airflow/dags/dag_extract_catalogs.py for tasks to queue
[2026-07-09T19:12:17.194+0000] {logging_mixin.py:190} INFO - [2026-07-09T19:12:17.194+0000] {dagbag.py:588} INFO - Filling up the DagBag from /opt/airflow/dags/dag_extract_catalogs.py
[2026-07-09T19:12:17.202+0000] {processor.py:925} INFO - DAG(s) 'dag_extract_catalogs' retrieved from /opt/airflow/dags/dag_extract_catalogs.py
[2026-07-09T19:12:17.215+0000] {logging_mixin.py:190} INFO - [2026-07-09T19:12:17.215+0000] {dag.py:3239} INFO - Sync 1 DAGs
[2026-07-09T19:12:17.224+0000] {logging_mixin.py:190} INFO - [2026-07-09T19:12:17.224+0000] {dag.py:4180} INFO - Setting next_dagrun for dag_extract_catalogs to 2026-07-08 01:00:00+00:00, run_after=2026-07-09 01:00:00+00:00
[2026-07-09T19:12:17.229+0000] {processor.py:208} INFO - Processing /opt/airflow/dags/dag_extract_catalogs.py took 0.039 seconds
[2026-07-09T19:12:47.681+0000] {processor.py:186} INFO - Started process (PID=13563) to work on /opt/airflow/dags/dag_extract_catalogs.py
[2026-07-09T19:12:47.681+0000] {processor.py:914} INFO - Processing file /opt/airflow/dags/dag_extract_catalogs.py for tasks to queue
[2026-07-09T19:12:47.682+0000] {logging_mixin.py:190} INFO - [2026-07-09T19:12:47.682+0000] {dagbag.py:588} INFO - Filling up the DagBag from /opt/airflow/dags/dag_extract_catalogs.py
[2026-07-09T19:12:47.687+0000] {processor.py:925} INFO - DAG(s) 'dag_extract_catalogs' retrieved from /opt/airflow/dags/dag_extract_catalogs.py
[2026-07-09T19:12:47.697+0000] {logging_mixin.py:190} INFO - [2026-07-09T19:12:47.697+0000] {dag.py:3239} INFO - Sync 1 DAGs
[2026-07-09T19:12:47.704+0000] {logging_mixin.py:190} INFO - [2026-07-09T19:12:47.704+0000] {dag.py:4180} INFO - Setting next_dagrun for dag_extract_catalogs to 2026-07-08 01:00:00+00:00, run_after=2026-07-09 01:00:00+00:00
[2026-07-09T19:12:47.709+0000] {processor.py:208} INFO - Processing /opt/airflow/dags/dag_extract_catalogs.py took 0.031 seconds
[2026-07-09T19:13:18.132+0000] {processor.py:186} INFO - Started process (PID=13583) to work on /opt/airflow/dags/dag_extract_catalogs.py
[2026-07-09T19:13:18.132+0000] {processor.py:914} INFO - Processing file /opt/airflow/dags/dag_extract_catalogs.py for tasks to queue
[2026-07-09T19:13:18.133+0000] {logging_mixin.py:190} INFO - [2026-07-09T19:13:18.133+0000] {dagbag.py:588} INFO - Filling up the DagBag from /opt/airflow/dags/dag_extract_catalogs.py
[2026-07-09T19:13:18.138+0000] {processor.py:925} INFO - DAG(s) 'dag_extract_catalogs' retrieved from /opt/airflow/dags/dag_extract_catalogs.py
[2026-07-09T19:13:18.148+0000] {logging_mixin.py:190} INFO - [2026-07-09T19:13:18.148+0000] {dag.py:3239} INFO - Sync 1 DAGs
[2026-07-09T19:13:18.155+0000] {logging_mixin.py:190} INFO - [2026-07-09T19:13:18.155+0000] {dag.py:4180} INFO - Setting next_dagrun for dag_extract_catalogs to 2026-07-08 01:00:00+00:00, run_after=2026-07-09 01:00:00+00:00
[2026-07-09T19:13:18.160+0000] {processor.py:208} INFO - Processing /opt/airflow/dags/dag_extract_catalogs.py took 0.031 seconds
[2026-07-09T19:13:48.542+0000] {processor.py:186} INFO - Started process (PID=13603) to work on /opt/airflow/dags/dag_extract_catalogs.py
[2026-07-09T19:13:48.542+0000] {processor.py:914} INFO - Processing file /opt/airflow/dags/dag_extract_catalogs.py for tasks to queue
[2026-07-09T19:13:48.543+0000] {logging_mixin.py:190} INFO - [2026-07-09T19:13:48.543+0000] {dagbag.py:588} INFO - Filling up the DagBag from /opt/airflow/dags/dag_extract_catalogs.py
[2026-07-09T19:13:48.548+0000] {processor.py:925} INFO - DAG(s) 'dag_extract_catalogs' retrieved from /opt/airflow/dags/dag_extract_catalogs.py
[2026-07-09T19:13:48.558+0000] {logging_mixin.py:190} INFO - [2026-07-09T19:13:48.558+0000] {dag.py:3239} INFO - Sync 1 DAGs
[2026-07-09T19:13:48.565+0000] {logging_mixin.py:190} INFO - [2026-07-09T19:13:48.565+0000] {dag.py:4180} INFO - Setting next_dagrun for dag_extract_catalogs to 2026-07-08 01:00:00+00:00, run_after=2026-07-09 01:00:00+00:00
[2026-07-09T19:13:48.570+0000] {processor.py:208} INFO - Processing /opt/airflow/dags/dag_extract_catalogs.py took 0.031 seconds
[2026-07-09T19:14:18.965+0000] {processor.py:186} INFO - Started process (PID=13623) to work on /opt/airflow/dags/dag_extract_catalogs.py
[2026-07-09T19:14:18.966+0000] {processor.py:914} INFO - Processing file /opt/airflow/dags/dag_extract_catalogs.py for tasks to queue
[2026-07-09T19:14:18.966+0000] {logging_mixin.py:190} INFO - [2026-07-09T19:14:18.966+0000] {dagbag.py:588} INFO - Filling up the DagBag from /opt/airflow/dags/dag_extract_catalogs.py
[2026-07-09T19:14:18.971+0000] {processor.py:925} INFO - DAG(s) 'dag_extract_catalogs' retrieved from /opt/airflow/dags/dag_extract_catalogs.py
[2026-07-09T19:14:18.981+0000] {logging_mixin.py:190} INFO - [2026-07-09T19:14:18.981+0000] {dag.py:3239} INFO - Sync 1 DAGs
[2026-07-09T19:14:18.988+0000] {logging_mixin.py:190} INFO - [2026-07-09T19:14:18.988+0000] {dag.py:4180} INFO - Setting next_dagrun for dag_extract_catalogs to 2026-07-08 01:00:00+00:00, run_after=2026-07-09 01:00:00+00:00
[2026-07-09T19:14:18.993+0000] {processor.py:208} INFO - Processing /opt/airflow/dags/dag_extract_catalogs.py took 0.030 seconds
[2026-07-09T19:14:49.427+0000] {processor.py:186} INFO - Started process (PID=13643) to work on /opt/airflow/dags/dag_extract_catalogs.py
[2026-07-09T19:14:49.427+0000] {processor.py:914} INFO - Processing file /opt/airflow/dags/dag_extract_catalogs.py for tasks to queue
[2026-07-09T19:14:49.428+0000] {logging_mixin.py:190} INFO - [2026-07-09T19:14:49.428+0000] {dagbag.py:588} INFO - Filling up the DagBag from /opt/airflow/dags/dag_extract_catalogs.py
[2026-07-09T19:14:49.433+0000] {processor.py:925} INFO - DAG(s) 'dag_extract_catalogs' retrieved from /opt/airflow/dags/dag_extract_catalogs.py
[2026-07-09T19:14:49.443+0000] {logging_mixin.py:190} INFO - [2026-07-09T19:14:49.443+0000] {dag.py:3239} INFO - Sync 1 DAGs
[2026-07-09T19:14:49.450+0000] {logging_mixin.py:190} INFO - [2026-07-09T19:14:49.450+0000] {dag.py:4180} INFO - Setting next_dagrun for dag_extract_catalogs to 2026-07-08 01:00:00+00:00, run_after=2026-07-09 01:00:00+00:00
[2026-07-09T19:14:49.455+0000] {processor.py:208} INFO - Processing /opt/airflow/dags/dag_extract_catalogs.py took 0.030 seconds
[2026-07-09T19:15:19.878+0000] {processor.py:186} INFO - Started process (PID=13663) to work on /opt/airflow/dags/dag_extract_catalogs.py
[2026-07-09T19:15:19.878+0000] {processor.py:914} INFO - Processing file /opt/airflow/dags/dag_extract_catalogs.py for tasks to queue
[2026-07-09T19:15:19.879+0000] {logging_mixin.py:190} INFO - [2026-07-09T19:15:19.879+0000] {dagbag.py:588} INFO - Filling up the DagBag from /opt/airflow/dags/dag_extract_catalogs.py
[2026-07-09T19:15:19.884+0000] {processor.py:925} INFO - DAG(s) 'dag_extract_catalogs' retrieved from /opt/airflow/dags/dag_extract_catalogs.py
[2026-07-09T19:15:19.894+0000] {logging_mixin.py:190} INFO - [2026-07-09T19:15:19.893+0000] {dag.py:3239} INFO - Sync 1 DAGs
[2026-07-09T19:15:19.901+0000] {logging_mixin.py:190} INFO - [2026-07-09T19:15:19.900+0000] {dag.py:4180} INFO - Setting next_dagrun for dag_extract_catalogs to 2026-07-08 01:00:00+00:00, run_after=2026-07-09 01:00:00+00:00
[2026-07-09T19:15:19.905+0000] {processor.py:208} INFO - Processing /opt/airflow/dags/dag_extract_catalogs.py took 0.030 seconds
[2026-07-09T19:15:50.287+0000] {processor.py:186} INFO - Started process (PID=13681) to work on /opt/airflow/dags/dag_extract_catalogs.py
[2026-07-09T19:15:50.287+0000] {processor.py:914} INFO - Processing file /opt/airflow/dags/dag_extract_catalogs.py for tasks to queue
[2026-07-09T19:15:50.289+0000] {logging_mixin.py:190} INFO - [2026-07-09T19:15:50.288+0000] {dagbag.py:588} INFO - Filling up the DagBag from /opt/airflow/dags/dag_extract_catalogs.py
[2026-07-09T19:15:50.296+0000] {processor.py:925} INFO - DAG(s) 'dag_extract_catalogs' retrieved from /opt/airflow/dags/dag_extract_catalogs.py
[2026-07-09T19:15:50.311+0000] {logging_mixin.py:190} INFO - [2026-07-09T19:15:50.311+0000] {dag.py:3239} INFO - Sync 1 DAGs
[2026-07-09T19:15:50.320+0000] {logging_mixin.py:190} INFO - [2026-07-09T19:15:50.320+0000] {dag.py:4180} INFO - Setting next_dagrun for dag_extract_catalogs to 2026-07-08 01:00:00+00:00, run_after=2026-07-09 01:00:00+00:00
[2026-07-09T19:15:50.325+0000] {processor.py:208} INFO - Processing /opt/airflow/dags/dag_extract_catalogs.py took 0.041 seconds
[2026-07-09T19:16:20.800+0000] {processor.py:186} INFO - Started process (PID=13703) to work on /opt/airflow/dags/dag_extract_catalogs.py
[2026-07-09T19:16:20.800+0000] {processor.py:914} INFO - Processing file /opt/airflow/dags/dag_extract_catalogs.py for tasks to queue
[2026-07-09T19:16:20.801+0000] {logging_mixin.py:190} INFO - [2026-07-09T19:16:20.801+0000] {dagbag.py:588} INFO - Filling up the DagBag from /opt/airflow/dags/dag_extract_catalogs.py
[2026-07-09T19:16:20.807+0000] {processor.py:925} INFO - DAG(s) 'dag_extract_catalogs' retrieved from /opt/airflow/dags/dag_extract_catalogs.py
[2026-07-09T19:16:20.817+0000] {logging_mixin.py:190} INFO - [2026-07-09T19:16:20.817+0000] {dag.py:3239} INFO - Sync 1 DAGs
[2026-07-09T19:16:20.824+0000] {logging_mixin.py:190} INFO - [2026-07-09T19:16:20.824+0000] {dag.py:4180} INFO - Setting next_dagrun for dag_extract_catalogs to 2026-07-08 01:00:00+00:00, run_after=2026-07-09 01:00:00+00:00
[2026-07-09T19:16:20.829+0000] {processor.py:208} INFO - Processing /opt/airflow/dags/dag_extract_catalogs.py took 0.031 seconds
[2026-07-09T19:16:51.234+0000] {processor.py:186} INFO - Started process (PID=13721) to work on /opt/airflow/dags/dag_extract_catalogs.py
[2026-07-09T19:16:51.235+0000] {processor.py:914} INFO - Processing file /opt/airflow/dags/dag_extract_catalogs.py for tasks to queue
[2026-07-09T19:16:51.237+0000] {logging_mixin.py:190} INFO - [2026-07-09T19:16:51.236+0000] {dagbag.py:588} INFO - Filling up the DagBag from /opt/airflow/dags/dag_extract_catalogs.py
[2026-07-09T19:16:51.242+0000] {processor.py:925} INFO - DAG(s) 'dag_extract_catalogs' retrieved from /opt/airflow/dags/dag_extract_catalogs.py
[2026-07-09T19:16:51.256+0000] {logging_mixin.py:190} INFO - [2026-07-09T19:16:51.256+0000] {dag.py:3239} INFO - Sync 1 DAGs
[2026-07-09T19:16:51.265+0000] {logging_mixin.py:190} INFO - [2026-07-09T19:16:51.265+0000] {dag.py:4180} INFO - Setting next_dagrun for dag_extract_catalogs to 2026-07-08 01:00:00+00:00, run_after=2026-07-09 01:00:00+00:00
[2026-07-09T19:16:51.271+0000] {processor.py:208} INFO - Processing /opt/airflow/dags/dag_extract_catalogs.py took 0.040 seconds
[2026-07-09T19:17:21.719+0000] {processor.py:186} INFO - Started process (PID=13743) to work on /opt/airflow/dags/dag_extract_catalogs.py
[2026-07-09T19:17:21.720+0000] {processor.py:914} INFO - Processing file /opt/airflow/dags/dag_extract_catalogs.py for tasks to queue
[2026-07-09T19:17:21.720+0000] {logging_mixin.py:190} INFO - [2026-07-09T19:17:21.720+0000] {dagbag.py:588} INFO - Filling up the DagBag from /opt/airflow/dags/dag_extract_catalogs.py
[2026-07-09T19:17:21.725+0000] {processor.py:925} INFO - DAG(s) 'dag_extract_catalogs' retrieved from /opt/airflow/dags/dag_extract_catalogs.py
[2026-07-09T19:17:21.735+0000] {logging_mixin.py:190} INFO - [2026-07-09T19:17:21.735+0000] {dag.py:3239} INFO - Sync 1 DAGs
[2026-07-09T19:17:21.742+0000] {logging_mixin.py:190} INFO - [2026-07-09T19:17:21.742+0000] {dag.py:4180} INFO - Setting next_dagrun for dag_extract_catalogs to 2026-07-08 01:00:00+00:00, run_after=2026-07-09 01:00:00+00:00
[2026-07-09T19:17:21.747+0000] {processor.py:208} INFO - Processing /opt/airflow/dags/dag_extract_catalogs.py took 0.030 seconds
[2026-07-09T19:17:52.139+0000] {processor.py:186} INFO - Started process (PID=13761) to work on /opt/airflow/dags/dag_extract_catalogs.py
[2026-07-09T19:17:52.140+0000] {processor.py:914} INFO - Processing file /opt/airflow/dags/dag_extract_catalogs.py for tasks to queue
[2026-07-09T19:17:52.141+0000] {logging_mixin.py:190} INFO - [2026-07-09T19:17:52.141+0000] {dagbag.py:588} INFO - Filling up the DagBag from /opt/airflow/dags/dag_extract_catalogs.py
[2026-07-09T19:17:52.146+0000] {processor.py:925} INFO - DAG(s) 'dag_extract_catalogs' retrieved from /opt/airflow/dags/dag_extract_catalogs.py
[2026-07-09T19:17:52.158+0000] {logging_mixin.py:190} INFO - [2026-07-09T19:17:52.158+0000] {dag.py:3239} INFO - Sync 1 DAGs
[2026-07-09T19:17:52.168+0000] {logging_mixin.py:190} INFO - [2026-07-09T19:17:52.167+0000] {dag.py:4180} INFO - Setting next_dagrun for dag_extract_catalogs to 2026-07-08 01:00:00+00:00, run_after=2026-07-09 01:00:00+00:00
[2026-07-09T19:17:52.174+0000] {processor.py:208} INFO - Processing /opt/airflow/dags/dag_extract_catalogs.py took 0.038 seconds
[2026-07-09T19:18:22.646+0000] {processor.py:186} INFO - Started process (PID=13783) to work on /opt/airflow/dags/dag_extract_catalogs.py
[2026-07-09T19:18:22.647+0000] {processor.py:914} INFO - Processing file /opt/airflow/dags/dag_extract_catalogs.py for tasks to queue
[2026-07-09T19:18:22.647+0000] {logging_mixin.py:190} INFO - [2026-07-09T19:18:22.647+0000] {dagbag.py:588} INFO - Filling up the DagBag from /opt/airflow/dags/dag_extract_catalogs.py
[2026-07-09T19:18:22.653+0000] {processor.py:925} INFO - DAG(s) 'dag_extract_catalogs' retrieved from /opt/airflow/dags/dag_extract_catalogs.py
[2026-07-09T19:18:22.662+0000] {logging_mixin.py:190} INFO - [2026-07-09T19:18:22.662+0000] {dag.py:3239} INFO - Sync 1 DAGs
[2026-07-09T19:18:22.669+0000] {logging_mixin.py:190} INFO - [2026-07-09T19:18:22.669+0000] {dag.py:4180} INFO - Setting next_dagrun for dag_extract_catalogs to 2026-07-08 01:00:00+00:00, run_after=2026-07-09 01:00:00+00:00
[2026-07-09T19:18:22.674+0000] {processor.py:208} INFO - Processing /opt/airflow/dags/dag_extract_catalogs.py took 0.030 seconds
[2026-07-09T19:18:53.052+0000] {processor.py:186} INFO - Started process (PID=13801) to work on /opt/airflow/dags/dag_extract_catalogs.py
[2026-07-09T19:18:53.053+0000] {processor.py:914} INFO - Processing file /opt/airflow/dags/dag_extract_catalogs.py for tasks to queue
[2026-07-09T19:18:53.054+0000] {logging_mixin.py:190} INFO - [2026-07-09T19:18:53.054+0000] {dagbag.py:588} INFO - Filling up the DagBag from /opt/airflow/dags/dag_extract_catalogs.py
[2026-07-09T19:18:53.060+0000] {processor.py:925} INFO - DAG(s) 'dag_extract_catalogs' retrieved from /opt/airflow/dags/dag_extract_catalogs.py
[2026-07-09T19:18:53.073+0000] {logging_mixin.py:190} INFO - [2026-07-09T19:18:53.073+0000] {dag.py:3239} INFO - Sync 1 DAGs
[2026-07-09T19:18:53.080+0000] {logging_mixin.py:190} INFO - [2026-07-09T19:18:53.080+0000] {dag.py:4180} INFO - Setting next_dagrun for dag_extract_catalogs to 2026-07-08 01:00:00+00:00, run_after=2026-07-09 01:00:00+00:00
[2026-07-09T19:18:53.088+0000] {processor.py:208} INFO - Processing /opt/airflow/dags/dag_extract_catalogs.py took 0.038 seconds
[2026-07-09T19:19:23.543+0000] {processor.py:186} INFO - Started process (PID=13823) to work on /opt/airflow/dags/dag_extract_catalogs.py
[2026-07-09T19:19:23.543+0000] {processor.py:914} INFO - Processing file /opt/airflow/dags/dag_extract_catalogs.py for tasks to queue
[2026-07-09T19:19:23.544+0000] {logging_mixin.py:190} INFO - [2026-07-09T19:19:23.544+0000] {dagbag.py:588} INFO - Filling up the DagBag from /opt/airflow/dags/dag_extract_catalogs.py
[2026-07-09T19:19:23.549+0000] {processor.py:925} INFO - DAG(s) 'dag_extract_catalogs' retrieved from /opt/airflow/dags/dag_extract_catalogs.py
[2026-07-09T19:19:23.559+0000] {logging_mixin.py:190} INFO - [2026-07-09T19:19:23.558+0000] {dag.py:3239} INFO - Sync 1 DAGs
[2026-07-09T19:19:23.566+0000] {logging_mixin.py:190} INFO - [2026-07-09T19:19:23.566+0000] {dag.py:4180} INFO - Setting next_dagrun for dag_extract_catalogs to 2026-07-08 01:00:00+00:00, run_after=2026-07-09 01:00:00+00:00
[2026-07-09T19:19:23.570+0000] {processor.py:208} INFO - Processing /opt/airflow/dags/dag_extract_catalogs.py took 0.030 seconds
[2026-07-09T19:19:54.005+0000] {processor.py:186} INFO - Started process (PID=13843) to work on /opt/airflow/dags/dag_extract_catalogs.py
[2026-07-09T19:19:54.005+0000] {processor.py:914} INFO - Processing file /opt/airflow/dags/dag_extract_catalogs.py for tasks to queue
[2026-07-09T19:19:54.006+0000] {logging_mixin.py:190} INFO - [2026-07-09T19:19:54.006+0000] {dagbag.py:588} INFO - Filling up the DagBag from /opt/airflow/dags/dag_extract_catalogs.py
[2026-07-09T19:19:54.011+0000] {processor.py:925} INFO - DAG(s) 'dag_extract_catalogs' retrieved from /opt/airflow/dags/dag_extract_catalogs.py
[2026-07-09T19:19:54.022+0000] {logging_mixin.py:190} INFO - [2026-07-09T19:19:54.022+0000] {dag.py:3239} INFO - Sync 1 DAGs
[2026-07-09T19:19:54.030+0000] {logging_mixin.py:190} INFO - [2026-07-09T19:19:54.030+0000] {dag.py:4180} INFO - Setting next_dagrun for dag_extract_catalogs to 2026-07-08 01:00:00+00:00, run_after=2026-07-09 01:00:00+00:00
[2026-07-09T19:19:54.034+0000] {processor.py:208} INFO - Processing /opt/airflow/dags/dag_extract_catalogs.py took 0.033 seconds
[2026-07-09T19:20:24.436+0000] {processor.py:186} INFO - Started process (PID=13863) to work on /opt/airflow/dags/dag_extract_catalogs.py
[2026-07-09T19:20:24.437+0000] {processor.py:914} INFO - Processing file /opt/airflow/dags/dag_extract_catalogs.py for tasks to queue
[2026-07-09T19:20:24.437+0000] {logging_mixin.py:190} INFO - [2026-07-09T19:20:24.437+0000] {dagbag.py:588} INFO - Filling up the DagBag from /opt/airflow/dags/dag_extract_catalogs.py
[2026-07-09T19:20:24.442+0000] {processor.py:925} INFO - DAG(s) 'dag_extract_catalogs' retrieved from /opt/airflow/dags/dag_extract_catalogs.py
[2026-07-09T19:20:24.452+0000] {logging_mixin.py:190} INFO - [2026-07-09T19:20:24.452+0000] {dag.py:3239} INFO - Sync 1 DAGs
[2026-07-09T19:20:24.459+0000] {logging_mixin.py:190} INFO - [2026-07-09T19:20:24.459+0000] {dag.py:4180} INFO - Setting next_dagrun for dag_extract_catalogs to 2026-07-08 01:00:00+00:00, run_after=2026-07-09 01:00:00+00:00
[2026-07-09T19:20:24.464+0000] {processor.py:208} INFO - Processing /opt/airflow/dags/dag_extract_catalogs.py took 0.030 seconds
[2026-07-09T19:20:54.907+0000] {processor.py:186} INFO - Started process (PID=13883) to work on /opt/airflow/dags/dag_extract_catalogs.py
[2026-07-09T19:20:54.907+0000] {processor.py:914} INFO - Processing file /opt/airflow/dags/dag_extract_catalogs.py for tasks to queue
[2026-07-09T19:20:54.908+0000] {logging_mixin.py:190} INFO - [2026-07-09T19:20:54.908+0000] {dagbag.py:588} INFO - Filling up the DagBag from /opt/airflow/dags/dag_extract_catalogs.py
[2026-07-09T19:20:54.913+0000] {processor.py:925} INFO - DAG(s) 'dag_extract_catalogs' retrieved from /opt/airflow/dags/dag_extract_catalogs.py
[2026-07-09T19:20:54.923+0000] {logging_mixin.py:190} INFO - [2026-07-09T19:20:54.923+0000] {dag.py:3239} INFO - Sync 1 DAGs
[2026-07-09T19:20:54.931+0000] {logging_mixin.py:190} INFO - [2026-07-09T19:20:54.930+0000] {dag.py:4180} INFO - Setting next_dagrun for dag_extract_catalogs to 2026-07-08 01:00:00+00:00, run_after=2026-07-09 01:00:00+00:00
[2026-07-09T19:20:54.935+0000] {processor.py:208} INFO - Processing /opt/airflow/dags/dag_extract_catalogs.py took 0.031 seconds
[2026-07-09T19:21:25.417+0000] {processor.py:186} INFO - Started process (PID=13903) to work on /opt/airflow/dags/dag_extract_catalogs.py
[2026-07-09T19:21:25.417+0000] {processor.py:914} INFO - Processing file /opt/airflow/dags/dag_extract_catalogs.py for tasks to queue
[2026-07-09T19:21:25.418+0000] {logging_mixin.py:190} INFO - [2026-07-09T19:21:25.418+0000] {dagbag.py:588} INFO - Filling up the DagBag from /opt/airflow/dags/dag_extract_catalogs.py
[2026-07-09T19:21:25.424+0000] {processor.py:925} INFO - DAG(s) 'dag_extract_catalogs' retrieved from /opt/airflow/dags/dag_extract_catalogs.py
[2026-07-09T19:21:25.436+0000] {logging_mixin.py:190} INFO - [2026-07-09T19:21:25.436+0000] {dag.py:3239} INFO - Sync 1 DAGs
[2026-07-09T19:21:25.444+0000] {logging_mixin.py:190} INFO - [2026-07-09T19:21:25.444+0000] {dag.py:4180} INFO - Setting next_dagrun for dag_extract_catalogs to 2026-07-08 01:00:00+00:00, run_after=2026-07-09 01:00:00+00:00
[2026-07-09T19:21:25.450+0000] {processor.py:208} INFO - Processing /opt/airflow/dags/dag_extract_catalogs.py took 0.036 seconds
[2026-07-09T19:21:55.941+0000] {processor.py:186} INFO - Started process (PID=13923) to work on /opt/airflow/dags/dag_extract_catalogs.py
[2026-07-09T19:21:55.942+0000] {processor.py:914} INFO - Processing file /opt/airflow/dags/dag_extract_catalogs.py for tasks to queue
[2026-07-09T19:21:55.943+0000] {logging_mixin.py:190} INFO - [2026-07-09T19:21:55.943+0000] {dagbag.py:588} INFO - Filling up the DagBag from /opt/airflow/dags/dag_extract_catalogs.py
[2026-07-09T19:21:55.949+0000] {processor.py:925} INFO - DAG(s) 'dag_extract_catalogs' retrieved from /opt/airflow/dags/dag_extract_catalogs.py
[2026-07-09T19:21:55.962+0000] {logging_mixin.py:190} INFO - [2026-07-09T19:21:55.962+0000] {dag.py:3239} INFO - Sync 1 DAGs
[2026-07-09T19:21:55.970+0000] {logging_mixin.py:190} INFO - [2026-07-09T19:21:55.970+0000] {dag.py:4180} INFO - Setting next_dagrun for dag_extract_catalogs to 2026-07-08 01:00:00+00:00, run_after=2026-07-09 01:00:00+00:00
[2026-07-09T19:21:55.976+0000] {processor.py:208} INFO - Processing /opt/airflow/dags/dag_extract_catalogs.py took 0.038 seconds
[2026-07-09T19:22:26.561+0000] {processor.py:186} INFO - Started process (PID=13943) to work on /opt/airflow/dags/dag_extract_catalogs.py
[2026-07-09T19:22:26.561+0000] {processor.py:914} INFO - Processing file /opt/airflow/dags/dag_extract_catalogs.py for tasks to queue
[2026-07-09T19:22:26.562+0000] {logging_mixin.py:190} INFO - [2026-07-09T19:22:26.562+0000] {dagbag.py:588} INFO - Filling up the DagBag from /opt/airflow/dags/dag_extract_catalogs.py
[2026-07-09T19:22:26.568+0000] {processor.py:925} INFO - DAG(s) 'dag_extract_catalogs' retrieved from /opt/airflow/dags/dag_extract_catalogs.py
[2026-07-09T19:22:26.581+0000] {logging_mixin.py:190} INFO - [2026-07-09T19:22:26.581+0000] {dag.py:3239} INFO - Sync 1 DAGs
[2026-07-09T19:22:26.589+0000] {logging_mixin.py:190} INFO - [2026-07-09T19:22:26.589+0000] {dag.py:4180} INFO - Setting next_dagrun for dag_extract_catalogs to 2026-07-08 01:00:00+00:00, run_after=2026-07-09 01:00:00+00:00
[2026-07-09T19:22:26.594+0000] {processor.py:208} INFO - Processing /opt/airflow/dags/dag_extract_catalogs.py took 0.038 seconds
[2026-07-09T19:22:57.093+0000] {processor.py:186} INFO - Started process (PID=13963) to work on /opt/airflow/dags/dag_extract_catalogs.py
[2026-07-09T19:22:57.094+0000] {processor.py:914} INFO - Processing file /opt/airflow/dags/dag_extract_catalogs.py for tasks to queue
[2026-07-09T19:22:57.095+0000] {logging_mixin.py:190} INFO - [2026-07-09T19:22:57.095+0000] {dagbag.py:588} INFO - Filling up the DagBag from /opt/airflow/dags/dag_extract_catalogs.py
[2026-07-09T19:22:57.100+0000] {processor.py:925} INFO - DAG(s) 'dag_extract_catalogs' retrieved from /opt/airflow/dags/dag_extract_catalogs.py
[2026-07-09T19:22:57.110+0000] {logging_mixin.py:190} INFO - [2026-07-09T19:22:57.110+0000] {dag.py:3239} INFO - Sync 1 DAGs
[2026-07-09T19:22:57.117+0000] {logging_mixin.py:190} INFO - [2026-07-09T19:22:57.117+0000] {dag.py:4180} INFO - Setting next_dagrun for dag_extract_catalogs to 2026-07-08 01:00:00+00:00, run_after=2026-07-09 01:00:00+00:00
[2026-07-09T19:22:57.121+0000] {processor.py:208} INFO - Processing /opt/airflow/dags/dag_extract_catalogs.py took 0.031 seconds
[2026-07-09T19:23:27.515+0000] {processor.py:186} INFO - Started process (PID=13983) to work on /opt/airflow/dags/dag_extract_catalogs.py
[2026-07-09T19:23:27.516+0000] {processor.py:914} INFO - Processing file /opt/airflow/dags/dag_extract_catalogs.py for tasks to queue
[2026-07-09T19:23:27.517+0000] {logging_mixin.py:190} INFO - [2026-07-09T19:23:27.516+0000] {dagbag.py:588} INFO - Filling up the DagBag from /opt/airflow/dags/dag_extract_catalogs.py
[2026-07-09T19:23:27.522+0000] {processor.py:925} INFO - DAG(s) 'dag_extract_catalogs' retrieved from /opt/airflow/dags/dag_extract_catalogs.py
[2026-07-09T19:23:27.534+0000] {logging_mixin.py:190} INFO - [2026-07-09T19:23:27.534+0000] {dag.py:3239} INFO - Sync 1 DAGs
[2026-07-09T19:23:27.543+0000] {logging_mixin.py:190} INFO - [2026-07-09T19:23:27.543+0000] {dag.py:4180} INFO - Setting next_dagrun for dag_extract_catalogs to 2026-07-08 01:00:00+00:00, run_after=2026-07-09 01:00:00+00:00
[2026-07-09T19:23:27.549+0000] {processor.py:208} INFO - Processing /opt/airflow/dags/dag_extract_catalogs.py took 0.037 seconds
[2026-07-09T19:23:57.949+0000] {processor.py:186} INFO - Started process (PID=14003) to work on /opt/airflow/dags/dag_extract_catalogs.py
[2026-07-09T19:23:57.949+0000] {processor.py:914} INFO - Processing file /opt/airflow/dags/dag_extract_catalogs.py for tasks to queue
[2026-07-09T19:23:57.951+0000] {logging_mixin.py:190} INFO - [2026-07-09T19:23:57.950+0000] {dagbag.py:588} INFO - Filling up the DagBag from /opt/airflow/dags/dag_extract_catalogs.py
[2026-07-09T19:23:57.957+0000] {processor.py:925} INFO - DAG(s) 'dag_extract_catalogs' retrieved from /opt/airflow/dags/dag_extract_catalogs.py
[2026-07-09T19:23:57.970+0000] {logging_mixin.py:190} INFO - [2026-07-09T19:23:57.970+0000] {dag.py:3239} INFO - Sync 1 DAGs
[2026-07-09T19:23:57.982+0000] {logging_mixin.py:190} INFO - [2026-07-09T19:23:57.982+0000] {dag.py:4180} INFO - Setting next_dagrun for dag_extract_catalogs to 2026-07-08 01:00:00+00:00, run_after=2026-07-09 01:00:00+00:00
[2026-07-09T19:23:57.990+0000] {processor.py:208} INFO - Processing /opt/airflow/dags/dag_extract_catalogs.py took 0.045 seconds
[2026-07-09T19:24:28.486+0000] {processor.py:186} INFO - Started process (PID=14023) to work on /opt/airflow/dags/dag_extract_catalogs.py
[2026-07-09T19:24:28.487+0000] {processor.py:914} INFO - Processing file /opt/airflow/dags/dag_extract_catalogs.py for tasks to queue
[2026-07-09T19:24:28.488+0000] {logging_mixin.py:190} INFO - [2026-07-09T19:24:28.487+0000] {dagbag.py:588} INFO - Filling up the DagBag from /opt/airflow/dags/dag_extract_catalogs.py
[2026-07-09T19:24:28.494+0000] {processor.py:925} INFO - DAG(s) 'dag_extract_catalogs' retrieved from /opt/airflow/dags/dag_extract_catalogs.py
[2026-07-09T19:24:28.507+0000] {logging_mixin.py:190} INFO - [2026-07-09T19:24:28.506+0000] {dag.py:3239} INFO - Sync 1 DAGs
[2026-07-09T19:24:28.521+0000] {logging_mixin.py:190} INFO - [2026-07-09T19:24:28.521+0000] {dag.py:4180} INFO - Setting next_dagrun for dag_extract_catalogs to 2026-07-08 01:00:00+00:00, run_after=2026-07-09 01:00:00+00:00
[2026-07-09T19:24:28.528+0000] {processor.py:208} INFO - Processing /opt/airflow/dags/dag_extract_catalogs.py took 0.045 seconds
[2026-07-09T19:24:59.146+0000] {processor.py:186} INFO - Started process (PID=14043) to work on /opt/airflow/dags/dag_extract_catalogs.py
[2026-07-09T19:24:59.147+0000] {processor.py:914} INFO - Processing file /opt/airflow/dags/dag_extract_catalogs.py for tasks to queue
[2026-07-09T19:24:59.148+0000] {logging_mixin.py:190} INFO - [2026-07-09T19:24:59.148+0000] {dagbag.py:588} INFO - Filling up the DagBag from /opt/airflow/dags/dag_extract_catalogs.py
[2026-07-09T19:24:59.153+0000] {processor.py:925} INFO - DAG(s) 'dag_extract_catalogs' retrieved from /opt/airflow/dags/dag_extract_catalogs.py
[2026-07-09T19:24:59.165+0000] {logging_mixin.py:190} INFO - [2026-07-09T19:24:59.165+0000] {dag.py:3239} INFO - Sync 1 DAGs
[2026-07-09T19:24:59.173+0000] {logging_mixin.py:190} INFO - [2026-07-09T19:24:59.173+0000] {dag.py:4180} INFO - Setting next_dagrun for dag_extract_catalogs to 2026-07-08 01:00:00+00:00, run_after=2026-07-09 01:00:00+00:00
[2026-07-09T19:24:59.178+0000] {processor.py:208} INFO - Processing /opt/airflow/dags/dag_extract_catalogs.py took 0.035 seconds
[2026-07-09T19:25:29.584+0000] {processor.py:186} INFO - Started process (PID=14063) to work on /opt/airflow/dags/dag_extract_catalogs.py
[2026-07-09T19:25:29.585+0000] {processor.py:914} INFO - Processing file /opt/airflow/dags/dag_extract_catalogs.py for tasks to queue
[2026-07-09T19:25:29.586+0000] {logging_mixin.py:190} INFO - [2026-07-09T19:25:29.586+0000] {dagbag.py:588} INFO - Filling up the DagBag from /opt/airflow/dags/dag_extract_catalogs.py
[2026-07-09T19:25:29.592+0000] {processor.py:925} INFO - DAG(s) 'dag_extract_catalogs' retrieved from /opt/airflow/dags/dag_extract_catalogs.py
[2026-07-09T19:25:29.605+0000] {logging_mixin.py:190} INFO - [2026-07-09T19:25:29.605+0000] {dag.py:3239} INFO - Sync 1 DAGs
[2026-07-09T19:25:29.613+0000] {logging_mixin.py:190} INFO - [2026-07-09T19:25:29.613+0000] {dag.py:4180} INFO - Setting next_dagrun for dag_extract_catalogs to 2026-07-08 01:00:00+00:00, run_after=2026-07-09 01:00:00+00:00
[2026-07-09T19:25:29.619+0000] {processor.py:208} INFO - Processing /opt/airflow/dags/dag_extract_catalogs.py took 0.038 seconds
[2026-07-09T19:26:00.169+0000] {processor.py:186} INFO - Started process (PID=14081) to work on /opt/airflow/dags/dag_extract_catalogs.py
[2026-07-09T19:26:00.170+0000] {processor.py:914} INFO - Processing file /opt/airflow/dags/dag_extract_catalogs.py for tasks to queue
[2026-07-09T19:26:00.171+0000] {logging_mixin.py:190} INFO - [2026-07-09T19:26:00.171+0000] {dagbag.py:588} INFO - Filling up the DagBag from /opt/airflow/dags/dag_extract_catalogs.py
[2026-07-09T19:26:00.182+0000] {processor.py:925} INFO - DAG(s) 'dag_extract_catalogs' retrieved from /opt/airflow/dags/dag_extract_catalogs.py
[2026-07-09T19:26:00.196+0000] {logging_mixin.py:190} INFO - [2026-07-09T19:26:00.195+0000] {dag.py:3239} INFO - Sync 1 DAGs
[2026-07-09T19:26:00.205+0000] {logging_mixin.py:190} INFO - [2026-07-09T19:26:00.205+0000] {dag.py:4180} INFO - Setting next_dagrun for dag_extract_catalogs to 2026-07-08 01:00:00+00:00, run_after=2026-07-09 01:00:00+00:00
[2026-07-09T19:26:00.216+0000] {processor.py:208} INFO - Processing /opt/airflow/dags/dag_extract_catalogs.py took 0.050 seconds
[2026-07-09T19:26:30.610+0000] {processor.py:186} INFO - Started process (PID=14103) to work on /opt/airflow/dags/dag_extract_catalogs.py
[2026-07-09T19:26:30.610+0000] {processor.py:914} INFO - Processing file /opt/airflow/dags/dag_extract_catalogs.py for tasks to queue
[2026-07-09T19:26:30.611+0000] {logging_mixin.py:190} INFO - [2026-07-09T19:26:30.611+0000] {dagbag.py:588} INFO - Filling up the DagBag from /opt/airflow/dags/dag_extract_catalogs.py
[2026-07-09T19:26:30.616+0000] {processor.py:925} INFO - DAG(s) 'dag_extract_catalogs' retrieved from /opt/airflow/dags/dag_extract_catalogs.py
[2026-07-09T19:26:30.627+0000] {logging_mixin.py:190} INFO - [2026-07-09T19:26:30.626+0000] {dag.py:3239} INFO - Sync 1 DAGs
[2026-07-09T19:26:30.634+0000] {logging_mixin.py:190} INFO - [2026-07-09T19:26:30.634+0000] {dag.py:4180} INFO - Setting next_dagrun for dag_extract_catalogs to 2026-07-08 01:00:00+00:00, run_after=2026-07-09 01:00:00+00:00
[2026-07-09T19:26:30.639+0000] {processor.py:208} INFO - Processing /opt/airflow/dags/dag_extract_catalogs.py took 0.031 seconds
[2026-07-09T19:27:00.999+0000] {processor.py:186} INFO - Started process (PID=14121) to work on /opt/airflow/dags/dag_extract_catalogs.py
[2026-07-09T19:27:01.000+0000] {processor.py:914} INFO - Processing file /opt/airflow/dags/dag_extract_catalogs.py for tasks to queue
[2026-07-09T19:27:01.001+0000] {logging_mixin.py:190} INFO - [2026-07-09T19:27:01.001+0000] {dagbag.py:588} INFO - Filling up the DagBag from /opt/airflow/dags/dag_extract_catalogs.py
[2026-07-09T19:27:01.007+0000] {processor.py:925} INFO - DAG(s) 'dag_extract_catalogs' retrieved from /opt/airflow/dags/dag_extract_catalogs.py
[2026-07-09T19:27:01.018+0000] {logging_mixin.py:190} INFO - [2026-07-09T19:27:01.018+0000] {dag.py:3239} INFO - Sync 1 DAGs
[2026-07-09T19:27:01.027+0000] {logging_mixin.py:190} INFO - [2026-07-09T19:27:01.027+0000] {dag.py:4180} INFO - Setting next_dagrun for dag_extract_catalogs to 2026-07-08 01:00:00+00:00, run_after=2026-07-09 01:00:00+00:00
[2026-07-09T19:27:01.035+0000] {processor.py:208} INFO - Processing /opt/airflow/dags/dag_extract_catalogs.py took 0.039 seconds
[2026-07-09T19:27:31.477+0000] {processor.py:186} INFO - Started process (PID=14143) to work on /opt/airflow/dags/dag_extract_catalogs.py
[2026-07-09T19:27:31.478+0000] {processor.py:914} INFO - Processing file /opt/airflow/dags/dag_extract_catalogs.py for tasks to queue
[2026-07-09T19:27:31.479+0000] {logging_mixin.py:190} INFO - [2026-07-09T19:27:31.478+0000] {dagbag.py:588} INFO - Filling up the DagBag from /opt/airflow/dags/dag_extract_catalogs.py
[2026-07-09T19:27:31.484+0000] {processor.py:925} INFO - DAG(s) 'dag_extract_catalogs' retrieved from /opt/airflow/dags/dag_extract_catalogs.py
[2026-07-09T19:27:31.497+0000] {logging_mixin.py:190} INFO - [2026-07-09T19:27:31.497+0000] {dag.py:3239} INFO - Sync 1 DAGs
[2026-07-09T19:27:31.505+0000] {logging_mixin.py:190} INFO - [2026-07-09T19:27:31.505+0000] {dag.py:4180} INFO - Setting next_dagrun for dag_extract_catalogs to 2026-07-08 01:00:00+00:00, run_after=2026-07-09 01:00:00+00:00
[2026-07-09T19:27:31.511+0000] {processor.py:208} INFO - Processing /opt/airflow/dags/dag_extract_catalogs.py took 0.037 seconds
[2026-07-09T19:28:02.054+0000] {processor.py:186} INFO - Started process (PID=14163) to work on /opt/airflow/dags/dag_extract_catalogs.py
[2026-07-09T19:28:02.054+0000] {processor.py:914} INFO - Processing file /opt/airflow/dags/dag_extract_catalogs.py for tasks to queue
[2026-07-09T19:28:02.055+0000] {logging_mixin.py:190} INFO - [2026-07-09T19:28:02.055+0000] {dagbag.py:588} INFO - Filling up the DagBag from /opt/airflow/dags/dag_extract_catalogs.py
[2026-07-09T19:28:02.061+0000] {processor.py:925} INFO - DAG(s) 'dag_extract_catalogs' retrieved from /opt/airflow/dags/dag_extract_catalogs.py
[2026-07-09T19:28:02.073+0000] {logging_mixin.py:190} INFO - [2026-07-09T19:28:02.073+0000] {dag.py:3239} INFO - Sync 1 DAGs
[2026-07-09T19:28:02.081+0000] {logging_mixin.py:190} INFO - [2026-07-09T19:28:02.081+0000] {dag.py:4180} INFO - Setting next_dagrun for dag_extract_catalogs to 2026-07-08 01:00:00+00:00, run_after=2026-07-09 01:00:00+00:00
[2026-07-09T19:28:02.086+0000] {processor.py:208} INFO - Processing /opt/airflow/dags/dag_extract_catalogs.py took 0.037 seconds
[2026-07-09T19:28:32.473+0000] {processor.py:186} INFO - Started process (PID=14183) to work on /opt/airflow/dags/dag_extract_catalogs.py
[2026-07-09T19:28:32.474+0000] {processor.py:914} INFO - Processing file /opt/airflow/dags/dag_extract_catalogs.py for tasks to queue
[2026-07-09T19:28:32.475+0000] {logging_mixin.py:190} INFO - [2026-07-09T19:28:32.474+0000] {dagbag.py:588} INFO - Filling up the DagBag from /opt/airflow/dags/dag_extract_catalogs.py
[2026-07-09T19:28:32.480+0000] {processor.py:925} INFO - DAG(s) 'dag_extract_catalogs' retrieved from /opt/airflow/dags/dag_extract_catalogs.py
[2026-07-09T19:28:32.491+0000] {logging_mixin.py:190} INFO - [2026-07-09T19:28:32.491+0000] {dag.py:3239} INFO - Sync 1 DAGs
[2026-07-09T19:28:32.500+0000] {logging_mixin.py:190} INFO - [2026-07-09T19:28:32.499+0000] {dag.py:4180} INFO - Setting next_dagrun for dag_extract_catalogs to 2026-07-08 01:00:00+00:00, run_after=2026-07-09 01:00:00+00:00
[2026-07-09T19:28:32.504+0000] {processor.py:208} INFO - Processing /opt/airflow/dags/dag_extract_catalogs.py took 0.034 seconds
[2026-07-09T19:29:02.903+0000] {processor.py:186} INFO - Started process (PID=14201) to work on /opt/airflow/dags/dag_extract_catalogs.py
[2026-07-09T19:29:02.903+0000] {processor.py:914} INFO - Processing file /opt/airflow/dags/dag_extract_catalogs.py for tasks to queue
[2026-07-09T19:29:02.904+0000] {logging_mixin.py:190} INFO - [2026-07-09T19:29:02.904+0000] {dagbag.py:588} INFO - Filling up the DagBag from /opt/airflow/dags/dag_extract_catalogs.py
[2026-07-09T19:29:02.909+0000] {processor.py:925} INFO - DAG(s) 'dag_extract_catalogs' retrieved from /opt/airflow/dags/dag_extract_catalogs.py
[2026-07-09T19:29:02.920+0000] {logging_mixin.py:190} INFO - [2026-07-09T19:29:02.920+0000] {dag.py:3239} INFO - Sync 1 DAGs
[2026-07-09T19:29:02.928+0000] {logging_mixin.py:190} INFO - [2026-07-09T19:29:02.928+0000] {dag.py:4180} INFO - Setting next_dagrun for dag_extract_catalogs to 2026-07-08 01:00:00+00:00, run_after=2026-07-09 01:00:00+00:00
[2026-07-09T19:29:02.934+0000] {processor.py:208} INFO - Processing /opt/airflow/dags/dag_extract_catalogs.py took 0.034 seconds
[2026-07-09T19:29:33.446+0000] {processor.py:186} INFO - Started process (PID=14223) to work on /opt/airflow/dags/dag_extract_catalogs.py
[2026-07-09T19:29:33.447+0000] {processor.py:914} INFO - Processing file /opt/airflow/dags/dag_extract_catalogs.py for tasks to queue
[2026-07-09T19:29:33.448+0000] {logging_mixin.py:190} INFO - [2026-07-09T19:29:33.448+0000] {dagbag.py:588} INFO - Filling up the DagBag from /opt/airflow/dags/dag_extract_catalogs.py
[2026-07-09T19:29:33.456+0000] {processor.py:925} INFO - DAG(s) 'dag_extract_catalogs' retrieved from /opt/airflow/dags/dag_extract_catalogs.py
[2026-07-09T19:29:33.470+0000] {logging_mixin.py:190} INFO - [2026-07-09T19:29:33.470+0000] {dag.py:3239} INFO - Sync 1 DAGs
[2026-07-09T19:29:33.478+0000] {logging_mixin.py:190} INFO - [2026-07-09T19:29:33.478+0000] {dag.py:4180} INFO - Setting next_dagrun for dag_extract_catalogs to 2026-07-08 01:00:00+00:00, run_after=2026-07-09 01:00:00+00:00
[2026-07-09T19:29:33.484+0000] {processor.py:208} INFO - Processing /opt/airflow/dags/dag_extract_catalogs.py took 0.042 seconds
[2026-07-09T19:30:03.892+0000] {processor.py:186} INFO - Started process (PID=14243) to work on /opt/airflow/dags/dag_extract_catalogs.py
[2026-07-09T19:30:03.893+0000] {processor.py:914} INFO - Processing file /opt/airflow/dags/dag_extract_catalogs.py for tasks to queue
[2026-07-09T19:30:03.894+0000] {logging_mixin.py:190} INFO - [2026-07-09T19:30:03.893+0000] {dagbag.py:588} INFO - Filling up the DagBag from /opt/airflow/dags/dag_extract_catalogs.py
[2026-07-09T19:30:03.899+0000] {processor.py:925} INFO - DAG(s) 'dag_extract_catalogs' retrieved from /opt/airflow/dags/dag_extract_catalogs.py
[2026-07-09T19:30:03.909+0000] {logging_mixin.py:190} INFO - [2026-07-09T19:30:03.909+0000] {dag.py:3239} INFO - Sync 1 DAGs
[2026-07-09T19:30:03.916+0000] {logging_mixin.py:190} INFO - [2026-07-09T19:30:03.916+0000] {dag.py:4180} INFO - Setting next_dagrun for dag_extract_catalogs to 2026-07-08 01:00:00+00:00, run_after=2026-07-09 01:00:00+00:00
[2026-07-09T19:30:03.921+0000] {processor.py:208} INFO - Processing /opt/airflow/dags/dag_extract_catalogs.py took 0.031 seconds
[2026-07-09T19:30:34.322+0000] {processor.py:186} INFO - Started process (PID=14263) to work on /opt/airflow/dags/dag_extract_catalogs.py
[2026-07-09T19:30:34.323+0000] {processor.py:914} INFO - Processing file /opt/airflow/dags/dag_extract_catalogs.py for tasks to queue
[2026-07-09T19:30:34.324+0000] {logging_mixin.py:190} INFO - [2026-07-09T19:30:34.324+0000] {dagbag.py:588} INFO - Filling up the DagBag from /opt/airflow/dags/dag_extract_catalogs.py
[2026-07-09T19:30:34.329+0000] {processor.py:925} INFO - DAG(s) 'dag_extract_catalogs' retrieved from /opt/airflow/dags/dag_extract_catalogs.py
[2026-07-09T19:30:34.341+0000] {logging_mixin.py:190} INFO - [2026-07-09T19:30:34.341+0000] {dag.py:3239} INFO - Sync 1 DAGs
[2026-07-09T19:30:34.348+0000] {logging_mixin.py:190} INFO - [2026-07-09T19:30:34.348+0000] {dag.py:4180} INFO - Setting next_dagrun for dag_extract_catalogs to 2026-07-08 01:00:00+00:00, run_after=2026-07-09 01:00:00+00:00
[2026-07-09T19:30:34.353+0000] {processor.py:208} INFO - Processing /opt/airflow/dags/dag_extract_catalogs.py took 0.034 seconds
[2026-07-09T19:31:04.768+0000] {processor.py:186} INFO - Started process (PID=14283) to work on /opt/airflow/dags/dag_extract_catalogs.py
[2026-07-09T19:31:04.768+0000] {processor.py:914} INFO - Processing file /opt/airflow/dags/dag_extract_catalogs.py for tasks to queue
[2026-07-09T19:31:04.769+0000] {logging_mixin.py:190} INFO - [2026-07-09T19:31:04.769+0000] {dagbag.py:588} INFO - Filling up the DagBag from /opt/airflow/dags/dag_extract_catalogs.py
[2026-07-09T19:31:04.774+0000] {processor.py:925} INFO - DAG(s) 'dag_extract_catalogs' retrieved from /opt/airflow/dags/dag_extract_catalogs.py
[2026-07-09T19:31:04.784+0000] {logging_mixin.py:190} INFO - [2026-07-09T19:31:04.784+0000] {dag.py:3239} INFO - Sync 1 DAGs
[2026-07-09T19:31:04.791+0000] {logging_mixin.py:190} INFO - [2026-07-09T19:31:04.791+0000] {dag.py:4180} INFO - Setting next_dagrun for dag_extract_catalogs to 2026-07-08 01:00:00+00:00, run_after=2026-07-09 01:00:00+00:00
[2026-07-09T19:31:04.795+0000] {processor.py:208} INFO - Processing /opt/airflow/dags/dag_extract_catalogs.py took 0.030 seconds
[2026-07-09T19:31:35.182+0000] {processor.py:186} INFO - Started process (PID=14301) to work on /opt/airflow/dags/dag_extract_catalogs.py
[2026-07-09T19:31:35.183+0000] {processor.py:914} INFO - Processing file /opt/airflow/dags/dag_extract_catalogs.py for tasks to queue
[2026-07-09T19:31:35.183+0000] {logging_mixin.py:190} INFO - [2026-07-09T19:31:35.183+0000] {dagbag.py:588} INFO - Filling up the DagBag from /opt/airflow/dags/dag_extract_catalogs.py
[2026-07-09T19:31:35.189+0000] {processor.py:925} INFO - DAG(s) 'dag_extract_catalogs' retrieved from /opt/airflow/dags/dag_extract_catalogs.py
[2026-07-09T19:31:35.205+0000] {logging_mixin.py:190} INFO - [2026-07-09T19:31:35.205+0000] {dag.py:3239} INFO - Sync 1 DAGs
[2026-07-09T19:31:35.215+0000] {logging_mixin.py:190} INFO - [2026-07-09T19:31:35.215+0000] {dag.py:4180} INFO - Setting next_dagrun for dag_extract_catalogs to 2026-07-08 01:00:00+00:00, run_after=2026-07-09 01:00:00+00:00
[2026-07-09T19:31:35.220+0000] {processor.py:208} INFO - Processing /opt/airflow/dags/dag_extract_catalogs.py took 0.041 seconds
[2026-07-09T19:32:05.673+0000] {processor.py:186} INFO - Started process (PID=14323) to work on /opt/airflow/dags/dag_extract_catalogs.py
[2026-07-09T19:32:05.673+0000] {processor.py:914} INFO - Processing file /opt/airflow/dags/dag_extract_catalogs.py for tasks to queue
[2026-07-09T19:32:05.674+0000] {logging_mixin.py:190} INFO - [2026-07-09T19:32:05.674+0000] {dagbag.py:588} INFO - Filling up the DagBag from /opt/airflow/dags/dag_extract_catalogs.py
[2026-07-09T19:32:05.679+0000] {processor.py:925} INFO - DAG(s) 'dag_extract_catalogs' retrieved from /opt/airflow/dags/dag_extract_catalogs.py
[2026-07-09T19:32:05.689+0000] {logging_mixin.py:190} INFO - [2026-07-09T19:32:05.689+0000] {dag.py:3239} INFO - Sync 1 DAGs
[2026-07-09T19:32:05.696+0000] {logging_mixin.py:190} INFO - [2026-07-09T19:32:05.696+0000] {dag.py:4180} INFO - Setting next_dagrun for dag_extract_catalogs to 2026-07-08 01:00:00+00:00, run_after=2026-07-09 01:00:00+00:00
[2026-07-09T19:32:05.700+0000] {processor.py:208} INFO - Processing /opt/airflow/dags/dag_extract_catalogs.py took 0.030 seconds
[2026-07-09T19:32:36.171+0000] {processor.py:186} INFO - Started process (PID=14343) to work on /opt/airflow/dags/dag_extract_catalogs.py
[2026-07-09T19:32:36.172+0000] {processor.py:914} INFO - Processing file /opt/airflow/dags/dag_extract_catalogs.py for tasks to queue
[2026-07-09T19:32:36.173+0000] {logging_mixin.py:190} INFO - [2026-07-09T19:32:36.173+0000] {dagbag.py:588} INFO - Filling up the DagBag from /opt/airflow/dags/dag_extract_catalogs.py
[2026-07-09T19:32:36.180+0000] {processor.py:925} INFO - DAG(s) 'dag_extract_catalogs' retrieved from /opt/airflow/dags/dag_extract_catalogs.py
[2026-07-09T19:32:36.194+0000] {logging_mixin.py:190} INFO - [2026-07-09T19:32:36.194+0000] {dag.py:3239} INFO - Sync 1 DAGs
[2026-07-09T19:32:36.203+0000] {logging_mixin.py:190} INFO - [2026-07-09T19:32:36.203+0000] {dag.py:4180} INFO - Setting next_dagrun for dag_extract_catalogs to 2026-07-08 01:00:00+00:00, run_after=2026-07-09 01:00:00+00:00
[2026-07-09T19:32:36.209+0000] {processor.py:208} INFO - Processing /opt/airflow/dags/dag_extract_catalogs.py took 0.043 seconds
[2026-07-09T19:33:06.610+0000] {processor.py:186} INFO - Started process (PID=14363) to work on /opt/airflow/dags/dag_extract_catalogs.py
[2026-07-09T19:33:06.611+0000] {processor.py:914} INFO - Processing file /opt/airflow/dags/dag_extract_catalogs.py for tasks to queue
[2026-07-09T19:33:06.612+0000] {logging_mixin.py:190} INFO - [2026-07-09T19:33:06.612+0000] {dagbag.py:588} INFO - Filling up the DagBag from /opt/airflow/dags/dag_extract_catalogs.py
[2026-07-09T19:33:06.618+0000] {processor.py:925} INFO - DAG(s) 'dag_extract_catalogs' retrieved from /opt/airflow/dags/dag_extract_catalogs.py
[2026-07-09T19:33:06.631+0000] {logging_mixin.py:190} INFO - [2026-07-09T19:33:06.631+0000] {dag.py:3239} INFO - Sync 1 DAGs
[2026-07-09T19:33:06.640+0000] {logging_mixin.py:190} INFO - [2026-07-09T19:33:06.640+0000] {dag.py:4180} INFO - Setting next_dagrun for dag_extract_catalogs to 2026-07-08 01:00:00+00:00, run_after=2026-07-09 01:00:00+00:00
[2026-07-09T19:33:06.646+0000] {processor.py:208} INFO - Processing /opt/airflow/dags/dag_extract_catalogs.py took 0.040 seconds
[2026-07-09T19:33:37.012+0000] {processor.py:186} INFO - Started process (PID=14381) to work on /opt/airflow/dags/dag_extract_catalogs.py
[2026-07-09T19:33:37.012+0000] {processor.py:914} INFO - Processing file /opt/airflow/dags/dag_extract_catalogs.py for tasks to queue
[2026-07-09T19:33:37.014+0000] {logging_mixin.py:190} INFO - [2026-07-09T19:33:37.014+0000] {dagbag.py:588} INFO - Filling up the DagBag from /opt/airflow/dags/dag_extract_catalogs.py
[2026-07-09T19:33:37.022+0000] {processor.py:925} INFO - DAG(s) 'dag_extract_catalogs' retrieved from /opt/airflow/dags/dag_extract_catalogs.py
[2026-07-09T19:33:37.038+0000] {logging_mixin.py:190} INFO - [2026-07-09T19:33:37.038+0000] {dag.py:3239} INFO - Sync 1 DAGs
[2026-07-09T19:33:37.050+0000] {logging_mixin.py:190} INFO - [2026-07-09T19:33:37.050+0000] {dag.py:4180} INFO - Setting next_dagrun for dag_extract_catalogs to 2026-07-08 01:00:00+00:00, run_after=2026-07-09 01:00:00+00:00
[2026-07-09T19:33:37.055+0000] {processor.py:208} INFO - Processing /opt/airflow/dags/dag_extract_catalogs.py took 0.047 seconds
[2026-07-09T19:34:07.474+0000] {processor.py:186} INFO - Started process (PID=14403) to work on /opt/airflow/dags/dag_extract_catalogs.py
[2026-07-09T19:34:07.474+0000] {processor.py:914} INFO - Processing file /opt/airflow/dags/dag_extract_catalogs.py for tasks to queue
[2026-07-09T19:34:07.475+0000] {logging_mixin.py:190} INFO - [2026-07-09T19:34:07.475+0000] {dagbag.py:588} INFO - Filling up the DagBag from /opt/airflow/dags/dag_extract_catalogs.py
[2026-07-09T19:34:07.481+0000] {processor.py:925} INFO - DAG(s) 'dag_extract_catalogs' retrieved from /opt/airflow/dags/dag_extract_catalogs.py
[2026-07-09T19:34:07.494+0000] {logging_mixin.py:190} INFO - [2026-07-09T19:34:07.494+0000] {dag.py:3239} INFO - Sync 1 DAGs
[2026-07-09T19:34:07.502+0000] {logging_mixin.py:190} INFO - [2026-07-09T19:34:07.502+0000] {dag.py:4180} INFO - Setting next_dagrun for dag_extract_catalogs to 2026-07-08 01:00:00+00:00, run_after=2026-07-09 01:00:00+00:00
[2026-07-09T19:34:07.507+0000] {processor.py:208} INFO - Processing /opt/airflow/dags/dag_extract_catalogs.py took 0.037 seconds
[2026-07-09T19:34:37.899+0000] {processor.py:186} INFO - Started process (PID=14423) to work on /opt/airflow/dags/dag_extract_catalogs.py
[2026-07-09T19:34:37.899+0000] {processor.py:914} INFO - Processing file /opt/airflow/dags/dag_extract_catalogs.py for tasks to queue
[2026-07-09T19:34:37.901+0000] {logging_mixin.py:190} INFO - [2026-07-09T19:34:37.901+0000] {dagbag.py:588} INFO - Filling up the DagBag from /opt/airflow/dags/dag_extract_catalogs.py
[2026-07-09T19:34:37.907+0000] {processor.py:925} INFO - DAG(s) 'dag_extract_catalogs' retrieved from /opt/airflow/dags/dag_extract_catalogs.py
[2026-07-09T19:34:37.918+0000] {logging_mixin.py:190} INFO - [2026-07-09T19:34:37.918+0000] {dag.py:3239} INFO - Sync 1 DAGs
[2026-07-09T19:34:37.927+0000] {logging_mixin.py:190} INFO - [2026-07-09T19:34:37.927+0000] {dag.py:4180} INFO - Setting next_dagrun for dag_extract_catalogs to 2026-07-08 01:00:00+00:00, run_after=2026-07-09 01:00:00+00:00
[2026-07-09T19:34:37.932+0000] {processor.py:208} INFO - Processing /opt/airflow/dags/dag_extract_catalogs.py took 0.036 seconds
[2026-07-09T19:35:08.330+0000] {processor.py:186} INFO - Started process (PID=14443) to work on /opt/airflow/dags/dag_extract_catalogs.py
[2026-07-09T19:35:08.330+0000] {processor.py:914} INFO - Processing file /opt/airflow/dags/dag_extract_catalogs.py for tasks to queue
[2026-07-09T19:35:08.331+0000] {logging_mixin.py:190} INFO - [2026-07-09T19:35:08.331+0000] {dagbag.py:588} INFO - Filling up the DagBag from /opt/airflow/dags/dag_extract_catalogs.py
[2026-07-09T19:35:08.336+0000] {processor.py:925} INFO - DAG(s) 'dag_extract_catalogs' retrieved from /opt/airflow/dags/dag_extract_catalogs.py
[2026-07-09T19:35:08.346+0000] {logging_mixin.py:190} INFO - [2026-07-09T19:35:08.346+0000] {dag.py:3239} INFO - Sync 1 DAGs
[2026-07-09T19:35:08.353+0000] {logging_mixin.py:190} INFO - [2026-07-09T19:35:08.353+0000] {dag.py:4180} INFO - Setting next_dagrun for dag_extract_catalogs to 2026-07-08 01:00:00+00:00, run_after=2026-07-09 01:00:00+00:00
[2026-07-09T19:35:08.358+0000] {processor.py:208} INFO - Processing /opt/airflow/dags/dag_extract_catalogs.py took 0.031 seconds
[2026-07-09T19:35:38.787+0000] {processor.py:186} INFO - Started process (PID=14463) to work on /opt/airflow/dags/dag_extract_catalogs.py
[2026-07-09T19:35:38.787+0000] {processor.py:914} INFO - Processing file /opt/airflow/dags/dag_extract_catalogs.py for tasks to queue
[2026-07-09T19:35:38.788+0000] {logging_mixin.py:190} INFO - [2026-07-09T19:35:38.788+0000] {dagbag.py:588} INFO - Filling up the DagBag from /opt/airflow/dags/dag_extract_catalogs.py
[2026-07-09T19:35:38.793+0000] {processor.py:925} INFO - DAG(s) 'dag_extract_catalogs' retrieved from /opt/airflow/dags/dag_extract_catalogs.py
[2026-07-09T19:35:38.803+0000] {logging_mixin.py:190} INFO - [2026-07-09T19:35:38.803+0000] {dag.py:3239} INFO - Sync 1 DAGs
[2026-07-09T19:35:38.810+0000] {logging_mixin.py:190} INFO - [2026-07-09T19:35:38.810+0000] {dag.py:4180} INFO - Setting next_dagrun for dag_extract_catalogs to 2026-07-08 01:00:00+00:00, run_after=2026-07-09 01:00:00+00:00
[2026-07-09T19:35:38.814+0000] {processor.py:208} INFO - Processing /opt/airflow/dags/dag_extract_catalogs.py took 0.030 seconds
[2026-07-09T19:36:09.191+0000] {processor.py:186} INFO - Started process (PID=14481) to work on /opt/airflow/dags/dag_extract_catalogs.py
[2026-07-09T19:36:09.191+0000] {processor.py:914} INFO - Processing file /opt/airflow/dags/dag_extract_catalogs.py for tasks to queue
[2026-07-09T19:36:09.192+0000] {logging_mixin.py:190} INFO - [2026-07-09T19:36:09.192+0000] {dagbag.py:588} INFO - Filling up the DagBag from /opt/airflow/dags/dag_extract_catalogs.py
[2026-07-09T19:36:09.200+0000] {processor.py:925} INFO - DAG(s) 'dag_extract_catalogs' retrieved from /opt/airflow/dags/dag_extract_catalogs.py
[2026-07-09T19:36:09.215+0000] {logging_mixin.py:190} INFO - [2026-07-09T19:36:09.215+0000] {dag.py:3239} INFO - Sync 1 DAGs
[2026-07-09T19:36:09.223+0000] {logging_mixin.py:190} INFO - [2026-07-09T19:36:09.223+0000] {dag.py:4180} INFO - Setting next_dagrun for dag_extract_catalogs to 2026-07-08 01:00:00+00:00, run_after=2026-07-09 01:00:00+00:00
[2026-07-09T19:36:09.228+0000] {processor.py:208} INFO - Processing /opt/airflow/dags/dag_extract_catalogs.py took 0.041 seconds
[2026-07-09T19:36:39.653+0000] {processor.py:186} INFO - Started process (PID=14503) to work on /opt/airflow/dags/dag_extract_catalogs.py
[2026-07-09T19:36:39.653+0000] {processor.py:914} INFO - Processing file /opt/airflow/dags/dag_extract_catalogs.py for tasks to queue
[2026-07-09T19:36:39.654+0000] {logging_mixin.py:190} INFO - [2026-07-09T19:36:39.654+0000] {dagbag.py:588} INFO - Filling up the DagBag from /opt/airflow/dags/dag_extract_catalogs.py
[2026-07-09T19:36:39.659+0000] {processor.py:925} INFO - DAG(s) 'dag_extract_catalogs' retrieved from /opt/airflow/dags/dag_extract_catalogs.py
[2026-07-09T19:36:39.669+0000] {logging_mixin.py:190} INFO - [2026-07-09T19:36:39.669+0000] {dag.py:3239} INFO - Sync 1 DAGs
[2026-07-09T19:36:39.676+0000] {logging_mixin.py:190} INFO - [2026-07-09T19:36:39.676+0000] {dag.py:4180} INFO - Setting next_dagrun for dag_extract_catalogs to 2026-07-08 01:00:00+00:00, run_after=2026-07-09 01:00:00+00:00
[2026-07-09T19:36:39.680+0000] {processor.py:208} INFO - Processing /opt/airflow/dags/dag_extract_catalogs.py took 0.030 seconds
[2026-07-09T19:37:10.127+0000] {processor.py:186} INFO - Started process (PID=14523) to work on /opt/airflow/dags/dag_extract_catalogs.py
[2026-07-09T19:37:10.127+0000] {processor.py:914} INFO - Processing file /opt/airflow/dags/dag_extract_catalogs.py for tasks to queue
[2026-07-09T19:37:10.128+0000] {logging_mixin.py:190} INFO - [2026-07-09T19:37:10.128+0000] {dagbag.py:588} INFO - Filling up the DagBag from /opt/airflow/dags/dag_extract_catalogs.py
[2026-07-09T19:37:10.133+0000] {processor.py:925} INFO - DAG(s) 'dag_extract_catalogs' retrieved from /opt/airflow/dags/dag_extract_catalogs.py
[2026-07-09T19:37:10.143+0000] {logging_mixin.py:190} INFO - [2026-07-09T19:37:10.143+0000] {dag.py:3239} INFO - Sync 1 DAGs
[2026-07-09T19:37:10.149+0000] {logging_mixin.py:190} INFO - [2026-07-09T19:37:10.149+0000] {dag.py:4180} INFO - Setting next_dagrun for dag_extract_catalogs to 2026-07-08 01:00:00+00:00, run_after=2026-07-09 01:00:00+00:00
[2026-07-09T19:37:10.154+0000] {processor.py:208} INFO - Processing /opt/airflow/dags/dag_extract_catalogs.py took 0.030 seconds
[2026-07-09T19:37:40.587+0000] {processor.py:186} INFO - Started process (PID=14543) to work on /opt/airflow/dags/dag_extract_catalogs.py
[2026-07-09T19:37:40.587+0000] {processor.py:914} INFO - Processing file /opt/airflow/dags/dag_extract_catalogs.py for tasks to queue
[2026-07-09T19:37:40.588+0000] {logging_mixin.py:190} INFO - [2026-07-09T19:37:40.588+0000] {dagbag.py:588} INFO - Filling up the DagBag from /opt/airflow/dags/dag_extract_catalogs.py
[2026-07-09T19:37:40.593+0000] {processor.py:925} INFO - DAG(s) 'dag_extract_catalogs' retrieved from /opt/airflow/dags/dag_extract_catalogs.py
[2026-07-09T19:37:40.603+0000] {logging_mixin.py:190} INFO - [2026-07-09T19:37:40.603+0000] {dag.py:3239} INFO - Sync 1 DAGs
[2026-07-09T19:37:40.611+0000] {logging_mixin.py:190} INFO - [2026-07-09T19:37:40.611+0000] {dag.py:4180} INFO - Setting next_dagrun for dag_extract_catalogs to 2026-07-08 01:00:00+00:00, run_after=2026-07-09 01:00:00+00:00
[2026-07-09T19:37:40.616+0000] {processor.py:208} INFO - Processing /opt/airflow/dags/dag_extract_catalogs.py took 0.033 seconds
[2026-07-09T19:38:11.062+0000] {processor.py:186} INFO - Started process (PID=14563) to work on /opt/airflow/dags/dag_extract_catalogs.py
[2026-07-09T19:38:11.062+0000] {processor.py:914} INFO - Processing file /opt/airflow/dags/dag_extract_catalogs.py for tasks to queue
[2026-07-09T19:38:11.063+0000] {logging_mixin.py:190} INFO - [2026-07-09T19:38:11.063+0000] {dagbag.py:588} INFO - Filling up the DagBag from /opt/airflow/dags/dag_extract_catalogs.py
[2026-07-09T19:38:11.068+0000] {processor.py:925} INFO - DAG(s) 'dag_extract_catalogs' retrieved from /opt/airflow/dags/dag_extract_catalogs.py
[2026-07-09T19:38:11.079+0000] {logging_mixin.py:190} INFO - [2026-07-09T19:38:11.078+0000] {dag.py:3239} INFO - Sync 1 DAGs
[2026-07-09T19:38:11.086+0000] {logging_mixin.py:190} INFO - [2026-07-09T19:38:11.086+0000] {dag.py:4180} INFO - Setting next_dagrun for dag_extract_catalogs to 2026-07-08 01:00:00+00:00, run_after=2026-07-09 01:00:00+00:00
[2026-07-09T19:38:11.090+0000] {processor.py:208} INFO - Processing /opt/airflow/dags/dag_extract_catalogs.py took 0.031 seconds
[2026-07-09T19:38:41.473+0000] {processor.py:186} INFO - Started process (PID=14583) to work on /opt/airflow/dags/dag_extract_catalogs.py
[2026-07-09T19:38:41.474+0000] {processor.py:914} INFO - Processing file /opt/airflow/dags/dag_extract_catalogs.py for tasks to queue
[2026-07-09T19:38:41.474+0000] {logging_mixin.py:190} INFO - [2026-07-09T19:38:41.474+0000] {dagbag.py:588} INFO - Filling up the DagBag from /opt/airflow/dags/dag_extract_catalogs.py
[2026-07-09T19:38:41.479+0000] {processor.py:925} INFO - DAG(s) 'dag_extract_catalogs' retrieved from /opt/airflow/dags/dag_extract_catalogs.py
[2026-07-09T19:38:41.489+0000] {logging_mixin.py:190} INFO - [2026-07-09T19:38:41.489+0000] {dag.py:3239} INFO - Sync 1 DAGs
[2026-07-09T19:38:41.496+0000] {logging_mixin.py:190} INFO - [2026-07-09T19:38:41.496+0000] {dag.py:4180} INFO - Setting next_dagrun for dag_extract_catalogs to 2026-07-08 01:00:00+00:00, run_after=2026-07-09 01:00:00+00:00
[2026-07-09T19:38:41.501+0000] {processor.py:208} INFO - Processing /opt/airflow/dags/dag_extract_catalogs.py took 0.030 seconds
[2026-07-09T19:39:11.924+0000] {processor.py:186} INFO - Started process (PID=14603) to work on /opt/airflow/dags/dag_extract_catalogs.py
[2026-07-09T19:39:11.925+0000] {processor.py:914} INFO - Processing file /opt/airflow/dags/dag_extract_catalogs.py for tasks to queue
[2026-07-09T19:39:11.925+0000] {logging_mixin.py:190} INFO - [2026-07-09T19:39:11.925+0000] {dagbag.py:588} INFO - Filling up the DagBag from /opt/airflow/dags/dag_extract_catalogs.py
[2026-07-09T19:39:11.930+0000] {processor.py:925} INFO - DAG(s) 'dag_extract_catalogs' retrieved from /opt/airflow/dags/dag_extract_catalogs.py
[2026-07-09T19:39:11.940+0000] {logging_mixin.py:190} INFO - [2026-07-09T19:39:11.940+0000] {dag.py:3239} INFO - Sync 1 DAGs
[2026-07-09T19:39:11.948+0000] {logging_mixin.py:190} INFO - [2026-07-09T19:39:11.948+0000] {dag.py:4180} INFO - Setting next_dagrun for dag_extract_catalogs to 2026-07-08 01:00:00+00:00, run_after=2026-07-09 01:00:00+00:00
[2026-07-09T19:39:11.952+0000] {processor.py:208} INFO - Processing /opt/airflow/dags/dag_extract_catalogs.py took 0.030 seconds
[2026-07-09T19:39:42.325+0000] {processor.py:186} INFO - Started process (PID=14621) to work on /opt/airflow/dags/dag_extract_catalogs.py
[2026-07-09T19:39:42.325+0000] {processor.py:914} INFO - Processing file /opt/airflow/dags/dag_extract_catalogs.py for tasks to queue
[2026-07-09T19:39:42.327+0000] {logging_mixin.py:190} INFO - [2026-07-09T19:39:42.327+0000] {dagbag.py:588} INFO - Filling up the DagBag from /opt/airflow/dags/dag_extract_catalogs.py
[2026-07-09T19:39:42.334+0000] {processor.py:925} INFO - DAG(s) 'dag_extract_catalogs' retrieved from /opt/airflow/dags/dag_extract_catalogs.py
[2026-07-09T19:39:42.347+0000] {logging_mixin.py:190} INFO - [2026-07-09T19:39:42.347+0000] {dag.py:3239} INFO - Sync 1 DAGs
[2026-07-09T19:39:42.356+0000] {logging_mixin.py:190} INFO - [2026-07-09T19:39:42.356+0000] {dag.py:4180} INFO - Setting next_dagrun for dag_extract_catalogs to 2026-07-08 01:00:00+00:00, run_after=2026-07-09 01:00:00+00:00
[2026-07-09T19:39:42.361+0000] {processor.py:208} INFO - Processing /opt/airflow/dags/dag_extract_catalogs.py took 0.039 seconds
[2026-07-09T19:40:12.844+0000] {processor.py:186} INFO - Started process (PID=14643) to work on /opt/airflow/dags/dag_extract_catalogs.py
[2026-07-09T19:40:12.844+0000] {processor.py:914} INFO - Processing file /opt/airflow/dags/dag_extract_catalogs.py for tasks to queue
[2026-07-09T19:40:12.845+0000] {logging_mixin.py:190} INFO - [2026-07-09T19:40:12.845+0000] {dagbag.py:588} INFO - Filling up the DagBag from /opt/airflow/dags/dag_extract_catalogs.py
[2026-07-09T19:40:12.850+0000] {processor.py:925} INFO - DAG(s) 'dag_extract_catalogs' retrieved from /opt/airflow/dags/dag_extract_catalogs.py
[2026-07-09T19:40:12.860+0000] {logging_mixin.py:190} INFO - [2026-07-09T19:40:12.860+0000] {dag.py:3239} INFO - Sync 1 DAGs
[2026-07-09T19:40:12.867+0000] {logging_mixin.py:190} INFO - [2026-07-09T19:40:12.867+0000] {dag.py:4180} INFO - Setting next_dagrun for dag_extract_catalogs to 2026-07-08 01:00:00+00:00, run_after=2026-07-09 01:00:00+00:00
[2026-07-09T19:40:12.872+0000] {processor.py:208} INFO - Processing /opt/airflow/dags/dag_extract_catalogs.py took 0.030 seconds
[2026-07-09T19:40:43.296+0000] {processor.py:186} INFO - Started process (PID=14663) to work on /opt/airflow/dags/dag_extract_catalogs.py
[2026-07-09T19:40:43.296+0000] {processor.py:914} INFO - Processing file /opt/airflow/dags/dag_extract_catalogs.py for tasks to queue
[2026-07-09T19:40:43.297+0000] {logging_mixin.py:190} INFO - [2026-07-09T19:40:43.297+0000] {dagbag.py:588} INFO - Filling up the DagBag from /opt/airflow/dags/dag_extract_catalogs.py
[2026-07-09T19:40:43.302+0000] {processor.py:925} INFO - DAG(s) 'dag_extract_catalogs' retrieved from /opt/airflow/dags/dag_extract_catalogs.py
[2026-07-09T19:40:43.312+0000] {logging_mixin.py:190} INFO - [2026-07-09T19:40:43.312+0000] {dag.py:3239} INFO - Sync 1 DAGs
[2026-07-09T19:40:43.319+0000] {logging_mixin.py:190} INFO - [2026-07-09T19:40:43.319+0000] {dag.py:4180} INFO - Setting next_dagrun for dag_extract_catalogs to 2026-07-08 01:00:00+00:00, run_after=2026-07-09 01:00:00+00:00
[2026-07-09T19:40:43.324+0000] {processor.py:208} INFO - Processing /opt/airflow/dags/dag_extract_catalogs.py took 0.031 seconds
[2026-07-09T19:41:13.819+0000] {processor.py:186} INFO - Started process (PID=14683) to work on /opt/airflow/dags/dag_extract_catalogs.py
[2026-07-09T19:41:13.819+0000] {processor.py:914} INFO - Processing file /opt/airflow/dags/dag_extract_catalogs.py for tasks to queue
[2026-07-09T19:41:13.821+0000] {logging_mixin.py:190} INFO - [2026-07-09T19:41:13.820+0000] {dagbag.py:588} INFO - Filling up the DagBag from /opt/airflow/dags/dag_extract_catalogs.py
[2026-07-09T19:41:13.826+0000] {processor.py:925} INFO - DAG(s) 'dag_extract_catalogs' retrieved from /opt/airflow/dags/dag_extract_catalogs.py
[2026-07-09T19:41:13.838+0000] {logging_mixin.py:190} INFO - [2026-07-09T19:41:13.838+0000] {dag.py:3239} INFO - Sync 1 DAGs
[2026-07-09T19:41:13.846+0000] {logging_mixin.py:190} INFO - [2026-07-09T19:41:13.846+0000] {dag.py:4180} INFO - Setting next_dagrun for dag_extract_catalogs to 2026-07-08 01:00:00+00:00, run_after=2026-07-09 01:00:00+00:00
[2026-07-09T19:41:13.851+0000] {processor.py:208} INFO - Processing /opt/airflow/dags/dag_extract_catalogs.py took 0.036 seconds
[2026-07-09T19:41:44.266+0000] {processor.py:186} INFO - Started process (PID=14703) to work on /opt/airflow/dags/dag_extract_catalogs.py
[2026-07-09T19:41:44.266+0000] {processor.py:914} INFO - Processing file /opt/airflow/dags/dag_extract_catalogs.py for tasks to queue
[2026-07-09T19:41:44.267+0000] {logging_mixin.py:190} INFO - [2026-07-09T19:41:44.267+0000] {dagbag.py:588} INFO - Filling up the DagBag from /opt/airflow/dags/dag_extract_catalogs.py
[2026-07-09T19:41:44.272+0000] {processor.py:925} INFO - DAG(s) 'dag_extract_catalogs' retrieved from /opt/airflow/dags/dag_extract_catalogs.py
[2026-07-09T19:41:44.282+0000] {logging_mixin.py:190} INFO - [2026-07-09T19:41:44.282+0000] {dag.py:3239} INFO - Sync 1 DAGs
[2026-07-09T19:41:44.289+0000] {logging_mixin.py:190} INFO - [2026-07-09T19:41:44.289+0000] {dag.py:4180} INFO - Setting next_dagrun for dag_extract_catalogs to 2026-07-08 01:00:00+00:00, run_after=2026-07-09 01:00:00+00:00
[2026-07-09T19:41:44.294+0000] {processor.py:208} INFO - Processing /opt/airflow/dags/dag_extract_catalogs.py took 0.030 seconds
[2026-07-09T19:42:14.706+0000] {processor.py:186} INFO - Started process (PID=14723) to work on /opt/airflow/dags/dag_extract_catalogs.py
[2026-07-09T19:42:14.706+0000] {processor.py:914} INFO - Processing file /opt/airflow/dags/dag_extract_catalogs.py for tasks to queue
[2026-07-09T19:42:14.707+0000] {logging_mixin.py:190} INFO - [2026-07-09T19:42:14.707+0000] {dagbag.py:588} INFO - Filling up the DagBag from /opt/airflow/dags/dag_extract_catalogs.py
[2026-07-09T19:42:14.712+0000] {processor.py:925} INFO - DAG(s) 'dag_extract_catalogs' retrieved from /opt/airflow/dags/dag_extract_catalogs.py
[2026-07-09T19:42:14.722+0000] {logging_mixin.py:190} INFO - [2026-07-09T19:42:14.722+0000] {dag.py:3239} INFO - Sync 1 DAGs
[2026-07-09T19:42:14.729+0000] {logging_mixin.py:190} INFO - [2026-07-09T19:42:14.729+0000] {dag.py:4180} INFO - Setting next_dagrun for dag_extract_catalogs to 2026-07-08 01:00:00+00:00, run_after=2026-07-09 01:00:00+00:00
[2026-07-09T19:42:14.734+0000] {processor.py:208} INFO - Processing /opt/airflow/dags/dag_extract_catalogs.py took 0.031 seconds
[2026-07-09T19:42:45.086+0000] {processor.py:186} INFO - Started process (PID=14741) to work on /opt/airflow/dags/dag_extract_catalogs.py
[2026-07-09T19:42:45.089+0000] {processor.py:914} INFO - Processing file /opt/airflow/dags/dag_extract_catalogs.py for tasks to queue
[2026-07-09T19:42:45.091+0000] {logging_mixin.py:190} INFO - [2026-07-09T19:42:45.090+0000] {dagbag.py:588} INFO - Filling up the DagBag from /opt/airflow/dags/dag_extract_catalogs.py
[2026-07-09T19:42:45.098+0000] {processor.py:925} INFO - DAG(s) 'dag_extract_catalogs' retrieved from /opt/airflow/dags/dag_extract_catalogs.py
[2026-07-09T19:42:45.114+0000] {logging_mixin.py:190} INFO - [2026-07-09T19:42:45.113+0000] {dag.py:3239} INFO - Sync 1 DAGs
[2026-07-09T19:42:45.123+0000] {logging_mixin.py:190} INFO - [2026-07-09T19:42:45.123+0000] {dag.py:4180} INFO - Setting next_dagrun for dag_extract_catalogs to 2026-07-08 01:00:00+00:00, run_after=2026-07-09 01:00:00+00:00
[2026-07-09T19:42:45.127+0000] {processor.py:208} INFO - Processing /opt/airflow/dags/dag_extract_catalogs.py took 0.044 seconds
[2026-07-09T19:43:15.566+0000] {processor.py:186} INFO - Started process (PID=14763) to work on /opt/airflow/dags/dag_extract_catalogs.py
[2026-07-09T19:43:15.566+0000] {processor.py:914} INFO - Processing file /opt/airflow/dags/dag_extract_catalogs.py for tasks to queue
[2026-07-09T19:43:15.567+0000] {logging_mixin.py:190} INFO - [2026-07-09T19:43:15.567+0000] {dagbag.py:588} INFO - Filling up the DagBag from /opt/airflow/dags/dag_extract_catalogs.py
[2026-07-09T19:43:15.572+0000] {processor.py:925} INFO - DAG(s) 'dag_extract_catalogs' retrieved from /opt/airflow/dags/dag_extract_catalogs.py
[2026-07-09T19:43:15.582+0000] {logging_mixin.py:190} INFO - [2026-07-09T19:43:15.582+0000] {dag.py:3239} INFO - Sync 1 DAGs
[2026-07-09T19:43:15.589+0000] {logging_mixin.py:190} INFO - [2026-07-09T19:43:15.589+0000] {dag.py:4180} INFO - Setting next_dagrun for dag_extract_catalogs to 2026-07-08 01:00:00+00:00, run_after=2026-07-09 01:00:00+00:00
[2026-07-09T19:43:15.593+0000] {processor.py:208} INFO - Processing /opt/airflow/dags/dag_extract_catalogs.py took 0.030 seconds
[2026-07-09T19:43:45.964+0000] {processor.py:186} INFO - Started process (PID=14783) to work on /opt/airflow/dags/dag_extract_catalogs.py
[2026-07-09T19:43:45.965+0000] {processor.py:914} INFO - Processing file /opt/airflow/dags/dag_extract_catalogs.py for tasks to queue
[2026-07-09T19:43:45.966+0000] {logging_mixin.py:190} INFO - [2026-07-09T19:43:45.965+0000] {dagbag.py:588} INFO - Filling up the DagBag from /opt/airflow/dags/dag_extract_catalogs.py
[2026-07-09T19:43:45.970+0000] {processor.py:925} INFO - DAG(s) 'dag_extract_catalogs' retrieved from /opt/airflow/dags/dag_extract_catalogs.py
[2026-07-09T19:43:45.981+0000] {logging_mixin.py:190} INFO - [2026-07-09T19:43:45.981+0000] {dag.py:3239} INFO - Sync 1 DAGs
[2026-07-09T19:43:45.988+0000] {logging_mixin.py:190} INFO - [2026-07-09T19:43:45.988+0000] {dag.py:4180} INFO - Setting next_dagrun for dag_extract_catalogs to 2026-07-08 01:00:00+00:00, run_after=2026-07-09 01:00:00+00:00
[2026-07-09T19:43:45.993+0000] {processor.py:208} INFO - Processing /opt/airflow/dags/dag_extract_catalogs.py took 0.031 seconds
[2026-07-09T19:44:16.424+0000] {processor.py:186} INFO - Started process (PID=14803) to work on /opt/airflow/dags/dag_extract_catalogs.py
[2026-07-09T19:44:16.425+0000] {processor.py:914} INFO - Processing file /opt/airflow/dags/dag_extract_catalogs.py for tasks to queue
[2026-07-09T19:44:16.425+0000] {logging_mixin.py:190} INFO - [2026-07-09T19:44:16.425+0000] {dagbag.py:588} INFO - Filling up the DagBag from /opt/airflow/dags/dag_extract_catalogs.py
[2026-07-09T19:44:16.430+0000] {processor.py:925} INFO - DAG(s) 'dag_extract_catalogs' retrieved from /opt/airflow/dags/dag_extract_catalogs.py
[2026-07-09T19:44:16.440+0000] {logging_mixin.py:190} INFO - [2026-07-09T19:44:16.440+0000] {dag.py:3239} INFO - Sync 1 DAGs
[2026-07-09T19:44:16.447+0000] {logging_mixin.py:190} INFO - [2026-07-09T19:44:16.447+0000] {dag.py:4180} INFO - Setting next_dagrun for dag_extract_catalogs to 2026-07-08 01:00:00+00:00, run_after=2026-07-09 01:00:00+00:00
[2026-07-09T19:44:16.452+0000] {processor.py:208} INFO - Processing /opt/airflow/dags/dag_extract_catalogs.py took 0.030 seconds
[2026-07-09T19:44:46.829+0000] {processor.py:186} INFO - Started process (PID=14821) to work on /opt/airflow/dags/dag_extract_catalogs.py
[2026-07-09T19:44:46.830+0000] {processor.py:914} INFO - Processing file /opt/airflow/dags/dag_extract_catalogs.py for tasks to queue
[2026-07-09T19:44:46.831+0000] {logging_mixin.py:190} INFO - [2026-07-09T19:44:46.830+0000] {dagbag.py:588} INFO - Filling up the DagBag from /opt/airflow/dags/dag_extract_catalogs.py
[2026-07-09T19:44:46.838+0000] {processor.py:925} INFO - DAG(s) 'dag_extract_catalogs' retrieved from /opt/airflow/dags/dag_extract_catalogs.py
[2026-07-09T19:44:46.851+0000] {logging_mixin.py:190} INFO - [2026-07-09T19:44:46.851+0000] {dag.py:3239} INFO - Sync 1 DAGs
[2026-07-09T19:44:46.860+0000] {logging_mixin.py:190} INFO - [2026-07-09T19:44:46.860+0000] {dag.py:4180} INFO - Setting next_dagrun for dag_extract_catalogs to 2026-07-08 01:00:00+00:00, run_after=2026-07-09 01:00:00+00:00
[2026-07-09T19:44:46.865+0000] {processor.py:208} INFO - Processing /opt/airflow/dags/dag_extract_catalogs.py took 0.039 seconds
[2026-07-09T19:45:17.288+0000] {processor.py:186} INFO - Started process (PID=14843) to work on /opt/airflow/dags/dag_extract_catalogs.py
[2026-07-09T19:45:17.289+0000] {processor.py:914} INFO - Processing file /opt/airflow/dags/dag_extract_catalogs.py for tasks to queue
[2026-07-09T19:45:17.290+0000] {logging_mixin.py:190} INFO - [2026-07-09T19:45:17.290+0000] {dagbag.py:588} INFO - Filling up the DagBag from /opt/airflow/dags/dag_extract_catalogs.py
[2026-07-09T19:45:17.294+0000] {processor.py:925} INFO - DAG(s) 'dag_extract_catalogs' retrieved from /opt/airflow/dags/dag_extract_catalogs.py
[2026-07-09T19:45:17.305+0000] {logging_mixin.py:190} INFO - [2026-07-09T19:45:17.304+0000] {dag.py:3239} INFO - Sync 1 DAGs
[2026-07-09T19:45:17.411+0000] {logging_mixin.py:190} INFO - [2026-07-09T19:45:17.411+0000] {dag.py:4180} INFO - Setting next_dagrun for dag_extract_catalogs to 2026-07-08 01:00:00+00:00, run_after=2026-07-09 01:00:00+00:00
[2026-07-09T19:45:17.416+0000] {processor.py:208} INFO - Processing /opt/airflow/dags/dag_extract_catalogs.py took 0.130 seconds
[2026-07-09T19:45:47.718+0000] {processor.py:186} INFO - Started process (PID=14863) to work on /opt/airflow/dags/dag_extract_catalogs.py
[2026-07-09T19:45:47.718+0000] {processor.py:914} INFO - Processing file /opt/airflow/dags/dag_extract_catalogs.py for tasks to queue
[2026-07-09T19:45:47.719+0000] {logging_mixin.py:190} INFO - [2026-07-09T19:45:47.719+0000] {dagbag.py:588} INFO - Filling up the DagBag from /opt/airflow/dags/dag_extract_catalogs.py
[2026-07-09T19:45:47.724+0000] {processor.py:925} INFO - DAG(s) 'dag_extract_catalogs' retrieved from /opt/airflow/dags/dag_extract_catalogs.py
[2026-07-09T19:45:47.734+0000] {logging_mixin.py:190} INFO - [2026-07-09T19:45:47.734+0000] {dag.py:3239} INFO - Sync 1 DAGs
[2026-07-09T19:45:47.741+0000] {logging_mixin.py:190} INFO - [2026-07-09T19:45:47.741+0000] {dag.py:4180} INFO - Setting next_dagrun for dag_extract_catalogs to 2026-07-08 01:00:00+00:00, run_after=2026-07-09 01:00:00+00:00
[2026-07-09T19:45:47.746+0000] {processor.py:208} INFO - Processing /opt/airflow/dags/dag_extract_catalogs.py took 0.030 seconds
[2026-07-09T19:46:18.200+0000] {processor.py:186} INFO - Started process (PID=14881) to work on /opt/airflow/dags/dag_extract_catalogs.py
[2026-07-09T19:46:18.201+0000] {processor.py:914} INFO - Processing file /opt/airflow/dags/dag_extract_catalogs.py for tasks to queue
[2026-07-09T19:46:18.202+0000] {logging_mixin.py:190} INFO - [2026-07-09T19:46:18.202+0000] {dagbag.py:588} INFO - Filling up the DagBag from /opt/airflow/dags/dag_extract_catalogs.py
[2026-07-09T19:46:18.207+0000] {processor.py:925} INFO - DAG(s) 'dag_extract_catalogs' retrieved from /opt/airflow/dags/dag_extract_catalogs.py
[2026-07-09T19:46:18.219+0000] {logging_mixin.py:190} INFO - [2026-07-09T19:46:18.219+0000] {dag.py:3239} INFO - Sync 1 DAGs
[2026-07-09T19:46:18.227+0000] {logging_mixin.py:190} INFO - [2026-07-09T19:46:18.226+0000] {dag.py:4180} INFO - Setting next_dagrun for dag_extract_catalogs to 2026-07-08 01:00:00+00:00, run_after=2026-07-09 01:00:00+00:00
[2026-07-09T19:46:18.234+0000] {processor.py:208} INFO - Processing /opt/airflow/dags/dag_extract_catalogs.py took 0.037 seconds
[2026-07-09T19:46:48.616+0000] {processor.py:186} INFO - Started process (PID=14903) to work on /opt/airflow/dags/dag_extract_catalogs.py
[2026-07-09T19:46:48.616+0000] {processor.py:914} INFO - Processing file /opt/airflow/dags/dag_extract_catalogs.py for tasks to queue
[2026-07-09T19:46:48.617+0000] {logging_mixin.py:190} INFO - [2026-07-09T19:46:48.617+0000] {dagbag.py:588} INFO - Filling up the DagBag from /opt/airflow/dags/dag_extract_catalogs.py
[2026-07-09T19:46:48.622+0000] {processor.py:925} INFO - DAG(s) 'dag_extract_catalogs' retrieved from /opt/airflow/dags/dag_extract_catalogs.py
[2026-07-09T19:46:48.632+0000] {logging_mixin.py:190} INFO - [2026-07-09T19:46:48.632+0000] {dag.py:3239} INFO - Sync 1 DAGs
[2026-07-09T19:46:48.701+0000] {logging_mixin.py:190} INFO - [2026-07-09T19:46:48.700+0000] {dag.py:4180} INFO - Setting next_dagrun for dag_extract_catalogs to 2026-07-08 01:00:00+00:00, run_after=2026-07-09 01:00:00+00:00
[2026-07-09T19:46:48.705+0000] {processor.py:208} INFO - Processing /opt/airflow/dags/dag_extract_catalogs.py took 0.093 seconds
[2026-07-09T19:47:19.148+0000] {processor.py:186} INFO - Started process (PID=14921) to work on /opt/airflow/dags/dag_extract_catalogs.py
[2026-07-09T19:47:19.148+0000] {processor.py:914} INFO - Processing file /opt/airflow/dags/dag_extract_catalogs.py for tasks to queue
[2026-07-09T19:47:19.150+0000] {logging_mixin.py:190} INFO - [2026-07-09T19:47:19.150+0000] {dagbag.py:588} INFO - Filling up the DagBag from /opt/airflow/dags/dag_extract_catalogs.py
[2026-07-09T19:47:19.157+0000] {processor.py:925} INFO - DAG(s) 'dag_extract_catalogs' retrieved from /opt/airflow/dags/dag_extract_catalogs.py
[2026-07-09T19:47:19.168+0000] {logging_mixin.py:190} INFO - [2026-07-09T19:47:19.168+0000] {dag.py:3239} INFO - Sync 1 DAGs
[2026-07-09T19:47:19.175+0000] {logging_mixin.py:190} INFO - [2026-07-09T19:47:19.175+0000] {dag.py:4180} INFO - Setting next_dagrun for dag_extract_catalogs to 2026-07-08 01:00:00+00:00, run_after=2026-07-09 01:00:00+00:00
[2026-07-09T19:47:19.180+0000] {processor.py:208} INFO - Processing /opt/airflow/dags/dag_extract_catalogs.py took 0.035 seconds
[2026-07-09T19:47:49.677+0000] {processor.py:186} INFO - Started process (PID=14941) to work on /opt/airflow/dags/dag_extract_catalogs.py
[2026-07-09T19:47:49.678+0000] {processor.py:914} INFO - Processing file /opt/airflow/dags/dag_extract_catalogs.py for tasks to queue
[2026-07-09T19:47:49.679+0000] {logging_mixin.py:190} INFO - [2026-07-09T19:47:49.679+0000] {dagbag.py:588} INFO - Filling up the DagBag from /opt/airflow/dags/dag_extract_catalogs.py
[2026-07-09T19:47:49.684+0000] {processor.py:925} INFO - DAG(s) 'dag_extract_catalogs' retrieved from /opt/airflow/dags/dag_extract_catalogs.py
[2026-07-09T19:47:49.757+0000] {logging_mixin.py:190} INFO - [2026-07-09T19:47:49.757+0000] {dag.py:3239} INFO - Sync 1 DAGs
[2026-07-09T19:47:49.764+0000] {logging_mixin.py:190} INFO - [2026-07-09T19:47:49.763+0000] {dag.py:4180} INFO - Setting next_dagrun for dag_extract_catalogs to 2026-07-08 01:00:00+00:00, run_after=2026-07-09 01:00:00+00:00
[2026-07-09T19:47:49.768+0000] {processor.py:208} INFO - Processing /opt/airflow/dags/dag_extract_catalogs.py took 0.094 seconds
[2026-07-09T19:48:20.210+0000] {processor.py:186} INFO - Started process (PID=14963) to work on /opt/airflow/dags/dag_extract_catalogs.py
[2026-07-09T19:48:20.210+0000] {processor.py:914} INFO - Processing file /opt/airflow/dags/dag_extract_catalogs.py for tasks to queue
[2026-07-09T19:48:20.211+0000] {logging_mixin.py:190} INFO - [2026-07-09T19:48:20.211+0000] {dagbag.py:588} INFO - Filling up the DagBag from /opt/airflow/dags/dag_extract_catalogs.py
[2026-07-09T19:48:20.216+0000] {processor.py:925} INFO - DAG(s) 'dag_extract_catalogs' retrieved from /opt/airflow/dags/dag_extract_catalogs.py
[2026-07-09T19:48:20.226+0000] {logging_mixin.py:190} INFO - [2026-07-09T19:48:20.226+0000] {dag.py:3239} INFO - Sync 1 DAGs
[2026-07-09T19:48:20.313+0000] {logging_mixin.py:190} INFO - [2026-07-09T19:48:20.313+0000] {dag.py:4180} INFO - Setting next_dagrun for dag_extract_catalogs to 2026-07-08 01:00:00+00:00, run_after=2026-07-09 01:00:00+00:00
[2026-07-09T19:48:20.318+0000] {processor.py:208} INFO - Processing /opt/airflow/dags/dag_extract_catalogs.py took 0.111 seconds
[2026-07-09T19:48:50.767+0000] {processor.py:186} INFO - Started process (PID=14983) to work on /opt/airflow/dags/dag_extract_catalogs.py
[2026-07-09T19:48:50.767+0000] {processor.py:914} INFO - Processing file /opt/airflow/dags/dag_extract_catalogs.py for tasks to queue
[2026-07-09T19:48:50.768+0000] {logging_mixin.py:190} INFO - [2026-07-09T19:48:50.768+0000] {dagbag.py:588} INFO - Filling up the DagBag from /opt/airflow/dags/dag_extract_catalogs.py
[2026-07-09T19:48:50.773+0000] {processor.py:925} INFO - DAG(s) 'dag_extract_catalogs' retrieved from /opt/airflow/dags/dag_extract_catalogs.py
[2026-07-09T19:48:50.783+0000] {logging_mixin.py:190} INFO - [2026-07-09T19:48:50.783+0000] {dag.py:3239} INFO - Sync 1 DAGs
[2026-07-09T19:48:50.790+0000] {logging_mixin.py:190} INFO - [2026-07-09T19:48:50.790+0000] {dag.py:4180} INFO - Setting next_dagrun for dag_extract_catalogs to 2026-07-08 01:00:00+00:00, run_after=2026-07-09 01:00:00+00:00
[2026-07-09T19:48:50.795+0000] {processor.py:208} INFO - Processing /opt/airflow/dags/dag_extract_catalogs.py took 0.030 seconds
[2026-07-09T19:49:21.262+0000] {processor.py:186} INFO - Started process (PID=15001) to work on /opt/airflow/dags/dag_extract_catalogs.py
[2026-07-09T19:49:21.263+0000] {processor.py:914} INFO - Processing file /opt/airflow/dags/dag_extract_catalogs.py for tasks to queue
[2026-07-09T19:49:21.264+0000] {logging_mixin.py:190} INFO - [2026-07-09T19:49:21.264+0000] {dagbag.py:588} INFO - Filling up the DagBag from /opt/airflow/dags/dag_extract_catalogs.py
[2026-07-09T19:49:21.269+0000] {processor.py:925} INFO - DAG(s) 'dag_extract_catalogs' retrieved from /opt/airflow/dags/dag_extract_catalogs.py
[2026-07-09T19:49:21.341+0000] {logging_mixin.py:190} INFO - [2026-07-09T19:49:21.341+0000] {dag.py:3239} INFO - Sync 1 DAGs
[2026-07-09T19:49:21.348+0000] {logging_mixin.py:190} INFO - [2026-07-09T19:49:21.348+0000] {dag.py:4180} INFO - Setting next_dagrun for dag_extract_catalogs to 2026-07-08 01:00:00+00:00, run_after=2026-07-09 01:00:00+00:00
[2026-07-09T19:49:21.352+0000] {processor.py:208} INFO - Processing /opt/airflow/dags/dag_extract_catalogs.py took 0.093 seconds
[2026-07-09T19:49:51.885+0000] {processor.py:186} INFO - Started process (PID=15023) to work on /opt/airflow/dags/dag_extract_catalogs.py
[2026-07-09T19:49:51.886+0000] {processor.py:914} INFO - Processing file /opt/airflow/dags/dag_extract_catalogs.py for tasks to queue
[2026-07-09T19:49:51.886+0000] {logging_mixin.py:190} INFO - [2026-07-09T19:49:51.886+0000] {dagbag.py:588} INFO - Filling up the DagBag from /opt/airflow/dags/dag_extract_catalogs.py
[2026-07-09T19:49:51.891+0000] {processor.py:925} INFO - DAG(s) 'dag_extract_catalogs' retrieved from /opt/airflow/dags/dag_extract_catalogs.py
[2026-07-09T19:49:51.901+0000] {logging_mixin.py:190} INFO - [2026-07-09T19:49:51.901+0000] {dag.py:3239} INFO - Sync 1 DAGs
[2026-07-09T19:49:51.908+0000] {logging_mixin.py:190} INFO - [2026-07-09T19:49:51.908+0000] {dag.py:4180} INFO - Setting next_dagrun for dag_extract_catalogs to 2026-07-08 01:00:00+00:00, run_after=2026-07-09 01:00:00+00:00
[2026-07-09T19:49:51.913+0000] {processor.py:208} INFO - Processing /opt/airflow/dags/dag_extract_catalogs.py took 0.030 seconds
[2026-07-09T19:50:22.396+0000] {processor.py:186} INFO - Started process (PID=15043) to work on /opt/airflow/dags/dag_extract_catalogs.py
[2026-07-09T19:50:22.396+0000] {processor.py:914} INFO - Processing file /opt/airflow/dags/dag_extract_catalogs.py for tasks to queue
[2026-07-09T19:50:22.397+0000] {logging_mixin.py:190} INFO - [2026-07-09T19:50:22.397+0000] {dagbag.py:588} INFO - Filling up the DagBag from /opt/airflow/dags/dag_extract_catalogs.py
[2026-07-09T19:50:22.402+0000] {processor.py:925} INFO - DAG(s) 'dag_extract_catalogs' retrieved from /opt/airflow/dags/dag_extract_catalogs.py
[2026-07-09T19:50:22.412+0000] {logging_mixin.py:190} INFO - [2026-07-09T19:50:22.412+0000] {dag.py:3239} INFO - Sync 1 DAGs
[2026-07-09T19:50:22.419+0000] {logging_mixin.py:190} INFO - [2026-07-09T19:50:22.419+0000] {dag.py:4180} INFO - Setting next_dagrun for dag_extract_catalogs to 2026-07-08 01:00:00+00:00, run_after=2026-07-09 01:00:00+00:00
[2026-07-09T19:50:22.424+0000] {processor.py:208} INFO - Processing /opt/airflow/dags/dag_extract_catalogs.py took 0.030 seconds
[2026-07-09T19:50:52.869+0000] {processor.py:186} INFO - Started process (PID=15063) to work on /opt/airflow/dags/dag_extract_catalogs.py
[2026-07-09T19:50:52.869+0000] {processor.py:914} INFO - Processing file /opt/airflow/dags/dag_extract_catalogs.py for tasks to queue
[2026-07-09T19:50:52.870+0000] {logging_mixin.py:190} INFO - [2026-07-09T19:50:52.870+0000] {dagbag.py:588} INFO - Filling up the DagBag from /opt/airflow/dags/dag_extract_catalogs.py
[2026-07-09T19:50:52.875+0000] {processor.py:925} INFO - DAG(s) 'dag_extract_catalogs' retrieved from /opt/airflow/dags/dag_extract_catalogs.py
[2026-07-09T19:50:52.885+0000] {logging_mixin.py:190} INFO - [2026-07-09T19:50:52.885+0000] {dag.py:3239} INFO - Sync 1 DAGs
[2026-07-09T19:50:52.892+0000] {logging_mixin.py:190} INFO - [2026-07-09T19:50:52.892+0000] {dag.py:4180} INFO - Setting next_dagrun for dag_extract_catalogs to 2026-07-08 01:00:00+00:00, run_after=2026-07-09 01:00:00+00:00
[2026-07-09T19:50:52.897+0000] {processor.py:208} INFO - Processing /opt/airflow/dags/dag_extract_catalogs.py took 0.030 seconds
[2026-07-09T19:51:23.384+0000] {processor.py:186} INFO - Started process (PID=15083) to work on /opt/airflow/dags/dag_extract_catalogs.py
[2026-07-09T19:51:23.386+0000] {processor.py:914} INFO - Processing file /opt/airflow/dags/dag_extract_catalogs.py for tasks to queue
[2026-07-09T19:51:23.387+0000] {logging_mixin.py:190} INFO - [2026-07-09T19:51:23.386+0000] {dagbag.py:588} INFO - Filling up the DagBag from /opt/airflow/dags/dag_extract_catalogs.py
[2026-07-09T19:51:23.391+0000] {processor.py:925} INFO - DAG(s) 'dag_extract_catalogs' retrieved from /opt/airflow/dags/dag_extract_catalogs.py
[2026-07-09T19:51:23.401+0000] {logging_mixin.py:190} INFO - [2026-07-09T19:51:23.401+0000] {dag.py:3239} INFO - Sync 1 DAGs
[2026-07-09T19:51:23.409+0000] {logging_mixin.py:190} INFO - [2026-07-09T19:51:23.409+0000] {dag.py:4180} INFO - Setting next_dagrun for dag_extract_catalogs to 2026-07-08 01:00:00+00:00, run_after=2026-07-09 01:00:00+00:00
[2026-07-09T19:51:23.414+0000] {processor.py:208} INFO - Processing /opt/airflow/dags/dag_extract_catalogs.py took 0.033 seconds
[2026-07-09T19:51:53.892+0000] {processor.py:186} INFO - Started process (PID=15103) to work on /opt/airflow/dags/dag_extract_catalogs.py
[2026-07-09T19:51:53.892+0000] {processor.py:914} INFO - Processing file /opt/airflow/dags/dag_extract_catalogs.py for tasks to queue
[2026-07-09T19:51:53.893+0000] {logging_mixin.py:190} INFO - [2026-07-09T19:51:53.893+0000] {dagbag.py:588} INFO - Filling up the DagBag from /opt/airflow/dags/dag_extract_catalogs.py
[2026-07-09T19:51:53.898+0000] {processor.py:925} INFO - DAG(s) 'dag_extract_catalogs' retrieved from /opt/airflow/dags/dag_extract_catalogs.py
[2026-07-09T19:51:53.909+0000] {logging_mixin.py:190} INFO - [2026-07-09T19:51:53.909+0000] {dag.py:3239} INFO - Sync 1 DAGs
[2026-07-09T19:51:53.916+0000] {logging_mixin.py:190} INFO - [2026-07-09T19:51:53.916+0000] {dag.py:4180} INFO - Setting next_dagrun for dag_extract_catalogs to 2026-07-08 01:00:00+00:00, run_after=2026-07-09 01:00:00+00:00
[2026-07-09T19:51:53.921+0000] {processor.py:208} INFO - Processing /opt/airflow/dags/dag_extract_catalogs.py took 0.032 seconds
[2026-07-09T19:52:24.402+0000] {processor.py:186} INFO - Started process (PID=15121) to work on /opt/airflow/dags/dag_extract_catalogs.py
[2026-07-09T19:52:24.403+0000] {processor.py:914} INFO - Processing file /opt/airflow/dags/dag_extract_catalogs.py for tasks to queue
[2026-07-09T19:52:24.404+0000] {logging_mixin.py:190} INFO - [2026-07-09T19:52:24.404+0000] {dagbag.py:588} INFO - Filling up the DagBag from /opt/airflow/dags/dag_extract_catalogs.py
[2026-07-09T19:52:24.413+0000] {processor.py:925} INFO - DAG(s) 'dag_extract_catalogs' retrieved from /opt/airflow/dags/dag_extract_catalogs.py
[2026-07-09T19:52:24.426+0000] {logging_mixin.py:190} INFO - [2026-07-09T19:52:24.426+0000] {dag.py:3239} INFO - Sync 1 DAGs
[2026-07-09T19:52:24.433+0000] {logging_mixin.py:190} INFO - [2026-07-09T19:52:24.433+0000] {dag.py:4180} INFO - Setting next_dagrun for dag_extract_catalogs to 2026-07-08 01:00:00+00:00, run_after=2026-07-09 01:00:00+00:00
[2026-07-09T19:52:24.439+0000] {processor.py:208} INFO - Processing /opt/airflow/dags/dag_extract_catalogs.py took 0.040 seconds
[2026-07-09T19:52:54.910+0000] {processor.py:186} INFO - Started process (PID=15143) to work on /opt/airflow/dags/dag_extract_catalogs.py
[2026-07-09T19:52:54.910+0000] {processor.py:914} INFO - Processing file /opt/airflow/dags/dag_extract_catalogs.py for tasks to queue
[2026-07-09T19:52:54.911+0000] {logging_mixin.py:190} INFO - [2026-07-09T19:52:54.911+0000] {dagbag.py:588} INFO - Filling up the DagBag from /opt/airflow/dags/dag_extract_catalogs.py
[2026-07-09T19:52:54.916+0000] {processor.py:925} INFO - DAG(s) 'dag_extract_catalogs' retrieved from /opt/airflow/dags/dag_extract_catalogs.py
[2026-07-09T19:52:54.925+0000] {logging_mixin.py:190} INFO - [2026-07-09T19:52:54.925+0000] {dag.py:3239} INFO - Sync 1 DAGs
[2026-07-09T19:52:54.933+0000] {logging_mixin.py:190} INFO - [2026-07-09T19:52:54.933+0000] {dag.py:4180} INFO - Setting next_dagrun for dag_extract_catalogs to 2026-07-08 01:00:00+00:00, run_after=2026-07-09 01:00:00+00:00
[2026-07-09T19:52:54.937+0000] {processor.py:208} INFO - Processing /opt/airflow/dags/dag_extract_catalogs.py took 0.030 seconds
[2026-07-09T19:53:25.413+0000] {processor.py:186} INFO - Started process (PID=15163) to work on /opt/airflow/dags/dag_extract_catalogs.py
[2026-07-09T19:53:25.414+0000] {processor.py:914} INFO - Processing file /opt/airflow/dags/dag_extract_catalogs.py for tasks to queue
[2026-07-09T19:53:25.415+0000] {logging_mixin.py:190} INFO - [2026-07-09T19:53:25.415+0000] {dagbag.py:588} INFO - Filling up the DagBag from /opt/airflow/dags/dag_extract_catalogs.py
[2026-07-09T19:53:25.419+0000] {processor.py:925} INFO - DAG(s) 'dag_extract_catalogs' retrieved from /opt/airflow/dags/dag_extract_catalogs.py
[2026-07-09T19:53:25.429+0000] {logging_mixin.py:190} INFO - [2026-07-09T19:53:25.429+0000] {dag.py:3239} INFO - Sync 1 DAGs
[2026-07-09T19:53:25.436+0000] {logging_mixin.py:190} INFO - [2026-07-09T19:53:25.436+0000] {dag.py:4180} INFO - Setting next_dagrun for dag_extract_catalogs to 2026-07-08 01:00:00+00:00, run_after=2026-07-09 01:00:00+00:00
[2026-07-09T19:53:25.440+0000] {processor.py:208} INFO - Processing /opt/airflow/dags/dag_extract_catalogs.py took 0.029 seconds
[2026-07-09T19:53:55.885+0000] {processor.py:186} INFO - Started process (PID=15181) to work on /opt/airflow/dags/dag_extract_catalogs.py
[2026-07-09T19:53:55.886+0000] {processor.py:914} INFO - Processing file /opt/airflow/dags/dag_extract_catalogs.py for tasks to queue
[2026-07-09T19:53:55.886+0000] {logging_mixin.py:190} INFO - [2026-07-09T19:53:55.886+0000] {dagbag.py:588} INFO - Filling up the DagBag from /opt/airflow/dags/dag_extract_catalogs.py
[2026-07-09T19:53:55.892+0000] {processor.py:925} INFO - DAG(s) 'dag_extract_catalogs' retrieved from /opt/airflow/dags/dag_extract_catalogs.py
[2026-07-09T19:53:55.903+0000] {logging_mixin.py:190} INFO - [2026-07-09T19:53:55.903+0000] {dag.py:3239} INFO - Sync 1 DAGs
[2026-07-09T19:53:55.911+0000] {logging_mixin.py:190} INFO - [2026-07-09T19:53:55.911+0000] {dag.py:4180} INFO - Setting next_dagrun for dag_extract_catalogs to 2026-07-08 01:00:00+00:00, run_after=2026-07-09 01:00:00+00:00
[2026-07-09T19:53:55.918+0000] {processor.py:208} INFO - Processing /opt/airflow/dags/dag_extract_catalogs.py took 0.036 seconds
[2026-07-09T19:54:26.422+0000] {processor.py:186} INFO - Started process (PID=15201) to work on /opt/airflow/dags/dag_extract_catalogs.py
[2026-07-09T19:54:26.423+0000] {processor.py:914} INFO - Processing file /opt/airflow/dags/dag_extract_catalogs.py for tasks to queue
[2026-07-09T19:54:26.424+0000] {logging_mixin.py:190} INFO - [2026-07-09T19:54:26.424+0000] {dagbag.py:588} INFO - Filling up the DagBag from /opt/airflow/dags/dag_extract_catalogs.py
[2026-07-09T19:54:26.431+0000] {processor.py:925} INFO - DAG(s) 'dag_extract_catalogs' retrieved from /opt/airflow/dags/dag_extract_catalogs.py
[2026-07-09T19:54:26.445+0000] {logging_mixin.py:190} INFO - [2026-07-09T19:54:26.445+0000] {dag.py:3239} INFO - Sync 1 DAGs
[2026-07-09T19:54:26.454+0000] {logging_mixin.py:190} INFO - [2026-07-09T19:54:26.453+0000] {dag.py:4180} INFO - Setting next_dagrun for dag_extract_catalogs to 2026-07-08 01:00:00+00:00, run_after=2026-07-09 01:00:00+00:00
[2026-07-09T19:54:26.460+0000] {processor.py:208} INFO - Processing /opt/airflow/dags/dag_extract_catalogs.py took 0.040 seconds
[2026-07-09T19:54:56.919+0000] {processor.py:186} INFO - Started process (PID=15223) to work on /opt/airflow/dags/dag_extract_catalogs.py
[2026-07-09T19:54:56.919+0000] {processor.py:914} INFO - Processing file /opt/airflow/dags/dag_extract_catalogs.py for tasks to queue
[2026-07-09T19:54:56.920+0000] {logging_mixin.py:190} INFO - [2026-07-09T19:54:56.919+0000] {dagbag.py:588} INFO - Filling up the DagBag from /opt/airflow/dags/dag_extract_catalogs.py
[2026-07-09T19:54:56.924+0000] {processor.py:925} INFO - DAG(s) 'dag_extract_catalogs' retrieved from /opt/airflow/dags/dag_extract_catalogs.py
[2026-07-09T19:54:56.934+0000] {logging_mixin.py:190} INFO - [2026-07-09T19:54:56.934+0000] {dag.py:3239} INFO - Sync 1 DAGs
[2026-07-09T19:54:56.941+0000] {logging_mixin.py:190} INFO - [2026-07-09T19:54:56.941+0000] {dag.py:4180} INFO - Setting next_dagrun for dag_extract_catalogs to 2026-07-08 01:00:00+00:00, run_after=2026-07-09 01:00:00+00:00
[2026-07-09T19:54:56.946+0000] {processor.py:208} INFO - Processing /opt/airflow/dags/dag_extract_catalogs.py took 0.030 seconds
[2026-07-09T19:55:27.399+0000] {processor.py:186} INFO - Started process (PID=15243) to work on /opt/airflow/dags/dag_extract_catalogs.py
[2026-07-09T19:55:27.399+0000] {processor.py:914} INFO - Processing file /opt/airflow/dags/dag_extract_catalogs.py for tasks to queue
[2026-07-09T19:55:27.400+0000] {logging_mixin.py:190} INFO - [2026-07-09T19:55:27.400+0000] {dagbag.py:588} INFO - Filling up the DagBag from /opt/airflow/dags/dag_extract_catalogs.py
[2026-07-09T19:55:27.405+0000] {processor.py:925} INFO - DAG(s) 'dag_extract_catalogs' retrieved from /opt/airflow/dags/dag_extract_catalogs.py
[2026-07-09T19:55:27.415+0000] {logging_mixin.py:190} INFO - [2026-07-09T19:55:27.415+0000] {dag.py:3239} INFO - Sync 1 DAGs
[2026-07-09T19:55:27.422+0000] {logging_mixin.py:190} INFO - [2026-07-09T19:55:27.421+0000] {dag.py:4180} INFO - Setting next_dagrun for dag_extract_catalogs to 2026-07-08 01:00:00+00:00, run_after=2026-07-09 01:00:00+00:00
[2026-07-09T19:55:27.426+0000] {processor.py:208} INFO - Processing /opt/airflow/dags/dag_extract_catalogs.py took 0.030 seconds
[2026-07-09T19:55:57.908+0000] {processor.py:186} INFO - Started process (PID=15263) to work on /opt/airflow/dags/dag_extract_catalogs.py
[2026-07-09T19:55:57.908+0000] {processor.py:914} INFO - Processing file /opt/airflow/dags/dag_extract_catalogs.py for tasks to queue
[2026-07-09T19:55:57.909+0000] {logging_mixin.py:190} INFO - [2026-07-09T19:55:57.909+0000] {dagbag.py:588} INFO - Filling up the DagBag from /opt/airflow/dags/dag_extract_catalogs.py
[2026-07-09T19:55:57.914+0000] {processor.py:925} INFO - DAG(s) 'dag_extract_catalogs' retrieved from /opt/airflow/dags/dag_extract_catalogs.py
[2026-07-09T19:55:57.924+0000] {logging_mixin.py:190} INFO - [2026-07-09T19:55:57.924+0000] {dag.py:3239} INFO - Sync 1 DAGs
[2026-07-09T19:55:57.931+0000] {logging_mixin.py:190} INFO - [2026-07-09T19:55:57.931+0000] {dag.py:4180} INFO - Setting next_dagrun for dag_extract_catalogs to 2026-07-08 01:00:00+00:00, run_after=2026-07-09 01:00:00+00:00
[2026-07-09T19:55:57.936+0000] {processor.py:208} INFO - Processing /opt/airflow/dags/dag_extract_catalogs.py took 0.031 seconds
[2026-07-09T19:56:28.410+0000] {processor.py:186} INFO - Started process (PID=15283) to work on /opt/airflow/dags/dag_extract_catalogs.py
[2026-07-09T19:56:28.410+0000] {processor.py:914} INFO - Processing file /opt/airflow/dags/dag_extract_catalogs.py for tasks to queue
[2026-07-09T19:56:28.411+0000] {logging_mixin.py:190} INFO - [2026-07-09T19:56:28.411+0000] {dagbag.py:588} INFO - Filling up the DagBag from /opt/airflow/dags/dag_extract_catalogs.py
[2026-07-09T19:56:28.416+0000] {processor.py:925} INFO - DAG(s) 'dag_extract_catalogs' retrieved from /opt/airflow/dags/dag_extract_catalogs.py
[2026-07-09T19:56:28.425+0000] {logging_mixin.py:190} INFO - [2026-07-09T19:56:28.425+0000] {dag.py:3239} INFO - Sync 1 DAGs
[2026-07-09T19:56:28.432+0000] {logging_mixin.py:190} INFO - [2026-07-09T19:56:28.432+0000] {dag.py:4180} INFO - Setting next_dagrun for dag_extract_catalogs to 2026-07-08 01:00:00+00:00, run_after=2026-07-09 01:00:00+00:00
[2026-07-09T19:56:28.437+0000] {processor.py:208} INFO - Processing /opt/airflow/dags/dag_extract_catalogs.py took 0.030 seconds
[2026-07-09T19:56:58.892+0000] {processor.py:186} INFO - Started process (PID=15303) to work on /opt/airflow/dags/dag_extract_catalogs.py
[2026-07-09T19:56:58.892+0000] {processor.py:914} INFO - Processing file /opt/airflow/dags/dag_extract_catalogs.py for tasks to queue
[2026-07-09T19:56:58.893+0000] {logging_mixin.py:190} INFO - [2026-07-09T19:56:58.893+0000] {dagbag.py:588} INFO - Filling up the DagBag from /opt/airflow/dags/dag_extract_catalogs.py
[2026-07-09T19:56:58.898+0000] {processor.py:925} INFO - DAG(s) 'dag_extract_catalogs' retrieved from /opt/airflow/dags/dag_extract_catalogs.py
[2026-07-09T19:56:58.908+0000] {logging_mixin.py:190} INFO - [2026-07-09T19:56:58.908+0000] {dag.py:3239} INFO - Sync 1 DAGs
[2026-07-09T19:56:58.915+0000] {logging_mixin.py:190} INFO - [2026-07-09T19:56:58.915+0000] {dag.py:4180} INFO - Setting next_dagrun for dag_extract_catalogs to 2026-07-08 01:00:00+00:00, run_after=2026-07-09 01:00:00+00:00
[2026-07-09T19:56:58.919+0000] {processor.py:208} INFO - Processing /opt/airflow/dags/dag_extract_catalogs.py took 0.030 seconds
[2026-07-09T19:57:29.395+0000] {processor.py:186} INFO - Started process (PID=15323) to work on /opt/airflow/dags/dag_extract_catalogs.py
[2026-07-09T19:57:29.395+0000] {processor.py:914} INFO - Processing file /opt/airflow/dags/dag_extract_catalogs.py for tasks to queue
[2026-07-09T19:57:29.396+0000] {logging_mixin.py:190} INFO - [2026-07-09T19:57:29.396+0000] {dagbag.py:588} INFO - Filling up the DagBag from /opt/airflow/dags/dag_extract_catalogs.py
[2026-07-09T19:57:29.401+0000] {processor.py:925} INFO - DAG(s) 'dag_extract_catalogs' retrieved from /opt/airflow/dags/dag_extract_catalogs.py
[2026-07-09T19:57:29.411+0000] {logging_mixin.py:190} INFO - [2026-07-09T19:57:29.411+0000] {dag.py:3239} INFO - Sync 1 DAGs
[2026-07-09T19:57:29.418+0000] {logging_mixin.py:190} INFO - [2026-07-09T19:57:29.418+0000] {dag.py:4180} INFO - Setting next_dagrun for dag_extract_catalogs to 2026-07-08 01:00:00+00:00, run_after=2026-07-09 01:00:00+00:00
[2026-07-09T19:57:29.422+0000] {processor.py:208} INFO - Processing /opt/airflow/dags/dag_extract_catalogs.py took 0.030 seconds
[2026-07-09T19:57:59.867+0000] {processor.py:186} INFO - Started process (PID=15341) to work on /opt/airflow/dags/dag_extract_catalogs.py
[2026-07-09T19:57:59.867+0000] {processor.py:914} INFO - Processing file /opt/airflow/dags/dag_extract_catalogs.py for tasks to queue
[2026-07-09T19:57:59.869+0000] {logging_mixin.py:190} INFO - [2026-07-09T19:57:59.869+0000] {dagbag.py:588} INFO - Filling up the DagBag from /opt/airflow/dags/dag_extract_catalogs.py
[2026-07-09T19:57:59.878+0000] {processor.py:925} INFO - DAG(s) 'dag_extract_catalogs' retrieved from /opt/airflow/dags/dag_extract_catalogs.py
[2026-07-09T19:57:59.890+0000] {logging_mixin.py:190} INFO - [2026-07-09T19:57:59.890+0000] {dag.py:3239} INFO - Sync 1 DAGs
[2026-07-09T19:57:59.898+0000] {logging_mixin.py:190} INFO - [2026-07-09T19:57:59.898+0000] {dag.py:4180} INFO - Setting next_dagrun for dag_extract_catalogs to 2026-07-08 01:00:00+00:00, run_after=2026-07-09 01:00:00+00:00
[2026-07-09T19:57:59.903+0000] {processor.py:208} INFO - Processing /opt/airflow/dags/dag_extract_catalogs.py took 0.040 seconds
[2026-07-09T19:58:30.390+0000] {processor.py:186} INFO - Started process (PID=15363) to work on /opt/airflow/dags/dag_extract_catalogs.py
[2026-07-09T19:58:30.390+0000] {processor.py:914} INFO - Processing file /opt/airflow/dags/dag_extract_catalogs.py for tasks to queue
[2026-07-09T19:58:30.391+0000] {logging_mixin.py:190} INFO - [2026-07-09T19:58:30.391+0000] {dagbag.py:588} INFO - Filling up the DagBag from /opt/airflow/dags/dag_extract_catalogs.py
[2026-07-09T19:58:30.395+0000] {processor.py:925} INFO - DAG(s) 'dag_extract_catalogs' retrieved from /opt/airflow/dags/dag_extract_catalogs.py
[2026-07-09T19:58:30.405+0000] {logging_mixin.py:190} INFO - [2026-07-09T19:58:30.405+0000] {dag.py:3239} INFO - Sync 1 DAGs
[2026-07-09T19:58:30.412+0000] {logging_mixin.py:190} INFO - [2026-07-09T19:58:30.412+0000] {dag.py:4180} INFO - Setting next_dagrun for dag_extract_catalogs to 2026-07-08 01:00:00+00:00, run_after=2026-07-09 01:00:00+00:00
[2026-07-09T19:58:30.417+0000] {processor.py:208} INFO - Processing /opt/airflow/dags/dag_extract_catalogs.py took 0.029 seconds
[2026-07-09T19:59:00.856+0000] {processor.py:186} INFO - Started process (PID=15383) to work on /opt/airflow/dags/dag_extract_catalogs.py
[2026-07-09T19:59:00.856+0000] {processor.py:914} INFO - Processing file /opt/airflow/dags/dag_extract_catalogs.py for tasks to queue
[2026-07-09T19:59:00.857+0000] {logging_mixin.py:190} INFO - [2026-07-09T19:59:00.857+0000] {dagbag.py:588} INFO - Filling up the DagBag from /opt/airflow/dags/dag_extract_catalogs.py
[2026-07-09T19:59:00.862+0000] {processor.py:925} INFO - DAG(s) 'dag_extract_catalogs' retrieved from /opt/airflow/dags/dag_extract_catalogs.py
[2026-07-09T19:59:00.871+0000] {logging_mixin.py:190} INFO - [2026-07-09T19:59:00.871+0000] {dag.py:3239} INFO - Sync 1 DAGs
[2026-07-09T19:59:00.879+0000] {logging_mixin.py:190} INFO - [2026-07-09T19:59:00.879+0000] {dag.py:4180} INFO - Setting next_dagrun for dag_extract_catalogs to 2026-07-08 01:00:00+00:00, run_after=2026-07-09 01:00:00+00:00
[2026-07-09T19:59:00.883+0000] {processor.py:208} INFO - Processing /opt/airflow/dags/dag_extract_catalogs.py took 0.030 seconds
[2026-07-09T19:59:31.392+0000] {processor.py:186} INFO - Started process (PID=15403) to work on /opt/airflow/dags/dag_extract_catalogs.py
[2026-07-09T19:59:31.392+0000] {processor.py:914} INFO - Processing file /opt/airflow/dags/dag_extract_catalogs.py for tasks to queue
[2026-07-09T19:59:31.393+0000] {logging_mixin.py:190} INFO - [2026-07-09T19:59:31.393+0000] {dagbag.py:588} INFO - Filling up the DagBag from /opt/airflow/dags/dag_extract_catalogs.py
[2026-07-09T19:59:31.397+0000] {processor.py:925} INFO - DAG(s) 'dag_extract_catalogs' retrieved from /opt/airflow/dags/dag_extract_catalogs.py
[2026-07-09T19:59:31.407+0000] {logging_mixin.py:190} INFO - [2026-07-09T19:59:31.407+0000] {dag.py:3239} INFO - Sync 1 DAGs
[2026-07-09T19:59:31.414+0000] {logging_mixin.py:190} INFO - [2026-07-09T19:59:31.414+0000] {dag.py:4180} INFO - Setting next_dagrun for dag_extract_catalogs to 2026-07-08 01:00:00+00:00, run_after=2026-07-09 01:00:00+00:00
[2026-07-09T19:59:31.419+0000] {processor.py:208} INFO - Processing /opt/airflow/dags/dag_extract_catalogs.py took 0.030 seconds
[2026-07-09T20:00:01.934+0000] {processor.py:186} INFO - Started process (PID=15423) to work on /opt/airflow/dags/dag_extract_catalogs.py
[2026-07-09T20:00:01.934+0000] {processor.py:914} INFO - Processing file /opt/airflow/dags/dag_extract_catalogs.py for tasks to queue
[2026-07-09T20:00:01.935+0000] {logging_mixin.py:190} INFO - [2026-07-09T20:00:01.935+0000] {dagbag.py:588} INFO - Filling up the DagBag from /opt/airflow/dags/dag_extract_catalogs.py
[2026-07-09T20:00:01.940+0000] {processor.py:925} INFO - DAG(s) 'dag_extract_catalogs' retrieved from /opt/airflow/dags/dag_extract_catalogs.py
[2026-07-09T20:00:01.949+0000] {logging_mixin.py:190} INFO - [2026-07-09T20:00:01.949+0000] {dag.py:3239} INFO - Sync 1 DAGs
[2026-07-09T20:00:01.956+0000] {logging_mixin.py:190} INFO - [2026-07-09T20:00:01.956+0000] {dag.py:4180} INFO - Setting next_dagrun for dag_extract_catalogs to 2026-07-08 01:00:00+00:00, run_after=2026-07-09 01:00:00+00:00
[2026-07-09T20:00:01.961+0000] {processor.py:208} INFO - Processing /opt/airflow/dags/dag_extract_catalogs.py took 0.029 seconds
[2026-07-09T20:00:32.371+0000] {processor.py:186} INFO - Started process (PID=15443) to work on /opt/airflow/dags/dag_extract_catalogs.py
[2026-07-09T20:00:32.372+0000] {processor.py:914} INFO - Processing file /opt/airflow/dags/dag_extract_catalogs.py for tasks to queue
[2026-07-09T20:00:32.373+0000] {logging_mixin.py:190} INFO - [2026-07-09T20:00:32.372+0000] {dagbag.py:588} INFO - Filling up the DagBag from /opt/airflow/dags/dag_extract_catalogs.py
[2026-07-09T20:00:32.377+0000] {processor.py:925} INFO - DAG(s) 'dag_extract_catalogs' retrieved from /opt/airflow/dags/dag_extract_catalogs.py
[2026-07-09T20:00:32.387+0000] {logging_mixin.py:190} INFO - [2026-07-09T20:00:32.387+0000] {dag.py:3239} INFO - Sync 1 DAGs
[2026-07-09T20:00:32.394+0000] {logging_mixin.py:190} INFO - [2026-07-09T20:00:32.394+0000] {dag.py:4180} INFO - Setting next_dagrun for dag_extract_catalogs to 2026-07-08 01:00:00+00:00, run_after=2026-07-09 01:00:00+00:00
[2026-07-09T20:00:32.399+0000] {processor.py:208} INFO - Processing /opt/airflow/dags/dag_extract_catalogs.py took 0.030 seconds
[2026-07-09T20:01:02.861+0000] {processor.py:186} INFO - Started process (PID=15463) to work on /opt/airflow/dags/dag_extract_catalogs.py
[2026-07-09T20:01:02.861+0000] {processor.py:914} INFO - Processing file /opt/airflow/dags/dag_extract_catalogs.py for tasks to queue
[2026-07-09T20:01:02.862+0000] {logging_mixin.py:190} INFO - [2026-07-09T20:01:02.862+0000] {dagbag.py:588} INFO - Filling up the DagBag from /opt/airflow/dags/dag_extract_catalogs.py
[2026-07-09T20:01:02.867+0000] {processor.py:925} INFO - DAG(s) 'dag_extract_catalogs' retrieved from /opt/airflow/dags/dag_extract_catalogs.py
[2026-07-09T20:01:02.877+0000] {logging_mixin.py:190} INFO - [2026-07-09T20:01:02.876+0000] {dag.py:3239} INFO - Sync 1 DAGs
[2026-07-09T20:01:02.884+0000] {logging_mixin.py:190} INFO - [2026-07-09T20:01:02.884+0000] {dag.py:4180} INFO - Setting next_dagrun for dag_extract_catalogs to 2026-07-08 01:00:00+00:00, run_after=2026-07-09 01:00:00+00:00
[2026-07-09T20:01:02.888+0000] {processor.py:208} INFO - Processing /opt/airflow/dags/dag_extract_catalogs.py took 0.029 seconds
[2026-07-09T20:01:33.283+0000] {processor.py:186} INFO - Started process (PID=15481) to work on /opt/airflow/dags/dag_extract_catalogs.py
[2026-07-09T20:01:33.283+0000] {processor.py:914} INFO - Processing file /opt/airflow/dags/dag_extract_catalogs.py for tasks to queue
[2026-07-09T20:01:33.284+0000] {logging_mixin.py:190} INFO - [2026-07-09T20:01:33.284+0000] {dagbag.py:588} INFO - Filling up the DagBag from /opt/airflow/dags/dag_extract_catalogs.py
[2026-07-09T20:01:33.292+0000] {processor.py:925} INFO - DAG(s) 'dag_extract_catalogs' retrieved from /opt/airflow/dags/dag_extract_catalogs.py
[2026-07-09T20:01:33.305+0000] {logging_mixin.py:190} INFO - [2026-07-09T20:01:33.305+0000] {dag.py:3239} INFO - Sync 1 DAGs
[2026-07-09T20:01:33.314+0000] {logging_mixin.py:190} INFO - [2026-07-09T20:01:33.314+0000] {dag.py:4180} INFO - Setting next_dagrun for dag_extract_catalogs to 2026-07-08 01:00:00+00:00, run_after=2026-07-09 01:00:00+00:00
[2026-07-09T20:01:33.318+0000] {processor.py:208} INFO - Processing /opt/airflow/dags/dag_extract_catalogs.py took 0.038 seconds
[2026-07-09T20:02:03.834+0000] {processor.py:186} INFO - Started process (PID=15503) to work on /opt/airflow/dags/dag_extract_catalogs.py
[2026-07-09T20:02:03.834+0000] {processor.py:914} INFO - Processing file /opt/airflow/dags/dag_extract_catalogs.py for tasks to queue
[2026-07-09T20:02:03.835+0000] {logging_mixin.py:190} INFO - [2026-07-09T20:02:03.835+0000] {dagbag.py:588} INFO - Filling up the DagBag from /opt/airflow/dags/dag_extract_catalogs.py
[2026-07-09T20:02:03.840+0000] {processor.py:925} INFO - DAG(s) 'dag_extract_catalogs' retrieved from /opt/airflow/dags/dag_extract_catalogs.py
[2026-07-09T20:02:03.850+0000] {logging_mixin.py:190} INFO - [2026-07-09T20:02:03.850+0000] {dag.py:3239} INFO - Sync 1 DAGs
[2026-07-09T20:02:03.857+0000] {logging_mixin.py:190} INFO - [2026-07-09T20:02:03.857+0000] {dag.py:4180} INFO - Setting next_dagrun for dag_extract_catalogs to 2026-07-08 01:00:00+00:00, run_after=2026-07-09 01:00:00+00:00
[2026-07-09T20:02:03.862+0000] {processor.py:208} INFO - Processing /opt/airflow/dags/dag_extract_catalogs.py took 0.030 seconds
[2026-07-09T20:02:34.307+0000] {processor.py:186} INFO - Started process (PID=15523) to work on /opt/airflow/dags/dag_extract_catalogs.py
[2026-07-09T20:02:34.307+0000] {processor.py:914} INFO - Processing file /opt/airflow/dags/dag_extract_catalogs.py for tasks to queue
[2026-07-09T20:02:34.308+0000] {logging_mixin.py:190} INFO - [2026-07-09T20:02:34.308+0000] {dagbag.py:588} INFO - Filling up the DagBag from /opt/airflow/dags/dag_extract_catalogs.py
[2026-07-09T20:02:34.313+0000] {processor.py:925} INFO - DAG(s) 'dag_extract_catalogs' retrieved from /opt/airflow/dags/dag_extract_catalogs.py
[2026-07-09T20:02:34.322+0000] {logging_mixin.py:190} INFO - [2026-07-09T20:02:34.322+0000] {dag.py:3239} INFO - Sync 1 DAGs
[2026-07-09T20:02:34.329+0000] {logging_mixin.py:190} INFO - [2026-07-09T20:02:34.329+0000] {dag.py:4180} INFO - Setting next_dagrun for dag_extract_catalogs to 2026-07-08 01:00:00+00:00, run_after=2026-07-09 01:00:00+00:00
[2026-07-09T20:02:34.334+0000] {processor.py:208} INFO - Processing /opt/airflow/dags/dag_extract_catalogs.py took 0.029 seconds
[2026-07-09T20:03:04.789+0000] {processor.py:186} INFO - Started process (PID=15543) to work on /opt/airflow/dags/dag_extract_catalogs.py
[2026-07-09T20:03:04.789+0000] {processor.py:914} INFO - Processing file /opt/airflow/dags/dag_extract_catalogs.py for tasks to queue
[2026-07-09T20:03:04.790+0000] {logging_mixin.py:190} INFO - [2026-07-09T20:03:04.790+0000] {dagbag.py:588} INFO - Filling up the DagBag from /opt/airflow/dags/dag_extract_catalogs.py
[2026-07-09T20:03:04.795+0000] {processor.py:925} INFO - DAG(s) 'dag_extract_catalogs' retrieved from /opt/airflow/dags/dag_extract_catalogs.py
[2026-07-09T20:03:04.805+0000] {logging_mixin.py:190} INFO - [2026-07-09T20:03:04.805+0000] {dag.py:3239} INFO - Sync 1 DAGs
[2026-07-09T20:03:04.812+0000] {logging_mixin.py:190} INFO - [2026-07-09T20:03:04.812+0000] {dag.py:4180} INFO - Setting next_dagrun for dag_extract_catalogs to 2026-07-08 01:00:00+00:00, run_after=2026-07-09 01:00:00+00:00
[2026-07-09T20:03:04.816+0000] {processor.py:208} INFO - Processing /opt/airflow/dags/dag_extract_catalogs.py took 0.030 seconds
[2026-07-09T20:03:35.349+0000] {processor.py:186} INFO - Started process (PID=15563) to work on /opt/airflow/dags/dag_extract_catalogs.py
[2026-07-09T20:03:35.350+0000] {processor.py:914} INFO - Processing file /opt/airflow/dags/dag_extract_catalogs.py for tasks to queue
[2026-07-09T20:03:35.351+0000] {logging_mixin.py:190} INFO - [2026-07-09T20:03:35.351+0000] {dagbag.py:588} INFO - Filling up the DagBag from /opt/airflow/dags/dag_extract_catalogs.py
[2026-07-09T20:03:35.356+0000] {processor.py:925} INFO - DAG(s) 'dag_extract_catalogs' retrieved from /opt/airflow/dags/dag_extract_catalogs.py
[2026-07-09T20:03:35.366+0000] {logging_mixin.py:190} INFO - [2026-07-09T20:03:35.366+0000] {dag.py:3239} INFO - Sync 1 DAGs
[2026-07-09T20:03:35.374+0000] {logging_mixin.py:190} INFO - [2026-07-09T20:03:35.374+0000] {dag.py:4180} INFO - Setting next_dagrun for dag_extract_catalogs to 2026-07-08 01:00:00+00:00, run_after=2026-07-09 01:00:00+00:00
[2026-07-09T20:03:35.378+0000] {processor.py:208} INFO - Processing /opt/airflow/dags/dag_extract_catalogs.py took 0.031 seconds
[2026-07-09T20:04:05.820+0000] {processor.py:186} INFO - Started process (PID=15583) to work on /opt/airflow/dags/dag_extract_catalogs.py
[2026-07-09T20:04:05.821+0000] {processor.py:914} INFO - Processing file /opt/airflow/dags/dag_extract_catalogs.py for tasks to queue
[2026-07-09T20:04:05.822+0000] {logging_mixin.py:190} INFO - [2026-07-09T20:04:05.822+0000] {dagbag.py:588} INFO - Filling up the DagBag from /opt/airflow/dags/dag_extract_catalogs.py
[2026-07-09T20:04:05.826+0000] {processor.py:925} INFO - DAG(s) 'dag_extract_catalogs' retrieved from /opt/airflow/dags/dag_extract_catalogs.py
[2026-07-09T20:04:05.836+0000] {logging_mixin.py:190} INFO - [2026-07-09T20:04:05.836+0000] {dag.py:3239} INFO - Sync 1 DAGs
[2026-07-09T20:04:05.844+0000] {logging_mixin.py:190} INFO - [2026-07-09T20:04:05.843+0000] {dag.py:4180} INFO - Setting next_dagrun for dag_extract_catalogs to 2026-07-08 01:00:00+00:00, run_after=2026-07-09 01:00:00+00:00
[2026-07-09T20:04:05.849+0000] {processor.py:208} INFO - Processing /opt/airflow/dags/dag_extract_catalogs.py took 0.031 seconds
[2026-07-09T20:04:36.278+0000] {processor.py:186} INFO - Started process (PID=15603) to work on /opt/airflow/dags/dag_extract_catalogs.py
[2026-07-09T20:04:36.278+0000] {processor.py:914} INFO - Processing file /opt/airflow/dags/dag_extract_catalogs.py for tasks to queue
[2026-07-09T20:04:36.279+0000] {logging_mixin.py:190} INFO - [2026-07-09T20:04:36.279+0000] {dagbag.py:588} INFO - Filling up the DagBag from /opt/airflow/dags/dag_extract_catalogs.py
[2026-07-09T20:04:36.284+0000] {processor.py:925} INFO - DAG(s) 'dag_extract_catalogs' retrieved from /opt/airflow/dags/dag_extract_catalogs.py
[2026-07-09T20:04:36.294+0000] {logging_mixin.py:190} INFO - [2026-07-09T20:04:36.294+0000] {dag.py:3239} INFO - Sync 1 DAGs
[2026-07-09T20:04:36.301+0000] {logging_mixin.py:190} INFO - [2026-07-09T20:04:36.301+0000] {dag.py:4180} INFO - Setting next_dagrun for dag_extract_catalogs to 2026-07-08 01:00:00+00:00, run_after=2026-07-09 01:00:00+00:00
[2026-07-09T20:04:36.305+0000] {processor.py:208} INFO - Processing /opt/airflow/dags/dag_extract_catalogs.py took 0.030 seconds
[2026-07-09T20:05:06.798+0000] {processor.py:186} INFO - Started process (PID=15623) to work on /opt/airflow/dags/dag_extract_catalogs.py
[2026-07-09T20:05:06.798+0000] {processor.py:914} INFO - Processing file /opt/airflow/dags/dag_extract_catalogs.py for tasks to queue
[2026-07-09T20:05:06.799+0000] {logging_mixin.py:190} INFO - [2026-07-09T20:05:06.799+0000] {dagbag.py:588} INFO - Filling up the DagBag from /opt/airflow/dags/dag_extract_catalogs.py
[2026-07-09T20:05:06.804+0000] {processor.py:925} INFO - DAG(s) 'dag_extract_catalogs' retrieved from /opt/airflow/dags/dag_extract_catalogs.py
[2026-07-09T20:05:06.813+0000] {logging_mixin.py:190} INFO - [2026-07-09T20:05:06.813+0000] {dag.py:3239} INFO - Sync 1 DAGs
[2026-07-09T20:05:06.820+0000] {logging_mixin.py:190} INFO - [2026-07-09T20:05:06.820+0000] {dag.py:4180} INFO - Setting next_dagrun for dag_extract_catalogs to 2026-07-08 01:00:00+00:00, run_after=2026-07-09 01:00:00+00:00
[2026-07-09T20:05:06.825+0000] {processor.py:208} INFO - Processing /opt/airflow/dags/dag_extract_catalogs.py took 0.030 seconds
[2026-07-09T20:05:37.267+0000] {processor.py:186} INFO - Started process (PID=15641) to work on /opt/airflow/dags/dag_extract_catalogs.py
[2026-07-09T20:05:37.268+0000] {processor.py:914} INFO - Processing file /opt/airflow/dags/dag_extract_catalogs.py for tasks to queue
[2026-07-09T20:05:37.269+0000] {logging_mixin.py:190} INFO - [2026-07-09T20:05:37.269+0000] {dagbag.py:588} INFO - Filling up the DagBag from /opt/airflow/dags/dag_extract_catalogs.py
[2026-07-09T20:05:37.275+0000] {processor.py:925} INFO - DAG(s) 'dag_extract_catalogs' retrieved from /opt/airflow/dags/dag_extract_catalogs.py
[2026-07-09T20:05:37.290+0000] {logging_mixin.py:190} INFO - [2026-07-09T20:05:37.290+0000] {dag.py:3239} INFO - Sync 1 DAGs
[2026-07-09T20:05:37.297+0000] {logging_mixin.py:190} INFO - [2026-07-09T20:05:37.297+0000] {dag.py:4180} INFO - Setting next_dagrun for dag_extract_catalogs to 2026-07-08 01:00:00+00:00, run_after=2026-07-09 01:00:00+00:00
[2026-07-09T20:05:37.303+0000] {processor.py:208} INFO - Processing /opt/airflow/dags/dag_extract_catalogs.py took 0.039 seconds
[2026-07-09T20:06:08.031+0000] {processor.py:186} INFO - Started process (PID=15663) to work on /opt/airflow/dags/dag_extract_catalogs.py
[2026-07-09T20:06:08.032+0000] {processor.py:914} INFO - Processing file /opt/airflow/dags/dag_extract_catalogs.py for tasks to queue
[2026-07-09T20:06:08.033+0000] {logging_mixin.py:190} INFO - [2026-07-09T20:06:08.032+0000] {dagbag.py:588} INFO - Filling up the DagBag from /opt/airflow/dags/dag_extract_catalogs.py
[2026-07-09T20:06:08.038+0000] {processor.py:925} INFO - DAG(s) 'dag_extract_catalogs' retrieved from /opt/airflow/dags/dag_extract_catalogs.py
[2026-07-09T20:06:08.050+0000] {logging_mixin.py:190} INFO - [2026-07-09T20:06:08.049+0000] {dag.py:3239} INFO - Sync 1 DAGs
[2026-07-09T20:06:08.057+0000] {logging_mixin.py:190} INFO - [2026-07-09T20:06:08.057+0000] {dag.py:4180} INFO - Setting next_dagrun for dag_extract_catalogs to 2026-07-08 01:00:00+00:00, run_after=2026-07-09 01:00:00+00:00
[2026-07-09T20:06:08.062+0000] {processor.py:208} INFO - Processing /opt/airflow/dags/dag_extract_catalogs.py took 0.034 seconds
[2026-07-09T20:14:20.812+0000] {processor.py:186} INFO - Started process (PID=15681) to work on /opt/airflow/dags/dag_extract_catalogs.py
[2026-07-09T20:14:20.813+0000] {processor.py:914} INFO - Processing file /opt/airflow/dags/dag_extract_catalogs.py for tasks to queue
[2026-07-09T20:14:20.814+0000] {logging_mixin.py:190} INFO - [2026-07-09T20:14:20.814+0000] {dagbag.py:588} INFO - Filling up the DagBag from /opt/airflow/dags/dag_extract_catalogs.py
[2026-07-09T20:14:20.819+0000] {processor.py:925} INFO - DAG(s) 'dag_extract_catalogs' retrieved from /opt/airflow/dags/dag_extract_catalogs.py
[2026-07-09T20:14:20.835+0000] {logging_mixin.py:190} INFO - [2026-07-09T20:14:20.835+0000] {dag.py:3239} INFO - Sync 1 DAGs
[2026-07-09T20:14:20.847+0000] {logging_mixin.py:190} INFO - [2026-07-09T20:14:20.847+0000] {dag.py:4180} INFO - Setting next_dagrun for dag_extract_catalogs to 2026-07-08 01:00:00+00:00, run_after=2026-07-09 01:00:00+00:00
[2026-07-09T20:14:20.851+0000] {processor.py:208} INFO - Processing /opt/airflow/dags/dag_extract_catalogs.py took 0.042 seconds
[2026-07-09T20:14:51.337+0000] {processor.py:186} INFO - Started process (PID=15703) to work on /opt/airflow/dags/dag_extract_catalogs.py
[2026-07-09T20:14:51.337+0000] {processor.py:914} INFO - Processing file /opt/airflow/dags/dag_extract_catalogs.py for tasks to queue
[2026-07-09T20:14:51.338+0000] {logging_mixin.py:190} INFO - [2026-07-09T20:14:51.338+0000] {dagbag.py:588} INFO - Filling up the DagBag from /opt/airflow/dags/dag_extract_catalogs.py
[2026-07-09T20:14:51.343+0000] {processor.py:925} INFO - DAG(s) 'dag_extract_catalogs' retrieved from /opt/airflow/dags/dag_extract_catalogs.py
[2026-07-09T20:14:51.353+0000] {logging_mixin.py:190} INFO - [2026-07-09T20:14:51.352+0000] {dag.py:3239} INFO - Sync 1 DAGs
[2026-07-09T20:14:51.359+0000] {logging_mixin.py:190} INFO - [2026-07-09T20:14:51.359+0000] {dag.py:4180} INFO - Setting next_dagrun for dag_extract_catalogs to 2026-07-08 01:00:00+00:00, run_after=2026-07-09 01:00:00+00:00
[2026-07-09T20:14:51.364+0000] {processor.py:208} INFO - Processing /opt/airflow/dags/dag_extract_catalogs.py took 0.030 seconds
[2026-07-09T20:15:49.233+0000] {processor.py:186} INFO - Started process (PID=15723) to work on /opt/airflow/dags/dag_extract_catalogs.py
[2026-07-09T20:15:49.234+0000] {processor.py:914} INFO - Processing file /opt/airflow/dags/dag_extract_catalogs.py for tasks to queue
[2026-07-09T20:15:49.234+0000] {logging_mixin.py:190} INFO - [2026-07-09T20:15:49.234+0000] {dagbag.py:588} INFO - Filling up the DagBag from /opt/airflow/dags/dag_extract_catalogs.py
[2026-07-09T20:15:49.239+0000] {processor.py:925} INFO - DAG(s) 'dag_extract_catalogs' retrieved from /opt/airflow/dags/dag_extract_catalogs.py
[2026-07-09T20:15:49.249+0000] {logging_mixin.py:190} INFO - [2026-07-09T20:15:49.249+0000] {dag.py:3239} INFO - Sync 1 DAGs
[2026-07-09T20:15:49.256+0000] {logging_mixin.py:190} INFO - [2026-07-09T20:15:49.256+0000] {dag.py:4180} INFO - Setting next_dagrun for dag_extract_catalogs to 2026-07-08 01:00:00+00:00, run_after=2026-07-09 01:00:00+00:00
[2026-07-09T20:15:49.260+0000] {processor.py:208} INFO - Processing /opt/airflow/dags/dag_extract_catalogs.py took 0.029 seconds
[2026-07-09T20:31:18.460+0000] {processor.py:186} INFO - Started process (PID=15743) to work on /opt/airflow/dags/dag_extract_catalogs.py
[2026-07-09T20:31:18.460+0000] {processor.py:914} INFO - Processing file /opt/airflow/dags/dag_extract_catalogs.py for tasks to queue
[2026-07-09T20:31:18.461+0000] {logging_mixin.py:190} INFO - [2026-07-09T20:31:18.461+0000] {dagbag.py:588} INFO - Filling up the DagBag from /opt/airflow/dags/dag_extract_catalogs.py
[2026-07-09T20:31:18.467+0000] {processor.py:925} INFO - DAG(s) 'dag_extract_catalogs' retrieved from /opt/airflow/dags/dag_extract_catalogs.py
[2026-07-09T20:31:18.477+0000] {logging_mixin.py:190} INFO - [2026-07-09T20:31:18.477+0000] {dag.py:3239} INFO - Sync 1 DAGs
[2026-07-09T20:31:18.484+0000] {logging_mixin.py:190} INFO - [2026-07-09T20:31:18.484+0000] {dag.py:4180} INFO - Setting next_dagrun for dag_extract_catalogs to 2026-07-08 01:00:00+00:00, run_after=2026-07-09 01:00:00+00:00
[2026-07-09T20:31:18.488+0000] {processor.py:208} INFO - Processing /opt/airflow/dags/dag_extract_catalogs.py took 0.031 seconds
[2026-07-09T20:31:48.960+0000] {processor.py:186} INFO - Started process (PID=15763) to work on /opt/airflow/dags/dag_extract_catalogs.py
[2026-07-09T20:31:48.961+0000] {processor.py:914} INFO - Processing file /opt/airflow/dags/dag_extract_catalogs.py for tasks to queue
[2026-07-09T20:31:48.961+0000] {logging_mixin.py:190} INFO - [2026-07-09T20:31:48.961+0000] {dagbag.py:588} INFO - Filling up the DagBag from /opt/airflow/dags/dag_extract_catalogs.py
[2026-07-09T20:31:48.966+0000] {processor.py:925} INFO - DAG(s) 'dag_extract_catalogs' retrieved from /opt/airflow/dags/dag_extract_catalogs.py
[2026-07-09T20:31:48.977+0000] {logging_mixin.py:190} INFO - [2026-07-09T20:31:48.977+0000] {dag.py:3239} INFO - Sync 1 DAGs
[2026-07-09T20:31:48.983+0000] {logging_mixin.py:190} INFO - [2026-07-09T20:31:48.983+0000] {dag.py:4180} INFO - Setting next_dagrun for dag_extract_catalogs to 2026-07-08 01:00:00+00:00, run_after=2026-07-09 01:00:00+00:00
[2026-07-09T20:31:48.988+0000] {processor.py:208} INFO - Processing /opt/airflow/dags/dag_extract_catalogs.py took 0.030 seconds
[2026-07-09T20:47:17.318+0000] {processor.py:186} INFO - Started process (PID=15783) to work on /opt/airflow/dags/dag_extract_catalogs.py
[2026-07-09T20:47:17.318+0000] {processor.py:914} INFO - Processing file /opt/airflow/dags/dag_extract_catalogs.py for tasks to queue
[2026-07-09T20:47:17.319+0000] {logging_mixin.py:190} INFO - [2026-07-09T20:47:17.319+0000] {dagbag.py:588} INFO - Filling up the DagBag from /opt/airflow/dags/dag_extract_catalogs.py
[2026-07-09T20:47:17.324+0000] {processor.py:925} INFO - DAG(s) 'dag_extract_catalogs' retrieved from /opt/airflow/dags/dag_extract_catalogs.py
[2026-07-09T20:47:17.335+0000] {logging_mixin.py:190} INFO - [2026-07-09T20:47:17.335+0000] {dag.py:3239} INFO - Sync 1 DAGs
[2026-07-09T20:47:17.342+0000] {logging_mixin.py:190} INFO - [2026-07-09T20:47:17.342+0000] {dag.py:4180} INFO - Setting next_dagrun for dag_extract_catalogs to 2026-07-08 01:00:00+00:00, run_after=2026-07-09 01:00:00+00:00
[2026-07-09T20:47:17.347+0000] {processor.py:208} INFO - Processing /opt/airflow/dags/dag_extract_catalogs.py took 0.031 seconds
[2026-07-09T20:47:47.845+0000] {processor.py:186} INFO - Started process (PID=15803) to work on /opt/airflow/dags/dag_extract_catalogs.py
[2026-07-09T20:47:47.846+0000] {processor.py:914} INFO - Processing file /opt/airflow/dags/dag_extract_catalogs.py for tasks to queue
[2026-07-09T20:47:47.846+0000] {logging_mixin.py:190} INFO - [2026-07-09T20:47:47.846+0000] {dagbag.py:588} INFO - Filling up the DagBag from /opt/airflow/dags/dag_extract_catalogs.py
[2026-07-09T20:47:47.851+0000] {processor.py:925} INFO - DAG(s) 'dag_extract_catalogs' retrieved from /opt/airflow/dags/dag_extract_catalogs.py
[2026-07-09T20:47:47.861+0000] {logging_mixin.py:190} INFO - [2026-07-09T20:47:47.861+0000] {dag.py:3239} INFO - Sync 1 DAGs
[2026-07-09T20:47:47.868+0000] {logging_mixin.py:190} INFO - [2026-07-09T20:47:47.868+0000] {dag.py:4180} INFO - Setting next_dagrun for dag_extract_catalogs to 2026-07-08 01:00:00+00:00, run_after=2026-07-09 01:00:00+00:00
[2026-07-09T20:47:47.873+0000] {processor.py:208} INFO - Processing /opt/airflow/dags/dag_extract_catalogs.py took 0.030 seconds
[2026-07-09T21:03:15.364+0000] {processor.py:186} INFO - Started process (PID=15823) to work on /opt/airflow/dags/dag_extract_catalogs.py
[2026-07-09T21:03:15.364+0000] {processor.py:914} INFO - Processing file /opt/airflow/dags/dag_extract_catalogs.py for tasks to queue
[2026-07-09T21:03:15.365+0000] {logging_mixin.py:190} INFO - [2026-07-09T21:03:15.365+0000] {dagbag.py:588} INFO - Filling up the DagBag from /opt/airflow/dags/dag_extract_catalogs.py
[2026-07-09T21:03:15.370+0000] {processor.py:925} INFO - DAG(s) 'dag_extract_catalogs' retrieved from /opt/airflow/dags/dag_extract_catalogs.py
[2026-07-09T21:03:15.380+0000] {logging_mixin.py:190} INFO - [2026-07-09T21:03:15.380+0000] {dag.py:3239} INFO - Sync 1 DAGs
[2026-07-09T21:03:15.387+0000] {logging_mixin.py:190} INFO - [2026-07-09T21:03:15.387+0000] {dag.py:4180} INFO - Setting next_dagrun for dag_extract_catalogs to 2026-07-08 01:00:00+00:00, run_after=2026-07-09 01:00:00+00:00
[2026-07-09T21:03:15.391+0000] {processor.py:208} INFO - Processing /opt/airflow/dags/dag_extract_catalogs.py took 0.030 seconds
[2026-07-09T21:18:44.052+0000] {processor.py:186} INFO - Started process (PID=15843) to work on /opt/airflow/dags/dag_extract_catalogs.py
[2026-07-09T21:18:44.053+0000] {processor.py:914} INFO - Processing file /opt/airflow/dags/dag_extract_catalogs.py for tasks to queue
[2026-07-09T21:18:44.054+0000] {logging_mixin.py:190} INFO - [2026-07-09T21:18:44.054+0000] {dagbag.py:588} INFO - Filling up the DagBag from /opt/airflow/dags/dag_extract_catalogs.py
[2026-07-09T21:18:44.059+0000] {processor.py:925} INFO - DAG(s) 'dag_extract_catalogs' retrieved from /opt/airflow/dags/dag_extract_catalogs.py
[2026-07-09T21:18:44.071+0000] {logging_mixin.py:190} INFO - [2026-07-09T21:18:44.071+0000] {dag.py:3239} INFO - Sync 1 DAGs
[2026-07-09T21:18:44.080+0000] {logging_mixin.py:190} INFO - [2026-07-09T21:18:44.080+0000] {dag.py:4180} INFO - Setting next_dagrun for dag_extract_catalogs to 2026-07-08 01:00:00+00:00, run_after=2026-07-09 01:00:00+00:00
[2026-07-09T21:18:44.086+0000] {processor.py:208} INFO - Processing /opt/airflow/dags/dag_extract_catalogs.py took 0.037 seconds
[2026-07-09T21:19:14.575+0000] {processor.py:186} INFO - Started process (PID=15863) to work on /opt/airflow/dags/dag_extract_catalogs.py
[2026-07-09T21:19:14.575+0000] {processor.py:914} INFO - Processing file /opt/airflow/dags/dag_extract_catalogs.py for tasks to queue
[2026-07-09T21:19:14.576+0000] {logging_mixin.py:190} INFO - [2026-07-09T21:19:14.576+0000] {dagbag.py:588} INFO - Filling up the DagBag from /opt/airflow/dags/dag_extract_catalogs.py
[2026-07-09T21:19:14.581+0000] {processor.py:925} INFO - DAG(s) 'dag_extract_catalogs' retrieved from /opt/airflow/dags/dag_extract_catalogs.py
[2026-07-09T21:19:14.592+0000] {logging_mixin.py:190} INFO - [2026-07-09T21:19:14.592+0000] {dag.py:3239} INFO - Sync 1 DAGs
[2026-07-09T21:19:14.598+0000] {logging_mixin.py:190} INFO - [2026-07-09T21:19:14.598+0000] {dag.py:4180} INFO - Setting next_dagrun for dag_extract_catalogs to 2026-07-08 01:00:00+00:00, run_after=2026-07-09 01:00:00+00:00
[2026-07-09T21:19:14.603+0000] {processor.py:208} INFO - Processing /opt/airflow/dags/dag_extract_catalogs.py took 0.030 seconds
[2026-07-09T21:19:45.060+0000] {processor.py:186} INFO - Started process (PID=15883) to work on /opt/airflow/dags/dag_extract_catalogs.py
[2026-07-09T21:19:45.061+0000] {processor.py:914} INFO - Processing file /opt/airflow/dags/dag_extract_catalogs.py for tasks to queue
[2026-07-09T21:19:45.062+0000] {logging_mixin.py:190} INFO - [2026-07-09T21:19:45.062+0000] {dagbag.py:588} INFO - Filling up the DagBag from /opt/airflow/dags/dag_extract_catalogs.py
[2026-07-09T21:19:45.067+0000] {processor.py:925} INFO - DAG(s) 'dag_extract_catalogs' retrieved from /opt/airflow/dags/dag_extract_catalogs.py
[2026-07-09T21:19:45.077+0000] {logging_mixin.py:190} INFO - [2026-07-09T21:19:45.077+0000] {dag.py:3239} INFO - Sync 1 DAGs
[2026-07-09T21:19:45.084+0000] {logging_mixin.py:190} INFO - [2026-07-09T21:19:45.084+0000] {dag.py:4180} INFO - Setting next_dagrun for dag_extract_catalogs to 2026-07-08 01:00:00+00:00, run_after=2026-07-09 01:00:00+00:00
[2026-07-09T21:19:45.088+0000] {processor.py:208} INFO - Processing /opt/airflow/dags/dag_extract_catalogs.py took 0.030 seconds
[2026-07-09T21:20:15.489+0000] {processor.py:186} INFO - Started process (PID=15903) to work on /opt/airflow/dags/dag_extract_catalogs.py
[2026-07-09T21:20:15.490+0000] {processor.py:914} INFO - Processing file /opt/airflow/dags/dag_extract_catalogs.py for tasks to queue
[2026-07-09T21:20:15.491+0000] {logging_mixin.py:190} INFO - [2026-07-09T21:20:15.490+0000] {dagbag.py:588} INFO - Filling up the DagBag from /opt/airflow/dags/dag_extract_catalogs.py
[2026-07-09T21:20:15.496+0000] {processor.py:925} INFO - DAG(s) 'dag_extract_catalogs' retrieved from /opt/airflow/dags/dag_extract_catalogs.py
[2026-07-09T21:20:15.506+0000] {logging_mixin.py:190} INFO - [2026-07-09T21:20:15.506+0000] {dag.py:3239} INFO - Sync 1 DAGs
[2026-07-09T21:20:15.513+0000] {logging_mixin.py:190} INFO - [2026-07-09T21:20:15.513+0000] {dag.py:4180} INFO - Setting next_dagrun for dag_extract_catalogs to 2026-07-08 01:00:00+00:00, run_after=2026-07-09 01:00:00+00:00
[2026-07-09T21:20:15.518+0000] {processor.py:208} INFO - Processing /opt/airflow/dags/dag_extract_catalogs.py took 0.031 seconds
[2026-07-09T21:20:46.028+0000] {processor.py:186} INFO - Started process (PID=15923) to work on /opt/airflow/dags/dag_extract_catalogs.py
[2026-07-09T21:20:46.028+0000] {processor.py:914} INFO - Processing file /opt/airflow/dags/dag_extract_catalogs.py for tasks to queue
[2026-07-09T21:20:46.029+0000] {logging_mixin.py:190} INFO - [2026-07-09T21:20:46.029+0000] {dagbag.py:588} INFO - Filling up the DagBag from /opt/airflow/dags/dag_extract_catalogs.py
[2026-07-09T21:20:46.034+0000] {processor.py:925} INFO - DAG(s) 'dag_extract_catalogs' retrieved from /opt/airflow/dags/dag_extract_catalogs.py
[2026-07-09T21:20:46.044+0000] {logging_mixin.py:190} INFO - [2026-07-09T21:20:46.043+0000] {dag.py:3239} INFO - Sync 1 DAGs
[2026-07-09T21:20:46.050+0000] {logging_mixin.py:190} INFO - [2026-07-09T21:20:46.050+0000] {dag.py:4180} INFO - Setting next_dagrun for dag_extract_catalogs to 2026-07-08 01:00:00+00:00, run_after=2026-07-09 01:00:00+00:00
[2026-07-09T21:20:46.055+0000] {processor.py:208} INFO - Processing /opt/airflow/dags/dag_extract_catalogs.py took 0.030 seconds
[2026-07-09T21:21:16.483+0000] {processor.py:186} INFO - Started process (PID=15941) to work on /opt/airflow/dags/dag_extract_catalogs.py
[2026-07-09T21:21:16.484+0000] {processor.py:914} INFO - Processing file /opt/airflow/dags/dag_extract_catalogs.py for tasks to queue
[2026-07-09T21:21:16.486+0000] {logging_mixin.py:190} INFO - [2026-07-09T21:21:16.486+0000] {dagbag.py:588} INFO - Filling up the DagBag from /opt/airflow/dags/dag_extract_catalogs.py
[2026-07-09T21:21:16.492+0000] {processor.py:925} INFO - DAG(s) 'dag_extract_catalogs' retrieved from /opt/airflow/dags/dag_extract_catalogs.py
[2026-07-09T21:21:16.504+0000] {logging_mixin.py:190} INFO - [2026-07-09T21:21:16.504+0000] {dag.py:3239} INFO - Sync 1 DAGs
[2026-07-09T21:21:16.512+0000] {logging_mixin.py:190} INFO - [2026-07-09T21:21:16.512+0000] {dag.py:4180} INFO - Setting next_dagrun for dag_extract_catalogs to 2026-07-08 01:00:00+00:00, run_after=2026-07-09 01:00:00+00:00
[2026-07-09T21:21:16.519+0000] {processor.py:208} INFO - Processing /opt/airflow/dags/dag_extract_catalogs.py took 0.039 seconds
[2026-07-09T21:21:47.017+0000] {processor.py:186} INFO - Started process (PID=15963) to work on /opt/airflow/dags/dag_extract_catalogs.py
[2026-07-09T21:21:47.018+0000] {processor.py:914} INFO - Processing file /opt/airflow/dags/dag_extract_catalogs.py for tasks to queue
[2026-07-09T21:21:47.019+0000] {logging_mixin.py:190} INFO - [2026-07-09T21:21:47.019+0000] {dagbag.py:588} INFO - Filling up the DagBag from /opt/airflow/dags/dag_extract_catalogs.py
[2026-07-09T21:21:47.023+0000] {processor.py:925} INFO - DAG(s) 'dag_extract_catalogs' retrieved from /opt/airflow/dags/dag_extract_catalogs.py
[2026-07-09T21:21:47.033+0000] {logging_mixin.py:190} INFO - [2026-07-09T21:21:47.033+0000] {dag.py:3239} INFO - Sync 1 DAGs
[2026-07-09T21:21:47.040+0000] {logging_mixin.py:190} INFO - [2026-07-09T21:21:47.040+0000] {dag.py:4180} INFO - Setting next_dagrun for dag_extract_catalogs to 2026-07-08 01:00:00+00:00, run_after=2026-07-09 01:00:00+00:00
[2026-07-09T21:21:47.045+0000] {processor.py:208} INFO - Processing /opt/airflow/dags/dag_extract_catalogs.py took 0.030 seconds
[2026-07-09T21:22:17.483+0000] {processor.py:186} INFO - Started process (PID=15983) to work on /opt/airflow/dags/dag_extract_catalogs.py
[2026-07-09T21:22:17.483+0000] {processor.py:914} INFO - Processing file /opt/airflow/dags/dag_extract_catalogs.py for tasks to queue
[2026-07-09T21:22:17.484+0000] {logging_mixin.py:190} INFO - [2026-07-09T21:22:17.484+0000] {dagbag.py:588} INFO - Filling up the DagBag from /opt/airflow/dags/dag_extract_catalogs.py
[2026-07-09T21:22:17.489+0000] {processor.py:925} INFO - DAG(s) 'dag_extract_catalogs' retrieved from /opt/airflow/dags/dag_extract_catalogs.py
[2026-07-09T21:22:17.499+0000] {logging_mixin.py:190} INFO - [2026-07-09T21:22:17.499+0000] {dag.py:3239} INFO - Sync 1 DAGs
[2026-07-09T21:22:17.506+0000] {logging_mixin.py:190} INFO - [2026-07-09T21:22:17.506+0000] {dag.py:4180} INFO - Setting next_dagrun for dag_extract_catalogs to 2026-07-08 01:00:00+00:00, run_after=2026-07-09 01:00:00+00:00
[2026-07-09T21:22:17.510+0000] {processor.py:208} INFO - Processing /opt/airflow/dags/dag_extract_catalogs.py took 0.030 seconds
[2026-07-09T21:22:48.021+0000] {processor.py:186} INFO - Started process (PID=16003) to work on /opt/airflow/dags/dag_extract_catalogs.py
[2026-07-09T21:22:48.022+0000] {processor.py:914} INFO - Processing file /opt/airflow/dags/dag_extract_catalogs.py for tasks to queue
[2026-07-09T21:22:48.022+0000] {logging_mixin.py:190} INFO - [2026-07-09T21:22:48.022+0000] {dagbag.py:588} INFO - Filling up the DagBag from /opt/airflow/dags/dag_extract_catalogs.py
[2026-07-09T21:22:48.027+0000] {processor.py:925} INFO - DAG(s) 'dag_extract_catalogs' retrieved from /opt/airflow/dags/dag_extract_catalogs.py
[2026-07-09T21:22:48.037+0000] {logging_mixin.py:190} INFO - [2026-07-09T21:22:48.037+0000] {dag.py:3239} INFO - Sync 1 DAGs
[2026-07-09T21:22:48.044+0000] {logging_mixin.py:190} INFO - [2026-07-09T21:22:48.044+0000] {dag.py:4180} INFO - Setting next_dagrun for dag_extract_catalogs to 2026-07-08 01:00:00+00:00, run_after=2026-07-09 01:00:00+00:00
[2026-07-09T21:22:48.049+0000] {processor.py:208} INFO - Processing /opt/airflow/dags/dag_extract_catalogs.py took 0.030 seconds
[2026-07-09T21:23:18.482+0000] {processor.py:186} INFO - Started process (PID=16023) to work on /opt/airflow/dags/dag_extract_catalogs.py
[2026-07-09T21:23:18.482+0000] {processor.py:914} INFO - Processing file /opt/airflow/dags/dag_extract_catalogs.py for tasks to queue
[2026-07-09T21:23:18.483+0000] {logging_mixin.py:190} INFO - [2026-07-09T21:23:18.483+0000] {dagbag.py:588} INFO - Filling up the DagBag from /opt/airflow/dags/dag_extract_catalogs.py
[2026-07-09T21:23:18.488+0000] {processor.py:925} INFO - DAG(s) 'dag_extract_catalogs' retrieved from /opt/airflow/dags/dag_extract_catalogs.py
[2026-07-09T21:23:18.498+0000] {logging_mixin.py:190} INFO - [2026-07-09T21:23:18.498+0000] {dag.py:3239} INFO - Sync 1 DAGs
[2026-07-09T21:23:18.506+0000] {logging_mixin.py:190} INFO - [2026-07-09T21:23:18.506+0000] {dag.py:4180} INFO - Setting next_dagrun for dag_extract_catalogs to 2026-07-08 01:00:00+00:00, run_after=2026-07-09 01:00:00+00:00
[2026-07-09T21:23:18.511+0000] {processor.py:208} INFO - Processing /opt/airflow/dags/dag_extract_catalogs.py took 0.033 seconds
[2026-07-09T21:23:48.973+0000] {processor.py:186} INFO - Started process (PID=16043) to work on /opt/airflow/dags/dag_extract_catalogs.py
[2026-07-09T21:23:48.974+0000] {processor.py:914} INFO - Processing file /opt/airflow/dags/dag_extract_catalogs.py for tasks to queue
[2026-07-09T21:23:48.975+0000] {logging_mixin.py:190} INFO - [2026-07-09T21:23:48.974+0000] {dagbag.py:588} INFO - Filling up the DagBag from /opt/airflow/dags/dag_extract_catalogs.py
[2026-07-09T21:23:48.980+0000] {processor.py:925} INFO - DAG(s) 'dag_extract_catalogs' retrieved from /opt/airflow/dags/dag_extract_catalogs.py
[2026-07-09T21:23:48.990+0000] {logging_mixin.py:190} INFO - [2026-07-09T21:23:48.990+0000] {dag.py:3239} INFO - Sync 1 DAGs
[2026-07-09T21:23:48.997+0000] {logging_mixin.py:190} INFO - [2026-07-09T21:23:48.997+0000] {dag.py:4180} INFO - Setting next_dagrun for dag_extract_catalogs to 2026-07-08 01:00:00+00:00, run_after=2026-07-09 01:00:00+00:00
[2026-07-09T21:23:49.001+0000] {processor.py:208} INFO - Processing /opt/airflow/dags/dag_extract_catalogs.py took 0.031 seconds
[2026-07-09T21:24:19.450+0000] {processor.py:186} INFO - Started process (PID=16063) to work on /opt/airflow/dags/dag_extract_catalogs.py
[2026-07-09T21:24:19.450+0000] {processor.py:914} INFO - Processing file /opt/airflow/dags/dag_extract_catalogs.py for tasks to queue
[2026-07-09T21:24:19.451+0000] {logging_mixin.py:190} INFO - [2026-07-09T21:24:19.451+0000] {dagbag.py:588} INFO - Filling up the DagBag from /opt/airflow/dags/dag_extract_catalogs.py
[2026-07-09T21:24:19.456+0000] {processor.py:925} INFO - DAG(s) 'dag_extract_catalogs' retrieved from /opt/airflow/dags/dag_extract_catalogs.py
[2026-07-09T21:24:19.465+0000] {logging_mixin.py:190} INFO - [2026-07-09T21:24:19.465+0000] {dag.py:3239} INFO - Sync 1 DAGs
[2026-07-09T21:24:19.472+0000] {logging_mixin.py:190} INFO - [2026-07-09T21:24:19.472+0000] {dag.py:4180} INFO - Setting next_dagrun for dag_extract_catalogs to 2026-07-08 01:00:00+00:00, run_after=2026-07-09 01:00:00+00:00
[2026-07-09T21:24:19.477+0000] {processor.py:208} INFO - Processing /opt/airflow/dags/dag_extract_catalogs.py took 0.029 seconds
[2026-07-09T21:28:59.474+0000] {processor.py:186} INFO - Started process (PID=16083) to work on /opt/airflow/dags/dag_extract_catalogs.py
[2026-07-09T21:28:59.475+0000] {processor.py:914} INFO - Processing file /opt/airflow/dags/dag_extract_catalogs.py for tasks to queue
[2026-07-09T21:28:59.476+0000] {logging_mixin.py:190} INFO - [2026-07-09T21:28:59.475+0000] {dagbag.py:588} INFO - Filling up the DagBag from /opt/airflow/dags/dag_extract_catalogs.py
[2026-07-09T21:28:59.480+0000] {processor.py:925} INFO - DAG(s) 'dag_extract_catalogs' retrieved from /opt/airflow/dags/dag_extract_catalogs.py
[2026-07-09T21:28:59.490+0000] {logging_mixin.py:190} INFO - [2026-07-09T21:28:59.490+0000] {dag.py:3239} INFO - Sync 1 DAGs
[2026-07-09T21:28:59.497+0000] {logging_mixin.py:190} INFO - [2026-07-09T21:28:59.497+0000] {dag.py:4180} INFO - Setting next_dagrun for dag_extract_catalogs to 2026-07-08 01:00:00+00:00, run_after=2026-07-09 01:00:00+00:00
[2026-07-09T21:28:59.502+0000] {processor.py:208} INFO - Processing /opt/airflow/dags/dag_extract_catalogs.py took 0.030 seconds
[2026-07-09T21:29:29.940+0000] {processor.py:186} INFO - Started process (PID=16101) to work on /opt/airflow/dags/dag_extract_catalogs.py
[2026-07-09T21:29:29.941+0000] {processor.py:914} INFO - Processing file /opt/airflow/dags/dag_extract_catalogs.py for tasks to queue
[2026-07-09T21:29:29.942+0000] {logging_mixin.py:190} INFO - [2026-07-09T21:29:29.942+0000] {dagbag.py:588} INFO - Filling up the DagBag from /opt/airflow/dags/dag_extract_catalogs.py
[2026-07-09T21:29:29.952+0000] {processor.py:925} INFO - DAG(s) 'dag_extract_catalogs' retrieved from /opt/airflow/dags/dag_extract_catalogs.py
[2026-07-09T21:29:29.966+0000] {logging_mixin.py:190} INFO - [2026-07-09T21:29:29.966+0000] {dag.py:3239} INFO - Sync 1 DAGs
[2026-07-09T21:29:29.975+0000] {logging_mixin.py:190} INFO - [2026-07-09T21:29:29.975+0000] {dag.py:4180} INFO - Setting next_dagrun for dag_extract_catalogs to 2026-07-08 01:00:00+00:00, run_after=2026-07-09 01:00:00+00:00
[2026-07-09T21:29:29.980+0000] {processor.py:208} INFO - Processing /opt/airflow/dags/dag_extract_catalogs.py took 0.043 seconds
[2026-07-09T21:34:12.480+0000] {processor.py:186} INFO - Started process (PID=16121) to work on /opt/airflow/dags/dag_extract_catalogs.py
[2026-07-09T21:34:12.480+0000] {processor.py:914} INFO - Processing file /opt/airflow/dags/dag_extract_catalogs.py for tasks to queue
[2026-07-09T21:34:12.481+0000] {logging_mixin.py:190} INFO - [2026-07-09T21:34:12.481+0000] {dagbag.py:588} INFO - Filling up the DagBag from /opt/airflow/dags/dag_extract_catalogs.py
[2026-07-09T21:34:12.487+0000] {processor.py:925} INFO - DAG(s) 'dag_extract_catalogs' retrieved from /opt/airflow/dags/dag_extract_catalogs.py
[2026-07-09T21:34:12.500+0000] {logging_mixin.py:190} INFO - [2026-07-09T21:34:12.499+0000] {dag.py:3239} INFO - Sync 1 DAGs
[2026-07-09T21:34:12.507+0000] {logging_mixin.py:190} INFO - [2026-07-09T21:34:12.507+0000] {dag.py:4180} INFO - Setting next_dagrun for dag_extract_catalogs to 2026-07-08 01:00:00+00:00, run_after=2026-07-09 01:00:00+00:00
[2026-07-09T21:34:12.514+0000] {processor.py:208} INFO - Processing /opt/airflow/dags/dag_extract_catalogs.py took 0.037 seconds
[2026-07-09T21:38:56.201+0000] {processor.py:186} INFO - Started process (PID=16143) to work on /opt/airflow/dags/dag_extract_catalogs.py
[2026-07-09T21:38:56.201+0000] {processor.py:914} INFO - Processing file /opt/airflow/dags/dag_extract_catalogs.py for tasks to queue
[2026-07-09T21:38:56.202+0000] {logging_mixin.py:190} INFO - [2026-07-09T21:38:56.202+0000] {dagbag.py:588} INFO - Filling up the DagBag from /opt/airflow/dags/dag_extract_catalogs.py
[2026-07-09T21:38:56.207+0000] {processor.py:925} INFO - DAG(s) 'dag_extract_catalogs' retrieved from /opt/airflow/dags/dag_extract_catalogs.py
[2026-07-09T21:38:56.217+0000] {logging_mixin.py:190} INFO - [2026-07-09T21:38:56.217+0000] {dag.py:3239} INFO - Sync 1 DAGs
[2026-07-09T21:38:56.224+0000] {logging_mixin.py:190} INFO - [2026-07-09T21:38:56.224+0000] {dag.py:4180} INFO - Setting next_dagrun for dag_extract_catalogs to 2026-07-08 01:00:00+00:00, run_after=2026-07-09 01:00:00+00:00
[2026-07-09T21:38:56.229+0000] {processor.py:208} INFO - Processing /opt/airflow/dags/dag_extract_catalogs.py took 0.030 seconds
[2026-07-09T21:39:26.708+0000] {processor.py:186} INFO - Started process (PID=16161) to work on /opt/airflow/dags/dag_extract_catalogs.py
[2026-07-09T21:39:26.709+0000] {processor.py:914} INFO - Processing file /opt/airflow/dags/dag_extract_catalogs.py for tasks to queue
[2026-07-09T21:39:26.710+0000] {logging_mixin.py:190} INFO - [2026-07-09T21:39:26.710+0000] {dagbag.py:588} INFO - Filling up the DagBag from /opt/airflow/dags/dag_extract_catalogs.py
[2026-07-09T21:39:26.716+0000] {processor.py:925} INFO - DAG(s) 'dag_extract_catalogs' retrieved from /opt/airflow/dags/dag_extract_catalogs.py
[2026-07-09T21:39:26.729+0000] {logging_mixin.py:190} INFO - [2026-07-09T21:39:26.729+0000] {dag.py:3239} INFO - Sync 1 DAGs
[2026-07-09T21:39:26.736+0000] {logging_mixin.py:190} INFO - [2026-07-09T21:39:26.736+0000] {dag.py:4180} INFO - Setting next_dagrun for dag_extract_catalogs to 2026-07-08 01:00:00+00:00, run_after=2026-07-09 01:00:00+00:00
[2026-07-09T21:39:26.743+0000] {processor.py:208} INFO - Processing /opt/airflow/dags/dag_extract_catalogs.py took 0.037 seconds
[2026-07-09T21:47:47.247+0000] {processor.py:186} INFO - Started process (PID=16181) to work on /opt/airflow/dags/dag_extract_catalogs.py
[2026-07-09T21:47:47.248+0000] {processor.py:914} INFO - Processing file /opt/airflow/dags/dag_extract_catalogs.py for tasks to queue
[2026-07-09T21:47:47.249+0000] {logging_mixin.py:190} INFO - [2026-07-09T21:47:47.249+0000] {dagbag.py:588} INFO - Filling up the DagBag from /opt/airflow/dags/dag_extract_catalogs.py
[2026-07-09T21:47:47.254+0000] {processor.py:925} INFO - DAG(s) 'dag_extract_catalogs' retrieved from /opt/airflow/dags/dag_extract_catalogs.py
[2026-07-09T21:47:47.268+0000] {logging_mixin.py:190} INFO - [2026-07-09T21:47:47.268+0000] {dag.py:3239} INFO - Sync 1 DAGs
[2026-07-09T21:47:47.275+0000] {logging_mixin.py:190} INFO - [2026-07-09T21:47:47.275+0000] {dag.py:4180} INFO - Setting next_dagrun for dag_extract_catalogs to 2026-07-08 01:00:00+00:00, run_after=2026-07-09 01:00:00+00:00
[2026-07-09T21:47:47.283+0000] {processor.py:208} INFO - Processing /opt/airflow/dags/dag_extract_catalogs.py took 0.039 seconds
[2026-07-09T22:05:00.520+0000] {processor.py:186} INFO - Started process (PID=16203) to work on /opt/airflow/dags/dag_extract_catalogs.py
[2026-07-09T22:05:00.520+0000] {processor.py:914} INFO - Processing file /opt/airflow/dags/dag_extract_catalogs.py for tasks to queue
[2026-07-09T22:05:00.521+0000] {logging_mixin.py:190} INFO - [2026-07-09T22:05:00.521+0000] {dagbag.py:588} INFO - Filling up the DagBag from /opt/airflow/dags/dag_extract_catalogs.py
[2026-07-09T22:05:00.526+0000] {processor.py:925} INFO - DAG(s) 'dag_extract_catalogs' retrieved from /opt/airflow/dags/dag_extract_catalogs.py
[2026-07-09T22:05:00.536+0000] {logging_mixin.py:190} INFO - [2026-07-09T22:05:00.536+0000] {dag.py:3239} INFO - Sync 1 DAGs
[2026-07-09T22:05:00.543+0000] {logging_mixin.py:190} INFO - [2026-07-09T22:05:00.543+0000] {dag.py:4180} INFO - Setting next_dagrun for dag_extract_catalogs to 2026-07-08 01:00:00+00:00, run_after=2026-07-09 01:00:00+00:00
[2026-07-09T22:05:00.547+0000] {processor.py:208} INFO - Processing /opt/airflow/dags/dag_extract_catalogs.py took 0.031 seconds
[2026-07-09T22:05:31.041+0000] {processor.py:186} INFO - Started process (PID=16223) to work on /opt/airflow/dags/dag_extract_catalogs.py
[2026-07-09T22:05:31.042+0000] {processor.py:914} INFO - Processing file /opt/airflow/dags/dag_extract_catalogs.py for tasks to queue
[2026-07-09T22:05:31.043+0000] {logging_mixin.py:190} INFO - [2026-07-09T22:05:31.042+0000] {dagbag.py:588} INFO - Filling up the DagBag from /opt/airflow/dags/dag_extract_catalogs.py
[2026-07-09T22:05:31.047+0000] {processor.py:925} INFO - DAG(s) 'dag_extract_catalogs' retrieved from /opt/airflow/dags/dag_extract_catalogs.py
[2026-07-09T22:05:31.057+0000] {logging_mixin.py:190} INFO - [2026-07-09T22:05:31.057+0000] {dag.py:3239} INFO - Sync 1 DAGs
[2026-07-09T22:05:31.064+0000] {logging_mixin.py:190} INFO - [2026-07-09T22:05:31.064+0000] {dag.py:4180} INFO - Setting next_dagrun for dag_extract_catalogs to 2026-07-08 01:00:00+00:00, run_after=2026-07-09 01:00:00+00:00
[2026-07-09T22:05:31.069+0000] {processor.py:208} INFO - Processing /opt/airflow/dags/dag_extract_catalogs.py took 0.030 seconds
[2026-07-09T22:21:42.193+0000] {processor.py:186} INFO - Started process (PID=16241) to work on /opt/airflow/dags/dag_extract_catalogs.py
[2026-07-09T22:21:42.194+0000] {processor.py:914} INFO - Processing file /opt/airflow/dags/dag_extract_catalogs.py for tasks to queue
[2026-07-09T22:21:42.195+0000] {logging_mixin.py:190} INFO - [2026-07-09T22:21:42.195+0000] {dagbag.py:588} INFO - Filling up the DagBag from /opt/airflow/dags/dag_extract_catalogs.py
[2026-07-09T22:21:42.201+0000] {processor.py:925} INFO - DAG(s) 'dag_extract_catalogs' retrieved from /opt/airflow/dags/dag_extract_catalogs.py
[2026-07-09T22:21:42.214+0000] {logging_mixin.py:190} INFO - [2026-07-09T22:21:42.214+0000] {dag.py:3239} INFO - Sync 1 DAGs
[2026-07-09T22:21:42.223+0000] {logging_mixin.py:190} INFO - [2026-07-09T22:21:42.222+0000] {dag.py:4180} INFO - Setting next_dagrun for dag_extract_catalogs to 2026-07-08 01:00:00+00:00, run_after=2026-07-09 01:00:00+00:00
[2026-07-09T22:21:42.231+0000] {processor.py:208} INFO - Processing /opt/airflow/dags/dag_extract_catalogs.py took 0.042 seconds
[2026-07-09T22:37:25.775+0000] {processor.py:186} INFO - Started process (PID=16263) to work on /opt/airflow/dags/dag_extract_catalogs.py
[2026-07-09T22:37:25.775+0000] {processor.py:914} INFO - Processing file /opt/airflow/dags/dag_extract_catalogs.py for tasks to queue
[2026-07-09T22:37:25.776+0000] {logging_mixin.py:190} INFO - [2026-07-09T22:37:25.776+0000] {dagbag.py:588} INFO - Filling up the DagBag from /opt/airflow/dags/dag_extract_catalogs.py
[2026-07-09T22:37:25.781+0000] {processor.py:925} INFO - DAG(s) 'dag_extract_catalogs' retrieved from /opt/airflow/dags/dag_extract_catalogs.py
[2026-07-09T22:37:25.790+0000] {logging_mixin.py:190} INFO - [2026-07-09T22:37:25.790+0000] {dag.py:3239} INFO - Sync 1 DAGs
[2026-07-09T22:37:25.798+0000] {logging_mixin.py:190} INFO - [2026-07-09T22:37:25.798+0000] {dag.py:4180} INFO - Setting next_dagrun for dag_extract_catalogs to 2026-07-08 01:00:00+00:00, run_after=2026-07-09 01:00:00+00:00
[2026-07-09T22:37:25.802+0000] {processor.py:208} INFO - Processing /opt/airflow/dags/dag_extract_catalogs.py took 0.030 seconds
[2026-07-09T22:37:56.246+0000] {processor.py:186} INFO - Started process (PID=16283) to work on /opt/airflow/dags/dag_extract_catalogs.py
[2026-07-09T22:37:56.246+0000] {processor.py:914} INFO - Processing file /opt/airflow/dags/dag_extract_catalogs.py for tasks to queue
[2026-07-09T22:37:56.247+0000] {logging_mixin.py:190} INFO - [2026-07-09T22:37:56.247+0000] {dagbag.py:588} INFO - Filling up the DagBag from /opt/airflow/dags/dag_extract_catalogs.py
[2026-07-09T22:37:56.251+0000] {processor.py:925} INFO - DAG(s) 'dag_extract_catalogs' retrieved from /opt/airflow/dags/dag_extract_catalogs.py
[2026-07-09T22:37:56.261+0000] {logging_mixin.py:190} INFO - [2026-07-09T22:37:56.261+0000] {dag.py:3239} INFO - Sync 1 DAGs
[2026-07-09T22:37:56.268+0000] {logging_mixin.py:190} INFO - [2026-07-09T22:37:56.268+0000] {dag.py:4180} INFO - Setting next_dagrun for dag_extract_catalogs to 2026-07-08 01:00:00+00:00, run_after=2026-07-09 01:00:00+00:00
[2026-07-09T22:37:56.273+0000] {processor.py:208} INFO - Processing /opt/airflow/dags/dag_extract_catalogs.py took 0.030 seconds
[2026-07-09T22:38:26.710+0000] {processor.py:186} INFO - Started process (PID=16303) to work on /opt/airflow/dags/dag_extract_catalogs.py
[2026-07-09T22:38:26.710+0000] {processor.py:914} INFO - Processing file /opt/airflow/dags/dag_extract_catalogs.py for tasks to queue
[2026-07-09T22:38:26.711+0000] {logging_mixin.py:190} INFO - [2026-07-09T22:38:26.711+0000] {dagbag.py:588} INFO - Filling up the DagBag from /opt/airflow/dags/dag_extract_catalogs.py
[2026-07-09T22:38:26.716+0000] {processor.py:925} INFO - DAG(s) 'dag_extract_catalogs' retrieved from /opt/airflow/dags/dag_extract_catalogs.py
[2026-07-09T22:38:26.725+0000] {logging_mixin.py:190} INFO - [2026-07-09T22:38:26.725+0000] {dag.py:3239} INFO - Sync 1 DAGs
[2026-07-09T22:38:26.732+0000] {logging_mixin.py:190} INFO - [2026-07-09T22:38:26.732+0000] {dag.py:4180} INFO - Setting next_dagrun for dag_extract_catalogs to 2026-07-08 01:00:00+00:00, run_after=2026-07-09 01:00:00+00:00
[2026-07-09T22:38:26.737+0000] {processor.py:208} INFO - Processing /opt/airflow/dags/dag_extract_catalogs.py took 0.030 seconds
[2026-07-09T22:38:57.121+0000] {processor.py:186} INFO - Started process (PID=16323) to work on /opt/airflow/dags/dag_extract_catalogs.py
[2026-07-09T22:38:57.121+0000] {processor.py:914} INFO - Processing file /opt/airflow/dags/dag_extract_catalogs.py for tasks to queue
[2026-07-09T22:38:57.122+0000] {logging_mixin.py:190} INFO - [2026-07-09T22:38:57.122+0000] {dagbag.py:588} INFO - Filling up the DagBag from /opt/airflow/dags/dag_extract_catalogs.py
[2026-07-09T22:38:57.127+0000] {processor.py:925} INFO - DAG(s) 'dag_extract_catalogs' retrieved from /opt/airflow/dags/dag_extract_catalogs.py
[2026-07-09T22:38:57.137+0000] {logging_mixin.py:190} INFO - [2026-07-09T22:38:57.137+0000] {dag.py:3239} INFO - Sync 1 DAGs
[2026-07-09T22:38:57.144+0000] {logging_mixin.py:190} INFO - [2026-07-09T22:38:57.144+0000] {dag.py:4180} INFO - Setting next_dagrun for dag_extract_catalogs to 2026-07-08 01:00:00+00:00, run_after=2026-07-09 01:00:00+00:00
[2026-07-09T22:38:57.149+0000] {processor.py:208} INFO - Processing /opt/airflow/dags/dag_extract_catalogs.py took 0.030 seconds
[2026-07-09T22:39:35.189+0000] {processor.py:186} INFO - Started process (PID=16343) to work on /opt/airflow/dags/dag_extract_catalogs.py
[2026-07-09T22:39:35.189+0000] {processor.py:914} INFO - Processing file /opt/airflow/dags/dag_extract_catalogs.py for tasks to queue
[2026-07-09T22:39:35.190+0000] {logging_mixin.py:190} INFO - [2026-07-09T22:39:35.190+0000] {dagbag.py:588} INFO - Filling up the DagBag from /opt/airflow/dags/dag_extract_catalogs.py
[2026-07-09T22:39:35.194+0000] {processor.py:925} INFO - DAG(s) 'dag_extract_catalogs' retrieved from /opt/airflow/dags/dag_extract_catalogs.py
[2026-07-09T22:39:35.204+0000] {logging_mixin.py:190} INFO - [2026-07-09T22:39:35.204+0000] {dag.py:3239} INFO - Sync 1 DAGs
[2026-07-09T22:39:35.211+0000] {logging_mixin.py:190} INFO - [2026-07-09T22:39:35.211+0000] {dag.py:4180} INFO - Setting next_dagrun for dag_extract_catalogs to 2026-07-08 01:00:00+00:00, run_after=2026-07-09 01:00:00+00:00
[2026-07-09T22:39:35.216+0000] {processor.py:208} INFO - Processing /opt/airflow/dags/dag_extract_catalogs.py took 0.030 seconds
[2026-07-09T22:40:05.716+0000] {processor.py:186} INFO - Started process (PID=16363) to work on /opt/airflow/dags/dag_extract_catalogs.py
[2026-07-09T22:40:05.716+0000] {processor.py:914} INFO - Processing file /opt/airflow/dags/dag_extract_catalogs.py for tasks to queue
[2026-07-09T22:40:05.717+0000] {logging_mixin.py:190} INFO - [2026-07-09T22:40:05.716+0000] {dagbag.py:588} INFO - Filling up the DagBag from /opt/airflow/dags/dag_extract_catalogs.py
[2026-07-09T22:40:05.721+0000] {processor.py:925} INFO - DAG(s) 'dag_extract_catalogs' retrieved from /opt/airflow/dags/dag_extract_catalogs.py
[2026-07-09T22:40:05.731+0000] {logging_mixin.py:190} INFO - [2026-07-09T22:40:05.731+0000] {dag.py:3239} INFO - Sync 1 DAGs
[2026-07-09T22:40:05.738+0000] {logging_mixin.py:190} INFO - [2026-07-09T22:40:05.738+0000] {dag.py:4180} INFO - Setting next_dagrun for dag_extract_catalogs to 2026-07-08 01:00:00+00:00, run_after=2026-07-09 01:00:00+00:00
[2026-07-09T22:40:05.743+0000] {processor.py:208} INFO - Processing /opt/airflow/dags/dag_extract_catalogs.py took 0.030 seconds
[2026-07-09T22:40:36.943+0000] {processor.py:186} INFO - Started process (PID=16381) to work on /opt/airflow/dags/dag_extract_catalogs.py
[2026-07-09T22:40:36.944+0000] {processor.py:914} INFO - Processing file /opt/airflow/dags/dag_extract_catalogs.py for tasks to queue
[2026-07-09T22:40:36.945+0000] {logging_mixin.py:190} INFO - [2026-07-09T22:40:36.945+0000] {dagbag.py:588} INFO - Filling up the DagBag from /opt/airflow/dags/dag_extract_catalogs.py
[2026-07-09T22:40:36.952+0000] {processor.py:925} INFO - DAG(s) 'dag_extract_catalogs' retrieved from /opt/airflow/dags/dag_extract_catalogs.py
[2026-07-09T22:40:36.966+0000] {logging_mixin.py:190} INFO - [2026-07-09T22:40:36.966+0000] {dag.py:3239} INFO - Sync 1 DAGs
[2026-07-09T22:40:36.976+0000] {logging_mixin.py:190} INFO - [2026-07-09T22:40:36.976+0000] {dag.py:4180} INFO - Setting next_dagrun for dag_extract_catalogs to 2026-07-08 01:00:00+00:00, run_after=2026-07-09 01:00:00+00:00
[2026-07-09T22:40:36.983+0000] {processor.py:208} INFO - Processing /opt/airflow/dags/dag_extract_catalogs.py took 0.042 seconds
[2026-07-09T22:41:14.098+0000] {processor.py:186} INFO - Started process (PID=16403) to work on /opt/airflow/dags/dag_extract_catalogs.py
[2026-07-09T22:41:14.098+0000] {processor.py:914} INFO - Processing file /opt/airflow/dags/dag_extract_catalogs.py for tasks to queue
[2026-07-09T22:41:14.099+0000] {logging_mixin.py:190} INFO - [2026-07-09T22:41:14.099+0000] {dagbag.py:588} INFO - Filling up the DagBag from /opt/airflow/dags/dag_extract_catalogs.py
[2026-07-09T22:41:14.104+0000] {processor.py:925} INFO - DAG(s) 'dag_extract_catalogs' retrieved from /opt/airflow/dags/dag_extract_catalogs.py
[2026-07-09T22:41:14.114+0000] {logging_mixin.py:190} INFO - [2026-07-09T22:41:14.114+0000] {dag.py:3239} INFO - Sync 1 DAGs
[2026-07-09T22:41:14.121+0000] {logging_mixin.py:190} INFO - [2026-07-09T22:41:14.121+0000] {dag.py:4180} INFO - Setting next_dagrun for dag_extract_catalogs to 2026-07-08 01:00:00+00:00, run_after=2026-07-09 01:00:00+00:00
[2026-07-09T22:41:14.126+0000] {processor.py:208} INFO - Processing /opt/airflow/dags/dag_extract_catalogs.py took 0.030 seconds
[2026-07-09T22:41:44.565+0000] {processor.py:186} INFO - Started process (PID=16421) to work on /opt/airflow/dags/dag_extract_catalogs.py
[2026-07-09T22:41:44.565+0000] {processor.py:914} INFO - Processing file /opt/airflow/dags/dag_extract_catalogs.py for tasks to queue
[2026-07-09T22:41:44.567+0000] {logging_mixin.py:190} INFO - [2026-07-09T22:41:44.566+0000] {dagbag.py:588} INFO - Filling up the DagBag from /opt/airflow/dags/dag_extract_catalogs.py
[2026-07-09T22:41:44.573+0000] {processor.py:925} INFO - DAG(s) 'dag_extract_catalogs' retrieved from /opt/airflow/dags/dag_extract_catalogs.py
[2026-07-09T22:41:44.585+0000] {logging_mixin.py:190} INFO - [2026-07-09T22:41:44.584+0000] {dag.py:3239} INFO - Sync 1 DAGs
[2026-07-09T22:41:44.592+0000] {logging_mixin.py:190} INFO - [2026-07-09T22:41:44.592+0000] {dag.py:4180} INFO - Setting next_dagrun for dag_extract_catalogs to 2026-07-08 01:00:00+00:00, run_after=2026-07-09 01:00:00+00:00
[2026-07-09T22:41:44.600+0000] {processor.py:208} INFO - Processing /opt/airflow/dags/dag_extract_catalogs.py took 0.038 seconds
[2026-07-09T22:42:20.114+0000] {processor.py:186} INFO - Started process (PID=16441) to work on /opt/airflow/dags/dag_extract_catalogs.py
[2026-07-09T22:42:20.115+0000] {processor.py:914} INFO - Processing file /opt/airflow/dags/dag_extract_catalogs.py for tasks to queue
[2026-07-09T22:42:20.116+0000] {logging_mixin.py:190} INFO - [2026-07-09T22:42:20.116+0000] {dagbag.py:588} INFO - Filling up the DagBag from /opt/airflow/dags/dag_extract_catalogs.py
[2026-07-09T22:42:20.122+0000] {processor.py:925} INFO - DAG(s) 'dag_extract_catalogs' retrieved from /opt/airflow/dags/dag_extract_catalogs.py
[2026-07-09T22:42:20.137+0000] {logging_mixin.py:190} INFO - [2026-07-09T22:42:20.137+0000] {dag.py:3239} INFO - Sync 1 DAGs
[2026-07-09T22:42:20.146+0000] {logging_mixin.py:190} INFO - [2026-07-09T22:42:20.146+0000] {dag.py:4180} INFO - Setting next_dagrun for dag_extract_catalogs to 2026-07-08 01:00:00+00:00, run_after=2026-07-09 01:00:00+00:00
[2026-07-09T22:42:20.151+0000] {processor.py:208} INFO - Processing /opt/airflow/dags/dag_extract_catalogs.py took 0.040 seconds
[2026-07-09T22:42:56.922+0000] {processor.py:186} INFO - Started process (PID=16463) to work on /opt/airflow/dags/dag_extract_catalogs.py
[2026-07-09T22:42:56.922+0000] {processor.py:914} INFO - Processing file /opt/airflow/dags/dag_extract_catalogs.py for tasks to queue
[2026-07-09T22:42:56.923+0000] {logging_mixin.py:190} INFO - [2026-07-09T22:42:56.923+0000] {dagbag.py:588} INFO - Filling up the DagBag from /opt/airflow/dags/dag_extract_catalogs.py
[2026-07-09T22:42:56.928+0000] {processor.py:925} INFO - DAG(s) 'dag_extract_catalogs' retrieved from /opt/airflow/dags/dag_extract_catalogs.py
[2026-07-09T22:42:56.938+0000] {logging_mixin.py:190} INFO - [2026-07-09T22:42:56.938+0000] {dag.py:3239} INFO - Sync 1 DAGs
[2026-07-09T22:42:56.945+0000] {logging_mixin.py:190} INFO - [2026-07-09T22:42:56.945+0000] {dag.py:4180} INFO - Setting next_dagrun for dag_extract_catalogs to 2026-07-08 01:00:00+00:00, run_after=2026-07-09 01:00:00+00:00
[2026-07-09T22:42:56.949+0000] {processor.py:208} INFO - Processing /opt/airflow/dags/dag_extract_catalogs.py took 0.030 seconds
[2026-07-09T22:43:27.383+0000] {processor.py:186} INFO - Started process (PID=16483) to work on /opt/airflow/dags/dag_extract_catalogs.py
[2026-07-09T22:43:27.383+0000] {processor.py:914} INFO - Processing file /opt/airflow/dags/dag_extract_catalogs.py for tasks to queue
[2026-07-09T22:43:27.384+0000] {logging_mixin.py:190} INFO - [2026-07-09T22:43:27.384+0000] {dagbag.py:588} INFO - Filling up the DagBag from /opt/airflow/dags/dag_extract_catalogs.py
[2026-07-09T22:43:27.389+0000] {processor.py:925} INFO - DAG(s) 'dag_extract_catalogs' retrieved from /opt/airflow/dags/dag_extract_catalogs.py
[2026-07-09T22:43:27.399+0000] {logging_mixin.py:190} INFO - [2026-07-09T22:43:27.399+0000] {dag.py:3239} INFO - Sync 1 DAGs
[2026-07-09T22:43:27.406+0000] {logging_mixin.py:190} INFO - [2026-07-09T22:43:27.406+0000] {dag.py:4180} INFO - Setting next_dagrun for dag_extract_catalogs to 2026-07-08 01:00:00+00:00, run_after=2026-07-09 01:00:00+00:00
[2026-07-09T22:43:27.410+0000] {processor.py:208} INFO - Processing /opt/airflow/dags/dag_extract_catalogs.py took 0.030 seconds
[2026-07-09T22:44:04.749+0000] {processor.py:186} INFO - Started process (PID=16501) to work on /opt/airflow/dags/dag_extract_catalogs.py
[2026-07-09T22:44:04.750+0000] {processor.py:914} INFO - Processing file /opt/airflow/dags/dag_extract_catalogs.py for tasks to queue
[2026-07-09T22:44:04.751+0000] {logging_mixin.py:190} INFO - [2026-07-09T22:44:04.751+0000] {dagbag.py:588} INFO - Filling up the DagBag from /opt/airflow/dags/dag_extract_catalogs.py
[2026-07-09T22:44:04.757+0000] {processor.py:925} INFO - DAG(s) 'dag_extract_catalogs' retrieved from /opt/airflow/dags/dag_extract_catalogs.py
[2026-07-09T22:44:04.769+0000] {logging_mixin.py:190} INFO - [2026-07-09T22:44:04.768+0000] {dag.py:3239} INFO - Sync 1 DAGs
[2026-07-09T22:44:04.776+0000] {logging_mixin.py:190} INFO - [2026-07-09T22:44:04.776+0000] {dag.py:4180} INFO - Setting next_dagrun for dag_extract_catalogs to 2026-07-08 01:00:00+00:00, run_after=2026-07-09 01:00:00+00:00
[2026-07-09T22:44:04.781+0000] {processor.py:208} INFO - Processing /opt/airflow/dags/dag_extract_catalogs.py took 0.035 seconds
[2026-07-09T22:44:40.449+0000] {processor.py:186} INFO - Started process (PID=16521) to work on /opt/airflow/dags/dag_extract_catalogs.py
[2026-07-09T22:44:40.450+0000] {processor.py:914} INFO - Processing file /opt/airflow/dags/dag_extract_catalogs.py for tasks to queue
[2026-07-09T22:44:40.451+0000] {logging_mixin.py:190} INFO - [2026-07-09T22:44:40.451+0000] {dagbag.py:588} INFO - Filling up the DagBag from /opt/airflow/dags/dag_extract_catalogs.py
[2026-07-09T22:44:40.458+0000] {processor.py:925} INFO - DAG(s) 'dag_extract_catalogs' retrieved from /opt/airflow/dags/dag_extract_catalogs.py
[2026-07-09T22:44:40.470+0000] {logging_mixin.py:190} INFO - [2026-07-09T22:44:40.470+0000] {dag.py:3239} INFO - Sync 1 DAGs
[2026-07-09T22:44:40.478+0000] {logging_mixin.py:190} INFO - [2026-07-09T22:44:40.478+0000] {dag.py:4180} INFO - Setting next_dagrun for dag_extract_catalogs to 2026-07-08 01:00:00+00:00, run_after=2026-07-09 01:00:00+00:00
[2026-07-09T22:44:40.484+0000] {processor.py:208} INFO - Processing /opt/airflow/dags/dag_extract_catalogs.py took 0.037 seconds
[2026-07-09T22:45:11.025+0000] {processor.py:186} INFO - Started process (PID=16543) to work on /opt/airflow/dags/dag_extract_catalogs.py
[2026-07-09T22:45:11.026+0000] {processor.py:914} INFO - Processing file /opt/airflow/dags/dag_extract_catalogs.py for tasks to queue
[2026-07-09T22:45:11.027+0000] {logging_mixin.py:190} INFO - [2026-07-09T22:45:11.026+0000] {dagbag.py:588} INFO - Filling up the DagBag from /opt/airflow/dags/dag_extract_catalogs.py
[2026-07-09T22:45:11.031+0000] {processor.py:925} INFO - DAG(s) 'dag_extract_catalogs' retrieved from /opt/airflow/dags/dag_extract_catalogs.py
[2026-07-09T22:45:11.041+0000] {logging_mixin.py:190} INFO - [2026-07-09T22:45:11.041+0000] {dag.py:3239} INFO - Sync 1 DAGs
[2026-07-09T22:45:11.048+0000] {logging_mixin.py:190} INFO - [2026-07-09T22:45:11.048+0000] {dag.py:4180} INFO - Setting next_dagrun for dag_extract_catalogs to 2026-07-08 01:00:00+00:00, run_after=2026-07-09 01:00:00+00:00
[2026-07-09T22:45:11.053+0000] {processor.py:208} INFO - Processing /opt/airflow/dags/dag_extract_catalogs.py took 0.030 seconds
[2026-07-09T22:45:47.198+0000] {processor.py:186} INFO - Started process (PID=16563) to work on /opt/airflow/dags/dag_extract_catalogs.py
[2026-07-09T22:45:47.198+0000] {processor.py:914} INFO - Processing file /opt/airflow/dags/dag_extract_catalogs.py for tasks to queue
[2026-07-09T22:45:47.199+0000] {logging_mixin.py:190} INFO - [2026-07-09T22:45:47.199+0000] {dagbag.py:588} INFO - Filling up the DagBag from /opt/airflow/dags/dag_extract_catalogs.py
[2026-07-09T22:45:47.204+0000] {processor.py:925} INFO - DAG(s) 'dag_extract_catalogs' retrieved from /opt/airflow/dags/dag_extract_catalogs.py
[2026-07-09T22:45:47.213+0000] {logging_mixin.py:190} INFO - [2026-07-09T22:45:47.213+0000] {dag.py:3239} INFO - Sync 1 DAGs
[2026-07-09T22:45:47.220+0000] {logging_mixin.py:190} INFO - [2026-07-09T22:45:47.220+0000] {dag.py:4180} INFO - Setting next_dagrun for dag_extract_catalogs to 2026-07-08 01:00:00+00:00, run_after=2026-07-09 01:00:00+00:00
[2026-07-09T22:45:47.225+0000] {processor.py:208} INFO - Processing /opt/airflow/dags/dag_extract_catalogs.py took 0.030 seconds
[2026-07-09T22:46:17.619+0000] {processor.py:186} INFO - Started process (PID=16581) to work on /opt/airflow/dags/dag_extract_catalogs.py
[2026-07-09T22:46:17.620+0000] {processor.py:914} INFO - Processing file /opt/airflow/dags/dag_extract_catalogs.py for tasks to queue
[2026-07-09T22:46:17.621+0000] {logging_mixin.py:190} INFO - [2026-07-09T22:46:17.620+0000] {dagbag.py:588} INFO - Filling up the DagBag from /opt/airflow/dags/dag_extract_catalogs.py
[2026-07-09T22:46:17.626+0000] {processor.py:925} INFO - DAG(s) 'dag_extract_catalogs' retrieved from /opt/airflow/dags/dag_extract_catalogs.py
[2026-07-09T22:46:17.639+0000] {logging_mixin.py:190} INFO - [2026-07-09T22:46:17.639+0000] {dag.py:3239} INFO - Sync 1 DAGs
[2026-07-09T22:46:17.647+0000] {logging_mixin.py:190} INFO - [2026-07-09T22:46:17.647+0000] {dag.py:4180} INFO - Setting next_dagrun for dag_extract_catalogs to 2026-07-08 01:00:00+00:00, run_after=2026-07-09 01:00:00+00:00
[2026-07-09T22:46:17.654+0000] {processor.py:208} INFO - Processing /opt/airflow/dags/dag_extract_catalogs.py took 0.038 seconds
[2026-07-09T22:46:54.204+0000] {processor.py:186} INFO - Started process (PID=16603) to work on /opt/airflow/dags/dag_extract_catalogs.py
[2026-07-09T22:46:54.204+0000] {processor.py:914} INFO - Processing file /opt/airflow/dags/dag_extract_catalogs.py for tasks to queue
[2026-07-09T22:46:54.205+0000] {logging_mixin.py:190} INFO - [2026-07-09T22:46:54.205+0000] {dagbag.py:588} INFO - Filling up the DagBag from /opt/airflow/dags/dag_extract_catalogs.py
[2026-07-09T22:46:54.210+0000] {processor.py:925} INFO - DAG(s) 'dag_extract_catalogs' retrieved from /opt/airflow/dags/dag_extract_catalogs.py
[2026-07-09T22:46:54.220+0000] {logging_mixin.py:190} INFO - [2026-07-09T22:46:54.220+0000] {dag.py:3239} INFO - Sync 1 DAGs
[2026-07-09T22:46:54.226+0000] {logging_mixin.py:190} INFO - [2026-07-09T22:46:54.226+0000] {dag.py:4180} INFO - Setting next_dagrun for dag_extract_catalogs to 2026-07-08 01:00:00+00:00, run_after=2026-07-09 01:00:00+00:00
[2026-07-09T22:46:54.231+0000] {processor.py:208} INFO - Processing /opt/airflow/dags/dag_extract_catalogs.py took 0.029 seconds
[2026-07-09T22:47:31.576+0000] {processor.py:186} INFO - Started process (PID=16623) to work on /opt/airflow/dags/dag_extract_catalogs.py
[2026-07-09T22:47:31.576+0000] {processor.py:914} INFO - Processing file /opt/airflow/dags/dag_extract_catalogs.py for tasks to queue
[2026-07-09T22:47:31.577+0000] {logging_mixin.py:190} INFO - [2026-07-09T22:47:31.577+0000] {dagbag.py:588} INFO - Filling up the DagBag from /opt/airflow/dags/dag_extract_catalogs.py
[2026-07-09T22:47:31.581+0000] {processor.py:925} INFO - DAG(s) 'dag_extract_catalogs' retrieved from /opt/airflow/dags/dag_extract_catalogs.py
[2026-07-09T22:47:31.591+0000] {logging_mixin.py:190} INFO - [2026-07-09T22:47:31.591+0000] {dag.py:3239} INFO - Sync 1 DAGs
[2026-07-09T22:47:31.598+0000] {logging_mixin.py:190} INFO - [2026-07-09T22:47:31.598+0000] {dag.py:4180} INFO - Setting next_dagrun for dag_extract_catalogs to 2026-07-08 01:00:00+00:00, run_after=2026-07-09 01:00:00+00:00
[2026-07-09T22:47:31.603+0000] {processor.py:208} INFO - Processing /opt/airflow/dags/dag_extract_catalogs.py took 0.030 seconds
[2026-07-09T22:48:02.020+0000] {processor.py:186} INFO - Started process (PID=16641) to work on /opt/airflow/dags/dag_extract_catalogs.py
[2026-07-09T22:48:02.021+0000] {processor.py:914} INFO - Processing file /opt/airflow/dags/dag_extract_catalogs.py for tasks to queue
[2026-07-09T22:48:02.022+0000] {logging_mixin.py:190} INFO - [2026-07-09T22:48:02.022+0000] {dagbag.py:588} INFO - Filling up the DagBag from /opt/airflow/dags/dag_extract_catalogs.py
[2026-07-09T22:48:02.031+0000] {processor.py:925} INFO - DAG(s) 'dag_extract_catalogs' retrieved from /opt/airflow/dags/dag_extract_catalogs.py
[2026-07-09T22:48:02.044+0000] {logging_mixin.py:190} INFO - [2026-07-09T22:48:02.044+0000] {dag.py:3239} INFO - Sync 1 DAGs
[2026-07-09T22:48:02.051+0000] {logging_mixin.py:190} INFO - [2026-07-09T22:48:02.051+0000] {dag.py:4180} INFO - Setting next_dagrun for dag_extract_catalogs to 2026-07-08 01:00:00+00:00, run_after=2026-07-09 01:00:00+00:00
[2026-07-09T22:48:02.057+0000] {processor.py:208} INFO - Processing /opt/airflow/dags/dag_extract_catalogs.py took 0.039 seconds
[2026-07-09T22:48:38.869+0000] {processor.py:186} INFO - Started process (PID=16663) to work on /opt/airflow/dags/dag_extract_catalogs.py
[2026-07-09T22:48:38.869+0000] {processor.py:914} INFO - Processing file /opt/airflow/dags/dag_extract_catalogs.py for tasks to queue
[2026-07-09T22:48:38.870+0000] {logging_mixin.py:190} INFO - [2026-07-09T22:48:38.870+0000] {dagbag.py:588} INFO - Filling up the DagBag from /opt/airflow/dags/dag_extract_catalogs.py
[2026-07-09T22:48:38.875+0000] {processor.py:925} INFO - DAG(s) 'dag_extract_catalogs' retrieved from /opt/airflow/dags/dag_extract_catalogs.py
[2026-07-09T22:48:38.884+0000] {logging_mixin.py:190} INFO - [2026-07-09T22:48:38.884+0000] {dag.py:3239} INFO - Sync 1 DAGs
[2026-07-09T22:48:38.891+0000] {logging_mixin.py:190} INFO - [2026-07-09T22:48:38.891+0000] {dag.py:4180} INFO - Setting next_dagrun for dag_extract_catalogs to 2026-07-08 01:00:00+00:00, run_after=2026-07-09 01:00:00+00:00
[2026-07-09T22:48:38.896+0000] {processor.py:208} INFO - Processing /opt/airflow/dags/dag_extract_catalogs.py took 0.030 seconds
[2026-07-09T22:49:15.216+0000] {processor.py:186} INFO - Started process (PID=16681) to work on /opt/airflow/dags/dag_extract_catalogs.py
[2026-07-09T22:49:15.217+0000] {processor.py:914} INFO - Processing file /opt/airflow/dags/dag_extract_catalogs.py for tasks to queue
[2026-07-09T22:49:15.218+0000] {logging_mixin.py:190} INFO - [2026-07-09T22:49:15.218+0000] {dagbag.py:588} INFO - Filling up the DagBag from /opt/airflow/dags/dag_extract_catalogs.py
[2026-07-09T22:49:15.226+0000] {processor.py:925} INFO - DAG(s) 'dag_extract_catalogs' retrieved from /opt/airflow/dags/dag_extract_catalogs.py
[2026-07-09T22:49:15.240+0000] {logging_mixin.py:190} INFO - [2026-07-09T22:49:15.239+0000] {dag.py:3239} INFO - Sync 1 DAGs
[2026-07-09T22:49:15.249+0000] {logging_mixin.py:190} INFO - [2026-07-09T22:49:15.248+0000] {dag.py:4180} INFO - Setting next_dagrun for dag_extract_catalogs to 2026-07-08 01:00:00+00:00, run_after=2026-07-09 01:00:00+00:00
[2026-07-09T22:49:15.254+0000] {processor.py:208} INFO - Processing /opt/airflow/dags/dag_extract_catalogs.py took 0.041 seconds
[2026-07-09T22:49:45.751+0000] {processor.py:186} INFO - Started process (PID=16703) to work on /opt/airflow/dags/dag_extract_catalogs.py
[2026-07-09T22:49:45.751+0000] {processor.py:914} INFO - Processing file /opt/airflow/dags/dag_extract_catalogs.py for tasks to queue
[2026-07-09T22:49:45.752+0000] {logging_mixin.py:190} INFO - [2026-07-09T22:49:45.752+0000] {dagbag.py:588} INFO - Filling up the DagBag from /opt/airflow/dags/dag_extract_catalogs.py
[2026-07-09T22:49:45.756+0000] {processor.py:925} INFO - DAG(s) 'dag_extract_catalogs' retrieved from /opt/airflow/dags/dag_extract_catalogs.py
[2026-07-09T22:49:45.766+0000] {logging_mixin.py:190} INFO - [2026-07-09T22:49:45.766+0000] {dag.py:3239} INFO - Sync 1 DAGs
[2026-07-09T22:49:45.773+0000] {logging_mixin.py:190} INFO - [2026-07-09T22:49:45.773+0000] {dag.py:4180} INFO - Setting next_dagrun for dag_extract_catalogs to 2026-07-08 01:00:00+00:00, run_after=2026-07-09 01:00:00+00:00
[2026-07-09T22:49:45.777+0000] {processor.py:208} INFO - Processing /opt/airflow/dags/dag_extract_catalogs.py took 0.029 seconds
[2026-07-09T22:50:22.460+0000] {processor.py:186} INFO - Started process (PID=16721) to work on /opt/airflow/dags/dag_extract_catalogs.py
[2026-07-09T22:50:22.461+0000] {processor.py:914} INFO - Processing file /opt/airflow/dags/dag_extract_catalogs.py for tasks to queue
[2026-07-09T22:50:22.462+0000] {logging_mixin.py:190} INFO - [2026-07-09T22:50:22.461+0000] {dagbag.py:588} INFO - Filling up the DagBag from /opt/airflow/dags/dag_extract_catalogs.py
[2026-07-09T22:50:22.467+0000] {processor.py:925} INFO - DAG(s) 'dag_extract_catalogs' retrieved from /opt/airflow/dags/dag_extract_catalogs.py
[2026-07-09T22:50:22.479+0000] {logging_mixin.py:190} INFO - [2026-07-09T22:50:22.478+0000] {dag.py:3239} INFO - Sync 1 DAGs
[2026-07-09T22:50:22.486+0000] {logging_mixin.py:190} INFO - [2026-07-09T22:50:22.486+0000] {dag.py:4180} INFO - Setting next_dagrun for dag_extract_catalogs to 2026-07-08 01:00:00+00:00, run_after=2026-07-09 01:00:00+00:00
[2026-07-09T22:50:22.492+0000] {processor.py:208} INFO - Processing /opt/airflow/dags/dag_extract_catalogs.py took 0.036 seconds
[2026-07-09T22:50:58.573+0000] {processor.py:186} INFO - Started process (PID=16743) to work on /opt/airflow/dags/dag_extract_catalogs.py
[2026-07-09T22:50:58.573+0000] {processor.py:914} INFO - Processing file /opt/airflow/dags/dag_extract_catalogs.py for tasks to queue
[2026-07-09T22:50:58.574+0000] {logging_mixin.py:190} INFO - [2026-07-09T22:50:58.574+0000] {dagbag.py:588} INFO - Filling up the DagBag from /opt/airflow/dags/dag_extract_catalogs.py
[2026-07-09T22:50:58.579+0000] {processor.py:925} INFO - DAG(s) 'dag_extract_catalogs' retrieved from /opt/airflow/dags/dag_extract_catalogs.py
[2026-07-09T22:50:58.589+0000] {logging_mixin.py:190} INFO - [2026-07-09T22:50:58.589+0000] {dag.py:3239} INFO - Sync 1 DAGs
[2026-07-09T22:50:58.596+0000] {logging_mixin.py:190} INFO - [2026-07-09T22:50:58.596+0000] {dag.py:4180} INFO - Setting next_dagrun for dag_extract_catalogs to 2026-07-08 01:00:00+00:00, run_after=2026-07-09 01:00:00+00:00
[2026-07-09T22:50:58.600+0000] {processor.py:208} INFO - Processing /opt/airflow/dags/dag_extract_catalogs.py took 0.030 seconds
[2026-07-09T22:51:29.060+0000] {processor.py:186} INFO - Started process (PID=16763) to work on /opt/airflow/dags/dag_extract_catalogs.py
[2026-07-09T22:51:29.060+0000] {processor.py:914} INFO - Processing file /opt/airflow/dags/dag_extract_catalogs.py for tasks to queue
[2026-07-09T22:51:29.061+0000] {logging_mixin.py:190} INFO - [2026-07-09T22:51:29.061+0000] {dagbag.py:588} INFO - Filling up the DagBag from /opt/airflow/dags/dag_extract_catalogs.py
[2026-07-09T22:51:29.066+0000] {processor.py:925} INFO - DAG(s) 'dag_extract_catalogs' retrieved from /opt/airflow/dags/dag_extract_catalogs.py
[2026-07-09T22:51:29.076+0000] {logging_mixin.py:190} INFO - [2026-07-09T22:51:29.076+0000] {dag.py:3239} INFO - Sync 1 DAGs
[2026-07-09T22:51:29.083+0000] {logging_mixin.py:190} INFO - [2026-07-09T22:51:29.082+0000] {dag.py:4180} INFO - Setting next_dagrun for dag_extract_catalogs to 2026-07-08 01:00:00+00:00, run_after=2026-07-09 01:00:00+00:00
[2026-07-09T22:51:29.087+0000] {processor.py:208} INFO - Processing /opt/airflow/dags/dag_extract_catalogs.py took 0.030 seconds
[2026-07-09T22:52:05.906+0000] {processor.py:186} INFO - Started process (PID=16781) to work on /opt/airflow/dags/dag_extract_catalogs.py
[2026-07-09T22:52:05.908+0000] {processor.py:914} INFO - Processing file /opt/airflow/dags/dag_extract_catalogs.py for tasks to queue
[2026-07-09T22:52:05.909+0000] {logging_mixin.py:190} INFO - [2026-07-09T22:52:05.909+0000] {dagbag.py:588} INFO - Filling up the DagBag from /opt/airflow/dags/dag_extract_catalogs.py
[2026-07-09T22:52:05.918+0000] {processor.py:925} INFO - DAG(s) 'dag_extract_catalogs' retrieved from /opt/airflow/dags/dag_extract_catalogs.py
[2026-07-09T22:52:05.930+0000] {logging_mixin.py:190} INFO - [2026-07-09T22:52:05.930+0000] {dag.py:3239} INFO - Sync 1 DAGs
[2026-07-09T22:52:05.938+0000] {logging_mixin.py:190} INFO - [2026-07-09T22:52:05.938+0000] {dag.py:4180} INFO - Setting next_dagrun for dag_extract_catalogs to 2026-07-08 01:00:00+00:00, run_after=2026-07-09 01:00:00+00:00
[2026-07-09T22:52:05.943+0000] {processor.py:208} INFO - Processing /opt/airflow/dags/dag_extract_catalogs.py took 0.039 seconds
[2026-07-09T22:52:36.472+0000] {processor.py:186} INFO - Started process (PID=16803) to work on /opt/airflow/dags/dag_extract_catalogs.py
[2026-07-09T22:52:36.472+0000] {processor.py:914} INFO - Processing file /opt/airflow/dags/dag_extract_catalogs.py for tasks to queue
[2026-07-09T22:52:36.473+0000] {logging_mixin.py:190} INFO - [2026-07-09T22:52:36.473+0000] {dagbag.py:588} INFO - Filling up the DagBag from /opt/airflow/dags/dag_extract_catalogs.py
[2026-07-09T22:52:36.478+0000] {processor.py:925} INFO - DAG(s) 'dag_extract_catalogs' retrieved from /opt/airflow/dags/dag_extract_catalogs.py
[2026-07-09T22:52:36.488+0000] {logging_mixin.py:190} INFO - [2026-07-09T22:52:36.488+0000] {dag.py:3239} INFO - Sync 1 DAGs
[2026-07-09T22:52:36.552+0000] {logging_mixin.py:190} INFO - [2026-07-09T22:52:36.552+0000] {dag.py:4180} INFO - Setting next_dagrun for dag_extract_catalogs to 2026-07-08 01:00:00+00:00, run_after=2026-07-09 01:00:00+00:00
[2026-07-09T22:52:36.557+0000] {processor.py:208} INFO - Processing /opt/airflow/dags/dag_extract_catalogs.py took 0.087 seconds
[2026-07-09T22:53:13.030+0000] {processor.py:186} INFO - Started process (PID=16823) to work on /opt/airflow/dags/dag_extract_catalogs.py
[2026-07-09T22:53:13.031+0000] {processor.py:914} INFO - Processing file /opt/airflow/dags/dag_extract_catalogs.py for tasks to queue
[2026-07-09T22:53:13.032+0000] {logging_mixin.py:190} INFO - [2026-07-09T22:53:13.032+0000] {dagbag.py:588} INFO - Filling up the DagBag from /opt/airflow/dags/dag_extract_catalogs.py
[2026-07-09T22:53:13.037+0000] {processor.py:925} INFO - DAG(s) 'dag_extract_catalogs' retrieved from /opt/airflow/dags/dag_extract_catalogs.py
[2026-07-09T22:53:13.047+0000] {logging_mixin.py:190} INFO - [2026-07-09T22:53:13.046+0000] {dag.py:3239} INFO - Sync 1 DAGs
[2026-07-09T22:53:13.054+0000] {logging_mixin.py:190} INFO - [2026-07-09T22:53:13.053+0000] {dag.py:4180} INFO - Setting next_dagrun for dag_extract_catalogs to 2026-07-08 01:00:00+00:00, run_after=2026-07-09 01:00:00+00:00
[2026-07-09T22:53:13.058+0000] {processor.py:208} INFO - Processing /opt/airflow/dags/dag_extract_catalogs.py took 0.030 seconds
[2026-07-09T22:53:43.625+0000] {processor.py:186} INFO - Started process (PID=16843) to work on /opt/airflow/dags/dag_extract_catalogs.py
[2026-07-09T22:53:43.626+0000] {processor.py:914} INFO - Processing file /opt/airflow/dags/dag_extract_catalogs.py for tasks to queue
[2026-07-09T22:53:43.627+0000] {logging_mixin.py:190} INFO - [2026-07-09T22:53:43.627+0000] {dagbag.py:588} INFO - Filling up the DagBag from /opt/airflow/dags/dag_extract_catalogs.py
[2026-07-09T22:53:43.631+0000] {processor.py:925} INFO - DAG(s) 'dag_extract_catalogs' retrieved from /opt/airflow/dags/dag_extract_catalogs.py
[2026-07-09T22:53:43.698+0000] {logging_mixin.py:190} INFO - [2026-07-09T22:53:43.698+0000] {dag.py:3239} INFO - Sync 1 DAGs
[2026-07-09T22:53:43.704+0000] {logging_mixin.py:190} INFO - [2026-07-09T22:53:43.704+0000] {dag.py:4180} INFO - Setting next_dagrun for dag_extract_catalogs to 2026-07-08 01:00:00+00:00, run_after=2026-07-09 01:00:00+00:00
[2026-07-09T22:53:43.709+0000] {processor.py:208} INFO - Processing /opt/airflow/dags/dag_extract_catalogs.py took 0.085 seconds
[2026-07-09T23:10:20.761+0000] {processor.py:186} INFO - Started process (PID=16861) to work on /opt/airflow/dags/dag_extract_catalogs.py
[2026-07-09T23:10:20.762+0000] {processor.py:914} INFO - Processing file /opt/airflow/dags/dag_extract_catalogs.py for tasks to queue
[2026-07-09T23:10:20.764+0000] {logging_mixin.py:190} INFO - [2026-07-09T23:10:20.763+0000] {dagbag.py:588} INFO - Filling up the DagBag from /opt/airflow/dags/dag_extract_catalogs.py
[2026-07-09T23:10:20.769+0000] {processor.py:925} INFO - DAG(s) 'dag_extract_catalogs' retrieved from /opt/airflow/dags/dag_extract_catalogs.py
[2026-07-09T23:10:20.785+0000] {logging_mixin.py:190} INFO - [2026-07-09T23:10:20.785+0000] {dag.py:3239} INFO - Sync 1 DAGs
[2026-07-09T23:10:20.903+0000] {logging_mixin.py:190} INFO - [2026-07-09T23:10:20.903+0000] {dag.py:4180} INFO - Setting next_dagrun for dag_extract_catalogs to 2026-07-08 01:00:00+00:00, run_after=2026-07-09 01:00:00+00:00
[2026-07-09T23:10:20.910+0000] {processor.py:208} INFO - Processing /opt/airflow/dags/dag_extract_catalogs.py took 0.151 seconds
[2026-07-09T23:10:51.679+0000] {processor.py:186} INFO - Started process (PID=16883) to work on /opt/airflow/dags/dag_extract_catalogs.py
[2026-07-09T23:10:51.679+0000] {processor.py:914} INFO - Processing file /opt/airflow/dags/dag_extract_catalogs.py for tasks to queue
[2026-07-09T23:10:51.680+0000] {logging_mixin.py:190} INFO - [2026-07-09T23:10:51.680+0000] {dagbag.py:588} INFO - Filling up the DagBag from /opt/airflow/dags/dag_extract_catalogs.py
[2026-07-09T23:10:51.684+0000] {processor.py:925} INFO - DAG(s) 'dag_extract_catalogs' retrieved from /opt/airflow/dags/dag_extract_catalogs.py
[2026-07-09T23:10:51.694+0000] {logging_mixin.py:190} INFO - [2026-07-09T23:10:51.694+0000] {dag.py:3239} INFO - Sync 1 DAGs
[2026-07-09T23:10:51.701+0000] {logging_mixin.py:190} INFO - [2026-07-09T23:10:51.701+0000] {dag.py:4180} INFO - Setting next_dagrun for dag_extract_catalogs to 2026-07-08 01:00:00+00:00, run_after=2026-07-09 01:00:00+00:00
[2026-07-09T23:10:51.706+0000] {processor.py:208} INFO - Processing /opt/airflow/dags/dag_extract_catalogs.py took 0.030 seconds
[2026-07-09T23:26:35.215+0000] {processor.py:186} INFO - Started process (PID=16903) to work on /opt/airflow/dags/dag_extract_catalogs.py
[2026-07-09T23:26:35.215+0000] {processor.py:914} INFO - Processing file /opt/airflow/dags/dag_extract_catalogs.py for tasks to queue
[2026-07-09T23:26:35.216+0000] {logging_mixin.py:190} INFO - [2026-07-09T23:26:35.216+0000] {dagbag.py:588} INFO - Filling up the DagBag from /opt/airflow/dags/dag_extract_catalogs.py
[2026-07-09T23:26:35.221+0000] {processor.py:925} INFO - DAG(s) 'dag_extract_catalogs' retrieved from /opt/airflow/dags/dag_extract_catalogs.py
[2026-07-09T23:26:35.231+0000] {logging_mixin.py:190} INFO - [2026-07-09T23:26:35.230+0000] {dag.py:3239} INFO - Sync 1 DAGs
[2026-07-09T23:26:35.238+0000] {logging_mixin.py:190} INFO - [2026-07-09T23:26:35.238+0000] {dag.py:4180} INFO - Setting next_dagrun for dag_extract_catalogs to 2026-07-08 01:00:00+00:00, run_after=2026-07-09 01:00:00+00:00
[2026-07-09T23:26:35.242+0000] {processor.py:208} INFO - Processing /opt/airflow/dags/dag_extract_catalogs.py took 0.030 seconds
[2026-07-09T23:42:22.795+0000] {processor.py:186} INFO - Started process (PID=16923) to work on /opt/airflow/dags/dag_extract_catalogs.py
[2026-07-09T23:42:22.795+0000] {processor.py:914} INFO - Processing file /opt/airflow/dags/dag_extract_catalogs.py for tasks to queue
[2026-07-09T23:42:22.796+0000] {logging_mixin.py:190} INFO - [2026-07-09T23:42:22.796+0000] {dagbag.py:588} INFO - Filling up the DagBag from /opt/airflow/dags/dag_extract_catalogs.py
[2026-07-09T23:42:22.800+0000] {processor.py:925} INFO - DAG(s) 'dag_extract_catalogs' retrieved from /opt/airflow/dags/dag_extract_catalogs.py
[2026-07-09T23:42:22.811+0000] {logging_mixin.py:190} INFO - [2026-07-09T23:42:22.811+0000] {dag.py:3239} INFO - Sync 1 DAGs
[2026-07-09T23:42:22.818+0000] {logging_mixin.py:190} INFO - [2026-07-09T23:42:22.818+0000] {dag.py:4180} INFO - Setting next_dagrun for dag_extract_catalogs to 2026-07-08 01:00:00+00:00, run_after=2026-07-09 01:00:00+00:00
[2026-07-09T23:42:22.823+0000] {processor.py:208} INFO - Processing /opt/airflow/dags/dag_extract_catalogs.py took 0.031 seconds
[2026-07-09T23:42:53.233+0000] {processor.py:186} INFO - Started process (PID=16941) to work on /opt/airflow/dags/dag_extract_catalogs.py
[2026-07-09T23:42:53.234+0000] {processor.py:914} INFO - Processing file /opt/airflow/dags/dag_extract_catalogs.py for tasks to queue
[2026-07-09T23:42:53.235+0000] {logging_mixin.py:190} INFO - [2026-07-09T23:42:53.235+0000] {dagbag.py:588} INFO - Filling up the DagBag from /opt/airflow/dags/dag_extract_catalogs.py
[2026-07-09T23:42:53.244+0000] {processor.py:925} INFO - DAG(s) 'dag_extract_catalogs' retrieved from /opt/airflow/dags/dag_extract_catalogs.py
[2026-07-09T23:42:53.259+0000] {logging_mixin.py:190} INFO - [2026-07-09T23:42:53.259+0000] {dag.py:3239} INFO - Sync 1 DAGs
[2026-07-09T23:42:53.267+0000] {logging_mixin.py:190} INFO - [2026-07-09T23:42:53.267+0000] {dag.py:4180} INFO - Setting next_dagrun for dag_extract_catalogs to 2026-07-08 01:00:00+00:00, run_after=2026-07-09 01:00:00+00:00
[2026-07-09T23:42:53.272+0000] {processor.py:208} INFO - Processing /opt/airflow/dags/dag_extract_catalogs.py took 0.042 seconds
[2026-07-09T23:59:57.192+0000] {processor.py:186} INFO - Started process (PID=16961) to work on /opt/airflow/dags/dag_extract_catalogs.py
[2026-07-09T23:59:57.192+0000] {processor.py:914} INFO - Processing file /opt/airflow/dags/dag_extract_catalogs.py for tasks to queue
[2026-07-09T23:59:57.194+0000] {logging_mixin.py:190} INFO - [2026-07-09T23:59:57.193+0000] {dagbag.py:588} INFO - Filling up the DagBag from /opt/airflow/dags/dag_extract_catalogs.py
[2026-07-09T23:59:57.202+0000] {processor.py:925} INFO - DAG(s) 'dag_extract_catalogs' retrieved from /opt/airflow/dags/dag_extract_catalogs.py
[2026-07-09T23:59:57.217+0000] {logging_mixin.py:190} INFO - [2026-07-09T23:59:57.217+0000] {dag.py:3239} INFO - Sync 1 DAGs
[2026-07-09T23:59:57.228+0000] {logging_mixin.py:190} INFO - [2026-07-09T23:59:57.228+0000] {dag.py:4180} INFO - Setting next_dagrun for dag_extract_catalogs to 2026-07-08 01:00:00+00:00, run_after=2026-07-09 01:00:00+00:00
[2026-07-09T23:59:57.234+0000] {processor.py:208} INFO - Processing /opt/airflow/dags/dag_extract_catalogs.py took 0.045 seconds
