[2026-07-22T00:51:33.866+0000] {processor.py:186} INFO - Started process (PID=26428) to work on /opt/airflow/dags/dag_transform_mart.py
[2026-07-22T00:51:33.867+0000] {processor.py:914} INFO - Processing file /opt/airflow/dags/dag_transform_mart.py for tasks to queue
[2026-07-22T00:51:33.868+0000] {logging_mixin.py:190} INFO - [2026-07-22T00:51:33.868+0000] {dagbag.py:588} INFO - Filling up the DagBag from /opt/airflow/dags/dag_transform_mart.py
[2026-07-22T00:51:33.876+0000] {processor.py:925} INFO - DAG(s) 'dag_transform_mart' retrieved from /opt/airflow/dags/dag_transform_mart.py
[2026-07-22T00:51:33.892+0000] {logging_mixin.py:190} INFO - [2026-07-22T00:51:33.892+0000] {dag.py:3239} INFO - Sync 1 DAGs
[2026-07-22T00:51:33.901+0000] {logging_mixin.py:190} INFO - [2026-07-22T00:51:33.901+0000] {dag.py:4180} INFO - Setting next_dagrun for dag_transform_mart to 2026-07-21 03:30:00+00:00, run_after=2026-07-22 03:30:00+00:00
[2026-07-22T00:51:33.909+0000] {processor.py:208} INFO - Processing /opt/airflow/dags/dag_transform_mart.py took 0.048 seconds
[2026-07-22T02:15:29.285+0000] {processor.py:186} INFO - Started process (PID=26469) to work on /opt/airflow/dags/dag_transform_mart.py
[2026-07-22T02:15:29.287+0000] {processor.py:914} INFO - Processing file /opt/airflow/dags/dag_transform_mart.py for tasks to queue
[2026-07-22T02:15:29.290+0000] {logging_mixin.py:190} INFO - [2026-07-22T02:15:29.290+0000] {dagbag.py:588} INFO - Filling up the DagBag from /opt/airflow/dags/dag_transform_mart.py
[2026-07-22T02:15:29.298+0000] {processor.py:925} INFO - DAG(s) 'dag_transform_mart' retrieved from /opt/airflow/dags/dag_transform_mart.py
[2026-07-22T02:15:29.313+0000] {logging_mixin.py:190} INFO - [2026-07-22T02:15:29.313+0000] {dag.py:3239} INFO - Sync 1 DAGs
[2026-07-22T02:15:29.324+0000] {logging_mixin.py:190} INFO - [2026-07-22T02:15:29.324+0000] {dag.py:4180} INFO - Setting next_dagrun for dag_transform_mart to 2026-07-21 03:30:00+00:00, run_after=2026-07-22 03:30:00+00:00
[2026-07-22T02:15:29.334+0000] {processor.py:208} INFO - Processing /opt/airflow/dags/dag_transform_mart.py took 0.057 seconds
[2026-07-22T02:51:12.777+0000] {processor.py:186} INFO - Started process (PID=26492) to work on /opt/airflow/dags/dag_transform_mart.py
[2026-07-22T02:51:12.777+0000] {processor.py:914} INFO - Processing file /opt/airflow/dags/dag_transform_mart.py for tasks to queue
[2026-07-22T02:51:12.779+0000] {logging_mixin.py:190} INFO - [2026-07-22T02:51:12.779+0000] {dagbag.py:588} INFO - Filling up the DagBag from /opt/airflow/dags/dag_transform_mart.py
[2026-07-22T02:51:12.790+0000] {processor.py:925} INFO - DAG(s) 'dag_transform_mart' retrieved from /opt/airflow/dags/dag_transform_mart.py
[2026-07-22T02:51:12.806+0000] {logging_mixin.py:190} INFO - [2026-07-22T02:51:12.806+0000] {dag.py:3239} INFO - Sync 1 DAGs
[2026-07-22T02:51:12.818+0000] {logging_mixin.py:190} INFO - [2026-07-22T02:51:12.818+0000] {dag.py:4180} INFO - Setting next_dagrun for dag_transform_mart to 2026-07-21 03:30:00+00:00, run_after=2026-07-22 03:30:00+00:00
[2026-07-22T02:51:12.827+0000] {processor.py:208} INFO - Processing /opt/airflow/dags/dag_transform_mart.py took 0.056 seconds
[2026-07-22T03:16:25.904+0000] {processor.py:186} INFO - Started process (PID=26545) to work on /opt/airflow/dags/dag_transform_mart.py
[2026-07-22T03:16:25.905+0000] {processor.py:914} INFO - Processing file /opt/airflow/dags/dag_transform_mart.py for tasks to queue
[2026-07-22T03:16:25.906+0000] {logging_mixin.py:190} INFO - [2026-07-22T03:16:25.906+0000] {dagbag.py:588} INFO - Filling up the DagBag from /opt/airflow/dags/dag_transform_mart.py
[2026-07-22T03:16:25.912+0000] {processor.py:925} INFO - DAG(s) 'dag_transform_mart' retrieved from /opt/airflow/dags/dag_transform_mart.py
[2026-07-22T03:16:25.924+0000] {logging_mixin.py:190} INFO - [2026-07-22T03:16:25.924+0000] {dag.py:3239} INFO - Sync 1 DAGs
[2026-07-22T03:16:25.934+0000] {logging_mixin.py:190} INFO - [2026-07-22T03:16:25.933+0000] {dag.py:4180} INFO - Setting next_dagrun for dag_transform_mart to 2026-07-21 03:30:00+00:00, run_after=2026-07-22 03:30:00+00:00
[2026-07-22T03:16:25.939+0000] {processor.py:208} INFO - Processing /opt/airflow/dags/dag_transform_mart.py took 0.038 seconds
[2026-07-22T04:30:46.570+0000] {processor.py:186} INFO - Started process (PID=26565) to work on /opt/airflow/dags/dag_transform_mart.py
[2026-07-22T04:30:46.570+0000] {processor.py:914} INFO - Processing file /opt/airflow/dags/dag_transform_mart.py for tasks to queue
[2026-07-22T04:30:46.572+0000] {logging_mixin.py:190} INFO - [2026-07-22T04:30:46.572+0000] {dagbag.py:588} INFO - Filling up the DagBag from /opt/airflow/dags/dag_transform_mart.py
[2026-07-22T04:30:46.579+0000] {processor.py:925} INFO - DAG(s) 'dag_transform_mart' retrieved from /opt/airflow/dags/dag_transform_mart.py
[2026-07-22T04:30:46.599+0000] {logging_mixin.py:190} INFO - [2026-07-22T04:30:46.599+0000] {dag.py:3239} INFO - Sync 1 DAGs
[2026-07-22T04:30:46.610+0000] {logging_mixin.py:190} INFO - [2026-07-22T04:30:46.610+0000] {dag.py:4180} INFO - Setting next_dagrun for dag_transform_mart to 2026-07-21 03:30:00+00:00, run_after=2026-07-22 03:30:00+00:00
[2026-07-22T04:30:46.618+0000] {processor.py:208} INFO - Processing /opt/airflow/dags/dag_transform_mart.py took 0.054 seconds
[2026-07-22T06:01:42.098+0000] {processor.py:186} INFO - Started process (PID=26600) to work on /opt/airflow/dags/dag_transform_mart.py
[2026-07-22T06:01:42.099+0000] {processor.py:914} INFO - Processing file /opt/airflow/dags/dag_transform_mart.py for tasks to queue
[2026-07-22T06:01:42.101+0000] {logging_mixin.py:190} INFO - [2026-07-22T06:01:42.100+0000] {dagbag.py:588} INFO - Filling up the DagBag from /opt/airflow/dags/dag_transform_mart.py
[2026-07-22T06:01:42.109+0000] {processor.py:925} INFO - DAG(s) 'dag_transform_mart' retrieved from /opt/airflow/dags/dag_transform_mart.py
[2026-07-22T06:01:42.126+0000] {logging_mixin.py:190} INFO - [2026-07-22T06:01:42.125+0000] {dag.py:3239} INFO - Sync 1 DAGs
[2026-07-22T06:01:42.143+0000] {processor.py:208} INFO - Processing /opt/airflow/dags/dag_transform_mart.py took 0.051 seconds
[2026-07-22T07:02:25.101+0000] {processor.py:186} INFO - Started process (PID=26636) to work on /opt/airflow/dags/dag_transform_mart.py
[2026-07-22T07:02:25.102+0000] {processor.py:914} INFO - Processing file /opt/airflow/dags/dag_transform_mart.py for tasks to queue
[2026-07-22T07:02:25.106+0000] {logging_mixin.py:190} INFO - [2026-07-22T07:02:25.106+0000] {dagbag.py:588} INFO - Filling up the DagBag from /opt/airflow/dags/dag_transform_mart.py
[2026-07-22T07:02:25.117+0000] {processor.py:925} INFO - DAG(s) 'dag_transform_mart' retrieved from /opt/airflow/dags/dag_transform_mart.py
[2026-07-22T07:02:25.146+0000] {logging_mixin.py:190} INFO - [2026-07-22T07:02:25.146+0000] {dag.py:3239} INFO - Sync 1 DAGs
[2026-07-22T07:02:25.176+0000] {processor.py:208} INFO - Processing /opt/airflow/dags/dag_transform_mart.py took 0.079 seconds
[2026-07-22T08:03:23.843+0000] {processor.py:186} INFO - Started process (PID=26667) to work on /opt/airflow/dags/dag_transform_mart.py
[2026-07-22T08:03:23.844+0000] {processor.py:914} INFO - Processing file /opt/airflow/dags/dag_transform_mart.py for tasks to queue
[2026-07-22T08:03:23.845+0000] {logging_mixin.py:190} INFO - [2026-07-22T08:03:23.845+0000] {dagbag.py:588} INFO - Filling up the DagBag from /opt/airflow/dags/dag_transform_mart.py
[2026-07-22T08:03:23.853+0000] {processor.py:925} INFO - DAG(s) 'dag_transform_mart' retrieved from /opt/airflow/dags/dag_transform_mart.py
[2026-07-22T08:03:23.870+0000] {logging_mixin.py:190} INFO - [2026-07-22T08:03:23.870+0000] {dag.py:3239} INFO - Sync 1 DAGs
[2026-07-22T08:03:23.883+0000] {logging_mixin.py:190} INFO - [2026-07-22T08:03:23.883+0000] {dag.py:4180} INFO - Setting next_dagrun for dag_transform_mart to 2026-07-22 03:30:00+00:00, run_after=2026-07-23 03:30:00+00:00
[2026-07-22T08:03:23.891+0000] {processor.py:208} INFO - Processing /opt/airflow/dags/dag_transform_mart.py took 0.052 seconds
[2026-07-22T08:53:47.992+0000] {processor.py:186} INFO - Started process (PID=26693) to work on /opt/airflow/dags/dag_transform_mart.py
[2026-07-22T08:53:47.994+0000] {processor.py:914} INFO - Processing file /opt/airflow/dags/dag_transform_mart.py for tasks to queue
[2026-07-22T08:53:47.996+0000] {logging_mixin.py:190} INFO - [2026-07-22T08:53:47.996+0000] {dagbag.py:588} INFO - Filling up the DagBag from /opt/airflow/dags/dag_transform_mart.py
[2026-07-22T08:53:48.005+0000] {processor.py:925} INFO - DAG(s) 'dag_transform_mart' retrieved from /opt/airflow/dags/dag_transform_mart.py
[2026-07-22T08:53:48.025+0000] {logging_mixin.py:190} INFO - [2026-07-22T08:53:48.025+0000] {dag.py:3239} INFO - Sync 1 DAGs
[2026-07-22T08:53:48.035+0000] {logging_mixin.py:190} INFO - [2026-07-22T08:53:48.035+0000] {dag.py:4180} INFO - Setting next_dagrun for dag_transform_mart to 2026-07-22 03:30:00+00:00, run_after=2026-07-23 03:30:00+00:00
[2026-07-22T08:53:48.042+0000] {processor.py:208} INFO - Processing /opt/airflow/dags/dag_transform_mart.py took 0.056 seconds
[2026-07-22T09:43:07.435+0000] {processor.py:186} INFO - Started process (PID=26716) to work on /opt/airflow/dags/dag_transform_mart.py
[2026-07-22T09:43:07.437+0000] {processor.py:914} INFO - Processing file /opt/airflow/dags/dag_transform_mart.py for tasks to queue
[2026-07-22T09:43:07.439+0000] {logging_mixin.py:190} INFO - [2026-07-22T09:43:07.439+0000] {dagbag.py:588} INFO - Filling up the DagBag from /opt/airflow/dags/dag_transform_mart.py
[2026-07-22T09:43:07.447+0000] {processor.py:925} INFO - DAG(s) 'dag_transform_mart' retrieved from /opt/airflow/dags/dag_transform_mart.py
[2026-07-22T09:43:07.468+0000] {logging_mixin.py:190} INFO - [2026-07-22T09:43:07.468+0000] {dag.py:3239} INFO - Sync 1 DAGs
[2026-07-22T09:43:07.484+0000] {logging_mixin.py:190} INFO - [2026-07-22T09:43:07.484+0000] {dag.py:4180} INFO - Setting next_dagrun for dag_transform_mart to 2026-07-22 03:30:00+00:00, run_after=2026-07-23 03:30:00+00:00
[2026-07-22T09:43:07.497+0000] {processor.py:208} INFO - Processing /opt/airflow/dags/dag_transform_mart.py took 0.065 seconds
[2026-07-22T10:38:30.793+0000] {processor.py:186} INFO - Started process (PID=26742) to work on /opt/airflow/dags/dag_transform_mart.py
[2026-07-22T10:38:30.794+0000] {processor.py:914} INFO - Processing file /opt/airflow/dags/dag_transform_mart.py for tasks to queue
[2026-07-22T10:38:30.795+0000] {logging_mixin.py:190} INFO - [2026-07-22T10:38:30.795+0000] {dagbag.py:588} INFO - Filling up the DagBag from /opt/airflow/dags/dag_transform_mart.py
[2026-07-22T10:38:30.803+0000] {processor.py:925} INFO - DAG(s) 'dag_transform_mart' retrieved from /opt/airflow/dags/dag_transform_mart.py
[2026-07-22T10:38:30.815+0000] {logging_mixin.py:190} INFO - [2026-07-22T10:38:30.815+0000] {dag.py:3239} INFO - Sync 1 DAGs
[2026-07-22T10:38:30.824+0000] {logging_mixin.py:190} INFO - [2026-07-22T10:38:30.824+0000] {dag.py:4180} INFO - Setting next_dagrun for dag_transform_mart to 2026-07-22 03:30:00+00:00, run_after=2026-07-23 03:30:00+00:00
[2026-07-22T10:38:30.832+0000] {processor.py:208} INFO - Processing /opt/airflow/dags/dag_transform_mart.py took 0.043 seconds
[2026-07-22T11:44:07.213+0000] {processor.py:186} INFO - Started process (PID=26765) to work on /opt/airflow/dags/dag_transform_mart.py
[2026-07-22T11:44:07.214+0000] {processor.py:914} INFO - Processing file /opt/airflow/dags/dag_transform_mart.py for tasks to queue
[2026-07-22T11:44:07.215+0000] {logging_mixin.py:190} INFO - [2026-07-22T11:44:07.215+0000] {dagbag.py:588} INFO - Filling up the DagBag from /opt/airflow/dags/dag_transform_mart.py
[2026-07-22T11:44:07.223+0000] {processor.py:925} INFO - DAG(s) 'dag_transform_mart' retrieved from /opt/airflow/dags/dag_transform_mart.py
[2026-07-22T11:44:07.242+0000] {logging_mixin.py:190} INFO - [2026-07-22T11:44:07.242+0000] {dag.py:3239} INFO - Sync 1 DAGs
[2026-07-22T11:44:07.252+0000] {logging_mixin.py:190} INFO - [2026-07-22T11:44:07.252+0000] {dag.py:4180} INFO - Setting next_dagrun for dag_transform_mart to 2026-07-22 03:30:00+00:00, run_after=2026-07-23 03:30:00+00:00
[2026-07-22T11:44:07.260+0000] {processor.py:208} INFO - Processing /opt/airflow/dags/dag_transform_mart.py took 0.051 seconds
[2026-07-22T12:27:38.569+0000] {processor.py:186} INFO - Started process (PID=26789) to work on /opt/airflow/dags/dag_transform_mart.py
[2026-07-22T12:27:38.570+0000] {processor.py:914} INFO - Processing file /opt/airflow/dags/dag_transform_mart.py for tasks to queue
[2026-07-22T12:27:38.573+0000] {logging_mixin.py:190} INFO - [2026-07-22T12:27:38.573+0000] {dagbag.py:588} INFO - Filling up the DagBag from /opt/airflow/dags/dag_transform_mart.py
[2026-07-22T12:27:38.585+0000] {processor.py:925} INFO - DAG(s) 'dag_transform_mart' retrieved from /opt/airflow/dags/dag_transform_mart.py
[2026-07-22T12:27:38.603+0000] {logging_mixin.py:190} INFO - [2026-07-22T12:27:38.603+0000] {dag.py:3239} INFO - Sync 1 DAGs
[2026-07-22T12:27:38.616+0000] {logging_mixin.py:190} INFO - [2026-07-22T12:27:38.616+0000] {dag.py:4180} INFO - Setting next_dagrun for dag_transform_mart to 2026-07-22 03:30:00+00:00, run_after=2026-07-23 03:30:00+00:00
[2026-07-22T12:27:38.624+0000] {processor.py:208} INFO - Processing /opt/airflow/dags/dag_transform_mart.py took 0.059 seconds
[2026-07-22T13:02:28.113+0000] {processor.py:186} INFO - Started process (PID=26817) to work on /opt/airflow/dags/dag_transform_mart.py
[2026-07-22T13:02:28.113+0000] {processor.py:914} INFO - Processing file /opt/airflow/dags/dag_transform_mart.py for tasks to queue
[2026-07-22T13:02:28.115+0000] {logging_mixin.py:190} INFO - [2026-07-22T13:02:28.115+0000] {dagbag.py:588} INFO - Filling up the DagBag from /opt/airflow/dags/dag_transform_mart.py
[2026-07-22T13:02:28.120+0000] {processor.py:925} INFO - DAG(s) 'dag_transform_mart' retrieved from /opt/airflow/dags/dag_transform_mart.py
[2026-07-22T13:02:28.136+0000] {logging_mixin.py:190} INFO - [2026-07-22T13:02:28.136+0000] {dag.py:3239} INFO - Sync 1 DAGs
[2026-07-22T13:02:28.145+0000] {logging_mixin.py:190} INFO - [2026-07-22T13:02:28.145+0000] {dag.py:4180} INFO - Setting next_dagrun for dag_transform_mart to 2026-07-22 03:30:00+00:00, run_after=2026-07-23 03:30:00+00:00
[2026-07-22T13:02:28.153+0000] {processor.py:208} INFO - Processing /opt/airflow/dags/dag_transform_mart.py took 0.043 seconds
[2026-07-22T14:09:22.730+0000] {processor.py:186} INFO - Started process (PID=26838) to work on /opt/airflow/dags/dag_transform_mart.py
[2026-07-22T14:09:22.730+0000] {processor.py:914} INFO - Processing file /opt/airflow/dags/dag_transform_mart.py for tasks to queue
[2026-07-22T14:09:22.733+0000] {logging_mixin.py:190} INFO - [2026-07-22T14:09:22.732+0000] {dagbag.py:588} INFO - Filling up the DagBag from /opt/airflow/dags/dag_transform_mart.py
[2026-07-22T14:09:22.740+0000] {processor.py:925} INFO - DAG(s) 'dag_transform_mart' retrieved from /opt/airflow/dags/dag_transform_mart.py
[2026-07-22T14:09:22.755+0000] {logging_mixin.py:190} INFO - [2026-07-22T14:09:22.755+0000] {dag.py:3239} INFO - Sync 1 DAGs
[2026-07-22T14:09:22.766+0000] {logging_mixin.py:190} INFO - [2026-07-22T14:09:22.766+0000] {dag.py:4180} INFO - Setting next_dagrun for dag_transform_mart to 2026-07-22 03:30:00+00:00, run_after=2026-07-23 03:30:00+00:00
[2026-07-22T14:09:22.775+0000] {processor.py:208} INFO - Processing /opt/airflow/dags/dag_transform_mart.py took 0.048 seconds
[2026-07-22T14:39:18.637+0000] {processor.py:186} INFO - Started process (PID=26863) to work on /opt/airflow/dags/dag_transform_mart.py
[2026-07-22T14:39:18.638+0000] {processor.py:914} INFO - Processing file /opt/airflow/dags/dag_transform_mart.py for tasks to queue
[2026-07-22T14:39:18.639+0000] {logging_mixin.py:190} INFO - [2026-07-22T14:39:18.639+0000] {dagbag.py:588} INFO - Filling up the DagBag from /opt/airflow/dags/dag_transform_mart.py
[2026-07-22T14:39:18.647+0000] {processor.py:925} INFO - DAG(s) 'dag_transform_mart' retrieved from /opt/airflow/dags/dag_transform_mart.py
[2026-07-22T14:39:18.666+0000] {logging_mixin.py:190} INFO - [2026-07-22T14:39:18.666+0000] {dag.py:3239} INFO - Sync 1 DAGs
[2026-07-22T14:39:18.679+0000] {logging_mixin.py:190} INFO - [2026-07-22T14:39:18.679+0000] {dag.py:4180} INFO - Setting next_dagrun for dag_transform_mart to 2026-07-22 03:30:00+00:00, run_after=2026-07-23 03:30:00+00:00
[2026-07-22T14:39:18.687+0000] {processor.py:208} INFO - Processing /opt/airflow/dags/dag_transform_mart.py took 0.056 seconds
[2026-07-22T15:35:12.914+0000] {processor.py:186} INFO - Started process (PID=26886) to work on /opt/airflow/dags/dag_transform_mart.py
[2026-07-22T15:35:12.914+0000] {processor.py:914} INFO - Processing file /opt/airflow/dags/dag_transform_mart.py for tasks to queue
[2026-07-22T15:35:12.916+0000] {logging_mixin.py:190} INFO - [2026-07-22T15:35:12.916+0000] {dagbag.py:588} INFO - Filling up the DagBag from /opt/airflow/dags/dag_transform_mart.py
[2026-07-22T15:35:12.928+0000] {processor.py:925} INFO - DAG(s) 'dag_transform_mart' retrieved from /opt/airflow/dags/dag_transform_mart.py
[2026-07-22T15:35:12.945+0000] {logging_mixin.py:190} INFO - [2026-07-22T15:35:12.945+0000] {dag.py:3239} INFO - Sync 1 DAGs
[2026-07-22T15:35:12.958+0000] {logging_mixin.py:190} INFO - [2026-07-22T15:35:12.958+0000] {dag.py:4180} INFO - Setting next_dagrun for dag_transform_mart to 2026-07-22 03:30:00+00:00, run_after=2026-07-23 03:30:00+00:00
[2026-07-22T15:35:12.964+0000] {processor.py:208} INFO - Processing /opt/airflow/dags/dag_transform_mart.py took 0.056 seconds
[2026-07-22T16:05:25.667+0000] {processor.py:186} INFO - Started process (PID=26912) to work on /opt/airflow/dags/dag_transform_mart.py
[2026-07-22T16:05:25.668+0000] {processor.py:914} INFO - Processing file /opt/airflow/dags/dag_transform_mart.py for tasks to queue
[2026-07-22T16:05:25.672+0000] {logging_mixin.py:190} INFO - [2026-07-22T16:05:25.672+0000] {dagbag.py:588} INFO - Filling up the DagBag from /opt/airflow/dags/dag_transform_mart.py
[2026-07-22T16:05:25.689+0000] {processor.py:925} INFO - DAG(s) 'dag_transform_mart' retrieved from /opt/airflow/dags/dag_transform_mart.py
[2026-07-22T16:05:25.723+0000] {logging_mixin.py:190} INFO - [2026-07-22T16:05:25.723+0000] {dag.py:3239} INFO - Sync 1 DAGs
[2026-07-22T16:05:25.738+0000] {logging_mixin.py:190} INFO - [2026-07-22T16:05:25.738+0000] {dag.py:4180} INFO - Setting next_dagrun for dag_transform_mart to 2026-07-22 03:30:00+00:00, run_after=2026-07-23 03:30:00+00:00
[2026-07-22T16:05:25.748+0000] {processor.py:208} INFO - Processing /opt/airflow/dags/dag_transform_mart.py took 0.095 seconds
[2026-07-22T16:05:56.150+0000] {processor.py:186} INFO - Started process (PID=26932) to work on /opt/airflow/dags/dag_transform_mart.py
[2026-07-22T16:05:56.151+0000] {processor.py:914} INFO - Processing file /opt/airflow/dags/dag_transform_mart.py for tasks to queue
[2026-07-22T16:05:56.155+0000] {logging_mixin.py:190} INFO - [2026-07-22T16:05:56.154+0000] {dagbag.py:588} INFO - Filling up the DagBag from /opt/airflow/dags/dag_transform_mart.py
[2026-07-22T16:05:56.171+0000] {processor.py:925} INFO - DAG(s) 'dag_transform_mart' retrieved from /opt/airflow/dags/dag_transform_mart.py
[2026-07-22T16:05:56.203+0000] {logging_mixin.py:190} INFO - [2026-07-22T16:05:56.203+0000] {dag.py:3239} INFO - Sync 1 DAGs
[2026-07-22T16:05:56.221+0000] {logging_mixin.py:190} INFO - [2026-07-22T16:05:56.221+0000] {dag.py:4180} INFO - Setting next_dagrun for dag_transform_mart to 2026-07-22 03:30:00+00:00, run_after=2026-07-23 03:30:00+00:00
[2026-07-22T16:05:56.236+0000] {processor.py:208} INFO - Processing /opt/airflow/dags/dag_transform_mart.py took 0.097 seconds
[2026-07-22T16:06:26.670+0000] {processor.py:186} INFO - Started process (PID=26952) to work on /opt/airflow/dags/dag_transform_mart.py
[2026-07-22T16:06:26.672+0000] {processor.py:914} INFO - Processing file /opt/airflow/dags/dag_transform_mart.py for tasks to queue
[2026-07-22T16:06:26.675+0000] {logging_mixin.py:190} INFO - [2026-07-22T16:06:26.675+0000] {dagbag.py:588} INFO - Filling up the DagBag from /opt/airflow/dags/dag_transform_mart.py
[2026-07-22T16:06:26.686+0000] {processor.py:925} INFO - DAG(s) 'dag_transform_mart' retrieved from /opt/airflow/dags/dag_transform_mart.py
[2026-07-22T16:06:26.705+0000] {logging_mixin.py:190} INFO - [2026-07-22T16:06:26.705+0000] {dag.py:3239} INFO - Sync 1 DAGs
[2026-07-22T16:06:26.720+0000] {logging_mixin.py:190} INFO - [2026-07-22T16:06:26.720+0000] {dag.py:4180} INFO - Setting next_dagrun for dag_transform_mart to 2026-07-22 03:30:00+00:00, run_after=2026-07-23 03:30:00+00:00
[2026-07-22T16:06:26.728+0000] {processor.py:208} INFO - Processing /opt/airflow/dags/dag_transform_mart.py took 0.065 seconds
[2026-07-22T16:06:57.214+0000] {processor.py:186} INFO - Started process (PID=26972) to work on /opt/airflow/dags/dag_transform_mart.py
[2026-07-22T16:06:57.216+0000] {processor.py:914} INFO - Processing file /opt/airflow/dags/dag_transform_mart.py for tasks to queue
[2026-07-22T16:06:57.220+0000] {logging_mixin.py:190} INFO - [2026-07-22T16:06:57.219+0000] {dagbag.py:588} INFO - Filling up the DagBag from /opt/airflow/dags/dag_transform_mart.py
[2026-07-22T16:06:57.232+0000] {processor.py:925} INFO - DAG(s) 'dag_transform_mart' retrieved from /opt/airflow/dags/dag_transform_mart.py
[2026-07-22T16:06:57.251+0000] {logging_mixin.py:190} INFO - [2026-07-22T16:06:57.251+0000] {dag.py:3239} INFO - Sync 1 DAGs
[2026-07-22T16:06:57.262+0000] {logging_mixin.py:190} INFO - [2026-07-22T16:06:57.262+0000] {dag.py:4180} INFO - Setting next_dagrun for dag_transform_mart to 2026-07-22 03:30:00+00:00, run_after=2026-07-23 03:30:00+00:00
[2026-07-22T16:06:57.269+0000] {processor.py:208} INFO - Processing /opt/airflow/dags/dag_transform_mart.py took 0.064 seconds
[2026-07-22T16:07:27.631+0000] {processor.py:186} INFO - Started process (PID=26992) to work on /opt/airflow/dags/dag_transform_mart.py
[2026-07-22T16:07:27.632+0000] {processor.py:914} INFO - Processing file /opt/airflow/dags/dag_transform_mart.py for tasks to queue
[2026-07-22T16:07:27.636+0000] {logging_mixin.py:190} INFO - [2026-07-22T16:07:27.636+0000] {dagbag.py:588} INFO - Filling up the DagBag from /opt/airflow/dags/dag_transform_mart.py
[2026-07-22T16:07:27.648+0000] {processor.py:925} INFO - DAG(s) 'dag_transform_mart' retrieved from /opt/airflow/dags/dag_transform_mart.py
[2026-07-22T16:07:27.665+0000] {logging_mixin.py:190} INFO - [2026-07-22T16:07:27.665+0000] {dag.py:3239} INFO - Sync 1 DAGs
[2026-07-22T16:07:27.678+0000] {logging_mixin.py:190} INFO - [2026-07-22T16:07:27.678+0000] {dag.py:4180} INFO - Setting next_dagrun for dag_transform_mart to 2026-07-22 03:30:00+00:00, run_after=2026-07-23 03:30:00+00:00
[2026-07-22T16:07:27.688+0000] {processor.py:208} INFO - Processing /opt/airflow/dags/dag_transform_mart.py took 0.064 seconds
[2026-07-22T16:07:58.063+0000] {processor.py:186} INFO - Started process (PID=27012) to work on /opt/airflow/dags/dag_transform_mart.py
[2026-07-22T16:07:58.064+0000] {processor.py:914} INFO - Processing file /opt/airflow/dags/dag_transform_mart.py for tasks to queue
[2026-07-22T16:07:58.066+0000] {logging_mixin.py:190} INFO - [2026-07-22T16:07:58.066+0000] {dagbag.py:588} INFO - Filling up the DagBag from /opt/airflow/dags/dag_transform_mart.py
[2026-07-22T16:07:58.079+0000] {processor.py:925} INFO - DAG(s) 'dag_transform_mart' retrieved from /opt/airflow/dags/dag_transform_mart.py
[2026-07-22T16:07:58.092+0000] {logging_mixin.py:190} INFO - [2026-07-22T16:07:58.092+0000] {dag.py:3239} INFO - Sync 1 DAGs
[2026-07-22T16:07:58.101+0000] {logging_mixin.py:190} INFO - [2026-07-22T16:07:58.101+0000] {dag.py:4180} INFO - Setting next_dagrun for dag_transform_mart to 2026-07-22 03:30:00+00:00, run_after=2026-07-23 03:30:00+00:00
[2026-07-22T16:07:58.109+0000] {processor.py:208} INFO - Processing /opt/airflow/dags/dag_transform_mart.py took 0.049 seconds
[2026-07-22T16:08:28.479+0000] {processor.py:186} INFO - Started process (PID=27032) to work on /opt/airflow/dags/dag_transform_mart.py
[2026-07-22T16:08:28.480+0000] {processor.py:914} INFO - Processing file /opt/airflow/dags/dag_transform_mart.py for tasks to queue
[2026-07-22T16:08:28.482+0000] {logging_mixin.py:190} INFO - [2026-07-22T16:08:28.482+0000] {dagbag.py:588} INFO - Filling up the DagBag from /opt/airflow/dags/dag_transform_mart.py
[2026-07-22T16:08:28.491+0000] {processor.py:925} INFO - DAG(s) 'dag_transform_mart' retrieved from /opt/airflow/dags/dag_transform_mart.py
[2026-07-22T16:08:28.508+0000] {logging_mixin.py:190} INFO - [2026-07-22T16:08:28.508+0000] {dag.py:3239} INFO - Sync 1 DAGs
[2026-07-22T16:08:28.520+0000] {logging_mixin.py:190} INFO - [2026-07-22T16:08:28.520+0000] {dag.py:4180} INFO - Setting next_dagrun for dag_transform_mart to 2026-07-22 03:30:00+00:00, run_after=2026-07-23 03:30:00+00:00
[2026-07-22T16:08:28.528+0000] {processor.py:208} INFO - Processing /opt/airflow/dags/dag_transform_mart.py took 0.055 seconds
[2026-07-22T16:08:58.945+0000] {processor.py:186} INFO - Started process (PID=27052) to work on /opt/airflow/dags/dag_transform_mart.py
[2026-07-22T16:08:58.946+0000] {processor.py:914} INFO - Processing file /opt/airflow/dags/dag_transform_mart.py for tasks to queue
[2026-07-22T16:08:58.948+0000] {logging_mixin.py:190} INFO - [2026-07-22T16:08:58.948+0000] {dagbag.py:588} INFO - Filling up the DagBag from /opt/airflow/dags/dag_transform_mart.py
[2026-07-22T16:08:58.961+0000] {processor.py:925} INFO - DAG(s) 'dag_transform_mart' retrieved from /opt/airflow/dags/dag_transform_mart.py
[2026-07-22T16:08:58.978+0000] {logging_mixin.py:190} INFO - [2026-07-22T16:08:58.978+0000] {dag.py:3239} INFO - Sync 1 DAGs
[2026-07-22T16:08:58.988+0000] {logging_mixin.py:190} INFO - [2026-07-22T16:08:58.988+0000] {dag.py:4180} INFO - Setting next_dagrun for dag_transform_mart to 2026-07-22 03:30:00+00:00, run_after=2026-07-23 03:30:00+00:00
[2026-07-22T16:08:58.998+0000] {processor.py:208} INFO - Processing /opt/airflow/dags/dag_transform_mart.py took 0.060 seconds
[2026-07-22T16:09:29.391+0000] {processor.py:186} INFO - Started process (PID=27072) to work on /opt/airflow/dags/dag_transform_mart.py
[2026-07-22T16:09:29.392+0000] {processor.py:914} INFO - Processing file /opt/airflow/dags/dag_transform_mart.py for tasks to queue
[2026-07-22T16:09:29.395+0000] {logging_mixin.py:190} INFO - [2026-07-22T16:09:29.394+0000] {dagbag.py:588} INFO - Filling up the DagBag from /opt/airflow/dags/dag_transform_mart.py
[2026-07-22T16:09:29.406+0000] {processor.py:925} INFO - DAG(s) 'dag_transform_mart' retrieved from /opt/airflow/dags/dag_transform_mart.py
[2026-07-22T16:09:29.425+0000] {logging_mixin.py:190} INFO - [2026-07-22T16:09:29.425+0000] {dag.py:3239} INFO - Sync 1 DAGs
[2026-07-22T16:09:29.437+0000] {logging_mixin.py:190} INFO - [2026-07-22T16:09:29.437+0000] {dag.py:4180} INFO - Setting next_dagrun for dag_transform_mart to 2026-07-22 03:30:00+00:00, run_after=2026-07-23 03:30:00+00:00
[2026-07-22T16:09:29.444+0000] {processor.py:208} INFO - Processing /opt/airflow/dags/dag_transform_mart.py took 0.059 seconds
[2026-07-22T16:09:59.830+0000] {processor.py:186} INFO - Started process (PID=27092) to work on /opt/airflow/dags/dag_transform_mart.py
[2026-07-22T16:09:59.831+0000] {processor.py:914} INFO - Processing file /opt/airflow/dags/dag_transform_mart.py for tasks to queue
[2026-07-22T16:09:59.834+0000] {logging_mixin.py:190} INFO - [2026-07-22T16:09:59.834+0000] {dagbag.py:588} INFO - Filling up the DagBag from /opt/airflow/dags/dag_transform_mart.py
[2026-07-22T16:09:59.849+0000] {processor.py:925} INFO - DAG(s) 'dag_transform_mart' retrieved from /opt/airflow/dags/dag_transform_mart.py
[2026-07-22T16:09:59.868+0000] {logging_mixin.py:190} INFO - [2026-07-22T16:09:59.868+0000] {dag.py:3239} INFO - Sync 1 DAGs
[2026-07-22T16:09:59.880+0000] {logging_mixin.py:190} INFO - [2026-07-22T16:09:59.880+0000] {dag.py:4180} INFO - Setting next_dagrun for dag_transform_mart to 2026-07-22 03:30:00+00:00, run_after=2026-07-23 03:30:00+00:00
[2026-07-22T16:09:59.890+0000] {processor.py:208} INFO - Processing /opt/airflow/dags/dag_transform_mart.py took 0.070 seconds
[2026-07-22T16:10:30.283+0000] {processor.py:186} INFO - Started process (PID=27112) to work on /opt/airflow/dags/dag_transform_mart.py
[2026-07-22T16:10:30.285+0000] {processor.py:914} INFO - Processing file /opt/airflow/dags/dag_transform_mart.py for tasks to queue
[2026-07-22T16:10:30.288+0000] {logging_mixin.py:190} INFO - [2026-07-22T16:10:30.288+0000] {dagbag.py:588} INFO - Filling up the DagBag from /opt/airflow/dags/dag_transform_mart.py
[2026-07-22T16:10:30.303+0000] {processor.py:925} INFO - DAG(s) 'dag_transform_mart' retrieved from /opt/airflow/dags/dag_transform_mart.py
[2026-07-22T16:10:30.321+0000] {logging_mixin.py:190} INFO - [2026-07-22T16:10:30.321+0000] {dag.py:3239} INFO - Sync 1 DAGs
[2026-07-22T16:10:30.335+0000] {logging_mixin.py:190} INFO - [2026-07-22T16:10:30.335+0000] {dag.py:4180} INFO - Setting next_dagrun for dag_transform_mart to 2026-07-22 03:30:00+00:00, run_after=2026-07-23 03:30:00+00:00
[2026-07-22T16:10:30.346+0000] {processor.py:208} INFO - Processing /opt/airflow/dags/dag_transform_mart.py took 0.070 seconds
[2026-07-22T16:11:00.782+0000] {processor.py:186} INFO - Started process (PID=27132) to work on /opt/airflow/dags/dag_transform_mart.py
[2026-07-22T16:11:00.783+0000] {processor.py:914} INFO - Processing file /opt/airflow/dags/dag_transform_mart.py for tasks to queue
[2026-07-22T16:11:00.786+0000] {logging_mixin.py:190} INFO - [2026-07-22T16:11:00.785+0000] {dagbag.py:588} INFO - Filling up the DagBag from /opt/airflow/dags/dag_transform_mart.py
[2026-07-22T16:11:00.796+0000] {processor.py:925} INFO - DAG(s) 'dag_transform_mart' retrieved from /opt/airflow/dags/dag_transform_mart.py
[2026-07-22T16:11:00.814+0000] {logging_mixin.py:190} INFO - [2026-07-22T16:11:00.814+0000] {dag.py:3239} INFO - Sync 1 DAGs
[2026-07-22T16:11:00.825+0000] {logging_mixin.py:190} INFO - [2026-07-22T16:11:00.825+0000] {dag.py:4180} INFO - Setting next_dagrun for dag_transform_mart to 2026-07-22 03:30:00+00:00, run_after=2026-07-23 03:30:00+00:00
[2026-07-22T16:11:00.834+0000] {processor.py:208} INFO - Processing /opt/airflow/dags/dag_transform_mart.py took 0.059 seconds
[2026-07-22T16:11:31.220+0000] {processor.py:186} INFO - Started process (PID=27152) to work on /opt/airflow/dags/dag_transform_mart.py
[2026-07-22T16:11:31.221+0000] {processor.py:914} INFO - Processing file /opt/airflow/dags/dag_transform_mart.py for tasks to queue
[2026-07-22T16:11:31.223+0000] {logging_mixin.py:190} INFO - [2026-07-22T16:11:31.223+0000] {dagbag.py:588} INFO - Filling up the DagBag from /opt/airflow/dags/dag_transform_mart.py
[2026-07-22T16:11:31.235+0000] {processor.py:925} INFO - DAG(s) 'dag_transform_mart' retrieved from /opt/airflow/dags/dag_transform_mart.py
[2026-07-22T16:11:31.254+0000] {logging_mixin.py:190} INFO - [2026-07-22T16:11:31.254+0000] {dag.py:3239} INFO - Sync 1 DAGs
[2026-07-22T16:11:31.266+0000] {logging_mixin.py:190} INFO - [2026-07-22T16:11:31.266+0000] {dag.py:4180} INFO - Setting next_dagrun for dag_transform_mart to 2026-07-22 03:30:00+00:00, run_after=2026-07-23 03:30:00+00:00
[2026-07-22T16:11:31.276+0000] {processor.py:208} INFO - Processing /opt/airflow/dags/dag_transform_mart.py took 0.061 seconds
[2026-07-22T16:12:01.677+0000] {processor.py:186} INFO - Started process (PID=27172) to work on /opt/airflow/dags/dag_transform_mart.py
[2026-07-22T16:12:01.678+0000] {processor.py:914} INFO - Processing file /opt/airflow/dags/dag_transform_mart.py for tasks to queue
[2026-07-22T16:12:01.681+0000] {logging_mixin.py:190} INFO - [2026-07-22T16:12:01.681+0000] {dagbag.py:588} INFO - Filling up the DagBag from /opt/airflow/dags/dag_transform_mart.py
[2026-07-22T16:12:01.696+0000] {processor.py:925} INFO - DAG(s) 'dag_transform_mart' retrieved from /opt/airflow/dags/dag_transform_mart.py
[2026-07-22T16:12:01.717+0000] {logging_mixin.py:190} INFO - [2026-07-22T16:12:01.717+0000] {dag.py:3239} INFO - Sync 1 DAGs
[2026-07-22T16:12:01.729+0000] {logging_mixin.py:190} INFO - [2026-07-22T16:12:01.729+0000] {dag.py:4180} INFO - Setting next_dagrun for dag_transform_mart to 2026-07-22 03:30:00+00:00, run_after=2026-07-23 03:30:00+00:00
[2026-07-22T16:12:01.739+0000] {processor.py:208} INFO - Processing /opt/airflow/dags/dag_transform_mart.py took 0.070 seconds
[2026-07-22T16:12:32.166+0000] {processor.py:186} INFO - Started process (PID=27192) to work on /opt/airflow/dags/dag_transform_mart.py
[2026-07-22T16:12:32.167+0000] {processor.py:914} INFO - Processing file /opt/airflow/dags/dag_transform_mart.py for tasks to queue
[2026-07-22T16:12:32.170+0000] {logging_mixin.py:190} INFO - [2026-07-22T16:12:32.170+0000] {dagbag.py:588} INFO - Filling up the DagBag from /opt/airflow/dags/dag_transform_mart.py
[2026-07-22T16:12:32.181+0000] {processor.py:925} INFO - DAG(s) 'dag_transform_mart' retrieved from /opt/airflow/dags/dag_transform_mart.py
[2026-07-22T16:12:32.199+0000] {logging_mixin.py:190} INFO - [2026-07-22T16:12:32.199+0000] {dag.py:3239} INFO - Sync 1 DAGs
[2026-07-22T16:12:32.211+0000] {logging_mixin.py:190} INFO - [2026-07-22T16:12:32.211+0000] {dag.py:4180} INFO - Setting next_dagrun for dag_transform_mart to 2026-07-22 03:30:00+00:00, run_after=2026-07-23 03:30:00+00:00
[2026-07-22T16:12:32.219+0000] {processor.py:208} INFO - Processing /opt/airflow/dags/dag_transform_mart.py took 0.062 seconds
[2026-07-22T16:13:02.577+0000] {processor.py:186} INFO - Started process (PID=27212) to work on /opt/airflow/dags/dag_transform_mart.py
[2026-07-22T16:13:02.579+0000] {processor.py:914} INFO - Processing file /opt/airflow/dags/dag_transform_mart.py for tasks to queue
[2026-07-22T16:13:02.581+0000] {logging_mixin.py:190} INFO - [2026-07-22T16:13:02.581+0000] {dagbag.py:588} INFO - Filling up the DagBag from /opt/airflow/dags/dag_transform_mart.py
[2026-07-22T16:13:02.591+0000] {processor.py:925} INFO - DAG(s) 'dag_transform_mart' retrieved from /opt/airflow/dags/dag_transform_mart.py
[2026-07-22T16:13:02.607+0000] {logging_mixin.py:190} INFO - [2026-07-22T16:13:02.607+0000] {dag.py:3239} INFO - Sync 1 DAGs
[2026-07-22T16:13:02.617+0000] {logging_mixin.py:190} INFO - [2026-07-22T16:13:02.617+0000] {dag.py:4180} INFO - Setting next_dagrun for dag_transform_mart to 2026-07-22 03:30:00+00:00, run_after=2026-07-23 03:30:00+00:00
[2026-07-22T16:13:02.627+0000] {processor.py:208} INFO - Processing /opt/airflow/dags/dag_transform_mart.py took 0.054 seconds
[2026-07-22T16:13:32.969+0000] {processor.py:186} INFO - Started process (PID=27232) to work on /opt/airflow/dags/dag_transform_mart.py
[2026-07-22T16:13:32.971+0000] {processor.py:914} INFO - Processing file /opt/airflow/dags/dag_transform_mart.py for tasks to queue
[2026-07-22T16:13:32.974+0000] {logging_mixin.py:190} INFO - [2026-07-22T16:13:32.974+0000] {dagbag.py:588} INFO - Filling up the DagBag from /opt/airflow/dags/dag_transform_mart.py
[2026-07-22T16:13:32.982+0000] {processor.py:925} INFO - DAG(s) 'dag_transform_mart' retrieved from /opt/airflow/dags/dag_transform_mart.py
[2026-07-22T16:13:33.000+0000] {logging_mixin.py:190} INFO - [2026-07-22T16:13:32.999+0000] {dag.py:3239} INFO - Sync 1 DAGs
[2026-07-22T16:13:33.010+0000] {logging_mixin.py:190} INFO - [2026-07-22T16:13:33.010+0000] {dag.py:4180} INFO - Setting next_dagrun for dag_transform_mart to 2026-07-22 03:30:00+00:00, run_after=2026-07-23 03:30:00+00:00
[2026-07-22T16:13:33.018+0000] {processor.py:208} INFO - Processing /opt/airflow/dags/dag_transform_mart.py took 0.055 seconds
[2026-07-22T16:14:03.419+0000] {processor.py:186} INFO - Started process (PID=27252) to work on /opt/airflow/dags/dag_transform_mart.py
[2026-07-22T16:14:03.420+0000] {processor.py:914} INFO - Processing file /opt/airflow/dags/dag_transform_mart.py for tasks to queue
[2026-07-22T16:14:03.424+0000] {logging_mixin.py:190} INFO - [2026-07-22T16:14:03.423+0000] {dagbag.py:588} INFO - Filling up the DagBag from /opt/airflow/dags/dag_transform_mart.py
[2026-07-22T16:14:03.434+0000] {processor.py:925} INFO - DAG(s) 'dag_transform_mart' retrieved from /opt/airflow/dags/dag_transform_mart.py
[2026-07-22T16:14:03.450+0000] {logging_mixin.py:190} INFO - [2026-07-22T16:14:03.450+0000] {dag.py:3239} INFO - Sync 1 DAGs
[2026-07-22T16:14:03.461+0000] {logging_mixin.py:190} INFO - [2026-07-22T16:14:03.461+0000] {dag.py:4180} INFO - Setting next_dagrun for dag_transform_mart to 2026-07-22 03:30:00+00:00, run_after=2026-07-23 03:30:00+00:00
[2026-07-22T16:14:03.469+0000] {processor.py:208} INFO - Processing /opt/airflow/dags/dag_transform_mart.py took 0.058 seconds
[2026-07-22T16:14:33.861+0000] {processor.py:186} INFO - Started process (PID=27272) to work on /opt/airflow/dags/dag_transform_mart.py
[2026-07-22T16:14:33.862+0000] {processor.py:914} INFO - Processing file /opt/airflow/dags/dag_transform_mart.py for tasks to queue
[2026-07-22T16:14:33.866+0000] {logging_mixin.py:190} INFO - [2026-07-22T16:14:33.866+0000] {dagbag.py:588} INFO - Filling up the DagBag from /opt/airflow/dags/dag_transform_mart.py
[2026-07-22T16:14:33.886+0000] {processor.py:925} INFO - DAG(s) 'dag_transform_mart' retrieved from /opt/airflow/dags/dag_transform_mart.py
[2026-07-22T16:14:33.909+0000] {logging_mixin.py:190} INFO - [2026-07-22T16:14:33.909+0000] {dag.py:3239} INFO - Sync 1 DAGs
[2026-07-22T16:14:33.927+0000] {logging_mixin.py:190} INFO - [2026-07-22T16:14:33.927+0000] {dag.py:4180} INFO - Setting next_dagrun for dag_transform_mart to 2026-07-22 03:30:00+00:00, run_after=2026-07-23 03:30:00+00:00
[2026-07-22T16:14:33.938+0000] {processor.py:208} INFO - Processing /opt/airflow/dags/dag_transform_mart.py took 0.088 seconds
[2026-07-22T16:15:04.336+0000] {processor.py:186} INFO - Started process (PID=27292) to work on /opt/airflow/dags/dag_transform_mart.py
[2026-07-22T16:15:04.338+0000] {processor.py:914} INFO - Processing file /opt/airflow/dags/dag_transform_mart.py for tasks to queue
[2026-07-22T16:15:04.341+0000] {logging_mixin.py:190} INFO - [2026-07-22T16:15:04.341+0000] {dagbag.py:588} INFO - Filling up the DagBag from /opt/airflow/dags/dag_transform_mart.py
[2026-07-22T16:15:04.351+0000] {processor.py:925} INFO - DAG(s) 'dag_transform_mart' retrieved from /opt/airflow/dags/dag_transform_mart.py
[2026-07-22T16:15:04.368+0000] {logging_mixin.py:190} INFO - [2026-07-22T16:15:04.368+0000] {dag.py:3239} INFO - Sync 1 DAGs
[2026-07-22T16:15:04.379+0000] {logging_mixin.py:190} INFO - [2026-07-22T16:15:04.379+0000] {dag.py:4180} INFO - Setting next_dagrun for dag_transform_mart to 2026-07-22 03:30:00+00:00, run_after=2026-07-23 03:30:00+00:00
[2026-07-22T16:15:04.388+0000] {processor.py:208} INFO - Processing /opt/airflow/dags/dag_transform_mart.py took 0.059 seconds
[2026-07-22T16:15:34.815+0000] {processor.py:186} INFO - Started process (PID=27315) to work on /opt/airflow/dags/dag_transform_mart.py
[2026-07-22T16:15:34.816+0000] {processor.py:914} INFO - Processing file /opt/airflow/dags/dag_transform_mart.py for tasks to queue
[2026-07-22T16:15:34.817+0000] {logging_mixin.py:190} INFO - [2026-07-22T16:15:34.817+0000] {dagbag.py:588} INFO - Filling up the DagBag from /opt/airflow/dags/dag_transform_mart.py
[2026-07-22T16:15:34.824+0000] {processor.py:925} INFO - DAG(s) 'dag_transform_mart' retrieved from /opt/airflow/dags/dag_transform_mart.py
[2026-07-22T16:15:34.840+0000] {logging_mixin.py:190} INFO - [2026-07-22T16:15:34.840+0000] {dag.py:3239} INFO - Sync 1 DAGs
[2026-07-22T16:15:34.850+0000] {logging_mixin.py:190} INFO - [2026-07-22T16:15:34.850+0000] {dag.py:4180} INFO - Setting next_dagrun for dag_transform_mart to 2026-07-22 03:30:00+00:00, run_after=2026-07-23 03:30:00+00:00
[2026-07-22T16:15:34.859+0000] {processor.py:208} INFO - Processing /opt/airflow/dags/dag_transform_mart.py took 0.050 seconds
[2026-07-22T16:16:05.264+0000] {processor.py:186} INFO - Started process (PID=27335) to work on /opt/airflow/dags/dag_transform_mart.py
[2026-07-22T16:16:05.266+0000] {processor.py:914} INFO - Processing file /opt/airflow/dags/dag_transform_mart.py for tasks to queue
[2026-07-22T16:16:05.268+0000] {logging_mixin.py:190} INFO - [2026-07-22T16:16:05.268+0000] {dagbag.py:588} INFO - Filling up the DagBag from /opt/airflow/dags/dag_transform_mart.py
[2026-07-22T16:16:05.280+0000] {processor.py:925} INFO - DAG(s) 'dag_transform_mart' retrieved from /opt/airflow/dags/dag_transform_mart.py
[2026-07-22T16:16:05.297+0000] {logging_mixin.py:190} INFO - [2026-07-22T16:16:05.297+0000] {dag.py:3239} INFO - Sync 1 DAGs
[2026-07-22T16:16:05.308+0000] {logging_mixin.py:190} INFO - [2026-07-22T16:16:05.308+0000] {dag.py:4180} INFO - Setting next_dagrun for dag_transform_mart to 2026-07-22 03:30:00+00:00, run_after=2026-07-23 03:30:00+00:00
[2026-07-22T16:16:05.317+0000] {processor.py:208} INFO - Processing /opt/airflow/dags/dag_transform_mart.py took 0.063 seconds
[2026-07-22T16:16:35.633+0000] {processor.py:186} INFO - Started process (PID=27355) to work on /opt/airflow/dags/dag_transform_mart.py
[2026-07-22T16:16:35.634+0000] {processor.py:914} INFO - Processing file /opt/airflow/dags/dag_transform_mart.py for tasks to queue
[2026-07-22T16:16:35.637+0000] {logging_mixin.py:190} INFO - [2026-07-22T16:16:35.637+0000] {dagbag.py:588} INFO - Filling up the DagBag from /opt/airflow/dags/dag_transform_mart.py
[2026-07-22T16:16:35.646+0000] {processor.py:925} INFO - DAG(s) 'dag_transform_mart' retrieved from /opt/airflow/dags/dag_transform_mart.py
[2026-07-22T16:16:35.669+0000] {logging_mixin.py:190} INFO - [2026-07-22T16:16:35.669+0000] {dag.py:3239} INFO - Sync 1 DAGs
[2026-07-22T16:16:35.683+0000] {logging_mixin.py:190} INFO - [2026-07-22T16:16:35.682+0000] {dag.py:4180} INFO - Setting next_dagrun for dag_transform_mart to 2026-07-22 03:30:00+00:00, run_after=2026-07-23 03:30:00+00:00
[2026-07-22T16:16:35.692+0000] {processor.py:208} INFO - Processing /opt/airflow/dags/dag_transform_mart.py took 0.068 seconds
[2026-07-22T16:17:06.100+0000] {processor.py:186} INFO - Started process (PID=27375) to work on /opt/airflow/dags/dag_transform_mart.py
[2026-07-22T16:17:06.101+0000] {processor.py:914} INFO - Processing file /opt/airflow/dags/dag_transform_mart.py for tasks to queue
[2026-07-22T16:17:06.103+0000] {logging_mixin.py:190} INFO - [2026-07-22T16:17:06.103+0000] {dagbag.py:588} INFO - Filling up the DagBag from /opt/airflow/dags/dag_transform_mart.py
[2026-07-22T16:17:06.114+0000] {processor.py:925} INFO - DAG(s) 'dag_transform_mart' retrieved from /opt/airflow/dags/dag_transform_mart.py
[2026-07-22T16:17:06.133+0000] {logging_mixin.py:190} INFO - [2026-07-22T16:17:06.133+0000] {dag.py:3239} INFO - Sync 1 DAGs
[2026-07-22T16:17:06.144+0000] {logging_mixin.py:190} INFO - [2026-07-22T16:17:06.144+0000] {dag.py:4180} INFO - Setting next_dagrun for dag_transform_mart to 2026-07-22 03:30:00+00:00, run_after=2026-07-23 03:30:00+00:00
[2026-07-22T16:17:06.152+0000] {processor.py:208} INFO - Processing /opt/airflow/dags/dag_transform_mart.py took 0.061 seconds
[2026-07-22T16:17:36.540+0000] {processor.py:186} INFO - Started process (PID=27395) to work on /opt/airflow/dags/dag_transform_mart.py
[2026-07-22T16:17:36.542+0000] {processor.py:914} INFO - Processing file /opt/airflow/dags/dag_transform_mart.py for tasks to queue
[2026-07-22T16:17:36.544+0000] {logging_mixin.py:190} INFO - [2026-07-22T16:17:36.544+0000] {dagbag.py:588} INFO - Filling up the DagBag from /opt/airflow/dags/dag_transform_mart.py
[2026-07-22T16:17:36.555+0000] {processor.py:925} INFO - DAG(s) 'dag_transform_mart' retrieved from /opt/airflow/dags/dag_transform_mart.py
[2026-07-22T16:17:36.575+0000] {logging_mixin.py:190} INFO - [2026-07-22T16:17:36.575+0000] {dag.py:3239} INFO - Sync 1 DAGs
[2026-07-22T16:17:36.589+0000] {logging_mixin.py:190} INFO - [2026-07-22T16:17:36.588+0000] {dag.py:4180} INFO - Setting next_dagrun for dag_transform_mart to 2026-07-22 03:30:00+00:00, run_after=2026-07-23 03:30:00+00:00
[2026-07-22T16:17:36.597+0000] {processor.py:208} INFO - Processing /opt/airflow/dags/dag_transform_mart.py took 0.066 seconds
[2026-07-22T16:18:07.003+0000] {processor.py:186} INFO - Started process (PID=27415) to work on /opt/airflow/dags/dag_transform_mart.py
[2026-07-22T16:18:07.005+0000] {processor.py:914} INFO - Processing file /opt/airflow/dags/dag_transform_mart.py for tasks to queue
[2026-07-22T16:18:07.008+0000] {logging_mixin.py:190} INFO - [2026-07-22T16:18:07.007+0000] {dagbag.py:588} INFO - Filling up the DagBag from /opt/airflow/dags/dag_transform_mart.py
[2026-07-22T16:18:07.023+0000] {processor.py:925} INFO - DAG(s) 'dag_transform_mart' retrieved from /opt/airflow/dags/dag_transform_mart.py
[2026-07-22T16:18:07.051+0000] {logging_mixin.py:190} INFO - [2026-07-22T16:18:07.051+0000] {dag.py:3239} INFO - Sync 1 DAGs
[2026-07-22T16:18:07.068+0000] {logging_mixin.py:190} INFO - [2026-07-22T16:18:07.068+0000] {dag.py:4180} INFO - Setting next_dagrun for dag_transform_mart to 2026-07-22 03:30:00+00:00, run_after=2026-07-23 03:30:00+00:00
[2026-07-22T16:18:07.078+0000] {processor.py:208} INFO - Processing /opt/airflow/dags/dag_transform_mart.py took 0.085 seconds
[2026-07-22T16:18:37.485+0000] {processor.py:186} INFO - Started process (PID=27435) to work on /opt/airflow/dags/dag_transform_mart.py
[2026-07-22T16:18:37.486+0000] {processor.py:914} INFO - Processing file /opt/airflow/dags/dag_transform_mart.py for tasks to queue
[2026-07-22T16:18:37.490+0000] {logging_mixin.py:190} INFO - [2026-07-22T16:18:37.490+0000] {dagbag.py:588} INFO - Filling up the DagBag from /opt/airflow/dags/dag_transform_mart.py
[2026-07-22T16:18:37.503+0000] {processor.py:925} INFO - DAG(s) 'dag_transform_mart' retrieved from /opt/airflow/dags/dag_transform_mart.py
[2026-07-22T16:18:37.523+0000] {logging_mixin.py:190} INFO - [2026-07-22T16:18:37.522+0000] {dag.py:3239} INFO - Sync 1 DAGs
[2026-07-22T16:18:37.536+0000] {logging_mixin.py:190} INFO - [2026-07-22T16:18:37.536+0000] {dag.py:4180} INFO - Setting next_dagrun for dag_transform_mart to 2026-07-22 03:30:00+00:00, run_after=2026-07-23 03:30:00+00:00
[2026-07-22T16:18:37.544+0000] {processor.py:208} INFO - Processing /opt/airflow/dags/dag_transform_mart.py took 0.066 seconds
[2026-07-22T16:19:07.910+0000] {processor.py:186} INFO - Started process (PID=27455) to work on /opt/airflow/dags/dag_transform_mart.py
[2026-07-22T16:19:07.910+0000] {processor.py:914} INFO - Processing file /opt/airflow/dags/dag_transform_mart.py for tasks to queue
[2026-07-22T16:19:07.912+0000] {logging_mixin.py:190} INFO - [2026-07-22T16:19:07.912+0000] {dagbag.py:588} INFO - Filling up the DagBag from /opt/airflow/dags/dag_transform_mart.py
[2026-07-22T16:19:07.919+0000] {processor.py:925} INFO - DAG(s) 'dag_transform_mart' retrieved from /opt/airflow/dags/dag_transform_mart.py
[2026-07-22T16:19:07.936+0000] {logging_mixin.py:190} INFO - [2026-07-22T16:19:07.935+0000] {dag.py:3239} INFO - Sync 1 DAGs
[2026-07-22T16:19:07.946+0000] {logging_mixin.py:190} INFO - [2026-07-22T16:19:07.946+0000] {dag.py:4180} INFO - Setting next_dagrun for dag_transform_mart to 2026-07-22 03:30:00+00:00, run_after=2026-07-23 03:30:00+00:00
[2026-07-22T16:19:07.954+0000] {processor.py:208} INFO - Processing /opt/airflow/dags/dag_transform_mart.py took 0.048 seconds
[2026-07-22T16:19:38.290+0000] {processor.py:186} INFO - Started process (PID=27475) to work on /opt/airflow/dags/dag_transform_mart.py
[2026-07-22T16:19:38.293+0000] {processor.py:914} INFO - Processing file /opt/airflow/dags/dag_transform_mart.py for tasks to queue
[2026-07-22T16:19:38.296+0000] {logging_mixin.py:190} INFO - [2026-07-22T16:19:38.295+0000] {dagbag.py:588} INFO - Filling up the DagBag from /opt/airflow/dags/dag_transform_mart.py
[2026-07-22T16:19:38.304+0000] {processor.py:925} INFO - DAG(s) 'dag_transform_mart' retrieved from /opt/airflow/dags/dag_transform_mart.py
[2026-07-22T16:19:38.319+0000] {logging_mixin.py:190} INFO - [2026-07-22T16:19:38.319+0000] {dag.py:3239} INFO - Sync 1 DAGs
[2026-07-22T16:19:38.329+0000] {logging_mixin.py:190} INFO - [2026-07-22T16:19:38.329+0000] {dag.py:4180} INFO - Setting next_dagrun for dag_transform_mart to 2026-07-22 03:30:00+00:00, run_after=2026-07-23 03:30:00+00:00
[2026-07-22T16:19:38.338+0000] {processor.py:208} INFO - Processing /opt/airflow/dags/dag_transform_mart.py took 0.058 seconds
[2026-07-22T16:20:08.759+0000] {processor.py:186} INFO - Started process (PID=27495) to work on /opt/airflow/dags/dag_transform_mart.py
[2026-07-22T16:20:08.760+0000] {processor.py:914} INFO - Processing file /opt/airflow/dags/dag_transform_mart.py for tasks to queue
[2026-07-22T16:20:08.762+0000] {logging_mixin.py:190} INFO - [2026-07-22T16:20:08.762+0000] {dagbag.py:588} INFO - Filling up the DagBag from /opt/airflow/dags/dag_transform_mart.py
[2026-07-22T16:20:08.771+0000] {processor.py:925} INFO - DAG(s) 'dag_transform_mart' retrieved from /opt/airflow/dags/dag_transform_mart.py
[2026-07-22T16:20:08.789+0000] {logging_mixin.py:190} INFO - [2026-07-22T16:20:08.789+0000] {dag.py:3239} INFO - Sync 1 DAGs
[2026-07-22T16:20:08.799+0000] {logging_mixin.py:190} INFO - [2026-07-22T16:20:08.799+0000] {dag.py:4180} INFO - Setting next_dagrun for dag_transform_mart to 2026-07-22 03:30:00+00:00, run_after=2026-07-23 03:30:00+00:00
[2026-07-22T16:20:08.806+0000] {processor.py:208} INFO - Processing /opt/airflow/dags/dag_transform_mart.py took 0.054 seconds
[2026-07-22T16:20:39.255+0000] {processor.py:186} INFO - Started process (PID=27515) to work on /opt/airflow/dags/dag_transform_mart.py
[2026-07-22T16:20:39.257+0000] {processor.py:914} INFO - Processing file /opt/airflow/dags/dag_transform_mart.py for tasks to queue
[2026-07-22T16:20:39.259+0000] {logging_mixin.py:190} INFO - [2026-07-22T16:20:39.259+0000] {dagbag.py:588} INFO - Filling up the DagBag from /opt/airflow/dags/dag_transform_mart.py
[2026-07-22T16:20:39.274+0000] {processor.py:925} INFO - DAG(s) 'dag_transform_mart' retrieved from /opt/airflow/dags/dag_transform_mart.py
[2026-07-22T16:20:39.297+0000] {logging_mixin.py:190} INFO - [2026-07-22T16:20:39.297+0000] {dag.py:3239} INFO - Sync 1 DAGs
[2026-07-22T16:20:39.312+0000] {logging_mixin.py:190} INFO - [2026-07-22T16:20:39.312+0000] {dag.py:4180} INFO - Setting next_dagrun for dag_transform_mart to 2026-07-22 03:30:00+00:00, run_after=2026-07-23 03:30:00+00:00
[2026-07-22T16:20:39.322+0000] {processor.py:208} INFO - Processing /opt/airflow/dags/dag_transform_mart.py took 0.073 seconds
[2026-07-22T16:21:09.704+0000] {processor.py:186} INFO - Started process (PID=27535) to work on /opt/airflow/dags/dag_transform_mart.py
[2026-07-22T16:21:09.706+0000] {processor.py:914} INFO - Processing file /opt/airflow/dags/dag_transform_mart.py for tasks to queue
[2026-07-22T16:21:09.708+0000] {logging_mixin.py:190} INFO - [2026-07-22T16:21:09.708+0000] {dagbag.py:588} INFO - Filling up the DagBag from /opt/airflow/dags/dag_transform_mart.py
[2026-07-22T16:21:09.718+0000] {processor.py:925} INFO - DAG(s) 'dag_transform_mart' retrieved from /opt/airflow/dags/dag_transform_mart.py
[2026-07-22T16:21:09.737+0000] {logging_mixin.py:190} INFO - [2026-07-22T16:21:09.736+0000] {dag.py:3239} INFO - Sync 1 DAGs
[2026-07-22T16:21:09.749+0000] {logging_mixin.py:190} INFO - [2026-07-22T16:21:09.749+0000] {dag.py:4180} INFO - Setting next_dagrun for dag_transform_mart to 2026-07-22 03:30:00+00:00, run_after=2026-07-23 03:30:00+00:00
[2026-07-22T16:21:09.758+0000] {processor.py:208} INFO - Processing /opt/airflow/dags/dag_transform_mart.py took 0.062 seconds
[2026-07-22T16:21:40.170+0000] {processor.py:186} INFO - Started process (PID=27555) to work on /opt/airflow/dags/dag_transform_mart.py
[2026-07-22T16:21:40.172+0000] {processor.py:914} INFO - Processing file /opt/airflow/dags/dag_transform_mart.py for tasks to queue
[2026-07-22T16:21:40.174+0000] {logging_mixin.py:190} INFO - [2026-07-22T16:21:40.174+0000] {dagbag.py:588} INFO - Filling up the DagBag from /opt/airflow/dags/dag_transform_mart.py
[2026-07-22T16:21:40.187+0000] {processor.py:925} INFO - DAG(s) 'dag_transform_mart' retrieved from /opt/airflow/dags/dag_transform_mart.py
[2026-07-22T16:21:40.206+0000] {logging_mixin.py:190} INFO - [2026-07-22T16:21:40.206+0000] {dag.py:3239} INFO - Sync 1 DAGs
[2026-07-22T16:21:40.216+0000] {logging_mixin.py:190} INFO - [2026-07-22T16:21:40.216+0000] {dag.py:4180} INFO - Setting next_dagrun for dag_transform_mart to 2026-07-22 03:30:00+00:00, run_after=2026-07-23 03:30:00+00:00
[2026-07-22T16:21:40.224+0000] {processor.py:208} INFO - Processing /opt/airflow/dags/dag_transform_mart.py took 0.062 seconds
[2026-07-22T16:22:10.601+0000] {processor.py:186} INFO - Started process (PID=27575) to work on /opt/airflow/dags/dag_transform_mart.py
[2026-07-22T16:22:10.602+0000] {processor.py:914} INFO - Processing file /opt/airflow/dags/dag_transform_mart.py for tasks to queue
[2026-07-22T16:22:10.603+0000] {logging_mixin.py:190} INFO - [2026-07-22T16:22:10.603+0000] {dagbag.py:588} INFO - Filling up the DagBag from /opt/airflow/dags/dag_transform_mart.py
[2026-07-22T16:22:10.610+0000] {processor.py:925} INFO - DAG(s) 'dag_transform_mart' retrieved from /opt/airflow/dags/dag_transform_mart.py
[2026-07-22T16:22:10.629+0000] {logging_mixin.py:190} INFO - [2026-07-22T16:22:10.629+0000] {dag.py:3239} INFO - Sync 1 DAGs
[2026-07-22T16:22:10.642+0000] {logging_mixin.py:190} INFO - [2026-07-22T16:22:10.642+0000] {dag.py:4180} INFO - Setting next_dagrun for dag_transform_mart to 2026-07-22 03:30:00+00:00, run_after=2026-07-23 03:30:00+00:00
[2026-07-22T16:22:10.652+0000] {processor.py:208} INFO - Processing /opt/airflow/dags/dag_transform_mart.py took 0.055 seconds
[2026-07-22T16:22:41.027+0000] {processor.py:186} INFO - Started process (PID=27595) to work on /opt/airflow/dags/dag_transform_mart.py
[2026-07-22T16:22:41.029+0000] {processor.py:914} INFO - Processing file /opt/airflow/dags/dag_transform_mart.py for tasks to queue
[2026-07-22T16:22:41.031+0000] {logging_mixin.py:190} INFO - [2026-07-22T16:22:41.031+0000] {dagbag.py:588} INFO - Filling up the DagBag from /opt/airflow/dags/dag_transform_mart.py
[2026-07-22T16:22:41.038+0000] {processor.py:925} INFO - DAG(s) 'dag_transform_mart' retrieved from /opt/airflow/dags/dag_transform_mart.py
[2026-07-22T16:22:41.058+0000] {logging_mixin.py:190} INFO - [2026-07-22T16:22:41.058+0000] {dag.py:3239} INFO - Sync 1 DAGs
[2026-07-22T16:22:41.068+0000] {logging_mixin.py:190} INFO - [2026-07-22T16:22:41.068+0000] {dag.py:4180} INFO - Setting next_dagrun for dag_transform_mart to 2026-07-22 03:30:00+00:00, run_after=2026-07-23 03:30:00+00:00
[2026-07-22T16:22:41.077+0000] {processor.py:208} INFO - Processing /opt/airflow/dags/dag_transform_mart.py took 0.056 seconds
[2026-07-22T16:23:11.474+0000] {processor.py:186} INFO - Started process (PID=27615) to work on /opt/airflow/dags/dag_transform_mart.py
[2026-07-22T16:23:11.475+0000] {processor.py:914} INFO - Processing file /opt/airflow/dags/dag_transform_mart.py for tasks to queue
[2026-07-22T16:23:11.477+0000] {logging_mixin.py:190} INFO - [2026-07-22T16:23:11.477+0000] {dagbag.py:588} INFO - Filling up the DagBag from /opt/airflow/dags/dag_transform_mart.py
[2026-07-22T16:23:11.494+0000] {processor.py:925} INFO - DAG(s) 'dag_transform_mart' retrieved from /opt/airflow/dags/dag_transform_mart.py
[2026-07-22T16:23:11.508+0000] {logging_mixin.py:190} INFO - [2026-07-22T16:23:11.508+0000] {dag.py:3239} INFO - Sync 1 DAGs
[2026-07-22T16:23:11.517+0000] {logging_mixin.py:190} INFO - [2026-07-22T16:23:11.517+0000] {dag.py:4180} INFO - Setting next_dagrun for dag_transform_mart to 2026-07-22 03:30:00+00:00, run_after=2026-07-23 03:30:00+00:00
[2026-07-22T16:23:11.525+0000] {processor.py:208} INFO - Processing /opt/airflow/dags/dag_transform_mart.py took 0.058 seconds
[2026-07-22T16:23:41.905+0000] {processor.py:186} INFO - Started process (PID=27635) to work on /opt/airflow/dags/dag_transform_mart.py
[2026-07-22T16:23:41.907+0000] {processor.py:914} INFO - Processing file /opt/airflow/dags/dag_transform_mart.py for tasks to queue
[2026-07-22T16:23:41.909+0000] {logging_mixin.py:190} INFO - [2026-07-22T16:23:41.909+0000] {dagbag.py:588} INFO - Filling up the DagBag from /opt/airflow/dags/dag_transform_mart.py
[2026-07-22T16:23:41.920+0000] {processor.py:925} INFO - DAG(s) 'dag_transform_mart' retrieved from /opt/airflow/dags/dag_transform_mart.py
[2026-07-22T16:23:41.942+0000] {logging_mixin.py:190} INFO - [2026-07-22T16:23:41.942+0000] {dag.py:3239} INFO - Sync 1 DAGs
[2026-07-22T16:23:41.952+0000] {logging_mixin.py:190} INFO - [2026-07-22T16:23:41.952+0000] {dag.py:4180} INFO - Setting next_dagrun for dag_transform_mart to 2026-07-22 03:30:00+00:00, run_after=2026-07-23 03:30:00+00:00
[2026-07-22T16:23:41.960+0000] {processor.py:208} INFO - Processing /opt/airflow/dags/dag_transform_mart.py took 0.061 seconds
[2026-07-22T16:24:12.369+0000] {processor.py:186} INFO - Started process (PID=27655) to work on /opt/airflow/dags/dag_transform_mart.py
[2026-07-22T16:24:12.370+0000] {processor.py:914} INFO - Processing file /opt/airflow/dags/dag_transform_mart.py for tasks to queue
[2026-07-22T16:24:12.373+0000] {logging_mixin.py:190} INFO - [2026-07-22T16:24:12.373+0000] {dagbag.py:588} INFO - Filling up the DagBag from /opt/airflow/dags/dag_transform_mart.py
[2026-07-22T16:24:12.383+0000] {processor.py:925} INFO - DAG(s) 'dag_transform_mart' retrieved from /opt/airflow/dags/dag_transform_mart.py
[2026-07-22T16:24:12.399+0000] {logging_mixin.py:190} INFO - [2026-07-22T16:24:12.399+0000] {dag.py:3239} INFO - Sync 1 DAGs
[2026-07-22T16:24:12.411+0000] {logging_mixin.py:190} INFO - [2026-07-22T16:24:12.411+0000] {dag.py:4180} INFO - Setting next_dagrun for dag_transform_mart to 2026-07-22 03:30:00+00:00, run_after=2026-07-23 03:30:00+00:00
[2026-07-22T16:24:12.419+0000] {processor.py:208} INFO - Processing /opt/airflow/dags/dag_transform_mart.py took 0.057 seconds
[2026-07-22T16:24:42.796+0000] {processor.py:186} INFO - Started process (PID=27675) to work on /opt/airflow/dags/dag_transform_mart.py
[2026-07-22T16:24:42.796+0000] {processor.py:914} INFO - Processing file /opt/airflow/dags/dag_transform_mart.py for tasks to queue
[2026-07-22T16:24:42.799+0000] {logging_mixin.py:190} INFO - [2026-07-22T16:24:42.798+0000] {dagbag.py:588} INFO - Filling up the DagBag from /opt/airflow/dags/dag_transform_mart.py
[2026-07-22T16:24:42.808+0000] {processor.py:925} INFO - DAG(s) 'dag_transform_mart' retrieved from /opt/airflow/dags/dag_transform_mart.py
[2026-07-22T16:24:42.824+0000] {logging_mixin.py:190} INFO - [2026-07-22T16:24:42.824+0000] {dag.py:3239} INFO - Sync 1 DAGs
[2026-07-22T16:24:42.833+0000] {logging_mixin.py:190} INFO - [2026-07-22T16:24:42.833+0000] {dag.py:4180} INFO - Setting next_dagrun for dag_transform_mart to 2026-07-22 03:30:00+00:00, run_after=2026-07-23 03:30:00+00:00
[2026-07-22T16:24:42.842+0000] {processor.py:208} INFO - Processing /opt/airflow/dags/dag_transform_mart.py took 0.052 seconds
[2026-07-22T16:25:13.217+0000] {processor.py:186} INFO - Started process (PID=27695) to work on /opt/airflow/dags/dag_transform_mart.py
[2026-07-22T16:25:13.218+0000] {processor.py:914} INFO - Processing file /opt/airflow/dags/dag_transform_mart.py for tasks to queue
[2026-07-22T16:25:13.220+0000] {logging_mixin.py:190} INFO - [2026-07-22T16:25:13.220+0000] {dagbag.py:588} INFO - Filling up the DagBag from /opt/airflow/dags/dag_transform_mart.py
[2026-07-22T16:25:13.228+0000] {processor.py:925} INFO - DAG(s) 'dag_transform_mart' retrieved from /opt/airflow/dags/dag_transform_mart.py
[2026-07-22T16:25:13.247+0000] {logging_mixin.py:190} INFO - [2026-07-22T16:25:13.246+0000] {dag.py:3239} INFO - Sync 1 DAGs
[2026-07-22T16:25:13.259+0000] {logging_mixin.py:190} INFO - [2026-07-22T16:25:13.259+0000] {dag.py:4180} INFO - Setting next_dagrun for dag_transform_mart to 2026-07-22 03:30:00+00:00, run_after=2026-07-23 03:30:00+00:00
[2026-07-22T16:25:13.269+0000] {processor.py:208} INFO - Processing /opt/airflow/dags/dag_transform_mart.py took 0.058 seconds
[2026-07-22T16:25:43.654+0000] {processor.py:186} INFO - Started process (PID=27715) to work on /opt/airflow/dags/dag_transform_mart.py
[2026-07-22T16:25:43.656+0000] {processor.py:914} INFO - Processing file /opt/airflow/dags/dag_transform_mart.py for tasks to queue
[2026-07-22T16:25:43.659+0000] {logging_mixin.py:190} INFO - [2026-07-22T16:25:43.658+0000] {dagbag.py:588} INFO - Filling up the DagBag from /opt/airflow/dags/dag_transform_mart.py
[2026-07-22T16:25:43.666+0000] {processor.py:925} INFO - DAG(s) 'dag_transform_mart' retrieved from /opt/airflow/dags/dag_transform_mart.py
[2026-07-22T16:25:43.680+0000] {logging_mixin.py:190} INFO - [2026-07-22T16:25:43.680+0000] {dag.py:3239} INFO - Sync 1 DAGs
[2026-07-22T16:25:43.693+0000] {logging_mixin.py:190} INFO - [2026-07-22T16:25:43.692+0000] {dag.py:4180} INFO - Setting next_dagrun for dag_transform_mart to 2026-07-22 03:30:00+00:00, run_after=2026-07-23 03:30:00+00:00
[2026-07-22T16:25:43.701+0000] {processor.py:208} INFO - Processing /opt/airflow/dags/dag_transform_mart.py took 0.053 seconds
[2026-07-22T16:26:14.102+0000] {processor.py:186} INFO - Started process (PID=27735) to work on /opt/airflow/dags/dag_transform_mart.py
[2026-07-22T16:26:14.103+0000] {processor.py:914} INFO - Processing file /opt/airflow/dags/dag_transform_mart.py for tasks to queue
[2026-07-22T16:26:14.105+0000] {logging_mixin.py:190} INFO - [2026-07-22T16:26:14.105+0000] {dagbag.py:588} INFO - Filling up the DagBag from /opt/airflow/dags/dag_transform_mart.py
[2026-07-22T16:26:14.113+0000] {processor.py:925} INFO - DAG(s) 'dag_transform_mart' retrieved from /opt/airflow/dags/dag_transform_mart.py
[2026-07-22T16:26:14.131+0000] {logging_mixin.py:190} INFO - [2026-07-22T16:26:14.131+0000] {dag.py:3239} INFO - Sync 1 DAGs
[2026-07-22T16:26:14.141+0000] {logging_mixin.py:190} INFO - [2026-07-22T16:26:14.141+0000] {dag.py:4180} INFO - Setting next_dagrun for dag_transform_mart to 2026-07-22 03:30:00+00:00, run_after=2026-07-23 03:30:00+00:00
[2026-07-22T16:26:14.150+0000] {processor.py:208} INFO - Processing /opt/airflow/dags/dag_transform_mart.py took 0.054 seconds
[2026-07-22T16:26:44.602+0000] {processor.py:186} INFO - Started process (PID=27758) to work on /opt/airflow/dags/dag_transform_mart.py
[2026-07-22T16:26:44.603+0000] {processor.py:914} INFO - Processing file /opt/airflow/dags/dag_transform_mart.py for tasks to queue
[2026-07-22T16:26:44.606+0000] {logging_mixin.py:190} INFO - [2026-07-22T16:26:44.606+0000] {dagbag.py:588} INFO - Filling up the DagBag from /opt/airflow/dags/dag_transform_mart.py
[2026-07-22T16:26:44.620+0000] {processor.py:925} INFO - DAG(s) 'dag_transform_mart' retrieved from /opt/airflow/dags/dag_transform_mart.py
[2026-07-22T16:26:44.635+0000] {logging_mixin.py:190} INFO - [2026-07-22T16:26:44.635+0000] {dag.py:3239} INFO - Sync 1 DAGs
[2026-07-22T16:26:44.644+0000] {logging_mixin.py:190} INFO - [2026-07-22T16:26:44.644+0000] {dag.py:4180} INFO - Setting next_dagrun for dag_transform_mart to 2026-07-22 03:30:00+00:00, run_after=2026-07-23 03:30:00+00:00
[2026-07-22T16:26:44.653+0000] {processor.py:208} INFO - Processing /opt/airflow/dags/dag_transform_mart.py took 0.058 seconds
[2026-07-22T16:27:15.015+0000] {processor.py:186} INFO - Started process (PID=27778) to work on /opt/airflow/dags/dag_transform_mart.py
[2026-07-22T16:27:15.017+0000] {processor.py:914} INFO - Processing file /opt/airflow/dags/dag_transform_mart.py for tasks to queue
[2026-07-22T16:27:15.020+0000] {logging_mixin.py:190} INFO - [2026-07-22T16:27:15.019+0000] {dagbag.py:588} INFO - Filling up the DagBag from /opt/airflow/dags/dag_transform_mart.py
[2026-07-22T16:27:15.031+0000] {processor.py:925} INFO - DAG(s) 'dag_transform_mart' retrieved from /opt/airflow/dags/dag_transform_mart.py
[2026-07-22T16:27:15.047+0000] {logging_mixin.py:190} INFO - [2026-07-22T16:27:15.047+0000] {dag.py:3239} INFO - Sync 1 DAGs
[2026-07-22T16:27:15.060+0000] {logging_mixin.py:190} INFO - [2026-07-22T16:27:15.060+0000] {dag.py:4180} INFO - Setting next_dagrun for dag_transform_mart to 2026-07-22 03:30:00+00:00, run_after=2026-07-23 03:30:00+00:00
[2026-07-22T16:27:15.070+0000] {processor.py:208} INFO - Processing /opt/airflow/dags/dag_transform_mart.py took 0.062 seconds
[2026-07-22T16:27:45.451+0000] {processor.py:186} INFO - Started process (PID=27798) to work on /opt/airflow/dags/dag_transform_mart.py
[2026-07-22T16:27:45.452+0000] {processor.py:914} INFO - Processing file /opt/airflow/dags/dag_transform_mart.py for tasks to queue
[2026-07-22T16:27:45.455+0000] {logging_mixin.py:190} INFO - [2026-07-22T16:27:45.454+0000] {dagbag.py:588} INFO - Filling up the DagBag from /opt/airflow/dags/dag_transform_mart.py
[2026-07-22T16:27:45.468+0000] {processor.py:925} INFO - DAG(s) 'dag_transform_mart' retrieved from /opt/airflow/dags/dag_transform_mart.py
[2026-07-22T16:27:45.485+0000] {logging_mixin.py:190} INFO - [2026-07-22T16:27:45.485+0000] {dag.py:3239} INFO - Sync 1 DAGs
[2026-07-22T16:27:45.494+0000] {logging_mixin.py:190} INFO - [2026-07-22T16:27:45.494+0000] {dag.py:4180} INFO - Setting next_dagrun for dag_transform_mart to 2026-07-22 03:30:00+00:00, run_after=2026-07-23 03:30:00+00:00
[2026-07-22T16:27:45.504+0000] {processor.py:208} INFO - Processing /opt/airflow/dags/dag_transform_mart.py took 0.061 seconds
[2026-07-22T16:28:15.891+0000] {processor.py:186} INFO - Started process (PID=27818) to work on /opt/airflow/dags/dag_transform_mart.py
[2026-07-22T16:28:15.894+0000] {processor.py:914} INFO - Processing file /opt/airflow/dags/dag_transform_mart.py for tasks to queue
[2026-07-22T16:28:15.898+0000] {logging_mixin.py:190} INFO - [2026-07-22T16:28:15.897+0000] {dagbag.py:588} INFO - Filling up the DagBag from /opt/airflow/dags/dag_transform_mart.py
[2026-07-22T16:28:15.912+0000] {processor.py:925} INFO - DAG(s) 'dag_transform_mart' retrieved from /opt/airflow/dags/dag_transform_mart.py
[2026-07-22T16:28:15.938+0000] {logging_mixin.py:190} INFO - [2026-07-22T16:28:15.938+0000] {dag.py:3239} INFO - Sync 1 DAGs
[2026-07-22T16:28:15.952+0000] {logging_mixin.py:190} INFO - [2026-07-22T16:28:15.952+0000] {dag.py:4180} INFO - Setting next_dagrun for dag_transform_mart to 2026-07-22 03:30:00+00:00, run_after=2026-07-23 03:30:00+00:00
[2026-07-22T16:28:15.961+0000] {processor.py:208} INFO - Processing /opt/airflow/dags/dag_transform_mart.py took 0.080 seconds
[2026-07-22T16:28:46.338+0000] {processor.py:186} INFO - Started process (PID=27838) to work on /opt/airflow/dags/dag_transform_mart.py
[2026-07-22T16:28:46.340+0000] {processor.py:914} INFO - Processing file /opt/airflow/dags/dag_transform_mart.py for tasks to queue
[2026-07-22T16:28:46.343+0000] {logging_mixin.py:190} INFO - [2026-07-22T16:28:46.342+0000] {dagbag.py:588} INFO - Filling up the DagBag from /opt/airflow/dags/dag_transform_mart.py
[2026-07-22T16:28:46.352+0000] {processor.py:925} INFO - DAG(s) 'dag_transform_mart' retrieved from /opt/airflow/dags/dag_transform_mart.py
[2026-07-22T16:28:46.370+0000] {logging_mixin.py:190} INFO - [2026-07-22T16:28:46.369+0000] {dag.py:3239} INFO - Sync 1 DAGs
[2026-07-22T16:28:46.380+0000] {logging_mixin.py:190} INFO - [2026-07-22T16:28:46.380+0000] {dag.py:4180} INFO - Setting next_dagrun for dag_transform_mart to 2026-07-22 03:30:00+00:00, run_after=2026-07-23 03:30:00+00:00
[2026-07-22T16:28:46.389+0000] {processor.py:208} INFO - Processing /opt/airflow/dags/dag_transform_mart.py took 0.057 seconds
[2026-07-22T16:29:16.778+0000] {processor.py:186} INFO - Started process (PID=27858) to work on /opt/airflow/dags/dag_transform_mart.py
[2026-07-22T16:29:16.780+0000] {processor.py:914} INFO - Processing file /opt/airflow/dags/dag_transform_mart.py for tasks to queue
[2026-07-22T16:29:16.784+0000] {logging_mixin.py:190} INFO - [2026-07-22T16:29:16.783+0000] {dagbag.py:588} INFO - Filling up the DagBag from /opt/airflow/dags/dag_transform_mart.py
[2026-07-22T16:29:16.799+0000] {processor.py:925} INFO - DAG(s) 'dag_transform_mart' retrieved from /opt/airflow/dags/dag_transform_mart.py
[2026-07-22T16:29:16.815+0000] {logging_mixin.py:190} INFO - [2026-07-22T16:29:16.814+0000] {dag.py:3239} INFO - Sync 1 DAGs
[2026-07-22T16:29:16.825+0000] {logging_mixin.py:190} INFO - [2026-07-22T16:29:16.825+0000] {dag.py:4180} INFO - Setting next_dagrun for dag_transform_mart to 2026-07-22 03:30:00+00:00, run_after=2026-07-23 03:30:00+00:00
[2026-07-22T16:29:16.834+0000] {processor.py:208} INFO - Processing /opt/airflow/dags/dag_transform_mart.py took 0.063 seconds
[2026-07-22T16:29:47.228+0000] {processor.py:186} INFO - Started process (PID=27878) to work on /opt/airflow/dags/dag_transform_mart.py
[2026-07-22T16:29:47.229+0000] {processor.py:914} INFO - Processing file /opt/airflow/dags/dag_transform_mart.py for tasks to queue
[2026-07-22T16:29:47.233+0000] {logging_mixin.py:190} INFO - [2026-07-22T16:29:47.233+0000] {dagbag.py:588} INFO - Filling up the DagBag from /opt/airflow/dags/dag_transform_mart.py
[2026-07-22T16:29:47.244+0000] {processor.py:925} INFO - DAG(s) 'dag_transform_mart' retrieved from /opt/airflow/dags/dag_transform_mart.py
[2026-07-22T16:29:47.264+0000] {logging_mixin.py:190} INFO - [2026-07-22T16:29:47.264+0000] {dag.py:3239} INFO - Sync 1 DAGs
[2026-07-22T16:29:47.275+0000] {logging_mixin.py:190} INFO - [2026-07-22T16:29:47.275+0000] {dag.py:4180} INFO - Setting next_dagrun for dag_transform_mart to 2026-07-22 03:30:00+00:00, run_after=2026-07-23 03:30:00+00:00
[2026-07-22T16:29:47.283+0000] {processor.py:208} INFO - Processing /opt/airflow/dags/dag_transform_mart.py took 0.064 seconds
[2026-07-22T16:30:17.664+0000] {processor.py:186} INFO - Started process (PID=27898) to work on /opt/airflow/dags/dag_transform_mart.py
[2026-07-22T16:30:17.667+0000] {processor.py:914} INFO - Processing file /opt/airflow/dags/dag_transform_mart.py for tasks to queue
[2026-07-22T16:30:17.670+0000] {logging_mixin.py:190} INFO - [2026-07-22T16:30:17.670+0000] {dagbag.py:588} INFO - Filling up the DagBag from /opt/airflow/dags/dag_transform_mart.py
[2026-07-22T16:30:17.679+0000] {processor.py:925} INFO - DAG(s) 'dag_transform_mart' retrieved from /opt/airflow/dags/dag_transform_mart.py
[2026-07-22T16:30:17.698+0000] {logging_mixin.py:190} INFO - [2026-07-22T16:30:17.698+0000] {dag.py:3239} INFO - Sync 1 DAGs
[2026-07-22T16:30:17.707+0000] {logging_mixin.py:190} INFO - [2026-07-22T16:30:17.707+0000] {dag.py:4180} INFO - Setting next_dagrun for dag_transform_mart to 2026-07-22 03:30:00+00:00, run_after=2026-07-23 03:30:00+00:00
[2026-07-22T16:30:17.716+0000] {processor.py:208} INFO - Processing /opt/airflow/dags/dag_transform_mart.py took 0.057 seconds
[2026-07-22T16:30:48.117+0000] {processor.py:186} INFO - Started process (PID=27918) to work on /opt/airflow/dags/dag_transform_mart.py
[2026-07-22T16:30:48.118+0000] {processor.py:914} INFO - Processing file /opt/airflow/dags/dag_transform_mart.py for tasks to queue
[2026-07-22T16:30:48.122+0000] {logging_mixin.py:190} INFO - [2026-07-22T16:30:48.121+0000] {dagbag.py:588} INFO - Filling up the DagBag from /opt/airflow/dags/dag_transform_mart.py
[2026-07-22T16:30:48.137+0000] {processor.py:925} INFO - DAG(s) 'dag_transform_mart' retrieved from /opt/airflow/dags/dag_transform_mart.py
[2026-07-22T16:30:48.152+0000] {logging_mixin.py:190} INFO - [2026-07-22T16:30:48.152+0000] {dag.py:3239} INFO - Sync 1 DAGs
[2026-07-22T16:30:48.162+0000] {logging_mixin.py:190} INFO - [2026-07-22T16:30:48.162+0000] {dag.py:4180} INFO - Setting next_dagrun for dag_transform_mart to 2026-07-22 03:30:00+00:00, run_after=2026-07-23 03:30:00+00:00
[2026-07-22T16:30:48.170+0000] {processor.py:208} INFO - Processing /opt/airflow/dags/dag_transform_mart.py took 0.063 seconds
[2026-07-22T16:31:18.527+0000] {processor.py:186} INFO - Started process (PID=27938) to work on /opt/airflow/dags/dag_transform_mart.py
[2026-07-22T16:31:18.528+0000] {processor.py:914} INFO - Processing file /opt/airflow/dags/dag_transform_mart.py for tasks to queue
[2026-07-22T16:31:18.530+0000] {logging_mixin.py:190} INFO - [2026-07-22T16:31:18.530+0000] {dagbag.py:588} INFO - Filling up the DagBag from /opt/airflow/dags/dag_transform_mart.py
[2026-07-22T16:31:18.538+0000] {processor.py:925} INFO - DAG(s) 'dag_transform_mart' retrieved from /opt/airflow/dags/dag_transform_mart.py
[2026-07-22T16:31:18.561+0000] {logging_mixin.py:190} INFO - [2026-07-22T16:31:18.560+0000] {dag.py:3239} INFO - Sync 1 DAGs
[2026-07-22T16:31:18.573+0000] {logging_mixin.py:190} INFO - [2026-07-22T16:31:18.573+0000] {dag.py:4180} INFO - Setting next_dagrun for dag_transform_mart to 2026-07-22 03:30:00+00:00, run_after=2026-07-23 03:30:00+00:00
[2026-07-22T16:31:18.581+0000] {processor.py:208} INFO - Processing /opt/airflow/dags/dag_transform_mart.py took 0.061 seconds
[2026-07-22T16:31:48.965+0000] {processor.py:186} INFO - Started process (PID=27958) to work on /opt/airflow/dags/dag_transform_mart.py
[2026-07-22T16:31:48.966+0000] {processor.py:914} INFO - Processing file /opt/airflow/dags/dag_transform_mart.py for tasks to queue
[2026-07-22T16:31:48.969+0000] {logging_mixin.py:190} INFO - [2026-07-22T16:31:48.969+0000] {dagbag.py:588} INFO - Filling up the DagBag from /opt/airflow/dags/dag_transform_mart.py
[2026-07-22T16:31:48.977+0000] {processor.py:925} INFO - DAG(s) 'dag_transform_mart' retrieved from /opt/airflow/dags/dag_transform_mart.py
[2026-07-22T16:31:48.997+0000] {logging_mixin.py:190} INFO - [2026-07-22T16:31:48.997+0000] {dag.py:3239} INFO - Sync 1 DAGs
[2026-07-22T16:31:49.009+0000] {logging_mixin.py:190} INFO - [2026-07-22T16:31:49.009+0000] {dag.py:4180} INFO - Setting next_dagrun for dag_transform_mart to 2026-07-22 03:30:00+00:00, run_after=2026-07-23 03:30:00+00:00
[2026-07-22T16:31:49.019+0000] {processor.py:208} INFO - Processing /opt/airflow/dags/dag_transform_mart.py took 0.061 seconds
[2026-07-22T16:32:19.394+0000] {processor.py:186} INFO - Started process (PID=27978) to work on /opt/airflow/dags/dag_transform_mart.py
[2026-07-22T16:32:19.396+0000] {processor.py:914} INFO - Processing file /opt/airflow/dags/dag_transform_mart.py for tasks to queue
[2026-07-22T16:32:19.398+0000] {logging_mixin.py:190} INFO - [2026-07-22T16:32:19.398+0000] {dagbag.py:588} INFO - Filling up the DagBag from /opt/airflow/dags/dag_transform_mart.py
[2026-07-22T16:32:19.411+0000] {processor.py:925} INFO - DAG(s) 'dag_transform_mart' retrieved from /opt/airflow/dags/dag_transform_mart.py
[2026-07-22T16:32:19.427+0000] {logging_mixin.py:190} INFO - [2026-07-22T16:32:19.427+0000] {dag.py:3239} INFO - Sync 1 DAGs
[2026-07-22T16:32:19.436+0000] {logging_mixin.py:190} INFO - [2026-07-22T16:32:19.436+0000] {dag.py:4180} INFO - Setting next_dagrun for dag_transform_mart to 2026-07-22 03:30:00+00:00, run_after=2026-07-23 03:30:00+00:00
[2026-07-22T16:32:19.445+0000] {processor.py:208} INFO - Processing /opt/airflow/dags/dag_transform_mart.py took 0.057 seconds
[2026-07-22T16:32:49.838+0000] {processor.py:186} INFO - Started process (PID=27998) to work on /opt/airflow/dags/dag_transform_mart.py
[2026-07-22T16:32:49.839+0000] {processor.py:914} INFO - Processing file /opt/airflow/dags/dag_transform_mart.py for tasks to queue
[2026-07-22T16:32:49.841+0000] {logging_mixin.py:190} INFO - [2026-07-22T16:32:49.841+0000] {dagbag.py:588} INFO - Filling up the DagBag from /opt/airflow/dags/dag_transform_mart.py
[2026-07-22T16:32:49.848+0000] {processor.py:925} INFO - DAG(s) 'dag_transform_mart' retrieved from /opt/airflow/dags/dag_transform_mart.py
[2026-07-22T16:32:49.866+0000] {logging_mixin.py:190} INFO - [2026-07-22T16:32:49.866+0000] {dag.py:3239} INFO - Sync 1 DAGs
[2026-07-22T16:32:49.876+0000] {logging_mixin.py:190} INFO - [2026-07-22T16:32:49.876+0000] {dag.py:4180} INFO - Setting next_dagrun for dag_transform_mart to 2026-07-22 03:30:00+00:00, run_after=2026-07-23 03:30:00+00:00
[2026-07-22T16:32:49.885+0000] {processor.py:208} INFO - Processing /opt/airflow/dags/dag_transform_mart.py took 0.054 seconds
[2026-07-22T16:33:20.274+0000] {processor.py:186} INFO - Started process (PID=28018) to work on /opt/airflow/dags/dag_transform_mart.py
[2026-07-22T16:33:20.275+0000] {processor.py:914} INFO - Processing file /opt/airflow/dags/dag_transform_mart.py for tasks to queue
[2026-07-22T16:33:20.279+0000] {logging_mixin.py:190} INFO - [2026-07-22T16:33:20.278+0000] {dagbag.py:588} INFO - Filling up the DagBag from /opt/airflow/dags/dag_transform_mart.py
[2026-07-22T16:33:20.290+0000] {processor.py:925} INFO - DAG(s) 'dag_transform_mart' retrieved from /opt/airflow/dags/dag_transform_mart.py
[2026-07-22T16:33:20.306+0000] {logging_mixin.py:190} INFO - [2026-07-22T16:33:20.306+0000] {dag.py:3239} INFO - Sync 1 DAGs
[2026-07-22T16:33:20.320+0000] {logging_mixin.py:190} INFO - [2026-07-22T16:33:20.320+0000] {dag.py:4180} INFO - Setting next_dagrun for dag_transform_mart to 2026-07-22 03:30:00+00:00, run_after=2026-07-23 03:30:00+00:00
[2026-07-22T16:33:20.334+0000] {processor.py:208} INFO - Processing /opt/airflow/dags/dag_transform_mart.py took 0.068 seconds
[2026-07-22T16:33:50.772+0000] {processor.py:186} INFO - Started process (PID=28038) to work on /opt/airflow/dags/dag_transform_mart.py
[2026-07-22T16:33:50.773+0000] {processor.py:914} INFO - Processing file /opt/airflow/dags/dag_transform_mart.py for tasks to queue
[2026-07-22T16:33:50.776+0000] {logging_mixin.py:190} INFO - [2026-07-22T16:33:50.776+0000] {dagbag.py:588} INFO - Filling up the DagBag from /opt/airflow/dags/dag_transform_mart.py
[2026-07-22T16:33:50.785+0000] {processor.py:925} INFO - DAG(s) 'dag_transform_mart' retrieved from /opt/airflow/dags/dag_transform_mart.py
[2026-07-22T16:33:50.801+0000] {logging_mixin.py:190} INFO - [2026-07-22T16:33:50.801+0000] {dag.py:3239} INFO - Sync 1 DAGs
[2026-07-22T16:33:50.815+0000] {logging_mixin.py:190} INFO - [2026-07-22T16:33:50.815+0000] {dag.py:4180} INFO - Setting next_dagrun for dag_transform_mart to 2026-07-22 03:30:00+00:00, run_after=2026-07-23 03:30:00+00:00
[2026-07-22T16:33:50.824+0000] {processor.py:208} INFO - Processing /opt/airflow/dags/dag_transform_mart.py took 0.059 seconds
[2026-07-22T16:34:21.239+0000] {processor.py:186} INFO - Started process (PID=28058) to work on /opt/airflow/dags/dag_transform_mart.py
[2026-07-22T16:34:21.241+0000] {processor.py:914} INFO - Processing file /opt/airflow/dags/dag_transform_mart.py for tasks to queue
[2026-07-22T16:34:21.243+0000] {logging_mixin.py:190} INFO - [2026-07-22T16:34:21.243+0000] {dagbag.py:588} INFO - Filling up the DagBag from /opt/airflow/dags/dag_transform_mart.py
[2026-07-22T16:34:21.255+0000] {processor.py:925} INFO - DAG(s) 'dag_transform_mart' retrieved from /opt/airflow/dags/dag_transform_mart.py
[2026-07-22T16:34:21.273+0000] {logging_mixin.py:190} INFO - [2026-07-22T16:34:21.273+0000] {dag.py:3239} INFO - Sync 1 DAGs
[2026-07-22T16:34:21.282+0000] {logging_mixin.py:190} INFO - [2026-07-22T16:34:21.282+0000] {dag.py:4180} INFO - Setting next_dagrun for dag_transform_mart to 2026-07-22 03:30:00+00:00, run_after=2026-07-23 03:30:00+00:00
[2026-07-22T16:34:21.290+0000] {processor.py:208} INFO - Processing /opt/airflow/dags/dag_transform_mart.py took 0.057 seconds
[2026-07-22T16:34:51.697+0000] {processor.py:186} INFO - Started process (PID=28078) to work on /opt/airflow/dags/dag_transform_mart.py
[2026-07-22T16:34:51.698+0000] {processor.py:914} INFO - Processing file /opt/airflow/dags/dag_transform_mart.py for tasks to queue
[2026-07-22T16:34:51.700+0000] {logging_mixin.py:190} INFO - [2026-07-22T16:34:51.700+0000] {dagbag.py:588} INFO - Filling up the DagBag from /opt/airflow/dags/dag_transform_mart.py
[2026-07-22T16:34:51.714+0000] {processor.py:925} INFO - DAG(s) 'dag_transform_mart' retrieved from /opt/airflow/dags/dag_transform_mart.py
[2026-07-22T16:34:51.729+0000] {logging_mixin.py:190} INFO - [2026-07-22T16:34:51.729+0000] {dag.py:3239} INFO - Sync 1 DAGs
[2026-07-22T16:34:51.738+0000] {logging_mixin.py:190} INFO - [2026-07-22T16:34:51.738+0000] {dag.py:4180} INFO - Setting next_dagrun for dag_transform_mart to 2026-07-22 03:30:00+00:00, run_after=2026-07-23 03:30:00+00:00
[2026-07-22T16:34:51.747+0000] {processor.py:208} INFO - Processing /opt/airflow/dags/dag_transform_mart.py took 0.056 seconds
[2026-07-22T16:35:22.108+0000] {processor.py:186} INFO - Started process (PID=28098) to work on /opt/airflow/dags/dag_transform_mart.py
[2026-07-22T16:35:22.110+0000] {processor.py:914} INFO - Processing file /opt/airflow/dags/dag_transform_mart.py for tasks to queue
[2026-07-22T16:35:22.112+0000] {logging_mixin.py:190} INFO - [2026-07-22T16:35:22.111+0000] {dagbag.py:588} INFO - Filling up the DagBag from /opt/airflow/dags/dag_transform_mart.py
[2026-07-22T16:35:22.120+0000] {processor.py:925} INFO - DAG(s) 'dag_transform_mart' retrieved from /opt/airflow/dags/dag_transform_mart.py
[2026-07-22T16:35:22.135+0000] {logging_mixin.py:190} INFO - [2026-07-22T16:35:22.135+0000] {dag.py:3239} INFO - Sync 1 DAGs
[2026-07-22T16:35:22.145+0000] {logging_mixin.py:190} INFO - [2026-07-22T16:35:22.145+0000] {dag.py:4180} INFO - Setting next_dagrun for dag_transform_mart to 2026-07-22 03:30:00+00:00, run_after=2026-07-23 03:30:00+00:00
[2026-07-22T16:35:22.152+0000] {processor.py:208} INFO - Processing /opt/airflow/dags/dag_transform_mart.py took 0.051 seconds
[2026-07-22T16:35:52.602+0000] {processor.py:186} INFO - Started process (PID=28118) to work on /opt/airflow/dags/dag_transform_mart.py
[2026-07-22T16:35:52.604+0000] {processor.py:914} INFO - Processing file /opt/airflow/dags/dag_transform_mart.py for tasks to queue
[2026-07-22T16:35:52.606+0000] {logging_mixin.py:190} INFO - [2026-07-22T16:35:52.606+0000] {dagbag.py:588} INFO - Filling up the DagBag from /opt/airflow/dags/dag_transform_mart.py
[2026-07-22T16:35:52.615+0000] {processor.py:925} INFO - DAG(s) 'dag_transform_mart' retrieved from /opt/airflow/dags/dag_transform_mart.py
[2026-07-22T16:35:52.633+0000] {logging_mixin.py:190} INFO - [2026-07-22T16:35:52.632+0000] {dag.py:3239} INFO - Sync 1 DAGs
[2026-07-22T16:35:52.646+0000] {logging_mixin.py:190} INFO - [2026-07-22T16:35:52.646+0000] {dag.py:4180} INFO - Setting next_dagrun for dag_transform_mart to 2026-07-22 03:30:00+00:00, run_after=2026-07-23 03:30:00+00:00
[2026-07-22T16:35:52.656+0000] {processor.py:208} INFO - Processing /opt/airflow/dags/dag_transform_mart.py took 0.062 seconds
[2026-07-22T16:36:23.099+0000] {processor.py:186} INFO - Started process (PID=28138) to work on /opt/airflow/dags/dag_transform_mart.py
[2026-07-22T16:36:23.099+0000] {processor.py:914} INFO - Processing file /opt/airflow/dags/dag_transform_mart.py for tasks to queue
[2026-07-22T16:36:23.101+0000] {logging_mixin.py:190} INFO - [2026-07-22T16:36:23.101+0000] {dagbag.py:588} INFO - Filling up the DagBag from /opt/airflow/dags/dag_transform_mart.py
[2026-07-22T16:36:23.110+0000] {processor.py:925} INFO - DAG(s) 'dag_transform_mart' retrieved from /opt/airflow/dags/dag_transform_mart.py
[2026-07-22T16:36:23.129+0000] {logging_mixin.py:190} INFO - [2026-07-22T16:36:23.129+0000] {dag.py:3239} INFO - Sync 1 DAGs
[2026-07-22T16:36:23.140+0000] {logging_mixin.py:190} INFO - [2026-07-22T16:36:23.140+0000] {dag.py:4180} INFO - Setting next_dagrun for dag_transform_mart to 2026-07-22 03:30:00+00:00, run_after=2026-07-23 03:30:00+00:00
[2026-07-22T16:36:23.148+0000] {processor.py:208} INFO - Processing /opt/airflow/dags/dag_transform_mart.py took 0.053 seconds
[2026-07-22T16:36:53.594+0000] {processor.py:186} INFO - Started process (PID=28158) to work on /opt/airflow/dags/dag_transform_mart.py
[2026-07-22T16:36:53.595+0000] {processor.py:914} INFO - Processing file /opt/airflow/dags/dag_transform_mart.py for tasks to queue
[2026-07-22T16:36:53.598+0000] {logging_mixin.py:190} INFO - [2026-07-22T16:36:53.597+0000] {dagbag.py:588} INFO - Filling up the DagBag from /opt/airflow/dags/dag_transform_mart.py
[2026-07-22T16:36:53.606+0000] {processor.py:925} INFO - DAG(s) 'dag_transform_mart' retrieved from /opt/airflow/dags/dag_transform_mart.py
[2026-07-22T16:36:53.623+0000] {logging_mixin.py:190} INFO - [2026-07-22T16:36:53.623+0000] {dag.py:3239} INFO - Sync 1 DAGs
[2026-07-22T16:36:53.633+0000] {logging_mixin.py:190} INFO - [2026-07-22T16:36:53.633+0000] {dag.py:4180} INFO - Setting next_dagrun for dag_transform_mart to 2026-07-22 03:30:00+00:00, run_after=2026-07-23 03:30:00+00:00
[2026-07-22T16:36:53.642+0000] {processor.py:208} INFO - Processing /opt/airflow/dags/dag_transform_mart.py took 0.054 seconds
[2026-07-22T16:37:24.043+0000] {processor.py:186} INFO - Started process (PID=28178) to work on /opt/airflow/dags/dag_transform_mart.py
[2026-07-22T16:37:24.044+0000] {processor.py:914} INFO - Processing file /opt/airflow/dags/dag_transform_mart.py for tasks to queue
[2026-07-22T16:37:24.047+0000] {logging_mixin.py:190} INFO - [2026-07-22T16:37:24.047+0000] {dagbag.py:588} INFO - Filling up the DagBag from /opt/airflow/dags/dag_transform_mart.py
[2026-07-22T16:37:24.060+0000] {processor.py:925} INFO - DAG(s) 'dag_transform_mart' retrieved from /opt/airflow/dags/dag_transform_mart.py
[2026-07-22T16:37:24.075+0000] {logging_mixin.py:190} INFO - [2026-07-22T16:37:24.075+0000] {dag.py:3239} INFO - Sync 1 DAGs
[2026-07-22T16:37:24.086+0000] {logging_mixin.py:190} INFO - [2026-07-22T16:37:24.086+0000] {dag.py:4180} INFO - Setting next_dagrun for dag_transform_mart to 2026-07-22 03:30:00+00:00, run_after=2026-07-23 03:30:00+00:00
[2026-07-22T16:37:24.093+0000] {processor.py:208} INFO - Processing /opt/airflow/dags/dag_transform_mart.py took 0.056 seconds
[2026-07-22T16:37:54.549+0000] {processor.py:186} INFO - Started process (PID=28198) to work on /opt/airflow/dags/dag_transform_mart.py
[2026-07-22T16:37:54.550+0000] {processor.py:914} INFO - Processing file /opt/airflow/dags/dag_transform_mart.py for tasks to queue
[2026-07-22T16:37:54.553+0000] {logging_mixin.py:190} INFO - [2026-07-22T16:37:54.553+0000] {dagbag.py:588} INFO - Filling up the DagBag from /opt/airflow/dags/dag_transform_mart.py
[2026-07-22T16:37:54.561+0000] {processor.py:925} INFO - DAG(s) 'dag_transform_mart' retrieved from /opt/airflow/dags/dag_transform_mart.py
[2026-07-22T16:37:54.578+0000] {logging_mixin.py:190} INFO - [2026-07-22T16:37:54.578+0000] {dag.py:3239} INFO - Sync 1 DAGs
[2026-07-22T16:37:54.589+0000] {logging_mixin.py:190} INFO - [2026-07-22T16:37:54.589+0000] {dag.py:4180} INFO - Setting next_dagrun for dag_transform_mart to 2026-07-22 03:30:00+00:00, run_after=2026-07-23 03:30:00+00:00
[2026-07-22T16:37:54.599+0000] {processor.py:208} INFO - Processing /opt/airflow/dags/dag_transform_mart.py took 0.057 seconds
[2026-07-22T16:38:25.034+0000] {processor.py:186} INFO - Started process (PID=28218) to work on /opt/airflow/dags/dag_transform_mart.py
[2026-07-22T16:38:25.035+0000] {processor.py:914} INFO - Processing file /opt/airflow/dags/dag_transform_mart.py for tasks to queue
[2026-07-22T16:38:25.038+0000] {logging_mixin.py:190} INFO - [2026-07-22T16:38:25.038+0000] {dagbag.py:588} INFO - Filling up the DagBag from /opt/airflow/dags/dag_transform_mart.py
[2026-07-22T16:38:25.049+0000] {processor.py:925} INFO - DAG(s) 'dag_transform_mart' retrieved from /opt/airflow/dags/dag_transform_mart.py
[2026-07-22T16:38:25.064+0000] {logging_mixin.py:190} INFO - [2026-07-22T16:38:25.064+0000] {dag.py:3239} INFO - Sync 1 DAGs
[2026-07-22T16:38:25.074+0000] {logging_mixin.py:190} INFO - [2026-07-22T16:38:25.074+0000] {dag.py:4180} INFO - Setting next_dagrun for dag_transform_mart to 2026-07-22 03:30:00+00:00, run_after=2026-07-23 03:30:00+00:00
[2026-07-22T16:38:25.082+0000] {processor.py:208} INFO - Processing /opt/airflow/dags/dag_transform_mart.py took 0.054 seconds
[2026-07-22T16:38:55.506+0000] {processor.py:186} INFO - Started process (PID=28238) to work on /opt/airflow/dags/dag_transform_mart.py
[2026-07-22T16:38:55.507+0000] {processor.py:914} INFO - Processing file /opt/airflow/dags/dag_transform_mart.py for tasks to queue
[2026-07-22T16:38:55.510+0000] {logging_mixin.py:190} INFO - [2026-07-22T16:38:55.509+0000] {dagbag.py:588} INFO - Filling up the DagBag from /opt/airflow/dags/dag_transform_mart.py
[2026-07-22T16:38:55.517+0000] {processor.py:925} INFO - DAG(s) 'dag_transform_mart' retrieved from /opt/airflow/dags/dag_transform_mart.py
[2026-07-22T16:38:55.535+0000] {logging_mixin.py:190} INFO - [2026-07-22T16:38:55.535+0000] {dag.py:3239} INFO - Sync 1 DAGs
[2026-07-22T16:38:55.546+0000] {logging_mixin.py:190} INFO - [2026-07-22T16:38:55.545+0000] {dag.py:4180} INFO - Setting next_dagrun for dag_transform_mart to 2026-07-22 03:30:00+00:00, run_after=2026-07-23 03:30:00+00:00
[2026-07-22T16:38:55.553+0000] {processor.py:208} INFO - Processing /opt/airflow/dags/dag_transform_mart.py took 0.054 seconds
[2026-07-22T16:39:25.994+0000] {processor.py:186} INFO - Started process (PID=28258) to work on /opt/airflow/dags/dag_transform_mart.py
[2026-07-22T16:39:25.996+0000] {processor.py:914} INFO - Processing file /opt/airflow/dags/dag_transform_mart.py for tasks to queue
[2026-07-22T16:39:25.998+0000] {logging_mixin.py:190} INFO - [2026-07-22T16:39:25.998+0000] {dagbag.py:588} INFO - Filling up the DagBag from /opt/airflow/dags/dag_transform_mart.py
[2026-07-22T16:39:26.007+0000] {processor.py:925} INFO - DAG(s) 'dag_transform_mart' retrieved from /opt/airflow/dags/dag_transform_mart.py
[2026-07-22T16:39:26.022+0000] {logging_mixin.py:190} INFO - [2026-07-22T16:39:26.022+0000] {dag.py:3239} INFO - Sync 1 DAGs
[2026-07-22T16:39:26.031+0000] {logging_mixin.py:190} INFO - [2026-07-22T16:39:26.031+0000] {dag.py:4180} INFO - Setting next_dagrun for dag_transform_mart to 2026-07-22 03:30:00+00:00, run_after=2026-07-23 03:30:00+00:00
[2026-07-22T16:39:26.038+0000] {processor.py:208} INFO - Processing /opt/airflow/dags/dag_transform_mart.py took 0.050 seconds
[2026-07-22T16:39:56.516+0000] {processor.py:186} INFO - Started process (PID=28278) to work on /opt/airflow/dags/dag_transform_mart.py
[2026-07-22T16:39:56.518+0000] {processor.py:914} INFO - Processing file /opt/airflow/dags/dag_transform_mart.py for tasks to queue
[2026-07-22T16:39:56.519+0000] {logging_mixin.py:190} INFO - [2026-07-22T16:39:56.519+0000] {dagbag.py:588} INFO - Filling up the DagBag from /opt/airflow/dags/dag_transform_mart.py
[2026-07-22T16:39:56.529+0000] {processor.py:925} INFO - DAG(s) 'dag_transform_mart' retrieved from /opt/airflow/dags/dag_transform_mart.py
[2026-07-22T16:39:56.546+0000] {logging_mixin.py:190} INFO - [2026-07-22T16:39:56.546+0000] {dag.py:3239} INFO - Sync 1 DAGs
[2026-07-22T16:39:56.556+0000] {logging_mixin.py:190} INFO - [2026-07-22T16:39:56.556+0000] {dag.py:4180} INFO - Setting next_dagrun for dag_transform_mart to 2026-07-22 03:30:00+00:00, run_after=2026-07-23 03:30:00+00:00
[2026-07-22T16:39:56.565+0000] {processor.py:208} INFO - Processing /opt/airflow/dags/dag_transform_mart.py took 0.056 seconds
[2026-07-22T16:40:27.035+0000] {processor.py:186} INFO - Started process (PID=28298) to work on /opt/airflow/dags/dag_transform_mart.py
[2026-07-22T16:40:27.037+0000] {processor.py:914} INFO - Processing file /opt/airflow/dags/dag_transform_mart.py for tasks to queue
[2026-07-22T16:40:27.040+0000] {logging_mixin.py:190} INFO - [2026-07-22T16:40:27.040+0000] {dagbag.py:588} INFO - Filling up the DagBag from /opt/airflow/dags/dag_transform_mart.py
[2026-07-22T16:40:27.049+0000] {processor.py:925} INFO - DAG(s) 'dag_transform_mart' retrieved from /opt/airflow/dags/dag_transform_mart.py
[2026-07-22T16:40:27.069+0000] {logging_mixin.py:190} INFO - [2026-07-22T16:40:27.069+0000] {dag.py:3239} INFO - Sync 1 DAGs
[2026-07-22T16:40:27.080+0000] {logging_mixin.py:190} INFO - [2026-07-22T16:40:27.080+0000] {dag.py:4180} INFO - Setting next_dagrun for dag_transform_mart to 2026-07-22 03:30:00+00:00, run_after=2026-07-23 03:30:00+00:00
[2026-07-22T16:40:27.088+0000] {processor.py:208} INFO - Processing /opt/airflow/dags/dag_transform_mart.py took 0.060 seconds
[2026-07-22T16:40:57.526+0000] {processor.py:186} INFO - Started process (PID=28318) to work on /opt/airflow/dags/dag_transform_mart.py
[2026-07-22T16:40:57.528+0000] {processor.py:914} INFO - Processing file /opt/airflow/dags/dag_transform_mart.py for tasks to queue
[2026-07-22T16:40:57.531+0000] {logging_mixin.py:190} INFO - [2026-07-22T16:40:57.531+0000] {dagbag.py:588} INFO - Filling up the DagBag from /opt/airflow/dags/dag_transform_mart.py
[2026-07-22T16:40:57.542+0000] {processor.py:925} INFO - DAG(s) 'dag_transform_mart' retrieved from /opt/airflow/dags/dag_transform_mart.py
[2026-07-22T16:40:57.560+0000] {logging_mixin.py:190} INFO - [2026-07-22T16:40:57.560+0000] {dag.py:3239} INFO - Sync 1 DAGs
[2026-07-22T16:40:57.571+0000] {logging_mixin.py:190} INFO - [2026-07-22T16:40:57.571+0000] {dag.py:4180} INFO - Setting next_dagrun for dag_transform_mart to 2026-07-22 03:30:00+00:00, run_after=2026-07-23 03:30:00+00:00
[2026-07-22T16:40:57.581+0000] {processor.py:208} INFO - Processing /opt/airflow/dags/dag_transform_mart.py took 0.060 seconds
[2026-07-22T16:41:28.050+0000] {processor.py:186} INFO - Started process (PID=28338) to work on /opt/airflow/dags/dag_transform_mart.py
[2026-07-22T16:41:28.052+0000] {processor.py:914} INFO - Processing file /opt/airflow/dags/dag_transform_mart.py for tasks to queue
[2026-07-22T16:41:28.055+0000] {logging_mixin.py:190} INFO - [2026-07-22T16:41:28.055+0000] {dagbag.py:588} INFO - Filling up the DagBag from /opt/airflow/dags/dag_transform_mart.py
[2026-07-22T16:41:28.067+0000] {processor.py:925} INFO - DAG(s) 'dag_transform_mart' retrieved from /opt/airflow/dags/dag_transform_mart.py
[2026-07-22T16:41:28.084+0000] {logging_mixin.py:190} INFO - [2026-07-22T16:41:28.084+0000] {dag.py:3239} INFO - Sync 1 DAGs
[2026-07-22T16:41:28.093+0000] {logging_mixin.py:190} INFO - [2026-07-22T16:41:28.093+0000] {dag.py:4180} INFO - Setting next_dagrun for dag_transform_mart to 2026-07-22 03:30:00+00:00, run_after=2026-07-23 03:30:00+00:00
[2026-07-22T16:41:28.101+0000] {processor.py:208} INFO - Processing /opt/airflow/dags/dag_transform_mart.py took 0.057 seconds
[2026-07-22T16:41:58.553+0000] {processor.py:186} INFO - Started process (PID=28358) to work on /opt/airflow/dags/dag_transform_mart.py
[2026-07-22T16:41:58.555+0000] {processor.py:914} INFO - Processing file /opt/airflow/dags/dag_transform_mart.py for tasks to queue
[2026-07-22T16:41:58.557+0000] {logging_mixin.py:190} INFO - [2026-07-22T16:41:58.557+0000] {dagbag.py:588} INFO - Filling up the DagBag from /opt/airflow/dags/dag_transform_mart.py
[2026-07-22T16:41:58.572+0000] {processor.py:925} INFO - DAG(s) 'dag_transform_mart' retrieved from /opt/airflow/dags/dag_transform_mart.py
[2026-07-22T16:41:58.588+0000] {logging_mixin.py:190} INFO - [2026-07-22T16:41:58.588+0000] {dag.py:3239} INFO - Sync 1 DAGs
[2026-07-22T16:41:58.598+0000] {logging_mixin.py:190} INFO - [2026-07-22T16:41:58.598+0000] {dag.py:4180} INFO - Setting next_dagrun for dag_transform_mart to 2026-07-22 03:30:00+00:00, run_after=2026-07-23 03:30:00+00:00
[2026-07-22T16:41:58.605+0000] {processor.py:208} INFO - Processing /opt/airflow/dags/dag_transform_mart.py took 0.059 seconds
[2026-07-22T16:42:29.094+0000] {processor.py:186} INFO - Started process (PID=28378) to work on /opt/airflow/dags/dag_transform_mart.py
[2026-07-22T16:42:29.095+0000] {processor.py:914} INFO - Processing file /opt/airflow/dags/dag_transform_mart.py for tasks to queue
[2026-07-22T16:42:29.099+0000] {logging_mixin.py:190} INFO - [2026-07-22T16:42:29.098+0000] {dagbag.py:588} INFO - Filling up the DagBag from /opt/airflow/dags/dag_transform_mart.py
[2026-07-22T16:42:29.111+0000] {processor.py:925} INFO - DAG(s) 'dag_transform_mart' retrieved from /opt/airflow/dags/dag_transform_mart.py
[2026-07-22T16:42:29.125+0000] {logging_mixin.py:190} INFO - [2026-07-22T16:42:29.125+0000] {dag.py:3239} INFO - Sync 1 DAGs
[2026-07-22T16:42:29.135+0000] {logging_mixin.py:190} INFO - [2026-07-22T16:42:29.135+0000] {dag.py:4180} INFO - Setting next_dagrun for dag_transform_mart to 2026-07-22 03:30:00+00:00, run_after=2026-07-23 03:30:00+00:00
[2026-07-22T16:42:29.143+0000] {processor.py:208} INFO - Processing /opt/airflow/dags/dag_transform_mart.py took 0.056 seconds
[2026-07-22T16:42:59.557+0000] {processor.py:186} INFO - Started process (PID=28398) to work on /opt/airflow/dags/dag_transform_mart.py
[2026-07-22T16:42:59.558+0000] {processor.py:914} INFO - Processing file /opt/airflow/dags/dag_transform_mart.py for tasks to queue
[2026-07-22T16:42:59.561+0000] {logging_mixin.py:190} INFO - [2026-07-22T16:42:59.560+0000] {dagbag.py:588} INFO - Filling up the DagBag from /opt/airflow/dags/dag_transform_mart.py
[2026-07-22T16:42:59.573+0000] {processor.py:925} INFO - DAG(s) 'dag_transform_mart' retrieved from /opt/airflow/dags/dag_transform_mart.py
[2026-07-22T16:42:59.591+0000] {logging_mixin.py:190} INFO - [2026-07-22T16:42:59.590+0000] {dag.py:3239} INFO - Sync 1 DAGs
[2026-07-22T16:42:59.600+0000] {logging_mixin.py:190} INFO - [2026-07-22T16:42:59.600+0000] {dag.py:4180} INFO - Setting next_dagrun for dag_transform_mart to 2026-07-22 03:30:00+00:00, run_after=2026-07-23 03:30:00+00:00
[2026-07-22T16:42:59.608+0000] {processor.py:208} INFO - Processing /opt/airflow/dags/dag_transform_mart.py took 0.058 seconds
[2026-07-22T16:43:30.046+0000] {processor.py:186} INFO - Started process (PID=28418) to work on /opt/airflow/dags/dag_transform_mart.py
[2026-07-22T16:43:30.047+0000] {processor.py:914} INFO - Processing file /opt/airflow/dags/dag_transform_mart.py for tasks to queue
[2026-07-22T16:43:30.050+0000] {logging_mixin.py:190} INFO - [2026-07-22T16:43:30.049+0000] {dagbag.py:588} INFO - Filling up the DagBag from /opt/airflow/dags/dag_transform_mart.py
[2026-07-22T16:43:30.058+0000] {processor.py:925} INFO - DAG(s) 'dag_transform_mart' retrieved from /opt/airflow/dags/dag_transform_mart.py
[2026-07-22T16:43:30.073+0000] {logging_mixin.py:190} INFO - [2026-07-22T16:43:30.073+0000] {dag.py:3239} INFO - Sync 1 DAGs
[2026-07-22T16:43:30.084+0000] {logging_mixin.py:190} INFO - [2026-07-22T16:43:30.084+0000] {dag.py:4180} INFO - Setting next_dagrun for dag_transform_mart to 2026-07-22 03:30:00+00:00, run_after=2026-07-23 03:30:00+00:00
[2026-07-22T16:43:30.094+0000] {processor.py:208} INFO - Processing /opt/airflow/dags/dag_transform_mart.py took 0.055 seconds
[2026-07-22T16:44:00.524+0000] {processor.py:186} INFO - Started process (PID=28438) to work on /opt/airflow/dags/dag_transform_mart.py
[2026-07-22T16:44:00.526+0000] {processor.py:914} INFO - Processing file /opt/airflow/dags/dag_transform_mart.py for tasks to queue
[2026-07-22T16:44:00.529+0000] {logging_mixin.py:190} INFO - [2026-07-22T16:44:00.529+0000] {dagbag.py:588} INFO - Filling up the DagBag from /opt/airflow/dags/dag_transform_mart.py
[2026-07-22T16:44:00.537+0000] {processor.py:925} INFO - DAG(s) 'dag_transform_mart' retrieved from /opt/airflow/dags/dag_transform_mart.py
[2026-07-22T16:44:00.553+0000] {logging_mixin.py:190} INFO - [2026-07-22T16:44:00.553+0000] {dag.py:3239} INFO - Sync 1 DAGs
[2026-07-22T16:44:00.562+0000] {logging_mixin.py:190} INFO - [2026-07-22T16:44:00.562+0000] {dag.py:4180} INFO - Setting next_dagrun for dag_transform_mart to 2026-07-22 03:30:00+00:00, run_after=2026-07-23 03:30:00+00:00
[2026-07-22T16:44:00.570+0000] {processor.py:208} INFO - Processing /opt/airflow/dags/dag_transform_mart.py took 0.052 seconds
[2026-07-22T16:44:31.066+0000] {processor.py:186} INFO - Started process (PID=28458) to work on /opt/airflow/dags/dag_transform_mart.py
[2026-07-22T16:44:31.067+0000] {processor.py:914} INFO - Processing file /opt/airflow/dags/dag_transform_mart.py for tasks to queue
[2026-07-22T16:44:31.070+0000] {logging_mixin.py:190} INFO - [2026-07-22T16:44:31.070+0000] {dagbag.py:588} INFO - Filling up the DagBag from /opt/airflow/dags/dag_transform_mart.py
[2026-07-22T16:44:31.081+0000] {processor.py:925} INFO - DAG(s) 'dag_transform_mart' retrieved from /opt/airflow/dags/dag_transform_mart.py
[2026-07-22T16:44:31.099+0000] {logging_mixin.py:190} INFO - [2026-07-22T16:44:31.099+0000] {dag.py:3239} INFO - Sync 1 DAGs
[2026-07-22T16:44:31.108+0000] {logging_mixin.py:190} INFO - [2026-07-22T16:44:31.108+0000] {dag.py:4180} INFO - Setting next_dagrun for dag_transform_mart to 2026-07-22 03:30:00+00:00, run_after=2026-07-23 03:30:00+00:00
[2026-07-22T16:44:31.116+0000] {processor.py:208} INFO - Processing /opt/airflow/dags/dag_transform_mart.py took 0.056 seconds
[2026-07-22T16:45:01.473+0000] {processor.py:186} INFO - Started process (PID=28478) to work on /opt/airflow/dags/dag_transform_mart.py
[2026-07-22T16:45:01.473+0000] {processor.py:914} INFO - Processing file /opt/airflow/dags/dag_transform_mart.py for tasks to queue
[2026-07-22T16:45:01.474+0000] {logging_mixin.py:190} INFO - [2026-07-22T16:45:01.474+0000] {dagbag.py:588} INFO - Filling up the DagBag from /opt/airflow/dags/dag_transform_mart.py
[2026-07-22T16:45:01.479+0000] {processor.py:925} INFO - DAG(s) 'dag_transform_mart' retrieved from /opt/airflow/dags/dag_transform_mart.py
[2026-07-22T16:45:01.494+0000] {logging_mixin.py:190} INFO - [2026-07-22T16:45:01.494+0000] {dag.py:3239} INFO - Sync 1 DAGs
[2026-07-22T16:45:01.502+0000] {logging_mixin.py:190} INFO - [2026-07-22T16:45:01.502+0000] {dag.py:4180} INFO - Setting next_dagrun for dag_transform_mart to 2026-07-22 03:30:00+00:00, run_after=2026-07-23 03:30:00+00:00
[2026-07-22T16:45:01.511+0000] {processor.py:208} INFO - Processing /opt/airflow/dags/dag_transform_mart.py took 0.040 seconds
[2026-07-22T16:45:31.996+0000] {processor.py:186} INFO - Started process (PID=28498) to work on /opt/airflow/dags/dag_transform_mart.py
[2026-07-22T16:45:31.997+0000] {processor.py:914} INFO - Processing file /opt/airflow/dags/dag_transform_mart.py for tasks to queue
[2026-07-22T16:45:31.999+0000] {logging_mixin.py:190} INFO - [2026-07-22T16:45:31.999+0000] {dagbag.py:588} INFO - Filling up the DagBag from /opt/airflow/dags/dag_transform_mart.py
[2026-07-22T16:45:32.006+0000] {processor.py:925} INFO - DAG(s) 'dag_transform_mart' retrieved from /opt/airflow/dags/dag_transform_mart.py
[2026-07-22T16:45:32.026+0000] {logging_mixin.py:190} INFO - [2026-07-22T16:45:32.026+0000] {dag.py:3239} INFO - Sync 1 DAGs
[2026-07-22T16:45:32.038+0000] {logging_mixin.py:190} INFO - [2026-07-22T16:45:32.038+0000] {dag.py:4180} INFO - Setting next_dagrun for dag_transform_mart to 2026-07-22 03:30:00+00:00, run_after=2026-07-23 03:30:00+00:00
[2026-07-22T16:45:32.047+0000] {processor.py:208} INFO - Processing /opt/airflow/dags/dag_transform_mart.py took 0.057 seconds
[2026-07-22T16:46:02.415+0000] {processor.py:186} INFO - Started process (PID=28518) to work on /opt/airflow/dags/dag_transform_mart.py
[2026-07-22T16:46:02.416+0000] {processor.py:914} INFO - Processing file /opt/airflow/dags/dag_transform_mart.py for tasks to queue
[2026-07-22T16:46:02.417+0000] {logging_mixin.py:190} INFO - [2026-07-22T16:46:02.417+0000] {dagbag.py:588} INFO - Filling up the DagBag from /opt/airflow/dags/dag_transform_mart.py
[2026-07-22T16:46:02.425+0000] {processor.py:925} INFO - DAG(s) 'dag_transform_mart' retrieved from /opt/airflow/dags/dag_transform_mart.py
[2026-07-22T16:46:02.442+0000] {logging_mixin.py:190} INFO - [2026-07-22T16:46:02.442+0000] {dag.py:3239} INFO - Sync 1 DAGs
[2026-07-22T16:46:02.451+0000] {logging_mixin.py:190} INFO - [2026-07-22T16:46:02.451+0000] {dag.py:4180} INFO - Setting next_dagrun for dag_transform_mart to 2026-07-22 03:30:00+00:00, run_after=2026-07-23 03:30:00+00:00
[2026-07-22T16:46:02.459+0000] {processor.py:208} INFO - Processing /opt/airflow/dags/dag_transform_mart.py took 0.050 seconds
[2026-07-22T16:46:32.919+0000] {processor.py:186} INFO - Started process (PID=28538) to work on /opt/airflow/dags/dag_transform_mart.py
[2026-07-22T16:46:32.921+0000] {processor.py:914} INFO - Processing file /opt/airflow/dags/dag_transform_mart.py for tasks to queue
[2026-07-22T16:46:32.923+0000] {logging_mixin.py:190} INFO - [2026-07-22T16:46:32.923+0000] {dagbag.py:588} INFO - Filling up the DagBag from /opt/airflow/dags/dag_transform_mart.py
[2026-07-22T16:46:32.933+0000] {processor.py:925} INFO - DAG(s) 'dag_transform_mart' retrieved from /opt/airflow/dags/dag_transform_mart.py
[2026-07-22T16:46:32.951+0000] {logging_mixin.py:190} INFO - [2026-07-22T16:46:32.951+0000] {dag.py:3239} INFO - Sync 1 DAGs
[2026-07-22T16:46:32.963+0000] {logging_mixin.py:190} INFO - [2026-07-22T16:46:32.963+0000] {dag.py:4180} INFO - Setting next_dagrun for dag_transform_mart to 2026-07-22 03:30:00+00:00, run_after=2026-07-23 03:30:00+00:00
[2026-07-22T16:46:32.971+0000] {processor.py:208} INFO - Processing /opt/airflow/dags/dag_transform_mart.py took 0.058 seconds
[2026-07-22T16:47:03.419+0000] {processor.py:186} INFO - Started process (PID=28558) to work on /opt/airflow/dags/dag_transform_mart.py
[2026-07-22T16:47:03.420+0000] {processor.py:914} INFO - Processing file /opt/airflow/dags/dag_transform_mart.py for tasks to queue
[2026-07-22T16:47:03.421+0000] {logging_mixin.py:190} INFO - [2026-07-22T16:47:03.421+0000] {dagbag.py:588} INFO - Filling up the DagBag from /opt/airflow/dags/dag_transform_mart.py
[2026-07-22T16:47:03.429+0000] {processor.py:925} INFO - DAG(s) 'dag_transform_mart' retrieved from /opt/airflow/dags/dag_transform_mart.py
[2026-07-22T16:47:03.444+0000] {logging_mixin.py:190} INFO - [2026-07-22T16:47:03.444+0000] {dag.py:3239} INFO - Sync 1 DAGs
[2026-07-22T16:47:03.455+0000] {logging_mixin.py:190} INFO - [2026-07-22T16:47:03.455+0000] {dag.py:4180} INFO - Setting next_dagrun for dag_transform_mart to 2026-07-22 03:30:00+00:00, run_after=2026-07-23 03:30:00+00:00
[2026-07-22T16:47:03.462+0000] {processor.py:208} INFO - Processing /opt/airflow/dags/dag_transform_mart.py took 0.048 seconds
[2026-07-22T16:47:33.958+0000] {processor.py:186} INFO - Started process (PID=28578) to work on /opt/airflow/dags/dag_transform_mart.py
[2026-07-22T16:47:33.960+0000] {processor.py:914} INFO - Processing file /opt/airflow/dags/dag_transform_mart.py for tasks to queue
[2026-07-22T16:47:33.962+0000] {logging_mixin.py:190} INFO - [2026-07-22T16:47:33.962+0000] {dagbag.py:588} INFO - Filling up the DagBag from /opt/airflow/dags/dag_transform_mart.py
[2026-07-22T16:47:33.971+0000] {processor.py:925} INFO - DAG(s) 'dag_transform_mart' retrieved from /opt/airflow/dags/dag_transform_mart.py
[2026-07-22T16:47:33.988+0000] {logging_mixin.py:190} INFO - [2026-07-22T16:47:33.988+0000] {dag.py:3239} INFO - Sync 1 DAGs
[2026-07-22T16:47:33.998+0000] {logging_mixin.py:190} INFO - [2026-07-22T16:47:33.998+0000] {dag.py:4180} INFO - Setting next_dagrun for dag_transform_mart to 2026-07-22 03:30:00+00:00, run_after=2026-07-23 03:30:00+00:00
[2026-07-22T16:47:34.008+0000] {processor.py:208} INFO - Processing /opt/airflow/dags/dag_transform_mart.py took 0.056 seconds
[2026-07-22T16:48:04.422+0000] {processor.py:186} INFO - Started process (PID=28598) to work on /opt/airflow/dags/dag_transform_mart.py
[2026-07-22T16:48:04.424+0000] {processor.py:914} INFO - Processing file /opt/airflow/dags/dag_transform_mart.py for tasks to queue
[2026-07-22T16:48:04.426+0000] {logging_mixin.py:190} INFO - [2026-07-22T16:48:04.426+0000] {dagbag.py:588} INFO - Filling up the DagBag from /opt/airflow/dags/dag_transform_mart.py
[2026-07-22T16:48:04.434+0000] {processor.py:925} INFO - DAG(s) 'dag_transform_mart' retrieved from /opt/airflow/dags/dag_transform_mart.py
[2026-07-22T16:48:04.451+0000] {logging_mixin.py:190} INFO - [2026-07-22T16:48:04.451+0000] {dag.py:3239} INFO - Sync 1 DAGs
[2026-07-22T16:48:04.461+0000] {logging_mixin.py:190} INFO - [2026-07-22T16:48:04.460+0000] {dag.py:4180} INFO - Setting next_dagrun for dag_transform_mart to 2026-07-22 03:30:00+00:00, run_after=2026-07-23 03:30:00+00:00
[2026-07-22T16:48:04.468+0000] {processor.py:208} INFO - Processing /opt/airflow/dags/dag_transform_mart.py took 0.053 seconds
[2026-07-22T16:48:34.856+0000] {processor.py:186} INFO - Started process (PID=28618) to work on /opt/airflow/dags/dag_transform_mart.py
[2026-07-22T16:48:34.857+0000] {processor.py:914} INFO - Processing file /opt/airflow/dags/dag_transform_mart.py for tasks to queue
[2026-07-22T16:48:34.860+0000] {logging_mixin.py:190} INFO - [2026-07-22T16:48:34.859+0000] {dagbag.py:588} INFO - Filling up the DagBag from /opt/airflow/dags/dag_transform_mart.py
[2026-07-22T16:48:34.867+0000] {processor.py:925} INFO - DAG(s) 'dag_transform_mart' retrieved from /opt/airflow/dags/dag_transform_mart.py
[2026-07-22T16:48:34.883+0000] {logging_mixin.py:190} INFO - [2026-07-22T16:48:34.883+0000] {dag.py:3239} INFO - Sync 1 DAGs
[2026-07-22T16:48:34.895+0000] {logging_mixin.py:190} INFO - [2026-07-22T16:48:34.895+0000] {dag.py:4180} INFO - Setting next_dagrun for dag_transform_mart to 2026-07-22 03:30:00+00:00, run_after=2026-07-23 03:30:00+00:00
[2026-07-22T16:48:34.903+0000] {processor.py:208} INFO - Processing /opt/airflow/dags/dag_transform_mart.py took 0.053 seconds
[2026-07-22T16:49:05.365+0000] {processor.py:186} INFO - Started process (PID=28638) to work on /opt/airflow/dags/dag_transform_mart.py
[2026-07-22T16:49:05.367+0000] {processor.py:914} INFO - Processing file /opt/airflow/dags/dag_transform_mart.py for tasks to queue
[2026-07-22T16:49:05.369+0000] {logging_mixin.py:190} INFO - [2026-07-22T16:49:05.369+0000] {dagbag.py:588} INFO - Filling up the DagBag from /opt/airflow/dags/dag_transform_mart.py
[2026-07-22T16:49:05.379+0000] {processor.py:925} INFO - DAG(s) 'dag_transform_mart' retrieved from /opt/airflow/dags/dag_transform_mart.py
[2026-07-22T16:49:05.397+0000] {logging_mixin.py:190} INFO - [2026-07-22T16:49:05.396+0000] {dag.py:3239} INFO - Sync 1 DAGs
[2026-07-22T16:49:05.406+0000] {logging_mixin.py:190} INFO - [2026-07-22T16:49:05.406+0000] {dag.py:4180} INFO - Setting next_dagrun for dag_transform_mart to 2026-07-22 03:30:00+00:00, run_after=2026-07-23 03:30:00+00:00
[2026-07-22T16:49:05.414+0000] {processor.py:208} INFO - Processing /opt/airflow/dags/dag_transform_mart.py took 0.056 seconds
[2026-07-22T16:49:35.878+0000] {processor.py:186} INFO - Started process (PID=28658) to work on /opt/airflow/dags/dag_transform_mart.py
[2026-07-22T16:49:35.879+0000] {processor.py:914} INFO - Processing file /opt/airflow/dags/dag_transform_mart.py for tasks to queue
[2026-07-22T16:49:35.881+0000] {logging_mixin.py:190} INFO - [2026-07-22T16:49:35.881+0000] {dagbag.py:588} INFO - Filling up the DagBag from /opt/airflow/dags/dag_transform_mart.py
[2026-07-22T16:49:35.890+0000] {processor.py:925} INFO - DAG(s) 'dag_transform_mart' retrieved from /opt/airflow/dags/dag_transform_mart.py
[2026-07-22T16:49:35.903+0000] {logging_mixin.py:190} INFO - [2026-07-22T16:49:35.903+0000] {dag.py:3239} INFO - Sync 1 DAGs
[2026-07-22T16:49:35.915+0000] {logging_mixin.py:190} INFO - [2026-07-22T16:49:35.915+0000] {dag.py:4180} INFO - Setting next_dagrun for dag_transform_mart to 2026-07-22 03:30:00+00:00, run_after=2026-07-23 03:30:00+00:00
[2026-07-22T16:49:35.921+0000] {processor.py:208} INFO - Processing /opt/airflow/dags/dag_transform_mart.py took 0.050 seconds
[2026-07-22T16:50:06.342+0000] {processor.py:186} INFO - Started process (PID=28678) to work on /opt/airflow/dags/dag_transform_mart.py
[2026-07-22T16:50:06.344+0000] {processor.py:914} INFO - Processing file /opt/airflow/dags/dag_transform_mart.py for tasks to queue
[2026-07-22T16:50:06.346+0000] {logging_mixin.py:190} INFO - [2026-07-22T16:50:06.346+0000] {dagbag.py:588} INFO - Filling up the DagBag from /opt/airflow/dags/dag_transform_mart.py
[2026-07-22T16:50:06.355+0000] {processor.py:925} INFO - DAG(s) 'dag_transform_mart' retrieved from /opt/airflow/dags/dag_transform_mart.py
[2026-07-22T16:50:06.371+0000] {logging_mixin.py:190} INFO - [2026-07-22T16:50:06.371+0000] {dag.py:3239} INFO - Sync 1 DAGs
[2026-07-22T16:50:06.382+0000] {logging_mixin.py:190} INFO - [2026-07-22T16:50:06.382+0000] {dag.py:4180} INFO - Setting next_dagrun for dag_transform_mart to 2026-07-22 03:30:00+00:00, run_after=2026-07-23 03:30:00+00:00
[2026-07-22T16:50:06.515+0000] {processor.py:208} INFO - Processing /opt/airflow/dags/dag_transform_mart.py took 0.180 seconds
[2026-07-22T16:50:36.874+0000] {processor.py:186} INFO - Started process (PID=28698) to work on /opt/airflow/dags/dag_transform_mart.py
[2026-07-22T16:50:36.875+0000] {processor.py:914} INFO - Processing file /opt/airflow/dags/dag_transform_mart.py for tasks to queue
[2026-07-22T16:50:36.878+0000] {logging_mixin.py:190} INFO - [2026-07-22T16:50:36.878+0000] {dagbag.py:588} INFO - Filling up the DagBag from /opt/airflow/dags/dag_transform_mart.py
[2026-07-22T16:50:36.888+0000] {processor.py:925} INFO - DAG(s) 'dag_transform_mart' retrieved from /opt/airflow/dags/dag_transform_mart.py
[2026-07-22T16:50:36.903+0000] {logging_mixin.py:190} INFO - [2026-07-22T16:50:36.903+0000] {dag.py:3239} INFO - Sync 1 DAGs
[2026-07-22T16:50:36.912+0000] {logging_mixin.py:190} INFO - [2026-07-22T16:50:36.912+0000] {dag.py:4180} INFO - Setting next_dagrun for dag_transform_mart to 2026-07-22 03:30:00+00:00, run_after=2026-07-23 03:30:00+00:00
[2026-07-22T16:50:36.920+0000] {processor.py:208} INFO - Processing /opt/airflow/dags/dag_transform_mart.py took 0.052 seconds
[2026-07-22T16:51:07.456+0000] {processor.py:186} INFO - Started process (PID=28718) to work on /opt/airflow/dags/dag_transform_mart.py
[2026-07-22T16:51:07.457+0000] {processor.py:914} INFO - Processing file /opt/airflow/dags/dag_transform_mart.py for tasks to queue
[2026-07-22T16:51:07.460+0000] {logging_mixin.py:190} INFO - [2026-07-22T16:51:07.459+0000] {dagbag.py:588} INFO - Filling up the DagBag from /opt/airflow/dags/dag_transform_mart.py
[2026-07-22T16:51:07.475+0000] {processor.py:925} INFO - DAG(s) 'dag_transform_mart' retrieved from /opt/airflow/dags/dag_transform_mart.py
[2026-07-22T16:51:07.497+0000] {logging_mixin.py:190} INFO - [2026-07-22T16:51:07.497+0000] {dag.py:3239} INFO - Sync 1 DAGs
[2026-07-22T16:51:07.511+0000] {logging_mixin.py:190} INFO - [2026-07-22T16:51:07.511+0000] {dag.py:4180} INFO - Setting next_dagrun for dag_transform_mart to 2026-07-22 03:30:00+00:00, run_after=2026-07-23 03:30:00+00:00
[2026-07-22T16:51:07.521+0000] {processor.py:208} INFO - Processing /opt/airflow/dags/dag_transform_mart.py took 0.075 seconds
[2026-07-22T16:51:37.997+0000] {processor.py:186} INFO - Started process (PID=28738) to work on /opt/airflow/dags/dag_transform_mart.py
[2026-07-22T16:51:37.999+0000] {processor.py:914} INFO - Processing file /opt/airflow/dags/dag_transform_mart.py for tasks to queue
[2026-07-22T16:51:38.000+0000] {logging_mixin.py:190} INFO - [2026-07-22T16:51:38.000+0000] {dagbag.py:588} INFO - Filling up the DagBag from /opt/airflow/dags/dag_transform_mart.py
[2026-07-22T16:51:38.010+0000] {processor.py:925} INFO - DAG(s) 'dag_transform_mart' retrieved from /opt/airflow/dags/dag_transform_mart.py
[2026-07-22T16:51:38.027+0000] {logging_mixin.py:190} INFO - [2026-07-22T16:51:38.027+0000] {dag.py:3239} INFO - Sync 1 DAGs
[2026-07-22T16:51:38.040+0000] {logging_mixin.py:190} INFO - [2026-07-22T16:51:38.039+0000] {dag.py:4180} INFO - Setting next_dagrun for dag_transform_mart to 2026-07-22 03:30:00+00:00, run_after=2026-07-23 03:30:00+00:00
[2026-07-22T16:51:38.118+0000] {processor.py:208} INFO - Processing /opt/airflow/dags/dag_transform_mart.py took 0.127 seconds
[2026-07-22T16:52:08.544+0000] {processor.py:186} INFO - Started process (PID=28758) to work on /opt/airflow/dags/dag_transform_mart.py
[2026-07-22T16:52:08.546+0000] {processor.py:914} INFO - Processing file /opt/airflow/dags/dag_transform_mart.py for tasks to queue
[2026-07-22T16:52:08.548+0000] {logging_mixin.py:190} INFO - [2026-07-22T16:52:08.548+0000] {dagbag.py:588} INFO - Filling up the DagBag from /opt/airflow/dags/dag_transform_mart.py
[2026-07-22T16:52:08.557+0000] {processor.py:925} INFO - DAG(s) 'dag_transform_mart' retrieved from /opt/airflow/dags/dag_transform_mart.py
[2026-07-22T16:52:08.577+0000] {logging_mixin.py:190} INFO - [2026-07-22T16:52:08.577+0000] {dag.py:3239} INFO - Sync 1 DAGs
[2026-07-22T16:52:08.587+0000] {logging_mixin.py:190} INFO - [2026-07-22T16:52:08.586+0000] {dag.py:4180} INFO - Setting next_dagrun for dag_transform_mart to 2026-07-22 03:30:00+00:00, run_after=2026-07-23 03:30:00+00:00
[2026-07-22T16:52:08.595+0000] {processor.py:208} INFO - Processing /opt/airflow/dags/dag_transform_mart.py took 0.057 seconds
[2026-07-22T16:52:39.072+0000] {processor.py:186} INFO - Started process (PID=28778) to work on /opt/airflow/dags/dag_transform_mart.py
[2026-07-22T16:52:39.073+0000] {processor.py:914} INFO - Processing file /opt/airflow/dags/dag_transform_mart.py for tasks to queue
[2026-07-22T16:52:39.075+0000] {logging_mixin.py:190} INFO - [2026-07-22T16:52:39.075+0000] {dagbag.py:588} INFO - Filling up the DagBag from /opt/airflow/dags/dag_transform_mart.py
[2026-07-22T16:52:39.086+0000] {processor.py:925} INFO - DAG(s) 'dag_transform_mart' retrieved from /opt/airflow/dags/dag_transform_mart.py
[2026-07-22T16:52:39.106+0000] {logging_mixin.py:190} INFO - [2026-07-22T16:52:39.106+0000] {dag.py:3239} INFO - Sync 1 DAGs
[2026-07-22T16:52:39.187+0000] {logging_mixin.py:190} INFO - [2026-07-22T16:52:39.186+0000] {dag.py:4180} INFO - Setting next_dagrun for dag_transform_mart to 2026-07-22 03:30:00+00:00, run_after=2026-07-23 03:30:00+00:00
[2026-07-22T16:52:39.193+0000] {processor.py:208} INFO - Processing /opt/airflow/dags/dag_transform_mart.py took 0.127 seconds
[2026-07-22T16:53:09.652+0000] {processor.py:186} INFO - Started process (PID=28798) to work on /opt/airflow/dags/dag_transform_mart.py
[2026-07-22T16:53:09.653+0000] {processor.py:914} INFO - Processing file /opt/airflow/dags/dag_transform_mart.py for tasks to queue
[2026-07-22T16:53:09.656+0000] {logging_mixin.py:190} INFO - [2026-07-22T16:53:09.655+0000] {dagbag.py:588} INFO - Filling up the DagBag from /opt/airflow/dags/dag_transform_mart.py
[2026-07-22T16:53:09.664+0000] {processor.py:925} INFO - DAG(s) 'dag_transform_mart' retrieved from /opt/airflow/dags/dag_transform_mart.py
[2026-07-22T16:53:09.681+0000] {logging_mixin.py:190} INFO - [2026-07-22T16:53:09.681+0000] {dag.py:3239} INFO - Sync 1 DAGs
[2026-07-22T16:53:09.691+0000] {logging_mixin.py:190} INFO - [2026-07-22T16:53:09.691+0000] {dag.py:4180} INFO - Setting next_dagrun for dag_transform_mart to 2026-07-22 03:30:00+00:00, run_after=2026-07-23 03:30:00+00:00
[2026-07-22T16:53:09.767+0000] {processor.py:208} INFO - Processing /opt/airflow/dags/dag_transform_mart.py took 0.122 seconds
[2026-07-22T16:53:40.237+0000] {processor.py:186} INFO - Started process (PID=28818) to work on /opt/airflow/dags/dag_transform_mart.py
[2026-07-22T16:53:40.239+0000] {processor.py:914} INFO - Processing file /opt/airflow/dags/dag_transform_mart.py for tasks to queue
[2026-07-22T16:53:40.242+0000] {logging_mixin.py:190} INFO - [2026-07-22T16:53:40.242+0000] {dagbag.py:588} INFO - Filling up the DagBag from /opt/airflow/dags/dag_transform_mart.py
[2026-07-22T16:53:40.253+0000] {processor.py:925} INFO - DAG(s) 'dag_transform_mart' retrieved from /opt/airflow/dags/dag_transform_mart.py
[2026-07-22T16:53:40.272+0000] {logging_mixin.py:190} INFO - [2026-07-22T16:53:40.272+0000] {dag.py:3239} INFO - Sync 1 DAGs
[2026-07-22T16:53:40.283+0000] {logging_mixin.py:190} INFO - [2026-07-22T16:53:40.283+0000] {dag.py:4180} INFO - Setting next_dagrun for dag_transform_mart to 2026-07-22 03:30:00+00:00, run_after=2026-07-23 03:30:00+00:00
[2026-07-22T16:53:40.291+0000] {processor.py:208} INFO - Processing /opt/airflow/dags/dag_transform_mart.py took 0.062 seconds
[2026-07-22T16:54:10.738+0000] {processor.py:186} INFO - Started process (PID=28838) to work on /opt/airflow/dags/dag_transform_mart.py
[2026-07-22T16:54:10.740+0000] {processor.py:914} INFO - Processing file /opt/airflow/dags/dag_transform_mart.py for tasks to queue
[2026-07-22T16:54:10.742+0000] {logging_mixin.py:190} INFO - [2026-07-22T16:54:10.742+0000] {dagbag.py:588} INFO - Filling up the DagBag from /opt/airflow/dags/dag_transform_mart.py
[2026-07-22T16:54:10.755+0000] {processor.py:925} INFO - DAG(s) 'dag_transform_mart' retrieved from /opt/airflow/dags/dag_transform_mart.py
[2026-07-22T16:54:10.773+0000] {logging_mixin.py:190} INFO - [2026-07-22T16:54:10.773+0000] {dag.py:3239} INFO - Sync 1 DAGs
[2026-07-22T16:54:10.886+0000] {logging_mixin.py:190} INFO - [2026-07-22T16:54:10.886+0000] {dag.py:4180} INFO - Setting next_dagrun for dag_transform_mart to 2026-07-22 03:30:00+00:00, run_after=2026-07-23 03:30:00+00:00
[2026-07-22T16:54:10.893+0000] {processor.py:208} INFO - Processing /opt/airflow/dags/dag_transform_mart.py took 0.162 seconds
[2026-07-22T16:54:41.411+0000] {processor.py:186} INFO - Started process (PID=28858) to work on /opt/airflow/dags/dag_transform_mart.py
[2026-07-22T16:54:41.412+0000] {processor.py:914} INFO - Processing file /opt/airflow/dags/dag_transform_mart.py for tasks to queue
[2026-07-22T16:54:41.415+0000] {logging_mixin.py:190} INFO - [2026-07-22T16:54:41.414+0000] {dagbag.py:588} INFO - Filling up the DagBag from /opt/airflow/dags/dag_transform_mart.py
[2026-07-22T16:54:41.429+0000] {processor.py:925} INFO - DAG(s) 'dag_transform_mart' retrieved from /opt/airflow/dags/dag_transform_mart.py
[2026-07-22T16:54:41.448+0000] {logging_mixin.py:190} INFO - [2026-07-22T16:54:41.447+0000] {dag.py:3239} INFO - Sync 1 DAGs
[2026-07-22T16:54:41.460+0000] {logging_mixin.py:190} INFO - [2026-07-22T16:54:41.460+0000] {dag.py:4180} INFO - Setting next_dagrun for dag_transform_mart to 2026-07-22 03:30:00+00:00, run_after=2026-07-23 03:30:00+00:00
[2026-07-22T16:54:41.468+0000] {processor.py:208} INFO - Processing /opt/airflow/dags/dag_transform_mart.py took 0.067 seconds
[2026-07-22T16:55:11.866+0000] {processor.py:186} INFO - Started process (PID=28878) to work on /opt/airflow/dags/dag_transform_mart.py
[2026-07-22T16:55:11.867+0000] {processor.py:914} INFO - Processing file /opt/airflow/dags/dag_transform_mart.py for tasks to queue
[2026-07-22T16:55:11.870+0000] {logging_mixin.py:190} INFO - [2026-07-22T16:55:11.870+0000] {dagbag.py:588} INFO - Filling up the DagBag from /opt/airflow/dags/dag_transform_mart.py
[2026-07-22T16:55:11.881+0000] {processor.py:925} INFO - DAG(s) 'dag_transform_mart' retrieved from /opt/airflow/dags/dag_transform_mart.py
[2026-07-22T16:55:11.898+0000] {logging_mixin.py:190} INFO - [2026-07-22T16:55:11.898+0000] {dag.py:3239} INFO - Sync 1 DAGs
[2026-07-22T16:55:11.909+0000] {logging_mixin.py:190} INFO - [2026-07-22T16:55:11.909+0000] {dag.py:4180} INFO - Setting next_dagrun for dag_transform_mart to 2026-07-22 03:30:00+00:00, run_after=2026-07-23 03:30:00+00:00
[2026-07-22T16:55:11.915+0000] {processor.py:208} INFO - Processing /opt/airflow/dags/dag_transform_mart.py took 0.057 seconds
[2026-07-22T16:55:42.347+0000] {processor.py:186} INFO - Started process (PID=28898) to work on /opt/airflow/dags/dag_transform_mart.py
[2026-07-22T16:55:42.349+0000] {processor.py:914} INFO - Processing file /opt/airflow/dags/dag_transform_mart.py for tasks to queue
[2026-07-22T16:55:42.352+0000] {logging_mixin.py:190} INFO - [2026-07-22T16:55:42.352+0000] {dagbag.py:588} INFO - Filling up the DagBag from /opt/airflow/dags/dag_transform_mart.py
[2026-07-22T16:55:42.364+0000] {processor.py:925} INFO - DAG(s) 'dag_transform_mart' retrieved from /opt/airflow/dags/dag_transform_mart.py
[2026-07-22T16:55:42.380+0000] {logging_mixin.py:190} INFO - [2026-07-22T16:55:42.380+0000] {dag.py:3239} INFO - Sync 1 DAGs
[2026-07-22T16:55:42.390+0000] {logging_mixin.py:190} INFO - [2026-07-22T16:55:42.389+0000] {dag.py:4180} INFO - Setting next_dagrun for dag_transform_mart to 2026-07-22 03:30:00+00:00, run_after=2026-07-23 03:30:00+00:00
[2026-07-22T16:55:42.397+0000] {processor.py:208} INFO - Processing /opt/airflow/dags/dag_transform_mart.py took 0.057 seconds
[2026-07-22T16:56:12.801+0000] {processor.py:186} INFO - Started process (PID=28918) to work on /opt/airflow/dags/dag_transform_mart.py
[2026-07-22T16:56:12.803+0000] {processor.py:914} INFO - Processing file /opt/airflow/dags/dag_transform_mart.py for tasks to queue
[2026-07-22T16:56:12.805+0000] {logging_mixin.py:190} INFO - [2026-07-22T16:56:12.805+0000] {dagbag.py:588} INFO - Filling up the DagBag from /opt/airflow/dags/dag_transform_mart.py
[2026-07-22T16:56:12.814+0000] {processor.py:925} INFO - DAG(s) 'dag_transform_mart' retrieved from /opt/airflow/dags/dag_transform_mart.py
[2026-07-22T16:56:12.832+0000] {logging_mixin.py:190} INFO - [2026-07-22T16:56:12.832+0000] {dag.py:3239} INFO - Sync 1 DAGs
[2026-07-22T16:56:12.846+0000] {logging_mixin.py:190} INFO - [2026-07-22T16:56:12.845+0000] {dag.py:4180} INFO - Setting next_dagrun for dag_transform_mart to 2026-07-22 03:30:00+00:00, run_after=2026-07-23 03:30:00+00:00
[2026-07-22T16:56:12.854+0000] {processor.py:208} INFO - Processing /opt/airflow/dags/dag_transform_mart.py took 0.060 seconds
[2026-07-22T16:56:43.202+0000] {processor.py:186} INFO - Started process (PID=28938) to work on /opt/airflow/dags/dag_transform_mart.py
[2026-07-22T16:56:43.204+0000] {processor.py:914} INFO - Processing file /opt/airflow/dags/dag_transform_mart.py for tasks to queue
[2026-07-22T16:56:43.206+0000] {logging_mixin.py:190} INFO - [2026-07-22T16:56:43.206+0000] {dagbag.py:588} INFO - Filling up the DagBag from /opt/airflow/dags/dag_transform_mart.py
[2026-07-22T16:56:43.214+0000] {processor.py:925} INFO - DAG(s) 'dag_transform_mart' retrieved from /opt/airflow/dags/dag_transform_mart.py
[2026-07-22T16:56:43.233+0000] {logging_mixin.py:190} INFO - [2026-07-22T16:56:43.232+0000] {dag.py:3239} INFO - Sync 1 DAGs
[2026-07-22T16:56:43.244+0000] {logging_mixin.py:190} INFO - [2026-07-22T16:56:43.244+0000] {dag.py:4180} INFO - Setting next_dagrun for dag_transform_mart to 2026-07-22 03:30:00+00:00, run_after=2026-07-23 03:30:00+00:00
[2026-07-22T16:56:43.254+0000] {processor.py:208} INFO - Processing /opt/airflow/dags/dag_transform_mart.py took 0.059 seconds
[2026-07-22T16:57:13.653+0000] {processor.py:186} INFO - Started process (PID=28958) to work on /opt/airflow/dags/dag_transform_mart.py
[2026-07-22T16:57:13.655+0000] {processor.py:914} INFO - Processing file /opt/airflow/dags/dag_transform_mart.py for tasks to queue
[2026-07-22T16:57:13.658+0000] {logging_mixin.py:190} INFO - [2026-07-22T16:57:13.658+0000] {dagbag.py:588} INFO - Filling up the DagBag from /opt/airflow/dags/dag_transform_mart.py
[2026-07-22T16:57:13.672+0000] {processor.py:925} INFO - DAG(s) 'dag_transform_mart' retrieved from /opt/airflow/dags/dag_transform_mart.py
[2026-07-22T16:57:13.688+0000] {logging_mixin.py:190} INFO - [2026-07-22T16:57:13.688+0000] {dag.py:3239} INFO - Sync 1 DAGs
[2026-07-22T16:57:13.699+0000] {logging_mixin.py:190} INFO - [2026-07-22T16:57:13.699+0000] {dag.py:4180} INFO - Setting next_dagrun for dag_transform_mart to 2026-07-22 03:30:00+00:00, run_after=2026-07-23 03:30:00+00:00
[2026-07-22T16:57:13.712+0000] {processor.py:208} INFO - Processing /opt/airflow/dags/dag_transform_mart.py took 0.065 seconds
[2026-07-22T16:57:44.112+0000] {processor.py:186} INFO - Started process (PID=28978) to work on /opt/airflow/dags/dag_transform_mart.py
[2026-07-22T16:57:44.113+0000] {processor.py:914} INFO - Processing file /opt/airflow/dags/dag_transform_mart.py for tasks to queue
[2026-07-22T16:57:44.116+0000] {logging_mixin.py:190} INFO - [2026-07-22T16:57:44.116+0000] {dagbag.py:588} INFO - Filling up the DagBag from /opt/airflow/dags/dag_transform_mart.py
[2026-07-22T16:57:44.124+0000] {processor.py:925} INFO - DAG(s) 'dag_transform_mart' retrieved from /opt/airflow/dags/dag_transform_mart.py
[2026-07-22T16:57:44.141+0000] {logging_mixin.py:190} INFO - [2026-07-22T16:57:44.141+0000] {dag.py:3239} INFO - Sync 1 DAGs
[2026-07-22T16:57:44.153+0000] {logging_mixin.py:190} INFO - [2026-07-22T16:57:44.153+0000] {dag.py:4180} INFO - Setting next_dagrun for dag_transform_mart to 2026-07-22 03:30:00+00:00, run_after=2026-07-23 03:30:00+00:00
[2026-07-22T16:57:44.164+0000] {processor.py:208} INFO - Processing /opt/airflow/dags/dag_transform_mart.py took 0.059 seconds
[2026-07-22T16:58:14.540+0000] {processor.py:186} INFO - Started process (PID=28998) to work on /opt/airflow/dags/dag_transform_mart.py
[2026-07-22T16:58:14.541+0000] {processor.py:914} INFO - Processing file /opt/airflow/dags/dag_transform_mart.py for tasks to queue
[2026-07-22T16:58:14.542+0000] {logging_mixin.py:190} INFO - [2026-07-22T16:58:14.542+0000] {dagbag.py:588} INFO - Filling up the DagBag from /opt/airflow/dags/dag_transform_mart.py
[2026-07-22T16:58:14.548+0000] {processor.py:925} INFO - DAG(s) 'dag_transform_mart' retrieved from /opt/airflow/dags/dag_transform_mart.py
[2026-07-22T16:58:14.565+0000] {logging_mixin.py:190} INFO - [2026-07-22T16:58:14.564+0000] {dag.py:3239} INFO - Sync 1 DAGs
[2026-07-22T16:58:14.574+0000] {logging_mixin.py:190} INFO - [2026-07-22T16:58:14.574+0000] {dag.py:4180} INFO - Setting next_dagrun for dag_transform_mart to 2026-07-22 03:30:00+00:00, run_after=2026-07-23 03:30:00+00:00
[2026-07-22T16:58:14.580+0000] {processor.py:208} INFO - Processing /opt/airflow/dags/dag_transform_mart.py took 0.044 seconds
[2026-07-22T16:58:44.998+0000] {processor.py:186} INFO - Started process (PID=29018) to work on /opt/airflow/dags/dag_transform_mart.py
[2026-07-22T16:58:45.000+0000] {processor.py:914} INFO - Processing file /opt/airflow/dags/dag_transform_mart.py for tasks to queue
[2026-07-22T16:58:45.004+0000] {logging_mixin.py:190} INFO - [2026-07-22T16:58:45.003+0000] {dagbag.py:588} INFO - Filling up the DagBag from /opt/airflow/dags/dag_transform_mart.py
[2026-07-22T16:58:45.015+0000] {processor.py:925} INFO - DAG(s) 'dag_transform_mart' retrieved from /opt/airflow/dags/dag_transform_mart.py
[2026-07-22T16:58:45.031+0000] {logging_mixin.py:190} INFO - [2026-07-22T16:58:45.031+0000] {dag.py:3239} INFO - Sync 1 DAGs
[2026-07-22T16:58:45.042+0000] {logging_mixin.py:190} INFO - [2026-07-22T16:58:45.042+0000] {dag.py:4180} INFO - Setting next_dagrun for dag_transform_mart to 2026-07-22 03:30:00+00:00, run_after=2026-07-23 03:30:00+00:00
[2026-07-22T16:58:45.051+0000] {processor.py:208} INFO - Processing /opt/airflow/dags/dag_transform_mart.py took 0.060 seconds
[2026-07-22T16:59:15.413+0000] {processor.py:186} INFO - Started process (PID=29038) to work on /opt/airflow/dags/dag_transform_mart.py
[2026-07-22T16:59:15.414+0000] {processor.py:914} INFO - Processing file /opt/airflow/dags/dag_transform_mart.py for tasks to queue
[2026-07-22T16:59:15.418+0000] {logging_mixin.py:190} INFO - [2026-07-22T16:59:15.418+0000] {dagbag.py:588} INFO - Filling up the DagBag from /opt/airflow/dags/dag_transform_mart.py
[2026-07-22T16:59:15.429+0000] {processor.py:925} INFO - DAG(s) 'dag_transform_mart' retrieved from /opt/airflow/dags/dag_transform_mart.py
[2026-07-22T16:59:15.447+0000] {logging_mixin.py:190} INFO - [2026-07-22T16:59:15.447+0000] {dag.py:3239} INFO - Sync 1 DAGs
[2026-07-22T16:59:15.465+0000] {logging_mixin.py:190} INFO - [2026-07-22T16:59:15.465+0000] {dag.py:4180} INFO - Setting next_dagrun for dag_transform_mart to 2026-07-22 03:30:00+00:00, run_after=2026-07-23 03:30:00+00:00
[2026-07-22T16:59:15.474+0000] {processor.py:208} INFO - Processing /opt/airflow/dags/dag_transform_mart.py took 0.069 seconds
[2026-07-22T16:59:45.859+0000] {processor.py:186} INFO - Started process (PID=29058) to work on /opt/airflow/dags/dag_transform_mart.py
[2026-07-22T16:59:45.861+0000] {processor.py:914} INFO - Processing file /opt/airflow/dags/dag_transform_mart.py for tasks to queue
[2026-07-22T16:59:45.865+0000] {logging_mixin.py:190} INFO - [2026-07-22T16:59:45.865+0000] {dagbag.py:588} INFO - Filling up the DagBag from /opt/airflow/dags/dag_transform_mart.py
[2026-07-22T16:59:45.875+0000] {processor.py:925} INFO - DAG(s) 'dag_transform_mart' retrieved from /opt/airflow/dags/dag_transform_mart.py
[2026-07-22T16:59:45.893+0000] {logging_mixin.py:190} INFO - [2026-07-22T16:59:45.893+0000] {dag.py:3239} INFO - Sync 1 DAGs
[2026-07-22T16:59:45.903+0000] {logging_mixin.py:190} INFO - [2026-07-22T16:59:45.903+0000] {dag.py:4180} INFO - Setting next_dagrun for dag_transform_mart to 2026-07-22 03:30:00+00:00, run_after=2026-07-23 03:30:00+00:00
[2026-07-22T16:59:45.912+0000] {processor.py:208} INFO - Processing /opt/airflow/dags/dag_transform_mart.py took 0.058 seconds
[2026-07-22T17:00:16.272+0000] {processor.py:186} INFO - Started process (PID=29078) to work on /opt/airflow/dags/dag_transform_mart.py
[2026-07-22T17:00:16.273+0000] {processor.py:914} INFO - Processing file /opt/airflow/dags/dag_transform_mart.py for tasks to queue
[2026-07-22T17:00:16.275+0000] {logging_mixin.py:190} INFO - [2026-07-22T17:00:16.275+0000] {dagbag.py:588} INFO - Filling up the DagBag from /opt/airflow/dags/dag_transform_mart.py
[2026-07-22T17:00:16.283+0000] {processor.py:925} INFO - DAG(s) 'dag_transform_mart' retrieved from /opt/airflow/dags/dag_transform_mart.py
[2026-07-22T17:00:16.300+0000] {logging_mixin.py:190} INFO - [2026-07-22T17:00:16.300+0000] {dag.py:3239} INFO - Sync 1 DAGs
[2026-07-22T17:00:16.312+0000] {logging_mixin.py:190} INFO - [2026-07-22T17:00:16.312+0000] {dag.py:4180} INFO - Setting next_dagrun for dag_transform_mart to 2026-07-22 03:30:00+00:00, run_after=2026-07-23 03:30:00+00:00
[2026-07-22T17:00:16.320+0000] {processor.py:208} INFO - Processing /opt/airflow/dags/dag_transform_mart.py took 0.055 seconds
[2026-07-22T17:00:46.713+0000] {processor.py:186} INFO - Started process (PID=29098) to work on /opt/airflow/dags/dag_transform_mart.py
[2026-07-22T17:00:46.714+0000] {processor.py:914} INFO - Processing file /opt/airflow/dags/dag_transform_mart.py for tasks to queue
[2026-07-22T17:00:46.716+0000] {logging_mixin.py:190} INFO - [2026-07-22T17:00:46.716+0000] {dagbag.py:588} INFO - Filling up the DagBag from /opt/airflow/dags/dag_transform_mart.py
[2026-07-22T17:00:46.726+0000] {processor.py:925} INFO - DAG(s) 'dag_transform_mart' retrieved from /opt/airflow/dags/dag_transform_mart.py
[2026-07-22T17:00:46.742+0000] {logging_mixin.py:190} INFO - [2026-07-22T17:00:46.742+0000] {dag.py:3239} INFO - Sync 1 DAGs
[2026-07-22T17:00:46.753+0000] {logging_mixin.py:190} INFO - [2026-07-22T17:00:46.752+0000] {dag.py:4180} INFO - Setting next_dagrun for dag_transform_mart to 2026-07-22 03:30:00+00:00, run_after=2026-07-23 03:30:00+00:00
[2026-07-22T17:00:46.762+0000] {processor.py:208} INFO - Processing /opt/airflow/dags/dag_transform_mart.py took 0.051 seconds
[2026-07-22T17:01:17.160+0000] {processor.py:186} INFO - Started process (PID=29118) to work on /opt/airflow/dags/dag_transform_mart.py
[2026-07-22T17:01:17.162+0000] {processor.py:914} INFO - Processing file /opt/airflow/dags/dag_transform_mart.py for tasks to queue
[2026-07-22T17:01:17.164+0000] {logging_mixin.py:190} INFO - [2026-07-22T17:01:17.164+0000] {dagbag.py:588} INFO - Filling up the DagBag from /opt/airflow/dags/dag_transform_mart.py
[2026-07-22T17:01:17.172+0000] {processor.py:925} INFO - DAG(s) 'dag_transform_mart' retrieved from /opt/airflow/dags/dag_transform_mart.py
[2026-07-22T17:01:17.188+0000] {logging_mixin.py:190} INFO - [2026-07-22T17:01:17.188+0000] {dag.py:3239} INFO - Sync 1 DAGs
[2026-07-22T17:01:17.198+0000] {logging_mixin.py:190} INFO - [2026-07-22T17:01:17.198+0000] {dag.py:4180} INFO - Setting next_dagrun for dag_transform_mart to 2026-07-22 03:30:00+00:00, run_after=2026-07-23 03:30:00+00:00
[2026-07-22T17:01:17.206+0000] {processor.py:208} INFO - Processing /opt/airflow/dags/dag_transform_mart.py took 0.053 seconds
[2026-07-22T17:01:47.634+0000] {processor.py:186} INFO - Started process (PID=29138) to work on /opt/airflow/dags/dag_transform_mart.py
[2026-07-22T17:01:47.635+0000] {processor.py:914} INFO - Processing file /opt/airflow/dags/dag_transform_mart.py for tasks to queue
[2026-07-22T17:01:47.639+0000] {logging_mixin.py:190} INFO - [2026-07-22T17:01:47.638+0000] {dagbag.py:588} INFO - Filling up the DagBag from /opt/airflow/dags/dag_transform_mart.py
[2026-07-22T17:01:47.649+0000] {processor.py:925} INFO - DAG(s) 'dag_transform_mart' retrieved from /opt/airflow/dags/dag_transform_mart.py
[2026-07-22T17:01:47.665+0000] {logging_mixin.py:190} INFO - [2026-07-22T17:01:47.664+0000] {dag.py:3239} INFO - Sync 1 DAGs
[2026-07-22T17:01:47.674+0000] {logging_mixin.py:190} INFO - [2026-07-22T17:01:47.674+0000] {dag.py:4180} INFO - Setting next_dagrun for dag_transform_mart to 2026-07-22 03:30:00+00:00, run_after=2026-07-23 03:30:00+00:00
[2026-07-22T17:01:47.682+0000] {processor.py:208} INFO - Processing /opt/airflow/dags/dag_transform_mart.py took 0.055 seconds
[2026-07-22T17:02:18.010+0000] {processor.py:186} INFO - Started process (PID=29158) to work on /opt/airflow/dags/dag_transform_mart.py
[2026-07-22T17:02:18.012+0000] {processor.py:914} INFO - Processing file /opt/airflow/dags/dag_transform_mart.py for tasks to queue
[2026-07-22T17:02:18.014+0000] {logging_mixin.py:190} INFO - [2026-07-22T17:02:18.014+0000] {dagbag.py:588} INFO - Filling up the DagBag from /opt/airflow/dags/dag_transform_mart.py
[2026-07-22T17:02:18.029+0000] {processor.py:925} INFO - DAG(s) 'dag_transform_mart' retrieved from /opt/airflow/dags/dag_transform_mart.py
[2026-07-22T17:02:18.045+0000] {logging_mixin.py:190} INFO - [2026-07-22T17:02:18.045+0000] {dag.py:3239} INFO - Sync 1 DAGs
[2026-07-22T17:02:18.054+0000] {logging_mixin.py:190} INFO - [2026-07-22T17:02:18.054+0000] {dag.py:4180} INFO - Setting next_dagrun for dag_transform_mart to 2026-07-22 03:30:00+00:00, run_after=2026-07-23 03:30:00+00:00
[2026-07-22T17:02:18.063+0000] {processor.py:208} INFO - Processing /opt/airflow/dags/dag_transform_mart.py took 0.059 seconds
[2026-07-22T17:02:48.461+0000] {processor.py:186} INFO - Started process (PID=29178) to work on /opt/airflow/dags/dag_transform_mart.py
[2026-07-22T17:02:48.462+0000] {processor.py:914} INFO - Processing file /opt/airflow/dags/dag_transform_mart.py for tasks to queue
[2026-07-22T17:02:48.464+0000] {logging_mixin.py:190} INFO - [2026-07-22T17:02:48.464+0000] {dagbag.py:588} INFO - Filling up the DagBag from /opt/airflow/dags/dag_transform_mart.py
[2026-07-22T17:02:48.472+0000] {processor.py:925} INFO - DAG(s) 'dag_transform_mart' retrieved from /opt/airflow/dags/dag_transform_mart.py
[2026-07-22T17:02:48.489+0000] {logging_mixin.py:190} INFO - [2026-07-22T17:02:48.489+0000] {dag.py:3239} INFO - Sync 1 DAGs
[2026-07-22T17:02:48.502+0000] {logging_mixin.py:190} INFO - [2026-07-22T17:02:48.502+0000] {dag.py:4180} INFO - Setting next_dagrun for dag_transform_mart to 2026-07-22 03:30:00+00:00, run_after=2026-07-23 03:30:00+00:00
[2026-07-22T17:02:48.510+0000] {processor.py:208} INFO - Processing /opt/airflow/dags/dag_transform_mart.py took 0.056 seconds
[2026-07-22T17:03:18.913+0000] {processor.py:186} INFO - Started process (PID=29198) to work on /opt/airflow/dags/dag_transform_mart.py
[2026-07-22T17:03:18.914+0000] {processor.py:914} INFO - Processing file /opt/airflow/dags/dag_transform_mart.py for tasks to queue
[2026-07-22T17:03:18.917+0000] {logging_mixin.py:190} INFO - [2026-07-22T17:03:18.917+0000] {dagbag.py:588} INFO - Filling up the DagBag from /opt/airflow/dags/dag_transform_mart.py
[2026-07-22T17:03:18.930+0000] {processor.py:925} INFO - DAG(s) 'dag_transform_mart' retrieved from /opt/airflow/dags/dag_transform_mart.py
[2026-07-22T17:03:18.946+0000] {logging_mixin.py:190} INFO - [2026-07-22T17:03:18.946+0000] {dag.py:3239} INFO - Sync 1 DAGs
[2026-07-22T17:03:18.956+0000] {logging_mixin.py:190} INFO - [2026-07-22T17:03:18.956+0000] {dag.py:4180} INFO - Setting next_dagrun for dag_transform_mart to 2026-07-22 03:30:00+00:00, run_after=2026-07-23 03:30:00+00:00
[2026-07-22T17:03:18.966+0000] {processor.py:208} INFO - Processing /opt/airflow/dags/dag_transform_mart.py took 0.060 seconds
[2026-07-22T17:03:49.328+0000] {processor.py:186} INFO - Started process (PID=29218) to work on /opt/airflow/dags/dag_transform_mart.py
[2026-07-22T17:03:49.330+0000] {processor.py:914} INFO - Processing file /opt/airflow/dags/dag_transform_mart.py for tasks to queue
[2026-07-22T17:03:49.332+0000] {logging_mixin.py:190} INFO - [2026-07-22T17:03:49.331+0000] {dagbag.py:588} INFO - Filling up the DagBag from /opt/airflow/dags/dag_transform_mart.py
[2026-07-22T17:03:49.342+0000] {processor.py:925} INFO - DAG(s) 'dag_transform_mart' retrieved from /opt/airflow/dags/dag_transform_mart.py
[2026-07-22T17:03:49.360+0000] {logging_mixin.py:190} INFO - [2026-07-22T17:03:49.359+0000] {dag.py:3239} INFO - Sync 1 DAGs
[2026-07-22T17:03:49.370+0000] {logging_mixin.py:190} INFO - [2026-07-22T17:03:49.369+0000] {dag.py:4180} INFO - Setting next_dagrun for dag_transform_mart to 2026-07-22 03:30:00+00:00, run_after=2026-07-23 03:30:00+00:00
[2026-07-22T17:03:49.377+0000] {processor.py:208} INFO - Processing /opt/airflow/dags/dag_transform_mart.py took 0.056 seconds
[2026-07-22T17:04:19.792+0000] {processor.py:186} INFO - Started process (PID=29238) to work on /opt/airflow/dags/dag_transform_mart.py
[2026-07-22T17:04:19.793+0000] {processor.py:914} INFO - Processing file /opt/airflow/dags/dag_transform_mart.py for tasks to queue
[2026-07-22T17:04:19.795+0000] {logging_mixin.py:190} INFO - [2026-07-22T17:04:19.795+0000] {dagbag.py:588} INFO - Filling up the DagBag from /opt/airflow/dags/dag_transform_mart.py
[2026-07-22T17:04:19.803+0000] {processor.py:925} INFO - DAG(s) 'dag_transform_mart' retrieved from /opt/airflow/dags/dag_transform_mart.py
[2026-07-22T17:04:19.818+0000] {logging_mixin.py:190} INFO - [2026-07-22T17:04:19.818+0000] {dag.py:3239} INFO - Sync 1 DAGs
[2026-07-22T17:04:19.828+0000] {logging_mixin.py:190} INFO - [2026-07-22T17:04:19.828+0000] {dag.py:4180} INFO - Setting next_dagrun for dag_transform_mart to 2026-07-22 03:30:00+00:00, run_after=2026-07-23 03:30:00+00:00
[2026-07-22T17:04:19.836+0000] {processor.py:208} INFO - Processing /opt/airflow/dags/dag_transform_mart.py took 0.049 seconds
[2026-07-22T17:04:50.198+0000] {processor.py:186} INFO - Started process (PID=29258) to work on /opt/airflow/dags/dag_transform_mart.py
[2026-07-22T17:04:50.199+0000] {processor.py:914} INFO - Processing file /opt/airflow/dags/dag_transform_mart.py for tasks to queue
[2026-07-22T17:04:50.203+0000] {logging_mixin.py:190} INFO - [2026-07-22T17:04:50.203+0000] {dagbag.py:588} INFO - Filling up the DagBag from /opt/airflow/dags/dag_transform_mart.py
[2026-07-22T17:04:50.211+0000] {processor.py:925} INFO - DAG(s) 'dag_transform_mart' retrieved from /opt/airflow/dags/dag_transform_mart.py
[2026-07-22T17:04:50.230+0000] {logging_mixin.py:190} INFO - [2026-07-22T17:04:50.230+0000] {dag.py:3239} INFO - Sync 1 DAGs
[2026-07-22T17:04:50.240+0000] {logging_mixin.py:190} INFO - [2026-07-22T17:04:50.240+0000] {dag.py:4180} INFO - Setting next_dagrun for dag_transform_mart to 2026-07-22 03:30:00+00:00, run_after=2026-07-23 03:30:00+00:00
[2026-07-22T17:04:50.248+0000] {processor.py:208} INFO - Processing /opt/airflow/dags/dag_transform_mart.py took 0.056 seconds
[2026-07-22T17:05:20.593+0000] {processor.py:186} INFO - Started process (PID=29278) to work on /opt/airflow/dags/dag_transform_mart.py
[2026-07-22T17:05:20.594+0000] {processor.py:914} INFO - Processing file /opt/airflow/dags/dag_transform_mart.py for tasks to queue
[2026-07-22T17:05:20.596+0000] {logging_mixin.py:190} INFO - [2026-07-22T17:05:20.595+0000] {dagbag.py:588} INFO - Filling up the DagBag from /opt/airflow/dags/dag_transform_mart.py
[2026-07-22T17:05:20.602+0000] {processor.py:925} INFO - DAG(s) 'dag_transform_mart' retrieved from /opt/airflow/dags/dag_transform_mart.py
[2026-07-22T17:05:20.616+0000] {logging_mixin.py:190} INFO - [2026-07-22T17:05:20.616+0000] {dag.py:3239} INFO - Sync 1 DAGs
[2026-07-22T17:05:20.624+0000] {logging_mixin.py:190} INFO - [2026-07-22T17:05:20.624+0000] {dag.py:4180} INFO - Setting next_dagrun for dag_transform_mart to 2026-07-22 03:30:00+00:00, run_after=2026-07-23 03:30:00+00:00
[2026-07-22T17:05:20.631+0000] {processor.py:208} INFO - Processing /opt/airflow/dags/dag_transform_mart.py took 0.041 seconds
[2026-07-22T17:05:51.019+0000] {processor.py:186} INFO - Started process (PID=29298) to work on /opt/airflow/dags/dag_transform_mart.py
[2026-07-22T17:05:51.021+0000] {processor.py:914} INFO - Processing file /opt/airflow/dags/dag_transform_mart.py for tasks to queue
[2026-07-22T17:05:51.024+0000] {logging_mixin.py:190} INFO - [2026-07-22T17:05:51.024+0000] {dagbag.py:588} INFO - Filling up the DagBag from /opt/airflow/dags/dag_transform_mart.py
[2026-07-22T17:05:51.034+0000] {processor.py:925} INFO - DAG(s) 'dag_transform_mart' retrieved from /opt/airflow/dags/dag_transform_mart.py
[2026-07-22T17:05:51.051+0000] {logging_mixin.py:190} INFO - [2026-07-22T17:05:51.051+0000] {dag.py:3239} INFO - Sync 1 DAGs
[2026-07-22T17:05:51.060+0000] {logging_mixin.py:190} INFO - [2026-07-22T17:05:51.060+0000] {dag.py:4180} INFO - Setting next_dagrun for dag_transform_mart to 2026-07-22 03:30:00+00:00, run_after=2026-07-23 03:30:00+00:00
[2026-07-22T17:05:51.067+0000] {processor.py:208} INFO - Processing /opt/airflow/dags/dag_transform_mart.py took 0.054 seconds
[2026-07-22T17:06:21.482+0000] {processor.py:186} INFO - Started process (PID=29318) to work on /opt/airflow/dags/dag_transform_mart.py
[2026-07-22T17:06:21.484+0000] {processor.py:914} INFO - Processing file /opt/airflow/dags/dag_transform_mart.py for tasks to queue
[2026-07-22T17:06:21.486+0000] {logging_mixin.py:190} INFO - [2026-07-22T17:06:21.486+0000] {dagbag.py:588} INFO - Filling up the DagBag from /opt/airflow/dags/dag_transform_mart.py
[2026-07-22T17:06:21.494+0000] {processor.py:925} INFO - DAG(s) 'dag_transform_mart' retrieved from /opt/airflow/dags/dag_transform_mart.py
[2026-07-22T17:06:21.512+0000] {logging_mixin.py:190} INFO - [2026-07-22T17:06:21.512+0000] {dag.py:3239} INFO - Sync 1 DAGs
[2026-07-22T17:06:21.522+0000] {logging_mixin.py:190} INFO - [2026-07-22T17:06:21.522+0000] {dag.py:4180} INFO - Setting next_dagrun for dag_transform_mart to 2026-07-22 03:30:00+00:00, run_after=2026-07-23 03:30:00+00:00
[2026-07-22T17:06:21.530+0000] {processor.py:208} INFO - Processing /opt/airflow/dags/dag_transform_mart.py took 0.054 seconds
[2026-07-22T17:06:51.915+0000] {processor.py:186} INFO - Started process (PID=29338) to work on /opt/airflow/dags/dag_transform_mart.py
[2026-07-22T17:06:51.915+0000] {processor.py:914} INFO - Processing file /opt/airflow/dags/dag_transform_mart.py for tasks to queue
[2026-07-22T17:06:51.916+0000] {logging_mixin.py:190} INFO - [2026-07-22T17:06:51.916+0000] {dagbag.py:588} INFO - Filling up the DagBag from /opt/airflow/dags/dag_transform_mart.py
[2026-07-22T17:06:51.922+0000] {processor.py:925} INFO - DAG(s) 'dag_transform_mart' retrieved from /opt/airflow/dags/dag_transform_mart.py
[2026-07-22T17:06:51.936+0000] {logging_mixin.py:190} INFO - [2026-07-22T17:06:51.936+0000] {dag.py:3239} INFO - Sync 1 DAGs
[2026-07-22T17:06:51.946+0000] {logging_mixin.py:190} INFO - [2026-07-22T17:06:51.946+0000] {dag.py:4180} INFO - Setting next_dagrun for dag_transform_mart to 2026-07-22 03:30:00+00:00, run_after=2026-07-23 03:30:00+00:00
[2026-07-22T17:06:51.954+0000] {processor.py:208} INFO - Processing /opt/airflow/dags/dag_transform_mart.py took 0.043 seconds
[2026-07-22T17:07:22.339+0000] {processor.py:186} INFO - Started process (PID=29358) to work on /opt/airflow/dags/dag_transform_mart.py
[2026-07-22T17:07:22.341+0000] {processor.py:914} INFO - Processing file /opt/airflow/dags/dag_transform_mart.py for tasks to queue
[2026-07-22T17:07:22.344+0000] {logging_mixin.py:190} INFO - [2026-07-22T17:07:22.344+0000] {dagbag.py:588} INFO - Filling up the DagBag from /opt/airflow/dags/dag_transform_mart.py
[2026-07-22T17:07:22.356+0000] {processor.py:925} INFO - DAG(s) 'dag_transform_mart' retrieved from /opt/airflow/dags/dag_transform_mart.py
[2026-07-22T17:07:22.376+0000] {logging_mixin.py:190} INFO - [2026-07-22T17:07:22.376+0000] {dag.py:3239} INFO - Sync 1 DAGs
[2026-07-22T17:07:22.387+0000] {logging_mixin.py:190} INFO - [2026-07-22T17:07:22.387+0000] {dag.py:4180} INFO - Setting next_dagrun for dag_transform_mart to 2026-07-22 03:30:00+00:00, run_after=2026-07-23 03:30:00+00:00
[2026-07-22T17:07:22.395+0000] {processor.py:208} INFO - Processing /opt/airflow/dags/dag_transform_mart.py took 0.064 seconds
[2026-07-22T17:07:52.719+0000] {processor.py:186} INFO - Started process (PID=29378) to work on /opt/airflow/dags/dag_transform_mart.py
[2026-07-22T17:07:52.721+0000] {processor.py:914} INFO - Processing file /opt/airflow/dags/dag_transform_mart.py for tasks to queue
[2026-07-22T17:07:52.726+0000] {logging_mixin.py:190} INFO - [2026-07-22T17:07:52.726+0000] {dagbag.py:588} INFO - Filling up the DagBag from /opt/airflow/dags/dag_transform_mart.py
[2026-07-22T17:07:52.738+0000] {processor.py:925} INFO - DAG(s) 'dag_transform_mart' retrieved from /opt/airflow/dags/dag_transform_mart.py
[2026-07-22T17:07:52.753+0000] {logging_mixin.py:190} INFO - [2026-07-22T17:07:52.753+0000] {dag.py:3239} INFO - Sync 1 DAGs
[2026-07-22T17:07:52.763+0000] {logging_mixin.py:190} INFO - [2026-07-22T17:07:52.763+0000] {dag.py:4180} INFO - Setting next_dagrun for dag_transform_mart to 2026-07-22 03:30:00+00:00, run_after=2026-07-23 03:30:00+00:00
[2026-07-22T17:07:52.771+0000] {processor.py:208} INFO - Processing /opt/airflow/dags/dag_transform_mart.py took 0.059 seconds
[2026-07-22T17:08:23.161+0000] {processor.py:186} INFO - Started process (PID=29398) to work on /opt/airflow/dags/dag_transform_mart.py
[2026-07-22T17:08:23.162+0000] {processor.py:914} INFO - Processing file /opt/airflow/dags/dag_transform_mart.py for tasks to queue
[2026-07-22T17:08:23.165+0000] {logging_mixin.py:190} INFO - [2026-07-22T17:08:23.164+0000] {dagbag.py:588} INFO - Filling up the DagBag from /opt/airflow/dags/dag_transform_mart.py
[2026-07-22T17:08:23.178+0000] {processor.py:925} INFO - DAG(s) 'dag_transform_mart' retrieved from /opt/airflow/dags/dag_transform_mart.py
[2026-07-22T17:08:23.194+0000] {logging_mixin.py:190} INFO - [2026-07-22T17:08:23.194+0000] {dag.py:3239} INFO - Sync 1 DAGs
[2026-07-22T17:08:23.203+0000] {logging_mixin.py:190} INFO - [2026-07-22T17:08:23.203+0000] {dag.py:4180} INFO - Setting next_dagrun for dag_transform_mart to 2026-07-22 03:30:00+00:00, run_after=2026-07-23 03:30:00+00:00
[2026-07-22T17:08:23.212+0000] {processor.py:208} INFO - Processing /opt/airflow/dags/dag_transform_mart.py took 0.058 seconds
[2026-07-22T17:08:53.626+0000] {processor.py:186} INFO - Started process (PID=29418) to work on /opt/airflow/dags/dag_transform_mart.py
[2026-07-22T17:08:53.627+0000] {processor.py:914} INFO - Processing file /opt/airflow/dags/dag_transform_mart.py for tasks to queue
[2026-07-22T17:08:53.631+0000] {logging_mixin.py:190} INFO - [2026-07-22T17:08:53.631+0000] {dagbag.py:588} INFO - Filling up the DagBag from /opt/airflow/dags/dag_transform_mart.py
[2026-07-22T17:08:53.644+0000] {processor.py:925} INFO - DAG(s) 'dag_transform_mart' retrieved from /opt/airflow/dags/dag_transform_mart.py
[2026-07-22T17:08:53.661+0000] {logging_mixin.py:190} INFO - [2026-07-22T17:08:53.660+0000] {dag.py:3239} INFO - Sync 1 DAGs
[2026-07-22T17:08:53.670+0000] {logging_mixin.py:190} INFO - [2026-07-22T17:08:53.670+0000] {dag.py:4180} INFO - Setting next_dagrun for dag_transform_mart to 2026-07-22 03:30:00+00:00, run_after=2026-07-23 03:30:00+00:00
[2026-07-22T17:08:53.677+0000] {processor.py:208} INFO - Processing /opt/airflow/dags/dag_transform_mart.py took 0.058 seconds
[2026-07-22T17:09:24.050+0000] {processor.py:186} INFO - Started process (PID=29438) to work on /opt/airflow/dags/dag_transform_mart.py
[2026-07-22T17:09:24.051+0000] {processor.py:914} INFO - Processing file /opt/airflow/dags/dag_transform_mart.py for tasks to queue
[2026-07-22T17:09:24.053+0000] {logging_mixin.py:190} INFO - [2026-07-22T17:09:24.053+0000] {dagbag.py:588} INFO - Filling up the DagBag from /opt/airflow/dags/dag_transform_mart.py
[2026-07-22T17:09:24.068+0000] {processor.py:925} INFO - DAG(s) 'dag_transform_mart' retrieved from /opt/airflow/dags/dag_transform_mart.py
[2026-07-22T17:09:24.087+0000] {logging_mixin.py:190} INFO - [2026-07-22T17:09:24.087+0000] {dag.py:3239} INFO - Sync 1 DAGs
[2026-07-22T17:09:24.102+0000] {logging_mixin.py:190} INFO - [2026-07-22T17:09:24.102+0000] {dag.py:4180} INFO - Setting next_dagrun for dag_transform_mart to 2026-07-22 03:30:00+00:00, run_after=2026-07-23 03:30:00+00:00
[2026-07-22T17:09:24.111+0000] {processor.py:208} INFO - Processing /opt/airflow/dags/dag_transform_mart.py took 0.068 seconds
[2026-07-22T17:09:54.508+0000] {processor.py:186} INFO - Started process (PID=29458) to work on /opt/airflow/dags/dag_transform_mart.py
[2026-07-22T17:09:54.510+0000] {processor.py:914} INFO - Processing file /opt/airflow/dags/dag_transform_mart.py for tasks to queue
[2026-07-22T17:09:54.514+0000] {logging_mixin.py:190} INFO - [2026-07-22T17:09:54.513+0000] {dagbag.py:588} INFO - Filling up the DagBag from /opt/airflow/dags/dag_transform_mart.py
[2026-07-22T17:09:54.525+0000] {processor.py:925} INFO - DAG(s) 'dag_transform_mart' retrieved from /opt/airflow/dags/dag_transform_mart.py
[2026-07-22T17:09:54.544+0000] {logging_mixin.py:190} INFO - [2026-07-22T17:09:54.543+0000] {dag.py:3239} INFO - Sync 1 DAGs
[2026-07-22T17:09:54.554+0000] {logging_mixin.py:190} INFO - [2026-07-22T17:09:54.554+0000] {dag.py:4180} INFO - Setting next_dagrun for dag_transform_mart to 2026-07-22 03:30:00+00:00, run_after=2026-07-23 03:30:00+00:00
[2026-07-22T17:09:54.562+0000] {processor.py:208} INFO - Processing /opt/airflow/dags/dag_transform_mart.py took 0.061 seconds
[2026-07-22T17:10:24.949+0000] {processor.py:186} INFO - Started process (PID=29478) to work on /opt/airflow/dags/dag_transform_mart.py
[2026-07-22T17:10:24.951+0000] {processor.py:914} INFO - Processing file /opt/airflow/dags/dag_transform_mart.py for tasks to queue
[2026-07-22T17:10:24.954+0000] {logging_mixin.py:190} INFO - [2026-07-22T17:10:24.954+0000] {dagbag.py:588} INFO - Filling up the DagBag from /opt/airflow/dags/dag_transform_mart.py
[2026-07-22T17:10:24.963+0000] {processor.py:925} INFO - DAG(s) 'dag_transform_mart' retrieved from /opt/airflow/dags/dag_transform_mart.py
[2026-07-22T17:10:24.982+0000] {logging_mixin.py:190} INFO - [2026-07-22T17:10:24.981+0000] {dag.py:3239} INFO - Sync 1 DAGs
[2026-07-22T17:10:24.992+0000] {logging_mixin.py:190} INFO - [2026-07-22T17:10:24.992+0000] {dag.py:4180} INFO - Setting next_dagrun for dag_transform_mart to 2026-07-22 03:30:00+00:00, run_after=2026-07-23 03:30:00+00:00
[2026-07-22T17:10:25.000+0000] {processor.py:208} INFO - Processing /opt/airflow/dags/dag_transform_mart.py took 0.058 seconds
[2026-07-22T17:10:55.479+0000] {processor.py:186} INFO - Started process (PID=29498) to work on /opt/airflow/dags/dag_transform_mart.py
[2026-07-22T17:10:55.480+0000] {processor.py:914} INFO - Processing file /opt/airflow/dags/dag_transform_mart.py for tasks to queue
[2026-07-22T17:10:55.484+0000] {logging_mixin.py:190} INFO - [2026-07-22T17:10:55.483+0000] {dagbag.py:588} INFO - Filling up the DagBag from /opt/airflow/dags/dag_transform_mart.py
[2026-07-22T17:10:55.500+0000] {processor.py:925} INFO - DAG(s) 'dag_transform_mart' retrieved from /opt/airflow/dags/dag_transform_mart.py
[2026-07-22T17:10:55.520+0000] {logging_mixin.py:190} INFO - [2026-07-22T17:10:55.520+0000] {dag.py:3239} INFO - Sync 1 DAGs
[2026-07-22T17:10:55.534+0000] {logging_mixin.py:190} INFO - [2026-07-22T17:10:55.533+0000] {dag.py:4180} INFO - Setting next_dagrun for dag_transform_mart to 2026-07-22 03:30:00+00:00, run_after=2026-07-23 03:30:00+00:00
[2026-07-22T17:10:55.544+0000] {processor.py:208} INFO - Processing /opt/airflow/dags/dag_transform_mart.py took 0.075 seconds
[2026-07-22T17:11:25.968+0000] {processor.py:186} INFO - Started process (PID=29518) to work on /opt/airflow/dags/dag_transform_mart.py
[2026-07-22T17:11:25.969+0000] {processor.py:914} INFO - Processing file /opt/airflow/dags/dag_transform_mart.py for tasks to queue
[2026-07-22T17:11:25.972+0000] {logging_mixin.py:190} INFO - [2026-07-22T17:11:25.971+0000] {dagbag.py:588} INFO - Filling up the DagBag from /opt/airflow/dags/dag_transform_mart.py
[2026-07-22T17:11:25.984+0000] {processor.py:925} INFO - DAG(s) 'dag_transform_mart' retrieved from /opt/airflow/dags/dag_transform_mart.py
[2026-07-22T17:11:26.004+0000] {logging_mixin.py:190} INFO - [2026-07-22T17:11:26.003+0000] {dag.py:3239} INFO - Sync 1 DAGs
[2026-07-22T17:11:26.017+0000] {logging_mixin.py:190} INFO - [2026-07-22T17:11:26.017+0000] {dag.py:4180} INFO - Setting next_dagrun for dag_transform_mart to 2026-07-22 03:30:00+00:00, run_after=2026-07-23 03:30:00+00:00
[2026-07-22T17:11:26.026+0000] {processor.py:208} INFO - Processing /opt/airflow/dags/dag_transform_mart.py took 0.065 seconds
[2026-07-22T17:30:00.660+0000] {processor.py:186} INFO - Started process (PID=29538) to work on /opt/airflow/dags/dag_transform_mart.py
[2026-07-22T17:30:00.661+0000] {processor.py:914} INFO - Processing file /opt/airflow/dags/dag_transform_mart.py for tasks to queue
[2026-07-22T17:30:00.662+0000] {logging_mixin.py:190} INFO - [2026-07-22T17:30:00.662+0000] {dagbag.py:588} INFO - Filling up the DagBag from /opt/airflow/dags/dag_transform_mart.py
[2026-07-22T17:30:00.668+0000] {processor.py:925} INFO - DAG(s) 'dag_transform_mart' retrieved from /opt/airflow/dags/dag_transform_mart.py
[2026-07-22T17:30:00.686+0000] {logging_mixin.py:190} INFO - [2026-07-22T17:30:00.686+0000] {dag.py:3239} INFO - Sync 1 DAGs
[2026-07-22T17:30:00.697+0000] {logging_mixin.py:190} INFO - [2026-07-22T17:30:00.697+0000] {dag.py:4180} INFO - Setting next_dagrun for dag_transform_mart to 2026-07-22 03:30:00+00:00, run_after=2026-07-23 03:30:00+00:00
[2026-07-22T17:30:00.705+0000] {processor.py:208} INFO - Processing /opt/airflow/dags/dag_transform_mart.py took 0.049 seconds
[2026-07-22T18:37:05.201+0000] {processor.py:186} INFO - Started process (PID=29561) to work on /opt/airflow/dags/dag_transform_mart.py
[2026-07-22T18:37:05.203+0000] {processor.py:914} INFO - Processing file /opt/airflow/dags/dag_transform_mart.py for tasks to queue
[2026-07-22T18:37:05.205+0000] {logging_mixin.py:190} INFO - [2026-07-22T18:37:05.205+0000] {dagbag.py:588} INFO - Filling up the DagBag from /opt/airflow/dags/dag_transform_mart.py
[2026-07-22T18:37:05.214+0000] {processor.py:925} INFO - DAG(s) 'dag_transform_mart' retrieved from /opt/airflow/dags/dag_transform_mart.py
[2026-07-22T18:37:05.231+0000] {logging_mixin.py:190} INFO - [2026-07-22T18:37:05.231+0000] {dag.py:3239} INFO - Sync 1 DAGs
[2026-07-22T18:37:05.244+0000] {logging_mixin.py:190} INFO - [2026-07-22T18:37:05.244+0000] {dag.py:4180} INFO - Setting next_dagrun for dag_transform_mart to 2026-07-22 03:30:00+00:00, run_after=2026-07-23 03:30:00+00:00
[2026-07-22T18:37:05.253+0000] {processor.py:208} INFO - Processing /opt/airflow/dags/dag_transform_mart.py took 0.061 seconds
[2026-07-22T19:12:29.049+0000] {processor.py:186} INFO - Started process (PID=29582) to work on /opt/airflow/dags/dag_transform_mart.py
[2026-07-22T19:12:29.051+0000] {processor.py:914} INFO - Processing file /opt/airflow/dags/dag_transform_mart.py for tasks to queue
[2026-07-22T19:12:29.053+0000] {logging_mixin.py:190} INFO - [2026-07-22T19:12:29.053+0000] {dagbag.py:588} INFO - Filling up the DagBag from /opt/airflow/dags/dag_transform_mart.py
[2026-07-22T19:12:29.063+0000] {processor.py:925} INFO - DAG(s) 'dag_transform_mart' retrieved from /opt/airflow/dags/dag_transform_mart.py
[2026-07-22T19:12:29.085+0000] {logging_mixin.py:190} INFO - [2026-07-22T19:12:29.085+0000] {dag.py:3239} INFO - Sync 1 DAGs
[2026-07-22T19:12:29.099+0000] {logging_mixin.py:190} INFO - [2026-07-22T19:12:29.099+0000] {dag.py:4180} INFO - Setting next_dagrun for dag_transform_mart to 2026-07-22 03:30:00+00:00, run_after=2026-07-23 03:30:00+00:00
[2026-07-22T19:12:29.114+0000] {processor.py:208} INFO - Processing /opt/airflow/dags/dag_transform_mart.py took 0.070 seconds
[2026-07-22T19:13:15.352+0000] {processor.py:186} INFO - Started process (PID=29604) to work on /opt/airflow/dags/dag_transform_mart.py
[2026-07-22T19:13:15.353+0000] {processor.py:914} INFO - Processing file /opt/airflow/dags/dag_transform_mart.py for tasks to queue
[2026-07-22T19:13:15.356+0000] {logging_mixin.py:190} INFO - [2026-07-22T19:13:15.355+0000] {dagbag.py:588} INFO - Filling up the DagBag from /opt/airflow/dags/dag_transform_mart.py
[2026-07-22T19:13:15.364+0000] {processor.py:925} INFO - DAG(s) 'dag_transform_mart' retrieved from /opt/airflow/dags/dag_transform_mart.py
[2026-07-22T19:13:15.383+0000] {logging_mixin.py:190} INFO - [2026-07-22T19:13:15.383+0000] {dag.py:3239} INFO - Sync 1 DAGs
[2026-07-22T19:13:15.393+0000] {logging_mixin.py:190} INFO - [2026-07-22T19:13:15.393+0000] {dag.py:4180} INFO - Setting next_dagrun for dag_transform_mart to 2026-07-22 03:30:00+00:00, run_after=2026-07-23 03:30:00+00:00
[2026-07-22T19:13:15.402+0000] {processor.py:208} INFO - Processing /opt/airflow/dags/dag_transform_mart.py took 0.057 seconds
[2026-07-22T19:46:16.977+0000] {processor.py:186} INFO - Started process (PID=29624) to work on /opt/airflow/dags/dag_transform_mart.py
[2026-07-22T19:46:16.978+0000] {processor.py:914} INFO - Processing file /opt/airflow/dags/dag_transform_mart.py for tasks to queue
[2026-07-22T19:46:16.980+0000] {logging_mixin.py:190} INFO - [2026-07-22T19:46:16.980+0000] {dagbag.py:588} INFO - Filling up the DagBag from /opt/airflow/dags/dag_transform_mart.py
[2026-07-22T19:46:16.992+0000] {processor.py:925} INFO - DAG(s) 'dag_transform_mart' retrieved from /opt/airflow/dags/dag_transform_mart.py
[2026-07-22T19:46:17.011+0000] {logging_mixin.py:190} INFO - [2026-07-22T19:46:17.011+0000] {dag.py:3239} INFO - Sync 1 DAGs
[2026-07-22T19:46:17.024+0000] {logging_mixin.py:190} INFO - [2026-07-22T19:46:17.024+0000] {dag.py:4180} INFO - Setting next_dagrun for dag_transform_mart to 2026-07-22 03:30:00+00:00, run_after=2026-07-23 03:30:00+00:00
[2026-07-22T19:46:17.032+0000] {processor.py:208} INFO - Processing /opt/airflow/dags/dag_transform_mart.py took 0.061 seconds
[2026-07-22T19:58:33.798+0000] {processor.py:186} INFO - Started process (PID=29647) to work on /opt/airflow/dags/dag_transform_mart.py
[2026-07-22T19:58:33.800+0000] {processor.py:914} INFO - Processing file /opt/airflow/dags/dag_transform_mart.py for tasks to queue
[2026-07-22T19:58:33.802+0000] {logging_mixin.py:190} INFO - [2026-07-22T19:58:33.801+0000] {dagbag.py:588} INFO - Filling up the DagBag from /opt/airflow/dags/dag_transform_mart.py
[2026-07-22T19:58:33.818+0000] {processor.py:925} INFO - DAG(s) 'dag_transform_mart' retrieved from /opt/airflow/dags/dag_transform_mart.py
[2026-07-22T19:58:33.836+0000] {logging_mixin.py:190} INFO - [2026-07-22T19:58:33.836+0000] {dag.py:3239} INFO - Sync 1 DAGs
[2026-07-22T19:58:33.846+0000] {logging_mixin.py:190} INFO - [2026-07-22T19:58:33.846+0000] {dag.py:4180} INFO - Setting next_dagrun for dag_transform_mart to 2026-07-22 03:30:00+00:00, run_after=2026-07-23 03:30:00+00:00
[2026-07-22T19:58:33.856+0000] {processor.py:208} INFO - Processing /opt/airflow/dags/dag_transform_mart.py took 0.063 seconds
[2026-07-22T20:28:53.226+0000] {processor.py:186} INFO - Started process (PID=29667) to work on /opt/airflow/dags/dag_transform_mart.py
[2026-07-22T20:28:53.227+0000] {processor.py:914} INFO - Processing file /opt/airflow/dags/dag_transform_mart.py for tasks to queue
[2026-07-22T20:28:53.229+0000] {logging_mixin.py:190} INFO - [2026-07-22T20:28:53.229+0000] {dagbag.py:588} INFO - Filling up the DagBag from /opt/airflow/dags/dag_transform_mart.py
[2026-07-22T20:28:53.242+0000] {processor.py:925} INFO - DAG(s) 'dag_transform_mart' retrieved from /opt/airflow/dags/dag_transform_mart.py
[2026-07-22T20:28:53.259+0000] {logging_mixin.py:190} INFO - [2026-07-22T20:28:53.259+0000] {dag.py:3239} INFO - Sync 1 DAGs
[2026-07-22T20:28:53.272+0000] {logging_mixin.py:190} INFO - [2026-07-22T20:28:53.272+0000] {dag.py:4180} INFO - Setting next_dagrun for dag_transform_mart to 2026-07-22 03:30:00+00:00, run_after=2026-07-23 03:30:00+00:00
[2026-07-22T20:28:53.281+0000] {processor.py:208} INFO - Processing /opt/airflow/dags/dag_transform_mart.py took 0.061 seconds
[2026-07-22T21:03:47.594+0000] {processor.py:186} INFO - Started process (PID=29693) to work on /opt/airflow/dags/dag_transform_mart.py
[2026-07-22T21:03:47.594+0000] {processor.py:914} INFO - Processing file /opt/airflow/dags/dag_transform_mart.py for tasks to queue
[2026-07-22T21:03:47.596+0000] {logging_mixin.py:190} INFO - [2026-07-22T21:03:47.596+0000] {dagbag.py:588} INFO - Filling up the DagBag from /opt/airflow/dags/dag_transform_mart.py
[2026-07-22T21:03:47.606+0000] {processor.py:925} INFO - DAG(s) 'dag_transform_mart' retrieved from /opt/airflow/dags/dag_transform_mart.py
[2026-07-22T21:03:47.628+0000] {logging_mixin.py:190} INFO - [2026-07-22T21:03:47.628+0000] {dag.py:3239} INFO - Sync 1 DAGs
[2026-07-22T21:03:47.638+0000] {logging_mixin.py:190} INFO - [2026-07-22T21:03:47.638+0000] {dag.py:4180} INFO - Setting next_dagrun for dag_transform_mart to 2026-07-22 03:30:00+00:00, run_after=2026-07-23 03:30:00+00:00
[2026-07-22T21:03:47.648+0000] {processor.py:208} INFO - Processing /opt/airflow/dags/dag_transform_mart.py took 0.060 seconds
[2026-07-22T21:04:39.021+0000] {processor.py:186} INFO - Started process (PID=29713) to work on /opt/airflow/dags/dag_transform_mart.py
[2026-07-22T21:04:39.021+0000] {processor.py:914} INFO - Processing file /opt/airflow/dags/dag_transform_mart.py for tasks to queue
[2026-07-22T21:04:39.024+0000] {logging_mixin.py:190} INFO - [2026-07-22T21:04:39.024+0000] {dagbag.py:588} INFO - Filling up the DagBag from /opt/airflow/dags/dag_transform_mart.py
[2026-07-22T21:04:39.033+0000] {processor.py:925} INFO - DAG(s) 'dag_transform_mart' retrieved from /opt/airflow/dags/dag_transform_mart.py
[2026-07-22T21:04:39.049+0000] {logging_mixin.py:190} INFO - [2026-07-22T21:04:39.049+0000] {dag.py:3239} INFO - Sync 1 DAGs
[2026-07-22T21:04:39.059+0000] {logging_mixin.py:190} INFO - [2026-07-22T21:04:39.059+0000] {dag.py:4180} INFO - Setting next_dagrun for dag_transform_mart to 2026-07-22 03:30:00+00:00, run_after=2026-07-23 03:30:00+00:00
[2026-07-22T21:04:39.069+0000] {processor.py:208} INFO - Processing /opt/airflow/dags/dag_transform_mart.py took 0.055 seconds
[2026-07-22T21:14:12.426+0000] {processor.py:186} INFO - Started process (PID=29736) to work on /opt/airflow/dags/dag_transform_mart.py
[2026-07-22T21:14:12.427+0000] {processor.py:914} INFO - Processing file /opt/airflow/dags/dag_transform_mart.py for tasks to queue
[2026-07-22T21:14:12.428+0000] {logging_mixin.py:190} INFO - [2026-07-22T21:14:12.428+0000] {dagbag.py:588} INFO - Filling up the DagBag from /opt/airflow/dags/dag_transform_mart.py
[2026-07-22T21:14:12.433+0000] {processor.py:925} INFO - DAG(s) 'dag_transform_mart' retrieved from /opt/airflow/dags/dag_transform_mart.py
[2026-07-22T21:14:12.447+0000] {logging_mixin.py:190} INFO - [2026-07-22T21:14:12.447+0000] {dag.py:3239} INFO - Sync 1 DAGs
[2026-07-22T21:14:12.457+0000] {logging_mixin.py:190} INFO - [2026-07-22T21:14:12.457+0000] {dag.py:4180} INFO - Setting next_dagrun for dag_transform_mart to 2026-07-22 03:30:00+00:00, run_after=2026-07-23 03:30:00+00:00
[2026-07-22T21:14:12.465+0000] {processor.py:208} INFO - Processing /opt/airflow/dags/dag_transform_mart.py took 0.042 seconds
[2026-07-22T21:32:50.946+0000] {processor.py:186} INFO - Started process (PID=29756) to work on /opt/airflow/dags/dag_transform_mart.py
[2026-07-22T21:32:50.946+0000] {processor.py:914} INFO - Processing file /opt/airflow/dags/dag_transform_mart.py for tasks to queue
[2026-07-22T21:32:50.949+0000] {logging_mixin.py:190} INFO - [2026-07-22T21:32:50.949+0000] {dagbag.py:588} INFO - Filling up the DagBag from /opt/airflow/dags/dag_transform_mart.py
[2026-07-22T21:32:50.960+0000] {processor.py:925} INFO - DAG(s) 'dag_transform_mart' retrieved from /opt/airflow/dags/dag_transform_mart.py
[2026-07-22T21:32:50.978+0000] {logging_mixin.py:190} INFO - [2026-07-22T21:32:50.978+0000] {dag.py:3239} INFO - Sync 1 DAGs
[2026-07-22T21:32:50.988+0000] {logging_mixin.py:190} INFO - [2026-07-22T21:32:50.988+0000] {dag.py:4180} INFO - Setting next_dagrun for dag_transform_mart to 2026-07-22 03:30:00+00:00, run_after=2026-07-23 03:30:00+00:00
[2026-07-22T21:32:50.995+0000] {processor.py:208} INFO - Processing /opt/airflow/dags/dag_transform_mart.py took 0.056 seconds
[2026-07-22T21:50:11.429+0000] {processor.py:186} INFO - Started process (PID=29776) to work on /opt/airflow/dags/dag_transform_mart.py
[2026-07-22T21:50:11.430+0000] {processor.py:914} INFO - Processing file /opt/airflow/dags/dag_transform_mart.py for tasks to queue
[2026-07-22T21:50:11.431+0000] {logging_mixin.py:190} INFO - [2026-07-22T21:50:11.431+0000] {dagbag.py:588} INFO - Filling up the DagBag from /opt/airflow/dags/dag_transform_mart.py
[2026-07-22T21:50:11.441+0000] {processor.py:925} INFO - DAG(s) 'dag_transform_mart' retrieved from /opt/airflow/dags/dag_transform_mart.py
[2026-07-22T21:50:11.459+0000] {logging_mixin.py:190} INFO - [2026-07-22T21:50:11.459+0000] {dag.py:3239} INFO - Sync 1 DAGs
[2026-07-22T21:50:11.470+0000] {logging_mixin.py:190} INFO - [2026-07-22T21:50:11.470+0000] {dag.py:4180} INFO - Setting next_dagrun for dag_transform_mart to 2026-07-22 03:30:00+00:00, run_after=2026-07-23 03:30:00+00:00
[2026-07-22T21:50:11.478+0000] {processor.py:208} INFO - Processing /opt/airflow/dags/dag_transform_mart.py took 0.054 seconds
[2026-07-22T22:06:57.869+0000] {processor.py:186} INFO - Started process (PID=29796) to work on /opt/airflow/dags/dag_transform_mart.py
[2026-07-22T22:06:57.870+0000] {processor.py:914} INFO - Processing file /opt/airflow/dags/dag_transform_mart.py for tasks to queue
[2026-07-22T22:06:57.873+0000] {logging_mixin.py:190} INFO - [2026-07-22T22:06:57.873+0000] {dagbag.py:588} INFO - Filling up the DagBag from /opt/airflow/dags/dag_transform_mart.py
[2026-07-22T22:06:57.882+0000] {processor.py:925} INFO - DAG(s) 'dag_transform_mart' retrieved from /opt/airflow/dags/dag_transform_mart.py
[2026-07-22T22:06:57.903+0000] {logging_mixin.py:190} INFO - [2026-07-22T22:06:57.903+0000] {dag.py:3239} INFO - Sync 1 DAGs
[2026-07-22T22:06:57.914+0000] {logging_mixin.py:190} INFO - [2026-07-22T22:06:57.914+0000] {dag.py:4180} INFO - Setting next_dagrun for dag_transform_mart to 2026-07-22 03:30:00+00:00, run_after=2026-07-23 03:30:00+00:00
[2026-07-22T22:06:57.924+0000] {processor.py:208} INFO - Processing /opt/airflow/dags/dag_transform_mart.py took 0.063 seconds
[2026-07-22T22:07:48.415+0000] {processor.py:186} INFO - Started process (PID=29819) to work on /opt/airflow/dags/dag_transform_mart.py
[2026-07-22T22:07:48.416+0000] {processor.py:914} INFO - Processing file /opt/airflow/dags/dag_transform_mart.py for tasks to queue
[2026-07-22T22:07:48.419+0000] {logging_mixin.py:190} INFO - [2026-07-22T22:07:48.419+0000] {dagbag.py:588} INFO - Filling up the DagBag from /opt/airflow/dags/dag_transform_mart.py
[2026-07-22T22:07:48.433+0000] {processor.py:925} INFO - DAG(s) 'dag_transform_mart' retrieved from /opt/airflow/dags/dag_transform_mart.py
[2026-07-22T22:07:48.451+0000] {logging_mixin.py:190} INFO - [2026-07-22T22:07:48.451+0000] {dag.py:3239} INFO - Sync 1 DAGs
[2026-07-22T22:07:48.463+0000] {logging_mixin.py:190} INFO - [2026-07-22T22:07:48.463+0000] {dag.py:4180} INFO - Setting next_dagrun for dag_transform_mart to 2026-07-22 03:30:00+00:00, run_after=2026-07-23 03:30:00+00:00
[2026-07-22T22:07:48.470+0000] {processor.py:208} INFO - Processing /opt/airflow/dags/dag_transform_mart.py took 0.064 seconds
[2026-07-22T22:36:35.531+0000] {processor.py:186} INFO - Started process (PID=29839) to work on /opt/airflow/dags/dag_transform_mart.py
[2026-07-22T22:36:35.532+0000] {processor.py:914} INFO - Processing file /opt/airflow/dags/dag_transform_mart.py for tasks to queue
[2026-07-22T22:36:35.534+0000] {logging_mixin.py:190} INFO - [2026-07-22T22:36:35.534+0000] {dagbag.py:588} INFO - Filling up the DagBag from /opt/airflow/dags/dag_transform_mart.py
[2026-07-22T22:36:35.541+0000] {processor.py:925} INFO - DAG(s) 'dag_transform_mart' retrieved from /opt/airflow/dags/dag_transform_mart.py
[2026-07-22T22:36:35.555+0000] {logging_mixin.py:190} INFO - [2026-07-22T22:36:35.555+0000] {dag.py:3239} INFO - Sync 1 DAGs
[2026-07-22T22:36:35.565+0000] {logging_mixin.py:190} INFO - [2026-07-22T22:36:35.565+0000] {dag.py:4180} INFO - Setting next_dagrun for dag_transform_mart to 2026-07-22 03:30:00+00:00, run_after=2026-07-23 03:30:00+00:00
[2026-07-22T22:36:35.573+0000] {processor.py:208} INFO - Processing /opt/airflow/dags/dag_transform_mart.py took 0.049 seconds
[2026-07-22T23:07:32.361+0000] {processor.py:186} INFO - Started process (PID=29862) to work on /opt/airflow/dags/dag_transform_mart.py
[2026-07-22T23:07:32.362+0000] {processor.py:914} INFO - Processing file /opt/airflow/dags/dag_transform_mart.py for tasks to queue
[2026-07-22T23:07:32.363+0000] {logging_mixin.py:190} INFO - [2026-07-22T23:07:32.363+0000] {dagbag.py:588} INFO - Filling up the DagBag from /opt/airflow/dags/dag_transform_mart.py
[2026-07-22T23:07:32.372+0000] {processor.py:925} INFO - DAG(s) 'dag_transform_mart' retrieved from /opt/airflow/dags/dag_transform_mart.py
[2026-07-22T23:07:32.388+0000] {logging_mixin.py:190} INFO - [2026-07-22T23:07:32.388+0000] {dag.py:3239} INFO - Sync 1 DAGs
[2026-07-22T23:07:32.400+0000] {logging_mixin.py:190} INFO - [2026-07-22T23:07:32.400+0000] {dag.py:4180} INFO - Setting next_dagrun for dag_transform_mart to 2026-07-22 03:30:00+00:00, run_after=2026-07-23 03:30:00+00:00
[2026-07-22T23:07:32.408+0000] {processor.py:208} INFO - Processing /opt/airflow/dags/dag_transform_mart.py took 0.052 seconds
[2026-07-22T23:24:44.001+0000] {processor.py:186} INFO - Started process (PID=29885) to work on /opt/airflow/dags/dag_transform_mart.py
[2026-07-22T23:24:44.001+0000] {processor.py:914} INFO - Processing file /opt/airflow/dags/dag_transform_mart.py for tasks to queue
[2026-07-22T23:24:44.003+0000] {logging_mixin.py:190} INFO - [2026-07-22T23:24:44.003+0000] {dagbag.py:588} INFO - Filling up the DagBag from /opt/airflow/dags/dag_transform_mart.py
[2026-07-22T23:24:44.010+0000] {processor.py:925} INFO - DAG(s) 'dag_transform_mart' retrieved from /opt/airflow/dags/dag_transform_mart.py
[2026-07-22T23:24:44.029+0000] {logging_mixin.py:190} INFO - [2026-07-22T23:24:44.029+0000] {dag.py:3239} INFO - Sync 1 DAGs
[2026-07-22T23:24:44.039+0000] {logging_mixin.py:190} INFO - [2026-07-22T23:24:44.039+0000] {dag.py:4180} INFO - Setting next_dagrun for dag_transform_mart to 2026-07-22 03:30:00+00:00, run_after=2026-07-23 03:30:00+00:00
[2026-07-22T23:24:44.048+0000] {processor.py:208} INFO - Processing /opt/airflow/dags/dag_transform_mart.py took 0.051 seconds
[2026-07-22T23:41:54.530+0000] {processor.py:186} INFO - Started process (PID=29905) to work on /opt/airflow/dags/dag_transform_mart.py
[2026-07-22T23:41:54.531+0000] {processor.py:914} INFO - Processing file /opt/airflow/dags/dag_transform_mart.py for tasks to queue
[2026-07-22T23:41:54.533+0000] {logging_mixin.py:190} INFO - [2026-07-22T23:41:54.533+0000] {dagbag.py:588} INFO - Filling up the DagBag from /opt/airflow/dags/dag_transform_mart.py
[2026-07-22T23:41:54.546+0000] {processor.py:925} INFO - DAG(s) 'dag_transform_mart' retrieved from /opt/airflow/dags/dag_transform_mart.py
[2026-07-22T23:41:54.562+0000] {logging_mixin.py:190} INFO - [2026-07-22T23:41:54.562+0000] {dag.py:3239} INFO - Sync 1 DAGs
[2026-07-22T23:41:54.572+0000] {logging_mixin.py:190} INFO - [2026-07-22T23:41:54.572+0000] {dag.py:4180} INFO - Setting next_dagrun for dag_transform_mart to 2026-07-22 03:30:00+00:00, run_after=2026-07-23 03:30:00+00:00
[2026-07-22T23:41:54.581+0000] {processor.py:208} INFO - Processing /opt/airflow/dags/dag_transform_mart.py took 0.057 seconds
[2026-07-22T23:58:43.252+0000] {processor.py:186} INFO - Started process (PID=29925) to work on /opt/airflow/dags/dag_transform_mart.py
[2026-07-22T23:58:43.253+0000] {processor.py:914} INFO - Processing file /opt/airflow/dags/dag_transform_mart.py for tasks to queue
[2026-07-22T23:58:43.256+0000] {logging_mixin.py:190} INFO - [2026-07-22T23:58:43.256+0000] {dagbag.py:588} INFO - Filling up the DagBag from /opt/airflow/dags/dag_transform_mart.py
[2026-07-22T23:58:43.263+0000] {processor.py:925} INFO - DAG(s) 'dag_transform_mart' retrieved from /opt/airflow/dags/dag_transform_mart.py
[2026-07-22T23:58:43.279+0000] {logging_mixin.py:190} INFO - [2026-07-22T23:58:43.279+0000] {dag.py:3239} INFO - Sync 1 DAGs
[2026-07-22T23:58:43.289+0000] {logging_mixin.py:190} INFO - [2026-07-22T23:58:43.289+0000] {dag.py:4180} INFO - Setting next_dagrun for dag_transform_mart to 2026-07-22 03:30:00+00:00, run_after=2026-07-23 03:30:00+00:00
[2026-07-22T23:58:43.296+0000] {processor.py:208} INFO - Processing /opt/airflow/dags/dag_transform_mart.py took 0.050 seconds
